2025-10-31T17:24:20Z Warning: reindex=1 is set in the configuration file, which will significantly slow down startup. Consider removing or commenting out this option for better performance, unless there is currently a condition which makes rebuilding the indexes necessary
2025-10-31T17:24:20Z Bitcoin Core version v27.0.0 (release build)
2025-10-31T17:24:20Z Script verification uses 7 additional threads
2025-10-31T17:24:20Z Using the 'arm_shani(1way,2way)' SHA256 implementation
2025-10-31T17:24:20Z Default data directory /home/bitcoin/.bitcoin
2025-10-31T17:24:20Z Using data directory /home/bitcoin/.bitcoin/regtest
2025-10-31T17:24:20Z Config file: /home/bitcoin/.bitcoin/bitcoin.conf
2025-10-31T17:24:20Z Config file arg: [regtest] fallbackfee="0.0002"
2025-10-31T17:24:20Z Config file arg: [regtest] maxmempool="500"
2025-10-31T17:24:20Z Config file arg: [regtest] reindex="1"
2025-10-31T17:24:20Z Config file arg: [regtest] rpcallowip="0.0.0.0/0"
2025-10-31T17:24:20Z Config file arg: [regtest] rpcbind="0.0.0.0"
2025-10-31T17:24:20Z Config file arg: [regtest] rpcpassword=****
2025-10-31T17:24:20Z Config file arg: [regtest] rpcuser=****
2025-10-31T17:24:20Z Config file arg: [regtest] server="1"
2025-10-31T17:24:20Z Command-line arg: connect="node45:18444"
2025-10-31T17:24:20Z Command-line arg: connect="node47:18444"
2025-10-31T17:24:20Z Command-line arg: datadir="/home/bitcoin/.bitcoin"
2025-10-31T17:24:20Z Command-line arg: discover="1"
2025-10-31T17:24:20Z Command-line arg: dnsseed="0"
2025-10-31T17:24:20Z Command-line arg: listen="1"
2025-10-31T17:24:20Z Command-line arg: maxconnections="64"
2025-10-31T17:24:20Z Command-line arg: printtoconsole="1"
2025-10-31T17:24:20Z Command-line arg: regtest="1"
2025-10-31T17:24:20Z Command-line arg: rpcallowip="0.0.0.0/0"
2025-10-31T17:24:20Z Command-line arg: rpcbind="0.0.0.0"
2025-10-31T17:24:20Z Command-line arg: rpcpassword=****
2025-10-31T17:24:20Z Command-line arg: rpcuser=****
2025-10-31T17:24:20Z Command-line arg: server="1"
2025-10-31T17:24:20Z Command-line arg: txindex="1"
2025-10-31T17:24:20Z Command-line arg: zmqpubhashblock="tcp://0.0.0.0:28332"
2025-10-31T17:24:20Z Command-line arg: zmqpubhashtx="tcp://0.0.0.0:28333"
2025-10-31T17:24:20Z Using at most 64 automatic connections (1048576 file descriptors available)
2025-10-31T17:24:20Z Using 16 MiB out of 16 MiB requested for signature cache, able to store 524288 elements
2025-10-31T17:24:20Z Using 16 MiB out of 16 MiB requested for script execution cache, able to store 524288 elements
2025-10-31T17:24:20Z scheduler thread start
2025-10-31T17:24:20Z Binding RPC on address 0.0.0.0 port 18443
2025-10-31T17:24:20Z WARNING: the RPC server is not safe to expose to untrusted networks such as the public internet
2025-10-31T17:24:20Z Binding RPC on address 0.0.0.0 port 18443
2025-10-31T17:24:20Z Binding RPC on address 0.0.0.0 port 18443 failed.
2025-10-31T17:24:20Z Config options rpcuser and rpcpassword will soon be deprecated. Locally-run instances may remove rpcuser to use cookie-based auth, or may be replaced with rpcauth. Please see share/rpcauth for rpcauth auth generation.
2025-10-31T17:24:20Z Starting HTTP server with 4 worker threads
2025-10-31T17:24:20Z Using wallet directory /home/bitcoin/.bitcoin/regtest/wallets
2025-10-31T17:24:20Z init message: Verifying wallet(s)…
2025-10-31T17:24:20Z Using /16 prefix for IP bucketing
2025-10-31T17:24:20Z init message: Loading P2P addresses…
2025-10-31T17:24:20Z Creating peers.dat because the file was not found ("/home/bitcoin/.bitcoin/regtest/peers.dat")
2025-10-31T17:24:20Z init message: Loading banlist…
2025-10-31T17:24:20Z Recreating the banlist database
2025-10-31T17:24:20Z SetNetworkActive: true
2025-10-31T17:24:20Z /home/bitcoin/.bitcoin/regtest/fee_estimates.dat is not found. Continue anyway.
2025-10-31T17:24:20Z Script verification uses 7 additional threads
2025-10-31T17:24:20Z Cache configuration:
2025-10-31T17:24:20Z * Using 2.0 MiB for block index database
2025-10-31T17:24:20Z * Using 56.0 MiB for transaction index database
2025-10-31T17:24:20Z * Using 8.0 MiB for chain state database
2025-10-31T17:24:20Z * Using 384.0 MiB for in-memory UTXO set (plus up to 476.8 MiB of unused mempool space)
2025-10-31T17:24:20Z init message: Loading block index…
2025-10-31T17:24:20Z Validating signatures for all blocks.
2025-10-31T17:24:20Z Setting nMinimumChainWork=0000000000000000000000000000000000000000000000000000000000000000
2025-10-31T17:24:20Z Wiping LevelDB in /home/bitcoin/.bitcoin/regtest/blocks/index
2025-10-31T17:24:20Z Opening LevelDB in /home/bitcoin/.bitcoin/regtest/blocks/index
2025-10-31T17:24:20Z Opened LevelDB successfully
2025-10-31T17:24:20Z Using obfuscation key for /home/bitcoin/.bitcoin/regtest/blocks/index: 0000000000000000
2025-10-31T17:24:20Z Initializing databases...
2025-10-31T17:24:20Z Initializing chainstate Chainstate [ibd] @ height -1 (null)
2025-10-31T17:24:20Z Wiping LevelDB in /home/bitcoin/.bitcoin/regtest/chainstate
2025-10-31T17:24:20Z Opening LevelDB in /home/bitcoin/.bitcoin/regtest/chainstate
2025-10-31T17:24:20Z Opened LevelDB successfully
2025-10-31T17:24:20Z Wrote new obfuscate key for /home/bitcoin/.bitcoin/regtest/chainstate: 62540738ba4283da
2025-10-31T17:24:20Z Using obfuscation key for /home/bitcoin/.bitcoin/regtest/chainstate: 62540738ba4283da
2025-10-31T17:24:20Z Opening LevelDB in /home/bitcoin/.bitcoin/regtest/chainstate
2025-10-31T17:24:20Z Opened LevelDB successfully
2025-10-31T17:24:20Z Using obfuscation key for /home/bitcoin/.bitcoin/regtest/chainstate: 62540738ba4283da
2025-10-31T17:24:20Z [Chainstate [ibd] @ height -1 (null)] resized coinsdb cache to 8.0 MiB
2025-10-31T17:24:20Z [Chainstate [ibd] @ height -1 (null)] resized coinstip cache to 384.0 MiB
2025-10-31T17:24:20Z init message: Verifying blocks…
2025-10-31T17:24:20Z  block index              16ms
2025-10-31T17:24:20Z Wiping LevelDB in /home/bitcoin/.bitcoin/regtest/indexes/txindex
2025-10-31T17:24:20Z Opening LevelDB in /home/bitcoin/.bitcoin/regtest/indexes/txindex
2025-10-31T17:24:20Z Opened LevelDB successfully
2025-10-31T17:24:20Z Using obfuscation key for /home/bitcoin/.bitcoin/regtest/indexes/txindex: 0000000000000000
2025-10-31T17:24:20Z Setting NODE_NETWORK on non-prune mode
2025-10-31T17:24:20Z initload thread start
2025-10-31T17:24:20Z Reindexing finished
2025-10-31T17:24:20Z UpdateTip: new best=0f9188f13cb7b2c71f2a335e3a4fc328bf5beb436012afca590b1a11466e2206 height=0 version=0x00000001 log2_work=1.000000 tx=1 date='2011-02-02T23:16:42Z' progress=1.000000 cache=0.3MiB(0txo)
2025-10-31T17:24:20Z Failed to open mempool file from disk. Continuing anyway.
2025-10-31T17:24:20Z initload thread exit
2025-10-31T17:24:20Z txindex thread start
2025-10-31T17:24:20Z txindex is enabled
2025-10-31T17:24:20Z txindex thread exit
2025-10-31T17:24:20Z block tree size = 1
2025-10-31T17:24:20Z nBestHeight = 0
2025-10-31T17:24:20Z Bound to 127.0.0.1:18445
2025-10-31T17:24:20Z Bound to [::]:18444
2025-10-31T17:24:20Z torcontrol thread start
2025-10-31T17:24:20Z Bound to 0.0.0.0:18444
2025-10-31T17:24:20Z init message: Starting network threads…
2025-10-31T17:24:20Z DNS seeding disabled
2025-10-31T17:24:20Z init message: Done loading
2025-10-31T17:24:20Z opencon thread start
2025-10-31T17:24:20Z msghand thread start
2025-10-31T17:24:20Z net thread start
2025-10-31T17:24:20Z addcon thread start
2025-10-31T17:24:20Z connect() to 172.19.0.56:18444 failed after wait: Connection refused (111)
2025-10-31T17:24:20Z connect() to 172.19.0.35:18444 failed after wait: Connection refused (111)
2025-10-31T17:24:21Z connect() to 172.19.0.56:18444 failed after wait: Connection refused (111)
2025-10-31T17:24:21Z New manual v2 peer connected: version: 70016, blocks=0, peer=1
2025-10-31T17:24:22Z connect() to 172.19.0.56:18444 failed after wait: Connection refused (111)
2025-10-31T17:24:25Z New manual v2 peer connected: version: 70016, blocks=0, peer=3
2025-10-31T17:24:31Z Synchronizing blockheaders, height: 2 (~100.00%)
2025-10-31T17:24:31Z Synchronizing blockheaders, height: 4 (~100.00%)
2025-10-31T17:24:31Z Leaving InitialBlockDownload (latching to false)
2025-10-31T17:24:31Z UpdateTip: new best=5d189646147a918f11da9014599f7c29112287586d31d4897f76d2e287538065 height=1 version=0x20000000 log2_work=2.000000 tx=2 date='2025-10-31T17:24:31Z' progress=1.000000 cache=0.3MiB(1txo)
2025-10-31T17:24:31Z UpdateTip: new best=54acb5dae7b68dfeb3e99b14f0ceae9f7d4cca8eb23fae470510e3363a2121ad height=2 version=0x20000000 log2_work=2.584963 tx=3 date='2025-10-31T17:24:32Z' progress=1.000000 cache=0.3MiB(2txo)
2025-10-31T17:24:31Z UpdateTip: new best=399f83902f760637c4fce6187e091064cfed52b20f038ef82d5d2a32ad74035f height=3 version=0x20000000 log2_work=3.000000 tx=4 date='2025-10-31T17:24:32Z' progress=1.000000 cache=0.3MiB(3txo)
2025-10-31T17:24:31Z UpdateTip: new best=1b10819848d9f8c7dafe8008c4519254998621b44babbef0b4d4abb1aa2db951 height=4 version=0x20000000 log2_work=3.321928 tx=5 date='2025-10-31T17:24:33Z' progress=1.000000 cache=0.3MiB(4txo)
2025-10-31T17:24:31Z Saw new header hash=5a3faf9756d9a6dc4a8863cb95727e8268702175fdda82dd13f9f0e818f9a08f height=5
2025-10-31T17:24:31Z Saw new header hash=326fba5838619d9f05d01ce92e0ce5a679e0f959ef3666ca1b4e29c286fb8a7b height=6
2025-10-31T17:24:31Z Saw new header hash=395201383a2f0beb59c7a9504df318983711b4f193e5c67654cbd0f1c0e2d221 height=7
2025-10-31T17:24:31Z UpdateTip: new best=5a3faf9756d9a6dc4a8863cb95727e8268702175fdda82dd13f9f0e818f9a08f height=5 version=0x20000000 log2_work=3.584963 tx=6 date='2025-10-31T17:24:33Z' progress=1.000000 cache=0.3MiB(5txo)
2025-10-31T17:24:31Z UpdateTip: new best=326fba5838619d9f05d01ce92e0ce5a679e0f959ef3666ca1b4e29c286fb8a7b height=6 version=0x20000000 log2_work=3.807355 tx=7 date='2025-10-31T17:24:33Z' progress=1.000000 cache=0.3MiB(6txo)
2025-10-31T17:24:31Z UpdateTip: new best=395201383a2f0beb59c7a9504df318983711b4f193e5c67654cbd0f1c0e2d221 height=7 version=0x20000000 log2_work=4.000000 tx=8 date='2025-10-31T17:24:33Z' progress=1.000000 cache=0.3MiB(7txo)
2025-10-31T17:24:31Z Saw new header hash=4860026811f94fb9d7c37520afc5ba5438c9c1212322b39c69bb12c52584061b height=8
2025-10-31T17:24:31Z Saw new cmpctblock header hash=4860026811f94fb9d7c37520afc5ba5438c9c1212322b39c69bb12c52584061b peer=3
2025-10-31T17:24:31Z UpdateTip: new best=4860026811f94fb9d7c37520afc5ba5438c9c1212322b39c69bb12c52584061b height=8 version=0x20000000 log2_work=4.169925 tx=9 date='2025-10-31T17:24:34Z' progress=1.000000 cache=0.3MiB(8txo)
2025-10-31T17:24:31Z Saw new header hash=4f505ca30d6ba4fba024bbb97969d3ad003dbf862901f929bcc88be28dba39d0 height=9
2025-10-31T17:24:31Z Saw new cmpctblock header hash=4f505ca30d6ba4fba024bbb97969d3ad003dbf862901f929bcc88be28dba39d0 peer=3
2025-10-31T17:24:31Z UpdateTip: new best=4f505ca30d6ba4fba024bbb97969d3ad003dbf862901f929bcc88be28dba39d0 height=9 version=0x20000000 log2_work=4.321928 tx=10 date='2025-10-31T17:24:34Z' progress=1.000000 cache=0.3MiB(9txo)
2025-10-31T17:24:31Z Saw new header hash=489eb88e882a81603debc66a30330ea063eb978c0deca08408d56f0920471e2f height=10
2025-10-31T17:24:31Z Saw new cmpctblock header hash=489eb88e882a81603debc66a30330ea063eb978c0deca08408d56f0920471e2f peer=2
2025-10-31T17:24:31Z UpdateTip: new best=489eb88e882a81603debc66a30330ea063eb978c0deca08408d56f0920471e2f height=10 version=0x20000000 log2_work=4.459432 tx=11 date='2025-10-31T17:24:34Z' progress=1.000000 cache=0.3MiB(10txo)
2025-10-31T17:24:31Z Saw new header hash=668c0fda8b7b60199c72a3daa81ee24daef7f4a484f3350a09d85c00a68641bd height=11
2025-10-31T17:24:31Z Saw new cmpctblock header hash=668c0fda8b7b60199c72a3daa81ee24daef7f4a484f3350a09d85c00a68641bd peer=3
2025-10-31T17:24:31Z UpdateTip: new best=668c0fda8b7b60199c72a3daa81ee24daef7f4a484f3350a09d85c00a68641bd height=11 version=0x20000000 log2_work=4.584963 tx=12 date='2025-10-31T17:24:34Z' progress=1.000000 cache=0.3MiB(11txo)
2025-10-31T17:24:31Z Saw new header hash=666887bd1fe2655c9f306dcda0f4a92de9af3468c4b06b7d07b5a95e550c94d2 height=12
2025-10-31T17:24:31Z Saw new header hash=68b545ac031712deccfb71fe26f8f42caee1b6278f63a0ba78af0067f411da0c height=13
2025-10-31T17:24:31Z Saw new header hash=6c519567acd0241b2946a66764412f2ddf599a4f8d452fbbb9649a95f073ab8a height=14
2025-10-31T17:24:31Z Saw new header hash=3817d41379816bd4a0fd1704e7650d92223c5a2b501cf245bc503a6b6899b53b height=15
2025-10-31T17:24:31Z Saw new header hash=2550a8e0c658ec61689df3fd6643bcd3a8ccb054d6b82de443a163d63480ea6b height=16
2025-10-31T17:24:31Z Saw new header hash=51f44f93e742c33344741c32fb96131825c357fc47314e62bf7a488c41a8bf12 height=17
2025-10-31T17:24:31Z Saw new header hash=6119dd74444bb95f4c4280fe697db939585dd5f74e8a74cb4367798f29e9473d height=18
2025-10-31T17:24:31Z Saw new header hash=39d1c36398de88b06f4909afc3173f2166d45d7eecec6b85985e86614b8e4d0d height=19
2025-10-31T17:24:31Z Saw new header hash=1a5cc8161d2609258191f663bbfad1faf8fb9b05ca376feea069a939ca12a71f height=20
2025-10-31T17:24:31Z Saw new header hash=0255b1d091cd32944ce04f7dd43d4ac6ffced3c3beff2e44516141d0a0664a66 height=21
2025-10-31T17:24:31Z Saw new header hash=7e0af66de919d150b81265cc54962eb9c7f3377ed7a93eb366c6f222484273f8 height=22
2025-10-31T17:24:31Z Saw new cmpctblock header hash=7e0af66de919d150b81265cc54962eb9c7f3377ed7a93eb366c6f222484273f8 peer=3
2025-10-31T17:24:31Z Saw new header hash=6d4533b9dc80ed9cbc6f8aa53cc0a4ecfbce67a3c61af91255b71f0d34de0311 height=23
2025-10-31T17:24:31Z Saw new cmpctblock header hash=6d4533b9dc80ed9cbc6f8aa53cc0a4ecfbce67a3c61af91255b71f0d34de0311 peer=2
2025-10-31T17:24:31Z UpdateTip: new best=666887bd1fe2655c9f306dcda0f4a92de9af3468c4b06b7d07b5a95e550c94d2 height=12 version=0x20000000 log2_work=4.700440 tx=13 date='2025-10-31T17:24:34Z' progress=1.000000 cache=0.3MiB(12txo)
2025-10-31T17:24:31Z Saw new header hash=14fb182f067649b23e09e199d2d3cb7bc6bfcbced45593cc012d6d807b4c73f6 height=24
2025-10-31T17:24:31Z Saw new cmpctblock header hash=14fb182f067649b23e09e199d2d3cb7bc6bfcbced45593cc012d6d807b4c73f6 peer=3
2025-10-31T17:24:31Z UpdateTip: new best=68b545ac031712deccfb71fe26f8f42caee1b6278f63a0ba78af0067f411da0c height=13 version=0x20000000 log2_work=4.807355 tx=14 date='2025-10-31T17:24:34Z' progress=1.000000 cache=0.3MiB(13txo)
2025-10-31T17:24:31Z UpdateTip: new best=6c519567acd0241b2946a66764412f2ddf599a4f8d452fbbb9649a95f073ab8a height=14 version=0x20000000 log2_work=4.906891 tx=15 date='2025-10-31T17:24:35Z' progress=1.000000 cache=0.3MiB(14txo)
2025-10-31T17:24:31Z UpdateTip: new best=3817d41379816bd4a0fd1704e7650d92223c5a2b501cf245bc503a6b6899b53b height=15 version=0x20000000 log2_work=5.000000 tx=16 date='2025-10-31T17:24:35Z' progress=1.000000 cache=0.3MiB(15txo)
2025-10-31T17:24:31Z UpdateTip: new best=2550a8e0c658ec61689df3fd6643bcd3a8ccb054d6b82de443a163d63480ea6b height=16 version=0x20000000 log2_work=5.087463 tx=17 date='2025-10-31T17:24:35Z' progress=1.000000 cache=0.3MiB(16txo)
2025-10-31T17:24:31Z Saw new header hash=0875484902b586175a5ff31ae31a5f936767f41366a50bbc9bb059729986c927 height=25
2025-10-31T17:24:31Z Saw new cmpctblock header hash=0875484902b586175a5ff31ae31a5f936767f41366a50bbc9bb059729986c927 peer=3
2025-10-31T17:24:31Z UpdateTip: new best=51f44f93e742c33344741c32fb96131825c357fc47314e62bf7a488c41a8bf12 height=17 version=0x20000000 log2_work=5.169925 tx=18 date='2025-10-31T17:24:35Z' progress=1.000000 cache=0.3MiB(17txo)
2025-10-31T17:24:31Z UpdateTip: new best=6119dd74444bb95f4c4280fe697db939585dd5f74e8a74cb4367798f29e9473d height=18 version=0x20000000 log2_work=5.247928 tx=19 date='2025-10-31T17:24:35Z' progress=1.000000 cache=0.3MiB(18txo)
2025-10-31T17:24:31Z UpdateTip: new best=39d1c36398de88b06f4909afc3173f2166d45d7eecec6b85985e86614b8e4d0d height=19 version=0x20000000 log2_work=5.321928 tx=20 date='2025-10-31T17:24:35Z' progress=1.000000 cache=0.3MiB(19txo)
2025-10-31T17:24:31Z UpdateTip: new best=1a5cc8161d2609258191f663bbfad1faf8fb9b05ca376feea069a939ca12a71f height=20 version=0x20000000 log2_work=5.392317 tx=21 date='2025-10-31T17:24:36Z' progress=1.000000 cache=0.3MiB(20txo)
2025-10-31T17:24:31Z UpdateTip: new best=0255b1d091cd32944ce04f7dd43d4ac6ffced3c3beff2e44516141d0a0664a66 height=21 version=0x20000000 log2_work=5.459432 tx=22 date='2025-10-31T17:24:36Z' progress=1.000000 cache=0.3MiB(21txo)
2025-10-31T17:24:31Z UpdateTip: new best=7e0af66de919d150b81265cc54962eb9c7f3377ed7a93eb366c6f222484273f8 height=22 version=0x20000000 log2_work=5.523562 tx=23 date='2025-10-31T17:24:36Z' progress=1.000000 cache=0.3MiB(22txo)
2025-10-31T17:24:31Z UpdateTip: new best=6d4533b9dc80ed9cbc6f8aa53cc0a4ecfbce67a3c61af91255b71f0d34de0311 height=23 version=0x20000000 log2_work=5.584963 tx=24 date='2025-10-31T17:24:36Z' progress=1.000000 cache=0.3MiB(23txo)
2025-10-31T17:24:31Z UpdateTip: new best=14fb182f067649b23e09e199d2d3cb7bc6bfcbced45593cc012d6d807b4c73f6 height=24 version=0x20000000 log2_work=5.643856 tx=25 date='2025-10-31T17:24:36Z' progress=1.000000 cache=0.3MiB(24txo)
2025-10-31T17:24:31Z UpdateTip: new best=0875484902b586175a5ff31ae31a5f936767f41366a50bbc9bb059729986c927 height=25 version=0x20000000 log2_work=5.700440 tx=26 date='2025-10-31T17:24:36Z' progress=1.000000 cache=0.3MiB(25txo)
2025-10-31T17:24:31Z Saw new header hash=627f122b4bcffe849be1aa97d6e2547f8e4bb0ac835006fd6aed761816e7ef70 height=26
2025-10-31T17:24:31Z Saw new cmpctblock header hash=627f122b4bcffe849be1aa97d6e2547f8e4bb0ac835006fd6aed761816e7ef70 peer=3
2025-10-31T17:24:31Z UpdateTip: new best=627f122b4bcffe849be1aa97d6e2547f8e4bb0ac835006fd6aed761816e7ef70 height=26 version=0x20000000 log2_work=5.754888 tx=27 date='2025-10-31T17:24:37Z' progress=1.000000 cache=0.3MiB(26txo)
2025-10-31T17:24:31Z Saw new header hash=0fa6fabcf711dec31a88af6376cbb7dbe5ce9a107f2e09ff0d3442c5c3b72988 height=27
2025-10-31T17:24:31Z Saw new cmpctblock header hash=0fa6fabcf711dec31a88af6376cbb7dbe5ce9a107f2e09ff0d3442c5c3b72988 peer=3
2025-10-31T17:24:31Z UpdateTip: new best=0fa6fabcf711dec31a88af6376cbb7dbe5ce9a107f2e09ff0d3442c5c3b72988 height=27 version=0x20000000 log2_work=5.807355 tx=28 date='2025-10-31T17:24:37Z' progress=1.000000 cache=0.3MiB(27txo)
2025-10-31T17:24:31Z Saw new header hash=44df516872670da0d9e88eac1bf5081cff812dbabdba891a3e5483cf8a52245d height=28
2025-10-31T17:24:31Z Saw new cmpctblock header hash=44df516872670da0d9e88eac1bf5081cff812dbabdba891a3e5483cf8a52245d peer=3
2025-10-31T17:24:31Z UpdateTip: new best=44df516872670da0d9e88eac1bf5081cff812dbabdba891a3e5483cf8a52245d height=28 version=0x20000000 log2_work=5.857981 tx=29 date='2025-10-31T17:24:37Z' progress=1.000000 cache=0.3MiB(28txo)
2025-10-31T17:24:31Z Saw new header hash=26ce0f2b83eea83311d88dde5943b03de856140f76dd7b254a76ab955539f0d5 height=29
2025-10-31T17:24:31Z Saw new cmpctblock header hash=26ce0f2b83eea83311d88dde5943b03de856140f76dd7b254a76ab955539f0d5 peer=3
2025-10-31T17:24:31Z UpdateTip: new best=26ce0f2b83eea83311d88dde5943b03de856140f76dd7b254a76ab955539f0d5 height=29 version=0x20000000 log2_work=5.906891 tx=30 date='2025-10-31T17:24:37Z' progress=1.000000 cache=0.3MiB(29txo)
2025-10-31T17:24:31Z Saw new header hash=1d177741b8e0ec1399368fc749f438cad82d3e1d17b308016f7298aa751270b9 height=30
2025-10-31T17:24:31Z Saw new cmpctblock header hash=1d177741b8e0ec1399368fc749f438cad82d3e1d17b308016f7298aa751270b9 peer=3
2025-10-31T17:24:31Z UpdateTip: new best=1d177741b8e0ec1399368fc749f438cad82d3e1d17b308016f7298aa751270b9 height=30 version=0x20000000 log2_work=5.954196 tx=31 date='2025-10-31T17:24:37Z' progress=1.000000 cache=0.3MiB(30txo)
2025-10-31T17:24:31Z Saw new header hash=66f4d9f07bbd321665cc12b32d2840a0c2f5e7195b7c726a6ad6eb95269c86fa height=31
2025-10-31T17:24:31Z Saw new cmpctblock header hash=66f4d9f07bbd321665cc12b32d2840a0c2f5e7195b7c726a6ad6eb95269c86fa peer=3
2025-10-31T17:24:31Z UpdateTip: new best=66f4d9f07bbd321665cc12b32d2840a0c2f5e7195b7c726a6ad6eb95269c86fa height=31 version=0x20000000 log2_work=6.000000 tx=32 date='2025-10-31T17:24:37Z' progress=1.000000 cache=0.3MiB(31txo)
2025-10-31T17:24:31Z Saw new header hash=3be585b14a8fe4cf2a0f595e70e56dd51400a354f5479a7b40d2a4e34866a42f height=32
2025-10-31T17:24:31Z Saw new cmpctblock header hash=3be585b14a8fe4cf2a0f595e70e56dd51400a354f5479a7b40d2a4e34866a42f peer=3
2025-10-31T17:24:31Z UpdateTip: new best=3be585b14a8fe4cf2a0f595e70e56dd51400a354f5479a7b40d2a4e34866a42f height=32 version=0x20000000 log2_work=6.044394 tx=33 date='2025-10-31T17:24:38Z' progress=1.000000 cache=0.3MiB(32txo)
2025-10-31T17:24:31Z Saw new header hash=60b23910c9e585ebfaf0346c5a8eceafef4537fc9ddf5cf2ca8f495ffc0d8fb6 height=33
2025-10-31T17:24:31Z Saw new cmpctblock header hash=60b23910c9e585ebfaf0346c5a8eceafef4537fc9ddf5cf2ca8f495ffc0d8fb6 peer=3
2025-10-31T17:24:31Z UpdateTip: new best=60b23910c9e585ebfaf0346c5a8eceafef4537fc9ddf5cf2ca8f495ffc0d8fb6 height=33 version=0x20000000 log2_work=6.087463 tx=34 date='2025-10-31T17:24:38Z' progress=1.000000 cache=0.3MiB(33txo)
2025-10-31T17:24:31Z Saw new header hash=791909e44dcc85d3450d5db3f50dd2d58d67b90c6b7e617dd3c89e9e97bf3ec2 height=34
2025-10-31T17:24:31Z Saw new cmpctblock header hash=791909e44dcc85d3450d5db3f50dd2d58d67b90c6b7e617dd3c89e9e97bf3ec2 peer=3
2025-10-31T17:24:31Z UpdateTip: new best=791909e44dcc85d3450d5db3f50dd2d58d67b90c6b7e617dd3c89e9e97bf3ec2 height=34 version=0x20000000 log2_work=6.129283 tx=35 date='2025-10-31T17:24:38Z' progress=1.000000 cache=0.3MiB(34txo)
2025-10-31T17:24:31Z Saw new header hash=0633cf4a8b806aea931d138202a4fa1db2d258c466ef03a119d4052643798dad height=35
2025-10-31T17:24:31Z Saw new cmpctblock header hash=0633cf4a8b806aea931d138202a4fa1db2d258c466ef03a119d4052643798dad peer=3
2025-10-31T17:24:31Z UpdateTip: new best=0633cf4a8b806aea931d138202a4fa1db2d258c466ef03a119d4052643798dad height=35 version=0x20000000 log2_work=6.169925 tx=36 date='2025-10-31T17:24:38Z' progress=1.000000 cache=0.3MiB(35txo)
2025-10-31T17:24:31Z Saw new header hash=6cdf6a8d48467f22402b81cb2671bbf6d23ed2bb7d21fc72c372ea5dc567d811 height=36
2025-10-31T17:24:31Z Saw new header hash=3b7d646f73c281a1ca6faabcd884b1e9ea73ab6b8ea83f256f626feab417503b height=37
2025-10-31T17:24:31Z Saw new header hash=4cb73cab04eaaf386c7d80c14f80ba7f2619bab98169bfad3d3f62d80e4564d0 height=38
2025-10-31T17:24:31Z Saw new cmpctblock header hash=4cb73cab04eaaf386c7d80c14f80ba7f2619bab98169bfad3d3f62d80e4564d0 peer=3
2025-10-31T17:24:31Z UpdateTip: new best=6cdf6a8d48467f22402b81cb2671bbf6d23ed2bb7d21fc72c372ea5dc567d811 height=36 version=0x20000000 log2_work=6.209453 tx=37 date='2025-10-31T17:24:38Z' progress=1.000000 cache=0.3MiB(36txo)
2025-10-31T17:24:31Z UpdateTip: new best=3b7d646f73c281a1ca6faabcd884b1e9ea73ab6b8ea83f256f626feab417503b height=37 version=0x20000000 log2_work=6.247928 tx=38 date='2025-10-31T17:24:38Z' progress=1.000000 cache=0.3MiB(37txo)
2025-10-31T17:24:31Z UpdateTip: new best=4cb73cab04eaaf386c7d80c14f80ba7f2619bab98169bfad3d3f62d80e4564d0 height=38 version=0x20000000 log2_work=6.285402 tx=39 date='2025-10-31T17:24:39Z' progress=1.000000 cache=0.3MiB(38txo)
2025-10-31T17:24:31Z Saw new header hash=4d03678ea4285fbf255da9b1d8ac60b08c7ebb722e095b1722b7bd0632115c9e height=39
2025-10-31T17:24:31Z Saw new header hash=5144697fd5a7fff1ed6dca7b4e1cb5e8436609052901b63d8c5a93c5766b5e3f height=40
2025-10-31T17:24:31Z Saw new header hash=61e878db87e3e9ab671c3d95db829a61753b723da128acd5f32e4d92250ca7a1 height=41
2025-10-31T17:24:31Z Saw new header hash=55c570bc738c45cbe16cc542cb9eee5f98c5ef9c8ad0703eced7e258a92763dd height=42
2025-10-31T17:24:31Z Saw new header hash=1fdf5b202c12ea44310e02e9f25829dccbd49b92e6b508f844d0e097c9fc57db height=43
2025-10-31T17:24:31Z Saw new cmpctblock header hash=1fdf5b202c12ea44310e02e9f25829dccbd49b92e6b508f844d0e097c9fc57db peer=2
2025-10-31T17:24:31Z Saw new header hash=189d5163ca746130cb70602fd44ea69d1172758d912ec393d9a660a90eb5587c height=44
2025-10-31T17:24:31Z Saw new cmpctblock header hash=189d5163ca746130cb70602fd44ea69d1172758d912ec393d9a660a90eb5587c peer=2
2025-10-31T17:24:31Z UpdateTip: new best=4d03678ea4285fbf255da9b1d8ac60b08c7ebb722e095b1722b7bd0632115c9e height=39 version=0x20000000 log2_work=6.321928 tx=40 date='2025-10-31T17:24:39Z' progress=1.000000 cache=0.3MiB(39txo)
2025-10-31T17:24:31Z UpdateTip: new best=5144697fd5a7fff1ed6dca7b4e1cb5e8436609052901b63d8c5a93c5766b5e3f height=40 version=0x20000000 log2_work=6.357552 tx=41 date='2025-10-31T17:24:39Z' progress=1.000000 cache=0.3MiB(40txo)
2025-10-31T17:24:31Z Saw new header hash=79773f5416b3c80047453a70f1f2d4fd3d440e46aa0dbe84766f1950b0fc82fd height=45
2025-10-31T17:24:31Z Saw new cmpctblock header hash=79773f5416b3c80047453a70f1f2d4fd3d440e46aa0dbe84766f1950b0fc82fd peer=2
2025-10-31T17:24:31Z UpdateTip: new best=61e878db87e3e9ab671c3d95db829a61753b723da128acd5f32e4d92250ca7a1 height=41 version=0x20000000 log2_work=6.392317 tx=42 date='2025-10-31T17:24:39Z' progress=1.000000 cache=0.3MiB(41txo)
2025-10-31T17:24:31Z Saw new header hash=574378920276f7a067348169f1fe099499c5650526c22a98c1f93cdf9b54d440 height=46
2025-10-31T17:24:31Z Saw new cmpctblock header hash=574378920276f7a067348169f1fe099499c5650526c22a98c1f93cdf9b54d440 peer=2
2025-10-31T17:24:31Z Saw new header hash=03b341a726df78c78277fd3299c02f2aee67cfdf509b21ba13ba5b8d9c24a428 height=47
2025-10-31T17:24:31Z Saw new cmpctblock header hash=03b341a726df78c78277fd3299c02f2aee67cfdf509b21ba13ba5b8d9c24a428 peer=2
2025-10-31T17:24:31Z UpdateTip: new best=55c570bc738c45cbe16cc542cb9eee5f98c5ef9c8ad0703eced7e258a92763dd height=42 version=0x20000000 log2_work=6.426265 tx=43 date='2025-10-31T17:24:39Z' progress=1.000000 cache=0.3MiB(42txo)
2025-10-31T17:24:31Z Saw new header hash=02d81b8002db9080962a0fcaf5e3698d63745a3c7c2db714f3d49755ad8267bd height=48
2025-10-31T17:24:31Z Saw new cmpctblock header hash=02d81b8002db9080962a0fcaf5e3698d63745a3c7c2db714f3d49755ad8267bd peer=3
2025-10-31T17:24:31Z UpdateTip: new best=1fdf5b202c12ea44310e02e9f25829dccbd49b92e6b508f844d0e097c9fc57db height=43 version=0x20000000 log2_work=6.459432 tx=44 date='2025-10-31T17:24:39Z' progress=1.000000 cache=0.3MiB(43txo)
2025-10-31T17:24:31Z UpdateTip: new best=189d5163ca746130cb70602fd44ea69d1172758d912ec393d9a660a90eb5587c height=44 version=0x20000000 log2_work=6.491853 tx=45 date='2025-10-31T17:24:40Z' progress=1.000000 cache=0.3MiB(44txo)
2025-10-31T17:24:31Z UpdateTip: new best=79773f5416b3c80047453a70f1f2d4fd3d440e46aa0dbe84766f1950b0fc82fd height=45 version=0x20000000 log2_work=6.523562 tx=46 date='2025-10-31T17:24:40Z' progress=1.000000 cache=0.3MiB(45txo)
2025-10-31T17:24:31Z Saw new header hash=3b7fedab45a8f6ef62c565e2f4203aefad7638bfc6acd5471824f36ff95986fd height=49
2025-10-31T17:24:31Z Saw new cmpctblock header hash=3b7fedab45a8f6ef62c565e2f4203aefad7638bfc6acd5471824f36ff95986fd peer=2
2025-10-31T17:24:31Z UpdateTip: new best=574378920276f7a067348169f1fe099499c5650526c22a98c1f93cdf9b54d440 height=46 version=0x20000000 log2_work=6.554589 tx=47 date='2025-10-31T17:24:40Z' progress=1.000000 cache=0.3MiB(46txo)
2025-10-31T17:24:31Z UpdateTip: new best=03b341a726df78c78277fd3299c02f2aee67cfdf509b21ba13ba5b8d9c24a428 height=47 version=0x20000000 log2_work=6.584963 tx=48 date='2025-10-31T17:24:40Z' progress=1.000000 cache=0.3MiB(47txo)
2025-10-31T17:24:31Z UpdateTip: new best=02d81b8002db9080962a0fcaf5e3698d63745a3c7c2db714f3d49755ad8267bd height=48 version=0x20000000 log2_work=6.614710 tx=49 date='2025-10-31T17:24:40Z' progress=1.000000 cache=0.3MiB(48txo)
2025-10-31T17:24:31Z Saw new header hash=3034513412da38aec138e4e4f6de618b944441597c78e7d88447f5081d7d826d height=50
2025-10-31T17:24:31Z Saw new cmpctblock header hash=3034513412da38aec138e4e4f6de618b944441597c78e7d88447f5081d7d826d peer=3
2025-10-31T17:24:31Z UpdateTip: new best=3b7fedab45a8f6ef62c565e2f4203aefad7638bfc6acd5471824f36ff95986fd height=49 version=0x20000000 log2_work=6.643856 tx=50 date='2025-10-31T17:24:40Z' progress=1.000000 cache=0.3MiB(49txo)
2025-10-31T17:24:31Z UpdateTip: new best=3034513412da38aec138e4e4f6de618b944441597c78e7d88447f5081d7d826d height=50 version=0x20000000 log2_work=6.672425 tx=51 date='2025-10-31T17:24:41Z' progress=1.000000 cache=0.3MiB(50txo)
2025-10-31T17:24:31Z Saw new header hash=3d00b0810598624121cea375ffd03525c06960060462c3b3c8281fd468e6a7eb height=51
2025-10-31T17:24:31Z Saw new cmpctblock header hash=3d00b0810598624121cea375ffd03525c06960060462c3b3c8281fd468e6a7eb peer=3
2025-10-31T17:24:31Z UpdateTip: new best=3d00b0810598624121cea375ffd03525c06960060462c3b3c8281fd468e6a7eb height=51 version=0x20000000 log2_work=6.700440 tx=52 date='2025-10-31T17:24:41Z' progress=1.000000 cache=0.3MiB(51txo)
2025-10-31T17:24:31Z Saw new header hash=121bfd0aa7196fb870714417a28377b811b768896fc509745a305e01d7601963 height=52
2025-10-31T17:24:31Z Saw new cmpctblock header hash=121bfd0aa7196fb870714417a28377b811b768896fc509745a305e01d7601963 peer=2
2025-10-31T17:24:31Z UpdateTip: new best=121bfd0aa7196fb870714417a28377b811b768896fc509745a305e01d7601963 height=52 version=0x20000000 log2_work=6.727920 tx=53 date='2025-10-31T17:24:41Z' progress=1.000000 cache=0.3MiB(52txo)
2025-10-31T17:24:31Z Saw new header hash=407d6be02bab1745a8ea4c5b0def91fa4be6503e15112f1784acc7262824ce71 height=53
2025-10-31T17:24:31Z Saw new cmpctblock header hash=407d6be02bab1745a8ea4c5b0def91fa4be6503e15112f1784acc7262824ce71 peer=2
2025-10-31T17:24:31Z UpdateTip: new best=407d6be02bab1745a8ea4c5b0def91fa4be6503e15112f1784acc7262824ce71 height=53 version=0x20000000 log2_work=6.754888 tx=54 date='2025-10-31T17:24:41Z' progress=1.000000 cache=0.3MiB(53txo)
2025-10-31T17:24:31Z Saw new header hash=558ac6445a5a8937501ac11211459125b2dc16622f9b26c968b90d422932e77f height=54
2025-10-31T17:24:31Z Saw new cmpctblock header hash=558ac6445a5a8937501ac11211459125b2dc16622f9b26c968b90d422932e77f peer=3
2025-10-31T17:24:31Z UpdateTip: new best=558ac6445a5a8937501ac11211459125b2dc16622f9b26c968b90d422932e77f height=54 version=0x20000000 log2_work=6.781360 tx=55 date='2025-10-31T17:24:41Z' progress=1.000000 cache=0.3MiB(54txo)
2025-10-31T17:24:31Z Saw new header hash=7b0d25acfed6a83261202e9452a48d13a9e3a7813c41b42b53c5a1d5b2a5b610 height=55
2025-10-31T17:24:31Z Saw new cmpctblock header hash=7b0d25acfed6a83261202e9452a48d13a9e3a7813c41b42b53c5a1d5b2a5b610 peer=2
2025-10-31T17:24:31Z UpdateTip: new best=7b0d25acfed6a83261202e9452a48d13a9e3a7813c41b42b53c5a1d5b2a5b610 height=55 version=0x20000000 log2_work=6.807355 tx=56 date='2025-10-31T17:24:41Z' progress=1.000000 cache=0.3MiB(55txo)
2025-10-31T17:24:31Z Saw new header hash=4da8d81dd54a4808dadb6c4b8f9503cde668e87766ada6a85e73dfb644173297 height=56
2025-10-31T17:24:31Z Saw new cmpctblock header hash=4da8d81dd54a4808dadb6c4b8f9503cde668e87766ada6a85e73dfb644173297 peer=3
2025-10-31T17:24:31Z UpdateTip: new best=4da8d81dd54a4808dadb6c4b8f9503cde668e87766ada6a85e73dfb644173297 height=56 version=0x20000000 log2_work=6.832890 tx=57 date='2025-10-31T17:24:42Z' progress=1.000000 cache=0.3MiB(56txo)
2025-10-31T17:24:31Z Saw new header hash=2d78d95a55f8201ce9043ccaee3d2613449723f16ad2485c9b14314f10abcd34 height=57
2025-10-31T17:24:31Z Saw new cmpctblock header hash=2d78d95a55f8201ce9043ccaee3d2613449723f16ad2485c9b14314f10abcd34 peer=2
2025-10-31T17:24:31Z UpdateTip: new best=2d78d95a55f8201ce9043ccaee3d2613449723f16ad2485c9b14314f10abcd34 height=57 version=0x20000000 log2_work=6.857981 tx=58 date='2025-10-31T17:24:42Z' progress=1.000000 cache=0.3MiB(57txo)
2025-10-31T17:24:31Z Saw new header hash=04ddbdd018ced356b7685b6a3bfffc4c5e3dc1e217b87f4ff0b40c9e095225c8 height=58
2025-10-31T17:24:31Z Saw new cmpctblock header hash=04ddbdd018ced356b7685b6a3bfffc4c5e3dc1e217b87f4ff0b40c9e095225c8 peer=2
2025-10-31T17:24:31Z UpdateTip: new best=04ddbdd018ced356b7685b6a3bfffc4c5e3dc1e217b87f4ff0b40c9e095225c8 height=58 version=0x20000000 log2_work=6.882643 tx=59 date='2025-10-31T17:24:42Z' progress=1.000000 cache=0.3MiB(58txo)
2025-10-31T17:24:31Z Saw new header hash=5ecaa242eb62e75155d5799e29bbb339b55b9284443c8d647816cd35268233b8 height=59
2025-10-31T17:24:31Z Saw new cmpctblock header hash=5ecaa242eb62e75155d5799e29bbb339b55b9284443c8d647816cd35268233b8 peer=2
2025-10-31T17:24:31Z UpdateTip: new best=5ecaa242eb62e75155d5799e29bbb339b55b9284443c8d647816cd35268233b8 height=59 version=0x20000000 log2_work=6.906891 tx=60 date='2025-10-31T17:24:42Z' progress=1.000000 cache=0.3MiB(59txo)
2025-10-31T17:24:31Z Saw new header hash=5cf84bb7f59b19da72eb65eae02f33513264836c48d129c021908fe778bd7453 height=60
2025-10-31T17:24:31Z Saw new cmpctblock header hash=5cf84bb7f59b19da72eb65eae02f33513264836c48d129c021908fe778bd7453 peer=2
2025-10-31T17:24:31Z UpdateTip: new best=5cf84bb7f59b19da72eb65eae02f33513264836c48d129c021908fe778bd7453 height=60 version=0x20000000 log2_work=6.930737 tx=61 date='2025-10-31T17:24:42Z' progress=1.000000 cache=0.3MiB(60txo)
2025-10-31T17:24:31Z Saw new header hash=37b67d8734536d2af765904619de10f09cf91e0aa5bba2a3b3b0443f4edd3052 height=61
2025-10-31T17:24:31Z Saw new cmpctblock header hash=37b67d8734536d2af765904619de10f09cf91e0aa5bba2a3b3b0443f4edd3052 peer=3
2025-10-31T17:24:31Z UpdateTip: new best=37b67d8734536d2af765904619de10f09cf91e0aa5bba2a3b3b0443f4edd3052 height=61 version=0x20000000 log2_work=6.954196 tx=62 date='2025-10-31T17:24:42Z' progress=1.000000 cache=0.3MiB(61txo)
2025-10-31T17:24:31Z Saw new header hash=65dba39d584493da46951acd127c951442520ba9163a2fa6b2f69e3209266486 height=62
2025-10-31T17:24:31Z Saw new cmpctblock header hash=65dba39d584493da46951acd127c951442520ba9163a2fa6b2f69e3209266486 peer=3
2025-10-31T17:24:31Z UpdateTip: new best=65dba39d584493da46951acd127c951442520ba9163a2fa6b2f69e3209266486 height=62 version=0x20000000 log2_work=6.977280 tx=63 date='2025-10-31T17:24:43Z' progress=1.000000 cache=0.3MiB(62txo)
2025-10-31T17:24:31Z Saw new header hash=7a602af5f45fa3e5af8299afe34e6e4c0e99409fd067a945eeb41e75423ad371 height=63
2025-10-31T17:24:31Z Saw new cmpctblock header hash=7a602af5f45fa3e5af8299afe34e6e4c0e99409fd067a945eeb41e75423ad371 peer=2
2025-10-31T17:24:31Z UpdateTip: new best=7a602af5f45fa3e5af8299afe34e6e4c0e99409fd067a945eeb41e75423ad371 height=63 version=0x20000000 log2_work=7.000000 tx=64 date='2025-10-31T17:24:43Z' progress=1.000000 cache=0.3MiB(63txo)
2025-10-31T17:24:31Z Saw new header hash=343302e02fe28a172afc19b44dba95b4e5d18f921b466206a39e617dc776ae54 height=64
2025-10-31T17:24:31Z Saw new cmpctblock header hash=343302e02fe28a172afc19b44dba95b4e5d18f921b466206a39e617dc776ae54 peer=2
2025-10-31T17:24:31Z UpdateTip: new best=343302e02fe28a172afc19b44dba95b4e5d18f921b466206a39e617dc776ae54 height=64 version=0x20000000 log2_work=7.022368 tx=65 date='2025-10-31T17:24:43Z' progress=1.000000 cache=0.3MiB(64txo)
2025-10-31T17:24:31Z Saw new header hash=7063c49fa0646e36dd971d97c25be0eff7009dfe61408bba6b02dc020c52a1e9 height=65
2025-10-31T17:24:31Z Saw new cmpctblock header hash=7063c49fa0646e36dd971d97c25be0eff7009dfe61408bba6b02dc020c52a1e9 peer=3
2025-10-31T17:24:31Z UpdateTip: new best=7063c49fa0646e36dd971d97c25be0eff7009dfe61408bba6b02dc020c52a1e9 height=65 version=0x20000000 log2_work=7.044394 tx=66 date='2025-10-31T17:24:43Z' progress=1.000000 cache=0.3MiB(65txo)
2025-10-31T17:24:31Z Saw new header hash=104fcfde0318e7f428e64c112c660fe03318ed7e4f1b963f2198db507ad283bc height=66
2025-10-31T17:24:31Z Saw new cmpctblock header hash=104fcfde0318e7f428e64c112c660fe03318ed7e4f1b963f2198db507ad283bc peer=3
2025-10-31T17:24:31Z UpdateTip: new best=104fcfde0318e7f428e64c112c660fe03318ed7e4f1b963f2198db507ad283bc height=66 version=0x20000000 log2_work=7.066089 tx=67 date='2025-10-31T17:24:43Z' progress=1.000000 cache=0.3MiB(66txo)
2025-10-31T17:24:31Z Saw new header hash=6402418407818e301c1b527617acb240ab6123036d726d7f336042a2e2fd8fd0 height=67
2025-10-31T17:24:31Z Saw new cmpctblock header hash=6402418407818e301c1b527617acb240ab6123036d726d7f336042a2e2fd8fd0 peer=2
2025-10-31T17:24:31Z UpdateTip: new best=6402418407818e301c1b527617acb240ab6123036d726d7f336042a2e2fd8fd0 height=67 version=0x20000000 log2_work=7.087463 tx=68 date='2025-10-31T17:24:43Z' progress=1.000000 cache=0.3MiB(67txo)
2025-10-31T17:24:31Z Saw new header hash=3c7d15462e19aa4fa46b4bbad106b169c1058ca21d440f494af775b9a56f8af7 height=68
2025-10-31T17:24:31Z Saw new cmpctblock header hash=3c7d15462e19aa4fa46b4bbad106b169c1058ca21d440f494af775b9a56f8af7 peer=3
2025-10-31T17:24:31Z UpdateTip: new best=3c7d15462e19aa4fa46b4bbad106b169c1058ca21d440f494af775b9a56f8af7 height=68 version=0x20000000 log2_work=7.108524 tx=69 date='2025-10-31T17:24:44Z' progress=1.000000 cache=0.3MiB(68txo)
2025-10-31T17:24:31Z Saw new header hash=34111fcc945d0ae54fa28958b3372c2972e856561e87234d68d7bfeaad994800 height=69
2025-10-31T17:24:31Z Saw new cmpctblock header hash=34111fcc945d0ae54fa28958b3372c2972e856561e87234d68d7bfeaad994800 peer=2
2025-10-31T17:24:31Z UpdateTip: new best=34111fcc945d0ae54fa28958b3372c2972e856561e87234d68d7bfeaad994800 height=69 version=0x20000000 log2_work=7.129283 tx=70 date='2025-10-31T17:24:44Z' progress=1.000000 cache=0.3MiB(69txo)
2025-10-31T17:24:31Z Saw new header hash=5a27f7345b81f43b7c1f4995ef2c5e6d86cb9a2289fca98d3a27dc248b6d8633 height=70
2025-10-31T17:24:31Z Saw new cmpctblock header hash=5a27f7345b81f43b7c1f4995ef2c5e6d86cb9a2289fca98d3a27dc248b6d8633 peer=3
2025-10-31T17:24:31Z UpdateTip: new best=5a27f7345b81f43b7c1f4995ef2c5e6d86cb9a2289fca98d3a27dc248b6d8633 height=70 version=0x20000000 log2_work=7.149747 tx=71 date='2025-10-31T17:24:44Z' progress=1.000000 cache=0.3MiB(70txo)
2025-10-31T17:24:31Z Saw new header hash=09f997d3cd27c9440002f236e9da5dc4c4ce703d49b7a5066cd7f5d6ac40581f height=71
2025-10-31T17:24:31Z Saw new cmpctblock header hash=09f997d3cd27c9440002f236e9da5dc4c4ce703d49b7a5066cd7f5d6ac40581f peer=3
2025-10-31T17:24:31Z UpdateTip: new best=09f997d3cd27c9440002f236e9da5dc4c4ce703d49b7a5066cd7f5d6ac40581f height=71 version=0x20000000 log2_work=7.169925 tx=72 date='2025-10-31T17:24:44Z' progress=1.000000 cache=0.3MiB(71txo)
2025-10-31T17:24:31Z Saw new header hash=5b80b034a456375db878fe0b08f94cae40b6f7bb86a6907c905b0bf4d3fcc428 height=72
2025-10-31T17:24:31Z Saw new cmpctblock header hash=5b80b034a456375db878fe0b08f94cae40b6f7bb86a6907c905b0bf4d3fcc428 peer=2
2025-10-31T17:24:31Z UpdateTip: new best=5b80b034a456375db878fe0b08f94cae40b6f7bb86a6907c905b0bf4d3fcc428 height=72 version=0x20000000 log2_work=7.189825 tx=73 date='2025-10-31T17:24:44Z' progress=1.000000 cache=0.3MiB(72txo)
2025-10-31T17:24:31Z Saw new header hash=25a1147c204bdb426e288e9f7666fb54fcf34a14cf8468f5b5434439196d3786 height=73
2025-10-31T17:24:31Z Saw new cmpctblock header hash=25a1147c204bdb426e288e9f7666fb54fcf34a14cf8468f5b5434439196d3786 peer=3
2025-10-31T17:24:31Z UpdateTip: new best=25a1147c204bdb426e288e9f7666fb54fcf34a14cf8468f5b5434439196d3786 height=73 version=0x20000000 log2_work=7.209453 tx=74 date='2025-10-31T17:24:44Z' progress=1.000000 cache=0.3MiB(73txo)
2025-10-31T17:24:31Z Saw new header hash=2b4d0ac9c0c1fc3373d6920456992a795a50e3ebd40605fddf159fbb5bdd08d6 height=74
2025-10-31T17:24:31Z Saw new cmpctblock header hash=2b4d0ac9c0c1fc3373d6920456992a795a50e3ebd40605fddf159fbb5bdd08d6 peer=2
2025-10-31T17:24:31Z UpdateTip: new best=2b4d0ac9c0c1fc3373d6920456992a795a50e3ebd40605fddf159fbb5bdd08d6 height=74 version=0x20000000 log2_work=7.228819 tx=75 date='2025-10-31T17:24:45Z' progress=1.000000 cache=0.3MiB(74txo)
2025-10-31T17:24:31Z Saw new header hash=40afae3c407869535f4b35c6ea5d0dc21ecdf91c76fb2db97a76cb1ee486f56e height=75
2025-10-31T17:24:31Z Saw new cmpctblock header hash=40afae3c407869535f4b35c6ea5d0dc21ecdf91c76fb2db97a76cb1ee486f56e peer=2
2025-10-31T17:24:31Z UpdateTip: new best=40afae3c407869535f4b35c6ea5d0dc21ecdf91c76fb2db97a76cb1ee486f56e height=75 version=0x20000000 log2_work=7.247928 tx=76 date='2025-10-31T17:24:45Z' progress=1.000000 cache=0.3MiB(75txo)
2025-10-31T17:24:31Z Saw new header hash=4be205c9a58e4419208e4d88d17d86d44bd114534e783c0c27c9274e0ff56d02 height=76
2025-10-31T17:24:31Z Saw new cmpctblock header hash=4be205c9a58e4419208e4d88d17d86d44bd114534e783c0c27c9274e0ff56d02 peer=2
2025-10-31T17:24:31Z UpdateTip: new best=4be205c9a58e4419208e4d88d17d86d44bd114534e783c0c27c9274e0ff56d02 height=76 version=0x20000000 log2_work=7.266787 tx=77 date='2025-10-31T17:24:45Z' progress=1.000000 cache=0.3MiB(76txo)
2025-10-31T17:24:32Z Saw new header hash=1c3aa86801de969cbbca4194bdf2bf86e1d109084b6176a7df3d87520eca84c8 height=77
2025-10-31T17:24:32Z Saw new cmpctblock header hash=1c3aa86801de969cbbca4194bdf2bf86e1d109084b6176a7df3d87520eca84c8 peer=2
2025-10-31T17:24:32Z UpdateTip: new best=1c3aa86801de969cbbca4194bdf2bf86e1d109084b6176a7df3d87520eca84c8 height=77 version=0x20000000 log2_work=7.285402 tx=78 date='2025-10-31T17:24:45Z' progress=1.000000 cache=0.3MiB(77txo)
2025-10-31T17:24:32Z Saw new header hash=2cf5bce8416248277c41db1cbfcaf4d4ada664d0398371ea4ee63d0b592a8ca5 height=78
2025-10-31T17:24:32Z Saw new cmpctblock header hash=2cf5bce8416248277c41db1cbfcaf4d4ada664d0398371ea4ee63d0b592a8ca5 peer=2
2025-10-31T17:24:32Z UpdateTip: new best=2cf5bce8416248277c41db1cbfcaf4d4ada664d0398371ea4ee63d0b592a8ca5 height=78 version=0x20000000 log2_work=7.303781 tx=79 date='2025-10-31T17:24:45Z' progress=1.000000 cache=0.3MiB(78txo)
2025-10-31T17:24:32Z Saw new header hash=07f84d181700aee241441fab8728d5e084c734e066f2142968ff0cf9420f6fae height=79
2025-10-31T17:24:32Z Saw new cmpctblock header hash=07f84d181700aee241441fab8728d5e084c734e066f2142968ff0cf9420f6fae peer=2
2025-10-31T17:24:32Z UpdateTip: new best=07f84d181700aee241441fab8728d5e084c734e066f2142968ff0cf9420f6fae height=79 version=0x20000000 log2_work=7.321928 tx=80 date='2025-10-31T17:24:45Z' progress=1.000000 cache=0.3MiB(79txo)
2025-10-31T17:24:32Z Saw new header hash=70b4ce88b083e999f31bd523d7a4e04c5d36e955d658cecf96ee32088aacea3f height=80
2025-10-31T17:24:32Z Saw new cmpctblock header hash=70b4ce88b083e999f31bd523d7a4e04c5d36e955d658cecf96ee32088aacea3f peer=2
2025-10-31T17:24:32Z UpdateTip: new best=70b4ce88b083e999f31bd523d7a4e04c5d36e955d658cecf96ee32088aacea3f height=80 version=0x20000000 log2_work=7.339850 tx=81 date='2025-10-31T17:24:46Z' progress=1.000000 cache=0.3MiB(80txo)
2025-10-31T17:24:32Z Saw new header hash=24311db6d2e704cd3275a6f25d0bcda51ec26c9163b0989bf22aac8134307cb1 height=81
2025-10-31T17:24:32Z Saw new cmpctblock header hash=24311db6d2e704cd3275a6f25d0bcda51ec26c9163b0989bf22aac8134307cb1 peer=2
2025-10-31T17:24:32Z UpdateTip: new best=24311db6d2e704cd3275a6f25d0bcda51ec26c9163b0989bf22aac8134307cb1 height=81 version=0x20000000 log2_work=7.357552 tx=82 date='2025-10-31T17:24:46Z' progress=1.000000 cache=0.3MiB(81txo)
2025-10-31T17:24:32Z Saw new header hash=376e73e9268eaee1c3e7831f8faf105b64cadd200b0241b14443a844aa761957 height=82
2025-10-31T17:24:32Z Saw new cmpctblock header hash=376e73e9268eaee1c3e7831f8faf105b64cadd200b0241b14443a844aa761957 peer=2
2025-10-31T17:24:32Z UpdateTip: new best=376e73e9268eaee1c3e7831f8faf105b64cadd200b0241b14443a844aa761957 height=82 version=0x20000000 log2_work=7.375039 tx=83 date='2025-10-31T17:24:46Z' progress=1.000000 cache=0.3MiB(82txo)
2025-10-31T17:24:32Z Saw new header hash=78bf9209b7692debd73d585f4e81828240de1e3cc77c7809e54f8197601ca789 height=83
2025-10-31T17:24:32Z Saw new cmpctblock header hash=78bf9209b7692debd73d585f4e81828240de1e3cc77c7809e54f8197601ca789 peer=2
2025-10-31T17:24:32Z UpdateTip: new best=78bf9209b7692debd73d585f4e81828240de1e3cc77c7809e54f8197601ca789 height=83 version=0x20000000 log2_work=7.392317 tx=84 date='2025-10-31T17:24:46Z' progress=1.000000 cache=0.3MiB(83txo)
2025-10-31T17:24:32Z Saw new header hash=36f5557cff00e64755e47e8e4f88d6636f620b00ce145f54200de6f0551cd90b height=84
2025-10-31T17:24:32Z Saw new cmpctblock header hash=36f5557cff00e64755e47e8e4f88d6636f620b00ce145f54200de6f0551cd90b peer=2
2025-10-31T17:24:32Z UpdateTip: new best=36f5557cff00e64755e47e8e4f88d6636f620b00ce145f54200de6f0551cd90b height=84 version=0x20000000 log2_work=7.409391 tx=85 date='2025-10-31T17:24:46Z' progress=1.000000 cache=0.3MiB(84txo)
2025-10-31T17:24:32Z Saw new header hash=05e912bd5abf8c2616a29a765ced8cdce74d2820a96664fc511ab2140e831dff height=85
2025-10-31T17:24:32Z Saw new cmpctblock header hash=05e912bd5abf8c2616a29a765ced8cdce74d2820a96664fc511ab2140e831dff peer=2
2025-10-31T17:24:32Z UpdateTip: new best=05e912bd5abf8c2616a29a765ced8cdce74d2820a96664fc511ab2140e831dff height=85 version=0x20000000 log2_work=7.426265 tx=86 date='2025-10-31T17:24:46Z' progress=1.000000 cache=0.3MiB(85txo)
2025-10-31T17:24:32Z Saw new header hash=40ed8d1be1184e3a5c942013fa72f41d961e7c4c59b12eff32822331a1daa0e8 height=86
2025-10-31T17:24:32Z Saw new cmpctblock header hash=40ed8d1be1184e3a5c942013fa72f41d961e7c4c59b12eff32822331a1daa0e8 peer=2
2025-10-31T17:24:32Z UpdateTip: new best=40ed8d1be1184e3a5c942013fa72f41d961e7c4c59b12eff32822331a1daa0e8 height=86 version=0x20000000 log2_work=7.442943 tx=87 date='2025-10-31T17:24:47Z' progress=1.000000 cache=0.3MiB(86txo)
2025-10-31T17:24:32Z Saw new header hash=644dc4eb5bb3787fe34fa943774b24c0534c6f9f9e243e3c5509c1ab9673d318 height=87
2025-10-31T17:24:32Z Saw new cmpctblock header hash=644dc4eb5bb3787fe34fa943774b24c0534c6f9f9e243e3c5509c1ab9673d318 peer=2
2025-10-31T17:24:32Z UpdateTip: new best=644dc4eb5bb3787fe34fa943774b24c0534c6f9f9e243e3c5509c1ab9673d318 height=87 version=0x20000000 log2_work=7.459432 tx=88 date='2025-10-31T17:24:47Z' progress=1.000000 cache=0.3MiB(87txo)
2025-10-31T17:24:32Z Saw new header hash=3024b9bc4dc9e291c421b9ff85f5f61d047854aab612ee06d6f5f05ca3ba4dd3 height=88
2025-10-31T17:24:32Z Saw new cmpctblock header hash=3024b9bc4dc9e291c421b9ff85f5f61d047854aab612ee06d6f5f05ca3ba4dd3 peer=3
2025-10-31T17:24:32Z UpdateTip: new best=3024b9bc4dc9e291c421b9ff85f5f61d047854aab612ee06d6f5f05ca3ba4dd3 height=88 version=0x20000000 log2_work=7.475733 tx=89 date='2025-10-31T17:24:47Z' progress=1.000000 cache=0.3MiB(88txo)
2025-10-31T17:24:32Z Saw new header hash=4692f2a0847b5ef53ae1142608a1986fd9a5832fbdf8fc1f4864f843368ba22a height=89
2025-10-31T17:24:32Z Saw new cmpctblock header hash=4692f2a0847b5ef53ae1142608a1986fd9a5832fbdf8fc1f4864f843368ba22a peer=2
2025-10-31T17:24:32Z UpdateTip: new best=4692f2a0847b5ef53ae1142608a1986fd9a5832fbdf8fc1f4864f843368ba22a height=89 version=0x20000000 log2_work=7.491853 tx=90 date='2025-10-31T17:24:47Z' progress=1.000000 cache=0.3MiB(89txo)
2025-10-31T17:24:32Z Saw new header hash=6ab9dfa18d128f6c2e9f4b252514684994e9801f2ac3c166ebda6ae647dcf0fe height=90
2025-10-31T17:24:32Z Saw new cmpctblock header hash=6ab9dfa18d128f6c2e9f4b252514684994e9801f2ac3c166ebda6ae647dcf0fe peer=3
2025-10-31T17:24:32Z UpdateTip: new best=6ab9dfa18d128f6c2e9f4b252514684994e9801f2ac3c166ebda6ae647dcf0fe height=90 version=0x20000000 log2_work=7.507795 tx=91 date='2025-10-31T17:24:47Z' progress=1.000000 cache=0.3MiB(90txo)
2025-10-31T17:24:32Z Saw new header hash=41ecd9b4d2b19f3d83399b899556fdae07a228a196f2b8b261494e8c126091e3 height=91
2025-10-31T17:24:32Z Saw new cmpctblock header hash=41ecd9b4d2b19f3d83399b899556fdae07a228a196f2b8b261494e8c126091e3 peer=3
2025-10-31T17:24:32Z UpdateTip: new best=41ecd9b4d2b19f3d83399b899556fdae07a228a196f2b8b261494e8c126091e3 height=91 version=0x20000000 log2_work=7.523562 tx=92 date='2025-10-31T17:24:47Z' progress=1.000000 cache=0.3MiB(91txo)
2025-10-31T17:24:32Z Saw new header hash=3745a3176cfd4d9bf6d60e78ef26d3c2a06be034aa7ae59934a9fdaff603c246 height=92
2025-10-31T17:24:32Z Saw new cmpctblock header hash=3745a3176cfd4d9bf6d60e78ef26d3c2a06be034aa7ae59934a9fdaff603c246 peer=3
2025-10-31T17:24:32Z UpdateTip: new best=3745a3176cfd4d9bf6d60e78ef26d3c2a06be034aa7ae59934a9fdaff603c246 height=92 version=0x20000000 log2_work=7.539159 tx=93 date='2025-10-31T17:24:48Z' progress=1.000000 cache=0.3MiB(92txo)
2025-10-31T17:24:32Z Saw new header hash=152388a0a645bc97784e11afe34b23aa18cde8dd71a59e05bb370bb5c7d8be80 height=93
2025-10-31T17:24:32Z Saw new cmpctblock header hash=152388a0a645bc97784e11afe34b23aa18cde8dd71a59e05bb370bb5c7d8be80 peer=3
2025-10-31T17:24:32Z UpdateTip: new best=152388a0a645bc97784e11afe34b23aa18cde8dd71a59e05bb370bb5c7d8be80 height=93 version=0x20000000 log2_work=7.554589 tx=94 date='2025-10-31T17:24:48Z' progress=1.000000 cache=0.3MiB(93txo)
2025-10-31T17:24:32Z Saw new header hash=6e2cfe6f66a6bf4a6087f660a4ee32c4bea1bcbadcf61767eb594d9815d99a41 height=94
2025-10-31T17:24:32Z Saw new cmpctblock header hash=6e2cfe6f66a6bf4a6087f660a4ee32c4bea1bcbadcf61767eb594d9815d99a41 peer=2
2025-10-31T17:24:32Z UpdateTip: new best=6e2cfe6f66a6bf4a6087f660a4ee32c4bea1bcbadcf61767eb594d9815d99a41 height=94 version=0x20000000 log2_work=7.569856 tx=95 date='2025-10-31T17:24:48Z' progress=1.000000 cache=0.3MiB(94txo)
2025-10-31T17:24:32Z Saw new header hash=58547997f3be244653495886f4df8399844d1cd80b62a7b41d5fd4ffaddd1244 height=95
2025-10-31T17:24:32Z Saw new cmpctblock header hash=58547997f3be244653495886f4df8399844d1cd80b62a7b41d5fd4ffaddd1244 peer=2
2025-10-31T17:24:32Z UpdateTip: new best=58547997f3be244653495886f4df8399844d1cd80b62a7b41d5fd4ffaddd1244 height=95 version=0x20000000 log2_work=7.584963 tx=96 date='2025-10-31T17:24:48Z' progress=1.000000 cache=0.3MiB(95txo)
2025-10-31T17:24:32Z Saw new header hash=7006473296f71be2e0a163ebf19f47c0daf19a8416817ef22e249844b8ccf0dd height=96
2025-10-31T17:24:32Z Saw new cmpctblock header hash=7006473296f71be2e0a163ebf19f47c0daf19a8416817ef22e249844b8ccf0dd peer=2
2025-10-31T17:24:32Z UpdateTip: new best=7006473296f71be2e0a163ebf19f47c0daf19a8416817ef22e249844b8ccf0dd height=96 version=0x20000000 log2_work=7.599913 tx=97 date='2025-10-31T17:24:48Z' progress=1.000000 cache=0.3MiB(96txo)
2025-10-31T17:24:32Z Saw new header hash=784532e92fcfe78869a6e00d874d23f654996536dc8b40b6741798cc3f1f084f height=97
2025-10-31T17:24:32Z Saw new cmpctblock header hash=784532e92fcfe78869a6e00d874d23f654996536dc8b40b6741798cc3f1f084f peer=2
2025-10-31T17:24:32Z UpdateTip: new best=784532e92fcfe78869a6e00d874d23f654996536dc8b40b6741798cc3f1f084f height=97 version=0x20000000 log2_work=7.614710 tx=98 date='2025-10-31T17:24:48Z' progress=1.000000 cache=0.3MiB(97txo)
2025-10-31T17:24:32Z Saw new header hash=159d051b4bb298cbd624a0ce3403f7415fffe1b6a19185efaa01373f655907a7 height=98
2025-10-31T17:24:32Z Saw new cmpctblock header hash=159d051b4bb298cbd624a0ce3403f7415fffe1b6a19185efaa01373f655907a7 peer=2
2025-10-31T17:24:32Z UpdateTip: new best=159d051b4bb298cbd624a0ce3403f7415fffe1b6a19185efaa01373f655907a7 height=98 version=0x20000000 log2_work=7.629357 tx=99 date='2025-10-31T17:24:49Z' progress=1.000000 cache=0.3MiB(98txo)
2025-10-31T17:24:32Z Saw new header hash=322aee266293c5b67e163df0365f55b48c364ceaaa37e9ebfa40f9f4b108eff4 height=99
2025-10-31T17:24:32Z Saw new cmpctblock header hash=322aee266293c5b67e163df0365f55b48c364ceaaa37e9ebfa40f9f4b108eff4 peer=3
2025-10-31T17:24:32Z UpdateTip: new best=322aee266293c5b67e163df0365f55b48c364ceaaa37e9ebfa40f9f4b108eff4 height=99 version=0x20000000 log2_work=7.643856 tx=100 date='2025-10-31T17:24:49Z' progress=1.000000 cache=0.3MiB(99txo)
2025-10-31T17:24:32Z Saw new header hash=44442ebfdb33d57e328d897900a6c02383db319e1bb39fd65200078eaaf8beab height=100
2025-10-31T17:24:32Z Saw new cmpctblock header hash=44442ebfdb33d57e328d897900a6c02383db319e1bb39fd65200078eaaf8beab peer=2
2025-10-31T17:24:32Z UpdateTip: new best=44442ebfdb33d57e328d897900a6c02383db319e1bb39fd65200078eaaf8beab height=100 version=0x20000000 log2_work=7.658211 tx=101 date='2025-10-31T17:24:49Z' progress=1.000000 cache=0.3MiB(100txo)
2025-10-31T17:24:32Z Saw new header hash=6db883d5164cce53a789a3bf402672038871900b480b6328152ca9b7c077f118 height=101
2025-10-31T17:24:32Z Saw new cmpctblock header hash=6db883d5164cce53a789a3bf402672038871900b480b6328152ca9b7c077f118 peer=3
2025-10-31T17:24:32Z UpdateTip: new best=6db883d5164cce53a789a3bf402672038871900b480b6328152ca9b7c077f118 height=101 version=0x20000000 log2_work=7.672425 tx=102 date='2025-10-31T17:24:49Z' progress=1.000000 cache=0.3MiB(101txo)
2025-10-31T17:24:32Z Saw new header hash=618c3a7f3ec179710b3b1d6f4559b444c41a5d0e6b23519c9ffaf386f29a1c5f height=102
2025-10-31T17:24:32Z Saw new cmpctblock header hash=618c3a7f3ec179710b3b1d6f4559b444c41a5d0e6b23519c9ffaf386f29a1c5f peer=2
2025-10-31T17:24:32Z UpdateTip: new best=618c3a7f3ec179710b3b1d6f4559b444c41a5d0e6b23519c9ffaf386f29a1c5f height=102 version=0x20000000 log2_work=7.686501 tx=103 date='2025-10-31T17:24:49Z' progress=1.000000 cache=0.3MiB(102txo)
2025-10-31T17:24:32Z Saw new header hash=337e3d262f8ac47cd10f6cd5a49d1ff7a4642e8a881c306e7f5768d626041a64 height=103
2025-10-31T17:24:32Z Saw new cmpctblock header hash=337e3d262f8ac47cd10f6cd5a49d1ff7a4642e8a881c306e7f5768d626041a64 peer=2
2025-10-31T17:24:32Z UpdateTip: new best=337e3d262f8ac47cd10f6cd5a49d1ff7a4642e8a881c306e7f5768d626041a64 height=103 version=0x20000000 log2_work=7.700440 tx=104 date='2025-10-31T17:24:49Z' progress=1.000000 cache=0.3MiB(103txo)
2025-10-31T17:24:32Z Saw new header hash=22cd0c1f5f243b13d91e3fe56346ccb7f5c909de1b1020533609eae01ace0c3f height=104
2025-10-31T17:24:32Z Saw new cmpctblock header hash=22cd0c1f5f243b13d91e3fe56346ccb7f5c909de1b1020533609eae01ace0c3f peer=3
2025-10-31T17:24:32Z UpdateTip: new best=22cd0c1f5f243b13d91e3fe56346ccb7f5c909de1b1020533609eae01ace0c3f height=104 version=0x20000000 log2_work=7.714246 tx=105 date='2025-10-31T17:24:50Z' progress=1.000000 cache=0.3MiB(104txo)
2025-10-31T17:24:32Z Saw new header hash=36cc625f802d257a71e52e98b35da5d95417468db7b63375182db37b9d1e09d9 height=105
2025-10-31T17:24:32Z Saw new cmpctblock header hash=36cc625f802d257a71e52e98b35da5d95417468db7b63375182db37b9d1e09d9 peer=2
2025-10-31T17:24:32Z UpdateTip: new best=36cc625f802d257a71e52e98b35da5d95417468db7b63375182db37b9d1e09d9 height=105 version=0x20000000 log2_work=7.727920 tx=106 date='2025-10-31T17:24:50Z' progress=1.000000 cache=0.3MiB(105txo)
2025-10-31T17:24:32Z Saw new header hash=4e5b1a4b85dda5490aca0a70fa933df08e2e045cec6b54db2c358ae709d0ee3b height=106
2025-10-31T17:24:32Z Saw new cmpctblock header hash=4e5b1a4b85dda5490aca0a70fa933df08e2e045cec6b54db2c358ae709d0ee3b peer=3
2025-10-31T17:24:32Z UpdateTip: new best=4e5b1a4b85dda5490aca0a70fa933df08e2e045cec6b54db2c358ae709d0ee3b height=106 version=0x20000000 log2_work=7.741467 tx=107 date='2025-10-31T17:24:50Z' progress=1.000000 cache=0.3MiB(106txo)
2025-10-31T17:24:32Z Saw new header hash=116b24cfa37c7741a836b8ab96f6ac1450013912a2f3635276414399da6382fc height=107
2025-10-31T17:24:32Z Saw new cmpctblock header hash=116b24cfa37c7741a836b8ab96f6ac1450013912a2f3635276414399da6382fc peer=2
2025-10-31T17:24:32Z UpdateTip: new best=116b24cfa37c7741a836b8ab96f6ac1450013912a2f3635276414399da6382fc height=107 version=0x20000000 log2_work=7.754888 tx=108 date='2025-10-31T17:24:50Z' progress=1.000000 cache=0.3MiB(107txo)
2025-10-31T17:24:32Z Saw new header hash=23f6bcd3fc0e9104709f44796ace4ec32ebf98dbd519a975fcaff1f85c874906 height=108
2025-10-31T17:24:32Z Saw new cmpctblock header hash=23f6bcd3fc0e9104709f44796ace4ec32ebf98dbd519a975fcaff1f85c874906 peer=3
2025-10-31T17:24:32Z UpdateTip: new best=23f6bcd3fc0e9104709f44796ace4ec32ebf98dbd519a975fcaff1f85c874906 height=108 version=0x20000000 log2_work=7.768184 tx=109 date='2025-10-31T17:24:50Z' progress=1.000000 cache=0.3MiB(108txo)
2025-10-31T17:24:32Z Saw new header hash=75aa6cfed07d91c4dbf883d69fb2e2050d65c884c167b8b30cae6600ecc1e5fe height=109
2025-10-31T17:24:32Z Saw new cmpctblock header hash=75aa6cfed07d91c4dbf883d69fb2e2050d65c884c167b8b30cae6600ecc1e5fe peer=3
2025-10-31T17:24:32Z UpdateTip: new best=75aa6cfed07d91c4dbf883d69fb2e2050d65c884c167b8b30cae6600ecc1e5fe height=109 version=0x20000000 log2_work=7.781360 tx=110 date='2025-10-31T17:24:50Z' progress=1.000000 cache=0.3MiB(109txo)
2025-10-31T17:24:32Z Saw new header hash=6718240bea7b9361a23ca460a18538cc876f26d98f1d3c29f9e6dbac4302e5e6 height=110
2025-10-31T17:24:32Z Saw new cmpctblock header hash=6718240bea7b9361a23ca460a18538cc876f26d98f1d3c29f9e6dbac4302e5e6 peer=3
2025-10-31T17:24:32Z UpdateTip: new best=6718240bea7b9361a23ca460a18538cc876f26d98f1d3c29f9e6dbac4302e5e6 height=110 version=0x20000000 log2_work=7.794416 tx=111 date='2025-10-31T17:24:51Z' progress=1.000000 cache=0.3MiB(110txo)
2025-10-31T17:24:32Z Saw new header hash=24296ef56203d9a50b7da74c6ee4baf55d71a02ff1011cac161f5c4927eb5e98 height=111
2025-10-31T17:24:32Z Saw new cmpctblock header hash=24296ef56203d9a50b7da74c6ee4baf55d71a02ff1011cac161f5c4927eb5e98 peer=3
2025-10-31T17:24:32Z UpdateTip: new best=24296ef56203d9a50b7da74c6ee4baf55d71a02ff1011cac161f5c4927eb5e98 height=111 version=0x20000000 log2_work=7.807355 tx=112 date='2025-10-31T17:24:51Z' progress=1.000000 cache=0.3MiB(111txo)
2025-10-31T17:24:32Z Saw new header hash=17d011b8881e9f30835933dc43b62cbcd133dc794d05c90850a25d23c1f7e7a8 height=112
2025-10-31T17:24:32Z Saw new cmpctblock header hash=17d011b8881e9f30835933dc43b62cbcd133dc794d05c90850a25d23c1f7e7a8 peer=2
2025-10-31T17:24:32Z UpdateTip: new best=17d011b8881e9f30835933dc43b62cbcd133dc794d05c90850a25d23c1f7e7a8 height=112 version=0x20000000 log2_work=7.820179 tx=113 date='2025-10-31T17:24:51Z' progress=1.000000 cache=0.3MiB(112txo)
2025-10-31T17:24:32Z Saw new header hash=7a514d1499a7c87325e9a4b18d176114d5504e2a6759acd72d0cc9feb73d4a7c height=113
2025-10-31T17:24:32Z Saw new cmpctblock header hash=7a514d1499a7c87325e9a4b18d176114d5504e2a6759acd72d0cc9feb73d4a7c peer=2
2025-10-31T17:24:32Z UpdateTip: new best=7a514d1499a7c87325e9a4b18d176114d5504e2a6759acd72d0cc9feb73d4a7c height=113 version=0x20000000 log2_work=7.832890 tx=114 date='2025-10-31T17:24:51Z' progress=1.000000 cache=0.3MiB(113txo)
2025-10-31T17:24:32Z Saw new header hash=12adcb43318ed3472574f928d2e068a47584dde9dd6f318f3cb7e0965ef58d25 height=114
2025-10-31T17:24:32Z Saw new cmpctblock header hash=12adcb43318ed3472574f928d2e068a47584dde9dd6f318f3cb7e0965ef58d25 peer=3
2025-10-31T17:24:32Z UpdateTip: new best=12adcb43318ed3472574f928d2e068a47584dde9dd6f318f3cb7e0965ef58d25 height=114 version=0x20000000 log2_work=7.845490 tx=115 date='2025-10-31T17:24:51Z' progress=1.000000 cache=0.3MiB(114txo)
2025-10-31T17:24:32Z Saw new header hash=2632198986f8b05434f966193051d03686a4258108250190b31c5aa221d4949d height=115
2025-10-31T17:24:32Z Saw new cmpctblock header hash=2632198986f8b05434f966193051d03686a4258108250190b31c5aa221d4949d peer=3
2025-10-31T17:24:32Z UpdateTip: new best=2632198986f8b05434f966193051d03686a4258108250190b31c5aa221d4949d height=115 version=0x20000000 log2_work=7.857981 tx=116 date='2025-10-31T17:24:51Z' progress=1.000000 cache=0.3MiB(115txo)
2025-10-31T17:24:32Z Saw new header hash=1ab3eb8520eec55845135eddf7c0d63ac258942d1d485abd42c677ad13f3b1c6 height=116
2025-10-31T17:24:32Z Saw new cmpctblock header hash=1ab3eb8520eec55845135eddf7c0d63ac258942d1d485abd42c677ad13f3b1c6 peer=3
2025-10-31T17:24:32Z UpdateTip: new best=1ab3eb8520eec55845135eddf7c0d63ac258942d1d485abd42c677ad13f3b1c6 height=116 version=0x20000000 log2_work=7.870365 tx=117 date='2025-10-31T17:24:52Z' progress=1.000000 cache=0.3MiB(116txo)
2025-10-31T17:24:32Z Saw new header hash=7c9440b60559846a78c724e60e6513773e9344d53def7f1431d264bd7c0735e4 height=117
2025-10-31T17:24:32Z Saw new cmpctblock header hash=7c9440b60559846a78c724e60e6513773e9344d53def7f1431d264bd7c0735e4 peer=3
2025-10-31T17:24:32Z UpdateTip: new best=7c9440b60559846a78c724e60e6513773e9344d53def7f1431d264bd7c0735e4 height=117 version=0x20000000 log2_work=7.882643 tx=118 date='2025-10-31T17:24:52Z' progress=1.000000 cache=0.3MiB(117txo)
2025-10-31T17:24:32Z Saw new header hash=1650c11ee9a90921df49497ecc9ed384262707d58f6857a4d7efa83a0ea2290c height=118
2025-10-31T17:24:32Z Saw new cmpctblock header hash=1650c11ee9a90921df49497ecc9ed384262707d58f6857a4d7efa83a0ea2290c peer=2
2025-10-31T17:24:32Z UpdateTip: new best=1650c11ee9a90921df49497ecc9ed384262707d58f6857a4d7efa83a0ea2290c height=118 version=0x20000000 log2_work=7.894818 tx=119 date='2025-10-31T17:24:52Z' progress=1.000000 cache=0.3MiB(118txo)
2025-10-31T17:24:32Z Saw new header hash=5f3a548b3124dbbde5f9903535c671575b0d3b5c691091bc61a91c762fa0289d height=119
2025-10-31T17:24:32Z Saw new cmpctblock header hash=5f3a548b3124dbbde5f9903535c671575b0d3b5c691091bc61a91c762fa0289d peer=3
2025-10-31T17:24:32Z UpdateTip: new best=5f3a548b3124dbbde5f9903535c671575b0d3b5c691091bc61a91c762fa0289d height=119 version=0x20000000 log2_work=7.906891 tx=120 date='2025-10-31T17:24:52Z' progress=1.000000 cache=0.3MiB(119txo)
2025-10-31T17:24:32Z Saw new header hash=65256062893c2bd28b8d07860e912c36756e401e3d99ea7b24c7b807366fe471 height=120
2025-10-31T17:24:32Z Saw new cmpctblock header hash=65256062893c2bd28b8d07860e912c36756e401e3d99ea7b24c7b807366fe471 peer=2
2025-10-31T17:24:32Z UpdateTip: new best=65256062893c2bd28b8d07860e912c36756e401e3d99ea7b24c7b807366fe471 height=120 version=0x20000000 log2_work=7.918863 tx=121 date='2025-10-31T17:24:52Z' progress=1.000000 cache=0.3MiB(120txo)
2025-10-31T17:24:32Z Saw new header hash=647e1c7061da02308a1f568d1833c4caf3654209f51397c368908f0c5c018b1c height=121
2025-10-31T17:24:32Z Saw new cmpctblock header hash=647e1c7061da02308a1f568d1833c4caf3654209f51397c368908f0c5c018b1c peer=2
2025-10-31T17:24:32Z UpdateTip: new best=647e1c7061da02308a1f568d1833c4caf3654209f51397c368908f0c5c018b1c height=121 version=0x20000000 log2_work=7.930737 tx=122 date='2025-10-31T17:24:52Z' progress=1.000000 cache=0.3MiB(121txo)
2025-10-31T17:24:32Z Saw new header hash=0d2f7376ebe6ac8f6fb6d5d0809e366bc06367a401e7e83ed635677250c28aeb height=122
2025-10-31T17:24:32Z Saw new cmpctblock header hash=0d2f7376ebe6ac8f6fb6d5d0809e366bc06367a401e7e83ed635677250c28aeb peer=2
2025-10-31T17:24:32Z UpdateTip: new best=0d2f7376ebe6ac8f6fb6d5d0809e366bc06367a401e7e83ed635677250c28aeb height=122 version=0x20000000 log2_work=7.942515 tx=123 date='2025-10-31T17:24:53Z' progress=1.000000 cache=0.3MiB(122txo)
2025-10-31T17:24:32Z Saw new header hash=521d6e0c8fbd7da5fd4fca96c056687adf8a2fd4872d671e26613ce54cb533b9 height=123
2025-10-31T17:24:32Z Saw new cmpctblock header hash=521d6e0c8fbd7da5fd4fca96c056687adf8a2fd4872d671e26613ce54cb533b9 peer=2
2025-10-31T17:24:32Z UpdateTip: new best=521d6e0c8fbd7da5fd4fca96c056687adf8a2fd4872d671e26613ce54cb533b9 height=123 version=0x20000000 log2_work=7.954196 tx=124 date='2025-10-31T17:24:53Z' progress=1.000000 cache=0.3MiB(123txo)
2025-10-31T17:24:32Z Saw new header hash=300c10f0d5f396f9c2cbf78f1388f29ac1b980b8c420794eedbeda3efd7e61a8 height=124
2025-10-31T17:24:32Z Saw new cmpctblock header hash=300c10f0d5f396f9c2cbf78f1388f29ac1b980b8c420794eedbeda3efd7e61a8 peer=2
2025-10-31T17:24:32Z UpdateTip: new best=300c10f0d5f396f9c2cbf78f1388f29ac1b980b8c420794eedbeda3efd7e61a8 height=124 version=0x20000000 log2_work=7.965784 tx=125 date='2025-10-31T17:24:53Z' progress=1.000000 cache=0.3MiB(124txo)
2025-10-31T17:24:32Z Saw new header hash=0c5f08b6e72864ecd4701a1ae4ed412f530e6a07a1396bc447ff44f274c13b51 height=125
2025-10-31T17:24:32Z Saw new cmpctblock header hash=0c5f08b6e72864ecd4701a1ae4ed412f530e6a07a1396bc447ff44f274c13b51 peer=2
2025-10-31T17:24:32Z UpdateTip: new best=0c5f08b6e72864ecd4701a1ae4ed412f530e6a07a1396bc447ff44f274c13b51 height=125 version=0x20000000 log2_work=7.977280 tx=126 date='2025-10-31T17:24:53Z' progress=1.000000 cache=0.3MiB(125txo)
2025-10-31T17:24:32Z Saw new header hash=54f45a81355a7ed3da759371dddf7567c91602352214eb33bfa44c8ddf2af9ef height=126
2025-10-31T17:24:32Z Saw new cmpctblock header hash=54f45a81355a7ed3da759371dddf7567c91602352214eb33bfa44c8ddf2af9ef peer=2
2025-10-31T17:24:32Z UpdateTip: new best=54f45a81355a7ed3da759371dddf7567c91602352214eb33bfa44c8ddf2af9ef height=126 version=0x20000000 log2_work=7.988685 tx=127 date='2025-10-31T17:24:53Z' progress=1.000000 cache=0.3MiB(126txo)
2025-10-31T17:24:32Z Saw new header hash=63cb6f8bfbd218bc3decce10da6056f006d56de7d629cdfe766c635dc4af99ab height=127
2025-10-31T17:24:32Z Saw new cmpctblock header hash=63cb6f8bfbd218bc3decce10da6056f006d56de7d629cdfe766c635dc4af99ab peer=3
2025-10-31T17:24:32Z UpdateTip: new best=63cb6f8bfbd218bc3decce10da6056f006d56de7d629cdfe766c635dc4af99ab height=127 version=0x20000000 log2_work=8.000000 tx=128 date='2025-10-31T17:24:53Z' progress=1.000000 cache=0.3MiB(127txo)
2025-10-31T17:24:32Z Saw new header hash=6f5d50385891225e6e1486c7ff35e701b13cfdd88cd0217d7b9e22f44c0629cd height=128
2025-10-31T17:24:32Z Saw new cmpctblock header hash=6f5d50385891225e6e1486c7ff35e701b13cfdd88cd0217d7b9e22f44c0629cd peer=3
2025-10-31T17:24:32Z UpdateTip: new best=6f5d50385891225e6e1486c7ff35e701b13cfdd88cd0217d7b9e22f44c0629cd height=128 version=0x20000000 log2_work=8.011227 tx=129 date='2025-10-31T17:24:54Z' progress=1.000000 cache=0.3MiB(128txo)
2025-10-31T17:24:32Z Saw new header hash=23f2b2b30094f546910c1e6a8a07b6e4da872932f2e34ff4d0986b0b7f8f0668 height=129
2025-10-31T17:24:32Z Saw new cmpctblock header hash=23f2b2b30094f546910c1e6a8a07b6e4da872932f2e34ff4d0986b0b7f8f0668 peer=2
2025-10-31T17:24:32Z UpdateTip: new best=23f2b2b30094f546910c1e6a8a07b6e4da872932f2e34ff4d0986b0b7f8f0668 height=129 version=0x20000000 log2_work=8.022368 tx=130 date='2025-10-31T17:24:54Z' progress=1.000000 cache=0.3MiB(129txo)
2025-10-31T17:24:32Z Saw new header hash=1cb9f8127ecfae7d6841c95ff7baaec2eb629d23eddbc4100e5f2ce68bf5b0d9 height=130
2025-10-31T17:24:32Z Saw new cmpctblock header hash=1cb9f8127ecfae7d6841c95ff7baaec2eb629d23eddbc4100e5f2ce68bf5b0d9 peer=2
2025-10-31T17:24:32Z UpdateTip: new best=1cb9f8127ecfae7d6841c95ff7baaec2eb629d23eddbc4100e5f2ce68bf5b0d9 height=130 version=0x20000000 log2_work=8.033423 tx=131 date='2025-10-31T17:24:54Z' progress=1.000000 cache=0.3MiB(130txo)
2025-10-31T17:24:32Z Saw new header hash=2583f0b4d51d256c2b1b9368e1cfc7657c180f12446c70d0182c33a31db1522c height=131
2025-10-31T17:24:32Z Saw new cmpctblock header hash=2583f0b4d51d256c2b1b9368e1cfc7657c180f12446c70d0182c33a31db1522c peer=2
2025-10-31T17:24:32Z UpdateTip: new best=2583f0b4d51d256c2b1b9368e1cfc7657c180f12446c70d0182c33a31db1522c height=131 version=0x20000000 log2_work=8.044394 tx=132 date='2025-10-31T17:24:54Z' progress=1.000000 cache=0.3MiB(131txo)
2025-10-31T17:24:32Z Saw new header hash=33567320a8447205f8cde51f22322dadb6e2e574584c5dad0c5e45ae302b54c6 height=132
2025-10-31T17:24:32Z Saw new cmpctblock header hash=33567320a8447205f8cde51f22322dadb6e2e574584c5dad0c5e45ae302b54c6 peer=2
2025-10-31T17:24:32Z UpdateTip: new best=33567320a8447205f8cde51f22322dadb6e2e574584c5dad0c5e45ae302b54c6 height=132 version=0x20000000 log2_work=8.055282 tx=133 date='2025-10-31T17:24:54Z' progress=1.000000 cache=0.3MiB(132txo)
2025-10-31T17:24:32Z Saw new header hash=4cff5763eb5d1983c0d75d5f6afbd3525073c2a5b97401809a56525808911f31 height=133
2025-10-31T17:24:32Z Saw new cmpctblock header hash=4cff5763eb5d1983c0d75d5f6afbd3525073c2a5b97401809a56525808911f31 peer=3
2025-10-31T17:24:32Z UpdateTip: new best=4cff5763eb5d1983c0d75d5f6afbd3525073c2a5b97401809a56525808911f31 height=133 version=0x20000000 log2_work=8.066089 tx=134 date='2025-10-31T17:24:54Z' progress=1.000000 cache=0.3MiB(133txo)
2025-10-31T17:24:32Z Saw new header hash=11c5de3d949d6764ae25a98a1145f05f3822ed13b81623a7fb2bc32c3b960655 height=134
2025-10-31T17:24:32Z Saw new cmpctblock header hash=11c5de3d949d6764ae25a98a1145f05f3822ed13b81623a7fb2bc32c3b960655 peer=3
2025-10-31T17:24:32Z UpdateTip: new best=11c5de3d949d6764ae25a98a1145f05f3822ed13b81623a7fb2bc32c3b960655 height=134 version=0x20000000 log2_work=8.076816 tx=135 date='2025-10-31T17:24:55Z' progress=1.000000 cache=0.3MiB(134txo)
2025-10-31T17:24:32Z Saw new header hash=5b433cd18e3fccd7fdc502fc591265d7b4e682ca3c3d9d57a2f319812ae9c0be height=135
2025-10-31T17:24:32Z Saw new cmpctblock header hash=5b433cd18e3fccd7fdc502fc591265d7b4e682ca3c3d9d57a2f319812ae9c0be peer=2
2025-10-31T17:24:32Z UpdateTip: new best=5b433cd18e3fccd7fdc502fc591265d7b4e682ca3c3d9d57a2f319812ae9c0be height=135 version=0x20000000 log2_work=8.087463 tx=136 date='2025-10-31T17:24:55Z' progress=1.000000 cache=0.3MiB(135txo)
2025-10-31T17:24:32Z Saw new header hash=21c6da2ad5c6bbf979f2c57682b6676151d1a832b591ef437d7375fbd581bf1d height=136
2025-10-31T17:24:32Z Saw new cmpctblock header hash=21c6da2ad5c6bbf979f2c57682b6676151d1a832b591ef437d7375fbd581bf1d peer=3
2025-10-31T17:24:32Z UpdateTip: new best=21c6da2ad5c6bbf979f2c57682b6676151d1a832b591ef437d7375fbd581bf1d height=136 version=0x20000000 log2_work=8.098032 tx=137 date='2025-10-31T17:24:55Z' progress=1.000000 cache=0.3MiB(136txo)
2025-10-31T17:24:32Z Saw new header hash=68ea82910562dbc47851f596397b5c5bba5177f704dc3c93cee2f88d8e36a446 height=137
2025-10-31T17:24:32Z Saw new cmpctblock header hash=68ea82910562dbc47851f596397b5c5bba5177f704dc3c93cee2f88d8e36a446 peer=2
2025-10-31T17:24:32Z UpdateTip: new best=68ea82910562dbc47851f596397b5c5bba5177f704dc3c93cee2f88d8e36a446 height=137 version=0x20000000 log2_work=8.108524 tx=138 date='2025-10-31T17:24:55Z' progress=1.000000 cache=0.3MiB(137txo)
2025-10-31T17:24:32Z Saw new header hash=298366fb2a01688099b7338ad125988d84baba8c89452f1323aa41436f060757 height=138
2025-10-31T17:24:32Z Saw new cmpctblock header hash=298366fb2a01688099b7338ad125988d84baba8c89452f1323aa41436f060757 peer=3
2025-10-31T17:24:32Z UpdateTip: new best=298366fb2a01688099b7338ad125988d84baba8c89452f1323aa41436f060757 height=138 version=0x20000000 log2_work=8.118941 tx=139 date='2025-10-31T17:24:55Z' progress=1.000000 cache=0.3MiB(138txo)
2025-10-31T17:24:32Z Saw new header hash=7b047837e786db3ee7f2c6a9296bde8fdb75b44bf25c84abfa02584ec7b1caa3 height=139
2025-10-31T17:24:32Z Saw new cmpctblock header hash=7b047837e786db3ee7f2c6a9296bde8fdb75b44bf25c84abfa02584ec7b1caa3 peer=2
2025-10-31T17:24:32Z UpdateTip: new best=7b047837e786db3ee7f2c6a9296bde8fdb75b44bf25c84abfa02584ec7b1caa3 height=139 version=0x20000000 log2_work=8.129283 tx=140 date='2025-10-31T17:24:55Z' progress=1.000000 cache=0.3MiB(139txo)
2025-10-31T17:24:32Z Saw new header hash=319036b3b94e3cf4b1831ffe2d18c95519a48241219174e72b2f58b273efd9a7 height=140
2025-10-31T17:24:32Z Saw new cmpctblock header hash=319036b3b94e3cf4b1831ffe2d18c95519a48241219174e72b2f58b273efd9a7 peer=2
2025-10-31T17:24:32Z UpdateTip: new best=319036b3b94e3cf4b1831ffe2d18c95519a48241219174e72b2f58b273efd9a7 height=140 version=0x20000000 log2_work=8.139551 tx=141 date='2025-10-31T17:24:56Z' progress=1.000000 cache=0.3MiB(140txo)
2025-10-31T17:24:32Z Saw new header hash=6c0a22bfaa9ef3b04f24e63ad3dbaf3be00597d1f0813623dae05e035102735a height=141
2025-10-31T17:24:32Z Saw new cmpctblock header hash=6c0a22bfaa9ef3b04f24e63ad3dbaf3be00597d1f0813623dae05e035102735a peer=3
2025-10-31T17:24:32Z UpdateTip: new best=6c0a22bfaa9ef3b04f24e63ad3dbaf3be00597d1f0813623dae05e035102735a height=141 version=0x20000000 log2_work=8.149747 tx=142 date='2025-10-31T17:24:56Z' progress=1.000000 cache=0.3MiB(141txo)
2025-10-31T17:24:32Z Saw new header hash=0cee27a0af81796d757a3d7c1a09c719bcc1354ee455d4569a65108d48d668a1 height=142
2025-10-31T17:24:32Z Saw new cmpctblock header hash=0cee27a0af81796d757a3d7c1a09c719bcc1354ee455d4569a65108d48d668a1 peer=2
2025-10-31T17:24:32Z UpdateTip: new best=0cee27a0af81796d757a3d7c1a09c719bcc1354ee455d4569a65108d48d668a1 height=142 version=0x20000000 log2_work=8.159871 tx=143 date='2025-10-31T17:24:56Z' progress=1.000000 cache=0.3MiB(142txo)
2025-10-31T17:24:32Z Saw new header hash=1e86078b3bcabc2fcd84574db5bf203a04accb448846556d3cd1663c93612942 height=143
2025-10-31T17:24:32Z Saw new cmpctblock header hash=1e86078b3bcabc2fcd84574db5bf203a04accb448846556d3cd1663c93612942 peer=3
2025-10-31T17:24:32Z UpdateTip: new best=1e86078b3bcabc2fcd84574db5bf203a04accb448846556d3cd1663c93612942 height=143 version=0x20000000 log2_work=8.169925 tx=144 date='2025-10-31T17:24:56Z' progress=1.000000 cache=0.3MiB(143txo)
2025-10-31T17:24:32Z Saw new header hash=54417e2585c1ec86ad0e3d191e4fde762b7bd9f16b8ea29650e4ac5c7c84c9a3 height=144
2025-10-31T17:24:32Z Saw new cmpctblock header hash=54417e2585c1ec86ad0e3d191e4fde762b7bd9f16b8ea29650e4ac5c7c84c9a3 peer=2
2025-10-31T17:24:32Z UpdateTip: new best=54417e2585c1ec86ad0e3d191e4fde762b7bd9f16b8ea29650e4ac5c7c84c9a3 height=144 version=0x30000000 log2_work=8.179909 tx=145 date='2025-10-31T17:24:56Z' progress=1.000000 cache=0.3MiB(144txo)
2025-10-31T17:24:32Z Saw new header hash=2dbddb81d158d31264369c7028226a2e5d67b830101fb80c2defa6508641fdb9 height=145
2025-10-31T17:24:32Z Saw new cmpctblock header hash=2dbddb81d158d31264369c7028226a2e5d67b830101fb80c2defa6508641fdb9 peer=3
2025-10-31T17:24:32Z UpdateTip: new best=2dbddb81d158d31264369c7028226a2e5d67b830101fb80c2defa6508641fdb9 height=145 version=0x30000000 log2_work=8.189825 tx=146 date='2025-10-31T17:24:56Z' progress=1.000000 cache=0.3MiB(145txo)
2025-10-31T17:24:32Z Saw new header hash=00802ff2e4c6e7e3bb5b55e7667e8ced1f47795d603bf7e78f73e268debc702e height=146
2025-10-31T17:24:32Z Saw new cmpctblock header hash=00802ff2e4c6e7e3bb5b55e7667e8ced1f47795d603bf7e78f73e268debc702e peer=2
2025-10-31T17:24:32Z UpdateTip: new best=00802ff2e4c6e7e3bb5b55e7667e8ced1f47795d603bf7e78f73e268debc702e height=146 version=0x30000000 log2_work=8.199672 tx=147 date='2025-10-31T17:24:57Z' progress=1.000000 cache=0.3MiB(146txo)
2025-10-31T17:24:32Z Saw new header hash=33679849380e3688bffabe8943e762a74099eed3a3313014b5daf883a25e7ce9 height=147
2025-10-31T17:24:32Z Saw new cmpctblock header hash=33679849380e3688bffabe8943e762a74099eed3a3313014b5daf883a25e7ce9 peer=3
2025-10-31T17:24:32Z UpdateTip: new best=33679849380e3688bffabe8943e762a74099eed3a3313014b5daf883a25e7ce9 height=147 version=0x30000000 log2_work=8.209453 tx=148 date='2025-10-31T17:24:57Z' progress=1.000000 cache=0.3MiB(147txo)
2025-10-31T17:24:32Z Saw new header hash=2ec6a4266ac5b2fd903c4d07b973fb749411a2281b9144616ad9e0090bf6a51c height=148
2025-10-31T17:24:32Z Saw new cmpctblock header hash=2ec6a4266ac5b2fd903c4d07b973fb749411a2281b9144616ad9e0090bf6a51c peer=2
2025-10-31T17:24:32Z UpdateTip: new best=2ec6a4266ac5b2fd903c4d07b973fb749411a2281b9144616ad9e0090bf6a51c height=148 version=0x30000000 log2_work=8.219169 tx=149 date='2025-10-31T17:24:57Z' progress=1.000000 cache=0.3MiB(148txo)
2025-10-31T17:24:32Z Saw new header hash=52e8e1e21d1d1795843d6682183bee6942165149264ad52ffe8642513d6335ba height=149
2025-10-31T17:24:32Z Saw new cmpctblock header hash=52e8e1e21d1d1795843d6682183bee6942165149264ad52ffe8642513d6335ba peer=3
2025-10-31T17:24:32Z UpdateTip: new best=52e8e1e21d1d1795843d6682183bee6942165149264ad52ffe8642513d6335ba height=149 version=0x30000000 log2_work=8.228819 tx=150 date='2025-10-31T17:24:57Z' progress=1.000000 cache=0.3MiB(149txo)
2025-10-31T17:24:32Z Saw new header hash=557c6a0b30eedfa87ce9a621e96d3198c57ea50f3841353657e9f3dcf9e1bfb0 height=150
2025-10-31T17:24:32Z Saw new cmpctblock header hash=557c6a0b30eedfa87ce9a621e96d3198c57ea50f3841353657e9f3dcf9e1bfb0 peer=3
2025-10-31T17:24:32Z UpdateTip: new best=557c6a0b30eedfa87ce9a621e96d3198c57ea50f3841353657e9f3dcf9e1bfb0 height=150 version=0x30000000 log2_work=8.238405 tx=151 date='2025-10-31T17:24:57Z' progress=1.000000 cache=0.3MiB(150txo)
2025-10-31T17:24:32Z Saw new header hash=6738f9b3900ec4eb999ad2ab4395e7681740240b0659012b66ba49b352f93232 height=151
2025-10-31T17:24:32Z Saw new cmpctblock header hash=6738f9b3900ec4eb999ad2ab4395e7681740240b0659012b66ba49b352f93232 peer=2
2025-10-31T17:24:32Z UpdateTip: new best=6738f9b3900ec4eb999ad2ab4395e7681740240b0659012b66ba49b352f93232 height=151 version=0x30000000 log2_work=8.247928 tx=152 date='2025-10-31T17:24:57Z' progress=1.000000 cache=0.3MiB(151txo)
2025-10-31T17:24:32Z Saw new header hash=2ce4d6eebbe118178bdee5270859c41f808f80c3a5ba71e3a78a27f68eb70921 height=152
2025-10-31T17:24:32Z Saw new cmpctblock header hash=2ce4d6eebbe118178bdee5270859c41f808f80c3a5ba71e3a78a27f68eb70921 peer=2
2025-10-31T17:24:32Z UpdateTip: new best=2ce4d6eebbe118178bdee5270859c41f808f80c3a5ba71e3a78a27f68eb70921 height=152 version=0x30000000 log2_work=8.257388 tx=153 date='2025-10-31T17:24:58Z' progress=1.000000 cache=0.3MiB(152txo)
2025-10-31T17:24:32Z Saw new header hash=0be8db507429b785f82dfe56cfab5855067bf437587151fc3d344a571ace8daf height=153
2025-10-31T17:24:32Z Saw new cmpctblock header hash=0be8db507429b785f82dfe56cfab5855067bf437587151fc3d344a571ace8daf peer=3
2025-10-31T17:24:32Z UpdateTip: new best=0be8db507429b785f82dfe56cfab5855067bf437587151fc3d344a571ace8daf height=153 version=0x30000000 log2_work=8.266787 tx=154 date='2025-10-31T17:24:58Z' progress=1.000000 cache=0.3MiB(153txo)
2025-10-31T17:24:32Z Saw new header hash=54823adf60bcf5b1fd1277b8fbaf63272b600a9d2fe7a985d8f65a249cd35ec2 height=154
2025-10-31T17:24:32Z Saw new cmpctblock header hash=54823adf60bcf5b1fd1277b8fbaf63272b600a9d2fe7a985d8f65a249cd35ec2 peer=2
2025-10-31T17:24:32Z UpdateTip: new best=54823adf60bcf5b1fd1277b8fbaf63272b600a9d2fe7a985d8f65a249cd35ec2 height=154 version=0x30000000 log2_work=8.276124 tx=155 date='2025-10-31T17:24:58Z' progress=1.000000 cache=0.3MiB(154txo)
2025-10-31T17:24:32Z Saw new header hash=4eb36d55c0909179b5533d0599e1edfd4f5342b73d08a0a1ef7fe348c23f3245 height=155
2025-10-31T17:24:32Z Saw new cmpctblock header hash=4eb36d55c0909179b5533d0599e1edfd4f5342b73d08a0a1ef7fe348c23f3245 peer=2
2025-10-31T17:24:32Z UpdateTip: new best=4eb36d55c0909179b5533d0599e1edfd4f5342b73d08a0a1ef7fe348c23f3245 height=155 version=0x30000000 log2_work=8.285402 tx=156 date='2025-10-31T17:24:58Z' progress=1.000000 cache=0.3MiB(155txo)
2025-10-31T17:24:32Z Saw new header hash=01086f4f983c2109c030b7f7b331bcec023d427a0324fb5a242b51a63504debb height=156
2025-10-31T17:24:32Z Saw new cmpctblock header hash=01086f4f983c2109c030b7f7b331bcec023d427a0324fb5a242b51a63504debb peer=2
2025-10-31T17:24:32Z UpdateTip: new best=01086f4f983c2109c030b7f7b331bcec023d427a0324fb5a242b51a63504debb height=156 version=0x30000000 log2_work=8.294621 tx=157 date='2025-10-31T17:24:58Z' progress=1.000000 cache=0.3MiB(156txo)
2025-10-31T17:24:32Z Saw new header hash=61c8d468b79986e10e77126b3d087683d46d60296cfac1ca5e64994105d84740 height=157
2025-10-31T17:24:32Z Saw new cmpctblock header hash=61c8d468b79986e10e77126b3d087683d46d60296cfac1ca5e64994105d84740 peer=2
2025-10-31T17:24:32Z UpdateTip: new best=61c8d468b79986e10e77126b3d087683d46d60296cfac1ca5e64994105d84740 height=157 version=0x30000000 log2_work=8.303781 tx=158 date='2025-10-31T17:24:58Z' progress=1.000000 cache=0.3MiB(157txo)
2025-10-31T17:24:32Z Saw new header hash=277f6238ae152c0a99118cd0da17ea27317a4b561fcdc90faa4879795fd086aa height=158
2025-10-31T17:24:32Z Saw new cmpctblock header hash=277f6238ae152c0a99118cd0da17ea27317a4b561fcdc90faa4879795fd086aa peer=3
2025-10-31T17:24:32Z UpdateTip: new best=277f6238ae152c0a99118cd0da17ea27317a4b561fcdc90faa4879795fd086aa height=158 version=0x30000000 log2_work=8.312883 tx=159 date='2025-10-31T17:24:59Z' progress=1.000000 cache=0.3MiB(158txo)
2025-10-31T17:24:32Z Saw new header hash=71b2a64db39912d76524311de027261b447e91bb46f33430624259b4b7335c15 height=159
2025-10-31T17:24:32Z Saw new cmpctblock header hash=71b2a64db39912d76524311de027261b447e91bb46f33430624259b4b7335c15 peer=2
2025-10-31T17:24:32Z UpdateTip: new best=71b2a64db39912d76524311de027261b447e91bb46f33430624259b4b7335c15 height=159 version=0x30000000 log2_work=8.321928 tx=160 date='2025-10-31T17:24:59Z' progress=1.000000 cache=0.3MiB(159txo)
2025-10-31T17:24:32Z Saw new header hash=461e3aed6788234f8c788b34eae6f4f5613756cbbd7005352b42f5de0b82010e height=160
2025-10-31T17:24:32Z Saw new cmpctblock header hash=461e3aed6788234f8c788b34eae6f4f5613756cbbd7005352b42f5de0b82010e peer=2
2025-10-31T17:24:32Z UpdateTip: new best=461e3aed6788234f8c788b34eae6f4f5613756cbbd7005352b42f5de0b82010e height=160 version=0x30000000 log2_work=8.330917 tx=161 date='2025-10-31T17:24:59Z' progress=1.000000 cache=0.3MiB(160txo)
2025-10-31T17:24:32Z Saw new header hash=3fd560348fdfb1a7a3fad48943a361aea249581c7d346d1385740d7ccc12448c height=161
2025-10-31T17:24:32Z Saw new cmpctblock header hash=3fd560348fdfb1a7a3fad48943a361aea249581c7d346d1385740d7ccc12448c peer=3
2025-10-31T17:24:32Z UpdateTip: new best=3fd560348fdfb1a7a3fad48943a361aea249581c7d346d1385740d7ccc12448c height=161 version=0x30000000 log2_work=8.339850 tx=162 date='2025-10-31T17:24:59Z' progress=1.000000 cache=0.3MiB(161txo)
2025-10-31T17:24:32Z Saw new header hash=5079456f632afedeab8456a3e05fcb9e467498a6d5f0b20b41ca1f748e8730bd height=162
2025-10-31T17:24:32Z Saw new cmpctblock header hash=5079456f632afedeab8456a3e05fcb9e467498a6d5f0b20b41ca1f748e8730bd peer=3
2025-10-31T17:24:32Z UpdateTip: new best=5079456f632afedeab8456a3e05fcb9e467498a6d5f0b20b41ca1f748e8730bd height=162 version=0x30000000 log2_work=8.348728 tx=163 date='2025-10-31T17:24:59Z' progress=1.000000 cache=0.3MiB(162txo)
2025-10-31T17:24:32Z Saw new header hash=2f1f08c98f97eaa7a9f01a18d770b27bb0ccafc44965ea680f4f9978b23aed45 height=163
2025-10-31T17:24:32Z Saw new cmpctblock header hash=2f1f08c98f97eaa7a9f01a18d770b27bb0ccafc44965ea680f4f9978b23aed45 peer=2
2025-10-31T17:24:32Z UpdateTip: new best=2f1f08c98f97eaa7a9f01a18d770b27bb0ccafc44965ea680f4f9978b23aed45 height=163 version=0x30000000 log2_work=8.357552 tx=164 date='2025-10-31T17:24:59Z' progress=1.000000 cache=0.3MiB(163txo)
2025-10-31T17:24:32Z Saw new header hash=43201488c0a5d58b454aad671d39d33ec9facb92eb63d2fa8ba9392e67a9988c height=164
2025-10-31T17:24:32Z Saw new cmpctblock header hash=43201488c0a5d58b454aad671d39d33ec9facb92eb63d2fa8ba9392e67a9988c peer=2
2025-10-31T17:24:32Z UpdateTip: new best=43201488c0a5d58b454aad671d39d33ec9facb92eb63d2fa8ba9392e67a9988c height=164 version=0x30000000 log2_work=8.366322 tx=165 date='2025-10-31T17:25:00Z' progress=1.000000 cache=0.3MiB(164txo)
2025-10-31T17:24:32Z Saw new header hash=4894df9ad3f5f8aeaff7c6f84c8fce2f2a6397409df58215af5670081fb22edc height=165
2025-10-31T17:24:32Z Saw new cmpctblock header hash=4894df9ad3f5f8aeaff7c6f84c8fce2f2a6397409df58215af5670081fb22edc peer=3
2025-10-31T17:24:32Z UpdateTip: new best=4894df9ad3f5f8aeaff7c6f84c8fce2f2a6397409df58215af5670081fb22edc height=165 version=0x30000000 log2_work=8.375039 tx=166 date='2025-10-31T17:25:00Z' progress=1.000000 cache=0.3MiB(165txo)
2025-10-31T17:24:32Z Saw new header hash=0817bb74e070f56f7fd7ae6d6ffb4e31aba0537cb3ab3271d5f974610dae4908 height=166
2025-10-31T17:24:32Z Saw new cmpctblock header hash=0817bb74e070f56f7fd7ae6d6ffb4e31aba0537cb3ab3271d5f974610dae4908 peer=2
2025-10-31T17:24:32Z UpdateTip: new best=0817bb74e070f56f7fd7ae6d6ffb4e31aba0537cb3ab3271d5f974610dae4908 height=166 version=0x30000000 log2_work=8.383704 tx=167 date='2025-10-31T17:25:00Z' progress=1.000000 cache=0.3MiB(166txo)
2025-10-31T17:24:32Z Saw new header hash=6ff0688476c0da9def237c683ad5fd0f469b389c430dfbbd0661c29579fc5a95 height=167
2025-10-31T17:24:32Z Saw new cmpctblock header hash=6ff0688476c0da9def237c683ad5fd0f469b389c430dfbbd0661c29579fc5a95 peer=2
2025-10-31T17:24:32Z UpdateTip: new best=6ff0688476c0da9def237c683ad5fd0f469b389c430dfbbd0661c29579fc5a95 height=167 version=0x30000000 log2_work=8.392317 tx=168 date='2025-10-31T17:25:00Z' progress=1.000000 cache=0.3MiB(167txo)
2025-10-31T17:24:32Z Saw new header hash=17f002da37295e600e38c48ac4caf40f27cf85c8fdbb424baf1213366978f4e5 height=168
2025-10-31T17:24:32Z Saw new cmpctblock header hash=17f002da37295e600e38c48ac4caf40f27cf85c8fdbb424baf1213366978f4e5 peer=3
2025-10-31T17:24:32Z UpdateTip: new best=17f002da37295e600e38c48ac4caf40f27cf85c8fdbb424baf1213366978f4e5 height=168 version=0x30000000 log2_work=8.400879 tx=169 date='2025-10-31T17:25:00Z' progress=1.000000 cache=0.3MiB(168txo)
2025-10-31T17:24:32Z Saw new header hash=68289bc98d424146fe7f936a9424ca1c844ea3ffca4034c927452442b017a140 height=169
2025-10-31T17:24:32Z Saw new cmpctblock header hash=68289bc98d424146fe7f936a9424ca1c844ea3ffca4034c927452442b017a140 peer=3
2025-10-31T17:24:32Z UpdateTip: new best=68289bc98d424146fe7f936a9424ca1c844ea3ffca4034c927452442b017a140 height=169 version=0x30000000 log2_work=8.409391 tx=170 date='2025-10-31T17:25:00Z' progress=1.000000 cache=0.3MiB(169txo)
2025-10-31T17:24:32Z Saw new header hash=20507b109d19fe342287546cae666d4621076b2590cec1289a038e624b3214b1 height=170
2025-10-31T17:24:32Z Saw new cmpctblock header hash=20507b109d19fe342287546cae666d4621076b2590cec1289a038e624b3214b1 peer=2
2025-10-31T17:24:32Z UpdateTip: new best=20507b109d19fe342287546cae666d4621076b2590cec1289a038e624b3214b1 height=170 version=0x30000000 log2_work=8.417853 tx=171 date='2025-10-31T17:25:01Z' progress=1.000000 cache=0.3MiB(170txo)
2025-10-31T17:24:36Z Saw new header hash=38038baea736d0e3fc1e7769151c64c37d7e6b63c016be1529576ca26a32a0c9 height=171
2025-10-31T17:24:36Z Saw new cmpctblock header hash=38038baea736d0e3fc1e7769151c64c37d7e6b63c016be1529576ca26a32a0c9 peer=2
2025-10-31T17:24:36Z UpdateTip: new best=38038baea736d0e3fc1e7769151c64c37d7e6b63c016be1529576ca26a32a0c9 height=171 version=0x30000000 log2_work=8.426265 tx=172 date='2025-10-31T17:25:01Z' progress=1.000000 cache=0.3MiB(171txo)
2025-10-31T17:24:42Z Saw new header hash=7bfc6f060af9fe9851d5ed4018c45e154b4dd02eef199b45ff87809c10383e3b height=172
2025-10-31T17:24:42Z Saw new cmpctblock header hash=7bfc6f060af9fe9851d5ed4018c45e154b4dd02eef199b45ff87809c10383e3b peer=2
2025-10-31T17:24:42Z UpdateTip: new best=7bfc6f060af9fe9851d5ed4018c45e154b4dd02eef199b45ff87809c10383e3b height=172 version=0x30000000 log2_work=8.434628 tx=220 date='2025-10-31T17:25:01Z' progress=1.000000 cache=0.3MiB(266txo)
2025-10-31T17:24:47Z Saw new header hash=7e7c8b9fafc1169e30d9e8f458828c350a6dafef90ecce929f7ebfbdd094bf8d height=173
2025-10-31T17:24:47Z Saw new cmpctblock header hash=7e7c8b9fafc1169e30d9e8f458828c350a6dafef90ecce929f7ebfbdd094bf8d peer=3
2025-10-31T17:24:47Z UpdateTip: new best=7e7c8b9fafc1169e30d9e8f458828c350a6dafef90ecce929f7ebfbdd094bf8d height=173 version=0x30000000 log2_work=8.442943 tx=241 date='2025-10-31T17:25:01Z' progress=1.000000 cache=0.3MiB(307txo)
2025-10-31T17:24:52Z Saw new header hash=0b47cb48d6102a0fce865f0f529feb1b3fb037547e7a5626aa9d9d86c4e8a4a0 height=174
2025-10-31T17:24:52Z Saw new cmpctblock header hash=0b47cb48d6102a0fce865f0f529feb1b3fb037547e7a5626aa9d9d86c4e8a4a0 peer=2
2025-10-31T17:24:52Z UpdateTip: new best=0b47cb48d6102a0fce865f0f529feb1b3fb037547e7a5626aa9d9d86c4e8a4a0 height=174 version=0x30000000 log2_work=8.451211 tx=283 date='2025-10-31T17:25:01Z' progress=1.000000 cache=0.3MiB(336txo)
2025-10-31T17:24:57Z Saw new header hash=340dc43d5600097cfe1d3583bfc0cb015abd832e9a20d9b7b29f8ef2e4a1315e height=175
2025-10-31T17:24:57Z Saw new cmpctblock header hash=340dc43d5600097cfe1d3583bfc0cb015abd832e9a20d9b7b29f8ef2e4a1315e peer=2
2025-10-31T17:24:57Z UpdateTip: new best=340dc43d5600097cfe1d3583bfc0cb015abd832e9a20d9b7b29f8ef2e4a1315e height=175 version=0x30000000 log2_work=8.459432 tx=346 date='2025-10-31T17:25:01Z' progress=1.000000 cache=0.3MiB(341txo)
2025-10-31T17:25:02Z Saw new header hash=629066d595ae0bac660f48401b18f499f55a84e557eeac387016bcf5368e2c4f height=176
2025-10-31T17:25:02Z Saw new cmpctblock header hash=629066d595ae0bac660f48401b18f499f55a84e557eeac387016bcf5368e2c4f peer=2
2025-10-31T17:25:02Z UpdateTip: new best=629066d595ae0bac660f48401b18f499f55a84e557eeac387016bcf5368e2c4f height=176 version=0x30000000 log2_work=8.467606 tx=395 date='2025-10-31T17:25:02Z' progress=1.000000 cache=0.3MiB(357txo)
2025-10-31T17:25:07Z Saw new header hash=472566dd6e001f0d691146d42cbce156b0fa2a5ca4372231a2467277b99dc6ae height=177
2025-10-31T17:25:07Z Saw new cmpctblock header hash=472566dd6e001f0d691146d42cbce156b0fa2a5ca4372231a2467277b99dc6ae peer=3
2025-10-31T17:25:07Z UpdateTip: new best=472566dd6e001f0d691146d42cbce156b0fa2a5ca4372231a2467277b99dc6ae height=177 version=0x30000000 log2_work=8.475733 tx=433 date='2025-10-31T17:25:07Z' progress=1.000000 cache=0.3MiB(365txo)
2025-10-31T17:25:12Z Saw new header hash=0aef02273f61e1d68f872f58e97aaf97814b380ab581e5116de13a7808ea9662 height=178
2025-10-31T17:25:12Z Saw new cmpctblock header hash=0aef02273f61e1d68f872f58e97aaf97814b380ab581e5116de13a7808ea9662 peer=3
2025-10-31T17:25:12Z UpdateTip: new best=0aef02273f61e1d68f872f58e97aaf97814b380ab581e5116de13a7808ea9662 height=178 version=0x30000000 log2_work=8.483816 tx=471 date='2025-10-31T17:25:12Z' progress=1.000000 cache=0.3MiB(379txo)
2025-10-31T17:25:17Z Saw new header hash=380640bb7ff9c7fabe9a85cce0ddac95f8a5b9214fa4cb9f5c07e271ec0f94b5 height=179
2025-10-31T17:25:17Z Saw new cmpctblock header hash=380640bb7ff9c7fabe9a85cce0ddac95f8a5b9214fa4cb9f5c07e271ec0f94b5 peer=3
2025-10-31T17:25:17Z UpdateTip: new best=380640bb7ff9c7fabe9a85cce0ddac95f8a5b9214fa4cb9f5c07e271ec0f94b5 height=179 version=0x30000000 log2_work=8.491853 tx=517 date='2025-10-31T17:25:17Z' progress=1.000000 cache=0.3MiB(392txo)
2025-10-31T17:25:22Z Saw new header hash=0f2e1006c0de982d747a8437ee5d7e4f142906e5964dcf2be1e87ad72673a07d height=180
2025-10-31T17:25:22Z Saw new cmpctblock header hash=0f2e1006c0de982d747a8437ee5d7e4f142906e5964dcf2be1e87ad72673a07d peer=2
2025-10-31T17:25:22Z UpdateTip: new best=0f2e1006c0de982d747a8437ee5d7e4f142906e5964dcf2be1e87ad72673a07d height=180 version=0x30000000 log2_work=8.499846 tx=524 date='2025-10-31T17:25:22Z' progress=1.000000 cache=0.3MiB(393txo)
2025-10-31T17:25:27Z Saw new header hash=396b3acc0d551fe37a882571ce1a8966cd470c1410b718447f99daa941753d35 height=181
2025-10-31T17:25:27Z Saw new cmpctblock header hash=396b3acc0d551fe37a882571ce1a8966cd470c1410b718447f99daa941753d35 peer=2
2025-10-31T17:25:27Z UpdateTip: new best=396b3acc0d551fe37a882571ce1a8966cd470c1410b718447f99daa941753d35 height=181 version=0x30000000 log2_work=8.507795 tx=598 date='2025-10-31T17:25:27Z' progress=1.000000 cache=0.3MiB(399txo)
2025-10-31T17:25:32Z Saw new header hash=7b5386e2b9e21e311f95bce11daefec1dd8e445bca5fb64a5d88ab9c0efa4697 height=182
2025-10-31T17:25:32Z Saw new cmpctblock header hash=7b5386e2b9e21e311f95bce11daefec1dd8e445bca5fb64a5d88ab9c0efa4697 peer=2
2025-10-31T17:25:32Z UpdateTip: new best=7b5386e2b9e21e311f95bce11daefec1dd8e445bca5fb64a5d88ab9c0efa4697 height=182 version=0x30000000 log2_work=8.515700 tx=626 date='2025-10-31T17:25:32Z' progress=1.000000 cache=0.3MiB(368txo)
2025-10-31T17:25:37Z Saw new header hash=70d95329c0c6058dc38fe7bf7b4eb8e88f063e1cf82aea51adc2eaf08f7e8f51 height=183
2025-10-31T17:25:37Z Saw new cmpctblock header hash=70d95329c0c6058dc38fe7bf7b4eb8e88f063e1cf82aea51adc2eaf08f7e8f51 peer=2
2025-10-31T17:25:37Z UpdateTip: new best=70d95329c0c6058dc38fe7bf7b4eb8e88f063e1cf82aea51adc2eaf08f7e8f51 height=183 version=0x30000000 log2_work=8.523562 tx=664 date='2025-10-31T17:25:37Z' progress=1.000000 cache=0.3MiB(383txo)
2025-10-31T17:25:42Z Saw new header hash=4b8aa5300f1634fda4053e9e2d85c3cf222ce9aaa0c4ccfe90f603d0099d142c height=184
2025-10-31T17:25:42Z Saw new cmpctblock header hash=4b8aa5300f1634fda4053e9e2d85c3cf222ce9aaa0c4ccfe90f603d0099d142c peer=2
2025-10-31T17:25:42Z UpdateTip: new best=4b8aa5300f1634fda4053e9e2d85c3cf222ce9aaa0c4ccfe90f603d0099d142c height=184 version=0x30000000 log2_work=8.531381 tx=707 date='2025-10-31T17:25:42Z' progress=1.000000 cache=0.3MiB(395txo)
2025-10-31T17:25:47Z Saw new header hash=22a44fa194278d96b0fa487b2bb435a9248724f1f97202012f0056c7a33d07be height=185
2025-10-31T17:25:47Z Saw new cmpctblock header hash=22a44fa194278d96b0fa487b2bb435a9248724f1f97202012f0056c7a33d07be peer=3
2025-10-31T17:25:47Z UpdateTip: new best=22a44fa194278d96b0fa487b2bb435a9248724f1f97202012f0056c7a33d07be height=185 version=0x30000000 log2_work=8.539159 tx=738 date='2025-10-31T17:25:47Z' progress=1.000000 cache=0.3MiB(395txo)
2025-10-31T17:25:53Z Saw new header hash=7f500f4384d9984b0b75adb4987a0f3a3420be46e32514dd300a756406b1dc6c height=186
2025-10-31T17:25:53Z Saw new cmpctblock header hash=7f500f4384d9984b0b75adb4987a0f3a3420be46e32514dd300a756406b1dc6c peer=3
2025-10-31T17:25:53Z UpdateTip: new best=7f500f4384d9984b0b75adb4987a0f3a3420be46e32514dd300a756406b1dc6c height=186 version=0x30000000 log2_work=8.546894 tx=801 date='2025-10-31T17:25:52Z' progress=1.000000 cache=0.3MiB(413txo)
2025-10-31T17:25:58Z Saw new header hash=632f421dd17d2c617e52e524d3d4504d211b2d04e9022c785801ee25c34532be height=187
2025-10-31T17:25:58Z Saw new cmpctblock header hash=632f421dd17d2c617e52e524d3d4504d211b2d04e9022c785801ee25c34532be peer=2
2025-10-31T17:25:58Z UpdateTip: new best=632f421dd17d2c617e52e524d3d4504d211b2d04e9022c785801ee25c34532be height=187 version=0x30000000 log2_work=8.554589 tx=821 date='2025-10-31T17:25:58Z' progress=1.000000 cache=0.3MiB(407txo)
2025-10-31T17:26:03Z Saw new header hash=125f05b97bb331840a58a0e8b491339138138d32d6244c397a8e527d64e9896e height=188
2025-10-31T17:26:03Z Saw new cmpctblock header hash=125f05b97bb331840a58a0e8b491339138138d32d6244c397a8e527d64e9896e peer=2
2025-10-31T17:26:03Z UpdateTip: new best=125f05b97bb331840a58a0e8b491339138138d32d6244c397a8e527d64e9896e height=188 version=0x30000000 log2_work=8.562242 tx=874 date='2025-10-31T17:26:03Z' progress=1.000000 cache=0.3MiB(428txo)
2025-10-31T17:26:08Z Saw new header hash=61460b7e359a96110e34f9f9197e02953fdb7cc5f25528d79ed75b54437718e1 height=189
2025-10-31T17:26:08Z Saw new cmpctblock header hash=61460b7e359a96110e34f9f9197e02953fdb7cc5f25528d79ed75b54437718e1 peer=3
2025-10-31T17:26:08Z UpdateTip: new best=61460b7e359a96110e34f9f9197e02953fdb7cc5f25528d79ed75b54437718e1 height=189 version=0x30000000 log2_work=8.569856 tx=921 date='2025-10-31T17:26:08Z' progress=1.000000 cache=0.3MiB(418txo)
2025-10-31T17:26:13Z Saw new header hash=65f11b4a3c5b900d006fbe9a5aee2f2ce9b5676151242eea019e8faa64a530c2 height=190
2025-10-31T17:26:13Z Saw new cmpctblock header hash=65f11b4a3c5b900d006fbe9a5aee2f2ce9b5676151242eea019e8faa64a530c2 peer=3
2025-10-31T17:26:13Z UpdateTip: new best=65f11b4a3c5b900d006fbe9a5aee2f2ce9b5676151242eea019e8faa64a530c2 height=190 version=0x30000000 log2_work=8.577429 tx=948 date='2025-10-31T17:26:13Z' progress=1.000000 cache=0.3MiB(420txo)
2025-10-31T17:26:18Z Saw new header hash=5028efddc8a1771d5a5bd4abbc6b45803e884e2256cbb997d730c6779565c82a height=191
2025-10-31T17:26:18Z Saw new cmpctblock header hash=5028efddc8a1771d5a5bd4abbc6b45803e884e2256cbb997d730c6779565c82a peer=3
2025-10-31T17:26:18Z UpdateTip: new best=5028efddc8a1771d5a5bd4abbc6b45803e884e2256cbb997d730c6779565c82a height=191 version=0x30000000 log2_work=8.584963 tx=1005 date='2025-10-31T17:26:18Z' progress=1.000000 cache=0.3MiB(429txo)
2025-10-31T17:26:23Z Saw new header hash=600f1431d84131cd4a23d4bcb6b34a3e7584ad73ade2eba66105065e1ee2e332 height=192
2025-10-31T17:26:23Z Saw new cmpctblock header hash=600f1431d84131cd4a23d4bcb6b34a3e7584ad73ade2eba66105065e1ee2e332 peer=2
2025-10-31T17:26:23Z UpdateTip: new best=600f1431d84131cd4a23d4bcb6b34a3e7584ad73ade2eba66105065e1ee2e332 height=192 version=0x30000000 log2_work=8.592457 tx=1046 date='2025-10-31T17:26:23Z' progress=1.000000 cache=0.3MiB(435txo)
2025-10-31T17:26:28Z Saw new header hash=6c40f3a7622252dc62f704729b5dfb7be607e933cd244172ddacc5dd74f37c14 height=193
2025-10-31T17:26:28Z Saw new cmpctblock header hash=6c40f3a7622252dc62f704729b5dfb7be607e933cd244172ddacc5dd74f37c14 peer=2
2025-10-31T17:26:28Z UpdateTip: new best=6c40f3a7622252dc62f704729b5dfb7be607e933cd244172ddacc5dd74f37c14 height=193 version=0x30000000 log2_work=8.599913 tx=1084 date='2025-10-31T17:26:28Z' progress=1.000000 cache=0.3MiB(446txo)
2025-10-31T17:26:33Z Saw new header hash=6a23fcd0459df36155ae8bdcd78e5e084725a75789b741ebff83ed309cbae8f0 height=194
2025-10-31T17:26:33Z Saw new cmpctblock header hash=6a23fcd0459df36155ae8bdcd78e5e084725a75789b741ebff83ed309cbae8f0 peer=2
2025-10-31T17:26:33Z UpdateTip: new best=6a23fcd0459df36155ae8bdcd78e5e084725a75789b741ebff83ed309cbae8f0 height=194 version=0x30000000 log2_work=8.607330 tx=1137 date='2025-10-31T17:26:33Z' progress=1.000000 cache=0.3MiB(459txo)
2025-10-31T17:26:38Z Saw new header hash=44e7467aaddf975e7dbd8ea3e6f3b22fc84f5aa5bb0929fd03d120b7ef1657c3 height=195
2025-10-31T17:26:38Z Saw new cmpctblock header hash=44e7467aaddf975e7dbd8ea3e6f3b22fc84f5aa5bb0929fd03d120b7ef1657c3 peer=2
2025-10-31T17:26:38Z UpdateTip: new best=44e7467aaddf975e7dbd8ea3e6f3b22fc84f5aa5bb0929fd03d120b7ef1657c3 height=195 version=0x30000000 log2_work=8.614710 tx=1178 date='2025-10-31T17:26:38Z' progress=1.000000 cache=0.3MiB(465txo)
2025-10-31T17:26:43Z Saw new header hash=0392b08302c3ca60e9ae9d306607f47a44e3a21493328089aa44b6825154655c height=196
2025-10-31T17:26:43Z Saw new cmpctblock header hash=0392b08302c3ca60e9ae9d306607f47a44e3a21493328089aa44b6825154655c peer=2
2025-10-31T17:26:43Z UpdateTip: new best=0392b08302c3ca60e9ae9d306607f47a44e3a21493328089aa44b6825154655c height=196 version=0x30000000 log2_work=8.622052 tx=1214 date='2025-10-31T17:26:43Z' progress=1.000000 cache=0.3MiB(473txo)
2025-10-31T17:26:48Z Saw new header hash=5ab0d8597839aa91d09e9c7a7e718f580bbb1373ae4edae31eddc19e911866bf height=197
2025-10-31T17:26:48Z Saw new cmpctblock header hash=5ab0d8597839aa91d09e9c7a7e718f580bbb1373ae4edae31eddc19e911866bf peer=3
2025-10-31T17:26:48Z UpdateTip: new best=5ab0d8597839aa91d09e9c7a7e718f580bbb1373ae4edae31eddc19e911866bf height=197 version=0x30000000 log2_work=8.629357 tx=1252 date='2025-10-31T17:26:48Z' progress=1.000000 cache=0.3MiB(482txo)
2025-10-31T17:26:53Z Saw new header hash=18487c4819cab812367b889da26e5d478286b6992bbb5370d9f8b229fad5a01e height=198
2025-10-31T17:26:53Z Saw new cmpctblock header hash=18487c4819cab812367b889da26e5d478286b6992bbb5370d9f8b229fad5a01e peer=3
2025-10-31T17:26:53Z UpdateTip: new best=18487c4819cab812367b889da26e5d478286b6992bbb5370d9f8b229fad5a01e height=198 version=0x30000000 log2_work=8.636625 tx=1279 date='2025-10-31T17:26:53Z' progress=1.000000 cache=0.3MiB(486txo)
2025-10-31T17:26:59Z Saw new header hash=154d5663a3b1f8f9fb203d24cf68cf85ae554cf00b58a1b8b5ffc3fb491bfd3b height=199
2025-10-31T17:26:59Z Saw new cmpctblock header hash=154d5663a3b1f8f9fb203d24cf68cf85ae554cf00b58a1b8b5ffc3fb491bfd3b peer=2
2025-10-31T17:26:59Z UpdateTip: new best=154d5663a3b1f8f9fb203d24cf68cf85ae554cf00b58a1b8b5ffc3fb491bfd3b height=199 version=0x30000000 log2_work=8.643856 tx=1337 date='2025-10-31T17:26:58Z' progress=1.000000 cache=0.3MiB(480txo)
2025-10-31T17:27:05Z Saw new header hash=513ed0483ef798d000c1acaa3e33bcc11080a79a93b2e0be6022a86bdf6a988a height=200
2025-10-31T17:27:05Z Saw new cmpctblock header hash=513ed0483ef798d000c1acaa3e33bcc11080a79a93b2e0be6022a86bdf6a988a peer=2
2025-10-31T17:27:05Z UpdateTip: new best=513ed0483ef798d000c1acaa3e33bcc11080a79a93b2e0be6022a86bdf6a988a height=200 version=0x30000000 log2_work=8.651052 tx=1358 date='2025-10-31T17:27:04Z' progress=1.000000 cache=0.3MiB(476txo)
2025-10-31T17:27:16Z Saw new header hash=41764d1c3154e9774e0208fcd53b04ac33666542ff8f80fbafcf6cb85640185f height=201
2025-10-31T17:27:16Z Saw new cmpctblock header hash=41764d1c3154e9774e0208fcd53b04ac33666542ff8f80fbafcf6cb85640185f peer=3
2025-10-31T17:27:16Z UpdateTip: new best=41764d1c3154e9774e0208fcd53b04ac33666542ff8f80fbafcf6cb85640185f height=201 version=0x30000000 log2_work=8.658211 tx=1406 date='2025-10-31T17:27:09Z' progress=1.000000 cache=0.3MiB(485txo)
2025-10-31T17:27:21Z Saw new header hash=3a7b98eb58cb676c3dfa3bcb9df6d441251a3796c51b031cfe5b0baafe0f2a01 height=202
2025-10-31T17:27:21Z Saw new cmpctblock header hash=3a7b98eb58cb676c3dfa3bcb9df6d441251a3796c51b031cfe5b0baafe0f2a01 peer=2
2025-10-31T17:27:21Z Saw new header hash=6e6173e8f2870c009a521e857ab3746df8f66129efd0ca4a18f99dc25e1ec756 height=203
2025-10-31T17:27:21Z Saw new cmpctblock header hash=6e6173e8f2870c009a521e857ab3746df8f66129efd0ca4a18f99dc25e1ec756 peer=2
2025-10-31T17:27:22Z UpdateTip: new best=3a7b98eb58cb676c3dfa3bcb9df6d441251a3796c51b031cfe5b0baafe0f2a01 height=202 version=0x30000000 log2_work=8.665336 tx=1459 date='2025-10-31T17:27:14Z' progress=1.000000 cache=0.3MiB(487txo)
2025-10-31T17:27:22Z UpdateTip: new best=6e6173e8f2870c009a521e857ab3746df8f66129efd0ca4a18f99dc25e1ec756 height=203 version=0x30000000 log2_work=8.672425 tx=1460 date='2025-10-31T17:27:20Z' progress=1.000000 cache=0.3MiB(488txo)
2025-10-31T17:29:58Z Saw new header hash=3401946c1d17296608ea9d9542606d8aaf613025338f5028a5a543964f754504 height=204
2025-10-31T17:29:58Z Saw new cmpctblock header hash=3401946c1d17296608ea9d9542606d8aaf613025338f5028a5a543964f754504 peer=2
2025-10-31T17:29:58Z Saw new header hash=348474616a84a61988b00acfb5938df12b75be2f2ae0e714d335f6b4a4bda979 height=205
2025-10-31T17:29:58Z Saw new cmpctblock header hash=348474616a84a61988b00acfb5938df12b75be2f2ae0e714d335f6b4a4bda979 peer=3
2025-10-31T17:29:58Z Saw new header hash=5601dbf0daf83620649207357ee0fc12940be60baf0afcb1973104a61ce9baa1 height=206
2025-10-31T17:29:58Z Saw new cmpctblock header hash=5601dbf0daf83620649207357ee0fc12940be60baf0afcb1973104a61ce9baa1 peer=3
2025-10-31T17:29:58Z Saw new header hash=423d24d4b804646d96fd4f422e7603611d32b7b26f1141ec6b93b2de13c4b52f height=207
2025-10-31T17:29:58Z Saw new cmpctblock header hash=423d24d4b804646d96fd4f422e7603611d32b7b26f1141ec6b93b2de13c4b52f peer=3
2025-10-31T17:29:58Z Saw new header hash=4ef090a54b8fe7e5bd2c0b50a711f2f76235ed828c57eb137d81ab7f9a48023d height=208
2025-10-31T17:29:58Z Saw new cmpctblock header hash=4ef090a54b8fe7e5bd2c0b50a711f2f76235ed828c57eb137d81ab7f9a48023d peer=2
2025-10-31T17:29:58Z Saw new header hash=19639d65b9bbc310ae7302c53c8c8a126cee2ea200de07c4897cab4e7b580453 height=209
2025-10-31T17:29:58Z Saw new cmpctblock header hash=19639d65b9bbc310ae7302c53c8c8a126cee2ea200de07c4897cab4e7b580453 peer=3
2025-10-31T17:29:58Z Saw new header hash=01e9126ef35d9b2c8cf110f572616ab76d83783851e4588cad7bb986017ed7de height=210
2025-10-31T17:29:58Z Saw new cmpctblock header hash=01e9126ef35d9b2c8cf110f572616ab76d83783851e4588cad7bb986017ed7de peer=3
2025-10-31T17:29:58Z Saw new header hash=089f0404be3d145dc29730b58d8c22d404e475982eba843f518819f7e4e3b17f height=211
2025-10-31T17:29:58Z Saw new cmpctblock header hash=089f0404be3d145dc29730b58d8c22d404e475982eba843f518819f7e4e3b17f peer=3
2025-10-31T17:29:58Z Saw new header hash=6f8c2253777b98d0c306f2b4c7ca0834071678e098db21b070aa9363b55fbabf height=212
2025-10-31T17:29:58Z Saw new cmpctblock header hash=6f8c2253777b98d0c306f2b4c7ca0834071678e098db21b070aa9363b55fbabf peer=2
2025-10-31T17:29:58Z Saw new header hash=16c7270e0279e649f5a9c6e900deac99bcb3648e8de729b29c76ada4f92dd210 height=213
2025-10-31T17:29:58Z Saw new cmpctblock header hash=16c7270e0279e649f5a9c6e900deac99bcb3648e8de729b29c76ada4f92dd210 peer=2
2025-10-31T17:29:58Z Saw new header hash=332b9913edc6f29070844b3df2c74cfb464673d714f904cf5a596ff3d81ce8f4 height=214
2025-10-31T17:29:58Z Saw new cmpctblock header hash=332b9913edc6f29070844b3df2c74cfb464673d714f904cf5a596ff3d81ce8f4 peer=3
2025-10-31T17:29:58Z Saw new header hash=72be90f9f2283620b36ad4c37615f3ad65b9f253e64f17ddfb8945598cf4831a height=215
2025-10-31T17:29:58Z Saw new cmpctblock header hash=72be90f9f2283620b36ad4c37615f3ad65b9f253e64f17ddfb8945598cf4831a peer=3
2025-10-31T17:29:58Z Saw new header hash=095dfbc7faab17fad3ad7bf010a2b667df47b7bdadfe10a371d838c998e2ba68 height=216
2025-10-31T17:29:58Z Saw new cmpctblock header hash=095dfbc7faab17fad3ad7bf010a2b667df47b7bdadfe10a371d838c998e2ba68 peer=3
2025-10-31T17:29:58Z Saw new header hash=4542c0146d95aa86f7d08cf794efd4ea6087ddfa620ce57fd83d81c1fdc3a4fc height=217
2025-10-31T17:29:58Z Saw new cmpctblock header hash=4542c0146d95aa86f7d08cf794efd4ea6087ddfa620ce57fd83d81c1fdc3a4fc peer=2
2025-10-31T17:29:58Z Saw new header hash=42aa4b29fec63d52ff7454e4f92487d5c1e822b1283c8fc44354c9e81434600f height=218
2025-10-31T17:29:58Z Saw new cmpctblock header hash=42aa4b29fec63d52ff7454e4f92487d5c1e822b1283c8fc44354c9e81434600f peer=3
2025-10-31T17:29:58Z Saw new header hash=1a041e4ef83d0da122e9b79b2442d8ee86374de4a58ff8ee33591140e6ddcb72 height=219
2025-10-31T17:29:58Z Saw new cmpctblock header hash=1a041e4ef83d0da122e9b79b2442d8ee86374de4a58ff8ee33591140e6ddcb72 peer=3
2025-10-31T17:29:58Z UpdateTip: new best=3401946c1d17296608ea9d9542606d8aaf613025338f5028a5a543964f754504 height=204 version=0x30000000 log2_work=8.679480 tx=1539 date='2025-10-31T17:27:25Z' progress=1.000000 cache=0.3MiB(487txo)
2025-10-31T17:29:58Z UpdateTip: new best=348474616a84a61988b00acfb5938df12b75be2f2ae0e714d335f6b4a4bda979 height=205 version=0x30000000 log2_work=8.686501 tx=1566 date='2025-10-31T17:27:30Z' progress=1.000000 cache=0.3MiB(478txo)
2025-10-31T17:29:58Z Saw new header hash=578f60743f652750dc8912c8b0434db4694a59e25b7af51a432ec20b9e6db2a7 height=220
2025-10-31T17:29:58Z Saw new header hash=7092d77d69c7d7d47c34f2d2c2d5790c47e2f861d441f4b89dbdaa287be5d9ef height=221
2025-10-31T17:29:58Z Saw new header hash=49538314eeb040b39aab8426389e0b839373e03e9e594a943b083ecca7008d3c height=222
2025-10-31T17:29:58Z Saw new header hash=37b30097fe2ae318d4dfdb600a2bbeb9313a4c8d4211601df8fee6cf0acfd88d height=223
2025-10-31T17:29:58Z Saw new header hash=2f9a105693aa52e6cb47ea2a93a6ddad1bfa46b98cedd8c4f46857f351cc9d5c height=224
2025-10-31T17:29:58Z Saw new header hash=4919773aead3ae74cdcb600a7693fece77d94a7d025829cd8a5fb051ab5d570d height=225
2025-10-31T17:29:58Z Saw new header hash=12ce7445cec886c193f8b88cf86e33b98480c588d219003ec875a5e400636649 height=226
2025-10-31T17:29:58Z Saw new header hash=487b152132ffb67ffed9f86020bc48156074b37b5c33b08ac2fb45329e37c4da height=227
2025-10-31T17:29:58Z Saw new header hash=576bf5fcf7bf7396ed92075badb05c72cc03cf3bf1fc2027670e4724f901d54e height=228
2025-10-31T17:29:58Z Saw new header hash=2103d7817108792777fe9e6c6543a395ddefd1e7fe5b7304771476dc1fe202ee height=229
2025-10-31T17:29:58Z Saw new header hash=3c4b1788fe15cf3286f22cfa845391769758c81e7707c74d196c3e8a6bf57a19 height=230
2025-10-31T17:29:58Z Saw new header hash=53da22f0dc815df28552d8b2419fe491801497a12a08a50b00ed3b4d619581cb height=231
2025-10-31T17:29:58Z Saw new header hash=22f9c2eb0383e0a3cd9b2d23dc5426190aa00415a39c9c84e27655a175f6249d height=232
2025-10-31T17:29:58Z UpdateTip: new best=5601dbf0daf83620649207357ee0fc12940be60baf0afcb1973104a61ce9baa1 height=206 version=0x30000000 log2_work=8.693487 tx=1602 date='2025-10-31T17:27:35Z' progress=1.000000 cache=0.3MiB(490txo)
2025-10-31T17:29:58Z UpdateTip: new best=423d24d4b804646d96fd4f422e7603611d32b7b26f1141ec6b93b2de13c4b52f height=207 version=0x30000000 log2_work=8.700440 tx=1616 date='2025-10-31T17:27:41Z' progress=1.000000 cache=0.3MiB(493txo)
2025-10-31T17:29:58Z UpdateTip: new best=4ef090a54b8fe7e5bd2c0b50a711f2f76235ed828c57eb137d81ab7f9a48023d height=208 version=0x30000000 log2_work=8.707359 tx=1652 date='2025-10-31T17:27:46Z' progress=1.000000 cache=0.3MiB(491txo)
2025-10-31T17:29:58Z UpdateTip: new best=19639d65b9bbc310ae7302c53c8c8a126cee2ea200de07c4897cab4e7b580453 height=209 version=0x30000000 log2_work=8.714246 tx=1653 date='2025-10-31T17:27:51Z' progress=1.000000 cache=0.3MiB(492txo)
2025-10-31T17:29:58Z UpdateTip: new best=01e9126ef35d9b2c8cf110f572616ab76d83783851e4588cad7bb986017ed7de height=210 version=0x30000000 log2_work=8.721099 tx=1689 date='2025-10-31T17:27:56Z' progress=1.000000 cache=0.3MiB(459txo)
2025-10-31T17:29:58Z UpdateTip: new best=089f0404be3d145dc29730b58d8c22d404e475982eba843f518819f7e4e3b17f height=211 version=0x30000000 log2_work=8.727920 tx=1805 date='2025-10-31T17:28:02Z' progress=1.000000 cache=0.3MiB(464txo)
2025-10-31T17:29:58Z UpdateTip: new best=6f8c2253777b98d0c306f2b4c7ca0834071678e098db21b070aa9363b55fbabf height=212 version=0x30000000 log2_work=8.734710 tx=1847 date='2025-10-31T17:28:07Z' progress=1.000000 cache=0.3MiB(469txo)
2025-10-31T17:29:58Z UpdateTip: new best=16c7270e0279e649f5a9c6e900deac99bcb3648e8de729b29c76ada4f92dd210 height=213 version=0x30000000 log2_work=8.741467 tx=1897 date='2025-10-31T17:28:12Z' progress=1.000000 cache=0.3MiB(482txo)
2025-10-31T17:29:58Z UpdateTip: new best=332b9913edc6f29070844b3df2c74cfb464673d714f904cf5a596ff3d81ce8f4 height=214 version=0x30000000 log2_work=8.748193 tx=1921 date='2025-10-31T17:28:18Z' progress=1.000000 cache=0.3MiB(495txo)
2025-10-31T17:29:58Z UpdateTip: new best=72be90f9f2283620b36ad4c37615f3ad65b9f253e64f17ddfb8945598cf4831a height=215 version=0x30000000 log2_work=8.754888 tx=1980 date='2025-10-31T17:28:23Z' progress=1.000000 cache=0.3MiB(521txo)
2025-10-31T17:29:58Z UpdateTip: new best=095dfbc7faab17fad3ad7bf010a2b667df47b7bdadfe10a371d838c998e2ba68 height=216 version=0x30000000 log2_work=8.761551 tx=2024 date='2025-10-31T17:28:28Z' progress=1.000000 cache=0.3MiB(518txo)
2025-10-31T17:29:58Z UpdateTip: new best=4542c0146d95aa86f7d08cf794efd4ea6087ddfa620ce57fd83d81c1fdc3a4fc height=217 version=0x30000000 log2_work=8.768184 tx=2056 date='2025-10-31T17:28:34Z' progress=1.000000 cache=0.3MiB(532txo)
2025-10-31T17:29:58Z UpdateTip: new best=42aa4b29fec63d52ff7454e4f92487d5c1e822b1283c8fc44354c9e81434600f height=218 version=0x30000000 log2_work=8.774787 tx=2083 date='2025-10-31T17:28:39Z' progress=1.000000 cache=0.3MiB(540txo)
2025-10-31T17:29:58Z UpdateTip: new best=1a041e4ef83d0da122e9b79b2442d8ee86374de4a58ff8ee33591140e6ddcb72 height=219 version=0x30000000 log2_work=8.781360 tx=2122 date='2025-10-31T17:28:44Z' progress=1.000000 cache=0.3MiB(542txo)
2025-10-31T17:29:58Z UpdateTip: new best=578f60743f652750dc8912c8b0434db4694a59e25b7af51a432ec20b9e6db2a7 height=220 version=0x30000000 log2_work=8.787903 tx=2162 date='2025-10-31T17:28:49Z' progress=1.000000 cache=0.3MiB(548txo)
2025-10-31T17:29:58Z UpdateTip: new best=7092d77d69c7d7d47c34f2d2c2d5790c47e2f861d441f4b89dbdaa287be5d9ef height=221 version=0x30000000 log2_work=8.794416 tx=2222 date='2025-10-31T17:28:55Z' progress=1.000000 cache=0.3MiB(561txo)
2025-10-31T17:29:58Z UpdateTip: new best=49538314eeb040b39aab8426389e0b839373e03e9e594a943b083ecca7008d3c height=222 version=0x30000000 log2_work=8.800900 tx=2259 date='2025-10-31T17:29:00Z' progress=1.000000 cache=0.3MiB(565txo)
2025-10-31T17:29:58Z UpdateTip: new best=37b30097fe2ae318d4dfdb600a2bbeb9313a4c8d4211601df8fee6cf0acfd88d height=223 version=0x30000000 log2_work=8.807355 tx=2300 date='2025-10-31T17:29:05Z' progress=1.000000 cache=0.3MiB(576txo)
2025-10-31T17:29:58Z UpdateTip: new best=2f9a105693aa52e6cb47ea2a93a6ddad1bfa46b98cedd8c4f46857f351cc9d5c height=224 version=0x30000000 log2_work=8.813781 tx=2333 date='2025-10-31T17:29:11Z' progress=1.000000 cache=0.3MiB(583txo)
2025-10-31T17:29:58Z UpdateTip: new best=4919773aead3ae74cdcb600a7693fece77d94a7d025829cd8a5fb051ab5d570d height=225 version=0x30000000 log2_work=8.820179 tx=2377 date='2025-10-31T17:29:16Z' progress=1.000000 cache=0.3MiB(595txo)
2025-10-31T17:29:58Z UpdateTip: new best=12ce7445cec886c193f8b88cf86e33b98480c588d219003ec875a5e400636649 height=226 version=0x30000000 log2_work=8.826548 tx=2424 date='2025-10-31T17:29:21Z' progress=1.000000 cache=0.3MiB(585txo)
2025-10-31T17:29:58Z UpdateTip: new best=487b152132ffb67ffed9f86020bc48156074b37b5c33b08ac2fb45329e37c4da height=227 version=0x30000000 log2_work=8.832890 tx=2449 date='2025-10-31T17:29:26Z' progress=1.000000 cache=0.3MiB(585txo)
2025-10-31T17:29:58Z UpdateTip: new best=576bf5fcf7bf7396ed92075badb05c72cc03cf3bf1fc2027670e4724f901d54e height=228 version=0x30000000 log2_work=8.839204 tx=2465 date='2025-10-31T17:29:31Z' progress=1.000000 cache=0.3MiB(596txo)
2025-10-31T17:29:58Z UpdateTip: new best=2103d7817108792777fe9e6c6543a395ddefd1e7fe5b7304771476dc1fe202ee height=229 version=0x30000000 log2_work=8.845490 tx=2550 date='2025-10-31T17:29:37Z' progress=1.000000 cache=0.3MiB(592txo)
2025-10-31T17:29:58Z UpdateTip: new best=3c4b1788fe15cf3286f22cfa845391769758c81e7707c74d196c3e8a6bf57a19 height=230 version=0x30000000 log2_work=8.851749 tx=2581 date='2025-10-31T17:29:42Z' progress=1.000000 cache=0.3MiB(583txo)
2025-10-31T17:29:58Z UpdateTip: new best=53da22f0dc815df28552d8b2419fe491801497a12a08a50b00ed3b4d619581cb height=231 version=0x30000000 log2_work=8.857981 tx=2632 date='2025-10-31T17:29:47Z' progress=1.000000 cache=0.3MiB(611txo)
2025-10-31T17:29:58Z UpdateTip: new best=22f9c2eb0383e0a3cd9b2d23dc5426190aa00415a39c9c84e27655a175f6249d height=232 version=0x30000000 log2_work=8.864186 tx=2634 date='2025-10-31T17:29:52Z' progress=1.000000 cache=0.3MiB(612txo)
2025-10-31T17:30:01Z Saw new header hash=1e3aa0f3a3d1cecb5705d7a35e469e6e6daf4486711a1b46050b468bcbedbf92 height=233
2025-10-31T17:30:01Z Saw new cmpctblock header hash=1e3aa0f3a3d1cecb5705d7a35e469e6e6daf4486711a1b46050b468bcbedbf92 peer=3
2025-10-31T17:30:01Z UpdateTip: new best=1e3aa0f3a3d1cecb5705d7a35e469e6e6daf4486711a1b46050b468bcbedbf92 height=233 version=0x30000000 log2_work=8.870365 tx=2678 date='2025-10-31T17:29:58Z' progress=1.000000 cache=0.3MiB(624txo)
2025-10-31T17:30:08Z Saw new header hash=0916f21867e1a9ecadc5f551c720a0958872c7428b7190cef0355922a8da1644 height=234
2025-10-31T17:30:08Z Saw new cmpctblock header hash=0916f21867e1a9ecadc5f551c720a0958872c7428b7190cef0355922a8da1644 peer=3
2025-10-31T17:30:08Z UpdateTip: new best=0916f21867e1a9ecadc5f551c720a0958872c7428b7190cef0355922a8da1644 height=234 version=0x30000000 log2_work=8.876517 tx=2738 date='2025-10-31T17:30:03Z' progress=1.000000 cache=0.3MiB(617txo)
2025-10-31T17:30:11Z Saw new header hash=78a0ed947697e71760c3c7c32f75de4c12483ccce7e253a0b742cc704b836dc7 height=235
2025-10-31T17:30:11Z Saw new cmpctblock header hash=78a0ed947697e71760c3c7c32f75de4c12483ccce7e253a0b742cc704b836dc7 peer=2
2025-10-31T17:30:11Z UpdateTip: new best=78a0ed947697e71760c3c7c32f75de4c12483ccce7e253a0b742cc704b836dc7 height=235 version=0x30000000 log2_work=8.882643 tx=2777 date='2025-10-31T17:30:08Z' progress=1.000000 cache=0.3MiB(621txo)
2025-10-31T17:30:16Z Saw new header hash=3a0bc7dc47d4a883237ea3ca829d7c11f2c6d23fa552ecda51c79b4aecedb15f height=236
2025-10-31T17:30:16Z Saw new cmpctblock header hash=3a0bc7dc47d4a883237ea3ca829d7c11f2c6d23fa552ecda51c79b4aecedb15f peer=3
2025-10-31T17:30:17Z UpdateTip: new best=3a0bc7dc47d4a883237ea3ca829d7c11f2c6d23fa552ecda51c79b4aecedb15f height=236 version=0x30000000 log2_work=8.888743 tx=2817 date='2025-10-31T17:30:13Z' progress=1.000000 cache=0.3MiB(627txo)
2025-10-31T17:30:24Z Saw new header hash=5328da0d3bf78dec93872dd02ff1ca61d1e24d957f99658cfbf384e256e771ac height=237
2025-10-31T17:30:24Z Saw new cmpctblock header hash=5328da0d3bf78dec93872dd02ff1ca61d1e24d957f99658cfbf384e256e771ac peer=3
2025-10-31T17:30:24Z UpdateTip: new best=5328da0d3bf78dec93872dd02ff1ca61d1e24d957f99658cfbf384e256e771ac height=237 version=0x30000000 log2_work=8.894818 tx=2870 date='2025-10-31T17:30:19Z' progress=1.000000 cache=0.3MiB(634txo)
2025-10-31T17:30:27Z Saw new header hash=73e4b9cc67fc3cf4c7bc76115f93029414dfc8c169dcafe8b8f21eee496864ba height=238
2025-10-31T17:30:27Z Saw new cmpctblock header hash=73e4b9cc67fc3cf4c7bc76115f93029414dfc8c169dcafe8b8f21eee496864ba peer=3
2025-10-31T17:30:27Z UpdateTip: new best=73e4b9cc67fc3cf4c7bc76115f93029414dfc8c169dcafe8b8f21eee496864ba height=238 version=0x30000000 log2_work=8.900867 tx=2895 date='2025-10-31T17:30:24Z' progress=1.000000 cache=0.3MiB(638txo)
2025-10-31T17:30:32Z Saw new header hash=139bce031eac582a41134957f1ea61cfc2d4c828505a7d56f5939d394592a0bf height=239
2025-10-31T17:30:32Z Saw new cmpctblock header hash=139bce031eac582a41134957f1ea61cfc2d4c828505a7d56f5939d394592a0bf peer=2
2025-10-31T17:30:32Z UpdateTip: new best=139bce031eac582a41134957f1ea61cfc2d4c828505a7d56f5939d394592a0bf height=239 version=0x30000000 log2_work=8.906891 tx=2909 date='2025-10-31T17:30:29Z' progress=1.000000 cache=0.3MiB(643txo)
2025-10-31T17:30:39Z Saw new header hash=0e7cc016ba80ff31861d6b23a6d70a17430514deae420a8ac39f4a5eace1b65f height=240
2025-10-31T17:30:39Z Saw new cmpctblock header hash=0e7cc016ba80ff31861d6b23a6d70a17430514deae420a8ac39f4a5eace1b65f peer=3
2025-10-31T17:30:39Z UpdateTip: new best=0e7cc016ba80ff31861d6b23a6d70a17430514deae420a8ac39f4a5eace1b65f height=240 version=0x30000000 log2_work=8.912889 tx=2967 date='2025-10-31T17:30:34Z' progress=1.000000 cache=0.3MiB(652txo)
2025-10-31T17:30:44Z Saw new header hash=124ec39448f10ad92b45f78a0c96eee9ffd8b185a8b477e424dbf4d3c24c59b3 height=241
2025-10-31T17:30:44Z Saw new cmpctblock header hash=124ec39448f10ad92b45f78a0c96eee9ffd8b185a8b477e424dbf4d3c24c59b3 peer=2
2025-10-31T17:30:45Z UpdateTip: new best=124ec39448f10ad92b45f78a0c96eee9ffd8b185a8b477e424dbf4d3c24c59b3 height=241 version=0x30000000 log2_work=8.918863 tx=3022 date='2025-10-31T17:30:39Z' progress=1.000000 cache=0.3MiB(659txo)
2025-10-31T17:30:48Z Saw new header hash=7a526333ca8b1c8b40cab58847f6ab6993e331d4dde291cab001968e10289e95 height=242
2025-10-31T17:30:48Z Saw new cmpctblock header hash=7a526333ca8b1c8b40cab58847f6ab6993e331d4dde291cab001968e10289e95 peer=3
2025-10-31T17:30:48Z UpdateTip: new best=7a526333ca8b1c8b40cab58847f6ab6993e331d4dde291cab001968e10289e95 height=242 version=0x30000000 log2_work=8.924813 tx=3055 date='2025-10-31T17:30:45Z' progress=1.000000 cache=0.3MiB(670txo)
2025-10-31T17:30:53Z Saw new header hash=2c4c38b956a7603067e4fa7e92f6c03a3924c1f5aaa43e181540a37b426a78e4 height=243
2025-10-31T17:30:53Z Saw new cmpctblock header hash=2c4c38b956a7603067e4fa7e92f6c03a3924c1f5aaa43e181540a37b426a78e4 peer=3
2025-10-31T17:30:53Z UpdateTip: new best=2c4c38b956a7603067e4fa7e92f6c03a3924c1f5aaa43e181540a37b426a78e4 height=243 version=0x30000000 log2_work=8.930737 tx=3096 date='2025-10-31T17:30:50Z' progress=1.000000 cache=0.3MiB(685txo)
2025-10-31T17:30:58Z Saw new header hash=07944c56cf16f4f0b11cd2a1a24876cea1e3231e1c5ec96666d3048f3df88b12 height=244
2025-10-31T17:30:58Z Saw new cmpctblock header hash=07944c56cf16f4f0b11cd2a1a24876cea1e3231e1c5ec96666d3048f3df88b12 peer=2
2025-10-31T17:30:58Z UpdateTip: new best=07944c56cf16f4f0b11cd2a1a24876cea1e3231e1c5ec96666d3048f3df88b12 height=244 version=0x30000000 log2_work=8.936638 tx=3122 date='2025-10-31T17:30:55Z' progress=1.000000 cache=0.3MiB(682txo)
2025-10-31T17:31:03Z Saw new header hash=416959b1b26b383ad7620b52767b8172112e225e43e28165c7f81222ab398e26 height=245
2025-10-31T17:31:03Z Saw new cmpctblock header hash=416959b1b26b383ad7620b52767b8172112e225e43e28165c7f81222ab398e26 peer=3
2025-10-31T17:31:03Z UpdateTip: new best=416959b1b26b383ad7620b52767b8172112e225e43e28165c7f81222ab398e26 height=245 version=0x30000000 log2_work=8.942515 tx=3158 date='2025-10-31T17:31:00Z' progress=1.000000 cache=0.3MiB(678txo)
2025-10-31T17:31:08Z Saw new header hash=2633f64016636442e5f85d737c2456c195b823498236b8b8b3640169a912d9a0 height=246
2025-10-31T17:31:08Z Saw new cmpctblock header hash=2633f64016636442e5f85d737c2456c195b823498236b8b8b3640169a912d9a0 peer=2
2025-10-31T17:31:08Z UpdateTip: new best=2633f64016636442e5f85d737c2456c195b823498236b8b8b3640169a912d9a0 height=246 version=0x30000000 log2_work=8.948367 tx=3196 date='2025-10-31T17:31:05Z' progress=1.000000 cache=0.3MiB(679txo)
2025-10-31T17:31:15Z Saw new header hash=268f4badfde709f904e639c1663f57f117385e68dbbc49744f52b66fc8ac5eab height=247
2025-10-31T17:31:15Z Saw new cmpctblock header hash=268f4badfde709f904e639c1663f57f117385e68dbbc49744f52b66fc8ac5eab peer=3
2025-10-31T17:31:16Z UpdateTip: new best=268f4badfde709f904e639c1663f57f117385e68dbbc49744f52b66fc8ac5eab height=247 version=0x30000000 log2_work=8.954196 tx=3252 date='2025-10-31T17:31:10Z' progress=1.000000 cache=0.3MiB(681txo)
2025-10-31T17:31:19Z Saw new header hash=6b6c614bc3e487c302f04490da2eeb11cc572123885dddcaa05aec70498e0774 height=248
2025-10-31T17:31:19Z Saw new cmpctblock header hash=6b6c614bc3e487c302f04490da2eeb11cc572123885dddcaa05aec70498e0774 peer=2
2025-10-31T17:31:19Z UpdateTip: new best=6b6c614bc3e487c302f04490da2eeb11cc572123885dddcaa05aec70498e0774 height=248 version=0x30000000 log2_work=8.960002 tx=3295 date='2025-10-31T17:31:16Z' progress=1.000000 cache=0.3MiB(695txo)
2025-10-31T17:31:24Z Saw new header hash=065d8ac863df049d5f83f16fa1107061e7973c5be191f30414e95086078bd60a height=249
2025-10-31T17:31:24Z Saw new cmpctblock header hash=065d8ac863df049d5f83f16fa1107061e7973c5be191f30414e95086078bd60a peer=2
2025-10-31T17:31:24Z UpdateTip: new best=065d8ac863df049d5f83f16fa1107061e7973c5be191f30414e95086078bd60a height=249 version=0x30000000 log2_work=8.965784 tx=3298 date='2025-10-31T17:31:21Z' progress=1.000000 cache=0.3MiB(694txo)
2025-10-31T17:31:31Z Saw new header hash=0c25e2b5c752308e09802176d01d9a95b16a96fc73d07c10215a95aab0dbe047 height=250
2025-10-31T17:31:31Z Saw new cmpctblock header hash=0c25e2b5c752308e09802176d01d9a95b16a96fc73d07c10215a95aab0dbe047 peer=2
2025-10-31T17:31:31Z UpdateTip: new best=0c25e2b5c752308e09802176d01d9a95b16a96fc73d07c10215a95aab0dbe047 height=250 version=0x30000000 log2_work=8.971544 tx=3348 date='2025-10-31T17:31:26Z' progress=1.000000 cache=0.3MiB(694txo)
2025-10-31T17:31:35Z Saw new header hash=3e76c25c98763f9776de94831c8d6cda6dce8b0ab441ec1025cb52b5c56b7d81 height=251
2025-10-31T17:31:35Z Saw new cmpctblock header hash=3e76c25c98763f9776de94831c8d6cda6dce8b0ab441ec1025cb52b5c56b7d81 peer=2
2025-10-31T17:31:35Z UpdateTip: new best=3e76c25c98763f9776de94831c8d6cda6dce8b0ab441ec1025cb52b5c56b7d81 height=251 version=0x30000000 log2_work=8.977280 tx=3357 date='2025-10-31T17:31:32Z' progress=1.000000 cache=0.3MiB(692txo)
2025-10-31T17:31:42Z Saw new header hash=64e196829bc98ff1594995ed0e5140aa9bed956e2aac98fbf5f96305c311a0a7 height=252
2025-10-31T17:31:42Z Saw new cmpctblock header hash=64e196829bc98ff1594995ed0e5140aa9bed956e2aac98fbf5f96305c311a0a7 peer=2
2025-10-31T17:31:42Z UpdateTip: new best=64e196829bc98ff1594995ed0e5140aa9bed956e2aac98fbf5f96305c311a0a7 height=252 version=0x30000000 log2_work=8.982994 tx=3439 date='2025-10-31T17:31:37Z' progress=1.000000 cache=0.3MiB(701txo)
2025-10-31T17:31:45Z Saw new header hash=4fe07d5c0b3469b69ceef2d590ef9260140da64dc27c3c0b1307a396b692db3e height=253
2025-10-31T17:31:45Z Saw new cmpctblock header hash=4fe07d5c0b3469b69ceef2d590ef9260140da64dc27c3c0b1307a396b692db3e peer=2
2025-10-31T17:31:45Z UpdateTip: new best=4fe07d5c0b3469b69ceef2d590ef9260140da64dc27c3c0b1307a396b692db3e height=253 version=0x30000000 log2_work=8.988685 tx=3468 date='2025-10-31T17:31:42Z' progress=1.000000 cache=0.3MiB(694txo)
2025-10-31T17:31:50Z Saw new header hash=37284f47b5453401c94ab50e7c2708b2670d2f1135c71fccdebf7c36a226774e height=254
2025-10-31T17:31:50Z Saw new cmpctblock header hash=37284f47b5453401c94ab50e7c2708b2670d2f1135c71fccdebf7c36a226774e peer=3
2025-10-31T17:31:50Z UpdateTip: new best=37284f47b5453401c94ab50e7c2708b2670d2f1135c71fccdebf7c36a226774e height=254 version=0x30000000 log2_work=8.994353 tx=3502 date='2025-10-31T17:31:47Z' progress=1.000000 cache=0.3MiB(699txo)
2025-10-31T17:31:57Z Saw new header hash=4fca1d45bacb18024a7843ed63b91c273227330dd7d7a9da3a2591ba0a01f85c height=255
2025-10-31T17:31:57Z Saw new cmpctblock header hash=4fca1d45bacb18024a7843ed63b91c273227330dd7d7a9da3a2591ba0a01f85c peer=3
2025-10-31T17:31:58Z UpdateTip: new best=4fca1d45bacb18024a7843ed63b91c273227330dd7d7a9da3a2591ba0a01f85c height=255 version=0x30000000 log2_work=9.000000 tx=3553 date='2025-10-31T17:31:52Z' progress=1.000000 cache=0.3MiB(691txo)
2025-10-31T17:32:01Z Saw new header hash=1df7647fed58dc6fbbeafa8b060ff45126435f4de1dc56bd7dc047481dcedfbc height=256
2025-10-31T17:32:01Z Saw new cmpctblock header hash=1df7647fed58dc6fbbeafa8b060ff45126435f4de1dc56bd7dc047481dcedfbc peer=3
2025-10-31T17:32:01Z UpdateTip: new best=1df7647fed58dc6fbbeafa8b060ff45126435f4de1dc56bd7dc047481dcedfbc height=256 version=0x30000000 log2_work=9.005625 tx=3594 date='2025-10-31T17:31:58Z' progress=1.000000 cache=0.3MiB(701txo)
2025-10-31T17:32:06Z Saw new header hash=3421112bffc1d24e62b61d092ed009cf736f654aa0378359a095cc3fa04f42f3 height=257
2025-10-31T17:32:06Z Saw new cmpctblock header hash=3421112bffc1d24e62b61d092ed009cf736f654aa0378359a095cc3fa04f42f3 peer=3
2025-10-31T17:32:06Z UpdateTip: new best=3421112bffc1d24e62b61d092ed009cf736f654aa0378359a095cc3fa04f42f3 height=257 version=0x30000000 log2_work=9.011227 tx=3630 date='2025-10-31T17:32:03Z' progress=1.000000 cache=0.3MiB(718txo)
2025-10-31T17:32:11Z Saw new header hash=0db688b995c88462fb3f26cedcb9a83ae2fe53c8853bc557ff974e4142a8fc45 height=258
2025-10-31T17:32:11Z Saw new cmpctblock header hash=0db688b995c88462fb3f26cedcb9a83ae2fe53c8853bc557ff974e4142a8fc45 peer=3
2025-10-31T17:32:11Z UpdateTip: new best=0db688b995c88462fb3f26cedcb9a83ae2fe53c8853bc557ff974e4142a8fc45 height=258 version=0x30000000 log2_work=9.016808 tx=3654 date='2025-10-31T17:32:08Z' progress=1.000000 cache=0.3MiB(722txo)
2025-10-31T17:32:18Z Saw new header hash=2913a9948ba87ccb0ae7e15effc5c73739629cd72604da6c9f43620175da9c4d height=259
2025-10-31T17:32:18Z Saw new cmpctblock header hash=2913a9948ba87ccb0ae7e15effc5c73739629cd72604da6c9f43620175da9c4d peer=2
2025-10-31T17:32:18Z UpdateTip: new best=2913a9948ba87ccb0ae7e15effc5c73739629cd72604da6c9f43620175da9c4d height=259 version=0x30000000 log2_work=9.022368 tx=3703 date='2025-10-31T17:32:13Z' progress=1.000000 cache=0.3MiB(728txo)
2025-10-31T17:32:19Z Saw new header hash=062b3d9d4a889225d46d626e74db163327e7f2b544385d9d366886f4524954ad height=260
2025-10-31T17:32:19Z Saw new cmpctblock header hash=062b3d9d4a889225d46d626e74db163327e7f2b544385d9d366886f4524954ad peer=3
2025-10-31T17:32:19Z UpdateTip: new best=062b3d9d4a889225d46d626e74db163327e7f2b544385d9d366886f4524954ad height=260 version=0x30000000 log2_work=9.027906 tx=3704 date='2025-10-31T17:32:18Z' progress=1.000000 cache=0.3MiB(729txo)
2025-10-31T17:32:28Z Saw new header hash=73b1a4f2eecc1839515f864eba5c22218b46ea84c163259f588b5d083490d6c8 height=261
2025-10-31T17:32:28Z Saw new cmpctblock header hash=73b1a4f2eecc1839515f864eba5c22218b46ea84c163259f588b5d083490d6c8 peer=2
2025-10-31T17:32:28Z UpdateTip: new best=73b1a4f2eecc1839515f864eba5c22218b46ea84c163259f588b5d083490d6c8 height=261 version=0x30000000 log2_work=9.033423 tx=3786 date='2025-10-31T17:32:23Z' progress=1.000000 cache=0.3MiB(736txo)
2025-10-31T17:32:31Z Saw new header hash=428bbeb420b32cffc78a7f181d3d4505e9065aadddf0f2ff4593c5d81ebf35e9 height=262
2025-10-31T17:32:31Z Saw new cmpctblock header hash=428bbeb420b32cffc78a7f181d3d4505e9065aadddf0f2ff4593c5d81ebf35e9 peer=3
2025-10-31T17:32:31Z UpdateTip: new best=428bbeb420b32cffc78a7f181d3d4505e9065aadddf0f2ff4593c5d81ebf35e9 height=262 version=0x30000000 log2_work=9.038919 tx=3817 date='2025-10-31T17:32:28Z' progress=1.000000 cache=0.3MiB(738txo)
2025-10-31T17:32:39Z Saw new header hash=1aed535ca2a66bf59395246c216cf85fcaabdd6fea784d767a3a33a19f0bd21f height=263
2025-10-31T17:32:39Z Saw new cmpctblock header hash=1aed535ca2a66bf59395246c216cf85fcaabdd6fea784d767a3a33a19f0bd21f peer=3
2025-10-31T17:32:39Z UpdateTip: new best=1aed535ca2a66bf59395246c216cf85fcaabdd6fea784d767a3a33a19f0bd21f height=263 version=0x30000000 log2_work=9.044394 tx=3863 date='2025-10-31T17:32:34Z' progress=1.000000 cache=0.3MiB(748txo)
2025-10-31T17:32:44Z Saw new header hash=44714a0dade37e11cddb718654d21e89ea0188fb5a12d715070c47d97040b6e7 height=264
2025-10-31T17:32:44Z Saw new cmpctblock header hash=44714a0dade37e11cddb718654d21e89ea0188fb5a12d715070c47d97040b6e7 peer=3
2025-10-31T17:32:44Z UpdateTip: new best=44714a0dade37e11cddb718654d21e89ea0188fb5a12d715070c47d97040b6e7 height=264 version=0x30000000 log2_work=9.049849 tx=3903 date='2025-10-31T17:32:39Z' progress=1.000000 cache=0.3MiB(740txo)
2025-10-31T17:32:47Z Saw new header hash=52d3c917c078a2c01af570bede2ab70169ac606911f90860a05ac1411a6efbc1 height=265
2025-10-31T17:32:47Z Saw new cmpctblock header hash=52d3c917c078a2c01af570bede2ab70169ac606911f90860a05ac1411a6efbc1 peer=3
2025-10-31T17:32:47Z UpdateTip: new best=52d3c917c078a2c01af570bede2ab70169ac606911f90860a05ac1411a6efbc1 height=265 version=0x30000000 log2_work=9.055282 tx=3906 date='2025-10-31T17:32:44Z' progress=1.000000 cache=0.3MiB(743txo)
2025-10-31T17:32:54Z Saw new header hash=745ab03f66aeca7362f3b936824a479f188d9bd8378c998e64aa714ca0c99332 height=266
2025-10-31T17:32:54Z Saw new cmpctblock header hash=745ab03f66aeca7362f3b936824a479f188d9bd8378c998e64aa714ca0c99332 peer=2
2025-10-31T17:32:54Z UpdateTip: new best=745ab03f66aeca7362f3b936824a479f188d9bd8378c998e64aa714ca0c99332 height=266 version=0x30000000 log2_work=9.060696 tx=3964 date='2025-10-31T17:32:49Z' progress=1.000000 cache=0.3MiB(752txo)
2025-10-31T17:32:59Z Saw new header hash=000f5b4327c01eace689ecc9db263a3afa4ad84ab0ca2241b486372a611dd221 height=267
2025-10-31T17:32:59Z Saw new cmpctblock header hash=000f5b4327c01eace689ecc9db263a3afa4ad84ab0ca2241b486372a611dd221 peer=2
2025-10-31T17:32:59Z UpdateTip: new best=000f5b4327c01eace689ecc9db263a3afa4ad84ab0ca2241b486372a611dd221 height=267 version=0x30000000 log2_work=9.066089 tx=4018 date='2025-10-31T17:32:54Z' progress=1.000000 cache=0.3MiB(756txo)
2025-10-31T17:33:03Z Saw new header hash=4fba1e30724dcb850dabf296f4f10c2f168bbe61f895e2b59f4a6461b327d217 height=268
2025-10-31T17:33:03Z Saw new cmpctblock header hash=4fba1e30724dcb850dabf296f4f10c2f168bbe61f895e2b59f4a6461b327d217 peer=3
2025-10-31T17:33:03Z UpdateTip: new best=4fba1e30724dcb850dabf296f4f10c2f168bbe61f895e2b59f4a6461b327d217 height=268 version=0x30000000 log2_work=9.071462 tx=4030 date='2025-10-31T17:33:00Z' progress=1.000000 cache=0.3MiB(762txo)
2025-10-31T17:33:10Z Saw new header hash=2d092d35d19b03b2a7bb385ffe3adba8f35dbb736fd6b22d92662587ac686d0d height=269
2025-10-31T17:33:10Z Saw new cmpctblock header hash=2d092d35d19b03b2a7bb385ffe3adba8f35dbb736fd6b22d92662587ac686d0d peer=3
2025-10-31T17:33:10Z UpdateTip: new best=2d092d35d19b03b2a7bb385ffe3adba8f35dbb736fd6b22d92662587ac686d0d height=269 version=0x30000000 log2_work=9.076816 tx=4098 date='2025-10-31T17:33:05Z' progress=1.000000 cache=0.3MiB(766txo)
2025-10-31T17:33:13Z Saw new header hash=4cb7920878323596ba7140710f3626f450c54e4462ceb2628c1b2a657705c784 height=270
2025-10-31T17:33:13Z Saw new cmpctblock header hash=4cb7920878323596ba7140710f3626f450c54e4462ceb2628c1b2a657705c784 peer=2
2025-10-31T17:33:13Z UpdateTip: new best=4cb7920878323596ba7140710f3626f450c54e4462ceb2628c1b2a657705c784 height=270 version=0x30000000 log2_work=9.082149 tx=4117 date='2025-10-31T17:33:10Z' progress=1.000000 cache=0.3MiB(768txo)
2025-10-31T17:33:20Z Saw new header hash=0d99c9a3eab7b29741d3c16ef96b1a50f5d380e4ace65199f7e65dde63a71874 height=271
2025-10-31T17:33:20Z Saw new cmpctblock header hash=0d99c9a3eab7b29741d3c16ef96b1a50f5d380e4ace65199f7e65dde63a71874 peer=2
2025-10-31T17:33:20Z UpdateTip: new best=0d99c9a3eab7b29741d3c16ef96b1a50f5d380e4ace65199f7e65dde63a71874 height=271 version=0x30000000 log2_work=9.087463 tx=4170 date='2025-10-31T17:33:15Z' progress=1.000000 cache=0.3MiB(798txo)
2025-10-31T17:33:26Z Saw new header hash=27073a8bcdd8a8ac9602401d0338a17d36e5493dc845174e036a825bf9d1fff0 height=272
2025-10-31T17:33:26Z Saw new cmpctblock header hash=27073a8bcdd8a8ac9602401d0338a17d36e5493dc845174e036a825bf9d1fff0 peer=2
2025-10-31T17:33:26Z UpdateTip: new best=27073a8bcdd8a8ac9602401d0338a17d36e5493dc845174e036a825bf9d1fff0 height=272 version=0x30000000 log2_work=9.092757 tx=4211 date='2025-10-31T17:33:21Z' progress=1.000000 cache=0.3MiB(797txo)
2025-10-31T17:33:29Z Saw new header hash=126f2eaef3728d96a337a2d1b94f8bbad5a1b458a85e8eeba13c8d137bff5439 height=273
2025-10-31T17:33:29Z Saw new cmpctblock header hash=126f2eaef3728d96a337a2d1b94f8bbad5a1b458a85e8eeba13c8d137bff5439 peer=3
2025-10-31T17:33:29Z UpdateTip: new best=126f2eaef3728d96a337a2d1b94f8bbad5a1b458a85e8eeba13c8d137bff5439 height=273 version=0x30000000 log2_work=9.098032 tx=4250 date='2025-10-31T17:33:26Z' progress=1.000000 cache=0.3MiB(796txo)
2025-10-31T17:33:34Z Saw new header hash=199a8e0e92709d61a400de1484c0a863777624daacee5679f7ad74d6f0baa762 height=274
2025-10-31T17:33:34Z Saw new cmpctblock header hash=199a8e0e92709d61a400de1484c0a863777624daacee5679f7ad74d6f0baa762 peer=2
2025-10-31T17:33:34Z UpdateTip: new best=199a8e0e92709d61a400de1484c0a863777624daacee5679f7ad74d6f0baa762 height=274 version=0x30000000 log2_work=9.103288 tx=4278 date='2025-10-31T17:33:31Z' progress=1.000000 cache=0.3MiB(805txo)
2025-10-31T17:33:41Z Saw new header hash=7d9e89b1fccbf991299648262f0f3649ae1daec7be28c40a6cf956200a6808db height=275
2025-10-31T17:33:41Z Saw new cmpctblock header hash=7d9e89b1fccbf991299648262f0f3649ae1daec7be28c40a6cf956200a6808db peer=3
2025-10-31T17:33:42Z UpdateTip: new best=7d9e89b1fccbf991299648262f0f3649ae1daec7be28c40a6cf956200a6808db height=275 version=0x30000000 log2_work=9.108524 tx=4318 date='2025-10-31T17:33:36Z' progress=1.000000 cache=0.3MiB(804txo)
2025-10-31T17:33:44Z Saw new header hash=565e4b294e656f170992769d23dd2312a4ef024b1486fcd81f54efb687f7e308 height=276
2025-10-31T17:33:44Z Saw new cmpctblock header hash=565e4b294e656f170992769d23dd2312a4ef024b1486fcd81f54efb687f7e308 peer=2
2025-10-31T17:33:44Z UpdateTip: new best=565e4b294e656f170992769d23dd2312a4ef024b1486fcd81f54efb687f7e308 height=276 version=0x30000000 log2_work=9.113742 tx=4357 date='2025-10-31T17:33:41Z' progress=1.000000 cache=0.3MiB(810txo)
2025-10-31T17:33:49Z Saw new header hash=668e9f33cb65956c46452827c577151a443010f1f3523fc937d4207b18699252 height=277
2025-10-31T17:33:49Z Saw new cmpctblock header hash=668e9f33cb65956c46452827c577151a443010f1f3523fc937d4207b18699252 peer=3
2025-10-31T17:33:50Z UpdateTip: new best=668e9f33cb65956c46452827c577151a443010f1f3523fc937d4207b18699252 height=277 version=0x30000000 log2_work=9.118941 tx=4390 date='2025-10-31T17:33:46Z' progress=1.000000 cache=0.3MiB(818txo)
2025-10-31T17:33:55Z Saw new header hash=6094d5b288e81d43b8cc3de16aa14c1818345e68f8d7942b18f23345e6e4c50f height=278
2025-10-31T17:33:55Z Saw new cmpctblock header hash=6094d5b288e81d43b8cc3de16aa14c1818345e68f8d7942b18f23345e6e4c50f peer=3
2025-10-31T17:33:55Z UpdateTip: new best=6094d5b288e81d43b8cc3de16aa14c1818345e68f8d7942b18f23345e6e4c50f height=278 version=0x30000000 log2_work=9.124121 tx=4404 date='2025-10-31T17:33:52Z' progress=1.000000 cache=0.3MiB(821txo)
2025-10-31T17:34:02Z Saw new header hash=2ef97e17f543a71ccc178d4a888d75f043672203abb6af2c7c802ce22d9ec887 height=279
2025-10-31T17:34:02Z Saw new cmpctblock header hash=2ef97e17f543a71ccc178d4a888d75f043672203abb6af2c7c802ce22d9ec887 peer=2
2025-10-31T17:34:02Z UpdateTip: new best=2ef97e17f543a71ccc178d4a888d75f043672203abb6af2c7c802ce22d9ec887 height=279 version=0x30000000 log2_work=9.129283 tx=4460 date='2025-10-31T17:33:57Z' progress=1.000000 cache=0.3MiB(806txo)
2025-10-31T17:34:07Z Saw new header hash=7de848bf8fa2c337c8e9358c044015efa649de0485b3c187c7d2b261d034f55d height=280
2025-10-31T17:34:07Z Saw new cmpctblock header hash=7de848bf8fa2c337c8e9358c044015efa649de0485b3c187c7d2b261d034f55d peer=3
2025-10-31T17:34:07Z UpdateTip: new best=7de848bf8fa2c337c8e9358c044015efa649de0485b3c187c7d2b261d034f55d height=280 version=0x30000000 log2_work=9.134426 tx=4512 date='2025-10-31T17:34:02Z' progress=1.000000 cache=0.3MiB(803txo)
2025-10-31T17:34:10Z Saw new header hash=20cd22a513edaf7da479b9c2bc8cb5c8fbacee786e0af7d8f407bcfc53fbc20a height=281
2025-10-31T17:34:10Z Saw new cmpctblock header hash=20cd22a513edaf7da479b9c2bc8cb5c8fbacee786e0af7d8f407bcfc53fbc20a peer=2
2025-10-31T17:34:10Z UpdateTip: new best=20cd22a513edaf7da479b9c2bc8cb5c8fbacee786e0af7d8f407bcfc53fbc20a height=281 version=0x30000000 log2_work=9.139551 tx=4518 date='2025-10-31T17:34:07Z' progress=1.000000 cache=0.3MiB(795txo)
2025-10-31T17:34:15Z Saw new header hash=5172bb7f14a359b2d034e9ffb22c79c9a7db5a5e1439ee1bd16e3d47d595aa6c height=282
2025-10-31T17:34:15Z Saw new cmpctblock header hash=5172bb7f14a359b2d034e9ffb22c79c9a7db5a5e1439ee1bd16e3d47d595aa6c peer=2
2025-10-31T17:34:16Z UpdateTip: new best=5172bb7f14a359b2d034e9ffb22c79c9a7db5a5e1439ee1bd16e3d47d595aa6c height=282 version=0x30000000 log2_work=9.144658 tx=4535 date='2025-10-31T17:34:13Z' progress=1.000000 cache=0.3MiB(794txo)
2025-10-31T17:34:23Z Saw new header hash=1cbec6f481c6d78dee1505d5a614c36dc0b5b843cd2c44815b367df99b8ca373 height=283
2025-10-31T17:34:23Z Saw new cmpctblock header hash=1cbec6f481c6d78dee1505d5a614c36dc0b5b843cd2c44815b367df99b8ca373 peer=3
2025-10-31T17:34:23Z UpdateTip: new best=1cbec6f481c6d78dee1505d5a614c36dc0b5b843cd2c44815b367df99b8ca373 height=283 version=0x30000000 log2_work=9.149747 tx=4607 date='2025-10-31T17:34:18Z' progress=1.000000 cache=0.3MiB(802txo)
2025-10-31T17:34:28Z Saw new header hash=0687b1b4ec7a69797d76ca9446574eda68d46836c44cd4bd2ef60b7b06cea3be height=284
2025-10-31T17:34:28Z Saw new cmpctblock header hash=0687b1b4ec7a69797d76ca9446574eda68d46836c44cd4bd2ef60b7b06cea3be peer=3
2025-10-31T17:34:28Z UpdateTip: new best=0687b1b4ec7a69797d76ca9446574eda68d46836c44cd4bd2ef60b7b06cea3be height=284 version=0x30000000 log2_work=9.154818 tx=4663 date='2025-10-31T17:34:23Z' progress=1.000000 cache=0.3MiB(797txo)
2025-10-31T17:34:31Z Saw new header hash=7c0de3229e9dcab367aaca2e53f7a0451574f7be9ec1301a1c359664923514d6 height=285
2025-10-31T17:34:31Z Saw new cmpctblock header hash=7c0de3229e9dcab367aaca2e53f7a0451574f7be9ec1301a1c359664923514d6 peer=3
2025-10-31T17:34:31Z UpdateTip: new best=7c0de3229e9dcab367aaca2e53f7a0451574f7be9ec1301a1c359664923514d6 height=285 version=0x30000000 log2_work=9.159871 tx=4694 date='2025-10-31T17:34:28Z' progress=1.000000 cache=0.3MiB(801txo)
2025-10-31T17:34:39Z Saw new header hash=4e4909ac0685cfdeb44c823c344307fc379bea17e34539d2ebc6571db150fa53 height=286
2025-10-31T17:34:39Z Saw new cmpctblock header hash=4e4909ac0685cfdeb44c823c344307fc379bea17e34539d2ebc6571db150fa53 peer=3
2025-10-31T17:34:39Z UpdateTip: new best=4e4909ac0685cfdeb44c823c344307fc379bea17e34539d2ebc6571db150fa53 height=286 version=0x30000000 log2_work=9.164907 tx=4742 date='2025-10-31T17:34:34Z' progress=1.000000 cache=0.3MiB(798txo)
2025-10-31T17:34:40Z Saw new header hash=3fc11bd7878164ac42ab1db5b71b761dacccd547760d11e88b00f56acb6d2f41 height=287
2025-10-31T17:34:40Z Saw new cmpctblock header hash=3fc11bd7878164ac42ab1db5b71b761dacccd547760d11e88b00f56acb6d2f41 peer=3
2025-10-31T17:34:40Z UpdateTip: new best=3fc11bd7878164ac42ab1db5b71b761dacccd547760d11e88b00f56acb6d2f41 height=287 version=0x30000000 log2_work=9.169925 tx=4743 date='2025-10-31T17:34:39Z' progress=1.000000 cache=0.3MiB(799txo)
2025-10-31T17:34:47Z Saw new header hash=1ea4defa8aec77d0c326f8357f009fd9023c6ac543e88cc2ec3e410133e0ab70 height=288
2025-10-31T17:34:47Z Saw new cmpctblock header hash=1ea4defa8aec77d0c326f8357f009fd9023c6ac543e88cc2ec3e410133e0ab70 peer=2
2025-10-31T17:34:47Z UpdateTip: new best=1ea4defa8aec77d0c326f8357f009fd9023c6ac543e88cc2ec3e410133e0ab70 height=288 version=0x30000000 log2_work=9.174926 tx=4778 date='2025-10-31T17:34:44Z' progress=1.000000 cache=0.3MiB(802txo)
2025-10-31T17:34:54Z Saw new header hash=49ddc6d57fb27de6d34423ce417830eece4d5a79e8cc07d9eeaf55080ee6dea8 height=289
2025-10-31T17:34:54Z Saw new cmpctblock header hash=49ddc6d57fb27de6d34423ce417830eece4d5a79e8cc07d9eeaf55080ee6dea8 peer=2
2025-10-31T17:34:54Z UpdateTip: new best=49ddc6d57fb27de6d34423ce417830eece4d5a79e8cc07d9eeaf55080ee6dea8 height=289 version=0x30000000 log2_work=9.179909 tx=4827 date='2025-10-31T17:34:49Z' progress=1.000000 cache=0.3MiB(795txo)
2025-10-31T17:34:59Z Saw new header hash=7ce70f542dee71ea6591e3d5e2cb1e1bf7a33d01d6a8913bae0d4804bccef7bd height=290
2025-10-31T17:34:59Z Saw new cmpctblock header hash=7ce70f542dee71ea6591e3d5e2cb1e1bf7a33d01d6a8913bae0d4804bccef7bd peer=3
2025-10-31T17:34:59Z UpdateTip: new best=7ce70f542dee71ea6591e3d5e2cb1e1bf7a33d01d6a8913bae0d4804bccef7bd height=290 version=0x30000000 log2_work=9.184875 tx=4887 date='2025-10-31T17:34:54Z' progress=1.000000 cache=0.3MiB(802txo)
2025-10-31T17:35:02Z Saw new header hash=7efa8dd1086a08b501382cd7a873dd074ddd5a3b132044e841f267987decd895 height=291
2025-10-31T17:35:02Z Saw new cmpctblock header hash=7efa8dd1086a08b501382cd7a873dd074ddd5a3b132044e841f267987decd895 peer=3
2025-10-31T17:35:03Z UpdateTip: new best=7efa8dd1086a08b501382cd7a873dd074ddd5a3b132044e841f267987decd895 height=291 version=0x30000000 log2_work=9.189825 tx=4923 date='2025-10-31T17:34:59Z' progress=1.000000 cache=0.3MiB(818txo)
2025-10-31T17:35:08Z Saw new header hash=6f0ae730f88dfeae69b20150860c1466b9ced2fe70641eae5b42f8299477c193 height=292
2025-10-31T17:35:08Z Saw new cmpctblock header hash=6f0ae730f88dfeae69b20150860c1466b9ced2fe70641eae5b42f8299477c193 peer=2
2025-10-31T17:35:08Z UpdateTip: new best=6f0ae730f88dfeae69b20150860c1466b9ced2fe70641eae5b42f8299477c193 height=292 version=0x30000000 log2_work=9.194757 tx=4945 date='2025-10-31T17:35:05Z' progress=1.000000 cache=0.3MiB(830txo)
2025-10-31T17:35:15Z Saw new header hash=04b7d4ae396fca02684d71e04738d2c1a7cbfa3b380946779842a00d27c97de5 height=293
2025-10-31T17:35:15Z Saw new cmpctblock header hash=04b7d4ae396fca02684d71e04738d2c1a7cbfa3b380946779842a00d27c97de5 peer=3
2025-10-31T17:35:15Z UpdateTip: new best=04b7d4ae396fca02684d71e04738d2c1a7cbfa3b380946779842a00d27c97de5 height=293 version=0x30000000 log2_work=9.199672 tx=5003 date='2025-10-31T17:35:10Z' progress=1.000000 cache=0.3MiB(844txo)
2025-10-31T17:35:18Z Saw new header hash=130906087722e5325676761652ee22615fee58bfbee0a927c4ec3be03798c6a1 height=294
2025-10-31T17:35:18Z Saw new cmpctblock header hash=130906087722e5325676761652ee22615fee58bfbee0a927c4ec3be03798c6a1 peer=3
2025-10-31T17:35:18Z UpdateTip: new best=130906087722e5325676761652ee22615fee58bfbee0a927c4ec3be03798c6a1 height=294 version=0x30000000 log2_work=9.204571 tx=5022 date='2025-10-31T17:35:15Z' progress=1.000000 cache=0.3MiB(840txo)
2025-10-31T17:35:23Z Saw new header hash=681a8adbdd9e4396405b0890e7c8a24b25a511323cf624e85ca93e2c9c3f002d height=295
2025-10-31T17:35:23Z Saw new cmpctblock header hash=681a8adbdd9e4396405b0890e7c8a24b25a511323cf624e85ca93e2c9c3f002d peer=2
2025-10-31T17:35:23Z UpdateTip: new best=681a8adbdd9e4396405b0890e7c8a24b25a511323cf624e85ca93e2c9c3f002d height=295 version=0x30000000 log2_work=9.209453 tx=5041 date='2025-10-31T17:35:20Z' progress=1.000000 cache=0.3MiB(844txo)
2025-10-31T17:35:30Z Saw new header hash=16d9284aef3897ecac44173bb319d938afa91d15c0fe6fb778d07eed4e28e2e2 height=296
2025-10-31T17:35:30Z Saw new cmpctblock header hash=16d9284aef3897ecac44173bb319d938afa91d15c0fe6fb778d07eed4e28e2e2 peer=2
2025-10-31T17:35:31Z UpdateTip: new best=16d9284aef3897ecac44173bb319d938afa91d15c0fe6fb778d07eed4e28e2e2 height=296 version=0x30000000 log2_work=9.214319 tx=5105 date='2025-10-31T17:35:25Z' progress=1.000000 cache=0.3MiB(858txo)
2025-10-31T17:35:34Z Saw new header hash=6522baeb70e72c900fe71f98b0f85c2667966dd90246712fef5dec191f063ef0 height=297
2025-10-31T17:35:34Z Saw new cmpctblock header hash=6522baeb70e72c900fe71f98b0f85c2667966dd90246712fef5dec191f063ef0 peer=3
2025-10-31T17:35:34Z UpdateTip: new best=6522baeb70e72c900fe71f98b0f85c2667966dd90246712fef5dec191f063ef0 height=297 version=0x30000000 log2_work=9.219169 tx=5146 date='2025-10-31T17:35:31Z' progress=1.000000 cache=0.3MiB(865txo)
2025-10-31T17:35:39Z Saw new header hash=76d189fecb6d289a2259b8fc93e946b629212ef7369dd0ef86ef6a533299bef9 height=298
2025-10-31T17:35:39Z Saw new cmpctblock header hash=76d189fecb6d289a2259b8fc93e946b629212ef7369dd0ef86ef6a533299bef9 peer=2
2025-10-31T17:35:39Z UpdateTip: new best=76d189fecb6d289a2259b8fc93e946b629212ef7369dd0ef86ef6a533299bef9 height=298 version=0x30000000 log2_work=9.224002 tx=5180 date='2025-10-31T17:35:36Z' progress=1.000000 cache=0.3MiB(857txo)
2025-10-31T17:35:44Z Saw new header hash=4dce9871f4904409b3c34eac6ad6ade0189217da9daa8e6feb32520b7142cba1 height=299
2025-10-31T17:35:44Z Saw new cmpctblock header hash=4dce9871f4904409b3c34eac6ad6ade0189217da9daa8e6feb32520b7142cba1 peer=3
2025-10-31T17:35:44Z UpdateTip: new best=4dce9871f4904409b3c34eac6ad6ade0189217da9daa8e6feb32520b7142cba1 height=299 version=0x30000000 log2_work=9.228819 tx=5200 date='2025-10-31T17:35:41Z' progress=1.000000 cache=0.3MiB(859txo)
2025-10-31T17:35:51Z Saw new header hash=59114ea23b007ed898e2c57ce9bdc4e06fff00dc736d25bb08dc8f4d414d501e height=300
2025-10-31T17:35:51Z Saw new cmpctblock header hash=59114ea23b007ed898e2c57ce9bdc4e06fff00dc736d25bb08dc8f4d414d501e peer=3
2025-10-31T17:35:51Z UpdateTip: new best=59114ea23b007ed898e2c57ce9bdc4e06fff00dc736d25bb08dc8f4d414d501e height=300 version=0x30000000 log2_work=9.233620 tx=5255 date='2025-10-31T17:35:46Z' progress=1.000000 cache=0.3MiB(861txo)
2025-10-31T17:35:52Z Saw new header hash=57052850e06a2be4f17ca7d43c93746cad8031c0f26d841037f8d502a1eee69a height=301
2025-10-31T17:35:52Z Saw new cmpctblock header hash=57052850e06a2be4f17ca7d43c93746cad8031c0f26d841037f8d502a1eee69a peer=2
2025-10-31T17:35:52Z UpdateTip: new best=57052850e06a2be4f17ca7d43c93746cad8031c0f26d841037f8d502a1eee69a height=301 version=0x30000000 log2_work=9.238405 tx=5256 date='2025-10-31T17:35:51Z' progress=1.000000 cache=0.3MiB(862txo)
2025-10-31T17:36:01Z Saw new header hash=67c034adb58a07312039daa928e0851b6584f28d1af7c4afbe252392d781fee6 height=302
2025-10-31T17:36:01Z Saw new cmpctblock header hash=67c034adb58a07312039daa928e0851b6584f28d1af7c4afbe252392d781fee6 peer=2
2025-10-31T17:36:02Z UpdateTip: new best=67c034adb58a07312039daa928e0851b6584f28d1af7c4afbe252392d781fee6 height=302 version=0x30000000 log2_work=9.243174 tx=5328 date='2025-10-31T17:35:57Z' progress=1.000000 cache=0.3MiB(860txo)
2025-10-31T17:36:05Z Saw new header hash=50bdcb55ec1d3f99e2805cb0e68855320e87e450d755a97b9cc94636aa197f19 height=303
2025-10-31T17:36:05Z Saw new cmpctblock header hash=50bdcb55ec1d3f99e2805cb0e68855320e87e450d755a97b9cc94636aa197f19 peer=2
2025-10-31T17:36:05Z UpdateTip: new best=50bdcb55ec1d3f99e2805cb0e68855320e87e450d755a97b9cc94636aa197f19 height=303 version=0x30000000 log2_work=9.247928 tx=5374 date='2025-10-31T17:36:02Z' progress=1.000000 cache=0.3MiB(886txo)
2025-10-31T17:36:10Z Saw new header hash=2c034c8120f6f9dc238629b2163535e454c2c9e7c9217847cddcb666a72d277c height=304
2025-10-31T17:36:10Z Saw new cmpctblock header hash=2c034c8120f6f9dc238629b2163535e454c2c9e7c9217847cddcb666a72d277c peer=2
2025-10-31T17:36:10Z UpdateTip: new best=2c034c8120f6f9dc238629b2163535e454c2c9e7c9217847cddcb666a72d277c height=304 version=0x30000000 log2_work=9.252665 tx=5387 date='2025-10-31T17:36:07Z' progress=1.000000 cache=0.3MiB(889txo)
2025-10-31T17:36:17Z Saw new header hash=493c828c491d60813a886763f2faf942cea4f6802068a20cea575104dec5d12b height=305
2025-10-31T17:36:17Z Saw new cmpctblock header hash=493c828c491d60813a886763f2faf942cea4f6802068a20cea575104dec5d12b peer=3
2025-10-31T17:36:18Z UpdateTip: new best=493c828c491d60813a886763f2faf942cea4f6802068a20cea575104dec5d12b height=305 version=0x30000000 log2_work=9.257388 tx=5445 date='2025-10-31T17:36:12Z' progress=1.000000 cache=0.3MiB(891txo)
2025-10-31T17:36:20Z Saw new header hash=63037a716605c5e6b2e5942632476e098e0d5836ef05e5222548e350c0c5b318 height=306
2025-10-31T17:36:20Z Saw new cmpctblock header hash=63037a716605c5e6b2e5942632476e098e0d5836ef05e5222548e350c0c5b318 peer=3
2025-10-31T17:36:20Z UpdateTip: new best=63037a716605c5e6b2e5942632476e098e0d5836ef05e5222548e350c0c5b318 height=306 version=0x30000000 log2_work=9.262095 tx=5474 date='2025-10-31T17:36:18Z' progress=1.000000 cache=0.3MiB(892txo)
2025-10-31T17:36:25Z Saw new header hash=6bc2f7f5d8cd2ae91c2528f1149a3d2581bf8ada9f8a7fe8593b48a4babf63c0 height=307
2025-10-31T17:36:25Z Saw new cmpctblock header hash=6bc2f7f5d8cd2ae91c2528f1149a3d2581bf8ada9f8a7fe8593b48a4babf63c0 peer=3
2025-10-31T17:36:25Z UpdateTip: new best=6bc2f7f5d8cd2ae91c2528f1149a3d2581bf8ada9f8a7fe8593b48a4babf63c0 height=307 version=0x30000000 log2_work=9.266787 tx=5507 date='2025-10-31T17:36:23Z' progress=1.000000 cache=0.3MiB(894txo)
2025-10-31T17:36:29Z Saw new header hash=6744cb64ed6f6eac3fcda4f3902e358a3020976839625670b2d0d09360551a2e height=308
2025-10-31T17:36:29Z Saw new cmpctblock header hash=6744cb64ed6f6eac3fcda4f3902e358a3020976839625670b2d0d09360551a2e peer=3
2025-10-31T17:36:29Z UpdateTip: new best=6744cb64ed6f6eac3fcda4f3902e358a3020976839625670b2d0d09360551a2e height=308 version=0x30000000 log2_work=9.271463 tx=5530 date='2025-10-31T17:36:28Z' progress=1.000000 cache=0.3MiB(902txo)
2025-10-31T17:36:33Z Saw new header hash=4ae5550899899380aac6c98e6fc78c560713cbe95baa61a75e7ae1796b0cbe75 height=309
2025-10-31T17:36:33Z Saw new cmpctblock header hash=4ae5550899899380aac6c98e6fc78c560713cbe95baa61a75e7ae1796b0cbe75 peer=3
2025-10-31T17:36:33Z UpdateTip: new best=4ae5550899899380aac6c98e6fc78c560713cbe95baa61a75e7ae1796b0cbe75 height=309 version=0x30000000 log2_work=9.276124 tx=5574 date='2025-10-31T17:36:33Z' progress=1.000000 cache=0.3MiB(908txo)
2025-10-31T17:36:38Z Saw new header hash=1543a79177e3602a1421376ae9f98ff2a49c98485750693a15de150ecf2f1b5f height=310
2025-10-31T17:36:38Z Saw new cmpctblock header hash=1543a79177e3602a1421376ae9f98ff2a49c98485750693a15de150ecf2f1b5f peer=2
2025-10-31T17:36:38Z UpdateTip: new best=1543a79177e3602a1421376ae9f98ff2a49c98485750693a15de150ecf2f1b5f height=310 version=0x30000000 log2_work=9.280771 tx=5609 date='2025-10-31T17:36:38Z' progress=1.000000 cache=0.3MiB(921txo)
2025-10-31T17:36:43Z Saw new header hash=02373f3d1b58f6cb33fa81ffb0b5a6f40f218bea6519279ba5ed3a10a7299a06 height=311
2025-10-31T17:36:43Z Saw new cmpctblock header hash=02373f3d1b58f6cb33fa81ffb0b5a6f40f218bea6519279ba5ed3a10a7299a06 peer=3
2025-10-31T17:36:43Z UpdateTip: new best=02373f3d1b58f6cb33fa81ffb0b5a6f40f218bea6519279ba5ed3a10a7299a06 height=311 version=0x30000000 log2_work=9.285402 tx=5610 date='2025-10-31T17:36:43Z' progress=1.000000 cache=0.3MiB(922txo)
2025-10-31T17:36:48Z Saw new header hash=64991eb05b827142670ffe3c532f89ff69dd828859887690c2b60bdc41c7b0fd height=312
2025-10-31T17:36:48Z Saw new cmpctblock header hash=64991eb05b827142670ffe3c532f89ff69dd828859887690c2b60bdc41c7b0fd peer=2
2025-10-31T17:36:48Z UpdateTip: new best=64991eb05b827142670ffe3c532f89ff69dd828859887690c2b60bdc41c7b0fd height=312 version=0x30000000 log2_work=9.290019 tx=5638 date='2025-10-31T17:36:48Z' progress=1.000000 cache=0.3MiB(932txo)
2025-10-31T17:36:53Z Saw new header hash=599f15cef30f4df69c66aa4074ca59c44280ee1c5e346503afd91f7d872a2426 height=313
2025-10-31T17:36:53Z Saw new cmpctblock header hash=599f15cef30f4df69c66aa4074ca59c44280ee1c5e346503afd91f7d872a2426 peer=2
2025-10-31T17:36:54Z UpdateTip: new best=599f15cef30f4df69c66aa4074ca59c44280ee1c5e346503afd91f7d872a2426 height=313 version=0x30000000 log2_work=9.294621 tx=5684 date='2025-10-31T17:36:53Z' progress=1.000000 cache=0.3MiB(931txo)
2025-10-31T17:36:58Z Saw new header hash=2f621ec99963d584177ed8dc931a325b4ae3bf5c04deb9f667e4b107aa2eef73 height=314
2025-10-31T17:36:58Z Saw new cmpctblock header hash=2f621ec99963d584177ed8dc931a325b4ae3bf5c04deb9f667e4b107aa2eef73 peer=3
2025-10-31T17:36:58Z UpdateTip: new best=2f621ec99963d584177ed8dc931a325b4ae3bf5c04deb9f667e4b107aa2eef73 height=314 version=0x30000000 log2_work=9.299208 tx=5731 date='2025-10-31T17:36:58Z' progress=1.000000 cache=0.3MiB(945txo)
2025-10-31T17:37:03Z Saw new header hash=171751c40ee87ce405146b4048001dea2b38dd7c9ea361fb95993704a4bfcd49 height=315
2025-10-31T17:37:03Z Saw new cmpctblock header hash=171751c40ee87ce405146b4048001dea2b38dd7c9ea361fb95993704a4bfcd49 peer=2
2025-10-31T17:37:03Z UpdateTip: new best=171751c40ee87ce405146b4048001dea2b38dd7c9ea361fb95993704a4bfcd49 height=315 version=0x30000000 log2_work=9.303781 tx=5767 date='2025-10-31T17:37:03Z' progress=1.000000 cache=0.3MiB(955txo)
2025-10-31T17:37:08Z Saw new header hash=1b82149768779f0f1ceb1bd1e904bb8055905b8cc53831e7222963b933fad828 height=316
2025-10-31T17:37:08Z Saw new cmpctblock header hash=1b82149768779f0f1ceb1bd1e904bb8055905b8cc53831e7222963b933fad828 peer=2
2025-10-31T17:37:08Z UpdateTip: new best=1b82149768779f0f1ceb1bd1e904bb8055905b8cc53831e7222963b933fad828 height=316 version=0x30000000 log2_work=9.308339 tx=5809 date='2025-10-31T17:37:08Z' progress=1.000000 cache=0.3MiB(961txo)
2025-10-31T17:37:13Z Saw new header hash=61ab49c4dfff7a5e245b25176a3815b72c5a95e1d50bde39dbcaf86e0477a3e9 height=317
2025-10-31T17:37:13Z Saw new cmpctblock header hash=61ab49c4dfff7a5e245b25176a3815b72c5a95e1d50bde39dbcaf86e0477a3e9 peer=3
2025-10-31T17:37:13Z UpdateTip: new best=61ab49c4dfff7a5e245b25176a3815b72c5a95e1d50bde39dbcaf86e0477a3e9 height=317 version=0x30000000 log2_work=9.312883 tx=5836 date='2025-10-31T17:37:13Z' progress=1.000000 cache=0.3MiB(970txo)
2025-10-31T17:37:19Z Saw new header hash=6fcb7437ec3458b017ac577c4c435c226cd05ec3ba8bd78c00699822b1d934b1 height=318
2025-10-31T17:37:19Z Saw new cmpctblock header hash=6fcb7437ec3458b017ac577c4c435c226cd05ec3ba8bd78c00699822b1d934b1 peer=2
2025-10-31T17:37:19Z UpdateTip: new best=6fcb7437ec3458b017ac577c4c435c226cd05ec3ba8bd78c00699822b1d934b1 height=318 version=0x30000000 log2_work=9.317413 tx=5854 date='2025-10-31T17:37:18Z' progress=1.000000 cache=0.3MiB(968txo)
2025-10-31T17:37:24Z Saw new header hash=1f449212049ace5989da7635629d7c08b5a176d5dea868d2573a6f0dcdf8675f height=319
2025-10-31T17:37:24Z Saw new cmpctblock header hash=1f449212049ace5989da7635629d7c08b5a176d5dea868d2573a6f0dcdf8675f peer=2
2025-10-31T17:37:24Z UpdateTip: new best=1f449212049ace5989da7635629d7c08b5a176d5dea868d2573a6f0dcdf8675f height=319 version=0x30000000 log2_work=9.321928 tx=5910 date='2025-10-31T17:37:24Z' progress=1.000000 cache=0.3MiB(954txo)
2025-10-31T17:37:29Z Saw new header hash=7f6516d7f4341ea8903875a9d55926ba7bbdc300c1c394c45246b88db09664d5 height=320
2025-10-31T17:37:29Z Saw new cmpctblock header hash=7f6516d7f4341ea8903875a9d55926ba7bbdc300c1c394c45246b88db09664d5 peer=3
2025-10-31T17:37:29Z UpdateTip: new best=7f6516d7f4341ea8903875a9d55926ba7bbdc300c1c394c45246b88db09664d5 height=320 version=0x30000000 log2_work=9.326429 tx=5911 date='2025-10-31T17:37:29Z' progress=1.000000 cache=0.3MiB(955txo)
2025-10-31T17:37:34Z Saw new header hash=2da76a4bd2df294f40f7244c3ee823088b9f82059f092db6c0704a3f2e68fa33 height=321
2025-10-31T17:37:34Z Saw new cmpctblock header hash=2da76a4bd2df294f40f7244c3ee823088b9f82059f092db6c0704a3f2e68fa33 peer=2
2025-10-31T17:37:34Z UpdateTip: new best=2da76a4bd2df294f40f7244c3ee823088b9f82059f092db6c0704a3f2e68fa33 height=321 version=0x30000000 log2_work=9.330917 tx=5986 date='2025-10-31T17:37:34Z' progress=1.000000 cache=0.3MiB(956txo)
2025-10-31T17:37:39Z Saw new header hash=5d13d1d0f6436cb111b9382b78baa71aa2d5cc67fada5b90ad4bd0588eb6667a height=322
2025-10-31T17:37:39Z Saw new cmpctblock header hash=5d13d1d0f6436cb111b9382b78baa71aa2d5cc67fada5b90ad4bd0588eb6667a peer=2
2025-10-31T17:37:39Z UpdateTip: new best=5d13d1d0f6436cb111b9382b78baa71aa2d5cc67fada5b90ad4bd0588eb6667a height=322 version=0x30000000 log2_work=9.335390 tx=6004 date='2025-10-31T17:37:39Z' progress=1.000000 cache=0.3MiB(960txo)
2025-10-31T17:37:44Z Saw new header hash=728df395b74c51dcce01f11649dbbd39bcf9b86eaf1b5b8d290481d58bbc74cf height=323
2025-10-31T17:37:44Z Saw new cmpctblock header hash=728df395b74c51dcce01f11649dbbd39bcf9b86eaf1b5b8d290481d58bbc74cf peer=3
2025-10-31T17:37:44Z UpdateTip: new best=728df395b74c51dcce01f11649dbbd39bcf9b86eaf1b5b8d290481d58bbc74cf height=323 version=0x30000000 log2_work=9.339850 tx=6047 date='2025-10-31T17:37:44Z' progress=1.000000 cache=0.3MiB(978txo)
2025-10-31T17:37:49Z Saw new header hash=45c6bce2f857d4c3d71d92516b61b65d7a272a383d5076e6ec07be2d01d65623 height=324
2025-10-31T17:37:49Z Saw new cmpctblock header hash=45c6bce2f857d4c3d71d92516b61b65d7a272a383d5076e6ec07be2d01d65623 peer=3
2025-10-31T17:37:49Z UpdateTip: new best=45c6bce2f857d4c3d71d92516b61b65d7a272a383d5076e6ec07be2d01d65623 height=324 version=0x30000000 log2_work=9.344296 tx=6076 date='2025-10-31T17:37:49Z' progress=1.000000 cache=0.3MiB(985txo)
2025-10-31T17:37:54Z Saw new header hash=0aa252322689787cd0ea06fc7840eecd5e855aca3e133518fd08c9c383d1a565 height=325
2025-10-31T17:37:54Z Saw new cmpctblock header hash=0aa252322689787cd0ea06fc7840eecd5e855aca3e133518fd08c9c383d1a565 peer=2
2025-10-31T17:37:54Z UpdateTip: new best=0aa252322689787cd0ea06fc7840eecd5e855aca3e133518fd08c9c383d1a565 height=325 version=0x30000000 log2_work=9.348728 tx=6088 date='2025-10-31T17:37:54Z' progress=1.000000 cache=0.3MiB(994txo)
