2025-10-26T21:28:28Z Bitcoin Core version v27.0.0 (release build)
2025-10-26T21:28:28Z Script verification uses 7 additional threads
2025-10-26T21:28:28Z Using the 'arm_shani(1way,2way)' SHA256 implementation
2025-10-26T21:28:28Z Default data directory /home/bitcoin/.bitcoin
2025-10-26T21:28:28Z Using data directory /home/bitcoin/.bitcoin/regtest
2025-10-26T21:28:28Z Config file: /home/bitcoin/.bitcoin/bitcoin.conf
2025-10-26T21:28:28Z Config file arg: [regtest] fallbackfee="0.0002"
2025-10-26T21:28:28Z Config file arg: [regtest] maxmempool="500"
2025-10-26T21:28:28Z Config file arg: [regtest] rpcallowip="0.0.0.0/0"
2025-10-26T21:28:28Z Config file arg: [regtest] rpcbind="0.0.0.0"
2025-10-26T21:28:28Z Config file arg: [regtest] rpcpassword=****
2025-10-26T21:28:28Z Config file arg: [regtest] rpcuser=****
2025-10-26T21:28:28Z Config file arg: [regtest] server="1"
2025-10-26T21:28:28Z Command-line arg: connect="node122:18444"
2025-10-26T21:28:28Z Command-line arg: connect="node124:18444"
2025-10-26T21:28:28Z Command-line arg: datadir="/home/bitcoin/.bitcoin"
2025-10-26T21:28:28Z Command-line arg: discover="1"
2025-10-26T21:28:28Z Command-line arg: dnsseed="0"
2025-10-26T21:28:28Z Command-line arg: listen="1"
2025-10-26T21:28:28Z Command-line arg: maxconnections="64"
2025-10-26T21:28:28Z Command-line arg: printtoconsole="1"
2025-10-26T21:28:28Z Command-line arg: regtest="1"
2025-10-26T21:28:28Z Command-line arg: rpcallowip="0.0.0.0/0"
2025-10-26T21:28:28Z Command-line arg: rpcbind="0.0.0.0"
2025-10-26T21:28:28Z Command-line arg: rpcpassword=****
2025-10-26T21:28:28Z Command-line arg: rpcuser=****
2025-10-26T21:28:28Z Command-line arg: server="1"
2025-10-26T21:28:28Z Command-line arg: txindex="1"
2025-10-26T21:28:28Z Command-line arg: zmqpubhashblock="tcp://0.0.0.0:28332"
2025-10-26T21:28:28Z Command-line arg: zmqpubhashtx="tcp://0.0.0.0:28333"
2025-10-26T21:28:28Z Using at most 64 automatic connections (1048576 file descriptors available)
2025-10-26T21:28:28Z Using 16 MiB out of 16 MiB requested for signature cache, able to store 524288 elements
2025-10-26T21:28:28Z Using 16 MiB out of 16 MiB requested for script execution cache, able to store 524288 elements
2025-10-26T21:28:28Z scheduler thread start
2025-10-26T21:28:28Z Binding RPC on address 0.0.0.0 port 18443
2025-10-26T21:28:28Z WARNING: the RPC server is not safe to expose to untrusted networks such as the public internet
2025-10-26T21:28:28Z Binding RPC on address 0.0.0.0 port 18443
2025-10-26T21:28:28Z Binding RPC on address 0.0.0.0 port 18443 failed.
2025-10-26T21:28:28Z Config options rpcuser and rpcpassword will soon be deprecated. Locally-run instances may remove rpcuser to use cookie-based auth, or may be replaced with rpcauth. Please see share/rpcauth for rpcauth auth generation.
2025-10-26T21:28:28Z Starting HTTP server with 4 worker threads
2025-10-26T21:28:28Z Using wallet directory /home/bitcoin/.bitcoin/regtest/wallets
2025-10-26T21:28:28Z init message: Verifying wallet(s)…
2025-10-26T21:28:28Z Using /16 prefix for IP bucketing
2025-10-26T21:28:28Z init message: Loading P2P addresses…
2025-10-26T21:28:28Z Creating peers.dat because the file was not found ("/home/bitcoin/.bitcoin/regtest/peers.dat")
2025-10-26T21:28:28Z init message: Loading banlist…
2025-10-26T21:28:28Z Recreating the banlist database
2025-10-26T21:28:28Z SetNetworkActive: true
2025-10-26T21:28:28Z /home/bitcoin/.bitcoin/regtest/fee_estimates.dat is not found. Continue anyway.
2025-10-26T21:28:28Z Script verification uses 7 additional threads
2025-10-26T21:28:28Z Cache configuration:
2025-10-26T21:28:28Z * Using 2.0 MiB for block index database
2025-10-26T21:28:28Z * Using 56.0 MiB for transaction index database
2025-10-26T21:28:28Z * Using 8.0 MiB for chain state database
2025-10-26T21:28:28Z * Using 384.0 MiB for in-memory UTXO set (plus up to 476.8 MiB of unused mempool space)
2025-10-26T21:28:28Z init message: Loading block index…
2025-10-26T21:28:28Z Validating signatures for all blocks.
2025-10-26T21:28:28Z Setting nMinimumChainWork=0000000000000000000000000000000000000000000000000000000000000000
2025-10-26T21:28:28Z Opening LevelDB in /home/bitcoin/.bitcoin/regtest/blocks/index
2025-10-26T21:28:28Z Opened LevelDB successfully
2025-10-26T21:28:28Z Using obfuscation key for /home/bitcoin/.bitcoin/regtest/blocks/index: 0000000000000000
2025-10-26T21:28:28Z LoadBlockIndexDB: last block file = 0
2025-10-26T21:28:28Z LoadBlockIndexDB: last block file info: CBlockFileInfo(blocks=0, size=0, heights=0...0, time=1970-01-01...1970-01-01)
2025-10-26T21:28:28Z Checking all blk files are present...
2025-10-26T21:28:28Z Initializing databases...
2025-10-26T21:28:28Z Initializing chainstate Chainstate [ibd] @ height -1 (null)
2025-10-26T21:28:28Z Opening LevelDB in /home/bitcoin/.bitcoin/regtest/chainstate
2025-10-26T21:28:28Z Opened LevelDB successfully
2025-10-26T21:28:28Z Wrote new obfuscate key for /home/bitcoin/.bitcoin/regtest/chainstate: 1dea0c00f884678b
2025-10-26T21:28:28Z Using obfuscation key for /home/bitcoin/.bitcoin/regtest/chainstate: 1dea0c00f884678b
2025-10-26T21:28:28Z Opening LevelDB in /home/bitcoin/.bitcoin/regtest/chainstate
2025-10-26T21:28:28Z Opened LevelDB successfully
2025-10-26T21:28:28Z Using obfuscation key for /home/bitcoin/.bitcoin/regtest/chainstate: 1dea0c00f884678b
2025-10-26T21:28:28Z [Chainstate [ibd] @ height -1 (null)] resized coinsdb cache to 8.0 MiB
2025-10-26T21:28:28Z [Chainstate [ibd] @ height -1 (null)] resized coinstip cache to 384.0 MiB
2025-10-26T21:28:28Z init message: Verifying blocks…
2025-10-26T21:28:28Z  block index              72ms
2025-10-26T21:28:28Z Opening LevelDB in /home/bitcoin/.bitcoin/regtest/indexes/txindex
2025-10-26T21:28:29Z Opened LevelDB successfully
2025-10-26T21:28:29Z Using obfuscation key for /home/bitcoin/.bitcoin/regtest/indexes/txindex: 0000000000000000
2025-10-26T21:28:29Z Setting NODE_NETWORK on non-prune mode
2025-10-26T21:28:29Z initload thread start
2025-10-26T21:28:29Z UpdateTip: new best=0f9188f13cb7b2c71f2a335e3a4fc328bf5beb436012afca590b1a11466e2206 height=0 version=0x00000001 log2_work=1.000000 tx=1 date='2011-02-02T23:16:42Z' progress=1.000000 cache=0.3MiB(0txo)
2025-10-26T21:28:29Z Failed to open mempool file from disk. Continuing anyway.
2025-10-26T21:28:29Z initload thread exit
2025-10-26T21:28:29Z txindex thread start
2025-10-26T21:28:29Z txindex is enabled
2025-10-26T21:28:29Z txindex thread exit
2025-10-26T21:28:29Z block tree size = 1
2025-10-26T21:28:29Z nBestHeight = 0
2025-10-26T21:28:29Z Bound to 127.0.0.1:18445
2025-10-26T21:28:29Z Bound to [::]:18444
2025-10-26T21:28:29Z Bound to 0.0.0.0:18444
2025-10-26T21:28:29Z init message: Starting network threads…
2025-10-26T21:28:29Z DNS seeding disabled
2025-10-26T21:28:29Z init message: Done loading
2025-10-26T21:28:29Z addcon thread start
2025-10-26T21:28:29Z torcontrol thread start
2025-10-26T21:28:29Z net thread start
2025-10-26T21:28:29Z msghand thread start
2025-10-26T21:28:29Z opencon thread start
2025-10-26T21:28:29Z connect() to 172.19.0.76:18444 failed after wait: Connection refused (111)
2025-10-26T21:28:29Z connect() to 172.19.0.98:18444 failed after wait: Connection refused (111)
2025-10-26T21:28:29Z New manual v2 peer connected: version: 70016, blocks=0, peer=1
2025-10-26T21:28:30Z connect() to 172.19.0.98:18444 failed after wait: Connection refused (111)
2025-10-26T21:28:32Z connect() to 172.19.0.98:18444 failed after wait: Connection refused (111)
2025-10-26T21:28:35Z New manual v2 peer connected: version: 70016, blocks=0, peer=3
2025-10-26T21:28:53Z Synchronizing blockheaders, height: 8 (~100.00%)
2025-10-26T21:28:53Z Synchronizing blockheaders, height: 9 (~100.00%)
2025-10-26T21:28:53Z Leaving InitialBlockDownload (latching to false)
2025-10-26T21:28:53Z UpdateTip: new best=5f57de5fe86a22b579f1933c340311f6ea812fdbed94b3b105e7af5177cc4e0c height=1 version=0x20000000 log2_work=2.000000 tx=2 date='2025-10-26T21:28:48Z' progress=1.000000 cache=0.3MiB(1txo)
2025-10-26T21:28:53Z UpdateTip: new best=4e18fd575041f4adb15bd5482c4760a03e80e27e4068d4817c950cf7ce4b5df3 height=2 version=0x20000000 log2_work=2.584963 tx=3 date='2025-10-26T21:28:49Z' progress=1.000000 cache=0.3MiB(2txo)
2025-10-26T21:28:53Z UpdateTip: new best=076041cdeabac0c970543b16938e3518cce3ffcdcc3b9713002941891fb498f1 height=3 version=0x20000000 log2_work=3.000000 tx=4 date='2025-10-26T21:28:49Z' progress=1.000000 cache=0.3MiB(3txo)
2025-10-26T21:28:53Z UpdateTip: new best=240641665216bce6c9f19706fbced3507c1991d2e37e64ad13e22e88d7dfffb0 height=4 version=0x20000000 log2_work=3.321928 tx=5 date='2025-10-26T21:28:50Z' progress=1.000000 cache=0.3MiB(4txo)
2025-10-26T21:28:53Z UpdateTip: new best=47a517006b3a884f1d34eac306f3c537d75407fea6d1da0293393e2e8286a19d height=5 version=0x20000000 log2_work=3.584963 tx=6 date='2025-10-26T21:28:50Z' progress=1.000000 cache=0.3MiB(5txo)
2025-10-26T21:28:53Z UpdateTip: new best=79ae571ce654a3a1b29e4b147cb782bdf24ef554ee4581aff2a555dab3873629 height=6 version=0x20000000 log2_work=3.807355 tx=7 date='2025-10-26T21:28:50Z' progress=1.000000 cache=0.3MiB(6txo)
2025-10-26T21:28:53Z UpdateTip: new best=0c9cb6c7497b4b5c14918a63be1271685e83505fc66684610ab167af3f7af2e8 height=7 version=0x20000000 log2_work=4.000000 tx=8 date='2025-10-26T21:28:50Z' progress=1.000000 cache=0.3MiB(7txo)
2025-10-26T21:28:53Z Saw new header hash=5237e1f7e391a3fc32fd9b51535563bb27b1452aeccf40cb199c664960a11ca4 height=10
2025-10-26T21:28:53Z Saw new header hash=1090ec2dcf8cf8f36f934a767eb655ea614282b749cef3a2d4d1e50e484d1b1e height=11
2025-10-26T21:28:53Z Saw new header hash=375630a1575a6afb165126cce87e52a819f53e0fad3c43e772534e9471dafdbb height=12
2025-10-26T21:28:53Z Saw new header hash=34360efd666f12144bb655f01e3caa91f0a4af5741cc61028015a1f06d83186f height=13
2025-10-26T21:28:53Z Saw new header hash=3f33653da2c6ffe924cd3b335ef44b2b4c04563635fd62c7b9043252a1e2fc22 height=14
2025-10-26T21:28:53Z UpdateTip: new best=20cb18c18d8cf2ca244ed641276034715c4912ef6423828855e3dcf34c3a5693 height=8 version=0x20000000 log2_work=4.169925 tx=9 date='2025-10-26T21:28:51Z' progress=1.000000 cache=0.3MiB(8txo)
2025-10-26T21:28:53Z UpdateTip: new best=1a209a4840c1d1ef83eb17a81d6dd349f6180254e078ee318e74681723489be3 height=9 version=0x20000000 log2_work=4.321928 tx=10 date='2025-10-26T21:28:51Z' progress=1.000000 cache=0.3MiB(9txo)
2025-10-26T21:28:53Z Saw new header hash=5ace50581d1b2c71d33470bc21d14cea41cd4431627a4654d58a6a8d2f3c155e height=15
2025-10-26T21:28:53Z UpdateTip: new best=5237e1f7e391a3fc32fd9b51535563bb27b1452aeccf40cb199c664960a11ca4 height=10 version=0x20000000 log2_work=4.459432 tx=11 date='2025-10-26T21:28:51Z' progress=1.000000 cache=0.3MiB(10txo)
2025-10-26T21:28:53Z UpdateTip: new best=1090ec2dcf8cf8f36f934a767eb655ea614282b749cef3a2d4d1e50e484d1b1e height=11 version=0x20000000 log2_work=4.584963 tx=12 date='2025-10-26T21:28:51Z' progress=1.000000 cache=0.3MiB(11txo)
2025-10-26T21:28:53Z Saw new header hash=04f962b42edaa6188e023aeb94ebed50b764c31a0a6655dfe4c79ceeb639f7bd height=16
2025-10-26T21:28:53Z UpdateTip: new best=375630a1575a6afb165126cce87e52a819f53e0fad3c43e772534e9471dafdbb height=12 version=0x20000000 log2_work=4.700440 tx=13 date='2025-10-26T21:28:51Z' progress=1.000000 cache=0.3MiB(12txo)
2025-10-26T21:28:53Z Saw new header hash=338bf61c5dd8a87ee663432b2ad76b7d42884926b0d259c229e2797761bfd76f height=17
2025-10-26T21:28:53Z UpdateTip: new best=34360efd666f12144bb655f01e3caa91f0a4af5741cc61028015a1f06d83186f height=13 version=0x20000000 log2_work=4.807355 tx=14 date='2025-10-26T21:28:51Z' progress=1.000000 cache=0.3MiB(13txo)
2025-10-26T21:28:53Z UpdateTip: new best=3f33653da2c6ffe924cd3b335ef44b2b4c04563635fd62c7b9043252a1e2fc22 height=14 version=0x20000000 log2_work=4.906891 tx=15 date='2025-10-26T21:28:52Z' progress=1.000000 cache=0.3MiB(14txo)
2025-10-26T21:28:53Z UpdateTip: new best=5ace50581d1b2c71d33470bc21d14cea41cd4431627a4654d58a6a8d2f3c155e height=15 version=0x20000000 log2_work=5.000000 tx=16 date='2025-10-26T21:28:52Z' progress=1.000000 cache=0.3MiB(15txo)
2025-10-26T21:28:53Z UpdateTip: new best=04f962b42edaa6188e023aeb94ebed50b764c31a0a6655dfe4c79ceeb639f7bd height=16 version=0x20000000 log2_work=5.087463 tx=17 date='2025-10-26T21:28:52Z' progress=1.000000 cache=0.3MiB(16txo)
2025-10-26T21:28:53Z UpdateTip: new best=338bf61c5dd8a87ee663432b2ad76b7d42884926b0d259c229e2797761bfd76f height=17 version=0x20000000 log2_work=5.169925 tx=18 date='2025-10-26T21:28:52Z' progress=1.000000 cache=0.3MiB(17txo)
2025-10-26T21:28:53Z Saw new header hash=4f8c7efc551011c204579c9fb81bc050ea13887eac9cd633d63d6b1a6ef59414 height=18
2025-10-26T21:28:53Z Saw new header hash=15b544c9b4d256a1793678582012f36e87b3eb1610b49a0e094032c36c272450 height=19
2025-10-26T21:28:53Z Saw new header hash=0d81f5d6691585dcddfe14af7747312711b61fa8988fecb626008faca7e988b5 height=20
2025-10-26T21:28:53Z Saw new header hash=4fee1fc2dfea3d54f866b79e592c215a28d9b633dfa3d877640494570cb3a19b height=21
2025-10-26T21:28:53Z UpdateTip: new best=4f8c7efc551011c204579c9fb81bc050ea13887eac9cd633d63d6b1a6ef59414 height=18 version=0x20000000 log2_work=5.247928 tx=19 date='2025-10-26T21:28:52Z' progress=1.000000 cache=0.3MiB(18txo)
2025-10-26T21:28:53Z UpdateTip: new best=15b544c9b4d256a1793678582012f36e87b3eb1610b49a0e094032c36c272450 height=19 version=0x20000000 log2_work=5.321928 tx=20 date='2025-10-26T21:28:52Z' progress=1.000000 cache=0.3MiB(19txo)
2025-10-26T21:28:53Z UpdateTip: new best=0d81f5d6691585dcddfe14af7747312711b61fa8988fecb626008faca7e988b5 height=20 version=0x20000000 log2_work=5.392317 tx=21 date='2025-10-26T21:28:53Z' progress=1.000000 cache=0.3MiB(20txo)
2025-10-26T21:28:53Z Saw new header hash=506f0a14d6ed429eb4a21b1c67642c37b3774828613a84f8377e52f2318dc316 height=22
2025-10-26T21:28:53Z Saw new header hash=2e04ae068a6c5689aed20388a7062c47fe55f5b2f1224b808507165a61c14e37 height=23
2025-10-26T21:28:53Z Saw new header hash=4c1c95fb07e2213bc88e4177328377b834d449639fd2d8d81315b0af04eb1620 height=24
2025-10-26T21:28:53Z Saw new header hash=77262b22ae9bedfe91411c8a94ca947141ff9cc73a75fb7383b9978edc97ed55 height=25
2025-10-26T21:28:53Z Saw new header hash=63835bec792d02e6485b848d02c95b8b6e234c6800c04a0cda95b9f7674568b4 height=26
2025-10-26T21:28:53Z UpdateTip: new best=4fee1fc2dfea3d54f866b79e592c215a28d9b633dfa3d877640494570cb3a19b height=21 version=0x20000000 log2_work=5.459432 tx=22 date='2025-10-26T21:28:53Z' progress=1.000000 cache=0.3MiB(21txo)
2025-10-26T21:28:53Z UpdateTip: new best=506f0a14d6ed429eb4a21b1c67642c37b3774828613a84f8377e52f2318dc316 height=22 version=0x20000000 log2_work=5.523562 tx=23 date='2025-10-26T21:28:53Z' progress=1.000000 cache=0.3MiB(22txo)
2025-10-26T21:28:53Z UpdateTip: new best=2e04ae068a6c5689aed20388a7062c47fe55f5b2f1224b808507165a61c14e37 height=23 version=0x20000000 log2_work=5.584963 tx=24 date='2025-10-26T21:28:53Z' progress=1.000000 cache=0.3MiB(23txo)
2025-10-26T21:28:53Z UpdateTip: new best=4c1c95fb07e2213bc88e4177328377b834d449639fd2d8d81315b0af04eb1620 height=24 version=0x20000000 log2_work=5.643856 tx=25 date='2025-10-26T21:28:53Z' progress=1.000000 cache=0.3MiB(24txo)
2025-10-26T21:28:53Z UpdateTip: new best=77262b22ae9bedfe91411c8a94ca947141ff9cc73a75fb7383b9978edc97ed55 height=25 version=0x20000000 log2_work=5.700440 tx=26 date='2025-10-26T21:28:53Z' progress=1.000000 cache=0.3MiB(25txo)
2025-10-26T21:28:53Z UpdateTip: new best=63835bec792d02e6485b848d02c95b8b6e234c6800c04a0cda95b9f7674568b4 height=26 version=0x20000000 log2_work=5.754888 tx=27 date='2025-10-26T21:28:54Z' progress=1.000000 cache=0.3MiB(26txo)
2025-10-26T21:28:53Z Saw new header hash=714a0288d4b83d41699cb1623539dd659c787e9dd08dadd92aa7e7b1dfb5a38c height=27
2025-10-26T21:28:53Z Saw new cmpctblock header hash=714a0288d4b83d41699cb1623539dd659c787e9dd08dadd92aa7e7b1dfb5a38c peer=0
2025-10-26T21:28:53Z UpdateTip: new best=714a0288d4b83d41699cb1623539dd659c787e9dd08dadd92aa7e7b1dfb5a38c height=27 version=0x20000000 log2_work=5.807355 tx=28 date='2025-10-26T21:28:54Z' progress=1.000000 cache=0.3MiB(27txo)
2025-10-26T21:28:53Z Saw new header hash=0a467028e8abf26ac0d0990f738ec98ce498105bd1ef0b1d306640b25a4a0c01 height=28
2025-10-26T21:28:53Z Saw new cmpctblock header hash=0a467028e8abf26ac0d0990f738ec98ce498105bd1ef0b1d306640b25a4a0c01 peer=0
2025-10-26T21:28:53Z UpdateTip: new best=0a467028e8abf26ac0d0990f738ec98ce498105bd1ef0b1d306640b25a4a0c01 height=28 version=0x20000000 log2_work=5.857981 tx=29 date='2025-10-26T21:28:54Z' progress=1.000000 cache=0.3MiB(28txo)
2025-10-26T21:28:53Z Saw new header hash=590f685908d45b94d6a2663e6f9c04da79d467a37e6a101d1f56b302a4bd8748 height=29
2025-10-26T21:28:53Z Saw new cmpctblock header hash=590f685908d45b94d6a2663e6f9c04da79d467a37e6a101d1f56b302a4bd8748 peer=1
2025-10-26T21:28:53Z UpdateTip: new best=590f685908d45b94d6a2663e6f9c04da79d467a37e6a101d1f56b302a4bd8748 height=29 version=0x20000000 log2_work=5.906891 tx=30 date='2025-10-26T21:28:54Z' progress=1.000000 cache=0.3MiB(29txo)
2025-10-26T21:28:53Z Saw new header hash=3cef60b2ad8867fde8b01d160c40893910f6466a13a07552a16fbf40d9ac2ba5 height=30
2025-10-26T21:28:53Z Saw new cmpctblock header hash=3cef60b2ad8867fde8b01d160c40893910f6466a13a07552a16fbf40d9ac2ba5 peer=1
2025-10-26T21:28:53Z UpdateTip: new best=3cef60b2ad8867fde8b01d160c40893910f6466a13a07552a16fbf40d9ac2ba5 height=30 version=0x20000000 log2_work=5.954196 tx=31 date='2025-10-26T21:28:54Z' progress=1.000000 cache=0.3MiB(30txo)
2025-10-26T21:28:53Z Saw new header hash=1214f5929cec8b23653aa47555adf020027d5d2de73194b70a955bdabbe4c0a0 height=31
2025-10-26T21:28:53Z Saw new cmpctblock header hash=1214f5929cec8b23653aa47555adf020027d5d2de73194b70a955bdabbe4c0a0 peer=1
2025-10-26T21:28:53Z UpdateTip: new best=1214f5929cec8b23653aa47555adf020027d5d2de73194b70a955bdabbe4c0a0 height=31 version=0x20000000 log2_work=6.000000 tx=32 date='2025-10-26T21:28:54Z' progress=1.000000 cache=0.3MiB(31txo)
2025-10-26T21:28:53Z Saw new header hash=1295146a513b267a0e334c4903ee007f6086d1090ffed0f0efe945d95fc303c7 height=32
2025-10-26T21:28:53Z Saw new cmpctblock header hash=1295146a513b267a0e334c4903ee007f6086d1090ffed0f0efe945d95fc303c7 peer=1
2025-10-26T21:28:53Z UpdateTip: new best=1295146a513b267a0e334c4903ee007f6086d1090ffed0f0efe945d95fc303c7 height=32 version=0x20000000 log2_work=6.044394 tx=33 date='2025-10-26T21:28:55Z' progress=1.000000 cache=0.3MiB(32txo)
2025-10-26T21:28:53Z Saw new header hash=2962bb1cc3f1abb0973f9eda2d03b15fca9b73ff388ff5f1b9793d0c992d3a85 height=33
2025-10-26T21:28:53Z Saw new cmpctblock header hash=2962bb1cc3f1abb0973f9eda2d03b15fca9b73ff388ff5f1b9793d0c992d3a85 peer=0
2025-10-26T21:28:53Z UpdateTip: new best=2962bb1cc3f1abb0973f9eda2d03b15fca9b73ff388ff5f1b9793d0c992d3a85 height=33 version=0x20000000 log2_work=6.087463 tx=34 date='2025-10-26T21:28:55Z' progress=1.000000 cache=0.3MiB(33txo)
2025-10-26T21:28:53Z Saw new header hash=3858271a1bb82caaf2d28692968aab21fbb165d93fe6ec831a1e0c0c6b1836d8 height=34
2025-10-26T21:28:53Z Saw new header hash=7acecc421b20b22ca1c7070fbc6532bb6ba628ba516ec1fc0ea1b6256990dae5 height=35
2025-10-26T21:28:53Z Saw new header hash=3607956c31f2b2067914005e0f747a57f9a6ab2c783966cde78890d8e4f84a1d height=36
2025-10-26T21:28:53Z Saw new header hash=73146edb40a9e2222b2622a77ec2d026bb90af2156f555c84931644e3598e8f5 height=37
2025-10-26T21:28:53Z Saw new header hash=0e01281ea652fed747c6d587198d67d45565e627729ae9134fd77c03e8bf278d height=38
2025-10-26T21:28:53Z Saw new cmpctblock header hash=0e01281ea652fed747c6d587198d67d45565e627729ae9134fd77c03e8bf278d peer=1
2025-10-26T21:28:53Z UpdateTip: new best=3858271a1bb82caaf2d28692968aab21fbb165d93fe6ec831a1e0c0c6b1836d8 height=34 version=0x20000000 log2_work=6.129283 tx=35 date='2025-10-26T21:28:55Z' progress=1.000000 cache=0.3MiB(34txo)
2025-10-26T21:28:53Z UpdateTip: new best=7acecc421b20b22ca1c7070fbc6532bb6ba628ba516ec1fc0ea1b6256990dae5 height=35 version=0x20000000 log2_work=6.169925 tx=36 date='2025-10-26T21:28:55Z' progress=1.000000 cache=0.3MiB(35txo)
2025-10-26T21:28:53Z UpdateTip: new best=3607956c31f2b2067914005e0f747a57f9a6ab2c783966cde78890d8e4f84a1d height=36 version=0x20000000 log2_work=6.209453 tx=37 date='2025-10-26T21:28:55Z' progress=1.000000 cache=0.3MiB(36txo)
2025-10-26T21:28:53Z UpdateTip: new best=73146edb40a9e2222b2622a77ec2d026bb90af2156f555c84931644e3598e8f5 height=37 version=0x20000000 log2_work=6.247928 tx=38 date='2025-10-26T21:28:55Z' progress=1.000000 cache=0.3MiB(37txo)
2025-10-26T21:28:53Z UpdateTip: new best=0e01281ea652fed747c6d587198d67d45565e627729ae9134fd77c03e8bf278d height=38 version=0x20000000 log2_work=6.285402 tx=39 date='2025-10-26T21:28:56Z' progress=1.000000 cache=0.3MiB(38txo)
2025-10-26T21:28:53Z Saw new header hash=2b37754c5e4e84a3ef5958aed376362e4c88c4d2dd85d41297caafdcf6f61b7e height=39
2025-10-26T21:28:53Z Saw new cmpctblock header hash=2b37754c5e4e84a3ef5958aed376362e4c88c4d2dd85d41297caafdcf6f61b7e peer=0
2025-10-26T21:28:53Z UpdateTip: new best=2b37754c5e4e84a3ef5958aed376362e4c88c4d2dd85d41297caafdcf6f61b7e height=39 version=0x20000000 log2_work=6.321928 tx=40 date='2025-10-26T21:28:56Z' progress=1.000000 cache=0.3MiB(39txo)
2025-10-26T21:28:53Z Saw new header hash=55ae7ffaa48b60765ee70ea748e04b8a1d229d0d4faf522f49a576268cbbb04e height=40
2025-10-26T21:28:53Z Saw new cmpctblock header hash=55ae7ffaa48b60765ee70ea748e04b8a1d229d0d4faf522f49a576268cbbb04e peer=1
2025-10-26T21:28:53Z UpdateTip: new best=55ae7ffaa48b60765ee70ea748e04b8a1d229d0d4faf522f49a576268cbbb04e height=40 version=0x20000000 log2_work=6.357552 tx=41 date='2025-10-26T21:28:56Z' progress=1.000000 cache=0.3MiB(40txo)
2025-10-26T21:28:53Z Saw new header hash=009162ca83f946695a96f38a22d473d60f56e3b05a347275ffceaf19f328901b height=41
2025-10-26T21:28:53Z Saw new cmpctblock header hash=009162ca83f946695a96f38a22d473d60f56e3b05a347275ffceaf19f328901b peer=1
2025-10-26T21:28:53Z UpdateTip: new best=009162ca83f946695a96f38a22d473d60f56e3b05a347275ffceaf19f328901b height=41 version=0x20000000 log2_work=6.392317 tx=42 date='2025-10-26T21:28:56Z' progress=1.000000 cache=0.3MiB(41txo)
2025-10-26T21:28:53Z Saw new header hash=30b0a8f90b9d180b9b868995b4b13f74fab83425abcac3c82d440d3915e61bee height=42
2025-10-26T21:28:53Z Saw new cmpctblock header hash=30b0a8f90b9d180b9b868995b4b13f74fab83425abcac3c82d440d3915e61bee peer=0
2025-10-26T21:28:53Z UpdateTip: new best=30b0a8f90b9d180b9b868995b4b13f74fab83425abcac3c82d440d3915e61bee height=42 version=0x20000000 log2_work=6.426265 tx=43 date='2025-10-26T21:28:56Z' progress=1.000000 cache=0.3MiB(42txo)
2025-10-26T21:28:53Z Saw new header hash=019c4898863ec32d626cbb269f56fc5e200f17808e053494213a137b6cbfef81 height=43
2025-10-26T21:28:53Z Saw new cmpctblock header hash=019c4898863ec32d626cbb269f56fc5e200f17808e053494213a137b6cbfef81 peer=0
2025-10-26T21:28:53Z UpdateTip: new best=019c4898863ec32d626cbb269f56fc5e200f17808e053494213a137b6cbfef81 height=43 version=0x20000000 log2_work=6.459432 tx=44 date='2025-10-26T21:28:56Z' progress=1.000000 cache=0.3MiB(43txo)
2025-10-26T21:28:53Z Saw new header hash=214ac22bfd0291ab13f9dc6926045fd7d32825270574c9fb63c514c100f85ad2 height=44
2025-10-26T21:28:53Z Saw new cmpctblock header hash=214ac22bfd0291ab13f9dc6926045fd7d32825270574c9fb63c514c100f85ad2 peer=1
2025-10-26T21:28:53Z UpdateTip: new best=214ac22bfd0291ab13f9dc6926045fd7d32825270574c9fb63c514c100f85ad2 height=44 version=0x20000000 log2_work=6.491853 tx=45 date='2025-10-26T21:28:57Z' progress=1.000000 cache=0.3MiB(44txo)
2025-10-26T21:28:53Z Saw new header hash=4389ce8b0c4e09de87521313f1900b75ba22084f18d0a78d700ed74bd39738f7 height=45
2025-10-26T21:28:53Z Saw new cmpctblock header hash=4389ce8b0c4e09de87521313f1900b75ba22084f18d0a78d700ed74bd39738f7 peer=0
2025-10-26T21:28:53Z UpdateTip: new best=4389ce8b0c4e09de87521313f1900b75ba22084f18d0a78d700ed74bd39738f7 height=45 version=0x20000000 log2_work=6.523562 tx=46 date='2025-10-26T21:28:57Z' progress=1.000000 cache=0.3MiB(45txo)
2025-10-26T21:28:53Z Saw new header hash=6a19671f6e4b0d33522fe8d4320f716cddeea27b9ee1a81f69e375fe1b3f9b52 height=46
2025-10-26T21:28:53Z Saw new cmpctblock header hash=6a19671f6e4b0d33522fe8d4320f716cddeea27b9ee1a81f69e375fe1b3f9b52 peer=1
2025-10-26T21:28:53Z UpdateTip: new best=6a19671f6e4b0d33522fe8d4320f716cddeea27b9ee1a81f69e375fe1b3f9b52 height=46 version=0x20000000 log2_work=6.554589 tx=47 date='2025-10-26T21:28:57Z' progress=1.000000 cache=0.3MiB(46txo)
2025-10-26T21:28:53Z Saw new header hash=29a7604efe6029a7650baafa415bf5f662cd8ceec482d2fccb1aeaf1348f482f height=47
2025-10-26T21:28:53Z Saw new cmpctblock header hash=29a7604efe6029a7650baafa415bf5f662cd8ceec482d2fccb1aeaf1348f482f peer=1
2025-10-26T21:28:53Z UpdateTip: new best=29a7604efe6029a7650baafa415bf5f662cd8ceec482d2fccb1aeaf1348f482f height=47 version=0x20000000 log2_work=6.584963 tx=48 date='2025-10-26T21:28:57Z' progress=1.000000 cache=0.3MiB(47txo)
2025-10-26T21:28:53Z Saw new header hash=1065a0002f68d0eb65eda05230307acba9e51c94e8807602453bd43514206113 height=48
2025-10-26T21:28:53Z Saw new cmpctblock header hash=1065a0002f68d0eb65eda05230307acba9e51c94e8807602453bd43514206113 peer=0
2025-10-26T21:28:53Z UpdateTip: new best=1065a0002f68d0eb65eda05230307acba9e51c94e8807602453bd43514206113 height=48 version=0x20000000 log2_work=6.614710 tx=49 date='2025-10-26T21:28:57Z' progress=1.000000 cache=0.3MiB(48txo)
2025-10-26T21:28:53Z Saw new header hash=0c0e644ad563b2ac001f6ab44b6d96cb4be4cffa4480f08df451f89e4eb5373a height=49
2025-10-26T21:28:53Z Saw new cmpctblock header hash=0c0e644ad563b2ac001f6ab44b6d96cb4be4cffa4480f08df451f89e4eb5373a peer=0
2025-10-26T21:28:53Z UpdateTip: new best=0c0e644ad563b2ac001f6ab44b6d96cb4be4cffa4480f08df451f89e4eb5373a height=49 version=0x20000000 log2_work=6.643856 tx=50 date='2025-10-26T21:28:57Z' progress=1.000000 cache=0.3MiB(49txo)
2025-10-26T21:28:53Z Saw new header hash=5ac5d7518a5c700cc6f44b0fe1887f1e9f8e97a35dafed2149cf628c25d85185 height=50
2025-10-26T21:28:53Z Saw new cmpctblock header hash=5ac5d7518a5c700cc6f44b0fe1887f1e9f8e97a35dafed2149cf628c25d85185 peer=1
2025-10-26T21:28:53Z UpdateTip: new best=5ac5d7518a5c700cc6f44b0fe1887f1e9f8e97a35dafed2149cf628c25d85185 height=50 version=0x20000000 log2_work=6.672425 tx=51 date='2025-10-26T21:28:58Z' progress=1.000000 cache=0.3MiB(50txo)
2025-10-26T21:28:53Z Saw new header hash=40de36812be7adff018d438ae201637e17356a57960ebeda511dd04a22542df2 height=51
2025-10-26T21:28:53Z Saw new cmpctblock header hash=40de36812be7adff018d438ae201637e17356a57960ebeda511dd04a22542df2 peer=0
2025-10-26T21:28:53Z UpdateTip: new best=40de36812be7adff018d438ae201637e17356a57960ebeda511dd04a22542df2 height=51 version=0x20000000 log2_work=6.700440 tx=52 date='2025-10-26T21:28:58Z' progress=1.000000 cache=0.3MiB(51txo)
2025-10-26T21:28:53Z Saw new header hash=18a5e66bc83c006d5f7b3c80d218dca1b3b641ebf82fb18e3c994dfe50253b44 height=52
2025-10-26T21:28:53Z Saw new cmpctblock header hash=18a5e66bc83c006d5f7b3c80d218dca1b3b641ebf82fb18e3c994dfe50253b44 peer=0
2025-10-26T21:28:53Z UpdateTip: new best=18a5e66bc83c006d5f7b3c80d218dca1b3b641ebf82fb18e3c994dfe50253b44 height=52 version=0x20000000 log2_work=6.727920 tx=53 date='2025-10-26T21:28:58Z' progress=1.000000 cache=0.3MiB(52txo)
2025-10-26T21:28:53Z Saw new header hash=48b5bf2230253750c835c3ba9c7eb4f1e814911f5d166f5670471fba8dd8fb2a height=53
2025-10-26T21:28:53Z Saw new cmpctblock header hash=48b5bf2230253750c835c3ba9c7eb4f1e814911f5d166f5670471fba8dd8fb2a peer=1
2025-10-26T21:28:53Z UpdateTip: new best=48b5bf2230253750c835c3ba9c7eb4f1e814911f5d166f5670471fba8dd8fb2a height=53 version=0x20000000 log2_work=6.754888 tx=54 date='2025-10-26T21:28:58Z' progress=1.000000 cache=0.3MiB(53txo)
2025-10-26T21:28:53Z Saw new header hash=5da70f0dde092dc37c49c292babbdb353e73d7c53365012fb0dd61a3cce96e5c height=54
2025-10-26T21:28:53Z Saw new cmpctblock header hash=5da70f0dde092dc37c49c292babbdb353e73d7c53365012fb0dd61a3cce96e5c peer=1
2025-10-26T21:28:53Z UpdateTip: new best=5da70f0dde092dc37c49c292babbdb353e73d7c53365012fb0dd61a3cce96e5c height=54 version=0x20000000 log2_work=6.781360 tx=55 date='2025-10-26T21:28:58Z' progress=1.000000 cache=0.3MiB(54txo)
2025-10-26T21:28:53Z Saw new header hash=42e2f9d734baaa60edfcfa6e922c5e27f8fe1806877761bd36e8ef77bed4c527 height=55
2025-10-26T21:28:53Z Saw new cmpctblock header hash=42e2f9d734baaa60edfcfa6e922c5e27f8fe1806877761bd36e8ef77bed4c527 peer=0
2025-10-26T21:28:53Z UpdateTip: new best=42e2f9d734baaa60edfcfa6e922c5e27f8fe1806877761bd36e8ef77bed4c527 height=55 version=0x20000000 log2_work=6.807355 tx=56 date='2025-10-26T21:28:58Z' progress=1.000000 cache=0.3MiB(55txo)
2025-10-26T21:28:53Z Saw new header hash=3307fa8f37ea3d8bcbdfb7b44aa4ef0a76ca047068b58151406d3ec75a3631aa height=56
2025-10-26T21:28:53Z Saw new cmpctblock header hash=3307fa8f37ea3d8bcbdfb7b44aa4ef0a76ca047068b58151406d3ec75a3631aa peer=1
2025-10-26T21:28:53Z UpdateTip: new best=3307fa8f37ea3d8bcbdfb7b44aa4ef0a76ca047068b58151406d3ec75a3631aa height=56 version=0x20000000 log2_work=6.832890 tx=57 date='2025-10-26T21:28:59Z' progress=1.000000 cache=0.3MiB(56txo)
2025-10-26T21:28:53Z Saw new header hash=6a27486f37d89fb61906cfd76d34d630b70427d7b2dc9242fe35acf166cd193c height=57
2025-10-26T21:28:53Z Saw new cmpctblock header hash=6a27486f37d89fb61906cfd76d34d630b70427d7b2dc9242fe35acf166cd193c peer=1
2025-10-26T21:28:53Z UpdateTip: new best=6a27486f37d89fb61906cfd76d34d630b70427d7b2dc9242fe35acf166cd193c height=57 version=0x20000000 log2_work=6.857981 tx=58 date='2025-10-26T21:28:59Z' progress=1.000000 cache=0.3MiB(57txo)
2025-10-26T21:28:53Z Saw new header hash=4716a5984088e1dd3ace4b752cc4c5d3715f920686881cbcae7b08f21e7bc1e0 height=58
2025-10-26T21:28:53Z Saw new header hash=77811d2a709bff2ce0242f76db2149d70b8b4fd4d36aad6e27e34adcece867fd height=59
2025-10-26T21:28:53Z UpdateTip: new best=4716a5984088e1dd3ace4b752cc4c5d3715f920686881cbcae7b08f21e7bc1e0 height=58 version=0x20000000 log2_work=6.882643 tx=59 date='2025-10-26T21:28:59Z' progress=1.000000 cache=0.3MiB(58txo)
2025-10-26T21:28:53Z Saw new header hash=0e5e90b4e86afd10feb9ecd1f6f0e1f132f51dea7e725e6c44b579222943d58a height=60
2025-10-26T21:28:53Z Saw new cmpctblock header hash=0e5e90b4e86afd10feb9ecd1f6f0e1f132f51dea7e725e6c44b579222943d58a peer=1
2025-10-26T21:28:53Z UpdateTip: new best=77811d2a709bff2ce0242f76db2149d70b8b4fd4d36aad6e27e34adcece867fd height=59 version=0x20000000 log2_work=6.906891 tx=60 date='2025-10-26T21:28:59Z' progress=1.000000 cache=0.3MiB(59txo)
2025-10-26T21:28:53Z UpdateTip: new best=0e5e90b4e86afd10feb9ecd1f6f0e1f132f51dea7e725e6c44b579222943d58a height=60 version=0x20000000 log2_work=6.930737 tx=61 date='2025-10-26T21:28:59Z' progress=1.000000 cache=0.3MiB(60txo)
2025-10-26T21:28:53Z Saw new header hash=248b76442da2b4685bb2ee4887a342c90a864f1e1b3054386a39a3604fe14101 height=61
2025-10-26T21:28:53Z Saw new cmpctblock header hash=248b76442da2b4685bb2ee4887a342c90a864f1e1b3054386a39a3604fe14101 peer=1
2025-10-26T21:28:53Z UpdateTip: new best=248b76442da2b4685bb2ee4887a342c90a864f1e1b3054386a39a3604fe14101 height=61 version=0x20000000 log2_work=6.954196 tx=62 date='2025-10-26T21:28:59Z' progress=1.000000 cache=0.3MiB(61txo)
2025-10-26T21:28:53Z Saw new header hash=616cdedc09e979e96ec4321db15532bb16502431f45b3f94e9f040d24b0aca83 height=62
2025-10-26T21:28:53Z Saw new cmpctblock header hash=616cdedc09e979e96ec4321db15532bb16502431f45b3f94e9f040d24b0aca83 peer=1
2025-10-26T21:28:53Z UpdateTip: new best=616cdedc09e979e96ec4321db15532bb16502431f45b3f94e9f040d24b0aca83 height=62 version=0x20000000 log2_work=6.977280 tx=63 date='2025-10-26T21:29:00Z' progress=1.000000 cache=0.3MiB(62txo)
2025-10-26T21:28:53Z Saw new header hash=0a4709fbc3ec2d17c2d728177e6270834dd3dff9f19fef308a82c3274edeb7e8 height=63
2025-10-26T21:28:53Z Saw new cmpctblock header hash=0a4709fbc3ec2d17c2d728177e6270834dd3dff9f19fef308a82c3274edeb7e8 peer=0
2025-10-26T21:28:53Z UpdateTip: new best=0a4709fbc3ec2d17c2d728177e6270834dd3dff9f19fef308a82c3274edeb7e8 height=63 version=0x20000000 log2_work=7.000000 tx=64 date='2025-10-26T21:29:00Z' progress=1.000000 cache=0.3MiB(63txo)
2025-10-26T21:28:53Z Saw new header hash=28e3f61decb23c60621a6012cfdfa629c78b5d1e5a2ac11d4df5a13e8788884f height=64
2025-10-26T21:28:53Z Saw new cmpctblock header hash=28e3f61decb23c60621a6012cfdfa629c78b5d1e5a2ac11d4df5a13e8788884f peer=0
2025-10-26T21:28:53Z UpdateTip: new best=28e3f61decb23c60621a6012cfdfa629c78b5d1e5a2ac11d4df5a13e8788884f height=64 version=0x20000000 log2_work=7.022368 tx=65 date='2025-10-26T21:29:00Z' progress=1.000000 cache=0.3MiB(64txo)
2025-10-26T21:28:53Z Saw new header hash=4d487e9333c058a83bff2c1e305fc2a4ada36e47ede630ce482e8890597c5ed4 height=65
2025-10-26T21:28:53Z Saw new cmpctblock header hash=4d487e9333c058a83bff2c1e305fc2a4ada36e47ede630ce482e8890597c5ed4 peer=1
2025-10-26T21:28:53Z UpdateTip: new best=4d487e9333c058a83bff2c1e305fc2a4ada36e47ede630ce482e8890597c5ed4 height=65 version=0x20000000 log2_work=7.044394 tx=66 date='2025-10-26T21:29:00Z' progress=1.000000 cache=0.3MiB(65txo)
2025-10-26T21:28:53Z Saw new header hash=59a9454e89a0dcbdfc0926366dc4e878b0714645fcdb73988e39aaf98129999c height=66
2025-10-26T21:28:53Z Saw new cmpctblock header hash=59a9454e89a0dcbdfc0926366dc4e878b0714645fcdb73988e39aaf98129999c peer=1
2025-10-26T21:28:53Z UpdateTip: new best=59a9454e89a0dcbdfc0926366dc4e878b0714645fcdb73988e39aaf98129999c height=66 version=0x20000000 log2_work=7.066089 tx=67 date='2025-10-26T21:29:00Z' progress=1.000000 cache=0.3MiB(66txo)
2025-10-26T21:28:53Z Saw new header hash=7594cca7c0fc7ed632f77f13882109dfb7d98ecf9e8590efd1c9b4cef1ca612e height=67
2025-10-26T21:28:53Z Saw new cmpctblock header hash=7594cca7c0fc7ed632f77f13882109dfb7d98ecf9e8590efd1c9b4cef1ca612e peer=1
2025-10-26T21:28:53Z UpdateTip: new best=7594cca7c0fc7ed632f77f13882109dfb7d98ecf9e8590efd1c9b4cef1ca612e height=67 version=0x20000000 log2_work=7.087463 tx=68 date='2025-10-26T21:29:00Z' progress=1.000000 cache=0.3MiB(67txo)
2025-10-26T21:28:53Z Saw new header hash=074fd76dfe4fb97a40ccf6a75a440b075b90adec673113c9afeb7e5e47c8393a height=68
2025-10-26T21:28:53Z Saw new cmpctblock header hash=074fd76dfe4fb97a40ccf6a75a440b075b90adec673113c9afeb7e5e47c8393a peer=1
2025-10-26T21:28:53Z UpdateTip: new best=074fd76dfe4fb97a40ccf6a75a440b075b90adec673113c9afeb7e5e47c8393a height=68 version=0x20000000 log2_work=7.108524 tx=69 date='2025-10-26T21:29:01Z' progress=1.000000 cache=0.3MiB(68txo)
2025-10-26T21:28:53Z Saw new header hash=174548cb48cdd6b72169c12b2798acb7e6f00b33fbced3f131685ad9915d5955 height=69
2025-10-26T21:28:53Z Saw new cmpctblock header hash=174548cb48cdd6b72169c12b2798acb7e6f00b33fbced3f131685ad9915d5955 peer=0
2025-10-26T21:28:53Z UpdateTip: new best=174548cb48cdd6b72169c12b2798acb7e6f00b33fbced3f131685ad9915d5955 height=69 version=0x20000000 log2_work=7.129283 tx=70 date='2025-10-26T21:29:01Z' progress=1.000000 cache=0.3MiB(69txo)
2025-10-26T21:28:53Z Saw new header hash=771390f363200b10c8339fe72440ccdd6680019b33107453e6f32d40aa33edf7 height=70
2025-10-26T21:28:53Z Saw new cmpctblock header hash=771390f363200b10c8339fe72440ccdd6680019b33107453e6f32d40aa33edf7 peer=1
2025-10-26T21:28:53Z UpdateTip: new best=771390f363200b10c8339fe72440ccdd6680019b33107453e6f32d40aa33edf7 height=70 version=0x20000000 log2_work=7.149747 tx=71 date='2025-10-26T21:29:01Z' progress=1.000000 cache=0.3MiB(70txo)
2025-10-26T21:28:53Z Saw new header hash=53ff390345289d5fde8d194bfcd98cf64822240aa4a1cd1a0f5a11a3910cb92a height=71
2025-10-26T21:28:53Z Saw new cmpctblock header hash=53ff390345289d5fde8d194bfcd98cf64822240aa4a1cd1a0f5a11a3910cb92a peer=1
2025-10-26T21:28:53Z UpdateTip: new best=53ff390345289d5fde8d194bfcd98cf64822240aa4a1cd1a0f5a11a3910cb92a height=71 version=0x20000000 log2_work=7.169925 tx=72 date='2025-10-26T21:29:01Z' progress=1.000000 cache=0.3MiB(71txo)
2025-10-26T21:28:53Z Saw new header hash=0e4aadfde55ca2db129511cee120a51c36409fdd4b6a60ade1cb3a43b6288880 height=72
2025-10-26T21:28:53Z Saw new header hash=14b12d962bdc9a82c28749ed02d89dc3bffee628cf79ccd8242c56df1deb5cf6 height=73
2025-10-26T21:28:53Z Saw new header hash=70413817b49a3671259a8f3eddd907b50ffda00ea658ec063354802e8e709e43 height=74
2025-10-26T21:28:53Z Saw new cmpctblock header hash=70413817b49a3671259a8f3eddd907b50ffda00ea658ec063354802e8e709e43 peer=0
2025-10-26T21:28:53Z Saw new header hash=463f97d2acb07321cb53ea65f0603434172ff1482183a5b69895be6129c935d3 height=75
2025-10-26T21:28:53Z Saw new cmpctblock header hash=463f97d2acb07321cb53ea65f0603434172ff1482183a5b69895be6129c935d3 peer=0
2025-10-26T21:28:53Z Saw new header hash=4076570567e758f1158e5cb24da2a5c68155498af2e131ead365ae5bb3e2627f height=76
2025-10-26T21:28:53Z Saw new cmpctblock header hash=4076570567e758f1158e5cb24da2a5c68155498af2e131ead365ae5bb3e2627f peer=0
2025-10-26T21:28:53Z Saw new header hash=7660e17962f531801c5bc75a7203f025f4a4afc058368099bcf8a3b760a9b176 height=77
2025-10-26T21:28:53Z Saw new cmpctblock header hash=7660e17962f531801c5bc75a7203f025f4a4afc058368099bcf8a3b760a9b176 peer=1
2025-10-26T21:28:53Z UpdateTip: new best=0e4aadfde55ca2db129511cee120a51c36409fdd4b6a60ade1cb3a43b6288880 height=72 version=0x20000000 log2_work=7.189825 tx=73 date='2025-10-26T21:29:01Z' progress=1.000000 cache=0.3MiB(72txo)
2025-10-26T21:28:53Z Saw new header hash=15d2d9f7b5dea9c83e4b81fd35e5eabb3f3045c3f73a0c0cec9098d82852da49 height=78
2025-10-26T21:28:53Z Saw new header hash=172f4f462ca2e98b2899596dcc72dd7e1569a60edbda83b4106d721ad5c8d2ef height=79
2025-10-26T21:28:53Z Saw new cmpctblock header hash=172f4f462ca2e98b2899596dcc72dd7e1569a60edbda83b4106d721ad5c8d2ef peer=0
2025-10-26T21:28:53Z UpdateTip: new best=14b12d962bdc9a82c28749ed02d89dc3bffee628cf79ccd8242c56df1deb5cf6 height=73 version=0x20000000 log2_work=7.209453 tx=74 date='2025-10-26T21:29:01Z' progress=1.000000 cache=0.3MiB(73txo)
2025-10-26T21:28:53Z UpdateTip: new best=70413817b49a3671259a8f3eddd907b50ffda00ea658ec063354802e8e709e43 height=74 version=0x20000000 log2_work=7.228819 tx=75 date='2025-10-26T21:29:02Z' progress=1.000000 cache=0.3MiB(74txo)
2025-10-26T21:28:53Z UpdateTip: new best=463f97d2acb07321cb53ea65f0603434172ff1482183a5b69895be6129c935d3 height=75 version=0x20000000 log2_work=7.247928 tx=76 date='2025-10-26T21:29:02Z' progress=1.000000 cache=0.3MiB(75txo)
2025-10-26T21:28:53Z UpdateTip: new best=4076570567e758f1158e5cb24da2a5c68155498af2e131ead365ae5bb3e2627f height=76 version=0x20000000 log2_work=7.266787 tx=77 date='2025-10-26T21:29:02Z' progress=1.000000 cache=0.3MiB(76txo)
2025-10-26T21:28:53Z UpdateTip: new best=7660e17962f531801c5bc75a7203f025f4a4afc058368099bcf8a3b760a9b176 height=77 version=0x20000000 log2_work=7.285402 tx=78 date='2025-10-26T21:29:02Z' progress=1.000000 cache=0.3MiB(77txo)
2025-10-26T21:28:53Z Saw new header hash=3ec6e58bb1e789b8e1015e85b66211a0657c0f2eaf971490017b35ff89297a97 height=80
2025-10-26T21:28:53Z Saw new cmpctblock header hash=3ec6e58bb1e789b8e1015e85b66211a0657c0f2eaf971490017b35ff89297a97 peer=0
2025-10-26T21:28:53Z UpdateTip: new best=15d2d9f7b5dea9c83e4b81fd35e5eabb3f3045c3f73a0c0cec9098d82852da49 height=78 version=0x20000000 log2_work=7.303781 tx=79 date='2025-10-26T21:29:02Z' progress=1.000000 cache=0.3MiB(78txo)
2025-10-26T21:28:53Z Saw new header hash=06888c1678fd152e2ed9c0e5f140adaf8249ee2c98d28b8b8bc31939001b0da8 height=81
2025-10-26T21:28:53Z Saw new cmpctblock header hash=06888c1678fd152e2ed9c0e5f140adaf8249ee2c98d28b8b8bc31939001b0da8 peer=1
2025-10-26T21:28:53Z UpdateTip: new best=172f4f462ca2e98b2899596dcc72dd7e1569a60edbda83b4106d721ad5c8d2ef height=79 version=0x20000000 log2_work=7.321928 tx=80 date='2025-10-26T21:29:02Z' progress=1.000000 cache=0.3MiB(79txo)
2025-10-26T21:28:53Z Saw new header hash=633668630dc91886e402d3d4f6bcdaaa31874001023589b5bdbc023dfa44598c height=82
2025-10-26T21:28:53Z Saw new header hash=184dc9696858985580c29d6a3d26cf91733c7c4857d112230c0f51d97b6c95d6 height=83
2025-10-26T21:28:53Z Saw new header hash=2f73f1c8ee234f74a9e93ed6410abe3a912dbb015975c36366773c25950371ab height=84
2025-10-26T21:28:53Z Saw new cmpctblock header hash=2f73f1c8ee234f74a9e93ed6410abe3a912dbb015975c36366773c25950371ab peer=1
2025-10-26T21:28:53Z Saw new header hash=3a4b31db8d55f50e968d918a1ee460ecdabd9ef0bcecd1e8f02415bd0abd6ce7 height=85
2025-10-26T21:28:53Z Saw new cmpctblock header hash=3a4b31db8d55f50e968d918a1ee460ecdabd9ef0bcecd1e8f02415bd0abd6ce7 peer=1
2025-10-26T21:28:53Z Saw new header hash=3fed64678002ad8ccfd25f56ae38b777866b41468b5c47c88ae5cb0a49091a57 height=86
2025-10-26T21:28:53Z Saw new cmpctblock header hash=3fed64678002ad8ccfd25f56ae38b777866b41468b5c47c88ae5cb0a49091a57 peer=1
2025-10-26T21:28:53Z Saw new header hash=6c793ee83fb6d8bdce110487e2be8c7d81611c2c77d894954116f2b79eee8f85 height=87
2025-10-26T21:28:53Z Saw new cmpctblock header hash=6c793ee83fb6d8bdce110487e2be8c7d81611c2c77d894954116f2b79eee8f85 peer=1
2025-10-26T21:28:53Z Saw new header hash=55cf804f56eab457381624d7caf34f918e660d6aee8a6b9fbbc3ce26aaa2354d height=88
2025-10-26T21:28:53Z Saw new cmpctblock header hash=55cf804f56eab457381624d7caf34f918e660d6aee8a6b9fbbc3ce26aaa2354d peer=1
2025-10-26T21:28:53Z Saw new header hash=73df30359f5f556b3451b642950ca3cd4554c7960dcfa6822760c6f7c4ab9e35 height=89
2025-10-26T21:28:53Z Saw new cmpctblock header hash=73df30359f5f556b3451b642950ca3cd4554c7960dcfa6822760c6f7c4ab9e35 peer=1
2025-10-26T21:28:53Z Saw new header hash=591568ad2bacb33c115c974d409cd04eed761ab497bd7f1dade6164aa4696c03 height=90
2025-10-26T21:28:53Z Saw new cmpctblock header hash=591568ad2bacb33c115c974d409cd04eed761ab497bd7f1dade6164aa4696c03 peer=1
2025-10-26T21:28:53Z Saw new header hash=26aa44639c0f351f2ac17a3f278b4b419150ea6524eee057651f0d8bafb7f9bb height=91
2025-10-26T21:28:53Z Saw new cmpctblock header hash=26aa44639c0f351f2ac17a3f278b4b419150ea6524eee057651f0d8bafb7f9bb peer=1
2025-10-26T21:28:53Z Saw new header hash=6d1f15441e8b5a4ae9d7a65c76422ab759dedac66ac0102c412319e470eb2399 height=92
2025-10-26T21:28:53Z Saw new cmpctblock header hash=6d1f15441e8b5a4ae9d7a65c76422ab759dedac66ac0102c412319e470eb2399 peer=1
2025-10-26T21:28:53Z Saw new header hash=01d307b01a35307ab44e1c4ed6fcd017325a5219db9eaaacc84ccf72a53a1f89 height=93
2025-10-26T21:28:53Z Saw new cmpctblock header hash=01d307b01a35307ab44e1c4ed6fcd017325a5219db9eaaacc84ccf72a53a1f89 peer=1
2025-10-26T21:28:53Z Saw new header hash=386ce362884dc0f5c21b7b95eee948901ad3a1fec54a3b9dc335b25cfec9cf8c height=94
2025-10-26T21:28:53Z Saw new cmpctblock header hash=386ce362884dc0f5c21b7b95eee948901ad3a1fec54a3b9dc335b25cfec9cf8c peer=1
2025-10-26T21:28:53Z Saw new header hash=015a4c18714d66722a53b9b5cb59a03b1d843872c21841208381b4735502c979 height=95
2025-10-26T21:28:53Z Saw new cmpctblock header hash=015a4c18714d66722a53b9b5cb59a03b1d843872c21841208381b4735502c979 peer=1
2025-10-26T21:28:53Z Saw new header hash=7bdf6d970e703bc7a3c05fec09319693a94dd337f820e5c86afb7e8a036c5ebf height=96
2025-10-26T21:28:53Z Saw new cmpctblock header hash=7bdf6d970e703bc7a3c05fec09319693a94dd337f820e5c86afb7e8a036c5ebf peer=1
2025-10-26T21:28:53Z Saw new header hash=138bad9888ce1becc1fa4fbe3e9dbef634acdc324a94eb081695b7ef59c7e850 height=97
2025-10-26T21:28:53Z Saw new cmpctblock header hash=138bad9888ce1becc1fa4fbe3e9dbef634acdc324a94eb081695b7ef59c7e850 peer=1
2025-10-26T21:28:53Z Saw new header hash=3d2b6548056904ec3fcb7471a788eeb1ac52de59409409d6b19401f55edf759e height=98
2025-10-26T21:28:53Z Saw new cmpctblock header hash=3d2b6548056904ec3fcb7471a788eeb1ac52de59409409d6b19401f55edf759e peer=1
2025-10-26T21:28:53Z Saw new header hash=1c9653bdf1d9d96b7c2f2a0b7eabcf7055a2e8bd982ffec5bb00e6858664e0dd height=99
2025-10-26T21:28:53Z Saw new cmpctblock header hash=1c9653bdf1d9d96b7c2f2a0b7eabcf7055a2e8bd982ffec5bb00e6858664e0dd peer=1
2025-10-26T21:28:53Z UpdateTip: new best=3ec6e58bb1e789b8e1015e85b66211a0657c0f2eaf971490017b35ff89297a97 height=80 version=0x20000000 log2_work=7.339850 tx=81 date='2025-10-26T21:29:03Z' progress=1.000000 cache=0.3MiB(80txo)
2025-10-26T21:28:53Z UpdateTip: new best=06888c1678fd152e2ed9c0e5f140adaf8249ee2c98d28b8b8bc31939001b0da8 height=81 version=0x20000000 log2_work=7.357552 tx=82 date='2025-10-26T21:29:03Z' progress=1.000000 cache=0.3MiB(81txo)
2025-10-26T21:28:53Z UpdateTip: new best=633668630dc91886e402d3d4f6bcdaaa31874001023589b5bdbc023dfa44598c height=82 version=0x20000000 log2_work=7.375039 tx=83 date='2025-10-26T21:29:03Z' progress=1.000000 cache=0.3MiB(82txo)
2025-10-26T21:28:53Z UpdateTip: new best=184dc9696858985580c29d6a3d26cf91733c7c4857d112230c0f51d97b6c95d6 height=83 version=0x20000000 log2_work=7.392317 tx=84 date='2025-10-26T21:29:03Z' progress=1.000000 cache=0.3MiB(83txo)
2025-10-26T21:28:53Z UpdateTip: new best=2f73f1c8ee234f74a9e93ed6410abe3a912dbb015975c36366773c25950371ab height=84 version=0x20000000 log2_work=7.409391 tx=85 date='2025-10-26T21:29:03Z' progress=1.000000 cache=0.3MiB(84txo)
2025-10-26T21:28:53Z UpdateTip: new best=3a4b31db8d55f50e968d918a1ee460ecdabd9ef0bcecd1e8f02415bd0abd6ce7 height=85 version=0x20000000 log2_work=7.426265 tx=86 date='2025-10-26T21:29:03Z' progress=1.000000 cache=0.3MiB(85txo)
2025-10-26T21:28:53Z UpdateTip: new best=3fed64678002ad8ccfd25f56ae38b777866b41468b5c47c88ae5cb0a49091a57 height=86 version=0x20000000 log2_work=7.442943 tx=87 date='2025-10-26T21:29:04Z' progress=1.000000 cache=0.3MiB(86txo)
2025-10-26T21:28:53Z UpdateTip: new best=6c793ee83fb6d8bdce110487e2be8c7d81611c2c77d894954116f2b79eee8f85 height=87 version=0x20000000 log2_work=7.459432 tx=88 date='2025-10-26T21:29:04Z' progress=1.000000 cache=0.3MiB(87txo)
2025-10-26T21:28:53Z UpdateTip: new best=55cf804f56eab457381624d7caf34f918e660d6aee8a6b9fbbc3ce26aaa2354d height=88 version=0x20000000 log2_work=7.475733 tx=89 date='2025-10-26T21:29:04Z' progress=1.000000 cache=0.3MiB(88txo)
2025-10-26T21:28:53Z UpdateTip: new best=73df30359f5f556b3451b642950ca3cd4554c7960dcfa6822760c6f7c4ab9e35 height=89 version=0x20000000 log2_work=7.491853 tx=90 date='2025-10-26T21:29:04Z' progress=1.000000 cache=0.3MiB(89txo)
2025-10-26T21:28:53Z UpdateTip: new best=591568ad2bacb33c115c974d409cd04eed761ab497bd7f1dade6164aa4696c03 height=90 version=0x20000000 log2_work=7.507795 tx=91 date='2025-10-26T21:29:04Z' progress=1.000000 cache=0.3MiB(90txo)
2025-10-26T21:28:53Z UpdateTip: new best=26aa44639c0f351f2ac17a3f278b4b419150ea6524eee057651f0d8bafb7f9bb height=91 version=0x20000000 log2_work=7.523562 tx=92 date='2025-10-26T21:29:04Z' progress=1.000000 cache=0.3MiB(91txo)
2025-10-26T21:28:53Z UpdateTip: new best=6d1f15441e8b5a4ae9d7a65c76422ab759dedac66ac0102c412319e470eb2399 height=92 version=0x20000000 log2_work=7.539159 tx=93 date='2025-10-26T21:29:05Z' progress=1.000000 cache=0.3MiB(92txo)
2025-10-26T21:28:53Z UpdateTip: new best=01d307b01a35307ab44e1c4ed6fcd017325a5219db9eaaacc84ccf72a53a1f89 height=93 version=0x20000000 log2_work=7.554589 tx=94 date='2025-10-26T21:29:05Z' progress=1.000000 cache=0.3MiB(93txo)
2025-10-26T21:28:53Z UpdateTip: new best=386ce362884dc0f5c21b7b95eee948901ad3a1fec54a3b9dc335b25cfec9cf8c height=94 version=0x20000000 log2_work=7.569856 tx=95 date='2025-10-26T21:29:05Z' progress=1.000000 cache=0.3MiB(94txo)
2025-10-26T21:28:53Z UpdateTip: new best=015a4c18714d66722a53b9b5cb59a03b1d843872c21841208381b4735502c979 height=95 version=0x20000000 log2_work=7.584963 tx=96 date='2025-10-26T21:29:05Z' progress=1.000000 cache=0.3MiB(95txo)
2025-10-26T21:28:53Z UpdateTip: new best=7bdf6d970e703bc7a3c05fec09319693a94dd337f820e5c86afb7e8a036c5ebf height=96 version=0x20000000 log2_work=7.599913 tx=97 date='2025-10-26T21:29:05Z' progress=1.000000 cache=0.3MiB(96txo)
2025-10-26T21:28:53Z UpdateTip: new best=138bad9888ce1becc1fa4fbe3e9dbef634acdc324a94eb081695b7ef59c7e850 height=97 version=0x20000000 log2_work=7.614710 tx=98 date='2025-10-26T21:29:05Z' progress=1.000000 cache=0.3MiB(97txo)
2025-10-26T21:28:53Z UpdateTip: new best=3d2b6548056904ec3fcb7471a788eeb1ac52de59409409d6b19401f55edf759e height=98 version=0x20000000 log2_work=7.629357 tx=99 date='2025-10-26T21:29:06Z' progress=1.000000 cache=0.3MiB(98txo)
2025-10-26T21:28:53Z Saw new header hash=6a0a76115c58652098872557580538836cacd3dd87cfbfc5dc2ea8e79425fce4 height=100
2025-10-26T21:28:53Z Saw new cmpctblock header hash=6a0a76115c58652098872557580538836cacd3dd87cfbfc5dc2ea8e79425fce4 peer=0
2025-10-26T21:28:53Z Saw new header hash=314079c9951cfc38596436a665a6a15d85dc3a655827c7107c7b1327e67c9d0e height=101
2025-10-26T21:28:53Z Saw new cmpctblock header hash=314079c9951cfc38596436a665a6a15d85dc3a655827c7107c7b1327e67c9d0e peer=0
2025-10-26T21:28:53Z UpdateTip: new best=1c9653bdf1d9d96b7c2f2a0b7eabcf7055a2e8bd982ffec5bb00e6858664e0dd height=99 version=0x20000000 log2_work=7.643856 tx=100 date='2025-10-26T21:29:06Z' progress=1.000000 cache=0.3MiB(99txo)
2025-10-26T21:28:53Z UpdateTip: new best=6a0a76115c58652098872557580538836cacd3dd87cfbfc5dc2ea8e79425fce4 height=100 version=0x20000000 log2_work=7.658211 tx=101 date='2025-10-26T21:29:06Z' progress=1.000000 cache=0.3MiB(100txo)
2025-10-26T21:28:53Z Saw new header hash=7a95c3ba0a2650475f131dceda39f816c09159287adb476dcebd4beed50f5d5a height=102
2025-10-26T21:28:53Z Saw new cmpctblock header hash=7a95c3ba0a2650475f131dceda39f816c09159287adb476dcebd4beed50f5d5a peer=0
2025-10-26T21:28:53Z UpdateTip: new best=314079c9951cfc38596436a665a6a15d85dc3a655827c7107c7b1327e67c9d0e height=101 version=0x20000000 log2_work=7.672425 tx=102 date='2025-10-26T21:29:06Z' progress=1.000000 cache=0.3MiB(101txo)
2025-10-26T21:28:53Z UpdateTip: new best=7a95c3ba0a2650475f131dceda39f816c09159287adb476dcebd4beed50f5d5a height=102 version=0x20000000 log2_work=7.686501 tx=103 date='2025-10-26T21:29:06Z' progress=1.000000 cache=0.3MiB(102txo)
2025-10-26T21:28:53Z Saw new header hash=489a496e50a4c8d1ef79c8d7691646971e0391f86896fbaa97a4668b7385e9ee height=103
2025-10-26T21:28:53Z Saw new cmpctblock header hash=489a496e50a4c8d1ef79c8d7691646971e0391f86896fbaa97a4668b7385e9ee peer=0
2025-10-26T21:28:53Z UpdateTip: new best=489a496e50a4c8d1ef79c8d7691646971e0391f86896fbaa97a4668b7385e9ee height=103 version=0x20000000 log2_work=7.700440 tx=104 date='2025-10-26T21:29:06Z' progress=1.000000 cache=0.3MiB(103txo)
2025-10-26T21:28:53Z Saw new header hash=088f73ff2d27304adedc054bd4db45514e0cd1ce39b4d571b975f9ae504e6d97 height=104
2025-10-26T21:28:53Z Saw new cmpctblock header hash=088f73ff2d27304adedc054bd4db45514e0cd1ce39b4d571b975f9ae504e6d97 peer=0
2025-10-26T21:28:53Z UpdateTip: new best=088f73ff2d27304adedc054bd4db45514e0cd1ce39b4d571b975f9ae504e6d97 height=104 version=0x20000000 log2_work=7.714246 tx=105 date='2025-10-26T21:29:07Z' progress=1.000000 cache=0.3MiB(104txo)
2025-10-26T21:28:53Z Saw new header hash=78c7c7362d01d0fff23e1c854047f1ea0ffd3346abf421c5d76d6fb175bed55d height=105
2025-10-26T21:28:53Z Saw new cmpctblock header hash=78c7c7362d01d0fff23e1c854047f1ea0ffd3346abf421c5d76d6fb175bed55d peer=0
2025-10-26T21:28:53Z UpdateTip: new best=78c7c7362d01d0fff23e1c854047f1ea0ffd3346abf421c5d76d6fb175bed55d height=105 version=0x20000000 log2_work=7.727920 tx=106 date='2025-10-26T21:29:07Z' progress=1.000000 cache=0.3MiB(105txo)
2025-10-26T21:28:53Z Saw new header hash=6e5ed39ae8235bcc5fdf4a680149153e36fb05f0923199725e7565c7d7cc8246 height=106
2025-10-26T21:28:53Z Saw new cmpctblock header hash=6e5ed39ae8235bcc5fdf4a680149153e36fb05f0923199725e7565c7d7cc8246 peer=0
2025-10-26T21:28:53Z UpdateTip: new best=6e5ed39ae8235bcc5fdf4a680149153e36fb05f0923199725e7565c7d7cc8246 height=106 version=0x20000000 log2_work=7.741467 tx=107 date='2025-10-26T21:29:07Z' progress=1.000000 cache=0.3MiB(106txo)
2025-10-26T21:28:53Z Saw new header hash=3d92c32102b5a74d193bc141337e913ac56ccd922a010721b645f5bb1742d5fe height=107
2025-10-26T21:28:53Z Saw new cmpctblock header hash=3d92c32102b5a74d193bc141337e913ac56ccd922a010721b645f5bb1742d5fe peer=0
2025-10-26T21:28:53Z UpdateTip: new best=3d92c32102b5a74d193bc141337e913ac56ccd922a010721b645f5bb1742d5fe height=107 version=0x20000000 log2_work=7.754888 tx=108 date='2025-10-26T21:29:07Z' progress=1.000000 cache=0.3MiB(107txo)
2025-10-26T21:28:53Z Saw new header hash=656b39171326129e6ae649557e41ec1a262f57bd2c2dfccb941f131d8637e760 height=108
2025-10-26T21:28:53Z Saw new cmpctblock header hash=656b39171326129e6ae649557e41ec1a262f57bd2c2dfccb941f131d8637e760 peer=0
2025-10-26T21:28:53Z UpdateTip: new best=656b39171326129e6ae649557e41ec1a262f57bd2c2dfccb941f131d8637e760 height=108 version=0x20000000 log2_work=7.768184 tx=109 date='2025-10-26T21:29:07Z' progress=1.000000 cache=0.3MiB(108txo)
2025-10-26T21:28:53Z Saw new header hash=5b43cfed544d345a99d737353646594735a76d939985adaa8d808daf3b14e736 height=109
2025-10-26T21:28:53Z Saw new cmpctblock header hash=5b43cfed544d345a99d737353646594735a76d939985adaa8d808daf3b14e736 peer=0
2025-10-26T21:28:53Z UpdateTip: new best=5b43cfed544d345a99d737353646594735a76d939985adaa8d808daf3b14e736 height=109 version=0x20000000 log2_work=7.781360 tx=110 date='2025-10-26T21:29:07Z' progress=1.000000 cache=0.3MiB(109txo)
2025-10-26T21:28:53Z Saw new header hash=1ccd831598e40fd5deaa06df8a19b971679987fcd4eba15b5f1a2fe92cec0574 height=110
2025-10-26T21:28:53Z Saw new cmpctblock header hash=1ccd831598e40fd5deaa06df8a19b971679987fcd4eba15b5f1a2fe92cec0574 peer=0
2025-10-26T21:28:53Z UpdateTip: new best=1ccd831598e40fd5deaa06df8a19b971679987fcd4eba15b5f1a2fe92cec0574 height=110 version=0x20000000 log2_work=7.794416 tx=111 date='2025-10-26T21:29:08Z' progress=1.000000 cache=0.3MiB(110txo)
2025-10-26T21:28:53Z Saw new header hash=7df38a9dd275db28620363c0fae01b0ad1765c09a1154903a48ae63998f1fc25 height=111
2025-10-26T21:28:53Z Saw new cmpctblock header hash=7df38a9dd275db28620363c0fae01b0ad1765c09a1154903a48ae63998f1fc25 peer=0
2025-10-26T21:28:53Z UpdateTip: new best=7df38a9dd275db28620363c0fae01b0ad1765c09a1154903a48ae63998f1fc25 height=111 version=0x20000000 log2_work=7.807355 tx=112 date='2025-10-26T21:29:08Z' progress=1.000000 cache=0.3MiB(111txo)
2025-10-26T21:28:53Z Saw new header hash=0a32a1cd521b8aba6e0afcf21e4359946e6dc406ba8deaaa04acc04912203b97 height=112
2025-10-26T21:28:53Z Saw new cmpctblock header hash=0a32a1cd521b8aba6e0afcf21e4359946e6dc406ba8deaaa04acc04912203b97 peer=0
2025-10-26T21:28:53Z UpdateTip: new best=0a32a1cd521b8aba6e0afcf21e4359946e6dc406ba8deaaa04acc04912203b97 height=112 version=0x20000000 log2_work=7.820179 tx=113 date='2025-10-26T21:29:08Z' progress=1.000000 cache=0.3MiB(112txo)
2025-10-26T21:28:53Z Saw new header hash=224bbbc972f8596f5dab742d82ed524a5dcf1efabb5f08add61123e8929dcb0d height=113
2025-10-26T21:28:53Z Saw new cmpctblock header hash=224bbbc972f8596f5dab742d82ed524a5dcf1efabb5f08add61123e8929dcb0d peer=0
2025-10-26T21:28:53Z UpdateTip: new best=224bbbc972f8596f5dab742d82ed524a5dcf1efabb5f08add61123e8929dcb0d height=113 version=0x20000000 log2_work=7.832890 tx=114 date='2025-10-26T21:29:08Z' progress=1.000000 cache=0.3MiB(113txo)
2025-10-26T21:28:53Z Saw new header hash=760c9c08487fa89245ab080274f1aaef29a35207c4aea333b706736df7b0b81d height=114
2025-10-26T21:28:53Z Saw new cmpctblock header hash=760c9c08487fa89245ab080274f1aaef29a35207c4aea333b706736df7b0b81d peer=1
2025-10-26T21:28:53Z UpdateTip: new best=760c9c08487fa89245ab080274f1aaef29a35207c4aea333b706736df7b0b81d height=114 version=0x20000000 log2_work=7.845490 tx=115 date='2025-10-26T21:29:08Z' progress=1.000000 cache=0.3MiB(114txo)
2025-10-26T21:28:53Z Saw new header hash=49e84f89a128ffee3bf3e811e79038a29a8a1d4ff4d51a1165e501924e33d78d height=115
2025-10-26T21:28:53Z Saw new cmpctblock header hash=49e84f89a128ffee3bf3e811e79038a29a8a1d4ff4d51a1165e501924e33d78d peer=1
2025-10-26T21:28:53Z UpdateTip: new best=49e84f89a128ffee3bf3e811e79038a29a8a1d4ff4d51a1165e501924e33d78d height=115 version=0x20000000 log2_work=7.857981 tx=116 date='2025-10-26T21:29:08Z' progress=1.000000 cache=0.3MiB(115txo)
2025-10-26T21:28:53Z Saw new header hash=3cd05cebb11b192749dc1157cfb051b7be548faf218de8f3d20960feb467431c height=116
2025-10-26T21:28:53Z Saw new cmpctblock header hash=3cd05cebb11b192749dc1157cfb051b7be548faf218de8f3d20960feb467431c peer=1
2025-10-26T21:28:53Z UpdateTip: new best=3cd05cebb11b192749dc1157cfb051b7be548faf218de8f3d20960feb467431c height=116 version=0x20000000 log2_work=7.870365 tx=117 date='2025-10-26T21:29:09Z' progress=1.000000 cache=0.3MiB(116txo)
2025-10-26T21:28:53Z Saw new header hash=37a04d7f15eb9c865d628601ad29c0791cb46aafeaf7b19fabd32c386f3fb686 height=117
2025-10-26T21:28:53Z Saw new cmpctblock header hash=37a04d7f15eb9c865d628601ad29c0791cb46aafeaf7b19fabd32c386f3fb686 peer=0
2025-10-26T21:28:53Z UpdateTip: new best=37a04d7f15eb9c865d628601ad29c0791cb46aafeaf7b19fabd32c386f3fb686 height=117 version=0x20000000 log2_work=7.882643 tx=118 date='2025-10-26T21:29:09Z' progress=1.000000 cache=0.3MiB(117txo)
2025-10-26T21:28:53Z Saw new header hash=24a95f1f94bf249493d27320fdb182e20c36daa0546007700210e60fbb86d53a height=118
2025-10-26T21:28:53Z Saw new cmpctblock header hash=24a95f1f94bf249493d27320fdb182e20c36daa0546007700210e60fbb86d53a peer=1
2025-10-26T21:28:53Z UpdateTip: new best=24a95f1f94bf249493d27320fdb182e20c36daa0546007700210e60fbb86d53a height=118 version=0x20000000 log2_work=7.894818 tx=119 date='2025-10-26T21:29:09Z' progress=1.000000 cache=0.3MiB(118txo)
2025-10-26T21:28:53Z Saw new header hash=7e8088ad0d0d9c59b29bef1a2d32d52a4a918b43c54d2f2afac29e215a73f11d height=119
2025-10-26T21:28:53Z Saw new cmpctblock header hash=7e8088ad0d0d9c59b29bef1a2d32d52a4a918b43c54d2f2afac29e215a73f11d peer=0
2025-10-26T21:28:53Z UpdateTip: new best=7e8088ad0d0d9c59b29bef1a2d32d52a4a918b43c54d2f2afac29e215a73f11d height=119 version=0x20000000 log2_work=7.906891 tx=120 date='2025-10-26T21:29:09Z' progress=1.000000 cache=0.3MiB(119txo)
2025-10-26T21:28:53Z Saw new header hash=42b28a54ce0b7f024369c524b2bf9940394c8cd857f13316188c428d853f3c83 height=120
2025-10-26T21:28:53Z Saw new cmpctblock header hash=42b28a54ce0b7f024369c524b2bf9940394c8cd857f13316188c428d853f3c83 peer=1
2025-10-26T21:28:53Z UpdateTip: new best=42b28a54ce0b7f024369c524b2bf9940394c8cd857f13316188c428d853f3c83 height=120 version=0x20000000 log2_work=7.918863 tx=121 date='2025-10-26T21:29:09Z' progress=1.000000 cache=0.3MiB(120txo)
2025-10-26T21:28:53Z Saw new header hash=518e542a86680d7fe2dd4482589bacb97a873667042495b997f520da31328ba7 height=121
2025-10-26T21:28:53Z Saw new cmpctblock header hash=518e542a86680d7fe2dd4482589bacb97a873667042495b997f520da31328ba7 peer=0
2025-10-26T21:28:53Z UpdateTip: new best=518e542a86680d7fe2dd4482589bacb97a873667042495b997f520da31328ba7 height=121 version=0x20000000 log2_work=7.930737 tx=122 date='2025-10-26T21:29:09Z' progress=1.000000 cache=0.3MiB(121txo)
2025-10-26T21:28:53Z Saw new header hash=5334772b742fbc783a5f6d8c5a0be068cba33046f85e42432e9f7f377a22ded5 height=122
2025-10-26T21:28:53Z Saw new cmpctblock header hash=5334772b742fbc783a5f6d8c5a0be068cba33046f85e42432e9f7f377a22ded5 peer=0
2025-10-26T21:28:53Z UpdateTip: new best=5334772b742fbc783a5f6d8c5a0be068cba33046f85e42432e9f7f377a22ded5 height=122 version=0x20000000 log2_work=7.942515 tx=123 date='2025-10-26T21:29:10Z' progress=1.000000 cache=0.3MiB(122txo)
2025-10-26T21:28:53Z Saw new header hash=284ab779d49f1fb89c417ec393337429d49630798ae669c62226867ef6b9aaa3 height=123
2025-10-26T21:28:53Z Saw new cmpctblock header hash=284ab779d49f1fb89c417ec393337429d49630798ae669c62226867ef6b9aaa3 peer=1
2025-10-26T21:28:53Z UpdateTip: new best=284ab779d49f1fb89c417ec393337429d49630798ae669c62226867ef6b9aaa3 height=123 version=0x20000000 log2_work=7.954196 tx=124 date='2025-10-26T21:29:10Z' progress=1.000000 cache=0.3MiB(123txo)
2025-10-26T21:28:53Z Saw new header hash=4705727082cd25c167d83593d12d2d25f47ca167cd7a77b734d7f50eb5cba958 height=124
2025-10-26T21:28:53Z Saw new cmpctblock header hash=4705727082cd25c167d83593d12d2d25f47ca167cd7a77b734d7f50eb5cba958 peer=1
2025-10-26T21:28:53Z UpdateTip: new best=4705727082cd25c167d83593d12d2d25f47ca167cd7a77b734d7f50eb5cba958 height=124 version=0x20000000 log2_work=7.965784 tx=125 date='2025-10-26T21:29:10Z' progress=1.000000 cache=0.3MiB(124txo)
2025-10-26T21:28:53Z Saw new header hash=5dd8ab257a590a9095933f5eb795e14e2ac4b7a10d4568b8637f79e233d3d569 height=125
2025-10-26T21:28:53Z Saw new cmpctblock header hash=5dd8ab257a590a9095933f5eb795e14e2ac4b7a10d4568b8637f79e233d3d569 peer=1
2025-10-26T21:28:53Z UpdateTip: new best=5dd8ab257a590a9095933f5eb795e14e2ac4b7a10d4568b8637f79e233d3d569 height=125 version=0x20000000 log2_work=7.977280 tx=126 date='2025-10-26T21:29:10Z' progress=1.000000 cache=0.3MiB(125txo)
2025-10-26T21:28:53Z Saw new header hash=6d4e1c20ee536d5a30504e70c7a35250ed0d259665419d1647a319d81b286832 height=126
2025-10-26T21:28:53Z Saw new cmpctblock header hash=6d4e1c20ee536d5a30504e70c7a35250ed0d259665419d1647a319d81b286832 peer=0
2025-10-26T21:28:53Z UpdateTip: new best=6d4e1c20ee536d5a30504e70c7a35250ed0d259665419d1647a319d81b286832 height=126 version=0x20000000 log2_work=7.988685 tx=127 date='2025-10-26T21:29:10Z' progress=1.000000 cache=0.3MiB(126txo)
2025-10-26T21:28:53Z Saw new header hash=72a357a78e92f057fdedf3445cc380ccd19e97303e067c842530ebe4e3a081f0 height=127
2025-10-26T21:28:53Z Saw new cmpctblock header hash=72a357a78e92f057fdedf3445cc380ccd19e97303e067c842530ebe4e3a081f0 peer=1
2025-10-26T21:28:53Z UpdateTip: new best=72a357a78e92f057fdedf3445cc380ccd19e97303e067c842530ebe4e3a081f0 height=127 version=0x20000000 log2_work=8.000000 tx=128 date='2025-10-26T21:29:10Z' progress=1.000000 cache=0.3MiB(127txo)
2025-10-26T21:28:53Z Saw new header hash=710a3089801358f19f49c1d190ef8590f3b9b422ac64130878e3dd125d8c5eba height=128
2025-10-26T21:28:53Z Saw new cmpctblock header hash=710a3089801358f19f49c1d190ef8590f3b9b422ac64130878e3dd125d8c5eba peer=0
2025-10-26T21:28:53Z UpdateTip: new best=710a3089801358f19f49c1d190ef8590f3b9b422ac64130878e3dd125d8c5eba height=128 version=0x20000000 log2_work=8.011227 tx=129 date='2025-10-26T21:29:11Z' progress=1.000000 cache=0.3MiB(128txo)
2025-10-26T21:28:53Z Saw new header hash=745cf7df039cba347023068eefbc67fefd3cf051b03cf43818c38bbe9d377358 height=129
2025-10-26T21:28:53Z Saw new cmpctblock header hash=745cf7df039cba347023068eefbc67fefd3cf051b03cf43818c38bbe9d377358 peer=1
2025-10-26T21:28:53Z UpdateTip: new best=745cf7df039cba347023068eefbc67fefd3cf051b03cf43818c38bbe9d377358 height=129 version=0x20000000 log2_work=8.022368 tx=130 date='2025-10-26T21:29:11Z' progress=1.000000 cache=0.3MiB(129txo)
2025-10-26T21:28:53Z Saw new header hash=60e96dc8ddd337db3ad30916ea1bb7ac96d54beaaa97cddeb84a9016a51b61b3 height=130
2025-10-26T21:28:53Z Saw new cmpctblock header hash=60e96dc8ddd337db3ad30916ea1bb7ac96d54beaaa97cddeb84a9016a51b61b3 peer=1
2025-10-26T21:28:53Z UpdateTip: new best=60e96dc8ddd337db3ad30916ea1bb7ac96d54beaaa97cddeb84a9016a51b61b3 height=130 version=0x20000000 log2_work=8.033423 tx=131 date='2025-10-26T21:29:11Z' progress=1.000000 cache=0.3MiB(130txo)
2025-10-26T21:28:53Z Saw new header hash=662a594d91c9e5f6dc946999ece54620c8a986dadb595f12c3c43417c4366840 height=131
2025-10-26T21:28:53Z Saw new cmpctblock header hash=662a594d91c9e5f6dc946999ece54620c8a986dadb595f12c3c43417c4366840 peer=0
2025-10-26T21:28:53Z UpdateTip: new best=662a594d91c9e5f6dc946999ece54620c8a986dadb595f12c3c43417c4366840 height=131 version=0x20000000 log2_work=8.044394 tx=132 date='2025-10-26T21:29:11Z' progress=1.000000 cache=0.3MiB(131txo)
2025-10-26T21:28:53Z Saw new header hash=2c80f1cc87bfa89da5602b80ffae21ee3160a956ff3ed4e82a0be88dd1237d0c height=132
2025-10-26T21:28:53Z Saw new cmpctblock header hash=2c80f1cc87bfa89da5602b80ffae21ee3160a956ff3ed4e82a0be88dd1237d0c peer=1
2025-10-26T21:28:53Z UpdateTip: new best=2c80f1cc87bfa89da5602b80ffae21ee3160a956ff3ed4e82a0be88dd1237d0c height=132 version=0x20000000 log2_work=8.055282 tx=133 date='2025-10-26T21:29:11Z' progress=1.000000 cache=0.3MiB(132txo)
2025-10-26T21:28:53Z Saw new header hash=33bcc5e18e4ed63367a3e747c56b8b4988bd2937d008fbc8e04ef40072efc59e height=133
2025-10-26T21:28:53Z Saw new cmpctblock header hash=33bcc5e18e4ed63367a3e747c56b8b4988bd2937d008fbc8e04ef40072efc59e peer=1
2025-10-26T21:28:53Z UpdateTip: new best=33bcc5e18e4ed63367a3e747c56b8b4988bd2937d008fbc8e04ef40072efc59e height=133 version=0x20000000 log2_work=8.066089 tx=134 date='2025-10-26T21:29:11Z' progress=1.000000 cache=0.3MiB(133txo)
2025-10-26T21:28:53Z Saw new header hash=15aa435f3caa85877961e81fdf78dfcc8a65ac66c177ca834a2919a42e90945d height=134
2025-10-26T21:28:53Z Saw new cmpctblock header hash=15aa435f3caa85877961e81fdf78dfcc8a65ac66c177ca834a2919a42e90945d peer=1
2025-10-26T21:28:53Z UpdateTip: new best=15aa435f3caa85877961e81fdf78dfcc8a65ac66c177ca834a2919a42e90945d height=134 version=0x20000000 log2_work=8.076816 tx=135 date='2025-10-26T21:29:12Z' progress=1.000000 cache=0.3MiB(134txo)
2025-10-26T21:28:53Z Saw new header hash=603190ed495bacc1b4abaf898fe40c252e898471503b6b885334cbca7ebac949 height=135
2025-10-26T21:28:53Z Saw new cmpctblock header hash=603190ed495bacc1b4abaf898fe40c252e898471503b6b885334cbca7ebac949 peer=0
2025-10-26T21:28:53Z UpdateTip: new best=603190ed495bacc1b4abaf898fe40c252e898471503b6b885334cbca7ebac949 height=135 version=0x20000000 log2_work=8.087463 tx=136 date='2025-10-26T21:29:12Z' progress=1.000000 cache=0.3MiB(135txo)
2025-10-26T21:28:53Z Saw new header hash=42cfa29a2eeaa70a5b384cb0dc5e4671ad1b2ac758cbf6ff6d8e2a519d63b3e1 height=136
2025-10-26T21:28:53Z Saw new cmpctblock header hash=42cfa29a2eeaa70a5b384cb0dc5e4671ad1b2ac758cbf6ff6d8e2a519d63b3e1 peer=1
2025-10-26T21:28:53Z UpdateTip: new best=42cfa29a2eeaa70a5b384cb0dc5e4671ad1b2ac758cbf6ff6d8e2a519d63b3e1 height=136 version=0x20000000 log2_work=8.098032 tx=137 date='2025-10-26T21:29:12Z' progress=1.000000 cache=0.3MiB(136txo)
2025-10-26T21:28:53Z Saw new header hash=083cb326a738c5e3d558348eba56882dfb0a0066f9926b13ebc64b0831bc4bed height=137
2025-10-26T21:28:53Z Saw new header hash=22a11e1d781b4c7e7714f6171737c402aa040ca45923cc8dc2d220fb23f58703 height=138
2025-10-26T21:28:53Z Saw new header hash=4008b3e9660e3f93da485e3a8f9e0b8c9169e106027da74c2bcb5b3142fb5b86 height=139
2025-10-26T21:28:53Z Saw new header hash=2f16cedd54bb4a302a6544c1f51ed3fc3a68e98fe22b6c54f01fca653f1fe9e7 height=140
2025-10-26T21:28:53Z Saw new header hash=3a99627d5d519fb7eab6506185ee11ca5408df9a2ca98f51407229117dd618f3 height=141
2025-10-26T21:28:53Z Saw new cmpctblock header hash=3a99627d5d519fb7eab6506185ee11ca5408df9a2ca98f51407229117dd618f3 peer=1
2025-10-26T21:28:53Z UpdateTip: new best=083cb326a738c5e3d558348eba56882dfb0a0066f9926b13ebc64b0831bc4bed height=137 version=0x20000000 log2_work=8.108524 tx=138 date='2025-10-26T21:29:12Z' progress=1.000000 cache=0.3MiB(137txo)
2025-10-26T21:28:53Z UpdateTip: new best=22a11e1d781b4c7e7714f6171737c402aa040ca45923cc8dc2d220fb23f58703 height=138 version=0x20000000 log2_work=8.118941 tx=139 date='2025-10-26T21:29:12Z' progress=1.000000 cache=0.3MiB(138txo)
2025-10-26T21:28:53Z UpdateTip: new best=4008b3e9660e3f93da485e3a8f9e0b8c9169e106027da74c2bcb5b3142fb5b86 height=139 version=0x20000000 log2_work=8.129283 tx=140 date='2025-10-26T21:29:12Z' progress=1.000000 cache=0.3MiB(139txo)
2025-10-26T21:28:53Z Saw new header hash=554223505dd11065b66c80afa75188ce67e69d108b0486760466aedac27495b4 height=142
2025-10-26T21:28:53Z Saw new cmpctblock header hash=554223505dd11065b66c80afa75188ce67e69d108b0486760466aedac27495b4 peer=0
2025-10-26T21:28:53Z UpdateTip: new best=2f16cedd54bb4a302a6544c1f51ed3fc3a68e98fe22b6c54f01fca653f1fe9e7 height=140 version=0x20000000 log2_work=8.139551 tx=141 date='2025-10-26T21:29:13Z' progress=1.000000 cache=0.3MiB(140txo)
2025-10-26T21:28:53Z UpdateTip: new best=3a99627d5d519fb7eab6506185ee11ca5408df9a2ca98f51407229117dd618f3 height=141 version=0x20000000 log2_work=8.149747 tx=142 date='2025-10-26T21:29:13Z' progress=1.000000 cache=0.3MiB(141txo)
2025-10-26T21:28:53Z UpdateTip: new best=554223505dd11065b66c80afa75188ce67e69d108b0486760466aedac27495b4 height=142 version=0x20000000 log2_work=8.159871 tx=143 date='2025-10-26T21:29:13Z' progress=1.000000 cache=0.3MiB(142txo)
2025-10-26T21:28:53Z Saw new header hash=49f07a91cdd22ccfc5bc36358aca9c31313caa1c75aecf021a3927b0d4c23a62 height=143
2025-10-26T21:28:53Z Saw new header hash=12feb32ac4a359f512d06b1abf592fbf3d13465963afb1ae84fdeae5b6930d33 height=144
2025-10-26T21:28:53Z Saw new header hash=5244faf420904fc60edd40e43fa5217d4fa82bec178c133fe36df0fff9d94a69 height=145
2025-10-26T21:28:53Z Saw new header hash=20ccb0669ebbecfae6ebde27c1f81ce7c67c87fe1dda927468bd4b3507c28a82 height=146
2025-10-26T21:28:53Z UpdateTip: new best=49f07a91cdd22ccfc5bc36358aca9c31313caa1c75aecf021a3927b0d4c23a62 height=143 version=0x20000000 log2_work=8.169925 tx=144 date='2025-10-26T21:29:13Z' progress=1.000000 cache=0.3MiB(143txo)
2025-10-26T21:28:53Z Saw new header hash=3ee768ce844101099b696f3c4cd75bd031ff8403e4b32d366f1dd770c6ca2191 height=147
2025-10-26T21:28:53Z Saw new header hash=4e696dfcce3d682c1eb587d3fd24cae25562b78b13fadaf180bc585d68903f41 height=148
2025-10-26T21:28:53Z Saw new header hash=203adfce76ae5154106031756cd1bfca0bebd71f815d3a952ea12f169f00ca78 height=149
2025-10-26T21:28:53Z Saw new header hash=4079ebdc818e81a316de320d631423f7258f49d42ca61d19b405791711d2627a height=150
2025-10-26T21:28:53Z Saw new header hash=0c3403c55d27e99ce0487e1b492752a2b24e4ee52fd26af45b555ca454aefffb height=151
2025-10-26T21:28:53Z UpdateTip: new best=12feb32ac4a359f512d06b1abf592fbf3d13465963afb1ae84fdeae5b6930d33 height=144 version=0x30000000 log2_work=8.179909 tx=145 date='2025-10-26T21:29:13Z' progress=1.000000 cache=0.3MiB(144txo)
2025-10-26T21:28:53Z UpdateTip: new best=5244faf420904fc60edd40e43fa5217d4fa82bec178c133fe36df0fff9d94a69 height=145 version=0x30000000 log2_work=8.189825 tx=146 date='2025-10-26T21:29:13Z' progress=1.000000 cache=0.3MiB(145txo)
2025-10-26T21:28:53Z UpdateTip: new best=20ccb0669ebbecfae6ebde27c1f81ce7c67c87fe1dda927468bd4b3507c28a82 height=146 version=0x30000000 log2_work=8.199672 tx=147 date='2025-10-26T21:29:14Z' progress=1.000000 cache=0.3MiB(146txo)
2025-10-26T21:28:53Z UpdateTip: new best=3ee768ce844101099b696f3c4cd75bd031ff8403e4b32d366f1dd770c6ca2191 height=147 version=0x30000000 log2_work=8.209453 tx=148 date='2025-10-26T21:29:14Z' progress=1.000000 cache=0.3MiB(147txo)
2025-10-26T21:28:53Z Saw new header hash=473cf3e2500588286be5517a8360f7a1939a536014eeb72777d8956be85fb5fb height=152
2025-10-26T21:28:53Z Saw new cmpctblock header hash=473cf3e2500588286be5517a8360f7a1939a536014eeb72777d8956be85fb5fb peer=1
2025-10-26T21:28:53Z Saw new header hash=2bfc2447b8be9cc9028ea6436d68c967c948174672d7719a08908e7d4e9f8626 height=153
2025-10-26T21:28:53Z Saw new cmpctblock header hash=2bfc2447b8be9cc9028ea6436d68c967c948174672d7719a08908e7d4e9f8626 peer=1
2025-10-26T21:28:53Z Saw new header hash=77736c99a942fa4509c62bdb210e55dd69edf8ffb3f4538cb51476caf223041d height=154
2025-10-26T21:28:53Z Saw new cmpctblock header hash=77736c99a942fa4509c62bdb210e55dd69edf8ffb3f4538cb51476caf223041d peer=1
2025-10-26T21:28:53Z UpdateTip: new best=4e696dfcce3d682c1eb587d3fd24cae25562b78b13fadaf180bc585d68903f41 height=148 version=0x30000000 log2_work=8.219169 tx=149 date='2025-10-26T21:29:14Z' progress=1.000000 cache=0.3MiB(148txo)
2025-10-26T21:28:53Z Saw new header hash=48d73e185d5096b782841821e3f4fd9df15ec64fdd12d7762e4c704133dd481a height=155
2025-10-26T21:28:53Z Saw new cmpctblock header hash=48d73e185d5096b782841821e3f4fd9df15ec64fdd12d7762e4c704133dd481a peer=1
2025-10-26T21:28:53Z UpdateTip: new best=203adfce76ae5154106031756cd1bfca0bebd71f815d3a952ea12f169f00ca78 height=149 version=0x30000000 log2_work=8.228819 tx=150 date='2025-10-26T21:29:14Z' progress=1.000000 cache=0.3MiB(149txo)
2025-10-26T21:28:53Z UpdateTip: new best=4079ebdc818e81a316de320d631423f7258f49d42ca61d19b405791711d2627a height=150 version=0x30000000 log2_work=8.238405 tx=151 date='2025-10-26T21:29:14Z' progress=1.000000 cache=0.3MiB(150txo)
2025-10-26T21:28:53Z Saw new header hash=17ad072c138bb54511c79fee6279207eab786e2291645294bc6afcea867c8fb5 height=156
2025-10-26T21:28:53Z Saw new cmpctblock header hash=17ad072c138bb54511c79fee6279207eab786e2291645294bc6afcea867c8fb5 peer=1
2025-10-26T21:28:53Z UpdateTip: new best=0c3403c55d27e99ce0487e1b492752a2b24e4ee52fd26af45b555ca454aefffb height=151 version=0x30000000 log2_work=8.247928 tx=152 date='2025-10-26T21:29:14Z' progress=1.000000 cache=0.3MiB(151txo)
2025-10-26T21:28:53Z UpdateTip: new best=473cf3e2500588286be5517a8360f7a1939a536014eeb72777d8956be85fb5fb height=152 version=0x30000000 log2_work=8.257388 tx=153 date='2025-10-26T21:29:15Z' progress=1.000000 cache=0.3MiB(152txo)
2025-10-26T21:28:53Z UpdateTip: new best=2bfc2447b8be9cc9028ea6436d68c967c948174672d7719a08908e7d4e9f8626 height=153 version=0x30000000 log2_work=8.266787 tx=154 date='2025-10-26T21:29:15Z' progress=1.000000 cache=0.3MiB(153txo)
2025-10-26T21:28:53Z UpdateTip: new best=77736c99a942fa4509c62bdb210e55dd69edf8ffb3f4538cb51476caf223041d height=154 version=0x30000000 log2_work=8.276124 tx=155 date='2025-10-26T21:29:15Z' progress=1.000000 cache=0.3MiB(154txo)
2025-10-26T21:28:53Z UpdateTip: new best=48d73e185d5096b782841821e3f4fd9df15ec64fdd12d7762e4c704133dd481a height=155 version=0x30000000 log2_work=8.285402 tx=156 date='2025-10-26T21:29:15Z' progress=1.000000 cache=0.3MiB(155txo)
2025-10-26T21:28:53Z Saw new header hash=4d312e686dc5f670ec0dee844ae9ea6b419231fdad30322a67ea58ba88dba92d height=157
2025-10-26T21:28:53Z Saw new cmpctblock header hash=4d312e686dc5f670ec0dee844ae9ea6b419231fdad30322a67ea58ba88dba92d peer=1
2025-10-26T21:28:53Z UpdateTip: new best=17ad072c138bb54511c79fee6279207eab786e2291645294bc6afcea867c8fb5 height=156 version=0x30000000 log2_work=8.294621 tx=157 date='2025-10-26T21:29:15Z' progress=1.000000 cache=0.3MiB(156txo)
2025-10-26T21:28:53Z UpdateTip: new best=4d312e686dc5f670ec0dee844ae9ea6b419231fdad30322a67ea58ba88dba92d height=157 version=0x30000000 log2_work=8.303781 tx=158 date='2025-10-26T21:29:15Z' progress=1.000000 cache=0.3MiB(157txo)
2025-10-26T21:28:53Z Saw new header hash=3c29caa02c172addeeb77c3b18e9977123ea9dba69776f3e3c50649fa92c09cf height=158
2025-10-26T21:28:53Z Saw new header hash=6b7c5e2ef2a37dcab01aff1c94b91544c80431785a52482013289239a5ab0e0f height=159
2025-10-26T21:28:53Z Saw new header hash=715ceaf2317181d9b08a869433c070c8c7fe3f9e5fbdadd13889ef1d7fd593ed height=160
2025-10-26T21:28:53Z Saw new header hash=02cd1a0b9c9683ba6bb3b2b95dcd0745cc930cb100da89dd2e2b798192299b74 height=161
2025-10-26T21:28:53Z Saw new header hash=37748866506ece9e68bc4f58396f4e0d472ade87b759cd07067dad7c098ea70b height=162
2025-10-26T21:28:53Z Saw new cmpctblock header hash=37748866506ece9e68bc4f58396f4e0d472ade87b759cd07067dad7c098ea70b peer=1
2025-10-26T21:28:53Z Saw new header hash=37d7c1400e8b339eea19dbf34462ae4031f8e494fafb592fd95a28d19bbdffa9 height=163
2025-10-26T21:28:53Z Saw new cmpctblock header hash=37d7c1400e8b339eea19dbf34462ae4031f8e494fafb592fd95a28d19bbdffa9 peer=0
2025-10-26T21:28:53Z UpdateTip: new best=3c29caa02c172addeeb77c3b18e9977123ea9dba69776f3e3c50649fa92c09cf height=158 version=0x30000000 log2_work=8.312883 tx=159 date='2025-10-26T21:29:16Z' progress=1.000000 cache=0.3MiB(158txo)
2025-10-26T21:28:53Z UpdateTip: new best=6b7c5e2ef2a37dcab01aff1c94b91544c80431785a52482013289239a5ab0e0f height=159 version=0x30000000 log2_work=8.321928 tx=160 date='2025-10-26T21:29:16Z' progress=1.000000 cache=0.3MiB(159txo)
2025-10-26T21:28:53Z UpdateTip: new best=715ceaf2317181d9b08a869433c070c8c7fe3f9e5fbdadd13889ef1d7fd593ed height=160 version=0x30000000 log2_work=8.330917 tx=161 date='2025-10-26T21:29:16Z' progress=1.000000 cache=0.3MiB(160txo)
2025-10-26T21:28:53Z Saw new header hash=42b05f9193365b8c4bf52546bd139feaac2de589b306c5de7c45859998770a1d height=164
2025-10-26T21:28:53Z Saw new cmpctblock header hash=42b05f9193365b8c4bf52546bd139feaac2de589b306c5de7c45859998770a1d peer=1
2025-10-26T21:28:53Z UpdateTip: new best=02cd1a0b9c9683ba6bb3b2b95dcd0745cc930cb100da89dd2e2b798192299b74 height=161 version=0x30000000 log2_work=8.339850 tx=162 date='2025-10-26T21:29:16Z' progress=1.000000 cache=0.3MiB(161txo)
2025-10-26T21:28:53Z UpdateTip: new best=37748866506ece9e68bc4f58396f4e0d472ade87b759cd07067dad7c098ea70b height=162 version=0x30000000 log2_work=8.348728 tx=163 date='2025-10-26T21:29:16Z' progress=1.000000 cache=0.3MiB(162txo)
2025-10-26T21:28:53Z UpdateTip: new best=37d7c1400e8b339eea19dbf34462ae4031f8e494fafb592fd95a28d19bbdffa9 height=163 version=0x30000000 log2_work=8.357552 tx=164 date='2025-10-26T21:29:16Z' progress=1.000000 cache=0.3MiB(163txo)
2025-10-26T21:28:53Z UpdateTip: new best=42b05f9193365b8c4bf52546bd139feaac2de589b306c5de7c45859998770a1d height=164 version=0x30000000 log2_work=8.366322 tx=165 date='2025-10-26T21:29:17Z' progress=1.000000 cache=0.3MiB(164txo)
2025-10-26T21:28:53Z Saw new header hash=6185cf371a746fdb1fcee9597754e5c7a3712152122a8e4c6744e6cf24b31261 height=165
2025-10-26T21:28:53Z Saw new cmpctblock header hash=6185cf371a746fdb1fcee9597754e5c7a3712152122a8e4c6744e6cf24b31261 peer=1
2025-10-26T21:28:53Z UpdateTip: new best=6185cf371a746fdb1fcee9597754e5c7a3712152122a8e4c6744e6cf24b31261 height=165 version=0x30000000 log2_work=8.375039 tx=166 date='2025-10-26T21:29:17Z' progress=1.000000 cache=0.3MiB(165txo)
2025-10-26T21:28:53Z Saw new header hash=7272cfb07c06a87e756d9c23cdf45a61f2795ff1aa1c704f5d73b5a8d17088db height=166
2025-10-26T21:28:53Z Saw new cmpctblock header hash=7272cfb07c06a87e756d9c23cdf45a61f2795ff1aa1c704f5d73b5a8d17088db peer=1
2025-10-26T21:28:53Z UpdateTip: new best=7272cfb07c06a87e756d9c23cdf45a61f2795ff1aa1c704f5d73b5a8d17088db height=166 version=0x30000000 log2_work=8.383704 tx=167 date='2025-10-26T21:29:17Z' progress=1.000000 cache=0.3MiB(166txo)
2025-10-26T21:28:53Z Saw new header hash=4e686be2b5e02a9df95bf15464a11929ca877e1515e68877b3a152a1e1b7d4c2 height=167
2025-10-26T21:28:53Z Saw new cmpctblock header hash=4e686be2b5e02a9df95bf15464a11929ca877e1515e68877b3a152a1e1b7d4c2 peer=0
2025-10-26T21:28:53Z UpdateTip: new best=4e686be2b5e02a9df95bf15464a11929ca877e1515e68877b3a152a1e1b7d4c2 height=167 version=0x30000000 log2_work=8.392317 tx=168 date='2025-10-26T21:29:17Z' progress=1.000000 cache=0.3MiB(167txo)
2025-10-26T21:28:53Z Saw new header hash=0a02824953e60b22e7b4707304b7b23cdd8fe70894700f08b932b87a7e9606d4 height=168
2025-10-26T21:28:53Z Saw new cmpctblock header hash=0a02824953e60b22e7b4707304b7b23cdd8fe70894700f08b932b87a7e9606d4 peer=0
2025-10-26T21:28:53Z UpdateTip: new best=0a02824953e60b22e7b4707304b7b23cdd8fe70894700f08b932b87a7e9606d4 height=168 version=0x30000000 log2_work=8.400879 tx=169 date='2025-10-26T21:29:17Z' progress=1.000000 cache=0.3MiB(168txo)
2025-10-26T21:28:53Z Saw new header hash=1fc0731ca875b391a84c936ff35d4a56c299367be7c3c4875ffc73d2efe1519e height=169
2025-10-26T21:28:53Z Saw new cmpctblock header hash=1fc0731ca875b391a84c936ff35d4a56c299367be7c3c4875ffc73d2efe1519e peer=1
2025-10-26T21:28:53Z UpdateTip: new best=1fc0731ca875b391a84c936ff35d4a56c299367be7c3c4875ffc73d2efe1519e height=169 version=0x30000000 log2_work=8.409391 tx=170 date='2025-10-26T21:29:17Z' progress=1.000000 cache=0.3MiB(169txo)
2025-10-26T21:28:53Z Saw new header hash=7fff8c9423610883e7a0cd07a05059cdf748090fd16d3f5edcbaf5b6d0a4573d height=170
2025-10-26T21:28:53Z Saw new cmpctblock header hash=7fff8c9423610883e7a0cd07a05059cdf748090fd16d3f5edcbaf5b6d0a4573d peer=1
2025-10-26T21:28:53Z UpdateTip: new best=7fff8c9423610883e7a0cd07a05059cdf748090fd16d3f5edcbaf5b6d0a4573d height=170 version=0x30000000 log2_work=8.417853 tx=171 date='2025-10-26T21:29:18Z' progress=1.000000 cache=0.3MiB(170txo)
2025-10-26T21:28:53Z Saw new header hash=1a4eec0042e4606ef2e6118657df25bd51bf95e7903bab837e23f5e189039413 height=171
2025-10-26T21:28:53Z Saw new cmpctblock header hash=1a4eec0042e4606ef2e6118657df25bd51bf95e7903bab837e23f5e189039413 peer=0
2025-10-26T21:28:53Z UpdateTip: new best=1a4eec0042e4606ef2e6118657df25bd51bf95e7903bab837e23f5e189039413 height=171 version=0x30000000 log2_work=8.426265 tx=172 date='2025-10-26T21:29:18Z' progress=1.000000 cache=0.3MiB(171txo)
2025-10-26T21:28:53Z Saw new header hash=590e7535e79eb0d68b2b0f05ec05177cd264584338ee9cb4241bc1fe2bd5d0d6 height=172
2025-10-26T21:28:53Z Saw new cmpctblock header hash=590e7535e79eb0d68b2b0f05ec05177cd264584338ee9cb4241bc1fe2bd5d0d6 peer=1
2025-10-26T21:28:53Z UpdateTip: new best=590e7535e79eb0d68b2b0f05ec05177cd264584338ee9cb4241bc1fe2bd5d0d6 height=172 version=0x30000000 log2_work=8.434628 tx=173 date='2025-10-26T21:29:18Z' progress=1.000000 cache=0.3MiB(172txo)
2025-10-26T21:28:53Z Saw new header hash=6a684ea8db6992a7f465f0c84b81201dcab07583503fd5be47ca264b6ab58045 height=173
2025-10-26T21:28:53Z Saw new cmpctblock header hash=6a684ea8db6992a7f465f0c84b81201dcab07583503fd5be47ca264b6ab58045 peer=1
2025-10-26T21:28:53Z UpdateTip: new best=6a684ea8db6992a7f465f0c84b81201dcab07583503fd5be47ca264b6ab58045 height=173 version=0x30000000 log2_work=8.442943 tx=174 date='2025-10-26T21:29:18Z' progress=1.000000 cache=0.3MiB(173txo)
2025-10-26T21:28:53Z Saw new header hash=3a55297cc7dd890745770776737ceefd136bc87126258e45c7c76e50870851fe height=174
2025-10-26T21:28:53Z Saw new cmpctblock header hash=3a55297cc7dd890745770776737ceefd136bc87126258e45c7c76e50870851fe peer=1
2025-10-26T21:28:53Z UpdateTip: new best=3a55297cc7dd890745770776737ceefd136bc87126258e45c7c76e50870851fe height=174 version=0x30000000 log2_work=8.451211 tx=175 date='2025-10-26T21:29:18Z' progress=1.000000 cache=0.3MiB(174txo)
2025-10-26T21:28:53Z Saw new header hash=5fff548be3b1c2a30b01f6fd5140c50da6a45e40732451d90e2efae1ffeb58ff height=175
2025-10-26T21:28:53Z Saw new cmpctblock header hash=5fff548be3b1c2a30b01f6fd5140c50da6a45e40732451d90e2efae1ffeb58ff peer=0
2025-10-26T21:28:53Z UpdateTip: new best=5fff548be3b1c2a30b01f6fd5140c50da6a45e40732451d90e2efae1ffeb58ff height=175 version=0x30000000 log2_work=8.459432 tx=176 date='2025-10-26T21:29:18Z' progress=1.000000 cache=0.3MiB(175txo)
2025-10-26T21:28:53Z Saw new header hash=5bcba4b7428952f5e123cc63c3a46f8364f39c49261686bd2f6b00d99b154d2a height=176
2025-10-26T21:28:53Z Saw new cmpctblock header hash=5bcba4b7428952f5e123cc63c3a46f8364f39c49261686bd2f6b00d99b154d2a peer=1
2025-10-26T21:28:53Z UpdateTip: new best=5bcba4b7428952f5e123cc63c3a46f8364f39c49261686bd2f6b00d99b154d2a height=176 version=0x30000000 log2_work=8.467606 tx=177 date='2025-10-26T21:29:19Z' progress=1.000000 cache=0.3MiB(176txo)
2025-10-26T21:28:53Z Saw new header hash=0e463d67969acb6e7c43002e067c4cc960bdaccef63116a4170b7408290f520d height=177
2025-10-26T21:28:53Z Saw new cmpctblock header hash=0e463d67969acb6e7c43002e067c4cc960bdaccef63116a4170b7408290f520d peer=0
2025-10-26T21:28:53Z UpdateTip: new best=0e463d67969acb6e7c43002e067c4cc960bdaccef63116a4170b7408290f520d height=177 version=0x30000000 log2_work=8.475733 tx=178 date='2025-10-26T21:29:19Z' progress=1.000000 cache=0.3MiB(177txo)
2025-10-26T21:28:53Z Saw new header hash=6372258615f340048a142e603d326cb34f26dc13d6b4b7362233b00f7232884f height=178
2025-10-26T21:28:53Z Saw new cmpctblock header hash=6372258615f340048a142e603d326cb34f26dc13d6b4b7362233b00f7232884f peer=0
2025-10-26T21:28:53Z UpdateTip: new best=6372258615f340048a142e603d326cb34f26dc13d6b4b7362233b00f7232884f height=178 version=0x30000000 log2_work=8.483816 tx=179 date='2025-10-26T21:29:19Z' progress=1.000000 cache=0.3MiB(178txo)
2025-10-26T21:28:53Z Saw new header hash=4bda4f2437177eabe0a10ade248e86626f9780b6d03874bc81c739f56d627ce4 height=179
2025-10-26T21:28:53Z Saw new cmpctblock header hash=4bda4f2437177eabe0a10ade248e86626f9780b6d03874bc81c739f56d627ce4 peer=0
2025-10-26T21:28:53Z UpdateTip: new best=4bda4f2437177eabe0a10ade248e86626f9780b6d03874bc81c739f56d627ce4 height=179 version=0x30000000 log2_work=8.491853 tx=180 date='2025-10-26T21:29:19Z' progress=1.000000 cache=0.3MiB(179txo)
2025-10-26T21:28:53Z Saw new header hash=58a62b003f9681b43e6988a2578e291f29532c28c7c8f642420cc62e851e6583 height=180
2025-10-26T21:28:53Z Saw new header hash=1df77ccfce679311c591037b44b7e94174bfaec36df0d333c11def496b1aeedc height=181
2025-10-26T21:28:53Z Saw new header hash=1d303243e3f1dedff520fdcb4d983bf5e516142e5ae13df04f7242723a9dba91 height=182
2025-10-26T21:28:53Z Saw new header hash=1e4fa1e3f0846bb738f7e7df089e5b1f69f563d349e8a92f25dcec5f74450950 height=183
2025-10-26T21:28:53Z Saw new header hash=417141db9615ff5cf7da79dcb042fc66ac5ae7b9829a9d26074820d13d4b5058 height=184
2025-10-26T21:28:53Z Saw new header hash=763d699e54cb4b34bf0fcc9c62204ab8f32d51e66af10a356643642fb01c8f89 height=185
2025-10-26T21:28:53Z Saw new cmpctblock header hash=763d699e54cb4b34bf0fcc9c62204ab8f32d51e66af10a356643642fb01c8f89 peer=0
2025-10-26T21:28:53Z UpdateTip: new best=58a62b003f9681b43e6988a2578e291f29532c28c7c8f642420cc62e851e6583 height=180 version=0x30000000 log2_work=8.499846 tx=181 date='2025-10-26T21:29:19Z' progress=1.000000 cache=0.3MiB(180txo)
2025-10-26T21:28:53Z Saw new header hash=2955bb3e73892f5620ed132ca57b6958b0b0b9cdc1907c1e763461c340be6e24 height=186
2025-10-26T21:28:53Z Saw new cmpctblock header hash=2955bb3e73892f5620ed132ca57b6958b0b0b9cdc1907c1e763461c340be6e24 peer=0
2025-10-26T21:28:53Z UpdateTip: new best=1df77ccfce679311c591037b44b7e94174bfaec36df0d333c11def496b1aeedc height=181 version=0x30000000 log2_work=8.507795 tx=182 date='2025-10-26T21:29:19Z' progress=1.000000 cache=0.3MiB(181txo)
2025-10-26T21:28:53Z UpdateTip: new best=1d303243e3f1dedff520fdcb4d983bf5e516142e5ae13df04f7242723a9dba91 height=182 version=0x30000000 log2_work=8.515700 tx=183 date='2025-10-26T21:29:20Z' progress=1.000000 cache=0.3MiB(182txo)
2025-10-26T21:28:53Z UpdateTip: new best=1e4fa1e3f0846bb738f7e7df089e5b1f69f563d349e8a92f25dcec5f74450950 height=183 version=0x30000000 log2_work=8.523562 tx=184 date='2025-10-26T21:29:20Z' progress=1.000000 cache=0.3MiB(183txo)
2025-10-26T21:28:53Z UpdateTip: new best=417141db9615ff5cf7da79dcb042fc66ac5ae7b9829a9d26074820d13d4b5058 height=184 version=0x30000000 log2_work=8.531381 tx=185 date='2025-10-26T21:29:20Z' progress=1.000000 cache=0.3MiB(184txo)
2025-10-26T21:28:53Z UpdateTip: new best=763d699e54cb4b34bf0fcc9c62204ab8f32d51e66af10a356643642fb01c8f89 height=185 version=0x30000000 log2_work=8.539159 tx=186 date='2025-10-26T21:29:20Z' progress=1.000000 cache=0.3MiB(185txo)
2025-10-26T21:28:53Z UpdateTip: new best=2955bb3e73892f5620ed132ca57b6958b0b0b9cdc1907c1e763461c340be6e24 height=186 version=0x30000000 log2_work=8.546894 tx=187 date='2025-10-26T21:29:20Z' progress=1.000000 cache=0.3MiB(186txo)
2025-10-26T21:28:53Z Saw new header hash=7db1049eb4ceab005f300a9e12177e1a8d250e84ab6e281fb0f347123c2dce1b height=187
2025-10-26T21:28:53Z Saw new header hash=5fb9fddedfcbf94ed04d7cd96555dfad8d152d51484ba621ef2ea1d8af7bb5ff height=188
2025-10-26T21:28:53Z Saw new header hash=2890e16e6084dfdbe170644c328cb5d6e6aa97becd783ea77b4abdc861055b41 height=189
2025-10-26T21:28:53Z Saw new header hash=2f42b1fe4d76f5948b3fd7f792216ac56a195534948b470cec81c9d2d30d3bcc height=190
2025-10-26T21:28:53Z Saw new header hash=40519dba548e343a1160b94f9309e92867faeca3a1e5832cbfcfbfb5a96b66b9 height=191
2025-10-26T21:28:53Z Saw new header hash=271a8e5dfbcbc97b7f71a59b335ce8255553f6c91afe2cb8de6182a92b9fea59 height=192
2025-10-26T21:28:53Z Saw new header hash=798eb911632ae78f26bd0c06802e45d2c50c26a92fa4f96b28a659e64d1035b6 height=193
2025-10-26T21:28:53Z Saw new header hash=3dd64758d96f9ee14cc3bdc4b16683b8ea15600ef6e86e3ebd6e62555f181fbc height=194
2025-10-26T21:28:53Z Saw new header hash=4e9791deba6cbca4721d84b5bdd43cdef9b503a046afe803ca30ca7ac28e2e01 height=195
2025-10-26T21:28:53Z UpdateTip: new best=7db1049eb4ceab005f300a9e12177e1a8d250e84ab6e281fb0f347123c2dce1b height=187 version=0x30000000 log2_work=8.554589 tx=188 date='2025-10-26T21:29:20Z' progress=1.000000 cache=0.3MiB(187txo)
2025-10-26T21:28:53Z UpdateTip: new best=5fb9fddedfcbf94ed04d7cd96555dfad8d152d51484ba621ef2ea1d8af7bb5ff height=188 version=0x30000000 log2_work=8.562242 tx=189 date='2025-10-26T21:29:21Z' progress=1.000000 cache=0.3MiB(188txo)
2025-10-26T21:28:53Z UpdateTip: new best=2890e16e6084dfdbe170644c328cb5d6e6aa97becd783ea77b4abdc861055b41 height=189 version=0x30000000 log2_work=8.569856 tx=190 date='2025-10-26T21:29:21Z' progress=1.000000 cache=0.3MiB(189txo)
2025-10-26T21:28:53Z UpdateTip: new best=2f42b1fe4d76f5948b3fd7f792216ac56a195534948b470cec81c9d2d30d3bcc height=190 version=0x30000000 log2_work=8.577429 tx=191 date='2025-10-26T21:29:21Z' progress=1.000000 cache=0.3MiB(190txo)
2025-10-26T21:28:53Z Saw new header hash=5b12f0798b376c41b4249b5c6aa34e27be22d0f22572d6861265bd97f18c8242 height=196
2025-10-26T21:28:53Z Saw new header hash=630654d93b688b0beb29f6330eeffff74c61a209926dcda642dfa3ab8b01b7b6 height=197
2025-10-26T21:28:53Z Saw new header hash=74bd8a7547cf28111a78dc128536b8337e083fb70840f4ce4c6981d8f15563f5 height=198
2025-10-26T21:28:53Z Saw new header hash=0266d849f3b7756acc14fca55e738d79bf172fd461659cd41086afc673d70bf6 height=199
2025-10-26T21:28:53Z Saw new header hash=4266a4fbbee88f182c7dc1742a8ad722c73af433bc184528176b1c197a03a010 height=200
2025-10-26T21:28:53Z UpdateTip: new best=40519dba548e343a1160b94f9309e92867faeca3a1e5832cbfcfbfb5a96b66b9 height=191 version=0x30000000 log2_work=8.584963 tx=192 date='2025-10-26T21:29:21Z' progress=1.000000 cache=0.3MiB(191txo)
2025-10-26T21:28:53Z UpdateTip: new best=271a8e5dfbcbc97b7f71a59b335ce8255553f6c91afe2cb8de6182a92b9fea59 height=192 version=0x30000000 log2_work=8.592457 tx=193 date='2025-10-26T21:29:21Z' progress=1.000000 cache=0.3MiB(192txo)
2025-10-26T21:28:53Z UpdateTip: new best=798eb911632ae78f26bd0c06802e45d2c50c26a92fa4f96b28a659e64d1035b6 height=193 version=0x30000000 log2_work=8.599913 tx=194 date='2025-10-26T21:29:21Z' progress=1.000000 cache=0.3MiB(193txo)
2025-10-26T21:28:53Z UpdateTip: new best=3dd64758d96f9ee14cc3bdc4b16683b8ea15600ef6e86e3ebd6e62555f181fbc height=194 version=0x30000000 log2_work=8.607330 tx=195 date='2025-10-26T21:29:22Z' progress=1.000000 cache=0.3MiB(194txo)
2025-10-26T21:28:53Z UpdateTip: new best=4e9791deba6cbca4721d84b5bdd43cdef9b503a046afe803ca30ca7ac28e2e01 height=195 version=0x30000000 log2_work=8.614710 tx=196 date='2025-10-26T21:29:22Z' progress=1.000000 cache=0.3MiB(195txo)
2025-10-26T21:28:53Z UpdateTip: new best=5b12f0798b376c41b4249b5c6aa34e27be22d0f22572d6861265bd97f18c8242 height=196 version=0x30000000 log2_work=8.622052 tx=197 date='2025-10-26T21:29:22Z' progress=1.000000 cache=0.3MiB(196txo)
2025-10-26T21:28:53Z Saw new header hash=25e7ab8adf0a62849138c2a96bc005f00d66b1e2c4267e172db77edf1fda4ad8 height=201
2025-10-26T21:28:53Z Saw new cmpctblock header hash=25e7ab8adf0a62849138c2a96bc005f00d66b1e2c4267e172db77edf1fda4ad8 peer=1
2025-10-26T21:28:53Z UpdateTip: new best=630654d93b688b0beb29f6330eeffff74c61a209926dcda642dfa3ab8b01b7b6 height=197 version=0x30000000 log2_work=8.629357 tx=198 date='2025-10-26T21:29:22Z' progress=1.000000 cache=0.3MiB(197txo)
2025-10-26T21:28:53Z UpdateTip: new best=74bd8a7547cf28111a78dc128536b8337e083fb70840f4ce4c6981d8f15563f5 height=198 version=0x30000000 log2_work=8.636625 tx=199 date='2025-10-26T21:29:22Z' progress=1.000000 cache=0.3MiB(198txo)
2025-10-26T21:28:53Z UpdateTip: new best=0266d849f3b7756acc14fca55e738d79bf172fd461659cd41086afc673d70bf6 height=199 version=0x30000000 log2_work=8.643856 tx=200 date='2025-10-26T21:29:22Z' progress=1.000000 cache=0.3MiB(199txo)
2025-10-26T21:28:53Z UpdateTip: new best=4266a4fbbee88f182c7dc1742a8ad722c73af433bc184528176b1c197a03a010 height=200 version=0x30000000 log2_work=8.651052 tx=201 date='2025-10-26T21:29:23Z' progress=1.000000 cache=0.3MiB(200txo)
2025-10-26T21:28:53Z UpdateTip: new best=25e7ab8adf0a62849138c2a96bc005f00d66b1e2c4267e172db77edf1fda4ad8 height=201 version=0x30000000 log2_work=8.658211 tx=202 date='2025-10-26T21:29:23Z' progress=1.000000 cache=0.3MiB(201txo)
2025-10-26T21:28:57Z Saw new header hash=160cbb6bc71eb2f2b846c5d28a3d03da8f8a631565af694074177746cc9c1c32 height=202
2025-10-26T21:28:57Z Saw new cmpctblock header hash=160cbb6bc71eb2f2b846c5d28a3d03da8f8a631565af694074177746cc9c1c32 peer=0
2025-10-26T21:28:57Z UpdateTip: new best=160cbb6bc71eb2f2b846c5d28a3d03da8f8a631565af694074177746cc9c1c32 height=202 version=0x30000000 log2_work=8.665336 tx=229 date='2025-10-26T21:29:23Z' progress=1.000000 cache=0.3MiB(254txo)
2025-10-26T21:29:03Z Saw new header hash=3a778ade39a4e84521a007bdf089cd12824b8fd832936db21d3f21e10c312e7b height=203
2025-10-26T21:29:03Z Saw new cmpctblock header hash=3a778ade39a4e84521a007bdf089cd12824b8fd832936db21d3f21e10c312e7b peer=0
2025-10-26T21:29:03Z UpdateTip: new best=3a778ade39a4e84521a007bdf089cd12824b8fd832936db21d3f21e10c312e7b height=203 version=0x30000000 log2_work=8.672425 tx=258 date='2025-10-26T21:29:23Z' progress=1.000000 cache=0.3MiB(292txo)
2025-10-26T21:29:07Z Saw new header hash=3ed8b00fe16f91a4abfec87674e2f76f100795727217ae6a10cd3354f206a94a height=204
2025-10-26T21:29:07Z Saw new cmpctblock header hash=3ed8b00fe16f91a4abfec87674e2f76f100795727217ae6a10cd3354f206a94a peer=1
2025-10-26T21:29:07Z UpdateTip: new best=3ed8b00fe16f91a4abfec87674e2f76f100795727217ae6a10cd3354f206a94a height=204 version=0x30000000 log2_work=8.679480 tx=288 date='2025-10-26T21:29:23Z' progress=1.000000 cache=0.3MiB(322txo)
2025-10-26T21:29:14Z Saw new header hash=3d9441a9207a5ca0b28e190689d88e2c421272b564886fa9d00769699b249294 height=205
2025-10-26T21:29:14Z Saw new cmpctblock header hash=3d9441a9207a5ca0b28e190689d88e2c421272b564886fa9d00769699b249294 peer=1
2025-10-26T21:29:14Z UpdateTip: new best=3d9441a9207a5ca0b28e190689d88e2c421272b564886fa9d00769699b249294 height=205 version=0x30000000 log2_work=8.686501 tx=325 date='2025-10-26T21:29:23Z' progress=1.000000 cache=0.3MiB(364txo)
2025-10-26T21:29:18Z Saw new header hash=4b56b55a6967941d00187f1d187604bc39ad22a5672ed780decae4f95b8dabd4 height=206
2025-10-26T21:29:18Z Saw new cmpctblock header hash=4b56b55a6967941d00187f1d187604bc39ad22a5672ed780decae4f95b8dabd4 peer=0
2025-10-26T21:29:18Z UpdateTip: new best=4b56b55a6967941d00187f1d187604bc39ad22a5672ed780decae4f95b8dabd4 height=206 version=0x30000000 log2_work=8.693487 tx=351 date='2025-10-26T21:29:24Z' progress=1.000000 cache=0.3MiB(382txo)
2025-10-26T21:29:23Z Saw new header hash=1ca83948c1a6add32d9d265990f846571a83eeafaa864b736ce59a15655a1019 height=207
2025-10-26T21:29:23Z Saw new cmpctblock header hash=1ca83948c1a6add32d9d265990f846571a83eeafaa864b736ce59a15655a1019 peer=1
2025-10-26T21:29:23Z UpdateTip: new best=1ca83948c1a6add32d9d265990f846571a83eeafaa864b736ce59a15655a1019 height=207 version=0x30000000 log2_work=8.700440 tx=379 date='2025-10-26T21:29:24Z' progress=1.000000 cache=0.3MiB(402txo)
2025-10-26T21:29:28Z Saw new header hash=55e3b7c0ee34b4c798c11598e5a4b95dac90ac6354320e6070e414a73634d0fc height=208
2025-10-26T21:29:28Z Saw new cmpctblock header hash=55e3b7c0ee34b4c798c11598e5a4b95dac90ac6354320e6070e414a73634d0fc peer=0
2025-10-26T21:29:29Z UpdateTip: new best=55e3b7c0ee34b4c798c11598e5a4b95dac90ac6354320e6070e414a73634d0fc height=208 version=0x30000000 log2_work=8.707359 tx=411 date='2025-10-26T21:29:26Z' progress=1.000000 cache=0.3MiB(429txo)
2025-10-26T21:29:34Z Saw new header hash=2c8fa924c3e0a19b65a21558831e465516948a94026dba78536d3d2c658d7546 height=209
2025-10-26T21:29:34Z Saw new cmpctblock header hash=2c8fa924c3e0a19b65a21558831e465516948a94026dba78536d3d2c658d7546 peer=1
2025-10-26T21:29:34Z UpdateTip: new best=2c8fa924c3e0a19b65a21558831e465516948a94026dba78536d3d2c658d7546 height=209 version=0x30000000 log2_work=8.714246 tx=436 date='2025-10-26T21:29:31Z' progress=1.000000 cache=0.3MiB(447txo)
2025-10-26T21:29:38Z Saw new header hash=5e150a8661cf56aa891c11de93e24ce8133e2d391920afa32d362b5f0137b767 height=210
2025-10-26T21:29:38Z Saw new cmpctblock header hash=5e150a8661cf56aa891c11de93e24ce8133e2d391920afa32d362b5f0137b767 peer=0
2025-10-26T21:29:38Z UpdateTip: new best=5e150a8661cf56aa891c11de93e24ce8133e2d391920afa32d362b5f0137b767 height=210 version=0x30000000 log2_work=8.721099 tx=462 date='2025-10-26T21:29:36Z' progress=1.000000 cache=0.3MiB(452txo)
2025-10-26T21:29:44Z Saw new header hash=02e89d5c0a774ff7d94bc200b25ba11d2a73793ceffb4ccdbb0b079dc21a625f height=211
2025-10-26T21:29:44Z Saw new cmpctblock header hash=02e89d5c0a774ff7d94bc200b25ba11d2a73793ceffb4ccdbb0b079dc21a625f peer=1
2025-10-26T21:29:44Z UpdateTip: new best=02e89d5c0a774ff7d94bc200b25ba11d2a73793ceffb4ccdbb0b079dc21a625f height=211 version=0x30000000 log2_work=8.727920 tx=497 date='2025-10-26T21:29:42Z' progress=1.000000 cache=0.3MiB(460txo)
2025-10-26T21:29:49Z Saw new header hash=46d5df1695603bcf8cece885fed3f9d0a3c1f086f60d71bb36ec117c3f3a5c74 height=212
2025-10-26T21:29:49Z Saw new cmpctblock header hash=46d5df1695603bcf8cece885fed3f9d0a3c1f086f60d71bb36ec117c3f3a5c74 peer=1
2025-10-26T21:29:49Z UpdateTip: new best=46d5df1695603bcf8cece885fed3f9d0a3c1f086f60d71bb36ec117c3f3a5c74 height=212 version=0x30000000 log2_work=8.734710 tx=527 date='2025-10-26T21:29:47Z' progress=1.000000 cache=0.3MiB(464txo)
2025-10-26T21:29:53Z Saw new header hash=4d5492a03d1a5fd4b17168b525bbe93f5d0f24c4a75aa1d1f09381ab2eb1fbc9 height=213
2025-10-26T21:29:53Z Saw new cmpctblock header hash=4d5492a03d1a5fd4b17168b525bbe93f5d0f24c4a75aa1d1f09381ab2eb1fbc9 peer=0
2025-10-26T21:29:53Z UpdateTip: new best=4d5492a03d1a5fd4b17168b525bbe93f5d0f24c4a75aa1d1f09381ab2eb1fbc9 height=213 version=0x30000000 log2_work=8.741467 tx=554 date='2025-10-26T21:29:52Z' progress=1.000000 cache=0.3MiB(469txo)
2025-10-26T21:29:59Z Saw new header hash=676b209f9e0c896542b43374095e6156b0a918cdb019a010a947f4ee07f87e18 height=214
2025-10-26T21:29:59Z Saw new cmpctblock header hash=676b209f9e0c896542b43374095e6156b0a918cdb019a010a947f4ee07f87e18 peer=1
2025-10-26T21:29:59Z UpdateTip: new best=676b209f9e0c896542b43374095e6156b0a918cdb019a010a947f4ee07f87e18 height=214 version=0x30000000 log2_work=8.748193 tx=587 date='2025-10-26T21:29:57Z' progress=1.000000 cache=0.3MiB(465txo)
2025-10-26T21:30:04Z Saw new header hash=31d371e065571899d1734014ae044a09f18f116861aef683114f59c8cc14556b height=215
2025-10-26T21:30:04Z Saw new cmpctblock header hash=31d371e065571899d1734014ae044a09f18f116861aef683114f59c8cc14556b peer=0
2025-10-26T21:30:04Z UpdateTip: new best=31d371e065571899d1734014ae044a09f18f116861aef683114f59c8cc14556b height=215 version=0x30000000 log2_work=8.754888 tx=614 date='2025-10-26T21:30:02Z' progress=1.000000 cache=0.3MiB(478txo)
2025-10-26T21:30:08Z Saw new header hash=385526f67267d3da157862d0431cedfa1579c706e0e9748fbac5b0cfb2443f6c height=216
2025-10-26T21:30:08Z Saw new cmpctblock header hash=385526f67267d3da157862d0431cedfa1579c706e0e9748fbac5b0cfb2443f6c peer=0
2025-10-26T21:30:08Z UpdateTip: new best=385526f67267d3da157862d0431cedfa1579c706e0e9748fbac5b0cfb2443f6c height=216 version=0x30000000 log2_work=8.761551 tx=634 date='2025-10-26T21:30:07Z' progress=1.000000 cache=0.3MiB(478txo)
2025-10-26T21:30:14Z Saw new header hash=1128318baad7ddc6cff00a0b72171a10a1d70f25402a7704678fc73bebe5be5d height=217
2025-10-26T21:30:14Z Saw new cmpctblock header hash=1128318baad7ddc6cff00a0b72171a10a1d70f25402a7704678fc73bebe5be5d peer=0
2025-10-26T21:30:14Z UpdateTip: new best=1128318baad7ddc6cff00a0b72171a10a1d70f25402a7704678fc73bebe5be5d height=217 version=0x30000000 log2_work=8.768184 tx=664 date='2025-10-26T21:30:12Z' progress=1.000000 cache=0.3MiB(493txo)
2025-10-26T21:30:19Z Saw new header hash=6c7f31061ac2aefeb71d9ad131d49f238a27c7ccf55be4d0dbbe6b0de409eff9 height=218
2025-10-26T21:30:19Z Saw new cmpctblock header hash=6c7f31061ac2aefeb71d9ad131d49f238a27c7ccf55be4d0dbbe6b0de409eff9 peer=1
2025-10-26T21:30:19Z UpdateTip: new best=6c7f31061ac2aefeb71d9ad131d49f238a27c7ccf55be4d0dbbe6b0de409eff9 height=218 version=0x30000000 log2_work=8.774787 tx=691 date='2025-10-26T21:30:17Z' progress=1.000000 cache=0.3MiB(497txo)
2025-10-26T21:30:24Z Saw new header hash=47ab6a85aeecd510587c9f9f1498fdb5e2fce7b8f3ca1beb701b59006f7dd0dd height=219
2025-10-26T21:30:24Z Saw new cmpctblock header hash=47ab6a85aeecd510587c9f9f1498fdb5e2fce7b8f3ca1beb701b59006f7dd0dd peer=0
2025-10-26T21:30:24Z UpdateTip: new best=47ab6a85aeecd510587c9f9f1498fdb5e2fce7b8f3ca1beb701b59006f7dd0dd height=219 version=0x30000000 log2_work=8.781360 tx=719 date='2025-10-26T21:30:22Z' progress=1.000000 cache=0.3MiB(513txo)
2025-10-26T21:30:30Z Saw new header hash=5bcbc6f9a0c2b1d3df68c35b7f94d0a1a666b8b7f771a4ddb3299de7ca05003f height=220
2025-10-26T21:30:30Z Saw new cmpctblock header hash=5bcbc6f9a0c2b1d3df68c35b7f94d0a1a666b8b7f771a4ddb3299de7ca05003f peer=0
2025-10-26T21:30:30Z UpdateTip: new best=5bcbc6f9a0c2b1d3df68c35b7f94d0a1a666b8b7f771a4ddb3299de7ca05003f height=220 version=0x30000000 log2_work=8.787903 tx=749 date='2025-10-26T21:30:28Z' progress=1.000000 cache=0.3MiB(522txo)
2025-10-26T21:30:34Z Saw new header hash=5e355df90e0c942de076535137a2ba1450edcf99cd8a2d37176825d055db6d36 height=221
2025-10-26T21:30:34Z Saw new cmpctblock header hash=5e355df90e0c942de076535137a2ba1450edcf99cd8a2d37176825d055db6d36 peer=1
2025-10-26T21:30:34Z UpdateTip: new best=5e355df90e0c942de076535137a2ba1450edcf99cd8a2d37176825d055db6d36 height=221 version=0x30000000 log2_work=8.794416 tx=771 date='2025-10-26T21:30:33Z' progress=1.000000 cache=0.3MiB(532txo)
2025-10-26T21:30:40Z Saw new header hash=3429cca21ba635eb1a833c1a99f4a13e725036a8f9df6b316f070a9f0fc212d5 height=222
2025-10-26T21:30:40Z Saw new cmpctblock header hash=3429cca21ba635eb1a833c1a99f4a13e725036a8f9df6b316f070a9f0fc212d5 peer=0
2025-10-26T21:30:40Z UpdateTip: new best=3429cca21ba635eb1a833c1a99f4a13e725036a8f9df6b316f070a9f0fc212d5 height=222 version=0x30000000 log2_work=8.800900 tx=796 date='2025-10-26T21:30:38Z' progress=1.000000 cache=0.3MiB(542txo)
2025-10-26T21:30:45Z Saw new header hash=0cac6f30607a66d9967df3d2885bf2b9d17067e2f9f093c0747f992857fa5780 height=223
2025-10-26T21:30:45Z Saw new cmpctblock header hash=0cac6f30607a66d9967df3d2885bf2b9d17067e2f9f093c0747f992857fa5780 peer=1
2025-10-26T21:30:45Z UpdateTip: new best=0cac6f30607a66d9967df3d2885bf2b9d17067e2f9f093c0747f992857fa5780 height=223 version=0x30000000 log2_work=8.807355 tx=828 date='2025-10-26T21:30:43Z' progress=1.000000 cache=0.3MiB(550txo)
2025-10-26T21:30:50Z Saw new header hash=406c16fba237909ecd42719971f358ddc6cb492ccaf27ec5330082a48310dc98 height=224
2025-10-26T21:30:50Z Saw new cmpctblock header hash=406c16fba237909ecd42719971f358ddc6cb492ccaf27ec5330082a48310dc98 peer=0
2025-10-26T21:30:50Z UpdateTip: new best=406c16fba237909ecd42719971f358ddc6cb492ccaf27ec5330082a48310dc98 height=224 version=0x30000000 log2_work=8.813781 tx=855 date='2025-10-26T21:30:48Z' progress=1.000000 cache=0.3MiB(557txo)
2025-10-26T21:30:59Z Saw new header hash=76ef549a0d32876122bdacd2d58eea4f23f1d7359609cf40bde526a7b6bc093a height=225
2025-10-26T21:30:59Z Saw new cmpctblock header hash=76ef549a0d32876122bdacd2d58eea4f23f1d7359609cf40bde526a7b6bc093a peer=1
2025-10-26T21:31:00Z UpdateTip: new best=76ef549a0d32876122bdacd2d58eea4f23f1d7359609cf40bde526a7b6bc093a height=225 version=0x30000000 log2_work=8.820179 tx=880 date='2025-10-26T21:30:53Z' progress=1.000000 cache=0.3MiB(561txo)
2025-10-26T21:31:04Z Saw new header hash=24c2492c07efd52344ed1c9be4b6d25542b053b40de98ad3c10f2b71ce74736e height=226
2025-10-26T21:31:04Z Saw new cmpctblock header hash=24c2492c07efd52344ed1c9be4b6d25542b053b40de98ad3c10f2b71ce74736e peer=1
2025-10-26T21:31:04Z UpdateTip: new best=24c2492c07efd52344ed1c9be4b6d25542b053b40de98ad3c10f2b71ce74736e height=226 version=0x30000000 log2_work=8.826548 tx=893 date='2025-10-26T21:30:59Z' progress=1.000000 cache=0.3MiB(567txo)
2025-10-26T21:31:05Z Saw new header hash=07d88900513282e7d374a391163fcd5ab469456e600a2bedc020b39ef423c149 height=227
2025-10-26T21:31:05Z Saw new cmpctblock header hash=07d88900513282e7d374a391163fcd5ab469456e600a2bedc020b39ef423c149 peer=1
2025-10-26T21:31:05Z UpdateTip: new best=07d88900513282e7d374a391163fcd5ab469456e600a2bedc020b39ef423c149 height=227 version=0x30000000 log2_work=8.832890 tx=901 date='2025-10-26T21:31:04Z' progress=1.000000 cache=0.3MiB(572txo)
2025-10-26T21:31:13Z Saw new header hash=3a5af57faed2fd6107fbc83a53a15a34e5bfbfe469f70e8797f4e3c7856bf312 height=228
2025-10-26T21:31:13Z Saw new cmpctblock header hash=3a5af57faed2fd6107fbc83a53a15a34e5bfbfe469f70e8797f4e3c7856bf312 peer=0
2025-10-26T21:31:13Z UpdateTip: new best=3a5af57faed2fd6107fbc83a53a15a34e5bfbfe469f70e8797f4e3c7856bf312 height=228 version=0x30000000 log2_work=8.839204 tx=918 date='2025-10-26T21:31:09Z' progress=1.000000 cache=0.3MiB(576txo)
2025-10-26T21:31:17Z Saw new header hash=1ac247c8fd72a59aa53299660c822c8e80c926e1e0bf122bf0bcc13874bc0dee height=229
2025-10-26T21:31:17Z Saw new cmpctblock header hash=1ac247c8fd72a59aa53299660c822c8e80c926e1e0bf122bf0bcc13874bc0dee peer=1
2025-10-26T21:31:17Z UpdateTip: new best=1ac247c8fd72a59aa53299660c822c8e80c926e1e0bf122bf0bcc13874bc0dee height=229 version=0x30000000 log2_work=8.845490 tx=932 date='2025-10-26T21:31:14Z' progress=1.000000 cache=0.3MiB(582txo)
2025-10-26T21:31:22Z Saw new header hash=5459db51b1599ab8acad0e3834d9819dc928fa66798ffb5bd33c8c4d158a0e44 height=230
2025-10-26T21:31:22Z Saw new cmpctblock header hash=5459db51b1599ab8acad0e3834d9819dc928fa66798ffb5bd33c8c4d158a0e44 peer=0
2025-10-26T21:31:22Z UpdateTip: new best=5459db51b1599ab8acad0e3834d9819dc928fa66798ffb5bd33c8c4d158a0e44 height=230 version=0x30000000 log2_work=8.851749 tx=950 date='2025-10-26T21:31:19Z' progress=1.000000 cache=0.3MiB(591txo)
2025-10-26T21:31:28Z Saw new header hash=764608c88d288b0aabe17bcd27644a5ce3f7d553eb28ad08697e7213a124bc12 height=231
2025-10-26T21:31:28Z Saw new cmpctblock header hash=764608c88d288b0aabe17bcd27644a5ce3f7d553eb28ad08697e7213a124bc12 peer=0
2025-10-26T21:31:28Z UpdateTip: new best=764608c88d288b0aabe17bcd27644a5ce3f7d553eb28ad08697e7213a124bc12 height=231 version=0x30000000 log2_work=8.857981 tx=965 date='2025-10-26T21:31:25Z' progress=1.000000 cache=0.3MiB(590txo)
2025-10-26T21:31:32Z Saw new header hash=19b9781763fad85caa0980e2176d66d41bb9d675491387d048dfdf6b9d8b75e9 height=232
2025-10-26T21:31:32Z Saw new cmpctblock header hash=19b9781763fad85caa0980e2176d66d41bb9d675491387d048dfdf6b9d8b75e9 peer=0
2025-10-26T21:31:32Z UpdateTip: new best=19b9781763fad85caa0980e2176d66d41bb9d675491387d048dfdf6b9d8b75e9 height=232 version=0x30000000 log2_work=8.864186 tx=980 date='2025-10-26T21:31:30Z' progress=1.000000 cache=0.3MiB(599txo)
2025-10-26T21:31:38Z Saw new header hash=45cde6d423635627e69776a7dda76224980232ed57ea14e82557f204a45754b1 height=233
2025-10-26T21:31:38Z Saw new cmpctblock header hash=45cde6d423635627e69776a7dda76224980232ed57ea14e82557f204a45754b1 peer=0
2025-10-26T21:31:38Z UpdateTip: new best=45cde6d423635627e69776a7dda76224980232ed57ea14e82557f204a45754b1 height=233 version=0x30000000 log2_work=8.870365 tx=999 date='2025-10-26T21:31:35Z' progress=1.000000 cache=0.3MiB(604txo)
2025-10-26T21:31:44Z Saw new header hash=0fbfad51aac4f140c00c5a20e3a8cd7478dcc0597ddc8e4ab1d799405861e228 height=234
2025-10-26T21:31:44Z Saw new cmpctblock header hash=0fbfad51aac4f140c00c5a20e3a8cd7478dcc0597ddc8e4ab1d799405861e228 peer=0
2025-10-26T21:31:44Z UpdateTip: new best=0fbfad51aac4f140c00c5a20e3a8cd7478dcc0597ddc8e4ab1d799405861e228 height=234 version=0x30000000 log2_work=8.876517 tx=1014 date='2025-10-26T21:31:40Z' progress=1.000000 cache=0.3MiB(605txo)
2025-10-26T21:31:48Z Saw new header hash=2d9610fc12330ca93a4d76d9721bbc8a5f267fc5458c24aaefe51dc094fcd156 height=235
2025-10-26T21:31:48Z Saw new cmpctblock header hash=2d9610fc12330ca93a4d76d9721bbc8a5f267fc5458c24aaefe51dc094fcd156 peer=1
2025-10-26T21:31:48Z UpdateTip: new best=2d9610fc12330ca93a4d76d9721bbc8a5f267fc5458c24aaefe51dc094fcd156 height=235 version=0x30000000 log2_work=8.882643 tx=1029 date='2025-10-26T21:31:46Z' progress=1.000000 cache=0.3MiB(611txo)
2025-10-26T21:31:54Z Saw new header hash=75025c9850300b1b85d059d76ad3788b018ffe65579fe496599d9e83dc5c811b height=236
2025-10-26T21:31:54Z Saw new cmpctblock header hash=75025c9850300b1b85d059d76ad3788b018ffe65579fe496599d9e83dc5c811b peer=1
2025-10-26T21:31:54Z UpdateTip: new best=75025c9850300b1b85d059d76ad3788b018ffe65579fe496599d9e83dc5c811b height=236 version=0x30000000 log2_work=8.888743 tx=1047 date='2025-10-26T21:31:51Z' progress=1.000000 cache=0.3MiB(607txo)
2025-10-26T21:31:59Z Saw new header hash=6ca76244960555dc954b349cab1eb0f902e447ae15605c0633e072bf184bdf17 height=237
2025-10-26T21:31:59Z Saw new cmpctblock header hash=6ca76244960555dc954b349cab1eb0f902e447ae15605c0633e072bf184bdf17 peer=0
2025-10-26T21:31:59Z UpdateTip: new best=6ca76244960555dc954b349cab1eb0f902e447ae15605c0633e072bf184bdf17 height=237 version=0x30000000 log2_work=8.894818 tx=1063 date='2025-10-26T21:31:56Z' progress=1.000000 cache=0.3MiB(616txo)
2025-10-26T21:32:04Z Saw new header hash=1753ce328d0ba2c92c9991848005fb077c507808d4842b97f166f5579feea45c height=238
2025-10-26T21:32:04Z Saw new cmpctblock header hash=1753ce328d0ba2c92c9991848005fb077c507808d4842b97f166f5579feea45c peer=0
2025-10-26T21:32:04Z UpdateTip: new best=1753ce328d0ba2c92c9991848005fb077c507808d4842b97f166f5579feea45c height=238 version=0x30000000 log2_work=8.900867 tx=1079 date='2025-10-26T21:32:01Z' progress=1.000000 cache=0.3MiB(619txo)
2025-10-26T21:32:09Z Saw new header hash=0f345d5077e7f22b10af5c844b5b15d3772914c3a03529f7d3c6c74e626260b0 height=239
2025-10-26T21:32:09Z Saw new cmpctblock header hash=0f345d5077e7f22b10af5c844b5b15d3772914c3a03529f7d3c6c74e626260b0 peer=1
2025-10-26T21:32:09Z UpdateTip: new best=0f345d5077e7f22b10af5c844b5b15d3772914c3a03529f7d3c6c74e626260b0 height=239 version=0x30000000 log2_work=8.906891 tx=1095 date='2025-10-26T21:32:06Z' progress=1.000000 cache=0.3MiB(625txo)
2025-10-26T21:32:15Z Saw new header hash=5dd58677bae68f7bf3f711efdf2f3e61a8d40f1bc755122c940d0ebf3b776c06 height=240
2025-10-26T21:32:15Z Saw new cmpctblock header hash=5dd58677bae68f7bf3f711efdf2f3e61a8d40f1bc755122c940d0ebf3b776c06 peer=0
2025-10-26T21:32:15Z UpdateTip: new best=5dd58677bae68f7bf3f711efdf2f3e61a8d40f1bc755122c940d0ebf3b776c06 height=240 version=0x30000000 log2_work=8.912889 tx=1113 date='2025-10-26T21:32:12Z' progress=1.000000 cache=0.3MiB(639txo)
2025-10-26T21:32:20Z Saw new header hash=145b8442c7513fd8edf7571c5dc2a3bfb40d5446cf6ffa7d435b92ca121f053a height=241
2025-10-26T21:32:20Z Saw new cmpctblock header hash=145b8442c7513fd8edf7571c5dc2a3bfb40d5446cf6ffa7d435b92ca121f053a peer=1
2025-10-26T21:32:20Z UpdateTip: new best=145b8442c7513fd8edf7571c5dc2a3bfb40d5446cf6ffa7d435b92ca121f053a height=241 version=0x30000000 log2_work=8.918863 tx=1124 date='2025-10-26T21:32:17Z' progress=1.000000 cache=0.3MiB(643txo)
2025-10-26T21:32:27Z Saw new header hash=774e9bb8cca182c5c5db251cdbba8c47a796a4103135bb5ca20e8f36cf8efd2d height=242
2025-10-26T21:32:27Z Saw new cmpctblock header hash=774e9bb8cca182c5c5db251cdbba8c47a796a4103135bb5ca20e8f36cf8efd2d peer=0
2025-10-26T21:32:27Z UpdateTip: new best=774e9bb8cca182c5c5db251cdbba8c47a796a4103135bb5ca20e8f36cf8efd2d height=242 version=0x30000000 log2_work=8.924813 tx=1137 date='2025-10-26T21:32:23Z' progress=1.000000 cache=0.3MiB(642txo)
2025-10-26T21:32:33Z Saw new header hash=1d832ae5ab3f6bcf27138b40b24b027ca3c41bf3f358b0cccbbeac349df23561 height=243
2025-10-26T21:32:33Z Saw new cmpctblock header hash=1d832ae5ab3f6bcf27138b40b24b027ca3c41bf3f358b0cccbbeac349df23561 peer=0
2025-10-26T21:32:33Z UpdateTip: new best=1d832ae5ab3f6bcf27138b40b24b027ca3c41bf3f358b0cccbbeac349df23561 height=243 version=0x30000000 log2_work=8.930737 tx=1148 date='2025-10-26T21:32:29Z' progress=1.000000 cache=0.3MiB(650txo)
2025-10-26T21:32:37Z Saw new header hash=6daff2974fe6b3a05ab0f9cafd297baa7cfaff10029f3a30dce0bdad176a77c5 height=244
2025-10-26T21:32:37Z Saw new cmpctblock header hash=6daff2974fe6b3a05ab0f9cafd297baa7cfaff10029f3a30dce0bdad176a77c5 peer=0
2025-10-26T21:32:37Z UpdateTip: new best=6daff2974fe6b3a05ab0f9cafd297baa7cfaff10029f3a30dce0bdad176a77c5 height=244 version=0x30000000 log2_work=8.936638 tx=1164 date='2025-10-26T21:32:34Z' progress=1.000000 cache=0.3MiB(652txo)
2025-10-26T21:32:44Z Saw new header hash=7c921d5926c98e322a3b9f3f40237a62b53981ff7789a2627cb17ec3f711d9c7 height=245
2025-10-26T21:32:44Z Saw new cmpctblock header hash=7c921d5926c98e322a3b9f3f40237a62b53981ff7789a2627cb17ec3f711d9c7 peer=1
2025-10-26T21:32:44Z UpdateTip: new best=7c921d5926c98e322a3b9f3f40237a62b53981ff7789a2627cb17ec3f711d9c7 height=245 version=0x30000000 log2_work=8.942515 tx=1181 date='2025-10-26T21:32:39Z' progress=1.000000 cache=0.3MiB(651txo)
2025-10-26T21:32:49Z Saw new header hash=5e84f7c32c325b30876e442af075b568429d8125979da98e95bf12168d873083 height=246
2025-10-26T21:32:49Z Saw new cmpctblock header hash=5e84f7c32c325b30876e442af075b568429d8125979da98e95bf12168d873083 peer=0
2025-10-26T21:32:49Z UpdateTip: new best=5e84f7c32c325b30876e442af075b568429d8125979da98e95bf12168d873083 height=246 version=0x30000000 log2_work=8.948367 tx=1194 date='2025-10-26T21:32:44Z' progress=1.000000 cache=0.3MiB(659txo)
2025-10-26T21:32:53Z Saw new header hash=65dcbc6473bf80ab2a7e9899f97af83ee809f5b46df94f79a1b482af027fb6e0 height=247
2025-10-26T21:32:53Z Saw new cmpctblock header hash=65dcbc6473bf80ab2a7e9899f97af83ee809f5b46df94f79a1b482af027fb6e0 peer=0
2025-10-26T21:32:53Z UpdateTip: new best=65dcbc6473bf80ab2a7e9899f97af83ee809f5b46df94f79a1b482af027fb6e0 height=247 version=0x30000000 log2_work=8.954196 tx=1208 date='2025-10-26T21:32:50Z' progress=1.000000 cache=0.3MiB(662txo)
2025-10-26T21:33:00Z Saw new header hash=6f2f8c5491009e9f1a5f5c9a2d9272b46a87c3d61f7c98bc366c6d9f76609f5b height=248
2025-10-26T21:33:00Z Saw new cmpctblock header hash=6f2f8c5491009e9f1a5f5c9a2d9272b46a87c3d61f7c98bc366c6d9f76609f5b peer=1
2025-10-26T21:33:00Z UpdateTip: new best=6f2f8c5491009e9f1a5f5c9a2d9272b46a87c3d61f7c98bc366c6d9f76609f5b height=248 version=0x30000000 log2_work=8.960002 tx=1228 date='2025-10-26T21:32:55Z' progress=1.000000 cache=0.3MiB(670txo)
2025-10-26T21:33:05Z Saw new header hash=7b1f5dbb3924d8c87eb668df35f0714213fe66346317df29c8d716e5e9df9948 height=249
2025-10-26T21:33:05Z Saw new cmpctblock header hash=7b1f5dbb3924d8c87eb668df35f0714213fe66346317df29c8d716e5e9df9948 peer=0
2025-10-26T21:33:05Z UpdateTip: new best=7b1f5dbb3924d8c87eb668df35f0714213fe66346317df29c8d716e5e9df9948 height=249 version=0x30000000 log2_work=8.965784 tx=1244 date='2025-10-26T21:33:00Z' progress=1.000000 cache=0.3MiB(680txo)
2025-10-26T21:33:09Z Saw new header hash=6d9a0b9b1994b838c3fd05ee2c99488eab597c474ed8c0c00c2893bca02d24a1 height=250
2025-10-26T21:33:09Z Saw new cmpctblock header hash=6d9a0b9b1994b838c3fd05ee2c99488eab597c474ed8c0c00c2893bca02d24a1 peer=0
2025-10-26T21:33:09Z UpdateTip: new best=6d9a0b9b1994b838c3fd05ee2c99488eab597c474ed8c0c00c2893bca02d24a1 height=250 version=0x30000000 log2_work=8.971544 tx=1254 date='2025-10-26T21:33:05Z' progress=1.000000 cache=0.3MiB(685txo)
2025-10-26T21:33:14Z Saw new header hash=26d8f70f9f5b2448e836fb878653bc29dcfe81eb56f5239540457d35fa7d8365 height=251
2025-10-26T21:33:14Z Saw new cmpctblock header hash=26d8f70f9f5b2448e836fb878653bc29dcfe81eb56f5239540457d35fa7d8365 peer=0
2025-10-26T21:33:14Z UpdateTip: new best=26d8f70f9f5b2448e836fb878653bc29dcfe81eb56f5239540457d35fa7d8365 height=251 version=0x30000000 log2_work=8.977280 tx=1266 date='2025-10-26T21:33:11Z' progress=1.000000 cache=0.3MiB(690txo)
2025-10-26T21:33:20Z Saw new header hash=4511e7bc12b297e92a0833a1ac36ae50a8c238e783f433997806651ee8b10f5c height=252
2025-10-26T21:33:20Z Saw new cmpctblock header hash=4511e7bc12b297e92a0833a1ac36ae50a8c238e783f433997806651ee8b10f5c peer=0
2025-10-26T21:33:20Z UpdateTip: new best=4511e7bc12b297e92a0833a1ac36ae50a8c238e783f433997806651ee8b10f5c height=252 version=0x30000000 log2_work=8.982994 tx=1282 date='2025-10-26T21:33:16Z' progress=1.000000 cache=0.3MiB(690txo)
2025-10-26T21:33:25Z Saw new header hash=493b00eff6379c0b2b5d7a303207c7b941c99bb113ad2d74036cb9abfb0ae19c height=253
2025-10-26T21:33:25Z Saw new cmpctblock header hash=493b00eff6379c0b2b5d7a303207c7b941c99bb113ad2d74036cb9abfb0ae19c peer=1
2025-10-26T21:33:25Z UpdateTip: new best=493b00eff6379c0b2b5d7a303207c7b941c99bb113ad2d74036cb9abfb0ae19c height=253 version=0x30000000 log2_work=8.988685 tx=1295 date='2025-10-26T21:33:21Z' progress=1.000000 cache=0.3MiB(694txo)
2025-10-26T21:33:31Z Saw new header hash=429dc2e106d4901b8d2eb3032577314c1e9f235151b1374d8bdbdb592bb5471b height=254
2025-10-26T21:33:31Z Saw new cmpctblock header hash=429dc2e106d4901b8d2eb3032577314c1e9f235151b1374d8bdbdb592bb5471b peer=0
2025-10-26T21:33:31Z UpdateTip: new best=429dc2e106d4901b8d2eb3032577314c1e9f235151b1374d8bdbdb592bb5471b height=254 version=0x30000000 log2_work=8.994353 tx=1307 date='2025-10-26T21:33:27Z' progress=1.000000 cache=0.3MiB(697txo)
2025-10-26T21:33:37Z Saw new header hash=4b8b4406a3d485b9ffdd291e96ee9f0f6a8b0bde45700b8d1893a12e3c6a69dc height=255
2025-10-26T21:33:37Z Saw new cmpctblock header hash=4b8b4406a3d485b9ffdd291e96ee9f0f6a8b0bde45700b8d1893a12e3c6a69dc peer=0
2025-10-26T21:33:37Z UpdateTip: new best=4b8b4406a3d485b9ffdd291e96ee9f0f6a8b0bde45700b8d1893a12e3c6a69dc height=255 version=0x30000000 log2_work=9.000000 tx=1316 date='2025-10-26T21:33:33Z' progress=1.000000 cache=0.3MiB(700txo)
2025-10-26T21:33:42Z Saw new header hash=11823cee75bb008959a6cf7aebdeec4e126a1c9705fda6abe3542009153a293a height=256
2025-10-26T21:33:42Z Saw new cmpctblock header hash=11823cee75bb008959a6cf7aebdeec4e126a1c9705fda6abe3542009153a293a peer=0
2025-10-26T21:33:42Z UpdateTip: new best=11823cee75bb008959a6cf7aebdeec4e126a1c9705fda6abe3542009153a293a height=256 version=0x30000000 log2_work=9.005625 tx=1335 date='2025-10-26T21:33:39Z' progress=1.000000 cache=0.3MiB(700txo)
2025-10-26T21:33:47Z Saw new header hash=5ddd871529b6a448ca87e09815d086d08475059843af43c68a4a4ec2c0995717 height=257
2025-10-26T21:33:47Z Saw new cmpctblock header hash=5ddd871529b6a448ca87e09815d086d08475059843af43c68a4a4ec2c0995717 peer=1
2025-10-26T21:33:47Z UpdateTip: new best=5ddd871529b6a448ca87e09815d086d08475059843af43c68a4a4ec2c0995717 height=257 version=0x30000000 log2_work=9.011227 tx=1356 date='2025-10-26T21:33:44Z' progress=1.000000 cache=0.3MiB(701txo)
2025-10-26T21:33:52Z Saw new header hash=20087800135a55c15d3ceb3927c4f576bc93300044db9582b7f8c72b665dc1a9 height=258
2025-10-26T21:33:52Z Saw new cmpctblock header hash=20087800135a55c15d3ceb3927c4f576bc93300044db9582b7f8c72b665dc1a9 peer=0
2025-10-26T21:33:52Z UpdateTip: new best=20087800135a55c15d3ceb3927c4f576bc93300044db9582b7f8c72b665dc1a9 height=258 version=0x30000000 log2_work=9.016808 tx=1378 date='2025-10-26T21:33:49Z' progress=1.000000 cache=0.3MiB(708txo)
2025-10-26T21:33:58Z Saw new header hash=7b44f15bc1c3d77500a6ebcef9708c0bf666328bbd0ce613cc03f9a29485f94c height=259
2025-10-26T21:33:58Z Saw new cmpctblock header hash=7b44f15bc1c3d77500a6ebcef9708c0bf666328bbd0ce613cc03f9a29485f94c peer=1
2025-10-26T21:33:58Z UpdateTip: new best=7b44f15bc1c3d77500a6ebcef9708c0bf666328bbd0ce613cc03f9a29485f94c height=259 version=0x30000000 log2_work=9.022368 tx=1400 date='2025-10-26T21:33:54Z' progress=1.000000 cache=0.3MiB(711txo)
2025-10-26T21:34:04Z Saw new header hash=0bf6785c2cc3749858e05bc0bf54e17b15097a76291b7af7611e6b7ac5335453 height=260
2025-10-26T21:34:04Z Saw new cmpctblock header hash=0bf6785c2cc3749858e05bc0bf54e17b15097a76291b7af7611e6b7ac5335453 peer=0
2025-10-26T21:34:04Z UpdateTip: new best=0bf6785c2cc3749858e05bc0bf54e17b15097a76291b7af7611e6b7ac5335453 height=260 version=0x30000000 log2_work=9.027906 tx=1422 date='2025-10-26T21:33:59Z' progress=1.000000 cache=0.3MiB(711txo)
2025-10-26T21:34:09Z Saw new header hash=183dd01c5604badf1d6be1f6ef50297a8476823b4379c1b07b1e1f2565da00f4 height=261
2025-10-26T21:34:09Z Saw new cmpctblock header hash=183dd01c5604badf1d6be1f6ef50297a8476823b4379c1b07b1e1f2565da00f4 peer=1
2025-10-26T21:34:09Z UpdateTip: new best=183dd01c5604badf1d6be1f6ef50297a8476823b4379c1b07b1e1f2565da00f4 height=261 version=0x30000000 log2_work=9.033423 tx=1434 date='2025-10-26T21:34:05Z' progress=1.000000 cache=0.3MiB(716txo)
2025-10-26T21:34:14Z Saw new header hash=4c371ed6a52616e1663704bb9cb3e1e25e4e5dafdfec50f6511bc3e4197f5f96 height=262
2025-10-26T21:34:14Z Saw new cmpctblock header hash=4c371ed6a52616e1663704bb9cb3e1e25e4e5dafdfec50f6511bc3e4197f5f96 peer=0
2025-10-26T21:34:14Z UpdateTip: new best=4c371ed6a52616e1663704bb9cb3e1e25e4e5dafdfec50f6511bc3e4197f5f96 height=262 version=0x30000000 log2_work=9.038919 tx=1445 date='2025-10-26T21:34:10Z' progress=1.000000 cache=0.3MiB(720txo)
2025-10-26T21:34:20Z Saw new header hash=5559701d5ec0dde8445712cd371cc86db8b13df51752be0bfb72b32d225d58fd height=263
2025-10-26T21:34:20Z Saw new cmpctblock header hash=5559701d5ec0dde8445712cd371cc86db8b13df51752be0bfb72b32d225d58fd peer=1
2025-10-26T21:34:20Z UpdateTip: new best=5559701d5ec0dde8445712cd371cc86db8b13df51752be0bfb72b32d225d58fd height=263 version=0x30000000 log2_work=9.044394 tx=1457 date='2025-10-26T21:34:16Z' progress=1.000000 cache=0.3MiB(721txo)
2025-10-26T21:34:25Z Saw new header hash=6a419e5b40b7a463297c16df9e3d300290f9899baeb46b0595d7e95ee9d29bc3 height=264
2025-10-26T21:34:25Z Saw new cmpctblock header hash=6a419e5b40b7a463297c16df9e3d300290f9899baeb46b0595d7e95ee9d29bc3 peer=1
2025-10-26T21:34:25Z UpdateTip: new best=6a419e5b40b7a463297c16df9e3d300290f9899baeb46b0595d7e95ee9d29bc3 height=264 version=0x30000000 log2_work=9.049849 tx=1469 date='2025-10-26T21:34:21Z' progress=1.000000 cache=0.3MiB(725txo)
2025-10-26T21:34:32Z Saw new header hash=7b653f42392f3b599cff49140e1f51d2f207035586ef5f50bde9b61cf96a97a2 height=265
2025-10-26T21:34:32Z Saw new cmpctblock header hash=7b653f42392f3b599cff49140e1f51d2f207035586ef5f50bde9b61cf96a97a2 peer=1
2025-10-26T21:34:32Z UpdateTip: new best=7b653f42392f3b599cff49140e1f51d2f207035586ef5f50bde9b61cf96a97a2 height=265 version=0x30000000 log2_work=9.055282 tx=1481 date='2025-10-26T21:34:26Z' progress=1.000000 cache=0.3MiB(727txo)
2025-10-26T21:34:36Z Saw new header hash=54e00f22dee4e63da92a1625e661e9a2309dc86bbaedd13518e8898edf445711 height=266
2025-10-26T21:34:36Z Saw new cmpctblock header hash=54e00f22dee4e63da92a1625e661e9a2309dc86bbaedd13518e8898edf445711 peer=0
2025-10-26T21:34:36Z UpdateTip: new best=54e00f22dee4e63da92a1625e661e9a2309dc86bbaedd13518e8898edf445711 height=266 version=0x30000000 log2_work=9.060696 tx=1490 date='2025-10-26T21:34:32Z' progress=1.000000 cache=0.3MiB(729txo)
2025-10-26T21:34:42Z Saw new header hash=6f19f6d87d71cf581b67c03d1a2028906a92eb46da7696abcc6a14999755124d height=267
2025-10-26T21:34:42Z Saw new cmpctblock header hash=6f19f6d87d71cf581b67c03d1a2028906a92eb46da7696abcc6a14999755124d peer=1
2025-10-26T21:34:42Z UpdateTip: new best=6f19f6d87d71cf581b67c03d1a2028906a92eb46da7696abcc6a14999755124d height=267 version=0x30000000 log2_work=9.066089 tx=1506 date='2025-10-26T21:34:37Z' progress=1.000000 cache=0.3MiB(732txo)
2025-10-26T21:34:47Z Saw new header hash=62672f42055acd37f401120162cb549cbd0e70695f528ee8204e41f063bba991 height=268
2025-10-26T21:34:47Z Saw new cmpctblock header hash=62672f42055acd37f401120162cb549cbd0e70695f528ee8204e41f063bba991 peer=0
2025-10-26T21:34:47Z UpdateTip: new best=62672f42055acd37f401120162cb549cbd0e70695f528ee8204e41f063bba991 height=268 version=0x30000000 log2_work=9.071462 tx=1524 date='2025-10-26T21:34:42Z' progress=1.000000 cache=0.3MiB(742txo)
2025-10-26T21:34:52Z Saw new header hash=623b700dd5a8bf6e117da4919d13603cf347ee997e77ed4c4e2beb74e8306ec6 height=269
2025-10-26T21:34:52Z Saw new cmpctblock header hash=623b700dd5a8bf6e117da4919d13603cf347ee997e77ed4c4e2beb74e8306ec6 peer=1
2025-10-26T21:34:52Z UpdateTip: new best=623b700dd5a8bf6e117da4919d13603cf347ee997e77ed4c4e2beb74e8306ec6 height=269 version=0x30000000 log2_work=9.076816 tx=1542 date='2025-10-26T21:34:47Z' progress=1.000000 cache=0.3MiB(749txo)
2025-10-26T21:34:57Z Saw new header hash=6f6ffb2a32c8ca6d1b7db7f6e60b58db877cfc3171f158126a0c930092f6f8ae height=270
2025-10-26T21:34:57Z Saw new cmpctblock header hash=6f6ffb2a32c8ca6d1b7db7f6e60b58db877cfc3171f158126a0c930092f6f8ae peer=0
2025-10-26T21:34:57Z UpdateTip: new best=6f6ffb2a32c8ca6d1b7db7f6e60b58db877cfc3171f158126a0c930092f6f8ae height=270 version=0x30000000 log2_work=9.082149 tx=1560 date='2025-10-26T21:34:52Z' progress=1.000000 cache=0.3MiB(759txo)
2025-10-26T21:35:02Z Saw new header hash=7e2a32fede2b14f06dfc2bbf0ed1a67c7c4fa77fea3564eff53ebc693a2f8935 height=271
2025-10-26T21:35:02Z Saw new cmpctblock header hash=7e2a32fede2b14f06dfc2bbf0ed1a67c7c4fa77fea3564eff53ebc693a2f8935 peer=0
2025-10-26T21:35:02Z UpdateTip: new best=7e2a32fede2b14f06dfc2bbf0ed1a67c7c4fa77fea3564eff53ebc693a2f8935 height=271 version=0x30000000 log2_work=9.087463 tx=1578 date='2025-10-26T21:34:58Z' progress=1.000000 cache=0.3MiB(762txo)
2025-10-26T21:35:07Z Saw new header hash=6e8781531fac340283210e169f82cd5a38bad4f2bef9dcf2af94a71b75766644 height=272
2025-10-26T21:35:07Z Saw new cmpctblock header hash=6e8781531fac340283210e169f82cd5a38bad4f2bef9dcf2af94a71b75766644 peer=1
2025-10-26T21:35:07Z UpdateTip: new best=6e8781531fac340283210e169f82cd5a38bad4f2bef9dcf2af94a71b75766644 height=272 version=0x30000000 log2_work=9.092757 tx=1591 date='2025-10-26T21:35:03Z' progress=1.000000 cache=0.3MiB(767txo)
2025-10-26T21:35:12Z Saw new header hash=5155b640628fc1ddcce717a4e1c28b98394cd8bc23410baeb1c5bf517c632b2a height=273
2025-10-26T21:35:12Z Saw new cmpctblock header hash=5155b640628fc1ddcce717a4e1c28b98394cd8bc23410baeb1c5bf517c632b2a peer=0
2025-10-26T21:35:12Z UpdateTip: new best=5155b640628fc1ddcce717a4e1c28b98394cd8bc23410baeb1c5bf517c632b2a height=273 version=0x30000000 log2_work=9.098032 tx=1609 date='2025-10-26T21:35:08Z' progress=1.000000 cache=0.3MiB(770txo)
2025-10-26T21:35:18Z Saw new header hash=6d3d1b338de99951d1e650f06adf0ee2cc6814b0492ce72946f0484d41f9078d height=274
2025-10-26T21:35:18Z Saw new cmpctblock header hash=6d3d1b338de99951d1e650f06adf0ee2cc6814b0492ce72946f0484d41f9078d peer=1
2025-10-26T21:35:18Z UpdateTip: new best=6d3d1b338de99951d1e650f06adf0ee2cc6814b0492ce72946f0484d41f9078d height=274 version=0x30000000 log2_work=9.103288 tx=1628 date='2025-10-26T21:35:14Z' progress=1.000000 cache=0.3MiB(784txo)
2025-10-26T21:35:23Z Saw new header hash=08ed005538fbfa3dc6ac9007bb60570fbf3a77d2e4def5432147945b85e8c4fc height=275
2025-10-26T21:35:23Z Saw new cmpctblock header hash=08ed005538fbfa3dc6ac9007bb60570fbf3a77d2e4def5432147945b85e8c4fc peer=0
2025-10-26T21:35:23Z UpdateTip: new best=08ed005538fbfa3dc6ac9007bb60570fbf3a77d2e4def5432147945b85e8c4fc height=275 version=0x30000000 log2_work=9.108524 tx=1647 date='2025-10-26T21:35:19Z' progress=1.000000 cache=0.3MiB(792txo)
2025-10-26T21:35:28Z Saw new header hash=72cbb675624831c5794cc3822e628bdceced0e96a7cf971b0e86f2802cb06c1d height=276
2025-10-26T21:35:28Z Saw new cmpctblock header hash=72cbb675624831c5794cc3822e628bdceced0e96a7cf971b0e86f2802cb06c1d peer=1
2025-10-26T21:35:28Z UpdateTip: new best=72cbb675624831c5794cc3822e628bdceced0e96a7cf971b0e86f2802cb06c1d height=276 version=0x30000000 log2_work=9.113742 tx=1664 date='2025-10-26T21:35:24Z' progress=1.000000 cache=0.3MiB(802txo)
2025-10-26T21:35:57Z Saw new header hash=302413e53de0e04b2f1dfa336da913654dd3b0b5beade71b85ec1ff85254b587 height=277
2025-10-26T21:35:57Z Saw new cmpctblock header hash=302413e53de0e04b2f1dfa336da913654dd3b0b5beade71b85ec1ff85254b587 peer=0
2025-10-26T21:35:57Z UpdateTip: new best=302413e53de0e04b2f1dfa336da913654dd3b0b5beade71b85ec1ff85254b587 height=277 version=0x30000000 log2_work=9.118941 tx=1682 date='2025-10-26T21:35:29Z' progress=1.000000 cache=0.3MiB(798txo)
2025-10-26T21:36:08Z Saw new header hash=335fb3aaff2edd86096dc72c1a57e94309e0dd7da3bb0395abceb5f52724c518 height=278
2025-10-26T21:36:08Z Saw new cmpctblock header hash=335fb3aaff2edd86096dc72c1a57e94309e0dd7da3bb0395abceb5f52724c518 peer=1
2025-10-26T21:36:08Z Saw new header hash=20c1f177941a43322c3d73d27f8b335452953328e7e6c2e1d9eabf4d71545956 height=279
2025-10-26T21:36:08Z Saw new cmpctblock header hash=20c1f177941a43322c3d73d27f8b335452953328e7e6c2e1d9eabf4d71545956 peer=0
2025-10-26T21:36:08Z Saw new header hash=371f144035eda3b57f7a0558de95f2903943f4caa5b12e5734fea223b9b8a095 height=280
2025-10-26T21:36:08Z Saw new cmpctblock header hash=371f144035eda3b57f7a0558de95f2903943f4caa5b12e5734fea223b9b8a095 peer=0
2025-10-26T21:36:08Z UpdateTip: new best=335fb3aaff2edd86096dc72c1a57e94309e0dd7da3bb0395abceb5f52724c518 height=278 version=0x30000000 log2_work=9.124121 tx=1687 date='2025-10-26T21:36:03Z' progress=1.000000 cache=0.3MiB(802txo)
2025-10-26T21:36:08Z UpdateTip: new best=20c1f177941a43322c3d73d27f8b335452953328e7e6c2e1d9eabf4d71545956 height=279 version=0x30000000 log2_work=9.129283 tx=1688 date='2025-10-26T21:36:03Z' progress=1.000000 cache=0.3MiB(803txo)
2025-10-26T21:36:08Z UpdateTip: new best=371f144035eda3b57f7a0558de95f2903943f4caa5b12e5734fea223b9b8a095 height=280 version=0x30000000 log2_work=9.134426 tx=1689 date='2025-10-26T21:36:03Z' progress=1.000000 cache=0.3MiB(804txo)
2025-10-26T21:36:08Z Saw new header hash=340f430660f185713730779dd2a8f485a21600efc54a9ae8fa1634f85ba5a0a6 height=281
2025-10-26T21:36:08Z Saw new cmpctblock header hash=340f430660f185713730779dd2a8f485a21600efc54a9ae8fa1634f85ba5a0a6 peer=1
2025-10-26T21:36:08Z UpdateTip: new best=340f430660f185713730779dd2a8f485a21600efc54a9ae8fa1634f85ba5a0a6 height=281 version=0x30000000 log2_work=9.139551 tx=1690 date='2025-10-26T21:36:03Z' progress=1.000000 cache=0.3MiB(805txo)
2025-10-26T21:36:08Z Saw new header hash=31408a593587b145963a2e05292a7a59bba9282803bb605e95cdbdabd5dda0ba height=282
2025-10-26T21:36:08Z Saw new cmpctblock header hash=31408a593587b145963a2e05292a7a59bba9282803bb605e95cdbdabd5dda0ba peer=0
2025-10-26T21:36:08Z UpdateTip: new best=31408a593587b145963a2e05292a7a59bba9282803bb605e95cdbdabd5dda0ba height=282 version=0x30000000 log2_work=9.144658 tx=1691 date='2025-10-26T21:36:03Z' progress=1.000000 cache=0.3MiB(806txo)
2025-10-26T21:36:08Z Saw new header hash=5d09d924aefd90fbaff73298d1575f1fff980351406e02f2615a5638ba9d9b00 height=283
2025-10-26T21:36:08Z Saw new cmpctblock header hash=5d09d924aefd90fbaff73298d1575f1fff980351406e02f2615a5638ba9d9b00 peer=0
2025-10-26T21:36:08Z UpdateTip: new best=5d09d924aefd90fbaff73298d1575f1fff980351406e02f2615a5638ba9d9b00 height=283 version=0x30000000 log2_work=9.149747 tx=1692 date='2025-10-26T21:36:03Z' progress=1.000000 cache=0.3MiB(807txo)
2025-10-26T21:36:08Z Saw new header hash=21ba7aa5fbb18b9dd68055b292ba272e0dede825faa32a39c80265645328b492 height=284
2025-10-26T21:36:08Z Saw new cmpctblock header hash=21ba7aa5fbb18b9dd68055b292ba272e0dede825faa32a39c80265645328b492 peer=1
2025-10-26T21:36:08Z UpdateTip: new best=21ba7aa5fbb18b9dd68055b292ba272e0dede825faa32a39c80265645328b492 height=284 version=0x30000000 log2_work=9.154818 tx=1693 date='2025-10-26T21:36:04Z' progress=1.000000 cache=0.3MiB(808txo)
2025-10-26T21:36:08Z Saw new header hash=5a02dbc0c000fc3c608878355cb8527d14b1caec5d5aca907646c61113d4c527 height=285
2025-10-26T21:36:08Z Saw new cmpctblock header hash=5a02dbc0c000fc3c608878355cb8527d14b1caec5d5aca907646c61113d4c527 peer=1
2025-10-26T21:36:08Z UpdateTip: new best=5a02dbc0c000fc3c608878355cb8527d14b1caec5d5aca907646c61113d4c527 height=285 version=0x30000000 log2_work=9.159871 tx=1694 date='2025-10-26T21:36:04Z' progress=1.000000 cache=0.3MiB(809txo)
2025-10-26T21:36:08Z Saw new header hash=7209513e3de472e74317a2c705bdb8434dd0c443989e86a4ee6a0c87411017ff height=286
2025-10-26T21:36:08Z Saw new cmpctblock header hash=7209513e3de472e74317a2c705bdb8434dd0c443989e86a4ee6a0c87411017ff peer=0
2025-10-26T21:36:08Z UpdateTip: new best=7209513e3de472e74317a2c705bdb8434dd0c443989e86a4ee6a0c87411017ff height=286 version=0x30000000 log2_work=9.164907 tx=1695 date='2025-10-26T21:36:04Z' progress=1.000000 cache=0.3MiB(810txo)
2025-10-26T21:36:08Z Saw new header hash=142da3e3dbecacf73012676c6cc4c6823f16c681cfc17b8f8d1f5057af4600a1 height=287
2025-10-26T21:36:08Z Saw new cmpctblock header hash=142da3e3dbecacf73012676c6cc4c6823f16c681cfc17b8f8d1f5057af4600a1 peer=0
2025-10-26T21:36:08Z UpdateTip: new best=142da3e3dbecacf73012676c6cc4c6823f16c681cfc17b8f8d1f5057af4600a1 height=287 version=0x30000000 log2_work=9.169925 tx=1696 date='2025-10-26T21:36:04Z' progress=1.000000 cache=0.3MiB(811txo)
2025-10-26T21:36:08Z Saw new header hash=468e4ac2765aa64ee44f842706cfc2b348b437a386f1bb902910fe3fe0fdb872 height=288
2025-10-26T21:36:08Z Saw new cmpctblock header hash=468e4ac2765aa64ee44f842706cfc2b348b437a386f1bb902910fe3fe0fdb872 peer=0
2025-10-26T21:36:08Z UpdateTip: new best=468e4ac2765aa64ee44f842706cfc2b348b437a386f1bb902910fe3fe0fdb872 height=288 version=0x30000000 log2_work=9.174926 tx=1697 date='2025-10-26T21:36:04Z' progress=1.000000 cache=0.3MiB(812txo)
2025-10-26T21:36:08Z Saw new header hash=5e3f55e71b08449c4401bdb049e3e17bc4938a5a0401beea5e8ee05c252178e7 height=289
2025-10-26T21:36:08Z Saw new cmpctblock header hash=5e3f55e71b08449c4401bdb049e3e17bc4938a5a0401beea5e8ee05c252178e7 peer=0
2025-10-26T21:36:08Z UpdateTip: new best=5e3f55e71b08449c4401bdb049e3e17bc4938a5a0401beea5e8ee05c252178e7 height=289 version=0x30000000 log2_work=9.179909 tx=1698 date='2025-10-26T21:36:04Z' progress=1.000000 cache=0.3MiB(813txo)
2025-10-26T21:36:08Z Saw new header hash=7ef743a2d7d233fbab671585d0f0a5b67f338c01ed611f78c80206eb2f2622e6 height=290
2025-10-26T21:36:08Z Saw new cmpctblock header hash=7ef743a2d7d233fbab671585d0f0a5b67f338c01ed611f78c80206eb2f2622e6 peer=0
2025-10-26T21:36:08Z UpdateTip: new best=7ef743a2d7d233fbab671585d0f0a5b67f338c01ed611f78c80206eb2f2622e6 height=290 version=0x30000000 log2_work=9.184875 tx=1699 date='2025-10-26T21:36:05Z' progress=1.000000 cache=0.3MiB(814txo)
2025-10-26T21:36:08Z Saw new header hash=1bdeec9f20f670dce6e4e4bc67096c747954ec2d7dd6ce49798cd4ebb3110de5 height=291
2025-10-26T21:36:08Z Saw new cmpctblock header hash=1bdeec9f20f670dce6e4e4bc67096c747954ec2d7dd6ce49798cd4ebb3110de5 peer=1
2025-10-26T21:36:08Z UpdateTip: new best=1bdeec9f20f670dce6e4e4bc67096c747954ec2d7dd6ce49798cd4ebb3110de5 height=291 version=0x30000000 log2_work=9.189825 tx=1700 date='2025-10-26T21:36:05Z' progress=1.000000 cache=0.3MiB(815txo)
2025-10-26T21:36:08Z Saw new header hash=0d2c9c3e4d45d9e5d772b5cfa749478277a89837ed77da8a510976132d247f6d height=292
2025-10-26T21:36:08Z Saw new cmpctblock header hash=0d2c9c3e4d45d9e5d772b5cfa749478277a89837ed77da8a510976132d247f6d peer=0
2025-10-26T21:36:08Z UpdateTip: new best=0d2c9c3e4d45d9e5d772b5cfa749478277a89837ed77da8a510976132d247f6d height=292 version=0x30000000 log2_work=9.194757 tx=1701 date='2025-10-26T21:36:05Z' progress=1.000000 cache=0.3MiB(816txo)
2025-10-26T21:36:08Z Saw new header hash=10d7139229ca5524e184fd008cfe79d4c876d56ca06023dcdbd0409d2155f678 height=293
2025-10-26T21:36:08Z Saw new cmpctblock header hash=10d7139229ca5524e184fd008cfe79d4c876d56ca06023dcdbd0409d2155f678 peer=0
2025-10-26T21:36:08Z UpdateTip: new best=10d7139229ca5524e184fd008cfe79d4c876d56ca06023dcdbd0409d2155f678 height=293 version=0x30000000 log2_work=9.199672 tx=1702 date='2025-10-26T21:36:05Z' progress=1.000000 cache=0.3MiB(817txo)
2025-10-26T21:36:08Z Saw new header hash=0583eaf0a29a751557c72ddf0b432c3a251a74d6b95c14781df4386142af25eb height=294
2025-10-26T21:36:08Z Saw new cmpctblock header hash=0583eaf0a29a751557c72ddf0b432c3a251a74d6b95c14781df4386142af25eb peer=0
2025-10-26T21:36:08Z UpdateTip: new best=0583eaf0a29a751557c72ddf0b432c3a251a74d6b95c14781df4386142af25eb height=294 version=0x30000000 log2_work=9.204571 tx=1703 date='2025-10-26T21:36:05Z' progress=1.000000 cache=0.3MiB(818txo)
2025-10-26T21:36:08Z Saw new header hash=02466c0e9f31403f657d2364148b6265be40522c7b7960c2f51f4e377d510ebf height=295
2025-10-26T21:36:08Z Saw new cmpctblock header hash=02466c0e9f31403f657d2364148b6265be40522c7b7960c2f51f4e377d510ebf peer=1
2025-10-26T21:36:08Z UpdateTip: new best=02466c0e9f31403f657d2364148b6265be40522c7b7960c2f51f4e377d510ebf height=295 version=0x30000000 log2_work=9.209453 tx=1704 date='2025-10-26T21:36:05Z' progress=1.000000 cache=0.3MiB(819txo)
2025-10-26T21:36:08Z Saw new header hash=7a59e392d5c0acc85346188b0623e97a99d397fe1a96b3d3d964b8eb6bd3f35a height=296
2025-10-26T21:36:08Z Saw new cmpctblock header hash=7a59e392d5c0acc85346188b0623e97a99d397fe1a96b3d3d964b8eb6bd3f35a peer=0
2025-10-26T21:36:08Z UpdateTip: new best=7a59e392d5c0acc85346188b0623e97a99d397fe1a96b3d3d964b8eb6bd3f35a height=296 version=0x30000000 log2_work=9.214319 tx=1705 date='2025-10-26T21:36:06Z' progress=1.000000 cache=0.3MiB(820txo)
2025-10-26T21:36:08Z Saw new header hash=1a39ae8213dcd1e3c36fe0566c47e331baa38f9ee572aefe52d844b6b17e9df2 height=297
2025-10-26T21:36:08Z Saw new cmpctblock header hash=1a39ae8213dcd1e3c36fe0566c47e331baa38f9ee572aefe52d844b6b17e9df2 peer=0
2025-10-26T21:36:08Z UpdateTip: new best=1a39ae8213dcd1e3c36fe0566c47e331baa38f9ee572aefe52d844b6b17e9df2 height=297 version=0x30000000 log2_work=9.219169 tx=1706 date='2025-10-26T21:36:06Z' progress=1.000000 cache=0.3MiB(821txo)
2025-10-26T21:36:08Z Saw new header hash=41362e12b22292e565f2dc48f8d5257a098ccdf096b6fda955d7c8c0fa975c3a height=298
2025-10-26T21:36:08Z Saw new cmpctblock header hash=41362e12b22292e565f2dc48f8d5257a098ccdf096b6fda955d7c8c0fa975c3a peer=0
2025-10-26T21:36:08Z UpdateTip: new best=41362e12b22292e565f2dc48f8d5257a098ccdf096b6fda955d7c8c0fa975c3a height=298 version=0x30000000 log2_work=9.224002 tx=1707 date='2025-10-26T21:36:06Z' progress=1.000000 cache=0.3MiB(822txo)
2025-10-26T21:36:08Z Saw new header hash=3b1bcc262ab4ac8b70fa78356cd31774b0861820a2e9b6cfc7463559cf600424 height=299
2025-10-26T21:36:08Z Saw new cmpctblock header hash=3b1bcc262ab4ac8b70fa78356cd31774b0861820a2e9b6cfc7463559cf600424 peer=1
2025-10-26T21:36:08Z UpdateTip: new best=3b1bcc262ab4ac8b70fa78356cd31774b0861820a2e9b6cfc7463559cf600424 height=299 version=0x30000000 log2_work=9.228819 tx=1708 date='2025-10-26T21:36:06Z' progress=1.000000 cache=0.3MiB(823txo)
2025-10-26T21:36:08Z Saw new header hash=7dfbb830ed64ae30a2fef4239592c97e994dab65870ccad0efa8a207cb2793fb height=300
2025-10-26T21:36:08Z Saw new cmpctblock header hash=7dfbb830ed64ae30a2fef4239592c97e994dab65870ccad0efa8a207cb2793fb peer=1
2025-10-26T21:36:08Z UpdateTip: new best=7dfbb830ed64ae30a2fef4239592c97e994dab65870ccad0efa8a207cb2793fb height=300 version=0x30000000 log2_work=9.233620 tx=1709 date='2025-10-26T21:36:06Z' progress=1.000000 cache=0.3MiB(824txo)
2025-10-26T21:36:08Z Saw new header hash=68b09fb11b0d6ec0c17c6b822e9e85069b3cd31c67a180534272f9caad16ded6 height=301
2025-10-26T21:36:08Z Saw new cmpctblock header hash=68b09fb11b0d6ec0c17c6b822e9e85069b3cd31c67a180534272f9caad16ded6 peer=0
2025-10-26T21:36:08Z UpdateTip: new best=68b09fb11b0d6ec0c17c6b822e9e85069b3cd31c67a180534272f9caad16ded6 height=301 version=0x30000000 log2_work=9.238405 tx=1710 date='2025-10-26T21:36:06Z' progress=1.000000 cache=0.3MiB(825txo)
2025-10-26T21:36:08Z Saw new header hash=6fc93e0336fd4822d93c8dc41febf8c5b373ead713623f1e246995fcdba3062d height=302
2025-10-26T21:36:08Z Saw new cmpctblock header hash=6fc93e0336fd4822d93c8dc41febf8c5b373ead713623f1e246995fcdba3062d peer=0
2025-10-26T21:36:08Z UpdateTip: new best=6fc93e0336fd4822d93c8dc41febf8c5b373ead713623f1e246995fcdba3062d height=302 version=0x30000000 log2_work=9.243174 tx=1711 date='2025-10-26T21:36:07Z' progress=1.000000 cache=0.3MiB(826txo)
2025-10-26T21:36:08Z Saw new header hash=642d53a9f0d342aff7210ed036e98b0cffcd4b18c95704a662a5724c83c3e472 height=303
2025-10-26T21:36:08Z Saw new cmpctblock header hash=642d53a9f0d342aff7210ed036e98b0cffcd4b18c95704a662a5724c83c3e472 peer=0
2025-10-26T21:36:08Z UpdateTip: new best=642d53a9f0d342aff7210ed036e98b0cffcd4b18c95704a662a5724c83c3e472 height=303 version=0x30000000 log2_work=9.247928 tx=1712 date='2025-10-26T21:36:07Z' progress=1.000000 cache=0.3MiB(827txo)
2025-10-26T21:36:08Z Saw new header hash=5afa6e8d8ec39e65fbd34d392c36d95164141d3ce7763ab24ae0766164f829cd height=304
2025-10-26T21:36:08Z Saw new cmpctblock header hash=5afa6e8d8ec39e65fbd34d392c36d95164141d3ce7763ab24ae0766164f829cd peer=1
2025-10-26T21:36:08Z UpdateTip: new best=5afa6e8d8ec39e65fbd34d392c36d95164141d3ce7763ab24ae0766164f829cd height=304 version=0x30000000 log2_work=9.252665 tx=1713 date='2025-10-26T21:36:07Z' progress=1.000000 cache=0.3MiB(828txo)
2025-10-26T21:36:08Z Saw new header hash=1ccd601585417353ac74b3bfd18552b53401045ae6863ece5cc3170db4b501bf height=305
2025-10-26T21:36:08Z Saw new cmpctblock header hash=1ccd601585417353ac74b3bfd18552b53401045ae6863ece5cc3170db4b501bf peer=0
2025-10-26T21:36:08Z UpdateTip: new best=1ccd601585417353ac74b3bfd18552b53401045ae6863ece5cc3170db4b501bf height=305 version=0x30000000 log2_work=9.257388 tx=1714 date='2025-10-26T21:36:07Z' progress=1.000000 cache=0.3MiB(829txo)
2025-10-26T21:36:08Z Saw new header hash=42775cf0cd8e72037734dc6b6c7d8386d546ca17ed9ae6f7e3c3ac928c394c84 height=306
2025-10-26T21:36:08Z Saw new cmpctblock header hash=42775cf0cd8e72037734dc6b6c7d8386d546ca17ed9ae6f7e3c3ac928c394c84 peer=1
2025-10-26T21:36:08Z UpdateTip: new best=42775cf0cd8e72037734dc6b6c7d8386d546ca17ed9ae6f7e3c3ac928c394c84 height=306 version=0x30000000 log2_work=9.262095 tx=1715 date='2025-10-26T21:36:07Z' progress=1.000000 cache=0.3MiB(830txo)
2025-10-26T21:36:08Z Saw new header hash=4475afb0401a359d551ad8602bc4bf341fc35505cbc202d0afd57b956f40807a height=307
2025-10-26T21:36:08Z Saw new cmpctblock header hash=4475afb0401a359d551ad8602bc4bf341fc35505cbc202d0afd57b956f40807a peer=1
2025-10-26T21:36:08Z UpdateTip: new best=4475afb0401a359d551ad8602bc4bf341fc35505cbc202d0afd57b956f40807a height=307 version=0x30000000 log2_work=9.266787 tx=1716 date='2025-10-26T21:36:07Z' progress=1.000000 cache=0.3MiB(831txo)
2025-10-26T21:36:08Z Saw new header hash=3e5b691a2c98f7af78daa83fef55b46eaa6b5d2c3d46bc53dd7d54f61ae9940a height=308
2025-10-26T21:36:08Z Saw new cmpctblock header hash=3e5b691a2c98f7af78daa83fef55b46eaa6b5d2c3d46bc53dd7d54f61ae9940a peer=1
2025-10-26T21:36:08Z UpdateTip: new best=3e5b691a2c98f7af78daa83fef55b46eaa6b5d2c3d46bc53dd7d54f61ae9940a height=308 version=0x30000000 log2_work=9.271463 tx=1717 date='2025-10-26T21:36:08Z' progress=1.000000 cache=0.3MiB(832txo)
2025-10-26T21:36:08Z Saw new header hash=323da271e3c463f9e03be08ae79a16c4678c8dbdfb42471b6d3dee1807918388 height=309
2025-10-26T21:36:08Z Saw new cmpctblock header hash=323da271e3c463f9e03be08ae79a16c4678c8dbdfb42471b6d3dee1807918388 peer=1
2025-10-26T21:36:08Z UpdateTip: new best=323da271e3c463f9e03be08ae79a16c4678c8dbdfb42471b6d3dee1807918388 height=309 version=0x30000000 log2_work=9.276124 tx=1718 date='2025-10-26T21:36:08Z' progress=1.000000 cache=0.3MiB(833txo)
2025-10-26T21:36:08Z Saw new header hash=45eb1ddeb35a160f9a49ddb5bcf7b20160742eeb8f8c847be81096be52651e10 height=310
2025-10-26T21:36:08Z Saw new cmpctblock header hash=45eb1ddeb35a160f9a49ddb5bcf7b20160742eeb8f8c847be81096be52651e10 peer=1
2025-10-26T21:36:08Z UpdateTip: new best=45eb1ddeb35a160f9a49ddb5bcf7b20160742eeb8f8c847be81096be52651e10 height=310 version=0x30000000 log2_work=9.280771 tx=1719 date='2025-10-26T21:36:08Z' progress=1.000000 cache=0.3MiB(834txo)
2025-10-26T21:36:08Z Saw new header hash=43db27e9b67db112b60465de1f6055a823e44848f05a017f6a753cd6d60c0387 height=311
2025-10-26T21:36:08Z Saw new cmpctblock header hash=43db27e9b67db112b60465de1f6055a823e44848f05a017f6a753cd6d60c0387 peer=0
2025-10-26T21:36:08Z UpdateTip: new best=43db27e9b67db112b60465de1f6055a823e44848f05a017f6a753cd6d60c0387 height=311 version=0x30000000 log2_work=9.285402 tx=1720 date='2025-10-26T21:36:08Z' progress=1.000000 cache=0.3MiB(835txo)
2025-10-26T21:36:08Z Saw new header hash=3bc656ab3daf46e47908105f5c7e5d2e8dc5db437a2c5c66a81b79325d6e40c3 height=312
2025-10-26T21:36:08Z Saw new cmpctblock header hash=3bc656ab3daf46e47908105f5c7e5d2e8dc5db437a2c5c66a81b79325d6e40c3 peer=0
2025-10-26T21:36:08Z UpdateTip: new best=3bc656ab3daf46e47908105f5c7e5d2e8dc5db437a2c5c66a81b79325d6e40c3 height=312 version=0x30000000 log2_work=9.290019 tx=1721 date='2025-10-26T21:36:08Z' progress=1.000000 cache=0.3MiB(836txo)
2025-10-26T21:36:08Z Saw new header hash=4eade2f1684944fdfead1849ccdc3fbf31021cff466b76181157c0f329ddba4e height=313
2025-10-26T21:36:08Z Saw new cmpctblock header hash=4eade2f1684944fdfead1849ccdc3fbf31021cff466b76181157c0f329ddba4e peer=0
2025-10-26T21:36:08Z UpdateTip: new best=4eade2f1684944fdfead1849ccdc3fbf31021cff466b76181157c0f329ddba4e height=313 version=0x30000000 log2_work=9.294621 tx=1722 date='2025-10-26T21:36:08Z' progress=1.000000 cache=0.3MiB(837txo)
2025-10-26T21:36:08Z Saw new header hash=22a3c03f5ccb0e1509b67eff1868d0c095abb93a915371a3b521e359ebf61bbd height=314
2025-10-26T21:36:08Z Saw new cmpctblock header hash=22a3c03f5ccb0e1509b67eff1868d0c095abb93a915371a3b521e359ebf61bbd peer=1
2025-10-26T21:36:08Z UpdateTip: new best=22a3c03f5ccb0e1509b67eff1868d0c095abb93a915371a3b521e359ebf61bbd height=314 version=0x30000000 log2_work=9.299208 tx=1723 date='2025-10-26T21:36:09Z' progress=1.000000 cache=0.3MiB(838txo)
2025-10-26T21:36:08Z Saw new header hash=3ef734366c1727c5c235279d1bba68a7c22a5a031a2ff7883af175ba470a1637 height=315
2025-10-26T21:36:08Z Saw new cmpctblock header hash=3ef734366c1727c5c235279d1bba68a7c22a5a031a2ff7883af175ba470a1637 peer=0
2025-10-26T21:36:08Z UpdateTip: new best=3ef734366c1727c5c235279d1bba68a7c22a5a031a2ff7883af175ba470a1637 height=315 version=0x30000000 log2_work=9.303781 tx=1724 date='2025-10-26T21:36:09Z' progress=1.000000 cache=0.3MiB(839txo)
2025-10-26T21:36:08Z Saw new header hash=2251ae21493425416f7843bd26b4607ddfa22aff4bb9ab4cb736d388cb7a8bcc height=316
2025-10-26T21:36:08Z Saw new cmpctblock header hash=2251ae21493425416f7843bd26b4607ddfa22aff4bb9ab4cb736d388cb7a8bcc peer=0
2025-10-26T21:36:08Z UpdateTip: new best=2251ae21493425416f7843bd26b4607ddfa22aff4bb9ab4cb736d388cb7a8bcc height=316 version=0x30000000 log2_work=9.308339 tx=1725 date='2025-10-26T21:36:09Z' progress=1.000000 cache=0.3MiB(840txo)
2025-10-26T21:36:08Z Saw new header hash=61f2ced06ce7cbb7861e8c117dae430447e4809109821992e326af1479ea6e93 height=317
2025-10-26T21:36:08Z Saw new cmpctblock header hash=61f2ced06ce7cbb7861e8c117dae430447e4809109821992e326af1479ea6e93 peer=1
2025-10-26T21:36:08Z UpdateTip: new best=61f2ced06ce7cbb7861e8c117dae430447e4809109821992e326af1479ea6e93 height=317 version=0x30000000 log2_work=9.312883 tx=1726 date='2025-10-26T21:36:09Z' progress=1.000000 cache=0.3MiB(841txo)
2025-10-26T21:36:08Z Saw new header hash=4437dd6bf91a45198801cab9e42b678ada2d9bb718da853ec0e3f9f0383b968e height=318
2025-10-26T21:36:08Z Saw new cmpctblock header hash=4437dd6bf91a45198801cab9e42b678ada2d9bb718da853ec0e3f9f0383b968e peer=0
2025-10-26T21:36:08Z UpdateTip: new best=4437dd6bf91a45198801cab9e42b678ada2d9bb718da853ec0e3f9f0383b968e height=318 version=0x30000000 log2_work=9.317413 tx=1727 date='2025-10-26T21:36:09Z' progress=1.000000 cache=0.3MiB(842txo)
2025-10-26T21:36:08Z Saw new header hash=47b76b0892e13349636a71a2b03449ffb15935bff185dd9c7b7707feb88ed1a4 height=319
2025-10-26T21:36:08Z Saw new header hash=546233ba47aa2aeb3a563a1020de47afa4e581b7dd0d7318745ff431c8ed2381 height=320
2025-10-26T21:36:08Z Saw new header hash=07f673e86ea051a6788460d9b11f7880a44c40f9c38e31d6c3f74c0d3daeba36 height=321
2025-10-26T21:36:08Z Saw new cmpctblock header hash=07f673e86ea051a6788460d9b11f7880a44c40f9c38e31d6c3f74c0d3daeba36 peer=1
2025-10-26T21:36:08Z Saw new header hash=05203a69177e44f646bebf526863d26c4ef356bc3ee546d32d13eaa11eba8fec height=322
2025-10-26T21:36:08Z Saw new cmpctblock header hash=05203a69177e44f646bebf526863d26c4ef356bc3ee546d32d13eaa11eba8fec peer=1
2025-10-26T21:36:08Z Saw new header hash=05f0da07da43578233d009309731af4595761b8e49c035cc74640ffd3d79fdf6 height=323
2025-10-26T21:36:08Z Saw new cmpctblock header hash=05f0da07da43578233d009309731af4595761b8e49c035cc74640ffd3d79fdf6 peer=0
2025-10-26T21:36:08Z UpdateTip: new best=47b76b0892e13349636a71a2b03449ffb15935bff185dd9c7b7707feb88ed1a4 height=319 version=0x30000000 log2_work=9.321928 tx=1728 date='2025-10-26T21:36:09Z' progress=1.000000 cache=0.3MiB(843txo)
2025-10-26T21:36:08Z Saw new header hash=5af443417134da867a4a04b13833e3799dd2e89dda5e4661141d477bc8fed566 height=324
2025-10-26T21:36:08Z Saw new cmpctblock header hash=5af443417134da867a4a04b13833e3799dd2e89dda5e4661141d477bc8fed566 peer=1
2025-10-26T21:36:08Z UpdateTip: new best=546233ba47aa2aeb3a563a1020de47afa4e581b7dd0d7318745ff431c8ed2381 height=320 version=0x30000000 log2_work=9.326429 tx=1729 date='2025-10-26T21:36:10Z' progress=1.000000 cache=0.3MiB(844txo)
2025-10-26T21:36:08Z UpdateTip: new best=07f673e86ea051a6788460d9b11f7880a44c40f9c38e31d6c3f74c0d3daeba36 height=321 version=0x30000000 log2_work=9.330917 tx=1730 date='2025-10-26T21:36:10Z' progress=1.000000 cache=0.3MiB(845txo)
2025-10-26T21:36:08Z Saw new header hash=726dc1e2a8fb327fdd8baa452316a6d116ca7b62d288049a612b3d632e4dc5f3 height=325
2025-10-26T21:36:08Z Saw new cmpctblock header hash=726dc1e2a8fb327fdd8baa452316a6d116ca7b62d288049a612b3d632e4dc5f3 peer=1
2025-10-26T21:36:08Z Saw new header hash=479a8cba7c6b346f2ebd3d90dffbfc5bad45ed9352b5d8e69519578d9b1417f4 height=326
2025-10-26T21:36:08Z Saw new cmpctblock header hash=479a8cba7c6b346f2ebd3d90dffbfc5bad45ed9352b5d8e69519578d9b1417f4 peer=1
2025-10-26T21:36:08Z UpdateTip: new best=05203a69177e44f646bebf526863d26c4ef356bc3ee546d32d13eaa11eba8fec height=322 version=0x30000000 log2_work=9.335390 tx=1731 date='2025-10-26T21:36:10Z' progress=1.000000 cache=0.3MiB(846txo)
2025-10-26T21:36:08Z Saw new header hash=26fbf8f3380b04e0de08a1bed602a55a866afab1cc46dc8f765089bf87cd0353 height=327
2025-10-26T21:36:08Z Saw new cmpctblock header hash=26fbf8f3380b04e0de08a1bed602a55a866afab1cc46dc8f765089bf87cd0353 peer=1
2025-10-26T21:36:08Z UpdateTip: new best=05f0da07da43578233d009309731af4595761b8e49c035cc74640ffd3d79fdf6 height=323 version=0x30000000 log2_work=9.339850 tx=1732 date='2025-10-26T21:36:10Z' progress=1.000000 cache=0.3MiB(847txo)
2025-10-26T21:36:08Z Saw new header hash=7f7d0fa2d977266ddd277e9ae7f5550a44075eba4d3b689679959eedb604ed92 height=328
2025-10-26T21:36:08Z Saw new cmpctblock header hash=7f7d0fa2d977266ddd277e9ae7f5550a44075eba4d3b689679959eedb604ed92 peer=1
2025-10-26T21:36:08Z UpdateTip: new best=5af443417134da867a4a04b13833e3799dd2e89dda5e4661141d477bc8fed566 height=324 version=0x30000000 log2_work=9.344296 tx=1733 date='2025-10-26T21:36:10Z' progress=1.000000 cache=0.3MiB(848txo)
2025-10-26T21:36:08Z UpdateTip: new best=726dc1e2a8fb327fdd8baa452316a6d116ca7b62d288049a612b3d632e4dc5f3 height=325 version=0x30000000 log2_work=9.348728 tx=1734 date='2025-10-26T21:36:10Z' progress=1.000000 cache=0.3MiB(849txo)
2025-10-26T21:36:08Z Saw new header hash=6cd4ab67dd9ebc8cec7b0bb899fb76b9bb9e71ed90df9e213ac31c123421fa86 height=329
2025-10-26T21:36:08Z Saw new cmpctblock header hash=6cd4ab67dd9ebc8cec7b0bb899fb76b9bb9e71ed90df9e213ac31c123421fa86 peer=0
2025-10-26T21:36:08Z UpdateTip: new best=479a8cba7c6b346f2ebd3d90dffbfc5bad45ed9352b5d8e69519578d9b1417f4 height=326 version=0x30000000 log2_work=9.353147 tx=1735 date='2025-10-26T21:36:11Z' progress=1.000000 cache=0.3MiB(850txo)
2025-10-26T21:36:08Z UpdateTip: new best=26fbf8f3380b04e0de08a1bed602a55a866afab1cc46dc8f765089bf87cd0353 height=327 version=0x30000000 log2_work=9.357552 tx=1736 date='2025-10-26T21:36:11Z' progress=1.000000 cache=0.3MiB(851txo)
2025-10-26T21:36:08Z Saw new header hash=2a90c1150b0f53e6d659806ce041c5e9ce59fd360161d763ae9685a24f5282bc height=330
2025-10-26T21:36:08Z Saw new cmpctblock header hash=2a90c1150b0f53e6d659806ce041c5e9ce59fd360161d763ae9685a24f5282bc peer=0
2025-10-26T21:36:08Z UpdateTip: new best=7f7d0fa2d977266ddd277e9ae7f5550a44075eba4d3b689679959eedb604ed92 height=328 version=0x30000000 log2_work=9.361944 tx=1737 date='2025-10-26T21:36:11Z' progress=1.000000 cache=0.3MiB(852txo)
2025-10-26T21:36:08Z UpdateTip: new best=6cd4ab67dd9ebc8cec7b0bb899fb76b9bb9e71ed90df9e213ac31c123421fa86 height=329 version=0x30000000 log2_work=9.366322 tx=1738 date='2025-10-26T21:36:11Z' progress=1.000000 cache=0.3MiB(853txo)
2025-10-26T21:36:08Z Saw new header hash=7413c629451e883a7e6c967be133b49fc7700406e140b71f9b87f3ce33d30d68 height=331
2025-10-26T21:36:08Z Saw new cmpctblock header hash=7413c629451e883a7e6c967be133b49fc7700406e140b71f9b87f3ce33d30d68 peer=0
2025-10-26T21:36:08Z UpdateTip: new best=2a90c1150b0f53e6d659806ce041c5e9ce59fd360161d763ae9685a24f5282bc height=330 version=0x30000000 log2_work=9.370687 tx=1739 date='2025-10-26T21:36:11Z' progress=1.000000 cache=0.3MiB(854txo)
2025-10-26T21:36:08Z UpdateTip: new best=7413c629451e883a7e6c967be133b49fc7700406e140b71f9b87f3ce33d30d68 height=331 version=0x30000000 log2_work=9.375039 tx=1740 date='2025-10-26T21:36:11Z' progress=1.000000 cache=0.3MiB(855txo)
2025-10-26T21:36:08Z Saw new header hash=13b146b4bbef6d0ab405c395a14b58c6cf7a094883ef52f714fe27df1e5b7734 height=332
2025-10-26T21:36:08Z Saw new cmpctblock header hash=13b146b4bbef6d0ab405c395a14b58c6cf7a094883ef52f714fe27df1e5b7734 peer=0
2025-10-26T21:36:08Z UpdateTip: new best=13b146b4bbef6d0ab405c395a14b58c6cf7a094883ef52f714fe27df1e5b7734 height=332 version=0x30000000 log2_work=9.379378 tx=1741 date='2025-10-26T21:36:12Z' progress=1.000000 cache=0.3MiB(856txo)
2025-10-26T21:36:08Z Saw new header hash=2c4a57caa3e4bb85ee193091d44b7c2498531bb584a9a4e4f5bae858db73c67b height=333
2025-10-26T21:36:08Z Saw new cmpctblock header hash=2c4a57caa3e4bb85ee193091d44b7c2498531bb584a9a4e4f5bae858db73c67b peer=0
2025-10-26T21:36:08Z UpdateTip: new best=2c4a57caa3e4bb85ee193091d44b7c2498531bb584a9a4e4f5bae858db73c67b height=333 version=0x30000000 log2_work=9.383704 tx=1742 date='2025-10-26T21:36:12Z' progress=1.000000 cache=0.3MiB(857txo)
2025-10-26T21:36:08Z Saw new header hash=62fe5fabb00e80a7ef28e9bfe113ac3761d9d935d0654a34f595f23edb999246 height=334
2025-10-26T21:36:08Z Saw new cmpctblock header hash=62fe5fabb00e80a7ef28e9bfe113ac3761d9d935d0654a34f595f23edb999246 peer=1
2025-10-26T21:36:09Z UpdateTip: new best=62fe5fabb00e80a7ef28e9bfe113ac3761d9d935d0654a34f595f23edb999246 height=334 version=0x30000000 log2_work=9.388017 tx=1743 date='2025-10-26T21:36:12Z' progress=1.000000 cache=0.3MiB(858txo)
2025-10-26T21:36:09Z Saw new header hash=118e718443f450fc206c5108f79d39d9e73eeaa14dbf64f74a4c10736177a2e7 height=335
2025-10-26T21:36:09Z Saw new cmpctblock header hash=118e718443f450fc206c5108f79d39d9e73eeaa14dbf64f74a4c10736177a2e7 peer=1
2025-10-26T21:36:09Z UpdateTip: new best=118e718443f450fc206c5108f79d39d9e73eeaa14dbf64f74a4c10736177a2e7 height=335 version=0x30000000 log2_work=9.392317 tx=1744 date='2025-10-26T21:36:12Z' progress=1.000000 cache=0.3MiB(859txo)
2025-10-26T21:36:09Z Saw new header hash=504f56396fb0a9ebbb14ea97f34875623b5f86fde27b9bdf72718a78e769df4e height=336
2025-10-26T21:36:09Z Saw new cmpctblock header hash=504f56396fb0a9ebbb14ea97f34875623b5f86fde27b9bdf72718a78e769df4e peer=1
2025-10-26T21:36:09Z UpdateTip: new best=504f56396fb0a9ebbb14ea97f34875623b5f86fde27b9bdf72718a78e769df4e height=336 version=0x30000000 log2_work=9.396605 tx=1745 date='2025-10-26T21:36:12Z' progress=1.000000 cache=0.3MiB(860txo)
2025-10-26T21:36:09Z Saw new header hash=3f3b0bf5f51eb58377bf8037b185b3dfdb31dd83f048094343ccdf9f28ed0faf height=337
2025-10-26T21:36:09Z Saw new cmpctblock header hash=3f3b0bf5f51eb58377bf8037b185b3dfdb31dd83f048094343ccdf9f28ed0faf peer=0
2025-10-26T21:36:09Z UpdateTip: new best=3f3b0bf5f51eb58377bf8037b185b3dfdb31dd83f048094343ccdf9f28ed0faf height=337 version=0x30000000 log2_work=9.400879 tx=1746 date='2025-10-26T21:36:12Z' progress=1.000000 cache=0.3MiB(861txo)
2025-10-26T21:36:09Z Saw new header hash=1aebe9dd499145c3506c6bf60debca96e22b6f472f562285a6694e9403d33b9e height=338
2025-10-26T21:36:09Z Saw new cmpctblock header hash=1aebe9dd499145c3506c6bf60debca96e22b6f472f562285a6694e9403d33b9e peer=0
2025-10-26T21:36:09Z UpdateTip: new best=1aebe9dd499145c3506c6bf60debca96e22b6f472f562285a6694e9403d33b9e height=338 version=0x30000000 log2_work=9.405141 tx=1747 date='2025-10-26T21:36:13Z' progress=1.000000 cache=0.3MiB(862txo)
2025-10-26T21:36:09Z Saw new header hash=0021f5b5df78ba593b8c47dcc336d017fe920cd10c8a094b9c3a9f1acb897355 height=339
2025-10-26T21:36:09Z Saw new cmpctblock header hash=0021f5b5df78ba593b8c47dcc336d017fe920cd10c8a094b9c3a9f1acb897355 peer=1
2025-10-26T21:36:09Z UpdateTip: new best=0021f5b5df78ba593b8c47dcc336d017fe920cd10c8a094b9c3a9f1acb897355 height=339 version=0x30000000 log2_work=9.409391 tx=1748 date='2025-10-26T21:36:13Z' progress=1.000000 cache=0.3MiB(863txo)
2025-10-26T21:36:09Z Saw new header hash=134d6a132b7fe5ae1a385f88c15216d63cc359f40bacc105cbf4bad02de43ec6 height=340
2025-10-26T21:36:09Z Saw new cmpctblock header hash=134d6a132b7fe5ae1a385f88c15216d63cc359f40bacc105cbf4bad02de43ec6 peer=0
2025-10-26T21:36:09Z UpdateTip: new best=134d6a132b7fe5ae1a385f88c15216d63cc359f40bacc105cbf4bad02de43ec6 height=340 version=0x30000000 log2_work=9.413628 tx=1749 date='2025-10-26T21:36:13Z' progress=1.000000 cache=0.3MiB(864txo)
2025-10-26T21:36:09Z Saw new header hash=56f0409cf040088d806e16ef8f1101f2db652fbb40d205642bbe6876500fb120 height=341
2025-10-26T21:36:09Z Saw new cmpctblock header hash=56f0409cf040088d806e16ef8f1101f2db652fbb40d205642bbe6876500fb120 peer=0
2025-10-26T21:36:09Z UpdateTip: new best=56f0409cf040088d806e16ef8f1101f2db652fbb40d205642bbe6876500fb120 height=341 version=0x30000000 log2_work=9.417853 tx=1750 date='2025-10-26T21:36:13Z' progress=1.000000 cache=0.3MiB(865txo)
2025-10-26T21:36:09Z Saw new header hash=6790b7f7abb6f9b5c9ff482fa2b54ffba04ae892dcb8445431ccaf7a09af244b height=342
2025-10-26T21:36:09Z Saw new header hash=583944da81fa84e00b063f767793366088ec0731ab1ca354eb896970edf21146 height=343
2025-10-26T21:36:09Z Saw new header hash=4bfd09f49151ac2cd3f5bf9fd34891f3d90e9e753bc86e6414dfa117c01f5ce2 height=344
2025-10-26T21:36:09Z Saw new cmpctblock header hash=4bfd09f49151ac2cd3f5bf9fd34891f3d90e9e753bc86e6414dfa117c01f5ce2 peer=1
2025-10-26T21:36:09Z Saw new header hash=3bb9d69d98d56c53fd7cee754d19a99f66e5865ba3f03b21f37d8fc04b5aba71 height=345
2025-10-26T21:36:09Z Saw new cmpctblock header hash=3bb9d69d98d56c53fd7cee754d19a99f66e5865ba3f03b21f37d8fc04b5aba71 peer=0
2025-10-26T21:36:09Z Saw new header hash=35f09cdee8eda86df979e938d33a14ce7fd4881a6158ff841cd03474ee11c780 height=346
2025-10-26T21:36:09Z Saw new cmpctblock header hash=35f09cdee8eda86df979e938d33a14ce7fd4881a6158ff841cd03474ee11c780 peer=0
2025-10-26T21:36:09Z UpdateTip: new best=6790b7f7abb6f9b5c9ff482fa2b54ffba04ae892dcb8445431ccaf7a09af244b height=342 version=0x30000000 log2_work=9.422065 tx=1751 date='2025-10-26T21:36:13Z' progress=1.000000 cache=0.3MiB(866txo)
2025-10-26T21:36:09Z UpdateTip: new best=583944da81fa84e00b063f767793366088ec0731ab1ca354eb896970edf21146 height=343 version=0x30000000 log2_work=9.426265 tx=1752 date='2025-10-26T21:36:13Z' progress=1.000000 cache=0.3MiB(867txo)
2025-10-26T21:36:09Z UpdateTip: new best=4bfd09f49151ac2cd3f5bf9fd34891f3d90e9e753bc86e6414dfa117c01f5ce2 height=344 version=0x30000000 log2_work=9.430453 tx=1753 date='2025-10-26T21:36:14Z' progress=1.000000 cache=0.3MiB(868txo)
2025-10-26T21:36:09Z UpdateTip: new best=3bb9d69d98d56c53fd7cee754d19a99f66e5865ba3f03b21f37d8fc04b5aba71 height=345 version=0x30000000 log2_work=9.434628 tx=1754 date='2025-10-26T21:36:14Z' progress=1.000000 cache=0.3MiB(869txo)
2025-10-26T21:36:09Z UpdateTip: new best=35f09cdee8eda86df979e938d33a14ce7fd4881a6158ff841cd03474ee11c780 height=346 version=0x30000000 log2_work=9.438792 tx=1755 date='2025-10-26T21:36:14Z' progress=1.000000 cache=0.3MiB(870txo)
2025-10-26T21:36:09Z Saw new header hash=219978a786792bf34be7f56307826ffc0083ee048449e20d07b4d897a025eea2 height=347
2025-10-26T21:36:09Z Saw new cmpctblock header hash=219978a786792bf34be7f56307826ffc0083ee048449e20d07b4d897a025eea2 peer=1
2025-10-26T21:36:09Z UpdateTip: new best=219978a786792bf34be7f56307826ffc0083ee048449e20d07b4d897a025eea2 height=347 version=0x30000000 log2_work=9.442943 tx=1756 date='2025-10-26T21:36:14Z' progress=1.000000 cache=0.3MiB(871txo)
2025-10-26T21:36:09Z Saw new header hash=7789ab0387590407b09cf1bd4eb287c517a8e04012d9245399a1ac513fd6ef67 height=348
2025-10-26T21:36:09Z Saw new cmpctblock header hash=7789ab0387590407b09cf1bd4eb287c517a8e04012d9245399a1ac513fd6ef67 peer=1
2025-10-26T21:36:09Z UpdateTip: new best=7789ab0387590407b09cf1bd4eb287c517a8e04012d9245399a1ac513fd6ef67 height=348 version=0x30000000 log2_work=9.447083 tx=1757 date='2025-10-26T21:36:14Z' progress=1.000000 cache=0.3MiB(872txo)
2025-10-26T21:36:09Z Saw new header hash=670e92daf8e2d4a5fca65fa3c55180a51736799dec3b4c2fe4536bd6e69c1872 height=349
2025-10-26T21:36:09Z Saw new cmpctblock header hash=670e92daf8e2d4a5fca65fa3c55180a51736799dec3b4c2fe4536bd6e69c1872 peer=0
2025-10-26T21:36:09Z UpdateTip: new best=670e92daf8e2d4a5fca65fa3c55180a51736799dec3b4c2fe4536bd6e69c1872 height=349 version=0x30000000 log2_work=9.451211 tx=1758 date='2025-10-26T21:36:14Z' progress=1.000000 cache=0.3MiB(873txo)
2025-10-26T21:36:09Z Saw new header hash=4ae32fea6a25de38bd0d1182135f05de682916e0f4701eefab1cf2cb223bcd8d height=350
2025-10-26T21:36:09Z Saw new cmpctblock header hash=4ae32fea6a25de38bd0d1182135f05de682916e0f4701eefab1cf2cb223bcd8d peer=0
2025-10-26T21:36:09Z UpdateTip: new best=4ae32fea6a25de38bd0d1182135f05de682916e0f4701eefab1cf2cb223bcd8d height=350 version=0x30000000 log2_work=9.455327 tx=1759 date='2025-10-26T21:36:15Z' progress=1.000000 cache=0.3MiB(874txo)
2025-10-26T21:36:09Z Saw new header hash=4cc4562c5e4d33712262fa3ef446aa40db6262acb75a6e51856355d66bcd09ac height=351
2025-10-26T21:36:09Z Saw new cmpctblock header hash=4cc4562c5e4d33712262fa3ef446aa40db6262acb75a6e51856355d66bcd09ac peer=1
2025-10-26T21:36:09Z UpdateTip: new best=4cc4562c5e4d33712262fa3ef446aa40db6262acb75a6e51856355d66bcd09ac height=351 version=0x30000000 log2_work=9.459432 tx=1760 date='2025-10-26T21:36:15Z' progress=1.000000 cache=0.3MiB(875txo)
2025-10-26T21:36:09Z Saw new header hash=2289e7a1007d874dc6c230b1422f51eb3135aa5f5ca3e065faca5bd4cc58fbc4 height=352
2025-10-26T21:36:09Z Saw new cmpctblock header hash=2289e7a1007d874dc6c230b1422f51eb3135aa5f5ca3e065faca5bd4cc58fbc4 peer=1
2025-10-26T21:36:09Z UpdateTip: new best=2289e7a1007d874dc6c230b1422f51eb3135aa5f5ca3e065faca5bd4cc58fbc4 height=352 version=0x30000000 log2_work=9.463524 tx=1761 date='2025-10-26T21:36:15Z' progress=1.000000 cache=0.3MiB(876txo)
2025-10-26T21:36:09Z Saw new header hash=76f39de0d45dccfef88d02395d96f834976a194250f79625dd5ecddcada76942 height=353
2025-10-26T21:36:09Z Saw new cmpctblock header hash=76f39de0d45dccfef88d02395d96f834976a194250f79625dd5ecddcada76942 peer=0
2025-10-26T21:36:09Z UpdateTip: new best=76f39de0d45dccfef88d02395d96f834976a194250f79625dd5ecddcada76942 height=353 version=0x30000000 log2_work=9.467606 tx=1762 date='2025-10-26T21:36:15Z' progress=1.000000 cache=0.3MiB(877txo)
2025-10-26T21:36:09Z Saw new header hash=1ffb86d87dfd4316fedd6a0286b8c9203d5c4988f019527ec096e102c4f7934c height=354
2025-10-26T21:36:09Z Saw new header hash=3df7ac998381ecc7f42f4c8ac6efbc7b7c757e9403d655cda000bfe54bd2cffa height=355
2025-10-26T21:36:09Z Saw new header hash=1f3414b0f84de45968d72e375caf5d27f04046d2d2065c2933a81f8c7c1894ff height=356
2025-10-26T21:36:09Z Saw new header hash=693b3700385a01476fc9c917c1a7376748600a6b9c61788db721496a28397e62 height=357
2025-10-26T21:36:09Z Saw new header hash=7dd4c0da2a053da49b7efd18b166c71b31ede84f631d5a3b687a38dd6134cc71 height=358
2025-10-26T21:36:09Z Saw new header hash=18e057db90addea42656ccea24de6f1c80b8159f9f9e71e2b26aceb11bb8e1d1 height=359
2025-10-26T21:36:09Z Saw new cmpctblock header hash=18e057db90addea42656ccea24de6f1c80b8159f9f9e71e2b26aceb11bb8e1d1 peer=0
2025-10-26T21:36:09Z Saw new header hash=1e1d6be2502e2c414a674752071ee00c704dbbe8974919ea5bc09f8e83c20383 height=360
2025-10-26T21:36:09Z Saw new cmpctblock header hash=1e1d6be2502e2c414a674752071ee00c704dbbe8974919ea5bc09f8e83c20383 peer=0
2025-10-26T21:36:09Z Saw new header hash=16c8222d3d2eb706a46a82fd79329ac7d15d2d4b5fbbce192758fd8e10d37410 height=361
2025-10-26T21:36:09Z Saw new cmpctblock header hash=16c8222d3d2eb706a46a82fd79329ac7d15d2d4b5fbbce192758fd8e10d37410 peer=1
2025-10-26T21:36:09Z Saw new header hash=5807c69ff69ee0a081103e4d77cffe1761f5f5a49514bbe46a8c8fe1e6eca320 height=362
2025-10-26T21:36:09Z Saw new cmpctblock header hash=5807c69ff69ee0a081103e4d77cffe1761f5f5a49514bbe46a8c8fe1e6eca320 peer=1
2025-10-26T21:36:09Z Saw new header hash=40083f7a58be8a098c3b37c8b1afa70f27b6649034b514f6d859d028104de307 height=363
2025-10-26T21:36:09Z Saw new cmpctblock header hash=40083f7a58be8a098c3b37c8b1afa70f27b6649034b514f6d859d028104de307 peer=1
2025-10-26T21:36:09Z Saw new header hash=397c3a0a9561f0919dfd09d138ba839e6a4f674887538b1906087abded52f7f7 height=364
2025-10-26T21:36:09Z Saw new cmpctblock header hash=397c3a0a9561f0919dfd09d138ba839e6a4f674887538b1906087abded52f7f7 peer=1
2025-10-26T21:36:09Z UpdateTip: new best=1ffb86d87dfd4316fedd6a0286b8c9203d5c4988f019527ec096e102c4f7934c height=354 version=0x30000000 log2_work=9.471675 tx=1763 date='2025-10-26T21:36:15Z' progress=1.000000 cache=0.3MiB(878txo)
2025-10-26T21:36:09Z UpdateTip: new best=3df7ac998381ecc7f42f4c8ac6efbc7b7c757e9403d655cda000bfe54bd2cffa height=355 version=0x30000000 log2_work=9.475733 tx=1764 date='2025-10-26T21:36:15Z' progress=1.000000 cache=0.3MiB(879txo)
2025-10-26T21:36:09Z UpdateTip: new best=1f3414b0f84de45968d72e375caf5d27f04046d2d2065c2933a81f8c7c1894ff height=356 version=0x30000000 log2_work=9.479780 tx=1765 date='2025-10-26T21:36:16Z' progress=1.000000 cache=0.3MiB(880txo)
2025-10-26T21:36:09Z UpdateTip: new best=693b3700385a01476fc9c917c1a7376748600a6b9c61788db721496a28397e62 height=357 version=0x30000000 log2_work=9.483816 tx=1766 date='2025-10-26T21:36:16Z' progress=1.000000 cache=0.3MiB(881txo)
2025-10-26T21:36:09Z UpdateTip: new best=7dd4c0da2a053da49b7efd18b166c71b31ede84f631d5a3b687a38dd6134cc71 height=358 version=0x30000000 log2_work=9.487840 tx=1767 date='2025-10-26T21:36:16Z' progress=1.000000 cache=0.3MiB(882txo)
2025-10-26T21:36:09Z UpdateTip: new best=18e057db90addea42656ccea24de6f1c80b8159f9f9e71e2b26aceb11bb8e1d1 height=359 version=0x30000000 log2_work=9.491853 tx=1768 date='2025-10-26T21:36:16Z' progress=1.000000 cache=0.3MiB(883txo)
2025-10-26T21:36:09Z UpdateTip: new best=1e1d6be2502e2c414a674752071ee00c704dbbe8974919ea5bc09f8e83c20383 height=360 version=0x30000000 log2_work=9.495855 tx=1769 date='2025-10-26T21:36:16Z' progress=1.000000 cache=0.3MiB(884txo)
2025-10-26T21:36:09Z UpdateTip: new best=16c8222d3d2eb706a46a82fd79329ac7d15d2d4b5fbbce192758fd8e10d37410 height=361 version=0x30000000 log2_work=9.499846 tx=1770 date='2025-10-26T21:36:16Z' progress=1.000000 cache=0.3MiB(885txo)
2025-10-26T21:36:09Z UpdateTip: new best=5807c69ff69ee0a081103e4d77cffe1761f5f5a49514bbe46a8c8fe1e6eca320 height=362 version=0x30000000 log2_work=9.503826 tx=1771 date='2025-10-26T21:36:17Z' progress=1.000000 cache=0.3MiB(886txo)
2025-10-26T21:36:09Z UpdateTip: new best=40083f7a58be8a098c3b37c8b1afa70f27b6649034b514f6d859d028104de307 height=363 version=0x30000000 log2_work=9.507795 tx=1772 date='2025-10-26T21:36:17Z' progress=1.000000 cache=0.3MiB(887txo)
2025-10-26T21:36:09Z Saw new header hash=02a4b63934ad6ffae49eeee2d7df2c7d2d4525289f16b55599e702e98be46b77 height=365
2025-10-26T21:36:09Z Saw new cmpctblock header hash=02a4b63934ad6ffae49eeee2d7df2c7d2d4525289f16b55599e702e98be46b77 peer=1
2025-10-26T21:36:09Z UpdateTip: new best=397c3a0a9561f0919dfd09d138ba839e6a4f674887538b1906087abded52f7f7 height=364 version=0x30000000 log2_work=9.511753 tx=1773 date='2025-10-26T21:36:17Z' progress=1.000000 cache=0.3MiB(888txo)
2025-10-26T21:36:09Z UpdateTip: new best=02a4b63934ad6ffae49eeee2d7df2c7d2d4525289f16b55599e702e98be46b77 height=365 version=0x30000000 log2_work=9.515700 tx=1774 date='2025-10-26T21:36:17Z' progress=1.000000 cache=0.3MiB(889txo)
2025-10-26T21:36:09Z Saw new header hash=45b871ddca0d0f084b00a506b2b4bdfa9e40673489f4601fde7261d44787ae64 height=366
2025-10-26T21:36:09Z Saw new cmpctblock header hash=45b871ddca0d0f084b00a506b2b4bdfa9e40673489f4601fde7261d44787ae64 peer=0
2025-10-26T21:36:09Z UpdateTip: new best=45b871ddca0d0f084b00a506b2b4bdfa9e40673489f4601fde7261d44787ae64 height=366 version=0x30000000 log2_work=9.519636 tx=1775 date='2025-10-26T21:36:17Z' progress=1.000000 cache=0.3MiB(890txo)
2025-10-26T21:36:09Z Saw new header hash=1b02f9b2b438a0d1f8867343f3a433d46eb8c38d132e2048ecc6468b1842326e height=367
2025-10-26T21:36:09Z Saw new cmpctblock header hash=1b02f9b2b438a0d1f8867343f3a433d46eb8c38d132e2048ecc6468b1842326e peer=0
2025-10-26T21:36:09Z UpdateTip: new best=1b02f9b2b438a0d1f8867343f3a433d46eb8c38d132e2048ecc6468b1842326e height=367 version=0x30000000 log2_work=9.523562 tx=1776 date='2025-10-26T21:36:17Z' progress=1.000000 cache=0.3MiB(891txo)
2025-10-26T21:36:09Z Saw new header hash=242bda7ce7be0cb8914aceba2aa0e149ccafe47c8e0c499e5634cf0ef307761a height=368
2025-10-26T21:36:09Z Saw new cmpctblock header hash=242bda7ce7be0cb8914aceba2aa0e149ccafe47c8e0c499e5634cf0ef307761a peer=0
2025-10-26T21:36:09Z UpdateTip: new best=242bda7ce7be0cb8914aceba2aa0e149ccafe47c8e0c499e5634cf0ef307761a height=368 version=0x30000000 log2_work=9.527477 tx=1777 date='2025-10-26T21:36:18Z' progress=1.000000 cache=0.3MiB(892txo)
2025-10-26T21:36:09Z Saw new header hash=238d087c179e7ee15b8b8e829b1545eda070fb3ba58854588abdad5369af7e1e height=369
2025-10-26T21:36:09Z Saw new cmpctblock header hash=238d087c179e7ee15b8b8e829b1545eda070fb3ba58854588abdad5369af7e1e peer=0
2025-10-26T21:36:09Z UpdateTip: new best=238d087c179e7ee15b8b8e829b1545eda070fb3ba58854588abdad5369af7e1e height=369 version=0x30000000 log2_work=9.531381 tx=1778 date='2025-10-26T21:36:18Z' progress=1.000000 cache=0.3MiB(893txo)
2025-10-26T21:36:09Z Saw new header hash=60948decc758390cafa6fabc8507a8cd0851d6df5739136a926b3af2c14a716a height=370
2025-10-26T21:36:09Z Saw new cmpctblock header hash=60948decc758390cafa6fabc8507a8cd0851d6df5739136a926b3af2c14a716a peer=0
2025-10-26T21:36:09Z UpdateTip: new best=60948decc758390cafa6fabc8507a8cd0851d6df5739136a926b3af2c14a716a height=370 version=0x30000000 log2_work=9.535275 tx=1779 date='2025-10-26T21:36:18Z' progress=1.000000 cache=0.3MiB(894txo)
2025-10-26T21:36:09Z Saw new header hash=1f168a2e0e2d92101bcd456252eecd2421a37b6379ba7d2ccedad50ccc0209cd height=371
2025-10-26T21:36:09Z Saw new cmpctblock header hash=1f168a2e0e2d92101bcd456252eecd2421a37b6379ba7d2ccedad50ccc0209cd peer=0
2025-10-26T21:36:09Z UpdateTip: new best=1f168a2e0e2d92101bcd456252eecd2421a37b6379ba7d2ccedad50ccc0209cd height=371 version=0x30000000 log2_work=9.539159 tx=1780 date='2025-10-26T21:36:18Z' progress=1.000000 cache=0.3MiB(895txo)
2025-10-26T21:36:09Z Saw new header hash=09b97f321f6beedad2e6fb2ef93da6390371031e406b776a06fcf65667656b22 height=372
2025-10-26T21:36:09Z Saw new cmpctblock header hash=09b97f321f6beedad2e6fb2ef93da6390371031e406b776a06fcf65667656b22 peer=0
2025-10-26T21:36:09Z UpdateTip: new best=09b97f321f6beedad2e6fb2ef93da6390371031e406b776a06fcf65667656b22 height=372 version=0x30000000 log2_work=9.543032 tx=1781 date='2025-10-26T21:36:18Z' progress=1.000000 cache=0.3MiB(896txo)
2025-10-26T21:36:09Z Saw new header hash=01b8f74b45f81c04ad902bed1aa044b1a06671ce6596f1e23120d0dc6f1e1c27 height=373
2025-10-26T21:36:09Z Saw new cmpctblock header hash=01b8f74b45f81c04ad902bed1aa044b1a06671ce6596f1e23120d0dc6f1e1c27 peer=0
2025-10-26T21:36:09Z UpdateTip: new best=01b8f74b45f81c04ad902bed1aa044b1a06671ce6596f1e23120d0dc6f1e1c27 height=373 version=0x30000000 log2_work=9.546894 tx=1782 date='2025-10-26T21:36:18Z' progress=1.000000 cache=0.3MiB(897txo)
2025-10-26T21:36:09Z Saw new header hash=7535826e3b925561c033b0834a66502dc1c2568ebd37bd385d4c46f4ff82b704 height=374
2025-10-26T21:36:09Z Saw new cmpctblock header hash=7535826e3b925561c033b0834a66502dc1c2568ebd37bd385d4c46f4ff82b704 peer=0
2025-10-26T21:36:09Z UpdateTip: new best=7535826e3b925561c033b0834a66502dc1c2568ebd37bd385d4c46f4ff82b704 height=374 version=0x30000000 log2_work=9.550747 tx=1783 date='2025-10-26T21:36:19Z' progress=1.000000 cache=0.3MiB(898txo)
2025-10-26T21:36:09Z Saw new header hash=30b3b9c76898902849af91074b0f33963942daec6eb0455922c95fab18f7ab95 height=375
2025-10-26T21:36:09Z Saw new cmpctblock header hash=30b3b9c76898902849af91074b0f33963942daec6eb0455922c95fab18f7ab95 peer=1
2025-10-26T21:36:09Z UpdateTip: new best=30b3b9c76898902849af91074b0f33963942daec6eb0455922c95fab18f7ab95 height=375 version=0x30000000 log2_work=9.554589 tx=1784 date='2025-10-26T21:36:19Z' progress=1.000000 cache=0.3MiB(899txo)
2025-10-26T21:36:09Z Saw new header hash=08cee014bb36c5a9e2c96c9b5afb799bf554ade625e881a8d78163bb9ec17ab7 height=376
2025-10-26T21:36:09Z Saw new cmpctblock header hash=08cee014bb36c5a9e2c96c9b5afb799bf554ade625e881a8d78163bb9ec17ab7 peer=0
2025-10-26T21:36:09Z UpdateTip: new best=08cee014bb36c5a9e2c96c9b5afb799bf554ade625e881a8d78163bb9ec17ab7 height=376 version=0x30000000 log2_work=9.558421 tx=1785 date='2025-10-26T21:36:19Z' progress=1.000000 cache=0.3MiB(900txo)
2025-10-26T21:36:09Z Saw new header hash=1df3b04ce74d7a968f135741d17b8f344a4856bdb6e5e9d5565aa1ba659efb63 height=377
2025-10-26T21:36:09Z Saw new cmpctblock header hash=1df3b04ce74d7a968f135741d17b8f344a4856bdb6e5e9d5565aa1ba659efb63 peer=0
2025-10-26T21:36:09Z UpdateTip: new best=1df3b04ce74d7a968f135741d17b8f344a4856bdb6e5e9d5565aa1ba659efb63 height=377 version=0x30000000 log2_work=9.562242 tx=1786 date='2025-10-26T21:36:19Z' progress=1.000000 cache=0.3MiB(901txo)
2025-10-26T21:36:09Z Saw new header hash=5ea1d5a48481a39d16587dc260734d807d1501d2f0a38eda06a50d8e95e07485 height=378
2025-10-26T21:36:09Z Saw new cmpctblock header hash=5ea1d5a48481a39d16587dc260734d807d1501d2f0a38eda06a50d8e95e07485 peer=0
2025-10-26T21:36:09Z UpdateTip: new best=5ea1d5a48481a39d16587dc260734d807d1501d2f0a38eda06a50d8e95e07485 height=378 version=0x30000000 log2_work=9.566054 tx=1787 date='2025-10-26T21:36:19Z' progress=1.000000 cache=0.3MiB(902txo)
2025-10-26T21:36:09Z Saw new header hash=14c47d9117f2d16411fd530443ca9e9f67ed25cbeb556aa6a168278ec744b9c5 height=379
2025-10-26T21:36:09Z Saw new cmpctblock header hash=14c47d9117f2d16411fd530443ca9e9f67ed25cbeb556aa6a168278ec744b9c5 peer=1
2025-10-26T21:36:09Z UpdateTip: new best=14c47d9117f2d16411fd530443ca9e9f67ed25cbeb556aa6a168278ec744b9c5 height=379 version=0x30000000 log2_work=9.569856 tx=1788 date='2025-10-26T21:36:19Z' progress=1.000000 cache=0.3MiB(903txo)
2025-10-26T21:36:09Z Saw new header hash=7bce7ab5ef586cc535f536ffda0b293d71502ec0923ed1bf1ac6c0d63667ddb2 height=380
2025-10-26T21:36:09Z Saw new cmpctblock header hash=7bce7ab5ef586cc535f536ffda0b293d71502ec0923ed1bf1ac6c0d63667ddb2 peer=1
2025-10-26T21:36:09Z UpdateTip: new best=7bce7ab5ef586cc535f536ffda0b293d71502ec0923ed1bf1ac6c0d63667ddb2 height=380 version=0x30000000 log2_work=9.573647 tx=1789 date='2025-10-26T21:36:20Z' progress=1.000000 cache=0.3MiB(904txo)
2025-10-26T21:36:09Z Saw new header hash=5f8fbe298ae0cfc11d1869fefd8c52c9bfabeb4de24c14a0e667dda7d98618d2 height=381
2025-10-26T21:36:09Z Saw new cmpctblock header hash=5f8fbe298ae0cfc11d1869fefd8c52c9bfabeb4de24c14a0e667dda7d98618d2 peer=1
2025-10-26T21:36:09Z UpdateTip: new best=5f8fbe298ae0cfc11d1869fefd8c52c9bfabeb4de24c14a0e667dda7d98618d2 height=381 version=0x30000000 log2_work=9.577429 tx=1790 date='2025-10-26T21:36:20Z' progress=1.000000 cache=0.3MiB(905txo)
2025-10-26T21:36:09Z Saw new header hash=0e3c1b82d054a9a45ec6aaceaaf3b180953489fbcaf1477b2e5c15925788351b height=382
2025-10-26T21:36:09Z Saw new cmpctblock header hash=0e3c1b82d054a9a45ec6aaceaaf3b180953489fbcaf1477b2e5c15925788351b peer=1
2025-10-26T21:36:09Z UpdateTip: new best=0e3c1b82d054a9a45ec6aaceaaf3b180953489fbcaf1477b2e5c15925788351b height=382 version=0x30000000 log2_work=9.581201 tx=1791 date='2025-10-26T21:36:20Z' progress=1.000000 cache=0.3MiB(906txo)
2025-10-26T21:36:09Z Saw new header hash=12290e46d0abee0827f74063113ba1630626401f9a0b8e2fef1124ddd979d5e4 height=383
2025-10-26T21:36:09Z Saw new cmpctblock header hash=12290e46d0abee0827f74063113ba1630626401f9a0b8e2fef1124ddd979d5e4 peer=0
2025-10-26T21:36:09Z UpdateTip: new best=12290e46d0abee0827f74063113ba1630626401f9a0b8e2fef1124ddd979d5e4 height=383 version=0x30000000 log2_work=9.584963 tx=1792 date='2025-10-26T21:36:20Z' progress=1.000000 cache=0.3MiB(907txo)
2025-10-26T21:36:09Z Saw new header hash=36265535d047a2ceaf09c73e264b01d1eaf45e5b52e04b6ea899047da59f9c8c height=384
2025-10-26T21:36:09Z Saw new cmpctblock header hash=36265535d047a2ceaf09c73e264b01d1eaf45e5b52e04b6ea899047da59f9c8c peer=1
2025-10-26T21:36:09Z UpdateTip: new best=36265535d047a2ceaf09c73e264b01d1eaf45e5b52e04b6ea899047da59f9c8c height=384 version=0x30000000 log2_work=9.588715 tx=1793 date='2025-10-26T21:36:20Z' progress=1.000000 cache=0.3MiB(908txo)
2025-10-26T21:36:09Z Saw new header hash=2807cadc7d47000eaac0ba76f15646116ecd7365c1b4b807048afd808d145826 height=385
2025-10-26T21:36:09Z Saw new cmpctblock header hash=2807cadc7d47000eaac0ba76f15646116ecd7365c1b4b807048afd808d145826 peer=1
2025-10-26T21:36:09Z UpdateTip: new best=2807cadc7d47000eaac0ba76f15646116ecd7365c1b4b807048afd808d145826 height=385 version=0x30000000 log2_work=9.592457 tx=1794 date='2025-10-26T21:36:20Z' progress=1.000000 cache=0.3MiB(909txo)
2025-10-26T21:36:09Z Saw new header hash=7f91254ca1ae9b487b544aee6d95719704f500d8f4afcf49119b54d78c0d5920 height=386
2025-10-26T21:36:09Z Saw new cmpctblock header hash=7f91254ca1ae9b487b544aee6d95719704f500d8f4afcf49119b54d78c0d5920 peer=0
2025-10-26T21:36:09Z UpdateTip: new best=7f91254ca1ae9b487b544aee6d95719704f500d8f4afcf49119b54d78c0d5920 height=386 version=0x30000000 log2_work=9.596190 tx=1795 date='2025-10-26T21:36:21Z' progress=1.000000 cache=0.3MiB(910txo)
2025-10-26T21:36:09Z Saw new header hash=45b059639ba71db925e48eb1226812d49c7d2385f4de58d4b2fc36f616bcaaac height=387
2025-10-26T21:36:09Z Saw new cmpctblock header hash=45b059639ba71db925e48eb1226812d49c7d2385f4de58d4b2fc36f616bcaaac peer=1
2025-10-26T21:36:09Z UpdateTip: new best=45b059639ba71db925e48eb1226812d49c7d2385f4de58d4b2fc36f616bcaaac height=387 version=0x30000000 log2_work=9.599913 tx=1796 date='2025-10-26T21:36:21Z' progress=1.000000 cache=0.3MiB(911txo)
2025-10-26T21:36:09Z Saw new header hash=0054ca410a36be58a8d9567cef6aa72c25fe7737f5820970729a130c85506204 height=388
2025-10-26T21:36:09Z Saw new cmpctblock header hash=0054ca410a36be58a8d9567cef6aa72c25fe7737f5820970729a130c85506204 peer=1
2025-10-26T21:36:09Z UpdateTip: new best=0054ca410a36be58a8d9567cef6aa72c25fe7737f5820970729a130c85506204 height=388 version=0x30000000 log2_work=9.603626 tx=1797 date='2025-10-26T21:36:21Z' progress=1.000000 cache=0.3MiB(912txo)
2025-10-26T21:36:09Z Saw new header hash=435e724513c4140948da9801cfc7c24f04bc5aaa6193f61abf258b079b0506ad height=389
2025-10-26T21:36:09Z Saw new cmpctblock header hash=435e724513c4140948da9801cfc7c24f04bc5aaa6193f61abf258b079b0506ad peer=1
2025-10-26T21:36:09Z UpdateTip: new best=435e724513c4140948da9801cfc7c24f04bc5aaa6193f61abf258b079b0506ad height=389 version=0x30000000 log2_work=9.607330 tx=1798 date='2025-10-26T21:36:21Z' progress=1.000000 cache=0.3MiB(913txo)
2025-10-26T21:36:09Z Saw new header hash=4f2c5431728ab572b311656224af7d9db899fadc039034274297ae603c890347 height=390
2025-10-26T21:36:09Z Saw new cmpctblock header hash=4f2c5431728ab572b311656224af7d9db899fadc039034274297ae603c890347 peer=0
2025-10-26T21:36:09Z UpdateTip: new best=4f2c5431728ab572b311656224af7d9db899fadc039034274297ae603c890347 height=390 version=0x30000000 log2_work=9.611025 tx=1799 date='2025-10-26T21:36:21Z' progress=1.000000 cache=0.3MiB(914txo)
2025-10-26T21:36:09Z Saw new header hash=67edf93dfb3e0f745b293d7689aa6c22a265bb10127c82415998c4ece32873e2 height=391
2025-10-26T21:36:09Z Saw new cmpctblock header hash=67edf93dfb3e0f745b293d7689aa6c22a265bb10127c82415998c4ece32873e2 peer=0
2025-10-26T21:36:09Z UpdateTip: new best=67edf93dfb3e0f745b293d7689aa6c22a265bb10127c82415998c4ece32873e2 height=391 version=0x30000000 log2_work=9.614710 tx=1800 date='2025-10-26T21:36:21Z' progress=1.000000 cache=0.3MiB(915txo)
2025-10-26T21:36:09Z Saw new header hash=145342d844bf756dc8701f1bf7b0eb231733eaa426a47e3b2d458d629a3093d2 height=392
2025-10-26T21:36:09Z Saw new cmpctblock header hash=145342d844bf756dc8701f1bf7b0eb231733eaa426a47e3b2d458d629a3093d2 peer=1
2025-10-26T21:36:09Z UpdateTip: new best=145342d844bf756dc8701f1bf7b0eb231733eaa426a47e3b2d458d629a3093d2 height=392 version=0x30000000 log2_work=9.618386 tx=1801 date='2025-10-26T21:36:22Z' progress=1.000000 cache=0.3MiB(916txo)
2025-10-26T21:36:09Z Saw new header hash=0d434d85f52d6a1421ce7b7e86365d3c5f558112e40f6c6c98ed71b520297ddf height=393
2025-10-26T21:36:09Z Saw new cmpctblock header hash=0d434d85f52d6a1421ce7b7e86365d3c5f558112e40f6c6c98ed71b520297ddf peer=0
2025-10-26T21:36:09Z UpdateTip: new best=0d434d85f52d6a1421ce7b7e86365d3c5f558112e40f6c6c98ed71b520297ddf height=393 version=0x30000000 log2_work=9.622052 tx=1802 date='2025-10-26T21:36:22Z' progress=1.000000 cache=0.3MiB(917txo)
2025-10-26T21:36:09Z Saw new header hash=4f32b469adea191d6658efa858b1e201eebb1366f02614342354e4da6c52b928 height=394
2025-10-26T21:36:09Z Saw new cmpctblock header hash=4f32b469adea191d6658efa858b1e201eebb1366f02614342354e4da6c52b928 peer=1
2025-10-26T21:36:09Z UpdateTip: new best=4f32b469adea191d6658efa858b1e201eebb1366f02614342354e4da6c52b928 height=394 version=0x30000000 log2_work=9.625709 tx=1803 date='2025-10-26T21:36:22Z' progress=1.000000 cache=0.3MiB(918txo)
2025-10-26T21:36:09Z Saw new header hash=4221258d7a69bbd2a7aaeabd23f356280f87613010816bf6da59b69361f9bab8 height=395
2025-10-26T21:36:09Z Saw new cmpctblock header hash=4221258d7a69bbd2a7aaeabd23f356280f87613010816bf6da59b69361f9bab8 peer=0
2025-10-26T21:36:09Z UpdateTip: new best=4221258d7a69bbd2a7aaeabd23f356280f87613010816bf6da59b69361f9bab8 height=395 version=0x30000000 log2_work=9.629357 tx=1804 date='2025-10-26T21:36:22Z' progress=1.000000 cache=0.3MiB(919txo)
2025-10-26T21:36:09Z Saw new header hash=2af9fb6369d35d32d323666d908c095ce5af5836b3c081b303719a18cf129c04 height=396
2025-10-26T21:36:09Z Saw new cmpctblock header hash=2af9fb6369d35d32d323666d908c095ce5af5836b3c081b303719a18cf129c04 peer=0
2025-10-26T21:36:09Z UpdateTip: new best=2af9fb6369d35d32d323666d908c095ce5af5836b3c081b303719a18cf129c04 height=396 version=0x30000000 log2_work=9.632995 tx=1805 date='2025-10-26T21:36:22Z' progress=1.000000 cache=0.3MiB(920txo)
2025-10-26T21:36:09Z Saw new header hash=1e27d7fa816d392a0c831fc063081cbfdb6bb1ba363b5468777b4af9ac823d20 height=397
2025-10-26T21:36:09Z Saw new cmpctblock header hash=1e27d7fa816d392a0c831fc063081cbfdb6bb1ba363b5468777b4af9ac823d20 peer=0
2025-10-26T21:36:09Z UpdateTip: new best=1e27d7fa816d392a0c831fc063081cbfdb6bb1ba363b5468777b4af9ac823d20 height=397 version=0x30000000 log2_work=9.636625 tx=1806 date='2025-10-26T21:36:22Z' progress=1.000000 cache=0.3MiB(921txo)
2025-10-26T21:36:09Z Saw new header hash=747465f0d1a9cb24858ad8225b7f23a2aadb8d6f4f25b4ca8e24d8621cad5014 height=398
2025-10-26T21:36:09Z Saw new cmpctblock header hash=747465f0d1a9cb24858ad8225b7f23a2aadb8d6f4f25b4ca8e24d8621cad5014 peer=0
2025-10-26T21:36:09Z UpdateTip: new best=747465f0d1a9cb24858ad8225b7f23a2aadb8d6f4f25b4ca8e24d8621cad5014 height=398 version=0x30000000 log2_work=9.640245 tx=1807 date='2025-10-26T21:36:23Z' progress=1.000000 cache=0.3MiB(922txo)
2025-10-26T21:36:09Z Saw new header hash=7fddedc2b7e9c40285ba0782ee5bb5f66e3168071354e1d0c0a22b371e2b435e height=399
2025-10-26T21:36:09Z Saw new cmpctblock header hash=7fddedc2b7e9c40285ba0782ee5bb5f66e3168071354e1d0c0a22b371e2b435e peer=1
2025-10-26T21:36:09Z UpdateTip: new best=7fddedc2b7e9c40285ba0782ee5bb5f66e3168071354e1d0c0a22b371e2b435e height=399 version=0x30000000 log2_work=9.643856 tx=1808 date='2025-10-26T21:36:23Z' progress=1.000000 cache=0.3MiB(923txo)
2025-10-26T21:36:09Z Saw new header hash=540d05122b8fedf77d8abd4898d4951446cfd58d5b29c9fa84313685fcb8ec48 height=400
2025-10-26T21:36:09Z Saw new cmpctblock header hash=540d05122b8fedf77d8abd4898d4951446cfd58d5b29c9fa84313685fcb8ec48 peer=0
2025-10-26T21:36:09Z UpdateTip: new best=540d05122b8fedf77d8abd4898d4951446cfd58d5b29c9fa84313685fcb8ec48 height=400 version=0x30000000 log2_work=9.647458 tx=1809 date='2025-10-26T21:36:23Z' progress=1.000000 cache=0.3MiB(924txo)
2025-10-26T21:36:09Z Saw new header hash=700054c93efc0cfe57227a5bbf0f3987782d1d884a5559cdad5156727fe7effa height=401
2025-10-26T21:36:09Z Saw new cmpctblock header hash=700054c93efc0cfe57227a5bbf0f3987782d1d884a5559cdad5156727fe7effa peer=1
2025-10-26T21:36:09Z UpdateTip: new best=700054c93efc0cfe57227a5bbf0f3987782d1d884a5559cdad5156727fe7effa height=401 version=0x30000000 log2_work=9.651052 tx=1810 date='2025-10-26T21:36:23Z' progress=1.000000 cache=0.3MiB(925txo)
2025-10-26T21:36:09Z Saw new header hash=5af7461b4697146568393c75bc412768c213ad72534c665f7384b1af3cf1d88b height=402
2025-10-26T21:36:09Z Saw new cmpctblock header hash=5af7461b4697146568393c75bc412768c213ad72534c665f7384b1af3cf1d88b peer=0
2025-10-26T21:36:09Z UpdateTip: new best=5af7461b4697146568393c75bc412768c213ad72534c665f7384b1af3cf1d88b height=402 version=0x30000000 log2_work=9.654636 tx=1811 date='2025-10-26T21:36:23Z' progress=1.000000 cache=0.3MiB(926txo)
2025-10-26T21:36:09Z Saw new header hash=615ac26606452fe073d40966ebc00530ca15f68cbd2d77a75bcdfe74848e39b4 height=403
2025-10-26T21:36:09Z Saw new cmpctblock header hash=615ac26606452fe073d40966ebc00530ca15f68cbd2d77a75bcdfe74848e39b4 peer=0
2025-10-26T21:36:09Z UpdateTip: new best=615ac26606452fe073d40966ebc00530ca15f68cbd2d77a75bcdfe74848e39b4 height=403 version=0x30000000 log2_work=9.658211 tx=1812 date='2025-10-26T21:36:23Z' progress=1.000000 cache=0.3MiB(927txo)
2025-10-26T21:36:09Z Saw new header hash=382b3d02c19bbec84e1f50297d37bc8b2881a6a9cad89494f6528052be07db8b height=404
2025-10-26T21:36:09Z Saw new cmpctblock header hash=382b3d02c19bbec84e1f50297d37bc8b2881a6a9cad89494f6528052be07db8b peer=1
2025-10-26T21:36:09Z UpdateTip: new best=382b3d02c19bbec84e1f50297d37bc8b2881a6a9cad89494f6528052be07db8b height=404 version=0x30000000 log2_work=9.661778 tx=1813 date='2025-10-26T21:36:24Z' progress=1.000000 cache=0.3MiB(928txo)
2025-10-26T21:36:09Z Saw new header hash=5edec5994faa27bd55a6f4efb05c20a4d7931c5ee5ec49973727dd597423ac95 height=405
2025-10-26T21:36:09Z Saw new cmpctblock header hash=5edec5994faa27bd55a6f4efb05c20a4d7931c5ee5ec49973727dd597423ac95 peer=1
2025-10-26T21:36:09Z UpdateTip: new best=5edec5994faa27bd55a6f4efb05c20a4d7931c5ee5ec49973727dd597423ac95 height=405 version=0x30000000 log2_work=9.665336 tx=1814 date='2025-10-26T21:36:24Z' progress=1.000000 cache=0.3MiB(929txo)
2025-10-26T21:36:09Z Saw new header hash=563d3ea3a98c8a86e4abe2e8f8939928ee6f2cf4fc091ed863d9460c55b4eccf height=406
2025-10-26T21:36:09Z Saw new cmpctblock header hash=563d3ea3a98c8a86e4abe2e8f8939928ee6f2cf4fc091ed863d9460c55b4eccf peer=1
2025-10-26T21:36:09Z UpdateTip: new best=563d3ea3a98c8a86e4abe2e8f8939928ee6f2cf4fc091ed863d9460c55b4eccf height=406 version=0x30000000 log2_work=9.668885 tx=1815 date='2025-10-26T21:36:24Z' progress=1.000000 cache=0.3MiB(930txo)
2025-10-26T21:36:09Z Saw new header hash=30f6f1ee06c2d33f353ce276fd9962580204f509aa9c93500623713a4959ff25 height=407
2025-10-26T21:36:09Z Saw new cmpctblock header hash=30f6f1ee06c2d33f353ce276fd9962580204f509aa9c93500623713a4959ff25 peer=1
2025-10-26T21:36:09Z UpdateTip: new best=30f6f1ee06c2d33f353ce276fd9962580204f509aa9c93500623713a4959ff25 height=407 version=0x30000000 log2_work=9.672425 tx=1816 date='2025-10-26T21:36:24Z' progress=1.000000 cache=0.3MiB(931txo)
2025-10-26T21:36:09Z Saw new header hash=5932addadd09e7b8fb11c400934fed4a438342f80b4cd4c68af6d7e576b2fb41 height=408
2025-10-26T21:36:09Z Saw new cmpctblock header hash=5932addadd09e7b8fb11c400934fed4a438342f80b4cd4c68af6d7e576b2fb41 peer=0
2025-10-26T21:36:09Z UpdateTip: new best=5932addadd09e7b8fb11c400934fed4a438342f80b4cd4c68af6d7e576b2fb41 height=408 version=0x30000000 log2_work=9.675957 tx=1817 date='2025-10-26T21:36:24Z' progress=1.000000 cache=0.3MiB(932txo)
2025-10-26T21:36:09Z Saw new header hash=23c7de10d586e1e4df3b8fc4821e5f3be19ec9fc249ec472588a96016c4bb1e5 height=409
2025-10-26T21:36:09Z Saw new cmpctblock header hash=23c7de10d586e1e4df3b8fc4821e5f3be19ec9fc249ec472588a96016c4bb1e5 peer=1
2025-10-26T21:36:09Z UpdateTip: new best=23c7de10d586e1e4df3b8fc4821e5f3be19ec9fc249ec472588a96016c4bb1e5 height=409 version=0x30000000 log2_work=9.679480 tx=1818 date='2025-10-26T21:36:24Z' progress=1.000000 cache=0.3MiB(933txo)
2025-10-26T21:36:09Z Saw new header hash=179256c2459dd33ca179d676ca3c419bba1f45850293307f06dbb6cad80f8917 height=410
2025-10-26T21:36:09Z Saw new cmpctblock header hash=179256c2459dd33ca179d676ca3c419bba1f45850293307f06dbb6cad80f8917 peer=1
2025-10-26T21:36:09Z UpdateTip: new best=179256c2459dd33ca179d676ca3c419bba1f45850293307f06dbb6cad80f8917 height=410 version=0x30000000 log2_work=9.682995 tx=1819 date='2025-10-26T21:36:25Z' progress=1.000000 cache=0.3MiB(934txo)
2025-10-26T21:36:09Z Saw new header hash=58ffeaa4db98f14e27f9cfcdb0ad9398d4322ebb718df71fadbe551a0ead2e8b height=411
2025-10-26T21:36:09Z Saw new cmpctblock header hash=58ffeaa4db98f14e27f9cfcdb0ad9398d4322ebb718df71fadbe551a0ead2e8b peer=0
2025-10-26T21:36:09Z UpdateTip: new best=58ffeaa4db98f14e27f9cfcdb0ad9398d4322ebb718df71fadbe551a0ead2e8b height=411 version=0x30000000 log2_work=9.686501 tx=1820 date='2025-10-26T21:36:25Z' progress=1.000000 cache=0.3MiB(935txo)
2025-10-26T21:36:09Z Saw new header hash=35d56ddfba87fd81be1c6e9151c4391605b47410fc844dd25257d5ddf540cb5b height=412
2025-10-26T21:36:09Z Saw new cmpctblock header hash=35d56ddfba87fd81be1c6e9151c4391605b47410fc844dd25257d5ddf540cb5b peer=0
2025-10-26T21:36:09Z UpdateTip: new best=35d56ddfba87fd81be1c6e9151c4391605b47410fc844dd25257d5ddf540cb5b height=412 version=0x30000000 log2_work=9.689998 tx=1821 date='2025-10-26T21:36:25Z' progress=1.000000 cache=0.3MiB(936txo)
2025-10-26T21:36:09Z Saw new header hash=57ede6069ba54b1c4952c8ed27a088e30c1280adbcbb113fb70cc8d2d9c3a47e height=413
2025-10-26T21:36:09Z Saw new cmpctblock header hash=57ede6069ba54b1c4952c8ed27a088e30c1280adbcbb113fb70cc8d2d9c3a47e peer=1
2025-10-26T21:36:09Z UpdateTip: new best=57ede6069ba54b1c4952c8ed27a088e30c1280adbcbb113fb70cc8d2d9c3a47e height=413 version=0x30000000 log2_work=9.693487 tx=1822 date='2025-10-26T21:36:25Z' progress=1.000000 cache=0.3MiB(937txo)
2025-10-26T21:36:09Z Saw new header hash=29d6b5621e5419aa2f88d6e6362dfe187aeef51bb8d98c428e899c43b7252d34 height=414
2025-10-26T21:36:09Z Saw new cmpctblock header hash=29d6b5621e5419aa2f88d6e6362dfe187aeef51bb8d98c428e899c43b7252d34 peer=0
2025-10-26T21:36:09Z UpdateTip: new best=29d6b5621e5419aa2f88d6e6362dfe187aeef51bb8d98c428e899c43b7252d34 height=414 version=0x30000000 log2_work=9.696968 tx=1823 date='2025-10-26T21:36:25Z' progress=1.000000 cache=0.3MiB(938txo)
2025-10-26T21:36:09Z Saw new header hash=4ee669407a81394bc06471a1bd1baf1335446fbe358aa0d020c8f28c54ce687e height=415
2025-10-26T21:36:09Z Saw new cmpctblock header hash=4ee669407a81394bc06471a1bd1baf1335446fbe358aa0d020c8f28c54ce687e peer=0
2025-10-26T21:36:09Z UpdateTip: new best=4ee669407a81394bc06471a1bd1baf1335446fbe358aa0d020c8f28c54ce687e height=415 version=0x30000000 log2_work=9.700440 tx=1824 date='2025-10-26T21:36:25Z' progress=1.000000 cache=0.3MiB(939txo)
2025-10-26T21:36:09Z Saw new header hash=149f46a656b7f63f0503f490d6c2c9f01192859a11e7a3dba2eb2b393db549a5 height=416
2025-10-26T21:36:09Z Saw new cmpctblock header hash=149f46a656b7f63f0503f490d6c2c9f01192859a11e7a3dba2eb2b393db549a5 peer=1
2025-10-26T21:36:09Z UpdateTip: new best=149f46a656b7f63f0503f490d6c2c9f01192859a11e7a3dba2eb2b393db549a5 height=416 version=0x30000000 log2_work=9.703904 tx=1825 date='2025-10-26T21:36:26Z' progress=1.000000 cache=0.3MiB(940txo)
2025-10-26T21:36:09Z Saw new header hash=6184c7e780d00fa0d5d49229ae35fece5e48f88bb9c949506d4f4533dda8b2be height=417
2025-10-26T21:36:09Z Saw new cmpctblock header hash=6184c7e780d00fa0d5d49229ae35fece5e48f88bb9c949506d4f4533dda8b2be peer=0
2025-10-26T21:36:09Z UpdateTip: new best=6184c7e780d00fa0d5d49229ae35fece5e48f88bb9c949506d4f4533dda8b2be height=417 version=0x30000000 log2_work=9.707359 tx=1826 date='2025-10-26T21:36:26Z' progress=1.000000 cache=0.3MiB(941txo)
2025-10-26T21:36:09Z Saw new header hash=57bbd084c67987075c33af98442d947832e1547d1c5d92ab44866f03ed66d23c height=418
2025-10-26T21:36:09Z Saw new cmpctblock header hash=57bbd084c67987075c33af98442d947832e1547d1c5d92ab44866f03ed66d23c peer=1
2025-10-26T21:36:09Z UpdateTip: new best=57bbd084c67987075c33af98442d947832e1547d1c5d92ab44866f03ed66d23c height=418 version=0x30000000 log2_work=9.710806 tx=1827 date='2025-10-26T21:36:26Z' progress=1.000000 cache=0.3MiB(942txo)
2025-10-26T21:36:09Z Saw new header hash=2f5671d09408d07abab732dae659868acd778dc6b9be4c4ca5a2d30dfb7c376c height=419
2025-10-26T21:36:09Z Saw new cmpctblock header hash=2f5671d09408d07abab732dae659868acd778dc6b9be4c4ca5a2d30dfb7c376c peer=1
2025-10-26T21:36:09Z UpdateTip: new best=2f5671d09408d07abab732dae659868acd778dc6b9be4c4ca5a2d30dfb7c376c height=419 version=0x30000000 log2_work=9.714246 tx=1828 date='2025-10-26T21:36:26Z' progress=1.000000 cache=0.3MiB(943txo)
2025-10-26T21:36:09Z Saw new header hash=504e30217cd549831e890f89dc54f8be6f15dd5548366cb2d66a478ae6d5468c height=420
2025-10-26T21:36:09Z Saw new cmpctblock header hash=504e30217cd549831e890f89dc54f8be6f15dd5548366cb2d66a478ae6d5468c peer=1
2025-10-26T21:36:09Z UpdateTip: new best=504e30217cd549831e890f89dc54f8be6f15dd5548366cb2d66a478ae6d5468c height=420 version=0x30000000 log2_work=9.717676 tx=1829 date='2025-10-26T21:36:26Z' progress=1.000000 cache=0.3MiB(944txo)
2025-10-26T21:36:09Z Saw new header hash=57bc9f1b2e1dd4722bdc7a8fb6e5a588e12df7221f7a0b6622c1a85e4b5e5609 height=421
2025-10-26T21:36:09Z Saw new cmpctblock header hash=57bc9f1b2e1dd4722bdc7a8fb6e5a588e12df7221f7a0b6622c1a85e4b5e5609 peer=0
2025-10-26T21:36:09Z UpdateTip: new best=57bc9f1b2e1dd4722bdc7a8fb6e5a588e12df7221f7a0b6622c1a85e4b5e5609 height=421 version=0x30000000 log2_work=9.721099 tx=1830 date='2025-10-26T21:36:26Z' progress=1.000000 cache=0.3MiB(945txo)
2025-10-26T21:36:09Z Saw new header hash=07a5f155ea0f96756c5928af8db4991fa03be6df8903272dafb67cfb8e061563 height=422
2025-10-26T21:36:09Z Saw new cmpctblock header hash=07a5f155ea0f96756c5928af8db4991fa03be6df8903272dafb67cfb8e061563 peer=0
2025-10-26T21:36:09Z UpdateTip: new best=07a5f155ea0f96756c5928af8db4991fa03be6df8903272dafb67cfb8e061563 height=422 version=0x30000000 log2_work=9.724514 tx=1831 date='2025-10-26T21:36:27Z' progress=1.000000 cache=0.3MiB(946txo)
2025-10-26T21:36:09Z Saw new header hash=65e8dd8e9d1da431241755fb09ff3b1d9a13890733a3492a285554ead5d7540b height=423
2025-10-26T21:36:09Z Saw new cmpctblock header hash=65e8dd8e9d1da431241755fb09ff3b1d9a13890733a3492a285554ead5d7540b peer=1
2025-10-26T21:36:09Z UpdateTip: new best=65e8dd8e9d1da431241755fb09ff3b1d9a13890733a3492a285554ead5d7540b height=423 version=0x30000000 log2_work=9.727920 tx=1832 date='2025-10-26T21:36:27Z' progress=1.000000 cache=0.3MiB(947txo)
2025-10-26T21:36:09Z Saw new header hash=5875fc916bd064babbece08f8afb22baec60f3f71477f3b79c7ee3ee5ec181f8 height=424
2025-10-26T21:36:09Z Saw new cmpctblock header hash=5875fc916bd064babbece08f8afb22baec60f3f71477f3b79c7ee3ee5ec181f8 peer=1
2025-10-26T21:36:09Z UpdateTip: new best=5875fc916bd064babbece08f8afb22baec60f3f71477f3b79c7ee3ee5ec181f8 height=424 version=0x30000000 log2_work=9.731319 tx=1833 date='2025-10-26T21:36:27Z' progress=1.000000 cache=0.3MiB(948txo)
2025-10-26T21:36:09Z Saw new header hash=2ee3510b8c52f69c959b8a91f4dfd590090c8e4e81e2aaedd64b859e8ee3127b height=425
2025-10-26T21:36:09Z Saw new cmpctblock header hash=2ee3510b8c52f69c959b8a91f4dfd590090c8e4e81e2aaedd64b859e8ee3127b peer=0
2025-10-26T21:36:09Z UpdateTip: new best=2ee3510b8c52f69c959b8a91f4dfd590090c8e4e81e2aaedd64b859e8ee3127b height=425 version=0x30000000 log2_work=9.734710 tx=1834 date='2025-10-26T21:36:27Z' progress=1.000000 cache=0.3MiB(949txo)
2025-10-26T21:36:09Z Saw new header hash=3503abdde31b0bcb0f9dc1640ad1b8d8dc8c56d38daff941fbe6d723e3fe9b2a height=426
2025-10-26T21:36:09Z Saw new cmpctblock header hash=3503abdde31b0bcb0f9dc1640ad1b8d8dc8c56d38daff941fbe6d723e3fe9b2a peer=0
2025-10-26T21:36:09Z UpdateTip: new best=3503abdde31b0bcb0f9dc1640ad1b8d8dc8c56d38daff941fbe6d723e3fe9b2a height=426 version=0x30000000 log2_work=9.738092 tx=1835 date='2025-10-26T21:36:27Z' progress=1.000000 cache=0.3MiB(950txo)
2025-10-26T21:36:09Z Saw new header hash=2625d6ecc73cf3e631bbae876be1b2d65982424ece708f2bc35ea6fdff862bb9 height=427
2025-10-26T21:36:09Z Saw new cmpctblock header hash=2625d6ecc73cf3e631bbae876be1b2d65982424ece708f2bc35ea6fdff862bb9 peer=1
2025-10-26T21:36:09Z UpdateTip: new best=2625d6ecc73cf3e631bbae876be1b2d65982424ece708f2bc35ea6fdff862bb9 height=427 version=0x30000000 log2_work=9.741467 tx=1836 date='2025-10-26T21:36:27Z' progress=1.000000 cache=0.3MiB(951txo)
2025-10-26T21:36:09Z Saw new header hash=4e840b7d7f922910516642d801a0032915142c20ffc8f50838c5f62b4642b3f8 height=428
2025-10-26T21:36:09Z Saw new cmpctblock header hash=4e840b7d7f922910516642d801a0032915142c20ffc8f50838c5f62b4642b3f8 peer=1
2025-10-26T21:36:09Z UpdateTip: new best=4e840b7d7f922910516642d801a0032915142c20ffc8f50838c5f62b4642b3f8 height=428 version=0x30000000 log2_work=9.744834 tx=1837 date='2025-10-26T21:36:28Z' progress=1.000000 cache=0.3MiB(952txo)
2025-10-26T21:36:09Z Saw new header hash=72350885e9b6489e4ea4c95d11dafb5205ae8f53221efe3d69560be564033660 height=429
2025-10-26T21:36:09Z Saw new cmpctblock header hash=72350885e9b6489e4ea4c95d11dafb5205ae8f53221efe3d69560be564033660 peer=1
2025-10-26T21:36:09Z UpdateTip: new best=72350885e9b6489e4ea4c95d11dafb5205ae8f53221efe3d69560be564033660 height=429 version=0x30000000 log2_work=9.748193 tx=1838 date='2025-10-26T21:36:28Z' progress=1.000000 cache=0.3MiB(953txo)
2025-10-26T21:36:09Z Saw new header hash=4d2028f4890d946afc08d5dddde4ce0ea57cbd5cca0d74f2ac7cc0ecfdfdbe9f height=430
2025-10-26T21:36:09Z Saw new cmpctblock header hash=4d2028f4890d946afc08d5dddde4ce0ea57cbd5cca0d74f2ac7cc0ecfdfdbe9f peer=1
2025-10-26T21:36:09Z UpdateTip: new best=4d2028f4890d946afc08d5dddde4ce0ea57cbd5cca0d74f2ac7cc0ecfdfdbe9f height=430 version=0x30000000 log2_work=9.751544 tx=1839 date='2025-10-26T21:36:28Z' progress=1.000000 cache=0.3MiB(954txo)
2025-10-26T21:36:09Z Saw new header hash=2109e880ffa82d3a566fb285f9d2e7524e056195aef381f73225a5a6f56b4597 height=431
2025-10-26T21:36:09Z Saw new cmpctblock header hash=2109e880ffa82d3a566fb285f9d2e7524e056195aef381f73225a5a6f56b4597 peer=1
2025-10-26T21:36:09Z UpdateTip: new best=2109e880ffa82d3a566fb285f9d2e7524e056195aef381f73225a5a6f56b4597 height=431 version=0x30000000 log2_work=9.754888 tx=1840 date='2025-10-26T21:36:28Z' progress=1.000000 cache=0.3MiB(955txo)
2025-10-26T21:36:09Z Saw new header hash=4b63bb747d01ee0fe4920fef7c9702df26872bae5b85020a993a80c9c15574a7 height=432
2025-10-26T21:36:09Z Saw new cmpctblock header hash=4b63bb747d01ee0fe4920fef7c9702df26872bae5b85020a993a80c9c15574a7 peer=0
2025-10-26T21:36:09Z UpdateTip: new best=4b63bb747d01ee0fe4920fef7c9702df26872bae5b85020a993a80c9c15574a7 height=432 version=0x20000000 log2_work=9.758223 tx=1841 date='2025-10-26T21:36:28Z' progress=1.000000 cache=0.3MiB(956txo)
2025-10-26T21:36:09Z Saw new header hash=2d53af379440a75021d7f1ba0de1d47c1343b48f8673c599b0f58f32de59c357 height=433
2025-10-26T21:36:09Z Saw new cmpctblock header hash=2d53af379440a75021d7f1ba0de1d47c1343b48f8673c599b0f58f32de59c357 peer=0
2025-10-26T21:36:09Z UpdateTip: new best=2d53af379440a75021d7f1ba0de1d47c1343b48f8673c599b0f58f32de59c357 height=433 version=0x20000000 log2_work=9.761551 tx=1842 date='2025-10-26T21:36:28Z' progress=1.000000 cache=0.3MiB(957txo)
2025-10-26T21:36:09Z Saw new header hash=7533ed72bb4dae7000d83dec06cab8b6038826b69694c6cf82990a4f1dc0ccb8 height=434
2025-10-26T21:36:09Z Saw new cmpctblock header hash=7533ed72bb4dae7000d83dec06cab8b6038826b69694c6cf82990a4f1dc0ccb8 peer=0
2025-10-26T21:36:09Z UpdateTip: new best=7533ed72bb4dae7000d83dec06cab8b6038826b69694c6cf82990a4f1dc0ccb8 height=434 version=0x20000000 log2_work=9.764872 tx=1843 date='2025-10-26T21:36:29Z' progress=1.000000 cache=0.3MiB(958txo)
2025-10-26T21:36:09Z Saw new header hash=5072147a1fc32795691ddf7c424c0e53abbf278aeb59b7e45599434761435c58 height=435
2025-10-26T21:36:09Z Saw new cmpctblock header hash=5072147a1fc32795691ddf7c424c0e53abbf278aeb59b7e45599434761435c58 peer=1
2025-10-26T21:36:09Z UpdateTip: new best=5072147a1fc32795691ddf7c424c0e53abbf278aeb59b7e45599434761435c58 height=435 version=0x20000000 log2_work=9.768184 tx=1844 date='2025-10-26T21:36:29Z' progress=1.000000 cache=0.3MiB(959txo)
2025-10-26T21:36:09Z Saw new header hash=20333188ebd64d15e81a14e34451d85cc6d25f3696da5199d9758a72b0126e7e height=436
2025-10-26T21:36:09Z Saw new cmpctblock header hash=20333188ebd64d15e81a14e34451d85cc6d25f3696da5199d9758a72b0126e7e peer=0
2025-10-26T21:36:09Z UpdateTip: new best=20333188ebd64d15e81a14e34451d85cc6d25f3696da5199d9758a72b0126e7e height=436 version=0x20000000 log2_work=9.771489 tx=1845 date='2025-10-26T21:36:29Z' progress=1.000000 cache=0.3MiB(960txo)
2025-10-26T21:36:10Z Saw new header hash=5994cd3a929292140aed9e18a4777eecea53c06c756d6322397ef8d228b55b85 height=437
2025-10-26T21:36:10Z Saw new cmpctblock header hash=5994cd3a929292140aed9e18a4777eecea53c06c756d6322397ef8d228b55b85 peer=0
2025-10-26T21:36:10Z UpdateTip: new best=5994cd3a929292140aed9e18a4777eecea53c06c756d6322397ef8d228b55b85 height=437 version=0x20000000 log2_work=9.774787 tx=1846 date='2025-10-26T21:36:29Z' progress=1.000000 cache=0.3MiB(961txo)
2025-10-26T21:36:10Z Saw new header hash=427225a27e3a2f5aefa95b212bf20974d6de7b44265278ded5325a193edbc887 height=438
2025-10-26T21:36:10Z Saw new cmpctblock header hash=427225a27e3a2f5aefa95b212bf20974d6de7b44265278ded5325a193edbc887 peer=1
2025-10-26T21:36:10Z UpdateTip: new best=427225a27e3a2f5aefa95b212bf20974d6de7b44265278ded5325a193edbc887 height=438 version=0x20000000 log2_work=9.778077 tx=1847 date='2025-10-26T21:36:29Z' progress=1.000000 cache=0.3MiB(962txo)
2025-10-26T21:36:10Z Saw new header hash=772418c88ac46311fa88c00f8ac5eeb96286f13b1189e2791002a99ab278c5f1 height=439
2025-10-26T21:36:10Z Saw new cmpctblock header hash=772418c88ac46311fa88c00f8ac5eeb96286f13b1189e2791002a99ab278c5f1 peer=1
2025-10-26T21:36:10Z UpdateTip: new best=772418c88ac46311fa88c00f8ac5eeb96286f13b1189e2791002a99ab278c5f1 height=439 version=0x20000000 log2_work=9.781360 tx=1848 date='2025-10-26T21:36:29Z' progress=1.000000 cache=0.3MiB(963txo)
2025-10-26T21:36:10Z Saw new header hash=3b1c71abc551165143284b9a2de56e8a6a078d5a26eaec59809464e74d46a7dd height=440
2025-10-26T21:36:10Z Saw new cmpctblock header hash=3b1c71abc551165143284b9a2de56e8a6a078d5a26eaec59809464e74d46a7dd peer=1
2025-10-26T21:36:10Z UpdateTip: new best=3b1c71abc551165143284b9a2de56e8a6a078d5a26eaec59809464e74d46a7dd height=440 version=0x20000000 log2_work=9.784635 tx=1849 date='2025-10-26T21:36:30Z' progress=1.000000 cache=0.3MiB(964txo)
2025-10-26T21:36:10Z Saw new header hash=4e9f9537b008865051138ffde95012a4ba1beb7fc25943051983c0ff55105f08 height=441
2025-10-26T21:36:10Z Saw new cmpctblock header hash=4e9f9537b008865051138ffde95012a4ba1beb7fc25943051983c0ff55105f08 peer=0
2025-10-26T21:36:10Z UpdateTip: new best=4e9f9537b008865051138ffde95012a4ba1beb7fc25943051983c0ff55105f08 height=441 version=0x20000000 log2_work=9.787903 tx=1850 date='2025-10-26T21:36:30Z' progress=1.000000 cache=0.3MiB(965txo)
2025-10-26T21:36:10Z Saw new header hash=723e49462be9e54fbd8c509266ef3c762f747a1df59d531bdcd8a43743ad1bc4 height=442
2025-10-26T21:36:10Z Saw new cmpctblock header hash=723e49462be9e54fbd8c509266ef3c762f747a1df59d531bdcd8a43743ad1bc4 peer=0
2025-10-26T21:36:10Z UpdateTip: new best=723e49462be9e54fbd8c509266ef3c762f747a1df59d531bdcd8a43743ad1bc4 height=442 version=0x20000000 log2_work=9.791163 tx=1851 date='2025-10-26T21:36:30Z' progress=1.000000 cache=0.3MiB(966txo)
2025-10-26T21:36:10Z Saw new header hash=2096d2a3ccd169f350c373f31fbe9d1051ce97b5975e3f2df8904a5c5478f74f height=443
2025-10-26T21:36:10Z Saw new cmpctblock header hash=2096d2a3ccd169f350c373f31fbe9d1051ce97b5975e3f2df8904a5c5478f74f peer=0
2025-10-26T21:36:10Z UpdateTip: new best=2096d2a3ccd169f350c373f31fbe9d1051ce97b5975e3f2df8904a5c5478f74f height=443 version=0x20000000 log2_work=9.794416 tx=1852 date='2025-10-26T21:36:30Z' progress=1.000000 cache=0.3MiB(967txo)
2025-10-26T21:36:10Z Saw new header hash=4b3f711a47f3e9192aec1cf78e5f27abec3c212410e998348f52e3f697439da6 height=444
2025-10-26T21:36:10Z Saw new cmpctblock header hash=4b3f711a47f3e9192aec1cf78e5f27abec3c212410e998348f52e3f697439da6 peer=1
2025-10-26T21:36:10Z UpdateTip: new best=4b3f711a47f3e9192aec1cf78e5f27abec3c212410e998348f52e3f697439da6 height=444 version=0x20000000 log2_work=9.797662 tx=1853 date='2025-10-26T21:36:30Z' progress=1.000000 cache=0.3MiB(968txo)
2025-10-26T21:36:10Z Saw new header hash=685a5b853adf799fcca15e17902612fdc33376222a0c51bab36c876372c431cf height=445
2025-10-26T21:36:10Z Saw new cmpctblock header hash=685a5b853adf799fcca15e17902612fdc33376222a0c51bab36c876372c431cf peer=1
2025-10-26T21:36:10Z UpdateTip: new best=685a5b853adf799fcca15e17902612fdc33376222a0c51bab36c876372c431cf height=445 version=0x20000000 log2_work=9.800900 tx=1854 date='2025-10-26T21:36:30Z' progress=1.000000 cache=0.3MiB(969txo)
2025-10-26T21:36:10Z Saw new header hash=052e9d01044f229713877e37ed5e7f4405572b0a81476e060ef7625efb634ef0 height=446
2025-10-26T21:36:10Z Saw new cmpctblock header hash=052e9d01044f229713877e37ed5e7f4405572b0a81476e060ef7625efb634ef0 peer=0
2025-10-26T21:36:10Z UpdateTip: new best=052e9d01044f229713877e37ed5e7f4405572b0a81476e060ef7625efb634ef0 height=446 version=0x20000000 log2_work=9.804131 tx=1855 date='2025-10-26T21:36:31Z' progress=1.000000 cache=0.3MiB(970txo)
2025-10-26T21:36:10Z Saw new header hash=7428ba5d83e303a8cfd7ea61df9a9d1ef7db2cd93efb2466a96978b76f2896cf height=447
2025-10-26T21:36:10Z Saw new cmpctblock header hash=7428ba5d83e303a8cfd7ea61df9a9d1ef7db2cd93efb2466a96978b76f2896cf peer=0
2025-10-26T21:36:10Z UpdateTip: new best=7428ba5d83e303a8cfd7ea61df9a9d1ef7db2cd93efb2466a96978b76f2896cf height=447 version=0x20000000 log2_work=9.807355 tx=1856 date='2025-10-26T21:36:31Z' progress=1.000000 cache=0.3MiB(971txo)
2025-10-26T21:36:10Z Saw new header hash=39aff3ae5e3c76a3182536670a5a07d67fdad33e1927d1fa625af4d05d4b3e03 height=448
2025-10-26T21:36:10Z Saw new cmpctblock header hash=39aff3ae5e3c76a3182536670a5a07d67fdad33e1927d1fa625af4d05d4b3e03 peer=1
2025-10-26T21:36:10Z UpdateTip: new best=39aff3ae5e3c76a3182536670a5a07d67fdad33e1927d1fa625af4d05d4b3e03 height=448 version=0x20000000 log2_work=9.810572 tx=1857 date='2025-10-26T21:36:31Z' progress=1.000000 cache=0.3MiB(972txo)
2025-10-26T21:36:10Z Saw new header hash=2be72874a2e57b11f2f94a8d41e28cc9808dab27b6f0af458caafd17be822809 height=449
2025-10-26T21:36:10Z Saw new cmpctblock header hash=2be72874a2e57b11f2f94a8d41e28cc9808dab27b6f0af458caafd17be822809 peer=0
2025-10-26T21:36:10Z UpdateTip: new best=2be72874a2e57b11f2f94a8d41e28cc9808dab27b6f0af458caafd17be822809 height=449 version=0x20000000 log2_work=9.813781 tx=1858 date='2025-10-26T21:36:31Z' progress=1.000000 cache=0.3MiB(973txo)
2025-10-26T21:36:10Z Saw new header hash=112ce62de7ac1954db7b01a21a85b334866b48ff9ce30e451efcdbc044d4f387 height=450
2025-10-26T21:36:10Z Saw new cmpctblock header hash=112ce62de7ac1954db7b01a21a85b334866b48ff9ce30e451efcdbc044d4f387 peer=1
2025-10-26T21:36:10Z UpdateTip: new best=112ce62de7ac1954db7b01a21a85b334866b48ff9ce30e451efcdbc044d4f387 height=450 version=0x20000000 log2_work=9.816984 tx=1859 date='2025-10-26T21:36:31Z' progress=1.000000 cache=0.3MiB(974txo)
2025-10-26T21:36:10Z Saw new header hash=099d3624099d9874070219162e90f2b97392dfb920f723a777fdb8f8f0753068 height=451
2025-10-26T21:36:10Z Saw new cmpctblock header hash=099d3624099d9874070219162e90f2b97392dfb920f723a777fdb8f8f0753068 peer=1
2025-10-26T21:36:10Z UpdateTip: new best=099d3624099d9874070219162e90f2b97392dfb920f723a777fdb8f8f0753068 height=451 version=0x20000000 log2_work=9.820179 tx=1860 date='2025-10-26T21:36:31Z' progress=1.000000 cache=0.3MiB(975txo)
2025-10-26T21:36:10Z Saw new header hash=229fdebc07e836b50a5ca0b4ffbd8be55191a322252b78d4b40cdfb0610478de height=452
2025-10-26T21:36:10Z Saw new cmpctblock header hash=229fdebc07e836b50a5ca0b4ffbd8be55191a322252b78d4b40cdfb0610478de peer=1
2025-10-26T21:36:10Z UpdateTip: new best=229fdebc07e836b50a5ca0b4ffbd8be55191a322252b78d4b40cdfb0610478de height=452 version=0x20000000 log2_work=9.823367 tx=1861 date='2025-10-26T21:36:32Z' progress=1.000000 cache=0.3MiB(976txo)
2025-10-26T21:36:10Z Saw new header hash=71bc5baaab29b924a8c058639bbecf62061f519dba4381ce5ef84c090a3000af height=453
2025-10-26T21:36:10Z Saw new cmpctblock header hash=71bc5baaab29b924a8c058639bbecf62061f519dba4381ce5ef84c090a3000af peer=1
2025-10-26T21:36:10Z UpdateTip: new best=71bc5baaab29b924a8c058639bbecf62061f519dba4381ce5ef84c090a3000af height=453 version=0x20000000 log2_work=9.826548 tx=1862 date='2025-10-26T21:36:32Z' progress=1.000000 cache=0.3MiB(977txo)
2025-10-26T21:36:10Z Saw new header hash=40c669f07e6d44d1a3c38e534fd9155c43d075263ae2c1c40104be755decdd87 height=454
2025-10-26T21:36:10Z Saw new cmpctblock header hash=40c669f07e6d44d1a3c38e534fd9155c43d075263ae2c1c40104be755decdd87 peer=1
2025-10-26T21:36:10Z UpdateTip: new best=40c669f07e6d44d1a3c38e534fd9155c43d075263ae2c1c40104be755decdd87 height=454 version=0x20000000 log2_work=9.829723 tx=1863 date='2025-10-26T21:36:32Z' progress=1.000000 cache=0.3MiB(978txo)
2025-10-26T21:36:10Z Saw new header hash=78fc9e09959690d7b6f1fa127b2e639d4457ae06117241a8e019d23d2b9c3610 height=455
2025-10-26T21:36:10Z Saw new cmpctblock header hash=78fc9e09959690d7b6f1fa127b2e639d4457ae06117241a8e019d23d2b9c3610 peer=0
2025-10-26T21:36:10Z UpdateTip: new best=78fc9e09959690d7b6f1fa127b2e639d4457ae06117241a8e019d23d2b9c3610 height=455 version=0x20000000 log2_work=9.832890 tx=1864 date='2025-10-26T21:36:32Z' progress=1.000000 cache=0.3MiB(979txo)
2025-10-26T21:36:10Z Saw new header hash=41e7a4a1a55d67a11e0034a04fbde621246d79ec57e567a83474241a0012a928 height=456
2025-10-26T21:36:10Z Saw new cmpctblock header hash=41e7a4a1a55d67a11e0034a04fbde621246d79ec57e567a83474241a0012a928 peer=0
2025-10-26T21:36:10Z UpdateTip: new best=41e7a4a1a55d67a11e0034a04fbde621246d79ec57e567a83474241a0012a928 height=456 version=0x20000000 log2_work=9.836050 tx=1865 date='2025-10-26T21:36:32Z' progress=1.000000 cache=0.3MiB(980txo)
2025-10-26T21:36:10Z Saw new header hash=76345fd6da65fa145ece05e0148a3100390c181cd78add094fd1f2d80fc526f7 height=457
2025-10-26T21:36:10Z Saw new cmpctblock header hash=76345fd6da65fa145ece05e0148a3100390c181cd78add094fd1f2d80fc526f7 peer=1
2025-10-26T21:36:10Z UpdateTip: new best=76345fd6da65fa145ece05e0148a3100390c181cd78add094fd1f2d80fc526f7 height=457 version=0x20000000 log2_work=9.839204 tx=1866 date='2025-10-26T21:36:32Z' progress=1.000000 cache=0.3MiB(981txo)
2025-10-26T21:36:10Z Saw new header hash=1e391fa1bacf31924f924ae61553224192486d9360b0ddedd6aa350d63c9b140 height=458
2025-10-26T21:36:10Z Saw new cmpctblock header hash=1e391fa1bacf31924f924ae61553224192486d9360b0ddedd6aa350d63c9b140 peer=1
2025-10-26T21:36:10Z UpdateTip: new best=1e391fa1bacf31924f924ae61553224192486d9360b0ddedd6aa350d63c9b140 height=458 version=0x20000000 log2_work=9.842350 tx=1867 date='2025-10-26T21:36:33Z' progress=1.000000 cache=0.3MiB(982txo)
2025-10-26T21:36:10Z Saw new header hash=4b981adfa928e497b763fed61ecabde3700b785e538a644f84cefd8be0615452 height=459
2025-10-26T21:36:10Z Saw new cmpctblock header hash=4b981adfa928e497b763fed61ecabde3700b785e538a644f84cefd8be0615452 peer=0
2025-10-26T21:36:10Z UpdateTip: new best=4b981adfa928e497b763fed61ecabde3700b785e538a644f84cefd8be0615452 height=459 version=0x20000000 log2_work=9.845490 tx=1868 date='2025-10-26T21:36:33Z' progress=1.000000 cache=0.3MiB(983txo)
2025-10-26T21:36:10Z Saw new header hash=70c9adc25a2bac543683db75437df7f4fe988eed1a20f28a92332e11bd8032e8 height=460
2025-10-26T21:36:10Z Saw new cmpctblock header hash=70c9adc25a2bac543683db75437df7f4fe988eed1a20f28a92332e11bd8032e8 peer=1
2025-10-26T21:36:10Z UpdateTip: new best=70c9adc25a2bac543683db75437df7f4fe988eed1a20f28a92332e11bd8032e8 height=460 version=0x20000000 log2_work=9.848623 tx=1869 date='2025-10-26T21:36:33Z' progress=1.000000 cache=0.3MiB(984txo)
2025-10-26T21:36:10Z Saw new header hash=71287f2f8f1dde1fabe8e2eaf307446c5c4bb2767eddccc139e7e2abf7f4872f height=461
2025-10-26T21:36:10Z Saw new cmpctblock header hash=71287f2f8f1dde1fabe8e2eaf307446c5c4bb2767eddccc139e7e2abf7f4872f peer=1
2025-10-26T21:36:10Z UpdateTip: new best=71287f2f8f1dde1fabe8e2eaf307446c5c4bb2767eddccc139e7e2abf7f4872f height=461 version=0x20000000 log2_work=9.851749 tx=1870 date='2025-10-26T21:36:33Z' progress=1.000000 cache=0.3MiB(985txo)
2025-10-26T21:36:10Z Saw new header hash=296a79fa10ad6bb791a15498ff54cca39244f0d9cedd34cce00a33e0e3b25be4 height=462
2025-10-26T21:36:10Z Saw new cmpctblock header hash=296a79fa10ad6bb791a15498ff54cca39244f0d9cedd34cce00a33e0e3b25be4 peer=1
2025-10-26T21:36:10Z UpdateTip: new best=296a79fa10ad6bb791a15498ff54cca39244f0d9cedd34cce00a33e0e3b25be4 height=462 version=0x20000000 log2_work=9.854868 tx=1871 date='2025-10-26T21:36:33Z' progress=1.000000 cache=0.3MiB(986txo)
2025-10-26T21:36:10Z Saw new header hash=3462f1e45609a993cbcfe22fbec055b2bfa930472c4a5634558adada02c8ef5e height=463
2025-10-26T21:36:10Z Saw new cmpctblock header hash=3462f1e45609a993cbcfe22fbec055b2bfa930472c4a5634558adada02c8ef5e peer=1
2025-10-26T21:36:10Z UpdateTip: new best=3462f1e45609a993cbcfe22fbec055b2bfa930472c4a5634558adada02c8ef5e height=463 version=0x20000000 log2_work=9.857981 tx=1872 date='2025-10-26T21:36:33Z' progress=1.000000 cache=0.3MiB(987txo)
2025-10-26T21:36:10Z Saw new header hash=3e7ab8c2334d7d899ec3668bcc0124454a1533677be5822c3ce49739e035b78d height=464
2025-10-26T21:36:10Z Saw new cmpctblock header hash=3e7ab8c2334d7d899ec3668bcc0124454a1533677be5822c3ce49739e035b78d peer=0
2025-10-26T21:36:10Z UpdateTip: new best=3e7ab8c2334d7d899ec3668bcc0124454a1533677be5822c3ce49739e035b78d height=464 version=0x20000000 log2_work=9.861087 tx=1873 date='2025-10-26T21:36:34Z' progress=1.000000 cache=0.3MiB(988txo)
2025-10-26T21:36:10Z Saw new header hash=06009ef5b531e6a378114e4644a31ff585c312f1f209ef8abcec1988db5408f4 height=465
2025-10-26T21:36:10Z Saw new cmpctblock header hash=06009ef5b531e6a378114e4644a31ff585c312f1f209ef8abcec1988db5408f4 peer=1
2025-10-26T21:36:10Z UpdateTip: new best=06009ef5b531e6a378114e4644a31ff585c312f1f209ef8abcec1988db5408f4 height=465 version=0x20000000 log2_work=9.864186 tx=1874 date='2025-10-26T21:36:34Z' progress=1.000000 cache=0.3MiB(989txo)
2025-10-26T21:36:10Z Saw new header hash=29ec21ad4d333c6d3dcb6a9d8bae5616ea059c153787861928837686170c72a8 height=466
2025-10-26T21:36:10Z Saw new cmpctblock header hash=29ec21ad4d333c6d3dcb6a9d8bae5616ea059c153787861928837686170c72a8 peer=0
2025-10-26T21:36:10Z UpdateTip: new best=29ec21ad4d333c6d3dcb6a9d8bae5616ea059c153787861928837686170c72a8 height=466 version=0x20000000 log2_work=9.867279 tx=1875 date='2025-10-26T21:36:34Z' progress=1.000000 cache=0.3MiB(990txo)
2025-10-26T21:36:10Z Saw new header hash=52517b81c2b7d73c029bfcbc083aabb2383b0f91e46d6059e208861cc2f816a7 height=467
2025-10-26T21:36:10Z Saw new cmpctblock header hash=52517b81c2b7d73c029bfcbc083aabb2383b0f91e46d6059e208861cc2f816a7 peer=0
2025-10-26T21:36:10Z UpdateTip: new best=52517b81c2b7d73c029bfcbc083aabb2383b0f91e46d6059e208861cc2f816a7 height=467 version=0x20000000 log2_work=9.870365 tx=1876 date='2025-10-26T21:36:34Z' progress=1.000000 cache=0.3MiB(991txo)
2025-10-26T21:36:10Z Saw new header hash=791e78c6b4efcd75a139a36bc1c5eb034c70c29f6d0809d8d1e6d0e333d12ff6 height=468
2025-10-26T21:36:10Z Saw new cmpctblock header hash=791e78c6b4efcd75a139a36bc1c5eb034c70c29f6d0809d8d1e6d0e333d12ff6 peer=0
2025-10-26T21:36:10Z UpdateTip: new best=791e78c6b4efcd75a139a36bc1c5eb034c70c29f6d0809d8d1e6d0e333d12ff6 height=468 version=0x20000000 log2_work=9.873444 tx=1877 date='2025-10-26T21:36:34Z' progress=1.000000 cache=0.3MiB(992txo)
2025-10-26T21:36:10Z Saw new header hash=248a317350a56e3d07dd57610f21671c5b7461b9eae5cc6d03be309f1fd101b8 height=469
2025-10-26T21:36:10Z Saw new cmpctblock header hash=248a317350a56e3d07dd57610f21671c5b7461b9eae5cc6d03be309f1fd101b8 peer=1
2025-10-26T21:36:10Z UpdateTip: new best=248a317350a56e3d07dd57610f21671c5b7461b9eae5cc6d03be309f1fd101b8 height=469 version=0x20000000 log2_work=9.876517 tx=1878 date='2025-10-26T21:36:34Z' progress=1.000000 cache=0.3MiB(993txo)
2025-10-26T21:36:10Z Saw new header hash=5e1020480dc29a6162c55bd919a47098e18ecb195c122de567af3368e6c6fc9b height=470
2025-10-26T21:36:10Z Saw new cmpctblock header hash=5e1020480dc29a6162c55bd919a47098e18ecb195c122de567af3368e6c6fc9b peer=0
2025-10-26T21:36:10Z UpdateTip: new best=5e1020480dc29a6162c55bd919a47098e18ecb195c122de567af3368e6c6fc9b height=470 version=0x20000000 log2_work=9.879583 tx=1879 date='2025-10-26T21:36:35Z' progress=1.000000 cache=0.3MiB(994txo)
2025-10-26T21:36:10Z Saw new header hash=7b6144b45b84a8d6299303a018a621f8d31f6806214027fa29e7a132454db2a6 height=471
2025-10-26T21:36:10Z Saw new cmpctblock header hash=7b6144b45b84a8d6299303a018a621f8d31f6806214027fa29e7a132454db2a6 peer=1
2025-10-26T21:36:10Z UpdateTip: new best=7b6144b45b84a8d6299303a018a621f8d31f6806214027fa29e7a132454db2a6 height=471 version=0x20000000 log2_work=9.882643 tx=1880 date='2025-10-26T21:36:35Z' progress=1.000000 cache=0.3MiB(995txo)
2025-10-26T21:36:10Z Saw new header hash=077e6ddbcb9d60ef84923dac36dd90ecd2ee4f8c73d0688ff4386fbecb0d4d3f height=472
2025-10-26T21:36:10Z Saw new cmpctblock header hash=077e6ddbcb9d60ef84923dac36dd90ecd2ee4f8c73d0688ff4386fbecb0d4d3f peer=1
2025-10-26T21:36:10Z UpdateTip: new best=077e6ddbcb9d60ef84923dac36dd90ecd2ee4f8c73d0688ff4386fbecb0d4d3f height=472 version=0x20000000 log2_work=9.885696 tx=1881 date='2025-10-26T21:36:35Z' progress=1.000000 cache=0.3MiB(996txo)
2025-10-26T21:36:10Z Saw new header hash=67d4a377ecc8aab126ce6246aa9c0f462af87ac546e07d1a2a15f2b540645f47 height=473
2025-10-26T21:36:10Z Saw new cmpctblock header hash=67d4a377ecc8aab126ce6246aa9c0f462af87ac546e07d1a2a15f2b540645f47 peer=1
2025-10-26T21:36:10Z UpdateTip: new best=67d4a377ecc8aab126ce6246aa9c0f462af87ac546e07d1a2a15f2b540645f47 height=473 version=0x20000000 log2_work=9.888743 tx=1882 date='2025-10-26T21:36:35Z' progress=1.000000 cache=0.3MiB(997txo)
2025-10-26T21:36:10Z Saw new header hash=455a59b432b30511f56023500415bfb16b8815ffc80f20c400e2930cb1ed5456 height=474
2025-10-26T21:36:10Z Saw new cmpctblock header hash=455a59b432b30511f56023500415bfb16b8815ffc80f20c400e2930cb1ed5456 peer=1
2025-10-26T21:36:10Z UpdateTip: new best=455a59b432b30511f56023500415bfb16b8815ffc80f20c400e2930cb1ed5456 height=474 version=0x20000000 log2_work=9.891784 tx=1883 date='2025-10-26T21:36:35Z' progress=1.000000 cache=0.3MiB(998txo)
2025-10-26T21:36:10Z Saw new header hash=3ba978b8cece88d55ae9259977376e56c93a844e2a8daf7990e8dfcf6f96dfa9 height=475
2025-10-26T21:36:10Z Saw new cmpctblock header hash=3ba978b8cece88d55ae9259977376e56c93a844e2a8daf7990e8dfcf6f96dfa9 peer=1
2025-10-26T21:36:10Z UpdateTip: new best=3ba978b8cece88d55ae9259977376e56c93a844e2a8daf7990e8dfcf6f96dfa9 height=475 version=0x20000000 log2_work=9.894818 tx=1884 date='2025-10-26T21:36:35Z' progress=1.000000 cache=0.3MiB(999txo)
2025-10-26T21:36:10Z Saw new header hash=6317c33ed855c6a20264283e7baa7696d2b8da0419ac9bc5e6fe674ab07938bf height=476
2025-10-26T21:36:10Z Saw new cmpctblock header hash=6317c33ed855c6a20264283e7baa7696d2b8da0419ac9bc5e6fe674ab07938bf peer=0
2025-10-26T21:36:10Z UpdateTip: new best=6317c33ed855c6a20264283e7baa7696d2b8da0419ac9bc5e6fe674ab07938bf height=476 version=0x20000000 log2_work=9.897845 tx=1885 date='2025-10-26T21:36:36Z' progress=1.000000 cache=0.3MiB(1000txo)
2025-10-26T21:36:10Z Saw new header hash=31046c508f362fbadec222c576669dbdc68f0f096cb634d99c99dd8ae0c3ac6d height=477
2025-10-26T21:36:10Z Saw new cmpctblock header hash=31046c508f362fbadec222c576669dbdc68f0f096cb634d99c99dd8ae0c3ac6d peer=0
2025-10-26T21:36:10Z UpdateTip: new best=31046c508f362fbadec222c576669dbdc68f0f096cb634d99c99dd8ae0c3ac6d height=477 version=0x20000000 log2_work=9.900867 tx=1886 date='2025-10-26T21:36:36Z' progress=1.000000 cache=0.3MiB(1001txo)
2025-10-26T21:36:10Z Saw new header hash=44fb9dc167dea8b7ed710f6338157ceddd672897d79554f1810607e54dff3c3d height=478
2025-10-26T21:36:10Z Saw new cmpctblock header hash=44fb9dc167dea8b7ed710f6338157ceddd672897d79554f1810607e54dff3c3d peer=0
2025-10-26T21:36:10Z UpdateTip: new best=44fb9dc167dea8b7ed710f6338157ceddd672897d79554f1810607e54dff3c3d height=478 version=0x20000000 log2_work=9.903882 tx=1887 date='2025-10-26T21:36:36Z' progress=1.000000 cache=0.3MiB(1002txo)
2025-10-26T21:36:15Z Saw new header hash=0b56aac24b0dc73c52f72b0f7fa7d886baea7613a98393b827a954b74860bea8 height=479
2025-10-26T21:36:15Z Saw new cmpctblock header hash=0b56aac24b0dc73c52f72b0f7fa7d886baea7613a98393b827a954b74860bea8 peer=0
2025-10-26T21:36:15Z UpdateTip: new best=0b56aac24b0dc73c52f72b0f7fa7d886baea7613a98393b827a954b74860bea8 height=479 version=0x20000000 log2_work=9.906891 tx=1912 date='2025-10-26T21:36:36Z' progress=1.000000 cache=0.3MiB(1024txo)
2025-10-26T21:36:20Z Saw new header hash=185b7075309728c486c78f3681d9aa7b920b289fc536bf269164c2fe9647143c height=480
2025-10-26T21:36:20Z Saw new cmpctblock header hash=185b7075309728c486c78f3681d9aa7b920b289fc536bf269164c2fe9647143c peer=1
2025-10-26T21:36:20Z UpdateTip: new best=185b7075309728c486c78f3681d9aa7b920b289fc536bf269164c2fe9647143c height=480 version=0x20000000 log2_work=9.909893 tx=1945 date='2025-10-26T21:36:36Z' progress=1.000000 cache=0.3MiB(1046txo)
2025-10-26T21:36:26Z Saw new header hash=6617880fa4232b727b901a0cd17d7573bfbaa76afc9ad1e0d9e6b547d6b8277c height=481
2025-10-26T21:36:26Z Saw new cmpctblock header hash=6617880fa4232b727b901a0cd17d7573bfbaa76afc9ad1e0d9e6b547d6b8277c peer=0
2025-10-26T21:36:26Z UpdateTip: new best=6617880fa4232b727b901a0cd17d7573bfbaa76afc9ad1e0d9e6b547d6b8277c height=481 version=0x20000000 log2_work=9.912889 tx=1978 date='2025-10-26T21:36:36Z' progress=1.000000 cache=0.3MiB(1065txo)
2025-10-26T21:36:30Z Saw new header hash=4a10db88763d3ef886074caec161037483e4d5fa8efc005890299bf96a6186fe height=482
2025-10-26T21:36:30Z Saw new cmpctblock header hash=4a10db88763d3ef886074caec161037483e4d5fa8efc005890299bf96a6186fe peer=0
2025-10-26T21:36:30Z UpdateTip: new best=4a10db88763d3ef886074caec161037483e4d5fa8efc005890299bf96a6186fe height=482 version=0x20000000 log2_work=9.915879 tx=2005 date='2025-10-26T21:36:37Z' progress=1.000000 cache=0.3MiB(1089txo)
2025-10-26T21:36:35Z Saw new header hash=4f5c433a63c8d4dede12833824e3208d9c6752e2e8b77816bcbb48637c9ba65d height=483
2025-10-26T21:36:35Z Saw new cmpctblock header hash=4f5c433a63c8d4dede12833824e3208d9c6752e2e8b77816bcbb48637c9ba65d peer=0
2025-10-26T21:36:35Z UpdateTip: new best=4f5c433a63c8d4dede12833824e3208d9c6752e2e8b77816bcbb48637c9ba65d height=483 version=0x20000000 log2_work=9.918863 tx=2039 date='2025-10-26T21:36:37Z' progress=1.000000 cache=0.3MiB(1119txo)
2025-10-26T21:36:41Z Saw new header hash=12207e3481c5d7c45fd363ae7d7753f7d604a14beda17a9224e4d1d72a840b1a height=484
2025-10-26T21:36:41Z Saw new cmpctblock header hash=12207e3481c5d7c45fd363ae7d7753f7d604a14beda17a9224e4d1d72a840b1a peer=1
2025-10-26T21:36:41Z UpdateTip: new best=12207e3481c5d7c45fd363ae7d7753f7d604a14beda17a9224e4d1d72a840b1a height=484 version=0x20000000 log2_work=9.921841 tx=2073 date='2025-10-26T21:36:37Z' progress=1.000000 cache=0.3MiB(1143txo)
2025-10-26T21:36:45Z Saw new header hash=0894f7c96cf2f78186e1049f78a14453ef38922644feb3fe80b5850f5a3f3736 height=485
2025-10-26T21:36:45Z Saw new cmpctblock header hash=0894f7c96cf2f78186e1049f78a14453ef38922644feb3fe80b5850f5a3f3736 peer=1
2025-10-26T21:36:45Z UpdateTip: new best=0894f7c96cf2f78186e1049f78a14453ef38922644feb3fe80b5850f5a3f3736 height=485 version=0x20000000 log2_work=9.924813 tx=2103 date='2025-10-26T21:36:41Z' progress=1.000000 cache=0.3MiB(1153txo)
2025-10-26T21:36:50Z Saw new header hash=221edfa779b1a2566f510ea4e6df5708a9048c6f038c839bdd2b403e5b036f58 height=486
2025-10-26T21:36:50Z Saw new cmpctblock header hash=221edfa779b1a2566f510ea4e6df5708a9048c6f038c839bdd2b403e5b036f58 peer=0
2025-10-26T21:36:50Z UpdateTip: new best=221edfa779b1a2566f510ea4e6df5708a9048c6f038c839bdd2b403e5b036f58 height=486 version=0x20000000 log2_work=9.927778 tx=2134 date='2025-10-26T21:36:47Z' progress=1.000000 cache=0.3MiB(1174txo)
2025-10-26T21:36:56Z Saw new header hash=062dd9161e320e1c54db96aa0f84b6be864e06150762fece6ef1f7b97e6ec024 height=487
2025-10-26T21:36:56Z Saw new cmpctblock header hash=062dd9161e320e1c54db96aa0f84b6be864e06150762fece6ef1f7b97e6ec024 peer=1
2025-10-26T21:36:56Z UpdateTip: new best=062dd9161e320e1c54db96aa0f84b6be864e06150762fece6ef1f7b97e6ec024 height=487 version=0x20000000 log2_work=9.930737 tx=2168 date='2025-10-26T21:36:52Z' progress=1.000000 cache=0.3MiB(1198txo)
2025-10-26T21:37:00Z Saw new header hash=412b59c3adfcdc13d5fe78c6ab7281c9d5309ea14a72b620fcfac7595c5b0284 height=488
2025-10-26T21:37:00Z Saw new cmpctblock header hash=412b59c3adfcdc13d5fe78c6ab7281c9d5309ea14a72b620fcfac7595c5b0284 peer=1
2025-10-26T21:37:00Z UpdateTip: new best=412b59c3adfcdc13d5fe78c6ab7281c9d5309ea14a72b620fcfac7595c5b0284 height=488 version=0x20000000 log2_work=9.933691 tx=2199 date='2025-10-26T21:36:57Z' progress=1.000000 cache=0.3MiB(1218txo)
2025-10-26T21:37:07Z Saw new header hash=75ed6281a3ff08471b09d69019001010577411895778752fc83e01960bacef27 height=489
2025-10-26T21:37:07Z Saw new cmpctblock header hash=75ed6281a3ff08471b09d69019001010577411895778752fc83e01960bacef27 peer=0
2025-10-26T21:37:07Z UpdateTip: new best=75ed6281a3ff08471b09d69019001010577411895778752fc83e01960bacef27 height=489 version=0x20000000 log2_work=9.936638 tx=2230 date='2025-10-26T21:37:02Z' progress=1.000000 cache=0.3MiB(1243txo)
2025-10-26T21:37:12Z Saw new header hash=6823ab12d633e120e13f7816fdbbb789a8bb23026c5b4b65293045e5a4765316 height=490
2025-10-26T21:37:12Z Saw new cmpctblock header hash=6823ab12d633e120e13f7816fdbbb789a8bb23026c5b4b65293045e5a4765316 peer=0
2025-10-26T21:37:12Z UpdateTip: new best=6823ab12d633e120e13f7816fdbbb789a8bb23026c5b4b65293045e5a4765316 height=490 version=0x20000000 log2_work=9.939579 tx=2249 date='2025-10-26T21:37:07Z' progress=1.000000 cache=0.3MiB(1258txo)
2025-10-26T21:37:17Z Saw new header hash=66b00dd2b7dbac9332c5f9eff476a138032aa8c29c2b125686c756a74ed15303 height=491
2025-10-26T21:37:17Z Saw new cmpctblock header hash=66b00dd2b7dbac9332c5f9eff476a138032aa8c29c2b125686c756a74ed15303 peer=1
2025-10-26T21:37:17Z UpdateTip: new best=66b00dd2b7dbac9332c5f9eff476a138032aa8c29c2b125686c756a74ed15303 height=491 version=0x20000000 log2_work=9.942515 tx=2273 date='2025-10-26T21:37:12Z' progress=1.000000 cache=0.3MiB(1272txo)
2025-10-26T21:37:22Z Saw new header hash=2b19f7db3b1b8f87fd570782b8163c51f0c4402fec1073c879cae9f140a731eb height=492
2025-10-26T21:37:22Z Saw new cmpctblock header hash=2b19f7db3b1b8f87fd570782b8163c51f0c4402fec1073c879cae9f140a731eb peer=1
2025-10-26T21:37:22Z UpdateTip: new best=2b19f7db3b1b8f87fd570782b8163c51f0c4402fec1073c879cae9f140a731eb height=492 version=0x20000000 log2_work=9.945444 tx=2294 date='2025-10-26T21:37:17Z' progress=1.000000 cache=0.3MiB(1278txo)
2025-10-26T21:37:39Z Saw new header hash=014c261274445237b1f2f2b5c9c07bff5f7112dd94047be845e87e80bf6b5ad5 height=493
2025-10-26T21:37:39Z Saw new cmpctblock header hash=014c261274445237b1f2f2b5c9c07bff5f7112dd94047be845e87e80bf6b5ad5 peer=0
2025-10-26T21:37:39Z UpdateTip: new best=014c261274445237b1f2f2b5c9c07bff5f7112dd94047be845e87e80bf6b5ad5 height=493 version=0x20000000 log2_work=9.948367 tx=2311 date='2025-10-26T21:37:23Z' progress=1.000000 cache=0.3MiB(1291txo)
2025-10-26T21:37:57Z Saw new header hash=7ae05825004fafdc53a8f1670008bd9ed66ee01de7acf2a083d3eab5c75e10e1 height=494
2025-10-26T21:37:57Z Saw new cmpctblock header hash=7ae05825004fafdc53a8f1670008bd9ed66ee01de7acf2a083d3eab5c75e10e1 peer=0
2025-10-26T21:37:57Z UpdateTip: new best=7ae05825004fafdc53a8f1670008bd9ed66ee01de7acf2a083d3eab5c75e10e1 height=494 version=0x20000000 log2_work=9.951285 tx=2318 date='2025-10-26T21:37:49Z' progress=1.000000 cache=0.3MiB(1295txo)
2025-10-26T21:37:57Z Saw new header hash=23c275c6f6224ef3420d7a018813bedd7023ebcb5d7e2d18395aaf73d71a9803 height=495
2025-10-26T21:37:57Z Saw new cmpctblock header hash=23c275c6f6224ef3420d7a018813bedd7023ebcb5d7e2d18395aaf73d71a9803 peer=0
2025-10-26T21:37:57Z UpdateTip: new best=23c275c6f6224ef3420d7a018813bedd7023ebcb5d7e2d18395aaf73d71a9803 height=495 version=0x20000000 log2_work=9.954196 tx=2319 date='2025-10-26T21:37:49Z' progress=1.000000 cache=0.3MiB(1296txo)
2025-10-26T21:37:57Z Saw new header hash=4b3b10726db739bf66b9972c5a97bd2f9e41a65f8f51d37c88ecf6e9de5718c2 height=496
2025-10-26T21:37:57Z Saw new cmpctblock header hash=4b3b10726db739bf66b9972c5a97bd2f9e41a65f8f51d37c88ecf6e9de5718c2 peer=0
2025-10-26T21:37:57Z UpdateTip: new best=4b3b10726db739bf66b9972c5a97bd2f9e41a65f8f51d37c88ecf6e9de5718c2 height=496 version=0x20000000 log2_work=9.957102 tx=2320 date='2025-10-26T21:37:49Z' progress=1.000000 cache=0.3MiB(1297txo)
2025-10-26T21:37:57Z Saw new header hash=1cc78df7e599a124d934d7c43f0176edcf6284801bd1eaa62cb2bb61609813c7 height=497
2025-10-26T21:37:57Z Saw new cmpctblock header hash=1cc78df7e599a124d934d7c43f0176edcf6284801bd1eaa62cb2bb61609813c7 peer=1
2025-10-26T21:37:57Z UpdateTip: new best=1cc78df7e599a124d934d7c43f0176edcf6284801bd1eaa62cb2bb61609813c7 height=497 version=0x20000000 log2_work=9.960002 tx=2321 date='2025-10-26T21:37:49Z' progress=1.000000 cache=0.3MiB(1298txo)
2025-10-26T21:37:57Z Saw new header hash=4e73fe59c7ef68a903bb48d37ac7b621a4f406a1c6bac35992c710d0c3d3f9e5 height=498
2025-10-26T21:37:57Z Saw new cmpctblock header hash=4e73fe59c7ef68a903bb48d37ac7b621a4f406a1c6bac35992c710d0c3d3f9e5 peer=1
2025-10-26T21:37:57Z UpdateTip: new best=4e73fe59c7ef68a903bb48d37ac7b621a4f406a1c6bac35992c710d0c3d3f9e5 height=498 version=0x20000000 log2_work=9.962896 tx=2322 date='2025-10-26T21:37:49Z' progress=1.000000 cache=0.3MiB(1299txo)
2025-10-26T21:37:57Z Saw new header hash=6e3850c6217b93dcd5d6af0d4326f3a08c7e9024184b31b2e1c3d660acbe7de6 height=499
2025-10-26T21:37:57Z Saw new cmpctblock header hash=6e3850c6217b93dcd5d6af0d4326f3a08c7e9024184b31b2e1c3d660acbe7de6 peer=1
2025-10-26T21:37:57Z UpdateTip: new best=6e3850c6217b93dcd5d6af0d4326f3a08c7e9024184b31b2e1c3d660acbe7de6 height=499 version=0x20000000 log2_work=9.965784 tx=2323 date='2025-10-26T21:37:49Z' progress=1.000000 cache=0.3MiB(1300txo)
2025-10-26T21:37:57Z Saw new header hash=7b3034976c04ba230b9db6ebedd245b18c0e81730c9b885849bf4177c602091e height=500
2025-10-26T21:37:57Z Saw new cmpctblock header hash=7b3034976c04ba230b9db6ebedd245b18c0e81730c9b885849bf4177c602091e peer=1
2025-10-26T21:37:57Z UpdateTip: new best=7b3034976c04ba230b9db6ebedd245b18c0e81730c9b885849bf4177c602091e height=500 version=0x20000000 log2_work=9.968667 tx=2324 date='2025-10-26T21:37:50Z' progress=1.000000 cache=0.3MiB(1301txo)
2025-10-26T21:37:57Z Saw new header hash=1bcd3f59b400c9c25dc373e1e1f4b9c6714283942583b51441fa8a7fae4dda57 height=501
2025-10-26T21:37:57Z Saw new cmpctblock header hash=1bcd3f59b400c9c25dc373e1e1f4b9c6714283942583b51441fa8a7fae4dda57 peer=0
2025-10-26T21:37:57Z UpdateTip: new best=1bcd3f59b400c9c25dc373e1e1f4b9c6714283942583b51441fa8a7fae4dda57 height=501 version=0x20000000 log2_work=9.971544 tx=2325 date='2025-10-26T21:37:50Z' progress=1.000000 cache=0.3MiB(1302txo)
2025-10-26T21:37:57Z Saw new header hash=3956e78bb0ae5d13429ca73cc420143da7bd838b669962df306c54dd575da480 height=502
2025-10-26T21:37:57Z Saw new cmpctblock header hash=3956e78bb0ae5d13429ca73cc420143da7bd838b669962df306c54dd575da480 peer=1
2025-10-26T21:37:57Z UpdateTip: new best=3956e78bb0ae5d13429ca73cc420143da7bd838b669962df306c54dd575da480 height=502 version=0x20000000 log2_work=9.974415 tx=2326 date='2025-10-26T21:37:50Z' progress=1.000000 cache=0.3MiB(1303txo)
2025-10-26T21:37:57Z Saw new header hash=78f6563f18563af6b552ac1462a3596afd930144761f72d0accb9db41b49dbac height=503
2025-10-26T21:37:57Z Saw new cmpctblock header hash=78f6563f18563af6b552ac1462a3596afd930144761f72d0accb9db41b49dbac peer=0
2025-10-26T21:37:57Z UpdateTip: new best=78f6563f18563af6b552ac1462a3596afd930144761f72d0accb9db41b49dbac height=503 version=0x20000000 log2_work=9.977280 tx=2327 date='2025-10-26T21:37:50Z' progress=1.000000 cache=0.3MiB(1304txo)
2025-10-26T21:37:57Z Saw new header hash=239c4d344c9c3284aa7fa1e8be551254161a6a62df831ad64cd5e34ac3a5b4d0 height=504
2025-10-26T21:37:57Z Saw new cmpctblock header hash=239c4d344c9c3284aa7fa1e8be551254161a6a62df831ad64cd5e34ac3a5b4d0 peer=1
2025-10-26T21:37:57Z UpdateTip: new best=239c4d344c9c3284aa7fa1e8be551254161a6a62df831ad64cd5e34ac3a5b4d0 height=504 version=0x20000000 log2_work=9.980140 tx=2328 date='2025-10-26T21:37:50Z' progress=1.000000 cache=0.3MiB(1305txo)
2025-10-26T21:37:57Z Saw new header hash=0a47d486a0e34c4ab8f8ccfa8a6ce7fe197d59ef8d7923e65e5ff325c64f7b2a height=505
2025-10-26T21:37:58Z Saw new cmpctblock header hash=0a47d486a0e34c4ab8f8ccfa8a6ce7fe197d59ef8d7923e65e5ff325c64f7b2a peer=0
2025-10-26T21:37:58Z UpdateTip: new best=0a47d486a0e34c4ab8f8ccfa8a6ce7fe197d59ef8d7923e65e5ff325c64f7b2a height=505 version=0x20000000 log2_work=9.982994 tx=2329 date='2025-10-26T21:37:50Z' progress=1.000000 cache=0.3MiB(1306txo)
2025-10-26T21:37:58Z Saw new header hash=547b571b988f2fa068d31fa5fd6f617889f25a6567ab736435a9ee87dafc076b height=506
2025-10-26T21:37:58Z Saw new cmpctblock header hash=547b571b988f2fa068d31fa5fd6f617889f25a6567ab736435a9ee87dafc076b peer=1
2025-10-26T21:37:58Z UpdateTip: new best=547b571b988f2fa068d31fa5fd6f617889f25a6567ab736435a9ee87dafc076b height=506 version=0x20000000 log2_work=9.985842 tx=2330 date='2025-10-26T21:37:51Z' progress=1.000000 cache=0.3MiB(1307txo)
2025-10-26T21:37:58Z Saw new header hash=20c5dedf5537504819a7554cb401678e52a8b166411e4a9f590ec16923becc65 height=507
2025-10-26T21:37:58Z Saw new cmpctblock header hash=20c5dedf5537504819a7554cb401678e52a8b166411e4a9f590ec16923becc65 peer=0
2025-10-26T21:37:58Z UpdateTip: new best=20c5dedf5537504819a7554cb401678e52a8b166411e4a9f590ec16923becc65 height=507 version=0x20000000 log2_work=9.988685 tx=2331 date='2025-10-26T21:37:51Z' progress=1.000000 cache=0.3MiB(1308txo)
2025-10-26T21:37:58Z Saw new header hash=198e2819741749840149be807556715f8eabef57629155eaa9521b6c2468a277 height=508
2025-10-26T21:37:58Z Saw new cmpctblock header hash=198e2819741749840149be807556715f8eabef57629155eaa9521b6c2468a277 peer=1
2025-10-26T21:37:58Z UpdateTip: new best=198e2819741749840149be807556715f8eabef57629155eaa9521b6c2468a277 height=508 version=0x20000000 log2_work=9.991522 tx=2332 date='2025-10-26T21:37:51Z' progress=1.000000 cache=0.3MiB(1309txo)
2025-10-26T21:37:58Z Saw new header hash=588715f5fbe084395e26308bdf4543532a29f5697ca710947aae11bab2c4ba3c height=509
2025-10-26T21:37:58Z Saw new cmpctblock header hash=588715f5fbe084395e26308bdf4543532a29f5697ca710947aae11bab2c4ba3c peer=0
2025-10-26T21:37:58Z UpdateTip: new best=588715f5fbe084395e26308bdf4543532a29f5697ca710947aae11bab2c4ba3c height=509 version=0x20000000 log2_work=9.994353 tx=2333 date='2025-10-26T21:37:51Z' progress=1.000000 cache=0.3MiB(1310txo)
2025-10-26T21:37:58Z Saw new header hash=1d34275005d600affa20dd7d143bb5ea396d6b3f6f61f0c5ed5fdd36b075a843 height=510
2025-10-26T21:37:58Z Saw new cmpctblock header hash=1d34275005d600affa20dd7d143bb5ea396d6b3f6f61f0c5ed5fdd36b075a843 peer=0
2025-10-26T21:37:58Z UpdateTip: new best=1d34275005d600affa20dd7d143bb5ea396d6b3f6f61f0c5ed5fdd36b075a843 height=510 version=0x20000000 log2_work=9.997179 tx=2334 date='2025-10-26T21:37:51Z' progress=1.000000 cache=0.3MiB(1311txo)
2025-10-26T21:37:58Z Saw new header hash=0b2a59eb8d8080e1369bf8e2a65c0d2f78e207292f5a78779fc45ad6be7516fd height=511
2025-10-26T21:37:58Z Saw new cmpctblock header hash=0b2a59eb8d8080e1369bf8e2a65c0d2f78e207292f5a78779fc45ad6be7516fd peer=0
2025-10-26T21:37:58Z UpdateTip: new best=0b2a59eb8d8080e1369bf8e2a65c0d2f78e207292f5a78779fc45ad6be7516fd height=511 version=0x20000000 log2_work=10.000000 tx=2335 date='2025-10-26T21:37:51Z' progress=1.000000 cache=0.3MiB(1312txo)
2025-10-26T21:37:58Z Saw new header hash=439a23dc4b0fb8fa85c98d774bce2e25aa8d55e0ed28f48a49c45c8a04123045 height=512
2025-10-26T21:37:58Z Saw new cmpctblock header hash=439a23dc4b0fb8fa85c98d774bce2e25aa8d55e0ed28f48a49c45c8a04123045 peer=0
2025-10-26T21:37:58Z UpdateTip: new best=439a23dc4b0fb8fa85c98d774bce2e25aa8d55e0ed28f48a49c45c8a04123045 height=512 version=0x20000000 log2_work=10.002815 tx=2336 date='2025-10-26T21:37:52Z' progress=1.000000 cache=0.3MiB(1313txo)
2025-10-26T21:37:58Z Saw new header hash=330b9c67d920037f35e8037cfb8c9de04763482a6094b962aa383b0ffb382084 height=513
2025-10-26T21:37:58Z Saw new cmpctblock header hash=330b9c67d920037f35e8037cfb8c9de04763482a6094b962aa383b0ffb382084 peer=1
2025-10-26T21:37:58Z UpdateTip: new best=330b9c67d920037f35e8037cfb8c9de04763482a6094b962aa383b0ffb382084 height=513 version=0x20000000 log2_work=10.005625 tx=2337 date='2025-10-26T21:37:52Z' progress=1.000000 cache=0.3MiB(1314txo)
2025-10-26T21:37:58Z Saw new header hash=5c6e6faad12a48e3457f4ca3d07a629e4bc4e2b4ae788533989992d0f3343e87 height=514
2025-10-26T21:37:58Z Saw new cmpctblock header hash=5c6e6faad12a48e3457f4ca3d07a629e4bc4e2b4ae788533989992d0f3343e87 peer=1
2025-10-26T21:37:58Z UpdateTip: new best=5c6e6faad12a48e3457f4ca3d07a629e4bc4e2b4ae788533989992d0f3343e87 height=514 version=0x20000000 log2_work=10.008429 tx=2338 date='2025-10-26T21:37:52Z' progress=1.000000 cache=0.3MiB(1315txo)
2025-10-26T21:37:58Z Saw new header hash=6025255c39b446e60ef73d19933002d6a7fb1f5e9154c970d9adb54bfe2a6170 height=515
2025-10-26T21:37:58Z Saw new cmpctblock header hash=6025255c39b446e60ef73d19933002d6a7fb1f5e9154c970d9adb54bfe2a6170 peer=1
2025-10-26T21:37:58Z UpdateTip: new best=6025255c39b446e60ef73d19933002d6a7fb1f5e9154c970d9adb54bfe2a6170 height=515 version=0x20000000 log2_work=10.011227 tx=2339 date='2025-10-26T21:37:52Z' progress=1.000000 cache=0.3MiB(1316txo)
2025-10-26T21:37:58Z Saw new header hash=119bea8891ce7d2a605e90ca142c719382aad5d9ea82a514d09d2775e026950b height=516
2025-10-26T21:37:58Z Saw new cmpctblock header hash=119bea8891ce7d2a605e90ca142c719382aad5d9ea82a514d09d2775e026950b peer=1
2025-10-26T21:37:58Z UpdateTip: new best=119bea8891ce7d2a605e90ca142c719382aad5d9ea82a514d09d2775e026950b height=516 version=0x20000000 log2_work=10.014020 tx=2340 date='2025-10-26T21:37:52Z' progress=1.000000 cache=0.3MiB(1317txo)
2025-10-26T21:37:58Z Saw new header hash=2bd89b826a3b5295acb874e39de1d428472460d4efc975f5254d8328944f6e5e height=517
2025-10-26T21:37:58Z Saw new cmpctblock header hash=2bd89b826a3b5295acb874e39de1d428472460d4efc975f5254d8328944f6e5e peer=1
2025-10-26T21:37:58Z UpdateTip: new best=2bd89b826a3b5295acb874e39de1d428472460d4efc975f5254d8328944f6e5e height=517 version=0x20000000 log2_work=10.016808 tx=2341 date='2025-10-26T21:37:52Z' progress=1.000000 cache=0.3MiB(1318txo)
2025-10-26T21:37:58Z Saw new header hash=3c3a234677f1320b91d4a5abedee741e447ef1e6372c392d1dbf2a4572097992 height=518
2025-10-26T21:37:58Z Saw new cmpctblock header hash=3c3a234677f1320b91d4a5abedee741e447ef1e6372c392d1dbf2a4572097992 peer=1
2025-10-26T21:37:58Z UpdateTip: new best=3c3a234677f1320b91d4a5abedee741e447ef1e6372c392d1dbf2a4572097992 height=518 version=0x20000000 log2_work=10.019591 tx=2342 date='2025-10-26T21:37:53Z' progress=1.000000 cache=0.3MiB(1319txo)
2025-10-26T21:37:58Z Saw new header hash=1d4948b766eb0dfefffcc7eaf3b39e8a19aee28d80d0845f637e11a5f0beede9 height=519
2025-10-26T21:37:58Z Saw new cmpctblock header hash=1d4948b766eb0dfefffcc7eaf3b39e8a19aee28d80d0845f637e11a5f0beede9 peer=0
2025-10-26T21:37:58Z UpdateTip: new best=1d4948b766eb0dfefffcc7eaf3b39e8a19aee28d80d0845f637e11a5f0beede9 height=519 version=0x20000000 log2_work=10.022368 tx=2343 date='2025-10-26T21:37:53Z' progress=1.000000 cache=0.3MiB(1320txo)
2025-10-26T21:37:58Z Saw new header hash=7c6f9033f09056e1d529dae8760444888569c0287f26bbc0ce398a8720d23660 height=520
2025-10-26T21:37:58Z Saw new cmpctblock header hash=7c6f9033f09056e1d529dae8760444888569c0287f26bbc0ce398a8720d23660 peer=0
2025-10-26T21:37:58Z UpdateTip: new best=7c6f9033f09056e1d529dae8760444888569c0287f26bbc0ce398a8720d23660 height=520 version=0x20000000 log2_work=10.025140 tx=2344 date='2025-10-26T21:37:53Z' progress=1.000000 cache=0.3MiB(1321txo)
2025-10-26T21:37:58Z Saw new header hash=2ad346f725c24822f3678a6d427662e67a700033d0909763ca5795f1bca4a3c3 height=521
2025-10-26T21:37:58Z Saw new cmpctblock header hash=2ad346f725c24822f3678a6d427662e67a700033d0909763ca5795f1bca4a3c3 peer=0
2025-10-26T21:37:58Z UpdateTip: new best=2ad346f725c24822f3678a6d427662e67a700033d0909763ca5795f1bca4a3c3 height=521 version=0x20000000 log2_work=10.027906 tx=2345 date='2025-10-26T21:37:53Z' progress=1.000000 cache=0.3MiB(1322txo)
2025-10-26T21:37:58Z Saw new header hash=34658c57ffe60c0000785f6207cdeeb1681b40899db1de63685aec5e0d2fbe70 height=522
2025-10-26T21:37:58Z Saw new cmpctblock header hash=34658c57ffe60c0000785f6207cdeeb1681b40899db1de63685aec5e0d2fbe70 peer=0
2025-10-26T21:37:58Z UpdateTip: new best=34658c57ffe60c0000785f6207cdeeb1681b40899db1de63685aec5e0d2fbe70 height=522 version=0x20000000 log2_work=10.030667 tx=2346 date='2025-10-26T21:37:53Z' progress=1.000000 cache=0.3MiB(1323txo)
2025-10-26T21:37:59Z Saw new header hash=7c1599563621320cb682fd77bca5cf41846c68c2e74f35a1b441d6c5e7a4814f height=523
2025-10-26T21:37:59Z Saw new cmpctblock header hash=7c1599563621320cb682fd77bca5cf41846c68c2e74f35a1b441d6c5e7a4814f peer=1
2025-10-26T21:37:59Z UpdateTip: new best=7c1599563621320cb682fd77bca5cf41846c68c2e74f35a1b441d6c5e7a4814f height=523 version=0x20000000 log2_work=10.033423 tx=2347 date='2025-10-26T21:37:53Z' progress=1.000000 cache=0.3MiB(1324txo)
2025-10-26T21:37:59Z Saw new header hash=3a488616c405a51fdedb2555f45e3f722f886bd9ec8aa8180b3431a73fb0c04a height=524
2025-10-26T21:37:59Z Saw new cmpctblock header hash=3a488616c405a51fdedb2555f45e3f722f886bd9ec8aa8180b3431a73fb0c04a peer=1
2025-10-26T21:37:59Z UpdateTip: new best=3a488616c405a51fdedb2555f45e3f722f886bd9ec8aa8180b3431a73fb0c04a height=524 version=0x20000000 log2_work=10.036174 tx=2348 date='2025-10-26T21:37:54Z' progress=1.000000 cache=0.3MiB(1325txo)
2025-10-26T21:37:59Z Saw new header hash=547820960f8851a693c2c302400e1d8b8d589e2832771ebb450b30bdfd92537e height=525
2025-10-26T21:37:59Z Saw new cmpctblock header hash=547820960f8851a693c2c302400e1d8b8d589e2832771ebb450b30bdfd92537e peer=1
2025-10-26T21:37:59Z UpdateTip: new best=547820960f8851a693c2c302400e1d8b8d589e2832771ebb450b30bdfd92537e height=525 version=0x20000000 log2_work=10.038919 tx=2349 date='2025-10-26T21:37:54Z' progress=1.000000 cache=0.3MiB(1326txo)
2025-10-26T21:37:59Z Saw new header hash=2333a3d0a77a8598e9c8713fe75143a771253cf1e64aa8dcc421875fa08b406c height=526
2025-10-26T21:37:59Z Saw new cmpctblock header hash=2333a3d0a77a8598e9c8713fe75143a771253cf1e64aa8dcc421875fa08b406c peer=1
2025-10-26T21:37:59Z UpdateTip: new best=2333a3d0a77a8598e9c8713fe75143a771253cf1e64aa8dcc421875fa08b406c height=526 version=0x20000000 log2_work=10.041659 tx=2350 date='2025-10-26T21:37:54Z' progress=1.000000 cache=0.3MiB(1327txo)
2025-10-26T21:37:59Z Saw new header hash=351c06621c8bb42c85c11f96587952feff1ba44893bb91d59f74210b0fd7ed31 height=527
2025-10-26T21:37:59Z Saw new cmpctblock header hash=351c06621c8bb42c85c11f96587952feff1ba44893bb91d59f74210b0fd7ed31 peer=0
2025-10-26T21:37:59Z UpdateTip: new best=351c06621c8bb42c85c11f96587952feff1ba44893bb91d59f74210b0fd7ed31 height=527 version=0x20000000 log2_work=10.044394 tx=2351 date='2025-10-26T21:37:54Z' progress=1.000000 cache=0.3MiB(1328txo)
2025-10-26T21:37:59Z Saw new header hash=0da59eff372005431c18554dada1f98192f5f3ea7908c0c663dfe36acf5cce96 height=528
2025-10-26T21:37:59Z Saw new cmpctblock header hash=0da59eff372005431c18554dada1f98192f5f3ea7908c0c663dfe36acf5cce96 peer=1
2025-10-26T21:37:59Z UpdateTip: new best=0da59eff372005431c18554dada1f98192f5f3ea7908c0c663dfe36acf5cce96 height=528 version=0x20000000 log2_work=10.047124 tx=2352 date='2025-10-26T21:37:54Z' progress=1.000000 cache=0.3MiB(1329txo)
2025-10-26T21:37:59Z Saw new header hash=085914504351550de34a207aa2bded2efb5f1602b1e843468ab0c66b306280bc height=529
2025-10-26T21:37:59Z Saw new cmpctblock header hash=085914504351550de34a207aa2bded2efb5f1602b1e843468ab0c66b306280bc peer=1
2025-10-26T21:37:59Z UpdateTip: new best=085914504351550de34a207aa2bded2efb5f1602b1e843468ab0c66b306280bc height=529 version=0x20000000 log2_work=10.049849 tx=2353 date='2025-10-26T21:37:54Z' progress=1.000000 cache=0.3MiB(1330txo)
2025-10-26T21:38:00Z Saw new header hash=759d862b78d10c5965a8ea79c7b417ac5b454858723ae1dd564d189456fa2e0b height=530
2025-10-26T21:38:00Z Saw new cmpctblock header hash=759d862b78d10c5965a8ea79c7b417ac5b454858723ae1dd564d189456fa2e0b peer=0
2025-10-26T21:38:00Z UpdateTip: new best=759d862b78d10c5965a8ea79c7b417ac5b454858723ae1dd564d189456fa2e0b height=530 version=0x20000000 log2_work=10.052568 tx=2354 date='2025-10-26T21:37:55Z' progress=1.000000 cache=0.3MiB(1331txo)
2025-10-26T21:38:00Z Saw new header hash=4944f0c8cafe66fe3ae297ace1acca1a3363ae9b060a8dc8064281dcdea5c484 height=531
2025-10-26T21:38:00Z Saw new cmpctblock header hash=4944f0c8cafe66fe3ae297ace1acca1a3363ae9b060a8dc8064281dcdea5c484 peer=0
2025-10-26T21:38:00Z UpdateTip: new best=4944f0c8cafe66fe3ae297ace1acca1a3363ae9b060a8dc8064281dcdea5c484 height=531 version=0x20000000 log2_work=10.055282 tx=2355 date='2025-10-26T21:37:55Z' progress=1.000000 cache=0.3MiB(1332txo)
2025-10-26T21:38:00Z Saw new header hash=1402ef9d590f558d872451324c184c99b3faf3fe189e13eabce9cae6f2644e94 height=532
2025-10-26T21:38:00Z Saw new cmpctblock header hash=1402ef9d590f558d872451324c184c99b3faf3fe189e13eabce9cae6f2644e94 peer=0
2025-10-26T21:38:00Z UpdateTip: new best=1402ef9d590f558d872451324c184c99b3faf3fe189e13eabce9cae6f2644e94 height=532 version=0x20000000 log2_work=10.057992 tx=2356 date='2025-10-26T21:37:55Z' progress=1.000000 cache=0.3MiB(1333txo)
2025-10-26T21:38:00Z Saw new header hash=67a81119465127e815d2451a194b8431a11902572c09e79921399045f3811ab0 height=533
2025-10-26T21:38:00Z Saw new cmpctblock header hash=67a81119465127e815d2451a194b8431a11902572c09e79921399045f3811ab0 peer=1
2025-10-26T21:38:00Z UpdateTip: new best=67a81119465127e815d2451a194b8431a11902572c09e79921399045f3811ab0 height=533 version=0x20000000 log2_work=10.060696 tx=2357 date='2025-10-26T21:37:55Z' progress=1.000000 cache=0.3MiB(1334txo)
2025-10-26T21:38:00Z Saw new header hash=2dc82627adc67abf06296b29b4361b2046595311e21a9e4f5b329fd03483ec1d height=534
2025-10-26T21:38:00Z Saw new cmpctblock header hash=2dc82627adc67abf06296b29b4361b2046595311e21a9e4f5b329fd03483ec1d peer=1
2025-10-26T21:38:00Z UpdateTip: new best=2dc82627adc67abf06296b29b4361b2046595311e21a9e4f5b329fd03483ec1d height=534 version=0x20000000 log2_work=10.063395 tx=2358 date='2025-10-26T21:37:55Z' progress=1.000000 cache=0.3MiB(1335txo)
2025-10-26T21:38:00Z Saw new header hash=3726b3fe873078f86e525fda295e9e28649c8213fe152ef32a7c8b91a6c84ca6 height=535
2025-10-26T21:38:00Z Saw new cmpctblock header hash=3726b3fe873078f86e525fda295e9e28649c8213fe152ef32a7c8b91a6c84ca6 peer=1
2025-10-26T21:38:00Z UpdateTip: new best=3726b3fe873078f86e525fda295e9e28649c8213fe152ef32a7c8b91a6c84ca6 height=535 version=0x20000000 log2_work=10.066089 tx=2359 date='2025-10-26T21:37:55Z' progress=1.000000 cache=0.3MiB(1336txo)
2025-10-26T21:38:00Z Saw new header hash=4b4fb3d23ed78e877fd15b263fdd0c4040c8b32c406f98ed891f460e09dca626 height=536
2025-10-26T21:38:00Z Saw new cmpctblock header hash=4b4fb3d23ed78e877fd15b263fdd0c4040c8b32c406f98ed891f460e09dca626 peer=0
2025-10-26T21:38:00Z UpdateTip: new best=4b4fb3d23ed78e877fd15b263fdd0c4040c8b32c406f98ed891f460e09dca626 height=536 version=0x20000000 log2_work=10.068778 tx=2360 date='2025-10-26T21:37:56Z' progress=1.000000 cache=0.3MiB(1337txo)
2025-10-26T21:38:00Z Saw new header hash=27944b6a9965d4cd8c9a86572ad1326ff99e279916db10fd6ad2b5bc74556d9c height=537
2025-10-26T21:38:00Z Saw new cmpctblock header hash=27944b6a9965d4cd8c9a86572ad1326ff99e279916db10fd6ad2b5bc74556d9c peer=1
2025-10-26T21:38:00Z UpdateTip: new best=27944b6a9965d4cd8c9a86572ad1326ff99e279916db10fd6ad2b5bc74556d9c height=537 version=0x20000000 log2_work=10.071462 tx=2361 date='2025-10-26T21:37:56Z' progress=1.000000 cache=0.3MiB(1338txo)
2025-10-26T21:38:00Z Saw new header hash=502445a0dc6fc4b8f1fc289fc05a311b716c2e4d2493c53d35f48f1b8b6c1b98 height=538
2025-10-26T21:38:00Z Saw new cmpctblock header hash=502445a0dc6fc4b8f1fc289fc05a311b716c2e4d2493c53d35f48f1b8b6c1b98 peer=0
2025-10-26T21:38:00Z UpdateTip: new best=502445a0dc6fc4b8f1fc289fc05a311b716c2e4d2493c53d35f48f1b8b6c1b98 height=538 version=0x20000000 log2_work=10.074141 tx=2362 date='2025-10-26T21:37:56Z' progress=1.000000 cache=0.3MiB(1339txo)
2025-10-26T21:38:00Z Saw new header hash=3d8ab275455275525e44fac8b5e4cf8a2df4dfa82d75779dd15ce2e10b7737d6 height=539
2025-10-26T21:38:00Z Saw new cmpctblock header hash=3d8ab275455275525e44fac8b5e4cf8a2df4dfa82d75779dd15ce2e10b7737d6 peer=0
2025-10-26T21:38:00Z UpdateTip: new best=3d8ab275455275525e44fac8b5e4cf8a2df4dfa82d75779dd15ce2e10b7737d6 height=539 version=0x20000000 log2_work=10.076816 tx=2363 date='2025-10-26T21:37:56Z' progress=1.000000 cache=0.3MiB(1340txo)
2025-10-26T21:38:00Z Saw new header hash=2dee3c43fc803675da4b2a641dbceec2b3493fb5426032779d99ed4e775c6c80 height=540
2025-10-26T21:38:00Z Saw new cmpctblock header hash=2dee3c43fc803675da4b2a641dbceec2b3493fb5426032779d99ed4e775c6c80 peer=0
2025-10-26T21:38:00Z UpdateTip: new best=2dee3c43fc803675da4b2a641dbceec2b3493fb5426032779d99ed4e775c6c80 height=540 version=0x20000000 log2_work=10.079485 tx=2364 date='2025-10-26T21:37:56Z' progress=1.000000 cache=0.3MiB(1341txo)
2025-10-26T21:38:01Z Saw new header hash=36d0495cee2961fc86d22ad374e58ce0b6b68f345765981630b3dc605581afa1 height=541
2025-10-26T21:38:01Z Saw new cmpctblock header hash=36d0495cee2961fc86d22ad374e58ce0b6b68f345765981630b3dc605581afa1 peer=1
2025-10-26T21:38:01Z UpdateTip: new best=36d0495cee2961fc86d22ad374e58ce0b6b68f345765981630b3dc605581afa1 height=541 version=0x20000000 log2_work=10.082149 tx=2365 date='2025-10-26T21:37:56Z' progress=1.000000 cache=0.3MiB(1342txo)
2025-10-26T21:38:01Z Saw new header hash=49ecd11cbf94c9618cbf3fb200042bf20ebc94f9441a45cb92016a63f4f254ca height=542
2025-10-26T21:38:01Z Saw new cmpctblock header hash=49ecd11cbf94c9618cbf3fb200042bf20ebc94f9441a45cb92016a63f4f254ca peer=0
2025-10-26T21:38:01Z UpdateTip: new best=49ecd11cbf94c9618cbf3fb200042bf20ebc94f9441a45cb92016a63f4f254ca height=542 version=0x20000000 log2_work=10.084808 tx=2366 date='2025-10-26T21:37:57Z' progress=1.000000 cache=0.3MiB(1343txo)
2025-10-26T21:38:01Z Saw new header hash=446979a757cb288c0d9d17e906be9aa0af70762b57c83d920b9237d0188c5ef5 height=543
2025-10-26T21:38:01Z Saw new cmpctblock header hash=446979a757cb288c0d9d17e906be9aa0af70762b57c83d920b9237d0188c5ef5 peer=0
2025-10-26T21:38:01Z UpdateTip: new best=446979a757cb288c0d9d17e906be9aa0af70762b57c83d920b9237d0188c5ef5 height=543 version=0x20000000 log2_work=10.087463 tx=2367 date='2025-10-26T21:37:57Z' progress=1.000000 cache=0.3MiB(1344txo)
2025-10-26T21:38:01Z Saw new header hash=6ea07ecace38134daf2c2bd4ead435876c0dad78e804292d819532845d03178d height=544
2025-10-26T21:38:01Z Saw new cmpctblock header hash=6ea07ecace38134daf2c2bd4ead435876c0dad78e804292d819532845d03178d peer=1
2025-10-26T21:38:01Z UpdateTip: new best=6ea07ecace38134daf2c2bd4ead435876c0dad78e804292d819532845d03178d height=544 version=0x20000000 log2_work=10.090112 tx=2368 date='2025-10-26T21:37:57Z' progress=1.000000 cache=0.3MiB(1345txo)
2025-10-26T21:38:01Z Saw new header hash=367d6f88b01d906c726ee50051f10e0904f7bf2e5239968bf8e3cdbee59f62a4 height=545
2025-10-26T21:38:01Z Saw new cmpctblock header hash=367d6f88b01d906c726ee50051f10e0904f7bf2e5239968bf8e3cdbee59f62a4 peer=1
2025-10-26T21:38:01Z UpdateTip: new best=367d6f88b01d906c726ee50051f10e0904f7bf2e5239968bf8e3cdbee59f62a4 height=545 version=0x20000000 log2_work=10.092757 tx=2369 date='2025-10-26T21:37:57Z' progress=1.000000 cache=0.3MiB(1346txo)
2025-10-26T21:38:01Z Saw new header hash=6176cc70dcd754cc49268c68b9202cb3d73b286f5a986340a135f773c76e21cc height=546
2025-10-26T21:38:01Z Saw new cmpctblock header hash=6176cc70dcd754cc49268c68b9202cb3d73b286f5a986340a135f773c76e21cc peer=0
2025-10-26T21:38:01Z UpdateTip: new best=6176cc70dcd754cc49268c68b9202cb3d73b286f5a986340a135f773c76e21cc height=546 version=0x20000000 log2_work=10.095397 tx=2370 date='2025-10-26T21:37:57Z' progress=1.000000 cache=0.3MiB(1347txo)
2025-10-26T21:38:01Z Saw new header hash=6f718e1481d4eca2ed0217cba117cabbe5eceb2144a058277892caa5f0f29cec height=547
2025-10-26T21:38:01Z Saw new cmpctblock header hash=6f718e1481d4eca2ed0217cba117cabbe5eceb2144a058277892caa5f0f29cec peer=1
2025-10-26T21:38:01Z UpdateTip: new best=6f718e1481d4eca2ed0217cba117cabbe5eceb2144a058277892caa5f0f29cec height=547 version=0x20000000 log2_work=10.098032 tx=2371 date='2025-10-26T21:37:57Z' progress=1.000000 cache=0.3MiB(1348txo)
2025-10-26T21:38:01Z Saw new header hash=569c75e2bbffcd0cc3abad16ab60a16796177667cfe63d395400f8a51f436620 height=548
2025-10-26T21:38:01Z Saw new cmpctblock header hash=569c75e2bbffcd0cc3abad16ab60a16796177667cfe63d395400f8a51f436620 peer=1
2025-10-26T21:38:01Z UpdateTip: new best=569c75e2bbffcd0cc3abad16ab60a16796177667cfe63d395400f8a51f436620 height=548 version=0x20000000 log2_work=10.100662 tx=2372 date='2025-10-26T21:37:58Z' progress=1.000000 cache=0.3MiB(1349txo)
2025-10-26T21:38:01Z Saw new header hash=281ca0c17f2de3ef388eb6f01de3f981d99a0dba7e363d8e7a01357b9f1294ac height=549
2025-10-26T21:38:01Z Saw new cmpctblock header hash=281ca0c17f2de3ef388eb6f01de3f981d99a0dba7e363d8e7a01357b9f1294ac peer=1
2025-10-26T21:38:01Z UpdateTip: new best=281ca0c17f2de3ef388eb6f01de3f981d99a0dba7e363d8e7a01357b9f1294ac height=549 version=0x20000000 log2_work=10.103288 tx=2373 date='2025-10-26T21:37:58Z' progress=1.000000 cache=0.3MiB(1350txo)
2025-10-26T21:38:01Z Saw new header hash=0b4176269a84c165f636c1ae2dab8ce147484c47ee6357e7de377ef774e159c6 height=550
2025-10-26T21:38:01Z Saw new cmpctblock header hash=0b4176269a84c165f636c1ae2dab8ce147484c47ee6357e7de377ef774e159c6 peer=1
2025-10-26T21:38:01Z UpdateTip: new best=0b4176269a84c165f636c1ae2dab8ce147484c47ee6357e7de377ef774e159c6 height=550 version=0x20000000 log2_work=10.105909 tx=2374 date='2025-10-26T21:37:58Z' progress=1.000000 cache=0.3MiB(1351txo)
2025-10-26T21:38:01Z Saw new header hash=3f86583887f4cb55e16b933b86ce9ec3b54715b2d84984c2aa0ec29ef800650e height=551
2025-10-26T21:38:01Z Saw new cmpctblock header hash=3f86583887f4cb55e16b933b86ce9ec3b54715b2d84984c2aa0ec29ef800650e peer=1
2025-10-26T21:38:01Z UpdateTip: new best=3f86583887f4cb55e16b933b86ce9ec3b54715b2d84984c2aa0ec29ef800650e height=551 version=0x20000000 log2_work=10.108524 tx=2375 date='2025-10-26T21:37:58Z' progress=1.000000 cache=0.3MiB(1352txo)
2025-10-26T21:38:01Z Saw new header hash=0a90f5089b19251811df54e64ed563259f388752285c3790da2476ab7fad2c70 height=552
2025-10-26T21:38:01Z Saw new cmpctblock header hash=0a90f5089b19251811df54e64ed563259f388752285c3790da2476ab7fad2c70 peer=1
2025-10-26T21:38:01Z UpdateTip: new best=0a90f5089b19251811df54e64ed563259f388752285c3790da2476ab7fad2c70 height=552 version=0x20000000 log2_work=10.111136 tx=2376 date='2025-10-26T21:37:58Z' progress=1.000000 cache=0.3MiB(1353txo)
2025-10-26T21:38:01Z Saw new header hash=270409f08fb3bb28d41b1ffb08616610d16d9440b46e9d4819393b8c02dc2168 height=553
2025-10-26T21:38:01Z Saw new cmpctblock header hash=270409f08fb3bb28d41b1ffb08616610d16d9440b46e9d4819393b8c02dc2168 peer=0
2025-10-26T21:38:01Z UpdateTip: new best=270409f08fb3bb28d41b1ffb08616610d16d9440b46e9d4819393b8c02dc2168 height=553 version=0x20000000 log2_work=10.113742 tx=2377 date='2025-10-26T21:37:58Z' progress=1.000000 cache=0.3MiB(1354txo)
2025-10-26T21:38:01Z Saw new header hash=038549776b85ac11bc358d909a0308bcbdfa350abc67dfad82be653324ef39e8 height=554
2025-10-26T21:38:01Z Saw new cmpctblock header hash=038549776b85ac11bc358d909a0308bcbdfa350abc67dfad82be653324ef39e8 peer=1
2025-10-26T21:38:01Z UpdateTip: new best=038549776b85ac11bc358d909a0308bcbdfa350abc67dfad82be653324ef39e8 height=554 version=0x20000000 log2_work=10.116344 tx=2378 date='2025-10-26T21:37:59Z' progress=1.000000 cache=0.3MiB(1355txo)
2025-10-26T21:38:01Z Saw new header hash=60f141455f9191598c2b56753499febbbb54830228b6826509bcc19b4c7520b8 height=555
2025-10-26T21:38:01Z Saw new cmpctblock header hash=60f141455f9191598c2b56753499febbbb54830228b6826509bcc19b4c7520b8 peer=0
2025-10-26T21:38:01Z UpdateTip: new best=60f141455f9191598c2b56753499febbbb54830228b6826509bcc19b4c7520b8 height=555 version=0x20000000 log2_work=10.118941 tx=2379 date='2025-10-26T21:37:59Z' progress=1.000000 cache=0.3MiB(1356txo)
2025-10-26T21:38:01Z Saw new header hash=0c2c0c7b48e62ecacb34340787294ccb0eae7a3416f9b35941c5c6361db90c33 height=556
2025-10-26T21:38:01Z Saw new cmpctblock header hash=0c2c0c7b48e62ecacb34340787294ccb0eae7a3416f9b35941c5c6361db90c33 peer=0
2025-10-26T21:38:01Z UpdateTip: new best=0c2c0c7b48e62ecacb34340787294ccb0eae7a3416f9b35941c5c6361db90c33 height=556 version=0x20000000 log2_work=10.121534 tx=2380 date='2025-10-26T21:37:59Z' progress=1.000000 cache=0.3MiB(1357txo)
2025-10-26T21:38:01Z Saw new header hash=45e2ad6f7b1434bfde1cffba5a229abf766b8f41af92c08aa68f2646cec9b4e1 height=557
2025-10-26T21:38:01Z Saw new cmpctblock header hash=45e2ad6f7b1434bfde1cffba5a229abf766b8f41af92c08aa68f2646cec9b4e1 peer=1
2025-10-26T21:38:01Z UpdateTip: new best=45e2ad6f7b1434bfde1cffba5a229abf766b8f41af92c08aa68f2646cec9b4e1 height=557 version=0x20000000 log2_work=10.124121 tx=2381 date='2025-10-26T21:37:59Z' progress=1.000000 cache=0.3MiB(1358txo)
2025-10-26T21:38:01Z Saw new header hash=62fa0c70193373a84063b50a0ba9cd635ca84cf430e33982dc98fee492e8eabc height=558
2025-10-26T21:38:01Z Saw new cmpctblock header hash=62fa0c70193373a84063b50a0ba9cd635ca84cf430e33982dc98fee492e8eabc peer=1
2025-10-26T21:38:01Z UpdateTip: new best=62fa0c70193373a84063b50a0ba9cd635ca84cf430e33982dc98fee492e8eabc height=558 version=0x20000000 log2_work=10.126704 tx=2382 date='2025-10-26T21:37:59Z' progress=1.000000 cache=0.3MiB(1359txo)
2025-10-26T21:38:01Z Saw new header hash=6e0ed0b4c66d3949f636a55a69c0faf7053a59c7f141b1312020f1abfd3b9982 height=559
2025-10-26T21:38:01Z Saw new cmpctblock header hash=6e0ed0b4c66d3949f636a55a69c0faf7053a59c7f141b1312020f1abfd3b9982 peer=1
2025-10-26T21:38:01Z UpdateTip: new best=6e0ed0b4c66d3949f636a55a69c0faf7053a59c7f141b1312020f1abfd3b9982 height=559 version=0x20000000 log2_work=10.129283 tx=2383 date='2025-10-26T21:37:59Z' progress=1.000000 cache=0.3MiB(1360txo)
2025-10-26T21:38:01Z Saw new header hash=4b9b44bbdfdce2c1e778855c1ce780b653cecdce453987e556f3a0b65f5c4497 height=560
2025-10-26T21:38:01Z Saw new cmpctblock header hash=4b9b44bbdfdce2c1e778855c1ce780b653cecdce453987e556f3a0b65f5c4497 peer=1
2025-10-26T21:38:01Z UpdateTip: new best=4b9b44bbdfdce2c1e778855c1ce780b653cecdce453987e556f3a0b65f5c4497 height=560 version=0x20000000 log2_work=10.131857 tx=2384 date='2025-10-26T21:38:00Z' progress=1.000000 cache=0.3MiB(1361txo)
2025-10-26T21:38:01Z Saw new header hash=7003b656daf36c2bb3beb51f899f122ef572927de8248419c66e1dd49d2dabf2 height=561
2025-10-26T21:38:01Z Saw new cmpctblock header hash=7003b656daf36c2bb3beb51f899f122ef572927de8248419c66e1dd49d2dabf2 peer=1
2025-10-26T21:38:01Z UpdateTip: new best=7003b656daf36c2bb3beb51f899f122ef572927de8248419c66e1dd49d2dabf2 height=561 version=0x20000000 log2_work=10.134426 tx=2385 date='2025-10-26T21:38:00Z' progress=1.000000 cache=0.3MiB(1362txo)
2025-10-26T21:38:01Z Saw new header hash=17349f09ad4c72d5bee5f4fb35fffaa7e4608441ce6f500728b59567f9acbd27 height=562
2025-10-26T21:38:01Z Saw new cmpctblock header hash=17349f09ad4c72d5bee5f4fb35fffaa7e4608441ce6f500728b59567f9acbd27 peer=0
2025-10-26T21:38:01Z UpdateTip: new best=17349f09ad4c72d5bee5f4fb35fffaa7e4608441ce6f500728b59567f9acbd27 height=562 version=0x20000000 log2_work=10.136991 tx=2386 date='2025-10-26T21:38:00Z' progress=1.000000 cache=0.3MiB(1363txo)
2025-10-26T21:38:01Z Saw new header hash=61931cb44747797fed49c6719797f482a4a0f8e30c1620a90ab073befbe56633 height=563
2025-10-26T21:38:01Z Saw new cmpctblock header hash=61931cb44747797fed49c6719797f482a4a0f8e30c1620a90ab073befbe56633 peer=0
2025-10-26T21:38:01Z UpdateTip: new best=61931cb44747797fed49c6719797f482a4a0f8e30c1620a90ab073befbe56633 height=563 version=0x20000000 log2_work=10.139551 tx=2387 date='2025-10-26T21:38:00Z' progress=1.000000 cache=0.3MiB(1364txo)
2025-10-26T21:38:01Z Saw new header hash=55dd27b5de8138a6a7e1d60d08ee9b99c2c6e279359aecc9ce67035fdf6f14cd height=564
2025-10-26T21:38:01Z Saw new cmpctblock header hash=55dd27b5de8138a6a7e1d60d08ee9b99c2c6e279359aecc9ce67035fdf6f14cd peer=1
2025-10-26T21:38:01Z UpdateTip: new best=55dd27b5de8138a6a7e1d60d08ee9b99c2c6e279359aecc9ce67035fdf6f14cd height=564 version=0x20000000 log2_work=10.142107 tx=2388 date='2025-10-26T21:38:00Z' progress=1.000000 cache=0.3MiB(1365txo)
2025-10-26T21:38:01Z Saw new header hash=65c79ba2c754987e7c00f62eb999715e276aa816f315b091355f7dba4b39bbd0 height=565
2025-10-26T21:38:01Z Saw new cmpctblock header hash=65c79ba2c754987e7c00f62eb999715e276aa816f315b091355f7dba4b39bbd0 peer=1
2025-10-26T21:38:02Z UpdateTip: new best=65c79ba2c754987e7c00f62eb999715e276aa816f315b091355f7dba4b39bbd0 height=565 version=0x20000000 log2_work=10.144658 tx=2389 date='2025-10-26T21:38:00Z' progress=1.000000 cache=0.3MiB(1366txo)
2025-10-26T21:38:02Z Saw new header hash=42a67d5292d543c1de5f9cf264ca6adc4425e2e473d10f008d93987e6f65a08f height=566
2025-10-26T21:38:02Z Saw new cmpctblock header hash=42a67d5292d543c1de5f9cf264ca6adc4425e2e473d10f008d93987e6f65a08f peer=1
2025-10-26T21:38:02Z UpdateTip: new best=42a67d5292d543c1de5f9cf264ca6adc4425e2e473d10f008d93987e6f65a08f height=566 version=0x20000000 log2_work=10.147205 tx=2390 date='2025-10-26T21:38:01Z' progress=1.000000 cache=0.3MiB(1367txo)
2025-10-26T21:38:02Z Saw new header hash=03242811155beb0196d1a9c4fe94582c7829e201c02b5a8f34c5648d550cc90b height=567
2025-10-26T21:38:02Z Saw new cmpctblock header hash=03242811155beb0196d1a9c4fe94582c7829e201c02b5a8f34c5648d550cc90b peer=0
2025-10-26T21:38:02Z UpdateTip: new best=03242811155beb0196d1a9c4fe94582c7829e201c02b5a8f34c5648d550cc90b height=567 version=0x20000000 log2_work=10.149747 tx=2391 date='2025-10-26T21:38:01Z' progress=1.000000 cache=0.3MiB(1368txo)
2025-10-26T21:38:02Z Saw new header hash=6627ccbc81813a51d9301b30c368a69f68f5176cab22b62f60b4a957976f796e height=568
2025-10-26T21:38:02Z Saw new cmpctblock header hash=6627ccbc81813a51d9301b30c368a69f68f5176cab22b62f60b4a957976f796e peer=1
2025-10-26T21:38:02Z UpdateTip: new best=6627ccbc81813a51d9301b30c368a69f68f5176cab22b62f60b4a957976f796e height=568 version=0x20000000 log2_work=10.152285 tx=2392 date='2025-10-26T21:38:01Z' progress=1.000000 cache=0.3MiB(1369txo)
2025-10-26T21:38:02Z Saw new header hash=3c57ce62190770d35a32c972c6cef0d72188f4eac07b7fee5539aec49e2e5430 height=569
2025-10-26T21:38:02Z Saw new cmpctblock header hash=3c57ce62190770d35a32c972c6cef0d72188f4eac07b7fee5539aec49e2e5430 peer=1
2025-10-26T21:38:02Z UpdateTip: new best=3c57ce62190770d35a32c972c6cef0d72188f4eac07b7fee5539aec49e2e5430 height=569 version=0x20000000 log2_work=10.154818 tx=2393 date='2025-10-26T21:38:01Z' progress=1.000000 cache=0.3MiB(1370txo)
2025-10-26T21:38:02Z Saw new header hash=232157eecad836bbab21b1324cbf8170d6189b97f8dbefba151e2e9c69e2d7ee height=570
2025-10-26T21:38:02Z Saw new cmpctblock header hash=232157eecad836bbab21b1324cbf8170d6189b97f8dbefba151e2e9c69e2d7ee peer=0
2025-10-26T21:38:02Z UpdateTip: new best=232157eecad836bbab21b1324cbf8170d6189b97f8dbefba151e2e9c69e2d7ee height=570 version=0x20000000 log2_work=10.157347 tx=2394 date='2025-10-26T21:38:01Z' progress=1.000000 cache=0.3MiB(1371txo)
2025-10-26T21:38:02Z Saw new header hash=51fae3e4fa7267f2c6bbd7f25dd6280f35f07a35ff3691589bc0d7a6df250daa height=571
2025-10-26T21:38:02Z Saw new cmpctblock header hash=51fae3e4fa7267f2c6bbd7f25dd6280f35f07a35ff3691589bc0d7a6df250daa peer=0
2025-10-26T21:38:02Z UpdateTip: new best=51fae3e4fa7267f2c6bbd7f25dd6280f35f07a35ff3691589bc0d7a6df250daa height=571 version=0x20000000 log2_work=10.159871 tx=2395 date='2025-10-26T21:38:01Z' progress=1.000000 cache=0.3MiB(1372txo)
2025-10-26T21:38:02Z Saw new header hash=10e77ec71692530f42a06b95d6af517aad531005fe1e78c019411853a005c39f height=572
2025-10-26T21:38:02Z Saw new cmpctblock header hash=10e77ec71692530f42a06b95d6af517aad531005fe1e78c019411853a005c39f peer=1
2025-10-26T21:38:02Z UpdateTip: new best=10e77ec71692530f42a06b95d6af517aad531005fe1e78c019411853a005c39f height=572 version=0x20000000 log2_work=10.162391 tx=2396 date='2025-10-26T21:38:02Z' progress=1.000000 cache=0.3MiB(1373txo)
2025-10-26T21:38:02Z Saw new header hash=5e1fa6c577f568d4e37eb82f92189eb22584bfe083d5d4a4630c1a26d1c0655b height=573
2025-10-26T21:38:02Z Saw new cmpctblock header hash=5e1fa6c577f568d4e37eb82f92189eb22584bfe083d5d4a4630c1a26d1c0655b peer=1
2025-10-26T21:38:02Z UpdateTip: new best=5e1fa6c577f568d4e37eb82f92189eb22584bfe083d5d4a4630c1a26d1c0655b height=573 version=0x20000000 log2_work=10.164907 tx=2397 date='2025-10-26T21:38:02Z' progress=1.000000 cache=0.3MiB(1374txo)
2025-10-26T21:38:02Z Saw new header hash=3111c195e3c36747bb86460cc6a3f2ffbbdbf0289e798c9bfbeed03b9f5598f2 height=574
2025-10-26T21:38:02Z Saw new cmpctblock header hash=3111c195e3c36747bb86460cc6a3f2ffbbdbf0289e798c9bfbeed03b9f5598f2 peer=0
2025-10-26T21:38:02Z UpdateTip: new best=3111c195e3c36747bb86460cc6a3f2ffbbdbf0289e798c9bfbeed03b9f5598f2 height=574 version=0x20000000 log2_work=10.167418 tx=2398 date='2025-10-26T21:38:02Z' progress=1.000000 cache=0.3MiB(1375txo)
2025-10-26T21:38:02Z Saw new header hash=6ebe0cca56591d9e7f0d5f47cb11da468eb3e2fc37f0250caa091ecd40a3688c height=575
2025-10-26T21:38:02Z Saw new cmpctblock header hash=6ebe0cca56591d9e7f0d5f47cb11da468eb3e2fc37f0250caa091ecd40a3688c peer=0
2025-10-26T21:38:02Z UpdateTip: new best=6ebe0cca56591d9e7f0d5f47cb11da468eb3e2fc37f0250caa091ecd40a3688c height=575 version=0x20000000 log2_work=10.169925 tx=2399 date='2025-10-26T21:38:02Z' progress=1.000000 cache=0.3MiB(1376txo)
2025-10-26T21:38:02Z Saw new header hash=353e439f958fb930f37d30604615055e144af83e58d1722fa2ec4cc6c47e98ec height=576
2025-10-26T21:38:02Z Saw new cmpctblock header hash=353e439f958fb930f37d30604615055e144af83e58d1722fa2ec4cc6c47e98ec peer=1
2025-10-26T21:38:02Z UpdateTip: new best=353e439f958fb930f37d30604615055e144af83e58d1722fa2ec4cc6c47e98ec height=576 version=0x20000000 log2_work=10.172428 tx=2400 date='2025-10-26T21:38:02Z' progress=1.000000 cache=0.3MiB(1377txo)
2025-10-26T21:38:02Z Saw new header hash=4d351ad3693fc2543f544706d23b1209b9ba7eb7a19af94cc478dd04782b9db6 height=577
2025-10-26T21:38:02Z Saw new cmpctblock header hash=4d351ad3693fc2543f544706d23b1209b9ba7eb7a19af94cc478dd04782b9db6 peer=1
2025-10-26T21:38:02Z UpdateTip: new best=4d351ad3693fc2543f544706d23b1209b9ba7eb7a19af94cc478dd04782b9db6 height=577 version=0x20000000 log2_work=10.174926 tx=2401 date='2025-10-26T21:38:02Z' progress=1.000000 cache=0.3MiB(1378txo)
2025-10-26T21:38:02Z Saw new header hash=312669c029b8752c8e976653d611ad0686c50e56d05d98059487ae0793a9e783 height=578
2025-10-26T21:38:02Z Saw new cmpctblock header hash=312669c029b8752c8e976653d611ad0686c50e56d05d98059487ae0793a9e783 peer=0
2025-10-26T21:38:02Z UpdateTip: new best=312669c029b8752c8e976653d611ad0686c50e56d05d98059487ae0793a9e783 height=578 version=0x20000000 log2_work=10.177420 tx=2402 date='2025-10-26T21:38:03Z' progress=1.000000 cache=0.3MiB(1379txo)
2025-10-26T21:38:03Z Saw new header hash=79fbcd3c81f28a2820c42eb3e66eb41bc099c9637020fcf25bf342689199c07b height=579
2025-10-26T21:38:03Z Saw new cmpctblock header hash=79fbcd3c81f28a2820c42eb3e66eb41bc099c9637020fcf25bf342689199c07b peer=1
2025-10-26T21:38:03Z UpdateTip: new best=79fbcd3c81f28a2820c42eb3e66eb41bc099c9637020fcf25bf342689199c07b height=579 version=0x20000000 log2_work=10.179909 tx=2403 date='2025-10-26T21:38:03Z' progress=1.000000 cache=0.3MiB(1380txo)
2025-10-26T21:38:03Z Saw new header hash=0c0463275a9d2acd82d9ef25d726d26d16803727d8be7712a490ce4a4e0e355a height=580
2025-10-26T21:38:03Z Saw new cmpctblock header hash=0c0463275a9d2acd82d9ef25d726d26d16803727d8be7712a490ce4a4e0e355a peer=0
2025-10-26T21:38:03Z UpdateTip: new best=0c0463275a9d2acd82d9ef25d726d26d16803727d8be7712a490ce4a4e0e355a height=580 version=0x20000000 log2_work=10.182394 tx=2404 date='2025-10-26T21:38:03Z' progress=1.000000 cache=0.3MiB(1381txo)
2025-10-26T21:38:03Z Saw new header hash=17de82d44311441db08eec625cdae36c275e4e78bb114cee728bfa37ab40aa09 height=581
2025-10-26T21:38:03Z Saw new cmpctblock header hash=17de82d44311441db08eec625cdae36c275e4e78bb114cee728bfa37ab40aa09 peer=0
2025-10-26T21:38:03Z UpdateTip: new best=17de82d44311441db08eec625cdae36c275e4e78bb114cee728bfa37ab40aa09 height=581 version=0x20000000 log2_work=10.184875 tx=2405 date='2025-10-26T21:38:03Z' progress=1.000000 cache=0.3MiB(1382txo)
2025-10-26T21:38:03Z Saw new header hash=6c4f760cc88ba4b6cd9cc754843f9902699108bcd0502fe41a1d3b9f59d3e8fe height=582
2025-10-26T21:38:03Z Saw new cmpctblock header hash=6c4f760cc88ba4b6cd9cc754843f9902699108bcd0502fe41a1d3b9f59d3e8fe peer=0
2025-10-26T21:38:03Z UpdateTip: new best=6c4f760cc88ba4b6cd9cc754843f9902699108bcd0502fe41a1d3b9f59d3e8fe height=582 version=0x20000000 log2_work=10.187352 tx=2406 date='2025-10-26T21:38:03Z' progress=1.000000 cache=0.3MiB(1383txo)
2025-10-26T21:38:03Z Saw new header hash=59c08061f5d86fe84f5bb90d11ee05cdad80a22006c02ff981bf70afa17cf52c height=583
2025-10-26T21:38:03Z Saw new cmpctblock header hash=59c08061f5d86fe84f5bb90d11ee05cdad80a22006c02ff981bf70afa17cf52c peer=1
2025-10-26T21:38:03Z UpdateTip: new best=59c08061f5d86fe84f5bb90d11ee05cdad80a22006c02ff981bf70afa17cf52c height=583 version=0x20000000 log2_work=10.189825 tx=2407 date='2025-10-26T21:38:03Z' progress=1.000000 cache=0.3MiB(1384txo)
2025-10-26T21:38:03Z Saw new header hash=40a6b2393b6b21784aabaa373a8d23d2a44d314eb56534b6c201dc874be3d240 height=584
2025-10-26T21:38:03Z Saw new cmpctblock header hash=40a6b2393b6b21784aabaa373a8d23d2a44d314eb56534b6c201dc874be3d240 peer=1
2025-10-26T21:38:03Z UpdateTip: new best=40a6b2393b6b21784aabaa373a8d23d2a44d314eb56534b6c201dc874be3d240 height=584 version=0x20000000 log2_work=10.192293 tx=2408 date='2025-10-26T21:38:04Z' progress=1.000000 cache=0.3MiB(1385txo)
2025-10-26T21:38:03Z Saw new header hash=1cd49df1755669d144308701b8c39fc0828d52ef7d0cc4e0af8e414a8fa8e32d height=585
2025-10-26T21:38:03Z Saw new cmpctblock header hash=1cd49df1755669d144308701b8c39fc0828d52ef7d0cc4e0af8e414a8fa8e32d peer=0
2025-10-26T21:38:03Z UpdateTip: new best=1cd49df1755669d144308701b8c39fc0828d52ef7d0cc4e0af8e414a8fa8e32d height=585 version=0x20000000 log2_work=10.194757 tx=2409 date='2025-10-26T21:38:04Z' progress=1.000000 cache=0.3MiB(1386txo)
2025-10-26T21:38:03Z Saw new header hash=2190f60535df2d9a08d59731bc5ce539b959f021286154e4349d77889d334564 height=586
2025-10-26T21:38:03Z Saw new cmpctblock header hash=2190f60535df2d9a08d59731bc5ce539b959f021286154e4349d77889d334564 peer=1
2025-10-26T21:38:03Z UpdateTip: new best=2190f60535df2d9a08d59731bc5ce539b959f021286154e4349d77889d334564 height=586 version=0x20000000 log2_work=10.197217 tx=2410 date='2025-10-26T21:38:04Z' progress=1.000000 cache=0.3MiB(1387txo)
2025-10-26T21:38:03Z Saw new header hash=54455354c045431a4deb56aa61ac7052ac3be831d40795faa60a8d2c5f52a86d height=587
2025-10-26T21:38:03Z Saw new cmpctblock header hash=54455354c045431a4deb56aa61ac7052ac3be831d40795faa60a8d2c5f52a86d peer=0
2025-10-26T21:38:03Z UpdateTip: new best=54455354c045431a4deb56aa61ac7052ac3be831d40795faa60a8d2c5f52a86d height=587 version=0x20000000 log2_work=10.199672 tx=2411 date='2025-10-26T21:38:04Z' progress=1.000000 cache=0.3MiB(1388txo)
2025-10-26T21:38:03Z Saw new header hash=1e8d061bda4a9e19a7f3c57d9df6c15e13cceae141bd0ae11860de42d557195d height=588
2025-10-26T21:38:03Z Saw new cmpctblock header hash=1e8d061bda4a9e19a7f3c57d9df6c15e13cceae141bd0ae11860de42d557195d peer=0
2025-10-26T21:38:03Z UpdateTip: new best=1e8d061bda4a9e19a7f3c57d9df6c15e13cceae141bd0ae11860de42d557195d height=588 version=0x20000000 log2_work=10.202124 tx=2412 date='2025-10-26T21:38:04Z' progress=1.000000 cache=0.3MiB(1389txo)
2025-10-26T21:38:03Z Saw new header hash=4580bf11d70d929ffe07a25350827612eaaaa1e2511866c480fcf5e6dc881ed5 height=589
2025-10-26T21:38:03Z Saw new cmpctblock header hash=4580bf11d70d929ffe07a25350827612eaaaa1e2511866c480fcf5e6dc881ed5 peer=0
2025-10-26T21:38:03Z UpdateTip: new best=4580bf11d70d929ffe07a25350827612eaaaa1e2511866c480fcf5e6dc881ed5 height=589 version=0x20000000 log2_work=10.204571 tx=2413 date='2025-10-26T21:38:04Z' progress=1.000000 cache=0.3MiB(1390txo)
2025-10-26T21:38:03Z Saw new header hash=3946b432792a1b04b10e7149b63ced957e2dabef59ef24672bbc135941136ad2 height=590
2025-10-26T21:38:03Z Saw new cmpctblock header hash=3946b432792a1b04b10e7149b63ced957e2dabef59ef24672bbc135941136ad2 peer=0
2025-10-26T21:38:03Z UpdateTip: new best=3946b432792a1b04b10e7149b63ced957e2dabef59ef24672bbc135941136ad2 height=590 version=0x20000000 log2_work=10.207014 tx=2414 date='2025-10-26T21:38:05Z' progress=1.000000 cache=0.3MiB(1391txo)
2025-10-26T21:38:03Z Saw new header hash=6d1a4ec43531ef52119bc5a34d8e7f4a040b86abc58c41742827c86c1b435021 height=591
2025-10-26T21:38:03Z Saw new cmpctblock header hash=6d1a4ec43531ef52119bc5a34d8e7f4a040b86abc58c41742827c86c1b435021 peer=0
2025-10-26T21:38:03Z UpdateTip: new best=6d1a4ec43531ef52119bc5a34d8e7f4a040b86abc58c41742827c86c1b435021 height=591 version=0x20000000 log2_work=10.209453 tx=2415 date='2025-10-26T21:38:05Z' progress=1.000000 cache=0.3MiB(1392txo)
2025-10-26T21:38:03Z Saw new header hash=027c8a829d07ff26d13d386dcf69b8c1b36a9d5d57206b26f44dd0379c7866ff height=592
2025-10-26T21:38:03Z Saw new cmpctblock header hash=027c8a829d07ff26d13d386dcf69b8c1b36a9d5d57206b26f44dd0379c7866ff peer=1
2025-10-26T21:38:03Z UpdateTip: new best=027c8a829d07ff26d13d386dcf69b8c1b36a9d5d57206b26f44dd0379c7866ff height=592 version=0x20000000 log2_work=10.211888 tx=2416 date='2025-10-26T21:38:05Z' progress=1.000000 cache=0.3MiB(1393txo)
2025-10-26T21:38:03Z Saw new header hash=2702d40c515ff2a734da8a2b273c86f072a666712e538bdc6aef1d685363cdfa height=593
2025-10-26T21:38:03Z Saw new cmpctblock header hash=2702d40c515ff2a734da8a2b273c86f072a666712e538bdc6aef1d685363cdfa peer=1
2025-10-26T21:38:04Z UpdateTip: new best=2702d40c515ff2a734da8a2b273c86f072a666712e538bdc6aef1d685363cdfa height=593 version=0x20000000 log2_work=10.214319 tx=2417 date='2025-10-26T21:38:05Z' progress=1.000000 cache=0.3MiB(1394txo)
2025-10-26T21:38:04Z Saw new header hash=4c5114fa7411b0914a327705f77a51db341bcf46b0bb2f65452be98e3d100ab7 height=594
2025-10-26T21:38:04Z Saw new cmpctblock header hash=4c5114fa7411b0914a327705f77a51db341bcf46b0bb2f65452be98e3d100ab7 peer=1
2025-10-26T21:38:04Z UpdateTip: new best=4c5114fa7411b0914a327705f77a51db341bcf46b0bb2f65452be98e3d100ab7 height=594 version=0x20000000 log2_work=10.216746 tx=2418 date='2025-10-26T21:38:05Z' progress=1.000000 cache=0.3MiB(1395txo)
2025-10-26T21:38:04Z Saw new header hash=3dc8098bb69c0cc9bcd259e4fa9fcde53d015dd6d378d5ea10c0c5134cf0df37 height=595
2025-10-26T21:38:04Z Saw new cmpctblock header hash=3dc8098bb69c0cc9bcd259e4fa9fcde53d015dd6d378d5ea10c0c5134cf0df37 peer=0
2025-10-26T21:38:04Z UpdateTip: new best=3dc8098bb69c0cc9bcd259e4fa9fcde53d015dd6d378d5ea10c0c5134cf0df37 height=595 version=0x20000000 log2_work=10.219169 tx=2419 date='2025-10-26T21:38:05Z' progress=1.000000 cache=0.3MiB(1396txo)
2025-10-26T21:38:04Z Saw new header hash=5ac55a80d868dd2d39267ead3667f69b3a56b204d1474e877414efb496674933 height=596
2025-10-26T21:38:04Z Saw new cmpctblock header hash=5ac55a80d868dd2d39267ead3667f69b3a56b204d1474e877414efb496674933 peer=0
2025-10-26T21:38:04Z UpdateTip: new best=5ac55a80d868dd2d39267ead3667f69b3a56b204d1474e877414efb496674933 height=596 version=0x20000000 log2_work=10.221587 tx=2420 date='2025-10-26T21:38:06Z' progress=1.000000 cache=0.3MiB(1397txo)
2025-10-26T21:38:04Z Saw new header hash=0226bd2749756a121240d66682cbf156d7da902f7d6a0d9fa1ea56e00d3d3b6b height=597
2025-10-26T21:38:04Z Saw new cmpctblock header hash=0226bd2749756a121240d66682cbf156d7da902f7d6a0d9fa1ea56e00d3d3b6b peer=1
2025-10-26T21:38:04Z UpdateTip: new best=0226bd2749756a121240d66682cbf156d7da902f7d6a0d9fa1ea56e00d3d3b6b height=597 version=0x20000000 log2_work=10.224002 tx=2421 date='2025-10-26T21:38:06Z' progress=1.000000 cache=0.3MiB(1398txo)
2025-10-26T21:38:04Z Saw new header hash=35674f8d86ef3590286ee640099d766a5f79cc9eac3aaf4112d0ed30a2303871 height=598
2025-10-26T21:38:04Z Saw new cmpctblock header hash=35674f8d86ef3590286ee640099d766a5f79cc9eac3aaf4112d0ed30a2303871 peer=0
2025-10-26T21:38:04Z UpdateTip: new best=35674f8d86ef3590286ee640099d766a5f79cc9eac3aaf4112d0ed30a2303871 height=598 version=0x20000000 log2_work=10.226412 tx=2422 date='2025-10-26T21:38:06Z' progress=1.000000 cache=0.3MiB(1399txo)
2025-10-26T21:38:04Z Saw new header hash=59d98f6c1ba2173850a52dfa85c2405ae2780e3ac40ad068ae9fd370ea8e4465 height=599
2025-10-26T21:38:04Z Saw new cmpctblock header hash=59d98f6c1ba2173850a52dfa85c2405ae2780e3ac40ad068ae9fd370ea8e4465 peer=1
2025-10-26T21:38:04Z UpdateTip: new best=59d98f6c1ba2173850a52dfa85c2405ae2780e3ac40ad068ae9fd370ea8e4465 height=599 version=0x20000000 log2_work=10.228819 tx=2423 date='2025-10-26T21:38:06Z' progress=1.000000 cache=0.3MiB(1400txo)
2025-10-26T21:38:04Z Saw new header hash=2a7e99ffc35da59b43c56a1a850d000ccbe9a9b02e5f41c4e59be6010685e20b height=600
2025-10-26T21:38:04Z Saw new cmpctblock header hash=2a7e99ffc35da59b43c56a1a850d000ccbe9a9b02e5f41c4e59be6010685e20b peer=0
2025-10-26T21:38:04Z UpdateTip: new best=2a7e99ffc35da59b43c56a1a850d000ccbe9a9b02e5f41c4e59be6010685e20b height=600 version=0x20000000 log2_work=10.231221 tx=2424 date='2025-10-26T21:38:06Z' progress=1.000000 cache=0.3MiB(1401txo)
2025-10-26T21:38:04Z Saw new header hash=620d01bd4e260e403dd85c1ceacc015acc89a44a49fe266946204b1618cafa71 height=601
2025-10-26T21:38:04Z Saw new cmpctblock header hash=620d01bd4e260e403dd85c1ceacc015acc89a44a49fe266946204b1618cafa71 peer=0
2025-10-26T21:38:04Z UpdateTip: new best=620d01bd4e260e403dd85c1ceacc015acc89a44a49fe266946204b1618cafa71 height=601 version=0x20000000 log2_work=10.233620 tx=2425 date='2025-10-26T21:38:06Z' progress=1.000000 cache=0.3MiB(1402txo)
2025-10-26T21:38:04Z Saw new header hash=09cde2e5dadbfddebcf47c8eb74eb3e805775d42421963a145ad521835a8b3b5 height=602
2025-10-26T21:38:04Z Saw new cmpctblock header hash=09cde2e5dadbfddebcf47c8eb74eb3e805775d42421963a145ad521835a8b3b5 peer=0
2025-10-26T21:38:04Z UpdateTip: new best=09cde2e5dadbfddebcf47c8eb74eb3e805775d42421963a145ad521835a8b3b5 height=602 version=0x20000000 log2_work=10.236014 tx=2426 date='2025-10-26T21:38:07Z' progress=1.000000 cache=0.3MiB(1403txo)
2025-10-26T21:38:04Z Saw new header hash=2f1cc4cea1c035d85c10b90e4cb0b55f04138bc9d32619c195a581c3c2593de4 height=603
2025-10-26T21:38:04Z Saw new cmpctblock header hash=2f1cc4cea1c035d85c10b90e4cb0b55f04138bc9d32619c195a581c3c2593de4 peer=0
2025-10-26T21:38:04Z UpdateTip: new best=2f1cc4cea1c035d85c10b90e4cb0b55f04138bc9d32619c195a581c3c2593de4 height=603 version=0x20000000 log2_work=10.238405 tx=2427 date='2025-10-26T21:38:07Z' progress=1.000000 cache=0.3MiB(1404txo)
2025-10-26T21:38:04Z Saw new header hash=1dbea4f480761b46f7fa48d86efb9d21051f890f64ed771ad565b4660ac368f6 height=604
2025-10-26T21:38:04Z Saw new cmpctblock header hash=1dbea4f480761b46f7fa48d86efb9d21051f890f64ed771ad565b4660ac368f6 peer=1
2025-10-26T21:38:04Z UpdateTip: new best=1dbea4f480761b46f7fa48d86efb9d21051f890f64ed771ad565b4660ac368f6 height=604 version=0x20000000 log2_work=10.240791 tx=2428 date='2025-10-26T21:38:07Z' progress=1.000000 cache=0.3MiB(1405txo)
2025-10-26T21:38:04Z Saw new header hash=7f6b30f99fc061adaf9812b91cf34cded55a62301a3bb271235f6bad63a333e2 height=605
2025-10-26T21:38:04Z Saw new cmpctblock header hash=7f6b30f99fc061adaf9812b91cf34cded55a62301a3bb271235f6bad63a333e2 peer=0
2025-10-26T21:38:04Z UpdateTip: new best=7f6b30f99fc061adaf9812b91cf34cded55a62301a3bb271235f6bad63a333e2 height=605 version=0x20000000 log2_work=10.243174 tx=2429 date='2025-10-26T21:38:07Z' progress=1.000000 cache=0.3MiB(1406txo)
2025-10-26T21:38:04Z Saw new header hash=3ac53e3ca8b37c7a105ae35288ca63325cffa784a62405d0a055bf49346b77c8 height=606
2025-10-26T21:38:04Z Saw new cmpctblock header hash=3ac53e3ca8b37c7a105ae35288ca63325cffa784a62405d0a055bf49346b77c8 peer=0
2025-10-26T21:38:04Z UpdateTip: new best=3ac53e3ca8b37c7a105ae35288ca63325cffa784a62405d0a055bf49346b77c8 height=606 version=0x20000000 log2_work=10.245553 tx=2430 date='2025-10-26T21:38:07Z' progress=1.000000 cache=0.3MiB(1407txo)
2025-10-26T21:38:04Z Saw new header hash=14552aaac929192a136f3dae2716b85075eac06d83175e22979e390e2d2e0955 height=607
2025-10-26T21:38:04Z Saw new cmpctblock header hash=14552aaac929192a136f3dae2716b85075eac06d83175e22979e390e2d2e0955 peer=0
2025-10-26T21:38:04Z UpdateTip: new best=14552aaac929192a136f3dae2716b85075eac06d83175e22979e390e2d2e0955 height=607 version=0x20000000 log2_work=10.247928 tx=2431 date='2025-10-26T21:38:07Z' progress=1.000000 cache=0.3MiB(1408txo)
2025-10-26T21:38:04Z Saw new header hash=19f25fd11a915b376c0be5547b98c379f5f0bf02e25b27a51f072bfb5975da15 height=608
2025-10-26T21:38:05Z Saw new cmpctblock header hash=19f25fd11a915b376c0be5547b98c379f5f0bf02e25b27a51f072bfb5975da15 peer=0
2025-10-26T21:38:05Z UpdateTip: new best=19f25fd11a915b376c0be5547b98c379f5f0bf02e25b27a51f072bfb5975da15 height=608 version=0x20000000 log2_work=10.250298 tx=2432 date='2025-10-26T21:38:08Z' progress=1.000000 cache=0.3MiB(1409txo)
2025-10-26T21:38:05Z Saw new header hash=45a6b9620b0bd3c61bc753e5cf56122cfe228a549f1e29ea07de1bb236e87e1b height=609
2025-10-26T21:38:05Z Saw new cmpctblock header hash=45a6b9620b0bd3c61bc753e5cf56122cfe228a549f1e29ea07de1bb236e87e1b peer=0
2025-10-26T21:38:05Z UpdateTip: new best=45a6b9620b0bd3c61bc753e5cf56122cfe228a549f1e29ea07de1bb236e87e1b height=609 version=0x20000000 log2_work=10.252665 tx=2433 date='2025-10-26T21:38:08Z' progress=1.000000 cache=0.3MiB(1410txo)
2025-10-26T21:38:05Z Saw new header hash=68fe0bcadeb3ca60d2ca36a4de4ababf9e06fdb828aabcec6fbb05de815f9c41 height=610
2025-10-26T21:38:05Z Saw new cmpctblock header hash=68fe0bcadeb3ca60d2ca36a4de4ababf9e06fdb828aabcec6fbb05de815f9c41 peer=1
2025-10-26T21:38:05Z UpdateTip: new best=68fe0bcadeb3ca60d2ca36a4de4ababf9e06fdb828aabcec6fbb05de815f9c41 height=610 version=0x20000000 log2_work=10.255029 tx=2434 date='2025-10-26T21:38:08Z' progress=1.000000 cache=0.3MiB(1411txo)
2025-10-26T21:38:05Z Saw new header hash=31ac20eada139f06081df7b066ddfc36ad021607a524cb4d0f7ca67ba36f671b height=611
2025-10-26T21:38:05Z Saw new cmpctblock header hash=31ac20eada139f06081df7b066ddfc36ad021607a524cb4d0f7ca67ba36f671b peer=0
2025-10-26T21:38:05Z UpdateTip: new best=31ac20eada139f06081df7b066ddfc36ad021607a524cb4d0f7ca67ba36f671b height=611 version=0x20000000 log2_work=10.257388 tx=2435 date='2025-10-26T21:38:08Z' progress=1.000000 cache=0.3MiB(1412txo)
2025-10-26T21:38:05Z Saw new header hash=1b379c202beeff8300c780b77616e8183eba8b89f95446a267c436170e3b98d9 height=612
2025-10-26T21:38:05Z Saw new cmpctblock header hash=1b379c202beeff8300c780b77616e8183eba8b89f95446a267c436170e3b98d9 peer=0
2025-10-26T21:38:05Z UpdateTip: new best=1b379c202beeff8300c780b77616e8183eba8b89f95446a267c436170e3b98d9 height=612 version=0x20000000 log2_work=10.259743 tx=2436 date='2025-10-26T21:38:08Z' progress=1.000000 cache=0.3MiB(1413txo)
2025-10-26T21:38:05Z Saw new header hash=71358638b37ea9c195c807292ceadb25f000276b52e811d28870da80ba5825ef height=613
2025-10-26T21:38:05Z Saw new cmpctblock header hash=71358638b37ea9c195c807292ceadb25f000276b52e811d28870da80ba5825ef peer=0
2025-10-26T21:38:05Z UpdateTip: new best=71358638b37ea9c195c807292ceadb25f000276b52e811d28870da80ba5825ef height=613 version=0x20000000 log2_work=10.262095 tx=2437 date='2025-10-26T21:38:08Z' progress=1.000000 cache=0.3MiB(1414txo)
2025-10-26T21:38:05Z Saw new header hash=710c06c9acd51b23a36031b95590443b4449c2d026692b77ea5486a1f62ccb37 height=614
2025-10-26T21:38:05Z Saw new cmpctblock header hash=710c06c9acd51b23a36031b95590443b4449c2d026692b77ea5486a1f62ccb37 peer=1
2025-10-26T21:38:05Z UpdateTip: new best=710c06c9acd51b23a36031b95590443b4449c2d026692b77ea5486a1f62ccb37 height=614 version=0x20000000 log2_work=10.264443 tx=2438 date='2025-10-26T21:38:09Z' progress=1.000000 cache=0.3MiB(1415txo)
2025-10-26T21:38:05Z Saw new header hash=087fe2effd2e7e3228b5455632c21f1e573746963773cbd4fe93a526af958602 height=615
2025-10-26T21:38:05Z Saw new cmpctblock header hash=087fe2effd2e7e3228b5455632c21f1e573746963773cbd4fe93a526af958602 peer=1
2025-10-26T21:38:05Z UpdateTip: new best=087fe2effd2e7e3228b5455632c21f1e573746963773cbd4fe93a526af958602 height=615 version=0x20000000 log2_work=10.266787 tx=2439 date='2025-10-26T21:38:09Z' progress=1.000000 cache=0.3MiB(1416txo)
2025-10-26T21:38:05Z Saw new header hash=70faea23438391e0214e0fc9016be680d3ac085cb812e85c9370f6b357e4aa14 height=616
2025-10-26T21:38:05Z Saw new cmpctblock header hash=70faea23438391e0214e0fc9016be680d3ac085cb812e85c9370f6b357e4aa14 peer=1
2025-10-26T21:38:05Z UpdateTip: new best=70faea23438391e0214e0fc9016be680d3ac085cb812e85c9370f6b357e4aa14 height=616 version=0x20000000 log2_work=10.269127 tx=2440 date='2025-10-26T21:38:09Z' progress=1.000000 cache=0.3MiB(1417txo)
2025-10-26T21:38:05Z Saw new header hash=6f931e8d873648e9368c6a2d66022c08d4bb9d00c925521b15044bb84f991dd1 height=617
2025-10-26T21:38:05Z Saw new cmpctblock header hash=6f931e8d873648e9368c6a2d66022c08d4bb9d00c925521b15044bb84f991dd1 peer=0
2025-10-26T21:38:05Z UpdateTip: new best=6f931e8d873648e9368c6a2d66022c08d4bb9d00c925521b15044bb84f991dd1 height=617 version=0x20000000 log2_work=10.271463 tx=2441 date='2025-10-26T21:38:09Z' progress=1.000000 cache=0.3MiB(1418txo)
2025-10-26T21:38:05Z Saw new header hash=6f096993edec6bce131a779e4752e2fffd8ba8d18ed1fd604f7bdb034dbf2c7e height=618
2025-10-26T21:38:05Z Saw new cmpctblock header hash=6f096993edec6bce131a779e4752e2fffd8ba8d18ed1fd604f7bdb034dbf2c7e peer=1
2025-10-26T21:38:05Z UpdateTip: new best=6f096993edec6bce131a779e4752e2fffd8ba8d18ed1fd604f7bdb034dbf2c7e height=618 version=0x20000000 log2_work=10.273796 tx=2442 date='2025-10-26T21:38:09Z' progress=1.000000 cache=0.3MiB(1419txo)
2025-10-26T21:38:05Z Saw new header hash=61f028759f04e1309c23cff54b607069400e5bd989b3e555ea8d7308242f6533 height=619
2025-10-26T21:38:05Z Saw new cmpctblock header hash=61f028759f04e1309c23cff54b607069400e5bd989b3e555ea8d7308242f6533 peer=0
2025-10-26T21:38:05Z UpdateTip: new best=61f028759f04e1309c23cff54b607069400e5bd989b3e555ea8d7308242f6533 height=619 version=0x20000000 log2_work=10.276124 tx=2443 date='2025-10-26T21:38:09Z' progress=1.000000 cache=0.3MiB(1420txo)
2025-10-26T21:38:06Z Saw new header hash=792a0776951f4a503f5369e0f7e8e90e790daa1556833be0b50796dd171af10e height=620
2025-10-26T21:38:06Z Saw new cmpctblock header hash=792a0776951f4a503f5369e0f7e8e90e790daa1556833be0b50796dd171af10e peer=0
2025-10-26T21:38:06Z UpdateTip: new best=792a0776951f4a503f5369e0f7e8e90e790daa1556833be0b50796dd171af10e height=620 version=0x20000000 log2_work=10.278449 tx=2444 date='2025-10-26T21:38:10Z' progress=1.000000 cache=0.3MiB(1421txo)
2025-10-26T21:38:06Z Saw new header hash=52124e87ce11b33d5920af9b679ce0acaca7adb03cac0ac6d66b3571d16e97b3 height=621
2025-10-26T21:38:06Z Saw new cmpctblock header hash=52124e87ce11b33d5920af9b679ce0acaca7adb03cac0ac6d66b3571d16e97b3 peer=0
2025-10-26T21:38:06Z UpdateTip: new best=52124e87ce11b33d5920af9b679ce0acaca7adb03cac0ac6d66b3571d16e97b3 height=621 version=0x20000000 log2_work=10.280771 tx=2445 date='2025-10-26T21:38:10Z' progress=1.000000 cache=0.3MiB(1422txo)
2025-10-26T21:38:06Z Saw new header hash=54c423961965467a9d769df8c84a7c544dd209cb7e26fb3f6653086752313a56 height=622
2025-10-26T21:38:06Z Saw new cmpctblock header hash=54c423961965467a9d769df8c84a7c544dd209cb7e26fb3f6653086752313a56 peer=0
2025-10-26T21:38:06Z UpdateTip: new best=54c423961965467a9d769df8c84a7c544dd209cb7e26fb3f6653086752313a56 height=622 version=0x20000000 log2_work=10.283088 tx=2446 date='2025-10-26T21:38:10Z' progress=1.000000 cache=0.3MiB(1423txo)
2025-10-26T21:38:06Z Saw new header hash=2c3f01a560fa5f1c38dfc5beebef73380f2b4601fd02b45a838431cfccf6e7a1 height=623
2025-10-26T21:38:06Z Saw new cmpctblock header hash=2c3f01a560fa5f1c38dfc5beebef73380f2b4601fd02b45a838431cfccf6e7a1 peer=0
2025-10-26T21:38:06Z UpdateTip: new best=2c3f01a560fa5f1c38dfc5beebef73380f2b4601fd02b45a838431cfccf6e7a1 height=623 version=0x20000000 log2_work=10.285402 tx=2447 date='2025-10-26T21:38:10Z' progress=1.000000 cache=0.3MiB(1424txo)
2025-10-26T21:38:06Z Saw new header hash=079e2f5cb942ae327134884d57eae5cb1cac590e688f2b1f75568d41f62f2c9c height=624
2025-10-26T21:38:06Z Saw new cmpctblock header hash=079e2f5cb942ae327134884d57eae5cb1cac590e688f2b1f75568d41f62f2c9c peer=0
2025-10-26T21:38:06Z UpdateTip: new best=079e2f5cb942ae327134884d57eae5cb1cac590e688f2b1f75568d41f62f2c9c height=624 version=0x20000000 log2_work=10.287712 tx=2448 date='2025-10-26T21:38:10Z' progress=1.000000 cache=0.3MiB(1425txo)
2025-10-26T21:38:06Z Saw new header hash=01a5ce1cbb0a7abbe5c96dc1583485b7a33a11886536eeb350644fe8e6d87315 height=625
2025-10-26T21:38:06Z Saw new cmpctblock header hash=01a5ce1cbb0a7abbe5c96dc1583485b7a33a11886536eeb350644fe8e6d87315 peer=1
2025-10-26T21:38:06Z UpdateTip: new best=01a5ce1cbb0a7abbe5c96dc1583485b7a33a11886536eeb350644fe8e6d87315 height=625 version=0x20000000 log2_work=10.290019 tx=2449 date='2025-10-26T21:38:10Z' progress=1.000000 cache=0.3MiB(1426txo)
2025-10-26T21:38:06Z Saw new header hash=731719ddc80fac50993b7e7b029a473c823ff119db6de9db4948cf7fc7598ad1 height=626
2025-10-26T21:38:06Z Saw new cmpctblock header hash=731719ddc80fac50993b7e7b029a473c823ff119db6de9db4948cf7fc7598ad1 peer=0
2025-10-26T21:38:06Z UpdateTip: new best=731719ddc80fac50993b7e7b029a473c823ff119db6de9db4948cf7fc7598ad1 height=626 version=0x20000000 log2_work=10.292322 tx=2450 date='2025-10-26T21:38:11Z' progress=1.000000 cache=0.3MiB(1427txo)
2025-10-26T21:38:06Z Saw new header hash=3d8734ddcb64f3e90d7034ab9b36dbf163598b89b2f4f7428562253d0544e468 height=627
2025-10-26T21:38:06Z Saw new cmpctblock header hash=3d8734ddcb64f3e90d7034ab9b36dbf163598b89b2f4f7428562253d0544e468 peer=0
2025-10-26T21:38:06Z UpdateTip: new best=3d8734ddcb64f3e90d7034ab9b36dbf163598b89b2f4f7428562253d0544e468 height=627 version=0x20000000 log2_work=10.294621 tx=2451 date='2025-10-26T21:38:11Z' progress=1.000000 cache=0.3MiB(1428txo)
2025-10-26T21:38:06Z Saw new header hash=3c5daa4d193fc5d499fc544a46aa070ea761a4aa972469d3cf8417151447f121 height=628
2025-10-26T21:38:06Z Saw new cmpctblock header hash=3c5daa4d193fc5d499fc544a46aa070ea761a4aa972469d3cf8417151447f121 peer=1
2025-10-26T21:38:06Z UpdateTip: new best=3c5daa4d193fc5d499fc544a46aa070ea761a4aa972469d3cf8417151447f121 height=628 version=0x20000000 log2_work=10.296916 tx=2452 date='2025-10-26T21:38:11Z' progress=1.000000 cache=0.3MiB(1429txo)
2025-10-26T21:38:06Z Saw new header hash=39655113827be0576fa26de12014c2bd0780287ad37f355f3485258faba838c3 height=629
2025-10-26T21:38:06Z Saw new cmpctblock header hash=39655113827be0576fa26de12014c2bd0780287ad37f355f3485258faba838c3 peer=0
2025-10-26T21:38:06Z UpdateTip: new best=39655113827be0576fa26de12014c2bd0780287ad37f355f3485258faba838c3 height=629 version=0x20000000 log2_work=10.299208 tx=2453 date='2025-10-26T21:38:11Z' progress=1.000000 cache=0.3MiB(1430txo)
2025-10-26T21:38:06Z Saw new header hash=730310e1be03fa93651f0aa193e3f6bd4a407ffec23201ae5b20e4b52c63c1c4 height=630
2025-10-26T21:38:06Z Saw new cmpctblock header hash=730310e1be03fa93651f0aa193e3f6bd4a407ffec23201ae5b20e4b52c63c1c4 peer=1
2025-10-26T21:38:06Z UpdateTip: new best=730310e1be03fa93651f0aa193e3f6bd4a407ffec23201ae5b20e4b52c63c1c4 height=630 version=0x20000000 log2_work=10.301496 tx=2454 date='2025-10-26T21:38:11Z' progress=1.000000 cache=0.3MiB(1431txo)
2025-10-26T21:38:06Z Saw new header hash=06757799f05ca1950b4e2860b1d584ee3b21b3d337868e9fddfb402aeb7f09c2 height=631
2025-10-26T21:38:06Z Saw new cmpctblock header hash=06757799f05ca1950b4e2860b1d584ee3b21b3d337868e9fddfb402aeb7f09c2 peer=0
2025-10-26T21:38:06Z UpdateTip: new best=06757799f05ca1950b4e2860b1d584ee3b21b3d337868e9fddfb402aeb7f09c2 height=631 version=0x20000000 log2_work=10.303781 tx=2455 date='2025-10-26T21:38:11Z' progress=1.000000 cache=0.3MiB(1432txo)
2025-10-26T21:38:06Z Saw new header hash=1300464882fa8b853f8bde4025c8db67831523293d2b78a32fa6a40976fcb0e6 height=632
2025-10-26T21:38:06Z Saw new cmpctblock header hash=1300464882fa8b853f8bde4025c8db67831523293d2b78a32fa6a40976fcb0e6 peer=1
2025-10-26T21:38:06Z UpdateTip: new best=1300464882fa8b853f8bde4025c8db67831523293d2b78a32fa6a40976fcb0e6 height=632 version=0x20000000 log2_work=10.306062 tx=2456 date='2025-10-26T21:38:12Z' progress=1.000000 cache=0.3MiB(1433txo)
2025-10-26T21:38:06Z Saw new header hash=7c44ee7257d275cae532c3c57d7097d1f014f5c97252bc74a51d56794c22a401 height=633
2025-10-26T21:38:06Z Saw new cmpctblock header hash=7c44ee7257d275cae532c3c57d7097d1f014f5c97252bc74a51d56794c22a401 peer=0
2025-10-26T21:38:06Z UpdateTip: new best=7c44ee7257d275cae532c3c57d7097d1f014f5c97252bc74a51d56794c22a401 height=633 version=0x20000000 log2_work=10.308339 tx=2457 date='2025-10-26T21:38:12Z' progress=1.000000 cache=0.3MiB(1434txo)
2025-10-26T21:38:06Z Saw new header hash=7485b03319a83015e63fb7525a06566b027ff22f70cc2468e488046c908a45ed height=634
2025-10-26T21:38:06Z Saw new cmpctblock header hash=7485b03319a83015e63fb7525a06566b027ff22f70cc2468e488046c908a45ed peer=1
2025-10-26T21:38:06Z UpdateTip: new best=7485b03319a83015e63fb7525a06566b027ff22f70cc2468e488046c908a45ed height=634 version=0x20000000 log2_work=10.310613 tx=2458 date='2025-10-26T21:38:12Z' progress=1.000000 cache=0.3MiB(1435txo)
2025-10-26T21:38:06Z Saw new header hash=4daec7177acd2a0828df41bbc90dd88ede248cacfd9308b66da403a2465e8dd6 height=635
2025-10-26T21:38:06Z Saw new cmpctblock header hash=4daec7177acd2a0828df41bbc90dd88ede248cacfd9308b66da403a2465e8dd6 peer=1
2025-10-26T21:38:06Z UpdateTip: new best=4daec7177acd2a0828df41bbc90dd88ede248cacfd9308b66da403a2465e8dd6 height=635 version=0x20000000 log2_work=10.312883 tx=2459 date='2025-10-26T21:38:12Z' progress=1.000000 cache=0.3MiB(1436txo)
2025-10-26T21:38:06Z Saw new header hash=15c3b06ae620dd3bac52e7cc095bd59b21faeb2433417eef12394b37aa6ba969 height=636
2025-10-26T21:38:06Z Saw new cmpctblock header hash=15c3b06ae620dd3bac52e7cc095bd59b21faeb2433417eef12394b37aa6ba969 peer=1
2025-10-26T21:38:06Z UpdateTip: new best=15c3b06ae620dd3bac52e7cc095bd59b21faeb2433417eef12394b37aa6ba969 height=636 version=0x20000000 log2_work=10.315150 tx=2460 date='2025-10-26T21:38:12Z' progress=1.000000 cache=0.3MiB(1437txo)
2025-10-26T21:38:06Z Saw new header hash=1f1ccb4da24657737d9f1475597f93e65a5c3a30bd7fa383366bff855b40c34e height=637
2025-10-26T21:38:06Z Saw new cmpctblock header hash=1f1ccb4da24657737d9f1475597f93e65a5c3a30bd7fa383366bff855b40c34e peer=1
2025-10-26T21:38:06Z UpdateTip: new best=1f1ccb4da24657737d9f1475597f93e65a5c3a30bd7fa383366bff855b40c34e height=637 version=0x20000000 log2_work=10.317413 tx=2461 date='2025-10-26T21:38:12Z' progress=1.000000 cache=0.3MiB(1438txo)
2025-10-26T21:38:06Z Saw new header hash=60f9d605756abf239da440301d81580fe5c2be38ea1f85c560407d62c3d4d0a4 height=638
2025-10-26T21:38:06Z Saw new cmpctblock header hash=60f9d605756abf239da440301d81580fe5c2be38ea1f85c560407d62c3d4d0a4 peer=0
2025-10-26T21:38:07Z UpdateTip: new best=60f9d605756abf239da440301d81580fe5c2be38ea1f85c560407d62c3d4d0a4 height=638 version=0x20000000 log2_work=10.319672 tx=2462 date='2025-10-26T21:38:13Z' progress=1.000000 cache=0.3MiB(1439txo)
2025-10-26T21:38:07Z Saw new header hash=075d77fedb02f154f3cfefccbf7492baea120b63a6aa58595dac6cb0407e320f height=639
2025-10-26T21:38:07Z Saw new cmpctblock header hash=075d77fedb02f154f3cfefccbf7492baea120b63a6aa58595dac6cb0407e320f peer=0
2025-10-26T21:38:07Z UpdateTip: new best=075d77fedb02f154f3cfefccbf7492baea120b63a6aa58595dac6cb0407e320f height=639 version=0x20000000 log2_work=10.321928 tx=2463 date='2025-10-26T21:38:13Z' progress=1.000000 cache=0.3MiB(1440txo)
2025-10-26T21:38:07Z Saw new header hash=0825b323db853896e95cf4156bff9f3ad60eb6e305c484586634273a73816153 height=640
2025-10-26T21:38:07Z Saw new cmpctblock header hash=0825b323db853896e95cf4156bff9f3ad60eb6e305c484586634273a73816153 peer=0
2025-10-26T21:38:07Z UpdateTip: new best=0825b323db853896e95cf4156bff9f3ad60eb6e305c484586634273a73816153 height=640 version=0x20000000 log2_work=10.324181 tx=2464 date='2025-10-26T21:38:13Z' progress=1.000000 cache=0.3MiB(1441txo)
2025-10-26T21:38:07Z Saw new header hash=754a0f293ceece2b5cb689ba229c3f4546fa2fef64352508d3b5f0bc8d8b28dd height=641
2025-10-26T21:38:07Z Saw new cmpctblock header hash=754a0f293ceece2b5cb689ba229c3f4546fa2fef64352508d3b5f0bc8d8b28dd peer=0
2025-10-26T21:38:07Z UpdateTip: new best=754a0f293ceece2b5cb689ba229c3f4546fa2fef64352508d3b5f0bc8d8b28dd height=641 version=0x20000000 log2_work=10.326429 tx=2465 date='2025-10-26T21:38:13Z' progress=1.000000 cache=0.3MiB(1442txo)
2025-10-26T21:38:07Z Saw new header hash=26d497b65e51e4c80a5da102de980184044000a0c1b58a02106f37bbbf2785d7 height=642
2025-10-26T21:38:07Z Saw new cmpctblock header hash=26d497b65e51e4c80a5da102de980184044000a0c1b58a02106f37bbbf2785d7 peer=0
2025-10-26T21:38:07Z UpdateTip: new best=26d497b65e51e4c80a5da102de980184044000a0c1b58a02106f37bbbf2785d7 height=642 version=0x20000000 log2_work=10.328675 tx=2466 date='2025-10-26T21:38:13Z' progress=1.000000 cache=0.3MiB(1443txo)
2025-10-26T21:38:07Z Saw new header hash=4356e42910d0fb70d56478022412d63d8d17fa795a9d7b092c175a7f239cebe7 height=643
2025-10-26T21:38:07Z Saw new cmpctblock header hash=4356e42910d0fb70d56478022412d63d8d17fa795a9d7b092c175a7f239cebe7 peer=0
2025-10-26T21:38:07Z UpdateTip: new best=4356e42910d0fb70d56478022412d63d8d17fa795a9d7b092c175a7f239cebe7 height=643 version=0x20000000 log2_work=10.330917 tx=2467 date='2025-10-26T21:38:13Z' progress=1.000000 cache=0.3MiB(1444txo)
2025-10-26T21:38:07Z Saw new header hash=25bbd8089b4fefb1563c9ab1317bc049e6291491284b1a02730bc42a1fc525ed height=644
2025-10-26T21:38:07Z Saw new cmpctblock header hash=25bbd8089b4fefb1563c9ab1317bc049e6291491284b1a02730bc42a1fc525ed peer=1
2025-10-26T21:38:07Z UpdateTip: new best=25bbd8089b4fefb1563c9ab1317bc049e6291491284b1a02730bc42a1fc525ed height=644 version=0x20000000 log2_work=10.333155 tx=2468 date='2025-10-26T21:38:14Z' progress=1.000000 cache=0.3MiB(1445txo)
2025-10-26T21:38:07Z Saw new header hash=2b9772fa7ef5fb2e7784bf1b49053ab2fb50174fa8d0902d8067c53b80c5c09e height=645
2025-10-26T21:38:07Z Saw new cmpctblock header hash=2b9772fa7ef5fb2e7784bf1b49053ab2fb50174fa8d0902d8067c53b80c5c09e peer=0
2025-10-26T21:38:07Z UpdateTip: new best=2b9772fa7ef5fb2e7784bf1b49053ab2fb50174fa8d0902d8067c53b80c5c09e height=645 version=0x20000000 log2_work=10.335390 tx=2469 date='2025-10-26T21:38:14Z' progress=1.000000 cache=0.3MiB(1446txo)
2025-10-26T21:38:07Z Saw new header hash=75de1ffaa72c9ce6091257d9d0869ddb9f2ba88c621c68fd2098b79f6ecc67e5 height=646
2025-10-26T21:38:07Z Saw new cmpctblock header hash=75de1ffaa72c9ce6091257d9d0869ddb9f2ba88c621c68fd2098b79f6ecc67e5 peer=0
2025-10-26T21:38:07Z UpdateTip: new best=75de1ffaa72c9ce6091257d9d0869ddb9f2ba88c621c68fd2098b79f6ecc67e5 height=646 version=0x20000000 log2_work=10.337622 tx=2470 date='2025-10-26T21:38:14Z' progress=1.000000 cache=0.3MiB(1447txo)
2025-10-26T21:38:07Z Saw new header hash=267df37b02813b019eda55f165a07c95958885ac10cc460d3dcdca946155ed0f height=647
2025-10-26T21:38:07Z Saw new cmpctblock header hash=267df37b02813b019eda55f165a07c95958885ac10cc460d3dcdca946155ed0f peer=1
2025-10-26T21:38:07Z UpdateTip: new best=267df37b02813b019eda55f165a07c95958885ac10cc460d3dcdca946155ed0f height=647 version=0x20000000 log2_work=10.339850 tx=2471 date='2025-10-26T21:38:14Z' progress=1.000000 cache=0.3MiB(1448txo)
2025-10-26T21:38:07Z Saw new header hash=6ef02da667335abbb9cc560be5c64a8da26b8429cf3c90970d9dd8d396ea90e3 height=648
2025-10-26T21:38:07Z Saw new cmpctblock header hash=6ef02da667335abbb9cc560be5c64a8da26b8429cf3c90970d9dd8d396ea90e3 peer=1
2025-10-26T21:38:07Z UpdateTip: new best=6ef02da667335abbb9cc560be5c64a8da26b8429cf3c90970d9dd8d396ea90e3 height=648 version=0x20000000 log2_work=10.342075 tx=2472 date='2025-10-26T21:38:14Z' progress=1.000000 cache=0.3MiB(1449txo)
2025-10-26T21:38:07Z Saw new header hash=5fad76ea5e41480cd82d0c381e4fffdef80f2c2747cb637043839e8cc5d1d780 height=649
2025-10-26T21:38:07Z Saw new cmpctblock header hash=5fad76ea5e41480cd82d0c381e4fffdef80f2c2747cb637043839e8cc5d1d780 peer=1
2025-10-26T21:38:07Z UpdateTip: new best=5fad76ea5e41480cd82d0c381e4fffdef80f2c2747cb637043839e8cc5d1d780 height=649 version=0x20000000 log2_work=10.344296 tx=2473 date='2025-10-26T21:38:14Z' progress=1.000000 cache=0.3MiB(1450txo)
2025-10-26T21:38:07Z Saw new header hash=3e595613e56c22cb4d99f94448d27fdab2d47d47dc68aca2cd923b047ddd7d54 height=650
2025-10-26T21:38:07Z Saw new cmpctblock header hash=3e595613e56c22cb4d99f94448d27fdab2d47d47dc68aca2cd923b047ddd7d54 peer=1
2025-10-26T21:38:07Z UpdateTip: new best=3e595613e56c22cb4d99f94448d27fdab2d47d47dc68aca2cd923b047ddd7d54 height=650 version=0x20000000 log2_work=10.346514 tx=2474 date='2025-10-26T21:38:15Z' progress=1.000000 cache=0.3MiB(1451txo)
2025-10-26T21:38:07Z Saw new header hash=6cc2a205f7773398f8c87d3980135ff7be927da2cbe9bb08eb05f97f0f2cf487 height=651
2025-10-26T21:38:07Z Saw new cmpctblock header hash=6cc2a205f7773398f8c87d3980135ff7be927da2cbe9bb08eb05f97f0f2cf487 peer=1
2025-10-26T21:38:07Z UpdateTip: new best=6cc2a205f7773398f8c87d3980135ff7be927da2cbe9bb08eb05f97f0f2cf487 height=651 version=0x20000000 log2_work=10.348728 tx=2475 date='2025-10-26T21:38:15Z' progress=1.000000 cache=0.3MiB(1452txo)
2025-10-26T21:38:07Z Saw new header hash=1f91f5eb432f805291d8ec248f6df2fbd94bd5b7719c7a83bd880b17e3fd4bd9 height=652
2025-10-26T21:38:07Z Saw new cmpctblock header hash=1f91f5eb432f805291d8ec248f6df2fbd94bd5b7719c7a83bd880b17e3fd4bd9 peer=1
2025-10-26T21:38:07Z UpdateTip: new best=1f91f5eb432f805291d8ec248f6df2fbd94bd5b7719c7a83bd880b17e3fd4bd9 height=652 version=0x20000000 log2_work=10.350939 tx=2476 date='2025-10-26T21:38:15Z' progress=1.000000 cache=0.3MiB(1453txo)
2025-10-26T21:38:07Z Saw new header hash=6d2d129681ab4ef8721c652c96d84fc15f9befc624da236e00e792f1465577d5 height=653
2025-10-26T21:38:07Z Saw new cmpctblock header hash=6d2d129681ab4ef8721c652c96d84fc15f9befc624da236e00e792f1465577d5 peer=0
2025-10-26T21:38:07Z UpdateTip: new best=6d2d129681ab4ef8721c652c96d84fc15f9befc624da236e00e792f1465577d5 height=653 version=0x20000000 log2_work=10.353147 tx=2477 date='2025-10-26T21:38:15Z' progress=1.000000 cache=0.3MiB(1454txo)
2025-10-26T21:38:07Z Saw new header hash=7a410cb286c2d09c60312eae5f26c088b2207cc4ea09eb13042ef609f55e902e height=654
2025-10-26T21:38:07Z Saw new cmpctblock header hash=7a410cb286c2d09c60312eae5f26c088b2207cc4ea09eb13042ef609f55e902e peer=1
2025-10-26T21:38:07Z UpdateTip: new best=7a410cb286c2d09c60312eae5f26c088b2207cc4ea09eb13042ef609f55e902e height=654 version=0x20000000 log2_work=10.355351 tx=2478 date='2025-10-26T21:38:15Z' progress=1.000000 cache=0.3MiB(1455txo)
2025-10-26T21:38:07Z Saw new header hash=77b5d36aa8a94f8d055238f09d1364dd6f46c3106f63cf6e060d0ec98a5ca282 height=655
2025-10-26T21:38:07Z Saw new cmpctblock header hash=77b5d36aa8a94f8d055238f09d1364dd6f46c3106f63cf6e060d0ec98a5ca282 peer=1
2025-10-26T21:38:07Z UpdateTip: new best=77b5d36aa8a94f8d055238f09d1364dd6f46c3106f63cf6e060d0ec98a5ca282 height=655 version=0x20000000 log2_work=10.357552 tx=2479 date='2025-10-26T21:38:15Z' progress=1.000000 cache=0.3MiB(1456txo)
2025-10-26T21:38:07Z Saw new header hash=406138cc300e4897acce40f9329aa3d4b0d8b5152abeebcd8cdff52b689ed6a7 height=656
2025-10-26T21:38:07Z Saw new cmpctblock header hash=406138cc300e4897acce40f9329aa3d4b0d8b5152abeebcd8cdff52b689ed6a7 peer=1
2025-10-26T21:38:07Z UpdateTip: new best=406138cc300e4897acce40f9329aa3d4b0d8b5152abeebcd8cdff52b689ed6a7 height=656 version=0x20000000 log2_work=10.359750 tx=2480 date='2025-10-26T21:38:16Z' progress=1.000000 cache=0.3MiB(1457txo)
2025-10-26T21:38:07Z Saw new header hash=343995bf06e840ebabcee7b07b767e1bc30512110fa72f7e49923d227f257bc3 height=657
2025-10-26T21:38:07Z Saw new cmpctblock header hash=343995bf06e840ebabcee7b07b767e1bc30512110fa72f7e49923d227f257bc3 peer=0
2025-10-26T21:38:07Z UpdateTip: new best=343995bf06e840ebabcee7b07b767e1bc30512110fa72f7e49923d227f257bc3 height=657 version=0x20000000 log2_work=10.361944 tx=2481 date='2025-10-26T21:38:16Z' progress=1.000000 cache=0.3MiB(1458txo)
2025-10-26T21:38:07Z Saw new header hash=3a7dc7b8fe1f7135c9f9ab26c25bce04f64c60f667f08ebb56351e2c09e0ad71 height=658
2025-10-26T21:38:07Z Saw new cmpctblock header hash=3a7dc7b8fe1f7135c9f9ab26c25bce04f64c60f667f08ebb56351e2c09e0ad71 peer=0
2025-10-26T21:38:07Z UpdateTip: new best=3a7dc7b8fe1f7135c9f9ab26c25bce04f64c60f667f08ebb56351e2c09e0ad71 height=658 version=0x20000000 log2_work=10.364135 tx=2482 date='2025-10-26T21:38:16Z' progress=1.000000 cache=0.3MiB(1459txo)
2025-10-26T21:38:07Z Saw new header hash=250921889174e91e51c3b013fe35dd30a68d7284ae4d244813e9f38874b71f2d height=659
2025-10-26T21:38:07Z Saw new cmpctblock header hash=250921889174e91e51c3b013fe35dd30a68d7284ae4d244813e9f38874b71f2d peer=1
2025-10-26T21:38:07Z UpdateTip: new best=250921889174e91e51c3b013fe35dd30a68d7284ae4d244813e9f38874b71f2d height=659 version=0x20000000 log2_work=10.366322 tx=2483 date='2025-10-26T21:38:16Z' progress=1.000000 cache=0.3MiB(1460txo)
2025-10-26T21:38:07Z Saw new header hash=304a4f1dee45ec35fcc81e4c68851ddb33a4d0889a22d8c274c596db058691c7 height=660
2025-10-26T21:38:07Z Saw new cmpctblock header hash=304a4f1dee45ec35fcc81e4c68851ddb33a4d0889a22d8c274c596db058691c7 peer=1
2025-10-26T21:38:08Z UpdateTip: new best=304a4f1dee45ec35fcc81e4c68851ddb33a4d0889a22d8c274c596db058691c7 height=660 version=0x20000000 log2_work=10.368506 tx=2484 date='2025-10-26T21:38:16Z' progress=1.000000 cache=0.3MiB(1461txo)
2025-10-26T21:38:08Z Saw new header hash=1c23ee06f1d8e746a3675895872efe6e0e2f5ea58eb973c8abe8f46105585ea5 height=661
2025-10-26T21:38:08Z Saw new cmpctblock header hash=1c23ee06f1d8e746a3675895872efe6e0e2f5ea58eb973c8abe8f46105585ea5 peer=0
2025-10-26T21:38:08Z UpdateTip: new best=1c23ee06f1d8e746a3675895872efe6e0e2f5ea58eb973c8abe8f46105585ea5 height=661 version=0x20000000 log2_work=10.370687 tx=2485 date='2025-10-26T21:38:16Z' progress=1.000000 cache=0.3MiB(1462txo)
2025-10-26T21:38:08Z Saw new header hash=0a38e4addca7a56acc80592171bbdc23e9717902dccc8c49f4aad1c403959be3 height=662
2025-10-26T21:38:08Z Saw new cmpctblock header hash=0a38e4addca7a56acc80592171bbdc23e9717902dccc8c49f4aad1c403959be3 peer=1
2025-10-26T21:38:08Z UpdateTip: new best=0a38e4addca7a56acc80592171bbdc23e9717902dccc8c49f4aad1c403959be3 height=662 version=0x20000000 log2_work=10.372865 tx=2486 date='2025-10-26T21:38:17Z' progress=1.000000 cache=0.3MiB(1463txo)
2025-10-26T21:38:08Z Saw new header hash=4179490f6e417ee9c14af3a70bc8c85f2308f2cd3df0f37e627088db4918bc48 height=663
2025-10-26T21:38:08Z Saw new cmpctblock header hash=4179490f6e417ee9c14af3a70bc8c85f2308f2cd3df0f37e627088db4918bc48 peer=0
2025-10-26T21:38:08Z UpdateTip: new best=4179490f6e417ee9c14af3a70bc8c85f2308f2cd3df0f37e627088db4918bc48 height=663 version=0x20000000 log2_work=10.375039 tx=2487 date='2025-10-26T21:38:17Z' progress=1.000000 cache=0.3MiB(1464txo)
2025-10-26T21:38:08Z Saw new header hash=300b57d789b6bed419e434b968708b357f9974793a9a53c025106a7034d8e844 height=664
2025-10-26T21:38:08Z Saw new cmpctblock header hash=300b57d789b6bed419e434b968708b357f9974793a9a53c025106a7034d8e844 peer=0
2025-10-26T21:38:08Z UpdateTip: new best=300b57d789b6bed419e434b968708b357f9974793a9a53c025106a7034d8e844 height=664 version=0x20000000 log2_work=10.377211 tx=2488 date='2025-10-26T21:38:17Z' progress=1.000000 cache=0.3MiB(1465txo)
2025-10-26T21:38:08Z Saw new header hash=2362e278551520038dbdbeb22284faa9ed365713149ea57be777610c4405c723 height=665
2025-10-26T21:38:08Z Saw new cmpctblock header hash=2362e278551520038dbdbeb22284faa9ed365713149ea57be777610c4405c723 peer=1
2025-10-26T21:38:08Z UpdateTip: new best=2362e278551520038dbdbeb22284faa9ed365713149ea57be777610c4405c723 height=665 version=0x20000000 log2_work=10.379378 tx=2489 date='2025-10-26T21:38:17Z' progress=1.000000 cache=0.3MiB(1466txo)
2025-10-26T21:38:08Z Saw new header hash=777dd57044995dd0bc2b723916cf02de46578cbd5c303525d5eee48941dda43b height=666
2025-10-26T21:38:08Z Saw new cmpctblock header hash=777dd57044995dd0bc2b723916cf02de46578cbd5c303525d5eee48941dda43b peer=0
2025-10-26T21:38:08Z UpdateTip: new best=777dd57044995dd0bc2b723916cf02de46578cbd5c303525d5eee48941dda43b height=666 version=0x20000000 log2_work=10.381543 tx=2490 date='2025-10-26T21:38:17Z' progress=1.000000 cache=0.3MiB(1467txo)
2025-10-26T21:38:08Z Saw new header hash=19cc4eb756985426101f782aa8cf3f03f28231904ff6ea665e1007ed789b8810 height=667
2025-10-26T21:38:08Z Saw new cmpctblock header hash=19cc4eb756985426101f782aa8cf3f03f28231904ff6ea665e1007ed789b8810 peer=1
2025-10-26T21:38:08Z UpdateTip: new best=19cc4eb756985426101f782aa8cf3f03f28231904ff6ea665e1007ed789b8810 height=667 version=0x20000000 log2_work=10.383704 tx=2491 date='2025-10-26T21:38:17Z' progress=1.000000 cache=0.3MiB(1468txo)
2025-10-26T21:38:08Z Saw new header hash=105dbc66d46f20db27c8bffaa7c81e566c1cbec96eaf18aef75c1153dedab57e height=668
2025-10-26T21:38:08Z Saw new cmpctblock header hash=105dbc66d46f20db27c8bffaa7c81e566c1cbec96eaf18aef75c1153dedab57e peer=0
2025-10-26T21:38:08Z UpdateTip: new best=105dbc66d46f20db27c8bffaa7c81e566c1cbec96eaf18aef75c1153dedab57e height=668 version=0x20000000 log2_work=10.385862 tx=2492 date='2025-10-26T21:38:18Z' progress=1.000000 cache=0.3MiB(1469txo)
2025-10-26T21:38:08Z Saw new header hash=0c7fc50ef198abb911a792bf742cc5e79e71dd05f9cf4aa08151eaab5d9a3492 height=669
2025-10-26T21:38:08Z Saw new cmpctblock header hash=0c7fc50ef198abb911a792bf742cc5e79e71dd05f9cf4aa08151eaab5d9a3492 peer=1
2025-10-26T21:38:09Z UpdateTip: new best=0c7fc50ef198abb911a792bf742cc5e79e71dd05f9cf4aa08151eaab5d9a3492 height=669 version=0x20000000 log2_work=10.388017 tx=2493 date='2025-10-26T21:38:18Z' progress=1.000000 cache=0.3MiB(1470txo)
2025-10-26T21:38:09Z Saw new header hash=59feb1642e6acbb700768c8352ae2c3b4b3f597342d866d30842ebda5518ca60 height=670
2025-10-26T21:38:09Z Saw new cmpctblock header hash=59feb1642e6acbb700768c8352ae2c3b4b3f597342d866d30842ebda5518ca60 peer=1
2025-10-26T21:38:09Z UpdateTip: new best=59feb1642e6acbb700768c8352ae2c3b4b3f597342d866d30842ebda5518ca60 height=670 version=0x20000000 log2_work=10.390169 tx=2494 date='2025-10-26T21:38:18Z' progress=1.000000 cache=0.3MiB(1471txo)
2025-10-26T21:38:09Z Saw new header hash=2b0a38c2b422e12b5eb5b90ace599a2820d8bd0fb07d298b6e8b0a3cf76daf02 height=671
2025-10-26T21:38:09Z Saw new cmpctblock header hash=2b0a38c2b422e12b5eb5b90ace599a2820d8bd0fb07d298b6e8b0a3cf76daf02 peer=0
2025-10-26T21:38:09Z UpdateTip: new best=2b0a38c2b422e12b5eb5b90ace599a2820d8bd0fb07d298b6e8b0a3cf76daf02 height=671 version=0x20000000 log2_work=10.392317 tx=2495 date='2025-10-26T21:38:18Z' progress=1.000000 cache=0.3MiB(1472txo)
2025-10-26T21:38:09Z Saw new header hash=7064104a4b8ea14dc807ed0b7e2d8e73e0267c95cb61e97816e7c147c6ad404f height=672
2025-10-26T21:38:09Z Saw new cmpctblock header hash=7064104a4b8ea14dc807ed0b7e2d8e73e0267c95cb61e97816e7c147c6ad404f peer=0
2025-10-26T21:38:09Z UpdateTip: new best=7064104a4b8ea14dc807ed0b7e2d8e73e0267c95cb61e97816e7c147c6ad404f height=672 version=0x20000000 log2_work=10.394463 tx=2496 date='2025-10-26T21:38:18Z' progress=1.000000 cache=0.3MiB(1473txo)
2025-10-26T21:38:09Z Saw new header hash=642941e9c7eba9f5f5b9a7eaae67597c765dc2db8d0aa505e755cfec188ee5be height=673
2025-10-26T21:38:09Z Saw new cmpctblock header hash=642941e9c7eba9f5f5b9a7eaae67597c765dc2db8d0aa505e755cfec188ee5be peer=1
2025-10-26T21:38:09Z UpdateTip: new best=642941e9c7eba9f5f5b9a7eaae67597c765dc2db8d0aa505e755cfec188ee5be height=673 version=0x20000000 log2_work=10.396605 tx=2497 date='2025-10-26T21:38:18Z' progress=1.000000 cache=0.3MiB(1474txo)
2025-10-26T21:38:09Z Saw new header hash=0ee148222bf5502d5fce918ebefb350a452a775df95c148e872962646f99be91 height=674
2025-10-26T21:38:09Z Saw new cmpctblock header hash=0ee148222bf5502d5fce918ebefb350a452a775df95c148e872962646f99be91 peer=0
2025-10-26T21:38:09Z UpdateTip: new best=0ee148222bf5502d5fce918ebefb350a452a775df95c148e872962646f99be91 height=674 version=0x20000000 log2_work=10.398744 tx=2498 date='2025-10-26T21:38:19Z' progress=1.000000 cache=0.3MiB(1475txo)
2025-10-26T21:38:09Z Saw new header hash=4e560c2393ffe4060103cbb49600f3b0d1d389666847fc67ca3daf4ddcbb8fec height=675
2025-10-26T21:38:09Z Saw new cmpctblock header hash=4e560c2393ffe4060103cbb49600f3b0d1d389666847fc67ca3daf4ddcbb8fec peer=1
2025-10-26T21:38:09Z UpdateTip: new best=4e560c2393ffe4060103cbb49600f3b0d1d389666847fc67ca3daf4ddcbb8fec height=675 version=0x20000000 log2_work=10.400879 tx=2499 date='2025-10-26T21:38:19Z' progress=1.000000 cache=0.3MiB(1476txo)
2025-10-26T21:38:09Z Saw new header hash=2e69072ace6b796ae1c201b13a96339b87c0e76272c9845efcaa4e0b36f1a839 height=676
2025-10-26T21:38:09Z Saw new cmpctblock header hash=2e69072ace6b796ae1c201b13a96339b87c0e76272c9845efcaa4e0b36f1a839 peer=1
2025-10-26T21:38:09Z UpdateTip: new best=2e69072ace6b796ae1c201b13a96339b87c0e76272c9845efcaa4e0b36f1a839 height=676 version=0x20000000 log2_work=10.403012 tx=2500 date='2025-10-26T21:38:19Z' progress=1.000000 cache=0.3MiB(1477txo)
2025-10-26T21:38:09Z Saw new header hash=1efc632987344adccd897d3b695e060199a28e458f5d292862e44aa853712092 height=677
2025-10-26T21:38:09Z Saw new cmpctblock header hash=1efc632987344adccd897d3b695e060199a28e458f5d292862e44aa853712092 peer=1
2025-10-26T21:38:09Z UpdateTip: new best=1efc632987344adccd897d3b695e060199a28e458f5d292862e44aa853712092 height=677 version=0x20000000 log2_work=10.405141 tx=2501 date='2025-10-26T21:38:19Z' progress=1.000000 cache=0.3MiB(1478txo)
2025-10-26T21:38:09Z Saw new header hash=0ddfac0466e414811635871138bcfc5447b7c633026381ce4704b3fd7fa1679d height=678
2025-10-26T21:38:09Z Saw new cmpctblock header hash=0ddfac0466e414811635871138bcfc5447b7c633026381ce4704b3fd7fa1679d peer=1
2025-10-26T21:38:09Z UpdateTip: new best=0ddfac0466e414811635871138bcfc5447b7c633026381ce4704b3fd7fa1679d height=678 version=0x20000000 log2_work=10.407268 tx=2502 date='2025-10-26T21:38:19Z' progress=1.000000 cache=0.3MiB(1479txo)
2025-10-26T21:38:09Z Saw new header hash=7e883867e1421997e19119bd6b48167e7e2c1ebb69c273409e77c726090f2dfa height=679
2025-10-26T21:38:09Z Saw new cmpctblock header hash=7e883867e1421997e19119bd6b48167e7e2c1ebb69c273409e77c726090f2dfa peer=0
2025-10-26T21:38:09Z UpdateTip: new best=7e883867e1421997e19119bd6b48167e7e2c1ebb69c273409e77c726090f2dfa height=679 version=0x20000000 log2_work=10.409391 tx=2503 date='2025-10-26T21:38:19Z' progress=1.000000 cache=0.3MiB(1480txo)
2025-10-26T21:38:09Z Saw new header hash=0676be9badb81b4c20fc519caab89b7045db719405ee5da61e3f1f11a803ba56 height=680
2025-10-26T21:38:09Z Saw new cmpctblock header hash=0676be9badb81b4c20fc519caab89b7045db719405ee5da61e3f1f11a803ba56 peer=0
2025-10-26T21:38:10Z UpdateTip: new best=0676be9badb81b4c20fc519caab89b7045db719405ee5da61e3f1f11a803ba56 height=680 version=0x20000000 log2_work=10.411511 tx=2504 date='2025-10-26T21:38:20Z' progress=1.000000 cache=0.3MiB(1481txo)
2025-10-26T21:38:10Z Saw new header hash=2645e53ddf066af87c27aa94c4a22d6fdd21f0e1ae2bec3a00987b77ef0fcc7e height=681
2025-10-26T21:38:10Z Saw new cmpctblock header hash=2645e53ddf066af87c27aa94c4a22d6fdd21f0e1ae2bec3a00987b77ef0fcc7e peer=0
2025-10-26T21:38:10Z UpdateTip: new best=2645e53ddf066af87c27aa94c4a22d6fdd21f0e1ae2bec3a00987b77ef0fcc7e height=681 version=0x20000000 log2_work=10.413628 tx=2505 date='2025-10-26T21:38:20Z' progress=1.000000 cache=0.3MiB(1482txo)
2025-10-26T21:38:10Z Saw new header hash=7501e119ea717a193387f22151f0e0e8c407f11e00f4c0fd84fff6b73c6f0ba7 height=682
2025-10-26T21:38:10Z Saw new cmpctblock header hash=7501e119ea717a193387f22151f0e0e8c407f11e00f4c0fd84fff6b73c6f0ba7 peer=0
2025-10-26T21:38:10Z UpdateTip: new best=7501e119ea717a193387f22151f0e0e8c407f11e00f4c0fd84fff6b73c6f0ba7 height=682 version=0x20000000 log2_work=10.415742 tx=2506 date='2025-10-26T21:38:20Z' progress=1.000000 cache=0.3MiB(1483txo)
2025-10-26T21:38:10Z Saw new header hash=16329b091d44c5250e4c06f92b79a13a633c1d3451bedad8df8a3ca0e48ce2fa height=683
2025-10-26T21:38:10Z Saw new cmpctblock header hash=16329b091d44c5250e4c06f92b79a13a633c1d3451bedad8df8a3ca0e48ce2fa peer=0
2025-10-26T21:38:10Z UpdateTip: new best=16329b091d44c5250e4c06f92b79a13a633c1d3451bedad8df8a3ca0e48ce2fa height=683 version=0x20000000 log2_work=10.417853 tx=2507 date='2025-10-26T21:38:20Z' progress=1.000000 cache=0.3MiB(1484txo)
2025-10-26T21:38:10Z Saw new header hash=4a5bc1e55a3f19d15b8f1746478aaf5c5893ebd38b33d97cef8af802c4325438 height=684
2025-10-26T21:38:10Z Saw new cmpctblock header hash=4a5bc1e55a3f19d15b8f1746478aaf5c5893ebd38b33d97cef8af802c4325438 peer=0
2025-10-26T21:38:10Z UpdateTip: new best=4a5bc1e55a3f19d15b8f1746478aaf5c5893ebd38b33d97cef8af802c4325438 height=684 version=0x20000000 log2_work=10.419960 tx=2508 date='2025-10-26T21:38:20Z' progress=1.000000 cache=0.3MiB(1485txo)
2025-10-26T21:38:10Z Saw new header hash=4ed781f46e5580f38d2ffd1f2973d9503346d3f4b746cc9ad2f1d83dd0c125d8 height=685
2025-10-26T21:38:10Z Saw new cmpctblock header hash=4ed781f46e5580f38d2ffd1f2973d9503346d3f4b746cc9ad2f1d83dd0c125d8 peer=0
2025-10-26T21:38:10Z UpdateTip: new best=4ed781f46e5580f38d2ffd1f2973d9503346d3f4b746cc9ad2f1d83dd0c125d8 height=685 version=0x20000000 log2_work=10.422065 tx=2509 date='2025-10-26T21:38:20Z' progress=1.000000 cache=0.3MiB(1486txo)
2025-10-26T21:38:10Z Saw new header hash=2e42b40dd56eed555d54ef5c942a8757a14b529104b2f938cc052a569c4e7f85 height=686
2025-10-26T21:38:10Z Saw new cmpctblock header hash=2e42b40dd56eed555d54ef5c942a8757a14b529104b2f938cc052a569c4e7f85 peer=0
2025-10-26T21:38:10Z UpdateTip: new best=2e42b40dd56eed555d54ef5c942a8757a14b529104b2f938cc052a569c4e7f85 height=686 version=0x20000000 log2_work=10.424166 tx=2510 date='2025-10-26T21:38:21Z' progress=1.000000 cache=0.3MiB(1487txo)
2025-10-26T21:38:10Z Saw new header hash=03d2550b19401af34a68e8d1d771e94f59a4539fc3ebea2fa93400b1b2a22351 height=687
2025-10-26T21:38:10Z Saw new cmpctblock header hash=03d2550b19401af34a68e8d1d771e94f59a4539fc3ebea2fa93400b1b2a22351 peer=1
2025-10-26T21:38:10Z UpdateTip: new best=03d2550b19401af34a68e8d1d771e94f59a4539fc3ebea2fa93400b1b2a22351 height=687 version=0x20000000 log2_work=10.426265 tx=2511 date='2025-10-26T21:38:21Z' progress=1.000000 cache=0.3MiB(1488txo)
2025-10-26T21:38:10Z Saw new header hash=3c6c419068369bc2d55df751c561c9b6fce98128be48d253c001ea9d0acc3794 height=688
2025-10-26T21:38:10Z Saw new cmpctblock header hash=3c6c419068369bc2d55df751c561c9b6fce98128be48d253c001ea9d0acc3794 peer=1
2025-10-26T21:38:10Z UpdateTip: new best=3c6c419068369bc2d55df751c561c9b6fce98128be48d253c001ea9d0acc3794 height=688 version=0x20000000 log2_work=10.428360 tx=2512 date='2025-10-26T21:38:21Z' progress=1.000000 cache=0.3MiB(1489txo)
2025-10-26T21:38:10Z Saw new header hash=2f7b9ee200a658b25f8035324508e4b256ba9a86be58fc08f5544ae8d8858202 height=689
2025-10-26T21:38:10Z Saw new cmpctblock header hash=2f7b9ee200a658b25f8035324508e4b256ba9a86be58fc08f5544ae8d8858202 peer=0
2025-10-26T21:38:10Z UpdateTip: new best=2f7b9ee200a658b25f8035324508e4b256ba9a86be58fc08f5544ae8d8858202 height=689 version=0x20000000 log2_work=10.430453 tx=2513 date='2025-10-26T21:38:21Z' progress=1.000000 cache=0.3MiB(1490txo)
2025-10-26T21:38:10Z Saw new header hash=1e8175bb5c7a6e2525b875cd873a831f1e53b996e6a7f9be95d8e25dc0fff746 height=690
2025-10-26T21:38:10Z Saw new cmpctblock header hash=1e8175bb5c7a6e2525b875cd873a831f1e53b996e6a7f9be95d8e25dc0fff746 peer=0
2025-10-26T21:38:10Z UpdateTip: new best=1e8175bb5c7a6e2525b875cd873a831f1e53b996e6a7f9be95d8e25dc0fff746 height=690 version=0x20000000 log2_work=10.432542 tx=2514 date='2025-10-26T21:38:21Z' progress=1.000000 cache=0.3MiB(1491txo)
2025-10-26T21:38:10Z Saw new header hash=01617d7e250732dd462f18f1ed70ba0df39eb66a57bd370710bd764bfe17f071 height=691
2025-10-26T21:38:10Z Saw new cmpctblock header hash=01617d7e250732dd462f18f1ed70ba0df39eb66a57bd370710bd764bfe17f071 peer=0
2025-10-26T21:38:10Z UpdateTip: new best=01617d7e250732dd462f18f1ed70ba0df39eb66a57bd370710bd764bfe17f071 height=691 version=0x20000000 log2_work=10.434628 tx=2515 date='2025-10-26T21:38:21Z' progress=1.000000 cache=0.3MiB(1492txo)
2025-10-26T21:38:10Z Saw new header hash=21c60795e624093f7df41b21214be333f8715c32f9c9e6628fdecad5ce485053 height=692
2025-10-26T21:38:10Z Saw new cmpctblock header hash=21c60795e624093f7df41b21214be333f8715c32f9c9e6628fdecad5ce485053 peer=1
2025-10-26T21:38:10Z UpdateTip: new best=21c60795e624093f7df41b21214be333f8715c32f9c9e6628fdecad5ce485053 height=692 version=0x20000000 log2_work=10.436712 tx=2516 date='2025-10-26T21:38:22Z' progress=1.000000 cache=0.3MiB(1493txo)
2025-10-26T21:38:11Z Saw new header hash=2698b3c63009cf76b012b1be3ab7198016eee8ca15a8574f8ccd6990088cbaa9 height=693
2025-10-26T21:38:11Z Saw new cmpctblock header hash=2698b3c63009cf76b012b1be3ab7198016eee8ca15a8574f8ccd6990088cbaa9 peer=1
2025-10-26T21:38:11Z UpdateTip: new best=2698b3c63009cf76b012b1be3ab7198016eee8ca15a8574f8ccd6990088cbaa9 height=693 version=0x20000000 log2_work=10.438792 tx=2517 date='2025-10-26T21:38:22Z' progress=1.000000 cache=0.3MiB(1494txo)
2025-10-26T21:38:11Z Saw new header hash=47b7df2a6526c7dc6d7fce919670e4c4fbc07529fa971894bdb40a0faadca597 height=694
2025-10-26T21:38:11Z Saw new cmpctblock header hash=47b7df2a6526c7dc6d7fce919670e4c4fbc07529fa971894bdb40a0faadca597 peer=0
2025-10-26T21:38:11Z UpdateTip: new best=47b7df2a6526c7dc6d7fce919670e4c4fbc07529fa971894bdb40a0faadca597 height=694 version=0x20000000 log2_work=10.440869 tx=2518 date='2025-10-26T21:38:22Z' progress=1.000000 cache=0.3MiB(1495txo)
2025-10-26T21:38:11Z Saw new header hash=439f8e52e22418dd648cedb1fe12f4bf3ec5e52c1770bda0e308173e26e313d8 height=695
2025-10-26T21:38:11Z Saw new cmpctblock header hash=439f8e52e22418dd648cedb1fe12f4bf3ec5e52c1770bda0e308173e26e313d8 peer=1
2025-10-26T21:38:11Z UpdateTip: new best=439f8e52e22418dd648cedb1fe12f4bf3ec5e52c1770bda0e308173e26e313d8 height=695 version=0x20000000 log2_work=10.442943 tx=2519 date='2025-10-26T21:38:22Z' progress=1.000000 cache=0.3MiB(1496txo)
2025-10-26T21:38:11Z Saw new header hash=4e3f6700b7205b36ec7536b7b12d6500bd250ce27cf71496779c4abe8665acad height=696
2025-10-26T21:38:11Z Saw new cmpctblock header hash=4e3f6700b7205b36ec7536b7b12d6500bd250ce27cf71496779c4abe8665acad peer=1
2025-10-26T21:38:11Z UpdateTip: new best=4e3f6700b7205b36ec7536b7b12d6500bd250ce27cf71496779c4abe8665acad height=696 version=0x20000000 log2_work=10.445015 tx=2520 date='2025-10-26T21:38:22Z' progress=1.000000 cache=0.3MiB(1497txo)
2025-10-26T21:38:11Z Saw new header hash=6125120c1d33e2a3a8ef8e2051b9521898d7c5cf946f842a12100cf3ce1028ce height=697
2025-10-26T21:38:11Z Saw new cmpctblock header hash=6125120c1d33e2a3a8ef8e2051b9521898d7c5cf946f842a12100cf3ce1028ce peer=0
2025-10-26T21:38:11Z UpdateTip: new best=6125120c1d33e2a3a8ef8e2051b9521898d7c5cf946f842a12100cf3ce1028ce height=697 version=0x20000000 log2_work=10.447083 tx=2521 date='2025-10-26T21:38:22Z' progress=1.000000 cache=0.3MiB(1498txo)
2025-10-26T21:38:11Z Saw new header hash=44336cea6d0307a0ad3b4f738f412539bde1a814884e772a5b96e8d62cb20572 height=698
2025-10-26T21:38:11Z Saw new cmpctblock header hash=44336cea6d0307a0ad3b4f738f412539bde1a814884e772a5b96e8d62cb20572 peer=1
2025-10-26T21:38:11Z UpdateTip: new best=44336cea6d0307a0ad3b4f738f412539bde1a814884e772a5b96e8d62cb20572 height=698 version=0x20000000 log2_work=10.449149 tx=2522 date='2025-10-26T21:38:23Z' progress=1.000000 cache=0.3MiB(1499txo)
2025-10-26T21:38:11Z Saw new header hash=3210fa66e4a2bacea3fb002e52871feec89d27f2e54f19e63d6f01eec9eb2316 height=699
2025-10-26T21:38:11Z Saw new cmpctblock header hash=3210fa66e4a2bacea3fb002e52871feec89d27f2e54f19e63d6f01eec9eb2316 peer=1
2025-10-26T21:38:11Z UpdateTip: new best=3210fa66e4a2bacea3fb002e52871feec89d27f2e54f19e63d6f01eec9eb2316 height=699 version=0x20000000 log2_work=10.451211 tx=2523 date='2025-10-26T21:38:23Z' progress=1.000000 cache=0.3MiB(1500txo)
2025-10-26T21:38:11Z Saw new header hash=30605fde33b64ac1e691e6df0da0df9da83901699bc8fd9d18d59feb93eef625 height=700
2025-10-26T21:38:11Z Saw new cmpctblock header hash=30605fde33b64ac1e691e6df0da0df9da83901699bc8fd9d18d59feb93eef625 peer=1
2025-10-26T21:38:11Z UpdateTip: new best=30605fde33b64ac1e691e6df0da0df9da83901699bc8fd9d18d59feb93eef625 height=700 version=0x20000000 log2_work=10.453271 tx=2524 date='2025-10-26T21:38:23Z' progress=1.000000 cache=0.3MiB(1501txo)
2025-10-26T21:38:11Z Saw new header hash=6f8dffb3daa8d0f730f13156e7be9435073618606f12e4cb9e6d1696669372fe height=701
2025-10-26T21:38:11Z Saw new cmpctblock header hash=6f8dffb3daa8d0f730f13156e7be9435073618606f12e4cb9e6d1696669372fe peer=1
2025-10-26T21:38:11Z UpdateTip: new best=6f8dffb3daa8d0f730f13156e7be9435073618606f12e4cb9e6d1696669372fe height=701 version=0x20000000 log2_work=10.455327 tx=2525 date='2025-10-26T21:38:23Z' progress=1.000000 cache=0.3MiB(1502txo)
2025-10-26T21:38:11Z Saw new header hash=2b58ed6f9529cad2ea9c6cc9c6e2b3a093e8ef7f67a1dacb9745da9fe4bb6132 height=702
2025-10-26T21:38:11Z Saw new cmpctblock header hash=2b58ed6f9529cad2ea9c6cc9c6e2b3a093e8ef7f67a1dacb9745da9fe4bb6132 peer=1
2025-10-26T21:38:11Z UpdateTip: new best=2b58ed6f9529cad2ea9c6cc9c6e2b3a093e8ef7f67a1dacb9745da9fe4bb6132 height=702 version=0x20000000 log2_work=10.457381 tx=2526 date='2025-10-26T21:38:23Z' progress=1.000000 cache=0.3MiB(1503txo)
2025-10-26T21:38:11Z Saw new header hash=39f97f2fb156948668fd5012300b22f016ba192e14073d190165713329979513 height=703
2025-10-26T21:38:11Z Saw new cmpctblock header hash=39f97f2fb156948668fd5012300b22f016ba192e14073d190165713329979513 peer=0
2025-10-26T21:38:11Z UpdateTip: new best=39f97f2fb156948668fd5012300b22f016ba192e14073d190165713329979513 height=703 version=0x20000000 log2_work=10.459432 tx=2527 date='2025-10-26T21:38:23Z' progress=1.000000 cache=0.3MiB(1504txo)
2025-10-26T21:38:11Z Saw new header hash=216b9b77b6a6e4895617b551953100196dedcf8707afd7467e41a7d69cdfd5fa height=704
2025-10-26T21:38:11Z Saw new cmpctblock header hash=216b9b77b6a6e4895617b551953100196dedcf8707afd7467e41a7d69cdfd5fa peer=1
2025-10-26T21:38:11Z UpdateTip: new best=216b9b77b6a6e4895617b551953100196dedcf8707afd7467e41a7d69cdfd5fa height=704 version=0x20000000 log2_work=10.461479 tx=2528 date='2025-10-26T21:38:24Z' progress=1.000000 cache=0.3MiB(1505txo)
2025-10-26T21:38:11Z Saw new header hash=203463564a146e77e1abc1978e26d01085f10f2b5af2c3411379f26fcf0c54a3 height=705
2025-10-26T21:38:11Z Saw new cmpctblock header hash=203463564a146e77e1abc1978e26d01085f10f2b5af2c3411379f26fcf0c54a3 peer=0
2025-10-26T21:38:11Z UpdateTip: new best=203463564a146e77e1abc1978e26d01085f10f2b5af2c3411379f26fcf0c54a3 height=705 version=0x20000000 log2_work=10.463524 tx=2529 date='2025-10-26T21:38:24Z' progress=1.000000 cache=0.3MiB(1506txo)
2025-10-26T21:38:11Z Saw new header hash=5acd45a358fdf31d24df5c954c6c436e0e606c3d6f2a284fbdc939389b52d5ef height=706
2025-10-26T21:38:11Z Saw new cmpctblock header hash=5acd45a358fdf31d24df5c954c6c436e0e606c3d6f2a284fbdc939389b52d5ef peer=1
2025-10-26T21:38:11Z UpdateTip: new best=5acd45a358fdf31d24df5c954c6c436e0e606c3d6f2a284fbdc939389b52d5ef height=706 version=0x20000000 log2_work=10.465566 tx=2530 date='2025-10-26T21:38:24Z' progress=1.000000 cache=0.3MiB(1507txo)
2025-10-26T21:38:11Z Saw new header hash=0714a3ff31a35ef9cd70e193e9bf9d696d7f10f881d79fde831db612784bc694 height=707
2025-10-26T21:38:12Z Saw new cmpctblock header hash=0714a3ff31a35ef9cd70e193e9bf9d696d7f10f881d79fde831db612784bc694 peer=0
2025-10-26T21:38:12Z UpdateTip: new best=0714a3ff31a35ef9cd70e193e9bf9d696d7f10f881d79fde831db612784bc694 height=707 version=0x20000000 log2_work=10.467606 tx=2531 date='2025-10-26T21:38:24Z' progress=1.000000 cache=0.3MiB(1508txo)
2025-10-26T21:38:12Z Saw new header hash=1d939f0f2f583e0820ef6dddc6b99adfeb824f46c1499e9c8d07853ec2735939 height=708
2025-10-26T21:38:12Z Saw new cmpctblock header hash=1d939f0f2f583e0820ef6dddc6b99adfeb824f46c1499e9c8d07853ec2735939 peer=0
2025-10-26T21:38:11Z UpdateTip: new best=1d939f0f2f583e0820ef6dddc6b99adfeb824f46c1499e9c8d07853ec2735939 height=708 version=0x20000000 log2_work=10.469642 tx=2532 date='2025-10-26T21:38:24Z' progress=1.000000 cache=0.3MiB(1509txo)
2025-10-26T21:38:11Z Saw new header hash=343e7821160790270a4d66dd9d50e9a3e751fa973b1901371bdbcfe53c394c7e height=709
2025-10-26T21:38:11Z Saw new cmpctblock header hash=343e7821160790270a4d66dd9d50e9a3e751fa973b1901371bdbcfe53c394c7e peer=0
2025-10-26T21:38:11Z UpdateTip: new best=343e7821160790270a4d66dd9d50e9a3e751fa973b1901371bdbcfe53c394c7e height=709 version=0x20000000 log2_work=10.471675 tx=2533 date='2025-10-26T21:38:24Z' progress=1.000000 cache=0.3MiB(1510txo)
2025-10-26T21:38:11Z Saw new header hash=64419942cfd7a897757caf0b6b745fee9ba7ec54d51a63ab559350ea8b3f1913 height=710
2025-10-26T21:38:11Z Saw new cmpctblock header hash=64419942cfd7a897757caf0b6b745fee9ba7ec54d51a63ab559350ea8b3f1913 peer=0
2025-10-26T21:38:11Z UpdateTip: new best=64419942cfd7a897757caf0b6b745fee9ba7ec54d51a63ab559350ea8b3f1913 height=710 version=0x20000000 log2_work=10.473706 tx=2534 date='2025-10-26T21:38:25Z' progress=1.000000 cache=0.3MiB(1511txo)
2025-10-26T21:38:11Z Saw new header hash=61bb885cda2411bf394a4871a37e597302caec296b818c0a2d6564787c36e927 height=711
2025-10-26T21:38:11Z Saw new cmpctblock header hash=61bb885cda2411bf394a4871a37e597302caec296b818c0a2d6564787c36e927 peer=0
2025-10-26T21:38:11Z UpdateTip: new best=61bb885cda2411bf394a4871a37e597302caec296b818c0a2d6564787c36e927 height=711 version=0x20000000 log2_work=10.475733 tx=2535 date='2025-10-26T21:38:25Z' progress=1.000000 cache=0.3MiB(1512txo)
2025-10-26T21:38:11Z Saw new header hash=21a2453ee89178a7df76b60250a6cfb0c5dd03f249755619875c3bd4ea314067 height=712
2025-10-26T21:38:11Z Saw new cmpctblock header hash=21a2453ee89178a7df76b60250a6cfb0c5dd03f249755619875c3bd4ea314067 peer=0
2025-10-26T21:38:11Z UpdateTip: new best=21a2453ee89178a7df76b60250a6cfb0c5dd03f249755619875c3bd4ea314067 height=712 version=0x20000000 log2_work=10.477758 tx=2536 date='2025-10-26T21:38:25Z' progress=1.000000 cache=0.3MiB(1513txo)
2025-10-26T21:38:15Z Saw new header hash=66cc05b971175c05fcf7bd0c20499d30f6877fee407e59149a34e910a076b46b height=713
2025-10-26T21:38:15Z Saw new cmpctblock header hash=66cc05b971175c05fcf7bd0c20499d30f6877fee407e59149a34e910a076b46b peer=1
2025-10-26T21:38:16Z UpdateTip: new best=66cc05b971175c05fcf7bd0c20499d30f6877fee407e59149a34e910a076b46b height=713 version=0x20000000 log2_work=10.479780 tx=2537 date='2025-10-26T21:38:25Z' progress=1.000000 cache=0.3MiB(1514txo)
2025-10-26T21:38:16Z Saw new header hash=03c1210c83609a8d3680a8699dc9768621ebdd76fe5563de2c19c7da140fd41f height=714
2025-10-26T21:38:17Z Saw new cmpctblock header hash=03c1210c83609a8d3680a8699dc9768621ebdd76fe5563de2c19c7da140fd41f peer=0
2025-10-26T21:38:18Z UpdateTip: new best=03c1210c83609a8d3680a8699dc9768621ebdd76fe5563de2c19c7da140fd41f height=714 version=0x20000000 log2_work=10.481799 tx=2538 date='2025-10-26T21:38:25Z' progress=1.000000 cache=0.3MiB(1515txo)
2025-10-26T21:38:18Z Saw new header hash=089f42048a9ea7837e26988cb38e2cebb9836b8a3f9b910715a629a000d36d97 height=715
2025-10-26T21:38:19Z Saw new cmpctblock header hash=089f42048a9ea7837e26988cb38e2cebb9836b8a3f9b910715a629a000d36d97 peer=0
2025-10-26T21:38:20Z UpdateTip: new best=089f42048a9ea7837e26988cb38e2cebb9836b8a3f9b910715a629a000d36d97 height=715 version=0x20000000 log2_work=10.483816 tx=2539 date='2025-10-26T21:38:25Z' progress=1.000000 cache=0.3MiB(1516txo)
2025-10-26T21:38:20Z Saw new header hash=26b282b31ab397656d1a0f6d496ecf8c4798b11d77c82f43749c3d9d2e14ce77 height=716
2025-10-26T21:38:20Z Saw new cmpctblock header hash=26b282b31ab397656d1a0f6d496ecf8c4798b11d77c82f43749c3d9d2e14ce77 peer=0
2025-10-26T21:38:21Z UpdateTip: new best=26b282b31ab397656d1a0f6d496ecf8c4798b11d77c82f43749c3d9d2e14ce77 height=716 version=0x20000000 log2_work=10.485829 tx=2540 date='2025-10-26T21:38:26Z' progress=1.000000 cache=0.3MiB(1517txo)
2025-10-26T21:38:21Z Saw new header hash=4c8a55ebea7fb207e304eb01529bc9bff60f2220f8dc87a0f12e5abd96b65d96 height=717
2025-10-26T21:38:21Z Saw new cmpctblock header hash=4c8a55ebea7fb207e304eb01529bc9bff60f2220f8dc87a0f12e5abd96b65d96 peer=0
2025-10-26T21:38:21Z UpdateTip: new best=4c8a55ebea7fb207e304eb01529bc9bff60f2220f8dc87a0f12e5abd96b65d96 height=717 version=0x20000000 log2_work=10.487840 tx=2541 date='2025-10-26T21:38:26Z' progress=1.000000 cache=0.3MiB(1518txo)
2025-10-26T21:38:21Z Saw new header hash=1917652b34bd21eb4b46a6306b2cdedfe4eaf842b06d2e9479066d3d4204f4ed height=718
2025-10-26T21:38:21Z Saw new cmpctblock header hash=1917652b34bd21eb4b46a6306b2cdedfe4eaf842b06d2e9479066d3d4204f4ed peer=1
2025-10-26T21:38:21Z UpdateTip: new best=1917652b34bd21eb4b46a6306b2cdedfe4eaf842b06d2e9479066d3d4204f4ed height=718 version=0x20000000 log2_work=10.489848 tx=2542 date='2025-10-26T21:38:26Z' progress=1.000000 cache=0.3MiB(1519txo)
2025-10-26T21:38:21Z Saw new header hash=6ae5a56d4194890914b662976445fabfc9768eab12823501c8d0942a5c818796 height=719
2025-10-26T21:38:21Z Saw new cmpctblock header hash=6ae5a56d4194890914b662976445fabfc9768eab12823501c8d0942a5c818796 peer=0
2025-10-26T21:38:21Z UpdateTip: new best=6ae5a56d4194890914b662976445fabfc9768eab12823501c8d0942a5c818796 height=719 version=0x20000000 log2_work=10.491853 tx=2543 date='2025-10-26T21:38:26Z' progress=1.000000 cache=0.3MiB(1520txo)
2025-10-26T21:38:21Z Saw new header hash=5aa0ee1480b8acf5d107ffb4097126a88df804c2a4fe7ad7a765cd9e68280a23 height=720
2025-10-26T21:38:21Z Saw new cmpctblock header hash=5aa0ee1480b8acf5d107ffb4097126a88df804c2a4fe7ad7a765cd9e68280a23 peer=0
2025-10-26T21:38:21Z UpdateTip: new best=5aa0ee1480b8acf5d107ffb4097126a88df804c2a4fe7ad7a765cd9e68280a23 height=720 version=0x20000000 log2_work=10.493855 tx=2544 date='2025-10-26T21:38:26Z' progress=1.000000 cache=0.3MiB(1521txo)
2025-10-26T21:38:21Z Saw new header hash=0fa9a721788d7a1e88a1affb44d18167ce073df4cc2ca950afe98da16e1993ab height=721
2025-10-26T21:38:21Z Saw new cmpctblock header hash=0fa9a721788d7a1e88a1affb44d18167ce073df4cc2ca950afe98da16e1993ab peer=0
2025-10-26T21:38:21Z UpdateTip: new best=0fa9a721788d7a1e88a1affb44d18167ce073df4cc2ca950afe98da16e1993ab height=721 version=0x20000000 log2_work=10.495855 tx=2545 date='2025-10-26T21:38:26Z' progress=1.000000 cache=0.3MiB(1522txo)
2025-10-26T21:38:21Z Saw new header hash=60fa168de0adb1d09c4657c653c3c5678743da6e79f8814aeb0e459309493320 height=722
2025-10-26T21:38:21Z Saw new cmpctblock header hash=60fa168de0adb1d09c4657c653c3c5678743da6e79f8814aeb0e459309493320 peer=1
2025-10-26T21:38:21Z UpdateTip: new best=60fa168de0adb1d09c4657c653c3c5678743da6e79f8814aeb0e459309493320 height=722 version=0x20000000 log2_work=10.497852 tx=2546 date='2025-10-26T21:38:27Z' progress=1.000000 cache=0.3MiB(1523txo)
2025-10-26T21:38:21Z Saw new header hash=107e16b141947ff3e9776e2d6a3200e87e508a4f5c6906e3ded2f24111e797d6 height=723
2025-10-26T21:38:21Z Saw new cmpctblock header hash=107e16b141947ff3e9776e2d6a3200e87e508a4f5c6906e3ded2f24111e797d6 peer=0
2025-10-26T21:38:21Z UpdateTip: new best=107e16b141947ff3e9776e2d6a3200e87e508a4f5c6906e3ded2f24111e797d6 height=723 version=0x20000000 log2_work=10.499846 tx=2547 date='2025-10-26T21:38:27Z' progress=1.000000 cache=0.3MiB(1524txo)
2025-10-26T21:38:21Z Saw new header hash=15ef612c9e7c58880a7c47e99f41e38b926e9a328ce73e147fa00760edcd4de1 height=724
2025-10-26T21:38:21Z Saw new cmpctblock header hash=15ef612c9e7c58880a7c47e99f41e38b926e9a328ce73e147fa00760edcd4de1 peer=1
2025-10-26T21:38:21Z UpdateTip: new best=15ef612c9e7c58880a7c47e99f41e38b926e9a328ce73e147fa00760edcd4de1 height=724 version=0x20000000 log2_work=10.501837 tx=2548 date='2025-10-26T21:38:27Z' progress=1.000000 cache=0.3MiB(1525txo)
2025-10-26T21:38:21Z Saw new header hash=16c020aaf6299bbe5ab8e12ccfd92e6ab7c3c2f5c14c71ed282192e7b022d1b2 height=725
2025-10-26T21:38:21Z Saw new cmpctblock header hash=16c020aaf6299bbe5ab8e12ccfd92e6ab7c3c2f5c14c71ed282192e7b022d1b2 peer=0
2025-10-26T21:38:21Z UpdateTip: new best=16c020aaf6299bbe5ab8e12ccfd92e6ab7c3c2f5c14c71ed282192e7b022d1b2 height=725 version=0x20000000 log2_work=10.503826 tx=2549 date='2025-10-26T21:38:27Z' progress=1.000000 cache=0.3MiB(1526txo)
2025-10-26T21:38:21Z Saw new header hash=05162196f5f9655899005bd8ee9b317050329ad8717d3ae278c62bf20054c726 height=726
2025-10-26T21:38:21Z Saw new cmpctblock header hash=05162196f5f9655899005bd8ee9b317050329ad8717d3ae278c62bf20054c726 peer=1
2025-10-26T21:38:21Z UpdateTip: new best=05162196f5f9655899005bd8ee9b317050329ad8717d3ae278c62bf20054c726 height=726 version=0x20000000 log2_work=10.505812 tx=2550 date='2025-10-26T21:38:27Z' progress=1.000000 cache=0.3MiB(1527txo)
2025-10-26T21:38:21Z Saw new header hash=706a2389428d14d9a6b80354d38b23dbde83da10d2a0c7d4037818453e8d95f7 height=727
2025-10-26T21:38:21Z Saw new cmpctblock header hash=706a2389428d14d9a6b80354d38b23dbde83da10d2a0c7d4037818453e8d95f7 peer=1
2025-10-26T21:38:22Z UpdateTip: new best=706a2389428d14d9a6b80354d38b23dbde83da10d2a0c7d4037818453e8d95f7 height=727 version=0x20000000 log2_work=10.507795 tx=2551 date='2025-10-26T21:38:27Z' progress=1.000000 cache=0.3MiB(1528txo)
2025-10-26T21:38:22Z Saw new header hash=36c12d76a5eab149d7a59c7af020ef6de20083e443811c4b6682106d174b0bd1 height=728
2025-10-26T21:38:22Z Saw new cmpctblock header hash=36c12d76a5eab149d7a59c7af020ef6de20083e443811c4b6682106d174b0bd1 peer=0
2025-10-26T21:38:23Z UpdateTip: new best=36c12d76a5eab149d7a59c7af020ef6de20083e443811c4b6682106d174b0bd1 height=728 version=0x20000000 log2_work=10.509775 tx=2552 date='2025-10-26T21:38:28Z' progress=1.000000 cache=0.3MiB(1529txo)
2025-10-26T21:38:25Z Saw new header hash=7245fc26de772601e888431787003fb3d10dd67c90f9372e94545942a523ff24 height=729
2025-10-26T21:38:26Z Saw new cmpctblock header hash=7245fc26de772601e888431787003fb3d10dd67c90f9372e94545942a523ff24 peer=1
2025-10-26T21:38:26Z UpdateTip: new best=7245fc26de772601e888431787003fb3d10dd67c90f9372e94545942a523ff24 height=729 version=0x20000000 log2_work=10.511753 tx=2553 date='2025-10-26T21:38:28Z' progress=1.000000 cache=0.3MiB(1530txo)
2025-10-26T21:38:26Z Saw new header hash=665bc981ebcae2b61d986c0d10438f08d095e80547efff85e0b5b57393a7ec57 height=730
2025-10-26T21:38:26Z Saw new cmpctblock header hash=665bc981ebcae2b61d986c0d10438f08d095e80547efff85e0b5b57393a7ec57 peer=1
2025-10-26T21:38:26Z UpdateTip: new best=665bc981ebcae2b61d986c0d10438f08d095e80547efff85e0b5b57393a7ec57 height=730 version=0x20000000 log2_work=10.513728 tx=2554 date='2025-10-26T21:38:28Z' progress=1.000000 cache=0.3MiB(1531txo)
2025-10-26T21:38:26Z Saw new header hash=64645bbe303ba9853bea9f62d3d49e0ade512e028a0e28c628879ea961cdc415 height=731
2025-10-26T21:38:26Z Saw new cmpctblock header hash=64645bbe303ba9853bea9f62d3d49e0ade512e028a0e28c628879ea961cdc415 peer=0
2025-10-26T21:38:26Z UpdateTip: new best=64645bbe303ba9853bea9f62d3d49e0ade512e028a0e28c628879ea961cdc415 height=731 version=0x20000000 log2_work=10.515700 tx=2555 date='2025-10-26T21:38:28Z' progress=1.000000 cache=0.3MiB(1532txo)
2025-10-26T21:38:26Z Saw new header hash=673fb469ca6da50da8595f862ffe9b99e4a1d72010def8403bcabd3556ec6a43 height=732
2025-10-26T21:38:26Z Saw new cmpctblock header hash=673fb469ca6da50da8595f862ffe9b99e4a1d72010def8403bcabd3556ec6a43 peer=1
2025-10-26T21:38:26Z UpdateTip: new best=673fb469ca6da50da8595f862ffe9b99e4a1d72010def8403bcabd3556ec6a43 height=732 version=0x20000000 log2_work=10.517669 tx=2556 date='2025-10-26T21:38:28Z' progress=1.000000 cache=0.3MiB(1533txo)
2025-10-26T21:38:26Z Saw new header hash=76977cb6e7cc9123fcb8341da9dd6c7301f8b5d38a940754696cbdfe828561f1 height=733
2025-10-26T21:38:26Z Saw new cmpctblock header hash=76977cb6e7cc9123fcb8341da9dd6c7301f8b5d38a940754696cbdfe828561f1 peer=0
2025-10-26T21:38:26Z UpdateTip: new best=76977cb6e7cc9123fcb8341da9dd6c7301f8b5d38a940754696cbdfe828561f1 height=733 version=0x20000000 log2_work=10.519636 tx=2557 date='2025-10-26T21:38:28Z' progress=1.000000 cache=0.3MiB(1534txo)
2025-10-26T21:38:27Z Saw new header hash=16257efcee55b804168fcb7d4c40643055e667b37790c3cd5ff739d6644d2c44 height=734
2025-10-26T21:38:27Z Saw new cmpctblock header hash=16257efcee55b804168fcb7d4c40643055e667b37790c3cd5ff739d6644d2c44 peer=1
2025-10-26T21:38:27Z UpdateTip: new best=16257efcee55b804168fcb7d4c40643055e667b37790c3cd5ff739d6644d2c44 height=734 version=0x20000000 log2_work=10.521600 tx=2558 date='2025-10-26T21:38:29Z' progress=1.000000 cache=0.3MiB(1535txo)
2025-10-26T21:38:27Z Saw new header hash=7b51f2fd7183a625ecf6bc362c1990937969813fe513c2dff11e5e29c44161a9 height=735
2025-10-26T21:38:27Z Saw new cmpctblock header hash=7b51f2fd7183a625ecf6bc362c1990937969813fe513c2dff11e5e29c44161a9 peer=0
2025-10-26T21:38:27Z UpdateTip: new best=7b51f2fd7183a625ecf6bc362c1990937969813fe513c2dff11e5e29c44161a9 height=735 version=0x20000000 log2_work=10.523562 tx=2559 date='2025-10-26T21:38:29Z' progress=1.000000 cache=0.3MiB(1536txo)
2025-10-26T21:38:27Z Saw new header hash=1c42b22f5317abf57b8ec139aef7b302a2239eca036ec7452bef73ffdffd9f68 height=736
2025-10-26T21:38:27Z Saw new cmpctblock header hash=1c42b22f5317abf57b8ec139aef7b302a2239eca036ec7452bef73ffdffd9f68 peer=0
2025-10-26T21:38:27Z UpdateTip: new best=1c42b22f5317abf57b8ec139aef7b302a2239eca036ec7452bef73ffdffd9f68 height=736 version=0x20000000 log2_work=10.525521 tx=2560 date='2025-10-26T21:38:29Z' progress=1.000000 cache=0.3MiB(1537txo)
2025-10-26T21:38:27Z Saw new header hash=26facc9d74ed25d88d824a067bc8aae732fde02ea76228e4b12d29a8e1f224d9 height=737
2025-10-26T21:38:27Z Saw new cmpctblock header hash=26facc9d74ed25d88d824a067bc8aae732fde02ea76228e4b12d29a8e1f224d9 peer=1
2025-10-26T21:38:27Z UpdateTip: new best=26facc9d74ed25d88d824a067bc8aae732fde02ea76228e4b12d29a8e1f224d9 height=737 version=0x20000000 log2_work=10.527477 tx=2561 date='2025-10-26T21:38:29Z' progress=1.000000 cache=0.3MiB(1538txo)
2025-10-26T21:38:27Z Saw new header hash=784ce6ec110f019feb3c9bfc54438bf179a3547ca2e1f6368a284562672dcbb7 height=738
2025-10-26T21:38:27Z Saw new cmpctblock header hash=784ce6ec110f019feb3c9bfc54438bf179a3547ca2e1f6368a284562672dcbb7 peer=0
2025-10-26T21:38:27Z UpdateTip: new best=784ce6ec110f019feb3c9bfc54438bf179a3547ca2e1f6368a284562672dcbb7 height=738 version=0x20000000 log2_work=10.529431 tx=2562 date='2025-10-26T21:38:29Z' progress=1.000000 cache=0.3MiB(1539txo)
