2025-10-30T17:47:58Z Warning: reindex=1 is set in the configuration file, which will significantly slow down startup. Consider removing or commenting out this option for better performance, unless there is currently a condition which makes rebuilding the indexes necessary
2025-10-30T17:47:58Z Bitcoin Core version v27.0.0 (release build)
2025-10-30T17:47:58Z Script verification uses 7 additional threads
2025-10-30T17:47:58Z Using the 'arm_shani(1way,2way)' SHA256 implementation
2025-10-30T17:47:58Z Default data directory /home/bitcoin/.bitcoin
2025-10-30T17:47:58Z Using data directory /home/bitcoin/.bitcoin/regtest
2025-10-30T17:47:58Z Config file: /home/bitcoin/.bitcoin/bitcoin.conf
2025-10-30T17:47:58Z Config file arg: [regtest] fallbackfee="0.0002"
2025-10-30T17:47:58Z Config file arg: [regtest] maxmempool="500"
2025-10-30T17:47:58Z Config file arg: [regtest] reindex="1"
2025-10-30T17:47:58Z Config file arg: [regtest] rpcallowip="0.0.0.0/0"
2025-10-30T17:47:58Z Config file arg: [regtest] rpcbind="0.0.0.0"
2025-10-30T17:47:58Z Config file arg: [regtest] rpcpassword=****
2025-10-30T17:47:58Z Config file arg: [regtest] rpcuser=****
2025-10-30T17:47:58Z Config file arg: [regtest] server="1"
2025-10-30T17:47:58Z Command-line arg: connect="node13:18444"
2025-10-30T17:47:58Z Command-line arg: datadir="/home/bitcoin/.bitcoin"
2025-10-30T17:47:58Z Command-line arg: discover="1"
2025-10-30T17:47:58Z Command-line arg: dnsseed="0"
2025-10-30T17:47:58Z Command-line arg: listen="1"
2025-10-30T17:47:58Z Command-line arg: maxconnections="64"
2025-10-30T17:47:58Z Command-line arg: printtoconsole="1"
2025-10-30T17:47:58Z Command-line arg: regtest="1"
2025-10-30T17:47:58Z Command-line arg: rpcallowip="0.0.0.0/0"
2025-10-30T17:47:58Z Command-line arg: rpcbind="0.0.0.0"
2025-10-30T17:47:58Z Command-line arg: rpcpassword=****
2025-10-30T17:47:58Z Command-line arg: rpcuser=****
2025-10-30T17:47:58Z Command-line arg: server="1"
2025-10-30T17:47:58Z Command-line arg: txindex="1"
2025-10-30T17:47:58Z Command-line arg: zmqpubhashblock="tcp://0.0.0.0:28332"
2025-10-30T17:47:58Z Command-line arg: zmqpubhashtx="tcp://0.0.0.0:28333"
2025-10-30T17:47:58Z Using at most 64 automatic connections (1048576 file descriptors available)
2025-10-30T17:47:58Z Using 16 MiB out of 16 MiB requested for signature cache, able to store 524288 elements
2025-10-30T17:47:58Z Using 16 MiB out of 16 MiB requested for script execution cache, able to store 524288 elements
2025-10-30T17:47:58Z scheduler thread start
2025-10-30T17:47:58Z Binding RPC on address 0.0.0.0 port 18443
2025-10-30T17:47:58Z WARNING: the RPC server is not safe to expose to untrusted networks such as the public internet
2025-10-30T17:47:58Z Binding RPC on address 0.0.0.0 port 18443
2025-10-30T17:47:58Z Binding RPC on address 0.0.0.0 port 18443 failed.
2025-10-30T17:47:58Z Config options rpcuser and rpcpassword will soon be deprecated. Locally-run instances may remove rpcuser to use cookie-based auth, or may be replaced with rpcauth. Please see share/rpcauth for rpcauth auth generation.
2025-10-30T17:47:58Z Starting HTTP server with 4 worker threads
2025-10-30T17:47:58Z Using wallet directory /home/bitcoin/.bitcoin/regtest/wallets
2025-10-30T17:47:58Z init message: Verifying wallet(s)…
2025-10-30T17:47:58Z Using /16 prefix for IP bucketing
2025-10-30T17:47:58Z init message: Loading P2P addresses…
2025-10-30T17:47:58Z Creating peers.dat because the file was not found ("/home/bitcoin/.bitcoin/regtest/peers.dat")
2025-10-30T17:47:58Z init message: Loading banlist…
2025-10-30T17:47:58Z Recreating the banlist database
2025-10-30T17:47:58Z SetNetworkActive: true
2025-10-30T17:47:58Z /home/bitcoin/.bitcoin/regtest/fee_estimates.dat is not found. Continue anyway.
2025-10-30T17:47:58Z Script verification uses 7 additional threads
2025-10-30T17:47:58Z Cache configuration:
2025-10-30T17:47:58Z * Using 2.0 MiB for block index database
2025-10-30T17:47:58Z * Using 56.0 MiB for transaction index database
2025-10-30T17:47:58Z * Using 8.0 MiB for chain state database
2025-10-30T17:47:58Z * Using 384.0 MiB for in-memory UTXO set (plus up to 476.8 MiB of unused mempool space)
2025-10-30T17:47:58Z init message: Loading block index…
2025-10-30T17:47:58Z Validating signatures for all blocks.
2025-10-30T17:47:58Z Setting nMinimumChainWork=0000000000000000000000000000000000000000000000000000000000000000
2025-10-30T17:47:58Z Wiping LevelDB in /home/bitcoin/.bitcoin/regtest/blocks/index
2025-10-30T17:47:58Z Opening LevelDB in /home/bitcoin/.bitcoin/regtest/blocks/index
2025-10-30T17:47:58Z Opened LevelDB successfully
2025-10-30T17:47:58Z Using obfuscation key for /home/bitcoin/.bitcoin/regtest/blocks/index: 0000000000000000
2025-10-30T17:47:58Z Initializing databases...
2025-10-30T17:47:58Z Initializing chainstate Chainstate [ibd] @ height -1 (null)
2025-10-30T17:47:58Z Wiping LevelDB in /home/bitcoin/.bitcoin/regtest/chainstate
2025-10-30T17:47:58Z Opening LevelDB in /home/bitcoin/.bitcoin/regtest/chainstate
2025-10-30T17:47:58Z Opened LevelDB successfully
2025-10-30T17:47:58Z Wrote new obfuscate key for /home/bitcoin/.bitcoin/regtest/chainstate: af8909e774b3e9fb
2025-10-30T17:47:58Z Using obfuscation key for /home/bitcoin/.bitcoin/regtest/chainstate: af8909e774b3e9fb
2025-10-30T17:47:58Z Opening LevelDB in /home/bitcoin/.bitcoin/regtest/chainstate
2025-10-30T17:47:58Z Opened LevelDB successfully
2025-10-30T17:47:58Z Using obfuscation key for /home/bitcoin/.bitcoin/regtest/chainstate: af8909e774b3e9fb
2025-10-30T17:47:58Z [Chainstate [ibd] @ height -1 (null)] resized coinsdb cache to 8.0 MiB
2025-10-30T17:47:58Z [Chainstate [ibd] @ height -1 (null)] resized coinstip cache to 384.0 MiB
2025-10-30T17:47:58Z init message: Verifying blocks…
2025-10-30T17:47:58Z  block index              22ms
2025-10-30T17:47:58Z Wiping LevelDB in /home/bitcoin/.bitcoin/regtest/indexes/txindex
2025-10-30T17:47:58Z Opening LevelDB in /home/bitcoin/.bitcoin/regtest/indexes/txindex
2025-10-30T17:47:58Z Opened LevelDB successfully
2025-10-30T17:47:58Z Using obfuscation key for /home/bitcoin/.bitcoin/regtest/indexes/txindex: 0000000000000000
2025-10-30T17:47:58Z Setting NODE_NETWORK on non-prune mode
2025-10-30T17:47:58Z initload thread start
2025-10-30T17:47:58Z Reindexing finished
2025-10-30T17:47:58Z UpdateTip: new best=0f9188f13cb7b2c71f2a335e3a4fc328bf5beb436012afca590b1a11466e2206 height=0 version=0x00000001 log2_work=1.000000 tx=1 date='2011-02-02T23:16:42Z' progress=1.000000 cache=0.3MiB(0txo)
2025-10-30T17:47:58Z Failed to open mempool file from disk. Continuing anyway.
2025-10-30T17:47:58Z initload thread exit
2025-10-30T17:47:58Z txindex thread start
2025-10-30T17:47:58Z txindex is enabled
2025-10-30T17:47:58Z txindex thread exit
2025-10-30T17:47:58Z block tree size = 1
2025-10-30T17:47:58Z nBestHeight = 0
2025-10-30T17:47:58Z Bound to 127.0.0.1:18445
2025-10-30T17:47:58Z Bound to [::]:18444
2025-10-30T17:47:58Z Bound to 0.0.0.0:18444
2025-10-30T17:47:58Z init message: Starting network threads…
2025-10-30T17:47:58Z DNS seeding disabled
2025-10-30T17:47:58Z init message: Done loading
2025-10-30T17:47:58Z msghand thread start
2025-10-30T17:47:58Z net thread start
2025-10-30T17:47:58Z opencon thread start
2025-10-30T17:47:58Z torcontrol thread start
2025-10-30T17:47:58Z addcon thread start
2025-10-30T17:47:58Z New manual v2 peer connected: version: 70016, blocks=0, peer=0
2025-10-30T17:48:05Z Synchronizing blockheaders, height: 5 (~100.00%)
2025-10-30T17:48:05Z Leaving InitialBlockDownload (latching to false)
2025-10-30T17:48:05Z UpdateTip: new best=2a7937e79477ad1f122129505193d3366bbb8b88c1d25c4e64bd5a5924df4c31 height=1 version=0x20000000 log2_work=2.000000 tx=2 date='2025-10-30T17:48:05Z' progress=1.000000 cache=0.3MiB(1txo)
2025-10-30T17:48:05Z UpdateTip: new best=600e17dd13c5cd9eea9e2d49b44e080c96780988b2f58cd0a2dd4082beba0399 height=2 version=0x20000000 log2_work=2.584963 tx=3 date='2025-10-30T17:48:06Z' progress=1.000000 cache=0.3MiB(2txo)
2025-10-30T17:48:05Z UpdateTip: new best=7458ee1679199b422f9b32a68ddb23527977051476ef65f4bd01043445f08a53 height=3 version=0x20000000 log2_work=3.000000 tx=4 date='2025-10-30T17:48:06Z' progress=1.000000 cache=0.3MiB(3txo)
2025-10-30T17:48:05Z UpdateTip: new best=071f8bae74032a908ce1449c4d926fe0e9102357835236b588c24d040a7ee155 height=4 version=0x20000000 log2_work=3.321928 tx=5 date='2025-10-30T17:48:07Z' progress=1.000000 cache=0.3MiB(4txo)
2025-10-30T17:48:05Z UpdateTip: new best=4157aa82086f6ebf24faea694c087aefc9bc44ebec257fbf9317ed63127c8265 height=5 version=0x20000000 log2_work=3.584963 tx=6 date='2025-10-30T17:48:07Z' progress=1.000000 cache=0.3MiB(5txo)
2025-10-30T17:48:05Z Saw new header hash=73539c624240b3f0ef36c54a3c6419e78c86e6bbbbf046c2246c4dcf601e255a height=6
2025-10-30T17:48:05Z Saw new header hash=7b64a9f678244493d02f38957b594d4e6778e6e6303daf2eb9278622eb0410f9 height=7
2025-10-30T17:48:05Z UpdateTip: new best=73539c624240b3f0ef36c54a3c6419e78c86e6bbbbf046c2246c4dcf601e255a height=6 version=0x20000000 log2_work=3.807355 tx=7 date='2025-10-30T17:48:07Z' progress=1.000000 cache=0.3MiB(6txo)
2025-10-30T17:48:05Z UpdateTip: new best=7b64a9f678244493d02f38957b594d4e6778e6e6303daf2eb9278622eb0410f9 height=7 version=0x20000000 log2_work=4.000000 tx=8 date='2025-10-30T17:48:07Z' progress=1.000000 cache=0.3MiB(7txo)
2025-10-30T17:48:05Z Saw new header hash=513ecd3bf9cadf9e2bec724ba912afedfd3edbeeb55117273a99d1c17e006010 height=8
2025-10-30T17:48:05Z Saw new cmpctblock header hash=513ecd3bf9cadf9e2bec724ba912afedfd3edbeeb55117273a99d1c17e006010 peer=0
2025-10-30T17:48:05Z UpdateTip: new best=513ecd3bf9cadf9e2bec724ba912afedfd3edbeeb55117273a99d1c17e006010 height=8 version=0x20000000 log2_work=4.169925 tx=9 date='2025-10-30T17:48:08Z' progress=1.000000 cache=0.3MiB(8txo)
2025-10-30T17:48:05Z Saw new header hash=3be3893b3dfe4fb1d21511b1e38ff7af4c0c4f14d39211d8438a1b03d12fd433 height=9
2025-10-30T17:48:05Z Saw new cmpctblock header hash=3be3893b3dfe4fb1d21511b1e38ff7af4c0c4f14d39211d8438a1b03d12fd433 peer=0
2025-10-30T17:48:05Z UpdateTip: new best=3be3893b3dfe4fb1d21511b1e38ff7af4c0c4f14d39211d8438a1b03d12fd433 height=9 version=0x20000000 log2_work=4.321928 tx=10 date='2025-10-30T17:48:08Z' progress=1.000000 cache=0.3MiB(9txo)
2025-10-30T17:48:05Z Saw new header hash=3d31d39fe06a2397cfc5fcd39b8b54b59258a03eb536ed9f9d054dc4dfdc9a3f height=10
2025-10-30T17:48:05Z Saw new cmpctblock header hash=3d31d39fe06a2397cfc5fcd39b8b54b59258a03eb536ed9f9d054dc4dfdc9a3f peer=0
2025-10-30T17:48:05Z UpdateTip: new best=3d31d39fe06a2397cfc5fcd39b8b54b59258a03eb536ed9f9d054dc4dfdc9a3f height=10 version=0x20000000 log2_work=4.459432 tx=11 date='2025-10-30T17:48:08Z' progress=1.000000 cache=0.3MiB(10txo)
2025-10-30T17:48:05Z Saw new header hash=655a9740f8f35bc1f35947d2c716d49323189cbf90ee26ed131d559a1d177565 height=11
2025-10-30T17:48:05Z Saw new cmpctblock header hash=655a9740f8f35bc1f35947d2c716d49323189cbf90ee26ed131d559a1d177565 peer=0
2025-10-30T17:48:05Z UpdateTip: new best=655a9740f8f35bc1f35947d2c716d49323189cbf90ee26ed131d559a1d177565 height=11 version=0x20000000 log2_work=4.584963 tx=12 date='2025-10-30T17:48:08Z' progress=1.000000 cache=0.3MiB(11txo)
2025-10-30T17:48:05Z Saw new header hash=61194fca734c2824304a4cb32b9f9446bdee5cece6ad047884d12b1e89f63c95 height=12
2025-10-30T17:48:05Z Saw new cmpctblock header hash=61194fca734c2824304a4cb32b9f9446bdee5cece6ad047884d12b1e89f63c95 peer=0
2025-10-30T17:48:05Z UpdateTip: new best=61194fca734c2824304a4cb32b9f9446bdee5cece6ad047884d12b1e89f63c95 height=12 version=0x20000000 log2_work=4.700440 tx=13 date='2025-10-30T17:48:08Z' progress=1.000000 cache=0.3MiB(12txo)
2025-10-30T17:48:05Z Saw new header hash=72a9c67703800a2de8cdf98ae9d33d7e0a3ed884b045b4f4a353843e3e7e074b height=13
2025-10-30T17:48:05Z Saw new cmpctblock header hash=72a9c67703800a2de8cdf98ae9d33d7e0a3ed884b045b4f4a353843e3e7e074b peer=0
2025-10-30T17:48:05Z UpdateTip: new best=72a9c67703800a2de8cdf98ae9d33d7e0a3ed884b045b4f4a353843e3e7e074b height=13 version=0x20000000 log2_work=4.807355 tx=14 date='2025-10-30T17:48:08Z' progress=1.000000 cache=0.3MiB(13txo)
2025-10-30T17:48:05Z Saw new header hash=7936541e1f36fad9a5775136b7fd127c98266b9e6bb8e6689417b9d9031bc105 height=14
2025-10-30T17:48:05Z Saw new cmpctblock header hash=7936541e1f36fad9a5775136b7fd127c98266b9e6bb8e6689417b9d9031bc105 peer=0
2025-10-30T17:48:05Z UpdateTip: new best=7936541e1f36fad9a5775136b7fd127c98266b9e6bb8e6689417b9d9031bc105 height=14 version=0x20000000 log2_work=4.906891 tx=15 date='2025-10-30T17:48:09Z' progress=1.000000 cache=0.3MiB(14txo)
2025-10-30T17:48:05Z Saw new header hash=62fabab02de9aa3361ec42ec8549f9ef84268864fe377a8163c23b7dd483671f height=15
2025-10-30T17:48:05Z Saw new cmpctblock header hash=62fabab02de9aa3361ec42ec8549f9ef84268864fe377a8163c23b7dd483671f peer=0
2025-10-30T17:48:05Z UpdateTip: new best=62fabab02de9aa3361ec42ec8549f9ef84268864fe377a8163c23b7dd483671f height=15 version=0x20000000 log2_work=5.000000 tx=16 date='2025-10-30T17:48:09Z' progress=1.000000 cache=0.3MiB(15txo)
2025-10-30T17:48:05Z Saw new header hash=02464d676aa54c47c7f2e0b3cfbc1dcfab254d0dc9d3baa917e119deb33624fe height=16
2025-10-30T17:48:05Z Saw new cmpctblock header hash=02464d676aa54c47c7f2e0b3cfbc1dcfab254d0dc9d3baa917e119deb33624fe peer=0
2025-10-30T17:48:05Z UpdateTip: new best=02464d676aa54c47c7f2e0b3cfbc1dcfab254d0dc9d3baa917e119deb33624fe height=16 version=0x20000000 log2_work=5.087463 tx=17 date='2025-10-30T17:48:09Z' progress=1.000000 cache=0.3MiB(16txo)
2025-10-30T17:48:05Z Saw new header hash=65c9811407805b167741388571a1656dfd2b5a13e515d8a24436085d07228d2f height=17
2025-10-30T17:48:05Z Saw new cmpctblock header hash=65c9811407805b167741388571a1656dfd2b5a13e515d8a24436085d07228d2f peer=0
2025-10-30T17:48:05Z UpdateTip: new best=65c9811407805b167741388571a1656dfd2b5a13e515d8a24436085d07228d2f height=17 version=0x20000000 log2_work=5.169925 tx=18 date='2025-10-30T17:48:09Z' progress=1.000000 cache=0.3MiB(17txo)
2025-10-30T17:48:05Z Saw new header hash=5f06e9d35bf9439c813cf3116c9ecd091591489bb288b1c2924e001034cc0c9c height=18
2025-10-30T17:48:05Z Saw new cmpctblock header hash=5f06e9d35bf9439c813cf3116c9ecd091591489bb288b1c2924e001034cc0c9c peer=0
2025-10-30T17:48:05Z UpdateTip: new best=5f06e9d35bf9439c813cf3116c9ecd091591489bb288b1c2924e001034cc0c9c height=18 version=0x20000000 log2_work=5.247928 tx=19 date='2025-10-30T17:48:09Z' progress=1.000000 cache=0.3MiB(18txo)
2025-10-30T17:48:05Z Saw new header hash=241ee0ef0ea7fef159d701f5fb93c3df9b701e621f62d012961d5f47a08cc7a7 height=19
2025-10-30T17:48:05Z Saw new cmpctblock header hash=241ee0ef0ea7fef159d701f5fb93c3df9b701e621f62d012961d5f47a08cc7a7 peer=0
2025-10-30T17:48:05Z UpdateTip: new best=241ee0ef0ea7fef159d701f5fb93c3df9b701e621f62d012961d5f47a08cc7a7 height=19 version=0x20000000 log2_work=5.321928 tx=20 date='2025-10-30T17:48:09Z' progress=1.000000 cache=0.3MiB(19txo)
2025-10-30T17:48:05Z Saw new header hash=5d9be4fc5533bc12182c7d07c5f0156f3333e51d82244f8e7a0a1029fb969c33 height=20
2025-10-30T17:48:05Z Saw new cmpctblock header hash=5d9be4fc5533bc12182c7d07c5f0156f3333e51d82244f8e7a0a1029fb969c33 peer=0
2025-10-30T17:48:05Z UpdateTip: new best=5d9be4fc5533bc12182c7d07c5f0156f3333e51d82244f8e7a0a1029fb969c33 height=20 version=0x20000000 log2_work=5.392317 tx=21 date='2025-10-30T17:48:10Z' progress=1.000000 cache=0.3MiB(20txo)
2025-10-30T17:48:05Z Saw new header hash=1e945347f5b039d746f8029823548e47e26dc5b63dea2cc77474532c493a9523 height=21
2025-10-30T17:48:05Z Saw new cmpctblock header hash=1e945347f5b039d746f8029823548e47e26dc5b63dea2cc77474532c493a9523 peer=0
2025-10-30T17:48:05Z UpdateTip: new best=1e945347f5b039d746f8029823548e47e26dc5b63dea2cc77474532c493a9523 height=21 version=0x20000000 log2_work=5.459432 tx=22 date='2025-10-30T17:48:10Z' progress=1.000000 cache=0.3MiB(21txo)
2025-10-30T17:48:05Z Saw new header hash=5d90577df8af91a264808a944fd0de5866080dcdfc559740929eeff9bf58ec32 height=22
2025-10-30T17:48:05Z Saw new cmpctblock header hash=5d90577df8af91a264808a944fd0de5866080dcdfc559740929eeff9bf58ec32 peer=0
2025-10-30T17:48:05Z UpdateTip: new best=5d90577df8af91a264808a944fd0de5866080dcdfc559740929eeff9bf58ec32 height=22 version=0x20000000 log2_work=5.523562 tx=23 date='2025-10-30T17:48:10Z' progress=1.000000 cache=0.3MiB(22txo)
2025-10-30T17:48:05Z Saw new header hash=5f89fa348c4750395f6976fc989192a8631e60fc834a3584295f1d8afa1ca2bb height=23
2025-10-30T17:48:05Z Saw new cmpctblock header hash=5f89fa348c4750395f6976fc989192a8631e60fc834a3584295f1d8afa1ca2bb peer=0
2025-10-30T17:48:05Z UpdateTip: new best=5f89fa348c4750395f6976fc989192a8631e60fc834a3584295f1d8afa1ca2bb height=23 version=0x20000000 log2_work=5.584963 tx=24 date='2025-10-30T17:48:10Z' progress=1.000000 cache=0.3MiB(23txo)
2025-10-30T17:48:05Z Saw new header hash=5988f4d5920abce3d9d93d12b9cb816b06183be0d659b3c6760bb474f7634d8b height=24
2025-10-30T17:48:05Z Saw new cmpctblock header hash=5988f4d5920abce3d9d93d12b9cb816b06183be0d659b3c6760bb474f7634d8b peer=0
2025-10-30T17:48:05Z UpdateTip: new best=5988f4d5920abce3d9d93d12b9cb816b06183be0d659b3c6760bb474f7634d8b height=24 version=0x20000000 log2_work=5.643856 tx=25 date='2025-10-30T17:48:10Z' progress=1.000000 cache=0.3MiB(24txo)
2025-10-30T17:48:05Z Saw new header hash=33d70230c1844de963cf4adfa738c340b8cb00a1efa53a6a8e0fd343d1a2e88b height=25
2025-10-30T17:48:05Z Saw new cmpctblock header hash=33d70230c1844de963cf4adfa738c340b8cb00a1efa53a6a8e0fd343d1a2e88b peer=0
2025-10-30T17:48:05Z UpdateTip: new best=33d70230c1844de963cf4adfa738c340b8cb00a1efa53a6a8e0fd343d1a2e88b height=25 version=0x20000000 log2_work=5.700440 tx=26 date='2025-10-30T17:48:10Z' progress=1.000000 cache=0.3MiB(25txo)
2025-10-30T17:48:05Z Saw new header hash=1d3f5fbe20f84b16af6469815cdd61e39fd9be9fa08152eea6f6587006348857 height=26
2025-10-30T17:48:05Z Saw new cmpctblock header hash=1d3f5fbe20f84b16af6469815cdd61e39fd9be9fa08152eea6f6587006348857 peer=0
2025-10-30T17:48:05Z UpdateTip: new best=1d3f5fbe20f84b16af6469815cdd61e39fd9be9fa08152eea6f6587006348857 height=26 version=0x20000000 log2_work=5.754888 tx=27 date='2025-10-30T17:48:11Z' progress=1.000000 cache=0.3MiB(26txo)
2025-10-30T17:48:05Z Saw new header hash=10c3fd543f149b4d7ff7ab14bff951ccb022428d90cafd751228b20870af3854 height=27
2025-10-30T17:48:05Z Saw new cmpctblock header hash=10c3fd543f149b4d7ff7ab14bff951ccb022428d90cafd751228b20870af3854 peer=0
2025-10-30T17:48:05Z UpdateTip: new best=10c3fd543f149b4d7ff7ab14bff951ccb022428d90cafd751228b20870af3854 height=27 version=0x20000000 log2_work=5.807355 tx=28 date='2025-10-30T17:48:11Z' progress=1.000000 cache=0.3MiB(27txo)
2025-10-30T17:48:05Z Saw new header hash=64247488b4349f445a53625ee11504404400ae8e7f265deb77a61954ee763058 height=28
2025-10-30T17:48:05Z Saw new cmpctblock header hash=64247488b4349f445a53625ee11504404400ae8e7f265deb77a61954ee763058 peer=0
2025-10-30T17:48:05Z UpdateTip: new best=64247488b4349f445a53625ee11504404400ae8e7f265deb77a61954ee763058 height=28 version=0x20000000 log2_work=5.857981 tx=29 date='2025-10-30T17:48:11Z' progress=1.000000 cache=0.3MiB(28txo)
2025-10-30T17:48:05Z Saw new header hash=18d0eca55d181ee23c3d2b63b5ee7bf02ccabdfd755e26e360a804e2ee6875da height=29
2025-10-30T17:48:05Z Saw new cmpctblock header hash=18d0eca55d181ee23c3d2b63b5ee7bf02ccabdfd755e26e360a804e2ee6875da peer=0
2025-10-30T17:48:05Z UpdateTip: new best=18d0eca55d181ee23c3d2b63b5ee7bf02ccabdfd755e26e360a804e2ee6875da height=29 version=0x20000000 log2_work=5.906891 tx=30 date='2025-10-30T17:48:11Z' progress=1.000000 cache=0.3MiB(29txo)
2025-10-30T17:48:05Z Saw new header hash=6f972b1b430b8a287e6f6a40ebd8807fac917dfb9824dd2fd80b8100d31aad40 height=30
2025-10-30T17:48:05Z Saw new cmpctblock header hash=6f972b1b430b8a287e6f6a40ebd8807fac917dfb9824dd2fd80b8100d31aad40 peer=0
2025-10-30T17:48:05Z UpdateTip: new best=6f972b1b430b8a287e6f6a40ebd8807fac917dfb9824dd2fd80b8100d31aad40 height=30 version=0x20000000 log2_work=5.954196 tx=31 date='2025-10-30T17:48:11Z' progress=1.000000 cache=0.3MiB(30txo)
2025-10-30T17:48:05Z Saw new header hash=671dcfae914c704357075b2f6387d7d4851ceafa8d1695df2952cbed802d18fa height=31
2025-10-30T17:48:05Z Saw new cmpctblock header hash=671dcfae914c704357075b2f6387d7d4851ceafa8d1695df2952cbed802d18fa peer=0
2025-10-30T17:48:05Z UpdateTip: new best=671dcfae914c704357075b2f6387d7d4851ceafa8d1695df2952cbed802d18fa height=31 version=0x20000000 log2_work=6.000000 tx=32 date='2025-10-30T17:48:11Z' progress=1.000000 cache=0.3MiB(31txo)
2025-10-30T17:48:05Z Saw new header hash=64816b62507deca6926f50f0f9b29b27dabc3e131014a3bc94369a3c0e3baaf4 height=32
2025-10-30T17:48:05Z Saw new cmpctblock header hash=64816b62507deca6926f50f0f9b29b27dabc3e131014a3bc94369a3c0e3baaf4 peer=0
2025-10-30T17:48:05Z UpdateTip: new best=64816b62507deca6926f50f0f9b29b27dabc3e131014a3bc94369a3c0e3baaf4 height=32 version=0x20000000 log2_work=6.044394 tx=33 date='2025-10-30T17:48:12Z' progress=1.000000 cache=0.3MiB(32txo)
2025-10-30T17:48:05Z Saw new header hash=0d6174110119657a38df2d8c1c76f27fd652d9b4b94bf620f7adcae5b579fbc8 height=33
2025-10-30T17:48:05Z Saw new cmpctblock header hash=0d6174110119657a38df2d8c1c76f27fd652d9b4b94bf620f7adcae5b579fbc8 peer=0
2025-10-30T17:48:05Z UpdateTip: new best=0d6174110119657a38df2d8c1c76f27fd652d9b4b94bf620f7adcae5b579fbc8 height=33 version=0x20000000 log2_work=6.087463 tx=34 date='2025-10-30T17:48:12Z' progress=1.000000 cache=0.3MiB(33txo)
2025-10-30T17:48:05Z Saw new header hash=3d2f1bb7ea4f5a35e57e5d605d77be182534d7af9cc6071fc1123b1fa2aa2880 height=34
2025-10-30T17:48:05Z Saw new cmpctblock header hash=3d2f1bb7ea4f5a35e57e5d605d77be182534d7af9cc6071fc1123b1fa2aa2880 peer=0
2025-10-30T17:48:05Z UpdateTip: new best=3d2f1bb7ea4f5a35e57e5d605d77be182534d7af9cc6071fc1123b1fa2aa2880 height=34 version=0x20000000 log2_work=6.129283 tx=35 date='2025-10-30T17:48:12Z' progress=1.000000 cache=0.3MiB(34txo)
2025-10-30T17:48:05Z Saw new header hash=061cfe56ecc375bd40df0abf59483fbe473fbe3bcdac11dbc2c6b20f7f88f639 height=35
2025-10-30T17:48:05Z Saw new cmpctblock header hash=061cfe56ecc375bd40df0abf59483fbe473fbe3bcdac11dbc2c6b20f7f88f639 peer=0
2025-10-30T17:48:05Z UpdateTip: new best=061cfe56ecc375bd40df0abf59483fbe473fbe3bcdac11dbc2c6b20f7f88f639 height=35 version=0x20000000 log2_work=6.169925 tx=36 date='2025-10-30T17:48:12Z' progress=1.000000 cache=0.3MiB(35txo)
2025-10-30T17:48:05Z Saw new header hash=387c7d7c26fe8bc3e38b0c6f0efa1b714d8fb17639fa8958d42b82f2da4bbaea height=36
2025-10-30T17:48:05Z Saw new cmpctblock header hash=387c7d7c26fe8bc3e38b0c6f0efa1b714d8fb17639fa8958d42b82f2da4bbaea peer=0
2025-10-30T17:48:05Z UpdateTip: new best=387c7d7c26fe8bc3e38b0c6f0efa1b714d8fb17639fa8958d42b82f2da4bbaea height=36 version=0x20000000 log2_work=6.209453 tx=37 date='2025-10-30T17:48:12Z' progress=1.000000 cache=0.3MiB(36txo)
2025-10-30T17:48:05Z Saw new header hash=6d5f2a3ab1f14edc3c38303f5dc3159cd966286e2023771382b8bba429d33c95 height=37
2025-10-30T17:48:05Z Saw new cmpctblock header hash=6d5f2a3ab1f14edc3c38303f5dc3159cd966286e2023771382b8bba429d33c95 peer=0
2025-10-30T17:48:05Z UpdateTip: new best=6d5f2a3ab1f14edc3c38303f5dc3159cd966286e2023771382b8bba429d33c95 height=37 version=0x20000000 log2_work=6.247928 tx=38 date='2025-10-30T17:48:12Z' progress=1.000000 cache=0.3MiB(37txo)
2025-10-30T17:48:05Z Saw new header hash=54ef2fc933b80242d87e734222f0397e99dfeed631919ad4c7dc97e6b94a3a80 height=38
2025-10-30T17:48:05Z Saw new cmpctblock header hash=54ef2fc933b80242d87e734222f0397e99dfeed631919ad4c7dc97e6b94a3a80 peer=0
2025-10-30T17:48:05Z UpdateTip: new best=54ef2fc933b80242d87e734222f0397e99dfeed631919ad4c7dc97e6b94a3a80 height=38 version=0x20000000 log2_work=6.285402 tx=39 date='2025-10-30T17:48:13Z' progress=1.000000 cache=0.3MiB(38txo)
2025-10-30T17:48:05Z Saw new header hash=7019dd6b9f47303803459dc9c4dea403535006445ae94bd86483947d1ead9728 height=39
2025-10-30T17:48:05Z Saw new cmpctblock header hash=7019dd6b9f47303803459dc9c4dea403535006445ae94bd86483947d1ead9728 peer=0
2025-10-30T17:48:05Z UpdateTip: new best=7019dd6b9f47303803459dc9c4dea403535006445ae94bd86483947d1ead9728 height=39 version=0x20000000 log2_work=6.321928 tx=40 date='2025-10-30T17:48:13Z' progress=1.000000 cache=0.3MiB(39txo)
2025-10-30T17:48:05Z Saw new header hash=7d82e74cccbe3af58749669884699f1bf92df0ce9f57cb80e738065653dab414 height=40
2025-10-30T17:48:05Z Saw new cmpctblock header hash=7d82e74cccbe3af58749669884699f1bf92df0ce9f57cb80e738065653dab414 peer=0
2025-10-30T17:48:05Z UpdateTip: new best=7d82e74cccbe3af58749669884699f1bf92df0ce9f57cb80e738065653dab414 height=40 version=0x20000000 log2_work=6.357552 tx=41 date='2025-10-30T17:48:13Z' progress=1.000000 cache=0.3MiB(40txo)
2025-10-30T17:48:05Z Saw new header hash=0b7b8d59d6d553db8a631b5f6f93db22a858c8c1dda8c050475aa68fc285cb87 height=41
2025-10-30T17:48:05Z Saw new cmpctblock header hash=0b7b8d59d6d553db8a631b5f6f93db22a858c8c1dda8c050475aa68fc285cb87 peer=0
2025-10-30T17:48:05Z UpdateTip: new best=0b7b8d59d6d553db8a631b5f6f93db22a858c8c1dda8c050475aa68fc285cb87 height=41 version=0x20000000 log2_work=6.392317 tx=42 date='2025-10-30T17:48:13Z' progress=1.000000 cache=0.3MiB(41txo)
2025-10-30T17:48:05Z Saw new header hash=00d9a838a396f113773deda50d330bb65866ffae16a0ba11e59a48ec0df4c80c height=42
2025-10-30T17:48:05Z Saw new cmpctblock header hash=00d9a838a396f113773deda50d330bb65866ffae16a0ba11e59a48ec0df4c80c peer=0
2025-10-30T17:48:05Z UpdateTip: new best=00d9a838a396f113773deda50d330bb65866ffae16a0ba11e59a48ec0df4c80c height=42 version=0x20000000 log2_work=6.426265 tx=43 date='2025-10-30T17:48:13Z' progress=1.000000 cache=0.3MiB(42txo)
2025-10-30T17:48:05Z Saw new header hash=6e19d919e8a14f8ef6d53cd6aa449fff98b85104cf2311efcd06604483824d4a height=43
2025-10-30T17:48:05Z Saw new cmpctblock header hash=6e19d919e8a14f8ef6d53cd6aa449fff98b85104cf2311efcd06604483824d4a peer=0
2025-10-30T17:48:05Z UpdateTip: new best=6e19d919e8a14f8ef6d53cd6aa449fff98b85104cf2311efcd06604483824d4a height=43 version=0x20000000 log2_work=6.459432 tx=44 date='2025-10-30T17:48:13Z' progress=1.000000 cache=0.3MiB(43txo)
2025-10-30T17:48:05Z Saw new header hash=582cefbadf7569d04ff13e031c2ad5d3617c3784327e13e4f673ac7d7525b3a6 height=44
2025-10-30T17:48:05Z Saw new cmpctblock header hash=582cefbadf7569d04ff13e031c2ad5d3617c3784327e13e4f673ac7d7525b3a6 peer=0
2025-10-30T17:48:05Z UpdateTip: new best=582cefbadf7569d04ff13e031c2ad5d3617c3784327e13e4f673ac7d7525b3a6 height=44 version=0x20000000 log2_work=6.491853 tx=45 date='2025-10-30T17:48:14Z' progress=1.000000 cache=0.3MiB(44txo)
2025-10-30T17:48:05Z Saw new header hash=101473cf222b97309eafb017873195318d655b3dd7a8ec000c9349c1134303cb height=45
2025-10-30T17:48:05Z Saw new cmpctblock header hash=101473cf222b97309eafb017873195318d655b3dd7a8ec000c9349c1134303cb peer=0
2025-10-30T17:48:05Z UpdateTip: new best=101473cf222b97309eafb017873195318d655b3dd7a8ec000c9349c1134303cb height=45 version=0x20000000 log2_work=6.523562 tx=46 date='2025-10-30T17:48:14Z' progress=1.000000 cache=0.3MiB(45txo)
2025-10-30T17:48:05Z Saw new header hash=4021736d82db20dbba18915cf3f51b1d64d3658223131b33bc8bb6ea2d94fc2a height=46
2025-10-30T17:48:05Z Saw new cmpctblock header hash=4021736d82db20dbba18915cf3f51b1d64d3658223131b33bc8bb6ea2d94fc2a peer=0
2025-10-30T17:48:05Z UpdateTip: new best=4021736d82db20dbba18915cf3f51b1d64d3658223131b33bc8bb6ea2d94fc2a height=46 version=0x20000000 log2_work=6.554589 tx=47 date='2025-10-30T17:48:14Z' progress=1.000000 cache=0.3MiB(46txo)
2025-10-30T17:48:05Z Saw new header hash=5f586a3b51f19dadec9a0dc53d79b2b0ab61896caeea20b4bd389729c827ed2b height=47
2025-10-30T17:48:05Z Saw new cmpctblock header hash=5f586a3b51f19dadec9a0dc53d79b2b0ab61896caeea20b4bd389729c827ed2b peer=0
2025-10-30T17:48:05Z UpdateTip: new best=5f586a3b51f19dadec9a0dc53d79b2b0ab61896caeea20b4bd389729c827ed2b height=47 version=0x20000000 log2_work=6.584963 tx=48 date='2025-10-30T17:48:14Z' progress=1.000000 cache=0.3MiB(47txo)
2025-10-30T17:48:06Z Saw new header hash=4f2c5bce18648346cd9cf13a0ccd7d4f5bae9e7b3758d7501ca940459889d13d height=48
2025-10-30T17:48:06Z Saw new cmpctblock header hash=4f2c5bce18648346cd9cf13a0ccd7d4f5bae9e7b3758d7501ca940459889d13d peer=0
2025-10-30T17:48:06Z UpdateTip: new best=4f2c5bce18648346cd9cf13a0ccd7d4f5bae9e7b3758d7501ca940459889d13d height=48 version=0x20000000 log2_work=6.614710 tx=49 date='2025-10-30T17:48:14Z' progress=1.000000 cache=0.3MiB(48txo)
2025-10-30T17:48:06Z Saw new header hash=3005e8b74fe4ce874753b23a8b5cbd85f8b66b206242cda3c9c6433ba29d8943 height=49
2025-10-30T17:48:06Z Saw new cmpctblock header hash=3005e8b74fe4ce874753b23a8b5cbd85f8b66b206242cda3c9c6433ba29d8943 peer=0
2025-10-30T17:48:06Z UpdateTip: new best=3005e8b74fe4ce874753b23a8b5cbd85f8b66b206242cda3c9c6433ba29d8943 height=49 version=0x20000000 log2_work=6.643856 tx=50 date='2025-10-30T17:48:14Z' progress=1.000000 cache=0.3MiB(49txo)
2025-10-30T17:48:06Z Saw new header hash=0dd0ba45dac5f266a6919757780f8c85cea5efe7bc134e325815e45f1f18b2a4 height=50
2025-10-30T17:48:06Z Saw new cmpctblock header hash=0dd0ba45dac5f266a6919757780f8c85cea5efe7bc134e325815e45f1f18b2a4 peer=0
2025-10-30T17:48:06Z UpdateTip: new best=0dd0ba45dac5f266a6919757780f8c85cea5efe7bc134e325815e45f1f18b2a4 height=50 version=0x20000000 log2_work=6.672425 tx=51 date='2025-10-30T17:48:15Z' progress=1.000000 cache=0.3MiB(50txo)
2025-10-30T17:48:06Z Saw new header hash=406dc6858988a203edf4b57c240fc8c3f19ed2211f2af596547542df2a040f13 height=51
2025-10-30T17:48:06Z Saw new cmpctblock header hash=406dc6858988a203edf4b57c240fc8c3f19ed2211f2af596547542df2a040f13 peer=0
2025-10-30T17:48:06Z UpdateTip: new best=406dc6858988a203edf4b57c240fc8c3f19ed2211f2af596547542df2a040f13 height=51 version=0x20000000 log2_work=6.700440 tx=52 date='2025-10-30T17:48:15Z' progress=1.000000 cache=0.3MiB(51txo)
2025-10-30T17:48:06Z Saw new header hash=60eb2f92ef2ec59b02529da0f7d3e5719c1b573e868650edd7800a89143b6f25 height=52
2025-10-30T17:48:06Z Saw new cmpctblock header hash=60eb2f92ef2ec59b02529da0f7d3e5719c1b573e868650edd7800a89143b6f25 peer=0
2025-10-30T17:48:06Z UpdateTip: new best=60eb2f92ef2ec59b02529da0f7d3e5719c1b573e868650edd7800a89143b6f25 height=52 version=0x20000000 log2_work=6.727920 tx=53 date='2025-10-30T17:48:15Z' progress=1.000000 cache=0.3MiB(52txo)
2025-10-30T17:48:06Z Saw new header hash=0791a86c009e2a56474546f442138822159891b9980e4d5da9caf9a0c535f9b9 height=53
2025-10-30T17:48:06Z Saw new cmpctblock header hash=0791a86c009e2a56474546f442138822159891b9980e4d5da9caf9a0c535f9b9 peer=0
2025-10-30T17:48:06Z UpdateTip: new best=0791a86c009e2a56474546f442138822159891b9980e4d5da9caf9a0c535f9b9 height=53 version=0x20000000 log2_work=6.754888 tx=54 date='2025-10-30T17:48:15Z' progress=1.000000 cache=0.3MiB(53txo)
2025-10-30T17:48:06Z Saw new header hash=300840438c4fcd8858a70fe66f933230846e47db08a7a3d5e8f1c47ec1492429 height=54
2025-10-30T17:48:06Z Saw new cmpctblock header hash=300840438c4fcd8858a70fe66f933230846e47db08a7a3d5e8f1c47ec1492429 peer=0
2025-10-30T17:48:06Z UpdateTip: new best=300840438c4fcd8858a70fe66f933230846e47db08a7a3d5e8f1c47ec1492429 height=54 version=0x20000000 log2_work=6.781360 tx=55 date='2025-10-30T17:48:15Z' progress=1.000000 cache=0.3MiB(54txo)
2025-10-30T17:48:06Z Saw new header hash=00cb497d56c661fb6699c9b9768d739053b6f65878cdff91f0896ca64923f70c height=55
2025-10-30T17:48:06Z Saw new cmpctblock header hash=00cb497d56c661fb6699c9b9768d739053b6f65878cdff91f0896ca64923f70c peer=0
2025-10-30T17:48:06Z UpdateTip: new best=00cb497d56c661fb6699c9b9768d739053b6f65878cdff91f0896ca64923f70c height=55 version=0x20000000 log2_work=6.807355 tx=56 date='2025-10-30T17:48:15Z' progress=1.000000 cache=0.3MiB(55txo)
2025-10-30T17:48:06Z Saw new header hash=46e50421af379b33e7c0e69fd67f773b6cae1c196f5ecc5b77f3bbc06f8a96c5 height=56
2025-10-30T17:48:06Z Saw new cmpctblock header hash=46e50421af379b33e7c0e69fd67f773b6cae1c196f5ecc5b77f3bbc06f8a96c5 peer=0
2025-10-30T17:48:06Z UpdateTip: new best=46e50421af379b33e7c0e69fd67f773b6cae1c196f5ecc5b77f3bbc06f8a96c5 height=56 version=0x20000000 log2_work=6.832890 tx=57 date='2025-10-30T17:48:16Z' progress=1.000000 cache=0.3MiB(56txo)
2025-10-30T17:48:06Z Saw new header hash=1f62a7ca207486deadce13baf1236e8b2f1d2fa9a01de1814988c71e1c96fadc height=57
2025-10-30T17:48:06Z Saw new cmpctblock header hash=1f62a7ca207486deadce13baf1236e8b2f1d2fa9a01de1814988c71e1c96fadc peer=0
2025-10-30T17:48:06Z UpdateTip: new best=1f62a7ca207486deadce13baf1236e8b2f1d2fa9a01de1814988c71e1c96fadc height=57 version=0x20000000 log2_work=6.857981 tx=58 date='2025-10-30T17:48:16Z' progress=1.000000 cache=0.3MiB(57txo)
2025-10-30T17:48:06Z Saw new header hash=4578b60ebac15b732c26e679fe5fb35655b985fe756c0b2fc0cdf642687be5ab height=58
2025-10-30T17:48:06Z Saw new cmpctblock header hash=4578b60ebac15b732c26e679fe5fb35655b985fe756c0b2fc0cdf642687be5ab peer=0
2025-10-30T17:48:06Z UpdateTip: new best=4578b60ebac15b732c26e679fe5fb35655b985fe756c0b2fc0cdf642687be5ab height=58 version=0x20000000 log2_work=6.882643 tx=59 date='2025-10-30T17:48:16Z' progress=1.000000 cache=0.3MiB(58txo)
2025-10-30T17:48:06Z Saw new header hash=588f11bf72f9ed8dc2d1d67fd5c4ed8e8e3ce10841e39b6ee15791f93f6127d1 height=59
2025-10-30T17:48:06Z Saw new cmpctblock header hash=588f11bf72f9ed8dc2d1d67fd5c4ed8e8e3ce10841e39b6ee15791f93f6127d1 peer=0
2025-10-30T17:48:06Z UpdateTip: new best=588f11bf72f9ed8dc2d1d67fd5c4ed8e8e3ce10841e39b6ee15791f93f6127d1 height=59 version=0x20000000 log2_work=6.906891 tx=60 date='2025-10-30T17:48:16Z' progress=1.000000 cache=0.3MiB(59txo)
2025-10-30T17:48:06Z Saw new header hash=1e2862ff73bf3281e7e317008a63b0a95df21fb04fd5eb5a6152a49732c09c63 height=60
2025-10-30T17:48:06Z Saw new cmpctblock header hash=1e2862ff73bf3281e7e317008a63b0a95df21fb04fd5eb5a6152a49732c09c63 peer=0
2025-10-30T17:48:06Z UpdateTip: new best=1e2862ff73bf3281e7e317008a63b0a95df21fb04fd5eb5a6152a49732c09c63 height=60 version=0x20000000 log2_work=6.930737 tx=61 date='2025-10-30T17:48:16Z' progress=1.000000 cache=0.3MiB(60txo)
2025-10-30T17:48:06Z Saw new header hash=57fa829a5d95cbc4ad25e3d5156300742e72d0659a68214a1625e2ea8abebd56 height=61
2025-10-30T17:48:06Z Saw new cmpctblock header hash=57fa829a5d95cbc4ad25e3d5156300742e72d0659a68214a1625e2ea8abebd56 peer=0
2025-10-30T17:48:06Z UpdateTip: new best=57fa829a5d95cbc4ad25e3d5156300742e72d0659a68214a1625e2ea8abebd56 height=61 version=0x20000000 log2_work=6.954196 tx=62 date='2025-10-30T17:48:16Z' progress=1.000000 cache=0.3MiB(61txo)
2025-10-30T17:48:06Z Saw new header hash=3e6349db86f92865263e614d512cb20d35503e6620c9190fa9b3e56ad3deff7d height=62
2025-10-30T17:48:06Z Saw new cmpctblock header hash=3e6349db86f92865263e614d512cb20d35503e6620c9190fa9b3e56ad3deff7d peer=0
2025-10-30T17:48:06Z UpdateTip: new best=3e6349db86f92865263e614d512cb20d35503e6620c9190fa9b3e56ad3deff7d height=62 version=0x20000000 log2_work=6.977280 tx=63 date='2025-10-30T17:48:17Z' progress=1.000000 cache=0.3MiB(62txo)
2025-10-30T17:48:06Z Saw new header hash=1092ab7ee664030098759cafb009041b6d2b6c132c176ef798ca0a48c15a4eb0 height=63
2025-10-30T17:48:06Z Saw new cmpctblock header hash=1092ab7ee664030098759cafb009041b6d2b6c132c176ef798ca0a48c15a4eb0 peer=0
2025-10-30T17:48:06Z UpdateTip: new best=1092ab7ee664030098759cafb009041b6d2b6c132c176ef798ca0a48c15a4eb0 height=63 version=0x20000000 log2_work=7.000000 tx=64 date='2025-10-30T17:48:17Z' progress=1.000000 cache=0.3MiB(63txo)
2025-10-30T17:48:06Z Saw new header hash=7345a3e539c9907bd973291f631c992a6d9809eafca6603ab8c2d49dd063de9f height=64
2025-10-30T17:48:06Z Saw new cmpctblock header hash=7345a3e539c9907bd973291f631c992a6d9809eafca6603ab8c2d49dd063de9f peer=0
2025-10-30T17:48:06Z UpdateTip: new best=7345a3e539c9907bd973291f631c992a6d9809eafca6603ab8c2d49dd063de9f height=64 version=0x20000000 log2_work=7.022368 tx=65 date='2025-10-30T17:48:17Z' progress=1.000000 cache=0.3MiB(64txo)
2025-10-30T17:48:06Z Saw new header hash=69cc68dca6be7fc844bb0c3b14470c9dd362e5775a8643cde4b048a3c8e46227 height=65
2025-10-30T17:48:06Z Saw new cmpctblock header hash=69cc68dca6be7fc844bb0c3b14470c9dd362e5775a8643cde4b048a3c8e46227 peer=0
2025-10-30T17:48:06Z UpdateTip: new best=69cc68dca6be7fc844bb0c3b14470c9dd362e5775a8643cde4b048a3c8e46227 height=65 version=0x20000000 log2_work=7.044394 tx=66 date='2025-10-30T17:48:17Z' progress=1.000000 cache=0.3MiB(65txo)
2025-10-30T17:48:06Z Saw new header hash=43800c6c85280c0e81ed12ce03e52a588f29c9468b0b6b22c9541ef3207dca22 height=66
2025-10-30T17:48:06Z Saw new cmpctblock header hash=43800c6c85280c0e81ed12ce03e52a588f29c9468b0b6b22c9541ef3207dca22 peer=0
2025-10-30T17:48:06Z UpdateTip: new best=43800c6c85280c0e81ed12ce03e52a588f29c9468b0b6b22c9541ef3207dca22 height=66 version=0x20000000 log2_work=7.066089 tx=67 date='2025-10-30T17:48:17Z' progress=1.000000 cache=0.3MiB(66txo)
2025-10-30T17:48:06Z Saw new header hash=3228b9ce1cf495021af4979321a80e691b20b2218ce2043ca6d48d23fe359af5 height=67
2025-10-30T17:48:06Z Saw new cmpctblock header hash=3228b9ce1cf495021af4979321a80e691b20b2218ce2043ca6d48d23fe359af5 peer=0
2025-10-30T17:48:06Z UpdateTip: new best=3228b9ce1cf495021af4979321a80e691b20b2218ce2043ca6d48d23fe359af5 height=67 version=0x20000000 log2_work=7.087463 tx=68 date='2025-10-30T17:48:17Z' progress=1.000000 cache=0.3MiB(67txo)
2025-10-30T17:48:06Z Saw new header hash=0595d3a0508953ac03ce976417303143c81ab496f704f8da466b0e93a7b368d1 height=68
2025-10-30T17:48:06Z Saw new cmpctblock header hash=0595d3a0508953ac03ce976417303143c81ab496f704f8da466b0e93a7b368d1 peer=0
2025-10-30T17:48:06Z UpdateTip: new best=0595d3a0508953ac03ce976417303143c81ab496f704f8da466b0e93a7b368d1 height=68 version=0x20000000 log2_work=7.108524 tx=69 date='2025-10-30T17:48:18Z' progress=1.000000 cache=0.3MiB(68txo)
2025-10-30T17:48:06Z Saw new header hash=744e9bd775ebee97899022daab92e1543a72978f6c074ac9fd0e0f1dbd6b1390 height=69
2025-10-30T17:48:06Z Saw new cmpctblock header hash=744e9bd775ebee97899022daab92e1543a72978f6c074ac9fd0e0f1dbd6b1390 peer=0
2025-10-30T17:48:06Z UpdateTip: new best=744e9bd775ebee97899022daab92e1543a72978f6c074ac9fd0e0f1dbd6b1390 height=69 version=0x20000000 log2_work=7.129283 tx=70 date='2025-10-30T17:48:18Z' progress=1.000000 cache=0.3MiB(69txo)
2025-10-30T17:48:06Z Saw new header hash=65ca31fbebc7f731a6e4a2d06d42e33fce1643b102317f6587b19e8e6e226334 height=70
2025-10-30T17:48:06Z Saw new cmpctblock header hash=65ca31fbebc7f731a6e4a2d06d42e33fce1643b102317f6587b19e8e6e226334 peer=0
2025-10-30T17:48:06Z UpdateTip: new best=65ca31fbebc7f731a6e4a2d06d42e33fce1643b102317f6587b19e8e6e226334 height=70 version=0x20000000 log2_work=7.149747 tx=71 date='2025-10-30T17:48:18Z' progress=1.000000 cache=0.3MiB(70txo)
2025-10-30T17:48:06Z Saw new header hash=43b49b95805cc8604d1e7796ca8a6f82b5d33619595eaf294bd9bb03522d9400 height=71
2025-10-30T17:48:06Z Saw new cmpctblock header hash=43b49b95805cc8604d1e7796ca8a6f82b5d33619595eaf294bd9bb03522d9400 peer=0
2025-10-30T17:48:06Z UpdateTip: new best=43b49b95805cc8604d1e7796ca8a6f82b5d33619595eaf294bd9bb03522d9400 height=71 version=0x20000000 log2_work=7.169925 tx=72 date='2025-10-30T17:48:18Z' progress=1.000000 cache=0.3MiB(71txo)
2025-10-30T17:48:06Z Saw new header hash=503c21374e717ed8ff4d350fd99f41cfe1406902f5c4002821acfb36205570a9 height=72
2025-10-30T17:48:06Z Saw new cmpctblock header hash=503c21374e717ed8ff4d350fd99f41cfe1406902f5c4002821acfb36205570a9 peer=0
2025-10-30T17:48:06Z UpdateTip: new best=503c21374e717ed8ff4d350fd99f41cfe1406902f5c4002821acfb36205570a9 height=72 version=0x20000000 log2_work=7.189825 tx=73 date='2025-10-30T17:48:18Z' progress=1.000000 cache=0.3MiB(72txo)
2025-10-30T17:48:06Z Saw new header hash=66239dce336f32b1411f75546eac2082033a49cbdeec2165c92e4cef61ee334b height=73
2025-10-30T17:48:06Z Saw new cmpctblock header hash=66239dce336f32b1411f75546eac2082033a49cbdeec2165c92e4cef61ee334b peer=0
2025-10-30T17:48:06Z UpdateTip: new best=66239dce336f32b1411f75546eac2082033a49cbdeec2165c92e4cef61ee334b height=73 version=0x20000000 log2_work=7.209453 tx=74 date='2025-10-30T17:48:18Z' progress=1.000000 cache=0.3MiB(73txo)
2025-10-30T17:48:06Z Saw new header hash=32d7f6dbf18023df4d0ed99508d5fa34c31ca7936c41abe7d1e73d9cb0906342 height=74
2025-10-30T17:48:06Z Saw new cmpctblock header hash=32d7f6dbf18023df4d0ed99508d5fa34c31ca7936c41abe7d1e73d9cb0906342 peer=0
2025-10-30T17:48:06Z UpdateTip: new best=32d7f6dbf18023df4d0ed99508d5fa34c31ca7936c41abe7d1e73d9cb0906342 height=74 version=0x20000000 log2_work=7.228819 tx=75 date='2025-10-30T17:48:19Z' progress=1.000000 cache=0.3MiB(74txo)
2025-10-30T17:48:06Z Saw new header hash=7309f9225876c68eb0240920bb08ee716a5ea28aed75d1037fd59055180ccc05 height=75
2025-10-30T17:48:06Z Saw new cmpctblock header hash=7309f9225876c68eb0240920bb08ee716a5ea28aed75d1037fd59055180ccc05 peer=0
2025-10-30T17:48:06Z UpdateTip: new best=7309f9225876c68eb0240920bb08ee716a5ea28aed75d1037fd59055180ccc05 height=75 version=0x20000000 log2_work=7.247928 tx=76 date='2025-10-30T17:48:19Z' progress=1.000000 cache=0.3MiB(75txo)
2025-10-30T17:48:06Z Saw new header hash=4920cf24c4c2a5563d9d2a370d027f74ae14ee8c441ac519889c2a59d1d4f146 height=76
2025-10-30T17:48:06Z Saw new cmpctblock header hash=4920cf24c4c2a5563d9d2a370d027f74ae14ee8c441ac519889c2a59d1d4f146 peer=0
2025-10-30T17:48:06Z UpdateTip: new best=4920cf24c4c2a5563d9d2a370d027f74ae14ee8c441ac519889c2a59d1d4f146 height=76 version=0x20000000 log2_work=7.266787 tx=77 date='2025-10-30T17:48:19Z' progress=1.000000 cache=0.3MiB(76txo)
2025-10-30T17:48:06Z Saw new header hash=66a184361670ed4a9978e0f664b67d93a121300dc98c934f3eb9568817727d80 height=77
2025-10-30T17:48:06Z Saw new cmpctblock header hash=66a184361670ed4a9978e0f664b67d93a121300dc98c934f3eb9568817727d80 peer=0
2025-10-30T17:48:06Z UpdateTip: new best=66a184361670ed4a9978e0f664b67d93a121300dc98c934f3eb9568817727d80 height=77 version=0x20000000 log2_work=7.285402 tx=78 date='2025-10-30T17:48:19Z' progress=1.000000 cache=0.3MiB(77txo)
2025-10-30T17:48:06Z Saw new header hash=0fdc23d106637012b6652ecfd877e22002c84af70128f05b52734cadaed3db8c height=78
2025-10-30T17:48:06Z Saw new cmpctblock header hash=0fdc23d106637012b6652ecfd877e22002c84af70128f05b52734cadaed3db8c peer=0
2025-10-30T17:48:06Z UpdateTip: new best=0fdc23d106637012b6652ecfd877e22002c84af70128f05b52734cadaed3db8c height=78 version=0x20000000 log2_work=7.303781 tx=79 date='2025-10-30T17:48:19Z' progress=1.000000 cache=0.3MiB(78txo)
2025-10-30T17:48:06Z Saw new header hash=48e5452aa264245c97570fdbc3106133a4a52a3d9ab6b3d5b22e54e255b02508 height=79
2025-10-30T17:48:06Z Saw new cmpctblock header hash=48e5452aa264245c97570fdbc3106133a4a52a3d9ab6b3d5b22e54e255b02508 peer=0
2025-10-30T17:48:06Z UpdateTip: new best=48e5452aa264245c97570fdbc3106133a4a52a3d9ab6b3d5b22e54e255b02508 height=79 version=0x20000000 log2_work=7.321928 tx=80 date='2025-10-30T17:48:19Z' progress=1.000000 cache=0.3MiB(79txo)
2025-10-30T17:48:06Z Saw new header hash=114cea6d219e93d40fc6b70b8eeb50f57085dbbadee9b3defd0e2fa1c0b126ed height=80
2025-10-30T17:48:06Z Saw new cmpctblock header hash=114cea6d219e93d40fc6b70b8eeb50f57085dbbadee9b3defd0e2fa1c0b126ed peer=0
2025-10-30T17:48:06Z UpdateTip: new best=114cea6d219e93d40fc6b70b8eeb50f57085dbbadee9b3defd0e2fa1c0b126ed height=80 version=0x20000000 log2_work=7.339850 tx=81 date='2025-10-30T17:48:20Z' progress=1.000000 cache=0.3MiB(80txo)
2025-10-30T17:48:06Z Saw new header hash=0be8d16292f341b9c6566f14c5cc40f97ce128ae30a30989e1f876f9c76c626f height=81
2025-10-30T17:48:06Z Saw new cmpctblock header hash=0be8d16292f341b9c6566f14c5cc40f97ce128ae30a30989e1f876f9c76c626f peer=0
2025-10-30T17:48:06Z UpdateTip: new best=0be8d16292f341b9c6566f14c5cc40f97ce128ae30a30989e1f876f9c76c626f height=81 version=0x20000000 log2_work=7.357552 tx=82 date='2025-10-30T17:48:20Z' progress=1.000000 cache=0.3MiB(81txo)
2025-10-30T17:48:06Z Saw new header hash=1822cc35a58aaac5f7c6afa8af5123be96f00acdb4bf3d245cba9b495cc39800 height=82
2025-10-30T17:48:06Z Saw new cmpctblock header hash=1822cc35a58aaac5f7c6afa8af5123be96f00acdb4bf3d245cba9b495cc39800 peer=0
2025-10-30T17:48:06Z UpdateTip: new best=1822cc35a58aaac5f7c6afa8af5123be96f00acdb4bf3d245cba9b495cc39800 height=82 version=0x20000000 log2_work=7.375039 tx=83 date='2025-10-30T17:48:20Z' progress=1.000000 cache=0.3MiB(82txo)
2025-10-30T17:48:06Z Saw new header hash=32109daa2ab551144aaa1c90381b6d0fc8bd4a248af6b3f4550b79b93a0264f1 height=83
2025-10-30T17:48:06Z Saw new cmpctblock header hash=32109daa2ab551144aaa1c90381b6d0fc8bd4a248af6b3f4550b79b93a0264f1 peer=0
2025-10-30T17:48:06Z UpdateTip: new best=32109daa2ab551144aaa1c90381b6d0fc8bd4a248af6b3f4550b79b93a0264f1 height=83 version=0x20000000 log2_work=7.392317 tx=84 date='2025-10-30T17:48:20Z' progress=1.000000 cache=0.3MiB(83txo)
2025-10-30T17:48:06Z Saw new header hash=4eb80bd64c50a4eb33f22decde749bb179fc58eb92307ae91dc796cece3c6045 height=84
2025-10-30T17:48:06Z Saw new cmpctblock header hash=4eb80bd64c50a4eb33f22decde749bb179fc58eb92307ae91dc796cece3c6045 peer=0
2025-10-30T17:48:06Z UpdateTip: new best=4eb80bd64c50a4eb33f22decde749bb179fc58eb92307ae91dc796cece3c6045 height=84 version=0x20000000 log2_work=7.409391 tx=85 date='2025-10-30T17:48:20Z' progress=1.000000 cache=0.3MiB(84txo)
2025-10-30T17:48:06Z Saw new header hash=0732f0fcaa5547662fb30810fe561146704c5f97121475734da4514b82f63c14 height=85
2025-10-30T17:48:06Z Saw new cmpctblock header hash=0732f0fcaa5547662fb30810fe561146704c5f97121475734da4514b82f63c14 peer=0
2025-10-30T17:48:06Z UpdateTip: new best=0732f0fcaa5547662fb30810fe561146704c5f97121475734da4514b82f63c14 height=85 version=0x20000000 log2_work=7.426265 tx=86 date='2025-10-30T17:48:20Z' progress=1.000000 cache=0.3MiB(85txo)
2025-10-30T17:48:06Z Saw new header hash=68a34e7d9d31fc77aeaeabf5137a0d7f25537a1a67b9e5dedc5788d24c3771b7 height=86
2025-10-30T17:48:06Z Saw new cmpctblock header hash=68a34e7d9d31fc77aeaeabf5137a0d7f25537a1a67b9e5dedc5788d24c3771b7 peer=0
2025-10-30T17:48:06Z UpdateTip: new best=68a34e7d9d31fc77aeaeabf5137a0d7f25537a1a67b9e5dedc5788d24c3771b7 height=86 version=0x20000000 log2_work=7.442943 tx=87 date='2025-10-30T17:48:21Z' progress=1.000000 cache=0.3MiB(86txo)
2025-10-30T17:48:06Z Saw new header hash=494096baace4ab0f4d36e1149f50861c6dea587291f9292ec2f63009a19cf3bf height=87
2025-10-30T17:48:06Z Saw new cmpctblock header hash=494096baace4ab0f4d36e1149f50861c6dea587291f9292ec2f63009a19cf3bf peer=0
2025-10-30T17:48:06Z UpdateTip: new best=494096baace4ab0f4d36e1149f50861c6dea587291f9292ec2f63009a19cf3bf height=87 version=0x20000000 log2_work=7.459432 tx=88 date='2025-10-30T17:48:21Z' progress=1.000000 cache=0.3MiB(87txo)
2025-10-30T17:48:06Z Saw new header hash=21ec2c57f832b7912703740bb6a64697b6ccdfa0490084f58e4b1162e3f91a11 height=88
2025-10-30T17:48:06Z Saw new cmpctblock header hash=21ec2c57f832b7912703740bb6a64697b6ccdfa0490084f58e4b1162e3f91a11 peer=0
2025-10-30T17:48:06Z UpdateTip: new best=21ec2c57f832b7912703740bb6a64697b6ccdfa0490084f58e4b1162e3f91a11 height=88 version=0x20000000 log2_work=7.475733 tx=89 date='2025-10-30T17:48:21Z' progress=1.000000 cache=0.3MiB(88txo)
2025-10-30T17:48:06Z Saw new header hash=6ea8b0a43f94179315dffa0d69693f5be000deae2e977ec4c56dc26fe7546815 height=89
2025-10-30T17:48:06Z Saw new cmpctblock header hash=6ea8b0a43f94179315dffa0d69693f5be000deae2e977ec4c56dc26fe7546815 peer=0
2025-10-30T17:48:06Z UpdateTip: new best=6ea8b0a43f94179315dffa0d69693f5be000deae2e977ec4c56dc26fe7546815 height=89 version=0x20000000 log2_work=7.491853 tx=90 date='2025-10-30T17:48:21Z' progress=1.000000 cache=0.3MiB(89txo)
2025-10-30T17:48:06Z Saw new header hash=7ff61747e2e658936388a6555d647cbc35651f6736bf4565fc12fb220f78b22b height=90
2025-10-30T17:48:06Z Saw new cmpctblock header hash=7ff61747e2e658936388a6555d647cbc35651f6736bf4565fc12fb220f78b22b peer=0
2025-10-30T17:48:06Z UpdateTip: new best=7ff61747e2e658936388a6555d647cbc35651f6736bf4565fc12fb220f78b22b height=90 version=0x20000000 log2_work=7.507795 tx=91 date='2025-10-30T17:48:21Z' progress=1.000000 cache=0.3MiB(90txo)
2025-10-30T17:48:06Z Saw new header hash=0d16f3fe2fad43a82faa01764e2b85e62655d8bec8d2aa19f784d31ff6aef490 height=91
2025-10-30T17:48:06Z Saw new cmpctblock header hash=0d16f3fe2fad43a82faa01764e2b85e62655d8bec8d2aa19f784d31ff6aef490 peer=0
2025-10-30T17:48:06Z UpdateTip: new best=0d16f3fe2fad43a82faa01764e2b85e62655d8bec8d2aa19f784d31ff6aef490 height=91 version=0x20000000 log2_work=7.523562 tx=92 date='2025-10-30T17:48:21Z' progress=1.000000 cache=0.3MiB(91txo)
2025-10-30T17:48:06Z Saw new header hash=6e50c9129336e5a0a511d738eebd008ab90f5a40b747d6bcd8df17c5bf3fdb83 height=92
2025-10-30T17:48:06Z Saw new cmpctblock header hash=6e50c9129336e5a0a511d738eebd008ab90f5a40b747d6bcd8df17c5bf3fdb83 peer=0
2025-10-30T17:48:06Z UpdateTip: new best=6e50c9129336e5a0a511d738eebd008ab90f5a40b747d6bcd8df17c5bf3fdb83 height=92 version=0x20000000 log2_work=7.539159 tx=93 date='2025-10-30T17:48:22Z' progress=1.000000 cache=0.3MiB(92txo)
2025-10-30T17:48:06Z Saw new header hash=6cb84dc93fe55d43994adb6fe849c88009fc0ab90b2b23d3c7cfd810fa1fe01f height=93
2025-10-30T17:48:06Z Saw new cmpctblock header hash=6cb84dc93fe55d43994adb6fe849c88009fc0ab90b2b23d3c7cfd810fa1fe01f peer=0
2025-10-30T17:48:06Z UpdateTip: new best=6cb84dc93fe55d43994adb6fe849c88009fc0ab90b2b23d3c7cfd810fa1fe01f height=93 version=0x20000000 log2_work=7.554589 tx=94 date='2025-10-30T17:48:22Z' progress=1.000000 cache=0.3MiB(93txo)
2025-10-30T17:48:06Z Saw new header hash=154565461ccdd87896a07f870d468fbb5676c1ef0470eeb92a81c344dae4c723 height=94
2025-10-30T17:48:06Z Saw new cmpctblock header hash=154565461ccdd87896a07f870d468fbb5676c1ef0470eeb92a81c344dae4c723 peer=0
2025-10-30T17:48:06Z UpdateTip: new best=154565461ccdd87896a07f870d468fbb5676c1ef0470eeb92a81c344dae4c723 height=94 version=0x20000000 log2_work=7.569856 tx=95 date='2025-10-30T17:48:22Z' progress=1.000000 cache=0.3MiB(94txo)
2025-10-30T17:48:06Z Saw new header hash=698d8469c2f1827b893d9fbdb251638dd1ad2446f5041756674b5e6fba806d05 height=95
2025-10-30T17:48:06Z Saw new cmpctblock header hash=698d8469c2f1827b893d9fbdb251638dd1ad2446f5041756674b5e6fba806d05 peer=0
2025-10-30T17:48:06Z UpdateTip: new best=698d8469c2f1827b893d9fbdb251638dd1ad2446f5041756674b5e6fba806d05 height=95 version=0x20000000 log2_work=7.584963 tx=96 date='2025-10-30T17:48:22Z' progress=1.000000 cache=0.3MiB(95txo)
2025-10-30T17:48:06Z Saw new header hash=7554cfbf89a83f38e8c96db80067745faeaec84d21eab97f4c3cdb3b484d5991 height=96
2025-10-30T17:48:06Z Saw new cmpctblock header hash=7554cfbf89a83f38e8c96db80067745faeaec84d21eab97f4c3cdb3b484d5991 peer=0
2025-10-30T17:48:06Z UpdateTip: new best=7554cfbf89a83f38e8c96db80067745faeaec84d21eab97f4c3cdb3b484d5991 height=96 version=0x20000000 log2_work=7.599913 tx=97 date='2025-10-30T17:48:22Z' progress=1.000000 cache=0.3MiB(96txo)
2025-10-30T17:48:06Z Saw new header hash=2bcde218b5de0733ba3065e92c5ad3442e44d855866fb2dea7b3a3d51ad487e5 height=97
2025-10-30T17:48:06Z Saw new cmpctblock header hash=2bcde218b5de0733ba3065e92c5ad3442e44d855866fb2dea7b3a3d51ad487e5 peer=0
2025-10-30T17:48:06Z UpdateTip: new best=2bcde218b5de0733ba3065e92c5ad3442e44d855866fb2dea7b3a3d51ad487e5 height=97 version=0x20000000 log2_work=7.614710 tx=98 date='2025-10-30T17:48:22Z' progress=1.000000 cache=0.3MiB(97txo)
2025-10-30T17:48:06Z Saw new header hash=7481423044c64c993d6647196ce789880da98bfbd3d689c3ba2f0b0d086d28db height=98
2025-10-30T17:48:06Z Saw new cmpctblock header hash=7481423044c64c993d6647196ce789880da98bfbd3d689c3ba2f0b0d086d28db peer=0
2025-10-30T17:48:06Z UpdateTip: new best=7481423044c64c993d6647196ce789880da98bfbd3d689c3ba2f0b0d086d28db height=98 version=0x20000000 log2_work=7.629357 tx=99 date='2025-10-30T17:48:23Z' progress=1.000000 cache=0.3MiB(98txo)
2025-10-30T17:48:06Z Saw new header hash=1ce29313682a0f2c8d676f616414985ee3bc92c79994dee950dc70e3e7dc7187 height=99
2025-10-30T17:48:06Z Saw new cmpctblock header hash=1ce29313682a0f2c8d676f616414985ee3bc92c79994dee950dc70e3e7dc7187 peer=0
2025-10-30T17:48:06Z UpdateTip: new best=1ce29313682a0f2c8d676f616414985ee3bc92c79994dee950dc70e3e7dc7187 height=99 version=0x20000000 log2_work=7.643856 tx=100 date='2025-10-30T17:48:23Z' progress=1.000000 cache=0.3MiB(99txo)
2025-10-30T17:48:06Z Saw new header hash=4c331d0bff6b18900b8f85f73f5920ac8a7c5bb424b4a4afa51dc4e415b8f093 height=100
2025-10-30T17:48:06Z Saw new cmpctblock header hash=4c331d0bff6b18900b8f85f73f5920ac8a7c5bb424b4a4afa51dc4e415b8f093 peer=0
2025-10-30T17:48:06Z UpdateTip: new best=4c331d0bff6b18900b8f85f73f5920ac8a7c5bb424b4a4afa51dc4e415b8f093 height=100 version=0x20000000 log2_work=7.658211 tx=101 date='2025-10-30T17:48:23Z' progress=1.000000 cache=0.3MiB(100txo)
2025-10-30T17:48:06Z Saw new header hash=5e4a3cb76cd1ccccdb3b09b82241857127a7dc2688fd5eec30e3b5cc2f5da3a0 height=101
2025-10-30T17:48:06Z Saw new cmpctblock header hash=5e4a3cb76cd1ccccdb3b09b82241857127a7dc2688fd5eec30e3b5cc2f5da3a0 peer=0
2025-10-30T17:48:06Z UpdateTip: new best=5e4a3cb76cd1ccccdb3b09b82241857127a7dc2688fd5eec30e3b5cc2f5da3a0 height=101 version=0x20000000 log2_work=7.672425 tx=102 date='2025-10-30T17:48:23Z' progress=1.000000 cache=0.3MiB(101txo)
2025-10-30T17:48:06Z Saw new header hash=1b8c4c06527212c3728bdbb015bd2ccaaff85f5687b5314e1c040ec7da4ea792 height=102
2025-10-30T17:48:06Z Saw new cmpctblock header hash=1b8c4c06527212c3728bdbb015bd2ccaaff85f5687b5314e1c040ec7da4ea792 peer=0
2025-10-30T17:48:06Z UpdateTip: new best=1b8c4c06527212c3728bdbb015bd2ccaaff85f5687b5314e1c040ec7da4ea792 height=102 version=0x20000000 log2_work=7.686501 tx=103 date='2025-10-30T17:48:23Z' progress=1.000000 cache=0.3MiB(102txo)
2025-10-30T17:48:06Z Saw new header hash=15f91fc7faeacb6a0a71dee9df9e5dc07452791e5d63b9a39801251317f06a66 height=103
2025-10-30T17:48:06Z Saw new cmpctblock header hash=15f91fc7faeacb6a0a71dee9df9e5dc07452791e5d63b9a39801251317f06a66 peer=0
2025-10-30T17:48:06Z UpdateTip: new best=15f91fc7faeacb6a0a71dee9df9e5dc07452791e5d63b9a39801251317f06a66 height=103 version=0x20000000 log2_work=7.700440 tx=104 date='2025-10-30T17:48:23Z' progress=1.000000 cache=0.3MiB(103txo)
2025-10-30T17:48:06Z Saw new header hash=7d17571dddc0c7b052f61183d80c9bff86e44c0adc0f785bbe35408d5245e86c height=104
2025-10-30T17:48:06Z Saw new cmpctblock header hash=7d17571dddc0c7b052f61183d80c9bff86e44c0adc0f785bbe35408d5245e86c peer=0
2025-10-30T17:48:06Z UpdateTip: new best=7d17571dddc0c7b052f61183d80c9bff86e44c0adc0f785bbe35408d5245e86c height=104 version=0x20000000 log2_work=7.714246 tx=105 date='2025-10-30T17:48:24Z' progress=1.000000 cache=0.3MiB(104txo)
2025-10-30T17:48:06Z Saw new header hash=226dbff08b7f4f8d1b1cc3388acffd741be724246229f0532433179fbb2f9083 height=105
2025-10-30T17:48:06Z Saw new cmpctblock header hash=226dbff08b7f4f8d1b1cc3388acffd741be724246229f0532433179fbb2f9083 peer=0
2025-10-30T17:48:06Z UpdateTip: new best=226dbff08b7f4f8d1b1cc3388acffd741be724246229f0532433179fbb2f9083 height=105 version=0x20000000 log2_work=7.727920 tx=106 date='2025-10-30T17:48:24Z' progress=1.000000 cache=0.3MiB(105txo)
2025-10-30T17:48:06Z Saw new header hash=08a50fa5b09ca20dd2a254d68226035d95ba62ee11f85cc35f77feaf7463a52a height=106
2025-10-30T17:48:06Z Saw new cmpctblock header hash=08a50fa5b09ca20dd2a254d68226035d95ba62ee11f85cc35f77feaf7463a52a peer=0
2025-10-30T17:48:06Z UpdateTip: new best=08a50fa5b09ca20dd2a254d68226035d95ba62ee11f85cc35f77feaf7463a52a height=106 version=0x20000000 log2_work=7.741467 tx=107 date='2025-10-30T17:48:24Z' progress=1.000000 cache=0.3MiB(106txo)
2025-10-30T17:48:06Z Saw new header hash=2499b8997a4222b689df276f747cfa66d79e238c404449a04f6f24ed9350d0ad height=107
2025-10-30T17:48:06Z Saw new cmpctblock header hash=2499b8997a4222b689df276f747cfa66d79e238c404449a04f6f24ed9350d0ad peer=0
2025-10-30T17:48:06Z UpdateTip: new best=2499b8997a4222b689df276f747cfa66d79e238c404449a04f6f24ed9350d0ad height=107 version=0x20000000 log2_work=7.754888 tx=108 date='2025-10-30T17:48:24Z' progress=1.000000 cache=0.3MiB(107txo)
2025-10-30T17:48:06Z Saw new header hash=054ac75819d6ebdfbdad8fa825ddeb03573a94cb50f096720ce6892e12462231 height=108
2025-10-30T17:48:06Z Saw new cmpctblock header hash=054ac75819d6ebdfbdad8fa825ddeb03573a94cb50f096720ce6892e12462231 peer=0
2025-10-30T17:48:06Z UpdateTip: new best=054ac75819d6ebdfbdad8fa825ddeb03573a94cb50f096720ce6892e12462231 height=108 version=0x20000000 log2_work=7.768184 tx=109 date='2025-10-30T17:48:24Z' progress=1.000000 cache=0.3MiB(108txo)
2025-10-30T17:48:06Z Saw new header hash=16ac6f590cfe53a017faac6a21fb33961c1b3927e31d8e37da796fb403316843 height=109
2025-10-30T17:48:06Z Saw new cmpctblock header hash=16ac6f590cfe53a017faac6a21fb33961c1b3927e31d8e37da796fb403316843 peer=0
2025-10-30T17:48:06Z UpdateTip: new best=16ac6f590cfe53a017faac6a21fb33961c1b3927e31d8e37da796fb403316843 height=109 version=0x20000000 log2_work=7.781360 tx=110 date='2025-10-30T17:48:24Z' progress=1.000000 cache=0.3MiB(109txo)
2025-10-30T17:48:06Z Saw new header hash=3b315701688b0c672404415186cd1dc9b7c91bd2636269663a98a39fde5cdb91 height=110
2025-10-30T17:48:06Z Saw new cmpctblock header hash=3b315701688b0c672404415186cd1dc9b7c91bd2636269663a98a39fde5cdb91 peer=0
2025-10-30T17:48:06Z UpdateTip: new best=3b315701688b0c672404415186cd1dc9b7c91bd2636269663a98a39fde5cdb91 height=110 version=0x20000000 log2_work=7.794416 tx=111 date='2025-10-30T17:48:25Z' progress=1.000000 cache=0.3MiB(110txo)
2025-10-30T17:48:06Z Saw new header hash=5281ccf3dd32fe6d2826e68888151740b5ac20480f6f4568e731fdb398ccbb22 height=111
2025-10-30T17:48:06Z Saw new cmpctblock header hash=5281ccf3dd32fe6d2826e68888151740b5ac20480f6f4568e731fdb398ccbb22 peer=0
2025-10-30T17:48:06Z UpdateTip: new best=5281ccf3dd32fe6d2826e68888151740b5ac20480f6f4568e731fdb398ccbb22 height=111 version=0x20000000 log2_work=7.807355 tx=112 date='2025-10-30T17:48:25Z' progress=1.000000 cache=0.3MiB(111txo)
2025-10-30T17:48:06Z Saw new header hash=2259c83c6ab72f3c6798c54f9b14fc2b4bc96dc1aa5b6608f3751ec743931f81 height=112
2025-10-30T17:48:06Z Saw new cmpctblock header hash=2259c83c6ab72f3c6798c54f9b14fc2b4bc96dc1aa5b6608f3751ec743931f81 peer=0
2025-10-30T17:48:06Z UpdateTip: new best=2259c83c6ab72f3c6798c54f9b14fc2b4bc96dc1aa5b6608f3751ec743931f81 height=112 version=0x20000000 log2_work=7.820179 tx=113 date='2025-10-30T17:48:25Z' progress=1.000000 cache=0.3MiB(112txo)
2025-10-30T17:48:06Z Saw new header hash=711e8dd92fb851ce736ef37d0aa27b7674d25d55bcf41a96105e11778ea3e5c3 height=113
2025-10-30T17:48:06Z Saw new cmpctblock header hash=711e8dd92fb851ce736ef37d0aa27b7674d25d55bcf41a96105e11778ea3e5c3 peer=0
2025-10-30T17:48:06Z UpdateTip: new best=711e8dd92fb851ce736ef37d0aa27b7674d25d55bcf41a96105e11778ea3e5c3 height=113 version=0x20000000 log2_work=7.832890 tx=114 date='2025-10-30T17:48:25Z' progress=1.000000 cache=0.3MiB(113txo)
2025-10-30T17:48:06Z Saw new header hash=3795aca28115e091b047aaec06ad2d53a95066a28eecc9c6a7740e892e33d7f4 height=114
2025-10-30T17:48:06Z Saw new cmpctblock header hash=3795aca28115e091b047aaec06ad2d53a95066a28eecc9c6a7740e892e33d7f4 peer=0
2025-10-30T17:48:06Z UpdateTip: new best=3795aca28115e091b047aaec06ad2d53a95066a28eecc9c6a7740e892e33d7f4 height=114 version=0x20000000 log2_work=7.845490 tx=115 date='2025-10-30T17:48:25Z' progress=1.000000 cache=0.3MiB(114txo)
2025-10-30T17:48:06Z Saw new header hash=5c66c7678182ff858df45914178e422f0b4564e0291a5810fad0a9060617ec0a height=115
2025-10-30T17:48:06Z Saw new cmpctblock header hash=5c66c7678182ff858df45914178e422f0b4564e0291a5810fad0a9060617ec0a peer=0
2025-10-30T17:48:06Z UpdateTip: new best=5c66c7678182ff858df45914178e422f0b4564e0291a5810fad0a9060617ec0a height=115 version=0x20000000 log2_work=7.857981 tx=116 date='2025-10-30T17:48:25Z' progress=1.000000 cache=0.3MiB(115txo)
2025-10-30T17:48:06Z Saw new header hash=4eda2d71e1a7dfb3f70bfd772f2cfdb7b16598a6711ce1efee4b82d8f2bb4df6 height=116
2025-10-30T17:48:06Z Saw new cmpctblock header hash=4eda2d71e1a7dfb3f70bfd772f2cfdb7b16598a6711ce1efee4b82d8f2bb4df6 peer=0
2025-10-30T17:48:06Z UpdateTip: new best=4eda2d71e1a7dfb3f70bfd772f2cfdb7b16598a6711ce1efee4b82d8f2bb4df6 height=116 version=0x20000000 log2_work=7.870365 tx=117 date='2025-10-30T17:48:26Z' progress=1.000000 cache=0.3MiB(116txo)
2025-10-30T17:48:06Z Saw new header hash=33c6bc6f951801917dc9add50a64d1866e19cbbbcda754fe53421b2022a99c79 height=117
2025-10-30T17:48:06Z Saw new cmpctblock header hash=33c6bc6f951801917dc9add50a64d1866e19cbbbcda754fe53421b2022a99c79 peer=0
2025-10-30T17:48:06Z UpdateTip: new best=33c6bc6f951801917dc9add50a64d1866e19cbbbcda754fe53421b2022a99c79 height=117 version=0x20000000 log2_work=7.882643 tx=118 date='2025-10-30T17:48:26Z' progress=1.000000 cache=0.3MiB(117txo)
2025-10-30T17:48:06Z Saw new header hash=76fde7c5cc829b8bc48c0998c87be6e76aa8cd3f3f5a7bab5e6d612e8256aa7e height=118
2025-10-30T17:48:06Z Saw new cmpctblock header hash=76fde7c5cc829b8bc48c0998c87be6e76aa8cd3f3f5a7bab5e6d612e8256aa7e peer=0
2025-10-30T17:48:06Z UpdateTip: new best=76fde7c5cc829b8bc48c0998c87be6e76aa8cd3f3f5a7bab5e6d612e8256aa7e height=118 version=0x20000000 log2_work=7.894818 tx=119 date='2025-10-30T17:48:26Z' progress=1.000000 cache=0.3MiB(118txo)
2025-10-30T17:48:06Z Saw new header hash=515fb761a9f584ad1bf972d510fd0283276cdcf2c65051c34510865bf715b19e height=119
2025-10-30T17:48:06Z Saw new cmpctblock header hash=515fb761a9f584ad1bf972d510fd0283276cdcf2c65051c34510865bf715b19e peer=0
2025-10-30T17:48:06Z UpdateTip: new best=515fb761a9f584ad1bf972d510fd0283276cdcf2c65051c34510865bf715b19e height=119 version=0x20000000 log2_work=7.906891 tx=120 date='2025-10-30T17:48:26Z' progress=1.000000 cache=0.3MiB(119txo)
2025-10-30T17:48:06Z Saw new header hash=5876c0295c0abfa01948cf7619561b2459d2da4cc1dbb9a423b8d6f54a79bd6d height=120
2025-10-30T17:48:06Z Saw new cmpctblock header hash=5876c0295c0abfa01948cf7619561b2459d2da4cc1dbb9a423b8d6f54a79bd6d peer=0
2025-10-30T17:48:06Z UpdateTip: new best=5876c0295c0abfa01948cf7619561b2459d2da4cc1dbb9a423b8d6f54a79bd6d height=120 version=0x20000000 log2_work=7.918863 tx=121 date='2025-10-30T17:48:26Z' progress=1.000000 cache=0.3MiB(120txo)
2025-10-30T17:48:06Z Saw new header hash=6ddabcf67e3279fb66634f086ec8a82c02709438efed23686ff12e522d6e2611 height=121
2025-10-30T17:48:06Z Saw new cmpctblock header hash=6ddabcf67e3279fb66634f086ec8a82c02709438efed23686ff12e522d6e2611 peer=0
2025-10-30T17:48:06Z UpdateTip: new best=6ddabcf67e3279fb66634f086ec8a82c02709438efed23686ff12e522d6e2611 height=121 version=0x20000000 log2_work=7.930737 tx=122 date='2025-10-30T17:48:26Z' progress=1.000000 cache=0.3MiB(121txo)
2025-10-30T17:48:06Z Saw new header hash=6b1a29c69fb7064d9692621de2f0f581cebb027173e8e47a44f159095a6a9ba0 height=122
2025-10-30T17:48:06Z Saw new cmpctblock header hash=6b1a29c69fb7064d9692621de2f0f581cebb027173e8e47a44f159095a6a9ba0 peer=0
2025-10-30T17:48:06Z UpdateTip: new best=6b1a29c69fb7064d9692621de2f0f581cebb027173e8e47a44f159095a6a9ba0 height=122 version=0x20000000 log2_work=7.942515 tx=123 date='2025-10-30T17:48:27Z' progress=1.000000 cache=0.3MiB(122txo)
2025-10-30T17:48:06Z Saw new header hash=3a6dda5f4d632bff96737704db15bc18cde8b52917df7f30c9f670031346a978 height=123
2025-10-30T17:48:06Z Saw new cmpctblock header hash=3a6dda5f4d632bff96737704db15bc18cde8b52917df7f30c9f670031346a978 peer=0
2025-10-30T17:48:06Z UpdateTip: new best=3a6dda5f4d632bff96737704db15bc18cde8b52917df7f30c9f670031346a978 height=123 version=0x20000000 log2_work=7.954196 tx=124 date='2025-10-30T17:48:27Z' progress=1.000000 cache=0.3MiB(123txo)
2025-10-30T17:48:06Z Saw new header hash=7aad842331b1fcc4611801ff366b8eb0b205cb6b7e4991bbd274e91ad563452b height=124
2025-10-30T17:48:06Z Saw new cmpctblock header hash=7aad842331b1fcc4611801ff366b8eb0b205cb6b7e4991bbd274e91ad563452b peer=0
2025-10-30T17:48:06Z UpdateTip: new best=7aad842331b1fcc4611801ff366b8eb0b205cb6b7e4991bbd274e91ad563452b height=124 version=0x20000000 log2_work=7.965784 tx=125 date='2025-10-30T17:48:27Z' progress=1.000000 cache=0.3MiB(124txo)
2025-10-30T17:48:06Z Saw new header hash=66d580d07a716577bea43cd266b0882b0b4b591be11f202e9591761284de7223 height=125
2025-10-30T17:48:06Z Saw new cmpctblock header hash=66d580d07a716577bea43cd266b0882b0b4b591be11f202e9591761284de7223 peer=0
2025-10-30T17:48:06Z UpdateTip: new best=66d580d07a716577bea43cd266b0882b0b4b591be11f202e9591761284de7223 height=125 version=0x20000000 log2_work=7.977280 tx=126 date='2025-10-30T17:48:27Z' progress=1.000000 cache=0.3MiB(125txo)
2025-10-30T17:48:06Z Saw new header hash=14dd486c42fff2db46f2b03841e30fd6ffb8fab968f76a8927b61dcf48d7fee7 height=126
2025-10-30T17:48:06Z Saw new cmpctblock header hash=14dd486c42fff2db46f2b03841e30fd6ffb8fab968f76a8927b61dcf48d7fee7 peer=0
2025-10-30T17:48:06Z UpdateTip: new best=14dd486c42fff2db46f2b03841e30fd6ffb8fab968f76a8927b61dcf48d7fee7 height=126 version=0x20000000 log2_work=7.988685 tx=127 date='2025-10-30T17:48:27Z' progress=1.000000 cache=0.3MiB(126txo)
2025-10-30T17:48:06Z Saw new header hash=032dabdab97165ba398c831460dc7d38d805ac725245fba6dbc192bd49b8ea40 height=127
2025-10-30T17:48:06Z Saw new cmpctblock header hash=032dabdab97165ba398c831460dc7d38d805ac725245fba6dbc192bd49b8ea40 peer=0
2025-10-30T17:48:06Z UpdateTip: new best=032dabdab97165ba398c831460dc7d38d805ac725245fba6dbc192bd49b8ea40 height=127 version=0x20000000 log2_work=8.000000 tx=128 date='2025-10-30T17:48:27Z' progress=1.000000 cache=0.3MiB(127txo)
2025-10-30T17:48:06Z Saw new header hash=0361571606752ee35af292c4859075025976ee445454b749b024e0437de720af height=128
2025-10-30T17:48:06Z Saw new cmpctblock header hash=0361571606752ee35af292c4859075025976ee445454b749b024e0437de720af peer=0
2025-10-30T17:48:06Z UpdateTip: new best=0361571606752ee35af292c4859075025976ee445454b749b024e0437de720af height=128 version=0x20000000 log2_work=8.011227 tx=129 date='2025-10-30T17:48:28Z' progress=1.000000 cache=0.3MiB(128txo)
2025-10-30T17:48:06Z Saw new header hash=1a8a0c07db3d5377924ca826a15f217a49ffc35b143fc9f056ef73afd35402ca height=129
2025-10-30T17:48:06Z Saw new cmpctblock header hash=1a8a0c07db3d5377924ca826a15f217a49ffc35b143fc9f056ef73afd35402ca peer=0
2025-10-30T17:48:06Z UpdateTip: new best=1a8a0c07db3d5377924ca826a15f217a49ffc35b143fc9f056ef73afd35402ca height=129 version=0x20000000 log2_work=8.022368 tx=130 date='2025-10-30T17:48:28Z' progress=1.000000 cache=0.3MiB(129txo)
2025-10-30T17:48:06Z Saw new header hash=0e32284986a9f465b4d5550a18fa2da3db99a2b665b9d1b47f3cb0d964079fef height=130
2025-10-30T17:48:06Z Saw new cmpctblock header hash=0e32284986a9f465b4d5550a18fa2da3db99a2b665b9d1b47f3cb0d964079fef peer=0
2025-10-30T17:48:06Z UpdateTip: new best=0e32284986a9f465b4d5550a18fa2da3db99a2b665b9d1b47f3cb0d964079fef height=130 version=0x20000000 log2_work=8.033423 tx=131 date='2025-10-30T17:48:28Z' progress=1.000000 cache=0.3MiB(130txo)
2025-10-30T17:48:06Z Saw new header hash=1bd4a2aa5449dbb4fe14622c769ce3be448b475032c4dddea386970ff9386108 height=131
2025-10-30T17:48:06Z Saw new cmpctblock header hash=1bd4a2aa5449dbb4fe14622c769ce3be448b475032c4dddea386970ff9386108 peer=0
2025-10-30T17:48:06Z UpdateTip: new best=1bd4a2aa5449dbb4fe14622c769ce3be448b475032c4dddea386970ff9386108 height=131 version=0x20000000 log2_work=8.044394 tx=132 date='2025-10-30T17:48:28Z' progress=1.000000 cache=0.3MiB(131txo)
2025-10-30T17:48:06Z Saw new header hash=7d7db9b094ef413ce96ea5c09b95a25490eab463f6d13f6bb3fb720429d2eb13 height=132
2025-10-30T17:48:06Z Saw new cmpctblock header hash=7d7db9b094ef413ce96ea5c09b95a25490eab463f6d13f6bb3fb720429d2eb13 peer=0
2025-10-30T17:48:06Z UpdateTip: new best=7d7db9b094ef413ce96ea5c09b95a25490eab463f6d13f6bb3fb720429d2eb13 height=132 version=0x20000000 log2_work=8.055282 tx=133 date='2025-10-30T17:48:28Z' progress=1.000000 cache=0.3MiB(132txo)
2025-10-30T17:48:06Z Saw new header hash=40d371bf2b8ef4ccd701ae131d42a022e27cc51c5036b0b8265a74d0d0df9f22 height=133
2025-10-30T17:48:06Z Saw new cmpctblock header hash=40d371bf2b8ef4ccd701ae131d42a022e27cc51c5036b0b8265a74d0d0df9f22 peer=0
2025-10-30T17:48:06Z UpdateTip: new best=40d371bf2b8ef4ccd701ae131d42a022e27cc51c5036b0b8265a74d0d0df9f22 height=133 version=0x20000000 log2_work=8.066089 tx=134 date='2025-10-30T17:48:28Z' progress=1.000000 cache=0.3MiB(133txo)
2025-10-30T17:48:06Z Saw new header hash=423100ab24bd88e0feb1622d810f196712ac1976529fb92971c36996facffc33 height=134
2025-10-30T17:48:06Z Saw new cmpctblock header hash=423100ab24bd88e0feb1622d810f196712ac1976529fb92971c36996facffc33 peer=0
2025-10-30T17:48:06Z UpdateTip: new best=423100ab24bd88e0feb1622d810f196712ac1976529fb92971c36996facffc33 height=134 version=0x20000000 log2_work=8.076816 tx=135 date='2025-10-30T17:48:29Z' progress=1.000000 cache=0.3MiB(134txo)
2025-10-30T17:48:06Z Saw new header hash=54b37759becae4baed2c87c6788809fba7a70ef044af95b36dac9e612aca0c09 height=135
2025-10-30T17:48:06Z Saw new cmpctblock header hash=54b37759becae4baed2c87c6788809fba7a70ef044af95b36dac9e612aca0c09 peer=0
2025-10-30T17:48:06Z UpdateTip: new best=54b37759becae4baed2c87c6788809fba7a70ef044af95b36dac9e612aca0c09 height=135 version=0x20000000 log2_work=8.087463 tx=136 date='2025-10-30T17:48:29Z' progress=1.000000 cache=0.3MiB(135txo)
2025-10-30T17:48:06Z Saw new header hash=5fcb3eaa38ca27dd1c29a32768e41c85c11f4afa8a3fb3b2bb97010279fbb672 height=136
2025-10-30T17:48:06Z Saw new cmpctblock header hash=5fcb3eaa38ca27dd1c29a32768e41c85c11f4afa8a3fb3b2bb97010279fbb672 peer=0
2025-10-30T17:48:06Z UpdateTip: new best=5fcb3eaa38ca27dd1c29a32768e41c85c11f4afa8a3fb3b2bb97010279fbb672 height=136 version=0x20000000 log2_work=8.098032 tx=137 date='2025-10-30T17:48:29Z' progress=1.000000 cache=0.3MiB(136txo)
2025-10-30T17:48:06Z Saw new header hash=0cabfe745e4b8f0bbd0897b29c5cf8942862bfe96ab86f44b9f8c7b4e8330960 height=137
2025-10-30T17:48:06Z Saw new cmpctblock header hash=0cabfe745e4b8f0bbd0897b29c5cf8942862bfe96ab86f44b9f8c7b4e8330960 peer=0
2025-10-30T17:48:06Z UpdateTip: new best=0cabfe745e4b8f0bbd0897b29c5cf8942862bfe96ab86f44b9f8c7b4e8330960 height=137 version=0x20000000 log2_work=8.108524 tx=138 date='2025-10-30T17:48:29Z' progress=1.000000 cache=0.3MiB(137txo)
2025-10-30T17:48:06Z Saw new header hash=5be3b9da42e23f9ac6f5d7bccd2f3ba687a4cf3ddce142d872c8d3ab558dd830 height=138
2025-10-30T17:48:06Z Saw new cmpctblock header hash=5be3b9da42e23f9ac6f5d7bccd2f3ba687a4cf3ddce142d872c8d3ab558dd830 peer=0
2025-10-30T17:48:06Z UpdateTip: new best=5be3b9da42e23f9ac6f5d7bccd2f3ba687a4cf3ddce142d872c8d3ab558dd830 height=138 version=0x20000000 log2_work=8.118941 tx=139 date='2025-10-30T17:48:29Z' progress=1.000000 cache=0.3MiB(138txo)
2025-10-30T17:48:06Z Saw new header hash=425ae016325465c1e4bf86516e23099ee0215fdc69bc4f488f3bc18353386458 height=139
2025-10-30T17:48:06Z Saw new cmpctblock header hash=425ae016325465c1e4bf86516e23099ee0215fdc69bc4f488f3bc18353386458 peer=0
2025-10-30T17:48:06Z UpdateTip: new best=425ae016325465c1e4bf86516e23099ee0215fdc69bc4f488f3bc18353386458 height=139 version=0x20000000 log2_work=8.129283 tx=140 date='2025-10-30T17:48:29Z' progress=1.000000 cache=0.3MiB(139txo)
2025-10-30T17:48:06Z Saw new header hash=06d1f4aecb5c84a225e1bfdcd633b84b394cf39d965188fb8829e6a5b403dc2a height=140
2025-10-30T17:48:06Z Saw new cmpctblock header hash=06d1f4aecb5c84a225e1bfdcd633b84b394cf39d965188fb8829e6a5b403dc2a peer=0
2025-10-30T17:48:06Z UpdateTip: new best=06d1f4aecb5c84a225e1bfdcd633b84b394cf39d965188fb8829e6a5b403dc2a height=140 version=0x20000000 log2_work=8.139551 tx=141 date='2025-10-30T17:48:30Z' progress=1.000000 cache=0.3MiB(140txo)
2025-10-30T17:48:06Z Saw new header hash=5bb6551deafe2c9246315662135162575859fee8d03849bdc49404e783e941b9 height=141
2025-10-30T17:48:06Z Saw new cmpctblock header hash=5bb6551deafe2c9246315662135162575859fee8d03849bdc49404e783e941b9 peer=0
2025-10-30T17:48:06Z UpdateTip: new best=5bb6551deafe2c9246315662135162575859fee8d03849bdc49404e783e941b9 height=141 version=0x20000000 log2_work=8.149747 tx=142 date='2025-10-30T17:48:30Z' progress=1.000000 cache=0.3MiB(141txo)
2025-10-30T17:48:06Z Saw new header hash=39101ef856f010fd839075ff2c9b597eadb9d2fe00c2bde9ca511fa05cc9a0cf height=142
2025-10-30T17:48:06Z Saw new cmpctblock header hash=39101ef856f010fd839075ff2c9b597eadb9d2fe00c2bde9ca511fa05cc9a0cf peer=0
2025-10-30T17:48:06Z UpdateTip: new best=39101ef856f010fd839075ff2c9b597eadb9d2fe00c2bde9ca511fa05cc9a0cf height=142 version=0x20000000 log2_work=8.159871 tx=143 date='2025-10-30T17:48:30Z' progress=1.000000 cache=0.3MiB(142txo)
2025-10-30T17:48:06Z Saw new header hash=548013a057a18db01141e7a4767066d45c61b5f3b65e567a2f107dac4e1dad0e height=143
2025-10-30T17:48:06Z Saw new cmpctblock header hash=548013a057a18db01141e7a4767066d45c61b5f3b65e567a2f107dac4e1dad0e peer=0
2025-10-30T17:48:06Z UpdateTip: new best=548013a057a18db01141e7a4767066d45c61b5f3b65e567a2f107dac4e1dad0e height=143 version=0x20000000 log2_work=8.169925 tx=144 date='2025-10-30T17:48:30Z' progress=1.000000 cache=0.3MiB(143txo)
2025-10-30T17:48:06Z Saw new header hash=08453a89ed336db8380637ed0fddfe21e14fa3388029c1596c020c260e69d316 height=144
2025-10-30T17:48:06Z Saw new cmpctblock header hash=08453a89ed336db8380637ed0fddfe21e14fa3388029c1596c020c260e69d316 peer=0
2025-10-30T17:48:06Z UpdateTip: new best=08453a89ed336db8380637ed0fddfe21e14fa3388029c1596c020c260e69d316 height=144 version=0x30000000 log2_work=8.179909 tx=145 date='2025-10-30T17:48:30Z' progress=1.000000 cache=0.3MiB(144txo)
2025-10-30T17:48:06Z Saw new header hash=5f57aef2cd68f6926d5b5aa86fa882ff3cd841a5ca6ebd211a8528c08faded27 height=145
2025-10-30T17:48:06Z Saw new cmpctblock header hash=5f57aef2cd68f6926d5b5aa86fa882ff3cd841a5ca6ebd211a8528c08faded27 peer=0
2025-10-30T17:48:06Z UpdateTip: new best=5f57aef2cd68f6926d5b5aa86fa882ff3cd841a5ca6ebd211a8528c08faded27 height=145 version=0x30000000 log2_work=8.189825 tx=146 date='2025-10-30T17:48:30Z' progress=1.000000 cache=0.3MiB(145txo)
2025-10-30T17:48:06Z Saw new header hash=33a37cf22f5426583ff1ccea7285b6d122d956cb03d4252ba96566927f2002cb height=146
2025-10-30T17:48:06Z Saw new cmpctblock header hash=33a37cf22f5426583ff1ccea7285b6d122d956cb03d4252ba96566927f2002cb peer=0
2025-10-30T17:48:06Z UpdateTip: new best=33a37cf22f5426583ff1ccea7285b6d122d956cb03d4252ba96566927f2002cb height=146 version=0x30000000 log2_work=8.199672 tx=147 date='2025-10-30T17:48:31Z' progress=1.000000 cache=0.3MiB(146txo)
2025-10-30T17:48:06Z Saw new header hash=56470f7a6cb5b993ba03a53e73b5cb599689def20f57352846c972f1056ea6aa height=147
2025-10-30T17:48:06Z Saw new cmpctblock header hash=56470f7a6cb5b993ba03a53e73b5cb599689def20f57352846c972f1056ea6aa peer=0
2025-10-30T17:48:06Z UpdateTip: new best=56470f7a6cb5b993ba03a53e73b5cb599689def20f57352846c972f1056ea6aa height=147 version=0x30000000 log2_work=8.209453 tx=148 date='2025-10-30T17:48:31Z' progress=1.000000 cache=0.3MiB(147txo)
2025-10-30T17:48:06Z Saw new header hash=700e00317c256898459c799b76818be568922ecc36f7271754e082b80df5c65d height=148
2025-10-30T17:48:06Z Saw new cmpctblock header hash=700e00317c256898459c799b76818be568922ecc36f7271754e082b80df5c65d peer=0
2025-10-30T17:48:06Z UpdateTip: new best=700e00317c256898459c799b76818be568922ecc36f7271754e082b80df5c65d height=148 version=0x30000000 log2_work=8.219169 tx=149 date='2025-10-30T17:48:31Z' progress=1.000000 cache=0.3MiB(148txo)
2025-10-30T17:48:06Z Saw new header hash=5d8a72e919ffee65aa0f0159bd18ed1a197bc10d292a8708f4746a92f4246f34 height=149
2025-10-30T17:48:06Z Saw new cmpctblock header hash=5d8a72e919ffee65aa0f0159bd18ed1a197bc10d292a8708f4746a92f4246f34 peer=0
2025-10-30T17:48:06Z UpdateTip: new best=5d8a72e919ffee65aa0f0159bd18ed1a197bc10d292a8708f4746a92f4246f34 height=149 version=0x30000000 log2_work=8.228819 tx=150 date='2025-10-30T17:48:31Z' progress=1.000000 cache=0.3MiB(149txo)
2025-10-30T17:48:06Z Saw new header hash=4fbc511a628a8a1fab8518285e51d77ea9499257dc3d3122116140fae5dac7f8 height=150
2025-10-30T17:48:06Z Saw new cmpctblock header hash=4fbc511a628a8a1fab8518285e51d77ea9499257dc3d3122116140fae5dac7f8 peer=0
2025-10-30T17:48:06Z UpdateTip: new best=4fbc511a628a8a1fab8518285e51d77ea9499257dc3d3122116140fae5dac7f8 height=150 version=0x30000000 log2_work=8.238405 tx=151 date='2025-10-30T17:48:31Z' progress=1.000000 cache=0.3MiB(150txo)
2025-10-30T17:48:06Z Saw new header hash=6818a1b6f65f76fe45b675a901295f31e55c131d8cfd7f9d512efa73b132102b height=151
2025-10-30T17:48:06Z Saw new cmpctblock header hash=6818a1b6f65f76fe45b675a901295f31e55c131d8cfd7f9d512efa73b132102b peer=0
2025-10-30T17:48:06Z UpdateTip: new best=6818a1b6f65f76fe45b675a901295f31e55c131d8cfd7f9d512efa73b132102b height=151 version=0x30000000 log2_work=8.247928 tx=152 date='2025-10-30T17:48:31Z' progress=1.000000 cache=0.3MiB(151txo)
2025-10-30T17:48:06Z Saw new header hash=56e3aa4603b2bbc0ddaec046387deb25a027bf1af74d6704cfb2fe14d5bc4493 height=152
2025-10-30T17:48:06Z Saw new cmpctblock header hash=56e3aa4603b2bbc0ddaec046387deb25a027bf1af74d6704cfb2fe14d5bc4493 peer=0
2025-10-30T17:48:06Z UpdateTip: new best=56e3aa4603b2bbc0ddaec046387deb25a027bf1af74d6704cfb2fe14d5bc4493 height=152 version=0x30000000 log2_work=8.257388 tx=153 date='2025-10-30T17:48:32Z' progress=1.000000 cache=0.3MiB(152txo)
2025-10-30T17:48:06Z Saw new header hash=3fa0b85f4f01badcca642b441167cc033793d896fee7b9dc3615300ddf114b3b height=153
2025-10-30T17:48:06Z Saw new cmpctblock header hash=3fa0b85f4f01badcca642b441167cc033793d896fee7b9dc3615300ddf114b3b peer=0
2025-10-30T17:48:06Z UpdateTip: new best=3fa0b85f4f01badcca642b441167cc033793d896fee7b9dc3615300ddf114b3b height=153 version=0x30000000 log2_work=8.266787 tx=154 date='2025-10-30T17:48:32Z' progress=1.000000 cache=0.3MiB(153txo)
2025-10-30T17:48:06Z Saw new header hash=14f457e45c65541668197ae9d5dafd53995d2c15810b7f6d15fcf0a94f5068b9 height=154
2025-10-30T17:48:06Z Saw new cmpctblock header hash=14f457e45c65541668197ae9d5dafd53995d2c15810b7f6d15fcf0a94f5068b9 peer=0
2025-10-30T17:48:06Z UpdateTip: new best=14f457e45c65541668197ae9d5dafd53995d2c15810b7f6d15fcf0a94f5068b9 height=154 version=0x30000000 log2_work=8.276124 tx=155 date='2025-10-30T17:48:32Z' progress=1.000000 cache=0.3MiB(154txo)
2025-10-30T17:48:06Z Saw new header hash=53383b017c1472d9e772d2f5fbb83696bbabb106eeff403ad899e59f61f28a36 height=155
2025-10-30T17:48:06Z Saw new cmpctblock header hash=53383b017c1472d9e772d2f5fbb83696bbabb106eeff403ad899e59f61f28a36 peer=0
2025-10-30T17:48:06Z UpdateTip: new best=53383b017c1472d9e772d2f5fbb83696bbabb106eeff403ad899e59f61f28a36 height=155 version=0x30000000 log2_work=8.285402 tx=156 date='2025-10-30T17:48:32Z' progress=1.000000 cache=0.3MiB(155txo)
2025-10-30T17:48:06Z Saw new header hash=619f8b7a9661ed3354fe472e1753de1499124de0c119a9a4e6dd99b373ebcf99 height=156
2025-10-30T17:48:06Z Saw new cmpctblock header hash=619f8b7a9661ed3354fe472e1753de1499124de0c119a9a4e6dd99b373ebcf99 peer=0
2025-10-30T17:48:06Z UpdateTip: new best=619f8b7a9661ed3354fe472e1753de1499124de0c119a9a4e6dd99b373ebcf99 height=156 version=0x30000000 log2_work=8.294621 tx=157 date='2025-10-30T17:48:32Z' progress=1.000000 cache=0.3MiB(156txo)
2025-10-30T17:48:06Z Saw new header hash=479d26e71d4cc60d186efd723b025de70b7cbe707306cd67cb263a43cbfcc2db height=157
2025-10-30T17:48:06Z Saw new cmpctblock header hash=479d26e71d4cc60d186efd723b025de70b7cbe707306cd67cb263a43cbfcc2db peer=0
2025-10-30T17:48:06Z UpdateTip: new best=479d26e71d4cc60d186efd723b025de70b7cbe707306cd67cb263a43cbfcc2db height=157 version=0x30000000 log2_work=8.303781 tx=158 date='2025-10-30T17:48:32Z' progress=1.000000 cache=0.3MiB(157txo)
2025-10-30T17:48:06Z Saw new header hash=34e639622400f6b7f256a86bd6994603ed9ccac46519ef6d89a962f5ee142f76 height=158
2025-10-30T17:48:06Z Saw new cmpctblock header hash=34e639622400f6b7f256a86bd6994603ed9ccac46519ef6d89a962f5ee142f76 peer=0
2025-10-30T17:48:06Z UpdateTip: new best=34e639622400f6b7f256a86bd6994603ed9ccac46519ef6d89a962f5ee142f76 height=158 version=0x30000000 log2_work=8.312883 tx=159 date='2025-10-30T17:48:33Z' progress=1.000000 cache=0.3MiB(158txo)
2025-10-30T17:48:07Z Saw new header hash=484e40e967fbf8bf90fe6b782e0869a9e0c620cfcd3227d5b89c86bdf560de78 height=159
2025-10-30T17:48:07Z Saw new cmpctblock header hash=484e40e967fbf8bf90fe6b782e0869a9e0c620cfcd3227d5b89c86bdf560de78 peer=0
2025-10-30T17:48:07Z UpdateTip: new best=484e40e967fbf8bf90fe6b782e0869a9e0c620cfcd3227d5b89c86bdf560de78 height=159 version=0x30000000 log2_work=8.321928 tx=160 date='2025-10-30T17:48:33Z' progress=1.000000 cache=0.3MiB(159txo)
2025-10-30T17:48:07Z Saw new header hash=3e59ea88f942dae700ec931971769c96fe26913581fb6f786982075a1ccdb4f5 height=160
2025-10-30T17:48:07Z Saw new cmpctblock header hash=3e59ea88f942dae700ec931971769c96fe26913581fb6f786982075a1ccdb4f5 peer=0
2025-10-30T17:48:07Z UpdateTip: new best=3e59ea88f942dae700ec931971769c96fe26913581fb6f786982075a1ccdb4f5 height=160 version=0x30000000 log2_work=8.330917 tx=161 date='2025-10-30T17:48:33Z' progress=1.000000 cache=0.3MiB(160txo)
2025-10-30T17:48:07Z Saw new header hash=68dda2ebc67deb138418250ce7092aa0e8f1064257bb633c300fde1ffa895aa6 height=161
2025-10-30T17:48:07Z Saw new cmpctblock header hash=68dda2ebc67deb138418250ce7092aa0e8f1064257bb633c300fde1ffa895aa6 peer=0
2025-10-30T17:48:07Z UpdateTip: new best=68dda2ebc67deb138418250ce7092aa0e8f1064257bb633c300fde1ffa895aa6 height=161 version=0x30000000 log2_work=8.339850 tx=162 date='2025-10-30T17:48:33Z' progress=1.000000 cache=0.3MiB(161txo)
2025-10-30T17:48:07Z Saw new header hash=6843b42f28cdf079960264935da7407bb7db3ee2dce02a8cd00e05dbd96034f0 height=162
2025-10-30T17:48:07Z Saw new cmpctblock header hash=6843b42f28cdf079960264935da7407bb7db3ee2dce02a8cd00e05dbd96034f0 peer=0
2025-10-30T17:48:07Z UpdateTip: new best=6843b42f28cdf079960264935da7407bb7db3ee2dce02a8cd00e05dbd96034f0 height=162 version=0x30000000 log2_work=8.348728 tx=163 date='2025-10-30T17:48:33Z' progress=1.000000 cache=0.3MiB(162txo)
2025-10-30T17:48:07Z Saw new header hash=02a17f23873c029aa8c1e5c44c65c5a007713f99d226b0442128c65f7393f3d1 height=163
2025-10-30T17:48:07Z Saw new cmpctblock header hash=02a17f23873c029aa8c1e5c44c65c5a007713f99d226b0442128c65f7393f3d1 peer=0
2025-10-30T17:48:07Z UpdateTip: new best=02a17f23873c029aa8c1e5c44c65c5a007713f99d226b0442128c65f7393f3d1 height=163 version=0x30000000 log2_work=8.357552 tx=164 date='2025-10-30T17:48:33Z' progress=1.000000 cache=0.3MiB(163txo)
2025-10-30T17:48:07Z Saw new header hash=70117b086d3a1b2f78d87a097bdde3c71a8ca124da6c735039d194e5b4c3a1b3 height=164
2025-10-30T17:48:07Z Saw new cmpctblock header hash=70117b086d3a1b2f78d87a097bdde3c71a8ca124da6c735039d194e5b4c3a1b3 peer=0
2025-10-30T17:48:07Z UpdateTip: new best=70117b086d3a1b2f78d87a097bdde3c71a8ca124da6c735039d194e5b4c3a1b3 height=164 version=0x30000000 log2_work=8.366322 tx=165 date='2025-10-30T17:48:34Z' progress=1.000000 cache=0.3MiB(164txo)
2025-10-30T17:48:07Z Saw new header hash=2edb26b4733d16fe66ac89e7ad254ab130b8afba22ea2bdb686bed9a0a2ce2b1 height=165
2025-10-30T17:48:07Z Saw new cmpctblock header hash=2edb26b4733d16fe66ac89e7ad254ab130b8afba22ea2bdb686bed9a0a2ce2b1 peer=0
2025-10-30T17:48:07Z UpdateTip: new best=2edb26b4733d16fe66ac89e7ad254ab130b8afba22ea2bdb686bed9a0a2ce2b1 height=165 version=0x30000000 log2_work=8.375039 tx=166 date='2025-10-30T17:48:34Z' progress=1.000000 cache=0.3MiB(165txo)
2025-10-30T17:48:07Z Saw new header hash=17d4a5044e976658a022f13be2f51780b0ab3febe5bef33298eb8e21dec57e3c height=166
2025-10-30T17:48:07Z Saw new cmpctblock header hash=17d4a5044e976658a022f13be2f51780b0ab3febe5bef33298eb8e21dec57e3c peer=0
2025-10-30T17:48:07Z UpdateTip: new best=17d4a5044e976658a022f13be2f51780b0ab3febe5bef33298eb8e21dec57e3c height=166 version=0x30000000 log2_work=8.383704 tx=167 date='2025-10-30T17:48:34Z' progress=1.000000 cache=0.3MiB(166txo)
2025-10-30T17:48:07Z Saw new header hash=363d0aab88e3da2d8eda5b5e7b467d6c253016f967d3f27447e30e7578a68bc4 height=167
2025-10-30T17:48:07Z Saw new cmpctblock header hash=363d0aab88e3da2d8eda5b5e7b467d6c253016f967d3f27447e30e7578a68bc4 peer=0
2025-10-30T17:48:07Z UpdateTip: new best=363d0aab88e3da2d8eda5b5e7b467d6c253016f967d3f27447e30e7578a68bc4 height=167 version=0x30000000 log2_work=8.392317 tx=168 date='2025-10-30T17:48:34Z' progress=1.000000 cache=0.3MiB(167txo)
2025-10-30T17:48:07Z Saw new header hash=4f56e60f5c67df22e7c3b00f7851fc82a0db7209520984bc2e3c523af09d73e2 height=168
2025-10-30T17:48:07Z Saw new cmpctblock header hash=4f56e60f5c67df22e7c3b00f7851fc82a0db7209520984bc2e3c523af09d73e2 peer=0
2025-10-30T17:48:07Z UpdateTip: new best=4f56e60f5c67df22e7c3b00f7851fc82a0db7209520984bc2e3c523af09d73e2 height=168 version=0x30000000 log2_work=8.400879 tx=169 date='2025-10-30T17:48:34Z' progress=1.000000 cache=0.3MiB(168txo)
2025-10-30T17:48:07Z Saw new header hash=21175d84a64ff1c45d9c0b88346ee1010f2665e481339bc03e85029deb5d50d6 height=169
2025-10-30T17:48:07Z Saw new cmpctblock header hash=21175d84a64ff1c45d9c0b88346ee1010f2665e481339bc03e85029deb5d50d6 peer=0
2025-10-30T17:48:07Z UpdateTip: new best=21175d84a64ff1c45d9c0b88346ee1010f2665e481339bc03e85029deb5d50d6 height=169 version=0x30000000 log2_work=8.409391 tx=170 date='2025-10-30T17:48:34Z' progress=1.000000 cache=0.3MiB(169txo)
2025-10-30T17:48:07Z Saw new header hash=4caa9bca5e7bbdd08c932dadfb9fa89e7201066dde1f724f6d9cc056969bbb08 height=170
2025-10-30T17:48:07Z Saw new cmpctblock header hash=4caa9bca5e7bbdd08c932dadfb9fa89e7201066dde1f724f6d9cc056969bbb08 peer=0
2025-10-30T17:48:07Z UpdateTip: new best=4caa9bca5e7bbdd08c932dadfb9fa89e7201066dde1f724f6d9cc056969bbb08 height=170 version=0x30000000 log2_work=8.417853 tx=171 date='2025-10-30T17:48:35Z' progress=1.000000 cache=0.3MiB(170txo)
2025-10-30T17:48:07Z Saw new header hash=45f0e44f6e2fe8f8a2faa0af5295988441aac87560cec5b733e5610e313bb3d1 height=171
2025-10-30T17:48:07Z Saw new cmpctblock header hash=45f0e44f6e2fe8f8a2faa0af5295988441aac87560cec5b733e5610e313bb3d1 peer=0
2025-10-30T17:48:07Z UpdateTip: new best=45f0e44f6e2fe8f8a2faa0af5295988441aac87560cec5b733e5610e313bb3d1 height=171 version=0x30000000 log2_work=8.426265 tx=172 date='2025-10-30T17:48:35Z' progress=1.000000 cache=0.3MiB(171txo)
2025-10-30T17:48:07Z Saw new header hash=220b2fb76b67cfb915a8cc5346a56c0d2c4b0cb8df69ac12bcfffb9533d61272 height=172
2025-10-30T17:48:07Z Saw new cmpctblock header hash=220b2fb76b67cfb915a8cc5346a56c0d2c4b0cb8df69ac12bcfffb9533d61272 peer=0
2025-10-30T17:48:07Z UpdateTip: new best=220b2fb76b67cfb915a8cc5346a56c0d2c4b0cb8df69ac12bcfffb9533d61272 height=172 version=0x30000000 log2_work=8.434628 tx=173 date='2025-10-30T17:48:35Z' progress=1.000000 cache=0.3MiB(172txo)
2025-10-30T17:48:07Z Saw new header hash=040bfedd4759900e45ecd560bb7f6ac20b5a3bd5aca24ed8f77112372e3eedc3 height=173
2025-10-30T17:48:07Z Saw new cmpctblock header hash=040bfedd4759900e45ecd560bb7f6ac20b5a3bd5aca24ed8f77112372e3eedc3 peer=0
2025-10-30T17:48:07Z UpdateTip: new best=040bfedd4759900e45ecd560bb7f6ac20b5a3bd5aca24ed8f77112372e3eedc3 height=173 version=0x30000000 log2_work=8.442943 tx=174 date='2025-10-30T17:48:35Z' progress=1.000000 cache=0.3MiB(173txo)
2025-10-30T17:48:07Z Saw new header hash=208ec5e1939c585639b3451259db08779c4b5bfea5d83d82ea2d1b71737aca23 height=174
2025-10-30T17:48:07Z Saw new cmpctblock header hash=208ec5e1939c585639b3451259db08779c4b5bfea5d83d82ea2d1b71737aca23 peer=0
2025-10-30T17:48:07Z UpdateTip: new best=208ec5e1939c585639b3451259db08779c4b5bfea5d83d82ea2d1b71737aca23 height=174 version=0x30000000 log2_work=8.451211 tx=175 date='2025-10-30T17:48:35Z' progress=1.000000 cache=0.3MiB(174txo)
2025-10-30T17:48:07Z Saw new header hash=230269ed2f200b90998e1218a23fe40657aba7129239847fee80f7bf0f16e07b height=175
2025-10-30T17:48:07Z Saw new cmpctblock header hash=230269ed2f200b90998e1218a23fe40657aba7129239847fee80f7bf0f16e07b peer=0
2025-10-30T17:48:07Z UpdateTip: new best=230269ed2f200b90998e1218a23fe40657aba7129239847fee80f7bf0f16e07b height=175 version=0x30000000 log2_work=8.459432 tx=176 date='2025-10-30T17:48:35Z' progress=1.000000 cache=0.3MiB(175txo)
2025-10-30T17:48:07Z Saw new header hash=4535926299bfb06c3d799fa79f09cab8142c70fba5d6562543ec7e2f815ec690 height=176
2025-10-30T17:48:07Z Saw new cmpctblock header hash=4535926299bfb06c3d799fa79f09cab8142c70fba5d6562543ec7e2f815ec690 peer=0
2025-10-30T17:48:07Z UpdateTip: new best=4535926299bfb06c3d799fa79f09cab8142c70fba5d6562543ec7e2f815ec690 height=176 version=0x30000000 log2_work=8.467606 tx=177 date='2025-10-30T17:48:36Z' progress=1.000000 cache=0.3MiB(176txo)
2025-10-30T17:48:07Z Saw new header hash=3c28daae618725a0e853b975efb68b79e4cd0933370dd061d9e121529b9beb9c height=177
2025-10-30T17:48:07Z Saw new cmpctblock header hash=3c28daae618725a0e853b975efb68b79e4cd0933370dd061d9e121529b9beb9c peer=0
2025-10-30T17:48:07Z UpdateTip: new best=3c28daae618725a0e853b975efb68b79e4cd0933370dd061d9e121529b9beb9c height=177 version=0x30000000 log2_work=8.475733 tx=178 date='2025-10-30T17:48:36Z' progress=1.000000 cache=0.3MiB(177txo)
2025-10-30T17:48:07Z Saw new header hash=4d7da422878538b1bccce75c9cce9946c2661162054476d98a77bafb7bed9b04 height=178
2025-10-30T17:48:07Z Saw new cmpctblock header hash=4d7da422878538b1bccce75c9cce9946c2661162054476d98a77bafb7bed9b04 peer=0
2025-10-30T17:48:07Z UpdateTip: new best=4d7da422878538b1bccce75c9cce9946c2661162054476d98a77bafb7bed9b04 height=178 version=0x30000000 log2_work=8.483816 tx=179 date='2025-10-30T17:48:36Z' progress=1.000000 cache=0.3MiB(178txo)
2025-10-30T17:48:07Z Saw new header hash=23fbafdb4c8cc406e061e48f31d1ff0aa2f0c3a4b60342e921d0b0fb632a3d94 height=179
2025-10-30T17:48:07Z Saw new cmpctblock header hash=23fbafdb4c8cc406e061e48f31d1ff0aa2f0c3a4b60342e921d0b0fb632a3d94 peer=0
2025-10-30T17:48:07Z UpdateTip: new best=23fbafdb4c8cc406e061e48f31d1ff0aa2f0c3a4b60342e921d0b0fb632a3d94 height=179 version=0x30000000 log2_work=8.491853 tx=180 date='2025-10-30T17:48:36Z' progress=1.000000 cache=0.3MiB(179txo)
2025-10-30T17:48:07Z Saw new header hash=3bbaeb7ca0abf1608a51f9c2737bb896ad0ee23dfe3a352bfb371cbbd7e21a65 height=180
2025-10-30T17:48:07Z Saw new cmpctblock header hash=3bbaeb7ca0abf1608a51f9c2737bb896ad0ee23dfe3a352bfb371cbbd7e21a65 peer=0
2025-10-30T17:48:07Z UpdateTip: new best=3bbaeb7ca0abf1608a51f9c2737bb896ad0ee23dfe3a352bfb371cbbd7e21a65 height=180 version=0x30000000 log2_work=8.499846 tx=181 date='2025-10-30T17:48:36Z' progress=1.000000 cache=0.3MiB(180txo)
2025-10-30T17:48:07Z Saw new header hash=03886c2e701f6c5b39efde2f40098caec8bf7ecf538923866d1e1c495a521e2f height=181
2025-10-30T17:48:07Z Saw new cmpctblock header hash=03886c2e701f6c5b39efde2f40098caec8bf7ecf538923866d1e1c495a521e2f peer=0
2025-10-30T17:48:07Z UpdateTip: new best=03886c2e701f6c5b39efde2f40098caec8bf7ecf538923866d1e1c495a521e2f height=181 version=0x30000000 log2_work=8.507795 tx=182 date='2025-10-30T17:48:36Z' progress=1.000000 cache=0.3MiB(181txo)
2025-10-30T17:48:07Z Saw new header hash=4056a4e5a2625611f0e3c9f88056fa25a3cf62052271f27f4acbecb0f7259656 height=182
2025-10-30T17:48:07Z Saw new cmpctblock header hash=4056a4e5a2625611f0e3c9f88056fa25a3cf62052271f27f4acbecb0f7259656 peer=0
2025-10-30T17:48:07Z UpdateTip: new best=4056a4e5a2625611f0e3c9f88056fa25a3cf62052271f27f4acbecb0f7259656 height=182 version=0x30000000 log2_work=8.515700 tx=183 date='2025-10-30T17:48:37Z' progress=1.000000 cache=0.3MiB(182txo)
2025-10-30T17:48:07Z Saw new header hash=27c643407a18587237302e8da8b4cb6d5f25274695bf80156f4a0a6eda1482ee height=183
2025-10-30T17:48:07Z Saw new cmpctblock header hash=27c643407a18587237302e8da8b4cb6d5f25274695bf80156f4a0a6eda1482ee peer=0
2025-10-30T17:48:07Z UpdateTip: new best=27c643407a18587237302e8da8b4cb6d5f25274695bf80156f4a0a6eda1482ee height=183 version=0x30000000 log2_work=8.523562 tx=184 date='2025-10-30T17:48:37Z' progress=1.000000 cache=0.3MiB(183txo)
2025-10-30T17:48:07Z Saw new header hash=08125462dbc40cd5e24a92b22c1c285267528f1a437ce41b546b445677f99d13 height=184
2025-10-30T17:48:07Z Saw new cmpctblock header hash=08125462dbc40cd5e24a92b22c1c285267528f1a437ce41b546b445677f99d13 peer=0
2025-10-30T17:48:07Z UpdateTip: new best=08125462dbc40cd5e24a92b22c1c285267528f1a437ce41b546b445677f99d13 height=184 version=0x30000000 log2_work=8.531381 tx=185 date='2025-10-30T17:48:37Z' progress=1.000000 cache=0.3MiB(184txo)
2025-10-30T17:48:07Z Saw new header hash=0af1c44d006937476e7f4fcdb0cb4b71f0397972fd5de9bfa4e1a432cc81f67c height=185
2025-10-30T17:48:07Z Saw new cmpctblock header hash=0af1c44d006937476e7f4fcdb0cb4b71f0397972fd5de9bfa4e1a432cc81f67c peer=0
2025-10-30T17:48:07Z UpdateTip: new best=0af1c44d006937476e7f4fcdb0cb4b71f0397972fd5de9bfa4e1a432cc81f67c height=185 version=0x30000000 log2_work=8.539159 tx=186 date='2025-10-30T17:48:37Z' progress=1.000000 cache=0.3MiB(185txo)
2025-10-30T17:48:07Z Saw new header hash=55eb3e15d326ba8bbb471aa0532a4eea22007e1829a08f95324b1d0663af39f3 height=186
2025-10-30T17:48:07Z Saw new cmpctblock header hash=55eb3e15d326ba8bbb471aa0532a4eea22007e1829a08f95324b1d0663af39f3 peer=0
2025-10-30T17:48:07Z UpdateTip: new best=55eb3e15d326ba8bbb471aa0532a4eea22007e1829a08f95324b1d0663af39f3 height=186 version=0x30000000 log2_work=8.546894 tx=187 date='2025-10-30T17:48:37Z' progress=1.000000 cache=0.3MiB(186txo)
2025-10-30T17:48:07Z Saw new header hash=3670946872524dddef029d9a6b6d0b01e8a1aaf168b835813b2a3e866c460d07 height=187
2025-10-30T17:48:07Z Saw new cmpctblock header hash=3670946872524dddef029d9a6b6d0b01e8a1aaf168b835813b2a3e866c460d07 peer=0
2025-10-30T17:48:07Z UpdateTip: new best=3670946872524dddef029d9a6b6d0b01e8a1aaf168b835813b2a3e866c460d07 height=187 version=0x30000000 log2_work=8.554589 tx=188 date='2025-10-30T17:48:37Z' progress=1.000000 cache=0.3MiB(187txo)
2025-10-30T17:48:07Z Saw new header hash=343a9e21852d1c9932d48c2f53de20b6f6c4803c81390b4be62880ab7e4122eb height=188
2025-10-30T17:48:07Z Saw new cmpctblock header hash=343a9e21852d1c9932d48c2f53de20b6f6c4803c81390b4be62880ab7e4122eb peer=0
2025-10-30T17:48:07Z UpdateTip: new best=343a9e21852d1c9932d48c2f53de20b6f6c4803c81390b4be62880ab7e4122eb height=188 version=0x30000000 log2_work=8.562242 tx=189 date='2025-10-30T17:48:38Z' progress=1.000000 cache=0.3MiB(188txo)
2025-10-30T17:48:07Z Saw new header hash=730612478cd534b6cccdd765656dc15d9aca3fdd1063851375f2f71a7d10f826 height=189
2025-10-30T17:48:07Z Saw new cmpctblock header hash=730612478cd534b6cccdd765656dc15d9aca3fdd1063851375f2f71a7d10f826 peer=0
2025-10-30T17:48:07Z UpdateTip: new best=730612478cd534b6cccdd765656dc15d9aca3fdd1063851375f2f71a7d10f826 height=189 version=0x30000000 log2_work=8.569856 tx=190 date='2025-10-30T17:48:38Z' progress=1.000000 cache=0.3MiB(189txo)
2025-10-30T17:48:07Z Saw new header hash=5d6c05af80e62286418bfb2fdc11f5210f36c5d2214c703d4964cfbbfd98107b height=190
2025-10-30T17:48:07Z Saw new cmpctblock header hash=5d6c05af80e62286418bfb2fdc11f5210f36c5d2214c703d4964cfbbfd98107b peer=0
2025-10-30T17:48:07Z UpdateTip: new best=5d6c05af80e62286418bfb2fdc11f5210f36c5d2214c703d4964cfbbfd98107b height=190 version=0x30000000 log2_work=8.577429 tx=191 date='2025-10-30T17:48:38Z' progress=1.000000 cache=0.3MiB(190txo)
2025-10-30T17:48:07Z Saw new header hash=266db9bfa7b24fcc53f289b283aca575a65ca705cf49b7776a47c30f2f9374cc height=191
2025-10-30T17:48:07Z Saw new cmpctblock header hash=266db9bfa7b24fcc53f289b283aca575a65ca705cf49b7776a47c30f2f9374cc peer=0
2025-10-30T17:48:07Z UpdateTip: new best=266db9bfa7b24fcc53f289b283aca575a65ca705cf49b7776a47c30f2f9374cc height=191 version=0x30000000 log2_work=8.584963 tx=192 date='2025-10-30T17:48:38Z' progress=1.000000 cache=0.3MiB(191txo)
2025-10-30T17:48:07Z Saw new header hash=07b94884060b51d73c4a3ac2d13addb71ad923946e2110f76b53f4e3b2925005 height=192
2025-10-30T17:48:07Z Saw new cmpctblock header hash=07b94884060b51d73c4a3ac2d13addb71ad923946e2110f76b53f4e3b2925005 peer=0
2025-10-30T17:48:07Z UpdateTip: new best=07b94884060b51d73c4a3ac2d13addb71ad923946e2110f76b53f4e3b2925005 height=192 version=0x30000000 log2_work=8.592457 tx=193 date='2025-10-30T17:48:38Z' progress=1.000000 cache=0.3MiB(192txo)
2025-10-30T17:48:07Z Saw new header hash=5e846c19e0b419865fffd3d6a80718af6e4031c88db4882533b677bdcc29103a height=193
2025-10-30T17:48:07Z Saw new cmpctblock header hash=5e846c19e0b419865fffd3d6a80718af6e4031c88db4882533b677bdcc29103a peer=0
2025-10-30T17:48:07Z UpdateTip: new best=5e846c19e0b419865fffd3d6a80718af6e4031c88db4882533b677bdcc29103a height=193 version=0x30000000 log2_work=8.599913 tx=194 date='2025-10-30T17:48:38Z' progress=1.000000 cache=0.3MiB(193txo)
2025-10-30T17:48:07Z Saw new header hash=14d1a737e4cef0c187069658fb7092b6db21b8bb64fe4addab40671156f3932d height=194
2025-10-30T17:48:07Z Saw new cmpctblock header hash=14d1a737e4cef0c187069658fb7092b6db21b8bb64fe4addab40671156f3932d peer=0
2025-10-30T17:48:07Z UpdateTip: new best=14d1a737e4cef0c187069658fb7092b6db21b8bb64fe4addab40671156f3932d height=194 version=0x30000000 log2_work=8.607330 tx=195 date='2025-10-30T17:48:39Z' progress=1.000000 cache=0.3MiB(194txo)
2025-10-30T17:48:07Z Saw new header hash=3fd5d08f5243010e2f9480a54b6c12712575438d83c55edf719a704371e2ebda height=195
2025-10-30T17:48:07Z Saw new cmpctblock header hash=3fd5d08f5243010e2f9480a54b6c12712575438d83c55edf719a704371e2ebda peer=0
2025-10-30T17:48:07Z UpdateTip: new best=3fd5d08f5243010e2f9480a54b6c12712575438d83c55edf719a704371e2ebda height=195 version=0x30000000 log2_work=8.614710 tx=196 date='2025-10-30T17:48:39Z' progress=1.000000 cache=0.3MiB(195txo)
2025-10-30T17:48:07Z Saw new header hash=41d2b47ea956eea3d911e782efebfd2930cfa02b2a696382316def6a1235c596 height=196
2025-10-30T17:48:07Z Saw new cmpctblock header hash=41d2b47ea956eea3d911e782efebfd2930cfa02b2a696382316def6a1235c596 peer=0
2025-10-30T17:48:07Z UpdateTip: new best=41d2b47ea956eea3d911e782efebfd2930cfa02b2a696382316def6a1235c596 height=196 version=0x30000000 log2_work=8.622052 tx=197 date='2025-10-30T17:48:39Z' progress=1.000000 cache=0.3MiB(196txo)
2025-10-30T17:48:07Z Saw new header hash=7b6b543db5174829049d3e1e8a1d08d16bbc58e39b458ebea27df39c2f0d7262 height=197
2025-10-30T17:48:07Z Saw new cmpctblock header hash=7b6b543db5174829049d3e1e8a1d08d16bbc58e39b458ebea27df39c2f0d7262 peer=0
2025-10-30T17:48:07Z UpdateTip: new best=7b6b543db5174829049d3e1e8a1d08d16bbc58e39b458ebea27df39c2f0d7262 height=197 version=0x30000000 log2_work=8.629357 tx=198 date='2025-10-30T17:48:39Z' progress=1.000000 cache=0.3MiB(197txo)
2025-10-30T17:48:07Z Saw new header hash=2f8f9158a1efba495a7ceeb9121cb2ec87ef3928b03cbfad6ec902a5167c2a94 height=198
2025-10-30T17:48:07Z Saw new cmpctblock header hash=2f8f9158a1efba495a7ceeb9121cb2ec87ef3928b03cbfad6ec902a5167c2a94 peer=0
2025-10-30T17:48:07Z UpdateTip: new best=2f8f9158a1efba495a7ceeb9121cb2ec87ef3928b03cbfad6ec902a5167c2a94 height=198 version=0x30000000 log2_work=8.636625 tx=199 date='2025-10-30T17:48:39Z' progress=1.000000 cache=0.3MiB(198txo)
2025-10-30T17:48:07Z Saw new header hash=73eec0b9f3f2fc246b099062d2bfc363f106d1a7d240419a739a39111675eaa4 height=199
2025-10-30T17:48:07Z Saw new cmpctblock header hash=73eec0b9f3f2fc246b099062d2bfc363f106d1a7d240419a739a39111675eaa4 peer=0
2025-10-30T17:48:07Z UpdateTip: new best=73eec0b9f3f2fc246b099062d2bfc363f106d1a7d240419a739a39111675eaa4 height=199 version=0x30000000 log2_work=8.643856 tx=200 date='2025-10-30T17:48:39Z' progress=1.000000 cache=0.3MiB(199txo)
2025-10-30T17:48:07Z Saw new header hash=6fab4a9960a159aa7210eae29e414f26bbff40c8418043773ae4c4703c22d327 height=200
2025-10-30T17:48:07Z Saw new cmpctblock header hash=6fab4a9960a159aa7210eae29e414f26bbff40c8418043773ae4c4703c22d327 peer=0
2025-10-30T17:48:07Z UpdateTip: new best=6fab4a9960a159aa7210eae29e414f26bbff40c8418043773ae4c4703c22d327 height=200 version=0x30000000 log2_work=8.651052 tx=201 date='2025-10-30T17:48:40Z' progress=1.000000 cache=0.3MiB(200txo)
2025-10-30T17:48:07Z Saw new header hash=446cd3837a37377a586e156669c3aab9bec2a0b3b57dcbf317b611bb50e16e38 height=201
2025-10-30T17:48:07Z Saw new cmpctblock header hash=446cd3837a37377a586e156669c3aab9bec2a0b3b57dcbf317b611bb50e16e38 peer=0
2025-10-30T17:48:07Z UpdateTip: new best=446cd3837a37377a586e156669c3aab9bec2a0b3b57dcbf317b611bb50e16e38 height=201 version=0x30000000 log2_work=8.658211 tx=202 date='2025-10-30T17:48:40Z' progress=1.000000 cache=0.3MiB(201txo)
2025-10-30T17:48:07Z Saw new header hash=0b6d566161287fe0e3cd037890c4b97003b821e0cad5475372465dfd9ff23428 height=202
2025-10-30T17:48:07Z Saw new cmpctblock header hash=0b6d566161287fe0e3cd037890c4b97003b821e0cad5475372465dfd9ff23428 peer=0
2025-10-30T17:48:07Z UpdateTip: new best=0b6d566161287fe0e3cd037890c4b97003b821e0cad5475372465dfd9ff23428 height=202 version=0x30000000 log2_work=8.665336 tx=203 date='2025-10-30T17:48:40Z' progress=1.000000 cache=0.3MiB(202txo)
2025-10-30T17:48:07Z Saw new header hash=2476de3bd1a2fe32d010afeb23ef4e86b456acc2f160b045bba3ad4f8d4fd2fb height=203
2025-10-30T17:48:07Z Saw new cmpctblock header hash=2476de3bd1a2fe32d010afeb23ef4e86b456acc2f160b045bba3ad4f8d4fd2fb peer=0
2025-10-30T17:48:07Z UpdateTip: new best=2476de3bd1a2fe32d010afeb23ef4e86b456acc2f160b045bba3ad4f8d4fd2fb height=203 version=0x30000000 log2_work=8.672425 tx=204 date='2025-10-30T17:48:40Z' progress=1.000000 cache=0.3MiB(203txo)
2025-10-30T17:48:07Z Saw new header hash=4948a37a1b6241960d648099d3a7e819da24191782f9a4e03706cc05f6d78b01 height=204
2025-10-30T17:48:07Z Saw new cmpctblock header hash=4948a37a1b6241960d648099d3a7e819da24191782f9a4e03706cc05f6d78b01 peer=0
2025-10-30T17:48:07Z UpdateTip: new best=4948a37a1b6241960d648099d3a7e819da24191782f9a4e03706cc05f6d78b01 height=204 version=0x30000000 log2_work=8.679480 tx=205 date='2025-10-30T17:48:40Z' progress=1.000000 cache=0.3MiB(204txo)
2025-10-30T17:48:07Z Saw new header hash=1a981012da92377a806bee5ba37fdd93213379b0b8b673d6c6f1dc6c3caf118a height=205
2025-10-30T17:48:07Z Saw new cmpctblock header hash=1a981012da92377a806bee5ba37fdd93213379b0b8b673d6c6f1dc6c3caf118a peer=0
2025-10-30T17:48:07Z UpdateTip: new best=1a981012da92377a806bee5ba37fdd93213379b0b8b673d6c6f1dc6c3caf118a height=205 version=0x30000000 log2_work=8.686501 tx=206 date='2025-10-30T17:48:40Z' progress=1.000000 cache=0.3MiB(205txo)
2025-10-30T17:48:07Z Saw new header hash=5125bba00a38d5dbff912cf0dca8bff7cd6adc1f3f0b35631e15f8c88712e282 height=206
2025-10-30T17:48:07Z Saw new cmpctblock header hash=5125bba00a38d5dbff912cf0dca8bff7cd6adc1f3f0b35631e15f8c88712e282 peer=0
2025-10-30T17:48:07Z UpdateTip: new best=5125bba00a38d5dbff912cf0dca8bff7cd6adc1f3f0b35631e15f8c88712e282 height=206 version=0x30000000 log2_work=8.693487 tx=207 date='2025-10-30T17:48:41Z' progress=1.000000 cache=0.3MiB(206txo)
2025-10-30T17:48:07Z Saw new header hash=333809e7a9ffad028b8bea70b55d9f8e14f20af839400610132ce959b7b99e0c height=207
2025-10-30T17:48:07Z Saw new cmpctblock header hash=333809e7a9ffad028b8bea70b55d9f8e14f20af839400610132ce959b7b99e0c peer=0
2025-10-30T17:48:07Z UpdateTip: new best=333809e7a9ffad028b8bea70b55d9f8e14f20af839400610132ce959b7b99e0c height=207 version=0x30000000 log2_work=8.700440 tx=208 date='2025-10-30T17:48:41Z' progress=1.000000 cache=0.3MiB(207txo)
2025-10-30T17:48:07Z Saw new header hash=42989daecdef9897e1a30e8aa12472f2fab1554b0a31208937e33118ab4950fb height=208
2025-10-30T17:48:07Z Saw new cmpctblock header hash=42989daecdef9897e1a30e8aa12472f2fab1554b0a31208937e33118ab4950fb peer=0
2025-10-30T17:48:07Z UpdateTip: new best=42989daecdef9897e1a30e8aa12472f2fab1554b0a31208937e33118ab4950fb height=208 version=0x30000000 log2_work=8.707359 tx=209 date='2025-10-30T17:48:41Z' progress=1.000000 cache=0.3MiB(208txo)
2025-10-30T17:48:07Z Saw new header hash=03414805a653dccf2a2ee69c8d8054aa8d1dc8ca00320d908ea52bf77e9a89a4 height=209
2025-10-30T17:48:07Z Saw new cmpctblock header hash=03414805a653dccf2a2ee69c8d8054aa8d1dc8ca00320d908ea52bf77e9a89a4 peer=0
2025-10-30T17:48:07Z UpdateTip: new best=03414805a653dccf2a2ee69c8d8054aa8d1dc8ca00320d908ea52bf77e9a89a4 height=209 version=0x30000000 log2_work=8.714246 tx=210 date='2025-10-30T17:48:41Z' progress=1.000000 cache=0.3MiB(209txo)
2025-10-30T17:48:07Z Saw new header hash=267932362a82fbd6513505a4b71ed0766d8cb1fa91ce3062f22836e4ad08a5ea height=210
2025-10-30T17:48:07Z Saw new cmpctblock header hash=267932362a82fbd6513505a4b71ed0766d8cb1fa91ce3062f22836e4ad08a5ea peer=0
2025-10-30T17:48:07Z UpdateTip: new best=267932362a82fbd6513505a4b71ed0766d8cb1fa91ce3062f22836e4ad08a5ea height=210 version=0x30000000 log2_work=8.721099 tx=211 date='2025-10-30T17:48:41Z' progress=1.000000 cache=0.3MiB(210txo)
2025-10-30T17:48:07Z Saw new header hash=2066bf302adb87a124566be30af4718f30ea9e9fa8298efa059c4fe4cb718853 height=211
2025-10-30T17:48:07Z Saw new cmpctblock header hash=2066bf302adb87a124566be30af4718f30ea9e9fa8298efa059c4fe4cb718853 peer=0
2025-10-30T17:48:07Z UpdateTip: new best=2066bf302adb87a124566be30af4718f30ea9e9fa8298efa059c4fe4cb718853 height=211 version=0x30000000 log2_work=8.727920 tx=212 date='2025-10-30T17:48:41Z' progress=1.000000 cache=0.3MiB(211txo)
2025-10-30T17:48:07Z Saw new header hash=0ab346215564e4e64bb053c69c11edcb1edb107ed56dc6feb6ab4de097d9ada5 height=212
2025-10-30T17:48:07Z Saw new cmpctblock header hash=0ab346215564e4e64bb053c69c11edcb1edb107ed56dc6feb6ab4de097d9ada5 peer=0
2025-10-30T17:48:07Z UpdateTip: new best=0ab346215564e4e64bb053c69c11edcb1edb107ed56dc6feb6ab4de097d9ada5 height=212 version=0x30000000 log2_work=8.734710 tx=213 date='2025-10-30T17:48:42Z' progress=1.000000 cache=0.3MiB(212txo)
2025-10-30T17:48:07Z Saw new header hash=6127412295aeb725dfa893b6258983d97d3d69c0977cff6056f14a67bb16a4d7 height=213
2025-10-30T17:48:07Z Saw new cmpctblock header hash=6127412295aeb725dfa893b6258983d97d3d69c0977cff6056f14a67bb16a4d7 peer=0
2025-10-30T17:48:07Z UpdateTip: new best=6127412295aeb725dfa893b6258983d97d3d69c0977cff6056f14a67bb16a4d7 height=213 version=0x30000000 log2_work=8.741467 tx=214 date='2025-10-30T17:48:42Z' progress=1.000000 cache=0.3MiB(213txo)
2025-10-30T17:48:07Z Saw new header hash=124dc0c53d8f7797890e52e8fbaa11b5a6c602fd494ea2e66625bf381942189b height=214
2025-10-30T17:48:07Z Saw new cmpctblock header hash=124dc0c53d8f7797890e52e8fbaa11b5a6c602fd494ea2e66625bf381942189b peer=0
2025-10-30T17:48:07Z UpdateTip: new best=124dc0c53d8f7797890e52e8fbaa11b5a6c602fd494ea2e66625bf381942189b height=214 version=0x30000000 log2_work=8.748193 tx=215 date='2025-10-30T17:48:42Z' progress=1.000000 cache=0.3MiB(214txo)
2025-10-30T17:48:07Z Saw new header hash=38f8e8ea7e887b958d73a1fc8052129babcd6c4afe91f5ff86b0a9631c3a7f52 height=215
2025-10-30T17:48:07Z Saw new cmpctblock header hash=38f8e8ea7e887b958d73a1fc8052129babcd6c4afe91f5ff86b0a9631c3a7f52 peer=0
2025-10-30T17:48:07Z UpdateTip: new best=38f8e8ea7e887b958d73a1fc8052129babcd6c4afe91f5ff86b0a9631c3a7f52 height=215 version=0x30000000 log2_work=8.754888 tx=216 date='2025-10-30T17:48:42Z' progress=1.000000 cache=0.3MiB(215txo)
2025-10-30T17:48:07Z Saw new header hash=32278265d1e661a941a11508d1ef632ffeda13cb8125a4f53f9655ff46883503 height=216
2025-10-30T17:48:07Z Saw new cmpctblock header hash=32278265d1e661a941a11508d1ef632ffeda13cb8125a4f53f9655ff46883503 peer=0
2025-10-30T17:48:07Z UpdateTip: new best=32278265d1e661a941a11508d1ef632ffeda13cb8125a4f53f9655ff46883503 height=216 version=0x30000000 log2_work=8.761551 tx=217 date='2025-10-30T17:48:42Z' progress=1.000000 cache=0.3MiB(216txo)
2025-10-30T17:48:07Z Saw new header hash=7e7dd58467f015998491d13ad0ee42ec1ce197fe1a9d5c3e797e1d1ea52a19a8 height=217
2025-10-30T17:48:07Z Saw new cmpctblock header hash=7e7dd58467f015998491d13ad0ee42ec1ce197fe1a9d5c3e797e1d1ea52a19a8 peer=0
2025-10-30T17:48:07Z UpdateTip: new best=7e7dd58467f015998491d13ad0ee42ec1ce197fe1a9d5c3e797e1d1ea52a19a8 height=217 version=0x30000000 log2_work=8.768184 tx=218 date='2025-10-30T17:48:42Z' progress=1.000000 cache=0.3MiB(217txo)
2025-10-30T17:48:07Z Saw new header hash=0f8dcc4d6041d30002e933ccf04c20b314e907883417c49733e023d107d54eaf height=218
2025-10-30T17:48:07Z Saw new cmpctblock header hash=0f8dcc4d6041d30002e933ccf04c20b314e907883417c49733e023d107d54eaf peer=0
2025-10-30T17:48:07Z UpdateTip: new best=0f8dcc4d6041d30002e933ccf04c20b314e907883417c49733e023d107d54eaf height=218 version=0x30000000 log2_work=8.774787 tx=219 date='2025-10-30T17:48:43Z' progress=1.000000 cache=0.3MiB(218txo)
2025-10-30T17:48:07Z Saw new header hash=50b5fd2e0dd25938ecbc2d0cb3eafa78dbcf5c698fe48acf3d18781abb0dfea7 height=219
2025-10-30T17:48:07Z Saw new cmpctblock header hash=50b5fd2e0dd25938ecbc2d0cb3eafa78dbcf5c698fe48acf3d18781abb0dfea7 peer=0
2025-10-30T17:48:07Z UpdateTip: new best=50b5fd2e0dd25938ecbc2d0cb3eafa78dbcf5c698fe48acf3d18781abb0dfea7 height=219 version=0x30000000 log2_work=8.781360 tx=220 date='2025-10-30T17:48:43Z' progress=1.000000 cache=0.3MiB(219txo)
2025-10-30T17:48:07Z Saw new header hash=3d3d98bda256ce3bf4f017f00b4575c5a1e0a80931c5209ef3b4a770ef5b5494 height=220
2025-10-30T17:48:07Z Saw new cmpctblock header hash=3d3d98bda256ce3bf4f017f00b4575c5a1e0a80931c5209ef3b4a770ef5b5494 peer=0
2025-10-30T17:48:07Z UpdateTip: new best=3d3d98bda256ce3bf4f017f00b4575c5a1e0a80931c5209ef3b4a770ef5b5494 height=220 version=0x30000000 log2_work=8.787903 tx=221 date='2025-10-30T17:48:43Z' progress=1.000000 cache=0.3MiB(220txo)
2025-10-30T17:48:07Z Saw new header hash=38cca0b00ec7e96efbbd7f6945b697d0a7a8d5c136f55805d4153913ee0034d6 height=221
2025-10-30T17:48:07Z Saw new cmpctblock header hash=38cca0b00ec7e96efbbd7f6945b697d0a7a8d5c136f55805d4153913ee0034d6 peer=0
2025-10-30T17:48:07Z UpdateTip: new best=38cca0b00ec7e96efbbd7f6945b697d0a7a8d5c136f55805d4153913ee0034d6 height=221 version=0x30000000 log2_work=8.794416 tx=222 date='2025-10-30T17:48:43Z' progress=1.000000 cache=0.3MiB(221txo)
2025-10-30T17:48:07Z Saw new header hash=6b6e83113d7dad358b0cc7afe4131c1a0e840f5b5f80b3d0ff427f1929199105 height=222
2025-10-30T17:48:07Z Saw new cmpctblock header hash=6b6e83113d7dad358b0cc7afe4131c1a0e840f5b5f80b3d0ff427f1929199105 peer=0
2025-10-30T17:48:07Z UpdateTip: new best=6b6e83113d7dad358b0cc7afe4131c1a0e840f5b5f80b3d0ff427f1929199105 height=222 version=0x30000000 log2_work=8.800900 tx=223 date='2025-10-30T17:48:43Z' progress=1.000000 cache=0.3MiB(222txo)
2025-10-30T17:48:07Z Saw new header hash=2d34cae64764859213e84c1a9c110d8497455438c265c2cd2047eee7b1ba362e height=223
2025-10-30T17:48:07Z Saw new cmpctblock header hash=2d34cae64764859213e84c1a9c110d8497455438c265c2cd2047eee7b1ba362e peer=0
2025-10-30T17:48:07Z UpdateTip: new best=2d34cae64764859213e84c1a9c110d8497455438c265c2cd2047eee7b1ba362e height=223 version=0x30000000 log2_work=8.807355 tx=224 date='2025-10-30T17:48:43Z' progress=1.000000 cache=0.3MiB(223txo)
2025-10-30T17:48:07Z Saw new header hash=6c22325e7e90ffdfb20c760d500cbd47f209a142540d268d947d0af06ab9bc59 height=224
2025-10-30T17:48:07Z Saw new cmpctblock header hash=6c22325e7e90ffdfb20c760d500cbd47f209a142540d268d947d0af06ab9bc59 peer=0
2025-10-30T17:48:07Z UpdateTip: new best=6c22325e7e90ffdfb20c760d500cbd47f209a142540d268d947d0af06ab9bc59 height=224 version=0x30000000 log2_work=8.813781 tx=225 date='2025-10-30T17:48:44Z' progress=1.000000 cache=0.3MiB(224txo)
2025-10-30T17:48:07Z Saw new header hash=0b5407d55e5654ffa8084edb7ce12d95064feee8966976349b10e8a9afbcbecd height=225
2025-10-30T17:48:07Z Saw new cmpctblock header hash=0b5407d55e5654ffa8084edb7ce12d95064feee8966976349b10e8a9afbcbecd peer=0
2025-10-30T17:48:07Z UpdateTip: new best=0b5407d55e5654ffa8084edb7ce12d95064feee8966976349b10e8a9afbcbecd height=225 version=0x30000000 log2_work=8.820179 tx=226 date='2025-10-30T17:48:44Z' progress=1.000000 cache=0.3MiB(225txo)
2025-10-30T17:48:07Z Saw new header hash=70eda283edc0c85971e8a2d85db330f6158206d2ce71b27baf456877e5582e65 height=226
2025-10-30T17:48:07Z Saw new cmpctblock header hash=70eda283edc0c85971e8a2d85db330f6158206d2ce71b27baf456877e5582e65 peer=0
2025-10-30T17:48:07Z UpdateTip: new best=70eda283edc0c85971e8a2d85db330f6158206d2ce71b27baf456877e5582e65 height=226 version=0x30000000 log2_work=8.826548 tx=227 date='2025-10-30T17:48:44Z' progress=1.000000 cache=0.3MiB(226txo)
2025-10-30T17:48:07Z Saw new header hash=39235b9812b44bcc329b823303db0ebf8ca3a2c5f701406b9a499ca7fb843651 height=227
2025-10-30T17:48:07Z Saw new cmpctblock header hash=39235b9812b44bcc329b823303db0ebf8ca3a2c5f701406b9a499ca7fb843651 peer=0
2025-10-30T17:48:07Z UpdateTip: new best=39235b9812b44bcc329b823303db0ebf8ca3a2c5f701406b9a499ca7fb843651 height=227 version=0x30000000 log2_work=8.832890 tx=228 date='2025-10-30T17:48:44Z' progress=1.000000 cache=0.3MiB(227txo)
2025-10-30T17:48:07Z Saw new header hash=167c172b2d68b49d830523896b09d951f36ea211812db7536417f8daac5073ba height=228
2025-10-30T17:48:07Z Saw new cmpctblock header hash=167c172b2d68b49d830523896b09d951f36ea211812db7536417f8daac5073ba peer=0
2025-10-30T17:48:07Z UpdateTip: new best=167c172b2d68b49d830523896b09d951f36ea211812db7536417f8daac5073ba height=228 version=0x30000000 log2_work=8.839204 tx=229 date='2025-10-30T17:48:44Z' progress=1.000000 cache=0.3MiB(228txo)
2025-10-30T17:48:07Z Saw new header hash=02f668c072ca638fa9236e9af449f09f2f980cdb00990de2ccf900e4c4d5e27b height=229
2025-10-30T17:48:07Z Saw new cmpctblock header hash=02f668c072ca638fa9236e9af449f09f2f980cdb00990de2ccf900e4c4d5e27b peer=0
2025-10-30T17:48:07Z UpdateTip: new best=02f668c072ca638fa9236e9af449f09f2f980cdb00990de2ccf900e4c4d5e27b height=229 version=0x30000000 log2_work=8.845490 tx=230 date='2025-10-30T17:48:44Z' progress=1.000000 cache=0.3MiB(229txo)
2025-10-30T17:48:07Z Saw new header hash=5edc2ee79c4098ef448baa389b61107f3580189370dc2f935b4b52fcdd3c53f9 height=230
2025-10-30T17:48:07Z Saw new cmpctblock header hash=5edc2ee79c4098ef448baa389b61107f3580189370dc2f935b4b52fcdd3c53f9 peer=0
2025-10-30T17:48:07Z UpdateTip: new best=5edc2ee79c4098ef448baa389b61107f3580189370dc2f935b4b52fcdd3c53f9 height=230 version=0x30000000 log2_work=8.851749 tx=231 date='2025-10-30T17:48:45Z' progress=1.000000 cache=0.3MiB(230txo)
2025-10-30T17:48:07Z Saw new header hash=246bef92f4a36c71f81ccacfae5eb055cd691b827849a4c7c04df40cdcf5bffc height=231
2025-10-30T17:48:07Z Saw new cmpctblock header hash=246bef92f4a36c71f81ccacfae5eb055cd691b827849a4c7c04df40cdcf5bffc peer=0
2025-10-30T17:48:07Z UpdateTip: new best=246bef92f4a36c71f81ccacfae5eb055cd691b827849a4c7c04df40cdcf5bffc height=231 version=0x30000000 log2_work=8.857981 tx=232 date='2025-10-30T17:48:45Z' progress=1.000000 cache=0.3MiB(231txo)
2025-10-30T17:48:07Z Saw new header hash=1d473dc73d8cdaafd4f43d11ecb4396424a78d348a43facc51b1e1982dde3800 height=232
2025-10-30T17:48:07Z Saw new cmpctblock header hash=1d473dc73d8cdaafd4f43d11ecb4396424a78d348a43facc51b1e1982dde3800 peer=0
2025-10-30T17:48:07Z UpdateTip: new best=1d473dc73d8cdaafd4f43d11ecb4396424a78d348a43facc51b1e1982dde3800 height=232 version=0x30000000 log2_work=8.864186 tx=233 date='2025-10-30T17:48:45Z' progress=1.000000 cache=0.3MiB(232txo)
2025-10-30T17:48:07Z Saw new header hash=7a8e828892c8d81bfd7cf290ad51031c7a61477588f92021171f9cab98f8c3f3 height=233
2025-10-30T17:48:07Z Saw new cmpctblock header hash=7a8e828892c8d81bfd7cf290ad51031c7a61477588f92021171f9cab98f8c3f3 peer=0
2025-10-30T17:48:07Z UpdateTip: new best=7a8e828892c8d81bfd7cf290ad51031c7a61477588f92021171f9cab98f8c3f3 height=233 version=0x30000000 log2_work=8.870365 tx=234 date='2025-10-30T17:48:45Z' progress=1.000000 cache=0.3MiB(233txo)
2025-10-30T17:48:07Z Saw new header hash=1c571d278e64ccd01fdb05bf41cc6ca163004930cab8686d8a3a33991a449c7b height=234
2025-10-30T17:48:07Z Saw new cmpctblock header hash=1c571d278e64ccd01fdb05bf41cc6ca163004930cab8686d8a3a33991a449c7b peer=0
2025-10-30T17:48:07Z UpdateTip: new best=1c571d278e64ccd01fdb05bf41cc6ca163004930cab8686d8a3a33991a449c7b height=234 version=0x30000000 log2_work=8.876517 tx=235 date='2025-10-30T17:48:45Z' progress=1.000000 cache=0.3MiB(234txo)
2025-10-30T17:48:07Z Saw new header hash=427f0712fddb00c6d89ab9867dabcb357cd8e67f66b6e8e0d569c3311902d70a height=235
2025-10-30T17:48:07Z Saw new cmpctblock header hash=427f0712fddb00c6d89ab9867dabcb357cd8e67f66b6e8e0d569c3311902d70a peer=0
2025-10-30T17:48:07Z UpdateTip: new best=427f0712fddb00c6d89ab9867dabcb357cd8e67f66b6e8e0d569c3311902d70a height=235 version=0x30000000 log2_work=8.882643 tx=236 date='2025-10-30T17:48:45Z' progress=1.000000 cache=0.3MiB(235txo)
2025-10-30T17:48:07Z Saw new header hash=09dd8e15fa32cd1896ddf550e5e398285f5b8decd09f99eede34f24ff9a5ca3e height=236
2025-10-30T17:48:07Z Saw new cmpctblock header hash=09dd8e15fa32cd1896ddf550e5e398285f5b8decd09f99eede34f24ff9a5ca3e peer=0
2025-10-30T17:48:07Z UpdateTip: new best=09dd8e15fa32cd1896ddf550e5e398285f5b8decd09f99eede34f24ff9a5ca3e height=236 version=0x30000000 log2_work=8.888743 tx=237 date='2025-10-30T17:48:46Z' progress=1.000000 cache=0.3MiB(236txo)
2025-10-30T17:48:07Z Saw new header hash=3047f039f8136254fbce9d64c7013b6113652b66a043f3c032a3d297dadf403a height=237
2025-10-30T17:48:07Z Saw new cmpctblock header hash=3047f039f8136254fbce9d64c7013b6113652b66a043f3c032a3d297dadf403a peer=0
2025-10-30T17:48:07Z UpdateTip: new best=3047f039f8136254fbce9d64c7013b6113652b66a043f3c032a3d297dadf403a height=237 version=0x30000000 log2_work=8.894818 tx=238 date='2025-10-30T17:48:46Z' progress=1.000000 cache=0.3MiB(237txo)
2025-10-30T17:48:07Z Saw new header hash=7f7621a23ce918d00eb4c8f36d13c7cf41c6760f14c77f27cd33fed3f96174bb height=238
2025-10-30T17:48:07Z Saw new cmpctblock header hash=7f7621a23ce918d00eb4c8f36d13c7cf41c6760f14c77f27cd33fed3f96174bb peer=0
2025-10-30T17:48:07Z UpdateTip: new best=7f7621a23ce918d00eb4c8f36d13c7cf41c6760f14c77f27cd33fed3f96174bb height=238 version=0x30000000 log2_work=8.900867 tx=239 date='2025-10-30T17:48:46Z' progress=1.000000 cache=0.3MiB(238txo)
2025-10-30T17:48:07Z Saw new header hash=204d368f0719dbcdcf63329333964e7be3e68cf02f0bf4a999fcec930a7de247 height=239
2025-10-30T17:48:07Z Saw new cmpctblock header hash=204d368f0719dbcdcf63329333964e7be3e68cf02f0bf4a999fcec930a7de247 peer=0
2025-10-30T17:48:07Z UpdateTip: new best=204d368f0719dbcdcf63329333964e7be3e68cf02f0bf4a999fcec930a7de247 height=239 version=0x30000000 log2_work=8.906891 tx=240 date='2025-10-30T17:48:46Z' progress=1.000000 cache=0.3MiB(239txo)
2025-10-30T17:48:07Z Saw new header hash=34d96967af51e2eb376a5b7b8a36205c34a030cfbdd0dd49a36a6201f770aec5 height=240
2025-10-30T17:48:07Z Saw new cmpctblock header hash=34d96967af51e2eb376a5b7b8a36205c34a030cfbdd0dd49a36a6201f770aec5 peer=0
2025-10-30T17:48:07Z UpdateTip: new best=34d96967af51e2eb376a5b7b8a36205c34a030cfbdd0dd49a36a6201f770aec5 height=240 version=0x30000000 log2_work=8.912889 tx=241 date='2025-10-30T17:48:46Z' progress=1.000000 cache=0.3MiB(240txo)
2025-10-30T17:48:07Z Saw new header hash=280e290bce1c55f306780e035d00c7ff8377796b9b08657959a636cd6bab82cc height=241
2025-10-30T17:48:07Z Saw new cmpctblock header hash=280e290bce1c55f306780e035d00c7ff8377796b9b08657959a636cd6bab82cc peer=0
2025-10-30T17:48:07Z UpdateTip: new best=280e290bce1c55f306780e035d00c7ff8377796b9b08657959a636cd6bab82cc height=241 version=0x30000000 log2_work=8.918863 tx=242 date='2025-10-30T17:48:46Z' progress=1.000000 cache=0.3MiB(241txo)
2025-10-30T17:48:07Z Saw new header hash=6f88265ba22f0603c1a94e79bcc0dc8c2acc885d241c1ca9caa6739ff36acce8 height=242
2025-10-30T17:48:07Z Saw new cmpctblock header hash=6f88265ba22f0603c1a94e79bcc0dc8c2acc885d241c1ca9caa6739ff36acce8 peer=0
2025-10-30T17:48:07Z UpdateTip: new best=6f88265ba22f0603c1a94e79bcc0dc8c2acc885d241c1ca9caa6739ff36acce8 height=242 version=0x30000000 log2_work=8.924813 tx=243 date='2025-10-30T17:48:47Z' progress=1.000000 cache=0.3MiB(242txo)
2025-10-30T17:48:07Z Saw new header hash=6e1659df95be3f20a422eac166142a7bd6736c1f1a5cac42a3bf29b2d474e687 height=243
2025-10-30T17:48:07Z Saw new cmpctblock header hash=6e1659df95be3f20a422eac166142a7bd6736c1f1a5cac42a3bf29b2d474e687 peer=0
2025-10-30T17:48:07Z UpdateTip: new best=6e1659df95be3f20a422eac166142a7bd6736c1f1a5cac42a3bf29b2d474e687 height=243 version=0x30000000 log2_work=8.930737 tx=244 date='2025-10-30T17:48:47Z' progress=1.000000 cache=0.3MiB(243txo)
2025-10-30T17:48:07Z Saw new header hash=7645593a4c27b821dbac124f9fc9c53e8115af9f4454d4b4727dabfff2c27eee height=244
2025-10-30T17:48:07Z Saw new cmpctblock header hash=7645593a4c27b821dbac124f9fc9c53e8115af9f4454d4b4727dabfff2c27eee peer=0
2025-10-30T17:48:07Z UpdateTip: new best=7645593a4c27b821dbac124f9fc9c53e8115af9f4454d4b4727dabfff2c27eee height=244 version=0x30000000 log2_work=8.936638 tx=245 date='2025-10-30T17:48:47Z' progress=1.000000 cache=0.3MiB(244txo)
2025-10-30T17:48:07Z Saw new header hash=2116d98b9fa2d1cb61d71df1cc4c38da462e521008f9a8df7888eabdf7b077e3 height=245
2025-10-30T17:48:07Z Saw new cmpctblock header hash=2116d98b9fa2d1cb61d71df1cc4c38da462e521008f9a8df7888eabdf7b077e3 peer=0
2025-10-30T17:48:07Z UpdateTip: new best=2116d98b9fa2d1cb61d71df1cc4c38da462e521008f9a8df7888eabdf7b077e3 height=245 version=0x30000000 log2_work=8.942515 tx=246 date='2025-10-30T17:48:47Z' progress=1.000000 cache=0.3MiB(245txo)
2025-10-30T17:48:07Z Saw new header hash=2f2afc2da4e2edc8fcdaf9b738df13d51916d7279b5c8d48dbc3f27928335316 height=246
2025-10-30T17:48:07Z Saw new cmpctblock header hash=2f2afc2da4e2edc8fcdaf9b738df13d51916d7279b5c8d48dbc3f27928335316 peer=0
2025-10-30T17:48:07Z UpdateTip: new best=2f2afc2da4e2edc8fcdaf9b738df13d51916d7279b5c8d48dbc3f27928335316 height=246 version=0x30000000 log2_work=8.948367 tx=247 date='2025-10-30T17:48:47Z' progress=1.000000 cache=0.3MiB(246txo)
2025-10-30T17:48:07Z Saw new header hash=5a0ac716ec06490909b0b86ff7facfce7b3dc6f819be20fede861af453240dcb height=247
2025-10-30T17:48:07Z Saw new cmpctblock header hash=5a0ac716ec06490909b0b86ff7facfce7b3dc6f819be20fede861af453240dcb peer=0
2025-10-30T17:48:07Z UpdateTip: new best=5a0ac716ec06490909b0b86ff7facfce7b3dc6f819be20fede861af453240dcb height=247 version=0x30000000 log2_work=8.954196 tx=248 date='2025-10-30T17:48:47Z' progress=1.000000 cache=0.3MiB(247txo)
2025-10-30T17:48:07Z Saw new header hash=40c5c0cbe4122f1e9d30709264ed108a5f0ec9a7cc1da9cb86c3bc3255f92c7b height=248
2025-10-30T17:48:07Z Saw new cmpctblock header hash=40c5c0cbe4122f1e9d30709264ed108a5f0ec9a7cc1da9cb86c3bc3255f92c7b peer=0
2025-10-30T17:48:07Z UpdateTip: new best=40c5c0cbe4122f1e9d30709264ed108a5f0ec9a7cc1da9cb86c3bc3255f92c7b height=248 version=0x30000000 log2_work=8.960002 tx=249 date='2025-10-30T17:48:48Z' progress=1.000000 cache=0.3MiB(248txo)
2025-10-30T17:48:07Z Saw new header hash=268cd208ba5bbd0beaf4430d57a2f2cd033be30af2305a231bc6566b3a2c84ca height=249
2025-10-30T17:48:07Z Saw new cmpctblock header hash=268cd208ba5bbd0beaf4430d57a2f2cd033be30af2305a231bc6566b3a2c84ca peer=0
2025-10-30T17:48:07Z UpdateTip: new best=268cd208ba5bbd0beaf4430d57a2f2cd033be30af2305a231bc6566b3a2c84ca height=249 version=0x30000000 log2_work=8.965784 tx=250 date='2025-10-30T17:48:48Z' progress=1.000000 cache=0.3MiB(249txo)
2025-10-30T17:48:07Z Saw new header hash=0843ce44929159cd0cbd9ef53c111dc10050db9a124376fe5fc39d69cc0cd369 height=250
2025-10-30T17:48:07Z Saw new cmpctblock header hash=0843ce44929159cd0cbd9ef53c111dc10050db9a124376fe5fc39d69cc0cd369 peer=0
2025-10-30T17:48:07Z UpdateTip: new best=0843ce44929159cd0cbd9ef53c111dc10050db9a124376fe5fc39d69cc0cd369 height=250 version=0x30000000 log2_work=8.971544 tx=251 date='2025-10-30T17:48:48Z' progress=1.000000 cache=0.3MiB(250txo)
2025-10-30T17:48:07Z Saw new header hash=047016d9cc9aaa8ade3d683fd5138a10800a0e76c6d16802dac83de4e721332e height=251
2025-10-30T17:48:07Z Saw new cmpctblock header hash=047016d9cc9aaa8ade3d683fd5138a10800a0e76c6d16802dac83de4e721332e peer=0
2025-10-30T17:48:07Z UpdateTip: new best=047016d9cc9aaa8ade3d683fd5138a10800a0e76c6d16802dac83de4e721332e height=251 version=0x30000000 log2_work=8.977280 tx=252 date='2025-10-30T17:48:48Z' progress=1.000000 cache=0.3MiB(251txo)
2025-10-30T17:48:07Z Saw new header hash=059a008bba903669fa0774d48d36849bd0b625f692259f6e982612dda5ec1569 height=252
2025-10-30T17:48:07Z Saw new cmpctblock header hash=059a008bba903669fa0774d48d36849bd0b625f692259f6e982612dda5ec1569 peer=0
2025-10-30T17:48:07Z UpdateTip: new best=059a008bba903669fa0774d48d36849bd0b625f692259f6e982612dda5ec1569 height=252 version=0x30000000 log2_work=8.982994 tx=253 date='2025-10-30T17:48:48Z' progress=1.000000 cache=0.3MiB(252txo)
2025-10-30T17:48:07Z Saw new header hash=3184e1f467a65ead0d34a3d3753d276401a56473085d68fd8eacda2b5df5f710 height=253
2025-10-30T17:48:07Z Saw new cmpctblock header hash=3184e1f467a65ead0d34a3d3753d276401a56473085d68fd8eacda2b5df5f710 peer=0
2025-10-30T17:48:07Z UpdateTip: new best=3184e1f467a65ead0d34a3d3753d276401a56473085d68fd8eacda2b5df5f710 height=253 version=0x30000000 log2_work=8.988685 tx=254 date='2025-10-30T17:48:48Z' progress=1.000000 cache=0.3MiB(253txo)
2025-10-30T17:48:07Z Saw new header hash=01675ca0d1dcdd3ae0e08b54fd8e9ede9f58deb82ee1b1b07b24f34aadb8ebc0 height=254
2025-10-30T17:48:07Z Saw new cmpctblock header hash=01675ca0d1dcdd3ae0e08b54fd8e9ede9f58deb82ee1b1b07b24f34aadb8ebc0 peer=0
2025-10-30T17:48:07Z UpdateTip: new best=01675ca0d1dcdd3ae0e08b54fd8e9ede9f58deb82ee1b1b07b24f34aadb8ebc0 height=254 version=0x30000000 log2_work=8.994353 tx=255 date='2025-10-30T17:48:49Z' progress=1.000000 cache=0.3MiB(254txo)
2025-10-30T17:48:07Z Saw new header hash=5a6d5befdad68a5d3ae5073bda0a8678a58ad15bee29a69cd030f829b5ac1f33 height=255
2025-10-30T17:48:07Z Saw new cmpctblock header hash=5a6d5befdad68a5d3ae5073bda0a8678a58ad15bee29a69cd030f829b5ac1f33 peer=0
2025-10-30T17:48:07Z UpdateTip: new best=5a6d5befdad68a5d3ae5073bda0a8678a58ad15bee29a69cd030f829b5ac1f33 height=255 version=0x30000000 log2_work=9.000000 tx=256 date='2025-10-30T17:48:49Z' progress=1.000000 cache=0.3MiB(255txo)
2025-10-30T17:48:07Z Saw new header hash=5636d3a43e13e0f46c172cd669fe40a75960b952be77cb18ade1b79514b1d0bf height=256
2025-10-30T17:48:07Z Saw new cmpctblock header hash=5636d3a43e13e0f46c172cd669fe40a75960b952be77cb18ade1b79514b1d0bf peer=0
2025-10-30T17:48:07Z UpdateTip: new best=5636d3a43e13e0f46c172cd669fe40a75960b952be77cb18ade1b79514b1d0bf height=256 version=0x30000000 log2_work=9.005625 tx=257 date='2025-10-30T17:48:49Z' progress=1.000000 cache=0.3MiB(256txo)
2025-10-30T17:48:07Z Saw new header hash=03c5032a51d391cc87d23b0747e89d6ac7c3861077d5621d4007e728ba19592e height=257
2025-10-30T17:48:07Z Saw new cmpctblock header hash=03c5032a51d391cc87d23b0747e89d6ac7c3861077d5621d4007e728ba19592e peer=0
2025-10-30T17:48:07Z UpdateTip: new best=03c5032a51d391cc87d23b0747e89d6ac7c3861077d5621d4007e728ba19592e height=257 version=0x30000000 log2_work=9.011227 tx=258 date='2025-10-30T17:48:49Z' progress=1.000000 cache=0.3MiB(257txo)
2025-10-30T17:48:07Z Saw new header hash=00d54f8c761fe2768eff11958c391a504ee28917c376336aab50bf66218116e7 height=258
2025-10-30T17:48:07Z Saw new cmpctblock header hash=00d54f8c761fe2768eff11958c391a504ee28917c376336aab50bf66218116e7 peer=0
2025-10-30T17:48:07Z UpdateTip: new best=00d54f8c761fe2768eff11958c391a504ee28917c376336aab50bf66218116e7 height=258 version=0x30000000 log2_work=9.016808 tx=259 date='2025-10-30T17:48:49Z' progress=1.000000 cache=0.3MiB(258txo)
2025-10-30T17:48:07Z Saw new header hash=5971defd162022071e470d243513b23623cedf4594f805a4c2ced9d568f57019 height=259
2025-10-30T17:48:07Z Saw new cmpctblock header hash=5971defd162022071e470d243513b23623cedf4594f805a4c2ced9d568f57019 peer=0
2025-10-30T17:48:07Z UpdateTip: new best=5971defd162022071e470d243513b23623cedf4594f805a4c2ced9d568f57019 height=259 version=0x30000000 log2_work=9.022368 tx=260 date='2025-10-30T17:48:49Z' progress=1.000000 cache=0.3MiB(259txo)
2025-10-30T17:48:07Z Saw new header hash=62dc6139ccf2a186e2ae979a0098610c21c3039a5b8a8a5c1af684ed8fd8c0bb height=260
2025-10-30T17:48:07Z Saw new cmpctblock header hash=62dc6139ccf2a186e2ae979a0098610c21c3039a5b8a8a5c1af684ed8fd8c0bb peer=0
2025-10-30T17:48:07Z UpdateTip: new best=62dc6139ccf2a186e2ae979a0098610c21c3039a5b8a8a5c1af684ed8fd8c0bb height=260 version=0x30000000 log2_work=9.027906 tx=261 date='2025-10-30T17:48:50Z' progress=1.000000 cache=0.3MiB(260txo)
2025-10-30T17:48:07Z Saw new header hash=39254a78aa405d61f5f39ae47a1277b85d7ff3f4c9691cc2cd9c7cdb9f394753 height=261
2025-10-30T17:48:07Z Saw new cmpctblock header hash=39254a78aa405d61f5f39ae47a1277b85d7ff3f4c9691cc2cd9c7cdb9f394753 peer=0
2025-10-30T17:48:07Z UpdateTip: new best=39254a78aa405d61f5f39ae47a1277b85d7ff3f4c9691cc2cd9c7cdb9f394753 height=261 version=0x30000000 log2_work=9.033423 tx=262 date='2025-10-30T17:48:50Z' progress=1.000000 cache=0.3MiB(261txo)
2025-10-30T17:48:07Z Saw new header hash=11390cf7ab922ca4bb52e1d898d5ccc51ef29deacd0f4c2129aa1f7f14fa776f height=262
2025-10-30T17:48:07Z Saw new cmpctblock header hash=11390cf7ab922ca4bb52e1d898d5ccc51ef29deacd0f4c2129aa1f7f14fa776f peer=0
2025-10-30T17:48:07Z UpdateTip: new best=11390cf7ab922ca4bb52e1d898d5ccc51ef29deacd0f4c2129aa1f7f14fa776f height=262 version=0x30000000 log2_work=9.038919 tx=263 date='2025-10-30T17:48:50Z' progress=1.000000 cache=0.3MiB(262txo)
2025-10-30T17:48:07Z Saw new header hash=3bf3a2610a08b9c2ed4341fc98b468a503ddc168c4570c6c8fe58f42430e1249 height=263
2025-10-30T17:48:07Z Saw new cmpctblock header hash=3bf3a2610a08b9c2ed4341fc98b468a503ddc168c4570c6c8fe58f42430e1249 peer=0
2025-10-30T17:48:07Z UpdateTip: new best=3bf3a2610a08b9c2ed4341fc98b468a503ddc168c4570c6c8fe58f42430e1249 height=263 version=0x30000000 log2_work=9.044394 tx=264 date='2025-10-30T17:48:50Z' progress=1.000000 cache=0.3MiB(263txo)
2025-10-30T17:48:07Z Saw new header hash=506c3b0a1e045e5a31037aaf0128ac237eea0b3dd6a0ac7deb67126fb3554d80 height=264
2025-10-30T17:48:07Z Saw new cmpctblock header hash=506c3b0a1e045e5a31037aaf0128ac237eea0b3dd6a0ac7deb67126fb3554d80 peer=0
2025-10-30T17:48:07Z UpdateTip: new best=506c3b0a1e045e5a31037aaf0128ac237eea0b3dd6a0ac7deb67126fb3554d80 height=264 version=0x30000000 log2_work=9.049849 tx=265 date='2025-10-30T17:48:50Z' progress=1.000000 cache=0.3MiB(264txo)
2025-10-30T17:48:07Z Saw new header hash=6b5564ffa1f9bdda9a995e61fb7e1f9c4a06987b5639a54dfa2bf4873768825e height=265
2025-10-30T17:48:07Z Saw new cmpctblock header hash=6b5564ffa1f9bdda9a995e61fb7e1f9c4a06987b5639a54dfa2bf4873768825e peer=0
2025-10-30T17:48:07Z UpdateTip: new best=6b5564ffa1f9bdda9a995e61fb7e1f9c4a06987b5639a54dfa2bf4873768825e height=265 version=0x30000000 log2_work=9.055282 tx=266 date='2025-10-30T17:48:50Z' progress=1.000000 cache=0.3MiB(265txo)
2025-10-30T17:48:07Z Saw new header hash=369eae2e28a7dfefec1d17bf17c4762a02606e0508ce553b1716ef15321af2c9 height=266
2025-10-30T17:48:07Z Saw new cmpctblock header hash=369eae2e28a7dfefec1d17bf17c4762a02606e0508ce553b1716ef15321af2c9 peer=0
2025-10-30T17:48:07Z UpdateTip: new best=369eae2e28a7dfefec1d17bf17c4762a02606e0508ce553b1716ef15321af2c9 height=266 version=0x30000000 log2_work=9.060696 tx=267 date='2025-10-30T17:48:51Z' progress=1.000000 cache=0.3MiB(266txo)
2025-10-30T17:48:07Z Saw new header hash=2448d9071d85677cb735ae692b4dbf74dbe0f798b61d5a7ddf8d0918991bc001 height=267
2025-10-30T17:48:07Z Saw new cmpctblock header hash=2448d9071d85677cb735ae692b4dbf74dbe0f798b61d5a7ddf8d0918991bc001 peer=0
2025-10-30T17:48:07Z UpdateTip: new best=2448d9071d85677cb735ae692b4dbf74dbe0f798b61d5a7ddf8d0918991bc001 height=267 version=0x30000000 log2_work=9.066089 tx=268 date='2025-10-30T17:48:51Z' progress=1.000000 cache=0.3MiB(267txo)
2025-10-30T17:48:07Z Saw new header hash=47c8ae7c1806c863f59b837fc5a64f24e399fa1e1b5976f73ab64cd440fae0ce height=268
2025-10-30T17:48:07Z Saw new cmpctblock header hash=47c8ae7c1806c863f59b837fc5a64f24e399fa1e1b5976f73ab64cd440fae0ce peer=0
2025-10-30T17:48:07Z UpdateTip: new best=47c8ae7c1806c863f59b837fc5a64f24e399fa1e1b5976f73ab64cd440fae0ce height=268 version=0x30000000 log2_work=9.071462 tx=269 date='2025-10-30T17:48:51Z' progress=1.000000 cache=0.3MiB(268txo)
2025-10-30T17:48:07Z Saw new header hash=23cf7ae3b3a469ae189d642053dab57c18aaded40f585415d0ab0a85dee5fb3a height=269
2025-10-30T17:48:07Z Saw new cmpctblock header hash=23cf7ae3b3a469ae189d642053dab57c18aaded40f585415d0ab0a85dee5fb3a peer=0
2025-10-30T17:48:07Z UpdateTip: new best=23cf7ae3b3a469ae189d642053dab57c18aaded40f585415d0ab0a85dee5fb3a height=269 version=0x30000000 log2_work=9.076816 tx=270 date='2025-10-30T17:48:51Z' progress=1.000000 cache=0.3MiB(269txo)
2025-10-30T17:48:07Z Saw new header hash=23c50ce938e10fe2e935814640382d6e2acb5f1118efe9da8f93f5b9e887779a height=270
2025-10-30T17:48:07Z Saw new cmpctblock header hash=23c50ce938e10fe2e935814640382d6e2acb5f1118efe9da8f93f5b9e887779a peer=0
2025-10-30T17:48:07Z UpdateTip: new best=23c50ce938e10fe2e935814640382d6e2acb5f1118efe9da8f93f5b9e887779a height=270 version=0x30000000 log2_work=9.082149 tx=271 date='2025-10-30T17:48:51Z' progress=1.000000 cache=0.3MiB(270txo)
2025-10-30T17:48:07Z Saw new header hash=6a437bfc4144b494486badffe437520315b72fc4740a037c48cebd65cc99f28f height=271
2025-10-30T17:48:07Z Saw new cmpctblock header hash=6a437bfc4144b494486badffe437520315b72fc4740a037c48cebd65cc99f28f peer=0
2025-10-30T17:48:07Z UpdateTip: new best=6a437bfc4144b494486badffe437520315b72fc4740a037c48cebd65cc99f28f height=271 version=0x30000000 log2_work=9.087463 tx=272 date='2025-10-30T17:48:51Z' progress=1.000000 cache=0.3MiB(271txo)
2025-10-30T17:48:07Z Saw new header hash=3d0ac5770a3035be8fb97915423b5a0cbbe8f1d8c6068784a16f99b9c07d2aa1 height=272
2025-10-30T17:48:07Z Saw new cmpctblock header hash=3d0ac5770a3035be8fb97915423b5a0cbbe8f1d8c6068784a16f99b9c07d2aa1 peer=0
2025-10-30T17:48:07Z UpdateTip: new best=3d0ac5770a3035be8fb97915423b5a0cbbe8f1d8c6068784a16f99b9c07d2aa1 height=272 version=0x30000000 log2_work=9.092757 tx=273 date='2025-10-30T17:48:52Z' progress=1.000000 cache=0.3MiB(272txo)
2025-10-30T17:48:07Z Saw new header hash=45b22d00162d375a9aa4650661f7aa914ce76ca849bac71b8d22904a60afe528 height=273
2025-10-30T17:48:07Z Saw new cmpctblock header hash=45b22d00162d375a9aa4650661f7aa914ce76ca849bac71b8d22904a60afe528 peer=0
2025-10-30T17:48:07Z UpdateTip: new best=45b22d00162d375a9aa4650661f7aa914ce76ca849bac71b8d22904a60afe528 height=273 version=0x30000000 log2_work=9.098032 tx=274 date='2025-10-30T17:48:52Z' progress=1.000000 cache=0.3MiB(273txo)
2025-10-30T17:48:07Z Saw new header hash=2d567464ac8e0da14a0ceaafdb4d71c779467cad9a322a70d18fd4fcca80add6 height=274
2025-10-30T17:48:07Z Saw new cmpctblock header hash=2d567464ac8e0da14a0ceaafdb4d71c779467cad9a322a70d18fd4fcca80add6 peer=0
2025-10-30T17:48:07Z UpdateTip: new best=2d567464ac8e0da14a0ceaafdb4d71c779467cad9a322a70d18fd4fcca80add6 height=274 version=0x30000000 log2_work=9.103288 tx=275 date='2025-10-30T17:48:52Z' progress=1.000000 cache=0.3MiB(274txo)
2025-10-30T17:48:07Z Saw new header hash=565bb69f47971dc119b9f3e64dc0025317e9fe057f5a8a44b4dda357a6dc70ab height=275
2025-10-30T17:48:07Z Saw new cmpctblock header hash=565bb69f47971dc119b9f3e64dc0025317e9fe057f5a8a44b4dda357a6dc70ab peer=0
2025-10-30T17:48:07Z UpdateTip: new best=565bb69f47971dc119b9f3e64dc0025317e9fe057f5a8a44b4dda357a6dc70ab height=275 version=0x30000000 log2_work=9.108524 tx=276 date='2025-10-30T17:48:52Z' progress=1.000000 cache=0.3MiB(275txo)
2025-10-30T17:48:07Z Saw new header hash=4adf3ca22e2b178d85f5d02df78065bc70d824e9ac33c1d01dbbec8b6d0cf48e height=276
2025-10-30T17:48:07Z Saw new cmpctblock header hash=4adf3ca22e2b178d85f5d02df78065bc70d824e9ac33c1d01dbbec8b6d0cf48e peer=0
2025-10-30T17:48:07Z UpdateTip: new best=4adf3ca22e2b178d85f5d02df78065bc70d824e9ac33c1d01dbbec8b6d0cf48e height=276 version=0x30000000 log2_work=9.113742 tx=277 date='2025-10-30T17:48:52Z' progress=1.000000 cache=0.3MiB(276txo)
2025-10-30T17:48:07Z Saw new header hash=729c29442ea05ad36ed2339f75e0e1e6f7d516622d088dae805570085a9ccd3e height=277
2025-10-30T17:48:07Z Saw new cmpctblock header hash=729c29442ea05ad36ed2339f75e0e1e6f7d516622d088dae805570085a9ccd3e peer=0
2025-10-30T17:48:07Z UpdateTip: new best=729c29442ea05ad36ed2339f75e0e1e6f7d516622d088dae805570085a9ccd3e height=277 version=0x30000000 log2_work=9.118941 tx=278 date='2025-10-30T17:48:52Z' progress=1.000000 cache=0.3MiB(277txo)
2025-10-30T17:48:07Z Saw new header hash=3841719260b224ef4451057bcd284b5a7f39357de373d641a65a13f6b5affa74 height=278
2025-10-30T17:48:07Z Saw new cmpctblock header hash=3841719260b224ef4451057bcd284b5a7f39357de373d641a65a13f6b5affa74 peer=0
2025-10-30T17:48:07Z UpdateTip: new best=3841719260b224ef4451057bcd284b5a7f39357de373d641a65a13f6b5affa74 height=278 version=0x30000000 log2_work=9.124121 tx=279 date='2025-10-30T17:48:53Z' progress=1.000000 cache=0.3MiB(278txo)
2025-10-30T17:48:07Z Saw new header hash=283351efe9f6c3e6bce47301bb0db8eaf412eb77bd3d862f7113327e09f5dfd0 height=279
2025-10-30T17:48:07Z Saw new cmpctblock header hash=283351efe9f6c3e6bce47301bb0db8eaf412eb77bd3d862f7113327e09f5dfd0 peer=0
2025-10-30T17:48:07Z UpdateTip: new best=283351efe9f6c3e6bce47301bb0db8eaf412eb77bd3d862f7113327e09f5dfd0 height=279 version=0x30000000 log2_work=9.129283 tx=280 date='2025-10-30T17:48:53Z' progress=1.000000 cache=0.3MiB(279txo)
2025-10-30T17:48:07Z Saw new header hash=61cc2ca0dca00f932df835f60f66b695ead9a01307ca3edd1168ff74c66270a6 height=280
2025-10-30T17:48:07Z Saw new cmpctblock header hash=61cc2ca0dca00f932df835f60f66b695ead9a01307ca3edd1168ff74c66270a6 peer=0
2025-10-30T17:48:07Z UpdateTip: new best=61cc2ca0dca00f932df835f60f66b695ead9a01307ca3edd1168ff74c66270a6 height=280 version=0x30000000 log2_work=9.134426 tx=281 date='2025-10-30T17:48:53Z' progress=1.000000 cache=0.3MiB(280txo)
2025-10-30T17:48:07Z Saw new header hash=423ecb7aa8b540ba1cb122a6cc66d5b65711b2ace7dbb6c3632c118bc155c69b height=281
2025-10-30T17:48:07Z Saw new cmpctblock header hash=423ecb7aa8b540ba1cb122a6cc66d5b65711b2ace7dbb6c3632c118bc155c69b peer=0
2025-10-30T17:48:07Z UpdateTip: new best=423ecb7aa8b540ba1cb122a6cc66d5b65711b2ace7dbb6c3632c118bc155c69b height=281 version=0x30000000 log2_work=9.139551 tx=282 date='2025-10-30T17:48:53Z' progress=1.000000 cache=0.3MiB(281txo)
2025-10-30T17:48:07Z Saw new header hash=1720cac60ab36e7ab3efae2724a71da10047fb3c53559692abd7bfb14b4a2721 height=282
2025-10-30T17:48:07Z Saw new cmpctblock header hash=1720cac60ab36e7ab3efae2724a71da10047fb3c53559692abd7bfb14b4a2721 peer=0
2025-10-30T17:48:07Z UpdateTip: new best=1720cac60ab36e7ab3efae2724a71da10047fb3c53559692abd7bfb14b4a2721 height=282 version=0x30000000 log2_work=9.144658 tx=283 date='2025-10-30T17:48:53Z' progress=1.000000 cache=0.3MiB(282txo)
2025-10-30T17:48:07Z Saw new header hash=5129bb23e2751c64d1ac0fcfcbecffb8fd895c34e7fd351d867f5950069a9fb8 height=283
2025-10-30T17:48:07Z Saw new cmpctblock header hash=5129bb23e2751c64d1ac0fcfcbecffb8fd895c34e7fd351d867f5950069a9fb8 peer=0
2025-10-30T17:48:07Z UpdateTip: new best=5129bb23e2751c64d1ac0fcfcbecffb8fd895c34e7fd351d867f5950069a9fb8 height=283 version=0x30000000 log2_work=9.149747 tx=284 date='2025-10-30T17:48:53Z' progress=1.000000 cache=0.3MiB(283txo)
2025-10-30T17:48:07Z Saw new header hash=10046b65fe26a70995ebd7e4088988b9d973cc2b55ad0c8c9a155c1e33544ffc height=284
2025-10-30T17:48:07Z Saw new cmpctblock header hash=10046b65fe26a70995ebd7e4088988b9d973cc2b55ad0c8c9a155c1e33544ffc peer=0
2025-10-30T17:48:07Z UpdateTip: new best=10046b65fe26a70995ebd7e4088988b9d973cc2b55ad0c8c9a155c1e33544ffc height=284 version=0x30000000 log2_work=9.154818 tx=285 date='2025-10-30T17:48:54Z' progress=1.000000 cache=0.3MiB(284txo)
2025-10-30T17:48:07Z Saw new header hash=0d6bd45ebd41d22ded8e2714f6d50de35fe5cd750f9c8bf00a67cdc4ec26bb35 height=285
2025-10-30T17:48:07Z Saw new cmpctblock header hash=0d6bd45ebd41d22ded8e2714f6d50de35fe5cd750f9c8bf00a67cdc4ec26bb35 peer=0
2025-10-30T17:48:07Z UpdateTip: new best=0d6bd45ebd41d22ded8e2714f6d50de35fe5cd750f9c8bf00a67cdc4ec26bb35 height=285 version=0x30000000 log2_work=9.159871 tx=286 date='2025-10-30T17:48:54Z' progress=1.000000 cache=0.3MiB(285txo)
2025-10-30T17:48:07Z Saw new header hash=77c66751fa249bccec9b4ac0ef3b63f9243deca9e856ade8675add4db36879fe height=286
2025-10-30T17:48:07Z Saw new cmpctblock header hash=77c66751fa249bccec9b4ac0ef3b63f9243deca9e856ade8675add4db36879fe peer=0
2025-10-30T17:48:07Z UpdateTip: new best=77c66751fa249bccec9b4ac0ef3b63f9243deca9e856ade8675add4db36879fe height=286 version=0x30000000 log2_work=9.164907 tx=287 date='2025-10-30T17:48:54Z' progress=1.000000 cache=0.3MiB(286txo)
2025-10-30T17:48:07Z Saw new header hash=792ac4879aaca3833f706f588dd43aa4040de1acce8476e197218e6f0e601993 height=287
2025-10-30T17:48:07Z Saw new cmpctblock header hash=792ac4879aaca3833f706f588dd43aa4040de1acce8476e197218e6f0e601993 peer=0
2025-10-30T17:48:07Z UpdateTip: new best=792ac4879aaca3833f706f588dd43aa4040de1acce8476e197218e6f0e601993 height=287 version=0x30000000 log2_work=9.169925 tx=288 date='2025-10-30T17:48:54Z' progress=1.000000 cache=0.3MiB(287txo)
2025-10-30T17:48:07Z Saw new header hash=7f7ed5862c2aa5099d5d7ea07e328617f1dc858edcdf22ba4a899e39ec3bb5ea height=288
2025-10-30T17:48:07Z Saw new cmpctblock header hash=7f7ed5862c2aa5099d5d7ea07e328617f1dc858edcdf22ba4a899e39ec3bb5ea peer=0
2025-10-30T17:48:07Z UpdateTip: new best=7f7ed5862c2aa5099d5d7ea07e328617f1dc858edcdf22ba4a899e39ec3bb5ea height=288 version=0x30000000 log2_work=9.174926 tx=289 date='2025-10-30T17:48:54Z' progress=1.000000 cache=0.3MiB(288txo)
2025-10-30T17:48:07Z Saw new header hash=66d3add8dfb47249bb296f642770163f7e86a7cf32e0af14a3cd09cdb3e5927e height=289
2025-10-30T17:48:07Z Saw new cmpctblock header hash=66d3add8dfb47249bb296f642770163f7e86a7cf32e0af14a3cd09cdb3e5927e peer=0
2025-10-30T17:48:07Z UpdateTip: new best=66d3add8dfb47249bb296f642770163f7e86a7cf32e0af14a3cd09cdb3e5927e height=289 version=0x30000000 log2_work=9.179909 tx=290 date='2025-10-30T17:48:54Z' progress=1.000000 cache=0.3MiB(289txo)
2025-10-30T17:48:07Z Saw new header hash=09a43dd45468c939b137ac6ce05d9aabd78c4403a8c0d45cb4a098073c162441 height=290
2025-10-30T17:48:07Z Saw new cmpctblock header hash=09a43dd45468c939b137ac6ce05d9aabd78c4403a8c0d45cb4a098073c162441 peer=0
2025-10-30T17:48:07Z UpdateTip: new best=09a43dd45468c939b137ac6ce05d9aabd78c4403a8c0d45cb4a098073c162441 height=290 version=0x30000000 log2_work=9.184875 tx=291 date='2025-10-30T17:48:55Z' progress=1.000000 cache=0.3MiB(290txo)
2025-10-30T17:48:07Z Saw new header hash=2939c16416c892c816cbaafcfbfccb397dd832f8dd2e4adf88344d09b3d3e434 height=291
2025-10-30T17:48:07Z Saw new cmpctblock header hash=2939c16416c892c816cbaafcfbfccb397dd832f8dd2e4adf88344d09b3d3e434 peer=0
2025-10-30T17:48:07Z UpdateTip: new best=2939c16416c892c816cbaafcfbfccb397dd832f8dd2e4adf88344d09b3d3e434 height=291 version=0x30000000 log2_work=9.189825 tx=292 date='2025-10-30T17:48:55Z' progress=1.000000 cache=0.3MiB(291txo)
2025-10-30T17:48:07Z Saw new header hash=583fb267df773798b4c4087b3c834b7ff9f95fc069ea0323c2caf79f7105f42e height=292
2025-10-30T17:48:07Z Saw new cmpctblock header hash=583fb267df773798b4c4087b3c834b7ff9f95fc069ea0323c2caf79f7105f42e peer=0
2025-10-30T17:48:07Z UpdateTip: new best=583fb267df773798b4c4087b3c834b7ff9f95fc069ea0323c2caf79f7105f42e height=292 version=0x30000000 log2_work=9.194757 tx=293 date='2025-10-30T17:48:55Z' progress=1.000000 cache=0.3MiB(292txo)
2025-10-30T17:48:07Z Saw new header hash=15018c2e3c946d3d0326ef0299925d34b7b872451e20158787971de7be204c02 height=293
2025-10-30T17:48:07Z Saw new cmpctblock header hash=15018c2e3c946d3d0326ef0299925d34b7b872451e20158787971de7be204c02 peer=0
2025-10-30T17:48:07Z UpdateTip: new best=15018c2e3c946d3d0326ef0299925d34b7b872451e20158787971de7be204c02 height=293 version=0x30000000 log2_work=9.199672 tx=294 date='2025-10-30T17:48:55Z' progress=1.000000 cache=0.3MiB(293txo)
2025-10-30T17:48:07Z Saw new header hash=6e5c0c55447bf2c8bf0f114d764c42fbff26e9c65097ad87cc0aa54e21a6a0e5 height=294
2025-10-30T17:48:07Z Saw new cmpctblock header hash=6e5c0c55447bf2c8bf0f114d764c42fbff26e9c65097ad87cc0aa54e21a6a0e5 peer=0
2025-10-30T17:48:07Z UpdateTip: new best=6e5c0c55447bf2c8bf0f114d764c42fbff26e9c65097ad87cc0aa54e21a6a0e5 height=294 version=0x30000000 log2_work=9.204571 tx=295 date='2025-10-30T17:48:55Z' progress=1.000000 cache=0.3MiB(294txo)
2025-10-30T17:48:07Z Saw new header hash=66e97c8c4aef724750b368e8f2948bf9b53efb767d66884f96f568ae2b308c50 height=295
2025-10-30T17:48:07Z Saw new cmpctblock header hash=66e97c8c4aef724750b368e8f2948bf9b53efb767d66884f96f568ae2b308c50 peer=0
2025-10-30T17:48:07Z UpdateTip: new best=66e97c8c4aef724750b368e8f2948bf9b53efb767d66884f96f568ae2b308c50 height=295 version=0x30000000 log2_work=9.209453 tx=296 date='2025-10-30T17:48:55Z' progress=1.000000 cache=0.3MiB(295txo)
2025-10-30T17:48:07Z Saw new header hash=4b182fe6bb3dd48ce36ae4ec5ae2704229a83e3cc4be7162e7464fcc52b59fa9 height=296
2025-10-30T17:48:07Z Saw new cmpctblock header hash=4b182fe6bb3dd48ce36ae4ec5ae2704229a83e3cc4be7162e7464fcc52b59fa9 peer=0
2025-10-30T17:48:07Z UpdateTip: new best=4b182fe6bb3dd48ce36ae4ec5ae2704229a83e3cc4be7162e7464fcc52b59fa9 height=296 version=0x30000000 log2_work=9.214319 tx=297 date='2025-10-30T17:48:56Z' progress=1.000000 cache=0.3MiB(296txo)
2025-10-30T17:48:07Z Saw new header hash=04d9c0e898691fa601166917a20aeb993b61ab29ddbbfe245923c82c07902625 height=297
2025-10-30T17:48:07Z Saw new cmpctblock header hash=04d9c0e898691fa601166917a20aeb993b61ab29ddbbfe245923c82c07902625 peer=0
2025-10-30T17:48:07Z UpdateTip: new best=04d9c0e898691fa601166917a20aeb993b61ab29ddbbfe245923c82c07902625 height=297 version=0x30000000 log2_work=9.219169 tx=298 date='2025-10-30T17:48:56Z' progress=1.000000 cache=0.3MiB(297txo)
2025-10-30T17:48:07Z Saw new header hash=3d87fe18190b8909dc61324c195046aa14862ffb94ff1666d544c0aeaceab7da height=298
2025-10-30T17:48:07Z Saw new cmpctblock header hash=3d87fe18190b8909dc61324c195046aa14862ffb94ff1666d544c0aeaceab7da peer=0
2025-10-30T17:48:07Z UpdateTip: new best=3d87fe18190b8909dc61324c195046aa14862ffb94ff1666d544c0aeaceab7da height=298 version=0x30000000 log2_work=9.224002 tx=299 date='2025-10-30T17:48:56Z' progress=1.000000 cache=0.3MiB(298txo)
2025-10-30T17:48:08Z Saw new header hash=6b5b3979f25d3b36524bcaef62bcc0c212c4e8a76439fb87f16c00d2469de20a height=299
2025-10-30T17:48:08Z Saw new cmpctblock header hash=6b5b3979f25d3b36524bcaef62bcc0c212c4e8a76439fb87f16c00d2469de20a peer=0
2025-10-30T17:48:08Z UpdateTip: new best=6b5b3979f25d3b36524bcaef62bcc0c212c4e8a76439fb87f16c00d2469de20a height=299 version=0x30000000 log2_work=9.228819 tx=300 date='2025-10-30T17:48:56Z' progress=1.000000 cache=0.3MiB(299txo)
2025-10-30T17:48:08Z Saw new header hash=6c0b5dacf7a590434d80dd071dea86ce5beeb1ca6e6df908122499452ad046e1 height=300
2025-10-30T17:48:08Z Saw new cmpctblock header hash=6c0b5dacf7a590434d80dd071dea86ce5beeb1ca6e6df908122499452ad046e1 peer=0
2025-10-30T17:48:08Z UpdateTip: new best=6c0b5dacf7a590434d80dd071dea86ce5beeb1ca6e6df908122499452ad046e1 height=300 version=0x30000000 log2_work=9.233620 tx=301 date='2025-10-30T17:48:56Z' progress=1.000000 cache=0.3MiB(300txo)
2025-10-30T17:48:08Z Saw new header hash=1c842c634c32b3e6bff95772374618f050fbe4f0eecdcc6d672dd99c2a222b5e height=301
2025-10-30T17:48:08Z Saw new cmpctblock header hash=1c842c634c32b3e6bff95772374618f050fbe4f0eecdcc6d672dd99c2a222b5e peer=0
2025-10-30T17:48:08Z UpdateTip: new best=1c842c634c32b3e6bff95772374618f050fbe4f0eecdcc6d672dd99c2a222b5e height=301 version=0x30000000 log2_work=9.238405 tx=302 date='2025-10-30T17:48:56Z' progress=1.000000 cache=0.3MiB(301txo)
2025-10-30T17:48:08Z Saw new header hash=17afa80d152577d845b38a8dfa8b24131f3bf44863d3ef62382c887ef036d3ad height=302
2025-10-30T17:48:08Z Saw new cmpctblock header hash=17afa80d152577d845b38a8dfa8b24131f3bf44863d3ef62382c887ef036d3ad peer=0
2025-10-30T17:48:08Z UpdateTip: new best=17afa80d152577d845b38a8dfa8b24131f3bf44863d3ef62382c887ef036d3ad height=302 version=0x30000000 log2_work=9.243174 tx=303 date='2025-10-30T17:48:57Z' progress=1.000000 cache=0.3MiB(302txo)
2025-10-30T17:48:08Z Saw new header hash=54e5f8d7056384a00598518c55d23cb4a852a229cecade19cf5d9d03141db313 height=303
2025-10-30T17:48:08Z Saw new cmpctblock header hash=54e5f8d7056384a00598518c55d23cb4a852a229cecade19cf5d9d03141db313 peer=0
2025-10-30T17:48:08Z UpdateTip: new best=54e5f8d7056384a00598518c55d23cb4a852a229cecade19cf5d9d03141db313 height=303 version=0x30000000 log2_work=9.247928 tx=304 date='2025-10-30T17:48:57Z' progress=1.000000 cache=0.3MiB(303txo)
2025-10-30T17:48:08Z Saw new header hash=2fd4584e3aca9f0769dce28a0376609546b23ae34ae71bc39fa5e215ef0dbf78 height=304
2025-10-30T17:48:08Z Saw new cmpctblock header hash=2fd4584e3aca9f0769dce28a0376609546b23ae34ae71bc39fa5e215ef0dbf78 peer=0
2025-10-30T17:48:08Z UpdateTip: new best=2fd4584e3aca9f0769dce28a0376609546b23ae34ae71bc39fa5e215ef0dbf78 height=304 version=0x30000000 log2_work=9.252665 tx=305 date='2025-10-30T17:48:57Z' progress=1.000000 cache=0.3MiB(304txo)
2025-10-30T17:48:08Z Saw new header hash=643f6fd056d30c4910b8524a73ba4e00a53c1e45ba0be64675e7cb19e6345c36 height=305
2025-10-30T17:48:08Z Saw new cmpctblock header hash=643f6fd056d30c4910b8524a73ba4e00a53c1e45ba0be64675e7cb19e6345c36 peer=0
2025-10-30T17:48:08Z UpdateTip: new best=643f6fd056d30c4910b8524a73ba4e00a53c1e45ba0be64675e7cb19e6345c36 height=305 version=0x30000000 log2_work=9.257388 tx=306 date='2025-10-30T17:48:57Z' progress=1.000000 cache=0.3MiB(305txo)
2025-10-30T17:48:08Z Saw new header hash=597b932e24dd1a38dba1b63ceaa3056588f9782fedf4cef0a4af4b128e081624 height=306
2025-10-30T17:48:08Z Saw new cmpctblock header hash=597b932e24dd1a38dba1b63ceaa3056588f9782fedf4cef0a4af4b128e081624 peer=0
2025-10-30T17:48:08Z UpdateTip: new best=597b932e24dd1a38dba1b63ceaa3056588f9782fedf4cef0a4af4b128e081624 height=306 version=0x30000000 log2_work=9.262095 tx=307 date='2025-10-30T17:48:57Z' progress=1.000000 cache=0.3MiB(306txo)
2025-10-30T17:48:08Z Saw new header hash=5533d58b7ce362c48c5701a7ad3149b1552d1b496d874b9febe540c0b2e1e7d2 height=307
2025-10-30T17:48:08Z Saw new cmpctblock header hash=5533d58b7ce362c48c5701a7ad3149b1552d1b496d874b9febe540c0b2e1e7d2 peer=0
2025-10-30T17:48:08Z UpdateTip: new best=5533d58b7ce362c48c5701a7ad3149b1552d1b496d874b9febe540c0b2e1e7d2 height=307 version=0x30000000 log2_work=9.266787 tx=308 date='2025-10-30T17:48:57Z' progress=1.000000 cache=0.3MiB(307txo)
2025-10-30T17:48:08Z Saw new header hash=060ffdd82ad083e816cfcebc928da9e30fcd9d497ce9e3171e31bc3774afbda7 height=308
2025-10-30T17:48:08Z Saw new cmpctblock header hash=060ffdd82ad083e816cfcebc928da9e30fcd9d497ce9e3171e31bc3774afbda7 peer=0
2025-10-30T17:48:08Z UpdateTip: new best=060ffdd82ad083e816cfcebc928da9e30fcd9d497ce9e3171e31bc3774afbda7 height=308 version=0x30000000 log2_work=9.271463 tx=309 date='2025-10-30T17:48:58Z' progress=1.000000 cache=0.3MiB(308txo)
2025-10-30T17:48:08Z Saw new header hash=78213be9855ac290e1aa5b28c4b1c89cda88018cb30115999ab7090a57121434 height=309
2025-10-30T17:48:08Z Saw new cmpctblock header hash=78213be9855ac290e1aa5b28c4b1c89cda88018cb30115999ab7090a57121434 peer=0
2025-10-30T17:48:08Z UpdateTip: new best=78213be9855ac290e1aa5b28c4b1c89cda88018cb30115999ab7090a57121434 height=309 version=0x30000000 log2_work=9.276124 tx=310 date='2025-10-30T17:48:58Z' progress=1.000000 cache=0.3MiB(309txo)
2025-10-30T17:48:08Z Saw new header hash=3a2ffa395258cfccddcf84d41ce4aaf50d4f83574c517f7b2af4b8b8b75fbb24 height=310
2025-10-30T17:48:08Z Saw new cmpctblock header hash=3a2ffa395258cfccddcf84d41ce4aaf50d4f83574c517f7b2af4b8b8b75fbb24 peer=0
2025-10-30T17:48:08Z UpdateTip: new best=3a2ffa395258cfccddcf84d41ce4aaf50d4f83574c517f7b2af4b8b8b75fbb24 height=310 version=0x30000000 log2_work=9.280771 tx=311 date='2025-10-30T17:48:58Z' progress=1.000000 cache=0.3MiB(310txo)
2025-10-30T17:48:08Z Saw new header hash=1f570c0e50b846c47b6de7a1e1b1277f6b72e0b48520404fa19f0c8f5656d88b height=311
2025-10-30T17:48:08Z Saw new cmpctblock header hash=1f570c0e50b846c47b6de7a1e1b1277f6b72e0b48520404fa19f0c8f5656d88b peer=0
2025-10-30T17:48:08Z UpdateTip: new best=1f570c0e50b846c47b6de7a1e1b1277f6b72e0b48520404fa19f0c8f5656d88b height=311 version=0x30000000 log2_work=9.285402 tx=312 date='2025-10-30T17:48:58Z' progress=1.000000 cache=0.3MiB(311txo)
2025-10-30T17:48:08Z Saw new header hash=5598b3b8dd7cd7b6e337a37abc0e96b15c7c55dcfa5ca61018c839d375992784 height=312
2025-10-30T17:48:08Z Saw new cmpctblock header hash=5598b3b8dd7cd7b6e337a37abc0e96b15c7c55dcfa5ca61018c839d375992784 peer=0
2025-10-30T17:48:08Z UpdateTip: new best=5598b3b8dd7cd7b6e337a37abc0e96b15c7c55dcfa5ca61018c839d375992784 height=312 version=0x30000000 log2_work=9.290019 tx=313 date='2025-10-30T17:48:58Z' progress=1.000000 cache=0.3MiB(312txo)
2025-10-30T17:48:08Z Saw new header hash=4b339d8d6a87a1fb25afe439e4d667e4ed849546477e254330c9a0ad7b174ab2 height=313
2025-10-30T17:48:08Z Saw new cmpctblock header hash=4b339d8d6a87a1fb25afe439e4d667e4ed849546477e254330c9a0ad7b174ab2 peer=0
2025-10-30T17:48:08Z UpdateTip: new best=4b339d8d6a87a1fb25afe439e4d667e4ed849546477e254330c9a0ad7b174ab2 height=313 version=0x30000000 log2_work=9.294621 tx=314 date='2025-10-30T17:48:58Z' progress=1.000000 cache=0.3MiB(313txo)
2025-10-30T17:48:08Z Saw new header hash=0619600814adb8032e229c803a6b578fd556d41bba550819bc97a3ac0361dfda height=314
2025-10-30T17:48:08Z Saw new cmpctblock header hash=0619600814adb8032e229c803a6b578fd556d41bba550819bc97a3ac0361dfda peer=0
2025-10-30T17:48:08Z UpdateTip: new best=0619600814adb8032e229c803a6b578fd556d41bba550819bc97a3ac0361dfda height=314 version=0x30000000 log2_work=9.299208 tx=315 date='2025-10-30T17:48:59Z' progress=1.000000 cache=0.3MiB(314txo)
2025-10-30T17:48:08Z Saw new header hash=7d02f891464192e2c3e59e76f79826441eff115683efb9896c97444e5867bea1 height=315
2025-10-30T17:48:08Z Saw new cmpctblock header hash=7d02f891464192e2c3e59e76f79826441eff115683efb9896c97444e5867bea1 peer=0
2025-10-30T17:48:08Z UpdateTip: new best=7d02f891464192e2c3e59e76f79826441eff115683efb9896c97444e5867bea1 height=315 version=0x30000000 log2_work=9.303781 tx=316 date='2025-10-30T17:48:59Z' progress=1.000000 cache=0.3MiB(315txo)
2025-10-30T17:48:08Z Saw new header hash=705de247bb830f069a3882933bb33686121b62c2982adbe657d70eeb9c43b46a height=316
2025-10-30T17:48:08Z Saw new cmpctblock header hash=705de247bb830f069a3882933bb33686121b62c2982adbe657d70eeb9c43b46a peer=0
2025-10-30T17:48:08Z UpdateTip: new best=705de247bb830f069a3882933bb33686121b62c2982adbe657d70eeb9c43b46a height=316 version=0x30000000 log2_work=9.308339 tx=317 date='2025-10-30T17:48:59Z' progress=1.000000 cache=0.3MiB(316txo)
2025-10-30T17:48:08Z Saw new header hash=164fb47e4a4d1348b517e355023255704c239e99203e538c0b3f109a097515b1 height=317
2025-10-30T17:48:08Z Saw new cmpctblock header hash=164fb47e4a4d1348b517e355023255704c239e99203e538c0b3f109a097515b1 peer=0
2025-10-30T17:48:08Z UpdateTip: new best=164fb47e4a4d1348b517e355023255704c239e99203e538c0b3f109a097515b1 height=317 version=0x30000000 log2_work=9.312883 tx=318 date='2025-10-30T17:48:59Z' progress=1.000000 cache=0.3MiB(317txo)
2025-10-30T17:48:08Z Saw new header hash=3ae7b6915e1041c6c0f5756b69216b91b92a2052adb38909c604e4215ec5edac height=318
2025-10-30T17:48:08Z Saw new cmpctblock header hash=3ae7b6915e1041c6c0f5756b69216b91b92a2052adb38909c604e4215ec5edac peer=0
2025-10-30T17:48:08Z UpdateTip: new best=3ae7b6915e1041c6c0f5756b69216b91b92a2052adb38909c604e4215ec5edac height=318 version=0x30000000 log2_work=9.317413 tx=319 date='2025-10-30T17:48:59Z' progress=1.000000 cache=0.3MiB(318txo)
2025-10-30T17:48:08Z Saw new header hash=5f7c8b760118f0a8bc8fd160e64f83f336d8aa64e574bd3dc4d9102987f01db7 height=319
2025-10-30T17:48:08Z Saw new cmpctblock header hash=5f7c8b760118f0a8bc8fd160e64f83f336d8aa64e574bd3dc4d9102987f01db7 peer=0
2025-10-30T17:48:08Z UpdateTip: new best=5f7c8b760118f0a8bc8fd160e64f83f336d8aa64e574bd3dc4d9102987f01db7 height=319 version=0x30000000 log2_work=9.321928 tx=320 date='2025-10-30T17:48:59Z' progress=1.000000 cache=0.3MiB(319txo)
2025-10-30T17:48:08Z Saw new header hash=058c17fd2758e1da3794374345f3d3d9a21f33b0ea90b626672a2472d7f1c20f height=320
2025-10-30T17:48:08Z Saw new cmpctblock header hash=058c17fd2758e1da3794374345f3d3d9a21f33b0ea90b626672a2472d7f1c20f peer=0
2025-10-30T17:48:08Z UpdateTip: new best=058c17fd2758e1da3794374345f3d3d9a21f33b0ea90b626672a2472d7f1c20f height=320 version=0x30000000 log2_work=9.326429 tx=321 date='2025-10-30T17:49:00Z' progress=1.000000 cache=0.3MiB(320txo)
2025-10-30T17:48:08Z Saw new header hash=4472ab0d6e6ab56cfe828e7c2f5f1536dbf5bf2960c1c9067fa353b462e536ea height=321
2025-10-30T17:48:08Z Saw new cmpctblock header hash=4472ab0d6e6ab56cfe828e7c2f5f1536dbf5bf2960c1c9067fa353b462e536ea peer=0
2025-10-30T17:48:08Z UpdateTip: new best=4472ab0d6e6ab56cfe828e7c2f5f1536dbf5bf2960c1c9067fa353b462e536ea height=321 version=0x30000000 log2_work=9.330917 tx=322 date='2025-10-30T17:49:00Z' progress=1.000000 cache=0.3MiB(321txo)
2025-10-30T17:48:08Z Saw new header hash=7defd09e9e96b48ac2548b796527d65411581bbb82e27c2c514f4e52997d2d04 height=322
2025-10-30T17:48:08Z Saw new cmpctblock header hash=7defd09e9e96b48ac2548b796527d65411581bbb82e27c2c514f4e52997d2d04 peer=0
2025-10-30T17:48:08Z UpdateTip: new best=7defd09e9e96b48ac2548b796527d65411581bbb82e27c2c514f4e52997d2d04 height=322 version=0x30000000 log2_work=9.335390 tx=323 date='2025-10-30T17:49:00Z' progress=1.000000 cache=0.3MiB(322txo)
2025-10-30T17:48:08Z Saw new header hash=36c87e44bc2af24bb97b14347903206d32c0e7406b272434ab25742041f688cc height=323
2025-10-30T17:48:08Z Saw new cmpctblock header hash=36c87e44bc2af24bb97b14347903206d32c0e7406b272434ab25742041f688cc peer=0
2025-10-30T17:48:08Z UpdateTip: new best=36c87e44bc2af24bb97b14347903206d32c0e7406b272434ab25742041f688cc height=323 version=0x30000000 log2_work=9.339850 tx=324 date='2025-10-30T17:49:00Z' progress=1.000000 cache=0.3MiB(323txo)
2025-10-30T17:48:08Z Saw new header hash=5e9c772b87540225a9a98e95ec5071d83f89b6299e35aebcbda3f0d792228918 height=324
2025-10-30T17:48:08Z Saw new cmpctblock header hash=5e9c772b87540225a9a98e95ec5071d83f89b6299e35aebcbda3f0d792228918 peer=0
2025-10-30T17:48:08Z UpdateTip: new best=5e9c772b87540225a9a98e95ec5071d83f89b6299e35aebcbda3f0d792228918 height=324 version=0x30000000 log2_work=9.344296 tx=325 date='2025-10-30T17:49:00Z' progress=1.000000 cache=0.3MiB(324txo)
2025-10-30T17:48:08Z Saw new header hash=53d30551bc0b5f3231a8dca26f7e009cf9aa2dcf45ab63d3d824e33ead1296fc height=325
2025-10-30T17:48:08Z Saw new cmpctblock header hash=53d30551bc0b5f3231a8dca26f7e009cf9aa2dcf45ab63d3d824e33ead1296fc peer=0
2025-10-30T17:48:08Z UpdateTip: new best=53d30551bc0b5f3231a8dca26f7e009cf9aa2dcf45ab63d3d824e33ead1296fc height=325 version=0x30000000 log2_work=9.348728 tx=326 date='2025-10-30T17:49:00Z' progress=1.000000 cache=0.3MiB(325txo)
2025-10-30T17:48:08Z Saw new header hash=19e0532c46a6365d4b8d01f96616cdd3eed8f605cd84eec807fdf3218383b1b9 height=326
2025-10-30T17:48:08Z Saw new cmpctblock header hash=19e0532c46a6365d4b8d01f96616cdd3eed8f605cd84eec807fdf3218383b1b9 peer=0
2025-10-30T17:48:08Z UpdateTip: new best=19e0532c46a6365d4b8d01f96616cdd3eed8f605cd84eec807fdf3218383b1b9 height=326 version=0x30000000 log2_work=9.353147 tx=327 date='2025-10-30T17:49:01Z' progress=1.000000 cache=0.3MiB(326txo)
2025-10-30T17:48:08Z Saw new header hash=75b5953f43f5c201df6004439ed8c0e3a91b12e215df0b3739da3f76f0a17f07 height=327
2025-10-30T17:48:08Z Saw new cmpctblock header hash=75b5953f43f5c201df6004439ed8c0e3a91b12e215df0b3739da3f76f0a17f07 peer=0
2025-10-30T17:48:08Z UpdateTip: new best=75b5953f43f5c201df6004439ed8c0e3a91b12e215df0b3739da3f76f0a17f07 height=327 version=0x30000000 log2_work=9.357552 tx=328 date='2025-10-30T17:49:01Z' progress=1.000000 cache=0.3MiB(327txo)
2025-10-30T17:48:08Z Saw new header hash=5e166c92ae51cbb1e31635deb4a02347ddd9984963a425fec11864b1121acf9c height=328
2025-10-30T17:48:08Z Saw new cmpctblock header hash=5e166c92ae51cbb1e31635deb4a02347ddd9984963a425fec11864b1121acf9c peer=0
2025-10-30T17:48:08Z UpdateTip: new best=5e166c92ae51cbb1e31635deb4a02347ddd9984963a425fec11864b1121acf9c height=328 version=0x30000000 log2_work=9.361944 tx=329 date='2025-10-30T17:49:01Z' progress=1.000000 cache=0.3MiB(328txo)
2025-10-30T17:48:08Z Saw new header hash=023a385488bf127dccd21c2e02e3a1aa51acfce11bff57f62211e5bd37836f1d height=329
2025-10-30T17:48:08Z Saw new cmpctblock header hash=023a385488bf127dccd21c2e02e3a1aa51acfce11bff57f62211e5bd37836f1d peer=0
2025-10-30T17:48:08Z UpdateTip: new best=023a385488bf127dccd21c2e02e3a1aa51acfce11bff57f62211e5bd37836f1d height=329 version=0x30000000 log2_work=9.366322 tx=330 date='2025-10-30T17:49:01Z' progress=1.000000 cache=0.3MiB(329txo)
2025-10-30T17:48:08Z Saw new header hash=141d56e1fd1e8d3b4973aa9bc8db58102d205f7587378f621cd3f2d96da6d410 height=330
2025-10-30T17:48:08Z Saw new cmpctblock header hash=141d56e1fd1e8d3b4973aa9bc8db58102d205f7587378f621cd3f2d96da6d410 peer=0
2025-10-30T17:48:08Z UpdateTip: new best=141d56e1fd1e8d3b4973aa9bc8db58102d205f7587378f621cd3f2d96da6d410 height=330 version=0x30000000 log2_work=9.370687 tx=331 date='2025-10-30T17:49:01Z' progress=1.000000 cache=0.3MiB(330txo)
2025-10-30T17:48:08Z Saw new header hash=6775feb617edb9f44a594ecfa1d03c4fc96be2f00b2c77c9f529bd41395421a0 height=331
2025-10-30T17:48:08Z Saw new cmpctblock header hash=6775feb617edb9f44a594ecfa1d03c4fc96be2f00b2c77c9f529bd41395421a0 peer=0
2025-10-30T17:48:08Z UpdateTip: new best=6775feb617edb9f44a594ecfa1d03c4fc96be2f00b2c77c9f529bd41395421a0 height=331 version=0x30000000 log2_work=9.375039 tx=332 date='2025-10-30T17:49:01Z' progress=1.000000 cache=0.3MiB(331txo)
2025-10-30T17:48:08Z Saw new header hash=4751438572fcc4b983cea839b88731b374653f193fb109f3e31648c1fca73318 height=332
2025-10-30T17:48:08Z Saw new cmpctblock header hash=4751438572fcc4b983cea839b88731b374653f193fb109f3e31648c1fca73318 peer=0
2025-10-30T17:48:08Z UpdateTip: new best=4751438572fcc4b983cea839b88731b374653f193fb109f3e31648c1fca73318 height=332 version=0x30000000 log2_work=9.379378 tx=333 date='2025-10-30T17:49:02Z' progress=1.000000 cache=0.3MiB(332txo)
2025-10-30T17:48:08Z Saw new header hash=5d4e8d49a99bd5703c8ec04b01b02a7d36f153bf0bccd20043f18755627c6ab0 height=333
2025-10-30T17:48:08Z Saw new cmpctblock header hash=5d4e8d49a99bd5703c8ec04b01b02a7d36f153bf0bccd20043f18755627c6ab0 peer=0
2025-10-30T17:48:08Z UpdateTip: new best=5d4e8d49a99bd5703c8ec04b01b02a7d36f153bf0bccd20043f18755627c6ab0 height=333 version=0x30000000 log2_work=9.383704 tx=334 date='2025-10-30T17:49:02Z' progress=1.000000 cache=0.3MiB(333txo)
2025-10-30T17:48:08Z Saw new header hash=6996aa4bbbf9fe055c9887a35fc577a1661c77f90da3839ba707ac5ae2f1ef9d height=334
2025-10-30T17:48:08Z Saw new cmpctblock header hash=6996aa4bbbf9fe055c9887a35fc577a1661c77f90da3839ba707ac5ae2f1ef9d peer=0
2025-10-30T17:48:08Z UpdateTip: new best=6996aa4bbbf9fe055c9887a35fc577a1661c77f90da3839ba707ac5ae2f1ef9d height=334 version=0x30000000 log2_work=9.388017 tx=335 date='2025-10-30T17:49:02Z' progress=1.000000 cache=0.3MiB(334txo)
2025-10-30T17:48:08Z Saw new header hash=1b71f4d3da77bed72574edcb7c4cb71bdc0d19ba360246e99bc289154150ec4e height=335
2025-10-30T17:48:08Z Saw new cmpctblock header hash=1b71f4d3da77bed72574edcb7c4cb71bdc0d19ba360246e99bc289154150ec4e peer=0
2025-10-30T17:48:08Z UpdateTip: new best=1b71f4d3da77bed72574edcb7c4cb71bdc0d19ba360246e99bc289154150ec4e height=335 version=0x30000000 log2_work=9.392317 tx=336 date='2025-10-30T17:49:02Z' progress=1.000000 cache=0.3MiB(335txo)
2025-10-30T17:48:08Z Saw new header hash=419bf3ca953167fe6f2e9dc2c34854d93eabb26de8bca8a9885181e6aea33687 height=336
2025-10-30T17:48:08Z Saw new cmpctblock header hash=419bf3ca953167fe6f2e9dc2c34854d93eabb26de8bca8a9885181e6aea33687 peer=0
2025-10-30T17:48:08Z UpdateTip: new best=419bf3ca953167fe6f2e9dc2c34854d93eabb26de8bca8a9885181e6aea33687 height=336 version=0x30000000 log2_work=9.396605 tx=337 date='2025-10-30T17:49:02Z' progress=1.000000 cache=0.3MiB(336txo)
2025-10-30T17:48:08Z Saw new header hash=4f2f9d3e84095a477cc6177ecaba03516bbe730d0a6ba4f260a4afaa5940aa9a height=337
2025-10-30T17:48:08Z Saw new cmpctblock header hash=4f2f9d3e84095a477cc6177ecaba03516bbe730d0a6ba4f260a4afaa5940aa9a peer=0
2025-10-30T17:48:08Z UpdateTip: new best=4f2f9d3e84095a477cc6177ecaba03516bbe730d0a6ba4f260a4afaa5940aa9a height=337 version=0x30000000 log2_work=9.400879 tx=338 date='2025-10-30T17:49:02Z' progress=1.000000 cache=0.3MiB(337txo)
2025-10-30T17:48:08Z Saw new header hash=538e2ee3d57b00956a635ed67377e82c087c8300b7bbf3c4049d9e148d50e891 height=338
2025-10-30T17:48:08Z Saw new cmpctblock header hash=538e2ee3d57b00956a635ed67377e82c087c8300b7bbf3c4049d9e148d50e891 peer=0
2025-10-30T17:48:08Z UpdateTip: new best=538e2ee3d57b00956a635ed67377e82c087c8300b7bbf3c4049d9e148d50e891 height=338 version=0x30000000 log2_work=9.405141 tx=339 date='2025-10-30T17:49:03Z' progress=1.000000 cache=0.3MiB(338txo)
2025-10-30T17:48:08Z Saw new header hash=0b84553bcae52adf36bc583b4867c9df72d46c78ae0bae1c59f1d7d7575f3e72 height=339
2025-10-30T17:48:08Z Saw new cmpctblock header hash=0b84553bcae52adf36bc583b4867c9df72d46c78ae0bae1c59f1d7d7575f3e72 peer=0
2025-10-30T17:48:08Z UpdateTip: new best=0b84553bcae52adf36bc583b4867c9df72d46c78ae0bae1c59f1d7d7575f3e72 height=339 version=0x30000000 log2_work=9.409391 tx=340 date='2025-10-30T17:49:03Z' progress=1.000000 cache=0.3MiB(339txo)
2025-10-30T17:48:08Z Saw new header hash=4ce9a502f57f794bb3d323de991d27f0e290ee795ade6b1475b0303d0dc1556e height=340
2025-10-30T17:48:08Z Saw new cmpctblock header hash=4ce9a502f57f794bb3d323de991d27f0e290ee795ade6b1475b0303d0dc1556e peer=0
2025-10-30T17:48:08Z UpdateTip: new best=4ce9a502f57f794bb3d323de991d27f0e290ee795ade6b1475b0303d0dc1556e height=340 version=0x30000000 log2_work=9.413628 tx=341 date='2025-10-30T17:49:03Z' progress=1.000000 cache=0.3MiB(340txo)
2025-10-30T17:48:08Z Saw new header hash=3917deaaaab2660f564d66f9c8bb472310f75ef41ec3392ec82e8df9bb9075e8 height=341
2025-10-30T17:48:08Z Saw new cmpctblock header hash=3917deaaaab2660f564d66f9c8bb472310f75ef41ec3392ec82e8df9bb9075e8 peer=0
2025-10-30T17:48:08Z UpdateTip: new best=3917deaaaab2660f564d66f9c8bb472310f75ef41ec3392ec82e8df9bb9075e8 height=341 version=0x30000000 log2_work=9.417853 tx=342 date='2025-10-30T17:49:03Z' progress=1.000000 cache=0.3MiB(341txo)
2025-10-30T17:48:08Z Saw new header hash=1c2730535817adac72f5b7bddcbf48be50a9016c58dfbe6edeecce1842f511a6 height=342
2025-10-30T17:48:08Z Saw new cmpctblock header hash=1c2730535817adac72f5b7bddcbf48be50a9016c58dfbe6edeecce1842f511a6 peer=0
2025-10-30T17:48:08Z UpdateTip: new best=1c2730535817adac72f5b7bddcbf48be50a9016c58dfbe6edeecce1842f511a6 height=342 version=0x30000000 log2_work=9.422065 tx=343 date='2025-10-30T17:49:03Z' progress=1.000000 cache=0.3MiB(342txo)
2025-10-30T17:48:08Z Saw new header hash=5bdf91079bb57138134f2d18f97aa054fc4994feeb20a867e9742b95166f10b4 height=343
2025-10-30T17:48:08Z Saw new cmpctblock header hash=5bdf91079bb57138134f2d18f97aa054fc4994feeb20a867e9742b95166f10b4 peer=0
2025-10-30T17:48:08Z UpdateTip: new best=5bdf91079bb57138134f2d18f97aa054fc4994feeb20a867e9742b95166f10b4 height=343 version=0x30000000 log2_work=9.426265 tx=344 date='2025-10-30T17:49:03Z' progress=1.000000 cache=0.3MiB(343txo)
2025-10-30T17:48:08Z Saw new header hash=7f7a172ad9f209cea90b4b658dbecc388db093196c90e65e425867d4de078f40 height=344
2025-10-30T17:48:08Z Saw new cmpctblock header hash=7f7a172ad9f209cea90b4b658dbecc388db093196c90e65e425867d4de078f40 peer=0
2025-10-30T17:48:08Z UpdateTip: new best=7f7a172ad9f209cea90b4b658dbecc388db093196c90e65e425867d4de078f40 height=344 version=0x30000000 log2_work=9.430453 tx=345 date='2025-10-30T17:49:04Z' progress=1.000000 cache=0.3MiB(344txo)
2025-10-30T17:48:08Z Saw new header hash=1b21fe78b70d5afa8b1d4239ac442c170b0426017cbbcc9f2bb9d67f893d24e2 height=345
2025-10-30T17:48:08Z Saw new cmpctblock header hash=1b21fe78b70d5afa8b1d4239ac442c170b0426017cbbcc9f2bb9d67f893d24e2 peer=0
2025-10-30T17:48:08Z UpdateTip: new best=1b21fe78b70d5afa8b1d4239ac442c170b0426017cbbcc9f2bb9d67f893d24e2 height=345 version=0x30000000 log2_work=9.434628 tx=346 date='2025-10-30T17:49:04Z' progress=1.000000 cache=0.3MiB(345txo)
2025-10-30T17:48:08Z Saw new header hash=2140048c563ef9dcfacdd67ce2a9088ab902d3495dc8749721d2a31adc9ef278 height=346
2025-10-30T17:48:08Z Saw new cmpctblock header hash=2140048c563ef9dcfacdd67ce2a9088ab902d3495dc8749721d2a31adc9ef278 peer=0
2025-10-30T17:48:08Z UpdateTip: new best=2140048c563ef9dcfacdd67ce2a9088ab902d3495dc8749721d2a31adc9ef278 height=346 version=0x30000000 log2_work=9.438792 tx=347 date='2025-10-30T17:49:04Z' progress=1.000000 cache=0.3MiB(346txo)
2025-10-30T17:48:08Z Saw new header hash=5fb640d5d31495caa5029bd571c27a2a3ad9e9a3f4e524e86d5a7f251fc17628 height=347
2025-10-30T17:48:08Z Saw new cmpctblock header hash=5fb640d5d31495caa5029bd571c27a2a3ad9e9a3f4e524e86d5a7f251fc17628 peer=0
2025-10-30T17:48:08Z UpdateTip: new best=5fb640d5d31495caa5029bd571c27a2a3ad9e9a3f4e524e86d5a7f251fc17628 height=347 version=0x30000000 log2_work=9.442943 tx=348 date='2025-10-30T17:49:04Z' progress=1.000000 cache=0.3MiB(347txo)
2025-10-30T17:48:08Z Saw new header hash=2c29cd6f041bfdc2760cb0502cb3bfda8010975d0b7c5776ca3380b991eddd52 height=348
2025-10-30T17:48:08Z Saw new cmpctblock header hash=2c29cd6f041bfdc2760cb0502cb3bfda8010975d0b7c5776ca3380b991eddd52 peer=0
2025-10-30T17:48:08Z UpdateTip: new best=2c29cd6f041bfdc2760cb0502cb3bfda8010975d0b7c5776ca3380b991eddd52 height=348 version=0x30000000 log2_work=9.447083 tx=349 date='2025-10-30T17:49:04Z' progress=1.000000 cache=0.3MiB(348txo)
2025-10-30T17:48:08Z Saw new header hash=16e1386535a92284a6c8d822015e9e78999d717f1e3c3793a6c5e46997c5e03f height=349
2025-10-30T17:48:08Z Saw new cmpctblock header hash=16e1386535a92284a6c8d822015e9e78999d717f1e3c3793a6c5e46997c5e03f peer=0
2025-10-30T17:48:08Z UpdateTip: new best=16e1386535a92284a6c8d822015e9e78999d717f1e3c3793a6c5e46997c5e03f height=349 version=0x30000000 log2_work=9.451211 tx=350 date='2025-10-30T17:49:04Z' progress=1.000000 cache=0.3MiB(349txo)
2025-10-30T17:48:08Z Saw new header hash=341ab1741559eb374e59ed9b5218715161ccb4e94852da49762ee288a4f7de44 height=350
2025-10-30T17:48:08Z Saw new cmpctblock header hash=341ab1741559eb374e59ed9b5218715161ccb4e94852da49762ee288a4f7de44 peer=0
2025-10-30T17:48:08Z UpdateTip: new best=341ab1741559eb374e59ed9b5218715161ccb4e94852da49762ee288a4f7de44 height=350 version=0x30000000 log2_work=9.455327 tx=351 date='2025-10-30T17:49:05Z' progress=1.000000 cache=0.3MiB(350txo)
2025-10-30T17:48:08Z Saw new header hash=1fcf4b8391ae8b807c91e9ea0f823e735d40b38717ece8c82961a18a5e5056c1 height=351
2025-10-30T17:48:08Z Saw new cmpctblock header hash=1fcf4b8391ae8b807c91e9ea0f823e735d40b38717ece8c82961a18a5e5056c1 peer=0
2025-10-30T17:48:08Z UpdateTip: new best=1fcf4b8391ae8b807c91e9ea0f823e735d40b38717ece8c82961a18a5e5056c1 height=351 version=0x30000000 log2_work=9.459432 tx=352 date='2025-10-30T17:49:05Z' progress=1.000000 cache=0.3MiB(351txo)
2025-10-30T17:48:08Z Saw new header hash=49b10ec9cd92de8115b65151cdca5890be9226042fa2e6886a59c913dcf3d0c3 height=352
2025-10-30T17:48:08Z Saw new cmpctblock header hash=49b10ec9cd92de8115b65151cdca5890be9226042fa2e6886a59c913dcf3d0c3 peer=0
2025-10-30T17:48:08Z UpdateTip: new best=49b10ec9cd92de8115b65151cdca5890be9226042fa2e6886a59c913dcf3d0c3 height=352 version=0x30000000 log2_work=9.463524 tx=353 date='2025-10-30T17:49:05Z' progress=1.000000 cache=0.3MiB(352txo)
2025-10-30T17:48:08Z Saw new header hash=74b87c41fc79d7c77df95eceae4a299f67a6a43bafcee0111cdfb838fee6e761 height=353
2025-10-30T17:48:08Z Saw new cmpctblock header hash=74b87c41fc79d7c77df95eceae4a299f67a6a43bafcee0111cdfb838fee6e761 peer=0
2025-10-30T17:48:08Z UpdateTip: new best=74b87c41fc79d7c77df95eceae4a299f67a6a43bafcee0111cdfb838fee6e761 height=353 version=0x30000000 log2_work=9.467606 tx=354 date='2025-10-30T17:49:05Z' progress=1.000000 cache=0.3MiB(353txo)
2025-10-30T17:48:08Z Saw new header hash=4fb1625dc81c58af7d349ddadf3e921703385109dab69a1718d89841dcec735b height=354
2025-10-30T17:48:08Z Saw new cmpctblock header hash=4fb1625dc81c58af7d349ddadf3e921703385109dab69a1718d89841dcec735b peer=0
2025-10-30T17:48:08Z UpdateTip: new best=4fb1625dc81c58af7d349ddadf3e921703385109dab69a1718d89841dcec735b height=354 version=0x30000000 log2_work=9.471675 tx=355 date='2025-10-30T17:49:05Z' progress=1.000000 cache=0.3MiB(354txo)
2025-10-30T17:48:08Z Saw new header hash=1268a2b8111af1f4f25b619a57bcd07f657f7282e980909b9f8eb781ddc54a10 height=355
2025-10-30T17:48:08Z Saw new cmpctblock header hash=1268a2b8111af1f4f25b619a57bcd07f657f7282e980909b9f8eb781ddc54a10 peer=0
2025-10-30T17:48:08Z UpdateTip: new best=1268a2b8111af1f4f25b619a57bcd07f657f7282e980909b9f8eb781ddc54a10 height=355 version=0x30000000 log2_work=9.475733 tx=356 date='2025-10-30T17:49:05Z' progress=1.000000 cache=0.3MiB(355txo)
2025-10-30T17:48:08Z Saw new header hash=38b8d923566c34ff069232c80eb914331ef52ca6415b969a7e2d862b15ef0cfc height=356
2025-10-30T17:48:08Z Saw new cmpctblock header hash=38b8d923566c34ff069232c80eb914331ef52ca6415b969a7e2d862b15ef0cfc peer=0
2025-10-30T17:48:08Z UpdateTip: new best=38b8d923566c34ff069232c80eb914331ef52ca6415b969a7e2d862b15ef0cfc height=356 version=0x30000000 log2_work=9.479780 tx=357 date='2025-10-30T17:49:06Z' progress=1.000000 cache=0.3MiB(356txo)
2025-10-30T17:48:08Z Saw new header hash=781baa8d13b8fcf59eb13141be77e718694a2551bb10e072571ee0b20b33737e height=357
2025-10-30T17:48:08Z Saw new cmpctblock header hash=781baa8d13b8fcf59eb13141be77e718694a2551bb10e072571ee0b20b33737e peer=0
2025-10-30T17:48:08Z UpdateTip: new best=781baa8d13b8fcf59eb13141be77e718694a2551bb10e072571ee0b20b33737e height=357 version=0x30000000 log2_work=9.483816 tx=358 date='2025-10-30T17:49:06Z' progress=1.000000 cache=0.3MiB(357txo)
2025-10-30T17:48:08Z Saw new header hash=741a5073446fa747708dcfd8c26cf2dcd8c76490552f9e726b453a825df1a006 height=358
2025-10-30T17:48:08Z Saw new cmpctblock header hash=741a5073446fa747708dcfd8c26cf2dcd8c76490552f9e726b453a825df1a006 peer=0
2025-10-30T17:48:08Z UpdateTip: new best=741a5073446fa747708dcfd8c26cf2dcd8c76490552f9e726b453a825df1a006 height=358 version=0x30000000 log2_work=9.487840 tx=359 date='2025-10-30T17:49:06Z' progress=1.000000 cache=0.3MiB(358txo)
2025-10-30T17:48:08Z Saw new header hash=654e08b2b07257b0c546d44ed4b72e1d5db5e88345e4f5bd18dc994a320c01c5 height=359
2025-10-30T17:48:08Z Saw new cmpctblock header hash=654e08b2b07257b0c546d44ed4b72e1d5db5e88345e4f5bd18dc994a320c01c5 peer=0
2025-10-30T17:48:08Z UpdateTip: new best=654e08b2b07257b0c546d44ed4b72e1d5db5e88345e4f5bd18dc994a320c01c5 height=359 version=0x30000000 log2_work=9.491853 tx=360 date='2025-10-30T17:49:06Z' progress=1.000000 cache=0.3MiB(359txo)
2025-10-30T17:48:08Z Saw new header hash=304993586ff42abee0f865e396b78e853faa2dea161babc1d3f3a219e59318da height=360
2025-10-30T17:48:08Z Saw new cmpctblock header hash=304993586ff42abee0f865e396b78e853faa2dea161babc1d3f3a219e59318da peer=0
2025-10-30T17:48:08Z UpdateTip: new best=304993586ff42abee0f865e396b78e853faa2dea161babc1d3f3a219e59318da height=360 version=0x30000000 log2_work=9.495855 tx=361 date='2025-10-30T17:49:06Z' progress=1.000000 cache=0.3MiB(360txo)
2025-10-30T17:48:08Z Saw new header hash=2e0920df506097c514bdb630a83973bc3758277351ddcfe9af98923f866d6d7d height=361
2025-10-30T17:48:08Z Saw new cmpctblock header hash=2e0920df506097c514bdb630a83973bc3758277351ddcfe9af98923f866d6d7d peer=0
2025-10-30T17:48:08Z UpdateTip: new best=2e0920df506097c514bdb630a83973bc3758277351ddcfe9af98923f866d6d7d height=361 version=0x30000000 log2_work=9.499846 tx=362 date='2025-10-30T17:49:06Z' progress=1.000000 cache=0.3MiB(361txo)
2025-10-30T17:48:08Z Saw new header hash=2be1228cca57a122f343ed23d4d6d223293d669683b507bd1f879ab061e50668 height=362
2025-10-30T17:48:08Z Saw new cmpctblock header hash=2be1228cca57a122f343ed23d4d6d223293d669683b507bd1f879ab061e50668 peer=0
2025-10-30T17:48:08Z UpdateTip: new best=2be1228cca57a122f343ed23d4d6d223293d669683b507bd1f879ab061e50668 height=362 version=0x30000000 log2_work=9.503826 tx=363 date='2025-10-30T17:49:07Z' progress=1.000000 cache=0.3MiB(362txo)
2025-10-30T17:48:08Z Saw new header hash=136334106472d31170eb5c4b6dca508e3584c3112c495cda2d73142d9f089bad height=363
2025-10-30T17:48:08Z Saw new cmpctblock header hash=136334106472d31170eb5c4b6dca508e3584c3112c495cda2d73142d9f089bad peer=0
2025-10-30T17:48:08Z UpdateTip: new best=136334106472d31170eb5c4b6dca508e3584c3112c495cda2d73142d9f089bad height=363 version=0x30000000 log2_work=9.507795 tx=364 date='2025-10-30T17:49:07Z' progress=1.000000 cache=0.3MiB(363txo)
2025-10-30T17:48:08Z Saw new header hash=2c753f876ce3762b7bfa9927138b9f336f2dc7ced5f35c8f6d0df97d834f3546 height=364
2025-10-30T17:48:08Z Saw new cmpctblock header hash=2c753f876ce3762b7bfa9927138b9f336f2dc7ced5f35c8f6d0df97d834f3546 peer=0
2025-10-30T17:48:08Z UpdateTip: new best=2c753f876ce3762b7bfa9927138b9f336f2dc7ced5f35c8f6d0df97d834f3546 height=364 version=0x30000000 log2_work=9.511753 tx=365 date='2025-10-30T17:49:07Z' progress=1.000000 cache=0.3MiB(364txo)
2025-10-30T17:48:08Z Saw new header hash=581f1e742f45189fe079aa95399a401655b43cf0f4392096031bd33ae05d7b94 height=365
2025-10-30T17:48:08Z Saw new cmpctblock header hash=581f1e742f45189fe079aa95399a401655b43cf0f4392096031bd33ae05d7b94 peer=0
2025-10-30T17:48:08Z UpdateTip: new best=581f1e742f45189fe079aa95399a401655b43cf0f4392096031bd33ae05d7b94 height=365 version=0x30000000 log2_work=9.515700 tx=366 date='2025-10-30T17:49:07Z' progress=1.000000 cache=0.3MiB(365txo)
2025-10-30T17:48:08Z Saw new header hash=075da6cff1f780dab061e6c145d5a7cbdfbbe09c515cf18e00b4d607e9a8183b height=366
2025-10-30T17:48:08Z Saw new cmpctblock header hash=075da6cff1f780dab061e6c145d5a7cbdfbbe09c515cf18e00b4d607e9a8183b peer=0
2025-10-30T17:48:08Z UpdateTip: new best=075da6cff1f780dab061e6c145d5a7cbdfbbe09c515cf18e00b4d607e9a8183b height=366 version=0x30000000 log2_work=9.519636 tx=367 date='2025-10-30T17:49:07Z' progress=1.000000 cache=0.3MiB(366txo)
2025-10-30T17:48:08Z Saw new header hash=5e45b84ff748ff646a1d8de730548066c6ca8b7795290a24153d20278420f5e5 height=367
2025-10-30T17:48:08Z Saw new cmpctblock header hash=5e45b84ff748ff646a1d8de730548066c6ca8b7795290a24153d20278420f5e5 peer=0
2025-10-30T17:48:08Z UpdateTip: new best=5e45b84ff748ff646a1d8de730548066c6ca8b7795290a24153d20278420f5e5 height=367 version=0x30000000 log2_work=9.523562 tx=368 date='2025-10-30T17:49:07Z' progress=1.000000 cache=0.3MiB(367txo)
2025-10-30T17:48:08Z Saw new header hash=1017514ea4f03c7851045174fad6ce86c7ddae1abe745e4901fe5835358720d9 height=368
2025-10-30T17:48:08Z Saw new cmpctblock header hash=1017514ea4f03c7851045174fad6ce86c7ddae1abe745e4901fe5835358720d9 peer=0
2025-10-30T17:48:08Z UpdateTip: new best=1017514ea4f03c7851045174fad6ce86c7ddae1abe745e4901fe5835358720d9 height=368 version=0x30000000 log2_work=9.527477 tx=369 date='2025-10-30T17:49:08Z' progress=1.000000 cache=0.3MiB(368txo)
2025-10-30T17:48:08Z Saw new header hash=2f03e9c7f3d38f4c55a9c1ac5a35d9fef5aaa7abcffb8fe07b25abbffe50f03b height=369
2025-10-30T17:48:08Z Saw new cmpctblock header hash=2f03e9c7f3d38f4c55a9c1ac5a35d9fef5aaa7abcffb8fe07b25abbffe50f03b peer=0
2025-10-30T17:48:08Z UpdateTip: new best=2f03e9c7f3d38f4c55a9c1ac5a35d9fef5aaa7abcffb8fe07b25abbffe50f03b height=369 version=0x30000000 log2_work=9.531381 tx=370 date='2025-10-30T17:49:08Z' progress=1.000000 cache=0.3MiB(369txo)
2025-10-30T17:48:08Z Saw new header hash=02d6b119d433e1ef5a9ea7c312d8e52bca4e6a9caba89f035a445060850cf244 height=370
2025-10-30T17:48:08Z Saw new cmpctblock header hash=02d6b119d433e1ef5a9ea7c312d8e52bca4e6a9caba89f035a445060850cf244 peer=0
2025-10-30T17:48:08Z UpdateTip: new best=02d6b119d433e1ef5a9ea7c312d8e52bca4e6a9caba89f035a445060850cf244 height=370 version=0x30000000 log2_work=9.535275 tx=371 date='2025-10-30T17:49:08Z' progress=1.000000 cache=0.3MiB(370txo)
2025-10-30T17:48:08Z Saw new header hash=1194e44d73ce9f6416c5942fb44ebd78c7f3bdc47468f42ae2d8ff9abfae093a height=371
2025-10-30T17:48:08Z Saw new cmpctblock header hash=1194e44d73ce9f6416c5942fb44ebd78c7f3bdc47468f42ae2d8ff9abfae093a peer=0
2025-10-30T17:48:08Z UpdateTip: new best=1194e44d73ce9f6416c5942fb44ebd78c7f3bdc47468f42ae2d8ff9abfae093a height=371 version=0x30000000 log2_work=9.539159 tx=372 date='2025-10-30T17:49:08Z' progress=1.000000 cache=0.3MiB(371txo)
2025-10-30T17:48:08Z Saw new header hash=7f2264557db7d00fd7487f16234e7f18b678acf5786e5999f31be59ee9976053 height=372
2025-10-30T17:48:08Z Saw new cmpctblock header hash=7f2264557db7d00fd7487f16234e7f18b678acf5786e5999f31be59ee9976053 peer=0
2025-10-30T17:48:08Z UpdateTip: new best=7f2264557db7d00fd7487f16234e7f18b678acf5786e5999f31be59ee9976053 height=372 version=0x30000000 log2_work=9.543032 tx=373 date='2025-10-30T17:49:08Z' progress=1.000000 cache=0.3MiB(372txo)
2025-10-30T17:48:08Z Saw new header hash=041bb9a02ebc09c4a8b074eb1fa7801a718d9194523c0051bb6aa61eeb1c0d93 height=373
2025-10-30T17:48:08Z Saw new cmpctblock header hash=041bb9a02ebc09c4a8b074eb1fa7801a718d9194523c0051bb6aa61eeb1c0d93 peer=0
2025-10-30T17:48:08Z UpdateTip: new best=041bb9a02ebc09c4a8b074eb1fa7801a718d9194523c0051bb6aa61eeb1c0d93 height=373 version=0x30000000 log2_work=9.546894 tx=374 date='2025-10-30T17:49:08Z' progress=1.000000 cache=0.3MiB(373txo)
2025-10-30T17:48:08Z Saw new header hash=58b12a1e3fcff7efa1eb93306022278e02bc09005fd90fd404a84790cdfa2c3d height=374
2025-10-30T17:48:08Z Saw new cmpctblock header hash=58b12a1e3fcff7efa1eb93306022278e02bc09005fd90fd404a84790cdfa2c3d peer=0
2025-10-30T17:48:08Z UpdateTip: new best=58b12a1e3fcff7efa1eb93306022278e02bc09005fd90fd404a84790cdfa2c3d height=374 version=0x30000000 log2_work=9.550747 tx=375 date='2025-10-30T17:49:09Z' progress=1.000000 cache=0.3MiB(374txo)
2025-10-30T17:48:08Z Saw new header hash=6aa25b281dd0fe6cbe75b92bf8619355a2b9a50965720efeec9100423cec4d46 height=375
2025-10-30T17:48:08Z Saw new cmpctblock header hash=6aa25b281dd0fe6cbe75b92bf8619355a2b9a50965720efeec9100423cec4d46 peer=0
2025-10-30T17:48:08Z UpdateTip: new best=6aa25b281dd0fe6cbe75b92bf8619355a2b9a50965720efeec9100423cec4d46 height=375 version=0x30000000 log2_work=9.554589 tx=376 date='2025-10-30T17:49:09Z' progress=1.000000 cache=0.3MiB(375txo)
2025-10-30T17:48:08Z Saw new header hash=32ac0c905c5c0f77b3d728c55a5932bcf2932ae7d9678c8d1dbb3a6ec482ea0e height=376
2025-10-30T17:48:08Z Saw new cmpctblock header hash=32ac0c905c5c0f77b3d728c55a5932bcf2932ae7d9678c8d1dbb3a6ec482ea0e peer=0
2025-10-30T17:48:08Z UpdateTip: new best=32ac0c905c5c0f77b3d728c55a5932bcf2932ae7d9678c8d1dbb3a6ec482ea0e height=376 version=0x30000000 log2_work=9.558421 tx=377 date='2025-10-30T17:49:09Z' progress=1.000000 cache=0.3MiB(376txo)
2025-10-30T17:48:08Z Saw new header hash=2d285cba400a8ec6d455baa3c802ed6c2fd8f7d108b264ce38a4fe8f1902e951 height=377
2025-10-30T17:48:08Z Saw new cmpctblock header hash=2d285cba400a8ec6d455baa3c802ed6c2fd8f7d108b264ce38a4fe8f1902e951 peer=0
2025-10-30T17:48:08Z UpdateTip: new best=2d285cba400a8ec6d455baa3c802ed6c2fd8f7d108b264ce38a4fe8f1902e951 height=377 version=0x30000000 log2_work=9.562242 tx=378 date='2025-10-30T17:49:09Z' progress=1.000000 cache=0.3MiB(377txo)
2025-10-30T17:48:08Z Saw new header hash=0feef82db00fc0913093addd0b44542b55bd7426a8b4444b62d9eaa0c213a896 height=378
2025-10-30T17:48:08Z Saw new cmpctblock header hash=0feef82db00fc0913093addd0b44542b55bd7426a8b4444b62d9eaa0c213a896 peer=0
2025-10-30T17:48:08Z UpdateTip: new best=0feef82db00fc0913093addd0b44542b55bd7426a8b4444b62d9eaa0c213a896 height=378 version=0x30000000 log2_work=9.566054 tx=379 date='2025-10-30T17:49:09Z' progress=1.000000 cache=0.3MiB(378txo)
2025-10-30T17:48:08Z Saw new header hash=60366e16e5ab61a1984c6f57b052e7016d08b0b181b3598ba8d39e61048161ba height=379
2025-10-30T17:48:08Z Saw new cmpctblock header hash=60366e16e5ab61a1984c6f57b052e7016d08b0b181b3598ba8d39e61048161ba peer=0
2025-10-30T17:48:08Z UpdateTip: new best=60366e16e5ab61a1984c6f57b052e7016d08b0b181b3598ba8d39e61048161ba height=379 version=0x30000000 log2_work=9.569856 tx=380 date='2025-10-30T17:49:09Z' progress=1.000000 cache=0.3MiB(379txo)
2025-10-30T17:48:08Z Saw new header hash=158333f324bd05c422a4e513c0ab2a1e3079e282619df1f1042a59e8a32dcdf2 height=380
2025-10-30T17:48:08Z Saw new cmpctblock header hash=158333f324bd05c422a4e513c0ab2a1e3079e282619df1f1042a59e8a32dcdf2 peer=0
2025-10-30T17:48:08Z UpdateTip: new best=158333f324bd05c422a4e513c0ab2a1e3079e282619df1f1042a59e8a32dcdf2 height=380 version=0x30000000 log2_work=9.573647 tx=381 date='2025-10-30T17:49:10Z' progress=1.000000 cache=0.3MiB(380txo)
2025-10-30T17:48:08Z Saw new header hash=0aed2958d53614bc45ae74efa55a8a0797d8f0cc3d5ffdb700b054582e225004 height=381
2025-10-30T17:48:08Z Saw new cmpctblock header hash=0aed2958d53614bc45ae74efa55a8a0797d8f0cc3d5ffdb700b054582e225004 peer=0
2025-10-30T17:48:08Z UpdateTip: new best=0aed2958d53614bc45ae74efa55a8a0797d8f0cc3d5ffdb700b054582e225004 height=381 version=0x30000000 log2_work=9.577429 tx=382 date='2025-10-30T17:49:10Z' progress=1.000000 cache=0.3MiB(381txo)
2025-10-30T17:48:08Z Saw new header hash=3277cbbfb8505efc1c832b7cf8e961dd738693354db69d89e69536a513fbc207 height=382
2025-10-30T17:48:08Z Saw new cmpctblock header hash=3277cbbfb8505efc1c832b7cf8e961dd738693354db69d89e69536a513fbc207 peer=0
2025-10-30T17:48:08Z UpdateTip: new best=3277cbbfb8505efc1c832b7cf8e961dd738693354db69d89e69536a513fbc207 height=382 version=0x30000000 log2_work=9.581201 tx=383 date='2025-10-30T17:49:10Z' progress=1.000000 cache=0.3MiB(382txo)
2025-10-30T17:48:08Z Saw new header hash=6bbe46f953cf8bb4da997c4a9ae15e185c0989517bcc92b10222ab42c1971882 height=383
2025-10-30T17:48:08Z Saw new cmpctblock header hash=6bbe46f953cf8bb4da997c4a9ae15e185c0989517bcc92b10222ab42c1971882 peer=0
2025-10-30T17:48:08Z UpdateTip: new best=6bbe46f953cf8bb4da997c4a9ae15e185c0989517bcc92b10222ab42c1971882 height=383 version=0x30000000 log2_work=9.584963 tx=384 date='2025-10-30T17:49:10Z' progress=1.000000 cache=0.3MiB(383txo)
2025-10-30T17:48:08Z Saw new header hash=7eca001e3ee1283c98ee38aabac36412a1cf9b03278bebef66f14de0882e308e height=384
2025-10-30T17:48:08Z Saw new cmpctblock header hash=7eca001e3ee1283c98ee38aabac36412a1cf9b03278bebef66f14de0882e308e peer=0
2025-10-30T17:48:08Z UpdateTip: new best=7eca001e3ee1283c98ee38aabac36412a1cf9b03278bebef66f14de0882e308e height=384 version=0x30000000 log2_work=9.588715 tx=385 date='2025-10-30T17:49:10Z' progress=1.000000 cache=0.3MiB(384txo)
2025-10-30T17:48:08Z Saw new header hash=063dcfe677b798c4b60bdfd0db562a8693e54539ce9e9249d01db9815650e70a height=385
2025-10-30T17:48:08Z Saw new cmpctblock header hash=063dcfe677b798c4b60bdfd0db562a8693e54539ce9e9249d01db9815650e70a peer=0
2025-10-30T17:48:08Z UpdateTip: new best=063dcfe677b798c4b60bdfd0db562a8693e54539ce9e9249d01db9815650e70a height=385 version=0x30000000 log2_work=9.592457 tx=386 date='2025-10-30T17:49:10Z' progress=1.000000 cache=0.3MiB(385txo)
2025-10-30T17:48:08Z Saw new header hash=737ab9324ab0321a487c333bfd848e606f385762d20c298f3bed18fddf4b92c0 height=386
2025-10-30T17:48:08Z Saw new cmpctblock header hash=737ab9324ab0321a487c333bfd848e606f385762d20c298f3bed18fddf4b92c0 peer=0
2025-10-30T17:48:08Z UpdateTip: new best=737ab9324ab0321a487c333bfd848e606f385762d20c298f3bed18fddf4b92c0 height=386 version=0x30000000 log2_work=9.596190 tx=387 date='2025-10-30T17:49:11Z' progress=1.000000 cache=0.3MiB(386txo)
2025-10-30T17:48:08Z Saw new header hash=049bcd31a74e53fb25a944678608116edbd7c74a654cfc500d94064c5617abc3 height=387
2025-10-30T17:48:08Z Saw new cmpctblock header hash=049bcd31a74e53fb25a944678608116edbd7c74a654cfc500d94064c5617abc3 peer=0
2025-10-30T17:48:08Z UpdateTip: new best=049bcd31a74e53fb25a944678608116edbd7c74a654cfc500d94064c5617abc3 height=387 version=0x30000000 log2_work=9.599913 tx=388 date='2025-10-30T17:49:11Z' progress=1.000000 cache=0.3MiB(387txo)
2025-10-30T17:48:08Z Saw new header hash=7c2aff3b92f109768b19c882e923e726325964f80408df6fc6d5a129aa502e87 height=388
2025-10-30T17:48:08Z Saw new cmpctblock header hash=7c2aff3b92f109768b19c882e923e726325964f80408df6fc6d5a129aa502e87 peer=0
2025-10-30T17:48:08Z UpdateTip: new best=7c2aff3b92f109768b19c882e923e726325964f80408df6fc6d5a129aa502e87 height=388 version=0x30000000 log2_work=9.603626 tx=389 date='2025-10-30T17:49:11Z' progress=1.000000 cache=0.3MiB(388txo)
2025-10-30T17:48:08Z Saw new header hash=1175a7d6132374faaf9d77b00654e0197422be33e635159618e40b85a9a6d030 height=389
2025-10-30T17:48:08Z Saw new cmpctblock header hash=1175a7d6132374faaf9d77b00654e0197422be33e635159618e40b85a9a6d030 peer=0
2025-10-30T17:48:08Z UpdateTip: new best=1175a7d6132374faaf9d77b00654e0197422be33e635159618e40b85a9a6d030 height=389 version=0x30000000 log2_work=9.607330 tx=390 date='2025-10-30T17:49:11Z' progress=1.000000 cache=0.3MiB(389txo)
2025-10-30T17:48:08Z Saw new header hash=6467f0807ee3bad00f17dd7c90165429d9302671e5cd33f4baeb08abf1ffe584 height=390
2025-10-30T17:48:08Z Saw new cmpctblock header hash=6467f0807ee3bad00f17dd7c90165429d9302671e5cd33f4baeb08abf1ffe584 peer=0
2025-10-30T17:48:08Z UpdateTip: new best=6467f0807ee3bad00f17dd7c90165429d9302671e5cd33f4baeb08abf1ffe584 height=390 version=0x30000000 log2_work=9.611025 tx=391 date='2025-10-30T17:49:11Z' progress=1.000000 cache=0.3MiB(390txo)
2025-10-30T17:48:08Z Saw new header hash=715f472c1f96ed8a9df864c850fe8f55f67ed87cb67a8cfcb980450801b1ef1b height=391
2025-10-30T17:48:08Z Saw new cmpctblock header hash=715f472c1f96ed8a9df864c850fe8f55f67ed87cb67a8cfcb980450801b1ef1b peer=0
2025-10-30T17:48:08Z UpdateTip: new best=715f472c1f96ed8a9df864c850fe8f55f67ed87cb67a8cfcb980450801b1ef1b height=391 version=0x30000000 log2_work=9.614710 tx=392 date='2025-10-30T17:49:11Z' progress=1.000000 cache=0.3MiB(391txo)
2025-10-30T17:48:08Z Saw new header hash=76aee22f7177378b5d45bf473751a2b95931bcb0e500101090e5aba6efc3b748 height=392
2025-10-30T17:48:08Z Saw new cmpctblock header hash=76aee22f7177378b5d45bf473751a2b95931bcb0e500101090e5aba6efc3b748 peer=0
2025-10-30T17:48:08Z UpdateTip: new best=76aee22f7177378b5d45bf473751a2b95931bcb0e500101090e5aba6efc3b748 height=392 version=0x30000000 log2_work=9.618386 tx=393 date='2025-10-30T17:49:12Z' progress=1.000000 cache=0.3MiB(392txo)
2025-10-30T17:48:08Z Saw new header hash=557fbd9f4b53cb16422f7a4b9910745c10083b97a2a7044b5e3ac4395ccdaef1 height=393
2025-10-30T17:48:08Z Saw new cmpctblock header hash=557fbd9f4b53cb16422f7a4b9910745c10083b97a2a7044b5e3ac4395ccdaef1 peer=0
2025-10-30T17:48:08Z UpdateTip: new best=557fbd9f4b53cb16422f7a4b9910745c10083b97a2a7044b5e3ac4395ccdaef1 height=393 version=0x30000000 log2_work=9.622052 tx=394 date='2025-10-30T17:49:12Z' progress=1.000000 cache=0.3MiB(393txo)
2025-10-30T17:48:08Z Saw new header hash=501293505c0572e428550c204840baa68c027b144357963871641731c19c4403 height=394
2025-10-30T17:48:08Z Saw new cmpctblock header hash=501293505c0572e428550c204840baa68c027b144357963871641731c19c4403 peer=0
2025-10-30T17:48:08Z UpdateTip: new best=501293505c0572e428550c204840baa68c027b144357963871641731c19c4403 height=394 version=0x30000000 log2_work=9.625709 tx=395 date='2025-10-30T17:49:12Z' progress=1.000000 cache=0.3MiB(394txo)
2025-10-30T17:48:08Z Saw new header hash=037e13498f38f5e1cbcbd7764b69a5705d90e87b813c54b9adc03fd9093923cf height=395
2025-10-30T17:48:08Z Saw new cmpctblock header hash=037e13498f38f5e1cbcbd7764b69a5705d90e87b813c54b9adc03fd9093923cf peer=0
2025-10-30T17:48:08Z UpdateTip: new best=037e13498f38f5e1cbcbd7764b69a5705d90e87b813c54b9adc03fd9093923cf height=395 version=0x30000000 log2_work=9.629357 tx=396 date='2025-10-30T17:49:12Z' progress=1.000000 cache=0.3MiB(395txo)
2025-10-30T17:48:08Z Saw new header hash=167c759500f0ca7219fe82524cf1404023ad67752b0ae50d4bd8022275066144 height=396
2025-10-30T17:48:08Z Saw new cmpctblock header hash=167c759500f0ca7219fe82524cf1404023ad67752b0ae50d4bd8022275066144 peer=0
2025-10-30T17:48:08Z UpdateTip: new best=167c759500f0ca7219fe82524cf1404023ad67752b0ae50d4bd8022275066144 height=396 version=0x30000000 log2_work=9.632995 tx=397 date='2025-10-30T17:49:12Z' progress=1.000000 cache=0.3MiB(396txo)
2025-10-30T17:48:08Z Saw new header hash=1b03ea71ec5e9449ceec11885d568fca09466e94633fa74607dc14b71b306767 height=397
2025-10-30T17:48:08Z Saw new cmpctblock header hash=1b03ea71ec5e9449ceec11885d568fca09466e94633fa74607dc14b71b306767 peer=0
2025-10-30T17:48:08Z UpdateTip: new best=1b03ea71ec5e9449ceec11885d568fca09466e94633fa74607dc14b71b306767 height=397 version=0x30000000 log2_work=9.636625 tx=398 date='2025-10-30T17:49:12Z' progress=1.000000 cache=0.3MiB(397txo)
2025-10-30T17:48:08Z Saw new header hash=50bef89b22c0a457482a6cceff6949d59850d9cff42a84b230ce1f0a7e783297 height=398
2025-10-30T17:48:08Z Saw new cmpctblock header hash=50bef89b22c0a457482a6cceff6949d59850d9cff42a84b230ce1f0a7e783297 peer=0
2025-10-30T17:48:08Z UpdateTip: new best=50bef89b22c0a457482a6cceff6949d59850d9cff42a84b230ce1f0a7e783297 height=398 version=0x30000000 log2_work=9.640245 tx=399 date='2025-10-30T17:49:13Z' progress=1.000000 cache=0.3MiB(398txo)
2025-10-30T17:48:08Z Saw new header hash=33258df1df2138b7d719c087c7bbd3dec547d3f5f58bee3a0e3f7e477e7f05ea height=399
2025-10-30T17:48:08Z Saw new cmpctblock header hash=33258df1df2138b7d719c087c7bbd3dec547d3f5f58bee3a0e3f7e477e7f05ea peer=0
2025-10-30T17:48:08Z UpdateTip: new best=33258df1df2138b7d719c087c7bbd3dec547d3f5f58bee3a0e3f7e477e7f05ea height=399 version=0x30000000 log2_work=9.643856 tx=400 date='2025-10-30T17:49:13Z' progress=1.000000 cache=0.3MiB(399txo)
2025-10-30T17:48:08Z Saw new header hash=6b7f4303c55cbe254dc7596ab27704bfc8ee1391540045d20288b79917b4239b height=400
2025-10-30T17:48:08Z Saw new cmpctblock header hash=6b7f4303c55cbe254dc7596ab27704bfc8ee1391540045d20288b79917b4239b peer=0
2025-10-30T17:48:08Z UpdateTip: new best=6b7f4303c55cbe254dc7596ab27704bfc8ee1391540045d20288b79917b4239b height=400 version=0x30000000 log2_work=9.647458 tx=401 date='2025-10-30T17:49:13Z' progress=1.000000 cache=0.3MiB(400txo)
2025-10-30T17:48:08Z Saw new header hash=53de820029e19843dcb4020ceeca42942a9549f71cde6cc5965802e0f3361644 height=401
2025-10-30T17:48:08Z Saw new cmpctblock header hash=53de820029e19843dcb4020ceeca42942a9549f71cde6cc5965802e0f3361644 peer=0
2025-10-30T17:48:08Z UpdateTip: new best=53de820029e19843dcb4020ceeca42942a9549f71cde6cc5965802e0f3361644 height=401 version=0x30000000 log2_work=9.651052 tx=402 date='2025-10-30T17:49:13Z' progress=1.000000 cache=0.3MiB(401txo)
2025-10-30T17:48:08Z Saw new header hash=03491dc9df872056c8cd73f10c1fdfca3aaa7d40508c2fb143322bcb300a3deb height=402
2025-10-30T17:48:08Z Saw new cmpctblock header hash=03491dc9df872056c8cd73f10c1fdfca3aaa7d40508c2fb143322bcb300a3deb peer=0
2025-10-30T17:48:08Z UpdateTip: new best=03491dc9df872056c8cd73f10c1fdfca3aaa7d40508c2fb143322bcb300a3deb height=402 version=0x30000000 log2_work=9.654636 tx=403 date='2025-10-30T17:49:13Z' progress=1.000000 cache=0.3MiB(402txo)
2025-10-30T17:48:08Z Saw new header hash=234838a9a2d3f57b6370ed3081c2a89754557a4a06beb4f238457a8fdb434c50 height=403
2025-10-30T17:48:08Z Saw new cmpctblock header hash=234838a9a2d3f57b6370ed3081c2a89754557a4a06beb4f238457a8fdb434c50 peer=0
2025-10-30T17:48:08Z UpdateTip: new best=234838a9a2d3f57b6370ed3081c2a89754557a4a06beb4f238457a8fdb434c50 height=403 version=0x30000000 log2_work=9.658211 tx=404 date='2025-10-30T17:49:13Z' progress=1.000000 cache=0.3MiB(403txo)
2025-10-30T17:48:08Z Saw new header hash=7a18125a23ad585fa1ab049c1f6c8cd0b679120000ecf3825579bea80bef56fe height=404
2025-10-30T17:48:08Z Saw new cmpctblock header hash=7a18125a23ad585fa1ab049c1f6c8cd0b679120000ecf3825579bea80bef56fe peer=0
2025-10-30T17:48:08Z UpdateTip: new best=7a18125a23ad585fa1ab049c1f6c8cd0b679120000ecf3825579bea80bef56fe height=404 version=0x30000000 log2_work=9.661778 tx=405 date='2025-10-30T17:49:14Z' progress=1.000000 cache=0.3MiB(404txo)
2025-10-30T17:48:08Z Saw new header hash=45d217a9c5f6fa0f4d323248d3afc1fb9ead85dce218cdaa812909749b98a368 height=405
2025-10-30T17:48:08Z Saw new cmpctblock header hash=45d217a9c5f6fa0f4d323248d3afc1fb9ead85dce218cdaa812909749b98a368 peer=0
2025-10-30T17:48:08Z UpdateTip: new best=45d217a9c5f6fa0f4d323248d3afc1fb9ead85dce218cdaa812909749b98a368 height=405 version=0x30000000 log2_work=9.665336 tx=406 date='2025-10-30T17:49:14Z' progress=1.000000 cache=0.3MiB(405txo)
2025-10-30T17:48:08Z Saw new header hash=20171630598be39044853fe97e0175d6003464a445bfc72ec48e3fcbf55cfdae height=406
2025-10-30T17:48:08Z Saw new cmpctblock header hash=20171630598be39044853fe97e0175d6003464a445bfc72ec48e3fcbf55cfdae peer=0
2025-10-30T17:48:08Z UpdateTip: new best=20171630598be39044853fe97e0175d6003464a445bfc72ec48e3fcbf55cfdae height=406 version=0x30000000 log2_work=9.668885 tx=407 date='2025-10-30T17:49:14Z' progress=1.000000 cache=0.3MiB(406txo)
2025-10-30T17:48:08Z Saw new header hash=4481293aaddc781dc5cbb5b07c4afed80e128df65f914628c72b477d9a5dc7eb height=407
2025-10-30T17:48:08Z Saw new cmpctblock header hash=4481293aaddc781dc5cbb5b07c4afed80e128df65f914628c72b477d9a5dc7eb peer=0
2025-10-30T17:48:08Z UpdateTip: new best=4481293aaddc781dc5cbb5b07c4afed80e128df65f914628c72b477d9a5dc7eb height=407 version=0x30000000 log2_work=9.672425 tx=408 date='2025-10-30T17:49:14Z' progress=1.000000 cache=0.3MiB(407txo)
2025-10-30T17:48:08Z Saw new header hash=6ab5aba0908a7679729922c32e579bf11b9ef81179f0d409d07daaea6ab94404 height=408
2025-10-30T17:48:08Z Saw new cmpctblock header hash=6ab5aba0908a7679729922c32e579bf11b9ef81179f0d409d07daaea6ab94404 peer=0
2025-10-30T17:48:08Z UpdateTip: new best=6ab5aba0908a7679729922c32e579bf11b9ef81179f0d409d07daaea6ab94404 height=408 version=0x30000000 log2_work=9.675957 tx=409 date='2025-10-30T17:49:14Z' progress=1.000000 cache=0.3MiB(408txo)
2025-10-30T17:48:08Z Saw new header hash=0d1957534301c625bacc96cdb5b24b5b5d3aeaea00619c9403c665a054d29150 height=409
2025-10-30T17:48:08Z Saw new cmpctblock header hash=0d1957534301c625bacc96cdb5b24b5b5d3aeaea00619c9403c665a054d29150 peer=0
2025-10-30T17:48:08Z UpdateTip: new best=0d1957534301c625bacc96cdb5b24b5b5d3aeaea00619c9403c665a054d29150 height=409 version=0x30000000 log2_work=9.679480 tx=410 date='2025-10-30T17:49:14Z' progress=1.000000 cache=0.3MiB(409txo)
2025-10-30T17:48:08Z Saw new header hash=5cd4fe96d6a5d57b975bcf9edab78398dd964d4e9f3105a67bba9030e5743895 height=410
2025-10-30T17:48:08Z Saw new cmpctblock header hash=5cd4fe96d6a5d57b975bcf9edab78398dd964d4e9f3105a67bba9030e5743895 peer=0
2025-10-30T17:48:08Z UpdateTip: new best=5cd4fe96d6a5d57b975bcf9edab78398dd964d4e9f3105a67bba9030e5743895 height=410 version=0x30000000 log2_work=9.682995 tx=411 date='2025-10-30T17:49:15Z' progress=1.000000 cache=0.3MiB(410txo)
2025-10-30T17:48:08Z Saw new header hash=2b68fcc53c7ebb4b9b05d762d4cf8a5cdfa1e2b4f225a424eee2fa9e24e85c99 height=411
2025-10-30T17:48:08Z Saw new cmpctblock header hash=2b68fcc53c7ebb4b9b05d762d4cf8a5cdfa1e2b4f225a424eee2fa9e24e85c99 peer=0
2025-10-30T17:48:08Z UpdateTip: new best=2b68fcc53c7ebb4b9b05d762d4cf8a5cdfa1e2b4f225a424eee2fa9e24e85c99 height=411 version=0x30000000 log2_work=9.686501 tx=412 date='2025-10-30T17:49:15Z' progress=1.000000 cache=0.3MiB(411txo)
2025-10-30T17:48:08Z Saw new header hash=6f1db9783b93c077c0e22b23c7e416daa6356d54e551ddc7e53ed8453a3169f1 height=412
2025-10-30T17:48:08Z Saw new cmpctblock header hash=6f1db9783b93c077c0e22b23c7e416daa6356d54e551ddc7e53ed8453a3169f1 peer=0
2025-10-30T17:48:08Z UpdateTip: new best=6f1db9783b93c077c0e22b23c7e416daa6356d54e551ddc7e53ed8453a3169f1 height=412 version=0x30000000 log2_work=9.689998 tx=413 date='2025-10-30T17:49:15Z' progress=1.000000 cache=0.3MiB(412txo)
2025-10-30T17:48:08Z Saw new header hash=459686b08cb18d2413d409e46325522f705d66016425c6da1d367ad5817fad32 height=413
2025-10-30T17:48:08Z Saw new cmpctblock header hash=459686b08cb18d2413d409e46325522f705d66016425c6da1d367ad5817fad32 peer=0
2025-10-30T17:48:08Z UpdateTip: new best=459686b08cb18d2413d409e46325522f705d66016425c6da1d367ad5817fad32 height=413 version=0x30000000 log2_work=9.693487 tx=414 date='2025-10-30T17:49:15Z' progress=1.000000 cache=0.3MiB(413txo)
2025-10-30T17:48:08Z Saw new header hash=722b62704d465903d3c3dd2da6b2b84f712e0c5308d5c727ed0e0fdfca260b95 height=414
2025-10-30T17:48:08Z Saw new cmpctblock header hash=722b62704d465903d3c3dd2da6b2b84f712e0c5308d5c727ed0e0fdfca260b95 peer=0
2025-10-30T17:48:08Z UpdateTip: new best=722b62704d465903d3c3dd2da6b2b84f712e0c5308d5c727ed0e0fdfca260b95 height=414 version=0x30000000 log2_work=9.696968 tx=415 date='2025-10-30T17:49:15Z' progress=1.000000 cache=0.3MiB(414txo)
2025-10-30T17:48:08Z Saw new header hash=36bf76e3ad762d7e73b169cc896996f0f7a376db1316a0f883730f8f1463c158 height=415
2025-10-30T17:48:08Z Saw new cmpctblock header hash=36bf76e3ad762d7e73b169cc896996f0f7a376db1316a0f883730f8f1463c158 peer=0
2025-10-30T17:48:08Z UpdateTip: new best=36bf76e3ad762d7e73b169cc896996f0f7a376db1316a0f883730f8f1463c158 height=415 version=0x30000000 log2_work=9.700440 tx=416 date='2025-10-30T17:49:15Z' progress=1.000000 cache=0.3MiB(415txo)
2025-10-30T17:48:08Z Saw new header hash=5992a234379390c612ae8badd4620975bd3179436638e2abb89660ae6e900df2 height=416
2025-10-30T17:48:08Z Saw new cmpctblock header hash=5992a234379390c612ae8badd4620975bd3179436638e2abb89660ae6e900df2 peer=0
2025-10-30T17:48:08Z UpdateTip: new best=5992a234379390c612ae8badd4620975bd3179436638e2abb89660ae6e900df2 height=416 version=0x30000000 log2_work=9.703904 tx=417 date='2025-10-30T17:49:16Z' progress=1.000000 cache=0.3MiB(416txo)
2025-10-30T17:48:08Z Saw new header hash=167f05423307b4e118eecd97817d26e09e706b89d1aa78e19dc8025835492429 height=417
2025-10-30T17:48:08Z Saw new cmpctblock header hash=167f05423307b4e118eecd97817d26e09e706b89d1aa78e19dc8025835492429 peer=0
2025-10-30T17:48:08Z UpdateTip: new best=167f05423307b4e118eecd97817d26e09e706b89d1aa78e19dc8025835492429 height=417 version=0x30000000 log2_work=9.707359 tx=418 date='2025-10-30T17:49:16Z' progress=1.000000 cache=0.3MiB(417txo)
2025-10-30T17:48:08Z Saw new header hash=41b3ee1ee2bb61eacea9fc9257fd12d49b18a8f55039d316e164417d5468d7c2 height=418
2025-10-30T17:48:08Z Saw new cmpctblock header hash=41b3ee1ee2bb61eacea9fc9257fd12d49b18a8f55039d316e164417d5468d7c2 peer=0
2025-10-30T17:48:08Z UpdateTip: new best=41b3ee1ee2bb61eacea9fc9257fd12d49b18a8f55039d316e164417d5468d7c2 height=418 version=0x30000000 log2_work=9.710806 tx=419 date='2025-10-30T17:49:16Z' progress=1.000000 cache=0.3MiB(418txo)
2025-10-30T17:48:08Z Saw new header hash=37d5c1d6cab5e662f441470152c9bba6015112f485ae73d039c29237b91663d6 height=419
2025-10-30T17:48:08Z Saw new cmpctblock header hash=37d5c1d6cab5e662f441470152c9bba6015112f485ae73d039c29237b91663d6 peer=0
2025-10-30T17:48:08Z UpdateTip: new best=37d5c1d6cab5e662f441470152c9bba6015112f485ae73d039c29237b91663d6 height=419 version=0x30000000 log2_work=9.714246 tx=420 date='2025-10-30T17:49:16Z' progress=1.000000 cache=0.3MiB(419txo)
2025-10-30T17:48:08Z Saw new header hash=03a9ebb5ce4001c0a615e00e715562faf65f29343014b41bab631c952328d414 height=420
2025-10-30T17:48:08Z Saw new cmpctblock header hash=03a9ebb5ce4001c0a615e00e715562faf65f29343014b41bab631c952328d414 peer=0
2025-10-30T17:48:08Z UpdateTip: new best=03a9ebb5ce4001c0a615e00e715562faf65f29343014b41bab631c952328d414 height=420 version=0x30000000 log2_work=9.717676 tx=421 date='2025-10-30T17:49:16Z' progress=1.000000 cache=0.3MiB(420txo)
2025-10-30T17:48:08Z Saw new header hash=17ee077ac6936603b3c27ffec8dce2cdf347cfc586a91a09bbc9cd537cb047a3 height=421
2025-10-30T17:48:08Z Saw new cmpctblock header hash=17ee077ac6936603b3c27ffec8dce2cdf347cfc586a91a09bbc9cd537cb047a3 peer=0
2025-10-30T17:48:08Z UpdateTip: new best=17ee077ac6936603b3c27ffec8dce2cdf347cfc586a91a09bbc9cd537cb047a3 height=421 version=0x30000000 log2_work=9.721099 tx=422 date='2025-10-30T17:49:16Z' progress=1.000000 cache=0.3MiB(421txo)
2025-10-30T17:48:08Z Saw new header hash=349f01f080bd5986ea716ed5a6f660fb12ceb3e19f7731006af869391a07749a height=422
2025-10-30T17:48:08Z Saw new cmpctblock header hash=349f01f080bd5986ea716ed5a6f660fb12ceb3e19f7731006af869391a07749a peer=0
2025-10-30T17:48:08Z UpdateTip: new best=349f01f080bd5986ea716ed5a6f660fb12ceb3e19f7731006af869391a07749a height=422 version=0x30000000 log2_work=9.724514 tx=423 date='2025-10-30T17:49:17Z' progress=1.000000 cache=0.3MiB(422txo)
2025-10-30T17:48:08Z Saw new header hash=310685fa00c396b6fbaf1951a4e6386ddce29e99a6b18aa7c0cb94aa059fb69c height=423
2025-10-30T17:48:08Z Saw new cmpctblock header hash=310685fa00c396b6fbaf1951a4e6386ddce29e99a6b18aa7c0cb94aa059fb69c peer=0
2025-10-30T17:48:08Z UpdateTip: new best=310685fa00c396b6fbaf1951a4e6386ddce29e99a6b18aa7c0cb94aa059fb69c height=423 version=0x30000000 log2_work=9.727920 tx=424 date='2025-10-30T17:49:17Z' progress=1.000000 cache=0.3MiB(423txo)
2025-10-30T17:48:08Z Saw new header hash=1926f41720050cdd85fc7ee7d24491b96ee345f03dd663c06c10c17c339c6ef7 height=424
2025-10-30T17:48:08Z Saw new cmpctblock header hash=1926f41720050cdd85fc7ee7d24491b96ee345f03dd663c06c10c17c339c6ef7 peer=0
2025-10-30T17:48:08Z UpdateTip: new best=1926f41720050cdd85fc7ee7d24491b96ee345f03dd663c06c10c17c339c6ef7 height=424 version=0x30000000 log2_work=9.731319 tx=425 date='2025-10-30T17:49:17Z' progress=1.000000 cache=0.3MiB(424txo)
2025-10-30T17:48:08Z Saw new header hash=0944c88baeedafdd5c27f229a08e0f460e628964a430ffdbdeb43f908241ece3 height=425
2025-10-30T17:48:08Z Saw new cmpctblock header hash=0944c88baeedafdd5c27f229a08e0f460e628964a430ffdbdeb43f908241ece3 peer=0
2025-10-30T17:48:08Z UpdateTip: new best=0944c88baeedafdd5c27f229a08e0f460e628964a430ffdbdeb43f908241ece3 height=425 version=0x30000000 log2_work=9.734710 tx=426 date='2025-10-30T17:49:17Z' progress=1.000000 cache=0.3MiB(425txo)
2025-10-30T17:48:08Z Saw new header hash=44d550ad1e74dce27400ace7d50e269bed7ed155eaee3390911189c9b57f1553 height=426
2025-10-30T17:48:08Z Saw new cmpctblock header hash=44d550ad1e74dce27400ace7d50e269bed7ed155eaee3390911189c9b57f1553 peer=0
2025-10-30T17:48:08Z UpdateTip: new best=44d550ad1e74dce27400ace7d50e269bed7ed155eaee3390911189c9b57f1553 height=426 version=0x30000000 log2_work=9.738092 tx=427 date='2025-10-30T17:49:17Z' progress=1.000000 cache=0.3MiB(426txo)
2025-10-30T17:48:08Z Saw new header hash=74eb8e8a4101b0eff304def70912993c09a3b9a37ef96690d6b567fe736118b8 height=427
2025-10-30T17:48:08Z Saw new cmpctblock header hash=74eb8e8a4101b0eff304def70912993c09a3b9a37ef96690d6b567fe736118b8 peer=0
2025-10-30T17:48:08Z UpdateTip: new best=74eb8e8a4101b0eff304def70912993c09a3b9a37ef96690d6b567fe736118b8 height=427 version=0x30000000 log2_work=9.741467 tx=428 date='2025-10-30T17:49:17Z' progress=1.000000 cache=0.3MiB(427txo)
2025-10-30T17:48:08Z Saw new header hash=72781486ea46e1d3479034e868139b7c47b7d453be58dceb64de30f826118556 height=428
2025-10-30T17:48:08Z Saw new cmpctblock header hash=72781486ea46e1d3479034e868139b7c47b7d453be58dceb64de30f826118556 peer=0
2025-10-30T17:48:08Z UpdateTip: new best=72781486ea46e1d3479034e868139b7c47b7d453be58dceb64de30f826118556 height=428 version=0x30000000 log2_work=9.744834 tx=429 date='2025-10-30T17:49:18Z' progress=1.000000 cache=0.3MiB(428txo)
2025-10-30T17:48:08Z Saw new header hash=6a67537ac3fe359b9fbcc2802e479503e48663fc241e0a3f856b9e76ec8a991f height=429
2025-10-30T17:48:08Z Saw new cmpctblock header hash=6a67537ac3fe359b9fbcc2802e479503e48663fc241e0a3f856b9e76ec8a991f peer=0
2025-10-30T17:48:08Z UpdateTip: new best=6a67537ac3fe359b9fbcc2802e479503e48663fc241e0a3f856b9e76ec8a991f height=429 version=0x30000000 log2_work=9.748193 tx=430 date='2025-10-30T17:49:18Z' progress=1.000000 cache=0.3MiB(429txo)
2025-10-30T17:48:08Z Saw new header hash=5eff9a451c6489d379c93a3bde78a0d018cf1b591a3a625bfa6ca513deaac7b0 height=430
2025-10-30T17:48:08Z Saw new cmpctblock header hash=5eff9a451c6489d379c93a3bde78a0d018cf1b591a3a625bfa6ca513deaac7b0 peer=0
2025-10-30T17:48:08Z UpdateTip: new best=5eff9a451c6489d379c93a3bde78a0d018cf1b591a3a625bfa6ca513deaac7b0 height=430 version=0x30000000 log2_work=9.751544 tx=431 date='2025-10-30T17:49:18Z' progress=1.000000 cache=0.3MiB(430txo)
2025-10-30T17:48:08Z Saw new header hash=4e7384f1fbdbb1df3a000b2d1192fb3189df476d84177e64cd68a176af53f98d height=431
2025-10-30T17:48:08Z Saw new cmpctblock header hash=4e7384f1fbdbb1df3a000b2d1192fb3189df476d84177e64cd68a176af53f98d peer=0
2025-10-30T17:48:08Z UpdateTip: new best=4e7384f1fbdbb1df3a000b2d1192fb3189df476d84177e64cd68a176af53f98d height=431 version=0x30000000 log2_work=9.754888 tx=432 date='2025-10-30T17:49:18Z' progress=1.000000 cache=0.3MiB(431txo)
2025-10-30T17:48:08Z Saw new header hash=78bd9f1890cd1687a861d84fc7592b5e9c46cceee7c24cbca07014fa513a06ab height=432
2025-10-30T17:48:08Z Saw new cmpctblock header hash=78bd9f1890cd1687a861d84fc7592b5e9c46cceee7c24cbca07014fa513a06ab peer=0
2025-10-30T17:48:08Z UpdateTip: new best=78bd9f1890cd1687a861d84fc7592b5e9c46cceee7c24cbca07014fa513a06ab height=432 version=0x20000000 log2_work=9.758223 tx=433 date='2025-10-30T17:49:18Z' progress=1.000000 cache=0.3MiB(432txo)
2025-10-30T17:48:08Z Saw new header hash=7e467c56434ae674dabe220e7a4b4ae0312f27d6dbfe5e8c73a182a955d2209b height=433
2025-10-30T17:48:08Z Saw new cmpctblock header hash=7e467c56434ae674dabe220e7a4b4ae0312f27d6dbfe5e8c73a182a955d2209b peer=0
2025-10-30T17:48:08Z UpdateTip: new best=7e467c56434ae674dabe220e7a4b4ae0312f27d6dbfe5e8c73a182a955d2209b height=433 version=0x20000000 log2_work=9.761551 tx=434 date='2025-10-30T17:49:18Z' progress=1.000000 cache=0.3MiB(433txo)
2025-10-30T17:48:08Z Saw new header hash=34fda4204d06514ab9a7704ace6003daa26af36936b3f6ced9675ac52b8ba72c height=434
2025-10-30T17:48:08Z Saw new cmpctblock header hash=34fda4204d06514ab9a7704ace6003daa26af36936b3f6ced9675ac52b8ba72c peer=0
2025-10-30T17:48:08Z UpdateTip: new best=34fda4204d06514ab9a7704ace6003daa26af36936b3f6ced9675ac52b8ba72c height=434 version=0x20000000 log2_work=9.764872 tx=435 date='2025-10-30T17:49:19Z' progress=1.000000 cache=0.3MiB(434txo)
2025-10-30T17:48:08Z Saw new header hash=7b84bb0a391ea1f16148635a24fd6b6804fe1459a37e9467c8ee1c0912b11ddc height=435
2025-10-30T17:48:08Z Saw new cmpctblock header hash=7b84bb0a391ea1f16148635a24fd6b6804fe1459a37e9467c8ee1c0912b11ddc peer=0
2025-10-30T17:48:08Z UpdateTip: new best=7b84bb0a391ea1f16148635a24fd6b6804fe1459a37e9467c8ee1c0912b11ddc height=435 version=0x20000000 log2_work=9.768184 tx=436 date='2025-10-30T17:49:19Z' progress=1.000000 cache=0.3MiB(435txo)
2025-10-30T17:48:08Z Saw new header hash=7576acf62939ae77a59e0bf95012678fb86b46413d8e6bbfdd3cd3a425691de8 height=436
2025-10-30T17:48:08Z Saw new cmpctblock header hash=7576acf62939ae77a59e0bf95012678fb86b46413d8e6bbfdd3cd3a425691de8 peer=0
2025-10-30T17:48:08Z UpdateTip: new best=7576acf62939ae77a59e0bf95012678fb86b46413d8e6bbfdd3cd3a425691de8 height=436 version=0x20000000 log2_work=9.771489 tx=437 date='2025-10-30T17:49:19Z' progress=1.000000 cache=0.3MiB(436txo)
2025-10-30T17:48:08Z Saw new header hash=1439ae51af87ccca904e46c925476c6df7434935c281c26420afce05244e1e19 height=437
2025-10-30T17:48:08Z Saw new cmpctblock header hash=1439ae51af87ccca904e46c925476c6df7434935c281c26420afce05244e1e19 peer=0
2025-10-30T17:48:08Z UpdateTip: new best=1439ae51af87ccca904e46c925476c6df7434935c281c26420afce05244e1e19 height=437 version=0x20000000 log2_work=9.774787 tx=438 date='2025-10-30T17:49:19Z' progress=1.000000 cache=0.3MiB(437txo)
2025-10-30T17:48:08Z Saw new header hash=7dbbbcd37b5aa24e378b3497381d72f7cb0bd13624b694611004eccf05ce9ee1 height=438
2025-10-30T17:48:08Z Saw new cmpctblock header hash=7dbbbcd37b5aa24e378b3497381d72f7cb0bd13624b694611004eccf05ce9ee1 peer=0
2025-10-30T17:48:08Z UpdateTip: new best=7dbbbcd37b5aa24e378b3497381d72f7cb0bd13624b694611004eccf05ce9ee1 height=438 version=0x20000000 log2_work=9.778077 tx=439 date='2025-10-30T17:49:19Z' progress=1.000000 cache=0.3MiB(438txo)
2025-10-30T17:48:08Z Saw new header hash=49b6525d1ac077923106aefa534deaf5b9ec9f2f5cd252da8a4908ec569fc98e height=439
2025-10-30T17:48:08Z Saw new cmpctblock header hash=49b6525d1ac077923106aefa534deaf5b9ec9f2f5cd252da8a4908ec569fc98e peer=0
2025-10-30T17:48:08Z UpdateTip: new best=49b6525d1ac077923106aefa534deaf5b9ec9f2f5cd252da8a4908ec569fc98e height=439 version=0x20000000 log2_work=9.781360 tx=440 date='2025-10-30T17:49:19Z' progress=1.000000 cache=0.3MiB(439txo)
2025-10-30T17:48:08Z Saw new header hash=117a36bc6ed434c668b860642aef0eb0b8c5edb37349b5f862c52682f8b63968 height=440
2025-10-30T17:48:08Z Saw new cmpctblock header hash=117a36bc6ed434c668b860642aef0eb0b8c5edb37349b5f862c52682f8b63968 peer=0
2025-10-30T17:48:08Z UpdateTip: new best=117a36bc6ed434c668b860642aef0eb0b8c5edb37349b5f862c52682f8b63968 height=440 version=0x20000000 log2_work=9.784635 tx=441 date='2025-10-30T17:49:20Z' progress=1.000000 cache=0.3MiB(440txo)
2025-10-30T17:48:08Z Saw new header hash=6ba61f7a6a0e15d238e0e2cd1cf36abdd6a6547233e9f067942f2c4dfce11562 height=441
2025-10-30T17:48:08Z Saw new cmpctblock header hash=6ba61f7a6a0e15d238e0e2cd1cf36abdd6a6547233e9f067942f2c4dfce11562 peer=0
2025-10-30T17:48:08Z UpdateTip: new best=6ba61f7a6a0e15d238e0e2cd1cf36abdd6a6547233e9f067942f2c4dfce11562 height=441 version=0x20000000 log2_work=9.787903 tx=442 date='2025-10-30T17:49:20Z' progress=1.000000 cache=0.3MiB(441txo)
2025-10-30T17:48:08Z Saw new header hash=5f31e032298994d433825186d4c43c8a8ff1ccc7fbfb996289734be5af282f47 height=442
2025-10-30T17:48:08Z Saw new cmpctblock header hash=5f31e032298994d433825186d4c43c8a8ff1ccc7fbfb996289734be5af282f47 peer=0
2025-10-30T17:48:08Z UpdateTip: new best=5f31e032298994d433825186d4c43c8a8ff1ccc7fbfb996289734be5af282f47 height=442 version=0x20000000 log2_work=9.791163 tx=443 date='2025-10-30T17:49:20Z' progress=1.000000 cache=0.3MiB(442txo)
2025-10-30T17:48:08Z Saw new header hash=2a21396329b814603c834d8b969e39fe2ad17d0ffad34b7d658382b349c09638 height=443
2025-10-30T17:48:08Z Saw new cmpctblock header hash=2a21396329b814603c834d8b969e39fe2ad17d0ffad34b7d658382b349c09638 peer=0
2025-10-30T17:48:08Z UpdateTip: new best=2a21396329b814603c834d8b969e39fe2ad17d0ffad34b7d658382b349c09638 height=443 version=0x20000000 log2_work=9.794416 tx=444 date='2025-10-30T17:49:20Z' progress=1.000000 cache=0.3MiB(443txo)
2025-10-30T17:48:08Z Saw new header hash=37cc2f7fda17aaaf6fb46a9deb48398b2a8dcd24f9137b63d6fe690f766ea7b7 height=444
2025-10-30T17:48:08Z Saw new cmpctblock header hash=37cc2f7fda17aaaf6fb46a9deb48398b2a8dcd24f9137b63d6fe690f766ea7b7 peer=0
2025-10-30T17:48:08Z UpdateTip: new best=37cc2f7fda17aaaf6fb46a9deb48398b2a8dcd24f9137b63d6fe690f766ea7b7 height=444 version=0x20000000 log2_work=9.797662 tx=445 date='2025-10-30T17:49:20Z' progress=1.000000 cache=0.3MiB(444txo)
2025-10-30T17:48:08Z Saw new header hash=640db47467cc43af13cd58318454b8d73f74157631e56e9bea05ccd5556f5a1c height=445
2025-10-30T17:48:08Z Saw new cmpctblock header hash=640db47467cc43af13cd58318454b8d73f74157631e56e9bea05ccd5556f5a1c peer=0
2025-10-30T17:48:08Z UpdateTip: new best=640db47467cc43af13cd58318454b8d73f74157631e56e9bea05ccd5556f5a1c height=445 version=0x20000000 log2_work=9.800900 tx=446 date='2025-10-30T17:49:20Z' progress=1.000000 cache=0.3MiB(445txo)
2025-10-30T17:48:08Z Saw new header hash=3189e1c0116c7e5f1b5dcabb4033f96630041c44e9640d8a32598e96284789b3 height=446
2025-10-30T17:48:08Z Saw new cmpctblock header hash=3189e1c0116c7e5f1b5dcabb4033f96630041c44e9640d8a32598e96284789b3 peer=0
2025-10-30T17:48:08Z UpdateTip: new best=3189e1c0116c7e5f1b5dcabb4033f96630041c44e9640d8a32598e96284789b3 height=446 version=0x20000000 log2_work=9.804131 tx=447 date='2025-10-30T17:49:21Z' progress=1.000000 cache=0.3MiB(446txo)
2025-10-30T17:48:08Z Saw new header hash=74d34f5e30eb32f556fd1633407f76919d27ca90ae40883400731bf23b0c6cbf height=447
2025-10-30T17:48:08Z Saw new cmpctblock header hash=74d34f5e30eb32f556fd1633407f76919d27ca90ae40883400731bf23b0c6cbf peer=0
2025-10-30T17:48:08Z UpdateTip: new best=74d34f5e30eb32f556fd1633407f76919d27ca90ae40883400731bf23b0c6cbf height=447 version=0x20000000 log2_work=9.807355 tx=448 date='2025-10-30T17:49:21Z' progress=1.000000 cache=0.3MiB(447txo)
2025-10-30T17:48:08Z Saw new header hash=599021464e57e66fcedec44411474561878afa3f44304ee4f3bf6d404d3f0ca1 height=448
2025-10-30T17:48:08Z Saw new cmpctblock header hash=599021464e57e66fcedec44411474561878afa3f44304ee4f3bf6d404d3f0ca1 peer=0
2025-10-30T17:48:08Z UpdateTip: new best=599021464e57e66fcedec44411474561878afa3f44304ee4f3bf6d404d3f0ca1 height=448 version=0x20000000 log2_work=9.810572 tx=449 date='2025-10-30T17:49:21Z' progress=1.000000 cache=0.3MiB(448txo)
2025-10-30T17:48:09Z Saw new header hash=34f223fff8eff26380f2faa57b79b951323c1443b05d565cb063e811ebc0bd0d height=449
2025-10-30T17:48:09Z Saw new cmpctblock header hash=34f223fff8eff26380f2faa57b79b951323c1443b05d565cb063e811ebc0bd0d peer=0
2025-10-30T17:48:09Z UpdateTip: new best=34f223fff8eff26380f2faa57b79b951323c1443b05d565cb063e811ebc0bd0d height=449 version=0x20000000 log2_work=9.813781 tx=450 date='2025-10-30T17:49:21Z' progress=1.000000 cache=0.3MiB(449txo)
2025-10-30T17:48:09Z Saw new header hash=134c21a12c5fc7adbcda68a9147c8b0e7ee9cfc166a6c43187222bb16f4f949e height=450
2025-10-30T17:48:09Z Saw new cmpctblock header hash=134c21a12c5fc7adbcda68a9147c8b0e7ee9cfc166a6c43187222bb16f4f949e peer=0
2025-10-30T17:48:09Z UpdateTip: new best=134c21a12c5fc7adbcda68a9147c8b0e7ee9cfc166a6c43187222bb16f4f949e height=450 version=0x20000000 log2_work=9.816984 tx=451 date='2025-10-30T17:49:21Z' progress=1.000000 cache=0.3MiB(450txo)
2025-10-30T17:48:09Z Saw new header hash=6671e1b4f904d70b7509a82ec82c069b7b03a198927f12f9c83ea7247fbc5f2c height=451
2025-10-30T17:48:09Z Saw new cmpctblock header hash=6671e1b4f904d70b7509a82ec82c069b7b03a198927f12f9c83ea7247fbc5f2c peer=0
2025-10-30T17:48:09Z UpdateTip: new best=6671e1b4f904d70b7509a82ec82c069b7b03a198927f12f9c83ea7247fbc5f2c height=451 version=0x20000000 log2_work=9.820179 tx=452 date='2025-10-30T17:49:21Z' progress=1.000000 cache=0.3MiB(451txo)
2025-10-30T17:48:09Z Saw new header hash=5bc803467836b7d60c120b556c74d193a475dc75b2655685f78fd390e2207075 height=452
2025-10-30T17:48:09Z Saw new cmpctblock header hash=5bc803467836b7d60c120b556c74d193a475dc75b2655685f78fd390e2207075 peer=0
2025-10-30T17:48:09Z UpdateTip: new best=5bc803467836b7d60c120b556c74d193a475dc75b2655685f78fd390e2207075 height=452 version=0x20000000 log2_work=9.823367 tx=453 date='2025-10-30T17:49:22Z' progress=1.000000 cache=0.3MiB(452txo)
2025-10-30T17:48:09Z Saw new header hash=7f3f16c43662540344f69ed6fb0634275ada0ddaefae8ec03216c6f8ce4ff2aa height=453
2025-10-30T17:48:09Z Saw new cmpctblock header hash=7f3f16c43662540344f69ed6fb0634275ada0ddaefae8ec03216c6f8ce4ff2aa peer=0
2025-10-30T17:48:09Z UpdateTip: new best=7f3f16c43662540344f69ed6fb0634275ada0ddaefae8ec03216c6f8ce4ff2aa height=453 version=0x20000000 log2_work=9.826548 tx=454 date='2025-10-30T17:49:22Z' progress=1.000000 cache=0.3MiB(453txo)
2025-10-30T17:48:09Z Saw new header hash=5b84c9b195b63bcf56ff5a41feaefa46c29abc184d3835d375b6054de8ac7f08 height=454
2025-10-30T17:48:09Z Saw new cmpctblock header hash=5b84c9b195b63bcf56ff5a41feaefa46c29abc184d3835d375b6054de8ac7f08 peer=0
2025-10-30T17:48:09Z UpdateTip: new best=5b84c9b195b63bcf56ff5a41feaefa46c29abc184d3835d375b6054de8ac7f08 height=454 version=0x20000000 log2_work=9.829723 tx=455 date='2025-10-30T17:49:22Z' progress=1.000000 cache=0.3MiB(454txo)
2025-10-30T17:48:09Z Saw new header hash=684bcddfec0c588df542f6854b068c741871344544e8f77288d89f177aff7f48 height=455
2025-10-30T17:48:09Z Saw new cmpctblock header hash=684bcddfec0c588df542f6854b068c741871344544e8f77288d89f177aff7f48 peer=0
2025-10-30T17:48:09Z UpdateTip: new best=684bcddfec0c588df542f6854b068c741871344544e8f77288d89f177aff7f48 height=455 version=0x20000000 log2_work=9.832890 tx=456 date='2025-10-30T17:49:22Z' progress=1.000000 cache=0.3MiB(455txo)
2025-10-30T17:48:09Z Saw new header hash=6c5843f2fde7e5d123c629daad0b6ba3ac87af4b0c37d4c97e578fbe639c83ac height=456
2025-10-30T17:48:09Z Saw new cmpctblock header hash=6c5843f2fde7e5d123c629daad0b6ba3ac87af4b0c37d4c97e578fbe639c83ac peer=0
2025-10-30T17:48:09Z UpdateTip: new best=6c5843f2fde7e5d123c629daad0b6ba3ac87af4b0c37d4c97e578fbe639c83ac height=456 version=0x20000000 log2_work=9.836050 tx=457 date='2025-10-30T17:49:22Z' progress=1.000000 cache=0.3MiB(456txo)
2025-10-30T17:48:09Z Saw new header hash=7f4ef0ce678711d947f9685ef428d90fb553eae26ac17ad967a83923aa5ff1f9 height=457
2025-10-30T17:48:09Z Saw new cmpctblock header hash=7f4ef0ce678711d947f9685ef428d90fb553eae26ac17ad967a83923aa5ff1f9 peer=0
2025-10-30T17:48:09Z UpdateTip: new best=7f4ef0ce678711d947f9685ef428d90fb553eae26ac17ad967a83923aa5ff1f9 height=457 version=0x20000000 log2_work=9.839204 tx=458 date='2025-10-30T17:49:22Z' progress=1.000000 cache=0.3MiB(457txo)
2025-10-30T17:48:09Z Saw new header hash=6e5b9b3c54e635ec00a2e7d9f5551fefcdcc2bd5c14bc1c85c2afdac70576ced height=458
2025-10-30T17:48:09Z Saw new cmpctblock header hash=6e5b9b3c54e635ec00a2e7d9f5551fefcdcc2bd5c14bc1c85c2afdac70576ced peer=0
2025-10-30T17:48:09Z UpdateTip: new best=6e5b9b3c54e635ec00a2e7d9f5551fefcdcc2bd5c14bc1c85c2afdac70576ced height=458 version=0x20000000 log2_work=9.842350 tx=459 date='2025-10-30T17:49:23Z' progress=1.000000 cache=0.3MiB(458txo)
2025-10-30T17:48:09Z Saw new header hash=64ba10f333f54bcd6a95d45b35b7eb05c56ece19454f11d7bbcc18848b6dfc75 height=459
2025-10-30T17:48:09Z Saw new cmpctblock header hash=64ba10f333f54bcd6a95d45b35b7eb05c56ece19454f11d7bbcc18848b6dfc75 peer=0
2025-10-30T17:48:09Z UpdateTip: new best=64ba10f333f54bcd6a95d45b35b7eb05c56ece19454f11d7bbcc18848b6dfc75 height=459 version=0x20000000 log2_work=9.845490 tx=460 date='2025-10-30T17:49:23Z' progress=1.000000 cache=0.3MiB(459txo)
2025-10-30T17:48:09Z Saw new header hash=3ee0f32f8ed519e9523a91a19f44e5158443a5b2c272b390ef723e6fed2a7638 height=460
2025-10-30T17:48:09Z Saw new cmpctblock header hash=3ee0f32f8ed519e9523a91a19f44e5158443a5b2c272b390ef723e6fed2a7638 peer=0
2025-10-30T17:48:09Z UpdateTip: new best=3ee0f32f8ed519e9523a91a19f44e5158443a5b2c272b390ef723e6fed2a7638 height=460 version=0x20000000 log2_work=9.848623 tx=461 date='2025-10-30T17:49:23Z' progress=1.000000 cache=0.3MiB(460txo)
2025-10-30T17:48:09Z Saw new header hash=463e49c4c232b9303666bdbbed3d6623f264fc9ce73a4f5bba70eee811a7521c height=461
2025-10-30T17:48:09Z Saw new cmpctblock header hash=463e49c4c232b9303666bdbbed3d6623f264fc9ce73a4f5bba70eee811a7521c peer=0
2025-10-30T17:48:09Z UpdateTip: new best=463e49c4c232b9303666bdbbed3d6623f264fc9ce73a4f5bba70eee811a7521c height=461 version=0x20000000 log2_work=9.851749 tx=462 date='2025-10-30T17:49:23Z' progress=1.000000 cache=0.3MiB(461txo)
2025-10-30T17:48:09Z Saw new header hash=63bae83ff8e22f726232f76939eff4019299345e152c6c7190316287e7c2e2b8 height=462
2025-10-30T17:48:09Z Saw new cmpctblock header hash=63bae83ff8e22f726232f76939eff4019299345e152c6c7190316287e7c2e2b8 peer=0
2025-10-30T17:48:09Z UpdateTip: new best=63bae83ff8e22f726232f76939eff4019299345e152c6c7190316287e7c2e2b8 height=462 version=0x20000000 log2_work=9.854868 tx=463 date='2025-10-30T17:49:23Z' progress=1.000000 cache=0.3MiB(462txo)
2025-10-30T17:48:09Z Saw new header hash=17d13a3c16f27f7418123748ca2210bf45bc17b12139f2e0f71089938662339a height=463
2025-10-30T17:48:09Z Saw new cmpctblock header hash=17d13a3c16f27f7418123748ca2210bf45bc17b12139f2e0f71089938662339a peer=0
2025-10-30T17:48:09Z UpdateTip: new best=17d13a3c16f27f7418123748ca2210bf45bc17b12139f2e0f71089938662339a height=463 version=0x20000000 log2_work=9.857981 tx=464 date='2025-10-30T17:49:23Z' progress=1.000000 cache=0.3MiB(463txo)
2025-10-30T17:48:09Z Saw new header hash=7bacf31a479d4dd150c462404c41b6dbd5e1197eb9d48b2725e2c252cd68f442 height=464
2025-10-30T17:48:09Z Saw new cmpctblock header hash=7bacf31a479d4dd150c462404c41b6dbd5e1197eb9d48b2725e2c252cd68f442 peer=0
2025-10-30T17:48:09Z UpdateTip: new best=7bacf31a479d4dd150c462404c41b6dbd5e1197eb9d48b2725e2c252cd68f442 height=464 version=0x20000000 log2_work=9.861087 tx=465 date='2025-10-30T17:49:24Z' progress=1.000000 cache=0.3MiB(464txo)
2025-10-30T17:48:09Z Saw new header hash=4e688fa5e861ff270644f5ed7a0631920d84191dc51860dbf8d3a8aca84883da height=465
2025-10-30T17:48:09Z Saw new cmpctblock header hash=4e688fa5e861ff270644f5ed7a0631920d84191dc51860dbf8d3a8aca84883da peer=0
2025-10-30T17:48:09Z UpdateTip: new best=4e688fa5e861ff270644f5ed7a0631920d84191dc51860dbf8d3a8aca84883da height=465 version=0x20000000 log2_work=9.864186 tx=466 date='2025-10-30T17:49:24Z' progress=1.000000 cache=0.3MiB(465txo)
2025-10-30T17:48:09Z Saw new header hash=1d33681819047d7dea5cacb6c44c74aff4f485bb2c1a27f7db9837b0a08a623e height=466
2025-10-30T17:48:09Z Saw new cmpctblock header hash=1d33681819047d7dea5cacb6c44c74aff4f485bb2c1a27f7db9837b0a08a623e peer=0
2025-10-30T17:48:09Z UpdateTip: new best=1d33681819047d7dea5cacb6c44c74aff4f485bb2c1a27f7db9837b0a08a623e height=466 version=0x20000000 log2_work=9.867279 tx=467 date='2025-10-30T17:49:24Z' progress=1.000000 cache=0.3MiB(466txo)
2025-10-30T17:48:09Z Saw new header hash=0e8317246488d158a224c527faa620cad5a10c5796bfd8e963a310e6b6c89635 height=467
2025-10-30T17:48:09Z Saw new cmpctblock header hash=0e8317246488d158a224c527faa620cad5a10c5796bfd8e963a310e6b6c89635 peer=0
2025-10-30T17:48:09Z UpdateTip: new best=0e8317246488d158a224c527faa620cad5a10c5796bfd8e963a310e6b6c89635 height=467 version=0x20000000 log2_work=9.870365 tx=468 date='2025-10-30T17:49:24Z' progress=1.000000 cache=0.3MiB(467txo)
2025-10-30T17:48:09Z Saw new header hash=21c4d5b40b7eb4e80e91daaedbc9cc865ad05856a63aff0630324c866480b6fd height=468
2025-10-30T17:48:09Z Saw new cmpctblock header hash=21c4d5b40b7eb4e80e91daaedbc9cc865ad05856a63aff0630324c866480b6fd peer=0
2025-10-30T17:48:09Z UpdateTip: new best=21c4d5b40b7eb4e80e91daaedbc9cc865ad05856a63aff0630324c866480b6fd height=468 version=0x20000000 log2_work=9.873444 tx=469 date='2025-10-30T17:49:24Z' progress=1.000000 cache=0.3MiB(468txo)
2025-10-30T17:48:09Z Saw new header hash=5941cc9775ad843fcfbe03b358f1bc18cbd681619586e5c2d77545bb1100e535 height=469
2025-10-30T17:48:09Z Saw new cmpctblock header hash=5941cc9775ad843fcfbe03b358f1bc18cbd681619586e5c2d77545bb1100e535 peer=0
2025-10-30T17:48:09Z UpdateTip: new best=5941cc9775ad843fcfbe03b358f1bc18cbd681619586e5c2d77545bb1100e535 height=469 version=0x20000000 log2_work=9.876517 tx=470 date='2025-10-30T17:49:24Z' progress=1.000000 cache=0.3MiB(469txo)
2025-10-30T17:48:09Z Saw new header hash=3a828ef9b187ad1b81f935e3cae7466fbe97266839f254f456193813f1d83c28 height=470
2025-10-30T17:48:09Z Saw new cmpctblock header hash=3a828ef9b187ad1b81f935e3cae7466fbe97266839f254f456193813f1d83c28 peer=0
2025-10-30T17:48:09Z UpdateTip: new best=3a828ef9b187ad1b81f935e3cae7466fbe97266839f254f456193813f1d83c28 height=470 version=0x20000000 log2_work=9.879583 tx=471 date='2025-10-30T17:49:25Z' progress=1.000000 cache=0.3MiB(470txo)
2025-10-30T17:48:09Z Saw new header hash=55e707b3891ae4300dda8be5006952e9c34f1f060229dc25e2f0b98a4db48e8f height=471
2025-10-30T17:48:09Z Saw new cmpctblock header hash=55e707b3891ae4300dda8be5006952e9c34f1f060229dc25e2f0b98a4db48e8f peer=0
2025-10-30T17:48:09Z UpdateTip: new best=55e707b3891ae4300dda8be5006952e9c34f1f060229dc25e2f0b98a4db48e8f height=471 version=0x20000000 log2_work=9.882643 tx=472 date='2025-10-30T17:49:25Z' progress=1.000000 cache=0.3MiB(471txo)
2025-10-30T17:48:09Z Saw new header hash=22bbfe11de352cab4e22d57f079fa3febe18e9c19bec6983702a0227ac92d483 height=472
2025-10-30T17:48:09Z Saw new cmpctblock header hash=22bbfe11de352cab4e22d57f079fa3febe18e9c19bec6983702a0227ac92d483 peer=0
2025-10-30T17:48:09Z UpdateTip: new best=22bbfe11de352cab4e22d57f079fa3febe18e9c19bec6983702a0227ac92d483 height=472 version=0x20000000 log2_work=9.885696 tx=473 date='2025-10-30T17:49:25Z' progress=1.000000 cache=0.3MiB(472txo)
2025-10-30T17:48:09Z Saw new header hash=711e302355b49c0390d85f8cb76d24185e3ef56cfcd087791132016b4e43f14e height=473
2025-10-30T17:48:09Z Saw new cmpctblock header hash=711e302355b49c0390d85f8cb76d24185e3ef56cfcd087791132016b4e43f14e peer=0
2025-10-30T17:48:09Z UpdateTip: new best=711e302355b49c0390d85f8cb76d24185e3ef56cfcd087791132016b4e43f14e height=473 version=0x20000000 log2_work=9.888743 tx=474 date='2025-10-30T17:49:25Z' progress=1.000000 cache=0.3MiB(473txo)
2025-10-30T17:48:09Z Saw new header hash=183a33c4afd5ea7ce829910318933ee904582fec81f83b6d63e5812038f32702 height=474
2025-10-30T17:48:09Z Saw new cmpctblock header hash=183a33c4afd5ea7ce829910318933ee904582fec81f83b6d63e5812038f32702 peer=0
2025-10-30T17:48:09Z UpdateTip: new best=183a33c4afd5ea7ce829910318933ee904582fec81f83b6d63e5812038f32702 height=474 version=0x20000000 log2_work=9.891784 tx=475 date='2025-10-30T17:49:25Z' progress=1.000000 cache=0.3MiB(474txo)
2025-10-30T17:48:09Z Saw new header hash=53dbed6d6608ec64c4479a063033637fbbf013009db1c30f96f2dd486f178898 height=475
2025-10-30T17:48:09Z Saw new cmpctblock header hash=53dbed6d6608ec64c4479a063033637fbbf013009db1c30f96f2dd486f178898 peer=0
2025-10-30T17:48:09Z UpdateTip: new best=53dbed6d6608ec64c4479a063033637fbbf013009db1c30f96f2dd486f178898 height=475 version=0x20000000 log2_work=9.894818 tx=476 date='2025-10-30T17:49:25Z' progress=1.000000 cache=0.3MiB(475txo)
2025-10-30T17:48:09Z Saw new header hash=64091630f3a72bdd280ff477dbc2ccb92d2abce3951d7954698a463076eb8b77 height=476
2025-10-30T17:48:09Z Saw new cmpctblock header hash=64091630f3a72bdd280ff477dbc2ccb92d2abce3951d7954698a463076eb8b77 peer=0
2025-10-30T17:48:09Z UpdateTip: new best=64091630f3a72bdd280ff477dbc2ccb92d2abce3951d7954698a463076eb8b77 height=476 version=0x20000000 log2_work=9.897845 tx=477 date='2025-10-30T17:49:26Z' progress=1.000000 cache=0.3MiB(476txo)
2025-10-30T17:48:09Z Saw new header hash=24307a89e28f49ce721cb241cc59d106c2edbf19c39465ad32470c7a6ea754a6 height=477
2025-10-30T17:48:09Z Saw new cmpctblock header hash=24307a89e28f49ce721cb241cc59d106c2edbf19c39465ad32470c7a6ea754a6 peer=0
2025-10-30T17:48:09Z UpdateTip: new best=24307a89e28f49ce721cb241cc59d106c2edbf19c39465ad32470c7a6ea754a6 height=477 version=0x20000000 log2_work=9.900867 tx=478 date='2025-10-30T17:49:26Z' progress=1.000000 cache=0.3MiB(477txo)
2025-10-30T17:48:09Z Saw new header hash=6918a1684330ee978e707ad86966d98d06852cd74a667670c81405fc5763c772 height=478
2025-10-30T17:48:09Z Saw new cmpctblock header hash=6918a1684330ee978e707ad86966d98d06852cd74a667670c81405fc5763c772 peer=0
2025-10-30T17:48:09Z UpdateTip: new best=6918a1684330ee978e707ad86966d98d06852cd74a667670c81405fc5763c772 height=478 version=0x20000000 log2_work=9.903882 tx=479 date='2025-10-30T17:49:26Z' progress=1.000000 cache=0.3MiB(478txo)
2025-10-30T17:48:09Z Saw new header hash=2b2364b8499d95ddcd61860bb8fb73a48fe202136ee84a84e620f2b559763d75 height=479
2025-10-30T17:48:09Z Saw new cmpctblock header hash=2b2364b8499d95ddcd61860bb8fb73a48fe202136ee84a84e620f2b559763d75 peer=0
2025-10-30T17:48:09Z UpdateTip: new best=2b2364b8499d95ddcd61860bb8fb73a48fe202136ee84a84e620f2b559763d75 height=479 version=0x20000000 log2_work=9.906891 tx=480 date='2025-10-30T17:49:26Z' progress=1.000000 cache=0.3MiB(479txo)
2025-10-30T17:48:09Z Saw new header hash=211b2853771fcecb405e4fdddf7c485b6ca615f632f5823368e19c52bedecaf2 height=480
2025-10-30T17:48:09Z Saw new cmpctblock header hash=211b2853771fcecb405e4fdddf7c485b6ca615f632f5823368e19c52bedecaf2 peer=0
2025-10-30T17:48:09Z UpdateTip: new best=211b2853771fcecb405e4fdddf7c485b6ca615f632f5823368e19c52bedecaf2 height=480 version=0x20000000 log2_work=9.909893 tx=481 date='2025-10-30T17:49:26Z' progress=1.000000 cache=0.3MiB(480txo)
2025-10-30T17:48:09Z Saw new header hash=7599bfd919a92f15031aef8b4078dd33a08b371c8f465c4977b5ef8a1bb2fbd0 height=481
2025-10-30T17:48:09Z Saw new cmpctblock header hash=7599bfd919a92f15031aef8b4078dd33a08b371c8f465c4977b5ef8a1bb2fbd0 peer=0
2025-10-30T17:48:09Z UpdateTip: new best=7599bfd919a92f15031aef8b4078dd33a08b371c8f465c4977b5ef8a1bb2fbd0 height=481 version=0x20000000 log2_work=9.912889 tx=482 date='2025-10-30T17:49:26Z' progress=1.000000 cache=0.3MiB(481txo)
2025-10-30T17:48:09Z Saw new header hash=5fdca42c7bb1bf8b6491588a6c28c8306d2b219b5e2ca35ad491c57e38621751 height=482
2025-10-30T17:48:09Z Saw new cmpctblock header hash=5fdca42c7bb1bf8b6491588a6c28c8306d2b219b5e2ca35ad491c57e38621751 peer=0
2025-10-30T17:48:09Z UpdateTip: new best=5fdca42c7bb1bf8b6491588a6c28c8306d2b219b5e2ca35ad491c57e38621751 height=482 version=0x20000000 log2_work=9.915879 tx=483 date='2025-10-30T17:49:27Z' progress=1.000000 cache=0.3MiB(482txo)
2025-10-30T17:48:09Z Saw new header hash=5c671a3fd3cb64e21b56d6ee9c3e5c6a0475f4d25abbbdb4ed62e03bcf53191f height=483
2025-10-30T17:48:09Z Saw new cmpctblock header hash=5c671a3fd3cb64e21b56d6ee9c3e5c6a0475f4d25abbbdb4ed62e03bcf53191f peer=0
2025-10-30T17:48:09Z UpdateTip: new best=5c671a3fd3cb64e21b56d6ee9c3e5c6a0475f4d25abbbdb4ed62e03bcf53191f height=483 version=0x20000000 log2_work=9.918863 tx=484 date='2025-10-30T17:49:27Z' progress=1.000000 cache=0.3MiB(483txo)
2025-10-30T17:48:09Z Saw new header hash=729f6b7703ed23749214458243236c7bd67bf9df90da3967618d62317784b955 height=484
2025-10-30T17:48:09Z Saw new cmpctblock header hash=729f6b7703ed23749214458243236c7bd67bf9df90da3967618d62317784b955 peer=0
2025-10-30T17:48:09Z UpdateTip: new best=729f6b7703ed23749214458243236c7bd67bf9df90da3967618d62317784b955 height=484 version=0x20000000 log2_work=9.921841 tx=485 date='2025-10-30T17:49:27Z' progress=1.000000 cache=0.3MiB(484txo)
2025-10-30T17:48:09Z Saw new header hash=49e12b53a3a5acdc6d24fa6696b3fc9805d6e1b8e9108d48d31a53b1bc783628 height=485
2025-10-30T17:48:09Z Saw new cmpctblock header hash=49e12b53a3a5acdc6d24fa6696b3fc9805d6e1b8e9108d48d31a53b1bc783628 peer=0
2025-10-30T17:48:09Z UpdateTip: new best=49e12b53a3a5acdc6d24fa6696b3fc9805d6e1b8e9108d48d31a53b1bc783628 height=485 version=0x20000000 log2_work=9.924813 tx=486 date='2025-10-30T17:49:27Z' progress=1.000000 cache=0.3MiB(485txo)
2025-10-30T17:48:09Z Saw new header hash=7d1afff92b3c4702d056f692884f94c221620df35b8f88e7107cb253ad06e5ab height=486
2025-10-30T17:48:09Z Saw new cmpctblock header hash=7d1afff92b3c4702d056f692884f94c221620df35b8f88e7107cb253ad06e5ab peer=0
2025-10-30T17:48:09Z UpdateTip: new best=7d1afff92b3c4702d056f692884f94c221620df35b8f88e7107cb253ad06e5ab height=486 version=0x20000000 log2_work=9.927778 tx=487 date='2025-10-30T17:49:27Z' progress=1.000000 cache=0.3MiB(486txo)
2025-10-30T17:48:09Z Saw new header hash=1235d1f465c690f549850a03a2286194bdf43341fd6b3b209c55f9264bf2ba58 height=487
2025-10-30T17:48:09Z Saw new cmpctblock header hash=1235d1f465c690f549850a03a2286194bdf43341fd6b3b209c55f9264bf2ba58 peer=0
2025-10-30T17:48:09Z UpdateTip: new best=1235d1f465c690f549850a03a2286194bdf43341fd6b3b209c55f9264bf2ba58 height=487 version=0x20000000 log2_work=9.930737 tx=488 date='2025-10-30T17:49:27Z' progress=1.000000 cache=0.3MiB(487txo)
2025-10-30T17:48:09Z Saw new header hash=77195afd21d520bd80190d0706cab8d52f606817d3297820a3fc1b839adf9a7c height=488
2025-10-30T17:48:09Z Saw new cmpctblock header hash=77195afd21d520bd80190d0706cab8d52f606817d3297820a3fc1b839adf9a7c peer=0
2025-10-30T17:48:09Z UpdateTip: new best=77195afd21d520bd80190d0706cab8d52f606817d3297820a3fc1b839adf9a7c height=488 version=0x20000000 log2_work=9.933691 tx=489 date='2025-10-30T17:49:28Z' progress=1.000000 cache=0.3MiB(488txo)
2025-10-30T17:48:09Z Saw new header hash=7b7c40f0b02dc228113b1e0abd63047b9b41e68b23addc484b34dad4628f04de height=489
2025-10-30T17:48:09Z Saw new cmpctblock header hash=7b7c40f0b02dc228113b1e0abd63047b9b41e68b23addc484b34dad4628f04de peer=0
2025-10-30T17:48:09Z UpdateTip: new best=7b7c40f0b02dc228113b1e0abd63047b9b41e68b23addc484b34dad4628f04de height=489 version=0x20000000 log2_work=9.936638 tx=490 date='2025-10-30T17:49:28Z' progress=1.000000 cache=0.3MiB(489txo)
2025-10-30T17:48:09Z Saw new header hash=5a22e1b16c4e8cb3206f63d8874a4f6d6d2f5164dc66013b11a9c11350b3b0d5 height=490
2025-10-30T17:48:09Z Saw new cmpctblock header hash=5a22e1b16c4e8cb3206f63d8874a4f6d6d2f5164dc66013b11a9c11350b3b0d5 peer=0
2025-10-30T17:48:09Z UpdateTip: new best=5a22e1b16c4e8cb3206f63d8874a4f6d6d2f5164dc66013b11a9c11350b3b0d5 height=490 version=0x20000000 log2_work=9.939579 tx=491 date='2025-10-30T17:49:28Z' progress=1.000000 cache=0.3MiB(490txo)
2025-10-30T17:48:09Z Saw new header hash=2da9e5a8d16ed0b68acdc2e9d5ece1d07b0b0f602c01261c54926ccff87f8c24 height=491
2025-10-30T17:48:09Z Saw new cmpctblock header hash=2da9e5a8d16ed0b68acdc2e9d5ece1d07b0b0f602c01261c54926ccff87f8c24 peer=0
2025-10-30T17:48:09Z UpdateTip: new best=2da9e5a8d16ed0b68acdc2e9d5ece1d07b0b0f602c01261c54926ccff87f8c24 height=491 version=0x20000000 log2_work=9.942515 tx=492 date='2025-10-30T17:49:28Z' progress=1.000000 cache=0.3MiB(491txo)
2025-10-30T17:48:09Z Saw new header hash=78bce8dcfba1ccc2deff23e5b9c6d0b36c8a32b0cc98d72b98f5740bc9fd16d5 height=492
2025-10-30T17:48:09Z Saw new cmpctblock header hash=78bce8dcfba1ccc2deff23e5b9c6d0b36c8a32b0cc98d72b98f5740bc9fd16d5 peer=0
2025-10-30T17:48:09Z UpdateTip: new best=78bce8dcfba1ccc2deff23e5b9c6d0b36c8a32b0cc98d72b98f5740bc9fd16d5 height=492 version=0x20000000 log2_work=9.945444 tx=493 date='2025-10-30T17:49:28Z' progress=1.000000 cache=0.3MiB(492txo)
2025-10-30T17:48:09Z Saw new header hash=00b3e80cd5c5ad7772d7ca85e81ada217bba0f760fd871e3f2c0312046c99e46 height=493
2025-10-30T17:48:09Z Saw new cmpctblock header hash=00b3e80cd5c5ad7772d7ca85e81ada217bba0f760fd871e3f2c0312046c99e46 peer=0
2025-10-30T17:48:09Z UpdateTip: new best=00b3e80cd5c5ad7772d7ca85e81ada217bba0f760fd871e3f2c0312046c99e46 height=493 version=0x20000000 log2_work=9.948367 tx=494 date='2025-10-30T17:49:28Z' progress=1.000000 cache=0.3MiB(493txo)
2025-10-30T17:48:09Z Saw new header hash=1a9cdad8ac56f718500884fd4773da63f4d76116ae731b5a994856cbbd1f7fdb height=494
2025-10-30T17:48:09Z Saw new cmpctblock header hash=1a9cdad8ac56f718500884fd4773da63f4d76116ae731b5a994856cbbd1f7fdb peer=0
2025-10-30T17:48:09Z UpdateTip: new best=1a9cdad8ac56f718500884fd4773da63f4d76116ae731b5a994856cbbd1f7fdb height=494 version=0x20000000 log2_work=9.951285 tx=495 date='2025-10-30T17:49:29Z' progress=1.000000 cache=0.3MiB(494txo)
2025-10-30T17:48:09Z Saw new header hash=6e0f9085651ba0a268fdae44c5ea913d4dd7929678311232e6e7365173ffbdf9 height=495
2025-10-30T17:48:09Z Saw new cmpctblock header hash=6e0f9085651ba0a268fdae44c5ea913d4dd7929678311232e6e7365173ffbdf9 peer=0
2025-10-30T17:48:09Z UpdateTip: new best=6e0f9085651ba0a268fdae44c5ea913d4dd7929678311232e6e7365173ffbdf9 height=495 version=0x20000000 log2_work=9.954196 tx=496 date='2025-10-30T17:49:29Z' progress=1.000000 cache=0.3MiB(495txo)
2025-10-30T17:48:09Z Saw new header hash=1641b2a8a2eb8b5c87d5c0585b6bd70bdb1e995c5aaf4b7128a44626bb815e46 height=496
2025-10-30T17:48:09Z Saw new cmpctblock header hash=1641b2a8a2eb8b5c87d5c0585b6bd70bdb1e995c5aaf4b7128a44626bb815e46 peer=0
2025-10-30T17:48:09Z UpdateTip: new best=1641b2a8a2eb8b5c87d5c0585b6bd70bdb1e995c5aaf4b7128a44626bb815e46 height=496 version=0x20000000 log2_work=9.957102 tx=497 date='2025-10-30T17:49:29Z' progress=1.000000 cache=0.3MiB(496txo)
2025-10-30T17:48:09Z Saw new header hash=1f7c310d766d0e301cf197dfe1db2636bec99ec042e3a1ea6de69f36638d1f87 height=497
2025-10-30T17:48:09Z Saw new cmpctblock header hash=1f7c310d766d0e301cf197dfe1db2636bec99ec042e3a1ea6de69f36638d1f87 peer=0
2025-10-30T17:48:09Z UpdateTip: new best=1f7c310d766d0e301cf197dfe1db2636bec99ec042e3a1ea6de69f36638d1f87 height=497 version=0x20000000 log2_work=9.960002 tx=498 date='2025-10-30T17:49:29Z' progress=1.000000 cache=0.3MiB(497txo)
2025-10-30T17:48:09Z Saw new header hash=2571b4892f201e134b6183d433008993f3cde70ecef8f97d33205c9e1d45fb36 height=498
2025-10-30T17:48:09Z Saw new cmpctblock header hash=2571b4892f201e134b6183d433008993f3cde70ecef8f97d33205c9e1d45fb36 peer=0
2025-10-30T17:48:09Z UpdateTip: new best=2571b4892f201e134b6183d433008993f3cde70ecef8f97d33205c9e1d45fb36 height=498 version=0x20000000 log2_work=9.962896 tx=499 date='2025-10-30T17:49:29Z' progress=1.000000 cache=0.3MiB(498txo)
2025-10-30T17:48:09Z Saw new header hash=2eaa7cafac606fe835b62a4085b885ae35ae9568406106b2cb19e6c7aca8f01a height=499
2025-10-30T17:48:09Z Saw new cmpctblock header hash=2eaa7cafac606fe835b62a4085b885ae35ae9568406106b2cb19e6c7aca8f01a peer=0
2025-10-30T17:48:09Z UpdateTip: new best=2eaa7cafac606fe835b62a4085b885ae35ae9568406106b2cb19e6c7aca8f01a height=499 version=0x20000000 log2_work=9.965784 tx=500 date='2025-10-30T17:49:29Z' progress=1.000000 cache=0.3MiB(499txo)
2025-10-30T17:48:09Z Saw new header hash=24b4a8e11fbe21b295b40609d0f6d69688d6dac43e436cd4c44f285f81d46faa height=500
2025-10-30T17:48:09Z Saw new cmpctblock header hash=24b4a8e11fbe21b295b40609d0f6d69688d6dac43e436cd4c44f285f81d46faa peer=0
2025-10-30T17:48:09Z UpdateTip: new best=24b4a8e11fbe21b295b40609d0f6d69688d6dac43e436cd4c44f285f81d46faa height=500 version=0x20000000 log2_work=9.968667 tx=501 date='2025-10-30T17:49:30Z' progress=1.000000 cache=0.3MiB(500txo)
2025-10-30T17:48:09Z Saw new header hash=45c26c287bc3ae1cbe36a58e26f6aa39fd8b11efe22487e24462d06f1c88f1ca height=501
2025-10-30T17:48:09Z Saw new cmpctblock header hash=45c26c287bc3ae1cbe36a58e26f6aa39fd8b11efe22487e24462d06f1c88f1ca peer=0
2025-10-30T17:48:09Z UpdateTip: new best=45c26c287bc3ae1cbe36a58e26f6aa39fd8b11efe22487e24462d06f1c88f1ca height=501 version=0x20000000 log2_work=9.971544 tx=502 date='2025-10-30T17:49:30Z' progress=1.000000 cache=0.3MiB(501txo)
2025-10-30T17:48:09Z Saw new header hash=4fea39608492a7892e7f1f80be7b753f6f96f7f619d01c6d56f575a40b892d62 height=502
2025-10-30T17:48:09Z Saw new cmpctblock header hash=4fea39608492a7892e7f1f80be7b753f6f96f7f619d01c6d56f575a40b892d62 peer=0
2025-10-30T17:48:09Z UpdateTip: new best=4fea39608492a7892e7f1f80be7b753f6f96f7f619d01c6d56f575a40b892d62 height=502 version=0x20000000 log2_work=9.974415 tx=503 date='2025-10-30T17:49:30Z' progress=1.000000 cache=0.3MiB(502txo)
2025-10-30T17:48:09Z Saw new header hash=03f89dc66cc6766a51d39027734c295181c703a3773df115f500ac4c27fec817 height=503
2025-10-30T17:48:09Z Saw new cmpctblock header hash=03f89dc66cc6766a51d39027734c295181c703a3773df115f500ac4c27fec817 peer=0
2025-10-30T17:48:09Z UpdateTip: new best=03f89dc66cc6766a51d39027734c295181c703a3773df115f500ac4c27fec817 height=503 version=0x20000000 log2_work=9.977280 tx=504 date='2025-10-30T17:49:30Z' progress=1.000000 cache=0.3MiB(503txo)
2025-10-30T17:48:09Z Saw new header hash=6ee97b7f722b7064be90a2180ea7d93c16ac5cfd2940b81f784f512e5bcbf38f height=504
2025-10-30T17:48:09Z Saw new cmpctblock header hash=6ee97b7f722b7064be90a2180ea7d93c16ac5cfd2940b81f784f512e5bcbf38f peer=0
2025-10-30T17:48:09Z UpdateTip: new best=6ee97b7f722b7064be90a2180ea7d93c16ac5cfd2940b81f784f512e5bcbf38f height=504 version=0x20000000 log2_work=9.980140 tx=505 date='2025-10-30T17:49:30Z' progress=1.000000 cache=0.3MiB(504txo)
2025-10-30T17:48:09Z Saw new header hash=040019d060f1852afbcd2adf2d87c94f1f8d8fcc9226e269df5e8158ffaa95d4 height=505
2025-10-30T17:48:09Z Saw new cmpctblock header hash=040019d060f1852afbcd2adf2d87c94f1f8d8fcc9226e269df5e8158ffaa95d4 peer=0
2025-10-30T17:48:09Z UpdateTip: new best=040019d060f1852afbcd2adf2d87c94f1f8d8fcc9226e269df5e8158ffaa95d4 height=505 version=0x20000000 log2_work=9.982994 tx=506 date='2025-10-30T17:49:30Z' progress=1.000000 cache=0.3MiB(505txo)
2025-10-30T17:48:09Z Saw new header hash=5c486965f2a57383798fac7c94216685e67aed4be8d0f3b8161d62d46622162c height=506
2025-10-30T17:48:09Z Saw new cmpctblock header hash=5c486965f2a57383798fac7c94216685e67aed4be8d0f3b8161d62d46622162c peer=0
2025-10-30T17:48:09Z UpdateTip: new best=5c486965f2a57383798fac7c94216685e67aed4be8d0f3b8161d62d46622162c height=506 version=0x20000000 log2_work=9.985842 tx=507 date='2025-10-30T17:49:31Z' progress=1.000000 cache=0.3MiB(506txo)
2025-10-30T17:48:09Z Saw new header hash=5e7f3675ba128e05258c9dffd043eac1332bf780897475a9ed02b193e59b2b46 height=507
2025-10-30T17:48:09Z Saw new cmpctblock header hash=5e7f3675ba128e05258c9dffd043eac1332bf780897475a9ed02b193e59b2b46 peer=0
2025-10-30T17:48:09Z UpdateTip: new best=5e7f3675ba128e05258c9dffd043eac1332bf780897475a9ed02b193e59b2b46 height=507 version=0x20000000 log2_work=9.988685 tx=508 date='2025-10-30T17:49:31Z' progress=1.000000 cache=0.3MiB(507txo)
2025-10-30T17:48:09Z Saw new header hash=053a3902533f40f7b594514e26f8f3abf684170acb23f8974936d4163f5be377 height=508
2025-10-30T17:48:09Z Saw new cmpctblock header hash=053a3902533f40f7b594514e26f8f3abf684170acb23f8974936d4163f5be377 peer=0
2025-10-30T17:48:09Z UpdateTip: new best=053a3902533f40f7b594514e26f8f3abf684170acb23f8974936d4163f5be377 height=508 version=0x20000000 log2_work=9.991522 tx=509 date='2025-10-30T17:49:31Z' progress=1.000000 cache=0.3MiB(508txo)
2025-10-30T17:48:09Z Saw new header hash=5255a801a90c5b733ae2f7a476928b0dc32916fb05fb6d15695879cbfda2ed6b height=509
2025-10-30T17:48:09Z Saw new cmpctblock header hash=5255a801a90c5b733ae2f7a476928b0dc32916fb05fb6d15695879cbfda2ed6b peer=0
2025-10-30T17:48:09Z UpdateTip: new best=5255a801a90c5b733ae2f7a476928b0dc32916fb05fb6d15695879cbfda2ed6b height=509 version=0x20000000 log2_work=9.994353 tx=510 date='2025-10-30T17:49:31Z' progress=1.000000 cache=0.3MiB(509txo)
2025-10-30T17:48:09Z Saw new header hash=41e41f88c30431a71646e7ee32add98d0f657baab17f59e57db02d42eedae384 height=510
2025-10-30T17:48:09Z Saw new cmpctblock header hash=41e41f88c30431a71646e7ee32add98d0f657baab17f59e57db02d42eedae384 peer=0
2025-10-30T17:48:09Z UpdateTip: new best=41e41f88c30431a71646e7ee32add98d0f657baab17f59e57db02d42eedae384 height=510 version=0x20000000 log2_work=9.997179 tx=511 date='2025-10-30T17:49:31Z' progress=1.000000 cache=0.3MiB(510txo)
2025-10-30T17:48:09Z Saw new header hash=4ec2e62d645ec8bf1cd820d9b4557ce24aef91de97df88d201aff7830fc741ff height=511
2025-10-30T17:48:09Z Saw new cmpctblock header hash=4ec2e62d645ec8bf1cd820d9b4557ce24aef91de97df88d201aff7830fc741ff peer=0
2025-10-30T17:48:09Z UpdateTip: new best=4ec2e62d645ec8bf1cd820d9b4557ce24aef91de97df88d201aff7830fc741ff height=511 version=0x20000000 log2_work=10.000000 tx=512 date='2025-10-30T17:49:31Z' progress=1.000000 cache=0.3MiB(511txo)
2025-10-30T17:48:09Z Saw new header hash=155e7a59d3d9ab59e7c4f05fb660d379ad8a4d07cd14fd86c5a329859194392f height=512
2025-10-30T17:48:09Z Saw new cmpctblock header hash=155e7a59d3d9ab59e7c4f05fb660d379ad8a4d07cd14fd86c5a329859194392f peer=0
2025-10-30T17:48:09Z UpdateTip: new best=155e7a59d3d9ab59e7c4f05fb660d379ad8a4d07cd14fd86c5a329859194392f height=512 version=0x20000000 log2_work=10.002815 tx=513 date='2025-10-30T17:49:32Z' progress=1.000000 cache=0.3MiB(512txo)
2025-10-30T17:48:09Z Saw new header hash=1fdcdecd5e8087076df5cbde680a61bd6903c8f212dd65bfa8443a7c0126f994 height=513
2025-10-30T17:48:09Z Saw new cmpctblock header hash=1fdcdecd5e8087076df5cbde680a61bd6903c8f212dd65bfa8443a7c0126f994 peer=0
2025-10-30T17:48:09Z UpdateTip: new best=1fdcdecd5e8087076df5cbde680a61bd6903c8f212dd65bfa8443a7c0126f994 height=513 version=0x20000000 log2_work=10.005625 tx=514 date='2025-10-30T17:49:32Z' progress=1.000000 cache=0.3MiB(513txo)
2025-10-30T17:48:09Z Saw new header hash=7e10104ee7b225682d5864916c483672c7f5c86eb113627d9046bffcb9c032cf height=514
2025-10-30T17:48:09Z Saw new cmpctblock header hash=7e10104ee7b225682d5864916c483672c7f5c86eb113627d9046bffcb9c032cf peer=0
2025-10-30T17:48:09Z UpdateTip: new best=7e10104ee7b225682d5864916c483672c7f5c86eb113627d9046bffcb9c032cf height=514 version=0x20000000 log2_work=10.008429 tx=515 date='2025-10-30T17:49:32Z' progress=1.000000 cache=0.3MiB(514txo)
2025-10-30T17:48:09Z Saw new header hash=691b722cb69c2caa7c13af5646d41dca1f5629f12d5e42c05e8aaf73f7c6a9fa height=515
2025-10-30T17:48:09Z Saw new cmpctblock header hash=691b722cb69c2caa7c13af5646d41dca1f5629f12d5e42c05e8aaf73f7c6a9fa peer=0
2025-10-30T17:48:09Z UpdateTip: new best=691b722cb69c2caa7c13af5646d41dca1f5629f12d5e42c05e8aaf73f7c6a9fa height=515 version=0x20000000 log2_work=10.011227 tx=516 date='2025-10-30T17:49:32Z' progress=1.000000 cache=0.3MiB(515txo)
2025-10-30T17:48:09Z Saw new header hash=79de9e2f08d233c6bb46d8b39c43b89037ea758b013114ad143260032e9b7fb0 height=516
2025-10-30T17:48:09Z Saw new cmpctblock header hash=79de9e2f08d233c6bb46d8b39c43b89037ea758b013114ad143260032e9b7fb0 peer=0
2025-10-30T17:48:09Z UpdateTip: new best=79de9e2f08d233c6bb46d8b39c43b89037ea758b013114ad143260032e9b7fb0 height=516 version=0x20000000 log2_work=10.014020 tx=517 date='2025-10-30T17:49:32Z' progress=1.000000 cache=0.3MiB(516txo)
2025-10-30T17:48:09Z Saw new header hash=217ade5086f5b6a2cb983020916e41d0f264597c933608cac749c54fa2b3d538 height=517
2025-10-30T17:48:09Z Saw new cmpctblock header hash=217ade5086f5b6a2cb983020916e41d0f264597c933608cac749c54fa2b3d538 peer=0
2025-10-30T17:48:09Z UpdateTip: new best=217ade5086f5b6a2cb983020916e41d0f264597c933608cac749c54fa2b3d538 height=517 version=0x20000000 log2_work=10.016808 tx=518 date='2025-10-30T17:49:32Z' progress=1.000000 cache=0.3MiB(517txo)
2025-10-30T17:48:09Z Saw new header hash=20a460d688ef960f19fd60b8ae38f1492a5287446647da500d9a12957ac4b796 height=518
2025-10-30T17:48:09Z Saw new cmpctblock header hash=20a460d688ef960f19fd60b8ae38f1492a5287446647da500d9a12957ac4b796 peer=0
2025-10-30T17:48:09Z UpdateTip: new best=20a460d688ef960f19fd60b8ae38f1492a5287446647da500d9a12957ac4b796 height=518 version=0x20000000 log2_work=10.019591 tx=519 date='2025-10-30T17:49:33Z' progress=1.000000 cache=0.3MiB(518txo)
2025-10-30T17:48:09Z Saw new header hash=52e548770ee8f743cbe4d6641180de9908e2bf2f7cd36926e27a7a6bf4618e71 height=519
2025-10-30T17:48:09Z Saw new cmpctblock header hash=52e548770ee8f743cbe4d6641180de9908e2bf2f7cd36926e27a7a6bf4618e71 peer=0
2025-10-30T17:48:09Z UpdateTip: new best=52e548770ee8f743cbe4d6641180de9908e2bf2f7cd36926e27a7a6bf4618e71 height=519 version=0x20000000 log2_work=10.022368 tx=520 date='2025-10-30T17:49:33Z' progress=1.000000 cache=0.3MiB(519txo)
2025-10-30T17:48:09Z Saw new header hash=2caf73c3b9e2c14b5b4d5c779ae638df924d39f0923e8a55668efac7fe82ae44 height=520
2025-10-30T17:48:09Z Saw new cmpctblock header hash=2caf73c3b9e2c14b5b4d5c779ae638df924d39f0923e8a55668efac7fe82ae44 peer=0
2025-10-30T17:48:09Z UpdateTip: new best=2caf73c3b9e2c14b5b4d5c779ae638df924d39f0923e8a55668efac7fe82ae44 height=520 version=0x20000000 log2_work=10.025140 tx=521 date='2025-10-30T17:49:33Z' progress=1.000000 cache=0.3MiB(520txo)
2025-10-30T17:48:09Z Saw new header hash=52c39559e9626fe584df9a7dc0836a1d60619384a3df824bb80d70f5142d4c39 height=521
2025-10-30T17:48:09Z Saw new cmpctblock header hash=52c39559e9626fe584df9a7dc0836a1d60619384a3df824bb80d70f5142d4c39 peer=0
2025-10-30T17:48:09Z UpdateTip: new best=52c39559e9626fe584df9a7dc0836a1d60619384a3df824bb80d70f5142d4c39 height=521 version=0x20000000 log2_work=10.027906 tx=522 date='2025-10-30T17:49:33Z' progress=1.000000 cache=0.3MiB(521txo)
2025-10-30T17:48:09Z Saw new header hash=713e1717e0fadbd110c6e92b61a58ba5cadc31a896dd26bf564a24606035a550 height=522
2025-10-30T17:48:09Z Saw new cmpctblock header hash=713e1717e0fadbd110c6e92b61a58ba5cadc31a896dd26bf564a24606035a550 peer=0
2025-10-30T17:48:09Z UpdateTip: new best=713e1717e0fadbd110c6e92b61a58ba5cadc31a896dd26bf564a24606035a550 height=522 version=0x20000000 log2_work=10.030667 tx=523 date='2025-10-30T17:49:33Z' progress=1.000000 cache=0.3MiB(522txo)
2025-10-30T17:48:09Z Saw new header hash=434c9244591dc75ba2eeae22591476960bcef3f5070e949acc4c27b0b44bda04 height=523
2025-10-30T17:48:09Z Saw new cmpctblock header hash=434c9244591dc75ba2eeae22591476960bcef3f5070e949acc4c27b0b44bda04 peer=0
2025-10-30T17:48:09Z UpdateTip: new best=434c9244591dc75ba2eeae22591476960bcef3f5070e949acc4c27b0b44bda04 height=523 version=0x20000000 log2_work=10.033423 tx=524 date='2025-10-30T17:49:33Z' progress=1.000000 cache=0.3MiB(523txo)
2025-10-30T17:48:09Z Saw new header hash=70753b417b2944bf2a6be2c4b822d7438455d478cd8714c6c4b11aebd3f0fb0c height=524
2025-10-30T17:48:09Z Saw new cmpctblock header hash=70753b417b2944bf2a6be2c4b822d7438455d478cd8714c6c4b11aebd3f0fb0c peer=0
2025-10-30T17:48:09Z UpdateTip: new best=70753b417b2944bf2a6be2c4b822d7438455d478cd8714c6c4b11aebd3f0fb0c height=524 version=0x20000000 log2_work=10.036174 tx=525 date='2025-10-30T17:49:34Z' progress=1.000000 cache=0.3MiB(524txo)
2025-10-30T17:48:09Z Saw new header hash=5cde3495c1e40a11c5a0cd263c769648c5cd5f8a7542c5a6816634c7cb8b891e height=525
2025-10-30T17:48:09Z Saw new cmpctblock header hash=5cde3495c1e40a11c5a0cd263c769648c5cd5f8a7542c5a6816634c7cb8b891e peer=0
2025-10-30T17:48:09Z UpdateTip: new best=5cde3495c1e40a11c5a0cd263c769648c5cd5f8a7542c5a6816634c7cb8b891e height=525 version=0x20000000 log2_work=10.038919 tx=526 date='2025-10-30T17:49:34Z' progress=1.000000 cache=0.3MiB(525txo)
2025-10-30T17:48:09Z Saw new header hash=04221be7bcf0b36fd9f1a7a71e71663cbf4efab37dc9332f7db6608228749a7c height=526
2025-10-30T17:48:09Z Saw new cmpctblock header hash=04221be7bcf0b36fd9f1a7a71e71663cbf4efab37dc9332f7db6608228749a7c peer=0
2025-10-30T17:48:09Z UpdateTip: new best=04221be7bcf0b36fd9f1a7a71e71663cbf4efab37dc9332f7db6608228749a7c height=526 version=0x20000000 log2_work=10.041659 tx=527 date='2025-10-30T17:49:34Z' progress=1.000000 cache=0.3MiB(526txo)
2025-10-30T17:48:09Z Saw new header hash=702e2df8c3f86023a5406e63be25b881af2470df713f13ceea998490bddc2f41 height=527
2025-10-30T17:48:09Z Saw new cmpctblock header hash=702e2df8c3f86023a5406e63be25b881af2470df713f13ceea998490bddc2f41 peer=0
2025-10-30T17:48:09Z UpdateTip: new best=702e2df8c3f86023a5406e63be25b881af2470df713f13ceea998490bddc2f41 height=527 version=0x20000000 log2_work=10.044394 tx=528 date='2025-10-30T17:49:34Z' progress=1.000000 cache=0.3MiB(527txo)
2025-10-30T17:48:09Z Saw new header hash=53da55b2149fcbc6c8f92bc6b0dc453a41f961b61fe03205e2a7e3f44beb99e1 height=528
2025-10-30T17:48:09Z Saw new cmpctblock header hash=53da55b2149fcbc6c8f92bc6b0dc453a41f961b61fe03205e2a7e3f44beb99e1 peer=0
2025-10-30T17:48:09Z UpdateTip: new best=53da55b2149fcbc6c8f92bc6b0dc453a41f961b61fe03205e2a7e3f44beb99e1 height=528 version=0x20000000 log2_work=10.047124 tx=529 date='2025-10-30T17:49:34Z' progress=1.000000 cache=0.3MiB(528txo)
2025-10-30T17:48:09Z Saw new header hash=365cf520d06fe1ae3ac62ef343ca29b443be0cdc628aa602b925154869baec8a height=529
2025-10-30T17:48:09Z Saw new cmpctblock header hash=365cf520d06fe1ae3ac62ef343ca29b443be0cdc628aa602b925154869baec8a peer=0
2025-10-30T17:48:09Z UpdateTip: new best=365cf520d06fe1ae3ac62ef343ca29b443be0cdc628aa602b925154869baec8a height=529 version=0x20000000 log2_work=10.049849 tx=530 date='2025-10-30T17:49:34Z' progress=1.000000 cache=0.3MiB(529txo)
2025-10-30T17:48:09Z Saw new header hash=17c1468e4d336cb15e28b098774c27b1fd0575bf00fd3a8609faca831d87bcc0 height=530
2025-10-30T17:48:09Z Saw new cmpctblock header hash=17c1468e4d336cb15e28b098774c27b1fd0575bf00fd3a8609faca831d87bcc0 peer=0
2025-10-30T17:48:09Z UpdateTip: new best=17c1468e4d336cb15e28b098774c27b1fd0575bf00fd3a8609faca831d87bcc0 height=530 version=0x20000000 log2_work=10.052568 tx=531 date='2025-10-30T17:49:35Z' progress=1.000000 cache=0.3MiB(530txo)
2025-10-30T17:48:09Z Saw new header hash=0818c530fd2e77aa8e7f5bfbc25eb3363211be1c55a4286e744d2e4b411cc6b0 height=531
2025-10-30T17:48:09Z Saw new cmpctblock header hash=0818c530fd2e77aa8e7f5bfbc25eb3363211be1c55a4286e744d2e4b411cc6b0 peer=0
2025-10-30T17:48:09Z UpdateTip: new best=0818c530fd2e77aa8e7f5bfbc25eb3363211be1c55a4286e744d2e4b411cc6b0 height=531 version=0x20000000 log2_work=10.055282 tx=532 date='2025-10-30T17:49:35Z' progress=1.000000 cache=0.3MiB(531txo)
2025-10-30T17:48:09Z Saw new header hash=2b3fd4d13b591c964ca0b2e430f876f1337e52a16d5469f3cd0db2f09027250c height=532
2025-10-30T17:48:09Z Saw new cmpctblock header hash=2b3fd4d13b591c964ca0b2e430f876f1337e52a16d5469f3cd0db2f09027250c peer=0
2025-10-30T17:48:09Z UpdateTip: new best=2b3fd4d13b591c964ca0b2e430f876f1337e52a16d5469f3cd0db2f09027250c height=532 version=0x20000000 log2_work=10.057992 tx=533 date='2025-10-30T17:49:35Z' progress=1.000000 cache=0.3MiB(532txo)
2025-10-30T17:48:09Z Saw new header hash=070850a97c598697ccf68871d844bb762f0e450580310cb71238021785c914b8 height=533
2025-10-30T17:48:09Z Saw new cmpctblock header hash=070850a97c598697ccf68871d844bb762f0e450580310cb71238021785c914b8 peer=0
2025-10-30T17:48:09Z UpdateTip: new best=070850a97c598697ccf68871d844bb762f0e450580310cb71238021785c914b8 height=533 version=0x20000000 log2_work=10.060696 tx=534 date='2025-10-30T17:49:35Z' progress=1.000000 cache=0.3MiB(533txo)
2025-10-30T17:48:09Z Saw new header hash=45be6578e6402d855ecb07dfe70db2bbf80372ce52ea2b8187dfcd25e5bfb241 height=534
2025-10-30T17:48:09Z Saw new cmpctblock header hash=45be6578e6402d855ecb07dfe70db2bbf80372ce52ea2b8187dfcd25e5bfb241 peer=0
2025-10-30T17:48:09Z UpdateTip: new best=45be6578e6402d855ecb07dfe70db2bbf80372ce52ea2b8187dfcd25e5bfb241 height=534 version=0x20000000 log2_work=10.063395 tx=535 date='2025-10-30T17:49:35Z' progress=1.000000 cache=0.3MiB(534txo)
2025-10-30T17:48:09Z Saw new header hash=262e26ea78f967e55c54489b37959f547463f3d255a258ea004b4f1b84a83d96 height=535
2025-10-30T17:48:09Z Saw new cmpctblock header hash=262e26ea78f967e55c54489b37959f547463f3d255a258ea004b4f1b84a83d96 peer=0
2025-10-30T17:48:09Z UpdateTip: new best=262e26ea78f967e55c54489b37959f547463f3d255a258ea004b4f1b84a83d96 height=535 version=0x20000000 log2_work=10.066089 tx=536 date='2025-10-30T17:49:35Z' progress=1.000000 cache=0.3MiB(535txo)
2025-10-30T17:48:09Z Saw new header hash=2c4e1442d8024243fa3cdc4387c3a11611948ab5cdb25b09b84aa1aa6f9ee089 height=536
2025-10-30T17:48:09Z Saw new cmpctblock header hash=2c4e1442d8024243fa3cdc4387c3a11611948ab5cdb25b09b84aa1aa6f9ee089 peer=0
2025-10-30T17:48:09Z UpdateTip: new best=2c4e1442d8024243fa3cdc4387c3a11611948ab5cdb25b09b84aa1aa6f9ee089 height=536 version=0x20000000 log2_work=10.068778 tx=537 date='2025-10-30T17:49:36Z' progress=1.000000 cache=0.3MiB(536txo)
2025-10-30T17:48:09Z Saw new header hash=1dd88b0979d73a642917148cfa3f612beb8734aad521eb0d04ea69ebfc462d59 height=537
2025-10-30T17:48:09Z Saw new cmpctblock header hash=1dd88b0979d73a642917148cfa3f612beb8734aad521eb0d04ea69ebfc462d59 peer=0
2025-10-30T17:48:09Z UpdateTip: new best=1dd88b0979d73a642917148cfa3f612beb8734aad521eb0d04ea69ebfc462d59 height=537 version=0x20000000 log2_work=10.071462 tx=538 date='2025-10-30T17:49:36Z' progress=1.000000 cache=0.3MiB(537txo)
2025-10-30T17:48:10Z Saw new header hash=5937dcb5b8cb5abe0738eeb0de33af3d84a9e8f9a015b5eaf892a8f34aeed5da height=538
2025-10-30T17:48:10Z Saw new cmpctblock header hash=5937dcb5b8cb5abe0738eeb0de33af3d84a9e8f9a015b5eaf892a8f34aeed5da peer=0
2025-10-30T17:48:10Z UpdateTip: new best=5937dcb5b8cb5abe0738eeb0de33af3d84a9e8f9a015b5eaf892a8f34aeed5da height=538 version=0x20000000 log2_work=10.074141 tx=539 date='2025-10-30T17:49:36Z' progress=1.000000 cache=0.3MiB(538txo)
2025-10-30T17:48:10Z Saw new header hash=42b4355539142530ccef192a612c96dd675f3f9d96bd3d084cf8e28bfd9890d2 height=539
2025-10-30T17:48:10Z Saw new cmpctblock header hash=42b4355539142530ccef192a612c96dd675f3f9d96bd3d084cf8e28bfd9890d2 peer=0
2025-10-30T17:48:10Z UpdateTip: new best=42b4355539142530ccef192a612c96dd675f3f9d96bd3d084cf8e28bfd9890d2 height=539 version=0x20000000 log2_work=10.076816 tx=540 date='2025-10-30T17:49:36Z' progress=1.000000 cache=0.3MiB(539txo)
2025-10-30T17:48:10Z Saw new header hash=41347f58752cf699610fa845e157ca85c2550bba616a425619e200596eab2812 height=540
2025-10-30T17:48:10Z Saw new cmpctblock header hash=41347f58752cf699610fa845e157ca85c2550bba616a425619e200596eab2812 peer=0
2025-10-30T17:48:10Z UpdateTip: new best=41347f58752cf699610fa845e157ca85c2550bba616a425619e200596eab2812 height=540 version=0x20000000 log2_work=10.079485 tx=541 date='2025-10-30T17:49:36Z' progress=1.000000 cache=0.3MiB(540txo)
2025-10-30T17:48:10Z Saw new header hash=41d6e9c00183c3a2ecd2491a43e8dfb038e65a03ffafde48a6a9df6d2f58d781 height=541
2025-10-30T17:48:10Z Saw new cmpctblock header hash=41d6e9c00183c3a2ecd2491a43e8dfb038e65a03ffafde48a6a9df6d2f58d781 peer=0
2025-10-30T17:48:10Z UpdateTip: new best=41d6e9c00183c3a2ecd2491a43e8dfb038e65a03ffafde48a6a9df6d2f58d781 height=541 version=0x20000000 log2_work=10.082149 tx=542 date='2025-10-30T17:49:36Z' progress=1.000000 cache=0.3MiB(541txo)
2025-10-30T17:48:10Z Saw new header hash=7ee8f939fcab195af993bb214ff11dddf191c70e3c2acf5be5e422a89859f4a7 height=542
2025-10-30T17:48:10Z Saw new cmpctblock header hash=7ee8f939fcab195af993bb214ff11dddf191c70e3c2acf5be5e422a89859f4a7 peer=0
2025-10-30T17:48:10Z UpdateTip: new best=7ee8f939fcab195af993bb214ff11dddf191c70e3c2acf5be5e422a89859f4a7 height=542 version=0x20000000 log2_work=10.084808 tx=543 date='2025-10-30T17:49:37Z' progress=1.000000 cache=0.3MiB(542txo)
2025-10-30T17:48:10Z Saw new header hash=15650fa52cb0ca8151e01205e7da47d77aabb6d4fd48b61142793c7c79f8e04a height=543
2025-10-30T17:48:10Z Saw new cmpctblock header hash=15650fa52cb0ca8151e01205e7da47d77aabb6d4fd48b61142793c7c79f8e04a peer=0
2025-10-30T17:48:10Z UpdateTip: new best=15650fa52cb0ca8151e01205e7da47d77aabb6d4fd48b61142793c7c79f8e04a height=543 version=0x20000000 log2_work=10.087463 tx=544 date='2025-10-30T17:49:37Z' progress=1.000000 cache=0.3MiB(543txo)
2025-10-30T17:48:10Z Saw new header hash=64873c6480870ab292a7a1410747f01386187ae06c88b68a3ba4a01e3f959860 height=544
2025-10-30T17:48:10Z Saw new cmpctblock header hash=64873c6480870ab292a7a1410747f01386187ae06c88b68a3ba4a01e3f959860 peer=0
2025-10-30T17:48:10Z UpdateTip: new best=64873c6480870ab292a7a1410747f01386187ae06c88b68a3ba4a01e3f959860 height=544 version=0x20000000 log2_work=10.090112 tx=545 date='2025-10-30T17:49:37Z' progress=1.000000 cache=0.3MiB(544txo)
2025-10-30T17:48:10Z Saw new header hash=115da49fc7e770245667bffb847aac6fe1b2896fa49bd18970c03e00c701ffb8 height=545
2025-10-30T17:48:10Z Saw new cmpctblock header hash=115da49fc7e770245667bffb847aac6fe1b2896fa49bd18970c03e00c701ffb8 peer=0
2025-10-30T17:48:10Z UpdateTip: new best=115da49fc7e770245667bffb847aac6fe1b2896fa49bd18970c03e00c701ffb8 height=545 version=0x20000000 log2_work=10.092757 tx=546 date='2025-10-30T17:49:37Z' progress=1.000000 cache=0.3MiB(545txo)
2025-10-30T17:48:10Z Saw new header hash=1bf9a7ca866f4aa56c82d471289c05cad1cd4bbb085aa0bf3bc51aa8af3c7df8 height=546
2025-10-30T17:48:10Z Saw new cmpctblock header hash=1bf9a7ca866f4aa56c82d471289c05cad1cd4bbb085aa0bf3bc51aa8af3c7df8 peer=0
2025-10-30T17:48:10Z UpdateTip: new best=1bf9a7ca866f4aa56c82d471289c05cad1cd4bbb085aa0bf3bc51aa8af3c7df8 height=546 version=0x20000000 log2_work=10.095397 tx=547 date='2025-10-30T17:49:37Z' progress=1.000000 cache=0.3MiB(546txo)
2025-10-30T17:48:10Z Saw new header hash=61fb7a1eb593241787c756947e0535c61c0f1e53b869057d3c50720824fb2527 height=547
2025-10-30T17:48:10Z Saw new cmpctblock header hash=61fb7a1eb593241787c756947e0535c61c0f1e53b869057d3c50720824fb2527 peer=0
2025-10-30T17:48:10Z UpdateTip: new best=61fb7a1eb593241787c756947e0535c61c0f1e53b869057d3c50720824fb2527 height=547 version=0x20000000 log2_work=10.098032 tx=548 date='2025-10-30T17:49:37Z' progress=1.000000 cache=0.3MiB(547txo)
2025-10-30T17:48:10Z Saw new header hash=11679ef5510f739d3bc967cad57ac9e17083aefba41747822340f27347e44c82 height=548
2025-10-30T17:48:10Z Saw new cmpctblock header hash=11679ef5510f739d3bc967cad57ac9e17083aefba41747822340f27347e44c82 peer=0
2025-10-30T17:48:10Z UpdateTip: new best=11679ef5510f739d3bc967cad57ac9e17083aefba41747822340f27347e44c82 height=548 version=0x20000000 log2_work=10.100662 tx=549 date='2025-10-30T17:49:38Z' progress=1.000000 cache=0.3MiB(548txo)
2025-10-30T17:48:10Z Saw new header hash=4608b8a20964e27befa2f8baad383431bd21ac53c6b364f98eb8945549a521c2 height=549
2025-10-30T17:48:10Z Saw new cmpctblock header hash=4608b8a20964e27befa2f8baad383431bd21ac53c6b364f98eb8945549a521c2 peer=0
2025-10-30T17:48:10Z UpdateTip: new best=4608b8a20964e27befa2f8baad383431bd21ac53c6b364f98eb8945549a521c2 height=549 version=0x20000000 log2_work=10.103288 tx=550 date='2025-10-30T17:49:38Z' progress=1.000000 cache=0.3MiB(549txo)
2025-10-30T17:48:10Z Saw new header hash=70caf2b7f6e40ff0487ae473de836e63372c8e3e0db5417aa54f1d5bceb4340b height=550
2025-10-30T17:48:10Z Saw new cmpctblock header hash=70caf2b7f6e40ff0487ae473de836e63372c8e3e0db5417aa54f1d5bceb4340b peer=0
2025-10-30T17:48:10Z UpdateTip: new best=70caf2b7f6e40ff0487ae473de836e63372c8e3e0db5417aa54f1d5bceb4340b height=550 version=0x20000000 log2_work=10.105909 tx=551 date='2025-10-30T17:49:38Z' progress=1.000000 cache=0.3MiB(550txo)
2025-10-30T17:48:10Z Saw new header hash=7118d964ef5a1c6db20c07640309efe176d002c6a5dfc318f490275d076c6d23 height=551
2025-10-30T17:48:10Z Saw new cmpctblock header hash=7118d964ef5a1c6db20c07640309efe176d002c6a5dfc318f490275d076c6d23 peer=0
2025-10-30T17:48:10Z UpdateTip: new best=7118d964ef5a1c6db20c07640309efe176d002c6a5dfc318f490275d076c6d23 height=551 version=0x20000000 log2_work=10.108524 tx=552 date='2025-10-30T17:49:38Z' progress=1.000000 cache=0.3MiB(551txo)
2025-10-30T17:48:10Z Saw new header hash=7ba92f9a1f854b65e057bb210ea7f7bf733901b25c77a4c4dedaa9661ab2a3a6 height=552
2025-10-30T17:48:10Z Saw new cmpctblock header hash=7ba92f9a1f854b65e057bb210ea7f7bf733901b25c77a4c4dedaa9661ab2a3a6 peer=0
2025-10-30T17:48:10Z UpdateTip: new best=7ba92f9a1f854b65e057bb210ea7f7bf733901b25c77a4c4dedaa9661ab2a3a6 height=552 version=0x20000000 log2_work=10.111136 tx=553 date='2025-10-30T17:49:38Z' progress=1.000000 cache=0.3MiB(552txo)
2025-10-30T17:48:10Z Saw new header hash=3cdde9ed8dac78701c2f9df136c35d94fffa553a69ddfde60af317560988faa5 height=553
2025-10-30T17:48:10Z Saw new cmpctblock header hash=3cdde9ed8dac78701c2f9df136c35d94fffa553a69ddfde60af317560988faa5 peer=0
2025-10-30T17:48:10Z UpdateTip: new best=3cdde9ed8dac78701c2f9df136c35d94fffa553a69ddfde60af317560988faa5 height=553 version=0x20000000 log2_work=10.113742 tx=554 date='2025-10-30T17:49:38Z' progress=1.000000 cache=0.3MiB(553txo)
2025-10-30T17:48:10Z Saw new header hash=41441641d11550f116e65a9e0673c8572656b68364f6f54f35401342606b1c4b height=554
2025-10-30T17:48:10Z Saw new cmpctblock header hash=41441641d11550f116e65a9e0673c8572656b68364f6f54f35401342606b1c4b peer=0
2025-10-30T17:48:10Z UpdateTip: new best=41441641d11550f116e65a9e0673c8572656b68364f6f54f35401342606b1c4b height=554 version=0x20000000 log2_work=10.116344 tx=555 date='2025-10-30T17:49:39Z' progress=1.000000 cache=0.3MiB(554txo)
2025-10-30T17:48:10Z Saw new header hash=678fcd52a7c3c3ec2a4d899112347a80d5f494649cde6e1e5ff5803930186d2b height=555
2025-10-30T17:48:10Z Saw new cmpctblock header hash=678fcd52a7c3c3ec2a4d899112347a80d5f494649cde6e1e5ff5803930186d2b peer=0
2025-10-30T17:48:10Z UpdateTip: new best=678fcd52a7c3c3ec2a4d899112347a80d5f494649cde6e1e5ff5803930186d2b height=555 version=0x20000000 log2_work=10.118941 tx=556 date='2025-10-30T17:49:39Z' progress=1.000000 cache=0.3MiB(555txo)
2025-10-30T17:48:10Z Saw new header hash=6f037b47076c94c39c6b08a78d4f304ca62c5773b5b9a49169353f45021e4d0a height=556
2025-10-30T17:48:10Z Saw new cmpctblock header hash=6f037b47076c94c39c6b08a78d4f304ca62c5773b5b9a49169353f45021e4d0a peer=0
2025-10-30T17:48:10Z UpdateTip: new best=6f037b47076c94c39c6b08a78d4f304ca62c5773b5b9a49169353f45021e4d0a height=556 version=0x20000000 log2_work=10.121534 tx=557 date='2025-10-30T17:49:39Z' progress=1.000000 cache=0.3MiB(556txo)
2025-10-30T17:48:10Z Saw new header hash=57642b58cbb831ce7e9b57b35065a6ff8c111739a25df420b460fcf7d231a0ef height=557
2025-10-30T17:48:10Z Saw new cmpctblock header hash=57642b58cbb831ce7e9b57b35065a6ff8c111739a25df420b460fcf7d231a0ef peer=0
2025-10-30T17:48:10Z UpdateTip: new best=57642b58cbb831ce7e9b57b35065a6ff8c111739a25df420b460fcf7d231a0ef height=557 version=0x20000000 log2_work=10.124121 tx=558 date='2025-10-30T17:49:39Z' progress=1.000000 cache=0.3MiB(557txo)
2025-10-30T17:48:10Z Saw new header hash=0188d4ffc3fbf750cc48a792edda0c2ee8f993fa813f3c6c8fcab3f5132ec800 height=558
2025-10-30T17:48:10Z Saw new cmpctblock header hash=0188d4ffc3fbf750cc48a792edda0c2ee8f993fa813f3c6c8fcab3f5132ec800 peer=0
2025-10-30T17:48:10Z UpdateTip: new best=0188d4ffc3fbf750cc48a792edda0c2ee8f993fa813f3c6c8fcab3f5132ec800 height=558 version=0x20000000 log2_work=10.126704 tx=559 date='2025-10-30T17:49:39Z' progress=1.000000 cache=0.3MiB(558txo)
2025-10-30T17:48:10Z Saw new header hash=641182a5c5bbd364a5e05fa527351ea5cecaed8cc60f44a4040ef868d292e0df height=559
2025-10-30T17:48:10Z Saw new cmpctblock header hash=641182a5c5bbd364a5e05fa527351ea5cecaed8cc60f44a4040ef868d292e0df peer=0
2025-10-30T17:48:10Z UpdateTip: new best=641182a5c5bbd364a5e05fa527351ea5cecaed8cc60f44a4040ef868d292e0df height=559 version=0x20000000 log2_work=10.129283 tx=560 date='2025-10-30T17:49:39Z' progress=1.000000 cache=0.3MiB(559txo)
2025-10-30T17:48:10Z Saw new header hash=261d9437813526425b513d729adc778787d7aa7c95a4b2b001da66bbc25feda4 height=560
2025-10-30T17:48:10Z Saw new cmpctblock header hash=261d9437813526425b513d729adc778787d7aa7c95a4b2b001da66bbc25feda4 peer=0
2025-10-30T17:48:10Z UpdateTip: new best=261d9437813526425b513d729adc778787d7aa7c95a4b2b001da66bbc25feda4 height=560 version=0x20000000 log2_work=10.131857 tx=561 date='2025-10-30T17:49:40Z' progress=1.000000 cache=0.3MiB(560txo)
2025-10-30T17:48:10Z Saw new header hash=4a4abaa2448b77a207654e8297670621ec4e79797c6262431a386d25f35d9086 height=561
2025-10-30T17:48:10Z Saw new cmpctblock header hash=4a4abaa2448b77a207654e8297670621ec4e79797c6262431a386d25f35d9086 peer=0
2025-10-30T17:48:10Z UpdateTip: new best=4a4abaa2448b77a207654e8297670621ec4e79797c6262431a386d25f35d9086 height=561 version=0x20000000 log2_work=10.134426 tx=562 date='2025-10-30T17:49:40Z' progress=1.000000 cache=0.3MiB(561txo)
2025-10-30T17:48:10Z Saw new header hash=69a45c3d62c92a5a1a75628e5d410b637522089c1ccd10cd002c98f9c1a3a4c7 height=562
2025-10-30T17:48:10Z Saw new cmpctblock header hash=69a45c3d62c92a5a1a75628e5d410b637522089c1ccd10cd002c98f9c1a3a4c7 peer=0
2025-10-30T17:48:10Z UpdateTip: new best=69a45c3d62c92a5a1a75628e5d410b637522089c1ccd10cd002c98f9c1a3a4c7 height=562 version=0x20000000 log2_work=10.136991 tx=563 date='2025-10-30T17:49:40Z' progress=1.000000 cache=0.3MiB(562txo)
2025-10-30T17:48:10Z Saw new header hash=3116c2661b33667f494a85185882ef177305bddda493fb06b9d9948aa795d703 height=563
2025-10-30T17:48:10Z Saw new cmpctblock header hash=3116c2661b33667f494a85185882ef177305bddda493fb06b9d9948aa795d703 peer=0
2025-10-30T17:48:10Z UpdateTip: new best=3116c2661b33667f494a85185882ef177305bddda493fb06b9d9948aa795d703 height=563 version=0x20000000 log2_work=10.139551 tx=564 date='2025-10-30T17:49:40Z' progress=1.000000 cache=0.3MiB(563txo)
2025-10-30T17:48:10Z Saw new header hash=3557f498f239c2eda99ed9ee68482e7d41df294af44895f8e8aaaf7799f6bb71 height=564
2025-10-30T17:48:10Z Saw new cmpctblock header hash=3557f498f239c2eda99ed9ee68482e7d41df294af44895f8e8aaaf7799f6bb71 peer=0
2025-10-30T17:48:10Z UpdateTip: new best=3557f498f239c2eda99ed9ee68482e7d41df294af44895f8e8aaaf7799f6bb71 height=564 version=0x20000000 log2_work=10.142107 tx=565 date='2025-10-30T17:49:40Z' progress=1.000000 cache=0.3MiB(564txo)
2025-10-30T17:48:10Z Saw new header hash=2d15db12b97ecfc10f149547e472fd3574cc8384335d832a0af2ab0bc2f94e6f height=565
2025-10-30T17:48:10Z Saw new cmpctblock header hash=2d15db12b97ecfc10f149547e472fd3574cc8384335d832a0af2ab0bc2f94e6f peer=0
2025-10-30T17:48:10Z UpdateTip: new best=2d15db12b97ecfc10f149547e472fd3574cc8384335d832a0af2ab0bc2f94e6f height=565 version=0x20000000 log2_work=10.144658 tx=566 date='2025-10-30T17:49:40Z' progress=1.000000 cache=0.3MiB(565txo)
2025-10-30T17:48:10Z Saw new header hash=19eb898031f80f3d48b2b65bd5a63ac944c62fa06fbc7e423e39051bfb5d0977 height=566
2025-10-30T17:48:10Z Saw new cmpctblock header hash=19eb898031f80f3d48b2b65bd5a63ac944c62fa06fbc7e423e39051bfb5d0977 peer=0
2025-10-30T17:48:10Z UpdateTip: new best=19eb898031f80f3d48b2b65bd5a63ac944c62fa06fbc7e423e39051bfb5d0977 height=566 version=0x20000000 log2_work=10.147205 tx=567 date='2025-10-30T17:49:41Z' progress=1.000000 cache=0.3MiB(566txo)
2025-10-30T17:48:10Z Saw new header hash=6325ad12bd4fda50e4abefda8daac64c7df4770ffeb7528f3850615879b1f2ea height=567
2025-10-30T17:48:10Z Saw new cmpctblock header hash=6325ad12bd4fda50e4abefda8daac64c7df4770ffeb7528f3850615879b1f2ea peer=0
2025-10-30T17:48:10Z UpdateTip: new best=6325ad12bd4fda50e4abefda8daac64c7df4770ffeb7528f3850615879b1f2ea height=567 version=0x20000000 log2_work=10.149747 tx=568 date='2025-10-30T17:49:41Z' progress=1.000000 cache=0.3MiB(567txo)
2025-10-30T17:48:10Z Saw new header hash=441e331ead3f8e427221c2bff29ed53e73544dae1950dee5dbaeb5265bc5e572 height=568
2025-10-30T17:48:10Z Saw new cmpctblock header hash=441e331ead3f8e427221c2bff29ed53e73544dae1950dee5dbaeb5265bc5e572 peer=0
2025-10-30T17:48:10Z UpdateTip: new best=441e331ead3f8e427221c2bff29ed53e73544dae1950dee5dbaeb5265bc5e572 height=568 version=0x20000000 log2_work=10.152285 tx=569 date='2025-10-30T17:49:41Z' progress=1.000000 cache=0.3MiB(568txo)
2025-10-30T17:48:10Z Saw new header hash=5ba6053a1266a399b877a928b1231215ed8813deeb617a57460f4344d02f41b9 height=569
2025-10-30T17:48:10Z Saw new cmpctblock header hash=5ba6053a1266a399b877a928b1231215ed8813deeb617a57460f4344d02f41b9 peer=0
2025-10-30T17:48:10Z UpdateTip: new best=5ba6053a1266a399b877a928b1231215ed8813deeb617a57460f4344d02f41b9 height=569 version=0x20000000 log2_work=10.154818 tx=570 date='2025-10-30T17:49:41Z' progress=1.000000 cache=0.3MiB(569txo)
2025-10-30T17:48:10Z Saw new header hash=422602151a229b4a35fbdf20218032235869678231a833970fd131224da9ee24 height=570
2025-10-30T17:48:10Z Saw new cmpctblock header hash=422602151a229b4a35fbdf20218032235869678231a833970fd131224da9ee24 peer=0
2025-10-30T17:48:10Z UpdateTip: new best=422602151a229b4a35fbdf20218032235869678231a833970fd131224da9ee24 height=570 version=0x20000000 log2_work=10.157347 tx=571 date='2025-10-30T17:49:41Z' progress=1.000000 cache=0.3MiB(570txo)
2025-10-30T17:48:10Z Saw new header hash=01ae02c3e64cf06f7d013bcfcd85e1877889fb72de5705031d601a6eb36f1d79 height=571
2025-10-30T17:48:10Z Saw new cmpctblock header hash=01ae02c3e64cf06f7d013bcfcd85e1877889fb72de5705031d601a6eb36f1d79 peer=0
2025-10-30T17:48:10Z UpdateTip: new best=01ae02c3e64cf06f7d013bcfcd85e1877889fb72de5705031d601a6eb36f1d79 height=571 version=0x20000000 log2_work=10.159871 tx=572 date='2025-10-30T17:49:41Z' progress=1.000000 cache=0.3MiB(571txo)
2025-10-30T17:48:10Z Saw new header hash=0469ea78c00bcc7bea2868a03f9edd894b3f69baccfaa2604973bf6c88aa1858 height=572
2025-10-30T17:48:10Z Saw new cmpctblock header hash=0469ea78c00bcc7bea2868a03f9edd894b3f69baccfaa2604973bf6c88aa1858 peer=0
2025-10-30T17:48:10Z UpdateTip: new best=0469ea78c00bcc7bea2868a03f9edd894b3f69baccfaa2604973bf6c88aa1858 height=572 version=0x20000000 log2_work=10.162391 tx=573 date='2025-10-30T17:49:42Z' progress=1.000000 cache=0.3MiB(572txo)
2025-10-30T17:48:10Z Saw new header hash=4a10bcd7c06c04317524c43570e239271f84a7e91c8571e1e21f3063af60c67f height=573
2025-10-30T17:48:10Z Saw new cmpctblock header hash=4a10bcd7c06c04317524c43570e239271f84a7e91c8571e1e21f3063af60c67f peer=0
2025-10-30T17:48:10Z UpdateTip: new best=4a10bcd7c06c04317524c43570e239271f84a7e91c8571e1e21f3063af60c67f height=573 version=0x20000000 log2_work=10.164907 tx=574 date='2025-10-30T17:49:42Z' progress=1.000000 cache=0.3MiB(573txo)
2025-10-30T17:48:10Z Saw new header hash=7a109972a9da3bf722f9b733d44f270a25c7125e8af50f86261dab8452c0453f height=574
2025-10-30T17:48:10Z Saw new cmpctblock header hash=7a109972a9da3bf722f9b733d44f270a25c7125e8af50f86261dab8452c0453f peer=0
2025-10-30T17:48:10Z UpdateTip: new best=7a109972a9da3bf722f9b733d44f270a25c7125e8af50f86261dab8452c0453f height=574 version=0x20000000 log2_work=10.167418 tx=575 date='2025-10-30T17:49:42Z' progress=1.000000 cache=0.3MiB(574txo)
2025-10-30T17:48:10Z Saw new header hash=6345987b92c13d9a57efd7cc612c91e259ee861b2cb09d238481a6dd3bf9eafd height=575
2025-10-30T17:48:10Z Saw new cmpctblock header hash=6345987b92c13d9a57efd7cc612c91e259ee861b2cb09d238481a6dd3bf9eafd peer=0
2025-10-30T17:48:10Z UpdateTip: new best=6345987b92c13d9a57efd7cc612c91e259ee861b2cb09d238481a6dd3bf9eafd height=575 version=0x20000000 log2_work=10.169925 tx=576 date='2025-10-30T17:49:42Z' progress=1.000000 cache=0.3MiB(575txo)
2025-10-30T17:48:10Z Saw new header hash=30e249932ca9530847d420672b8a14d3d4991b18d146c6dcbcd4cbfa0dbf327a height=576
2025-10-30T17:48:10Z Saw new cmpctblock header hash=30e249932ca9530847d420672b8a14d3d4991b18d146c6dcbcd4cbfa0dbf327a peer=0
2025-10-30T17:48:10Z UpdateTip: new best=30e249932ca9530847d420672b8a14d3d4991b18d146c6dcbcd4cbfa0dbf327a height=576 version=0x20000000 log2_work=10.172428 tx=577 date='2025-10-30T17:49:42Z' progress=1.000000 cache=0.3MiB(576txo)
2025-10-30T17:48:10Z Saw new header hash=4a5055d11a187fe8dfc34bbf5e4f7df313771e92b67b25463d2c9de8774dbfbc height=577
2025-10-30T17:48:10Z Saw new cmpctblock header hash=4a5055d11a187fe8dfc34bbf5e4f7df313771e92b67b25463d2c9de8774dbfbc peer=0
2025-10-30T17:48:10Z UpdateTip: new best=4a5055d11a187fe8dfc34bbf5e4f7df313771e92b67b25463d2c9de8774dbfbc height=577 version=0x20000000 log2_work=10.174926 tx=578 date='2025-10-30T17:49:42Z' progress=1.000000 cache=0.3MiB(577txo)
2025-10-30T17:48:10Z Saw new header hash=5f5adaaa4efca00b60e01d845ff22dc39febe3f81c0199df7ff5460239bf072a height=578
2025-10-30T17:48:10Z Saw new cmpctblock header hash=5f5adaaa4efca00b60e01d845ff22dc39febe3f81c0199df7ff5460239bf072a peer=0
2025-10-30T17:48:10Z UpdateTip: new best=5f5adaaa4efca00b60e01d845ff22dc39febe3f81c0199df7ff5460239bf072a height=578 version=0x20000000 log2_work=10.177420 tx=579 date='2025-10-30T17:49:43Z' progress=1.000000 cache=0.3MiB(578txo)
2025-10-30T17:48:10Z Saw new header hash=18df07b83a1e2b64b8185fcc41bc0a602ccedd40ea9f349166309b584eb0dd81 height=579
2025-10-30T17:48:10Z Saw new cmpctblock header hash=18df07b83a1e2b64b8185fcc41bc0a602ccedd40ea9f349166309b584eb0dd81 peer=0
2025-10-30T17:48:10Z UpdateTip: new best=18df07b83a1e2b64b8185fcc41bc0a602ccedd40ea9f349166309b584eb0dd81 height=579 version=0x20000000 log2_work=10.179909 tx=580 date='2025-10-30T17:49:43Z' progress=1.000000 cache=0.3MiB(579txo)
2025-10-30T17:48:10Z Saw new header hash=7fd71b7c62aad6b886dec5cc8c5758baab83176381f3130fd68e2e1b0249b350 height=580
2025-10-30T17:48:10Z Saw new cmpctblock header hash=7fd71b7c62aad6b886dec5cc8c5758baab83176381f3130fd68e2e1b0249b350 peer=0
2025-10-30T17:48:10Z UpdateTip: new best=7fd71b7c62aad6b886dec5cc8c5758baab83176381f3130fd68e2e1b0249b350 height=580 version=0x20000000 log2_work=10.182394 tx=581 date='2025-10-30T17:49:43Z' progress=1.000000 cache=0.3MiB(580txo)
2025-10-30T17:48:10Z Saw new header hash=09c0370c54b71e5386ef7b9a483c35690472a41c35925ebb020965b9af3a694a height=581
2025-10-30T17:48:10Z Saw new cmpctblock header hash=09c0370c54b71e5386ef7b9a483c35690472a41c35925ebb020965b9af3a694a peer=0
2025-10-30T17:48:10Z UpdateTip: new best=09c0370c54b71e5386ef7b9a483c35690472a41c35925ebb020965b9af3a694a height=581 version=0x20000000 log2_work=10.184875 tx=582 date='2025-10-30T17:49:43Z' progress=1.000000 cache=0.3MiB(581txo)
2025-10-30T17:48:10Z Saw new header hash=00f1834840d0887a8fa0e04200cff72a8da43545fa357e714ddbca62e50c4194 height=582
2025-10-30T17:48:10Z Saw new cmpctblock header hash=00f1834840d0887a8fa0e04200cff72a8da43545fa357e714ddbca62e50c4194 peer=0
2025-10-30T17:48:10Z UpdateTip: new best=00f1834840d0887a8fa0e04200cff72a8da43545fa357e714ddbca62e50c4194 height=582 version=0x20000000 log2_work=10.187352 tx=583 date='2025-10-30T17:49:43Z' progress=1.000000 cache=0.3MiB(582txo)
2025-10-30T17:48:10Z Saw new header hash=1d72b68ef717c19e8714d9ad7148c5cbd8875f7d197864736c71efe3c7718b70 height=583
2025-10-30T17:48:10Z Saw new cmpctblock header hash=1d72b68ef717c19e8714d9ad7148c5cbd8875f7d197864736c71efe3c7718b70 peer=0
2025-10-30T17:48:10Z UpdateTip: new best=1d72b68ef717c19e8714d9ad7148c5cbd8875f7d197864736c71efe3c7718b70 height=583 version=0x20000000 log2_work=10.189825 tx=584 date='2025-10-30T17:49:43Z' progress=1.000000 cache=0.3MiB(583txo)
2025-10-30T17:48:10Z Saw new header hash=5dfe99ae5d18a276783dcb85076269ef93095479fd9b0708ac6aad1c739a5a38 height=584
2025-10-30T17:48:10Z Saw new cmpctblock header hash=5dfe99ae5d18a276783dcb85076269ef93095479fd9b0708ac6aad1c739a5a38 peer=0
2025-10-30T17:48:10Z UpdateTip: new best=5dfe99ae5d18a276783dcb85076269ef93095479fd9b0708ac6aad1c739a5a38 height=584 version=0x20000000 log2_work=10.192293 tx=585 date='2025-10-30T17:49:44Z' progress=1.000000 cache=0.3MiB(584txo)
2025-10-30T17:48:10Z Saw new header hash=15231df467a3ba0e804e8a92673e3a21737ae63a397a8319ffd0ed1374b77727 height=585
2025-10-30T17:48:10Z Saw new cmpctblock header hash=15231df467a3ba0e804e8a92673e3a21737ae63a397a8319ffd0ed1374b77727 peer=0
2025-10-30T17:48:10Z UpdateTip: new best=15231df467a3ba0e804e8a92673e3a21737ae63a397a8319ffd0ed1374b77727 height=585 version=0x20000000 log2_work=10.194757 tx=586 date='2025-10-30T17:49:44Z' progress=1.000000 cache=0.3MiB(585txo)
2025-10-30T17:48:10Z Saw new header hash=6ec80d87381cc1e9c2b073cc77d48e0a9f3e366fb39390f12dc6ea22d7764410 height=586
2025-10-30T17:48:10Z Saw new cmpctblock header hash=6ec80d87381cc1e9c2b073cc77d48e0a9f3e366fb39390f12dc6ea22d7764410 peer=0
2025-10-30T17:48:10Z UpdateTip: new best=6ec80d87381cc1e9c2b073cc77d48e0a9f3e366fb39390f12dc6ea22d7764410 height=586 version=0x20000000 log2_work=10.197217 tx=587 date='2025-10-30T17:49:44Z' progress=1.000000 cache=0.3MiB(586txo)
2025-10-30T17:48:10Z Saw new header hash=5c33f02090d83a5c7fa07f5af6b7f132f05ae25439670f7d69668b1a39f4655b height=587
2025-10-30T17:48:10Z Saw new cmpctblock header hash=5c33f02090d83a5c7fa07f5af6b7f132f05ae25439670f7d69668b1a39f4655b peer=0
2025-10-30T17:48:10Z UpdateTip: new best=5c33f02090d83a5c7fa07f5af6b7f132f05ae25439670f7d69668b1a39f4655b height=587 version=0x20000000 log2_work=10.199672 tx=588 date='2025-10-30T17:49:44Z' progress=1.000000 cache=0.3MiB(587txo)
2025-10-30T17:48:10Z Saw new header hash=3d8d6abe3802b24932a55207be56bc47e5205f2fa142f4677bf152063ecbb69b height=588
2025-10-30T17:48:10Z Saw new cmpctblock header hash=3d8d6abe3802b24932a55207be56bc47e5205f2fa142f4677bf152063ecbb69b peer=0
2025-10-30T17:48:10Z UpdateTip: new best=3d8d6abe3802b24932a55207be56bc47e5205f2fa142f4677bf152063ecbb69b height=588 version=0x20000000 log2_work=10.202124 tx=589 date='2025-10-30T17:49:44Z' progress=1.000000 cache=0.3MiB(588txo)
2025-10-30T17:48:10Z Saw new header hash=539dcd53da2d6063e8ae7522749227ecabd403dab80dad7056377cd36207a2c7 height=589
2025-10-30T17:48:10Z Saw new cmpctblock header hash=539dcd53da2d6063e8ae7522749227ecabd403dab80dad7056377cd36207a2c7 peer=0
2025-10-30T17:48:10Z UpdateTip: new best=539dcd53da2d6063e8ae7522749227ecabd403dab80dad7056377cd36207a2c7 height=589 version=0x20000000 log2_work=10.204571 tx=590 date='2025-10-30T17:49:44Z' progress=1.000000 cache=0.3MiB(589txo)
2025-10-30T17:48:10Z Saw new header hash=7f09eefa925f2909bb3493b1026050bbccac1b799f9b8e9e75a1581b1722ca10 height=590
2025-10-30T17:48:10Z Saw new cmpctblock header hash=7f09eefa925f2909bb3493b1026050bbccac1b799f9b8e9e75a1581b1722ca10 peer=0
2025-10-30T17:48:10Z UpdateTip: new best=7f09eefa925f2909bb3493b1026050bbccac1b799f9b8e9e75a1581b1722ca10 height=590 version=0x20000000 log2_work=10.207014 tx=591 date='2025-10-30T17:49:45Z' progress=1.000000 cache=0.3MiB(590txo)
2025-10-30T17:48:10Z Saw new header hash=39d0e70cb873a68470d59eaf95ae7b91de5c33f967d929b14bd16ecc652a42a3 height=591
2025-10-30T17:48:10Z Saw new cmpctblock header hash=39d0e70cb873a68470d59eaf95ae7b91de5c33f967d929b14bd16ecc652a42a3 peer=0
2025-10-30T17:48:10Z UpdateTip: new best=39d0e70cb873a68470d59eaf95ae7b91de5c33f967d929b14bd16ecc652a42a3 height=591 version=0x20000000 log2_work=10.209453 tx=592 date='2025-10-30T17:49:45Z' progress=1.000000 cache=0.3MiB(591txo)
2025-10-30T17:48:10Z Saw new header hash=62c60ed47dcb7b221ef965135105f0c1ba4e30aa57106dded884520aa515f317 height=592
2025-10-30T17:48:10Z Saw new cmpctblock header hash=62c60ed47dcb7b221ef965135105f0c1ba4e30aa57106dded884520aa515f317 peer=0
2025-10-30T17:48:10Z UpdateTip: new best=62c60ed47dcb7b221ef965135105f0c1ba4e30aa57106dded884520aa515f317 height=592 version=0x20000000 log2_work=10.211888 tx=593 date='2025-10-30T17:49:45Z' progress=1.000000 cache=0.3MiB(592txo)
2025-10-30T17:48:10Z Saw new header hash=1c72194d01fbf7e93c3b1a6deb93d52ad2ec681305e14a4f8301e66362c965ba height=593
2025-10-30T17:48:10Z Saw new cmpctblock header hash=1c72194d01fbf7e93c3b1a6deb93d52ad2ec681305e14a4f8301e66362c965ba peer=0
2025-10-30T17:48:10Z UpdateTip: new best=1c72194d01fbf7e93c3b1a6deb93d52ad2ec681305e14a4f8301e66362c965ba height=593 version=0x20000000 log2_work=10.214319 tx=594 date='2025-10-30T17:49:45Z' progress=1.000000 cache=0.3MiB(593txo)
2025-10-30T17:48:10Z Saw new header hash=189088ce62c9dd6c5df9531279611f60011cd6d61ec4e698955e5fbe16fcaa3a height=594
2025-10-30T17:48:10Z Saw new cmpctblock header hash=189088ce62c9dd6c5df9531279611f60011cd6d61ec4e698955e5fbe16fcaa3a peer=0
2025-10-30T17:48:10Z UpdateTip: new best=189088ce62c9dd6c5df9531279611f60011cd6d61ec4e698955e5fbe16fcaa3a height=594 version=0x20000000 log2_work=10.216746 tx=595 date='2025-10-30T17:49:45Z' progress=1.000000 cache=0.3MiB(594txo)
2025-10-30T17:48:10Z Saw new header hash=342a2e44402cf2a1e048c07b1e76bb7330a4f5eef06eaf7409d834a3f883ca32 height=595
2025-10-30T17:48:10Z Saw new cmpctblock header hash=342a2e44402cf2a1e048c07b1e76bb7330a4f5eef06eaf7409d834a3f883ca32 peer=0
2025-10-30T17:48:10Z UpdateTip: new best=342a2e44402cf2a1e048c07b1e76bb7330a4f5eef06eaf7409d834a3f883ca32 height=595 version=0x20000000 log2_work=10.219169 tx=596 date='2025-10-30T17:49:45Z' progress=1.000000 cache=0.3MiB(595txo)
2025-10-30T17:48:10Z Saw new header hash=1ff6c1fb53974f5abc06b6d4dcbad96ba4c5a1f73dbea74a45d27cb98f8684a7 height=596
2025-10-30T17:48:10Z Saw new cmpctblock header hash=1ff6c1fb53974f5abc06b6d4dcbad96ba4c5a1f73dbea74a45d27cb98f8684a7 peer=0
2025-10-30T17:48:10Z UpdateTip: new best=1ff6c1fb53974f5abc06b6d4dcbad96ba4c5a1f73dbea74a45d27cb98f8684a7 height=596 version=0x20000000 log2_work=10.221587 tx=597 date='2025-10-30T17:49:46Z' progress=1.000000 cache=0.3MiB(596txo)
2025-10-30T17:48:10Z Saw new header hash=56b81eb3f1aa350c07b206e0c4aff77a8c9aee5d4d499fb0ee3ad77ac2501a47 height=597
2025-10-30T17:48:10Z Saw new cmpctblock header hash=56b81eb3f1aa350c07b206e0c4aff77a8c9aee5d4d499fb0ee3ad77ac2501a47 peer=0
2025-10-30T17:48:10Z UpdateTip: new best=56b81eb3f1aa350c07b206e0c4aff77a8c9aee5d4d499fb0ee3ad77ac2501a47 height=597 version=0x20000000 log2_work=10.224002 tx=598 date='2025-10-30T17:49:46Z' progress=1.000000 cache=0.3MiB(597txo)
2025-10-30T17:48:10Z Saw new header hash=27dcec46bb1a7a32801c6512a8cb984bb736173aaeaa25860b79ea4d2081165a height=598
2025-10-30T17:48:10Z Saw new cmpctblock header hash=27dcec46bb1a7a32801c6512a8cb984bb736173aaeaa25860b79ea4d2081165a peer=0
2025-10-30T17:48:10Z UpdateTip: new best=27dcec46bb1a7a32801c6512a8cb984bb736173aaeaa25860b79ea4d2081165a height=598 version=0x20000000 log2_work=10.226412 tx=599 date='2025-10-30T17:49:46Z' progress=1.000000 cache=0.3MiB(598txo)
2025-10-30T17:48:10Z Saw new header hash=77e57fd0133e8df6896ec3c4cd0721d33d37e03d073c45b803da614711ce3b5c height=599
2025-10-30T17:48:10Z Saw new cmpctblock header hash=77e57fd0133e8df6896ec3c4cd0721d33d37e03d073c45b803da614711ce3b5c peer=0
2025-10-30T17:48:10Z UpdateTip: new best=77e57fd0133e8df6896ec3c4cd0721d33d37e03d073c45b803da614711ce3b5c height=599 version=0x20000000 log2_work=10.228819 tx=600 date='2025-10-30T17:49:46Z' progress=1.000000 cache=0.3MiB(599txo)
2025-10-30T17:48:10Z Saw new header hash=1c88ec2f5826808c4eda82e25638cd83463adc3e60e2706a240e1f94ac7d17ae height=600
2025-10-30T17:48:10Z Saw new cmpctblock header hash=1c88ec2f5826808c4eda82e25638cd83463adc3e60e2706a240e1f94ac7d17ae peer=0
2025-10-30T17:48:10Z UpdateTip: new best=1c88ec2f5826808c4eda82e25638cd83463adc3e60e2706a240e1f94ac7d17ae height=600 version=0x20000000 log2_work=10.231221 tx=601 date='2025-10-30T17:49:46Z' progress=1.000000 cache=0.3MiB(600txo)
2025-10-30T17:48:10Z Saw new header hash=7736ab5f8dfc23e853cc49c3efb2b19cf07559b3fce9309644d826ea11c575e7 height=601
2025-10-30T17:48:10Z Saw new cmpctblock header hash=7736ab5f8dfc23e853cc49c3efb2b19cf07559b3fce9309644d826ea11c575e7 peer=0
2025-10-30T17:48:10Z UpdateTip: new best=7736ab5f8dfc23e853cc49c3efb2b19cf07559b3fce9309644d826ea11c575e7 height=601 version=0x20000000 log2_work=10.233620 tx=602 date='2025-10-30T17:49:46Z' progress=1.000000 cache=0.3MiB(601txo)
2025-10-30T17:48:10Z Saw new header hash=1e3c0efe87e83a99bc743843a25fc3965b2bd766581d21f94b502a46df235af9 height=602
2025-10-30T17:48:10Z Saw new cmpctblock header hash=1e3c0efe87e83a99bc743843a25fc3965b2bd766581d21f94b502a46df235af9 peer=0
2025-10-30T17:48:10Z UpdateTip: new best=1e3c0efe87e83a99bc743843a25fc3965b2bd766581d21f94b502a46df235af9 height=602 version=0x20000000 log2_work=10.236014 tx=603 date='2025-10-30T17:49:47Z' progress=1.000000 cache=0.3MiB(602txo)
2025-10-30T17:48:10Z Saw new header hash=36ec1c40039d0c521116099367add98b929f9df382eb5ea0b698f72da1d9aae3 height=603
2025-10-30T17:48:10Z Saw new cmpctblock header hash=36ec1c40039d0c521116099367add98b929f9df382eb5ea0b698f72da1d9aae3 peer=0
2025-10-30T17:48:10Z UpdateTip: new best=36ec1c40039d0c521116099367add98b929f9df382eb5ea0b698f72da1d9aae3 height=603 version=0x20000000 log2_work=10.238405 tx=604 date='2025-10-30T17:49:47Z' progress=1.000000 cache=0.3MiB(603txo)
2025-10-30T17:48:10Z Saw new header hash=23af90865b743fcf2cf561ad99149159265b397447846c03c0fb1fd1a0eae2f4 height=604
2025-10-30T17:48:10Z Saw new cmpctblock header hash=23af90865b743fcf2cf561ad99149159265b397447846c03c0fb1fd1a0eae2f4 peer=0
2025-10-30T17:48:10Z UpdateTip: new best=23af90865b743fcf2cf561ad99149159265b397447846c03c0fb1fd1a0eae2f4 height=604 version=0x20000000 log2_work=10.240791 tx=605 date='2025-10-30T17:49:47Z' progress=1.000000 cache=0.3MiB(604txo)
2025-10-30T17:48:10Z Saw new header hash=42f0a24a50c0e211aaefb8131dca2c567ec178261c12cdd807ba003b52b2dfad height=605
2025-10-30T17:48:10Z Saw new cmpctblock header hash=42f0a24a50c0e211aaefb8131dca2c567ec178261c12cdd807ba003b52b2dfad peer=0
2025-10-30T17:48:10Z UpdateTip: new best=42f0a24a50c0e211aaefb8131dca2c567ec178261c12cdd807ba003b52b2dfad height=605 version=0x20000000 log2_work=10.243174 tx=606 date='2025-10-30T17:49:47Z' progress=1.000000 cache=0.3MiB(605txo)
2025-10-30T17:48:10Z Saw new header hash=37a52ef70f39ebd345e2d33bc744360f06382345f9d2eb135c80febd305d86b0 height=606
2025-10-30T17:48:10Z Saw new cmpctblock header hash=37a52ef70f39ebd345e2d33bc744360f06382345f9d2eb135c80febd305d86b0 peer=0
2025-10-30T17:48:10Z UpdateTip: new best=37a52ef70f39ebd345e2d33bc744360f06382345f9d2eb135c80febd305d86b0 height=606 version=0x20000000 log2_work=10.245553 tx=607 date='2025-10-30T17:49:47Z' progress=1.000000 cache=0.3MiB(606txo)
2025-10-30T17:48:10Z Saw new header hash=4a08b3470ac544eeae3750c74b9bb94e61f2e4095d162f2316a159e06102b7c3 height=607
2025-10-30T17:48:10Z Saw new cmpctblock header hash=4a08b3470ac544eeae3750c74b9bb94e61f2e4095d162f2316a159e06102b7c3 peer=0
2025-10-30T17:48:10Z UpdateTip: new best=4a08b3470ac544eeae3750c74b9bb94e61f2e4095d162f2316a159e06102b7c3 height=607 version=0x20000000 log2_work=10.247928 tx=608 date='2025-10-30T17:49:47Z' progress=1.000000 cache=0.3MiB(607txo)
2025-10-30T17:48:10Z Saw new header hash=69fd535cc50cf5d875e04033d50ee4809065eb28050986476f4f9fa7b99007c3 height=608
2025-10-30T17:48:10Z Saw new cmpctblock header hash=69fd535cc50cf5d875e04033d50ee4809065eb28050986476f4f9fa7b99007c3 peer=0
2025-10-30T17:48:10Z UpdateTip: new best=69fd535cc50cf5d875e04033d50ee4809065eb28050986476f4f9fa7b99007c3 height=608 version=0x20000000 log2_work=10.250298 tx=609 date='2025-10-30T17:49:48Z' progress=1.000000 cache=0.3MiB(608txo)
2025-10-30T17:48:10Z Saw new header hash=2b660f3e79ebc0ed4a48ba6addb324ccb8ae47ef4af9aa343bb0351e6f9e2ce8 height=609
2025-10-30T17:48:10Z Saw new cmpctblock header hash=2b660f3e79ebc0ed4a48ba6addb324ccb8ae47ef4af9aa343bb0351e6f9e2ce8 peer=0
2025-10-30T17:48:10Z UpdateTip: new best=2b660f3e79ebc0ed4a48ba6addb324ccb8ae47ef4af9aa343bb0351e6f9e2ce8 height=609 version=0x20000000 log2_work=10.252665 tx=610 date='2025-10-30T17:49:48Z' progress=1.000000 cache=0.3MiB(609txo)
2025-10-30T17:48:10Z Saw new header hash=5694cfbfdabfb3db87c11b73f840b46245fccf384b6d39c6bcbb4f3aa1df7f9d height=610
2025-10-30T17:48:10Z Saw new cmpctblock header hash=5694cfbfdabfb3db87c11b73f840b46245fccf384b6d39c6bcbb4f3aa1df7f9d peer=0
2025-10-30T17:48:10Z UpdateTip: new best=5694cfbfdabfb3db87c11b73f840b46245fccf384b6d39c6bcbb4f3aa1df7f9d height=610 version=0x20000000 log2_work=10.255029 tx=611 date='2025-10-30T17:49:48Z' progress=1.000000 cache=0.3MiB(610txo)
2025-10-30T17:48:10Z Saw new header hash=4c1f080719215d394ce9c53182f64cb26ae1b636ecc1020c4295795910e10f20 height=611
2025-10-30T17:48:10Z Saw new cmpctblock header hash=4c1f080719215d394ce9c53182f64cb26ae1b636ecc1020c4295795910e10f20 peer=0
2025-10-30T17:48:10Z UpdateTip: new best=4c1f080719215d394ce9c53182f64cb26ae1b636ecc1020c4295795910e10f20 height=611 version=0x20000000 log2_work=10.257388 tx=612 date='2025-10-30T17:49:48Z' progress=1.000000 cache=0.3MiB(611txo)
2025-10-30T17:48:10Z Saw new header hash=3b237d903c9126bfe34d360ad99f8fb0bd81999f15ad9bcd59e0f4b2c1c206ad height=612
2025-10-30T17:48:10Z Saw new cmpctblock header hash=3b237d903c9126bfe34d360ad99f8fb0bd81999f15ad9bcd59e0f4b2c1c206ad peer=0
2025-10-30T17:48:10Z UpdateTip: new best=3b237d903c9126bfe34d360ad99f8fb0bd81999f15ad9bcd59e0f4b2c1c206ad height=612 version=0x20000000 log2_work=10.259743 tx=613 date='2025-10-30T17:49:48Z' progress=1.000000 cache=0.3MiB(612txo)
2025-10-30T17:48:10Z Saw new header hash=1668c21abfabddbd5db5ab12ccf827fa70980343a2e80c97f917d9b8f7ff9654 height=613
2025-10-30T17:48:10Z Saw new cmpctblock header hash=1668c21abfabddbd5db5ab12ccf827fa70980343a2e80c97f917d9b8f7ff9654 peer=0
2025-10-30T17:48:10Z UpdateTip: new best=1668c21abfabddbd5db5ab12ccf827fa70980343a2e80c97f917d9b8f7ff9654 height=613 version=0x20000000 log2_work=10.262095 tx=614 date='2025-10-30T17:49:48Z' progress=1.000000 cache=0.3MiB(613txo)
2025-10-30T17:48:10Z Saw new header hash=07f5045d035426e0034995b8ca948647a433bb5fe232e009456f61d966bf9556 height=614
2025-10-30T17:48:10Z Saw new cmpctblock header hash=07f5045d035426e0034995b8ca948647a433bb5fe232e009456f61d966bf9556 peer=0
2025-10-30T17:48:10Z UpdateTip: new best=07f5045d035426e0034995b8ca948647a433bb5fe232e009456f61d966bf9556 height=614 version=0x20000000 log2_work=10.264443 tx=615 date='2025-10-30T17:49:49Z' progress=1.000000 cache=0.3MiB(614txo)
2025-10-30T17:48:10Z Saw new header hash=5173990ea26290b5f76e3ad2f1a94cb8d705f52ba50d51395616330d5d158e9a height=615
2025-10-30T17:48:10Z Saw new cmpctblock header hash=5173990ea26290b5f76e3ad2f1a94cb8d705f52ba50d51395616330d5d158e9a peer=0
2025-10-30T17:48:10Z UpdateTip: new best=5173990ea26290b5f76e3ad2f1a94cb8d705f52ba50d51395616330d5d158e9a height=615 version=0x20000000 log2_work=10.266787 tx=616 date='2025-10-30T17:49:49Z' progress=1.000000 cache=0.3MiB(615txo)
2025-10-30T17:48:10Z Saw new header hash=5649bcc85bb7402444d18d9435b566ee8d990dd3cfeaf70db1646c126fba31d6 height=616
2025-10-30T17:48:10Z Saw new cmpctblock header hash=5649bcc85bb7402444d18d9435b566ee8d990dd3cfeaf70db1646c126fba31d6 peer=0
2025-10-30T17:48:10Z UpdateTip: new best=5649bcc85bb7402444d18d9435b566ee8d990dd3cfeaf70db1646c126fba31d6 height=616 version=0x20000000 log2_work=10.269127 tx=617 date='2025-10-30T17:49:49Z' progress=1.000000 cache=0.3MiB(616txo)
2025-10-30T17:48:10Z Saw new header hash=42396687525098996967d62022b87ca19d76dd800c56d076fd014a9b5618b1ea height=617
2025-10-30T17:48:10Z Saw new cmpctblock header hash=42396687525098996967d62022b87ca19d76dd800c56d076fd014a9b5618b1ea peer=0
2025-10-30T17:48:10Z UpdateTip: new best=42396687525098996967d62022b87ca19d76dd800c56d076fd014a9b5618b1ea height=617 version=0x20000000 log2_work=10.271463 tx=618 date='2025-10-30T17:49:49Z' progress=1.000000 cache=0.3MiB(617txo)
2025-10-30T17:48:10Z Saw new header hash=07c1a313ff2ed0f2fb64c3deb19f4a7735361671ec8521f7b5baff0606f74b5e height=618
2025-10-30T17:48:10Z Saw new cmpctblock header hash=07c1a313ff2ed0f2fb64c3deb19f4a7735361671ec8521f7b5baff0606f74b5e peer=0
2025-10-30T17:48:10Z UpdateTip: new best=07c1a313ff2ed0f2fb64c3deb19f4a7735361671ec8521f7b5baff0606f74b5e height=618 version=0x20000000 log2_work=10.273796 tx=619 date='2025-10-30T17:49:49Z' progress=1.000000 cache=0.3MiB(618txo)
2025-10-30T17:48:10Z Saw new header hash=3e4273b88c2d8eb76f41e3193d4d179f03dc83f9b8daab91635784388e707c87 height=619
2025-10-30T17:48:10Z Saw new cmpctblock header hash=3e4273b88c2d8eb76f41e3193d4d179f03dc83f9b8daab91635784388e707c87 peer=0
2025-10-30T17:48:10Z UpdateTip: new best=3e4273b88c2d8eb76f41e3193d4d179f03dc83f9b8daab91635784388e707c87 height=619 version=0x20000000 log2_work=10.276124 tx=620 date='2025-10-30T17:49:49Z' progress=1.000000 cache=0.3MiB(619txo)
2025-10-30T17:48:10Z Saw new header hash=7bc0ccbf3ee3d24c843c7abf8e5df65d322aaf697549a62914ba9ad695e94d32 height=620
2025-10-30T17:48:10Z Saw new cmpctblock header hash=7bc0ccbf3ee3d24c843c7abf8e5df65d322aaf697549a62914ba9ad695e94d32 peer=0
2025-10-30T17:48:10Z UpdateTip: new best=7bc0ccbf3ee3d24c843c7abf8e5df65d322aaf697549a62914ba9ad695e94d32 height=620 version=0x20000000 log2_work=10.278449 tx=621 date='2025-10-30T17:49:50Z' progress=1.000000 cache=0.3MiB(620txo)
2025-10-30T17:48:10Z Saw new header hash=6c3948abfdae3305deb9401ae704fd8485321c6f3d489f2a1004885c93446c4e height=621
2025-10-30T17:48:10Z Saw new cmpctblock header hash=6c3948abfdae3305deb9401ae704fd8485321c6f3d489f2a1004885c93446c4e peer=0
2025-10-30T17:48:10Z UpdateTip: new best=6c3948abfdae3305deb9401ae704fd8485321c6f3d489f2a1004885c93446c4e height=621 version=0x20000000 log2_work=10.280771 tx=622 date='2025-10-30T17:49:50Z' progress=1.000000 cache=0.3MiB(621txo)
2025-10-30T17:48:10Z Saw new header hash=2dd64a98c583579c517d1eb47222d3fb9e688f5c60b831a936d05c7431897374 height=622
2025-10-30T17:48:10Z Saw new cmpctblock header hash=2dd64a98c583579c517d1eb47222d3fb9e688f5c60b831a936d05c7431897374 peer=0
2025-10-30T17:48:10Z UpdateTip: new best=2dd64a98c583579c517d1eb47222d3fb9e688f5c60b831a936d05c7431897374 height=622 version=0x20000000 log2_work=10.283088 tx=623 date='2025-10-30T17:49:50Z' progress=1.000000 cache=0.3MiB(622txo)
2025-10-30T17:48:10Z Saw new header hash=5ffa6ff75af6aa52591d896a3e72e13462df79532648cbb68a0251d5bdefa1ec height=623
2025-10-30T17:48:10Z Saw new cmpctblock header hash=5ffa6ff75af6aa52591d896a3e72e13462df79532648cbb68a0251d5bdefa1ec peer=0
2025-10-30T17:48:10Z UpdateTip: new best=5ffa6ff75af6aa52591d896a3e72e13462df79532648cbb68a0251d5bdefa1ec height=623 version=0x20000000 log2_work=10.285402 tx=624 date='2025-10-30T17:49:50Z' progress=1.000000 cache=0.3MiB(623txo)
2025-10-30T17:48:10Z Saw new header hash=6a6935c50c47dd5f7c047b3cef984138d9e0f161bef7344d127c54483c5c95bb height=624
2025-10-30T17:48:10Z Saw new cmpctblock header hash=6a6935c50c47dd5f7c047b3cef984138d9e0f161bef7344d127c54483c5c95bb peer=0
2025-10-30T17:48:10Z UpdateTip: new best=6a6935c50c47dd5f7c047b3cef984138d9e0f161bef7344d127c54483c5c95bb height=624 version=0x20000000 log2_work=10.287712 tx=625 date='2025-10-30T17:49:50Z' progress=1.000000 cache=0.3MiB(624txo)
2025-10-30T17:48:10Z Saw new header hash=06631fcdccf6ab08a33be76f44f2c2aa0726b73f2388ed6f768ed4814a60a7e3 height=625
2025-10-30T17:48:10Z Saw new cmpctblock header hash=06631fcdccf6ab08a33be76f44f2c2aa0726b73f2388ed6f768ed4814a60a7e3 peer=0
2025-10-30T17:48:10Z UpdateTip: new best=06631fcdccf6ab08a33be76f44f2c2aa0726b73f2388ed6f768ed4814a60a7e3 height=625 version=0x20000000 log2_work=10.290019 tx=626 date='2025-10-30T17:49:50Z' progress=1.000000 cache=0.3MiB(625txo)
2025-10-30T17:48:10Z Saw new header hash=4e42c50da090d7b33c2a7e8ee3f6978b422068aa682c631e022c5f95a3bf3147 height=626
2025-10-30T17:48:10Z Saw new cmpctblock header hash=4e42c50da090d7b33c2a7e8ee3f6978b422068aa682c631e022c5f95a3bf3147 peer=0
2025-10-30T17:48:10Z UpdateTip: new best=4e42c50da090d7b33c2a7e8ee3f6978b422068aa682c631e022c5f95a3bf3147 height=626 version=0x20000000 log2_work=10.292322 tx=627 date='2025-10-30T17:49:51Z' progress=1.000000 cache=0.3MiB(626txo)
2025-10-30T17:48:10Z Saw new header hash=5adabd754091e48cea96c51a568e0676c22809ed29f40ba4a05b6b9d4c9975f6 height=627
2025-10-30T17:48:10Z Saw new cmpctblock header hash=5adabd754091e48cea96c51a568e0676c22809ed29f40ba4a05b6b9d4c9975f6 peer=0
2025-10-30T17:48:10Z UpdateTip: new best=5adabd754091e48cea96c51a568e0676c22809ed29f40ba4a05b6b9d4c9975f6 height=627 version=0x20000000 log2_work=10.294621 tx=628 date='2025-10-30T17:49:51Z' progress=1.000000 cache=0.3MiB(627txo)
2025-10-30T17:48:10Z Saw new header hash=4495c357cb64f500260ea1d6497ed3cca1a3d9f36f365eecd9c10c6c8632b7cb height=628
2025-10-30T17:48:10Z Saw new cmpctblock header hash=4495c357cb64f500260ea1d6497ed3cca1a3d9f36f365eecd9c10c6c8632b7cb peer=0
2025-10-30T17:48:10Z UpdateTip: new best=4495c357cb64f500260ea1d6497ed3cca1a3d9f36f365eecd9c10c6c8632b7cb height=628 version=0x20000000 log2_work=10.296916 tx=629 date='2025-10-30T17:49:51Z' progress=1.000000 cache=0.3MiB(628txo)
2025-10-30T17:48:10Z Saw new header hash=4939adf346199f64bdaafbeb49b9ffaaaa816a4ee22e4b3e63f5da44f0956f80 height=629
2025-10-30T17:48:10Z Saw new cmpctblock header hash=4939adf346199f64bdaafbeb49b9ffaaaa816a4ee22e4b3e63f5da44f0956f80 peer=0
2025-10-30T17:48:10Z UpdateTip: new best=4939adf346199f64bdaafbeb49b9ffaaaa816a4ee22e4b3e63f5da44f0956f80 height=629 version=0x20000000 log2_work=10.299208 tx=630 date='2025-10-30T17:49:51Z' progress=1.000000 cache=0.3MiB(629txo)
2025-10-30T17:48:10Z Saw new header hash=5f687efc1ff2d85cc9dc9658cd82ca243c24e0c436b2cdc8c2c1feea6942099d height=630
2025-10-30T17:48:10Z Saw new cmpctblock header hash=5f687efc1ff2d85cc9dc9658cd82ca243c24e0c436b2cdc8c2c1feea6942099d peer=0
2025-10-30T17:48:10Z UpdateTip: new best=5f687efc1ff2d85cc9dc9658cd82ca243c24e0c436b2cdc8c2c1feea6942099d height=630 version=0x20000000 log2_work=10.301496 tx=631 date='2025-10-30T17:49:51Z' progress=1.000000 cache=0.3MiB(630txo)
2025-10-30T17:48:10Z Saw new header hash=516712a7dafcf780c5b158076c581ae395e41495640a4fe7b1a3f3eddaf0609c height=631
2025-10-30T17:48:10Z Saw new cmpctblock header hash=516712a7dafcf780c5b158076c581ae395e41495640a4fe7b1a3f3eddaf0609c peer=0
2025-10-30T17:48:10Z UpdateTip: new best=516712a7dafcf780c5b158076c581ae395e41495640a4fe7b1a3f3eddaf0609c height=631 version=0x20000000 log2_work=10.303781 tx=632 date='2025-10-30T17:49:51Z' progress=1.000000 cache=0.3MiB(631txo)
2025-10-30T17:48:10Z Saw new header hash=59f80f5176086d485f92746f311f661123a9836d2ad32d08ba3a4e1875b9c77c height=632
2025-10-30T17:48:10Z Saw new cmpctblock header hash=59f80f5176086d485f92746f311f661123a9836d2ad32d08ba3a4e1875b9c77c peer=0
2025-10-30T17:48:10Z UpdateTip: new best=59f80f5176086d485f92746f311f661123a9836d2ad32d08ba3a4e1875b9c77c height=632 version=0x20000000 log2_work=10.306062 tx=633 date='2025-10-30T17:49:52Z' progress=1.000000 cache=0.3MiB(632txo)
2025-10-30T17:48:10Z Saw new header hash=73b4dd93dd6b5ad1136f013bbd5cbbd25384b285e4db399e1a522c7deadbae10 height=633
2025-10-30T17:48:10Z Saw new cmpctblock header hash=73b4dd93dd6b5ad1136f013bbd5cbbd25384b285e4db399e1a522c7deadbae10 peer=0
2025-10-30T17:48:10Z UpdateTip: new best=73b4dd93dd6b5ad1136f013bbd5cbbd25384b285e4db399e1a522c7deadbae10 height=633 version=0x20000000 log2_work=10.308339 tx=634 date='2025-10-30T17:49:52Z' progress=1.000000 cache=0.3MiB(633txo)
2025-10-30T17:48:10Z Saw new header hash=2c0c730fb05f476baab22a389b861bfc04010a2bb6fa65a9694f84c294ac7f56 height=634
2025-10-30T17:48:10Z Saw new cmpctblock header hash=2c0c730fb05f476baab22a389b861bfc04010a2bb6fa65a9694f84c294ac7f56 peer=0
2025-10-30T17:48:10Z UpdateTip: new best=2c0c730fb05f476baab22a389b861bfc04010a2bb6fa65a9694f84c294ac7f56 height=634 version=0x20000000 log2_work=10.310613 tx=635 date='2025-10-30T17:49:52Z' progress=1.000000 cache=0.3MiB(634txo)
2025-10-30T17:48:10Z Saw new header hash=108686f8c8c592061617330446b26d3567ebd58bd14c726b57a9ba150997e225 height=635
2025-10-30T17:48:10Z Saw new cmpctblock header hash=108686f8c8c592061617330446b26d3567ebd58bd14c726b57a9ba150997e225 peer=0
2025-10-30T17:48:10Z UpdateTip: new best=108686f8c8c592061617330446b26d3567ebd58bd14c726b57a9ba150997e225 height=635 version=0x20000000 log2_work=10.312883 tx=636 date='2025-10-30T17:49:52Z' progress=1.000000 cache=0.3MiB(635txo)
2025-10-30T17:48:10Z Saw new header hash=06a74620bff725ef77c0e0daead39d530ddb25e82753d8d25d69ff1a08c04402 height=636
2025-10-30T17:48:10Z Saw new cmpctblock header hash=06a74620bff725ef77c0e0daead39d530ddb25e82753d8d25d69ff1a08c04402 peer=0
2025-10-30T17:48:10Z UpdateTip: new best=06a74620bff725ef77c0e0daead39d530ddb25e82753d8d25d69ff1a08c04402 height=636 version=0x20000000 log2_work=10.315150 tx=637 date='2025-10-30T17:49:52Z' progress=1.000000 cache=0.3MiB(636txo)
2025-10-30T17:48:10Z Saw new header hash=249918737db2f76d00f3c0280b152b913941b50a39310c2c03e96113de1c7bd9 height=637
2025-10-30T17:48:10Z Saw new cmpctblock header hash=249918737db2f76d00f3c0280b152b913941b50a39310c2c03e96113de1c7bd9 peer=0
2025-10-30T17:48:10Z UpdateTip: new best=249918737db2f76d00f3c0280b152b913941b50a39310c2c03e96113de1c7bd9 height=637 version=0x20000000 log2_work=10.317413 tx=638 date='2025-10-30T17:49:52Z' progress=1.000000 cache=0.3MiB(637txo)
2025-10-30T17:48:10Z Saw new header hash=0b3b551a8915fcd6a23024e4ff3158bc3245c245f338e8e5331f66cc5cef9893 height=638
2025-10-30T17:48:10Z Saw new cmpctblock header hash=0b3b551a8915fcd6a23024e4ff3158bc3245c245f338e8e5331f66cc5cef9893 peer=0
2025-10-30T17:48:10Z UpdateTip: new best=0b3b551a8915fcd6a23024e4ff3158bc3245c245f338e8e5331f66cc5cef9893 height=638 version=0x20000000 log2_work=10.319672 tx=639 date='2025-10-30T17:49:53Z' progress=1.000000 cache=0.3MiB(638txo)
2025-10-30T17:48:10Z Saw new header hash=141144aeeab70fe205502ab41a1de1d88c7b008071a8e0c7621cd34a51e46205 height=639
2025-10-30T17:48:10Z Saw new cmpctblock header hash=141144aeeab70fe205502ab41a1de1d88c7b008071a8e0c7621cd34a51e46205 peer=0
2025-10-30T17:48:10Z UpdateTip: new best=141144aeeab70fe205502ab41a1de1d88c7b008071a8e0c7621cd34a51e46205 height=639 version=0x20000000 log2_work=10.321928 tx=640 date='2025-10-30T17:49:53Z' progress=1.000000 cache=0.3MiB(639txo)
2025-10-30T17:48:10Z Saw new header hash=15a4401fd4cbfc5b69d1c653568364cec6a0e5178a57bf0707858d1b20c2f4e2 height=640
2025-10-30T17:48:10Z Saw new cmpctblock header hash=15a4401fd4cbfc5b69d1c653568364cec6a0e5178a57bf0707858d1b20c2f4e2 peer=0
2025-10-30T17:48:10Z UpdateTip: new best=15a4401fd4cbfc5b69d1c653568364cec6a0e5178a57bf0707858d1b20c2f4e2 height=640 version=0x20000000 log2_work=10.324181 tx=641 date='2025-10-30T17:49:53Z' progress=1.000000 cache=0.3MiB(640txo)
2025-10-30T17:48:10Z Saw new header hash=5cfbc9081dcd4436db9f56bc4548d9ade544eb44f1d9aeefaa4e5ff7bf551ad8 height=641
2025-10-30T17:48:10Z Saw new cmpctblock header hash=5cfbc9081dcd4436db9f56bc4548d9ade544eb44f1d9aeefaa4e5ff7bf551ad8 peer=0
2025-10-30T17:48:10Z UpdateTip: new best=5cfbc9081dcd4436db9f56bc4548d9ade544eb44f1d9aeefaa4e5ff7bf551ad8 height=641 version=0x20000000 log2_work=10.326429 tx=642 date='2025-10-30T17:49:53Z' progress=1.000000 cache=0.3MiB(641txo)
2025-10-30T17:48:11Z Saw new header hash=5c70271ca683143b8f709053940acd650cf6d3a87792ea65d376ee158d69d487 height=642
2025-10-30T17:48:11Z Saw new cmpctblock header hash=5c70271ca683143b8f709053940acd650cf6d3a87792ea65d376ee158d69d487 peer=0
2025-10-30T17:48:11Z UpdateTip: new best=5c70271ca683143b8f709053940acd650cf6d3a87792ea65d376ee158d69d487 height=642 version=0x20000000 log2_work=10.328675 tx=643 date='2025-10-30T17:49:53Z' progress=1.000000 cache=0.3MiB(642txo)
2025-10-30T17:48:11Z Saw new header hash=4f0ebe616001cc42b382eb848cff492df1bce08fdb9f66ca5b54d499b6a956b3 height=643
2025-10-30T17:48:11Z Saw new cmpctblock header hash=4f0ebe616001cc42b382eb848cff492df1bce08fdb9f66ca5b54d499b6a956b3 peer=0
2025-10-30T17:48:11Z UpdateTip: new best=4f0ebe616001cc42b382eb848cff492df1bce08fdb9f66ca5b54d499b6a956b3 height=643 version=0x20000000 log2_work=10.330917 tx=644 date='2025-10-30T17:49:53Z' progress=1.000000 cache=0.3MiB(643txo)
2025-10-30T17:48:11Z Saw new header hash=5dde9ce9b63038e130783e8c7d16e6d21d01c0fd27bf7e193282faf2f3b7ce82 height=644
2025-10-30T17:48:11Z Saw new cmpctblock header hash=5dde9ce9b63038e130783e8c7d16e6d21d01c0fd27bf7e193282faf2f3b7ce82 peer=0
2025-10-30T17:48:11Z UpdateTip: new best=5dde9ce9b63038e130783e8c7d16e6d21d01c0fd27bf7e193282faf2f3b7ce82 height=644 version=0x20000000 log2_work=10.333155 tx=645 date='2025-10-30T17:49:54Z' progress=1.000000 cache=0.3MiB(644txo)
2025-10-30T17:48:11Z Saw new header hash=0207527bcd1fbe51ea50186cd6f14df5320a176f5ceb63f8b08b9e7445a5abe3 height=645
2025-10-30T17:48:11Z Saw new cmpctblock header hash=0207527bcd1fbe51ea50186cd6f14df5320a176f5ceb63f8b08b9e7445a5abe3 peer=0
2025-10-30T17:48:11Z UpdateTip: new best=0207527bcd1fbe51ea50186cd6f14df5320a176f5ceb63f8b08b9e7445a5abe3 height=645 version=0x20000000 log2_work=10.335390 tx=646 date='2025-10-30T17:49:54Z' progress=1.000000 cache=0.3MiB(645txo)
2025-10-30T17:48:11Z Saw new header hash=0b915ade9166799964185416adfc6797a4a0e30842c85065d0e2b5c7e74a1b83 height=646
2025-10-30T17:48:11Z Saw new cmpctblock header hash=0b915ade9166799964185416adfc6797a4a0e30842c85065d0e2b5c7e74a1b83 peer=0
2025-10-30T17:48:11Z UpdateTip: new best=0b915ade9166799964185416adfc6797a4a0e30842c85065d0e2b5c7e74a1b83 height=646 version=0x20000000 log2_work=10.337622 tx=647 date='2025-10-30T17:49:54Z' progress=1.000000 cache=0.3MiB(646txo)
2025-10-30T17:48:11Z Saw new header hash=7aaae307d50bdaeb74309635d3835d22b16f03b095510960f4b672b03e797e66 height=647
2025-10-30T17:48:11Z Saw new cmpctblock header hash=7aaae307d50bdaeb74309635d3835d22b16f03b095510960f4b672b03e797e66 peer=0
2025-10-30T17:48:11Z UpdateTip: new best=7aaae307d50bdaeb74309635d3835d22b16f03b095510960f4b672b03e797e66 height=647 version=0x20000000 log2_work=10.339850 tx=648 date='2025-10-30T17:49:54Z' progress=1.000000 cache=0.3MiB(647txo)
2025-10-30T17:48:11Z Saw new header hash=24dfdfe04106b71a5a8a8ca2568c2f5798788539dfd17aaf68c8a906bd71b914 height=648
2025-10-30T17:48:11Z Saw new cmpctblock header hash=24dfdfe04106b71a5a8a8ca2568c2f5798788539dfd17aaf68c8a906bd71b914 peer=0
2025-10-30T17:48:11Z UpdateTip: new best=24dfdfe04106b71a5a8a8ca2568c2f5798788539dfd17aaf68c8a906bd71b914 height=648 version=0x20000000 log2_work=10.342075 tx=649 date='2025-10-30T17:49:54Z' progress=1.000000 cache=0.3MiB(648txo)
2025-10-30T17:48:11Z Saw new header hash=5f02c39850bff11af6ed80225b2a29251ae91739753f8814e235c20440234736 height=649
2025-10-30T17:48:11Z Saw new cmpctblock header hash=5f02c39850bff11af6ed80225b2a29251ae91739753f8814e235c20440234736 peer=0
2025-10-30T17:48:11Z UpdateTip: new best=5f02c39850bff11af6ed80225b2a29251ae91739753f8814e235c20440234736 height=649 version=0x20000000 log2_work=10.344296 tx=650 date='2025-10-30T17:49:54Z' progress=1.000000 cache=0.3MiB(649txo)
2025-10-30T17:48:11Z Saw new header hash=469484a55f822ebe922aeba1bda624c388e300f921996e9173b514538b9f8860 height=650
2025-10-30T17:48:11Z Saw new cmpctblock header hash=469484a55f822ebe922aeba1bda624c388e300f921996e9173b514538b9f8860 peer=0
2025-10-30T17:48:11Z UpdateTip: new best=469484a55f822ebe922aeba1bda624c388e300f921996e9173b514538b9f8860 height=650 version=0x20000000 log2_work=10.346514 tx=651 date='2025-10-30T17:49:55Z' progress=1.000000 cache=0.3MiB(650txo)
2025-10-30T17:48:11Z Saw new header hash=481ae7272df4b2b8bb15e86c03444a8741135de91a9e2c0547e54d98f1b4a08f height=651
2025-10-30T17:48:11Z Saw new cmpctblock header hash=481ae7272df4b2b8bb15e86c03444a8741135de91a9e2c0547e54d98f1b4a08f peer=0
2025-10-30T17:48:11Z UpdateTip: new best=481ae7272df4b2b8bb15e86c03444a8741135de91a9e2c0547e54d98f1b4a08f height=651 version=0x20000000 log2_work=10.348728 tx=652 date='2025-10-30T17:49:55Z' progress=1.000000 cache=0.3MiB(651txo)
2025-10-30T17:48:11Z Saw new header hash=3d7ab164079faccdf88fea518f61a8ec11bf5a53bba1d21f632e61dff3d72ec3 height=652
2025-10-30T17:48:11Z Saw new cmpctblock header hash=3d7ab164079faccdf88fea518f61a8ec11bf5a53bba1d21f632e61dff3d72ec3 peer=0
2025-10-30T17:48:11Z UpdateTip: new best=3d7ab164079faccdf88fea518f61a8ec11bf5a53bba1d21f632e61dff3d72ec3 height=652 version=0x20000000 log2_work=10.350939 tx=653 date='2025-10-30T17:49:55Z' progress=1.000000 cache=0.3MiB(652txo)
2025-10-30T17:48:11Z Saw new header hash=1cb4429b44bbe8adb8ab9dc250da96789e8a9ff35729d0fed7d33d37740f1a70 height=653
2025-10-30T17:48:11Z Saw new cmpctblock header hash=1cb4429b44bbe8adb8ab9dc250da96789e8a9ff35729d0fed7d33d37740f1a70 peer=0
2025-10-30T17:48:11Z UpdateTip: new best=1cb4429b44bbe8adb8ab9dc250da96789e8a9ff35729d0fed7d33d37740f1a70 height=653 version=0x20000000 log2_work=10.353147 tx=654 date='2025-10-30T17:49:55Z' progress=1.000000 cache=0.3MiB(653txo)
2025-10-30T17:48:11Z Saw new header hash=7da2b945f2f41ef635d64ddf9fc9eece90b0daa00a5666bb2c73f0261446556c height=654
2025-10-30T17:48:11Z Saw new cmpctblock header hash=7da2b945f2f41ef635d64ddf9fc9eece90b0daa00a5666bb2c73f0261446556c peer=0
2025-10-30T17:48:11Z UpdateTip: new best=7da2b945f2f41ef635d64ddf9fc9eece90b0daa00a5666bb2c73f0261446556c height=654 version=0x20000000 log2_work=10.355351 tx=655 date='2025-10-30T17:49:55Z' progress=1.000000 cache=0.3MiB(654txo)
2025-10-30T17:48:11Z Saw new header hash=4bacbebf5f1bfcf5bb49ec3cae5ed1f111d6fe99de1d6f159ea9a93a347cb8ac height=655
2025-10-30T17:48:11Z Saw new cmpctblock header hash=4bacbebf5f1bfcf5bb49ec3cae5ed1f111d6fe99de1d6f159ea9a93a347cb8ac peer=0
2025-10-30T17:48:11Z UpdateTip: new best=4bacbebf5f1bfcf5bb49ec3cae5ed1f111d6fe99de1d6f159ea9a93a347cb8ac height=655 version=0x20000000 log2_work=10.357552 tx=656 date='2025-10-30T17:49:55Z' progress=1.000000 cache=0.3MiB(655txo)
2025-10-30T17:48:11Z Saw new header hash=2db87b81d1d28eb24bcddf053cc0c299e030650dd24950164d068232d32c8c9a height=656
2025-10-30T17:48:11Z Saw new cmpctblock header hash=2db87b81d1d28eb24bcddf053cc0c299e030650dd24950164d068232d32c8c9a peer=0
2025-10-30T17:48:11Z UpdateTip: new best=2db87b81d1d28eb24bcddf053cc0c299e030650dd24950164d068232d32c8c9a height=656 version=0x20000000 log2_work=10.359750 tx=657 date='2025-10-30T17:49:56Z' progress=1.000000 cache=0.3MiB(656txo)
2025-10-30T17:48:11Z Saw new header hash=3f66f5eb45ac41969dcfa62a643640ddabebc00c99bfb0c81333df875d731f58 height=657
2025-10-30T17:48:11Z Saw new cmpctblock header hash=3f66f5eb45ac41969dcfa62a643640ddabebc00c99bfb0c81333df875d731f58 peer=0
2025-10-30T17:48:11Z UpdateTip: new best=3f66f5eb45ac41969dcfa62a643640ddabebc00c99bfb0c81333df875d731f58 height=657 version=0x20000000 log2_work=10.361944 tx=658 date='2025-10-30T17:49:56Z' progress=1.000000 cache=0.3MiB(657txo)
2025-10-30T17:48:11Z Saw new header hash=2c2de5490d8552f74144192f1ce7acf8449a8753e6bc9df6953c8b7f77a71f96 height=658
2025-10-30T17:48:11Z Saw new cmpctblock header hash=2c2de5490d8552f74144192f1ce7acf8449a8753e6bc9df6953c8b7f77a71f96 peer=0
2025-10-30T17:48:11Z UpdateTip: new best=2c2de5490d8552f74144192f1ce7acf8449a8753e6bc9df6953c8b7f77a71f96 height=658 version=0x20000000 log2_work=10.364135 tx=659 date='2025-10-30T17:49:56Z' progress=1.000000 cache=0.3MiB(658txo)
2025-10-30T17:48:11Z Saw new header hash=4593bdf3d10979112018ce8be35f80349ca03d69cb12ecc69dff45341f66a4f4 height=659
2025-10-30T17:48:11Z Saw new cmpctblock header hash=4593bdf3d10979112018ce8be35f80349ca03d69cb12ecc69dff45341f66a4f4 peer=0
2025-10-30T17:48:11Z UpdateTip: new best=4593bdf3d10979112018ce8be35f80349ca03d69cb12ecc69dff45341f66a4f4 height=659 version=0x20000000 log2_work=10.366322 tx=660 date='2025-10-30T17:49:56Z' progress=1.000000 cache=0.3MiB(659txo)
2025-10-30T17:48:11Z Saw new header hash=45cd8d539f4061d45a8f6e0e37f7273e48164c4bdd604c66fce2a747d8e247a7 height=660
2025-10-30T17:48:11Z Saw new cmpctblock header hash=45cd8d539f4061d45a8f6e0e37f7273e48164c4bdd604c66fce2a747d8e247a7 peer=0
2025-10-30T17:48:11Z UpdateTip: new best=45cd8d539f4061d45a8f6e0e37f7273e48164c4bdd604c66fce2a747d8e247a7 height=660 version=0x20000000 log2_work=10.368506 tx=661 date='2025-10-30T17:49:56Z' progress=1.000000 cache=0.3MiB(660txo)
2025-10-30T17:48:11Z Saw new header hash=15151b3e9521432a47c96068d5ac5d82bc33bf99b50e3077932404cb1f61c919 height=661
2025-10-30T17:48:11Z Saw new cmpctblock header hash=15151b3e9521432a47c96068d5ac5d82bc33bf99b50e3077932404cb1f61c919 peer=0
2025-10-30T17:48:11Z UpdateTip: new best=15151b3e9521432a47c96068d5ac5d82bc33bf99b50e3077932404cb1f61c919 height=661 version=0x20000000 log2_work=10.370687 tx=662 date='2025-10-30T17:49:56Z' progress=1.000000 cache=0.3MiB(661txo)
2025-10-30T17:48:11Z Saw new header hash=43fc1ec70ed5f847bcc1971b7b50f3dd22cf1e90e85cc6d2de206a82089ab1ee height=662
2025-10-30T17:48:11Z Saw new cmpctblock header hash=43fc1ec70ed5f847bcc1971b7b50f3dd22cf1e90e85cc6d2de206a82089ab1ee peer=0
2025-10-30T17:48:11Z UpdateTip: new best=43fc1ec70ed5f847bcc1971b7b50f3dd22cf1e90e85cc6d2de206a82089ab1ee height=662 version=0x20000000 log2_work=10.372865 tx=663 date='2025-10-30T17:49:57Z' progress=1.000000 cache=0.3MiB(662txo)
2025-10-30T17:48:11Z Saw new header hash=2f199c456edc1bbd9c60aabcb265416e7b78a9c9ee86d2e48a968a0db1e12bbd height=663
2025-10-30T17:48:11Z Saw new cmpctblock header hash=2f199c456edc1bbd9c60aabcb265416e7b78a9c9ee86d2e48a968a0db1e12bbd peer=0
2025-10-30T17:48:11Z UpdateTip: new best=2f199c456edc1bbd9c60aabcb265416e7b78a9c9ee86d2e48a968a0db1e12bbd height=663 version=0x20000000 log2_work=10.375039 tx=664 date='2025-10-30T17:49:57Z' progress=1.000000 cache=0.3MiB(663txo)
2025-10-30T17:48:11Z Saw new header hash=79d6d62c87861c4be2b673e4c7e6935657d95cf76e5bf046aa6a10c149fc1b96 height=664
2025-10-30T17:48:11Z Saw new cmpctblock header hash=79d6d62c87861c4be2b673e4c7e6935657d95cf76e5bf046aa6a10c149fc1b96 peer=0
2025-10-30T17:48:11Z UpdateTip: new best=79d6d62c87861c4be2b673e4c7e6935657d95cf76e5bf046aa6a10c149fc1b96 height=664 version=0x20000000 log2_work=10.377211 tx=665 date='2025-10-30T17:49:57Z' progress=1.000000 cache=0.3MiB(664txo)
2025-10-30T17:48:11Z Saw new header hash=0dc469bc7036f2465be823233d67e5b054450ad225783efd1d5d4791571344b1 height=665
2025-10-30T17:48:11Z Saw new cmpctblock header hash=0dc469bc7036f2465be823233d67e5b054450ad225783efd1d5d4791571344b1 peer=0
2025-10-30T17:48:11Z UpdateTip: new best=0dc469bc7036f2465be823233d67e5b054450ad225783efd1d5d4791571344b1 height=665 version=0x20000000 log2_work=10.379378 tx=666 date='2025-10-30T17:49:57Z' progress=1.000000 cache=0.3MiB(665txo)
2025-10-30T17:48:11Z Saw new header hash=09c4e9e3eef17a12fd13d421e6876bbd17c5e11136b32aff3178401ead3d017d height=666
2025-10-30T17:48:11Z Saw new cmpctblock header hash=09c4e9e3eef17a12fd13d421e6876bbd17c5e11136b32aff3178401ead3d017d peer=0
2025-10-30T17:48:11Z UpdateTip: new best=09c4e9e3eef17a12fd13d421e6876bbd17c5e11136b32aff3178401ead3d017d height=666 version=0x20000000 log2_work=10.381543 tx=667 date='2025-10-30T17:49:57Z' progress=1.000000 cache=0.3MiB(666txo)
2025-10-30T17:48:11Z Saw new header hash=20bf69f8b3a54e80a63ca198b7751d920ce746c48e16d2e5332b3514b6638ad7 height=667
2025-10-30T17:48:11Z Saw new cmpctblock header hash=20bf69f8b3a54e80a63ca198b7751d920ce746c48e16d2e5332b3514b6638ad7 peer=0
2025-10-30T17:48:11Z UpdateTip: new best=20bf69f8b3a54e80a63ca198b7751d920ce746c48e16d2e5332b3514b6638ad7 height=667 version=0x20000000 log2_work=10.383704 tx=668 date='2025-10-30T17:49:57Z' progress=1.000000 cache=0.3MiB(667txo)
2025-10-30T17:48:11Z Saw new header hash=38f22f1c745ce9cb036fa520e5c23c8df55c877eac34f2ee5172c9612610a4cc height=668
2025-10-30T17:48:11Z Saw new cmpctblock header hash=38f22f1c745ce9cb036fa520e5c23c8df55c877eac34f2ee5172c9612610a4cc peer=0
2025-10-30T17:48:11Z UpdateTip: new best=38f22f1c745ce9cb036fa520e5c23c8df55c877eac34f2ee5172c9612610a4cc height=668 version=0x20000000 log2_work=10.385862 tx=669 date='2025-10-30T17:49:58Z' progress=1.000000 cache=0.3MiB(668txo)
2025-10-30T17:48:11Z Saw new header hash=05fdc0c8e8eebf7e93ce40cc022e5d217cb09bf795bd70372f9dadc2bdc6a5eb height=669
2025-10-30T17:48:11Z Saw new cmpctblock header hash=05fdc0c8e8eebf7e93ce40cc022e5d217cb09bf795bd70372f9dadc2bdc6a5eb peer=0
2025-10-30T17:48:11Z UpdateTip: new best=05fdc0c8e8eebf7e93ce40cc022e5d217cb09bf795bd70372f9dadc2bdc6a5eb height=669 version=0x20000000 log2_work=10.388017 tx=670 date='2025-10-30T17:49:58Z' progress=1.000000 cache=0.3MiB(669txo)
2025-10-30T17:48:11Z Saw new header hash=22d311baea554835d760bf483384809e62532fc34ba8d079288917444c0a4099 height=670
2025-10-30T17:48:11Z Saw new cmpctblock header hash=22d311baea554835d760bf483384809e62532fc34ba8d079288917444c0a4099 peer=0
2025-10-30T17:48:11Z UpdateTip: new best=22d311baea554835d760bf483384809e62532fc34ba8d079288917444c0a4099 height=670 version=0x20000000 log2_work=10.390169 tx=671 date='2025-10-30T17:49:58Z' progress=1.000000 cache=0.3MiB(670txo)
2025-10-30T17:48:11Z Saw new header hash=612c6756f0240fd3bd8200240d9cec3a925b3b86ca38e7d92e9c4ceb1f14cb4d height=671
2025-10-30T17:48:11Z Saw new cmpctblock header hash=612c6756f0240fd3bd8200240d9cec3a925b3b86ca38e7d92e9c4ceb1f14cb4d peer=0
2025-10-30T17:48:11Z UpdateTip: new best=612c6756f0240fd3bd8200240d9cec3a925b3b86ca38e7d92e9c4ceb1f14cb4d height=671 version=0x20000000 log2_work=10.392317 tx=672 date='2025-10-30T17:49:58Z' progress=1.000000 cache=0.3MiB(671txo)
2025-10-30T17:48:11Z Saw new header hash=2875ab274be504eabc862c31f027909c7e1c450ba05db6276404361fe5107d42 height=672
2025-10-30T17:48:11Z Saw new cmpctblock header hash=2875ab274be504eabc862c31f027909c7e1c450ba05db6276404361fe5107d42 peer=0
2025-10-30T17:48:11Z UpdateTip: new best=2875ab274be504eabc862c31f027909c7e1c450ba05db6276404361fe5107d42 height=672 version=0x20000000 log2_work=10.394463 tx=673 date='2025-10-30T17:49:58Z' progress=1.000000 cache=0.3MiB(672txo)
2025-10-30T17:48:11Z Saw new header hash=35d5f6b862153beae1666b3c349b6324473e2ea08361a34d9da3a2d7291048e8 height=673
2025-10-30T17:48:11Z Saw new cmpctblock header hash=35d5f6b862153beae1666b3c349b6324473e2ea08361a34d9da3a2d7291048e8 peer=0
2025-10-30T17:48:11Z UpdateTip: new best=35d5f6b862153beae1666b3c349b6324473e2ea08361a34d9da3a2d7291048e8 height=673 version=0x20000000 log2_work=10.396605 tx=674 date='2025-10-30T17:49:58Z' progress=1.000000 cache=0.3MiB(673txo)
2025-10-30T17:48:11Z Saw new header hash=08c7a12ec9fff6d5da466670ff2fcd02f7f22403cfe7abdcd75e00f04cb0644e height=674
2025-10-30T17:48:11Z Saw new cmpctblock header hash=08c7a12ec9fff6d5da466670ff2fcd02f7f22403cfe7abdcd75e00f04cb0644e peer=0
2025-10-30T17:48:11Z UpdateTip: new best=08c7a12ec9fff6d5da466670ff2fcd02f7f22403cfe7abdcd75e00f04cb0644e height=674 version=0x20000000 log2_work=10.398744 tx=675 date='2025-10-30T17:49:59Z' progress=1.000000 cache=0.3MiB(674txo)
2025-10-30T17:48:11Z Saw new header hash=341e8b7d7c64fd6981f4cb8564edb61d6a1e4936b269be9164fd338efa7e3290 height=675
2025-10-30T17:48:11Z Saw new cmpctblock header hash=341e8b7d7c64fd6981f4cb8564edb61d6a1e4936b269be9164fd338efa7e3290 peer=0
2025-10-30T17:48:11Z UpdateTip: new best=341e8b7d7c64fd6981f4cb8564edb61d6a1e4936b269be9164fd338efa7e3290 height=675 version=0x20000000 log2_work=10.400879 tx=676 date='2025-10-30T17:49:59Z' progress=1.000000 cache=0.3MiB(675txo)
2025-10-30T17:48:11Z Saw new header hash=6b6d0b4a5a9b0966169e26af35716f8ff210e91afd973fe25b2e399e028a3fd9 height=676
2025-10-30T17:48:11Z Saw new cmpctblock header hash=6b6d0b4a5a9b0966169e26af35716f8ff210e91afd973fe25b2e399e028a3fd9 peer=0
2025-10-30T17:48:11Z UpdateTip: new best=6b6d0b4a5a9b0966169e26af35716f8ff210e91afd973fe25b2e399e028a3fd9 height=676 version=0x20000000 log2_work=10.403012 tx=677 date='2025-10-30T17:49:59Z' progress=1.000000 cache=0.3MiB(676txo)
2025-10-30T17:48:11Z Saw new header hash=541ff898693fa01afb65cedd96668c15e8df77a36adadafde99160632d0b2205 height=677
2025-10-30T17:48:11Z Saw new cmpctblock header hash=541ff898693fa01afb65cedd96668c15e8df77a36adadafde99160632d0b2205 peer=0
2025-10-30T17:48:11Z UpdateTip: new best=541ff898693fa01afb65cedd96668c15e8df77a36adadafde99160632d0b2205 height=677 version=0x20000000 log2_work=10.405141 tx=678 date='2025-10-30T17:49:59Z' progress=1.000000 cache=0.3MiB(677txo)
2025-10-30T17:48:11Z Saw new header hash=421faa0d1ca4984bc623d132bad1aa5aeb91bfd1dd715350c2a6ad18ac737e16 height=678
2025-10-30T17:48:11Z Saw new cmpctblock header hash=421faa0d1ca4984bc623d132bad1aa5aeb91bfd1dd715350c2a6ad18ac737e16 peer=0
2025-10-30T17:48:11Z UpdateTip: new best=421faa0d1ca4984bc623d132bad1aa5aeb91bfd1dd715350c2a6ad18ac737e16 height=678 version=0x20000000 log2_work=10.407268 tx=679 date='2025-10-30T17:49:59Z' progress=1.000000 cache=0.3MiB(678txo)
2025-10-30T17:48:11Z Saw new header hash=72d2a325fe9cb51c83b3eb869089821253a64967a321f216d599be028abf76da height=679
2025-10-30T17:48:11Z Saw new cmpctblock header hash=72d2a325fe9cb51c83b3eb869089821253a64967a321f216d599be028abf76da peer=0
2025-10-30T17:48:11Z UpdateTip: new best=72d2a325fe9cb51c83b3eb869089821253a64967a321f216d599be028abf76da height=679 version=0x20000000 log2_work=10.409391 tx=680 date='2025-10-30T17:49:59Z' progress=1.000000 cache=0.3MiB(679txo)
2025-10-30T17:48:11Z Saw new header hash=01273f60df083026b53706394c43ad15d76d03a8a4b23dfbaba0860f63d03299 height=680
2025-10-30T17:48:11Z Saw new cmpctblock header hash=01273f60df083026b53706394c43ad15d76d03a8a4b23dfbaba0860f63d03299 peer=0
2025-10-30T17:48:11Z UpdateTip: new best=01273f60df083026b53706394c43ad15d76d03a8a4b23dfbaba0860f63d03299 height=680 version=0x20000000 log2_work=10.411511 tx=681 date='2025-10-30T17:50:00Z' progress=1.000000 cache=0.3MiB(680txo)
2025-10-30T17:48:11Z Saw new header hash=2c0663212778e2fef1e954947e15dcd444804b695af83e420e65070308430e17 height=681
2025-10-30T17:48:11Z Saw new cmpctblock header hash=2c0663212778e2fef1e954947e15dcd444804b695af83e420e65070308430e17 peer=0
2025-10-30T17:48:11Z UpdateTip: new best=2c0663212778e2fef1e954947e15dcd444804b695af83e420e65070308430e17 height=681 version=0x20000000 log2_work=10.413628 tx=682 date='2025-10-30T17:50:00Z' progress=1.000000 cache=0.3MiB(681txo)
2025-10-30T17:48:11Z Saw new header hash=0a82e4b61f1a0f1932415ee45accbebd21812b3d261d33038eb7856d8b5e2a2c height=682
2025-10-30T17:48:11Z Saw new cmpctblock header hash=0a82e4b61f1a0f1932415ee45accbebd21812b3d261d33038eb7856d8b5e2a2c peer=0
2025-10-30T17:48:11Z UpdateTip: new best=0a82e4b61f1a0f1932415ee45accbebd21812b3d261d33038eb7856d8b5e2a2c height=682 version=0x20000000 log2_work=10.415742 tx=683 date='2025-10-30T17:50:00Z' progress=1.000000 cache=0.3MiB(682txo)
2025-10-30T17:48:11Z Saw new header hash=267c110e13a6dea0379a70018623beded7fd5e3193552f0483579e1ef9592ded height=683
2025-10-30T17:48:11Z Saw new cmpctblock header hash=267c110e13a6dea0379a70018623beded7fd5e3193552f0483579e1ef9592ded peer=0
2025-10-30T17:48:11Z UpdateTip: new best=267c110e13a6dea0379a70018623beded7fd5e3193552f0483579e1ef9592ded height=683 version=0x20000000 log2_work=10.417853 tx=684 date='2025-10-30T17:50:00Z' progress=1.000000 cache=0.3MiB(683txo)
2025-10-30T17:48:11Z Saw new header hash=1ad705103ad99ba0f9a265d04dd346f18b55970d82653806c4495c2d5ce29c88 height=684
2025-10-30T17:48:11Z Saw new cmpctblock header hash=1ad705103ad99ba0f9a265d04dd346f18b55970d82653806c4495c2d5ce29c88 peer=0
2025-10-30T17:48:11Z UpdateTip: new best=1ad705103ad99ba0f9a265d04dd346f18b55970d82653806c4495c2d5ce29c88 height=684 version=0x20000000 log2_work=10.419960 tx=685 date='2025-10-30T17:50:00Z' progress=1.000000 cache=0.3MiB(684txo)
2025-10-30T17:48:11Z Saw new header hash=6a5014783f5a318920a21a08d9e8d66976fdacbb02724da3cd900614dfab82e3 height=685
2025-10-30T17:48:11Z Saw new cmpctblock header hash=6a5014783f5a318920a21a08d9e8d66976fdacbb02724da3cd900614dfab82e3 peer=0
2025-10-30T17:48:11Z UpdateTip: new best=6a5014783f5a318920a21a08d9e8d66976fdacbb02724da3cd900614dfab82e3 height=685 version=0x20000000 log2_work=10.422065 tx=686 date='2025-10-30T17:50:00Z' progress=1.000000 cache=0.3MiB(685txo)
2025-10-30T17:48:11Z Saw new header hash=432ad1d02e69f0bd14a9132abc5245ae583c603977b100f55cc326d600a22224 height=686
2025-10-30T17:48:11Z Saw new cmpctblock header hash=432ad1d02e69f0bd14a9132abc5245ae583c603977b100f55cc326d600a22224 peer=0
2025-10-30T17:48:11Z UpdateTip: new best=432ad1d02e69f0bd14a9132abc5245ae583c603977b100f55cc326d600a22224 height=686 version=0x20000000 log2_work=10.424166 tx=687 date='2025-10-30T17:50:01Z' progress=1.000000 cache=0.3MiB(686txo)
2025-10-30T17:48:11Z Saw new header hash=0f2c1a776faa5e3b5fb067caff48e565d9eda8ba4393c6879390e2e2accd05fe height=687
2025-10-30T17:48:11Z Saw new cmpctblock header hash=0f2c1a776faa5e3b5fb067caff48e565d9eda8ba4393c6879390e2e2accd05fe peer=0
2025-10-30T17:48:11Z UpdateTip: new best=0f2c1a776faa5e3b5fb067caff48e565d9eda8ba4393c6879390e2e2accd05fe height=687 version=0x20000000 log2_work=10.426265 tx=688 date='2025-10-30T17:50:01Z' progress=1.000000 cache=0.3MiB(687txo)
2025-10-30T17:48:11Z Saw new header hash=0cc842e543dcf64b49fb15b23de158ff00f0e08e21cbcb7e95353c4d7b2f6378 height=688
2025-10-30T17:48:11Z Saw new cmpctblock header hash=0cc842e543dcf64b49fb15b23de158ff00f0e08e21cbcb7e95353c4d7b2f6378 peer=0
2025-10-30T17:48:11Z UpdateTip: new best=0cc842e543dcf64b49fb15b23de158ff00f0e08e21cbcb7e95353c4d7b2f6378 height=688 version=0x20000000 log2_work=10.428360 tx=689 date='2025-10-30T17:50:01Z' progress=1.000000 cache=0.3MiB(688txo)
2025-10-30T17:48:11Z Saw new header hash=2e0ce1456a852a42e2de9b15422e8d701385a55007be3bfc3b38438e8ac33e47 height=689
2025-10-30T17:48:11Z Saw new cmpctblock header hash=2e0ce1456a852a42e2de9b15422e8d701385a55007be3bfc3b38438e8ac33e47 peer=0
2025-10-30T17:48:11Z UpdateTip: new best=2e0ce1456a852a42e2de9b15422e8d701385a55007be3bfc3b38438e8ac33e47 height=689 version=0x20000000 log2_work=10.430453 tx=690 date='2025-10-30T17:50:01Z' progress=1.000000 cache=0.3MiB(689txo)
2025-10-30T17:48:11Z Saw new header hash=6fdaaa8b787fb745c4c038a861d0568429ee209beb09d1284a9d1cc798bff809 height=690
2025-10-30T17:48:11Z Saw new cmpctblock header hash=6fdaaa8b787fb745c4c038a861d0568429ee209beb09d1284a9d1cc798bff809 peer=0
2025-10-30T17:48:11Z UpdateTip: new best=6fdaaa8b787fb745c4c038a861d0568429ee209beb09d1284a9d1cc798bff809 height=690 version=0x20000000 log2_work=10.432542 tx=691 date='2025-10-30T17:50:01Z' progress=1.000000 cache=0.3MiB(690txo)
2025-10-30T17:48:11Z Saw new header hash=56aca23ea1198c6f384efb6f23334b860e4f078378eeb712a53c88fbd3513f02 height=691
2025-10-30T17:48:11Z Saw new cmpctblock header hash=56aca23ea1198c6f384efb6f23334b860e4f078378eeb712a53c88fbd3513f02 peer=0
2025-10-30T17:48:11Z UpdateTip: new best=56aca23ea1198c6f384efb6f23334b860e4f078378eeb712a53c88fbd3513f02 height=691 version=0x20000000 log2_work=10.434628 tx=692 date='2025-10-30T17:50:01Z' progress=1.000000 cache=0.3MiB(691txo)
2025-10-30T17:48:11Z Saw new header hash=572b9855553801b08f70ddc640c182799f5b60a018c2216cf579c2fc8d3f673d height=692
2025-10-30T17:48:11Z Saw new cmpctblock header hash=572b9855553801b08f70ddc640c182799f5b60a018c2216cf579c2fc8d3f673d peer=0
2025-10-30T17:48:11Z UpdateTip: new best=572b9855553801b08f70ddc640c182799f5b60a018c2216cf579c2fc8d3f673d height=692 version=0x20000000 log2_work=10.436712 tx=693 date='2025-10-30T17:50:02Z' progress=1.000000 cache=0.3MiB(692txo)
2025-10-30T17:48:11Z Saw new header hash=67236c18458c57aa2bb72dffefc0c34cbc11d973cbfc5b8c95e5eff829eee6e5 height=693
2025-10-30T17:48:11Z Saw new cmpctblock header hash=67236c18458c57aa2bb72dffefc0c34cbc11d973cbfc5b8c95e5eff829eee6e5 peer=0
2025-10-30T17:48:11Z UpdateTip: new best=67236c18458c57aa2bb72dffefc0c34cbc11d973cbfc5b8c95e5eff829eee6e5 height=693 version=0x20000000 log2_work=10.438792 tx=694 date='2025-10-30T17:50:02Z' progress=1.000000 cache=0.3MiB(693txo)
2025-10-30T17:48:11Z Saw new header hash=22b89642950b7f41c9258312c483b17c658748c2e56b46e0beccc4d50620ea39 height=694
2025-10-30T17:48:11Z Saw new cmpctblock header hash=22b89642950b7f41c9258312c483b17c658748c2e56b46e0beccc4d50620ea39 peer=0
2025-10-30T17:48:11Z UpdateTip: new best=22b89642950b7f41c9258312c483b17c658748c2e56b46e0beccc4d50620ea39 height=694 version=0x20000000 log2_work=10.440869 tx=695 date='2025-10-30T17:50:02Z' progress=1.000000 cache=0.3MiB(694txo)
2025-10-30T17:48:11Z Saw new header hash=09282b5d25ad356f289d7590c0a89118806b3f48d5806962767a5d675dfad588 height=695
2025-10-30T17:48:11Z Saw new cmpctblock header hash=09282b5d25ad356f289d7590c0a89118806b3f48d5806962767a5d675dfad588 peer=0
2025-10-30T17:48:11Z UpdateTip: new best=09282b5d25ad356f289d7590c0a89118806b3f48d5806962767a5d675dfad588 height=695 version=0x20000000 log2_work=10.442943 tx=696 date='2025-10-30T17:50:02Z' progress=1.000000 cache=0.3MiB(695txo)
2025-10-30T17:48:11Z Saw new header hash=7e2614a96fbd78481a2ce6fcad8ea2971305851547ba3917d7be228efb976767 height=696
2025-10-30T17:48:11Z Saw new cmpctblock header hash=7e2614a96fbd78481a2ce6fcad8ea2971305851547ba3917d7be228efb976767 peer=0
2025-10-30T17:48:11Z UpdateTip: new best=7e2614a96fbd78481a2ce6fcad8ea2971305851547ba3917d7be228efb976767 height=696 version=0x20000000 log2_work=10.445015 tx=697 date='2025-10-30T17:50:02Z' progress=1.000000 cache=0.3MiB(696txo)
2025-10-30T17:48:11Z Saw new header hash=6dfbe69b27f2f26bc3adcc32af08627f6778d36bba828c640f9ab50c6a2d19e2 height=697
2025-10-30T17:48:11Z Saw new cmpctblock header hash=6dfbe69b27f2f26bc3adcc32af08627f6778d36bba828c640f9ab50c6a2d19e2 peer=0
2025-10-30T17:48:11Z UpdateTip: new best=6dfbe69b27f2f26bc3adcc32af08627f6778d36bba828c640f9ab50c6a2d19e2 height=697 version=0x20000000 log2_work=10.447083 tx=698 date='2025-10-30T17:50:02Z' progress=1.000000 cache=0.3MiB(697txo)
2025-10-30T17:48:11Z Saw new header hash=11923c951b72f91234b7039e39ddf54002d8865fc8d62b42a7c154d66b16c1de height=698
2025-10-30T17:48:11Z Saw new cmpctblock header hash=11923c951b72f91234b7039e39ddf54002d8865fc8d62b42a7c154d66b16c1de peer=0
2025-10-30T17:48:11Z UpdateTip: new best=11923c951b72f91234b7039e39ddf54002d8865fc8d62b42a7c154d66b16c1de height=698 version=0x20000000 log2_work=10.449149 tx=699 date='2025-10-30T17:50:03Z' progress=1.000000 cache=0.3MiB(698txo)
2025-10-30T17:48:11Z Saw new header hash=6defcf520db340032bd839b05b32f0c2aeb73c5b799e0b2654b3a2b56adb69f8 height=699
2025-10-30T17:48:11Z Saw new cmpctblock header hash=6defcf520db340032bd839b05b32f0c2aeb73c5b799e0b2654b3a2b56adb69f8 peer=0
2025-10-30T17:48:11Z UpdateTip: new best=6defcf520db340032bd839b05b32f0c2aeb73c5b799e0b2654b3a2b56adb69f8 height=699 version=0x20000000 log2_work=10.451211 tx=700 date='2025-10-30T17:50:03Z' progress=1.000000 cache=0.3MiB(699txo)
2025-10-30T17:48:11Z Saw new header hash=484cae4bcf9d3b1dacf66f09c2a51156926a6dff2ea0f7a8857c35326fe51e4b height=700
2025-10-30T17:48:11Z Saw new cmpctblock header hash=484cae4bcf9d3b1dacf66f09c2a51156926a6dff2ea0f7a8857c35326fe51e4b peer=0
2025-10-30T17:48:11Z UpdateTip: new best=484cae4bcf9d3b1dacf66f09c2a51156926a6dff2ea0f7a8857c35326fe51e4b height=700 version=0x20000000 log2_work=10.453271 tx=701 date='2025-10-30T17:50:03Z' progress=1.000000 cache=0.3MiB(700txo)
2025-10-30T17:48:11Z Saw new header hash=12bafe19f1dd3986892553c12e1813ba03f96509c28fc22d36586c60ba58dcea height=701
2025-10-30T17:48:11Z Saw new cmpctblock header hash=12bafe19f1dd3986892553c12e1813ba03f96509c28fc22d36586c60ba58dcea peer=0
2025-10-30T17:48:11Z UpdateTip: new best=12bafe19f1dd3986892553c12e1813ba03f96509c28fc22d36586c60ba58dcea height=701 version=0x20000000 log2_work=10.455327 tx=702 date='2025-10-30T17:50:03Z' progress=1.000000 cache=0.3MiB(701txo)
2025-10-30T17:48:11Z Saw new header hash=2f904a349d3f143ba13ae2b204f36cee38588f5d42b6c8e2cc51cf28221c350e height=702
2025-10-30T17:48:11Z Saw new cmpctblock header hash=2f904a349d3f143ba13ae2b204f36cee38588f5d42b6c8e2cc51cf28221c350e peer=0
2025-10-30T17:48:11Z UpdateTip: new best=2f904a349d3f143ba13ae2b204f36cee38588f5d42b6c8e2cc51cf28221c350e height=702 version=0x20000000 log2_work=10.457381 tx=703 date='2025-10-30T17:50:03Z' progress=1.000000 cache=0.3MiB(702txo)
2025-10-30T17:48:11Z Saw new header hash=6107c58403b62cc2fe1e3ad956b986f3f64ba9e8dafa2c5b10bd7d066257f85e height=703
2025-10-30T17:48:11Z Saw new cmpctblock header hash=6107c58403b62cc2fe1e3ad956b986f3f64ba9e8dafa2c5b10bd7d066257f85e peer=0
2025-10-30T17:48:11Z UpdateTip: new best=6107c58403b62cc2fe1e3ad956b986f3f64ba9e8dafa2c5b10bd7d066257f85e height=703 version=0x20000000 log2_work=10.459432 tx=704 date='2025-10-30T17:50:03Z' progress=1.000000 cache=0.3MiB(703txo)
2025-10-30T17:48:11Z Saw new header hash=4822ee66c7e6e8c182fef4f0b45f59b845e0224426a6b1957fcdaf235c9aacf0 height=704
2025-10-30T17:48:11Z Saw new cmpctblock header hash=4822ee66c7e6e8c182fef4f0b45f59b845e0224426a6b1957fcdaf235c9aacf0 peer=0
2025-10-30T17:48:11Z UpdateTip: new best=4822ee66c7e6e8c182fef4f0b45f59b845e0224426a6b1957fcdaf235c9aacf0 height=704 version=0x20000000 log2_work=10.461479 tx=705 date='2025-10-30T17:50:04Z' progress=1.000000 cache=0.3MiB(704txo)
2025-10-30T17:48:11Z Saw new header hash=25480fc2dc9905c1d3fd7874b0ed855787affcb9dddc1f59a1d5937a8a17273d height=705
2025-10-30T17:48:11Z Saw new cmpctblock header hash=25480fc2dc9905c1d3fd7874b0ed855787affcb9dddc1f59a1d5937a8a17273d peer=0
2025-10-30T17:48:11Z UpdateTip: new best=25480fc2dc9905c1d3fd7874b0ed855787affcb9dddc1f59a1d5937a8a17273d height=705 version=0x20000000 log2_work=10.463524 tx=706 date='2025-10-30T17:50:04Z' progress=1.000000 cache=0.3MiB(705txo)
2025-10-30T17:48:11Z Saw new header hash=3f5e5fa4fc0f9fc107f462effec79bc4721ed1a8a07f0ef4b6d428be8a31c6e8 height=706
2025-10-30T17:48:11Z Saw new cmpctblock header hash=3f5e5fa4fc0f9fc107f462effec79bc4721ed1a8a07f0ef4b6d428be8a31c6e8 peer=0
2025-10-30T17:48:11Z UpdateTip: new best=3f5e5fa4fc0f9fc107f462effec79bc4721ed1a8a07f0ef4b6d428be8a31c6e8 height=706 version=0x20000000 log2_work=10.465566 tx=707 date='2025-10-30T17:50:04Z' progress=1.000000 cache=0.3MiB(706txo)
2025-10-30T17:48:11Z Saw new header hash=1b033bf196d867cea64425faff721a68bb4a46e67106b048b0a4cce6576a7065 height=707
2025-10-30T17:48:11Z Saw new cmpctblock header hash=1b033bf196d867cea64425faff721a68bb4a46e67106b048b0a4cce6576a7065 peer=0
2025-10-30T17:48:11Z UpdateTip: new best=1b033bf196d867cea64425faff721a68bb4a46e67106b048b0a4cce6576a7065 height=707 version=0x20000000 log2_work=10.467606 tx=708 date='2025-10-30T17:50:04Z' progress=1.000000 cache=0.3MiB(707txo)
2025-10-30T17:48:11Z Saw new header hash=18eed25d30c420a53a6e7fd96ad636539961fd5453e3218baa077bdab43f638f height=708
2025-10-30T17:48:11Z Saw new cmpctblock header hash=18eed25d30c420a53a6e7fd96ad636539961fd5453e3218baa077bdab43f638f peer=0
2025-10-30T17:48:11Z UpdateTip: new best=18eed25d30c420a53a6e7fd96ad636539961fd5453e3218baa077bdab43f638f height=708 version=0x20000000 log2_work=10.469642 tx=709 date='2025-10-30T17:50:04Z' progress=1.000000 cache=0.3MiB(708txo)
2025-10-30T17:48:11Z Saw new header hash=028eed109a2e933bb3c33e3aa8923764a9746250d8d0d63a21f30f93c2cb9d74 height=709
2025-10-30T17:48:11Z Saw new cmpctblock header hash=028eed109a2e933bb3c33e3aa8923764a9746250d8d0d63a21f30f93c2cb9d74 peer=0
2025-10-30T17:48:11Z UpdateTip: new best=028eed109a2e933bb3c33e3aa8923764a9746250d8d0d63a21f30f93c2cb9d74 height=709 version=0x20000000 log2_work=10.471675 tx=710 date='2025-10-30T17:50:04Z' progress=1.000000 cache=0.3MiB(709txo)
2025-10-30T17:48:11Z Saw new header hash=171adfa46af17fc10d4af36eaa6a46cf8e61e3870da72e336be2da3c4dbb624e height=710
2025-10-30T17:48:11Z Saw new cmpctblock header hash=171adfa46af17fc10d4af36eaa6a46cf8e61e3870da72e336be2da3c4dbb624e peer=0
2025-10-30T17:48:11Z UpdateTip: new best=171adfa46af17fc10d4af36eaa6a46cf8e61e3870da72e336be2da3c4dbb624e height=710 version=0x20000000 log2_work=10.473706 tx=711 date='2025-10-30T17:50:05Z' progress=1.000000 cache=0.3MiB(710txo)
2025-10-30T17:48:11Z Saw new header hash=3937b0d3bdfa5e2e8f040496367bcfbbcfb94d8a7068270ce73dd11e26f13d64 height=711
2025-10-30T17:48:11Z Saw new cmpctblock header hash=3937b0d3bdfa5e2e8f040496367bcfbbcfb94d8a7068270ce73dd11e26f13d64 peer=0
2025-10-30T17:48:11Z UpdateTip: new best=3937b0d3bdfa5e2e8f040496367bcfbbcfb94d8a7068270ce73dd11e26f13d64 height=711 version=0x20000000 log2_work=10.475733 tx=712 date='2025-10-30T17:50:05Z' progress=1.000000 cache=0.3MiB(711txo)
2025-10-30T17:48:11Z Saw new header hash=098ec9a582c406486805ebd53af3e0c02df1f40754303a4935b20a0c59925249 height=712
2025-10-30T17:48:11Z Saw new cmpctblock header hash=098ec9a582c406486805ebd53af3e0c02df1f40754303a4935b20a0c59925249 peer=0
2025-10-30T17:48:11Z UpdateTip: new best=098ec9a582c406486805ebd53af3e0c02df1f40754303a4935b20a0c59925249 height=712 version=0x20000000 log2_work=10.477758 tx=713 date='2025-10-30T17:50:05Z' progress=1.000000 cache=0.3MiB(712txo)
2025-10-30T17:48:11Z Saw new header hash=16e98ff262471d9e19daf99ebdd6b29fbc7afc7c6c274b6efc6957ed0a8ad6ed height=713
2025-10-30T17:48:11Z Saw new cmpctblock header hash=16e98ff262471d9e19daf99ebdd6b29fbc7afc7c6c274b6efc6957ed0a8ad6ed peer=0
2025-10-30T17:48:11Z UpdateTip: new best=16e98ff262471d9e19daf99ebdd6b29fbc7afc7c6c274b6efc6957ed0a8ad6ed height=713 version=0x20000000 log2_work=10.479780 tx=714 date='2025-10-30T17:50:05Z' progress=1.000000 cache=0.3MiB(713txo)
2025-10-30T17:48:11Z Saw new header hash=3d6c06ea22aef2ebd50458e95fda05914dc8860dd11bfe7d0697fc7099e5c557 height=714
2025-10-30T17:48:11Z Saw new cmpctblock header hash=3d6c06ea22aef2ebd50458e95fda05914dc8860dd11bfe7d0697fc7099e5c557 peer=0
2025-10-30T17:48:11Z UpdateTip: new best=3d6c06ea22aef2ebd50458e95fda05914dc8860dd11bfe7d0697fc7099e5c557 height=714 version=0x20000000 log2_work=10.481799 tx=715 date='2025-10-30T17:50:05Z' progress=1.000000 cache=0.3MiB(714txo)
2025-10-30T17:48:11Z Saw new header hash=20c9314b24031f2208bd02e40246df9471e27799ce44cbf5a5eac5ba6d98308a height=715
2025-10-30T17:48:11Z Saw new cmpctblock header hash=20c9314b24031f2208bd02e40246df9471e27799ce44cbf5a5eac5ba6d98308a peer=0
2025-10-30T17:48:11Z UpdateTip: new best=20c9314b24031f2208bd02e40246df9471e27799ce44cbf5a5eac5ba6d98308a height=715 version=0x20000000 log2_work=10.483816 tx=716 date='2025-10-30T17:50:05Z' progress=1.000000 cache=0.3MiB(715txo)
2025-10-30T17:48:11Z Saw new header hash=0fab05cefe284ae47424d876fe7cab1b7d6cf35c5ed42531c6cf9cf897ff3d30 height=716
2025-10-30T17:48:11Z Saw new cmpctblock header hash=0fab05cefe284ae47424d876fe7cab1b7d6cf35c5ed42531c6cf9cf897ff3d30 peer=0
2025-10-30T17:48:11Z UpdateTip: new best=0fab05cefe284ae47424d876fe7cab1b7d6cf35c5ed42531c6cf9cf897ff3d30 height=716 version=0x20000000 log2_work=10.485829 tx=717 date='2025-10-30T17:50:06Z' progress=1.000000 cache=0.3MiB(716txo)
2025-10-30T17:48:11Z Saw new header hash=4c564d4169f278ca3aa1a6172f4748c117ebd0ae14315c471fd979fdf9063f20 height=717
2025-10-30T17:48:11Z Saw new cmpctblock header hash=4c564d4169f278ca3aa1a6172f4748c117ebd0ae14315c471fd979fdf9063f20 peer=0
2025-10-30T17:48:11Z UpdateTip: new best=4c564d4169f278ca3aa1a6172f4748c117ebd0ae14315c471fd979fdf9063f20 height=717 version=0x20000000 log2_work=10.487840 tx=718 date='2025-10-30T17:50:06Z' progress=1.000000 cache=0.3MiB(717txo)
2025-10-30T17:48:11Z Saw new header hash=38d7667d7a3124aae3dd0c79df31e066791debffbd8b178b04710cab35601d16 height=718
2025-10-30T17:48:11Z Saw new cmpctblock header hash=38d7667d7a3124aae3dd0c79df31e066791debffbd8b178b04710cab35601d16 peer=0
2025-10-30T17:48:11Z UpdateTip: new best=38d7667d7a3124aae3dd0c79df31e066791debffbd8b178b04710cab35601d16 height=718 version=0x20000000 log2_work=10.489848 tx=719 date='2025-10-30T17:50:06Z' progress=1.000000 cache=0.3MiB(718txo)
2025-10-30T17:48:11Z Saw new header hash=33c73582f955744ff7f78c80dd401433832fdb0b1e421516fa65ec7fbf968ac1 height=719
2025-10-30T17:48:11Z Saw new cmpctblock header hash=33c73582f955744ff7f78c80dd401433832fdb0b1e421516fa65ec7fbf968ac1 peer=0
2025-10-30T17:48:11Z UpdateTip: new best=33c73582f955744ff7f78c80dd401433832fdb0b1e421516fa65ec7fbf968ac1 height=719 version=0x20000000 log2_work=10.491853 tx=720 date='2025-10-30T17:50:06Z' progress=1.000000 cache=0.3MiB(719txo)
2025-10-30T17:48:11Z Saw new header hash=2c233169a53116e825d0928a84243d82fae5f7ecbbb3ef1f8cacc593af52b6ce height=720
2025-10-30T17:48:11Z Saw new cmpctblock header hash=2c233169a53116e825d0928a84243d82fae5f7ecbbb3ef1f8cacc593af52b6ce peer=0
2025-10-30T17:48:11Z UpdateTip: new best=2c233169a53116e825d0928a84243d82fae5f7ecbbb3ef1f8cacc593af52b6ce height=720 version=0x20000000 log2_work=10.493855 tx=721 date='2025-10-30T17:50:06Z' progress=1.000000 cache=0.3MiB(720txo)
2025-10-30T17:48:11Z Saw new header hash=509c5b6562b70efa74c799cb5aa23928a518ad32a56791d4c005d38ed5ed0e19 height=721
2025-10-30T17:48:11Z Saw new cmpctblock header hash=509c5b6562b70efa74c799cb5aa23928a518ad32a56791d4c005d38ed5ed0e19 peer=0
2025-10-30T17:48:11Z UpdateTip: new best=509c5b6562b70efa74c799cb5aa23928a518ad32a56791d4c005d38ed5ed0e19 height=721 version=0x20000000 log2_work=10.495855 tx=722 date='2025-10-30T17:50:06Z' progress=1.000000 cache=0.3MiB(721txo)
2025-10-30T17:48:11Z Saw new header hash=12b1ab0e19d14d8cfaf4cf1e7679f0229b2c149f56f8c6cee6297a8b71e759bb height=722
2025-10-30T17:48:11Z Saw new cmpctblock header hash=12b1ab0e19d14d8cfaf4cf1e7679f0229b2c149f56f8c6cee6297a8b71e759bb peer=0
2025-10-30T17:48:11Z UpdateTip: new best=12b1ab0e19d14d8cfaf4cf1e7679f0229b2c149f56f8c6cee6297a8b71e759bb height=722 version=0x20000000 log2_work=10.497852 tx=723 date='2025-10-30T17:50:07Z' progress=1.000000 cache=0.3MiB(722txo)
2025-10-30T17:48:11Z Saw new header hash=07e37f940c20a0e8b7a1d13dbd183c4fb39e2fd46390b62586cd5251d4ba9c07 height=723
2025-10-30T17:48:11Z Saw new cmpctblock header hash=07e37f940c20a0e8b7a1d13dbd183c4fb39e2fd46390b62586cd5251d4ba9c07 peer=0
2025-10-30T17:48:11Z UpdateTip: new best=07e37f940c20a0e8b7a1d13dbd183c4fb39e2fd46390b62586cd5251d4ba9c07 height=723 version=0x20000000 log2_work=10.499846 tx=724 date='2025-10-30T17:50:07Z' progress=1.000000 cache=0.3MiB(723txo)
2025-10-30T17:48:11Z Saw new header hash=168d2f6fbb3575d07057810d6b403001f87ff51594ac7f16600b04962079dbc8 height=724
2025-10-30T17:48:11Z Saw new cmpctblock header hash=168d2f6fbb3575d07057810d6b403001f87ff51594ac7f16600b04962079dbc8 peer=0
2025-10-30T17:48:11Z UpdateTip: new best=168d2f6fbb3575d07057810d6b403001f87ff51594ac7f16600b04962079dbc8 height=724 version=0x20000000 log2_work=10.501837 tx=725 date='2025-10-30T17:50:07Z' progress=1.000000 cache=0.3MiB(724txo)
2025-10-30T17:48:11Z Saw new header hash=6066e72daa4d9a5ce09e111662c95b0f0bba4dc8d00127edd8c80299302de5fe height=725
2025-10-30T17:48:11Z Saw new cmpctblock header hash=6066e72daa4d9a5ce09e111662c95b0f0bba4dc8d00127edd8c80299302de5fe peer=0
2025-10-30T17:48:11Z UpdateTip: new best=6066e72daa4d9a5ce09e111662c95b0f0bba4dc8d00127edd8c80299302de5fe height=725 version=0x20000000 log2_work=10.503826 tx=726 date='2025-10-30T17:50:07Z' progress=1.000000 cache=0.3MiB(725txo)
2025-10-30T17:48:11Z Saw new header hash=36b4d018b1fd6d4a6ae8726a041a78eb49dd038bc269fb21f8e5fed5b4e01e25 height=726
2025-10-30T17:48:11Z Saw new cmpctblock header hash=36b4d018b1fd6d4a6ae8726a041a78eb49dd038bc269fb21f8e5fed5b4e01e25 peer=0
2025-10-30T17:48:11Z UpdateTip: new best=36b4d018b1fd6d4a6ae8726a041a78eb49dd038bc269fb21f8e5fed5b4e01e25 height=726 version=0x20000000 log2_work=10.505812 tx=727 date='2025-10-30T17:50:07Z' progress=1.000000 cache=0.3MiB(726txo)
2025-10-30T17:48:11Z Saw new header hash=59d15b3ce9bb7f7277ea28059d302ec327b668afbd67696d4a20a9cdd6bb6a06 height=727
2025-10-30T17:48:11Z Saw new cmpctblock header hash=59d15b3ce9bb7f7277ea28059d302ec327b668afbd67696d4a20a9cdd6bb6a06 peer=0
2025-10-30T17:48:11Z UpdateTip: new best=59d15b3ce9bb7f7277ea28059d302ec327b668afbd67696d4a20a9cdd6bb6a06 height=727 version=0x20000000 log2_work=10.507795 tx=728 date='2025-10-30T17:50:07Z' progress=1.000000 cache=0.3MiB(727txo)
2025-10-30T17:48:11Z Saw new header hash=4fb4babd0b0c27087a0ded47cffa17aafb6e502141bc5ee429f64434932dd092 height=728
2025-10-30T17:48:11Z Saw new cmpctblock header hash=4fb4babd0b0c27087a0ded47cffa17aafb6e502141bc5ee429f64434932dd092 peer=0
2025-10-30T17:48:11Z UpdateTip: new best=4fb4babd0b0c27087a0ded47cffa17aafb6e502141bc5ee429f64434932dd092 height=728 version=0x20000000 log2_work=10.509775 tx=729 date='2025-10-30T17:50:08Z' progress=1.000000 cache=0.3MiB(728txo)
2025-10-30T17:48:11Z Saw new header hash=1c919b7a9cc0361d9bcd6d9ff9ba21fdf172dc504c0583dacfe14fa23ad1ec2a height=729
2025-10-30T17:48:11Z Saw new cmpctblock header hash=1c919b7a9cc0361d9bcd6d9ff9ba21fdf172dc504c0583dacfe14fa23ad1ec2a peer=0
2025-10-30T17:48:11Z UpdateTip: new best=1c919b7a9cc0361d9bcd6d9ff9ba21fdf172dc504c0583dacfe14fa23ad1ec2a height=729 version=0x20000000 log2_work=10.511753 tx=730 date='2025-10-30T17:50:08Z' progress=1.000000 cache=0.3MiB(729txo)
2025-10-30T17:48:11Z Saw new header hash=7d13aba331065a8bc62065b0db836311a0611439a3fe3f9a953112727a1df00f height=730
2025-10-30T17:48:11Z Saw new cmpctblock header hash=7d13aba331065a8bc62065b0db836311a0611439a3fe3f9a953112727a1df00f peer=0
2025-10-30T17:48:11Z UpdateTip: new best=7d13aba331065a8bc62065b0db836311a0611439a3fe3f9a953112727a1df00f height=730 version=0x20000000 log2_work=10.513728 tx=731 date='2025-10-30T17:50:08Z' progress=1.000000 cache=0.3MiB(730txo)
2025-10-30T17:48:11Z Saw new header hash=69d9090ca28fd49166024f1f61c5c34ff5b278b9ac45841802c9f468ffa4ac3a height=731
2025-10-30T17:48:11Z Saw new cmpctblock header hash=69d9090ca28fd49166024f1f61c5c34ff5b278b9ac45841802c9f468ffa4ac3a peer=0
2025-10-30T17:48:11Z UpdateTip: new best=69d9090ca28fd49166024f1f61c5c34ff5b278b9ac45841802c9f468ffa4ac3a height=731 version=0x20000000 log2_work=10.515700 tx=732 date='2025-10-30T17:50:08Z' progress=1.000000 cache=0.3MiB(731txo)
2025-10-30T17:48:11Z Saw new header hash=2d14fb75aed678baf29d12c0b6ac06c2b5b753956a6503eaa26f81b3634c9648 height=732
2025-10-30T17:48:11Z Saw new cmpctblock header hash=2d14fb75aed678baf29d12c0b6ac06c2b5b753956a6503eaa26f81b3634c9648 peer=0
2025-10-30T17:48:11Z UpdateTip: new best=2d14fb75aed678baf29d12c0b6ac06c2b5b753956a6503eaa26f81b3634c9648 height=732 version=0x20000000 log2_work=10.517669 tx=733 date='2025-10-30T17:50:08Z' progress=1.000000 cache=0.3MiB(732txo)
2025-10-30T17:48:11Z Saw new header hash=0049c72b6b43a6da898cb1dd6577c066aa181a19aaf9c60d15fb21a9c19b83b6 height=733
2025-10-30T17:48:11Z Saw new cmpctblock header hash=0049c72b6b43a6da898cb1dd6577c066aa181a19aaf9c60d15fb21a9c19b83b6 peer=0
2025-10-30T17:48:11Z UpdateTip: new best=0049c72b6b43a6da898cb1dd6577c066aa181a19aaf9c60d15fb21a9c19b83b6 height=733 version=0x20000000 log2_work=10.519636 tx=734 date='2025-10-30T17:50:08Z' progress=1.000000 cache=0.3MiB(733txo)
2025-10-30T17:48:11Z Saw new header hash=74282547eb39bf2d6768c5f72b20873ce5c32f6232044edd9bc4f165a6e2cf6d height=734
2025-10-30T17:48:11Z Saw new cmpctblock header hash=74282547eb39bf2d6768c5f72b20873ce5c32f6232044edd9bc4f165a6e2cf6d peer=0
2025-10-30T17:48:11Z UpdateTip: new best=74282547eb39bf2d6768c5f72b20873ce5c32f6232044edd9bc4f165a6e2cf6d height=734 version=0x20000000 log2_work=10.521600 tx=735 date='2025-10-30T17:50:09Z' progress=1.000000 cache=0.3MiB(734txo)
2025-10-30T17:48:11Z Saw new header hash=12ebb896334be79efba4e3b1ca6facde5cb0ae914af59f71cbc74945a3519b3e height=735
2025-10-30T17:48:11Z Saw new cmpctblock header hash=12ebb896334be79efba4e3b1ca6facde5cb0ae914af59f71cbc74945a3519b3e peer=0
2025-10-30T17:48:11Z UpdateTip: new best=12ebb896334be79efba4e3b1ca6facde5cb0ae914af59f71cbc74945a3519b3e height=735 version=0x20000000 log2_work=10.523562 tx=736 date='2025-10-30T17:50:09Z' progress=1.000000 cache=0.3MiB(735txo)
2025-10-30T17:48:11Z Saw new header hash=6549deab34003abb6998656f1e129f71ee2199da2c0c2568b82cc3e4edc81385 height=736
2025-10-30T17:48:11Z Saw new cmpctblock header hash=6549deab34003abb6998656f1e129f71ee2199da2c0c2568b82cc3e4edc81385 peer=0
2025-10-30T17:48:11Z UpdateTip: new best=6549deab34003abb6998656f1e129f71ee2199da2c0c2568b82cc3e4edc81385 height=736 version=0x20000000 log2_work=10.525521 tx=737 date='2025-10-30T17:50:09Z' progress=1.000000 cache=0.3MiB(736txo)
2025-10-30T17:48:11Z Saw new header hash=7a68fef009f51632c0bab4063618b37dd5fc5ac0d43c38cd782013aca6ac0d93 height=737
2025-10-30T17:48:11Z Saw new cmpctblock header hash=7a68fef009f51632c0bab4063618b37dd5fc5ac0d43c38cd782013aca6ac0d93 peer=0
2025-10-30T17:48:11Z UpdateTip: new best=7a68fef009f51632c0bab4063618b37dd5fc5ac0d43c38cd782013aca6ac0d93 height=737 version=0x20000000 log2_work=10.527477 tx=738 date='2025-10-30T17:50:09Z' progress=1.000000 cache=0.3MiB(737txo)
2025-10-30T17:48:11Z Saw new header hash=60d90bc00a494ecc35ef6108e738247559662cffcb247019dd5db1953bc7559b height=738
2025-10-30T17:48:11Z Saw new cmpctblock header hash=60d90bc00a494ecc35ef6108e738247559662cffcb247019dd5db1953bc7559b peer=0
2025-10-30T17:48:11Z UpdateTip: new best=60d90bc00a494ecc35ef6108e738247559662cffcb247019dd5db1953bc7559b height=738 version=0x20000000 log2_work=10.529431 tx=739 date='2025-10-30T17:50:09Z' progress=1.000000 cache=0.3MiB(738txo)
2025-10-30T17:48:11Z Saw new header hash=6d1c915479716ad47be309abf0714d5dd97c89547b09a37da4966ad14fe74f5e height=739
2025-10-30T17:48:11Z Saw new cmpctblock header hash=6d1c915479716ad47be309abf0714d5dd97c89547b09a37da4966ad14fe74f5e peer=0
2025-10-30T17:48:11Z UpdateTip: new best=6d1c915479716ad47be309abf0714d5dd97c89547b09a37da4966ad14fe74f5e height=739 version=0x20000000 log2_work=10.531381 tx=740 date='2025-10-30T17:50:09Z' progress=1.000000 cache=0.3MiB(739txo)
2025-10-30T17:48:11Z Saw new header hash=1bcecd484bcd989c928981ddc144e738235efe8e345bcb1a5010db814f9b21cb height=740
2025-10-30T17:48:11Z Saw new cmpctblock header hash=1bcecd484bcd989c928981ddc144e738235efe8e345bcb1a5010db814f9b21cb peer=0
2025-10-30T17:48:11Z UpdateTip: new best=1bcecd484bcd989c928981ddc144e738235efe8e345bcb1a5010db814f9b21cb height=740 version=0x20000000 log2_work=10.533330 tx=741 date='2025-10-30T17:50:10Z' progress=1.000000 cache=0.3MiB(740txo)
2025-10-30T17:48:11Z Saw new header hash=6bbe9ffaf03dad5a6b3b5ce10077ffd3a2b94d7b35d4a0c72af0f657b12e2ee8 height=741
2025-10-30T17:48:11Z Saw new cmpctblock header hash=6bbe9ffaf03dad5a6b3b5ce10077ffd3a2b94d7b35d4a0c72af0f657b12e2ee8 peer=0
2025-10-30T17:48:11Z UpdateTip: new best=6bbe9ffaf03dad5a6b3b5ce10077ffd3a2b94d7b35d4a0c72af0f657b12e2ee8 height=741 version=0x20000000 log2_work=10.535275 tx=742 date='2025-10-30T17:50:10Z' progress=1.000000 cache=0.3MiB(741txo)
2025-10-30T17:48:11Z Saw new header hash=3577c8619d1f497b9719518cff107942d17008796a6c38037418f7e2f8a804ae height=742
2025-10-30T17:48:11Z Saw new cmpctblock header hash=3577c8619d1f497b9719518cff107942d17008796a6c38037418f7e2f8a804ae peer=0
2025-10-30T17:48:11Z UpdateTip: new best=3577c8619d1f497b9719518cff107942d17008796a6c38037418f7e2f8a804ae height=742 version=0x20000000 log2_work=10.537218 tx=743 date='2025-10-30T17:50:10Z' progress=1.000000 cache=0.3MiB(742txo)
2025-10-30T17:48:11Z Saw new header hash=215e9d365ef627346fcb0cc3bf3ea8cc88616937c861188628c6d6cb48568248 height=743
2025-10-30T17:48:11Z Saw new cmpctblock header hash=215e9d365ef627346fcb0cc3bf3ea8cc88616937c861188628c6d6cb48568248 peer=0
2025-10-30T17:48:11Z UpdateTip: new best=215e9d365ef627346fcb0cc3bf3ea8cc88616937c861188628c6d6cb48568248 height=743 version=0x20000000 log2_work=10.539159 tx=744 date='2025-10-30T17:50:10Z' progress=1.000000 cache=0.3MiB(743txo)
2025-10-30T17:48:11Z Saw new header hash=03114cb8ad6ab9c686b6c5a5e4d4ee5f6c82201946ab3f1b2dc19eed0394839e height=744
2025-10-30T17:48:11Z Saw new cmpctblock header hash=03114cb8ad6ab9c686b6c5a5e4d4ee5f6c82201946ab3f1b2dc19eed0394839e peer=0
2025-10-30T17:48:11Z UpdateTip: new best=03114cb8ad6ab9c686b6c5a5e4d4ee5f6c82201946ab3f1b2dc19eed0394839e height=744 version=0x20000000 log2_work=10.541097 tx=745 date='2025-10-30T17:50:10Z' progress=1.000000 cache=0.3MiB(744txo)
2025-10-30T17:48:11Z Saw new header hash=05a1321ba4514851a941fcae853fd0bd3e277e3a557ba917eeadac8acbbd6144 height=745
2025-10-30T17:48:11Z Saw new cmpctblock header hash=05a1321ba4514851a941fcae853fd0bd3e277e3a557ba917eeadac8acbbd6144 peer=0
2025-10-30T17:48:11Z UpdateTip: new best=05a1321ba4514851a941fcae853fd0bd3e277e3a557ba917eeadac8acbbd6144 height=745 version=0x20000000 log2_work=10.543032 tx=746 date='2025-10-30T17:50:10Z' progress=1.000000 cache=0.3MiB(745txo)
2025-10-30T17:48:11Z Saw new header hash=67ea9a7b61e9ca3192347ac272754ebe693fa8d5458cc8b4f72e8c4d96aee201 height=746
2025-10-30T17:48:11Z Saw new cmpctblock header hash=67ea9a7b61e9ca3192347ac272754ebe693fa8d5458cc8b4f72e8c4d96aee201 peer=0
2025-10-30T17:48:11Z UpdateTip: new best=67ea9a7b61e9ca3192347ac272754ebe693fa8d5458cc8b4f72e8c4d96aee201 height=746 version=0x20000000 log2_work=10.544964 tx=747 date='2025-10-30T17:50:11Z' progress=1.000000 cache=0.3MiB(746txo)
2025-10-30T17:48:11Z Saw new header hash=4f8ba8891ec633c4fbcedae48544bcb51fa272250d0775d9d83dec5f894d4aef height=747
2025-10-30T17:48:11Z Saw new cmpctblock header hash=4f8ba8891ec633c4fbcedae48544bcb51fa272250d0775d9d83dec5f894d4aef peer=0
2025-10-30T17:48:11Z UpdateTip: new best=4f8ba8891ec633c4fbcedae48544bcb51fa272250d0775d9d83dec5f894d4aef height=747 version=0x20000000 log2_work=10.546894 tx=748 date='2025-10-30T17:50:11Z' progress=1.000000 cache=0.3MiB(747txo)
2025-10-30T17:48:11Z Saw new header hash=57c5f077ef03ddc828f2b638122f06cc9bf787249b5145ede07495dc098df2c9 height=748
2025-10-30T17:48:11Z Saw new cmpctblock header hash=57c5f077ef03ddc828f2b638122f06cc9bf787249b5145ede07495dc098df2c9 peer=0
2025-10-30T17:48:11Z UpdateTip: new best=57c5f077ef03ddc828f2b638122f06cc9bf787249b5145ede07495dc098df2c9 height=748 version=0x20000000 log2_work=10.548822 tx=749 date='2025-10-30T17:50:11Z' progress=1.000000 cache=0.3MiB(748txo)
2025-10-30T17:48:11Z Saw new header hash=5e1a68ef0e744c8c34e3456aa0a578765c5c101ffcaf934620c7a7facd9686b2 height=749
2025-10-30T17:48:11Z Saw new cmpctblock header hash=5e1a68ef0e744c8c34e3456aa0a578765c5c101ffcaf934620c7a7facd9686b2 peer=0
2025-10-30T17:48:11Z UpdateTip: new best=5e1a68ef0e744c8c34e3456aa0a578765c5c101ffcaf934620c7a7facd9686b2 height=749 version=0x20000000 log2_work=10.550747 tx=750 date='2025-10-30T17:50:11Z' progress=1.000000 cache=0.3MiB(749txo)
2025-10-30T17:48:11Z Saw new header hash=73611f5d9d6cc4585d07aedef611fe1b802ea2be15495941f72ce5a0de9e6a83 height=750
2025-10-30T17:48:11Z Saw new cmpctblock header hash=73611f5d9d6cc4585d07aedef611fe1b802ea2be15495941f72ce5a0de9e6a83 peer=0
2025-10-30T17:48:11Z UpdateTip: new best=73611f5d9d6cc4585d07aedef611fe1b802ea2be15495941f72ce5a0de9e6a83 height=750 version=0x20000000 log2_work=10.552669 tx=751 date='2025-10-30T17:50:11Z' progress=1.000000 cache=0.3MiB(750txo)
2025-10-30T17:48:11Z Saw new header hash=0b5021653fbbf51e2c765dcf108577063dd5088d1374eba48f8744c8b4fd2ea7 height=751
2025-10-30T17:48:11Z Saw new cmpctblock header hash=0b5021653fbbf51e2c765dcf108577063dd5088d1374eba48f8744c8b4fd2ea7 peer=0
2025-10-30T17:48:11Z UpdateTip: new best=0b5021653fbbf51e2c765dcf108577063dd5088d1374eba48f8744c8b4fd2ea7 height=751 version=0x20000000 log2_work=10.554589 tx=752 date='2025-10-30T17:50:11Z' progress=1.000000 cache=0.3MiB(751txo)
2025-10-30T17:48:11Z Saw new header hash=01e34348ab6869791ad8c1d214c6c1450765ecdd5bc806c68cbd9ebe7f5401de height=752
2025-10-30T17:48:11Z Saw new cmpctblock header hash=01e34348ab6869791ad8c1d214c6c1450765ecdd5bc806c68cbd9ebe7f5401de peer=0
2025-10-30T17:48:11Z UpdateTip: new best=01e34348ab6869791ad8c1d214c6c1450765ecdd5bc806c68cbd9ebe7f5401de height=752 version=0x20000000 log2_work=10.556506 tx=753 date='2025-10-30T17:50:12Z' progress=1.000000 cache=0.3MiB(752txo)
2025-10-30T17:48:11Z Saw new header hash=5b30036cafe6638f5cd5b2af0ea88b0bb36e99d39816383b79b7acfa0228c2af height=753
2025-10-30T17:48:11Z Saw new cmpctblock header hash=5b30036cafe6638f5cd5b2af0ea88b0bb36e99d39816383b79b7acfa0228c2af peer=0
2025-10-30T17:48:11Z UpdateTip: new best=5b30036cafe6638f5cd5b2af0ea88b0bb36e99d39816383b79b7acfa0228c2af height=753 version=0x20000000 log2_work=10.558421 tx=754 date='2025-10-30T17:50:12Z' progress=1.000000 cache=0.3MiB(753txo)
2025-10-30T17:48:11Z Saw new header hash=44b1da7176b75e0efc3269d4ff5ab0d375a9a919d78d8c2aeffb8277b427a1b1 height=754
2025-10-30T17:48:11Z Saw new cmpctblock header hash=44b1da7176b75e0efc3269d4ff5ab0d375a9a919d78d8c2aeffb8277b427a1b1 peer=0
2025-10-30T17:48:11Z UpdateTip: new best=44b1da7176b75e0efc3269d4ff5ab0d375a9a919d78d8c2aeffb8277b427a1b1 height=754 version=0x20000000 log2_work=10.560333 tx=755 date='2025-10-30T17:50:12Z' progress=1.000000 cache=0.3MiB(754txo)
2025-10-30T17:48:11Z Saw new header hash=28a8879fdacc99ccc21b30bcb35dd5982a985cddd4a32f3e4f7e3fd24b3ed1ec height=755
2025-10-30T17:48:11Z Saw new cmpctblock header hash=28a8879fdacc99ccc21b30bcb35dd5982a985cddd4a32f3e4f7e3fd24b3ed1ec peer=0
2025-10-30T17:48:11Z UpdateTip: new best=28a8879fdacc99ccc21b30bcb35dd5982a985cddd4a32f3e4f7e3fd24b3ed1ec height=755 version=0x20000000 log2_work=10.562242 tx=756 date='2025-10-30T17:50:12Z' progress=1.000000 cache=0.3MiB(755txo)
2025-10-30T17:48:11Z Saw new header hash=069f102031dd66ab9ccd801032366b4f4edbe3d955196630af867318bc0806f3 height=756
2025-10-30T17:48:11Z Saw new cmpctblock header hash=069f102031dd66ab9ccd801032366b4f4edbe3d955196630af867318bc0806f3 peer=0
2025-10-30T17:48:11Z UpdateTip: new best=069f102031dd66ab9ccd801032366b4f4edbe3d955196630af867318bc0806f3 height=756 version=0x20000000 log2_work=10.564149 tx=757 date='2025-10-30T17:50:12Z' progress=1.000000 cache=0.3MiB(756txo)
2025-10-30T17:48:11Z Saw new header hash=1ece5683cb9fb496d581196a15c77e12207fff35d6cd1025386e1beb48291919 height=757
2025-10-30T17:48:11Z Saw new cmpctblock header hash=1ece5683cb9fb496d581196a15c77e12207fff35d6cd1025386e1beb48291919 peer=0
2025-10-30T17:48:11Z UpdateTip: new best=1ece5683cb9fb496d581196a15c77e12207fff35d6cd1025386e1beb48291919 height=757 version=0x20000000 log2_work=10.566054 tx=758 date='2025-10-30T17:50:12Z' progress=1.000000 cache=0.3MiB(757txo)
2025-10-30T17:48:11Z Saw new header hash=58621fd1d55e7efcc183a0ce8ff1f7ed1f21b6de87eb317f86a645b2a887f7e1 height=758
2025-10-30T17:48:11Z Saw new cmpctblock header hash=58621fd1d55e7efcc183a0ce8ff1f7ed1f21b6de87eb317f86a645b2a887f7e1 peer=0
2025-10-30T17:48:11Z UpdateTip: new best=58621fd1d55e7efcc183a0ce8ff1f7ed1f21b6de87eb317f86a645b2a887f7e1 height=758 version=0x20000000 log2_work=10.567956 tx=759 date='2025-10-30T17:50:13Z' progress=1.000000 cache=0.3MiB(758txo)
2025-10-30T17:48:11Z Saw new header hash=386ebb1fba3030ef4d6e806438c047ad232aeed1ffedec01a7248bae524b04ae height=759
2025-10-30T17:48:11Z Saw new cmpctblock header hash=386ebb1fba3030ef4d6e806438c047ad232aeed1ffedec01a7248bae524b04ae peer=0
2025-10-30T17:48:11Z UpdateTip: new best=386ebb1fba3030ef4d6e806438c047ad232aeed1ffedec01a7248bae524b04ae height=759 version=0x20000000 log2_work=10.569856 tx=760 date='2025-10-30T17:50:13Z' progress=1.000000 cache=0.3MiB(759txo)
2025-10-30T17:48:11Z Saw new header hash=64bd10d7e494e19e64a0ae6ae55f572e23082a6aca9414914ee3fe9ce127eb79 height=760
2025-10-30T17:48:11Z Saw new cmpctblock header hash=64bd10d7e494e19e64a0ae6ae55f572e23082a6aca9414914ee3fe9ce127eb79 peer=0
2025-10-30T17:48:11Z UpdateTip: new best=64bd10d7e494e19e64a0ae6ae55f572e23082a6aca9414914ee3fe9ce127eb79 height=760 version=0x20000000 log2_work=10.571753 tx=761 date='2025-10-30T17:50:13Z' progress=1.000000 cache=0.3MiB(760txo)
2025-10-30T17:48:11Z Saw new header hash=1f563da3ccb198eb51f62c2d9947dda1fdf721e8eb8f87afea2dea53e286b557 height=761
2025-10-30T17:48:11Z Saw new cmpctblock header hash=1f563da3ccb198eb51f62c2d9947dda1fdf721e8eb8f87afea2dea53e286b557 peer=0
2025-10-30T17:48:11Z UpdateTip: new best=1f563da3ccb198eb51f62c2d9947dda1fdf721e8eb8f87afea2dea53e286b557 height=761 version=0x20000000 log2_work=10.573647 tx=762 date='2025-10-30T17:50:13Z' progress=1.000000 cache=0.3MiB(761txo)
2025-10-30T17:48:11Z Saw new header hash=06a78c514903c428ed6fb2cb113be04c8e43195dcd7db26a74bb086739e02bbf height=762
2025-10-30T17:48:11Z Saw new cmpctblock header hash=06a78c514903c428ed6fb2cb113be04c8e43195dcd7db26a74bb086739e02bbf peer=0
2025-10-30T17:48:11Z UpdateTip: new best=06a78c514903c428ed6fb2cb113be04c8e43195dcd7db26a74bb086739e02bbf height=762 version=0x20000000 log2_work=10.575539 tx=763 date='2025-10-30T17:50:13Z' progress=1.000000 cache=0.3MiB(762txo)
2025-10-30T17:48:11Z Saw new header hash=727fe72801a09e8306da3e0659ab6dbd6f82fee09985adf6eda7f407713e959d height=763
2025-10-30T17:48:11Z Saw new cmpctblock header hash=727fe72801a09e8306da3e0659ab6dbd6f82fee09985adf6eda7f407713e959d peer=0
2025-10-30T17:48:11Z UpdateTip: new best=727fe72801a09e8306da3e0659ab6dbd6f82fee09985adf6eda7f407713e959d height=763 version=0x20000000 log2_work=10.577429 tx=764 date='2025-10-30T17:50:13Z' progress=1.000000 cache=0.3MiB(763txo)
2025-10-30T17:48:11Z Saw new header hash=05eedd04d1950fa061b5dc43a5bc5b4a9350cd4a4df1a1951c794cfbc2f1b90e height=764
2025-10-30T17:48:11Z Saw new cmpctblock header hash=05eedd04d1950fa061b5dc43a5bc5b4a9350cd4a4df1a1951c794cfbc2f1b90e peer=0
2025-10-30T17:48:11Z UpdateTip: new best=05eedd04d1950fa061b5dc43a5bc5b4a9350cd4a4df1a1951c794cfbc2f1b90e height=764 version=0x20000000 log2_work=10.579316 tx=765 date='2025-10-30T17:50:14Z' progress=1.000000 cache=0.3MiB(764txo)
2025-10-30T17:48:11Z Saw new header hash=09c21acf40b11585eaddad93a1bf6ec9196217651fd4b7ab19c6b77b1160db0f height=765
2025-10-30T17:48:11Z Saw new cmpctblock header hash=09c21acf40b11585eaddad93a1bf6ec9196217651fd4b7ab19c6b77b1160db0f peer=0
2025-10-30T17:48:11Z UpdateTip: new best=09c21acf40b11585eaddad93a1bf6ec9196217651fd4b7ab19c6b77b1160db0f height=765 version=0x20000000 log2_work=10.581201 tx=766 date='2025-10-30T17:50:14Z' progress=1.000000 cache=0.3MiB(765txo)
2025-10-30T17:48:11Z Saw new header hash=5ca25b08a7ed2884cbe0b553b33b78a2175664bbc6cb1c721afb196ca56e9afe height=766
2025-10-30T17:48:11Z Saw new cmpctblock header hash=5ca25b08a7ed2884cbe0b553b33b78a2175664bbc6cb1c721afb196ca56e9afe peer=0
2025-10-30T17:48:11Z UpdateTip: new best=5ca25b08a7ed2884cbe0b553b33b78a2175664bbc6cb1c721afb196ca56e9afe height=766 version=0x20000000 log2_work=10.583083 tx=767 date='2025-10-30T17:50:14Z' progress=1.000000 cache=0.3MiB(766txo)
2025-10-30T17:48:11Z Saw new header hash=6ec494f76e9199d8973654e1e30dd9ce78a2a738be0d648cdc011d15bf07b02e height=767
2025-10-30T17:48:11Z Saw new cmpctblock header hash=6ec494f76e9199d8973654e1e30dd9ce78a2a738be0d648cdc011d15bf07b02e peer=0
2025-10-30T17:48:11Z UpdateTip: new best=6ec494f76e9199d8973654e1e30dd9ce78a2a738be0d648cdc011d15bf07b02e height=767 version=0x20000000 log2_work=10.584963 tx=768 date='2025-10-30T17:50:14Z' progress=1.000000 cache=0.3MiB(767txo)
2025-10-30T17:48:11Z Saw new header hash=29aad5f56bc69a61dca49f4600cf76cc3d9bbf216ec3078fdf2124796dd447fb height=768
2025-10-30T17:48:11Z Saw new cmpctblock header hash=29aad5f56bc69a61dca49f4600cf76cc3d9bbf216ec3078fdf2124796dd447fb peer=0
2025-10-30T17:48:11Z UpdateTip: new best=29aad5f56bc69a61dca49f4600cf76cc3d9bbf216ec3078fdf2124796dd447fb height=768 version=0x20000000 log2_work=10.586840 tx=769 date='2025-10-30T17:50:14Z' progress=1.000000 cache=0.3MiB(768txo)
2025-10-30T17:48:11Z Saw new header hash=1c36cd1a20c05c368fbb978b9a94465477a1ad23d8bf0be9940fdee0a23d8771 height=769
2025-10-30T17:48:11Z Saw new cmpctblock header hash=1c36cd1a20c05c368fbb978b9a94465477a1ad23d8bf0be9940fdee0a23d8771 peer=0
2025-10-30T17:48:11Z UpdateTip: new best=1c36cd1a20c05c368fbb978b9a94465477a1ad23d8bf0be9940fdee0a23d8771 height=769 version=0x20000000 log2_work=10.588715 tx=770 date='2025-10-30T17:50:14Z' progress=1.000000 cache=0.3MiB(769txo)
2025-10-30T17:48:11Z Saw new header hash=124ab93502c3e9f5f426156dd06554a21dded2e89817d165268ddd44d5d05835 height=770
2025-10-30T17:48:11Z Saw new cmpctblock header hash=124ab93502c3e9f5f426156dd06554a21dded2e89817d165268ddd44d5d05835 peer=0
2025-10-30T17:48:11Z UpdateTip: new best=124ab93502c3e9f5f426156dd06554a21dded2e89817d165268ddd44d5d05835 height=770 version=0x20000000 log2_work=10.590587 tx=771 date='2025-10-30T17:50:15Z' progress=1.000000 cache=0.3MiB(770txo)
2025-10-30T17:48:11Z Saw new header hash=73abfc68b4602fc065edc41a5f69b63b5d3f5a26e7cccfcab8e75cb4c33ab013 height=771
2025-10-30T17:48:11Z Saw new cmpctblock header hash=73abfc68b4602fc065edc41a5f69b63b5d3f5a26e7cccfcab8e75cb4c33ab013 peer=0
2025-10-30T17:48:11Z UpdateTip: new best=73abfc68b4602fc065edc41a5f69b63b5d3f5a26e7cccfcab8e75cb4c33ab013 height=771 version=0x20000000 log2_work=10.592457 tx=772 date='2025-10-30T17:50:15Z' progress=1.000000 cache=0.3MiB(771txo)
2025-10-30T17:48:11Z Saw new header hash=01d947fa59d2ffcc17d11ee1413bd2ef664d3777a475e94f9ef4e8d6ac90e924 height=772
2025-10-30T17:48:11Z Saw new cmpctblock header hash=01d947fa59d2ffcc17d11ee1413bd2ef664d3777a475e94f9ef4e8d6ac90e924 peer=0
2025-10-30T17:48:11Z UpdateTip: new best=01d947fa59d2ffcc17d11ee1413bd2ef664d3777a475e94f9ef4e8d6ac90e924 height=772 version=0x20000000 log2_work=10.594325 tx=773 date='2025-10-30T17:50:15Z' progress=1.000000 cache=0.3MiB(772txo)
2025-10-30T17:48:11Z Saw new header hash=44696148b1667072c1d76247868ff782957d2a82f2d91bf8cb18fba73edf8828 height=773
2025-10-30T17:48:11Z Saw new cmpctblock header hash=44696148b1667072c1d76247868ff782957d2a82f2d91bf8cb18fba73edf8828 peer=0
2025-10-30T17:48:11Z UpdateTip: new best=44696148b1667072c1d76247868ff782957d2a82f2d91bf8cb18fba73edf8828 height=773 version=0x20000000 log2_work=10.596190 tx=774 date='2025-10-30T17:50:15Z' progress=1.000000 cache=0.3MiB(773txo)
2025-10-30T17:48:11Z Saw new header hash=4a6ab022cd2db752ed6c15ae0a3c95661b492585817fc57ead93340a7765ed67 height=774
2025-10-30T17:48:11Z Saw new cmpctblock header hash=4a6ab022cd2db752ed6c15ae0a3c95661b492585817fc57ead93340a7765ed67 peer=0
2025-10-30T17:48:11Z UpdateTip: new best=4a6ab022cd2db752ed6c15ae0a3c95661b492585817fc57ead93340a7765ed67 height=774 version=0x20000000 log2_work=10.598053 tx=775 date='2025-10-30T17:50:15Z' progress=1.000000 cache=0.3MiB(774txo)
2025-10-30T17:48:11Z Saw new header hash=60d6c4dfda9eaa222f07b7758b8a60c3e7cbafeba4e294f1e90c5c500c76290d height=775
2025-10-30T17:48:11Z Saw new cmpctblock header hash=60d6c4dfda9eaa222f07b7758b8a60c3e7cbafeba4e294f1e90c5c500c76290d peer=0
2025-10-30T17:48:11Z UpdateTip: new best=60d6c4dfda9eaa222f07b7758b8a60c3e7cbafeba4e294f1e90c5c500c76290d height=775 version=0x20000000 log2_work=10.599913 tx=776 date='2025-10-30T17:50:15Z' progress=1.000000 cache=0.3MiB(775txo)
2025-10-30T17:48:11Z Saw new header hash=4ae34357c2d9c1d6214c935a72745a5fbb0192776bac5c9486dd73ca22d9cd96 height=776
2025-10-30T17:48:11Z Saw new cmpctblock header hash=4ae34357c2d9c1d6214c935a72745a5fbb0192776bac5c9486dd73ca22d9cd96 peer=0
2025-10-30T17:48:11Z UpdateTip: new best=4ae34357c2d9c1d6214c935a72745a5fbb0192776bac5c9486dd73ca22d9cd96 height=776 version=0x20000000 log2_work=10.601771 tx=777 date='2025-10-30T17:50:16Z' progress=1.000000 cache=0.3MiB(776txo)
2025-10-30T17:48:11Z Saw new header hash=5e513a06ee0924d4fd329ce660623b4ecd10706bac212b657f5299a2fa7e5c98 height=777
2025-10-30T17:48:11Z Saw new cmpctblock header hash=5e513a06ee0924d4fd329ce660623b4ecd10706bac212b657f5299a2fa7e5c98 peer=0
2025-10-30T17:48:11Z UpdateTip: new best=5e513a06ee0924d4fd329ce660623b4ecd10706bac212b657f5299a2fa7e5c98 height=777 version=0x20000000 log2_work=10.603626 tx=778 date='2025-10-30T17:50:16Z' progress=1.000000 cache=0.3MiB(777txo)
2025-10-30T17:48:11Z Saw new header hash=585e109c2f68c80232d20fbfb700dc2b2bccb7fdbde0c30de14176d0f3281b13 height=778
2025-10-30T17:48:11Z Saw new cmpctblock header hash=585e109c2f68c80232d20fbfb700dc2b2bccb7fdbde0c30de14176d0f3281b13 peer=0
2025-10-30T17:48:11Z UpdateTip: new best=585e109c2f68c80232d20fbfb700dc2b2bccb7fdbde0c30de14176d0f3281b13 height=778 version=0x20000000 log2_work=10.605480 tx=779 date='2025-10-30T17:50:16Z' progress=1.000000 cache=0.3MiB(778txo)
2025-10-30T17:48:11Z Saw new header hash=492f15f3e1ab68a295b31b739f3d0e17b01ff809d9220a1c4ca6cf1e4adfa04b height=779
2025-10-30T17:48:11Z Saw new cmpctblock header hash=492f15f3e1ab68a295b31b739f3d0e17b01ff809d9220a1c4ca6cf1e4adfa04b peer=0
2025-10-30T17:48:11Z UpdateTip: new best=492f15f3e1ab68a295b31b739f3d0e17b01ff809d9220a1c4ca6cf1e4adfa04b height=779 version=0x20000000 log2_work=10.607330 tx=780 date='2025-10-30T17:50:16Z' progress=1.000000 cache=0.3MiB(779txo)
2025-10-30T17:48:11Z Saw new header hash=643dddeba293b758f344fe02af2c6c5f92952640c10727fe9e7a32a136a3ac83 height=780
2025-10-30T17:48:11Z Saw new cmpctblock header hash=643dddeba293b758f344fe02af2c6c5f92952640c10727fe9e7a32a136a3ac83 peer=0
2025-10-30T17:48:11Z UpdateTip: new best=643dddeba293b758f344fe02af2c6c5f92952640c10727fe9e7a32a136a3ac83 height=780 version=0x20000000 log2_work=10.609179 tx=781 date='2025-10-30T17:50:16Z' progress=1.000000 cache=0.3MiB(780txo)
2025-10-30T17:48:11Z Saw new header hash=250c082eee541c79a09062a66784522c764f05383a7175a6661be1ae41a5ff7e height=781
2025-10-30T17:48:11Z Saw new cmpctblock header hash=250c082eee541c79a09062a66784522c764f05383a7175a6661be1ae41a5ff7e peer=0
2025-10-30T17:48:11Z UpdateTip: new best=250c082eee541c79a09062a66784522c764f05383a7175a6661be1ae41a5ff7e height=781 version=0x20000000 log2_work=10.611025 tx=782 date='2025-10-30T17:50:16Z' progress=1.000000 cache=0.3MiB(781txo)
2025-10-30T17:48:12Z Saw new header hash=0a45e81e0eadc182c6b14eb38b2fdfc5f53e22d3fd4a13a4ccd4d16e512b7db0 height=782
2025-10-30T17:48:12Z Saw new cmpctblock header hash=0a45e81e0eadc182c6b14eb38b2fdfc5f53e22d3fd4a13a4ccd4d16e512b7db0 peer=0
2025-10-30T17:48:12Z UpdateTip: new best=0a45e81e0eadc182c6b14eb38b2fdfc5f53e22d3fd4a13a4ccd4d16e512b7db0 height=782 version=0x20000000 log2_work=10.612868 tx=783 date='2025-10-30T17:50:17Z' progress=1.000000 cache=0.3MiB(782txo)
2025-10-30T17:48:12Z Saw new header hash=5f2ef59c956e30af74006309d9cd96558aeada28d201b5d2c30aeeb7262c31fe height=783
2025-10-30T17:48:12Z Saw new cmpctblock header hash=5f2ef59c956e30af74006309d9cd96558aeada28d201b5d2c30aeeb7262c31fe peer=0
2025-10-30T17:48:12Z UpdateTip: new best=5f2ef59c956e30af74006309d9cd96558aeada28d201b5d2c30aeeb7262c31fe height=783 version=0x20000000 log2_work=10.614710 tx=784 date='2025-10-30T17:50:17Z' progress=1.000000 cache=0.3MiB(783txo)
2025-10-30T17:48:12Z Saw new header hash=3e7eecdd3a317ea1694a62f94a10bb00bb5390bf765df0cbbe3626839a4a5a60 height=784
2025-10-30T17:48:12Z Saw new cmpctblock header hash=3e7eecdd3a317ea1694a62f94a10bb00bb5390bf765df0cbbe3626839a4a5a60 peer=0
2025-10-30T17:48:12Z UpdateTip: new best=3e7eecdd3a317ea1694a62f94a10bb00bb5390bf765df0cbbe3626839a4a5a60 height=784 version=0x20000000 log2_work=10.616549 tx=785 date='2025-10-30T17:50:17Z' progress=1.000000 cache=0.3MiB(784txo)
2025-10-30T17:48:12Z Saw new header hash=79c08aabd2a9731035754a9f761f3b7f9a02c2d10a8d73df1cdc4501fc6793b2 height=785
2025-10-30T17:48:12Z Saw new cmpctblock header hash=79c08aabd2a9731035754a9f761f3b7f9a02c2d10a8d73df1cdc4501fc6793b2 peer=0
2025-10-30T17:48:12Z UpdateTip: new best=79c08aabd2a9731035754a9f761f3b7f9a02c2d10a8d73df1cdc4501fc6793b2 height=785 version=0x20000000 log2_work=10.618386 tx=786 date='2025-10-30T17:50:17Z' progress=1.000000 cache=0.3MiB(785txo)
2025-10-30T17:48:12Z Saw new header hash=20b6cd889311785b68138c55d601284294583c41fc9fd8fbffae68727ef04281 height=786
2025-10-30T17:48:12Z Saw new cmpctblock header hash=20b6cd889311785b68138c55d601284294583c41fc9fd8fbffae68727ef04281 peer=0
2025-10-30T17:48:12Z UpdateTip: new best=20b6cd889311785b68138c55d601284294583c41fc9fd8fbffae68727ef04281 height=786 version=0x20000000 log2_work=10.620220 tx=787 date='2025-10-30T17:50:17Z' progress=1.000000 cache=0.3MiB(786txo)
2025-10-30T17:48:12Z Saw new header hash=681cbdad3ecf3fb252eb345580ce35b057b7b49ed764692dd3dcffef61b1cfa3 height=787
2025-10-30T17:48:12Z Saw new cmpctblock header hash=681cbdad3ecf3fb252eb345580ce35b057b7b49ed764692dd3dcffef61b1cfa3 peer=0
2025-10-30T17:48:12Z UpdateTip: new best=681cbdad3ecf3fb252eb345580ce35b057b7b49ed764692dd3dcffef61b1cfa3 height=787 version=0x20000000 log2_work=10.622052 tx=788 date='2025-10-30T17:50:17Z' progress=1.000000 cache=0.3MiB(787txo)
2025-10-30T17:48:12Z Saw new header hash=365f8fe60a04b036056f0f741aa0783f13d4b769efc8f18b628e12f907a331b1 height=788
2025-10-30T17:48:12Z Saw new cmpctblock header hash=365f8fe60a04b036056f0f741aa0783f13d4b769efc8f18b628e12f907a331b1 peer=0
2025-10-30T17:48:12Z UpdateTip: new best=365f8fe60a04b036056f0f741aa0783f13d4b769efc8f18b628e12f907a331b1 height=788 version=0x20000000 log2_work=10.623881 tx=789 date='2025-10-30T17:50:18Z' progress=1.000000 cache=0.3MiB(788txo)
2025-10-30T17:48:12Z Saw new header hash=3d01b2508ee37af38cf3361244a987996a9e7d4115b5b4e7c397291845fc2f28 height=789
2025-10-30T17:48:12Z Saw new cmpctblock header hash=3d01b2508ee37af38cf3361244a987996a9e7d4115b5b4e7c397291845fc2f28 peer=0
2025-10-30T17:48:12Z UpdateTip: new best=3d01b2508ee37af38cf3361244a987996a9e7d4115b5b4e7c397291845fc2f28 height=789 version=0x20000000 log2_work=10.625709 tx=790 date='2025-10-30T17:50:18Z' progress=1.000000 cache=0.3MiB(789txo)
2025-10-30T17:48:12Z Saw new header hash=4a76698fda959f0f40accc81c9d9c750e98a4524af295d1ca0a4c3d3596dc160 height=790
2025-10-30T17:48:12Z Saw new cmpctblock header hash=4a76698fda959f0f40accc81c9d9c750e98a4524af295d1ca0a4c3d3596dc160 peer=0
2025-10-30T17:48:12Z UpdateTip: new best=4a76698fda959f0f40accc81c9d9c750e98a4524af295d1ca0a4c3d3596dc160 height=790 version=0x20000000 log2_work=10.627534 tx=791 date='2025-10-30T17:50:18Z' progress=1.000000 cache=0.3MiB(790txo)
2025-10-30T17:48:12Z Saw new header hash=0db2fa2dbdd63d994681e00a59b16ec40b189ab04641b7f63be350400fc70582 height=791
2025-10-30T17:48:12Z Saw new cmpctblock header hash=0db2fa2dbdd63d994681e00a59b16ec40b189ab04641b7f63be350400fc70582 peer=0
2025-10-30T17:48:12Z UpdateTip: new best=0db2fa2dbdd63d994681e00a59b16ec40b189ab04641b7f63be350400fc70582 height=791 version=0x20000000 log2_work=10.629357 tx=792 date='2025-10-30T17:50:18Z' progress=1.000000 cache=0.3MiB(791txo)
2025-10-30T17:48:12Z Saw new header hash=5e1590ab8b16acc37377ce1efda78f988e450eb774cc67350023195989966850 height=792
2025-10-30T17:48:12Z Saw new cmpctblock header hash=5e1590ab8b16acc37377ce1efda78f988e450eb774cc67350023195989966850 peer=0
2025-10-30T17:48:12Z UpdateTip: new best=5e1590ab8b16acc37377ce1efda78f988e450eb774cc67350023195989966850 height=792 version=0x20000000 log2_work=10.631177 tx=793 date='2025-10-30T17:50:18Z' progress=1.000000 cache=0.3MiB(792txo)
2025-10-30T17:48:12Z Saw new header hash=3edf0d0ceba515d5e1b12e2fff491fd1a12a424ebfcb3cee0573b06c98063564 height=793
2025-10-30T17:48:12Z Saw new cmpctblock header hash=3edf0d0ceba515d5e1b12e2fff491fd1a12a424ebfcb3cee0573b06c98063564 peer=0
2025-10-30T17:48:12Z UpdateTip: new best=3edf0d0ceba515d5e1b12e2fff491fd1a12a424ebfcb3cee0573b06c98063564 height=793 version=0x20000000 log2_work=10.632995 tx=794 date='2025-10-30T17:50:18Z' progress=1.000000 cache=0.3MiB(793txo)
2025-10-30T17:48:12Z Saw new header hash=206cbfe5e0bf26b32ddb7c0d232bc83e93a4a44861e941aea99319650c735acf height=794
2025-10-30T17:48:12Z Saw new cmpctblock header hash=206cbfe5e0bf26b32ddb7c0d232bc83e93a4a44861e941aea99319650c735acf peer=0
2025-10-30T17:48:12Z UpdateTip: new best=206cbfe5e0bf26b32ddb7c0d232bc83e93a4a44861e941aea99319650c735acf height=794 version=0x20000000 log2_work=10.634811 tx=795 date='2025-10-30T17:50:19Z' progress=1.000000 cache=0.3MiB(794txo)
2025-10-30T17:48:12Z Saw new header hash=485c7e03009a0eb53be6754e6f12b40324c2301c88eae51bfaa8e1484ed0d637 height=795
2025-10-30T17:48:12Z Saw new cmpctblock header hash=485c7e03009a0eb53be6754e6f12b40324c2301c88eae51bfaa8e1484ed0d637 peer=0
2025-10-30T17:48:12Z UpdateTip: new best=485c7e03009a0eb53be6754e6f12b40324c2301c88eae51bfaa8e1484ed0d637 height=795 version=0x20000000 log2_work=10.636625 tx=796 date='2025-10-30T17:50:19Z' progress=1.000000 cache=0.3MiB(795txo)
2025-10-30T17:48:12Z Saw new header hash=42f12a8fc9536881c451fd027aceeb1e933da68590c33b6d3115b406c2490b60 height=796
2025-10-30T17:48:12Z Saw new cmpctblock header hash=42f12a8fc9536881c451fd027aceeb1e933da68590c33b6d3115b406c2490b60 peer=0
2025-10-30T17:48:12Z UpdateTip: new best=42f12a8fc9536881c451fd027aceeb1e933da68590c33b6d3115b406c2490b60 height=796 version=0x20000000 log2_work=10.638436 tx=797 date='2025-10-30T17:50:19Z' progress=1.000000 cache=0.3MiB(796txo)
2025-10-30T17:48:12Z Saw new header hash=4dbf70edca42fac2aa56bc3e7ef2f70bfee79116ad36cee63e417cc8ac6916e5 height=797
2025-10-30T17:48:12Z Saw new cmpctblock header hash=4dbf70edca42fac2aa56bc3e7ef2f70bfee79116ad36cee63e417cc8ac6916e5 peer=0
2025-10-30T17:48:12Z UpdateTip: new best=4dbf70edca42fac2aa56bc3e7ef2f70bfee79116ad36cee63e417cc8ac6916e5 height=797 version=0x20000000 log2_work=10.640245 tx=798 date='2025-10-30T17:50:19Z' progress=1.000000 cache=0.3MiB(797txo)
2025-10-30T17:48:12Z Saw new header hash=20a4f6fdd2875cf3e1fbddd461afce8ef1e90d1a2655076ba298a7992c38d813 height=798
2025-10-30T17:48:12Z Saw new cmpctblock header hash=20a4f6fdd2875cf3e1fbddd461afce8ef1e90d1a2655076ba298a7992c38d813 peer=0
2025-10-30T17:48:12Z UpdateTip: new best=20a4f6fdd2875cf3e1fbddd461afce8ef1e90d1a2655076ba298a7992c38d813 height=798 version=0x20000000 log2_work=10.642052 tx=799 date='2025-10-30T17:50:19Z' progress=1.000000 cache=0.3MiB(798txo)
2025-10-30T17:48:15Z Saw new header hash=1ec0583f687aca19605f302ac27b3fa5a26cdf4e28b1d115c7d8565a8a115cbc height=799
2025-10-30T17:48:15Z Saw new cmpctblock header hash=1ec0583f687aca19605f302ac27b3fa5a26cdf4e28b1d115c7d8565a8a115cbc peer=0
2025-10-30T17:48:15Z UpdateTip: new best=1ec0583f687aca19605f302ac27b3fa5a26cdf4e28b1d115c7d8565a8a115cbc height=799 version=0x20000000 log2_work=10.643856 tx=829 date='2025-10-30T17:50:19Z' progress=1.000000 cache=0.3MiB(857txo)
2025-10-30T17:48:20Z Saw new header hash=6b6a21dfdab0fc77aca58cbca89355ac16d10c56fda12a43917065aa9e4928e4 height=800
2025-10-30T17:48:20Z Saw new cmpctblock header hash=6b6a21dfdab0fc77aca58cbca89355ac16d10c56fda12a43917065aa9e4928e4 peer=0
2025-10-30T17:48:20Z UpdateTip: new best=6b6a21dfdab0fc77aca58cbca89355ac16d10c56fda12a43917065aa9e4928e4 height=800 version=0x20000000 log2_work=10.645658 tx=830 date='2025-10-30T17:50:20Z' progress=1.000000 cache=0.3MiB(858txo)
2025-10-30T17:48:25Z Saw new header hash=71664566a11c53b2550c91687052b1fe82d5e1b2e22dad56a116a6eec4967d7b height=801
2025-10-30T17:48:25Z Saw new cmpctblock header hash=71664566a11c53b2550c91687052b1fe82d5e1b2e22dad56a116a6eec4967d7b peer=0
2025-10-30T17:48:25Z UpdateTip: new best=71664566a11c53b2550c91687052b1fe82d5e1b2e22dad56a116a6eec4967d7b height=801 version=0x20000000 log2_work=10.647458 tx=913 date='2025-10-30T17:50:20Z' progress=1.000000 cache=0.3MiB(994txo)
2025-10-30T17:48:30Z Saw new header hash=6416255d51ce757d4869ae3e79b74af0a409f05ac310992cda339707f9b4698d height=802
2025-10-30T17:48:30Z Saw new cmpctblock header hash=6416255d51ce757d4869ae3e79b74af0a409f05ac310992cda339707f9b4698d peer=0
2025-10-30T17:48:30Z UpdateTip: new best=6416255d51ce757d4869ae3e79b74af0a409f05ac310992cda339707f9b4698d height=802 version=0x20000000 log2_work=10.649256 tx=914 date='2025-10-30T17:50:20Z' progress=1.000000 cache=0.3MiB(995txo)
2025-10-30T17:48:36Z Saw new header hash=686bf7ea87bb5966128d8c0618745d459f8194c381e59628930b0b1222b044e6 height=803
2025-10-30T17:48:36Z Saw new cmpctblock header hash=686bf7ea87bb5966128d8c0618745d459f8194c381e59628930b0b1222b044e6 peer=0
2025-10-30T17:48:36Z UpdateTip: new best=686bf7ea87bb5966128d8c0618745d459f8194c381e59628930b0b1222b044e6 height=803 version=0x20000000 log2_work=10.651052 tx=996 date='2025-10-30T17:50:20Z' progress=1.000000 cache=0.3MiB(1105txo)
2025-10-30T17:48:41Z Saw new header hash=7d9dff1c9b96f0220e3b695d875ba4649a065dafc48a839269bdc80a913bf9c1 height=804
2025-10-30T17:48:41Z Saw new cmpctblock header hash=7d9dff1c9b96f0220e3b695d875ba4649a065dafc48a839269bdc80a913bf9c1 peer=0
2025-10-30T17:48:41Z UpdateTip: new best=7d9dff1c9b96f0220e3b695d875ba4649a065dafc48a839269bdc80a913bf9c1 height=804 version=0x20000000 log2_work=10.652845 tx=1037 date='2025-10-30T17:50:20Z' progress=1.000000 cache=0.3MiB(1158txo)
2025-10-30T17:48:46Z Saw new header hash=6e473181177158e0378099ac00e9f47edb147fa9d9ed374edbf455e3c992b076 height=805
2025-10-30T17:48:46Z Saw new cmpctblock header hash=6e473181177158e0378099ac00e9f47edb147fa9d9ed374edbf455e3c992b076 peer=0
2025-10-30T17:48:46Z UpdateTip: new best=6e473181177158e0378099ac00e9f47edb147fa9d9ed374edbf455e3c992b076 height=805 version=0x20000000 log2_work=10.654636 tx=1076 date='2025-10-30T17:50:20Z' progress=1.000000 cache=0.3MiB(1203txo)
2025-10-30T17:48:51Z Saw new header hash=0e369136f862d3497fbfcc3807cdbf0087bb092a13cdbd37e812d8421e16bdea height=806
2025-10-30T17:48:51Z Saw new cmpctblock header hash=0e369136f862d3497fbfcc3807cdbf0087bb092a13cdbd37e812d8421e16bdea peer=0
2025-10-30T17:48:51Z UpdateTip: new best=0e369136f862d3497fbfcc3807cdbf0087bb092a13cdbd37e812d8421e16bdea height=806 version=0x20000000 log2_work=10.656425 tx=1077 date='2025-10-30T17:50:21Z' progress=1.000000 cache=0.3MiB(1204txo)
2025-10-30T17:48:56Z Saw new header hash=3e3573973d27e719d47da08eadf00b2f47e8a882994a22b1eae6080bb53427d4 height=807
2025-10-30T17:48:56Z Saw new cmpctblock header hash=3e3573973d27e719d47da08eadf00b2f47e8a882994a22b1eae6080bb53427d4 peer=0
2025-10-30T17:48:56Z UpdateTip: new best=3e3573973d27e719d47da08eadf00b2f47e8a882994a22b1eae6080bb53427d4 height=807 version=0x20000000 log2_work=10.658211 tx=1156 date='2025-10-30T17:50:21Z' progress=1.000000 cache=0.3MiB(1290txo)
2025-10-30T17:49:01Z Saw new header hash=2dcb58e083c739ad74a2392d7185829b8df0f6b75bc45b304b09483e66921879 height=808
2025-10-30T17:49:01Z Saw new cmpctblock header hash=2dcb58e083c739ad74a2392d7185829b8df0f6b75bc45b304b09483e66921879 peer=0
2025-10-30T17:49:01Z UpdateTip: new best=2dcb58e083c739ad74a2392d7185829b8df0f6b75bc45b304b09483e66921879 height=808 version=0x20000000 log2_work=10.659996 tx=1157 date='2025-10-30T17:50:21Z' progress=1.000000 cache=0.3MiB(1291txo)
2025-10-30T17:49:06Z Saw new header hash=2eddcd5e2a21f8fbccb664fcdfb94be66d86c6f5aa623e5ce9283fd21672bc7a height=809
2025-10-30T17:49:06Z Saw new cmpctblock header hash=2eddcd5e2a21f8fbccb664fcdfb94be66d86c6f5aa623e5ce9283fd21672bc7a peer=0
2025-10-30T17:49:06Z UpdateTip: new best=2eddcd5e2a21f8fbccb664fcdfb94be66d86c6f5aa623e5ce9283fd21672bc7a height=809 version=0x20000000 log2_work=10.661778 tx=1158 date='2025-10-30T17:50:21Z' progress=1.000000 cache=0.3MiB(1292txo)
2025-10-30T17:49:11Z Saw new header hash=3caea614c5e6e0c597d1c87117204a9932a0ee977b79045d94902a8c44f619e8 height=810
2025-10-30T17:49:11Z Saw new cmpctblock header hash=3caea614c5e6e0c597d1c87117204a9932a0ee977b79045d94902a8c44f619e8 peer=0
2025-10-30T17:49:11Z UpdateTip: new best=3caea614c5e6e0c597d1c87117204a9932a0ee977b79045d94902a8c44f619e8 height=810 version=0x20000000 log2_work=10.663558 tx=1201 date='2025-10-30T17:50:21Z' progress=1.000000 cache=0.3MiB(1338txo)
2025-10-30T17:49:16Z Saw new header hash=4201c1f51c0051573d4abea673022c009cd0bb9a523ba06e0c0fd0dbcced808c height=811
2025-10-30T17:49:16Z Saw new cmpctblock header hash=4201c1f51c0051573d4abea673022c009cd0bb9a523ba06e0c0fd0dbcced808c peer=0
2025-10-30T17:49:16Z UpdateTip: new best=4201c1f51c0051573d4abea673022c009cd0bb9a523ba06e0c0fd0dbcced808c height=811 version=0x20000000 log2_work=10.665336 tx=1312 date='2025-10-30T17:50:21Z' progress=1.000000 cache=0.3MiB(1469txo)
2025-10-30T17:49:21Z Saw new header hash=3ead21e234b1c67b3cb84256c8e472968b328c989ed18ea8db10e97621e06d04 height=812
2025-10-30T17:49:21Z Saw new cmpctblock header hash=3ead21e234b1c67b3cb84256c8e472968b328c989ed18ea8db10e97621e06d04 peer=0
2025-10-30T17:49:21Z UpdateTip: new best=3ead21e234b1c67b3cb84256c8e472968b328c989ed18ea8db10e97621e06d04 height=812 version=0x20000000 log2_work=10.667112 tx=1313 date='2025-10-30T17:50:22Z' progress=1.000000 cache=0.3MiB(1470txo)
2025-10-30T17:49:26Z Saw new header hash=3927d17e7a48c5e675fcb0675cc929860f82f3228b4e5b130de74bbb5c615c06 height=813
2025-10-30T17:49:26Z Saw new cmpctblock header hash=3927d17e7a48c5e675fcb0675cc929860f82f3228b4e5b130de74bbb5c615c06 peer=0
2025-10-30T17:49:26Z UpdateTip: new best=3927d17e7a48c5e675fcb0675cc929860f82f3228b4e5b130de74bbb5c615c06 height=813 version=0x20000000 log2_work=10.668885 tx=1314 date='2025-10-30T17:50:22Z' progress=1.000000 cache=0.3MiB(1471txo)
2025-10-30T17:49:31Z Saw new header hash=0ea01483f3f3adc4b0568d29b92a92a1def90dcfe91f8fb6c0f89dadd0de44ad height=814
2025-10-30T17:49:31Z Saw new cmpctblock header hash=0ea01483f3f3adc4b0568d29b92a92a1def90dcfe91f8fb6c0f89dadd0de44ad peer=0
2025-10-30T17:49:31Z UpdateTip: new best=0ea01483f3f3adc4b0568d29b92a92a1def90dcfe91f8fb6c0f89dadd0de44ad height=814 version=0x20000000 log2_work=10.670656 tx=1315 date='2025-10-30T17:50:22Z' progress=1.000000 cache=0.3MiB(1472txo)
2025-10-30T17:49:37Z Saw new header hash=712d80632f5e8e116d6889880d7c655b4904cf4424b914197b9e1d00bb6341ed height=815
2025-10-30T17:49:37Z Saw new cmpctblock header hash=712d80632f5e8e116d6889880d7c655b4904cf4424b914197b9e1d00bb6341ed peer=0
2025-10-30T17:49:37Z UpdateTip: new best=712d80632f5e8e116d6889880d7c655b4904cf4424b914197b9e1d00bb6341ed height=815 version=0x20000000 log2_work=10.672425 tx=1459 date='2025-10-30T17:50:22Z' progress=1.000000 cache=0.3MiB(1623txo)
2025-10-30T17:49:42Z Saw new header hash=2f65fb1cfdbce5a7cdf8703ac625a020faec3cb19d0fa5b9a2dd3b1cf1c7637f height=816
2025-10-30T17:49:42Z Saw new cmpctblock header hash=2f65fb1cfdbce5a7cdf8703ac625a020faec3cb19d0fa5b9a2dd3b1cf1c7637f peer=0
2025-10-30T17:49:42Z UpdateTip: new best=2f65fb1cfdbce5a7cdf8703ac625a020faec3cb19d0fa5b9a2dd3b1cf1c7637f height=816 version=0x20000000 log2_work=10.674192 tx=1460 date='2025-10-30T17:50:22Z' progress=1.000000 cache=0.3MiB(1624txo)
2025-10-30T17:49:47Z Saw new header hash=3f3009fec862226e257c5716fd1d18b52e4ca73aaa023791a3a1c9fab0aecde6 height=817
2025-10-30T17:49:47Z Saw new cmpctblock header hash=3f3009fec862226e257c5716fd1d18b52e4ca73aaa023791a3a1c9fab0aecde6 peer=0
2025-10-30T17:49:47Z UpdateTip: new best=3f3009fec862226e257c5716fd1d18b52e4ca73aaa023791a3a1c9fab0aecde6 height=817 version=0x20000000 log2_work=10.675957 tx=1480 date='2025-10-30T17:50:22Z' progress=1.000000 cache=0.3MiB(1646txo)
2025-10-30T17:49:52Z Saw new header hash=2b68d3b16d042c97cc18f0bd6b601009009df945b2fc7b16d1013f3909897eaf height=818
2025-10-30T17:49:52Z Saw new cmpctblock header hash=2b68d3b16d042c97cc18f0bd6b601009009df945b2fc7b16d1013f3909897eaf peer=0
2025-10-30T17:49:52Z UpdateTip: new best=2b68d3b16d042c97cc18f0bd6b601009009df945b2fc7b16d1013f3909897eaf height=818 version=0x20000000 log2_work=10.677720 tx=1508 date='2025-10-30T17:50:23Z' progress=1.000000 cache=0.3MiB(1666txo)
2025-10-30T17:49:57Z Saw new header hash=0bae963526ef7288a490ef7faaa082985b9625d79fd5311f6f9e54489427cee3 height=819
2025-10-30T17:49:57Z Saw new cmpctblock header hash=0bae963526ef7288a490ef7faaa082985b9625d79fd5311f6f9e54489427cee3 peer=0
2025-10-30T17:49:57Z UpdateTip: new best=0bae963526ef7288a490ef7faaa082985b9625d79fd5311f6f9e54489427cee3 height=819 version=0x20000000 log2_work=10.679480 tx=1509 date='2025-10-30T17:50:23Z' progress=1.000000 cache=0.3MiB(1667txo)
2025-10-30T17:50:02Z Saw new header hash=48aff4f6cb13279708ba056157f34481e882e66d9cd9a172d5d908393189d02a height=820
2025-10-30T17:50:02Z Saw new cmpctblock header hash=48aff4f6cb13279708ba056157f34481e882e66d9cd9a172d5d908393189d02a peer=0
2025-10-30T17:50:02Z UpdateTip: new best=48aff4f6cb13279708ba056157f34481e882e66d9cd9a172d5d908393189d02a height=820 version=0x20000000 log2_work=10.681238 tx=1641 date='2025-10-30T17:50:23Z' progress=1.000000 cache=0.3MiB(1789txo)
2025-10-30T17:50:07Z Saw new header hash=56ee89e9598fb1e511b0fd00565e72ff7394387a2621dee3bd3898a075710b61 height=821
2025-10-30T17:50:07Z Saw new cmpctblock header hash=56ee89e9598fb1e511b0fd00565e72ff7394387a2621dee3bd3898a075710b61 peer=0
2025-10-30T17:50:07Z UpdateTip: new best=56ee89e9598fb1e511b0fd00565e72ff7394387a2621dee3bd3898a075710b61 height=821 version=0x20000000 log2_work=10.682995 tx=1642 date='2025-10-30T17:50:23Z' progress=1.000000 cache=0.3MiB(1790txo)
2025-10-30T17:50:12Z Saw new header hash=30f3e59516c3d955d09d952a67764f52f7a1fd895d32dbfa830352bdb95db602 height=822
2025-10-30T17:50:12Z Saw new cmpctblock header hash=30f3e59516c3d955d09d952a67764f52f7a1fd895d32dbfa830352bdb95db602 peer=0
2025-10-30T17:50:12Z UpdateTip: new best=30f3e59516c3d955d09d952a67764f52f7a1fd895d32dbfa830352bdb95db602 height=822 version=0x20000000 log2_work=10.684749 tx=1675 date='2025-10-30T17:50:23Z' progress=1.000000 cache=0.3MiB(1813txo)
2025-10-30T17:50:18Z Saw new header hash=77c62390f128cb3f38a9888547270f92a289f6068eef8df262e9d56bf961c994 height=823
2025-10-30T17:50:18Z Saw new cmpctblock header hash=77c62390f128cb3f38a9888547270f92a289f6068eef8df262e9d56bf961c994 peer=0
2025-10-30T17:50:18Z UpdateTip: new best=77c62390f128cb3f38a9888547270f92a289f6068eef8df262e9d56bf961c994 height=823 version=0x20000000 log2_work=10.686501 tx=1746 date='2025-10-30T17:50:23Z' progress=1.000000 cache=0.3MiB(1875txo)
2025-10-30T17:50:23Z Saw new header hash=0eeac0d1ef72cd03db87739d3cf6adc87dded89a02b88b358a8413099d3f7718 height=824
2025-10-30T17:50:23Z Saw new cmpctblock header hash=0eeac0d1ef72cd03db87739d3cf6adc87dded89a02b88b358a8413099d3f7718 peer=0
2025-10-30T17:50:23Z UpdateTip: new best=0eeac0d1ef72cd03db87739d3cf6adc87dded89a02b88b358a8413099d3f7718 height=824 version=0x20000000 log2_work=10.688250 tx=1761 date='2025-10-30T17:50:24Z' progress=1.000000 cache=0.3MiB(1889txo)
2025-10-30T17:50:29Z Saw new header hash=25a3420fc14293bef398f038b9529acb2fe5c7abecb272348a12093ed9ee49db height=825
2025-10-30T17:50:29Z Saw new cmpctblock header hash=25a3420fc14293bef398f038b9529acb2fe5c7abecb272348a12093ed9ee49db peer=0
2025-10-30T17:50:29Z UpdateTip: new best=25a3420fc14293bef398f038b9529acb2fe5c7abecb272348a12093ed9ee49db height=825 version=0x20000000 log2_work=10.689998 tx=1777 date='2025-10-30T17:50:28Z' progress=1.000000 cache=0.3MiB(1895txo)
2025-10-30T17:51:56Z New manual v2 peer connected: version: 70016, blocks=120, peer=1
2025-10-30T17:53:59Z Saw new header hash=5fe0fac0ebdd58a937f91122efbc134cf68160441792e6c1f20da7ec81fb089a height=826
2025-10-30T17:53:59Z Saw new header hash=0dc809c72ec872c7d339c1c1b37de1b53f6fa0a2422020e5c033848e5e968f91 height=827
2025-10-30T17:53:59Z Saw new header hash=70048284469b0934282acb4d6b95c87372e8ef0c15d1126c71d062b2348a9a48 height=828
2025-10-30T17:53:59Z Saw new header hash=70e7f37eb351c0d1d17ee7a4870a51833180f7eb2ac06afc5978f071beedda16 height=829
2025-10-30T17:53:59Z Saw new header hash=3ce69b07c084183fecbe3f110aceb20b56a703581576d542951190bf5046248d height=830
2025-10-30T17:53:59Z Saw new header hash=62c66330765704d38ebe2e4355ec3829c2506baf5563a2becca6b3bf998a3ea5 height=831
2025-10-30T17:53:59Z Saw new header hash=185c7f437334372558e62eb10e6cec389615f0c4fbd9c61de9efed260d87eeae height=832
2025-10-30T17:53:59Z Saw new header hash=45fe167e54b8ba0dc331204e16adddbd4d5af6aaa5c78bdb1c133dfbb51b2f01 height=833
2025-10-30T17:53:59Z Saw new header hash=0777f3f7e7459b79ffc2599a81787ecae58ecbe36bbb0d449e0f95e7a39b4e85 height=834
2025-10-30T17:53:59Z Saw new header hash=642a7d7f422028841ecf6f0ee0a17f2f517d79099da6a4b2964163406074f166 height=835
2025-10-30T17:53:59Z Saw new header hash=6d815ffcb5017614c1923253aeeba36a59c1380ef9af3ec74437bc48e6ecd60c height=836
2025-10-30T17:53:59Z Saw new header hash=4d2d90a2ce0d6ab1892ffa4d5d6405c319660ec07971abedfffc0da42006785a height=837
2025-10-30T17:53:59Z Saw new header hash=4fba62ae0ce20837f2c323c5794df830e14d89e7bdeff806fa905139426353d4 height=838
2025-10-30T17:53:59Z Saw new header hash=507d8932ae916a7985ac27744a8d96cba60ff2cd3f8f572fa0ac0db66b78c0db height=839
2025-10-30T17:53:59Z Saw new header hash=65462da4406a8674631342dd2d6037eeb0ec8a0bee2463bf2294f577f874dfa0 height=840
2025-10-30T17:53:59Z Saw new header hash=4d16b815128610d787b9997be2a1c8f17a37b08d9d6a3f7824c067bccbb2a119 height=841
2025-10-30T17:53:59Z Saw new header hash=60379bf2f6222e832ffb9451b76fe508711ba98255702fe6ce7af9f74dcacc6a height=842
2025-10-30T17:53:59Z Saw new header hash=3cec017bdb886e044e61bcbff34befa25e3bc2c9eb96ec6b4d946d17372fe702 height=843
2025-10-30T17:53:59Z Saw new header hash=5bad02cdd0d0a9984fd15a10848ba0415dffffe06bcabbc3b05b4e080ac929a4 height=844
2025-10-30T17:53:59Z Saw new header hash=4ac2bf9e1cf63813b43f701241fa2d265ca8b75bae571e0b2945baab56cb4bca height=845
2025-10-30T17:53:59Z Saw new header hash=36f6904093f8c5b04f551eae1611d4218a96b1708cbd6531b856b2b996cd6dd3 height=846
2025-10-30T17:53:59Z Saw new header hash=0dbe279920b8b6f1bfe9f75a9725830a624d04bde46d2abd448b445e62e483d3 height=847
2025-10-30T17:53:59Z Saw new header hash=540186f4a3a669050090e7e90af0a271c28250ec1a5092447753c15e350e73e3 height=848
2025-10-30T17:53:59Z Saw new header hash=79dfd8d598c59becea562e89390bb5c4c09dd3dfb8e0a36706c41586b8999d44 height=849
2025-10-30T17:53:59Z Saw new header hash=7b71fca9d62aad06ec8dd4dca60a037a305a50ecae7743f1cf58792605300919 height=850
2025-10-30T17:53:59Z Saw new header hash=166fbe2a9e1d92425443c1a9f5ec0c4b1dd0fede3a66081026e5e9070bcad2f1 height=851
2025-10-30T17:53:59Z Saw new header hash=2e731bd04d2bc6921dfe98e38d67333d468a48e40d382c623fd1f9669da5a876 height=852
2025-10-30T17:53:59Z Saw new header hash=41465672dbbfee3f0a36d9ee238f8aacaac6312af926a84049f59eeeced062ca height=853
2025-10-30T17:53:59Z Saw new header hash=2c438dfa9bdb6f95a627f805f0668aff9834442228221dd3ca4c979ec4ab9bab height=854
2025-10-30T17:53:59Z Saw new header hash=19b59d502ccf228ffdde6539a163168786e7095d95c5d03e8b37cd9cf4237a4a height=855
2025-10-30T17:53:59Z Saw new header hash=135e027beb1321e8199abab91b4ca044babc48a7bad9d47175955923581bb3db height=856
2025-10-30T17:53:59Z Saw new header hash=2bf65ae7afe5155e71392e1da63af75e720f5bfa21ecd930e3c63943086f62cd height=857
2025-10-30T17:53:59Z Saw new header hash=305c37032a3f67b41accc7ca8ef7d1589fa93bd186b02cbdd9c3d6f9998c0491 height=858
2025-10-30T17:53:59Z Saw new header hash=64d695408769bb4586a50eea9828d05f6cf4f135da3c1b7bedc68401ad53a89d height=859
2025-10-30T17:53:59Z Saw new header hash=0049ac47e457cc9e7d2ec46917c7f6244cd49f33488dd697e9c8af445b0a8811 height=860
2025-10-30T17:53:59Z Saw new header hash=1abc24fa40f01b1f99e65fead550bff9876b0273a7bae53fc3684c2923c9c902 height=861
2025-10-30T17:53:59Z Saw new header hash=3f4297ce77b37364c5dc4feb09712ba95b6949c77fca3bcfde190c2e9547784d height=862
2025-10-30T17:53:59Z Saw new header hash=5a8e0015f54c0982fdb20e56496e89e5ae9152b4239b80080fbdec13ece78feb height=863
2025-10-30T17:53:59Z Saw new header hash=135d010804ebd84ab34d519de173cd21f43517cbaa9f9b203e42c7dc78976289 height=864
2025-10-30T17:53:59Z UpdateTip: new best=5fe0fac0ebdd58a937f91122efbc134cf68160441792e6c1f20da7ec81fb089a height=826 version=0x20000000 log2_work=10.691744 tx=1793 date='2025-10-30T17:50:34Z' progress=1.000000 cache=0.3MiB(1912txo)
2025-10-30T17:53:59Z UpdateTip: new best=0dc809c72ec872c7d339c1c1b37de1b53f6fa0a2422020e5c033848e5e968f91 height=827 version=0x20000000 log2_work=10.693487 tx=1808 date='2025-10-30T17:50:39Z' progress=1.000000 cache=0.3MiB(1927txo)
2025-10-30T17:53:59Z UpdateTip: new best=70048284469b0934282acb4d6b95c87372e8ef0c15d1126c71d062b2348a9a48 height=828 version=0x20000000 log2_work=10.695228 tx=1809 date='2025-10-30T17:50:45Z' progress=1.000000 cache=0.3MiB(1928txo)
2025-10-30T17:54:00Z UpdateTip: new best=70e7f37eb351c0d1d17ee7a4870a51833180f7eb2ac06afc5978f071beedda16 height=829 version=0x20000000 log2_work=10.696968 tx=1838 date='2025-10-30T17:50:50Z' progress=1.000000 cache=0.3MiB(1945txo)
2025-10-30T17:54:00Z UpdateTip: new best=3ce69b07c084183fecbe3f110aceb20b56a703581576d542951190bf5046248d height=830 version=0x20000000 log2_work=10.698705 tx=1852 date='2025-10-30T17:50:55Z' progress=1.000000 cache=0.3MiB(1953txo)
2025-10-30T17:54:00Z UpdateTip: new best=62c66330765704d38ebe2e4355ec3829c2506baf5563a2becca6b3bf998a3ea5 height=831 version=0x20000000 log2_work=10.700440 tx=1853 date='2025-10-30T17:51:01Z' progress=1.000000 cache=0.3MiB(1954txo)
2025-10-30T17:54:00Z UpdateTip: new best=185c7f437334372558e62eb10e6cec389615f0c4fbd9c61de9efed260d87eeae height=832 version=0x20000000 log2_work=10.702173 tx=1882 date='2025-10-30T17:51:06Z' progress=1.000000 cache=0.3MiB(1984txo)
2025-10-30T17:54:00Z UpdateTip: new best=45fe167e54b8ba0dc331204e16adddbd4d5af6aaa5c78bdb1c133dfbb51b2f01 height=833 version=0x20000000 log2_work=10.703904 tx=1883 date='2025-10-30T17:51:11Z' progress=1.000000 cache=0.3MiB(1985txo)
2025-10-30T17:54:00Z UpdateTip: new best=0777f3f7e7459b79ffc2599a81787ecae58ecbe36bbb0d449e0f95e7a39b4e85 height=834 version=0x20000000 log2_work=10.705632 tx=1911 date='2025-10-30T17:51:17Z' progress=1.000000 cache=0.3MiB(2005txo)
2025-10-30T17:54:00Z UpdateTip: new best=642a7d7f422028841ecf6f0ee0a17f2f517d79099da6a4b2964163406074f166 height=835 version=0x20000000 log2_work=10.707359 tx=1912 date='2025-10-30T17:51:22Z' progress=1.000000 cache=0.3MiB(2006txo)
2025-10-30T17:54:00Z UpdateTip: new best=6d815ffcb5017614c1923253aeeba36a59c1380ef9af3ec74437bc48e6ecd60c height=836 version=0x20000000 log2_work=10.709084 tx=1921 date='2025-10-30T17:51:28Z' progress=1.000000 cache=0.3MiB(2012txo)
2025-10-30T17:54:00Z UpdateTip: new best=4d2d90a2ce0d6ab1892ffa4d5d6405c319660ec07971abedfffc0da42006785a height=837 version=0x20000000 log2_work=10.710806 tx=1956 date='2025-10-30T17:51:33Z' progress=1.000000 cache=0.3MiB(2039txo)
2025-10-30T17:54:00Z UpdateTip: new best=4fba62ae0ce20837f2c323c5794df830e14d89e7bdeff806fa905139426353d4 height=838 version=0x20000000 log2_work=10.712527 tx=1957 date='2025-10-30T17:51:39Z' progress=1.000000 cache=0.3MiB(2040txo)
2025-10-30T17:54:00Z UpdateTip: new best=507d8932ae916a7985ac27744a8d96cba60ff2cd3f8f572fa0ac0db66b78c0db height=839 version=0x20000000 log2_work=10.714246 tx=1986 date='2025-10-30T17:51:44Z' progress=1.000000 cache=0.3MiB(2066txo)
2025-10-30T17:54:00Z UpdateTip: new best=65462da4406a8674631342dd2d6037eeb0ec8a0bee2463bf2294f577f874dfa0 height=840 version=0x20000000 log2_work=10.715962 tx=2001 date='2025-10-30T17:51:49Z' progress=1.000000 cache=0.3MiB(2075txo)
2025-10-30T17:54:00Z UpdateTip: new best=4d16b815128610d787b9997be2a1c8f17a37b08d9d6a3f7824c067bccbb2a119 height=841 version=0x20000000 log2_work=10.717676 tx=2002 date='2025-10-30T17:51:54Z' progress=1.000000 cache=0.3MiB(2076txo)
2025-10-30T17:54:00Z UpdateTip: new best=60379bf2f6222e832ffb9451b76fe508711ba98255702fe6ce7af9f74dcacc6a height=842 version=0x20000000 log2_work=10.719389 tx=2031 date='2025-10-30T17:52:00Z' progress=1.000000 cache=0.3MiB(2098txo)
2025-10-30T17:54:00Z UpdateTip: new best=3cec017bdb886e044e61bcbff34befa25e3bc2c9eb96ec6b4d946d17372fe702 height=843 version=0x20000000 log2_work=10.721099 tx=2046 date='2025-10-30T17:52:05Z' progress=1.000000 cache=0.3MiB(2110txo)
2025-10-30T17:54:00Z UpdateTip: new best=5bad02cdd0d0a9984fd15a10848ba0415dffffe06bcabbc3b05b4e080ac929a4 height=844 version=0x20000000 log2_work=10.722808 tx=2061 date='2025-10-30T17:52:10Z' progress=1.000000 cache=0.3MiB(2120txo)
2025-10-30T17:54:00Z UpdateTip: new best=4ac2bf9e1cf63813b43f701241fa2d265ca8b75bae571e0b2945baab56cb4bca height=845 version=0x20000000 log2_work=10.724514 tx=2077 date='2025-10-30T17:52:16Z' progress=1.000000 cache=0.3MiB(2126txo)
2025-10-30T17:54:00Z UpdateTip: new best=36f6904093f8c5b04f551eae1611d4218a96b1708cbd6531b856b2b996cd6dd3 height=846 version=0x20000000 log2_work=10.726218 tx=2078 date='2025-10-30T17:52:21Z' progress=1.000000 cache=0.3MiB(2127txo)
2025-10-30T17:54:00Z UpdateTip: new best=0dbe279920b8b6f1bfe9f75a9725830a624d04bde46d2abd448b445e62e483d3 height=847 version=0x20000000 log2_work=10.727920 tx=2079 date='2025-10-30T17:52:26Z' progress=1.000000 cache=0.3MiB(2128txo)
2025-10-30T17:54:00Z UpdateTip: new best=540186f4a3a669050090e7e90af0a271c28250ec1a5092447753c15e350e73e3 height=848 version=0x20000000 log2_work=10.729621 tx=2123 date='2025-10-30T17:52:32Z' progress=1.000000 cache=0.3MiB(2141txo)
2025-10-30T17:54:00Z UpdateTip: new best=79dfd8d598c59becea562e89390bb5c4c09dd3dfb8e0a36706c41586b8999d44 height=849 version=0x20000000 log2_work=10.731319 tx=2138 date='2025-10-30T17:52:37Z' progress=1.000000 cache=0.3MiB(2151txo)
2025-10-30T17:54:00Z UpdateTip: new best=7b71fca9d62aad06ec8dd4dca60a037a305a50ecae7743f1cf58792605300919 height=850 version=0x20000000 log2_work=10.733015 tx=2153 date='2025-10-30T17:52:43Z' progress=1.000000 cache=0.3MiB(2156txo)
2025-10-30T17:54:00Z UpdateTip: new best=166fbe2a9e1d92425443c1a9f5ec0c4b1dd0fede3a66081026e5e9070bcad2f1 height=851 version=0x20000000 log2_work=10.734710 tx=2168 date='2025-10-30T17:52:48Z' progress=1.000000 cache=0.3MiB(2165txo)
2025-10-30T17:54:00Z UpdateTip: new best=2e731bd04d2bc6921dfe98e38d67333d468a48e40d382c623fd1f9669da5a876 height=852 version=0x20000000 log2_work=10.736402 tx=2183 date='2025-10-30T17:52:54Z' progress=1.000000 cache=0.3MiB(2174txo)
2025-10-30T17:54:00Z UpdateTip: new best=41465672dbbfee3f0a36d9ee238f8aacaac6312af926a84049f59eeeced062ca height=853 version=0x20000000 log2_work=10.738092 tx=2184 date='2025-10-30T17:52:59Z' progress=1.000000 cache=0.3MiB(2175txo)
2025-10-30T17:54:00Z UpdateTip: new best=2c438dfa9bdb6f95a627f805f0668aff9834442228221dd3ca4c979ec4ab9bab height=854 version=0x20000000 log2_work=10.739781 tx=2200 date='2025-10-30T17:53:05Z' progress=1.000000 cache=0.3MiB(2194txo)
2025-10-30T17:54:00Z UpdateTip: new best=19b59d502ccf228ffdde6539a163168786e7095d95c5d03e8b37cd9cf4237a4a height=855 version=0x20000000 log2_work=10.741467 tx=2228 date='2025-10-30T17:53:10Z' progress=1.000000 cache=0.3MiB(2214txo)
2025-10-30T17:54:00Z UpdateTip: new best=135e027beb1321e8199abab91b4ca044babc48a7bad9d47175955923581bb3db height=856 version=0x20000000 log2_work=10.743151 tx=2229 date='2025-10-30T17:53:15Z' progress=1.000000 cache=0.3MiB(2215txo)
2025-10-30T17:54:00Z UpdateTip: new best=2bf65ae7afe5155e71392e1da63af75e720f5bfa21ecd930e3c63943086f62cd height=857 version=0x20000000 log2_work=10.744834 tx=2257 date='2025-10-30T17:53:21Z' progress=1.000000 cache=0.3MiB(2234txo)
2025-10-30T17:54:00Z UpdateTip: new best=305c37032a3f67b41accc7ca8ef7d1589fa93bd186b02cbdd9c3d6f9998c0491 height=858 version=0x20000000 log2_work=10.746514 tx=2272 date='2025-10-30T17:53:26Z' progress=1.000000 cache=0.3MiB(2246txo)
2025-10-30T17:54:00Z UpdateTip: new best=64d695408769bb4586a50eea9828d05f6cf4f135da3c1b7bedc68401ad53a89d height=859 version=0x20000000 log2_work=10.748193 tx=2287 date='2025-10-30T17:53:32Z' progress=1.000000 cache=0.3MiB(2246txo)
2025-10-30T17:54:00Z UpdateTip: new best=0049ac47e457cc9e7d2ec46917c7f6244cd49f33488dd697e9c8af445b0a8811 height=860 version=0x20000000 log2_work=10.749869 tx=2302 date='2025-10-30T17:53:37Z' progress=1.000000 cache=0.3MiB(2258txo)
2025-10-30T17:54:00Z UpdateTip: new best=1abc24fa40f01b1f99e65fead550bff9876b0273a7bae53fc3684c2923c9c902 height=861 version=0x20000000 log2_work=10.751544 tx=2317 date='2025-10-30T17:53:43Z' progress=1.000000 cache=0.3MiB(2267txo)
2025-10-30T17:54:00Z UpdateTip: new best=3f4297ce77b37364c5dc4feb09712ba95b6949c77fca3bcfde190c2e9547784d height=862 version=0x20000000 log2_work=10.753217 tx=2318 date='2025-10-30T17:53:48Z' progress=1.000000 cache=0.3MiB(2268txo)
2025-10-30T17:54:00Z UpdateTip: new best=5a8e0015f54c0982fdb20e56496e89e5ae9152b4239b80080fbdec13ece78feb height=863 version=0x20000000 log2_work=10.754888 tx=2346 date='2025-10-30T17:53:54Z' progress=1.000000 cache=0.3MiB(2284txo)
2025-10-30T17:54:00Z UpdateTip: new best=135d010804ebd84ab34d519de173cd21f43517cbaa9f9b203e42c7dc78976289 height=864 version=0x20000000 log2_work=10.756556 tx=2347 date='2025-10-30T17:53:59Z' progress=1.000000 cache=0.3MiB(2285txo)
2025-10-30T17:54:05Z Saw new header hash=459f48b975a5fb8ea622e4529f96985536c1d3e70260bde667350bc4454e966b height=865
2025-10-30T17:54:05Z Saw new cmpctblock header hash=459f48b975a5fb8ea622e4529f96985536c1d3e70260bde667350bc4454e966b peer=1
2025-10-30T17:54:05Z UpdateTip: new best=459f48b975a5fb8ea622e4529f96985536c1d3e70260bde667350bc4454e966b height=865 version=0x20000000 log2_work=10.758223 tx=2348 date='2025-10-30T17:54:05Z' progress=1.000000 cache=0.3MiB(2286txo)
2025-10-30T17:54:11Z Saw new header hash=4cdc0963a284e13dcaeff60f3424245a5a73469c8d0674f6dcf827734f58bae4 height=866
2025-10-30T17:54:11Z Saw new cmpctblock header hash=4cdc0963a284e13dcaeff60f3424245a5a73469c8d0674f6dcf827734f58bae4 peer=1
2025-10-30T17:54:11Z UpdateTip: new best=4cdc0963a284e13dcaeff60f3424245a5a73469c8d0674f6dcf827734f58bae4 height=866 version=0x20000000 log2_work=10.759888 tx=2391 date='2025-10-30T17:54:10Z' progress=1.000000 cache=0.3MiB(2312txo)
2025-10-30T17:54:16Z Saw new header hash=15216dc5246b996902b0b519b7736ad52d19abe61b00bb2e59311459762176a8 height=867
2025-10-30T17:54:16Z Saw new cmpctblock header hash=15216dc5246b996902b0b519b7736ad52d19abe61b00bb2e59311459762176a8 peer=1
2025-10-30T17:54:16Z UpdateTip: new best=15216dc5246b996902b0b519b7736ad52d19abe61b00bb2e59311459762176a8 height=867 version=0x20000000 log2_work=10.761551 tx=2406 date='2025-10-30T17:54:16Z' progress=1.000000 cache=0.3MiB(2316txo)
2025-10-30T17:54:22Z Saw new header hash=03b118be4713883f6231c2d7922cbc3abea57f40a184b676d521cb7e61100983 height=868
2025-10-30T17:54:22Z Saw new cmpctblock header hash=03b118be4713883f6231c2d7922cbc3abea57f40a184b676d521cb7e61100983 peer=1
2025-10-30T17:54:22Z UpdateTip: new best=03b118be4713883f6231c2d7922cbc3abea57f40a184b676d521cb7e61100983 height=868 version=0x20000000 log2_work=10.763212 tx=2421 date='2025-10-30T17:54:21Z' progress=1.000000 cache=0.3MiB(2323txo)
2025-10-30T17:54:27Z Saw new header hash=33f418427ecf2c2c265b15ef2f7141b0f3246d1fbd182e01b2d76d2e8f6296c4 height=869
2025-10-30T17:54:27Z Saw new cmpctblock header hash=33f418427ecf2c2c265b15ef2f7141b0f3246d1fbd182e01b2d76d2e8f6296c4 peer=1
2025-10-30T17:54:27Z UpdateTip: new best=33f418427ecf2c2c265b15ef2f7141b0f3246d1fbd182e01b2d76d2e8f6296c4 height=869 version=0x20000000 log2_work=10.764872 tx=2435 date='2025-10-30T17:54:26Z' progress=1.000000 cache=0.3MiB(2335txo)
2025-10-30T17:54:32Z Saw new header hash=60c9aa6ae8d97e0deb4155aaeb95fcfe4a449414fe18313bfc3e8276236bcdfb height=870
2025-10-30T17:54:32Z Saw new cmpctblock header hash=60c9aa6ae8d97e0deb4155aaeb95fcfe4a449414fe18313bfc3e8276236bcdfb peer=1
2025-10-30T17:54:33Z UpdateTip: new best=60c9aa6ae8d97e0deb4155aaeb95fcfe4a449414fe18313bfc3e8276236bcdfb height=870 version=0x20000000 log2_work=10.766529 tx=2450 date='2025-10-30T17:54:32Z' progress=1.000000 cache=0.3MiB(2350txo)
2025-10-30T17:54:38Z Saw new header hash=47967563a8e5ec734506650079476f8227a8d0ad40cdb1cc09a0d2c3a67bfbf9 height=871
2025-10-30T17:54:38Z Saw new cmpctblock header hash=47967563a8e5ec734506650079476f8227a8d0ad40cdb1cc09a0d2c3a67bfbf9 peer=1
2025-10-30T17:54:38Z UpdateTip: new best=47967563a8e5ec734506650079476f8227a8d0ad40cdb1cc09a0d2c3a67bfbf9 height=871 version=0x20000000 log2_work=10.768184 tx=2451 date='2025-10-30T17:54:37Z' progress=1.000000 cache=0.3MiB(2351txo)
2025-10-30T17:54:43Z Saw new header hash=6bd6b197ef85536131f670003520d5a7915a9fdf50e308b1c14edd67a5ee6c4a height=872
2025-10-30T17:54:43Z Saw new cmpctblock header hash=6bd6b197ef85536131f670003520d5a7915a9fdf50e308b1c14edd67a5ee6c4a peer=1
2025-10-30T17:54:43Z UpdateTip: new best=6bd6b197ef85536131f670003520d5a7915a9fdf50e308b1c14edd67a5ee6c4a height=872 version=0x20000000 log2_work=10.769838 tx=2452 date='2025-10-30T17:54:43Z' progress=1.000000 cache=0.3MiB(2352txo)
2025-10-30T17:54:49Z Saw new header hash=5fcdcffd3e3b587480db40ab199bbf44fae1fe36a6565101b10cc8da9f8d23d4 height=873
2025-10-30T17:54:49Z Saw new cmpctblock header hash=5fcdcffd3e3b587480db40ab199bbf44fae1fe36a6565101b10cc8da9f8d23d4 peer=1
2025-10-30T17:54:49Z UpdateTip: new best=5fcdcffd3e3b587480db40ab199bbf44fae1fe36a6565101b10cc8da9f8d23d4 height=873 version=0x20000000 log2_work=10.771489 tx=2495 date='2025-10-30T17:54:49Z' progress=1.000000 cache=0.3MiB(2378txo)
2025-10-30T17:54:54Z Saw new header hash=173d0d78dc17f3d024ad232c038ddc73697d10f57157cd8402d7bdef8158612a height=874
2025-10-30T17:54:54Z Saw new cmpctblock header hash=173d0d78dc17f3d024ad232c038ddc73697d10f57157cd8402d7bdef8158612a peer=1
2025-10-30T17:54:54Z UpdateTip: new best=173d0d78dc17f3d024ad232c038ddc73697d10f57157cd8402d7bdef8158612a height=874 version=0x20000000 log2_work=10.773139 tx=2496 date='2025-10-30T17:54:54Z' progress=1.000000 cache=0.3MiB(2379txo)
2025-10-30T17:55:00Z Saw new header hash=2d7641eae3b03d93a21e6a6abac62f075982aba566e1dbf10c8df4ddb25945ab height=875
2025-10-30T17:55:00Z Saw new cmpctblock header hash=2d7641eae3b03d93a21e6a6abac62f075982aba566e1dbf10c8df4ddb25945ab peer=1
2025-10-30T17:55:00Z UpdateTip: new best=2d7641eae3b03d93a21e6a6abac62f075982aba566e1dbf10c8df4ddb25945ab height=875 version=0x20000000 log2_work=10.774787 tx=2525 date='2025-10-30T17:55:00Z' progress=1.000000 cache=0.3MiB(2393txo)
2025-10-30T17:55:05Z Saw new header hash=1fb781cb3ab4123d019a78fb6447e117d0517ce74e7fe3abe89537794397d4ab height=876
2025-10-30T17:55:05Z Saw new cmpctblock header hash=1fb781cb3ab4123d019a78fb6447e117d0517ce74e7fe3abe89537794397d4ab peer=1
2025-10-30T17:55:05Z UpdateTip: new best=1fb781cb3ab4123d019a78fb6447e117d0517ce74e7fe3abe89537794397d4ab height=876 version=0x20000000 log2_work=10.776433 tx=2526 date='2025-10-30T17:55:05Z' progress=1.000000 cache=0.3MiB(2394txo)
2025-10-30T17:55:11Z Saw new header hash=0397a04afaf87cb36ac1b4760dd7396fce393ea0f95dc13cc7353a5b6bde9e22 height=877
2025-10-30T17:55:11Z Saw new cmpctblock header hash=0397a04afaf87cb36ac1b4760dd7396fce393ea0f95dc13cc7353a5b6bde9e22 peer=1
2025-10-30T17:55:11Z UpdateTip: new best=0397a04afaf87cb36ac1b4760dd7396fce393ea0f95dc13cc7353a5b6bde9e22 height=877 version=0x20000000 log2_work=10.778077 tx=2527 date='2025-10-30T17:55:11Z' progress=1.000000 cache=0.3MiB(2395txo)
2025-10-30T17:55:16Z Saw new header hash=4b071d6a58fc7d827227ac87afb07bd878ebe6f44d4357b982d0218588d97ae6 height=878
2025-10-30T17:55:16Z Saw new cmpctblock header hash=4b071d6a58fc7d827227ac87afb07bd878ebe6f44d4357b982d0218588d97ae6 peer=1
2025-10-30T17:55:16Z UpdateTip: new best=4b071d6a58fc7d827227ac87afb07bd878ebe6f44d4357b982d0218588d97ae6 height=878 version=0x20000000 log2_work=10.779719 tx=2541 date='2025-10-30T17:55:16Z' progress=1.000000 cache=0.3MiB(2407txo)
2025-10-30T17:55:22Z Saw new header hash=03e111f9353ed112aa4a0254a6c22fa7df2448e947048f44ebcd871a6d9d2f54 height=879
2025-10-30T17:55:22Z Saw new cmpctblock header hash=03e111f9353ed112aa4a0254a6c22fa7df2448e947048f44ebcd871a6d9d2f54 peer=1
2025-10-30T17:55:22Z UpdateTip: new best=03e111f9353ed112aa4a0254a6c22fa7df2448e947048f44ebcd871a6d9d2f54 height=879 version=0x20000000 log2_work=10.781360 tx=2563 date='2025-10-30T17:55:22Z' progress=1.000000 cache=0.3MiB(2425txo)
2025-10-30T17:55:27Z Saw new header hash=783eac753f83f450624e648cc8bb2e647b50acc8adb6a2973ccfcde526233221 height=880
2025-10-30T17:55:27Z Saw new cmpctblock header hash=783eac753f83f450624e648cc8bb2e647b50acc8adb6a2973ccfcde526233221 peer=1
2025-10-30T17:55:27Z UpdateTip: new best=783eac753f83f450624e648cc8bb2e647b50acc8adb6a2973ccfcde526233221 height=880 version=0x20000000 log2_work=10.782998 tx=2576 date='2025-10-30T17:55:27Z' progress=1.000000 cache=0.3MiB(2437txo)
2025-10-30T17:55:33Z Saw new header hash=1221cbb851211b1c6b44c4c3f1a1f87c5ab65b23b3758a0ac8652458ce7e19f6 height=881
2025-10-30T17:55:33Z Saw new cmpctblock header hash=1221cbb851211b1c6b44c4c3f1a1f87c5ab65b23b3758a0ac8652458ce7e19f6 peer=1
2025-10-30T17:55:33Z UpdateTip: new best=1221cbb851211b1c6b44c4c3f1a1f87c5ab65b23b3758a0ac8652458ce7e19f6 height=881 version=0x20000000 log2_work=10.784635 tx=2588 date='2025-10-30T17:55:32Z' progress=1.000000 cache=0.3MiB(2436txo)
2025-10-30T17:55:38Z Saw new header hash=31499d52107d1a73537dd49d868b7e18dad2f8bd926226915fe0840c332b0224 height=882
2025-10-30T17:55:38Z Saw new cmpctblock header hash=31499d52107d1a73537dd49d868b7e18dad2f8bd926226915fe0840c332b0224 peer=1
2025-10-30T17:55:38Z UpdateTip: new best=31499d52107d1a73537dd49d868b7e18dad2f8bd926226915fe0840c332b0224 height=882 version=0x20000000 log2_work=10.786270 tx=2589 date='2025-10-30T17:55:38Z' progress=1.000000 cache=0.3MiB(2437txo)
2025-10-30T17:55:44Z Saw new header hash=1cd611b3592464adf801e772b28f1f43b14e97957b85fbc6c540a93a0c2a7d30 height=883
2025-10-30T17:55:44Z Saw new cmpctblock header hash=1cd611b3592464adf801e772b28f1f43b14e97957b85fbc6c540a93a0c2a7d30 peer=1
2025-10-30T17:55:44Z UpdateTip: new best=1cd611b3592464adf801e772b28f1f43b14e97957b85fbc6c540a93a0c2a7d30 height=883 version=0x20000000 log2_work=10.787903 tx=2615 date='2025-10-30T17:55:44Z' progress=1.000000 cache=0.3MiB(2450txo)
2025-10-30T17:55:49Z Saw new header hash=1becd5391a8cffed8f8b9ec05d541ea26f52c19aafcc2642f47bc9dd249c5834 height=884
2025-10-30T17:55:49Z Saw new cmpctblock header hash=1becd5391a8cffed8f8b9ec05d541ea26f52c19aafcc2642f47bc9dd249c5834 peer=1
2025-10-30T17:55:49Z UpdateTip: new best=1becd5391a8cffed8f8b9ec05d541ea26f52c19aafcc2642f47bc9dd249c5834 height=884 version=0x20000000 log2_work=10.789534 tx=2639 date='2025-10-30T17:55:49Z' progress=1.000000 cache=0.3MiB(2471txo)
2025-10-30T17:55:55Z Saw new header hash=00f99110f137b400492e76f1e0d0d9896ea372b077b02a548a3e734ad9e1d042 height=885
2025-10-30T17:55:55Z Saw new cmpctblock header hash=00f99110f137b400492e76f1e0d0d9896ea372b077b02a548a3e734ad9e1d042 peer=1
2025-10-30T17:55:55Z UpdateTip: new best=00f99110f137b400492e76f1e0d0d9896ea372b077b02a548a3e734ad9e1d042 height=885 version=0x20000000 log2_work=10.791163 tx=2660 date='2025-10-30T17:55:54Z' progress=1.000000 cache=0.3MiB(2486txo)
2025-10-30T17:56:00Z Saw new header hash=792acb94177eacdcf660e5e6517b1ad48ff181d3f377c8a2d76db3da2b47fc83 height=886
2025-10-30T17:56:00Z Saw new cmpctblock header hash=792acb94177eacdcf660e5e6517b1ad48ff181d3f377c8a2d76db3da2b47fc83 peer=1
2025-10-30T17:56:00Z UpdateTip: new best=792acb94177eacdcf660e5e6517b1ad48ff181d3f377c8a2d76db3da2b47fc83 height=886 version=0x20000000 log2_work=10.792790 tx=2671 date='2025-10-30T17:56:00Z' progress=1.000000 cache=0.3MiB(2493txo)
2025-10-30T17:56:06Z Saw new header hash=6734bf32c05b54da5ab2a8fda767dad01be1d24c5f4d28adc8d421b92b52b44e height=887
2025-10-30T17:56:06Z Saw new cmpctblock header hash=6734bf32c05b54da5ab2a8fda767dad01be1d24c5f4d28adc8d421b92b52b44e peer=1
2025-10-30T17:56:06Z UpdateTip: new best=6734bf32c05b54da5ab2a8fda767dad01be1d24c5f4d28adc8d421b92b52b44e height=887 version=0x20000000 log2_work=10.794416 tx=2673 date='2025-10-30T17:56:05Z' progress=1.000000 cache=0.3MiB(2496txo)
2025-10-30T17:56:11Z Saw new header hash=750fd434210cef0a5f71fe29b8a1e3b88bf5c9cf98c2f3f6f85100ac3221b6bd height=888
2025-10-30T17:56:11Z Saw new cmpctblock header hash=750fd434210cef0a5f71fe29b8a1e3b88bf5c9cf98c2f3f6f85100ac3221b6bd peer=1
2025-10-30T17:56:11Z UpdateTip: new best=750fd434210cef0a5f71fe29b8a1e3b88bf5c9cf98c2f3f6f85100ac3221b6bd height=888 version=0x20000000 log2_work=10.796040 tx=2704 date='2025-10-30T17:56:11Z' progress=1.000000 cache=0.3MiB(2502txo)
2025-10-30T17:56:17Z Saw new header hash=2d389fea7248547508ef13ca5ffb9b56e7aa1a580604b5ed194d36b34a5fcea9 height=889
2025-10-30T17:56:17Z Saw new cmpctblock header hash=2d389fea7248547508ef13ca5ffb9b56e7aa1a580604b5ed194d36b34a5fcea9 peer=1
2025-10-30T17:56:17Z UpdateTip: new best=2d389fea7248547508ef13ca5ffb9b56e7aa1a580604b5ed194d36b34a5fcea9 height=889 version=0x20000000 log2_work=10.797662 tx=2731 date='2025-10-30T17:56:16Z' progress=1.000000 cache=0.5MiB(2527txo)
2025-10-30T17:56:22Z Saw new header hash=137d80ec6a2fa7b81a134313707d49d1891411d519e346b8665747054bc74e5d height=890
2025-10-30T17:56:22Z Saw new cmpctblock header hash=137d80ec6a2fa7b81a134313707d49d1891411d519e346b8665747054bc74e5d peer=1
2025-10-30T17:56:22Z UpdateTip: new best=137d80ec6a2fa7b81a134313707d49d1891411d519e346b8665747054bc74e5d height=890 version=0x20000000 log2_work=10.799282 tx=2745 date='2025-10-30T17:56:21Z' progress=1.000000 cache=0.5MiB(2538txo)
2025-10-30T17:56:27Z Saw new header hash=5bf7540a01c28650b64b3cc532a7cd59dc6142cb785f638117f9eb4c3677aea2 height=891
2025-10-30T17:56:27Z Saw new cmpctblock header hash=5bf7540a01c28650b64b3cc532a7cd59dc6142cb785f638117f9eb4c3677aea2 peer=1
2025-10-30T17:56:27Z UpdateTip: new best=5bf7540a01c28650b64b3cc532a7cd59dc6142cb785f638117f9eb4c3677aea2 height=891 version=0x20000000 log2_work=10.800900 tx=2746 date='2025-10-30T17:56:27Z' progress=1.000000 cache=0.5MiB(2539txo)
2025-10-30T17:56:32Z Saw new header hash=718fd8a9f72bc708ea7f66823c102eb6de0ad54db501ecf12375da793e8f05a9 height=892
2025-10-30T17:56:32Z Saw new cmpctblock header hash=718fd8a9f72bc708ea7f66823c102eb6de0ad54db501ecf12375da793e8f05a9 peer=1
2025-10-30T17:56:32Z UpdateTip: new best=718fd8a9f72bc708ea7f66823c102eb6de0ad54db501ecf12375da793e8f05a9 height=892 version=0x20000000 log2_work=10.802516 tx=2747 date='2025-10-30T17:56:32Z' progress=1.000000 cache=0.5MiB(2540txo)
2025-10-30T17:56:38Z Saw new header hash=08acab0b237064ed1ee8b5a0398ddc1f87bef056859e5faaf48dbaf811498a23 height=893
2025-10-30T17:56:38Z Saw new cmpctblock header hash=08acab0b237064ed1ee8b5a0398ddc1f87bef056859e5faaf48dbaf811498a23 peer=1
2025-10-30T17:56:38Z UpdateTip: new best=08acab0b237064ed1ee8b5a0398ddc1f87bef056859e5faaf48dbaf811498a23 height=893 version=0x20000000 log2_work=10.804131 tx=2787 date='2025-10-30T17:56:37Z' progress=1.000000 cache=0.5MiB(2562txo)
2025-10-30T17:56:43Z Saw new header hash=463698bcedd4ac911b15f415f5a081ce31f629bb02a11a81e3ea25f83558ae86 height=894
2025-10-30T17:56:43Z Saw new cmpctblock header hash=463698bcedd4ac911b15f415f5a081ce31f629bb02a11a81e3ea25f83558ae86 peer=1
2025-10-30T17:56:43Z UpdateTip: new best=463698bcedd4ac911b15f415f5a081ce31f629bb02a11a81e3ea25f83558ae86 height=894 version=0x20000000 log2_work=10.805744 tx=2788 date='2025-10-30T17:56:43Z' progress=1.000000 cache=0.5MiB(2563txo)
2025-10-30T17:56:48Z Saw new header hash=4bccf787ea5e49bfe11a877a6e5bb06c6e01713a220d4e697daca25537af3a79 height=895
2025-10-30T17:56:48Z Saw new cmpctblock header hash=4bccf787ea5e49bfe11a877a6e5bb06c6e01713a220d4e697daca25537af3a79 peer=1
2025-10-30T17:56:48Z UpdateTip: new best=4bccf787ea5e49bfe11a877a6e5bb06c6e01713a220d4e697daca25537af3a79 height=895 version=0x20000000 log2_work=10.807355 tx=2789 date='2025-10-30T17:56:48Z' progress=1.000000 cache=0.5MiB(2564txo)
2025-10-30T17:56:54Z Saw new header hash=30dd9c53dea0b263d7456aa3a42cd28658c3b2451211bc3d204b3eec1d0a889d height=896
2025-10-30T17:56:54Z Saw new cmpctblock header hash=30dd9c53dea0b263d7456aa3a42cd28658c3b2451211bc3d204b3eec1d0a889d peer=1
2025-10-30T17:56:54Z UpdateTip: new best=30dd9c53dea0b263d7456aa3a42cd28658c3b2451211bc3d204b3eec1d0a889d height=896 version=0x20000000 log2_work=10.808964 tx=2830 date='2025-10-30T17:56:53Z' progress=1.000000 cache=0.5MiB(2587txo)
2025-10-30T17:56:59Z Saw new header hash=3d3cbc07b7a120619bcd93422d705399ab8f33e523ff04ce5915cf50be9bb223 height=897
2025-10-30T17:56:59Z Saw new cmpctblock header hash=3d3cbc07b7a120619bcd93422d705399ab8f33e523ff04ce5915cf50be9bb223 peer=1
2025-10-30T17:56:59Z UpdateTip: new best=3d3cbc07b7a120619bcd93422d705399ab8f33e523ff04ce5915cf50be9bb223 height=897 version=0x20000000 log2_work=10.810572 tx=2831 date='2025-10-30T17:56:59Z' progress=1.000000 cache=0.5MiB(2588txo)
2025-10-30T17:57:05Z Saw new header hash=5ef63d5dd56df06e9eb38c466ac1a1185d22940ad3ce851e476950a286f7845c height=898
2025-10-30T17:57:05Z Saw new cmpctblock header hash=5ef63d5dd56df06e9eb38c466ac1a1185d22940ad3ce851e476950a286f7845c peer=1
2025-10-30T17:57:05Z UpdateTip: new best=5ef63d5dd56df06e9eb38c466ac1a1185d22940ad3ce851e476950a286f7845c height=898 version=0x20000000 log2_work=10.812177 tx=2860 date='2025-10-30T17:57:04Z' progress=1.000000 cache=0.5MiB(2607txo)
2025-10-30T17:57:10Z Saw new header hash=1d965ac9074ec99faae32c4b832d15427196de96b5d39d68d5f633ab989c5a3a height=899
2025-10-30T17:57:10Z Saw new cmpctblock header hash=1d965ac9074ec99faae32c4b832d15427196de96b5d39d68d5f633ab989c5a3a peer=1
2025-10-30T17:57:10Z UpdateTip: new best=1d965ac9074ec99faae32c4b832d15427196de96b5d39d68d5f633ab989c5a3a height=899 version=0x20000000 log2_work=10.813781 tx=2861 date='2025-10-30T17:57:10Z' progress=1.000000 cache=0.5MiB(2608txo)
2025-10-30T17:57:15Z Saw new header hash=233bafffe1f1dc75bcb202aa74ebf069bc691867e4ace7afc242c8dec5156d70 height=900
2025-10-30T17:57:15Z Saw new cmpctblock header hash=233bafffe1f1dc75bcb202aa74ebf069bc691867e4ace7afc242c8dec5156d70 peer=1
2025-10-30T17:57:15Z UpdateTip: new best=233bafffe1f1dc75bcb202aa74ebf069bc691867e4ace7afc242c8dec5156d70 height=900 version=0x20000000 log2_work=10.815383 tx=2862 date='2025-10-30T17:57:15Z' progress=1.000000 cache=0.5MiB(2609txo)
2025-10-30T17:57:20Z Saw new header hash=7ef2545b95f3a6050df166111ec99e13a4761581dad2fe0d4a75327e6636842c height=901
2025-10-30T17:57:20Z Saw new cmpctblock header hash=7ef2545b95f3a6050df166111ec99e13a4761581dad2fe0d4a75327e6636842c peer=1
2025-10-30T17:57:20Z UpdateTip: new best=7ef2545b95f3a6050df166111ec99e13a4761581dad2fe0d4a75327e6636842c height=901 version=0x20000000 log2_work=10.816984 tx=2863 date='2025-10-30T17:57:20Z' progress=1.000000 cache=0.5MiB(2610txo)
2025-10-30T17:57:26Z Saw new header hash=4ec8a9475a631aa995e476d58098945c660205313cf5bd6aa1aa51bd888bf796 height=902
2025-10-30T17:57:26Z Saw new cmpctblock header hash=4ec8a9475a631aa995e476d58098945c660205313cf5bd6aa1aa51bd888bf796 peer=1
2025-10-30T17:57:26Z UpdateTip: new best=4ec8a9475a631aa995e476d58098945c660205313cf5bd6aa1aa51bd888bf796 height=902 version=0x20000000 log2_work=10.818582 tx=2884 date='2025-10-30T17:57:26Z' progress=1.000000 cache=0.5MiB(2623txo)
2025-10-30T17:57:32Z Saw new header hash=4ee69f317b425f15318af597b5576f876b9cfc8e82b446019d3b208d241f30be height=903
2025-10-30T17:57:32Z Saw new cmpctblock header hash=4ee69f317b425f15318af597b5576f876b9cfc8e82b446019d3b208d241f30be peer=1
2025-10-30T17:57:32Z UpdateTip: new best=4ee69f317b425f15318af597b5576f876b9cfc8e82b446019d3b208d241f30be height=903 version=0x20000000 log2_work=10.820179 tx=2931 date='2025-10-30T17:57:31Z' progress=1.000000 cache=0.5MiB(2642txo)
2025-10-30T17:57:37Z Saw new header hash=12f0fa0c7c409c2cbf48adbf3d581241da36f03e5bd89b611f6cc6e3ab38c62a height=904
2025-10-30T17:57:37Z Saw new cmpctblock header hash=12f0fa0c7c409c2cbf48adbf3d581241da36f03e5bd89b611f6cc6e3ab38c62a peer=1
2025-10-30T17:57:37Z UpdateTip: new best=12f0fa0c7c409c2cbf48adbf3d581241da36f03e5bd89b611f6cc6e3ab38c62a height=904 version=0x20000000 log2_work=10.821774 tx=2946 date='2025-10-30T17:57:37Z' progress=1.000000 cache=0.5MiB(2650txo)
2025-10-30T17:57:42Z Saw new header hash=46730f4158f0245ff0009c8f2f277a680407b6ba5f65c1c4f976b66b681daded height=905
2025-10-30T17:57:42Z Saw new cmpctblock header hash=46730f4158f0245ff0009c8f2f277a680407b6ba5f65c1c4f976b66b681daded peer=1
2025-10-30T17:57:42Z UpdateTip: new best=46730f4158f0245ff0009c8f2f277a680407b6ba5f65c1c4f976b66b681daded height=905 version=0x20000000 log2_work=10.823367 tx=2975 date='2025-10-30T17:57:42Z' progress=1.000000 cache=0.5MiB(2658txo)
2025-10-30T17:57:47Z Saw new header hash=1ed0b60680dcf5b8edc673cc184a723859ae0d5ee75a7ddde47c514401501a8a height=906
2025-10-30T17:57:47Z Saw new cmpctblock header hash=1ed0b60680dcf5b8edc673cc184a723859ae0d5ee75a7ddde47c514401501a8a peer=1
2025-10-30T17:57:47Z UpdateTip: new best=1ed0b60680dcf5b8edc673cc184a723859ae0d5ee75a7ddde47c514401501a8a height=906 version=0x20000000 log2_work=10.824959 tx=3005 date='2025-10-30T17:57:47Z' progress=1.000000 cache=0.5MiB(2672txo)
2025-10-30T17:57:52Z Saw new header hash=6b96414436d0925725be04b4c96a5d38b1786965e2de7fc9316f5c1d979e288d height=907
2025-10-30T17:57:52Z Saw new cmpctblock header hash=6b96414436d0925725be04b4c96a5d38b1786965e2de7fc9316f5c1d979e288d peer=1
2025-10-30T17:57:52Z UpdateTip: new best=6b96414436d0925725be04b4c96a5d38b1786965e2de7fc9316f5c1d979e288d height=907 version=0x20000000 log2_work=10.826548 tx=3035 date='2025-10-30T17:57:52Z' progress=1.000000 cache=0.5MiB(2685txo)
2025-10-30T17:57:57Z Saw new header hash=6edc2fd0ab9f4f7ab815c946d537d82efb710e4193624e38481f991dca8d479d height=908
2025-10-30T17:57:57Z Saw new cmpctblock header hash=6edc2fd0ab9f4f7ab815c946d537d82efb710e4193624e38481f991dca8d479d peer=1
2025-10-30T17:57:57Z UpdateTip: new best=6edc2fd0ab9f4f7ab815c946d537d82efb710e4193624e38481f991dca8d479d height=908 version=0x20000000 log2_work=10.828136 tx=3067 date='2025-10-30T17:57:57Z' progress=1.000000 cache=0.5MiB(2709txo)
2025-10-30T17:58:02Z Saw new header hash=08a42a880bed837f488c88ce1c130c500d670b2e75531dd2102cd260342703d4 height=909
2025-10-30T17:58:02Z Saw new cmpctblock header hash=08a42a880bed837f488c88ce1c130c500d670b2e75531dd2102cd260342703d4 peer=1
2025-10-30T17:58:02Z UpdateTip: new best=08a42a880bed837f488c88ce1c130c500d670b2e75531dd2102cd260342703d4 height=909 version=0x20000000 log2_work=10.829723 tx=3099 date='2025-10-30T17:58:02Z' progress=1.000000 cache=0.5MiB(2725txo)
2025-10-30T17:58:07Z Saw new header hash=7761d179641b9d708451ea3d01f39a0aa21ddf22c3a2edf757115e727b21e6e1 height=910
2025-10-30T17:58:07Z Saw new cmpctblock header hash=7761d179641b9d708451ea3d01f39a0aa21ddf22c3a2edf757115e727b21e6e1 peer=1
2025-10-30T17:58:07Z UpdateTip: new best=7761d179641b9d708451ea3d01f39a0aa21ddf22c3a2edf757115e727b21e6e1 height=910 version=0x20000000 log2_work=10.831307 tx=3100 date='2025-10-30T17:58:07Z' progress=1.000000 cache=0.5MiB(2726txo)
2025-10-30T17:58:12Z Saw new header hash=44bc3fa801e2aea9227b6eca5d28a47d35af96a2db082975735beddd45365b99 height=911
2025-10-30T17:58:12Z Saw new cmpctblock header hash=44bc3fa801e2aea9227b6eca5d28a47d35af96a2db082975735beddd45365b99 peer=1
2025-10-30T17:58:12Z UpdateTip: new best=44bc3fa801e2aea9227b6eca5d28a47d35af96a2db082975735beddd45365b99 height=911 version=0x20000000 log2_work=10.832890 tx=3163 date='2025-10-30T17:58:12Z' progress=1.000000 cache=0.5MiB(2754txo)
2025-10-30T17:58:18Z Saw new header hash=1a45a9cf1a7d86ef3105e8151b4296904953abb3f81543e5f148fbdaf042d8b5 height=912
2025-10-30T17:58:18Z Saw new cmpctblock header hash=1a45a9cf1a7d86ef3105e8151b4296904953abb3f81543e5f148fbdaf042d8b5 peer=1
2025-10-30T17:58:18Z UpdateTip: new best=1a45a9cf1a7d86ef3105e8151b4296904953abb3f81543e5f148fbdaf042d8b5 height=912 version=0x20000000 log2_work=10.834471 tx=3164 date='2025-10-30T17:58:18Z' progress=1.000000 cache=0.5MiB(2755txo)
2025-10-30T17:58:23Z Saw new header hash=6cf60625170bfda6f9603f7eee31d4cf52e43c63ddf932526b4c563a9e225ad0 height=913
2025-10-30T17:58:23Z Saw new cmpctblock header hash=6cf60625170bfda6f9603f7eee31d4cf52e43c63ddf932526b4c563a9e225ad0 peer=1
2025-10-30T17:58:23Z UpdateTip: new best=6cf60625170bfda6f9603f7eee31d4cf52e43c63ddf932526b4c563a9e225ad0 height=913 version=0x20000000 log2_work=10.836050 tx=3168 date='2025-10-30T17:58:23Z' progress=1.000000 cache=0.5MiB(2760txo)
2025-10-30T17:58:28Z Saw new header hash=0e80e1e7a83b9acc55ef275981a197ee2c185ae7e2ec331a9edbf0c8fbb77dde height=914
2025-10-30T17:58:28Z Saw new cmpctblock header hash=0e80e1e7a83b9acc55ef275981a197ee2c185ae7e2ec331a9edbf0c8fbb77dde peer=1
2025-10-30T17:58:28Z UpdateTip: new best=0e80e1e7a83b9acc55ef275981a197ee2c185ae7e2ec331a9edbf0c8fbb77dde height=914 version=0x20000000 log2_work=10.837628 tx=3194 date='2025-10-30T17:58:28Z' progress=1.000000 cache=0.5MiB(2766txo)
2025-10-30T17:58:33Z Saw new header hash=38229521675c0087d362c2efb5dbe38cf66656241eb49751dd9ff6228fc77cd8 height=915
2025-10-30T17:58:33Z Saw new cmpctblock header hash=38229521675c0087d362c2efb5dbe38cf66656241eb49751dd9ff6228fc77cd8 peer=1
2025-10-30T17:58:33Z UpdateTip: new best=38229521675c0087d362c2efb5dbe38cf66656241eb49751dd9ff6228fc77cd8 height=915 version=0x20000000 log2_work=10.839204 tx=3287 date='2025-10-30T17:58:33Z' progress=1.000000 cache=0.5MiB(2801txo)
2025-10-30T17:58:38Z Saw new header hash=2ffe858ccda051851db30a434e4ccc5a857a7ef6f800ee3969f09d5555e0b009 height=916
2025-10-30T17:58:38Z Saw new cmpctblock header hash=2ffe858ccda051851db30a434e4ccc5a857a7ef6f800ee3969f09d5555e0b009 peer=1
2025-10-30T17:58:38Z UpdateTip: new best=2ffe858ccda051851db30a434e4ccc5a857a7ef6f800ee3969f09d5555e0b009 height=916 version=0x20000000 log2_work=10.840778 tx=3318 date='2025-10-30T17:58:38Z' progress=1.000000 cache=0.5MiB(2818txo)
2025-10-30T17:58:43Z Saw new header hash=2d9b2a37537ceb43d258f1dd9a0178e02eb1f5de35168e6469c134d7d6c3132f height=917
2025-10-30T17:58:43Z Saw new cmpctblock header hash=2d9b2a37537ceb43d258f1dd9a0178e02eb1f5de35168e6469c134d7d6c3132f peer=1
2025-10-30T17:58:43Z UpdateTip: new best=2d9b2a37537ceb43d258f1dd9a0178e02eb1f5de35168e6469c134d7d6c3132f height=917 version=0x20000000 log2_work=10.842350 tx=3349 date='2025-10-30T17:58:43Z' progress=1.000000 cache=0.5MiB(2829txo)
2025-10-30T17:58:48Z Saw new header hash=21c8af1de4c40acc6f882c97c4eb44395c61acd7cbde5ad6a300dce825bf1c68 height=918
2025-10-30T17:58:48Z Saw new cmpctblock header hash=21c8af1de4c40acc6f882c97c4eb44395c61acd7cbde5ad6a300dce825bf1c68 peer=1
2025-10-30T17:58:48Z UpdateTip: new best=21c8af1de4c40acc6f882c97c4eb44395c61acd7cbde5ad6a300dce825bf1c68 height=918 version=0x20000000 log2_work=10.843921 tx=3350 date='2025-10-30T17:58:48Z' progress=1.000000 cache=0.5MiB(2830txo)
2025-10-30T17:58:53Z Saw new header hash=6d4db95e0eab47ce31b083e0d6fd0f5767fab2499c0e6cf5f6f02ac12cb787b6 height=919
2025-10-30T17:58:53Z Saw new cmpctblock header hash=6d4db95e0eab47ce31b083e0d6fd0f5767fab2499c0e6cf5f6f02ac12cb787b6 peer=1
2025-10-30T17:58:53Z UpdateTip: new best=6d4db95e0eab47ce31b083e0d6fd0f5767fab2499c0e6cf5f6f02ac12cb787b6 height=919 version=0x20000000 log2_work=10.845490 tx=3410 date='2025-10-30T17:58:53Z' progress=1.000000 cache=0.5MiB(2850txo)
