txid,submit_ts_utc,confirm_ts_utc,confirm_block_height
910a902fa41bd17deee146a1eb1745f661075e045cf6a71f829f6773f5630ebf,2025-11-01T20:12:33.503905+00:00,2025-11-01T20:13:01+00:00,172
0645bebac31c3801b27e01aaf1a7c1a795ecdc94925f581fddc1705829eb5fe7,2025-11-01T20:12:33.637932+00:00,2025-11-01T20:13:01+00:00,172
a1165e8f48bc0f168057109e2f94a511ef45700ac45deca6710c75c04b5d96c6,2025-11-01T20:12:33.773242+00:00,2025-11-01T20:13:01+00:00,172
ba8d886cc229a9f210e92264bfa2911ac16c156474120e4c12641274f6f5b513,2025-11-01T20:12:33.907404+00:00,2025-11-01T20:13:01+00:00,172
10065c6593d2fc1368721406aa0b46fec2e590894fd9293e48748916201b82f0,2025-11-01T20:12:34.044495+00:00,2025-11-01T20:13:01+00:00,172
927a9d4d14eeb09b43493ad7b163faf61cdd09d81cb2ff66ac2613abefc4ab03,2025-11-01T20:12:34.177560+00:00,2025-11-01T20:13:01+00:00,172
a4afb33ef1534fd7ea0abe9aa02d645d109ae853e1413f1e4c50c70a60f2eb95,2025-11-01T20:12:34.313590+00:00,2025-11-01T20:13:01+00:00,172
acbbe1371a88fb49f87d75c8d59be39123e8b966a4c5ed1da391379b74f028b6,2025-11-01T20:12:34.448075+00:00,2025-11-01T20:13:01+00:00,172
b2b4815953a3bd812cf871e9643f23a0b1f32afdaa8e1cef9e985d75f3ee4b73,2025-11-01T20:12:34.585153+00:00,2025-11-01T20:13:01+00:00,172
6daf37846b1a53fe0987639f3c7585dbfbfbe7b9b47e46527496f14bad27787a,2025-11-01T20:12:34.728682+00:00,2025-11-01T20:13:01+00:00,172
08c6f886d7d6337263e87e831c79966eed98fbfd1204f46c66f6a3ab4b39589a,2025-11-01T20:12:34.862873+00:00,2025-11-01T20:13:01+00:00,172
fb69a76af49044448096a4410be9a06e4c9381176ceba63ba50ce154f2e2cfde,2025-11-01T20:12:34.997518+00:00,2025-11-01T20:13:01+00:00,172
e1abe967c28a1102f51c94b6f74965bafb0090a48a76c39b010794e7392676ff,2025-11-01T20:12:35.133187+00:00,2025-11-01T20:13:01+00:00,172
1bb7f0353ecd35c90eb48088c3c20011ecf6e0d019fe46ef5245ce6878dccd2a,2025-11-01T20:12:35.277834+00:00,2025-11-01T20:13:01+00:00,172
1f97ebf3ee91976fdaa0ac0adc58e8a24d9ae6104987d423144af30096972398,2025-11-01T20:12:35.408999+00:00,2025-11-01T20:13:01+00:00,172
6c5524071a33a5568336bc087ff0a4f157336e5beb1eaa67568cc2a8db4fbf4d,2025-11-01T20:12:35.548486+00:00,2025-11-01T20:13:01+00:00,172
65acce441a5fdc2ef53fccb0b51ecae91bd2b7f2c86dcd683bafdaa9dc0b5d8e,2025-11-01T20:12:35.680722+00:00,2025-11-01T20:13:01+00:00,172
6beba3f4cc2e8d665c933006ad5f70ef9ec1cd6a6cd0cd9bdaa65c79875ad88f,2025-11-01T20:12:35.818072+00:00,2025-11-01T20:13:01+00:00,172
c757ae9a6a3f9d3e5f49bba45df4ffb58f82e61c3ccbd3343e7693a2706d6e34,2025-11-01T20:12:35.949328+00:00,2025-11-01T20:13:01+00:00,172
39922a05a9438102c049f44bde969ea88e14ac7644cfb0c24adcafe0244d0fde,2025-11-01T20:12:36.085699+00:00,2025-11-01T20:13:01+00:00,172
5bbba0b33e266e102bb83fd658c05e3c3077d08d83e950d3d1b301b9be93b407,2025-11-01T20:12:36.214489+00:00,2025-11-01T20:13:01+00:00,172
cdee1aeca3c62f9cbf7c3054063a7e3f3ad3942569959d56380f75d2bd06975c,2025-11-01T20:12:36.372049+00:00,2025-11-01T20:13:01+00:00,172
214659565de8e10092a3778c94b46163e4141f8afbb3c188fcfd5185bc883f41,2025-11-01T20:12:36.502140+00:00,2025-11-01T20:13:01+00:00,172
4fb0191f49d151e703f240355d30f9a8f81a16c01f1b1b8d75c3a1e13402e55d,2025-11-01T20:12:36.635638+00:00,2025-11-01T20:13:01+00:00,172
cc1519bbaf39c7f35c7517904e6c5dca814c34e2befc14e7a0cd275c64a172d1,2025-11-01T20:12:36.764513+00:00,2025-11-01T20:13:01+00:00,172
dda49dc4f8d806d57ea6958c6995c76a54db0fc1cc7b549fe4c611b537d6585a,2025-11-01T20:12:36.892691+00:00,2025-11-01T20:13:01+00:00,172
9fd79f619bfc858b628957dfb7b64366f507dbde09a587003d57aeff51767506,2025-11-01T20:12:37.021545+00:00,2025-11-01T20:13:01+00:00,172
fc38e18e988a2f37683399e4ae92dba9245976b6fb1122f5c426eb115045aace,2025-11-01T20:12:37.148721+00:00,2025-11-01T20:13:01+00:00,172
de021a93abe777dae69a78fa9f94358d10c3096abf1300b20f6a604b799334d6,2025-11-01T20:12:37.276508+00:00,2025-11-01T20:13:01+00:00,172
ceee8175245b7681ac81a9c894ab968369e7744cf61466e1aff178f4bc79dab0,2025-11-01T20:12:37.403140+00:00,2025-11-01T20:13:01+00:00,172
e349209b1fdc78c6535de9d515e9b17444d6f4ce91281ed3ce5034624e3e79a3,2025-11-01T20:12:37.542783+00:00,2025-11-01T20:13:01+00:00,172
91a776e9639b55d9cc9d1531b8cfd1b2766edb479814d97212d639f92817e2f4,2025-11-01T20:12:37.672669+00:00,2025-11-01T20:13:01+00:00,172
77b0830c88e496eaf5e2ab7b94dd78879887401613bca0379ab8390ea69d6f54,2025-11-01T20:12:37.801281+00:00,2025-11-01T20:13:01+00:00,172
d7415081d3ef669397f7dc5a7b3d81810461101523337bb1124c5c3c3a705139,2025-11-01T20:12:37.934248+00:00,2025-11-01T20:13:01+00:00,172
d8b8663ec14b151c05a8612a43eaef60e489781acc52756911a31de9871610f0,2025-11-01T20:12:38.059263+00:00,2025-11-01T20:13:01+00:00,172
d90fc74140442f86e2525754192193276e8d8e9a8be267a6b877fd2d1c7ee83b,2025-11-01T20:12:38.197750+00:00,2025-11-01T20:13:01+00:00,172
b63cae36a37287bf70efae0ff385cf9e9c21eb22675cc341f4404947e360fad5,2025-11-01T20:12:38.321719+00:00,2025-11-01T20:13:01+00:00,172
2366d7681a1e93048789ffddba8e646057ffd284a2954c422677fe8ee9bd0ed6,2025-11-01T20:12:38.457083+00:00,2025-11-01T20:13:01+00:00,172
2ad2b3be144f3450834a80a4dc2e067220dc41c367fe0e91f291fd7fd183144e,2025-11-01T20:12:38.583839+00:00,2025-11-01T20:13:01+00:00,172
67e1dac606291943dfe134c7a0db786e8467345dcfa3a7ffa3c4f173e6be6f95,2025-11-01T20:12:38.708339+00:00,2025-11-01T20:13:01+00:00,172
ee2a0bd58d09c7a360da047dace57b16d788cbc55d09cfc88a7ec53081119703,2025-11-01T20:12:38.838512+00:00,2025-11-01T20:13:01+00:00,172
77049c0579e05f73efded5615900edca115d6944f20b765e495d4ae378115071,2025-11-01T20:12:38.965565+00:00,2025-11-01T20:13:01+00:00,172
922740dbbca20dd64060063016d473d8262e1126142066f33dec4639e06d5e61,2025-11-01T20:12:39.089688+00:00,2025-11-01T20:13:01+00:00,172
eb454e85a8482a51e395bbafd3c1e495558c785c6faea71a17ad26e4d32df145,2025-11-01T20:12:39.218608+00:00,2025-11-01T20:13:01+00:00,172
7204d0a2101156b668f33c76a079bd765906892cf9c08b51552612928315c6c9,2025-11-01T20:12:39.341541+00:00,2025-11-01T20:13:01+00:00,172
7c9ab7eff5f55ac43193d3f97d91a0bd6c22eef1e31d408a2292617b34f675d4,2025-11-01T20:12:39.462783+00:00,2025-11-01T20:13:01+00:00,172
8ce1657968ab3dfd0250dd155b6199c217c3ac047a07259ff7d255061aa39ef6,2025-11-01T20:12:39.582939+00:00,2025-11-01T20:13:01+00:00,172
7295da7af9bcbb9dc6f565a9c389c3b2bedd5d144467d0161725920bb24faf1e,2025-11-01T20:12:39.700766+00:00,2025-11-01T20:13:01+00:00,172
73e799b3aa5f5ad1f63805189d76309b85fc634f0c6b019d06c606301cb7a495,2025-11-01T20:12:39.853672+00:00,2025-11-01T20:13:01+00:00,172
0d33521e32a2b8a13682d26247eae70e56f75bc4c393161a662744b8df937dd3,2025-11-01T20:12:39.972712+00:00,2025-11-01T20:13:01+00:00,172
2d7d0ec7fdaa38d6b814491a13c48f7df5a9d3e40603dc79d4a6025b7fd5f6ca,2025-11-01T20:12:40.092220+00:00,2025-11-01T20:13:01+00:00,172
56a8d2a1999ad824a7f584b7e829173f7f8f3b48d1f635cb3a4fa1f40c126cc8,2025-11-01T20:12:40.211004+00:00,2025-11-01T20:13:01+00:00,173
465c2331ecf87908d3cc5cb5f79d3e586703223893053bb6e99e19708b4b551c,2025-11-01T20:12:40.329980+00:00,2025-11-01T20:13:01+00:00,173
ffee4eabefbd5a2d3693793b65795e8e6f8a579d004d235b1e622271ed27a5b1,2025-11-01T20:12:40.449075+00:00,2025-11-01T20:13:01+00:00,173
6d4940509ecb33ee5380b283112253223220580fbf7912a664472ab876f4c5eb,2025-11-01T20:12:40.566733+00:00,2025-11-01T20:13:01+00:00,173
0ff4fb5e7c2337a8b122d8467d90e8a63645d07f5b57cefcfa2b1d72752a2712,2025-11-01T20:12:40.682648+00:00,2025-11-01T20:13:01+00:00,173
5fa795a66010c2784d5932965de6caab0be183b7905dd92d6f0a315875254374,2025-11-01T20:12:40.798505+00:00,2025-11-01T20:13:01+00:00,173
f37d0a49985153cd394f23aeb128329d25b2629bb0e0716e2c781aa62b8d000e,2025-11-01T20:12:40.915994+00:00,2025-11-01T20:13:01+00:00,173
faa57fcb044bc68b8309df948a8f1c281369df71704f2d3e0d7d4976e45c7579,2025-11-01T20:12:41.047219+00:00,2025-11-01T20:13:01+00:00,173
88404b8e17b88d283e2ff5ae7178a4e23195fb37dbd9e4bb0f068ace18e1ce34,2025-11-01T20:12:41.162259+00:00,2025-11-01T20:13:01+00:00,173
17b980525a55eb5044877c7e8f68dd12978ce26aafd99ba0aeadced7dead72c9,2025-11-01T20:12:41.282630+00:00,2025-11-01T20:13:01+00:00,173
0d018934f5d1f986e887bc28a35126f203aa286791b08c440ccf098fa6048664,2025-11-01T20:12:41.397973+00:00,2025-11-01T20:13:01+00:00,173
3bd883cda8adc9f3b065cb7e06115d4ff9c5a07b14232bb0da80ba83359c431d,2025-11-01T20:12:41.514930+00:00,2025-11-01T20:13:01+00:00,173
ea95045b04be7691da4a3689ea8f711769947eddbb3a97fbfa93e9e0edf093eb,2025-11-01T20:12:41.633401+00:00,2025-11-01T20:13:01+00:00,173
4b7da3b8f6a725a54bf1b39b9b379c7024ba273f4446c3290aff56e29fe2b881,2025-11-01T20:12:41.751027+00:00,2025-11-01T20:13:01+00:00,173
75b453bd98f4f5675caffe89b1ddf60cede5a0a94046de027a9069b4904ba41e,2025-11-01T20:12:41.864828+00:00,2025-11-01T20:13:01+00:00,173
a6cae373052758c2630346d58e01a912cacd68f6b65fd32e867d4f15446548f9,2025-11-01T20:12:42.005352+00:00,2025-11-01T20:13:01+00:00,173
9af139b09cf26bbeaba3240d2e4bc8b9a90e2045b5bc3bb6da12c226c21aa5d9,2025-11-01T20:12:42.117615+00:00,2025-11-01T20:13:01+00:00,173
130c44f72870e063b4735867941624b9ec7f2675feb586de81e87b30bad75424,2025-11-01T20:12:42.232127+00:00,2025-11-01T20:13:01+00:00,173
e068893404e96bcfc5c576e0cae5c90d29f293454b0a5b192aed17fbf4c25940,2025-11-01T20:12:42.352708+00:00,2025-11-01T20:13:01+00:00,173
40560c6c28d7539af6bab9c67d8815e06d29c12812ec28e1aebb34e9201f2549,2025-11-01T20:12:42.471726+00:00,2025-11-01T20:13:01+00:00,173
f4d8d50987806720169c6ec6f344fd5dbc50b8494b15af04d5759942d23be4d5,2025-11-01T20:12:42.823259+00:00,2025-11-01T20:13:01+00:00,173
d01a23d02cf1fd9bdd0ac5245058f98c6aafd29b1b793aac658aefeb209da7ab,2025-11-01T20:12:42.934854+00:00,2025-11-01T20:13:01+00:00,173
42551f1d44ed9ff394ade396da230e7654a560742c888c53622018436e704457,2025-11-01T20:12:43.048938+00:00,2025-11-01T20:13:01+00:00,173
d2c075cf061447bfbf01dedaec1018ee60ae735bb3e9bae5a4d9c346656acbcb,2025-11-01T20:12:43.165779+00:00,2025-11-01T20:13:01+00:00,173
5af02450f187bcca227ae36527726f00b320c29b8198860bc2c8dadf83930155,2025-11-01T20:12:43.284387+00:00,2025-11-01T20:13:01+00:00,173
b2b0c8a915981d962cdd6dc4eec32f48d29479863144dbad65cb4aa3705fc711,2025-11-01T20:12:43.411547+00:00,2025-11-01T20:13:01+00:00,173
3c1df40db58389e4f932b2a340368a51cec30f02d2017117e189c6bca1a2f7c8,2025-11-01T20:12:43.531750+00:00,2025-11-01T20:13:01+00:00,173
e19bb94f07c86caac3a950bf28207990af7a567f1b1f21e366c7cb3c8b161a64,2025-11-01T20:12:43.655167+00:00,2025-11-01T20:13:01+00:00,173
380cab9c96c3361a74a81430a6575a86625c3737d87786729a9e9e0f257a95ca,2025-11-01T20:12:43.776123+00:00,2025-11-01T20:13:01+00:00,173
0f772cb23e86aa5896d9ccdabccff38516ca4946b5762689bdbed58a5b8ed705,2025-11-01T20:12:43.898571+00:00,2025-11-01T20:13:01+00:00,173
3101fec40697d86be344ee0da92032c516bb346d6f050a873ed02fb17178400a,2025-11-01T20:12:44.021156+00:00,2025-11-01T20:13:01+00:00,173
49407cbe1a67e922ce4103e27e537b0acedc3db4edafcd019f24d484757ed705,2025-11-01T20:12:44.144692+00:00,2025-11-01T20:13:01+00:00,173
8b70f20cc4e930583c607ee70610750267dcc77741a3b186f234ceee5b7ac46f,2025-11-01T20:12:44.268665+00:00,2025-11-01T20:13:01+00:00,173
f3eb94ac8867e56f962bb2a33bb0424f4d605fa6e4afabc6350a6ef78e515155,2025-11-01T20:12:44.389097+00:00,2025-11-01T20:13:01+00:00,173
a0898e769d04ecb1806fed746c893e1a623f678637ab45519f7080bd815c8e1b,2025-11-01T20:12:44.515312+00:00,2025-11-01T20:13:01+00:00,174
76b8c702552b9d4031df2f37a48c9306e6be553645b71608cba6bca17e6265b5,2025-11-01T20:12:44.631101+00:00,2025-11-01T20:13:01+00:00,174
ca36983c1c58a83e8c1337e2efa2e1cbb11828c381f648e1c64cdf214f5eab97,2025-11-01T20:12:44.761201+00:00,2025-11-01T20:13:01+00:00,174
9c46b8e157e6c0b49b60bb076546252dd3b08f926e600c549ef640e129bb31ac,2025-11-01T20:12:44.885686+00:00,2025-11-01T20:13:01+00:00,174
4128301014471bf2ce81790fc5e1e0934f08c43a50b0632ddc138d24b7400e8c,2025-11-01T20:12:45.008203+00:00,2025-11-01T20:13:01+00:00,174
f836b6b92c53013550511893855352f996f5b9503ca8b0a07b1559753eb161ac,2025-11-01T20:12:45.129629+00:00,2025-11-01T20:13:01+00:00,174
dc4d167fb81220cf6925944daf8241fafe371bc3f2cc4a53bd72b8406ab3b8a1,2025-11-01T20:12:45.251703+00:00,2025-11-01T20:13:01+00:00,174
3a4976f080d65503a5b2b08e2b269dee714f034ab32b07d15c1ba29c375e7f96,2025-11-01T20:12:45.373827+00:00,2025-11-01T20:13:01+00:00,174
939d5d10c593a2962ed04d720cc57906dde0a23dbbd0c9c12e0980acf7214fe1,2025-11-01T20:12:45.498203+00:00,2025-11-01T20:13:01+00:00,174
e268d49b74da3242db180e322ad1de91aa794c62548a15f3957c2ee9b81709c2,2025-11-01T20:12:45.626421+00:00,2025-11-01T20:13:01+00:00,174
0456d1b80a99d06dfef264fcf0246357ee013c604232dc7eb5c7b4353be37531,2025-11-01T20:12:45.747485+00:00,2025-11-01T20:13:01+00:00,174
135b6b9f49ebfe1682425b9974917048b4769f159b540659e3edc7c11f117c20,2025-11-01T20:12:45.868476+00:00,2025-11-01T20:13:01+00:00,174
16a372550f8c5c9f812683a4f4067c6c4f68b68432331f52ba07117c611d50cf,2025-11-01T20:12:45.995933+00:00,2025-11-01T20:13:01+00:00,174
9cb64446accb45c14ed2d50d8f9b4c3afef637dd879df34eba4589228144d795,2025-11-01T20:12:46.118937+00:00,2025-11-01T20:13:01+00:00,174
4381a5516c7399ea9edf41147d6393b38bfc1e8142a3f79ded1e7ebba681292f,2025-11-01T20:12:46.236192+00:00,2025-11-01T20:13:01+00:00,174
18873c18035888eccc4b6d2460023b0178978ab13fa18a5b4f8d5a93dc595cf1,2025-11-01T20:12:46.363296+00:00,2025-11-01T20:13:01+00:00,174
201ba149219cbe86971dceaad393b116dbb0d1f50497735e88cb4cc573d893dd,2025-11-01T20:12:46.486510+00:00,2025-11-01T20:13:01+00:00,174
90f0f0438f94cc1020ebb1209015fd0100e94f226da157e9f2e9c5fd4530e75e,2025-11-01T20:12:46.608811+00:00,2025-11-01T20:13:01+00:00,174
cccc1d901fbcc823712d5337fc8778fcfd139e6994e0bf69fe5a72665102d90c,2025-11-01T20:12:46.734023+00:00,2025-11-01T20:13:01+00:00,174
184e84c95e322afb37900c9b2a23a8f258b143c2bdfc9b80b9e9805aa3cd50f9,2025-11-01T20:12:46.867135+00:00,2025-11-01T20:13:01+00:00,174
defb9f589cdd849d475260a72582fa10c5091e1d51812102d9cc81354bd07b0a,2025-11-01T20:12:46.980003+00:00,2025-11-01T20:13:01+00:00,174
38ef7de071ac1b1f15c957a8b0c8c5198681d8b01bc634f407067ad2b57d689e,2025-11-01T20:12:47.101972+00:00,2025-11-01T20:13:01+00:00,174
b7abca749dd51d5b56e94fc5601b02bfe9ca88584a941cd92bac9d1b029eac51,2025-11-01T20:12:47.225599+00:00,2025-11-01T20:13:01+00:00,174
c17b17fd6d665b7fa1452c265cbaba96dcdcd591dddcbb45920b9c0893b53f34,2025-11-01T20:12:47.345437+00:00,2025-11-01T20:13:01+00:00,174
120da9d4ef5c8853ac4d778231b4ea0736f15690e50ccbfdafd92882d71df3a5,2025-11-01T20:12:47.458538+00:00,2025-11-01T20:13:01+00:00,174
8535f07c293e7dfad739f3d39a4e11a15f9505b92417248d6072c9fcaa0198c6,2025-11-01T20:12:47.577653+00:00,2025-11-01T20:13:01+00:00,174
de195b0a98dd236098929a0c93ad162e4b9233ad802daef3cf064cc574d7ed68,2025-11-01T20:12:47.715499+00:00,2025-11-01T20:13:01+00:00,174
e74aac23bf3d4065272abff111ab5fddb7340efac92ba96c304267fc81768433,2025-11-01T20:12:47.829789+00:00,2025-11-01T20:13:01+00:00,174
be561bbb741da1f46b91f1c9dda0b6142b2fde6f680bb0f222452f2e29b80264,2025-11-01T20:12:47.945709+00:00,2025-11-01T20:13:01+00:00,174
d594b558abf124e017d20f981f33251d87c4daceca51f89ac99c951a5799a095,2025-11-01T20:12:48.066905+00:00,2025-11-01T20:13:01+00:00,174
463b8c098133a051a8f630fa6b51f36c9fe66a7aaa199b809bd77d9e34ec3440,2025-11-01T20:12:48.186103+00:00,2025-11-01T20:13:01+00:00,174
0893a50f4a3ceb04ca27f3c29c0aac4859f055d7d8226717f0876b4b35ffdf19,2025-11-01T20:12:48.306945+00:00,2025-11-01T20:13:01+00:00,174
fc08f002f8f285bfe6d9fae8ee74437293e0d3b328a13efc3a5fd39fc7a446fa,2025-11-01T20:12:48.433008+00:00,2025-11-01T20:13:01+00:00,174
84b4808ca1f51b96196dee7323f0624937dfe7fcc0ceb9a7715a4116b7ea45ad,2025-11-01T20:12:48.548448+00:00,2025-11-01T20:13:01+00:00,174
e8ebebcff7f626b046992773ba95fabc92b9b5bda4705964d327802906d237ff,2025-11-01T20:12:48.859180+00:00,2025-11-01T20:13:01+00:00,175
b9253d0c7cdf849d7717d7334537d56198fc5e7764f806431547476c382b5ae3,2025-11-01T20:12:48.977571+00:00,2025-11-01T20:13:01+00:00,175
8dfeb400874bdadf82feca6a7fbe2fabdfbe14c19faea8d1c46b8c591a67067b,2025-11-01T20:12:49.100257+00:00,2025-11-01T20:13:01+00:00,175
cdf1d6a3e0eca7a82eef22a73cf68591d7ac8b236c967d8338f996557f604e18,2025-11-01T20:12:49.238012+00:00,2025-11-01T20:13:01+00:00,175
0774d2b84c0ff429663048d8ea49d7f46d4787daeab73a0c7ffbeea5d8ac976d,2025-11-01T20:12:49.353637+00:00,2025-11-01T20:13:01+00:00,175
bf6b0b69fc8b291519228621b34df9358a1dd6aeb8aaaae93dd9660ff1f62447,2025-11-01T20:12:49.470497+00:00,2025-11-01T20:13:01+00:00,175
faac86b7cd1c925303b6e56a03c98f403988a73e77aa61c371c31f0b7ceb08ed,2025-11-01T20:12:49.590722+00:00,2025-11-01T20:13:01+00:00,175
60f6593515e74b15bdc8d4890a9cf42b608aa3bb7c4bac7fe64bc84655aad33b,2025-11-01T20:12:49.704816+00:00,2025-11-01T20:13:01+00:00,175
4a97fb91079ba35fa3d53b2823be6c61aea15e4da8d4bf62e073c8181a984a2c,2025-11-01T20:12:49.821808+00:00,2025-11-01T20:13:01+00:00,175
251353bca7cae388dcb0e2b91815aa9c39ef919112d4f74c38a1022157e42127,2025-11-01T20:12:49.944213+00:00,2025-11-01T20:13:01+00:00,175
98dec4f0276457a120c2b2da4b956f0c0261966156661d9f4dd29a2032a1140b,2025-11-01T20:12:50.064573+00:00,2025-11-01T20:13:01+00:00,175
89be5abf210cdc4bbcb253f63135230068c8cc571e8437e8b8dc2410c5417f02,2025-11-01T20:12:50.195781+00:00,2025-11-01T20:13:01+00:00,175
fc9a1d040eebe78ece447166219b09ab86243df0d373cfa964aea24ed454fbee,2025-11-01T20:12:50.308822+00:00,2025-11-01T20:13:01+00:00,175
422552a59c44fd58b445486ab7d73838d57531a8e13d7640ea32f2c342375cb8,2025-11-01T20:12:50.434264+00:00,2025-11-01T20:13:01+00:00,175
e96a28fe6042d18bff8dfd204c7b19c051c0640e947bc52dfbc2d1f013082c7d,2025-11-01T20:12:50.557169+00:00,2025-11-01T20:13:01+00:00,175
59ba95b002576938685d278f3475ac2a4f514252e286a2cc868481011cbd985f,2025-11-01T20:12:50.682199+00:00,2025-11-01T20:13:01+00:00,175
279c003f055eb5857b65a390c5fbf5674c8da91704ff58c3818486c6594b3de8,2025-11-01T20:12:50.804095+00:00,2025-11-01T20:13:01+00:00,175
b251ef93e0c9b34f9bbe03e4fe67e8df7fa3f8a3fdba9156cf72f686cb7d29c9,2025-11-01T20:12:50.925985+00:00,2025-11-01T20:13:01+00:00,175
fcc082bb04dce4dc0a70a6d36e6183c201e086af36c12b178491ac27905b58ce,2025-11-01T20:12:51.046846+00:00,2025-11-01T20:13:01+00:00,175
7d253a2edfe6cfc2b84a481094b82810f3948923c5177f2d381994b91e832c15,2025-11-01T20:12:51.169040+00:00,2025-11-01T20:13:01+00:00,175
ba474dc6d94277c54e5f0588e8e0937d35c411486d0234b9e029b77f55db3b54,2025-11-01T20:12:51.330002+00:00,2025-11-01T20:13:01+00:00,175
fe1bf1bd7344054333624c14e0c2eeb53953bdeff5cb3a3e1533832cfc49257a,2025-11-01T20:12:51.456559+00:00,2025-11-01T20:13:01+00:00,175
cc63cffa29928264598e3de602edffff463434f94502e1cb0d119c7ad6b525f1,2025-11-01T20:12:51.573832+00:00,2025-11-01T20:13:01+00:00,175
95b8d2a857e79fb5b7b50404a197e82f92e2c129345f26f677732032305e0ca4,2025-11-01T20:12:51.689431+00:00,2025-11-01T20:13:01+00:00,175
90937315ea3c07a1f2f3615d8968baf5039bec90bfc90d4a2fd7e8cde3e98fae,2025-11-01T20:12:51.808286+00:00,2025-11-01T20:13:01+00:00,175
feb5c8ac4a7088bc9ab56cb55fdeb5673850decaa36e6e1477c407948fa021d3,2025-11-01T20:12:51.934556+00:00,2025-11-01T20:13:01+00:00,175
22069e4cdfbade1afa8ed29dc8916119c718b3df87b68bbbd4f3407e6733bab5,2025-11-01T20:12:52.053365+00:00,2025-11-01T20:13:01+00:00,175
6ec14daff23c7cea0a36ce1b4b07fbc7f5a3832128ee619e9261b52ed864d8ef,2025-11-01T20:12:52.171468+00:00,2025-11-01T20:13:01+00:00,175
6c94ecc0aedb18c16bcdf3aa63a87ae262a9bbbc67190dbcef33c526c194136c,2025-11-01T20:12:52.287533+00:00,2025-11-01T20:13:01+00:00,175
3b4519b64678b1c0d26cfb90c13c4c9db65f0313d9b2707ec3d2ea0409c4c289,2025-11-01T20:12:52.405360+00:00,2025-11-01T20:13:01+00:00,175
1db3df552c490c0c454a04d227f4dbf052ed1fac10e2c0e7456c5f1e9ef7461a,2025-11-01T20:12:52.543574+00:00,2025-11-01T20:13:01+00:00,175
0553ac8410a61844c0dacef017bf7c2ec212a035f220b40a291600b8371d6e51,2025-11-01T20:12:52.658614+00:00,2025-11-01T20:13:01+00:00,175
52cb36bf8b3c4347fa5f7b66c29ed7083893653aee628e0fd5b4cf5340e2f05a,2025-11-01T20:12:52.834774+00:00,2025-11-01T20:13:01+00:00,175
ccff4aab35ec394eab53109c408fe2a9979fe5ca9cd7a4c80ff5276035a777ae,2025-11-01T20:12:52.947399+00:00,2025-11-01T20:13:01+00:00,175
4371ccb4bf98a77b48eb14e4826c4c536bcb3ca4990805a3cef17234b299e552,2025-11-01T20:12:53.062798+00:00,2025-11-01T20:13:01+00:00,175
afcfe5d138e83b0161063b9ef1cab3f715bdf89ded4461634d92183ad371f6dc,2025-11-01T20:12:53.180026+00:00,2025-11-01T20:13:01+00:00,175
a746185531698aa93023946c225f252f8490b1afea6be66f40af51ed99042832,2025-11-01T20:12:53.300352+00:00,2025-11-01T20:13:01+00:00,175
b2446f329ae6c95afa53bab75c9be243544006eb2a2f830268b6be9412aede5d,2025-11-01T20:12:53.427746+00:00,2025-11-01T20:13:01+00:00,175
dc9050441c946c703c33b44a334b7b6ccca32046f30276f356971c91a91a02a6,2025-11-01T20:12:53.548526+00:00,2025-11-01T20:13:01+00:00,175
0b25238714f043ba7b089615509fa3fc99c709d3507b8d777aadc91e7f05b0ee,2025-11-01T20:12:53.674183+00:00,2025-11-01T20:13:01+00:00,175
15e598cd5529742036f503a856931bbd3f4062e20966c61fa311504405b78eee,2025-11-01T20:12:53.793083+00:00,2025-11-01T20:13:01+00:00,175
15d9df49162624bfa121ed222aa0030c9e47a5c30b1b7433c2597150417dac6e,2025-11-01T20:12:53.909806+00:00,2025-11-01T20:13:01+00:00,175
4c7d10e75f275b3fa97b3701d8b7028a66a7ac65c72cdf363c25213f336cc683,2025-11-01T20:12:54.028201+00:00,2025-11-01T20:13:01+00:00,175
645aee9ee3f79e8fb6417c5061bd511cb84fd8e547257ad76c187fcc73338049,2025-11-01T20:12:54.146540+00:00,2025-11-01T20:13:01+00:00,175
eb3d73977cbacad87180c8ad3fd2cc354aa0817eb10833712055e68d232fcf89,2025-11-01T20:12:54.266247+00:00,2025-11-01T20:13:01+00:00,175
4b97bd401f2f9721dd07dc1c3838a51eea97d3855ab5faf32965336129b42408,2025-11-01T20:12:54.386049+00:00,2025-11-01T20:13:01+00:00,175
439b9a0c96831cf9ccf73c3ed5ecf0604e79cb30668453255b29c38754b8c589,2025-11-01T20:12:54.507158+00:00,2025-11-01T20:13:01+00:00,175
11e6a0564ec86f21e928d42b1f8503d2b5e4f9b75e93ea543e210b34104241e8,2025-11-01T20:12:54.626438+00:00,2025-11-01T20:13:01+00:00,175
eee391dc72866a9af9c0ede11d2b23c1c0a1acf729ae20652f8f455753e7ee5c,2025-11-01T20:12:54.742479+00:00,2025-11-01T20:13:01+00:00,175
c92870f04d3f5b4f34d33a388e5e97d1cd61628d765f2bd4e6028675bffc36c4,2025-11-01T20:12:54.856717+00:00,2025-11-01T20:13:01+00:00,175
d5f93f1f5fd8b8ca0565ca962de4f710740e8e10e88595d238eb415da45cf2a7,2025-11-01T20:12:54.974025+00:00,2025-11-01T20:13:01+00:00,175
1ce2b7aa3748e221c77b405c490e6cdc7de1c84c48907c6da25fc702d31f7c05,2025-11-01T20:12:55.090589+00:00,2025-11-01T20:13:07+00:00,177
33e397999e3425d40c5243018a4b6366b0b7eebcf34dddefde692600ba793e39,2025-11-01T20:12:55.210337+00:00,2025-11-01T20:13:02+00:00,176
52ac7a1806f434f90b597b56120971691d1ac0f56ae36f9e18b64b2cfe765eda,2025-11-01T20:12:55.327960+00:00,2025-11-01T20:13:02+00:00,176
918b4140679d78e60bb95921cba40439304e1d3c09163c590fbf11d8c29a2b7e,2025-11-01T20:12:55.452343+00:00,2025-11-01T20:13:02+00:00,176
108ab81c378b95cbd14fb42364327a2a26849a0bedc2f705b2d8c686481f874e,2025-11-01T20:12:55.568390+00:00,2025-11-01T20:13:02+00:00,176
d3be5dfea574ff56731bbcb3834eb89c753dfafb1f0d86b877efd6ecb65104d7,2025-11-01T20:12:55.684849+00:00,2025-11-01T20:13:02+00:00,176
a9c1d17ad38516770db7590ee5d088017d524a43adbb762818fe9078005353c7,2025-11-01T20:12:55.804863+00:00,2025-11-01T20:13:02+00:00,176
5c7ab329cc9a0cadb1765bd265447c9411a9969f69fe78ddc465502566af2e00,2025-11-01T20:12:55.918401+00:00,2025-11-01T20:13:07+00:00,177
135dafb3ec0008190119d83c55dcc529729bda2bcf54eb3abdf4e1c51b8d6357,2025-11-01T20:12:56.036259+00:00,2025-11-01T20:13:02+00:00,176
13caf59f2492b6b964244bff52b2ead6f9709e46edad3f70742dddc7ff5e6412,2025-11-01T20:12:56.158025+00:00,2025-11-01T20:13:07+00:00,177
26c7c9c2e274fd2c2dca3dd25ab5d740c62137cf024e08e5231c9b9fd4b07487,2025-11-01T20:12:56.272428+00:00,2025-11-01T20:13:02+00:00,176
4e72c62e698e75b62e6264d28e33a4150c7ebb042e8db3345c97fd2bbc4c2882,2025-11-01T20:12:56.390330+00:00,2025-11-01T20:13:02+00:00,176
0a68370e04c0224f63b5f390ada4ddb64f20b7ed55425bc4e3df334fa434422c,2025-11-01T20:12:56.511004+00:00,2025-11-01T20:13:02+00:00,176
6358f91f56238a8ea286a26a4329f1bbbcc1b999484f733b655bdc2163ba73a0,2025-11-01T20:12:56.633867+00:00,2025-11-01T20:13:02+00:00,176
a84926186eb3d7e9b84abb80a21599778d435d071b0e07fe9e75d44f466c1105,2025-11-01T20:12:56.752931+00:00,2025-11-01T20:13:07+00:00,177
05c5886d10c065d95458f2a4087c311d5440141c769703a914d099a44f299c46,2025-11-01T20:12:56.873350+00:00,2025-11-01T20:13:02+00:00,176
8a04108db27c17a88724f18915ff5416597b93c38fd2a2762ee5672415b481fb,2025-11-01T20:12:56.988603+00:00,2025-11-01T20:13:02+00:00,176
cbbb9d19b07aae2676f486e37eeec2c337399f4b47700143500919e45084151a,2025-11-01T20:12:57.108763+00:00,2025-11-01T20:13:02+00:00,176
111f444da22b2ec97ef6a6c86f797b4a80a02a2ae5bc151c7efb08a9f33464bd,2025-11-01T20:12:57.228989+00:00,2025-11-01T20:13:02+00:00,176
d7e96b2b9e6720f77b4d7dd5996bdb3bc15f5e0593467e9ade8029badcb13958,2025-11-01T20:12:57.346197+00:00,2025-11-01T20:13:02+00:00,176
4ebb40ab64c75f1ba83b414a5f05a330e36b97c5460a8a52871b86575d434739,2025-11-01T20:12:57.465273+00:00,2025-11-01T20:13:02+00:00,176
3bb88b699359ca7e7e2ebc566d0ccabe7905e3b7fecdf84771f935202f7714e3,2025-11-01T20:12:57.584355+00:00,2025-11-01T20:13:02+00:00,176
527439483f9f033b1ee217652dd79657b5960467ceab285358484c8df7bf413e,2025-11-01T20:12:57.704096+00:00,2025-11-01T20:13:02+00:00,176
297984b00c19fd33e05d0b45587fb41d260ba1572881b2bd7fb59a54326d80e1,2025-11-01T20:12:57.937333+00:00,2025-11-01T20:13:02+00:00,176
41d331ecf3ae868bbb54c3bcaba936bbe06223ef484f8c5d90cceb9ffb539116,2025-11-01T20:12:58.053683+00:00,2025-11-01T20:13:07+00:00,177
067ff413786160d04be9269db193aa7f003f24c5f7ec6ce3794e9e560963f760,2025-11-01T20:12:58.166803+00:00,2025-11-01T20:13:02+00:00,176
a56788bae896aed1e335f9e000d1e84aaf8926a7e7d2d9f480145a96cff0fda8,2025-11-01T20:12:58.280629+00:00,2025-11-01T20:13:02+00:00,176
ad3ec9566c8073bba34ffd4fa8a80741472a8125ade2e360e406b85db49f1250,2025-11-01T20:12:58.396375+00:00,2025-11-01T20:13:02+00:00,176
5c2a949e5cefc28e38cd6c1eeb6aef3688df06d8c623deb298dcee3b9341f116,2025-11-01T20:12:58.512549+00:00,2025-11-01T20:13:07+00:00,177
ddf1901462ec4764949ae8437cf47bf97d3fbe31ead3b5b1b916255b3636a6da,2025-11-01T20:12:58.628938+00:00,2025-11-01T20:13:02+00:00,176
bc807ab72b15011cadf4c825369ce3150a3d09363b501f6b6446a8d5a410dd12,2025-11-01T20:12:58.748343+00:00,2025-11-01T20:13:07+00:00,177
094896a96d8b2fb56b3d6b6f119c9d5c2d9a35c7f2311f970f964c994edd7bd4,2025-11-01T20:12:58.863848+00:00,2025-11-01T20:13:02+00:00,176
22607c1bb239053c081798fa79bd337fc9e135e64e3648d4dafa4636eceff193,2025-11-01T20:12:58.980458+00:00,2025-11-01T20:13:02+00:00,176
ea0afae7534f2c9871baa3edc0da762c7e520d445a71ceb882ac25b776588777,2025-11-01T20:12:59.115386+00:00,2025-11-01T20:13:02+00:00,176
d0ade4df24d68cd1994ba4ad33e979b7ac0689be52a68519c499a2166dfe9441,2025-11-01T20:12:59.247547+00:00,2025-11-01T20:13:02+00:00,176
dd1d4c5bfed82daab7bb10b683d61099f1f5c2f7579cfd2fcc17bd5c17eb3418,2025-11-01T20:12:59.362209+00:00,2025-11-01T20:13:07+00:00,177
41000b501c34715aabaa7b7e5c3707a9200ce844b904153809d91fd67aa167bb,2025-11-01T20:12:59.477864+00:00,2025-11-01T20:13:02+00:00,176
bec1046fd4403c0c9d5fee37d59ef1423a9680b6e75211105a37aa488edf9664,2025-11-01T20:12:59.595563+00:00,2025-11-01T20:13:02+00:00,176
9fb8b62f7738b240318ec40d7a38dd8e9cf8df5cd24db0853d31ad2d56f4982d,2025-11-01T20:12:59.709107+00:00,2025-11-01T20:13:02+00:00,176
5e60a073c97ff72d0534229eb0207d280e4e064bfe405db26b6ab61c7b5ad2da,2025-11-01T20:12:59.830350+00:00,2025-11-01T20:13:02+00:00,176
26e0f3bab3eccab6514788938013008295888bd205c34dece2bb505302cfaeed,2025-11-01T20:12:59.946068+00:00,2025-11-01T20:13:02+00:00,176
9361f2098cee14fd6c9c20710673466f5822a06e803b41977b3b5c46f747c367,2025-11-01T20:13:00.061584+00:00,2025-11-01T20:13:02+00:00,176
9ef9cda8904c736801f41d9411db67bd338b74c48a90301a017ed9482db7a060,2025-11-01T20:13:00.179983+00:00,2025-11-01T20:13:02+00:00,176
357f80937c7010cc7c8d9de059e128a89a5fb9902b9e573919db5190e5990d2c,2025-11-01T20:13:00.296265+00:00,2025-11-01T20:13:07+00:00,177
a78b22acbfd79038ff16d346670edcf895ad5277105d8157b4308d6c6c61820c,2025-11-01T20:13:00.410694+00:00,2025-11-01T20:13:07+00:00,177
167ae1d3cbd8f604f2870e0989b26d8d34b4c0a8217fe7fcc1f349247726e5a7,2025-11-01T20:13:00.524897+00:00,2025-11-01T20:13:07+00:00,177
af7c00a7dc64ce7a02e756a74713986121e1a6ae56af663a4d956e00cf392bec,2025-11-01T20:13:00.637467+00:00,2025-11-01T20:13:07+00:00,177
497db523cc7cbeeb4e416c1b71051a068d4f3fa8adf3ffab006845cb013683d5,2025-11-01T20:13:00.753650+00:00,2025-11-01T20:13:07+00:00,177
b1dc02d25bd8ac855cc4ed03b27a05c49709d10777dffec75b9737d733e351a0,2025-11-01T20:13:00.869021+00:00,2025-11-01T20:13:07+00:00,177
7f80d213995a2e5222ecb8d6d7e9969d88d533b95508766ca3d311f5e20fc58c,2025-11-01T20:13:00.982922+00:00,2025-11-01T20:13:07+00:00,177
6b4126f7145bd10deaca1d3af79e67bdf96bb134d01111f6425cd4a5c5209446,2025-11-01T20:13:01.099786+00:00,2025-11-01T20:13:07+00:00,177
8adfd149cbf3674dabe084a1100d789661c568ed970d4b4a0a2fbaa308276692,2025-11-01T20:13:01.228616+00:00,2025-11-01T20:13:07+00:00,177
8ec250c6dcef1011a11c257d45b82fed5a46e09d5ec18403101481aea137c952,2025-11-01T20:13:01.367897+00:00,2025-11-01T20:13:07+00:00,177
587bc22c4c3b8c50be59ae32e80fa3b9945b4679a979ca265d153f7e0b95178d,2025-11-01T20:13:01.481227+00:00,2025-11-01T20:13:07+00:00,177
3636d6631d9509b5fc13408a16241acec07a9c08e33ee0a9ffd0bf672672829c,2025-11-01T20:13:01.600839+00:00,2025-11-01T20:13:07+00:00,177
e027925a3744891af730e556d581f6d3fe346b75c42c2d3a1b7e7863f88cd1d1,2025-11-01T20:13:01.722214+00:00,2025-11-01T20:13:07+00:00,177
70ab15fca892157af97f859ca36f543557bf5e0aee97104ddffbf90126d8f158,2025-11-01T20:13:01.840811+00:00,2025-11-01T20:13:07+00:00,177
37621cf257297b6e44f0320eed3e01e79e932cfa586005c6e2a9ee4d592d390b,2025-11-01T20:13:01.961755+00:00,2025-11-01T20:13:07+00:00,177
2f2a265f6b925571ccc363617c2e0d8f82b7c41768e3062ee04d221c1fefda75,2025-11-01T20:13:02.084121+00:00,2025-11-01T20:13:07+00:00,177
7492328a360f9e9dcf9eb46120a8e11b1bd77b380e6411dd54c55f1e693f04b5,2025-11-01T20:13:02.201933+00:00,2025-11-01T20:13:07+00:00,177
3e910ee59115db316ff64cdbc739fe582e8ff2a3363fc47c394e944192a5b20e,2025-11-01T20:13:02.321743+00:00,2025-11-01T20:13:07+00:00,177
fcf5952a4e11dc07acfd8c46e2008722577dbeb05eb97146a44d6c70065bec7c,2025-11-01T20:13:02.438333+00:00,2025-11-01T20:13:07+00:00,177
b402d837bfdcd7a82b5cc374dcd1c74eeff4cd84aa12c2d975aee2fe4d069e37,2025-11-01T20:13:02.559702+00:00,2025-11-01T20:13:07+00:00,177
b677781ae08264be663efe3b0f9b4a3f7754e1eeebfccd3852156afd2917f504,2025-11-01T20:13:02.684998+00:00,2025-11-01T20:13:07+00:00,177
fc725904109fbfee809049fe24434e1cc596abca88ac482201ed9167532279f7,2025-11-01T20:13:02.801121+00:00,2025-11-01T20:13:07+00:00,177
017cd7fd8ee04bfe87eb5117211273ba11c4ed77cc545efe9e3280b699fd4f96,2025-11-01T20:13:03.012441+00:00,2025-11-01T20:13:07+00:00,177
eaece6f14300785c89a5168f3078e8539c80188294776463593d22a90c87b01f,2025-11-01T20:13:03.128646+00:00,2025-11-01T20:13:07+00:00,177
2f7583ff136a6a8d1e77250104b6e338c7fc0d88e0a3f214fe7f5a52eabc1e47,2025-11-01T20:13:03.246011+00:00,2025-11-01T20:13:07+00:00,177
8338fce72e9f07ec75026dd130a8a355155523552714fa0ef12f363580e93b48,2025-11-01T20:13:03.362674+00:00,2025-11-01T20:13:07+00:00,177
285d1af333c159542f99b2c81d57ae0d8cbdc28c098ea560985998469825789e,2025-11-01T20:13:03.483568+00:00,2025-11-01T20:13:07+00:00,177
d11323d5df5f1bd540ae0ca2e74c8ca5efea027b593f83aeb0fcb80b6ef92c37,2025-11-01T20:13:03.609569+00:00,2025-11-01T20:13:07+00:00,177
d02a76f9cc02864948940eb520fa5f6b9e1cf38fad37b89835cff516e8bab4f4,2025-11-01T20:13:03.733503+00:00,2025-11-01T20:13:07+00:00,177
3829f74a88aed9cb6fc5ed2a28fece079f31ec3f7ed5d1266e4c82fed72b3ff1,2025-11-01T20:13:03.864609+00:00,2025-11-01T20:13:07+00:00,177
d26e4285697265e5e9768bd873841ed66e2277a03bac3583b106e569df52e7b7,2025-11-01T20:13:03.990026+00:00,2025-11-01T20:13:07+00:00,177
184669541df2e84290b118887ec16a00a0333d92f06613f8cd35c30a975c25d1,2025-11-01T20:13:04.112356+00:00,2025-11-01T20:13:07+00:00,177
23e741503cb85053ca566d4082e0817a559a7c5760da977ec9630c4a11ae9d3b,2025-11-01T20:13:04.234850+00:00,2025-11-01T20:13:07+00:00,177
42fc61f59134fe644630bf60e0d4537ab68876324a1a433d2d4300af355d8c06,2025-11-01T20:13:04.352859+00:00,2025-11-01T20:13:12+00:00,178
333ca894a2de22f6c335068577242e8fbdce28119c81cf7d3231f7403d2f3351,2025-11-01T20:13:04.481944+00:00,2025-11-01T20:13:12+00:00,178
d85bda2882cd5140c78cccb290e43c2deb66484651a3eb81f776191eaa540cc8,2025-11-01T20:13:04.604031+00:00,2025-11-01T20:13:12+00:00,178
b0c33a3c4fde507e8d09fad652942fac8423d41667f1e482210e10e7f6fc297a,2025-11-01T20:13:04.728224+00:00,2025-11-01T20:13:12+00:00,178
29a96258f0c310d227c600432fdb1bc51761bf973ff825c7b5a32c543de6ef84,2025-11-01T20:13:04.849621+00:00,2025-11-01T20:13:12+00:00,178
eac58aa61c882255445f31002a626c002cb830e02a6073c3c606b6fd888b2933,2025-11-01T20:13:04.977855+00:00,2025-11-01T20:13:12+00:00,178
e22c3390dfed483a60ee1e000e62712f6e55b0911bc91d315e43fe5658cacdbf,2025-11-01T20:13:05.100563+00:00,2025-11-01T20:13:12+00:00,178
50ee10b0d348ce1eb8408207b4dbccd95df3a5d61add6e0a9cc0211aaa7405db,2025-11-01T20:13:05.223227+00:00,2025-11-01T20:13:12+00:00,178
92042c3723a0f7eece2b500a7d1984948b827251da0d96e7be59de475c402f18,2025-11-01T20:13:05.356345+00:00,2025-11-01T20:13:12+00:00,178
31245177fd6dcc205af79652c32de9b33108f0f691c44bc1a7cea0c6ce64c15f,2025-11-01T20:13:05.476314+00:00,2025-11-01T20:13:12+00:00,178
2fe71d5affc0803910946d7b4e11c22d50f4a55a1954df1749056661824cdd14,2025-11-01T20:13:05.596859+00:00,2025-11-01T20:13:12+00:00,178
2a89537e79114cca4ca4a22460bd63426227a8dbca97110d578b10a659113a4e,2025-11-01T20:13:05.722251+00:00,2025-11-01T20:13:12+00:00,178
d0dbc057eb68a77ef079b9eb1a791e71da04fe51133b57ed8529b585e500514e,2025-11-01T20:13:05.850479+00:00,2025-11-01T20:13:12+00:00,178
835cd2dc190c99887d22754299f6a4c9edd560c555eb5673f9b1c275035c85d4,2025-11-01T20:13:05.975435+00:00,2025-11-01T20:13:12+00:00,178
444de60951f94cd138320383c110c143e62398f0c78f0c851c04cb56b81d6754,2025-11-01T20:13:06.096854+00:00,2025-11-01T20:13:12+00:00,178
3b85d9cffc6a74369db1c5a35da26351b0d8a9b108073631eca6bb30870aa025,2025-11-01T20:13:06.222242+00:00,2025-11-01T20:13:12+00:00,178
7896b10b0e876c1de605840194547bc957df8e89d8764284a8332930d519c332,2025-11-01T20:13:06.343490+00:00,2025-11-01T20:13:12+00:00,178
b095127294e3ede5776422f783eed4af8fa51b743967c868c465afe61574327b,2025-11-01T20:13:06.468807+00:00,2025-11-01T20:13:12+00:00,178
33bbe0ba08c6010b8cb727384fd69d0fad8a0de6cd227af884cf13a8841ea7dd,2025-11-01T20:13:06.599277+00:00,2025-11-01T20:13:12+00:00,178
0155104bc5e465686f2016c443bddc9b6ac875b06bef28b4e0037f0d128a3592,2025-11-01T20:13:06.720361+00:00,2025-11-01T20:13:12+00:00,178
5a48d6e7b659865b034282b0c6b4317000f3154946742f28062b06d4ba63a37c,2025-11-01T20:13:06.852659+00:00,2025-11-01T20:13:12+00:00,178
5fe9fad1865311f1b04936c25894c37e6f10d0f0d6754f297ef9338d703b16dc,2025-11-01T20:13:06.970435+00:00,2025-11-01T20:13:12+00:00,178
1a13ab9592bf33926b7f1089a54feff194dc8d66b9ce5279ff9fe714c4f6936b,2025-11-01T20:13:07.094196+00:00,2025-11-01T20:13:12+00:00,178
82ff919db6ffc373384c176918c8da66b335b2772e4b7bd03ed11ea53647e48c,2025-11-01T20:13:07.216245+00:00,2025-11-01T20:13:12+00:00,178
e0a9777c5bab3fbdb42140142b620695ae0c473623b5eac80139c8362e18ac08,2025-11-01T20:13:07.336933+00:00,2025-11-01T20:13:12+00:00,178
4d4f5caa0e990c94400de8f36664c4548e846e601b73a2d0e140a8d519758fd5,2025-11-01T20:13:07.460677+00:00,2025-11-01T20:13:12+00:00,178
44081f4ea73bc8bf06eb0011a1182d171b0a34de833867138514ef5caa1aaf38,2025-11-01T20:13:07.586909+00:00,2025-11-01T20:13:12+00:00,178
9ea486e94576c7f72f43ba0e0769631b91e90eace74b09852537f78628369dc5,2025-11-01T20:13:07.709152+00:00,2025-11-01T20:13:12+00:00,178
d7741f157205d3f3fd8a6f0ef1b2b2caea2e314b1bc506f14a5cd250f36727ee,2025-11-01T20:13:07.834699+00:00,2025-11-01T20:13:12+00:00,178
b22d0383164446901ffc61d94e5e199f2ef4c7630d12dba39ac0d9e5c986cd5e,2025-11-01T20:13:08.013814+00:00,2025-11-01T20:13:12+00:00,178
27589c7f7d1ea08e844847f46f7f8d8929988d6de26bbc24f0bd211fae8c8848,2025-11-01T20:13:08.129605+00:00,2025-11-01T20:13:12+00:00,178
2ada6e012400f49f05e43a2f0f5becd2d348470c28a68ef66543d453ff5c7b76,2025-11-01T20:13:08.247658+00:00,2025-11-01T20:13:12+00:00,178
d899fdf3ebf5540ffaaeedb07665bda0bd12e713387d38691320ee5bfada69f3,2025-11-01T20:13:08.370433+00:00,2025-11-01T20:13:12+00:00,178
6587226d9d23f7d7f961eefefbdd6916ff5e595ae2db2f27039da875d7cf239c,2025-11-01T20:13:08.490324+00:00,2025-11-01T20:13:12+00:00,178
a149dcb486159e93e2c379bd4a34b7684357334bb9bcf6bc58fd899ad52426dd,2025-11-01T20:13:08.616206+00:00,2025-11-01T20:13:12+00:00,178
67cac1a5225bb2dfb999bb6fd030bce8b7b58fe92416678be6e36a075824f12a,2025-11-01T20:13:08.739122+00:00,2025-11-01T20:13:12+00:00,178
bf47c79cabf9cd7ddc9408ccbd43e05bd3da0c33882b4a56da99aec526084637,2025-11-01T20:13:08.866626+00:00,2025-11-01T20:13:12+00:00,178
6b0dc1cd8cea3bc078cdb83cf5895361de58d6dc369784db0acb0b0cc11f6569,2025-11-01T20:13:08.982565+00:00,2025-11-01T20:13:12+00:00,178
dc598d15fdd8ab32806b0401d94db6b8ddb191c19c336e745b7c9af7c28a5c1e,2025-11-01T20:13:09.191469+00:00,2025-11-01T20:13:18+00:00,179
a654eb3dbf3300663d24a5912b1e8873726bf18b76aa0962aba7478326e45393,2025-11-01T20:13:09.326267+00:00,2025-11-01T20:13:18+00:00,179
cd6c1ac69e99ca38e8abd91ce1af2202572907a96d7e93c18a8d706f0531fd6a,2025-11-01T20:13:09.444885+00:00,2025-11-01T20:13:18+00:00,179
433c233f9ec77c9ba37cf924dde31e07b1151fc337ff6c306b7825d29c32dfc0,2025-11-01T20:13:09.561722+00:00,2025-11-01T20:13:18+00:00,179
f1386c952921650c7c0e3fb4fc2c759237fc2d9fb9f816fe49daac4730c0f4cb,2025-11-01T20:13:09.681260+00:00,2025-11-01T20:13:18+00:00,179
eaadb50991445cf1d348f9fad0aac8f974375de10d2230066e070f42c1cc06a3,2025-11-01T20:13:09.798806+00:00,2025-11-01T20:13:18+00:00,179
78f9876fbef8fd40b33b5dc1a1c68abb73461da3d6b6a6560eb04a9197ddbdab,2025-11-01T20:13:09.919799+00:00,2025-11-01T20:13:18+00:00,179
f89761c9a48232550fef34082c6abe209e31b8c32986c307a2166b5e0e62a2e6,2025-11-01T20:13:10.054063+00:00,2025-11-01T20:13:18+00:00,179
a9cb44e67620d74df73b6c5aaf86e5be86ca0ab9b4e9ef598341a1512a0d5bae,2025-11-01T20:13:10.181948+00:00,2025-11-01T20:13:18+00:00,179
edff2653c2ca32b634c86ce5bf749c9238cf59ddb39e106716ee502fc3f3752f,2025-11-01T20:13:10.301992+00:00,2025-11-01T20:13:18+00:00,179
23b785f198d903e6c3f4971d4e5f3778ce6c7d370616b7d4734394dd0180366d,2025-11-01T20:13:10.414177+00:00,2025-11-01T20:13:18+00:00,179
5a504f57af5c5e99ff91952e0219238fc30ec9b549daecf80a0741968685835d,2025-11-01T20:13:10.531626+00:00,2025-11-01T20:13:18+00:00,179
29ead01fb64935278cc32a83524d426aa42befdc725ab45e91f42c42561c71fb,2025-11-01T20:13:10.653212+00:00,2025-11-01T20:13:18+00:00,179
287180230716e24a71eebd5da5cc7823be8041ff584d051ef5feac500494c1d7,2025-11-01T20:13:10.771401+00:00,2025-11-01T20:13:18+00:00,179
49d40f29aa12c5b4c657ee9b5e059d5156a4c9b3b647744fed44339e6bc5bc14,2025-11-01T20:13:10.895701+00:00,2025-11-01T20:13:18+00:00,179
295e2f6e17838adb17dba6ee71a68b9bac0c4ae72cf4594b7f4258f883acd079,2025-11-01T20:13:11.018199+00:00,2025-11-01T20:13:18+00:00,179
2d45555e9b47302ef90748cbca06e747da6dbc60af00d766d736ded12ee509d5,2025-11-01T20:13:11.142063+00:00,2025-11-01T20:13:18+00:00,179
8d0128a0768cc6e9361e08a6d7376836e6a981d05d5e9a85b856abdf57d5ae7d,2025-11-01T20:13:11.265864+00:00,2025-11-01T20:13:18+00:00,179
c298f8687bbee25535ba7822a0c19c3e4f7b04153406c1519c4f7b2b0f99d3e0,2025-11-01T20:13:11.394965+00:00,2025-11-01T20:13:18+00:00,179
05e6db77596e8b0091b10987c4e34ac2be6be5ea18ffbc30977c22fa329b00d8,2025-11-01T20:13:11.507351+00:00,2025-11-01T20:13:18+00:00,179
c71696380ab6df81587b8a6daaac3a37a94006d730942b01bf6799720f2962c4,2025-11-01T20:13:11.624999+00:00,2025-11-01T20:13:18+00:00,179
604c5806362e58f0bfdade274fed80cf34425b59dfa686f792198637658ad792,2025-11-01T20:13:11.747747+00:00,2025-11-01T20:13:18+00:00,179
9371ef8eaa8d8bbfef50b07a9d36f6806b26f24289dd731ee0bfad48ab8165f9,2025-11-01T20:13:11.865551+00:00,2025-11-01T20:13:18+00:00,179
d4edae06089d9e0771e4ac2ad015d980f6446790461504cc012139e829dc93dc,2025-11-01T20:13:11.983244+00:00,2025-11-01T20:13:18+00:00,179
eaeea18fce80c375d677ad114e7d022eca5062511064eae095409a6bdea11825,2025-11-01T20:13:12.100385+00:00,2025-11-01T20:13:18+00:00,179
fbeb2b15d5ac7726ace65907504dc8779fab488ac6430d0ddd395d4cb0fa35dc,2025-11-01T20:13:12.219364+00:00,2025-11-01T20:13:18+00:00,179
78ffb2afa4531e2e5c738a67779c43a61a271ffab164837e02676def484f347f,2025-11-01T20:13:12.337303+00:00,2025-11-01T20:13:18+00:00,179
fdf658b89197d70a880e088be1764faa3c08b1103712861c3ff3b16cf34ca198,2025-11-01T20:13:12.455292+00:00,2025-11-01T20:13:18+00:00,179
3837e48fdb49e2096c816f51093f30c95e1155ba521c1951fa1c3d82aa43c30f,2025-11-01T20:13:12.581255+00:00,2025-11-01T20:13:18+00:00,179
ae09f334a0c6235d010cc0888a95e01273698adb9ef821b59fdb8b08d0f4c3d9,2025-11-01T20:13:12.704345+00:00,2025-11-01T20:13:18+00:00,179
a82ffd01b20c393a42e942b9423ff46bb5b8b4b047a5b12853389ed5c098617f,2025-11-01T20:13:12.821249+00:00,2025-11-01T20:13:18+00:00,179
5ef4038d37365a245f794b7739627ee98b37de846a4d578bdb4a2e7597b3194d,2025-11-01T20:13:12.940271+00:00,2025-11-01T20:13:18+00:00,179
9aae4ef243023503b77f069bea81c5f363d229a9973b3e540891a8e233af2212,2025-11-01T20:13:13.112699+00:00,2025-11-01T20:13:18+00:00,179
56055d017468aa4c70fe94117fdd0fc441b7c2c474daff01b811c2c7db27e8bd,2025-11-01T20:13:13.230095+00:00,2025-11-01T20:13:18+00:00,179
431957d01a9a28feb61542ac03733efe5d7afaa860996c3aa41a54bfc1120531,2025-11-01T20:13:13.346314+00:00,2025-11-01T20:13:18+00:00,179
d86e94fa2ac81807da9699d5d7813711fc6d0a7a6c84466b0a9e65e5440b31b8,2025-11-01T20:13:13.464519+00:00,2025-11-01T20:13:18+00:00,179
06f40f9d64002e04416555c9d663db9f4928af8a02c8746b3a31b12a2af6e5fb,2025-11-01T20:13:13.585007+00:00,2025-11-01T20:13:18+00:00,179
dfa499a4120b037a732450a7f3614809e5f07cc1ad157b6b18711a75fa5711a8,2025-11-01T20:13:13.704883+00:00,2025-11-01T20:13:23+00:00,180
890518b3f657d667c19ecded0bdf468338517d5d91c3826777b5850d47046f63,2025-11-01T20:13:13.829582+00:00,2025-11-01T20:13:23+00:00,180
a20e4c1466635bdeb433b2ea864890f7eec752bc963f358018e4876e5b17dc43,2025-11-01T20:13:13.953738+00:00,2025-11-01T20:13:23+00:00,180
4b30238afcb3dd40064dd784b877ae584391078fd12db74b3a55b710436ee2b0,2025-11-01T20:13:14.079327+00:00,2025-11-01T20:13:23+00:00,180
e2731b376055a88e7c257f7cb89f15babbd1dfcb15311048b829d21a5d3abf74,2025-11-01T20:13:14.201562+00:00,2025-11-01T20:13:28+00:00,181
3ce076fe2e49a65f80af2556e66defa3277c75a58e45b3364da38ee132b61875,2025-11-01T20:13:14.324348+00:00,2025-11-01T20:13:28+00:00,181
012602063c6ea3f1e106dcab211b56422de19069c7ed424db9bf6df6e20e9dbb,2025-11-01T20:13:14.446271+00:00,2025-11-01T20:13:23+00:00,180
46143375a4f9f17cdc97b46865dbaf3fae7c03e5b12a47ea377d6bc75cc0a386,2025-11-01T20:13:14.566166+00:00,2025-11-01T20:13:23+00:00,180
a434b573e156df7dbd5a3d0f430c5027589f604218576b2affc98ba1ce4cce7d,2025-11-01T20:13:14.691464+00:00,2025-11-01T20:13:23+00:00,180
201cee131caddb53ebfc819c8d3b4747cd5b5c57b7d715bac0caf0507bd9b9fb,2025-11-01T20:13:14.819681+00:00,2025-11-01T20:13:28+00:00,181
2383b9508a4fbddbbd04642b7c7917eb502a9f962291153075f25949059edf23,2025-11-01T20:13:14.939085+00:00,2025-11-01T20:13:23+00:00,180
bfaeea9e1d666415f8936e9bc9439cae9017a33fc2f3e8f9be41e9a1482ae03a,2025-11-01T20:13:15.062211+00:00,2025-11-01T20:13:23+00:00,180
d1a9173f6051b58f52efa48b0b5d638844b4e23a2952ee281016875991c35c2a,2025-11-01T20:13:15.180598+00:00,2025-11-01T20:13:23+00:00,180
517466e4ecc0d6a653008be5e300cac0d8646a5000d2adcf457fbccb1dc3894c,2025-11-01T20:13:15.304139+00:00,2025-11-01T20:13:23+00:00,180
77eedef6489aabafc254cf0a27715700dab4eb4ff270e038fac9d6f582bda1be,2025-11-01T20:13:15.421085+00:00,2025-11-01T20:13:23+00:00,180
ed5c14b4e4daf87edfa87c77bfd0006b8b832839dfc4fdc238e595243e0d8953,2025-11-01T20:13:15.546322+00:00,2025-11-01T20:13:23+00:00,180
920a5678861faf037099c7d5dafd6733321c040fa733d84249fa4e95e11c606a,2025-11-01T20:13:15.671040+00:00,2025-11-01T20:13:23+00:00,180
bbfade9a5dbb55ecdfa78a8f5789202589f8c85ed8545b5eb48e3b48f49cef0b,2025-11-01T20:13:15.795559+00:00,2025-11-01T20:13:23+00:00,180
caca79af31ccc676475c4af2739b5acdb95027afc15a0d98d49a6d028e04943f,2025-11-01T20:13:15.921287+00:00,2025-11-01T20:13:28+00:00,181
289f5c3641c8dca93bcb3b35df3732a157f10f7c72bf9c200e7cdad5605afb3d,2025-11-01T20:13:16.050182+00:00,2025-11-01T20:13:28+00:00,181
3e80d7249c05015f81248cfa3cbf481e163d43565deccb042cf4e5de9a3be1e5,2025-11-01T20:13:16.173548+00:00,2025-11-01T20:13:28+00:00,181
b39ef5c36bf69d16b8e737121bba701e23f6745556f1d9f1f311d6603015b695,2025-11-01T20:13:16.291068+00:00,2025-11-01T20:13:23+00:00,180
e84361381f24643a8244e2384d5048e2fab8d049f7a01d16f6fdb80f0a13f088,2025-11-01T20:13:16.409808+00:00,2025-11-01T20:13:28+00:00,181
beaab19e60297b5d1e4ccc4016ea9ff61c26422dd61ce6679bcb1fa0d54c43e8,2025-11-01T20:13:16.530785+00:00,2025-11-01T20:13:23+00:00,180
77e2648a244dc88d9491bc1660f4d04284b7eb4adf71e7f74aec9abf5d78534e,2025-11-01T20:13:16.653805+00:00,2025-11-01T20:13:28+00:00,181
4b535847149481126a66310135d62155c757c8031c5304ce10e2f8b6dabc39a6,2025-11-01T20:13:16.778351+00:00,2025-11-01T20:13:23+00:00,180
2fb9ea27151a419206bc921bb3b1ed04676757cf506d718ff0dafe9f50bad7f8,2025-11-01T20:13:16.902350+00:00,2025-11-01T20:13:23+00:00,180
0b5d015ebefc89a0bcda19d402d787d2cf264b9d4382f36a6e8c2d9ee7f3c82d,2025-11-01T20:13:17.026714+00:00,2025-11-01T20:13:28+00:00,181
fb6d88a1dc54c6943923ec3c4176d85d9863ec2f9d73d5edecfb946b673cebf3,2025-11-01T20:13:17.149759+00:00,2025-11-01T20:13:28+00:00,181
88defc2b90db2c2f234262da94684ff00b52e45d8b867416097742e6f2225704,2025-11-01T20:13:17.268852+00:00,2025-11-01T20:13:23+00:00,180
130f0e9cf309e7c62f5477ef3f8a2cf1c250e26027358170779b3263709593f4,2025-11-01T20:13:17.391787+00:00,2025-11-01T20:13:23+00:00,180
cb73edf803e244ee848bccecf1ebdbf5234053b2d248a38055fa6364193acabc,2025-11-01T20:13:17.512934+00:00,2025-11-01T20:13:23+00:00,180
bcacf130cef40163e87ffa9859e55171159372210f38caf19e5b28bd7868711c,2025-11-01T20:13:17.638123+00:00,2025-11-01T20:13:28+00:00,181
74fa0d480354fbbe2c372fec5178e280ee16d185a7dea918b1126e628b54c96b,2025-11-01T20:13:17.760254+00:00,2025-11-01T20:13:28+00:00,181
1e857eb38eafd06c8625c25a7d14a528f8c71fb5f8917dabced51bc39929f6c7,2025-11-01T20:13:17.883029+00:00,2025-11-01T20:13:28+00:00,181
26df7c72e9bc4fb1d6e2ba46162c598b3f940b8d0b4eb05afc20d2a525819716,2025-11-01T20:13:18.012768+00:00,2025-11-01T20:13:28+00:00,181
634eea362a02a188ee147dcf451caf8f5e5194af3c7fbd5fb634f7a169445b27,2025-11-01T20:13:18.199530+00:00,2025-11-01T20:13:23+00:00,180
c7662853debaeab350c519fc8fe1624c6ca814ebc0c7a11c6efd639e818536e1,2025-11-01T20:13:18.314214+00:00,2025-11-01T20:13:23+00:00,180
726086695156f228ece915c8e4225693978cf681c407b15e27182f2d57530024,2025-11-01T20:13:18.431041+00:00,2025-11-01T20:13:23+00:00,180
76b30a32edbb2fa631ccc7f131cc4076424d0478e50467916b6227b9be6c3970,2025-11-01T20:13:18.548257+00:00,2025-11-01T20:13:28+00:00,181
d9ed66a1b31c8412a76cc89b054dbac73d6338b41747dcbf562b1e6b797a7360,2025-11-01T20:13:18.669532+00:00,2025-11-01T20:13:23+00:00,180
3d697c4def0d34ee66b8c67c2cc811437f69151d20f688aac5e32a5ec2736b45,2025-11-01T20:13:18.788108+00:00,2025-11-01T20:13:23+00:00,180
437be5deb27ad68ab97b907d16677f222c5dc3e4aa02d8482da2f7c731929084,2025-11-01T20:13:18.910261+00:00,2025-11-01T20:13:28+00:00,181
98df0f9ce6c9a04cd3d2ba2e0e3bd01a2d36bee20e31799133af70bd69020e17,2025-11-01T20:13:19.034284+00:00,2025-11-01T20:13:23+00:00,180
e5403ff1dac2a5f121ad88e6c8b75fa242ada066d9248b38c5d137e47685ab71,2025-11-01T20:13:19.158208+00:00,2025-11-01T20:13:23+00:00,180
7b7d31ac3e61854150a2bb87ee0220611f9c10df2c6d61059a5b93ebfb05acb2,2025-11-01T20:13:19.272203+00:00,2025-11-01T20:13:23+00:00,180
8d70635f917cd9fe7ffe11eb97c3d016ce64027a4f8470a590ecc9b6cd5d5c8a,2025-11-01T20:13:19.386518+00:00,2025-11-01T20:13:23+00:00,180
3804dfebd795c2e6fabb235397ba9fbaefd09cc618ea1879de1c380eb0af0bae,2025-11-01T20:13:19.503998+00:00,2025-11-01T20:13:23+00:00,180
38de7aeaa63c5278fdb368f715c403310947f718dfd13860379a8450139ed185,2025-11-01T20:13:19.624382+00:00,2025-11-01T20:13:28+00:00,181
0d99b6fedd39587c8490015ffc2a45eef08fe039cf279070cd545902ca964ce1,2025-11-01T20:13:19.739360+00:00,2025-11-01T20:13:23+00:00,180
86128c8593cc74720bb356efd08203504575f4d239d3c77a7b501a005bbe31b5,2025-11-01T20:13:19.858785+00:00,2025-11-01T20:13:23+00:00,180
ccec808230d536ccc211bc6f43318b5b97c713faa3ef3e3086fc8558ec827321,2025-11-01T20:13:19.975285+00:00,2025-11-01T20:13:23+00:00,180
68e55306e8e7d3418f1074f4c4c69eb2ac6ae86bd90eca516bbc690fd21cb803,2025-11-01T20:13:20.097551+00:00,2025-11-01T20:13:28+00:00,181
1d931d30a99e77084d67e42e24af61b881c58b3e5e5c87616a3c5258e1cf903a,2025-11-01T20:13:20.213050+00:00,2025-11-01T20:13:28+00:00,181
5ab4f8dcd514d83b736985071ef8d52bd3c9e82873da88aa3b8cf21943e17da7,2025-11-01T20:13:20.332112+00:00,2025-11-01T20:13:28+00:00,181
245c5c449e509faf861b5b2458356246f902001a185b1e1457f94aef8d71c672,2025-11-01T20:13:20.454918+00:00,2025-11-01T20:13:28+00:00,181
21b6071857c9ff993d073d58cfa54be676f2a8b68503bbde14cd5e080ecfa40e,2025-11-01T20:13:20.574806+00:00,2025-11-01T20:13:28+00:00,181
6460509cc2e36653b5116db199fc1a692b7933ccfcd6b7669a0f650bdbed5433,2025-11-01T20:13:20.692142+00:00,2025-11-01T20:13:28+00:00,181
28c8a8a7910597c789a5e1df04e8d2150cac95c052e4c2f17debce91eec08d54,2025-11-01T20:13:20.810442+00:00,2025-11-01T20:13:28+00:00,181
099fdc797e85bb2f74e37abd497f9ad419427c81935d42318a3a580c24267643,2025-11-01T20:13:20.932370+00:00,2025-11-01T20:13:28+00:00,181
c902f8c981fba29cb92d09eee90fdcc3ba7c2ff771e9ae896d9a3f8e34b8a931,2025-11-01T20:13:21.056531+00:00,2025-11-01T20:13:28+00:00,181
00e1c074df31e314e37e84c8c204eb1f17da66c3f6a2fc470258a9728c7f9153,2025-11-01T20:13:21.175726+00:00,2025-11-01T20:13:28+00:00,181
2bfc99ea295d6b7f9912cc82fd87eda1ddac01b7b9e515273d1772004d65f296,2025-11-01T20:13:21.310778+00:00,2025-11-01T20:13:28+00:00,181
47723ab5e77bbd76472245687f86f87c9b7170e6a6426d34c49587968ece708e,2025-11-01T20:13:21.426581+00:00,2025-11-01T20:13:28+00:00,181
c45b99975d28e93e05dbd4834c4f18ff6ead97eb40c7f10cbfe21b4c67a1d0cd,2025-11-01T20:13:21.542240+00:00,2025-11-01T20:13:28+00:00,181
b15adf9526bc2ebfbf1a4c0e0e9ee8f19ac69ff44b968347230983723323e8de,2025-11-01T20:13:21.659531+00:00,2025-11-01T20:13:28+00:00,181
1440f929290b303d0215c1fa1f4a50f9ffc84b45865e2f02b2e523e8acccb8b8,2025-11-01T20:13:21.780122+00:00,2025-11-01T20:13:28+00:00,181
adb4b414d7596c3f68c75c51594fad227e90cf48ed2d5b231a335c0dcc6c1da7,2025-11-01T20:13:21.896449+00:00,2025-11-01T20:13:28+00:00,181
850198680d80498dd481655761df2f9be717f5e688dcf85ee1bb5083f82b5249,2025-11-01T20:13:22.061345+00:00,2025-11-01T20:13:28+00:00,181
e104f60546016bb9bd9300d231af57fb894ae2d62f6b079a2478eaa7d0fa2ef1,2025-11-01T20:13:22.178093+00:00,2025-11-01T20:13:28+00:00,181
cd654a2b1db8d3e17a259de023656e8d88f8a46d266e1adb1481539097604d19,2025-11-01T20:13:22.296934+00:00,2025-11-01T20:13:28+00:00,181
ec288e334baace9c508c72b11fc16f5c806bf71b397d5071d58487081627ff3b,2025-11-01T20:13:22.414438+00:00,2025-11-01T20:13:28+00:00,181
6a9ec098da10fe8addbefd71d11410d127534b205e11f90d87690638dbb16af7,2025-11-01T20:13:22.541418+00:00,2025-11-01T20:13:28+00:00,181
ff4a66a0a94de7e61c20c46889a4476243a17aeacd805649a64daff56adb12f3,2025-11-01T20:13:22.660150+00:00,2025-11-01T20:13:28+00:00,181
b80b680a86db7c84da9de4c0eb9fa1f2a0069c8ab03bc6c9f4632f4e6e9befa0,2025-11-01T20:13:22.778380+00:00,2025-11-01T20:13:28+00:00,181
5d2a029634b88a04a37584d02fd71a4bf1f4383a0674372117d0188a687fd977,2025-11-01T20:13:22.897684+00:00,2025-11-01T20:13:28+00:00,181
ed2904a152f181ef8edd44a38849666f0c55873b0b6f7dd635296d0fca2a2062,2025-11-01T20:13:23.023009+00:00,2025-11-01T20:13:28+00:00,181
b7f648b360a1ee444c2bb4336216c85390708896203d79c650901ef42c5c51f9,2025-11-01T20:13:23.191813+00:00,2025-11-01T20:13:28+00:00,181
59c2c2c1dc0144954ee80479a28160ca9d2d26cb3dd0ac5b888d797a5d5cb41e,2025-11-01T20:13:23.307473+00:00,2025-11-01T20:13:28+00:00,181
ed94930397fd7a83c2bc777994a9a430ccac04436b1a89ca32b699a14cc5d9dc,2025-11-01T20:13:23.421982+00:00,2025-11-01T20:13:28+00:00,181
591ff02098ac46f0eb806a1f9c648e84975ac81f09c5527f72afce05ff6a2c49,2025-11-01T20:13:23.538676+00:00,2025-11-01T20:13:28+00:00,181
265419f16a858649a53b9143a4a6d70b4692df7f1ead421d6524e8ae1ab64e0c,2025-11-01T20:13:23.658119+00:00,2025-11-01T20:13:28+00:00,181
017f34ae80924ac7da13a54dd2ae4c4c31a866ad3c52849fd4fb8badbaf167b3,2025-11-01T20:13:23.777815+00:00,2025-11-01T20:13:28+00:00,181
782674c2a52b4637fe9ed3c98c775cc3d0cd371fdc0712c53bbfbe00ac49e351,2025-11-01T20:13:23.891758+00:00,2025-11-01T20:13:28+00:00,181
8171816c443c812ec83fc8c376fb21d2ceae7d7a4f2cac9a596a3ad66ae5c9bd,2025-11-01T20:13:24.004834+00:00,2025-11-01T20:13:28+00:00,181
a7783a54ce3d9595615db1f404d96df3ae5c7284c1cd813036ae75c2b39d3de7,2025-11-01T20:13:24.121772+00:00,2025-11-01T20:13:28+00:00,181
a1a122f4be65e5fd650b45dc699a4f3a6e14dcda9fb154b107f95455b4584559,2025-11-01T20:13:24.236398+00:00,2025-11-01T20:13:28+00:00,181
28b69b1ce038dc5c1cf48d40f28849d04b20e2bfe23e7e19ea631ee24ff3e3d3,2025-11-01T20:13:24.353804+00:00,2025-11-01T20:13:28+00:00,181
34795f0a18994887fe9b5b323c73de806c4b71fea5094563268bfb52a3aeea8b,2025-11-01T20:13:24.470339+00:00,2025-11-01T20:13:28+00:00,181
f8f6b621d5af7b8617b0f71ba92a711efebcecfad5d29deef3c779cecc4c7915,2025-11-01T20:13:24.587899+00:00,2025-11-01T20:13:28+00:00,181
ab09b4a662378cafdfc413b141f5978629115122f05f2a8c578fbe56d5168ece,2025-11-01T20:13:24.703821+00:00,2025-11-01T20:13:28+00:00,181
81f148f7ad48e69b414a9e6821f59ee442eda9358980dc5ba4c1fca31e2c82fe,2025-11-01T20:13:24.818814+00:00,2025-11-01T20:13:28+00:00,181
295f02fc6b6f6c1867cef70a29421b25fbe7a4a52c6742cb277b0b99f9f6266e,2025-11-01T20:13:24.934975+00:00,2025-11-01T20:13:28+00:00,181
8f2785ba74a661046f2f9fadaf678b8c20fe858b3fd41dc8fbde824c9000e33a,2025-11-01T20:13:25.048397+00:00,2025-11-01T20:13:33+00:00,182
5545b49382333b0cde99f6a43cc1c31a2a70c6cde6494d56ae7652539d71b48d,2025-11-01T20:13:25.167756+00:00,2025-11-01T20:13:33+00:00,182
eedede4a1e0cb63130b63fc98df1322d6595bf3585032e0e2bda6b9f6ecfa120,2025-11-01T20:13:25.282482+00:00,2025-11-01T20:13:33+00:00,182
a10fac7e7fb7a98a2a98b11260b31e58b6d310aed5fc9ed04958c2ab7ccd9318,2025-11-01T20:13:25.395738+00:00,2025-11-01T20:13:33+00:00,182
12ebee44a6ce234001a4daf72ea8b0473fbe2d8624bf8b99683c998b1022d750,2025-11-01T20:13:25.512077+00:00,2025-11-01T20:13:33+00:00,182
336cb84be36d3f7df95baeb54e9b25841e2bfbdb76d319f123018440a86ea684,2025-11-01T20:13:25.629296+00:00,2025-11-01T20:13:33+00:00,182
ebab0fe819b89e6d845d8ca17f3c4cb7b0302e48d5d978fc93ecaedb10bfe532,2025-11-01T20:13:25.744628+00:00,2025-11-01T20:13:33+00:00,182
0d234d4158b483693e889e6eb7e043f27843802c06baea6e5f0159ccbb4ea5a1,2025-11-01T20:13:25.859450+00:00,2025-11-01T20:13:33+00:00,182
d50a6395140c48190eef98b4b63dd62bc24a121a4d331315d77142901321e808,2025-11-01T20:13:25.978292+00:00,2025-11-01T20:13:33+00:00,182
1d74222f214f49c5b7a914f161959cb4e2cd683803ca60c155de1cfb0b70d033,2025-11-01T20:13:26.099017+00:00,2025-11-01T20:13:33+00:00,182
15dc13f984f57718e54282ef46760e7158f3dd39d2caf10cb965df28312d6eb8,2025-11-01T20:13:26.217898+00:00,2025-11-01T20:13:33+00:00,182
04290c5d2f8c07cad50210338874c230660612cffdf28d13e6a865aa34743362,2025-11-01T20:13:26.333261+00:00,2025-11-01T20:13:33+00:00,182
6c95574fe831880d6636eac93137ed26bc73c0f447fe653d16d31df771194b60,2025-11-01T20:13:26.451999+00:00,2025-11-01T20:13:33+00:00,182
b289f4b9ef2ca5907629c4ee4a9765ccd9e9ae7fb366b301599a759a3b17ef4e,2025-11-01T20:13:26.572281+00:00,2025-11-01T20:13:33+00:00,182
0b3b6c41429ba7f7076d3a90c808ab79062bb1b6d960a4c2dd17f2d0d4df796a,2025-11-01T20:13:26.693667+00:00,2025-11-01T20:13:33+00:00,182
9760f7f6b3ad4989f22f9156c006864d2a9f670fbbf78097781c1a9b01ceb986,2025-11-01T20:13:26.814536+00:00,2025-11-01T20:13:33+00:00,182
ae45c48ea240e014f723d7c2fc772edb23c73f2eac3597f848fc54a35fee57b5,2025-11-01T20:13:26.931326+00:00,2025-11-01T20:13:33+00:00,182
d828784e92ca984bd0a71f86699f10806ede1123aace48f29ff2329f8bc12ea5,2025-11-01T20:13:27.046019+00:00,2025-11-01T20:13:33+00:00,182
1bbe6984ad3296b0dea6dac56d6ae088b6b95c4684ae428ceb5ab89a269e385e,2025-11-01T20:13:27.161454+00:00,2025-11-01T20:13:33+00:00,182
54bc69d38bbb8589c3226f7399ad459157632ffbc590a04f9a1ddd9d239e9536,2025-11-01T20:13:27.276270+00:00,2025-11-01T20:13:33+00:00,182
f93d7fe2bea1c92f718aa42873168a78f9b5f1493d0041df0d53b2d914ab68fe,2025-11-01T20:13:27.399827+00:00,2025-11-01T20:13:33+00:00,182
a62e864cc356d668bf3d68e1693b6d0046248788fdf1b5d67bbf53c1099d2fc0,2025-11-01T20:13:27.520116+00:00,2025-11-01T20:13:33+00:00,182
d08e05ce37261c956598ff704ce180e105085e9e7367c75850483537525241a8,2025-11-01T20:13:27.641310+00:00,2025-11-01T20:13:33+00:00,182
b01eb8350cbbe0232be08ac12b2474689c80114db22fb6f984482f34a724421c,2025-11-01T20:13:27.758186+00:00,2025-11-01T20:13:33+00:00,182
5282f15640b07a98e50c836b1e4542eac12e0b81a2ffc2d129c86804d76b5cf8,2025-11-01T20:13:27.875417+00:00,2025-11-01T20:13:33+00:00,182
cfb89706a15feb8cd65c0e60f18ea507b11b7b7b1ea041e8a314d6a32670ca2b,2025-11-01T20:13:27.993613+00:00,2025-11-01T20:13:33+00:00,182
98db76d3ddbc3f40d32b85845b84c31d2b28ebf38995e013f4e9563fc137d6f1,2025-11-01T20:13:28.111232+00:00,2025-11-01T20:13:33+00:00,182
c80bbf4ac2a4656bb79cd05cfd411bf36dc454ef852d7bbce9799c7a8c015a7f,2025-11-01T20:13:28.364694+00:00,2025-11-01T20:13:33+00:00,182
8750341f53da2aa48df73644ce38cebe990dab602764a7a08491f9f8568d12ec,2025-11-01T20:13:28.477213+00:00,2025-11-01T20:13:33+00:00,182
c341596f28bcd7e016fcd0e9d7f0ddfa43c77cfc2bb96ad330217350b5c20a42,2025-11-01T20:13:28.590953+00:00,2025-11-01T20:13:33+00:00,182
6c6128ededd64c040a1d7d5f20f3804921cf703fa03dc433e6d6130eec559da5,2025-11-01T20:13:28.708090+00:00,2025-11-01T20:13:33+00:00,182
3a90478d41dab9372b39931b9a4640df788ecb395ea73f22d8b97ec0c61fdcf3,2025-11-01T20:13:28.822383+00:00,2025-11-01T20:13:33+00:00,182
791ff8bf3b568396463778c6e719a8d31b0acecf3944eb7f585566e348d0fd9b,2025-11-01T20:13:28.938023+00:00,2025-11-01T20:13:33+00:00,182
dc6b2c15465949d3e9fbb1cf4c33a5ecb10410130c329250078379d5a88e41da,2025-11-01T20:13:29.056358+00:00,2025-11-01T20:13:33+00:00,182
e8e7c1ca256587de22e27c90c651279b6995ce52922965f32dc41e83c71ba8ec,2025-11-01T20:13:29.182363+00:00,2025-11-01T20:13:33+00:00,182
cf38e4c0b49d698d216365f9547f409ad5681602b59f411593f44b9e0a7f5725,2025-11-01T20:13:29.363147+00:00,2025-11-01T20:13:33+00:00,182
6bd902f3e5b07983131ffbb15c0cf1a91094e0da38ca8a575242ba0db1e7a837,2025-11-01T20:13:29.477802+00:00,2025-11-01T20:13:33+00:00,182
23bcc5df855d72532ec7fa2f3be9382a7dcc7a2f1a26b26098265a2154526150,2025-11-01T20:13:29.595013+00:00,2025-11-01T20:13:33+00:00,182
14d300cd4a06438ace142f2a7af71bd51643475a51c89d17d701b81944f42d44,2025-11-01T20:13:29.717198+00:00,2025-11-01T20:13:33+00:00,182
a253c5457f00f3c6fd3d7eb19f0fa1239d1b0399541341f3d4a20e5f4fe4d6fe,2025-11-01T20:13:29.843139+00:00,2025-11-01T20:13:33+00:00,182
ec987a541d6e40a017f125c7f37f014910fcb7b146460f7d0528d401ef8a6dbe,2025-11-01T20:13:29.963426+00:00,2025-11-01T20:13:33+00:00,182
4f2661529868c12fd87bb118383b97de95c40ab58309f035ed0cb0a43f4032d8,2025-11-01T20:13:30.078375+00:00,2025-11-01T20:13:33+00:00,182
9d33ec77117d57fbe97c96e1fc87be2c7d25e29ee1e3dc89b0606c3397962c15,2025-11-01T20:13:30.194735+00:00,2025-11-01T20:13:33+00:00,182
99b9861b7b10ff00eea3f1458b5191a367973d406b6250930fd85e8c2ab61922,2025-11-01T20:13:30.311225+00:00,2025-11-01T20:13:33+00:00,182
cef35065b7ca41824bf61e726ba1a4633719c52ab229b2f7c7c8ccbc276b8082,2025-11-01T20:13:30.428051+00:00,2025-11-01T20:13:33+00:00,182
d9c24a0512e6300c692976ab5d15db043d8611f6423f9868ec1b7460cdf4003d,2025-11-01T20:13:30.543849+00:00,2025-11-01T20:13:33+00:00,182
b8c4053a6025e79ca5d4754cc2c97b8c532fc0501b9e05aa72ffa508832017bf,2025-11-01T20:13:30.658314+00:00,2025-11-01T20:13:33+00:00,182
514179cb9f52f975cb5f1091ff4679477e3f95d44e0cac66b7f6e67fbf5e0858,2025-11-01T20:13:30.774677+00:00,2025-11-01T20:13:38+00:00,183
91b093a75be46b16e87391ee1c2c414921bf289e38c1c00586cafefd2254abd1,2025-11-01T20:13:30.894117+00:00,2025-11-01T20:13:38+00:00,183
209dc1da64a12c5c3bcc2c62f2eb33bd562a1e41001e88d3aaed44e4fb799325,2025-11-01T20:13:31.013283+00:00,2025-11-01T20:13:38+00:00,183
2918c0d043cceb900efdbd4097fbbed64ee40a83990f5300f6b3fbdd3992c3d8,2025-11-01T20:13:31.127348+00:00,2025-11-01T20:13:38+00:00,183
531167a7a430556ca21e2c8402d9f250becc415b46cba6e04479c90252c42cc9,2025-11-01T20:13:31.252459+00:00,2025-11-01T20:13:38+00:00,183
a859ba29cec4e607391be190c6d153a4bb7d6d12f13ba19bbe0292495331045b,2025-11-01T20:13:31.368315+00:00,2025-11-01T20:13:38+00:00,183
f8463d91f390c5b1c7fb82320e7935625cfc66d8fecef2f7be98801bb43ae1e8,2025-11-01T20:13:31.487826+00:00,2025-11-01T20:13:38+00:00,183
26f20c3f510d297df30c467e5563a13d83f9c0ea35bebced0578bce426b37746,2025-11-01T20:13:31.604665+00:00,2025-11-01T20:13:38+00:00,183
516712cc27f7a33dcdc1299459658553dc7f69562e5cb595200ebfc95235107c,2025-11-01T20:13:31.730831+00:00,2025-11-01T20:13:38+00:00,183
d172eb92edf8cd4217cf0de53c432cbd0f6cf0ec992be481ef3af60ca66c0992,2025-11-01T20:13:31.849927+00:00,2025-11-01T20:13:38+00:00,183
4ee999d6ad9efe0628a054ab2c132c2248bd1e3c6cabed7263cee7f67d4e03f0,2025-11-01T20:13:31.967575+00:00,2025-11-01T20:13:38+00:00,183
df9987881f5fa25a0e5579d4e91ee797136284b831dddfbb970198f934f90ede,2025-11-01T20:13:32.090324+00:00,2025-11-01T20:13:43+00:00,184
a3a076416b7d25788fe86c946c3835937968043c975b6db8e0c0cfc7bbf0c394,2025-11-01T20:13:32.208572+00:00,2025-11-01T20:13:43+00:00,184
b5eb7887711758535d0372bc3ed9a1c0fb544f5099b03753466df963536f84f5,2025-11-01T20:13:32.325572+00:00,2025-11-01T20:13:43+00:00,184
967ea14c0313d383e479dd4b31f6d7fd6942a5b6d1b35630c91e102b7f22a671,2025-11-01T20:13:32.449862+00:00,2025-11-01T20:13:43+00:00,184
bc4c6e1105278486d553c55b62263fc08617f80507ddce41714b5713c8bc31ed,2025-11-01T20:13:32.573703+00:00,2025-11-01T20:13:43+00:00,184
8d5b5c450f7c25c72c031fa4bdb4123a6fe48328d87232cd23bea296e3091fc4,2025-11-01T20:13:32.694503+00:00,2025-11-01T20:13:43+00:00,184
2563ce44ef95da666301ff326585edd9249465699ab9e92f5fa32a633a071e2d,2025-11-01T20:13:32.814921+00:00,2025-11-01T20:13:43+00:00,184
846d8343dcb26b5a6b02104e7bd914e33326ea690c230620658a6d3395d410c0,2025-11-01T20:13:32.932159+00:00,2025-11-01T20:13:43+00:00,184
0f87ca8959bf729519bf2178f1076cf9fa18c830d284447f0f508667a2e3eb3e,2025-11-01T20:13:33.049049+00:00,2025-11-01T20:13:43+00:00,184
a3a3e80d35fe5fa44445c1e7c6ee3c969178024393edbd1f9a9432148240c544,2025-11-01T20:13:33.168577+00:00,2025-11-01T20:13:43+00:00,184
c008024eee6722b0f0a3de544fce1652fa5aaa0e424ef6a01b5d47091f97fc39,2025-11-01T20:13:33.404004+00:00,2025-11-01T20:13:43+00:00,184
7075ac5345bbadb240da11fd868eacb4cfca7388b57eaaf23813c97cf8308d67,2025-11-01T20:13:33.519959+00:00,2025-11-01T20:13:43+00:00,184
546ff65160adca4dd1a338e0b565c6d60671652c5e342eebdaf3c5585147604c,2025-11-01T20:13:33.639787+00:00,2025-11-01T20:13:43+00:00,184
edf1a22dcd4f4b763e26679adba2f2ef68a668b182a5e1a8fed2f09be41531cd,2025-11-01T20:13:33.760187+00:00,2025-11-01T20:13:43+00:00,184
ef37863dbbd27fc9af3d8d065c0c98969c076a3b1eddd3b04bb2c22d9be784ca,2025-11-01T20:13:33.880457+00:00,2025-11-01T20:13:43+00:00,184
ec0808b2c05a55968fe2257dd3d813a0fbc3d9d4d31d891c1ab900f378f55efa,2025-11-01T20:13:34.002871+00:00,2025-11-01T20:13:43+00:00,184
f226931d51631f8100bcc20c5d7f6d9eeeda6d1478e49c6110d647039f8ac34d,2025-11-01T20:13:34.130083+00:00,2025-11-01T20:13:43+00:00,184
be0d51cfaa116e691a3aa86c681310356c28f060ba380157c20c669dc28be41a,2025-11-01T20:13:34.257011+00:00,2025-11-01T20:13:43+00:00,184
9cc6bdba3612884a13331354e71b239803edef9d14e9534fc4a718cc355b7e14,2025-11-01T20:13:34.386354+00:00,2025-11-01T20:13:43+00:00,184
c0e86c7457c87ec533bd5deabd7e2080a00c6c37b850d348f5ce470d902ccd9c,2025-11-01T20:13:34.507802+00:00,2025-11-01T20:13:43+00:00,184
7e3f97090b33925f5139f2d84546306901c90c6f0d3567d71cb736598dfb1b02,2025-11-01T20:13:34.627765+00:00,2025-11-01T20:13:43+00:00,184
8e9d0e9b9d833ee8bfe840ce2e1dbcb9dcc2575a1300c40f81ec38adf1341545,2025-11-01T20:13:34.752177+00:00,2025-11-01T20:13:43+00:00,184
2070f013643cd686fb50fcdbda7f8b11619046e5b517c26e17781f28a6e0525e,2025-11-01T20:13:34.875073+00:00,2025-11-01T20:13:43+00:00,184
b88d2833b06889b89ebe40e2a75e60e3daa17f699cba8c99905bdb904828adef,2025-11-01T20:13:34.999843+00:00,2025-11-01T20:13:43+00:00,184
23ef43fbfe1c767488dc6a01c4112e232cb2a1f8da6395b3da5401aa15da48da,2025-11-01T20:13:35.129549+00:00,2025-11-01T20:13:48+00:00,185
43fb744a16db5b3ddb7bfccdc5a0cad13e259d0f600a0f0f3a1fbb468b809d16,2025-11-01T20:13:35.255417+00:00,2025-11-01T20:13:48+00:00,185
3e042bef2d846df14b955693eeb3cdc7a32d5da4439c2954ce1f60aa4d440438,2025-11-01T20:13:35.373889+00:00,2025-11-01T20:13:48+00:00,185
b70f7b52f99f6e128a2b5186582165601ee6c043888f355ea480aec0c23095d7,2025-11-01T20:13:35.496937+00:00,2025-11-01T20:13:48+00:00,185
185d5c1eb434cf0b9dc4211916e75cf69d7ce570ab546ff8a388d80214e643a5,2025-11-01T20:13:35.627479+00:00,2025-11-01T20:13:48+00:00,185
fd39ec52f46b50064dcc2059ce66dcef8dc0e2cd0425e1922ca304d405b7d958,2025-11-01T20:13:35.747985+00:00,2025-11-01T20:13:48+00:00,185
452348601b6f85356bfa3145ee6424296d4b021b1b9b72f3f8fafd6047761ca2,2025-11-01T20:13:35.874185+00:00,2025-11-01T20:13:48+00:00,185
ba92316e00f2e76d177db2e2c8bef7f104aa32df85e686abacb99713582631d4,2025-11-01T20:13:35.996236+00:00,2025-11-01T20:13:48+00:00,185
27e1139272ec5337468d7ccf7b0bce0ebb707a91b697a16ac9c5c867373efd77,2025-11-01T20:13:36.125745+00:00,2025-11-01T20:13:48+00:00,185
22e8e73808c2e4c0010a83c59e68aac73fe323c8cfd337c0b49c2700679c193a,2025-11-01T20:13:36.248777+00:00,2025-11-01T20:13:48+00:00,185
91911da6aec4a0e1979b9e9731d90637a8c9ecd6af878acc966eafaea861ba5f,2025-11-01T20:13:36.373572+00:00,2025-11-01T20:13:48+00:00,185
1b0e542aabbc4dd9bafea1b06674b051d25bfca97168d89c330e3cb4d2bf53c5,2025-11-01T20:13:36.493558+00:00,2025-11-01T20:13:48+00:00,185
8f07f75900ae5c41c8e67910b67f4feaf8a351669051abc3d49caf8efef65d73,2025-11-01T20:13:36.614633+00:00,2025-11-01T20:13:48+00:00,185
699f92626420fd3ff869f045b8711687256e1453b4ef4a3d5e7e75ec587a0e4b,2025-11-01T20:13:36.739767+00:00,2025-11-01T20:13:48+00:00,185
0fa9f7f1ad4c5aef5472e398024545d9cc9084900671a0fb3adf00dfc34b8441,2025-11-01T20:13:36.859833+00:00,2025-11-01T20:13:48+00:00,185
5e119feb262abf7c8a8eab2f6b4bfe6f81e5470c73abe21e93a9f20d9bd110fe,2025-11-01T20:13:36.980981+00:00,2025-11-01T20:13:48+00:00,185
36de09041339cd265bcab918f260613b7847190b44da2a62208c0874c9533966,2025-11-01T20:13:37.103082+00:00,2025-11-01T20:13:48+00:00,185
48d5ab92dc5c8a1922db362d204b61cc0fc30ba97179463c3a61b9100e1dcc13,2025-11-01T20:13:37.225461+00:00,2025-11-01T20:13:48+00:00,185
f4bf8023f5b18b2b8397eb11d96bd53e472b04117fe524fed508a8b6b8de1a3d,2025-11-01T20:13:37.344656+00:00,2025-11-01T20:13:48+00:00,185
1ee12692e8f8a638a845b1163f3555c891358ea9ff77bb6ad45502b167be4ad9,2025-11-01T20:13:37.472160+00:00,2025-11-01T20:13:48+00:00,185
6147a50906162fc6c6c8437bedb00311a862212f48d8bd3050208b41e083558c,2025-11-01T20:13:37.595839+00:00,2025-11-01T20:13:48+00:00,185
e0bc154b396d1a518e37e2558630f6efaaa5b15b3c29b85cd091ebe4450076ea,2025-11-01T20:13:37.720839+00:00,2025-11-01T20:13:48+00:00,185
ee91135c392710c86176eede4044c027de7c0f00a9fad492bc84381f6df6e337,2025-11-01T20:13:37.843116+00:00,2025-11-01T20:13:48+00:00,185
b2081ad61c128eed9d6d0d56e01897d6650588b2d3d37e9942645232a4cd177c,2025-11-01T20:13:37.968623+00:00,2025-11-01T20:13:48+00:00,185
7864987c4008ba6a163873b10412c9e74414cab92979cd0dd02ef254a2917c5b,2025-11-01T20:13:38.087009+00:00,2025-11-01T20:13:48+00:00,185
0a43a424dc92dea390ee45187786f21c4da14daffc38740a3a2c9633eb97938a,2025-11-01T20:13:38.209427+00:00,2025-11-01T20:13:48+00:00,185
fa0a6fbbf948a6cc88303a81b4670566333275c9769bb9b85f30aee2e0a7f117,2025-11-01T20:13:38.328997+00:00,2025-11-01T20:13:48+00:00,185
0fcdf1406e3f8316634a8201aae7c19cae3fc357a82edee7769217d1f133f8c8,2025-11-01T20:13:38.446121+00:00,2025-11-01T20:13:48+00:00,185
631a5de93fe4b8ace27509b532ff297da977a625f08fc0c48bc1c797c9c0c6b6,2025-11-01T20:13:38.567839+00:00,2025-11-01T20:13:48+00:00,185
91497943d0d06c6a1be8ff287b8fe6fb44e0445ea52f5cd3db630b6cc7df4ad3,2025-11-01T20:13:38.686974+00:00,2025-11-01T20:13:48+00:00,185
802f7e5866f3c3b13b34a81ba36800149ab4716ea94b6e9803202760162b2103,2025-11-01T20:13:38.807377+00:00,2025-11-01T20:13:48+00:00,185
73c1c9b73a0cf5f5220c3235bb453174c6ea36c19c2ddee743dc0eebcd30461a,2025-11-01T20:13:38.927122+00:00,2025-11-01T20:13:48+00:00,185
396f3b146f8dd1d948f1e4fb41439f1273d9fdea2fed8a33b4ae801b9a9e4a1a,2025-11-01T20:13:39.051399+00:00,2025-11-01T20:13:48+00:00,185
edcc268a3fd0b5a6ac61cce2e1cf0e8a7df8f4dceceb76b6510b42e6f01487b8,2025-11-01T20:13:39.178872+00:00,2025-11-01T20:13:48+00:00,185
a91e5dd3d3e17693ac5f53004da054ff5dcc73d195b2901d77c6742ea178449e,2025-11-01T20:13:39.296795+00:00,2025-11-01T20:13:48+00:00,185
74f68007bbdd8b009431d7340bbc4bf3313dab6668b088d6f4995b7f433acf3d,2025-11-01T20:13:39.415039+00:00,2025-11-01T20:13:48+00:00,185
869ba2828542f8abebbcee93283b7545ad2e9c614efa3b0111dea8285eba09f9,2025-11-01T20:13:39.537213+00:00,2025-11-01T20:13:48+00:00,185
df867a1ef3cc23208cbe826224a662e0726370204bc873f5e450a14acbced474,2025-11-01T20:13:39.661998+00:00,2025-11-01T20:13:48+00:00,185
903c7d5fdf7b7b8594bf85f13097996d0737ac52f371add6f1ecb412ae4422fb,2025-11-01T20:13:39.782320+00:00,2025-11-01T20:13:48+00:00,185
cc780d5ff909cd275ad3b562303828a9252a9ef023effd187dde0f0d35bad928,2025-11-01T20:13:39.908074+00:00,2025-11-01T20:13:48+00:00,185
fb356dc7b655e487c47370ebc7894d8e07097801734b18628cbffc4ffd1cf995,2025-11-01T20:13:40.032863+00:00,2025-11-01T20:13:48+00:00,185
e6434a73ed964216f5e86c0ddfcc0a0866a5473e4d177173b221abb60020ce99,2025-11-01T20:13:40.163327+00:00,2025-11-01T20:13:48+00:00,185
ac1c49e3bf8adc2c575fbdb11e76286674d6f83482a127194b9c97bbcced252a,2025-11-01T20:13:40.281412+00:00,2025-11-01T20:13:48+00:00,185
ff65f485f9e309219ba9ddf7597f0e1de3f321f2e1b7d0e9807033a82a12cde2,2025-11-01T20:13:40.406609+00:00,2025-11-01T20:13:48+00:00,185
d88803d8d6f9982a084c0ce5fa27ebae9de8d97ecdad92ebe03c89ed9ba113ad,2025-11-01T20:13:40.531787+00:00,2025-11-01T20:13:48+00:00,185
0943902986696a3b66e4371beba1ae55a224da522171574ecbe56c6db1853322,2025-11-01T20:13:40.655780+00:00,2025-11-01T20:13:48+00:00,185
5f3457bd5fafb7b421ccf4a47cdf9579551492da58ef0430e9c2007573f98085,2025-11-01T20:13:40.781243+00:00,2025-11-01T20:13:48+00:00,185
f8980c426f0134c4c0327f14b726d7080664ce43fd8a698c107c647d27d5f5bb,2025-11-01T20:13:40.901346+00:00,2025-11-01T20:13:48+00:00,185
508572e47eccaf94df5470ab9339bd19ccc3a8c5b928bcea6978738c92c0cf8a,2025-11-01T20:13:41.027408+00:00,2025-11-01T20:13:48+00:00,185
b4e31fb02ba98cab7abf27b6c547e034e576b8db1dbb9a2a55691ed24ec8a02b,2025-11-01T20:13:41.154523+00:00,2025-11-01T20:13:48+00:00,185
c257cf48808e59339588278ea53440dde8f551238c0647f59d7e655ee37dbd7f,2025-11-01T20:13:41.280438+00:00,2025-11-01T20:13:48+00:00,185
da93b6a94cf2423c46573174891c288d0a2371ca4e92a961395a82a97ece4fdd,2025-11-01T20:13:41.398008+00:00,2025-11-01T20:13:48+00:00,185
53f926897e18195516c4de97ab06066651bb0c7ac7d6e02dfc707c849809c55a,2025-11-01T20:13:41.519423+00:00,2025-11-01T20:13:48+00:00,185
2936c9bbaa1636ccb56239f7e2291e7ec954ee438cdcd1a1b69786a3d1df83ae,2025-11-01T20:13:41.650092+00:00,2025-11-01T20:13:48+00:00,185
bc00f2969d6fd328a482bca4502da15a309068ebf7218fef05487b85d23b2e2e,2025-11-01T20:13:41.768941+00:00,2025-11-01T20:13:48+00:00,185
fd2aefd5d27600bfca15fb0906708992aeb1c64edccc110eafb3d3200d7ef330,2025-11-01T20:13:41.881313+00:00,2025-11-01T20:13:48+00:00,185
669690c672afeec71cb18354c14587879e840217414535bb720a245bcf1706eb,2025-11-01T20:13:42.026906+00:00,2025-11-01T20:13:48+00:00,185
d89fe2414d48fc369c2e6a03b4a17bd7b4d0e8e18d40c9f9ad67a2a1687e7a53,2025-11-01T20:13:42.146619+00:00,2025-11-01T20:13:48+00:00,185
e6aae75d0501abd9b076f45659287c7a9f38421246830b80d296b7ea225e7c05,2025-11-01T20:13:42.271530+00:00,2025-11-01T20:13:48+00:00,185
691b2c23cb5ee95aed1fc869c2a8c28ca8c7ce5df097d9bb241f20c4fe33ee7b,2025-11-01T20:13:42.397224+00:00,2025-11-01T20:13:48+00:00,185
8e69f632073d6f397138acfc430f10e0a2eb8bf26a853b3785f2b578b3415849,2025-11-01T20:13:42.523553+00:00,2025-11-01T20:13:48+00:00,185
f85a996f86802e129f5cf43c828a4c19cf8809aa6f809a50bda940e33619bf82,2025-11-01T20:13:42.647998+00:00,2025-11-01T20:13:48+00:00,185
7ada00278860b6d50cc956cf64d59185e0529217a49ab4daf60ba14132e1c0a7,2025-11-01T20:13:42.777659+00:00,2025-11-01T20:13:48+00:00,185
98dc9e4fabffd5262f956c7a86bd3bf404066ddf2e3d744720cbe42f6c045d13,2025-11-01T20:13:42.903399+00:00,2025-11-01T20:13:48+00:00,185
69f4de1a51ce5e760efbf631d3be6053cef016758ecad764591bcde9c944eae7,2025-11-01T20:13:43.025167+00:00,2025-11-01T20:13:48+00:00,185
9436ff2b08992b2d2e8edb15f05dd73225951285c9ddd0c1a4e21318a8945399,2025-11-01T20:13:43.143677+00:00,2025-11-01T20:13:53+00:00,186
f2f32aa7b8d0df34568dc792640760903773f0d38cb3dd937979dd04c3ff9155,2025-11-01T20:13:43.264494+00:00,2025-11-01T20:13:53+00:00,186
948d0f4e973b7dd499181123deeb92d977c455df339387a3a67906c3791934d3,2025-11-01T20:13:43.383591+00:00,2025-11-01T20:13:53+00:00,186
4f6c2ce47202eafddd4ab83a6cd6e9c3f547343f797b1ec4b01073a890a4832f,2025-11-01T20:13:43.501730+00:00,2025-11-01T20:13:53+00:00,186
3b786415a8bb5f8d2cee9db5e48835b7e097a1f55a75c0f315cfdf4264494afb,2025-11-01T20:13:43.620309+00:00,2025-11-01T20:13:53+00:00,186
322ca03e9c9234dc33d3816d93bbae6b5f5c50b1cb6638cd3e2d18eed6ddcb06,2025-11-01T20:13:43.751936+00:00,2025-11-01T20:13:53+00:00,186
1ce1d09f36b61c6389c327d7bb16240a89cf6c989bed73c5be1ef4d2339c44ba,2025-11-01T20:13:43.872517+00:00,2025-11-01T20:13:53+00:00,186
62260b116caa1f7eb0b35a7c678c3d7ba8b62a60768a03e45770822cf76436a4,2025-11-01T20:13:43.991679+00:00,2025-11-01T20:13:53+00:00,186
7d6854cf161299f9cb118b6f6726a13e0ee0c8aca556c21a395a00f502b87f0a,2025-11-01T20:13:44.117328+00:00,2025-11-01T20:13:53+00:00,186
b18b18cc8f0c1d5868dd10903a3f655e63080ef04108d14f8a864446de514e9b,2025-11-01T20:13:44.234280+00:00,2025-11-01T20:13:53+00:00,186
ae5597354ada0bade7b3092ebfd7ec6ff5768767b0a89a0bab9ae51977baff1b,2025-11-01T20:13:44.355425+00:00,2025-11-01T20:13:53+00:00,186
2d705e1e1115246bef19247530dbf1f31c8e12a12bd0a90be784da9ccad58a1e,2025-11-01T20:13:44.478135+00:00,2025-11-01T20:13:53+00:00,186
6d653442100fb5d9cb570818af5c02faf4d34bbb1a7895d3487b82670ea80680,2025-11-01T20:13:44.595933+00:00,2025-11-01T20:13:53+00:00,186
6af4e2725d66831e9ad13a19f52110dbb7ca96e90423bc08c1a4abd4d4fc0161,2025-11-01T20:13:44.720571+00:00,2025-11-01T20:13:53+00:00,186
3e8e9ec886293dcc7df690545a044c0821d39dbd20e3ec6f844d80f51471ca84,2025-11-01T20:13:44.849671+00:00,2025-11-01T20:13:53+00:00,186
60de6cf529c7a9c36c599c4a53cfd2fa07012e83fcc1783f1c4063f4f6142c58,2025-11-01T20:13:44.971766+00:00,2025-11-01T20:13:53+00:00,186
ebd0501e6abf6c41a7ba20b2f2965d9428f69f5b65e948423f798723e68b8f83,2025-11-01T20:13:45.094448+00:00,2025-11-01T20:13:53+00:00,186
24544d548d6806163f1e31a5d8694cfa79d12ce841fb0d2a1a14891d7ca86af3,2025-11-01T20:13:45.219407+00:00,2025-11-01T20:13:53+00:00,186
2beafdb7f5a8ce2379f723654669a06f5b6b06e242f55e89ae06a076a61dd1f3,2025-11-01T20:13:45.338873+00:00,2025-11-01T20:13:53+00:00,186
73b0028b954da79d0fc17e7bd707a1531a9f353e8e7b163508168a8e348ffb17,2025-11-01T20:13:45.461486+00:00,2025-11-01T20:13:53+00:00,186
85dfd369ea83ae7a601c13a117fe2cb7fad0fe3f33f4ce440bf24e1d78085006,2025-11-01T20:13:45.582223+00:00,2025-11-01T20:13:53+00:00,186
ae070bdcde8f4db483e577be58561965a7bb89c7661675907f091d35de9d9dd8,2025-11-01T20:13:45.708771+00:00,2025-11-01T20:13:53+00:00,186
924a04db126151776b5cf73c15ceb4b5828797a273524a55872eee879a33ae2c,2025-11-01T20:13:45.832782+00:00,2025-11-01T20:13:53+00:00,186
553487d5e2fbfed93c091a169c39e8ec1e654280270ec56735026a5ce88bd605,2025-11-01T20:13:45.957413+00:00,2025-11-01T20:13:53+00:00,186
151676aa4e8dce640932c4bace9016c8b38b276d19d3468b872e6cbbc3857a0a,2025-11-01T20:13:46.081834+00:00,2025-11-01T20:13:53+00:00,186
09dae314bdd32824265c589016b48055b4d748f593c2b91fe04d7528f7245c4b,2025-11-01T20:13:46.206674+00:00,2025-11-01T20:13:53+00:00,186
e8ebee270c4008efe23514cb7062711469357e986dee73d4b72f7ef8a5a071a8,2025-11-01T20:13:46.340805+00:00,2025-11-01T20:13:53+00:00,186
c4aea19a784b30ef16f17988eafa07b8e2e813a3c4a8fd5b41272c87cd4c2538,2025-11-01T20:13:46.465273+00:00,2025-11-01T20:13:53+00:00,186
28aaf8f64d3037d80051f453d8d9b595a93bf657980b569648c361a276ebba22,2025-11-01T20:13:46.588529+00:00,2025-11-01T20:13:53+00:00,186
c7646944471d2a5443d79c488f776e13ceb5d4a1ffde4390cc522eeb3fdcfbd3,2025-11-01T20:13:46.710163+00:00,2025-11-01T20:13:53+00:00,186
17b9d19ad35756d59256dc348b5c9b7760c8a5433d28d4c4a8e87ff1ae23505e,2025-11-01T20:13:46.834836+00:00,2025-11-01T20:13:53+00:00,186
f5a8a8d10797409af4aea18a011b85f4b954d10027300439825e35fe4ec44243,2025-11-01T20:13:46.961338+00:00,2025-11-01T20:13:53+00:00,186
59fb85e3e62f7376c24ebc5e03354effa4cc5cec09f36ced5c163e9bbdb6f3d1,2025-11-01T20:13:47.082267+00:00,2025-11-01T20:13:53+00:00,186
c9d07cae6f4df0da6d9b621d217d02aa52da771014a4c00acaf8fb4f9021530f,2025-11-01T20:13:47.203308+00:00,2025-11-01T20:13:53+00:00,186
32b143e2761e191e5540c1843644a52f01e2c5eac11e084f2094f919da193226,2025-11-01T20:13:47.325903+00:00,2025-11-01T20:13:53+00:00,186
563f9423cbcd7433a8d11f3ec134eaaf3d032e574c0b74fc09dd1c2edfb50359,2025-11-01T20:13:47.454894+00:00,2025-11-01T20:13:53+00:00,186
24695c9667a2eb1225ae69430df599f4e38b2579298af6b345440363bc88550e,2025-11-01T20:13:47.574036+00:00,2025-11-01T20:13:53+00:00,186
75a5919d0d54ecb717103f8dde464672786a2d19d850488b140534bbcec4aa5c,2025-11-01T20:13:47.697426+00:00,2025-11-01T20:13:53+00:00,186
0d5fe79ada647ce93062bfecdee3d7f659ee81c0ee091c0a93141edae815ecbe,2025-11-01T20:13:47.823400+00:00,2025-11-01T20:13:53+00:00,186
bb0b59890baa2e725cdebfb70ef3c38ebd58211d6f25b5a38978cd2b1038ac18,2025-11-01T20:13:47.948220+00:00,2025-11-01T20:13:53+00:00,186
2bdd9fed8307661ff05ee090737e65b0a5e9d037f9c16c8c429b0d81dcb875fe,2025-11-01T20:13:48.070709+00:00,2025-11-01T20:13:53+00:00,186
72d070a890767ebb221c554428de2a31e80001b973be44940c85fe7a0d82c5b2,2025-11-01T20:13:48.198907+00:00,2025-11-01T20:13:53+00:00,186
52f11d34b5287e69d3301d763ba82cadea8b0f0f6f160b395f4a9e77bdb93bc0,2025-11-01T20:13:48.325830+00:00,2025-11-01T20:13:53+00:00,186
2c51d0a36c3fdb18631dfd8216f4afddd6156c78ea97178b551c8db22d53870d,2025-11-01T20:13:48.732906+00:00,2025-11-01T20:13:53+00:00,186
2ef947a43931221acdfb714a16e2b819bf5d4ce648514777c28eaa230bcca881,2025-11-01T20:13:48.848991+00:00,2025-11-01T20:13:53+00:00,186
dce11998c864cf30eabd09b7dc9647ae70c7699f43135f989da3ca33e768cfac,2025-11-01T20:13:48.971995+00:00,2025-11-01T20:13:53+00:00,186
86e93b622ed4ea186719aa3d960f7b87d574edb7f04ce8bceb84105bd92f3166,2025-11-01T20:13:49.147221+00:00,2025-11-01T20:13:53+00:00,186
7dc3c166ceb2d9c1e76d468cdbe86ee9ecf318dfdc058980aadb264ab0158ad0,2025-11-01T20:13:49.289119+00:00,2025-11-01T20:13:53+00:00,186
6d104de3667913f7b321aa533af3b03d569d4656303f20fbc65be0905ec412e8,2025-11-01T20:13:49.413129+00:00,2025-11-01T20:13:53+00:00,186
983bf8510d91e8c54e769cdb2c37810eb7ac0a09f5c6f3927bd089ee9a770632,2025-11-01T20:13:49.531141+00:00,2025-11-01T20:13:53+00:00,186
5d8d3a0078947714281caa4bc8edd0f1259aacf2aa77472369f9287488c060cd,2025-11-01T20:13:49.651847+00:00,2025-11-01T20:13:53+00:00,186
5bfc598fed8fce1c46953c87d5625d98dd91b0354f5835f331027d9c15f54fa8,2025-11-01T20:13:49.769758+00:00,2025-11-01T20:13:53+00:00,186
9b7ba99a04a2edf1ad20aef12fae99bd31a92b703b6d95bce54c4ccb32a33394,2025-11-01T20:13:49.890138+00:00,2025-11-01T20:13:53+00:00,186
4d1719411057444db2036b09525c6be5ba58816c4bdb46b34a3cccb6431dc7bc,2025-11-01T20:13:50.013696+00:00,2025-11-01T20:13:53+00:00,186
a8ca41f370c2b018e0ab0acebdde8c7ba2cea479a0d24a9d72f43709cc826331,2025-11-01T20:13:50.143477+00:00,2025-11-01T20:13:53+00:00,186
4dbb86ba3ed4360ffa792af24eb09d2ac198ee59a1eb35fd30cebf3e7b6a7a77,2025-11-01T20:13:50.264183+00:00,2025-11-01T20:13:53+00:00,186
2a764c731ce7ada20c7f845bf54986aa17d1e08a6a1a4193f962c41cc1d700d4,2025-11-01T20:13:50.381552+00:00,2025-11-01T20:13:53+00:00,186
19154b17d896de3bb621919ae74bcf7d478826dc1c36d95d40d8475e9e440f69,2025-11-01T20:13:50.497754+00:00,2025-11-01T20:13:53+00:00,186
92127e6c46760cc9c4db156ec55dac2129ee1099b72d26518cb14d41c377809c,2025-11-01T20:13:50.618845+00:00,2025-11-01T20:13:53+00:00,186
b20635381aff2a4909b07090da3174abbd33bf97e97c42a9cb37b6d455791aae,2025-11-01T20:13:50.740800+00:00,2025-11-01T20:13:53+00:00,186
113c4e542da9c073f8b086f875c7358f4903a369b19bb51dcecb1d3c5388de72,2025-11-01T20:13:50.861244+00:00,2025-11-01T20:13:53+00:00,186
554c6bf2591b9ae1950081a7d9ffbcd19b575138c534673f98b7b05566dac21a,2025-11-01T20:13:50.989996+00:00,2025-11-01T20:13:53+00:00,186
c4b0f53fb04a7c6c52fbce0d5f53d801582e994d77a73325732b9e6c25bea390,2025-11-01T20:13:51.115976+00:00,2025-11-01T20:13:53+00:00,186
39d78e048f700ba10c8b56b7d8bf7ba8c054cd8d9e6e695b83f942b4cd33c835,2025-11-01T20:13:51.239103+00:00,2025-11-01T20:13:53+00:00,186
d66457b34c563abac228496ba57de46f4424a7ff68dfbfc7d5eda60cdcfb2c7c,2025-11-01T20:13:51.375500+00:00,2025-11-01T20:14:03+00:00,188
f59225c9216649b03493a0b9d769d20820188051057160beb687f0981c77e762,2025-11-01T20:13:51.525918+00:00,2025-11-01T20:14:03+00:00,188
06ae672f378c21a6b80c29345567e6249655327c2c9ffd16428ee4d3f5106203,2025-11-01T20:13:51.645229+00:00,2025-11-01T20:14:03+00:00,188
ccf4621394f9b2ba41e3d9b5ddf6376c3809412b1e5a5a570c45a7e865b6ff1c,2025-11-01T20:13:51.768330+00:00,2025-11-01T20:14:03+00:00,188
8d51d7c29572170cd0fceda014ab0c294109c7f2084ab7528d79bd809553551d,2025-11-01T20:13:51.892228+00:00,2025-11-01T20:14:03+00:00,188
7890c82db37e59038ad0a05c6e02a406444712844b98ceba14a5d159f14bf2b9,2025-11-01T20:13:52.015110+00:00,2025-11-01T20:14:03+00:00,188
0a84a3d7dbedb32626fb957a78277de2652579dfd0539f104754ce39c424f54c,2025-11-01T20:13:52.137517+00:00,2025-11-01T20:14:03+00:00,188
31255ee3e6826f5f500f4de90ab2915cfaea786921af66cc5445bb15b633e928,2025-11-01T20:13:52.258576+00:00,2025-11-01T20:14:03+00:00,188
6917a1dadbdf8d6a72fdb88b2dde7691bdff64af0c4a2f20fd5b01da99a72c30,2025-11-01T20:13:52.374911+00:00,2025-11-01T20:14:03+00:00,188
408cf11c22dad854332165887149014f1c84d2461abf6d1d320da9c466ee860d,2025-11-01T20:13:52.489805+00:00,2025-11-01T20:14:03+00:00,188
0ce43691ad7856fbc46557193fbbc6f2c92e4074e2557031d94b2155f249a712,2025-11-01T20:13:52.614367+00:00,2025-11-01T20:14:03+00:00,188
608e663cf8d5a01ae81ec81f3f68079038844cf04e67662e7dde6701c653cba7,2025-11-01T20:13:52.735238+00:00,2025-11-01T20:14:03+00:00,188
c38ab73ee983ec1d9c42899040cdc55406470ae7076e8f2dbacd735d94ae2168,2025-11-01T20:13:52.853179+00:00,2025-11-01T20:14:03+00:00,188
fa9eef5deb704f533173aeb1d083ec500da891a49f1857dd145e0daef75a68b4,2025-11-01T20:13:52.975033+00:00,2025-11-01T20:14:03+00:00,188
adc11d4ffe4aca7a45ddacc28a265c16fb21fc34e938756bf7681dd00a1a7213,2025-11-01T20:13:53.096402+00:00,2025-11-01T20:14:03+00:00,188
04f202721332adeb58b35a032c681499aee01c5a7547ee6d03dc0c77adc7e8ca,2025-11-01T20:13:53.219580+00:00,2025-11-01T20:14:03+00:00,188
790524e21530afc7775da38c6620c442b0ef4fe7565999b939cf2b08a2b188b8,2025-11-01T20:13:53.346881+00:00,2025-11-01T20:14:03+00:00,188
e3e43e501ba134b7df12282cd73564d2d7c593a74ab5ccc89b3b9acde012d5d4,2025-11-01T20:13:53.636276+00:00,2025-11-01T20:14:03+00:00,188
16efb9a61cc0ec89646e6033c3d832762e390a0dc00073fc145c83f50e614435,2025-11-01T20:13:53.751241+00:00,2025-11-01T20:14:03+00:00,188
95927cfd06b00370970608f09532755dc52e67091654cb7430475eae47b14587,2025-11-01T20:13:53.873947+00:00,2025-11-01T20:14:03+00:00,188
e28f6cd223483924ff3fc776cf78bf428ed81e41be41beb9ff8c38bb651dff96,2025-11-01T20:13:53.990983+00:00,2025-11-01T20:14:03+00:00,188
4f862cbea398211a469ad731a600618ed2606f1d9916021e43c426677cf30a11,2025-11-01T20:13:54.113155+00:00,2025-11-01T20:14:03+00:00,188
9f6ca28865cd3ec90f3c27ad057d67994c9936574568d42b266bf660ef4e62b0,2025-11-01T20:13:54.234172+00:00,2025-11-01T20:14:03+00:00,188
943946c3f3eb2115c1851bb2089d0152bf3b10387ee7ba3a8d8e6a0b0868e947,2025-11-01T20:13:54.356201+00:00,2025-11-01T20:14:03+00:00,188
b50fae4b331deec9cb38cfda1826ecbfd232907ec53f36b42b5a3e23cc144b8e,2025-11-01T20:13:54.474161+00:00,2025-11-01T20:14:03+00:00,188
758e05035c82986877f2d070e7c90356f8c2130132eba36faf77d48a2101abe6,2025-11-01T20:13:54.592551+00:00,2025-11-01T20:14:03+00:00,188
b4b39f7313c728639e7d667994f0797f80b80ed4697a1729b7169eaf6c848395,2025-11-01T20:13:54.709200+00:00,2025-11-01T20:14:03+00:00,188
1ecb16e1aa3c36d6ce68d96bc0ae609cbccb215d630dda77aeedca42034a5575,2025-11-01T20:13:54.831141+00:00,2025-11-01T20:14:03+00:00,188
8663ad985e46d4e34bf1d0d4df0098d4728c7cf08b947f8e779c3cf9c9a89a00,2025-11-01T20:13:54.952449+00:00,2025-11-01T20:14:08+00:00,189
b3fbb8783f0d7da9ffde113c2ec5d84d005c08356e1dfb4dc70366e2027e3c20,2025-11-01T20:13:55.074088+00:00,2025-11-01T20:14:03+00:00,188
7ef78135cb13fc19a97d956c450e6a0cb4014b331874e61c2e4b76f7b30d497b,2025-11-01T20:13:55.190215+00:00,2025-11-01T20:14:03+00:00,188
463be9035742052a3ce1b6b5528cb7c756ed001f322c4afe3c1034c230ae23d1,2025-11-01T20:13:55.309685+00:00,2025-11-01T20:14:03+00:00,188
87b95fa62cbd83c332c241705cf9be429ccf9cdb4ba78ea9506ab7b946b71f9d,2025-11-01T20:13:55.427376+00:00,2025-11-01T20:14:03+00:00,188
ac1d445953e9b35aa644ed9756547ecc9135e882aac9236569bc0f649422b33a,2025-11-01T20:13:55.547610+00:00,2025-11-01T20:14:03+00:00,188
2684886280cd28c33a0253264e4bb7e00d9c7b2a84e68a1e6f43252f92c7f7fa,2025-11-01T20:13:55.664442+00:00,2025-11-01T20:14:03+00:00,188
70c6fdfd205164ec42bb69cf5cb699a6063b1941f1f9928848083e9db8b2d214,2025-11-01T20:13:55.789103+00:00,2025-11-01T20:14:08+00:00,189
effbc9fc7242d297389061436e7dfa5dab89355467e86b22b28e1997e82c1158,2025-11-01T20:13:55.906179+00:00,2025-11-01T20:14:03+00:00,188
cb7623178215ae1ff4f7a5c977f9e995e7ad90bb4d2603ed2217ed4a2047d937,2025-11-01T20:13:56.024037+00:00,2025-11-01T20:14:03+00:00,188
a22cf339f168d13b33bb06c32637c9cc517f95e726eed398a8ecb3f99a5ce62b,2025-11-01T20:13:56.142168+00:00,2025-11-01T20:14:03+00:00,188
bbb7631bee5a459c5c9a153a295077a33150c92bd32e32b6dcb4ef94376a30b6,2025-11-01T20:13:56.265563+00:00,2025-11-01T20:14:03+00:00,188
740ac642b9dd8ad2f57c796914c9a83ea04c6b112c827a0f0c6c859a55075bd6,2025-11-01T20:13:56.386221+00:00,2025-11-01T20:14:03+00:00,188
0838610acc845d3a3051f4da7fdccb8bf96d476ec8f2f52b99dc5b68ebb4a040,2025-11-01T20:13:56.507967+00:00,2025-11-01T20:14:03+00:00,188
5de3bef0f9c3c94350b1d12e7d628277cfe4bca4b85ead73bdb12f4bffd35a17,2025-11-01T20:13:56.622112+00:00,2025-11-01T20:14:03+00:00,188
445c8140ba4908bd747ac5092292b07a32ba910f0ff2b2f64e22303b988872a7,2025-11-01T20:13:56.742451+00:00,2025-11-01T20:14:03+00:00,188
992c4d82e03c33ab8ead7c84db21c0ceb5f79771c972af3cb07afa475557b1c8,2025-11-01T20:13:56.863628+00:00,2025-11-01T20:14:03+00:00,188
ac7bbebed22a01e5c72e6139e4bd5c1529b84c57abeea90d619bd7e750633d9d,2025-11-01T20:13:56.978139+00:00,2025-11-01T20:14:03+00:00,188
2229665395b538be213a05fc2d49993c31d9da5757691a24e7974eb91968ded0,2025-11-01T20:13:57.097886+00:00,2025-11-01T20:14:03+00:00,188
835a64554696e0279dc83a67996870313385a9f736e1fa945c9fca302fe5add7,2025-11-01T20:13:57.214279+00:00,2025-11-01T20:14:03+00:00,188
742ba20a82ba00d6615ff77838f7b64d0d82ef0e84abc0c4c8c1d365a81d3817,2025-11-01T20:13:57.331698+00:00,2025-11-01T20:14:03+00:00,188
74a1e0abe2117daee95347fef246a95c2623fab561b5e13989be656b26c58222,2025-11-01T20:13:57.447069+00:00,2025-11-01T20:14:03+00:00,188
990b38a111fe240e1a58f05649c2e2251d241ce8b4a171245f387214e0365d3e,2025-11-01T20:13:57.568487+00:00,2025-11-01T20:14:08+00:00,189
e248ceb70cc05f8fcb7d6396c0ac32bf9f74eeb6105c77ac33ae55a13e4f164d,2025-11-01T20:13:57.687457+00:00,2025-11-01T20:14:03+00:00,188
3a1cfe92e723f8dad8caf0a16223427b4e057f34f8ebbdc7044a3f51a2f62257,2025-11-01T20:13:57.807761+00:00,2025-11-01T20:14:03+00:00,188
66cf9687402b285898c0db4cc3d6a1155bca45638bec7d07622f4212afcbe61d,2025-11-01T20:13:57.926112+00:00,2025-11-01T20:14:03+00:00,188
d839227b9a6a4b408c8a941afaa1cd4d231b6e066f6caf5727a439bf4f2a2a14,2025-11-01T20:13:58.042193+00:00,2025-11-01T20:14:03+00:00,188
138c319590bd27347bcf04f3335a1b6bddabc1df544ff86c2b329624712161f2,2025-11-01T20:13:58.159334+00:00,2025-11-01T20:14:03+00:00,188
3b5a15ef5408460a17917e676d5c5ff76417da8285f90f21728381405eda858e,2025-11-01T20:13:58.279413+00:00,2025-11-01T20:14:03+00:00,188
ca6165c60b0e021a118c1c2c1315e5bb1cdef59ebd293f9bf35212092a4f5da3,2025-11-01T20:13:58.396261+00:00,2025-11-01T20:14:03+00:00,188
0440ef032d6ecb7f8475be7933dd549d4ce042f461834c9b1bad6c54ea6b157f,2025-11-01T20:13:58.519108+00:00,2025-11-01T20:14:03+00:00,188
5daf9ac9b8ea1201cbbf9032c99c6b885d372a35d20ae48a9e73b76b59554d97,2025-11-01T20:13:58.636686+00:00,2025-11-01T20:14:03+00:00,188
0193af04cdcf7786e3b51c1780ea4d95879e1344e096224a5b42fde88b61d586,2025-11-01T20:13:58.756375+00:00,2025-11-01T20:14:03+00:00,188
c5dc6ab17f5424d72672c4b4d1b5d38da645012fd8bb118e86896bf6aa754244,2025-11-01T20:13:58.874802+00:00,2025-11-01T20:14:03+00:00,188
0fb2388193bddc0fa33a4191be676295b053dfc1faf594a9ef29cb2bab5d64c5,2025-11-01T20:13:58.996223+00:00,2025-11-01T20:14:03+00:00,188
76d604e2e6a63da54fe83fd8c822e792c6d96f244546f6e14900671c4c69e09a,2025-11-01T20:13:59.127642+00:00,2025-11-01T20:14:03+00:00,188
43e1fcda14c5ee659341adf78732a23a35e28ddbdeb3a6290d8b7b2a85278596,2025-11-01T20:13:59.252698+00:00,2025-11-01T20:14:03+00:00,188
6558a4bc9e873cd9cfd0e389d4309e27c799836d5a386b323837e64a6f3a9b97,2025-11-01T20:13:59.374032+00:00,2025-11-01T20:14:03+00:00,188
c979b53290c671c6c51710dd7bdd621845500be52b6e91adb23c62e78bcda629,2025-11-01T20:13:59.493772+00:00,2025-11-01T20:14:03+00:00,188
66b98cfa05bafe9e40530d66dbb1d23b46b69438aab3d3c1fcddef709d2cca0f,2025-11-01T20:13:59.619562+00:00,2025-11-01T20:14:03+00:00,188
e8ddff1d9d33120262a018ee5ced04f5661d9c22247f70b1cf09b3105f590cd5,2025-11-01T20:13:59.738176+00:00,2025-11-01T20:14:03+00:00,188
dc9166f5f318974e058f0200c3041d1b387aee053b56dd8f9b9f0bc153e48d18,2025-11-01T20:13:59.862686+00:00,2025-11-01T20:14:03+00:00,188
3a8b7edbf5cfb6e2125044a9e2acaa1092af4c00838e097aded0da50c5915b18,2025-11-01T20:13:59.980200+00:00,2025-11-01T20:14:03+00:00,188
195b916e93ac2149c753ada60e05b8627a02c9429a5ccf8981bc5e7810a96d28,2025-11-01T20:14:00.105687+00:00,2025-11-01T20:14:03+00:00,188
b9f97bdfaafd48e944a79eed099ba25415e89d13cf9dd1c3a5eb6d3157677df3,2025-11-01T20:14:00.223938+00:00,2025-11-01T20:14:03+00:00,188
42bc32e963534ecb4c739232c360357d22c7abae50cebaaa9bb898be02fdfd8d,2025-11-01T20:14:00.346085+00:00,2025-11-01T20:14:08+00:00,189
624a8c2bec335b9f110f6415f5ff946dab1b0775de3a2b2b2b49f29f56644fd6,2025-11-01T20:14:00.471815+00:00,2025-11-01T20:14:08+00:00,189
aa2f8c6cdf3349be4b0320bbc19525574118aaeea8179da06dfb0feb7e8dd7d0,2025-11-01T20:14:00.587695+00:00,2025-11-01T20:14:08+00:00,189
d5b9f26af72b73c43c7b3b944c5a30ec2011a8f6c63c696f44504dd01830aa73,2025-11-01T20:14:00.708086+00:00,2025-11-01T20:14:08+00:00,189
c63ae6157aad94fabbe8407b404e5cf527e67f3db2bce180ae92e2ea3182c892,2025-11-01T20:14:00.822519+00:00,2025-11-01T20:14:08+00:00,189
cacddda658a2c95ec9b4a11506cd2d1637a29901b16e9aa2994017b39db76962,2025-11-01T20:14:00.945530+00:00,2025-11-01T20:14:08+00:00,189
7b61dd2d6678f9488154054fad3cec3e0397d7c3e929909be4abb7165fe9e098,2025-11-01T20:14:01.062467+00:00,2025-11-01T20:14:08+00:00,189
b6fb880e95465a09461d895bf33931936c7f6bdd6e51f62cf155fa42ddbbbde6,2025-11-01T20:14:01.183021+00:00,2025-11-01T20:14:08+00:00,189
7be4743d02abfc35ca0360d98d4b826a0fdc1746bd6ce06a5f9645f01ffa04a9,2025-11-01T20:14:01.302292+00:00,2025-11-01T20:14:08+00:00,189
c9ea6cac104f6c84d63ad101fc0b6e50a3d16805468f16ab582bde4d8e5e25d0,2025-11-01T20:14:01.421639+00:00,2025-11-01T20:14:08+00:00,189
fe4817f58e712c501223686c7b6247f5ed6fd3b18c8aeaf4b30dee74deb6286e,2025-11-01T20:14:01.543877+00:00,2025-11-01T20:14:08+00:00,189
5174c72c842ea3f99f7ef0a85ad5a169b45773233292b694123cce39205cce42,2025-11-01T20:14:01.666768+00:00,2025-11-01T20:14:08+00:00,189
af2cb19ca97bf447b927c3eafda86c5b0fe338497a808863be109df36ddec899,2025-11-01T20:14:01.794179+00:00,2025-11-01T20:14:08+00:00,189
ee073f50b02c337d978d781b347042dc5e9859ff6e18dcf846a57be1a0204cfc,2025-11-01T20:14:01.920149+00:00,2025-11-01T20:14:08+00:00,189
077146bbdc3c4818b130e6639c00a496fdeac177b116fa23d889beda4190eb43,2025-11-01T20:14:02.038654+00:00,2025-11-01T20:14:08+00:00,189
1c242a9701d788e45a24f437ee35cdc6bd70d2b1ba264467ec991d7a0e16100b,2025-11-01T20:14:02.161494+00:00,2025-11-01T20:14:08+00:00,189
585c37ff2dc6edc50ce8419f671d7ca3125192f75b0000df80c93d9c2cde567c,2025-11-01T20:14:02.288877+00:00,2025-11-01T20:14:08+00:00,189
a2f21f1a67f612353e4ae5f76342fdaf4e9c4430d78fec227b819346e2f538e2,2025-11-01T20:14:02.412503+00:00,2025-11-01T20:14:08+00:00,189
d2da3f4617e5ca1b149b18b556ba917b9e3c9915f9f643c9b45ec0d0b1f10e7e,2025-11-01T20:14:02.537398+00:00,2025-11-01T20:14:08+00:00,189
b34d0cb65c8c03902cf7c658f85c968490ebea76f37cb235bdabb9ddeca70251,2025-11-01T20:14:02.653161+00:00,2025-11-01T20:14:08+00:00,189
50bf14c149000d5bc2cc316b602af1fc4701fc40a5fb42f472895ad0241d9619,2025-11-01T20:14:02.769594+00:00,2025-11-01T20:14:08+00:00,189
31bb9f3ec940eb80a34ce6d7b932b782b31b6a76c76897984111a0d6e4f2c4bb,2025-11-01T20:14:02.890624+00:00,2025-11-01T20:14:08+00:00,189
fa8a9d9dbc355def98630f485594d3bd3e7fba50f3fa1524a05aa6f96f296d0f,2025-11-01T20:14:03.017789+00:00,2025-11-01T20:14:08+00:00,189
e2fcf5cd44fa7ebb7da9632b304627b8a4cd05084560366a99587449cbe9a036,2025-11-01T20:14:03.132119+00:00,2025-11-01T20:14:08+00:00,189
99bb90b3ff581615c40312883707b0423f19c2ef3d92e84e88108defad250ed0,2025-11-01T20:14:03.254718+00:00,2025-11-01T20:14:08+00:00,189
7ec50d0f68aaa4967e7196ec6acefcfd40595810b8ffbd8d321b6c4d821dc1ec,2025-11-01T20:14:03.375502+00:00,2025-11-01T20:14:08+00:00,189
553a1ac8569f7f0f53433eebf75ee3de928f332b139538a1cec2fa2f470e9f4f,2025-11-01T20:14:03.496152+00:00,2025-11-01T20:14:08+00:00,189
eb48d16345c7dc4cbc84c79052733676014b205dd65ac96f16f3b7082b079ebd,2025-11-01T20:14:03.784976+00:00,2025-11-01T20:14:08+00:00,189
9838fb74e1683fc15f1b2b163766255ec5e098286bc6181f057a81002238054c,2025-11-01T20:14:03.902407+00:00,2025-11-01T20:14:08+00:00,189
d6ea7fdd5bc6743a85a1b043d7aa77982ef33e3d08f301194c54117a1ad73f22,2025-11-01T20:14:04.021301+00:00,2025-11-01T20:14:08+00:00,189
1803d0060c77dd9acaa3d66672b6cbde46affedeb6ffa3766c6376e12d71448b,2025-11-01T20:14:04.142820+00:00,2025-11-01T20:14:08+00:00,189
621eb70c7707737f30c7383d64da553dd61c66c6656884022edfa56178394920,2025-11-01T20:14:04.266109+00:00,2025-11-01T20:14:08+00:00,189
f58b96b75e299c0a8db4ca41221dd7602236567e2fcc0189b2002c618239fb4d,2025-11-01T20:14:04.389835+00:00,2025-11-01T20:14:08+00:00,189
4d008649c760275a2d7e24e8b09a4abee0de8670dea08b295d7a9dac3070f94c,2025-11-01T20:14:04.514190+00:00,2025-11-01T20:14:08+00:00,189
95120328c1554ed77dac4815ba136bcb7bad2b8b1bb9910864bb58df4504fa09,2025-11-01T20:14:04.638108+00:00,2025-11-01T20:14:08+00:00,189
91e2e65136ef203870583449d32cae840c5f8feb334e8164f3b9fb661355d90c,2025-11-01T20:14:04.762089+00:00,2025-11-01T20:14:08+00:00,189
3e8bbcca93be20ae1bda65cedf28b9727ab04ab5d37053496b45d7826f0e8934,2025-11-01T20:14:04.888515+00:00,2025-11-01T20:14:08+00:00,189
198473f9ecd16b9a4cc28331b766372452fcc45e7ff1faafd2012b27a584fb3b,2025-11-01T20:14:05.008863+00:00,2025-11-01T20:14:08+00:00,189
2540ff020d814a495751cf970bcd5fe9de71194b82103976306537697df5236f,2025-11-01T20:14:05.133321+00:00,2025-11-01T20:14:08+00:00,189
1add131f7a00b18064e5bd23543c387719c10b42d389d72038a7fc92424a377a,2025-11-01T20:14:05.262400+00:00,2025-11-01T20:14:08+00:00,189
537e0f86fbeb44270148d9057ecf84d9fca22a8887143bd9b8543fff860edc65,2025-11-01T20:14:05.394859+00:00,2025-11-01T20:14:08+00:00,189
cbfa7c103947ca9c2adb2213cd66cbaddea076a723d4651d4b7bbdeb7432e1b7,2025-11-01T20:14:05.511782+00:00,2025-11-01T20:14:08+00:00,189
a9346a843221844ad7ff5181c00c88598d7593b46569a589c4784b4d44343af4,2025-11-01T20:14:05.630949+00:00,2025-11-01T20:14:08+00:00,189
223cca68ef87f1457e99750cd90097d2209063366f1e77ccd1ac8d3a14c26e8d,2025-11-01T20:14:05.758456+00:00,2025-11-01T20:14:08+00:00,189
bd18e3c123dbd03380814f3e2aa6bc78fcbe70937d1562c2b25581d547386cb5,2025-11-01T20:14:05.885312+00:00,2025-11-01T20:14:08+00:00,189
51a519b5eed9c6d2ddaee106629708d01f7c1f9271ed77e00b340c5405361dc5,2025-11-01T20:14:06.009019+00:00,2025-11-01T20:14:08+00:00,189
8dee7c5504e398c42cf08de8d5d021830c1a532999e1b21ffabe62dbe1b0624c,2025-11-01T20:14:06.137079+00:00,2025-11-01T20:14:13+00:00,190
ee2328ca15cfc670fc9de465c4f8dd06b8129b82084f9a0326f93292dbfe014c,2025-11-01T20:14:06.260926+00:00,2025-11-01T20:14:13+00:00,190
066a6b46bc9a85ff6ef7b362e450f1114ce90a1fb8a2d65268840625955b2068,2025-11-01T20:14:06.383866+00:00,2025-11-01T20:14:13+00:00,190
f8e63e565acc13760804ce433174f17d01b2455a2bab43d5ae9d61cf202e449c,2025-11-01T20:14:06.505587+00:00,2025-11-01T20:14:13+00:00,190
afddc420c5547ca5fa08530fa61162c4211b78d29d228fd1cd51ae751018846c,2025-11-01T20:14:06.625063+00:00,2025-11-01T20:14:13+00:00,190
d3d69fc739af4ab04058a90da20066f7225f59723a941bd536c37cfe548237cf,2025-11-01T20:14:06.747894+00:00,2025-11-01T20:14:13+00:00,190
55b687cc5c816c66035e90853c3940ac0baaf98624b6f40078984e993eb424e5,2025-11-01T20:14:06.869144+00:00,2025-11-01T20:14:13+00:00,190
a40e8e2db81257494702c512250862898de0ba5c2da0bd53d1170b98d712b7b2,2025-11-01T20:14:06.988176+00:00,2025-11-01T20:14:13+00:00,190
43eb11033cdefc35eeb077f988296f88ed49690b6625223c32c0040187506afc,2025-11-01T20:14:07.112151+00:00,2025-11-01T20:14:18+00:00,191
06be5212e4e245d0904c133f63738dd72692f9b14a0cb1f35118e5fda5d3cd8f,2025-11-01T20:14:07.238149+00:00,2025-11-01T20:14:18+00:00,191
014eb6b62ca3e48feec3c2a8aa8825c2ad4a180eacd61aff90dabddb67687fff,2025-11-01T20:14:07.369589+00:00,2025-11-01T20:14:18+00:00,191
196b70e94484135afbd9c7322d587f3d68b99d7f178602513cd64340ad7c08df,2025-11-01T20:14:07.491954+00:00,2025-11-01T20:14:18+00:00,191
7fd6fb0282ca0352e0c7e69c3cd99add3ac717fd6dad5d73bafbd3291dac40dc,2025-11-01T20:14:07.609950+00:00,2025-11-01T20:14:18+00:00,191
77f70d70954aea7b3743c75637a88611c9d251df93085931fab2f04e5df41f99,2025-11-01T20:14:07.732134+00:00,2025-11-01T20:14:18+00:00,191
ba9d02a633b3d879deb7a14e27a4ad2b2bc6d4f4e99709cc612e5f5715413f4c,2025-11-01T20:14:07.859356+00:00,2025-11-01T20:14:18+00:00,191
3cbd7ca476d5cd7fa3d04d6a94c16c37c1cea2278aa7bd90cfcf7a01721fed7c,2025-11-01T20:14:07.983210+00:00,2025-11-01T20:14:18+00:00,191
342c1798f96093cde7de54045bfd3624b803493476ad938e7df3f1b1cd11e137,2025-11-01T20:14:08.103419+00:00,2025-11-01T20:14:18+00:00,191
8e0c102f8e2b51486f66dcd4b3142077993950877924a22fca34cea0fa735451,2025-11-01T20:14:08.226599+00:00,2025-11-01T20:14:18+00:00,191
d46249522076d2e4eba0b5fbbcf752bda56eb449d32256e6d3c7d143088d5e75,2025-11-01T20:14:08.351487+00:00,2025-11-01T20:14:18+00:00,191
502e8b43b6dbf19396b157bedb0578065658199ce1502b8f87484f8f14bb5165,2025-11-01T20:14:08.481187+00:00,2025-11-01T20:14:18+00:00,191
a3863dc2c736813e7b2a9ed6e7718d3236ba0c2c67c975ebf4d3e3399cf895b2,2025-11-01T20:14:08.604877+00:00,2025-11-01T20:14:18+00:00,191
88aaa37a9b4a14fb14b045940056200bafd571ebe9b98696b5f6da707d8252ec,2025-11-01T20:14:08.801444+00:00,2025-11-01T20:14:18+00:00,191
1031e42e2664ddcd3fb15cb54de939c40c9a8da561033a13a9955f3c2525eb93,2025-11-01T20:14:08.919661+00:00,2025-11-01T20:14:18+00:00,191
68c164f5c146c9904f6c02eef7b321221b2f95c7b794d6c6ecf8aea6cf654658,2025-11-01T20:14:09.094193+00:00,2025-11-01T20:14:18+00:00,191
342d52c5bc713235c49bcb89525e0b6dd32afacb58eff6b40b949a21c56b5019,2025-11-01T20:14:09.215656+00:00,2025-11-01T20:14:18+00:00,191
d79ecc4808d2b85b8cd756a89ae7b334e7907c6a4af228715fc6556c5abba99a,2025-11-01T20:14:09.357528+00:00,2025-11-01T20:14:18+00:00,191
f25f05d8bde0202ff298dd6833a44c6a9032193f84f944d966f5a2f4e85e0a6c,2025-11-01T20:14:09.474073+00:00,2025-11-01T20:14:18+00:00,191
9d7b7071a3538c60348682614458af709899ecfa8d420ecdba2fdabfb807440f,2025-11-01T20:14:09.595760+00:00,2025-11-01T20:14:18+00:00,191
01b9949d45e85b64536b7b955c6292713a8cb8c21f7ab68f2e5e2ce77b69aafb,2025-11-01T20:14:09.717993+00:00,2025-11-01T20:14:18+00:00,191
839e087c151e720d306e6167938a14740da9d85fa04943f0d1f6fdadf1279d69,2025-11-01T20:14:09.839873+00:00,2025-11-01T20:14:18+00:00,191
6de4e3e6abd8c163f33bdecbbcbd6d4ee972403e6a1f3ce451fbfb5e3baa790e,2025-11-01T20:14:09.960582+00:00,2025-11-01T20:14:18+00:00,191
98adb4094a54a62d4bcf1f5932f85e29b6c5a9117328ee0807ef6549395636dd,2025-11-01T20:14:10.085230+00:00,2025-11-01T20:14:18+00:00,191
bc2e488df3f1ae2b9b30de8786a6e35737d03389272715f3fd9da0ac8aa53cdc,2025-11-01T20:14:10.211277+00:00,2025-11-01T20:14:18+00:00,191
4a63f78fe3336a8604e04ca0fcdf7e1883c326431dc90d5c2714a7b77aeb1ef6,2025-11-01T20:14:10.333451+00:00,2025-11-01T20:14:18+00:00,191
3518361f7b4eba8b753b4d7fdf66eecaa221c55eeac72c39723c2567d8f8e37f,2025-11-01T20:14:10.452997+00:00,2025-11-01T20:14:18+00:00,191
a67eb6ccec0d91fcd365c727970f6f4abdd95c11231b381ac70572c5c50b4093,2025-11-01T20:14:10.574680+00:00,2025-11-01T20:14:18+00:00,191
955ebf3a4b638fba2bc35ab42c26e55a10aead38476056486323445d37966377,2025-11-01T20:14:10.698700+00:00,2025-11-01T20:14:18+00:00,191
610245a4a1fbb24d874f0dd44da4bd511c2ea92cbd33a4ccdb0c01931d8b1d93,2025-11-01T20:14:10.822575+00:00,2025-11-01T20:14:18+00:00,191
9e4513267a72320fca5a78909d8c6a81310c07c31aac435f050f01015cb87f44,2025-11-01T20:14:10.945167+00:00,2025-11-01T20:14:18+00:00,191
a529e0ef3bb68b269684fbd165f7be5a9075b15a949e6e6911cef98b85117c0e,2025-11-01T20:14:11.068403+00:00,2025-11-01T20:14:18+00:00,191
2cae935aaa6f2e3fcf54d10e5f186dd28e43cb4e8a945327ac36d32b76be8d0f,2025-11-01T20:14:11.199061+00:00,2025-11-01T20:14:18+00:00,191
2d25256860d46b707636f2c2ee918d763428980d88da809e09ba063aec861e39,2025-11-01T20:14:11.324466+00:00,2025-11-01T20:14:18+00:00,191
11e201a726aa15563c694112b009eb8f87c275df14809099f2e5f3ecc734fd45,2025-11-01T20:14:11.447786+00:00,2025-11-01T20:14:18+00:00,191
e90b00e083196dcffb6964dedf1c0880fdd74555f3805e6ba58859fb3f1d4b21,2025-11-01T20:14:11.568937+00:00,2025-11-01T20:14:18+00:00,191
a146b649eccc2ec840e245d1fee60d53c2afa3fa5e1422acde9ad0a2fb5e0518,2025-11-01T20:14:11.690929+00:00,2025-11-01T20:14:18+00:00,191
18e5e0f0d2eb5184128badf57a33bcea127e79212d9c17b7c222f9b139d345e2,2025-11-01T20:14:11.815148+00:00,2025-11-01T20:14:18+00:00,191
a0ab45d51312a57f9caa2d25bddfc1fd19e95e1652c98ed7ddeb234987bb1eb1,2025-11-01T20:14:11.941375+00:00,2025-11-01T20:14:18+00:00,191
504ecc1a6dbd46ee79d10f7dd4b2da23a6719b1f395d1a9552f8437ba2ebd7ca,2025-11-01T20:14:12.062635+00:00,2025-11-01T20:14:18+00:00,191
852417cffb4b9d58650074444c9f15c5e01983cedcd0709a56d7c8cf1ed3bf43,2025-11-01T20:14:12.188641+00:00,2025-11-01T20:14:18+00:00,191
a4a5154f2317058c7746a442e9a5bc24205e9bfb5d8936f5df7d3ab81877519f,2025-11-01T20:14:12.307504+00:00,2025-11-01T20:14:18+00:00,191
d8ffa64b84b3db7bab3e28afc0245560f7803dc5c7d2cd61e9aee10e9b3cede0,2025-11-01T20:14:12.723092+00:00,2025-11-01T20:14:18+00:00,191
ad6562f733022307c67dc289a15571f9dbdd1ad33444d96cd2fae8bd3040c34a,2025-11-01T20:14:12.841715+00:00,2025-11-01T20:14:18+00:00,191
e0b653ed8552d9d88ae7a7e88de6a0b40551287e58f412aa7da2cfc1a23d566f,2025-11-01T20:14:12.963249+00:00,2025-11-01T20:14:18+00:00,191
f4b60413cb90b76e99a4c68ff589957a0b0998319f410e345f3c778387fa02a0,2025-11-01T20:14:13.092047+00:00,2025-11-01T20:14:18+00:00,191
4d678eec71c9a0d04e3d2916581dab19034c689c5e5584956d1200f9c8100e9a,2025-11-01T20:14:13.214384+00:00,2025-11-01T20:14:18+00:00,191
07072e94db85a48bdb87981685793cfd78cef6bbccb0118fe64bca5457fb8dbd,2025-11-01T20:14:13.344244+00:00,2025-11-01T20:14:18+00:00,191
1fe346be39617b66284a3b264456b11eb369f13fbc34ceb0aa04167fa0446ab9,2025-11-01T20:14:13.475923+00:00,2025-11-01T20:14:18+00:00,191
82ddd1afffb0a901ca5fc2edaaba12e89f70f2b7f06327ffb121d71ee62b71b2,2025-11-01T20:14:13.603408+00:00,2025-11-01T20:14:18+00:00,191
4f29b84009632f1e8ae079ca131f7026020843c37e01fe277464bb4707b14754,2025-11-01T20:14:13.726594+00:00,2025-11-01T20:14:18+00:00,191
d39ebcfff2bc790dce20d01c71da42c84901b3f87827d0167ae42f011f31a19d,2025-11-01T20:14:13.852803+00:00,2025-11-01T20:14:18+00:00,191
37ed73354d6aecde1e75ba24f54fde27d3c49fe65c232347e2dc230e1e93aa32,2025-11-01T20:14:13.971942+00:00,2025-11-01T20:14:18+00:00,191
202078492b66ae5a4af9f11dd001ab8b93e5ae2f48173a5573075ce10400bf80,2025-11-01T20:14:14.097512+00:00,2025-11-01T20:14:18+00:00,191
b15bfe46680867657e9f9946de79ead119dec440b3dc537275f1fd01585c8b68,2025-11-01T20:14:14.219059+00:00,2025-11-01T20:14:18+00:00,191
ba5109c9d0029c98e83e76bdf7ca4bbd65c8dcbb127b269a9ff6578be6aa31df,2025-11-01T20:14:14.346614+00:00,2025-11-01T20:14:18+00:00,191
14dc1315507b2a7a596509aa13222d6e1f7021210e9fc4c620cd8f09c2313fcc,2025-11-01T20:14:14.473673+00:00,2025-11-01T20:14:18+00:00,191
ae54af8e1e7dd6382b4f305f9e338a2b5b8e681c2ef648bf88caa6bcc97fddbe,2025-11-01T20:14:14.597617+00:00,2025-11-01T20:14:18+00:00,191
e7a9877ad5b3f14f210709a9566afaa998e6873f9edf2a2458df026b77ec91ba,2025-11-01T20:14:14.723085+00:00,2025-11-01T20:14:18+00:00,191
90d52fa1b8d9671fa73d782488101e3e18bdb31dd7365d9f49ce7ca78f386b1c,2025-11-01T20:14:14.844155+00:00,2025-11-01T20:14:18+00:00,191
5feaaae1cef6b21fc8c4f82e3cd3a613298d4b62d6590bbda8a32cc88597f88c,2025-11-01T20:14:14.969648+00:00,2025-11-01T20:14:18+00:00,191
fb3c34b528956065731021b72379bfc72534f64571581eb285dbfe4b1295655f,2025-11-01T20:14:15.092831+00:00,2025-11-01T20:14:18+00:00,191
6ef4e2dcc7c36761a54049053b87feb863ac215c84a351474be222f871fb6dbb,2025-11-01T20:14:15.225245+00:00,2025-11-01T20:14:18+00:00,191
27e73e3ac4b09dc75ade451bdde7f33bc886c9f040fc4a267ca30076c0fbb5a8,2025-11-01T20:14:15.346803+00:00,2025-11-01T20:14:18+00:00,191
5562a0ff00fcf80a5a6bbf4a50a422bab4a108bfa8b715e10ca13ad5fccfa83a,2025-11-01T20:14:15.483901+00:00,2025-11-01T20:14:18+00:00,191
35bd84b4ce33ba14213e3cedb7d12c238c588f2683c1627cb5a6c07609b9024f,2025-11-01T20:14:15.608842+00:00,2025-11-01T20:14:18+00:00,191
f9e727a9db22573c8305741b435dbfbfb37ea325a5577b41d17cd7c2fd23324c,2025-11-01T20:14:15.728528+00:00,2025-11-01T20:14:18+00:00,191
06825ef12c00fdabee9b27eaf1c8f1a7c5a35e4eae5f29b7f50a52fcec2e6de0,2025-11-01T20:14:15.852823+00:00,2025-11-01T20:14:18+00:00,191
dabc15ebc119baadf36a547eb6cf30b0061b3ca55b40ac1426b5a468bbebb4f7,2025-11-01T20:14:15.978700+00:00,2025-11-01T20:14:18+00:00,191
e92861e775524f3d31be0e1584a2b2dea619a6c512d6bf00051711863da28ef1,2025-11-01T20:14:16.107769+00:00,2025-11-01T20:14:23+00:00,192
f18ec676cbca4caedf8ae675b22016ca3905beace2d64dae75cce4e90cdcc59c,2025-11-01T20:14:16.226333+00:00,2025-11-01T20:14:23+00:00,192
6de06b5d646785ff3f007e23d335fa76730854d01a9230ef2e0ce9ecc292ee4c,2025-11-01T20:14:16.341296+00:00,2025-11-01T20:14:23+00:00,192
af911a9a3022820f08f25c6d2e4da989a6633ddeca78f8b6c5ab1f9e9c41224f,2025-11-01T20:14:16.460156+00:00,2025-11-01T20:14:23+00:00,192
72fad18ececdfc5b0fcafd2a240c3a3c118bcd1d7252549475b78b91501f5f5e,2025-11-01T20:14:16.582839+00:00,2025-11-01T20:14:23+00:00,192
f66ea73508250d6b07017164a36f16709dd282404a44ba3876df0650e28b8040,2025-11-01T20:14:16.701419+00:00,2025-11-01T20:14:23+00:00,192
775b35d10a9545ed0aec67f6df638c78478773ba23f6d39da374b3b5d7049c40,2025-11-01T20:14:16.830242+00:00,2025-11-01T20:14:23+00:00,192
9512f5189181ee63ce997b45943dd8cebcf18ca571cdccd00e50ebe910e8b18b,2025-11-01T20:14:16.952714+00:00,2025-11-01T20:14:23+00:00,192
ea9e7f9203de377b9b0e7f9766465825b9479a5a05eee1d1c47731318e470482,2025-11-01T20:14:17.074446+00:00,2025-11-01T20:14:23+00:00,192
e4b32aaeb871642febc6322100b6cd885d8924be57cfb2256897744b644397eb,2025-11-01T20:14:17.204559+00:00,2025-11-01T20:14:23+00:00,192
6b8b3b3c112e5eea95836d4f47ff13cbffafde156ed178592f4ae485eefe747f,2025-11-01T20:14:17.330115+00:00,2025-11-01T20:14:23+00:00,192
c17e5b01facec68810db2e395cd7f90c6b09db8e16649edc3f4beacfbc4e7059,2025-11-01T20:14:17.451560+00:00,2025-11-01T20:14:23+00:00,192
0e2285c86a0144225dd575708257c2f95a299ed7414b656e6f0e150f18e09a2d,2025-11-01T20:14:17.572551+00:00,2025-11-01T20:14:23+00:00,192
b4b09c6435fa8ba532f891bfe26d93f84ea42382fa198ec7789ae312b931c72b,2025-11-01T20:14:17.690033+00:00,2025-11-01T20:14:23+00:00,192
86aa9ce151f65ff99a83839c3cbf90397e35d88b14685d5ce81f376e76ca41de,2025-11-01T20:14:17.812400+00:00,2025-11-01T20:14:23+00:00,192
16152d2e5474890ca74adbab8b40776f0b140357c217d4f8beca634d6e1a9826,2025-11-01T20:14:17.931100+00:00,2025-11-01T20:14:23+00:00,192
5366292993d8ee8c5a0153db566ea90ba4cf2cf604d921ad451ee3bc33c8f842,2025-11-01T20:14:18.056155+00:00,2025-11-01T20:14:23+00:00,192
9f47cdf63531ef0a8ce111984a9169ce4ff692c224a6ab337e557cc148092cef,2025-11-01T20:14:18.179152+00:00,2025-11-01T20:14:23+00:00,192
184d9425cb9918c63058602237fd53636f0b91c2db52e40618caf0d0a44b00f3,2025-11-01T20:14:18.306182+00:00,2025-11-01T20:14:29+00:00,193
af2568ee051c4452226970ce62b8907b58d199a6594d0a15c2bcf6b169a49c5b,2025-11-01T20:14:18.432127+00:00,2025-11-01T20:14:29+00:00,193
1f8d9dd7860a5e1b74f5d82bb0f8e10be7ce5ca02a17363d9948c8cb49ae5de8,2025-11-01T20:14:18.554434+00:00,2025-11-01T20:14:29+00:00,193
9695b42c2f50d82d76bff7b8f07aefc7ff6db8ccb5dfa09fc92d2d42afda668c,2025-11-01T20:14:18.674599+00:00,2025-11-01T20:14:29+00:00,193
e43c40a958ee1600e3b3c9f5170e33d7ace1ca6f80d2f1c73836fdec2123fef2,2025-11-01T20:14:18.800483+00:00,2025-11-01T20:14:29+00:00,193
5b1bf411c32ecdfe2630e2a3f5237cc8e62d061353950ce58fe38467850e080c,2025-11-01T20:14:19.185002+00:00,2025-11-01T20:14:29+00:00,193
c6f51c77dece9e7d7b6724c7ee985ce35c843509ea72ccc4bd22161b100e2071,2025-11-01T20:14:19.322549+00:00,2025-11-01T20:14:29+00:00,193
f97467fce6220f00e717054db519b3a8c4fd952acae9e30dfd93d77e1910e701,2025-11-01T20:14:19.439892+00:00,2025-11-01T20:14:29+00:00,193
3a027932fd3890b9b423f9ba2b41a808ee68860f9267b574d4deb774c5aaab5e,2025-11-01T20:14:19.558886+00:00,2025-11-01T20:14:29+00:00,193
a240540a5d462ab6a2415f6a6877b1579f1f5cc033753456554e0d6ed1df13a9,2025-11-01T20:14:19.676254+00:00,2025-11-01T20:14:29+00:00,193
8aca10142862d789baebdc657e28e60a6ba7b99f17a6691edc0bfe4d956ab95b,2025-11-01T20:14:19.794343+00:00,2025-11-01T20:14:29+00:00,193
1c347860835b962ebd322aaf33075698eaaf319d5a859ec1e4f7eb77af47e3b3,2025-11-01T20:14:19.915123+00:00,2025-11-01T20:14:29+00:00,193
f7f55a4be02de6635af9551f5601ae126c9ba0edcfa4ec32ffbfa460d1ee6966,2025-11-01T20:14:20.037935+00:00,2025-11-01T20:14:29+00:00,193
712f6d2bc12f508f6eb20ce78deef8aaed5d5a71fc2e827746223f19cf90b4b9,2025-11-01T20:14:20.157262+00:00,2025-11-01T20:14:29+00:00,193
2cbf5d2900c7c66866bfc5f820dfcf152ee2ee9e7abdc308ff2c7d1fb0bdcf85,2025-11-01T20:14:20.274411+00:00,2025-11-01T20:14:29+00:00,193
f4184c2b8bb1a0d4341462cf4dfe8bed9ee3ce86af2b8b4fbd7b5737370ab3e3,2025-11-01T20:14:20.390822+00:00,2025-11-01T20:14:29+00:00,193
536a52095c19a1cfe9b8c1015a67cce15a9a54c5a015d266cbbd09cf3cf64eb3,2025-11-01T20:14:20.508818+00:00,2025-11-01T20:14:29+00:00,193
4caf80693461a2c2fe74370ace9bd866f7a940f17c27bd08de6ce1083be60354,2025-11-01T20:14:20.627254+00:00,2025-11-01T20:14:29+00:00,193
1aa15f4a14661162d962d01dbe30fc83982d5902049e9b132e596046e977ad11,2025-11-01T20:14:20.745645+00:00,2025-11-01T20:14:29+00:00,193
084d5372a2c88808c47164c448abc476ec3b4af548417f3219cd57651c995364,2025-11-01T20:14:20.864858+00:00,2025-11-01T20:14:29+00:00,193
42050e1b0de6e707e01ad75e638c8943020f7772c70c558b6a415aa233090b93,2025-11-01T20:14:20.982979+00:00,2025-11-01T20:14:29+00:00,193
b829a1c21a6e550e3bda119be66f983dfc42139473142dbaa82ee7bb8d428dee,2025-11-01T20:14:21.101121+00:00,2025-11-01T20:14:29+00:00,193
ffe8c94fd65dc0e84948537f0ce193f71a381a71d0aa421466b6667e7f9fd486,2025-11-01T20:14:21.225877+00:00,2025-11-01T20:14:29+00:00,193
ae9bad98aec97cbafbdd90053aa3f46d36b2b781b5671b99310a0aa4a6a37693,2025-11-01T20:14:21.353323+00:00,2025-11-01T20:14:29+00:00,193
1f8ea7598251a8e3808e6cccbdb43e46fca9eaaeb79a765c7430219b24029a09,2025-11-01T20:14:21.472595+00:00,2025-11-01T20:14:29+00:00,193
0ccc7547cb68e5201d867459cdccf8f78bdad3c75924f49203d0ad6b991e322e,2025-11-01T20:14:21.589862+00:00,2025-11-01T20:14:29+00:00,193
516136166c0531bae02ced82b7c8ddd3fc65e7c436fcef4a1011acfb402b179e,2025-11-01T20:14:21.711557+00:00,2025-11-01T20:14:29+00:00,193
ef21f1b0392c82f9c3506e6daacffa72e068041a25d2a46a96dd76f5086c147c,2025-11-01T20:14:21.830516+00:00,2025-11-01T20:14:29+00:00,193
13bfb1083e27f0158f4e47ee9ee72f6df87cdb73e81abcc84da84707d2248823,2025-11-01T20:14:21.951261+00:00,2025-11-01T20:14:29+00:00,193
952f62dfe04c0d638f53ed786fad98e399d5118bd98c861c0fb3dfb91d4fa581,2025-11-01T20:14:22.085013+00:00,2025-11-01T20:14:29+00:00,193
665cb6b8c1b1fa51744b798402d80671349d16c80a453699e7e877131af99f16,2025-11-01T20:14:22.200997+00:00,2025-11-01T20:14:29+00:00,193
20a5f6acaa4e0f31703e6cdd6fd0989afaedd71a7f43c1bb2b70f92d94c2c5f0,2025-11-01T20:14:22.321770+00:00,2025-11-01T20:14:29+00:00,193
6a5383d8b58427287826a71c1fc877c91b40d6f91e0eaaa79312482605c4bdad,2025-11-01T20:14:22.438045+00:00,2025-11-01T20:14:29+00:00,193
88e3f5416e9e9c4aea5cb4b575de9ca11088131b7b5e3c4e0c1d1a306e214e9c,2025-11-01T20:14:22.555454+00:00,2025-11-01T20:14:29+00:00,193
23191d41b822a5a16cd9372e8295655de6e45c0fdcfd672dd605caef7a4412e9,2025-11-01T20:14:22.679409+00:00,2025-11-01T20:14:29+00:00,193
58c5f42f8fa680cb2ac68b78583a37ede708ddb14e4c735f571855e25f9436bd,2025-11-01T20:14:22.798557+00:00,2025-11-01T20:14:29+00:00,193
c02b9602c85e93096c4f30c743a13c10634c5061a6ad222ac2c976de743b475e,2025-11-01T20:14:22.923960+00:00,2025-11-01T20:14:29+00:00,193
a2fd03c00ec8e639170f1d848015ab2291703a873f5d89dc593ea3b475bd26ba,2025-11-01T20:14:23.040421+00:00,2025-11-01T20:14:29+00:00,193
925293a09d64ecbf2815d0da558ff3309bf946618c8cdbe1634b07642bbc1031,2025-11-01T20:14:23.163389+00:00,2025-11-01T20:14:29+00:00,193
a56c62ec61cafb9b1930dab06ba249de8613a0bd44bbe7ca36ad2a2c05544b6f,2025-11-01T20:14:23.284047+00:00,2025-11-01T20:14:29+00:00,193
35aea237819185b4d9f122e9a114d418904599d7d86ca64c7a2e272de5952b2b,2025-11-01T20:14:23.406387+00:00,2025-11-01T20:14:29+00:00,193
ee51a9781818b338f3373e22da7dd72619c55529228454659587317b4c2c0b3b,2025-11-01T20:14:23.528423+00:00,2025-11-01T20:14:29+00:00,193
a881d059293e7f38df110827d48a86f1163b0609dbb7a5ef5ceecb2f2194609e,2025-11-01T20:14:23.652936+00:00,2025-11-01T20:14:29+00:00,193
e18abca0d84462fc099e9ed4f46fcfe954a16b1549e9cea79ef7b0d1563401dc,2025-11-01T20:14:23.769143+00:00,2025-11-01T20:14:29+00:00,193
c3a8306e47441b7a7347157e3f0ac5c7fb0801a722571f091a6ca9de5d2ff0b3,2025-11-01T20:14:23.884502+00:00,2025-11-01T20:14:29+00:00,193
b480b194f81f3220644183152d67a8eac20d2704d1b5aa6d73cdd472e2c3d4d0,2025-11-01T20:14:24.010780+00:00,2025-11-01T20:14:29+00:00,193
4e77da1c6273ff30b22408bd537b6981e63dafa229eadb4e6963f923e5024ec8,2025-11-01T20:14:24.131268+00:00,2025-11-01T20:14:29+00:00,193
b7b9941ba26a2cfa0b6f419970c66178b1b70df046a44be05e816a69863f71fb,2025-11-01T20:14:24.247921+00:00,2025-11-01T20:14:29+00:00,193
bf160592c55f4cbeb32a7ac9e1a167df95dc211063d366f5dd526b54986e2356,2025-11-01T20:14:24.371866+00:00,2025-11-01T20:14:34+00:00,194
cbd04f5143edffeeb2aade46af504415839aece6fc0ac90204e22668eaf9e562,2025-11-01T20:14:24.493692+00:00,2025-11-01T20:14:34+00:00,194
11de0f3862de8f2de6cbe1bc7f49523699de481630e6ee9387946307558435c6,2025-11-01T20:14:24.613488+00:00,2025-11-01T20:14:34+00:00,194
2ac425c03c34929180ea24524aada53ff04edd3d2fef0837b3cfc3d100fb4135,2025-11-01T20:14:24.743100+00:00,2025-11-01T20:14:34+00:00,194
115ade66efa532c4a2d2df95b717f4e2c1b881a3c8cfc37af23cb860c5f4a7cd,2025-11-01T20:14:24.867669+00:00,2025-11-01T20:14:34+00:00,194
825e5af4b42b358b660d1fb42c987e3e0c94fc4feea1c355069b786df5e97efa,2025-11-01T20:14:24.986488+00:00,2025-11-01T20:14:34+00:00,194
803f93e1d57cb7f0cd259ee7d12d880ef76eae838cda389740cc22f44e0c5d2b,2025-11-01T20:14:25.101004+00:00,2025-11-01T20:14:34+00:00,194
18e15849868d199465eb828e7f5733a454a94059f0ec5ce3ca70979cbb10cde7,2025-11-01T20:14:25.218688+00:00,2025-11-01T20:14:34+00:00,194
a991231afa6bd0aeb51401b1265883447b7f850b33bb3b58e12316b61d5078ec,2025-11-01T20:14:25.333999+00:00,2025-11-01T20:14:34+00:00,194
20a070a8b14e65368922e5d8f6aa7f777c6e3eb2ec395c2e05b9369648b941c9,2025-11-01T20:14:25.450940+00:00,2025-11-01T20:14:34+00:00,194
990c4aaba4b8f3cb5b750fec725f9ecfbf0397e4bb339a5a48b5b33754fd2f25,2025-11-01T20:14:25.567298+00:00,2025-11-01T20:14:34+00:00,194
b3aa1a9dc790c65d7ea1faee30a8a7b2f63e9eb1f717d5e9788e099d44bcebf2,2025-11-01T20:14:25.680037+00:00,2025-11-01T20:14:34+00:00,194
7692d0a1ae6d1f8ae0aaef8f880db283c89f8f5fe657dfdf19a6d8569304529d,2025-11-01T20:14:25.801672+00:00,2025-11-01T20:14:34+00:00,194
cadcc92283d54c22e8fe670abec418a312713eff800eba0194c8efd1d2a52ec7,2025-11-01T20:14:25.922057+00:00,2025-11-01T20:14:34+00:00,194
5f804c69dd7c9c7594a5ef474221b2859d8ab37595f3ba994ff408ed12df0086,2025-11-01T20:14:26.039932+00:00,2025-11-01T20:14:34+00:00,194
f09011704eb07c422001d7045355ec638d19ee182bde8a83976754cff24f6eab,2025-11-01T20:14:26.159332+00:00,2025-11-01T20:14:34+00:00,194
4cdaf79400c88c4e412b45e3dca888dccd6e5fcf2803427d143bb295b10c8f8b,2025-11-01T20:14:26.277161+00:00,2025-11-01T20:14:34+00:00,194
4b149180e53a361d46137abff76dd4126bb058c783867a3448ce63ef043365c6,2025-11-01T20:14:26.393285+00:00,2025-11-01T20:14:34+00:00,194
1207517ae46467cb63ea3a1a359d3f6bcaff15709e904a70195c10277dcf6589,2025-11-01T20:14:26.511998+00:00,2025-11-01T20:14:34+00:00,194
99e166f7720097a11cf50acfa45e75cfe18612bbb4899b4e8396f0beeee6da0b,2025-11-01T20:14:26.628725+00:00,2025-11-01T20:14:34+00:00,194
8becd349ae1b5eb06e741381e6db62a4ce97e70c663110b3791e5e234908d710,2025-11-01T20:14:26.747980+00:00,2025-11-01T20:14:34+00:00,194
c9dd02e045790e00718f452e4a841d3f0d808239cd772b9d48a835c386050f3e,2025-11-01T20:14:26.868300+00:00,2025-11-01T20:14:34+00:00,194
b06001ac2463685dbb65785f5db9966904cfd710b8376cc8d703c655f4f1113e,2025-11-01T20:14:26.992348+00:00,2025-11-01T20:14:34+00:00,194
ea777f99bcbe551ef8757b7195b069f51311fd31ba071d151ea39a86317341b4,2025-11-01T20:14:27.108329+00:00,2025-11-01T20:14:34+00:00,194
9dbfd0a2dea0d9ce2e9b961b4bbf40e8e3d15d476a037edce451ca87118b3e60,2025-11-01T20:14:27.229588+00:00,2025-11-01T20:14:34+00:00,194
5660fbc94b969c2b00e1719dfca271361eb5b558b1ce211968c53565a9d443b4,2025-11-01T20:14:27.347417+00:00,2025-11-01T20:14:34+00:00,194
a7dd5b723146527b3c1eb29192d247b37a56e357be6525de0147a362950f373c,2025-11-01T20:14:27.462676+00:00,2025-11-01T20:14:34+00:00,194
7a33417a46984129a9eb37b3d56f4e82dd6c629ee1ff60a0f9a901094fa577c8,2025-11-01T20:14:27.587501+00:00,2025-11-01T20:14:34+00:00,194
1fb299a461abe9014c5c0c07246fbaf3894da670e08f11fb3c78873081394cd2,2025-11-01T20:14:27.703888+00:00,2025-11-01T20:14:34+00:00,194
6e4ba51ab28fc3015fd74db30b0f22f97f89335ef62a92b02f710672fbc35e46,2025-11-01T20:14:27.819563+00:00,2025-11-01T20:14:34+00:00,194
2418439734e284e3e943bf33e978fed839d77484bfb303f69eb094b1dc9f6289,2025-11-01T20:14:27.938790+00:00,2025-11-01T20:14:34+00:00,194
90757422de339475a15311357595ec5550ea00769e01a235c31990b3aa66c394,2025-11-01T20:14:28.055475+00:00,2025-11-01T20:14:34+00:00,194
ab4a90ba71166da17063e4bd362acb3fb1ad422bbdf716db1bbf8f44b1fca135,2025-11-01T20:14:28.171370+00:00,2025-11-01T20:14:34+00:00,194
78363505061d71fd4e73550ff226dcb26dae8eec54fdb978e3c33218e070fcc3,2025-11-01T20:14:28.287381+00:00,2025-11-01T20:14:34+00:00,194
9b5c84c2ade05e9180522ff9c74be6f5438f42cb8c3e9990deefab6ae666298b,2025-11-01T20:14:28.407038+00:00,2025-11-01T20:14:34+00:00,194
85f03fa40d5d8abe55bd05c5a3929a19d94ef81c31435a2f0872ba52a439980c,2025-11-01T20:14:28.524313+00:00,2025-11-01T20:14:34+00:00,194
b01669551055e97efd130bca68af5d181b666f0b2ead20041c3cf35e07daefbd,2025-11-01T20:14:28.641698+00:00,2025-11-01T20:14:34+00:00,194
7b11fadbb93b7540c15bdfe22998cc306dab10c73d76c6773a9dfd86afa33eca,2025-11-01T20:14:28.760153+00:00,2025-11-01T20:14:34+00:00,194
1bfabb4e3eb1f75215afc539f9301375d04470a578aa13c83eb84014c8458440,2025-11-01T20:14:28.879689+00:00,2025-11-01T20:14:34+00:00,194
55d20b7f776d6ddeb18b3cfc277c50923718d73768a38f49a648010c9ef65557,2025-11-01T20:14:29.004658+00:00,2025-11-01T20:14:34+00:00,194
a32810e57d344b8e4540c02a7596e6503d5f0ea20a563398b3a46276cca295cd,2025-11-01T20:14:29.341979+00:00,2025-11-01T20:14:34+00:00,194
c29eca1a657a7396b4aaa234491cf3a80def8e62ef76a48916b3a750403cc906,2025-11-01T20:14:29.457371+00:00,2025-11-01T20:14:34+00:00,194
0a4dc8684fb03e21b768df4ae45d5b45dabdc3123d29835c27814cc75f0e6385,2025-11-01T20:14:29.572370+00:00,2025-11-01T20:14:34+00:00,194
05418a1f77ce41892511ba100ea555bae1767535a77d072d3bf06f2cfa4f3d2f,2025-11-01T20:14:29.688895+00:00,2025-11-01T20:14:34+00:00,194
8f2f0fc2ba771fb23ea4435d865fad057a65830f93181e652190042c8f7c6ce1,2025-11-01T20:14:29.813728+00:00,2025-11-01T20:14:34+00:00,194
c872cd68198f91d0676e64c4fae74210583f4466b338086246d7f77cc70a3a64,2025-11-01T20:14:29.937671+00:00,2025-11-01T20:14:34+00:00,194
4578026a68ef431f4a24eaceea492524f5446d578a55a90d4a7fec457ecaed66,2025-11-01T20:14:30.052779+00:00,2025-11-01T20:14:34+00:00,194
36b411b74cd57491c8aae4a8eb3ee251478e21587caf05c2baa67f6266d0980a,2025-11-01T20:14:30.168969+00:00,2025-11-01T20:14:34+00:00,194
09db17d460a614f02d2b32248c24f4ec6bd693f5212733d6e407907af5649314,2025-11-01T20:14:30.283008+00:00,2025-11-01T20:14:34+00:00,194
5aa3ca605207e8c0352fd72524a3cd32f38c94b80f9feb6595ed5a42b457dd96,2025-11-01T20:14:30.401481+00:00,2025-11-01T20:14:34+00:00,194
d438b5ce0f75081b179cc14402150cc7cbce983c9e4c510753304d824bcd14c0,2025-11-01T20:14:30.516360+00:00,2025-11-01T20:14:39+00:00,195
f33106e813600ced13e1e2f3ea0203e36c1c4c4bd1cfc957ce1e7cfd8b5b440b,2025-11-01T20:14:30.634355+00:00,2025-11-01T20:14:39+00:00,195
29762cdad77f302680748a82b8dd91907217f8ed7825e5b07f98913d4045ce46,2025-11-01T20:14:30.751637+00:00,2025-11-01T20:14:39+00:00,195
54f416ed6e7cce2bcada977cda2395f6feb80e9c9df7af8d536a0328bd135a75,2025-11-01T20:14:30.868045+00:00,2025-11-01T20:14:39+00:00,195
0c0663967d28c6329dcb3af552e88ad3ca9a5ea91b36159a6609fe6e3348e3f2,2025-11-01T20:14:30.987371+00:00,2025-11-01T20:14:39+00:00,195
11ba1171de6b4baf2b8f2ef882ba8d8e1350a38d138e6a02391f23a75b95ae63,2025-11-01T20:14:31.108037+00:00,2025-11-01T20:14:39+00:00,195
b3adaa65d000e332e7940e9f7952de94ad94cd4e7c711fc3fea526900d922377,2025-11-01T20:14:31.222243+00:00,2025-11-01T20:14:39+00:00,195
d41ec2e66ff37bd1dcdb73875c928f1988bd0f5c00dfe82551dde2bbad7206a8,2025-11-01T20:14:31.367622+00:00,2025-11-01T20:14:39+00:00,195
22dec37aee7eae8c7f32f5fe42b592ba0a7fa1d5b07ca6eefb645f3f06b2395d,2025-11-01T20:14:31.487097+00:00,2025-11-01T20:14:39+00:00,195
7818f77205016becd52467895eb80a4c1555bb7f938f019f003eaa94cf081d3d,2025-11-01T20:14:31.601293+00:00,2025-11-01T20:14:39+00:00,195
a3478240f2fb53975fe2caf7271f8aa31c75e539db17bbea7f4186c82102045b,2025-11-01T20:14:31.718462+00:00,2025-11-01T20:14:39+00:00,195
fc6984b15c3e5284e34cb10c1b5fdc400cb1f55cce334dfb89187000c5e2e23c,2025-11-01T20:14:31.835186+00:00,2025-11-01T20:14:39+00:00,195
fa432052aab70338191c93441a758661f389a8935c6c5806de0d769cb9365923,2025-11-01T20:14:31.951625+00:00,2025-11-01T20:14:39+00:00,195
823e7b5e8b57d8dd8a599b6e1470eb4c094f6a813cc9de6a9e4e1e3f7306561b,2025-11-01T20:14:32.101015+00:00,2025-11-01T20:14:39+00:00,195
bbf34c3a769d19ba0f2fc88c301c6b089d1e76840750ddf492cd49d0070451bb,2025-11-01T20:14:32.218684+00:00,2025-11-01T20:14:39+00:00,195
dffcc7145bc94124bb168657f6c76b02370b8a284d56683903b9c5cc96374424,2025-11-01T20:14:32.337148+00:00,2025-11-01T20:14:39+00:00,195
3df0cd0d4bc8f89e89c659f60b9c180ec880c64e1836735886b045840cd61f79,2025-11-01T20:14:32.459451+00:00,2025-11-01T20:14:39+00:00,195
ef4798fe7dced5d42cf3609b5a3ba29037805c72e56c3b999c4873dcd4528151,2025-11-01T20:14:32.575044+00:00,2025-11-01T20:14:39+00:00,195
43bca868844a3e7980f3c34fdb96f59e43b6dd010ce7fbf3bfec25ad50b67126,2025-11-01T20:14:32.692665+00:00,2025-11-01T20:14:39+00:00,195
a6be3f7c290b1a97c8233106f66613e10ed48eb2a9da8824151ff27f2efaa3db,2025-11-01T20:14:32.814661+00:00,2025-11-01T20:14:39+00:00,195
aa75186bde6078b4fb193dd962cf173275e93629bae541a47ea1a1f2c1bff127,2025-11-01T20:14:32.931887+00:00,2025-11-01T20:14:39+00:00,195
9a91c4710beef683f460ae681cacd454a01bf4a32bc09baafb7d3f16290b1dc0,2025-11-01T20:14:33.048685+00:00,2025-11-01T20:14:39+00:00,195
58be13a4373c7c1593d046df495c7e42ad983c337d4510d8af9ad9684aa1790f,2025-11-01T20:14:33.173554+00:00,2025-11-01T20:14:39+00:00,195
eca36325940a2034687aef5add402560e88f8eddc094f4836a5c09f70d7c408a,2025-11-01T20:14:33.292995+00:00,2025-11-01T20:14:39+00:00,195
260462fb36d1c9a2cc51d85ac9ccbc93eafa312d7a89cd4d019604204e7035af,2025-11-01T20:14:33.413641+00:00,2025-11-01T20:14:39+00:00,195
a63663c9315dc75487ff283a9a8e5076f44c921f95f336f35a1b1fde26f9a1df,2025-11-01T20:14:33.533115+00:00,2025-11-01T20:14:39+00:00,195
d30dafc4abbe9b0031c909aa17c1086ea4f62f1355598eefbc1a2faf64da795d,2025-11-01T20:14:33.646630+00:00,2025-11-01T20:14:39+00:00,195
437489eb3871d27177d56e7125f3936c371f4bf0c8e33086c32ecb626a94a6c3,2025-11-01T20:14:33.763695+00:00,2025-11-01T20:14:39+00:00,195
6d4851f4872038ae44e6b7663ca8dfd2df3d60deca598e313f939e9b7cebdda6,2025-11-01T20:14:33.880129+00:00,2025-11-01T20:14:39+00:00,195
1e68c3f3a189a2874d078662751ecf32298cc08034f4262afb0b7cf69461a645,2025-11-01T20:14:33.997216+00:00,2025-11-01T20:14:39+00:00,195
e3b3b6cac524b49f3509cbe8e734a2db940140107813d9028c2e039bdef7e3a5,2025-11-01T20:14:34.116192+00:00,2025-11-01T20:14:39+00:00,195
2fabf4c6398ab2155ab5ab141c12ae156e8a4c9dee422523cd13fb50f540d35b,2025-11-01T20:14:34.362676+00:00,2025-11-01T20:14:39+00:00,195
6f391f1c7f6225d9516aa8223596d0b13027f5f0cce39d674bb59f306b20020f,2025-11-01T20:14:34.479797+00:00,2025-11-01T20:14:39+00:00,195
1faa1dcd7db6f3c81a92c37ca8777fd55a2f19855956f93f5d4e433fcd67add1,2025-11-01T20:14:34.594602+00:00,2025-11-01T20:14:39+00:00,195
352e19dfbe2afb592e5b561e5f80673b283d5d410ae7b553fc8586611bb05094,2025-11-01T20:14:34.710094+00:00,2025-11-01T20:14:39+00:00,195
e4700defa07907d1a10470cdc549861a6ff0a07de2859b2a3a1ac58004e2d39d,2025-11-01T20:14:34.827415+00:00,2025-11-01T20:14:39+00:00,195
4f217cc9c27d46ce4235a31984ef78e229eed7ff7492a90c3722dee7e5d8169b,2025-11-01T20:14:34.944851+00:00,2025-11-01T20:14:39+00:00,195
6627232db1be8e724a06cc7441b053e9fde8015a11194dcf737c903030b3b3b7,2025-11-01T20:14:35.062141+00:00,2025-11-01T20:14:39+00:00,195
6937afe862af7003a3a1d6ed1223dd32972bd95322fbfb0cae57a81e1dd7d5a3,2025-11-01T20:14:35.178646+00:00,2025-11-01T20:14:39+00:00,195
3e61a096b7560ea7c2e9d6f39f50915b5ba292519486e88856e54e367a02c5f1,2025-11-01T20:14:35.294363+00:00,2025-11-01T20:14:39+00:00,195
9b8a76ba3bbc54c7599e6d6a3bf0c4a7bad8fbe744125eb5e171d635408a6575,2025-11-01T20:14:35.411881+00:00,2025-11-01T20:14:39+00:00,195
5f68504a6c5d3150b8be1c247a0afc1aa772e95d1420f118b0c830d7ce8dd3b5,2025-11-01T20:14:35.530004+00:00,2025-11-01T20:14:39+00:00,195
b92918c625d2174f7bf5211ec3a6893937ec7dea4f0c7a0379235357d985b947,2025-11-01T20:14:35.645285+00:00,2025-11-01T20:14:39+00:00,195
7eca41a0aba7c78923932977ed824c26368f65d3de02f9bd8ede88d430e0e9a5,2025-11-01T20:14:35.763992+00:00,2025-11-01T20:14:39+00:00,195
ab91945173388dfd6054a336b7635be5e880b38497079778538b0d289da0bbfb,2025-11-01T20:14:35.882107+00:00,2025-11-01T20:14:39+00:00,195
2bdfd7fa6d03850a28a226d3f6b2cd8435e617398bff59b9e537a4bd7a241f0b,2025-11-01T20:14:35.998852+00:00,2025-11-01T20:14:39+00:00,195
8dc9b6fb094cef0f60803f300c07125ff0501f04233d820c3f90d6a5ddc3b5de,2025-11-01T20:14:36.116946+00:00,2025-11-01T20:14:39+00:00,195
b0a2cb4c5d4813bbad3c1ced185b41c485d0ea1d6d84f1b8160119fc33005037,2025-11-01T20:14:36.234851+00:00,2025-11-01T20:14:39+00:00,195
c816ce6fe87f9563e7bb3353caf9139b05587aa200ada8d4b94a2bb8b9318c04,2025-11-01T20:14:36.351559+00:00,2025-11-01T20:14:39+00:00,195
e65f472c3b8e6ec3d27c35cf42ec56313b1215b13cc70b862d54f26e08acab41,2025-11-01T20:14:36.467167+00:00,2025-11-01T20:14:39+00:00,195
fa7cdc37f317027a74a9af0dc1665391075207e61ac3e296d4b1e32090b66e0d,2025-11-01T20:14:36.586575+00:00,2025-11-01T20:14:39+00:00,195
5891e71acfb1f8727c0b30c6374f9026231c043fe91a6690ebc6dd44b9c2a5b6,2025-11-01T20:14:36.703201+00:00,2025-11-01T20:14:44+00:00,196
c4ad5dbc23abe4c1dd4a1af262259bdc46e66affb0cc14ef205953a894c9ed21,2025-11-01T20:14:36.819819+00:00,2025-11-01T20:14:44+00:00,196
3319c1f4b66e788372b1b842c85513945f7f68a6ee72a1338fcc6c6ebcc01a79,2025-11-01T20:14:36.939211+00:00,2025-11-01T20:14:44+00:00,196
364f4e50c2c032d6baaea75ee3090d59e5a23597037213bc6c5624da540748cc,2025-11-01T20:14:37.058575+00:00,2025-11-01T20:14:44+00:00,196
edb6d9d6901ca803644c842ec9cf082498ee11612eb99c67a54c1ee8c57a06a3,2025-11-01T20:14:37.175751+00:00,2025-11-01T20:14:44+00:00,196
4adb3bd42872884829f689660886348e499b0c30d4061afed8703aa660829486,2025-11-01T20:14:37.291920+00:00,2025-11-01T20:14:44+00:00,196
3a16b2cb52f1fc45d7e680d6de60885184f7f788322f1b731b0431af6688b63b,2025-11-01T20:14:37.413648+00:00,2025-11-01T20:14:44+00:00,196
57dfa4f5d2f03930cdd7bfe21c1a60efd7c7029ebe291b23ba0802eea187be66,2025-11-01T20:14:37.532371+00:00,2025-11-01T20:14:44+00:00,196
da3fd8bafc7f34fa694cbded968987355c5290a22b6826359b4bcdadeb0bcea8,2025-11-01T20:14:37.647602+00:00,2025-11-01T20:14:44+00:00,196
8f6e59b7ed82be4fee968c4831c1bd9c6e6ec849c3ef42f550c6bee19e998711,2025-11-01T20:14:37.765351+00:00,2025-11-01T20:14:44+00:00,196
6936367644f8b26ad68c489c5714db307570b67c2917f2a4f64be74448d85767,2025-11-01T20:14:37.887142+00:00,2025-11-01T20:14:44+00:00,196
d3aa0758a7958644f6d5a3c547928af7e256755c6830efc7ef9807fd3b2c342d,2025-11-01T20:14:38.006130+00:00,2025-11-01T20:14:44+00:00,196
380ebd96c82381adfd35cf63f44e325d4299a848435d9647ef714ac45648cc78,2025-11-01T20:14:38.123858+00:00,2025-11-01T20:14:44+00:00,196
21d4a8c779cc5b72f00fc225dd8be9db603edaf932885c72ca0d05ac044fcce9,2025-11-01T20:14:38.243464+00:00,2025-11-01T20:14:44+00:00,196
55d6711eb84db9e4d05d5c8ef6a3c8b55449ed128dce0e7e93c284031d030939,2025-11-01T20:14:38.361224+00:00,2025-11-01T20:14:44+00:00,196
749b043e6b72693c47188920ebb3d510c9192831ebf61e6009a2b3f36b903f4b,2025-11-01T20:14:38.479221+00:00,2025-11-01T20:14:44+00:00,196
41e364b87a1fcbc38043c0ad4bf209bb966e1114a63b00b968829d3dd37d9839,2025-11-01T20:14:38.595267+00:00,2025-11-01T20:14:44+00:00,196
58cd1d2ebbff68da5ab17f3be6e5f79d3304c8086682d61016230cb4c1796d45,2025-11-01T20:14:38.713059+00:00,2025-11-01T20:14:44+00:00,196
e492fac1ea8b1b3c5312312fc6dcf6e3cd12f46b97546221018a52a0d52a554e,2025-11-01T20:14:38.834258+00:00,2025-11-01T20:14:44+00:00,196
589eccd5ec8285943e302aad7ec65db94eaeff8695e37712bbaced503ff17a0e,2025-11-01T20:14:38.953880+00:00,2025-11-01T20:14:44+00:00,196
f19bac31e8a952de8bc4686a1f4451c5ac970b916490e8d8ddc165018b670261,2025-11-01T20:14:39.075334+00:00,2025-11-01T20:14:44+00:00,196
fb87dfaf8af1e5fb8d838fd188e58a801de7e20d730c44954e076f9cf343674d,2025-11-01T20:14:39.206972+00:00,2025-11-01T20:14:44+00:00,196
3df71fce94a7d61f2063d008c682e2262eb92674c83e180725a0372c197e7308,2025-11-01T20:14:39.422871+00:00,2025-11-01T20:14:44+00:00,196
1be75acb0976a6c3a3153731ab75163aee734d25fb7dc5f9782cfa3841eadc4d,2025-11-01T20:14:39.542585+00:00,2025-11-01T20:14:44+00:00,196
737e56e19b418a16babd5bd665df88b72ab6965c6ddab10f7e519db7a23b44f8,2025-11-01T20:14:39.658997+00:00,2025-11-01T20:14:44+00:00,196
5735569c35ffb21bf28f1119286a3fcff935993b5a235f6122b3536081a31891,2025-11-01T20:14:39.776411+00:00,2025-11-01T20:14:44+00:00,196
5a4e513b38532d0085ad5aec0505fb5cc5ba303fb8864c2e52b167f2896b47f7,2025-11-01T20:14:39.896315+00:00,2025-11-01T20:14:44+00:00,196
2dc94e95980e2cc2be45a51071736edcd9d4504cf2b455b2233c73710cb8a798,2025-11-01T20:14:40.013139+00:00,2025-11-01T20:14:44+00:00,196
f26ace6f436c488901340586e9d7cd0d7f74a2c6751c5ba4d7df7ed1f9e57b79,2025-11-01T20:14:40.135772+00:00,2025-11-01T20:14:44+00:00,196
abbfb470f203acfc0399ec9c6a40f0a5a195488b6aae94d267291e71cda1d64d,2025-11-01T20:14:40.256448+00:00,2025-11-01T20:14:44+00:00,196
0b42b5712e9fbd423ff63c23a729ebad15a58a647769f6242b579efd0efdcd5f,2025-11-01T20:14:40.373086+00:00,2025-11-01T20:14:44+00:00,196
6cf8f21b13e4f8565bc9bebf968edd10e71fee0123e66fbf0535b77c5f664145,2025-11-01T20:14:40.492576+00:00,2025-11-01T20:14:44+00:00,196
ead54f4bcae4c200bdfeee18ae618247894212242a01e22967518a38b47e6c5c,2025-11-01T20:14:40.613568+00:00,2025-11-01T20:14:44+00:00,196
b74e0ae9f72182dfe6807cce81f0cace995bcaddb0bd4f42e99cf8dac44b317d,2025-11-01T20:14:40.731246+00:00,2025-11-01T20:14:44+00:00,196
eafce38499ec9d1016a0847ce0bf59a709a03e71d111c26538d62b7f4f8c7615,2025-11-01T20:14:40.851651+00:00,2025-11-01T20:14:44+00:00,196
ae1a96494287c89fd376393b3a888b217b2298981f46dc6789ac97f9c6725ec0,2025-11-01T20:14:40.967857+00:00,2025-11-01T20:14:44+00:00,196
3b584ab60d7f4b4ab631ca8be5882a60df7bd0e92bfa64b941f38f692574bd0e,2025-11-01T20:14:41.086181+00:00,2025-11-01T20:14:44+00:00,196
87eb681c228cbb1cc3400a179e01498278d23a04a7db28db4194e4b032bea413,2025-11-01T20:14:41.239186+00:00,2025-11-01T20:14:44+00:00,196
84f6a92495159139e55ee8beb506b757f76bbdf1a7b7b20abf9369296a2afaf5,2025-11-01T20:14:41.355078+00:00,2025-11-01T20:14:44+00:00,196
24f65320254b2ac12cf522e671f822f64e4eef73640b32b0f88eacf7e3098d6e,2025-11-01T20:14:41.473567+00:00,2025-11-01T20:14:44+00:00,196
db027bb4bb14c1fdb83f5fcf8f70e9963c999be17aa8de31ef9a2ce18364d7e4,2025-11-01T20:14:41.595868+00:00,2025-11-01T20:14:44+00:00,196
3d2ab4883a9c7a999bdaf98ca5a4b9d0e85362971e5e1cdfef2993d6c1ef5f9f,2025-11-01T20:14:41.714832+00:00,2025-11-01T20:14:44+00:00,196
2eee3aaf4e17952a1f5648799e969f9dacdd69d3c2d3b1a246d0370c2b639495,2025-11-01T20:14:41.838463+00:00,2025-11-01T20:14:44+00:00,196
0571f32df9bf6c6bd497a107745aa5028a552f6f602df2ae5ab98d56534f86f1,2025-11-01T20:14:42.002538+00:00,2025-11-01T20:14:49+00:00,197
142c52d174b494ee2187da92a86c4b7c8599af290810d595a3bc63a3621f3937,2025-11-01T20:14:42.119171+00:00,2025-11-01T20:14:49+00:00,197
87507896956b781908629f93b897c8e3feb5df7ec79a04b4fafa0126f6abef77,2025-11-01T20:14:42.239515+00:00,2025-11-01T20:14:49+00:00,197
53baf70d65d12958daf76e791269e164e3df68a25bf84baaa8f179fd23f68c4c,2025-11-01T20:14:42.366350+00:00,2025-11-01T20:14:49+00:00,197
74c3245bb0bdc474562228dc2f7e572c4b86c8575eb5e5aec94da7e2802b5f69,2025-11-01T20:14:42.567659+00:00,2025-11-01T20:14:49+00:00,197
01b089d34e91d5deee159b1541ed1b28a39cf8770e83cbaf0a70529beaf745fa,2025-11-01T20:14:42.690797+00:00,2025-11-01T20:14:49+00:00,197
89f81a9eccd1318b56cb40692e7e4a22a100c1f05df30bef5a81a5b38de29d0b,2025-11-01T20:14:42.810548+00:00,2025-11-01T20:14:49+00:00,197
30d30b2228dd1b2fb2a6d2b06d123b669c2d2cefe40e566fa47cd2ddbd67bc00,2025-11-01T20:14:42.927922+00:00,2025-11-01T20:14:49+00:00,197
38a811f672846227596ebbb7512beb672099b0a8f3899144c82f3b0284c681bb,2025-11-01T20:14:43.044725+00:00,2025-11-01T20:14:49+00:00,197
b2c7125a79632cc5566f0fdb6dabdd47b6c15c9ceda057c7f1826a909139e2e0,2025-11-01T20:14:43.165660+00:00,2025-11-01T20:14:49+00:00,197
1065724bcabf4e029ba67038d65385ce75b77047007d3e077a569f69ee2eef51,2025-11-01T20:14:43.288536+00:00,2025-11-01T20:14:49+00:00,197
e080e87baa9c4a4767022c8c421af4aa19ded6012624144a36d2bb9a67002787,2025-11-01T20:14:43.408473+00:00,2025-11-01T20:14:49+00:00,197
39cfab4043ddeb7e558a0a322b15d9e7b364b55402a20d1f97b3548c86c1ecdc,2025-11-01T20:14:43.528277+00:00,2025-11-01T20:14:49+00:00,197
d82517486caf19b7663da0defb631eaed49c45b4f356312d6675659eba202bf0,2025-11-01T20:14:43.646348+00:00,2025-11-01T20:14:49+00:00,197
70d6d2220664dca1fc359ca1faab152a500679263b7bf26efabf7db66b0deb2f,2025-11-01T20:14:43.762266+00:00,2025-11-01T20:14:49+00:00,197
da15c27b9fc1114e6fbc5505f84bc59dfea5c7c02f08bb0999857610cb5836f0,2025-11-01T20:14:43.885383+00:00,2025-11-01T20:14:49+00:00,197
2ac4ec93c986724516645969f18d51a930c58fb217082afc785e156116fc3955,2025-11-01T20:14:44.003948+00:00,2025-11-01T20:14:49+00:00,197
44175c5a3fc5de7f16315a25e38bb9699e521868416b63de04cf6d16c183da13,2025-11-01T20:14:44.126335+00:00,2025-11-01T20:14:49+00:00,197
b4559fd3c14beab8115dd07f2759c890ca3aa134af94b4839055dd59f77c1140,2025-11-01T20:14:44.247334+00:00,2025-11-01T20:14:49+00:00,197
2ca6099b835377d1b6c829fd5039f03bf43bbad117a2c5d2aeddc7d3826c1301,2025-11-01T20:14:44.442280+00:00,2025-11-01T20:14:49+00:00,197
d4de199699fc85d932dbda80c596d71ef21d291c045ce75463acba2490f15270,2025-11-01T20:14:44.563801+00:00,2025-11-01T20:14:49+00:00,197
b5941a703f53c381f05acaacf5b4d09cd35f48631056aa4f4b2335eb5c8dec4d,2025-11-01T20:14:44.680386+00:00,2025-11-01T20:14:49+00:00,197
0db9df3a78059ceb3c181410e45b0bc80978ba9d6502fb49853d358daa39989e,2025-11-01T20:14:44.799563+00:00,2025-11-01T20:14:49+00:00,197
36d459387fbee38b7ba89e5e46925a36b2e4184eae0fc29971f5960c1ea440f2,2025-11-01T20:14:44.917430+00:00,2025-11-01T20:14:49+00:00,197
99bbb8900cc3876daf83d8398604226841828da8fd7dbf16dfb0c86b396eeb3e,2025-11-01T20:14:45.034454+00:00,2025-11-01T20:14:49+00:00,197
167731255b66e4f607bcd922257b1bda440ecf3c83f1d8e41c88b089b509af6e,2025-11-01T20:14:45.152129+00:00,2025-11-01T20:14:49+00:00,197
9d6849aebf74f7500305b7413c355dbc958c135260e7f9ccf4c0708e5f2dcabd,2025-11-01T20:14:45.268462+00:00,2025-11-01T20:14:49+00:00,197
2e8129f77652fb7fbb371491b031bddc8bddfc4622d1d6c9b6c23a5a6c6585c7,2025-11-01T20:14:45.386521+00:00,2025-11-01T20:14:49+00:00,197
8342198582460b37e41951892f72d49d225eb3ccf333bdab6c7759e1723bbe84,2025-11-01T20:14:45.506089+00:00,2025-11-01T20:14:49+00:00,197
dcd90026403baff76f756658c7238bbe9a33de2c7a30aae481916f462bcd4494,2025-11-01T20:14:45.622156+00:00,2025-11-01T20:14:49+00:00,197
2d8b20881d7c5eab7a5359b0766f2094c34deb32a8c90b39d84fe6211b22285a,2025-11-01T20:14:45.739721+00:00,2025-11-01T20:14:49+00:00,197
e73529959b7df70d46343a3c5e4de510b64fd7fc0c013b4c03bd008fd15d2ef9,2025-11-01T20:14:45.859397+00:00,2025-11-01T20:14:49+00:00,197
3b9a8bda5f5800ee6b5a724f63ae053defb5205de7488b07a6afaa18dcd70802,2025-11-01T20:14:45.976923+00:00,2025-11-01T20:14:49+00:00,197
11b40573d1f01246a3f2b1e17e99ebdc4abbe4ebdb9818f54a89df1014274aec,2025-11-01T20:14:46.096095+00:00,2025-11-01T20:14:49+00:00,197
b81e5bc050957d6f2534729d4878f67129c1677cc5f0e478c491ed4e987c91c5,2025-11-01T20:14:46.216731+00:00,2025-11-01T20:14:49+00:00,197
4eaa8382c867a9bf11b923082b9ac0929e0a8e507e4c31ebb733ca450884c60e,2025-11-01T20:14:46.333410+00:00,2025-11-01T20:14:49+00:00,197
28556a3d331a74ec9577affee5f4d890cafc509d503eb017dfdf6d036058fe6c,2025-11-01T20:14:46.454420+00:00,2025-11-01T20:14:54+00:00,198
e4a7fc35cb3cd4ed4ce1185416cf4531adc5a684670f711caf48e65b51c1b541,2025-11-01T20:14:46.572952+00:00,2025-11-01T20:14:54+00:00,198
9551f1c3a33c0be3b26cb8336cd0495b7717136ccef2c440bfe5eb590dfa7a36,2025-11-01T20:14:46.691772+00:00,2025-11-01T20:14:54+00:00,198
760348948fd0c57d8b581c23fdc94745b4d7e0428c83adc4727ff3f4646b1aa2,2025-11-01T20:14:46.810559+00:00,2025-11-01T20:14:54+00:00,198
fce3622b026c5a6edc5b0b85fd04893c41313b91b62ba507ad988090116089b2,2025-11-01T20:14:46.927511+00:00,2025-11-01T20:14:54+00:00,198
197a7031b109da1b64751fb9238dd0ee48f897d2912332ec386842aa64ee5542,2025-11-01T20:14:47.042370+00:00,2025-11-01T20:14:54+00:00,198
53358a169680583a394b1551550d3812ce887696878333fedb8f1eb1e826e132,2025-11-01T20:14:47.162659+00:00,2025-11-01T20:14:54+00:00,198
83759b01e4e53c45190ada06c0c3bbfc4235a9220df4a6297325c6d9b5e999cc,2025-11-01T20:14:47.281613+00:00,2025-11-01T20:14:54+00:00,198
1cfc97f7cd6692248955a9508859cb7e111ebc9681ca3b506a2c68c00486a990,2025-11-01T20:14:47.398197+00:00,2025-11-01T20:14:54+00:00,198
42e445fa6af44176c5962782b1de4c90a99f7deb27e47e674c675092fe8aac67,2025-11-01T20:14:47.519871+00:00,2025-11-01T20:14:54+00:00,198
f240295ac099f7f6115852415eebcbe253d21d019e721b8c2daa695892d86cb6,2025-11-01T20:14:47.637599+00:00,2025-11-01T20:14:54+00:00,198
a6bfa688cee8d79bd4a1ac0174f258fdc450afecaf61682edd3165f4d2efcacd,2025-11-01T20:14:47.759815+00:00,2025-11-01T20:14:54+00:00,198
ee362be5b2e432630e3794c1c206cef91d5a03c9eb1c562bf42f745a221a2ffd,2025-11-01T20:14:47.875587+00:00,2025-11-01T20:14:54+00:00,198
26042899a72991035b9775f700112080eb2a1283e437de13499d24933dcef833,2025-11-01T20:14:47.998974+00:00,2025-11-01T20:14:54+00:00,198
8734e4604c6e95057208717d1e326a130f6a94667e39b5127606f27630524814,2025-11-01T20:14:48.121251+00:00,2025-11-01T20:14:54+00:00,198
9b3c552074888cc02aae1bb30f31fc15a6c7d54ec13d671077812c779cb197b6,2025-11-01T20:14:48.239986+00:00,2025-11-01T20:14:54+00:00,198
04cdec6df6f3e27fe37b5a7faf34c0f5a195fc6dcac138758a295168830cbd5c,2025-11-01T20:14:48.356804+00:00,2025-11-01T20:14:54+00:00,198
cf745605cb0e33bba071d14536d0b391eeda277f79eeb36acc9eda284f55f1f8,2025-11-01T20:14:48.475190+00:00,2025-11-01T20:14:54+00:00,198
a990816ade8389e82d0dbc79d89cedbe99b80aa8427d23363fe5fb285c70e33f,2025-11-01T20:14:48.594536+00:00,2025-11-01T20:14:54+00:00,198
32f0c471270d1cadd51b3f0d38e650d58d2bbe35227695c18d5fc836984778a4,2025-11-01T20:14:48.712221+00:00,2025-11-01T20:14:54+00:00,198
cd096f33ed45b3f6543042620853a1064d52153337011cd042a0851e0116d4b6,2025-11-01T20:14:48.827773+00:00,2025-11-01T20:14:54+00:00,198
db43a96881359b35e7d79db72a238e30d93c13d5aba21199945fae90cc710b0d,2025-11-01T20:14:48.948840+00:00,2025-11-01T20:14:54+00:00,198
5b254b37704e9f9eba5673756dbb4c6be86ab3bd46aece4c3fc0b8e61753c024,2025-11-01T20:14:49.076100+00:00,2025-11-01T20:14:54+00:00,198
4ee8706f5608a48f6b7e76bbff528c353dbdbfa5ceb47618a0feee2b7598f46c,2025-11-01T20:14:49.201529+00:00,2025-11-01T20:14:54+00:00,198
ea11aa291b1997c7d0cee060ef11838ef63ff8e52e265a7e381043295d45a89f,2025-11-01T20:14:49.318751+00:00,2025-11-01T20:14:54+00:00,198
3305a2674ff790851845efe3f1e6ef2ee243b6a29023a67582dffd99a23ae06b,2025-11-01T20:14:49.504871+00:00,2025-11-01T20:14:54+00:00,198
246aaf5f0727a00c4de1a329bed834820820e82f32536860495c4c0cad6cdade,2025-11-01T20:14:49.626893+00:00,2025-11-01T20:14:54+00:00,198
889917f74050b2c670527b19d127a40be43a87e9a54d62a694d50410f7b1f153,2025-11-01T20:14:49.748174+00:00,2025-11-01T20:14:54+00:00,198
2961117297678a90dd48a4b3dfe9ee8fafff8fa87fa3ef54a1e477b027002e4c,2025-11-01T20:14:49.873338+00:00,2025-11-01T20:14:54+00:00,198
c94f13601f4a600cc9761aed91f38c195ef9eeee32ed241129d74aa3a6d7e8f3,2025-11-01T20:14:49.997462+00:00,2025-11-01T20:14:54+00:00,198
1106a8583ab6fc46a93a736d0c45a58577af23cc579430eaf0890ab161421c65,2025-11-01T20:14:50.113307+00:00,2025-11-01T20:14:54+00:00,198
7e08d5579df80dca9a1f8a8a086da088408fd19176f73a2e5669f96f6d2f1126,2025-11-01T20:14:50.233785+00:00,2025-11-01T20:14:54+00:00,198
d9b952fcc28a9e46ab2f131d910256b0a25aace829b0df56797096a1ea3dac73,2025-11-01T20:14:50.352777+00:00,2025-11-01T20:14:54+00:00,198
d01c833ec7a6e587a52058e4673ee7e5a9e805e7eebd8bd06945ffb6d1fc6ce3,2025-11-01T20:14:50.475149+00:00,2025-11-01T20:14:54+00:00,198
62831f92a40e22d4fa4af6d8fc4e3748c6a258912e418cf7fd752433516df706,2025-11-01T20:14:50.596203+00:00,2025-11-01T20:14:54+00:00,198
87664811bcee6ba0a2f427cfa154d130362696dca13f49f836268d88822669ec,2025-11-01T20:14:50.715624+00:00,2025-11-01T20:14:54+00:00,198
80b89e6fada6aac726186f7e8fd8642eb7855bca28e006cf603ab9dd32514b24,2025-11-01T20:14:50.833702+00:00,2025-11-01T20:14:54+00:00,198
e32715e4ab217938dfcef2a116aa0a00d77a2b70d1971b5407b7e08e9b2287a4,2025-11-01T20:14:50.957446+00:00,2025-11-01T20:14:54+00:00,198
6bd40ddb465ac764efa7af961442e8113f035d62710c5f5bc67544c80cdb3ecb,2025-11-01T20:14:51.075302+00:00,2025-11-01T20:14:54+00:00,198
358c004b87996640d79cfbc101a210d5779ac2d2a680a793c190c6e591d51a50,2025-11-01T20:14:51.192620+00:00,2025-11-01T20:14:54+00:00,198
5ac5050ff602a68b1199b6ddb05a2e52dc192ee9397e777bd7cf2de2e6f4ba0b,2025-11-01T20:14:51.318146+00:00,2025-11-01T20:14:54+00:00,198
44ca072474a8c878e4fd8d1b1376e771c35c8610632355d1e0430fadacf6b5e6,2025-11-01T20:14:51.436088+00:00,2025-11-01T20:14:59+00:00,199
a36844a859087411cb7191060ae0d2097c528382c586f6c97b8af77f1d0f3317,2025-11-01T20:14:51.555731+00:00,2025-11-01T20:14:59+00:00,199
2a257b4d7ca01ddb709f627435904efa86a2e2faa01ede74fd0e1f9e686e7411,2025-11-01T20:14:51.680083+00:00,2025-11-01T20:14:59+00:00,199
498f176b95f07d3a8d14bfc0abffa37213e76776c1f1c570725f2b9edaabaeb5,2025-11-01T20:14:51.795675+00:00,2025-11-01T20:14:59+00:00,199
b87ed6c7267f4b15464e76c1cf44287ca8672c5adfd83244056fb722dbd6b145,2025-11-01T20:14:51.919024+00:00,2025-11-01T20:14:59+00:00,199
42c1d961a44b5880ab6488b557de4ebfdad5f7b1e5f4841efb091e4696956777,2025-11-01T20:14:52.052144+00:00,2025-11-01T20:14:59+00:00,199
d410a98a01ee387338def76a4659623bf0b76df16f439c926b57d2e7447b1a3b,2025-11-01T20:14:52.170246+00:00,2025-11-01T20:14:59+00:00,199
48626ff2e90c870e9f4bef7ca0cd4569aa2e93f2ce44e285eab963f15061fd35,2025-11-01T20:14:52.289012+00:00,2025-11-01T20:14:59+00:00,199
06b82622f57529f930ad3973193febde8c28b0e37d2396690577df06fb75044d,2025-11-01T20:14:52.406289+00:00,2025-11-01T20:14:59+00:00,199
03d6c9302a4336966aa54c789e92542696ff08e76de45218061b1b894e4c8344,2025-11-01T20:14:52.523012+00:00,2025-11-01T20:14:59+00:00,199
b0cc63c87dcaa9849db351331762e4c144e13f17c1c0ce36a03691b467b62fca,2025-11-01T20:14:52.643578+00:00,2025-11-01T20:14:59+00:00,199
a4cda9b6d051ab242718e3e918eed275588950c1f17640583f6a05b6ae7a084d,2025-11-01T20:14:52.761994+00:00,2025-11-01T20:14:59+00:00,199
924be0ac62480f98d352f5244df90a68b6e216c1034373960306934ae3aa8b5c,2025-11-01T20:14:52.883320+00:00,2025-11-01T20:14:59+00:00,199
c6d3598bb0eea7791f38c20d4c0ab84114eb008924d188e283d356f439ca456f,2025-11-01T20:14:53.004955+00:00,2025-11-01T20:14:59+00:00,199
42fcee3941a09d294525acd8a1a703c996cb4ea16dc716779e9c69536adfb553,2025-11-01T20:14:53.121681+00:00,2025-11-01T20:14:59+00:00,199
a614a4cd0b8a8b999cf0c35579b64e19b257868ebdddef4002da5453f37837c1,2025-11-01T20:14:53.239813+00:00,2025-11-01T20:14:59+00:00,199
a1b7e6eb0ac9d3bf2941a6dd4c61370ac3fe966efba142438bf5dc6f3249c765,2025-11-01T20:14:53.380752+00:00,2025-11-01T20:14:59+00:00,199
5b536090fffa6afc31b84f46562174a9f0c1dc4dd4058e01988305ef3f704bb7,2025-11-01T20:14:53.509696+00:00,2025-11-01T20:14:59+00:00,199
6aaae3189687ccce3d6a971799a513f5e167a3478b2656d3757419f88f7069df,2025-11-01T20:14:53.636202+00:00,2025-11-01T20:14:59+00:00,199
d12a051ad31a801cbd4f2b27d65713a274fde77a16686d2134c96057d9e82025,2025-11-01T20:14:53.757016+00:00,2025-11-01T20:14:59+00:00,199
690acda99aee54e7d5e676ec063ec1f619dd7755215afb6e4469a0b466cf14e8,2025-11-01T20:14:53.882868+00:00,2025-11-01T20:14:59+00:00,199
060f2ad7263275d6de0bc112a663cc5b01f3b822e1b87f69d3eae3040e5a22f3,2025-11-01T20:14:54.005364+00:00,2025-11-01T20:14:59+00:00,199
6d2db70ffea2a07811cc643741e10b03eb45a9c4b93c448b604e877c90fddfc1,2025-11-01T20:14:54.140233+00:00,2025-11-01T20:14:59+00:00,199
5258cd065c7b4efbd9a29d875a7886abaf288734f29563e1c564b883ca7c89b0,2025-11-01T20:14:54.265709+00:00,2025-11-01T20:14:59+00:00,199
e9bce565a162dc80c6004bb894dae74f7336d3423b6a19f022fd1ed486e23121,2025-11-01T20:14:54.407425+00:00,2025-11-01T20:14:59+00:00,199
dc7347ea6a9899961d3e8e07827581371b2d53c9197bcb169f8440a1e2db3ff3,2025-11-01T20:14:54.967965+00:00,2025-11-01T20:14:59+00:00,199
2bc081dd955e3b2482d84b3fa618b1caa679f9d7573c3c96a52ec0086b01ac93,2025-11-01T20:14:55.107302+00:00,2025-11-01T20:14:59+00:00,199
759a4d1ea40589647d5425f92fdd6d7e2a0021f95a5f95f99a3f1b5ee5ccf768,2025-11-01T20:14:55.232312+00:00,2025-11-01T20:14:59+00:00,199
d18caefedfd18f996133f9c67452163c971b8d3cd2b72dda34feca33642ff130,2025-11-01T20:14:55.359424+00:00,2025-11-01T20:14:59+00:00,199
bae66464f41dda91480d6b1189a4450bbda2213d0313cbe81136b284068ab2e2,2025-11-01T20:14:55.493259+00:00,2025-11-01T20:15:05+00:00,200
9fa948ab06d02f6bf08a37239092b6aeb83da7b0d011707ed0e707f492620405,2025-11-01T20:14:55.622802+00:00,2025-11-01T20:15:05+00:00,200
61fe46061409e029b539f8cb696a96ff7ac99bece678aa86bb0a57d7601a2065,2025-11-01T20:14:55.750389+00:00,2025-11-01T20:15:05+00:00,200
7726c6028829be4fd067cc70006a444eeffed9e71122691563812f4d0376aa52,2025-11-01T20:14:55.877435+00:00,2025-11-01T20:15:05+00:00,200
2b8769e30fb8a8d099d2ca7fcf2f34a91e5c46aae36be0c4f3e84d9ebbdd5682,2025-11-01T20:14:56.001095+00:00,2025-11-01T20:15:05+00:00,200
095607820698394cca5f2f04e666e29639bd3b04ea3a46db7016872cb17395e6,2025-11-01T20:14:56.126456+00:00,2025-11-01T20:15:05+00:00,200
c225cc3ab470c32da5fbfbc0e3933a56b3837f83fd4028bb406f274379edb7a0,2025-11-01T20:14:56.259127+00:00,2025-11-01T20:15:05+00:00,200
b75b2974fca53af5efe5b4b584dffaaaab35c4fdccc30f4e5d06521bb55b7f79,2025-11-01T20:14:56.390871+00:00,2025-11-01T20:15:05+00:00,200
a62fab24fe47987be5e8bf9060e34c68f274507f12aaf990f6acb0a17eb7a9c0,2025-11-01T20:14:56.516192+00:00,2025-11-01T20:15:05+00:00,200
04d42d62b32cc6f8fcf02ae86bf9bab9a6585b5cb297be59dab794f6696d6831,2025-11-01T20:14:56.640384+00:00,2025-11-01T20:15:05+00:00,200
2b34d0434f9aba8c86c23a51e3a548324a7846ea1aaaf93ea72086209aa6ba17,2025-11-01T20:14:56.769057+00:00,2025-11-01T20:15:05+00:00,200
42fb5891d99a3ff30dcd255ad302f574ff4d206fa6715a52c5fd973a3641f671,2025-11-01T20:14:56.910471+00:00,2025-11-01T20:15:05+00:00,200
788c41eed31033d4513472e7c1d6e9ae68198129c21716be366cb3de2160ab1c,2025-11-01T20:14:57.037368+00:00,2025-11-01T20:15:05+00:00,200
255cff6ba1dfddd332a2dffbd79d12dfea45e3b832e673eed86c848da23972e3,2025-11-01T20:14:57.162482+00:00,2025-11-01T20:15:05+00:00,200
8da7a59257b003061a0524800e179bc97d0e2630b0df983e2369d9d3de1361bc,2025-11-01T20:14:57.309947+00:00,2025-11-01T20:15:05+00:00,200
3e2160440a4eb7316b7848ed36dfebaefbd42555ebac4fe8b6250a40a233cc1b,2025-11-01T20:14:57.435083+00:00,2025-11-01T20:15:05+00:00,200
f53e9523b1ba289ab4d136473f085af70a59d6d66da9a0651ab38af8fc5fd971,2025-11-01T20:14:57.562543+00:00,2025-11-01T20:15:05+00:00,200
431300bf9c5aa94395c70c7ce988664a4e5fde45abe3a20981779ca2f3e5f19e,2025-11-01T20:14:57.697331+00:00,2025-11-01T20:15:05+00:00,200
4e4634009d33637b8ef219523f29e4299c7eb08d55028f326c22de0a732b0514,2025-11-01T20:14:57.822398+00:00,2025-11-01T20:15:05+00:00,200
cfe7757c07feafbcf28037f2bc2d87f31d612db0d0f8a64a820fe2fcadb26963,2025-11-01T20:14:57.949555+00:00,2025-11-01T20:15:05+00:00,200
b7cb8825f747ec8f71470713f61c523f2e61be7f9bb05e0711b56ad70443880d,2025-11-01T20:14:58.072460+00:00,2025-11-01T20:15:05+00:00,200
c1b654fd348cf6d0b3cbd917ae86c5f087a41ec6ce964c080e93b0a98cc1580f,2025-11-01T20:14:58.195475+00:00,2025-11-01T20:15:05+00:00,200
60c7f496849e37709ccc986621cdd1f3790461b26d99f414707635e169023c72,2025-11-01T20:14:58.323181+00:00,2025-11-01T20:15:05+00:00,200
8bc66a43f43662a5203d10827aec40e26b17d3b2ed864c71908fe27254a17480,2025-11-01T20:14:58.454834+00:00,2025-11-01T20:15:05+00:00,200
e903ef4cbac5ad41e3057b0b2c8b5c80850cf01f602b4442dca4318801f2d9df,2025-11-01T20:14:58.580589+00:00,2025-11-01T20:15:05+00:00,200
c522cd62b3fb376bfce2d55677747a02aa1bf715490e8102ecd11e86d4664686,2025-11-01T20:14:58.714325+00:00,2025-11-01T20:15:05+00:00,200
f61dc8728b1e2ca5f7567eba9304bd0855a623c456095ac527df45a9bc6e5f9c,2025-11-01T20:14:58.856073+00:00,2025-11-01T20:15:05+00:00,200
1f84965495612022304b0150830fa9ae083a6414822a78a583bcf7b51833ebdf,2025-11-01T20:14:59.002248+00:00,2025-11-01T20:15:05+00:00,200
113c8336ab617e78409e5cc12e6dbb521cfba3109430f89702be2a3aafc66344,2025-11-01T20:14:59.142758+00:00,2025-11-01T20:15:05+00:00,200
3fbeae3f5221a7882c31eb341f30f5c0e96b4de78ca8d4f49a14bf9da4c95033,2025-11-01T20:14:59.278058+00:00,2025-11-01T20:15:05+00:00,200
ca8688b9f70ed8993911c88d00d08ad098a2d27026664d654f9990043baac922,2025-11-01T20:14:59.439474+00:00,2025-11-01T20:15:05+00:00,200
b635b26829df1f18ece2f0ba627b3071d8a0a438d0fbd80ed8a9d8bf7445347d,2025-11-01T20:14:59.571989+00:00,2025-11-01T20:15:05+00:00,200
737f481aa815977d655954f7b501ac26410e3217272ab110ad18788620f622de,2025-11-01T20:14:59.696201+00:00,2025-11-01T20:15:05+00:00,200
ea96c8c2e1c89c42857cdc8503310e7353725f4c7074758edc0fa5f6943cd869,2025-11-01T20:15:00.071537+00:00,2025-11-01T20:15:05+00:00,200
b590a33cda3d2b1d4592dc0f9862540c92ebb9867dd5a89ae4a227f6bd5acd42,2025-11-01T20:15:00.219287+00:00,2025-11-01T20:15:05+00:00,200
2fc790e12a0ae38216821bde077e0d9746f2eb277c73b5efc35a7c523aa52ad7,2025-11-01T20:15:00.347782+00:00,2025-11-01T20:15:05+00:00,200
7173f97ec814407b446388c0070778a8586a44f56cbb964d32cdeed930b8b2cd,2025-11-01T20:15:00.477175+00:00,2025-11-01T20:15:05+00:00,200
93bd9a4eac7ba2c7cf4028c2102601f5dbabe83968dec59ccfeb0d619f088f6d,2025-11-01T20:15:00.603476+00:00,2025-11-01T20:15:05+00:00,200
7812a8ca5ba2dcffc1007a608a52baf41313bfb39260bc7633df246e85301bb5,2025-11-01T20:15:00.727701+00:00,2025-11-01T20:15:05+00:00,200
23a7b73448c2a2184549a1ba5d4be5c4e7e23b8362efb07f94bd33f0070f42b4,2025-11-01T20:15:00.863449+00:00,2025-11-01T20:15:05+00:00,200
cc39b820c6c225f28d9f60bd44d10d14822f4b0af3c2bd31e5d626f6332f008c,2025-11-01T20:15:00.988353+00:00,2025-11-01T20:15:05+00:00,200
7b2c36e4dc0b79cfe2f9f4824bbb972efb11871649456801ddf31d3e45a3b331,2025-11-01T20:15:01.115122+00:00,2025-11-01T20:15:05+00:00,200
4b19ab501cc3519db5d68798dc576fddaf174741710bb8d186362b20b4a1e816,2025-11-01T20:15:01.245385+00:00,2025-11-01T20:15:05+00:00,200
33c039e2273c2a02744355c4c32252ba43040da80933c894cb1987d3123acf12,2025-11-01T20:15:01.372116+00:00,2025-11-01T20:15:05+00:00,200
7983a56730565749f15bb4e65ccc836fc5f13419d8c5fc849f16a98d6afe24a9,2025-11-01T20:15:01.533356+00:00,2025-11-01T20:15:05+00:00,200
f9ccb9c4c085237896ae61a3d08dc4a28f762bf61a08dcee7ad7f899ad8a8547,2025-11-01T20:15:01.658020+00:00,2025-11-01T20:15:05+00:00,200
07b832322317ee83a814799eb7da5167abb0b69356160c90230960bc570fe0c8,2025-11-01T20:15:01.779829+00:00,2025-11-01T20:15:05+00:00,200
e79d936edc0b711b3816ad0d216dbf43cb15c9bb3f576d140801f0c53ac4aaa3,2025-11-01T20:15:01.902469+00:00,2025-11-01T20:15:05+00:00,200
ca543478b9b66ab518508ebc2f8f2b58d405019d4a4cfd7bfb6f4fdaec33a52e,2025-11-01T20:15:02.028619+00:00,2025-11-01T20:15:05+00:00,200
f01e9076cf58c7f2389da722dafa72dacfb0e2730fc6c7e91bb04aa7a7be0001,2025-11-01T20:15:02.155374+00:00,2025-11-01T20:15:10+00:00,201
cedb9ec5a605829480c044877028c44b75174730f054cf45558a8e023f4d350a,2025-11-01T20:15:02.353468+00:00,2025-11-01T20:15:10+00:00,201
417fdc38ce05e9b976bfcbd1ac56a2c46f4e84aea3dd41fa1434d63a767c7482,2025-11-01T20:15:02.481077+00:00,2025-11-01T20:15:10+00:00,201
ee625229fed00cf62eb820543eec350451b716e2e4e86913e4d768624a471028,2025-11-01T20:15:02.607534+00:00,2025-11-01T20:15:10+00:00,201
c221869de37948aaec8bdc9d92292087fcb3b704ed3752923edad9ae2af06530,2025-11-01T20:15:02.730358+00:00,2025-11-01T20:15:10+00:00,201
a79140711af3fa20524b15ffed3f3194d5eb9741ddc7fad1677de88c182b0fd8,2025-11-01T20:15:02.867938+00:00,2025-11-01T20:15:10+00:00,201
060438f709b8a4b65d199085398d44b518694622e6152884b2fd876d0398790e,2025-11-01T20:15:02.996687+00:00,2025-11-01T20:15:10+00:00,201
f88a3388d2ece4a57f7735aa4d3d1315f2464602f35d907e139ba13cf52f56b7,2025-11-01T20:15:03.140433+00:00,2025-11-01T20:15:10+00:00,201
010a7c2d7efff5053897219e873fc16d06bff5557dbaed24e7cd9f0f1055ce57,2025-11-01T20:15:03.269324+00:00,2025-11-01T20:15:10+00:00,201
ec9514190e50daa96365193f6889328f21967427809be6046fb4c0bf7f41df93,2025-11-01T20:15:03.399394+00:00,2025-11-01T20:15:10+00:00,201
08099f6b9d02e523675871107a35cc113ffdc6230dcbaa8fae8a8d1fb1b1ebab,2025-11-01T20:15:03.523530+00:00,2025-11-01T20:15:10+00:00,201
a7cedc675bf877b5b753f5a9491817e6cddb87805ed62cfbd8b46373c9edf798,2025-11-01T20:15:03.653322+00:00,2025-11-01T20:15:10+00:00,201
38c30b4c396b5e7059637772ae454ef42b9e1693d7d8e669705888790063a240,2025-11-01T20:15:03.778208+00:00,2025-11-01T20:15:10+00:00,201
2b948ee4c63dfdb8246e84ebbe9b906985c65d4639df47267c7f912c47182751,2025-11-01T20:15:03.899611+00:00,2025-11-01T20:15:10+00:00,201
349611cd3cbb6749a118af064314dc13682adeaf23d7c08586fba4f88f20a382,2025-11-01T20:15:04.026248+00:00,2025-11-01T20:15:10+00:00,201
04a3c832c321b93a71a9f452f5df2cfc1fa67c3492de0f3a201c0c95a88a0a73,2025-11-01T20:15:04.154918+00:00,2025-11-01T20:15:10+00:00,201
08e15d43a92ff70f96d7806ae8e3a69010589bc62f07c040afdfb7b47063dd79,2025-11-01T20:15:04.281090+00:00,2025-11-01T20:15:10+00:00,201
ba0c61f378acb03963f5aa3d52d8d0077c589ab75e0069d092dd7536bfb29533,2025-11-01T20:15:04.402572+00:00,2025-11-01T20:15:10+00:00,201
a8bab36777a3558d242110f8121a5f8b7bdb91a1f312abb64fc6ad3b1d0db805,2025-11-01T20:15:04.527616+00:00,2025-11-01T20:15:10+00:00,201
54a5ab70b40fd38c706d2f85289b54fcbe928ab95d1fdc5d3ef4a717a0d88e01,2025-11-01T20:15:04.652319+00:00,2025-11-01T20:15:10+00:00,201
154aae2dc2cdf4905bebc60087b7291d225034d0e15f4fb0e95e33d14ae8711d,2025-11-01T20:15:04.777860+00:00,2025-11-01T20:15:10+00:00,201
90c56a61b7dff551a81c5d6063e7cedb94dee1d3182afc27980d7e495caec21b,2025-11-01T20:15:04.900543+00:00,2025-11-01T20:15:10+00:00,201
4441d453f115e3517914bf404384da02260b799e24257ed72a3ab2a062ffdc4b,2025-11-01T20:15:05.031249+00:00,2025-11-01T20:15:10+00:00,201
059d26b736bf4d415f9e408d325036b9c9be5bca8558902c7113528ef9c4c6be,2025-11-01T20:15:05.475225+00:00,2025-11-01T20:15:10+00:00,201
550da74b02df43ab16d0056317e42c2a5ed98710f7ea11bba2bfc8307e0a41be,2025-11-01T20:15:05.603478+00:00,2025-11-01T20:15:10+00:00,201
16d0682dacfe5a12ed0ac2e3460104d6f9b1ec29a69d48e9bc6b81912fe48946,2025-11-01T20:15:05.741483+00:00,2025-11-01T20:15:10+00:00,201
ec5b367013021242d966b97bf988be27eb3114e65aa9568055f8abeae8b3a2f0,2025-11-01T20:15:05.874186+00:00,2025-11-01T20:15:10+00:00,201
cda669b460d7513eafca021a9c3d1485c9b1eb1ecc433e6fede511660d9f9c3f,2025-11-01T20:15:06.001283+00:00,2025-11-01T20:15:10+00:00,201
659131c418242d054278c5aff0a78d96818bfe5b7ee9c2b1ca6e5a1d991cc116,2025-11-01T20:15:06.126360+00:00,2025-11-01T20:15:10+00:00,201
b77b765146ecbb16df9ae97c72ab1ce4b18634069c169db4838c5936b8efcb0b,2025-11-01T20:15:06.247947+00:00,2025-11-01T20:15:15+00:00,202
47c99cbbea2f428e4a7b99e54d7bb3a6670b4a011a9608f8affa17b4d9122e99,2025-11-01T20:15:06.375121+00:00,2025-11-01T20:15:15+00:00,202
60225f626f7276bb901d654fc1c4bd3290ea452ba8f3df130dafe6401ff344d7,2025-11-01T20:15:06.499950+00:00,2025-11-01T20:15:15+00:00,202
db5ad939d298750913b8eb15e00e5e718f0e428274782f06857f9aac5db409d3,2025-11-01T20:15:06.628782+00:00,2025-11-01T20:15:15+00:00,202
d0aee11c5600d2a2e2fdd1e168d557cdb7b72bfadd55289fe9ac611ed32bf97a,2025-11-01T20:15:06.757863+00:00,2025-11-01T20:15:15+00:00,202
61b8b0ad5c47e4167ef04586a3f331347617d785d8ca8a0274164f6ba7ff0ad7,2025-11-01T20:15:06.889217+00:00,2025-11-01T20:15:15+00:00,202
470d345b779be83cd88aca57542b910dacc982b81912a4ac1b221a87a270b8a6,2025-11-01T20:15:07.014140+00:00,2025-11-01T20:15:15+00:00,202
ffe4641a4de112c9872288081ecd8bb7cb76ebbe58c0afc392ed831d43a3f4aa,2025-11-01T20:15:07.142464+00:00,2025-11-01T20:15:15+00:00,202
1390b010a53159767206063be70e57f8b86aa633699461e04dd625c281556548,2025-11-01T20:15:07.270524+00:00,2025-11-01T20:15:15+00:00,202
42558007bab9f61e4da70e4e1da8c4e5a40019826335e864d3f7d56200ae61de,2025-11-01T20:15:07.392797+00:00,2025-11-01T20:15:15+00:00,202
8ad87ceea70ba857c3dec1f5a299087cd4b91feb9699f80e62db20fca6a87aa0,2025-11-01T20:15:07.525564+00:00,2025-11-01T20:15:15+00:00,202
b9fe62cee97fd964ca08f2688602256495842aeeeda2dfc23eff94e7bf3650ef,2025-11-01T20:15:07.674316+00:00,2025-11-01T20:15:15+00:00,202
0db293775232a7d3ef20dd3f9f04dceb2b072a41f1c8e10d6f4b2ce1eb1df9e5,2025-11-01T20:15:07.813601+00:00,2025-11-01T20:15:15+00:00,202
2c0c9b18af70d1ae04b21f12fd6b02b11af9e6b0367ab7e9ceb2ff2d95a25fd4,2025-11-01T20:15:07.942210+00:00,2025-11-01T20:15:15+00:00,202
38c3e0e57ab84bc2ceffdb9677775ad819408731fe698414ff793f459e146fea,2025-11-01T20:15:08.066606+00:00,2025-11-01T20:15:15+00:00,202
0010f775061837d155fba2066ec471bc522021bf4978bf67c83445749ec4b2df,2025-11-01T20:15:08.197356+00:00,2025-11-01T20:15:15+00:00,202
44d9583fd4c95aae556e2e193843eddb68bd69f8f2b9362a7048ec69b7b2d874,2025-11-01T20:15:08.348722+00:00,2025-11-01T20:15:15+00:00,202
98162752f1f313342c76b74b5c3d85154cccc7ef4b43f3b0851c5dfea89862c6,2025-11-01T20:15:08.479976+00:00,2025-11-01T20:15:15+00:00,202
481df89a6be022e92cdb794bc34416b7e0d7912aff4ea63817e5f305577ea692,2025-11-01T20:15:08.607971+00:00,2025-11-01T20:15:15+00:00,202
389ffbd93c7413bb54851fc250171ab8e85ea6dc66de74224f5f94b06321e44c,2025-11-01T20:15:08.735399+00:00,2025-11-01T20:15:15+00:00,202
3df9ffca38e1a39c8cb6a9ad6da64c9b3bc06c14f0a633713326f62d467c0137,2025-11-01T20:15:08.859213+00:00,2025-11-01T20:15:15+00:00,202
4769a018639426cc466fb8653d0c9448b9a2c8334c95e4611bd90e5be67bdabf,2025-11-01T20:15:08.996538+00:00,2025-11-01T20:15:15+00:00,202
1f432e07f3466fcb5e66bfdd6343daad59bcbc2ce3691a2b0533f1d9261cd8da,2025-11-01T20:15:09.123276+00:00,2025-11-01T20:15:15+00:00,202
319441a9687f2dbf89ddf9659987aaf512aa596be0e094fdd47ce8bad3c029e1,2025-11-01T20:15:09.256607+00:00,2025-11-01T20:15:15+00:00,202
5328a4f01537f6e2e69114cf5f7cdb854abb4d2758b7fbee61547a1eeb5fbe8f,2025-11-01T20:15:09.435851+00:00,2025-11-01T20:15:15+00:00,202
a62a3b1b26496acf7879dbed8cc05aa52d7be7a2b005c5fbc222945fe82cb26e,2025-11-01T20:15:09.566319+00:00,2025-11-01T20:15:15+00:00,202
97ae1aa1fd5205521566eea865f1db0951af395a7ce4735f9e5fdf43899663fd,2025-11-01T20:15:09.714404+00:00,2025-11-01T20:15:15+00:00,202
f0f143544c8d4fa1467a44e4594684db84433634a1d990af390f5b333d341602,2025-11-01T20:15:09.837782+00:00,2025-11-01T20:15:15+00:00,202
dfaff39c0b725c91d4f04d8b360a6ceb525cb1d59d8e62462356ba2aacf775c2,2025-11-01T20:15:09.970562+00:00,2025-11-01T20:15:15+00:00,202
87d26b172191407340aceab41016426a206c02b7a6320faa6207c0ee1695ca47,2025-11-01T20:15:10.143190+00:00,2025-11-01T20:15:15+00:00,202
0f68f6b7c75ca5f7227ca6e8bc6e84c4b30c4dabb90a3af1a024421595c860da,2025-11-01T20:15:10.286490+00:00,2025-11-01T20:15:15+00:00,202
6991df39286140615af62d092c716b8db3d2cbf43f69c7fd7770b7bceffb278d,2025-11-01T20:15:10.625316+00:00,2025-11-01T20:15:15+00:00,202
24488b2bf8cf533b3324cd367d57738c7bfdc76383b6dca8cc8b8dca68aedc4e,2025-11-01T20:15:10.749738+00:00,2025-11-01T20:15:15+00:00,202
653b855d29993cbebbb26c55d3b0becb15ca98171d5c730a22db5f902cde87b1,2025-11-01T20:15:10.883140+00:00,2025-11-01T20:15:15+00:00,202
abe5b18f30eda011fbc4256f160eac2f9df0ce5bc450f5df0bfff9257425d358,2025-11-01T20:15:11.003284+00:00,2025-11-01T20:15:15+00:00,202
9a72ee6d96492c110ed0b3733d1603549885f15eb329fae0d66be1d17609052c,2025-11-01T20:15:11.134322+00:00,2025-11-01T20:15:15+00:00,202
2bfcf11f4f77a39b42369c375ac98e601544c8021638a6350baad51be6a490b3,2025-11-01T20:15:11.258123+00:00,2025-11-01T20:15:15+00:00,202
0de91807123eb2e85b74f913cfc7110ec209655ca10a00dcdc329dd00f9139cf,2025-11-01T20:15:11.384286+00:00,2025-11-01T20:15:15+00:00,202
b0d24cd0eea12f90b62466c2fd24883381a56fb25985add6de3bd727faa3e69b,2025-11-01T20:15:11.530056+00:00,2025-11-01T20:15:15+00:00,202
4b84c5869c098ff91b0e5f772924df79d2fb1352b04360743f5883d5320b85e1,2025-11-01T20:15:11.652850+00:00,2025-11-01T20:15:15+00:00,202
d6ceb66786be67d7e8824b9ed1cdaba884060befda5ff7b3fcb8a4c9750cadf2,2025-11-01T20:15:11.782382+00:00,2025-11-01T20:15:15+00:00,202
c434bfc80715a2934973da03494337ac937247357c871c5d920e3ae1801678ab,2025-11-01T20:15:11.906202+00:00,2025-11-01T20:15:15+00:00,202
4e91c7b0796629dc99d2f432c3b0a0dc620233c6fec54da17a2331abfd66a6b6,2025-11-01T20:15:12.033377+00:00,2025-11-01T20:15:15+00:00,202
c74eb072415647e5525771d5d96f175943653d3f7af748e2abdfee23dbeb5861,2025-11-01T20:15:12.194710+00:00,2025-11-01T20:15:21+00:00,203
6bcf8a51e191d7d49a2dac708020e8e8b7da142231b2e6344dfd2b4976111e76,2025-11-01T20:15:12.366109+00:00,2025-11-01T20:15:21+00:00,203
75bada935e4eb0115c52de3861b5ae0a9dbd81dd505e406e8edc0eeb8fc195fe,2025-11-01T20:15:12.490892+00:00,2025-11-01T20:15:21+00:00,203
ddbd27ca6754814bc230f59ddce6491a77c47be38ed5630d6f60b9470c9388cc,2025-11-01T20:15:12.614610+00:00,2025-11-01T20:15:21+00:00,203
33cd185a5791cbc6b128a5c691282ce6fbaeb1c6907d762d826f8bd6ecb2d5af,2025-11-01T20:15:12.739164+00:00,2025-11-01T20:15:21+00:00,203
93e93404ffbb26bb690c48794536a9579730309317d73444a52df21806516888,2025-11-01T20:15:12.867803+00:00,2025-11-01T20:15:21+00:00,203
2155539c9a81975aac5db01b720f841b6579963130a1e4ef9129eb1122fabf5b,2025-11-01T20:15:12.992880+00:00,2025-11-01T20:15:21+00:00,203
877130cabd2059ae4c2cdc16e38de7f2c90e571871379d8cc2f736c7f6433d70,2025-11-01T20:15:13.119549+00:00,2025-11-01T20:15:21+00:00,203
b48b8094774f42e79afd9979c309d06015d42d230274d9f788181f897d4fc354,2025-11-01T20:15:13.251355+00:00,2025-11-01T20:15:21+00:00,203
e121b317b63d79a4485e9867754377ad49d703861d341eac7fff264535068d2c,2025-11-01T20:15:13.375174+00:00,2025-11-01T20:15:21+00:00,203
49a4f9fc178dbd37288402a45093f6ec180c4c6e56502e28134ef3c3696972aa,2025-11-01T20:15:13.494384+00:00,2025-11-01T20:15:21+00:00,203
d527141983dde35213c01553f7c506ab7f442df36a48ed7481f36f295d2d6068,2025-11-01T20:15:13.620973+00:00,2025-11-01T20:15:21+00:00,203
7d05a3497604c7f3901afc349dea37bdea4ca779927312236f1c74a909e7dfc6,2025-11-01T20:15:13.750510+00:00,2025-11-01T20:15:21+00:00,203
dafd9fc45265c012b3f5d23e1a5d4094cfa517996b8fe9e1e5b54f0c0304a6c6,2025-11-01T20:15:13.872271+00:00,2025-11-01T20:15:21+00:00,203
f84940f6db62c29b5bcc292d4a81fcc3573fe6d2d5f549d5dec24508528d3119,2025-11-01T20:15:13.996483+00:00,2025-11-01T20:15:21+00:00,203
c1acb319e34855b9c9adaaf7a07084cd58149101c385f8a73a6fe250ec078d71,2025-11-01T20:15:14.121849+00:00,2025-11-01T20:15:21+00:00,203
4210127fb2aea718fe45029d877ea8168385454b3a357ba5907a8fbf3fcdd641,2025-11-01T20:15:14.286562+00:00,2025-11-01T20:15:21+00:00,203
f99033b0d9d3304eb4cc9b4e8a739a254dee96155e999221f6ab80c22cccceb3,2025-11-01T20:15:14.415857+00:00,2025-11-01T20:15:21+00:00,203
c8d27303deb8122862e08f7404b110e940d43dd390cf28a1a44d230cf3f431ca,2025-11-01T20:15:14.559361+00:00,2025-11-01T20:15:21+00:00,203
c8808981683b14c906af723de57da04a85953033487f66e741fa723b48872176,2025-11-01T20:15:14.686745+00:00,2025-11-01T20:15:21+00:00,203
1a234a2b14f69e0d63b1678caa1016d1d47f76dc2db87bd3b4d7340d8de99731,2025-11-01T20:15:14.814368+00:00,2025-11-01T20:15:21+00:00,203
0ed9d3730f9a4ab1183a977d7603ee19a459937bf720ca55de7687b31ad9be07,2025-11-01T20:15:14.963315+00:00,2025-11-01T20:15:21+00:00,203
b1c5ea479d679602eabbff7f707cd178d194ec781a3ec6c6fd53028d18311c7e,2025-11-01T20:15:15.089613+00:00,2025-11-01T20:15:21+00:00,203
8b2e9dc523501d093b13c08f0dc5d0359898503870e026beb64846eaa3bd56dd,2025-11-01T20:15:15.216983+00:00,2025-11-01T20:15:21+00:00,203
e65ab07a2f21c6b605650c8a9a9ee89cf77d55cea8005f6eab999cbb16ebd16d,2025-11-01T20:15:15.364602+00:00,2025-11-01T20:15:21+00:00,203
b7ad5479d411a4c393878eee09158b4313faa9561c1a46f716622c529c4c96ea,2025-11-01T20:15:15.494524+00:00,2025-11-01T20:15:21+00:00,203
1969615bc6c4616b1060ad07082d0bae5d727046ea5942b2c19ca3cf6d0d1727,2025-11-01T20:15:15.623529+00:00,2025-11-01T20:15:26+00:00,204
9f3774c581542285020864dbb63a456a39384081bb061cec8ceaed838f69f6df,2025-11-01T20:15:16.019084+00:00,2025-11-01T20:15:26+00:00,204
9a4690ae0dd04188167bd9fe23aef5dc2db47dac16225760ae92323058223943,2025-11-01T20:15:16.141693+00:00,2025-11-01T20:15:26+00:00,204
9c794a8a5049821aa28a4b2af1b717c35bbc254d562b2c2804f02b4356e8f9be,2025-11-01T20:15:16.273546+00:00,2025-11-01T20:15:26+00:00,204
ddf29a9493f1a22107f6a1386a24082240bee567460165303fac214664272b91,2025-11-01T20:15:16.399375+00:00,2025-11-01T20:15:26+00:00,204
e71665f1a7fe9392351e693cc56722335a482748a2d13f98cb5efcddb8e8531c,2025-11-01T20:15:16.559003+00:00,2025-11-01T20:15:26+00:00,204
92462559b272a570a0993c45eb6ba3e28f7e88c214ae59f87e0aca63282f5c3e,2025-11-01T20:15:16.684352+00:00,2025-11-01T20:15:26+00:00,204
3cbaa2562caa100f986b50107297a8cf3a95dbbf1f29684bb443d7bab99f3686,2025-11-01T20:15:16.813512+00:00,2025-11-01T20:15:26+00:00,204
5acc8c1c759e2987c7801980735226d67c121a5449d437162c4dc3bbebc54427,2025-11-01T20:15:16.935805+00:00,2025-11-01T20:15:26+00:00,204
eeea2f0bb9beb7aff22abcdd51eba38d146094a169a59f57a357461e7eeefb65,2025-11-01T20:15:17.069276+00:00,2025-11-01T20:15:26+00:00,204
97fcaa9a15f4de03c57b90a9d20728aa34be6ab3e20736f7b566137a7fd82580,2025-11-01T20:15:17.192373+00:00,2025-11-01T20:15:26+00:00,204
9c2bbc1bb377f472799ea8a7aee551cf2c3dc51882f484fa09bbe97bd8e3c6f4,2025-11-01T20:15:17.317836+00:00,2025-11-01T20:15:26+00:00,204
0c38f1a6357f139fd808ae15d128228676360ceb1d419ca2893746a67162bc75,2025-11-01T20:15:17.439373+00:00,2025-11-01T20:15:26+00:00,204
9b0fa1f9655f29c70d6e523f5368851a1d22c08bf59ecd9038fea140d7c62b68,2025-11-01T20:15:17.565481+00:00,2025-11-01T20:15:26+00:00,204
ab1f22bb984bd2e4571042ae16ba3de9da174fb8dc28347f66c2b9a70868b514,2025-11-01T20:15:17.698226+00:00,2025-11-01T20:15:26+00:00,204
8d4e9c5f238364eb269e53c0dd9611f5c969022eb38b0d123e13f6463837b94d,2025-11-01T20:15:17.843822+00:00,2025-11-01T20:15:26+00:00,204
838e4288ceb20a7b8c1376657a4c84a6a1e232d44975bdbeb9e1a7450df2f567,2025-11-01T20:15:17.967771+00:00,2025-11-01T20:15:26+00:00,204
5d493c9c603b6235d8c07aee5c00d8961c01e11d04b86466f1782614606226e2,2025-11-01T20:15:18.096057+00:00,2025-11-01T20:15:26+00:00,204
00894d443552c98f0a0de7b44d2f1d2be02dfb1969df3bfa051561f4c7bb78fc,2025-11-01T20:15:18.228825+00:00,2025-11-01T20:15:26+00:00,204
2a48795be24ec8be177cd1de7407f7985c1547d292d08155ab33a3f1e3990bd8,2025-11-01T20:15:18.355749+00:00,2025-11-01T20:15:26+00:00,204
27c72ae62cdf9bb80b62f40cdd5c1dda3bed6445712836153846b01beaa54650,2025-11-01T20:15:18.484497+00:00,2025-11-01T20:15:26+00:00,204
80156089483824efe4c65e2ebfa94f4a561ac857affbbd1d8d3df29401efeace,2025-11-01T20:15:18.613710+00:00,2025-11-01T20:15:26+00:00,204
dcfd33e99c2a7b0bfffe7595dd21b82f9947fe79ed5ac5f45eb3d8613b2a3c42,2025-11-01T20:15:18.737781+00:00,2025-11-01T20:15:26+00:00,204
be3a7724ff3694aa8b288862f15992b00798d8b7720234d7520323a0575dc6d3,2025-11-01T20:15:18.860229+00:00,2025-11-01T20:15:26+00:00,204
50b02390c01687aad4669c5dff78449c390188fcceec385e7bdab3f62ed57d8f,2025-11-01T20:15:19.024753+00:00,2025-11-01T20:15:26+00:00,204
63c6f8e5d5288486a721adbe1f5bb3a7fd787ef1725e5f364eb5c2668142345a,2025-11-01T20:15:19.156373+00:00,2025-11-01T20:15:26+00:00,204
d379bd38b08b41ac2f5a7c6ea0e783d487b5682c7997ce496ddc73e02003d3e8,2025-11-01T20:15:19.285016+00:00,2025-11-01T20:15:26+00:00,204
d23c7aee7ab632f2118ec57eda2fc8f6978284bf0922061027c62eee678ab87f,2025-11-01T20:15:19.416773+00:00,2025-11-01T20:15:26+00:00,204
1557206b3dca41a45690252beed7eeb2bd4bb32358137dab0faa7544fa7985ab,2025-11-01T20:15:19.549465+00:00,2025-11-01T20:15:26+00:00,204
a26a97a38c470784c9d8bd43f0c8472dd4cbe6adbeb42d06bfbdab964f302649,2025-11-01T20:15:19.675938+00:00,2025-11-01T20:15:26+00:00,204
ab147351501addabff9d16f7d2dee106f76de8af5badfeb04f9b5e2e108a5259,2025-11-01T20:15:19.805480+00:00,2025-11-01T20:15:26+00:00,204
87ed74dba25e227a425363d67c76d434b231deace4fd1b00212592e22f6498ed,2025-11-01T20:15:19.926732+00:00,2025-11-01T20:15:26+00:00,204
83e1c95bb278a322bb268723309feafa2f5b487cf9ca2493c7a33aa2085f42c1,2025-11-01T20:15:20.056538+00:00,2025-11-01T20:15:26+00:00,204
84d9152345d1382dd19842b9ad0dd8d4d4e7bfb61928cbee4963ca54db1b9803,2025-11-01T20:15:20.232657+00:00,2025-11-01T20:15:26+00:00,204
4c6a5cccfee6ee39c6288dd7c4442f063efa8336941ea7886a1c165856bc8beb,2025-11-01T20:15:20.358815+00:00,2025-11-01T20:15:26+00:00,204
1a5faec46f302fcdf9005c42d05c7d03c8e83c328bd015fdf453dcb0b165ed7d,2025-11-01T20:15:20.493471+00:00,2025-11-01T20:15:26+00:00,204
4f23df44cbb2e7a345f2218a6442991748a5a0bbb99a7df6f67cab55d9920e6c,2025-11-01T20:15:20.618468+00:00,2025-11-01T20:15:26+00:00,204
41c367bee7d160990ac70bced8aba6a502714c2d422c211b28aa76657273c4b6,2025-11-01T20:15:20.741184+00:00,2025-11-01T20:15:26+00:00,204
40af44dea0dcc982e3e6fd2c6375895a6c22ad551076109ca7622b40027fb904,2025-11-01T20:15:20.870554+00:00,2025-11-01T20:15:26+00:00,204
f350c36946d20687b9216a8ae5cd4ffc31b9013ecea5ae15b58e7f7d14e46570,2025-11-01T20:15:21.199293+00:00,2025-11-01T20:15:26+00:00,204
f1e52833294b20066e760736e74720e79c619f169c556c72685aa01451346c3a,2025-11-01T20:15:21.347229+00:00,2025-11-01T20:15:26+00:00,204
6204dbfbde180fca29a41e120a456a4bda4eb6a6784b8ad455d3d8848f2017db,2025-11-01T20:15:21.472834+00:00,2025-11-01T20:15:26+00:00,204
b3c8d294e769b55c2640c2d61b54dfd52a9fd6a5c244339ea83e16f8c773ac63,2025-11-01T20:15:21.651858+00:00,2025-11-01T20:15:26+00:00,204
5beb0c087f82cf44022cf7c29c1400da483f6ea7c49fdd1bcef28b4cdedd92f2,2025-11-01T20:15:21.776980+00:00,2025-11-01T20:15:26+00:00,204
b198c25983f39e1513b5d4646800955a0b029c734d20e205f0bb1c1f49863549,2025-11-01T20:15:21.899093+00:00,2025-11-01T20:15:26+00:00,204
c9d40369ed386a9ae604fa142406d4117ff4918ae4f6499f8ba6c5f7392faba7,2025-11-01T20:15:22.030420+00:00,2025-11-01T20:15:26+00:00,204
048c7afea69ab761b2d3f3d96e0d12fc98b41ab83cc14d7ac249ae72a0b2caaa,2025-11-01T20:15:22.155118+00:00,2025-11-01T20:15:26+00:00,204
709546b4e571d03239ba10f36cf46b22a9ea4782fa987fa72ac2b0cae187653b,2025-11-01T20:15:22.276465+00:00,2025-11-01T20:15:26+00:00,204
29575a349b0f497e981871541a18ea0f56a4653b9e2c12757f1850b475b82ed1,2025-11-01T20:15:22.433670+00:00,2025-11-01T20:15:26+00:00,204
9d1fbf32715c462335ac0b607d607f9af3ba87284f0f3ff38e29cd0ef5dfedf8,2025-11-01T20:15:22.568540+00:00,2025-11-01T20:15:26+00:00,204
f7ce703a99b607c5082d4965bf4a195b0a1332e6c0458687b6b197bc7ad619d4,2025-11-01T20:15:22.696231+00:00,2025-11-01T20:15:26+00:00,204
4ac85f25fe1d34a42b4a909bb3ef582d02d4d982b57fc09ed461d123f4dedc72,2025-11-01T20:15:22.825198+00:00,2025-11-01T20:15:26+00:00,204
786d8cbea6975e22005b7070023c0aefbe5b91cbaa96313da36d359ba9ec0c26,2025-11-01T20:15:22.950865+00:00,2025-11-01T20:15:26+00:00,204
9dbb335d769a16885f0901be9c748161252483ba6f18d0206b90b618ca736772,2025-11-01T20:15:23.076527+00:00,2025-11-01T20:15:26+00:00,204
f97d098a0e0f9d01d39637571e688a0554775abd366337a72d6d993ce99d1c57,2025-11-01T20:15:23.256379+00:00,2025-11-01T20:15:26+00:00,204
40307a4162c914f59b5b730fb1089ac444c68f77c19f770a21f99b13d011a1d0,2025-11-01T20:15:23.383288+00:00,2025-11-01T20:15:26+00:00,204
067c82259737d5e425bae6e51a5350e27a053c2268c2945ecbc68daa5b0e4186,2025-11-01T20:15:23.506587+00:00,2025-11-01T20:15:26+00:00,204
e60f28c8f93c9abebef257e3371afef41238961f7873c0771590a1f36a8bb293,2025-11-01T20:15:23.628870+00:00,2025-11-01T20:15:26+00:00,204
a86388c6192832633eba6c13255f76c42dd39930bf8048a98808d529a6e42376,2025-11-01T20:15:23.751286+00:00,2025-11-01T20:15:26+00:00,204
0baabbd207572289b0542f0a592bb4ae2a8e48d6e430b2458b3c558428ad6aa4,2025-11-01T20:15:23.873203+00:00,2025-11-01T20:15:26+00:00,204
21565afb7ecda18b1bb265d912bf18b7385b59ec046af79b481bca482bff5005,2025-11-01T20:15:23.999172+00:00,2025-11-01T20:15:26+00:00,204
8f0bb71b7fc9de1a7cfadbec18ed50df96011cc108b1742bd4583f51ce835000,2025-11-01T20:15:24.129264+00:00,2025-11-01T20:15:36+00:00,206
65cfea2a1cb4106fe46a302b17a2f7665f4d5f2279842b77da6126df32f885f6,2025-11-01T20:15:24.250580+00:00,2025-11-01T20:15:36+00:00,206
57906db9f9cbf4fdf16a5dfbd76199567622bc9d52eb6253aa5188ad98699295,2025-11-01T20:15:24.369881+00:00,2025-11-01T20:15:36+00:00,206
9942fec213295b7a27a9251d01f48c4967652940048d9c391080da0aa8eccb89,2025-11-01T20:15:24.501481+00:00,2025-11-01T20:15:36+00:00,206
f7b53e1c76f70c7a4ee28d70d8cab173ddb8e62f8f04b2a847228e85983bc3c2,2025-11-01T20:15:24.623973+00:00,2025-11-01T20:15:36+00:00,206
3193203d32aebde3a9ec2580984887c1d0de38f99e3ed3519fd4446c87b4512e,2025-11-01T20:15:24.882670+00:00,2025-11-01T20:15:36+00:00,206
d34615112c2e1803264467f7d4ad9efafa2cdce6bb2ac42f40e82dbed30e4027,2025-11-01T20:15:25.034577+00:00,2025-11-01T20:15:36+00:00,206
929c2a8431d07e2484c89d890fe7b114315a75ed6e49cfe6bca8160f7c00491a,2025-11-01T20:15:25.162360+00:00,2025-11-01T20:15:36+00:00,206
451de9da88a586fa819101c73c366bb00b72504fde2cec7aeff201fbcb6b4f84,2025-11-01T20:15:25.285202+00:00,2025-11-01T20:15:36+00:00,206
0d7260b2f9922d2526f03f077eea7f682b5119fdbfc56a0e506f1859f8b94c9d,2025-11-01T20:15:25.407709+00:00,2025-11-01T20:15:36+00:00,206
83aa3f4d67a0b698fc791ea65386fdbaad3c50509c84d9722e928658e577923c,2025-11-01T20:15:25.567530+00:00,2025-11-01T20:15:36+00:00,206
5d991a6f86923c9a0ea2ac75cd2c823d6e4773905e93fb9b5a24dedaf00131d0,2025-11-01T20:15:25.690397+00:00,2025-11-01T20:15:36+00:00,206
c5d9d8c7420efc71f7937b0057c79b050415e1656923746860dc21d741381e2f,2025-11-01T20:15:25.810819+00:00,2025-11-01T20:15:36+00:00,206
9b4f7e005a63cdeeae6f1b5a3832caebff1d5a47bf9ad8585103db9a61c89071,2025-11-01T20:15:25.935370+00:00,2025-11-01T20:15:36+00:00,206
eceeba26a376f6aa3b3e52c784184e28568b6bf943230af2b169a0233ee3221d,2025-11-01T20:15:26.058817+00:00,2025-11-01T20:15:36+00:00,206
2090c5c93a51d5188f840bb2ece87cf85b554efe180c9743b10351797a569e95,2025-11-01T20:15:26.184965+00:00,2025-11-01T20:15:36+00:00,206
bc6175d9cb8dfc2057a285eed09cdd2c157d931d56639971e50095fc5c639a64,2025-11-01T20:15:26.573353+00:00,2025-11-01T20:15:36+00:00,206
a5c1de32d2d573d9c5481f1ef2c9d60be67c49ae9c69163f0bd38fdc7733b1d2,2025-11-01T20:15:26.702350+00:00,2025-11-01T20:15:36+00:00,206
14072f01ae903ee57b352a131f9efcef1fc94e627d541ba57830a175d2762f69,2025-11-01T20:15:26.822439+00:00,2025-11-01T20:15:36+00:00,206
2519323c8ca7c5ee7fb0d3ebcc753d1866cf45b076ff3e51f2fbd028704d5c06,2025-11-01T20:15:26.944852+00:00,2025-11-01T20:15:36+00:00,206
39bbbe13ed43c76017ea9cb68916b90945e78314fb174b0b240334ad65eec379,2025-11-01T20:15:27.068939+00:00,2025-11-01T20:15:36+00:00,206
46083e906fa2f2dcbb5569477b5306e1b53c1b32c5133b7aea8abb6b6381e12a,2025-11-01T20:15:27.189235+00:00,2025-11-01T20:15:36+00:00,206
b82dfa142d45cde339798ca1f9b1ebdf94a0a9c1f4131e37ddeef978c9bd5a0b,2025-11-01T20:15:27.315274+00:00,2025-11-01T20:15:36+00:00,206
e3a8879828d84cfc7aa57ceaeaa88c4550e27f410e9c19d41598fd807765ab54,2025-11-01T20:15:27.438312+00:00,2025-11-01T20:15:36+00:00,206
9f6984637ecce1ac3876ad10bd6ead8b7244a5d3cfdd0d4c456337371ec33e40,2025-11-01T20:15:27.560132+00:00,2025-11-01T20:15:36+00:00,206
8274b466a799c17d1672bedc31af205c43e7ec64b671a5a1def3412b5c02dbc3,2025-11-01T20:15:27.693455+00:00,2025-11-01T20:15:36+00:00,206
aadd52777b6e725455c39d825cf31d543e0a67bc527191d5fd02c766c874b5dc,2025-11-01T20:15:27.822008+00:00,2025-11-01T20:15:36+00:00,206
074f151bcfc237a714fd47c6ea04e4f1c9a358f0b595ee4d5d61823cc3793ab6,2025-11-01T20:15:27.946632+00:00,2025-11-01T20:15:36+00:00,206
ab635226340604113e438b918e85ecfe0ff15fc7c0f1e040ec82724ac3e7adda,2025-11-01T20:15:28.065935+00:00,2025-11-01T20:15:36+00:00,206
a737652b6707d2ea5326b6db26238cba24ed3a8080d84eda67c576d3aa4b02d0,2025-11-01T20:15:28.186638+00:00,2025-11-01T20:15:36+00:00,206
eb69079f336d052859669656919a0345744148a17a0116338cfb3638c5c47572,2025-11-01T20:15:28.311112+00:00,2025-11-01T20:15:36+00:00,206
33725007d6428b1746708fd4ad4580439ca48c91cb776a672946ede880c1f549,2025-11-01T20:15:28.437033+00:00,2025-11-01T20:15:36+00:00,206
f1fa91311de659aaef478afcb16a76e5cf5cf2dabcc9e3bee963da10dd728a9f,2025-11-01T20:15:28.563429+00:00,2025-11-01T20:15:36+00:00,206
f233143be6694d146bb2b51fe44f978a90b4e6f018bea213b00bf8e9365e2b45,2025-11-01T20:15:28.687035+00:00,2025-11-01T20:15:36+00:00,206
462750fd58454f15621247b138bdc6861b0f265b65524374cc7c04e7b6d871b7,2025-11-01T20:15:28.812694+00:00,2025-11-01T20:15:36+00:00,206
e779121f514195fd531880e840e15814bb34fd40954dfe960612b40a74a712d6,2025-11-01T20:15:28.952189+00:00,2025-11-01T20:15:36+00:00,206
344b28358f7718e9c8dddae50ce5b6cde93678d2fb50ca6a5927ac52d7e4133d,2025-11-01T20:15:29.076810+00:00,2025-11-01T20:15:36+00:00,206
3b485c2d2dce67224d2bd2cf04a8ad40c8aa500217dbbf608cdf8efebfb94fbe,2025-11-01T20:15:29.199286+00:00,2025-11-01T20:15:36+00:00,206
8a201dce4651554de96aa7581ee411d16f1c0924e369880444feb1049c810bd8,2025-11-01T20:15:29.322823+00:00,2025-11-01T20:15:36+00:00,206
0dc971cdfc299dc3d6a555b25bbe0e2da75ee1d82ebb7cdaeefa2c9c10bee9e7,2025-11-01T20:15:29.446503+00:00,2025-11-01T20:15:36+00:00,206
42ae4694bc4b4aa7a04ead0757ee5b28b13da27677c719c69082bdae742bd427,2025-11-01T20:15:29.569717+00:00,2025-11-01T20:15:36+00:00,206
5511bfc2f8d6c277b07c83ca61e54e59ef1e16b4f81a9a2e5694f88773de14f7,2025-11-01T20:15:29.713614+00:00,2025-11-01T20:15:36+00:00,206
bba5e5338b08b54a33efb3e23e2a374a5f7449210301f911aba17aca815a06d6,2025-11-01T20:15:29.837652+00:00,2025-11-01T20:15:36+00:00,206
0d64cb6b353e0d01e46c8eb53d054c543b4426468943628053f00e61e1f22f30,2025-11-01T20:15:29.959138+00:00,2025-11-01T20:15:36+00:00,206
99acf1bb842c8364b94154566372fef36e19a9ba1a8542e1505f46a6a6ea69f7,2025-11-01T20:15:30.077974+00:00,2025-11-01T20:15:36+00:00,206
8f840bbaa51de92b6c929b2e2fb47b92a4cf46301042f86277481e9d7e423d46,2025-11-01T20:15:30.207350+00:00,2025-11-01T20:15:36+00:00,206
d6da9c13608de35be1d327a9cbc8d9ba3a8083cb1dad2c83bc5dd9642c24c9a0,2025-11-01T20:15:30.331588+00:00,2025-11-01T20:15:36+00:00,206
e2b4010e35537db22c728d6f4f33804a0e4a239b1553cd667b8fce8cad23a518,2025-11-01T20:15:30.461000+00:00,2025-11-01T20:15:36+00:00,206
03a86c89df69168025f1ea140801bebbee0eb1b092c17880d2fb35f7061a2284,2025-11-01T20:15:30.580278+00:00,2025-11-01T20:15:36+00:00,206
5165d136baaf6b3f987aeada53385d1ee3865892ccd41598703ebdaf1ac2577b,2025-11-01T20:15:30.703907+00:00,2025-11-01T20:15:36+00:00,206
136c534e41ef39966b72d931eb084c2bf4bf9f7f884f1a5b67f15b1b33301f91,2025-11-01T20:15:30.826289+00:00,2025-11-01T20:15:36+00:00,206
0df3b302330a0ff97fde67252c9336e6c4a5adbb69418d730b0eccdecaa39636,2025-11-01T20:15:30.947774+00:00,2025-11-01T20:15:36+00:00,206
22a16df9b17b5c0784d26de6b941000b0269e4c8b5901579c999c58c261bb292,2025-11-01T20:15:31.072386+00:00,2025-11-01T20:15:36+00:00,206
bff9afc9516da43d0e7e927053590de81e3d4dbe809747eaee2f754b5ee4cd2e,2025-11-01T20:15:31.194257+00:00,2025-11-01T20:15:36+00:00,206
14fd64238cb335120d0092ea4ece6881e987b8de9ebe47a574eb42c398767098,2025-11-01T20:15:31.328507+00:00,2025-11-01T20:15:36+00:00,206
75b11af381cf9161b1b4a0ac5624734b553e149992b5a79636d681755c54ed1d,2025-11-01T20:15:31.450742+00:00,2025-11-01T20:15:36+00:00,206
568af25eacbf9c9b428761e11b8c3726a5e13bbcc5d46a7663709ed03077e1ea,2025-11-01T20:15:31.779081+00:00,2025-11-01T20:15:36+00:00,206
46bf911ffcaefb4ae02dd6b09eedbda0b900c25b8b3ac74bb598a66a4f0d721d,2025-11-01T20:15:31.906704+00:00,2025-11-01T20:15:42+00:00,207
441fd79cff1f9ef24a6f6f4ea0844a5e67f66ac7349e823e74aa52ada85f981a,2025-11-01T20:15:32.041927+00:00,2025-11-01T20:15:42+00:00,207
f73cd8b310c73716262572a34c17b6a5ccca5ae667f37d460a575a7e8928d977,2025-11-01T20:15:32.163662+00:00,2025-11-01T20:15:42+00:00,207
38827126fac326a50926fc1e02c2e6321df5ecefdfcbfd3b1841fbcafeebf0d9,2025-11-01T20:15:32.285087+00:00,2025-11-01T20:15:42+00:00,207
9bbc5d45bda672aac814370ce9b231bbff95de46b8b17ff76ed18434b327e901,2025-11-01T20:15:32.409149+00:00,2025-11-01T20:15:42+00:00,207
0107913a3977a7c6c978c097a0b70e55ee43a931feeb751d61af328ac6353eca,2025-11-01T20:15:32.533978+00:00,2025-11-01T20:15:42+00:00,207
0c928739429346835fcb5a06351b2abc95ab8b0cc031c82a78bcca3015d27339,2025-11-01T20:15:32.656214+00:00,2025-11-01T20:15:42+00:00,207
120acd23b04c533b7b1778588c9aa85f92e3af550b57a66381c96e858947f23c,2025-11-01T20:15:32.788327+00:00,2025-11-01T20:15:42+00:00,207
910f01d488a6018a985c2df781e051164fe68dc844ff3ba588a799cfd7f6636b,2025-11-01T20:15:32.912227+00:00,2025-11-01T20:15:42+00:00,207
421af142b61921003acfbcf4d7b277c6ee40c9bbfb26f38aa1147f0e5586cc4e,2025-11-01T20:15:33.035186+00:00,2025-11-01T20:15:42+00:00,207
ecd8c2130300ba1bedbe40ea4d8885072153959658a0b2dd797912a7b0cd5176,2025-11-01T20:15:33.157536+00:00,2025-11-01T20:15:42+00:00,207
0a6738929fcb043dacc48442ecf23a8d32e8bee5a9fdc716578e046d9cb71881,2025-11-01T20:15:33.280443+00:00,2025-11-01T20:15:42+00:00,207
3328fb69c12585e38f08b0c261622ec67549b38be45f579a1ba1eef835450e5a,2025-11-01T20:15:33.412088+00:00,2025-11-01T20:15:42+00:00,207
9359058c64f23ab0798adb5378c1859fc2dee87b7319d484b263bae712edd946,2025-11-01T20:15:33.535249+00:00,2025-11-01T20:15:42+00:00,207
05be987cf4b913bb82096bebfa2dd7a3563447c933535f2a0b2b288b3fd72018,2025-11-01T20:15:33.656882+00:00,2025-11-01T20:15:42+00:00,207
d62fa84d3704475a8dff04595299c2e0ce870499912dce8bac2d3f2aca65d2b9,2025-11-01T20:15:33.779782+00:00,2025-11-01T20:15:42+00:00,207
1b23ef693c97b7c9cb42a4cb81b546683668ceb8b7d4e3eb5b88f39c712490af,2025-11-01T20:15:33.899294+00:00,2025-11-01T20:15:42+00:00,207
7c1310a61a300775b00889706a3f5cebf63899f2e359c85ce4b5f34744932dad,2025-11-01T20:15:34.026946+00:00,2025-11-01T20:15:42+00:00,207
35419d0a778538195bd0633e41759b5bd8650be2e57c37d44bf5f0f8bea00d38,2025-11-01T20:15:34.150532+00:00,2025-11-01T20:15:42+00:00,207
0a378613e6c81166151dd71071ea259d4db8f3e6245e29d2674ddd99aec852e9,2025-11-01T20:15:34.279466+00:00,2025-11-01T20:15:42+00:00,207
134ba241f6add80e8da301c2a692b356d4f604983585cd055a375e11e3e8b6e6,2025-11-01T20:15:34.403219+00:00,2025-11-01T20:15:42+00:00,207
87c9e086e2544e392be8d539fcfb039717df65a259583af70bdb2ec1b8d87c6c,2025-11-01T20:15:34.522835+00:00,2025-11-01T20:15:42+00:00,207
022b403769b89f5181c6d459440b59831fe553cf8afab2408d670903aa3b2431,2025-11-01T20:15:34.674092+00:00,2025-11-01T20:15:42+00:00,207
d01a99ea443fb51d30804e1385079882c0c6abd45c384744b4b7a2ab2561cb44,2025-11-01T20:15:34.800090+00:00,2025-11-01T20:15:42+00:00,207
66387c620dded360cd29d7a95d36e426d3c0e2c4d282936cd6634b546783141a,2025-11-01T20:15:34.925666+00:00,2025-11-01T20:15:42+00:00,207
15f08ecc87bfea407d8580e896abc07c617a6d9c5dedc8e51fd22ebebf9a7b78,2025-11-01T20:15:35.051500+00:00,2025-11-01T20:15:42+00:00,207
d692c6c3d3ed18d0136ca5a5de926ece27e4a448617db3b07ae3a8465652f07f,2025-11-01T20:15:35.176272+00:00,2025-11-01T20:15:42+00:00,207
2402aab030743f1390e87f7553ce63258c2748a549fd4d19b95e9b6e2ca73b5d,2025-11-01T20:15:35.298695+00:00,2025-11-01T20:15:42+00:00,207
001369c76de74e931eab36894ae56532a4a48de5680758d4f44a99b197c871a7,2025-11-01T20:15:35.418625+00:00,2025-11-01T20:15:42+00:00,207
c3a95a1f7d90e6fbeb2c494ccac67e858c7825ca9c095adc830b3f8ce35c651c,2025-11-01T20:15:35.539409+00:00,2025-11-01T20:15:42+00:00,207
f825e8470461d1fcfd13c34350dc8799bf50a18d79a147eafa3aa28a0f369390,2025-11-01T20:15:35.666909+00:00,2025-11-01T20:15:42+00:00,207
aed6f85629a430d20cb580a6624fa47881361b924e1d5cd173cf131438f9576e,2025-11-01T20:15:35.792207+00:00,2025-11-01T20:15:42+00:00,207
2be1cbcf086e912dc3d4cad6b834a80971cabb42d367a13751cae687da1e4aa8,2025-11-01T20:15:35.912045+00:00,2025-11-01T20:15:42+00:00,207
7339f9a05d322fae58e5764a97e06f4df08d51631210f6ea42674467b0663651,2025-11-01T20:15:36.035269+00:00,2025-11-01T20:15:42+00:00,207
d9a0ca618e27f5a355f3d705ed85e709eceeb290844af43137ccbec7f738ca03,2025-11-01T20:15:36.160141+00:00,2025-11-01T20:15:42+00:00,207
060b40fa0c35ecc118e33b5e5284154c6807f12575c615051c3e8915dd1d7adc,2025-11-01T20:15:36.281340+00:00,2025-11-01T20:15:42+00:00,207
84f97a93cd1a63671ebe765cda3cbeca3f504d1b20beb413dc8c01733c9e25c0,2025-11-01T20:15:36.404843+00:00,2025-11-01T20:15:42+00:00,207
ecc6f6d263a1f193f17aa250caee23a0aafd714089754b04541be1e16754b31a,2025-11-01T20:15:36.526491+00:00,2025-11-01T20:15:42+00:00,207
d926070a249050694eb440292995384d4067d72ed235507fe113dae2ca331b60,2025-11-01T20:15:36.652643+00:00,2025-11-01T20:15:42+00:00,207
fd2f248444f018104860e2f6176d016248d69213047e5e2b57e86a04af582918,2025-11-01T20:15:36.793758+00:00,2025-11-01T20:15:42+00:00,207
5fb006432ce2fc4adbf092e3f1a7a79a2315b511137272391cd55c319cee3a6c,2025-11-01T20:15:37.138465+00:00,2025-11-01T20:15:42+00:00,207
5373ccead8790d5682d7c5fd1b5f729c43496b7ddcb5140f2e9d6f8e11673563,2025-11-01T20:15:37.258450+00:00,2025-11-01T20:15:42+00:00,207
02b4fa7b556524634e50117dd3bbd1051246751d12748a1c647b1fffc949a2b4,2025-11-01T20:15:37.377349+00:00,2025-11-01T20:15:42+00:00,207
8669611343a460d6c3eb1fc97d3f055bd0c561ef2b91f92cdc29a743c1564f65,2025-11-01T20:15:37.499326+00:00,2025-11-01T20:15:42+00:00,207
0664800a74958ecb0d2000594a81acb43006cd058e92fa36b1ed162a435249c3,2025-11-01T20:15:37.618670+00:00,2025-11-01T20:15:42+00:00,207
604cc9baba8d6e9c7faffb4811a19e7fde90d9d916beb01d7a1a111af514e04c,2025-11-01T20:15:37.738866+00:00,2025-11-01T20:15:42+00:00,207
0b3c407807ce6f0f072edcc3f4a43c5eab2e7996912af2a3957888aacc4db560,2025-11-01T20:15:37.859491+00:00,2025-11-01T20:15:42+00:00,207
bfa69597a0b62ac62a66ae9bf82f0ac923b1355ae5e36faa3cedf87f63889543,2025-11-01T20:15:37.978208+00:00,2025-11-01T20:15:42+00:00,207
9a6a3442857c8933382393a250d34537051db8e479afac65b9981d952de31ac0,2025-11-01T20:15:38.095802+00:00,2025-11-01T20:15:42+00:00,207
9c2965f4efd27dda4816925145c2d5b43669290142292e45e11786f3656fe41e,2025-11-01T20:15:38.214342+00:00,2025-11-01T20:15:42+00:00,207
9aaef319aa79fab9f24d5661f5d27ad6c971b750c68e063d2627e622865b4c31,2025-11-01T20:15:38.333176+00:00,2025-11-01T20:15:42+00:00,207
681044b6bfa803223b1defa4d4d7a32477411f19dc3cd31480f1cc280840dd62,2025-11-01T20:15:38.456055+00:00,2025-11-01T20:15:42+00:00,207
62f624cfae3618253b405516c3e1a9360e4f419b25016984c1593d5485ab1d07,2025-11-01T20:15:38.579104+00:00,2025-11-01T20:15:42+00:00,207
2ae889821264b4c6b73c0575388d894c0c8f532a595af052c082d6a7582d5b9c,2025-11-01T20:15:38.704660+00:00,2025-11-01T20:15:42+00:00,207
2b93ddf8f1cd9c6043300bd0d8fbd4e1b631016d7e2c37feb915949e178a89fa,2025-11-01T20:15:38.829766+00:00,2025-11-01T20:15:42+00:00,207
386694390227a6c888d67dce54260e5209bf0f03fba556fb1e38f12008229e15,2025-11-01T20:15:38.958059+00:00,2025-11-01T20:15:42+00:00,207
02bef51ca964cf839fe024af7ba8909f3566fa555806f71d86322b8f1cf4efa4,2025-11-01T20:15:39.081293+00:00,2025-11-01T20:15:42+00:00,207
5577274aa7bfc864e4fbacae516bfbf213074c54b5208501ac526d24c05de0de,2025-11-01T20:15:39.204023+00:00,2025-11-01T20:15:42+00:00,207
dce6263645771c61c8911e9cd5191f83d852a24a44e49767dc33d64b3fa88189,2025-11-01T20:15:39.325079+00:00,2025-11-01T20:15:42+00:00,207
7fa1f013363f29f74c1feb22ca054dfa1461d1e3899895efc095d77d3fd14e6b,2025-11-01T20:15:39.447553+00:00,2025-11-01T20:15:42+00:00,207
315f4cfd254841b194fa267bc7be17d9c399647e67bcd39374c9b68052c857be,2025-11-01T20:15:39.566495+00:00,2025-11-01T20:15:42+00:00,207
6d8d41f4804d49b0c5b7bdd99121e9203c2dca0c37ad3452414b5f3d8f48b348,2025-11-01T20:15:39.694691+00:00,2025-11-01T20:15:47+00:00,208
a3c438b825f3c25b6ce01c532698e41a01643f50d4387c171475e04a8eb5fd47,2025-11-01T20:15:39.820602+00:00,2025-11-01T20:15:47+00:00,208
97a028fb0a2f7edc34fba405a5f19910136c80908397c675c9fb6ccc744a3a26,2025-11-01T20:15:39.948095+00:00,2025-11-01T20:15:47+00:00,208
c28d14482b33b9e2810bba3ec0d0a713869f92106ab3d794b8ff8aaf779f280f,2025-11-01T20:15:40.072287+00:00,2025-11-01T20:15:47+00:00,208
dca9318d02c4f6edeb4d6c54f194d756eaa7fd4c3f9e9d76d226b763b024c42b,2025-11-01T20:15:40.191265+00:00,2025-11-01T20:15:47+00:00,208
d3442697dcf7313cf92f5d1d9c72bdf760def1a798ecb06cab1dfc8f940bd145,2025-11-01T20:15:40.316273+00:00,2025-11-01T20:15:47+00:00,208
b947eba9349590eff99ca4de9cd9e3b24350d0821d52ce8240382bf2e762d56c,2025-11-01T20:15:40.439348+00:00,2025-11-01T20:15:47+00:00,208
3fefdfd0ff99c4fd4c42f0d96125a8b28e9a7f7ba02417319d60393130527e73,2025-11-01T20:15:40.568158+00:00,2025-11-01T20:15:47+00:00,208
a3de6a0281b58ab4659de23eb7d9cae5ca84147a7c652e74e28d73b4415cc8be,2025-11-01T20:15:40.687623+00:00,2025-11-01T20:15:47+00:00,208
71a17b0be9fcf578944a1466de12c3876171be20b094b1013829b41f7a3eb337,2025-11-01T20:15:40.814024+00:00,2025-11-01T20:15:47+00:00,208
37c510a859a57694020edabf1e1cd8e588139a85cc92ac6be982ffc84e915b1f,2025-11-01T20:15:40.943349+00:00,2025-11-01T20:15:47+00:00,208
f2ae0ee514999fded42bfd38baa5e3ae12eae4f7c2c5b04031cb5af8422190f8,2025-11-01T20:15:41.067864+00:00,2025-11-01T20:15:47+00:00,208
905e95dde4dfc09509b4bd31ddd8930a39238064e6d34ff7f9be7d0c1f0dbe7d,2025-11-01T20:15:41.199271+00:00,2025-11-01T20:15:47+00:00,208
79deeac2844661e6f504dbcc39541fe031597c83575dc27bcc5944dbb3569453,2025-11-01T20:15:41.316921+00:00,2025-11-01T20:15:47+00:00,208
549795332dc8345260109a90029e41e43591cc584fefccc28ba5e5f7d3fcd370,2025-11-01T20:15:41.440280+00:00,2025-11-01T20:15:47+00:00,208
12c1ba887c5c595dcd97d541172500add37c7f0202d98db54a7642760732d560,2025-11-01T20:15:41.562136+00:00,2025-11-01T20:15:47+00:00,208
f4ddbc02e04a23e2c643ae7c201703a4bf6b843378616b64d8713ba2c8aa50b2,2025-11-01T20:15:41.687109+00:00,2025-11-01T20:15:47+00:00,208
70e6eefc2bf20b7bf70d73b6674d0b0531d6a11ab821a0f49d229eebdd45aabf,2025-11-01T20:15:41.808118+00:00,2025-11-01T20:15:47+00:00,208
ef297bb717b18984854825d873649647c271b4b755f541c716b48fc27336c96e,2025-11-01T20:15:41.936248+00:00,2025-11-01T20:15:47+00:00,208
648907911774cdb441fb1b74822775c3b32ef3fe61186600ffe52413bae0199a,2025-11-01T20:15:42.055559+00:00,2025-11-01T20:15:47+00:00,208
9271728f702b3969474bf2fbfa672962e9bdf417d54456bb064b7205f2b061f2,2025-11-01T20:15:42.403711+00:00,2025-11-01T20:15:47+00:00,208
2aa29342f63cae1df13598f38ee03329625674a31a5a1b5ea338d7f7cabfca7f,2025-11-01T20:15:42.523707+00:00,2025-11-01T20:15:47+00:00,208
68bff1c7bf3bcf4a0575690a2705b897903ea5862aad3a1e7a339fab33d56e32,2025-11-01T20:15:42.644006+00:00,2025-11-01T20:15:47+00:00,208
bd8c394d69c5546aa38d05011610dff592a85a97bbbcc4673ad8d9d2ab3195dc,2025-11-01T20:15:42.763786+00:00,2025-11-01T20:15:47+00:00,208
0dde4a18d9c3e4cc22481876b771eb14be77b29f76caf37fda43e9d5dc70be79,2025-11-01T20:15:42.884851+00:00,2025-11-01T20:15:47+00:00,208
1afd6af4b83d46dc91f0f98a5e57bf70fdc63cc48e1e2052e696708543aa0478,2025-11-01T20:15:43.004633+00:00,2025-11-01T20:15:47+00:00,208
632146f5fbd7d93626e6be770847f92a96e15e143873819702e2b88c74c3b95f,2025-11-01T20:15:43.124921+00:00,2025-11-01T20:15:47+00:00,208
80fec7f0d3430110cf99a3f4985ba803f7b183944d5ece87fbb3748a67e05dcf,2025-11-01T20:15:43.248778+00:00,2025-11-01T20:15:47+00:00,208
59c329d524b3453a1d53ec966a9188b6d4a2097ed5d3e35eba3cc7aed5f74f03,2025-11-01T20:15:43.369758+00:00,2025-11-01T20:15:47+00:00,208
65525d803e2c4e89046fe3b5677cf32d89f11e8cdfa23cad51d5da63564e7038,2025-11-01T20:15:43.491183+00:00,2025-11-01T20:15:47+00:00,208
82dbf49d31da09538e475f33dc61c23a8e161d18489bd5d6c03e8c47eb59b226,2025-11-01T20:15:43.613807+00:00,2025-11-01T20:15:52+00:00,209
bdcc75dabc58e0a7bd7d4b01d96d05974221679e5a1fcc7bfcab61791c25e39c,2025-11-01T20:15:43.741054+00:00,2025-11-01T20:15:52+00:00,209
0e7eebf5e6c1205491748b08e3911708c0e838c17d296146f678704b1322eb7b,2025-11-01T20:15:43.867375+00:00,2025-11-01T20:15:52+00:00,209
bd6c23b7081df702dc90ef358ace687d2c397c6775304067273c5531dffea899,2025-11-01T20:15:43.991754+00:00,2025-11-01T20:15:52+00:00,209
2bddc56a90bff25fd38b375c621d96c475dc60ee3f78014a6190d3186bd689e2,2025-11-01T20:15:44.116535+00:00,2025-11-01T20:15:52+00:00,209
3168eda467d16aa79a731124b4e33ccbd8040228cf74177924bcb396be3cd6b4,2025-11-01T20:15:44.241709+00:00,2025-11-01T20:15:52+00:00,209
8ed4f1fb030792b3985a82918559aac58c3312417253191d44fbd99be1bd4cec,2025-11-01T20:15:44.362641+00:00,2025-11-01T20:15:52+00:00,209
42d07ab1e4c58e24a3eb0978903ef586bedcec09086e138f7902989637ce6d98,2025-11-01T20:15:44.488333+00:00,2025-11-01T20:15:52+00:00,209
87e2ff6f5fbbf956d671b4a277147e4f0a39c60b7526045d49050b3ce8e5ff68,2025-11-01T20:15:44.612475+00:00,2025-11-01T20:15:52+00:00,209
0441ce46cf8b787a4d8f9c6bd21fe7d6016a036ddff5c6aa3f7f88c2f633494d,2025-11-01T20:15:44.734337+00:00,2025-11-01T20:15:52+00:00,209
46015455277a809924ef13f9e0fea59e25eed16c542105e5650a2bafc37b999c,2025-11-01T20:15:44.851102+00:00,2025-11-01T20:15:52+00:00,209
9bdc8c1f1e99b3db48dc5ac6e8f4fa892569143dcfbc65583a6e63e99b3645f3,2025-11-01T20:15:44.968973+00:00,2025-11-01T20:15:52+00:00,209
ed1529ebf0722b9011f56e870a3edd2d5ddb1188d769d27697c0878182b41b31,2025-11-01T20:15:45.093383+00:00,2025-11-01T20:15:52+00:00,209
faa8c7bd714dac3f622a72af6f761697e94d7b55861001f2c767bed776705737,2025-11-01T20:15:45.212851+00:00,2025-11-01T20:15:52+00:00,209
e1e6c4eda3059752644f0dd9337734708a4f96bb1ccb50cc4f2e026b9c407bfc,2025-11-01T20:15:45.330333+00:00,2025-11-01T20:15:52+00:00,209
213683a45f37f22ddcbbae7028653b596706bff0de7d7e26d2fab3953f00ed84,2025-11-01T20:15:45.454007+00:00,2025-11-01T20:15:52+00:00,209
71a6fca07ac5d24f2e38f2040fe2053d92974a354ed7a7369f9f72dd40d45769,2025-11-01T20:15:45.582117+00:00,2025-11-01T20:15:52+00:00,209
b0426cae5c293386f45924a0cd99033eb181d03ed9c433cedeb84e7af9135ac3,2025-11-01T20:15:45.698265+00:00,2025-11-01T20:15:52+00:00,209
eb36d858c9db059cde262f6c4e5300caab2ff0008d22b0b7729c26ee0e5a869b,2025-11-01T20:15:45.818992+00:00,2025-11-01T20:15:52+00:00,209
c946100af6e52df3eac24ccda61abfe774f7054475055b6b21c898f410718dc8,2025-11-01T20:15:45.944859+00:00,2025-11-01T20:15:52+00:00,209
19350ac2f901ac78e4c0b78902b912a40425ca62a2100d9b94f11cb5dc34b039,2025-11-01T20:15:46.069573+00:00,2025-11-01T20:15:52+00:00,209
a876bc65be455648a10214a71a6cf17f41eb216521e0d12ba37888e3afbf17a0,2025-11-01T20:15:46.190799+00:00,2025-11-01T20:15:52+00:00,209
69ed86759b1aaea8d912c7cce29003f67b1cf31ecac307be63192e743ae264ab,2025-11-01T20:15:46.314582+00:00,2025-11-01T20:15:52+00:00,209
1a3c1d70fe80032e2d1ec838690d9283a1243a1c7bbd60692be73a11e61129be,2025-11-01T20:15:46.441885+00:00,2025-11-01T20:15:52+00:00,209
c78ab514c21aadd39233b9183e3a8ae537c9dab75b6f2345512f1c7587792f95,2025-11-01T20:15:46.572834+00:00,2025-11-01T20:15:52+00:00,209
03a56071a93694f7afc5c5419effe85b182b77c5690dc9b9826c36eeb2e7695e,2025-11-01T20:15:46.696854+00:00,2025-11-01T20:15:52+00:00,209
0974ce86b992efbc490061ab8b0da2d329383e9035282222aad0286c67816a72,2025-11-01T20:15:46.824836+00:00,2025-11-01T20:15:52+00:00,209
2c9edfafaa6045f1ed4366886111bed0e88294555d505a738ac9e89509e00001,2025-11-01T20:15:46.953510+00:00,2025-11-01T20:15:52+00:00,209
e5676d0ce6b849b4017a91b28f9bdf932bd0af5abfa315ed7c4cd819cf53e090,2025-11-01T20:15:47.078287+00:00,2025-11-01T20:15:52+00:00,209
9aff5dcef071de9e0e11d61f90f22a3c8e4e8ae45b08eae96ba198ec8d94f714,2025-11-01T20:15:47.209551+00:00,2025-11-01T20:15:52+00:00,209
e350721e64bdf8d0300cfbc76483e15f7851cd2cce15c40a06af31e7d25adf2e,2025-11-01T20:15:47.339027+00:00,2025-11-01T20:15:52+00:00,209
3264b18befa39c0cd69ab36dc6a43a352cbffc520c21cce7e286dd4d83633966,2025-11-01T20:15:47.853582+00:00,2025-11-01T20:15:52+00:00,209
8209287d315457fe0a3070c004b7d294ce2d25fe3678a0ad34850e1ecfea4ed9,2025-11-01T20:15:47.975055+00:00,2025-11-01T20:15:52+00:00,209
b861d57f77ca326ec72b89d5f8f4f6332121763386beff2c7769c8858ffc4f69,2025-11-01T20:15:48.096880+00:00,2025-11-01T20:15:52+00:00,209
bd3945ce63b6def6ab923fec41304a3833a0115dfa2c8e9761f47802f0361e49,2025-11-01T20:15:48.219726+00:00,2025-11-01T20:15:52+00:00,209
ad14522406da50b42ec54a97a19292ddc8fac69ed1186d94ac97abae3db6f039,2025-11-01T20:15:48.345003+00:00,2025-11-01T20:15:52+00:00,209
f16253d97738d1ab9632ece0366840eee9a51c20fcf12455eac2b503f1b2611f,2025-11-01T20:15:48.466355+00:00,2025-11-01T20:15:52+00:00,209
a2a49f33251e2563c0219faeb4b2806f273331f8cbf22f84086c46cdc923efa1,2025-11-01T20:15:48.590893+00:00,2025-11-01T20:15:52+00:00,209
f8a26d40433602a0615951cf451d46c9872169e48be75d6d9b1f9f0949a30784,2025-11-01T20:15:48.717841+00:00,2025-11-01T20:15:52+00:00,209
40e0653effd75119b78394f461d645239684a301f138615c8738463f0d779f11,2025-11-01T20:15:48.843192+00:00,2025-11-01T20:15:58+00:00,210
55d989f358824153b5ff181c37c044c7c2f96b0144db511ff75cd9f178a6b60e,2025-11-01T20:15:48.970279+00:00,2025-11-01T20:15:58+00:00,210
10c96169475c8d59ca0c00503cadf7c93d5dacb32fbf69fe57b0eb03c713cec7,2025-11-01T20:15:49.093125+00:00,2025-11-01T20:15:58+00:00,210
fcb3fa456d7ec01700237ecadb93033da5b0c8d7dbe2122d820934f6f31a2e7c,2025-11-01T20:15:49.217260+00:00,2025-11-01T20:15:58+00:00,210
c89073c1e8a730fa8526f4dc386d49204aa38c229c5888208e74dedd67dcd98b,2025-11-01T20:15:49.337330+00:00,2025-11-01T20:15:58+00:00,210
3b3de3e22ef958bd6b04c528bd13ec7d44e34e8648651244de88db2dc7ae4bd9,2025-11-01T20:15:49.462825+00:00,2025-11-01T20:15:58+00:00,210
264f8fc6c8819182445cbe71ef816ba5db5ea632172cffad0e8c7556e431771c,2025-11-01T20:15:49.592198+00:00,2025-11-01T20:15:58+00:00,210
e8248ebefbf360c26380a06f26e538764df76d084b4eaa2486e3bf709de8ae1a,2025-11-01T20:15:49.715220+00:00,2025-11-01T20:15:58+00:00,210
391e7be78dcf3bde01dd4cc298a0f6f5bbea8e7ccd63314033f1f3086e411753,2025-11-01T20:15:49.838470+00:00,2025-11-01T20:15:58+00:00,210
1a53a9001bac96e9305588a16ebbc92300482411e52a90e931a8e17cb89271b8,2025-11-01T20:15:49.969093+00:00,2025-11-01T20:15:58+00:00,210
2b0438c7bfb013ec172c68bcf75beb3d7ba06b442d75ffbaf16fcec5b4600c45,2025-11-01T20:15:50.095116+00:00,2025-11-01T20:15:58+00:00,210
be3f52554933f7fcc2f01df3383e04554a692ab901d0c5afbd2115516d578071,2025-11-01T20:15:50.211831+00:00,2025-11-01T20:15:58+00:00,210
946d525eaf30f036118a59708271e80028676684757887405b6dfe4aa6d07c0e,2025-11-01T20:15:50.338764+00:00,2025-11-01T20:15:58+00:00,210
ff96bd9981133e55c7ddde39e1a1153eb33d9fac679dae182514db6fb1bc971b,2025-11-01T20:15:50.461287+00:00,2025-11-01T20:15:58+00:00,210
eb4eef87961e7df596ad82dac5824fe220cc4fc7035dad9790b9a2b684e679ce,2025-11-01T20:15:50.590898+00:00,2025-11-01T20:15:58+00:00,210
a273b1b9d6fd06d3fe36590bb63079fb88ac32702b29c33964c1f6ebf5bea965,2025-11-01T20:15:50.721702+00:00,2025-11-01T20:15:58+00:00,210
f136fd58fcd5e18081eacb92bada7148b5e20f0a0a2143c5710198a8ad72a970,2025-11-01T20:15:50.851929+00:00,2025-11-01T20:15:58+00:00,210
dbc927ae2c2221f388f6012bede12fd889887c42eb0e3234be355f0f48f47244,2025-11-01T20:15:50.981548+00:00,2025-11-01T20:15:58+00:00,210
09eeaea0e9e40a23f013ae3dfb2c01536c277fb05c8c4fedd64c15812a43d2d4,2025-11-01T20:15:51.105682+00:00,2025-11-01T20:15:58+00:00,210
1ba5a11d291a7494fff85a75633246c9a4e76685ba633c1a50859b1c949c72c4,2025-11-01T20:15:51.241772+00:00,2025-11-01T20:15:58+00:00,210
c8c03ea11ed5e035d5f5e036452a8a85e3946382d8767e323a9c776bd112a21b,2025-11-01T20:15:51.363217+00:00,2025-11-01T20:15:58+00:00,210
b5aa856d499cbad1ba2ce5e9c352b2abc33faee5552534f584bd9e7c54b667f0,2025-11-01T20:15:51.484786+00:00,2025-11-01T20:15:58+00:00,210
a03cc954fee85d4454f843390ae1d5f9661fa55785de080f107bcd2b34d2b333,2025-11-01T20:15:51.610265+00:00,2025-11-01T20:15:58+00:00,210
04a40ce3a28a6b9fc1a168e1420c7e1ed32fc6c1be00efa822e611a95ce63c26,2025-11-01T20:15:51.730986+00:00,2025-11-01T20:15:58+00:00,210
fb436448f55c46a48fae5b4ad3b6937435370467fe35d33728c1ba2f2eb5beca,2025-11-01T20:15:51.855497+00:00,2025-11-01T20:15:58+00:00,210
d35c6b453ed23b92b79b99aace9ea68910f074e8f7007d28e474f58d00c14b26,2025-11-01T20:15:51.974712+00:00,2025-11-01T20:15:58+00:00,210
cc315501bd36ba6ebab1731fbb615dd6dddba90ee3482d8665c8466d221b50ec,2025-11-01T20:15:52.098073+00:00,2025-11-01T20:15:58+00:00,210
ad6e6f14cc391019da2005a66a0720a1d931d01f97b7c088cf5114d44b12de3a,2025-11-01T20:15:52.225952+00:00,2025-11-01T20:15:58+00:00,210
061c88c379054ba4109356c8670a3062f878aabf8fcec191a4b94692db043d17,2025-11-01T20:15:52.350193+00:00,2025-11-01T20:15:58+00:00,210
f00c9558a3476a7f4b30734c27e5bf35957ae811d7bd82feb83e30e5a7a81329,2025-11-01T20:15:52.481234+00:00,2025-11-01T20:15:58+00:00,210
1a5a8012d8516d9671a854b4ce4d85afedb08110831cd5e172e4baa1f8d3f068,2025-11-01T20:15:52.610924+00:00,2025-11-01T20:15:58+00:00,210
c9bb7e9e9058db947023f265de65374e552850baf30015ea292dcf1aeea1050f,2025-11-01T20:15:52.741187+00:00,2025-11-01T20:15:58+00:00,210
658eef6997dd3c210389639f36ab3e91e592d7e85216458e0cb121f9ea785925,2025-11-01T20:15:53.074713+00:00,2025-11-01T20:15:58+00:00,210
5f3d54749517aba43cf27e670c17b32ccf25a041c5d26dbcf074420675a4f613,2025-11-01T20:15:53.196131+00:00,2025-11-01T20:15:58+00:00,210
3c60bde308540f1a48d685c2e34a98f38f206badfed53886be3ffac794b8090d,2025-11-01T20:15:53.318101+00:00,2025-11-01T20:15:58+00:00,210
8841372b6a08fbd81a1adcb69e8ebf18936ba4fd958c65110d8ce921d94faa9a,2025-11-01T20:15:53.441487+00:00,2025-11-01T20:15:58+00:00,210
9b9329ff6daf9b85bc475754468f73bf0790980fbc12bed7f7d00dcafd593c20,2025-11-01T20:15:53.567048+00:00,2025-11-01T20:15:58+00:00,210
b23a29d460bbd8da5a2ebcdb455483b8799acef8283c8088f69bafc56dbd5a8b,2025-11-01T20:15:53.693614+00:00,2025-11-01T20:15:58+00:00,210
1c814968b7ab8ae479786d563f0e88bcf9127ae06fd5271cb9b4b2263e91db16,2025-11-01T20:15:53.821296+00:00,2025-11-01T20:15:58+00:00,210
7d4b9c40466c57e5ae039720dab031b9d29cd11bd12d303fbf247d0e27179093,2025-11-01T20:15:53.945505+00:00,2025-11-01T20:15:58+00:00,210
f0df007cbec9779ea1c39892d7ec9d40f053d3ab0e88f4d97df45dd32a5903cd,2025-11-01T20:15:54.071219+00:00,2025-11-01T20:15:58+00:00,210
b134eeeda0ac69c9c70ed6783ecbd837d891d51733c8a6e4abaf6aa0430c5bbb,2025-11-01T20:15:54.193183+00:00,2025-11-01T20:15:58+00:00,210
00a6aac93ae1f8e613de1215adb93b853e5fedba59bd3a2bcdd94e93b1d8c1f2,2025-11-01T20:15:54.315643+00:00,2025-11-01T20:15:58+00:00,210
76d82dbbc97229f17267d6cd345c3f0c02fab312175ce77f8734ca99cabb2091,2025-11-01T20:15:54.441602+00:00,2025-11-01T20:15:58+00:00,210
9721491339509807eab90aa13df2206390ab2bc5a1676d3e174edc84efdf51ef,2025-11-01T20:15:54.567035+00:00,2025-11-01T20:15:58+00:00,210
0daa2894382309e250fd45b6d117c66e119b1d84273e3bfcb95964b90c48656f,2025-11-01T20:15:54.690878+00:00,2025-11-01T20:15:58+00:00,210
c0254a54cdbaab73bc6e40d42fdc76bc12ac8d26e1e1ff44f4fdadcf9fe0ed3b,2025-11-01T20:15:54.814395+00:00,2025-11-01T20:15:58+00:00,210
5aaa53ef3e2b7376c6b6231512d3c6ec4b92fe6f3a5c0c49c8bd8a76cad09f4b,2025-11-01T20:15:54.945363+00:00,2025-11-01T20:15:58+00:00,210
a0762a3f3f62cd91ee5b134899e950b7f74526a0b7673131b847ea627277a6ec,2025-11-01T20:15:55.069090+00:00,2025-11-01T20:15:58+00:00,210
9384a5829dd18d83fdb189196658127bfd453569b8027e074c7dc500c6b7e58f,2025-11-01T20:15:55.203121+00:00,2025-11-01T20:15:58+00:00,210
d59d6cb5a51bf0cec0114b62b1bc528ee3cf926213f1f37fb41dbbf48ab6b710,2025-11-01T20:15:55.324756+00:00,2025-11-01T20:15:58+00:00,210
1e7b599dff3e59b340afc887b102e4e1c38d799e68ed06a97012663fe4bec4aa,2025-11-01T20:15:55.446027+00:00,2025-11-01T20:15:58+00:00,210
d912a13e6804849114fe9fc46ea20c60326c552c2f7d0d740ca7a9b5b1312852,2025-11-01T20:15:55.566594+00:00,2025-11-01T20:15:58+00:00,210
2fb911c47c9e1646ffa2470c2c6570756e9ce236a574fd5d8915642fb75dac9c,2025-11-01T20:15:55.686960+00:00,2025-11-01T20:15:58+00:00,210
297a4bdc6507e85edada6feb3964852e96b7456c8a1074c433aa90c5fa5ca8e4,2025-11-01T20:15:55.805707+00:00,2025-11-01T20:15:58+00:00,210
75fd5ce7acc7f5ef0106c05513c582293090a81764a1322e8d5066e3de9b248a,2025-11-01T20:15:55.923138+00:00,2025-11-01T20:16:03+00:00,211
da5e39a0eedf41a1ff667496a39fe44abd70ea87b39f7d6f0b8b6b27de08c4a3,2025-11-01T20:15:56.039690+00:00,2025-11-01T20:16:03+00:00,211
d5dce6dff5c537b2bf88c63f269dc77d9ce5343f9fec269937d3923bf49edfca,2025-11-01T20:15:56.167871+00:00,2025-11-01T20:16:03+00:00,211
26d5260aaf0a7386ba3a3f5384eda61e421cf4beb0600c68a2045b03b84fd6a5,2025-11-01T20:15:56.292864+00:00,2025-11-01T20:16:03+00:00,211
c2d24c4bb3cfb745f3ec2dd65caf65c2e2f509ea83f1e7468f32404b99228c90,2025-11-01T20:15:56.412370+00:00,2025-11-01T20:16:03+00:00,211
593328b4c787df247212925abf0124352e954e0e4aba727b522b9b1eabc175a5,2025-11-01T20:15:56.536258+00:00,2025-11-01T20:16:03+00:00,211
91cd7581bd77087aa3f5c5c6231133061a11f4404b6d270cd3d467b8bc478d03,2025-11-01T20:15:56.661398+00:00,2025-11-01T20:16:03+00:00,211
de06c0b49f111311adf6946faa4c57513e493145053e9f8ae69b733a3a1177cf,2025-11-01T20:15:56.778644+00:00,2025-11-01T20:16:03+00:00,211
f2ded40423fe6beb2cbf5a75379ce79f1506d88f2e3d031c02c822d797d68e6b,2025-11-01T20:15:56.898032+00:00,2025-11-01T20:16:03+00:00,211
e7a01f8118118f11aa6b41b3905432a0a2da0a9bd7c6693b21f96efb2c971427,2025-11-01T20:15:57.018513+00:00,2025-11-01T20:16:03+00:00,211
955762da6d664ff9c78cae8dc2ed3f620580c678cfe7099ebe4586f8f0bcfd93,2025-11-01T20:15:57.140071+00:00,2025-11-01T20:16:03+00:00,211
f1aaacb7ba255a3b7e85075e2d31cc05d49cdabc2d7bb0d737d8151527ebfbe2,2025-11-01T20:15:57.263901+00:00,2025-11-01T20:16:03+00:00,211
7a516cec6d68ec6b2e74142accb1b308506712e94a8a0a9711e8ba15407dccb0,2025-11-01T20:15:57.384888+00:00,2025-11-01T20:16:03+00:00,211
c7c1b79e349b27ce6f443783bb8cf66a3aff314cd2841830658a5343c0a61f15,2025-11-01T20:15:57.502483+00:00,2025-11-01T20:16:03+00:00,211
aed1d3fce62d9eba3f00cc9022c8df2c44316cd94504d295450c813ff4be965a,2025-11-01T20:15:57.620743+00:00,2025-11-01T20:16:03+00:00,211
a8cddd08e772e0eb5c366cc7bf0805bb51584f988f39b14837d1d191d09a05e9,2025-11-01T20:15:57.742195+00:00,2025-11-01T20:16:03+00:00,211
f4a8b1e7a058f23dca524553432040bec97c2ca6c5dbac96dda9eda1d6304444,2025-11-01T20:15:57.869883+00:00,2025-11-01T20:16:03+00:00,211
2e24163d17e67c7fd735a3e7d55e89bb8f1e1e7b8f4a88966264655c79fb9cb5,2025-11-01T20:15:57.990065+00:00,2025-11-01T20:16:03+00:00,211
5e3b5536600b740bed52721a26200412397e5535b553940e173dfa892c081627,2025-11-01T20:15:58.316995+00:00,2025-11-01T20:16:03+00:00,211
0a1ac319ee9fe54a9cba02a4c03d3ceac4450397a092e0253d3ba8d417716181,2025-11-01T20:15:58.442154+00:00,2025-11-01T20:16:03+00:00,211
b6b43fa732cc3ba7c5bcf45be4ba69e99ef8b9a626b6b9b51334d5fdc6acbefe,2025-11-01T20:15:58.633942+00:00,2025-11-01T20:16:03+00:00,211
5b1a7eb9a932518e37fd9e9486dd48cbe8dc6d0e1b09de43f46b173f90823fd0,2025-11-01T20:15:58.755632+00:00,2025-11-01T20:16:08+00:00,212
d326bff9c786aeac82d205e1d9be8faddc673d4e4ad7450c9443d5254049bb96,2025-11-01T20:15:58.880802+00:00,2025-11-01T20:16:08+00:00,212
b8379fc7eb3b4eee1ba971c984d37371a51d13308a0c64ceb9cc6315975cec67,2025-11-01T20:15:59.006085+00:00,2025-11-01T20:16:08+00:00,212
57f45b5b21cc3f7c8472a92704b85e739b9f2ae52b3cec9703940111b5375ad9,2025-11-01T20:15:59.144819+00:00,2025-11-01T20:16:08+00:00,212
d2af8a5b22a3e8d53bbd66f78f8e3a6221ee9c32045489bed8afe39fc084b802,2025-11-01T20:15:59.262062+00:00,2025-11-01T20:16:08+00:00,212
6a3877dbe6bd15c297af6237adf47194093cdf4319552ba3deee35c12cf4f058,2025-11-01T20:15:59.385625+00:00,2025-11-01T20:16:08+00:00,212
85ec2740f7a668c5177855af6e110f4a89d290ce1e8680e247f364a961d373e3,2025-11-01T20:15:59.510900+00:00,2025-11-01T20:16:08+00:00,212
7e677428ae7ba5b3bfe89c6b91080b4bf0cf49981a6e7604786d872fe71b5047,2025-11-01T20:15:59.630107+00:00,2025-11-01T20:16:08+00:00,212
f52da6fb71e7bfbf0f160bc84df002bd2ee373b9d94a866c1d68469ac6b269bf,2025-11-01T20:15:59.752775+00:00,2025-11-01T20:16:08+00:00,212
54d552420f0c28746818f3125eecac9bc1351113d29f54c54bada78c37635a9e,2025-11-01T20:15:59.874511+00:00,2025-11-01T20:16:08+00:00,212
198e0a31daec5ac4fe2acbe0a27f89517aeb49dd51a8182620c772eb0609007b,2025-11-01T20:15:59.999316+00:00,2025-11-01T20:16:08+00:00,212
68ba5399d0abecdce97ca1862615c10110fede55f98f7cc23afe917e3ff9f8f7,2025-11-01T20:16:00.124650+00:00,2025-11-01T20:16:08+00:00,212
db5c7b65bf0a3db867ca546736bca2821b2634be7dd8323f29038edb215c74f5,2025-11-01T20:16:00.250484+00:00,2025-11-01T20:16:08+00:00,212
214e1a3dc873a69cecc7b3e8107b4566d5589f60f180354b37d846e2e87c0a72,2025-11-01T20:16:00.373037+00:00,2025-11-01T20:16:08+00:00,212
2ba43e2e59b58704e7b9cdca7dea37160701b440123e5486d4df26bf82afb653,2025-11-01T20:16:00.495064+00:00,2025-11-01T20:16:08+00:00,212
bebbb7642d160cfa1eedf4460e2b0312515a5c7af3c038f4b4e4a29fae770811,2025-11-01T20:16:00.617410+00:00,2025-11-01T20:16:08+00:00,212
57fc663a84f84f40d28ae11d0b0c8529a00853afc79afdce3d2246f56364fba4,2025-11-01T20:16:00.740118+00:00,2025-11-01T20:16:08+00:00,212
3ab3045d1fd7ec5b7b0e674cb348409d8f87476a236655a57b9eb9ffaea28aaf,2025-11-01T20:16:00.860552+00:00,2025-11-01T20:16:08+00:00,212
2a532620dbb476ddb7a84eff8a2de5e3c137f8bf1857ab1410184bc117ebfe93,2025-11-01T20:16:00.979219+00:00,2025-11-01T20:16:08+00:00,212
d923ea327f68ab6d492f0eb4da2e62c7da1b836d5f319b4e89de491a7739b752,2025-11-01T20:16:01.100455+00:00,2025-11-01T20:16:08+00:00,212
5620c7d769da5317c4048ed4dc4a7b2aa394ddcc33629b4deb6ce0b4465a40eb,2025-11-01T20:16:01.231337+00:00,2025-11-01T20:16:08+00:00,212
f3f9f45bb7a531cffe2deb4e9d31c7752d70f3924359fe4714b6ac444cdb4c84,2025-11-01T20:16:01.349844+00:00,2025-11-01T20:16:08+00:00,212
296cfd22c8fb2bb9eaf703ae54f048cadba22ca5bdb5fb5547a083aace89bfa4,2025-11-01T20:16:01.467847+00:00,2025-11-01T20:16:08+00:00,212
da4722cbbdb480219708fac183179f502589aeda46245a00c3bffc2374be46f5,2025-11-01T20:16:01.588707+00:00,2025-11-01T20:16:08+00:00,212
1e8cb5dfb91168a1222073217c4fb6f17d01bd5730bfb4fcaa9e55bc10f2e951,2025-11-01T20:16:01.709677+00:00,2025-11-01T20:16:08+00:00,212
5d673016dc75e09f9de65e285c4d0d363c279cfea11f717c18cb4873f2aef0f9,2025-11-01T20:16:01.828984+00:00,2025-11-01T20:16:08+00:00,212
3a5f33436ca51dcb9019129558b4fe7fc3fe4f4bf157e7eb2b7fc70d47f42d31,2025-11-01T20:16:01.987989+00:00,2025-11-01T20:16:08+00:00,212
2366fa8732e85c007b48221528888dbb8fdc5d2992f2730c0454ace21cc9063e,2025-11-01T20:16:02.111433+00:00,2025-11-01T20:16:08+00:00,212
613cdf8b56c66f6a529152043d70ebbb35e55c60066ada6cd2bdc596f3096ace,2025-11-01T20:16:02.236277+00:00,2025-11-01T20:16:08+00:00,212
3453557e467db85a79acd1cca30b9464f95698471ca63ae2e066b3b90ab02346,2025-11-01T20:16:02.364467+00:00,2025-11-01T20:16:08+00:00,212
dc60be09afd420bcd3af4794aa595fb1fc0bbfa7fadd8f14ed0c294508cf5764,2025-11-01T20:16:02.492597+00:00,2025-11-01T20:16:08+00:00,212
e98fde5c880ca6061f3a3a14c06deded6b180d60d06a87513c24624a163904bf,2025-11-01T20:16:02.628973+00:00,2025-11-01T20:16:08+00:00,212
d677ff46f878c5d7e74f498840bcb72d9ae8aaf54c8c44f20aaafb03fbef9f3b,2025-11-01T20:16:02.759716+00:00,2025-11-01T20:16:08+00:00,212
c1bde2399bb30bc62578d5290e63c3a77a1d0a2e7a7917a839d355c1af0822d2,2025-11-01T20:16:02.886479+00:00,2025-11-01T20:16:08+00:00,212
2ff7dace6c9f9b95520fbe9c7b98073496dcc3205de5cce156e06d655ccc2bdf,2025-11-01T20:16:03.015357+00:00,2025-11-01T20:16:08+00:00,212
44fa9885d205fc977c3aec700d19a5ac257d2056ce63e59b9e8698e66ae6554b,2025-11-01T20:16:03.144427+00:00,2025-11-01T20:16:08+00:00,212
0c326b934ae6f5e6c61a2390e11dcd58f329461dc5849f8106b2f58a07cb08b1,2025-11-01T20:16:03.271519+00:00,2025-11-01T20:16:08+00:00,212
7547c34846f1ccf1829ad206ac47d5f4bd8aed9222946cb572ce790277049fc3,2025-11-01T20:16:03.604120+00:00,2025-11-01T20:16:13+00:00,213
0d60693a3826058dfc5279ee5f1c61228d40e82b4e67d2acf99b4c1de04a7dfa,2025-11-01T20:16:03.722895+00:00,2025-11-01T20:16:13+00:00,213
47e042e5131985d0d5ee098dd2fab427afa277c692b5365a775aa51cd398d1ea,2025-11-01T20:16:03.848864+00:00,2025-11-01T20:16:13+00:00,213
7200a67e2d72fb03ba51518288e7cc81dadc910e637902bcb9997ab54f5d38b2,2025-11-01T20:16:03.973134+00:00,2025-11-01T20:16:13+00:00,213
8a3804c4e1babf10850e09208be389762f628e0e70cd02d32eb45a1a65a2fee1,2025-11-01T20:16:04.097043+00:00,2025-11-01T20:16:13+00:00,213
4c76ed69db62f6adce8bf6a655bb6f33fca650d1cf257df3da83276a645156d5,2025-11-01T20:16:04.224461+00:00,2025-11-01T20:16:13+00:00,213
371b87644374fba41075f638980a871b4c5acc8670d1383fabe7b67239857204,2025-11-01T20:16:04.354348+00:00,2025-11-01T20:16:13+00:00,213
7430ab3f7d18eabd6fb2d52e3db66f549471374db65e239d2eaf59e8b17a2051,2025-11-01T20:16:04.480774+00:00,2025-11-01T20:16:13+00:00,213
b479d6998c016053e92612b162dee8ca42f5c7508b4a21de2083d5b9fbd8f977,2025-11-01T20:16:04.602677+00:00,2025-11-01T20:16:13+00:00,213
cb27c8b8548e198b8173437b9f22a7ecc772bff8c1b173fbc82473a73f550538,2025-11-01T20:16:04.726849+00:00,2025-11-01T20:16:13+00:00,213
2227e390836353ab2da28b8f487e6c94368a60feb449bf3b0645870a1fd94491,2025-11-01T20:16:04.857108+00:00,2025-11-01T20:16:13+00:00,213
498966a027f910df6babd84da3086b36579eb80f7090b6926002b2fc6b5c9960,2025-11-01T20:16:04.983414+00:00,2025-11-01T20:16:13+00:00,213
88c3d92c2e0fc9c5b8dbf288f5b554b3ecf44a18d44dd00c04788f7a5b949618,2025-11-01T20:16:05.113203+00:00,2025-11-01T20:16:13+00:00,213
ff02bddfc0d9b992f5d9c706cdbc17762a1b9f8789d8e996173eb6bbe91a2973,2025-11-01T20:16:05.240030+00:00,2025-11-01T20:16:13+00:00,213
7c814a6424b168cce2575a776ed8de8b4c1f8372d6055c3a0da94d9dc044d735,2025-11-01T20:16:05.371556+00:00,2025-11-01T20:16:13+00:00,213
d604085fe344dd5a415921704dfd8461f9c2dd5addf283784e8d35f52075f613,2025-11-01T20:16:05.496848+00:00,2025-11-01T20:16:13+00:00,213
dc5e0e49e5aa8882daa3a902018fd8e9d2abbeb59c53049c7dddfc9caa577fb5,2025-11-01T20:16:05.626685+00:00,2025-11-01T20:16:13+00:00,213
728f6447d0db2f1a7b28ae61a01f754555b79e5c4e574ae1b6f0c4e1382e1c0e,2025-11-01T20:16:05.752031+00:00,2025-11-01T20:16:13+00:00,213
47c057815c763ba2ec45bf0a7e9e2e8111309835d39d4f45c098726c5ad4423e,2025-11-01T20:16:05.882120+00:00,2025-11-01T20:16:13+00:00,213
89b4db422f9855c38c718cb44ec69151c7d37f1cf2344f48dfb9f17ac1eece71,2025-11-01T20:16:06.010722+00:00,2025-11-01T20:16:13+00:00,213
1e6bcac17505cb9deb4fe22aa94cb5b17274a14405f0956588d5bf9afa211808,2025-11-01T20:16:06.142035+00:00,2025-11-01T20:16:13+00:00,213
5c57c0511336a44d2c7973821cd9461bb1ac5b375cced32067630174f753d973,2025-11-01T20:16:06.263254+00:00,2025-11-01T20:16:13+00:00,213
453a973069bc7460668c00bcc290c68f8b4eb3e71adbded431e97c28bd5c0f55,2025-11-01T20:16:06.387615+00:00,2025-11-01T20:16:13+00:00,213
36522b02f91211ced81db1230732a60601a2cbd8d027d2bb5a6adfd4b87438a9,2025-11-01T20:16:06.510290+00:00,2025-11-01T20:16:13+00:00,213
ccb54b8a6351b96d58c0d1d5cd02b99da5b6b7070ff68ceb41465f6ed38627a6,2025-11-01T20:16:06.634051+00:00,2025-11-01T20:16:13+00:00,213
33a6526e1bea12ecd4724afa31827dbb96fdc23019d06a5a7b63b28017e22ef9,2025-11-01T20:16:06.755376+00:00,2025-11-01T20:16:13+00:00,213
91474efe98c6229796fef2bf71c7d5a6c06d9471ebb43ee812a7657f67b0d1bd,2025-11-01T20:16:06.880437+00:00,2025-11-01T20:16:13+00:00,213
a65803a7ad4b945421cb29a8f43f608403226e372cd8492321bd342c29f65369,2025-11-01T20:16:07.007968+00:00,2025-11-01T20:16:13+00:00,213
b6f03c3cd30a1227dfb33eff3138b5d9c410b4aee0992ce15ac02826ae3f8dd1,2025-11-01T20:16:07.131875+00:00,2025-11-01T20:16:13+00:00,213
8280f34d1005c60d4c7bc025be35d24e081c97fa5bca8fbec84010be12801c0b,2025-11-01T20:16:07.256933+00:00,2025-11-01T20:16:13+00:00,213
9c0f4e26600375043bddb47892471e829f4155a7c2f40d81802224086b08ee3b,2025-11-01T20:16:07.380868+00:00,2025-11-01T20:16:13+00:00,213
a87bff40f5ff0e33719bc3ecb80f0cb2bd11223e8867121d462a37ed1d15a546,2025-11-01T20:16:07.506899+00:00,2025-11-01T20:16:13+00:00,213
efc8f11b5b77ec39578df62655c344e0c0e85d08b2f8cf889937d41d8fc970f2,2025-11-01T20:16:07.636351+00:00,2025-11-01T20:16:13+00:00,213
f2a352528c95900605a82116226507c26dfea740131f9e099c2f1e8c9548541f,2025-11-01T20:16:07.770064+00:00,2025-11-01T20:16:13+00:00,213
7985d15e770dc044147de453c70e1c53221b86a9ea5557dcc08f2e55b45d82cd,2025-11-01T20:16:07.893295+00:00,2025-11-01T20:16:13+00:00,213
9226e66f2645ad93349075900a87b802ab4a913626a670dba09b91073ea8f1e8,2025-11-01T20:16:08.023953+00:00,2025-11-01T20:16:13+00:00,213
f989770e12e578f95a5f06c87d0a8cb456a868b1aead30efd7ebff9c32cbc2ea,2025-11-01T20:16:08.150397+00:00,2025-11-01T20:16:13+00:00,213
e0e348dbdc408afc35b119bdcc17d8b8af527ce49309b309ae14265b32f6b8fa,2025-11-01T20:16:08.280945+00:00,2025-11-01T20:16:13+00:00,213
11bcc79458645cf93e3f70e5cef9f6a0d3513c46cf70a710eec338458ab55e62,2025-11-01T20:16:08.407281+00:00,2025-11-01T20:16:13+00:00,213
7619457488a55f73221c35625ae006a7aa1fe11bf3e377f935c133b0ad64e537,2025-11-01T20:16:08.533740+00:00,2025-11-01T20:16:13+00:00,213
f97ac2e48199c528c47428134ca892426337b26cf294bf3abb294842dd08891e,2025-11-01T20:16:08.863265+00:00,2025-11-01T20:16:13+00:00,213
144d329240195ad90007d5b9013ea87d3b1db5899a22472ace2bfa2ca792bfa9,2025-11-01T20:16:08.990294+00:00,2025-11-01T20:16:13+00:00,213
9828ca142dad6dcdf96b7b2c0f8a766bde56d78d06ce3fdecbf3f82de08021d7,2025-11-01T20:16:09.113284+00:00,2025-11-01T20:16:13+00:00,213
ae0bd9740a7ea6dac601f6e1fefd75e62ba163c4ed9c3cbd35ae35fff8233c77,2025-11-01T20:16:09.240406+00:00,2025-11-01T20:16:13+00:00,213
f77e2adbade58a1c2013b06f9b65863f58b9113ea0d3b25623e5a05a67f876ff,2025-11-01T20:16:09.361638+00:00,2025-11-01T20:16:13+00:00,213
9702d3b07d273dafd21451dbac5d26c5d9450354b75e3539e877da2ca7241837,2025-11-01T20:16:09.483049+00:00,2025-11-01T20:16:13+00:00,213
4dad1a8bed3b0cb40d8da17d47f1b187366a06d3e5f5f9f386d3ca7b2d31c82a,2025-11-01T20:16:09.608866+00:00,2025-11-01T20:16:13+00:00,213
4c0f221cb688ad9f59826e5abb3213a42ddd218102e200c3610044524bd1f49a,2025-11-01T20:16:09.729498+00:00,2025-11-01T20:16:13+00:00,213
91e6027718b0dfe9ce92221f4cd4d9dbab3d9e7f730e903af2b1ee571cf4f2e0,2025-11-01T20:16:09.853817+00:00,2025-11-01T20:16:13+00:00,213
67b92f177f96e8ebcf76118f536d7189c70965e23b724749040e1f8e7d2ff939,2025-11-01T20:16:09.983242+00:00,2025-11-01T20:16:13+00:00,213
f927a0a54134d3200484da09fdf0a5a10ad3f386786bd22a7a19e13a80c41f5a,2025-11-01T20:16:10.115517+00:00,2025-11-01T20:16:13+00:00,213
8aaf5eef00d00eac41db72ac0ac5476bb1ab2900db775bf20681edf6694012ae,2025-11-01T20:16:10.235195+00:00,2025-11-01T20:16:13+00:00,213
d3640b018fbd4c478460012921adc5bba1e70f33dd9707695a03ee6eb4302879,2025-11-01T20:16:10.363957+00:00,2025-11-01T20:16:13+00:00,213
bffd2036986841ab1c21de7470d58f2495eacf8c88de261aec8648e1b5f42f5b,2025-11-01T20:16:10.488706+00:00,2025-11-01T20:16:13+00:00,213
956238d5f3d812ec35a2a9337e535a8942af0d480456eab45e895eea45957825,2025-11-01T20:16:10.615980+00:00,2025-11-01T20:16:13+00:00,213
c2252d2c110019f3ef003972aa1aac07e47d369d94195ec89d2e3c2ba1949f0d,2025-11-01T20:16:10.745200+00:00,2025-11-01T20:16:13+00:00,213
922f16bb315ebd3df5d6ec69f746e25c4368d52fab347259540159a2e81b4249,2025-11-01T20:16:10.870185+00:00,2025-11-01T20:16:13+00:00,213
a74f99d6532793949255263255fa0f91416ab1ec3ea7f6d4cc2f0c228875be5d,2025-11-01T20:16:11.000261+00:00,2025-11-01T20:16:19+00:00,214
890b1088639b591dc70e97fdeba5c1f7ed5b40a34ce79a2ad9c7f40a0c1e487f,2025-11-01T20:16:11.130626+00:00,2025-11-01T20:16:19+00:00,214
2f975baa774fef3206945287f2b17449785c8105bfb3d60be8f2d300f8365e92,2025-11-01T20:16:11.256381+00:00,2025-11-01T20:16:19+00:00,214
7b0bbd855c92a400857c7a31015969878c392c75ff6a1e802be7387353aa11b2,2025-11-01T20:16:11.376010+00:00,2025-11-01T20:16:19+00:00,214
c0098da38d353fa2564ad0f0e8348542bfd1b3c21876dc1966e20a6bb6db9b61,2025-11-01T20:16:11.501716+00:00,2025-11-01T20:16:19+00:00,214
1ec694734efc061c3145c3fc2c0202e43de6a04249f9be48eaae2421d9b832d1,2025-11-01T20:16:11.627375+00:00,2025-11-01T20:16:19+00:00,214
7f5e784b8af2155909c71765cf39a3982e42396877c36a3c04a21da9c0d3ddd1,2025-11-01T20:16:11.752058+00:00,2025-11-01T20:16:19+00:00,214
bad730ca170f45e55b5e71f8b6d0ac52bfc39e4a9b0f17969ad76e89011e04cc,2025-11-01T20:16:11.869795+00:00,2025-11-01T20:16:19+00:00,214
bd9dc809188c08fc07415f17bf4f9595492b12dfe32f454e4c1ff58e61975479,2025-11-01T20:16:11.988473+00:00,2025-11-01T20:16:19+00:00,214
39b6ffd1e25533e87a7ed803f739ab25c8f93c19d67fc5b91803697a8f6f5836,2025-11-01T20:16:12.108722+00:00,2025-11-01T20:16:19+00:00,214
0571cdd183379cbd7a871bf862ce112d724e353f9ed878ab3f781d5df80c7b1d,2025-11-01T20:16:12.234866+00:00,2025-11-01T20:16:19+00:00,214
b76011430a170e73d9083e50f7860faf17298898eddb13cc143bad7d9a75f764,2025-11-01T20:16:12.361962+00:00,2025-11-01T20:16:19+00:00,214
c9cdf23dcbd7e53647018eb6b76cf613392aa874c6ce5cf3d0925de78badc5bb,2025-11-01T20:16:12.488409+00:00,2025-11-01T20:16:19+00:00,214
fe4ab11284239da2182430a9b601fd38c759a85f87ad12ed4b9793bec11217a0,2025-11-01T20:16:12.614625+00:00,2025-11-01T20:16:19+00:00,214
d86a754ba39f7d85326f8526606666b1ce971ed163739cea660a9c3b139b1608,2025-11-01T20:16:12.741982+00:00,2025-11-01T20:16:19+00:00,214
c4f9ca8c238e0b717c6fe3d1f822e74c19ae372d3ec658c3d57b9e3e463b7df7,2025-11-01T20:16:12.867658+00:00,2025-11-01T20:16:19+00:00,214
baa0b22963cbc284f78220a9a9effc920271eee743cdbb7fb866f777cf453ad0,2025-11-01T20:16:12.997511+00:00,2025-11-01T20:16:19+00:00,214
d47226fd99120c73f341bfeefbacaae5da142c87c5073bbd4f8f5de054d43f6a,2025-11-01T20:16:13.122845+00:00,2025-11-01T20:16:19+00:00,214
334dac84d2279cee8a6d051a8285719dcc062796d88285689b1f5f3d0aa3799b,2025-11-01T20:16:13.252389+00:00,2025-11-01T20:16:19+00:00,214
808d3648dfda2403723844d3a5ecc63b348162b4dbb5a3068b484ccf062a1a51,2025-11-01T20:16:13.379541+00:00,2025-11-01T20:16:19+00:00,214
46c49f0204dbb40db5cde36336bc6340fb56dd4d674667512aef1510a82b598d,2025-11-01T20:16:13.503345+00:00,2025-11-01T20:16:19+00:00,214
1f359e528f58f10723dfc50da5e2d403699428382bc25544cc4c38c91ab4786f,2025-11-01T20:16:13.627844+00:00,2025-11-01T20:16:19+00:00,214
6a6c0399a39eba10d53b8f37a4eab2769ba43f9f2ec5d0986a5da0b304dda69e,2025-11-01T20:16:13.753796+00:00,2025-11-01T20:16:19+00:00,214
a53e28b2d6b115b32b5e072c132f0aa1519fc38be52f7d599ea740a42c9b97df,2025-11-01T20:16:14.105717+00:00,2025-11-01T20:16:19+00:00,214
bee6908c1ff6c1470164ecb574dbd995106cb7506096f7920e71e096e959bda0,2025-11-01T20:16:14.225870+00:00,2025-11-01T20:16:24+00:00,215
d973b6a48d25dcc992fff2358dcba6f1943f1718cf1e766fb4af6cdff1e6ab32,2025-11-01T20:16:14.347605+00:00,2025-11-01T20:16:24+00:00,215
646cd458bffe7581ff16630c222b202626a465f7cd1b8f2b7dfe69c21d671029,2025-11-01T20:16:14.473723+00:00,2025-11-01T20:16:24+00:00,215
70e7312bbc1b2141d1182e4454a40f6c4162ed0190436c284287ea38328ec104,2025-11-01T20:16:14.595983+00:00,2025-11-01T20:16:24+00:00,215
edd8ff7bcbecdacb96a6673aaacc09c1069cf0e6edb4f8f30d29e14ddb2e1414,2025-11-01T20:16:14.726184+00:00,2025-11-01T20:16:24+00:00,215
fef28ca328666c4f8105426363dc0f732f3f223063ac64da766c8c923af4fe4f,2025-11-01T20:16:14.852862+00:00,2025-11-01T20:16:24+00:00,215
768aec5e4a60961e1d1ddfd99ec13f2934b9a3b7aab214647c19c430529b92fb,2025-11-01T20:16:14.986397+00:00,2025-11-01T20:16:24+00:00,215
e4c45d501f7ad2c2cc1b39d92af342500921f3bf438f7e7bcef13cd1180efc09,2025-11-01T20:16:15.112582+00:00,2025-11-01T20:16:24+00:00,215
9305f85f79c282dd9c4c5d605768efc0b43a1a9150d6c5efbb2e020d85ab2923,2025-11-01T20:16:15.241184+00:00,2025-11-01T20:16:24+00:00,215
cc2cf5f89f7384f9e28600cc1aea3095e40e2f0a88b9ac441e60fa3b9ae32343,2025-11-01T20:16:15.369972+00:00,2025-11-01T20:16:24+00:00,215
76a538301f124099def1032ab0b182f4c18f8cbb9e22935253eda364c403c0e8,2025-11-01T20:16:15.493264+00:00,2025-11-01T20:16:24+00:00,215
b3b6c02cea1f0c6983636255baaf148f6ecade4157720f96fc5c2598a212e125,2025-11-01T20:16:15.620886+00:00,2025-11-01T20:16:24+00:00,215
278d3ebdf896f16fecb75bac77b7896112154cc9b1b2838310b706c02756cc5b,2025-11-01T20:16:15.747291+00:00,2025-11-01T20:16:24+00:00,215
9fec581c82ed872d357090cbba981c5277ee76360ad53bfc654785571d4609c4,2025-11-01T20:16:15.876007+00:00,2025-11-01T20:16:24+00:00,215
1148e7e35b99392f6e706213ca67ec8ceb140cbedbd85f0f97a5236eef616d5e,2025-11-01T20:16:16.001512+00:00,2025-11-01T20:16:24+00:00,215
a839f6adf3b6f763fa638ce090c89151318cc8531f11a9f321bcc57f9b8cb785,2025-11-01T20:16:16.135958+00:00,2025-11-01T20:16:24+00:00,215
4208b9a8531830b0bb397524ce1cb48c4a858dbde6de593de58cd86320d4277f,2025-11-01T20:16:16.262321+00:00,2025-11-01T20:16:24+00:00,215
ddde09ececf4e27da143542713d6dc70dcafab7161d2dbb17b8d5b1a64b89cf2,2025-11-01T20:16:16.384852+00:00,2025-11-01T20:16:24+00:00,215
1d0843cf4eee456ea5c81945ee3810410ecc1a1c0e96845bfd39ee224e5ffc15,2025-11-01T20:16:16.510926+00:00,2025-11-01T20:16:24+00:00,215
14bdaa14889a99277296b25d0035020b97f2cd3aaaee5eded711fe8d25b00d7e,2025-11-01T20:16:16.644456+00:00,2025-11-01T20:16:24+00:00,215
2ae7f1b02d56c96763c2974f6491593ffad9a07c4ec0ee74bb379bace3fab84f,2025-11-01T20:16:16.771974+00:00,2025-11-01T20:16:24+00:00,215
a5eac63720b1c89e7fb7535395956f3c6de6c294294da703e26adf1ed55acd73,2025-11-01T20:16:16.897180+00:00,2025-11-01T20:16:24+00:00,215
4a4ea9dea1fefdbdd103037d0d68be31a6a85f9e45c2586682773e9dd41a19ee,2025-11-01T20:16:17.016224+00:00,2025-11-01T20:16:24+00:00,215
04c1e04e475980bf711ebfe8a15edc12e400ae2c3050e57ff4f8a5a420ed41e9,2025-11-01T20:16:17.143719+00:00,2025-11-01T20:16:24+00:00,215
b79f2e98896184352788804190bdd0445331350e48a33dad6d11482843d72c88,2025-11-01T20:16:17.264149+00:00,2025-11-01T20:16:24+00:00,215
9aac51c80a7f7f925345be0f13b16a10ff59da81b498ffb6383edf7583c1bdb6,2025-11-01T20:16:17.386247+00:00,2025-11-01T20:16:24+00:00,215
9100f02263ae836d446c9fa7d2127f23ad6a3be85a698ce6a5b2a3e0ab4f6d33,2025-11-01T20:16:17.508085+00:00,2025-11-01T20:16:24+00:00,215
3d6a634021d84cf7f9a77136ebbdc29d296f328bb9b64a236c316e0ec9365dd2,2025-11-01T20:16:17.632917+00:00,2025-11-01T20:16:24+00:00,215
48621e51d401144e5f27a41fd864107aa4eae4f3c2b340538c495c1aced34bab,2025-11-01T20:16:17.785712+00:00,2025-11-01T20:16:29+00:00,216
36246fb974f1fb3cd39a2e0fea97b87ed47f428803a34427cab52490c3561501,2025-11-01T20:16:17.913017+00:00,2025-11-01T20:16:29+00:00,216
8ba3ce516638338dda83fe639a32d86b35feb668e5558f129bcabd77d1176999,2025-11-01T20:16:18.039011+00:00,2025-11-01T20:16:29+00:00,216
fb372c9662922a7ab2b3401900f464468533499a6c2031027357b1f14b7f227b,2025-11-01T20:16:18.162856+00:00,2025-11-01T20:16:29+00:00,216
af48f624e7f04c762dfc36079e0e9f586fadff17d938cd35b9351b357860f392,2025-11-01T20:16:18.285394+00:00,2025-11-01T20:16:29+00:00,216
f42279c3cd705111cb371a72795e29b541cbd0610bd746ab63b79b7b8e2bdfd4,2025-11-01T20:16:18.412987+00:00,2025-11-01T20:16:29+00:00,216
47faa2e2eef7a48763d2fad23103e4f0e69f9dcb1c50723d870587b4425aa0f5,2025-11-01T20:16:18.544616+00:00,2025-11-01T20:16:29+00:00,216
5caabb256e616e3309154a4a7d3b7bb463103093f5e9ad43b7f0dc7659b2434a,2025-11-01T20:16:18.670052+00:00,2025-11-01T20:16:29+00:00,216
52733e85fe747bc521f0d34b4e3f2b4b24f88685085e32f457bb3851b8d2f154,2025-11-01T20:16:18.795976+00:00,2025-11-01T20:16:29+00:00,216
6e78b074df8d2e0fdf8d5c826c7d3c8d9c5647cc96891480826fc1876bd39a87,2025-11-01T20:16:18.920704+00:00,2025-11-01T20:16:29+00:00,216
e48d4b37df336dbc8e272f3bc9b42e44f13e35be06b502df3ca8d72fdd61a458,2025-11-01T20:16:19.049378+00:00,2025-11-01T20:16:29+00:00,216
3a47463dbca89428de5f9efd1029df50ad085dd5e59483df010b900150992a91,2025-11-01T20:16:19.374897+00:00,2025-11-01T20:16:29+00:00,216
b04b8a14831cd8fed44a2774908aeac0631a4309b0d0b7bd4dc6d82fb5641a21,2025-11-01T20:16:19.496719+00:00,2025-11-01T20:16:29+00:00,216
faedeaf8ccd492ab8467317a24b00151a28eaf89695a96077304d02c31b2e813,2025-11-01T20:16:19.629109+00:00,2025-11-01T20:16:29+00:00,216
aea1c2c48054f8a7ae263e2f54e977b97b3af979c8b0fde158cc1f35ad75fe91,2025-11-01T20:16:19.748289+00:00,2025-11-01T20:16:29+00:00,216
edecb58dd1176ee3be43cc58522c19bcaf120c0d421105196754f7b2a871773b,2025-11-01T20:16:19.876328+00:00,2025-11-01T20:16:29+00:00,216
f9a870d371165225d7537cf27f54192d62f99b4eb9856f0a01cef44d74440562,2025-11-01T20:16:19.996496+00:00,2025-11-01T20:16:29+00:00,216
09930e1d0e7983368155484c03e2730a08f61cc17555cc16d5dcc62bedd721f4,2025-11-01T20:16:20.127996+00:00,2025-11-01T20:16:29+00:00,216
a36d8f4ec5c15b4bffe152cfb8bf8b687e9ebfd66ffe3ec4f9bf83cbbc538e1e,2025-11-01T20:16:20.246971+00:00,2025-11-01T20:16:29+00:00,216
c4c5833f58f689d1a1de472cbefa1d49043434107c2b3f5332850126f0680eaa,2025-11-01T20:16:20.369534+00:00,2025-11-01T20:16:29+00:00,216
8c72f8f05fc328aa258417800e8463bb889b0ca47611c02fccfce96d0405fc5c,2025-11-01T20:16:20.492084+00:00,2025-11-01T20:16:29+00:00,216
bc6bf480778124a9d829752d9b72e999ed5236a9949f9392f730c93fc4ffb471,2025-11-01T20:16:20.609754+00:00,2025-11-01T20:16:29+00:00,216
3dd7267d2ebcaf4f154b3b5f1c6c217cb184133a84d413f9ebfc30a2da22c8fc,2025-11-01T20:16:20.734330+00:00,2025-11-01T20:16:29+00:00,216
c03e0fa8b009475c4fcd0c75d9b414fad6ebab036efa7b1b90773c3efaa6ac92,2025-11-01T20:16:20.856720+00:00,2025-11-01T20:16:29+00:00,216
69141bd6f08ece91bce4ded967ad7d2ee22657e7bce0b8e5f6923fc24d043163,2025-11-01T20:16:20.980149+00:00,2025-11-01T20:16:29+00:00,216
3eb4e1b32318c0c6068c10791bc4a4a3735d3bc0ffddabc9e290cb31082bb9e9,2025-11-01T20:16:21.101770+00:00,2025-11-01T20:16:29+00:00,216
843939d3200cd76e6375f4738b2d369c91762a66543528fcc44f1cca8d6d1fdd,2025-11-01T20:16:21.233538+00:00,2025-11-01T20:16:29+00:00,216
5edace1dee48f481884d7f949a66714d9734c44cc5a58dc6c7f998a250fc6885,2025-11-01T20:16:21.354392+00:00,2025-11-01T20:16:29+00:00,216
6582ce25962ef9c3ae8800b00fcb1ea4392b5d0512eaeb36ebaf1a82305343de,2025-11-01T20:16:21.479750+00:00,2025-11-01T20:16:29+00:00,216
3c61bd959ed8ad450bc01ac0c022b657cfcfc5339c3abc3a5ee5dd6ebb65b242,2025-11-01T20:16:21.600327+00:00,2025-11-01T20:16:29+00:00,216
9cedf417a6b41f3d1bdc7c7396f438ff3ad39cb2835c622afd71b01b1b9af959,2025-11-01T20:16:21.726596+00:00,2025-11-01T20:16:29+00:00,216
8fcd9ea43c2625a1fe08f07d41779fed2d742fd60c578f422023590b03ba60b0,2025-11-01T20:16:21.849873+00:00,2025-11-01T20:16:29+00:00,216
7ee6b5856dacac8620d7af315913a26da22c824673488beadbecbb9b942a8fd5,2025-11-01T20:16:21.971727+00:00,2025-11-01T20:16:29+00:00,216
636c1d725c08ee27001c826ee24559d68d8592a23f64ea767a6b52b74e8a530f,2025-11-01T20:16:22.090801+00:00,2025-11-01T20:16:29+00:00,216
9699bc19c27ddc901b25cd29fbfcf04ed4e89de15acc62c2a1aea101a15c1ec8,2025-11-01T20:16:22.216972+00:00,2025-11-01T20:16:29+00:00,216
202b7d2142845393e0ddf75ea0d45b6badf7e6bbd232aac359552d055917d1d5,2025-11-01T20:16:22.343187+00:00,2025-11-01T20:16:29+00:00,216
bc1de1563ccb064743bf663edaec4f8c913622c912e92246977ec70cc0ea67ab,2025-11-01T20:16:22.470230+00:00,2025-11-01T20:16:29+00:00,216
f42376097211b044ca952e6cd08846dfb9411abdf9f2c0425f8d4dc5e27f1f2f,2025-11-01T20:16:22.590682+00:00,2025-11-01T20:16:29+00:00,216
f3e293edab159a120653aef29bdb122383e6f234093e459a01aee2a9afc1fe29,2025-11-01T20:16:22.711571+00:00,2025-11-01T20:16:29+00:00,216
44f59b2317e483abb2022c6ea9585171cfa0ba74ef6307bcea03eb7f99f68e94,2025-11-01T20:16:22.834250+00:00,2025-11-01T20:16:29+00:00,216
a5e352464d998f5fce9c11f3d16c635450f05ecb85e56eaea69b3d37023916d3,2025-11-01T20:16:22.957623+00:00,2025-11-01T20:16:29+00:00,216
6a182336fb6f1b47fcf7ac7dc8328e087d704515a0477d690202c77afe441315,2025-11-01T20:16:23.083084+00:00,2025-11-01T20:16:29+00:00,216
7a32ea07f7a787cdeb070c9edb6e0a80a9c2e9a3ed63d34f9dd44e132aa41926,2025-11-01T20:16:23.208466+00:00,2025-11-01T20:16:29+00:00,216
19d60e3d957e161abc624ce5ea544c4076564c2534b1689d6ab37eb01c1539ef,2025-11-01T20:16:23.333523+00:00,2025-11-01T20:16:29+00:00,216
11fcee1407707ea485b102fe2b1aebb51776a02bbfe4e4a9ec6c9e0892cdc5b1,2025-11-01T20:16:23.453855+00:00,2025-11-01T20:16:29+00:00,216
8f653f58c995d005c72dd4ded7f1f6a46d588c173bc2a0b01ba14127cbcc3dbe,2025-11-01T20:16:23.574891+00:00,2025-11-01T20:16:29+00:00,216
20d0f31e3716c0daaa8837805d01d5d6012263a7982cc383c9efd8aae6a3f31e,2025-11-01T20:16:23.699714+00:00,2025-11-01T20:16:29+00:00,216
6eef52634a7961e6dc6de5be0664ea0459e4ce92465970ea0e089a02eb34802d,2025-11-01T20:16:23.821678+00:00,2025-11-01T20:16:29+00:00,216
49e65a29a9a5da1e17abca5300e124f2b407b8a68938361f324b94ef0b910f6f,2025-11-01T20:16:23.946902+00:00,2025-11-01T20:16:29+00:00,216
1433e259d311f11e68816430d59616282ff89db137810b8ede7551720e409bd2,2025-11-01T20:16:24.069723+00:00,2025-11-01T20:16:29+00:00,216
6758d495ac1a042180a2f75d0ddbcfda4fbef629744842d0c502b3753ebcde90,2025-11-01T20:16:24.188748+00:00,2025-11-01T20:16:29+00:00,216
f40d895ffc6e57da938169361410b6fdd50333bcadb87b58a9286f9d842460f6,2025-11-01T20:16:24.308738+00:00,2025-11-01T20:16:29+00:00,216
ba81eec00ff8191413468e0144c609044730faa35505e602f311f85a2887d463,2025-11-01T20:16:24.636962+00:00,2025-11-01T20:16:29+00:00,216
9a5e283ac18a668f26a36b0284e507bf94edb8a14b82983def508c1612f6b5b5,2025-11-01T20:16:24.755723+00:00,2025-11-01T20:16:35+00:00,217
48cd889c31a00b600bc240dcbc8a462a3d5577d7800fbfa69c0a4d2692f028ba,2025-11-01T20:16:24.875554+00:00,2025-11-01T20:16:35+00:00,217
acbb41e6070ca7261d59414dc692c25ddc858e8c9fc23049bdc393e20aa59ef6,2025-11-01T20:16:25.001788+00:00,2025-11-01T20:16:35+00:00,217
7d6ef61270e0e55a317f20ddf27e2aa8ef277397faa6bba327c315e873f65129,2025-11-01T20:16:25.118715+00:00,2025-11-01T20:16:35+00:00,217
0b3892e59c5f16163bad31364effeb89e9eed7aa8468978a52b81d2047ae5117,2025-11-01T20:16:25.238750+00:00,2025-11-01T20:16:35+00:00,217
3ccbcec7afde831fa48f2a4e810fe8ce1c298d6761ef05a25706a0d58557b233,2025-11-01T20:16:25.356358+00:00,2025-11-01T20:16:35+00:00,217
29c020fb1b3b88f34874eaf9efa39f734c5a037453c05c1d28c9616a87cfca17,2025-11-01T20:16:25.475873+00:00,2025-11-01T20:16:35+00:00,217
4e2a4c34f215ace97820759c9e82a710b2e96cb08b6710ff21e3ee17acb9dba6,2025-11-01T20:16:25.599081+00:00,2025-11-01T20:16:35+00:00,217
7f758a44c7a1001a60557c1734c4099086db7d91431dd700de164d2f36fad7e4,2025-11-01T20:16:25.721130+00:00,2025-11-01T20:16:35+00:00,217
6b8af36f67f8a0c561272d665b20464f9dce6e35d63ec0833a5f2a89a9648b7f,2025-11-01T20:16:25.846801+00:00,2025-11-01T20:16:35+00:00,217
f44071c65cdce6c58f2e35d953baea715e523d3a1254be293445ff977a42537c,2025-11-01T20:16:25.972504+00:00,2025-11-01T20:16:35+00:00,217
7bccb95807bbc83a0343ba11cd836eb625001c9f5fa4ee8d9f6c9e1978aa5892,2025-11-01T20:16:26.091378+00:00,2025-11-01T20:16:35+00:00,217
7c45e01a5cba40a8b7b96280a9f1b841f5722631af221f5020eef5bbd40b2c81,2025-11-01T20:16:26.214213+00:00,2025-11-01T20:16:35+00:00,217
8a93653e57fb543f0126ed822205f1cb70a52a7715160e2eb46b257b16f4b2bb,2025-11-01T20:16:26.337896+00:00,2025-11-01T20:16:35+00:00,217
7a3c7ce09a045f2cc339e95480fc9a7a003a6eaa6307c7e18741b8ffcd086112,2025-11-01T20:16:26.456150+00:00,2025-11-01T20:16:35+00:00,217
d741522004b651427680c50697a75c7c97e90d9de5c14fd8ebf180db6b726ff4,2025-11-01T20:16:26.581166+00:00,2025-11-01T20:16:35+00:00,217
0f03711d5efb9b75c972c95c15f7fdb37757065a6bfd0ac65b2ffb562511a746,2025-11-01T20:16:26.704862+00:00,2025-11-01T20:16:35+00:00,217
75e020ad31724c4a47341916d3d17327251ad04e9a23844a25f90d336199dff6,2025-11-01T20:16:26.825321+00:00,2025-11-01T20:16:35+00:00,217
eb4a9acc42c8285703628668125bf9abcacd427503d40e90688e5ec2cb2175a1,2025-11-01T20:16:26.946831+00:00,2025-11-01T20:16:35+00:00,217
e73200ef64cfa500aa02f3b94a54d2acb4a9ce3f7787b641682cbb212a0b651b,2025-11-01T20:16:27.067033+00:00,2025-11-01T20:16:35+00:00,217
e2f9a80c672f2ec02d2b640ffcf90363808688ea316fff42b3a38353e9b0200b,2025-11-01T20:16:27.187958+00:00,2025-11-01T20:16:35+00:00,217
5d0a774dc60b06e6297c91e735e6ce8df5c8b17b1309cc6a7764ce9009174fb3,2025-11-01T20:16:27.315169+00:00,2025-11-01T20:16:35+00:00,217
c620f9fa87edc53926e5133d52fdab269a7689e4a36829499bc6af5d4d64a993,2025-11-01T20:16:27.435416+00:00,2025-11-01T20:16:35+00:00,217
7d64957f4c122df1f84d38d8ef48c10b67b88952d21f0be54cb4ec5ef041e41d,2025-11-01T20:16:27.558504+00:00,2025-11-01T20:16:35+00:00,217
491e7badd3d09a491a46a5ab7b671820b6596ce481d9f54b88cc78d0dd55924a,2025-11-01T20:16:27.684693+00:00,2025-11-01T20:16:35+00:00,217
89e557e6923cf68e9ba20bd1c6ef9576a4d86e260187627dc514d1ab1beb3f49,2025-11-01T20:16:27.811720+00:00,2025-11-01T20:16:35+00:00,217
c5c9c2dd608f9602dd2e98475536c4907ec8942954fb1c3765e8bcb3d3d24e8e,2025-11-01T20:16:27.934014+00:00,2025-11-01T20:16:35+00:00,217
b900ec2a2ef5e9847733148a6abe4d236bfeee8b31efd90b67acca937b3f627c,2025-11-01T20:16:28.054107+00:00,2025-11-01T20:16:35+00:00,217
07e2fcd16c027d828333e96e6a477c8505b40bc2e4efcac243fe964d5453322e,2025-11-01T20:16:28.177396+00:00,2025-11-01T20:16:35+00:00,217
630ee23f377d588eb5a2eb6b50a52eb49a3dc6fa64e784d9084daaf4c1ff6547,2025-11-01T20:16:28.300006+00:00,2025-11-01T20:16:35+00:00,217
fd3d93f76e25058b7ffe4077c9672ad66e2d55fcb8bb7a2eeec893ee1ac3af52,2025-11-01T20:16:28.423533+00:00,2025-11-01T20:16:35+00:00,217
47aea2ee5a57425f3e1e8b5ff4afd614b40bc8def3b8cdb47867b94dcef383ba,2025-11-01T20:16:28.548212+00:00,2025-11-01T20:16:35+00:00,217
3b864755d40f2d9ca6d275b0087d58ba46f0b76594213dd267498ba1084e8c40,2025-11-01T20:16:28.673639+00:00,2025-11-01T20:16:35+00:00,217
9fbd5e23888547f638c6af1bf8e84b1b8b2f8d690f54cc246a0b5db9855742bd,2025-11-01T20:16:28.797627+00:00,2025-11-01T20:16:35+00:00,217
761379e24d937db60906f6a8250f68284c36fdccef18ce88303a6d09fc066d3f,2025-11-01T20:16:28.918503+00:00,2025-11-01T20:16:35+00:00,217
f46e7547e7d93339dbb5d8344b066598c1117d29234b761f30d58d135e47c685,2025-11-01T20:16:29.048269+00:00,2025-11-01T20:16:35+00:00,217
6699dee8823076fab7a9abaaeca3f2eed309fc6743f80f0e11827c183109b074,2025-11-01T20:16:29.183214+00:00,2025-11-01T20:16:35+00:00,217
8c1f3bb6fbfb10e10cae2022b51110d4055be1dc0de840e5f636f489cefdc500,2025-11-01T20:16:29.304679+00:00,2025-11-01T20:16:35+00:00,217
3260798ae1949645705b41a9f9bed8af3ef47db685c0951d1d7137fff2551115,2025-11-01T20:16:29.429582+00:00,2025-11-01T20:16:35+00:00,217
f18986b657fa90da0a684f426bbef1e90fb2089cbbd3b4d74b43fb526d173927,2025-11-01T20:16:29.554960+00:00,2025-11-01T20:16:35+00:00,217
146c98801caa7d30d5ff1be56824470a892f9858e99d54bda4ffb760ec1eb491,2025-11-01T20:16:29.884244+00:00,2025-11-01T20:16:35+00:00,217
2b3d49d6514516aabca14f55b9fee65b583cee50203cb76f70d19718bf414f75,2025-11-01T20:16:30.005663+00:00,2025-11-01T20:16:35+00:00,217
dd5b9d53bc3ceec6aaa76e1d68841156d44aa5be4b27dab61792597e90f6b86d,2025-11-01T20:16:30.126708+00:00,2025-11-01T20:16:35+00:00,217
266755e2c2d70acd53a3f594d86963b79e126bf3616dc465f100d7883acb0e6c,2025-11-01T20:16:30.246092+00:00,2025-11-01T20:16:35+00:00,217
6dd030c4aca8c7f87ad3ea0b077c133fa59e4bc35f9520ba2e9948ab0d98e1a0,2025-11-01T20:16:30.368822+00:00,2025-11-01T20:16:35+00:00,217
4f8909f7ec1556a801a575a6f5b43a7f5be986b99337772965cdc2700c704501,2025-11-01T20:16:30.494740+00:00,2025-11-01T20:16:35+00:00,217
8f67db8320c00d3108fa6701d98d3738b52b7854af7c2def936e9a6f196aadc0,2025-11-01T20:16:30.619242+00:00,2025-11-01T20:16:35+00:00,217
0cf4da627320c824e6cbd915f8da6ce1289c2b02a8cfda01fb8f4bed1347114b,2025-11-01T20:16:30.743454+00:00,2025-11-01T20:16:35+00:00,217
bee181e496302e8b85434ca6e98d430c22f0ea612f46f4ad634ab3683d852be0,2025-11-01T20:16:30.865158+00:00,2025-11-01T20:16:35+00:00,217
c766487beace2af7337ec1e05f458cc6edd87ad494f713595bb7a6820b31764e,2025-11-01T20:16:30.989708+00:00,2025-11-01T20:16:40+00:00,218
8b13cefba34643920f9ec10780008d8b2bbe9a13dfcd4d7b8ca0f7acced69603,2025-11-01T20:16:31.114383+00:00,2025-11-01T20:16:40+00:00,218
5846b55231c65b2a7ded43a095bebd1227653d49c2eedd3028cc573d2a1930ad,2025-11-01T20:16:31.245056+00:00,2025-11-01T20:16:40+00:00,218
20b967f3eb8c5c6bc6738b56a14ea6bc37ed857f54db36c1c8e3c2daa60b6d1b,2025-11-01T20:16:31.363169+00:00,2025-11-01T20:16:40+00:00,218
0b3dfda8d93b39547d3bbf62675c2cdd1492ceffadb5d2c1c783c0096506a5fb,2025-11-01T20:16:31.485047+00:00,2025-11-01T20:16:40+00:00,218
ff2c45b810eb1a0ed9cf1f158bdcfb8d0f02c00a402ea55705e73bee6594742f,2025-11-01T20:16:31.617511+00:00,2025-11-01T20:16:40+00:00,218
6815a18c18953bfdd3eceb5c7f1a1ba1466985b9392d75c7f8ab34d25ea1b937,2025-11-01T20:16:31.747032+00:00,2025-11-01T20:16:40+00:00,218
12855cad907bf858c1b873ec631b2545029340eb0a1586beb1fc924f89d24f64,2025-11-01T20:16:31.867759+00:00,2025-11-01T20:16:40+00:00,218
d0e50fd07cb5e39b7decb82f82f5710dd188df533010bd21b3d7cbfc11ca2a33,2025-11-01T20:16:31.999962+00:00,2025-11-01T20:16:40+00:00,218
75fd121ad182f288c4d44aee7fabd0959d9de921dc824247e238913445e7d82d,2025-11-01T20:16:32.125825+00:00,2025-11-01T20:16:40+00:00,218
88568bd4f05d91b8b0c0fdc7374436e31bbba3388db6fa80b698f90d807996de,2025-11-01T20:16:32.253277+00:00,2025-11-01T20:16:40+00:00,218
259755393baf2590634cde17d9db7ab977ad0a1729eb53fc27c2c8e533c7a1b5,2025-11-01T20:16:32.383489+00:00,2025-11-01T20:16:40+00:00,218
9758327f379f1c9b06ccc5532d124466ba7ef655e8777f827c496f89bedb3acd,2025-11-01T20:16:32.514153+00:00,2025-11-01T20:16:40+00:00,218
221c57c97c361ac27d093f5241100f78a17a24a8c19d3d13e8eabf4f73ecf9e5,2025-11-01T20:16:32.646672+00:00,2025-11-01T20:16:40+00:00,218
101df50b3a0723231a3c8aa413e02b7e1bc8b9a6501ce28898fd9a5fa875d0de,2025-11-01T20:16:32.783359+00:00,2025-11-01T20:16:40+00:00,218
7b93ac5bd033d2c12a625688c9036bf1b21ec5d3e6605fb22fc65482960e3050,2025-11-01T20:16:32.912224+00:00,2025-11-01T20:16:40+00:00,218
b0a1490997c624d8e5b84cd59699144f9cd3d46bb6d52928eb98ef736f4e7d40,2025-11-01T20:16:33.043869+00:00,2025-11-01T20:16:40+00:00,218
9c7cc066dcf0610580494abb83305b4171846016c65908d94babccde595134f5,2025-11-01T20:16:33.174401+00:00,2025-11-01T20:16:40+00:00,218
c51510f135230bce7cafb4bf20d761e6e8bfe4f9cd6564ab26074bb5fd9678fa,2025-11-01T20:16:33.303982+00:00,2025-11-01T20:16:40+00:00,218
9a4a854bfef15d9b035281a1e4629749929e43d7299413e12a55277bc07ba527,2025-11-01T20:16:33.442513+00:00,2025-11-01T20:16:40+00:00,218
d303f717db774821713683583a80f3d45d477942a12189bf30724087aa3f8cf2,2025-11-01T20:16:33.571386+00:00,2025-11-01T20:16:40+00:00,218
ae9069361950489002e9d96b794afb8213265c95dbd3eab795e96e26dd00e625,2025-11-01T20:16:33.695586+00:00,2025-11-01T20:16:40+00:00,218
b7f788d5069575e700e0043f3a0d192257fe3ff6c86f4482d953d53017e4eeeb,2025-11-01T20:16:33.817335+00:00,2025-11-01T20:16:40+00:00,218
cef9df8249522b2337e5f3fdcf93a1ed19cda483b443460c2d1521c4309b8122,2025-11-01T20:16:33.940809+00:00,2025-11-01T20:16:40+00:00,218
d2c2be9903690f37f7214b8b775fe9487049eaf004ff91559b7ec041f3cf77fe,2025-11-01T20:16:34.073777+00:00,2025-11-01T20:16:40+00:00,218
66a603fece022fdbcd8680a60b1e37b9d31e00efad56d5d54bda01bffa6baee6,2025-11-01T20:16:34.199570+00:00,2025-11-01T20:16:40+00:00,218
08d49d7ad16b478b167cbccc95f5df17ccd2b55474c529fe2b44f82f87ff82e7,2025-11-01T20:16:34.338057+00:00,2025-11-01T20:16:40+00:00,218
71b1e5d427417255f51442dd36d98051b034fa03c78833ca35a3a7d23da3cc8e,2025-11-01T20:16:34.464223+00:00,2025-11-01T20:16:45+00:00,219
2dad425ffe730f5a5339b4ce4da34c9a46a26ddfea2084019a0b7f5052e59908,2025-11-01T20:16:34.593928+00:00,2025-11-01T20:16:45+00:00,219
dc0094f0bd1e92716f0cd5cf0c962451defe625dce512ad9a15125df5912f018,2025-11-01T20:16:34.721026+00:00,2025-11-01T20:16:45+00:00,219
a4ab25a9ca26c8efb5777952eab85fe992897531f453f0ec6f8af1aa2754ee03,2025-11-01T20:16:34.849993+00:00,2025-11-01T20:16:45+00:00,219
f3fa4a3c4d58cd2e7ccd39f63ed7d434a2e5bb66fd63dcaa1223d8187a431a00,2025-11-01T20:16:35.184919+00:00,2025-11-01T20:16:45+00:00,219
e3cc7d3fdb92d262beaca907e141e042ace80137d0d4e153d92a0a34c469d3e4,2025-11-01T20:16:35.305530+00:00,2025-11-01T20:16:45+00:00,219
58791392c339e4acc2004ba65cd94dec1376375950be4ad74485a32a97c4958c,2025-11-01T20:16:35.429966+00:00,2025-11-01T20:16:45+00:00,219
f6206c15acc62dba914093ceaf2ba5ee20ebe3831696a4fceb591b68a7cddd4d,2025-11-01T20:16:35.555388+00:00,2025-11-01T20:16:45+00:00,219
c569c0a6523ccec529b17817d3594588b4b5963ec9b35606b7143c4dddad9156,2025-11-01T20:16:35.682088+00:00,2025-11-01T20:16:45+00:00,219
b9e4b5fc43eaf0e6add113c66f283ffbf93c0f35d416dee94d9b8d7f87098835,2025-11-01T20:16:35.808372+00:00,2025-11-01T20:16:45+00:00,219
85bf3769c0aa8d4b8c6ecb8b63c7cba499c244eaaded4ff4f54391ea3859dfa2,2025-11-01T20:16:35.934086+00:00,2025-11-01T20:16:45+00:00,219
22f8565eddfcecf5a82bf8308b11e46d52bc3efacaaee84f54ca82c9d680e934,2025-11-01T20:16:36.060996+00:00,2025-11-01T20:16:45+00:00,219
4cdfd64f9df2598022d7b1ef5843dae3469cd71446e3c17b2dce3f1db619abfc,2025-11-01T20:16:36.187417+00:00,2025-11-01T20:16:45+00:00,219
1c9b4a37706684fdda099b222289184bbe29d8e0b87ef1351982f278bf000e9e,2025-11-01T20:16:36.316550+00:00,2025-11-01T20:16:45+00:00,219
047c6a3e55c5871af8a6ca57b772f426af3d52c46e4e5a473dcdd7a5d729b3e2,2025-11-01T20:16:36.441569+00:00,2025-11-01T20:16:45+00:00,219
cc0b8f65e4c7ccd73b94f1f36c622e332f6dd036aaf606dec735695d4afe6869,2025-11-01T20:16:36.570123+00:00,2025-11-01T20:16:45+00:00,219
3bc56b972c8637886cead25ac6649da479a16c124b0d469807afc1de5cbc6f02,2025-11-01T20:16:36.696808+00:00,2025-11-01T20:16:45+00:00,219
993f508ebe83e85accb25a2da92529df6a23c1648b65db584ae3ccf4896f8e90,2025-11-01T20:16:36.824196+00:00,2025-11-01T20:16:45+00:00,219
24d1c62bbe03d43e72a2b87e8234fa8d12b9809365ededc246bb6b2c6f01df91,2025-11-01T20:16:36.951186+00:00,2025-11-01T20:16:45+00:00,219
e1b427497412f2579e61b8b3c698c79a06b2da175da62fb699a4deac65083916,2025-11-01T20:16:37.080802+00:00,2025-11-01T20:16:45+00:00,219
47b7cef8914cd15eb740efaca67162ee05d0864358d0a7f1c201c0c669b912d1,2025-11-01T20:16:37.206226+00:00,2025-11-01T20:16:45+00:00,219
a21429a38f54663b02ff553b0c72a3629eb361dc73a604dfd6fd0ec5a99913b9,2025-11-01T20:16:37.334342+00:00,2025-11-01T20:16:45+00:00,219
4b2882c17581f5fe5d36697753f664965516ca5280a6d9396cf1b948917a33e6,2025-11-01T20:16:37.464399+00:00,2025-11-01T20:16:45+00:00,219
cd843134fa17890ce83e06cf064fc608e9484ba38aaf7e89add04563c8bec983,2025-11-01T20:16:37.597691+00:00,2025-11-01T20:16:45+00:00,219
f4a7c946e72224f1f8e453d7fc938e6dd4a78f96951daef69e0c5118c67fb143,2025-11-01T20:16:37.732416+00:00,2025-11-01T20:16:45+00:00,219
ae4825fda842efface5b1163b5d26fa7f5063a5d97702f904170e03ea2737d54,2025-11-01T20:16:37.859490+00:00,2025-11-01T20:16:45+00:00,219
d9a5f94c7acbe345c3d90599f486ebf9a1359d9db01f22c7332f6e02c5184421,2025-11-01T20:16:37.987484+00:00,2025-11-01T20:16:45+00:00,219
04af7a697a666046b330193f25e90c5a67839a52d32e71b0a5960e6c94716303,2025-11-01T20:16:38.114811+00:00,2025-11-01T20:16:45+00:00,219
13c6f37acf39ff3f038895f60af97a5b951a1b56a7c682a762f7764216b8ef99,2025-11-01T20:16:38.235087+00:00,2025-11-01T20:16:45+00:00,219
ce698989a33551a8d77433dd5911b7f75c1900c17320fc3b6f4771d50bb1c7b5,2025-11-01T20:16:38.359649+00:00,2025-11-01T20:16:45+00:00,219
e168b493386ad53300f202ac228f97bd44a7b3e70b59d5b37c39c814a5ff731d,2025-11-01T20:16:38.493379+00:00,2025-11-01T20:16:45+00:00,219
6043d6de4c585c1562240ec74c0e2a46f110a0ce15cff6079f0888895747c979,2025-11-01T20:16:38.620144+00:00,2025-11-01T20:16:45+00:00,219
303cc0a3cd156f0539d9b8b992cacba75845ebcce3f64e3853ca1ea1176002c3,2025-11-01T20:16:38.746891+00:00,2025-11-01T20:16:45+00:00,219
7c9fc5d79d7bd93d2268f34dbe5108f6590de43ed0405be57f5be5a04ae8fc18,2025-11-01T20:16:38.876198+00:00,2025-11-01T20:16:45+00:00,219
da8b0bd1a0ea7b7843966043e0995a58ab9e3bf45ed47357689bc16c9a5df4a5,2025-11-01T20:16:39.002858+00:00,2025-11-01T20:16:45+00:00,219
c2ca397af286b1f77d7593c3cab65ecb1edaa6588245d0c098e4c6624a20a728,2025-11-01T20:16:39.139145+00:00,2025-11-01T20:16:45+00:00,219
bb587e1b06ec14e883938f2cecdf633fa3f9d5575fc966d7e7fc779f7c406e08,2025-11-01T20:16:39.265379+00:00,2025-11-01T20:16:45+00:00,219
a013e58244307e8cc067eae4602ddc0eebe5254e908b253f211f9b5e3d2365b9,2025-11-01T20:16:39.396855+00:00,2025-11-01T20:16:45+00:00,219
c8ae32cade22ae91384ec70419a633634ecba7e70c2ca677f9e94aca89a761d2,2025-11-01T20:16:39.525890+00:00,2025-11-01T20:16:45+00:00,219
c00c14b2b06aabcff5cd56d14122c105889a8e4a98975e3a6fe85f0872923c0e,2025-11-01T20:16:39.653407+00:00,2025-11-01T20:16:45+00:00,219
513ba025216de8c1f6810641bd909831446b185b00b431fe7c6e9ecf9456ec23,2025-11-01T20:16:39.779707+00:00,2025-11-01T20:16:45+00:00,219
ab31554e393e99c936ee5f032a00073ebac6e34a7dcb99e9d61dfff00545daea,2025-11-01T20:16:39.907310+00:00,2025-11-01T20:16:45+00:00,219
a6517b5289904cd720a9b22015cb88b93e4fe03e3a956bfa19d6518e2ee7bb54,2025-11-01T20:16:40.046872+00:00,2025-11-01T20:16:45+00:00,219
0174dbd15f25d9592f641fdee1f8408aefb7d1074e29146bf20ee6540e378fb6,2025-11-01T20:16:40.176987+00:00,2025-11-01T20:16:45+00:00,219
98d894472cb67d8da1b3b796b325136d6c837e0e6c0dfd8aad6f1706b11e2222,2025-11-01T20:16:40.511912+00:00,2025-11-01T20:16:45+00:00,219
72ced50b887da476afb0cc910b95db5262c35242316f48e26d0349ee278e8659,2025-11-01T20:16:40.635750+00:00,2025-11-01T20:16:45+00:00,219
2bca0d78c090c594f061a041a566866b58a7547b625d5a0ebf86e2b9c49c8386,2025-11-01T20:16:40.761848+00:00,2025-11-01T20:16:45+00:00,219
37e4bb0b3d5e5169a989a9f84e75fee69e8a8e094a7f9101a4d5cbb254218954,2025-11-01T20:16:40.890606+00:00,2025-11-01T20:16:45+00:00,219
2128b85f96eebfba988a45f4fd79fc8c95b469d035229b6ff9274f163614b19c,2025-11-01T20:16:41.018228+00:00,2025-11-01T20:16:45+00:00,219
715f81869208fb987c3cc0c0b607a0d593d1625144082213bfbef13c19c59527,2025-11-01T20:16:41.147586+00:00,2025-11-01T20:16:45+00:00,219
8bbf3e6f82b5918ed02b62321184aec8832e5cde1f970026c190cb576dfa5f90,2025-11-01T20:16:41.281714+00:00,2025-11-01T20:16:45+00:00,219
e4d9f075eaafa8d6abe5391db68fa32990a53516222b636ca2197ba69c15c20a,2025-11-01T20:16:41.403453+00:00,2025-11-01T20:16:45+00:00,219
0b6136e41f9c0a82c9adb801324a151f2a7caaa5116c94f3d626b2b6ee926ca9,2025-11-01T20:16:41.610281+00:00,2025-11-01T20:16:45+00:00,219
bdf10ddc2abbb6d4a9dfb2d26b8b8f484c236e41e0358d75b438d384612da04b,2025-11-01T20:16:41.732791+00:00,2025-11-01T20:16:45+00:00,219
cb9c8c928fcfee893a3e8d98ef3e9a959b6f3c83d2564652301b2b9cd20a4a0d,2025-11-01T20:16:41.859658+00:00,2025-11-01T20:16:45+00:00,219
24295f22ed8b331c078b13a0c2f2b12fa74b1c47b32cf1b6f21f54b189604355,2025-11-01T20:16:41.990800+00:00,2025-11-01T20:16:50+00:00,220
aec771cb65f5b2f798d96c65616cce496c98c9da9817030fc23666fb5991b1ad,2025-11-01T20:16:42.113496+00:00,2025-11-01T20:16:50+00:00,220
6347ba6351ca0a99ed76622a2f1dcc1188991f07efe8495b440f1cebadc906be,2025-11-01T20:16:42.243219+00:00,2025-11-01T20:16:50+00:00,220
83af5abc092ef8fe79d05d9df2c9a0a89bbd8d372834d7b65e0c658ad2a6d0ca,2025-11-01T20:16:42.371161+00:00,2025-11-01T20:16:50+00:00,220
98d65df51dbee3ef7a16d34334b6d75657b56729b56419bcff04ff4831c5b82d,2025-11-01T20:16:42.496810+00:00,2025-11-01T20:16:50+00:00,220
57c140f1fd6e26da83e87153d078a82f823ccec1f0c8db5fdb38e3e07fbbfcee,2025-11-01T20:16:42.628234+00:00,2025-11-01T20:16:50+00:00,220
3536776f11a40ad4a8dd062bdf4e133103ef5481aae32d5f66554ac8c25fafe5,2025-11-01T20:16:42.752831+00:00,2025-11-01T20:16:50+00:00,220
057922e13f82ef099013efe3ffa14177d21498e366a645d3e6d646bc8ef6e4bd,2025-11-01T20:16:42.883800+00:00,2025-11-01T20:16:50+00:00,220
9b1b8296feb25af5c7201ca1f665a9e41c5f54f0042c51f93fedee0cd32d3696,2025-11-01T20:16:43.016339+00:00,2025-11-01T20:16:50+00:00,220
5aa03d5642da10e3f77a86ca42df324fd29e6e11d2421cca451c378006c66810,2025-11-01T20:16:43.146561+00:00,2025-11-01T20:16:50+00:00,220
240bbf552a1ac11e245e5c0ebade98606c4c249257c795b2be865ae91b3e76f3,2025-11-01T20:16:43.276100+00:00,2025-11-01T20:16:50+00:00,220
58a02a05b811f1842add1cb6786f063f1c754720c8b32a99c8d45d6b06d16bc5,2025-11-01T20:16:43.403201+00:00,2025-11-01T20:16:50+00:00,220
7156c5ad642457a09745d1b5e601168405df373b1e381215b509345679984f4b,2025-11-01T20:16:43.529712+00:00,2025-11-01T20:16:50+00:00,220
a91bd9fedd5b3cd8e9ccecec9041b660c148bcfe26ad4524d871452bf088d7f7,2025-11-01T20:16:43.675635+00:00,2025-11-01T20:16:50+00:00,220
2df9f60f107615e36be1e8de08fa0b2e3763ebb91804db48fa6c3377650a1f82,2025-11-01T20:16:43.804840+00:00,2025-11-01T20:16:50+00:00,220
43f25fa3b564c9413dabd99c589717e1d24559883ecc74370de163cdcf32c06c,2025-11-01T20:16:43.931805+00:00,2025-11-01T20:16:50+00:00,220
8ed6925fa7c76f359c74587771994a40b29f28c8f4e40cb7a53e1e39b598eef0,2025-11-01T20:16:44.063849+00:00,2025-11-01T20:16:50+00:00,220
33b8cd4faa386aa234cd04c191cdc7321be256b0d121a9f644634cf218337195,2025-11-01T20:16:44.191238+00:00,2025-11-01T20:16:50+00:00,220
3fa5841dcc4cfae63b13ccace62a8978e6ad6975500f1425257abd470e8a984d,2025-11-01T20:16:44.322555+00:00,2025-11-01T20:16:50+00:00,220
bb7f307d27ab4e7ee6b0efe9a708bf54172d01d70da5c31311569d95aade7bd0,2025-11-01T20:16:44.455277+00:00,2025-11-01T20:16:50+00:00,220
69178d9cb2e0bfd1bbb434e0a9f131e85d1336ae1957ec109873e000497fb616,2025-11-01T20:16:44.581087+00:00,2025-11-01T20:16:50+00:00,220
49f575f631250462352ff6a43b0c4572707363b9bc981c1f6c1107fdb570d669,2025-11-01T20:16:44.709850+00:00,2025-11-01T20:16:50+00:00,220
637e607f351086b7ee19b20180389b631d5078e752d66a19381cb7da8c8575a5,2025-11-01T20:16:44.844922+00:00,2025-11-01T20:16:50+00:00,220
b06e1c5e41bd4f75df1290a0f915c6c47f555a8364c2f7324f0fa627153b5830,2025-11-01T20:16:44.976504+00:00,2025-11-01T20:16:50+00:00,220
ed74aa43e95ff8e9e17e394366c0c08bcf58d644e73af1190d81907304dda132,2025-11-01T20:16:45.114276+00:00,2025-11-01T20:16:50+00:00,220
b171893a6b36c672ca5fc6c68f195206159d29fe1d2217a56a814e62d1bb7f1d,2025-11-01T20:16:45.245956+00:00,2025-11-01T20:16:50+00:00,220
35c616bc267c0cfd8ee9631b2395fa54b912a7c18dfd61e22028542fa012ff55,2025-11-01T20:16:45.384571+00:00,2025-11-01T20:16:50+00:00,220
37a87f20e9cce42b8d194a4722855f90549d7a1d61bc107d6775c9592f61d582,2025-11-01T20:16:45.519167+00:00,2025-11-01T20:16:50+00:00,220
b516f82ea093ca649082c47d5d591ba6fd76a101e6880f01223f590551926abf,2025-11-01T20:16:45.861094+00:00,2025-11-01T20:16:50+00:00,220
162223fbfffd17277ab97752d107615eceba607f1d173b86f5f44cf691039350,2025-11-01T20:16:45.988521+00:00,2025-11-01T20:16:50+00:00,220
ee25d134380fa8707b8cbb574f045047ab1dd18f81ce38d92a6188424f8f763b,2025-11-01T20:16:46.115787+00:00,2025-11-01T20:16:50+00:00,220
daea2e67852acda6eb3cb49c316ceff64ef69c92145bf7e91dd14af884ed3871,2025-11-01T20:16:46.238993+00:00,2025-11-01T20:16:50+00:00,220
4a529022405d23950b680921f4075a25423cdbf4f25b80727ed20618f99c58f5,2025-11-01T20:16:46.364775+00:00,2025-11-01T20:16:50+00:00,220
a22c10d023ecb56fd019880edca0fcfd51aca3ac3319b5faf27774329ab19e42,2025-11-01T20:16:46.493097+00:00,2025-11-01T20:16:50+00:00,220
47335a991e4fb27b4e14861667ad1003f998ede26b5ea79b2988633f5a0ad1a0,2025-11-01T20:16:46.621545+00:00,2025-11-01T20:16:50+00:00,220
f576e21d598ecef960105ddc186ec59b09864c19fb18a98980d26a8342957589,2025-11-01T20:16:46.750533+00:00,2025-11-01T20:16:50+00:00,220
a075d55330a74a927bf2052a7435a4a19f2861ae00f4d4cec64bf626a6fc6a80,2025-11-01T20:16:46.884235+00:00,2025-11-01T20:16:50+00:00,220
16ae70aecae4b250b71e10d8e8de57df730a963854b1e2707ccbf1e9326f20f5,2025-11-01T20:16:47.007498+00:00,2025-11-01T20:16:50+00:00,220
eb5523ead898438e649ed27c7ee5225554aa5c248274e13c04d56f594f607d16,2025-11-01T20:16:47.135163+00:00,2025-11-01T20:16:50+00:00,220
7a0aa6880b0608f5c4a2c18863afcaf22e860b64939846261f4ddb5e4e425a78,2025-11-01T20:16:47.266076+00:00,2025-11-01T20:16:50+00:00,220
a03e63ec6205097d490f5253ef855c514887b527b5bd51212c5aa9e643b6b345,2025-11-01T20:16:47.396954+00:00,2025-11-01T20:16:50+00:00,220
8824ababd7d51536e330c2701afd5b31d3b2c28b9736d05e0b4aaf44f9ed9e44,2025-11-01T20:16:47.521403+00:00,2025-11-01T20:16:50+00:00,220
daa87c826d0c0a0108d68531cdc15a9b68aa9c4636647a3e4e83e520866f2d78,2025-11-01T20:16:47.649320+00:00,2025-11-01T20:16:50+00:00,220
948babd1d54a4e691b083f7f8e3595298508f9d041fce46e57fa97f89ae5d508,2025-11-01T20:16:47.777620+00:00,2025-11-01T20:16:50+00:00,220
d3d435f44026a511d282f6decfb9ce866c8c792549d7372372b9b10a996b36b5,2025-11-01T20:16:47.900363+00:00,2025-11-01T20:16:50+00:00,220
36d5ff855b3635620a7f2046b1df79a109b6a7dde0a28c41092a9a6704fee7cc,2025-11-01T20:16:48.024676+00:00,2025-11-01T20:16:50+00:00,220
399fd8dfcf944cd633b4fec0b9d4705608c5ff951b88fd444f54b266870c2bed,2025-11-01T20:16:48.150471+00:00,2025-11-01T20:16:56+00:00,221
312dc6129b5a6bf2033f0ca299d5de30f16f1abac0791bbe855ed8c8a98c100b,2025-11-01T20:16:48.281661+00:00,2025-11-01T20:16:56+00:00,221
b4ce99c90ce83255230a1936ff57ac65cc41698accccf234dcca211c46001719,2025-11-01T20:16:48.409237+00:00,2025-11-01T20:16:56+00:00,221
7f5b84abb7fb40f587560d6121f9dc65879ede47bac891ed5e3b07eac030fdd9,2025-11-01T20:16:48.543697+00:00,2025-11-01T20:16:56+00:00,221
d65feb7f4b23cd47e8ed4de75e566e86f36a87d17586e154bd154b8b57e8d51d,2025-11-01T20:16:48.685045+00:00,2025-11-01T20:16:56+00:00,221
1b9068db837c76a206cd6463b4846a5205a4658cf8f8e0f2259ef879fa0e99b8,2025-11-01T20:16:48.804751+00:00,2025-11-01T20:16:56+00:00,221
3b6a223602917fb704ca5be8abcdefec828c725d52fb0eb59b8c4285ab2f6913,2025-11-01T20:16:49.112049+00:00,2025-11-01T20:16:56+00:00,221
5827d94b307b5781ad9bb79d33052dbf0ac935c4472d3d87f68ce4db9b1a1063,2025-11-01T20:16:49.241873+00:00,2025-11-01T20:16:56+00:00,221
47120e16ebddb177ca32f1eba46d58c5b0849a240d88cb5d134ce3891c3d5255,2025-11-01T20:16:49.398800+00:00,2025-11-01T20:16:56+00:00,221
209e87e03493916a410b446a0a8f0ee6b3b98ab42ffa2b90272b6ee22fd4a279,2025-11-01T20:16:49.525041+00:00,2025-11-01T20:16:56+00:00,221
828f243d5e002537da95dd0c29537b07305119779b590c39f78fa6aa35495df9,2025-11-01T20:16:49.654915+00:00,2025-11-01T20:16:56+00:00,221
d2dda9c43f2875e9a13e6c1feb1d679d5a820212a7d119535e3878a47aeb62dd,2025-11-01T20:16:49.781018+00:00,2025-11-01T20:16:56+00:00,221
4bffe1760ec96206e7ac5d306d2b346f2f98b0ed659f9c2b11962dd2fe62687d,2025-11-01T20:16:49.911233+00:00,2025-11-01T20:16:56+00:00,221
ede22934e5c0a1cfc2c3e7848b65bd9b5e005b228aebfd9c0045e6bde8f05c40,2025-11-01T20:16:50.042157+00:00,2025-11-01T20:16:56+00:00,221
2fcf5ee02e90439477e2a9bb4e3f48aaf94d7906211f3bd19ace24f42b523851,2025-11-01T20:16:50.180551+00:00,2025-11-01T20:16:56+00:00,221
3c465526e36eb333575913eb8135922075a681d183f8e31095bf4c2a9e3b1474,2025-11-01T20:16:50.313077+00:00,2025-11-01T20:16:56+00:00,221
ee770eb5fabbc7b2199cd545cfaef5fcab8440d464078a30bb205e6486ec1c57,2025-11-01T20:16:50.431175+00:00,2025-11-01T20:16:56+00:00,221
871a17c7b72e14789f3f4c95949e0df41caa801e2b6e0d234f51941661ec1c07,2025-11-01T20:16:50.554323+00:00,2025-11-01T20:16:56+00:00,221
9d699ed4cca91fdf85ee8bb88839d021cf309875fa247ea9256144494edf916e,2025-11-01T20:16:50.684317+00:00,2025-11-01T20:16:56+00:00,221
b4e5bf9dfdac9997137cb20b8d5fe1c4acaa4c6745c90a97736cf67cf21f8fef,2025-11-01T20:16:50.812751+00:00,2025-11-01T20:16:56+00:00,221
5198e9edbf2187dc11e68b8401d6a6dfb4ad85f133bb30fd9f1b9c3f5a88912a,2025-11-01T20:16:51.143272+00:00,2025-11-01T20:16:56+00:00,221
aeed69beb0098d82f5575842cb84ade20ce653dfca0ce29dd6bcf76755430710,2025-11-01T20:16:51.263365+00:00,2025-11-01T20:16:56+00:00,221
1f59703fdb08a6f972a1e5f512049df7aad76af39812a3642d14261d165aa16d,2025-11-01T20:16:51.389304+00:00,2025-11-01T20:16:56+00:00,221
bc44e051bb2fa7a01565109fcb687a83170a622997d1e02d73436caabf467071,2025-11-01T20:16:51.518104+00:00,2025-11-01T20:16:56+00:00,221
16eded09a82d18ab47961724305775b429b1c7b01f3122bad72c171c52513d07,2025-11-01T20:16:51.644083+00:00,2025-11-01T20:16:56+00:00,221
356b76afcc86f006bcf9a9546f541218f365013a898a978c4d189ed7c63b99af,2025-11-01T20:16:51.769007+00:00,2025-11-01T20:16:56+00:00,221
0c0de231495d08584b1f3f831d7a346e55e6aabae3e3f10a4034e35fb3f5f63a,2025-11-01T20:16:51.895671+00:00,2025-11-01T20:16:56+00:00,221
807e37daad3a96b9ca9bf1b23b729cc64c43a036cf1efeeef140df1d0ddd0439,2025-11-01T20:16:52.026112+00:00,2025-11-01T20:16:56+00:00,221
75b39d1a6baeb20fe2bf88e0ec99eff0d517bae3649e18124182d8ae7b88b78b,2025-11-01T20:16:52.146420+00:00,2025-11-01T20:16:56+00:00,221
5e74d4c7acfa03e1dfebb0662ed03524ad62f464c73c67a34bbc1ac020af5aae,2025-11-01T20:16:52.268317+00:00,2025-11-01T20:16:56+00:00,221
bc6ba06407450ea2993a7835cf7d299da7c5bc6a503c77e0aafb13679f068f64,2025-11-01T20:16:52.392910+00:00,2025-11-01T20:16:56+00:00,221
72d617d8242225aa981b0ac1dbbdfb6928faff3da1e0aa013aebd04d8b2ef1c8,2025-11-01T20:16:52.520236+00:00,2025-11-01T20:16:56+00:00,221
aa6e746bf4f42ce6a3014669179a8124dfd62537c4daf0f2337aa8ffa69c5f59,2025-11-01T20:16:52.644926+00:00,2025-11-01T20:16:56+00:00,221
956653a4e09e97916da38abee5d24272cd154e9d2304de7008ab66b9d4275a5c,2025-11-01T20:16:52.777272+00:00,2025-11-01T20:16:56+00:00,221
dc47cb7c1fec5e3fd8aa686abc56f313a27a0b227117c8af30a063162c80f17f,2025-11-01T20:16:52.907477+00:00,2025-11-01T20:16:56+00:00,221
1ddb991688dea88e4719946f452b278fada4131fcec63afa6c49cd15d41f71f1,2025-11-01T20:16:53.034006+00:00,2025-11-01T20:16:56+00:00,221
fe09b15a3d5ff38db0c40df6cf4b28f51ac978d56b4e5d1c456d2d1804bc8618,2025-11-01T20:16:53.161748+00:00,2025-11-01T20:16:56+00:00,221
330892eed194925141dd3117ed4c7b16de5a98ecb3704b96a954142c0ad5a163,2025-11-01T20:16:53.290904+00:00,2025-11-01T20:16:56+00:00,221
820d5509f88ec915eb7ae0be384ba31c48e9b717321444c15e5795519db61506,2025-11-01T20:16:53.423993+00:00,2025-11-01T20:17:06+00:00,223
d18e0b953389637d9457184ada669638817846865c233403caa04a01ba42d669,2025-11-01T20:16:53.555757+00:00,2025-11-01T20:17:06+00:00,223
ab0087865069e96b3e57e9005781603a7489d374bed547a5e7ebf4e7c3a7a5ed,2025-11-01T20:16:53.690146+00:00,2025-11-01T20:17:06+00:00,223
1dd0b31be8230be5557b5ad7c6afbab6a24c28e080e0402ea16af57d0fb24357,2025-11-01T20:16:53.817343+00:00,2025-11-01T20:17:06+00:00,223
cae7499f36acdf01df322f5ca78919e19b9b4253990a00cf9957c265752cb8a3,2025-11-01T20:16:53.951522+00:00,2025-11-01T20:17:06+00:00,223
ce95ac9e8d3760b1ac2632e45431d2742f8dd684955a54e61a0fee378b7470f4,2025-11-01T20:16:54.079121+00:00,2025-11-01T20:17:06+00:00,223
e3cad756022ec8b1cfbd08294f8f98a23ac2debe4caa73e5499c02c4626b7c9a,2025-11-01T20:16:54.207587+00:00,2025-11-01T20:17:06+00:00,223
4edabe1fcbc4a59227026fb41b9c4ee311ecb7b80fb17154a4ab971c08b21f55,2025-11-01T20:16:54.331657+00:00,2025-11-01T20:17:06+00:00,223
fb0eb39afb6eb9317dc5ef9f33cfad1273fd2e1f5ef3aa5ed5efb4889c1c5abc,2025-11-01T20:16:54.459636+00:00,2025-11-01T20:17:06+00:00,223
857ff34487a302c70c274bddc0b31bea437436d4bdba5e7323629f28019c95fb,2025-11-01T20:16:54.591141+00:00,2025-11-01T20:17:06+00:00,223
d9af681e8c450be5f27ee071bf4e68880fca75de73b756030df35df214d8f54b,2025-11-01T20:16:54.714603+00:00,2025-11-01T20:17:06+00:00,223
56c1d261d813a0258680381e4fdda7a21e72fb013e79af6cd09396ff12b93529,2025-11-01T20:16:54.844552+00:00,2025-11-01T20:17:06+00:00,223
dd29a8fe47e59912413f72ca71c10fd289c12ee2c7e784b97b40d7797de6e152,2025-11-01T20:16:54.979106+00:00,2025-11-01T20:17:06+00:00,223
832fb6b4934b0d7a31f2c182d0690f291e05bcc32d55c8e4385503d18da2fab0,2025-11-01T20:16:55.111483+00:00,2025-11-01T20:17:06+00:00,223
d0527c6fb5dc3a201b0c16522f19278fd78fb617c990397fd97b31ddd6c755dc,2025-11-01T20:16:55.238246+00:00,2025-11-01T20:17:06+00:00,223
e5f294c1e66b7873066b6cd53add8a940495bc22586048081a81bd33fab3a82e,2025-11-01T20:16:55.364495+00:00,2025-11-01T20:17:06+00:00,223
9e8d910c7b555e4d5f7f03c2f86d6c1ab73fae2d94f783afa5f83292929ea0ac,2025-11-01T20:16:55.489785+00:00,2025-11-01T20:17:06+00:00,223
82d08338d5d00656a36b449d531bd5b113bf296772b3f887d4e175b78c021c79,2025-11-01T20:16:55.613751+00:00,2025-11-01T20:17:06+00:00,223
f860004c85a24e68ffd7c2fa5f102f94d9a88ed0b1a369f1e7b7266fd57ea5bc,2025-11-01T20:16:55.741642+00:00,2025-11-01T20:17:06+00:00,223
6567608ac4636e979d196c51878983c04749020b10ecb5614319e5578361e6f0,2025-11-01T20:16:55.863200+00:00,2025-11-01T20:17:06+00:00,223
5e46954adca5a4e3d20af604700194167a8c4909e01f160d522d86fbb99a5fb0,2025-11-01T20:16:55.990890+00:00,2025-11-01T20:17:06+00:00,223
daaf9a7084ea7483430895c6a5ddcfda40bf312a22aa87fc76d2777f06d6ec25,2025-11-01T20:16:56.124530+00:00,2025-11-01T20:17:06+00:00,223
9fa14271596bb9c8a20bfc51455645d0c175cdc98f852fc626c937e42664bad9,2025-11-01T20:16:56.455744+00:00,2025-11-01T20:17:06+00:00,223
cf362a074ab99f4053b68f09e96587f819d5a093924874179060a9f0d66940bb,2025-11-01T20:16:56.579577+00:00,2025-11-01T20:17:06+00:00,223
1c68604399bff7c6f01691f6ca05566288206223b05a1181fd3bf8c3bbc4cd3b,2025-11-01T20:16:56.702608+00:00,2025-11-01T20:17:06+00:00,223
f8ebaa42adcefddd6ad972113febcdc3d0193327b6989e280e18fc0f365e3627,2025-11-01T20:16:56.823397+00:00,2025-11-01T20:17:06+00:00,223
8770b83033ba1ac36c0fc92c519888d24c92eb0b860d08ebdfc6ca8043d11485,2025-11-01T20:16:56.951454+00:00,2025-11-01T20:17:06+00:00,223
ddc21d9a15acccfa3b8174ec1afb40a077dfe24fecd51bb47ea87bc86b00ece2,2025-11-01T20:16:57.073260+00:00,2025-11-01T20:17:06+00:00,223
cd7635da498bb40c24ad389b9ac5e1119652d60004386a99685139ac19f52b83,2025-11-01T20:16:57.198895+00:00,2025-11-01T20:17:06+00:00,223
5f2b86ab143daee4d2029f9c11dd24d3a00b2fe7fb1fc0e118dede8cdf2c5f4b,2025-11-01T20:16:57.331380+00:00,2025-11-01T20:17:06+00:00,223
b860d0ba96d8902a52cc0634e31d1e582d562aa4e3f1948001d4a5cbd5827162,2025-11-01T20:16:57.451972+00:00,2025-11-01T20:17:06+00:00,223
d6818c209a2a9eff01a4e7ff61c0a6abffb8fce47bf1ebe03aff89749e9ddf28,2025-11-01T20:16:57.570786+00:00,2025-11-01T20:17:06+00:00,223
b683bf71c55c54e3c2390dd82f04c34940d7fa3acfcb52b3dc488de1b0f6041b,2025-11-01T20:16:57.694338+00:00,2025-11-01T20:17:06+00:00,223
2b0fb11780dd41e6dcbb5e1aa3179bff30383611132b1db0af4d643f431e0f79,2025-11-01T20:16:57.820354+00:00,2025-11-01T20:17:06+00:00,223
6939945826ca5d4903cc9e18b83860d6e4749cc788ecc1281a2375a07f29a14c,2025-11-01T20:16:57.950410+00:00,2025-11-01T20:17:06+00:00,223
e4fff4ce5100314b1cf5eb055a26563cefb314ea4ec2d42517007148f36e5076,2025-11-01T20:16:58.075468+00:00,2025-11-01T20:17:06+00:00,223
696869a53210929d9b13bb7062b2ab04378b492aeccf376ddfb297ff23243da8,2025-11-01T20:16:58.202398+00:00,2025-11-01T20:17:06+00:00,223
8a3eb037c3ee18c1606243e8df3b17895fdedde3229609231da009051fd46d74,2025-11-01T20:16:58.329413+00:00,2025-11-01T20:17:06+00:00,223
4dcb416e3ac09ba03e44edf01b34f133bf7e176b7dbde25402535844fc502fe3,2025-11-01T20:16:58.454487+00:00,2025-11-01T20:17:06+00:00,223
3ba4497268598a1f09faa0b28f09f8fdf634946812704667f8b0367672ac911c,2025-11-01T20:16:58.575453+00:00,2025-11-01T20:17:06+00:00,223
1ca2d9170e260aea52bf0808d19811379570f96d9b563fd1d612ab66a6fc0a17,2025-11-01T20:16:58.699920+00:00,2025-11-01T20:17:06+00:00,223
11df13d55e83665264e71e547c0df82b858124f7a9fef05249c94b066f1633a5,2025-11-01T20:16:58.823370+00:00,2025-11-01T20:17:06+00:00,223
741e5779903d460c5e7ab1f0f1dbb57e62b0a9a5ad29859328007f2579c26443,2025-11-01T20:16:58.945612+00:00,2025-11-01T20:17:06+00:00,223
03efacf0f0b0d1ef66f723c7d5153ec298132b44b56b4213d71fe6d1d36ead16,2025-11-01T20:16:59.075573+00:00,2025-11-01T20:17:06+00:00,223
031a1e66356d7bbc77ab7e04ca49c72051a4d47b3f505d69284cb3f875508854,2025-11-01T20:16:59.213458+00:00,2025-11-01T20:17:06+00:00,223
b0cbf621e2b4b74a91541eabbec9c61e7063d72de2482c3ea96a89389c9fc761,2025-11-01T20:16:59.337191+00:00,2025-11-01T20:17:06+00:00,223
f1287a701fc05423cd5ec017f3324fdae522db0ea04f750934c9a1fe53a08c83,2025-11-01T20:16:59.471647+00:00,2025-11-01T20:17:06+00:00,223
1782d0aa547e7e1a55bad71e14019df313388c6cc07d494b31d4e9a95ced2beb,2025-11-01T20:16:59.599138+00:00,2025-11-01T20:17:06+00:00,223
68bdcbc917c0bc861cd0f74141733122b98ea9eef5c12e99a6a1f7860355e3ce,2025-11-01T20:16:59.720321+00:00,2025-11-01T20:17:06+00:00,223
59523d51f0c0122f7db2feafdf13d9ac72458d4a065d34baa77b4370b537baf6,2025-11-01T20:16:59.851233+00:00,2025-11-01T20:17:06+00:00,223
93cfaa1ce4456e1a365b5077bbd86e7dafd6e7b810fc4ed36b6ecb4e52115ebe,2025-11-01T20:16:59.978116+00:00,2025-11-01T20:17:06+00:00,223
1c586fb4ede3c8a9089b1fe5301982a2e09079e20340b7a43dd3ede8ed8df798,2025-11-01T20:17:00.101930+00:00,2025-11-01T20:17:06+00:00,223
998f9bbfe7c6fc078ac6f46dc69015f5dd8a088708e567a599052218c56166ba,2025-11-01T20:17:00.222926+00:00,2025-11-01T20:17:06+00:00,223
0b34976d293d71b7a176abbe6c35b32b91a1bdc69118c6770fd109cc5ef4faa6,2025-11-01T20:17:00.346414+00:00,2025-11-01T20:17:06+00:00,223
d6c31ab5bb712d4f1b43abeeaed54280ec86c8c4fb27bb634b391c4fb95307a2,2025-11-01T20:17:00.468568+00:00,2025-11-01T20:17:06+00:00,223
372ed11f37aaba472071bf2e32fd8e32c3805c16a8e9427f34c4a0f9d5fd6cca,2025-11-01T20:17:00.593829+00:00,2025-11-01T20:17:06+00:00,223
c30d749a745ca5814e596998a5f9758b5f817c70468f3467fec766aeff70720b,2025-11-01T20:17:00.720188+00:00,2025-11-01T20:17:06+00:00,223
09e2c8e72cba843782219419db49344f0ebd5c4d2562774b26eebbed43aa850c,2025-11-01T20:17:00.841833+00:00,2025-11-01T20:17:06+00:00,223
6367a5e56b5d230381d69ca1faaa06c2b60df4f68b48825898e9b8d524081b22,2025-11-01T20:17:00.961760+00:00,2025-11-01T20:17:06+00:00,223
688221c4018c9c428781213e6a7c17ddc52d156b021979277d75044b1a3a44da,2025-11-01T20:17:01.081994+00:00,2025-11-01T20:17:06+00:00,223
42755eb592414e281f7f00d89ca53637776b83c97dd64c00c055e6dc40f2f0eb,2025-11-01T20:17:01.214694+00:00,2025-11-01T20:17:06+00:00,223
850f82fe38641d80db0df27379f5dbeab4deaa1729b4e120e635168461a4f023,2025-11-01T20:17:01.336990+00:00,2025-11-01T20:17:06+00:00,223
47c2a70f70f9a3e4792e818a9229389104a186acc2f83327d2163f5649abbe23,2025-11-01T20:17:01.458141+00:00,2025-11-01T20:17:06+00:00,223
68f43d797fa17830a3ee567d076d16916dd38f00c5e47c6605feccbca6ef3e26,2025-11-01T20:17:01.807116+00:00,2025-11-01T20:17:06+00:00,223
40df91e59fef53ef38c07c4cf4d2f911f78b1a57a18cc2e04913c2f4db01286c,2025-11-01T20:17:01.936041+00:00,2025-11-01T20:17:06+00:00,223
709105f50ae0e4f512f33688de761568faaaf5a8f987f6c569f8ad9b0a67ee7a,2025-11-01T20:17:02.061753+00:00,2025-11-01T20:17:06+00:00,223
5eb8466b211f9292abe63beb625aa53c3069fe7da7657ecce29312044065227e,2025-11-01T20:17:02.191764+00:00,2025-11-01T20:17:06+00:00,223
1efd8ae6901d833228bf5b134a535a900f56437e1244503498987fbb3aa975fb,2025-11-01T20:17:02.323508+00:00,2025-11-01T20:17:06+00:00,223
0265e9382d42c3df387a34ac7a229781835c631b62da14c87ee0a0416a264a07,2025-11-01T20:17:02.450654+00:00,2025-11-01T20:17:06+00:00,223
16e88eb0b66f7f77a8074f860a47cb65c1063008df543c26980db08141d6d1ed,2025-11-01T20:17:02.592780+00:00,2025-11-01T20:17:06+00:00,223
01facbadd2c67b058b2cd818c5feac0aadc286d45aa9f777c6aa1f5e4bd67898,2025-11-01T20:17:02.724219+00:00,2025-11-01T20:17:06+00:00,223
9077c7ea6205a40a7cb2ec29183abff129baa142d02b476ba7cc145e4f75bfd5,2025-11-01T20:17:02.856168+00:00,2025-11-01T20:17:06+00:00,223
86623dab65e55ff1a7e7d05478ca4f330ad3fca5e8d57a7e444019b882f6ef95,2025-11-01T20:17:02.991173+00:00,2025-11-01T20:17:06+00:00,223
d28a985d64908336cd89763bc3841fc4ac747ffadfc59c5a29cf8db8e742d110,2025-11-01T20:17:03.121731+00:00,2025-11-01T20:17:06+00:00,223
973ec18df0d98f9161121e663f86543c5d4afa77c0e14838166d301272dfd855,2025-11-01T20:17:03.250744+00:00,2025-11-01T20:17:06+00:00,223
cfc754913ae1e80dfa56c3cde445d00f8b1ccedc1edc43b10b1c20027bcd9222,2025-11-01T20:17:03.383935+00:00,2025-11-01T20:17:06+00:00,223
5c1aa4a8ed4e1fd639d92b2e54878e90685d6777dc59d2506a0bb438f076c5c9,2025-11-01T20:17:03.516836+00:00,2025-11-01T20:17:06+00:00,223
0d8e62cd2750b127fc23ac9cf95b833002e67083e4d6365383de87591af63d69,2025-11-01T20:17:03.648107+00:00,2025-11-01T20:17:06+00:00,223
62ea216a04714818b2ee398a7b0b2605bfa58c65a56f90f654ef0898959d1315,2025-11-01T20:17:03.786714+00:00,2025-11-01T20:17:06+00:00,223
4de58525dc798ef514e225205f0019bb6ca8783975d7ae88ec0aaf7f614f9985,2025-11-01T20:17:03.909393+00:00,2025-11-01T20:17:06+00:00,223
81884ed1deae14d01dfd555311598270ddaa817a76dd3a10d7a100042d819d90,2025-11-01T20:17:04.036436+00:00,2025-11-01T20:17:06+00:00,223
a0da8b5777d6e210fd253cc77e78702e9108e98f92c4e88ce46ee605d27d82c0,2025-11-01T20:17:04.166660+00:00,2025-11-01T20:17:06+00:00,223
ad8e851e968d31dee816aa352fa5c347bfd5baa3d5a96da9bc82e2b7c75ed7f3,2025-11-01T20:17:04.296527+00:00,2025-11-01T20:17:12+00:00,224
f5b04779ef10fcd4dd43cb49b88622c2fe64f21636bbd1d9537d0a8afa63383f,2025-11-01T20:17:04.434562+00:00,2025-11-01T20:17:12+00:00,224
a583057ac6ecfd90dfef0ef1213611e870e783105a353e4569fba6e443ff5ccd,2025-11-01T20:17:04.559492+00:00,2025-11-01T20:17:12+00:00,224
3279dee7966e90b10e42bd2327268bdbe79e811dd865dd10afd34f88045926b1,2025-11-01T20:17:04.689537+00:00,2025-11-01T20:17:12+00:00,224
ca2d9c44dc16cf10a8cb85687d8fff5a4d5c263a63b25e5267c22c7b35f6ec3f,2025-11-01T20:17:04.819063+00:00,2025-11-01T20:17:12+00:00,224
2cd251478d5f6edebd931fffa48df9449d4328e3fdbc6c086e06a16a1d559987,2025-11-01T20:17:04.955617+00:00,2025-11-01T20:17:12+00:00,224
3bbb07f2e5692afc096dd219c28e48a69842d17a0a796e836bad6d205f97e60d,2025-11-01T20:17:05.088121+00:00,2025-11-01T20:17:12+00:00,224
dd387a3bef934651dcc5e4cb6241ef0a946122c5e511dad8fe9649feca17f855,2025-11-01T20:17:05.216042+00:00,2025-11-01T20:17:12+00:00,224
39716fa14314408a421ff3fa42b700bfad15ab54d5f986581d1a7fb805fdddc5,2025-11-01T20:17:05.360569+00:00,2025-11-01T20:17:12+00:00,224
a118a0984fffef20691864139e1d320b52091cf8f8a499d9fd40f1b33d477e90,2025-11-01T20:17:05.493746+00:00,2025-11-01T20:17:12+00:00,224
943595396fde48504d3e3c86296470b4b099b0f58ee05edc2baa6118b8bf2143,2025-11-01T20:17:05.632344+00:00,2025-11-01T20:17:12+00:00,224
d7f1db742e4270e713e4b3782d408c2c0b43884f5231496a39aab867362cfe8a,2025-11-01T20:17:05.764600+00:00,2025-11-01T20:17:12+00:00,224
e072a0cd0951243de12305ad2db721d4706c2f7a1e92f47013a72f0ac2690479,2025-11-01T20:17:05.900216+00:00,2025-11-01T20:17:12+00:00,224
db9a4ed2d029d32b0cbc8152f67ba4129342ffc970e89771153e48cca59eba19,2025-11-01T20:17:06.038950+00:00,2025-11-01T20:17:12+00:00,224
673aeddda8ba572582c28286ec351d82edfb93eaac3f473b238338d23b0840f6,2025-11-01T20:17:06.173386+00:00,2025-11-01T20:17:12+00:00,224
73872b5bbd8d65be2db8eef7b3098fadd0a966acaa3463242e8e4ae2e57f8c9e,2025-11-01T20:17:06.309783+00:00,2025-11-01T20:17:12+00:00,224
80282ce7e1fe6e11389bb6ba11ad6cbbdad6b2172da889bbb8231635ee7de4e7,2025-11-01T20:17:06.447926+00:00,2025-11-01T20:17:12+00:00,224
cdc7a4d4ee65eb0706d5d93130ac6e6e86d4f0ebf9e09e3f950724bed6918ea1,2025-11-01T20:17:06.578534+00:00,2025-11-01T20:17:12+00:00,224
81c7bc71ca6c421f7b9abc2f0c08fb7709c3b245184b48c2d25321da781f8a30,2025-11-01T20:17:06.718151+00:00,2025-11-01T20:17:12+00:00,224
b17632465645c30c9b91d6991728011f24f893aa9629a389635a081c5bc647e0,2025-11-01T20:17:07.094383+00:00,2025-11-01T20:17:12+00:00,224
5a00ef5870d3c3ac5069634a7d6cfec40b42d19ea47d18c5df8b7ed46f67d6d1,2025-11-01T20:17:07.218067+00:00,2025-11-01T20:17:12+00:00,224
6828580a44e8664707c30c36e23202ed3d6404914552ecfd4c07aeb085f7df85,2025-11-01T20:17:07.348705+00:00,2025-11-01T20:17:12+00:00,224
d835e98b8fdb312e79dd4d7ffe8f841c225f76dfbf693b251064dbbd90ce31b0,2025-11-01T20:17:07.475379+00:00,2025-11-01T20:17:12+00:00,224
dca5d56c66337cc1717f0f46904823f06f27435629ec759b8ab93c23514fd73a,2025-11-01T20:17:07.605853+00:00,2025-11-01T20:17:12+00:00,224
ddb3b0d81476a5f0987f0c6d4dae4dd3dc55d7147500989695f913c57bbf706c,2025-11-01T20:17:07.737618+00:00,2025-11-01T20:17:12+00:00,224
4be638228005ec08ff932b99aaef1a01c1bbb02af1b647de117f740aaf3552f2,2025-11-01T20:17:07.869056+00:00,2025-11-01T20:17:12+00:00,224
d6db89b0052af0b775aab1991210e009b956904b98eb5ae36bbc016d583c2ea1,2025-11-01T20:17:07.990460+00:00,2025-11-01T20:17:12+00:00,224
7e6302b422a8da872de6131d9d4b5a4d4b85341591c8e9a382557eec443fe39b,2025-11-01T20:17:08.122798+00:00,2025-11-01T20:17:12+00:00,224
e9e810fe1d370f9180d2bf190054e8d4a3a966624777d7de6a4155c32f1f163a,2025-11-01T20:17:08.250176+00:00,2025-11-01T20:17:12+00:00,224
a50bd0b8aba24cf3ff7025b9212258b17110fab48123904ccab1c9aaee19d6a0,2025-11-01T20:17:08.383887+00:00,2025-11-01T20:17:12+00:00,224
3859533c28b42edddaedeea4bec9ac7770b33197d9a88c8db9182d1cb8e96730,2025-11-01T20:17:08.517068+00:00,2025-11-01T20:17:12+00:00,224
6bc825643802fd8bb839ece141f2c1ac05e0b29159c5b4edebd3d3fefd1023b1,2025-11-01T20:17:08.648574+00:00,2025-11-01T20:17:12+00:00,224
29468ba644a55fa7feea012a8971dacd63f1a96bd7fa4d0ccc286703ee1dff8f,2025-11-01T20:17:08.782133+00:00,2025-11-01T20:17:12+00:00,224
f2e3b3216b8b2ae67f691e8acb20deaa086bd403f830b5fa2792fd3f0e0ebd2a,2025-11-01T20:17:08.909403+00:00,2025-11-01T20:17:12+00:00,224
54ee9eb072479a5d6acf26f84eedddee0dc88f370ecc3f33acd218d44b841f0f,2025-11-01T20:17:09.033981+00:00,2025-11-01T20:17:12+00:00,224
bb6df60dd990a9e1e3f231424c8223aa8773a30b31182393dfbf90ed851babcb,2025-11-01T20:17:09.166114+00:00,2025-11-01T20:17:17+00:00,225
22d354456063024abd91681fbb537180835b7208ee8f51a0a3098e649606966a,2025-11-01T20:17:09.309508+00:00,2025-11-01T20:17:17+00:00,225
cac652b001b523525550cfd7ef0f7d427b7d47384c55d216d8e249ca9d7635e5,2025-11-01T20:17:09.432708+00:00,2025-11-01T20:17:17+00:00,225
12abf3b641e3179330724340bd7ebbe6d0d9aae457970eb4605b6d96da3c7403,2025-11-01T20:17:09.558701+00:00,2025-11-01T20:17:17+00:00,225
6e9d25f089058d37f887b09e2f05c3fbcc56cf6a6030f9e81f60504f806e26d5,2025-11-01T20:17:09.684735+00:00,2025-11-01T20:17:17+00:00,225
8c4e795c33516cc5e7034e77b00950b5ef3549f9d459cd0c36a84aa4b2318530,2025-11-01T20:17:09.811527+00:00,2025-11-01T20:17:17+00:00,225
6a44cf7fe2cc2f48a49b903ec2307a5f046be82736637cc7a037413513995926,2025-11-01T20:17:09.939240+00:00,2025-11-01T20:17:17+00:00,225
54801fcf13086f710ebd1d4dc4e3aa21d23189d91e75d2a3d33cc9681abd4e63,2025-11-01T20:17:10.071083+00:00,2025-11-01T20:17:17+00:00,225
bae2d87ad3eae1a5ccd20c3e1a0126145671af73b80e882990365fe372d769a5,2025-11-01T20:17:10.198542+00:00,2025-11-01T20:17:17+00:00,225
d2257b6fa6417a926350eb107de064b5754c1410363e4005218d9e21eede2086,2025-11-01T20:17:10.325632+00:00,2025-11-01T20:17:17+00:00,225
7d2ac129938b9331e760c249b1ec9da4195884eaaaaa715474e6811f3e8153b9,2025-11-01T20:17:10.454737+00:00,2025-11-01T20:17:17+00:00,225
ee31438ac2963b24929eacdd0e6044ad317fd162bb283786b56375240c69c520,2025-11-01T20:17:10.579793+00:00,2025-11-01T20:17:17+00:00,225
c247ab7c723d9acd8833eab008cef430fe8ee3472d1df539c2a8405ca9d795f0,2025-11-01T20:17:10.706264+00:00,2025-11-01T20:17:17+00:00,225
fd90692badf79f8fd597316c090615fd5e1ab5129799e47efd1bf9e32238e789,2025-11-01T20:17:10.837852+00:00,2025-11-01T20:17:17+00:00,225
c8c87579b9d010fc7349eef222fae857fabdbf4823933a6d23c06f5fc5a31e47,2025-11-01T20:17:10.967620+00:00,2025-11-01T20:17:17+00:00,225
0d4ef51cab33c2b0404b0645a7d0651c9141dc0144187016990acd1ee956409f,2025-11-01T20:17:11.103728+00:00,2025-11-01T20:17:17+00:00,225
2234e8edbab46d66bd9bd942c3cdbb059390f3893260be33845dd24869d11d36,2025-11-01T20:17:11.243587+00:00,2025-11-01T20:17:17+00:00,225
573c91e77d3c543d23f67882671184ed73ea35abf71e88bfb699372bf1445ab1,2025-11-01T20:17:11.367704+00:00,2025-11-01T20:17:17+00:00,225
094f2ab21d09201d12a626aa85082c5348d9a429bff41ccad7af9696382abfe1,2025-11-01T20:17:11.494935+00:00,2025-11-01T20:17:17+00:00,225
56684d4b4c05f4a004830a6a075d5556b14ba3d4d0a060a9918f7628924ccd0f,2025-11-01T20:17:11.622239+00:00,2025-11-01T20:17:17+00:00,225
ebffd4478ea1317fe4edca05c5f67596c226b06fcec91cb068f8481f039578d4,2025-11-01T20:17:11.757031+00:00,2025-11-01T20:17:17+00:00,225
8fddf35232ed25cee1e598e5d580df9d6b381bd0cf30c82fa46cb13de59bb0f6,2025-11-01T20:17:11.884017+00:00,2025-11-01T20:17:17+00:00,225
78f0534de1dadec66a4105e81a875ba518c21e52eeb645cfd0f7b481a5ccf376,2025-11-01T20:17:12.013708+00:00,2025-11-01T20:17:17+00:00,225
26ecb73a4eb590b0871e286d706baedd042818dc15d4f0a4a8bdb71415df2348,2025-11-01T20:17:12.341416+00:00,2025-11-01T20:17:17+00:00,225
844b221bc91ea129a16e2304ab148d9d8982e97185719dae3e0b674fc293dd31,2025-11-01T20:17:12.467786+00:00,2025-11-01T20:17:17+00:00,225
86390048eee62ef7c631b425d18a5902b5b589d522be81904f133fd7c04a3501,2025-11-01T20:17:12.599447+00:00,2025-11-01T20:17:17+00:00,225
29435c97982471babd3bdb05d87e93ece2e792838368e13bdbc262debd75403b,2025-11-01T20:17:12.725785+00:00,2025-11-01T20:17:17+00:00,225
6819a5af017f1d19f2a41ccc14e52dbb77cfc2e1328a5c379f55d8dad42b383b,2025-11-01T20:17:12.852242+00:00,2025-11-01T20:17:17+00:00,225
799fc6bf8d26e8d93975067e5c9c4b043873e57997b7efe16c9b568171a283b6,2025-11-01T20:17:12.976791+00:00,2025-11-01T20:17:17+00:00,225
396390cf02e1b316f9be1dc0fea62fdc1aa9b5a7b4f6616cd99de4386230d3d8,2025-11-01T20:17:13.103871+00:00,2025-11-01T20:17:17+00:00,225
b8dee9060a0aa13bf7e371343265deeaaed75a186c7c8d79189423c7294f4939,2025-11-01T20:17:13.230158+00:00,2025-11-01T20:17:17+00:00,225
b8253027f813fe8a2c3b1608039761f3c372200eaa6e8da45cf854b63d53a6ee,2025-11-01T20:17:13.358083+00:00,2025-11-01T20:17:17+00:00,225
9168e253fa19c06c523bf83555fede5869a339f64a89ebdcfb91aa68480276b6,2025-11-01T20:17:13.487161+00:00,2025-11-01T20:17:17+00:00,225
9ada49281a44b484eb5520dbeec765d0e1f54741daf8c424fc5888676e7e3a9b,2025-11-01T20:17:13.617759+00:00,2025-11-01T20:17:17+00:00,225
815998f8b47d7fb3fab30e780f8d93e1134cdf53736767eddc209c12e9bec566,2025-11-01T20:17:13.748093+00:00,2025-11-01T20:17:17+00:00,225
a5131671bdcc9cb58aab0af0042846b4ac8ceb9943daa46cfdd33167232f6ee5,2025-11-01T20:17:13.875383+00:00,2025-11-01T20:17:17+00:00,225
11350631e8cfd104f16455d686500e0b197b71805393805a9396afe4ad3fe99f,2025-11-01T20:17:14.015188+00:00,2025-11-01T20:17:17+00:00,225
66a1eb09abb42bf7b13ac41dc5d705d8c7abf64d02b3483deba1c5b78396213e,2025-11-01T20:17:14.142038+00:00,2025-11-01T20:17:17+00:00,225
d7e5c3ed45a479850f94d8b5b96163e56340395c43948179d5fbfd1fd2e3fb3d,2025-11-01T20:17:14.272394+00:00,2025-11-01T20:17:17+00:00,225
d21696292148494bb7c08ce2f0001d72896c838d1ad6af16d96b67e4765510f2,2025-11-01T20:17:14.400601+00:00,2025-11-01T20:17:22+00:00,226
40a8d1824ff250a5bf095905fd5a623c2c641834742a87296f6840027773882e,2025-11-01T20:17:14.530210+00:00,2025-11-01T20:17:22+00:00,226
0200b34dc70fccc329df20c44b328e5c7715c034e8b346a38cb78c8a6cf8306c,2025-11-01T20:17:14.665237+00:00,2025-11-01T20:17:22+00:00,226
25621694c9af28911112b016d3dd2a460fae60c3716ca29a113b8816b709457b,2025-11-01T20:17:14.800090+00:00,2025-11-01T20:17:22+00:00,226
48719959b862ba4563c459670346fce379b29b1c4c9ad7cfcfca8602126b7006,2025-11-01T20:17:14.938763+00:00,2025-11-01T20:17:22+00:00,226
87fe18e4524a3e6cba8549f5a575deab8679036937a34d7ed357f89210db6114,2025-11-01T20:17:15.070068+00:00,2025-11-01T20:17:22+00:00,226
2bb9defaa3d82d780d4032c630b0fa43a007015bcea66a988298d4101d726e59,2025-11-01T20:17:15.199376+00:00,2025-11-01T20:17:22+00:00,226
51d26e178a26e13ed57c6ef81b9b741ac60b681e52ca0f929a9d287ea36229b3,2025-11-01T20:17:15.333880+00:00,2025-11-01T20:17:22+00:00,226
14935c21ff8eac3cf5b09b2847cbefafb37c523c8cf4a73a7612edb0107e90ec,2025-11-01T20:17:15.468407+00:00,2025-11-01T20:17:22+00:00,226
979d470835f83d1a217dc5b07b12148dbc4847d896805161ed16df5aabb72801,2025-11-01T20:17:15.607126+00:00,2025-11-01T20:17:22+00:00,226
b9312929b1a6b2677a50663bf047d20f8fff26389757e6c95775bb05812421f2,2025-11-01T20:17:15.737225+00:00,2025-11-01T20:17:22+00:00,226
fa0d81d7ed8a94fec93cd0a83ec73e833cdefb05087d566696f7ecf9a3b7ff18,2025-11-01T20:17:15.868647+00:00,2025-11-01T20:17:22+00:00,226
344ab069f6c18214d1e9ed3d27d3ab7ed16c9858839c190ccfb7f08952acf6e7,2025-11-01T20:17:16.007354+00:00,2025-11-01T20:17:22+00:00,226
e9ae4ef24b1bba9b806155a0f96026dc4e7890945903362019bd608c15a90ef2,2025-11-01T20:17:16.137316+00:00,2025-11-01T20:17:22+00:00,226
9f56ccdd2b7e53ce15390528ebcba0334f902f5ff3de91a06589b4997c05a651,2025-11-01T20:17:16.264704+00:00,2025-11-01T20:17:22+00:00,226
71d14bbcc616f20e24926f0e7c184d20f56bf4915ca8bb18560472dfe49b2045,2025-11-01T20:17:16.394546+00:00,2025-11-01T20:17:22+00:00,226
eb04168c5c07bea09ab3f1f8b144ac7cb820e8faa8a9abb1102c5314bf805313,2025-11-01T20:17:16.525436+00:00,2025-11-01T20:17:22+00:00,226
c71354df1d2ecf2c6fef80555be75d1c5202e46bdeb28e22126f6b8672393234,2025-11-01T20:17:16.659022+00:00,2025-11-01T20:17:22+00:00,226
0cbc758d10ec6f97db86bf24f2e3533f288a596ffb04b12977e223f911a51ef7,2025-11-01T20:17:16.796032+00:00,2025-11-01T20:17:22+00:00,226
e9686c3e59ae022d7ced7d77f31ee295932057a00485bd44b5c88d8d70ad7bdc,2025-11-01T20:17:16.932964+00:00,2025-11-01T20:17:22+00:00,226
7f1e40879783b8a9d343c057239d97dc89aa03c3e7670c6519c06f4618584eba,2025-11-01T20:17:17.062981+00:00,2025-11-01T20:17:22+00:00,226
be9409cc7c25963c11fe992d20b872af5dc277ea667d9b758742141e75659fde,2025-11-01T20:17:17.190779+00:00,2025-11-01T20:17:22+00:00,226
4e03e4afd8729f8dcf700f0708d1051d6f31a353b66cb7745028f0f480654ac7,2025-11-01T20:17:17.324326+00:00,2025-11-01T20:17:22+00:00,226
37affaa04358719fb6876a01df1366260839d6c88e38761eb7f65d78ffef1f65,2025-11-01T20:17:17.667584+00:00,2025-11-01T20:17:22+00:00,226
c91be9bdb1dde64475a7b22a0365ba6cf7d1f698e9e410f8c71a81c4903369f0,2025-11-01T20:17:17.795721+00:00,2025-11-01T20:17:22+00:00,226
f3e5d5f85351457c11b9d5a866167f017e9d74eebae2154281b1498958116b05,2025-11-01T20:17:17.928079+00:00,2025-11-01T20:17:22+00:00,226
b01e506678c6886c87b1723f41b82a3b82c8c687489b59f6b6ac874e6eb4989b,2025-11-01T20:17:18.057213+00:00,2025-11-01T20:17:22+00:00,226
9b369bb1a5ac725e70cfbfe74fa2204f13e92c5eba37c4d7b7ef134a2c27bfc3,2025-11-01T20:17:18.188070+00:00,2025-11-01T20:17:27+00:00,227
4342e6490f340cfc7652a74597e1219b120ce78e54e7aeea6449da37b094d18f,2025-11-01T20:17:18.317871+00:00,2025-11-01T20:17:27+00:00,227
28349ff96e32d2cea0da659f4a8a9ce9b0d2e429ee3defe6eed86ea4aefdf1df,2025-11-01T20:17:18.446899+00:00,2025-11-01T20:17:27+00:00,227
c872103a9297fe46df686c854e1da45a4a858cb07651d5ffb05447b16b98201e,2025-11-01T20:17:18.574538+00:00,2025-11-01T20:17:27+00:00,227
014042b4c85b417cebbbef7309808fe7a1566d36834ae565af38d5ea1e8d55c7,2025-11-01T20:17:18.707100+00:00,2025-11-01T20:17:27+00:00,227
ad7cacd5c3e4d61e889e040555fbc163166149344f40f641e85edac1dbcc3fdd,2025-11-01T20:17:18.836488+00:00,2025-11-01T20:17:27+00:00,227
e919312797f4fddc9c2f41e8339e986a3c634b8b0ba9e1b2bb5f7baf3b70319d,2025-11-01T20:17:18.963551+00:00,2025-11-01T20:17:27+00:00,227
78c043ed264c7718a25d29a42d4f07e4152963844ed543b53917faa0749f8a2c,2025-11-01T20:17:19.090770+00:00,2025-11-01T20:17:27+00:00,227
d0625c3f62e83ffd48b3c4b71b24fd8467c7e082b9b07d754521a69882fa28f0,2025-11-01T20:17:19.225722+00:00,2025-11-01T20:17:27+00:00,227
ca6bb1bb25f10a1178b517cff0bbfcfff0d80142d0e870774f075e1e9e6b442f,2025-11-01T20:17:19.348289+00:00,2025-11-01T20:17:27+00:00,227
333216fec7e776c57fd29e54c9429465f2ddf8313025d3c85239c29e678f82e2,2025-11-01T20:17:19.475508+00:00,2025-11-01T20:17:27+00:00,227
b6333793719fc1ce30a526a505dd00883d3ea80b17847d77943eb7dfe0deed7f,2025-11-01T20:17:19.603411+00:00,2025-11-01T20:17:27+00:00,227
6927e1b052160a6acdc1a74b6f03dd62da9f21a2eb1beb32dd7b1a0a0d07393b,2025-11-01T20:17:19.733759+00:00,2025-11-01T20:17:27+00:00,227
ea29978d86e849356cb01edb314badda5373e35c0dc72cce6b4c7d579f348970,2025-11-01T20:17:19.859424+00:00,2025-11-01T20:17:27+00:00,227
6ffaaedc92f43573773fc777535d1be8d47b46cfcd447c83e07834b2936d745c,2025-11-01T20:17:19.990505+00:00,2025-11-01T20:17:27+00:00,227
e4f0719f2931d1bd869afb294bc1f5eb77c5678cd128c0ce5ee70e2a478a09f5,2025-11-01T20:17:20.120358+00:00,2025-11-01T20:17:27+00:00,227
a990c1e27297a5fd6abffae68b0b0017427e0d6b39a9a670a385ee027440981c,2025-11-01T20:17:20.242139+00:00,2025-11-01T20:17:27+00:00,227
709bb216007dc5cc9693230389091761516dc87eb53bcd1452f68e96139ed597,2025-11-01T20:17:20.367381+00:00,2025-11-01T20:17:27+00:00,227
117e14bbe5f5cf2340561708decc5c3fe9d9fc52990507b42e431e2cfa57849e,2025-11-01T20:17:20.493679+00:00,2025-11-01T20:17:27+00:00,227
d3bab7c520099ba75935a90ae47d012b1c726a3f45968c4ba4fd6a405a3d9da4,2025-11-01T20:17:20.620081+00:00,2025-11-01T20:17:27+00:00,227
b788047abd8ef00f188f9097ba679e0e49d29e7fe8506af79055975f4929b8a9,2025-11-01T20:17:20.746523+00:00,2025-11-01T20:17:27+00:00,227
cf0dde7c2be265cd44b9003d58c8bd174bdf6a1b06a4abc0200448af522e2447,2025-11-01T20:17:20.872134+00:00,2025-11-01T20:17:27+00:00,227
565c7ac41ddc66f64bf3b05ca0ba13c791a648c9c2c7d7c55b09fd222e79c118,2025-11-01T20:17:21.001827+00:00,2025-11-01T20:17:27+00:00,227
7acf3b2a2b54cb10aa06ccaf71471fef133f774bf415042afd9360d8b2a81f17,2025-11-01T20:17:21.128422+00:00,2025-11-01T20:17:27+00:00,227
6d8a26f4ecc457cf0b04dddbccd9cd6b8bef9591a4538bd860c5e0bb9620d782,2025-11-01T20:17:21.268412+00:00,2025-11-01T20:17:27+00:00,227
bc73c8bbb411da81d53eca896fba17c978625094d64f25869053e6f7f4568126,2025-11-01T20:17:21.398269+00:00,2025-11-01T20:17:27+00:00,227
04f3bf8324d971be6b6dfca149abb666f7a6afeef8b851d2d58b6d18d20df486,2025-11-01T20:17:21.532364+00:00,2025-11-01T20:17:27+00:00,227
3e6ae8d06a27382a0e38fdb77a0f65489443e639e282a2173efb344263ce589e,2025-11-01T20:17:21.660106+00:00,2025-11-01T20:17:27+00:00,227
6d395bac14dd3f0089efab637fcb2b53bef3cc969f8887890d5313d9bbf8aa18,2025-11-01T20:17:21.789609+00:00,2025-11-01T20:17:27+00:00,227
b3dac048b3d2e9e26acd09c3dffc50a7177c3c748278e07cab9724587a49dfd0,2025-11-01T20:17:21.916622+00:00,2025-11-01T20:17:27+00:00,227
9141c61b1f6c086cf7a71a786c57d5bcd99d2714005cf11e557fb18a4cd0058d,2025-11-01T20:17:22.038350+00:00,2025-11-01T20:17:27+00:00,227
2f0cadaf80e267796e234467e5b69d39d7e9e5419c42d790828116f5cd18594d,2025-11-01T20:17:22.166503+00:00,2025-11-01T20:17:27+00:00,227
c63961d80e213a2da8fc04d8bdce18ceee173fefa234a520c40f987991f15289,2025-11-01T20:17:22.292860+00:00,2025-11-01T20:17:27+00:00,227
ee860e092f8016e198fdd850cea332ef68e86679aba2770e4e594e2473424938,2025-11-01T20:17:22.423824+00:00,2025-11-01T20:17:27+00:00,227
0fe6706f3946af2e0f8eac61b7e328d7d5ce4a0142cfe4c207e32f1769cef835,2025-11-01T20:17:22.548323+00:00,2025-11-01T20:17:27+00:00,227
69bbe8349ed305d8667c81127737620d77fab35fa174a4a4900843349488a57e,2025-11-01T20:17:22.875358+00:00,2025-11-01T20:17:27+00:00,227
2846659d0c0ac64ae4ef48437fd5ff924f489557c8f4c354100c0ffb6286e112,2025-11-01T20:17:22.998122+00:00,2025-11-01T20:17:27+00:00,227
1c1d83b9479b9a66d4ea114ecea39311dfabf85ac5f2fe98018811ee1e76dcc9,2025-11-01T20:17:23.124544+00:00,2025-11-01T20:17:27+00:00,227
0ee13c41e1769a744c76d606d4142cbb1d0bbed1c661e84743de557550d73df4,2025-11-01T20:17:23.245489+00:00,2025-11-01T20:17:27+00:00,227
81e82865adeec7c7d61a90ad80871596a2898bfd02809d80bdccf7b42a0e6b83,2025-11-01T20:17:23.373765+00:00,2025-11-01T20:17:27+00:00,227
2778c05677746e313b4f4f0fb54c3255c01a6e82c42aa2391705fb4168a2a664,2025-11-01T20:17:23.504102+00:00,2025-11-01T20:17:33+00:00,228
6ecab9617610dff408dc5ae7b3029e746df85fd4858950bdbc15d470f7212558,2025-11-01T20:17:23.630479+00:00,2025-11-01T20:17:33+00:00,228
0a8fcaabd5c21cec9c9adcd952b65728cf04919f93377f82645a41abfdeaf14a,2025-11-01T20:17:23.756918+00:00,2025-11-01T20:17:33+00:00,228
134330c91032e3af4e7b57e875cd0429ef6bc652a0678d7ff5313937adfe77df,2025-11-01T20:17:23.877196+00:00,2025-11-01T20:17:33+00:00,228
3342577f9bf269c9d41d2a624a6342077a71b8bbb3e3bbfdfc6659beced3ab11,2025-11-01T20:17:24.003194+00:00,2025-11-01T20:17:33+00:00,228
4a7336537db6b0e016dad39a7dcb96e4b0b1aa7733ca2e92f3050248fbbffa4a,2025-11-01T20:17:24.134267+00:00,2025-11-01T20:17:33+00:00,228
97ab087df7a87caf73c159b2da8b91544df3e8c67a372275d2345cc58a7f46f8,2025-11-01T20:17:24.259661+00:00,2025-11-01T20:17:33+00:00,228
3d6ac7bc2e9137f74e5791eafa1720f5fa467fb6f4d853be9a6f489c064a83d1,2025-11-01T20:17:24.390274+00:00,2025-11-01T20:17:33+00:00,228
2c3179b6ad3616fc2609214c316b069922e1d5c7e858a57288c2fa2995c31681,2025-11-01T20:17:24.519018+00:00,2025-11-01T20:17:33+00:00,228
9a71f19734b95c5a1ae9865ac622b9eccfc7e5956f25008a6aae2f68d3629a82,2025-11-01T20:17:24.650512+00:00,2025-11-01T20:17:33+00:00,228
44f31f48c45beaee7d396a4aa3d9b1a6b78a6fd1922a362de20ea9524fb27c86,2025-11-01T20:17:24.780833+00:00,2025-11-01T20:17:33+00:00,228
a41688bcd2285262de94388222ce48a7a61a25227453a6f284ee5fcfaa1dfeb6,2025-11-01T20:17:24.908237+00:00,2025-11-01T20:17:33+00:00,228
bb0937e8901251a46683f74c830c8268cfd8db7eee7d74276e099056e473ee79,2025-11-01T20:17:25.035600+00:00,2025-11-01T20:17:33+00:00,228
40293e1cf9f4a72760aca697f44af8a42aedee83d32cd1440ed7e2edfae0a2ce,2025-11-01T20:17:25.165699+00:00,2025-11-01T20:17:33+00:00,228
f6d600baa26a332a400f2967bccf820de39b5ec3ebf56a37bcba7f1261574e0c,2025-11-01T20:17:25.291107+00:00,2025-11-01T20:17:33+00:00,228
7a8ca0301c55c246191f68f0a9784611ed527025f131435d6b0254aacff2db5d,2025-11-01T20:17:25.414580+00:00,2025-11-01T20:17:33+00:00,228
1368578b12fd330c7d4960dacb8db90bbf3f1ac98418063aeb5995d227d1350c,2025-11-01T20:17:25.537189+00:00,2025-11-01T20:17:33+00:00,228
745775560dff32e5d82911db35e662a7a071a836d26409ccbbd5194ab42a87ae,2025-11-01T20:17:25.660437+00:00,2025-11-01T20:17:33+00:00,228
ecc90ec6263cb942f33e76e790fcad127020123fbe9a6bc58df3379d291aac80,2025-11-01T20:17:25.783727+00:00,2025-11-01T20:17:33+00:00,228
59190d1e5d41e5bc44fc9f31f4d1531d0967a961b81a7d772c8744afe90c8e6b,2025-11-01T20:17:25.905784+00:00,2025-11-01T20:17:33+00:00,228
ecaab023ab91a2471e2baaf6c773c2a7585c235483033abef8b59ac237262ff1,2025-11-01T20:17:26.031874+00:00,2025-11-01T20:17:33+00:00,228
f99f58875898d085358281e18b322a5402d293c41250172eb720bf66f385c603,2025-11-01T20:17:26.159514+00:00,2025-11-01T20:17:33+00:00,228
94b28bc75438ef4194a3ba3d542d02a9d2788221329f2a53841104e14f94db2b,2025-11-01T20:17:26.285245+00:00,2025-11-01T20:17:33+00:00,228
1d88ed7f2f0aa2a45bf99480a82a9c007ee7d12f93b687b0853c6d94f2e8dff6,2025-11-01T20:17:26.413800+00:00,2025-11-01T20:17:33+00:00,228
3f06f70c7c592b3bacb4b2e7d175f4e6fa228df7461a14a4fa7037e610dd3389,2025-11-01T20:17:26.535260+00:00,2025-11-01T20:17:33+00:00,228
36e2337228f1cce1f4ab9ea3d23920d35b00645105dbb798407aa3d082321adf,2025-11-01T20:17:26.667774+00:00,2025-11-01T20:17:33+00:00,228
7d406b1fb99b64ab27d416bfb56a09323d0820cdc4de38d6444792c3e862ffc9,2025-11-01T20:17:26.790838+00:00,2025-11-01T20:17:33+00:00,228
85f5826500bdbc10478ddb0ed35b60e668da94260d6e835584887065508d22b7,2025-11-01T20:17:26.916118+00:00,2025-11-01T20:17:33+00:00,228
7ce4639014106da20f06d55bd4c18a8bad139760c8cd73bdf4ff34f0d32cc425,2025-11-01T20:17:27.038705+00:00,2025-11-01T20:17:33+00:00,228
0cd8fc2956bb13b0d7b2466d5917002faca5defcad7eaa3553a163f9a63486c1,2025-11-01T20:17:27.164518+00:00,2025-11-01T20:17:33+00:00,228
075510480323941ddbb51f2cab05abe193ad19f5f2dc730ee41f7928c1a671a9,2025-11-01T20:17:27.288902+00:00,2025-11-01T20:17:33+00:00,228
79389641c59fb785fc95fb67a84941a8b1ca657f43af227f6bc92c712469aa09,2025-11-01T20:17:27.417931+00:00,2025-11-01T20:17:33+00:00,228
1a7d32aa43d3c0b7186866dbcdc7f5c1bf05725d01573cc8a9478a8686414cb2,2025-11-01T20:17:27.538516+00:00,2025-11-01T20:17:33+00:00,228
38b22635c867f9a3139842941d2010ca10f38d242cfe20b4938f90af3de9ad80,2025-11-01T20:17:27.666661+00:00,2025-11-01T20:17:33+00:00,228
6a3b64f49fead2976c13d54e20712565c8562d556c717fdf9694fa006d820f37,2025-11-01T20:17:27.793037+00:00,2025-11-01T20:17:33+00:00,228
91c751b25298f15cacae99f627d915b17fa5bca64399dfaccc9d4d07c39cfaf2,2025-11-01T20:17:28.171224+00:00,2025-11-01T20:17:33+00:00,228
6f988bfd697f3eaa31d55233dcbe4422848ba915747843cb1ddc2aa66595b804,2025-11-01T20:17:28.299461+00:00,2025-11-01T20:17:33+00:00,228
6e969c42f3ef1e89e0ed1bcfd78d7ae87dd7ff41c4cb7ce1a0a1d7475a780e7f,2025-11-01T20:17:28.458400+00:00,2025-11-01T20:17:33+00:00,228
e35b0fa3f66ea0501aa0fc6a5b8cae30979d277c972961b6cea788bb3ad1437f,2025-11-01T20:17:28.583941+00:00,2025-11-01T20:17:33+00:00,228
7689401c665f2dca3b4ba94e76ec09f37c44c4bf6db80454572b44997ac698f1,2025-11-01T20:17:28.707394+00:00,2025-11-01T20:17:33+00:00,228
c51a3643418e8eb371d97d0c019cbb0591f46a16373ef54eeb3253f9365b7e83,2025-11-01T20:17:28.831099+00:00,2025-11-01T20:17:33+00:00,228
be92d95e2197d40264fd35b42c60283377c332ab822a159af6f47ebffe93395d,2025-11-01T20:17:28.953922+00:00,2025-11-01T20:17:33+00:00,228
f8040efb959fe236ef6c1fc02385171d98a8f7d0bba0119c26ac57e66a7a30ac,2025-11-01T20:17:29.081774+00:00,2025-11-01T20:17:33+00:00,228
7ae2133826d71041c98349e40e379109c482f7ac302bec0429cf79316d3d4a92,2025-11-01T20:17:29.206055+00:00,2025-11-01T20:17:33+00:00,228
bea5ca7728a004e36234d772fe33805709a441539d185c94ec25ed2d69d41d86,2025-11-01T20:17:29.327304+00:00,2025-11-01T20:17:33+00:00,228
d96bb34734cf2433af7a462dba652d62e94c0c6b0034754626da57659c77393e,2025-11-01T20:17:29.451692+00:00,2025-11-01T20:17:33+00:00,228
010d26ada3826669b84a3c2354838dac62163100252598eb6dfce7e2bb2aaaf6,2025-11-01T20:17:29.576394+00:00,2025-11-01T20:17:33+00:00,228
ffa602664e3547e13f2536b3c0e3f4b0d3897899d067acb056adea43b140b68b,2025-11-01T20:17:29.703623+00:00,2025-11-01T20:17:33+00:00,228
fc2111b112ee9d3bdbb42b05eeb3d4d8cb8a66c5b9c22ba6cc522ca152fea0a6,2025-11-01T20:17:29.834026+00:00,2025-11-01T20:17:33+00:00,228
e65d1414f80bc1b33dd63713939477b4135a8df1c3fca64721dfb92bcbe72ae2,2025-11-01T20:17:29.965509+00:00,2025-11-01T20:17:33+00:00,228
d39a370b1a19c49d935fe79720b98524eee13b6ecbb58ca7fe2840172b2b4553,2025-11-01T20:17:30.097921+00:00,2025-11-01T20:17:33+00:00,228
8549ffb4378faf859269ea12fc5208c702a2b95bf858353154673e652cf63dae,2025-11-01T20:17:30.232783+00:00,2025-11-01T20:17:33+00:00,228
43b9286e515ae76228b968a740a516d59e961bb1204785d9026f9c0cfd593416,2025-11-01T20:17:30.361079+00:00,2025-11-01T20:17:33+00:00,228
d980ed39f42668b947dbde3faad5aedca4ccdcc3fbcc5555c98b8d75a8f82e37,2025-11-01T20:17:30.484032+00:00,2025-11-01T20:17:33+00:00,228
d9ecf1a671333e741a5ca6cefb015dc13acfd05872db23d729514eafa53afe3f,2025-11-01T20:17:30.605791+00:00,2025-11-01T20:17:33+00:00,228
4c812327de8480f907fe6edac3a414cb868b6febc1caf7235e77783842f82135,2025-11-01T20:17:30.730834+00:00,2025-11-01T20:17:33+00:00,228
78b322792cd2bc39bb17e3612547153b5a97719f326af88ae145de643dbe37af,2025-11-01T20:17:30.859226+00:00,2025-11-01T20:17:38+00:00,229
9b4c5ce08ddb4c1781bca9c1811538529f1aae98e50a3edfeef1476e8e57cc3e,2025-11-01T20:17:30.982685+00:00,2025-11-01T20:17:38+00:00,229
85cd029b9bce77b8cdd368dace84513cc887ed0d8c8be57761d1a8411119f148,2025-11-01T20:17:31.105561+00:00,2025-11-01T20:17:38+00:00,229
9fca9ec9f027eb595681b244ef9d41f5228a66f38f592a98d677683b79e44c1e,2025-11-01T20:17:31.228579+00:00,2025-11-01T20:17:38+00:00,229
886ce2e2c71dffc969808ecca815a9dd0cda6c0df6ff168c8c6c4019af9ee015,2025-11-01T20:17:31.353223+00:00,2025-11-01T20:17:38+00:00,229
d2656ee51b62f4f5a21069a4508a5ceeb78deb3317d297ab88e2baa3dbb278b2,2025-11-01T20:17:31.476119+00:00,2025-11-01T20:17:38+00:00,229
b3247275eea5dccddd1385d0ea85d73d979c99fa9ff16a498f67bc7906492cef,2025-11-01T20:17:31.616999+00:00,2025-11-01T20:17:38+00:00,229
799c6038d1ae9d2c0f8b6e698fc25bcd061611b7fb3cb181556eaca59ea15324,2025-11-01T20:17:31.746294+00:00,2025-11-01T20:17:38+00:00,229
08010281cdb0060fec03dca06c2d8d9658fd30b82b99eae7833b446281d7eb77,2025-11-01T20:17:31.873664+00:00,2025-11-01T20:17:38+00:00,229
61481bd70dbc75e2da15e58fc84ec0c519c2f8e4546ffaf38a31e81ec10e62a6,2025-11-01T20:17:31.997562+00:00,2025-11-01T20:17:38+00:00,229
a1b262a3d573de3881a1a4220a0292f8a7d2084b59ca30117596c51f06b493bc,2025-11-01T20:17:32.129913+00:00,2025-11-01T20:17:38+00:00,229
c266c06a40622cbe1c8ed388ae8a04cf9a3386f0af2e5647c2a68e462808179f,2025-11-01T20:17:32.259893+00:00,2025-11-01T20:17:38+00:00,229
56197bdb9d11c4769e983631bc537e5dc3e911315cfa0760a0284b261d3d8ba1,2025-11-01T20:17:32.384172+00:00,2025-11-01T20:17:38+00:00,229
83b2050c0227ca4a6ca8abc93e4c102140d1b31bd58711ccec1d1f57531be3fc,2025-11-01T20:17:32.508272+00:00,2025-11-01T20:17:38+00:00,229
de173be762250df0a04eb2db292338eadee311b3cd5f790bbb4e18134132a6f1,2025-11-01T20:17:32.628975+00:00,2025-11-01T20:17:38+00:00,229
10c14e15595f68c96bff5c751850aeda821b793d5053d289ed90076220e0f0aa,2025-11-01T20:17:32.756615+00:00,2025-11-01T20:17:38+00:00,229
020e84c98c061f82368276fa70c7b60dcf401634dc55693644c26be1c00838a7,2025-11-01T20:17:32.893618+00:00,2025-11-01T20:17:38+00:00,229
e4dcec97b5e6dca44e4945e768ae915aeb12ec2929dc71e8f108fdbfd79ff1f2,2025-11-01T20:17:33.018685+00:00,2025-11-01T20:17:38+00:00,229
a0554b286d657992024647fb7b0bd61c03f3595763b1fce2e29fbb9798901690,2025-11-01T20:17:33.351371+00:00,2025-11-01T20:17:38+00:00,229
9894a319bf18830e7fcaf8f51c16451cea3aefb0503b7dd464d2f5d0bc248056,2025-11-01T20:17:33.477180+00:00,2025-11-01T20:17:38+00:00,229
78c14c5608b5352c832c38aeeacd21601d4bf31caf65fc691c2e259b94c4f52c,2025-11-01T20:17:33.604854+00:00,2025-11-01T20:17:38+00:00,229
ebeb770293a5fdd2a7a53a5d6cfed9f0dda6959a4ccf73db6aead57e9f6bacfa,2025-11-01T20:17:33.727589+00:00,2025-11-01T20:17:38+00:00,229
47778df7adb5b12e37fc2d0bbef0ba4ca7323a72725dccc699ddfb88f5c010a2,2025-11-01T20:17:33.853448+00:00,2025-11-01T20:17:38+00:00,229
a0276da1d0ea3818aa238b8a7cba29e1aa4468da0445c74a835fa59b0e4eb020,2025-11-01T20:17:33.973802+00:00,2025-11-01T20:17:38+00:00,229
81487f18b213a5eeebbd2f226226075bf0c36fd3dea418704be420678d559ecd,2025-11-01T20:17:34.095350+00:00,2025-11-01T20:17:38+00:00,229
2bf64d77c944bfec778901c90a5c0fc4bda5a6897211a331fbd305829dd7536a,2025-11-01T20:17:34.222055+00:00,2025-11-01T20:17:38+00:00,229
8e57143edbe48f844c1e598f81573e6c749cd252cc657d7de5a20f9cbf9ab256,2025-11-01T20:17:34.349401+00:00,2025-11-01T20:17:38+00:00,229
92e59ea0d7f6206ca2dae5d03c1af008aca19d260fc44011f2f7f818ec03370e,2025-11-01T20:17:34.476793+00:00,2025-11-01T20:17:38+00:00,229
a179506a31908c40add7627ef39260aaf933775b681adfce7537044278fa3c9b,2025-11-01T20:17:34.609028+00:00,2025-11-01T20:17:38+00:00,229
d4c8be9ab44a9953074e4250b37280ef163379e89c24b786cd42d4cd6b9ece07,2025-11-01T20:17:34.735208+00:00,2025-11-01T20:17:38+00:00,229
f47ea3beb1c5c6719c9a542abf8fa5fc54978ca1d95b6b3b911b0b554439b9fb,2025-11-01T20:17:34.865415+00:00,2025-11-01T20:17:38+00:00,229
ef3281b19e865d2019cd6040ae8c7be264701d4a8e75ca47c8a4b515ed7133f0,2025-11-01T20:17:34.993126+00:00,2025-11-01T20:17:38+00:00,229
1bbe02ca8db1548eea5aea4073c1afa7904ad7eac6a794086b59a7ea1c1c6e7b,2025-11-01T20:17:35.122405+00:00,2025-11-01T20:17:38+00:00,229
7ead5841350cce3d22576c117b4702b801b3065ec7527904f30d008b627c292b,2025-11-01T20:17:35.249989+00:00,2025-11-01T20:17:38+00:00,229
788b3823216ee1bc64be9201907222d905a7cdeb24d816caa4f98ad5a7815019,2025-11-01T20:17:35.381921+00:00,2025-11-01T20:17:38+00:00,229
9ca8d3b6f1292a0fa52e2656edd749c5062dee32ce1ef3af315477952fd72fee,2025-11-01T20:17:35.509687+00:00,2025-11-01T20:17:54+00:00,232
4fe345c44ea08e1612427bc2e0c5f6877f62c35ac3d74aaf21d23bdfda86c385,2025-11-01T20:17:35.635765+00:00,2025-11-01T20:17:54+00:00,232
8a4cf652fe8f61837eb93af6ce6881f0a74f06e8743ab3e621d45d6b6a999137,2025-11-01T20:17:35.771384+00:00,2025-11-01T20:17:49+00:00,231
4bb01ddcd50b596757e515d365ca693e880d536e4573b7f32f1d9d8c38c96583,2025-11-01T20:17:35.905434+00:00,2025-11-01T20:17:54+00:00,232
26dcb24f677fb7b2797dfa4afd3a90945ee195a8ddc131f2dae6771c0c03886f,2025-11-01T20:17:36.031792+00:00,2025-11-01T20:17:49+00:00,231
a091739e2c7ddbe4f1ff56585e9e5cb0e0bedff2035110d37e38e265eebd9704,2025-11-01T20:17:36.157347+00:00,2025-11-01T20:17:54+00:00,232
06cc7b6b08cc122a629e4d46a1756fa464f958323f49b70800964ccbeb85861f,2025-11-01T20:17:36.282899+00:00,2025-11-01T20:17:54+00:00,232
b16893fc6f073f4c13b43855cbdb471794f58e6cfd49b9670f10660ed4be7d27,2025-11-01T20:17:36.412718+00:00,2025-11-01T20:17:54+00:00,232
1b2f02ff315864e1e1ec0e96e2dcbfb67b134ed5abadcb24779b068df07d20db,2025-11-01T20:17:36.535919+00:00,2025-11-01T20:17:49+00:00,231
f34c23493d8024e4b8637c66809f76f25d6ca5eb4bf244943c3d2d000b06e5fe,2025-11-01T20:17:36.660993+00:00,2025-11-01T20:17:49+00:00,231
7bec1c907eaefe89be5f17f9acd9c8f29fdbe0e81e65c03c615abb73db3f5024,2025-11-01T20:17:36.782094+00:00,2025-11-01T20:17:54+00:00,232
6f95a2431ec0b3327b87af41af48aafcff61cc72054e3a29185c58f2c086b43b,2025-11-01T20:17:36.905328+00:00,2025-11-01T20:17:54+00:00,232
f7c7357c3def6f5f5bccdac2b1c8f21a164811c8f541b5991ea3b404aecfea10,2025-11-01T20:17:37.026715+00:00,2025-11-01T20:17:54+00:00,232
a00fe7409ff904a56560f19b09c2e263b008b4012bd34c7e38e509528873a960,2025-11-01T20:17:37.157309+00:00,2025-11-01T20:17:54+00:00,232
95c7891be79d961b7435505b6a9d79b9d85688f789a31fba4b5349b401a7708a,2025-11-01T20:17:37.279978+00:00,2025-11-01T20:17:49+00:00,231
9e91a667363c8711bbb18b2299a9c6aef7f5b4a4704e758ca32ad1630c3174af,2025-11-01T20:17:37.405269+00:00,2025-11-01T20:17:49+00:00,231
69ca5dcfe27cfdc409e1d9ce30a5da731a0429893ea2a0d2ea77abc26f5508fa,2025-11-01T20:17:37.529928+00:00,2025-11-01T20:17:54+00:00,232
34614575b96525200fe78f67ac45ac89f8bf95c397dcf74dda0c632a6a311dba,2025-11-01T20:17:37.652798+00:00,2025-11-01T20:17:49+00:00,231
d4e4d495e8809640b5fa721e367e778ff8571ed30e6894c216b5b3d089352d7c,2025-11-01T20:17:37.775535+00:00,2025-11-01T20:17:49+00:00,231
37515dc7017abc38a8c018fef11c10269e28d17df85e76a6d709c7783bb449a2,2025-11-01T20:17:37.905945+00:00,2025-11-01T20:17:49+00:00,231
969b10d14e1bc13564447bc9be632d55caa18b342e9d81daa825e1269738fa67,2025-11-01T20:17:38.036213+00:00,2025-11-01T20:17:49+00:00,231
fd9d7a1222247c3d16bb32ce61a8978417c1e02600fae3862762996fa9560bc2,2025-11-01T20:17:38.173722+00:00,2025-11-01T20:17:49+00:00,231
dad86838c7cf4c156273404e361355010d3fc3255549b100356d46c6b5e88ff7,2025-11-01T20:17:38.310288+00:00,2025-11-01T20:17:54+00:00,232
781d8b478b6ee2c0239a89922170e59b99f8622768c18b8ae0703fc626613f9c,2025-11-01T20:17:38.644703+00:00,2025-11-01T20:17:49+00:00,231
191bb06f6b869acbba7a677118e5e91d493e181b81f309422c2196ddf3ab877d,2025-11-01T20:17:38.767657+00:00,2025-11-01T20:17:54+00:00,232
9f9fea30103e319f6a7c5feb9475e6ae568d0f5922ec1b21bba11ab05896310c,2025-11-01T20:17:38.890756+00:00,2025-11-01T20:17:49+00:00,231
d9b29174c0599579d9c2e6a5ab80ce58d4735bba25524be19dad5426e6c3803b,2025-11-01T20:17:39.017487+00:00,2025-11-01T20:17:49+00:00,231
8a88eaf7e3ee67712d5b8d58d6d05391217853a8e161f14a2b6a7d5effc7c5db,2025-11-01T20:17:39.145709+00:00,2025-11-01T20:17:49+00:00,231
25fa4be40f25af34136883570f422f479bf023a8de0f4c25f92b20930f20e3e8,2025-11-01T20:17:39.283520+00:00,2025-11-01T20:17:54+00:00,232
1d4d38d8e44d5abbc17e94cbf416357be635469b46e6606ed12df4700007e179,2025-11-01T20:17:39.411086+00:00,2025-11-01T20:17:54+00:00,232
cc7dc1e94c06896504338310ca618e2c9aa5fd9688be4e5976f40e9a05a888c8,2025-11-01T20:17:39.535961+00:00,2025-11-01T20:17:49+00:00,231
7ec8644e597279d86f86829c317b52dadef08c81390796fc2f76b3aac4471b04,2025-11-01T20:17:39.666302+00:00,2025-11-01T20:17:49+00:00,231
021cf5785207101b5b2e0b446c4bf3965c18b66d15a0f4574eff501c7c13e8da,2025-11-01T20:17:39.796520+00:00,2025-11-01T20:17:54+00:00,232
63f456c25be4c86461e6cf7c38d3ba319e248d1dd2e3f8fcbf8756a68c784262,2025-11-01T20:17:39.928417+00:00,2025-11-01T20:17:49+00:00,231
4755ee6ed7e0aa9170edcfceccf3e6e104096f7dc529cfaab8b0043a1d351325,2025-11-01T20:17:40.060501+00:00,2025-11-01T20:17:54+00:00,232
160f30016a8d011e461b755cd9484923d88b9af1f42f95e3ee1977c3e53ebfa9,2025-11-01T20:17:40.195612+00:00,2025-11-01T20:17:54+00:00,232
5048eb4ac66c7ac2477c6fe849a63cf5d2ac55691056fcd832ade073fc5ebdc7,2025-11-01T20:17:40.320794+00:00,2025-11-01T20:17:54+00:00,232
b6a10ae78eddcdb484ec4312306537d321e32aa8198c5c51057c93e803a18f0b,2025-11-01T20:17:40.448878+00:00,2025-11-01T20:17:49+00:00,231
9efe24a167f09374259d504a36cc3c39dc3f495d02b64bf8327b59efb7af3448,2025-11-01T20:17:40.577780+00:00,2025-11-01T20:17:54+00:00,232
2826e31e529c3ccafcedd324f062372b252308392f16208cf7bbfc9473b0178a,2025-11-01T20:17:40.710312+00:00,2025-11-01T20:17:54+00:00,232
f2142c63ff5f09f5698465da2d48bac4ac45b528e3fc58571545e5e818254165,2025-11-01T20:17:40.841466+00:00,2025-11-01T20:17:49+00:00,231
f57887d61a535a19ea6fb8bdfde5211a750fad1ef3c423d96575db1df5557286,2025-11-01T20:17:40.975945+00:00,2025-11-01T20:17:49+00:00,231
0ed5110ff2b4f19619e53636c9d3f0f4c22be343d62377defb412ec3318868ad,2025-11-01T20:17:41.106291+00:00,2025-11-01T20:17:54+00:00,232
57c8c8315b827fe3d827c64f61e12e985f965bae6fb8c05996e8dc66a9280c65,2025-11-01T20:17:41.233996+00:00,2025-11-01T20:17:49+00:00,231
a76aa883de3fcf6e1be3b3ffca4ef0cdaefd4451cb3ef6a89daee4481d7c7bc2,2025-11-01T20:17:41.366883+00:00,2025-11-01T20:17:49+00:00,231
412747f5954431ca6e484d25cec05fbf514f7140f675539b79383bd759b21c4c,2025-11-01T20:17:41.491578+00:00,2025-11-01T20:17:49+00:00,231
bcd4e311f3ed78192cdc01900d5c6f098cfc428d9da7d52f5e24314e0806a3e5,2025-11-01T20:17:41.621565+00:00,2025-11-01T20:17:49+00:00,231
4f8941e0189762966a3bbef0518cc25579f9c3df2b234fc4070383621b4ef8be,2025-11-01T20:17:41.748406+00:00,2025-11-01T20:17:49+00:00,231
84578e1ca8ef650f78e7523c9e8389316592fde5bca4d900d3103abbb69144a5,2025-11-01T20:17:41.884050+00:00,2025-11-01T20:17:54+00:00,232
f47885363e87d66c889400077d3f7da240f1008075424b1d5da28a3336f209e3,2025-11-01T20:17:42.007099+00:00,2025-11-01T20:17:54+00:00,232
952f3559fc6b498db02f6e468f6280e66cf10c3b3e7e23a77a6908ba22e86906,2025-11-01T20:17:42.141821+00:00,2025-11-01T20:17:54+00:00,232
fa09f955568f147215428b3cbd4eb5388a0f5527bc83e405fb510536d38f4c87,2025-11-01T20:17:42.261471+00:00,2025-11-01T20:17:54+00:00,232
dfd568a831556e0371b786ec48cbd60dc6302e118ee77728b051d637fe0ddd2a,2025-11-01T20:17:42.385014+00:00,2025-11-01T20:17:54+00:00,232
1bf1121462fd0b750511e18b893afb0b7f9ca1463273c08d4dca72de9d022d2b,2025-11-01T20:17:42.516843+00:00,2025-11-01T20:17:49+00:00,231
7076591890ee5c2776657c78135a6057a7b17325f947f08a1646a6a5c036465b,2025-11-01T20:17:42.639838+00:00,2025-11-01T20:17:54+00:00,232
f04fc1437871b88a3d4d816f0d714b9627ebb471ec7b385c6a335f91cd62cce0,2025-11-01T20:17:42.766405+00:00,2025-11-01T20:17:49+00:00,231
572090ad76012dd88b3713fefad8114b0c515c381c81895e689c83afc836dc6a,2025-11-01T20:17:42.893443+00:00,2025-11-01T20:17:54+00:00,232
f6fd2abe038fa612db7f81a4076fae28c6947b25a6472fae4a4a7184af35497f,2025-11-01T20:17:43.016303+00:00,2025-11-01T20:17:54+00:00,232
6cb707ca30c12e54a3594b9850b12c3594bcd054b23c81d349abee470f7c86c2,2025-11-01T20:17:43.140868+00:00,2025-11-01T20:17:49+00:00,231
12300e061d23e80ad4a62dc406d33cee338d3cad53c9a4834280ba15c658d22e,2025-11-01T20:17:43.260403+00:00,2025-11-01T20:17:54+00:00,232
f5ba5c6d96d4e0bc89ae218a1c030029c93035f959fcc0a85526a2a002380afe,2025-11-01T20:17:43.383559+00:00,2025-11-01T20:17:54+00:00,232
49a69d76b5bf602b278973d51188d90adbd935e8dd784eacb9895e2ffb9bb368,2025-11-01T20:17:43.508340+00:00,2025-11-01T20:17:54+00:00,232
6ae598ccdb8fccb31fee4927922541e9dc47cd1ff2cbc4df3807f366671485a6,2025-11-01T20:17:43.630932+00:00,2025-11-01T20:17:54+00:00,232
d97ee3aaa98570ab712d1085d69f05ae85052bac6323074e6172c9f3e33adf76,2025-11-01T20:17:43.960441+00:00,2025-11-01T20:17:54+00:00,232
46713e79d95c4fc7bc4ae325b6c0977764f7edc24f896e7afd4fc6fbd5ffa188,2025-11-01T20:17:44.088801+00:00,2025-11-01T20:17:49+00:00,231
ad69b5dcc85b788452682604dbe0d2a5a6dc3a73f125ccd34c312724419a8f45,2025-11-01T20:17:44.211356+00:00,2025-11-01T20:17:54+00:00,232
47b826da2f121dd4081d57c2b8590e7a3db6c7664ecb0709f6a69acf05e036b5,2025-11-01T20:17:44.340057+00:00,2025-11-01T20:17:54+00:00,232
109ccac4c97a1a8dd8e048d55fc41b12462b3e85efab699b4685480238fc75bd,2025-11-01T20:17:44.467370+00:00,2025-11-01T20:17:54+00:00,232
edb1d2e847c073c49e2e0e53188fdb8ad054474ab802234dfd7e054a2ba06bed,2025-11-01T20:17:44.596143+00:00,2025-11-01T20:17:49+00:00,231
05e26ac31bc489f164a64d0b75fedb64e86539aa662a024a9b9468627963b9c2,2025-11-01T20:17:44.722225+00:00,2025-11-01T20:17:54+00:00,232
13b76d77259556675a32e497ec5593b4678a3a426b187e2b4085f8394b5c2cd9,2025-11-01T20:17:44.857257+00:00,2025-11-01T20:17:49+00:00,231
eca04dd1e08a09a6921fe8d90c7237e05a8b2d7c68929be02bf574fc273041b1,2025-11-01T20:17:44.988670+00:00,2025-11-01T20:17:49+00:00,231
046d07fd7846b2f9260eb273069c148a8b3fe768a2d45e0e5a7c072c50b7931c,2025-11-01T20:17:45.119517+00:00,2025-11-01T20:17:49+00:00,231
ce68c7e037771620e2a156bc35b3b5850dde97647f7def9e194db310268f8288,2025-11-01T20:17:45.254477+00:00,2025-11-01T20:17:54+00:00,232
bc92709a8857bc253c87f5776186019c7eaacd2ced99bfcecf41a359a31cbbe4,2025-11-01T20:17:45.388461+00:00,2025-11-01T20:17:54+00:00,232
b3fd707217e0956f2f21f092505fbd7fdd15346534e792c0ea214961b513d070,2025-11-01T20:17:45.519122+00:00,2025-11-01T20:17:54+00:00,232
bc86172164728d9898e2a3f981a0a28a0a95f5e071d338865314317925beb480,2025-11-01T20:17:45.646319+00:00,2025-11-01T20:17:54+00:00,232
14a7bd25e40fa78b6578ab084a525f6b50f3a14962a2f47cd6e8e0b05b3b9628,2025-11-01T20:17:45.775990+00:00,2025-11-01T20:17:54+00:00,232
355f512f42e540f1306ea925c5c69f1c8401062c0e2feb6534ba71ccdbf4ffd0,2025-11-01T20:17:45.905908+00:00,2025-11-01T20:17:49+00:00,231
3ea97b91063e0dab3e35e2994c22e0b363d9f4068e0bff77f398c71cb6333fd6,2025-11-01T20:17:46.033564+00:00,2025-11-01T20:17:54+00:00,232
9ca0b6619910deea2ae9dca0bc0fc0ba8019cd21db5acfde0634a60405f0a4ac,2025-11-01T20:17:46.166283+00:00,2025-11-01T20:17:54+00:00,232
5155b74528bd1c15f2d38bbb55b21897102b83da10a519890f98d88d329c0e09,2025-11-01T20:17:46.298514+00:00,2025-11-01T20:17:54+00:00,232
51fcc6c940821efaef0982318a42e61b22c609d89315687a633b954742e01557,2025-11-01T20:17:46.432527+00:00,2025-11-01T20:17:54+00:00,232
c9c6167ef2ff7ce539bda400ad0216b6916902fdcc71844042e57dc807406608,2025-11-01T20:17:46.558756+00:00,2025-11-01T20:17:54+00:00,232
7607699c2f12fbe1e58dce57febbef36eeb1378c95f58daa856180fc6ef00a7b,2025-11-01T20:17:46.684407+00:00,2025-11-01T20:17:54+00:00,232
7cf52aa927cc03ea35bf36bde20af1c4036fb72542cfe9b0d7cd8be119d696a3,2025-11-01T20:17:46.804961+00:00,2025-11-01T20:17:54+00:00,232
484593c86d042a17b56bc5c0650a424c51b4194d3236f853b926bcb3a9fef589,2025-11-01T20:17:46.939065+00:00,2025-11-01T20:17:54+00:00,232
377c26b5fc591408fd4c8362b54fbafb5a2c25669f4cc579103198963e72a6d7,2025-11-01T20:17:47.060932+00:00,2025-11-01T20:17:54+00:00,232
b4ae9b6c6fc2e352a48b96b8831567b2974e585ed9bf56fab9efebda79b64d8c,2025-11-01T20:17:47.189746+00:00,2025-11-01T20:17:59+00:00,233
4ab2e4ed0c0d0ac9d9228ba6b739a14bc36f967f62c112c013b3b4450e4493f3,2025-11-01T20:17:47.316082+00:00,2025-11-01T20:17:59+00:00,233
b1e35414c217535bd6535614735e1c0182cd54741628baef7945d51567e41596,2025-11-01T20:17:47.439930+00:00,2025-11-01T20:17:59+00:00,233
1e1c042a181274f5ae8dbc2765d0b984ad7edeaf9f6ae2e9dec98fc5776351ea,2025-11-01T20:17:47.562748+00:00,2025-11-01T20:17:59+00:00,233
1fc23ebb1c52e611e36194c5d43365846b5433882b05e49179b2c10dd1a463cc,2025-11-01T20:17:47.686621+00:00,2025-11-01T20:17:59+00:00,233
0eafd6ac991f7533af2ed43ace813f8b8bddef269e05bd96f78bb369ecdde63e,2025-11-01T20:17:47.810795+00:00,2025-11-01T20:17:59+00:00,233
9fb8cecfe1551e2bf3c70d60e7f0931dfc892ae6a56ee53ceea2722cc3b0e57b,2025-11-01T20:17:47.933662+00:00,2025-11-01T20:17:59+00:00,233
bc6fadb97211f542a2d91eb79883dd9b4e87344fc2893f8013cda12fe2155221,2025-11-01T20:17:48.061498+00:00,2025-11-01T20:17:59+00:00,233
afa107feff1b36215d5196625bbd0a14b9b3a7bd40979db342a9d93fb103c799,2025-11-01T20:17:48.193472+00:00,2025-11-01T20:17:59+00:00,233
4aff4a4bc077eac0ffc2108f5f416a25baccafb14f8d282b6ceb10debb4d8a46,2025-11-01T20:17:48.316003+00:00,2025-11-01T20:17:59+00:00,233
8ce062c1e64dacfe75ba99ac9237cc3663f2273c63475a833f43519966347e33,2025-11-01T20:17:48.441838+00:00,2025-11-01T20:17:59+00:00,233
c0c06c8aaed1bc3c27b8e0574e0b06d74d723d733a5a8f1fb98c7caa025b167e,2025-11-01T20:17:48.559803+00:00,2025-11-01T20:17:59+00:00,233
f78dae48606b76d7b4d645980fd95a5e643f586ca7359c5d9785edff6bed8d32,2025-11-01T20:17:48.682581+00:00,2025-11-01T20:17:59+00:00,233
16f2a366c87c23077208ccd469e151f15d350cfc50811469b65fb70bb779254a,2025-11-01T20:17:48.830973+00:00,2025-11-01T20:17:59+00:00,233
0f223e16acb15e83844d341f4b7407c0703583995d487491abb88e54d7f72649,2025-11-01T20:17:49.007280+00:00,2025-11-01T20:17:59+00:00,233
c8c7078c4c280100b953980d4ee39e5371cc6dade1689b8d1feaeae1c1c0bc5d,2025-11-01T20:17:49.412973+00:00,2025-11-01T20:17:59+00:00,233
c91d5ae364cad964ba318d3cd48938dede62aab9a63fa63d0d0bb716acd249b4,2025-11-01T20:17:49.533895+00:00,2025-11-01T20:17:59+00:00,233
45eabc14ebb2174dc3f36c8da6f943be8dd38fe1554fec030d261d9c6e9aed7a,2025-11-01T20:17:49.656999+00:00,2025-11-01T20:17:59+00:00,233
7ee62fc8ae6f178f6610f87d43cc77b274bd59a406c84aca0c65a0f112dd759a,2025-11-01T20:17:49.778429+00:00,2025-11-01T20:17:59+00:00,233
14429f4db064e341103dc6e32a2c2d860634988accb597294f96ccf27ec76228,2025-11-01T20:17:49.901980+00:00,2025-11-01T20:17:59+00:00,233
dbb369356b88f89e1cf38c6b516ef41684b734c1bd29f5e1ed6167b30f16aff6,2025-11-01T20:17:50.026413+00:00,2025-11-01T20:17:59+00:00,233
4023b040d09a0fddb483256558b2da7cb87774dbcf821b47122941e09402f221,2025-11-01T20:17:50.154950+00:00,2025-11-01T20:17:59+00:00,233
b8bbd62a62d802f7183a6625f8dabce3fad5121f499938f8800358db1a564405,2025-11-01T20:17:50.284818+00:00,2025-11-01T20:17:59+00:00,233
2928fe517b3dae6cfed1d43d188cb7900ddb6404ed14fa13c5a16618da23f863,2025-11-01T20:17:50.407718+00:00,2025-11-01T20:17:59+00:00,233
84e92e05b31cd0c505e9a06f0d27040c2398ce331484e43ac4450b630f3cf715,2025-11-01T20:17:50.532373+00:00,2025-11-01T20:17:59+00:00,233
d29a34554c1b33644c2d0e4e508c352169a4401ab8efa3acb8d2c85c587f7734,2025-11-01T20:17:50.662213+00:00,2025-11-01T20:17:59+00:00,233
4aff2fa17f5c361449eebc6993d5d78d4979a2521a76732a0d19fd1bf1cd7cb7,2025-11-01T20:17:50.788602+00:00,2025-11-01T20:17:59+00:00,233
5faecd06fb260c72b370d493898e66f1707730fdf142ce237e65a62bde9ef363,2025-11-01T20:17:50.917667+00:00,2025-11-01T20:17:59+00:00,233
a1a0315aa5eebe94d365d26a1828adcdfdb82ffa7f8d4a8e60fc80eb5d0299ea,2025-11-01T20:17:51.048598+00:00,2025-11-01T20:17:59+00:00,233
278d64afc5341ba259209341fe767cdaf62d91946b454d616d2bbd2c18c0821e,2025-11-01T20:17:51.180256+00:00,2025-11-01T20:17:59+00:00,233
5da1be9f2375e0ba1805ea9f7b0dc8b4e1b16a30788dfa0d89abf10a382a68dc,2025-11-01T20:17:51.309750+00:00,2025-11-01T20:17:59+00:00,233
7d6e43ed0cc0590fb307a236fae0524ba860cb9306f2dcf66fd2be0a25a326fc,2025-11-01T20:17:51.445821+00:00,2025-11-01T20:17:59+00:00,233
646d602b2bf18b67d7e40dbabb32a7cde766a9f0263ca8989b78e4833c6c4e0f,2025-11-01T20:17:51.572652+00:00,2025-11-01T20:17:59+00:00,233
3f14f7bb34bdae399610b9f6f800a7a6b80f69657a834b8e9355def0020c3d51,2025-11-01T20:17:51.698588+00:00,2025-11-01T20:17:59+00:00,233
1955707b1875fb29870acb78a226c74f70e466121c549205cbb63141dd55df8d,2025-11-01T20:17:51.832558+00:00,2025-11-01T20:17:59+00:00,233
7599e7b03f66e7f04193df6876fff5156bd87ced4fc18bc66f30d33e38cccafd,2025-11-01T20:17:51.953649+00:00,2025-11-01T20:17:59+00:00,233
57edeb2e70b76c3de58ad2b74021072ba478fd411af9bb608d4cfd9838412bcd,2025-11-01T20:17:52.080760+00:00,2025-11-01T20:17:59+00:00,233
7c033875f335682a994602b09e86b4f142c3126916249e6d980795c95a8c5711,2025-11-01T20:17:52.204999+00:00,2025-11-01T20:17:59+00:00,233
daf6873dbce4a7becff26ca3a8ddc600404f77506175cbf5408d0bcce11de2ea,2025-11-01T20:17:52.328591+00:00,2025-11-01T20:17:59+00:00,233
e7fd352594c03ee50da6006eda43b55534eb9afa3cfeffab64163fd15f4838fa,2025-11-01T20:17:52.466750+00:00,2025-11-01T20:17:59+00:00,233
2f7a683ea7fd435e04fc4649e43b34c0f3c05dfd4d62ae953d6b89bcf7336072,2025-11-01T20:17:52.589691+00:00,2025-11-01T20:17:59+00:00,233
f283a06ad2c4ce7068bd82401d56b6f6ce7c0ee352184ad835779aa7598c920c,2025-11-01T20:17:52.716745+00:00,2025-11-01T20:17:59+00:00,233
e33ed9d722c1a3a8957d87783e7befb01b1e34fabeb7f9acfbd0992482ab81fd,2025-11-01T20:17:52.844507+00:00,2025-11-01T20:17:59+00:00,233
c87ea8820044bb61e2d73e74e8a8f0caa91cf44c12de4d90b36de293893f5409,2025-11-01T20:17:52.967856+00:00,2025-11-01T20:17:59+00:00,233
1ce6a3ef1a3255d65ba55a4b727e5603ac153515665860946f5f2231609a6b8f,2025-11-01T20:17:53.096183+00:00,2025-11-01T20:17:59+00:00,233
12e069bd8301741c036554c2eb7e5e6701f92b928077d52051ff4398b95c9c7d,2025-11-01T20:17:53.218081+00:00,2025-11-01T20:17:59+00:00,233
d24cd3dff0d38922c3c33848039bc6f1680c4db8d794bc5ff493dda17ecf6322,2025-11-01T20:17:53.343760+00:00,2025-11-01T20:17:59+00:00,233
efd18db1abcf643c287cfc21a934139e5d1e9e6580c93633303d9d969d0dc89f,2025-11-01T20:17:53.473101+00:00,2025-11-01T20:17:59+00:00,233
a0a50ecdd36c123780aa5ad3109b233526ddff1d77886362205f5452c9066614,2025-11-01T20:17:53.601045+00:00,2025-11-01T20:17:59+00:00,233
4eca7b88a1f79b6fa79ca22dd7596bfac4c45d33714df9785a0b891014d25655,2025-11-01T20:17:53.731526+00:00,2025-11-01T20:17:59+00:00,233
e8d257ecab878b1795df5960b7757c75b6ce5894ce880f4fc5c9cd8930a593e7,2025-11-01T20:17:53.854016+00:00,2025-11-01T20:17:59+00:00,233
d3afb7909c6583717568215841f2761df7e87c37b3e9a0c1f6a1b21ba609f94d,2025-11-01T20:17:53.979254+00:00,2025-11-01T20:17:59+00:00,233
88948ae30bc0c13fbf9da6c89b7efd718b949dc00bee3ccc12d05d388fb358f2,2025-11-01T20:17:54.104975+00:00,2025-11-01T20:17:59+00:00,233
62c12ec6b37fae8459a2ef713c82429c75575ee7d79af5b5098c72712d1dd68b,2025-11-01T20:17:54.229188+00:00,2025-11-01T20:17:59+00:00,233
13cc6a45cbe748c7d023f7f45f6849c0217ff9e9bae08fb0f641eaacf29a3d2a,2025-11-01T20:17:54.576772+00:00,2025-11-01T20:17:59+00:00,233
b5344a222a5afcf1f433cebe99f4b0758dc33d9118ddbc3e2cdad39408142d0c,2025-11-01T20:17:54.705481+00:00,2025-11-01T20:17:59+00:00,233
9127a7ceb90916a0e0a0291d916db73db7db735230458dcbf4149af5a233ccb3,2025-11-01T20:17:54.831426+00:00,2025-11-01T20:17:59+00:00,233
190f53a07795fb1df373992b8f9a8acb03e3e118f276c62ef6102310ec2a643a,2025-11-01T20:17:54.954569+00:00,2025-11-01T20:17:59+00:00,233
40bc1554476598d5545bf394f1691d65f344645a69986b6c126512783488c35f,2025-11-01T20:17:55.079655+00:00,2025-11-01T20:17:59+00:00,233
aa6bfbac22b2993bf6e09b3bfefaf86a5c604d6fd8f18903900bde1816e63ce5,2025-11-01T20:17:55.204948+00:00,2025-11-01T20:17:59+00:00,233
af700d5bc46b2e72aa7ce8ad3ebd19c8149e705a1e96299e3b47917fa0a50218,2025-11-01T20:17:55.328387+00:00,2025-11-01T20:18:04+00:00,234
2e453bfbf66de73fc326c2559ba12bc2ee4928cde1b3e953ed37b3c4bb1d5cad,2025-11-01T20:17:55.453693+00:00,2025-11-01T20:18:04+00:00,234
c9115e372087b6553b8805dbaedcf88d3e4ecfa14dc7acab4ab3eaef66931fa4,2025-11-01T20:17:55.575209+00:00,2025-11-01T20:18:04+00:00,234
268b45cc687643e35ffe559a7b24791b60b14f9b93aae657b52428a3343bd942,2025-11-01T20:17:55.701769+00:00,2025-11-01T20:18:04+00:00,234
d6f2cb342628ad555dde93dba0ae23dcdbeacd0f972bef129f86031c692d58e2,2025-11-01T20:17:55.831777+00:00,2025-11-01T20:18:04+00:00,234
2d8541edc6df510434a137cc8c201d3d403dfe675d30d2c8cbb3e302e77726af,2025-11-01T20:17:55.952954+00:00,2025-11-01T20:18:04+00:00,234
dd46e2acd99c61739abbbe8d32e06b6d7372e19c3a505186daecccc8d9f3c5a1,2025-11-01T20:17:56.080793+00:00,2025-11-01T20:18:04+00:00,234
b6c703cd1ae018e8d0b9777c07394ddeec497fbca56a8ba2fd5309f5606f4f67,2025-11-01T20:17:56.211835+00:00,2025-11-01T20:18:04+00:00,234
e062ac119785dde273d7e62d9dea734b94f2dc1780e0a99a4d8d6b75fe9b4734,2025-11-01T20:17:56.340674+00:00,2025-11-01T20:18:04+00:00,234
1ecacf414219cfb41bc3c087a2288a0aec3f585fa7f77373b9a4f479ba49435d,2025-11-01T20:17:56.468435+00:00,2025-11-01T20:18:04+00:00,234
ca5ddcae228289f89a90bf0f44bfa23dd3206009e56a16f909c41ed0160ac09a,2025-11-01T20:17:56.599808+00:00,2025-11-01T20:18:04+00:00,234
ff6a86bb63f13b51de4cdd9db32e9b0c10f3beaa9796f0207a90a480049eeb81,2025-11-01T20:17:56.720188+00:00,2025-11-01T20:18:04+00:00,234
eb3c25ca8a15556d23d045f70c52d55654808a457e55cfbfe2e639d34c2e9fe6,2025-11-01T20:17:56.849027+00:00,2025-11-01T20:18:04+00:00,234
7aa3de6c407d40261f3866b4ec7783d9bd95f2121f480422c3db002cd9b34d91,2025-11-01T20:17:56.976267+00:00,2025-11-01T20:18:04+00:00,234
5589eea819df2cc974570f35844893b76683e6712196a944148846702b904fdf,2025-11-01T20:17:57.099186+00:00,2025-11-01T20:18:04+00:00,234
a71f5d070a483868e7aa7d2c7c9dbf5b9107f2b95fd59b6fa33fab22a81b9ad2,2025-11-01T20:17:57.227837+00:00,2025-11-01T20:18:04+00:00,234
8357907eecc806560409557adc088ae92eca66e6984bfcbe81cddc2992a2a8b6,2025-11-01T20:17:57.350269+00:00,2025-11-01T20:18:04+00:00,234
6e96a7d06ace2c3311cafbf3afae369858c0c4a5ae2433768067718f47dfe5f4,2025-11-01T20:17:57.480216+00:00,2025-11-01T20:18:04+00:00,234
6caac41762618c3c04c9213f710976fc7aa7801c45d2ec5df03489b3e7f6ceb7,2025-11-01T20:17:57.612992+00:00,2025-11-01T20:18:04+00:00,234
336682705bddbc048fa409347a368373634495894248f8ec309b94520111689f,2025-11-01T20:17:57.742814+00:00,2025-11-01T20:18:04+00:00,234
bc26b0f55b4f4268f0cc73c20de9c6e2897d7d3671586960779816dbbb2361b8,2025-11-01T20:17:57.870902+00:00,2025-11-01T20:18:04+00:00,234
2e597415b8dbea11ad700753653708e144d8ce4f0ae644ebb3b99a1faf43f9e5,2025-11-01T20:17:57.994758+00:00,2025-11-01T20:18:04+00:00,234
273dc871ca50e450b366f997ccac1da27305938428745b176667f1f938cba87d,2025-11-01T20:17:58.120830+00:00,2025-11-01T20:18:04+00:00,234
0c5e08785601c1f810b668a6a317884a7f29765fe68a46483d785eb18a1209af,2025-11-01T20:17:58.246481+00:00,2025-11-01T20:18:04+00:00,234
0443d5718eb7d4e04376125fca527e969b3747ba4a27029ba94335b389cc6c0c,2025-11-01T20:17:58.377822+00:00,2025-11-01T20:18:04+00:00,234
0afb1c504ffd274b4d007a528320de95f023b805dc791d3aa6c817f522bc129d,2025-11-01T20:17:58.507540+00:00,2025-11-01T20:18:04+00:00,234
c3505f5b6c0a6cb7497453a64b45b3a99f3239a6271297477d1de0c80c3ec916,2025-11-01T20:17:58.638174+00:00,2025-11-01T20:18:04+00:00,234
cfc51f8424a209c3e73e89e27a60e906738ef77fbbf2b6c0318e2b024087da27,2025-11-01T20:17:58.761685+00:00,2025-11-01T20:18:04+00:00,234
6a681a88d57d3134ff86c8415b9e1d1416de54f5c6d1b399bd1001615efbd1bf,2025-11-01T20:17:58.884849+00:00,2025-11-01T20:18:04+00:00,234
5b75500618affc3bcd5475aea7d003a4602073001c24a6c7d4c6f16985db6abc,2025-11-01T20:17:59.017202+00:00,2025-11-01T20:18:04+00:00,234
21a40158b8f43e1dbf0dbd7ced9021587d421cd2a614eb1283cfe952503c4b07,2025-11-01T20:17:59.155758+00:00,2025-11-01T20:18:04+00:00,234
6e3c0bb6ce255900c2be97f7d9755ee6f3b0b025edc95af23150aa211579e482,2025-11-01T20:17:59.282975+00:00,2025-11-01T20:18:04+00:00,234
724e17960c9df84402abd356bbb66b511fefb67dc7d062a6ac5ec739918a5f66,2025-11-01T20:17:59.431427+00:00,2025-11-01T20:18:04+00:00,234
097c771dff915f22e228f95976b2ae2b7681ccad6c1c795d1cf9fa4ed40471ce,2025-11-01T20:17:59.560582+00:00,2025-11-01T20:18:04+00:00,234
35cfb28044b2b282c0b9e70948ef7e9c15458b3849b629a3ff737bc0c1a8c00e,2025-11-01T20:17:59.928309+00:00,2025-11-01T20:18:04+00:00,234
e6160e051c36c037a07ae72081513e01df7821b562f6d83d9c1ee9c9139e7bb6,2025-11-01T20:18:00.056226+00:00,2025-11-01T20:18:04+00:00,234
b18f89fbd92bc35a165d6e461632e8977b853403969029c778eb94b30b7b0c13,2025-11-01T20:18:00.177781+00:00,2025-11-01T20:18:04+00:00,234
9ede8f5bf9160af619878d6fc93ae92ba473efe6b52446c68f33b84dd37de61c,2025-11-01T20:18:00.328920+00:00,2025-11-01T20:18:04+00:00,234
324b8cf41ea312e72cd6ba264f253cfdadcca2882046f0cdd70528b02a7816e0,2025-11-01T20:18:00.470641+00:00,2025-11-01T20:18:04+00:00,234
fffda3b7c50c0cd1cef8db9a9786b664b2e876544cee11927633900d2e5376df,2025-11-01T20:18:00.870748+00:00,2025-11-01T20:18:04+00:00,234
50ea878e69df4908cf6f4b166be6b4bc160053172731696f058d32cf66f62f9b,2025-11-01T20:18:01.146773+00:00,2025-11-01T20:18:04+00:00,234
513fcef712b05298a6833afddccfde796c50f1ec035130eeb6e700720d7b365d,2025-11-01T20:18:01.278199+00:00,2025-11-01T20:18:04+00:00,234
882eb6d38325cf92917a1126c6ff4008f3c63167e191bc5dbd11cc9e24cfbd4e,2025-11-01T20:18:01.431749+00:00,2025-11-01T20:18:04+00:00,234
307c5404500b90da6b3c500b47dd27dd95fb1f5db77d89bc7e9da5300a46dfa3,2025-11-01T20:18:01.559971+00:00,2025-11-01T20:18:04+00:00,234
01fc2735647789bdca6747994402721934dcfc6e688f0375c1dee6e9f5a4ab04,2025-11-01T20:18:01.685159+00:00,2025-11-01T20:18:04+00:00,234
bc5a838d735ee14693871155098188d24197dc887e2de73f436d14da90e46cba,2025-11-01T20:18:01.816703+00:00,2025-11-01T20:18:04+00:00,234
00a307424bee868b0e5aa149101287bf0511bd9f3b1976f99dcd30da704356c9,2025-11-01T20:18:01.943650+00:00,2025-11-01T20:18:10+00:00,235
508b82774f3b2f31ff1de5f78f14b81088d4ab9db319a1b51dba1cc91bb9790e,2025-11-01T20:18:02.068207+00:00,2025-11-01T20:18:10+00:00,235
d91beeee07f7fa252a457486032c3a806697863ef44d934fbbba0326a311e267,2025-11-01T20:18:02.229913+00:00,2025-11-01T20:18:10+00:00,235
56071ec2a922b75fd16243b4ae00e8381829f56e8a62b9a5932478b5618a4a62,2025-11-01T20:18:02.358604+00:00,2025-11-01T20:18:10+00:00,235
f86f2efb5289432755a58051e67ea707a2aeba14e30f803281d88334290daa19,2025-11-01T20:18:02.500378+00:00,2025-11-01T20:18:10+00:00,235
5fe0cf6e40af621ccaa888277b987612d5952d686948aa7e554b68e38cd882a9,2025-11-01T20:18:02.637811+00:00,2025-11-01T20:18:10+00:00,235
022e6bf9e5640d60eff9e127e8fe56512a6698001bd46b4d614fc1c8a05685ef,2025-11-01T20:18:02.766526+00:00,2025-11-01T20:18:10+00:00,235
0c2df92fcb5927af8f5988a34ea12476561d765f93c15db9683e9fb2e78f72bf,2025-11-01T20:18:02.952214+00:00,2025-11-01T20:18:10+00:00,235
2ec59fbce748562294aac65891caf4310a24982eda7cf38026eb01b1abe1430f,2025-11-01T20:18:03.081271+00:00,2025-11-01T20:18:10+00:00,235
edd5e2137524936c001f8023aac05b6516c484a76c94fd3db8ca0900316be24c,2025-11-01T20:18:03.212670+00:00,2025-11-01T20:18:10+00:00,235
b37a33dff6936cb2a25d3d3a826673ddbc72d21edab9cfbbde2cfbdc8533eef0,2025-11-01T20:18:03.352893+00:00,2025-11-01T20:18:10+00:00,235
c29ea2dc9d10bf8b9d6aeb9bf7ffcc42dc73c18fc770601544882bb5cf0667e5,2025-11-01T20:18:03.482547+00:00,2025-11-01T20:18:10+00:00,235
d18a2abb23640870b475f773f7107210d59a0a69b4dcb2179fd4737ae2fd836d,2025-11-01T20:18:03.608601+00:00,2025-11-01T20:18:10+00:00,235
366a8e91236cb34cccf181ff3706b9b5be827f413320be0cbc55200f272d01ea,2025-11-01T20:18:03.738452+00:00,2025-11-01T20:18:10+00:00,235
89a870b2a9b5ffa406fe678fa4027fbbb58921c73cf0beb68fbd8deec9b86592,2025-11-01T20:18:03.868226+00:00,2025-11-01T20:18:10+00:00,235
db67436cbe88e57e9bb8585b939acba9f36e19ec3037363d115e17531ae200d5,2025-11-01T20:18:04.005909+00:00,2025-11-01T20:18:10+00:00,235
c552af92e1f70a4b07bcbe4a600e10dd4bca3116defddf26d1a68327659fd956,2025-11-01T20:18:04.158547+00:00,2025-11-01T20:18:10+00:00,235
834aa275f4ce9e85408a97e2e0cdb244246f2caddd6ab009cabe400558db75fd,2025-11-01T20:18:04.289510+00:00,2025-11-01T20:18:10+00:00,235
f6b8e6aaf672f43be4f12df1ed69d86a604d68c5f8543cb1160a142ca3f6651a,2025-11-01T20:18:04.417682+00:00,2025-11-01T20:18:10+00:00,235
47a73e4b40288389ffaa0f8fba7fd5004368b3852b8ec87998a2810e2e4d669c,2025-11-01T20:18:04.543694+00:00,2025-11-01T20:18:10+00:00,235
73e209784fba0b6ca7c34b779e6428c8da716b825835f0d691e7dec14b5d5b47,2025-11-01T20:18:04.666842+00:00,2025-11-01T20:18:10+00:00,235
ba97db67158ebba3ac7d33779434f27ea7851c15ea19a257cd717f148e7b7cf1,2025-11-01T20:18:04.796488+00:00,2025-11-01T20:18:10+00:00,235
f3fa4b14d0dfca03421aae77a54e5f0a4962efed7cc19e4dcff8ed340fe35bc1,2025-11-01T20:18:05.163537+00:00,2025-11-01T20:18:10+00:00,235
1f4b64458ce122efecdf728011af3ffaafced983cb4f976132b8464800d3b474,2025-11-01T20:18:05.292096+00:00,2025-11-01T20:18:10+00:00,235
2a201c9192c448309f5bf6e32fcbf21a42326e04f87508c887669e828ee53d09,2025-11-01T20:18:05.423594+00:00,2025-11-01T20:18:10+00:00,235
6b5a14099f1103ef4c6e23080580ba4708d6a5c69b94a43a526360f2efc5543d,2025-11-01T20:18:05.566619+00:00,2025-11-01T20:18:10+00:00,235
24868c21dcb1f3d7f97a8467d32a8c86099a2d705ecf0c31e23d0707f07fcbdf,2025-11-01T20:18:05.695133+00:00,2025-11-01T20:18:10+00:00,235
2ae44c624ad90c5399b0b145e52890f456e42d20a6c8708d4c4f5bdcb476fd63,2025-11-01T20:18:05.823348+00:00,2025-11-01T20:18:10+00:00,235
dea6997cdd1b761c607b4777790758b944d3bc2a68ee88e4122f0c38f3da7973,2025-11-01T20:18:05.955773+00:00,2025-11-01T20:18:15+00:00,236
66e9615bdbe6b5f2184a14c2ce99be6fdfe5a7a694fd0c36f9624d7326ee7417,2025-11-01T20:18:06.082713+00:00,2025-11-01T20:18:15+00:00,236
34eb6a61395d985e30625b8ed2859c420e14098773e2a4de99775be423ba910e,2025-11-01T20:18:06.206285+00:00,2025-11-01T20:18:15+00:00,236
5699bc7d4208bdfd1d566a3c8d82ffaa28206c05ee41347be441d987ecc5ccfb,2025-11-01T20:18:06.333540+00:00,2025-11-01T20:18:15+00:00,236
cea0f6f4c3bca9897279690ce691f967de8427aa5ab59b8f2e156034bf34b956,2025-11-01T20:18:06.458394+00:00,2025-11-01T20:18:15+00:00,236
0b06f884cc0654d73444a5ba823c59516bf5c9e11855bd32fbd0e36765a8baab,2025-11-01T20:18:06.585864+00:00,2025-11-01T20:18:15+00:00,236
8df23d81e81755d07d4871f0d5660f973423c2d816cbaed2fcfcf5692124b182,2025-11-01T20:18:06.713488+00:00,2025-11-01T20:18:15+00:00,236
a06dc9cad2d3b278ae769840c55b303b94af872db6b555a557404e7cee5ac992,2025-11-01T20:18:06.845645+00:00,2025-11-01T20:18:15+00:00,236
271d83ec68fdee29dd04254d621affccbc9ec30453d255b40a8f9479ff8fe28a,2025-11-01T20:18:06.975490+00:00,2025-11-01T20:18:15+00:00,236
f839d890ae345ad4ee2fb0321efdec71aa2ffb747b55453e3bdf70cc46ff1a7c,2025-11-01T20:18:07.103643+00:00,2025-11-01T20:18:15+00:00,236
b65dab60e97f659edb03d801f953b2afba7b9cc101351b879a227298303f163f,2025-11-01T20:18:07.226415+00:00,2025-11-01T20:18:15+00:00,236
6355abea662bbb7687fc79e4f8116fb7a416fb1b87f2253ff8378f399df58eee,2025-11-01T20:18:07.353593+00:00,2025-11-01T20:18:15+00:00,236
7452be0f87e989b81bded01965707546cfede8e23483155cc24aaf2749763235,2025-11-01T20:18:07.480831+00:00,2025-11-01T20:18:15+00:00,236
db9e1117404a22f745ee9fd931e9881497b16602fb44d9834cb775044965f6e8,2025-11-01T20:18:07.609545+00:00,2025-11-01T20:18:15+00:00,236
c7fdf987652fab85712b736ef5b736ba106cc22ffcfd50e0f67347b587a7bfe1,2025-11-01T20:18:07.743717+00:00,2025-11-01T20:18:15+00:00,236
4850f45251fc9665b4af0e0f1ec21f0d1279f7203e80b3fc65fee7fec42688b7,2025-11-01T20:18:07.874668+00:00,2025-11-01T20:18:15+00:00,236
9493bd221017543f06aad3f260c5d7875690448121ebd465023b8a874cec5356,2025-11-01T20:18:08.003825+00:00,2025-11-01T20:18:15+00:00,236
3f6149bf661c2ff35c60fe3f74f5968adcb3a843816f6eb5a7cca39e2038a28a,2025-11-01T20:18:08.141362+00:00,2025-11-01T20:18:15+00:00,236
25814d5d1f73e5c80f6405b27097d7156a6e87245a39d5cdececc13896909892,2025-11-01T20:18:08.271785+00:00,2025-11-01T20:18:15+00:00,236
d330ca6546c058cd04ef1aeff1e3c875607c8d551cc2a19d24fde414ffa17cdf,2025-11-01T20:18:08.401849+00:00,2025-11-01T20:18:15+00:00,236
ce904e4e9eaf8a047a72b6f737356d03cadababb2e375234d32684258fa6be31,2025-11-01T20:18:08.531166+00:00,2025-11-01T20:18:15+00:00,236
34bed6f9689b95852043e29202c6373c83306325f51463eca10bd4e154fbba78,2025-11-01T20:18:08.658223+00:00,2025-11-01T20:18:15+00:00,236
e04c87cc50e602e05b42da77dd11c077c9d2372598b968a91738c5a609071a99,2025-11-01T20:18:08.802362+00:00,2025-11-01T20:18:15+00:00,236
24d24482d8268debc7a84d83d279397b1009a87c6253e32f7f72969d77270f63,2025-11-01T20:18:08.931367+00:00,2025-11-01T20:18:15+00:00,236
f41527452815b351f9b311f2de1e8a289ebf430d231a06ae2403e6fe891a64b0,2025-11-01T20:18:09.117665+00:00,2025-11-01T20:18:15+00:00,236
bde8126cb0eb1ed5b5b99e54433fe7171f907f33e6888810bf44ffdcb024331f,2025-11-01T20:18:09.254813+00:00,2025-11-01T20:18:15+00:00,236
30b09c62a34e11571d1b6230e16a0c1bcc268c83021658572b552f2a5b0704de,2025-11-01T20:18:09.427980+00:00,2025-11-01T20:18:15+00:00,236
94a8f05d5dc38be4c203b9a9c4772df0cc96cd7cfd70f1286cfa3a08b2dcb5fd,2025-11-01T20:18:09.553368+00:00,2025-11-01T20:18:15+00:00,236
68af13fcdb977c45dbbb247c1ebb5a73bf2d35c1d50b404f4924b0103ede870f,2025-11-01T20:18:09.679584+00:00,2025-11-01T20:18:15+00:00,236
35d70c1fad7d139c624d80b652f705abf1ddb6c9fe03d987bd8c4ef65b18cfd1,2025-11-01T20:18:09.804483+00:00,2025-11-01T20:18:15+00:00,236
aec8381820e38ea1243762da1bf06605d52ea50b619795cd50a0a02859e0b486,2025-11-01T20:18:09.931436+00:00,2025-11-01T20:18:15+00:00,236
c3b3364b52bc7a1231fd4caa9aed47439c2e5e42eeb133ac77f5d982a740f583,2025-11-01T20:18:10.056379+00:00,2025-11-01T20:18:15+00:00,236
0fee946387e769dd27151267a3fdcdca5be91b5e1414184f1e2480b8d841d7b6,2025-11-01T20:18:10.393095+00:00,2025-11-01T20:18:15+00:00,236
359e3833d93f6b707af5d23b294f66d9f7682a3d83f08858955aacf1c2d998d8,2025-11-01T20:18:10.519974+00:00,2025-11-01T20:18:15+00:00,236
bb2995e105127f675915f4dfdbea8dff2fc8597a85ce5d7c36daec0d9599ee51,2025-11-01T20:18:10.648299+00:00,2025-11-01T20:18:15+00:00,236
0428f56d1aeec2ca5550abd37ac211f2733491f7bb0086da001570b4fdd22a93,2025-11-01T20:18:10.775569+00:00,2025-11-01T20:18:15+00:00,236
ddce3cc6d54c95916de2fab0605af0e8d44876d6bff911212a611c4ec46bdd2f,2025-11-01T20:18:10.902630+00:00,2025-11-01T20:18:15+00:00,236
08753c24741f5be4b76776c8a81defc51808079893893e2fb63a22036b392778,2025-11-01T20:18:11.028980+00:00,2025-11-01T20:18:15+00:00,236
d1174ccba192892da0ad6c3406359d6d1368ab1a825781d27794f035cf901c70,2025-11-01T20:18:11.156264+00:00,2025-11-01T20:18:15+00:00,236
091a41b7637ba8bb958a59c212c42830c39c47c6dabd34abb0859ecd3f7e6365,2025-11-01T20:18:11.285148+00:00,2025-11-01T20:18:15+00:00,236
de25e9f405ef848a63ddb38d7d9f474da8c444bfeda7808a2cd9d9d459fc5d00,2025-11-01T20:18:11.407788+00:00,2025-11-01T20:18:15+00:00,236
62e11c2fa95d7822c7f917d981eee6e15332d8e771b09a69a0333725c208892e,2025-11-01T20:18:11.578353+00:00,2025-11-01T20:18:15+00:00,236
a2a42146e012216753bab1f99c7b28d55901d37f895b78e83012cbf41c717963,2025-11-01T20:18:11.706632+00:00,2025-11-01T20:18:15+00:00,236
9e87ddeeae5623f48e3db01db597687ea671c26eae89c69d002349decb35bf93,2025-11-01T20:18:11.832614+00:00,2025-11-01T20:18:20+00:00,237
d9b460f2c909f0ff57928a0f3637bb99be05165de8e2b1444056b211299fb6a1,2025-11-01T20:18:11.959265+00:00,2025-11-01T20:18:20+00:00,237
ea1134d5d352058af4592b2cc8d3c85eeabe4b55f54cd74f915a0a4186cbe59d,2025-11-01T20:18:12.091219+00:00,2025-11-01T20:18:20+00:00,237
c9db2fd91aaeabfb13717967edfe76ae7dd5657f151602991a0052e22b2aa08b,2025-11-01T20:18:12.230451+00:00,2025-11-01T20:18:20+00:00,237
92e2f6cf7516183b7dd683f5a82e86c3bf35ade6ca8e3deb0e95710c19af7057,2025-11-01T20:18:12.376698+00:00,2025-11-01T20:18:20+00:00,237
4b0c00be73ec1aff79c1b50a4d3896de33cd365bba99e800cf7919871b3b2ae7,2025-11-01T20:18:12.503378+00:00,2025-11-01T20:18:20+00:00,237
0a21ee0fbb3d453471b9c93c383304d63df8ba04c81487abd7c4c8ef196830ab,2025-11-01T20:18:12.631570+00:00,2025-11-01T20:18:20+00:00,237
da600e4e6745700b24ed30fb6e2ee0d48ef87edeb87ed3bdf5e8a446557ab05c,2025-11-01T20:18:12.758586+00:00,2025-11-01T20:18:20+00:00,237
a96f5cac55e2ce468486a6c7db18a52201445068667732ab8b229a6d295836bf,2025-11-01T20:18:12.883654+00:00,2025-11-01T20:18:20+00:00,237
b8c5d94eff6d05dfac221659a2e06dd9950c18634c7bc9098c9761dd0def1391,2025-11-01T20:18:13.015980+00:00,2025-11-01T20:18:20+00:00,237
b3cea9ed1a90851ac56b5537433571ccf5ebc08051f9535f8ed1e9f2811d7bc9,2025-11-01T20:18:13.141905+00:00,2025-11-01T20:18:20+00:00,237
196e8da5efa5d26d1998f8a3d4eead9ddf0e2ec8dc13cf9a8a4025ed06358867,2025-11-01T20:18:13.276903+00:00,2025-11-01T20:18:20+00:00,237
c2f97ccee6d974a54e8ad1ee85d2e67c5a26ba5656495cfbb98232466f7b11fa,2025-11-01T20:18:13.399460+00:00,2025-11-01T20:18:20+00:00,237
8de31f3fbae9f79b7d0481c4a46505990b8d1c97eec24027a3af3f9882ba1b97,2025-11-01T20:18:13.527519+00:00,2025-11-01T20:18:20+00:00,237
fab19d0b9679649cb3f9372470c4a9f27ac6e0adeca3af1ff72b91c928c64293,2025-11-01T20:18:13.651764+00:00,2025-11-01T20:18:20+00:00,237
6c2706c8e9e06c776bc07eaa4677f661c0ef397a1e25c1b4227337cf225b9af2,2025-11-01T20:18:13.778287+00:00,2025-11-01T20:18:20+00:00,237
f49bcb6859d069968a319e2bbec7c3fcab5919ee628d5a3903517ef90cabbc6b,2025-11-01T20:18:13.902866+00:00,2025-11-01T20:18:20+00:00,237
9818b82b84f5eef97c86a5e58455648de3003d666d74dfb14292905cb32c88fc,2025-11-01T20:18:14.029772+00:00,2025-11-01T20:18:20+00:00,237
d2e6e440b6d869ee314b42a8b4d45037145592b426d888eaa68a383894fa582c,2025-11-01T20:18:14.153746+00:00,2025-11-01T20:18:20+00:00,237
53a1647579710fdef050ea565a7b911a6f112cd8ddf1b576e3d34cea8a5d4dd4,2025-11-01T20:18:14.277013+00:00,2025-11-01T20:18:20+00:00,237
c5c88a51316928aaf90e3a2b04b3f3e504f1250bed63230bbc35beb3544f9110,2025-11-01T20:18:14.403047+00:00,2025-11-01T20:18:20+00:00,237
dfe4c94c8756b09bc89c4f7ffb0317e899ba08f7bd2e6c10ed5b9734928a7846,2025-11-01T20:18:14.532448+00:00,2025-11-01T20:18:20+00:00,237
e365c17c684f85e363066ab9ce803129b359c38c183cacf399ce7d5344fab6cf,2025-11-01T20:18:14.665691+00:00,2025-11-01T20:18:20+00:00,237
dd45a192c2dbaa85dc70b54cb763c53d24210360dcaeb374b47199f38ab2830b,2025-11-01T20:18:14.796291+00:00,2025-11-01T20:18:20+00:00,237
acd096c9da05dd9621734a840c8c009ba70af2997dea5da9423d49765a9bfbc8,2025-11-01T20:18:14.926649+00:00,2025-11-01T20:18:20+00:00,237
6b599eef7fc6af1200ed48193c1c4208ad00bf62027f502948c637009bd5e8b9,2025-11-01T20:18:15.054911+00:00,2025-11-01T20:18:20+00:00,237
4dbfde46f47ac8c51b48dbfceff2dc5042d19795ccd49174a9e4cf8f6edff4b1,2025-11-01T20:18:15.179084+00:00,2025-11-01T20:18:20+00:00,237
15e400d36391182ae8579011d07ecad1bd4d9c3558fcb986d43a661c289e8c23,2025-11-01T20:18:15.308642+00:00,2025-11-01T20:18:20+00:00,237
83537c2b8f06163c0ee2a9765f655efa0fb06025edc504936842957b207330de,2025-11-01T20:18:15.662145+00:00,2025-11-01T20:18:20+00:00,237
f74a4e00c9ebaadad7a9509847934edc3e9b645fd54c6182af08134961d35ee1,2025-11-01T20:18:15.786394+00:00,2025-11-01T20:18:20+00:00,237
bc9056835582ffed5197bb2905e49f61200021301ebf12d62780311ecf098e5c,2025-11-01T20:18:15.913708+00:00,2025-11-01T20:18:25+00:00,238
7e746b9b8a75e016456ea6e2a1b2786ccc243843fa28f31b0463802fb79dbcd2,2025-11-01T20:18:16.040159+00:00,2025-11-01T20:18:25+00:00,238
ecf0c339da8cde44d92dd25013bcf3275f248ce4a2f0f600945d9c2900cdea0c,2025-11-01T20:18:16.163935+00:00,2025-11-01T20:18:25+00:00,238
b0f6c70d1a706f44e1be2e8e839f72dd2907f711e01189ffee704a2041875962,2025-11-01T20:18:16.294685+00:00,2025-11-01T20:18:25+00:00,238
934fd0a00608e6ce88a099039f5d628434d6edf1422c419d5241462b546b126e,2025-11-01T20:18:16.429440+00:00,2025-11-01T20:18:25+00:00,238
29f174773b2743abe2ae358f87b407302c4c668e09075c21174204665726ab35,2025-11-01T20:18:16.561571+00:00,2025-11-01T20:18:25+00:00,238
828d3bad1c17ac27ba497f5f658ff8890df78f286528496eae5c07d9dc24cad1,2025-11-01T20:18:16.694009+00:00,2025-11-01T20:18:25+00:00,238
9318543eb5e6aaef3484ec5501f7bec15f378f12cfd7e218dbb92c97cb959729,2025-11-01T20:18:16.817779+00:00,2025-11-01T20:18:25+00:00,238
ff02b53adb99a376115c6bcfdc69d6b1d7549257312320047f6fc8837b2fda14,2025-11-01T20:18:16.948693+00:00,2025-11-01T20:18:25+00:00,238
f7acb3633cb0b8f54acdbc3243c6193063b29c9183d09daff520569a0a061290,2025-11-01T20:18:17.075862+00:00,2025-11-01T20:18:25+00:00,238
04154abb33e6066e5981b55ac36bdf7a5659a9d62320ef06778cfac021f270b3,2025-11-01T20:18:17.204901+00:00,2025-11-01T20:18:25+00:00,238
0e7949fcb3cf313fb31cabe1624cea8b2c45e82beca903cc37d515b58b77b2e7,2025-11-01T20:18:17.331650+00:00,2025-11-01T20:18:25+00:00,238
2526c2ba78cd64850d7d2c6eb30d7371421c01170551321fcf3619d8977d5c73,2025-11-01T20:18:17.458098+00:00,2025-11-01T20:18:25+00:00,238
ba53e6fb3fc33569bf1673b1eaf93981d3515a3c9c9c866e42f547df05697675,2025-11-01T20:18:17.587634+00:00,2025-11-01T20:18:25+00:00,238
2d764f27cc709fb6c97ac1f8d14c628e41b2a8b698340b707a94f97f72a2fc0e,2025-11-01T20:18:17.714498+00:00,2025-11-01T20:18:25+00:00,238
ef64d2416fc5b56961263768938fc832a657b303fe0cd41f3a92ec058ac37ba3,2025-11-01T20:18:17.842887+00:00,2025-11-01T20:18:25+00:00,238
4027d601b9d06f1970a8464a29458de2d2c2695895c462f535767aedd11d61e7,2025-11-01T20:18:17.967758+00:00,2025-11-01T20:18:25+00:00,238
c8fd56609e59069f8e143fda4dfa94ae941cf0180a6c949b1a8faf39a576034b,2025-11-01T20:18:18.090621+00:00,2025-11-01T20:18:25+00:00,238
be514965c40ee2dc50211879362b8ce0714af3a0b88a2b47522e0df0aa8f26c2,2025-11-01T20:18:18.234112+00:00,2025-11-01T20:18:25+00:00,238
e22d9848f5ea3b71d446054181932c880d0ded981a47e3240102cdd9aabc8b55,2025-11-01T20:18:18.363369+00:00,2025-11-01T20:18:25+00:00,238
6e433e79b3a1b5843fc005a9958254827d7a7a4534af79f18dff80fc83cf8adc,2025-11-01T20:18:18.490840+00:00,2025-11-01T20:18:25+00:00,238
98d2fa3c708ce8b035e4039257c1acce69281b41bf50f60f9996d3b80f3a70d0,2025-11-01T20:18:18.627959+00:00,2025-11-01T20:18:25+00:00,238
44fd2eaf863e363dc783797b31865e6fe3469b3e32908af1694337e34a76fbd2,2025-11-01T20:18:18.761474+00:00,2025-11-01T20:18:25+00:00,238
67242b9345a0a98531b712a2c86565c00e75f76262c886d569d39762dc7b9a7e,2025-11-01T20:18:18.891014+00:00,2025-11-01T20:18:25+00:00,238
a93881211360f190feb0e752fcf26801a6e79281e12b364c17450bb8127ac700,2025-11-01T20:18:19.025070+00:00,2025-11-01T20:18:25+00:00,238
0e13334ab17bfc754ed9941adc04a6e6b35b301e6c66591eb7614fc71978b25a,2025-11-01T20:18:19.210982+00:00,2025-11-01T20:18:25+00:00,238
55b9b68fd946f6b218d7ba2835733e32a7a4ca801c375c62dd241007a70544fe,2025-11-01T20:18:19.365321+00:00,2025-11-01T20:18:25+00:00,238
6571b87782a10fcb5f1f3e3a0dff485f9720819024027260009ac5086971b4cd,2025-11-01T20:18:19.496172+00:00,2025-11-01T20:18:25+00:00,238
cd272b6c58183dc6cf587308ab85c2e71517d726858b07238d7b6224aab44ea6,2025-11-01T20:18:19.631356+00:00,2025-11-01T20:18:25+00:00,238
a549a408ed4b2fe2910438fb123ae36fefe5112c5e653f3aafc3e0c40c6351fd,2025-11-01T20:18:19.765398+00:00,2025-11-01T20:18:25+00:00,238
51609c6584122fca3fd62a4a5541e0eb5ac825c289376a77dd50c6d37a85a085,2025-11-01T20:18:19.894782+00:00,2025-11-01T20:18:25+00:00,238
54f8dc91a9e6812bfd7afa1eb8238141ff8bf3ca0c5c5010c6e14906f0c11dd2,2025-11-01T20:18:20.026759+00:00,2025-11-01T20:18:25+00:00,238
5b285098849729997410a72e50837b4609da87ab6d141d04588f3bf8243436e1,2025-11-01T20:18:20.153342+00:00,2025-11-01T20:18:25+00:00,238
92d640b3177dd2ccee984716c3b01bf872b981e09758412a48e3156dbe40c82c,2025-11-01T20:18:20.280916+00:00,2025-11-01T20:18:25+00:00,238
a2964fba444be84d7e9de8fc106e64d479edf8399d7e79736887ffa4dc27b7b7,2025-11-01T20:18:20.403335+00:00,2025-11-01T20:18:25+00:00,238
6ab409d371d5d1b958f10af70f389652d4b1c23abd522474821b3f7fab1a9702,2025-11-01T20:18:20.531273+00:00,2025-11-01T20:18:25+00:00,238
00f518761332940786d754911e8587a25710b32da29f8e2c6d1188b2fa97fc6e,2025-11-01T20:18:20.661996+00:00,2025-11-01T20:18:25+00:00,238
ef447f1588b3a4cc5a6b3cd7c42769648ac75614b9400db67b869e9904cf04a9,2025-11-01T20:18:20.793106+00:00,2025-11-01T20:18:25+00:00,238
91a466517796e815e858aa8a80fbf28f67b83094290fb2c24a0b868523d27eed,2025-11-01T20:18:20.923609+00:00,2025-11-01T20:18:25+00:00,238
6ca69d1c7c12c09fbf5f527d65ebaf4afc5924603fb072e3b57d093dd068a211,2025-11-01T20:18:21.056265+00:00,2025-11-01T20:18:25+00:00,238
d813d784d496518d45de5610c3e3d3859c22de2651954d47621425fa25c56d2e,2025-11-01T20:18:21.191214+00:00,2025-11-01T20:18:25+00:00,238
3767a4bdeaac5c2b51d8623d7f656226fc436c927202203543bed86c9fc17f8a,2025-11-01T20:18:21.320037+00:00,2025-11-01T20:18:25+00:00,238
07bbc294ea1c92bc3fe0fac237664ced1a4089386653523695da5e953c2f04a6,2025-11-01T20:18:21.503970+00:00,2025-11-01T20:18:25+00:00,238
cc1c3d2c3a34984ab61c24323fa77ab18497c009f2715e1b706611c1594880cb,2025-11-01T20:18:21.633680+00:00,2025-11-01T20:18:25+00:00,238
183de7bde00ccd5836bef797c06ef049181285d55913b3b28496fa983eaf63af,2025-11-01T20:18:21.762415+00:00,2025-11-01T20:18:25+00:00,238
956d74abdf2ef992c12691268e07bea71b3707ab51a645f714aa5729457fb6e4,2025-11-01T20:18:21.888090+00:00,2025-11-01T20:18:25+00:00,238
394b3d865cb7dcabbfc8d7c3c201d2183347dddc0c23e25c414933de56fbe214,2025-11-01T20:18:22.018277+00:00,2025-11-01T20:18:25+00:00,238
a007c3417f9c2d11e5811b8330441cfd63af5619837e66b2a26d6b6a5bb1fb50,2025-11-01T20:18:22.187940+00:00,2025-11-01T20:18:25+00:00,238
e38089a525e95861304aebae2c17635870efca43685f2f5982f5cab8e3d75492,2025-11-01T20:18:22.317589+00:00,2025-11-01T20:18:25+00:00,238
f9a4606e1399dd6428b14d5dd8e5ef6c404e9054635ff3791a36dacfc63f70b7,2025-11-01T20:18:22.450442+00:00,2025-11-01T20:18:25+00:00,238
45c51a7ca633b75b1c0dfe7259e4ffce1807b08d05256b95e6447b744217a05d,2025-11-01T20:18:22.580864+00:00,2025-11-01T20:18:25+00:00,238
001455e30fdf263c7b4989bb110cfe9b4284359fc081c388324a0de9abe2d45d,2025-11-01T20:18:22.711261+00:00,2025-11-01T20:18:25+00:00,238
0e4c09c34aec89bbd31a798252e4487c00b70e172f8a9c1475db094dd1a4bd17,2025-11-01T20:18:22.836313+00:00,2025-11-01T20:18:25+00:00,238
548954afc62dfb384bcf6af8eab082c645e67940a6c68a8b116ec537c29cfb7e,2025-11-01T20:18:22.965943+00:00,2025-11-01T20:18:25+00:00,238
cf03a3678ec533811e335b5bca0984c7c3c97940540aacaecd0cfbcc8b6c0b15,2025-11-01T20:18:23.096639+00:00,2025-11-01T20:18:30+00:00,239
394b2c175c4ad9581e64833a30f9924f4af0991c1249c6ccc4f1f5804bb3f107,2025-11-01T20:18:23.225966+00:00,2025-11-01T20:18:30+00:00,239
cff6a487bc7f7b9dba5df1210d71a70ddc55fcdddddf03489522cde92a1d2960,2025-11-01T20:18:23.361166+00:00,2025-11-01T20:18:30+00:00,239
05089b1cce4f866b1a2f943a937320db028f4166404a2045d87032da6b87541f,2025-11-01T20:18:23.496126+00:00,2025-11-01T20:18:30+00:00,239
246ff672706237923b869761274c949693214e6cd747ffd8ee2596e5bf48ff4c,2025-11-01T20:18:23.622836+00:00,2025-11-01T20:18:30+00:00,239
64ca34b20e479ef408e0451da78afad8bd62ccdef77165ecec86ebc87800b27f,2025-11-01T20:18:23.755723+00:00,2025-11-01T20:18:30+00:00,239
54a66d3fc33a4ecfefafe04f88f4baef8042a36bd81fd1d70a5f78ffa59e481a,2025-11-01T20:18:23.882595+00:00,2025-11-01T20:18:30+00:00,239
2d88fca7cded2232b4e58ee926d958b805dc9c678fd32b02887876d386431890,2025-11-01T20:18:24.021821+00:00,2025-11-01T20:18:30+00:00,239
2e07f2e0050d91ded6fa9b3fbf3150d29c1575f622f72c1322f94804deb9a909,2025-11-01T20:18:24.145896+00:00,2025-11-01T20:18:30+00:00,239
0c0825f696e2646a28156f7074d985462e7b6ae98f0aefa58c69c2a9db305f7e,2025-11-01T20:18:24.271911+00:00,2025-11-01T20:18:30+00:00,239
6c1ccc098aa08193ad18406063da2ca6ad22a86f5c802e4c8ee49d8b1a916df3,2025-11-01T20:18:24.399959+00:00,2025-11-01T20:18:30+00:00,239
d3206a0edcc34ce51975183b27984791d5e0d6594e30a79fcab6077a2706626e,2025-11-01T20:18:24.526485+00:00,2025-11-01T20:18:30+00:00,239
d728c258a6cf3109fbafbd4f043bde3b255567b3ebb44d142e88ff2896a2dfc0,2025-11-01T20:18:24.651005+00:00,2025-11-01T20:18:30+00:00,239
ed22826b002dd3daa451c8ad69ca08ce324687dd130b7c66a186d49778dc832c,2025-11-01T20:18:24.777705+00:00,2025-11-01T20:18:30+00:00,239
64f85f92e46c67f9ba0b4a48dab577e0944c41b71780773ff27dd2d8afd596bd,2025-11-01T20:18:24.906030+00:00,2025-11-01T20:18:30+00:00,239
9028676d98b20f4fa3f524e82115c7def859e067b58658edcbb8e9129375866c,2025-11-01T20:18:25.031179+00:00,2025-11-01T20:18:30+00:00,239
7b09d6f32ab0de66e8a32cca2ccd0a2310f030d25b64549b57a8c311544f147f,2025-11-01T20:18:25.157796+00:00,2025-11-01T20:18:30+00:00,239
6c61a6c91490f7f2f8a218e7aee0eb9a1f240075de2614b5b255e8826e05d0b3,2025-11-01T20:18:25.291151+00:00,2025-11-01T20:18:30+00:00,239
f4b61b58ef838b8c5e09565f0857855e1a73028354a54d1978efd7d90fb3cf85,2025-11-01T20:18:25.422922+00:00,2025-11-01T20:18:30+00:00,239
3bd05b3760a17fb0f1d425ddd2baa11073a5a06ab3e517bc727d057c1c973e71,2025-11-01T20:18:25.550801+00:00,2025-11-01T20:18:30+00:00,239
7450853941f58784c6f2f964aae7cc7ce78a621fba869efdd9dd6bec015521ee,2025-11-01T20:18:25.888928+00:00,2025-11-01T20:18:30+00:00,239
1b948aefe77d421098ac24d20ae68f8fbe3bec54b36011d8183f34e8beec4846,2025-11-01T20:18:26.015007+00:00,2025-11-01T20:18:30+00:00,239
b0780a079e76a364b35f34abef4d9f74e8d0f19d9bc3dbcdd414a8ebd42352be,2025-11-01T20:18:26.140621+00:00,2025-11-01T20:18:30+00:00,239
07f2e7183bde80aa464c5bbb60185847d9a5ddf9af40fe4daea8a0b51546771c,2025-11-01T20:18:26.265431+00:00,2025-11-01T20:18:30+00:00,239
e2320fdcbcb54f7b54f744bd29f3cbf8a9e11988ae4468322a3cacc83fa61e37,2025-11-01T20:18:26.389417+00:00,2025-11-01T20:18:30+00:00,239
be91811d75dc50b0250470fd8132c311811e865ae0a009e2c780af01d7f66839,2025-11-01T20:18:26.525956+00:00,2025-11-01T20:18:30+00:00,239
02bea9263b233a2e9ad939e1e31f8aca5bbf3d9e7509a372018cc1c1255e1b32,2025-11-01T20:18:26.650294+00:00,2025-11-01T20:18:30+00:00,239
d8594d20767bf6da446b07c6ec17674163502cc37778c9cc71fe964294392965,2025-11-01T20:18:26.775755+00:00,2025-11-01T20:18:30+00:00,239
45c79970f589359dd45f93a1269634defc57c166eda2598ca5d3a521c6830b94,2025-11-01T20:18:26.904210+00:00,2025-11-01T20:18:36+00:00,240
bfbc849aeff4da6c17123e1dc56ea4a6a00b8377349fcd21ec9051b8aaacd493,2025-11-01T20:18:27.029097+00:00,2025-11-01T20:18:36+00:00,240
5cd5305ab762dce6f2269cb0d262fc0fc73679ba0bf5940d0e186221946989ff,2025-11-01T20:18:27.159717+00:00,2025-11-01T20:18:36+00:00,240
105f2772708cdac47a93f1acd275796ef6cd9689959e39db36843b87662bc26a,2025-11-01T20:18:27.297934+00:00,2025-11-01T20:18:36+00:00,240
06483ea3386ed830f5088a9b749653ee3f29f6d3f2af5e9a9a930ed34a5a6554,2025-11-01T20:18:27.426466+00:00,2025-11-01T20:18:36+00:00,240
55a3e6b330c011e4f5b591afb8eb0c17738c405191c629ce70ff314db0013186,2025-11-01T20:18:27.556911+00:00,2025-11-01T20:18:36+00:00,240
c19c84a26d85fe8e5589c34d0968bccdbd7fc09c3cf164760952d4e613c8270d,2025-11-01T20:18:27.689779+00:00,2025-11-01T20:18:36+00:00,240
0f448e4cd3beb7caed8a3d014e0fd1ddd718f530e58916bbf7866b39b1dffffd,2025-11-01T20:18:27.834469+00:00,2025-11-01T20:18:36+00:00,240
943d77d7c8d61876a6d2beeb7fa2e5dcaa34153bf466fc5663c7fc567b77d2a2,2025-11-01T20:18:27.967825+00:00,2025-11-01T20:18:36+00:00,240
f18bcaec203ed5df40e3bb22e2cc89dd793da596e99566aea936663938ec32a6,2025-11-01T20:18:28.102383+00:00,2025-11-01T20:18:36+00:00,240
aac0c1d4e48089b2f92a2813191ec4f370951f35d6efa2df0018c7d9c9857051,2025-11-01T20:18:28.264440+00:00,2025-11-01T20:18:36+00:00,240
492ccc477efd051a099adb0661cb57f411aaf7895e66fb03040fa0406d01c034,2025-11-01T20:18:28.456114+00:00,2025-11-01T20:18:36+00:00,240
678926fe33f4ea84dbca3942b624cf756b8e08e6f9e390e86e0d06af82bccd12,2025-11-01T20:18:28.587756+00:00,2025-11-01T20:18:36+00:00,240
5c5fd3b7cd45064459f7516849a169dc14396e2deec91fa393c6905942f1682e,2025-11-01T20:18:28.716335+00:00,2025-11-01T20:18:36+00:00,240
4053404867e71bd80d684d5e5e97222fb2b5d816a2b3b5a21472f3822ac573ad,2025-11-01T20:18:28.857069+00:00,2025-11-01T20:18:36+00:00,240
95dbb6d7177131530ee06cef86ef9defdb4070520c9132edc71f55714a7d3010,2025-11-01T20:18:29.001002+00:00,2025-11-01T20:18:36+00:00,240
baefbc8a9aaa600090e608127ba694922aedff9a2e29f3d9fdc65e812dc2520f,2025-11-01T20:18:29.155790+00:00,2025-11-01T20:18:36+00:00,240
c9e1660c75de192fffaecf2cc2da305018a72e12705597fd16b5a9c1a1f16a97,2025-11-01T20:18:29.324006+00:00,2025-11-01T20:18:36+00:00,240
ce854ea4cfd1a452ad3bd1f019f6a338ded279840f27a1c6dc0dc149b25ffc5c,2025-11-01T20:18:29.454315+00:00,2025-11-01T20:18:36+00:00,240
cd9d624a8a5423a0dc9e2482b1efd24b7e33d99168355a880e6ecf2b1918a356,2025-11-01T20:18:29.585557+00:00,2025-11-01T20:18:36+00:00,240
42fefcfe8f264fe3d6bc84dec9cbb1874adf4bfca843319f0e6914513a1da99e,2025-11-01T20:18:29.717658+00:00,2025-11-01T20:18:36+00:00,240
1bf394950cc9925f36f3606231e9976b4e5b16e91b014c486c76bacee387a57b,2025-11-01T20:18:29.853255+00:00,2025-11-01T20:18:36+00:00,240
5bf34ef9f152ff8dcfad37c4d2cb5e905e303f72488527f53c5d341bb70a908b,2025-11-01T20:18:29.981848+00:00,2025-11-01T20:18:36+00:00,240
afd4b64570c13bd42d293341bc222ee39648ff794bb47e4c8cc9fd6bfb1fe515,2025-11-01T20:18:30.114945+00:00,2025-11-01T20:18:36+00:00,240
28ed59e65480120bed1886b43f251662c707cf40565cb33d0b01f1cd2e131ad6,2025-11-01T20:18:30.262371+00:00,2025-11-01T20:18:36+00:00,240
b6af8f628d045412fff66a75ac0e8c14e290aae82aaf6a5fbbd0a9e4db22af13,2025-11-01T20:18:30.397974+00:00,2025-11-01T20:18:36+00:00,240
c37cc50df0a8b0c4c3817333bb7fbf377e1285c54861de0251f53eda6f68abde,2025-11-01T20:18:30.529927+00:00,2025-11-01T20:18:36+00:00,240
cca587f81dd4e2637243aaa5839558ae653bba01ee803ffe5d3e3031c14a926e,2025-11-01T20:18:30.657508+00:00,2025-11-01T20:18:36+00:00,240
dffbd99cac95636fcba5958a84565565401874fba3dc8fb0e8a26bc07c75fd79,2025-11-01T20:18:30.788387+00:00,2025-11-01T20:18:36+00:00,240
6d0d4456ddd577ea3eae990f7257cbd36674b7d36cd36c9c6bd16a96f3947b29,2025-11-01T20:18:31.128079+00:00,2025-11-01T20:18:36+00:00,240
c6297c6895f9d680d19460fe6a975e09fa0831597336944f14cdd856b8a91e85,2025-11-01T20:18:31.253633+00:00,2025-11-01T20:18:36+00:00,240
5ec49c7771edb78f19ae2ec46acc53f43c488910c3eea54c39ded57de9b2eeff,2025-11-01T20:18:31.382605+00:00,2025-11-01T20:18:36+00:00,240
77ed404294581781eb74e73543262d3c9451b740fdcfbc907d86858a142a9c74,2025-11-01T20:18:31.522825+00:00,2025-11-01T20:18:36+00:00,240
82016951c79368c8c048f0fcf2be49c12fd7c4250bf40829f502d3e9201d01e5,2025-11-01T20:18:31.649386+00:00,2025-11-01T20:18:36+00:00,240
ad110049fb0b1ca25b18b6d3ec38be0f183368c543f6949776481280e3cd7a87,2025-11-01T20:18:31.779013+00:00,2025-11-01T20:18:36+00:00,240
c0e1321ed1ae73427b8d36fd1d5ac2ced303b1cdb68c5b89b6514c4a025dd2f1,2025-11-01T20:18:31.907856+00:00,2025-11-01T20:18:36+00:00,240
041b3145ae58a6ea2020fe74e570db84e4ef4f96be43e7ad8c6210e6f89edd3f,2025-11-01T20:18:32.041384+00:00,2025-11-01T20:18:36+00:00,240
2a2d1477f90f368b8fe37f292165808e8c19421c842b1c689c079c0d3687cf0b,2025-11-01T20:18:32.187480+00:00,2025-11-01T20:18:36+00:00,240
1b0ff615ca33592cefc0a86ca080547e4b37eab2eb84a764be95caf40d90520d,2025-11-01T20:18:32.364353+00:00,2025-11-01T20:18:36+00:00,240
3cdfb1efb2913413c5842e8be1287452968e760018a12af12fd40f4801aa13d8,2025-11-01T20:18:32.494359+00:00,2025-11-01T20:18:36+00:00,240
f2a73533ad7f69e272b7709c022de394b5c202e644bb0c40f5ca90b6a30cec5e,2025-11-01T20:18:32.619650+00:00,2025-11-01T20:18:36+00:00,240
fba8db3c5766a79a5fcd664210d4fd09a668f73b11fc44033fb837b61601f915,2025-11-01T20:18:32.751219+00:00,2025-11-01T20:18:36+00:00,240
89e7af0b21b3ed920c7df0ab99cb56ea0552f1b73c8d55826dc6b404e402dead,2025-11-01T20:18:32.878192+00:00,2025-11-01T20:18:36+00:00,240
96734d5155b3d374af84b2c3b78a879f92c58d11f5fe1d3be9ccc86263570d3e,2025-11-01T20:18:33.014653+00:00,2025-11-01T20:18:36+00:00,240
f5404b5a19c516ba3f29aa6bbdf2b1469a03b47853f0a0d6eb9630b6d8a5dc61,2025-11-01T20:18:33.173008+00:00,2025-11-01T20:18:36+00:00,240
ea7a6a03cb30bc0912c1388bde088d87ed7c70e18a0397e8e46df596b13685d3,2025-11-01T20:18:33.302593+00:00,2025-11-01T20:18:36+00:00,240
27848ca5c5f4f6d41d290eac9c22401c48dac91a97902b8ac3aa1b4a97f3eeed,2025-11-01T20:18:33.432014+00:00,2025-11-01T20:18:36+00:00,240
3c2afe8f621fabddd69d126635c2e1c85ab5995ce61113070497cc35ea69f48a,2025-11-01T20:18:33.558857+00:00,2025-11-01T20:18:36+00:00,240
81994e9b7089c7b12d1f33a26eb3d5251017cbadbd7407e980e46ad8d5227c63,2025-11-01T20:18:33.686375+00:00,2025-11-01T20:18:36+00:00,240
c8b0330c996348203ce9c7f5ef1d6e28cb52a1ecc254cd8dc3fa553507fe3360,2025-11-01T20:18:33.811168+00:00,2025-11-01T20:18:46+00:00,242
c5df7fbe8a22cd10dcb923ee222788cafaaeba78093aa4f37fd97efb2bfebe04,2025-11-01T20:18:33.941978+00:00,2025-11-01T20:18:46+00:00,242
30cab56a59721ac5244ff51061dec4ac4c52ec5a6b0cf0547b3720010cbdadb0,2025-11-01T20:18:34.071112+00:00,2025-11-01T20:18:46+00:00,242
0eb792130b463a7ff25608aa752051f42cd2d181967fe67145e63aab8ff9f31a,2025-11-01T20:18:34.199260+00:00,2025-11-01T20:18:46+00:00,242
776414380611cae5743237c27731e6ff1a33540152675ef62d47e2603e87b032,2025-11-01T20:18:34.326219+00:00,2025-11-01T20:18:46+00:00,242
7b6f3bf7c340e337a60239daf2d1ac2c33fdf3f225b3be42f1e0efc6422c6860,2025-11-01T20:18:34.459259+00:00,2025-11-01T20:18:46+00:00,242
2b930f81473eeeb67054cb4944cc01bca0279985ac3e0164393c9996c929e453,2025-11-01T20:18:34.591650+00:00,2025-11-01T20:18:46+00:00,242
dbb0984ad88c00f9554ccf5f92809373a41e71c911d5dd329d1b7c8c76363fb6,2025-11-01T20:18:34.721550+00:00,2025-11-01T20:18:46+00:00,242
8d5ac32bd67961aa1075587df7ddf85494bcb55a0469ece8e2188dfa08865640,2025-11-01T20:18:34.849668+00:00,2025-11-01T20:18:46+00:00,242
7bb90217ca1977e9e80c735e50cbce081898a608170b80f1cc607ca03b179622,2025-11-01T20:18:34.973565+00:00,2025-11-01T20:18:46+00:00,242
865fabbecb6e17520799b87a0d95a29eee359c2254f72405f98a27964a0d1125,2025-11-01T20:18:35.105919+00:00,2025-11-01T20:18:46+00:00,242
27b6ed0abc13ae918260b17a1d751f7be87b31f03e01a75f49520a8862c546d3,2025-11-01T20:18:35.237484+00:00,2025-11-01T20:18:46+00:00,242
72ece1524a0c609a7826d665dea06c341333c76f063556cbce563e2905aa2329,2025-11-01T20:18:35.367869+00:00,2025-11-01T20:18:46+00:00,242
2ddebc4cc1044ded7bf2305abbec6ba060a6dfba8d53acd99b343729bf14b16d,2025-11-01T20:18:35.496939+00:00,2025-11-01T20:18:46+00:00,242
fc46de8fd7e7528ffc882a8a10f9713c2022b563f450d186b32082b41dc8ab13,2025-11-01T20:18:35.623347+00:00,2025-11-01T20:18:46+00:00,242
e098d47252f44f814afdbafc4fccf71e7f1b7d8f0ce5839cb13ee6afd3ff0e3d,2025-11-01T20:18:35.752349+00:00,2025-11-01T20:18:46+00:00,242
a828690b0a49a3118f09e7bc6c4e13c86afbe0bdecd5e1bbff241d2eefb0e74f,2025-11-01T20:18:35.881991+00:00,2025-11-01T20:18:46+00:00,242
51d7a4e12697f8ff4685fd14c37cb47c5c52d2b0c5a9e511a385cf6b266007d9,2025-11-01T20:18:36.009379+00:00,2025-11-01T20:18:46+00:00,242
36213a9079938074b89fc713722924e44ca8f7c3891f2cff05efe6cb564f246b,2025-11-01T20:18:36.355657+00:00,2025-11-01T20:18:46+00:00,242
baba090cd1e87d548bc28b331fd7f98922ed73150a5476ca216a66c686f54d87,2025-11-01T20:18:36.483565+00:00,2025-11-01T20:18:46+00:00,242
512dd6530d59f1e0751e6f8eed970c41dd42937ce00ca6fa325b7f1d688f67e3,2025-11-01T20:18:36.611966+00:00,2025-11-01T20:18:46+00:00,242
1c97e9a1cbdc6d5b6474a432b5ea2cc598e36a8c4f3d1dd686610b8d3aca215b,2025-11-01T20:18:36.737691+00:00,2025-11-01T20:18:46+00:00,242
db01af2936e6d9af1db939a5e36a09014064a309d996f19224f41a55799eebf5,2025-11-01T20:18:36.860593+00:00,2025-11-01T20:18:46+00:00,242
cb58cda79d5afa9d5ac485395335ccf7e4ea661eab93077bcf5985405d86f359,2025-11-01T20:18:36.985654+00:00,2025-11-01T20:18:46+00:00,242
17eef9c10faf230f1e185d5a3efb06dc23a8c095234efc19cbc4d77ff2267158,2025-11-01T20:18:37.111839+00:00,2025-11-01T20:18:46+00:00,242
a6685ff2fb1e2d54eadf906ee3ea3df5fa09df138a20231d0618ab80a3bacae4,2025-11-01T20:18:37.241127+00:00,2025-11-01T20:18:46+00:00,242
dba54315ae7ad2eb400c222fd67629e3d3d284d1887daa51b9125a37e29ac4ec,2025-11-01T20:18:37.367119+00:00,2025-11-01T20:18:46+00:00,242
094b5d8b21f675d04acc87d9e1e0ab301c77931c961adc9ce201ce2ca5b8cf8f,2025-11-01T20:18:37.497347+00:00,2025-11-01T20:18:46+00:00,242
48e998e96e4b31fc592eaa57f4bdbfd0003330f0c76b360943fb94ef7510aa67,2025-11-01T20:18:37.623115+00:00,2025-11-01T20:18:46+00:00,242
9548fb0dac07365a1e5a5f4bf1925d7310c3d9e2f85377239f65e7d681c91803,2025-11-01T20:18:37.750489+00:00,2025-11-01T20:18:46+00:00,242
07c086cdbba626f889455eb492bdfc6137d830bfe9e136a8ccf2a69e8e788dc2,2025-11-01T20:18:37.874799+00:00,2025-11-01T20:18:46+00:00,242
254c00fbe130ffc12ba8528831d6def8903fbc9cafdbadc9fdbea777b022eccf,2025-11-01T20:18:38.002933+00:00,2025-11-01T20:18:46+00:00,242
30b3bbb47ae5513cdb385a8b17c74156cf75c4f9949dd281feb102d0632fbd1f,2025-11-01T20:18:38.129377+00:00,2025-11-01T20:18:46+00:00,242
4a5e22030f745a3862ee96223ed28a1b94cd5fb218aae3deec16dd19b13fe5e6,2025-11-01T20:18:38.260815+00:00,2025-11-01T20:18:46+00:00,242
8cf935eb97a4bd019d42d60d0abc33bf46e790bc0f6bb9308b3cd12deb2c32e6,2025-11-01T20:18:38.388099+00:00,2025-11-01T20:18:46+00:00,242
0d48b7c44e852a8eac0dc380594bf2275ab5aa0f7337ff442f8cb934c7030761,2025-11-01T20:18:38.512915+00:00,2025-11-01T20:18:46+00:00,242
c7976c44270d44d6bd3c99ef6ddeca7f055c663a5484f8e4402d25fdf9c47d18,2025-11-01T20:18:38.639684+00:00,2025-11-01T20:18:46+00:00,242
10996aa2a851e14e7ba02a9d7e4f851a0c7451969a9021a6653af6a6d0bc6ea5,2025-11-01T20:18:38.768510+00:00,2025-11-01T20:18:46+00:00,242
03236a715dc209735d21975bf12a8f61e30dee873a85079cd7605a5e43d63def,2025-11-01T20:18:38.893666+00:00,2025-11-01T20:18:46+00:00,242
3e442400c553c421d10baa39f4684cff5bacffa05839a51d592fa5aa2fa18f82,2025-11-01T20:18:39.028804+00:00,2025-11-01T20:18:46+00:00,242
155e8412b50320aa04b4b1b862a290546e4c43567eb3deaedc5311a388743c59,2025-11-01T20:18:39.203302+00:00,2025-11-01T20:18:46+00:00,242
88b96650d29620dab032f933975c1d844345013f05d54c404dbbed0bcb5b28ac,2025-11-01T20:18:39.361833+00:00,2025-11-01T20:18:46+00:00,242
fa401083cdde8d15d78aec4115d48da08a8021da7d8f65361f0e9fafa4cbc94a,2025-11-01T20:18:39.493234+00:00,2025-11-01T20:18:46+00:00,242
5bf9cfd38b524e921260a533fe3217d2e43104db7686499df3d8031cbaa2c9be,2025-11-01T20:18:39.625738+00:00,2025-11-01T20:18:46+00:00,242
adf717e28fcbd60faf380c24fa114d8c40ccd8210ffa591429cb429fee1f4975,2025-11-01T20:18:39.759121+00:00,2025-11-01T20:18:46+00:00,242
93e91f1618304c0406d68dc2d32f344f01c8abc0c4b05e13ccc5c2771bbb00b7,2025-11-01T20:18:39.883185+00:00,2025-11-01T20:18:46+00:00,242
ee592caaf1995c67ce7ac043a57ee390b6998842ba352d414d62091b1736e338,2025-11-01T20:18:40.012742+00:00,2025-11-01T20:18:46+00:00,242
9a154137b91285c4adab1e3c13cbea5294fd8b67921ad89b019808e9577e54ba,2025-11-01T20:18:40.142063+00:00,2025-11-01T20:18:46+00:00,242
bd12e8d389c5c08d48e0b4aad33c72ab1660ca7bda00f9800681b0fed8ac1180,2025-11-01T20:18:40.272232+00:00,2025-11-01T20:18:46+00:00,242
399bec830c8f800a886de77dc97e4d7f4ec14b806b79340b8f969c413175a0b5,2025-11-01T20:18:40.399651+00:00,2025-11-01T20:18:46+00:00,242
5fed5b06fff7a5842d080d651d2de155894320e5f59d3ec93c65aaf2c30441c4,2025-11-01T20:18:40.530653+00:00,2025-11-01T20:18:46+00:00,242
8e86967ec3d01d703bea0272e02759cfad7526c5f06c3996ca40008d9826a617,2025-11-01T20:18:40.659764+00:00,2025-11-01T20:18:46+00:00,242
ff704cacad7f1e1a30682045f4593e1f4aba5a10178966212418485034d4eb58,2025-11-01T20:18:40.788655+00:00,2025-11-01T20:18:46+00:00,242
0c4e3be0813144a597c1b8a6ff05e14b60331efe2fa5faf72292f04832e4c3af,2025-11-01T20:18:40.928110+00:00,2025-11-01T20:18:46+00:00,242
f69d89f4db825a10f00cb3e46a901ed7fe553fab113480ed95efb9d1abc76ff6,2025-11-01T20:18:41.060844+00:00,2025-11-01T20:18:46+00:00,242
d0e0570b7e8d4f0365b5e77382709bbabd58b4fee4fdf0491adde23854b0b31a,2025-11-01T20:18:41.193601+00:00,2025-11-01T20:18:46+00:00,242
381d188a997673ecc543baf9fcd1afefa748b5be4d46e8817d7479a9e6aae6ae,2025-11-01T20:18:41.321337+00:00,2025-11-01T20:18:46+00:00,242
4a4ac592192b2929bae2b9bbd28ece3b2e2f8afcb2a374dbf287f4366f4e2fa5,2025-11-01T20:18:41.654230+00:00,2025-11-01T20:18:46+00:00,242
c90a1804d255005be71572857f1243d3ba0db9324a9bad4fa56c0447f3ef01a9,2025-11-01T20:18:41.786793+00:00,2025-11-01T20:18:46+00:00,242
bfb51b573b71c33e669304847d4e0681ed4aa48255bd789ada9067e2f23f6dfa,2025-11-01T20:18:41.913368+00:00,2025-11-01T20:18:46+00:00,242
b07b3cd8e43858a3fda35bc47872b740dea482a297ca4ab348f470c195a221d8,2025-11-01T20:18:42.045385+00:00,2025-11-01T20:18:46+00:00,242
df1c8591b3e61f0d56ec7c14787ad3b73aec866f084706ff24ddc3f33bedfc7a,2025-11-01T20:18:42.173947+00:00,2025-11-01T20:18:46+00:00,242
7d0b06a0c03fbe7e3b51a4f1529122f6a029c8fb374fd444cef034a81dfa29ce,2025-11-01T20:18:42.304743+00:00,2025-11-01T20:18:46+00:00,242
e2a8e46ed51849c3eeb2e10166c5ec3eb2658ca4bd7f258109c8e85d4ae35db5,2025-11-01T20:18:42.435950+00:00,2025-11-01T20:18:46+00:00,242
ca5a1829395bce76a8a9e244c8a7df3f520f2bffc76a941fa431ab0789a084ff,2025-11-01T20:18:42.570665+00:00,2025-11-01T20:18:46+00:00,242
9b350a1c483762d59632bc7362d2ae34c3a28a00d64be27ffed1b5e344fb8021,2025-11-01T20:18:42.703991+00:00,2025-11-01T20:18:46+00:00,242
d32fcd00964aa1a58600bc279e7aeef7426db0ec5036b08cc691989bff8d751e,2025-11-01T20:18:42.833247+00:00,2025-11-01T20:18:46+00:00,242
d86c66ff2568594e351eabf6a71052289edc114ce3eec03e81c29beec8988f26,2025-11-01T20:18:42.963253+00:00,2025-11-01T20:18:46+00:00,242
76017a4355b63ef6fb6a6d775e1af6f1982974298e0e2d4e9b2dda1893622288,2025-11-01T20:18:43.092529+00:00,2025-11-01T20:18:46+00:00,242
7180656a5842a3079a42a7278f8feb99e404734bfbf812171b0c8f5155ba1007,2025-11-01T20:18:43.224723+00:00,2025-11-01T20:18:46+00:00,242
4cd1510050c87acc2434aaacd761c80c9880b38b3bf980cb630d0d52707a9d57,2025-11-01T20:18:43.355108+00:00,2025-11-01T20:18:52+00:00,243
0344245c440ef4fc813a88ba4a81284a3d06e7b06feaa74116efad2be4f68710,2025-11-01T20:18:43.482569+00:00,2025-11-01T20:18:52+00:00,243
61f20248ce9816afb850d9f487b57b993379359c08c9f204ef06e655bae83b2b,2025-11-01T20:18:43.611663+00:00,2025-11-01T20:18:52+00:00,243
0f39c24c7471c9a9eb66e4f0f8c747896cdd8bcea020626cf6c399e4ddc78802,2025-11-01T20:18:43.743621+00:00,2025-11-01T20:18:52+00:00,243
5674d5f073dfd8e4ddf36c832c5f8a9c88cc86bece4562f3c680f059a2c46e7f,2025-11-01T20:18:43.877597+00:00,2025-11-01T20:18:52+00:00,243
0c4bfe354c5394a5d00c849cff9c86e14b0554e67683c3a21005cf3796f52936,2025-11-01T20:18:44.007111+00:00,2025-11-01T20:18:52+00:00,243
992d440769b87e325f0b7e5dd7e9ca62518919e45d34fbdfed15a90b91b83181,2025-11-01T20:18:44.134700+00:00,2025-11-01T20:18:52+00:00,243
7350c22b7f236af78f21218b690bc30c15e3b32edfda10452d26b69f7b946619,2025-11-01T20:18:44.266484+00:00,2025-11-01T20:18:52+00:00,243
180434b362ab661c0afd76b45f30332b7e5a1bdb24693d3d9869c13c73a99455,2025-11-01T20:18:44.392923+00:00,2025-11-01T20:18:52+00:00,243
44c82b3f844bd73b14ed20199b6530a4e269c30a43a4203bd4f58070d77b4705,2025-11-01T20:18:44.527096+00:00,2025-11-01T20:18:52+00:00,243
0cad93f49d6e998f7995635a274bcd307cadd5a0b411fa4cbd66f4ec3e20bc20,2025-11-01T20:18:44.657259+00:00,2025-11-01T20:18:52+00:00,243
26781457a98b91e921bbf77fe059ef71ac7fc169de82780871d8ce3c3f34e41b,2025-11-01T20:18:44.790816+00:00,2025-11-01T20:18:52+00:00,243
a8c83c447588b585fcfde2dd5e6acfe7f8e3d49c777876a7e03b850643e71575,2025-11-01T20:18:44.921654+00:00,2025-11-01T20:18:52+00:00,243
3ffe8aa46883ef6911d6d2f4bf90561eab617e0a9f0e97cb0d6d0a993383ccfa,2025-11-01T20:18:45.050814+00:00,2025-11-01T20:18:52+00:00,243
b705ac577c0cf2cd8fc62a665ecebe8f1b2a0e0e44c90caeaef9d101c47c5dcc,2025-11-01T20:18:45.181687+00:00,2025-11-01T20:18:52+00:00,243
098e6cfa04af22d243e664e57255b9cd5d055c06825273f8c477087cdcbc4f08,2025-11-01T20:18:45.311682+00:00,2025-11-01T20:18:52+00:00,243
baae808b7a9a463d30445ac31fb4b117d119c263ba5f48e012dc60e8691d4adf,2025-11-01T20:18:45.442044+00:00,2025-11-01T20:18:52+00:00,243
fb077447499e19c26378c580a481211203cdd8bf4c3aeb2b20bb1a7bc62b2300,2025-11-01T20:18:45.571379+00:00,2025-11-01T20:18:52+00:00,243
233c6ad50e033f3a62942c70df5c45b96c04e5127adedc01713d13c91b8beafb,2025-11-01T20:18:45.705997+00:00,2025-11-01T20:18:52+00:00,243
87afdd9870ba35c189d4620636792a6e0176861eda050bbf2dbbbdb9cc58d7c8,2025-11-01T20:18:45.832070+00:00,2025-11-01T20:18:52+00:00,243
acc4941503fd214199d24bcbf581e3e77dbe8cc83fc9b2f5e72401cd50a999fe,2025-11-01T20:18:45.963587+00:00,2025-11-01T20:18:52+00:00,243
f073cb614d8e508deab00f887e6ca1c90cb059a1f4dffb7e5b72f22103a41122,2025-11-01T20:18:46.100486+00:00,2025-11-01T20:18:52+00:00,243
b1223f048a5e81ee2ba318ccb307c79dbac62d5d1898cc67375ad5cab5a90d51,2025-11-01T20:18:46.235011+00:00,2025-11-01T20:18:52+00:00,243
5f1f711444a68ae19b05cb15ba7f5087fa137d5432257984edd755a4b6f15f64,2025-11-01T20:18:46.368921+00:00,2025-11-01T20:18:52+00:00,243
7c2f1845bee47ef9a23e7611c6c041e5dfca3f37a2824fc67496c9a46176b190,2025-11-01T20:18:46.501211+00:00,2025-11-01T20:18:52+00:00,243
e14b648bff864ac46ef01109d1904eee43c66abd014c67e8db199e761ff0f5d4,2025-11-01T20:18:46.638963+00:00,2025-11-01T20:18:52+00:00,243
84e96cdbf4b5aff9c6904fe8a1e80ff149eab792cf71ce6d2bc8e9c56c0bc872,2025-11-01T20:18:47.013490+00:00,2025-11-01T20:18:52+00:00,243
a12691e0ce52883db54e37911c4a60bbb046452de199724c7896504b842e1359,2025-11-01T20:18:47.140086+00:00,2025-11-01T20:18:52+00:00,243
03675ed409a9b8bc7bda93e6d14e2bc2504539487dd0231e1b7157b1dd5941ee,2025-11-01T20:18:47.269134+00:00,2025-11-01T20:18:52+00:00,243
d8a2c7dc7e74cf3bd3c786a4c4b530e6d5a7b752b17dafcc1ac0f38e8c2bda49,2025-11-01T20:18:47.395326+00:00,2025-11-01T20:18:52+00:00,243
7db521bbd5acd3f3f686fd2eeb77a8188b908c5ebde9c231268ef34c2c3ba859,2025-11-01T20:18:47.525811+00:00,2025-11-01T20:18:52+00:00,243
53fe8794ba95b7905ec73d542622aa5bbfe5d6002c92b6642db0991e2cda5951,2025-11-01T20:18:47.657808+00:00,2025-11-01T20:18:52+00:00,243
73456fe0c2dbe0dd6499cadf16d374fd783e8914878bd54a63aceaed9a343199,2025-11-01T20:18:47.790024+00:00,2025-11-01T20:18:52+00:00,243
0c7b52890c668e6dd36f8b403b160270afef0a37b56c1f094bbabd6f89858e63,2025-11-01T20:18:47.931409+00:00,2025-11-01T20:18:52+00:00,243
f0842ef5601d10cf98331887b0fb3810888a20782c6de4d3a68c41f97fb7758e,2025-11-01T20:18:48.056693+00:00,2025-11-01T20:18:52+00:00,243
1d65c5fe356c677f91c54ddadea19752bae686a9bbaeea75247c3882b365f9b7,2025-11-01T20:18:48.183556+00:00,2025-11-01T20:18:52+00:00,243
bcddcb1c28ddbd34c96886ec4e90513fd5e9fdf4df09ccce576bd2382e987354,2025-11-01T20:18:48.311265+00:00,2025-11-01T20:18:52+00:00,243
c1e5d9a2c963d0889323a63358d1f784eeef802702a7c4737c5b08e9ed24ec1e,2025-11-01T20:18:48.441588+00:00,2025-11-01T20:18:52+00:00,243
284e07d96e859de5a11b5f9737e92a6c3d99a6a66a5d6baf4dbb7a7245562cdb,2025-11-01T20:18:48.574707+00:00,2025-11-01T20:18:52+00:00,243
a0f216fb845442bc34452853fde142661c562bd84c6cd2f6fc5a40a38ba815e7,2025-11-01T20:18:48.703073+00:00,2025-11-01T20:18:52+00:00,243
8a03d66483e25b2b525485e9043a2125569727ebd75b8a5bdbbc50dc8d0a7d96,2025-11-01T20:18:48.841679+00:00,2025-11-01T20:18:52+00:00,243
042047aaaf6c5d29945e49f392f877e880b433af75897f7963f9b2985ea47485,2025-11-01T20:18:49.229749+00:00,2025-11-01T20:18:57+00:00,244
d49f644cd982a83fe07b28f9bd077c3cf5a2eb2c4602aecc8ef118be62241efa,2025-11-01T20:18:49.363292+00:00,2025-11-01T20:18:57+00:00,244
12d27f37164fb43e9d9d06e39e9fb147c1f44ef4a5cfba48e13a0572d9bd4b5b,2025-11-01T20:18:49.522787+00:00,2025-11-01T20:18:57+00:00,244
9bf575858fdec71918932cda39b442203504c121efa4fe991f9274d2b84b9553,2025-11-01T20:18:49.656163+00:00,2025-11-01T20:18:57+00:00,244
59b4e9a9f1dbb2351abd4cc1e3c568529796044069394108f60a192522716e57,2025-11-01T20:18:49.784232+00:00,2025-11-01T20:18:57+00:00,244
0318e4002fc87aefd33f317771863202ddb99b67d30d027398a03500a8d95aec,2025-11-01T20:18:49.913194+00:00,2025-11-01T20:18:57+00:00,244
8c8b31cd4e4bf9685be1f92274b4aa06c09e6b1b529a0ad23ca9f53f4f96feb2,2025-11-01T20:18:50.042411+00:00,2025-11-01T20:18:57+00:00,244
5096c3300478f87806e6c37cac6392fb1829b950aadbad5cbfa0f396031799c4,2025-11-01T20:18:50.178204+00:00,2025-11-01T20:18:57+00:00,244
9321e15363f2c960325fc840501ff7b7a77cf29677fbbd0c93f01a0aeff6be1f,2025-11-01T20:18:50.309573+00:00,2025-11-01T20:18:57+00:00,244
41cf2e2108369889d8b4d574048f1fd9f7af0fcb87c4618987f4e588ffe8e36f,2025-11-01T20:18:50.445773+00:00,2025-11-01T20:18:57+00:00,244
78b73ec901bee7e856fee6f498ff22b9bc65b6495cd10b2f7e9e4bb86692e615,2025-11-01T20:18:50.575273+00:00,2025-11-01T20:18:57+00:00,244
90fdd5a34336eb8538bc586f5e6991890dfaa2638cffe0a3f650db2b52c82699,2025-11-01T20:18:50.700106+00:00,2025-11-01T20:18:57+00:00,244
7802db93a61322435adeba5b89fe6f24b03a0669ac6364a3850c625d8d6c4ba8,2025-11-01T20:18:50.825775+00:00,2025-11-01T20:18:57+00:00,244
f38e862953b7fe0fad717c4117657a7734c1adb730e278ba68ace6aab40f8ae3,2025-11-01T20:18:50.955781+00:00,2025-11-01T20:18:57+00:00,244
2d6b1dd23257b2555c7940ca8be6b1ff6c596a8e83ebba047773ff4cd7c8d6e0,2025-11-01T20:18:51.083269+00:00,2025-11-01T20:18:57+00:00,244
7c9308b87c6c5bdabedf49460c7d1f7cf24eb79e3bc1003786f7ce8ef56b5854,2025-11-01T20:18:51.217325+00:00,2025-11-01T20:18:57+00:00,244
afe07d8181e0ae75854c35f27d910921adee57f1992f5e929c41d86782c38e28,2025-11-01T20:18:51.348244+00:00,2025-11-01T20:18:57+00:00,244
9b8a9c203dcaf809dd8fd3adff4adc232c5f433dc632f2cd5ed32db9e06a6549,2025-11-01T20:18:51.480728+00:00,2025-11-01T20:18:57+00:00,244
4680a6e97b57338c82b8579771f589ddcb9f6488dc5384b4484ae2f914bca419,2025-11-01T20:18:51.620812+00:00,2025-11-01T20:18:57+00:00,244
ec75d94bad2ae1398eee952309d9329dc1446a0423ac517bd66f7d4e6d8e0d1e,2025-11-01T20:18:51.750611+00:00,2025-11-01T20:18:57+00:00,244
8acc7b4a46b802b419c6246e87b4119e0976cba1122d933273da0c4233d3b016,2025-11-01T20:18:51.877047+00:00,2025-11-01T20:18:57+00:00,244
786b871cd31c7c9add78431ab31e3498686d438986977b19deb23bc8f98ee8b5,2025-11-01T20:18:52.213254+00:00,2025-11-01T20:18:57+00:00,244
2b903a1e493e6c3169a7562f16c331370d9af2aa841e5a1182d0958aeb2a9d8e,2025-11-01T20:18:52.378286+00:00,2025-11-01T20:18:57+00:00,244
6ec004d266719e37e09cffcba05239b4c5a25a129b5beb960040fae0b1e9a66d,2025-11-01T20:18:52.508210+00:00,2025-11-01T20:18:57+00:00,244
049a1a1001f4dbf25bd0bb22bcb1384c9de2dfe8265a411465062a9682d07a30,2025-11-01T20:18:52.633259+00:00,2025-11-01T20:18:57+00:00,244
91add7fb9b2923316ec602e6c3b4b604107ae2c6312eea3f788a3afa965b86ef,2025-11-01T20:18:52.761063+00:00,2025-11-01T20:18:57+00:00,244
caabdea7cc79a0558d35d1437bf04ee164a74bfb602458acf92189b35519dd26,2025-11-01T20:18:52.892335+00:00,2025-11-01T20:18:57+00:00,244
dfa522e2a262668f4ac30a82fe304c6c967cf9581378046c61ce4049b0dc1a50,2025-11-01T20:18:53.020412+00:00,2025-11-01T20:18:57+00:00,244
25c7822b16516e0b81c1f5c1275f5ceaf45e5ff40f52e103fc3c673099241773,2025-11-01T20:18:53.155278+00:00,2025-11-01T20:18:57+00:00,244
d5f9000681f80f6cdf5589eca52b233e44ee3ede57307f66cd6d056cc5b07c0f,2025-11-01T20:18:53.282150+00:00,2025-11-01T20:18:57+00:00,244
7f32d2d6dbcf2e63af286f19397ff7a657851827ffcf6f83f317510da5b0460a,2025-11-01T20:18:53.412518+00:00,2025-11-01T20:18:57+00:00,244
e43be0ccf7c818352f8a48441f309603dbd55cd0987099b271915701df11332e,2025-11-01T20:18:53.551009+00:00,2025-11-01T20:18:57+00:00,244
9b3ca9ecd9fe5a200520ac5a0c43a89de8c061e23c5c708bd8f636f2dd709c7b,2025-11-01T20:18:53.675634+00:00,2025-11-01T20:18:57+00:00,244
393d050027d17ff2f84165e03ed4e222d2e0382a5c181cbc59b913683f76bdf7,2025-11-01T20:18:53.801897+00:00,2025-11-01T20:18:57+00:00,244
4a48ea5959e3c3cb5c24a354fa080c92f4b37658dc73ba8809ddd5d4dec2b117,2025-11-01T20:18:53.926411+00:00,2025-11-01T20:18:57+00:00,244
392dde9f49ad6e769ec4f80a7d661a2e1179e70640c19b57549803f6d96401b6,2025-11-01T20:18:54.056024+00:00,2025-11-01T20:18:57+00:00,244
c138c6bf01b65c58bbb1a8a3d177e85e9458ae671ed546df19aae389dcfc723a,2025-11-01T20:18:54.186003+00:00,2025-11-01T20:18:57+00:00,244
708b0d31cffdf3cc9f2f9c3b46001be0fd06410c85d113b5a23d89393602adb8,2025-11-01T20:18:54.314701+00:00,2025-11-01T20:18:57+00:00,244
d3e5dde2811c158644f42d19c6abef1057d6249910326593b2f6dc5a8193b896,2025-11-01T20:18:54.444734+00:00,2025-11-01T20:18:57+00:00,244
e6f3ef34afe9092700e13ee48f6b6f42a54e698500fa37c87da0d2602c295107,2025-11-01T20:18:54.569956+00:00,2025-11-01T20:18:57+00:00,244
24e9520f1605f2cdcc99503beca77228e02496ebafa111a763d61eb77bdc59af,2025-11-01T20:18:54.698336+00:00,2025-11-01T20:18:57+00:00,244
d0d16fe1c7f0db27561647334b0fb4b0b0cfaecfa527fbb788cfa3c698d4b312,2025-11-01T20:18:54.820706+00:00,2025-11-01T20:18:57+00:00,244
647313b992e729a2e4b2e503330ddebd55d6ec302f2cabe0811d40c24152d1cf,2025-11-01T20:18:54.948441+00:00,2025-11-01T20:18:57+00:00,244
8001413954c9e84f314d48749ce3685970565a1147dd70d3345f5601255a03f0,2025-11-01T20:18:55.077093+00:00,2025-11-01T20:19:02+00:00,245
5bfe663e025a206469df3e5c4dfb6b86535fe82e82c354d6b9cfbc10a594da74,2025-11-01T20:18:55.208283+00:00,2025-11-01T20:19:02+00:00,245
af06df1e3db12c784144e6167bc9646c2b9fd814736f033cb2cddfb0b6a2fb3d,2025-11-01T20:18:55.333097+00:00,2025-11-01T20:19:02+00:00,245
00d69e1b1fedb4b0147c1818a1efc4e666c0de18a3f14ba9e65ba9343bc9bf67,2025-11-01T20:18:55.460282+00:00,2025-11-01T20:19:02+00:00,245
18b46276e78bce1e2693dc87bd20b2ab05a1e4fa5e2b19c2f53b8beba6beffde,2025-11-01T20:18:55.587740+00:00,2025-11-01T20:19:02+00:00,245
291ac3678849b4f9edcc53ffe64eedcfeb2bbe0f2b6d06546b24d7364a80035c,2025-11-01T20:18:55.711611+00:00,2025-11-01T20:19:02+00:00,245
2d16ea7d65ba69f9816fc4985f349dffc5441198cfb2f48355ab84c4307ab5e2,2025-11-01T20:18:55.840097+00:00,2025-11-01T20:19:02+00:00,245
711dcf84c394f64a11fb4967fc5784e0955f7f5f6f6bbae3b5ee46ad03b8d3de,2025-11-01T20:18:55.968428+00:00,2025-11-01T20:19:02+00:00,245
0f285454c68833ff3223c44e98a4ec6c25bdfd5f17c33a42297b99e37ab9faaf,2025-11-01T20:18:56.094886+00:00,2025-11-01T20:19:02+00:00,245
66fca2310296359ac2bd37b367950a0722dd673327b49c5f30141a4506a7dacb,2025-11-01T20:18:56.220533+00:00,2025-11-01T20:19:02+00:00,245
3612092da8952b50fbe25dcaef788998137814767bd1347fcb1e413059c32c9d,2025-11-01T20:18:56.345726+00:00,2025-11-01T20:19:02+00:00,245
8f307a4855b45e8e8b24cfe8d616342d9b7f96df2a1cc5065e990e24c6e188f0,2025-11-01T20:18:56.468486+00:00,2025-11-01T20:19:02+00:00,245
84ad0fff8a2eccb220859191edff3f6ceb6304e687fe400741168ac5551a428b,2025-11-01T20:18:56.598456+00:00,2025-11-01T20:19:02+00:00,245
545dfd36698aed41b03125428e7caac8c7c9d0b3cb04926d4fbe3aef254268b8,2025-11-01T20:18:56.723317+00:00,2025-11-01T20:19:02+00:00,245
fd9f2dac0998984d183921bd9e127a26a0f68d64d7125a2b855fe173f6132d05,2025-11-01T20:18:56.854085+00:00,2025-11-01T20:19:02+00:00,245
18fc0d3b65393b3162857a1c31c12682746679e487978578e5f930518ed97a96,2025-11-01T20:18:56.979921+00:00,2025-11-01T20:19:02+00:00,245
1f1be9d697ee1dcd348457d27d61a31c30b5064356b9d74b7b610d8d944f7875,2025-11-01T20:18:57.114040+00:00,2025-11-01T20:19:02+00:00,245
220397a22f561ef07d9576159aaef9948c7b9010ab018882ac5d97c822d9889e,2025-11-01T20:18:57.448592+00:00,2025-11-01T20:19:02+00:00,245
bc74223a65b8c945ad23479044a4deb54a9a1feb9a07ece9bca8be8e00f8b363,2025-11-01T20:18:57.573266+00:00,2025-11-01T20:19:02+00:00,245
dd96c1ec30e5bdaaa54b3b4adee3f0ae42b92d60091b0d7811bdf5cd21129d59,2025-11-01T20:18:57.702386+00:00,2025-11-01T20:19:02+00:00,245
31491a2f164a3f4b96ed39bc3d813ed56630cb5f530a40c2e0988866575fe45d,2025-11-01T20:18:57.826646+00:00,2025-11-01T20:19:02+00:00,245
f9b52ee06d5ec1df92e6dd49ad2a22930ee035d9700d755eafee9cc335c84693,2025-11-01T20:18:57.959194+00:00,2025-11-01T20:19:02+00:00,245
86419b557c8b3c2d0138b4a42aa95426d84d5f1bd04a9a109d9cd65de04d48e4,2025-11-01T20:18:58.088944+00:00,2025-11-01T20:19:02+00:00,245
78a0726f8b2117823a66b66b52f6dd387f285a067f3e4a802bf8843ba3b9fecb,2025-11-01T20:18:58.216197+00:00,2025-11-01T20:19:02+00:00,245
e72565a436eb57cbb48982ec447c330979470df3b83dccf9841524cc94137bc2,2025-11-01T20:18:58.343665+00:00,2025-11-01T20:19:02+00:00,245
cd99e1743c8560570c076da87c39223f27ebb8eca6066fb330f462005c46c0e4,2025-11-01T20:18:58.474284+00:00,2025-11-01T20:19:02+00:00,245
1d7d070a0f627a2788e04f487d1a36aab55da906fbec840158ae22e7f836742b,2025-11-01T20:18:58.602095+00:00,2025-11-01T20:19:02+00:00,245
e7fcb32cc6d02d83d0fdb8f3d31e190df898218e9c58e224c365cbfd5eb6c79e,2025-11-01T20:18:58.727823+00:00,2025-11-01T20:19:02+00:00,245
27d3600e02278a02fe8114af16a8f866a9398a8079e4ef740134d47f743d6dbe,2025-11-01T20:18:58.855268+00:00,2025-11-01T20:19:02+00:00,245
3986cf0abae94e9e4d904537e25a3be0dc0f71258577864fa68ab6dede728d62,2025-11-01T20:18:58.990140+00:00,2025-11-01T20:19:02+00:00,245
42e93c9b69ad71b68ac370f6553c1b854690b4b4772e8c671d1f2e3cfd39cd41,2025-11-01T20:18:59.128653+00:00,2025-11-01T20:19:02+00:00,245
5c1527427b937f76f06e37f5c08b9bfb3727b84422b1b73bdfe9310e07e6b270,2025-11-01T20:18:59.261828+00:00,2025-11-01T20:19:02+00:00,245
b78e0aca9785437fb2869048c3a104f22434836afcd555040dcf75b86c2c48bb,2025-11-01T20:18:59.395602+00:00,2025-11-01T20:19:02+00:00,245
c32a4a896cdd394e776a0fc0fe35be43d9820e34b29cead3d59ed3b43ae3a66d,2025-11-01T20:18:59.524180+00:00,2025-11-01T20:19:02+00:00,245
52bdd692bf9a6c680ebe799b0f42af316592c74a89c430fa7c4f32986ab4f74a,2025-11-01T20:18:59.650870+00:00,2025-11-01T20:19:02+00:00,245
2f0f44a4cb57b81fe6526caf0e748c0b3653cfff254a23f445743e6ad14a6551,2025-11-01T20:18:59.779187+00:00,2025-11-01T20:19:02+00:00,245
f13439d812848bdfa1cecafcf63e998bcf8aff48fb22cfe3dde1b5348bcedf61,2025-11-01T20:18:59.909248+00:00,2025-11-01T20:19:02+00:00,245
a3f3ff59175598fb03eda6b7e0388226854ad946a5aaaf401672b6d03a66053b,2025-11-01T20:19:00.037229+00:00,2025-11-01T20:19:02+00:00,245
59430b17ba85fd80a1a035748f93cda63c77c6a9e6497dbdd1015507605a09e8,2025-11-01T20:19:00.168409+00:00,2025-11-01T20:19:07+00:00,246
8ea1efcc65e1d82373f59101d5ae837f992b96a92b1e9a06be07a18b04f53865,2025-11-01T20:19:00.307869+00:00,2025-11-01T20:19:07+00:00,246
ac345b389e83c08458e6e67efe68cc9046ff55ca01f1d8bfb56d16e7b2ea7abc,2025-11-01T20:19:00.435007+00:00,2025-11-01T20:19:07+00:00,246
66b3da887fb7cf97d43cb37a9a077eba0eab4c5f4a3d64f6c15668605db45111,2025-11-01T20:19:00.559544+00:00,2025-11-01T20:19:07+00:00,246
2bfcca475a3ba2dae27491e681d56d1350f2a4789a0ceba2587d42f2416bf3d2,2025-11-01T20:19:00.687082+00:00,2025-11-01T20:19:07+00:00,246
c88b24d7692423c2bdef7a271607b1d2c5ab1156f82b650f84ab06d025532f36,2025-11-01T20:19:00.816002+00:00,2025-11-01T20:19:07+00:00,246
68672e6dfa05cbd1b90766cafee61ca7c5c47c284b217f782371f7ebfc24f19d,2025-11-01T20:19:00.942884+00:00,2025-11-01T20:19:07+00:00,246
42728f4c9e2bfa7cfd29d2549fc43629393574fda78cdee367f0e4772a2f5a7f,2025-11-01T20:19:01.072183+00:00,2025-11-01T20:19:07+00:00,246
7ee5087f8b193bb9fed161aa6f70076e5ce273284ed85969bdfa72a6457797d2,2025-11-01T20:19:01.204039+00:00,2025-11-01T20:19:07+00:00,246
cbda4e3926db3509db3eb6a3ae0f9cd2ebd4536a42f4b814fda3e9c0f592622d,2025-11-01T20:19:01.348173+00:00,2025-11-01T20:19:07+00:00,246
d4bc8af4794b2e21b17d9ee64a63996992770daf2eeb2f4ce29e6a668c6a3e04,2025-11-01T20:19:01.472277+00:00,2025-11-01T20:19:07+00:00,246
e017be9f0f5bf2a915ef041803dec504b64fa8605ff2ca8dca194e17fef17cc9,2025-11-01T20:19:01.598763+00:00,2025-11-01T20:19:07+00:00,246
6e23cf06188569910ac6864d93c4fa31a8ada6ab0f6c89e1f857eeddcca894d2,2025-11-01T20:19:01.727854+00:00,2025-11-01T20:19:07+00:00,246
0bb746773a1da39f86eba8c756443d26647dfd84bbbac725650f87d47bb52da9,2025-11-01T20:19:01.858536+00:00,2025-11-01T20:19:07+00:00,246
140e63375311431e661d9cf4dc7802feb0fc7ffea58f4df2beb72c755c390f3b,2025-11-01T20:19:01.987002+00:00,2025-11-01T20:19:07+00:00,246
b0fe5f8c1e3f652fe8e6bb9e8905aa76443376719752da31e629cbd9cf7b6a8b,2025-11-01T20:19:02.122565+00:00,2025-11-01T20:19:07+00:00,246
cfe9bfb7b2e70d56da1993a084bca13adef3068e40d4189a3a47e41e4779af86,2025-11-01T20:19:02.248623+00:00,2025-11-01T20:19:07+00:00,246
9ecb9eeee8e55d8983a73a65f2e96ed34bdd8a0c0593165870447ad390196fd7,2025-11-01T20:19:02.374557+00:00,2025-11-01T20:19:07+00:00,246
c649496da9ceb5619029551cc3801dfccc24f09edec5d40394e8bacdfdeab432,2025-11-01T20:19:02.708497+00:00,2025-11-01T20:19:07+00:00,246
10db8a8c50fa0da139a58d14ac89aa1d0cf8330515da1a9d1194414ca87366da,2025-11-01T20:19:02.836787+00:00,2025-11-01T20:19:07+00:00,246
67071e00947807dc15abc055a5bbb5b4f62f8aa66ec9e7dea08c32f94e3e2476,2025-11-01T20:19:02.967917+00:00,2025-11-01T20:19:07+00:00,246
6b6da7449bbe4f948afb8cd632b1e5cc32bd1985a409139825274c96a7ea0814,2025-11-01T20:19:03.094425+00:00,2025-11-01T20:19:07+00:00,246
caf0af964243593c66e516eccb56f312c086894f5ac39558f9242e344b163f8b,2025-11-01T20:19:03.223938+00:00,2025-11-01T20:19:07+00:00,246
6b58b87e5e4f4f575309534308bb108a49a6065515d3f7476232b29aa49bf04a,2025-11-01T20:19:03.352258+00:00,2025-11-01T20:19:07+00:00,246
d655f5884d0814ff4702151679d2178fab770cad5fbcaf1a61a9731ed93578f3,2025-11-01T20:19:03.479728+00:00,2025-11-01T20:19:07+00:00,246
55f94cdc042cf461bcb0bdbda3950fcc32ce0e33db43336b6c6e26796f1a3353,2025-11-01T20:19:03.607450+00:00,2025-11-01T20:19:07+00:00,246
e2fe6d4f892768c586c5734606ef3e4044a560421f8281105c9c58cd0c70558c,2025-11-01T20:19:03.738082+00:00,2025-11-01T20:19:07+00:00,246
51c47464433bcdf5b15163579cc3747259318ebdc767242c0044ac5b75b34283,2025-11-01T20:19:03.865337+00:00,2025-11-01T20:19:07+00:00,246
5178ce956c4dfaf9cc2443ff870ad1f6e3db121364bdfccb2b6cb11988b75d5f,2025-11-01T20:19:03.998153+00:00,2025-11-01T20:19:07+00:00,246
1aaa87ffc28c741b842b6811d36a2e89547da33fb88de2216e32129dca4b4520,2025-11-01T20:19:04.132383+00:00,2025-11-01T20:19:07+00:00,246
73e23afe4aca3a2ef6a37adc9a7632a7b5da271125aebd9c8307a82483b76419,2025-11-01T20:19:04.268506+00:00,2025-11-01T20:19:07+00:00,246
931f05b39d63a906dda01adb79d96fa04d2571ba90c7fc3861af5557cdcf44ca,2025-11-01T20:19:04.395530+00:00,2025-11-01T20:19:07+00:00,246
f79fc5f49aac7663e45a76f7ed765b0f9b1fe2bed43163cf820615f26babbfb0,2025-11-01T20:19:04.523604+00:00,2025-11-01T20:19:07+00:00,246
105983f7955490700818378ac7bb1f57cbee5379765ba748dfa5f501b0a0121b,2025-11-01T20:19:04.654289+00:00,2025-11-01T20:19:07+00:00,246
f5a54fd286fdeeece5139fb98491d70146c169e679120b13232c01dba069a6e5,2025-11-01T20:19:04.785959+00:00,2025-11-01T20:19:07+00:00,246
768a8c6e8d4acb2eaab36d142477cd9edbbef59d7e8eb822d3cf54d04181c11d,2025-11-01T20:19:04.919979+00:00,2025-11-01T20:19:07+00:00,246
cb721eb0ea64cd726193e460da9389f01cea2fea742c448ccd1a61834bb4def5,2025-11-01T20:19:05.050779+00:00,2025-11-01T20:19:07+00:00,246
f0d8cf3172e605a0dd9c565dae2ca0b0b67bc845f15a8ea44d48099ef7f8b146,2025-11-01T20:19:05.183580+00:00,2025-11-01T20:19:12+00:00,247
b35317f90687912d5601c477a3a9bd392d14992c97c7cf74a177b432dc0cf3f9,2025-11-01T20:19:05.315704+00:00,2025-11-01T20:19:12+00:00,247
44437bbd11cc65f71ddd9d23d6312f39b336b9ee9dd85e673c6e2aace69bdb6b,2025-11-01T20:19:05.444002+00:00,2025-11-01T20:19:12+00:00,247
044349894b1071ddaeeed718d2168547a42d148dff7259535b164846e58e718f,2025-11-01T20:19:05.577639+00:00,2025-11-01T20:19:12+00:00,247
0a7f1816ad675d57346f39c0a83c3f4df46e704d51b4575cf2b87f3957eb4ca6,2025-11-01T20:19:05.712163+00:00,2025-11-01T20:19:18+00:00,248
b02971f702243e7180854c5114dbdd80b1d7a9489b64294d956f905493a4fed4,2025-11-01T20:19:05.843797+00:00,2025-11-01T20:19:18+00:00,248
bba285b2db061527a354c61b2d28613b3dd782cdc6e996bdc36b0e4e71e51c6b,2025-11-01T20:19:05.973651+00:00,2025-11-01T20:19:18+00:00,248
d3fde29f7298ebeb3de68fb12be6459ea789577899eec96b3cef1a4a553ec296,2025-11-01T20:19:06.107194+00:00,2025-11-01T20:19:18+00:00,248
5a5828c10c2bf326c32a575b113522935bc887c2ebb0822e53aa45cbbb505c26,2025-11-01T20:19:06.237287+00:00,2025-11-01T20:19:18+00:00,248
d94367d58066bd62011bf344d29902608a74a55c9908883a20a548353255fbd5,2025-11-01T20:19:06.373972+00:00,2025-11-01T20:19:18+00:00,248
9c5874eba51f13401a2ff53c4baf0022db89690a58462f83950b8b316bc4cfdd,2025-11-01T20:19:06.502769+00:00,2025-11-01T20:19:18+00:00,248
20008fe303e17a4fabf53051eaecbc547c8821de449cb3b6204308c100ecf09b,2025-11-01T20:19:06.635768+00:00,2025-11-01T20:19:18+00:00,248
a2b7992baaaf56b93a0fbdd7813674222085f5c805e2c6feb5dbb1c2f6a76413,2025-11-01T20:19:06.771028+00:00,2025-11-01T20:19:18+00:00,248
5a0a248a1a0b01be83d357464db07ab105ce6b23e2f8a5f896c907fa50179774,2025-11-01T20:19:06.897740+00:00,2025-11-01T20:19:18+00:00,248
a447a5d84cca674545ecbf114d75203f1cbe0b8b501a754a56199765fa3a5bd2,2025-11-01T20:19:07.027957+00:00,2025-11-01T20:19:18+00:00,248
e71aa96a1c2c435ca8077ee2233da65bc34ecfa60f1ccb61d1341991064775f6,2025-11-01T20:19:07.157563+00:00,2025-11-01T20:19:18+00:00,248
4435b0acee847cef4d14015f530adc865f25504d4e171c46645c3e052c9f7938,2025-11-01T20:19:07.286795+00:00,2025-11-01T20:19:18+00:00,248
7939fabeaa3d9769b03d44eaf6a9d296f3108caa0dd678b7117613e2a459e6b0,2025-11-01T20:19:07.416433+00:00,2025-11-01T20:19:18+00:00,248
59186bbb52323af88b2c5de4ee1f9a4fac299ec4c9fa8f871364db457873d1e8,2025-11-01T20:19:07.547439+00:00,2025-11-01T20:19:18+00:00,248
c24bb01539dce53c9817965462768a6de55596a62a5fade507a4ab53391c24b6,2025-11-01T20:19:07.678489+00:00,2025-11-01T20:19:18+00:00,248
81c11b9aa21abef2e3aea202b36bd6b6eaf0180b750252a53e0d3a62c8419c02,2025-11-01T20:19:08.010764+00:00,2025-11-01T20:19:18+00:00,248
b5a91448824a9f412880e04cff87e9aefe2bb1dd3dca7c039b9c85d527d4693b,2025-11-01T20:19:08.137791+00:00,2025-11-01T20:19:18+00:00,248
1c3a806478174ef46b838e7df6a0c477d253070ebb52600ce105fed0336f826a,2025-11-01T20:19:08.268357+00:00,2025-11-01T20:19:18+00:00,248
8dd238d2913432e1ecc486df9f856a5b592c08a4ebc5318bf414512f7e58239c,2025-11-01T20:19:08.398592+00:00,2025-11-01T20:19:18+00:00,248
b91c7fa69516fc93b6d52c55d8a74560474906e875f42acbba6069db9969c006,2025-11-01T20:19:08.528734+00:00,2025-11-01T20:19:18+00:00,248
bb9a504f942846ce0cb7aab7b3c31696ecaa8fd979d6590fb33486a829fd2d18,2025-11-01T20:19:08.661173+00:00,2025-11-01T20:19:18+00:00,248
49adc2899184dccf3ba7cff4be84858d1c27582bfa7956312786b30ffdb4eb8f,2025-11-01T20:19:08.789492+00:00,2025-11-01T20:19:18+00:00,248
4b490fbfe0ec37b57df2ea0d4cdb3b59624311efe59d84890ea25240ae3228ea,2025-11-01T20:19:08.922945+00:00,2025-11-01T20:19:18+00:00,248
2caef05bf44a9098c2c41251224af6fd2e75a7b23519f2775709a6d495fd677b,2025-11-01T20:19:09.054890+00:00,2025-11-01T20:19:18+00:00,248
f1d226bf42f626a8f9fb83ba2ecff557cb79c8c3304782b7efd351f9a4e60862,2025-11-01T20:19:09.221563+00:00,2025-11-01T20:19:18+00:00,248
d70c5e7f1957e0121b0483f654ca9ffe08495b67c58edc6514102624c44b9766,2025-11-01T20:19:09.367817+00:00,2025-11-01T20:19:18+00:00,248
ac4e6a81498db48147088f2b7d3481f8c90954f5f7a89f3eb3bdcf6aef0cd8eb,2025-11-01T20:19:09.494277+00:00,2025-11-01T20:19:18+00:00,248
d00e5b11ec579a16699cc4b372020ac981e57a01ed7a25bb24d7f5aa704175b5,2025-11-01T20:19:09.625751+00:00,2025-11-01T20:19:18+00:00,248
5d71782779ae676fff1b79d531139ccdd0a60e5c5367d93d32c536d208326ee0,2025-11-01T20:19:09.756385+00:00,2025-11-01T20:19:18+00:00,248
f20d93d6c492cc2b8b2a4396ad110d0ea4a282e3cfad36ffeedfa6c161bf8420,2025-11-01T20:19:09.892886+00:00,2025-11-01T20:19:18+00:00,248
026910d4f465e78cdee53ec917f2f7ae80902d4f626cc101d30d7517a955c856,2025-11-01T20:19:10.027485+00:00,2025-11-01T20:19:18+00:00,248
386fb72e3ead8ef614190025f39059e54ce614f27759a57160b96366bf06925a,2025-11-01T20:19:10.157213+00:00,2025-11-01T20:19:18+00:00,248
f3ef2dc1f122b8c3ebc7d19e8a6255137eb26028dd7ac8329cc4e66a00732574,2025-11-01T20:19:10.286367+00:00,2025-11-01T20:19:18+00:00,248
997c06fb5b52687e9ec542055fc4f6b73a00e5d51ee1a48f8666fd6f6f05f2fb,2025-11-01T20:19:10.417919+00:00,2025-11-01T20:19:18+00:00,248
680a3b2e06c9c4d1aca9924bdb9237736bb49f29648d2cc8c5651663aa94d5ed,2025-11-01T20:19:10.546118+00:00,2025-11-01T20:19:18+00:00,248
b9dda8752531b6c9a43da96967974ff93a1704badfe2a3a32c0d36fd21c2da1b,2025-11-01T20:19:10.682391+00:00,2025-11-01T20:19:18+00:00,248
6ef7caa6fe198ef7325dd00fcfafd5cbd7ce14b277c4487f80e481356135bf31,2025-11-01T20:19:10.819310+00:00,2025-11-01T20:19:18+00:00,248
b6d6013fbaa321ec0537a66e5eb5948869a41b971fd1dcfc8b4c2886b9cbfaf2,2025-11-01T20:19:10.946303+00:00,2025-11-01T20:19:18+00:00,248
38227b2bb6e737152f90b1d22700e2a16081f1d2226d2f0c352ac971eb22bceb,2025-11-01T20:19:11.075386+00:00,2025-11-01T20:19:18+00:00,248
101ef00425fcbf2e663856171aa544aae6fa7665ef5ae092cf0ac2e5dd97ab4c,2025-11-01T20:19:11.207190+00:00,2025-11-01T20:19:18+00:00,248
61902c274120ca4148c7a17214d2aa54820ac4321ebe531b6fa57fd84a8487d0,2025-11-01T20:19:11.340147+00:00,2025-11-01T20:19:18+00:00,248
0e3ae27767b87a090d81ec0415c7db772c27b372671e62e830fe03fed0669674,2025-11-01T20:19:11.478723+00:00,2025-11-01T20:19:18+00:00,248
a6ccfb2dff8224cf180b347b3e607d5e64eb0102e2389a49db30e7a1ccb44939,2025-11-01T20:19:11.608761+00:00,2025-11-01T20:19:18+00:00,248
d701663aecd79750d77e03fb2ff3b885eaed4d05a7a344b487d8eb9d9cbc351b,2025-11-01T20:19:11.735979+00:00,2025-11-01T20:19:18+00:00,248
647062bccd9b0bf4a0a1332fb2bdfa296cf86cdd799ce340088f5962aacc6461,2025-11-01T20:19:11.867110+00:00,2025-11-01T20:19:18+00:00,248
cd52dfaa62e5e5be52f5f8c29f775d3139b07f4354145616870c278376e0d9e1,2025-11-01T20:19:11.999325+00:00,2025-11-01T20:19:18+00:00,248
d281f3b9caeba74d8d719c1fd72158ab8dac1463489321b44a1d08cbaac859d7,2025-11-01T20:19:12.126200+00:00,2025-11-01T20:19:18+00:00,248
90118e92eb20b2d08fea1c8d4050d54046ec1e9a67f76b91b21fc26a7b2dfd9a,2025-11-01T20:19:12.259446+00:00,2025-11-01T20:19:18+00:00,248
a50efcf352966c6a60dc245256103b2d04830cfe05ebef6e26725c25f558f0f1,2025-11-01T20:19:12.391909+00:00,2025-11-01T20:19:18+00:00,248
89cd939c994d5de93c87e4244fabb233c3319b722f12bd83be01e723f823adb9,2025-11-01T20:19:12.527174+00:00,2025-11-01T20:19:18+00:00,248
20c476a23098fd76f0036631461394abf7b173992fbe219599e06457ec343176,2025-11-01T20:19:12.660594+00:00,2025-11-01T20:19:18+00:00,248
5d4eb66c123642c35e0847b02a041d62a8d9b399b52292cd1f93ab7b0371c248,2025-11-01T20:19:12.799705+00:00,2025-11-01T20:19:18+00:00,248
dce94b9e1d81920bdaa05e3a3e3e1580454003b0b94a2ec4956c0392ef8e2b11,2025-11-01T20:19:12.932134+00:00,2025-11-01T20:19:18+00:00,248
ccd4aa8d105ff7668ccd399b2eb03ffdf9876feea29b1aac5468750bcc438bc5,2025-11-01T20:19:13.062813+00:00,2025-11-01T20:19:18+00:00,248
2deffe654247a710fae16fefa2c4bc268c824e85698ec01592a3a35aee43e07c,2025-11-01T20:19:13.194383+00:00,2025-11-01T20:19:18+00:00,248
d39e3a086e5bec693c61c3f102488f1cc4cabf1cb921c2f887623bc708159186,2025-11-01T20:19:13.326199+00:00,2025-11-01T20:19:18+00:00,248
72b272d0d421bc7b9efef689694f8ad9044084991ad7d2d802c8470f778834d6,2025-11-01T20:19:13.460733+00:00,2025-11-01T20:19:18+00:00,248
7a4d608657c5bebdb98edb6dd1c194d185220363f4b607e4d0c902156e5a7b43,2025-11-01T20:19:13.595180+00:00,2025-11-01T20:19:18+00:00,248
6be1b11c7e7f4b676c41c87035225115da93537f703393595383529fbd46c29c,2025-11-01T20:19:13.725899+00:00,2025-11-01T20:19:23+00:00,249
deee0d61c55d4e06abd2e3a0b0ac9b6387d30549a45d5aaf35c3e64d473feabb,2025-11-01T20:19:13.861014+00:00,2025-11-01T20:19:23+00:00,249
92cf14856a0c13fc83b7aa3910d525dc8a5b07377562f661418fc098c2b22154,2025-11-01T20:19:13.989983+00:00,2025-11-01T20:19:23+00:00,249
a1090445e1c3171c5802e6de11060d787c76d4ca5109e8c10a4d9673c8819331,2025-11-01T20:19:14.125523+00:00,2025-11-01T20:19:23+00:00,249
bf4a41aa5d0474d7374703c4162a907e9410095a4599a814bbf84088b8aa1a2f,2025-11-01T20:19:14.254417+00:00,2025-11-01T20:19:23+00:00,249
1da1b4ef09fabc48e2cf460432aa6b40c4228f8bf73a8ca3d9a9a687fd4a103a,2025-11-01T20:19:14.389660+00:00,2025-11-01T20:19:23+00:00,249
e5991083b9f15c00c7a26153beb4c6a491bb5e4411cc86534e25344f6a5c50f1,2025-11-01T20:19:14.522366+00:00,2025-11-01T20:19:23+00:00,249
72f6685cc4746b0a7fc70c411cf582ff7fc5aa9d1a3b680d9a2a67d2cd531cf2,2025-11-01T20:19:14.654545+00:00,2025-11-01T20:19:23+00:00,249
31f91de4264ab214df1d3444bc084178c5360d6210041f9ef33ce75b7b7e5aff,2025-11-01T20:19:14.790886+00:00,2025-11-01T20:19:23+00:00,249
561019ade5b3dfad817b95915cb448c49d01932b02b0b8c34d5d5205926189ca,2025-11-01T20:19:14.931281+00:00,2025-11-01T20:19:23+00:00,249
17dc4a98e44488aa5384b15f5dfce4a1ad6d99dd3c375ac2930b010ed38efc00,2025-11-01T20:19:15.064900+00:00,2025-11-01T20:19:23+00:00,249
7385cad9ffbad2786f32ef681678a583beaa6531eda4073f6673bda74bfd1e3c,2025-11-01T20:19:15.202148+00:00,2025-11-01T20:19:23+00:00,249
f80945b8995553cb38f352553727d3db1a58b887ce3b9e152cdc995581d3aea8,2025-11-01T20:19:15.332642+00:00,2025-11-01T20:19:23+00:00,249
898b86377a0e75709027bff8fa656af487b6b4fe50af3c87bdb86cf4f393cb6c,2025-11-01T20:19:15.459969+00:00,2025-11-01T20:19:23+00:00,249
aceb7467a344b953df9b2f5ee556baa216a787e4de9b522be5cb030eae349336,2025-11-01T20:19:15.597201+00:00,2025-11-01T20:19:23+00:00,249
ac39c72d49c69ab9e1523698b03c254271d696d69e7a1ba17c7b302c024e107a,2025-11-01T20:19:15.727155+00:00,2025-11-01T20:19:23+00:00,249
0daf29987932656cbcbe0f95b3f3591950f8d18c310f8b73e7fc9d1642341cd9,2025-11-01T20:19:15.863292+00:00,2025-11-01T20:19:23+00:00,249
c80f11fc7323ac1fb119efbbab74fe2b9e141fbc62a76303892f23a2a5cc3b1d,2025-11-01T20:19:15.996234+00:00,2025-11-01T20:19:23+00:00,249
aabef4771f6cdaf1b21352fa8ced693ea08c9b1a9d0e979087067cdafc949646,2025-11-01T20:19:16.131757+00:00,2025-11-01T20:19:23+00:00,249
d4be2f28e69083b13aa14f95bddfee072f11d02a7025c69544f3cc2b8d6a23b4,2025-11-01T20:19:16.265033+00:00,2025-11-01T20:19:23+00:00,249
48b6ed1306292379b78cbf326c770098a58c0e84cace8df418f9367b0a3203ec,2025-11-01T20:19:16.403864+00:00,2025-11-01T20:19:23+00:00,249
48be682a7a317a99c1f258b342b5a75ce39b8e52a87f4b27f2df9f8a75b37a26,2025-11-01T20:19:16.534724+00:00,2025-11-01T20:19:23+00:00,249
7e67f3f51880615c2e278459b281ba6a1f26db67755dfc9f2380b01767f22e0b,2025-11-01T20:19:16.667474+00:00,2025-11-01T20:19:23+00:00,249
32a2e097f57a2d06bbcf68b64161eef328c65370767b8010df9ea61a2c2db438,2025-11-01T20:19:16.799203+00:00,2025-11-01T20:19:23+00:00,249
d5f703c23ea5f15e674fdde5bf6979434015259b2eb100d9f3ec5b82c5471e0e,2025-11-01T20:19:16.932299+00:00,2025-11-01T20:19:23+00:00,249
340522f5d95a7f50d37656365a3a648b3d4aa92aca89061a57b6766f57dbd85b,2025-11-01T20:19:17.071767+00:00,2025-11-01T20:19:23+00:00,249
e4cdba6810efe5eae526a08e60948eb534cf4488b8ec62050babbab1e875429a,2025-11-01T20:19:17.202594+00:00,2025-11-01T20:19:23+00:00,249
345beeb9fdf3fd33f3059a8dbaa34016fc936e1a3d77e787eea12bdbf06554cc,2025-11-01T20:19:17.334524+00:00,2025-11-01T20:19:23+00:00,249
371f9159d61663ef1c9ff0fce6221d565e17a73fc2dc921fc765e0b8c00b633a,2025-11-01T20:19:17.468475+00:00,2025-11-01T20:19:23+00:00,249
62750e17d0e2a8011fcfdf4ac352eb1b8d5cda24c7006b48e8ca89a48b8034d9,2025-11-01T20:19:17.611923+00:00,2025-11-01T20:19:23+00:00,249
41f8e7a7c3b78bd43a445fb9bba8e90348190c10b6f6ebebf72a1436e8186768,2025-11-01T20:19:17.745556+00:00,2025-11-01T20:19:23+00:00,249
e95cadc6a8aa715a4513463334a98dfe3b56b72ff1f6a21131489bdcbf0d2f50,2025-11-01T20:19:17.878672+00:00,2025-11-01T20:19:23+00:00,249
d11e449e500ee7a563aff81417e93b12ef66b5c04177f49cac360be5f0a8909b,2025-11-01T20:19:18.013743+00:00,2025-11-01T20:19:23+00:00,249
798cffcaa27ce69c34ee71e10cd4c4b2aab6ca6118d9772a067222dc5231b6ee,2025-11-01T20:19:18.349804+00:00,2025-11-01T20:19:23+00:00,249
1afe592b8299a5fd3d7f2295ea86efe5d53c6fa03936292e45de55f7cb6563e8,2025-11-01T20:19:18.484488+00:00,2025-11-01T20:19:23+00:00,249
9297a717c45512d492616c0454af0fe07e905f78a347b0a471e78f129d9e8319,2025-11-01T20:19:18.612521+00:00,2025-11-01T20:19:23+00:00,249
6e6ad258f77f410ca204d27b1249c8219138de708d5beb90ac5459b7d367bb6c,2025-11-01T20:19:18.744524+00:00,2025-11-01T20:19:23+00:00,249
dedf33fce465df9a1d8041359eb22017efc45bd74693e79829b57fcbbc2ff90d,2025-11-01T20:19:18.869315+00:00,2025-11-01T20:19:23+00:00,249
946034b34ad394fc851d62aa5bb63520ec6afaf95c7032338742bb5ba6277c83,2025-11-01T20:19:19.001023+00:00,2025-11-01T20:19:23+00:00,249
709437b267a837f83f520d99460e2fbd97b552c4270bcd5f4944f79ac001520d,2025-11-01T20:19:19.164909+00:00,2025-11-01T20:19:28+00:00,250
8ef626c3a00cad327dfb5f1d74556b6290f30dc8b7fad3bf01b7a4222ff0acba,2025-11-01T20:19:19.296808+00:00,2025-11-01T20:19:28+00:00,250
f88c2fd372724b02481890e7d3559dd35397fb8fe9f4f29a325afaacb8c3605d,2025-11-01T20:19:19.424497+00:00,2025-11-01T20:19:28+00:00,250
aa3307571e07aa5bbbb7ecf0857246edd5c812c0fddaf98bed74388df8698078,2025-11-01T20:19:19.552124+00:00,2025-11-01T20:19:28+00:00,250
326be11775d51f559554cf6e2c0bd68134c71bd4ef8d9d4bec6a21c1e759c1e6,2025-11-01T20:19:19.682363+00:00,2025-11-01T20:19:28+00:00,250
d8bd7c648f6185c37eb994bbb05ea009f27f76b2095f566151e5335eb280c8d9,2025-11-01T20:19:19.817899+00:00,2025-11-01T20:19:28+00:00,250
dae4cb1d150ef74a87d8ce7777f0580cf759e22d2ade69d51e4a8815a9b99ab6,2025-11-01T20:19:19.949114+00:00,2025-11-01T20:19:28+00:00,250
6a90210cbbe38dc45f8eb7f7714b89347b1f26efa7e0be0233a15083250a8926,2025-11-01T20:19:20.083924+00:00,2025-11-01T20:19:28+00:00,250
ad94778b133b51ac4ae696cf1b14997afa86e80d76b80d675f8e92a59871ea47,2025-11-01T20:19:20.211139+00:00,2025-11-01T20:19:28+00:00,250
a90843fb02f117ac5ed535695dcab6bb3f2ed8930c371a997a19152b727e2ff2,2025-11-01T20:19:20.339156+00:00,2025-11-01T20:19:28+00:00,250
b661ca145b26065da0bcfb51e4ce672a5ae48a2fe50e1299cce87c0fb6c09b2b,2025-11-01T20:19:20.468180+00:00,2025-11-01T20:19:28+00:00,250
055d664b348e2d5f4a54282c2083f4d0d60e62d37468724e90916084e6d4f1e3,2025-11-01T20:19:20.595259+00:00,2025-11-01T20:19:28+00:00,250
bf6a3d046a9acef181856ee4216c7ca9acebc7e4278619acf40bcaa2df6b02d2,2025-11-01T20:19:20.724246+00:00,2025-11-01T20:19:28+00:00,250
8bf4ad712566ca13270a6c6386641a360e2ebc1466f5726a744b315359367d79,2025-11-01T20:19:20.858491+00:00,2025-11-01T20:19:28+00:00,250
69f29f81f0bab9e653beaac407b866748ad785e4024b64a42d380e7d372d6ecc,2025-11-01T20:19:20.989175+00:00,2025-11-01T20:19:28+00:00,250
b62777bf19c16373dda9018b8103070a54a5ea4a4c07af69b70b4d63e16d2ac3,2025-11-01T20:19:21.118828+00:00,2025-11-01T20:19:28+00:00,250
af77c1fadd601e1bc56e1cf8f9d650d0da7172dc72141977d92b93850cc8a50b,2025-11-01T20:19:21.244456+00:00,2025-11-01T20:19:28+00:00,250
c7c4ec2cedc4596846fd3ddf99124c0ed935d39c54564123e0a0d94395d09f97,2025-11-01T20:19:21.402005+00:00,2025-11-01T20:19:28+00:00,250
9c6e98e7b7cfbee190143560dcaf5371de327bb5921724bc366ad4587c1ee0e8,2025-11-01T20:19:21.529297+00:00,2025-11-01T20:19:28+00:00,250
6bb2ce202c82a55473c20ba8063e4506ae4c0a095da7b6d2b5835814db9e4034,2025-11-01T20:19:21.658686+00:00,2025-11-01T20:19:28+00:00,250
5510caec1e1d01a5e9c8939ff03872535d255a4fb3f77412213c80ca0ae2a4f6,2025-11-01T20:19:21.790829+00:00,2025-11-01T20:19:33+00:00,251
4a86e9caf3734e7544efb0f066e6225812022ac446dc891ce70366b9e91c9b1e,2025-11-01T20:19:21.921926+00:00,2025-11-01T20:19:33+00:00,251
14ee28358f04afd0ad813bff50a2ca74c1c96a6db5efe4cb4a8b59c5f5053342,2025-11-01T20:19:22.053274+00:00,2025-11-01T20:19:33+00:00,251
aa7cdbac6152d105bc1520411c6218168acb120f10b2b15d063d97b47e9d49b7,2025-11-01T20:19:22.179687+00:00,2025-11-01T20:19:33+00:00,251
cf7a015784cd4b4f32ebd378fb5e7bf7b37af9c2508df73dc52c09fe16ee59e0,2025-11-01T20:19:22.307043+00:00,2025-11-01T20:19:33+00:00,251
1770cfaaf0d33c007fd125d195e7562515ab1d12ca429960cb46322c2b59464b,2025-11-01T20:19:22.431678+00:00,2025-11-01T20:19:33+00:00,251
47b90324971fc3740e1840539b03f1063da4c913530cbd9011eb696425c5decc,2025-11-01T20:19:22.562361+00:00,2025-11-01T20:19:33+00:00,251
7b1254ebe6f44cd4854ac53a0b7f32155307b82334a57fd67471b6573fe5daa1,2025-11-01T20:19:22.690178+00:00,2025-11-01T20:19:33+00:00,251
4bde9c9593d432a11748962a9bcefb03765074fb89571cec47c944ae9c483a64,2025-11-01T20:19:22.823550+00:00,2025-11-01T20:19:33+00:00,251
746397d2efc6c58e17d9223874bfb1b8c40323444158fbbb8c30fac3175607e3,2025-11-01T20:19:22.951428+00:00,2025-11-01T20:19:33+00:00,251
a39d7389dba4d3e60f42d0c98ec6a599f6338a27a473a323709bbd8cae6aad64,2025-11-01T20:19:23.078346+00:00,2025-11-01T20:19:33+00:00,251
d8022b254474d428bb3bda8f3ef6ad043ecfa171e7ac136946d0d18a8a9aff2c,2025-11-01T20:19:23.208580+00:00,2025-11-01T20:19:33+00:00,251
5844f311b671b955759d655f678abf92b3fd6792025f67729d39190ca9fa5249,2025-11-01T20:19:23.337049+00:00,2025-11-01T20:19:33+00:00,251
19e404dcba8da76631f816257d6cda90a5ac502a05cd08e59b4eb2a1164d93c9,2025-11-01T20:19:23.667365+00:00,2025-11-01T20:19:33+00:00,251
cf3bf29ca912da57c5e68a930ba8b56ee2ff9a8b1be7ace34d7cd31239bc0781,2025-11-01T20:19:23.794493+00:00,2025-11-01T20:19:33+00:00,251
f9c692413c4795f3f5ed1107f691d71e54c7a67c72cdf5a1c08656b88cbaba0b,2025-11-01T20:19:23.923640+00:00,2025-11-01T20:19:33+00:00,251
ff05e2c3188b66f1dc52a70bccb66fb2646de47de17f6d5e24e8b80806184d24,2025-11-01T20:19:24.049002+00:00,2025-11-01T20:19:33+00:00,251
1b723b95147fbdc228f4373e56187169f75a0d793d4f773f0634cd6cfce0dd07,2025-11-01T20:19:24.175137+00:00,2025-11-01T20:19:33+00:00,251
b0400df8b2d6727183281501aa4cb3336e48d1382a7edcf2b880fc82b684a4c9,2025-11-01T20:19:24.302136+00:00,2025-11-01T20:19:33+00:00,251
7cf57a2f56cc9493c89c1cd2d762a4c986760ed428175ff0855e29efe06b525d,2025-11-01T20:19:24.427677+00:00,2025-11-01T20:19:33+00:00,251
61f8a887444a1adad6ba27199e25937019841fbc479a6cdadcc282eed7aa20cf,2025-11-01T20:19:24.554703+00:00,2025-11-01T20:19:33+00:00,251
1ab79f21f24e323248bb9058060af91615659c7db184a837ac83a43917a5f0be,2025-11-01T20:19:24.686364+00:00,2025-11-01T20:19:33+00:00,251
10f38afbab30fd2695fa4b9ad8cb805eca644ade88d1de3b57768c7a13986e2e,2025-11-01T20:19:24.827765+00:00,2025-11-01T20:19:33+00:00,251
8fa024bf4605169868e85698d57798b805878398e2eb6f7acc0bb58b02784ce1,2025-11-01T20:19:24.955481+00:00,2025-11-01T20:19:33+00:00,251
202f7a1b216d85ffdee4c3f0c83c4ce3f0b8f0cc4ef63b8aab085552ba21ddd8,2025-11-01T20:19:25.084226+00:00,2025-11-01T20:19:33+00:00,251
b41233eb30f41c75374669da745af9b3abbb7683c56945078a5e87167eea16db,2025-11-01T20:19:25.211563+00:00,2025-11-01T20:19:33+00:00,251
cb9ae92cca7714a25b3681932ed75d850d199e9dfbbc7da917a3088eb7f806a4,2025-11-01T20:19:25.342507+00:00,2025-11-01T20:19:33+00:00,251
976fce6032712f1817a15d58f9954651fbcc3e12eb12d86bdf3d9f3985fba9e9,2025-11-01T20:19:25.470831+00:00,2025-11-01T20:19:33+00:00,251
efe4658d89f164e18c4dfed7a4b4cc5761bb35b77949c8bda6d566f7440e7f6a,2025-11-01T20:19:25.598834+00:00,2025-11-01T20:19:33+00:00,251
3518346b58afb1868fb3405d0ae5db8971b659c0e736ce6717abb2ce8f37a974,2025-11-01T20:19:25.724896+00:00,2025-11-01T20:19:33+00:00,251
2a896e1b088be51caeb85130e0a7093ee640a9e56990eb0ec5664d6a6ae47f2f,2025-11-01T20:19:25.856697+00:00,2025-11-01T20:19:33+00:00,251
c1a9c29e0b24fecc6611dfd5a1690584ab072b0c01d37ae85073e6cc407e16d1,2025-11-01T20:19:25.984118+00:00,2025-11-01T20:19:33+00:00,251
86c2230cc214ff290d9dc6556f869d0f2919563108e2f7d5bcdae4d03460aec2,2025-11-01T20:19:26.111114+00:00,2025-11-01T20:19:33+00:00,251
61d7e053ba89436e71dba94dca1e9049695753dce57167449008b6301b82065a,2025-11-01T20:19:26.243515+00:00,2025-11-01T20:19:33+00:00,251
3fab3307d73ae80ad0038812d43b90a790b4b1a2fcc20de4b510d2af7f4b8271,2025-11-01T20:19:26.371830+00:00,2025-11-01T20:19:33+00:00,251
eb406b30132837b7b9b3beff08964067afa74612d37947c503b50d4d195eceb3,2025-11-01T20:19:26.497569+00:00,2025-11-01T20:19:33+00:00,251
8da9f3a8a368c8f52af4515efc2aeb34c2a8f201280589be7cf72eb2a15b4285,2025-11-01T20:19:26.636324+00:00,2025-11-01T20:19:33+00:00,251
e4d14b49940d67bc8cf2d3e9d2e0a1c3f840243818739fb94b866db642497e53,2025-11-01T20:19:26.768726+00:00,2025-11-01T20:19:33+00:00,251
3f4ed01891563eaf1e7ed39e4a47911877f3c8ef39d2f66b0c2b6ed970305fd3,2025-11-01T20:19:26.897176+00:00,2025-11-01T20:19:33+00:00,251
1d0f05f6f42d8d6b452c22c8aee03b61970f5ebeea6d660353ba9ae6df483d30,2025-11-01T20:19:27.022626+00:00,2025-11-01T20:19:33+00:00,251
46d83b707631909926a23ea636f6cb2ffb9a1cc71d1e17f10aa3c29e6ddaf561,2025-11-01T20:19:27.153292+00:00,2025-11-01T20:19:33+00:00,251
038543a42ecd18868b531e058cdae2aa20f1e51d5cd71667390001ab5733328d,2025-11-01T20:19:27.284584+00:00,2025-11-01T20:19:33+00:00,251
fa788f5555b26b0109d1986b2b2a910cb8e4f45fa8be3788325ce93a461d7e3a,2025-11-01T20:19:27.411525+00:00,2025-11-01T20:19:33+00:00,251
17222c7755b2970570acd04dd1f9aed73d211204f399b48571b1694b8d7ccb44,2025-11-01T20:19:27.540257+00:00,2025-11-01T20:19:39+00:00,252
172546d673b81b4a9b0b892719a1a2963e23fbf4c99860ea665bbe2c3cb1b196,2025-11-01T20:19:27.664682+00:00,2025-11-01T20:19:39+00:00,252
e9a65d14fbcdb52c7473a5baec3dde56f27a5bee6845453edeef0fc61d357a44,2025-11-01T20:19:27.804923+00:00,2025-11-01T20:19:39+00:00,252
235e6d4501ac744a311a9d72d33a66b5946a1832aed1357533084983d467e24c,2025-11-01T20:19:27.934782+00:00,2025-11-01T20:19:39+00:00,252
61b19bcc820b2b6b3b3e3c9002f73b7a71b84cc592a5181f050ddb1d80bd2a82,2025-11-01T20:19:28.058404+00:00,2025-11-01T20:19:39+00:00,252
f907ea4e8ad2ef6c61fbafeba808c2fb7d18986f32b5e229b70d11f91ff1a8eb,2025-11-01T20:19:28.186665+00:00,2025-11-01T20:19:39+00:00,252
e7b68197490582964b8434d8e351d8d375070bfc13e6072ff6450fcd14441927,2025-11-01T20:19:28.314750+00:00,2025-11-01T20:19:39+00:00,252
df18a564285e7600c70137c3969d76bf52ef6c4fdf1dc8c41f165a5730131d67,2025-11-01T20:19:28.441246+00:00,2025-11-01T20:19:39+00:00,252
a40c5ff66c1f5c4a089a8aff48d84e2a12556d03a991fc0a287a8fa71a196b54,2025-11-01T20:19:28.571994+00:00,2025-11-01T20:19:39+00:00,252
7d4133578b42c62d05c741015a7da34d07427cddba41dacf672f1325081620bd,2025-11-01T20:19:28.911045+00:00,2025-11-01T20:19:39+00:00,252
844780462e589e86dcd4642e4e58e55e27c6a177df507aa2ad36f9f526150dc4,2025-11-01T20:19:29.065463+00:00,2025-11-01T20:19:39+00:00,252
cb1eb9b8bb9598c36da0454dcd8d32f05854b7befe34f25621b40f4b1a87c1cf,2025-11-01T20:19:29.209609+00:00,2025-11-01T20:19:39+00:00,252
9a112d546b3ad724d6ad0a54f61185e9b5648a8a4d3c0579abfb98466329382b,2025-11-01T20:19:29.346512+00:00,2025-11-01T20:19:39+00:00,252
750f2da42f4d65197fb4ff32b682425b5e2080218aa9a150f643a844f64d27e6,2025-11-01T20:19:29.476092+00:00,2025-11-01T20:19:39+00:00,252
9c7ac23821ec8e9615fe3439a63c3b0b8c672a7e6804c20eeef6ccae8500a092,2025-11-01T20:19:29.606131+00:00,2025-11-01T20:19:39+00:00,252
292b7971762f02b7bcbaab6363940ec2f06f7ef6c691eddaf8b9484f4b787090,2025-11-01T20:19:29.735313+00:00,2025-11-01T20:19:39+00:00,252
4a9d1e5f149d88d901e5af254770f5692a8a6b3399f35266761fd2bc2324704b,2025-11-01T20:19:29.871563+00:00,2025-11-01T20:19:39+00:00,252
d6951bb5f08bc5601e088afbbcad2f4aacbb9bfca960800e4c78254555fd0862,2025-11-01T20:19:30.000418+00:00,2025-11-01T20:19:39+00:00,252
e9602b7ddcd992368d42a133cb01ac2328083a0b0e6d5e3fbb35e48c91fd60d2,2025-11-01T20:19:30.128623+00:00,2025-11-01T20:19:39+00:00,252
223ac5df7c16b8c70d34a406d9bfc4be879e908595c8b45e77afddca2c878083,2025-11-01T20:19:30.260162+00:00,2025-11-01T20:19:39+00:00,252
c966e2d0a2c80d6f941717d79f252e1463b5563768133377da2b6c7483ff7d3e,2025-11-01T20:19:30.384108+00:00,2025-11-01T20:19:39+00:00,252
2e5dff8a9908d98157238720b7eb755abd7c58af46c13fe6198900fc13081cd3,2025-11-01T20:19:30.515337+00:00,2025-11-01T20:19:39+00:00,252
6c2005b57bb1e3c9c2985a6c574ef63b972fa6926492205fcea9cac010aeeb8b,2025-11-01T20:19:30.640969+00:00,2025-11-01T20:19:39+00:00,252
4bbb133d94256ad65a0cbdc63cf22f98f543447cd45f7cdb9548f223cafd47ee,2025-11-01T20:19:30.770282+00:00,2025-11-01T20:19:39+00:00,252
15095f64b4066439a7b8be5a958248533769e312225ee9da79f14597fbf7b8ec,2025-11-01T20:19:30.900241+00:00,2025-11-01T20:19:39+00:00,252
a1f1fc706c95287982c9ff62139bb12326ea06686d9673864556c8338c056a7f,2025-11-01T20:19:31.036455+00:00,2025-11-01T20:19:39+00:00,252
0ef8103b5fd4632b05034ac18fe8f09ad0b892360daced748f1e9a86a71aa2f8,2025-11-01T20:19:31.171735+00:00,2025-11-01T20:19:39+00:00,252
eab77c03f4648bdce877041a30cb3e5c765b361c7abaa5d38127149aa4d6371b,2025-11-01T20:19:31.301986+00:00,2025-11-01T20:19:39+00:00,252
9b1384c8f24a4fb704c9734ca5cf0622d948efb145a6d5de7c9d02c5bf86959a,2025-11-01T20:19:31.450286+00:00,2025-11-01T20:19:39+00:00,252
684c4529e61e3dbbc6982ae66bf7d7e71451fba09c02b6c91060272d125a0571,2025-11-01T20:19:31.575573+00:00,2025-11-01T20:19:39+00:00,252
a9503bdd9185f3abda3aac1c080a95fca3f9a718181692d26c1fa1cd01f5db6b,2025-11-01T20:19:31.708962+00:00,2025-11-01T20:19:39+00:00,252
a5223a58cc90aff5809f70953b5fa864411e1dc7863c71d42ac17aa4d649c848,2025-11-01T20:19:31.836792+00:00,2025-11-01T20:19:39+00:00,252
7ad5f89b9507d6700db8a35bcd2fdf1cfdfbd55a2090df3e41132cfe757eb672,2025-11-01T20:19:31.968839+00:00,2025-11-01T20:19:39+00:00,252
8a5d1d00303238ca8d4ded27cfaaa49b1f4705be747add4a91a91640771c8eb7,2025-11-01T20:19:32.094879+00:00,2025-11-01T20:19:39+00:00,252
20eb71d49add5172679fd082a66940b81dabe7e4a5542ba2e7f82090a67d49c3,2025-11-01T20:19:32.222128+00:00,2025-11-01T20:19:39+00:00,252
f459aa82f4b87e187720f8e96dd13c5983a1d57b42de73f28a64c2f1294c4d9e,2025-11-01T20:19:32.352453+00:00,2025-11-01T20:19:39+00:00,252
4e7e7efd5ee724605f70cedba44f10733ac6fc70361d80bdafa349753b7477ce,2025-11-01T20:19:32.485277+00:00,2025-11-01T20:19:39+00:00,252
4e2331147869f8fe01b3c676942dbc85a92da1db2f8e701989c7c430aad6cb7a,2025-11-01T20:19:32.616728+00:00,2025-11-01T20:19:39+00:00,252
81ba155686e7aa411e261ce73d9a563c9a7ed9582d73673641138e897e6deb7e,2025-11-01T20:19:32.751346+00:00,2025-11-01T20:19:39+00:00,252
332145d0964e6e1b22ee37154b2f9948a2b5fa93ece002145729ec208509d170,2025-11-01T20:19:32.881428+00:00,2025-11-01T20:19:39+00:00,252
791117b398c6f50861545c27afacc81266ba77078a468201555001f27850e9f3,2025-11-01T20:19:33.015789+00:00,2025-11-01T20:19:39+00:00,252
9308b16867793710d9ac04b22089f07b2e03b2665b956bf2066c5c7017988c2a,2025-11-01T20:19:33.149329+00:00,2025-11-01T20:19:39+00:00,252
22883e8bb1603ada93a4cf91abbb430e45cd37bdc64bc9c983c06cc81f3db92c,2025-11-01T20:19:33.284016+00:00,2025-11-01T20:19:39+00:00,252
8875e03a460b974b32ebad320251eff794fe85500fd6eea7bb237abf79375227,2025-11-01T20:19:33.418285+00:00,2025-11-01T20:19:39+00:00,252
45d385610e43794c3c490c2f140b796503cd30165238a8252022b46387cace24,2025-11-01T20:19:33.550502+00:00,2025-11-01T20:19:39+00:00,252
68ce646921e40b495c36d9737895f9d1132e35c347116d07fc36b672f93c2038,2025-11-01T20:19:33.681569+00:00,2025-11-01T20:19:39+00:00,252
23d585174d7bcb16dea6e97f9256062223dfa68c05e75bd1cf40072e2711ba3e,2025-11-01T20:19:33.815121+00:00,2025-11-01T20:19:39+00:00,252
cffca174101a33ca15fe550e5e5261f11524e5864bfc17a7cf82980f2ba5e312,2025-11-01T20:19:34.153194+00:00,2025-11-01T20:19:39+00:00,252
022e24e9999283e961e3762c44227578d3d0cc7042ba6c553703c25fb8c7f0d2,2025-11-01T20:19:34.286170+00:00,2025-11-01T20:19:39+00:00,252
0933114b70ac9d67df73ccd52e952697faf677ba80a17783f6605f854746bdef,2025-11-01T20:19:34.414564+00:00,2025-11-01T20:19:39+00:00,252
fc6cd63c81544bcc1589e3a6a9e1c3689795366a29af0b59d2f8096d723e0921,2025-11-01T20:19:34.549310+00:00,2025-11-01T20:19:39+00:00,252
0b5b3b02904bdaa2343120b8f5d29db7cf2c3cd5d704b29e5824cce242c00b1a,2025-11-01T20:19:34.676524+00:00,2025-11-01T20:19:39+00:00,252
5f22f0e1342a37745b900975f8fc36ddbf04ded429dbbe7e7de5afbb504b0f15,2025-11-01T20:19:34.811809+00:00,2025-11-01T20:19:39+00:00,252
d80c750db8b10e5bacc1b9a2c289bc1f1b1e2c5ffb26839912fb0e62575777af,2025-11-01T20:19:34.944101+00:00,2025-11-01T20:19:39+00:00,252
d71e791c223a3958c333f5fb99f20b4f03dec59172bc4865942e45f8bd4a95b3,2025-11-01T20:19:35.077069+00:00,2025-11-01T20:19:39+00:00,252
7709ddc09e2d693f0f2c9c1df4695ceb0a68ca29f371bd7813a10ec7cc5fc9f2,2025-11-01T20:19:35.212478+00:00,2025-11-01T20:19:39+00:00,252
30d93002b5d0a0918314b78664deec87e18cc4423fea85ed181ed4d6c75efcea,2025-11-01T20:19:35.341718+00:00,2025-11-01T20:19:39+00:00,252
ca1056fc3d76ceea9765b7c082e38d54d0265b333dd6bde1c80c64ed1aaa1c0c,2025-11-01T20:19:35.472061+00:00,2025-11-01T20:19:39+00:00,252
dbcf42e92990e6502c5d0eeb7acf2c2bf84493a625e1a315cdf4a31f84869258,2025-11-01T20:19:35.604767+00:00,2025-11-01T20:19:39+00:00,252
9ec5e29318a230d8d2ca8105c72134d1a893020237da719676ae697efb3ec8ed,2025-11-01T20:19:35.741232+00:00,2025-11-01T20:19:39+00:00,252
56b79816f6d182e4b1f8f3e9b868df1d6bdf08aff2f871b0022df5e311318c25,2025-11-01T20:19:35.876077+00:00,2025-11-01T20:19:39+00:00,252
c08f0c407959f64eef0e9db4accb37daebc8ba51ead659f551163d2d253dc51c,2025-11-01T20:19:36.006137+00:00,2025-11-01T20:19:39+00:00,252
93284b20f28122dedd488c30f5ce4c97f6ac5d084de0ad2ce57d96d611538040,2025-11-01T20:19:36.140310+00:00,2025-11-01T20:19:39+00:00,252
d403924ea6fb0bf88aabae99738ad108d940885f104328ff91bc1a21f51f4b21,2025-11-01T20:19:36.274082+00:00,2025-11-01T20:19:39+00:00,252
e3408625b7fc49aaed6da65305bee00f6956e398531596b6de58b87f2f06f0aa,2025-11-01T20:19:36.412182+00:00,2025-11-01T20:19:39+00:00,252
b867c649c4fef7aa830405bc096a53446e04a4196c42628696d35b1a4d1ab455,2025-11-01T20:19:36.542688+00:00,2025-11-01T20:19:39+00:00,252
a7f6473c2a9ce09c06b4d9d3daed4fbd036512ef3da1454a92bacb5a57173dae,2025-11-01T20:19:36.672566+00:00,2025-11-01T20:19:39+00:00,252
6bf9cb47c755c197c4db14271f33cbaa3d8172d2add8afe6bbd1de7496f5248e,2025-11-01T20:19:36.805268+00:00,2025-11-01T20:19:44+00:00,253
e65c4b332d20cb341403f0c2a2494e0c318f2c73c313b26feeffe1118a21ef79,2025-11-01T20:19:36.938200+00:00,2025-11-01T20:19:44+00:00,253
fe18b29092e2c382bec4d08ce738baf7a7abe04bb869821bb78f347d2526ee7f,2025-11-01T20:19:37.073615+00:00,2025-11-01T20:19:44+00:00,253
bc9d4896eba580616bd97f7f4c074a295eb5953f428d0d09510206e218cfa3de,2025-11-01T20:19:37.205772+00:00,2025-11-01T20:19:44+00:00,253
604b9cf8fb05694270bd24ac20a68faa3e2c284cd07f92378643ed0ad6c35f83,2025-11-01T20:19:37.339875+00:00,2025-11-01T20:19:44+00:00,253
a5a6de88a2e1400831ea03c3871ec31e8b001bbea53edf577299c36dc877aa15,2025-11-01T20:19:37.467239+00:00,2025-11-01T20:19:44+00:00,253
ddbda082a93e847846707a697191cdac61fc361183235be1214f70547698f0e0,2025-11-01T20:19:37.597617+00:00,2025-11-01T20:19:44+00:00,253
0a021fcc909e521aed390043da32a5d9f37c8fe480da6ed0c6e0c9dc89958b72,2025-11-01T20:19:37.729887+00:00,2025-11-01T20:19:44+00:00,253
7582d418efe5f2b365fde0e2cb64368af073438dbcaaefd92a8a41eb0586899b,2025-11-01T20:19:37.860428+00:00,2025-11-01T20:19:44+00:00,253
f0cc9fc3ad4b305d41e401a4a9271af119d28eff4cd5c1b4e26b1134f7829d87,2025-11-01T20:19:37.992197+00:00,2025-11-01T20:19:44+00:00,253
d0e06200dd2ff246e02dc1964609071d5fdcc42ae86c31f67f658b333fa88aac,2025-11-01T20:19:38.129092+00:00,2025-11-01T20:19:44+00:00,253
7ea4d789a9d99a59b365b85443b4997b06730ec3e66c2c7a3f0acb6127ca5dae,2025-11-01T20:19:38.255215+00:00,2025-11-01T20:19:44+00:00,253
370db59583327529a76416bc9798f2eaccbb1804eb067cb8c539c1313125d6dd,2025-11-01T20:19:38.383827+00:00,2025-11-01T20:19:44+00:00,253
7c2e1fab8fbbbefc0f9c65b2335e06db0bf2d3167c16b8dfae06e48015e87ba2,2025-11-01T20:19:38.515245+00:00,2025-11-01T20:19:44+00:00,253
a0f37ed80579b62dd697a11ed5eb180fabe9343699077a4e027653f2e45534ce,2025-11-01T20:19:38.655288+00:00,2025-11-01T20:19:44+00:00,253
96bf7d9e7457e3c248fb7ddee84fdb1e800ada8939bd981d116c24decf53d63c,2025-11-01T20:19:38.788522+00:00,2025-11-01T20:19:44+00:00,253
6ec1714d3122e1642eb20c7a1f0d1f20a0f6d556e7e468e376e847c6d1735100,2025-11-01T20:19:38.924473+00:00,2025-11-01T20:19:44+00:00,253
c9ed3319082886236d46dc76a7e5af98d4843ee73bca7f7eb2a136d4fa29f94b,2025-11-01T20:19:39.058789+00:00,2025-11-01T20:19:44+00:00,253
f3333148e07ad7334ae27660cbb0a41eb74ae32c37955cb9f2727f6ca1746c84,2025-11-01T20:19:39.430441+00:00,2025-11-01T20:19:44+00:00,253
726803928b8bf22efae1be62b620600140d812c8ebf923158af61c214edd1621,2025-11-01T20:19:39.559774+00:00,2025-11-01T20:19:44+00:00,253
e16e09e72f3c12bac9878b3d61b2ab0c17973a6c30d43eb18c4897e480cd6935,2025-11-01T20:19:39.691096+00:00,2025-11-01T20:19:44+00:00,253
04b2c1e77cfbd96447bca0b0fa664bb9f18aa4ab3523530a847bd455b65ce50e,2025-11-01T20:19:39.821433+00:00,2025-11-01T20:19:44+00:00,253
6125ef532f94301ff9bee76a1b5a6918e284e4d32ac8d1b8418e1815424fffeb,2025-11-01T20:19:39.952509+00:00,2025-11-01T20:19:44+00:00,253
596dd1804e4c0a5d89f5bd9a902fc83e0a98cfd393949ce126f7dd4e1405c4d8,2025-11-01T20:19:40.083631+00:00,2025-11-01T20:19:44+00:00,253
b83d43ef14fe23e04c9c716ef2dbcd163b1ec1863e9046628cbc35b3a1c51834,2025-11-01T20:19:40.213103+00:00,2025-11-01T20:19:44+00:00,253
3e6225ac070944409b4489095a47b3e3a84cfe40244503ad72586d1eb517f30b,2025-11-01T20:19:40.336457+00:00,2025-11-01T20:19:44+00:00,253
e8ea78727ca1ed1b6aed75ed51ec6ca00c603380ef8d68f721c14acbd22a4fb4,2025-11-01T20:19:40.468093+00:00,2025-11-01T20:19:44+00:00,253
22df7294ba4b543839cb3fc6892b5d0698656dfee9bab799e32d5b16fdbbdea5,2025-11-01T20:19:40.598797+00:00,2025-11-01T20:19:44+00:00,253
e8c0afa9eaeb13d1b4debd293bd854640062f7fca039d0a3220e60d97a735406,2025-11-01T20:19:40.729063+00:00,2025-11-01T20:19:44+00:00,253
d684d249fe18484359bfd36eb38af43bd5a499a93f991c2edfa586585c54cab8,2025-11-01T20:19:40.864097+00:00,2025-11-01T20:19:44+00:00,253
64f370f5e094641b871aa6b43ffcddc174179913edf1e07f55a714b4f4a899ae,2025-11-01T20:19:40.996289+00:00,2025-11-01T20:19:44+00:00,253
9c536f8751e70a51ebed18be9cff9ea9379d88a1c9a321e01c3503d380e45337,2025-11-01T20:19:41.129938+00:00,2025-11-01T20:19:44+00:00,253
b9596379c63758f0d1709ce8eb00f615ba48edce81326bd2948222a941eec3c9,2025-11-01T20:19:41.259638+00:00,2025-11-01T20:19:49+00:00,254
232a8d15983bc8192f42aaa87e8999706794d01a9df1ef31e0e676c8a8b8b722,2025-11-01T20:19:41.415758+00:00,2025-11-01T20:19:49+00:00,254
7ee1d99fe18a0d4cba8aefc9fe6d03fe0f18061f4ed444dde85978ec613f0cc6,2025-11-01T20:19:41.550406+00:00,2025-11-01T20:19:49+00:00,254
66406018266dc4307e0cb7a96fc190251eb74276c7c86c20d7e5c7665bd4dc56,2025-11-01T20:19:41.682127+00:00,2025-11-01T20:19:49+00:00,254
ec66148604076efefa494248a061a0ad03b79d566fb635995029da412e5695c4,2025-11-01T20:19:41.809997+00:00,2025-11-01T20:19:49+00:00,254
24901198ce21655e24a63e540c7bc31e1244eddc351c056ae55993c3a4350650,2025-11-01T20:19:41.943722+00:00,2025-11-01T20:19:49+00:00,254
c3be6c6316d0221290208c336589fbd8876047a345bcb9bd4e4172e65a1519f6,2025-11-01T20:19:42.078801+00:00,2025-11-01T20:19:49+00:00,254
fabf52f4a457ae88e718b35db2eacd504952b3747ded374aedc519d210e911fc,2025-11-01T20:19:42.204866+00:00,2025-11-01T20:19:49+00:00,254
ca71e83e03adb25b8de364103fa03ab3464c6b631f9a8363260ce872dde44194,2025-11-01T20:19:42.343694+00:00,2025-11-01T20:19:49+00:00,254
2109af9639f1ed572602cb7a847882239ba213fa99612917b28dad23773ed590,2025-11-01T20:19:42.649053+00:00,2025-11-01T20:19:49+00:00,254
4a40ad6ec55f8dab489a02c9f830cd1cfa61d30a954da69f4ec5d9e17e87546a,2025-11-01T20:19:42.785603+00:00,2025-11-01T20:19:49+00:00,254
37f6c729431a0b863a76bf6255d64b37ef1b8c437d2c88977c980fc4b8cb46a6,2025-11-01T20:19:42.919469+00:00,2025-11-01T20:19:49+00:00,254
40d3956f7957b9675725205aedd428cfa1fa86c54fa240df7508b8212a48e174,2025-11-01T20:19:43.052118+00:00,2025-11-01T20:19:49+00:00,254
f20e99daf9080a0b1bc040709338ea07fea3bd044d7a228451377a5b8916900c,2025-11-01T20:19:43.188526+00:00,2025-11-01T20:19:49+00:00,254
0ffde8390e67e6bee4a3a0900f1f45ebc4c1e1d874e6e7bce882b72d91e09461,2025-11-01T20:19:43.321947+00:00,2025-11-01T20:19:49+00:00,254
f2d974803dc5dc48ea09cb708a2bee0913b2e9596dea095c0c4b6afc7942b29d,2025-11-01T20:19:43.451375+00:00,2025-11-01T20:19:49+00:00,254
5cab694f0ad069417edeb4e503505a094186cd1f0a0e9ab624f923658e284cd1,2025-11-01T20:19:43.580136+00:00,2025-11-01T20:19:49+00:00,254
d9172856215f19a2b288dffef51d03ae676702027c74fbe9fc2c047ed23bc650,2025-11-01T20:19:43.707890+00:00,2025-11-01T20:19:49+00:00,254
bf6aff8e6ba843b8e62a43d918f02cee90b225b83f7eddd52ea78c6e240f8db8,2025-11-01T20:19:43.843735+00:00,2025-11-01T20:19:49+00:00,254
5a6c034d8c63f15269eafbc63b359170da4debf74c4891fac1ec7599a85c6684,2025-11-01T20:19:43.975910+00:00,2025-11-01T20:19:49+00:00,254
744dd0e1326286d328adf2bcc41e76e199b5b02965a9ce25a9f03e0ea57fa246,2025-11-01T20:19:44.105514+00:00,2025-11-01T20:19:49+00:00,254
b547d1119e2c59762a409168912fcd39a309e7156f0ffaede94767736edb4ba6,2025-11-01T20:19:44.236738+00:00,2025-11-01T20:19:49+00:00,254
85942ca5fbf66b1586ccc43ca6b3eb23138a13fbfeb2f73872f52dcb45adaa9f,2025-11-01T20:19:44.365094+00:00,2025-11-01T20:19:49+00:00,254
4efc3216c479a5abe64cf3673a5a0f0dd62d302b9639face2261ff9d89370358,2025-11-01T20:19:44.699913+00:00,2025-11-01T20:19:49+00:00,254
04afbf43f857cbc46a6fb9f7332bdb1f6890c8ca1dd54180103528e406a35d2c,2025-11-01T20:19:44.828600+00:00,2025-11-01T20:19:49+00:00,254
5895c26029cf79fc4db4000afac746f9adcbe1120642564835c598acfc56678b,2025-11-01T20:19:44.959688+00:00,2025-11-01T20:19:49+00:00,254
1032f5ec4c8cbf32a02a280ac4ad3f21d1578dad9a5a320e7ec71d248fd55d6c,2025-11-01T20:19:45.096563+00:00,2025-11-01T20:19:49+00:00,254
89ef5b4f107a7c291e15ede5e8fcfffddda0b56e7f610e53d6845e925f33721f,2025-11-01T20:19:45.227957+00:00,2025-11-01T20:19:49+00:00,254
8ced961171a3231c783ce2ae59cde0b275a68aa0a3d6daadd0bca14119d733d8,2025-11-01T20:19:45.364902+00:00,2025-11-01T20:19:49+00:00,254
c5fe22a0560cdd35373d7f0c3f6b7263d9f5df176461842633863822c9c6e030,2025-11-01T20:19:45.495536+00:00,2025-11-01T20:19:49+00:00,254
aaa4decbeff0e63e94ab70d0e6e1cdea3fd1ac0608141c6611d95e380b42f2de,2025-11-01T20:19:45.628948+00:00,2025-11-01T20:19:49+00:00,254
97370a44c70c8c84b9ea0b71e9011bb93013b737e976744b393ab1f2a78c9956,2025-11-01T20:19:45.757661+00:00,2025-11-01T20:19:49+00:00,254
8ad45bd8d87f2cc1fc5d94068fe92d134535bf1bd0bf2d100c10d4d163c56098,2025-11-01T20:19:45.890492+00:00,2025-11-01T20:19:49+00:00,254
f33559e74f5075150d6ff6f7ee45bbd9f2d5e5ab6e4f8499c5eb5730ae67d48b,2025-11-01T20:19:46.020048+00:00,2025-11-01T20:19:49+00:00,254
6f90113cdf43128c6744e9b4c948bf2829208112442d5db5dd26430cc84279ea,2025-11-01T20:19:46.151335+00:00,2025-11-01T20:19:49+00:00,254
f80b0109b612d3f9ae76a1635e4ee4bba02267d4c96cf1930d8d287fca6e0504,2025-11-01T20:19:46.281047+00:00,2025-11-01T20:19:55+00:00,255
efe6e79ec5a9352af92e7ced63c177384f6b7dd0811d9f4f7f77550c49488be2,2025-11-01T20:19:46.412193+00:00,2025-11-01T20:19:55+00:00,255
7bdaa940364b738f38a768b647fbc4833e9a77c79e19877c4ab1b8c3c646dbbd,2025-11-01T20:19:46.545358+00:00,2025-11-01T20:19:55+00:00,255
5bb07737ad89b5b81e9b1b61259bc62355de9b6e3f6c38e1bd116d0eeab52ebb,2025-11-01T20:19:46.679795+00:00,2025-11-01T20:19:55+00:00,255
c680d4a843f99b1bdcbd38c1461d0702d48ee82bd964989249ac910e463c8c68,2025-11-01T20:19:46.815928+00:00,2025-11-01T20:19:55+00:00,255
073edbd57b00878b05f62246a6eccbe05efc8e1c90e31845f2d8dc5505361c57,2025-11-01T20:19:46.949196+00:00,2025-11-01T20:19:55+00:00,255
bad90036b5e22f7efe3ec38890a4345a405d232d079e81de360f5d8e12ed3739,2025-11-01T20:19:47.076646+00:00,2025-11-01T20:19:55+00:00,255
46b5c05dcaa4c5d44bf96ea7677c2afdb137b1ad43935d8f15d8c98c9ec0d43d,2025-11-01T20:19:47.208355+00:00,2025-11-01T20:19:55+00:00,255
56189249f0ca22d1add9ed1b28e2ed22bd69e83fa3ce84656b64368fdc20cb7a,2025-11-01T20:19:47.340078+00:00,2025-11-01T20:19:55+00:00,255
19e8b0cbc2ca597d05b1e1ef84ed71fe22c781324934b232e5c4def79d5fb399,2025-11-01T20:19:47.474522+00:00,2025-11-01T20:19:55+00:00,255
13b9759e463dae5137e7725e4e0cc9ca6c75c2ef6cbb8889424a846c8f0adf66,2025-11-01T20:19:47.607198+00:00,2025-11-01T20:19:55+00:00,255
7f9958dc0a55f14f7b8eeaffd3b980bfc6925f23040d259b5c919a294901685d,2025-11-01T20:19:47.744367+00:00,2025-11-01T20:19:55+00:00,255
c8f43e3071570a11f683389ca03f96cf24e87f862da56eaee377ba2f77e08216,2025-11-01T20:19:47.875235+00:00,2025-11-01T20:19:55+00:00,255
f997df8db85098c6fa949033d2c91b1f45d2f8edf716fccd7bfa4d13d0481d9f,2025-11-01T20:19:48.006933+00:00,2025-11-01T20:19:55+00:00,255
fc6aadb74eca0edb65ac98ce90d22bcec913def7ad860b3724f9968b1cbe7847,2025-11-01T20:19:48.139895+00:00,2025-11-01T20:19:55+00:00,255
60e6552ba5b98338223f7d0a57c9897654ad3ea3c1a273be629316c68a11dd09,2025-11-01T20:19:48.270464+00:00,2025-11-01T20:19:55+00:00,255
543245c96080c9911d2835051e94ad13d44183b479be7c19ca962b2b8239bb7a,2025-11-01T20:19:48.400451+00:00,2025-11-01T20:19:55+00:00,255
ca6e4bd4029b0952c8fd026ba3013863ff68560e08671fbc4b38c78d93f7bffc,2025-11-01T20:19:48.534947+00:00,2025-11-01T20:19:55+00:00,255
bff1d03b98c401a1bf0bc31f3f9c0676baaeb495bae9d1c812193079e1432e21,2025-11-01T20:19:48.664326+00:00,2025-11-01T20:19:55+00:00,255
8fa73812599c816d5922e9a39310d1cb23b5360ecc78ef24a12999b28fc1fbb0,2025-11-01T20:19:48.796165+00:00,2025-11-01T20:19:55+00:00,255
4373e0d20a7f34af8549f15fa84ab78831cd6ab3620f4a5d3fbf7c51958bf690,2025-11-01T20:19:48.929079+00:00,2025-11-01T20:19:55+00:00,255
ef4f82f29edd73d564260e8d10e70ed3324f04b4a68f01a05dd17d8eda578a39,2025-11-01T20:19:49.191387+00:00,2025-11-01T20:19:55+00:00,255
3a67cfcffc1148d13aec5e63e45c2e947a57d4e55596e705b090ef375d8205f4,2025-11-01T20:19:49.330779+00:00,2025-11-01T20:19:55+00:00,255
144c250523e54127c37096f527b0aaed50aca50e8c2512af0f13ce162408c738,2025-11-01T20:19:49.476162+00:00,2025-11-01T20:19:55+00:00,255
538b2a53ca255e6151c45c2ecf8746575ca1e9ce0b989639f01f227fdc724969,2025-11-01T20:19:49.610356+00:00,2025-11-01T20:19:55+00:00,255
5483a9eed74a870c8edcfcfca631a679caad310cecddfda225193c6d15d29089,2025-11-01T20:19:49.954181+00:00,2025-11-01T20:20:00+00:00,256
3f83619b8545a0202e3ecc73264c93bb3e5db14cddc682942981a89c1e2ace12,2025-11-01T20:19:50.086249+00:00,2025-11-01T20:20:00+00:00,256
affb62b0a38327cff950bd7fac1b546e31c1be16ec0d9462b0498f19793bcbb6,2025-11-01T20:19:50.219024+00:00,2025-11-01T20:20:00+00:00,256
41f414635fb176d1064c735542b7cd6cd75b15efefebcfa2aba1f5c77edf4854,2025-11-01T20:19:50.355552+00:00,2025-11-01T20:20:00+00:00,256
9c74e790edc5a7ce30de3579bdc89d83427622cfc49368e5ba8dd0754b71d389,2025-11-01T20:19:50.488348+00:00,2025-11-01T20:20:00+00:00,256
142da2e3be50408006ce86dbab51f9c72ed7e47113f1f47e9c31f6bab678cfb6,2025-11-01T20:19:50.616770+00:00,2025-11-01T20:20:00+00:00,256
9ca35a6378d6053a149975a1300391549e020245a831d86b128f4e7a44acde31,2025-11-01T20:19:50.745842+00:00,2025-11-01T20:20:05+00:00,257
f1fc86c6bea767b1ae8f817146dd5fcd42ba6e42f75cce96a7a6068e80185918,2025-11-01T20:19:50.875090+00:00,2025-11-01T20:20:05+00:00,257
83b4f554b5e877166cdf17ea334d04229edafa070be591a54d3c22fd58dd638c,2025-11-01T20:19:51.011560+00:00,2025-11-01T20:20:00+00:00,256
d5f6acf63778df95f09f14e3020b18f2b38ef63748df24cb90ed67bb63d46f4b,2025-11-01T20:19:51.145126+00:00,2025-11-01T20:20:00+00:00,256
f2dce0178aeb53bc6b0f477cabdf4c6bb5a3c3d883d24ff5f0555028ea2d7c14,2025-11-01T20:19:51.281029+00:00,2025-11-01T20:20:05+00:00,257
486c7fac7692df6f1532a8f80fc7068c16f9f23ae2d0f38760f6949330c24d28,2025-11-01T20:19:51.418744+00:00,2025-11-01T20:20:00+00:00,256
1956c8f2c53ace0dbbf38915a55a36062391a499a766d457c80ced472c9e4b83,2025-11-01T20:19:51.561129+00:00,2025-11-01T20:20:00+00:00,256
0a278982f6829c08c22451fc2d1bd13a680c67263d326ab3e5c66a7f6452fb09,2025-11-01T20:19:51.699837+00:00,2025-11-01T20:20:00+00:00,256
48d7deaeafa6f3c70c1a1a91117f4d8d0934fc030413916eed9fc885912c6e7a,2025-11-01T20:19:51.831410+00:00,2025-11-01T20:20:00+00:00,256
dc0c74e5717dbb1543b29ef92933f5b8add3d89fcfed44a519d9202cf2302c57,2025-11-01T20:19:51.965796+00:00,2025-11-01T20:20:00+00:00,256
99f3951b0875934e51a9f282d777d6c41a9deedff2eaf5c9853875ebd5edaba4,2025-11-01T20:19:52.101839+00:00,2025-11-01T20:20:00+00:00,256
a62e18d1deedcede9b924004f015dd4a79e2fa69f4eb89df2baa46e2c2573f25,2025-11-01T20:19:52.229394+00:00,2025-11-01T20:20:05+00:00,257
15c9cdfd74e9b9dc6e1a87bb06928bbbd23e72cd890c27e71c643184c6e7331a,2025-11-01T20:19:52.373239+00:00,2025-11-01T20:20:05+00:00,257
a0d2593b6bd983cee86e6b676f237eee311f015d30dcc6a68c96d0ceab8a6125,2025-11-01T20:19:52.506363+00:00,2025-11-01T20:20:00+00:00,256
901af06e18cb054021559270053a68e9884eed3eccdc208cdde24e0628badb10,2025-11-01T20:19:52.640358+00:00,2025-11-01T20:20:05+00:00,257
a04d858defed622236cf08e7c184998abc6071d504d226187ede5035559b0ad9,2025-11-01T20:19:52.779638+00:00,2025-11-01T20:20:00+00:00,256
bc6d8d06a5546e2b59512a65822475527a9e13f66696a287e31831b5f3049e1b,2025-11-01T20:19:52.911420+00:00,2025-11-01T20:20:05+00:00,257
67575001a265481114e36c1a487aae6d14031819f2cb88a07ae1042ff4615b98,2025-11-01T20:19:53.048894+00:00,2025-11-01T20:20:00+00:00,256
28f613f480dae9ce613b74fb31f3ecb6d540ac9566e4f879c4f85ad7b70fe77a,2025-11-01T20:19:53.182708+00:00,2025-11-01T20:20:05+00:00,257
c38cec984119d7aa898cb263db7432cf3c64e552a1b9057198e6358cf0b3503e,2025-11-01T20:19:53.316154+00:00,2025-11-01T20:20:00+00:00,256
5515ac1442a582b177a0c9f749dcb76e16a08469e74a97e03c2f48aaf5181e5c,2025-11-01T20:19:53.449085+00:00,2025-11-01T20:20:05+00:00,257
47df8eb1d3cf06df60ea70267f771b628d4b5eccd4fc3364f7686bb39fffacc8,2025-11-01T20:19:53.585618+00:00,2025-11-01T20:20:00+00:00,256
ddbf532e793750457c6b0d4b1f51269bf454f296ffd4101bb9a5724b0d060062,2025-11-01T20:19:53.725873+00:00,2025-11-01T20:20:00+00:00,256
6e36703bf17df3aea0ce5467f58d1b6b6d77169710e5be34f497408bf2568d96,2025-11-01T20:19:53.862354+00:00,2025-11-01T20:20:00+00:00,256
47a5d42ca7666f11bee71d6c8ec4b3656ae6150f530b09480c77ced5e8114006,2025-11-01T20:19:54.000645+00:00,2025-11-01T20:20:00+00:00,256
e5967ad08f9fa3f99606c859fa6737dcb992070fff0fb29c7442f490dfb8f35b,2025-11-01T20:19:54.136297+00:00,2025-11-01T20:20:00+00:00,256
f36fe951598bc49341fcd06f229bdee6c71734a24d33ff97fac1c8493c57fb5d,2025-11-01T20:19:54.269250+00:00,2025-11-01T20:20:05+00:00,257
201a44946e359ebc674b2d4abb7c3b54c520644b798032469cc1ebdc024e48bf,2025-11-01T20:19:54.401129+00:00,2025-11-01T20:20:00+00:00,256
0de517502d457309618d426d4943ba4e9bddd877804586fa0875c1e5713433a5,2025-11-01T20:19:54.535375+00:00,2025-11-01T20:20:00+00:00,256
bbc92f003b10eacd8e08184d7aa7aa65d8af7972f9f76988f6886c061e9129eb,2025-11-01T20:19:54.666783+00:00,2025-11-01T20:20:00+00:00,256
b37f66946a352e34434a815e1f78a25ace52e3e9411511719950fd376ec15fe2,2025-11-01T20:19:54.808868+00:00,2025-11-01T20:20:05+00:00,257
2d945b2f27cddd269d4e01da961c3c9059418a15f24ad23a2993fbe9ed93a01b,2025-11-01T20:19:54.936905+00:00,2025-11-01T20:20:05+00:00,257
dbd630d73e48bb5929efc376e370bf7f56352db570ab97f0c37121f7612882af,2025-11-01T20:19:55.275567+00:00,2025-11-01T20:20:05+00:00,257
92823c9952ba68245bfa4aac2f0e6e127673bedef95ccf5b35945af88a4ae390,2025-11-01T20:19:55.406615+00:00,2025-11-01T20:20:05+00:00,257
899c12a2493ce841c0297b6482b58cba72d2251113b08d0294da41c8d91b84b5,2025-11-01T20:19:55.536158+00:00,2025-11-01T20:20:05+00:00,257
10745accd645f18430570794f3fc18938014770087d245b376c40ddcfe2852d3,2025-11-01T20:19:55.673894+00:00,2025-11-01T20:20:05+00:00,257
2fc1af770b9da876ccdeb8e33e819111f7a5df3f53b211491f4bd64aea0219cd,2025-11-01T20:19:55.810201+00:00,2025-11-01T20:20:05+00:00,257
fcfbf9c16b65aa791d45dc9ce6be768344eaa76b31d07fdf74eb69f17f662ee2,2025-11-01T20:19:55.941580+00:00,2025-11-01T20:20:05+00:00,257
f2e4f5ba8f4a9d0d9f85c6633d3dbb9b22f68713c712d5ca8b7dcd56bb10758d,2025-11-01T20:19:56.070832+00:00,2025-11-01T20:20:05+00:00,257
c66a3432d587bb71fbc3c4bd15ef3a4e1d53d226873151167bff1baa8f931761,2025-11-01T20:19:56.201305+00:00,2025-11-01T20:20:05+00:00,257
22ba5428699c686aab2c761643a1e64d0c53156215598bc351619ce7283021df,2025-11-01T20:19:56.341196+00:00,2025-11-01T20:20:05+00:00,257
09f7a947c32bdc1072477e77a1f3c535fc0e306225b1d5dafb0b5422d8643523,2025-11-01T20:19:56.475286+00:00,2025-11-01T20:20:05+00:00,257
468332ed1e407cb51aceff0b1d332c8a31f776a71ab6c6109ca2f02c80bc85b3,2025-11-01T20:19:56.603766+00:00,2025-11-01T20:20:05+00:00,257
ed4daedf4872dc22898f5195d21e4a98f30a8626e4567366f797ef4993fdd52b,2025-11-01T20:19:56.734821+00:00,2025-11-01T20:20:05+00:00,257
ddb07059c50b0207485a2b14722df68fada34c2cc10b74d98705cfc252ef03cc,2025-11-01T20:19:56.863279+00:00,2025-11-01T20:20:05+00:00,257
442b12b94efc87157a4e406a5e030b5f71759b51be4e51972063b66d55d41db0,2025-11-01T20:19:56.991275+00:00,2025-11-01T20:20:05+00:00,257
184496c36b443a5880f3aede877dba2fad359e8c5d0e67cb1de3dc2674066d6b,2025-11-01T20:19:57.124071+00:00,2025-11-01T20:20:05+00:00,257
67c5d1dbf6f66c60d97d05b912b6190f410717adfe29c66d8b0429025baaffb8,2025-11-01T20:19:57.249896+00:00,2025-11-01T20:20:05+00:00,257
fe4e07cd7da8d0e8c78b31f5269d29bfbe456e951a4588d80c5022eeab87c9e7,2025-11-01T20:19:57.386734+00:00,2025-11-01T20:20:05+00:00,257
9ac75df35a55406d66ef5cf6beef07174a1a792a0653e057616c6c6ba3c26ed9,2025-11-01T20:19:57.516021+00:00,2025-11-01T20:20:05+00:00,257
6dd26d5eee8dfb001eea55b2d63017e6d81c50b21a4582109121895032187b12,2025-11-01T20:19:57.651686+00:00,2025-11-01T20:20:05+00:00,257
ebfee40782839a230bbc771c32bc73cf76c92a6988d8608d644ef17e63c87081,2025-11-01T20:19:57.779785+00:00,2025-11-01T20:20:05+00:00,257
1e4af5c130959f8dcdbf655e3823e35e672920045136d00b4483f7fd7f2cb72e,2025-11-01T20:19:57.908716+00:00,2025-11-01T20:20:05+00:00,257
582434e78745c1cb336df44b6efeb72eaf186d756f34b25a886ed08a7504bce1,2025-11-01T20:19:58.043799+00:00,2025-11-01T20:20:05+00:00,257
037fb7c882c2f9e7b743b71623ffe65c9bc122f02be84eeff372c916a80aac3c,2025-11-01T20:19:58.180875+00:00,2025-11-01T20:20:05+00:00,257
f36d15f63c50c4f267e6be6cea15d9caedf0397fb83b7c1ccd1c1ac985cb7ddf,2025-11-01T20:19:58.307498+00:00,2025-11-01T20:20:05+00:00,257
54248e47133b85e07bd30d4ca0b701030d36922948c13beb55dd6e67adb26746,2025-11-01T20:19:58.434898+00:00,2025-11-01T20:20:05+00:00,257
f63b51792e9a816fd82f4abb72678193dcb2707163b1f6ca9cdb9d88844c7b06,2025-11-01T20:19:58.563260+00:00,2025-11-01T20:20:05+00:00,257
1df0757fa0fccab1acc340669ef7d759b69464b121988ffddb5c712306e42576,2025-11-01T20:19:58.691181+00:00,2025-11-01T20:20:05+00:00,257
2a84353a9116a1a9663c628ea4443c4e747d577a4c4e3d7e57361c436ef87177,2025-11-01T20:19:58.818115+00:00,2025-11-01T20:20:05+00:00,257
e59d1a6d5571a0a597c4fdd42757efae2addb206d62f20606aa34eaac4f606e3,2025-11-01T20:19:58.955257+00:00,2025-11-01T20:20:05+00:00,257
4e1f8cedd8a3a9b12b0eb1fe405cc279c8bdb41e7d1fbf541a3a7bdfc97df933,2025-11-01T20:19:59.101693+00:00,2025-11-01T20:20:05+00:00,257
1c101ef578e26cfb5c05534f908a2ac4a7e61c5026582e21207469f878c62648,2025-11-01T20:19:59.243899+00:00,2025-11-01T20:20:05+00:00,257
afc8eeeddfce985158d30fe545a6512357dfccf7ea8947ed364fc419e22e31d7,2025-11-01T20:19:59.389132+00:00,2025-11-01T20:20:05+00:00,257
d47e36b3a9de69f42cf3c5d2aaece72f295f1d280deadd153bb0d79cade92a36,2025-11-01T20:19:59.517409+00:00,2025-11-01T20:20:05+00:00,257
7a73a8e4538e14cd573b5b852fe9aef69fdd92d1977f14e7cbeb5d7b0cdb574a,2025-11-01T20:19:59.648982+00:00,2025-11-01T20:20:05+00:00,257
762c8936e2dbbb241dd38123f39cf81bbefe44903f576a6c69092b6cf4b6596f,2025-11-01T20:19:59.775702+00:00,2025-11-01T20:20:05+00:00,257
2b4183de7ab88867b23aea5979c4683ce9abb145e7904330d72cd80a6995dbc2,2025-11-01T20:19:59.907249+00:00,2025-11-01T20:20:05+00:00,257
e11c6386ac41e4b8f99ff95731b98bb7857a239afb8b28147cc86717da3125ae,2025-11-01T20:20:00.038573+00:00,2025-11-01T20:20:05+00:00,257
1b57db2a2f6ba0420e4904a2b7bb7f99d93c9073fefac101abb2a08f8d5ee510,2025-11-01T20:20:00.170529+00:00,2025-11-01T20:20:05+00:00,257
7c086e201fabb1edeb6ebf17b5a98a0dcf83abbfcf994926fb704299b6bc741a,2025-11-01T20:20:00.304230+00:00,2025-11-01T20:20:05+00:00,257
ea0ef83deef947d5e494da77b6a91122c142a91aebf46f047b7ace55638a17c6,2025-11-01T20:20:00.430254+00:00,2025-11-01T20:20:05+00:00,257
dc2f1f73b5212933cc7de09347de5f82c29d194b00428dfaaad37a6f44ac8033,2025-11-01T20:20:00.568639+00:00,2025-11-01T20:20:05+00:00,257
28af3a0cc64e8e19478cfe09980515a902939e093ab20f7608acc4072ae2ef43,2025-11-01T20:20:00.699125+00:00,2025-11-01T20:20:05+00:00,257
34349abf08d837322b6acc8914250dc4c9c76285d293b323b55fbe0071078956,2025-11-01T20:20:00.831335+00:00,2025-11-01T20:20:05+00:00,257
9e4e774d30e6e2586b286f6960f8d6d3d11c44021e6970d040e5b76f34547e75,2025-11-01T20:20:00.961367+00:00,2025-11-01T20:20:05+00:00,257
97b9bcf0333a450c87e458423f52d9bda66c7fc7003f3df6cbdde90cd5e62de9,2025-11-01T20:20:01.093134+00:00,2025-11-01T20:20:05+00:00,257
4eb8d5fee84d24c2ff392fbb845ac3599da60cc57c2df965a480496e01d836d0,2025-11-01T20:20:01.225374+00:00,2025-11-01T20:20:05+00:00,257
5ab1eae9a3a6eddcc09b31e9767b83c163db6a19f5d08c2bfaa781248a943524,2025-11-01T20:20:01.367668+00:00,2025-11-01T20:20:05+00:00,257
5bf988e06f7451ee7f3ae937a4e00ca1cf3aa216028f65caf0834a9542160cb5,2025-11-01T20:20:01.496383+00:00,2025-11-01T20:20:05+00:00,257
fc86c9a6420e1a3cdb6aa62b653c770b569d2084dea23e51bd07219fb93307a5,2025-11-01T20:20:01.627135+00:00,2025-11-01T20:20:05+00:00,257
6cc5c948d18545eca8143722e84e4e31524b4973a5accc556c3c6b4d76480336,2025-11-01T20:20:01.754163+00:00,2025-11-01T20:20:05+00:00,257
75b2b361e59f8f72ae9dbc4adc2973a7fbc5e276a8bea1dc22647b0091432363,2025-11-01T20:20:01.889178+00:00,2025-11-01T20:20:05+00:00,257
5c9f49f53d8c625c74be1c74bc3229027967ccb0ea445929a74962c5be010f39,2025-11-01T20:20:02.025539+00:00,2025-11-01T20:20:05+00:00,257
9546c8407530c9c21a2e51928976bc0ae83c2e101468d08082dbd9617a3a1cb8,2025-11-01T20:20:02.158663+00:00,2025-11-01T20:20:05+00:00,257
c7602e6dbf77c69095f81081bd83b25b79b130cd7117dc8508dea8b725165e8c,2025-11-01T20:20:02.294501+00:00,2025-11-01T20:20:05+00:00,257
f4d5110e3a07027567ccaf77f7cffb74065f0fa0ae942e1277b07d9ac7ddd25a,2025-11-01T20:20:02.428858+00:00,2025-11-01T20:20:05+00:00,257
17cc78880147efffdfce92efade5c454a64fb66cd8e088b739167ad40bf2aa89,2025-11-01T20:20:02.562949+00:00,2025-11-01T20:20:05+00:00,257
a95bdd4292529e60c73763629f5bb0aad82ef540785af400358e3c2bceb4a7d0,2025-11-01T20:20:02.704083+00:00,2025-11-01T20:20:05+00:00,257
24f5b6ce52cd4936ebd9754563672a5fcbfab8cbc3e10d93c39652e123fcc451,2025-11-01T20:20:02.834265+00:00,2025-11-01T20:20:05+00:00,257
0963ccd5657acc5253b08b19bfa9e413a3a5583fead476cfe38c8b056b7444cd,2025-11-01T20:20:02.964890+00:00,2025-11-01T20:20:05+00:00,257
ea5c31b46e56218529e32ec58df7b121e251e0508c7c6e42339aa19cc2d99dec,2025-11-01T20:20:03.104330+00:00,2025-11-01T20:20:10+00:00,258
e19fe7aca34e635fa3fd6a594c67989ebf5136ae0de86a89c0d0613133a6757c,2025-11-01T20:20:03.238417+00:00,2025-11-01T20:20:10+00:00,258
90c7c4fbafdbc1c168e4212826d02bce32922833b5fda1278f149deb7660883d,2025-11-01T20:20:03.368624+00:00,2025-11-01T20:20:10+00:00,258
15b93c12a2e612adf42e24eca1fb7c8b71a62b1f335ba1e922fa2a6a1f52a5df,2025-11-01T20:20:03.505074+00:00,2025-11-01T20:20:10+00:00,258
301627a3ddba6b0c903c59528a8866fc157ac19fa2d7a85cc7ce6de829cf7437,2025-11-01T20:20:03.638286+00:00,2025-11-01T20:20:10+00:00,258
5d8534472563a1e1fa381b73fd09e38cb36354a3a19a8dafa909c6d88706ab36,2025-11-01T20:20:04.093668+00:00,2025-11-01T20:20:10+00:00,258
8d8d104d2c1d3049aea4b5c5ed576ac9b2bb488f3f752a315531710d39a3d5d7,2025-11-01T20:20:04.227365+00:00,2025-11-01T20:20:10+00:00,258
da438bbd7bcbf99729050f15b4212729ec5c5dd6ec55252401cfaeae4eb703a6,2025-11-01T20:20:04.366939+00:00,2025-11-01T20:20:10+00:00,258
fa98f4cfb18a76a2bbe4cf2563758929b7a95e705142fcd13dfc783f8efdaf7b,2025-11-01T20:20:04.505057+00:00,2025-11-01T20:20:10+00:00,258
582037fc19fd160c07d5d2316c3b036cf1331c32def81c7ba6f8351d23fc027a,2025-11-01T20:20:04.637082+00:00,2025-11-01T20:20:10+00:00,258
712f9b4b3ad9757a220580909463e70af9fda15297eb16a2d5276174f90b7bb6,2025-11-01T20:20:04.768793+00:00,2025-11-01T20:20:10+00:00,258
707379e55bac3b824e6cf84e53c1a39a186ff0c5c26f163c97ee16a9bd143a32,2025-11-01T20:20:04.900078+00:00,2025-11-01T20:20:10+00:00,258
086b9333ac65d4de07abc7f495f56bb55b8e8b3577398eee3652d9ee25b56a8b,2025-11-01T20:20:05.036514+00:00,2025-11-01T20:20:10+00:00,258
8519d26f7446b67288522e294b35b85336aa883c1c64c12f0139d8f6436372dd,2025-11-01T20:20:05.170590+00:00,2025-11-01T20:20:10+00:00,258
f218c495d38632309c89e411e08dae18769809e8808dbc9b14670b6611e1dfe1,2025-11-01T20:20:05.308102+00:00,2025-11-01T20:20:10+00:00,258
832ea781757f4af3bb7c6b4c8c035609f84edf34ecb45a0ebb5b58fe9f5b24a9,2025-11-01T20:20:05.677646+00:00,2025-11-01T20:20:10+00:00,258
6d8ec7415dae2c3dabc42c56a39877bafe59bff266a1e5ca4842fbfabd252ea0,2025-11-01T20:20:05.804639+00:00,2025-11-01T20:20:10+00:00,258
84c014f04b96d1c60f4ab927d63e210fff1ac08db0635f110f13e8fed5d34c6f,2025-11-01T20:20:05.935529+00:00,2025-11-01T20:20:10+00:00,258
7ef96be4666c595d26b5a2aadc3622a90b9dceaffff3b8d3fdee2cc341fc9f1a,2025-11-01T20:20:06.064983+00:00,2025-11-01T20:20:10+00:00,258
8982b002bb5defd50c0bf5d0940aee40daf94edb49ed3f6ac9cea54606a86e89,2025-11-01T20:20:06.198603+00:00,2025-11-01T20:20:10+00:00,258
577226c587d19043c1491f76c465a67c8295b375689fa4242138a79488101af7,2025-11-01T20:20:06.329560+00:00,2025-11-01T20:20:10+00:00,258
754a97138b46974c58079dfd3fb2d9647840d4cecf3d613f41dc025844df0c7c,2025-11-01T20:20:06.459397+00:00,2025-11-01T20:20:10+00:00,258
2e3121ed22f1fad4a571056e6096c6cf492107933d5478482c2ded5ef9a78841,2025-11-01T20:20:06.599415+00:00,2025-11-01T20:20:10+00:00,258
118b495f3f60cbe1ce047276170a15232497cd541ab9a070ba74ceab02576faa,2025-11-01T20:20:06.731294+00:00,2025-11-01T20:20:10+00:00,258
783915c9cb39bf712bbdd8de5029cfcc4ef6af2a34980b9f24f7b9ff4478cd7b,2025-11-01T20:20:06.866327+00:00,2025-11-01T20:20:10+00:00,258
3f17adefdc3cd71701add063ca58b5e26b8c2c14d9b6da91bb09a10536ab5643,2025-11-01T20:20:06.999880+00:00,2025-11-01T20:20:10+00:00,258
a5b7adf9677b7136d5dd37d5097e30c3bed38206949a4533588a4a315574e59d,2025-11-01T20:20:07.133433+00:00,2025-11-01T20:20:10+00:00,258
22b456a06064d08e14e7159cd830787cef671df32c48f0f45a9077dbc9b3cb7c,2025-11-01T20:20:07.265102+00:00,2025-11-01T20:20:10+00:00,258
a177cee86cce72334a797c253fe50dd0ec18cbb6a03e965403f82c135b3f998f,2025-11-01T20:20:07.395816+00:00,2025-11-01T20:20:10+00:00,258
17d7ec04ce43203b8ae9477bf586a874e0340baf8e0ccc7735944f91c01cdf2c,2025-11-01T20:20:07.528193+00:00,2025-11-01T20:20:10+00:00,258
d982c5a9aea1842c2cf83ed882a96aef2e06b68fd9730515282ad797c7782b39,2025-11-01T20:20:07.655382+00:00,2025-11-01T20:20:10+00:00,258
e5564ac5db9c8cf0a1216670b5360fbc6fd3515328fcfa2f5cf6ed559197a3d6,2025-11-01T20:20:07.791084+00:00,2025-11-01T20:20:10+00:00,258
c81232c64d5af7b6c2222137b8dbc493a66771ee14d9a28047dff1a4cbaa59f3,2025-11-01T20:20:07.924352+00:00,2025-11-01T20:20:10+00:00,258
eb975f1f858177fd6ad869f2aaa89a4e89766be65c54471a282424edc6d98fde,2025-11-01T20:20:08.056933+00:00,2025-11-01T20:20:10+00:00,258
af14498cdd898c70c560b6159bff974ec3a48e4879d9512d80f0214be4a0fa60,2025-11-01T20:20:08.188682+00:00,2025-11-01T20:20:10+00:00,258
f20b027d3dae81bce02217a1b95082284acb9dff901dfbc9c2c411425f7c079d,2025-11-01T20:20:08.322989+00:00,2025-11-01T20:20:10+00:00,258
189be7b5718e9754a9ffbff0c4f7f01ef06b38a7379a8e10cc20bdb30d681b3e,2025-11-01T20:20:08.455254+00:00,2025-11-01T20:20:16+00:00,259
8fef81d474c7078f571ea27f4dc81d4cae2f6d0bb67349d3633be0a2010b739e,2025-11-01T20:20:08.587955+00:00,2025-11-01T20:20:16+00:00,259
bfb7fdfeb88ec0e944cd9dd1dc39cd38eee899754621390859597a29c427200b,2025-11-01T20:20:08.724348+00:00,2025-11-01T20:20:16+00:00,259
3f5b76465c64fbbf9162ea3e4e6a3e9b7fb707a8e00329f043e899b73c290966,2025-11-01T20:20:08.859272+00:00,2025-11-01T20:20:16+00:00,259
db352aa273bea83103c82894b4d3ee5d9ac159f744a8ac76000fec1fca6eea0e,2025-11-01T20:20:08.993257+00:00,2025-11-01T20:20:16+00:00,259
6b07e2c71fdd5f9274ce18fd912a82b8d75d54fbae8ff4f6e4bc0a5f1f63b7f1,2025-11-01T20:20:09.133562+00:00,2025-11-01T20:20:16+00:00,259
6437187350a907eb6e1938cfebd4380ca8953173450b2adaa9b2e27087b45011,2025-11-01T20:20:09.269446+00:00,2025-11-01T20:20:16+00:00,259
7a8e74dec12284e4437041f630616ad984dfb55998bce52f5adbc774570958d6,2025-11-01T20:20:09.425794+00:00,2025-11-01T20:20:16+00:00,259
a3739eb7a7bd1ee5f0f232bfb3a9d49cebe44acc188c61a2daf8bd3e768b6c95,2025-11-01T20:20:09.558491+00:00,2025-11-01T20:20:16+00:00,259
f0fc16310bd143e92aafbd97e8fe88db1facd0437de42373a6244164ed86a7e1,2025-11-01T20:20:09.691764+00:00,2025-11-01T20:20:16+00:00,259
8f9e09eeb786d59cb01bc203ab9552015f06d912625b4c971abea6605d83fbf0,2025-11-01T20:20:09.824977+00:00,2025-11-01T20:20:16+00:00,259
407c0776f0ed69f9e637d95384c28932cd2180505c43032a540f498a5905f4ec,2025-11-01T20:20:09.960971+00:00,2025-11-01T20:20:16+00:00,259
3ba4826ada884b1604fcffca0cef96decb31af1578b068ea7efa4a81e3d3c4a2,2025-11-01T20:20:10.094791+00:00,2025-11-01T20:20:16+00:00,259
d5618905f6a757ea77095bba06a6977e878579fd34a5900693f7124c8ba3ded1,2025-11-01T20:20:10.225480+00:00,2025-11-01T20:20:16+00:00,259
56bb7ae95e6319d2ea1d34eb6c55f79da2533b09510bc0cd5ae0ef560de148d9,2025-11-01T20:20:10.366298+00:00,2025-11-01T20:20:16+00:00,259
5ddbe89f43bbbfb86b16c32d6e60d176c592b64bf2a05b58eabe5a56f95aa4eb,2025-11-01T20:20:10.496246+00:00,2025-11-01T20:20:16+00:00,259
73b74de82648238d3fd2a5a9d036b822add3013ebbf7b6a426f8b126cf0deeb3,2025-11-01T20:20:10.626160+00:00,2025-11-01T20:20:16+00:00,259
52939433d610ffd1ec7a491d9b5998acfd8de1e19be55111b111f18d34e81a1a,2025-11-01T20:20:10.960190+00:00,2025-11-01T20:20:16+00:00,259
ac8844e9d368d71e22453455d67049ae5de85660ae76db3c65a3a298960aae03,2025-11-01T20:20:11.093887+00:00,2025-11-01T20:20:16+00:00,259
7f12cd26660b233649dc714280b14e693781bc0e165dda0083993acb51b94c21,2025-11-01T20:20:11.230519+00:00,2025-11-01T20:20:16+00:00,259
03c23e3693afe0508e6196c14936eaa658dded013330e0c7babccf517ea21d93,2025-11-01T20:20:11.367975+00:00,2025-11-01T20:20:16+00:00,259
4a4b785e82abed9dc38a3fee76a06292288088410dda1c7edada2b35ccc88fcc,2025-11-01T20:20:11.520140+00:00,2025-11-01T20:20:21+00:00,260
042c75adf79987fdfdbbe235ab4fbf9bae353d2a637bbbadfdf19907b7929574,2025-11-01T20:20:11.654239+00:00,2025-11-01T20:20:21+00:00,260
b15981cb3bfde69ec574333e3430e48a88caecf3c0094e013d3dc496473425ec,2025-11-01T20:20:11.782124+00:00,2025-11-01T20:20:21+00:00,260
d51fddae5845d03a22d22ae46d3e58ce824c38311640d18cdf5a31d30255195c,2025-11-01T20:20:11.911880+00:00,2025-11-01T20:20:21+00:00,260
a1a0ced306476fc3ae9f48c1da8d32242118a43ea22a70c479e21152eeb51142,2025-11-01T20:20:12.041625+00:00,2025-11-01T20:20:21+00:00,260
b4a28c0824c1ba62f9457657f3aac2837085c294c29b1d6b33f1f84e11bcb10c,2025-11-01T20:20:12.190863+00:00,2025-11-01T20:20:21+00:00,260
b26f7ef100d2efa46fef889f2a99de1832ef7ba94c4427ec31c0fe97ea6c6332,2025-11-01T20:20:12.331470+00:00,2025-11-01T20:20:21+00:00,260
992bbb5679302a882c55c1a440a92799e63e6c84ffa2a34ad6180db9a4e20a43,2025-11-01T20:20:12.465444+00:00,2025-11-01T20:20:21+00:00,260
0bdaf3d0a74db1587d4a6920823886be697ca8ec1a1671c8f4402e1314ee1aeb,2025-11-01T20:20:12.600073+00:00,2025-11-01T20:20:21+00:00,260
cad03e4adb14483062ca6f2886c5e7f22b3eeea949be6bf133d729a92458f6c7,2025-11-01T20:20:12.742389+00:00,2025-11-01T20:20:21+00:00,260
d3b4db8707bec2fba819872494b4b1a0284c87cc5f15ec68fabb51edfef33c4d,2025-11-01T20:20:12.878700+00:00,2025-11-01T20:20:21+00:00,260
5ea10eb8b89a53e005d735476ddeae4b27a3948002eaebecb1305fb6c188c575,2025-11-01T20:20:13.018073+00:00,2025-11-01T20:20:21+00:00,260
1b6a49bbf37b1b43d16479e8b7fa04278806940171cdea1417f03a82a1231d9e,2025-11-01T20:20:13.152048+00:00,2025-11-01T20:20:21+00:00,260
51572d854bc9e3a14c1b1fd551d6e5064927126fde7641956199085e7420bd52,2025-11-01T20:20:13.286342+00:00,2025-11-01T20:20:21+00:00,260
75aac28e8a689a2544e8a3d3c4b559e570660e3cf4f2f773f363260f58cc4896,2025-11-01T20:20:13.415575+00:00,2025-11-01T20:20:21+00:00,260
dc69f243d300454ed2cbc0d4c5acf859640ec0262b5cf3d593b04c821f7e06bc,2025-11-01T20:20:13.549010+00:00,2025-11-01T20:20:21+00:00,260
9ccd502d10634a26966115bbb1704dced55d1dd4954f1be9603f2d7d554d085d,2025-11-01T20:20:13.680789+00:00,2025-11-01T20:20:21+00:00,260
ad11f1665039d2ebb6b6d65b0d4dca26fbc356caffa5f73e7d2fe614f836dc1d,2025-11-01T20:20:13.812727+00:00,2025-11-01T20:20:21+00:00,260
99138e2fd71122d3fd378667b649b326c4e9f8ef9ab6e1b6ba7ddfe3e60d564e,2025-11-01T20:20:13.947001+00:00,2025-11-01T20:20:21+00:00,260
e57523ac8e9afccfd85ccf7220dc0d08b82de87357e10f329f1acca17cd0aaf3,2025-11-01T20:20:14.075424+00:00,2025-11-01T20:20:21+00:00,260
5407a929e76ad4823d75a84c8a6d79a371d157a284dd13d8f8ad8c3ba8bce17a,2025-11-01T20:20:14.207108+00:00,2025-11-01T20:20:21+00:00,260
f9111b104ca4d87296a6e16623b81cdac4dbd3415c850067eb9ffe0b45c56aae,2025-11-01T20:20:14.338112+00:00,2025-11-01T20:20:21+00:00,260
4849fefec3a2f883585eb14006eabae3649e3e57fc1837b9dc9769c06b508a23,2025-11-01T20:20:14.475064+00:00,2025-11-01T20:20:21+00:00,260
deca0fe93fe49973faa04618c39ce73051ceab63237e1dbf21c1d74d02733372,2025-11-01T20:20:14.604404+00:00,2025-11-01T20:20:21+00:00,260
8bd8f85e33178ceed00d991c98489b0e382c0ad38e1290befb1703180027181c,2025-11-01T20:20:14.738601+00:00,2025-11-01T20:20:21+00:00,260
854b4bafebaeeff41276d3e2e771aec09e97ba007848b73ca7691939544967ac,2025-11-01T20:20:14.877365+00:00,2025-11-01T20:20:21+00:00,260
6ad2a87ed575696046c5f079c180460e6c59e235cf6f18f406ce83eea5c70c78,2025-11-01T20:20:15.008400+00:00,2025-11-01T20:20:21+00:00,260
6443218baff7d0664b98e46cbea0ec4541b7f1bddf7ba93dcfa1f4bb4e76c77f,2025-11-01T20:20:15.142142+00:00,2025-11-01T20:20:21+00:00,260
cb3ea23822c32d45f3805d4a93ddbddd35ebbd154564fa79de522fe135961477,2025-11-01T20:20:15.278205+00:00,2025-11-01T20:20:21+00:00,260
1fcdc0d98616e4f580a367fd313f46d55b000f679c3eae8b4c1d2090523ff28d,2025-11-01T20:20:15.411186+00:00,2025-11-01T20:20:21+00:00,260
541adfe084cc5beebcc7d708727ea8acb78953fa8ec1edaade6803913cfe911e,2025-11-01T20:20:15.546366+00:00,2025-11-01T20:20:21+00:00,260
836d12ac484ac8b26d24d97d74adbe897bb2ec85d800e3a2b8eab1ed18fd76df,2025-11-01T20:20:15.679340+00:00,2025-11-01T20:20:21+00:00,260
a7564a0c5426dddedaab11cbf401af0f87886f84c2fa58e8729bd0c031541d04,2025-11-01T20:20:15.818315+00:00,2025-11-01T20:20:21+00:00,260
230ff77637112bc527a400eb0cadc0fc71fe4783f52b58db530ce9db9293047b,2025-11-01T20:20:15.957658+00:00,2025-11-01T20:20:21+00:00,260
09acc96d024d45879edc0012f4f1c9314f15df48939186dab8a545a12e074ae3,2025-11-01T20:20:16.295671+00:00,2025-11-01T20:20:21+00:00,260
a26f68189212357b8c78410eec3a5554469a0955f6a3b1b318cdb94ab02b81b0,2025-11-01T20:20:16.422388+00:00,2025-11-01T20:20:21+00:00,260
f7e8f946f58537347bd106dfe4c1761ca403762bc2edb4de2532518003d6161d,2025-11-01T20:20:16.555809+00:00,2025-11-01T20:20:21+00:00,260
d257a47ee6ddf319707e9045cdf67b095295755e47c9a71c11bf30b5ff6a8770,2025-11-01T20:20:16.687857+00:00,2025-11-01T20:20:21+00:00,260
e68537631bae17626f35f2737ea70eea41ddf10c5c2bb21fe3dda6d257aa24c0,2025-11-01T20:20:16.818460+00:00,2025-11-01T20:20:21+00:00,260
62a527077a13c2fdfa02582ec9337588aa1da8b08f4635189774d3774c8564a5,2025-11-01T20:20:16.949001+00:00,2025-11-01T20:20:21+00:00,260
86bb8fb87931df91b6dc0c12d7ee1ee4ddc4b5a0e41461cd8a27c66423ab69b5,2025-11-01T20:20:17.073775+00:00,2025-11-01T20:20:26+00:00,261
9f590dbd1f1f69c49f94cd9f01038df6687aeb0c5be58bc682cfbfd021b66719,2025-11-01T20:20:17.205425+00:00,2025-11-01T20:20:37+00:00,263
86192195107158b5e8d9c199c21d4bb4caf08a6e78c96262dfb464ac7c3239b7,2025-11-01T20:20:17.340186+00:00,2025-11-01T20:20:26+00:00,261
cd1cbf234541b1435ddecdd4d9ab72796f1b93a281d0150297bd6db73a85d623,2025-11-01T20:20:17.473563+00:00,2025-11-01T20:20:26+00:00,261
2cd1219217a270706d6a35af7851c264e34ca7dfbc5492e29d1beea137ff16de,2025-11-01T20:20:17.612102+00:00,2025-11-01T20:20:26+00:00,261
0ed6ed68705e6fc1f31ae2090bec5c4904931a70c8a250064c556d9124758c53,2025-11-01T20:20:17.755351+00:00,2025-11-01T20:20:26+00:00,261
61ba599bc4f75d8a31f24f0d15e21bdeee447107cbbcbaae4bc74c5c4ffb22af,2025-11-01T20:20:17.890305+00:00,2025-11-01T20:20:26+00:00,261
19aa70a2023c4aa0d80ebfaeddc1a70b588776f732073a50cd03992224adeaf6,2025-11-01T20:20:18.056179+00:00,2025-11-01T20:20:31+00:00,262
259ad8a534604304391438ff475966ed9b87908d6b1ce0c20c28111ca055066d,2025-11-01T20:20:18.195205+00:00,2025-11-01T20:20:31+00:00,262
dfc6af31522967f862ac7ab2dedbde0daf9cf65fd0385e9af0d6fafd5814ecef,2025-11-01T20:20:18.326827+00:00,2025-11-01T20:20:37+00:00,263
6a50ee48856e8501d311bf36732e517ad4f3ccdb1170486101f397b1d2537058,2025-11-01T20:20:18.460601+00:00,2025-11-01T20:20:31+00:00,262
2b349f9727293bb5704eb7c0a127695fd27cf459e7643b6d19bdbc0e94160ef4,2025-11-01T20:20:18.593539+00:00,2025-11-01T20:20:37+00:00,263
8b85860733a89180427cad63868c36e74fd654f8cbc0860904fda46f4d1a783a,2025-11-01T20:20:18.730355+00:00,2025-11-01T20:20:31+00:00,262
2133c4ce3259dadc634da39133ab2d50ef39012d0bc59948b71ff856f1ac6bca,2025-11-01T20:20:18.861865+00:00,2025-11-01T20:20:37+00:00,263
c74ea5f5ee421b4c2f5b6117d078be9b39289679c3c2a640b4cb0cbef17647a9,2025-11-01T20:20:18.993590+00:00,2025-11-01T20:20:37+00:00,263
053171a2670b1c6c53f696d67aeba159717694f720440cf02cec72dc1040c855,2025-11-01T20:20:19.124642+00:00,2025-11-01T20:20:37+00:00,263
e70c4739d7332ee77d05bcf07035f6ff6b195de5c7fe9f68d9adae98b80e2fd0,2025-11-01T20:20:19.274105+00:00,2025-11-01T20:20:31+00:00,262
00fc6ea2fdc274dfeb0cb2ee9472385bbd3342d360aad8cac4f5c7372841241e,2025-11-01T20:20:19.437221+00:00,2025-11-01T20:20:31+00:00,262
e4af5263259eea1a4ac9ea4876bae1971ec9d8368a204e252cfdec5adc0a5c63,2025-11-01T20:20:19.569012+00:00,2025-11-01T20:20:37+00:00,263
bda47fc125221ebefc64d647c44997890e45790975b26292fa69c8627b46117a,2025-11-01T20:20:19.700722+00:00,2025-11-01T20:20:31+00:00,262
c60c206e16ee085a421137088b7eee6c7bc50c73e84499c8cdcc846724552692,2025-11-01T20:20:19.830638+00:00,2025-11-01T20:20:31+00:00,262
7b8fc3593e6a86279edc5b8617553d728bdf5ba6c9f46d63c3a7034d235342fd,2025-11-01T20:20:19.966271+00:00,2025-11-01T20:20:31+00:00,262
29abac9464497ff059b9b6f84c1396c49a0aa2b76bf95fe94321476d6af8d431,2025-11-01T20:20:20.099764+00:00,2025-11-01T20:20:31+00:00,262
551e72eb0d9898720a7a47bbf64a49309e7dc0c8e33e4b4bfabd8d442c6800e3,2025-11-01T20:20:20.232131+00:00,2025-11-01T20:20:37+00:00,263
2f9ff3b73b61cb93255bd11fd32b09c7430db515e23d41acb10b07695c225dca,2025-11-01T20:20:20.355804+00:00,2025-11-01T20:20:37+00:00,263
9a1dab2fa00d58fcf03760478dfea5ca1fbd088c072c3efd4a6e74fa186fe45a,2025-11-01T20:20:20.486036+00:00,2025-11-01T20:20:37+00:00,263
6167ddfa0fc7aa665c532581f79424aad92e354b5ca3c779693742b0b479e3fd,2025-11-01T20:20:20.612731+00:00,2025-11-01T20:20:31+00:00,262
bf73332abb7fedcaad431c3176f5a2f959057469906009ad28fca643041d86e2,2025-11-01T20:20:20.745717+00:00,2025-11-01T20:20:31+00:00,262
30a8fce67a23edbd3385fe54ff2d40105d12efa13f478840793060ce1aec38d6,2025-11-01T20:20:20.880675+00:00,2025-11-01T20:20:31+00:00,262
4156205b793f25bc4a51de5998b108431ec092350f6e6caa94eb100b7ae43c77,2025-11-01T20:20:21.015618+00:00,2025-11-01T20:20:37+00:00,263
c04bfe139b0d4d29b076d4123a8fa7679b46b457d02130475acbb6511f4f174d,2025-11-01T20:20:21.141426+00:00,2025-11-01T20:20:31+00:00,262
22474c12848a659913673823945bfb834b83a257aaa0669b60831e23ecf6726a,2025-11-01T20:20:21.272701+00:00,2025-11-01T20:20:31+00:00,262
00c355b673625c1d98baaf9ebcd561f87fefe8ea713d0e07fa29cd5dfd86a842,2025-11-01T20:20:21.606656+00:00,2025-11-01T20:20:37+00:00,263
1f687c5a6f1e1deaff290c36afbbbd5823a27579d17034389b7db9fc026165e1,2025-11-01T20:20:21.733038+00:00,2025-11-01T20:20:37+00:00,263
1d1873e22bd1f0ddd6530df9fd7f3b12062160fa9ec51622aedb1dd455bb097a,2025-11-01T20:20:21.863696+00:00,2025-11-01T20:20:31+00:00,262
1b861d8d34d355aff074c2aa88af74140968ad8dc748e02d6c50daa38fcebf26,2025-11-01T20:20:21.995399+00:00,2025-11-01T20:20:31+00:00,262
55947e2aeedfe7aa47f66bd4da9a35a38ff45e4f51389179da9c76a55270b72c,2025-11-01T20:20:22.159466+00:00,2025-11-01T20:20:37+00:00,263
ac7ffddc6f1fbde874f62346e3ba752e2c2720a5501c24609e6622ff00f1cf34,2025-11-01T20:20:22.292417+00:00,2025-11-01T20:20:31+00:00,262
73880425f0ecbe3d2d57f9d0e0196ecafe2a661f0d48e4434d38a0d06a8f097d,2025-11-01T20:20:22.427416+00:00,2025-11-01T20:20:31+00:00,262
275621cd0dd134b7e9e4f88e1883a40d7f919add152013e4a024e43f84bafa5d,2025-11-01T20:20:22.564479+00:00,2025-11-01T20:20:37+00:00,263
419cacd75265bf4a178dad8c5c9a8e808e73cab3716986a43df17f75a7c124b0,2025-11-01T20:20:22.702729+00:00,2025-11-01T20:20:31+00:00,262
a816c8ef379ce7e419dd4a4c906dbacbbe8d7f30a30b7873d82b43c3aa396972,2025-11-01T20:20:22.832199+00:00,2025-11-01T20:20:37+00:00,263
8381f150977077c2c7777fe8b408c7a25d22bedc7865087171bdbc0a47897e8b,2025-11-01T20:20:22.959160+00:00,2025-11-01T20:20:37+00:00,263
001da5d812ca982e9dd66c6ec91bad54c7b5a8eb14559d8c88db3a443b357bf4,2025-11-01T20:20:23.089237+00:00,2025-11-01T20:20:37+00:00,263
6f22927e4f456fa2d1c21db52e8c9b402ac60dfa0bb2a78dd5e6691f692b7a0a,2025-11-01T20:20:23.219425+00:00,2025-11-01T20:20:37+00:00,263
79901366a72a917967e5c4e06518d5f1a7313917a0952ac5c087aa72e4d2656a,2025-11-01T20:20:23.352319+00:00,2025-11-01T20:20:37+00:00,263
7146473bd1e7172fba005995ea1c73dfd797e0c4069a2c86007290566320beaa,2025-11-01T20:20:23.484417+00:00,2025-11-01T20:20:31+00:00,262
edaeb09413f15a297df58f6da127b7b442664c7fb8902f0e6ac633df9ee004bf,2025-11-01T20:20:23.614400+00:00,2025-11-01T20:20:31+00:00,262
1c52f82a25e1218624a6b4e823431dfa225009c261561d8cf8caeace9acd1ec4,2025-11-01T20:20:23.740818+00:00,2025-11-01T20:20:37+00:00,263
5640c05fa69d3e8da3d1009e397bbeb34e9af46eb1d8cedf22b59251f899b024,2025-11-01T20:20:23.870245+00:00,2025-11-01T20:20:37+00:00,263
4f7fc4f42903fad2db2be65afa04ba6dc41304dc571ecdee391668871a36c374,2025-11-01T20:20:23.999978+00:00,2025-11-01T20:20:31+00:00,262
6d71781f3679bba21705e9589d0255580434af0317eb418b3885a41d0253d5d4,2025-11-01T20:20:24.129632+00:00,2025-11-01T20:20:31+00:00,262
8d2c845c64331756cf4bb2426422bfe096cdbbe6607a52b5ee06ce93447ddfa0,2025-11-01T20:20:24.256373+00:00,2025-11-01T20:20:37+00:00,263
499f0318d4946bd692aa1e6f8ad0fc668b8f7a45a049d2654ba53cade00b1428,2025-11-01T20:20:24.385325+00:00,2025-11-01T20:20:37+00:00,263
139ab39d1321fd724a9a03260663aa73884bf6b8e1f36da417e64c5329780f73,2025-11-01T20:20:24.515936+00:00,2025-11-01T20:20:31+00:00,262
a9578ee551c9b051bca05cc9a132ac44b608e04c7d0c3cdf14cee4a6184e40f9,2025-11-01T20:20:24.643924+00:00,2025-11-01T20:20:31+00:00,262
d49d552ff4965b2954e7993a8e28c71b3a6141e3d1812fa5cd564925149ea956,2025-11-01T20:20:24.776559+00:00,2025-11-01T20:20:37+00:00,263
c16f9752ab024b4f4f3adcd7558d01a50dd418dfb37625ac17c8ebddfd26c427,2025-11-01T20:20:24.903414+00:00,2025-11-01T20:20:37+00:00,263
a6abd84a80d23df140a0b77e1eec9c28fcd5fbd6eff475c99542f7a66f2d395f,2025-11-01T20:20:25.032664+00:00,2025-11-01T20:20:31+00:00,262
635dc144d7fef5b86d622a34d30aabcec435b91dbfb91b7a56055fbfe16a724b,2025-11-01T20:20:25.166356+00:00,2025-11-01T20:20:31+00:00,262
07984a24e7438160857c686212793f79eca05454e42cfc507320b835136bd7e5,2025-11-01T20:20:25.299301+00:00,2025-11-01T20:20:37+00:00,263
d8666ee16e69ffbb71f3b72bc465db4428f65ff2230ad03faed0045e3ed4f8c6,2025-11-01T20:20:25.428389+00:00,2025-11-01T20:20:37+00:00,263
7b108bd3961231397d239f39efd3a7a41d0c7a4bf53226c30f53cbb6c8eeaf09,2025-11-01T20:20:25.559307+00:00,2025-11-01T20:20:31+00:00,262
8f9ed8e1ef94a4524a19bbd02af0f3e4a432fd5b5e52d2bdbbc34a9d31b0b79d,2025-11-01T20:20:25.691587+00:00,2025-11-01T20:20:31+00:00,262
c73c7a8c34f9ac742da5845df313dc1425327fd6f2bf37f5be83b804c4cc7c77,2025-11-01T20:20:25.816992+00:00,2025-11-01T20:20:31+00:00,262
d57b175e918e854bfe03490e05a3c82622b7e553debca7fb979ed14294683601,2025-11-01T20:20:25.952966+00:00,2025-11-01T20:20:31+00:00,262
194c9390a30aa93486362bb56e6fd820891d1905f40302ea3fa77eca670a7c8b,2025-11-01T20:20:26.087907+00:00,2025-11-01T20:20:37+00:00,263
2ba990dd53858d253998726b094f3a635fda6b93c382b4eea9bc0a253be99f04,2025-11-01T20:20:26.218295+00:00,2025-11-01T20:20:37+00:00,263
27382f59c1ce35b04c9f42489e851d7114d916ae0e53a00ab33ed83c062eeb87,2025-11-01T20:20:26.354685+00:00,2025-11-01T20:20:37+00:00,263
b62798111c6facf40b3ffaf6b0c75966ec994d71b66b59b9d9eade7e83d27bd8,2025-11-01T20:20:26.481949+00:00,2025-11-01T20:20:37+00:00,263
906d94d1cb9b4f1e248e520ad1bfcc824fbbc5926b0d8db987f9e61501ac34b1,2025-11-01T20:20:26.821008+00:00,2025-11-01T20:20:37+00:00,263
1d7e11ff52fe732976078187e2288eaaa3a7b7962ab099544175e3bc3334143a,2025-11-01T20:20:26.950732+00:00,2025-11-01T20:20:37+00:00,263
d5cfae3a12a01dc9dc1bdb9bfad0a77d1cfe2374d4f246acd3ed0e9160f0b618,2025-11-01T20:20:27.076576+00:00,2025-11-01T20:20:37+00:00,263
b89eeff35fd853423b70dcaf20c70ecf487af329fc0c65132945d25f644fccde,2025-11-01T20:20:27.209637+00:00,2025-11-01T20:20:37+00:00,263
bc38d40afd2b76cb2d97c186a8c84cac4e46b5bbdafbd358cfde4dbce6724bbe,2025-11-01T20:20:27.339651+00:00,2025-11-01T20:20:37+00:00,263
9abd91d3db4d798478edb5ba38c58d4ca2631724a1d056c3688f5ff9165e5bb6,2025-11-01T20:20:27.470642+00:00,2025-11-01T20:20:37+00:00,263
4c83ef955af6678d384bc7f5bbc291c330603b15ca0846bfcca514d39c0b6913,2025-11-01T20:20:27.605708+00:00,2025-11-01T20:20:37+00:00,263
c33f1d5b1fb989515de2edff19598772f5b0174d23811ed7361fbe900a3b7fd3,2025-11-01T20:20:27.741056+00:00,2025-11-01T20:20:37+00:00,263
996b6d111e9be6d6b1345eb2f4790111bd5f2d06a677f381de7c4c38f634acee,2025-11-01T20:20:27.869475+00:00,2025-11-01T20:20:37+00:00,263
a232b3df11d83b87e5d79ca907c39568003098b3294e979fbf0c0ede7436a40a,2025-11-01T20:20:27.997591+00:00,2025-11-01T20:20:37+00:00,263
7b8ca3ead4e84a696a7e46912d6a9b4c13f146ebbaba68fb77332b7438d02ca1,2025-11-01T20:20:28.129618+00:00,2025-11-01T20:20:37+00:00,263
4f69789df533991e55c8c190fa688885413cfa133eaf0b691a751f8ff2255f3d,2025-11-01T20:20:28.261602+00:00,2025-11-01T20:20:37+00:00,263
38c36fa9de31a8cfcc6c9a1129e5399b7415bcb6a4ae8f8fdfa3d8be01a9e278,2025-11-01T20:20:28.389138+00:00,2025-11-01T20:20:37+00:00,263
b923193b1a46b2c3483388c0770834b50bff9327a4f7dc0272329168eba75497,2025-11-01T20:20:28.515790+00:00,2025-11-01T20:20:37+00:00,263
000b928a5b6d2061fb6622db615527058127bcad1449ac82a1ef87a90fb064c3,2025-11-01T20:20:28.650423+00:00,2025-11-01T20:20:37+00:00,263
128b222acd8eff5803a2e29e04cf861a3ab3f8fab814fa8970f07e9c513f70b8,2025-11-01T20:20:28.781275+00:00,2025-11-01T20:20:37+00:00,263
a483c334730518158ee273987b489d0c8e87011c390c4d7c86143c2c6dd9b7c0,2025-11-01T20:20:28.912654+00:00,2025-11-01T20:20:37+00:00,263
de350fc09081a7f4f32b3dde2107de9bd3d77c72e3d98ce90f8bb6ee6f851385,2025-11-01T20:20:29.046261+00:00,2025-11-01T20:20:37+00:00,263
1c96623f114e2d5a8415711db6f966a2142f0874e6f9ae7d9693e9eb22c85f42,2025-11-01T20:20:29.199021+00:00,2025-11-01T20:20:37+00:00,263
b41f2604499df92a6bbd60c0ff249dc7c8cf6f3231a4265f2f293343f513f73f,2025-11-01T20:20:29.347989+00:00,2025-11-01T20:20:37+00:00,263
9430bf25ed69b9fe22b87b1a580cf3631866fe03e43547b230f0f9974b5444d8,2025-11-01T20:20:29.483554+00:00,2025-11-01T20:20:37+00:00,263
dee5ab187e5e88852445b607fe9d5e93492b805707b464fdf381df87a859f84d,2025-11-01T20:20:29.616756+00:00,2025-11-01T20:20:37+00:00,263
1d938e10326e1783c545be2e965fc19dd6ea711b3b5ecc5c051bc92a46ab41a3,2025-11-01T20:20:29.747494+00:00,2025-11-01T20:20:37+00:00,263
e5ef80837f44d565b9d5a4329b46e0f687e8eb60e9c7b0dfa7d277120aa1f4eb,2025-11-01T20:20:29.880177+00:00,2025-11-01T20:20:37+00:00,263
994af34ed16993005e10460c228844502fe908202967df519f9b9494e1a009ae,2025-11-01T20:20:30.010769+00:00,2025-11-01T20:20:37+00:00,263
7323d109cf15733b6a57963954764b75afa69bcc95703e3a7335a73226e72e8d,2025-11-01T20:20:30.144459+00:00,2025-11-01T20:20:37+00:00,263
6f95f5003054b561ae5772b6195722b22701970226f7f762041355cadb6923da,2025-11-01T20:20:30.283674+00:00,2025-11-01T20:20:37+00:00,263
48036a529ea4dd2c0a86fcfc8d0c83df8daed6ec86ac73ab744fb5ea5f63ca7c,2025-11-01T20:20:30.409412+00:00,2025-11-01T20:20:37+00:00,263
b54dabeaf08a9f10b9ac34a01d8bd36a445dc761c1061a8504cdf033ec32edb0,2025-11-01T20:20:30.542008+00:00,2025-11-01T20:20:37+00:00,263
fca974f6f874289cc149fb83ad2e062fb1a1faa5e6ca5a980c8927377de2aca9,2025-11-01T20:20:30.673101+00:00,2025-11-01T20:20:37+00:00,263
3c939f9141e993632797fe55711cb438b6fe5c401e170999337af7fcce31bb89,2025-11-01T20:20:30.809811+00:00,2025-11-01T20:20:37+00:00,263
e7655b82dc99d65f3803122b7df57c360258b93f1f9cc1bf0709f7ac050a6376,2025-11-01T20:20:30.949291+00:00,2025-11-01T20:20:37+00:00,263
491590202fb4ba844d2a9d7fba987f5f8d2976a0a631a0d168fcfc92d3b31db6,2025-11-01T20:20:31.082807+00:00,2025-11-01T20:20:37+00:00,263
1f45cb448b2c64232076659be1ce64ff1e386cbdbd2b7fb567e3fa774bdf76d2,2025-11-01T20:20:31.222882+00:00,2025-11-01T20:20:37+00:00,263
5e8b1c0510e1744024b2cfe9620f34bcb09923329a80a39e754b6ab919b426e0,2025-11-01T20:20:31.349498+00:00,2025-11-01T20:20:37+00:00,263
8d25496cc3a9a2a1d8a4329bf591077482646638341391cf5fb11e130f98d6ed,2025-11-01T20:20:31.482868+00:00,2025-11-01T20:20:37+00:00,263
40e741a148a5d45387501b6e34a00fcfd41262c80045231277eb6dd072573093,2025-11-01T20:20:31.612699+00:00,2025-11-01T20:20:37+00:00,263
b0cae3f228236e6d66c2dc1212759c70f3c47998355a9b38a0860b822a000d0d,2025-11-01T20:20:31.740228+00:00,2025-11-01T20:20:37+00:00,263
b59de1cf6c86df8279e8fde9bf91e80a2b312b7b4d5211214b82f57f17e5fa13,2025-11-01T20:20:32.078873+00:00,2025-11-01T20:20:37+00:00,263
8f4314bd9202ecf159cf430a1b78af14230e5b1fb00cb46fcb38908b6d31a213,2025-11-01T20:20:32.216333+00:00,2025-11-01T20:20:37+00:00,263
0de21ace738fc2baffd7e4480c38446f38213a47a774e340f1696b919bf1350e,2025-11-01T20:20:32.346893+00:00,2025-11-01T20:20:37+00:00,263
47fcd5c30233f5e45f3d7660b211f73b7ff8f2900396fb142d18318203c5e36c,2025-11-01T20:20:32.474541+00:00,2025-11-01T20:20:37+00:00,263
56890921096c87a97d6aeccbb19b02b053f79972fa1bc2ce6d17fb00544a34b3,2025-11-01T20:20:32.604066+00:00,2025-11-01T20:20:37+00:00,263
ae4a9c73e7290f1b1e16cf79d6fd8bac9995f92996518b6834b61746ba1a2c13,2025-11-01T20:20:32.738399+00:00,2025-11-01T20:20:37+00:00,263
1ce8153da3bcb39f5fda1b8a5ee04fd6c705b2f155487fc0a1d81c91ead06ac1,2025-11-01T20:20:32.870114+00:00,2025-11-01T20:20:37+00:00,263
89c8e20fb35e28f10e2cd0840859b706d57441602a3131e51550dcf6216b0acd,2025-11-01T20:20:32.997776+00:00,2025-11-01T20:20:37+00:00,263
95b908228d5674e79ca57893287a2e6c235ff8f1dd284687d5e305c5f5c76301,2025-11-01T20:20:33.127330+00:00,2025-11-01T20:20:37+00:00,263
17c5821ba5cf7bb40647ff3d92fc6a8fe2b30db04ab1145ee88d1fb2ca387051,2025-11-01T20:20:33.260502+00:00,2025-11-01T20:20:37+00:00,263
c082a780c1b2acd9f4852d451ee40ead6c286520bab3a990f867ceacea58b9a3,2025-11-01T20:20:33.393985+00:00,2025-11-01T20:20:37+00:00,263
39da00054f7ec62e2b907fcebafd07ba74252f4d6aca4f31b2b854e37ddcb540,2025-11-01T20:20:33.525564+00:00,2025-11-01T20:20:37+00:00,263
b3024fd23e77e81c5dee11bfaac47edb89b93059497e48873cad9bda0aec802d,2025-11-01T20:20:33.666813+00:00,2025-11-01T20:20:37+00:00,263
8af81a3552fc880ebe58990ddbfdc825045a24e7540995ebaad71fd77daf5b4f,2025-11-01T20:20:33.804923+00:00,2025-11-01T20:20:37+00:00,263
24863a88d9f60b501dbc756aa6bc23096c45fcc5668ddb320aa880ffabd71a0c,2025-11-01T20:20:33.940715+00:00,2025-11-01T20:20:37+00:00,263
5f3ec93da1c6d4b1b9e6c72cd88c8493f6cc997b81d309c67724a27590302aec,2025-11-01T20:20:34.074756+00:00,2025-11-01T20:20:37+00:00,263
1d196d4d01132d344f07985861f411e42ce5061a78dc8f03decd0d2c310f88c0,2025-11-01T20:20:34.211004+00:00,2025-11-01T20:20:37+00:00,263
fcf94bf22a20198bcab82b52d480d963b6e7b303f46abd99688e18dbd81f536f,2025-11-01T20:20:34.346428+00:00,2025-11-01T20:20:37+00:00,263
b8b7f3f4cc531d075cc4dd03ee2dc85f24b27c584c5544c798798f69a90c4193,2025-11-01T20:20:34.481551+00:00,2025-11-01T20:20:42+00:00,264
ef0824ca050b38285af76eb027c33416d9538b03a5020df388233bcc143cb81c,2025-11-01T20:20:34.613180+00:00,2025-11-01T20:20:42+00:00,264
bd5b0a33a3441efe528b92f143f14aafd9389459010930896078fb23691bc4d7,2025-11-01T20:20:34.747456+00:00,2025-11-01T20:20:42+00:00,264
d81c43904c4744e6506fa1146f52458e76e410cab98b6ed8599786cacb3bd803,2025-11-01T20:20:34.876001+00:00,2025-11-01T20:20:42+00:00,264
8f674153aa6ba6cf57aa32362a9db3a958fc21af319035ca83ad53b579c9d817,2025-11-01T20:20:35.009139+00:00,2025-11-01T20:20:42+00:00,264
7e0f468d3a6295eb1475b2b36f605b648a22bcf96d5939fd0c9c32e6baae09d9,2025-11-01T20:20:35.143679+00:00,2025-11-01T20:20:42+00:00,264
e5004bcfc832ccc7f875392cb05a8269e47265bd4818e87e7b53996cf650b5c0,2025-11-01T20:20:35.277828+00:00,2025-11-01T20:20:42+00:00,264
8dd9e2a7442f665e478808bb26f062f7e6e75dc1270802c5a599b06dd1dd33f9,2025-11-01T20:20:35.414228+00:00,2025-11-01T20:20:42+00:00,264
de2055b5dd162fd7fd2a695b80923bbaebb5f360b176689def2f0390340ed066,2025-11-01T20:20:35.547437+00:00,2025-11-01T20:20:42+00:00,264
fcc98b872abb19a8c5680dfe418a680f4c19b620c75187c158852fb0c322eff6,2025-11-01T20:20:35.677446+00:00,2025-11-01T20:20:42+00:00,264
44c90736ab5fa3df5a5f8b22f17d4c6af978ab168fb33e34b3f9c07f26446131,2025-11-01T20:20:35.809219+00:00,2025-11-01T20:20:42+00:00,264
643f2c67380029d7a40a2e1d0690ab4d71e627bebd9242eb298eb5a4c4199caa,2025-11-01T20:20:35.943496+00:00,2025-11-01T20:20:42+00:00,264
a79270bf8bf2ff190278b8638caf2e112a71b09f448cadd0a0d2da7fe697839e,2025-11-01T20:20:36.080528+00:00,2025-11-01T20:20:42+00:00,264
11f99641b9c22133c4b8c1564bfb02a52c4096c890f037e6e3a8089819da108e,2025-11-01T20:20:36.215679+00:00,2025-11-01T20:20:42+00:00,264
c2e7a5cc4621d2f5df23e3bb99d1597d7dd23f056791e9f5390e4ed4e5bf11a8,2025-11-01T20:20:36.353405+00:00,2025-11-01T20:20:42+00:00,264
be1ac6730af7ef1b05ab3c07388419720edd75d83a187317f16b63258fef449d,2025-11-01T20:20:36.484517+00:00,2025-11-01T20:20:42+00:00,264
57a58e51268bf4239817c957aa38f28fbed38dbbb2813cfef30c4268e6652f52,2025-11-01T20:20:36.617802+00:00,2025-11-01T20:20:42+00:00,264
786dab639c05806ce83cf8be9d21049180d9a4fbd78bd9b8a5365d9130addac1,2025-11-01T20:20:36.748170+00:00,2025-11-01T20:20:42+00:00,264
c8f7d3c3f806836b3b0f0c9d0d65bfceeb55a8dbfc7d6efa8caf2a6bb61645f1,2025-11-01T20:20:36.881524+00:00,2025-11-01T20:20:42+00:00,264
e33483dcf8e165b35d4dff833405064845dd95ec6905ac21a5d1410f5b831f58,2025-11-01T20:20:37.016513+00:00,2025-11-01T20:20:42+00:00,264
5eb5c8dc5746f1472636e22bf71c1be8638691a6b247084a9440ef32a0fa6df7,2025-11-01T20:20:37.413054+00:00,2025-11-01T20:20:42+00:00,264
182722af4d3922cb670468dca1863ba512e5161ce717879d7a32742b841e9509,2025-11-01T20:20:37.548341+00:00,2025-11-01T20:20:42+00:00,264
fa226b4895763af8fd0f888e187d6112ee82109a68e1176eb5f1238c3ae4b390,2025-11-01T20:20:37.677266+00:00,2025-11-01T20:20:42+00:00,264
55db2a1c9f64c37805d627890417dbedca5bdc7bf1de2c989022d7e3fb3a0769,2025-11-01T20:20:37.813538+00:00,2025-11-01T20:20:42+00:00,264
057b50936fb8593906e9768a11c80c6846fd42e790ccc1800c0de5272f22755d,2025-11-01T20:20:37.943455+00:00,2025-11-01T20:20:42+00:00,264
a8199699c6d3ef5b202f2da70f929311924200171ffe9ba46aa68e12d41e766f,2025-11-01T20:20:38.079516+00:00,2025-11-01T20:20:42+00:00,264
a03100c15de599f97f80cff2329361bc34bd7b870164f8bf01f28cb9f3d84298,2025-11-01T20:20:38.211857+00:00,2025-11-01T20:20:42+00:00,264
d30e69018b1908312e61ce7a31ecfa666eb08a57d67299edbbfebd4cc5119c31,2025-11-01T20:20:38.338595+00:00,2025-11-01T20:20:42+00:00,264
d93add3f7544e621e23cb3f3d47662da0c0b7d528a53716e143a687838392937,2025-11-01T20:20:38.465165+00:00,2025-11-01T20:20:42+00:00,264
fced5bbe9aa0dc6f8adc772f8e7832535011e658d58a82ff6ad39e1d44c24e90,2025-11-01T20:20:38.600729+00:00,2025-11-01T20:20:42+00:00,264
54ca75367e3450779dd990524eb4b89ca1b9f79a9d0a953b3cb6c7f16596457d,2025-11-01T20:20:38.730237+00:00,2025-11-01T20:20:42+00:00,264
5cc1fbbaefea86b2eea3cefaf7348b967d770b8f15bfc4be3827c91e2d3b4595,2025-11-01T20:20:38.861977+00:00,2025-11-01T20:20:42+00:00,264
74f29b40467c8688f3a7ea49877ff1a8322b427232e0f629e5338f7a9215c24a,2025-11-01T20:20:38.996707+00:00,2025-11-01T20:20:42+00:00,264
434734736bd0583ea0b09fb433f4da415d38741a1806d7448dd69d55e8388903,2025-11-01T20:20:39.132298+00:00,2025-11-01T20:20:42+00:00,264
de89284bc04509dc72717dbfbbb541245717c7b0f04d285bc1b3e53035ba1cdd,2025-11-01T20:20:39.272663+00:00,2025-11-01T20:20:42+00:00,264
bdc6c851adf987c9fba8522cdd0efef73ae85321ea6b071667aa4015bc7b2601,2025-11-01T20:20:39.410243+00:00,2025-11-01T20:20:42+00:00,264
4e22532576cbe9364a26f253510b529f5a18615b4206a449fd68a9af0497e3a3,2025-11-01T20:20:39.548309+00:00,2025-11-01T20:20:42+00:00,264
22ead03288f6d374c15a47b37b119c3f2b4346fa1f9bc8e7e43f421d6424f3fe,2025-11-01T20:20:39.681566+00:00,2025-11-01T20:20:42+00:00,264
be389d28e1ff5cfa511d82ef0047ef74c05e17cee9f2a6b3217e49f730ac2f2a,2025-11-01T20:20:39.814907+00:00,2025-11-01T20:20:42+00:00,264
a447a2741ac328b693724b68798969dd608a5465b4e2d585dfcc49f10402b50a,2025-11-01T20:20:39.944200+00:00,2025-11-01T20:20:42+00:00,264
4cdfa381a57797d45a1672ce5693c918a0318604b86b41a928b386bb97fa78f2,2025-11-01T20:20:40.074861+00:00,2025-11-01T20:20:47+00:00,265
8e9597e9956fbc111b957b6dd55fc5a54765949a56d1e9e70154639e6aba9747,2025-11-01T20:20:40.208144+00:00,2025-11-01T20:20:47+00:00,265
b152a78cf44b0efbdf7ddac07f19acd7ebac146438ee0d7fd535daa61c7a6d52,2025-11-01T20:20:40.348153+00:00,2025-11-01T20:20:47+00:00,265
735e49351ba4d6db3e09cdb0fe2673bb09ad0cde7fb0f68f5301a55e1c6610b4,2025-11-01T20:20:40.476227+00:00,2025-11-01T20:20:47+00:00,265
b963cf627772cfe3d8a3716a1c5ec30d5c6ad9900bf56bed993e2c84783acb68,2025-11-01T20:20:40.610060+00:00,2025-11-01T20:20:47+00:00,265
012a278230e5fb7e1fa1140271af52a7ac06633d9ea76407b0da6f62cdf882b6,2025-11-01T20:20:40.746780+00:00,2025-11-01T20:20:47+00:00,265
2f4d3ce67b17a6490d6db4e1e76ffdf32883f8a6fe21db00f0d7b03186a70066,2025-11-01T20:20:40.887515+00:00,2025-11-01T20:20:47+00:00,265
2e373836be74cf29edb46cd53730509b72e54dc2b1779554b5a53de0cc89d5f7,2025-11-01T20:20:41.022302+00:00,2025-11-01T20:20:47+00:00,265
d6107c8bb1b0464dc319890a35a5703ea4b20ed7370d5dba2c23b544d541a2f5,2025-11-01T20:20:41.158023+00:00,2025-11-01T20:20:47+00:00,265
a8ce0a17180ff8d2b51add521a52aa57095b5bf4a6e6831a3cc09f1014dc8670,2025-11-01T20:20:41.290275+00:00,2025-11-01T20:20:47+00:00,265
34db2975c103575e6c9ba31c02ce3d01e70d0249b6b8fb781bd6044286c6539f,2025-11-01T20:20:41.438456+00:00,2025-11-01T20:20:47+00:00,265
fd009c23c51333363cb7d5f4ef0fa3a93dfec99137869ceea988c2a5ad9aa4d4,2025-11-01T20:20:41.568399+00:00,2025-11-01T20:20:47+00:00,265
742280f2af43d43bf114f67c8df3fb3376b7f8bf8cbfe2ca0975d01ad676655e,2025-11-01T20:20:41.703297+00:00,2025-11-01T20:20:47+00:00,265
c6c69e40fd839af5d38f5c9a10dd67ae5b9e85cd94f963dcc1a99882fd210499,2025-11-01T20:20:41.831980+00:00,2025-11-01T20:20:47+00:00,265
35dbf92eb2321d14da300912a32182b4581796f6e381af14e2b19f204b3d6ad4,2025-11-01T20:20:41.962098+00:00,2025-11-01T20:20:47+00:00,265
e48ceea0f0fea1cb1e4bcde79dd0ef890dfc637407cf553597db578dc3c596e0,2025-11-01T20:20:42.094551+00:00,2025-11-01T20:20:47+00:00,265
214cf2f1f2f9fb3af2ba645d535ff7dc698e63e359539d92b854271b22d206e4,2025-11-01T20:20:42.225770+00:00,2025-11-01T20:20:47+00:00,265
c8a45f66e52eb0f347b6f8218b49e649d40b5ba7f6e6e799a91cae2772cdcdfd,2025-11-01T20:20:42.357974+00:00,2025-11-01T20:20:47+00:00,265
a369c64b5cefa7bb602c93617809b2d42a6600e38ad889c72dffb68c3da343c3,2025-11-01T20:20:42.700047+00:00,2025-11-01T20:20:47+00:00,265
21651793e5b0ac8436c3b99a2281027e90d34f32f06c3d906df5420c0ef5cff7,2025-11-01T20:20:42.829834+00:00,2025-11-01T20:20:47+00:00,265
98cfb8424230a94344fdc3959a48a21f1c42ef38795d23a27bce755b97afa615,2025-11-01T20:20:42.962899+00:00,2025-11-01T20:20:47+00:00,265
13ded74f885cb124a766fdff12392d8a68049f24ba9554ec2ac9f8c3d712673a,2025-11-01T20:20:43.096653+00:00,2025-11-01T20:20:47+00:00,265
ecdb985b35b44d6fbed53c85e5760dfad2a963d5910fd22a12d4acde5065589f,2025-11-01T20:20:43.229168+00:00,2025-11-01T20:20:47+00:00,265
f939820ec30539ef1d296829443429ef584c06dd923ba758243fc4032a640b6e,2025-11-01T20:20:43.362232+00:00,2025-11-01T20:20:47+00:00,265
8407ad8ff216a1b2547b9badb34749dad748324dccd0d1420e6b822a647f7d63,2025-11-01T20:20:43.491693+00:00,2025-11-01T20:20:47+00:00,265
880ab24dba5625fd09abd31f1340bb706634d94051c0c9ad10d2dbe6e6c8fed8,2025-11-01T20:20:43.631944+00:00,2025-11-01T20:20:47+00:00,265
57c9ba78e0b09cdf76e96ecd08c538d2ed8d1ec59f822f3ac72a84b19b611f77,2025-11-01T20:20:43.759062+00:00,2025-11-01T20:20:47+00:00,265
a4ca5781702a65bdb7fe1b6c9145a71e8b5ccc574417af31166c6e9d3d042770,2025-11-01T20:20:43.897906+00:00,2025-11-01T20:20:47+00:00,265
ffb96c10cd56f10760174217cb0684ef7cc879e2ae576b36722c7ac3969d6f17,2025-11-01T20:20:44.030078+00:00,2025-11-01T20:20:47+00:00,265
74f1822cf75c63332bb714692e5405d9a16831cf7bc28b492f0b480a05f0d0dc,2025-11-01T20:20:44.162058+00:00,2025-11-01T20:20:47+00:00,265
7cf16ec82b9c6b75099e9712686874e4279471cd2e88dfcf6d45c9270cc20d54,2025-11-01T20:20:44.295423+00:00,2025-11-01T20:20:47+00:00,265
9a85f572d257f85c908a877ddb4e32e1015ffb4f3d21501e554a388eec666a61,2025-11-01T20:20:44.424929+00:00,2025-11-01T20:20:47+00:00,265
42c8beb0ec13b0f7ac32064585c718b62285935e4e633b94324ba3b22586ad4d,2025-11-01T20:20:44.556273+00:00,2025-11-01T20:20:47+00:00,265
55f81ff1be151655fae31dd6021d883a8832b453c50cbefc08e7190a4e7b0738,2025-11-01T20:20:44.692071+00:00,2025-11-01T20:20:47+00:00,265
4070856be45605142518bfa603dd74d3ad2dd0759a745f4e91bec2e1ae10906c,2025-11-01T20:20:44.822605+00:00,2025-11-01T20:20:58+00:00,267
c94d861d008fc1c6ab861d2eaed101eca3643948586fc896d4041d439ba99e7e,2025-11-01T20:20:44.956034+00:00,2025-11-01T20:20:58+00:00,267
c83f4f2c3439d6767d1f43aa04f0cf3daa731be8b8999b3c618feb9d4c707746,2025-11-01T20:20:45.091574+00:00,2025-11-01T20:20:58+00:00,267
613cd6a28e7a19d181f8d147ade81ef5be21ec27f817f3f3d8c2574b0cbc49ac,2025-11-01T20:20:45.225644+00:00,2025-11-01T20:20:58+00:00,267
657c11dbdcf8a4f3c2b7ffebd835a2f2d877e3c7094941f9f036325d2a5dd1ef,2025-11-01T20:20:45.357860+00:00,2025-11-01T20:20:58+00:00,267
f4b23d781e4f3f75dabdd41e28a073eeef832a8ba6c64584c5b6f5fbcafbb9c5,2025-11-01T20:20:45.493819+00:00,2025-11-01T20:20:58+00:00,267
faaf600d06d0b879a40d70be06616517664dcf93fbda3b397b90ed6f9cd9beda,2025-11-01T20:20:45.623765+00:00,2025-11-01T20:20:58+00:00,267
342ab701e9c766eebcfd8daa24d01906311f75e59d79e218b1d41c8d1dc82887,2025-11-01T20:20:45.758511+00:00,2025-11-01T20:20:58+00:00,267
86b0264c59066464e4c5e9afe3777de9f7be1c9cfc59a39cb2a2e4cbd0698748,2025-11-01T20:20:45.889032+00:00,2025-11-01T20:20:58+00:00,267
855fa1a81d8e855ed9f81f75095cd7d71fd4b52504034914a23c2140f940b7eb,2025-11-01T20:20:46.019839+00:00,2025-11-01T20:20:58+00:00,267
9035a653759a5431490e4fa16d193ccb8e23a9f0d6672e19e49893747edbdb30,2025-11-01T20:20:46.155415+00:00,2025-11-01T20:20:58+00:00,267
9d26ca907bd5c4c6af482cc1869ca74f0b12063c8bdcaed816e902429704ac96,2025-11-01T20:20:46.292332+00:00,2025-11-01T20:20:58+00:00,267
43e633563355f9b351c46c6d20dbc29f92945bd62504e624bf344c6058b0d12c,2025-11-01T20:20:46.430422+00:00,2025-11-01T20:20:58+00:00,267
4ca1a832eb10f8b6b75e790a8fd809c183a955e6e8a164280f7511c9c0044c06,2025-11-01T20:20:46.566530+00:00,2025-11-01T20:20:58+00:00,267
61070fe1972f4d2233aa2b8c5e74a5fa790e2c2e07c4681e53fdd201f6312295,2025-11-01T20:20:46.704715+00:00,2025-11-01T20:20:58+00:00,267
829beaa62bee49d3ee06f713cda18acdfa664cdb5fc7eaf5de92189cce9442fd,2025-11-01T20:20:46.834319+00:00,2025-11-01T20:20:58+00:00,267
0dcf6b78aa42d1f175f8f012c811f4de98768790e29b94fc293405c55babcb72,2025-11-01T20:20:46.967058+00:00,2025-11-01T20:20:58+00:00,267
b37b9a6e18c128b0125355606fef6dfdc5b91f194304b5bf2868f6ec5820e27b,2025-11-01T20:20:47.106763+00:00,2025-11-01T20:20:58+00:00,267
56a41b3e7070f82a034d9cedf55e56ad363c25c1086d1f4c47ffcc588ee577d7,2025-11-01T20:20:47.243776+00:00,2025-11-01T20:20:58+00:00,267
e6f4ce978047fd89ae6239a24b598a7976f9f6991fd33616faa8d3bee9e73e3e,2025-11-01T20:20:47.376675+00:00,2025-11-01T20:20:58+00:00,267
9b99b544e1ad108e3bf48ce8f07f3f3b982f3e2b60ee17b741288ea880f862f7,2025-11-01T20:20:47.508999+00:00,2025-11-01T20:20:58+00:00,267
65380ffdbdc873713c8fe6e7841318501c5b8e58e70915ceca6236696f63d5b7,2025-11-01T20:20:47.638767+00:00,2025-11-01T20:20:58+00:00,267
42fea30b39857fe654419a1eaf0dbb5683cda500b16961f50b24f310a8e03aa9,2025-11-01T20:20:47.976318+00:00,2025-11-01T20:20:58+00:00,267
d7fa6a9529b9d2dd3328be69a5efc54ebc99a71caa3b2a2ee760990635c122e4,2025-11-01T20:20:48.113079+00:00,2025-11-01T20:20:58+00:00,267
42e285cf231bf60523e0ed81166cbe82953f919cba43b0103155c1e2832d0a30,2025-11-01T20:20:48.239000+00:00,2025-11-01T20:20:58+00:00,267
b0d87979d20bbccd052548256c66253ef701c1ab67c9b27bf3ce833c125d34be,2025-11-01T20:20:48.371850+00:00,2025-11-01T20:20:58+00:00,267
7b1f8a706ffd383ea0a298a4d8a267577eb11f986f6ad594db8767e48cffdb6f,2025-11-01T20:20:48.502155+00:00,2025-11-01T20:20:58+00:00,267
7381c27825b55ee81147da49a228da67f60f12d911fb81f21a1b17b189701194,2025-11-01T20:20:48.631869+00:00,2025-11-01T20:20:58+00:00,267
d468cc51b54f2f472d717da55ae4e26f207f6a87d03b46679feeb7fa60015120,2025-11-01T20:20:48.762688+00:00,2025-11-01T20:20:58+00:00,267
87d1fab8897927e7e717e82f13ded44397e1d4bbce7f71570ceef50c947d88b7,2025-11-01T20:20:48.900493+00:00,2025-11-01T20:20:58+00:00,267
ea88d660b6b0e9b15937c387ae576a92e07e2c74becc03d01ac6b4de6c0370f0,2025-11-01T20:20:49.041467+00:00,2025-11-01T20:20:58+00:00,267
6aa474aba93c6fb9ebb52d2bdf98239421c8e3a65d98b5471c7cb52e22ef7e00,2025-11-01T20:20:49.209319+00:00,2025-11-01T20:20:58+00:00,267
9067bef23f61f90f736fc82a80f5b4d217015a43740d64c3b5c56ab6c73794a6,2025-11-01T20:20:49.345165+00:00,2025-11-01T20:20:58+00:00,267
0e41aba294ce40f61fa5f15eb88159fef4666acd2d629d43d0fa2f29d2e6a5ec,2025-11-01T20:20:49.490715+00:00,2025-11-01T20:20:58+00:00,267
9a9dabfb3093b22391c534f5d9041c7a891260e6bcb52b688413ad2ffa3ed491,2025-11-01T20:20:49.622085+00:00,2025-11-01T20:20:58+00:00,267
7f1f9f496d88efd40e682b20880e00afa0979ffd8c7c0f889a69c797ac959813,2025-11-01T20:20:49.755514+00:00,2025-11-01T20:20:58+00:00,267
4a3e837263ca05d859f16deb876f5b479122e131a1410934ff65974a5740d913,2025-11-01T20:20:49.887602+00:00,2025-11-01T20:20:58+00:00,267
def8ef6de2aa8ffc24541a220a54a5ee29f1a17c69f97193ae19c5bc32c7baac,2025-11-01T20:20:50.019119+00:00,2025-11-01T20:20:58+00:00,267
ffabf23d1b2dd862074c1b193417d5dd5cdeace587ad1a98509d36886ab3d325,2025-11-01T20:20:50.154014+00:00,2025-11-01T20:20:58+00:00,267
5eab8a9733c56c30ea57bed3c656b2539cf8e168015f47d8da6ece088095bd8e,2025-11-01T20:20:50.288820+00:00,2025-11-01T20:20:58+00:00,267
cf0db611489e6fe54be474f827aca8beb9d45fa55c75863613d3f029fc61d0d4,2025-11-01T20:20:50.429007+00:00,2025-11-01T20:20:58+00:00,267
9aceccca73885ff60813984e401c2f0c3d4db867e018f28bf0191157d85a8407,2025-11-01T20:20:50.557770+00:00,2025-11-01T20:20:58+00:00,267
68f4a36ba18b3c2c8a7fc7f34d04d1c6692a6a961c20e5c53982862be8336135,2025-11-01T20:20:50.696166+00:00,2025-11-01T20:20:58+00:00,267
7f8d6bb9fb80921b33e22869c8612fd36d7e92e8c1e1a1964cbc6bfe374668aa,2025-11-01T20:20:50.829477+00:00,2025-11-01T20:20:58+00:00,267
a1559630aa3b23e17f498e15543872bcf09697fc87efbef932230efd9aa4a139,2025-11-01T20:20:50.963291+00:00,2025-11-01T20:20:58+00:00,267
1816e4956bb5598dbbe97b313ce7ed199946ace058269a994cfbf260cf4d13c6,2025-11-01T20:20:51.097494+00:00,2025-11-01T20:20:58+00:00,267
2f0b6bd96e8f588908f6e9108c64008d1ee18df9b81712ab1618e2998f40c153,2025-11-01T20:20:51.235484+00:00,2025-11-01T20:20:58+00:00,267
232342eca9aeaae69df14e81b03c4507877d3f58e3f779de7fb94b3418fa7604,2025-11-01T20:20:51.365635+00:00,2025-11-01T20:20:58+00:00,267
0fbe5d89d81ba17aa93cd767aaba20db80bd99fe8ed2e5d8d6f87ab89c3fca17,2025-11-01T20:20:51.530530+00:00,2025-11-01T20:20:58+00:00,267
81f89d5362b4790a543a9be5983904859e8d5b23df1dd89ab6865e34f60af0f6,2025-11-01T20:20:51.662625+00:00,2025-11-01T20:20:58+00:00,267
c9a1206ab324049ffac4a23415971120ae41dcac0b3025714f2ecb3292df2653,2025-11-01T20:20:51.789484+00:00,2025-11-01T20:20:58+00:00,267
27735452208b6e048bedac83b1859ae21065f3ac7f83c5e3511c454210c33b10,2025-11-01T20:20:51.923289+00:00,2025-11-01T20:20:58+00:00,267
1bb85a3ac18e5d6622cc243defbbd106ba1ba8ec7dbb09c5d6ba14b75c2aa3a3,2025-11-01T20:20:52.056426+00:00,2025-11-01T20:20:58+00:00,267
447f75533e781e397e77b39d5b2855d7bab9a61df38884d10ceef66b1cdd9c43,2025-11-01T20:20:52.189883+00:00,2025-11-01T20:20:58+00:00,267
626fe18b6d53ee4b61e4bbce496ec5a0fdc7128785419a638e063c7f9b352d48,2025-11-01T20:20:52.342754+00:00,2025-11-01T20:21:03+00:00,268
b6c1723025d59201f183058ac32d369d7850a35048eb3be8140f2f28dacdf6c1,2025-11-01T20:20:52.475768+00:00,2025-11-01T20:21:03+00:00,268
451f7da411cb5e686e325a1d9ef52ff95d459f556276f7cfcc019cbc047f0795,2025-11-01T20:20:52.607194+00:00,2025-11-01T20:21:03+00:00,268
99d284779a892ff51e8bfbbc43276dbed75cfb38b0e1d5cdfcbe04ca943d2fe3,2025-11-01T20:20:52.746277+00:00,2025-11-01T20:21:03+00:00,268
4d90af8b3e0ffe9ac659439b737030a6d3c7ee12e0ff353bf3a3c671fcbddc46,2025-11-01T20:20:52.873584+00:00,2025-11-01T20:21:03+00:00,268
503238ef5dd7c52d3b510388ae45f42f7567be6c9d3af0e532665a9309393a05,2025-11-01T20:20:53.219478+00:00,2025-11-01T20:21:03+00:00,268
b86a2a749af8bb9d51bffbb45e2b3ac05d78deb54beceb8890c3fc9dfa67b06e,2025-11-01T20:20:53.355260+00:00,2025-11-01T20:21:03+00:00,268
cba9c71c17d9497d3e995837a4ef91c8c5b69f23d3aa2a1bcdf6d338dde5f684,2025-11-01T20:20:53.490535+00:00,2025-11-01T20:21:03+00:00,268
271aef34c908332db12b57a8b88f9c53238319ddd0d76546e064c8c6969f1fc3,2025-11-01T20:20:53.620877+00:00,2025-11-01T20:21:03+00:00,268
e5f9e0dcd9beeade181b4408de2834ddef324b82483f1c3c835f9a98beac9362,2025-11-01T20:20:53.759450+00:00,2025-11-01T20:21:03+00:00,268
d6917f2f52dc000f80eaf1b5eefa62900ef726a80a7f4f3b3fc09d60cfc3e6c1,2025-11-01T20:20:53.894584+00:00,2025-11-01T20:21:03+00:00,268
e783266e289a1c26e72cdf7d2fa4c24cd2ef05db5081e295e1e6c27ef0770e19,2025-11-01T20:20:54.029617+00:00,2025-11-01T20:21:03+00:00,268
0185975bcc3f410f0d5191cb1e8b6e7d418a0285680df56f05f462deca7eb620,2025-11-01T20:20:54.165514+00:00,2025-11-01T20:21:03+00:00,268
01d47e854dbfec2b9458239b5a0b2e7a8da0e0f09bcfedde49105b56c71edb7e,2025-11-01T20:20:54.309429+00:00,2025-11-01T20:21:03+00:00,268
c8b211604df30c8ef278501b648e2e19494c1f1f7a64d64f91d0ea5481e769c9,2025-11-01T20:20:54.444100+00:00,2025-11-01T20:21:03+00:00,268
0ab75efa3852ca91ec4b86d5768d6fa6620c1c416de89146509dff91fbd6a078,2025-11-01T20:20:54.575299+00:00,2025-11-01T20:21:03+00:00,268
7a6ebc69b615e77594c2d8828bc275b529dbcb29ecec94f5cd748beda3849fe5,2025-11-01T20:20:54.711537+00:00,2025-11-01T20:21:03+00:00,268
f47c83e0774f292f73007e26c25a403830d423931b34da7f58290e514237db8d,2025-11-01T20:20:54.847485+00:00,2025-11-01T20:21:03+00:00,268
4a99f7925acfe01377dc81c0f11a3c11c77b7ec47576480097e77203628a9fae,2025-11-01T20:20:54.991340+00:00,2025-11-01T20:21:03+00:00,268
565fc86a3a328ddc3e761994e684929d2037eddf1d9608fed6c706e78dec886a,2025-11-01T20:20:55.128532+00:00,2025-11-01T20:21:03+00:00,268
a90ee418f17f4df2efe1471944d84ab01a4d9e0834accb08f6c1d48dbf500497,2025-11-01T20:20:55.262975+00:00,2025-11-01T20:21:03+00:00,268
e77d2fb29b8d9c9086168a8caa18f2e3fbab53d24a7b428077cf719b81dfa12b,2025-11-01T20:20:55.395910+00:00,2025-11-01T20:21:03+00:00,268
85a2541e59bfbd7401a9bec72e69820f558293af4a4637d648a5fe3d000a5ed7,2025-11-01T20:20:55.522289+00:00,2025-11-01T20:21:03+00:00,268
bc2b24997d166c2fa9e38ecc07a9ac134cf96d664f8f0130333a975ed18325d1,2025-11-01T20:20:55.652731+00:00,2025-11-01T20:21:03+00:00,268
caeee937a1399d4da252d0fbff37700dc495156b99c5be3695ac3edeff24c697,2025-11-01T20:20:55.783853+00:00,2025-11-01T20:21:03+00:00,268
a756752bea88fe467c18907956ce6f5699ff0b257fc6e04ddb80c617fe0ae63d,2025-11-01T20:20:55.914969+00:00,2025-11-01T20:21:03+00:00,268
74134fd8691389d1a951e5d35274297424cc9b3988f32910c991e4dc1ddfeea1,2025-11-01T20:20:56.045883+00:00,2025-11-01T20:21:03+00:00,268
d3ea3189e9672c71e2ea62d050ad1f64f60cd5822a01408fb79c56006057acfc,2025-11-01T20:20:56.170912+00:00,2025-11-01T20:21:03+00:00,268
5d6f25b7eb2657a4649e506ec6173ac41b6d56c81adcde16c65863775bc984e3,2025-11-01T20:20:56.300346+00:00,2025-11-01T20:21:03+00:00,268
3a65caf4a2a96f7ec104f2e1528bdf79db7c72dd7b1366683f6dcd38059fb9e0,2025-11-01T20:20:56.438942+00:00,2025-11-01T20:21:03+00:00,268
8d045161dddacf0b29556fccf179d5214f3040b1c33968f16ac7a9785bb5351a,2025-11-01T20:20:56.574580+00:00,2025-11-01T20:21:03+00:00,268
53542e4a3002314c5ebced4cf5fc1859ff4b174eb3cfd496dba3a1c476eb425f,2025-11-01T20:20:56.711500+00:00,2025-11-01T20:21:03+00:00,268
46f891c8b2431985cf3030bf120d716fd2cbc448b932a28b2fb7a20f1d203195,2025-11-01T20:20:56.838674+00:00,2025-11-01T20:21:03+00:00,268
134effafdef4f5d924d41e2418829a309f47487fb369337f672ae0188916ab9e,2025-11-01T20:20:56.968071+00:00,2025-11-01T20:21:08+00:00,269
645a199cc01b167357c9576e97606fc73668472dc143fcf0291de819a948daf7,2025-11-01T20:20:57.097826+00:00,2025-11-01T20:21:08+00:00,269
03d682d07c912d827bb4c1e54b0ee5997da57b1e407fc83a378615069d22c250,2025-11-01T20:20:57.229282+00:00,2025-11-01T20:21:08+00:00,269
574fb6000aff26c5a123c542d1aef80295d010cd80032faea03f383db00e4fb8,2025-11-01T20:20:57.360752+00:00,2025-11-01T20:21:08+00:00,269
91a162579cca44499b9561f4283828806a684a8c00348ea4d59e6b925d5dcaef,2025-11-01T20:20:57.493787+00:00,2025-11-01T20:21:08+00:00,269
6528e9a4a4fe3629ba6dfdcb00257ea7939193a8bc8f258a1bce7a9d14df2b86,2025-11-01T20:20:57.628165+00:00,2025-11-01T20:21:08+00:00,269
f26973ee63f017746d200f8875a0ce9c46142c0c3c95c0b97ab1bada54c7903a,2025-11-01T20:20:57.760922+00:00,2025-11-01T20:21:08+00:00,269
d434ccc9e74efda0876375984a8bebb8f2da34deb954e3a301adb4e77e70126d,2025-11-01T20:20:57.892570+00:00,2025-11-01T20:21:08+00:00,269
5a98da56e67b6846b006a418a7bc24f6f2f9df33d66469f87a53768991e6bc77,2025-11-01T20:20:58.023739+00:00,2025-11-01T20:21:08+00:00,269
60828fd7205c4c0080c0c4a65fa7c71ac17cf54a32eb5b98bca84e59961087f2,2025-11-01T20:20:58.155756+00:00,2025-11-01T20:21:08+00:00,269
94a712fdbaf875faba1bb4ea4afe788038e433d3466f977ba7afcb4bd9088718,2025-11-01T20:20:58.283332+00:00,2025-11-01T20:21:08+00:00,269
9aa272afee2099468466bf6789c632b589d3623c85550fe1f91a9e85ae391bf0,2025-11-01T20:20:58.409405+00:00,2025-11-01T20:21:08+00:00,269
f9c53b0b63b52a506b40ea431c7d5a6957bf4d3c6ca12d5361ab1a402ba0f060,2025-11-01T20:20:58.537393+00:00,2025-11-01T20:21:08+00:00,269
4a6b9952c06f65bede894524294dbe1683e95a2dfc0a8c89b3faccd0064982ef,2025-11-01T20:20:58.674826+00:00,2025-11-01T20:21:08+00:00,269
01d0124d1ad16519f1929523d0f4f006526547624f27450bf6ed36499129ef58,2025-11-01T20:20:58.801879+00:00,2025-11-01T20:21:08+00:00,269
8822fc9a019b31f2b0e2693edfc9231361b99e1f74122ab9789cfeed1d2409c2,2025-11-01T20:20:58.928667+00:00,2025-11-01T20:21:08+00:00,269
78b47755045347a553c703bea8b6fbd7ef6c71e9d3da2db78d68af62ae67df5c,2025-11-01T20:20:59.062376+00:00,2025-11-01T20:21:08+00:00,269
cbd596c1461a468a0b36fe927d976444627bd9447643e9e5758b90a359bb3fab,2025-11-01T20:20:59.198734+00:00,2025-11-01T20:21:08+00:00,269
7c8fd13c4abcf5e69fbcc37f9460b3923d1f24bd1f8e62e2ab71da97cc950e8b,2025-11-01T20:20:59.334190+00:00,2025-11-01T20:21:08+00:00,269
89b39ee170fb7aefe56c27842818ba335209324f42974996cdbb475ea580b4e3,2025-11-01T20:20:59.467286+00:00,2025-11-01T20:21:08+00:00,269
d88aa5167e12ceb53451fb421e3a6b5a1e0d09ecd4d1d0764709b16dc47933b3,2025-11-01T20:20:59.602557+00:00,2025-11-01T20:21:08+00:00,269
21ec8f742ab3f0f2f188ea650a0704b6d3785cbd7174ab1c474e1cf8b505cda0,2025-11-01T20:20:59.730747+00:00,2025-11-01T20:21:08+00:00,269
76625f700fb8f80cde86a93524f55b5627d8d7a72f0207ebf8e53376d937afa8,2025-11-01T20:20:59.857360+00:00,2025-11-01T20:21:08+00:00,269
3ddda6a612afb977dfa1ca94cd83e0904c07f8bfc1413ff1baa4a09918749049,2025-11-01T20:20:59.983633+00:00,2025-11-01T20:21:08+00:00,269
cb3c2e3304fa907932775614c7aa14b5a64a06825cd1371cd98714c8cdc867f0,2025-11-01T20:21:00.110475+00:00,2025-11-01T20:21:08+00:00,269
f243f37ddec84afe87139d321b785b9659f7d8f864a070e5129309847458b6c9,2025-11-01T20:21:00.240874+00:00,2025-11-01T20:21:08+00:00,269
b092fdcb0a8e0bd18c59111e20985223b9341df6a40f91c949e750329eedf964,2025-11-01T20:21:00.381972+00:00,2025-11-01T20:21:08+00:00,269
675918612498ffd7a7dfd6fa62308543ba8b2e9c651182cc56dcf60d4012c4f2,2025-11-01T20:21:00.519997+00:00,2025-11-01T20:21:08+00:00,269
5f5e6a2ee6f22c5fc53385dcd924f1c1db28817b75e935b2bd2b41a09c89a7d6,2025-11-01T20:21:00.659909+00:00,2025-11-01T20:21:08+00:00,269
563d22b2671a6af4e2c921a55479042aebfc890e43f925f39bb9808128b58868,2025-11-01T20:21:00.791419+00:00,2025-11-01T20:21:08+00:00,269
d0aaf625731a0b4ab1db3f497a50588253f2b5c0a50cf6a5ea80b985981fb381,2025-11-01T20:21:00.924201+00:00,2025-11-01T20:21:08+00:00,269
ca65e2b8a53f66f10bedc834aff58b70f2061257c933b1a39df82ec0af56c613,2025-11-01T20:21:01.055982+00:00,2025-11-01T20:21:08+00:00,269
00681e8f81a2bf405117fe19e4f7cf9a81b79961ef958e3ace5b67dbe61aca6c,2025-11-01T20:21:01.198497+00:00,2025-11-01T20:21:08+00:00,269
7cf5a978f0558e7191015b2116cf80a4bb5379d8cec224d9ebf68ff5594a8ff5,2025-11-01T20:21:01.328827+00:00,2025-11-01T20:21:08+00:00,269
89f3cadc6d66d62ac7a1bdb065bcb50eddc7b91be2db06717f560753d370c078,2025-11-01T20:21:01.477428+00:00,2025-11-01T20:21:08+00:00,269
b54829243307ebde354b67437b0b1c27aa724caec05144b97545fb2299ba09f3,2025-11-01T20:21:01.614367+00:00,2025-11-01T20:21:08+00:00,269
a02a6c0bf043e4d9adb004f454eea8f28af0891921c89a5183302b1126c9de28,2025-11-01T20:21:01.746434+00:00,2025-11-01T20:21:08+00:00,269
bd5e617821d8f00e8bf95358f758abd3552b5a142f3ef68b98c1621ecad90115,2025-11-01T20:21:01.876348+00:00,2025-11-01T20:21:08+00:00,269
d324fa02ae0c06eb5f10abc6821351ca73f79e9ea325c2971ddb18799a06a408,2025-11-01T20:21:02.018109+00:00,2025-11-01T20:21:08+00:00,269
e7e7dcc1f82ec8d67d82629354cbb997b542676921212a36bce8183b2b9e1f0d,2025-11-01T20:21:02.148369+00:00,2025-11-01T20:21:08+00:00,269
43ff576e34f188d9242eda8fda999c1684ea988a4baf3a453b9be93baadf71d6,2025-11-01T20:21:02.277403+00:00,2025-11-01T20:21:08+00:00,269
0b98e169434a5b06c4a972cf48d99f00e5c771e5f98bee34d0583f60652bbcc3,2025-11-01T20:21:02.408722+00:00,2025-11-01T20:21:08+00:00,269
4fec12417e994bde2067e19b0e01cb8380df74b00d286135323fc1f239bbd039,2025-11-01T20:21:02.544002+00:00,2025-11-01T20:21:08+00:00,269
00e9ed72ae6ceca8d38926d482c5391e3fe6f5205ed7e313abb8a621414e36e2,2025-11-01T20:21:02.681098+00:00,2025-11-01T20:21:08+00:00,269
085ef1d6869820497b0950a3f38b899cfe685d7470071fe65e777698338d8080,2025-11-01T20:21:02.822091+00:00,2025-11-01T20:21:08+00:00,269
9ef76c10e4012882cf2eb8b69af5d1b361b9185b51d1774bd24c7771faf2dffb,2025-11-01T20:21:02.955774+00:00,2025-11-01T20:21:08+00:00,269
bbff1204f7d1480757c89bc424379dbe1c16494d9ed0810c3e8846343949b8fc,2025-11-01T20:21:03.089301+00:00,2025-11-01T20:21:08+00:00,269
2fa5def9e5c318e4061d199f9dfabb8a016139c5d0b61c7b8b5ea70eb4adf727,2025-11-01T20:21:03.220787+00:00,2025-11-01T20:21:08+00:00,269
2bae6fb7237bbe1655199dce1eca0811fbe34bd435216cc9c7bfb9c68cd14e9e,2025-11-01T20:21:03.554713+00:00,2025-11-01T20:21:08+00:00,269
6a9def22a6a743f83eab57fecf3e3b9631a5e41fbbf8ea242785aed751fad911,2025-11-01T20:21:03.687334+00:00,2025-11-01T20:21:08+00:00,269
c3515967488f3173852a28f2815029d4574d08d03169dede519b957a7ec3d986,2025-11-01T20:21:03.820147+00:00,2025-11-01T20:21:08+00:00,269
cedc3f83156069ba4c15ccc0caa3cca835b6001e8992c67e98ca5183d33a6827,2025-11-01T20:21:03.959648+00:00,2025-11-01T20:21:08+00:00,269
a1b8526133a5f0e884c51b05defd81ecb74fd1bd4ecee80bcbae7f9d0cda75e6,2025-11-01T20:21:04.096856+00:00,2025-11-01T20:21:08+00:00,269
1be2f6979b96909beceec10246b6a270ea4408f0ff5238d0fc65b4a21cf126aa,2025-11-01T20:21:04.231118+00:00,2025-11-01T20:21:08+00:00,269
715cbaf4b71fbc41185d0b6134acd54363cf5cf928ab2123bf1c2d86d18e803b,2025-11-01T20:21:04.368287+00:00,2025-11-01T20:21:08+00:00,269
f68dd83cd64b05ca6f3b27d5274c717c3fc8212d9f80229b87acb1d73d529124,2025-11-01T20:21:04.505894+00:00,2025-11-01T20:21:08+00:00,269
a2e62fec3080ccf0d83e8954e927a8eccb8ab740cf6c2b0ba5509bbd568b7598,2025-11-01T20:21:04.637740+00:00,2025-11-01T20:21:08+00:00,269
12df00cbefd1c3fbd2f9270ba2c98157a8ea59038e0ba7c93619132024075adc,2025-11-01T20:21:04.773031+00:00,2025-11-01T20:21:08+00:00,269
7672610f0c63430452776cf9bb6a09f3682d2f9733e3f9397a40c6a888e21894,2025-11-01T20:21:04.903784+00:00,2025-11-01T20:21:08+00:00,269
ccba62affde6dca0c3a7948c1475d087aabd74cf94cc2ba7578ea21d7539c168,2025-11-01T20:21:05.033212+00:00,2025-11-01T20:21:08+00:00,269
e1686c1cf2c53c12577fc9b3882a27dcbb4dac9c774122ae42b9379c2c347280,2025-11-01T20:21:05.169626+00:00,2025-11-01T20:21:08+00:00,269
b67b7d223737d2a61806af1fe0ac8bba0cb565b1e51cf0e5b128f6def7f0981f,2025-11-01T20:21:05.300645+00:00,2025-11-01T20:21:08+00:00,269
143e4a9e21d21992e015e66728f907ff8b747734e024b88005712d78a568bebf,2025-11-01T20:21:05.435839+00:00,2025-11-01T20:21:08+00:00,269
5762d3f334b411d8ef7b7b740c138bdb1b5c1a42bc61f6fa28c6cc1b9b06d8f1,2025-11-01T20:21:05.572654+00:00,2025-11-01T20:21:08+00:00,269
487f49032eaea6632044346cdae187a2d0bc8c06821ee47b69350f03a270fbe4,2025-11-01T20:21:05.703189+00:00,2025-11-01T20:21:08+00:00,269
744d4e13ccca21c5cff15e40373a0743a1d0b27f65a0d15ce4bc97da08fd6538,2025-11-01T20:21:05.834895+00:00,2025-11-01T20:21:08+00:00,269
508e9e3ab04009ba43a57c9ae54c5dd67225986d6d29fb306275db3d990ed599,2025-11-01T20:21:05.969607+00:00,2025-11-01T20:21:08+00:00,269
655a606c7e4b99343c02b3460b8c7e064fff2418671e658309d5c06762ed969a,2025-11-01T20:21:06.107709+00:00,2025-11-01T20:21:08+00:00,269
f5cc6f78d28ad0fe31c54af5169667ba62b87431a227d6d6a603ca13ce0c3497,2025-11-01T20:21:06.244538+00:00,2025-11-01T20:21:08+00:00,269
bc50fde434960265586badf747e303e09623a0e9b9fc2e5ddf67d31683f55277,2025-11-01T20:21:06.375432+00:00,2025-11-01T20:21:13+00:00,270
2f4c3aeb279f44bfeba3f1aca7e89f1398b8893fc72cc644dcde7b5bc604270b,2025-11-01T20:21:06.508999+00:00,2025-11-01T20:21:13+00:00,270
a9b2b413e4c8f86688a2c23afa93a603431f57a97a939a2c82ec44620e69ec3b,2025-11-01T20:21:06.649427+00:00,2025-11-01T20:21:13+00:00,270
b8f9946d3ff7ff6153ef50fb4c2f4cdf5576b1dcdad5183cacc464d9129c76b9,2025-11-01T20:21:06.785318+00:00,2025-11-01T20:21:13+00:00,270
556322686965eea5d5ea5b21d29940f6081c53131503f4c51047dea53e295193,2025-11-01T20:21:06.920226+00:00,2025-11-01T20:21:13+00:00,270
589524ba5fb6b0761f6a7d058105a4c2813e8faa2741271a9bcd1bb991b51563,2025-11-01T20:21:07.048454+00:00,2025-11-01T20:21:13+00:00,270
4dc908ead28f85e35cb5e1c448b6456201e155a4e54cc71f11d2bc172285c043,2025-11-01T20:21:07.180184+00:00,2025-11-01T20:21:13+00:00,270
dbf7593a9a31009243e7b8f858492db8fcc971aee2c11f1d3957715eede4319a,2025-11-01T20:21:07.317154+00:00,2025-11-01T20:21:13+00:00,270
7590dc3595ae1d0c683f1574c5cc9ed175667b15e4c4cf65f85d8868f6b0bc8b,2025-11-01T20:21:07.450812+00:00,2025-11-01T20:21:13+00:00,270
ec590d027de499d96a3a3473e7e2079d5f66c58c51b84f871b46aaae7fe18422,2025-11-01T20:21:07.584719+00:00,2025-11-01T20:21:13+00:00,270
b2ffd72dcab5b93e5f356d327e8b242c73ddc1882cfe1b4ae63f3f1183f3a3dc,2025-11-01T20:21:07.717716+00:00,2025-11-01T20:21:13+00:00,270
5bcf32e95a36362bbd629013b8e2276d32b2424accd5199e1fe7517692a71159,2025-11-01T20:21:07.855408+00:00,2025-11-01T20:21:13+00:00,270
92358cc59cdd9630fc020d5045176a336d8f20f7b966d8e0953e6e4bbc77470e,2025-11-01T20:21:07.987976+00:00,2025-11-01T20:21:13+00:00,270
4b5861da8117971585a6ff06803045e3ef7a2e87fb43248a85dd13ac2f67e9f9,2025-11-01T20:21:08.120846+00:00,2025-11-01T20:21:13+00:00,270
c5c6650135d1ae7993d695c69f3efc9a7c9bd17329bbc6250805f36eb6840b3e,2025-11-01T20:21:08.257544+00:00,2025-11-01T20:21:13+00:00,270
8c4e49238a03de8edc34d555145ac2dc1241ad88630c6dc30cdb0e4479b5a6f2,2025-11-01T20:21:08.394918+00:00,2025-11-01T20:21:13+00:00,270
87c0cf2f0726e089dda7a6349325a2388765d5501bca78c9a9a44bf8ca1144da,2025-11-01T20:21:08.527805+00:00,2025-11-01T20:21:13+00:00,270
2c5a76a064696508f4b793daaaf39979cfb45d9b7771c2dbb5a54cb120a0716e,2025-11-01T20:21:08.887864+00:00,2025-11-01T20:21:13+00:00,270
d41a3ddb704f912605997f28671842d7b4fcfab0256d5e0c590350bc2423daaa,2025-11-01T20:21:09.023313+00:00,2025-11-01T20:21:13+00:00,270
484c95f8a5a9eee54fb5329c55f5a8854bcddeb3b518caed8cc8232b4f3fc68c,2025-11-01T20:21:09.158126+00:00,2025-11-01T20:21:13+00:00,270
a3e1216376c2d8e4632ad11612d95d9dd40f15e946b0278787039c38a553076c,2025-11-01T20:21:09.304687+00:00,2025-11-01T20:21:13+00:00,270
1fa213f7deb732369dcd1dc5e67529489380414bbee0c6c6ef72ef541f15ac36,2025-11-01T20:21:09.443423+00:00,2025-11-01T20:21:13+00:00,270
3c4282cfbe7722f95d79c2bc6d9648e123e380ea9b0a93f241745b95f0765b57,2025-11-01T20:21:09.574180+00:00,2025-11-01T20:21:13+00:00,270
9e87f7276a89ca7e14e0e9ab2897f936a4e9e5f9b331d27de6f6185fc3db6969,2025-11-01T20:21:09.705668+00:00,2025-11-01T20:21:13+00:00,270
d2d53325c1d683e03cffa93aca3f421430a365120e273a4a7e04db45d13da577,2025-11-01T20:21:09.837698+00:00,2025-11-01T20:21:13+00:00,270
78ff0eb101cc7a4662499590f860f16c87cefb3d9471bcea6d9d635201b68f4d,2025-11-01T20:21:09.972073+00:00,2025-11-01T20:21:24+00:00,272
09b5e64bc82ac3950ec12c349b2611ae52149e13863b48970d60c9f7f8e1ed93,2025-11-01T20:21:10.103522+00:00,2025-11-01T20:21:19+00:00,271
ed1d23617340f26f964abfaf7317c9d4ede7fbf5d5e20dadb0d36c78ae7bc27c,2025-11-01T20:21:10.239798+00:00,2025-11-01T20:21:19+00:00,271
8401310066ec98cb4dfd58830dfd68bc3cf57d24c64ba71d4573eea88b388862,2025-11-01T20:21:10.379842+00:00,2025-11-01T20:21:19+00:00,271
6aba3d8d3fdd8f328ac1af3c20f9a4e6050a931572613aac33d73a656768e1b4,2025-11-01T20:21:10.508392+00:00,2025-11-01T20:21:19+00:00,271
57d630267a59a8f17781d7e0cec44cd69d4ed179b10f9c9644cc060a529ad1ec,2025-11-01T20:21:10.638810+00:00,2025-11-01T20:21:19+00:00,271
d9a20d652f6badb84cbcb25efde01e27bbee56af48f40cc4ca718010a7d3d4e1,2025-11-01T20:21:10.773682+00:00,2025-11-01T20:21:19+00:00,271
40765f8d417218f2adb89e12adf7611179a8445995a64b30b0cb5eac3c19903f,2025-11-01T20:21:10.910315+00:00,2025-11-01T20:21:19+00:00,271
83604173cff88fb190539a2e835287933868d380698bf590fd33889b4b56d422,2025-11-01T20:21:11.047693+00:00,2025-11-01T20:21:24+00:00,272
f9e6a2d7e28331cf05d70bae423bdcfe159a48efbac2d9dceb360e32291d429b,2025-11-01T20:21:11.183109+00:00,2025-11-01T20:21:19+00:00,271
7ed5e71351165ac4c6d04f0d5a38dc4bb02d5993d0e74af16fec27052d7703f1,2025-11-01T20:21:11.322697+00:00,2025-11-01T20:21:19+00:00,271
9b4337f07077bd5c063e4e46313e81d4a6520366074ed62335f251498ba02b9e,2025-11-01T20:21:11.466313+00:00,2025-11-01T20:21:19+00:00,271
42dec9e1492e30454b17560553c5d8cff2641834dda14e4122a5db54852a76b6,2025-11-01T20:21:11.601231+00:00,2025-11-01T20:21:19+00:00,271
dc9d34a3f37a00a8f0949e4b1d471c5bc66f7671ab03bc7b4e045914404288a6,2025-11-01T20:21:11.736031+00:00,2025-11-01T20:21:19+00:00,271
27e05ceadc0aa9699b143d8277320565cb5f02bc9834e3e4bcc9c4f20b79a3f8,2025-11-01T20:21:11.868563+00:00,2025-11-01T20:21:19+00:00,271
0ef3e75c55a7cd2e0a03e2d53b10e39e8c1a7b17951b7d1962bab910f0a6922d,2025-11-01T20:21:12.006502+00:00,2025-11-01T20:21:19+00:00,271
869096444e8e15e255af7219516c2581e2e082760389f55dc53f703f5790ad29,2025-11-01T20:21:12.140474+00:00,2025-11-01T20:21:24+00:00,272
d06df5ec02297833e0828a7d2f970d6f161e68cefe642f78313e7f497d965e36,2025-11-01T20:21:12.279865+00:00,2025-11-01T20:21:24+00:00,272
d859fb8899b7a8342d83b076c3d4754dbb07a606429e371fa2cfda1cbe3023dc,2025-11-01T20:21:12.417039+00:00,2025-11-01T20:21:19+00:00,271
fc28acde2795b23f0447d43420a2756bc6c68b81a44bab64c04a403085cd11f2,2025-11-01T20:21:12.559573+00:00,2025-11-01T20:21:19+00:00,271
907634efa058736f13de219dd7175607d622e26ae2da6903f9f614d0ec8bf98c,2025-11-01T20:21:12.701571+00:00,2025-11-01T20:21:19+00:00,271
b4012598fb605806438a443f6ac2eb7934de78263d08195b095d4b3ad2c0c82e,2025-11-01T20:21:12.841672+00:00,2025-11-01T20:21:19+00:00,271
3e01b731d5e974c092ceae77f326b9bcbd054b828c9c9315d4e7187bfcec2b3e,2025-11-01T20:21:12.973318+00:00,2025-11-01T20:21:24+00:00,272
e07b077f9b28e0bfe7df597de04927ba764fa5112daa6f47dd8d1b62cfd191cf,2025-11-01T20:21:13.108948+00:00,2025-11-01T20:21:19+00:00,271
00de0131e86790ca1432fb9b19a30df3c26d4c37caf30b515408d77828892df2,2025-11-01T20:21:13.243415+00:00,2025-11-01T20:21:19+00:00,271
711e16a1a51d10a4589b633caa7eecf28b842044375a0b15f1ae659bba9accca,2025-11-01T20:21:13.386274+00:00,2025-11-01T20:21:19+00:00,271
8743a7949aaf5b843c702fceba4bb91af8820b2c43c72fc674eb6bcae82b2180,2025-11-01T20:21:13.524599+00:00,2025-11-01T20:21:19+00:00,271
b6087dc5c138399335945a69b6a9c529c3aae64ae89bc80ca4c399d94cf38252,2025-11-01T20:21:13.660218+00:00,2025-11-01T20:21:24+00:00,272
9f5f695db27bea7e1fd0be4fd4269eb46e5776cb1c1cf07bbc21d83ca7470633,2025-11-01T20:21:13.800390+00:00,2025-11-01T20:21:19+00:00,271
7d89a2df6349b8e60d15f0a7504ab0caac3ce200a70ea41cc066fccbc16d7794,2025-11-01T20:21:14.146742+00:00,2025-11-01T20:21:19+00:00,271
a2178f816d7c9fd4144a4428c4d894d78f587ef1bbd13b82e66aebd77d62049f,2025-11-01T20:21:14.278437+00:00,2025-11-01T20:21:19+00:00,271
5ff085796621bec1719880d6f6671beb63ca83c8f12c5ddd6f0c46402a87c551,2025-11-01T20:21:14.414031+00:00,2025-11-01T20:21:19+00:00,271
9170f34658066ddbf9e44025e7b3eab4cd7d8ac958d2c080fa5c1b8fcc068c72,2025-11-01T20:21:14.550257+00:00,2025-11-01T20:21:19+00:00,271
9f805945ad2fa2eab1387fdd27bc67d3f977d3beb180131df74611e134df938d,2025-11-01T20:21:14.692522+00:00,2025-11-01T20:21:19+00:00,271
4b2e020e72cda0b6ed2ee87f5656d10b68c8014d0120a680724a09dec57e32a6,2025-11-01T20:21:14.829602+00:00,2025-11-01T20:21:19+00:00,271
7552e4c5067e31e9ad77d0f8ce48483061bf5aa69c996ca673e77ac5f329163e,2025-11-01T20:21:14.962122+00:00,2025-11-01T20:21:19+00:00,271
10d215dbf0f114009f25fb825ee19776df1a7bf36e45c693e2d663f311757618,2025-11-01T20:21:15.098851+00:00,2025-11-01T20:21:24+00:00,272
6e7c306a20a6a46ed9da58e93aa47acef8672242cf44f6f29b046a38a99be3b8,2025-11-01T20:21:15.230257+00:00,2025-11-01T20:21:19+00:00,271
0b6caa6d6c03f0a2e29ad5c1ef8915f3d206323661dc415a1e7e8d53e5d5b52f,2025-11-01T20:21:15.364473+00:00,2025-11-01T20:21:19+00:00,271
ca7dc3c59612ca2d0cb839ca8e124e44ae8b7f393b3418e8eca28936ee6d69f0,2025-11-01T20:21:15.497458+00:00,2025-11-01T20:21:19+00:00,271
23bbfd0fcde1fe51244250894b77a27ebe85e3e0ab5ee441ac1a33ec9bcd4ba6,2025-11-01T20:21:15.630854+00:00,2025-11-01T20:21:19+00:00,271
f1a88f262d2d33299e163919089a04144b9d0566246e66dd3c34cc1d76f6d156,2025-11-01T20:21:15.764892+00:00,2025-11-01T20:21:19+00:00,271
f3b47e4d70085d84a7d8a200e0f91cbc8d7349d58c322b7635e49b552f497706,2025-11-01T20:21:15.898990+00:00,2025-11-01T20:21:24+00:00,272
277afb91886b9ba5adc3e5a94f6b5e752e37fc91ff657f184e37f896fd7fec0e,2025-11-01T20:21:16.033370+00:00,2025-11-01T20:21:24+00:00,272
a99ad7a7559a72c01a1396f3155518592d94a34bd8f31ba33fe9227aa2efce60,2025-11-01T20:21:16.170765+00:00,2025-11-01T20:21:24+00:00,272
f7fb99e729af6716283a731b845a16a4c7bf915b32b2570eba88f734f31461f3,2025-11-01T20:21:16.312569+00:00,2025-11-01T20:21:24+00:00,272
453c5756a6f2430c5e24e88f7fb073649b387d4e1f505cc5ccaa92a581d858ea,2025-11-01T20:21:16.453752+00:00,2025-11-01T20:21:24+00:00,272
747e23bc0ec701dc366da341c74842825ea6033ff60bfa292e048adb3db8e586,2025-11-01T20:21:16.587194+00:00,2025-11-01T20:21:24+00:00,272
98b439633ac73fb1faf57db726dd58bd9d39b30a769097267dd47d2cd9476b24,2025-11-01T20:21:16.730462+00:00,2025-11-01T20:21:24+00:00,272
83023717598b8efe6216f77ae0aa3cd38e5b166f54add0984ff6379800ae1a65,2025-11-01T20:21:16.866898+00:00,2025-11-01T20:21:24+00:00,272
c2bffa72c118bc560c1d106ecbdbcfe08ebf03f32de9ff5a4e346ab118b8ced8,2025-11-01T20:21:17.003347+00:00,2025-11-01T20:21:24+00:00,272
0ea73ad349c723c88baaaa51c26906ae44a6e1bf1db6c9fc0d14068e3a9e1be6,2025-11-01T20:21:17.144111+00:00,2025-11-01T20:21:24+00:00,272
1edca36f42d5d3f117960665d95734fd79f700d5cbcda924da8d1bcc599df1ab,2025-11-01T20:21:17.276510+00:00,2025-11-01T20:21:24+00:00,272
a44b08a5c49a21c4fbfe583037749ab7d64a7230f3e768332b14508a37fe7fe0,2025-11-01T20:21:17.409201+00:00,2025-11-01T20:21:24+00:00,272
c08f106b979383508f615ddee4dd114c4de7e4c767fd22e04425f82920f30d20,2025-11-01T20:21:17.539772+00:00,2025-11-01T20:21:24+00:00,272
b332f3815a0c5e8e534c9a240a7faa8167222be845121800e0c39ab174b86c02,2025-11-01T20:21:17.684668+00:00,2025-11-01T20:21:24+00:00,272
9c12d7d9d08bce7c25498bb4fa819ca0570243db09389e243efcbfae35bd1606,2025-11-01T20:21:17.819081+00:00,2025-11-01T20:21:24+00:00,272
42bc96f3791ee6587aeebaf7b342996443deaef6b43016ed7bf759f9d8bc87bc,2025-11-01T20:21:17.955460+00:00,2025-11-01T20:21:24+00:00,272
142321fe8db5a2c61238ad7ecc71821377044abd67f3fda31d65f07986d90ab0,2025-11-01T20:21:18.088756+00:00,2025-11-01T20:21:24+00:00,272
f36c7ed1e2cc91e605a00363cf1950140d2890744eb59f82ba33ecd20e8afe01,2025-11-01T20:21:18.219015+00:00,2025-11-01T20:21:24+00:00,272
d0751a3990043504cbca4457f6dd21f5bad8acc7ee4709f1a851248e2df511f4,2025-11-01T20:21:18.354991+00:00,2025-11-01T20:21:24+00:00,272
09d790e88dab03accb5751cb6ac372353d18ab612a4d51f8a8dd2f4aa80b5e7c,2025-11-01T20:21:18.487367+00:00,2025-11-01T20:21:24+00:00,272
0c628eaeeaabb47d73b42ef183ad59d2a531bd82401c59adbe6013700afe2924,2025-11-01T20:21:18.622248+00:00,2025-11-01T20:21:24+00:00,272
a5ed81fdbee60fdb4d0ca73cb2203135d2bc672343e299540adfab0f2e2fce9f,2025-11-01T20:21:18.759947+00:00,2025-11-01T20:21:24+00:00,272
6a6cd853c3b9566e630f607f927684c266ef99844cebaeaef18b2df4de308c66,2025-11-01T20:21:18.895427+00:00,2025-11-01T20:21:24+00:00,272
4a10423db61a9f87b3b90df7e5f917a6b3f550a73e586d6f9da3cc1b4e312061,2025-11-01T20:21:19.029296+00:00,2025-11-01T20:21:24+00:00,272
73b336ee2da7bf90986e885517d93c4cb7db7658f4c5efb109ad2d16d09fd10f,2025-11-01T20:21:19.170600+00:00,2025-11-01T20:21:24+00:00,272
5ba453788881d044a64d293a5a62dc5b88f2d8546282ce22c7777ff0bf943dff,2025-11-01T20:21:19.310581+00:00,2025-11-01T20:21:24+00:00,272
e31aae9afc4ee095dece7df3db9bba9dee3374a155cd355cdcc1ad0fb2f83edb,2025-11-01T20:21:19.461476+00:00,2025-11-01T20:21:24+00:00,272
6dadd9b09e9034a29a741bf1cd5cc5d67a2c2f4f50a3a7aaf8e0b53d98232da4,2025-11-01T20:21:19.591575+00:00,2025-11-01T20:21:24+00:00,272
47caef356ddc92ed7f10c00e59c46ac40ad4386ec46017adb7b33c0c9abc01de,2025-11-01T20:21:19.724783+00:00,2025-11-01T20:21:24+00:00,272
cfd77e57b535e786c79b0f70b98f79128e3572bb09138b59a867fe305428ae37,2025-11-01T20:21:19.857484+00:00,2025-11-01T20:21:29+00:00,273
fdf08db253969b632c0ad60314b958c761986a0590aa229c0bc68bc39aaf5396,2025-11-01T20:21:19.995078+00:00,2025-11-01T20:21:29+00:00,273
bd156b4e45e2ea5dc00cf103e9617f1cddcec53707f354725a451d0b474695cc,2025-11-01T20:21:20.128093+00:00,2025-11-01T20:21:29+00:00,273
b2e12bcc97cecd9707151e802ab8fcfa0e27d764002eb4646b635f9fc9bdf672,2025-11-01T20:21:20.260587+00:00,2025-11-01T20:21:29+00:00,273
cf4b3a617a25b5acea4c2f35aec368a49079d525a5f63047aeb19690d7e8d9c7,2025-11-01T20:21:20.400218+00:00,2025-11-01T20:21:29+00:00,273
1ea7141511ab915b71a674d4499f17d8aee86b49e93f21b7c5eef19345f5e6da,2025-11-01T20:21:20.529616+00:00,2025-11-01T20:21:29+00:00,273
d7357887302efd196b974ee4d2f0799e28b3f11bc51126ad4a95a574c93b6cd1,2025-11-01T20:21:20.666205+00:00,2025-11-01T20:21:29+00:00,273
24e3bd4a8f76e4dba5a2d56371966ce0414d0b6fce7b2c1c10dc38c5055e52e1,2025-11-01T20:21:20.799103+00:00,2025-11-01T20:21:29+00:00,273
d5c914e574fa4470eaa91d7be4c880937d467496d23e8af50ef7435d53c9c64d,2025-11-01T20:21:20.933521+00:00,2025-11-01T20:21:29+00:00,273
022004044cf78b81cc8407bf0333632b9d4235e029d3575470439bb4dcbf8162,2025-11-01T20:21:21.067145+00:00,2025-11-01T20:21:29+00:00,273
4ae00a69995df2a37ceaa2b4aa39af1cd0a9f6e8e99d6d46f745aa2ec47e8b64,2025-11-01T20:21:21.200605+00:00,2025-11-01T20:21:29+00:00,273
42202890df62fce330c9d06b2e18142ce5a85bd057e5aa64d5d0c5d7fed750c4,2025-11-01T20:21:21.333141+00:00,2025-11-01T20:21:29+00:00,273
f98c6b075e37708ff395f12e159585aee7e1690f7fda645ea170cf9db3e6ea7c,2025-11-01T20:21:21.480803+00:00,2025-11-01T20:21:29+00:00,273
aa7cb25fde0596f96cc2c629ab76c674d45b7a08d4fe369a77b47a1b92a457b6,2025-11-01T20:21:21.610958+00:00,2025-11-01T20:21:29+00:00,273
93370c9f66a805beba8f99795866931dddd899736c5bf93a7fe579c5dfa54698,2025-11-01T20:21:21.741702+00:00,2025-11-01T20:21:29+00:00,273
e5d261b4b4a9aad3a901dcce1120a9b8f22bc64b5765d9851eeab44501244893,2025-11-01T20:21:21.873545+00:00,2025-11-01T20:21:29+00:00,273
d0f0496972f48eeca506d95f12b4f79996aabafe59726a10002e6f2c902d2b1a,2025-11-01T20:21:22.006094+00:00,2025-11-01T20:21:29+00:00,273
866ca4f1227a72c6a4647569352e56cd4e6d0bd731f3ffac943920ab4d208ffd,2025-11-01T20:21:22.146934+00:00,2025-11-01T20:21:29+00:00,273
84e8febc5d50150e3c29d0b2332874eaca8b75ea48e73a6115e9b78592ba62d7,2025-11-01T20:21:22.280303+00:00,2025-11-01T20:21:29+00:00,273
f1a269dffa207036cde4422527d1194ba7deae420bf5e73f2d66a62b606a921d,2025-11-01T20:21:22.413117+00:00,2025-11-01T20:21:29+00:00,273
a85686a391560f73358c391db1a9b93799fe5a37bf2712565ad79e31d58e0468,2025-11-01T20:21:22.551186+00:00,2025-11-01T20:21:29+00:00,273
02abb4a24fb3c3020c44f27d76fd5763be8962303f75d65131cfc38b5d9e1725,2025-11-01T20:21:22.681827+00:00,2025-11-01T20:21:29+00:00,273
d5e3b11b1665424a8c843642a60c3337f82cc1b1ab6c133cee3e0c9240c8a747,2025-11-01T20:21:22.827506+00:00,2025-11-01T20:21:29+00:00,273
3f77811c3f01bea73f6230c5217bf43eab9b4dfc9c4746217c40466b92f8df9d,2025-11-01T20:21:22.960566+00:00,2025-11-01T20:21:29+00:00,273
56a23be1c54abbde6c6271f76886b230b901dbfe341b3a00943cea2032fc2252,2025-11-01T20:21:23.102556+00:00,2025-11-01T20:21:29+00:00,273
3fc452cba74f2d80274a25735839be815415c83b147e62455d015961a508eec8,2025-11-01T20:21:23.236160+00:00,2025-11-01T20:21:29+00:00,273
bb45bc0fc1dfca1f2b95197d7332778e878c572b08d1213d6813157d323a82c7,2025-11-01T20:21:23.367973+00:00,2025-11-01T20:21:29+00:00,273
19186222b94ae8ab9fb47066f664932f8a90a32c66269e9bbe2fb92730c515d0,2025-11-01T20:21:23.500667+00:00,2025-11-01T20:21:29+00:00,273
577a3bfd00b7e42c7431617e4b987a38d36bb87283d0fa3502703d005aee51a5,2025-11-01T20:21:23.634555+00:00,2025-11-01T20:21:29+00:00,273
5cf194a4fe7830abbf0db35ed601181f892b8f4e0c467cc7ee5f75f8599ec29b,2025-11-01T20:21:23.764918+00:00,2025-11-01T20:21:29+00:00,273
9e29dd2cfaebe7baaf63a2e39017fa23839c2dec7153309c248531ab10865071,2025-11-01T20:21:23.902723+00:00,2025-11-01T20:21:29+00:00,273
c08f9b21e0e850ead3046ad48c486d754f47180e487fc389611f6c5fec3f5952,2025-11-01T20:21:24.036833+00:00,2025-11-01T20:21:29+00:00,273
98a95a8708fbcb2705ba8ee45f457fe03fac3da0b99ec3331f9e8bd108c3f48f,2025-11-01T20:21:24.370293+00:00,2025-11-01T20:21:29+00:00,273
55cd8b5a8197f7b485d832df249de1ae59429915696ba2b0df0212d8f008d6b7,2025-11-01T20:21:24.501242+00:00,2025-11-01T20:21:29+00:00,273
f0d3e2522da0c68353830c9ac39d0bec25553e6dab11045207822627d8c68a80,2025-11-01T20:21:24.631999+00:00,2025-11-01T20:21:29+00:00,273
1b2db41752e688417653706de92083c7aa37c4ba760d5fe280353b3295be5281,2025-11-01T20:21:24.764213+00:00,2025-11-01T20:21:29+00:00,273
690c99ca0625e86471d36c7e89bf7ba745ab11e1eb0ac6e6d4e9d982dee1eff9,2025-11-01T20:21:24.896637+00:00,2025-11-01T20:21:29+00:00,273
18e3deb7810cc4b8eba5c204ac4d1913b165887980f2c7d02bb690929e5836df,2025-11-01T20:21:25.038815+00:00,2025-11-01T20:21:29+00:00,273
0a31673597fa1b476bc59205d777994fd8e638a2b59eab0bee79c0aa1695865b,2025-11-01T20:21:25.171273+00:00,2025-11-01T20:21:29+00:00,273
3093acaf5753a31b376ceb03d0f9c2d996b906ab6700a0598cbcaae164aee419,2025-11-01T20:21:25.305414+00:00,2025-11-01T20:21:29+00:00,273
cd5d631f0177520558813bff14c1132a460cf3a9ce844e78db4f085e7709e105,2025-11-01T20:21:25.442363+00:00,2025-11-01T20:21:29+00:00,273
1be675cfd1819518946511750a3789a962d55756119bd61dfe5854befd83cae6,2025-11-01T20:21:25.572441+00:00,2025-11-01T20:21:29+00:00,273
330581cbf5679a666e004c19a2d4054b16b560f4dd1ff33cb405f49549b95a9b,2025-11-01T20:21:25.706379+00:00,2025-11-01T20:21:29+00:00,273
c937a804f35225af7e24588431dac875958daed49395f93b8c90daa84dd65516,2025-11-01T20:21:25.839167+00:00,2025-11-01T20:21:29+00:00,273
35b64bd0c8944d5dc7f90b7b12750ac428f179639845f96284344f793e3d3ef3,2025-11-01T20:21:25.969872+00:00,2025-11-01T20:21:29+00:00,273
dc3b057a03ed29e118c416da066faab345363c669992040a742762a7e8d28ccc,2025-11-01T20:21:26.099685+00:00,2025-11-01T20:21:34+00:00,274
adac2a41481df34f145c8889b1529f3294a4117b4d3e47a22adecaf44f1daec1,2025-11-01T20:21:26.235760+00:00,2025-11-01T20:21:34+00:00,274
5eb3861f5543ac084aed45fd384922ec97a07600848924d210df40b07456f76c,2025-11-01T20:21:26.368798+00:00,2025-11-01T20:21:34+00:00,274
d5d24e3f81cda3502db3f3ed9134e690baea82f0bfa4a466e394db4a286fadc9,2025-11-01T20:21:26.505864+00:00,2025-11-01T20:21:34+00:00,274
3e19b564ebab3f83a47197229bc93482969a54775b0a9120d9e6e48ed035b8ed,2025-11-01T20:21:26.637333+00:00,2025-11-01T20:21:34+00:00,274
14c373749ccff5fa646c32bb24d6670402f0226a5216f9d114a8432a59fe8256,2025-11-01T20:21:26.773753+00:00,2025-11-01T20:21:34+00:00,274
633f51b4777536609211ea62c313c2351d028f4e08a01bdfa6502aaacbefd20f,2025-11-01T20:21:26.905664+00:00,2025-11-01T20:21:34+00:00,274
d3a84a57b5fde7ce4fe69a6d6132177c562b9e995d03ddd66720d55c81c57751,2025-11-01T20:21:27.035983+00:00,2025-11-01T20:21:34+00:00,274
6bbc5d55a411775e3d89dc3e53daa63f29f4c0be4634d94680d60092c367d10f,2025-11-01T20:21:27.169957+00:00,2025-11-01T20:21:34+00:00,274
9feed7a210c91169b8d009efc087efbcb243b3ae8db07504f8ebdf0a96790417,2025-11-01T20:21:27.305837+00:00,2025-11-01T20:21:34+00:00,274
5fd464fde755ef2f003a203e71995a547bd63a7168000b7cce0a5349ed44f3ec,2025-11-01T20:21:27.441157+00:00,2025-11-01T20:21:34+00:00,274
ef5c4828056b5c19adb5a2f1cda567b396ac4d27e7f34ff8e5a78b0e559f9cec,2025-11-01T20:21:27.572947+00:00,2025-11-01T20:21:34+00:00,274
9149a6e148542cafdf8b33ec42a1e4f27674dcd89c3d807f1bbcb5d8f52a8be8,2025-11-01T20:21:27.706863+00:00,2025-11-01T20:21:34+00:00,274
60ec105083aa732bc99229e0876c96e693bcd802914b19527f931608d991a67c,2025-11-01T20:21:27.839830+00:00,2025-11-01T20:21:34+00:00,274
7af8db7224298b460c44fb385b49888d2d8cc64066553222bb0f8c7197817216,2025-11-01T20:21:27.975298+00:00,2025-11-01T20:21:34+00:00,274
ec7570d466d0d2ec15e44033ec34456bf0c87377787f55e3fcce96d4be9a846d,2025-11-01T20:21:28.106422+00:00,2025-11-01T20:21:34+00:00,274
895d9d90a24dcd6fc46220c2201f61c3bc9e7eb384278acf25dc0f97db2302b1,2025-11-01T20:21:28.238471+00:00,2025-11-01T20:21:34+00:00,274
26e97adf02ed261f25bd4c9262f1122ea3a69cbb6c342333726f6aec07a695c9,2025-11-01T20:21:28.369277+00:00,2025-11-01T20:21:34+00:00,274
748c3a6c5ece1e78de5de476d9ff9f7fd39c4ef9b3fe8f6a6e038e1c08fdce7c,2025-11-01T20:21:28.500835+00:00,2025-11-01T20:21:34+00:00,274
b3c7243ba097610ae9fe09e9bcdc3e0f31926e8a9d0f1ef3bdcdeb5a58c5ab3b,2025-11-01T20:21:28.633899+00:00,2025-11-01T20:21:34+00:00,274
ca59477b4394333d6b4a15b4a25fe7f5a7fc3542e85f6ebd171678207bca246b,2025-11-01T20:21:28.766844+00:00,2025-11-01T20:21:34+00:00,274
8cf0f73df6353e8b50f7175b3d40bb8c110f81e2c06bddab6a73fd81648d4637,2025-11-01T20:21:28.902607+00:00,2025-11-01T20:21:34+00:00,274
cd7e4962383dce406b35882e753e1c132b65de67cad879980d21034e5d1bbedc,2025-11-01T20:21:29.043812+00:00,2025-11-01T20:21:34+00:00,274
81e3f8d96c668405e639cc5752cd9eb2dd7b330810ffe3a47532b90a9fe2ca5c,2025-11-01T20:21:29.181837+00:00,2025-11-01T20:21:34+00:00,274
8ac2ba22a00f7d2d909bfb0c8d00bd47654f7e3b31b877ae9c562351083da165,2025-11-01T20:21:29.323879+00:00,2025-11-01T20:21:34+00:00,274
9dbb7ab73f91cfed73825b6eade6869bc37c1757c87811320ad0ed7e51bfb2df,2025-11-01T20:21:29.665967+00:00,2025-11-01T20:21:34+00:00,274
1f12e14d527ef6c31a427aa7bafd161b99294074163be8b9afc92ab2f277acad,2025-11-01T20:21:29.797029+00:00,2025-11-01T20:21:34+00:00,274
e1e5544cb79188c9ff07a2141c36fce25cca5a818a3874176f369a68b9fbd8ab,2025-11-01T20:21:29.929950+00:00,2025-11-01T20:21:34+00:00,274
648d634f26cacf3e29542b4610fdcb914ed95e46d9e1095b273195ffdf80ba35,2025-11-01T20:21:30.063740+00:00,2025-11-01T20:21:34+00:00,274
34e286a474905d4a90e53661a09bbb44f8f023f79ed4e9b39877efe849673f19,2025-11-01T20:21:30.194171+00:00,2025-11-01T20:21:34+00:00,274
8ccb9c8f31f8327bbbae731de895c4c9ebb1aa6f666779a47539e13af8e73059,2025-11-01T20:21:30.329742+00:00,2025-11-01T20:21:34+00:00,274
02fecded10909cba71268401a6778e3cbb94809d38177c08c14082c94be01410,2025-11-01T20:21:30.461785+00:00,2025-11-01T20:21:34+00:00,274
2da6d592f098d8f4333fda33a8d45f1ab5f2c85156794395e5e48596423cea0c,2025-11-01T20:21:30.591843+00:00,2025-11-01T20:21:34+00:00,274
48d23427100c97be6c1890204eb15407e4241c5b93ea9ab6da03b8d019ce9f4a,2025-11-01T20:21:30.730683+00:00,2025-11-01T20:21:34+00:00,274
5c2f927485a3ad40a90f9fc198fa617d2e01eb35c59cf834b0bbe17aefc0c31b,2025-11-01T20:21:30.865136+00:00,2025-11-01T20:21:34+00:00,274
942d983dc6e701914c47dd682bc096619108f1aa05ddd351cf4a38f5d8d2281e,2025-11-01T20:21:30.996134+00:00,2025-11-01T20:21:34+00:00,274
27092728ab276329dc71ca007327c142ede3044f21b72d2f400f39a922016be3,2025-11-01T20:21:31.136606+00:00,2025-11-01T20:21:34+00:00,274
ed8d14cf8a3d96c39cf0c5e19ad8afbdda4c182c523db38e2ca30e3aa243f991,2025-11-01T20:21:31.269592+00:00,2025-11-01T20:21:34+00:00,274
f373534cbf053b16be85b90a688d188e9b85191b25846b4fec41845a449d14d0,2025-11-01T20:21:31.407952+00:00,2025-11-01T20:21:34+00:00,274
49c80f6cae41508fbbc0b229a98101f82610a97447a339d1e2feb5693a7e008a,2025-11-01T20:21:31.548554+00:00,2025-11-01T20:21:34+00:00,274
4b228ea7c6fc817bf830bc62c420dacebcacbacb6e62b5595758d4f8fb0bd9a0,2025-11-01T20:21:31.678712+00:00,2025-11-01T20:21:34+00:00,274
488b3a1968f7a087d12268ccff45997113ac1bc6583458dc0c299724290c83c9,2025-11-01T20:21:31.810201+00:00,2025-11-01T20:21:34+00:00,274
898670887a80e37218ce12717241a7e5c9decc03bf080058c8daa1cdea5b37d4,2025-11-01T20:21:31.936827+00:00,2025-11-01T20:21:34+00:00,274
71aab47465c2dbd976ef26c74a50c189f18a862d631b65c33b571f23118fa18b,2025-11-01T20:21:32.073579+00:00,2025-11-01T20:21:34+00:00,274
2710c6426168f37b76162f3a8b2801cbc290eeba05e62d7ed68243285b763b43,2025-11-01T20:21:32.240460+00:00,2025-11-01T20:21:34+00:00,274
6fd591c45585a6d77dac2cc49c3889ffd30711918a3e2037a038be5fb00a85dc,2025-11-01T20:21:32.381479+00:00,2025-11-01T20:21:34+00:00,274
e4ca23a6e6795f33a78f583e20dfb97b9a98244c3d514d62218f886c50099e64,2025-11-01T20:21:32.522148+00:00,2025-11-01T20:21:39+00:00,275
4649dd410b8a960c8259d4671844b2b1bee357c0fe4c1b4391f1a478639df5d8,2025-11-01T20:21:32.658227+00:00,2025-11-01T20:21:39+00:00,275
bb5b4aafaef2f59f58996f498cb4235d68d9c35b56802032c627a3321c09ff24,2025-11-01T20:21:32.794784+00:00,2025-11-01T20:21:39+00:00,275
b1438809b39e54d2c75cad6989ec64510ab63ae65ea3330389e24666a7819609,2025-11-01T20:21:32.928662+00:00,2025-11-01T20:21:39+00:00,275
6c8e3bb4bc621896595693ea300886629b749830181ac5cd2aca763988abc070,2025-11-01T20:21:33.061380+00:00,2025-11-01T20:21:39+00:00,275
39c4cd306865b85fd4bbe858a53fd395752b64b71096f150eea403f03fc43766,2025-11-01T20:21:33.196524+00:00,2025-11-01T20:21:39+00:00,275
27d5a305e2a910403f6f8554f53b240e2dd8175f99121f7bed780d268f276f38,2025-11-01T20:21:33.333253+00:00,2025-11-01T20:21:39+00:00,275
9c2a03af8d6b09b034f65e4cc22de0b9bb52627b8a24b6abbaba3e1ab1d07860,2025-11-01T20:21:33.475033+00:00,2025-11-01T20:21:39+00:00,275
5deaeecd687ae22368eb3b3f2b1c2f9154e257353c34e8dc065f30c9fda35922,2025-11-01T20:21:33.603099+00:00,2025-11-01T20:21:39+00:00,275
2763e9b81b07bba5dacd0da3c55446d79acd2d589770e3753d35d15286ea8512,2025-11-01T20:21:33.745702+00:00,2025-11-01T20:21:39+00:00,275
2df429e000648ed6b574ed5cdc4908d1b1a4133cee0a245ccd02de6fae195b65,2025-11-01T20:21:33.882292+00:00,2025-11-01T20:21:39+00:00,275
4aaded1d303a7b465c6c293ba58f5d83e74d33220240c108c22bca3c0927ed38,2025-11-01T20:21:34.019571+00:00,2025-11-01T20:21:39+00:00,275
a89075a7259dba3fa118fc835d35a761cfb527d9e628d5bc3d7a16df37483616,2025-11-01T20:21:34.159428+00:00,2025-11-01T20:21:39+00:00,275
d2d9eff35e5f41cd42e50953eddb2984347962969c4e527eebdb8e06829dd0c6,2025-11-01T20:21:34.297649+00:00,2025-11-01T20:21:39+00:00,275
6301a5ec43864166ccd22d364757ac17d4b96defc46cf876090a1699d20c9072,2025-11-01T20:21:34.437712+00:00,2025-11-01T20:21:39+00:00,275
8fc1d8ae256443654b16e0d38a3088c58dedf13bb1dc2979dbcb33d1c45808b7,2025-11-01T20:21:34.569545+00:00,2025-11-01T20:21:39+00:00,275
ed4874051e0880b30a4ba90224a230e006d80fd95666cbdb8a5dfaedd0f7a231,2025-11-01T20:21:34.700215+00:00,2025-11-01T20:21:39+00:00,275
09ab4ea74fb0f66539c1125c457021aadd60d81d7df5c7f61657050b27cff913,2025-11-01T20:21:34.830471+00:00,2025-11-01T20:21:39+00:00,275
2a96a305f3362b39ced0c413b09c7919a43d1ef9b9a989956f0640429958bd05,2025-11-01T20:21:34.963930+00:00,2025-11-01T20:21:39+00:00,275
4eb7d3f72bc56353010416e8f9315f7b0d86f34d9dba3d08aa44aeabeb12d109,2025-11-01T20:21:35.095175+00:00,2025-11-01T20:21:39+00:00,275
3667910c7a64573815d4cccf86762dbbb7848674f7eb493fbbc9aa388e6bdfb7,2025-11-01T20:21:35.227897+00:00,2025-11-01T20:21:39+00:00,275
6a1edd499f404c94069399757d66bab31ed662c868f60979c9769a3135740f4f,2025-11-01T20:21:35.361475+00:00,2025-11-01T20:21:39+00:00,275
b61b8ec46edfc53e205e04ae17e06f8d95aab878f1f129a66675a71a1240faf4,2025-11-01T20:21:35.498837+00:00,2025-11-01T20:21:39+00:00,275
7382d046cdcbebf6d82080d55f99e41f69ffb467d3294fd3fde2030dd142c70e,2025-11-01T20:21:35.627791+00:00,2025-11-01T20:21:39+00:00,275
299b435345dd2d6a1e1f11d85345d0e07288c4a455074bb7c4134b8cfed5f36f,2025-11-01T20:21:35.769782+00:00,2025-11-01T20:21:39+00:00,275
4a4fbce0003c1f943753009e805f8f2d81d7ebc97cd062544ce11aa6d3e26f3f,2025-11-01T20:21:35.901777+00:00,2025-11-01T20:21:39+00:00,275
2769e78516a7e79f5af47fcfea2fec132eab01ece9e706aec82d675b5a059665,2025-11-01T20:21:36.035819+00:00,2025-11-01T20:21:39+00:00,275
d4e1a19c4c365639f798a5c1b892bbdd64835f999a06046b0a92a3c624173e09,2025-11-01T20:21:36.175361+00:00,2025-11-01T20:21:39+00:00,275
66132e80b9d1a0f795223295ece128c6f90429b314ff41104778d5d4be3f3ffd,2025-11-01T20:21:36.315252+00:00,2025-11-01T20:21:39+00:00,275
227c4548fb7fb7083ab5b6457f40fbdd40df7f0a1d0df2be1e71849b67ceb5bb,2025-11-01T20:21:36.446858+00:00,2025-11-01T20:21:39+00:00,275
e0e99ae473f908991954d14bae779aae3d3e23d5d0ad871d191b5792c0aa87e9,2025-11-01T20:21:36.589401+00:00,2025-11-01T20:21:39+00:00,275
4cb31381fae5ba6551697d4e50e220fd6de02bde7ee69bdd0f5ec42a08ef999f,2025-11-01T20:21:36.719291+00:00,2025-11-01T20:21:39+00:00,275
5626d64fe052a3f3f0c4b0fb09b525b237eda4ffebaee5572dec601d48d00463,2025-11-01T20:21:36.851488+00:00,2025-11-01T20:21:39+00:00,275
919a1a8d81e7bb71bd799c7cc5e96c6622148a05fa94f3386edcbcb0f071827d,2025-11-01T20:21:36.988029+00:00,2025-11-01T20:21:39+00:00,275
fc9708ff8371c3fb1e7ba431c6ed87bc3060eacb65415f9db42962a06882c4d9,2025-11-01T20:21:37.127944+00:00,2025-11-01T20:21:39+00:00,275
711240d045bbfc0926ed00490fa5acd47b349f7a52c270d6930f1fdc41c57021,2025-11-01T20:21:37.266790+00:00,2025-11-01T20:21:39+00:00,275
92e1a0b44cdf5ebe7e6701b83b809fb96c6198ebd294e46f45020bc763ec3370,2025-11-01T20:21:37.400912+00:00,2025-11-01T20:21:44+00:00,276
a23085ed2e723aafddfe61205e20d40d731ecc90db3483b7674eb3293bb2ae63,2025-11-01T20:21:37.537102+00:00,2025-11-01T20:21:44+00:00,276
1960d200d20f62b9caf89ce3b292fb39893d326797e8f7935c00effa7fdd7890,2025-11-01T20:21:37.674746+00:00,2025-11-01T20:21:44+00:00,276
98038a6cbbae2c26059db11b287453d0d2c7e488a143e632ae7a1af262491e97,2025-11-01T20:21:37.807504+00:00,2025-11-01T20:21:44+00:00,276
bbeef5844d4ac75f01e66a9b29b32e0c5af7f7efea5a644d5feec3178fe156f9,2025-11-01T20:21:37.939051+00:00,2025-11-01T20:21:50+00:00,277
d852892213ffdbcbd4b0b35609fb71eb365c6d50dbc8d5f61d496255990c9a6e,2025-11-01T20:21:38.073718+00:00,2025-11-01T20:21:50+00:00,277
5fd84dc4b5a4cd9b371828ad5ccbcf78d558a692ac883b9036d2708fa28ca411,2025-11-01T20:21:38.208547+00:00,2025-11-01T20:21:50+00:00,277
ac8494e3e11d55a94a40d87eb27a5bd4ba1ead5e89aedb8e3b275f6d44396c44,2025-11-01T20:21:38.340091+00:00,2025-11-01T20:21:50+00:00,277
fe638bc32dd607ae8c37582e7caa5b2298f457a42cee64bcc1f333c2c3694d93,2025-11-01T20:21:38.473434+00:00,2025-11-01T20:21:50+00:00,277
706b4c8af9cd3537c8c48a77d0b4db65bbef932e6fe1fa291772edc962b942c3,2025-11-01T20:21:38.608240+00:00,2025-11-01T20:21:50+00:00,277
b5dc3b7e0b4b33af668d96ea090bfd2ac3eaf96c36f9a02ef1c5e2565a1c6195,2025-11-01T20:21:38.745458+00:00,2025-11-01T20:21:50+00:00,277
7f2ddc4b7042d30e2210077c210a470742c72753ca9aeb5c9acc48dfa0255db7,2025-11-01T20:21:38.881703+00:00,2025-11-01T20:21:50+00:00,277
6fa66820e54635c46a578132aef95b2b416db30698f96b4cd2d4f583d1a79433,2025-11-01T20:21:39.016988+00:00,2025-11-01T20:21:50+00:00,277
a9c6ab8a64898519bd8e26f1012e2c8b99b6b0da071999a07116415312a6f057,2025-11-01T20:21:39.161680+00:00,2025-11-01T20:21:50+00:00,277
a1416f907063bf6864ccf02dc7660a8c456fc318a427ed82f436b9d66ab851bb,2025-11-01T20:21:39.299635+00:00,2025-11-01T20:21:50+00:00,277
1a3cecef24be4e1edfc2ce58587411bf3e30672ba927f37ee58cf0fd2c2e0d69,2025-11-01T20:21:39.451407+00:00,2025-11-01T20:21:50+00:00,277
0be39638583f85679a50b7b74ebe201493cf7b4ca3f051b10f234f5474091845,2025-11-01T20:21:39.587110+00:00,2025-11-01T20:21:50+00:00,277
e522d94740c47b7bf7953eddb98f5663c05a71c0f98fec940851d8313aaf0d00,2025-11-01T20:21:39.718837+00:00,2025-11-01T20:21:50+00:00,277
8efcf7da4db7b42d6d8e7e9845c37a6929449d4b90334dccbddcf516036903d3,2025-11-01T20:21:39.858135+00:00,2025-11-01T20:21:50+00:00,277
f96d4c81667a19c5dc05b5c212884c0e3af148f199dbb9aead7655be96a90114,2025-11-01T20:21:39.990703+00:00,2025-11-01T20:21:50+00:00,277
86ae9c419a902c07a88fd361f3cf5a54303eb988322271d7f53cb91cc8ff280b,2025-11-01T20:21:40.128197+00:00,2025-11-01T20:21:50+00:00,277
eef449e1c0efefc26d13ebf6f999ff3d9b69340f84d759d7365a611786ae080b,2025-11-01T20:21:40.269138+00:00,2025-11-01T20:21:50+00:00,277
c202f99d11db3ca22d0b24ffd5e915ef0cbc0efc19d0439835e621a910af470e,2025-11-01T20:21:40.405597+00:00,2025-11-01T20:21:50+00:00,277
cd863ff92907d9c7314dd79ead2c8556c5e719fde71877977e8f5455431f3333,2025-11-01T20:21:40.538462+00:00,2025-11-01T20:21:50+00:00,277
e2235769a2d10a74d8036afcb1e4dcbc4525982ae39892d0baab294f8672b425,2025-11-01T20:21:40.675127+00:00,2025-11-01T20:21:50+00:00,277
194a679e68ff4c1580f847ab25899e203a0ec6f66a7f34499b10c1185e175bd8,2025-11-01T20:21:40.812922+00:00,2025-11-01T20:21:50+00:00,277
54983cbc8792fd232cf8a9fa863b67c9bf5b2ca89eb4dc01ae77097bfdff103b,2025-11-01T20:21:40.946842+00:00,2025-11-01T20:21:50+00:00,277
ad84f17a81ca939e68f2848598b7bf169913246192820eb20b4252e5bba97218,2025-11-01T20:21:41.083555+00:00,2025-11-01T20:21:50+00:00,277
8e72196653b9aaee32497699bd9adcf448596704e421f26197e51fbbdd4a4ffa,2025-11-01T20:21:41.218280+00:00,2025-11-01T20:21:50+00:00,277
8376890124ba051b38338dc038ef3d26d61831d3ba1eddec68541ce09203c6bd,2025-11-01T20:21:41.353000+00:00,2025-11-01T20:21:50+00:00,277
64db6a1b7b50409d5a9ce1d4f26560c9405d2fae0503d34dc475688b95236f19,2025-11-01T20:21:41.508708+00:00,2025-11-01T20:21:50+00:00,277
5861ccb7d458f42c33883b38b57b2790251b79c8ebd0525e790842a3c61a2edf,2025-11-01T20:21:41.642399+00:00,2025-11-01T20:21:50+00:00,277
68a672983e9ec9ea1a8d52ff252281c91c47a92130c5bb565752be5d94890487,2025-11-01T20:21:41.773897+00:00,2025-11-01T20:21:50+00:00,277
6618032357bb192adc859a408b557e76fcff20238cc89942da79a37d8a266c48,2025-11-01T20:21:41.903359+00:00,2025-11-01T20:21:50+00:00,277
577df8f7e0fedc2c561d7c7ee02233ddde3bfd7428277cd000f115aac7311014,2025-11-01T20:21:42.038856+00:00,2025-11-01T20:21:50+00:00,277
8985ca4efa15cd41ea3fa443468333148a49bac5958e654ed74eaed55cb45421,2025-11-01T20:21:42.179747+00:00,2025-11-01T20:21:50+00:00,277
b7395726e0857ee7061c10295467c12b71ca930a270fd42439a7da07eecf45f6,2025-11-01T20:21:42.310807+00:00,2025-11-01T20:21:50+00:00,277
d3958204820190ed3aeb5a758d54649a2f7ea854a1669e5455ab0baef4d1970c,2025-11-01T20:21:42.443067+00:00,2025-11-01T20:21:50+00:00,277
1abca37effc3699e9e053c0014a5e9c31d760deca259b4bc907de6ea583521db,2025-11-01T20:21:42.582547+00:00,2025-11-01T20:21:50+00:00,277
2e8d9807cd42787a0a1d7b5aec31d856ace2f24fc2f56cac44b3bd7420a3047e,2025-11-01T20:21:42.724310+00:00,2025-11-01T20:21:50+00:00,277
d7a175126b92858c43cdaeaf433d7abc607a734b934538809e7b422752b59db2,2025-11-01T20:21:42.867748+00:00,2025-11-01T20:21:50+00:00,277
fe1288b74fa09ef32b7547fabe16490454a9dfb06874f3a91eca1eb13b1511eb,2025-11-01T20:21:43.003049+00:00,2025-11-01T20:21:50+00:00,277
bf2fa4618fce00982dfc03d806e1709b42c0ed6b8088a47b36ac264e8a1cc030,2025-11-01T20:21:43.142406+00:00,2025-11-01T20:21:50+00:00,277
dd9dc1ede14656c48b3fe5d8cd20a8f99ece183459b4ff8e41cfa5ee39254251,2025-11-01T20:21:43.274874+00:00,2025-11-01T20:21:50+00:00,277
ca1363061b5b192f22bb6939457ff5b73f4ef8b53185477cead536301ac31466,2025-11-01T20:21:43.412523+00:00,2025-11-01T20:21:50+00:00,277
2690a569abc2ec0bc9318af262671ce7ff23c81565fb6e5fe5f21e0194d100c7,2025-11-01T20:21:43.546976+00:00,2025-11-01T20:21:50+00:00,277
e60cf6a2563ae271356785ec8503a13dc368e67428630d0a91c5076c182860b3,2025-11-01T20:21:43.690430+00:00,2025-11-01T20:21:50+00:00,277
36279323cf60ff85e83aa593a93b009cf7614dd0fe08b9deba4c7aeceb20ea7f,2025-11-01T20:21:43.826829+00:00,2025-11-01T20:21:50+00:00,277
5efd0989ac6f2f8191df48ebad5985e326c9606021cd026ba26e8f52facb4edd,2025-11-01T20:21:43.956660+00:00,2025-11-01T20:21:50+00:00,277
024af64ec9eb50bc01a5421273315f15af9988146d7aa4cbb893c056966e2cb8,2025-11-01T20:21:44.092925+00:00,2025-11-01T20:21:50+00:00,277
90e033eedb11df468bcdc0260d63c957c26032503b077339beeab5b713d2580d,2025-11-01T20:21:44.234684+00:00,2025-11-01T20:21:50+00:00,277
4e0b2868810379020524ec868ac7c160635a6e533c298e5823517526c3515cf1,2025-11-01T20:21:44.372942+00:00,2025-11-01T20:21:50+00:00,277
44997e461f4d903c3bf855e9b8a237c2641c0ae65180b0eb749a5f7c489df838,2025-11-01T20:21:44.511604+00:00,2025-11-01T20:21:50+00:00,277
5fd271e2ba52f3c9d561667dbeffc20cfeaf9812759c5ea6f77fa60eededd45b,2025-11-01T20:21:44.644779+00:00,2025-11-01T20:21:50+00:00,277
05de0c60d3b2b71b36f30168fe762251abb1b3f93ad39c054eab39aa4015d48e,2025-11-01T20:21:45.005775+00:00,2025-11-01T20:21:50+00:00,277
ccf68cc919947e57dc5c496d98dffc35f5955da539c021d2fb83674a474f4803,2025-11-01T20:21:45.141784+00:00,2025-11-01T20:21:50+00:00,277
a9cb609dbc20fb94fa4b92ce24247ffd83f949c73c0e37ac5259742a9e9649f6,2025-11-01T20:21:45.282541+00:00,2025-11-01T20:21:50+00:00,277
0e0df020544c1fe786af28a285052b43f246554ae5664baa9eced8efab006351,2025-11-01T20:21:45.413058+00:00,2025-11-01T20:21:50+00:00,277
924626e7f7c5501f5e3dfa3e6fd39eadb966b664a64c159abd9bb67864f1304c,2025-11-01T20:21:45.547897+00:00,2025-11-01T20:21:50+00:00,277
50de98722a6ae12b214064907631e5bdea3c06774837d2490dbe93fe83fc25ae,2025-11-01T20:21:45.686257+00:00,2025-11-01T20:21:50+00:00,277
cfb2745a025024a9e048082bdef325909a3de0edc186eac304afc73805824bfe,2025-11-01T20:21:45.823300+00:00,2025-11-01T20:21:50+00:00,277
79b6211da7e988bdf3e0c1a1ccfff9b1cc32310be7130bce98ab9d7a27867f00,2025-11-01T20:21:45.962852+00:00,2025-11-01T20:21:50+00:00,277
ae7a7db8fecfc7d7fe3d07ad3158a02a51d57c071d69eed47704ea412631422a,2025-11-01T20:21:46.096552+00:00,2025-11-01T20:21:50+00:00,277
4853987130bbbc49a7203f0b12105b2ff9d656f810301e321de8755b163f2135,2025-11-01T20:21:46.235328+00:00,2025-11-01T20:21:50+00:00,277
319106bfc3d9437aed0c67bfea626332965582a1d2a1c2083136a0d7017192aa,2025-11-01T20:21:46.374782+00:00,2025-11-01T20:21:50+00:00,277
12f95d25d4cce775ab92fc75811afcf112b5db7d7e432406d383745ff6e3ff11,2025-11-01T20:21:46.515236+00:00,2025-11-01T20:21:50+00:00,277
80fed0a02774fec823a2096ad9ec8241df67a790961dfea322e51108e650725f,2025-11-01T20:21:46.655987+00:00,2025-11-01T20:21:50+00:00,277
4c45ee3f32bb8f6fec0d04e222654eb762e82d297460192880dee944804522ed,2025-11-01T20:21:46.793906+00:00,2025-11-01T20:21:50+00:00,277
58543db91c2c6b9f37853a272c195894d1779eb0c59516886c5e586f294ff213,2025-11-01T20:21:46.929675+00:00,2025-11-01T20:21:50+00:00,277
a2304fc9237d036fe5da6884171c8ce8cbcc35c2d0035487cee0b89bc444e4ff,2025-11-01T20:21:47.066243+00:00,2025-11-01T20:21:50+00:00,277
20ae7a70bcbc223024eb7ae80002ef7480b94379e80fcf8c27288946790695ae,2025-11-01T20:21:47.206531+00:00,2025-11-01T20:21:50+00:00,277
417b19a5977b8c1af2c9802c3f7fc51388814521c7b73755d42d70ea6baeab2c,2025-11-01T20:21:47.338935+00:00,2025-11-01T20:21:50+00:00,277
c40cc580d3d85a9dc28b1658da2402e916eb56696b4bb36ff7f6ef1bfb361e53,2025-11-01T20:21:47.476116+00:00,2025-11-01T20:21:50+00:00,277
922e09cf2ebf487c7b0ea8450659d84eb0523002904907bd6356e6091787613f,2025-11-01T20:21:47.612204+00:00,2025-11-01T20:21:50+00:00,277
42e23c4eeea953597d4ac17e828001221a9751ddd1584222c643a9cbbeb18575,2025-11-01T20:21:47.747536+00:00,2025-11-01T20:21:50+00:00,277
bf1cdcbf05d53b82a7ed0eb9b77389c4ed27616c0f2c27c686ee7fccfde42581,2025-11-01T20:21:47.878868+00:00,2025-11-01T20:21:55+00:00,278
9621e032579b578a4ef4708975de9490122799fc3499089221e4ff8b06081dea,2025-11-01T20:21:48.013751+00:00,2025-11-01T20:21:55+00:00,278
a55055d16ca72a8348ceafda8fa62b47ad6f790fd9b4d500e0cfaf52577c9279,2025-11-01T20:21:48.154391+00:00,2025-11-01T20:21:55+00:00,278
e9c5b96b4da5598260eb8e1a3d6d44a89235ba84f17ea81347e0f206315a2c7d,2025-11-01T20:21:48.285450+00:00,2025-11-01T20:22:00+00:00,279
fb027e92949d1ff749b27dbe81e5973704c10f18202948108055512fb831d58f,2025-11-01T20:21:48.418939+00:00,2025-11-01T20:22:00+00:00,279
ad0cb66ff520178bb86d753db74c51f47a7664002a15704f9ff5d4b0dc6bfe74,2025-11-01T20:21:48.551383+00:00,2025-11-01T20:22:00+00:00,279
30adad77610b9146712d921eb69825dc2137794dfb4d3127aa6786f87b4a9637,2025-11-01T20:21:48.683404+00:00,2025-11-01T20:22:00+00:00,279
74549a57eefa8a94bf49b1c05ab979582870e16a3d38a87b9940f3c226a57456,2025-11-01T20:21:48.819417+00:00,2025-11-01T20:22:00+00:00,279
9538cea6236db7fbedf6c8e2eef237246fee7a4f5051bd6e631af6c1874fe219,2025-11-01T20:21:48.963420+00:00,2025-11-01T20:22:00+00:00,279
8f6890fb770d6f3895042b9f78b7ad4f22dbc5b84881841a730051e6a6e30a47,2025-11-01T20:21:49.098522+00:00,2025-11-01T20:22:00+00:00,279
a83faf07f28c20eb7b006802124e31f1f7ffd58cd906dcdccb766a4e92ce1432,2025-11-01T20:21:49.452276+00:00,2025-11-01T20:22:00+00:00,279
b5b88fe20f86ee69fa17a0baecc148fa150313c83e4f9df0aa0e758e65760489,2025-11-01T20:21:49.597209+00:00,2025-11-01T20:22:00+00:00,279
cf1498ea6b60c1d3cc898e6f6979bea62bbff0fe2f58001d2017d1007536962f,2025-11-01T20:21:49.743006+00:00,2025-11-01T20:22:00+00:00,279
b11d796e98a3fefaba22fef797e45bddf4008b5db7a5b3cfebb9371849a8e849,2025-11-01T20:21:49.879408+00:00,2025-11-01T20:22:00+00:00,279
efe892bce8fbc7f03c617b4d0782a7ed76055cfd731c867da793c2e7590ea2ea,2025-11-01T20:21:50.245266+00:00,2025-11-01T20:22:00+00:00,279
70ba2d5eb96f7f15cda1d857dca51a0a926d53492c7e864731de038084c52919,2025-11-01T20:21:50.377116+00:00,2025-11-01T20:22:00+00:00,279
adc1c827f1af9506ffc3d071f3e3a0f25df4573c49b54a2104aaa5253e979f68,2025-11-01T20:21:50.507687+00:00,2025-11-01T20:22:00+00:00,279
3c657b47424765d1fb418a0cf4666d53c25bab97853105746aa7ab670e38ff14,2025-11-01T20:21:50.641273+00:00,2025-11-01T20:22:00+00:00,279
4b77fc9f8ca6f763ffe47edba1a659aed681c89f2da76f85d6a169471253ebff,2025-11-01T20:21:50.775085+00:00,2025-11-01T20:22:00+00:00,279
13ea0d554a34d1828794736e4aa58c46b4e9030f23e1068e6e35bea27e2a84b1,2025-11-01T20:21:50.914696+00:00,2025-11-01T20:22:00+00:00,279
fb01be7afee0cf1b5e684a5695b8105eefe5e85096238559f236f888784a77d0,2025-11-01T20:21:51.051961+00:00,2025-11-01T20:22:00+00:00,279
02e9908332423bd3ada538b7433a670576bcb990f8a697c136b8d066cfbf0637,2025-11-01T20:21:51.199177+00:00,2025-11-01T20:22:00+00:00,279
34b3dc2b7b851ff09db46cfab242ef16c9dbe32f44f7dfbfd9015f28138611df,2025-11-01T20:21:51.334494+00:00,2025-11-01T20:22:00+00:00,279
ee662c9c7e8d9122711b315d72952801636e68d67235927bf2ad1f5a0eeff634,2025-11-01T20:21:51.467762+00:00,2025-11-01T20:22:00+00:00,279
1f5a677fee35d709970a700caf38b8975f377c802aa47d712b9c219d6b3cd62e,2025-11-01T20:21:51.601295+00:00,2025-11-01T20:22:00+00:00,279
04097263e1fff0e3fcc71c665b2c7e53b0bf75330af2626f93a044d49e5d8e3e,2025-11-01T20:21:51.735396+00:00,2025-11-01T20:22:00+00:00,279
b0ba5ec48b324aa27eada7eb50eb5d0512fd70af4795853c88c1bfaadf5f6f0a,2025-11-01T20:21:51.863907+00:00,2025-11-01T20:22:00+00:00,279
cb55ea0b6c85e89850650fd28cc5922ce039c5fb2e341d4f663e26f031ef3fde,2025-11-01T20:21:51.998414+00:00,2025-11-01T20:22:00+00:00,279
b9dfdcb94103beb139937e17cca7b570e569b7a39a961a06eb67394498230913,2025-11-01T20:21:52.134979+00:00,2025-11-01T20:22:00+00:00,279
dc5cd2d9265e94aac8340885578272e028f2a7abc82444429e63dd0b05facceb,2025-11-01T20:21:52.268362+00:00,2025-11-01T20:22:00+00:00,279
96fe7a5661d444af62c15798fd6ea82a58d9634fcb9c9c678e2d872515726021,2025-11-01T20:21:52.401218+00:00,2025-11-01T20:22:00+00:00,279
f3406c188417cb385d22dab35b7995fd4d78f9da879b673f69f0c8f2e3466dce,2025-11-01T20:21:52.577195+00:00,2025-11-01T20:22:00+00:00,279
03604319f71773de2ee54dbe990a124be9162e40fae3d734f2b2e1f98cdd4a92,2025-11-01T20:21:52.713739+00:00,2025-11-01T20:22:00+00:00,279
6cbd585662ff7421b2710f20564a91937fab8942ebf8a005ef6921fe8971f07c,2025-11-01T20:21:52.854448+00:00,2025-11-01T20:22:05+00:00,280
02002c20de860ead1e7d35e280fe316efe884a5796a7be6b584d048212c3836d,2025-11-01T20:21:52.993639+00:00,2025-11-01T20:22:05+00:00,280
0ecfb307e8f7473a587d365f0454fa7cd669bca7631f3c697473e11e06f4ff8a,2025-11-01T20:21:53.133032+00:00,2025-11-01T20:22:05+00:00,280
c68aeaf624d581cf4e7336d1019289f31d65ddb68d213533ba8121b9fe5a574b,2025-11-01T20:21:53.266547+00:00,2025-11-01T20:22:05+00:00,280
fc71db0beae24530f86191e61c45e48d9685b7f87101a1ec323b0f7b7ddccc7f,2025-11-01T20:21:53.407318+00:00,2025-11-01T20:22:05+00:00,280
8416c6313ee225fddb04b42870753fb2f0f1a87ee0d88eb94fd5f3587f0c4a29,2025-11-01T20:21:53.541538+00:00,2025-11-01T20:22:05+00:00,280
243fc2bca38650408e6c00689908a593fc124d8ac6e161b632a4524ee9af48e2,2025-11-01T20:21:53.682962+00:00,2025-11-01T20:22:05+00:00,280
2b0d083be9c4c83da4def9ac29ef3aef0f716e1698c81491299f149781e654af,2025-11-01T20:21:53.814629+00:00,2025-11-01T20:22:05+00:00,280
f0343c7d253c5120253be894a82d83342868156f7442d03c2001518a4a121909,2025-11-01T20:21:53.952666+00:00,2025-11-01T20:22:05+00:00,280
3e6f959f29c39845aa32a9850793818a276ef263b3a716bea5ea15dd816954a6,2025-11-01T20:21:54.085055+00:00,2025-11-01T20:22:05+00:00,280
ad36670292548f84ed9a3798740af87345df228aa9b6d9960f53c36ecaf125bb,2025-11-01T20:21:54.223888+00:00,2025-11-01T20:22:05+00:00,280
5a95d6310b720c72dc832f97fb92bed15092e9b4c36306aed3682c2dfe964e84,2025-11-01T20:21:54.360939+00:00,2025-11-01T20:22:05+00:00,280
b5782278292d9a10f46e64e68249fc37b2c954f9ae933dcf2f1bbbd5c3182375,2025-11-01T20:21:54.495483+00:00,2025-11-01T20:22:05+00:00,280
d0929ee3431942b5805d47eb4a5735258d41fe928afb8ec1d74fb151fa95d056,2025-11-01T20:21:54.636375+00:00,2025-11-01T20:22:05+00:00,280
171d84cede9fbe782e07191a117de1748bde3f63abc40b76c2742cdb25aa42db,2025-11-01T20:21:54.771572+00:00,2025-11-01T20:22:05+00:00,280
308cf15f25224bcfc1a003bf5b76fab3e8a58f260c787316f186db1edf5c1b37,2025-11-01T20:21:54.907221+00:00,2025-11-01T20:22:05+00:00,280
d59eb16d672f4efd79dc1e8b258b8b0d2a84467ae6eff204cb7e1091206709d3,2025-11-01T20:21:55.049823+00:00,2025-11-01T20:22:05+00:00,280
4a42bff9fc4f912229e914530f0ee2a0f9edc0f2dbbb7bb20f386ac058c41084,2025-11-01T20:21:55.195285+00:00,2025-11-01T20:22:05+00:00,280
7d4f5536e8ff2fb37bfd4dcff4c40e3b36f0b897de465f5a15f4519731bab492,2025-11-01T20:21:55.557016+00:00,2025-11-01T20:22:11+00:00,281
a9865c92679b5f7474743f5a3d71320dd3e401f773eeb817bfb9291c28985f54,2025-11-01T20:21:55.697028+00:00,2025-11-01T20:22:11+00:00,281
05e04b80f0941d025dc95edb94950efdefbd5da7938a3f9212bddb252b9c3f7b,2025-11-01T20:21:55.830504+00:00,2025-11-01T20:22:11+00:00,281
753a5bbd784ca8eaec14ba2b34ad403fa921b68c71c74b0141cbe94f0ac74b84,2025-11-01T20:21:55.962884+00:00,2025-11-01T20:22:11+00:00,281
ed74869ab97c7616d7aa3596aac9e575482ab64b1efca36abee463d732f0b51c,2025-11-01T20:21:56.091980+00:00,2025-11-01T20:22:11+00:00,281
a3269f7418838f776c04fd0d39cce4f1b0803d09a08e27ae595df3587ad08f4c,2025-11-01T20:21:56.237804+00:00,2025-11-01T20:22:11+00:00,281
424ea0d8b204c9ebac0cb6902bd2b5dafca41d294ce53a5be828bc2c9166c921,2025-11-01T20:21:56.370068+00:00,2025-11-01T20:22:11+00:00,281
f7799af9e1fdfb80c7cce11a29e5cf2ac5020140100a24b225af067b0714a086,2025-11-01T20:21:56.507890+00:00,2025-11-01T20:22:11+00:00,281
604d54fcc33b4bc618ac930586ab07ad0f0b1d169ff45e46884156c6ed2cb0ed,2025-11-01T20:21:56.646824+00:00,2025-11-01T20:22:11+00:00,281
0b3907318079ddfaa620a2bf0391385405ea8b29d1a95cae0ee5933aec85d58f,2025-11-01T20:21:56.781938+00:00,2025-11-01T20:22:11+00:00,281
397ef3699d7fd89379e2519408b13e9630a4a43c1a65bcc2f4f57f4cd49ab6cf,2025-11-01T20:21:56.910741+00:00,2025-11-01T20:22:11+00:00,281
71e31f2bc61e4e05832e9fdbc7e0f64cb441406a740833485416a7601a5e6823,2025-11-01T20:21:57.043050+00:00,2025-11-01T20:22:11+00:00,281
168b35745214b70f1adb960070238d213519ce2b39d64fd62a9f1b372b8b2e49,2025-11-01T20:21:57.177186+00:00,2025-11-01T20:22:11+00:00,281
75049d6e1f96b42a905699f68d49eb5caaa45e7e2930558f4752b3f7262337fe,2025-11-01T20:21:57.311893+00:00,2025-11-01T20:22:11+00:00,281
b486e4923f8d9f57db18a9bd394efde5432ad96cc5fbbf3b04c412d8c77ee922,2025-11-01T20:21:57.442259+00:00,2025-11-01T20:22:11+00:00,281
0b402f4cbb3a6d832757390fa20b68ca923bc9dc8a22fa3eeb33f5e7baef3807,2025-11-01T20:21:57.577090+00:00,2025-11-01T20:22:11+00:00,281
7a348d7e771a57dd381f9d8ac0be7e3e16e72562fef0e346c203a03269931443,2025-11-01T20:21:57.708201+00:00,2025-11-01T20:22:11+00:00,281
38753134c581e12ad4a7fed1dcb3deeeb36a64c91c656a5cce0fc10606bb476b,2025-11-01T20:21:57.844067+00:00,2025-11-01T20:22:11+00:00,281
079e96f66aa2c2aac5c721e89e969fc00052a8795e201fb148441e125c8c9f56,2025-11-01T20:21:57.977253+00:00,2025-11-01T20:22:11+00:00,281
ecc66c952291c94abfad2fd234b591da61a794c8cdf20d86d30a1c9afad2cb8f,2025-11-01T20:21:58.111136+00:00,2025-11-01T20:22:11+00:00,281
d4f87107621cd01b501575f5d5ee1ab58ef712e57bbe388a2a54d5aa8a4b192c,2025-11-01T20:21:58.241250+00:00,2025-11-01T20:22:11+00:00,281
21803e61d3466a0e0e4c069d26b0b6b88d9ce6eb4710af8db5ec90f0db2af3d9,2025-11-01T20:21:58.381247+00:00,2025-11-01T20:22:11+00:00,281
44b13acc97c95d33b1ae26eb108e934f516f5a4bd2df1bcc93d671c5f088fc1c,2025-11-01T20:21:58.513244+00:00,2025-11-01T20:22:11+00:00,281
8aff62e5e56b483947a8fcaf64c3536b84fbdcc9cdd5f4c595b6d51d7a353fa7,2025-11-01T20:21:58.646590+00:00,2025-11-01T20:22:11+00:00,281
c291c1f6900810f2fe4c6ef5800a63235d2cc94129752c5147406f595593ca22,2025-11-01T20:21:58.783213+00:00,2025-11-01T20:22:11+00:00,281
c2e7e059f8964b4544caae071b9c16edcb4d583596604f788350ec0c5740ab4c,2025-11-01T20:21:58.917362+00:00,2025-11-01T20:22:11+00:00,281
e399a6708f4598554cf1c04f6184fd3b1044c4eb7ed18301d0ef40dacd2e2922,2025-11-01T20:21:59.050581+00:00,2025-11-01T20:22:11+00:00,281
b06573ea84b2665e0312e963421eda139c6eb120691bb89a5c8c9342694e6bb2,2025-11-01T20:21:59.188256+00:00,2025-11-01T20:22:11+00:00,281
ba03f96688a788cc94aeaba1296e09465583f1ea93c9af72493a13af170755b9,2025-11-01T20:21:59.338902+00:00,2025-11-01T20:22:11+00:00,281
cfb65f1e311232d8f7e6e51c7c13ad19c770041d425d78b66b3b14ec90c8303d,2025-11-01T20:21:59.487755+00:00,2025-11-01T20:22:11+00:00,281
689d8fa58ca3e1c25455d67b05da58ca57d40b1a2984cd4b8d0f9ce03a2a6992,2025-11-01T20:21:59.622529+00:00,2025-11-01T20:22:11+00:00,281
887d5c41199e8c15b7ed2961201bf6ed81eb8dd90c2b3824883f3c721706df36,2025-11-01T20:21:59.754054+00:00,2025-11-01T20:22:11+00:00,281
87b38f9e4600327f338dd76802fc4bfc92e424fe1c0a81aa31a7f9e17c084d29,2025-11-01T20:21:59.889332+00:00,2025-11-01T20:22:11+00:00,281
722b45737ff8f33c0aed0d44e78f23667b7add113b926fd3449e63bf513cc007,2025-11-01T20:22:00.031045+00:00,2025-11-01T20:22:11+00:00,281
5afca5326e9a750afa43ca7543bd6b3cb1b073eef6f9ac3ac5439e97ab56a7bd,2025-11-01T20:22:00.168977+00:00,2025-11-01T20:22:11+00:00,281
274e00fa011c27ee1565fb41cde250da5f8696b7fefa8e2de84f544aa77c3435,2025-11-01T20:22:00.300857+00:00,2025-11-01T20:22:11+00:00,281
ebe1080e0d121b373dcf0e846dba3bb9bac0e33b90a72b26d9a4e5225a2d3033,2025-11-01T20:22:00.439371+00:00,2025-11-01T20:22:11+00:00,281
bbf94f16948be1670c53b86d380ceb4f8c3d54cef3c7c505e21bf97316ad974a,2025-11-01T20:22:00.778362+00:00,2025-11-01T20:22:11+00:00,281
064ff5b4bed9e8720e84b9d5788245e55e8cee0a56be6588c804dc668534a0fd,2025-11-01T20:22:00.907748+00:00,2025-11-01T20:22:11+00:00,281
71cba6caee0b34d492ca8046883dd512af613ac905a00a7e95cde7dfa0d36e2b,2025-11-01T20:22:01.043192+00:00,2025-11-01T20:22:11+00:00,281
96e87ebe3767efe581bbb0e38f5398d5b3206ca5c787b2013f60afc61ceb7dde,2025-11-01T20:22:01.186235+00:00,2025-11-01T20:22:11+00:00,281
ffac83ea58547c93ab856b1b9fafbda6bd73bf5dfe609a3f31b36bc04832a13f,2025-11-01T20:22:01.325897+00:00,2025-11-01T20:22:11+00:00,281
4b65c0830bce18c6d94dd21055dd5a5253dd5388558903499d63db5799f0c2f9,2025-11-01T20:22:01.483201+00:00,2025-11-01T20:22:11+00:00,281
539faae1e74298bc6f56c2dd563200b764d9c59c3983ae96945f1f4ad406e135,2025-11-01T20:22:01.613075+00:00,2025-11-01T20:22:11+00:00,281
07671279e53db6661be0da788175823edfb965102661eef85ebe52ae6b23b3de,2025-11-01T20:22:01.748475+00:00,2025-11-01T20:22:11+00:00,281
8e1b076e6a5a2e09a4aebd1c2aabbdcdf5ed577f227b847036507e34c1c0569b,2025-11-01T20:22:01.878088+00:00,2025-11-01T20:22:11+00:00,281
11011fc185ac1465ca3b343a74dcf5ddcd7e0305f2f10d63231612fba8ed38f8,2025-11-01T20:22:02.007919+00:00,2025-11-01T20:22:11+00:00,281
d439a9ad6de5d59f671a10fda170cd5f63069e4d08cca5f6b1bbbac4f775f099,2025-11-01T20:22:02.143534+00:00,2025-11-01T20:22:11+00:00,281
c258726793f25065108e6c9d3bf632688890da7be2074fb52b09a8da0b1282a3,2025-11-01T20:22:02.272419+00:00,2025-11-01T20:22:11+00:00,281
03f4dceec9bd64fb51097256f2d7454b35289cf4969a19ccabd794ff36208c7e,2025-11-01T20:22:02.406786+00:00,2025-11-01T20:22:11+00:00,281
e0dd0c3c4e24aed398597beba16dc58b3fc9ffca66cff9a1984c565055a0fc1e,2025-11-01T20:22:02.543373+00:00,2025-11-01T20:22:11+00:00,281
377f31fb6d93bca2380546f8ba9e0e0814bda7fc30b75dc3dbe67747b3820071,2025-11-01T20:22:02.681199+00:00,2025-11-01T20:22:11+00:00,281
446c8e92a5971c0075c89bbb58ae9bd583edc7b8678cfc38f82ee896ccc12997,2025-11-01T20:22:02.820068+00:00,2025-11-01T20:22:11+00:00,281
6b0ae14bc4a4a2236c2bf8284da720cf764a3189cc0079ce2632181b90a1f4ac,2025-11-01T20:22:02.961085+00:00,2025-11-01T20:22:11+00:00,281
12fdc5ee725309b4553bf12bb2d0a57b94effd9ec708935f878db0ce3f5a9a3f,2025-11-01T20:22:03.107146+00:00,2025-11-01T20:22:11+00:00,281
b4a0c7891016e02a8407cd3bd404df97f69e1ac4b11a42977dca4d9f88352de1,2025-11-01T20:22:03.244800+00:00,2025-11-01T20:22:11+00:00,281
e658d6d7d36e474af63ad3de461c257fe6263586cb09c68e9ff3331be66f45a7,2025-11-01T20:22:03.379268+00:00,2025-11-01T20:22:11+00:00,281
ff99610cce7b0afe656dc5a83ee9147f6dc22d3862fd426d4ff4691f13f74bca,2025-11-01T20:22:03.514760+00:00,2025-11-01T20:22:11+00:00,281
19a48e095d088bc829587edbd45c6640633698326f12a060ebb46005f3944296,2025-11-01T20:22:03.650692+00:00,2025-11-01T20:22:11+00:00,281
4a2fdb6f17b8927e380c18ff1ef13692cc48a32317bd10a4c80bfdf34944019b,2025-11-01T20:22:03.784809+00:00,2025-11-01T20:22:11+00:00,281
b0656e3730ba9cf62807f5f3e22d10c3b4131dc6a55d98396cb0d4dc6ce7a0b7,2025-11-01T20:22:03.923868+00:00,2025-11-01T20:22:11+00:00,281
f7771f10ea349789d79324afcadb7a721e86210ca94dd5ddb0dbe65cbcb26679,2025-11-01T20:22:04.061448+00:00,2025-11-01T20:22:11+00:00,281
7659b29d6a606440ba4c6aa6f6a5b0f235a49484717a76eb6b0aa23493228909,2025-11-01T20:22:04.196369+00:00,2025-11-01T20:22:11+00:00,281
bdffd5e75744a8786039b09f62cddc7cedea0923eb599f1bac0edc7980b2ff6b,2025-11-01T20:22:04.340261+00:00,2025-11-01T20:22:11+00:00,281
9da61607447398d614bb1a49621adcd17785594a6d342164307dbeb2b408fba7,2025-11-01T20:22:04.475999+00:00,2025-11-01T20:22:11+00:00,281
2b82add0593f7d89f61de5f9e927bf95b98cb569640a6037f941db6569b6e1d1,2025-11-01T20:22:04.615050+00:00,2025-11-01T20:22:11+00:00,281
c5baea210c9739d696ab35cbf2d13c4364fcf46315d5de9fed06082b513583d6,2025-11-01T20:22:04.752090+00:00,2025-11-01T20:22:11+00:00,281
bac23e080ae9549760e5c26bfeea38ea204ef5a90d5acc955ec6485a91d7f90b,2025-11-01T20:22:04.889633+00:00,2025-11-01T20:22:11+00:00,281
0cd1bb5997bc4daf72f6f3d9dc162fa3b4dfff41668cc6162997957ba7451dbf,2025-11-01T20:22:05.026519+00:00,2025-11-01T20:22:11+00:00,281
3f6acd8a143c6d791a216ead05f13420b4679eddf4fefd3cafc100431e678721,2025-11-01T20:22:05.160081+00:00,2025-11-01T20:22:11+00:00,281
ef5973c94e9ef5175ced09ffb5899bd0c501637b5ed08ff5ff5facff11394682,2025-11-01T20:22:05.291938+00:00,2025-11-01T20:22:11+00:00,281
177df082a243181270ea0eef06d14a47326b3682bb23772224f73aa77647a85f,2025-11-01T20:22:05.430361+00:00,2025-11-01T20:22:11+00:00,281
d218be96b82d7bd04eea020945864034394b82d3189d5be3662d9f272b42a86f,2025-11-01T20:22:05.566628+00:00,2025-11-01T20:22:11+00:00,281
d136fbd0bfe32d6a4b7d2d54d292b95f8410ad3ddf64da2eeaab3d5dff46f687,2025-11-01T20:22:05.703157+00:00,2025-11-01T20:22:11+00:00,281
ab6dead832656cb996d190fcfced8e37ec35def7f9b5709ce61cfd76e0d0aff1,2025-11-01T20:22:06.051895+00:00,2025-11-01T20:22:11+00:00,281
02a5c135503410e003b82fe0bde7a30f242ffdbeffea6c197d90a1f1765ce18d,2025-11-01T20:22:06.188394+00:00,2025-11-01T20:22:11+00:00,281
7e6c60e49959a543a6230cbdf8821b2618812f419908bae0d7f7acd1adad0f7a,2025-11-01T20:22:06.326660+00:00,2025-11-01T20:22:21+00:00,283
960f3a50a00bad1a4e39414a82417419a5e8ca7969ce4e2d981f15a576e6104d,2025-11-01T20:22:06.459771+00:00,2025-11-01T20:22:21+00:00,283
d536b5688098fb2b133af1bfcd97d00d95690e91febb7e5d2d702b7ef83d86a0,2025-11-01T20:22:06.599841+00:00,2025-11-01T20:22:21+00:00,283
c00f17e7eebb8f1e4d3eb1d7fe5a0191e13b77b5e78ddb26aabeeb27e4566d03,2025-11-01T20:22:06.739007+00:00,2025-11-01T20:22:21+00:00,283
b1e1112b6a417c6bc4729af65a1f783a8eac1b5b37c9e4c92176df8fab32eff8,2025-11-01T20:22:06.869333+00:00,2025-11-01T20:22:21+00:00,283
c47fdc4cb50d1dfdbbe3395d43f0713f4cb90e4f325e83d04b0e475531770953,2025-11-01T20:22:07.005015+00:00,2025-11-01T20:22:21+00:00,283
31eabd05d4766ad0b72a83dbc27accf820c6dc00bf7e07e8e5a5edd70ba4e7cf,2025-11-01T20:22:07.142510+00:00,2025-11-01T20:22:21+00:00,283
109a91b9a606290706e50c571aa24fda817eec6ba0142dcf902d81b67ca530f2,2025-11-01T20:22:07.279655+00:00,2025-11-01T20:22:21+00:00,283
23745bcb35e6b281cbaebfe88af3996acfb0a7f57df0139e99650e1d6bbe66f3,2025-11-01T20:22:07.418456+00:00,2025-11-01T20:22:21+00:00,283
8c2267724afb7c84eb3f37fad5fe47cb84ddbe01a3aed6c956eb7a3d08277691,2025-11-01T20:22:07.555712+00:00,2025-11-01T20:22:21+00:00,283
497cc50a33f112d5ad0193fbb89c1025ff88da68447b50b0d297fe2fbf27770d,2025-11-01T20:22:07.690006+00:00,2025-11-01T20:22:21+00:00,283
0d21d19baa30d543a3d6a848c2aadf0abcce7882b4442e0dda748dac6c8d217f,2025-11-01T20:22:07.831801+00:00,2025-11-01T20:22:21+00:00,283
ae888c62d15ecbc3a5f4b537807d9ceab12f02e31bb8d9b39c2f8f1e211f8080,2025-11-01T20:22:07.968448+00:00,2025-11-01T20:22:21+00:00,283
ee10e8dddcbc78609af0ef4d43ae00dfbd09d87887c010c6dfaf46a833f81dac,2025-11-01T20:22:08.109910+00:00,2025-11-01T20:22:21+00:00,283
cbe86bec40d6c695bb24babd893e840d2063205acbc132c30186dfabbe768a22,2025-11-01T20:22:08.246273+00:00,2025-11-01T20:22:21+00:00,283
563305edf643361086b1e70ea1b2322ab0641b641b0818ae99e43a83f0b4e2d8,2025-11-01T20:22:08.383768+00:00,2025-11-01T20:22:21+00:00,283
281bf06922ed580a7253ccbc777c1baa414a9eb89e1fa0d7a9f732ba2e22a1b9,2025-11-01T20:22:08.520052+00:00,2025-11-01T20:22:21+00:00,283
3b9968d15cef8b5635b57e86814ec9cc9c4daf5f37895d901a3b506b42d783e2,2025-11-01T20:22:08.657093+00:00,2025-11-01T20:22:21+00:00,283
082b77ccf4966bfbffed588ddd79b4ade7dec97f6dd0c9561b26b3c45ed0af67,2025-11-01T20:22:08.789208+00:00,2025-11-01T20:22:21+00:00,283
353308f6724ebdc4f0bdc9536aef57d76ec6802611c283620cfb5fefd70964fd,2025-11-01T20:22:08.926023+00:00,2025-11-01T20:22:21+00:00,283
1a87954ea151e1c2904bed7cdbd1e024ade079f68e620acd3a09c2c6dce564a9,2025-11-01T20:22:09.062896+00:00,2025-11-01T20:22:21+00:00,283
cf05cd4e32ecb8f9b8db2cbd801b669f743d2912e485f970c412d629645a2244,2025-11-01T20:22:09.203132+00:00,2025-11-01T20:22:21+00:00,283
793b8b84457cdd2c82976741c76c0f50337699cacc9e7f263b82160e9fb4b545,2025-11-01T20:22:09.351279+00:00,2025-11-01T20:22:21+00:00,283
2e240c65ce6359635c97f4d5bc45b70179bba41e2759a7ce834db399b11d52e3,2025-11-01T20:22:09.485767+00:00,2025-11-01T20:22:21+00:00,283
580c2562cd468ec859fe7935a1a8ac152870f428179d92eb4cef9600884252d7,2025-11-01T20:22:09.621274+00:00,2025-11-01T20:22:21+00:00,283
6c2b05987856724ac78cc598f7ebd57fc89a62e14b061b87ccdb5a592dd185fa,2025-11-01T20:22:09.756144+00:00,2025-11-01T20:22:21+00:00,283
66e626d8937a9e737fa0a22c728621b2dbf78e5148d8337713034cbd57277cfe,2025-11-01T20:22:09.889546+00:00,2025-11-01T20:22:21+00:00,283
4ee4c2e0d9451914754d426a6b9389a40f0230f63e6211147ccede540f98d96b,2025-11-01T20:22:10.028062+00:00,2025-11-01T20:22:21+00:00,283
fc10f60af4b316b46330cb88aaa433965e9cd2ac9a2946094e11194d99b41244,2025-11-01T20:22:10.164306+00:00,2025-11-01T20:22:21+00:00,283
015a67eb24ee72d2b154e1587e1a17865e9a3e9e358d032f3924da9527350e01,2025-11-01T20:22:10.296310+00:00,2025-11-01T20:22:21+00:00,283
0d51d1ea6c4524a59b0d5c595c047b772d3d8d8e8c3f4ab8967a7f3dca1f0167,2025-11-01T20:22:10.433732+00:00,2025-11-01T20:22:21+00:00,283
1bfd2583cdae4739d75add9fd85bbe76519b4cedd8e6ade50af29907cfe610ab,2025-11-01T20:22:10.571786+00:00,2025-11-01T20:22:21+00:00,283
7915a292bcf156fe1e6a7eb2f006d459ed5cc1d560161460c8ef016bf60e6cb2,2025-11-01T20:22:10.710477+00:00,2025-11-01T20:22:21+00:00,283
7f45e290c3815af9c8b33f8bd5ecb2b904280ce2080d29e6252afd196b2ce677,2025-11-01T20:22:10.848749+00:00,2025-11-01T20:22:21+00:00,283
e91e81378c69f7ad3125dee15735e7c9e0388ae547f0dd2e961a2b50eb999f9f,2025-11-01T20:22:10.983705+00:00,2025-11-01T20:22:21+00:00,283
3af2858e1027567540fa040f5daca1feaa6d0bb3d50db4698bd840ea195e35c4,2025-11-01T20:22:11.367878+00:00,2025-11-01T20:22:21+00:00,283
d626be2829b920293fd1b04d1298013f36d9166ce54bf980054600e726709452,2025-11-01T20:22:11.514745+00:00,2025-11-01T20:22:21+00:00,283
62e826d461de1e68f02365b1a1c4890d03280e5c3c929f4c8a48ae2251994264,2025-11-01T20:22:11.647182+00:00,2025-11-01T20:22:21+00:00,283
5acca2b96bf4060c8b1dfb8790b7fe0487bc1765afc87fc11b3da39c2477b81e,2025-11-01T20:22:11.779967+00:00,2025-11-01T20:22:21+00:00,283
82059750ad1a8f4365fd8b74a5571914d07e49923590bcdf4a7b82ef9b9d59dd,2025-11-01T20:22:11.911142+00:00,2025-11-01T20:22:21+00:00,283
23cdef24a7d7e4769f193ffaa5870f6fa732c5887f7b3bb32c00fd54854f8b8d,2025-11-01T20:22:12.044345+00:00,2025-11-01T20:22:21+00:00,283
dc8ac058d3c44d49b90de5e0a3307e8156d03a0c6264eb3931056cb7352e3a34,2025-11-01T20:22:12.181433+00:00,2025-11-01T20:22:21+00:00,283
8b504c6137ce4fe3e764c1d26532daea7bd62ef8666bd5e53fdcdbb6286412ff,2025-11-01T20:22:12.313038+00:00,2025-11-01T20:22:21+00:00,283
8a9132622865c954740a12e62a10705418e23da8ceb84a558fc59c024ce881a8,2025-11-01T20:22:12.453848+00:00,2025-11-01T20:22:21+00:00,283
4860a58162add0921a0e00cc6b020a87e879fdec7a8767d0cc417a177cce607d,2025-11-01T20:22:12.596657+00:00,2025-11-01T20:22:21+00:00,283
c91d6e47967796be04f89179339f151bd5035683f6afeb1aab89fd4a6f9a4517,2025-11-01T20:22:12.726591+00:00,2025-11-01T20:22:21+00:00,283
566214955ef34ebe7d2f7e3b3502297a3e0813d59f2b4a7336f96e81edd37939,2025-11-01T20:22:12.858911+00:00,2025-11-01T20:22:21+00:00,283
792533dd1f999d81b4e411d6d5a39bdf1eaa9b065950843472787b39b69688e0,2025-11-01T20:22:12.992659+00:00,2025-11-01T20:22:21+00:00,283
d03b936afae4477bb6cca5afd2e7c6d071309a8218007fb4bd75a0c01c668684,2025-11-01T20:22:13.133972+00:00,2025-11-01T20:22:21+00:00,283
c152c944c45a3bc13f33a63396f151ef223d4fd28f271890347c5b2ea66fca4a,2025-11-01T20:22:13.269583+00:00,2025-11-01T20:22:21+00:00,283
6a1676e9b99569cc41f6ae5fa8ff3e2783cfee8d909404adaa117c1db3dae6a9,2025-11-01T20:22:13.410924+00:00,2025-11-01T20:22:21+00:00,283
830bbbc9c1f4d0b0dfed3c2cfc0a563f1ca4f9e1e6f40ee86cb9c5be7896535e,2025-11-01T20:22:13.554531+00:00,2025-11-01T20:22:21+00:00,283
e77e2f84559a02f9c70e55c0d651da1ddd72d392b01e7afc659d9d5470824f8e,2025-11-01T20:22:13.691971+00:00,2025-11-01T20:22:21+00:00,283
618e8d771081d868a58ff816c29f025ce207403bc51776254b44aa432803864e,2025-11-01T20:22:13.825718+00:00,2025-11-01T20:22:21+00:00,283
3ce489ea9430ff3b0b3def0eadd879d2dd2c054539b4a0a9162edf0931ff6ffa,2025-11-01T20:22:13.965452+00:00,2025-11-01T20:22:21+00:00,283
d962281a40cef79973647db32959ef777e97a2d805cb88f5355d97c1fe5937dd,2025-11-01T20:22:14.102140+00:00,2025-11-01T20:22:21+00:00,283
47f1a40d3c478c98154bf16f7ef5d82a82649068286430e4b6a3173e6798209e,2025-11-01T20:22:14.239664+00:00,2025-11-01T20:22:21+00:00,283
888cb7a992f51e6dd38cee02addd680360611184419dc1c5947e7f0e1902a660,2025-11-01T20:22:14.380090+00:00,2025-11-01T20:22:21+00:00,283
c7bbbb6c3b4f9600b121434b0877a0b120b7dbcd826dda4afcf3b9eecc754325,2025-11-01T20:22:14.517078+00:00,2025-11-01T20:22:21+00:00,283
99070795223fc6a5ce1e5fe892a87cff340831495544771ade82b786149ce2e7,2025-11-01T20:22:14.659760+00:00,2025-11-01T20:22:21+00:00,283
53cb52285d18625a5b8dc154d3fbe10cd780dbfeacbe17463b3532249a7d0142,2025-11-01T20:22:14.796104+00:00,2025-11-01T20:22:21+00:00,283
2890cc5f2515fffba5e56c077c7805fc8cb8e9cede7799d628d24b0b9ff1a69d,2025-11-01T20:22:14.933344+00:00,2025-11-01T20:22:21+00:00,283
512a9d3049033abcd48252a1d26d2e9638309ca369066d7d67d0f48233042a7b,2025-11-01T20:22:15.068575+00:00,2025-11-01T20:22:21+00:00,283
0831f8f22ae8dbfd5416a8e5625b2e872a7c0af46f381b107ceb97d2120b5460,2025-11-01T20:22:15.200001+00:00,2025-11-01T20:22:21+00:00,283
3a3460b29fbec8c9890307201fc6a48758ec1f924acba72e15a418f0ad81a216,2025-11-01T20:22:15.332306+00:00,2025-11-01T20:22:21+00:00,283
7cd90f4e56847a483aef61d19fdbd9f101d3cc05160f18b71d9b06a01b076403,2025-11-01T20:22:15.466375+00:00,2025-11-01T20:22:21+00:00,283
6ddd7af37c00ebdbaef82c348e2e0a82c6e714b18cf876db4a62550498f539b5,2025-11-01T20:22:15.602544+00:00,2025-11-01T20:22:21+00:00,283
960bd11cdb56a12912cf7d3849ab27623093c22dfb99cb653af3b7300acc7ecc,2025-11-01T20:22:15.741662+00:00,2025-11-01T20:22:21+00:00,283
7da9fd0bcba779e467d9163fea28579b5aa0277eeac6c74cd6e2d24e5a2c2cbc,2025-11-01T20:22:15.878090+00:00,2025-11-01T20:22:21+00:00,283
824367cf828ce172468fe053a4ada1585a86b67e2870a8a210a0f0f4a6bd199c,2025-11-01T20:22:16.012473+00:00,2025-11-01T20:22:21+00:00,283
d71479fd2e89c095c1f1ff7fc87be75d4a00feccce9f254d37e3f07d6e2cb060,2025-11-01T20:22:16.145380+00:00,2025-11-01T20:22:21+00:00,283
1d11eb270bd16e215eb2933c80099e388233ccddf614153e3187cfd143fe7d36,2025-11-01T20:22:16.282874+00:00,2025-11-01T20:22:21+00:00,283
8b69375867d62e622bfa186f14642b929526abd8ede717ebd7ce0b50143f0f7f,2025-11-01T20:22:16.652566+00:00,2025-11-01T20:22:21+00:00,283
209bb54cda41d698ec40a65f7c50b8669093d5f3e3a100defd47fde87b2bc149,2025-11-01T20:22:16.785587+00:00,2025-11-01T20:22:21+00:00,283
97a6b8e353a31a387eafa657d325aa4cfdd28536d999728d57d0c8f98befe05a,2025-11-01T20:22:16.921552+00:00,2025-11-01T20:22:21+00:00,283
d670a51b1a7a4d0ca558bd8bdbb745af470b778ce0e29edfc897f36bc8c29079,2025-11-01T20:22:17.061264+00:00,2025-11-01T20:22:21+00:00,283
a7b9713ff8ec56bc9cef5348ebc0833d30407524ed23f79be363eb226399cf54,2025-11-01T20:22:17.194975+00:00,2025-11-01T20:22:21+00:00,283
7b8ebb6bf5ecff4f0446ec2eb02b28846950ac02d65c50bc52f0c8562878ad04,2025-11-01T20:22:17.328336+00:00,2025-11-01T20:22:21+00:00,283
c555749450b5b26b5d1758c4793382e13a6a9d7d773d38b58284779538a52d09,2025-11-01T20:22:17.464234+00:00,2025-11-01T20:22:21+00:00,283
4e869bb67fc312b497288385ecb1482fdee01c923dda0388a3cf680e914691d9,2025-11-01T20:22:17.598510+00:00,2025-11-01T20:22:21+00:00,283
11f88aaebc8489682ee16838c3883fa6b04cbbf9f5cd5e9194f21e05295a3f0e,2025-11-01T20:22:17.741576+00:00,2025-11-01T20:22:21+00:00,283
1eea6f7d3a1bbc4878a29009ffae5e25e3fdfd6d955041169b3a5efd94e90c67,2025-11-01T20:22:17.876151+00:00,2025-11-01T20:22:21+00:00,283
d006fcdccb1f6cbe9cb736fce3cde232db43f852ddd0a9df4dfef3148e129895,2025-11-01T20:22:18.008489+00:00,2025-11-01T20:22:21+00:00,283
7076c2e681783bb94c427a73e4ade0ee256734e9c6624a6a9f5fc3860c69a7b2,2025-11-01T20:22:18.139997+00:00,2025-11-01T20:22:21+00:00,283
32b375e009c44414565ac933f812aa74b756f2d4f2931627660e5a838b6acbb8,2025-11-01T20:22:18.272199+00:00,2025-11-01T20:22:21+00:00,283
67d40343b86d5c390259c48cfe4b9ae04242d65c443d4f5408577e9427675a12,2025-11-01T20:22:18.411180+00:00,2025-11-01T20:22:21+00:00,283
614a546b3a27707ff3f8b11d1d1c82ad0f693f7b88229c1c3ab36631468a61bd,2025-11-01T20:22:18.547816+00:00,2025-11-01T20:22:21+00:00,283
4ee3528c351eaf7a0c0ce26a148f2d11e79f4e2649432e3393822ca66a9da0a5,2025-11-01T20:22:18.679308+00:00,2025-11-01T20:22:21+00:00,283
9af70c43270bd4ea7a96f3ca12845ec92fe24222186349337b85ad6143158e6a,2025-11-01T20:22:18.816826+00:00,2025-11-01T20:22:26+00:00,284
fceb00fa3973620a6c25bfeab3bc49924ba869f8858003bad32039114caaa56d,2025-11-01T20:22:18.950535+00:00,2025-11-01T20:22:26+00:00,284
77fab143a305a6828367dfd81867d6fe6f19eaf60dd4e678931988d63dd6f3f3,2025-11-01T20:22:19.084528+00:00,2025-11-01T20:22:26+00:00,284
a6b13a1278cc4b3a880304fd3ca169f0cab3ddbf052412d26bc52a9c7839e648,2025-11-01T20:22:19.232225+00:00,2025-11-01T20:22:26+00:00,284
3637c708adca1bdb300ecb813d55f1112395a0dca8a9f38971b3ea9f344a2b2b,2025-11-01T20:22:19.373767+00:00,2025-11-01T20:22:26+00:00,284
c88f2e2f937bee6b64d6fcde0a96396bcb42ad8b06ac83b96f51c9283e0b30c9,2025-11-01T20:22:19.518717+00:00,2025-11-01T20:22:26+00:00,284
7cb3a64356d3c7860c2ecaa9c78f711ef1383250ebcbe10b59d48f1d51ed1e28,2025-11-01T20:22:19.655705+00:00,2025-11-01T20:22:26+00:00,284
ea6d1eda89ba65dbdc7841d142a6dcd57c302fedb2000b031f61e5bd4d79c7c6,2025-11-01T20:22:19.789159+00:00,2025-11-01T20:22:26+00:00,284
a006669c18516528666e89c3bfbd636119bdec015b2260c398ee8e0446f2e004,2025-11-01T20:22:19.924545+00:00,2025-11-01T20:22:26+00:00,284
a94d5cb5b46e844ae884911dc9514117fdda6bd7d263a9001dbcc3e67cccc172,2025-11-01T20:22:20.061695+00:00,2025-11-01T20:22:26+00:00,284
6cb229460209fd3632657f255ff98e975ff2ae8f108564e1fd1d32167c1b40a7,2025-11-01T20:22:20.193570+00:00,2025-11-01T20:22:26+00:00,284
e8553da34045dec803f2c82f1c9195f2dae55d95c9f73dc35e6d47eeabf6ca24,2025-11-01T20:22:20.329448+00:00,2025-11-01T20:22:26+00:00,284
2dd7a6970a5e96e293259863211a1e551378c160fac5c7a708dcae11b40d6336,2025-11-01T20:22:20.468956+00:00,2025-11-01T20:22:26+00:00,284
420f6ad0061ba79b56fe6b0439ebe85a32120639062f0498e091925d9fee6757,2025-11-01T20:22:20.605344+00:00,2025-11-01T20:22:26+00:00,284
9dab4f22ef25af9b0b9c701ede57c8668722aaf9119e5773e03f5b73cc3f75fb,2025-11-01T20:22:20.737804+00:00,2025-11-01T20:22:26+00:00,284
5b33c446eed847b6c63cec535efde99db3eb56d9e89413af3f59931b59720fee,2025-11-01T20:22:20.878530+00:00,2025-11-01T20:22:26+00:00,284
7e095c6f3d79255ed3fd3b5c69740ea9e5beb7adbea77c9277c281940e023c94,2025-11-01T20:22:21.013820+00:00,2025-11-01T20:22:26+00:00,284
3ef6c81f0c6a34f7f0138fd7fe86ec29c823f3a14251ef0b2047678f522c4d7a,2025-11-01T20:22:21.147926+00:00,2025-11-01T20:22:26+00:00,284
dfc8ccd4b0ea288dbbdac7230b3ba81b9df048c6057108095d209d957a4497cd,2025-11-01T20:22:21.284502+00:00,2025-11-01T20:22:26+00:00,284
406eb6ceaa1e1b9c53a86cb6b8d1f4348df84899511810f26142a40c331f59c6,2025-11-01T20:22:21.419130+00:00,2025-11-01T20:22:26+00:00,284
9115275a4567979e80c25f97e690d034cbc142902ef44b9c97d11b74218a0714,2025-11-01T20:22:21.562170+00:00,2025-11-01T20:22:26+00:00,284
4fde84448a645e4a90dae3fba39d84357e1b502f7c754afda12863d834f96437,2025-11-01T20:22:21.938198+00:00,2025-11-01T20:22:26+00:00,284
5353ac9955e9b51d843f9d5fae48efe70a819dc3a34f2f44bf4a50e82fbc1d6a,2025-11-01T20:22:22.067983+00:00,2025-11-01T20:22:26+00:00,284
0a3f3edd2faf51c6fcdc97b39dfd1842f11c3f405811d6930fd207434f78964e,2025-11-01T20:22:22.204239+00:00,2025-11-01T20:22:26+00:00,284
56def9d4bdcfbd0bb3fd90021e68b89959f125de1cff4defc477593be447b853,2025-11-01T20:22:22.335357+00:00,2025-11-01T20:22:26+00:00,284
40384e40fac808f4926a93a6e3dad9392f4ff30c773cc68543dcdae00136ba85,2025-11-01T20:22:22.464778+00:00,2025-11-01T20:22:26+00:00,284
9ef40fc7c8e18f8e185c1d0b0065f86faa8e68ddab79a3709faf593d67c93c77,2025-11-01T20:22:22.599995+00:00,2025-11-01T20:22:26+00:00,284
932f239c4fdf5d97e520050b99aae0b0504635eadefbf3691746b49db6654a31,2025-11-01T20:22:22.730686+00:00,2025-11-01T20:22:26+00:00,284
fe8d61a7ea36459ea0222686a834f07466f0abbfb4ecee280e90ad57f5fe5a58,2025-11-01T20:22:22.864068+00:00,2025-11-01T20:22:26+00:00,284
e9904426756131d7f23173445621de70a5876b5000e44f5bd566dcc18dbb0c32,2025-11-01T20:22:22.997730+00:00,2025-11-01T20:22:26+00:00,284
8086334977a8b550ec7149f8acd99ab4cf7503c828096676df0e9d9685eec037,2025-11-01T20:22:23.130309+00:00,2025-11-01T20:22:26+00:00,284
326175d1159cbcf3f5adfd22fcb7a412df2f2947cb7cdf63504d6af49ac7f4a4,2025-11-01T20:22:23.263404+00:00,2025-11-01T20:22:26+00:00,284
8a823ba899128bce311a5ee868d95ed8c9c1d5d6d834b24a5c3f36319baabcd5,2025-11-01T20:22:23.401081+00:00,2025-11-01T20:22:26+00:00,284
0c584c1aa11b199c07f4a1cf1d40e5117992905e4b59c8d843dd4fc7881fb413,2025-11-01T20:22:23.529709+00:00,2025-11-01T20:22:26+00:00,284
644c9db85b0363eb40d59df07056513f9656a03d0d4cdbf9d52d82df64cad656,2025-11-01T20:22:23.663129+00:00,2025-11-01T20:22:26+00:00,284
49848b37b81e382ff97188250b0b2e4117f6760074d11448dc0e140ae8dda7a2,2025-11-01T20:22:23.793527+00:00,2025-11-01T20:22:32+00:00,285
ef316106c1f54c491c1fe1cbd04d939afd4f9be5458a418bf0d538dd764ee0ae,2025-11-01T20:22:23.924386+00:00,2025-11-01T20:22:32+00:00,285
91b0735ba11513fcdc960e3054e51d16dae8050b4ccf093bedfe9953c9717158,2025-11-01T20:22:24.058444+00:00,2025-11-01T20:22:32+00:00,285
5c2cbe0f0c0e89357b7e9e9b0296a75cac31a89d737ef6914ffd92bf5d9781de,2025-11-01T20:22:24.194186+00:00,2025-11-01T20:22:32+00:00,285
78d1f1f3892702c8aa10cf69adad156f0367903ec2ac2b720a54f4d23cb99abc,2025-11-01T20:22:24.333248+00:00,2025-11-01T20:22:32+00:00,285
7ad16930b5ec21f37a9fc6645489a8ccbbf499b36ca0550e29ee3f402d3cb96f,2025-11-01T20:22:24.470914+00:00,2025-11-01T20:22:32+00:00,285
1b0d09f816f83ffbcf24db5b977595e2601ab32a5cc713034c083085e72e7c8f,2025-11-01T20:22:24.604921+00:00,2025-11-01T20:22:32+00:00,285
9dc75043f8b930591c08b045b1b268036114ae64380342399def2798305e2e05,2025-11-01T20:22:24.732640+00:00,2025-11-01T20:22:32+00:00,285
908205455c35315e4732b2aa8982f10e37dc9ae218f7d0d93336ebb3a6df6bc9,2025-11-01T20:22:24.870757+00:00,2025-11-01T20:22:32+00:00,285
5b1fd6a4f49a0d290e44c5b66ced47069ea6547aac1429da40c8d35e93b2d730,2025-11-01T20:22:25.000887+00:00,2025-11-01T20:22:32+00:00,285
cb62e9b995fabb588253c153677c548803659b067d4d69fa9a9d42bf9e21ca80,2025-11-01T20:22:25.135710+00:00,2025-11-01T20:22:32+00:00,285
9ce3acbe3f465bd19300c286cf16f4ebe5320f53f54148ddb1be7ec83dab1b5e,2025-11-01T20:22:25.268700+00:00,2025-11-01T20:22:32+00:00,285
0fb15acd81b46e3af9396434db2cb2828469c8cb9a00f3d3e228132f5de222cb,2025-11-01T20:22:25.402145+00:00,2025-11-01T20:22:32+00:00,285
6aeb8467e27aea1bc8a0f47097c8a1e716e6c815bfd2a9a5883a9dcb8f013f1f,2025-11-01T20:22:25.532194+00:00,2025-11-01T20:22:32+00:00,285
c171b5666b910d895e531854acd3c93698deacc7dca0cafa72ddb79a45c02a7c,2025-11-01T20:22:25.663751+00:00,2025-11-01T20:22:32+00:00,285
41d051285a53481d67a25a5fdc803b7a179deb3b1cfdf753f43c0cdbbbd1e686,2025-11-01T20:22:25.795238+00:00,2025-11-01T20:22:32+00:00,285
541c55503ba1a7375e54893411ef8f6768cb4ef4f92a21f07814ca4c42469787,2025-11-01T20:22:25.929471+00:00,2025-11-01T20:22:32+00:00,285
8490648acc70c47ce793991db61111715c951660310bedeba7fb5debe8465e0a,2025-11-01T20:22:26.061341+00:00,2025-11-01T20:22:32+00:00,285
bc14dff7f5ea58ab33ccc6b3ba73e2930ce1be1a608f70e0e6a7a1b1c7c12832,2025-11-01T20:22:26.189434+00:00,2025-11-01T20:22:32+00:00,285
61cf8829cbb2cb55266ecef6b7ec1b32f984d087d88af7fcdedd5197ec8faf2f,2025-11-01T20:22:26.321012+00:00,2025-11-01T20:22:32+00:00,285
78ea49cbd0473d0c08b277e744128c8601a8af258ab2f94b0d2928fb5288c8e0,2025-11-01T20:22:26.457266+00:00,2025-11-01T20:22:32+00:00,285
2df0cd438d2407412f6e791f41e545acc350b5399735d0ffb88216987c4bfc61,2025-11-01T20:22:26.589030+00:00,2025-11-01T20:22:32+00:00,285
fba6e993692be435433715ad84ffd22be45c5fd26a8bff4c704dc3461169c0d0,2025-11-01T20:22:26.721011+00:00,2025-11-01T20:22:37+00:00,286
c9e48738b6a4bcec21eb5edbe3a2dfa9cb08e7d1f85ff709a2b22618c2d884b6,2025-11-01T20:22:26.857533+00:00,2025-11-01T20:22:37+00:00,286
565dd59c37915a5d2307a4545294ea5efda706c38139e7df5fda0d272936fa4a,2025-11-01T20:22:26.989456+00:00,2025-11-01T20:22:37+00:00,286
258ecf23a77c2383456c9ba86cfe89c1eca394c5ae2e420818b485f6d0af3c90,2025-11-01T20:22:27.119629+00:00,2025-11-01T20:22:37+00:00,286
fc1a26d4c7278c3bcdf99c0724d7c4b942990fd88d9b9ee73370e7d2ade05ff4,2025-11-01T20:22:27.252849+00:00,2025-11-01T20:22:37+00:00,286
0a07ddda8733a89fbfade7f1024209ecd3b5a894d2637fae71b05955def6d1ef,2025-11-01T20:22:27.387109+00:00,2025-11-01T20:22:37+00:00,286
a893d9f3a8635edaa1719a39c091d08fe7412b8e77d0cd121bcd790ff7ce95ab,2025-11-01T20:22:27.523888+00:00,2025-11-01T20:22:37+00:00,286
d901aa15300502eddb2d15c541e63a873eb74f7abb37a76106e356a745cc5e19,2025-11-01T20:22:27.654041+00:00,2025-11-01T20:22:37+00:00,286
6f8fa9fbb19b1d73c8c3fb0ceefcc2da727429055a14d1fad319d221c3e2e9d0,2025-11-01T20:22:27.795384+00:00,2025-11-01T20:22:37+00:00,286
f1c8e34c85bc120eeb0bb4d53e86d48adacacab48a3244a6cdb95d48266aa44d,2025-11-01T20:22:27.930932+00:00,2025-11-01T20:22:37+00:00,286
1805c8baaec81cd492f7c807f37a0bf4ab045288f06d45023e453f3768fddcd7,2025-11-01T20:22:28.063424+00:00,2025-11-01T20:22:37+00:00,286
298203c49b02ff0dcbcbe5b6e956d523934656b41c645cffc94b5dcf73d3a9ea,2025-11-01T20:22:28.193905+00:00,2025-11-01T20:22:37+00:00,286
95f09b693d36c4ab1792fc1973078f9fbcb7f3e0126124981af5ee897fde476f,2025-11-01T20:22:28.325010+00:00,2025-11-01T20:22:37+00:00,286
704f52acab0c735d1bbe511aa3f7f97fd5d5f508f33f5f864da74b5477a97917,2025-11-01T20:22:28.465102+00:00,2025-11-01T20:22:37+00:00,286
88f54222bf051fe771234aeadfe69ec9c1991fba016dc9505a1d59006f1cd5b0,2025-11-01T20:22:28.601454+00:00,2025-11-01T20:22:37+00:00,286
8a861f25c410ebb8932a01768ede862372522796f8456fbdd0b6a2e571795e3f,2025-11-01T20:22:28.731473+00:00,2025-11-01T20:22:37+00:00,286
2f40cc7f4b10f7d0e36d99e20e431d72662f3ff0db49122e80d174c157b337ed,2025-11-01T20:22:28.864067+00:00,2025-11-01T20:22:37+00:00,286
eb7f34f11316201bccb19374fe3a72a1bd7dc9f951511e192c985f6e3958ed9a,2025-11-01T20:22:28.999104+00:00,2025-11-01T20:22:37+00:00,286
4b5a9c3c618df882d5b70140b7bfc68f9104b95b0c2db26523eaef1ee85f1b11,2025-11-01T20:22:29.133673+00:00,2025-11-01T20:22:37+00:00,286
9ec1fdaca87af8764367c868d89554618f1798a424894bb534a1183f3bfa9f19,2025-11-01T20:22:29.270537+00:00,2025-11-01T20:22:37+00:00,286
9b71cf4dd7bc1e5f65f1d6ce28577b4bebcab651583657363888a79fbfe38703,2025-11-01T20:22:29.441973+00:00,2025-11-01T20:22:37+00:00,286
c8eb6e126ec3f442f8dbf465417a134048f483a4107b0785deffef43eadfb124,2025-11-01T20:22:29.574423+00:00,2025-11-01T20:22:37+00:00,286
cc61a2e5a2e869f17d9ff376b1658a3f1625dbf11c41a1c90a5bba8b85e68fe4,2025-11-01T20:22:29.708721+00:00,2025-11-01T20:22:37+00:00,286
2acb72337360c3953b15292f3248011f64b434437d7cc201c00dd135a5c3cc46,2025-11-01T20:22:29.841968+00:00,2025-11-01T20:22:37+00:00,286
2a2e9a72660bd4dbace66af8048c1792fcb9946e39a5132bd60b724f82a3d259,2025-11-01T20:22:29.972365+00:00,2025-11-01T20:22:37+00:00,286
25235bb9c74e4c5b001fa32967fddaf06b90ffd9e0a1330b9621d2d5dee9f128,2025-11-01T20:22:30.110942+00:00,2025-11-01T20:22:37+00:00,286
54d8472e4c1916228c44ddbbcf4bdeedc3d501c0f431aed51f7135ccd5591fb6,2025-11-01T20:22:30.243351+00:00,2025-11-01T20:22:37+00:00,286
e4378cec10f59d9f729da0071def7998971141d09626445d8ce63d038f6d7141,2025-11-01T20:22:30.380480+00:00,2025-11-01T20:22:37+00:00,286
df1e7286353ab71194c4f6646fee451fcce69544bd0b43f4befb54f72ba37fbe,2025-11-01T20:22:30.512160+00:00,2025-11-01T20:22:37+00:00,286
a774e8e9aab382942ede713e498c4216cdfc89a1410299dae21180289c19dc3c,2025-11-01T20:22:30.647898+00:00,2025-11-01T20:22:37+00:00,286
c7d21303142ed29cd10504b0079061217f3cc750950b04801b53859769cc99e0,2025-11-01T20:22:30.786582+00:00,2025-11-01T20:22:37+00:00,286
02b326e363b5d4cdd667ee76544f2ff6b05e6b2e7c5fa063728209135d07fa0e,2025-11-01T20:22:30.921820+00:00,2025-11-01T20:22:37+00:00,286
19c4a7ec22ecc312c78256e11c0c12d9dbb744f3b36323de43fa72a55adada1f,2025-11-01T20:22:31.053182+00:00,2025-11-01T20:22:37+00:00,286
6fb1419c672d01d628bb1e0cbcf4b300648e47c42afd38712cac8e2245f84cb1,2025-11-01T20:22:31.182875+00:00,2025-11-01T20:22:37+00:00,286
a68d3400c6b292a5815a50939ace81ada2477d9a996305178faaf7fbd985631e,2025-11-01T20:22:31.317070+00:00,2025-11-01T20:22:37+00:00,286
d52c8f9a8d477d4fbfd2bebca1b2d0cfe948be1dbe7cfbc4b52d0c1f8b2a823c,2025-11-01T20:22:31.470683+00:00,2025-11-01T20:22:37+00:00,286
6c71bb80196405bce79320119f4b5e64f995079e7549c590b4565bbc4eee471e,2025-11-01T20:22:31.605833+00:00,2025-11-01T20:22:37+00:00,286
2c54c4a5f437fbc55f69d722fc994f380ba02c066b8894be2ae9f1110fc7d341,2025-11-01T20:22:31.738528+00:00,2025-11-01T20:22:37+00:00,286
1c7a8313f64b3674b76c57b31edc876c288f48497cdf4d09fd8f665a1e7a94e5,2025-11-01T20:22:31.870622+00:00,2025-11-01T20:22:37+00:00,286
a4064e7b6486f1721674ca80ebbbaeab40a042200e487da1e715d0de3b22e499,2025-11-01T20:22:32.214921+00:00,2025-11-01T20:22:37+00:00,286
4dfd9eee1e43caa5ec0e858cce4fa077d02a62237e466ca97e0534b65a24a4e0,2025-11-01T20:22:32.348576+00:00,2025-11-01T20:22:37+00:00,286
679fae73bf77e4d27b2aba03158d93d70a694e74191b1861e2ab1307b8d7739b,2025-11-01T20:22:32.490505+00:00,2025-11-01T20:22:37+00:00,286
fd8a0efeb5cb8137271928ae441b01269a70de3370e29395f94adaeb4e2f6bf4,2025-11-01T20:22:32.626384+00:00,2025-11-01T20:22:37+00:00,286
9d7139421ad701e238e9d8885bfa6a0588392ccec92ff01ec7b11509a4459a8c,2025-11-01T20:22:32.758615+00:00,2025-11-01T20:22:37+00:00,286
ffbc3682974bc471aabbbba7bbc3ff9ff88795a036f0cc06818c942a061a03ed,2025-11-01T20:22:32.893236+00:00,2025-11-01T20:22:37+00:00,286
9ae0c9bc02ee65cd22f9fb3cfebcee0331880b3f21c69fbe76482ec2fffc2e01,2025-11-01T20:22:33.031734+00:00,2025-11-01T20:22:37+00:00,286
09c7af90acf2b6e513ea62a9e733c384b83e917af6b4d78de4ff1f9bdb9bc72a,2025-11-01T20:22:33.161558+00:00,2025-11-01T20:22:37+00:00,286
dac917f2c8531b965084ed62a9a963ecdeb288d9c20ec46ff2b0be9f7ba31162,2025-11-01T20:22:33.297422+00:00,2025-11-01T20:22:37+00:00,286
33050e36cef58382687ac00872fda811a920c8dfbcfa9c2a9837dbc91884fff5,2025-11-01T20:22:33.438916+00:00,2025-11-01T20:22:37+00:00,286
ea4fc084158a471ef2606be01a0586f8fd60aac5aeb70d0a03ac733180a9a8ec,2025-11-01T20:22:33.579937+00:00,2025-11-01T20:22:37+00:00,286
e0ca935435a78a7288cab17ab4dae2e0d67cff76f288e496205086ceaad31a1d,2025-11-01T20:22:33.714484+00:00,2025-11-01T20:22:37+00:00,286
aa8dd20df217c515ce3091d45948d2d94844f45180614e2dac5df2f9fe2e701a,2025-11-01T20:22:33.852526+00:00,2025-11-01T20:22:37+00:00,286
c2f52695f889b21d875003558a20b7be61e0956c75fda686c6f2c80b579d80bd,2025-11-01T20:22:33.993213+00:00,2025-11-01T20:22:37+00:00,286
1ea49dc507cd22f7fa055218e0ee0747890a3fa07a2b3232fd8abc3dc9329f03,2025-11-01T20:22:34.144120+00:00,2025-11-01T20:22:37+00:00,286
e1f8d894a6095a11afeeea860139c4d7872125e494eceb100efde8c843c7673c,2025-11-01T20:22:34.280797+00:00,2025-11-01T20:22:37+00:00,286
380395dbb3dc5b31f02e893d2a77c425509e4baadfbcbfed628117a7ccf6dd97,2025-11-01T20:22:34.416263+00:00,2025-11-01T20:22:37+00:00,286
0c369dbb98abfc8612d8b151c2799399bdb1fbb71e91a2095b9466a0e9ac33bf,2025-11-01T20:22:34.553788+00:00,2025-11-01T20:22:37+00:00,286
500d0fd20feed936d308956befed3389245b330c3a7bafb93ce18896475b2ec6,2025-11-01T20:22:34.689664+00:00,2025-11-01T20:22:42+00:00,287
33acba3633b3b166b60557bb05d44a008983263e484a8df7fb2c9e35d8e474d2,2025-11-01T20:22:34.827355+00:00,2025-11-01T20:22:42+00:00,287
592241721e66992d08e82981df14d9f4cc0b54c2a82c3e70cf60ebf253d6a20b,2025-11-01T20:22:34.966422+00:00,2025-11-01T20:22:42+00:00,287
0c21dd49e22d7714f7d444a294115c99b33de3cd53facee8eba913bfe82d528f,2025-11-01T20:22:35.101534+00:00,2025-11-01T20:22:42+00:00,287
61f588cb4faafacfaa38a0df4c52a69cdd9aeda7cfa8595b43df3314dabd2886,2025-11-01T20:22:35.236891+00:00,2025-11-01T20:22:42+00:00,287
6126dd908d7d20163f61617515b01aa60f9d580e9158c3fa72907886e568f853,2025-11-01T20:22:35.372548+00:00,2025-11-01T20:22:42+00:00,287
fc8ad3155e5d47d91dc504b778eb1e3ca69d822b17a7ef2f3d7b668f68ecd117,2025-11-01T20:22:35.504367+00:00,2025-11-01T20:22:42+00:00,287
8f56ec4493ba9fc394ece9128c76bac3d3f5b71da600b6e6f211cc01b56ffe0d,2025-11-01T20:22:35.641516+00:00,2025-11-01T20:22:42+00:00,287
8473efacb463b4bd861ca193e1c5c94299f53b1412f87bb11b94144a72ad65af,2025-11-01T20:22:35.781863+00:00,2025-11-01T20:22:42+00:00,287
81de701879d7a10ef8df7c5549ab863c546ed1c27d585cf589137470986edcc4,2025-11-01T20:22:35.920938+00:00,2025-11-01T20:22:42+00:00,287
71ced0b4bc6cd487d2c3b803baadba7ceb4313142f186bbd0988a78224f0aa85,2025-11-01T20:22:36.058700+00:00,2025-11-01T20:22:42+00:00,287
3ec7f77275a5354c9bf24b4712b00858dae19a50cc5b0de558d93bc3326455f5,2025-11-01T20:22:36.197487+00:00,2025-11-01T20:22:42+00:00,287
7b822fe98a186c56e54bdb0b88f4579758ac6d06158569154a982e8a53150f66,2025-11-01T20:22:36.337506+00:00,2025-11-01T20:22:42+00:00,287
3f056f2494ec9cb34503507662d0a7837f4f27f372cdac1007ce5af3f8c8fc26,2025-11-01T20:22:36.478460+00:00,2025-11-01T20:22:42+00:00,287
7ab2edc05706132e07813f1b5076c2f09493d187fb176d536455a0dcb09b06b6,2025-11-01T20:22:36.614549+00:00,2025-11-01T20:22:42+00:00,287
d7b9c2f222b7b061c280f89dd227ab1665d4bd92fcf7c5ff9c711cca5bd27222,2025-11-01T20:22:36.747492+00:00,2025-11-01T20:22:42+00:00,287
ea76eea309d25b29200117c46110823265ff47bd560d12d3d60223d64b28ed1c,2025-11-01T20:22:36.884408+00:00,2025-11-01T20:22:42+00:00,287
d88017cd27b70e5c2de9ee168aa1779af32ae52ecd7e576cf618861625181bd0,2025-11-01T20:22:37.022208+00:00,2025-11-01T20:22:42+00:00,287
0f41ea905aa11d31684af30a67601f568477af4f1060f5cc061f980efb2be275,2025-11-01T20:22:37.161044+00:00,2025-11-01T20:22:42+00:00,287
143a8e7226fbb6740fb10d4ff62fe958c35eddca90407d78a39f38eb8135612d,2025-11-01T20:22:37.513245+00:00,2025-11-01T20:22:42+00:00,287
c10a32946aba31dfb2d73a7d1a0aa0fc089f0d1cde4af2546a1bc164029d9d6a,2025-11-01T20:22:37.646664+00:00,2025-11-01T20:22:42+00:00,287
39738c230d6de532df150a8e43a3712b509b6372c31ac46024107bdca4b2763c,2025-11-01T20:22:37.782029+00:00,2025-11-01T20:22:42+00:00,287
06aa514c6c22889f46c90efa132537f578ae5754f74682de6ebeeb4277472d8c,2025-11-01T20:22:37.917381+00:00,2025-11-01T20:22:42+00:00,287
5c2fe2d66adb374d3e80194045605e4a5f57ca941f09c4e02f5e6101fcffd656,2025-11-01T20:22:38.052279+00:00,2025-11-01T20:22:42+00:00,287
15dc47edd566954d21a8f4061f9f1519a7b893b2035ee89b246667cf6e8387e9,2025-11-01T20:22:38.197179+00:00,2025-11-01T20:22:42+00:00,287
8619b4f2906e2748f50e519e91fc116b826b5a06f7caa02b58450e1d3f6eb0aa,2025-11-01T20:22:38.327294+00:00,2025-11-01T20:22:42+00:00,287
631d583a8014ae36bd4305e709ec66b2a8bf0c77409c09baad04c1aae3187c93,2025-11-01T20:22:38.467145+00:00,2025-11-01T20:22:42+00:00,287
0b242f56ee5260eb2deb3e66a19a6a7b4e65c24949facbbca76e426f79917198,2025-11-01T20:22:38.604486+00:00,2025-11-01T20:22:42+00:00,287
08d105fa70668e38e35e4ef7ad0163f5c9a530dfbe40f0bdfef352d9780af2cb,2025-11-01T20:22:38.743682+00:00,2025-11-01T20:22:53+00:00,289
bf00df1502e1b6fdc107e9cd2ca9d9ba367dc9fca46aac8528046dca1007c29e,2025-11-01T20:22:38.883725+00:00,2025-11-01T20:22:53+00:00,289
1daaf19199ab427fc9ba6d5bd356c8b93b0f02ec5d33b313e538cee07afb6c89,2025-11-01T20:22:39.016399+00:00,2025-11-01T20:22:53+00:00,289
fa9b1a2d0bd03544df9e77f3e2340eea8d402d97e63dbd795e89a6ff7c03e217,2025-11-01T20:22:39.154816+00:00,2025-11-01T20:22:53+00:00,289
59336af57c93fe70221c0d960429f22233918272a72c1d7ea309187ff9851cd3,2025-11-01T20:22:39.304853+00:00,2025-11-01T20:22:53+00:00,289
8d7985e39eed7fb3bc99a5a5fc5659674b6ae5df8f356c3d7162d73cbf86b755,2025-11-01T20:22:39.455894+00:00,2025-11-01T20:22:53+00:00,289
25e06b790a32fc19643a1ff1e0beffdea2dcd3e91e8a254ac37999733c2d2513,2025-11-01T20:22:39.590778+00:00,2025-11-01T20:22:53+00:00,289
8fdd5f95a326b1a09810e5720f444023f236acf9b61b6c11620accefe55d8782,2025-11-01T20:22:39.729169+00:00,2025-11-01T20:22:53+00:00,289
f2d3e195f4da8b4dcc044aac1099c74ed255438bb01f27a18732390b68068bcd,2025-11-01T20:22:39.869420+00:00,2025-11-01T20:22:53+00:00,289
21973edc64a13e5ccbf63d27d031f17b18793cd6c72f3da0c08f3c0f948cb81d,2025-11-01T20:22:40.007746+00:00,2025-11-01T20:22:53+00:00,289
8f1d897aa7e670fc0323ccd6f7cf2218816ebcbabfaf0330545723c3be78102f,2025-11-01T20:22:40.144362+00:00,2025-11-01T20:22:53+00:00,289
ee325a693a64cb9f43cbe6ee6ada12ac3653bc7a8f1c90ad97df24b577d2d28e,2025-11-01T20:22:40.277012+00:00,2025-11-01T20:22:53+00:00,289
60587e17fec2be3222e9a465427305f6eff583496d029b1a6827b2f05f6b8430,2025-11-01T20:22:40.419546+00:00,2025-11-01T20:22:53+00:00,289
187bd213759ef5c16908a1dd174b59a463c6f36db90918bf3a59278f845e636a,2025-11-01T20:22:40.551945+00:00,2025-11-01T20:22:53+00:00,289
f8d17b341bc72426d0b13f0e2bec49ed1f6d2369c82b013985ef64a09833c925,2025-11-01T20:22:40.687249+00:00,2025-11-01T20:22:53+00:00,289
1c3d40bbf64374f0a7b65a980d049acb89b0afb930b22146dbd9bf509e148b23,2025-11-01T20:22:40.820965+00:00,2025-11-01T20:22:53+00:00,289
e73c96d5359a687b2ccbbde76506cc0a3995eff1f165ff65be5697cfb25568f0,2025-11-01T20:22:40.957883+00:00,2025-11-01T20:22:53+00:00,289
d1b63ffce8251acbae055376a0899b62e5132ffb5e155cb768f1281e09127eed,2025-11-01T20:22:41.093699+00:00,2025-11-01T20:22:53+00:00,289
32d83bf92c93c4a08718d2590a6434a5726816f408bf122376686f1256aca465,2025-11-01T20:22:41.230521+00:00,2025-11-01T20:22:53+00:00,289
0bd448bd64f2b54efa8ca3c719353b6453ffb8e42ae41d894559313980590daf,2025-11-01T20:22:41.370589+00:00,2025-11-01T20:22:53+00:00,289
a159a3e3d15f9f57e36039fdcde371b16d4cce7aadb1a1aa4eae05279af24e2d,2025-11-01T20:22:41.550772+00:00,2025-11-01T20:22:53+00:00,289
0f8db8516b0051f91c049d198a6839c35940b01d276ede8ebbff6baf64068532,2025-11-01T20:22:41.682386+00:00,2025-11-01T20:22:53+00:00,289
1d472f441b22eaae0b44f7e8c9a7413132fff704776af0eae4a4d2de508121c7,2025-11-01T20:22:41.818422+00:00,2025-11-01T20:22:53+00:00,289
5eae958af047b56d24501f9ec478ca64ebaef339150d3c939f86ae859878e544,2025-11-01T20:22:41.955950+00:00,2025-11-01T20:22:53+00:00,289
ebc413ef79f406b5b70b95b8bcf622832f4879db32cd10585fc6c78fe70358a1,2025-11-01T20:22:42.087896+00:00,2025-11-01T20:22:53+00:00,289
23bbb3dcaaba9b1f8184611305c2339edd02e8c36b1e5ae8ccc38dbe45d58e1a,2025-11-01T20:22:42.231685+00:00,2025-11-01T20:22:53+00:00,289
8d85d35fe8ef0daf8bb6a5bd999f5eda49442825072bef6e26d45ec3db77c1b5,2025-11-01T20:22:42.367569+00:00,2025-11-01T20:22:53+00:00,289
5fa6e15926f1202d4d43aff6b23048c58055da2dc98be1e6ecc1edfdcc3f25d0,2025-11-01T20:22:42.502611+00:00,2025-11-01T20:22:53+00:00,289
05e8e78f04e12b5765f86dbcb6a4ffe56ad95f25affbf60b15f66a9881694077,2025-11-01T20:22:42.848671+00:00,2025-11-01T20:22:53+00:00,289
7691fd6316dd6d089c980599806ca959bc43764426b8c348a9e76b3d13ec8e04,2025-11-01T20:22:42.985622+00:00,2025-11-01T20:22:53+00:00,289
d03a895db2142bb6be3926371233a00e03d77235322804d013ec85a0192e9c77,2025-11-01T20:22:43.121394+00:00,2025-11-01T20:22:53+00:00,289
368a9c1d1cfd96e550303d87528242e84c09a4687c59e8cd60fb5234717fe150,2025-11-01T20:22:43.260630+00:00,2025-11-01T20:22:53+00:00,289
d39d518e1f20899d2c891805ba3769967963b04d8f8d9b1ce77d30e9a6117b7f,2025-11-01T20:22:43.398172+00:00,2025-11-01T20:22:53+00:00,289
fc37ac952a33440100ccaa25d1f5c26fda3700207862cdf8f15b6edf31425aa2,2025-11-01T20:22:43.538307+00:00,2025-11-01T20:22:53+00:00,289
29821551eefc4f6cde5379b5c271a1598238fc4812d903f7fa32fd7a1334b375,2025-11-01T20:22:43.677852+00:00,2025-11-01T20:22:53+00:00,289
5335f2e99e3f7a9aa48f58fd46cd1377a632f21ab3912229d6085434a1c4df7a,2025-11-01T20:22:43.818973+00:00,2025-11-01T20:22:53+00:00,289
c1e4989ddfc7e1a526d47b865dd71dea2276a94dc923154f89b55334eec80862,2025-11-01T20:22:43.953342+00:00,2025-11-01T20:22:53+00:00,289
bb70583f825936f4065c3e4c7e1638803dbbf7a22021cc9a3f82851ea974e2ba,2025-11-01T20:22:44.095634+00:00,2025-11-01T20:22:53+00:00,289
b151bdb8f778acc17e096e05319a87d592be343d2289b4d07f277250c64d2068,2025-11-01T20:22:44.234020+00:00,2025-11-01T20:22:53+00:00,289
0842214ce15f25736ca648edf4e50b5edd10789112f5f7225e0b92e79e989114,2025-11-01T20:22:44.370614+00:00,2025-11-01T20:22:53+00:00,289
52075f7bcc8b7bc07a8ae794b810b5e87fbf453fe904d5856adf75f81d647b46,2025-11-01T20:22:44.507949+00:00,2025-11-01T20:22:53+00:00,289
2f22649d28b7840fd1e8f898c732bd9507a2af02c5523819b3a7afda2702d776,2025-11-01T20:22:44.642724+00:00,2025-11-01T20:22:53+00:00,289
2217f7712c95f38e94ccc2bda19d23d92ca4b0d333f4678035d06fb5af2a0de8,2025-11-01T20:22:44.778549+00:00,2025-11-01T20:22:53+00:00,289
25f502854059af7af739ad9c764305d690a18b8c0617d3cd9ee19b73fae568b0,2025-11-01T20:22:44.912363+00:00,2025-11-01T20:22:53+00:00,289
31665f0066eca75a309b4cc1e7867846f6136f8b9799e1314077676ed0783e87,2025-11-01T20:22:45.053133+00:00,2025-11-01T20:22:53+00:00,289
ea5e9d37c88edb233ed1e6557e3e5ab49267e27b59f6b97e62563452571994c7,2025-11-01T20:22:45.188939+00:00,2025-11-01T20:22:53+00:00,289
b75427bdfa055dccb9b4c286ebf7f9e49766f4126ddb72f95a9e360745965759,2025-11-01T20:22:45.329802+00:00,2025-11-01T20:22:53+00:00,289
8f3ef974b22acf7ab4fac28b23f5ccb16a494cfcc54aa38252d0d85aa758bb50,2025-11-01T20:22:45.466474+00:00,2025-11-01T20:22:53+00:00,289
dbb5f53fc7463b6a95d255a00d6a8eb785e22a1db5defcb868e5c11abc95de6f,2025-11-01T20:22:45.602484+00:00,2025-11-01T20:22:53+00:00,289
42919260fbbc29d3425e2caafb3771cdbf5295dcbdd21f7f48f3d88c4bdb1b1c,2025-11-01T20:22:45.735679+00:00,2025-11-01T20:22:53+00:00,289
8e0487d18a510bb4532e87c76fca20051ced611defaa9f571229b85d87ccfc1f,2025-11-01T20:22:45.877993+00:00,2025-11-01T20:22:53+00:00,289
f2128be7435e5c03cfc24f4754041603a66bfc770dc368c5152e5981b9ad256f,2025-11-01T20:22:46.013679+00:00,2025-11-01T20:22:53+00:00,289
24b45beff683a25fdf71fcb30ed2c8f0fb5ce8964f4e860aa7e8f3518b85b5e4,2025-11-01T20:22:46.157593+00:00,2025-11-01T20:22:53+00:00,289
281774f2675fba3d23aa3fb8dc000ef6d6e53556d54aa9f9cd556e6f91b57914,2025-11-01T20:22:46.296951+00:00,2025-11-01T20:22:53+00:00,289
a463f1b7e34256e8cfb8dd2e65c8a9e35756365a6a491b933071b259be7d0479,2025-11-01T20:22:46.430085+00:00,2025-11-01T20:22:53+00:00,289
d8ab32bce8d9e42aef24e31c9f4df4c5db9ca85af536dab68752d09f2734b1d3,2025-11-01T20:22:46.568667+00:00,2025-11-01T20:22:53+00:00,289
f5a626259a40621a7a14f6ce4a5725b9727be540f47aeb014f2ef4831ed552d1,2025-11-01T20:22:46.704681+00:00,2025-11-01T20:22:53+00:00,289
4e2b19bf97a2d4e9c931500d8e8ffc1746cfc606b54ce255e7fa77613fa12afe,2025-11-01T20:22:46.842654+00:00,2025-11-01T20:22:53+00:00,289
409b3a611c7a6bcd23f3643e427d9bbad6e5d199aa02ee82c9a815eb2aaa4ce9,2025-11-01T20:22:46.978244+00:00,2025-11-01T20:22:53+00:00,289
f76687f80a81a4d353c0551c87bd6b701a3e501001b8333700fa7b660d3a24be,2025-11-01T20:22:47.116389+00:00,2025-11-01T20:22:53+00:00,289
dd92956650b7838b9a2c6b724be6bb1e5e5bb3188dabda2a5ebedb62005f6b10,2025-11-01T20:22:47.255864+00:00,2025-11-01T20:22:53+00:00,289
6c7422994095add657de5baded083da51c24c7efc1c01698eb2bbcf85ba85841,2025-11-01T20:22:47.390342+00:00,2025-11-01T20:22:53+00:00,289
f439117240535dd3bc31fea0153ddfa4503b600afea841127b39a6ffd150c1a2,2025-11-01T20:22:47.528467+00:00,2025-11-01T20:22:53+00:00,289
d7093399c7928da78a19c69ca347391b14666e3fb2551d934e6294f801a19a49,2025-11-01T20:22:47.671514+00:00,2025-11-01T20:22:53+00:00,289
0a08429489dd2875bafc23c3b8323a31472a5cf648f9b35321b48ef80ed1ab80,2025-11-01T20:22:47.808019+00:00,2025-11-01T20:22:53+00:00,289
8758673b14e6607aaaf4e31ab591259f2b661d1903032ce2c6214545862da112,2025-11-01T20:22:48.165803+00:00,2025-11-01T20:22:53+00:00,289
bbf7a5ee02afc047e457fc782e1a707b62c215b1b39acd6d105469341016ac08,2025-11-01T20:22:48.311377+00:00,2025-11-01T20:22:53+00:00,289
ede5e683472965ca3794ba62f9e2e25a9359c7b0ca82ab7997a3c65860243429,2025-11-01T20:22:48.443101+00:00,2025-11-01T20:22:53+00:00,289
036e26fd424b306083a1b0063b8638a32f283c80a54593f763bc8039c35d6af8,2025-11-01T20:22:48.584402+00:00,2025-11-01T20:22:53+00:00,289
81738e79c7a640235d800253ad1388ebdcf97690dc9fc9b03b46431d7c30d745,2025-11-01T20:22:48.722170+00:00,2025-11-01T20:22:53+00:00,289
64467912b0ff4456fec771b4c85c53ecd4646b827dd1c52b5a3bfb1f96d59c0a,2025-11-01T20:22:48.857968+00:00,2025-11-01T20:22:53+00:00,289
0c810d3591b52cfbf219996d79defd12000580cbff70216ef4fe33a27def3c1f,2025-11-01T20:22:49.001033+00:00,2025-11-01T20:22:53+00:00,289
62621609afc3b56442cac7cca4c865be6378885fecc92eb5bb9c9a2351d4508e,2025-11-01T20:22:49.136411+00:00,2025-11-01T20:22:53+00:00,289
4c25ba1ea62fe6670ce1ffc0227e81683c33a5a53b11c12ce71854d22ddfa5ae,2025-11-01T20:22:49.284887+00:00,2025-11-01T20:22:53+00:00,289
a931a17e0fafd99b2a49979887abbc930271cd7171f4324b7941690b5808dd06,2025-11-01T20:22:49.476015+00:00,2025-11-01T20:22:53+00:00,289
5eb3f2241a7fb74b49632d990613179c8b355a8294a54085074f0635482ce136,2025-11-01T20:22:49.614167+00:00,2025-11-01T20:22:53+00:00,289
a046830f1cac4929f77d27ac1acebefc6168c9e8cad07e203aacc0c1ede2e925,2025-11-01T20:22:49.745916+00:00,2025-11-01T20:22:53+00:00,289
eea9fec244b8058d9f5d44c245b70d6a41c370d8ca21555b824dcf392ea57fc7,2025-11-01T20:22:49.884146+00:00,2025-11-01T20:22:53+00:00,289
7c5d2d48fd06371b9265a855b3899ca950bfa495bf31484488613c46d0073162,2025-11-01T20:22:50.024350+00:00,2025-11-01T20:22:53+00:00,289
3fdfa8093bfa85f544f0c359edb2995150b55459f4b57ad0a21486ad83ff3a5a,2025-11-01T20:22:50.167092+00:00,2025-11-01T20:22:53+00:00,289
7ea7e9af2a96aa6fa24453f50c0ab0af7f56f7cdef79bb387bc42ca52b51ca1b,2025-11-01T20:22:50.303953+00:00,2025-11-01T20:22:53+00:00,289
782de2843d50dd8c28b7fa35f79ac74f037aef6068114b4d45b37ee904019fa0,2025-11-01T20:22:50.444161+00:00,2025-11-01T20:22:53+00:00,289
73453d47c60a9e035a1d6da6cc2ab40a2c223a710279df812112e195d37d4755,2025-11-01T20:22:50.583069+00:00,2025-11-01T20:22:53+00:00,289
81ef90e3d5482dc82f49a9467c95dd9a068e64cb70d03f630f82ece3c525278e,2025-11-01T20:22:50.724954+00:00,2025-11-01T20:22:58+00:00,290
70095b3815a1e9f4ccc8b7ae6a1f7a2b7e22b24d89cd4186d4777e6a035ab08e,2025-11-01T20:22:50.866304+00:00,2025-11-01T20:22:58+00:00,290
75366d758373c532da8a7da5e37e2f59fe4bcc14c65b085615dcc1e8561b7b3b,2025-11-01T20:22:51.001794+00:00,2025-11-01T20:22:58+00:00,290
9b2b1e59afcdab6f905cbd2266e5808964fcb16bc02bd0fec197869754c0e8ea,2025-11-01T20:22:51.147052+00:00,2025-11-01T20:22:58+00:00,290
6ceab81b64a534494e7bf3c16ab7ae3e6e2a29d67ccd917d96ba4416108dc4a6,2025-11-01T20:22:51.289267+00:00,2025-11-01T20:22:58+00:00,290
82245692561a5d3f6692f5fdc570aebb86203a815dca1b00243655953ce68408,2025-11-01T20:22:51.429183+00:00,2025-11-01T20:22:58+00:00,290
09af6111ea42b7abf9b0aa8192bb808bd4bf33f92f138f71210613c04be1b048,2025-11-01T20:22:51.581468+00:00,2025-11-01T20:22:58+00:00,290
6d5b7e2194d31ffd61e4fca8b4092f5fd43277e7b1e4aa5cb3c027c061501285,2025-11-01T20:22:51.717155+00:00,2025-11-01T20:22:58+00:00,290
27e8183d797ef65c5f7be505662883a5f39681db9b756518b78aacb1686aac9f,2025-11-01T20:22:51.851600+00:00,2025-11-01T20:22:58+00:00,290
fae4541092d42282953dc1cc17f9f2daa02b1435ea88523898406817f8215123,2025-11-01T20:22:51.993600+00:00,2025-11-01T20:22:58+00:00,290
72d23dc05a5fdfcf603b042cd09693ec0d68588d2fea911b1d29f05187bb4c1e,2025-11-01T20:22:52.126968+00:00,2025-11-01T20:22:58+00:00,290
7bdb9ac8b7a22b3284b1b19488d6dab79c54e3bde5e9cffd3e34a41b33026d83,2025-11-01T20:22:52.304521+00:00,2025-11-01T20:22:58+00:00,290
6b02c3ff9214ce858d0e45d192ea0aaf8c67b7b8cc75fcace52a2f90d8242567,2025-11-01T20:22:52.438945+00:00,2025-11-01T20:22:58+00:00,290
d23547d6b1506a1d1c14258076fd73e09352e09963d5e649d224a2cdad3f1a2e,2025-11-01T20:22:52.575109+00:00,2025-11-01T20:22:58+00:00,290
cb52748b40e77e37b8751a8a00f13ad259770c23f4ec9352577c25be39f96066,2025-11-01T20:22:52.708050+00:00,2025-11-01T20:22:58+00:00,290
e003d207b199a9f9638542c6487a8b2b34bca489ebd20f75f559a1e3c997430e,2025-11-01T20:22:52.846822+00:00,2025-11-01T20:22:58+00:00,290
10741c730c9a46802b244525164ece7ad1d43fae3975ee3a26731f3f282dd033,2025-11-01T20:22:52.986549+00:00,2025-11-01T20:22:58+00:00,290
326ebbdafb23a47dbb5262afcb89c7fc45f6ccad4753c9f14e29d8a39b1e4649,2025-11-01T20:22:53.128044+00:00,2025-11-01T20:22:58+00:00,290
7dbdfdda83577fb5322e5c30f243a1bb1c15797518c3b21de24e503c91daed1e,2025-11-01T20:22:53.533949+00:00,2025-11-01T20:22:58+00:00,290
ee0b6219de1cac0278a7e8d904336de5d96f47af18616dd97d9f740534122f4d,2025-11-01T20:22:53.674135+00:00,2025-11-01T20:22:58+00:00,290
a2dc836c9328f07c59d81e5c042649293203d6155521e84f0d8600c1f973e0be,2025-11-01T20:22:53.813238+00:00,2025-11-01T20:22:58+00:00,290
198a1dc4131386984a549e09a60daba2baa1355d74d0a4ddb841d13634e75402,2025-11-01T20:22:53.947693+00:00,2025-11-01T20:22:58+00:00,290
9f813e9b8e9a47e384dc80a10a243c9c194a839715364d5a1720ae7d7426c673,2025-11-01T20:22:54.083284+00:00,2025-11-01T20:22:58+00:00,290
aca1614fd880ecdd4498b4f54c3478eb9d383306d10adaff1af7e550f633a276,2025-11-01T20:22:54.218335+00:00,2025-11-01T20:22:58+00:00,290
a2d279d4f54dd502e6d3ffe90e3c6c6fb3ac002de8a07c6fdbd0691c74a7e2c5,2025-11-01T20:22:54.356103+00:00,2025-11-01T20:22:58+00:00,290
fa584666e2df9c61ef34ed91104f1776f1e0502bca5b7a2e8db309ee4180580a,2025-11-01T20:22:54.490385+00:00,2025-11-01T20:23:03+00:00,291
5f196a0c5f2bb92a928e373459ad8bea1ae283620e7307d76a8ac8c1c4849c2d,2025-11-01T20:22:54.626090+00:00,2025-11-01T20:23:03+00:00,291
4744bda4d0ec9c641cfafee77532abac4f6fd7f41937a7f2736a266bc3c83bb0,2025-11-01T20:22:54.757354+00:00,2025-11-01T20:23:03+00:00,291
52dad0fa056aac1f65558cb0a8f1ea0e3c9b1b5f3acf8778c5d93fe17cb13ea3,2025-11-01T20:22:54.893131+00:00,2025-11-01T20:23:03+00:00,291
876f8c1144a3c7b8011b87727aacb50ff799cd4a3567473b2ee074ae1f066b59,2025-11-01T20:22:55.030911+00:00,2025-11-01T20:23:03+00:00,291
6ca570b589e013beffbff5268efbacb09e5b6165772129a0fc37bd490ea90843,2025-11-01T20:22:55.172310+00:00,2025-11-01T20:23:03+00:00,291
1308f33f179de2409cac22c10f81e4a1c86fa8127b4fb91a701fb7901e2c023b,2025-11-01T20:22:55.309947+00:00,2025-11-01T20:23:03+00:00,291
e2519fadcec3b8f7dae3b3f71326a57e17ec985318eb7c05bf821dcd5a77a236,2025-11-01T20:22:55.447789+00:00,2025-11-01T20:23:03+00:00,291
67c8fd71f11fbcc706133c13e22e95a41c8d09b3a9cef8cf5b73d56815020502,2025-11-01T20:22:55.582309+00:00,2025-11-01T20:23:03+00:00,291
92db0986659f6c636b645f3744aa42c26f0c89dc5058707a5c41ec430fb124e4,2025-11-01T20:22:55.716203+00:00,2025-11-01T20:23:03+00:00,291
76c79f6c69e3078d7f534a7ca000def229793e2f5d9dbe59f4fdb13cfc74e602,2025-11-01T20:22:55.858287+00:00,2025-11-01T20:23:03+00:00,291
b003e872c30958e71a73540ac0db7ac9ca84a7f2316b376610f3dd4fd6905652,2025-11-01T20:22:55.994824+00:00,2025-11-01T20:23:03+00:00,291
0836aa47d4945dcfabda0d4bf50e600c6b95ee673121856e5cb7cab81f268685,2025-11-01T20:22:56.138347+00:00,2025-11-01T20:23:03+00:00,291
65b61d7099b14fcf3fc57c301d640f189173fae116af9f1fd81d9b6faeb29b13,2025-11-01T20:22:56.279348+00:00,2025-11-01T20:23:03+00:00,291
21213f8a35f2374317790c15aab70540ccb22251094f53fd606fc20da18da115,2025-11-01T20:22:56.414389+00:00,2025-11-01T20:23:03+00:00,291
19fcfeb92b7ac1a926d395134af49d5330a17262842fb4b76d8a0930588a9ceb,2025-11-01T20:22:56.555852+00:00,2025-11-01T20:23:03+00:00,291
af68f6114913b9089566a0dffe0fc3f3875dc3e33b108c0f98a76f1fbcf32c7d,2025-11-01T20:22:56.691058+00:00,2025-11-01T20:23:03+00:00,291
be3ecaad24a01be527d299d623a0124f3c108c4309499fd3174552d33de746b5,2025-11-01T20:22:56.826845+00:00,2025-11-01T20:23:03+00:00,291
12bf565e94d844bafe32a6346572aba5d71611fdbcf8af7ef76cfa7e993220fe,2025-11-01T20:22:56.961800+00:00,2025-11-01T20:23:03+00:00,291
e21e15fd83d00e36f6226c0c166c2ee7d5518c7e3cae5a6faba236b2f6ab65da,2025-11-01T20:22:57.102944+00:00,2025-11-01T20:23:03+00:00,291
061f78f95368c5deba1bde24941a9ae8b762ac7a31440ec20fbf35aae0f1cd3c,2025-11-01T20:22:57.245397+00:00,2025-11-01T20:23:03+00:00,291
1ce0cd5541cd33045434c777b0c33b0efd160aa43aabaee1358bac2b4c7e0db5,2025-11-01T20:22:57.379437+00:00,2025-11-01T20:23:03+00:00,291
54be1d444cd931a50813c25944a4f6988b10327974bb0e00daf03c9fbe4dcc69,2025-11-01T20:22:57.515662+00:00,2025-11-01T20:23:03+00:00,291
4255a38fff8da5c2964bd4a36421640715cafcbed726792e9e979082592c00b9,2025-11-01T20:22:57.661891+00:00,2025-11-01T20:23:03+00:00,291
e24fe0626e90020e203604e47813890b94cc51d5bb60257e3344b0e23bc1852f,2025-11-01T20:22:57.800076+00:00,2025-11-01T20:23:03+00:00,291
57dfed52c8bf4222156ea5f413f162ef0446a5c36a8b38b5ba2572acf6f30fd5,2025-11-01T20:22:57.939444+00:00,2025-11-01T20:23:03+00:00,291
38c43ca8e9453b93515e5a6249f6cdc7c4c7a77097c340642ed32ee7c8160140,2025-11-01T20:22:58.074968+00:00,2025-11-01T20:23:03+00:00,291
6349fc0ebe3332a2ec86506541d947030d372ddd9e1687b2e94f15ce06d40352,2025-11-01T20:22:58.209256+00:00,2025-11-01T20:23:03+00:00,291
05e1924b57be1d330062dbdcdedfeabce7f1a0f0f60dd74132421fdd79c92703,2025-11-01T20:22:58.346089+00:00,2025-11-01T20:23:03+00:00,291
f74e79541f83b02d932203ae2b1ab598962ca8e79d73f8bf641cd8a8bf163fd1,2025-11-01T20:22:58.487126+00:00,2025-11-01T20:23:03+00:00,291
a751007e5fdcde5a01dd242f3984a3b8a5bfac13a1be5afc72fe1e1531efbd59,2025-11-01T20:22:58.623838+00:00,2025-11-01T20:23:03+00:00,291
9d61db2ea86f576747fc6e7f0deaf8b12739d5248bd09434264352c1a0d94d05,2025-11-01T20:22:58.755797+00:00,2025-11-01T20:23:03+00:00,291
da49fb40379fdd2ac6d65ca1514c17eb1203af565e757bb62a92acb16b353df5,2025-11-01T20:22:58.895658+00:00,2025-11-01T20:23:03+00:00,291
91dfd088175047cec593884c444a6561f74a74bc14a57dce39db68e2553e06d4,2025-11-01T20:22:59.032957+00:00,2025-11-01T20:23:03+00:00,291
34258268cae8b61b0bb691104a899b5a00ae26d70e238e1eb7bd4ffe3214ec98,2025-11-01T20:22:59.169824+00:00,2025-11-01T20:23:03+00:00,291
8cbfd3ee0ea452c8162af2650788a7f1fb9880279b609c44ca2d2209de4eee12,2025-11-01T20:22:59.309106+00:00,2025-11-01T20:23:03+00:00,291
2a6e31eab4038b22cbf105ac5006fcb5726bc29123898158be6feb495e91849f,2025-11-01T20:22:59.489704+00:00,2025-11-01T20:23:03+00:00,291
4d85cf818d2dfef0f2e045ebba22afbfbbf70868e356e24216f17dc13316461b,2025-11-01T20:22:59.621053+00:00,2025-11-01T20:23:03+00:00,291
7db57d04f6a4b955512ef59cceb61bef723cfe7cb724f4b72cf96bf9ff2e4fa6,2025-11-01T20:22:59.756083+00:00,2025-11-01T20:23:03+00:00,291
a8a9a0c2d8a3be58fe8fd274a5486ac13b42ad48273425a652b4334aadce5df5,2025-11-01T20:22:59.889718+00:00,2025-11-01T20:23:03+00:00,291
becbcc3a5036c1f593098996c04c41307046e10287a9ed92eff4eac8f579736d,2025-11-01T20:23:00.029382+00:00,2025-11-01T20:23:03+00:00,291
29ba0838158aaed9df71de0ffbcfcc4eb15af08e358b394a6de1420e0b5ddf51,2025-11-01T20:23:00.164622+00:00,2025-11-01T20:23:08+00:00,292
c31320ae8922842607b5ef23a2d0632e783034543e9b0747db40c40ffb3f4da5,2025-11-01T20:23:00.299496+00:00,2025-11-01T20:23:08+00:00,292
d871627f9ae3419908a24e11153131e0e8a0c9b6fe35203e332d947dc13e347f,2025-11-01T20:23:00.444066+00:00,2025-11-01T20:23:08+00:00,292
f906d88a8d10147d5184dce30096b066916dc721eaaf64a23c8fe523be82608b,2025-11-01T20:23:00.578763+00:00,2025-11-01T20:23:08+00:00,292
a912e162d2a82d61551915efced1c34f4eb88ff50235236dfb54cfb00dc5b40a,2025-11-01T20:23:00.712163+00:00,2025-11-01T20:23:08+00:00,292
0c99a01d367034dce829da625fb878f64de1dc313d62d16aa37878480caf7c5a,2025-11-01T20:23:00.847919+00:00,2025-11-01T20:23:08+00:00,292
302b0a12687ff4def09541ece581c7a790f6bc944255e974c57156946fc47d2e,2025-11-01T20:23:00.980227+00:00,2025-11-01T20:23:08+00:00,292
f4d77cb62d3331be94b2022fd7035afe46411a7e6c54daea6e8a4415ee6cf164,2025-11-01T20:23:01.116949+00:00,2025-11-01T20:23:08+00:00,292
a7d83c66ce119823c5484c633c2e573fbf69e2aebbc2b979ca7b2485e97590de,2025-11-01T20:23:01.270049+00:00,2025-11-01T20:23:08+00:00,292
9f3d79058774230299a21edd6a68682705f52b9e8ed5560d0b588cd8b657bde6,2025-11-01T20:23:01.412325+00:00,2025-11-01T20:23:08+00:00,292
75c93cb36d42bac7577cd5579f07363869a861444ccd781298284999bb523afe,2025-11-01T20:23:01.580658+00:00,2025-11-01T20:23:08+00:00,292
66df47eb3bb4ce80d53e56e4335e60e054ac3a62c925242cc410049ffd1babb5,2025-11-01T20:23:01.719935+00:00,2025-11-01T20:23:08+00:00,292
4805e22664b8c7c8bee84e9f46c7c7ff9c1f0c070853debb1e2a5b58ef1d9cf5,2025-11-01T20:23:01.860590+00:00,2025-11-01T20:23:08+00:00,292
c863374a68a8228ca0e3de5ddf5708477d67bea6491d076bbd5ced557d12aaed,2025-11-01T20:23:01.998481+00:00,2025-11-01T20:23:08+00:00,292
260f7969d5e4c770e3407a33e6a59694ea06f72047f69ef3d0275575cacd5d4e,2025-11-01T20:23:02.130517+00:00,2025-11-01T20:23:08+00:00,292
4299ad2f532b99f90f3571a3203ef869b285f79402c33732b089a31d38d5a775,2025-11-01T20:23:02.300363+00:00,2025-11-01T20:23:08+00:00,292
02e5be517391bc607d838f3fe3c212b13176bdd531ef115039fbaf384908a859,2025-11-01T20:23:02.438981+00:00,2025-11-01T20:23:08+00:00,292
d834d84e15b3547feac97c2ef91d62388816c5f00f2e802f25022c46b4baecd8,2025-11-01T20:23:02.577481+00:00,2025-11-01T20:23:08+00:00,292
8c15a28ff9dfe5ae7ae2f80263b09d2f2c7bed0a86aa664440a3328d23a60a45,2025-11-01T20:23:02.718028+00:00,2025-11-01T20:23:08+00:00,292
b23b4d6a36319883c18f218d551c1bb0f259b6bbe19efeba8ba34ed619b050d2,2025-11-01T20:23:02.853886+00:00,2025-11-01T20:23:08+00:00,292
41414ca5df59b74f595eeab6f0978a496ce2fcd9e222a36102515014e18175d0,2025-11-01T20:23:02.992097+00:00,2025-11-01T20:23:08+00:00,292
6eefc8e8d5e8b827da501946cd927ea8d99eb1a4552b929eeee1c4ec45e83e90,2025-11-01T20:23:03.127118+00:00,2025-11-01T20:23:08+00:00,292
b82a961bff5b500917aea9a29a9e7eacfe53a62d0f2bf817f9e1f11ebbb431f9,2025-11-01T20:23:03.263795+00:00,2025-11-01T20:23:08+00:00,292
e386531b90d31bbf921e318930e78f45f043224e1b00d3262c3137ab5349712f,2025-11-01T20:23:03.404052+00:00,2025-11-01T20:23:08+00:00,292
f29b8d6ecf288d5748c68f568e5480e41d4fa8d4538183e959dec0275caf272f,2025-11-01T20:23:03.745958+00:00,2025-11-01T20:23:08+00:00,292
293927ac7ce2014e1338b6d084f5bfcd587d2846e8ea300fb499bbb3e7d0504c,2025-11-01T20:23:03.883972+00:00,2025-11-01T20:23:08+00:00,292
5700981ab02d23a0ea721b572bef9ecaf63e247910b45694c4ae58c5fa47ebab,2025-11-01T20:23:04.025886+00:00,2025-11-01T20:23:14+00:00,293
403af123ddbe4059d207b272039e902f0fdf14e01466d9c575c7e2d2a9ef3ff0,2025-11-01T20:23:04.162127+00:00,2025-11-01T20:23:14+00:00,293
d3b9133498a795e9c9a202d95a0b1400225e8c085b107e4fcad860c0b431a723,2025-11-01T20:23:04.346354+00:00,2025-11-01T20:23:14+00:00,293
229333452526519e973cbb9b5630cf00be539cbb693f33647a0b9b6e313fc61d,2025-11-01T20:23:04.489132+00:00,2025-11-01T20:23:14+00:00,293
c7ae220e34ea2f0cf7a98e2251f4c1deda050136c82fcbe7fac5a130d66dc375,2025-11-01T20:23:04.624728+00:00,2025-11-01T20:23:14+00:00,293
1a72b9fefdf37563fa97792ae9039954c200489ca66cf8ded7ce319b21a2f658,2025-11-01T20:23:04.766545+00:00,2025-11-01T20:23:14+00:00,293
458508c6904566c0d043e3def5a60f4b55d838c0c5057b9cc3d6b02ae6d702f2,2025-11-01T20:23:04.939446+00:00,2025-11-01T20:23:14+00:00,293
e6e4081e0c88a0f3f16a60f2d89c6ec5c8204a1bff01c5c869d5a04e14cdc377,2025-11-01T20:23:05.077261+00:00,2025-11-01T20:23:14+00:00,293
2026628454938ab68b51efa003dc24af66143ac9fd5a4c61c6ef5712ef9d3968,2025-11-01T20:23:05.218091+00:00,2025-11-01T20:23:14+00:00,293
9696c9ec5e5324327dfd8c5685f7b74c64aaa3b6abc3ab875218aee8282f7eb4,2025-11-01T20:23:05.357227+00:00,2025-11-01T20:23:14+00:00,293
520bd0f24dd076d271a3ee7949e07363dc17409c3751302bbfc8d7798c6a1b5a,2025-11-01T20:23:05.495835+00:00,2025-11-01T20:23:14+00:00,293
4809bf7088ff6cd808ec594a9b9960b4ddf15d64ed5ea582f7d05ba9ad47f61c,2025-11-01T20:23:05.632997+00:00,2025-11-01T20:23:14+00:00,293
782981543afbb1de08e247c7496644987f92d9bdbaab08c0bfeb1a5d6da1d885,2025-11-01T20:23:05.773292+00:00,2025-11-01T20:23:14+00:00,293
cfd752d082c02838a39126f5dc23f904e78aa47e3825879e3405ffa6d760a428,2025-11-01T20:23:05.910699+00:00,2025-11-01T20:23:14+00:00,293
1e2ac49ffb5921216e0ea16e6730ca86383048c368b92726e2c0adf39b55678e,2025-11-01T20:23:06.053420+00:00,2025-11-01T20:23:14+00:00,293
6a4e432d3f61bd50c0d7d3ee4084ab3051db03a36a71b7845cde325145900311,2025-11-01T20:23:06.192581+00:00,2025-11-01T20:23:14+00:00,293
e21370e3b4024f247b87bcd3201c16d803d9d464bd859ecb61bb84e7dd61d8fa,2025-11-01T20:23:06.331262+00:00,2025-11-01T20:23:14+00:00,293
61a19d7ffe7c57474086111900aea5d5f57cbf1369e4135cc8feea32feccdfa1,2025-11-01T20:23:06.468804+00:00,2025-11-01T20:23:14+00:00,293
026273c2090a332ae7f462194ada7edebae046f350aaf1faf5b2d609e8dbb11c,2025-11-01T20:23:06.606120+00:00,2025-11-01T20:23:14+00:00,293
3b1d38d339aca6746d1e1e68bf242b7cd45b2785cca0a5082f30be63c60073e1,2025-11-01T20:23:06.744728+00:00,2025-11-01T20:23:14+00:00,293
fe2a22be2f77231ecb240e7daa54afbd28b533a18cc4e692d41d44fb2bf3042c,2025-11-01T20:23:06.882401+00:00,2025-11-01T20:23:14+00:00,293
4adee9cc202203a805ecb5f54225a3c2b4fe136858715eede2c3455adef85cde,2025-11-01T20:23:07.022287+00:00,2025-11-01T20:23:14+00:00,293
3d03140583be642fff38895be464af494deca7ca25122f8191a68ebda97a15ec,2025-11-01T20:23:07.161592+00:00,2025-11-01T20:23:14+00:00,293
b77d3786e27ef3e0e9f6f7c459aa19990f9bf64d201b4ffb6dd0add403f9c748,2025-11-01T20:23:07.303321+00:00,2025-11-01T20:23:14+00:00,293
a7c4af461560b4e2374d9eeefca30acfd8f0ebde984da368517f2438e6c13eba,2025-11-01T20:23:07.441317+00:00,2025-11-01T20:23:14+00:00,293
360c8f211811def7e7443929eca540dfa04b58deb03702be9a95bb1b641d504a,2025-11-01T20:23:07.585423+00:00,2025-11-01T20:23:14+00:00,293
193f340dcdd6503c3e5de49446757a17fe2ea521c6fa1d80b2b99735537559e5,2025-11-01T20:23:07.723983+00:00,2025-11-01T20:23:14+00:00,293
5ed8ef5922a0530e7e070fd53f72288df47ad454bf0923d3fc9d7cf2b4d360bd,2025-11-01T20:23:07.862971+00:00,2025-11-01T20:23:14+00:00,293
1c69fc223681f17df14bb28f35526b1e5cefc1d9899edccff592f8ffc22860e4,2025-11-01T20:23:08.002969+00:00,2025-11-01T20:23:14+00:00,293
9f1f2b43ae88027e8e8b39d7b67a67b8cea9c1013ca6b7c7a416a24f15019a6f,2025-11-01T20:23:08.141776+00:00,2025-11-01T20:23:14+00:00,293
d6de21c74f0398fc3d86e17ce828c73385a5f8127aec64b4d254c0905dc9075f,2025-11-01T20:23:08.279871+00:00,2025-11-01T20:23:14+00:00,293
61695629dd62cc0d7639348d2005cdbdf44ddb6d78dfdc7de7f55d37142a033d,2025-11-01T20:23:08.419957+00:00,2025-11-01T20:23:14+00:00,293
63671e8452ff20512fc3fc70d26d5f717959a7189ebe62be42c345a085c32485,2025-11-01T20:23:08.556863+00:00,2025-11-01T20:23:14+00:00,293
0fa6bfc653391a649481fb31bf706d8d7eec8c0c37acf51713f2b1f8d8dca815,2025-11-01T20:23:08.698260+00:00,2025-11-01T20:23:14+00:00,293
5b70a6ebc8f64ca3bd457265ab2027402328dac9092472cfc85f32b42115feef,2025-11-01T20:23:09.040881+00:00,2025-11-01T20:23:14+00:00,293
e32795986693d2361eef4d54718f8212acaedfbf51aa68191cec7169a0d5048a,2025-11-01T20:23:09.180283+00:00,2025-11-01T20:23:14+00:00,293
0cf462530c541fa7b4c5e30d4cad7ebdbb2b93ad8d04ffd1f978ae6b205514c3,2025-11-01T20:23:09.333218+00:00,2025-11-01T20:23:14+00:00,293
ffd7090bd8f6ca96974e894f5e9c0b5d9f2ee3e4fae0154171f1de2c72692de9,2025-11-01T20:23:09.482226+00:00,2025-11-01T20:23:14+00:00,293
f6348d0efe8b1844f7498e0d209c2591243a6f69dd6f2824181bfd33996a26c1,2025-11-01T20:23:09.619057+00:00,2025-11-01T20:23:14+00:00,293
c5134816cf51e5de81bbfede71ae5934ed2d9ee9d64daef59835514cd20ad7d9,2025-11-01T20:23:09.755854+00:00,2025-11-01T20:23:14+00:00,293
a1fc5b9c2fd636dc347bae72a95318d8b05f17657033d1b51ede2968f3259547,2025-11-01T20:23:09.899707+00:00,2025-11-01T20:23:14+00:00,293
e766732c4e5c2f78aa6fb8f8735abebb1bf52c1171f770331c6de9f986c77674,2025-11-01T20:23:10.043755+00:00,2025-11-01T20:23:14+00:00,293
2e3f52a6ed89092300d38652c12143103ba4395b6b9e5fa7efaba7b633060b9b,2025-11-01T20:23:10.181331+00:00,2025-11-01T20:23:14+00:00,293
a25c8644854f4405191ea0150a825c9f1e5b34f1b335521cafafc36449d1c5ac,2025-11-01T20:23:10.319389+00:00,2025-11-01T20:23:14+00:00,293
e39baaf01ef1ccaf8245d79fdd27fe1b0578fd56e03deff3859b588f66204219,2025-11-01T20:23:10.457149+00:00,2025-11-01T20:23:14+00:00,293
be958b2e3f8c889519706a80aa0fb405aba30fc5c134bae3c5eecddc2564c46f,2025-11-01T20:23:10.591257+00:00,2025-11-01T20:23:14+00:00,293
ab75f61b83fa01b269c4fc426b2f83409b130aec760ae1145bef6679847ad751,2025-11-01T20:23:10.730528+00:00,2025-11-01T20:23:14+00:00,293
ff9b52b18c93994a5f1febd152514ca994ace86473ca9b441482511ad22d8671,2025-11-01T20:23:10.868560+00:00,2025-11-01T20:23:14+00:00,293
a90444400c9ecc3aa7bc4a9c3508602e5f1a55047fe06268bebbae37df79d914,2025-11-01T20:23:11.008163+00:00,2025-11-01T20:23:14+00:00,293
c180eaefc27d79121251e5744b16c32983bcb76045336a6f7637eb58d306d6ea,2025-11-01T20:23:11.148068+00:00,2025-11-01T20:23:14+00:00,293
324586cf10ac81486f6cb075e5628f9e5c42fda310ff47f713deda2f0f4c7da2,2025-11-01T20:23:11.290793+00:00,2025-11-01T20:23:14+00:00,293
848917d7c87f2a2e0e77a713fc5caab00175705d3e3b83f8d3b306bd089e0859,2025-11-01T20:23:11.434552+00:00,2025-11-01T20:23:14+00:00,293
c5b0d9145b82f1544ad14eb4565a3d41a2d974a40c5111af23b948ec0d7ea175,2025-11-01T20:23:11.581883+00:00,2025-11-01T20:23:14+00:00,293
9b1faa11e6f82481c88556943bf9632833a850a6d562694ce469c30628713022,2025-11-01T20:23:11.715998+00:00,2025-11-01T20:23:19+00:00,294
9e24767caaf9bfea83a260f587fc68aaaac52b5ef75a1a4987053633506a976a,2025-11-01T20:23:11.855374+00:00,2025-11-01T20:23:19+00:00,294
6fc72b3506ad1f552439b766338d5557a87d545e6821a739245dcd1280095f19,2025-11-01T20:23:11.990747+00:00,2025-11-01T20:23:19+00:00,294
d62cbb576716a29f075ce76318dee3867bb1d0ececfb48af4ccb70faa3e1e1ac,2025-11-01T20:23:12.136048+00:00,2025-11-01T20:23:19+00:00,294
4661684329666cadbccff89a3d8f10392e351e732153cde62c321070263591e5,2025-11-01T20:23:12.279348+00:00,2025-11-01T20:23:19+00:00,294
b344707d202a7159b0699d824ca82fb91a76254e6fdb0d6d373fca47a57b353a,2025-11-01T20:23:12.414972+00:00,2025-11-01T20:23:19+00:00,294
87a6902371755d7123e50a2e826e1ed12997c1e7b504095fd0b0e7c4f9b16f87,2025-11-01T20:23:12.550501+00:00,2025-11-01T20:23:19+00:00,294
8fb9a1684d4de1d64e796339402f9c0693a7c3077fc64bacee448cf795e17fe2,2025-11-01T20:23:12.691486+00:00,2025-11-01T20:23:19+00:00,294
987ada0d3778e2c13c91d718b733ae8f2d402e2b0191d98698a5996807c59d05,2025-11-01T20:23:12.829592+00:00,2025-11-01T20:23:19+00:00,294
629c562384526759c20d3da087b1cc06888703d37106a2ef9c2a309fba71e411,2025-11-01T20:23:12.971228+00:00,2025-11-01T20:23:19+00:00,294
10f874103c397b24587edee20554188504b12b10c83c6a51172dcdfa284d0aa1,2025-11-01T20:23:13.111141+00:00,2025-11-01T20:23:19+00:00,294
910d26bcba38f19951fd02e45bb49f336db92b58d06669383ba692eedec6604d,2025-11-01T20:23:13.252897+00:00,2025-11-01T20:23:19+00:00,294
b23e79961cc04a75b7783855fd657b066454c4cf5f680d353c816edbdd0c8986,2025-11-01T20:23:13.400374+00:00,2025-11-01T20:23:19+00:00,294
2516b80a3d0ebbc3e9dd379efc2691ce95018f20874a891e07fd736c21068ab5,2025-11-01T20:23:13.546947+00:00,2025-11-01T20:23:19+00:00,294
d2ea2d859756f63da100a1c7b703888fef7061416a2e14f7f564fc958cba58b8,2025-11-01T20:23:13.682480+00:00,2025-11-01T20:23:19+00:00,294
d76707942f5517b5e9e5a991fa2bf964122037b35870862870f50e3fb312f43f,2025-11-01T20:23:13.818221+00:00,2025-11-01T20:23:19+00:00,294
43a7739d789d3b83cc33dd1857e40f036803da3dd446fafcb50a337043e0744f,2025-11-01T20:23:13.959025+00:00,2025-11-01T20:23:19+00:00,294
cd0d0ea6a41640221d0b90a0bcbdeda109246551516c48af2bc3b1a51035c0a0,2025-11-01T20:23:14.297786+00:00,2025-11-01T20:23:19+00:00,294
3343cfd89d4d9fd6a1bf40749fe1964c94dae37f58a21f50ebd54b85884053ee,2025-11-01T20:23:14.438217+00:00,2025-11-01T20:23:19+00:00,294
b69f5c018a2bc6cca679318c5e9ffff6d33858844db78b90b4aec6d8915391d6,2025-11-01T20:23:14.573613+00:00,2025-11-01T20:23:19+00:00,294
621795278ad5de6b0839e487d514f30a24cad48589d139bb784d4197566da859,2025-11-01T20:23:14.718188+00:00,2025-11-01T20:23:19+00:00,294
2b47b7ebf0ca538d37e716dab61f1a799d112396465feae1c27459e581425d5b,2025-11-01T20:23:14.855375+00:00,2025-11-01T20:23:19+00:00,294
31cd3fdb4c62c7ed70954cd35aeccd4a0af5c373238a8913be7a747621b15610,2025-11-01T20:23:14.990178+00:00,2025-11-01T20:23:19+00:00,294
37cf6a883795019330b17ea11d80d56ba7fa0c555ef4c6ae64db685186ed3476,2025-11-01T20:23:15.128766+00:00,2025-11-01T20:23:19+00:00,294
b0e23bec4b21ac3eb5726346ee05b8b0d7f51d869b3689ded2b7279938edfce7,2025-11-01T20:23:15.265586+00:00,2025-11-01T20:23:19+00:00,294
dd9827d297d7ea1287099f8ddd5093a80f8be80683ed01b246084f1c43e1a9c8,2025-11-01T20:23:15.406969+00:00,2025-11-01T20:23:19+00:00,294
35a52dbaf0233bc46ae819be11871950faa12cf7256c815480d6be72ab977379,2025-11-01T20:23:15.546424+00:00,2025-11-01T20:23:19+00:00,294
55a52cf98c3401a65ea1a91ffe764b7617be2c529cbf341bfd710a1bc21e5627,2025-11-01T20:23:15.684227+00:00,2025-11-01T20:23:19+00:00,294
3be2e9391f1564a0d66f516a675c8ad52f0a90e2ac741769c8682c00dd62fb64,2025-11-01T20:23:15.831713+00:00,2025-11-01T20:23:19+00:00,294
774ede1f24361d39e1bbde43bd19f614b11a092d498f7b30380824fb9ece7a17,2025-11-01T20:23:15.977697+00:00,2025-11-01T20:23:19+00:00,294
00ae44715c975313e99013c0f2ca08359e96720d0ca6010037c53eb8ed7d0cd7,2025-11-01T20:23:16.120175+00:00,2025-11-01T20:23:19+00:00,294
3239d35c093e53c3d0b751ce59db2e7790a9316b8ad6fee69ceacbc15d020813,2025-11-01T20:23:16.256740+00:00,2025-11-01T20:23:19+00:00,294
392db7f75f33b076b068554dc32f76ac7b557bd743dd0a392619ad5ef13770ac,2025-11-01T20:23:16.394790+00:00,2025-11-01T20:23:19+00:00,294
069badbd965a378b003db3fd9395fd8bb13bd2633a95d9dd89b4060e185a43da,2025-11-01T20:23:16.533187+00:00,2025-11-01T20:23:19+00:00,294
301bf7770ad0f6370f8999aa34396395b19af1b5fe9ae4ec0bdcc9174d23365b,2025-11-01T20:23:16.670115+00:00,2025-11-01T20:23:24+00:00,295
3cd4e972aebb1a3f671ac94b8950d21d98541f65de9ab226206ff7898f2e9669,2025-11-01T20:23:16.809004+00:00,2025-11-01T20:23:24+00:00,295
6b58ee4cd1d80f792ebe29706e7830366935b1121ea6d48fd4757dc31d59679b,2025-11-01T20:23:16.951503+00:00,2025-11-01T20:23:24+00:00,295
a436280d330931035c0998779e892230c874cd65ae2ea327deb0e55516b1dd8f,2025-11-01T20:23:17.091068+00:00,2025-11-01T20:23:24+00:00,295
0dd249db8b3ee55a7165095b9f3ce71c034a1ed94e37b1bee48469712bc8d11e,2025-11-01T20:23:17.240153+00:00,2025-11-01T20:23:24+00:00,295
2d39f57f80caf3991d7d78b273e5bfc40474d9bfc783007109a8114148182002,2025-11-01T20:23:17.376683+00:00,2025-11-01T20:23:24+00:00,295
dd72179dbf23fc6b446ba9f97f8ba7755c45b6f4491ccd460d07d31dfed346f8,2025-11-01T20:23:17.516778+00:00,2025-11-01T20:23:24+00:00,295
669eb913a455c22f2805e534dc63b3ab8b6071b7d214808d639b4349fe8a2b86,2025-11-01T20:23:17.670587+00:00,2025-11-01T20:23:24+00:00,295
0a47c4b559d4b021eda3ecbc76eadb267479653103c507fc25a047933af48a22,2025-11-01T20:23:17.814021+00:00,2025-11-01T20:23:24+00:00,295
a36e2bebf1b2cffecfc7b48a2437bda50c63f1a34d2e6dfbdc937474d68b1352,2025-11-01T20:23:17.952710+00:00,2025-11-01T20:23:24+00:00,295
951abebcc2896ad100d8f0f2aa9c5039210c0c99a7c4fc4b34014ad50412870c,2025-11-01T20:23:18.097777+00:00,2025-11-01T20:23:24+00:00,295
f968f0d2ef20ebd08cbb5ebe919fc415a94663b69a7236bdeed478edca9bfce5,2025-11-01T20:23:18.238187+00:00,2025-11-01T20:23:24+00:00,295
a895c06a0febdf97210cb0d85f43358b42e311cd03a11c79d83a499245137d62,2025-11-01T20:23:18.375600+00:00,2025-11-01T20:23:24+00:00,295
f605104a12da126ae60493f798c6ec350f91ffde9496456032e9ee24175ef0b2,2025-11-01T20:23:18.514249+00:00,2025-11-01T20:23:24+00:00,295
5575d33b61a363d1d79fb59c96d53a0432cbea9117962a1e99304476b6f9016a,2025-11-01T20:23:18.655558+00:00,2025-11-01T20:23:24+00:00,295
a4116bca3b561e8627dafe7d2c289d00a9155f063b8fc07770bde88beede2b5c,2025-11-01T20:23:18.802800+00:00,2025-11-01T20:23:24+00:00,295
fcc8767c483bf7b1e27a5e322da85556a7255e6927b254f20088492a9cff7438,2025-11-01T20:23:18.951040+00:00,2025-11-01T20:23:24+00:00,295
8bdd9bfb0807e9cc8ff2d9419553a25ba283a474a93e8c32e322d1f316d34843,2025-11-01T20:23:19.088553+00:00,2025-11-01T20:23:24+00:00,295
460b1711f7b743d8932ce837eeacae9bbc6973dce76a5394a7caef5127546388,2025-11-01T20:23:19.235218+00:00,2025-11-01T20:23:24+00:00,295
30c45e649993c79146b3bebc407f4f0f777f396bc6061e562a1b663c7d0eb52c,2025-11-01T20:23:19.578666+00:00,2025-11-01T20:23:24+00:00,295
b452fc32d4495dcde1cbf1167af21f20dc80991ac0806d68e9b0518f96e1339d,2025-11-01T20:23:19.716387+00:00,2025-11-01T20:23:24+00:00,295
1f3b399c3e9a99139a3c0019254a2af744026636bff58d59d2a58f96a956ee42,2025-11-01T20:23:19.852345+00:00,2025-11-01T20:23:24+00:00,295
f7ac6316ed6864cbcbd364a4b0cb6482a291df1ef5b6b3d4e6d0aa8743cf279b,2025-11-01T20:23:19.993771+00:00,2025-11-01T20:23:24+00:00,295
17da231a85f742ada7b9549cf63f63892e046b4a9235c5b4ffbfc68dc133ea32,2025-11-01T20:23:20.131316+00:00,2025-11-01T20:23:24+00:00,295
2ea90bba9b8ac0ba46a115e3989e3dedd5a5d9300bb044ab7ac6e0d6a9008ed1,2025-11-01T20:23:20.273899+00:00,2025-11-01T20:23:24+00:00,295
049b4efdc62f337ec52bd4b5b6e659d7086bec37c77cda95864de57d5f357b03,2025-11-01T20:23:20.410574+00:00,2025-11-01T20:23:24+00:00,295
fa47679d29631abd1575c0a473c28fdf5536cd6de69007540c4b816c14313431,2025-11-01T20:23:20.541334+00:00,2025-11-01T20:23:24+00:00,295
5354b924176b0a6e6a7753a4dcd44728b59440fdc4d6607c1bede2e07120a21e,2025-11-01T20:23:20.674171+00:00,2025-11-01T20:23:24+00:00,295
65a206e18b82110d7cf1b913a35239c8f39b0c118e65e003dad2cabc00698690,2025-11-01T20:23:20.813510+00:00,2025-11-01T20:23:24+00:00,295
cbc5bbc6977d6322064a64e66408fd3b8da32fd1b9520341a8bf05493b64d211,2025-11-01T20:23:20.950111+00:00,2025-11-01T20:23:24+00:00,295
71d88178b529bd09a57c66aa1cea992d1617a52f2eac25891d199d36d8027d3e,2025-11-01T20:23:21.089035+00:00,2025-11-01T20:23:24+00:00,295
9f93f02ba938940f71ba0d53bebadcf2b4c6890783240d7d0782bcdabc8e7a2f,2025-11-01T20:23:21.223355+00:00,2025-11-01T20:23:24+00:00,295
d377c6c0c11df6678e8e61fb32c9aa15241c9c586a1e03d3bbb3590ef61ec5fc,2025-11-01T20:23:21.361599+00:00,2025-11-01T20:23:24+00:00,295
6273de545fc058a2632f799b57fd6cbb3404b9c85ba727f7c5a9afd57f022d58,2025-11-01T20:23:21.502986+00:00,2025-11-01T20:23:24+00:00,295
79dc7977e4691e11d26c1935932496dafa5d60728d33cbfde1c7db7f1301df39,2025-11-01T20:23:21.661531+00:00,2025-11-01T20:23:24+00:00,295
1d7369b78606d58aabd7f5f33f0edd3ddd6cb7595ec0d9d4403768199b8d6365,2025-11-01T20:23:21.798262+00:00,2025-11-01T20:23:24+00:00,295
ba6553f7ff3b79caa124d0b1b73194ecdc49a165dc3b4daf29970156a3e84ddb,2025-11-01T20:23:21.935838+00:00,2025-11-01T20:23:24+00:00,295
dd58e4eae189f903ec6e87d7a5bcda8e35da46c82a1cb6d1fb6c5dc9ad4a9720,2025-11-01T20:23:22.073363+00:00,2025-11-01T20:23:24+00:00,295
f6137b62b07ac6d628b937512b8ce042c776c8b88acaa65f39355b13b83ec09e,2025-11-01T20:23:22.216551+00:00,2025-11-01T20:23:29+00:00,296
5e197423bc7ff9ef487f71fc59fa00c50e79c6b7fee4bc0fa1ffe588aa3296fa,2025-11-01T20:23:22.358804+00:00,2025-11-01T20:23:29+00:00,296
fa9f0ee0abe0df5945699c863ebb2a0deda089c2dba1ce3038d69993060bc674,2025-11-01T20:23:22.495046+00:00,2025-11-01T20:23:29+00:00,296
e6f762200df204483bea88711811e1086f98192e00992a4c095fd9767f4011e2,2025-11-01T20:23:22.634238+00:00,2025-11-01T20:23:29+00:00,296
a6a14ebca0b1fdbe29200c624ed49c322fe7d3a55d7423d6ae5bfa672af7f7b1,2025-11-01T20:23:22.768613+00:00,2025-11-01T20:23:29+00:00,296
425c3fee58b39ef27977b701bf26c2252e499c4778b8565c7730fcfbe860d319,2025-11-01T20:23:22.902321+00:00,2025-11-01T20:23:29+00:00,296
7107a5f064c2a1f9fe0e76440107c04c1ee974700155928945c07c3a37519c6d,2025-11-01T20:23:23.038152+00:00,2025-11-01T20:23:29+00:00,296
1114d46284a328288416f79ba83c1cc55ff5800506a0c523c7ec2c9bbf07a481,2025-11-01T20:23:23.170626+00:00,2025-11-01T20:23:29+00:00,296
0169bd7aedc396a205e79aeb4021f2f16ab325c62b15e6dcc599ebf8f2295a10,2025-11-01T20:23:23.312032+00:00,2025-11-01T20:23:29+00:00,296
35c11e179e9c243e2f2bbded10fc5a1ea06453a8818ef84f247772b501f38d64,2025-11-01T20:23:23.445352+00:00,2025-11-01T20:23:29+00:00,296
1cde4ec0f0c5fa18f137404e7958437d3220f7e1d274282cba7cec4625538cae,2025-11-01T20:23:23.581719+00:00,2025-11-01T20:23:29+00:00,296
2f5998763c48d8071d0a0ea152c19f51bed119d3d24a5b9c3f770d537a167dfd,2025-11-01T20:23:23.716715+00:00,2025-11-01T20:23:29+00:00,296
2139211991a764d019affb64f0fd376aacd425c2a694c1662a64ea4bc8bb4669,2025-11-01T20:23:23.857932+00:00,2025-11-01T20:23:29+00:00,296
5648ecf427cde602558798135a52e3d3b4bf03cfa362dc01ea0a23d91fe85afd,2025-11-01T20:23:23.994171+00:00,2025-11-01T20:23:29+00:00,296
19b04f7e680fa7992a60fb0a51c0e6beaec8e73c0961b0454e64dc4bf53728c9,2025-11-01T20:23:24.132353+00:00,2025-11-01T20:23:29+00:00,296
7716a74fa5f04f6cfd828b8df19d5746fb1291f520514ba5c343a8f16b87a9bd,2025-11-01T20:23:24.270629+00:00,2025-11-01T20:23:29+00:00,296
02da6157011eca0f1c94a6ba8ac05d9c6f8177b25b294c93e88fb8406cf1c51e,2025-11-01T20:23:24.413075+00:00,2025-11-01T20:23:29+00:00,296
10320c6b816941594121c7408589c1ac26986934b8f297f273f08a80d90dc373,2025-11-01T20:23:24.549685+00:00,2025-11-01T20:23:29+00:00,296
2fae030c7fdc2cb29289e3e3a8845d0bc53c129ddcabde2159e4c293bbe82e32,2025-11-01T20:23:24.892443+00:00,2025-11-01T20:23:35+00:00,297
5558e89b67c7398596e96c9c1e678a60a4721a2ace2a15cf748c1d4b60dfb03d,2025-11-01T20:23:25.031070+00:00,2025-11-01T20:23:35+00:00,297
b7dd964cfedebb5fd43b18e9b2fae1271909fa1a4b54843dc09f1b284067340a,2025-11-01T20:23:25.169738+00:00,2025-11-01T20:23:35+00:00,297
2b5fd949dd51674e6c0545ae8233a8b0792ccc522b74822486c0c6d67c97bcb8,2025-11-01T20:23:25.303703+00:00,2025-11-01T20:23:35+00:00,297
d7d37fda1e99d9c42b5edfa5e2ec7e83ecdd69334c6542a79c3610a6d77b84d1,2025-11-01T20:23:25.441015+00:00,2025-11-01T20:23:35+00:00,297
adddb7195d4458397afad18f287c78c9c3448b974478bf3cebed9e5489d81d7e,2025-11-01T20:23:25.584918+00:00,2025-11-01T20:23:35+00:00,297
889017528cf5b9335101804bfdb1d5dc3c11afe452a5ed3358859b8a729cc569,2025-11-01T20:23:25.718907+00:00,2025-11-01T20:23:35+00:00,297
3129fc0e5c7e624ca577482b98de0ce5170858e5e7fa90a4f583acd0582ccfcd,2025-11-01T20:23:25.856315+00:00,2025-11-01T20:23:35+00:00,297
9c6e761c197d71eec64c2caded2d5d60058289c84e34840594f46b7eaff0c83d,2025-11-01T20:23:25.991712+00:00,2025-11-01T20:23:35+00:00,297
2ae9b7dc2258a11c5a24d8bf6437bec643046efb8607b74c4ebcccb50145d058,2025-11-01T20:23:26.127571+00:00,2025-11-01T20:23:35+00:00,297
817cd475019481da727a6a0a304b5f681081bb3c4d35b8d1fb175a03f3e05384,2025-11-01T20:23:26.262812+00:00,2025-11-01T20:23:35+00:00,297
cc84c4759d0b1c7d770bd6b78ac973a9ff726d3ea3cc9857aff1769b6f189643,2025-11-01T20:23:26.402852+00:00,2025-11-01T20:23:35+00:00,297
56cfce502f3189910148cebdd93330165d5f4d0462dd3f78b9506c58861a3656,2025-11-01T20:23:26.542897+00:00,2025-11-01T20:23:35+00:00,297
904c1fc6c6e5068dfd84c06cbd674176e7e1ce613ef631999bbf3ba229231067,2025-11-01T20:23:26.681795+00:00,2025-11-01T20:23:35+00:00,297
b50aad54adf6a6bc3a4a741d90e45d95aa5ef8f5814185ac0f8ba9f8da7f16cb,2025-11-01T20:23:26.817095+00:00,2025-11-01T20:23:35+00:00,297
b5b8f6aa8880cc9fff836132f8cff52cd149ac4e5184484bc9643bdc967f57cb,2025-11-01T20:23:26.958727+00:00,2025-11-01T20:23:35+00:00,297
90a5937eb855f63abaa8a311664fdee3b901c3c802803700f500bbd02668071f,2025-11-01T20:23:27.098424+00:00,2025-11-01T20:23:35+00:00,297
c24787a7ecb88589c5f2796294990677c138abcadd51f02e16cd1e83f9e04d43,2025-11-01T20:23:27.237657+00:00,2025-11-01T20:23:35+00:00,297
ef41a86539a39ad15138ed7fcd5ea9bcc27f2d8db9d87e962759fa5cd0f6de0d,2025-11-01T20:23:27.379860+00:00,2025-11-01T20:23:35+00:00,297
4895bb949ff0b258b2d481a93e4fc10319cf74140506010f4adee98db8609966,2025-11-01T20:23:27.519422+00:00,2025-11-01T20:23:35+00:00,297
3b8e520688adc6559037a09dc1a4be2ecb7b6262c907b082a3c4b2a98fdaf50c,2025-11-01T20:23:27.654903+00:00,2025-11-01T20:23:35+00:00,297
0a457c668a9ba3d2ba11538e75de0c1449079116983fbc7525e801281534b893,2025-11-01T20:23:27.792243+00:00,2025-11-01T20:23:35+00:00,297
5a2bcd1830f43d73e32a148243b6a06433b2f4e209bf78784eae1e8386ff24fc,2025-11-01T20:23:27.933584+00:00,2025-11-01T20:23:35+00:00,297
eb522c396ffb019c72ecc5720be9e4445d705ad7739ed6aa5e1b5a579390e4e9,2025-11-01T20:23:28.072435+00:00,2025-11-01T20:23:35+00:00,297
6bfe3ab1c8ee68aa2e34340da6a19e0cbb2ddeb4ef9d5cbf0df87eba0d5ad15d,2025-11-01T20:23:28.208091+00:00,2025-11-01T20:23:35+00:00,297
24d36d60eb6fc8a51e125b5073eb802e167f53bf655d9da17602efa9fd9dd86c,2025-11-01T20:23:28.351110+00:00,2025-11-01T20:23:35+00:00,297
e36189ebda9a741a1c83b39919a58cf5ada4096fe1bef97b4a81036c270484eb,2025-11-01T20:23:28.485721+00:00,2025-11-01T20:23:35+00:00,297
4a951dc3e02ba183619ee5b8646199f5df15b66c8d3863c47eead465212065a9,2025-11-01T20:23:28.620805+00:00,2025-11-01T20:23:35+00:00,297
5ac22497517e3e8149714e4dc265535f1d5066061345c2dc6e66cc7a7cd2d49d,2025-11-01T20:23:28.757888+00:00,2025-11-01T20:23:35+00:00,297
425a9082b412b7dab81d2cf2b153940f56e62bb34d9038a1e194d028eb994f6e,2025-11-01T20:23:28.901292+00:00,2025-11-01T20:23:35+00:00,297
d1f61a04cd407fcc141f129298f59bf2ab598e12e4a376775b6fb7363901bf7d,2025-11-01T20:23:29.045620+00:00,2025-11-01T20:23:35+00:00,297
9262f9586ac798b6b41dd09868c7c7f9dfa7ff336b6511540259df9478dc036e,2025-11-01T20:23:29.185779+00:00,2025-11-01T20:23:35+00:00,297
1d94e6601d2fd968f1b3634a0eaff3019dc305e973aa6446120212053f9f3f32,2025-11-01T20:23:29.335242+00:00,2025-11-01T20:23:35+00:00,297
fb0f3dc5acbf3f1e48fe03dfad49e2ad11c142e5b0eac3e03c725ddfdb8795af,2025-11-01T20:23:29.512193+00:00,2025-11-01T20:23:35+00:00,297
7f621c813d913b5d125fd298b9910d943cbb02cf274913ef32ae302151261afd,2025-11-01T20:23:29.647092+00:00,2025-11-01T20:23:35+00:00,297
4b34e9c13a58703efc2591bff62a006c850fa9d3cb2f6f3ca50b49d405859034,2025-11-01T20:23:29.789210+00:00,2025-11-01T20:23:35+00:00,297
53cbfed23d2e2f44d2ce01d1c2cdf186f8baff728163bc8661e6ed13785ef6b9,2025-11-01T20:23:30.135901+00:00,2025-11-01T20:23:35+00:00,297
ee7fe3390628d163b0f0397694459d7658ac8722ce1b583bf204a6d4d776cc16,2025-11-01T20:23:30.268819+00:00,2025-11-01T20:23:35+00:00,297
f8e1f237caa459bc63c7a7f93ade9134d86a0d787389a0e85fc5e04b32b51848,2025-11-01T20:23:30.404629+00:00,2025-11-01T20:23:35+00:00,297
6d13dd77fccba3dcb035570fd77579255a6187adc11206c65d5e4bf0d1d9079e,2025-11-01T20:23:30.541191+00:00,2025-11-01T20:23:35+00:00,297
5918861a2ed346f7f48f9482d6259d78c8c71175d3fca95e857f6540d6c76d08,2025-11-01T20:23:30.683034+00:00,2025-11-01T20:23:40+00:00,298
e37cea0b90c1b9ee7a9a4fc0d80f196e9b9cb1ab8746de366376256ee82cebcb,2025-11-01T20:23:30.825884+00:00,2025-11-01T20:23:40+00:00,298
5b3a97ad2a1e856c1f0c6f1b6f7a7b11ddb71492001d3fbed71d66710b327fa8,2025-11-01T20:23:30.960403+00:00,2025-11-01T20:23:40+00:00,298
c3d98c9ae0fec70bba2cfead87d9099a748b0e163a5ce03bb575d71a3aa3e5cc,2025-11-01T20:23:31.095604+00:00,2025-11-01T20:23:40+00:00,298
b9ccbdba4175d07c5522b2247ccc8ceda9af1330cc4cd986fa03153ebfb95b19,2025-11-01T20:23:31.237404+00:00,2025-11-01T20:23:40+00:00,298
0a276dc278159202089b760e38a4c49a252987ac8f6e0aa2e3765a34d2b7647a,2025-11-01T20:23:31.374072+00:00,2025-11-01T20:23:40+00:00,298
f9c10884af942547ee83cc3d2b0b326fc1b1b0fe605d16c652b66689ccc88446,2025-11-01T20:23:31.522832+00:00,2025-11-01T20:23:40+00:00,298
c73fe8b31c0935de43aeeec11ef520fb2abc139d949e07b53ce95b7b20ee52c0,2025-11-01T20:23:31.656906+00:00,2025-11-01T20:23:40+00:00,298
659a533ed3eaf615aa849a4885aecd541ba118e9babf2420e2fe855e8dd4d5d0,2025-11-01T20:23:31.793306+00:00,2025-11-01T20:23:40+00:00,298
e6d8973ef29c2f94152188040e47b04ec352cea5d29056a240c3b2277d9cc034,2025-11-01T20:23:31.930049+00:00,2025-11-01T20:23:40+00:00,298
b4db85a4db9ff1dbe3b0057b8fc37804be0353805c22d55a4905fc363b84e98f,2025-11-01T20:23:32.069883+00:00,2025-11-01T20:23:40+00:00,298
2615182b841700498f93409e8053fcccb2f3b325077fc45d1fafe13c113034ea,2025-11-01T20:23:32.209365+00:00,2025-11-01T20:23:40+00:00,298
c1252942cf6d1b96bfff45c9a3f5f2bd5cf2bc80cece918a35ecdae74c50f65b,2025-11-01T20:23:32.344199+00:00,2025-11-01T20:23:40+00:00,298
24948366b1227aac15d1509660f587be157dd64ada7ae5c7da5ace4c3b6ee696,2025-11-01T20:23:32.485984+00:00,2025-11-01T20:23:40+00:00,298
edbb6ebca4679c28e538ba4724e929f88eb8ba8d67c04c3fa2142040f32142a8,2025-11-01T20:23:32.628923+00:00,2025-11-01T20:23:40+00:00,298
273c5a1e7a7790a3e60b00a2c04b6c80364a2745f89280eb44cf4b55e1256fd6,2025-11-01T20:23:32.773445+00:00,2025-11-01T20:23:40+00:00,298
a49988465d3e424df21465869fb2914bf0f98e0b7edc72a8dfebb35831ba02e2,2025-11-01T20:23:32.918060+00:00,2025-11-01T20:23:40+00:00,298
f8b9e2eef170b9c9aab0ec05eb0b361f422b0de1c4f1162d6d170f8e117e5f7e,2025-11-01T20:23:33.059126+00:00,2025-11-01T20:23:40+00:00,298
1c66572adaa4ad769a8a95669775d5bd08b8cb735684d27bfbb1f89a9a28d23c,2025-11-01T20:23:33.203265+00:00,2025-11-01T20:23:40+00:00,298
b9ff750f876bb83afdfd577a6cb23b639fecd975693e569d4ba05344b8cbd67e,2025-11-01T20:23:33.344093+00:00,2025-11-01T20:23:40+00:00,298
e958d0e0d29f7add90ed7270b234977016e17100688eaf6b4292d9198fa52eb2,2025-11-01T20:23:33.485382+00:00,2025-11-01T20:23:40+00:00,298
6d79b364e262057f5802d53954daafad6956f8f26b6cca3db60b292823252a96,2025-11-01T20:23:33.628606+00:00,2025-11-01T20:23:40+00:00,298
c1bc77881103dc3e28d2f1e859ffb3a2bfd6d2a8c18666941656bbb17eced43a,2025-11-01T20:23:33.770362+00:00,2025-11-01T20:23:40+00:00,298
3ba82f17937590b2e33576bed76f63c1b97538d122db77de0250c5a1b5fcbc05,2025-11-01T20:23:33.912023+00:00,2025-11-01T20:23:45+00:00,299
cfebb470e3f00c888ca810062b4818dfee4aab1bce118059aaf3d9a94d6e2e2d,2025-11-01T20:23:34.052532+00:00,2025-11-01T20:23:45+00:00,299
0b910b3fbbea090a021f55e38eaf9fc5b089cd84f2533a5ad73084d242d13de4,2025-11-01T20:23:34.195558+00:00,2025-11-01T20:23:45+00:00,299
4e4769f83a06b961615fbd92ddf3f29c0fee0cc092d5b24010970ad5b24f1731,2025-11-01T20:23:34.337667+00:00,2025-11-01T20:23:45+00:00,299
0d480fda3bc3b1e8f53317334b835b79d47142289e89581757c1ac247d2deb22,2025-11-01T20:23:34.478814+00:00,2025-11-01T20:23:45+00:00,299
8b88b37a1dfd1a8f0837507f1f951ff31e5c018579b259627253dd5e6a226502,2025-11-01T20:23:34.618492+00:00,2025-11-01T20:23:45+00:00,299
a944e969f9cb2df97afa75070b143d2bef69e22c5e6bf369b41b751bee212ad3,2025-11-01T20:23:34.765102+00:00,2025-11-01T20:23:45+00:00,299
00cd25770d1819dbf4b94f3e04a7ab5b21ea6bb55c4140cab6373ed5f4489fbf,2025-11-01T20:23:34.906130+00:00,2025-11-01T20:23:45+00:00,299
47c052cd60fc32f1c31c8c57e51e47df9c6bff7572a9d69cf006496614908cc5,2025-11-01T20:23:35.052118+00:00,2025-11-01T20:23:45+00:00,299
323a8f065d5cf3debb5887375693f8ae7a4737fa64380b9da92687187ac17b3d,2025-11-01T20:23:35.188219+00:00,2025-11-01T20:23:45+00:00,299
3d85f3981392852d3150d4f7abe6a8bac14f51c3d416245c2c7ecf671c2cf84f,2025-11-01T20:23:35.322939+00:00,2025-11-01T20:23:45+00:00,299
41e50f98918663dfbba57e516d4b7006c8719bc8a46e827ae4b4aba5a492b222,2025-11-01T20:23:35.460561+00:00,2025-11-01T20:23:45+00:00,299
fe3b9e8c94973d63d80cb76ed359c33646591fad4d472d5d0caab9dd3ab248a8,2025-11-01T20:23:35.600348+00:00,2025-11-01T20:23:45+00:00,299
4be0df118dc0edcf225d81b5f862804128fe07764a43535015c8573fc6d5e741,2025-11-01T20:23:35.741346+00:00,2025-11-01T20:23:45+00:00,299
359341e93986f3ffc5bda539de9e929ef3c9ed63330859212d4f67a8d3686336,2025-11-01T20:23:35.881733+00:00,2025-11-01T20:23:45+00:00,299
85d4dd2f34446fef98175bb45c9b1a1d02e2b61d169f9656bf20fdb1e73def66,2025-11-01T20:23:36.017929+00:00,2025-11-01T20:23:45+00:00,299
a0d2a8069e25b7f83e1579a86ed1016f35e2768a50dd1b16eb51195a3bf48056,2025-11-01T20:23:36.159647+00:00,2025-11-01T20:23:45+00:00,299
d66f4a116462fc393db81e9f06c7ad665360ae23ce09280644f24e438c0f5427,2025-11-01T20:23:36.309180+00:00,2025-11-01T20:23:45+00:00,299
33babc40f4c06c0acdccd3362c3c42dc4b879f945117ffd1e7d3c39ae3c5b744,2025-11-01T20:23:36.447578+00:00,2025-11-01T20:23:45+00:00,299
b7ba045de7facdad36834c4268fc4d457341b3839368bad9c29a262e97089836,2025-11-01T20:23:36.591749+00:00,2025-11-01T20:23:45+00:00,299
c7b07f5ed394fc087120fa5b6bafc15689941f18b2b5d3c0f764772687d5e0bc,2025-11-01T20:23:36.732125+00:00,2025-11-01T20:23:45+00:00,299
0f25eb674129d2c62086843a0a0e7e8a0d73417865b92a46f9e9ece798fcdb09,2025-11-01T20:23:36.870724+00:00,2025-11-01T20:23:45+00:00,299
fc20eccbf4f4efa33ff449ff02671bc85952f3b24fbb57c8a5395f0ac70e5a46,2025-11-01T20:23:37.015603+00:00,2025-11-01T20:23:45+00:00,299
cfd272d30a9b10e396befb04c28dc400a917643b5d12d0f935d7ded25b787252,2025-11-01T20:23:37.153044+00:00,2025-11-01T20:23:45+00:00,299
6570d435cf18080279d6b3a2c8ec56fa1e0c9596d54b1d8edd7ddd69b38dd52b,2025-11-01T20:23:37.291918+00:00,2025-11-01T20:23:45+00:00,299
ea21fec68bff6dd34dd23d718861743830a1d2514b50c09715d7268281eeab61,2025-11-01T20:23:37.428372+00:00,2025-11-01T20:23:45+00:00,299
65904e9da56a0f1ff4665a44a5903c72b6e8eb0aa4515cc75215c387ccec0174,2025-11-01T20:23:37.564785+00:00,2025-11-01T20:23:45+00:00,299
91b51ebc294156cb440376092c78843bf3ef93f48331fe53585a7cd2ec385511,2025-11-01T20:23:37.712090+00:00,2025-11-01T20:23:45+00:00,299
a4bbca99df82953b3b39e5b5628dd874df4dac8d5366faba6398c906f26f4c19,2025-11-01T20:23:37.855352+00:00,2025-11-01T20:23:45+00:00,299
0f2d075419338ed49e29d0e644d67e1d63495434c408a5db124078dcdac8a8b5,2025-11-01T20:23:37.991421+00:00,2025-11-01T20:23:45+00:00,299
efdaa97b6c82f4edb12d2c818c3f69c4bd0a2f1bf563ea575aa48ace3bd01a0f,2025-11-01T20:23:38.130217+00:00,2025-11-01T20:23:45+00:00,299
f783ba7fe07f4167bc731925bd2a1f4a18e8cc68a3f8f87e330cc5118e27e590,2025-11-01T20:23:38.281854+00:00,2025-11-01T20:23:45+00:00,299
1e08bc79c4bbfb0a71c29ea15194f204b8ecbc345c78498bf5e829328cd9208b,2025-11-01T20:23:38.422491+00:00,2025-11-01T20:23:45+00:00,299
001a46ed338d9e7fff42f4bcb61e4761e6851b979ca11d3fbbc6278ae8efaa28,2025-11-01T20:23:38.568915+00:00,2025-11-01T20:23:45+00:00,299
1b6309cea13e2511ca8b57e31e6e97b5579d07dfb58ab21214d5728e56dcfc8a,2025-11-01T20:23:38.705132+00:00,2025-11-01T20:23:45+00:00,299
33001ed105118b3c1babfdda645aadfaacd9d3646e3e706a8df731f2b75d36aa,2025-11-01T20:23:38.845407+00:00,2025-11-01T20:23:45+00:00,299
5bc447bb7daeb72357e558e26b7b74fdec9f93b02933a26234745966492bc0c3,2025-11-01T20:23:38.984581+00:00,2025-11-01T20:23:45+00:00,299
87b8eb0965ef3ce123d3b90aba4cfab33130e98d8d4a6a80a4166ae04ac003a2,2025-11-01T20:23:39.128632+00:00,2025-11-01T20:23:45+00:00,299
acd2368af56a2f88c04bf059a39c7f1e761418b95af57101130226aab39afb0b,2025-11-01T20:23:39.280362+00:00,2025-11-01T20:23:45+00:00,299
022ade609f3c6c0aab658a4793ad1381ac93f1edb48e0e4277dd7131b2155c29,2025-11-01T20:23:39.440408+00:00,2025-11-01T20:23:45+00:00,299
667f2ec9ebaf90391a0364f06948209e40f7e936f0ace1e0d08d1f4a6d9da54a,2025-11-01T20:23:39.578978+00:00,2025-11-01T20:23:45+00:00,299
12ac5224c65c28381307c8ae4d7df57eedb2756d7b12e26d0e26de72fd870af2,2025-11-01T20:23:39.717586+00:00,2025-11-01T20:23:45+00:00,299
e1cf864d2288679323d9358338e149dd291241cf4abb84d6464e28073996e9ef,2025-11-01T20:23:39.860495+00:00,2025-11-01T20:23:45+00:00,299
225a59e4e43fa30b4f8423fe037c0183e59f61879442ca343d59fb319efc6f8a,2025-11-01T20:23:40.002222+00:00,2025-11-01T20:23:45+00:00,299
20edaf1733869ac9d07ac43b4185800dfb8ee76d44ae5bc3a12e2b3c8c76b88b,2025-11-01T20:23:40.143729+00:00,2025-11-01T20:23:45+00:00,299
f403a0beb4dd71297483ae92e4a75c6bb0cf386df98c9c7ccb81eafbeaa7172b,2025-11-01T20:23:40.497945+00:00,2025-11-01T20:23:45+00:00,299
37dd9f38e7486dd41b03545743f0876a283375558007667beaa3ee8541895f5e,2025-11-01T20:23:40.641320+00:00,2025-11-01T20:23:45+00:00,299
3861f5abcfbd606b52da9fe2c868425092c47545c16255a52a3ac984f11f2e14,2025-11-01T20:23:40.777269+00:00,2025-11-01T20:23:45+00:00,299
c42ef2bc10129b594547f299bfa1368b63e61c5c29fa64be9e1bf821b62018ab,2025-11-01T20:23:40.913075+00:00,2025-11-01T20:23:45+00:00,299
aa670412a55c43b81d83ea31eccf5213cfb768b65b5be6218931842da0fdeda0,2025-11-01T20:23:41.048822+00:00,2025-11-01T20:23:45+00:00,299
723e8a73c5f9af972e90c4e166dbaa0fc260a20d7f06a221a763a2f35b7eebd8,2025-11-01T20:23:41.203473+00:00,2025-11-01T20:23:45+00:00,299
b9710bfeae3ab44c8f106bc4d4987dda7c8b205ea0770eb3e992454678e504be,2025-11-01T20:23:41.346906+00:00,2025-11-01T20:23:45+00:00,299
9e2405543fae4557fa60908ff7b98f374fa728ce6adefc63b19fb90ac40023f7,2025-11-01T20:23:41.493379+00:00,2025-11-01T20:23:45+00:00,299
87b658cbe906e09d6c09f0dee3cdee5a9678d3e754cff8fddf0c34e504b6c13d,2025-11-01T20:23:41.682723+00:00,2025-11-01T20:23:45+00:00,299
081dad36ce68701b1d839ebd5861888f4cbc29ee0a2cd3fe58eb956e16d069c0,2025-11-01T20:23:41.836941+00:00,2025-11-01T20:23:45+00:00,299
0002a590fb52420ceb97dcda1fc0564ba46ad44fb872eadcea6e8bfb1f0ab3d3,2025-11-01T20:23:41.987185+00:00,2025-11-01T20:23:45+00:00,299
1dc680b21224047881c82fc4702cc05462daf0ff38cf2e6d9efad1ca93203abf,2025-11-01T20:23:42.129592+00:00,2025-11-01T20:23:45+00:00,299
ee877844bbb00038769f0f90653dba7ea9ec3ef85be23df8163b12c72835f2de,2025-11-01T20:23:42.314516+00:00,2025-11-01T20:23:45+00:00,299
925561cd47637eaa6d6d936f67614fdfb75159d281bd09406cc95e26e1ef88ad,2025-11-01T20:23:42.481907+00:00,2025-11-01T20:23:45+00:00,299
a9a45fbbffaba3bb3552622a65228d74936c04f0684fbabfa28867f13e14fb0c,2025-11-01T20:23:42.629481+00:00,2025-11-01T20:23:45+00:00,299
5eefa6d4903b0c43f510d76247dedb67969dc869bba309fd476b5a81154d7124,2025-11-01T20:23:42.797459+00:00,2025-11-01T20:23:45+00:00,299
fa3721400c94887bb5ad007e377512d51b5d3b1e87c41eb24443d315cd013037,2025-11-01T20:23:42.949574+00:00,2025-11-01T20:23:45+00:00,299
31baf00499600756a326e2b53c42d63bed7eb89ea4251b9a2a5551aba982905c,2025-11-01T20:23:43.094607+00:00,2025-11-01T20:23:50+00:00,300
e0f191139c6167cc28cda00a0df1aa50b95202534430479dd725719d42b00f77,2025-11-01T20:23:43.248710+00:00,2025-11-01T20:23:50+00:00,300
a7c2ecf2dbcb2f259c570e45a5d8da5257281cc153cd8d1114a6f8c703bb27ec,2025-11-01T20:23:43.396353+00:00,2025-11-01T20:23:50+00:00,300
8bae9662c14d1ba923919f3310df5e23b9b59c87b1c7702e4d6e50a5c4f5cfec,2025-11-01T20:23:43.554295+00:00,2025-11-01T20:23:50+00:00,300
9549ce9bcd3fefa8565089405b2f36b5863eb5bd696f7bc5958cbc40b4a00a61,2025-11-01T20:23:43.708148+00:00,2025-11-01T20:23:50+00:00,300
fb690d855595b4dad2fcd23224f7d65de3d4e90a7a334403d9e65341ff2eb58f,2025-11-01T20:23:43.852283+00:00,2025-11-01T20:23:50+00:00,300
3aaab2aaaac76c75c1fa0f781e90b944dbf96876423418c7e124da267437a0e7,2025-11-01T20:23:43.997575+00:00,2025-11-01T20:23:50+00:00,300
460eb9ad4c8fb01d35dae0cf3f9834239d1ceb2c63d7615a1c39ec7d249fb58e,2025-11-01T20:23:44.156570+00:00,2025-11-01T20:23:50+00:00,300
d2151b3406584353a13c9d2767ae5edf81f721b39336055344b8f1f308ad23d9,2025-11-01T20:23:44.306376+00:00,2025-11-01T20:23:50+00:00,300
e641df756a15cc494dcf67d801118bdb96d4cf8b106c809c9af94015598996a8,2025-11-01T20:23:44.450246+00:00,2025-11-01T20:23:50+00:00,300
d4b6ef04d211385e483a7da946b4742029405e56026039deedd327d070788270,2025-11-01T20:23:44.618565+00:00,2025-11-01T20:23:50+00:00,300
41795adab095664a65d4603c95ca1e50f6c971c82dc81e37359ff06875cbaecd,2025-11-01T20:23:44.764395+00:00,2025-11-01T20:23:50+00:00,300
14fb1964da068c870b10714b2194a2fe1502bfe152526cea634a62ca70b9f193,2025-11-01T20:23:44.917112+00:00,2025-11-01T20:23:50+00:00,300
df3d2a7290ab0404db5fd5eccbca5330eb90ffda9c3e7cd2fd53108ad372b43c,2025-11-01T20:23:45.064865+00:00,2025-11-01T20:23:50+00:00,300
43fe0d6c2d33e1249829c18a333e6b9e50ac66551973bea46b9a93b56fd23c21,2025-11-01T20:23:45.210656+00:00,2025-11-01T20:23:50+00:00,300
53132f2b64895ab6b85146509970702a412aba03678d38c8c4583a9188a717d8,2025-11-01T20:23:45.366899+00:00,2025-11-01T20:23:50+00:00,300
e18626f7f6e41108a28a8dfa34c495b8f0244aa164dc33893e6ab69aa4625f35,2025-11-01T20:23:45.750873+00:00,2025-11-01T20:23:50+00:00,300
6949210b2eec6ea39172e5d668a791881c33db8390bc49777c650b20e10a4d47,2025-11-01T20:23:45.896364+00:00,2025-11-01T20:23:50+00:00,300
63bae3e2d334ba32184d42533ba1921e283e7475b909a60e5bfd97fb875ae446,2025-11-01T20:23:46.046338+00:00,2025-11-01T20:23:50+00:00,300
88d1e3187bc6a9b4794f8c3dedeac63b5c2637e722a96cca67a99fc6710b7bad,2025-11-01T20:23:46.190081+00:00,2025-11-01T20:23:50+00:00,300
47e1a4663e7b111d53faef673ef4d4347cefe30e2a45e24f64c1da3bb05d605a,2025-11-01T20:23:46.334291+00:00,2025-11-01T20:23:50+00:00,300
46f7688a6c8312241d1c9ee124c7c20b991f21fb2ef88a096e63f7b8517d1cc9,2025-11-01T20:23:46.483759+00:00,2025-11-01T20:23:50+00:00,300
ad865cb9a934ba66e96a5dbced6253f604b9f1375bfe613f68f17c60cbc94bcb,2025-11-01T20:23:46.644670+00:00,2025-11-01T20:23:50+00:00,300
c06a49ae8546e5617c3efc45504164dd38ca4aec6d25eb4bd61d02bcf58375b0,2025-11-01T20:23:46.791975+00:00,2025-11-01T20:23:50+00:00,300
7920df93864510683829e6f9cefd1a30c7de1fbbebe8068c2d3578e4a75137df,2025-11-01T20:23:46.939054+00:00,2025-11-01T20:23:50+00:00,300
9144bbebfcd53e71e92f145f1b32eba69a879670d462d59f4e55969d73de71b6,2025-11-01T20:23:47.090275+00:00,2025-11-01T20:23:50+00:00,300
803a04a647ccbcc29cd731784a9236fde9f62581b0122208c384d9bb33da02b6,2025-11-01T20:23:47.239670+00:00,2025-11-01T20:23:50+00:00,300
8dd922c275f0945f249910aaeb7a5e8e9d8a4f1ff8b8823372838513d8d74ff8,2025-11-01T20:23:47.423576+00:00,2025-11-01T20:23:50+00:00,300
3c57e7d306c7147358c1f86bcdcf6c8bd83f44195b8586f98b504987359828dd,2025-11-01T20:23:47.570435+00:00,2025-11-01T20:23:55+00:00,301
78cb752def89956f21243286767ed7c7482c2c7ee16fd1eda7012260cfa12f0c,2025-11-01T20:23:47.716445+00:00,2025-11-01T20:23:55+00:00,301
01d535910c4d517cd37701e8b37cfa02fa8458a61702bd1eafa980df8b86e608,2025-11-01T20:23:47.876124+00:00,2025-11-01T20:23:55+00:00,301
215ad7eb34cf4b302396beca45c87602b284a7a263c6d56261689bf9bc430a26,2025-11-01T20:23:48.022632+00:00,2025-11-01T20:23:55+00:00,301
ed0ee9c77ad838cea83de68fff8b03b0f36f3646bb78492034c2b7d0d51f1d25,2025-11-01T20:23:48.174623+00:00,2025-11-01T20:23:55+00:00,301
29b3814678d22818f1b8b8d4434c86916a18e05f3bf54d7ffd02f0d23bdecaf5,2025-11-01T20:23:48.332866+00:00,2025-11-01T20:23:55+00:00,301
c06eb6d753404deaa70c3acdba3cfbdf1e1ded52137649a3d166d7e5ba2bc26f,2025-11-01T20:23:48.484198+00:00,2025-11-01T20:23:55+00:00,301
738c023a2a733790e4b6cda3d248a57755855070ee7977137ca390f75ff6afaf,2025-11-01T20:23:48.640288+00:00,2025-11-01T20:23:55+00:00,301
a4a3373fbd26b1f6b57dbcf890359b539fd77d1791f3b4133bcebee727aa9b5b,2025-11-01T20:23:48.805340+00:00,2025-11-01T20:23:55+00:00,301
c5c196b220597a4a7e4b332034d8d413627715d53557108703a7c522e7cc4aeb,2025-11-01T20:23:48.962279+00:00,2025-11-01T20:23:55+00:00,301
9d50d7ad6d31af0bc78de387c89cc06c184fa0acafdbfca0296c0b67513de048,2025-11-01T20:23:49.169284+00:00,2025-11-01T20:23:55+00:00,301
c8d8c8d616c465bb265c34ba9bd7f033103729445bf9894f1141af42f7a44291,2025-11-01T20:23:49.609406+00:00,2025-11-01T20:23:55+00:00,301
17a1beebaf6c307ca9c371b36808f4dbbb14ac6b2bbf48ebec0f01b1ecfb023d,2025-11-01T20:23:49.757491+00:00,2025-11-01T20:23:55+00:00,301
ed8ee95251b93f9c40724a52099f376377816e53759756dadb646ff0b5357f18,2025-11-01T20:23:49.912290+00:00,2025-11-01T20:23:55+00:00,301
7eb7a2c9d329ec17e16a31b679f5f475883962db2677d72c331f318159d166a4,2025-11-01T20:23:50.082680+00:00,2025-11-01T20:23:55+00:00,301
ae91a5bfa17b4f9caaccede6f02148d252a7194268a34e1dba4abc1dc4b06eb1,2025-11-01T20:23:50.241801+00:00,2025-11-01T20:23:55+00:00,301
f7f1707020bb48ba7f1c1bf8962d7c9c37a2a202f95e23a024473b6b8c73f59f,2025-11-01T20:23:50.401653+00:00,2025-11-01T20:23:55+00:00,301
7fab891650aa68b2f285efe07caa96d75d703d50989edc1afe7b2c6dbf162b02,2025-11-01T20:23:50.638906+00:00,2025-11-01T20:23:55+00:00,301
aee963b2f77913c6821831dc7b70bcc5a86058b34951be34493f878d2d17b796,2025-11-01T20:23:50.802618+00:00,2025-11-01T20:23:55+00:00,301
269f805e00fd104b03a7b046362240b3570ac1fe23af0c985cf2b7da3e06b80b,2025-11-01T20:23:50.952591+00:00,2025-11-01T20:23:55+00:00,301
3023b7c004986885e837a4480cff217fa2595c7d8242974cf948394a9fc139a3,2025-11-01T20:23:51.105109+00:00,2025-11-01T20:23:55+00:00,301
bb09e372a547cb8d16e2cd99d643e09b8092c720bf508fe201ce88b965b02c08,2025-11-01T20:23:51.256705+00:00,2025-11-01T20:23:55+00:00,301
e3931ba27a2f643cbce29e0e49ae5c117c52c01c6d5ca81fd9ab7fbd0730a348,2025-11-01T20:23:51.413128+00:00,2025-11-01T20:23:55+00:00,301
23d33c280d938daf9296a98d270aa9a97a506a4dc5b8de032e213f7118c542d2,2025-11-01T20:23:51.563541+00:00,2025-11-01T20:23:55+00:00,301
7fa3542f1872d7774091bb2178d8485537e1f3d348e67ca4c9b6fb6c280d58a6,2025-11-01T20:23:51.716543+00:00,2025-11-01T20:23:55+00:00,301
8304dd435ef4fe8c8d2056adfcf9084b2143d625674ab2c7f99eac05280163ac,2025-11-01T20:23:51.865841+00:00,2025-11-01T20:23:55+00:00,301
764f4aacc34381690e0d7e1d0e364911a5adc75ef01f6405c894feb96fc8f166,2025-11-01T20:23:52.016626+00:00,2025-11-01T20:23:55+00:00,301
ac77abee2201c1b1668de96fb9807dede8df96f491b2751888fa4c5b1261efca,2025-11-01T20:23:52.234776+00:00,2025-11-01T20:23:55+00:00,301
419f0bff29c278fd5aba36eee1c07f8fcf0487f07b5eaba14130682b51d94589,2025-11-01T20:23:52.390727+00:00,2025-11-01T20:23:55+00:00,301
5ea5d4459394d3409721e9719a81ab4afebff09fbb1b1f18ce588f02c4424a83,2025-11-01T20:23:52.546944+00:00,2025-11-01T20:23:55+00:00,301
0734873e1695ff14f31354fcd4f5bc30daee1c5981f6bc45ff7eab9244c9acc3,2025-11-01T20:23:52.690122+00:00,2025-11-01T20:23:55+00:00,301
177fbff6a11c5a734ea49d41e6eeb7a9b6974ef1d3c49f725fb3bd4436d6b865,2025-11-01T20:23:52.854679+00:00,2025-11-01T20:23:55+00:00,301
0696d9ac52ba6e2a093bc1812ba6adbeffe58e6e62d90103adc27dd18b04d7e1,2025-11-01T20:23:53.081578+00:00,2025-11-01T20:24:00+00:00,302
b1d345932bb97691692479852ff0508102b908a8ae4596ef8abf9db253687010,2025-11-01T20:23:53.233600+00:00,2025-11-01T20:24:00+00:00,302
e3539fd2fc5f081804ba5484e40197fa241f9e36205c1aaeaa632bc422369fae,2025-11-01T20:23:53.385112+00:00,2025-11-01T20:24:00+00:00,302
cd3caecc5108bb060db27b4a8369315a5c7284b51ab0a4401f47f131ee3b6468,2025-11-01T20:23:53.553596+00:00,2025-11-01T20:24:00+00:00,302
5ea6d66e516efe4e0f87f53aace2f7ecd7e7062ab901ee6c48cd8f8d05567775,2025-11-01T20:23:53.698975+00:00,2025-11-01T20:24:00+00:00,302
a642821b9686d0957f8620681d4ef72d5e447af35949aa8abf027ccd75fa4362,2025-11-01T20:23:53.846260+00:00,2025-11-01T20:24:00+00:00,302
3e100a724f472845a6ed83104ec9d05dd59b49702f7609e0906c7bb3c6123c14,2025-11-01T20:23:54.001269+00:00,2025-11-01T20:24:00+00:00,302
bcb587d59fb2edb0724c4e7da984ba1b7a3180d709a98a03b697f81615d37d1c,2025-11-01T20:23:54.155712+00:00,2025-11-01T20:24:00+00:00,302
4fa3d52b74f25d6a34358d1501a9558f7f1f01132989544266c636ee257ec4d4,2025-11-01T20:23:54.306528+00:00,2025-11-01T20:24:00+00:00,302
267b3c128d31003f3585e8a1e11873c08da4e5b262b2c1720e210c3ae751709d,2025-11-01T20:23:54.452679+00:00,2025-11-01T20:24:00+00:00,302
a9ea22a1fd28e669d5aaf820bdcdf62e7e47c7a31a27ef81c50b1c1dc26a083e,2025-11-01T20:23:54.602263+00:00,2025-11-01T20:24:00+00:00,302
f71a590fe9e0248f89835d273c26c1f1f4445622fb9151565c790eb86e23ddca,2025-11-01T20:23:54.757653+00:00,2025-11-01T20:24:00+00:00,302
68eff0c7faad75b00392f0d90f3687058abd12d88cd6f06d0c80edc8fdcce5f7,2025-11-01T20:23:54.929707+00:00,2025-11-01T20:24:00+00:00,302
6e02f6273c477093dfb4f3c75d1dafd1bd80a2a60a5d17358740ce4bca4e959f,2025-11-01T20:23:55.078712+00:00,2025-11-01T20:24:00+00:00,302
6f5f782eb61157b7e607c938e1f6e16a7360cbe3a294b57a5d6e1a54e9a1237c,2025-11-01T20:23:55.237702+00:00,2025-11-01T20:24:00+00:00,302
c616edb38395a3cce2a1076981637e3418bb33b37eea787525001e886df5e4b0,2025-11-01T20:23:55.383430+00:00,2025-11-01T20:24:00+00:00,302
0b6529117fff0c21ec8e8953978e9af80a2035d1299c49627d62f1e7e0224e64,2025-11-01T20:23:55.526285+00:00,2025-11-01T20:24:00+00:00,302
abf526412d67efc93fdbe1115286a3ec0c91a682a018eeb4546437497bfe4c6e,2025-11-01T20:23:55.813659+00:00,2025-11-01T20:24:00+00:00,302
1efa1138ca544ad27a4bd9cab733ccb0b36f750dac782f4d0335f9cbbc952fad,2025-11-01T20:23:55.957359+00:00,2025-11-01T20:24:00+00:00,302
c3e8793088aafbc35e4252d7f799607adf33e1538254f70c05be110a39a7c01b,2025-11-01T20:23:56.106134+00:00,2025-11-01T20:24:00+00:00,302
f6200ec141229be2ff8bb0b8dc5b3e414bdda6e98cd18a33e54047d7c08f91b8,2025-11-01T20:23:56.273390+00:00,2025-11-01T20:24:00+00:00,302
937caf1139b5cc400c896c3e8f3794a0d8bf511781b481fd1edb61db555c6097,2025-11-01T20:23:56.448251+00:00,2025-11-01T20:24:00+00:00,302
bb711f1939056183d8bc12eb32d4b9a1dbbbb9c88272459b9e517d31a973c134,2025-11-01T20:23:56.614997+00:00,2025-11-01T20:24:00+00:00,302
b8bb957b7dab84413c888a3001931358b3bfa783031d6628aa9c620a8913a35e,2025-11-01T20:23:56.773377+00:00,2025-11-01T20:24:00+00:00,302
0f6f8de64392353c9a1cdb560818224f7400ff661b7d7a675445d4775b4a7b21,2025-11-01T20:23:56.920643+00:00,2025-11-01T20:24:00+00:00,302
1c892ec6cdc9d6d4ca37dd99989dbe2fdadb734268148273ac9cb0ced36e9ba8,2025-11-01T20:23:57.063784+00:00,2025-11-01T20:24:00+00:00,302
1f6fd3e2e4b88615d93ee46b6a1d89b847ea0b4e8d6d2de321ab7f50aff8840a,2025-11-01T20:23:57.230255+00:00,2025-11-01T20:24:00+00:00,302
5f44d63c7ade82586cf56a900041398fb20f836ebe6ad41354dcc16675022b06,2025-11-01T20:23:57.386409+00:00,2025-11-01T20:24:00+00:00,302
afb90a56c6c82065913e2aa1a1e16a4c3d51bf2bed05b73bb3dfcf47d254d199,2025-11-01T20:23:57.558184+00:00,2025-11-01T20:24:00+00:00,302
828d1a2a3c3b4b8f1ab7cb7b57bffa897c2c6178a706612e35d4c0239b8cbbf7,2025-11-01T20:23:57.707897+00:00,2025-11-01T20:24:00+00:00,302
841bc0b1cc75321e49f9095c60ec89c41c5caf67872e2c3e37505e5290356570,2025-11-01T20:23:57.870552+00:00,2025-11-01T20:24:00+00:00,302
ba46bdbeced5bef0077749b7c58d84a25971611bdd4535b8decbe70d2dd5a2db,2025-11-01T20:23:58.021326+00:00,2025-11-01T20:24:00+00:00,302
b74e97bb363a094b597ee7e1f15bfacf08ecf0ee1243cc5a9b2477a0c37f22f4,2025-11-01T20:23:58.191503+00:00,2025-11-01T20:24:00+00:00,302
16aefb0eeb3ae1bdea2590bb3e017fd47d8bd7e7f8b31858056bf7079fafe26f,2025-11-01T20:23:58.348325+00:00,2025-11-01T20:24:05+00:00,303
6b9ba81fa71e8c63ac801df8fe43984e274ef0146fa256b9102e6d47316af80d,2025-11-01T20:23:58.491488+00:00,2025-11-01T20:24:05+00:00,303
edabb69f7b3815a04df908adb60faec94dbdae4fcc4f57330800dc44819a490a,2025-11-01T20:23:58.642021+00:00,2025-11-01T20:24:05+00:00,303
0442902647a35e50dae3ef20b6637c44c5e54ce20626595424a684b25f05741d,2025-11-01T20:23:58.793726+00:00,2025-11-01T20:24:05+00:00,303
c829d33c9f5707b43eda15c5da87b312ba5257c568c5ff9ef3b153f3de1ceca8,2025-11-01T20:23:58.941264+00:00,2025-11-01T20:24:05+00:00,303
65c6fdc9a1d8d7cc27c955e61602b942b52f6f3e1025f400f1ddf1176a004676,2025-11-01T20:23:59.097676+00:00,2025-11-01T20:24:05+00:00,303
6f63c788f64f9d9c118019df1b1718c9ef11e6ca4352d028f49279c2a7bcadd9,2025-11-01T20:23:59.273677+00:00,2025-11-01T20:24:05+00:00,303
8482252d7aa411cb73379b3c39dd218c537208130f72d535569a2d87df469008,2025-11-01T20:23:59.425373+00:00,2025-11-01T20:24:05+00:00,303
6f3be1bf3d75a15878e8a8dade143ad456ee194dff3a5ee07adc68538f675eab,2025-11-01T20:23:59.619820+00:00,2025-11-01T20:24:05+00:00,303
5996c3d58328dad5310ce022846211ad3fe14a45bda3322bc486fa19b3641690,2025-11-01T20:23:59.771958+00:00,2025-11-01T20:24:05+00:00,303
672932eabe764632c050788850999df8239959399cef29219dc75c62b66b7cb4,2025-11-01T20:23:59.934356+00:00,2025-11-01T20:24:05+00:00,303
6c7c5c0e4960d0db86401078ba4c038b0568b3dc3163528a6d67d57098569bfb,2025-11-01T20:24:00.097676+00:00,2025-11-01T20:24:05+00:00,303
17023ef433d3e8ca4340b2d23a77e478cead20524ad9d6c95416d25181c7f09f,2025-11-01T20:24:00.263134+00:00,2025-11-01T20:24:05+00:00,303
761b0cd43665e3a0835e0ea53d26c8627329a3fecf0f83d53d4764d8d907f58c,2025-11-01T20:24:00.415369+00:00,2025-11-01T20:24:05+00:00,303
a5ba9c745760295441befad0561069a56addd8fbfcce3b9975137e987db4eb13,2025-11-01T20:24:00.567273+00:00,2025-11-01T20:24:05+00:00,303
7e4852a6f3d538d4ed15500d064f15f546807496cf7ab0b768b929b4c4c57572,2025-11-01T20:24:00.918700+00:00,2025-11-01T20:24:05+00:00,303
4c9c48a18b424bcc978b963c8690c7303df9e3166e73116d119c075ff9ddee50,2025-11-01T20:24:01.125353+00:00,2025-11-01T20:24:05+00:00,303
8495c4c278c3702334d9a765548583fd5032c4ea7df4b1162f5596473d8dbe99,2025-11-01T20:24:01.277741+00:00,2025-11-01T20:24:05+00:00,303
12467b8068990d109c2a6a18d9e4ef837b77840ba48034ffe4468a367e6a096e,2025-11-01T20:24:01.424687+00:00,2025-11-01T20:24:05+00:00,303
223478f30c44c9efd0d80c554d6ade14d194ab3744db8b35ee6bb46d94ee8bfd,2025-11-01T20:24:01.576695+00:00,2025-11-01T20:24:05+00:00,303
42dd2bfbd7279d7a2547afcd6c158350e71ba50cfde752cefff9d457a56551c9,2025-11-01T20:24:01.730548+00:00,2025-11-01T20:24:05+00:00,303
163224c51408f840e0b77f075f2168e8171cb3cb36d23800871113a832b5b1ab,2025-11-01T20:24:01.918830+00:00,2025-11-01T20:24:05+00:00,303
5f41b70e5f598a183e3e70eb6cf9fde96f2a7c0c7c5664e8e680d01dd1f99249,2025-11-01T20:24:02.094833+00:00,2025-11-01T20:24:05+00:00,303
9f5f858d00e357d53632c085849f0e65c8788b28085079d6d99770f7ab69522c,2025-11-01T20:24:02.276190+00:00,2025-11-01T20:24:05+00:00,303
51adbc46e4fad0fe2b3d280cc32005e324ec6ebb3395e3fc849af765f0a7b75e,2025-11-01T20:24:02.423244+00:00,2025-11-01T20:24:05+00:00,303
30f3dab456b6e449f7854672aee4d3ff257c2fec3f3e23bcff5a126d20d796d5,2025-11-01T20:24:02.599521+00:00,2025-11-01T20:24:05+00:00,303
5227d5ad9c0b33661a2d9a2eecce1cb382dd06ee729c5b8efdc549b6408a8865,2025-11-01T20:24:02.767925+00:00,2025-11-01T20:24:10+00:00,304
82719bb35665cab1dcd629c3257e70361c8bda9a49c0b438887e076997c66616,2025-11-01T20:24:02.925437+00:00,2025-11-01T20:24:10+00:00,304
e2e4f150605fe3a09442a46b1fa066f25b7eaac7f4520db38baf64ce54da0965,2025-11-01T20:24:03.073716+00:00,2025-11-01T20:24:10+00:00,304
5984a9daa2225629a548fd307fe586da6056718db0e00d3b1a9ac1cebe98abfc,2025-11-01T20:24:03.240102+00:00,2025-11-01T20:24:10+00:00,304
2c48866afdf3f89aeacb8eea67a674839a403e9ce5aaec4770fcdded6da00927,2025-11-01T20:24:03.415457+00:00,2025-11-01T20:24:10+00:00,304
3f94ffcce29982c00a2e6b31fb0e8d55f127aa41bac3aa637ceedb21b87d156a,2025-11-01T20:24:03.574324+00:00,2025-11-01T20:24:10+00:00,304
cb0e611968a37f9a8a2f3e254af28df8ddda94bb13bad21389b12af494deee96,2025-11-01T20:24:03.728491+00:00,2025-11-01T20:24:10+00:00,304
4b448c57ee298019fe06dd7ad91ecfed4fc31c571feed496c3580afe41e2526e,2025-11-01T20:24:03.880655+00:00,2025-11-01T20:24:10+00:00,304
6756846250096ac2cfe6f5c8470ac009c9238a152e05c4b901cd2a2336eb6a1e,2025-11-01T20:24:04.029350+00:00,2025-11-01T20:24:10+00:00,304
b758dad736af5211330096a561f89cd650f6e96aa3dd0ab6f52afba3e38758f0,2025-11-01T20:24:04.175708+00:00,2025-11-01T20:24:10+00:00,304
bcfde75e5c0b9a385576023f7195c5d278b5d348dbbb502647aba76c39f4d646,2025-11-01T20:24:04.335787+00:00,2025-11-01T20:24:10+00:00,304
8e0f0edd7731de2851f3e6138aacd06206314f633c5a42ce1c54206f2a58d766,2025-11-01T20:24:04.484650+00:00,2025-11-01T20:24:10+00:00,304
67326021a55369d878934f5a74baf8715610c7b6cd0a002a63cdc3c015cb1c29,2025-11-01T20:24:04.651628+00:00,2025-11-01T20:24:10+00:00,304
a2981f62ada2670575b217cba7e80da765cf04fe3691a65a7a2ed8023fc7cb74,2025-11-01T20:24:04.804762+00:00,2025-11-01T20:24:10+00:00,304
5708d4a2acf889f73a7990b3eb0314213ffcf37b45e1b60dad725ac07fe033ab,2025-11-01T20:24:04.959462+00:00,2025-11-01T20:24:10+00:00,304
9257e0382bbb4030d1092dd253d7e7144f978e59034fb480f2a839d56e6895e8,2025-11-01T20:24:05.108093+00:00,2025-11-01T20:24:10+00:00,304
9815584579f3209af6f66b6c9afd14d815f96e9d0973acbf551cecb2411b7466,2025-11-01T20:24:05.251644+00:00,2025-11-01T20:24:10+00:00,304
c4044b28018d090d4e9f2063c6b40f1e4cb059794a615e05bf84b443c5ab393b,2025-11-01T20:24:05.397011+00:00,2025-11-01T20:24:10+00:00,304
66d4edf4652877142e1c2c1adae133281914ac8392d1c9f7ffc9997a86bc68dd,2025-11-01T20:24:05.545845+00:00,2025-11-01T20:24:10+00:00,304
1dfa947e1b53881522b35f5e83f9ec3e2124853e16977fd4b31d03c973e2d640,2025-11-01T20:24:05.713539+00:00,2025-11-01T20:24:10+00:00,304
5a441e2589ab7907a1d320672a06a3748bff4415c980fb8c311664e3fa3741c2,2025-11-01T20:24:06.057275+00:00,2025-11-01T20:24:10+00:00,304
41ae54fe7fd15f742ce878f3f8cd210174d4eb1a6b0de8b23cbe584d751517c6,2025-11-01T20:24:06.209902+00:00,2025-11-01T20:24:10+00:00,304
9f79eea9fe129681240f4211f1b34bc4a808ab3b267ff5582dae00ed25ea942c,2025-11-01T20:24:06.362119+00:00,2025-11-01T20:24:10+00:00,304
dac48627176ab2ce59ae45a46dfdda8f0dde288f7107e8f9b731ac442e315e53,2025-11-01T20:24:06.528411+00:00,2025-11-01T20:24:10+00:00,304
b3833fbe0fd71829b146dc30fa8718c36ddb2bcdd2fd03704b9e7bba219a8822,2025-11-01T20:24:06.675434+00:00,2025-11-01T20:24:10+00:00,304
dbdf6da2aaea1d62bec10e4194c7203cbcba83d6784b6d4ed4a872c421533df5,2025-11-01T20:24:06.828507+00:00,2025-11-01T20:24:10+00:00,304
2ec46c1ac81be731e30dfa088f4626bd6e36f9542abd49358aa3bb74606295f5,2025-11-01T20:24:07.023556+00:00,2025-11-01T20:24:10+00:00,304
1ef17eab010c3217773464b63a4737fc6dab422ae9df84f4473c01a762b8b181,2025-11-01T20:24:07.176711+00:00,2025-11-01T20:24:10+00:00,304
bc72a39a0cb310468f3f2f16f09a053fdb923487108c1b0a8bc34eb8ec93b696,2025-11-01T20:24:07.321893+00:00,2025-11-01T20:24:10+00:00,304
c3773c1f95f85922020389abda6f2c2dce83fe73831c96858f9fcd2c745d4410,2025-11-01T20:24:07.480932+00:00,2025-11-01T20:24:10+00:00,304
e0852177fcb2a5b6f6da80135d86162b8f6a0b3d3e2a81584c9ef5fc0e27928e,2025-11-01T20:24:07.636307+00:00,2025-11-01T20:24:10+00:00,304
807f485786f8fa4147b9c8214446d1e21d9f103cd8cd4c4703a406f87bafb8ca,2025-11-01T20:24:07.785535+00:00,2025-11-01T20:24:15+00:00,305
d7ca5c1601ea5c170451ae522161f554d2bed5214aa172c52e2d0027dbf63c04,2025-11-01T20:24:07.946608+00:00,2025-11-01T20:24:15+00:00,305
6ebc1f618a228b982d276c51f8462293d3c8342134cecddd28f65cc0a2490b07,2025-11-01T20:24:08.095835+00:00,2025-11-01T20:24:15+00:00,305
9f60515acadbf539ae1c54f2b202f3db65608155d2e1089d023109b5c4857a56,2025-11-01T20:24:08.255400+00:00,2025-11-01T20:24:15+00:00,305
ca5e7496be88378dab5b7cdb4e9da9858cd9a2518abbeebc009ad0080bb52ac6,2025-11-01T20:24:08.412276+00:00,2025-11-01T20:24:15+00:00,305
f5590197d3bcad6f6ca80e78ef82aba1768c47884cd4bfafdcfbe73b8da821e4,2025-11-01T20:24:08.565284+00:00,2025-11-01T20:24:15+00:00,305
0364cc7b4120d373426bfe32a4f370d21631aa5e256fa4541a88ed5de699ea56,2025-11-01T20:24:08.717230+00:00,2025-11-01T20:24:15+00:00,305
893f3d4f9b744157cf4cb9ab65a05489a30755c43febce750ccd29a8063419b9,2025-11-01T20:24:08.870687+00:00,2025-11-01T20:24:15+00:00,305
73248db0f97356ce5fc77d36aac4d096cb6499222b357e93102d651396fe2bd5,2025-11-01T20:24:09.016842+00:00,2025-11-01T20:24:15+00:00,305
2ab83dccef768cc2d63ad14bd2d8a25b7c8c48883e9ee90eae25ce3a1f3f3f9e,2025-11-01T20:24:09.164550+00:00,2025-11-01T20:24:15+00:00,305
e484b9867cf6e466f7a1d460dea4c7d477a26bd9fd88f908ba9b4e1906b84d5e,2025-11-01T20:24:09.320735+00:00,2025-11-01T20:24:15+00:00,305
91e084b323637d719088b0395678cc0fa9d27ea5bf61e1990ab0212c575e2a3b,2025-11-01T20:24:09.527746+00:00,2025-11-01T20:24:15+00:00,305
8bbf3b857a679ec47541a9bbaf24538ed21a0b06765380d94ca3bd81da964a3b,2025-11-01T20:24:09.719240+00:00,2025-11-01T20:24:15+00:00,305
1bfb9f959a09b3e48a9e98cbd6ee3c1b61bc655ef544c50560e62ce0ee18b2db,2025-11-01T20:24:09.892749+00:00,2025-11-01T20:24:15+00:00,305
ca8d5383e735ebe4d9f599a6a9ce99b736eb6c9a5ab0c2ec82e3f655bbebfde7,2025-11-01T20:24:10.041628+00:00,2025-11-01T20:24:15+00:00,305
2337f4e25250bbd991497c04754f06e780ec2476720a7d659aed02d6fb36dd5b,2025-11-01T20:24:10.196084+00:00,2025-11-01T20:24:15+00:00,305
6d22b382f377733d28e7c7053dd61eb953272c874b00fb188baed95dd9c540a3,2025-11-01T20:24:10.358272+00:00,2025-11-01T20:24:15+00:00,305
55b1f8862791c2e3c17a0ce20e1ff13aca5410033b81a7d706bd382bc2b5c1ee,2025-11-01T20:24:10.505889+00:00,2025-11-01T20:24:15+00:00,305
4d16ad65f7bb46889d53d765196b4f295a355ab7b2540ffc296e5ba9a086eafb,2025-11-01T20:24:10.658212+00:00,2025-11-01T20:24:15+00:00,305
14315a49a9577e0c46df04020cca4e7754a9ede716f25658ffb1c1793a5c959c,2025-11-01T20:24:10.875630+00:00,2025-11-01T20:24:21+00:00,306
d1c18cfa7f5c47cfcfa747ebe1c394f150e982c4e1c98b973be0608be75ef823,2025-11-01T20:24:11.305696+00:00,2025-11-01T20:24:21+00:00,306
752852d1e41e486e2e0103823caf5dd0a22b976a4cb8214537ee2326d1e58089,2025-11-01T20:24:11.454382+00:00,2025-11-01T20:24:21+00:00,306
218cb240c0f5ae563a5c3f1f2801b9ebfff6229ad9b35722e51998a06df0e7ba,2025-11-01T20:24:11.610771+00:00,2025-11-01T20:24:21+00:00,306
79cc3c93e795bd10f34b018d8ab929abcd421eda59dc5864739fa48e9409c744,2025-11-01T20:24:11.766454+00:00,2025-11-01T20:24:21+00:00,306
77860aabc4b927c0a5d8a6ff0fe5b8378746b2adbbf8074198b244626d4d31aa,2025-11-01T20:24:11.917837+00:00,2025-11-01T20:24:21+00:00,306
91c01f10c7ad7693efdcc93921890890defc0cbddc8912d67eb5645f94ae337e,2025-11-01T20:24:12.131550+00:00,2025-11-01T20:24:21+00:00,306
e09b0cc2cab462c3d93a2ce84a888ee072b25a0c0d718d0ac50281ee17667cf5,2025-11-01T20:24:12.295481+00:00,2025-11-01T20:24:21+00:00,306
fd25062c6cbd1d86b8c18917d9cb99a8a5c32cce1f02c454622901cfdab6a3e9,2025-11-01T20:24:12.436108+00:00,2025-11-01T20:24:21+00:00,306
8c2ba307391a17c7c338a00faf5d22051b9c01eb8de51f5c78f9e123a48bf765,2025-11-01T20:24:12.583799+00:00,2025-11-01T20:24:21+00:00,306
70a418ab998b2b915158f0f67847b60ef7fa14d76fe2c01a2851f7570e6a8b07,2025-11-01T20:24:12.832884+00:00,2025-11-01T20:24:21+00:00,306
d1ade7c60f6404768baefc69efa93aae66806d0e676fd274d83a32166e57be14,2025-11-01T20:24:12.994845+00:00,2025-11-01T20:24:21+00:00,306
e94c33f85933c3eb877b8aff8093f01edc9a685606642c28941adc5cbcbe3ce3,2025-11-01T20:24:13.143728+00:00,2025-11-01T20:24:21+00:00,306
492d0248b79599ff9094cf5edbc4e1e6527e7ed5ccbcc7706b03d823b7fd3bdb,2025-11-01T20:24:13.290627+00:00,2025-11-01T20:24:21+00:00,306
24ed425dfe7a39b311ae43f461f5ab060b0dd28b33ae1031132e3be62f80f1cb,2025-11-01T20:24:13.428618+00:00,2025-11-01T20:24:21+00:00,306
4558f681e32fab0b6a29fa5dcf3d98eefb29b3bebf76d66d51999d7befe31a08,2025-11-01T20:24:13.578050+00:00,2025-11-01T20:24:21+00:00,306
3b673eb0c7c2ec017ce321c98b3e35ddbc3ce0d875cf18d7b558c25d1cda9cf5,2025-11-01T20:24:13.738615+00:00,2025-11-01T20:24:21+00:00,306
2d1c2d9bd073533d4f5e2e87bb67cfddea550d0442ac981f3ae5c4b731059642,2025-11-01T20:24:13.892754+00:00,2025-11-01T20:24:21+00:00,306
8fd589c857e8587816ae90869d09ad622a696de2f5e98d3e145d0b4e42aff7e8,2025-11-01T20:24:14.045506+00:00,2025-11-01T20:24:21+00:00,306
cd4a2884c0d86f787a2803435ac2159a2b97c725b12e00d44811560239ff6a59,2025-11-01T20:24:14.191318+00:00,2025-11-01T20:24:21+00:00,306
b4d3f2abd56d47ae98176d3a7ba0027fe563103eee5175e44205eb9d99a8da23,2025-11-01T20:24:14.333101+00:00,2025-11-01T20:24:21+00:00,306
b506c1f87982f203511905bb2a30787741746fc12212111c58203d3a529ee8dd,2025-11-01T20:24:14.475142+00:00,2025-11-01T20:24:21+00:00,306
590a41fca0c1f309a716a6137f3ebfabfb1e1bf8b67a23206acaf64309342efa,2025-11-01T20:24:14.620153+00:00,2025-11-01T20:24:21+00:00,306
f864eaed7c85f11ce74a175bed6bdfd607ea3ac4652fe9e0a4741634bf713ca6,2025-11-01T20:24:14.802104+00:00,2025-11-01T20:24:21+00:00,306
56134d4109ca6ea416ce846b10a08a8b2886b4a3e428b529f0b7cd65236829c1,2025-11-01T20:24:14.949358+00:00,2025-11-01T20:24:21+00:00,306
2c07e8eac4240f5234e859dbc510c7081c5ac99d76364274e9087d10dd24691d,2025-11-01T20:24:15.091761+00:00,2025-11-01T20:24:21+00:00,306
068effe126dc2fb8c5401693fb8ea60ac6d7639f7ab1b6e1aec01c56cf20a8e9,2025-11-01T20:24:15.231611+00:00,2025-11-01T20:24:21+00:00,306
f5a9b42c3998910bd7c59624462b1d154b07a06be9f7c078c59645bcc4fc38a4,2025-11-01T20:24:15.419814+00:00,2025-11-01T20:24:21+00:00,306
1ddb8751067719e84389d584fcc73a12fb6ef6d699906ab54bd85afa7314dae5,2025-11-01T20:24:15.560245+00:00,2025-11-01T20:24:21+00:00,306
31d1c9800fcb768a2d6e8c08ffab90798c90c56f67a7de94fd05fd341a057200,2025-11-01T20:24:15.703579+00:00,2025-11-01T20:24:21+00:00,306
70ccc23616444c7519167d10dbb8aa971fe3044c008983d3f8d3e46581c8cdfc,2025-11-01T20:24:15.846334+00:00,2025-11-01T20:24:21+00:00,306
283e6cfe284dc3223e955ec55079315ad85d3b63816fae54801e4136148e0c0c,2025-11-01T20:24:15.992808+00:00,2025-11-01T20:24:21+00:00,306
d293fcf4d48dc77d3a35f87c3a57805e41cfe8951841fc131bafbc0542281798,2025-11-01T20:24:16.233068+00:00,2025-11-01T20:24:21+00:00,306
04e0e83d2a3f53850ac42aad4940d27d2ab7e2fca8a073b17d8b72c33d134ed1,2025-11-01T20:24:16.379352+00:00,2025-11-01T20:24:21+00:00,306
0db387ed86da7e5ee476fa871dc6ea55c999b51cac87ffab75127ce8e86a0daa,2025-11-01T20:24:16.524551+00:00,2025-11-01T20:24:21+00:00,306
0deb469b6236716a857139f531c845ac5e35df364cc930a3ecc004ce81a5aa2d,2025-11-01T20:24:16.669584+00:00,2025-11-01T20:24:21+00:00,306
94d314f90ec9dd3f8c44cbd96f7680f486411e2775b970cdada9853f50680c30,2025-11-01T20:24:16.811994+00:00,2025-11-01T20:24:21+00:00,306
c9a58ecfc07d3baa2e16427e54aead4a308274395a21f8e8bd1a7cbee8a51832,2025-11-01T20:24:16.955424+00:00,2025-11-01T20:24:21+00:00,306
9399befc35e2ac69fd9e3470dd37bf54f107344e2bc01e303aff84307bdcd968,2025-11-01T20:24:17.094240+00:00,2025-11-01T20:24:21+00:00,306
aebb0a518bdaa57283e204a9237db1eaef73bae17f9827157afde56cb6ddfdbf,2025-11-01T20:24:17.238561+00:00,2025-11-01T20:24:21+00:00,306
ff16c02e37d25b6a8e541d7bcbe5d5f433054b95db13d9bd6346d03611007926,2025-11-01T20:24:17.378752+00:00,2025-11-01T20:24:21+00:00,306
9d00792a6cd60e114c3a26415c2ac486dc789626e0b6dcb7b1c4192ce4cda9e0,2025-11-01T20:24:17.521931+00:00,2025-11-01T20:24:21+00:00,306
e1a1ad5f932c6ca0d231d9bbe576bfd664eb2399410817da296b85e49a584759,2025-11-01T20:24:17.677730+00:00,2025-11-01T20:24:21+00:00,306
6965697855c584e1cdb50e841f74b330740ff2d2d3c1428aef55b1418b5f6ddf,2025-11-01T20:24:17.910566+00:00,2025-11-01T20:24:21+00:00,306
63066388d115b1b6d47eac9ccac3575d59b1dd335622945a0c350f90a6dee03d,2025-11-01T20:24:18.059238+00:00,2025-11-01T20:24:26+00:00,307
1a3f39e14d7a94015996df03df0037322cb4eb1f8c057e28bb1bb6d9d7c64f43,2025-11-01T20:24:18.201983+00:00,2025-11-01T20:24:26+00:00,307
0e210753fcf4794adb23d178e8fb33374cbecfdfef7c61a2418dd4cc0e22bc64,2025-11-01T20:24:18.348024+00:00,2025-11-01T20:24:26+00:00,307
74e4245c5726130cdb01f8d73f4ff3647fbf6acffa6a9c8d4f3c150f3538578c,2025-11-01T20:24:18.493765+00:00,2025-11-01T20:24:26+00:00,307
561e13fc5b199aa9254a1eaed0ce4aa0a2a56b8af04803c342c9c1ce436b33bd,2025-11-01T20:24:18.652034+00:00,2025-11-01T20:24:26+00:00,307
ed8088a50b2b167da399eb54fa8aa44e2458484defccedee99ea786e68466603,2025-11-01T20:24:18.794757+00:00,2025-11-01T20:24:26+00:00,307
354e22caaedd4ff4bfd8c31417f88c63637bed6b85113665c7f5e4aa75038aa2,2025-11-01T20:24:18.947108+00:00,2025-11-01T20:24:26+00:00,307
90d1f97a4792ba80c1c9f137eb37e694f0b180482d5684bf9d931227b853fe00,2025-11-01T20:24:19.092660+00:00,2025-11-01T20:24:26+00:00,307
0235ebd16ca1d476926fd2181edfc01af873d23cfc37708f8064c6f290b0a745,2025-11-01T20:24:19.254824+00:00,2025-11-01T20:24:26+00:00,307
91ae76ba0b8d2b90c4ab4348470152b358c1bba5efaaf39a96e26f21434991f4,2025-11-01T20:24:19.402800+00:00,2025-11-01T20:24:26+00:00,307
9a3cc61b43da644e0ac2fd8ed56dd15bc8480a9d1b48b682a9fcd374b6d0f9d0,2025-11-01T20:24:19.557742+00:00,2025-11-01T20:24:26+00:00,307
c10af73c6e41ae33eb4db97957a6a91e78242a69065b08ae2b7ecdecd8e9046d,2025-11-01T20:24:19.710398+00:00,2025-11-01T20:24:26+00:00,307
167bf2eb9faba4f1223645046b524ce4d90346ecee97b93cc8d7af7078ad3561,2025-11-01T20:24:19.854427+00:00,2025-11-01T20:24:26+00:00,307
41c1f7d5583f85c88457503dbc1dacffffc088b4c5073a710748e283200b00b3,2025-11-01T20:24:19.999508+00:00,2025-11-01T20:24:26+00:00,307
1cc65fc984e571bf7e6f5065e7192653d338ebcd98a9edce18b78b58605dda24,2025-11-01T20:24:20.166137+00:00,2025-11-01T20:24:26+00:00,307
e52cd7c2d656f086f4d24870162383fce9b61aae051f50a20f73310ac151ebe8,2025-11-01T20:24:20.309125+00:00,2025-11-01T20:24:26+00:00,307
2e59d606d5762572ae2d244e156acfd7d97d8c10990e3639ae6cbbc9350df388,2025-11-01T20:24:20.451070+00:00,2025-11-01T20:24:26+00:00,307
57b021df69da3d2a6ba0558e0376600938528b8d977ac3305e8b2e1500dce069,2025-11-01T20:24:20.592788+00:00,2025-11-01T20:24:26+00:00,307
e11a159e60abf90f19505d62e6bb63d6fd99cf6861c1217a18e21e4b7ef5c9b2,2025-11-01T20:24:20.738282+00:00,2025-11-01T20:24:26+00:00,307
89f9090373d890c7349293cbea6ef39e6bfde8b418baecc183cdc295ff887310,2025-11-01T20:24:20.878014+00:00,2025-11-01T20:24:31+00:00,308
7a8706708c47c28b67a80947733495bf8a965579f2cdbe595be9eaae8ca4fcc0,2025-11-01T20:24:21.017145+00:00,2025-11-01T20:24:31+00:00,308
4efb2ef46b9ce31c0849278a26f361bfe328057da8a5d922461cba73507195e5,2025-11-01T20:24:21.404168+00:00,2025-11-01T20:24:31+00:00,308
b40be66d795236c456e089aa8a76380f767ff05b65d42541a1439b7cc804772c,2025-11-01T20:24:21.545487+00:00,2025-11-01T20:24:31+00:00,308
69a48c654f95ff31d4566b5abe1131c4ad24bc7b6634da67ba5286e1e38f974d,2025-11-01T20:24:21.711061+00:00,2025-11-01T20:24:31+00:00,308
914ae99e41a20fe93b7c8cdab8f8988768936a518efce82e2a634df7f314ea4e,2025-11-01T20:24:21.851616+00:00,2025-11-01T20:24:31+00:00,308
f20b0d146af3bffbcbad731f6ef77c50458d67ff589098614a6a1bb0795c7d64,2025-11-01T20:24:21.990565+00:00,2025-11-01T20:24:31+00:00,308
7d7833c0eb4790f2aeba412990b448bec948d7b5c7ddebb2153e7c6297b14232,2025-11-01T20:24:22.132230+00:00,2025-11-01T20:24:31+00:00,308
82045cae220babd41f43f2bb46b07b477cd19aa79646459b54d93d4938fbeb68,2025-11-01T20:24:22.274387+00:00,2025-11-01T20:24:31+00:00,308
d5f5f18e192d2b0fa611dad4b888986de937b58f1d66f06b9b940d13fa063198,2025-11-01T20:24:22.441941+00:00,2025-11-01T20:24:31+00:00,308
4de57d2b29ab9e352da18c3574c426c27fa745524ba1b7fad1d95f7d22a2344d,2025-11-01T20:24:22.583799+00:00,2025-11-01T20:24:31+00:00,308
79209a7d04184242d7bcbdfce1ffaf19e291051308d11bf6235e24504765f351,2025-11-01T20:24:22.798765+00:00,2025-11-01T20:24:31+00:00,308
dbd90807503d7f5dcf9ffeb3ed0513dd60fe7ffcbd572275b147e4124d11f1cd,2025-11-01T20:24:23.031895+00:00,2025-11-01T20:24:31+00:00,308
888bdc751a337cf2fc14d4f4a2184697d5799546fe416e0c0e7488a374d9dbc2,2025-11-01T20:24:23.177633+00:00,2025-11-01T20:24:31+00:00,308
87a6544dd5b9852c1529f68ba269c779a25f02859df2a8f3a9c2cb0ce3480245,2025-11-01T20:24:23.320238+00:00,2025-11-01T20:24:31+00:00,308
2b7ed1fc594cc938e3f3b91289b60660292590dbe3b74bc1a63906998920d212,2025-11-01T20:24:23.468375+00:00,2025-11-01T20:24:31+00:00,308
b5cba1a8978172bf418f62d58f6499cc1dea86f06d3076936555c53b17e17f39,2025-11-01T20:24:23.611316+00:00,2025-11-01T20:24:31+00:00,308
6bbba34df17f51c6fda7108b3f67fcfa2cc398d7c77e519e733b8fc2eb6df1b7,2025-11-01T20:24:23.755317+00:00,2025-11-01T20:24:31+00:00,308
3e6be618f4af6b75c7f491d95b85d090375d0e1744d82ad776096cdc6acf36a1,2025-11-01T20:24:23.900805+00:00,2025-11-01T20:24:31+00:00,308
8ebf9a494b07644c062402af0958adb18a536fa62598b13f62d32f21f240a77b,2025-11-01T20:24:24.040980+00:00,2025-11-01T20:24:31+00:00,308
703c294578526a8e9f418c4fa3f5bff688a09a956eb570e0c7fb6799dfe8fae4,2025-11-01T20:24:24.184935+00:00,2025-11-01T20:24:31+00:00,308
f2fe3033068a8e4947cd69a374812cf6d91e11e3c502b9795c061ec8d2f57698,2025-11-01T20:24:24.326331+00:00,2025-11-01T20:24:31+00:00,308
819c7bc7faf1d55892938903ac15a804290b6da6fabeff880ce5dded549ba9b9,2025-11-01T20:24:24.464133+00:00,2025-11-01T20:24:31+00:00,308
20c07a146ed4f8d46c08dffeeb1e94a200ff9e940fce276568f74d18fbefd3be,2025-11-01T20:24:24.610995+00:00,2025-11-01T20:24:31+00:00,308
5d9076c9b020edfb45b3c6870a99d9c6aac4076c5ecadf51361275637b0c4c8b,2025-11-01T20:24:24.754234+00:00,2025-11-01T20:24:31+00:00,308
93952e77a19e37274fb68f8e6b831419164236ad2c6ec39aaf9d0fabdb2299d4,2025-11-01T20:24:24.900847+00:00,2025-11-01T20:24:31+00:00,308
79e875613c65ba40fd509a47d79ffe82840c05ad9b3f7e5632c85e313894b457,2025-11-01T20:24:25.044051+00:00,2025-11-01T20:24:31+00:00,308
eaf9fdfd086fd0cbe97ec97b3263511fc22363a47373b1135fda1a20c4643b99,2025-11-01T20:24:25.183046+00:00,2025-11-01T20:24:31+00:00,308
a197d00ea26953bb8f6c79155ba8354718e6746249017805717e8c47a512f863,2025-11-01T20:24:25.327784+00:00,2025-11-01T20:24:31+00:00,308
56e391d210259dc3d083d4821ec48ab5f7f478d98d2af2968a347f711afb9afc,2025-11-01T20:24:25.472598+00:00,2025-11-01T20:24:36+00:00,309
3a7d3c54c972adbd5a8ccf7e7494d4a5614cfbb1026f2c82ee3c9f3cb5fb4a6c,2025-11-01T20:24:25.620232+00:00,2025-11-01T20:24:36+00:00,309
a97e3eb85a8d49c12f4f839745393ab2f5492ecccdc67499240094df340e3dbc,2025-11-01T20:24:25.759287+00:00,2025-11-01T20:24:36+00:00,309
42d394d1d14d28da757aaa58b98809f48c256a77f1564905dc6649c45a10cdfa,2025-11-01T20:24:25.897889+00:00,2025-11-01T20:24:36+00:00,309
a6ad8ea70b6a71f1bcd7fa6664110a18ef3ced9e361c219b8cc83c93aa89a5ee,2025-11-01T20:24:26.041373+00:00,2025-11-01T20:24:36+00:00,309
c955f3e1a7926e0ebe56007659cfcf2b97ad9a69a12754c01386ea27c68e6f8f,2025-11-01T20:24:26.243911+00:00,2025-11-01T20:24:36+00:00,309
76a102654ab866e9d708b41177d7375fac618fba42274e654cb9230bea6a3cc6,2025-11-01T20:24:26.392089+00:00,2025-11-01T20:24:36+00:00,309
34ee7eb30143f9bbb0e940ef32ddf7071404c30e7e8e6c062476ea6b78390ab6,2025-11-01T20:24:26.536931+00:00,2025-11-01T20:24:36+00:00,309
150fdbcdca3264a7e582b1c0669634a1bc8f836ff8305e0f3875a490696b0541,2025-11-01T20:24:26.677307+00:00,2025-11-01T20:24:36+00:00,309
a0c61cc1dd718b2d84269408b569943dd0568ddd2f06ff7d4cb66bfb0c6ed176,2025-11-01T20:24:26.821668+00:00,2025-11-01T20:24:36+00:00,309
45cc337796b3a98bdb68cf00959397857c9a2da720dab08b3fd4451e5461bf4f,2025-11-01T20:24:26.966032+00:00,2025-11-01T20:24:36+00:00,309
8056f22cfef153276df3dc7a2aa3c2230d02b19305c2776133f91e95063f800b,2025-11-01T20:24:27.108083+00:00,2025-11-01T20:24:36+00:00,309
693b1a8b83f4149cce094597eb02c153a2b7328646e4001040969a19fb3f20f6,2025-11-01T20:24:27.250950+00:00,2025-11-01T20:24:36+00:00,309
a9f32d5b29151b460a1de1e1b53350c136a82a1053b18fa180db210a4db92802,2025-11-01T20:24:27.398973+00:00,2025-11-01T20:24:36+00:00,309
bcad53a33184ca517f1d442b0bece1e5f3772816a975075bac9c7f0f13fad65d,2025-11-01T20:24:27.546762+00:00,2025-11-01T20:24:36+00:00,309
780112dd25362f3ebd5933fb5d15e205b4a67c6e7b62bf0723d7f4f7670da08e,2025-11-01T20:24:27.693646+00:00,2025-11-01T20:24:36+00:00,309
d517acac9b49bcc0aac733c8e2b158e4e05f1628c65a8a1caa2a1a7cd7d19ae6,2025-11-01T20:24:27.854080+00:00,2025-11-01T20:24:36+00:00,309
5a47aaaa21c037990a44825cc2a0b8ab4b19ccf69fdabfc4408be387547ab104,2025-11-01T20:24:28.002732+00:00,2025-11-01T20:24:36+00:00,309
e3f169c296aeb9d7ba4758d11d540559ff51e9031c498b96c832908dbdea4939,2025-11-01T20:24:28.200794+00:00,2025-11-01T20:24:36+00:00,309
71186fbb49cb719bd35440fa77dbb169dda38cdb877828b133f7060ea2bf33b8,2025-11-01T20:24:28.343543+00:00,2025-11-01T20:24:36+00:00,309
ac7f57e71b482d191a5f0cbb222b1aa37210d3e4275cb4109660d19bf22ca1a2,2025-11-01T20:24:28.484904+00:00,2025-11-01T20:24:36+00:00,309
9a8661b7ca30bb3797ca60f81bcb8069d9d310cdb0430a1d3594a6277849d35d,2025-11-01T20:24:28.627853+00:00,2025-11-01T20:24:36+00:00,309
0fe1bd35da03de868411fd6b83645710a6a051632a7f663232c18d0a46718f88,2025-11-01T20:24:28.775051+00:00,2025-11-01T20:24:36+00:00,309
7e1de751109f616eb22f2d5a9e7ed9ebe778f855b53eb2df1d5795edbd5ed78a,2025-11-01T20:24:28.918880+00:00,2025-11-01T20:24:36+00:00,309
0bb20c6aaa3d9ae692cdce5d138a014ad4cc129e9c849ed16755517a344ed96c,2025-11-01T20:24:29.060857+00:00,2025-11-01T20:24:36+00:00,309
17cbb26e689fd6d9bd2cbe85f84ea361e3595aa30b7b49528c67385262693536,2025-11-01T20:24:29.203535+00:00,2025-11-01T20:24:36+00:00,309
9e6f48aebfd757648711e599b72e2043855bd47fccbacead7e74549ed7960cbc,2025-11-01T20:24:29.350713+00:00,2025-11-01T20:24:36+00:00,309
f149421fc29d928804a7f5111690d7e6345cfe7df97e1e070f640e8369b7ee18,2025-11-01T20:24:29.505771+00:00,2025-11-01T20:24:36+00:00,309
bd4aa205bd196323c91069ff63864cfc92f21a4d6635c16c76af064c56f16b58,2025-11-01T20:24:29.661486+00:00,2025-11-01T20:24:36+00:00,309
fa9c51a84eb6a05afa5edf77afb37e23426b0a63e01b2aec12118b705a1c6edc,2025-11-01T20:24:29.803392+00:00,2025-11-01T20:24:36+00:00,309
25a96ab5662c686366be94e7e4de21a4ead2ed266c34ddc8063d31a4dab6d09b,2025-11-01T20:24:29.951978+00:00,2025-11-01T20:24:36+00:00,309
415b17ad8991c70bb9882b5296f82338132455a6f8f506a4567e91170b7ee03b,2025-11-01T20:24:30.094716+00:00,2025-11-01T20:24:36+00:00,309
92aa23db4c9d19046fb2c453d445dc51eb12a93a4773eed964ceb53f508f4541,2025-11-01T20:24:30.235418+00:00,2025-11-01T20:24:36+00:00,309
399670431b4938c49dba85a757621f4ee5268d0cb2ee028678f09555b5381499,2025-11-01T20:24:30.376959+00:00,2025-11-01T20:24:36+00:00,309
ed375e37a8d83940533e15f9ee6566c50f722bac519510201457c00e5caca594,2025-11-01T20:24:30.528145+00:00,2025-11-01T20:24:36+00:00,309
3f7b4267354f55a6de9bdc61e6c9181af0a847bc5c3939af02bb14107c00c3fc,2025-11-01T20:24:30.668765+00:00,2025-11-01T20:24:36+00:00,309
437c802d218926aef1354177a90eaf4738a6c48d6c14107b33a4156fc2312307,2025-11-01T20:24:30.815071+00:00,2025-11-01T20:24:36+00:00,309
5686d141580d6cad8a3f7bfc21e86cc693f49ba2d6a968cdc405f3ef73e69d29,2025-11-01T20:24:30.956286+00:00,2025-11-01T20:24:36+00:00,309
8c76009b7c994bebcf4218654547747e7e5995da54d5a2f4f016aa11695ba08a,2025-11-01T20:24:31.093801+00:00,2025-11-01T20:24:36+00:00,309
4e7a13e9afe436029e4dbe51675e092f52a59fa4feb711a0b94978016aa8a371,2025-11-01T20:24:31.289307+00:00,2025-11-01T20:24:36+00:00,309
b2433cf0490f8bd0fc6a1038a036541bd37d619a03f07bc3a6dc4cfd5caeef4d,2025-11-01T20:24:31.449467+00:00,2025-11-01T20:24:36+00:00,309
33d1ad9803a9b4fd7c4f6c1747b01f63cd3fffbabb6a2626a1aa5a0260716405,2025-11-01T20:24:31.631914+00:00,2025-11-01T20:24:36+00:00,309
d1653c8bf7b706993e0e5151e60b1ed5d2d9671d081a75c7723ab14b9d945eeb,2025-11-01T20:24:31.768066+00:00,2025-11-01T20:24:36+00:00,309
ddaf49eca895ab5288bf7695190b35b3abd90596831e7f4ffc73781ae11d919e,2025-11-01T20:24:31.903409+00:00,2025-11-01T20:24:36+00:00,309
01a3ea5880fa2b19b74d4e45b2f9679fd0f1f8728626c16249f8ed5d9a0584e4,2025-11-01T20:24:32.041022+00:00,2025-11-01T20:24:36+00:00,309
a91e940d75e2381061e648eeb60fdbb11488f02c31baf2a1acd198a4904c7428,2025-11-01T20:24:32.175156+00:00,2025-11-01T20:24:36+00:00,309
ee49fddf0dd83c2b47d5ed00ab651e5023ae94ef7567b6c6f513ed906e0bee19,2025-11-01T20:24:32.316161+00:00,2025-11-01T20:24:36+00:00,309
80f7b6abf6a0d3a9bf38528f03702ca3a4d8e177e41239bdbc7672cdf5736dee,2025-11-01T20:24:32.500767+00:00,2025-11-01T20:24:36+00:00,309
7184626f1f10506dec50a001325fdb7b64b00c172f58c2ea7bf33dae1e8a4157,2025-11-01T20:24:32.645944+00:00,2025-11-01T20:24:36+00:00,309
a55b45da7da95d0e2d40f464f3a969f60d890a0193dfb96efe168cd7935a300d,2025-11-01T20:24:32.789629+00:00,2025-11-01T20:24:41+00:00,310
bccc529dbe91867e0b6068d00acde0eb0af27043d226181d4f433f11f88881ac,2025-11-01T20:24:32.930115+00:00,2025-11-01T20:24:36+00:00,309
cfdbd0082dc5e797c461bc44d0b9b9e980d8c6ff3897b54784ef262a1b88284e,2025-11-01T20:24:33.071630+00:00,2025-11-01T20:24:36+00:00,309
fce4f07de71feb2770b920a7c0051a3e81709f593da70218921a59f322df7611,2025-11-01T20:24:33.215692+00:00,2025-11-01T20:24:36+00:00,309
ac1b7d77ef8e0372f134b6b9a4797c039e20bc01f730151d88e2514ccf9d9919,2025-11-01T20:24:33.351496+00:00,2025-11-01T20:24:36+00:00,309
cbdcbda9f7b20920ca805d297baea627889162788ede98b5e0e1dae884913757,2025-11-01T20:24:33.490561+00:00,2025-11-01T20:24:36+00:00,309
e7152e96d8157ef80854faf3f32be1fbac557e8adc907aa6868da509591082b1,2025-11-01T20:24:33.635202+00:00,2025-11-01T20:24:36+00:00,309
9aec0368a4f67d28e496e1673baf41a8299ae82b7ac28b61339a6295e71d000f,2025-11-01T20:24:33.775727+00:00,2025-11-01T20:24:41+00:00,310
245c876a6757c682ee9bfbaf8bf74c7c531a782f84f48a0e78b81dc26e418b47,2025-11-01T20:24:33.920420+00:00,2025-11-01T20:24:41+00:00,310
585f45038c64e6dafac32a5f0b6e21cea19c5b153da34415ad8a72a41c6ec6c6,2025-11-01T20:24:34.061693+00:00,2025-11-01T20:24:41+00:00,310
8c46b0cefe2e937c77b5413a344902b1054161b6414a4e66e3f01f147ee5a21c,2025-11-01T20:24:34.203314+00:00,2025-11-01T20:24:41+00:00,310
93225a1c63c2bf12322d932c33b746512852407a9f769fd2168d6789ac6bb285,2025-11-01T20:24:34.350991+00:00,2025-11-01T20:24:41+00:00,310
f9e712cf3ee121a91a15892386b4a7bf656973fa579a033b254468b4f603ab22,2025-11-01T20:24:34.492429+00:00,2025-11-01T20:24:41+00:00,310
23b20685eb692eb2a7316af41b04772fa29564c47dc40d83ad03921df1cdab25,2025-11-01T20:24:34.633765+00:00,2025-11-01T20:24:41+00:00,310
d7e0cac0f64843a7fa00aa787592eced1c5dd542ec2550d94f3e79e6ca637354,2025-11-01T20:24:34.778088+00:00,2025-11-01T20:24:41+00:00,310
e4520cca823a22a2c14a46c57d7dbf3decc0297b6de7efa99fd7c30df66e0f1f,2025-11-01T20:24:34.921818+00:00,2025-11-01T20:24:41+00:00,310
33a03aec7e8ecf4ff23dc7eb862030c9e119c6f297c59ed1a510c36a8d5139b5,2025-11-01T20:24:35.068442+00:00,2025-11-01T20:24:41+00:00,310
f117e90c6d08b89204d4f82ff5931667a7e904cb85d813332d70cccf9bdb5ff2,2025-11-01T20:24:35.202693+00:00,2025-11-01T20:24:41+00:00,310
9f390156d46175d8bf33c04a3c38a3030596d2c9a1268664720d1a37014d24ce,2025-11-01T20:24:35.344466+00:00,2025-11-01T20:24:41+00:00,310
c86e4dbafd50a2b60175bc8ed3fee65edfd9f8faaa0ea575da607018d2f51c81,2025-11-01T20:24:35.485500+00:00,2025-11-01T20:24:41+00:00,310
5ca97de787fd0c177289651c8df000cb368ac213ec2a8976961ea222fdf1cc60,2025-11-01T20:24:35.633130+00:00,2025-11-01T20:24:41+00:00,310
7b15814840633569faa74c8d531022f98d969f57ef1af02bef530e0ae5e298cf,2025-11-01T20:24:35.778285+00:00,2025-11-01T20:24:41+00:00,310
625d8257a91aa8391713512fed5c0088f3384f480e41f0942c786ad6b59901d4,2025-11-01T20:24:35.923369+00:00,2025-11-01T20:24:41+00:00,310
c1dee2bdaa26368c196ed3da50bb83aa6f5d6cb865cbb640a5106aa6fdc1a907,2025-11-01T20:24:36.058752+00:00,2025-11-01T20:24:41+00:00,310
b0069fb302d4dc5f3561ef22505bbcc020c48b59f63b69e043b9ea73162d61aa,2025-11-01T20:24:36.200522+00:00,2025-11-01T20:24:41+00:00,310
30b30ee5dec2aa1b77adbebe893998108bfe504953a744539fc7f91c1ea1184d,2025-11-01T20:24:36.530850+00:00,2025-11-01T20:24:41+00:00,310
4236888a6ccaef43fbf7f7b349ff660c67e87ed12e9d3e02342941982e194b39,2025-11-01T20:24:36.665184+00:00,2025-11-01T20:24:41+00:00,310
536dfdb39e359a1fe488abdb132b605fcee9534b98b9f3c47c3474d67e7808f9,2025-11-01T20:24:36.806222+00:00,2025-11-01T20:24:41+00:00,310
41d7b1cde4e1079006462a577298a5dbdb8991c0d9fa3b96d585fb9c4e53ea4b,2025-11-01T20:24:36.944585+00:00,2025-11-01T20:24:41+00:00,310
475d3059a35e7937bfe44ccae7e3e51f5b47ea9cd4fe43a60ebab02ac859fbdd,2025-11-01T20:24:37.089359+00:00,2025-11-01T20:24:41+00:00,310
bd4617416cd47be86c773e46c4179d6de1d163c0d369ba47f691aeed33babb63,2025-11-01T20:24:37.230609+00:00,2025-11-01T20:24:41+00:00,310
26fda6603051c1a6ccba79e0f5f10398f6775dfaf5a901dd4b79de563d155eb9,2025-11-01T20:24:37.368817+00:00,2025-11-01T20:24:41+00:00,310
7be7b989ccc5a46cdd8949e7ab07071f49e8fc2b50a0ac70c0a851e789850f85,2025-11-01T20:24:37.510521+00:00,2025-11-01T20:24:41+00:00,310
13ba3e1826d8d0ab661fd4b49019dc9690cd3f6bace130252f313e1576ea7fd4,2025-11-01T20:24:37.651771+00:00,2025-11-01T20:24:41+00:00,310
b65d78a8049bfefe0ca612437f35fd84b7ac86aa26533a6b6b81179f5ad4ace4,2025-11-01T20:24:37.800592+00:00,2025-11-01T20:24:41+00:00,310
bafabd0d287fc6c026e132f2bce7eed5a811ba5c48634ba396ca41c09cc40e0b,2025-11-01T20:24:37.940481+00:00,2025-11-01T20:24:41+00:00,310
21f1548ecf415fa61a4e9605ce9bda03963179bc82f0950332a103b1b06a8fa6,2025-11-01T20:24:38.084992+00:00,2025-11-01T20:24:41+00:00,310
1d7b4577b20e5dc8e4b090deecfd494bc73f14fa155ad3b4b6ac273bab1e1286,2025-11-01T20:24:38.227113+00:00,2025-11-01T20:24:41+00:00,310
1361107041c46d3c64169fd00c8e903b0592bf2c6cd81079416a6833696eaffc,2025-11-01T20:24:38.362750+00:00,2025-11-01T20:24:41+00:00,310
1f0c3d6f114f38074c3c10f54da47c72b2a5b9faa8e5998d45b0472a09264af0,2025-11-01T20:24:38.505273+00:00,2025-11-01T20:24:41+00:00,310
f0b7061772ea17127d3817c3ec2b0adaa780c356d45e27d56e68b9ea3ea569cf,2025-11-01T20:24:38.644437+00:00,2025-11-01T20:24:41+00:00,310
e6e20438fc06bc08a8f4f65065fdfa66f39d83c7caefa699ed685812a5e063d4,2025-11-01T20:24:38.790952+00:00,2025-11-01T20:24:46+00:00,311
46226260b27c1e290b5333af86ca9d18db39ad679bc93a79d8a05a5864e64ef2,2025-11-01T20:24:38.931700+00:00,2025-11-01T20:24:46+00:00,311
206810eade6f96b6bdaebbeba2585d2fdeeaba72035c1c157cdecbdbe4cf5c03,2025-11-01T20:24:39.074015+00:00,2025-11-01T20:24:46+00:00,311
3615da2b1c659e33e23639d22d03a1aa03cf7d344f67957f193d9a456511b5c9,2025-11-01T20:24:39.218121+00:00,2025-11-01T20:24:46+00:00,311
3a4d3f5da479c1e3c8639db2d47a63b6ed83f5b668eeb4d62437299212c5b8d6,2025-11-01T20:24:39.371322+00:00,2025-11-01T20:24:46+00:00,311
34e1d9ab671157fb55b6c98745c537576af7c17517011780afd285c600fdef63,2025-11-01T20:24:39.539991+00:00,2025-11-01T20:24:46+00:00,311
e5bce9c42e9df0e8150167dc42fa58f58a7b8b13ee2079380ff421628527b63e,2025-11-01T20:24:39.685693+00:00,2025-11-01T20:24:46+00:00,311
991fe7b4a86325ac87164211f68c924ae06350a5811f12d312bee1a07154a043,2025-11-01T20:24:39.831523+00:00,2025-11-01T20:24:46+00:00,311
2b7ef7d80b24bb19324b20ce6f454bae8052a03aa5e2d2446fa81a3b1488f616,2025-11-01T20:24:39.972519+00:00,2025-11-01T20:24:46+00:00,311
d7dac81a5b0374defc7ea980f2ce28585a4df7a2bfcc2e8f6b96b77934621c74,2025-11-01T20:24:40.119258+00:00,2025-11-01T20:24:46+00:00,311
690da62e1011df119352eae500098808da8d9e172113e87780dc98a34da0d802,2025-11-01T20:24:40.261441+00:00,2025-11-01T20:24:46+00:00,311
c11a5817ae0f91697ae4b94db35a2561acb115caa4b5c590a50c78f2785c44ad,2025-11-01T20:24:40.411181+00:00,2025-11-01T20:24:46+00:00,311
3cac35f584b375c5ef94319a04b86a6de63b859e31d6af4bf84cb27ff0359ff8,2025-11-01T20:24:40.561374+00:00,2025-11-01T20:24:46+00:00,311
04d932ced02b8e776b9a150eda480f578338d14628dd2a20a7c3060c46f106d3,2025-11-01T20:24:40.702187+00:00,2025-11-01T20:24:46+00:00,311
680ed120f2f2cd30b1d0dbdaa777926dd622688e945b8bb9e7c81c82380951d0,2025-11-01T20:24:40.844677+00:00,2025-11-01T20:24:46+00:00,311
f86b2973d3486bbdb8b1908eef590ed0c61101ad1a0126c875b706735d42edba,2025-11-01T20:24:40.989661+00:00,2025-11-01T20:24:46+00:00,311
535e1dd8db727047413da9bc61f44be39271a2a12fbb406d6b0694eb7ee3a906,2025-11-01T20:24:41.130437+00:00,2025-11-01T20:24:46+00:00,311
245bbebaf6ecce45df48c884b7f1c16d53ae3bd4297ac523b77b3a025c2d8026,2025-11-01T20:24:41.273100+00:00,2025-11-01T20:24:46+00:00,311
ba642ca6417ace9e40384ec0442d1df74c47094896b9f7658efe00487f47eba1,2025-11-01T20:24:41.455469+00:00,2025-11-01T20:24:46+00:00,311
9353a6bdcd43fce2fda31b960754844db02025999dfa78629272bd75340fddbe,2025-11-01T20:24:41.595133+00:00,2025-11-01T20:24:46+00:00,311
95b775249090784b988477affc75fbaceb7e508d42faeacdcf9a21cc33c70cfc,2025-11-01T20:24:42.028218+00:00,2025-11-01T20:24:46+00:00,311
79bbf15b47d4fd4ea60f7eb2d50258df1214ae27534718a673fd000921683448,2025-11-01T20:24:42.264442+00:00,2025-11-01T20:24:46+00:00,311
e745ae1aecb43c2c82a2598717af9daa1ab4aa411c89352a01f435ae06569287,2025-11-01T20:24:42.414998+00:00,2025-11-01T20:24:46+00:00,311
9779dba0916da71cff7d860431eb8ac9e5c750f09236f7bc0b99572d52d33fb6,2025-11-01T20:24:42.732183+00:00,2025-11-01T20:24:46+00:00,311
c5852ac41579a415d62070e9525e90399b23c3b53cea85675d4e2f260387c5f5,2025-11-01T20:24:42.880822+00:00,2025-11-01T20:24:51+00:00,312
f6a136975e22080e6e9b06652b31597240d5e0b83c09841f866cef04c7c0e259,2025-11-01T20:24:43.050679+00:00,2025-11-01T20:24:51+00:00,312
df1ac51f3977998c2545f3ad9e3fbad9fe8d7e60097c88e8f18b6dd07def6558,2025-11-01T20:24:43.191178+00:00,2025-11-01T20:24:51+00:00,312
ec37bc589fc15691618daa283e5da02eb4ccd680b75f2643de8ce89ac25a6a39,2025-11-01T20:24:43.333640+00:00,2025-11-01T20:24:51+00:00,312
f9d79673e681b5deb0ebcc8e002709f41e8012f89519074d0824e12000afc7c0,2025-11-01T20:24:43.473250+00:00,2025-11-01T20:24:51+00:00,312
54389875604435e18ce7b95ddf22999e3f19cda614c46bef54969abc04922160,2025-11-01T20:24:43.615239+00:00,2025-11-01T20:24:51+00:00,312
6613942f64a0dde1b2efc8b933b6531d2ee2c284348b06b04055875582402a8a,2025-11-01T20:24:43.758306+00:00,2025-11-01T20:24:51+00:00,312
a8023dab4b26e11daef1539f7f6a3df219c2474ea03e69accdca4237ec24e748,2025-11-01T20:24:43.900784+00:00,2025-11-01T20:24:51+00:00,312
29fef106418cd1314be907705ddb3fc8eb1a870fd886f10c162e1ab55a08ab9f,2025-11-01T20:24:44.052867+00:00,2025-11-01T20:24:51+00:00,312
72ec47fb9f5eaf617f82bfa4bb44591207e45118ee36e55b883aa3a26fac3711,2025-11-01T20:24:44.194810+00:00,2025-11-01T20:24:51+00:00,312
319858370fd3dbe667a4a66c04db1e6d81a6795531a4c5aadcbf3e28b679c887,2025-11-01T20:24:44.348212+00:00,2025-11-01T20:24:51+00:00,312
4e15d3a53ab4ae19bb6a672eb0d8b0c932cec4d70a23940dbf885d508f61b081,2025-11-01T20:24:44.488975+00:00,2025-11-01T20:24:51+00:00,312
de0719a42b737ad7ac52e95954ac263fe9474f59fb84321bc80117d291c93a43,2025-11-01T20:24:44.634529+00:00,2025-11-01T20:24:51+00:00,312
32164461e5219c5e7271824a0413362645154ad68e9ab3e860ed485fab6e069e,2025-11-01T20:24:44.779168+00:00,2025-11-01T20:24:51+00:00,312
5ee41e2dd449c448b2f013ff6c9ff0513338c7211eab81e03559fe4b5a7bb647,2025-11-01T20:24:44.923815+00:00,2025-11-01T20:24:51+00:00,312
e786e661854c9371a3733ce8a57a989a1bfa8b71a506cd3e500a4aaaed444480,2025-11-01T20:24:45.068277+00:00,2025-11-01T20:24:51+00:00,312
1148594cd2a12a2f6a84b9106c8d608bcf83a5988a465a8598f84ca6303a6b05,2025-11-01T20:24:45.212775+00:00,2025-11-01T20:24:51+00:00,312
a3759835fa9a305aa45c35263474ccd04ccae8b274bb4bd15fc14b78174585ce,2025-11-01T20:24:45.357122+00:00,2025-11-01T20:24:51+00:00,312
ab6014cdb823a56fd9ee9f1af2a7bc745f467e00328d7a752d5bf707e1fc1f53,2025-11-01T20:24:45.498477+00:00,2025-11-01T20:24:51+00:00,312
838f7f2e805d3fe8413e817395162941b4d3c4685db5f8bd4921d4f0e34bd003,2025-11-01T20:24:45.637101+00:00,2025-11-01T20:24:51+00:00,312
5db25321a32c9c4ed92673c3db26c553700dde8dc5c4f23c1c6f5b3332426e34,2025-11-01T20:24:45.779775+00:00,2025-11-01T20:24:51+00:00,312
53532c7e9a9c955b4790597b5306613fb3a22dd1cb7a650a8acfb791de90582a,2025-11-01T20:24:45.924614+00:00,2025-11-01T20:24:51+00:00,312
f34494236451b5816a68590362041a79402e16703d6f7fdf00fd31ab308bf3da,2025-11-01T20:24:46.084616+00:00,2025-11-01T20:24:51+00:00,312
218cf6d200290a17f4dc603e0722ddfda99206b5e35328cfc7246ba1ddc7419d,2025-11-01T20:24:46.243396+00:00,2025-11-01T20:24:51+00:00,312
92c24f432b5b36cf504867beb9ef9c2bc0357872b951161839cc2e39bd8aa3e6,2025-11-01T20:24:46.389758+00:00,2025-11-01T20:24:51+00:00,312
0ff4a25d4f7347a22b35401bdad0315c630ce15d4567a8c0b68c8cc1ad68347b,2025-11-01T20:24:46.612462+00:00,2025-11-01T20:24:51+00:00,312
691095bab772be65f56d8b08518fd0f9fba5eef330dd31e8663ae3700e420898,2025-11-01T20:24:46.761514+00:00,2025-11-01T20:24:51+00:00,312
2e433c8131b66129080ab0b1ce8a6b2bd6aa2f1e8cfac6c2fc730eac08167fc6,2025-11-01T20:24:46.902909+00:00,2025-11-01T20:24:51+00:00,312
21d23c80caa6caefaccb94fcd2e75ad5c09541c5cc95f880cb4f24a2555e31f1,2025-11-01T20:24:47.056341+00:00,2025-11-01T20:24:51+00:00,312
3051630c269a75f4856577420af63bb4f25a0b4570db21449c4f711fc4e515b1,2025-11-01T20:24:47.204368+00:00,2025-11-01T20:24:51+00:00,312
17983f4715b1ce6d493beb62b9289b39f2745cd9b8d8283e686f76fed7ef80d2,2025-11-01T20:24:47.344951+00:00,2025-11-01T20:24:51+00:00,312
41dac533042e9af846408537e60ec365f5ac876426ba361cd1b8ce5f4ab0930c,2025-11-01T20:24:47.487693+00:00,2025-11-01T20:24:51+00:00,312
3dfb288a1a993b3ab92ba942fad5f176fc1c1bbd7b429c8f8b3042dee1916cbd,2025-11-01T20:24:47.626412+00:00,2025-11-01T20:24:51+00:00,312
19993f8b7b5ae18d6ea7daeab3b82377a27a7f44e4ac8275fc8416c020ffaf78,2025-11-01T20:24:47.767418+00:00,2025-11-01T20:24:51+00:00,312
9072ddd3ec727fe5f7066aeaeabe3b0b7a4270ebbb5c501ef7954e80e6916d2e,2025-11-01T20:24:47.930257+00:00,2025-11-01T20:24:51+00:00,312
7589a9b9cd8c39dcdd2d851a36f20f052b6163a20d55c7f49c13bc913e7fed3e,2025-11-01T20:24:48.071951+00:00,2025-11-01T20:24:51+00:00,312
8c6be70abb729d26406d2c67effec3a7993bf8f835904450f3d9eb677e689e86,2025-11-01T20:24:48.224574+00:00,2025-11-01T20:24:51+00:00,312
321bf7c1481d9e83048f54d37369068239a403c932a9b4e5878f2db3e6a2208d,2025-11-01T20:24:48.366818+00:00,2025-11-01T20:24:51+00:00,312
239e622655f2fccd826fe8fc96b856d1cc54185b420416a3922fe9ca7a2f765d,2025-11-01T20:24:48.511195+00:00,2025-11-01T20:24:51+00:00,312
2444ce16dbf242e60d806d59846360c6f78847710672c35a523adf9285454f2e,2025-11-01T20:24:48.652159+00:00,2025-11-01T20:24:51+00:00,312
ec2cc12f2895d21b059711419d84b6f5a2e689d705710f8fcf8cc49cac57faa8,2025-11-01T20:24:48.798980+00:00,2025-11-01T20:24:51+00:00,312
51044b3e951222ae85af457803ee54d4011c5db22343cf67ce388f1faad352f1,2025-11-01T20:24:48.941789+00:00,2025-11-01T20:24:51+00:00,312
4aee216e2f195a6343620e0e24829487a36b2acaf6573013f312c844feae6bba,2025-11-01T20:24:49.084117+00:00,2025-11-01T20:24:56+00:00,313
b8fc4a5f927616a48ef9533b61fbac57f00474a587219ba7de2277381066ed75,2025-11-01T20:24:49.234991+00:00,2025-11-01T20:24:56+00:00,313
03c6a115563bf5bd7dfbc0336f472a19c68fc15714e3aab439c8b34df45d5194,2025-11-01T20:24:49.397214+00:00,2025-11-01T20:24:56+00:00,313
465eb84f6e650eb552e44d170aa106bf5d0ee10a8c71847b03380b4a993bb264,2025-11-01T20:24:49.553862+00:00,2025-11-01T20:24:56+00:00,313
87091d909ca712b9f4ced4946dcaeca8ba306b2dd5d32c0d38f9b4534a031f12,2025-11-01T20:24:49.756238+00:00,2025-11-01T20:24:56+00:00,313
393761b01e3b5ab9c48538dc124b20882e395f16f627fe967178ba02f072bd8e,2025-11-01T20:24:49.896050+00:00,2025-11-01T20:24:56+00:00,313
6103b3acd0ebde271a95caf64eebe617610fbf50a3f23369406ddd6ca30e6b66,2025-11-01T20:24:50.032036+00:00,2025-11-01T20:24:56+00:00,313
895bed88f07f6799ce43fc949ad6b691039a0f975e22868d2ee8b10e34ba817e,2025-11-01T20:24:50.170413+00:00,2025-11-01T20:24:56+00:00,313
f1ec5226e73660a47b32b0d7213af02e4eb3172cf940b01764fd941c04696aa2,2025-11-01T20:24:50.310446+00:00,2025-11-01T20:24:56+00:00,313
c1b7dafd23c248661d7fdb6354311302a821f1112d23962902a0fb310db0ba96,2025-11-01T20:24:50.446966+00:00,2025-11-01T20:24:56+00:00,313
97d0318d220f7b0cc4eb7c73d8a8023ea098d3fdb5617d3dddd65b76fe342487,2025-11-01T20:24:50.585975+00:00,2025-11-01T20:24:56+00:00,313
11f7afeae41002d7afa4ed0aeb9ab16851a0862ab16eed48c5b2c623929e69eb,2025-11-01T20:24:50.733077+00:00,2025-11-01T20:24:56+00:00,313
f9bac54d97c0c89589c469d3ca989b67be0f03b5da126aba0e587b79406c402a,2025-11-01T20:24:50.871947+00:00,2025-11-01T20:24:56+00:00,313
35a78e1e4728f9976fb49e842cbe191b7f31c0be1fc34b536c0116291cfc4cc5,2025-11-01T20:24:51.015162+00:00,2025-11-01T20:24:56+00:00,313
2e98f4c18add0c20c0ee06b30365753f96056acc25668bd32c95af0f18edcc79,2025-11-01T20:24:51.154888+00:00,2025-11-01T20:24:56+00:00,313
d151fd2ebc889746b81c98b07b1dd7e45c626b61f45137d9fe3d03769e850e87,2025-11-01T20:24:51.294398+00:00,2025-11-01T20:24:56+00:00,313
76b6315f284135b8335dd7744bfb3bf0f65595b71f580c99bc2bf5a1cb4c0c7c,2025-11-01T20:24:51.436587+00:00,2025-11-01T20:24:56+00:00,313
4a9710d40973f995a2b8390ac8c609dec67b83b326c335e3220bc563c41beaa7,2025-11-01T20:24:51.668625+00:00,2025-11-01T20:24:56+00:00,313
5799a550e2f4a3230f352a47a7a1eda113b533401f55fc6fa6bf1847364e4eca,2025-11-01T20:24:51.854704+00:00,2025-11-01T20:24:56+00:00,313
2fafdbec8f89d4b6e429b13e79460f73ce78ef4afc5bee3d763f27b68c694bf5,2025-11-01T20:24:51.993051+00:00,2025-11-01T20:24:56+00:00,313
a9a79dd63ba726931851f4bb36d6f0fe19caf2d1f15496746d73ee5abb1935b1,2025-11-01T20:24:52.133416+00:00,2025-11-01T20:24:56+00:00,313
2082ac9f3b452d40cc67cfc3d8da033395d2131738ac1c6d7995f0fcd950e2fb,2025-11-01T20:24:52.272589+00:00,2025-11-01T20:24:56+00:00,313
888f6b2dd6155383e1a36aed3c7800633819be500691624460b661865cc0cf37,2025-11-01T20:24:52.408632+00:00,2025-11-01T20:24:56+00:00,313
eb3fcba42c7ad501a82b850d11f197cde413d20634117d1e7b43305b1409b12d,2025-11-01T20:24:52.599888+00:00,2025-11-01T20:24:56+00:00,313
c79384b7bb4f50243503b1e5db3fd3bbae51a7774d5ed367d483e4f69dcd1492,2025-11-01T20:24:52.737314+00:00,2025-11-01T20:24:56+00:00,313
555d8ccf20e6d3e1247911befb4c4a459140953cb65409fe4e6df5860b871cb4,2025-11-01T20:24:52.873980+00:00,2025-11-01T20:24:56+00:00,313
e9c95e6e9afb53a34792c029020f5046fe22d81afbfe6904fc0e19c6d2921a54,2025-11-01T20:24:53.010357+00:00,2025-11-01T20:24:56+00:00,313
8b7059a83fb3e7161f79e7aa950b9382b25ebc98ae5099136273a63fe46e8ab3,2025-11-01T20:24:53.151848+00:00,2025-11-01T20:24:56+00:00,313
2082f9e6f1edc73e7cec0b4fc21219bf49f25ac741bf6c0e5579fd311b39b081,2025-11-01T20:24:53.296608+00:00,2025-11-01T20:24:56+00:00,313
3ce2066d9305e61723e5a6350bacf53a4592263633066b1dd9af148095ecc2ed,2025-11-01T20:24:53.444286+00:00,2025-11-01T20:24:56+00:00,313
05b8d8850b26726427c9b62d4ffab94792077ea1e26505374b69b097391551f7,2025-11-01T20:24:53.587639+00:00,2025-11-01T20:24:56+00:00,313
f8909423da8286137b90a15dad30181116406662c2c23cba11501f43251f8d31,2025-11-01T20:24:53.729663+00:00,2025-11-01T20:24:56+00:00,313
154d673cc4939882d2539ec307ff8475f02852bf5d1eb47b18af1b12dac2293f,2025-11-01T20:24:53.867483+00:00,2025-11-01T20:24:56+00:00,313
0131570b40c7936509d8dfeebf3bc68c62ad27ad938d23b803d7b6121b9e85a7,2025-11-01T20:24:54.010289+00:00,2025-11-01T20:24:56+00:00,313
cfd7c0a220b7ac153c6394fc9bf5d5e5b129cebbbcee2778885ee9fd7137d086,2025-11-01T20:24:54.150528+00:00,2025-11-01T20:24:56+00:00,313
27f0a4e113b675fe2010d7ce950f44ae52d83e479353779cfd6d226a56f9c7de,2025-11-01T20:24:54.288401+00:00,2025-11-01T20:24:56+00:00,313
d45df41d68cc368e6a8c8badb81ea51ccba2cc15606d444ee8812f2c8ed1830c,2025-11-01T20:24:54.427245+00:00,2025-11-01T20:25:06+00:00,315
17836df806739143941d36a6354d4eb7b3ebf467a946c80b90966f3b86203cfb,2025-11-01T20:24:54.565121+00:00,2025-11-01T20:25:06+00:00,315
f6b3ab388e61303a845ede331ab2208156237111234eccde90d06724b440f465,2025-11-01T20:24:54.703330+00:00,2025-11-01T20:25:06+00:00,315
b8fc3daa73692572c067864b76dcbb2e07ec95597fb3d2e6aabd053605ddc610,2025-11-01T20:24:54.842851+00:00,2025-11-01T20:25:06+00:00,315
c067e270f516bf771adf12d9c8a26a62647e56caceec5afc68dde5848b09dae4,2025-11-01T20:24:54.987785+00:00,2025-11-01T20:25:06+00:00,315
1af3a93f6aeebd4ff65b069eadf5c96c6fd8b501ceb7c45fef77cdbdff841b8d,2025-11-01T20:24:55.132303+00:00,2025-11-01T20:25:06+00:00,315
a61041d7fc0f7c3d562a522ba92a2e30ffc6999fbbb940ffc94e505390c12d5c,2025-11-01T20:24:55.284225+00:00,2025-11-01T20:25:06+00:00,315
debef9d49892edf2b602176ed35d10a20c0d62517c865d6151ecf57e5d124bfd,2025-11-01T20:24:55.429683+00:00,2025-11-01T20:25:06+00:00,315
1abc69cfcc8b60fd0afc56bd435f0f1f7b44bdea35de53d26e54b3daf9a61240,2025-11-01T20:24:55.573015+00:00,2025-11-01T20:25:06+00:00,315
d222407286152fe86d3d1a20275a46f71dbb91a57421fbfdaeefd8bf1c48bdd6,2025-11-01T20:24:55.716094+00:00,2025-11-01T20:25:06+00:00,315
097a6485294a0c0a19b53e28d1e7166d1ddcf269b8cf7a0b003ff118892d8bb0,2025-11-01T20:24:55.851851+00:00,2025-11-01T20:25:06+00:00,315
8b97f903fa0ab711c876c0483cc2c1b43a9ac4ff8bf42f010402ef7bfe9792f8,2025-11-01T20:24:55.994961+00:00,2025-11-01T20:25:06+00:00,315
12bae9653fcae4501ead579974f68f27a9649b39c6a583e27c44419af8c4b740,2025-11-01T20:24:56.137199+00:00,2025-11-01T20:25:06+00:00,315
8568adc32534f0b6b1e0db3a788b13435c908cd3839dacd65587041c28d8a7ee,2025-11-01T20:24:56.285880+00:00,2025-11-01T20:25:06+00:00,315
384f40103b23d1167cad7e0fad03a7ea8fb238cd75909748ca2950fbf61923c4,2025-11-01T20:24:56.431987+00:00,2025-11-01T20:25:06+00:00,315
7f2ae5f427716ccea5ef7be27d83f80afcf85f7ca0d7e75d1cf04b7a93c64dae,2025-11-01T20:24:56.574566+00:00,2025-11-01T20:25:06+00:00,315
7824a4052da81ecf182b826cfee2ac16f0704a6fc506cd4aab69807aa9cf9c68,2025-11-01T20:24:56.850265+00:00,2025-11-01T20:25:06+00:00,315
e4078247cc0edb2a2db4183aa7bf360c2415280722fa06d16425d7a80537fad2,2025-11-01T20:24:56.985697+00:00,2025-11-01T20:25:06+00:00,315
7b8f677a5e097f73b1bf9940c2ee63474c9b10fbd77688afd80a9c078afea2ea,2025-11-01T20:24:57.124681+00:00,2025-11-01T20:25:06+00:00,315
01613c08692d382b38e2f9b9fda39c66216e5263c7ec5e3486bbc8d3f08a8238,2025-11-01T20:24:57.264355+00:00,2025-11-01T20:25:06+00:00,315
c624292b35b3a2aacbb330db3d2ace892daf3a68530e32fc98fbca43051ed755,2025-11-01T20:24:57.408791+00:00,2025-11-01T20:25:06+00:00,315
47d76d1ac142306f881b138c2d2ba03d1667a881c0aaab3d0723e297cd15750a,2025-11-01T20:24:57.548267+00:00,2025-11-01T20:25:06+00:00,315
7c7c8fe2501c74f73d7754972acf8fb680c3c2e719fce650e708d205478781ae,2025-11-01T20:24:57.688762+00:00,2025-11-01T20:25:06+00:00,315
cf74352ffcd9f0baefbaf2d4059fa2f864d39948a5f2a9d5166abd8fbe115969,2025-11-01T20:24:57.834402+00:00,2025-11-01T20:25:06+00:00,315
8907c6722fd246671cd0631cf3ea0499b070967647e8c947b622211f44275215,2025-11-01T20:24:57.982531+00:00,2025-11-01T20:25:06+00:00,315
8cb624c1d0c34ad5c5827ebcb9d0402eb27d2d992a0428371975e1b5cfd0eed9,2025-11-01T20:24:58.119649+00:00,2025-11-01T20:25:06+00:00,315
a003f899711fde20d8a0ce2a4f48f43847f14e973a82bc679a5ed218768171c6,2025-11-01T20:24:58.259223+00:00,2025-11-01T20:25:06+00:00,315
b09844d4a21e8e232b1ad0202a426637c5d42bbc6a6d857251f386dd9cb1284e,2025-11-01T20:24:58.403026+00:00,2025-11-01T20:25:06+00:00,315
05ac0fd6c422e71be6879d8ff8d22e37ad1894a78c4b4064d994aef7590672ba,2025-11-01T20:24:58.540648+00:00,2025-11-01T20:25:06+00:00,315
af4d03050bd96e290768b3c607967815692e6672516d4308b3a15ced38be8872,2025-11-01T20:24:58.682250+00:00,2025-11-01T20:25:06+00:00,315
8ffdff5672a8a853ae10a77f97b346fb46c685afe77b83198f5257a23f9e5074,2025-11-01T20:24:58.827358+00:00,2025-11-01T20:25:06+00:00,315
ba68a2dc46d5417b022359a282ecbe73bb5b6ab2f995bcc333418a2197a364ee,2025-11-01T20:24:58.972013+00:00,2025-11-01T20:25:06+00:00,315
bfa11da0200c8dc307e27fb7f7db7d59d38b0e98b2ae4cf2a1ee9cc2d316bfec,2025-11-01T20:24:59.111894+00:00,2025-11-01T20:25:06+00:00,315
9188f60a10eafdf37ff74dac326325a0635b65256803e367e4e9fba45350cd11,2025-11-01T20:24:59.255830+00:00,2025-11-01T20:25:06+00:00,315
b271b8e88bd1d0ce6a11bcd3a28ee0a13a20011b7df1424434317fb99ba55628,2025-11-01T20:24:59.408419+00:00,2025-11-01T20:25:06+00:00,315
e0d77dcc4196c1ef5df584c7d313fff505566b032fe08e45a0fa890ff23d5dd3,2025-11-01T20:24:59.594400+00:00,2025-11-01T20:25:06+00:00,315
14d8109194eb90754731c1d211aa82dcfedb20abaefbee768962b194ed16b4d8,2025-11-01T20:24:59.737886+00:00,2025-11-01T20:25:06+00:00,315
e9885ec4e1213568cfe57ddbbdfa2d70341aa8b9a54e7fa83f2842e8c66352d5,2025-11-01T20:24:59.880252+00:00,2025-11-01T20:25:06+00:00,315
6861315087ccaaa1e49e5645f97d1e9c066adfdab3bf9ba13c85e4cc9245ac2a,2025-11-01T20:25:00.020890+00:00,2025-11-01T20:25:06+00:00,315
bf3dae2897584c4042bd8c416fe5807987f88fa7a99071d378404a7fabf56fc5,2025-11-01T20:25:00.158880+00:00,2025-11-01T20:25:06+00:00,315
a0151f1711ec5194fd2d1ce5a429f12066b851bdd414268620a296ce692677bb,2025-11-01T20:25:00.296766+00:00,2025-11-01T20:25:06+00:00,315
82fe79070ff4330ec90ba15ab28de2b1881937bd682daf15d8462f273c5e5c03,2025-11-01T20:25:00.435075+00:00,2025-11-01T20:25:06+00:00,315
42a4281ed1c5512d6d430ee07dd32ba4c3bc549bf36b26bb12aa59a14a6b1b9c,2025-11-01T20:25:00.584979+00:00,2025-11-01T20:25:06+00:00,315
11f3f7b7c8d847de042e70ab42ed70c1e9fb09ae94eb938a385b700ece88caa9,2025-11-01T20:25:00.729329+00:00,2025-11-01T20:25:06+00:00,315
b8b2e1031d16aa8dd29f635e8e25b92c111c07ec000544be458de495314620ab,2025-11-01T20:25:00.869425+00:00,2025-11-01T20:25:06+00:00,315
38bf2c0bce88262fe542179bbbec376aa219d9f2831548f6c594a95ffabdf80e,2025-11-01T20:25:01.011852+00:00,2025-11-01T20:25:06+00:00,315
b0c49793bda32a5e6661fecdb9008df25b2d074f0bf2394a5b48b1f726eefd69,2025-11-01T20:25:01.155005+00:00,2025-11-01T20:25:06+00:00,315
4b0e9514bf9dc6b6b47c8291de25d16de1ec229e9afb8296c8378cedeba1edea,2025-11-01T20:25:01.300564+00:00,2025-11-01T20:25:06+00:00,315
a15b4c2561f438bc45f40a3b911c87135f1701a84adac4a7a5bc8a391a84e7fb,2025-11-01T20:25:01.443359+00:00,2025-11-01T20:25:06+00:00,315
5680f9f4003cb22d0f30c1acb509e05e0b43aa848238fc2126fe247ca0098a58,2025-11-01T20:25:01.584501+00:00,2025-11-01T20:25:06+00:00,315
398ebaf736c010fece71d4f186fecf7638411c6e49e1ecf2ab1d0e148e679599,2025-11-01T20:25:01.751538+00:00,2025-11-01T20:25:06+00:00,315
0159c34e5ca1c1f9537babc7dec431274a1f8c9153ae856c23b4b736aa6d5b86,2025-11-01T20:25:01.898097+00:00,2025-11-01T20:25:06+00:00,315
af232b1fb25fc7ebbd784e613686659f8511c91b01c97206cdd311245f36d3c1,2025-11-01T20:25:02.042465+00:00,2025-11-01T20:25:06+00:00,315
e0eb071d0feb61de25d63be57bed7b108ef4cae5c0f5d0be3573a118d65f7a96,2025-11-01T20:25:02.181336+00:00,2025-11-01T20:25:06+00:00,315
bdfe2380ced798addf78f684f2db296f670e1ea1065a7d6829f6b64bd999e989,2025-11-01T20:25:02.342511+00:00,2025-11-01T20:25:06+00:00,315
aab7801c3c1885527bfa01a8cf78501b7a68b9a2d799110d1327d8f9d1752b93,2025-11-01T20:25:02.514013+00:00,2025-11-01T20:25:06+00:00,315
027a3bc8f51f9a11404970c74b49c0ffe73d1e4c5635f70737447cbd8214cef5,2025-11-01T20:25:02.659128+00:00,2025-11-01T20:25:06+00:00,315
546a2d0c84098daef1087ed865032a01da5d2738d72d4b9aca575e793e8cab99,2025-11-01T20:25:02.802621+00:00,2025-11-01T20:25:06+00:00,315
92144a784fa3dffd33160372e51528524981c47be56d81419aeeacb0572cfb69,2025-11-01T20:25:02.943831+00:00,2025-11-01T20:25:06+00:00,315
a9868f2c332e770eb7e272b78dc366961ef4c6491d0307b335eb8762bf9b5e47,2025-11-01T20:25:03.100003+00:00,2025-11-01T20:25:06+00:00,315
a63ceb85d335d767d0aa1d1f29623db45d325158a019a80523bb340b19e613e7,2025-11-01T20:25:03.244732+00:00,2025-11-01T20:25:06+00:00,315
a960124e302507a9114e908ac62d0eee3dea915136c0cc4f7cefbe66f59fda9c,2025-11-01T20:25:03.383284+00:00,2025-11-01T20:25:06+00:00,315
75ec7dd05dc79d67be43836b62f9d42280c4fb15030da50d9c8848f8a03c6d15,2025-11-01T20:25:03.527263+00:00,2025-11-01T20:25:06+00:00,315
b4c7b0337eb762cf9a8296ff21a96acc8582ad453cdf2f407936c167da6a38d9,2025-11-01T20:25:03.668639+00:00,2025-11-01T20:25:06+00:00,315
36786f1f26d755d8354cef057c0466a13a8ed77c133aa2883e7af4151916cee6,2025-11-01T20:25:03.817299+00:00,2025-11-01T20:25:06+00:00,315
0885ca2fedbd4c6d15fc99cf43772a6b5f580f8c695341ff1a1a0b9f0c991968,2025-11-01T20:25:03.962968+00:00,2025-11-01T20:25:11+00:00,316
6ce405c05ee775c1eb363173d738b6d5a131afd386238bda17419ec341e5c77a,2025-11-01T20:25:04.107358+00:00,2025-11-01T20:25:11+00:00,316
a78416f44c011a439d56d16793ca1e9cf93e412e72c2e89521a81b5ad8e27e1d,2025-11-01T20:25:04.254363+00:00,2025-11-01T20:25:11+00:00,316
7948b2a33640adef3cdfe46c71ebfe5f09173f709b46c72d59da143d891a8c07,2025-11-01T20:25:04.401808+00:00,2025-11-01T20:25:11+00:00,316
50968e206d197afeb4cc5874ff4586750d2d700bf2060c1f6feec03c4631a752,2025-11-01T20:25:04.543381+00:00,2025-11-01T20:25:11+00:00,316
2940b404d350515ef7fd8e0c644ad3f6bf1e0f2d5da13e1c00ce1bfc85f69c8a,2025-11-01T20:25:04.685978+00:00,2025-11-01T20:25:11+00:00,316
5a25d344d72f2526fe50d071934f851bfb005af230840c1f1f4160daed2f264d,2025-11-01T20:25:04.834534+00:00,2025-11-01T20:25:11+00:00,316
55ee6a9c6d12769c8c1d308daf41c58afed431d57e243d593f67cdff3ed6f483,2025-11-01T20:25:04.976557+00:00,2025-11-01T20:25:11+00:00,316
96acb46cd52e0fac2e4d0fdcfbff043a666df3f94df20e408d5139c5a1953ce5,2025-11-01T20:25:05.118285+00:00,2025-11-01T20:25:11+00:00,316
f4afd952ffec0f06fbd26f8f6b193ef9e4ce597533780be2ef3d226619603ce8,2025-11-01T20:25:05.262086+00:00,2025-11-01T20:25:11+00:00,316
d28861d608d29d19f77192f7349a0d5b9b7de94d1463a4a6d19305cc98652f55,2025-11-01T20:25:05.412379+00:00,2025-11-01T20:25:11+00:00,316
1676e5b0fdfe9b5ceee914d14b61347881230d331cb42af9a8aa6433cc05af5e,2025-11-01T20:25:05.561363+00:00,2025-11-01T20:25:11+00:00,316
8fc930fd09b115801cf04070c34d944d5acc7a2bbbdd3cd49891dfbc379365ee,2025-11-01T20:25:05.706778+00:00,2025-11-01T20:25:11+00:00,316
9509af8f4f772f538b9fa6540a593282c7950e6999bed013b0a35dceee5dce69,2025-11-01T20:25:05.850522+00:00,2025-11-01T20:25:11+00:00,316
74a1f30d0e3a4dd422055d0bf576e4389f40a9b54f624ce7003230d7f6693978,2025-11-01T20:25:05.995452+00:00,2025-11-01T20:25:11+00:00,316
12639313cc58a564b1c45ef23a7da7aa7b63bd16cff9fe459d6c7cbafd98eba5,2025-11-01T20:25:06.136071+00:00,2025-11-01T20:25:11+00:00,316
d57a7650110f467be05af9e3fe9d48f32e1e73c1369db0341868eaf8b075b423,2025-11-01T20:25:06.290100+00:00,2025-11-01T20:25:11+00:00,316
1e24e2ef606c1b5925c48bfd291625682825edd8febebffe78463e0d9bfb1c0e,2025-11-01T20:25:06.439310+00:00,2025-11-01T20:25:11+00:00,316
ca8b6ef39dde4d14b00b82367ae32aec9b8004cc4e481006fe4e3874bfecd35f,2025-11-01T20:25:06.588435+00:00,2025-11-01T20:25:11+00:00,316
02f46c89f869cfc48bf386b07c4add84fc93ad09b4575605a190bce11eba5c1a,2025-11-01T20:25:06.923832+00:00,2025-11-01T20:25:11+00:00,316
d7e544f450e4f275acf7d9363ba2018286e0ea15e2d8b33439f9fe1ddd0da5ed,2025-11-01T20:25:07.061362+00:00,2025-11-01T20:25:16+00:00,317
1e11ad6198d106b89426924f6a2c2416aa9de84d2480879b3d43ff78fe4a394a,2025-11-01T20:25:07.204363+00:00,2025-11-01T20:25:16+00:00,317
45c665b51610bb663bfc9a5a38bd4bb865bb46c4cdc55e54940654c31535e406,2025-11-01T20:25:07.347230+00:00,2025-11-01T20:25:16+00:00,317
d7794e79cd10102845510c144ae71683799d167d7cc87f9c4dfa32ed865ba776,2025-11-01T20:25:07.489562+00:00,2025-11-01T20:25:16+00:00,317
02edf684f984d2aa1466afa94828f54ce4f4a7eda100cbcf011f23921da32e0e,2025-11-01T20:25:07.637096+00:00,2025-11-01T20:25:16+00:00,317
7236ce5210eec576fd0b5e9b612f6ebc1b236984af1fc9e38612663c6943e22c,2025-11-01T20:25:07.778818+00:00,2025-11-01T20:25:16+00:00,317
374e2874689936bb4aa2a3211116a63a18f8e5ad478e273e73cfefba63fcb572,2025-11-01T20:25:07.917879+00:00,2025-11-01T20:25:16+00:00,317
ebf8bcec52c350c3e23299bcd5c93f86e6226d893f4887e61b3f5e40fb981bd0,2025-11-01T20:25:08.058738+00:00,2025-11-01T20:25:16+00:00,317
61bc1fe31c13178a37bbdb8186bd62fde700c41d1264467ca7d3daaf2a6e31b4,2025-11-01T20:25:08.203868+00:00,2025-11-01T20:25:16+00:00,317
dc3989daec6c9ac5c8d8fa5474b93e9d4b51fbfc57a5a2bd76314e0289619fff,2025-11-01T20:25:08.346223+00:00,2025-11-01T20:25:16+00:00,317
ff8489351e70ab2243ad358e3c40f74d066bc67c9b5a2f5223d075623639a171,2025-11-01T20:25:08.489289+00:00,2025-11-01T20:25:16+00:00,317
830f6c2133f65a3c88a95bfdcc82ca1aabb1fced4d9ebd87198ee79e23f0d78d,2025-11-01T20:25:08.635766+00:00,2025-11-01T20:25:16+00:00,317
49caa62f664ea771790d2fa8c09989b82c4c8e381dbb10723e00961a50668df5,2025-11-01T20:25:08.780127+00:00,2025-11-01T20:25:16+00:00,317
99c15a6900ea31f748e09615183d79794c8fda3cc044b7c1269cd418643b50a6,2025-11-01T20:25:08.925198+00:00,2025-11-01T20:25:16+00:00,317
f52bb22dcc2202c95f387355ffe0abf68d9aebb6b1ba4681ceab36f110f30529,2025-11-01T20:25:09.063952+00:00,2025-11-01T20:25:16+00:00,317
b478130cccb0f9d783993aed572805422833cde5ffa21fd6f9808aeb98796ea6,2025-11-01T20:25:09.208773+00:00,2025-11-01T20:25:16+00:00,317
4ada7153787c870c3c64d80d066b16d9bb7d32f1b026bba11496a66f93cb72e1,2025-11-01T20:25:09.356746+00:00,2025-11-01T20:25:16+00:00,317
e961040af642b60c53623a7c68542895875fee71ed7396cc0a4a0e09144a97f1,2025-11-01T20:25:09.516090+00:00,2025-11-01T20:25:16+00:00,317
f146f906d857fabdbf64dc1870b453cdee22647b5f21c611447b17af794a8860,2025-11-01T20:25:09.662882+00:00,2025-11-01T20:25:21+00:00,318
11b6f3af8140e8994a361d2ff60e3b2d11417c83b46ed41c39b0130e32af5996,2025-11-01T20:25:09.807334+00:00,2025-11-01T20:25:21+00:00,318
a6ffd8eab3744037e7b45245a88c2791451a26b1dad63b0783d7fc23bfee0ca4,2025-11-01T20:25:09.950039+00:00,2025-11-01T20:25:21+00:00,318
aed15029700d84ebdb4693078aa003f709c5df29b3674d39f81cf2b50c83ebc5,2025-11-01T20:25:10.099696+00:00,2025-11-01T20:25:21+00:00,318
1d30ad1ba5fd337552895d3205570116c805e226e5dc79f6c0fd3099c83539a7,2025-11-01T20:25:10.246682+00:00,2025-11-01T20:25:21+00:00,318
703f556882b6cc4928c7c5c534c8422063351408a838472e09c74b6b21999623,2025-11-01T20:25:10.388809+00:00,2025-11-01T20:25:21+00:00,318
5b648d6fca77483b2bfd03a761112aed42436a57544143c9ccb0d77115d30936,2025-11-01T20:25:10.536926+00:00,2025-11-01T20:25:21+00:00,318
9b40a7cb040a67e83aae5d7a7c528b167ffe2402935df097be8abf3b45dfaa74,2025-11-01T20:25:10.680893+00:00,2025-11-01T20:25:21+00:00,318
425649f52eedc4740f62974211b6f9fcc48494336150a0791124ad8d84f56973,2025-11-01T20:25:10.825264+00:00,2025-11-01T20:25:21+00:00,318
e410ced7deb664cc8daf7a2a52c8ab1a94ee3e527d43648c2d7c19de43ff549e,2025-11-01T20:25:10.971508+00:00,2025-11-01T20:25:21+00:00,318
d38e14957fe836fcc2d689487f42dab1889a9b9e0ac8561fed74265f723733ba,2025-11-01T20:25:11.120456+00:00,2025-11-01T20:25:21+00:00,318
bda2bcd3e76910575e48f7764e4396e52c6a8d6eb524a1c01d62a3a18abc6816,2025-11-01T20:25:11.265533+00:00,2025-11-01T20:25:21+00:00,318
193a075442840133d137610bef708d6464e33d79652b55794a87f31aa50578f4,2025-11-01T20:25:11.412057+00:00,2025-11-01T20:25:21+00:00,318
efd5441391acaa4505720e000549c6a671aad06d592597f3504709c80f73d1a4,2025-11-01T20:25:11.563147+00:00,2025-11-01T20:25:21+00:00,318
d08d64b34d5b4b0e95a5e3e4a817c76563b44571430b28520a6813dfa3d72a71,2025-11-01T20:25:11.701884+00:00,2025-11-01T20:25:21+00:00,318
b2a72d32284b0222a8a63552feb1e0f5596b5073e44cac02feabadfe3689f5a0,2025-11-01T20:25:11.865342+00:00,2025-11-01T20:25:21+00:00,318
42376421128974fee45b92791cc81b05b97a77e32c0f3525bb5ebe724be4a9ad,2025-11-01T20:25:12.014228+00:00,2025-11-01T20:25:21+00:00,318
cd188fd8cf4bfb1b1c732d75e73fe923bced958d29c9f93edb9c9fca444f802d,2025-11-01T20:25:12.152836+00:00,2025-11-01T20:25:21+00:00,318
fc4e336573f6bee2e54aae7c66171e1fa9803d86da4e29337a38c1c99352a4ea,2025-11-01T20:25:12.310430+00:00,2025-11-01T20:25:21+00:00,318
e920b933cb2de99ceafa9535a70bb33bec1e86b182a9dbd47c34bf371ea9ef94,2025-11-01T20:25:12.461860+00:00,2025-11-01T20:25:21+00:00,318
5ca5746e2a5eee1d9a95f38ac1302abb1e58317f16bf2d60a5c20ae06ff346d4,2025-11-01T20:25:12.612647+00:00,2025-11-01T20:25:21+00:00,318
ec662185de769b93f9087e3524733eca14b67e88371b826b0b07ecefc1f5a383,2025-11-01T20:25:12.751978+00:00,2025-11-01T20:25:21+00:00,318
3c77f5bff2494854f5e93b6c8edd1fcd6b9e209ac92c4a008b9f6c0ca50401f7,2025-11-01T20:25:12.898673+00:00,2025-11-01T20:25:21+00:00,318
42a10d7c3ed046247922fd0a968d7505b3bebface82f2f7231395956c9986f54,2025-11-01T20:25:13.038277+00:00,2025-11-01T20:25:21+00:00,318
288cb79db6d292b74fa6ee84eeb72b72242da0f61b120d42c4aceef4b2ff8571,2025-11-01T20:25:13.175997+00:00,2025-11-01T20:25:21+00:00,318
e56701f770eb35dee9a4512f1ef229ef9ed67588c6bd997063715bff537070e7,2025-11-01T20:25:13.317536+00:00,2025-11-01T20:25:21+00:00,318
1cfc0a6b04eb98f74c073eb405f28b4cafe617ccb9e540e9bd1a96b081e75d66,2025-11-01T20:25:13.461442+00:00,2025-11-01T20:25:21+00:00,318
81c7a302c5c4561e7dd572cb23e1e7d1929ab54d00e66a8b7b7162ed806d0e9d,2025-11-01T20:25:13.611258+00:00,2025-11-01T20:25:21+00:00,318
46ac1a83a0d2959c905dc6f27aa978698bc9d3965f833a739a20701c339f9e5c,2025-11-01T20:25:13.755403+00:00,2025-11-01T20:25:21+00:00,318
f8cad4e6b5064791e96a484604f27d22bbcaaffefdf704a8c41a983afd59506a,2025-11-01T20:25:13.957551+00:00,2025-11-01T20:25:21+00:00,318
2ca4f61a6cdbf5b525716d28f132cb274837d57d084d7cfb028d7415709c695f,2025-11-01T20:25:14.210769+00:00,2025-11-01T20:25:21+00:00,318
2a0786b471d300fec4a8bd9ef1f4787721534200ca1f6a6a53800a673bc2d1be,2025-11-01T20:25:14.359082+00:00,2025-11-01T20:25:21+00:00,318
0df3ca6d492dde819e6d4c870fe3cc3d3104305dcd3704341bb9947d56cd817a,2025-11-01T20:25:14.501940+00:00,2025-11-01T20:25:21+00:00,318
e7e2c3d401ec3283010daf649ead51a58246109b4045679a59bf5249bc3acb7b,2025-11-01T20:25:14.647795+00:00,2025-11-01T20:25:27+00:00,319
78ab9fee20674046a37eba59edc1f3bc641f7d8870d75b489621e9f9bdff4cad,2025-11-01T20:25:14.793922+00:00,2025-11-01T20:25:27+00:00,319
f7c687b34677029cef334a50cf20dbfc80e8aa6cbd4bcf11af9c13e85b5e6ca5,2025-11-01T20:25:14.936852+00:00,2025-11-01T20:25:27+00:00,319
156a396984a5e1c80638972f5c800838a399465b012e2ba36a0d154e05e32131,2025-11-01T20:25:15.087154+00:00,2025-11-01T20:25:27+00:00,319
a73005d05ee85b1e0480da36422a4e2d0c484df11b3878542e7f320658b12494,2025-11-01T20:25:15.236500+00:00,2025-11-01T20:25:27+00:00,319
e19a2a35266e553b8db5e9cf6554e7f15b5c230d4a409787396f6f78092129d7,2025-11-01T20:25:15.384708+00:00,2025-11-01T20:25:27+00:00,319
16b2cae1fd1554d1df50c53f7fa5e5874bdb25e50ce8229ef8d5205227347398,2025-11-01T20:25:15.530772+00:00,2025-11-01T20:25:27+00:00,319
b3ea1cb3ca66aaef9a5d9af0457f7ecb15b69a9a1b97438839bb8460be1ee078,2025-11-01T20:25:15.674600+00:00,2025-11-01T20:25:27+00:00,319
1bb9a386f76f1d6c0c9ae4f84134f872fa7b0a71955867c9774d4886f0f034ed,2025-11-01T20:25:15.829911+00:00,2025-11-01T20:25:27+00:00,319
f7d1cbf13d74c93fc9ce6139ce72c0155a16a777e8ca32850ba48578589c5860,2025-11-01T20:25:15.982487+00:00,2025-11-01T20:25:27+00:00,319
b51437883c70eb86cb0685ff233856e67ed7467fef37605917fdff110ddb554d,2025-11-01T20:25:16.125377+00:00,2025-11-01T20:25:27+00:00,319
123822cf7a7058c1d2b20664980a622343cd9dbc533da1c96776e29291ffe266,2025-11-01T20:25:16.269100+00:00,2025-11-01T20:25:27+00:00,319
8c7af7dca309c0950bcf41bc8da7391ed5efe116ce84ccbca7642f868a760fa2,2025-11-01T20:25:16.407809+00:00,2025-11-01T20:25:27+00:00,319
383cb5ea19df8324885703d01123e5fba738f08339dee3e40ef45aa3d6ceea2c,2025-11-01T20:25:16.550426+00:00,2025-11-01T20:25:27+00:00,319
05fcdfd221fedb2b75efe9cc90559a1705b1a60e08ad3b5daaffed66146a9d60,2025-11-01T20:25:16.695111+00:00,2025-11-01T20:25:27+00:00,319
57fabf3bc01dd3ef7415a16191df273f1ece618d3cad7286318608aa06da685f,2025-11-01T20:25:16.847762+00:00,2025-11-01T20:25:27+00:00,319
c2396210496e3f6428620818cd99264eb20059adaa7b43718de71d462864ae0d,2025-11-01T20:25:17.044846+00:00,2025-11-01T20:25:27+00:00,319
90deb4b4da810f5c763e87717a4186e7ca2a22f44ff27b31c9f189f79d0b32a8,2025-11-01T20:25:17.193450+00:00,2025-11-01T20:25:27+00:00,319
68a276723e14e20b24d1cd1a369bbd094f63b6c1b96b157b9b164a79c2f095b6,2025-11-01T20:25:17.341819+00:00,2025-11-01T20:25:27+00:00,319
6cf1c1682471dfdf857d2d2918d4d2151c5a99437d2796b7d0c3baf4dbf9405c,2025-11-01T20:25:17.497867+00:00,2025-11-01T20:25:27+00:00,319
61c3a868ea50fe108b8d35a75793eeeb9375a5611b86139b7b37e936b262fdd5,2025-11-01T20:25:17.680460+00:00,2025-11-01T20:25:27+00:00,319
44639f8bb6e74db5ffdb649cb544a4f2250a43050b4a2846e1bd415d93f82c9c,2025-11-01T20:25:17.840818+00:00,2025-11-01T20:25:27+00:00,319
99a046ac6e318d69d48bc00c3ff8ecccab55b0a4442a103af8f5c2951070d71e,2025-11-01T20:25:18.005792+00:00,2025-11-01T20:25:27+00:00,319
9707381ecf660107034ef2ab007ac8dbe2aff817500ec7ddc5ffe3a2006a2b44,2025-11-01T20:25:18.154839+00:00,2025-11-01T20:25:27+00:00,319
e21d5f8beae27d26a7b84aae541ff9f160a70b2bb36c144805820c570e81d5d1,2025-11-01T20:25:18.328676+00:00,2025-11-01T20:25:27+00:00,319
e61c845d49cb62beddb52d562016637aae9f594dc52338993d4b242211f6c5f7,2025-11-01T20:25:18.482846+00:00,2025-11-01T20:25:27+00:00,319
2bbdd0a8fe36a02bdc7d971dd54aff5622d99db211e86494cc2917c3185b31fc,2025-11-01T20:25:18.645490+00:00,2025-11-01T20:25:27+00:00,319
052b00377272c6a0c4d5d585b271a1e105eef1fa050f7380155e2c548de97d76,2025-11-01T20:25:18.829500+00:00,2025-11-01T20:25:27+00:00,319
d9492a6351a2d9563f133de9a473e8078306e977c98c9c2b1832724a59885380,2025-11-01T20:25:18.995040+00:00,2025-11-01T20:25:27+00:00,319
288289244d37d3c0d42507bd9f7a3b5f909533b51a7f07ca5c6698eec9bbff79,2025-11-01T20:25:19.149771+00:00,2025-11-01T20:25:27+00:00,319
28b44e3840d6abd3e5384e0cd51c5e907d17568a0f2b84f663e57da6f1954be6,2025-11-01T20:25:19.314089+00:00,2025-11-01T20:25:27+00:00,319
9da2b2e4f407d155a1e2dd85d384c97291b3879c9c35340bfb8e7dfe4173e585,2025-11-01T20:25:19.475279+00:00,2025-11-01T20:25:27+00:00,319
4fcd9a6a8af7dabd099a97cb3279340b3f6ce9c94a44078cee37681c8f6c4c45,2025-11-01T20:25:19.698489+00:00,2025-11-01T20:25:27+00:00,319
914d1b54a125ba1fa23f1247ed6436fba31c645de8657d04fec1b5b5aa85a633,2025-11-01T20:25:19.846385+00:00,2025-11-01T20:25:27+00:00,319
8485a56a9f82df1c936032fca11bd16f8411e780d97407489c51290034912aff,2025-11-01T20:25:19.987194+00:00,2025-11-01T20:25:27+00:00,319
8aac9e0b63618a2ec34a5974008bb2767e904b9f1143f9f90f326de6dec0bf04,2025-11-01T20:25:20.136271+00:00,2025-11-01T20:25:27+00:00,319
aaf41ad4e75b2e9a431fb4089d810d39b99324ab46ddf1f96655eb25a4f3bfda,2025-11-01T20:25:20.288010+00:00,2025-11-01T20:25:27+00:00,319
0ae420a69a16df4886f3bbf9c39226c10a6ee449d344f03c156a8ca2947e0e7b,2025-11-01T20:25:20.427972+00:00,2025-11-01T20:25:27+00:00,319
cd923fdb4b352491726c40b5c1d67129558272367f14d1d60aa62152f65a654d,2025-11-01T20:25:20.576101+00:00,2025-11-01T20:25:27+00:00,319
4055aabe3a098b1b206da092ca7a211cf6234af68073b942c141806b7d4adc75,2025-11-01T20:25:20.735767+00:00,2025-11-01T20:25:27+00:00,319
5ede36ea0c4ff198040f1d2308bf9bd41fe3772c0d5313dd1c5e5ed742e8a427,2025-11-01T20:25:20.878474+00:00,2025-11-01T20:25:27+00:00,319
7eaabe8bd15f9d8268f816b1d2cb9850fd9505dfb76df2b8436245f75d22e6f4,2025-11-01T20:25:21.024983+00:00,2025-11-01T20:25:27+00:00,319
7b7f3c6a76fd56cafb0840ff862f660178c9c33f36aef57bf12a2743f0e77011,2025-11-01T20:25:21.174112+00:00,2025-11-01T20:25:27+00:00,319
78b8843d66d63d3edaa362aae46003389add72743f13ab01c391918179aeee17,2025-11-01T20:25:21.317914+00:00,2025-11-01T20:25:27+00:00,319
355e84b7ace93a910bdd7c3bcf5158ccc6dfae78ff639eb2b23b92f9a7921461,2025-11-01T20:25:21.459250+00:00,2025-11-01T20:25:32+00:00,320
da96e18b9d7eedd282c822902e7df1bb6fa76e41281736ac868989a8110a5b3b,2025-11-01T20:25:21.608727+00:00,2025-11-01T20:25:32+00:00,320
c80d627289cd0b18db86d9bb62d5652ea074df992dc5641097ea0174b98dfc0f,2025-11-01T20:25:21.772485+00:00,2025-11-01T20:25:32+00:00,320
15a6025c0f72b7f0d86d3bfdc6585c6a9efa14e110917fd96d3f6d65fec7ebb6,2025-11-01T20:25:21.922504+00:00,2025-11-01T20:25:32+00:00,320
0e6cdcb17ff03157a1c1dbbed1ddd7d4af6ffafe74a7a944f8fe2adeb8dab651,2025-11-01T20:25:22.302810+00:00,2025-11-01T20:25:32+00:00,320
e83f31c5568103a9511b3e2b03fa224a09d4c83fdc368c4e6f476d7907ff3207,2025-11-01T20:25:22.455792+00:00,2025-11-01T20:25:32+00:00,320
104778f852660b5568a5e8dc40a2bccf8397ae5eff0ce0a5f7bb872be16ab8d6,2025-11-01T20:25:22.622255+00:00,2025-11-01T20:25:32+00:00,320
1f6bfab14017bc1a40dcf0d50fc004714a68de35cc350474ef4c321a97adfece,2025-11-01T20:25:22.805883+00:00,2025-11-01T20:25:32+00:00,320
e68df8cc39ea810c15344bd5dc3d4b9749a748271bebaea7b7234297a74f7dfc,2025-11-01T20:25:22.967296+00:00,2025-11-01T20:25:32+00:00,320
ed02116f0f198759f73cbc8b9e04082b75fca9f579d60bb03cbdc7071f97765a,2025-11-01T20:25:23.114006+00:00,2025-11-01T20:25:32+00:00,320
380e1dcbe781d4ab6f4a457b5972bef4d88ec30da2302be900b82b18f027643b,2025-11-01T20:25:23.258764+00:00,2025-11-01T20:25:32+00:00,320
d5c58912372a8f98186bc4b166595016a3753a34abe1477788f928d2ac167a41,2025-11-01T20:25:23.410355+00:00,2025-11-01T20:25:32+00:00,320
c7483475cc9eebadef76db46d8468dec56509475fc5b15be29495c9c3f7f8952,2025-11-01T20:25:23.558381+00:00,2025-11-01T20:25:32+00:00,320
1e206ad8d06b2117bef16cce35a1c303ac0522043547177bbddc25cba72e230a,2025-11-01T20:25:23.704520+00:00,2025-11-01T20:25:32+00:00,320
0c8f49ebc62ea07bc6ffdbc1c99a0d66ef87fc6b2bce6bb4ab7b6573d7a5528c,2025-11-01T20:25:23.849013+00:00,2025-11-01T20:25:32+00:00,320
7482c9b60e870dee329eebfbf9f69bb8ac9bb1f01098448d0b6f29fdaf0a2c26,2025-11-01T20:25:23.995002+00:00,2025-11-01T20:25:32+00:00,320
7985e7aa5b7e2ba67c8f27f0f3acbbc298c560a64a8beb448cee45e93695b27d,2025-11-01T20:25:24.138189+00:00,2025-11-01T20:25:32+00:00,320
7902da0306606040ae14f2de25ccf989260d54e5272393a1f7898ddcf9729088,2025-11-01T20:25:24.278834+00:00,2025-11-01T20:25:32+00:00,320
bb6b919f7c9a11be71f3e9baf7d9b5758f146912d62f5f013f0ce145cf03b7bf,2025-11-01T20:25:24.421208+00:00,2025-11-01T20:25:32+00:00,320
2928b0592c57de98c3b3114a0ca783294333030978444ca4f8a564bd5639b981,2025-11-01T20:25:24.562712+00:00,2025-11-01T20:25:32+00:00,320
ea9fe82935c2360902637803b2dbb4d3f534839ebc7baeaa2b6f31737dc40701,2025-11-01T20:25:24.711916+00:00,2025-11-01T20:25:32+00:00,320
cb817334881d45249b6b9cf1bb41eab29e5329fe6dc7dfcd4d75a25049dd02eb,2025-11-01T20:25:24.849033+00:00,2025-11-01T20:25:32+00:00,320
85e236533f928d1afed68b4fac5dec7bf8e512b1bd8b1abac6b2cf1d6a401979,2025-11-01T20:25:24.991111+00:00,2025-11-01T20:25:32+00:00,320
22439f883155acb7fffa58bfb5caf95cd639b9c51de377c7a86c33c948f7d49e,2025-11-01T20:25:25.134261+00:00,2025-11-01T20:25:32+00:00,320
5d643d4b64afe1e54e0ffb88cec01d676a5a48e2f8ce3552a262609921a960f8,2025-11-01T20:25:25.272828+00:00,2025-11-01T20:25:32+00:00,320
51de2ee38609d71af8f4ee80810f78f9437a0a940b806ffd4aca7b715a5f152c,2025-11-01T20:25:25.413592+00:00,2025-11-01T20:25:32+00:00,320
c67008def66b9e5bf7608b778c580ddee1b4505e85b9eec3cc0a66162b60906c,2025-11-01T20:25:25.552131+00:00,2025-11-01T20:25:32+00:00,320
8c871d120e42435a56c552d2b06568c2f1488b7ad16eb1a8d8833cf6c61fe930,2025-11-01T20:25:25.702199+00:00,2025-11-01T20:25:32+00:00,320
dca2d236cf2dbc36b6460dc4f0fbab73ac66c0ff71a77499c5c77cf3183f8a42,2025-11-01T20:25:25.862321+00:00,2025-11-01T20:25:32+00:00,320
1bdbd923898ac8f6baad2cc69309278c309921008a23611a19f4bf3625112553,2025-11-01T20:25:26.002344+00:00,2025-11-01T20:25:32+00:00,320
f78661d0e993a02dbed08e8ac3970cf112a8937c87f5b2e573b9009f7b5ba49d,2025-11-01T20:25:26.143918+00:00,2025-11-01T20:25:32+00:00,320
169f168f21d9bb40daf6907c13203521481ec63b814ccac25dcc5b7777dff674,2025-11-01T20:25:26.293967+00:00,2025-11-01T20:25:32+00:00,320
e82da2873785cd918937ee7fbc05ca4c00dc2142eca0ee36131d245d1527adf6,2025-11-01T20:25:26.440964+00:00,2025-11-01T20:25:32+00:00,320
6f8b78cd8f6ccc30eda2cd9cd664fe5bf982975c12bdda3c40f63c4fd95c02ca,2025-11-01T20:25:26.591817+00:00,2025-11-01T20:25:32+00:00,320
3ce1640b26d2385b973c2b4f99d473022585e2a8cecea7ca76aae1620f72398f,2025-11-01T20:25:26.728324+00:00,2025-11-01T20:25:32+00:00,320
2d3b47faafe827613c7b913bd042db3cd6731c7733375d90ffa8c98987611d5d,2025-11-01T20:25:26.869822+00:00,2025-11-01T20:25:32+00:00,320
2174b9653ae9404560c705b4cb781c8fe1d25c9c53d57c0d43b3dda373c56f80,2025-11-01T20:25:27.010597+00:00,2025-11-01T20:25:32+00:00,320
9ed288fdde7842ad7b16e7b84849602596ac521d632a951931e3490a3c778659,2025-11-01T20:25:27.398417+00:00,2025-11-01T20:25:32+00:00,320
f2240b0b6d5117cc9a60500c06b660d098beee78b7665eaed72861da61ed3354,2025-11-01T20:25:27.578404+00:00,2025-11-01T20:25:32+00:00,320
6efa3e14023b19b86388e4e79a3169dd0b53c0b4f2b57c4a58a416a3be9a4448,2025-11-01T20:25:27.718710+00:00,2025-11-01T20:25:32+00:00,320
6cb56b2b5e3c8521de55c1931b659c14b5f00894784110422d161564e75d751f,2025-11-01T20:25:27.880191+00:00,2025-11-01T20:25:32+00:00,320
a3b33738e3329c71c7e986b02d6133c90c5f23c846657c5580c739705432049f,2025-11-01T20:25:28.032224+00:00,2025-11-01T20:25:32+00:00,320
41daba58a67c73c764234e93dbcba2febb1294bb300d771c6b04c54bdf5d2faa,2025-11-01T20:25:28.173521+00:00,2025-11-01T20:25:32+00:00,320
70121889742ddeb63cecba66efabd2ba0e5917c548574211341c9ef90e80c23f,2025-11-01T20:25:28.316062+00:00,2025-11-01T20:25:32+00:00,320
15a2edac1afd67fb6770b5b0f696899af2b7cdd2635d48ceea43f28caf85db6a,2025-11-01T20:25:28.461698+00:00,2025-11-01T20:25:32+00:00,320
7f11dbbcba66daa74a4c6403931a19ffa15683258d4e43e666dadd57a5573645,2025-11-01T20:25:28.603364+00:00,2025-11-01T20:25:32+00:00,320
2d9e00c4a1ce418c54ca9ec62d9cf5a9816183a55407b1cd9f4ca8526dd16e96,2025-11-01T20:25:28.752660+00:00,2025-11-01T20:25:32+00:00,320
ef92f2824aa0818504154dc4e96dcd95014cd3f9165e0e7b5b4ebf495c3211f2,2025-11-01T20:25:28.894305+00:00,2025-11-01T20:25:32+00:00,320
426f60dde4150cb7cb2029b22fa685d5c2b4516876240cb83db923da083b836f,2025-11-01T20:25:29.032331+00:00,2025-11-01T20:25:32+00:00,320
edb289e4e82027ff4c332e041d1072f9e7efae3ec2a8a17b72e56c6c4875137a,2025-11-01T20:25:29.175283+00:00,2025-11-01T20:25:32+00:00,320
994c11d0e594f9d49eb119144ecea9618216178805884ee87762cdf6c857bb44,2025-11-01T20:25:29.347872+00:00,2025-11-01T20:25:32+00:00,320
f4dbd27fa856716f77488ed45df7981afa83d42d8455250555dcde3de6aa8ae2,2025-11-01T20:25:29.498960+00:00,2025-11-01T20:25:32+00:00,320
6b9027824b8f7512b9f648a85fa1564e6b832082190a98cf6258cbd382a9412f,2025-11-01T20:25:29.671699+00:00,2025-11-01T20:25:32+00:00,320
35d7ece2b859ac01e1a21267c9b3b0b997de5ac71ea37ea8ba09889153ba2cdc,2025-11-01T20:25:29.816465+00:00,2025-11-01T20:25:32+00:00,320
315953dd1e75d1a3f6f439a19a1b99f8084dd3371c84243dabca2477574f4c64,2025-11-01T20:25:29.955885+00:00,2025-11-01T20:25:32+00:00,320
2915b501181e08e2dd5454d71fa824a7869b78cdaba56128e7b134fa7cdb15b7,2025-11-01T20:25:30.098540+00:00,2025-11-01T20:25:37+00:00,321
5f63952ae0f2c73eaf326e212c019aba5f6c058e2f91a434d710183e376e55d5,2025-11-01T20:25:30.242800+00:00,2025-11-01T20:25:37+00:00,321
31edafe80b80c58b0504d9abfcd729ef08ba024f3f2798e953e46a1c0eb88769,2025-11-01T20:25:30.390047+00:00,2025-11-01T20:25:37+00:00,321
26238f8fd911ee852e7589853ff374a9d99485dbd00f9ef59390a4f3f0591a9e,2025-11-01T20:25:30.529468+00:00,2025-11-01T20:25:37+00:00,321
32ef4f12005d58d0b3d894358f0b8ba26a90bde90818c3521af1cbc007fe5889,2025-11-01T20:25:30.689579+00:00,2025-11-01T20:25:37+00:00,321
84077464d2d0c783379ea70cbc0acaa12cb3dfc3b322dd6788410bc5db23dbf8,2025-11-01T20:25:30.901688+00:00,2025-11-01T20:25:37+00:00,321
e3bda0a1a6fd1bf7130c6166d68af783aa98b284b3a86849a16b749c2edee2f2,2025-11-01T20:25:31.063237+00:00,2025-11-01T20:25:37+00:00,321
58248b1d3db41fb31adbf3632268345ba72e32619d92f60d3e0fd7abacf56986,2025-11-01T20:25:31.206606+00:00,2025-11-01T20:25:37+00:00,321
a50c0b495bf3711c6fb9d707153a1857cf00cc3d03d1a972c9335041033bf6e5,2025-11-01T20:25:31.352575+00:00,2025-11-01T20:25:37+00:00,321
b8a6eb20a1460f793ac997b3120854abe69fe59c189843e3da7129cbbcd88205,2025-11-01T20:25:31.497507+00:00,2025-11-01T20:25:37+00:00,321
8c1fe2e9873b65a1a92cb632e726412ec196572603a1b59585be3068f5e4dd52,2025-11-01T20:25:31.637954+00:00,2025-11-01T20:25:37+00:00,321
d5faad0a9f169fe5fc52a390134cb2b907b5c317d48624dd173774b2f4913466,2025-11-01T20:25:31.786518+00:00,2025-11-01T20:25:37+00:00,321
8ea8377148671bc274c8d9f2a4931fcdf1d4ca8d30ffbe7644b67219cff22c94,2025-11-01T20:25:31.958652+00:00,2025-11-01T20:25:37+00:00,321
22f20682897ff839634344e56e0bde0df5d371d320d1e6058e199ad10f00bde9,2025-11-01T20:25:32.100965+00:00,2025-11-01T20:25:37+00:00,321
4a6a74df9a793b9789eb8844e5a165689e3968a49efb58d9c0b794ce6db12c70,2025-11-01T20:25:32.876271+00:00,2025-11-01T20:25:37+00:00,321
c94ace8361e3f91af71f4deefa12fb941f50a6eea3e40d07e67141f43b62cc68,2025-11-01T20:25:33.048426+00:00,2025-11-01T20:25:37+00:00,321
65863e75ce4ce46b6b2203011fd05f5467f09c3a28e33bac3a45a85663cff2a9,2025-11-01T20:25:33.189610+00:00,2025-11-01T20:25:37+00:00,321
8d25adff93e34d41d208f89ed3858791fc72dc4931db79814fdf777783014616,2025-11-01T20:25:33.329042+00:00,2025-11-01T20:25:37+00:00,321
75af3536a818984eae11086c39159fa7877f735eae24a51dc8e873814465f445,2025-11-01T20:25:33.473264+00:00,2025-11-01T20:25:37+00:00,321
9d6027e988c655df0c6f7fecf1715e9b35c7fb87f13cbc3624a4cc9f89735aaa,2025-11-01T20:25:33.610941+00:00,2025-11-01T20:25:37+00:00,321
7a1600838f8ccb09cf599a4c02c6f6215336f64814315aef77e3309b1cd33963,2025-11-01T20:25:33.763961+00:00,2025-11-01T20:25:37+00:00,321
3d54abe53ea8fdf3f2c157a36432c2d5a5a3933084bef6d7676821b15dd34d55,2025-11-01T20:25:33.942028+00:00,2025-11-01T20:25:37+00:00,321
