2025-10-26T21:50:36Z Bitcoin Core version v27.0.0 (release build)
2025-10-26T21:50:36Z Script verification uses 7 additional threads
2025-10-26T21:50:36Z Using the 'arm_shani(1way,2way)' SHA256 implementation
2025-10-26T21:50:36Z Default data directory /home/bitcoin/.bitcoin
2025-10-26T21:50:36Z Using data directory /home/bitcoin/.bitcoin/regtest
2025-10-26T21:50:36Z Config file: /home/bitcoin/.bitcoin/bitcoin.conf
2025-10-26T21:50:36Z Config file arg: [regtest] fallbackfee="0.0002"
2025-10-26T21:50:36Z Config file arg: [regtest] maxmempool="500"
2025-10-26T21:50:36Z Config file arg: [regtest] rpcallowip="0.0.0.0/0"
2025-10-26T21:50:36Z Config file arg: [regtest] rpcbind="0.0.0.0"
2025-10-26T21:50:36Z Config file arg: [regtest] rpcpassword=****
2025-10-26T21:50:36Z Config file arg: [regtest] rpcuser=****
2025-10-26T21:50:36Z Config file arg: [regtest] server="1"
2025-10-26T21:50:36Z Command-line arg: connect="node67:18444"
2025-10-26T21:50:36Z Command-line arg: connect="node69:18444"
2025-10-26T21:50:36Z Command-line arg: datadir="/home/bitcoin/.bitcoin"
2025-10-26T21:50:36Z Command-line arg: discover="1"
2025-10-26T21:50:36Z Command-line arg: dnsseed="0"
2025-10-26T21:50:36Z Command-line arg: listen="1"
2025-10-26T21:50:36Z Command-line arg: maxconnections="64"
2025-10-26T21:50:36Z Command-line arg: printtoconsole="1"
2025-10-26T21:50:36Z Command-line arg: regtest="1"
2025-10-26T21:50:36Z Command-line arg: rpcallowip="0.0.0.0/0"
2025-10-26T21:50:36Z Command-line arg: rpcbind="0.0.0.0"
2025-10-26T21:50:36Z Command-line arg: rpcpassword=****
2025-10-26T21:50:36Z Command-line arg: rpcuser=****
2025-10-26T21:50:36Z Command-line arg: server="1"
2025-10-26T21:50:36Z Command-line arg: txindex="1"
2025-10-26T21:50:36Z Command-line arg: zmqpubhashblock="tcp://0.0.0.0:28332"
2025-10-26T21:50:36Z Command-line arg: zmqpubhashtx="tcp://0.0.0.0:28333"
2025-10-26T21:50:36Z Using at most 64 automatic connections (1048576 file descriptors available)
2025-10-26T21:50:36Z Using 16 MiB out of 16 MiB requested for signature cache, able to store 524288 elements
2025-10-26T21:50:36Z Using 16 MiB out of 16 MiB requested for script execution cache, able to store 524288 elements
2025-10-26T21:50:36Z scheduler thread start
2025-10-26T21:50:36Z Binding RPC on address 0.0.0.0 port 18443
2025-10-26T21:50:36Z WARNING: the RPC server is not safe to expose to untrusted networks such as the public internet
2025-10-26T21:50:36Z Binding RPC on address 0.0.0.0 port 18443
2025-10-26T21:50:36Z Binding RPC on address 0.0.0.0 port 18443 failed.
2025-10-26T21:50:36Z Config options rpcuser and rpcpassword will soon be deprecated. Locally-run instances may remove rpcuser to use cookie-based auth, or may be replaced with rpcauth. Please see share/rpcauth for rpcauth auth generation.
2025-10-26T21:50:36Z Starting HTTP server with 4 worker threads
2025-10-26T21:50:36Z Using wallet directory /home/bitcoin/.bitcoin/regtest/wallets
2025-10-26T21:50:36Z init message: Verifying wallet(s)…
2025-10-26T21:50:36Z Using /16 prefix for IP bucketing
2025-10-26T21:50:36Z init message: Loading P2P addresses…
2025-10-26T21:50:36Z Creating peers.dat because the file was not found ("/home/bitcoin/.bitcoin/regtest/peers.dat")
2025-10-26T21:50:36Z init message: Loading banlist…
2025-10-26T21:50:36Z Recreating the banlist database
2025-10-26T21:50:36Z SetNetworkActive: true
2025-10-26T21:50:36Z /home/bitcoin/.bitcoin/regtest/fee_estimates.dat is not found. Continue anyway.
2025-10-26T21:50:36Z Script verification uses 7 additional threads
2025-10-26T21:50:36Z Cache configuration:
2025-10-26T21:50:36Z * Using 2.0 MiB for block index database
2025-10-26T21:50:36Z * Using 56.0 MiB for transaction index database
2025-10-26T21:50:36Z * Using 8.0 MiB for chain state database
2025-10-26T21:50:36Z * Using 384.0 MiB for in-memory UTXO set (plus up to 476.8 MiB of unused mempool space)
2025-10-26T21:50:36Z init message: Loading block index…
2025-10-26T21:50:36Z Validating signatures for all blocks.
2025-10-26T21:50:36Z Setting nMinimumChainWork=0000000000000000000000000000000000000000000000000000000000000000
2025-10-26T21:50:36Z Opening LevelDB in /home/bitcoin/.bitcoin/regtest/blocks/index
2025-10-26T21:50:36Z Opened LevelDB successfully
2025-10-26T21:50:36Z Using obfuscation key for /home/bitcoin/.bitcoin/regtest/blocks/index: 0000000000000000
2025-10-26T21:50:36Z LoadBlockIndexDB: last block file = 0
2025-10-26T21:50:36Z LoadBlockIndexDB: last block file info: CBlockFileInfo(blocks=0, size=0, heights=0...0, time=1970-01-01...1970-01-01)
2025-10-26T21:50:36Z Checking all blk files are present...
2025-10-26T21:50:36Z Initializing databases...
2025-10-26T21:50:36Z Initializing chainstate Chainstate [ibd] @ height -1 (null)
2025-10-26T21:50:36Z Opening LevelDB in /home/bitcoin/.bitcoin/regtest/chainstate
2025-10-26T21:50:36Z Opened LevelDB successfully
2025-10-26T21:50:36Z Wrote new obfuscate key for /home/bitcoin/.bitcoin/regtest/chainstate: 388833efbabacb85
2025-10-26T21:50:36Z Using obfuscation key for /home/bitcoin/.bitcoin/regtest/chainstate: 388833efbabacb85
2025-10-26T21:50:36Z Opening LevelDB in /home/bitcoin/.bitcoin/regtest/chainstate
2025-10-26T21:50:36Z Opened LevelDB successfully
2025-10-26T21:50:36Z Using obfuscation key for /home/bitcoin/.bitcoin/regtest/chainstate: 388833efbabacb85
2025-10-26T21:50:36Z [Chainstate [ibd] @ height -1 (null)] resized coinsdb cache to 8.0 MiB
2025-10-26T21:50:36Z [Chainstate [ibd] @ height -1 (null)] resized coinstip cache to 384.0 MiB
2025-10-26T21:50:36Z init message: Verifying blocks…
2025-10-26T21:50:36Z  block index              20ms
2025-10-26T21:50:36Z Opening LevelDB in /home/bitcoin/.bitcoin/regtest/indexes/txindex
2025-10-26T21:50:36Z Opened LevelDB successfully
2025-10-26T21:50:36Z Using obfuscation key for /home/bitcoin/.bitcoin/regtest/indexes/txindex: 0000000000000000
2025-10-26T21:50:36Z Setting NODE_NETWORK on non-prune mode
2025-10-26T21:50:36Z initload thread start
2025-10-26T21:50:36Z UpdateTip: new best=0f9188f13cb7b2c71f2a335e3a4fc328bf5beb436012afca590b1a11466e2206 height=0 version=0x00000001 log2_work=1.000000 tx=1 date='2011-02-02T23:16:42Z' progress=1.000000 cache=0.3MiB(0txo)
2025-10-26T21:50:36Z Failed to open mempool file from disk. Continuing anyway.
2025-10-26T21:50:36Z initload thread exit
2025-10-26T21:50:36Z txindex thread start
2025-10-26T21:50:36Z txindex is enabled at height 0
2025-10-26T21:50:36Z txindex thread exit
2025-10-26T21:50:36Z block tree size = 1
2025-10-26T21:50:36Z nBestHeight = 0
2025-10-26T21:50:36Z torcontrol thread start
2025-10-26T21:50:36Z Bound to 127.0.0.1:18445
2025-10-26T21:50:36Z Bound to [::]:18444
2025-10-26T21:50:36Z Bound to 0.0.0.0:18444
2025-10-26T21:50:36Z init message: Starting network threads…
2025-10-26T21:50:36Z DNS seeding disabled
2025-10-26T21:50:36Z net thread start
2025-10-26T21:50:36Z init message: Done loading
2025-10-26T21:50:36Z opencon thread start
2025-10-26T21:50:36Z addcon thread start
2025-10-26T21:50:36Z msghand thread start
2025-10-26T21:50:36Z New manual v2 peer connected: version: 70016, blocks=0, peer=1
2025-10-26T21:50:36Z New manual v2 peer connected: version: 70016, blocks=0, peer=0
2025-10-26T21:50:53Z Synchronizing blockheaders, height: 5 (~100.00%)
2025-10-26T21:50:53Z Synchronizing blockheaders, height: 7 (~100.00%)
2025-10-26T21:50:53Z Leaving InitialBlockDownload (latching to false)
2025-10-26T21:50:53Z UpdateTip: new best=4583bc62904971fe083170b9f2745912c5f46e781f24570b8e344ee3a5e64a52 height=1 version=0x20000000 log2_work=2.000000 tx=2 date='2025-10-26T21:50:51Z' progress=1.000000 cache=0.3MiB(1txo)
2025-10-26T21:50:53Z UpdateTip: new best=2c4b0efa4bf8c8b8f05522ca511d3573dec338e2483b2c7490974bf83a8b7765 height=2 version=0x20000000 log2_work=2.584963 tx=3 date='2025-10-26T21:50:52Z' progress=1.000000 cache=0.3MiB(2txo)
2025-10-26T21:50:53Z Saw new header hash=219c4464720ebad5e210d4cb64c0683eaad489f7ea35132f318ef4702bc02b24 height=8
2025-10-26T21:50:53Z Saw new header hash=152af25c720b677b3f3529b78b2f62a40f3ca2db7f2bf92f099c6cf483a20d6e height=9
2025-10-26T21:50:53Z Saw new header hash=7cb2480fa3f9b921c2a23c6159770afb62bafe1f0af263a76679f078fc67cefa height=10
2025-10-26T21:50:53Z UpdateTip: new best=320bac2c5cfc490c0693c78785df8a57a41440d11772c84a036bdbdcbe8ffd1c height=3 version=0x20000000 log2_work=3.000000 tx=4 date='2025-10-26T21:50:52Z' progress=1.000000 cache=0.3MiB(3txo)
2025-10-26T21:50:53Z UpdateTip: new best=345f7bb94d78ce35a6b54a51195b09205a1b3cb3f29f9092ed001949712234fe height=4 version=0x20000000 log2_work=3.321928 tx=5 date='2025-10-26T21:50:53Z' progress=1.000000 cache=0.3MiB(4txo)
2025-10-26T21:50:53Z Saw new header hash=76c96e4d9a078ee6b916960869f2955c0805a8ed813a91ccdfb65e045dea325f height=11
2025-10-26T21:50:53Z UpdateTip: new best=0cc412a5be927b7de7bf988ed9d7ff7d31b5df5c70e85d19adf6c2485caf2f40 height=5 version=0x20000000 log2_work=3.584963 tx=6 date='2025-10-26T21:50:53Z' progress=1.000000 cache=0.3MiB(5txo)
2025-10-26T21:50:53Z UpdateTip: new best=141cd931ac436763e03d737bbbc2a4ba54c5dd60f51045b09bd7dc342449a802 height=6 version=0x20000000 log2_work=3.807355 tx=7 date='2025-10-26T21:50:53Z' progress=1.000000 cache=0.3MiB(6txo)
2025-10-26T21:50:53Z UpdateTip: new best=05f45f6dba075754089679917275768fcb343643ba7ab1fc6a1eb3392d729921 height=7 version=0x20000000 log2_work=4.000000 tx=8 date='2025-10-26T21:50:53Z' progress=1.000000 cache=0.3MiB(7txo)
2025-10-26T21:50:53Z UpdateTip: new best=219c4464720ebad5e210d4cb64c0683eaad489f7ea35132f318ef4702bc02b24 height=8 version=0x20000000 log2_work=4.169925 tx=9 date='2025-10-26T21:50:54Z' progress=1.000000 cache=0.3MiB(8txo)
2025-10-26T21:50:53Z Saw new header hash=19b4876d89473c0157058958554639ce5142b83b49b919f15c294b5d3c302edf height=12
2025-10-26T21:50:53Z Saw new header hash=45a5b80862d20a0285ed9f8365e171ac78287289fb642dcd09053aedc9910d6b height=13
2025-10-26T21:50:53Z Saw new header hash=173a9f0b441c3d25e971d5ff0b8994dc3185e64dc683ad0dba0ca754effddd0c height=14
2025-10-26T21:50:53Z Saw new header hash=25e3df7f936a4790d0daaa6d535ee9ff0bffa59cdd9a2eabadc86cc75e7926c0 height=15
2025-10-26T21:50:53Z Saw new header hash=5efb36ec60a8955799552e5fc6d72f7f9443d3f0bc1081a2945adf4afef41d70 height=16
2025-10-26T21:50:53Z UpdateTip: new best=152af25c720b677b3f3529b78b2f62a40f3ca2db7f2bf92f099c6cf483a20d6e height=9 version=0x20000000 log2_work=4.321928 tx=10 date='2025-10-26T21:50:54Z' progress=1.000000 cache=0.3MiB(9txo)
2025-10-26T21:50:53Z Saw new header hash=1d0c9fb7be7721d10c639498a74f3c75c7fc436692f9fe7ee7870063f2f82b99 height=17
2025-10-26T21:50:53Z UpdateTip: new best=7cb2480fa3f9b921c2a23c6159770afb62bafe1f0af263a76679f078fc67cefa height=10 version=0x20000000 log2_work=4.459432 tx=11 date='2025-10-26T21:50:54Z' progress=1.000000 cache=0.3MiB(10txo)
2025-10-26T21:50:53Z UpdateTip: new best=76c96e4d9a078ee6b916960869f2955c0805a8ed813a91ccdfb65e045dea325f height=11 version=0x20000000 log2_work=4.584963 tx=12 date='2025-10-26T21:50:54Z' progress=1.000000 cache=0.3MiB(11txo)
2025-10-26T21:50:53Z Saw new header hash=21f080b14228ce89f500a87c54e6c5ee10407453d6b6a45ec1a460d11d287e0e height=18
2025-10-26T21:50:53Z Saw new header hash=3829327b8d71fe4b17b9f72a85161e7bf605876dc0d24911878a556c784345e7 height=19
2025-10-26T21:50:53Z Saw new header hash=4c4e342776ed3db9e2b42e0e2a1f97bde9ba5d3317fadf962666a4bcb0ac6fd4 height=20
2025-10-26T21:50:53Z Saw new header hash=023b69b758f73b22b0ce853706418ad405d8d11d06ad7496f650e3dac681ec46 height=21
2025-10-26T21:50:53Z Saw new header hash=676414243a04ed17f9310bb9074f52c00b2dc34464967864f3b4241b53fe77ce height=22
2025-10-26T21:50:53Z Saw new header hash=3c5182106ac0fd58845d5f2ce58bb81d18c89d25030cfb5c66e002d7449a3a76 height=23
2025-10-26T21:50:53Z Saw new header hash=26c6032574b2654771217e650b2325c470410edb135505f5338cb16329bccdcf height=24
2025-10-26T21:50:53Z Saw new header hash=7f04a93f39a75a82ec6b3d9b422f7d2af26e9436c8622783f87c55c14450b72e height=25
2025-10-26T21:50:53Z Saw new header hash=427c67f429692577d8eda109cb950d91504114cefd6b4f66ef425bf1e5c4fa49 height=26
2025-10-26T21:50:53Z Saw new header hash=5aeaa766087d9ea8577fad1e0d6a059051f1a6eed53442b0c33d05159d7777b7 height=27
2025-10-26T21:50:53Z Saw new header hash=22b9b7717f3e1650761716939a33207cc0c848cbc7939f8cfaba80db16b20fca height=28
2025-10-26T21:50:53Z Saw new header hash=577ab20cb18f87331a90818102b0c7f50016750cc2992ba7d4d2bc94c565e51f height=29
2025-10-26T21:50:53Z Saw new header hash=1d2cf31dd0488bc3ef272e2ec191914b5968d76c16e2ffbfcbc93162dd37d3ea height=30
2025-10-26T21:50:53Z Saw new header hash=719e7361cd60df42082c62c53dcdc0c158ff04d6edf03105c2078ad2cc4e3df1 height=31
2025-10-26T21:50:53Z UpdateTip: new best=19b4876d89473c0157058958554639ce5142b83b49b919f15c294b5d3c302edf height=12 version=0x20000000 log2_work=4.700440 tx=13 date='2025-10-26T21:50:54Z' progress=1.000000 cache=0.3MiB(12txo)
2025-10-26T21:50:53Z Saw new header hash=35bfa3fb7460729b444ce18f497f27f6c59eca0423088496acf891515aa852e7 height=32
2025-10-26T21:50:53Z Saw new header hash=329d22e4a57ec5a540ee8a9f53fd5ff1d2b5add7842b378ac8aa5a25e66bc89e height=33
2025-10-26T21:50:53Z Saw new header hash=5b63e59ab58fad8d0f8b4e54f322c7693913da382f428e806ef92e9b4372769e height=34
2025-10-26T21:50:53Z UpdateTip: new best=45a5b80862d20a0285ed9f8365e171ac78287289fb642dcd09053aedc9910d6b height=13 version=0x20000000 log2_work=4.807355 tx=14 date='2025-10-26T21:50:54Z' progress=1.000000 cache=0.3MiB(13txo)
2025-10-26T21:50:53Z UpdateTip: new best=173a9f0b441c3d25e971d5ff0b8994dc3185e64dc683ad0dba0ca754effddd0c height=14 version=0x20000000 log2_work=4.906891 tx=15 date='2025-10-26T21:50:55Z' progress=1.000000 cache=0.3MiB(14txo)
2025-10-26T21:50:53Z Saw new header hash=6016ee146ede610b223e54bc83b0abffb0bca157c228faf6da7bc673bd12c06d height=35
2025-10-26T21:50:53Z Saw new header hash=4a094a277796d22625c904d4953a4063c788f3c89cd62a4418cfd98f82d70adb height=36
2025-10-26T21:50:53Z UpdateTip: new best=25e3df7f936a4790d0daaa6d535ee9ff0bffa59cdd9a2eabadc86cc75e7926c0 height=15 version=0x20000000 log2_work=5.000000 tx=16 date='2025-10-26T21:50:55Z' progress=1.000000 cache=0.3MiB(15txo)
2025-10-26T21:50:53Z UpdateTip: new best=5efb36ec60a8955799552e5fc6d72f7f9443d3f0bc1081a2945adf4afef41d70 height=16 version=0x20000000 log2_work=5.087463 tx=17 date='2025-10-26T21:50:55Z' progress=1.000000 cache=0.3MiB(16txo)
2025-10-26T21:50:53Z Saw new header hash=6cf277428b1dbf7ff6bd3cfadda6d01ce02cfc93cad55444176ab5d011bf954b height=37
2025-10-26T21:50:53Z UpdateTip: new best=1d0c9fb7be7721d10c639498a74f3c75c7fc436692f9fe7ee7870063f2f82b99 height=17 version=0x20000000 log2_work=5.169925 tx=18 date='2025-10-26T21:50:55Z' progress=1.000000 cache=0.3MiB(17txo)
2025-10-26T21:50:53Z UpdateTip: new best=21f080b14228ce89f500a87c54e6c5ee10407453d6b6a45ec1a460d11d287e0e height=18 version=0x20000000 log2_work=5.247928 tx=19 date='2025-10-26T21:50:55Z' progress=1.000000 cache=0.3MiB(18txo)
2025-10-26T21:50:53Z Saw new header hash=7488f6652107232a89c883226dcaf10dd5dbb7bbb142107f63bb9b1340afc350 height=38
2025-10-26T21:50:53Z UpdateTip: new best=3829327b8d71fe4b17b9f72a85161e7bf605876dc0d24911878a556c784345e7 height=19 version=0x20000000 log2_work=5.321928 tx=20 date='2025-10-26T21:50:55Z' progress=1.000000 cache=0.3MiB(19txo)
2025-10-26T21:50:53Z UpdateTip: new best=4c4e342776ed3db9e2b42e0e2a1f97bde9ba5d3317fadf962666a4bcb0ac6fd4 height=20 version=0x20000000 log2_work=5.392317 tx=21 date='2025-10-26T21:50:56Z' progress=1.000000 cache=0.3MiB(20txo)
2025-10-26T21:50:53Z UpdateTip: new best=023b69b758f73b22b0ce853706418ad405d8d11d06ad7496f650e3dac681ec46 height=21 version=0x20000000 log2_work=5.459432 tx=22 date='2025-10-26T21:50:56Z' progress=1.000000 cache=0.3MiB(21txo)
2025-10-26T21:50:53Z UpdateTip: new best=676414243a04ed17f9310bb9074f52c00b2dc34464967864f3b4241b53fe77ce height=22 version=0x20000000 log2_work=5.523562 tx=23 date='2025-10-26T21:50:56Z' progress=1.000000 cache=0.3MiB(22txo)
2025-10-26T21:50:53Z UpdateTip: new best=3c5182106ac0fd58845d5f2ce58bb81d18c89d25030cfb5c66e002d7449a3a76 height=23 version=0x20000000 log2_work=5.584963 tx=24 date='2025-10-26T21:50:56Z' progress=1.000000 cache=0.3MiB(23txo)
2025-10-26T21:50:53Z Saw new header hash=08b32d3559111a50f40f72ed16f9dc437e62ce1f27aef441be97ded0083a1e63 height=39
2025-10-26T21:50:53Z UpdateTip: new best=26c6032574b2654771217e650b2325c470410edb135505f5338cb16329bccdcf height=24 version=0x20000000 log2_work=5.643856 tx=25 date='2025-10-26T21:50:56Z' progress=1.000000 cache=0.3MiB(24txo)
2025-10-26T21:50:53Z UpdateTip: new best=7f04a93f39a75a82ec6b3d9b422f7d2af26e9436c8622783f87c55c14450b72e height=25 version=0x20000000 log2_work=5.700440 tx=26 date='2025-10-26T21:50:56Z' progress=1.000000 cache=0.3MiB(25txo)
2025-10-26T21:50:53Z Saw new header hash=0017a9c71c2c60b8286ed3509acb4ad14cdf21e92c4071e32e2ed092c5357af4 height=40
2025-10-26T21:50:53Z UpdateTip: new best=427c67f429692577d8eda109cb950d91504114cefd6b4f66ef425bf1e5c4fa49 height=26 version=0x20000000 log2_work=5.754888 tx=27 date='2025-10-26T21:50:57Z' progress=1.000000 cache=0.3MiB(26txo)
2025-10-26T21:50:53Z UpdateTip: new best=5aeaa766087d9ea8577fad1e0d6a059051f1a6eed53442b0c33d05159d7777b7 height=27 version=0x20000000 log2_work=5.807355 tx=28 date='2025-10-26T21:50:57Z' progress=1.000000 cache=0.3MiB(27txo)
2025-10-26T21:50:53Z UpdateTip: new best=22b9b7717f3e1650761716939a33207cc0c848cbc7939f8cfaba80db16b20fca height=28 version=0x20000000 log2_work=5.857981 tx=29 date='2025-10-26T21:50:57Z' progress=1.000000 cache=0.3MiB(28txo)
2025-10-26T21:50:53Z UpdateTip: new best=577ab20cb18f87331a90818102b0c7f50016750cc2992ba7d4d2bc94c565e51f height=29 version=0x20000000 log2_work=5.906891 tx=30 date='2025-10-26T21:50:57Z' progress=1.000000 cache=0.3MiB(29txo)
2025-10-26T21:50:53Z UpdateTip: new best=1d2cf31dd0488bc3ef272e2ec191914b5968d76c16e2ffbfcbc93162dd37d3ea height=30 version=0x20000000 log2_work=5.954196 tx=31 date='2025-10-26T21:50:57Z' progress=1.000000 cache=0.3MiB(30txo)
2025-10-26T21:50:53Z UpdateTip: new best=719e7361cd60df42082c62c53dcdc0c158ff04d6edf03105c2078ad2cc4e3df1 height=31 version=0x20000000 log2_work=6.000000 tx=32 date='2025-10-26T21:50:57Z' progress=1.000000 cache=0.3MiB(31txo)
2025-10-26T21:50:53Z Saw new header hash=23ea9ca719577ec6ae186bb15adbeefadb874e2fe69697334df32ef6149607ec height=41
2025-10-26T21:50:53Z UpdateTip: new best=35bfa3fb7460729b444ce18f497f27f6c59eca0423088496acf891515aa852e7 height=32 version=0x20000000 log2_work=6.044394 tx=33 date='2025-10-26T21:50:58Z' progress=1.000000 cache=0.3MiB(32txo)
2025-10-26T21:50:53Z UpdateTip: new best=329d22e4a57ec5a540ee8a9f53fd5ff1d2b5add7842b378ac8aa5a25e66bc89e height=33 version=0x20000000 log2_work=6.087463 tx=34 date='2025-10-26T21:50:58Z' progress=1.000000 cache=0.3MiB(33txo)
2025-10-26T21:50:53Z UpdateTip: new best=5b63e59ab58fad8d0f8b4e54f322c7693913da382f428e806ef92e9b4372769e height=34 version=0x20000000 log2_work=6.129283 tx=35 date='2025-10-26T21:50:58Z' progress=1.000000 cache=0.3MiB(34txo)
2025-10-26T21:50:53Z UpdateTip: new best=6016ee146ede610b223e54bc83b0abffb0bca157c228faf6da7bc673bd12c06d height=35 version=0x20000000 log2_work=6.169925 tx=36 date='2025-10-26T21:50:58Z' progress=1.000000 cache=0.3MiB(35txo)
2025-10-26T21:50:53Z UpdateTip: new best=4a094a277796d22625c904d4953a4063c788f3c89cd62a4418cfd98f82d70adb height=36 version=0x20000000 log2_work=6.209453 tx=37 date='2025-10-26T21:50:58Z' progress=1.000000 cache=0.3MiB(36txo)
2025-10-26T21:50:53Z Saw new header hash=4aed01ec2ac008adda2b33e39b6e064a75eb670bff28368ca9199e613a0ba54a height=42
2025-10-26T21:50:53Z UpdateTip: new best=6cf277428b1dbf7ff6bd3cfadda6d01ce02cfc93cad55444176ab5d011bf954b height=37 version=0x20000000 log2_work=6.247928 tx=38 date='2025-10-26T21:50:58Z' progress=1.000000 cache=0.3MiB(37txo)
2025-10-26T21:50:53Z UpdateTip: new best=7488f6652107232a89c883226dcaf10dd5dbb7bbb142107f63bb9b1340afc350 height=38 version=0x20000000 log2_work=6.285402 tx=39 date='2025-10-26T21:50:59Z' progress=1.000000 cache=0.3MiB(38txo)
2025-10-26T21:50:53Z Saw new header hash=7a6d5590245e196990593c8044bfeaa30918b4636270479dd4e621be80c34350 height=43
2025-10-26T21:50:53Z Saw new header hash=34a157d77a5f0dd38e998acd26a37c12b0315b65bf70d0c0fa302a23c5d8a1d1 height=44
2025-10-26T21:50:53Z Saw new header hash=6ce2174a9e575a6f0d2d24869f6aa6b8e1d07d18ef1158eb268c8de03c970cce height=45
2025-10-26T21:50:53Z Saw new header hash=0822c322dbf1ddfc0358b9b9c752081f375f256cf8d2307d9115322190b54fe4 height=46
2025-10-26T21:50:53Z UpdateTip: new best=08b32d3559111a50f40f72ed16f9dc437e62ce1f27aef441be97ded0083a1e63 height=39 version=0x20000000 log2_work=6.321928 tx=40 date='2025-10-26T21:50:59Z' progress=1.000000 cache=0.3MiB(39txo)
2025-10-26T21:50:53Z UpdateTip: new best=0017a9c71c2c60b8286ed3509acb4ad14cdf21e92c4071e32e2ed092c5357af4 height=40 version=0x20000000 log2_work=6.357552 tx=41 date='2025-10-26T21:50:59Z' progress=1.000000 cache=0.3MiB(40txo)
2025-10-26T21:50:53Z Saw new header hash=32b868449c6fda70fb9accc459ca0569eab0e8c526fe14ec138f385799cc7524 height=47
2025-10-26T21:50:53Z Saw new header hash=747cbdc6ffb2900af3652571d5f6a03f45eda1134144c29d3ce3c3e356137a11 height=48
2025-10-26T21:50:53Z Saw new header hash=659c74ccee6172319bf9e14a0611d4a3ef67ea6d67fbf51316777c09b548511d height=49
2025-10-26T21:50:53Z Saw new header hash=4894142191f006dc26a06be4ee8ea53dc6ad5e47788edc611b3b72cfb793f420 height=50
2025-10-26T21:50:53Z Saw new header hash=7d678c53a4337c2d933b5c24c09ef3498a6c8122eb4949d7f8e4082d31eb7720 height=51
2025-10-26T21:50:53Z Saw new header hash=298632b2ce90995152317e589e7b41ed0ae9b06fb480d478af6ce2a13c23a0bc height=52
2025-10-26T21:50:53Z Saw new header hash=265aedad2e08ac8ccf6b21ddd2470ca0e21f414c03fd5dab237db9247bdd929b height=53
2025-10-26T21:50:53Z Saw new header hash=1511812f863ddb4f6f9fcb6ebe351896c98ae4550e53527f89b7ff5377ba0470 height=54
2025-10-26T21:50:53Z UpdateTip: new best=23ea9ca719577ec6ae186bb15adbeefadb874e2fe69697334df32ef6149607ec height=41 version=0x20000000 log2_work=6.392317 tx=42 date='2025-10-26T21:50:59Z' progress=1.000000 cache=0.3MiB(41txo)
2025-10-26T21:50:53Z UpdateTip: new best=4aed01ec2ac008adda2b33e39b6e064a75eb670bff28368ca9199e613a0ba54a height=42 version=0x20000000 log2_work=6.426265 tx=43 date='2025-10-26T21:50:59Z' progress=1.000000 cache=0.3MiB(42txo)
2025-10-26T21:50:53Z UpdateTip: new best=7a6d5590245e196990593c8044bfeaa30918b4636270479dd4e621be80c34350 height=43 version=0x20000000 log2_work=6.459432 tx=44 date='2025-10-26T21:50:59Z' progress=1.000000 cache=0.3MiB(43txo)
2025-10-26T21:50:53Z UpdateTip: new best=34a157d77a5f0dd38e998acd26a37c12b0315b65bf70d0c0fa302a23c5d8a1d1 height=44 version=0x20000000 log2_work=6.491853 tx=45 date='2025-10-26T21:51:00Z' progress=1.000000 cache=0.3MiB(44txo)
2025-10-26T21:50:53Z UpdateTip: new best=6ce2174a9e575a6f0d2d24869f6aa6b8e1d07d18ef1158eb268c8de03c970cce height=45 version=0x20000000 log2_work=6.523562 tx=46 date='2025-10-26T21:51:00Z' progress=1.000000 cache=0.3MiB(45txo)
2025-10-26T21:50:53Z UpdateTip: new best=0822c322dbf1ddfc0358b9b9c752081f375f256cf8d2307d9115322190b54fe4 height=46 version=0x20000000 log2_work=6.554589 tx=47 date='2025-10-26T21:51:00Z' progress=1.000000 cache=0.3MiB(46txo)
2025-10-26T21:50:53Z UpdateTip: new best=32b868449c6fda70fb9accc459ca0569eab0e8c526fe14ec138f385799cc7524 height=47 version=0x20000000 log2_work=6.584963 tx=48 date='2025-10-26T21:51:00Z' progress=1.000000 cache=0.3MiB(47txo)
2025-10-26T21:50:53Z UpdateTip: new best=747cbdc6ffb2900af3652571d5f6a03f45eda1134144c29d3ce3c3e356137a11 height=48 version=0x20000000 log2_work=6.614710 tx=49 date='2025-10-26T21:51:00Z' progress=1.000000 cache=0.3MiB(48txo)
2025-10-26T21:50:53Z UpdateTip: new best=659c74ccee6172319bf9e14a0611d4a3ef67ea6d67fbf51316777c09b548511d height=49 version=0x20000000 log2_work=6.643856 tx=50 date='2025-10-26T21:51:00Z' progress=1.000000 cache=0.3MiB(49txo)
2025-10-26T21:50:53Z UpdateTip: new best=4894142191f006dc26a06be4ee8ea53dc6ad5e47788edc611b3b72cfb793f420 height=50 version=0x20000000 log2_work=6.672425 tx=51 date='2025-10-26T21:51:01Z' progress=1.000000 cache=0.3MiB(50txo)
2025-10-26T21:50:53Z Saw new header hash=2f3e295cae087b9a5bdc63ead494a4261bdf985371cd867961f8689ad06dd784 height=55
2025-10-26T21:50:53Z UpdateTip: new best=7d678c53a4337c2d933b5c24c09ef3498a6c8122eb4949d7f8e4082d31eb7720 height=51 version=0x20000000 log2_work=6.700440 tx=52 date='2025-10-26T21:51:01Z' progress=1.000000 cache=0.3MiB(51txo)
2025-10-26T21:50:53Z Saw new header hash=37f37c17ea27001f86e3ba1bc9b081d3c68d47c87fcffe8a299bd3a8f65857b7 height=56
2025-10-26T21:50:53Z UpdateTip: new best=298632b2ce90995152317e589e7b41ed0ae9b06fb480d478af6ce2a13c23a0bc height=52 version=0x20000000 log2_work=6.727920 tx=53 date='2025-10-26T21:51:01Z' progress=1.000000 cache=0.3MiB(52txo)
2025-10-26T21:50:53Z UpdateTip: new best=265aedad2e08ac8ccf6b21ddd2470ca0e21f414c03fd5dab237db9247bdd929b height=53 version=0x20000000 log2_work=6.754888 tx=54 date='2025-10-26T21:51:01Z' progress=1.000000 cache=0.3MiB(53txo)
2025-10-26T21:50:53Z UpdateTip: new best=1511812f863ddb4f6f9fcb6ebe351896c98ae4550e53527f89b7ff5377ba0470 height=54 version=0x20000000 log2_work=6.781360 tx=55 date='2025-10-26T21:51:01Z' progress=1.000000 cache=0.3MiB(54txo)
2025-10-26T21:50:53Z Saw new header hash=7fc1c15d5d9174eeaa74b25f60067db81200a5702623e3ca1690aecda2df4d1e height=57
2025-10-26T21:50:53Z Saw new header hash=4cdb40b046bc6f647e31f0cae55702d3734874eaf8d31c9f67ac35fa587d79a2 height=58
2025-10-26T21:50:53Z Saw new header hash=0cd8a0469c5590cf4a2c4e1a834b9420b0c0b0f3d9a7cdf8ad54149d2297894f height=59
2025-10-26T21:50:53Z Saw new header hash=2917af7c685b0fa2a70da21baac8e863adc070334c7d95681f802d1a8f01165a height=60
2025-10-26T21:50:53Z Saw new header hash=353b1ab4d180ba8e0a4c6a80cf7b70e025d16904186ee88a44db40dab58ae9fe height=61
2025-10-26T21:50:53Z Saw new header hash=047b8b512a624eda5a3da98334d8d4e66e7156fd17fe256d5a3fc39a143abc95 height=62
2025-10-26T21:50:53Z UpdateTip: new best=2f3e295cae087b9a5bdc63ead494a4261bdf985371cd867961f8689ad06dd784 height=55 version=0x20000000 log2_work=6.807355 tx=56 date='2025-10-26T21:51:01Z' progress=1.000000 cache=0.3MiB(55txo)
2025-10-26T21:50:53Z UpdateTip: new best=37f37c17ea27001f86e3ba1bc9b081d3c68d47c87fcffe8a299bd3a8f65857b7 height=56 version=0x20000000 log2_work=6.832890 tx=57 date='2025-10-26T21:51:02Z' progress=1.000000 cache=0.3MiB(56txo)
2025-10-26T21:50:53Z Saw new header hash=2f8eb7ba362492f3603f6f2e30b8d6d152f9118a62d5c5d305cb3c9ad7fe1bf8 height=63
2025-10-26T21:50:53Z Saw new header hash=5bb4a9c03a7a63cc18a61b780880ff5e2c21234fc20867ef92037cf99b36aba1 height=64
2025-10-26T21:50:53Z UpdateTip: new best=7fc1c15d5d9174eeaa74b25f60067db81200a5702623e3ca1690aecda2df4d1e height=57 version=0x20000000 log2_work=6.857981 tx=58 date='2025-10-26T21:51:02Z' progress=1.000000 cache=0.3MiB(57txo)
2025-10-26T21:50:53Z Saw new header hash=4138abf585a92c3df85258de25b7eae39fbf268a8fe8cea64437e61d9a7d8073 height=65
2025-10-26T21:50:53Z UpdateTip: new best=4cdb40b046bc6f647e31f0cae55702d3734874eaf8d31c9f67ac35fa587d79a2 height=58 version=0x20000000 log2_work=6.882643 tx=59 date='2025-10-26T21:51:02Z' progress=1.000000 cache=0.3MiB(58txo)
2025-10-26T21:50:53Z UpdateTip: new best=0cd8a0469c5590cf4a2c4e1a834b9420b0c0b0f3d9a7cdf8ad54149d2297894f height=59 version=0x20000000 log2_work=6.906891 tx=60 date='2025-10-26T21:51:02Z' progress=1.000000 cache=0.3MiB(59txo)
2025-10-26T21:50:53Z UpdateTip: new best=2917af7c685b0fa2a70da21baac8e863adc070334c7d95681f802d1a8f01165a height=60 version=0x20000000 log2_work=6.930737 tx=61 date='2025-10-26T21:51:02Z' progress=1.000000 cache=0.3MiB(60txo)
2025-10-26T21:50:53Z UpdateTip: new best=353b1ab4d180ba8e0a4c6a80cf7b70e025d16904186ee88a44db40dab58ae9fe height=61 version=0x20000000 log2_work=6.954196 tx=62 date='2025-10-26T21:51:02Z' progress=1.000000 cache=0.3MiB(61txo)
2025-10-26T21:50:53Z Saw new header hash=6527d54ecd50b634c991c7142195b295169eea4dabda5618ab8bb98db5650512 height=66
2025-10-26T21:50:53Z UpdateTip: new best=047b8b512a624eda5a3da98334d8d4e66e7156fd17fe256d5a3fc39a143abc95 height=62 version=0x20000000 log2_work=6.977280 tx=63 date='2025-10-26T21:51:03Z' progress=1.000000 cache=0.3MiB(62txo)
2025-10-26T21:50:53Z UpdateTip: new best=2f8eb7ba362492f3603f6f2e30b8d6d152f9118a62d5c5d305cb3c9ad7fe1bf8 height=63 version=0x20000000 log2_work=7.000000 tx=64 date='2025-10-26T21:51:03Z' progress=1.000000 cache=0.3MiB(63txo)
2025-10-26T21:50:53Z UpdateTip: new best=5bb4a9c03a7a63cc18a61b780880ff5e2c21234fc20867ef92037cf99b36aba1 height=64 version=0x20000000 log2_work=7.022368 tx=65 date='2025-10-26T21:51:03Z' progress=1.000000 cache=0.3MiB(64txo)
2025-10-26T21:50:53Z UpdateTip: new best=4138abf585a92c3df85258de25b7eae39fbf268a8fe8cea64437e61d9a7d8073 height=65 version=0x20000000 log2_work=7.044394 tx=66 date='2025-10-26T21:51:03Z' progress=1.000000 cache=0.3MiB(65txo)
2025-10-26T21:50:53Z UpdateTip: new best=6527d54ecd50b634c991c7142195b295169eea4dabda5618ab8bb98db5650512 height=66 version=0x20000000 log2_work=7.066089 tx=67 date='2025-10-26T21:51:03Z' progress=1.000000 cache=0.3MiB(66txo)
2025-10-26T21:50:53Z Saw new header hash=6176a63a6792367161ef87bfd1af59bbeaf27baf7aa0965b86da66491b131c82 height=67
2025-10-26T21:50:53Z Saw new header hash=16722bd93b1a02a36dd1fd40bfc4d21f4d8c520612a92d5891f1688fb1b943af height=68
2025-10-26T21:50:53Z Saw new header hash=778c8cc04194a653d38a18d10d0d8a57e479ee316f51f24dff42fd737f92b65b height=69
2025-10-26T21:50:53Z Saw new header hash=0152e0d32c890af6ceff4f3326f35a003196ef5936123cb12d3a35277a753c2d height=70
2025-10-26T21:50:53Z Saw new cmpctblock header hash=0152e0d32c890af6ceff4f3326f35a003196ef5936123cb12d3a35277a753c2d peer=2
2025-10-26T21:50:53Z UpdateTip: new best=6176a63a6792367161ef87bfd1af59bbeaf27baf7aa0965b86da66491b131c82 height=67 version=0x20000000 log2_work=7.087463 tx=68 date='2025-10-26T21:51:03Z' progress=1.000000 cache=0.3MiB(67txo)
2025-10-26T21:50:53Z Saw new header hash=7203eb80db5a610448bb079191d4d139184e29bc671721026a7fd09ff0eced3b height=71
2025-10-26T21:50:53Z Saw new cmpctblock header hash=7203eb80db5a610448bb079191d4d139184e29bc671721026a7fd09ff0eced3b peer=2
2025-10-26T21:50:53Z Saw new header hash=0d5021edb015c71656453d35ea474ad9651cff5339eb4e279b72de8522c316e7 height=72
2025-10-26T21:50:53Z Saw new cmpctblock header hash=0d5021edb015c71656453d35ea474ad9651cff5339eb4e279b72de8522c316e7 peer=2
2025-10-26T21:50:53Z UpdateTip: new best=16722bd93b1a02a36dd1fd40bfc4d21f4d8c520612a92d5891f1688fb1b943af height=68 version=0x20000000 log2_work=7.108524 tx=69 date='2025-10-26T21:51:04Z' progress=1.000000 cache=0.3MiB(68txo)
2025-10-26T21:50:53Z UpdateTip: new best=778c8cc04194a653d38a18d10d0d8a57e479ee316f51f24dff42fd737f92b65b height=69 version=0x20000000 log2_work=7.129283 tx=70 date='2025-10-26T21:51:04Z' progress=1.000000 cache=0.3MiB(69txo)
2025-10-26T21:50:53Z Saw new header hash=026133c4ca28e815e8256f1d8c64f829056ae129ca83c95e9c0436c41317e73b height=73
2025-10-26T21:50:53Z Saw new cmpctblock header hash=026133c4ca28e815e8256f1d8c64f829056ae129ca83c95e9c0436c41317e73b peer=2
2025-10-26T21:50:53Z Saw new header hash=79ac997f4be6862b1fb00b90e616b00b84efae7202cedea46e99b3e555450e6d height=74
2025-10-26T21:50:53Z Saw new cmpctblock header hash=79ac997f4be6862b1fb00b90e616b00b84efae7202cedea46e99b3e555450e6d peer=2
2025-10-26T21:50:53Z Saw new header hash=2b099e6d7eea75ffa73a0650a9c70459bf76b50b0dfd64de8f5c50fac7f87f8b height=75
2025-10-26T21:50:53Z Saw new cmpctblock header hash=2b099e6d7eea75ffa73a0650a9c70459bf76b50b0dfd64de8f5c50fac7f87f8b peer=2
2025-10-26T21:50:53Z Saw new header hash=3ebef65bbe01af035d2132da9ae69b1bcbce3473d6d27cb0d404c5086028a627 height=76
2025-10-26T21:50:53Z Saw new cmpctblock header hash=3ebef65bbe01af035d2132da9ae69b1bcbce3473d6d27cb0d404c5086028a627 peer=2
2025-10-26T21:50:53Z Saw new header hash=00d0f38fb28bbedaa0edc84cde6723b65e73ed2543b98955956247b4fab71d0f height=77
2025-10-26T21:50:53Z Saw new cmpctblock header hash=00d0f38fb28bbedaa0edc84cde6723b65e73ed2543b98955956247b4fab71d0f peer=2
2025-10-26T21:50:53Z Saw new header hash=0084fb0b88a5629e517c283214ca5032590f927881164ecaeb31d2fc48a582f1 height=78
2025-10-26T21:50:53Z Saw new cmpctblock header hash=0084fb0b88a5629e517c283214ca5032590f927881164ecaeb31d2fc48a582f1 peer=2
2025-10-26T21:50:53Z Saw new header hash=438b0615fefa49928600fa90319140cc6578ef9759038ec3bd9de43a980a1972 height=79
2025-10-26T21:50:53Z Saw new cmpctblock header hash=438b0615fefa49928600fa90319140cc6578ef9759038ec3bd9de43a980a1972 peer=0
2025-10-26T21:50:53Z UpdateTip: new best=0152e0d32c890af6ceff4f3326f35a003196ef5936123cb12d3a35277a753c2d height=70 version=0x20000000 log2_work=7.149747 tx=71 date='2025-10-26T21:51:04Z' progress=1.000000 cache=0.3MiB(70txo)
2025-10-26T21:50:53Z UpdateTip: new best=7203eb80db5a610448bb079191d4d139184e29bc671721026a7fd09ff0eced3b height=71 version=0x20000000 log2_work=7.169925 tx=72 date='2025-10-26T21:51:04Z' progress=1.000000 cache=0.3MiB(71txo)
2025-10-26T21:50:53Z UpdateTip: new best=0d5021edb015c71656453d35ea474ad9651cff5339eb4e279b72de8522c316e7 height=72 version=0x20000000 log2_work=7.189825 tx=73 date='2025-10-26T21:51:04Z' progress=1.000000 cache=0.3MiB(72txo)
2025-10-26T21:50:53Z UpdateTip: new best=026133c4ca28e815e8256f1d8c64f829056ae129ca83c95e9c0436c41317e73b height=73 version=0x20000000 log2_work=7.209453 tx=74 date='2025-10-26T21:51:04Z' progress=1.000000 cache=0.3MiB(73txo)
2025-10-26T21:50:53Z UpdateTip: new best=79ac997f4be6862b1fb00b90e616b00b84efae7202cedea46e99b3e555450e6d height=74 version=0x20000000 log2_work=7.228819 tx=75 date='2025-10-26T21:51:05Z' progress=1.000000 cache=0.3MiB(74txo)
2025-10-26T21:50:53Z UpdateTip: new best=2b099e6d7eea75ffa73a0650a9c70459bf76b50b0dfd64de8f5c50fac7f87f8b height=75 version=0x20000000 log2_work=7.247928 tx=76 date='2025-10-26T21:51:05Z' progress=1.000000 cache=0.3MiB(75txo)
2025-10-26T21:50:53Z UpdateTip: new best=3ebef65bbe01af035d2132da9ae69b1bcbce3473d6d27cb0d404c5086028a627 height=76 version=0x20000000 log2_work=7.266787 tx=77 date='2025-10-26T21:51:05Z' progress=1.000000 cache=0.3MiB(76txo)
2025-10-26T21:50:53Z UpdateTip: new best=00d0f38fb28bbedaa0edc84cde6723b65e73ed2543b98955956247b4fab71d0f height=77 version=0x20000000 log2_work=7.285402 tx=78 date='2025-10-26T21:51:05Z' progress=1.000000 cache=0.3MiB(77txo)
2025-10-26T21:50:53Z UpdateTip: new best=0084fb0b88a5629e517c283214ca5032590f927881164ecaeb31d2fc48a582f1 height=78 version=0x20000000 log2_work=7.303781 tx=79 date='2025-10-26T21:51:05Z' progress=1.000000 cache=0.3MiB(78txo)
2025-10-26T21:50:53Z UpdateTip: new best=438b0615fefa49928600fa90319140cc6578ef9759038ec3bd9de43a980a1972 height=79 version=0x20000000 log2_work=7.321928 tx=80 date='2025-10-26T21:51:05Z' progress=1.000000 cache=0.3MiB(79txo)
2025-10-26T21:50:53Z Saw new header hash=3b0e71f280b18635769b942e9459e224e45f6d8a965fc25f77111b71dc9b2b7d height=80
2025-10-26T21:50:53Z Saw new cmpctblock header hash=3b0e71f280b18635769b942e9459e224e45f6d8a965fc25f77111b71dc9b2b7d peer=0
2025-10-26T21:50:53Z UpdateTip: new best=3b0e71f280b18635769b942e9459e224e45f6d8a965fc25f77111b71dc9b2b7d height=80 version=0x20000000 log2_work=7.339850 tx=81 date='2025-10-26T21:51:06Z' progress=1.000000 cache=0.3MiB(80txo)
2025-10-26T21:50:53Z Saw new header hash=72783a4dc5572a9094e6cc0f9cb3ebedf5373d41934accd5a653dd8b9e933d3c height=81
2025-10-26T21:50:53Z Saw new cmpctblock header hash=72783a4dc5572a9094e6cc0f9cb3ebedf5373d41934accd5a653dd8b9e933d3c peer=0
2025-10-26T21:50:53Z UpdateTip: new best=72783a4dc5572a9094e6cc0f9cb3ebedf5373d41934accd5a653dd8b9e933d3c height=81 version=0x20000000 log2_work=7.357552 tx=82 date='2025-10-26T21:51:06Z' progress=1.000000 cache=0.3MiB(81txo)
2025-10-26T21:50:53Z Saw new header hash=48674d2c1271dfe9f8ef59e7badac1c22cfbece8cfb2dd14cb3a93d119979e46 height=82
2025-10-26T21:50:53Z Saw new cmpctblock header hash=48674d2c1271dfe9f8ef59e7badac1c22cfbece8cfb2dd14cb3a93d119979e46 peer=0
2025-10-26T21:50:53Z UpdateTip: new best=48674d2c1271dfe9f8ef59e7badac1c22cfbece8cfb2dd14cb3a93d119979e46 height=82 version=0x20000000 log2_work=7.375039 tx=83 date='2025-10-26T21:51:06Z' progress=1.000000 cache=0.3MiB(82txo)
2025-10-26T21:50:53Z Saw new header hash=605a4c58a93dc97b1dd99d42c144267dc77ae39507597d2e2d780dff219bb4e1 height=83
2025-10-26T21:50:53Z Saw new cmpctblock header hash=605a4c58a93dc97b1dd99d42c144267dc77ae39507597d2e2d780dff219bb4e1 peer=2
2025-10-26T21:50:53Z UpdateTip: new best=605a4c58a93dc97b1dd99d42c144267dc77ae39507597d2e2d780dff219bb4e1 height=83 version=0x20000000 log2_work=7.392317 tx=84 date='2025-10-26T21:51:06Z' progress=1.000000 cache=0.3MiB(83txo)
2025-10-26T21:50:53Z Saw new header hash=0b3dfb29e4db70df51391bd64905435bc15e650baba7d698b806ffa4022e70a6 height=84
2025-10-26T21:50:53Z Saw new cmpctblock header hash=0b3dfb29e4db70df51391bd64905435bc15e650baba7d698b806ffa4022e70a6 peer=0
2025-10-26T21:50:53Z UpdateTip: new best=0b3dfb29e4db70df51391bd64905435bc15e650baba7d698b806ffa4022e70a6 height=84 version=0x20000000 log2_work=7.409391 tx=85 date='2025-10-26T21:51:06Z' progress=1.000000 cache=0.3MiB(84txo)
2025-10-26T21:50:53Z Saw new header hash=34a6524cb33b1067bfe0162eec4af77a416740e96ac2e9c817f19df75084523e height=85
2025-10-26T21:50:53Z Saw new cmpctblock header hash=34a6524cb33b1067bfe0162eec4af77a416740e96ac2e9c817f19df75084523e peer=2
2025-10-26T21:50:53Z UpdateTip: new best=34a6524cb33b1067bfe0162eec4af77a416740e96ac2e9c817f19df75084523e height=85 version=0x20000000 log2_work=7.426265 tx=86 date='2025-10-26T21:51:06Z' progress=1.000000 cache=0.3MiB(85txo)
2025-10-26T21:50:53Z Saw new header hash=7b764771cb7cfb82771227ac4d31d984936f343503b0a9e8af4b974c08f51d0e height=86
2025-10-26T21:50:53Z Saw new cmpctblock header hash=7b764771cb7cfb82771227ac4d31d984936f343503b0a9e8af4b974c08f51d0e peer=2
2025-10-26T21:50:53Z UpdateTip: new best=7b764771cb7cfb82771227ac4d31d984936f343503b0a9e8af4b974c08f51d0e height=86 version=0x20000000 log2_work=7.442943 tx=87 date='2025-10-26T21:51:07Z' progress=1.000000 cache=0.3MiB(86txo)
2025-10-26T21:50:53Z Saw new header hash=56763bfb81f4046375da0eea24f3782847242eb5d87ae13da5328ec9bb883c69 height=87
2025-10-26T21:50:53Z Saw new cmpctblock header hash=56763bfb81f4046375da0eea24f3782847242eb5d87ae13da5328ec9bb883c69 peer=2
2025-10-26T21:50:53Z UpdateTip: new best=56763bfb81f4046375da0eea24f3782847242eb5d87ae13da5328ec9bb883c69 height=87 version=0x20000000 log2_work=7.459432 tx=88 date='2025-10-26T21:51:07Z' progress=1.000000 cache=0.3MiB(87txo)
2025-10-26T21:50:53Z Saw new header hash=0317b658f23422a724b9db375d98b4e48eac6b1f954d8f426743be8413217c2b height=88
2025-10-26T21:50:53Z Saw new cmpctblock header hash=0317b658f23422a724b9db375d98b4e48eac6b1f954d8f426743be8413217c2b peer=2
2025-10-26T21:50:53Z UpdateTip: new best=0317b658f23422a724b9db375d98b4e48eac6b1f954d8f426743be8413217c2b height=88 version=0x20000000 log2_work=7.475733 tx=89 date='2025-10-26T21:51:07Z' progress=1.000000 cache=0.3MiB(88txo)
2025-10-26T21:50:53Z Saw new header hash=646d3cad790e23d3f368e224dfbe42bd71adfbed332c5be7b6fb7aff5800a6cf height=89
2025-10-26T21:50:53Z Saw new cmpctblock header hash=646d3cad790e23d3f368e224dfbe42bd71adfbed332c5be7b6fb7aff5800a6cf peer=0
2025-10-26T21:50:53Z UpdateTip: new best=646d3cad790e23d3f368e224dfbe42bd71adfbed332c5be7b6fb7aff5800a6cf height=89 version=0x20000000 log2_work=7.491853 tx=90 date='2025-10-26T21:51:07Z' progress=1.000000 cache=0.3MiB(89txo)
2025-10-26T21:50:53Z Saw new header hash=431aa24db8623e45c5bc6f907f072b552821c69ed99f1cdab387cef5898823c3 height=90
2025-10-26T21:50:53Z Saw new cmpctblock header hash=431aa24db8623e45c5bc6f907f072b552821c69ed99f1cdab387cef5898823c3 peer=0
2025-10-26T21:50:53Z UpdateTip: new best=431aa24db8623e45c5bc6f907f072b552821c69ed99f1cdab387cef5898823c3 height=90 version=0x20000000 log2_work=7.507795 tx=91 date='2025-10-26T21:51:07Z' progress=1.000000 cache=0.3MiB(90txo)
2025-10-26T21:50:53Z Saw new header hash=262531fef1b5c066563f7e78de0119f63a3c6e4bc8a87aaf001a9d6d3a7d277f height=91
2025-10-26T21:50:53Z Saw new cmpctblock header hash=262531fef1b5c066563f7e78de0119f63a3c6e4bc8a87aaf001a9d6d3a7d277f peer=0
2025-10-26T21:50:53Z UpdateTip: new best=262531fef1b5c066563f7e78de0119f63a3c6e4bc8a87aaf001a9d6d3a7d277f height=91 version=0x20000000 log2_work=7.523562 tx=92 date='2025-10-26T21:51:07Z' progress=1.000000 cache=0.3MiB(91txo)
2025-10-26T21:50:53Z Saw new header hash=6ff32c945ee7a6453c5521e9ae55c2478bb45e38e22b63a4993d19947f4ceac0 height=92
2025-10-26T21:50:53Z Saw new cmpctblock header hash=6ff32c945ee7a6453c5521e9ae55c2478bb45e38e22b63a4993d19947f4ceac0 peer=2
2025-10-26T21:50:53Z UpdateTip: new best=6ff32c945ee7a6453c5521e9ae55c2478bb45e38e22b63a4993d19947f4ceac0 height=92 version=0x20000000 log2_work=7.539159 tx=93 date='2025-10-26T21:51:08Z' progress=1.000000 cache=0.3MiB(92txo)
2025-10-26T21:50:53Z Saw new header hash=536b7e8b2f79bf457f52b508d49539eb9bf6527ea97742d8764ff51e47b87b32 height=93
2025-10-26T21:50:53Z Saw new cmpctblock header hash=536b7e8b2f79bf457f52b508d49539eb9bf6527ea97742d8764ff51e47b87b32 peer=2
2025-10-26T21:50:53Z UpdateTip: new best=536b7e8b2f79bf457f52b508d49539eb9bf6527ea97742d8764ff51e47b87b32 height=93 version=0x20000000 log2_work=7.554589 tx=94 date='2025-10-26T21:51:08Z' progress=1.000000 cache=0.3MiB(93txo)
2025-10-26T21:50:53Z Saw new header hash=269ac985c020f3565adff4d9f1a87ffbc9771955c79657dc0c8dcdd886ee6868 height=94
2025-10-26T21:50:53Z Saw new cmpctblock header hash=269ac985c020f3565adff4d9f1a87ffbc9771955c79657dc0c8dcdd886ee6868 peer=0
2025-10-26T21:50:53Z UpdateTip: new best=269ac985c020f3565adff4d9f1a87ffbc9771955c79657dc0c8dcdd886ee6868 height=94 version=0x20000000 log2_work=7.569856 tx=95 date='2025-10-26T21:51:08Z' progress=1.000000 cache=0.3MiB(94txo)
2025-10-26T21:50:53Z Saw new header hash=338b35742422f89cb170c35826959f72e97fb37b5403028f7ee1438f65ab541a height=95
2025-10-26T21:50:53Z Saw new cmpctblock header hash=338b35742422f89cb170c35826959f72e97fb37b5403028f7ee1438f65ab541a peer=0
2025-10-26T21:50:53Z UpdateTip: new best=338b35742422f89cb170c35826959f72e97fb37b5403028f7ee1438f65ab541a height=95 version=0x20000000 log2_work=7.584963 tx=96 date='2025-10-26T21:51:08Z' progress=1.000000 cache=0.3MiB(95txo)
2025-10-26T21:50:53Z Saw new header hash=46c3e709cda8df44fa8533bfce15d89b4285198e7cb606352da9b74c46834624 height=96
2025-10-26T21:50:53Z Saw new cmpctblock header hash=46c3e709cda8df44fa8533bfce15d89b4285198e7cb606352da9b74c46834624 peer=2
2025-10-26T21:50:53Z UpdateTip: new best=46c3e709cda8df44fa8533bfce15d89b4285198e7cb606352da9b74c46834624 height=96 version=0x20000000 log2_work=7.599913 tx=97 date='2025-10-26T21:51:08Z' progress=1.000000 cache=0.3MiB(96txo)
2025-10-26T21:50:53Z Saw new header hash=74fe83dbd9f98499ab5f80e2c8b42e249b2b47f3f5da50e59c51a452852ee630 height=97
2025-10-26T21:50:53Z Saw new cmpctblock header hash=74fe83dbd9f98499ab5f80e2c8b42e249b2b47f3f5da50e59c51a452852ee630 peer=0
2025-10-26T21:50:53Z UpdateTip: new best=74fe83dbd9f98499ab5f80e2c8b42e249b2b47f3f5da50e59c51a452852ee630 height=97 version=0x20000000 log2_work=7.614710 tx=98 date='2025-10-26T21:51:08Z' progress=1.000000 cache=0.3MiB(97txo)
2025-10-26T21:50:54Z Saw new header hash=225681c0d8af3546feebbad0feeee91e1a69d84b80e3e27e1f15402012eaa146 height=98
2025-10-26T21:50:54Z Saw new cmpctblock header hash=225681c0d8af3546feebbad0feeee91e1a69d84b80e3e27e1f15402012eaa146 peer=0
2025-10-26T21:50:54Z UpdateTip: new best=225681c0d8af3546feebbad0feeee91e1a69d84b80e3e27e1f15402012eaa146 height=98 version=0x20000000 log2_work=7.629357 tx=99 date='2025-10-26T21:51:09Z' progress=1.000000 cache=0.3MiB(98txo)
2025-10-26T21:50:54Z Saw new header hash=5085858b71daf9caaf686b5a35cfb49ef6de837143c3da66d8bc38fb2317e239 height=99
2025-10-26T21:50:54Z Saw new cmpctblock header hash=5085858b71daf9caaf686b5a35cfb49ef6de837143c3da66d8bc38fb2317e239 peer=0
2025-10-26T21:50:54Z UpdateTip: new best=5085858b71daf9caaf686b5a35cfb49ef6de837143c3da66d8bc38fb2317e239 height=99 version=0x20000000 log2_work=7.643856 tx=100 date='2025-10-26T21:51:09Z' progress=1.000000 cache=0.3MiB(99txo)
2025-10-26T21:50:54Z Saw new header hash=3826048f9a9090ed1de270caaa7ba7181094b809bf18f83d97fe69a743cad03d height=100
2025-10-26T21:50:54Z Saw new cmpctblock header hash=3826048f9a9090ed1de270caaa7ba7181094b809bf18f83d97fe69a743cad03d peer=2
2025-10-26T21:50:54Z UpdateTip: new best=3826048f9a9090ed1de270caaa7ba7181094b809bf18f83d97fe69a743cad03d height=100 version=0x20000000 log2_work=7.658211 tx=101 date='2025-10-26T21:51:09Z' progress=1.000000 cache=0.3MiB(100txo)
2025-10-26T21:50:54Z Saw new header hash=6e9da26977b6906b136f7a9011012e190649ff001e455cadd5a5da56438e05c5 height=101
2025-10-26T21:50:54Z Saw new cmpctblock header hash=6e9da26977b6906b136f7a9011012e190649ff001e455cadd5a5da56438e05c5 peer=2
2025-10-26T21:50:54Z UpdateTip: new best=6e9da26977b6906b136f7a9011012e190649ff001e455cadd5a5da56438e05c5 height=101 version=0x20000000 log2_work=7.672425 tx=102 date='2025-10-26T21:51:09Z' progress=1.000000 cache=0.3MiB(101txo)
2025-10-26T21:50:54Z Saw new header hash=17e87c72fc1ebfb5ccff3abcb4f7f673d058d92df8fdb92942061ad814709136 height=102
2025-10-26T21:50:54Z Saw new cmpctblock header hash=17e87c72fc1ebfb5ccff3abcb4f7f673d058d92df8fdb92942061ad814709136 peer=0
2025-10-26T21:50:54Z UpdateTip: new best=17e87c72fc1ebfb5ccff3abcb4f7f673d058d92df8fdb92942061ad814709136 height=102 version=0x20000000 log2_work=7.686501 tx=103 date='2025-10-26T21:51:09Z' progress=1.000000 cache=0.3MiB(102txo)
2025-10-26T21:50:54Z Saw new header hash=6a8f6911c832f87b39f49ccb3fc81a857c3b67536f845792a5053faf9e5562bb height=103
2025-10-26T21:50:54Z Saw new cmpctblock header hash=6a8f6911c832f87b39f49ccb3fc81a857c3b67536f845792a5053faf9e5562bb peer=2
2025-10-26T21:50:54Z UpdateTip: new best=6a8f6911c832f87b39f49ccb3fc81a857c3b67536f845792a5053faf9e5562bb height=103 version=0x20000000 log2_work=7.700440 tx=104 date='2025-10-26T21:51:09Z' progress=1.000000 cache=0.3MiB(103txo)
2025-10-26T21:50:54Z Saw new header hash=4e90308f4256ecf8fafc8c9e653bea32a4779d6d8133154fd3b4fe0d440b1677 height=104
2025-10-26T21:50:54Z Saw new cmpctblock header hash=4e90308f4256ecf8fafc8c9e653bea32a4779d6d8133154fd3b4fe0d440b1677 peer=2
2025-10-26T21:50:54Z UpdateTip: new best=4e90308f4256ecf8fafc8c9e653bea32a4779d6d8133154fd3b4fe0d440b1677 height=104 version=0x20000000 log2_work=7.714246 tx=105 date='2025-10-26T21:51:10Z' progress=1.000000 cache=0.3MiB(104txo)
2025-10-26T21:50:54Z Saw new header hash=625b745435f3d5d8250314ebc99784ef4b134afbed6e65a8c0faba992da4117f height=105
2025-10-26T21:50:54Z Saw new cmpctblock header hash=625b745435f3d5d8250314ebc99784ef4b134afbed6e65a8c0faba992da4117f peer=0
2025-10-26T21:50:54Z UpdateTip: new best=625b745435f3d5d8250314ebc99784ef4b134afbed6e65a8c0faba992da4117f height=105 version=0x20000000 log2_work=7.727920 tx=106 date='2025-10-26T21:51:10Z' progress=1.000000 cache=0.3MiB(105txo)
2025-10-26T21:50:54Z Saw new header hash=7a86737e0e7be3b20117394afa7e34e611ccc17d2166a073d3d09e6e78cafb01 height=106
2025-10-26T21:50:54Z Saw new cmpctblock header hash=7a86737e0e7be3b20117394afa7e34e611ccc17d2166a073d3d09e6e78cafb01 peer=2
2025-10-26T21:50:54Z UpdateTip: new best=7a86737e0e7be3b20117394afa7e34e611ccc17d2166a073d3d09e6e78cafb01 height=106 version=0x20000000 log2_work=7.741467 tx=107 date='2025-10-26T21:51:10Z' progress=1.000000 cache=0.3MiB(106txo)
2025-10-26T21:50:54Z Saw new header hash=1b45d3666fe08553b3e131f3a75ea60139bdc134a411aac0129f5c7fbeaeb937 height=107
2025-10-26T21:50:54Z Saw new cmpctblock header hash=1b45d3666fe08553b3e131f3a75ea60139bdc134a411aac0129f5c7fbeaeb937 peer=0
2025-10-26T21:50:54Z UpdateTip: new best=1b45d3666fe08553b3e131f3a75ea60139bdc134a411aac0129f5c7fbeaeb937 height=107 version=0x20000000 log2_work=7.754888 tx=108 date='2025-10-26T21:51:10Z' progress=1.000000 cache=0.3MiB(107txo)
2025-10-26T21:50:54Z Saw new header hash=2bd5b4eb211137f76a4043e7d8813394c8d2c3ce13b6b7b27ecf89345e31355a height=108
2025-10-26T21:50:54Z Saw new cmpctblock header hash=2bd5b4eb211137f76a4043e7d8813394c8d2c3ce13b6b7b27ecf89345e31355a peer=2
2025-10-26T21:50:54Z UpdateTip: new best=2bd5b4eb211137f76a4043e7d8813394c8d2c3ce13b6b7b27ecf89345e31355a height=108 version=0x20000000 log2_work=7.768184 tx=109 date='2025-10-26T21:51:10Z' progress=1.000000 cache=0.3MiB(108txo)
2025-10-26T21:50:54Z Saw new header hash=62cd252432c5aeeb8f50ecce7dc3d2b8a7c8d8a1c396c20aa40785b63ed912c9 height=109
2025-10-26T21:50:54Z Saw new cmpctblock header hash=62cd252432c5aeeb8f50ecce7dc3d2b8a7c8d8a1c396c20aa40785b63ed912c9 peer=2
2025-10-26T21:50:54Z UpdateTip: new best=62cd252432c5aeeb8f50ecce7dc3d2b8a7c8d8a1c396c20aa40785b63ed912c9 height=109 version=0x20000000 log2_work=7.781360 tx=110 date='2025-10-26T21:51:10Z' progress=1.000000 cache=0.3MiB(109txo)
2025-10-26T21:50:54Z Saw new header hash=57004680d813ce3a7b556e937cdb18b5b5a26fa6cd1c1acd27276204bffc9ea9 height=110
2025-10-26T21:50:54Z Saw new cmpctblock header hash=57004680d813ce3a7b556e937cdb18b5b5a26fa6cd1c1acd27276204bffc9ea9 peer=0
2025-10-26T21:50:54Z UpdateTip: new best=57004680d813ce3a7b556e937cdb18b5b5a26fa6cd1c1acd27276204bffc9ea9 height=110 version=0x20000000 log2_work=7.794416 tx=111 date='2025-10-26T21:51:11Z' progress=1.000000 cache=0.3MiB(110txo)
2025-10-26T21:50:54Z Saw new header hash=1b394717179ceb274ca48631a96e6bb6888d6ff3808aa6255b40c92223eff45d height=111
2025-10-26T21:50:54Z Saw new cmpctblock header hash=1b394717179ceb274ca48631a96e6bb6888d6ff3808aa6255b40c92223eff45d peer=2
2025-10-26T21:50:54Z UpdateTip: new best=1b394717179ceb274ca48631a96e6bb6888d6ff3808aa6255b40c92223eff45d height=111 version=0x20000000 log2_work=7.807355 tx=112 date='2025-10-26T21:51:11Z' progress=1.000000 cache=0.3MiB(111txo)
2025-10-26T21:50:54Z Saw new header hash=78d675f3f405e8f4342aea90e6d0258011c64823680c62016edac704fe0d8c12 height=112
2025-10-26T21:50:54Z Saw new cmpctblock header hash=78d675f3f405e8f4342aea90e6d0258011c64823680c62016edac704fe0d8c12 peer=0
2025-10-26T21:50:54Z UpdateTip: new best=78d675f3f405e8f4342aea90e6d0258011c64823680c62016edac704fe0d8c12 height=112 version=0x20000000 log2_work=7.820179 tx=113 date='2025-10-26T21:51:11Z' progress=1.000000 cache=0.3MiB(112txo)
2025-10-26T21:50:54Z Saw new header hash=4543effaeda359932a9631b1c94589703d06f88af80b9bceddcb87c05a248aa4 height=113
2025-10-26T21:50:54Z Saw new cmpctblock header hash=4543effaeda359932a9631b1c94589703d06f88af80b9bceddcb87c05a248aa4 peer=0
2025-10-26T21:50:54Z UpdateTip: new best=4543effaeda359932a9631b1c94589703d06f88af80b9bceddcb87c05a248aa4 height=113 version=0x20000000 log2_work=7.832890 tx=114 date='2025-10-26T21:51:11Z' progress=1.000000 cache=0.3MiB(113txo)
2025-10-26T21:50:54Z Saw new header hash=5c5e849859d6e2ad12f22f3ef9421fc6f7f1c6eefc2b705baeb6ecab1acec01b height=114
2025-10-26T21:50:54Z Saw new cmpctblock header hash=5c5e849859d6e2ad12f22f3ef9421fc6f7f1c6eefc2b705baeb6ecab1acec01b peer=0
2025-10-26T21:50:54Z UpdateTip: new best=5c5e849859d6e2ad12f22f3ef9421fc6f7f1c6eefc2b705baeb6ecab1acec01b height=114 version=0x20000000 log2_work=7.845490 tx=115 date='2025-10-26T21:51:11Z' progress=1.000000 cache=0.3MiB(114txo)
2025-10-26T21:50:54Z Saw new header hash=0cb9ac7eda31f41f1c67f3524f5f135648b7097cf679dde852a1a42558581f46 height=115
2025-10-26T21:50:54Z Saw new cmpctblock header hash=0cb9ac7eda31f41f1c67f3524f5f135648b7097cf679dde852a1a42558581f46 peer=2
2025-10-26T21:50:54Z UpdateTip: new best=0cb9ac7eda31f41f1c67f3524f5f135648b7097cf679dde852a1a42558581f46 height=115 version=0x20000000 log2_work=7.857981 tx=116 date='2025-10-26T21:51:11Z' progress=1.000000 cache=0.3MiB(115txo)
2025-10-26T21:50:54Z Saw new header hash=32b69b598564d16f715bf168c1d280386b5ed6b08adb4ab85fb53c749be05d9e height=116
2025-10-26T21:50:54Z Saw new cmpctblock header hash=32b69b598564d16f715bf168c1d280386b5ed6b08adb4ab85fb53c749be05d9e peer=2
2025-10-26T21:50:54Z UpdateTip: new best=32b69b598564d16f715bf168c1d280386b5ed6b08adb4ab85fb53c749be05d9e height=116 version=0x20000000 log2_work=7.870365 tx=117 date='2025-10-26T21:51:12Z' progress=1.000000 cache=0.3MiB(116txo)
2025-10-26T21:50:54Z Saw new header hash=69f0056d26df473baaea4d74b0d0f32c5214b9a3ef44bf8a99213d6c3f89c400 height=117
2025-10-26T21:50:54Z Saw new cmpctblock header hash=69f0056d26df473baaea4d74b0d0f32c5214b9a3ef44bf8a99213d6c3f89c400 peer=2
2025-10-26T21:50:54Z UpdateTip: new best=69f0056d26df473baaea4d74b0d0f32c5214b9a3ef44bf8a99213d6c3f89c400 height=117 version=0x20000000 log2_work=7.882643 tx=118 date='2025-10-26T21:51:12Z' progress=1.000000 cache=0.3MiB(117txo)
2025-10-26T21:50:54Z Saw new header hash=1ccbd993d2f5e5776662217ec5963975a0bd247aa3de71d5a0c0195087c82a6a height=118
2025-10-26T21:50:54Z Saw new cmpctblock header hash=1ccbd993d2f5e5776662217ec5963975a0bd247aa3de71d5a0c0195087c82a6a peer=0
2025-10-26T21:50:54Z UpdateTip: new best=1ccbd993d2f5e5776662217ec5963975a0bd247aa3de71d5a0c0195087c82a6a height=118 version=0x20000000 log2_work=7.894818 tx=119 date='2025-10-26T21:51:12Z' progress=1.000000 cache=0.3MiB(118txo)
2025-10-26T21:50:54Z Saw new header hash=6b215467ecab0abab98e67b2d34c3d8f08405da08ba7ca4e8c230a2dd515ff7f height=119
2025-10-26T21:50:54Z Saw new cmpctblock header hash=6b215467ecab0abab98e67b2d34c3d8f08405da08ba7ca4e8c230a2dd515ff7f peer=0
2025-10-26T21:50:54Z UpdateTip: new best=6b215467ecab0abab98e67b2d34c3d8f08405da08ba7ca4e8c230a2dd515ff7f height=119 version=0x20000000 log2_work=7.906891 tx=120 date='2025-10-26T21:51:12Z' progress=1.000000 cache=0.3MiB(119txo)
2025-10-26T21:50:54Z Saw new header hash=6c44322f9c258560b0a78d7d19287959a59e5da01bdda6d62459ac2ebd061068 height=120
2025-10-26T21:50:54Z Saw new cmpctblock header hash=6c44322f9c258560b0a78d7d19287959a59e5da01bdda6d62459ac2ebd061068 peer=0
2025-10-26T21:50:54Z UpdateTip: new best=6c44322f9c258560b0a78d7d19287959a59e5da01bdda6d62459ac2ebd061068 height=120 version=0x20000000 log2_work=7.918863 tx=121 date='2025-10-26T21:51:12Z' progress=1.000000 cache=0.3MiB(120txo)
2025-10-26T21:50:54Z Saw new header hash=234b0a9549102fce3cac4d7c6cc1a14ae1ec1aee608c17588db500deb501207e height=121
2025-10-26T21:50:54Z Saw new cmpctblock header hash=234b0a9549102fce3cac4d7c6cc1a14ae1ec1aee608c17588db500deb501207e peer=0
2025-10-26T21:50:54Z UpdateTip: new best=234b0a9549102fce3cac4d7c6cc1a14ae1ec1aee608c17588db500deb501207e height=121 version=0x20000000 log2_work=7.930737 tx=122 date='2025-10-26T21:51:12Z' progress=1.000000 cache=0.3MiB(121txo)
2025-10-26T21:50:54Z Saw new header hash=152b3cbe9a36714a5c5fc954a01a42b4170f7f860a8c879dd87bdfcea6d6b59e height=122
2025-10-26T21:50:54Z Saw new cmpctblock header hash=152b3cbe9a36714a5c5fc954a01a42b4170f7f860a8c879dd87bdfcea6d6b59e peer=0
2025-10-26T21:50:54Z UpdateTip: new best=152b3cbe9a36714a5c5fc954a01a42b4170f7f860a8c879dd87bdfcea6d6b59e height=122 version=0x20000000 log2_work=7.942515 tx=123 date='2025-10-26T21:51:13Z' progress=1.000000 cache=0.3MiB(122txo)
2025-10-26T21:50:54Z Saw new header hash=7f471d26f6584b34d1150fa4a679db7c57552a6a0460b42cb3b4d30aacebf0dc height=123
2025-10-26T21:50:54Z Saw new cmpctblock header hash=7f471d26f6584b34d1150fa4a679db7c57552a6a0460b42cb3b4d30aacebf0dc peer=0
2025-10-26T21:50:54Z UpdateTip: new best=7f471d26f6584b34d1150fa4a679db7c57552a6a0460b42cb3b4d30aacebf0dc height=123 version=0x20000000 log2_work=7.954196 tx=124 date='2025-10-26T21:51:13Z' progress=1.000000 cache=0.3MiB(123txo)
2025-10-26T21:50:54Z Saw new header hash=4ffaf15ca926ef5a4970f29c356430b20d5842b96455b6f3d16ed4d7545f8b7d height=124
2025-10-26T21:50:54Z Saw new cmpctblock header hash=4ffaf15ca926ef5a4970f29c356430b20d5842b96455b6f3d16ed4d7545f8b7d peer=2
2025-10-26T21:50:54Z UpdateTip: new best=4ffaf15ca926ef5a4970f29c356430b20d5842b96455b6f3d16ed4d7545f8b7d height=124 version=0x20000000 log2_work=7.965784 tx=125 date='2025-10-26T21:51:13Z' progress=1.000000 cache=0.3MiB(124txo)
2025-10-26T21:50:54Z Saw new header hash=72c09937e577f6e629678dec7086d9ca6d3531ba4ccdc6114489ebabf1716424 height=125
2025-10-26T21:50:54Z Saw new cmpctblock header hash=72c09937e577f6e629678dec7086d9ca6d3531ba4ccdc6114489ebabf1716424 peer=2
2025-10-26T21:50:54Z UpdateTip: new best=72c09937e577f6e629678dec7086d9ca6d3531ba4ccdc6114489ebabf1716424 height=125 version=0x20000000 log2_work=7.977280 tx=126 date='2025-10-26T21:51:13Z' progress=1.000000 cache=0.3MiB(125txo)
2025-10-26T21:50:54Z Saw new header hash=05eda6504fcd41bfd7f09be5dab9ba005f5ab46ae46d9f3cd5905334b8e589c3 height=126
2025-10-26T21:50:54Z Saw new cmpctblock header hash=05eda6504fcd41bfd7f09be5dab9ba005f5ab46ae46d9f3cd5905334b8e589c3 peer=0
2025-10-26T21:50:54Z UpdateTip: new best=05eda6504fcd41bfd7f09be5dab9ba005f5ab46ae46d9f3cd5905334b8e589c3 height=126 version=0x20000000 log2_work=7.988685 tx=127 date='2025-10-26T21:51:13Z' progress=1.000000 cache=0.3MiB(126txo)
2025-10-26T21:50:54Z Saw new header hash=5fecdddd8a94b08a54046fd50ad75eb3ddf988ad6f4b23eb52ad391e98303771 height=127
2025-10-26T21:50:54Z Saw new cmpctblock header hash=5fecdddd8a94b08a54046fd50ad75eb3ddf988ad6f4b23eb52ad391e98303771 peer=2
2025-10-26T21:50:54Z UpdateTip: new best=5fecdddd8a94b08a54046fd50ad75eb3ddf988ad6f4b23eb52ad391e98303771 height=127 version=0x20000000 log2_work=8.000000 tx=128 date='2025-10-26T21:51:13Z' progress=1.000000 cache=0.3MiB(127txo)
2025-10-26T21:50:54Z Saw new header hash=3eb86b81ed241ac865fa5994b060206e40f3c35aac7283d50fb861134b8398e6 height=128
2025-10-26T21:50:54Z Saw new cmpctblock header hash=3eb86b81ed241ac865fa5994b060206e40f3c35aac7283d50fb861134b8398e6 peer=0
2025-10-26T21:50:54Z UpdateTip: new best=3eb86b81ed241ac865fa5994b060206e40f3c35aac7283d50fb861134b8398e6 height=128 version=0x20000000 log2_work=8.011227 tx=129 date='2025-10-26T21:51:14Z' progress=1.000000 cache=0.3MiB(128txo)
2025-10-26T21:50:54Z Saw new header hash=162c0be4822703671c678aac8f21dd3981b19efee7de47849c349f2fc0d00868 height=129
2025-10-26T21:50:54Z Saw new cmpctblock header hash=162c0be4822703671c678aac8f21dd3981b19efee7de47849c349f2fc0d00868 peer=2
2025-10-26T21:50:54Z UpdateTip: new best=162c0be4822703671c678aac8f21dd3981b19efee7de47849c349f2fc0d00868 height=129 version=0x20000000 log2_work=8.022368 tx=130 date='2025-10-26T21:51:14Z' progress=1.000000 cache=0.3MiB(129txo)
2025-10-26T21:50:54Z Saw new header hash=6fd7293e04d00f39eafd05542c437dcf53ac1d0afcb84cedacbd36908e66b2cf height=130
2025-10-26T21:50:54Z Saw new cmpctblock header hash=6fd7293e04d00f39eafd05542c437dcf53ac1d0afcb84cedacbd36908e66b2cf peer=0
2025-10-26T21:50:54Z UpdateTip: new best=6fd7293e04d00f39eafd05542c437dcf53ac1d0afcb84cedacbd36908e66b2cf height=130 version=0x20000000 log2_work=8.033423 tx=131 date='2025-10-26T21:51:14Z' progress=1.000000 cache=0.3MiB(130txo)
2025-10-26T21:50:54Z Saw new header hash=2a6065074655bd09484a45b7ac21bce2f6f8c396b0b3bbc5737a2efdf4e6ad16 height=131
2025-10-26T21:50:54Z Saw new cmpctblock header hash=2a6065074655bd09484a45b7ac21bce2f6f8c396b0b3bbc5737a2efdf4e6ad16 peer=0
2025-10-26T21:50:54Z UpdateTip: new best=2a6065074655bd09484a45b7ac21bce2f6f8c396b0b3bbc5737a2efdf4e6ad16 height=131 version=0x20000000 log2_work=8.044394 tx=132 date='2025-10-26T21:51:14Z' progress=1.000000 cache=0.3MiB(131txo)
2025-10-26T21:50:54Z Saw new header hash=19e3904593c90472004becaeb767077773eb449e5e67dbb97b44b88bba14d202 height=132
2025-10-26T21:50:54Z Saw new cmpctblock header hash=19e3904593c90472004becaeb767077773eb449e5e67dbb97b44b88bba14d202 peer=2
2025-10-26T21:50:54Z UpdateTip: new best=19e3904593c90472004becaeb767077773eb449e5e67dbb97b44b88bba14d202 height=132 version=0x20000000 log2_work=8.055282 tx=133 date='2025-10-26T21:51:14Z' progress=1.000000 cache=0.3MiB(132txo)
2025-10-26T21:50:54Z Saw new header hash=6f2712d5eebf3f02a1605c7edbbefc2776c9e698dcb062c875010b557eb9c0e2 height=133
2025-10-26T21:50:54Z Saw new cmpctblock header hash=6f2712d5eebf3f02a1605c7edbbefc2776c9e698dcb062c875010b557eb9c0e2 peer=0
2025-10-26T21:50:54Z UpdateTip: new best=6f2712d5eebf3f02a1605c7edbbefc2776c9e698dcb062c875010b557eb9c0e2 height=133 version=0x20000000 log2_work=8.066089 tx=134 date='2025-10-26T21:51:14Z' progress=1.000000 cache=0.3MiB(133txo)
2025-10-26T21:50:54Z Saw new header hash=303615db9344026498af7140e878289f023e670af8fe41b9b2bc635acf810cd2 height=134
2025-10-26T21:50:54Z Saw new cmpctblock header hash=303615db9344026498af7140e878289f023e670af8fe41b9b2bc635acf810cd2 peer=0
2025-10-26T21:50:54Z UpdateTip: new best=303615db9344026498af7140e878289f023e670af8fe41b9b2bc635acf810cd2 height=134 version=0x20000000 log2_work=8.076816 tx=135 date='2025-10-26T21:51:15Z' progress=1.000000 cache=0.3MiB(134txo)
2025-10-26T21:50:54Z Saw new header hash=602d3c62997fcf7e1a29cd24122585270d4f9e8a8edc0e8d0ddcf75ee221e1fb height=135
2025-10-26T21:50:54Z Saw new cmpctblock header hash=602d3c62997fcf7e1a29cd24122585270d4f9e8a8edc0e8d0ddcf75ee221e1fb peer=2
2025-10-26T21:50:54Z UpdateTip: new best=602d3c62997fcf7e1a29cd24122585270d4f9e8a8edc0e8d0ddcf75ee221e1fb height=135 version=0x20000000 log2_work=8.087463 tx=136 date='2025-10-26T21:51:15Z' progress=1.000000 cache=0.3MiB(135txo)
2025-10-26T21:50:54Z Saw new header hash=23715b5b380bda812ded20b38410ebc8b5dad66ebe3fdfd96098acf88d87fc54 height=136
2025-10-26T21:50:54Z Saw new cmpctblock header hash=23715b5b380bda812ded20b38410ebc8b5dad66ebe3fdfd96098acf88d87fc54 peer=0
2025-10-26T21:50:54Z UpdateTip: new best=23715b5b380bda812ded20b38410ebc8b5dad66ebe3fdfd96098acf88d87fc54 height=136 version=0x20000000 log2_work=8.098032 tx=137 date='2025-10-26T21:51:15Z' progress=1.000000 cache=0.3MiB(136txo)
2025-10-26T21:50:54Z Saw new header hash=226577d58b655e1bd98efb9c537711766314b8d6b1be4018c606fe2136642fbf height=137
2025-10-26T21:50:54Z Saw new cmpctblock header hash=226577d58b655e1bd98efb9c537711766314b8d6b1be4018c606fe2136642fbf peer=0
2025-10-26T21:50:54Z UpdateTip: new best=226577d58b655e1bd98efb9c537711766314b8d6b1be4018c606fe2136642fbf height=137 version=0x20000000 log2_work=8.108524 tx=138 date='2025-10-26T21:51:15Z' progress=1.000000 cache=0.3MiB(137txo)
2025-10-26T21:50:54Z Saw new header hash=45f3235db79f447631559a3b9505f09b5be8961cf017e29487127ad62a4780ca height=138
2025-10-26T21:50:54Z Saw new cmpctblock header hash=45f3235db79f447631559a3b9505f09b5be8961cf017e29487127ad62a4780ca peer=0
2025-10-26T21:50:54Z UpdateTip: new best=45f3235db79f447631559a3b9505f09b5be8961cf017e29487127ad62a4780ca height=138 version=0x20000000 log2_work=8.118941 tx=139 date='2025-10-26T21:51:15Z' progress=1.000000 cache=0.3MiB(138txo)
2025-10-26T21:50:54Z Saw new header hash=3cfa2202b6e10ef28851e053ee9572eecdeecaa1b9202b488fb3de1bbc4e27ad height=139
2025-10-26T21:50:54Z Saw new cmpctblock header hash=3cfa2202b6e10ef28851e053ee9572eecdeecaa1b9202b488fb3de1bbc4e27ad peer=0
2025-10-26T21:50:54Z UpdateTip: new best=3cfa2202b6e10ef28851e053ee9572eecdeecaa1b9202b488fb3de1bbc4e27ad height=139 version=0x20000000 log2_work=8.129283 tx=140 date='2025-10-26T21:51:15Z' progress=1.000000 cache=0.3MiB(139txo)
2025-10-26T21:50:54Z Saw new header hash=57d234b5c5ac7bad11f03ac824dbcf8ff46a80f6a919a8ca9d0c44bdef541067 height=140
2025-10-26T21:50:54Z Saw new cmpctblock header hash=57d234b5c5ac7bad11f03ac824dbcf8ff46a80f6a919a8ca9d0c44bdef541067 peer=2
2025-10-26T21:50:54Z UpdateTip: new best=57d234b5c5ac7bad11f03ac824dbcf8ff46a80f6a919a8ca9d0c44bdef541067 height=140 version=0x20000000 log2_work=8.139551 tx=141 date='2025-10-26T21:51:16Z' progress=1.000000 cache=0.3MiB(140txo)
2025-10-26T21:50:54Z Saw new header hash=79ed1742ef7a168d08ea23bc0c73b2150edd8682478a5f83ffb7fcf61abad4cf height=141
2025-10-26T21:50:54Z Saw new cmpctblock header hash=79ed1742ef7a168d08ea23bc0c73b2150edd8682478a5f83ffb7fcf61abad4cf peer=2
2025-10-26T21:50:54Z UpdateTip: new best=79ed1742ef7a168d08ea23bc0c73b2150edd8682478a5f83ffb7fcf61abad4cf height=141 version=0x20000000 log2_work=8.149747 tx=142 date='2025-10-26T21:51:16Z' progress=1.000000 cache=0.3MiB(141txo)
2025-10-26T21:50:54Z Saw new header hash=38b6ba9e217f289c19be62e700449607d772e4c84723f41f979a26e464935a15 height=142
2025-10-26T21:50:54Z Saw new cmpctblock header hash=38b6ba9e217f289c19be62e700449607d772e4c84723f41f979a26e464935a15 peer=0
2025-10-26T21:50:54Z UpdateTip: new best=38b6ba9e217f289c19be62e700449607d772e4c84723f41f979a26e464935a15 height=142 version=0x20000000 log2_work=8.159871 tx=143 date='2025-10-26T21:51:16Z' progress=1.000000 cache=0.3MiB(142txo)
2025-10-26T21:50:54Z Saw new header hash=135dce0d5d59d86210b9e68f51c7f7aa610c3838905fd580c4b0869d83536af2 height=143
2025-10-26T21:50:54Z Saw new cmpctblock header hash=135dce0d5d59d86210b9e68f51c7f7aa610c3838905fd580c4b0869d83536af2 peer=2
2025-10-26T21:50:54Z UpdateTip: new best=135dce0d5d59d86210b9e68f51c7f7aa610c3838905fd580c4b0869d83536af2 height=143 version=0x20000000 log2_work=8.169925 tx=144 date='2025-10-26T21:51:16Z' progress=1.000000 cache=0.3MiB(143txo)
2025-10-26T21:50:54Z Saw new header hash=192a2ee1140f1dfedba3e4ca8f21672ab4dd15637cf82fff884e7fc8904071da height=144
2025-10-26T21:50:54Z Saw new cmpctblock header hash=192a2ee1140f1dfedba3e4ca8f21672ab4dd15637cf82fff884e7fc8904071da peer=0
2025-10-26T21:50:54Z UpdateTip: new best=192a2ee1140f1dfedba3e4ca8f21672ab4dd15637cf82fff884e7fc8904071da height=144 version=0x30000000 log2_work=8.179909 tx=145 date='2025-10-26T21:51:16Z' progress=1.000000 cache=0.3MiB(144txo)
2025-10-26T21:50:54Z Saw new header hash=1bdb0f064feb66f10209f63eb18906a225e0c3a55068231a2fbebfbb6c42b951 height=145
2025-10-26T21:50:54Z Saw new cmpctblock header hash=1bdb0f064feb66f10209f63eb18906a225e0c3a55068231a2fbebfbb6c42b951 peer=0
2025-10-26T21:50:54Z UpdateTip: new best=1bdb0f064feb66f10209f63eb18906a225e0c3a55068231a2fbebfbb6c42b951 height=145 version=0x30000000 log2_work=8.189825 tx=146 date='2025-10-26T21:51:16Z' progress=1.000000 cache=0.3MiB(145txo)
2025-10-26T21:50:54Z Saw new header hash=60079af99192c1c8750a79823859681773ba406277426f6b13e1314ea37edce7 height=146
2025-10-26T21:50:54Z Saw new cmpctblock header hash=60079af99192c1c8750a79823859681773ba406277426f6b13e1314ea37edce7 peer=0
2025-10-26T21:50:54Z UpdateTip: new best=60079af99192c1c8750a79823859681773ba406277426f6b13e1314ea37edce7 height=146 version=0x30000000 log2_work=8.199672 tx=147 date='2025-10-26T21:51:17Z' progress=1.000000 cache=0.3MiB(146txo)
2025-10-26T21:50:54Z Saw new header hash=4d0a852f5c66a7076ebb6e4da54147bd5500480c469c271dd8b18f24bad50a69 height=147
2025-10-26T21:50:54Z Saw new cmpctblock header hash=4d0a852f5c66a7076ebb6e4da54147bd5500480c469c271dd8b18f24bad50a69 peer=2
2025-10-26T21:50:54Z UpdateTip: new best=4d0a852f5c66a7076ebb6e4da54147bd5500480c469c271dd8b18f24bad50a69 height=147 version=0x30000000 log2_work=8.209453 tx=148 date='2025-10-26T21:51:17Z' progress=1.000000 cache=0.3MiB(147txo)
2025-10-26T21:50:54Z Saw new header hash=26bdbd1e4e2c75c31c840ea837034ff4c8a0d516e40af874bedf687630174660 height=148
2025-10-26T21:50:54Z Saw new cmpctblock header hash=26bdbd1e4e2c75c31c840ea837034ff4c8a0d516e40af874bedf687630174660 peer=2
2025-10-26T21:50:54Z UpdateTip: new best=26bdbd1e4e2c75c31c840ea837034ff4c8a0d516e40af874bedf687630174660 height=148 version=0x30000000 log2_work=8.219169 tx=149 date='2025-10-26T21:51:17Z' progress=1.000000 cache=0.3MiB(148txo)
2025-10-26T21:50:54Z Saw new header hash=1eb33f7e1a0af9b66c6e2c4ffb8039d6e896d489a6683d053f5488237d242bcd height=149
2025-10-26T21:50:54Z Saw new cmpctblock header hash=1eb33f7e1a0af9b66c6e2c4ffb8039d6e896d489a6683d053f5488237d242bcd peer=0
2025-10-26T21:50:54Z UpdateTip: new best=1eb33f7e1a0af9b66c6e2c4ffb8039d6e896d489a6683d053f5488237d242bcd height=149 version=0x30000000 log2_work=8.228819 tx=150 date='2025-10-26T21:51:17Z' progress=1.000000 cache=0.3MiB(149txo)
2025-10-26T21:50:54Z Saw new header hash=35db919ddb087b24fcd04c3c8423348d1d5ca902cf6481e035609328a833b6dd height=150
2025-10-26T21:50:54Z Saw new cmpctblock header hash=35db919ddb087b24fcd04c3c8423348d1d5ca902cf6481e035609328a833b6dd peer=2
2025-10-26T21:50:54Z UpdateTip: new best=35db919ddb087b24fcd04c3c8423348d1d5ca902cf6481e035609328a833b6dd height=150 version=0x30000000 log2_work=8.238405 tx=151 date='2025-10-26T21:51:17Z' progress=1.000000 cache=0.3MiB(150txo)
2025-10-26T21:50:54Z Saw new header hash=62309cdfb823adc5b2731a7636c0dd82802f4b830192d23b82fa62097568a2cd height=151
2025-10-26T21:50:54Z Saw new cmpctblock header hash=62309cdfb823adc5b2731a7636c0dd82802f4b830192d23b82fa62097568a2cd peer=2
2025-10-26T21:50:54Z UpdateTip: new best=62309cdfb823adc5b2731a7636c0dd82802f4b830192d23b82fa62097568a2cd height=151 version=0x30000000 log2_work=8.247928 tx=152 date='2025-10-26T21:51:17Z' progress=1.000000 cache=0.3MiB(151txo)
2025-10-26T21:50:54Z Saw new header hash=1d6a16f3738cb501525adc09f188b6399aea21e53a45026949ff3a385f12d3e3 height=152
2025-10-26T21:50:54Z Saw new cmpctblock header hash=1d6a16f3738cb501525adc09f188b6399aea21e53a45026949ff3a385f12d3e3 peer=0
2025-10-26T21:50:54Z UpdateTip: new best=1d6a16f3738cb501525adc09f188b6399aea21e53a45026949ff3a385f12d3e3 height=152 version=0x30000000 log2_work=8.257388 tx=153 date='2025-10-26T21:51:18Z' progress=1.000000 cache=0.3MiB(152txo)
2025-10-26T21:50:54Z Saw new header hash=61428ee311b1a6e8f8783035dff9a72abd1a01428a92c581a4a18715e7571da2 height=153
2025-10-26T21:50:54Z Saw new cmpctblock header hash=61428ee311b1a6e8f8783035dff9a72abd1a01428a92c581a4a18715e7571da2 peer=0
2025-10-26T21:50:54Z UpdateTip: new best=61428ee311b1a6e8f8783035dff9a72abd1a01428a92c581a4a18715e7571da2 height=153 version=0x30000000 log2_work=8.266787 tx=154 date='2025-10-26T21:51:18Z' progress=1.000000 cache=0.3MiB(153txo)
2025-10-26T21:50:54Z Saw new header hash=5c189465b94fc84f5819f7a57aa6b9cb4c2809a665d5471e80654497d68f50f6 height=154
2025-10-26T21:50:54Z Saw new cmpctblock header hash=5c189465b94fc84f5819f7a57aa6b9cb4c2809a665d5471e80654497d68f50f6 peer=0
2025-10-26T21:50:54Z UpdateTip: new best=5c189465b94fc84f5819f7a57aa6b9cb4c2809a665d5471e80654497d68f50f6 height=154 version=0x30000000 log2_work=8.276124 tx=155 date='2025-10-26T21:51:18Z' progress=1.000000 cache=0.3MiB(154txo)
2025-10-26T21:50:54Z Saw new header hash=5869f8819e0f15bda4a94fae693029d43c5a17bd81d0d90574f2a8b131d5139b height=155
2025-10-26T21:50:54Z Saw new cmpctblock header hash=5869f8819e0f15bda4a94fae693029d43c5a17bd81d0d90574f2a8b131d5139b peer=2
2025-10-26T21:50:54Z UpdateTip: new best=5869f8819e0f15bda4a94fae693029d43c5a17bd81d0d90574f2a8b131d5139b height=155 version=0x30000000 log2_work=8.285402 tx=156 date='2025-10-26T21:51:18Z' progress=1.000000 cache=0.3MiB(155txo)
2025-10-26T21:50:54Z Saw new header hash=2d161988fd97b35d18f56e49c8d3ee64e05f10c9e6a253d2132fc7f07a46e5c8 height=156
2025-10-26T21:50:54Z Saw new cmpctblock header hash=2d161988fd97b35d18f56e49c8d3ee64e05f10c9e6a253d2132fc7f07a46e5c8 peer=0
2025-10-26T21:50:54Z UpdateTip: new best=2d161988fd97b35d18f56e49c8d3ee64e05f10c9e6a253d2132fc7f07a46e5c8 height=156 version=0x30000000 log2_work=8.294621 tx=157 date='2025-10-26T21:51:18Z' progress=1.000000 cache=0.3MiB(156txo)
2025-10-26T21:50:54Z Saw new header hash=3b96b1b6faa768fca5574d1110d858d51a038d20fe554bd693dc83f6017ca9be height=157
2025-10-26T21:50:54Z Saw new cmpctblock header hash=3b96b1b6faa768fca5574d1110d858d51a038d20fe554bd693dc83f6017ca9be peer=0
2025-10-26T21:50:54Z UpdateTip: new best=3b96b1b6faa768fca5574d1110d858d51a038d20fe554bd693dc83f6017ca9be height=157 version=0x30000000 log2_work=8.303781 tx=158 date='2025-10-26T21:51:18Z' progress=1.000000 cache=0.3MiB(157txo)
2025-10-26T21:50:54Z Saw new header hash=5f12fbad97ef1a766c45f47b7b555e0724308c7cfd35d989f7f5a4d95cd1c0c1 height=158
2025-10-26T21:50:54Z Saw new cmpctblock header hash=5f12fbad97ef1a766c45f47b7b555e0724308c7cfd35d989f7f5a4d95cd1c0c1 peer=2
2025-10-26T21:50:54Z UpdateTip: new best=5f12fbad97ef1a766c45f47b7b555e0724308c7cfd35d989f7f5a4d95cd1c0c1 height=158 version=0x30000000 log2_work=8.312883 tx=159 date='2025-10-26T21:51:19Z' progress=1.000000 cache=0.3MiB(158txo)
2025-10-26T21:50:54Z Saw new header hash=53d568b59b6e13273076b60c25e7fb3387a5cfdbaba0f6491e9a94090684a474 height=159
2025-10-26T21:50:54Z Saw new cmpctblock header hash=53d568b59b6e13273076b60c25e7fb3387a5cfdbaba0f6491e9a94090684a474 peer=2
2025-10-26T21:50:54Z UpdateTip: new best=53d568b59b6e13273076b60c25e7fb3387a5cfdbaba0f6491e9a94090684a474 height=159 version=0x30000000 log2_work=8.321928 tx=160 date='2025-10-26T21:51:19Z' progress=1.000000 cache=0.3MiB(159txo)
2025-10-26T21:50:54Z Saw new header hash=58a792db75f35277d2e6eed9e3fe54606f3995ef3d54b558275744bb54f3c9d2 height=160
2025-10-26T21:50:54Z Saw new cmpctblock header hash=58a792db75f35277d2e6eed9e3fe54606f3995ef3d54b558275744bb54f3c9d2 peer=0
2025-10-26T21:50:54Z UpdateTip: new best=58a792db75f35277d2e6eed9e3fe54606f3995ef3d54b558275744bb54f3c9d2 height=160 version=0x30000000 log2_work=8.330917 tx=161 date='2025-10-26T21:51:19Z' progress=1.000000 cache=0.3MiB(160txo)
2025-10-26T21:50:54Z Saw new header hash=7ad84ca511e8f1932459ac85579d6b347fabd62a90b843c9b6ea0b9b58c4c98b height=161
2025-10-26T21:50:54Z Saw new cmpctblock header hash=7ad84ca511e8f1932459ac85579d6b347fabd62a90b843c9b6ea0b9b58c4c98b peer=0
2025-10-26T21:50:54Z UpdateTip: new best=7ad84ca511e8f1932459ac85579d6b347fabd62a90b843c9b6ea0b9b58c4c98b height=161 version=0x30000000 log2_work=8.339850 tx=162 date='2025-10-26T21:51:19Z' progress=1.000000 cache=0.3MiB(161txo)
2025-10-26T21:50:54Z Saw new header hash=5592a8bf81d81b4ca4466c95ef9fd1d96d750b4ff73aa259633dc60f9e9e1e6f height=162
2025-10-26T21:50:54Z Saw new cmpctblock header hash=5592a8bf81d81b4ca4466c95ef9fd1d96d750b4ff73aa259633dc60f9e9e1e6f peer=0
2025-10-26T21:50:54Z UpdateTip: new best=5592a8bf81d81b4ca4466c95ef9fd1d96d750b4ff73aa259633dc60f9e9e1e6f height=162 version=0x30000000 log2_work=8.348728 tx=163 date='2025-10-26T21:51:19Z' progress=1.000000 cache=0.3MiB(162txo)
2025-10-26T21:50:54Z Saw new header hash=49fb0fa82a85ad467c0932b5fd233e8d3d9b7a9e72d282be09647ea5322e4925 height=163
2025-10-26T21:50:54Z Saw new cmpctblock header hash=49fb0fa82a85ad467c0932b5fd233e8d3d9b7a9e72d282be09647ea5322e4925 peer=0
2025-10-26T21:50:54Z UpdateTip: new best=49fb0fa82a85ad467c0932b5fd233e8d3d9b7a9e72d282be09647ea5322e4925 height=163 version=0x30000000 log2_work=8.357552 tx=164 date='2025-10-26T21:51:19Z' progress=1.000000 cache=0.3MiB(163txo)
2025-10-26T21:50:54Z Saw new header hash=74fb50e37fcc3fcc83f390ee359135a8c57545086cf4dda3a4e4411cba8e8ce8 height=164
2025-10-26T21:50:54Z Saw new cmpctblock header hash=74fb50e37fcc3fcc83f390ee359135a8c57545086cf4dda3a4e4411cba8e8ce8 peer=2
2025-10-26T21:50:54Z UpdateTip: new best=74fb50e37fcc3fcc83f390ee359135a8c57545086cf4dda3a4e4411cba8e8ce8 height=164 version=0x30000000 log2_work=8.366322 tx=165 date='2025-10-26T21:51:20Z' progress=1.000000 cache=0.3MiB(164txo)
2025-10-26T21:50:54Z Saw new header hash=005961cde0e4546324ca838e70e5dcab67eff45649b09ab1156c7cda1659b5ad height=165
2025-10-26T21:50:54Z Saw new cmpctblock header hash=005961cde0e4546324ca838e70e5dcab67eff45649b09ab1156c7cda1659b5ad peer=0
2025-10-26T21:50:54Z UpdateTip: new best=005961cde0e4546324ca838e70e5dcab67eff45649b09ab1156c7cda1659b5ad height=165 version=0x30000000 log2_work=8.375039 tx=166 date='2025-10-26T21:51:20Z' progress=1.000000 cache=0.3MiB(165txo)
2025-10-26T21:50:54Z Saw new header hash=532ae9ae363dd581c2c03535fb5f850edc11dd17e0a671d62a4258a454e25cca height=166
2025-10-26T21:50:54Z Saw new cmpctblock header hash=532ae9ae363dd581c2c03535fb5f850edc11dd17e0a671d62a4258a454e25cca peer=0
2025-10-26T21:50:54Z UpdateTip: new best=532ae9ae363dd581c2c03535fb5f850edc11dd17e0a671d62a4258a454e25cca height=166 version=0x30000000 log2_work=8.383704 tx=167 date='2025-10-26T21:51:20Z' progress=1.000000 cache=0.3MiB(166txo)
2025-10-26T21:50:55Z Saw new header hash=3d6d3c638d1d85171d36334f3d8afc0b789258db9c5784de296550bdf4934516 height=167
2025-10-26T21:50:55Z Saw new cmpctblock header hash=3d6d3c638d1d85171d36334f3d8afc0b789258db9c5784de296550bdf4934516 peer=2
2025-10-26T21:50:55Z UpdateTip: new best=3d6d3c638d1d85171d36334f3d8afc0b789258db9c5784de296550bdf4934516 height=167 version=0x30000000 log2_work=8.392317 tx=168 date='2025-10-26T21:51:20Z' progress=1.000000 cache=0.3MiB(167txo)
2025-10-26T21:50:55Z Saw new header hash=03204cbb110a8c85af007ed2670ee4b0e62bc15dfe4d779ab0ad82aa02e18b45 height=168
2025-10-26T21:50:55Z Saw new cmpctblock header hash=03204cbb110a8c85af007ed2670ee4b0e62bc15dfe4d779ab0ad82aa02e18b45 peer=2
2025-10-26T21:50:55Z UpdateTip: new best=03204cbb110a8c85af007ed2670ee4b0e62bc15dfe4d779ab0ad82aa02e18b45 height=168 version=0x30000000 log2_work=8.400879 tx=169 date='2025-10-26T21:51:20Z' progress=1.000000 cache=0.3MiB(168txo)
2025-10-26T21:50:55Z Saw new header hash=35b38a9f39dcb5179306b7209efbb8eb9e6b7c4fbd26b60d9f667ab5c881e622 height=169
2025-10-26T21:50:55Z Saw new cmpctblock header hash=35b38a9f39dcb5179306b7209efbb8eb9e6b7c4fbd26b60d9f667ab5c881e622 peer=0
2025-10-26T21:50:55Z UpdateTip: new best=35b38a9f39dcb5179306b7209efbb8eb9e6b7c4fbd26b60d9f667ab5c881e622 height=169 version=0x30000000 log2_work=8.409391 tx=170 date='2025-10-26T21:51:20Z' progress=1.000000 cache=0.3MiB(169txo)
2025-10-26T21:50:55Z Saw new header hash=5c844b25a2a9e61ae0c1467f04f8e28d230bedebbabc2af81c24aa518e65c78e height=170
2025-10-26T21:50:55Z Saw new cmpctblock header hash=5c844b25a2a9e61ae0c1467f04f8e28d230bedebbabc2af81c24aa518e65c78e peer=2
2025-10-26T21:50:55Z UpdateTip: new best=5c844b25a2a9e61ae0c1467f04f8e28d230bedebbabc2af81c24aa518e65c78e height=170 version=0x30000000 log2_work=8.417853 tx=171 date='2025-10-26T21:51:21Z' progress=1.000000 cache=0.3MiB(170txo)
2025-10-26T21:50:55Z Saw new header hash=7ca0aec08bc88a4e60c983689652c5731690c94427abb97f3ad3bb6d141c1b1a height=171
2025-10-26T21:50:55Z Saw new cmpctblock header hash=7ca0aec08bc88a4e60c983689652c5731690c94427abb97f3ad3bb6d141c1b1a peer=2
2025-10-26T21:50:55Z UpdateTip: new best=7ca0aec08bc88a4e60c983689652c5731690c94427abb97f3ad3bb6d141c1b1a height=171 version=0x30000000 log2_work=8.426265 tx=172 date='2025-10-26T21:51:21Z' progress=1.000000 cache=0.3MiB(171txo)
2025-10-26T21:50:55Z Saw new header hash=67ed5ecdd1317545bbae96b73136ba0088b1f61b9a22f6571eea2951d7404f04 height=172
2025-10-26T21:50:55Z Saw new cmpctblock header hash=67ed5ecdd1317545bbae96b73136ba0088b1f61b9a22f6571eea2951d7404f04 peer=0
2025-10-26T21:50:55Z UpdateTip: new best=67ed5ecdd1317545bbae96b73136ba0088b1f61b9a22f6571eea2951d7404f04 height=172 version=0x30000000 log2_work=8.434628 tx=173 date='2025-10-26T21:51:21Z' progress=1.000000 cache=0.3MiB(172txo)
2025-10-26T21:50:55Z Saw new header hash=32b3598cac47dc3e9b6e5a7e65e793d5c12c1f3363151550c3b5cb068764ba0a height=173
2025-10-26T21:50:55Z Saw new cmpctblock header hash=32b3598cac47dc3e9b6e5a7e65e793d5c12c1f3363151550c3b5cb068764ba0a peer=2
2025-10-26T21:50:55Z UpdateTip: new best=32b3598cac47dc3e9b6e5a7e65e793d5c12c1f3363151550c3b5cb068764ba0a height=173 version=0x30000000 log2_work=8.442943 tx=174 date='2025-10-26T21:51:21Z' progress=1.000000 cache=0.3MiB(173txo)
2025-10-26T21:50:55Z Saw new header hash=0b65fd1f3ca2b521e012c676eb4db0a144772f95d5c8d0fab3657d6a4ab7d837 height=174
2025-10-26T21:50:55Z Saw new cmpctblock header hash=0b65fd1f3ca2b521e012c676eb4db0a144772f95d5c8d0fab3657d6a4ab7d837 peer=0
2025-10-26T21:50:55Z UpdateTip: new best=0b65fd1f3ca2b521e012c676eb4db0a144772f95d5c8d0fab3657d6a4ab7d837 height=174 version=0x30000000 log2_work=8.451211 tx=175 date='2025-10-26T21:51:21Z' progress=1.000000 cache=0.3MiB(174txo)
2025-10-26T21:50:55Z Saw new header hash=2e8ab9352f529aced0f0f219d722555fc23aea715c7c2d0a097272b4cf840ce9 height=175
2025-10-26T21:50:55Z Saw new cmpctblock header hash=2e8ab9352f529aced0f0f219d722555fc23aea715c7c2d0a097272b4cf840ce9 peer=0
2025-10-26T21:50:55Z UpdateTip: new best=2e8ab9352f529aced0f0f219d722555fc23aea715c7c2d0a097272b4cf840ce9 height=175 version=0x30000000 log2_work=8.459432 tx=176 date='2025-10-26T21:51:21Z' progress=1.000000 cache=0.3MiB(175txo)
2025-10-26T21:50:55Z Saw new header hash=2854b16da33afd73232fb688329e52605bd423717a115a37bc5f9a573b49a412 height=176
2025-10-26T21:50:55Z Saw new cmpctblock header hash=2854b16da33afd73232fb688329e52605bd423717a115a37bc5f9a573b49a412 peer=2
2025-10-26T21:50:55Z UpdateTip: new best=2854b16da33afd73232fb688329e52605bd423717a115a37bc5f9a573b49a412 height=176 version=0x30000000 log2_work=8.467606 tx=177 date='2025-10-26T21:51:22Z' progress=1.000000 cache=0.3MiB(176txo)
2025-10-26T21:50:55Z Saw new header hash=642351c1ea3606cbf7fcc44d9abb9352d0749dde193f1a51c12ef0a91d0ca79e height=177
2025-10-26T21:50:55Z Saw new cmpctblock header hash=642351c1ea3606cbf7fcc44d9abb9352d0749dde193f1a51c12ef0a91d0ca79e peer=2
2025-10-26T21:50:55Z UpdateTip: new best=642351c1ea3606cbf7fcc44d9abb9352d0749dde193f1a51c12ef0a91d0ca79e height=177 version=0x30000000 log2_work=8.475733 tx=178 date='2025-10-26T21:51:22Z' progress=1.000000 cache=0.3MiB(177txo)
2025-10-26T21:50:55Z Saw new header hash=1c20d1718b1d862f2ea04f8e110e0fac12c940e08fe402bf74f03cd417f8e840 height=178
2025-10-26T21:50:55Z Saw new cmpctblock header hash=1c20d1718b1d862f2ea04f8e110e0fac12c940e08fe402bf74f03cd417f8e840 peer=2
2025-10-26T21:50:55Z UpdateTip: new best=1c20d1718b1d862f2ea04f8e110e0fac12c940e08fe402bf74f03cd417f8e840 height=178 version=0x30000000 log2_work=8.483816 tx=179 date='2025-10-26T21:51:22Z' progress=1.000000 cache=0.3MiB(178txo)
2025-10-26T21:50:55Z Saw new header hash=0648079cccc51b31e077f6dfcbec76b19b2c7d34a197f835de1a8afc7f8e80e9 height=179
2025-10-26T21:50:55Z Saw new cmpctblock header hash=0648079cccc51b31e077f6dfcbec76b19b2c7d34a197f835de1a8afc7f8e80e9 peer=0
2025-10-26T21:50:55Z UpdateTip: new best=0648079cccc51b31e077f6dfcbec76b19b2c7d34a197f835de1a8afc7f8e80e9 height=179 version=0x30000000 log2_work=8.491853 tx=180 date='2025-10-26T21:51:22Z' progress=1.000000 cache=0.3MiB(179txo)
2025-10-26T21:50:55Z Saw new header hash=418b20a9ace4f812f053410b66b58f76a26321df5f16c4f07e5f62f66c3cfad0 height=180
2025-10-26T21:50:55Z Saw new cmpctblock header hash=418b20a9ace4f812f053410b66b58f76a26321df5f16c4f07e5f62f66c3cfad0 peer=2
2025-10-26T21:50:55Z UpdateTip: new best=418b20a9ace4f812f053410b66b58f76a26321df5f16c4f07e5f62f66c3cfad0 height=180 version=0x30000000 log2_work=8.499846 tx=181 date='2025-10-26T21:51:22Z' progress=1.000000 cache=0.3MiB(180txo)
2025-10-26T21:50:55Z Saw new header hash=1e3b5e6abad35c75b7724eb2304028e614e7a235916a54cc9d8c3e8c89853e34 height=181
2025-10-26T21:50:55Z Saw new cmpctblock header hash=1e3b5e6abad35c75b7724eb2304028e614e7a235916a54cc9d8c3e8c89853e34 peer=2
2025-10-26T21:50:55Z UpdateTip: new best=1e3b5e6abad35c75b7724eb2304028e614e7a235916a54cc9d8c3e8c89853e34 height=181 version=0x30000000 log2_work=8.507795 tx=182 date='2025-10-26T21:51:22Z' progress=1.000000 cache=0.3MiB(181txo)
2025-10-26T21:50:55Z Saw new header hash=41504dfa203633d764bde1f8a23705828e3b45b2d2f4637cbdb8eec1fa0a115e height=182
2025-10-26T21:50:55Z Saw new cmpctblock header hash=41504dfa203633d764bde1f8a23705828e3b45b2d2f4637cbdb8eec1fa0a115e peer=0
2025-10-26T21:50:55Z UpdateTip: new best=41504dfa203633d764bde1f8a23705828e3b45b2d2f4637cbdb8eec1fa0a115e height=182 version=0x30000000 log2_work=8.515700 tx=183 date='2025-10-26T21:51:23Z' progress=1.000000 cache=0.3MiB(182txo)
2025-10-26T21:50:55Z Saw new header hash=5062deb07d942e6d53e7c4358e6fa3fefea488514b79fa938f8fb61d63aec641 height=183
2025-10-26T21:50:55Z Saw new cmpctblock header hash=5062deb07d942e6d53e7c4358e6fa3fefea488514b79fa938f8fb61d63aec641 peer=2
2025-10-26T21:50:55Z UpdateTip: new best=5062deb07d942e6d53e7c4358e6fa3fefea488514b79fa938f8fb61d63aec641 height=183 version=0x30000000 log2_work=8.523562 tx=184 date='2025-10-26T21:51:23Z' progress=1.000000 cache=0.3MiB(183txo)
2025-10-26T21:50:55Z Saw new header hash=22e1780777f2f18d741c985a170294be8ba9abd84dcb35aa6f0988bcffdc4115 height=184
2025-10-26T21:50:55Z Saw new cmpctblock header hash=22e1780777f2f18d741c985a170294be8ba9abd84dcb35aa6f0988bcffdc4115 peer=2
2025-10-26T21:50:55Z UpdateTip: new best=22e1780777f2f18d741c985a170294be8ba9abd84dcb35aa6f0988bcffdc4115 height=184 version=0x30000000 log2_work=8.531381 tx=185 date='2025-10-26T21:51:23Z' progress=1.000000 cache=0.3MiB(184txo)
2025-10-26T21:50:55Z Saw new header hash=2f3ef2da40c96018edc0b10ba116c4f277390f4b2079223e4be2685eaf857c4c height=185
2025-10-26T21:50:55Z Saw new cmpctblock header hash=2f3ef2da40c96018edc0b10ba116c4f277390f4b2079223e4be2685eaf857c4c peer=0
2025-10-26T21:50:55Z UpdateTip: new best=2f3ef2da40c96018edc0b10ba116c4f277390f4b2079223e4be2685eaf857c4c height=185 version=0x30000000 log2_work=8.539159 tx=186 date='2025-10-26T21:51:23Z' progress=1.000000 cache=0.3MiB(185txo)
2025-10-26T21:50:55Z Saw new header hash=10175906e6a5219cf0d56c961f882f09431b894faf96a886d95e378715ac355a height=186
2025-10-26T21:50:55Z Saw new cmpctblock header hash=10175906e6a5219cf0d56c961f882f09431b894faf96a886d95e378715ac355a peer=0
2025-10-26T21:50:55Z UpdateTip: new best=10175906e6a5219cf0d56c961f882f09431b894faf96a886d95e378715ac355a height=186 version=0x30000000 log2_work=8.546894 tx=187 date='2025-10-26T21:51:23Z' progress=1.000000 cache=0.3MiB(186txo)
2025-10-26T21:50:55Z Saw new header hash=07259fc845eb779e16e2c1bf4f9b9b25a1e2c2e794446a91c0bfe7108bd85453 height=187
2025-10-26T21:50:55Z Saw new cmpctblock header hash=07259fc845eb779e16e2c1bf4f9b9b25a1e2c2e794446a91c0bfe7108bd85453 peer=2
2025-10-26T21:50:55Z UpdateTip: new best=07259fc845eb779e16e2c1bf4f9b9b25a1e2c2e794446a91c0bfe7108bd85453 height=187 version=0x30000000 log2_work=8.554589 tx=188 date='2025-10-26T21:51:23Z' progress=1.000000 cache=0.3MiB(187txo)
2025-10-26T21:50:55Z Saw new header hash=04461a7e26afea33828d026504a474ada4bd15773184e83502f23505e6cd9d8a height=188
2025-10-26T21:50:55Z Saw new cmpctblock header hash=04461a7e26afea33828d026504a474ada4bd15773184e83502f23505e6cd9d8a peer=0
2025-10-26T21:50:55Z UpdateTip: new best=04461a7e26afea33828d026504a474ada4bd15773184e83502f23505e6cd9d8a height=188 version=0x30000000 log2_work=8.562242 tx=189 date='2025-10-26T21:51:24Z' progress=1.000000 cache=0.3MiB(188txo)
2025-10-26T21:50:55Z Saw new header hash=54c0e3b43ce970e4bda304c0a9d682bec496f6a65c9301c27c880307fd8af8bd height=189
2025-10-26T21:50:55Z Saw new cmpctblock header hash=54c0e3b43ce970e4bda304c0a9d682bec496f6a65c9301c27c880307fd8af8bd peer=0
2025-10-26T21:50:55Z UpdateTip: new best=54c0e3b43ce970e4bda304c0a9d682bec496f6a65c9301c27c880307fd8af8bd height=189 version=0x30000000 log2_work=8.569856 tx=190 date='2025-10-26T21:51:24Z' progress=1.000000 cache=0.3MiB(189txo)
2025-10-26T21:50:55Z Saw new header hash=1cb55a23594f89ca77ca86a447431e9eb9e7f2d4c4deaa06bb2467ad632967e9 height=190
2025-10-26T21:50:55Z Saw new cmpctblock header hash=1cb55a23594f89ca77ca86a447431e9eb9e7f2d4c4deaa06bb2467ad632967e9 peer=2
2025-10-26T21:50:55Z UpdateTip: new best=1cb55a23594f89ca77ca86a447431e9eb9e7f2d4c4deaa06bb2467ad632967e9 height=190 version=0x30000000 log2_work=8.577429 tx=191 date='2025-10-26T21:51:24Z' progress=1.000000 cache=0.3MiB(190txo)
2025-10-26T21:50:55Z Saw new header hash=0ce0b34565d5c606a12be1154bd303513842950dfd152927716150170789b848 height=191
2025-10-26T21:50:55Z Saw new cmpctblock header hash=0ce0b34565d5c606a12be1154bd303513842950dfd152927716150170789b848 peer=2
2025-10-26T21:50:55Z UpdateTip: new best=0ce0b34565d5c606a12be1154bd303513842950dfd152927716150170789b848 height=191 version=0x30000000 log2_work=8.584963 tx=192 date='2025-10-26T21:51:24Z' progress=1.000000 cache=0.3MiB(191txo)
2025-10-26T21:50:55Z Saw new header hash=5557a3ad8aca81692c967b9cc6a1c8e78796fde77a8c9fb136fe3f1fafab790b height=192
2025-10-26T21:50:55Z Saw new cmpctblock header hash=5557a3ad8aca81692c967b9cc6a1c8e78796fde77a8c9fb136fe3f1fafab790b peer=2
2025-10-26T21:50:55Z UpdateTip: new best=5557a3ad8aca81692c967b9cc6a1c8e78796fde77a8c9fb136fe3f1fafab790b height=192 version=0x30000000 log2_work=8.592457 tx=193 date='2025-10-26T21:51:24Z' progress=1.000000 cache=0.3MiB(192txo)
2025-10-26T21:50:55Z Saw new header hash=0e4b736aa1f752d5cb7e1404e7b1e3a739993747f4e35362ad80ae4d0257b13b height=193
2025-10-26T21:50:55Z Saw new cmpctblock header hash=0e4b736aa1f752d5cb7e1404e7b1e3a739993747f4e35362ad80ae4d0257b13b peer=2
2025-10-26T21:50:55Z UpdateTip: new best=0e4b736aa1f752d5cb7e1404e7b1e3a739993747f4e35362ad80ae4d0257b13b height=193 version=0x30000000 log2_work=8.599913 tx=194 date='2025-10-26T21:51:24Z' progress=1.000000 cache=0.3MiB(193txo)
2025-10-26T21:50:55Z Saw new header hash=4b1c79719c3952f222e3e939ebaafc0e40215c1829d31d0dba5cc6375adccada height=194
2025-10-26T21:50:55Z Saw new cmpctblock header hash=4b1c79719c3952f222e3e939ebaafc0e40215c1829d31d0dba5cc6375adccada peer=2
2025-10-26T21:50:55Z UpdateTip: new best=4b1c79719c3952f222e3e939ebaafc0e40215c1829d31d0dba5cc6375adccada height=194 version=0x30000000 log2_work=8.607330 tx=195 date='2025-10-26T21:51:25Z' progress=1.000000 cache=0.3MiB(194txo)
2025-10-26T21:50:55Z Saw new header hash=53efe587e1d3e9f9a870ba0a238845c56ffd798712ef9204522d74e400d60e4d height=195
2025-10-26T21:50:55Z Saw new cmpctblock header hash=53efe587e1d3e9f9a870ba0a238845c56ffd798712ef9204522d74e400d60e4d peer=0
2025-10-26T21:50:55Z UpdateTip: new best=53efe587e1d3e9f9a870ba0a238845c56ffd798712ef9204522d74e400d60e4d height=195 version=0x30000000 log2_work=8.614710 tx=196 date='2025-10-26T21:51:25Z' progress=1.000000 cache=0.3MiB(195txo)
2025-10-26T21:50:55Z Saw new header hash=36fc8979a88c628730f3d0d47b2065cf6b314ac8dffc7383aabb039d2262a256 height=196
2025-10-26T21:50:55Z Saw new cmpctblock header hash=36fc8979a88c628730f3d0d47b2065cf6b314ac8dffc7383aabb039d2262a256 peer=2
2025-10-26T21:50:55Z UpdateTip: new best=36fc8979a88c628730f3d0d47b2065cf6b314ac8dffc7383aabb039d2262a256 height=196 version=0x30000000 log2_work=8.622052 tx=197 date='2025-10-26T21:51:25Z' progress=1.000000 cache=0.3MiB(196txo)
2025-10-26T21:50:55Z Saw new header hash=4e30a990490db395df38f691eccb5041c57256a4efe198fd10d78e0c88ee225c height=197
2025-10-26T21:50:55Z Saw new cmpctblock header hash=4e30a990490db395df38f691eccb5041c57256a4efe198fd10d78e0c88ee225c peer=2
2025-10-26T21:50:55Z UpdateTip: new best=4e30a990490db395df38f691eccb5041c57256a4efe198fd10d78e0c88ee225c height=197 version=0x30000000 log2_work=8.629357 tx=198 date='2025-10-26T21:51:25Z' progress=1.000000 cache=0.3MiB(197txo)
2025-10-26T21:50:55Z Saw new header hash=2d09d308811f799a683e552980a56fdb6499566c359faf0df38307beed25b6a7 height=198
2025-10-26T21:50:55Z Saw new cmpctblock header hash=2d09d308811f799a683e552980a56fdb6499566c359faf0df38307beed25b6a7 peer=0
2025-10-26T21:50:55Z UpdateTip: new best=2d09d308811f799a683e552980a56fdb6499566c359faf0df38307beed25b6a7 height=198 version=0x30000000 log2_work=8.636625 tx=199 date='2025-10-26T21:51:25Z' progress=1.000000 cache=0.3MiB(198txo)
2025-10-26T21:50:55Z Saw new header hash=551ab472f76cf856aa3d27e86e7a48521033c1730a1e187ea5eba8f4689562c3 height=199
2025-10-26T21:50:55Z Saw new cmpctblock header hash=551ab472f76cf856aa3d27e86e7a48521033c1730a1e187ea5eba8f4689562c3 peer=0
2025-10-26T21:50:55Z UpdateTip: new best=551ab472f76cf856aa3d27e86e7a48521033c1730a1e187ea5eba8f4689562c3 height=199 version=0x30000000 log2_work=8.643856 tx=200 date='2025-10-26T21:51:25Z' progress=1.000000 cache=0.3MiB(199txo)
2025-10-26T21:50:55Z Saw new header hash=40608756a90bccb17ad0cf2f1bc9cdf9547144ca697da13babbc329e68f78d08 height=200
2025-10-26T21:50:55Z Saw new cmpctblock header hash=40608756a90bccb17ad0cf2f1bc9cdf9547144ca697da13babbc329e68f78d08 peer=2
2025-10-26T21:50:55Z UpdateTip: new best=40608756a90bccb17ad0cf2f1bc9cdf9547144ca697da13babbc329e68f78d08 height=200 version=0x30000000 log2_work=8.651052 tx=201 date='2025-10-26T21:51:26Z' progress=1.000000 cache=0.3MiB(200txo)
2025-10-26T21:50:55Z Saw new header hash=32004c73a742a27dd406eb3f6cb937daa30d2e80c6023eaa06bc418e3ac07ef8 height=201
2025-10-26T21:50:55Z Saw new cmpctblock header hash=32004c73a742a27dd406eb3f6cb937daa30d2e80c6023eaa06bc418e3ac07ef8 peer=2
2025-10-26T21:50:55Z UpdateTip: new best=32004c73a742a27dd406eb3f6cb937daa30d2e80c6023eaa06bc418e3ac07ef8 height=201 version=0x30000000 log2_work=8.658211 tx=202 date='2025-10-26T21:51:26Z' progress=1.000000 cache=0.3MiB(201txo)
2025-10-26T21:51:01Z Saw new header hash=10ed89d067f40af8acf1dea2c66b37500a80928e95cd2d98e3c52f28f9428fa5 height=202
2025-10-26T21:51:01Z Saw new cmpctblock header hash=10ed89d067f40af8acf1dea2c66b37500a80928e95cd2d98e3c52f28f9428fa5 peer=0
2025-10-26T21:51:01Z UpdateTip: new best=10ed89d067f40af8acf1dea2c66b37500a80928e95cd2d98e3c52f28f9428fa5 height=202 version=0x30000000 log2_work=8.665336 tx=231 date='2025-10-26T21:51:26Z' progress=1.000000 cache=0.3MiB(258txo)
2025-10-26T21:51:07Z Saw new header hash=195a603899bebb85f13964b5dbfb7f146763e7aca25f19ed6b49738999932d14 height=203
2025-10-26T21:51:07Z Saw new cmpctblock header hash=195a603899bebb85f13964b5dbfb7f146763e7aca25f19ed6b49738999932d14 peer=0
2025-10-26T21:51:07Z UpdateTip: new best=195a603899bebb85f13964b5dbfb7f146763e7aca25f19ed6b49738999932d14 height=203 version=0x30000000 log2_work=8.672425 tx=262 date='2025-10-26T21:51:26Z' progress=1.000000 cache=0.3MiB(304txo)
2025-10-26T21:51:11Z Saw new header hash=774c3b543bbb88a3f83752bd67b68ad1c6705119dbf71b503ae045eb38fb22fb height=204
2025-10-26T21:51:11Z Saw new cmpctblock header hash=774c3b543bbb88a3f83752bd67b68ad1c6705119dbf71b503ae045eb38fb22fb peer=2
2025-10-26T21:51:11Z UpdateTip: new best=774c3b543bbb88a3f83752bd67b68ad1c6705119dbf71b503ae045eb38fb22fb height=204 version=0x30000000 log2_work=8.679480 tx=290 date='2025-10-26T21:51:26Z' progress=1.000000 cache=0.3MiB(330txo)
2025-10-26T21:51:17Z Saw new header hash=70c6b017a066afffc323e53fa63d9b2625912edbed4eff0756a1632507b153ab height=205
2025-10-26T21:51:17Z Saw new cmpctblock header hash=70c6b017a066afffc323e53fa63d9b2625912edbed4eff0756a1632507b153ab peer=2
2025-10-26T21:51:17Z UpdateTip: new best=70c6b017a066afffc323e53fa63d9b2625912edbed4eff0756a1632507b153ab height=205 version=0x30000000 log2_work=8.686501 tx=325 date='2025-10-26T21:51:26Z' progress=1.000000 cache=0.3MiB(369txo)
2025-10-26T21:51:22Z Saw new header hash=33f96c6c592d2717e4af6c89119999709c8938ac410dbd41082c7ab210351504 height=206
2025-10-26T21:51:22Z Saw new cmpctblock header hash=33f96c6c592d2717e4af6c89119999709c8938ac410dbd41082c7ab210351504 peer=0
2025-10-26T21:51:22Z UpdateTip: new best=33f96c6c592d2717e4af6c89119999709c8938ac410dbd41082c7ab210351504 height=206 version=0x30000000 log2_work=8.693487 tx=354 date='2025-10-26T21:51:27Z' progress=1.000000 cache=0.3MiB(388txo)
2025-10-26T21:51:26Z Saw new header hash=00db9913ac6e7bc6f3a22eb75325a423c9ce109f50d43a61a9be4b0a3232b11f height=207
2025-10-26T21:51:26Z Saw new cmpctblock header hash=00db9913ac6e7bc6f3a22eb75325a423c9ce109f50d43a61a9be4b0a3232b11f peer=2
2025-10-26T21:51:26Z UpdateTip: new best=00db9913ac6e7bc6f3a22eb75325a423c9ce109f50d43a61a9be4b0a3232b11f height=207 version=0x30000000 log2_work=8.700440 tx=376 date='2025-10-26T21:51:27Z' progress=1.000000 cache=0.3MiB(392txo)
2025-10-26T21:51:32Z Saw new header hash=56feed2e58ac4ab26bb276a3bfa85de317b8dbc2621fb5753e0a292a8633a723 height=208
2025-10-26T21:51:32Z Saw new cmpctblock header hash=56feed2e58ac4ab26bb276a3bfa85de317b8dbc2621fb5753e0a292a8633a723 peer=0
2025-10-26T21:51:32Z UpdateTip: new best=56feed2e58ac4ab26bb276a3bfa85de317b8dbc2621fb5753e0a292a8633a723 height=208 version=0x30000000 log2_work=8.707359 tx=412 date='2025-10-26T21:51:31Z' progress=1.000000 cache=0.3MiB(417txo)
2025-10-26T21:51:38Z Saw new header hash=6574349bcc229d76f96275faac32e389bcd5a767775fad5ef81f0ea968a6d86a height=209
2025-10-26T21:51:38Z Saw new cmpctblock header hash=6574349bcc229d76f96275faac32e389bcd5a767775fad5ef81f0ea968a6d86a peer=2
2025-10-26T21:51:38Z UpdateTip: new best=6574349bcc229d76f96275faac32e389bcd5a767775fad5ef81f0ea968a6d86a height=209 version=0x30000000 log2_work=8.714246 tx=446 date='2025-10-26T21:51:36Z' progress=1.000000 cache=0.3MiB(430txo)
2025-10-26T21:51:42Z Saw new header hash=23e53861e4b0252ffc6d7813c1418cfec04d3400a73c9ac705dd8bd4ce01672b height=210
2025-10-26T21:51:42Z Saw new cmpctblock header hash=23e53861e4b0252ffc6d7813c1418cfec04d3400a73c9ac705dd8bd4ce01672b peer=0
2025-10-26T21:51:42Z UpdateTip: new best=23e53861e4b0252ffc6d7813c1418cfec04d3400a73c9ac705dd8bd4ce01672b height=210 version=0x30000000 log2_work=8.721099 tx=474 date='2025-10-26T21:51:41Z' progress=1.000000 cache=0.3MiB(445txo)
2025-10-26T21:51:47Z Saw new header hash=0ae132f92ee4eef29f2ca2be48922d4beaa2af9bf13db8bffcb257a51defc036 height=211
2025-10-26T21:51:47Z Saw new cmpctblock header hash=0ae132f92ee4eef29f2ca2be48922d4beaa2af9bf13db8bffcb257a51defc036 peer=0
2025-10-26T21:51:47Z UpdateTip: new best=0ae132f92ee4eef29f2ca2be48922d4beaa2af9bf13db8bffcb257a51defc036 height=211 version=0x30000000 log2_work=8.727920 tx=507 date='2025-10-26T21:51:46Z' progress=1.000000 cache=0.3MiB(467txo)
2025-10-26T21:51:52Z Saw new header hash=097fdd4b758d46a5dbffdeec9dc063f19104c17f2dca99e65f86a8c6a816e84c height=212
2025-10-26T21:51:52Z Saw new cmpctblock header hash=097fdd4b758d46a5dbffdeec9dc063f19104c17f2dca99e65f86a8c6a816e84c peer=2
2025-10-26T21:51:52Z UpdateTip: new best=097fdd4b758d46a5dbffdeec9dc063f19104c17f2dca99e65f86a8c6a816e84c height=212 version=0x30000000 log2_work=8.734710 tx=535 date='2025-10-26T21:51:51Z' progress=1.000000 cache=0.3MiB(476txo)
2025-10-26T21:51:57Z Saw new header hash=1aa489c61ebd6c13eb491e95c85e6b178eb7417971fd66c4959da00bcde43e47 height=213
2025-10-26T21:51:57Z Saw new cmpctblock header hash=1aa489c61ebd6c13eb491e95c85e6b178eb7417971fd66c4959da00bcde43e47 peer=0
2025-10-26T21:51:57Z UpdateTip: new best=1aa489c61ebd6c13eb491e95c85e6b178eb7417971fd66c4959da00bcde43e47 height=213 version=0x30000000 log2_work=8.741467 tx=564 date='2025-10-26T21:51:56Z' progress=1.000000 cache=0.3MiB(490txo)
2025-10-26T21:52:03Z Saw new header hash=56604424c49bcc4431a95b809848960cc0f035aa3bda1070df020d39ce882ce0 height=214
2025-10-26T21:52:03Z Saw new cmpctblock header hash=56604424c49bcc4431a95b809848960cc0f035aa3bda1070df020d39ce882ce0 peer=0
2025-10-26T21:52:03Z UpdateTip: new best=56604424c49bcc4431a95b809848960cc0f035aa3bda1070df020d39ce882ce0 height=214 version=0x30000000 log2_work=8.748193 tx=595 date='2025-10-26T21:52:02Z' progress=1.000000 cache=0.3MiB(506txo)
2025-10-26T21:52:07Z Saw new header hash=2f50b9f1854935acdba236ee824753115ff0b4a05c4b7fe871ac831e56aab1d7 height=215
2025-10-26T21:52:07Z Saw new cmpctblock header hash=2f50b9f1854935acdba236ee824753115ff0b4a05c4b7fe871ac831e56aab1d7 peer=2
2025-10-26T21:52:07Z UpdateTip: new best=2f50b9f1854935acdba236ee824753115ff0b4a05c4b7fe871ac831e56aab1d7 height=215 version=0x30000000 log2_work=8.754888 tx=616 date='2025-10-26T21:52:07Z' progress=1.000000 cache=0.3MiB(508txo)
2025-10-26T21:52:13Z Saw new header hash=291e8756f2a08775539c328d9bb40a9458e6f98dbc58982897fb5b680762212d height=216
2025-10-26T21:52:13Z Saw new cmpctblock header hash=291e8756f2a08775539c328d9bb40a9458e6f98dbc58982897fb5b680762212d peer=2
2025-10-26T21:52:13Z UpdateTip: new best=291e8756f2a08775539c328d9bb40a9458e6f98dbc58982897fb5b680762212d height=216 version=0x30000000 log2_work=8.761551 tx=643 date='2025-10-26T21:52:12Z' progress=1.000000 cache=0.3MiB(508txo)
2025-10-26T21:52:18Z Saw new header hash=5095d24f5cbf648b77c532599b747e142f6f9e54a34d6da15c32f2106e2ae302 height=217
2025-10-26T21:52:18Z Saw new cmpctblock header hash=5095d24f5cbf648b77c532599b747e142f6f9e54a34d6da15c32f2106e2ae302 peer=2
2025-10-26T21:52:18Z UpdateTip: new best=5095d24f5cbf648b77c532599b747e142f6f9e54a34d6da15c32f2106e2ae302 height=217 version=0x30000000 log2_work=8.768184 tx=672 date='2025-10-26T21:52:17Z' progress=1.000000 cache=0.3MiB(524txo)
2025-10-26T21:52:23Z Saw new header hash=26a65073735b79d64722b796ca88a81802284f7d0663dee498aa287300d0ac12 height=218
2025-10-26T21:52:23Z Saw new cmpctblock header hash=26a65073735b79d64722b796ca88a81802284f7d0663dee498aa287300d0ac12 peer=2
2025-10-26T21:52:23Z UpdateTip: new best=26a65073735b79d64722b796ca88a81802284f7d0663dee498aa287300d0ac12 height=218 version=0x30000000 log2_work=8.774787 tx=700 date='2025-10-26T21:52:22Z' progress=1.000000 cache=0.3MiB(535txo)
2025-10-26T21:52:29Z Saw new header hash=50a0c0fc92b3987dde6516e45cedbea6c000758cbf8ce2bdf2e48803d44c6c30 height=219
2025-10-26T21:52:29Z Saw new cmpctblock header hash=50a0c0fc92b3987dde6516e45cedbea6c000758cbf8ce2bdf2e48803d44c6c30 peer=0
2025-10-26T21:52:29Z UpdateTip: new best=50a0c0fc92b3987dde6516e45cedbea6c000758cbf8ce2bdf2e48803d44c6c30 height=219 version=0x30000000 log2_work=8.781360 tx=723 date='2025-10-26T21:52:27Z' progress=1.000000 cache=0.3MiB(535txo)
2025-10-26T21:52:33Z Saw new header hash=29c82205851617d95e8b901fdc6065c6835b699a85f81c346849f8f8999bd6a0 height=220
2025-10-26T21:52:33Z Saw new cmpctblock header hash=29c82205851617d95e8b901fdc6065c6835b699a85f81c346849f8f8999bd6a0 peer=2
2025-10-26T21:52:33Z UpdateTip: new best=29c82205851617d95e8b901fdc6065c6835b699a85f81c346849f8f8999bd6a0 height=220 version=0x30000000 log2_work=8.787903 tx=750 date='2025-10-26T21:52:32Z' progress=1.000000 cache=0.3MiB(544txo)
2025-10-26T21:52:39Z Saw new header hash=1f12cbe69f8f75a4ddcf6eda88233451b251fb6a71489871a805cd463d2b1ae2 height=221
2025-10-26T21:52:39Z Saw new cmpctblock header hash=1f12cbe69f8f75a4ddcf6eda88233451b251fb6a71489871a805cd463d2b1ae2 peer=0
2025-10-26T21:52:39Z UpdateTip: new best=1f12cbe69f8f75a4ddcf6eda88233451b251fb6a71489871a805cd463d2b1ae2 height=221 version=0x30000000 log2_work=8.794416 tx=778 date='2025-10-26T21:52:37Z' progress=1.000000 cache=0.3MiB(537txo)
2025-10-26T21:52:44Z Saw new header hash=291af01544f5c867d7936b2a9062f1ece98d615508b45546ccd241eda0f5960a height=222
2025-10-26T21:52:44Z Saw new cmpctblock header hash=291af01544f5c867d7936b2a9062f1ece98d615508b45546ccd241eda0f5960a peer=2
2025-10-26T21:52:44Z UpdateTip: new best=291af01544f5c867d7936b2a9062f1ece98d615508b45546ccd241eda0f5960a height=222 version=0x30000000 log2_work=8.800900 tx=803 date='2025-10-26T21:52:43Z' progress=1.000000 cache=0.3MiB(542txo)
2025-10-26T21:52:48Z Saw new header hash=22f8168c93f0d5e645e41a4f417db16aa59dc3cb063a13afe4af0a8a2278c90a height=223
2025-10-26T21:52:48Z Saw new cmpctblock header hash=22f8168c93f0d5e645e41a4f417db16aa59dc3cb063a13afe4af0a8a2278c90a peer=0
2025-10-26T21:52:48Z UpdateTip: new best=22f8168c93f0d5e645e41a4f417db16aa59dc3cb063a13afe4af0a8a2278c90a height=223 version=0x30000000 log2_work=8.807355 tx=833 date='2025-10-26T21:52:48Z' progress=1.000000 cache=0.3MiB(552txo)
2025-10-26T21:52:54Z Saw new header hash=66b77eb89de7c46aa1a7588b0f168ee8cc6693b6948e084e4365abe51cfdbe5e height=224
2025-10-26T21:52:54Z Saw new cmpctblock header hash=66b77eb89de7c46aa1a7588b0f168ee8cc6693b6948e084e4365abe51cfdbe5e peer=0
2025-10-26T21:52:54Z UpdateTip: new best=66b77eb89de7c46aa1a7588b0f168ee8cc6693b6948e084e4365abe51cfdbe5e height=224 version=0x30000000 log2_work=8.813781 tx=868 date='2025-10-26T21:52:53Z' progress=1.000000 cache=0.3MiB(563txo)
2025-10-26T21:53:01Z Saw new header hash=01e80ac4d2e3c0b7902e5a81bb539ae0b6f05ce7f5c25a7858f2c0f0e88cb110 height=225
2025-10-26T21:53:01Z Saw new cmpctblock header hash=01e80ac4d2e3c0b7902e5a81bb539ae0b6f05ce7f5c25a7858f2c0f0e88cb110 peer=2
2025-10-26T21:53:01Z UpdateTip: new best=01e80ac4d2e3c0b7902e5a81bb539ae0b6f05ce7f5c25a7858f2c0f0e88cb110 height=225 version=0x30000000 log2_work=8.820179 tx=886 date='2025-10-26T21:52:58Z' progress=1.000000 cache=0.3MiB(569txo)
2025-10-26T21:53:06Z Saw new header hash=77e67553a11854d4659ac03401f164226eafa92023159994a75c84b29fe2bacc height=226
2025-10-26T21:53:06Z Saw new cmpctblock header hash=77e67553a11854d4659ac03401f164226eafa92023159994a75c84b29fe2bacc peer=0
2025-10-26T21:53:06Z UpdateTip: new best=77e67553a11854d4659ac03401f164226eafa92023159994a75c84b29fe2bacc height=226 version=0x30000000 log2_work=8.826548 tx=897 date='2025-10-26T21:53:03Z' progress=1.000000 cache=0.3MiB(571txo)
2025-10-26T21:53:10Z Saw new header hash=5c129280834402f4bc080f8eac4147da3b5723ebca13e3cbe3dd5e27ceeaaa3b height=227
2025-10-26T21:53:10Z Saw new cmpctblock header hash=5c129280834402f4bc080f8eac4147da3b5723ebca13e3cbe3dd5e27ceeaaa3b peer=0
2025-10-26T21:53:10Z UpdateTip: new best=5c129280834402f4bc080f8eac4147da3b5723ebca13e3cbe3dd5e27ceeaaa3b height=227 version=0x30000000 log2_work=8.832890 tx=909 date='2025-10-26T21:53:08Z' progress=1.000000 cache=0.3MiB(573txo)
2025-10-26T21:53:15Z Saw new header hash=141faa2867c502504d7760cc13178c353363a1636b4d169cd0a2366a7f001aa6 height=228
2025-10-26T21:53:15Z Saw new cmpctblock header hash=141faa2867c502504d7760cc13178c353363a1636b4d169cd0a2366a7f001aa6 peer=0
2025-10-26T21:53:15Z UpdateTip: new best=141faa2867c502504d7760cc13178c353363a1636b4d169cd0a2366a7f001aa6 height=228 version=0x30000000 log2_work=8.839204 tx=921 date='2025-10-26T21:53:14Z' progress=1.000000 cache=0.3MiB(573txo)
2025-10-26T21:53:20Z Saw new header hash=0917ac63a025ecd3a220b6f9f959baee5f072cdc508c020c876179f0d494e9a0 height=229
2025-10-26T21:53:20Z Saw new cmpctblock header hash=0917ac63a025ecd3a220b6f9f959baee5f072cdc508c020c876179f0d494e9a0 peer=2
2025-10-26T21:53:20Z UpdateTip: new best=0917ac63a025ecd3a220b6f9f959baee5f072cdc508c020c876179f0d494e9a0 height=229 version=0x30000000 log2_work=8.845490 tx=937 date='2025-10-26T21:53:19Z' progress=1.000000 cache=0.3MiB(585txo)
2025-10-26T21:53:26Z Saw new header hash=0e08b44e300006a8aa2a60794416ebf80744eba17134fd7745e5f16c18fe68e2 height=230
2025-10-26T21:53:26Z Saw new cmpctblock header hash=0e08b44e300006a8aa2a60794416ebf80744eba17134fd7745e5f16c18fe68e2 peer=2
2025-10-26T21:53:27Z UpdateTip: new best=0e08b44e300006a8aa2a60794416ebf80744eba17134fd7745e5f16c18fe68e2 height=230 version=0x30000000 log2_work=8.851749 tx=954 date='2025-10-26T21:53:24Z' progress=1.000000 cache=0.3MiB(597txo)
2025-10-26T21:53:31Z Saw new header hash=61bf035237541d69e5877453d890d40059ebfef6f9cc0a2c18a9a6c57e12ae5e height=231
2025-10-26T21:53:31Z Saw new cmpctblock header hash=61bf035237541d69e5877453d890d40059ebfef6f9cc0a2c18a9a6c57e12ae5e peer=0
2025-10-26T21:53:31Z UpdateTip: new best=61bf035237541d69e5877453d890d40059ebfef6f9cc0a2c18a9a6c57e12ae5e height=231 version=0x30000000 log2_work=8.857981 tx=967 date='2025-10-26T21:53:29Z' progress=1.000000 cache=0.3MiB(607txo)
2025-10-26T21:53:37Z Saw new header hash=31e64b617cdb72f902f562509d3a6cc5939cee98f81435a2c13f3ac36186c4d3 height=232
2025-10-26T21:53:37Z Saw new cmpctblock header hash=31e64b617cdb72f902f562509d3a6cc5939cee98f81435a2c13f3ac36186c4d3 peer=2
2025-10-26T21:53:37Z UpdateTip: new best=31e64b617cdb72f902f562509d3a6cc5939cee98f81435a2c13f3ac36186c4d3 height=232 version=0x30000000 log2_work=8.864186 tx=984 date='2025-10-26T21:53:34Z' progress=1.000000 cache=0.3MiB(617txo)
2025-10-26T21:53:42Z Saw new header hash=262a79d98aec225b6f24abd53b4d86640c7bea00a2410615a57e36afb73f30c4 height=233
2025-10-26T21:53:42Z Saw new cmpctblock header hash=262a79d98aec225b6f24abd53b4d86640c7bea00a2410615a57e36afb73f30c4 peer=2
2025-10-26T21:53:42Z UpdateTip: new best=262a79d98aec225b6f24abd53b4d86640c7bea00a2410615a57e36afb73f30c4 height=233 version=0x30000000 log2_work=8.870365 tx=999 date='2025-10-26T21:53:40Z' progress=1.000000 cache=0.3MiB(620txo)
2025-10-26T21:53:47Z Saw new header hash=73d9057242f686d87ce26ce35bb9353675c1466761141c5eb4e79293ad41fe78 height=234
2025-10-26T21:53:47Z Saw new cmpctblock header hash=73d9057242f686d87ce26ce35bb9353675c1466761141c5eb4e79293ad41fe78 peer=2
2025-10-26T21:53:47Z UpdateTip: new best=73d9057242f686d87ce26ce35bb9353675c1466761141c5eb4e79293ad41fe78 height=234 version=0x30000000 log2_work=8.876517 tx=1012 date='2025-10-26T21:53:45Z' progress=1.000000 cache=0.3MiB(627txo)
2025-10-26T21:53:52Z Saw new header hash=34064ab3e6436a2da978de97767fe64024524b314658b437dfbcce790de40b43 height=235
2025-10-26T21:53:52Z Saw new cmpctblock header hash=34064ab3e6436a2da978de97767fe64024524b314658b437dfbcce790de40b43 peer=0
2025-10-26T21:53:52Z UpdateTip: new best=34064ab3e6436a2da978de97767fe64024524b314658b437dfbcce790de40b43 height=235 version=0x30000000 log2_work=8.882643 tx=1029 date='2025-10-26T21:53:50Z' progress=1.000000 cache=0.3MiB(629txo)
2025-10-26T21:53:57Z Saw new header hash=1b3cc6c6acbc972bce5db311bab517eed11267ddd91b3d2ded00a5773ca8acff height=236
2025-10-26T21:53:57Z Saw new cmpctblock header hash=1b3cc6c6acbc972bce5db311bab517eed11267ddd91b3d2ded00a5773ca8acff peer=2
2025-10-26T21:53:57Z UpdateTip: new best=1b3cc6c6acbc972bce5db311bab517eed11267ddd91b3d2ded00a5773ca8acff height=236 version=0x30000000 log2_work=8.888743 tx=1046 date='2025-10-26T21:53:55Z' progress=1.000000 cache=0.3MiB(631txo)
2025-10-26T21:54:03Z Saw new header hash=4718a7d0bdfebe52054cdeaccfd84d675dda58856b974145a8156bddc5ac6335 height=237
2025-10-26T21:54:03Z Saw new cmpctblock header hash=4718a7d0bdfebe52054cdeaccfd84d675dda58856b974145a8156bddc5ac6335 peer=0
2025-10-26T21:54:03Z UpdateTip: new best=4718a7d0bdfebe52054cdeaccfd84d675dda58856b974145a8156bddc5ac6335 height=237 version=0x30000000 log2_work=8.894818 tx=1061 date='2025-10-26T21:54:00Z' progress=1.000000 cache=0.3MiB(641txo)
2025-10-26T21:54:08Z Saw new header hash=400cb35106d0520ea82211b3263dfd3902d5d207499bbec9404c61eb0fab242f height=238
2025-10-26T21:54:08Z Saw new cmpctblock header hash=400cb35106d0520ea82211b3263dfd3902d5d207499bbec9404c61eb0fab242f peer=2
2025-10-26T21:54:08Z UpdateTip: new best=400cb35106d0520ea82211b3263dfd3902d5d207499bbec9404c61eb0fab242f height=238 version=0x30000000 log2_work=8.900867 tx=1078 date='2025-10-26T21:54:06Z' progress=1.000000 cache=0.3MiB(644txo)
2025-10-26T21:54:13Z Saw new header hash=4ba6a4636f0f2fafc212fef719f8d9e0938462c9b91dddca65582a29d36011d1 height=239
2025-10-26T21:54:13Z Saw new cmpctblock header hash=4ba6a4636f0f2fafc212fef719f8d9e0938462c9b91dddca65582a29d36011d1 peer=2
2025-10-26T21:54:13Z UpdateTip: new best=4ba6a4636f0f2fafc212fef719f8d9e0938462c9b91dddca65582a29d36011d1 height=239 version=0x30000000 log2_work=8.906891 tx=1092 date='2025-10-26T21:54:11Z' progress=1.000000 cache=0.3MiB(643txo)
2025-10-26T21:54:18Z Saw new header hash=6de1f4dd877474f4c2cbe8bd57b28dd5b275b32d4f45064c6e043e6febbc5ce7 height=240
2025-10-26T21:54:18Z Saw new cmpctblock header hash=6de1f4dd877474f4c2cbe8bd57b28dd5b275b32d4f45064c6e043e6febbc5ce7 peer=0
2025-10-26T21:54:18Z UpdateTip: new best=6de1f4dd877474f4c2cbe8bd57b28dd5b275b32d4f45064c6e043e6febbc5ce7 height=240 version=0x30000000 log2_work=8.912889 tx=1104 date='2025-10-26T21:54:16Z' progress=1.000000 cache=0.3MiB(646txo)
2025-10-26T21:54:23Z Saw new header hash=001d5a96eed6fcd736282ff68b5e6fdf97a90e8a9c6be4d66e8ec0931fbfc484 height=241
2025-10-26T21:54:23Z Saw new cmpctblock header hash=001d5a96eed6fcd736282ff68b5e6fdf97a90e8a9c6be4d66e8ec0931fbfc484 peer=2
2025-10-26T21:54:24Z UpdateTip: new best=001d5a96eed6fcd736282ff68b5e6fdf97a90e8a9c6be4d66e8ec0931fbfc484 height=241 version=0x30000000 log2_work=8.918863 tx=1121 date='2025-10-26T21:54:21Z' progress=1.000000 cache=0.3MiB(648txo)
2025-10-26T21:54:29Z Saw new header hash=49315f91bc921b24c65b18b9e99739a466343939e0a5996da165c95e1b5daaef height=242
2025-10-26T21:54:29Z Saw new cmpctblock header hash=49315f91bc921b24c65b18b9e99739a466343939e0a5996da165c95e1b5daaef peer=2
2025-10-26T21:54:29Z UpdateTip: new best=49315f91bc921b24c65b18b9e99739a466343939e0a5996da165c95e1b5daaef height=242 version=0x30000000 log2_work=8.924813 tx=1137 date='2025-10-26T21:54:26Z' progress=1.000000 cache=0.3MiB(653txo)
2025-10-26T21:54:35Z Saw new header hash=36b6ea1081dc2a1e304170e9de20597a87dc0e8da96f66b77e684d16f09956ba height=243
2025-10-26T21:54:35Z Saw new cmpctblock header hash=36b6ea1081dc2a1e304170e9de20597a87dc0e8da96f66b77e684d16f09956ba peer=0
2025-10-26T21:54:35Z UpdateTip: new best=36b6ea1081dc2a1e304170e9de20597a87dc0e8da96f66b77e684d16f09956ba height=243 version=0x30000000 log2_work=8.930737 tx=1152 date='2025-10-26T21:54:32Z' progress=1.000000 cache=0.3MiB(656txo)
2025-10-26T21:54:39Z Saw new header hash=235ad913c66ac83f786a38c2a60eb450d2131e9c0799f0faca5fc427de85040a height=244
2025-10-26T21:54:39Z Saw new cmpctblock header hash=235ad913c66ac83f786a38c2a60eb450d2131e9c0799f0faca5fc427de85040a peer=0
2025-10-26T21:54:39Z UpdateTip: new best=235ad913c66ac83f786a38c2a60eb450d2131e9c0799f0faca5fc427de85040a height=244 version=0x30000000 log2_work=8.936638 tx=1164 date='2025-10-26T21:54:37Z' progress=1.000000 cache=0.3MiB(660txo)
2025-10-26T21:54:45Z Saw new header hash=7db6f929dd6de6e1cfc858c8a1c047453bb6abdd303993ff1b76106d29d9a5f9 height=245
2025-10-26T21:54:45Z Saw new cmpctblock header hash=7db6f929dd6de6e1cfc858c8a1c047453bb6abdd303993ff1b76106d29d9a5f9 peer=0
2025-10-26T21:54:45Z UpdateTip: new best=7db6f929dd6de6e1cfc858c8a1c047453bb6abdd303993ff1b76106d29d9a5f9 height=245 version=0x30000000 log2_work=8.942515 tx=1178 date='2025-10-26T21:54:43Z' progress=1.000000 cache=0.3MiB(667txo)
2025-10-26T21:54:50Z Saw new header hash=12e3fcba75913665dad03bc8dceea6f1ff430a4a98dd4e9e875d9ce2c070ef22 height=246
2025-10-26T21:54:50Z Saw new cmpctblock header hash=12e3fcba75913665dad03bc8dceea6f1ff430a4a98dd4e9e875d9ce2c070ef22 peer=0
2025-10-26T21:54:50Z UpdateTip: new best=12e3fcba75913665dad03bc8dceea6f1ff430a4a98dd4e9e875d9ce2c070ef22 height=246 version=0x30000000 log2_work=8.948367 tx=1191 date='2025-10-26T21:54:48Z' progress=1.000000 cache=0.3MiB(667txo)
2025-10-26T21:54:55Z Saw new header hash=5d98e00a882500b5cfcb84ff3652d1e51af04726e0a6ce7b9aadf0c3d44ba218 height=247
2025-10-26T21:54:55Z Saw new cmpctblock header hash=5d98e00a882500b5cfcb84ff3652d1e51af04726e0a6ce7b9aadf0c3d44ba218 peer=0
2025-10-26T21:54:56Z UpdateTip: new best=5d98e00a882500b5cfcb84ff3652d1e51af04726e0a6ce7b9aadf0c3d44ba218 height=247 version=0x30000000 log2_work=8.954196 tx=1209 date='2025-10-26T21:54:53Z' progress=1.000000 cache=0.3MiB(670txo)
2025-10-26T21:55:03Z Saw new header hash=074c61bed5ac594423455e9c1bdb194886aff3d8e0ea87e02d0458cc1ae3a0dd height=248
2025-10-26T21:55:03Z Saw new cmpctblock header hash=074c61bed5ac594423455e9c1bdb194886aff3d8e0ea87e02d0458cc1ae3a0dd peer=2
2025-10-26T21:55:03Z UpdateTip: new best=074c61bed5ac594423455e9c1bdb194886aff3d8e0ea87e02d0458cc1ae3a0dd height=248 version=0x30000000 log2_work=8.960002 tx=1227 date='2025-10-26T21:54:58Z' progress=1.000000 cache=0.3MiB(673txo)
2025-10-26T21:55:06Z Saw new header hash=789f6aa26a339d87cb34f149164efb2789eceff7825a7d03d87c8bf9aac9729f height=249
2025-10-26T21:55:06Z Saw new cmpctblock header hash=789f6aa26a339d87cb34f149164efb2789eceff7825a7d03d87c8bf9aac9729f peer=2
2025-10-26T21:55:06Z UpdateTip: new best=789f6aa26a339d87cb34f149164efb2789eceff7825a7d03d87c8bf9aac9729f height=249 version=0x30000000 log2_work=8.965784 tx=1237 date='2025-10-26T21:55:03Z' progress=1.000000 cache=0.3MiB(678txo)
2025-10-26T21:55:11Z Saw new header hash=7c6063500fb89a2d208c03ce09194fc2d597a575e703dd9f4e9430882a4df3ee height=250
2025-10-26T21:55:11Z Saw new cmpctblock header hash=7c6063500fb89a2d208c03ce09194fc2d597a575e703dd9f4e9430882a4df3ee peer=0
2025-10-26T21:55:11Z UpdateTip: new best=7c6063500fb89a2d208c03ce09194fc2d597a575e703dd9f4e9430882a4df3ee height=250 version=0x30000000 log2_work=8.971544 tx=1251 date='2025-10-26T21:55:08Z' progress=1.000000 cache=0.3MiB(670txo)
2025-10-26T21:55:18Z Saw new header hash=5c8da2338c29d45feb3be0ee4c4ea52d8bee388ff8142a28d72c13def84b590c height=251
2025-10-26T21:55:18Z Saw new cmpctblock header hash=5c8da2338c29d45feb3be0ee4c4ea52d8bee388ff8142a28d72c13def84b590c peer=0
2025-10-26T21:55:18Z UpdateTip: new best=5c8da2338c29d45feb3be0ee4c4ea52d8bee388ff8142a28d72c13def84b590c height=251 version=0x30000000 log2_work=8.977280 tx=1269 date='2025-10-26T21:55:14Z' progress=1.000000 cache=0.3MiB(675txo)
2025-10-26T21:55:22Z Saw new header hash=05fd89de67374273b502cb3f2d8cf6795d3e5915016ac011693789ace4b84775 height=252
2025-10-26T21:55:22Z Saw new cmpctblock header hash=05fd89de67374273b502cb3f2d8cf6795d3e5915016ac011693789ace4b84775 peer=2
2025-10-26T21:55:22Z UpdateTip: new best=05fd89de67374273b502cb3f2d8cf6795d3e5915016ac011693789ace4b84775 height=252 version=0x30000000 log2_work=8.982994 tx=1280 date='2025-10-26T21:55:19Z' progress=1.000000 cache=0.3MiB(676txo)
2025-10-26T21:55:27Z Saw new header hash=518f4ea6909e27ecbb43ce215cac2f0a8212761d3d4d249b8cbc2f44df0eaa63 height=253
2025-10-26T21:55:27Z Saw new cmpctblock header hash=518f4ea6909e27ecbb43ce215cac2f0a8212761d3d4d249b8cbc2f44df0eaa63 peer=2
2025-10-26T21:55:27Z UpdateTip: new best=518f4ea6909e27ecbb43ce215cac2f0a8212761d3d4d249b8cbc2f44df0eaa63 height=253 version=0x30000000 log2_work=8.988685 tx=1292 date='2025-10-26T21:55:24Z' progress=1.000000 cache=0.3MiB(680txo)
2025-10-26T21:55:33Z Saw new header hash=5c49327bcc514ea74cd9d1094a8f5ae92d319f07467c23470811a3883f3dfbce height=254
2025-10-26T21:55:33Z Saw new cmpctblock header hash=5c49327bcc514ea74cd9d1094a8f5ae92d319f07467c23470811a3883f3dfbce peer=2
2025-10-26T21:55:33Z UpdateTip: new best=5c49327bcc514ea74cd9d1094a8f5ae92d319f07467c23470811a3883f3dfbce height=254 version=0x30000000 log2_work=8.994353 tx=1302 date='2025-10-26T21:55:29Z' progress=1.000000 cache=0.3MiB(680txo)
2025-10-26T21:55:37Z Saw new header hash=168e1a6fb0e18065aee9d1d4da0d65a103917504b5b3ed80e7212b024d33385f height=255
2025-10-26T21:55:37Z Saw new cmpctblock header hash=168e1a6fb0e18065aee9d1d4da0d65a103917504b5b3ed80e7212b024d33385f peer=0
2025-10-26T21:55:37Z UpdateTip: new best=168e1a6fb0e18065aee9d1d4da0d65a103917504b5b3ed80e7212b024d33385f height=255 version=0x30000000 log2_work=9.000000 tx=1312 date='2025-10-26T21:55:34Z' progress=1.000000 cache=0.3MiB(686txo)
2025-10-26T21:55:42Z Saw new header hash=4316e6738ec5655afacd1fa303ab9b4bc12915e5ecedab05ba93de030c686014 height=256
2025-10-26T21:55:42Z Saw new cmpctblock header hash=4316e6738ec5655afacd1fa303ab9b4bc12915e5ecedab05ba93de030c686014 peer=0
2025-10-26T21:55:43Z UpdateTip: new best=4316e6738ec5655afacd1fa303ab9b4bc12915e5ecedab05ba93de030c686014 height=256 version=0x30000000 log2_work=9.005625 tx=1328 date='2025-10-26T21:55:40Z' progress=1.000000 cache=0.3MiB(685txo)
2025-10-26T21:55:49Z Saw new header hash=259bbb59e3c464426717745bb61fbc50b732e20d25252fec6f3c18536dec2d31 height=257
2025-10-26T21:55:49Z Saw new cmpctblock header hash=259bbb59e3c464426717745bb61fbc50b732e20d25252fec6f3c18536dec2d31 peer=0
2025-10-26T21:55:49Z UpdateTip: new best=259bbb59e3c464426717745bb61fbc50b732e20d25252fec6f3c18536dec2d31 height=257 version=0x30000000 log2_work=9.011227 tx=1344 date='2025-10-26T21:55:45Z' progress=1.000000 cache=0.3MiB(693txo)
2025-10-26T21:55:53Z Saw new header hash=6cbf031bd457d4ad04d35fda68d1d61a629eeea8d626d34d25eba5082964c1eb height=258
2025-10-26T21:55:53Z Saw new cmpctblock header hash=6cbf031bd457d4ad04d35fda68d1d61a629eeea8d626d34d25eba5082964c1eb peer=0
2025-10-26T21:55:53Z UpdateTip: new best=6cbf031bd457d4ad04d35fda68d1d61a629eeea8d626d34d25eba5082964c1eb height=258 version=0x30000000 log2_work=9.016808 tx=1357 date='2025-10-26T21:55:50Z' progress=1.000000 cache=0.3MiB(692txo)
2025-10-26T21:55:59Z Saw new header hash=5e24c840b3418b598a930d94bb9a262392be48ecfa039645eaadabd2e0079ced height=259
2025-10-26T21:55:59Z Saw new cmpctblock header hash=5e24c840b3418b598a930d94bb9a262392be48ecfa039645eaadabd2e0079ced peer=0
2025-10-26T21:55:59Z UpdateTip: new best=5e24c840b3418b598a930d94bb9a262392be48ecfa039645eaadabd2e0079ced height=259 version=0x30000000 log2_work=9.022368 tx=1374 date='2025-10-26T21:55:56Z' progress=1.000000 cache=0.3MiB(696txo)
2025-10-26T21:56:05Z Saw new header hash=084c530512f4591858e4cc202ef90fca73d42bdc211429c078efacdbe6f518a7 height=260
2025-10-26T21:56:05Z Saw new cmpctblock header hash=084c530512f4591858e4cc202ef90fca73d42bdc211429c078efacdbe6f518a7 peer=2
2025-10-26T21:56:05Z UpdateTip: new best=084c530512f4591858e4cc202ef90fca73d42bdc211429c078efacdbe6f518a7 height=260 version=0x30000000 log2_work=9.027906 tx=1389 date='2025-10-26T21:56:01Z' progress=1.000000 cache=0.3MiB(703txo)
2025-10-26T21:56:09Z Saw new header hash=0f981d943b4a4859375495217c3c06c0bab3a89b464f695b728607fd8b4cdbe4 height=261
2025-10-26T21:56:09Z Saw new cmpctblock header hash=0f981d943b4a4859375495217c3c06c0bab3a89b464f695b728607fd8b4cdbe4 peer=0
2025-10-26T21:56:09Z UpdateTip: new best=0f981d943b4a4859375495217c3c06c0bab3a89b464f695b728607fd8b4cdbe4 height=261 version=0x30000000 log2_work=9.033423 tx=1400 date='2025-10-26T21:56:06Z' progress=1.000000 cache=0.3MiB(708txo)
2025-10-26T21:56:14Z Saw new header hash=4a496a09659315de8d544e7c759f3fbcdd3135347e8401f79aebcc1717444e62 height=262
2025-10-26T21:56:14Z Saw new cmpctblock header hash=4a496a09659315de8d544e7c759f3fbcdd3135347e8401f79aebcc1717444e62 peer=2
2025-10-26T21:56:14Z UpdateTip: new best=4a496a09659315de8d544e7c759f3fbcdd3135347e8401f79aebcc1717444e62 height=262 version=0x30000000 log2_work=9.038919 tx=1415 date='2025-10-26T21:56:11Z' progress=1.000000 cache=0.3MiB(703txo)
2025-10-26T21:56:21Z Saw new header hash=789ae4be3063f0bfcdac792aa117ddd8dbaedeb9d1afdf44376f1d234936900d height=263
2025-10-26T21:56:21Z Saw new cmpctblock header hash=789ae4be3063f0bfcdac792aa117ddd8dbaedeb9d1afdf44376f1d234936900d peer=0
2025-10-26T21:56:21Z UpdateTip: new best=789ae4be3063f0bfcdac792aa117ddd8dbaedeb9d1afdf44376f1d234936900d height=263 version=0x30000000 log2_work=9.044394 tx=1432 date='2025-10-26T21:56:17Z' progress=1.000000 cache=0.3MiB(710txo)
2025-10-26T21:56:25Z Saw new header hash=03f90b42d705882faaf66139379c2bd3a93d2852c32f1ed30615be98eace8800 height=264
2025-10-26T21:56:25Z Saw new cmpctblock header hash=03f90b42d705882faaf66139379c2bd3a93d2852c32f1ed30615be98eace8800 peer=0
2025-10-26T21:56:25Z UpdateTip: new best=03f90b42d705882faaf66139379c2bd3a93d2852c32f1ed30615be98eace8800 height=264 version=0x30000000 log2_work=9.049849 tx=1442 date='2025-10-26T21:56:22Z' progress=1.000000 cache=0.3MiB(718txo)
2025-10-26T21:56:30Z Saw new header hash=6858d4021b72b70ba636320068b7fc1b84b1422e0b060d0baa01fee7e2a1e64d height=265
2025-10-26T21:56:30Z Saw new cmpctblock header hash=6858d4021b72b70ba636320068b7fc1b84b1422e0b060d0baa01fee7e2a1e64d peer=0
2025-10-26T21:56:30Z UpdateTip: new best=6858d4021b72b70ba636320068b7fc1b84b1422e0b060d0baa01fee7e2a1e64d height=265 version=0x30000000 log2_work=9.055282 tx=1458 date='2025-10-26T21:56:27Z' progress=1.000000 cache=0.3MiB(721txo)
2025-10-26T21:56:37Z Saw new header hash=202b5d18ecc87b147238bf3eb08decb525ce9708c6cf8799dddb1883da137bc6 height=266
2025-10-26T21:56:37Z Saw new cmpctblock header hash=202b5d18ecc87b147238bf3eb08decb525ce9708c6cf8799dddb1883da137bc6 peer=2
2025-10-26T21:56:37Z UpdateTip: new best=202b5d18ecc87b147238bf3eb08decb525ce9708c6cf8799dddb1883da137bc6 height=266 version=0x30000000 log2_work=9.060696 tx=1471 date='2025-10-26T21:56:32Z' progress=1.000000 cache=0.3MiB(730txo)
2025-10-26T21:56:40Z Saw new header hash=25fc35b31d75c666f74ebf5afc8860902ff30005edec794f81ca70fa5ad26d8d height=267
2025-10-26T21:56:40Z Saw new cmpctblock header hash=25fc35b31d75c666f74ebf5afc8860902ff30005edec794f81ca70fa5ad26d8d peer=2
2025-10-26T21:56:40Z UpdateTip: new best=25fc35b31d75c666f74ebf5afc8860902ff30005edec794f81ca70fa5ad26d8d height=267 version=0x30000000 log2_work=9.066089 tx=1481 date='2025-10-26T21:56:38Z' progress=1.000000 cache=0.3MiB(733txo)
2025-10-26T21:56:47Z Saw new header hash=5be47491a28dc49f5e9edf0359140338c103c69738e3602b58bc4a39bc981eea height=268
2025-10-26T21:56:47Z Saw new cmpctblock header hash=5be47491a28dc49f5e9edf0359140338c103c69738e3602b58bc4a39bc981eea peer=2
2025-10-26T21:56:47Z UpdateTip: new best=5be47491a28dc49f5e9edf0359140338c103c69738e3602b58bc4a39bc981eea height=268 version=0x30000000 log2_work=9.071462 tx=1496 date='2025-10-26T21:56:43Z' progress=1.000000 cache=0.3MiB(737txo)
2025-10-26T21:56:52Z Saw new header hash=6ed3a41040d16ec883027b4e410b546bcfe0ba818293150eacf27b4e45bcd3ca height=269
2025-10-26T21:56:52Z Saw new cmpctblock header hash=6ed3a41040d16ec883027b4e410b546bcfe0ba818293150eacf27b4e45bcd3ca peer=0
2025-10-26T21:56:52Z UpdateTip: new best=6ed3a41040d16ec883027b4e410b546bcfe0ba818293150eacf27b4e45bcd3ca height=269 version=0x30000000 log2_work=9.076816 tx=1510 date='2025-10-26T21:56:48Z' progress=1.000000 cache=0.3MiB(748txo)
2025-10-26T21:56:56Z Saw new header hash=7fe684c9ed20548a9d46f6a06e4ea235acfda92331b69ea954447f1ae9d24942 height=270
2025-10-26T21:56:56Z Saw new cmpctblock header hash=7fe684c9ed20548a9d46f6a06e4ea235acfda92331b69ea954447f1ae9d24942 peer=0
2025-10-26T21:56:56Z UpdateTip: new best=7fe684c9ed20548a9d46f6a06e4ea235acfda92331b69ea954447f1ae9d24942 height=270 version=0x30000000 log2_work=9.082149 tx=1522 date='2025-10-26T21:56:54Z' progress=1.000000 cache=0.3MiB(747txo)
2025-10-26T21:57:02Z Saw new header hash=73a69782e57a2cb2922ce4e3cdc391e1d6f023df42ba4f7444ca1416b396bc99 height=271
2025-10-26T21:57:02Z Saw new cmpctblock header hash=73a69782e57a2cb2922ce4e3cdc391e1d6f023df42ba4f7444ca1416b396bc99 peer=0
2025-10-26T21:57:02Z UpdateTip: new best=73a69782e57a2cb2922ce4e3cdc391e1d6f023df42ba4f7444ca1416b396bc99 height=271 version=0x30000000 log2_work=9.087463 tx=1539 date='2025-10-26T21:56:59Z' progress=1.000000 cache=0.3MiB(744txo)
2025-10-26T21:57:09Z Saw new header hash=1a00f736fb7cb0f66f7f6ed1cfd1113b6664dd6b8db2d5394a388291d4566dc0 height=272
2025-10-26T21:57:09Z Saw new cmpctblock header hash=1a00f736fb7cb0f66f7f6ed1cfd1113b6664dd6b8db2d5394a388291d4566dc0 peer=0
2025-10-26T21:57:09Z UpdateTip: new best=1a00f736fb7cb0f66f7f6ed1cfd1113b6664dd6b8db2d5394a388291d4566dc0 height=272 version=0x30000000 log2_work=9.092757 tx=1555 date='2025-10-26T21:57:04Z' progress=1.000000 cache=0.3MiB(750txo)
2025-10-26T21:57:12Z Saw new header hash=33b53ffae0b59d7a99e33a70b0f3faf70012ae202719f7862891612acd3a12e0 height=273
2025-10-26T21:57:12Z Saw new cmpctblock header hash=33b53ffae0b59d7a99e33a70b0f3faf70012ae202719f7862891612acd3a12e0 peer=0
2025-10-26T21:57:12Z UpdateTip: new best=33b53ffae0b59d7a99e33a70b0f3faf70012ae202719f7862891612acd3a12e0 height=273 version=0x30000000 log2_work=9.098032 tx=1564 date='2025-10-26T21:57:09Z' progress=1.000000 cache=0.3MiB(758txo)
2025-10-26T21:57:18Z Saw new header hash=09ac0e5e64aef396aaaa00be62d0dca6c36f47718ae6ba5606f9a394e4c2b2a3 height=274
2025-10-26T21:57:18Z Saw new cmpctblock header hash=09ac0e5e64aef396aaaa00be62d0dca6c36f47718ae6ba5606f9a394e4c2b2a3 peer=0
2025-10-26T21:57:18Z UpdateTip: new best=09ac0e5e64aef396aaaa00be62d0dca6c36f47718ae6ba5606f9a394e4c2b2a3 height=274 version=0x30000000 log2_work=9.103288 tx=1580 date='2025-10-26T21:57:15Z' progress=1.000000 cache=0.3MiB(753txo)
2025-10-26T21:57:23Z Saw new header hash=5ee62582c5913b87353e85a5ae48a21d2f01e1c74b65fe3343a5107091c124a8 height=275
2025-10-26T21:57:23Z Saw new cmpctblock header hash=5ee62582c5913b87353e85a5ae48a21d2f01e1c74b65fe3343a5107091c124a8 peer=0
2025-10-26T21:57:23Z UpdateTip: new best=5ee62582c5913b87353e85a5ae48a21d2f01e1c74b65fe3343a5107091c124a8 height=275 version=0x30000000 log2_work=9.108524 tx=1593 date='2025-10-26T21:57:20Z' progress=1.000000 cache=0.3MiB(762txo)
2025-10-26T21:57:28Z Saw new header hash=477cf6a8b328172f8caa62b2b0118a11c55679c0c0b181197726cd115e89d33d height=276
2025-10-26T21:57:28Z Saw new cmpctblock header hash=477cf6a8b328172f8caa62b2b0118a11c55679c0c0b181197726cd115e89d33d peer=0
2025-10-26T21:57:28Z UpdateTip: new best=477cf6a8b328172f8caa62b2b0118a11c55679c0c0b181197726cd115e89d33d height=276 version=0x30000000 log2_work=9.113742 tx=1608 date='2025-10-26T21:57:26Z' progress=1.000000 cache=0.3MiB(759txo)
2025-10-26T21:57:34Z Saw new header hash=05fa3004b685756529af751b69cd4681b00a28c63d26bb2b6dbf59ca64efeadc height=277
2025-10-26T21:57:34Z Saw new cmpctblock header hash=05fa3004b685756529af751b69cd4681b00a28c63d26bb2b6dbf59ca64efeadc peer=2
2025-10-26T21:57:34Z UpdateTip: new best=05fa3004b685756529af751b69cd4681b00a28c63d26bb2b6dbf59ca64efeadc height=277 version=0x30000000 log2_work=9.118941 tx=1622 date='2025-10-26T21:57:31Z' progress=1.000000 cache=0.3MiB(755txo)
2025-10-26T21:57:39Z Saw new header hash=3e190e45051c249f7ef5b593d5df1cfb9b95e163c03f760eb591d979bee5899b height=278
2025-10-26T21:57:39Z Saw new cmpctblock header hash=3e190e45051c249f7ef5b593d5df1cfb9b95e163c03f760eb591d979bee5899b peer=0
2025-10-26T21:57:40Z UpdateTip: new best=3e190e45051c249f7ef5b593d5df1cfb9b95e163c03f760eb591d979bee5899b height=278 version=0x30000000 log2_work=9.124121 tx=1632 date='2025-10-26T21:57:36Z' progress=1.000000 cache=0.3MiB(756txo)
2025-10-26T21:57:45Z Saw new header hash=0b65e29e28fde7e45ddc98f86f5cc65c8b74e478abdd592f1ad169256d5e8d5a height=279
2025-10-26T21:57:45Z Saw new cmpctblock header hash=0b65e29e28fde7e45ddc98f86f5cc65c8b74e478abdd592f1ad169256d5e8d5a peer=2
2025-10-26T21:57:45Z UpdateTip: new best=0b65e29e28fde7e45ddc98f86f5cc65c8b74e478abdd592f1ad169256d5e8d5a height=279 version=0x30000000 log2_work=9.129283 tx=1644 date='2025-10-26T21:57:41Z' progress=1.000000 cache=0.3MiB(757txo)
2025-10-26T21:57:49Z Saw new header hash=6e188b30dcd2dc3a9391632a4c95827ffc426c075249f10bebe5b8ce83901b72 height=280
2025-10-26T21:57:49Z Saw new cmpctblock header hash=6e188b30dcd2dc3a9391632a4c95827ffc426c075249f10bebe5b8ce83901b72 peer=0
2025-10-26T21:57:49Z UpdateTip: new best=6e188b30dcd2dc3a9391632a4c95827ffc426c075249f10bebe5b8ce83901b72 height=280 version=0x30000000 log2_work=9.134426 tx=1658 date='2025-10-26T21:57:47Z' progress=1.000000 cache=0.3MiB(766txo)
2025-10-26T21:57:55Z Saw new header hash=71fd085fd8619d21ba0c72c1e2d7709fa70edde2c7bd9791829cd70d342910c6 height=281
2025-10-26T21:57:55Z Saw new cmpctblock header hash=71fd085fd8619d21ba0c72c1e2d7709fa70edde2c7bd9791829cd70d342910c6 peer=2
2025-10-26T21:57:55Z UpdateTip: new best=71fd085fd8619d21ba0c72c1e2d7709fa70edde2c7bd9791829cd70d342910c6 height=281 version=0x30000000 log2_work=9.139551 tx=1673 date='2025-10-26T21:57:52Z' progress=1.000000 cache=0.3MiB(774txo)
2025-10-26T21:58:00Z Saw new header hash=4327dc57fc95f48b9bc90833ae8219c0d04286dc976d0306495d5e74af5a92ec height=282
2025-10-26T21:58:00Z Saw new cmpctblock header hash=4327dc57fc95f48b9bc90833ae8219c0d04286dc976d0306495d5e74af5a92ec peer=2
2025-10-26T21:58:00Z UpdateTip: new best=4327dc57fc95f48b9bc90833ae8219c0d04286dc976d0306495d5e74af5a92ec height=282 version=0x30000000 log2_work=9.144658 tx=1688 date='2025-10-26T21:57:57Z' progress=1.000000 cache=0.3MiB(778txo)
2025-10-26T21:58:05Z Saw new header hash=16ba8370067c915309571e02204e59854b5ff2d2c7c5d45526fcf6b94724c4f7 height=283
2025-10-26T21:58:05Z Saw new cmpctblock header hash=16ba8370067c915309571e02204e59854b5ff2d2c7c5d45526fcf6b94724c4f7 peer=0
2025-10-26T21:58:05Z UpdateTip: new best=16ba8370067c915309571e02204e59854b5ff2d2c7c5d45526fcf6b94724c4f7 height=283 version=0x30000000 log2_work=9.149747 tx=1705 date='2025-10-26T21:58:03Z' progress=1.000000 cache=0.3MiB(779txo)
2025-10-26T21:58:11Z Saw new header hash=1d7198b076af093c415682a12bcbd8b4e00c2ad840dcb24799c2bed9b1681a12 height=284
2025-10-26T21:58:11Z Saw new cmpctblock header hash=1d7198b076af093c415682a12bcbd8b4e00c2ad840dcb24799c2bed9b1681a12 peer=0
2025-10-26T21:58:11Z UpdateTip: new best=1d7198b076af093c415682a12bcbd8b4e00c2ad840dcb24799c2bed9b1681a12 height=284 version=0x30000000 log2_work=9.154818 tx=1723 date='2025-10-26T21:58:08Z' progress=1.000000 cache=0.3MiB(786txo)
2025-10-26T21:58:15Z Saw new header hash=5f63b809417b98adb84bd9a27582e7bd08a1b84b46cc8014a7a49304947dc836 height=285
2025-10-26T21:58:15Z Saw new cmpctblock header hash=5f63b809417b98adb84bd9a27582e7bd08a1b84b46cc8014a7a49304947dc836 peer=0
2025-10-26T21:58:15Z UpdateTip: new best=5f63b809417b98adb84bd9a27582e7bd08a1b84b46cc8014a7a49304947dc836 height=285 version=0x30000000 log2_work=9.159871 tx=1741 date='2025-10-26T21:58:13Z' progress=1.000000 cache=0.3MiB(796txo)
2025-10-26T21:58:21Z Saw new header hash=5e1a6670c277d6d696f45294e3b29a5ae50cb1307710fbd2ac310909ea078e92 height=286
2025-10-26T21:58:21Z Saw new cmpctblock header hash=5e1a6670c277d6d696f45294e3b29a5ae50cb1307710fbd2ac310909ea078e92 peer=2
2025-10-26T21:58:21Z UpdateTip: new best=5e1a6670c277d6d696f45294e3b29a5ae50cb1307710fbd2ac310909ea078e92 height=286 version=0x30000000 log2_work=9.164907 tx=1763 date='2025-10-26T21:58:18Z' progress=1.000000 cache=0.3MiB(796txo)
2025-10-26T21:58:26Z Saw new header hash=35c6d3c3abd1c9351a0f42d0da4e35b05e6bfc7578898afc5c7f82dee12cd40c height=287
2025-10-26T21:58:26Z Saw new cmpctblock header hash=35c6d3c3abd1c9351a0f42d0da4e35b05e6bfc7578898afc5c7f82dee12cd40c peer=2
2025-10-26T21:58:26Z UpdateTip: new best=35c6d3c3abd1c9351a0f42d0da4e35b05e6bfc7578898afc5c7f82dee12cd40c height=287 version=0x30000000 log2_work=9.169925 tx=1781 date='2025-10-26T21:58:23Z' progress=1.000000 cache=0.3MiB(793txo)
2025-10-26T21:58:31Z Saw new header hash=4efcbdb75f48a71abe6dd0475cb792c6a93125ae50528d57a168032e68cb31a1 height=288
2025-10-26T21:58:31Z Saw new cmpctblock header hash=4efcbdb75f48a71abe6dd0475cb792c6a93125ae50528d57a168032e68cb31a1 peer=0
2025-10-26T21:58:31Z UpdateTip: new best=4efcbdb75f48a71abe6dd0475cb792c6a93125ae50528d57a168032e68cb31a1 height=288 version=0x30000000 log2_work=9.174926 tx=1802 date='2025-10-26T21:58:29Z' progress=1.000000 cache=0.3MiB(794txo)
2025-10-26T21:58:36Z Saw new header hash=14f84e3686b2bf36ea8ece79642042cf4d481eb3647192761a606026b878087c height=289
2025-10-26T21:58:36Z Saw new cmpctblock header hash=14f84e3686b2bf36ea8ece79642042cf4d481eb3647192761a606026b878087c peer=2
2025-10-26T21:58:36Z UpdateTip: new best=14f84e3686b2bf36ea8ece79642042cf4d481eb3647192761a606026b878087c height=289 version=0x30000000 log2_work=9.179909 tx=1823 date='2025-10-26T21:58:34Z' progress=1.000000 cache=0.3MiB(798txo)
2025-10-26T21:58:42Z Saw new header hash=076ad5d07bd3ba3244e0e03255765a1730d79ea00a5e7479923424e04d8080b1 height=290
2025-10-26T21:58:42Z Saw new cmpctblock header hash=076ad5d07bd3ba3244e0e03255765a1730d79ea00a5e7479923424e04d8080b1 peer=0
2025-10-26T21:58:42Z UpdateTip: new best=076ad5d07bd3ba3244e0e03255765a1730d79ea00a5e7479923424e04d8080b1 height=290 version=0x30000000 log2_work=9.184875 tx=1841 date='2025-10-26T21:58:39Z' progress=1.000000 cache=0.3MiB(807txo)
2025-10-26T21:58:47Z Saw new header hash=3150715a44ddfec0aa69058fc7bee19a3bb641bcf377fe26a890857a10b5615c height=291
2025-10-26T21:58:47Z Saw new cmpctblock header hash=3150715a44ddfec0aa69058fc7bee19a3bb641bcf377fe26a890857a10b5615c peer=0
2025-10-26T21:58:47Z UpdateTip: new best=3150715a44ddfec0aa69058fc7bee19a3bb641bcf377fe26a890857a10b5615c height=291 version=0x30000000 log2_work=9.189825 tx=1856 date='2025-10-26T21:58:44Z' progress=1.000000 cache=0.3MiB(810txo)
2025-10-26T21:58:52Z Saw new header hash=7b6e09c4aea011398c491feeaddaef53c3bddca768af2b6807f3a39f4db37487 height=292
2025-10-26T21:58:52Z Saw new cmpctblock header hash=7b6e09c4aea011398c491feeaddaef53c3bddca768af2b6807f3a39f4db37487 peer=0
2025-10-26T21:58:52Z UpdateTip: new best=7b6e09c4aea011398c491feeaddaef53c3bddca768af2b6807f3a39f4db37487 height=292 version=0x30000000 log2_work=9.194757 tx=1874 date='2025-10-26T21:58:49Z' progress=1.000000 cache=0.3MiB(821txo)
2025-10-26T21:58:57Z Saw new header hash=785f9c50a210dd573e366925b999b2258fdcd3cc185e5ed6fc5a40c7e56c5dfd height=293
2025-10-26T21:58:57Z Saw new cmpctblock header hash=785f9c50a210dd573e366925b999b2258fdcd3cc185e5ed6fc5a40c7e56c5dfd peer=0
2025-10-26T21:58:57Z UpdateTip: new best=785f9c50a210dd573e366925b999b2258fdcd3cc185e5ed6fc5a40c7e56c5dfd height=293 version=0x30000000 log2_work=9.199672 tx=1889 date='2025-10-26T21:58:54Z' progress=1.000000 cache=0.3MiB(815txo)
2025-10-26T21:59:02Z Saw new header hash=05ab1f59b78116284f157ef32de33ba09d647d6cdbed77fe37545b4bc9b83e1b height=294
2025-10-26T21:59:02Z Saw new cmpctblock header hash=05ab1f59b78116284f157ef32de33ba09d647d6cdbed77fe37545b4bc9b83e1b peer=0
2025-10-26T21:59:02Z UpdateTip: new best=05ab1f59b78116284f157ef32de33ba09d647d6cdbed77fe37545b4bc9b83e1b height=294 version=0x30000000 log2_work=9.204571 tx=1908 date='2025-10-26T21:59:00Z' progress=1.000000 cache=0.3MiB(816txo)
2025-10-26T21:59:07Z Saw new header hash=2623819ebe19e5aa1104909cf66b252308fa0360985cdcc8a210c9bfb4835227 height=295
2025-10-26T21:59:07Z Saw new cmpctblock header hash=2623819ebe19e5aa1104909cf66b252308fa0360985cdcc8a210c9bfb4835227 peer=0
2025-10-26T21:59:07Z UpdateTip: new best=2623819ebe19e5aa1104909cf66b252308fa0360985cdcc8a210c9bfb4835227 height=295 version=0x30000000 log2_work=9.209453 tx=1926 date='2025-10-26T21:59:05Z' progress=1.000000 cache=0.3MiB(825txo)
2025-10-26T21:59:12Z Saw new header hash=375c262dafa6278d09d75b8f26d6820ba5272a22d286626d1b7db54bc0e44382 height=296
2025-10-26T21:59:12Z Saw new cmpctblock header hash=375c262dafa6278d09d75b8f26d6820ba5272a22d286626d1b7db54bc0e44382 peer=2
2025-10-26T21:59:12Z UpdateTip: new best=375c262dafa6278d09d75b8f26d6820ba5272a22d286626d1b7db54bc0e44382 height=296 version=0x30000000 log2_work=9.214319 tx=1941 date='2025-10-26T21:59:10Z' progress=1.000000 cache=0.3MiB(827txo)
2025-10-26T21:59:17Z Saw new header hash=08950203637ffb92897307edde2c6e30ebde0f010a202baa577e66ea56868eea height=297
2025-10-26T21:59:17Z Saw new cmpctblock header hash=08950203637ffb92897307edde2c6e30ebde0f010a202baa577e66ea56868eea peer=0
2025-10-26T21:59:17Z UpdateTip: new best=08950203637ffb92897307edde2c6e30ebde0f010a202baa577e66ea56868eea height=297 version=0x30000000 log2_work=9.219169 tx=1960 date='2025-10-26T21:59:15Z' progress=1.000000 cache=0.3MiB(838txo)
2025-10-26T21:59:22Z Saw new header hash=3cb737129005a141dd57801d1216187d125d036c3a1dbffc1d34c5029fe70336 height=298
2025-10-26T21:59:22Z Saw new cmpctblock header hash=3cb737129005a141dd57801d1216187d125d036c3a1dbffc1d34c5029fe70336 peer=0
2025-10-26T21:59:23Z UpdateTip: new best=3cb737129005a141dd57801d1216187d125d036c3a1dbffc1d34c5029fe70336 height=298 version=0x30000000 log2_work=9.224002 tx=1980 date='2025-10-26T21:59:20Z' progress=1.000000 cache=0.3MiB(855txo)
2025-10-26T21:59:27Z Saw new header hash=3267bfd04f92b022e213157269e607dfde0cfaaf8e5febeedb7a739d7c6b1f39 height=299
2025-10-26T21:59:27Z Saw new cmpctblock header hash=3267bfd04f92b022e213157269e607dfde0cfaaf8e5febeedb7a739d7c6b1f39 peer=2
2025-10-26T21:59:27Z UpdateTip: new best=3267bfd04f92b022e213157269e607dfde0cfaaf8e5febeedb7a739d7c6b1f39 height=299 version=0x30000000 log2_work=9.228819 tx=1997 date='2025-10-26T21:59:25Z' progress=1.000000 cache=0.3MiB(860txo)
2025-10-26T21:59:33Z Saw new header hash=47263583831e779a1ce9258a4c6a58ff36554581f9d82c37a1b0facdfeca3ee3 height=300
2025-10-26T21:59:33Z Saw new cmpctblock header hash=47263583831e779a1ce9258a4c6a58ff36554581f9d82c37a1b0facdfeca3ee3 peer=2
2025-10-26T21:59:33Z UpdateTip: new best=47263583831e779a1ce9258a4c6a58ff36554581f9d82c37a1b0facdfeca3ee3 height=300 version=0x30000000 log2_work=9.233620 tx=2018 date='2025-10-26T21:59:30Z' progress=1.000000 cache=0.3MiB(862txo)
2025-10-26T21:59:38Z Saw new header hash=44b0e432b8eec54910d8370a4094381abbcd6bd04eec360e3ebccc6dbba2f4df height=301
2025-10-26T21:59:38Z Saw new cmpctblock header hash=44b0e432b8eec54910d8370a4094381abbcd6bd04eec360e3ebccc6dbba2f4df peer=0
2025-10-26T21:59:38Z UpdateTip: new best=44b0e432b8eec54910d8370a4094381abbcd6bd04eec360e3ebccc6dbba2f4df height=301 version=0x30000000 log2_work=9.238405 tx=2036 date='2025-10-26T21:59:35Z' progress=1.000000 cache=0.3MiB(867txo)
2025-10-26T21:59:43Z Saw new header hash=019ae433fd7ab633202bb5eb55fcc75fe9aa9091bd788d79ad45a7913778f5a0 height=302
2025-10-26T21:59:43Z Saw new cmpctblock header hash=019ae433fd7ab633202bb5eb55fcc75fe9aa9091bd788d79ad45a7913778f5a0 peer=0
2025-10-26T21:59:44Z UpdateTip: new best=019ae433fd7ab633202bb5eb55fcc75fe9aa9091bd788d79ad45a7913778f5a0 height=302 version=0x30000000 log2_work=9.243174 tx=2050 date='2025-10-26T21:59:41Z' progress=1.000000 cache=0.3MiB(874txo)
2025-10-26T21:59:48Z Saw new header hash=19386b6c576a5296230a6fbe13ba4e4a92e59201bee08381c7a16e31bbcf6552 height=303
2025-10-26T21:59:48Z Saw new cmpctblock header hash=19386b6c576a5296230a6fbe13ba4e4a92e59201bee08381c7a16e31bbcf6552 peer=2
2025-10-26T21:59:48Z UpdateTip: new best=19386b6c576a5296230a6fbe13ba4e4a92e59201bee08381c7a16e31bbcf6552 height=303 version=0x30000000 log2_work=9.247928 tx=2066 date='2025-10-26T21:59:46Z' progress=1.000000 cache=0.3MiB(870txo)
2025-10-26T21:59:54Z Saw new header hash=64d7db66f560c5c6efa665f71cd8ec3c4a3c9054f1409fab7b1213d28525bf38 height=304
2025-10-26T21:59:54Z Saw new cmpctblock header hash=64d7db66f560c5c6efa665f71cd8ec3c4a3c9054f1409fab7b1213d28525bf38 peer=0
2025-10-26T21:59:54Z UpdateTip: new best=64d7db66f560c5c6efa665f71cd8ec3c4a3c9054f1409fab7b1213d28525bf38 height=304 version=0x30000000 log2_work=9.252665 tx=2088 date='2025-10-26T21:59:51Z' progress=1.000000 cache=0.3MiB(874txo)
2025-10-26T21:59:59Z Saw new header hash=7957bf183631abc973ad27b5b353af3ffe5e2b7c9fcf8d70c3f5891624000ed7 height=305
2025-10-26T21:59:59Z Saw new cmpctblock header hash=7957bf183631abc973ad27b5b353af3ffe5e2b7c9fcf8d70c3f5891624000ed7 peer=2
2025-10-26T21:59:59Z UpdateTip: new best=7957bf183631abc973ad27b5b353af3ffe5e2b7c9fcf8d70c3f5891624000ed7 height=305 version=0x30000000 log2_work=9.257388 tx=2107 date='2025-10-26T21:59:57Z' progress=1.000000 cache=0.3MiB(879txo)
2025-10-26T22:00:05Z Saw new header hash=7c4c8b01ed6786d60c73e79129983bede8d058ef4a21bd6833bf6ddbaf078c81 height=306
2025-10-26T22:00:05Z Saw new cmpctblock header hash=7c4c8b01ed6786d60c73e79129983bede8d058ef4a21bd6833bf6ddbaf078c81 peer=0
2025-10-26T22:00:05Z UpdateTip: new best=7c4c8b01ed6786d60c73e79129983bede8d058ef4a21bd6833bf6ddbaf078c81 height=306 version=0x30000000 log2_work=9.262095 tx=2125 date='2025-10-26T22:00:02Z' progress=1.000000 cache=0.3MiB(886txo)
2025-10-26T22:00:09Z Saw new header hash=639fc311c409c953e9abece19d83299d553040a103766af5e38d1e2bd9e561a4 height=307
2025-10-26T22:00:09Z Saw new cmpctblock header hash=639fc311c409c953e9abece19d83299d553040a103766af5e38d1e2bd9e561a4 peer=0
2025-10-26T22:00:09Z UpdateTip: new best=639fc311c409c953e9abece19d83299d553040a103766af5e38d1e2bd9e561a4 height=307 version=0x30000000 log2_work=9.266787 tx=2143 date='2025-10-26T22:00:07Z' progress=1.000000 cache=0.3MiB(877txo)
2025-10-26T22:00:14Z Saw new header hash=2711f3f61c4ba5c841f7aad861c1cad2fd99c84e6bd3bf2bbc0edc9495c073e2 height=308
2025-10-26T22:00:14Z Saw new cmpctblock header hash=2711f3f61c4ba5c841f7aad861c1cad2fd99c84e6bd3bf2bbc0edc9495c073e2 peer=2
2025-10-26T22:00:14Z UpdateTip: new best=2711f3f61c4ba5c841f7aad861c1cad2fd99c84e6bd3bf2bbc0edc9495c073e2 height=308 version=0x30000000 log2_work=9.271463 tx=2162 date='2025-10-26T22:00:12Z' progress=1.000000 cache=0.3MiB(883txo)
2025-10-26T22:00:19Z Saw new header hash=140eba05779a24e1e7f8ecc514dfcd54e6c120b5e3a796455a8e5605d745d022 height=309
2025-10-26T22:00:19Z Saw new cmpctblock header hash=140eba05779a24e1e7f8ecc514dfcd54e6c120b5e3a796455a8e5605d745d022 peer=0
2025-10-26T22:00:19Z UpdateTip: new best=140eba05779a24e1e7f8ecc514dfcd54e6c120b5e3a796455a8e5605d745d022 height=309 version=0x30000000 log2_work=9.276124 tx=2185 date='2025-10-26T22:00:17Z' progress=1.000000 cache=0.3MiB(892txo)
2025-10-26T22:00:25Z Saw new header hash=4065fc0728687ea00671b865dfc683c833bd132d383070ec2c33bd412f28270e height=310
2025-10-26T22:00:25Z Saw new cmpctblock header hash=4065fc0728687ea00671b865dfc683c833bd132d383070ec2c33bd412f28270e peer=0
2025-10-26T22:00:25Z UpdateTip: new best=4065fc0728687ea00671b865dfc683c833bd132d383070ec2c33bd412f28270e height=310 version=0x30000000 log2_work=9.280771 tx=2208 date='2025-10-26T22:00:22Z' progress=1.000000 cache=0.3MiB(904txo)
2025-10-26T22:00:29Z Saw new header hash=7fb29f0361777cf93a0c64be6809dbdb15a4f14ca35c68a2a927b4f79ac85ccd height=311
2025-10-26T22:00:29Z Saw new cmpctblock header hash=7fb29f0361777cf93a0c64be6809dbdb15a4f14ca35c68a2a927b4f79ac85ccd peer=2
2025-10-26T22:00:30Z UpdateTip: new best=7fb29f0361777cf93a0c64be6809dbdb15a4f14ca35c68a2a927b4f79ac85ccd height=311 version=0x30000000 log2_work=9.285402 tx=2224 date='2025-10-26T22:00:27Z' progress=1.000000 cache=0.3MiB(914txo)
2025-10-26T22:00:34Z Saw new header hash=4aa2f2b52c763fb3ad785097a74cd21baeec483adfc10364a7565ef1ddb9b882 height=312
2025-10-26T22:00:34Z Saw new cmpctblock header hash=4aa2f2b52c763fb3ad785097a74cd21baeec483adfc10364a7565ef1ddb9b882 peer=2
2025-10-26T22:00:34Z UpdateTip: new best=4aa2f2b52c763fb3ad785097a74cd21baeec483adfc10364a7565ef1ddb9b882 height=312 version=0x30000000 log2_work=9.290019 tx=2247 date='2025-10-26T22:00:33Z' progress=1.000000 cache=0.3MiB(924txo)
2025-10-26T22:00:41Z Saw new header hash=68040d2b7048f9bac1ba9f0a7bcb7e7a58d925427ddc0d591494a431cc4c64ba height=313
2025-10-26T22:00:41Z Saw new cmpctblock header hash=68040d2b7048f9bac1ba9f0a7bcb7e7a58d925427ddc0d591494a431cc4c64ba peer=0
2025-10-26T22:00:41Z UpdateTip: new best=68040d2b7048f9bac1ba9f0a7bcb7e7a58d925427ddc0d591494a431cc4c64ba height=313 version=0x30000000 log2_work=9.294621 tx=2268 date='2025-10-26T22:00:38Z' progress=1.000000 cache=0.3MiB(936txo)
2025-10-26T22:00:46Z Saw new header hash=4d9948df51ec8c7d2dcbf872c09f3033a3258513a81d9c1c5622fd651f0b4223 height=314
2025-10-26T22:00:46Z Saw new cmpctblock header hash=4d9948df51ec8c7d2dcbf872c09f3033a3258513a81d9c1c5622fd651f0b4223 peer=0
2025-10-26T22:00:46Z UpdateTip: new best=4d9948df51ec8c7d2dcbf872c09f3033a3258513a81d9c1c5622fd651f0b4223 height=314 version=0x30000000 log2_work=9.299208 tx=2287 date='2025-10-26T22:00:43Z' progress=1.000000 cache=0.3MiB(945txo)
2025-10-26T22:00:50Z Saw new header hash=1ee2ee8a67e24c56b1527c0be5ccd0bd91d5dbcc4c01edefeef00ad36d5af64b height=315
2025-10-26T22:00:50Z Saw new cmpctblock header hash=1ee2ee8a67e24c56b1527c0be5ccd0bd91d5dbcc4c01edefeef00ad36d5af64b peer=0
2025-10-26T22:00:50Z UpdateTip: new best=1ee2ee8a67e24c56b1527c0be5ccd0bd91d5dbcc4c01edefeef00ad36d5af64b height=315 version=0x30000000 log2_work=9.303781 tx=2304 date='2025-10-26T22:00:48Z' progress=1.000000 cache=0.3MiB(948txo)
2025-10-26T22:00:55Z Saw new header hash=08e0220047db2ceb965a0019584dc551709724be7d6209d2b8e198c631027707 height=316
2025-10-26T22:00:55Z Saw new cmpctblock header hash=08e0220047db2ceb965a0019584dc551709724be7d6209d2b8e198c631027707 peer=2
2025-10-26T22:00:55Z UpdateTip: new best=08e0220047db2ceb965a0019584dc551709724be7d6209d2b8e198c631027707 height=316 version=0x30000000 log2_work=9.308339 tx=2326 date='2025-10-26T22:00:53Z' progress=1.000000 cache=0.3MiB(950txo)
2025-10-26T22:01:01Z Saw new header hash=104d48cd8e29c4c037001b6206e77c75130569a213f1f84dd64beec6f6995e59 height=317
2025-10-26T22:01:01Z Saw new cmpctblock header hash=104d48cd8e29c4c037001b6206e77c75130569a213f1f84dd64beec6f6995e59 peer=2
2025-10-26T22:01:01Z UpdateTip: new best=104d48cd8e29c4c037001b6206e77c75130569a213f1f84dd64beec6f6995e59 height=317 version=0x30000000 log2_work=9.312883 tx=2345 date='2025-10-26T22:00:58Z' progress=1.000000 cache=0.3MiB(960txo)
2025-10-26T22:01:05Z Saw new header hash=005ba8cf0e869b2d0217ab523a83464f8a089e87207643bc4cc25a7c8a43ade6 height=318
2025-10-26T22:01:05Z Saw new cmpctblock header hash=005ba8cf0e869b2d0217ab523a83464f8a089e87207643bc4cc25a7c8a43ade6 peer=2
2025-10-26T22:01:05Z UpdateTip: new best=005ba8cf0e869b2d0217ab523a83464f8a089e87207643bc4cc25a7c8a43ade6 height=318 version=0x30000000 log2_work=9.317413 tx=2364 date='2025-10-26T22:01:03Z' progress=1.000000 cache=0.3MiB(947txo)
2025-10-26T22:01:11Z Saw new header hash=2dd2753b5324609cfe6751161a66eaf7be02c6b8e8bc0832e39e9e802982c917 height=319
2025-10-26T22:01:11Z Saw new cmpctblock header hash=2dd2753b5324609cfe6751161a66eaf7be02c6b8e8bc0832e39e9e802982c917 peer=0
2025-10-26T22:01:11Z UpdateTip: new best=2dd2753b5324609cfe6751161a66eaf7be02c6b8e8bc0832e39e9e802982c917 height=319 version=0x30000000 log2_work=9.321928 tx=2387 date='2025-10-26T22:01:09Z' progress=1.000000 cache=0.3MiB(952txo)
2025-10-26T22:01:16Z Saw new header hash=3db1a90dad8037e97f7bfc665fcf6617aeca58244f5066ccc3e3b84e7a92c26c height=320
2025-10-26T22:01:16Z Saw new cmpctblock header hash=3db1a90dad8037e97f7bfc665fcf6617aeca58244f5066ccc3e3b84e7a92c26c peer=2
2025-10-26T22:01:16Z UpdateTip: new best=3db1a90dad8037e97f7bfc665fcf6617aeca58244f5066ccc3e3b84e7a92c26c height=320 version=0x30000000 log2_work=9.326429 tx=2398 date='2025-10-26T22:01:14Z' progress=1.000000 cache=0.3MiB(953txo)
2025-10-26T22:01:23Z Saw new header hash=181ac41398c3018368066792d485c36a5967e84d547fb69188d5c23d5c3423a4 height=321
2025-10-26T22:01:23Z Saw new cmpctblock header hash=181ac41398c3018368066792d485c36a5967e84d547fb69188d5c23d5c3423a4 peer=2
2025-10-26T22:01:23Z UpdateTip: new best=181ac41398c3018368066792d485c36a5967e84d547fb69188d5c23d5c3423a4 height=321 version=0x30000000 log2_work=9.330917 tx=2410 date='2025-10-26T22:01:19Z' progress=1.000000 cache=0.3MiB(949txo)
2025-10-26T22:01:30Z Saw new header hash=6a2ea2411d53de2c98676c9330c766f9dfea909bc43342054c22c982a7bb0df0 height=322
2025-10-26T22:01:30Z Saw new cmpctblock header hash=6a2ea2411d53de2c98676c9330c766f9dfea909bc43342054c22c982a7bb0df0 peer=0
2025-10-26T22:01:30Z UpdateTip: new best=6a2ea2411d53de2c98676c9330c766f9dfea909bc43342054c22c982a7bb0df0 height=322 version=0x30000000 log2_work=9.335390 tx=2418 date='2025-10-26T22:01:25Z' progress=1.000000 cache=0.3MiB(952txo)
2025-10-26T22:01:33Z Saw new header hash=48dd46932e3a9178b31688a1208a84d24e742f16ec1d0996254a6b42a83bafe4 height=323
2025-10-26T22:01:33Z Saw new cmpctblock header hash=48dd46932e3a9178b31688a1208a84d24e742f16ec1d0996254a6b42a83bafe4 peer=0
2025-10-26T22:01:33Z UpdateTip: new best=48dd46932e3a9178b31688a1208a84d24e742f16ec1d0996254a6b42a83bafe4 height=323 version=0x30000000 log2_work=9.339850 tx=2421 date='2025-10-26T22:01:30Z' progress=1.000000 cache=0.3MiB(955txo)
2025-10-26T22:01:43Z Saw new header hash=10b92ae3f9b83734119ff1c4be1a382c084cf1b0a3b84d789659de379a8769b8 height=324
2025-10-26T22:01:43Z Saw new cmpctblock header hash=10b92ae3f9b83734119ff1c4be1a382c084cf1b0a3b84d789659de379a8769b8 peer=0
2025-10-26T22:01:44Z UpdateTip: new best=10b92ae3f9b83734119ff1c4be1a382c084cf1b0a3b84d789659de379a8769b8 height=324 version=0x30000000 log2_work=9.344296 tx=2426 date='2025-10-26T22:01:39Z' progress=1.000000 cache=0.3MiB(959txo)
2025-10-26T22:01:46Z Saw new header hash=5d938121ed5f3b6269e68a9c1b083b6bb5dc516439714d060a70eac9ed12d72d height=325
2025-10-26T22:01:46Z Saw new cmpctblock header hash=5d938121ed5f3b6269e68a9c1b083b6bb5dc516439714d060a70eac9ed12d72d peer=0
2025-10-26T22:01:46Z UpdateTip: new best=5d938121ed5f3b6269e68a9c1b083b6bb5dc516439714d060a70eac9ed12d72d height=325 version=0x30000000 log2_work=9.348728 tx=2429 date='2025-10-26T22:01:45Z' progress=1.000000 cache=0.3MiB(962txo)
2025-10-26T22:01:51Z Saw new header hash=206457f7b78c9641eb8615ad09ddac9262503271ac806d6d33ca4c57d706b1b6 height=326
2025-10-26T22:01:51Z Saw new cmpctblock header hash=206457f7b78c9641eb8615ad09ddac9262503271ac806d6d33ca4c57d706b1b6 peer=2
2025-10-26T22:01:52Z UpdateTip: new best=206457f7b78c9641eb8615ad09ddac9262503271ac806d6d33ca4c57d706b1b6 height=326 version=0x30000000 log2_work=9.353147 tx=2440 date='2025-10-26T22:01:50Z' progress=1.000000 cache=0.3MiB(961txo)
2025-10-26T22:01:57Z Saw new header hash=52b51223f31b8b829e226462edd45ae30ac70461b8867692d9e3044b7b9c162b height=327
2025-10-26T22:01:57Z Saw new cmpctblock header hash=52b51223f31b8b829e226462edd45ae30ac70461b8867692d9e3044b7b9c162b peer=2
2025-10-26T22:01:57Z UpdateTip: new best=52b51223f31b8b829e226462edd45ae30ac70461b8867692d9e3044b7b9c162b height=327 version=0x30000000 log2_work=9.357552 tx=2459 date='2025-10-26T22:01:55Z' progress=1.000000 cache=0.3MiB(969txo)
2025-10-26T22:02:03Z Saw new header hash=213b98642178e4c5dd1a6f4d1219f8eb87a941ec1fe6b2b4d3e221ec263a7908 height=328
2025-10-26T22:02:03Z Saw new cmpctblock header hash=213b98642178e4c5dd1a6f4d1219f8eb87a941ec1fe6b2b4d3e221ec263a7908 peer=2
2025-10-26T22:02:03Z UpdateTip: new best=213b98642178e4c5dd1a6f4d1219f8eb87a941ec1fe6b2b4d3e221ec263a7908 height=328 version=0x30000000 log2_work=9.361944 tx=2476 date='2025-10-26T22:02:01Z' progress=1.000000 cache=0.3MiB(965txo)
2025-10-26T22:02:07Z Saw new header hash=44c3149369ae019e72b600aa58a6338923a85a77f669c8e048b54e98c935b6da height=329
2025-10-26T22:02:07Z Saw new cmpctblock header hash=44c3149369ae019e72b600aa58a6338923a85a77f669c8e048b54e98c935b6da peer=0
2025-10-26T22:02:07Z UpdateTip: new best=44c3149369ae019e72b600aa58a6338923a85a77f669c8e048b54e98c935b6da height=329 version=0x30000000 log2_work=9.366322 tx=2492 date='2025-10-26T22:02:06Z' progress=1.000000 cache=0.3MiB(974txo)
2025-10-26T22:02:13Z Saw new header hash=43477ee3526c31fe20ce91131299aefd15b262ec57219eecc173e65fd2507746 height=330
2025-10-26T22:02:13Z Saw new cmpctblock header hash=43477ee3526c31fe20ce91131299aefd15b262ec57219eecc173e65fd2507746 peer=2
2025-10-26T22:02:13Z UpdateTip: new best=43477ee3526c31fe20ce91131299aefd15b262ec57219eecc173e65fd2507746 height=330 version=0x30000000 log2_work=9.370687 tx=2514 date='2025-10-26T22:02:11Z' progress=1.000000 cache=0.3MiB(981txo)
2025-10-26T22:02:18Z Saw new header hash=729269d59970b9fe164744e20d0f8e0bd4453714420450dff2212be02741e086 height=331
2025-10-26T22:02:18Z Saw new cmpctblock header hash=729269d59970b9fe164744e20d0f8e0bd4453714420450dff2212be02741e086 peer=2
2025-10-26T22:02:18Z UpdateTip: new best=729269d59970b9fe164744e20d0f8e0bd4453714420450dff2212be02741e086 height=331 version=0x30000000 log2_work=9.375039 tx=2531 date='2025-10-26T22:02:17Z' progress=1.000000 cache=0.3MiB(980txo)
2025-10-26T22:02:23Z Saw new header hash=210ba51f0bb628ba0618b4bad507d04b670da1057e420de1d9f3617a491ae6fe height=332
2025-10-26T22:02:23Z Saw new cmpctblock header hash=210ba51f0bb628ba0618b4bad507d04b670da1057e420de1d9f3617a491ae6fe peer=0
2025-10-26T22:02:23Z UpdateTip: new best=210ba51f0bb628ba0618b4bad507d04b670da1057e420de1d9f3617a491ae6fe height=332 version=0x30000000 log2_work=9.379378 tx=2545 date='2025-10-26T22:02:22Z' progress=1.000000 cache=0.3MiB(994txo)
2025-10-26T22:02:28Z Saw new header hash=54eed46df0c17a4f9971b2f6283bc40cd181eda1474a66ca0c5547cddab056cb height=333
2025-10-26T22:02:28Z Saw new cmpctblock header hash=54eed46df0c17a4f9971b2f6283bc40cd181eda1474a66ca0c5547cddab056cb peer=0
2025-10-26T22:02:28Z UpdateTip: new best=54eed46df0c17a4f9971b2f6283bc40cd181eda1474a66ca0c5547cddab056cb height=333 version=0x30000000 log2_work=9.383704 tx=2558 date='2025-10-26T22:02:27Z' progress=1.000000 cache=0.3MiB(997txo)
2025-10-26T22:02:33Z Saw new header hash=67b34157b4a151d11111ad64508c5ba17b6e1c58850c53f62d5f840d3eb6aa2d height=334
2025-10-26T22:02:33Z Saw new cmpctblock header hash=67b34157b4a151d11111ad64508c5ba17b6e1c58850c53f62d5f840d3eb6aa2d peer=2
2025-10-26T22:02:33Z UpdateTip: new best=67b34157b4a151d11111ad64508c5ba17b6e1c58850c53f62d5f840d3eb6aa2d height=334 version=0x30000000 log2_work=9.388017 tx=2569 date='2025-10-26T22:02:32Z' progress=1.000000 cache=0.3MiB(1002txo)
2025-10-26T22:02:39Z Saw new header hash=44c79d9d1d9dd7d96845c60816bcd184fa08feb5b5617e122512c321c5e1ec8b height=335
2025-10-26T22:02:39Z Saw new cmpctblock header hash=44c79d9d1d9dd7d96845c60816bcd184fa08feb5b5617e122512c321c5e1ec8b peer=0
2025-10-26T22:02:39Z UpdateTip: new best=44c79d9d1d9dd7d96845c60816bcd184fa08feb5b5617e122512c321c5e1ec8b height=335 version=0x30000000 log2_work=9.392317 tx=2591 date='2025-10-26T22:02:37Z' progress=1.000000 cache=0.3MiB(1010txo)
2025-10-26T22:02:44Z Saw new header hash=4360c06d68a34b982cf7b83e81a3061f97fd0df52326f89e66efc53e5e2ad8c4 height=336
2025-10-26T22:02:44Z Saw new cmpctblock header hash=4360c06d68a34b982cf7b83e81a3061f97fd0df52326f89e66efc53e5e2ad8c4 peer=0
2025-10-26T22:02:44Z UpdateTip: new best=4360c06d68a34b982cf7b83e81a3061f97fd0df52326f89e66efc53e5e2ad8c4 height=336 version=0x30000000 log2_work=9.396605 tx=2614 date='2025-10-26T22:02:43Z' progress=1.000000 cache=0.3MiB(1018txo)
2025-10-26T22:02:49Z Saw new header hash=49697cba4081eabaa84f2901922d0819b2224226b89ed60622a93617af7e88c1 height=337
2025-10-26T22:02:49Z Saw new cmpctblock header hash=49697cba4081eabaa84f2901922d0819b2224226b89ed60622a93617af7e88c1 peer=0
2025-10-26T22:02:49Z UpdateTip: new best=49697cba4081eabaa84f2901922d0819b2224226b89ed60622a93617af7e88c1 height=337 version=0x30000000 log2_work=9.400879 tx=2631 date='2025-10-26T22:02:48Z' progress=1.000000 cache=0.3MiB(1023txo)
2025-10-26T22:02:55Z Saw new header hash=1cad4da588ee89e49318fe9a4c50dedd81b069c0f2a32b141d17aa79429c33ff height=338
2025-10-26T22:02:55Z Saw new cmpctblock header hash=1cad4da588ee89e49318fe9a4c50dedd81b069c0f2a32b141d17aa79429c33ff peer=0
2025-10-26T22:02:55Z UpdateTip: new best=1cad4da588ee89e49318fe9a4c50dedd81b069c0f2a32b141d17aa79429c33ff height=338 version=0x30000000 log2_work=9.405141 tx=2650 date='2025-10-26T22:02:53Z' progress=1.000000 cache=0.3MiB(1033txo)
2025-10-26T22:03:00Z Saw new header hash=7da2259b3e21eef0e89ee2ac2bcc271b0306a6f54374e1dbf899754905fe3229 height=339
2025-10-26T22:03:00Z Saw new cmpctblock header hash=7da2259b3e21eef0e89ee2ac2bcc271b0306a6f54374e1dbf899754905fe3229 peer=2
2025-10-26T22:03:00Z UpdateTip: new best=7da2259b3e21eef0e89ee2ac2bcc271b0306a6f54374e1dbf899754905fe3229 height=339 version=0x30000000 log2_work=9.409391 tx=2670 date='2025-10-26T22:02:58Z' progress=1.000000 cache=0.3MiB(1029txo)
2025-10-26T22:03:04Z Saw new header hash=4e1954777a710f20395b2dd876a6e51bd92886782d3c0c2313b19e32eaffc293 height=340
2025-10-26T22:03:04Z Saw new cmpctblock header hash=4e1954777a710f20395b2dd876a6e51bd92886782d3c0c2313b19e32eaffc293 peer=0
2025-10-26T22:03:04Z UpdateTip: new best=4e1954777a710f20395b2dd876a6e51bd92886782d3c0c2313b19e32eaffc293 height=340 version=0x30000000 log2_work=9.413628 tx=2686 date='2025-10-26T22:03:04Z' progress=1.000000 cache=0.3MiB(1030txo)
2025-10-26T22:03:10Z Saw new header hash=559c7b16e87ebc9f1490c93ce90387f3b01ba247cfbc5aa667a0e6646110b1f7 height=341
2025-10-26T22:03:10Z Saw new cmpctblock header hash=559c7b16e87ebc9f1490c93ce90387f3b01ba247cfbc5aa667a0e6646110b1f7 peer=2
2025-10-26T22:03:10Z UpdateTip: new best=559c7b16e87ebc9f1490c93ce90387f3b01ba247cfbc5aa667a0e6646110b1f7 height=341 version=0x30000000 log2_work=9.417853 tx=2704 date='2025-10-26T22:03:09Z' progress=1.000000 cache=0.3MiB(1033txo)
2025-10-26T22:03:15Z Saw new header hash=703aba445459a575f117a3d730075aeb3d6e868e8509428007a889ce96dd06d2 height=342
2025-10-26T22:03:15Z Saw new cmpctblock header hash=703aba445459a575f117a3d730075aeb3d6e868e8509428007a889ce96dd06d2 peer=0
2025-10-26T22:03:16Z UpdateTip: new best=703aba445459a575f117a3d730075aeb3d6e868e8509428007a889ce96dd06d2 height=342 version=0x30000000 log2_work=9.422065 tx=2722 date='2025-10-26T22:03:14Z' progress=1.000000 cache=0.3MiB(1039txo)
2025-10-26T22:03:20Z Saw new header hash=3f3b1aae5bdeafedbcd29d260167e4b92ad2f916a3a1a19eccefa8b3917f865e height=343
2025-10-26T22:03:20Z Saw new cmpctblock header hash=3f3b1aae5bdeafedbcd29d260167e4b92ad2f916a3a1a19eccefa8b3917f865e peer=0
2025-10-26T22:03:20Z UpdateTip: new best=3f3b1aae5bdeafedbcd29d260167e4b92ad2f916a3a1a19eccefa8b3917f865e height=343 version=0x30000000 log2_work=9.426265 tx=2736 date='2025-10-26T22:03:19Z' progress=1.000000 cache=0.3MiB(1043txo)
2025-10-26T22:04:27Z Saw new header hash=515e64e9d7041dee4bf0038b89b92efef6a724bee74aff360ec88137d29b10ff height=344
2025-10-26T22:04:27Z Saw new cmpctblock header hash=515e64e9d7041dee4bf0038b89b92efef6a724bee74aff360ec88137d29b10ff peer=2
2025-10-26T22:04:27Z UpdateTip: new best=515e64e9d7041dee4bf0038b89b92efef6a724bee74aff360ec88137d29b10ff height=344 version=0x30000000 log2_work=9.430453 tx=2744 date='2025-10-26T22:04:26Z' progress=1.000000 cache=0.3MiB(1045txo)
2025-10-26T22:04:27Z Saw new header hash=68db59c48bf2eb9013940edcb321081b59b3d426caf440113cc5bd48d9297c78 height=345
2025-10-26T22:04:27Z Saw new cmpctblock header hash=68db59c48bf2eb9013940edcb321081b59b3d426caf440113cc5bd48d9297c78 peer=2
2025-10-26T22:04:27Z UpdateTip: new best=68db59c48bf2eb9013940edcb321081b59b3d426caf440113cc5bd48d9297c78 height=345 version=0x30000000 log2_work=9.434628 tx=2745 date='2025-10-26T22:04:26Z' progress=1.000000 cache=0.3MiB(1046txo)
2025-10-26T22:04:27Z Saw new header hash=4e898c046444f264ef5957f85b3623d7bcc6182f05e9fcc8f5960bddb1b20e69 height=346
2025-10-26T22:04:27Z Saw new cmpctblock header hash=4e898c046444f264ef5957f85b3623d7bcc6182f05e9fcc8f5960bddb1b20e69 peer=2
2025-10-26T22:04:27Z UpdateTip: new best=4e898c046444f264ef5957f85b3623d7bcc6182f05e9fcc8f5960bddb1b20e69 height=346 version=0x30000000 log2_work=9.438792 tx=2746 date='2025-10-26T22:04:26Z' progress=1.000000 cache=0.3MiB(1047txo)
2025-10-26T22:04:27Z Saw new header hash=7c672389dbc4b1e2b7ff7d2d93bb4f91d5400fc3a0b43c28b9545eb6988baf06 height=347
2025-10-26T22:04:27Z Saw new cmpctblock header hash=7c672389dbc4b1e2b7ff7d2d93bb4f91d5400fc3a0b43c28b9545eb6988baf06 peer=2
2025-10-26T22:04:27Z UpdateTip: new best=7c672389dbc4b1e2b7ff7d2d93bb4f91d5400fc3a0b43c28b9545eb6988baf06 height=347 version=0x30000000 log2_work=9.442943 tx=2747 date='2025-10-26T22:04:26Z' progress=1.000000 cache=0.3MiB(1048txo)
2025-10-26T22:04:27Z Saw new header hash=155c3bc9a550363d7e82ee91a52f424595876fdc4e0a9eb86be3c3cb1735285b height=348
2025-10-26T22:04:27Z Saw new cmpctblock header hash=155c3bc9a550363d7e82ee91a52f424595876fdc4e0a9eb86be3c3cb1735285b peer=2
2025-10-26T22:04:27Z UpdateTip: new best=155c3bc9a550363d7e82ee91a52f424595876fdc4e0a9eb86be3c3cb1735285b height=348 version=0x30000000 log2_work=9.447083 tx=2748 date='2025-10-26T22:04:26Z' progress=1.000000 cache=0.3MiB(1049txo)
2025-10-26T22:04:27Z Saw new header hash=15f8831eeabca29287e410f5fc67f6582fd930a8b1c1cbbfd406b4634ae0d7d9 height=349
2025-10-26T22:04:27Z Saw new cmpctblock header hash=15f8831eeabca29287e410f5fc67f6582fd930a8b1c1cbbfd406b4634ae0d7d9 peer=2
2025-10-26T22:04:27Z UpdateTip: new best=15f8831eeabca29287e410f5fc67f6582fd930a8b1c1cbbfd406b4634ae0d7d9 height=349 version=0x30000000 log2_work=9.451211 tx=2749 date='2025-10-26T22:04:26Z' progress=1.000000 cache=0.3MiB(1050txo)
2025-10-26T22:04:27Z Saw new header hash=7fb7166019861eebe78451e4e17a470437e89ca355ffb7028f5bba6faa52ef0a height=350
2025-10-26T22:04:27Z Saw new cmpctblock header hash=7fb7166019861eebe78451e4e17a470437e89ca355ffb7028f5bba6faa52ef0a peer=0
2025-10-26T22:04:27Z UpdateTip: new best=7fb7166019861eebe78451e4e17a470437e89ca355ffb7028f5bba6faa52ef0a height=350 version=0x30000000 log2_work=9.455327 tx=2750 date='2025-10-26T22:04:27Z' progress=1.000000 cache=0.3MiB(1051txo)
2025-10-26T22:04:27Z Saw new header hash=3e1ac757b39e593634b3cecd6d50e8aecf407e8f514d37521077594fad6fc8c7 height=351
2025-10-26T22:04:27Z Saw new cmpctblock header hash=3e1ac757b39e593634b3cecd6d50e8aecf407e8f514d37521077594fad6fc8c7 peer=0
2025-10-26T22:04:27Z UpdateTip: new best=3e1ac757b39e593634b3cecd6d50e8aecf407e8f514d37521077594fad6fc8c7 height=351 version=0x30000000 log2_work=9.459432 tx=2751 date='2025-10-26T22:04:27Z' progress=1.000000 cache=0.3MiB(1052txo)
2025-10-26T22:04:27Z Saw new header hash=7d4dea5ab8c321cb35c10a4e09ad09c3433757fc7b95146d3c65c9dfbb01689f height=352
2025-10-26T22:04:27Z Saw new cmpctblock header hash=7d4dea5ab8c321cb35c10a4e09ad09c3433757fc7b95146d3c65c9dfbb01689f peer=2
2025-10-26T22:04:27Z UpdateTip: new best=7d4dea5ab8c321cb35c10a4e09ad09c3433757fc7b95146d3c65c9dfbb01689f height=352 version=0x30000000 log2_work=9.463524 tx=2752 date='2025-10-26T22:04:27Z' progress=1.000000 cache=0.3MiB(1053txo)
2025-10-26T22:04:27Z Saw new header hash=04e439e085d8ba20679a2c032da7d48240db11f3c0bc602d164b880f7183024c height=353
2025-10-26T22:04:27Z Saw new cmpctblock header hash=04e439e085d8ba20679a2c032da7d48240db11f3c0bc602d164b880f7183024c peer=2
2025-10-26T22:04:27Z UpdateTip: new best=04e439e085d8ba20679a2c032da7d48240db11f3c0bc602d164b880f7183024c height=353 version=0x30000000 log2_work=9.467606 tx=2753 date='2025-10-26T22:04:27Z' progress=1.000000 cache=0.3MiB(1054txo)
2025-10-26T22:04:27Z Saw new header hash=514ab5212c58c89239aa46efa583ab088bde7f04628e30c459e3844b6b08337a height=354
2025-10-26T22:04:27Z Saw new cmpctblock header hash=514ab5212c58c89239aa46efa583ab088bde7f04628e30c459e3844b6b08337a peer=0
2025-10-26T22:04:27Z UpdateTip: new best=514ab5212c58c89239aa46efa583ab088bde7f04628e30c459e3844b6b08337a height=354 version=0x30000000 log2_work=9.471675 tx=2754 date='2025-10-26T22:04:27Z' progress=1.000000 cache=0.3MiB(1055txo)
2025-10-26T22:04:27Z Saw new header hash=0a869ad66ea51cfe8d9ba112e96d96400c0fad4a9a3c69fc114a0d3ead66c2d3 height=355
2025-10-26T22:04:27Z Saw new cmpctblock header hash=0a869ad66ea51cfe8d9ba112e96d96400c0fad4a9a3c69fc114a0d3ead66c2d3 peer=2
2025-10-26T22:04:27Z UpdateTip: new best=0a869ad66ea51cfe8d9ba112e96d96400c0fad4a9a3c69fc114a0d3ead66c2d3 height=355 version=0x30000000 log2_work=9.475733 tx=2755 date='2025-10-26T22:04:27Z' progress=1.000000 cache=0.3MiB(1056txo)
2025-10-26T22:04:27Z Saw new header hash=372d896f81f10645937ae99e5a3bb00156bb85ce3382ab5e000e62d0c16a0ca8 height=356
2025-10-26T22:04:27Z Saw new cmpctblock header hash=372d896f81f10645937ae99e5a3bb00156bb85ce3382ab5e000e62d0c16a0ca8 peer=2
2025-10-26T22:04:27Z UpdateTip: new best=372d896f81f10645937ae99e5a3bb00156bb85ce3382ab5e000e62d0c16a0ca8 height=356 version=0x30000000 log2_work=9.479780 tx=2756 date='2025-10-26T22:04:28Z' progress=1.000000 cache=0.3MiB(1057txo)
2025-10-26T22:04:27Z Saw new header hash=292f63fe0e80c5f61f1f33fe27ba95330f0f3d303e05567f9cb81666fa1b4ef6 height=357
2025-10-26T22:04:27Z Saw new cmpctblock header hash=292f63fe0e80c5f61f1f33fe27ba95330f0f3d303e05567f9cb81666fa1b4ef6 peer=0
2025-10-26T22:04:27Z UpdateTip: new best=292f63fe0e80c5f61f1f33fe27ba95330f0f3d303e05567f9cb81666fa1b4ef6 height=357 version=0x30000000 log2_work=9.483816 tx=2757 date='2025-10-26T22:04:28Z' progress=1.000000 cache=0.3MiB(1058txo)
2025-10-26T22:04:27Z Saw new header hash=7ea581c366530d30726c0c551be684e8493c697a7e8d4d119a2f6660d62bfff7 height=358
2025-10-26T22:04:27Z Saw new cmpctblock header hash=7ea581c366530d30726c0c551be684e8493c697a7e8d4d119a2f6660d62bfff7 peer=0
2025-10-26T22:04:27Z UpdateTip: new best=7ea581c366530d30726c0c551be684e8493c697a7e8d4d119a2f6660d62bfff7 height=358 version=0x30000000 log2_work=9.487840 tx=2758 date='2025-10-26T22:04:28Z' progress=1.000000 cache=0.3MiB(1059txo)
2025-10-26T22:04:27Z Saw new header hash=121cbb3362065e60ee613bd7b0243331a3f57922a4ce2e7cc1f3e143671d9d06 height=359
2025-10-26T22:04:27Z Saw new cmpctblock header hash=121cbb3362065e60ee613bd7b0243331a3f57922a4ce2e7cc1f3e143671d9d06 peer=0
2025-10-26T22:04:27Z UpdateTip: new best=121cbb3362065e60ee613bd7b0243331a3f57922a4ce2e7cc1f3e143671d9d06 height=359 version=0x30000000 log2_work=9.491853 tx=2759 date='2025-10-26T22:04:28Z' progress=1.000000 cache=0.3MiB(1060txo)
2025-10-26T22:04:27Z Saw new header hash=141eef43aafd1fed39079a5d0bc833ca4038466a67317beb6c835c8b2af4f563 height=360
2025-10-26T22:04:27Z Saw new cmpctblock header hash=141eef43aafd1fed39079a5d0bc833ca4038466a67317beb6c835c8b2af4f563 peer=2
2025-10-26T22:04:27Z UpdateTip: new best=141eef43aafd1fed39079a5d0bc833ca4038466a67317beb6c835c8b2af4f563 height=360 version=0x30000000 log2_work=9.495855 tx=2760 date='2025-10-26T22:04:28Z' progress=1.000000 cache=0.3MiB(1061txo)
2025-10-26T22:04:27Z Saw new header hash=539f265f3a5ea6ede451f018a9542c530464c0f90c2cf584ef5440cc3ccb2d59 height=361
2025-10-26T22:04:27Z Saw new cmpctblock header hash=539f265f3a5ea6ede451f018a9542c530464c0f90c2cf584ef5440cc3ccb2d59 peer=0
2025-10-26T22:04:27Z UpdateTip: new best=539f265f3a5ea6ede451f018a9542c530464c0f90c2cf584ef5440cc3ccb2d59 height=361 version=0x30000000 log2_work=9.499846 tx=2761 date='2025-10-26T22:04:28Z' progress=1.000000 cache=0.3MiB(1062txo)
2025-10-26T22:04:27Z Saw new header hash=29207030ebdd9fc3c2519191a0fdb68c033012d56244817a7e2c34d5849be126 height=362
2025-10-26T22:04:27Z Saw new cmpctblock header hash=29207030ebdd9fc3c2519191a0fdb68c033012d56244817a7e2c34d5849be126 peer=0
2025-10-26T22:04:27Z UpdateTip: new best=29207030ebdd9fc3c2519191a0fdb68c033012d56244817a7e2c34d5849be126 height=362 version=0x30000000 log2_work=9.503826 tx=2762 date='2025-10-26T22:04:29Z' progress=1.000000 cache=0.3MiB(1063txo)
2025-10-26T22:04:27Z Saw new header hash=4ab8dd00ea9ae9e3a24c62dc07d7baf5eab2a6b732880acbed2dda8d93f8cdc6 height=363
2025-10-26T22:04:27Z Saw new cmpctblock header hash=4ab8dd00ea9ae9e3a24c62dc07d7baf5eab2a6b732880acbed2dda8d93f8cdc6 peer=2
2025-10-26T22:04:27Z UpdateTip: new best=4ab8dd00ea9ae9e3a24c62dc07d7baf5eab2a6b732880acbed2dda8d93f8cdc6 height=363 version=0x30000000 log2_work=9.507795 tx=2763 date='2025-10-26T22:04:29Z' progress=1.000000 cache=0.3MiB(1064txo)
2025-10-26T22:04:27Z Saw new header hash=6fc80618781db7f01cfe8ffca7753e33fa6d3813dac4f7c9b64d18d336d6d9c7 height=364
2025-10-26T22:04:27Z Saw new cmpctblock header hash=6fc80618781db7f01cfe8ffca7753e33fa6d3813dac4f7c9b64d18d336d6d9c7 peer=2
2025-10-26T22:04:27Z UpdateTip: new best=6fc80618781db7f01cfe8ffca7753e33fa6d3813dac4f7c9b64d18d336d6d9c7 height=364 version=0x30000000 log2_work=9.511753 tx=2764 date='2025-10-26T22:04:29Z' progress=1.000000 cache=0.3MiB(1065txo)
2025-10-26T22:04:27Z Saw new header hash=2a0de31c4d4463ea08f3aa5d2bbd92ea58197ab3898f1a12ee0cacace7732b34 height=365
2025-10-26T22:04:27Z Saw new cmpctblock header hash=2a0de31c4d4463ea08f3aa5d2bbd92ea58197ab3898f1a12ee0cacace7732b34 peer=2
2025-10-26T22:04:27Z UpdateTip: new best=2a0de31c4d4463ea08f3aa5d2bbd92ea58197ab3898f1a12ee0cacace7732b34 height=365 version=0x30000000 log2_work=9.515700 tx=2765 date='2025-10-26T22:04:29Z' progress=1.000000 cache=0.3MiB(1066txo)
2025-10-26T22:04:27Z Saw new header hash=6ae07d2335f23cff2ffb377c3ad944d9586e8905512a0f739cf08fb556f6a304 height=366
2025-10-26T22:04:27Z Saw new cmpctblock header hash=6ae07d2335f23cff2ffb377c3ad944d9586e8905512a0f739cf08fb556f6a304 peer=0
2025-10-26T22:04:27Z UpdateTip: new best=6ae07d2335f23cff2ffb377c3ad944d9586e8905512a0f739cf08fb556f6a304 height=366 version=0x30000000 log2_work=9.519636 tx=2766 date='2025-10-26T22:04:29Z' progress=1.000000 cache=0.3MiB(1067txo)
2025-10-26T22:04:27Z Saw new header hash=17c96654bfea02e3686bfded440e27bd2445bd77953fa2275d1502cb14050680 height=367
2025-10-26T22:04:27Z Saw new cmpctblock header hash=17c96654bfea02e3686bfded440e27bd2445bd77953fa2275d1502cb14050680 peer=0
2025-10-26T22:04:27Z UpdateTip: new best=17c96654bfea02e3686bfded440e27bd2445bd77953fa2275d1502cb14050680 height=367 version=0x30000000 log2_work=9.523562 tx=2767 date='2025-10-26T22:04:29Z' progress=1.000000 cache=0.3MiB(1068txo)
2025-10-26T22:04:27Z Saw new header hash=443826ad187724a94aea62fc785ef210f211052163c43331a41a2e67ef810537 height=368
2025-10-26T22:04:27Z Saw new cmpctblock header hash=443826ad187724a94aea62fc785ef210f211052163c43331a41a2e67ef810537 peer=2
2025-10-26T22:04:27Z UpdateTip: new best=443826ad187724a94aea62fc785ef210f211052163c43331a41a2e67ef810537 height=368 version=0x30000000 log2_work=9.527477 tx=2768 date='2025-10-26T22:04:30Z' progress=1.000000 cache=0.3MiB(1069txo)
2025-10-26T22:04:27Z Saw new header hash=0c536e9be4ab5b4a807bf4972dbca48aa8dd38fea981d9f4eaacf7cb42d3d06b height=369
2025-10-26T22:04:27Z Saw new cmpctblock header hash=0c536e9be4ab5b4a807bf4972dbca48aa8dd38fea981d9f4eaacf7cb42d3d06b peer=0
2025-10-26T22:04:27Z UpdateTip: new best=0c536e9be4ab5b4a807bf4972dbca48aa8dd38fea981d9f4eaacf7cb42d3d06b height=369 version=0x30000000 log2_work=9.531381 tx=2769 date='2025-10-26T22:04:30Z' progress=1.000000 cache=0.3MiB(1070txo)
2025-10-26T22:04:27Z Saw new header hash=2f2a570f984f30b5476af298dbd3c817d2fde6bfa46498a6d6c606ba44d5d111 height=370
2025-10-26T22:04:27Z Saw new cmpctblock header hash=2f2a570f984f30b5476af298dbd3c817d2fde6bfa46498a6d6c606ba44d5d111 peer=0
2025-10-26T22:04:27Z UpdateTip: new best=2f2a570f984f30b5476af298dbd3c817d2fde6bfa46498a6d6c606ba44d5d111 height=370 version=0x30000000 log2_work=9.535275 tx=2770 date='2025-10-26T22:04:30Z' progress=1.000000 cache=0.3MiB(1071txo)
2025-10-26T22:04:27Z Saw new header hash=2bf470b6c4bb7b75c3c0e70844a8ad1d34c558f995b127b9aada602f30c96a69 height=371
2025-10-26T22:04:27Z Saw new cmpctblock header hash=2bf470b6c4bb7b75c3c0e70844a8ad1d34c558f995b127b9aada602f30c96a69 peer=2
2025-10-26T22:04:27Z UpdateTip: new best=2bf470b6c4bb7b75c3c0e70844a8ad1d34c558f995b127b9aada602f30c96a69 height=371 version=0x30000000 log2_work=9.539159 tx=2771 date='2025-10-26T22:04:30Z' progress=1.000000 cache=0.3MiB(1072txo)
2025-10-26T22:04:27Z Saw new header hash=57f706a267571dc6e733ae2a9140953f64684f6162737bf33314f11fc971bb6a height=372
2025-10-26T22:04:27Z Saw new cmpctblock header hash=57f706a267571dc6e733ae2a9140953f64684f6162737bf33314f11fc971bb6a peer=0
2025-10-26T22:04:27Z UpdateTip: new best=57f706a267571dc6e733ae2a9140953f64684f6162737bf33314f11fc971bb6a height=372 version=0x30000000 log2_work=9.543032 tx=2772 date='2025-10-26T22:04:30Z' progress=1.000000 cache=0.3MiB(1073txo)
2025-10-26T22:04:27Z Saw new header hash=01b0a4a4e9570afae01da8929579a10aec54f54b5dd5f5aa71ef84a75f3910cd height=373
2025-10-26T22:04:27Z Saw new cmpctblock header hash=01b0a4a4e9570afae01da8929579a10aec54f54b5dd5f5aa71ef84a75f3910cd peer=0
2025-10-26T22:04:27Z UpdateTip: new best=01b0a4a4e9570afae01da8929579a10aec54f54b5dd5f5aa71ef84a75f3910cd height=373 version=0x30000000 log2_work=9.546894 tx=2773 date='2025-10-26T22:04:30Z' progress=1.000000 cache=0.3MiB(1074txo)
2025-10-26T22:04:27Z Saw new header hash=547d94574079bb47d3f9988372879498c0571b7ae59fce980be7f8f11cc8c52a height=374
2025-10-26T22:04:27Z Saw new cmpctblock header hash=547d94574079bb47d3f9988372879498c0571b7ae59fce980be7f8f11cc8c52a peer=2
2025-10-26T22:04:27Z UpdateTip: new best=547d94574079bb47d3f9988372879498c0571b7ae59fce980be7f8f11cc8c52a height=374 version=0x30000000 log2_work=9.550747 tx=2774 date='2025-10-26T22:04:31Z' progress=1.000000 cache=0.3MiB(1075txo)
2025-10-26T22:04:27Z Saw new header hash=77b7f8865c08b104e65b2aecedc6e2f3cb607f21751bc5367ac5afa9f94d1c0c height=375
2025-10-26T22:04:27Z Saw new cmpctblock header hash=77b7f8865c08b104e65b2aecedc6e2f3cb607f21751bc5367ac5afa9f94d1c0c peer=2
2025-10-26T22:04:27Z UpdateTip: new best=77b7f8865c08b104e65b2aecedc6e2f3cb607f21751bc5367ac5afa9f94d1c0c height=375 version=0x30000000 log2_work=9.554589 tx=2775 date='2025-10-26T22:04:31Z' progress=1.000000 cache=0.3MiB(1076txo)
2025-10-26T22:04:27Z Saw new header hash=5f63e88bab25db5ccc86e7c9d4ff970123439c36f671f5e77e85935ccf7370d4 height=376
2025-10-26T22:04:27Z Saw new cmpctblock header hash=5f63e88bab25db5ccc86e7c9d4ff970123439c36f671f5e77e85935ccf7370d4 peer=0
2025-10-26T22:04:27Z UpdateTip: new best=5f63e88bab25db5ccc86e7c9d4ff970123439c36f671f5e77e85935ccf7370d4 height=376 version=0x30000000 log2_work=9.558421 tx=2776 date='2025-10-26T22:04:31Z' progress=1.000000 cache=0.3MiB(1077txo)
2025-10-26T22:04:27Z Saw new header hash=47a3476b6a67151ef13018d3a87d3e2d39ea2a0c3a88274d92cc6c15f5c7cfe4 height=377
2025-10-26T22:04:27Z Saw new cmpctblock header hash=47a3476b6a67151ef13018d3a87d3e2d39ea2a0c3a88274d92cc6c15f5c7cfe4 peer=0
2025-10-26T22:04:27Z UpdateTip: new best=47a3476b6a67151ef13018d3a87d3e2d39ea2a0c3a88274d92cc6c15f5c7cfe4 height=377 version=0x30000000 log2_work=9.562242 tx=2777 date='2025-10-26T22:04:31Z' progress=1.000000 cache=0.3MiB(1078txo)
2025-10-26T22:04:27Z Saw new header hash=232233fa1cc7fa550aa6f67b6c49fddc3dcea0fa2e58c57c83dfcf0bb8684332 height=378
2025-10-26T22:04:27Z Saw new cmpctblock header hash=232233fa1cc7fa550aa6f67b6c49fddc3dcea0fa2e58c57c83dfcf0bb8684332 peer=2
2025-10-26T22:04:27Z UpdateTip: new best=232233fa1cc7fa550aa6f67b6c49fddc3dcea0fa2e58c57c83dfcf0bb8684332 height=378 version=0x30000000 log2_work=9.566054 tx=2778 date='2025-10-26T22:04:31Z' progress=1.000000 cache=0.3MiB(1079txo)
2025-10-26T22:04:27Z Saw new header hash=700cfa7553fd2477edcf054ca63970346b28d56039e1fb95adda060393c4418d height=379
2025-10-26T22:04:27Z Saw new cmpctblock header hash=700cfa7553fd2477edcf054ca63970346b28d56039e1fb95adda060393c4418d peer=0
2025-10-26T22:04:27Z UpdateTip: new best=700cfa7553fd2477edcf054ca63970346b28d56039e1fb95adda060393c4418d height=379 version=0x30000000 log2_work=9.569856 tx=2779 date='2025-10-26T22:04:31Z' progress=1.000000 cache=0.3MiB(1080txo)
2025-10-26T22:04:27Z Saw new header hash=7bbfa8a15a0f42411961d62489790dbcd3877fc47ea824f0fec060fe391b582d height=380
2025-10-26T22:04:27Z Saw new cmpctblock header hash=7bbfa8a15a0f42411961d62489790dbcd3877fc47ea824f0fec060fe391b582d peer=0
2025-10-26T22:04:27Z UpdateTip: new best=7bbfa8a15a0f42411961d62489790dbcd3877fc47ea824f0fec060fe391b582d height=380 version=0x30000000 log2_work=9.573647 tx=2780 date='2025-10-26T22:04:32Z' progress=1.000000 cache=0.3MiB(1081txo)
2025-10-26T22:04:27Z Saw new header hash=6229b4aac616b9d2a7f9b78cfd9773b78123f9f21052aba4452f1a9f8fc37ebe height=381
2025-10-26T22:04:27Z Saw new cmpctblock header hash=6229b4aac616b9d2a7f9b78cfd9773b78123f9f21052aba4452f1a9f8fc37ebe peer=2
2025-10-26T22:04:27Z UpdateTip: new best=6229b4aac616b9d2a7f9b78cfd9773b78123f9f21052aba4452f1a9f8fc37ebe height=381 version=0x30000000 log2_work=9.577429 tx=2781 date='2025-10-26T22:04:32Z' progress=1.000000 cache=0.3MiB(1082txo)
2025-10-26T22:04:27Z Saw new header hash=38a4e805d1b5a1ba8ddc66c1addc5c376feb124865a62bcdd4d3dfeeedca99b8 height=382
2025-10-26T22:04:27Z Saw new cmpctblock header hash=38a4e805d1b5a1ba8ddc66c1addc5c376feb124865a62bcdd4d3dfeeedca99b8 peer=0
2025-10-26T22:04:27Z UpdateTip: new best=38a4e805d1b5a1ba8ddc66c1addc5c376feb124865a62bcdd4d3dfeeedca99b8 height=382 version=0x30000000 log2_work=9.581201 tx=2782 date='2025-10-26T22:04:32Z' progress=1.000000 cache=0.3MiB(1083txo)
2025-10-26T22:04:27Z Saw new header hash=22df5b7d566022f216279c21ba853d701513e540bc47dace89fb80c635c331e6 height=383
2025-10-26T22:04:27Z Saw new cmpctblock header hash=22df5b7d566022f216279c21ba853d701513e540bc47dace89fb80c635c331e6 peer=2
2025-10-26T22:04:27Z UpdateTip: new best=22df5b7d566022f216279c21ba853d701513e540bc47dace89fb80c635c331e6 height=383 version=0x30000000 log2_work=9.584963 tx=2783 date='2025-10-26T22:04:32Z' progress=1.000000 cache=0.3MiB(1084txo)
2025-10-26T22:04:27Z Saw new header hash=0a5ae363a0813f867cff6826664799f9ea0f759481edefa2e16f8d794a98e3a4 height=384
2025-10-26T22:04:27Z Saw new cmpctblock header hash=0a5ae363a0813f867cff6826664799f9ea0f759481edefa2e16f8d794a98e3a4 peer=0
2025-10-26T22:04:27Z UpdateTip: new best=0a5ae363a0813f867cff6826664799f9ea0f759481edefa2e16f8d794a98e3a4 height=384 version=0x30000000 log2_work=9.588715 tx=2784 date='2025-10-26T22:04:32Z' progress=1.000000 cache=0.3MiB(1085txo)
2025-10-26T22:04:27Z Saw new header hash=0c630f30e1f5009c7faa61c978dcb3b22d9c114ba371e6870e16df4f2cd68f77 height=385
2025-10-26T22:04:27Z Saw new cmpctblock header hash=0c630f30e1f5009c7faa61c978dcb3b22d9c114ba371e6870e16df4f2cd68f77 peer=0
2025-10-26T22:04:27Z UpdateTip: new best=0c630f30e1f5009c7faa61c978dcb3b22d9c114ba371e6870e16df4f2cd68f77 height=385 version=0x30000000 log2_work=9.592457 tx=2785 date='2025-10-26T22:04:32Z' progress=1.000000 cache=0.3MiB(1086txo)
2025-10-26T22:04:27Z Saw new header hash=20c5380ba0c6e04122cecd5dc42816a6aa377eacf4f73c02d81ffb0b05920a6e height=386
2025-10-26T22:04:27Z Saw new cmpctblock header hash=20c5380ba0c6e04122cecd5dc42816a6aa377eacf4f73c02d81ffb0b05920a6e peer=0
2025-10-26T22:04:28Z UpdateTip: new best=20c5380ba0c6e04122cecd5dc42816a6aa377eacf4f73c02d81ffb0b05920a6e height=386 version=0x30000000 log2_work=9.596190 tx=2786 date='2025-10-26T22:04:33Z' progress=1.000000 cache=0.3MiB(1087txo)
2025-10-26T22:04:28Z Saw new header hash=2b5f3c18d0471d6f8333c1afd5719304a6d9ab363add9a57b57e691d4fa4f81c height=387
2025-10-26T22:04:28Z Saw new cmpctblock header hash=2b5f3c18d0471d6f8333c1afd5719304a6d9ab363add9a57b57e691d4fa4f81c peer=0
2025-10-26T22:04:28Z UpdateTip: new best=2b5f3c18d0471d6f8333c1afd5719304a6d9ab363add9a57b57e691d4fa4f81c height=387 version=0x30000000 log2_work=9.599913 tx=2787 date='2025-10-26T22:04:33Z' progress=1.000000 cache=0.3MiB(1088txo)
2025-10-26T22:04:28Z Saw new header hash=1db80101dd67228c2bc414ea84d2c4fd5e83fdec61a2bb023bc38ab5ed509948 height=388
2025-10-26T22:04:28Z Saw new cmpctblock header hash=1db80101dd67228c2bc414ea84d2c4fd5e83fdec61a2bb023bc38ab5ed509948 peer=0
2025-10-26T22:04:28Z UpdateTip: new best=1db80101dd67228c2bc414ea84d2c4fd5e83fdec61a2bb023bc38ab5ed509948 height=388 version=0x30000000 log2_work=9.603626 tx=2788 date='2025-10-26T22:04:33Z' progress=1.000000 cache=0.3MiB(1089txo)
2025-10-26T22:04:28Z Saw new header hash=4b8214de322741da3092f113d4cf40dbaf773400f854958e056a8fa72416b470 height=389
2025-10-26T22:04:28Z Saw new cmpctblock header hash=4b8214de322741da3092f113d4cf40dbaf773400f854958e056a8fa72416b470 peer=2
2025-10-26T22:04:28Z UpdateTip: new best=4b8214de322741da3092f113d4cf40dbaf773400f854958e056a8fa72416b470 height=389 version=0x30000000 log2_work=9.607330 tx=2789 date='2025-10-26T22:04:33Z' progress=1.000000 cache=0.3MiB(1090txo)
2025-10-26T22:04:28Z Saw new header hash=1ae800ef1d6a03a13055a7f31be405712f87c17b0ff6e9118f2f3422ff969adc height=390
2025-10-26T22:04:28Z Saw new cmpctblock header hash=1ae800ef1d6a03a13055a7f31be405712f87c17b0ff6e9118f2f3422ff969adc peer=0
2025-10-26T22:04:28Z UpdateTip: new best=1ae800ef1d6a03a13055a7f31be405712f87c17b0ff6e9118f2f3422ff969adc height=390 version=0x30000000 log2_work=9.611025 tx=2790 date='2025-10-26T22:04:33Z' progress=1.000000 cache=0.3MiB(1091txo)
2025-10-26T22:04:28Z Saw new header hash=466f062b24da2ad11ca9fef15b5f218facb038ed1850a86f9dbea0f5364e0022 height=391
2025-10-26T22:04:28Z Saw new cmpctblock header hash=466f062b24da2ad11ca9fef15b5f218facb038ed1850a86f9dbea0f5364e0022 peer=2
2025-10-26T22:04:28Z UpdateTip: new best=466f062b24da2ad11ca9fef15b5f218facb038ed1850a86f9dbea0f5364e0022 height=391 version=0x30000000 log2_work=9.614710 tx=2791 date='2025-10-26T22:04:33Z' progress=1.000000 cache=0.3MiB(1092txo)
2025-10-26T22:04:28Z Saw new header hash=521224a517326a4828a5da96ade555bc91b7595a93ad14247f796eca20b8afcf height=392
2025-10-26T22:04:28Z Saw new cmpctblock header hash=521224a517326a4828a5da96ade555bc91b7595a93ad14247f796eca20b8afcf peer=2
2025-10-26T22:04:28Z UpdateTip: new best=521224a517326a4828a5da96ade555bc91b7595a93ad14247f796eca20b8afcf height=392 version=0x30000000 log2_work=9.618386 tx=2792 date='2025-10-26T22:04:34Z' progress=1.000000 cache=0.3MiB(1093txo)
2025-10-26T22:04:28Z Saw new header hash=0daa4ad4b65f5587a69721ebc72b04a38ed80ccd8f73313e39e25ea19baa3208 height=393
2025-10-26T22:04:28Z Saw new cmpctblock header hash=0daa4ad4b65f5587a69721ebc72b04a38ed80ccd8f73313e39e25ea19baa3208 peer=2
2025-10-26T22:04:28Z UpdateTip: new best=0daa4ad4b65f5587a69721ebc72b04a38ed80ccd8f73313e39e25ea19baa3208 height=393 version=0x30000000 log2_work=9.622052 tx=2793 date='2025-10-26T22:04:34Z' progress=1.000000 cache=0.3MiB(1094txo)
2025-10-26T22:04:28Z Saw new header hash=443edbf7fc3dade34741332d3aeef9bf34e079c3aa546f405ab1f161ad26324a height=394
2025-10-26T22:04:28Z Saw new cmpctblock header hash=443edbf7fc3dade34741332d3aeef9bf34e079c3aa546f405ab1f161ad26324a peer=0
2025-10-26T22:04:28Z UpdateTip: new best=443edbf7fc3dade34741332d3aeef9bf34e079c3aa546f405ab1f161ad26324a height=394 version=0x30000000 log2_work=9.625709 tx=2794 date='2025-10-26T22:04:34Z' progress=1.000000 cache=0.3MiB(1095txo)
2025-10-26T22:04:28Z Saw new header hash=379ee51577addcb2873ed0e5ad321dd99c00b0056940b0fdc8a4e7f4908631ac height=395
2025-10-26T22:04:28Z Saw new cmpctblock header hash=379ee51577addcb2873ed0e5ad321dd99c00b0056940b0fdc8a4e7f4908631ac peer=0
2025-10-26T22:04:28Z UpdateTip: new best=379ee51577addcb2873ed0e5ad321dd99c00b0056940b0fdc8a4e7f4908631ac height=395 version=0x30000000 log2_work=9.629357 tx=2795 date='2025-10-26T22:04:34Z' progress=1.000000 cache=0.3MiB(1096txo)
2025-10-26T22:04:28Z Saw new header hash=2e08b839804625ab332f3c9be7faa2cb18ad125e117603c9ad821ee2e5f9e3fb height=396
2025-10-26T22:04:28Z Saw new cmpctblock header hash=2e08b839804625ab332f3c9be7faa2cb18ad125e117603c9ad821ee2e5f9e3fb peer=0
2025-10-26T22:04:28Z UpdateTip: new best=2e08b839804625ab332f3c9be7faa2cb18ad125e117603c9ad821ee2e5f9e3fb height=396 version=0x30000000 log2_work=9.632995 tx=2796 date='2025-10-26T22:04:34Z' progress=1.000000 cache=0.3MiB(1097txo)
2025-10-26T22:04:28Z Saw new header hash=40105cfd880f456cfeaf9ba778d847a24f4d35e1afadc174191ee81299cb97df height=397
2025-10-26T22:04:28Z Saw new cmpctblock header hash=40105cfd880f456cfeaf9ba778d847a24f4d35e1afadc174191ee81299cb97df peer=2
2025-10-26T22:04:28Z UpdateTip: new best=40105cfd880f456cfeaf9ba778d847a24f4d35e1afadc174191ee81299cb97df height=397 version=0x30000000 log2_work=9.636625 tx=2797 date='2025-10-26T22:04:34Z' progress=1.000000 cache=0.3MiB(1098txo)
2025-10-26T22:04:28Z Saw new header hash=58070d609881a9aa299a1cc728fa7e283c053aa89498360cb5f914eba30fc9d8 height=398
2025-10-26T22:04:28Z Saw new cmpctblock header hash=58070d609881a9aa299a1cc728fa7e283c053aa89498360cb5f914eba30fc9d8 peer=2
2025-10-26T22:04:28Z UpdateTip: new best=58070d609881a9aa299a1cc728fa7e283c053aa89498360cb5f914eba30fc9d8 height=398 version=0x30000000 log2_work=9.640245 tx=2798 date='2025-10-26T22:04:35Z' progress=1.000000 cache=0.3MiB(1099txo)
2025-10-26T22:04:28Z Saw new header hash=5746c991f57cfbe9b8852058289c2160cb816e6488777600931879efc19abe77 height=399
2025-10-26T22:04:28Z Saw new cmpctblock header hash=5746c991f57cfbe9b8852058289c2160cb816e6488777600931879efc19abe77 peer=2
2025-10-26T22:04:28Z UpdateTip: new best=5746c991f57cfbe9b8852058289c2160cb816e6488777600931879efc19abe77 height=399 version=0x30000000 log2_work=9.643856 tx=2799 date='2025-10-26T22:04:35Z' progress=1.000000 cache=0.3MiB(1100txo)
2025-10-26T22:04:28Z Saw new header hash=46bc9658386e40f5554352a01f2982b61824834ae76b06da268a5602b776e418 height=400
2025-10-26T22:04:28Z Saw new cmpctblock header hash=46bc9658386e40f5554352a01f2982b61824834ae76b06da268a5602b776e418 peer=0
2025-10-26T22:04:28Z UpdateTip: new best=46bc9658386e40f5554352a01f2982b61824834ae76b06da268a5602b776e418 height=400 version=0x30000000 log2_work=9.647458 tx=2800 date='2025-10-26T22:04:35Z' progress=1.000000 cache=0.3MiB(1101txo)
2025-10-26T22:04:29Z Saw new header hash=49909b91060c912ba0160a5919396fe1b380de31f5e0d9e3e7bd6528da56f1e6 height=401
2025-10-26T22:04:29Z Saw new cmpctblock header hash=49909b91060c912ba0160a5919396fe1b380de31f5e0d9e3e7bd6528da56f1e6 peer=2
2025-10-26T22:04:29Z UpdateTip: new best=49909b91060c912ba0160a5919396fe1b380de31f5e0d9e3e7bd6528da56f1e6 height=401 version=0x30000000 log2_work=9.651052 tx=2801 date='2025-10-26T22:04:35Z' progress=1.000000 cache=0.3MiB(1102txo)
2025-10-26T22:04:29Z Saw new header hash=3311ca4db66a9aca045f7682ba4f375810b974171c19a84743bde70ba9e33192 height=402
2025-10-26T22:04:29Z Saw new cmpctblock header hash=3311ca4db66a9aca045f7682ba4f375810b974171c19a84743bde70ba9e33192 peer=0
2025-10-26T22:04:29Z UpdateTip: new best=3311ca4db66a9aca045f7682ba4f375810b974171c19a84743bde70ba9e33192 height=402 version=0x30000000 log2_work=9.654636 tx=2802 date='2025-10-26T22:04:35Z' progress=1.000000 cache=0.3MiB(1103txo)
2025-10-26T22:04:29Z Saw new header hash=22b3818cbf4274d5531762d3a9145fa15d0f44ac83026d62fd3e4e722471974f height=403
2025-10-26T22:04:29Z Saw new cmpctblock header hash=22b3818cbf4274d5531762d3a9145fa15d0f44ac83026d62fd3e4e722471974f peer=2
2025-10-26T22:04:29Z UpdateTip: new best=22b3818cbf4274d5531762d3a9145fa15d0f44ac83026d62fd3e4e722471974f height=403 version=0x30000000 log2_work=9.658211 tx=2803 date='2025-10-26T22:04:35Z' progress=1.000000 cache=0.3MiB(1104txo)
2025-10-26T22:04:29Z Saw new header hash=5493f348050bb56f68478105292e4e6e9f8d581ef8cb565bdaf97c2639398743 height=404
2025-10-26T22:04:29Z Saw new cmpctblock header hash=5493f348050bb56f68478105292e4e6e9f8d581ef8cb565bdaf97c2639398743 peer=0
2025-10-26T22:04:29Z UpdateTip: new best=5493f348050bb56f68478105292e4e6e9f8d581ef8cb565bdaf97c2639398743 height=404 version=0x30000000 log2_work=9.661778 tx=2804 date='2025-10-26T22:04:36Z' progress=1.000000 cache=0.3MiB(1105txo)
2025-10-26T22:04:29Z Saw new header hash=5d19c7bdd9b74ac367c3272b1b68c2f72efbec88d45dd609204a7781bc69163f height=405
2025-10-26T22:04:29Z Saw new cmpctblock header hash=5d19c7bdd9b74ac367c3272b1b68c2f72efbec88d45dd609204a7781bc69163f peer=0
2025-10-26T22:04:29Z UpdateTip: new best=5d19c7bdd9b74ac367c3272b1b68c2f72efbec88d45dd609204a7781bc69163f height=405 version=0x30000000 log2_work=9.665336 tx=2805 date='2025-10-26T22:04:36Z' progress=1.000000 cache=0.3MiB(1106txo)
2025-10-26T22:04:29Z Saw new header hash=0f3656df0a309448301d6ea4c7da6383a10744bdba224a051298c21eff7b78b4 height=406
2025-10-26T22:04:29Z Saw new cmpctblock header hash=0f3656df0a309448301d6ea4c7da6383a10744bdba224a051298c21eff7b78b4 peer=0
2025-10-26T22:04:29Z UpdateTip: new best=0f3656df0a309448301d6ea4c7da6383a10744bdba224a051298c21eff7b78b4 height=406 version=0x30000000 log2_work=9.668885 tx=2806 date='2025-10-26T22:04:36Z' progress=1.000000 cache=0.3MiB(1107txo)
2025-10-26T22:04:29Z Saw new header hash=44000e8460aca970622916de4b27dd7cb290c0ef9d3c1a3ad0af1b1ed8d48eab height=407
2025-10-26T22:04:29Z Saw new cmpctblock header hash=44000e8460aca970622916de4b27dd7cb290c0ef9d3c1a3ad0af1b1ed8d48eab peer=2
2025-10-26T22:04:29Z UpdateTip: new best=44000e8460aca970622916de4b27dd7cb290c0ef9d3c1a3ad0af1b1ed8d48eab height=407 version=0x30000000 log2_work=9.672425 tx=2807 date='2025-10-26T22:04:36Z' progress=1.000000 cache=0.3MiB(1108txo)
2025-10-26T22:04:29Z Saw new header hash=7ab9aab0abaf8216ebe0827326c8f777e1fc58e6741ebcb1a60f92652496584b height=408
2025-10-26T22:04:29Z Saw new cmpctblock header hash=7ab9aab0abaf8216ebe0827326c8f777e1fc58e6741ebcb1a60f92652496584b peer=0
2025-10-26T22:04:29Z UpdateTip: new best=7ab9aab0abaf8216ebe0827326c8f777e1fc58e6741ebcb1a60f92652496584b height=408 version=0x30000000 log2_work=9.675957 tx=2808 date='2025-10-26T22:04:36Z' progress=1.000000 cache=0.3MiB(1109txo)
2025-10-26T22:04:29Z Saw new header hash=2745071944c4fd6fdfc9ad8d9c2f36177d7b9e1719e6ebf84d77be285e1b57fd height=409
2025-10-26T22:04:29Z Saw new cmpctblock header hash=2745071944c4fd6fdfc9ad8d9c2f36177d7b9e1719e6ebf84d77be285e1b57fd peer=0
2025-10-26T22:04:29Z UpdateTip: new best=2745071944c4fd6fdfc9ad8d9c2f36177d7b9e1719e6ebf84d77be285e1b57fd height=409 version=0x30000000 log2_work=9.679480 tx=2809 date='2025-10-26T22:04:36Z' progress=1.000000 cache=0.3MiB(1110txo)
2025-10-26T22:04:29Z Saw new header hash=374e23311af13630b42f25c48ab563276fa158dce35f85a12d4589060120062b height=410
2025-10-26T22:04:29Z Saw new cmpctblock header hash=374e23311af13630b42f25c48ab563276fa158dce35f85a12d4589060120062b peer=0
2025-10-26T22:04:29Z UpdateTip: new best=374e23311af13630b42f25c48ab563276fa158dce35f85a12d4589060120062b height=410 version=0x30000000 log2_work=9.682995 tx=2810 date='2025-10-26T22:04:37Z' progress=1.000000 cache=0.3MiB(1111txo)
2025-10-26T22:04:29Z Saw new header hash=346b710dee47ff1a2a0bd51314585d27bee2958f86ffbe86af5619d994a824b5 height=411
2025-10-26T22:04:29Z Saw new cmpctblock header hash=346b710dee47ff1a2a0bd51314585d27bee2958f86ffbe86af5619d994a824b5 peer=2
2025-10-26T22:04:29Z UpdateTip: new best=346b710dee47ff1a2a0bd51314585d27bee2958f86ffbe86af5619d994a824b5 height=411 version=0x30000000 log2_work=9.686501 tx=2811 date='2025-10-26T22:04:37Z' progress=1.000000 cache=0.3MiB(1112txo)
2025-10-26T22:04:29Z Saw new header hash=67789c789d7a167b154f09a0ee071390b88415773fffbf194a56fa511db716bd height=412
2025-10-26T22:04:29Z Saw new cmpctblock header hash=67789c789d7a167b154f09a0ee071390b88415773fffbf194a56fa511db716bd peer=0
2025-10-26T22:04:29Z UpdateTip: new best=67789c789d7a167b154f09a0ee071390b88415773fffbf194a56fa511db716bd height=412 version=0x30000000 log2_work=9.689998 tx=2812 date='2025-10-26T22:04:37Z' progress=1.000000 cache=0.3MiB(1113txo)
2025-10-26T22:04:30Z Saw new header hash=24f9118c809d91fc2608cf5873881ce3274f71d7da8ab86de9d031a26b5dc494 height=413
2025-10-26T22:04:30Z Saw new cmpctblock header hash=24f9118c809d91fc2608cf5873881ce3274f71d7da8ab86de9d031a26b5dc494 peer=0
2025-10-26T22:04:30Z UpdateTip: new best=24f9118c809d91fc2608cf5873881ce3274f71d7da8ab86de9d031a26b5dc494 height=413 version=0x30000000 log2_work=9.693487 tx=2813 date='2025-10-26T22:04:37Z' progress=1.000000 cache=0.3MiB(1114txo)
2025-10-26T22:04:30Z Saw new header hash=6394ca3b4ed88ffd3235e83b87111f7991642dd9191592ade284f697ea215f60 height=414
2025-10-26T22:04:30Z Saw new cmpctblock header hash=6394ca3b4ed88ffd3235e83b87111f7991642dd9191592ade284f697ea215f60 peer=2
2025-10-26T22:04:30Z UpdateTip: new best=6394ca3b4ed88ffd3235e83b87111f7991642dd9191592ade284f697ea215f60 height=414 version=0x30000000 log2_work=9.696968 tx=2814 date='2025-10-26T22:04:37Z' progress=1.000000 cache=0.3MiB(1115txo)
2025-10-26T22:04:30Z Saw new header hash=3ef2273f3b505eb9de849c33d93e2280371bb1e0f53a96887f600bf8477f9afa height=415
2025-10-26T22:04:30Z Saw new cmpctblock header hash=3ef2273f3b505eb9de849c33d93e2280371bb1e0f53a96887f600bf8477f9afa peer=0
2025-10-26T22:04:30Z UpdateTip: new best=3ef2273f3b505eb9de849c33d93e2280371bb1e0f53a96887f600bf8477f9afa height=415 version=0x30000000 log2_work=9.700440 tx=2815 date='2025-10-26T22:04:37Z' progress=1.000000 cache=0.3MiB(1116txo)
2025-10-26T22:04:30Z Saw new header hash=2d41ceacafa0b9bd8ee4e248a15eb0e87aac10f4167b4291b640737aac022e1b height=416
2025-10-26T22:04:30Z Saw new cmpctblock header hash=2d41ceacafa0b9bd8ee4e248a15eb0e87aac10f4167b4291b640737aac022e1b peer=0
2025-10-26T22:04:30Z UpdateTip: new best=2d41ceacafa0b9bd8ee4e248a15eb0e87aac10f4167b4291b640737aac022e1b height=416 version=0x30000000 log2_work=9.703904 tx=2816 date='2025-10-26T22:04:38Z' progress=1.000000 cache=0.3MiB(1117txo)
2025-10-26T22:04:30Z Saw new header hash=7984436ede21dfca3fb1abf0d43a2a564e71fe9093f5dab0f866b626f7c4eed8 height=417
2025-10-26T22:04:30Z Saw new cmpctblock header hash=7984436ede21dfca3fb1abf0d43a2a564e71fe9093f5dab0f866b626f7c4eed8 peer=0
2025-10-26T22:04:30Z UpdateTip: new best=7984436ede21dfca3fb1abf0d43a2a564e71fe9093f5dab0f866b626f7c4eed8 height=417 version=0x30000000 log2_work=9.707359 tx=2817 date='2025-10-26T22:04:38Z' progress=1.000000 cache=0.3MiB(1118txo)
2025-10-26T22:04:30Z Saw new header hash=26e0e518d4bee93aa02f05c33073c431bc48764d06ccac089cef9ddb19432c99 height=418
2025-10-26T22:04:30Z Saw new cmpctblock header hash=26e0e518d4bee93aa02f05c33073c431bc48764d06ccac089cef9ddb19432c99 peer=2
2025-10-26T22:04:30Z UpdateTip: new best=26e0e518d4bee93aa02f05c33073c431bc48764d06ccac089cef9ddb19432c99 height=418 version=0x30000000 log2_work=9.710806 tx=2818 date='2025-10-26T22:04:38Z' progress=1.000000 cache=0.3MiB(1119txo)
2025-10-26T22:04:30Z Saw new header hash=08b8c9617d9136eb721de3d0452028a1e547a3e6f2419a966514f31dc419193d height=419
2025-10-26T22:04:30Z Saw new cmpctblock header hash=08b8c9617d9136eb721de3d0452028a1e547a3e6f2419a966514f31dc419193d peer=0
2025-10-26T22:04:30Z UpdateTip: new best=08b8c9617d9136eb721de3d0452028a1e547a3e6f2419a966514f31dc419193d height=419 version=0x30000000 log2_work=9.714246 tx=2819 date='2025-10-26T22:04:38Z' progress=1.000000 cache=0.3MiB(1120txo)
2025-10-26T22:04:31Z Saw new header hash=78e4366cfbc852e8dd5952142f86f942fa2a8cacaeae29ff45123d88ca412452 height=420
2025-10-26T22:04:31Z Saw new cmpctblock header hash=78e4366cfbc852e8dd5952142f86f942fa2a8cacaeae29ff45123d88ca412452 peer=2
2025-10-26T22:04:31Z UpdateTip: new best=78e4366cfbc852e8dd5952142f86f942fa2a8cacaeae29ff45123d88ca412452 height=420 version=0x30000000 log2_work=9.717676 tx=2820 date='2025-10-26T22:04:38Z' progress=1.000000 cache=0.3MiB(1121txo)
2025-10-26T22:04:31Z Saw new header hash=609a09b81ae8debc22182f992f867322d3926d108509c256298b0027b2cd3018 height=421
2025-10-26T22:04:31Z Saw new cmpctblock header hash=609a09b81ae8debc22182f992f867322d3926d108509c256298b0027b2cd3018 peer=2
2025-10-26T22:04:31Z UpdateTip: new best=609a09b81ae8debc22182f992f867322d3926d108509c256298b0027b2cd3018 height=421 version=0x30000000 log2_work=9.721099 tx=2821 date='2025-10-26T22:04:38Z' progress=1.000000 cache=0.3MiB(1122txo)
2025-10-26T22:04:32Z Saw new header hash=3ef7acb889dfb324ec31d25b54030328858a4c1d7df27218552e245570b25e44 height=422
2025-10-26T22:04:32Z Saw new cmpctblock header hash=3ef7acb889dfb324ec31d25b54030328858a4c1d7df27218552e245570b25e44 peer=0
2025-10-26T22:04:32Z UpdateTip: new best=3ef7acb889dfb324ec31d25b54030328858a4c1d7df27218552e245570b25e44 height=422 version=0x30000000 log2_work=9.724514 tx=2822 date='2025-10-26T22:04:39Z' progress=1.000000 cache=0.3MiB(1123txo)
2025-10-26T22:04:32Z Saw new header hash=75aef0bbd5312b1b2e78efc0942ba7ae4cbc0da57f8c10297a12d6b1284f9f3e height=423
2025-10-26T22:04:32Z Saw new cmpctblock header hash=75aef0bbd5312b1b2e78efc0942ba7ae4cbc0da57f8c10297a12d6b1284f9f3e peer=0
2025-10-26T22:04:32Z UpdateTip: new best=75aef0bbd5312b1b2e78efc0942ba7ae4cbc0da57f8c10297a12d6b1284f9f3e height=423 version=0x30000000 log2_work=9.727920 tx=2823 date='2025-10-26T22:04:39Z' progress=1.000000 cache=0.3MiB(1124txo)
2025-10-26T22:04:32Z Saw new header hash=01799057d864c4b9181548a947938fa752f963333394708a79693d684999cfea height=424
2025-10-26T22:04:32Z Saw new cmpctblock header hash=01799057d864c4b9181548a947938fa752f963333394708a79693d684999cfea peer=0
2025-10-26T22:04:32Z UpdateTip: new best=01799057d864c4b9181548a947938fa752f963333394708a79693d684999cfea height=424 version=0x30000000 log2_work=9.731319 tx=2824 date='2025-10-26T22:04:39Z' progress=1.000000 cache=0.3MiB(1125txo)
2025-10-26T22:04:32Z Saw new header hash=6357ef06bb5fb9a9054bf2bb9674673dd0031c326bcc3b3d6e53c66d8fbbe377 height=425
2025-10-26T22:04:32Z Saw new cmpctblock header hash=6357ef06bb5fb9a9054bf2bb9674673dd0031c326bcc3b3d6e53c66d8fbbe377 peer=0
2025-10-26T22:04:32Z UpdateTip: new best=6357ef06bb5fb9a9054bf2bb9674673dd0031c326bcc3b3d6e53c66d8fbbe377 height=425 version=0x30000000 log2_work=9.734710 tx=2825 date='2025-10-26T22:04:39Z' progress=1.000000 cache=0.3MiB(1126txo)
2025-10-26T22:04:32Z Saw new header hash=5ac39108489f7fcd7954df4f0c63c0e957f342b3428ce4fd4afb270f30a26376 height=426
2025-10-26T22:04:32Z Saw new cmpctblock header hash=5ac39108489f7fcd7954df4f0c63c0e957f342b3428ce4fd4afb270f30a26376 peer=0
2025-10-26T22:04:32Z UpdateTip: new best=5ac39108489f7fcd7954df4f0c63c0e957f342b3428ce4fd4afb270f30a26376 height=426 version=0x30000000 log2_work=9.738092 tx=2826 date='2025-10-26T22:04:39Z' progress=1.000000 cache=0.3MiB(1127txo)
2025-10-26T22:04:32Z Saw new header hash=5c653af204fd04fc1ff87de5da7e88b538f10dc5cd7bc70cf452d19e7f1fad09 height=427
2025-10-26T22:04:32Z Saw new cmpctblock header hash=5c653af204fd04fc1ff87de5da7e88b538f10dc5cd7bc70cf452d19e7f1fad09 peer=2
2025-10-26T22:04:32Z UpdateTip: new best=5c653af204fd04fc1ff87de5da7e88b538f10dc5cd7bc70cf452d19e7f1fad09 height=427 version=0x30000000 log2_work=9.741467 tx=2827 date='2025-10-26T22:04:39Z' progress=1.000000 cache=0.3MiB(1128txo)
2025-10-26T22:04:32Z Saw new header hash=2071e45375d4fa0e8e09db8a6dadf025932cdc071ad19f92debaf3f84147c9d5 height=428
2025-10-26T22:04:32Z Saw new cmpctblock header hash=2071e45375d4fa0e8e09db8a6dadf025932cdc071ad19f92debaf3f84147c9d5 peer=2
2025-10-26T22:04:32Z UpdateTip: new best=2071e45375d4fa0e8e09db8a6dadf025932cdc071ad19f92debaf3f84147c9d5 height=428 version=0x30000000 log2_work=9.744834 tx=2828 date='2025-10-26T22:04:40Z' progress=1.000000 cache=0.3MiB(1129txo)
2025-10-26T22:04:32Z Saw new header hash=4743bbc40f888ff228dbe0913451bb98b9eb4ead92b66237eaa179f7c527462e height=429
2025-10-26T22:04:32Z Saw new cmpctblock header hash=4743bbc40f888ff228dbe0913451bb98b9eb4ead92b66237eaa179f7c527462e peer=2
2025-10-26T22:04:32Z UpdateTip: new best=4743bbc40f888ff228dbe0913451bb98b9eb4ead92b66237eaa179f7c527462e height=429 version=0x30000000 log2_work=9.748193 tx=2829 date='2025-10-26T22:04:40Z' progress=1.000000 cache=0.3MiB(1130txo)
2025-10-26T22:04:32Z Saw new header hash=109e95440c66b6d8dba7f767b417093a6166b48f4999ac8a61218874223ed9bf height=430
2025-10-26T22:04:32Z Saw new cmpctblock header hash=109e95440c66b6d8dba7f767b417093a6166b48f4999ac8a61218874223ed9bf peer=0
2025-10-26T22:04:32Z UpdateTip: new best=109e95440c66b6d8dba7f767b417093a6166b48f4999ac8a61218874223ed9bf height=430 version=0x30000000 log2_work=9.751544 tx=2830 date='2025-10-26T22:04:40Z' progress=1.000000 cache=0.3MiB(1131txo)
2025-10-26T22:04:33Z Saw new header hash=5c19e6286c07416ae7c1e791978c3d1ca84851448d056d69e9ff664a410a7890 height=431
2025-10-26T22:04:33Z Saw new cmpctblock header hash=5c19e6286c07416ae7c1e791978c3d1ca84851448d056d69e9ff664a410a7890 peer=0
2025-10-26T22:04:33Z UpdateTip: new best=5c19e6286c07416ae7c1e791978c3d1ca84851448d056d69e9ff664a410a7890 height=431 version=0x30000000 log2_work=9.754888 tx=2831 date='2025-10-26T22:04:40Z' progress=1.000000 cache=0.3MiB(1132txo)
2025-10-26T22:04:33Z Saw new header hash=254e10141fc3f6a8664dccd5c9a7eaf61907f557f2e5f1d2d799b55455e9e0bb height=432
2025-10-26T22:04:33Z Saw new cmpctblock header hash=254e10141fc3f6a8664dccd5c9a7eaf61907f557f2e5f1d2d799b55455e9e0bb peer=2
2025-10-26T22:04:33Z UpdateTip: new best=254e10141fc3f6a8664dccd5c9a7eaf61907f557f2e5f1d2d799b55455e9e0bb height=432 version=0x20000000 log2_work=9.758223 tx=2832 date='2025-10-26T22:04:40Z' progress=1.000000 cache=0.3MiB(1133txo)
2025-10-26T22:04:33Z Saw new header hash=47fdde322521ff84545e28ff821bf2ed16d034913ea939db5695b9a68b685b88 height=433
2025-10-26T22:04:33Z Saw new cmpctblock header hash=47fdde322521ff84545e28ff821bf2ed16d034913ea939db5695b9a68b685b88 peer=2
2025-10-26T22:04:33Z UpdateTip: new best=47fdde322521ff84545e28ff821bf2ed16d034913ea939db5695b9a68b685b88 height=433 version=0x20000000 log2_work=9.761551 tx=2833 date='2025-10-26T22:04:40Z' progress=1.000000 cache=0.3MiB(1134txo)
2025-10-26T22:04:33Z Saw new header hash=076b65c22123d0fe9ef9cef127df65333999b8461d10b39c2d26ad8a4b9df9b3 height=434
2025-10-26T22:04:33Z Saw new cmpctblock header hash=076b65c22123d0fe9ef9cef127df65333999b8461d10b39c2d26ad8a4b9df9b3 peer=2
2025-10-26T22:04:33Z UpdateTip: new best=076b65c22123d0fe9ef9cef127df65333999b8461d10b39c2d26ad8a4b9df9b3 height=434 version=0x20000000 log2_work=9.764872 tx=2834 date='2025-10-26T22:04:41Z' progress=1.000000 cache=0.3MiB(1135txo)
2025-10-26T22:04:33Z Saw new header hash=5628c844180028be0050d40929f804023334819e7a9a45c21b7af0c5b9dd47e7 height=435
2025-10-26T22:04:33Z Saw new cmpctblock header hash=5628c844180028be0050d40929f804023334819e7a9a45c21b7af0c5b9dd47e7 peer=2
2025-10-26T22:04:33Z UpdateTip: new best=5628c844180028be0050d40929f804023334819e7a9a45c21b7af0c5b9dd47e7 height=435 version=0x20000000 log2_work=9.768184 tx=2835 date='2025-10-26T22:04:41Z' progress=1.000000 cache=0.3MiB(1136txo)
2025-10-26T22:04:33Z Saw new header hash=19a58cfe182ab6b7ecd0576768a71c1d981f397a464a4a0f649b53dad5c18f65 height=436
2025-10-26T22:04:33Z Saw new cmpctblock header hash=19a58cfe182ab6b7ecd0576768a71c1d981f397a464a4a0f649b53dad5c18f65 peer=2
2025-10-26T22:04:33Z UpdateTip: new best=19a58cfe182ab6b7ecd0576768a71c1d981f397a464a4a0f649b53dad5c18f65 height=436 version=0x20000000 log2_work=9.771489 tx=2836 date='2025-10-26T22:04:41Z' progress=1.000000 cache=0.3MiB(1137txo)
2025-10-26T22:04:33Z Saw new header hash=6b6138655da275f1a707800168bc228486fc004a736bc839976b5538dabdf4fd height=437
2025-10-26T22:04:33Z Saw new cmpctblock header hash=6b6138655da275f1a707800168bc228486fc004a736bc839976b5538dabdf4fd peer=2
2025-10-26T22:04:33Z UpdateTip: new best=6b6138655da275f1a707800168bc228486fc004a736bc839976b5538dabdf4fd height=437 version=0x20000000 log2_work=9.774787 tx=2837 date='2025-10-26T22:04:41Z' progress=1.000000 cache=0.3MiB(1138txo)
2025-10-26T22:04:33Z Saw new header hash=40db3e64de5b63f759f2c877a2f1cceadc06ed034feb1fcb495b45c69ecb77f8 height=438
2025-10-26T22:04:33Z Saw new cmpctblock header hash=40db3e64de5b63f759f2c877a2f1cceadc06ed034feb1fcb495b45c69ecb77f8 peer=0
2025-10-26T22:04:33Z UpdateTip: new best=40db3e64de5b63f759f2c877a2f1cceadc06ed034feb1fcb495b45c69ecb77f8 height=438 version=0x20000000 log2_work=9.778077 tx=2838 date='2025-10-26T22:04:41Z' progress=1.000000 cache=0.3MiB(1139txo)
2025-10-26T22:04:33Z Saw new header hash=32c935c354c8afca0e755f5e188d09fec8620b6a289b22ab3464c388baf57117 height=439
2025-10-26T22:04:33Z Saw new cmpctblock header hash=32c935c354c8afca0e755f5e188d09fec8620b6a289b22ab3464c388baf57117 peer=2
2025-10-26T22:04:33Z UpdateTip: new best=32c935c354c8afca0e755f5e188d09fec8620b6a289b22ab3464c388baf57117 height=439 version=0x20000000 log2_work=9.781360 tx=2839 date='2025-10-26T22:04:41Z' progress=1.000000 cache=0.3MiB(1140txo)
2025-10-26T22:04:33Z Saw new header hash=1808bad4ce602732a775c6492582ac03f1f37439c5d40668113962a655972de9 height=440
2025-10-26T22:04:33Z Saw new cmpctblock header hash=1808bad4ce602732a775c6492582ac03f1f37439c5d40668113962a655972de9 peer=2
2025-10-26T22:04:33Z UpdateTip: new best=1808bad4ce602732a775c6492582ac03f1f37439c5d40668113962a655972de9 height=440 version=0x20000000 log2_work=9.784635 tx=2840 date='2025-10-26T22:04:42Z' progress=1.000000 cache=0.3MiB(1141txo)
2025-10-26T22:04:33Z Saw new header hash=4b096c7947c8503a22f49c26d329468a51322fce62161e80214540c4d1033ed4 height=441
2025-10-26T22:04:33Z Saw new cmpctblock header hash=4b096c7947c8503a22f49c26d329468a51322fce62161e80214540c4d1033ed4 peer=2
2025-10-26T22:04:33Z UpdateTip: new best=4b096c7947c8503a22f49c26d329468a51322fce62161e80214540c4d1033ed4 height=441 version=0x20000000 log2_work=9.787903 tx=2841 date='2025-10-26T22:04:42Z' progress=1.000000 cache=0.3MiB(1142txo)
2025-10-26T22:04:33Z Saw new header hash=4d1422bae080e539a2f7a1aa6389067b8028848a875fa78745260e107e98cd12 height=442
2025-10-26T22:04:33Z Saw new cmpctblock header hash=4d1422bae080e539a2f7a1aa6389067b8028848a875fa78745260e107e98cd12 peer=0
2025-10-26T22:04:33Z UpdateTip: new best=4d1422bae080e539a2f7a1aa6389067b8028848a875fa78745260e107e98cd12 height=442 version=0x20000000 log2_work=9.791163 tx=2842 date='2025-10-26T22:04:42Z' progress=1.000000 cache=0.3MiB(1143txo)
2025-10-26T22:04:33Z Saw new header hash=58c023354158c52030e2c8be8a083ab8b65874e2f4ac7b4c79b2ecb6a8b16816 height=443
2025-10-26T22:04:33Z Saw new cmpctblock header hash=58c023354158c52030e2c8be8a083ab8b65874e2f4ac7b4c79b2ecb6a8b16816 peer=2
2025-10-26T22:04:33Z UpdateTip: new best=58c023354158c52030e2c8be8a083ab8b65874e2f4ac7b4c79b2ecb6a8b16816 height=443 version=0x20000000 log2_work=9.794416 tx=2843 date='2025-10-26T22:04:42Z' progress=1.000000 cache=0.3MiB(1144txo)
2025-10-26T22:04:33Z Saw new header hash=48c016682b14847606cb4f30601aa10d134fb034b27c17e0b999b9a4b423a25f height=444
2025-10-26T22:04:33Z Saw new cmpctblock header hash=48c016682b14847606cb4f30601aa10d134fb034b27c17e0b999b9a4b423a25f peer=0
2025-10-26T22:04:33Z UpdateTip: new best=48c016682b14847606cb4f30601aa10d134fb034b27c17e0b999b9a4b423a25f height=444 version=0x20000000 log2_work=9.797662 tx=2844 date='2025-10-26T22:04:42Z' progress=1.000000 cache=0.3MiB(1145txo)
2025-10-26T22:04:33Z Saw new header hash=15b688d2e682bb0c705c6eab3190ca6c15453b782f4f7947d29a30a437b795db height=445
2025-10-26T22:04:33Z Saw new cmpctblock header hash=15b688d2e682bb0c705c6eab3190ca6c15453b782f4f7947d29a30a437b795db peer=2
2025-10-26T22:04:33Z UpdateTip: new best=15b688d2e682bb0c705c6eab3190ca6c15453b782f4f7947d29a30a437b795db height=445 version=0x20000000 log2_work=9.800900 tx=2845 date='2025-10-26T22:04:42Z' progress=1.000000 cache=0.3MiB(1146txo)
2025-10-26T22:04:34Z Saw new header hash=4a61d4f24b12bd40041ba6a9e3fa5fb741d9247616350578f1109164a1cc88ee height=446
2025-10-26T22:04:34Z Saw new cmpctblock header hash=4a61d4f24b12bd40041ba6a9e3fa5fb741d9247616350578f1109164a1cc88ee peer=0
2025-10-26T22:04:34Z UpdateTip: new best=4a61d4f24b12bd40041ba6a9e3fa5fb741d9247616350578f1109164a1cc88ee height=446 version=0x20000000 log2_work=9.804131 tx=2846 date='2025-10-26T22:04:43Z' progress=1.000000 cache=0.3MiB(1147txo)
2025-10-26T22:04:34Z Saw new header hash=399a8f0a89b287946ac301f45f51a56a371756331596641fd8550352c6c83091 height=447
2025-10-26T22:04:34Z Saw new cmpctblock header hash=399a8f0a89b287946ac301f45f51a56a371756331596641fd8550352c6c83091 peer=2
2025-10-26T22:04:34Z UpdateTip: new best=399a8f0a89b287946ac301f45f51a56a371756331596641fd8550352c6c83091 height=447 version=0x20000000 log2_work=9.807355 tx=2847 date='2025-10-26T22:04:43Z' progress=1.000000 cache=0.3MiB(1148txo)
2025-10-26T22:04:34Z Saw new header hash=0ad99481398936334950171922d76e784e92362002f9ef8f900b6e63759f87bf height=448
2025-10-26T22:04:34Z Saw new cmpctblock header hash=0ad99481398936334950171922d76e784e92362002f9ef8f900b6e63759f87bf peer=0
2025-10-26T22:04:34Z UpdateTip: new best=0ad99481398936334950171922d76e784e92362002f9ef8f900b6e63759f87bf height=448 version=0x20000000 log2_work=9.810572 tx=2848 date='2025-10-26T22:04:43Z' progress=1.000000 cache=0.3MiB(1149txo)
2025-10-26T22:04:34Z Saw new header hash=5d6d496229e627740d3b71d3258d5a4102026eafa0b6c49522f68af36d7e5937 height=449
2025-10-26T22:04:34Z Saw new cmpctblock header hash=5d6d496229e627740d3b71d3258d5a4102026eafa0b6c49522f68af36d7e5937 peer=2
2025-10-26T22:04:34Z UpdateTip: new best=5d6d496229e627740d3b71d3258d5a4102026eafa0b6c49522f68af36d7e5937 height=449 version=0x20000000 log2_work=9.813781 tx=2849 date='2025-10-26T22:04:43Z' progress=1.000000 cache=0.3MiB(1150txo)
2025-10-26T22:04:34Z Saw new header hash=70d770d1887335ea0e287e2eb73e7782edd037d82d79631d12699fed6e394949 height=450
2025-10-26T22:04:34Z Saw new cmpctblock header hash=70d770d1887335ea0e287e2eb73e7782edd037d82d79631d12699fed6e394949 peer=2
2025-10-26T22:04:34Z UpdateTip: new best=70d770d1887335ea0e287e2eb73e7782edd037d82d79631d12699fed6e394949 height=450 version=0x20000000 log2_work=9.816984 tx=2850 date='2025-10-26T22:04:43Z' progress=1.000000 cache=0.3MiB(1151txo)
2025-10-26T22:04:34Z Saw new header hash=1acfafd0975bb377e4095209ad3035709e31d2c59412b74e472ee78d09915eb1 height=451
2025-10-26T22:04:34Z Saw new cmpctblock header hash=1acfafd0975bb377e4095209ad3035709e31d2c59412b74e472ee78d09915eb1 peer=2
2025-10-26T22:04:34Z UpdateTip: new best=1acfafd0975bb377e4095209ad3035709e31d2c59412b74e472ee78d09915eb1 height=451 version=0x20000000 log2_work=9.820179 tx=2851 date='2025-10-26T22:04:43Z' progress=1.000000 cache=0.3MiB(1152txo)
2025-10-26T22:04:34Z Saw new header hash=2f8295b38f39a70f2ffd85a5a3f487464628282f3d9da6a2e2b6e9853d8a1ad7 height=452
2025-10-26T22:04:34Z Saw new cmpctblock header hash=2f8295b38f39a70f2ffd85a5a3f487464628282f3d9da6a2e2b6e9853d8a1ad7 peer=2
2025-10-26T22:04:34Z UpdateTip: new best=2f8295b38f39a70f2ffd85a5a3f487464628282f3d9da6a2e2b6e9853d8a1ad7 height=452 version=0x20000000 log2_work=9.823367 tx=2852 date='2025-10-26T22:04:44Z' progress=1.000000 cache=0.3MiB(1153txo)
2025-10-26T22:04:34Z Saw new header hash=3a0c1497b3bdbe56d9f4aaacc85bb8c17b9dd1af4d432f3b5bc39591ec18a113 height=453
2025-10-26T22:04:34Z Saw new cmpctblock header hash=3a0c1497b3bdbe56d9f4aaacc85bb8c17b9dd1af4d432f3b5bc39591ec18a113 peer=2
2025-10-26T22:04:34Z UpdateTip: new best=3a0c1497b3bdbe56d9f4aaacc85bb8c17b9dd1af4d432f3b5bc39591ec18a113 height=453 version=0x20000000 log2_work=9.826548 tx=2853 date='2025-10-26T22:04:44Z' progress=1.000000 cache=0.3MiB(1154txo)
2025-10-26T22:04:34Z Saw new header hash=6f9d9b45d6d521ce24763274faf4fa1bf60a2689e4f80daaceed80f07defd2e2 height=454
2025-10-26T22:04:34Z Saw new cmpctblock header hash=6f9d9b45d6d521ce24763274faf4fa1bf60a2689e4f80daaceed80f07defd2e2 peer=2
2025-10-26T22:04:34Z UpdateTip: new best=6f9d9b45d6d521ce24763274faf4fa1bf60a2689e4f80daaceed80f07defd2e2 height=454 version=0x20000000 log2_work=9.829723 tx=2854 date='2025-10-26T22:04:44Z' progress=1.000000 cache=0.3MiB(1155txo)
2025-10-26T22:04:34Z Saw new header hash=03e87b3c09ec322f47abab29531326bb69cfd7179e777f30bae02e815c320a75 height=455
2025-10-26T22:04:34Z Saw new cmpctblock header hash=03e87b3c09ec322f47abab29531326bb69cfd7179e777f30bae02e815c320a75 peer=2
2025-10-26T22:04:34Z UpdateTip: new best=03e87b3c09ec322f47abab29531326bb69cfd7179e777f30bae02e815c320a75 height=455 version=0x20000000 log2_work=9.832890 tx=2855 date='2025-10-26T22:04:44Z' progress=1.000000 cache=0.3MiB(1156txo)
2025-10-26T22:04:34Z Saw new header hash=64333ca440c2813d355c8864fd6ac7243fbf19bcd5d72202229993e9d3e88777 height=456
2025-10-26T22:04:34Z Saw new cmpctblock header hash=64333ca440c2813d355c8864fd6ac7243fbf19bcd5d72202229993e9d3e88777 peer=0
2025-10-26T22:04:34Z UpdateTip: new best=64333ca440c2813d355c8864fd6ac7243fbf19bcd5d72202229993e9d3e88777 height=456 version=0x20000000 log2_work=9.836050 tx=2856 date='2025-10-26T22:04:44Z' progress=1.000000 cache=0.3MiB(1157txo)
2025-10-26T22:04:34Z Saw new header hash=0f1e6e6a78ee396597d42f5e71aca7fa049f90d55f62bcba917d3a4261dbd531 height=457
2025-10-26T22:04:34Z Saw new cmpctblock header hash=0f1e6e6a78ee396597d42f5e71aca7fa049f90d55f62bcba917d3a4261dbd531 peer=2
2025-10-26T22:04:34Z UpdateTip: new best=0f1e6e6a78ee396597d42f5e71aca7fa049f90d55f62bcba917d3a4261dbd531 height=457 version=0x20000000 log2_work=9.839204 tx=2857 date='2025-10-26T22:04:44Z' progress=1.000000 cache=0.3MiB(1158txo)
2025-10-26T22:04:34Z Saw new header hash=68d92a2e36287d40204a7a7c728492ea4b4704115200b929392d161285ec3e00 height=458
2025-10-26T22:04:34Z Saw new cmpctblock header hash=68d92a2e36287d40204a7a7c728492ea4b4704115200b929392d161285ec3e00 peer=0
2025-10-26T22:04:34Z UpdateTip: new best=68d92a2e36287d40204a7a7c728492ea4b4704115200b929392d161285ec3e00 height=458 version=0x20000000 log2_work=9.842350 tx=2858 date='2025-10-26T22:04:45Z' progress=1.000000 cache=0.3MiB(1159txo)
2025-10-26T22:04:34Z Saw new header hash=7524e3e87732293a1f991743540e6fbb3d9d788f532aa3b4ce30f93ecf8a436b height=459
2025-10-26T22:04:34Z Saw new cmpctblock header hash=7524e3e87732293a1f991743540e6fbb3d9d788f532aa3b4ce30f93ecf8a436b peer=0
2025-10-26T22:04:34Z UpdateTip: new best=7524e3e87732293a1f991743540e6fbb3d9d788f532aa3b4ce30f93ecf8a436b height=459 version=0x20000000 log2_work=9.845490 tx=2859 date='2025-10-26T22:04:45Z' progress=1.000000 cache=0.3MiB(1160txo)
2025-10-26T22:04:35Z Saw new header hash=53c98da3e45985ec0522f39835a1a7b8de995643bec9136910cb0b2a3d4d5d8d height=460
2025-10-26T22:04:35Z Saw new cmpctblock header hash=53c98da3e45985ec0522f39835a1a7b8de995643bec9136910cb0b2a3d4d5d8d peer=0
2025-10-26T22:04:35Z UpdateTip: new best=53c98da3e45985ec0522f39835a1a7b8de995643bec9136910cb0b2a3d4d5d8d height=460 version=0x20000000 log2_work=9.848623 tx=2860 date='2025-10-26T22:04:45Z' progress=1.000000 cache=0.3MiB(1161txo)
2025-10-26T22:04:35Z Saw new header hash=489bbcc5be73bafba7922bbf6d8c11df2d24c0029bfbfa3496af0cfeed840987 height=461
2025-10-26T22:04:35Z Saw new cmpctblock header hash=489bbcc5be73bafba7922bbf6d8c11df2d24c0029bfbfa3496af0cfeed840987 peer=2
2025-10-26T22:04:35Z UpdateTip: new best=489bbcc5be73bafba7922bbf6d8c11df2d24c0029bfbfa3496af0cfeed840987 height=461 version=0x20000000 log2_work=9.851749 tx=2861 date='2025-10-26T22:04:45Z' progress=1.000000 cache=0.3MiB(1162txo)
2025-10-26T22:04:35Z Saw new header hash=6397882eb5c057543d11fd384010b4b6023f48ae5ba4b5a9e0fad8c6431266d0 height=462
2025-10-26T22:04:35Z Saw new cmpctblock header hash=6397882eb5c057543d11fd384010b4b6023f48ae5ba4b5a9e0fad8c6431266d0 peer=0
2025-10-26T22:04:35Z UpdateTip: new best=6397882eb5c057543d11fd384010b4b6023f48ae5ba4b5a9e0fad8c6431266d0 height=462 version=0x20000000 log2_work=9.854868 tx=2862 date='2025-10-26T22:04:45Z' progress=1.000000 cache=0.3MiB(1163txo)
2025-10-26T22:04:35Z Saw new header hash=213fc61673a2c7714dda3485726c0332237cee16088b1b0ec607ab192352a2e0 height=463
2025-10-26T22:04:35Z Saw new cmpctblock header hash=213fc61673a2c7714dda3485726c0332237cee16088b1b0ec607ab192352a2e0 peer=2
2025-10-26T22:04:35Z UpdateTip: new best=213fc61673a2c7714dda3485726c0332237cee16088b1b0ec607ab192352a2e0 height=463 version=0x20000000 log2_work=9.857981 tx=2863 date='2025-10-26T22:04:45Z' progress=1.000000 cache=0.3MiB(1164txo)
2025-10-26T22:04:35Z Saw new header hash=3797793fc0cad360cdf6be83339a332530fc8cfbf08f2d5635f46644d97c0a33 height=464
2025-10-26T22:04:35Z Saw new cmpctblock header hash=3797793fc0cad360cdf6be83339a332530fc8cfbf08f2d5635f46644d97c0a33 peer=2
2025-10-26T22:04:35Z UpdateTip: new best=3797793fc0cad360cdf6be83339a332530fc8cfbf08f2d5635f46644d97c0a33 height=464 version=0x20000000 log2_work=9.861087 tx=2864 date='2025-10-26T22:04:46Z' progress=1.000000 cache=0.3MiB(1165txo)
2025-10-26T22:04:35Z Saw new header hash=50ff164229144138faf9084f68d156e3a8cd89e90d70c8f433bab148a1e09d4d height=465
2025-10-26T22:04:35Z Saw new cmpctblock header hash=50ff164229144138faf9084f68d156e3a8cd89e90d70c8f433bab148a1e09d4d peer=2
2025-10-26T22:04:35Z UpdateTip: new best=50ff164229144138faf9084f68d156e3a8cd89e90d70c8f433bab148a1e09d4d height=465 version=0x20000000 log2_work=9.864186 tx=2865 date='2025-10-26T22:04:46Z' progress=1.000000 cache=0.3MiB(1166txo)
2025-10-26T22:04:36Z Saw new header hash=615de9166f09f0d5fda5a61995ecab2130b7bf0f3e181407d9dedc3c90c7b828 height=466
2025-10-26T22:04:36Z Saw new cmpctblock header hash=615de9166f09f0d5fda5a61995ecab2130b7bf0f3e181407d9dedc3c90c7b828 peer=0
2025-10-26T22:04:36Z UpdateTip: new best=615de9166f09f0d5fda5a61995ecab2130b7bf0f3e181407d9dedc3c90c7b828 height=466 version=0x20000000 log2_work=9.867279 tx=2866 date='2025-10-26T22:04:46Z' progress=1.000000 cache=0.3MiB(1167txo)
2025-10-26T22:04:36Z Saw new header hash=46506b892c58343aefc3ec28a977b8c77af1338d0a33b62ee359a28c3b9ac193 height=467
2025-10-26T22:04:36Z Saw new cmpctblock header hash=46506b892c58343aefc3ec28a977b8c77af1338d0a33b62ee359a28c3b9ac193 peer=0
2025-10-26T22:04:36Z UpdateTip: new best=46506b892c58343aefc3ec28a977b8c77af1338d0a33b62ee359a28c3b9ac193 height=467 version=0x20000000 log2_work=9.870365 tx=2867 date='2025-10-26T22:04:46Z' progress=1.000000 cache=0.3MiB(1168txo)
2025-10-26T22:04:36Z Saw new header hash=724a9115368fcae342b9ebdfcf51908d9abd93a624bf25355c9420ac498fb071 height=468
2025-10-26T22:04:36Z Saw new cmpctblock header hash=724a9115368fcae342b9ebdfcf51908d9abd93a624bf25355c9420ac498fb071 peer=0
2025-10-26T22:04:36Z UpdateTip: new best=724a9115368fcae342b9ebdfcf51908d9abd93a624bf25355c9420ac498fb071 height=468 version=0x20000000 log2_work=9.873444 tx=2868 date='2025-10-26T22:04:46Z' progress=1.000000 cache=0.3MiB(1169txo)
2025-10-26T22:04:36Z Saw new header hash=1e2933753b6c2430296b569616c4b190938b555877ada224289e1b43b790fc6a height=469
2025-10-26T22:04:36Z Saw new cmpctblock header hash=1e2933753b6c2430296b569616c4b190938b555877ada224289e1b43b790fc6a peer=0
2025-10-26T22:04:36Z UpdateTip: new best=1e2933753b6c2430296b569616c4b190938b555877ada224289e1b43b790fc6a height=469 version=0x20000000 log2_work=9.876517 tx=2869 date='2025-10-26T22:04:46Z' progress=1.000000 cache=0.3MiB(1170txo)
2025-10-26T22:04:36Z Saw new header hash=3f9505eb2a983244663cfe72576f547cefdb5f962e5910490d6a82951821eaed height=470
2025-10-26T22:04:36Z Saw new cmpctblock header hash=3f9505eb2a983244663cfe72576f547cefdb5f962e5910490d6a82951821eaed peer=2
2025-10-26T22:04:36Z UpdateTip: new best=3f9505eb2a983244663cfe72576f547cefdb5f962e5910490d6a82951821eaed height=470 version=0x20000000 log2_work=9.879583 tx=2870 date='2025-10-26T22:04:47Z' progress=1.000000 cache=0.3MiB(1171txo)
2025-10-26T22:04:36Z Saw new header hash=7ffd08bf2ed09f258755f0e69f554967e56b83f65d0ec4c776aca33ae321df83 height=471
2025-10-26T22:04:36Z Saw new cmpctblock header hash=7ffd08bf2ed09f258755f0e69f554967e56b83f65d0ec4c776aca33ae321df83 peer=0
2025-10-26T22:04:36Z UpdateTip: new best=7ffd08bf2ed09f258755f0e69f554967e56b83f65d0ec4c776aca33ae321df83 height=471 version=0x20000000 log2_work=9.882643 tx=2871 date='2025-10-26T22:04:47Z' progress=1.000000 cache=0.3MiB(1172txo)
2025-10-26T22:04:36Z Saw new header hash=7c9d629b7992280ee99d69ab12957cb9c4fceb836f39871a103f9caa58548cc4 height=472
2025-10-26T22:04:36Z Saw new cmpctblock header hash=7c9d629b7992280ee99d69ab12957cb9c4fceb836f39871a103f9caa58548cc4 peer=2
2025-10-26T22:04:36Z UpdateTip: new best=7c9d629b7992280ee99d69ab12957cb9c4fceb836f39871a103f9caa58548cc4 height=472 version=0x20000000 log2_work=9.885696 tx=2872 date='2025-10-26T22:04:47Z' progress=1.000000 cache=0.3MiB(1173txo)
2025-10-26T22:04:36Z Saw new header hash=2864d00e1a030b104b8464a8fc21ad81936ef28e6e717fcc7eb5315db15c02df height=473
2025-10-26T22:04:36Z Saw new cmpctblock header hash=2864d00e1a030b104b8464a8fc21ad81936ef28e6e717fcc7eb5315db15c02df peer=0
2025-10-26T22:04:37Z UpdateTip: new best=2864d00e1a030b104b8464a8fc21ad81936ef28e6e717fcc7eb5315db15c02df height=473 version=0x20000000 log2_work=9.888743 tx=2873 date='2025-10-26T22:04:47Z' progress=1.000000 cache=0.3MiB(1174txo)
2025-10-26T22:04:37Z Saw new header hash=4b71ff9c8bbde943ce770ae7164fec1909eaf3d8a6fcad464c4b42774d2a9091 height=474
2025-10-26T22:04:37Z Saw new cmpctblock header hash=4b71ff9c8bbde943ce770ae7164fec1909eaf3d8a6fcad464c4b42774d2a9091 peer=2
2025-10-26T22:04:37Z UpdateTip: new best=4b71ff9c8bbde943ce770ae7164fec1909eaf3d8a6fcad464c4b42774d2a9091 height=474 version=0x20000000 log2_work=9.891784 tx=2874 date='2025-10-26T22:04:47Z' progress=1.000000 cache=0.3MiB(1175txo)
2025-10-26T22:04:37Z Saw new header hash=77eb91ce0972ee81991821c74b3fc41b60735836ab87845c5810fd17b3c1e837 height=475
2025-10-26T22:04:37Z Saw new cmpctblock header hash=77eb91ce0972ee81991821c74b3fc41b60735836ab87845c5810fd17b3c1e837 peer=2
2025-10-26T22:04:37Z UpdateTip: new best=77eb91ce0972ee81991821c74b3fc41b60735836ab87845c5810fd17b3c1e837 height=475 version=0x20000000 log2_work=9.894818 tx=2875 date='2025-10-26T22:04:47Z' progress=1.000000 cache=0.3MiB(1176txo)
2025-10-26T22:04:37Z Saw new header hash=41985768dbf7d2f2047bf247827d3270d19563728718a5ad68057319519f5055 height=476
2025-10-26T22:04:37Z Saw new cmpctblock header hash=41985768dbf7d2f2047bf247827d3270d19563728718a5ad68057319519f5055 peer=2
2025-10-26T22:04:37Z UpdateTip: new best=41985768dbf7d2f2047bf247827d3270d19563728718a5ad68057319519f5055 height=476 version=0x20000000 log2_work=9.897845 tx=2876 date='2025-10-26T22:04:48Z' progress=1.000000 cache=0.3MiB(1177txo)
2025-10-26T22:04:37Z Saw new header hash=647c14ff71ce8fd7a4e96408de48dad01b51d80a4ac4bbf5c0d017a63b833a70 height=477
2025-10-26T22:04:37Z Saw new cmpctblock header hash=647c14ff71ce8fd7a4e96408de48dad01b51d80a4ac4bbf5c0d017a63b833a70 peer=0
2025-10-26T22:04:37Z UpdateTip: new best=647c14ff71ce8fd7a4e96408de48dad01b51d80a4ac4bbf5c0d017a63b833a70 height=477 version=0x20000000 log2_work=9.900867 tx=2877 date='2025-10-26T22:04:48Z' progress=1.000000 cache=0.3MiB(1178txo)
2025-10-26T22:04:37Z Saw new header hash=73901d6aee2935bbcc9a65acc00272b8ac4be6fc2b8baaeea78d096a216e5424 height=478
2025-10-26T22:04:37Z Saw new cmpctblock header hash=73901d6aee2935bbcc9a65acc00272b8ac4be6fc2b8baaeea78d096a216e5424 peer=0
2025-10-26T22:04:37Z UpdateTip: new best=73901d6aee2935bbcc9a65acc00272b8ac4be6fc2b8baaeea78d096a216e5424 height=478 version=0x20000000 log2_work=9.903882 tx=2878 date='2025-10-26T22:04:48Z' progress=1.000000 cache=0.3MiB(1179txo)
2025-10-26T22:04:37Z Saw new header hash=6b7cdcdd3df7d8fec2d67615128b3ac6cffbf9239c794cc3edeb2dd10acb4824 height=479
2025-10-26T22:04:37Z Saw new cmpctblock header hash=6b7cdcdd3df7d8fec2d67615128b3ac6cffbf9239c794cc3edeb2dd10acb4824 peer=0
2025-10-26T22:04:37Z UpdateTip: new best=6b7cdcdd3df7d8fec2d67615128b3ac6cffbf9239c794cc3edeb2dd10acb4824 height=479 version=0x20000000 log2_work=9.906891 tx=2879 date='2025-10-26T22:04:48Z' progress=1.000000 cache=0.3MiB(1180txo)
2025-10-26T22:04:37Z Saw new header hash=060572953a7ee577c99011cfeceecb9705c6d9bff13e56264053df4bff791e97 height=480
2025-10-26T22:04:37Z Saw new cmpctblock header hash=060572953a7ee577c99011cfeceecb9705c6d9bff13e56264053df4bff791e97 peer=2
2025-10-26T22:04:37Z UpdateTip: new best=060572953a7ee577c99011cfeceecb9705c6d9bff13e56264053df4bff791e97 height=480 version=0x20000000 log2_work=9.909893 tx=2880 date='2025-10-26T22:04:48Z' progress=1.000000 cache=0.3MiB(1181txo)
2025-10-26T22:04:37Z Saw new header hash=57ca6f00c3ee68c12a430968d3acac341e3e7c5943ba10eca21826984875bff1 height=481
2025-10-26T22:04:37Z Saw new cmpctblock header hash=57ca6f00c3ee68c12a430968d3acac341e3e7c5943ba10eca21826984875bff1 peer=2
2025-10-26T22:04:37Z UpdateTip: new best=57ca6f00c3ee68c12a430968d3acac341e3e7c5943ba10eca21826984875bff1 height=481 version=0x20000000 log2_work=9.912889 tx=2881 date='2025-10-26T22:04:48Z' progress=1.000000 cache=0.3MiB(1182txo)
2025-10-26T22:04:37Z Saw new header hash=2d9f2e3351ce7ba0648e9b82bd2c83454237f3644f92b8737b868a947c4081eb height=482
2025-10-26T22:04:37Z Saw new cmpctblock header hash=2d9f2e3351ce7ba0648e9b82bd2c83454237f3644f92b8737b868a947c4081eb peer=2
2025-10-26T22:04:37Z UpdateTip: new best=2d9f2e3351ce7ba0648e9b82bd2c83454237f3644f92b8737b868a947c4081eb height=482 version=0x20000000 log2_work=9.915879 tx=2882 date='2025-10-26T22:04:49Z' progress=1.000000 cache=0.3MiB(1183txo)
2025-10-26T22:04:38Z Saw new header hash=3736aabdb5f8c47e97366a5dae7d62e9628a57f596eaa3fe07deedbc43dfcfc7 height=483
2025-10-26T22:04:38Z Saw new cmpctblock header hash=3736aabdb5f8c47e97366a5dae7d62e9628a57f596eaa3fe07deedbc43dfcfc7 peer=0
2025-10-26T22:04:38Z UpdateTip: new best=3736aabdb5f8c47e97366a5dae7d62e9628a57f596eaa3fe07deedbc43dfcfc7 height=483 version=0x20000000 log2_work=9.918863 tx=2883 date='2025-10-26T22:04:49Z' progress=1.000000 cache=0.3MiB(1184txo)
2025-10-26T22:04:38Z Saw new header hash=2363590933ccdee227e9c7cdac948fcf392ee90e941ad263b78bd61c1ae80c84 height=484
2025-10-26T22:04:38Z Saw new cmpctblock header hash=2363590933ccdee227e9c7cdac948fcf392ee90e941ad263b78bd61c1ae80c84 peer=2
2025-10-26T22:04:38Z UpdateTip: new best=2363590933ccdee227e9c7cdac948fcf392ee90e941ad263b78bd61c1ae80c84 height=484 version=0x20000000 log2_work=9.921841 tx=2884 date='2025-10-26T22:04:49Z' progress=1.000000 cache=0.3MiB(1185txo)
2025-10-26T22:04:38Z Saw new header hash=6831303dd348d1e521907019af85b53eaf6c94cd94cb03bd10f0586290fea047 height=485
2025-10-26T22:04:38Z Saw new cmpctblock header hash=6831303dd348d1e521907019af85b53eaf6c94cd94cb03bd10f0586290fea047 peer=0
2025-10-26T22:04:38Z UpdateTip: new best=6831303dd348d1e521907019af85b53eaf6c94cd94cb03bd10f0586290fea047 height=485 version=0x20000000 log2_work=9.924813 tx=2885 date='2025-10-26T22:04:49Z' progress=1.000000 cache=0.3MiB(1186txo)
2025-10-26T22:04:38Z Saw new header hash=1c8e274247f6030c59846ea242e58cb6a9b9c4a5463136d0052492b8ad1223bd height=486
2025-10-26T22:04:38Z Saw new cmpctblock header hash=1c8e274247f6030c59846ea242e58cb6a9b9c4a5463136d0052492b8ad1223bd peer=2
2025-10-26T22:04:38Z UpdateTip: new best=1c8e274247f6030c59846ea242e58cb6a9b9c4a5463136d0052492b8ad1223bd height=486 version=0x20000000 log2_work=9.927778 tx=2886 date='2025-10-26T22:04:49Z' progress=1.000000 cache=0.3MiB(1187txo)
2025-10-26T22:04:38Z Saw new header hash=20edf752839a636ea8bca60e8916d7de6b82ec4cb7553d7ee1c27137f865505d height=487
2025-10-26T22:04:38Z Saw new cmpctblock header hash=20edf752839a636ea8bca60e8916d7de6b82ec4cb7553d7ee1c27137f865505d peer=0
2025-10-26T22:04:38Z UpdateTip: new best=20edf752839a636ea8bca60e8916d7de6b82ec4cb7553d7ee1c27137f865505d height=487 version=0x20000000 log2_work=9.930737 tx=2887 date='2025-10-26T22:04:49Z' progress=1.000000 cache=0.3MiB(1188txo)
2025-10-26T22:04:38Z Saw new header hash=133a2cd197cca28b6199ac18ec6fd9b0948aba2c578f82f95e675b4566abe9bc height=488
2025-10-26T22:04:38Z Saw new cmpctblock header hash=133a2cd197cca28b6199ac18ec6fd9b0948aba2c578f82f95e675b4566abe9bc peer=0
2025-10-26T22:04:38Z UpdateTip: new best=133a2cd197cca28b6199ac18ec6fd9b0948aba2c578f82f95e675b4566abe9bc height=488 version=0x20000000 log2_work=9.933691 tx=2888 date='2025-10-26T22:04:50Z' progress=1.000000 cache=0.3MiB(1189txo)
2025-10-26T22:04:38Z Saw new header hash=2c610cc6b838777575882aa3bc43dcca34704a3e9e99073cc13a3f977dc69663 height=489
2025-10-26T22:04:38Z Saw new cmpctblock header hash=2c610cc6b838777575882aa3bc43dcca34704a3e9e99073cc13a3f977dc69663 peer=2
2025-10-26T22:04:38Z UpdateTip: new best=2c610cc6b838777575882aa3bc43dcca34704a3e9e99073cc13a3f977dc69663 height=489 version=0x20000000 log2_work=9.936638 tx=2889 date='2025-10-26T22:04:50Z' progress=1.000000 cache=0.3MiB(1190txo)
2025-10-26T22:04:38Z Saw new header hash=7afacc3f4781ba2223512eb9e65a8d2706e9d186fb86694f5fcb5fbec4b5fe49 height=490
2025-10-26T22:04:38Z Saw new cmpctblock header hash=7afacc3f4781ba2223512eb9e65a8d2706e9d186fb86694f5fcb5fbec4b5fe49 peer=0
2025-10-26T22:04:38Z UpdateTip: new best=7afacc3f4781ba2223512eb9e65a8d2706e9d186fb86694f5fcb5fbec4b5fe49 height=490 version=0x20000000 log2_work=9.939579 tx=2890 date='2025-10-26T22:04:50Z' progress=1.000000 cache=0.3MiB(1191txo)
2025-10-26T22:04:39Z Saw new header hash=22eb8069e11c2d7edd14b68057bdf1faa82b70e54725c2e6ece1a3c11d592b12 height=491
2025-10-26T22:04:39Z Saw new cmpctblock header hash=22eb8069e11c2d7edd14b68057bdf1faa82b70e54725c2e6ece1a3c11d592b12 peer=0
2025-10-26T22:04:39Z UpdateTip: new best=22eb8069e11c2d7edd14b68057bdf1faa82b70e54725c2e6ece1a3c11d592b12 height=491 version=0x20000000 log2_work=9.942515 tx=2891 date='2025-10-26T22:04:50Z' progress=1.000000 cache=0.3MiB(1192txo)
2025-10-26T22:04:39Z Saw new header hash=388109ce9d4ee429f95409936ad720415ddb39d80adb61b50348fd21d31698f7 height=492
2025-10-26T22:04:39Z Saw new cmpctblock header hash=388109ce9d4ee429f95409936ad720415ddb39d80adb61b50348fd21d31698f7 peer=0
2025-10-26T22:04:39Z UpdateTip: new best=388109ce9d4ee429f95409936ad720415ddb39d80adb61b50348fd21d31698f7 height=492 version=0x20000000 log2_work=9.945444 tx=2892 date='2025-10-26T22:04:50Z' progress=1.000000 cache=0.3MiB(1193txo)
2025-10-26T22:04:39Z Saw new header hash=3e9589ea7c64c00846fcf58a8373fb70445fa446297bd3fe502db12f60716514 height=493
2025-10-26T22:04:39Z Saw new cmpctblock header hash=3e9589ea7c64c00846fcf58a8373fb70445fa446297bd3fe502db12f60716514 peer=0
2025-10-26T22:04:39Z UpdateTip: new best=3e9589ea7c64c00846fcf58a8373fb70445fa446297bd3fe502db12f60716514 height=493 version=0x20000000 log2_work=9.948367 tx=2893 date='2025-10-26T22:04:50Z' progress=1.000000 cache=0.3MiB(1194txo)
2025-10-26T22:04:39Z Saw new header hash=50941ada915b67e08f7d0d048f670e3f2d4c7b98786167f8f0161459e89a89c2 height=494
2025-10-26T22:04:39Z Saw new cmpctblock header hash=50941ada915b67e08f7d0d048f670e3f2d4c7b98786167f8f0161459e89a89c2 peer=2
2025-10-26T22:04:39Z UpdateTip: new best=50941ada915b67e08f7d0d048f670e3f2d4c7b98786167f8f0161459e89a89c2 height=494 version=0x20000000 log2_work=9.951285 tx=2894 date='2025-10-26T22:04:51Z' progress=1.000000 cache=0.3MiB(1195txo)
2025-10-26T22:04:40Z Saw new header hash=5e6914939595c39fb4f9c75dd84d0b326ecc4293a54aee67d71d206f5ab6875f height=495
2025-10-26T22:04:40Z Saw new cmpctblock header hash=5e6914939595c39fb4f9c75dd84d0b326ecc4293a54aee67d71d206f5ab6875f peer=2
2025-10-26T22:04:40Z UpdateTip: new best=5e6914939595c39fb4f9c75dd84d0b326ecc4293a54aee67d71d206f5ab6875f height=495 version=0x20000000 log2_work=9.954196 tx=2895 date='2025-10-26T22:04:51Z' progress=1.000000 cache=0.3MiB(1196txo)
2025-10-26T22:04:40Z Saw new header hash=6c9af12d3bb09dfd6a9c404cf11b57bf6c3d102babfb9a1eca06e28119dffb08 height=496
2025-10-26T22:04:40Z Saw new cmpctblock header hash=6c9af12d3bb09dfd6a9c404cf11b57bf6c3d102babfb9a1eca06e28119dffb08 peer=0
2025-10-26T22:04:40Z UpdateTip: new best=6c9af12d3bb09dfd6a9c404cf11b57bf6c3d102babfb9a1eca06e28119dffb08 height=496 version=0x20000000 log2_work=9.957102 tx=2896 date='2025-10-26T22:04:51Z' progress=1.000000 cache=0.3MiB(1197txo)
2025-10-26T22:04:40Z Saw new header hash=2076da11dd37ecc38b6d684c62fbaf8e995cfb4d925922e2721f1164098ff87b height=497
2025-10-26T22:04:40Z Saw new cmpctblock header hash=2076da11dd37ecc38b6d684c62fbaf8e995cfb4d925922e2721f1164098ff87b peer=0
2025-10-26T22:04:40Z UpdateTip: new best=2076da11dd37ecc38b6d684c62fbaf8e995cfb4d925922e2721f1164098ff87b height=497 version=0x20000000 log2_work=9.960002 tx=2897 date='2025-10-26T22:04:51Z' progress=1.000000 cache=0.3MiB(1198txo)
2025-10-26T22:04:40Z Saw new header hash=2d97f93c0790aa24b84d6cb1bc6aede5bb3ef429e00968268bce8d992d448177 height=498
2025-10-26T22:04:40Z Saw new cmpctblock header hash=2d97f93c0790aa24b84d6cb1bc6aede5bb3ef429e00968268bce8d992d448177 peer=0
2025-10-26T22:04:40Z UpdateTip: new best=2d97f93c0790aa24b84d6cb1bc6aede5bb3ef429e00968268bce8d992d448177 height=498 version=0x20000000 log2_work=9.962896 tx=2898 date='2025-10-26T22:04:51Z' progress=1.000000 cache=0.3MiB(1199txo)
2025-10-26T22:04:40Z Saw new header hash=61303c714b831b09dd892e0e08d57b0895331cd358e2b74b734925e88b8755e0 height=499
2025-10-26T22:04:40Z Saw new cmpctblock header hash=61303c714b831b09dd892e0e08d57b0895331cd358e2b74b734925e88b8755e0 peer=0
2025-10-26T22:04:40Z UpdateTip: new best=61303c714b831b09dd892e0e08d57b0895331cd358e2b74b734925e88b8755e0 height=499 version=0x20000000 log2_work=9.965784 tx=2899 date='2025-10-26T22:04:51Z' progress=1.000000 cache=0.3MiB(1200txo)
2025-10-26T22:04:40Z Saw new header hash=1334a1da89dce5c9ab5b3801626f992c8df01d20874abf5be6d35b43d536e87e height=500
2025-10-26T22:04:40Z Saw new cmpctblock header hash=1334a1da89dce5c9ab5b3801626f992c8df01d20874abf5be6d35b43d536e87e peer=0
2025-10-26T22:04:40Z UpdateTip: new best=1334a1da89dce5c9ab5b3801626f992c8df01d20874abf5be6d35b43d536e87e height=500 version=0x20000000 log2_work=9.968667 tx=2900 date='2025-10-26T22:04:52Z' progress=1.000000 cache=0.3MiB(1201txo)
2025-10-26T22:04:40Z Saw new header hash=06651ba50c4cdce654989cd2b0520357b68a9077d7023fcc683929eb7bfb9d89 height=501
2025-10-26T22:04:40Z Saw new cmpctblock header hash=06651ba50c4cdce654989cd2b0520357b68a9077d7023fcc683929eb7bfb9d89 peer=0
2025-10-26T22:04:40Z UpdateTip: new best=06651ba50c4cdce654989cd2b0520357b68a9077d7023fcc683929eb7bfb9d89 height=501 version=0x20000000 log2_work=9.971544 tx=2901 date='2025-10-26T22:04:52Z' progress=1.000000 cache=0.3MiB(1202txo)
2025-10-26T22:04:40Z Saw new header hash=09a1a4a4b94e425f350f216f17e64dcb14abb7837f363ca546bd1cdcc7e12813 height=502
2025-10-26T22:04:40Z Saw new cmpctblock header hash=09a1a4a4b94e425f350f216f17e64dcb14abb7837f363ca546bd1cdcc7e12813 peer=0
2025-10-26T22:04:40Z UpdateTip: new best=09a1a4a4b94e425f350f216f17e64dcb14abb7837f363ca546bd1cdcc7e12813 height=502 version=0x20000000 log2_work=9.974415 tx=2902 date='2025-10-26T22:04:52Z' progress=1.000000 cache=0.3MiB(1203txo)
2025-10-26T22:04:40Z Saw new header hash=23a22ff34b8f357e83c8ebddc8d3d54d15962a1fc76b7d74ce5e0488f52b0632 height=503
2025-10-26T22:04:40Z Saw new cmpctblock header hash=23a22ff34b8f357e83c8ebddc8d3d54d15962a1fc76b7d74ce5e0488f52b0632 peer=0
2025-10-26T22:04:40Z UpdateTip: new best=23a22ff34b8f357e83c8ebddc8d3d54d15962a1fc76b7d74ce5e0488f52b0632 height=503 version=0x20000000 log2_work=9.977280 tx=2903 date='2025-10-26T22:04:52Z' progress=1.000000 cache=0.3MiB(1204txo)
2025-10-26T22:04:40Z Saw new header hash=6166a4891397c4b59fe510f74d03467d6a120211285f0207eab5477e3d27b611 height=504
2025-10-26T22:04:40Z Saw new cmpctblock header hash=6166a4891397c4b59fe510f74d03467d6a120211285f0207eab5477e3d27b611 peer=0
2025-10-26T22:04:40Z UpdateTip: new best=6166a4891397c4b59fe510f74d03467d6a120211285f0207eab5477e3d27b611 height=504 version=0x20000000 log2_work=9.980140 tx=2904 date='2025-10-26T22:04:52Z' progress=1.000000 cache=0.3MiB(1205txo)
2025-10-26T22:04:40Z Saw new header hash=6234a14fa54d0ea45cc43390bdc0213e4547aad1bd326a55ebb58caae8e664ce height=505
2025-10-26T22:04:40Z Saw new cmpctblock header hash=6234a14fa54d0ea45cc43390bdc0213e4547aad1bd326a55ebb58caae8e664ce peer=0
2025-10-26T22:04:40Z UpdateTip: new best=6234a14fa54d0ea45cc43390bdc0213e4547aad1bd326a55ebb58caae8e664ce height=505 version=0x20000000 log2_work=9.982994 tx=2905 date='2025-10-26T22:04:52Z' progress=1.000000 cache=0.3MiB(1206txo)
2025-10-26T22:04:40Z Saw new header hash=32e0cab547cb30964e99a9e7d84264018a44684d9707cfc2a074350d89556283 height=506
2025-10-26T22:04:40Z Saw new cmpctblock header hash=32e0cab547cb30964e99a9e7d84264018a44684d9707cfc2a074350d89556283 peer=0
2025-10-26T22:04:40Z UpdateTip: new best=32e0cab547cb30964e99a9e7d84264018a44684d9707cfc2a074350d89556283 height=506 version=0x20000000 log2_work=9.985842 tx=2906 date='2025-10-26T22:04:53Z' progress=1.000000 cache=0.3MiB(1207txo)
2025-10-26T22:04:40Z Saw new header hash=26ee2f5940b2e1767cdbe93d72faa4236d7db03950cf2bcfca9925093a42a78a height=507
2025-10-26T22:04:40Z Saw new cmpctblock header hash=26ee2f5940b2e1767cdbe93d72faa4236d7db03950cf2bcfca9925093a42a78a peer=0
2025-10-26T22:04:40Z UpdateTip: new best=26ee2f5940b2e1767cdbe93d72faa4236d7db03950cf2bcfca9925093a42a78a height=507 version=0x20000000 log2_work=9.988685 tx=2907 date='2025-10-26T22:04:53Z' progress=1.000000 cache=0.3MiB(1208txo)
2025-10-26T22:04:41Z Saw new header hash=720bf83644557f1eb1f3c8527eb32ced7dd76d68d14429060b7acd85d9540977 height=508
2025-10-26T22:04:41Z Saw new cmpctblock header hash=720bf83644557f1eb1f3c8527eb32ced7dd76d68d14429060b7acd85d9540977 peer=2
2025-10-26T22:04:41Z UpdateTip: new best=720bf83644557f1eb1f3c8527eb32ced7dd76d68d14429060b7acd85d9540977 height=508 version=0x20000000 log2_work=9.991522 tx=2908 date='2025-10-26T22:04:53Z' progress=1.000000 cache=0.3MiB(1209txo)
2025-10-26T22:04:41Z Saw new header hash=640b24ea3abf18665c7c8b865c464eea927f66140591f72f4ace780f930cb3a0 height=509
2025-10-26T22:04:41Z Saw new cmpctblock header hash=640b24ea3abf18665c7c8b865c464eea927f66140591f72f4ace780f930cb3a0 peer=0
2025-10-26T22:04:41Z UpdateTip: new best=640b24ea3abf18665c7c8b865c464eea927f66140591f72f4ace780f930cb3a0 height=509 version=0x20000000 log2_work=9.994353 tx=2909 date='2025-10-26T22:04:53Z' progress=1.000000 cache=0.3MiB(1210txo)
2025-10-26T22:04:41Z Saw new header hash=66e245f829bf12ecbdb6f3b060344caafb0bc6614f71cc24cb55dbf95e142822 height=510
2025-10-26T22:04:41Z Saw new cmpctblock header hash=66e245f829bf12ecbdb6f3b060344caafb0bc6614f71cc24cb55dbf95e142822 peer=2
2025-10-26T22:04:41Z UpdateTip: new best=66e245f829bf12ecbdb6f3b060344caafb0bc6614f71cc24cb55dbf95e142822 height=510 version=0x20000000 log2_work=9.997179 tx=2910 date='2025-10-26T22:04:53Z' progress=1.000000 cache=0.3MiB(1211txo)
2025-10-26T22:04:41Z Saw new header hash=276089dfc4df80634594105464d917fc82ac99d1b64d5b4772a57c28647fcaa0 height=511
2025-10-26T22:04:41Z Saw new cmpctblock header hash=276089dfc4df80634594105464d917fc82ac99d1b64d5b4772a57c28647fcaa0 peer=0
2025-10-26T22:04:41Z UpdateTip: new best=276089dfc4df80634594105464d917fc82ac99d1b64d5b4772a57c28647fcaa0 height=511 version=0x20000000 log2_work=10.000000 tx=2911 date='2025-10-26T22:04:53Z' progress=1.000000 cache=0.3MiB(1212txo)
2025-10-26T22:04:41Z Saw new header hash=70d52710cde5b97f628cc9f427c96c97df1abb9697cd4bd517c3ef0daa24a3ba height=512
2025-10-26T22:04:41Z Saw new cmpctblock header hash=70d52710cde5b97f628cc9f427c96c97df1abb9697cd4bd517c3ef0daa24a3ba peer=0
2025-10-26T22:04:41Z UpdateTip: new best=70d52710cde5b97f628cc9f427c96c97df1abb9697cd4bd517c3ef0daa24a3ba height=512 version=0x20000000 log2_work=10.002815 tx=2912 date='2025-10-26T22:04:54Z' progress=1.000000 cache=0.3MiB(1213txo)
2025-10-26T22:04:41Z Saw new header hash=2961871cf27496250f94002ea10382e3a11f7eeee99aea145214e42f9ba7632f height=513
2025-10-26T22:04:41Z Saw new cmpctblock header hash=2961871cf27496250f94002ea10382e3a11f7eeee99aea145214e42f9ba7632f peer=0
2025-10-26T22:04:41Z UpdateTip: new best=2961871cf27496250f94002ea10382e3a11f7eeee99aea145214e42f9ba7632f height=513 version=0x20000000 log2_work=10.005625 tx=2913 date='2025-10-26T22:04:54Z' progress=1.000000 cache=0.3MiB(1214txo)
2025-10-26T22:04:41Z Saw new header hash=0ab2d1623b17624b4134cc5d214471437568c222e9285dd18558bc600df2f6eb height=514
2025-10-26T22:04:41Z Saw new cmpctblock header hash=0ab2d1623b17624b4134cc5d214471437568c222e9285dd18558bc600df2f6eb peer=0
2025-10-26T22:04:41Z UpdateTip: new best=0ab2d1623b17624b4134cc5d214471437568c222e9285dd18558bc600df2f6eb height=514 version=0x20000000 log2_work=10.008429 tx=2914 date='2025-10-26T22:04:54Z' progress=1.000000 cache=0.3MiB(1215txo)
2025-10-26T22:04:41Z Saw new header hash=1a1e99ef2dab0769bb31a86bfa150f3f83b0856f2d2bbd538ead2bebac5a6383 height=515
2025-10-26T22:04:41Z Saw new cmpctblock header hash=1a1e99ef2dab0769bb31a86bfa150f3f83b0856f2d2bbd538ead2bebac5a6383 peer=0
2025-10-26T22:04:41Z UpdateTip: new best=1a1e99ef2dab0769bb31a86bfa150f3f83b0856f2d2bbd538ead2bebac5a6383 height=515 version=0x20000000 log2_work=10.011227 tx=2915 date='2025-10-26T22:04:54Z' progress=1.000000 cache=0.3MiB(1216txo)
2025-10-26T22:04:41Z Saw new header hash=4d62cb4112181eb60f5c931168d3b7952007e863824e1198527bd30bd144e9af height=516
2025-10-26T22:04:41Z Saw new cmpctblock header hash=4d62cb4112181eb60f5c931168d3b7952007e863824e1198527bd30bd144e9af peer=2
2025-10-26T22:04:41Z UpdateTip: new best=4d62cb4112181eb60f5c931168d3b7952007e863824e1198527bd30bd144e9af height=516 version=0x20000000 log2_work=10.014020 tx=2916 date='2025-10-26T22:04:54Z' progress=1.000000 cache=0.3MiB(1217txo)
2025-10-26T22:04:41Z Saw new header hash=0af316b1a7b83892b5fa6258d22020638809102c4fa7bba1c0e98ca9fceb8bf8 height=517
2025-10-26T22:04:41Z Saw new cmpctblock header hash=0af316b1a7b83892b5fa6258d22020638809102c4fa7bba1c0e98ca9fceb8bf8 peer=0
2025-10-26T22:04:41Z UpdateTip: new best=0af316b1a7b83892b5fa6258d22020638809102c4fa7bba1c0e98ca9fceb8bf8 height=517 version=0x20000000 log2_work=10.016808 tx=2917 date='2025-10-26T22:04:54Z' progress=1.000000 cache=0.3MiB(1218txo)
2025-10-26T22:04:41Z Saw new header hash=56db93f5c961632019b96f7b81221d3c0b9c34a47e10cb23732490c80c68d5cf height=518
2025-10-26T22:04:41Z Saw new cmpctblock header hash=56db93f5c961632019b96f7b81221d3c0b9c34a47e10cb23732490c80c68d5cf peer=0
2025-10-26T22:04:41Z UpdateTip: new best=56db93f5c961632019b96f7b81221d3c0b9c34a47e10cb23732490c80c68d5cf height=518 version=0x20000000 log2_work=10.019591 tx=2918 date='2025-10-26T22:04:55Z' progress=1.000000 cache=0.3MiB(1219txo)
2025-10-26T22:04:41Z Saw new header hash=01cb4e860af09931b6fe6b9ac9550497004fa9967ce595026399aaa80d3e685a height=519
2025-10-26T22:04:41Z Saw new cmpctblock header hash=01cb4e860af09931b6fe6b9ac9550497004fa9967ce595026399aaa80d3e685a peer=0
2025-10-26T22:04:41Z UpdateTip: new best=01cb4e860af09931b6fe6b9ac9550497004fa9967ce595026399aaa80d3e685a height=519 version=0x20000000 log2_work=10.022368 tx=2919 date='2025-10-26T22:04:55Z' progress=1.000000 cache=0.3MiB(1220txo)
2025-10-26T22:04:41Z Saw new header hash=56e1c93ad11d3edb9b44359a453e9d978ac72a47cd68f47664a3f5e470489f97 height=520
2025-10-26T22:04:41Z Saw new cmpctblock header hash=56e1c93ad11d3edb9b44359a453e9d978ac72a47cd68f47664a3f5e470489f97 peer=0
2025-10-26T22:04:41Z UpdateTip: new best=56e1c93ad11d3edb9b44359a453e9d978ac72a47cd68f47664a3f5e470489f97 height=520 version=0x20000000 log2_work=10.025140 tx=2920 date='2025-10-26T22:04:55Z' progress=1.000000 cache=0.3MiB(1221txo)
2025-10-26T22:04:41Z Saw new header hash=6269be1c1ad662f630f311e033bed46c65f4715da66c539742689ff409493ad3 height=521
2025-10-26T22:04:41Z Saw new cmpctblock header hash=6269be1c1ad662f630f311e033bed46c65f4715da66c539742689ff409493ad3 peer=2
2025-10-26T22:04:41Z UpdateTip: new best=6269be1c1ad662f630f311e033bed46c65f4715da66c539742689ff409493ad3 height=521 version=0x20000000 log2_work=10.027906 tx=2921 date='2025-10-26T22:04:55Z' progress=1.000000 cache=0.3MiB(1222txo)
2025-10-26T22:04:42Z Saw new header hash=12e9c8c028973de870a53c4467fca341740a55773e8abc3aecabd2cc61bbe08b height=522
2025-10-26T22:04:42Z Saw new cmpctblock header hash=12e9c8c028973de870a53c4467fca341740a55773e8abc3aecabd2cc61bbe08b peer=0
2025-10-26T22:04:42Z UpdateTip: new best=12e9c8c028973de870a53c4467fca341740a55773e8abc3aecabd2cc61bbe08b height=522 version=0x20000000 log2_work=10.030667 tx=2922 date='2025-10-26T22:04:55Z' progress=1.000000 cache=0.3MiB(1223txo)
2025-10-26T22:04:42Z Saw new header hash=62b71d4105b875cf4edb01925dbe219eca9cf4883596b28462715af97c95dc3e height=523
2025-10-26T22:04:42Z Saw new cmpctblock header hash=62b71d4105b875cf4edb01925dbe219eca9cf4883596b28462715af97c95dc3e peer=2
2025-10-26T22:04:42Z UpdateTip: new best=62b71d4105b875cf4edb01925dbe219eca9cf4883596b28462715af97c95dc3e height=523 version=0x20000000 log2_work=10.033423 tx=2923 date='2025-10-26T22:04:55Z' progress=1.000000 cache=0.3MiB(1224txo)
2025-10-26T22:04:42Z Saw new header hash=0ea2d9ca1110b52be7d40dc4d94765ca792106211a37e39a2ab6f3111de6c298 height=524
2025-10-26T22:04:42Z Saw new cmpctblock header hash=0ea2d9ca1110b52be7d40dc4d94765ca792106211a37e39a2ab6f3111de6c298 peer=0
2025-10-26T22:04:42Z UpdateTip: new best=0ea2d9ca1110b52be7d40dc4d94765ca792106211a37e39a2ab6f3111de6c298 height=524 version=0x20000000 log2_work=10.036174 tx=2924 date='2025-10-26T22:04:56Z' progress=1.000000 cache=0.3MiB(1225txo)
2025-10-26T22:04:42Z Saw new header hash=3aecca1892bb95cd08781ed535d8c5c4b9d99adc05bc69b6f934aa2011aea43c height=525
2025-10-26T22:04:42Z Saw new cmpctblock header hash=3aecca1892bb95cd08781ed535d8c5c4b9d99adc05bc69b6f934aa2011aea43c peer=0
2025-10-26T22:04:42Z UpdateTip: new best=3aecca1892bb95cd08781ed535d8c5c4b9d99adc05bc69b6f934aa2011aea43c height=525 version=0x20000000 log2_work=10.038919 tx=2925 date='2025-10-26T22:04:56Z' progress=1.000000 cache=0.3MiB(1226txo)
2025-10-26T22:04:42Z Saw new header hash=6948dae69fe29393be755efe3e989e215adb27a69d29a4f7d8ad3a640d366550 height=526
2025-10-26T22:04:42Z Saw new cmpctblock header hash=6948dae69fe29393be755efe3e989e215adb27a69d29a4f7d8ad3a640d366550 peer=2
2025-10-26T22:04:42Z UpdateTip: new best=6948dae69fe29393be755efe3e989e215adb27a69d29a4f7d8ad3a640d366550 height=526 version=0x20000000 log2_work=10.041659 tx=2926 date='2025-10-26T22:04:56Z' progress=1.000000 cache=0.3MiB(1227txo)
2025-10-26T22:04:42Z Saw new header hash=38a98e0fa4547f7bdeeceaed754063bd51e780916596f8140ff88c35db8d4dcd height=527
2025-10-26T22:04:42Z Saw new cmpctblock header hash=38a98e0fa4547f7bdeeceaed754063bd51e780916596f8140ff88c35db8d4dcd peer=0
2025-10-26T22:04:42Z UpdateTip: new best=38a98e0fa4547f7bdeeceaed754063bd51e780916596f8140ff88c35db8d4dcd height=527 version=0x20000000 log2_work=10.044394 tx=2927 date='2025-10-26T22:04:56Z' progress=1.000000 cache=0.3MiB(1228txo)
2025-10-26T22:04:42Z Saw new header hash=1e90252f0e266a1a66d192c6b5104045a002017cfe3ddf4191f54ed3b980769f height=528
2025-10-26T22:04:42Z Saw new cmpctblock header hash=1e90252f0e266a1a66d192c6b5104045a002017cfe3ddf4191f54ed3b980769f peer=0
2025-10-26T22:04:42Z UpdateTip: new best=1e90252f0e266a1a66d192c6b5104045a002017cfe3ddf4191f54ed3b980769f height=528 version=0x20000000 log2_work=10.047124 tx=2928 date='2025-10-26T22:04:56Z' progress=1.000000 cache=0.3MiB(1229txo)
2025-10-26T22:04:42Z Saw new header hash=54b535b77af90d018a02053cb17469a45d020ee5022eb96683b565d30c9e801d height=529
2025-10-26T22:04:42Z Saw new cmpctblock header hash=54b535b77af90d018a02053cb17469a45d020ee5022eb96683b565d30c9e801d peer=0
2025-10-26T22:04:42Z UpdateTip: new best=54b535b77af90d018a02053cb17469a45d020ee5022eb96683b565d30c9e801d height=529 version=0x20000000 log2_work=10.049849 tx=2929 date='2025-10-26T22:04:56Z' progress=1.000000 cache=0.3MiB(1230txo)
2025-10-26T22:04:42Z Saw new header hash=262eec1e2d109d7e017171475bd1806f3c6ae65e10691365495382e1d413dace height=530
2025-10-26T22:04:42Z Saw new cmpctblock header hash=262eec1e2d109d7e017171475bd1806f3c6ae65e10691365495382e1d413dace peer=0
2025-10-26T22:04:42Z UpdateTip: new best=262eec1e2d109d7e017171475bd1806f3c6ae65e10691365495382e1d413dace height=530 version=0x20000000 log2_work=10.052568 tx=2930 date='2025-10-26T22:04:57Z' progress=1.000000 cache=0.3MiB(1231txo)
2025-10-26T22:04:42Z Saw new header hash=68e11150194723cd7f8ec0203ba47cffe4134d80f3dd02e2ff78fb848de3f2ff height=531
2025-10-26T22:04:42Z Saw new cmpctblock header hash=68e11150194723cd7f8ec0203ba47cffe4134d80f3dd02e2ff78fb848de3f2ff peer=0
2025-10-26T22:04:42Z UpdateTip: new best=68e11150194723cd7f8ec0203ba47cffe4134d80f3dd02e2ff78fb848de3f2ff height=531 version=0x20000000 log2_work=10.055282 tx=2931 date='2025-10-26T22:04:57Z' progress=1.000000 cache=0.3MiB(1232txo)
2025-10-26T22:04:42Z Saw new header hash=069a1c457721cf0127e6b08a5da0b80cabbb0b10caf9b340018bfec13dd9347f height=532
2025-10-26T22:04:42Z Saw new cmpctblock header hash=069a1c457721cf0127e6b08a5da0b80cabbb0b10caf9b340018bfec13dd9347f peer=2
2025-10-26T22:04:42Z UpdateTip: new best=069a1c457721cf0127e6b08a5da0b80cabbb0b10caf9b340018bfec13dd9347f height=532 version=0x20000000 log2_work=10.057992 tx=2932 date='2025-10-26T22:04:57Z' progress=1.000000 cache=0.3MiB(1233txo)
2025-10-26T22:04:42Z Saw new header hash=7f98646758c7bec540ff7092ab353567467af74fe3abb3837df4d2d28bf3aef5 height=533
2025-10-26T22:04:42Z Saw new cmpctblock header hash=7f98646758c7bec540ff7092ab353567467af74fe3abb3837df4d2d28bf3aef5 peer=2
2025-10-26T22:04:42Z UpdateTip: new best=7f98646758c7bec540ff7092ab353567467af74fe3abb3837df4d2d28bf3aef5 height=533 version=0x20000000 log2_work=10.060696 tx=2933 date='2025-10-26T22:04:57Z' progress=1.000000 cache=0.3MiB(1234txo)
2025-10-26T22:04:42Z Saw new header hash=3870e743daabae676e1660edaefa15393d92aee0bf3553c75a0e44a7be2ba0a3 height=534
2025-10-26T22:04:42Z Saw new cmpctblock header hash=3870e743daabae676e1660edaefa15393d92aee0bf3553c75a0e44a7be2ba0a3 peer=2
2025-10-26T22:04:42Z UpdateTip: new best=3870e743daabae676e1660edaefa15393d92aee0bf3553c75a0e44a7be2ba0a3 height=534 version=0x20000000 log2_work=10.063395 tx=2934 date='2025-10-26T22:04:57Z' progress=1.000000 cache=0.3MiB(1235txo)
2025-10-26T22:04:42Z Saw new header hash=17932ed1ca1cdf1cedf27b0ad9d8599bd3c5f6f1ad64af6c1f8d04a1272d1cc8 height=535
2025-10-26T22:04:42Z Saw new cmpctblock header hash=17932ed1ca1cdf1cedf27b0ad9d8599bd3c5f6f1ad64af6c1f8d04a1272d1cc8 peer=2
2025-10-26T22:04:42Z UpdateTip: new best=17932ed1ca1cdf1cedf27b0ad9d8599bd3c5f6f1ad64af6c1f8d04a1272d1cc8 height=535 version=0x20000000 log2_work=10.066089 tx=2935 date='2025-10-26T22:04:57Z' progress=1.000000 cache=0.3MiB(1236txo)
2025-10-26T22:04:42Z Saw new header hash=60b2a28c7dd61599a888680a9f4148609c615ac71b64e378b2c360a6ee8223fd height=536
2025-10-26T22:04:42Z Saw new cmpctblock header hash=60b2a28c7dd61599a888680a9f4148609c615ac71b64e378b2c360a6ee8223fd peer=0
2025-10-26T22:04:42Z UpdateTip: new best=60b2a28c7dd61599a888680a9f4148609c615ac71b64e378b2c360a6ee8223fd height=536 version=0x20000000 log2_work=10.068778 tx=2936 date='2025-10-26T22:04:58Z' progress=1.000000 cache=0.3MiB(1237txo)
2025-10-26T22:04:42Z Saw new header hash=22e8fd367e98426dd143c0244be086f85bb96bea352b607068fa03c65500f594 height=537
2025-10-26T22:04:42Z Saw new cmpctblock header hash=22e8fd367e98426dd143c0244be086f85bb96bea352b607068fa03c65500f594 peer=0
2025-10-26T22:04:42Z UpdateTip: new best=22e8fd367e98426dd143c0244be086f85bb96bea352b607068fa03c65500f594 height=537 version=0x20000000 log2_work=10.071462 tx=2937 date='2025-10-26T22:04:58Z' progress=1.000000 cache=0.3MiB(1238txo)
2025-10-26T22:04:42Z Saw new header hash=1a007c29b8462409332de65ee0d0f5bb646cbd6a9a4d98a672212b73500b71f6 height=538
2025-10-26T22:04:42Z Saw new cmpctblock header hash=1a007c29b8462409332de65ee0d0f5bb646cbd6a9a4d98a672212b73500b71f6 peer=0
2025-10-26T22:04:42Z UpdateTip: new best=1a007c29b8462409332de65ee0d0f5bb646cbd6a9a4d98a672212b73500b71f6 height=538 version=0x20000000 log2_work=10.074141 tx=2938 date='2025-10-26T22:04:58Z' progress=1.000000 cache=0.3MiB(1239txo)
2025-10-26T22:04:43Z Saw new header hash=22bb1cef5e0ae6cf9e333cfbaa1fe1505900dba746e80c5e060d8d9acbed2085 height=539
2025-10-26T22:04:43Z Saw new cmpctblock header hash=22bb1cef5e0ae6cf9e333cfbaa1fe1505900dba746e80c5e060d8d9acbed2085 peer=0
2025-10-26T22:04:43Z UpdateTip: new best=22bb1cef5e0ae6cf9e333cfbaa1fe1505900dba746e80c5e060d8d9acbed2085 height=539 version=0x20000000 log2_work=10.076816 tx=2939 date='2025-10-26T22:04:58Z' progress=1.000000 cache=0.3MiB(1240txo)
2025-10-26T22:04:43Z Saw new header hash=2f74881b6575c5b8eedb399893ea5da429d92980831fc4b08cbbb52f80d1475d height=540
2025-10-26T22:04:43Z Saw new cmpctblock header hash=2f74881b6575c5b8eedb399893ea5da429d92980831fc4b08cbbb52f80d1475d peer=0
2025-10-26T22:04:43Z UpdateTip: new best=2f74881b6575c5b8eedb399893ea5da429d92980831fc4b08cbbb52f80d1475d height=540 version=0x20000000 log2_work=10.079485 tx=2940 date='2025-10-26T22:04:58Z' progress=1.000000 cache=0.3MiB(1241txo)
2025-10-26T22:04:43Z Saw new header hash=05a7dd721cd732009d7eaa6215d2abcc0ff29d16e4026cc544d5a32e7b8ef573 height=541
2025-10-26T22:04:43Z Saw new cmpctblock header hash=05a7dd721cd732009d7eaa6215d2abcc0ff29d16e4026cc544d5a32e7b8ef573 peer=0
2025-10-26T22:04:43Z UpdateTip: new best=05a7dd721cd732009d7eaa6215d2abcc0ff29d16e4026cc544d5a32e7b8ef573 height=541 version=0x20000000 log2_work=10.082149 tx=2941 date='2025-10-26T22:04:58Z' progress=1.000000 cache=0.3MiB(1242txo)
2025-10-26T22:04:43Z Saw new header hash=584208a07ed571a7f1bee2574edc294a8a4255400df6f1dff0d4a25fbb6e6701 height=542
2025-10-26T22:04:43Z Saw new cmpctblock header hash=584208a07ed571a7f1bee2574edc294a8a4255400df6f1dff0d4a25fbb6e6701 peer=2
2025-10-26T22:04:43Z UpdateTip: new best=584208a07ed571a7f1bee2574edc294a8a4255400df6f1dff0d4a25fbb6e6701 height=542 version=0x20000000 log2_work=10.084808 tx=2942 date='2025-10-26T22:04:59Z' progress=1.000000 cache=0.3MiB(1243txo)
2025-10-26T22:04:43Z Saw new header hash=4d73c3f7bb0c705fde7afb1a8f44e076d63f04f87697af35b88c1d1662461da1 height=543
2025-10-26T22:04:43Z Saw new cmpctblock header hash=4d73c3f7bb0c705fde7afb1a8f44e076d63f04f87697af35b88c1d1662461da1 peer=0
2025-10-26T22:04:43Z UpdateTip: new best=4d73c3f7bb0c705fde7afb1a8f44e076d63f04f87697af35b88c1d1662461da1 height=543 version=0x20000000 log2_work=10.087463 tx=2943 date='2025-10-26T22:04:59Z' progress=1.000000 cache=0.3MiB(1244txo)
2025-10-26T22:04:43Z Saw new header hash=1f4aa490c10790cac06cf735f2b1cb09e1dbe86be530d812b5669a7b4127e08a height=544
2025-10-26T22:04:43Z Saw new cmpctblock header hash=1f4aa490c10790cac06cf735f2b1cb09e1dbe86be530d812b5669a7b4127e08a peer=2
2025-10-26T22:04:43Z UpdateTip: new best=1f4aa490c10790cac06cf735f2b1cb09e1dbe86be530d812b5669a7b4127e08a height=544 version=0x20000000 log2_work=10.090112 tx=2944 date='2025-10-26T22:04:59Z' progress=1.000000 cache=0.3MiB(1245txo)
2025-10-26T22:04:59Z Saw new header hash=6ca3e03e49ce7721c43bad3eb7af0dd98febe230b3fcc06d7d70589856b93405 height=545
2025-10-26T22:04:59Z Saw new cmpctblock header hash=6ca3e03e49ce7721c43bad3eb7af0dd98febe230b3fcc06d7d70589856b93405 peer=0
2025-10-26T22:04:59Z UpdateTip: new best=6ca3e03e49ce7721c43bad3eb7af0dd98febe230b3fcc06d7d70589856b93405 height=545 version=0x20000000 log2_work=10.092757 tx=2945 date='2025-10-26T22:04:59Z' progress=1.000000 cache=0.3MiB(1246txo)
2025-10-26T22:04:59Z Saw new header hash=5b38e081605981a8e930407adc9646f1f2ccc26039e4704dcec9555a782cc401 height=546
2025-10-26T22:04:59Z Saw new cmpctblock header hash=5b38e081605981a8e930407adc9646f1f2ccc26039e4704dcec9555a782cc401 peer=2
2025-10-26T22:04:59Z UpdateTip: new best=5b38e081605981a8e930407adc9646f1f2ccc26039e4704dcec9555a782cc401 height=546 version=0x20000000 log2_work=10.095397 tx=2946 date='2025-10-26T22:04:59Z' progress=1.000000 cache=0.3MiB(1247txo)
2025-10-26T22:04:59Z Saw new header hash=328205bc9cc25681e2e0660f02fd56ca7b2db20e79347a2756e64a5acc53ae52 height=547
2025-10-26T22:04:59Z Saw new cmpctblock header hash=328205bc9cc25681e2e0660f02fd56ca7b2db20e79347a2756e64a5acc53ae52 peer=2
2025-10-26T22:04:59Z UpdateTip: new best=328205bc9cc25681e2e0660f02fd56ca7b2db20e79347a2756e64a5acc53ae52 height=547 version=0x20000000 log2_work=10.098032 tx=2947 date='2025-10-26T22:04:59Z' progress=1.000000 cache=0.3MiB(1248txo)
2025-10-26T22:04:59Z Saw new header hash=7169e090f2ee81cb1656c19fbfaa32c85152fd75958b73bf9c6f1db869915a96 height=548
2025-10-26T22:04:59Z Saw new cmpctblock header hash=7169e090f2ee81cb1656c19fbfaa32c85152fd75958b73bf9c6f1db869915a96 peer=0
2025-10-26T22:04:59Z UpdateTip: new best=7169e090f2ee81cb1656c19fbfaa32c85152fd75958b73bf9c6f1db869915a96 height=548 version=0x20000000 log2_work=10.100662 tx=2948 date='2025-10-26T22:05:00Z' progress=1.000000 cache=0.3MiB(1249txo)
2025-10-26T22:04:59Z Saw new header hash=41266bab3761aae5c4c716e329fbf2085616ea4ac58a9e453abd433e03442086 height=549
2025-10-26T22:04:59Z Saw new cmpctblock header hash=41266bab3761aae5c4c716e329fbf2085616ea4ac58a9e453abd433e03442086 peer=0
2025-10-26T22:04:59Z UpdateTip: new best=41266bab3761aae5c4c716e329fbf2085616ea4ac58a9e453abd433e03442086 height=549 version=0x20000000 log2_work=10.103288 tx=2949 date='2025-10-26T22:05:00Z' progress=1.000000 cache=0.3MiB(1250txo)
2025-10-26T22:05:00Z Saw new header hash=186ff5190ef548b850bcfa0505e86997c0cd00c78b800142c13e6ba9cdf5ecda height=550
2025-10-26T22:05:00Z Saw new cmpctblock header hash=186ff5190ef548b850bcfa0505e86997c0cd00c78b800142c13e6ba9cdf5ecda peer=2
2025-10-26T22:05:00Z UpdateTip: new best=186ff5190ef548b850bcfa0505e86997c0cd00c78b800142c13e6ba9cdf5ecda height=550 version=0x20000000 log2_work=10.105909 tx=2950 date='2025-10-26T22:05:00Z' progress=1.000000 cache=0.3MiB(1251txo)
2025-10-26T22:05:00Z Saw new header hash=7e790f5a8207bff9513ddf237efea303e5b1d0f613d22397a789640b7cd59371 height=551
2025-10-26T22:05:00Z Saw new cmpctblock header hash=7e790f5a8207bff9513ddf237efea303e5b1d0f613d22397a789640b7cd59371 peer=0
2025-10-26T22:05:00Z UpdateTip: new best=7e790f5a8207bff9513ddf237efea303e5b1d0f613d22397a789640b7cd59371 height=551 version=0x20000000 log2_work=10.108524 tx=2951 date='2025-10-26T22:05:00Z' progress=1.000000 cache=0.3MiB(1252txo)
2025-10-26T22:05:00Z Saw new header hash=2499a9bd21cd6fee2446d8f6c375f1cdafd52ecd9bdd31ab68d3ceabea9b4774 height=552
2025-10-26T22:05:00Z Saw new cmpctblock header hash=2499a9bd21cd6fee2446d8f6c375f1cdafd52ecd9bdd31ab68d3ceabea9b4774 peer=2
2025-10-26T22:05:00Z UpdateTip: new best=2499a9bd21cd6fee2446d8f6c375f1cdafd52ecd9bdd31ab68d3ceabea9b4774 height=552 version=0x20000000 log2_work=10.111136 tx=2952 date='2025-10-26T22:05:00Z' progress=1.000000 cache=0.3MiB(1253txo)
2025-10-26T22:05:00Z Saw new header hash=494c84bae37a96ebb05ec984ec23c6a047ddf6d4d00b00f284d5ca64634a2157 height=553
2025-10-26T22:05:00Z Saw new cmpctblock header hash=494c84bae37a96ebb05ec984ec23c6a047ddf6d4d00b00f284d5ca64634a2157 peer=0
2025-10-26T22:05:00Z UpdateTip: new best=494c84bae37a96ebb05ec984ec23c6a047ddf6d4d00b00f284d5ca64634a2157 height=553 version=0x20000000 log2_work=10.113742 tx=2953 date='2025-10-26T22:05:00Z' progress=1.000000 cache=0.3MiB(1254txo)
2025-10-26T22:05:00Z Saw new header hash=41bc6e48e2a791e02f661ee4a0156dfcc5775971c1a12d59aa2addb571c10c47 height=554
2025-10-26T22:05:00Z Saw new cmpctblock header hash=41bc6e48e2a791e02f661ee4a0156dfcc5775971c1a12d59aa2addb571c10c47 peer=0
2025-10-26T22:05:00Z UpdateTip: new best=41bc6e48e2a791e02f661ee4a0156dfcc5775971c1a12d59aa2addb571c10c47 height=554 version=0x20000000 log2_work=10.116344 tx=2954 date='2025-10-26T22:05:01Z' progress=1.000000 cache=0.3MiB(1255txo)
2025-10-26T22:05:00Z Saw new header hash=007877091e906122929bed32a93b91e0d9d2a20cc400015a7870b085d838cf50 height=555
2025-10-26T22:05:00Z Saw new cmpctblock header hash=007877091e906122929bed32a93b91e0d9d2a20cc400015a7870b085d838cf50 peer=0
2025-10-26T22:05:00Z UpdateTip: new best=007877091e906122929bed32a93b91e0d9d2a20cc400015a7870b085d838cf50 height=555 version=0x20000000 log2_work=10.118941 tx=2955 date='2025-10-26T22:05:01Z' progress=1.000000 cache=0.3MiB(1256txo)
2025-10-26T22:05:00Z Saw new header hash=4d73df0e23aef60390e30d315bbaa933300c17551b8e1abfbcd0873120ee5191 height=556
2025-10-26T22:05:00Z Saw new cmpctblock header hash=4d73df0e23aef60390e30d315bbaa933300c17551b8e1abfbcd0873120ee5191 peer=0
2025-10-26T22:05:00Z UpdateTip: new best=4d73df0e23aef60390e30d315bbaa933300c17551b8e1abfbcd0873120ee5191 height=556 version=0x20000000 log2_work=10.121534 tx=2956 date='2025-10-26T22:05:01Z' progress=1.000000 cache=0.3MiB(1257txo)
2025-10-26T22:05:00Z Saw new header hash=444ca017d05c77adf37449ae51e39a48ec5d4cf14dc5c1a5bf44c13be39d1ae9 height=557
2025-10-26T22:05:00Z Saw new cmpctblock header hash=444ca017d05c77adf37449ae51e39a48ec5d4cf14dc5c1a5bf44c13be39d1ae9 peer=0
2025-10-26T22:05:00Z UpdateTip: new best=444ca017d05c77adf37449ae51e39a48ec5d4cf14dc5c1a5bf44c13be39d1ae9 height=557 version=0x20000000 log2_work=10.124121 tx=2957 date='2025-10-26T22:05:01Z' progress=1.000000 cache=0.3MiB(1258txo)
2025-10-26T22:05:00Z Saw new header hash=00043aa69afbc9b1857b31836e34fc1d3b62864a68169add1be9eb8210e6c074 height=558
2025-10-26T22:05:00Z Saw new cmpctblock header hash=00043aa69afbc9b1857b31836e34fc1d3b62864a68169add1be9eb8210e6c074 peer=2
2025-10-26T22:05:00Z UpdateTip: new best=00043aa69afbc9b1857b31836e34fc1d3b62864a68169add1be9eb8210e6c074 height=558 version=0x20000000 log2_work=10.126704 tx=2958 date='2025-10-26T22:05:01Z' progress=1.000000 cache=0.3MiB(1259txo)
2025-10-26T22:05:00Z Saw new header hash=7187b349f2dd0520050b150cc4ac89ae03bf5720a904b76aec6ce632c868a4c5 height=559
2025-10-26T22:05:00Z Saw new cmpctblock header hash=7187b349f2dd0520050b150cc4ac89ae03bf5720a904b76aec6ce632c868a4c5 peer=0
2025-10-26T22:05:00Z UpdateTip: new best=7187b349f2dd0520050b150cc4ac89ae03bf5720a904b76aec6ce632c868a4c5 height=559 version=0x20000000 log2_work=10.129283 tx=2959 date='2025-10-26T22:05:01Z' progress=1.000000 cache=0.3MiB(1260txo)
2025-10-26T22:05:01Z Saw new header hash=301df41007e670d6f1fcee5c21dbe9ec6be19f6cc8a6672b5bbff56ce7eb8c25 height=560
2025-10-26T22:05:01Z Saw new cmpctblock header hash=301df41007e670d6f1fcee5c21dbe9ec6be19f6cc8a6672b5bbff56ce7eb8c25 peer=0
2025-10-26T22:05:01Z UpdateTip: new best=301df41007e670d6f1fcee5c21dbe9ec6be19f6cc8a6672b5bbff56ce7eb8c25 height=560 version=0x20000000 log2_work=10.131857 tx=2960 date='2025-10-26T22:05:02Z' progress=1.000000 cache=0.3MiB(1261txo)
2025-10-26T22:05:01Z Saw new header hash=4c2b343ff1ecbb585c4efa21ca33590692b504b75d4bd55f4502fcc2a0f25dbc height=561
2025-10-26T22:05:01Z Saw new cmpctblock header hash=4c2b343ff1ecbb585c4efa21ca33590692b504b75d4bd55f4502fcc2a0f25dbc peer=0
2025-10-26T22:05:01Z UpdateTip: new best=4c2b343ff1ecbb585c4efa21ca33590692b504b75d4bd55f4502fcc2a0f25dbc height=561 version=0x20000000 log2_work=10.134426 tx=2961 date='2025-10-26T22:05:02Z' progress=1.000000 cache=0.3MiB(1262txo)
2025-10-26T22:05:01Z Saw new header hash=14f93e70fb006e258be5b800f662ee325e45d17030d5ac9ef7b83995bdf49b30 height=562
2025-10-26T22:05:01Z Saw new cmpctblock header hash=14f93e70fb006e258be5b800f662ee325e45d17030d5ac9ef7b83995bdf49b30 peer=0
2025-10-26T22:05:01Z UpdateTip: new best=14f93e70fb006e258be5b800f662ee325e45d17030d5ac9ef7b83995bdf49b30 height=562 version=0x20000000 log2_work=10.136991 tx=2962 date='2025-10-26T22:05:02Z' progress=1.000000 cache=0.3MiB(1263txo)
2025-10-26T22:05:01Z Saw new header hash=1ef8e1eddaa9c7cfe041055dc1da824def3faac1e9e43a808e9f7c09d8996cdb height=563
2025-10-26T22:05:01Z Saw new cmpctblock header hash=1ef8e1eddaa9c7cfe041055dc1da824def3faac1e9e43a808e9f7c09d8996cdb peer=0
2025-10-26T22:05:01Z UpdateTip: new best=1ef8e1eddaa9c7cfe041055dc1da824def3faac1e9e43a808e9f7c09d8996cdb height=563 version=0x20000000 log2_work=10.139551 tx=2963 date='2025-10-26T22:05:02Z' progress=1.000000 cache=0.3MiB(1264txo)
2025-10-26T22:05:01Z Saw new header hash=3699fdafb6c9d7a3d43289c84675425fb2a961ddf2ddaf9375eee58f777723e2 height=564
2025-10-26T22:05:01Z Saw new cmpctblock header hash=3699fdafb6c9d7a3d43289c84675425fb2a961ddf2ddaf9375eee58f777723e2 peer=0
2025-10-26T22:05:01Z UpdateTip: new best=3699fdafb6c9d7a3d43289c84675425fb2a961ddf2ddaf9375eee58f777723e2 height=564 version=0x20000000 log2_work=10.142107 tx=2964 date='2025-10-26T22:05:02Z' progress=1.000000 cache=0.3MiB(1265txo)
2025-10-26T22:05:01Z Saw new header hash=0b73a8da5d33d073b590317efa55e355e527e0878c6d3a9c1aad0c5b6c6cb52c height=565
2025-10-26T22:05:01Z Saw new cmpctblock header hash=0b73a8da5d33d073b590317efa55e355e527e0878c6d3a9c1aad0c5b6c6cb52c peer=0
2025-10-26T22:05:01Z UpdateTip: new best=0b73a8da5d33d073b590317efa55e355e527e0878c6d3a9c1aad0c5b6c6cb52c height=565 version=0x20000000 log2_work=10.144658 tx=2965 date='2025-10-26T22:05:02Z' progress=1.000000 cache=0.3MiB(1266txo)
2025-10-26T22:05:01Z Saw new header hash=2a3ac0ad5bfd3e6d7458b1444e73a7b539184400e2e230b9a99782f5fba2684a height=566
2025-10-26T22:05:01Z Saw new cmpctblock header hash=2a3ac0ad5bfd3e6d7458b1444e73a7b539184400e2e230b9a99782f5fba2684a peer=2
2025-10-26T22:05:01Z UpdateTip: new best=2a3ac0ad5bfd3e6d7458b1444e73a7b539184400e2e230b9a99782f5fba2684a height=566 version=0x20000000 log2_work=10.147205 tx=2966 date='2025-10-26T22:05:03Z' progress=1.000000 cache=0.3MiB(1267txo)
2025-10-26T22:05:01Z Saw new header hash=5f14f82a0929027c8ae0b37cb91df65436a7b5ee8d6aa566663fa4c0204d1299 height=567
2025-10-26T22:05:01Z Saw new cmpctblock header hash=5f14f82a0929027c8ae0b37cb91df65436a7b5ee8d6aa566663fa4c0204d1299 peer=0
2025-10-26T22:05:01Z UpdateTip: new best=5f14f82a0929027c8ae0b37cb91df65436a7b5ee8d6aa566663fa4c0204d1299 height=567 version=0x20000000 log2_work=10.149747 tx=2967 date='2025-10-26T22:05:03Z' progress=1.000000 cache=0.3MiB(1268txo)
2025-10-26T22:05:01Z Saw new header hash=577736ec5ed8647e241c4bd454a636defe1840fca19f12b74ced98c05b5a1e23 height=568
2025-10-26T22:05:01Z Saw new cmpctblock header hash=577736ec5ed8647e241c4bd454a636defe1840fca19f12b74ced98c05b5a1e23 peer=0
2025-10-26T22:05:01Z UpdateTip: new best=577736ec5ed8647e241c4bd454a636defe1840fca19f12b74ced98c05b5a1e23 height=568 version=0x20000000 log2_work=10.152285 tx=2968 date='2025-10-26T22:05:03Z' progress=1.000000 cache=0.3MiB(1269txo)
2025-10-26T22:05:01Z Saw new header hash=7e1e9c9c5ff54a5afb45c133876e24de955d7b08c14d64ad9b42cd7d8791e122 height=569
2025-10-26T22:05:01Z Saw new cmpctblock header hash=7e1e9c9c5ff54a5afb45c133876e24de955d7b08c14d64ad9b42cd7d8791e122 peer=2
2025-10-26T22:05:01Z UpdateTip: new best=7e1e9c9c5ff54a5afb45c133876e24de955d7b08c14d64ad9b42cd7d8791e122 height=569 version=0x20000000 log2_work=10.154818 tx=2969 date='2025-10-26T22:05:03Z' progress=1.000000 cache=0.3MiB(1270txo)
2025-10-26T22:05:01Z Saw new header hash=2fbc98d2f3f0a484c441c00f459f150f35846db8973b10a15ee5d9a69945daf8 height=570
2025-10-26T22:05:01Z Saw new cmpctblock header hash=2fbc98d2f3f0a484c441c00f459f150f35846db8973b10a15ee5d9a69945daf8 peer=2
2025-10-26T22:05:01Z UpdateTip: new best=2fbc98d2f3f0a484c441c00f459f150f35846db8973b10a15ee5d9a69945daf8 height=570 version=0x20000000 log2_work=10.157347 tx=2970 date='2025-10-26T22:05:03Z' progress=1.000000 cache=0.3MiB(1271txo)
2025-10-26T22:05:01Z Saw new header hash=4b377f5a504082c36606ab7a65501da388dc2f2674c9f3791cfc43c4700e6c79 height=571
2025-10-26T22:05:01Z Saw new cmpctblock header hash=4b377f5a504082c36606ab7a65501da388dc2f2674c9f3791cfc43c4700e6c79 peer=2
2025-10-26T22:05:01Z UpdateTip: new best=4b377f5a504082c36606ab7a65501da388dc2f2674c9f3791cfc43c4700e6c79 height=571 version=0x20000000 log2_work=10.159871 tx=2971 date='2025-10-26T22:05:03Z' progress=1.000000 cache=0.3MiB(1272txo)
2025-10-26T22:05:01Z Saw new header hash=5cc169aa7861eb90a103c159b361ef04db8eab631a8b07d6dbb197d7575c43c8 height=572
2025-10-26T22:05:01Z Saw new cmpctblock header hash=5cc169aa7861eb90a103c159b361ef04db8eab631a8b07d6dbb197d7575c43c8 peer=0
2025-10-26T22:05:01Z UpdateTip: new best=5cc169aa7861eb90a103c159b361ef04db8eab631a8b07d6dbb197d7575c43c8 height=572 version=0x20000000 log2_work=10.162391 tx=2972 date='2025-10-26T22:05:04Z' progress=1.000000 cache=0.3MiB(1273txo)
2025-10-26T22:05:02Z Saw new header hash=7b5e68fc4940898b5dfca69d15ff85601942cab395f568fb6d024026e22018f4 height=573
2025-10-26T22:05:02Z Saw new cmpctblock header hash=7b5e68fc4940898b5dfca69d15ff85601942cab395f568fb6d024026e22018f4 peer=0
2025-10-26T22:05:02Z UpdateTip: new best=7b5e68fc4940898b5dfca69d15ff85601942cab395f568fb6d024026e22018f4 height=573 version=0x20000000 log2_work=10.164907 tx=2973 date='2025-10-26T22:05:04Z' progress=1.000000 cache=0.3MiB(1274txo)
2025-10-26T22:05:02Z Saw new header hash=4da1f727d4bf37388ff265fffd3a938ce2cbc46952d0d4d1ec1e3e3cab52ba38 height=574
2025-10-26T22:05:02Z Saw new cmpctblock header hash=4da1f727d4bf37388ff265fffd3a938ce2cbc46952d0d4d1ec1e3e3cab52ba38 peer=0
2025-10-26T22:05:02Z UpdateTip: new best=4da1f727d4bf37388ff265fffd3a938ce2cbc46952d0d4d1ec1e3e3cab52ba38 height=574 version=0x20000000 log2_work=10.167418 tx=2974 date='2025-10-26T22:05:04Z' progress=1.000000 cache=0.3MiB(1275txo)
2025-10-26T22:05:02Z Saw new header hash=48cc73ea3b6708cd2c3f3a3c9208d7ad808122cdce54b1a2d7534b26af4b6233 height=575
2025-10-26T22:05:02Z Saw new cmpctblock header hash=48cc73ea3b6708cd2c3f3a3c9208d7ad808122cdce54b1a2d7534b26af4b6233 peer=0
2025-10-26T22:05:02Z UpdateTip: new best=48cc73ea3b6708cd2c3f3a3c9208d7ad808122cdce54b1a2d7534b26af4b6233 height=575 version=0x20000000 log2_work=10.169925 tx=2975 date='2025-10-26T22:05:04Z' progress=1.000000 cache=0.3MiB(1276txo)
2025-10-26T22:05:02Z Saw new header hash=59163123ca19ea9313c84b9c5c22ff96f0f0aa8d771800637dc01a4536978602 height=576
2025-10-26T22:05:02Z Saw new cmpctblock header hash=59163123ca19ea9313c84b9c5c22ff96f0f0aa8d771800637dc01a4536978602 peer=0
2025-10-26T22:05:02Z UpdateTip: new best=59163123ca19ea9313c84b9c5c22ff96f0f0aa8d771800637dc01a4536978602 height=576 version=0x20000000 log2_work=10.172428 tx=2976 date='2025-10-26T22:05:04Z' progress=1.000000 cache=0.3MiB(1277txo)
2025-10-26T22:05:02Z Saw new header hash=7f049ad9f09695697a0c93d2831a8a3344b1bd09113d3a6ae334d3019fc22ee4 height=577
2025-10-26T22:05:02Z Saw new cmpctblock header hash=7f049ad9f09695697a0c93d2831a8a3344b1bd09113d3a6ae334d3019fc22ee4 peer=0
2025-10-26T22:05:02Z UpdateTip: new best=7f049ad9f09695697a0c93d2831a8a3344b1bd09113d3a6ae334d3019fc22ee4 height=577 version=0x20000000 log2_work=10.174926 tx=2977 date='2025-10-26T22:05:04Z' progress=1.000000 cache=0.3MiB(1278txo)
2025-10-26T22:05:02Z Saw new header hash=3ae8790ab5a6e11112d58e8894fb0200c991986a5d0cf2033c1669c38a8fd9ab height=578
2025-10-26T22:05:02Z Saw new cmpctblock header hash=3ae8790ab5a6e11112d58e8894fb0200c991986a5d0cf2033c1669c38a8fd9ab peer=0
2025-10-26T22:05:02Z UpdateTip: new best=3ae8790ab5a6e11112d58e8894fb0200c991986a5d0cf2033c1669c38a8fd9ab height=578 version=0x20000000 log2_work=10.177420 tx=2978 date='2025-10-26T22:05:05Z' progress=1.000000 cache=0.3MiB(1279txo)
2025-10-26T22:05:02Z Saw new header hash=6e5cbc4efaa57b4e5a0d06fc45945170b8d05da7b6a73da6e52f9ce8eac2a00e height=579
2025-10-26T22:05:02Z Saw new cmpctblock header hash=6e5cbc4efaa57b4e5a0d06fc45945170b8d05da7b6a73da6e52f9ce8eac2a00e peer=2
2025-10-26T22:05:02Z UpdateTip: new best=6e5cbc4efaa57b4e5a0d06fc45945170b8d05da7b6a73da6e52f9ce8eac2a00e height=579 version=0x20000000 log2_work=10.179909 tx=2979 date='2025-10-26T22:05:05Z' progress=1.000000 cache=0.3MiB(1280txo)
2025-10-26T22:05:02Z Saw new header hash=5a4ad7aa36b5f9575c91aab3d42792dd0e309d0981a0faddc801c67f1c9784ca height=580
2025-10-26T22:05:02Z Saw new cmpctblock header hash=5a4ad7aa36b5f9575c91aab3d42792dd0e309d0981a0faddc801c67f1c9784ca peer=0
2025-10-26T22:05:02Z UpdateTip: new best=5a4ad7aa36b5f9575c91aab3d42792dd0e309d0981a0faddc801c67f1c9784ca height=580 version=0x20000000 log2_work=10.182394 tx=2980 date='2025-10-26T22:05:05Z' progress=1.000000 cache=0.3MiB(1281txo)
2025-10-26T22:05:02Z Saw new header hash=519063fc27df8ffeff76749979ccd184dde7cc3d00b8631c41d8a193253300ba height=581
2025-10-26T22:05:02Z Saw new cmpctblock header hash=519063fc27df8ffeff76749979ccd184dde7cc3d00b8631c41d8a193253300ba peer=0
2025-10-26T22:05:02Z UpdateTip: new best=519063fc27df8ffeff76749979ccd184dde7cc3d00b8631c41d8a193253300ba height=581 version=0x20000000 log2_work=10.184875 tx=2981 date='2025-10-26T22:05:05Z' progress=1.000000 cache=0.3MiB(1282txo)
2025-10-26T22:05:02Z Saw new header hash=2371ad71cfb3c2bf5f0760cf0e4a58377fc34701d0b714c3d8b216acbdc4160a height=582
2025-10-26T22:05:02Z Saw new cmpctblock header hash=2371ad71cfb3c2bf5f0760cf0e4a58377fc34701d0b714c3d8b216acbdc4160a peer=0
2025-10-26T22:05:02Z UpdateTip: new best=2371ad71cfb3c2bf5f0760cf0e4a58377fc34701d0b714c3d8b216acbdc4160a height=582 version=0x20000000 log2_work=10.187352 tx=2982 date='2025-10-26T22:05:05Z' progress=1.000000 cache=0.3MiB(1283txo)
2025-10-26T22:05:02Z Saw new header hash=08021afa7ab4177a4aa6858c96870ae0ba6e2a5cbd1f2897252f81f19074b1ab height=583
2025-10-26T22:05:02Z Saw new cmpctblock header hash=08021afa7ab4177a4aa6858c96870ae0ba6e2a5cbd1f2897252f81f19074b1ab peer=2
2025-10-26T22:05:02Z UpdateTip: new best=08021afa7ab4177a4aa6858c96870ae0ba6e2a5cbd1f2897252f81f19074b1ab height=583 version=0x20000000 log2_work=10.189825 tx=2983 date='2025-10-26T22:05:05Z' progress=1.000000 cache=0.3MiB(1284txo)
2025-10-26T22:05:03Z Saw new header hash=747ce838cb945a0d4f62d9c98d4dfd576091a8aac77861752a19f3ec10883cb0 height=584
2025-10-26T22:05:03Z Saw new cmpctblock header hash=747ce838cb945a0d4f62d9c98d4dfd576091a8aac77861752a19f3ec10883cb0 peer=0
2025-10-26T22:05:03Z UpdateTip: new best=747ce838cb945a0d4f62d9c98d4dfd576091a8aac77861752a19f3ec10883cb0 height=584 version=0x20000000 log2_work=10.192293 tx=2984 date='2025-10-26T22:05:06Z' progress=1.000000 cache=0.3MiB(1285txo)
2025-10-26T22:05:03Z Saw new header hash=48089e836960f58da331f246c954bdd1b670f298bcfcf55d4d4423a7cc31fb21 height=585
2025-10-26T22:05:03Z Saw new cmpctblock header hash=48089e836960f58da331f246c954bdd1b670f298bcfcf55d4d4423a7cc31fb21 peer=2
2025-10-26T22:05:03Z UpdateTip: new best=48089e836960f58da331f246c954bdd1b670f298bcfcf55d4d4423a7cc31fb21 height=585 version=0x20000000 log2_work=10.194757 tx=2985 date='2025-10-26T22:05:06Z' progress=1.000000 cache=0.3MiB(1286txo)
2025-10-26T22:05:03Z Saw new header hash=46f07dfcaaf564791c1ac818138250d1d1687012c2ac6d65b26ccca1aedfa530 height=586
2025-10-26T22:05:03Z Saw new cmpctblock header hash=46f07dfcaaf564791c1ac818138250d1d1687012c2ac6d65b26ccca1aedfa530 peer=0
2025-10-26T22:05:03Z UpdateTip: new best=46f07dfcaaf564791c1ac818138250d1d1687012c2ac6d65b26ccca1aedfa530 height=586 version=0x20000000 log2_work=10.197217 tx=2986 date='2025-10-26T22:05:06Z' progress=1.000000 cache=0.3MiB(1287txo)
2025-10-26T22:05:03Z Saw new header hash=4c610b7ada2c77cc0c70e98444cd566436c3bd49c3b59da80a453a4f2feff1ef height=587
2025-10-26T22:05:03Z Saw new cmpctblock header hash=4c610b7ada2c77cc0c70e98444cd566436c3bd49c3b59da80a453a4f2feff1ef peer=0
2025-10-26T22:05:03Z UpdateTip: new best=4c610b7ada2c77cc0c70e98444cd566436c3bd49c3b59da80a453a4f2feff1ef height=587 version=0x20000000 log2_work=10.199672 tx=2987 date='2025-10-26T22:05:06Z' progress=1.000000 cache=0.3MiB(1288txo)
2025-10-26T22:05:03Z Saw new header hash=640ad496275bee8adce7700f22413a51afb99c481e18155c1cf452043a853ab3 height=588
2025-10-26T22:05:03Z Saw new cmpctblock header hash=640ad496275bee8adce7700f22413a51afb99c481e18155c1cf452043a853ab3 peer=2
2025-10-26T22:05:03Z UpdateTip: new best=640ad496275bee8adce7700f22413a51afb99c481e18155c1cf452043a853ab3 height=588 version=0x20000000 log2_work=10.202124 tx=2988 date='2025-10-26T22:05:06Z' progress=1.000000 cache=0.3MiB(1289txo)
2025-10-26T22:05:03Z Saw new header hash=6c1999fd84049c686e00239dd197f907d96e98a85ab3eae5ed2a11d09ff9b27a height=589
2025-10-26T22:05:03Z Saw new cmpctblock header hash=6c1999fd84049c686e00239dd197f907d96e98a85ab3eae5ed2a11d09ff9b27a peer=0
2025-10-26T22:05:03Z UpdateTip: new best=6c1999fd84049c686e00239dd197f907d96e98a85ab3eae5ed2a11d09ff9b27a height=589 version=0x20000000 log2_work=10.204571 tx=2989 date='2025-10-26T22:05:06Z' progress=1.000000 cache=0.3MiB(1290txo)
2025-10-26T22:05:03Z Saw new header hash=4cc01f10471a1f685cc4c6c1bf64ccc73f20911b1d21e857308ed247257a10ee height=590
2025-10-26T22:05:03Z Saw new cmpctblock header hash=4cc01f10471a1f685cc4c6c1bf64ccc73f20911b1d21e857308ed247257a10ee peer=0
2025-10-26T22:05:03Z UpdateTip: new best=4cc01f10471a1f685cc4c6c1bf64ccc73f20911b1d21e857308ed247257a10ee height=590 version=0x20000000 log2_work=10.207014 tx=2990 date='2025-10-26T22:05:07Z' progress=1.000000 cache=0.3MiB(1291txo)
2025-10-26T22:05:03Z Saw new header hash=0851c8b2b9bbeb8c69b0d2312f1d1801b2d0ee9b3321808e4c5175c8223af9c1 height=591
2025-10-26T22:05:03Z Saw new cmpctblock header hash=0851c8b2b9bbeb8c69b0d2312f1d1801b2d0ee9b3321808e4c5175c8223af9c1 peer=0
2025-10-26T22:05:03Z UpdateTip: new best=0851c8b2b9bbeb8c69b0d2312f1d1801b2d0ee9b3321808e4c5175c8223af9c1 height=591 version=0x20000000 log2_work=10.209453 tx=2991 date='2025-10-26T22:05:07Z' progress=1.000000 cache=0.3MiB(1292txo)
2025-10-26T22:05:03Z Saw new header hash=1a3f6b748faf6f4f57c9d24e35d46068c58a48f07b2e58600c46c0c9135ed4e2 height=592
2025-10-26T22:05:03Z Saw new cmpctblock header hash=1a3f6b748faf6f4f57c9d24e35d46068c58a48f07b2e58600c46c0c9135ed4e2 peer=0
2025-10-26T22:05:03Z UpdateTip: new best=1a3f6b748faf6f4f57c9d24e35d46068c58a48f07b2e58600c46c0c9135ed4e2 height=592 version=0x20000000 log2_work=10.211888 tx=2992 date='2025-10-26T22:05:07Z' progress=1.000000 cache=0.3MiB(1293txo)
2025-10-26T22:05:03Z Saw new header hash=51a7200525b8a392cd9a18def35f405c3ba3c7b9538b319f38fbff1194c31592 height=593
2025-10-26T22:05:03Z Saw new cmpctblock header hash=51a7200525b8a392cd9a18def35f405c3ba3c7b9538b319f38fbff1194c31592 peer=0
2025-10-26T22:05:03Z UpdateTip: new best=51a7200525b8a392cd9a18def35f405c3ba3c7b9538b319f38fbff1194c31592 height=593 version=0x20000000 log2_work=10.214319 tx=2993 date='2025-10-26T22:05:07Z' progress=1.000000 cache=0.3MiB(1294txo)
2025-10-26T22:05:03Z Saw new header hash=58dfb341bda31fa4eee79a21530d04670123aa88e3aad2cc17b92fd6746c2a63 height=594
2025-10-26T22:05:03Z Saw new cmpctblock header hash=58dfb341bda31fa4eee79a21530d04670123aa88e3aad2cc17b92fd6746c2a63 peer=0
2025-10-26T22:05:03Z UpdateTip: new best=58dfb341bda31fa4eee79a21530d04670123aa88e3aad2cc17b92fd6746c2a63 height=594 version=0x20000000 log2_work=10.216746 tx=2994 date='2025-10-26T22:05:07Z' progress=1.000000 cache=0.3MiB(1295txo)
2025-10-26T22:05:03Z Saw new header hash=5ba67b459366108d45a771a1debfec849f73b3f8219dbcb3872fa169b2d9f19e height=595
2025-10-26T22:05:03Z Saw new cmpctblock header hash=5ba67b459366108d45a771a1debfec849f73b3f8219dbcb3872fa169b2d9f19e peer=0
2025-10-26T22:05:03Z UpdateTip: new best=5ba67b459366108d45a771a1debfec849f73b3f8219dbcb3872fa169b2d9f19e height=595 version=0x20000000 log2_work=10.219169 tx=2995 date='2025-10-26T22:05:07Z' progress=1.000000 cache=0.3MiB(1296txo)
2025-10-26T22:05:03Z Saw new header hash=4bc335d3d4e7d038c49360ab6aa8b5c6ac58f369816dd4f211bd143e0dc590b9 height=596
2025-10-26T22:05:03Z Saw new cmpctblock header hash=4bc335d3d4e7d038c49360ab6aa8b5c6ac58f369816dd4f211bd143e0dc590b9 peer=0
2025-10-26T22:05:03Z UpdateTip: new best=4bc335d3d4e7d038c49360ab6aa8b5c6ac58f369816dd4f211bd143e0dc590b9 height=596 version=0x20000000 log2_work=10.221587 tx=2996 date='2025-10-26T22:05:08Z' progress=1.000000 cache=0.3MiB(1297txo)
2025-10-26T22:05:03Z Saw new header hash=5683566b95b68fe71f54b86859bc55b14101c0b917288c12ad76e6ff917a1274 height=597
2025-10-26T22:05:03Z Saw new cmpctblock header hash=5683566b95b68fe71f54b86859bc55b14101c0b917288c12ad76e6ff917a1274 peer=0
2025-10-26T22:05:03Z UpdateTip: new best=5683566b95b68fe71f54b86859bc55b14101c0b917288c12ad76e6ff917a1274 height=597 version=0x20000000 log2_work=10.224002 tx=2997 date='2025-10-26T22:05:08Z' progress=1.000000 cache=0.3MiB(1298txo)
2025-10-26T22:05:03Z Saw new header hash=5154b02840a6940fcf66f7ae23bd45c42436aed4e3c994b9d88d9ac521c8672d height=598
2025-10-26T22:05:03Z Saw new cmpctblock header hash=5154b02840a6940fcf66f7ae23bd45c42436aed4e3c994b9d88d9ac521c8672d peer=0
2025-10-26T22:05:03Z UpdateTip: new best=5154b02840a6940fcf66f7ae23bd45c42436aed4e3c994b9d88d9ac521c8672d height=598 version=0x20000000 log2_work=10.226412 tx=2998 date='2025-10-26T22:05:08Z' progress=1.000000 cache=0.3MiB(1299txo)
2025-10-26T22:05:04Z Saw new header hash=2de0583eaeddae531dbc6f2fe39fd68595567e500de3fd079a63c6edbd76f626 height=599
2025-10-26T22:05:04Z Saw new cmpctblock header hash=2de0583eaeddae531dbc6f2fe39fd68595567e500de3fd079a63c6edbd76f626 peer=0
2025-10-26T22:05:04Z UpdateTip: new best=2de0583eaeddae531dbc6f2fe39fd68595567e500de3fd079a63c6edbd76f626 height=599 version=0x20000000 log2_work=10.228819 tx=2999 date='2025-10-26T22:05:08Z' progress=1.000000 cache=0.3MiB(1300txo)
2025-10-26T22:05:04Z Saw new header hash=025dabf76fc589209f0418b4cd04efa9eb39ae6fd3d2a4ed70b58351a770c792 height=600
2025-10-26T22:05:04Z Saw new cmpctblock header hash=025dabf76fc589209f0418b4cd04efa9eb39ae6fd3d2a4ed70b58351a770c792 peer=0
2025-10-26T22:05:04Z UpdateTip: new best=025dabf76fc589209f0418b4cd04efa9eb39ae6fd3d2a4ed70b58351a770c792 height=600 version=0x20000000 log2_work=10.231221 tx=3000 date='2025-10-26T22:05:08Z' progress=1.000000 cache=0.3MiB(1301txo)
2025-10-26T22:05:04Z Saw new header hash=55129aaf0cb43955fa9284233edc7fd70669a4b250691c2bd378b9f4648b5241 height=601
2025-10-26T22:05:04Z Saw new cmpctblock header hash=55129aaf0cb43955fa9284233edc7fd70669a4b250691c2bd378b9f4648b5241 peer=0
2025-10-26T22:05:04Z UpdateTip: new best=55129aaf0cb43955fa9284233edc7fd70669a4b250691c2bd378b9f4648b5241 height=601 version=0x20000000 log2_work=10.233620 tx=3001 date='2025-10-26T22:05:08Z' progress=1.000000 cache=0.3MiB(1302txo)
2025-10-26T22:05:04Z Saw new header hash=50457e9e41fcee1c9ec145fbf3bf649ef255283957f210d14d5854f808e8f7ad height=602
2025-10-26T22:05:04Z Saw new cmpctblock header hash=50457e9e41fcee1c9ec145fbf3bf649ef255283957f210d14d5854f808e8f7ad peer=2
2025-10-26T22:05:04Z UpdateTip: new best=50457e9e41fcee1c9ec145fbf3bf649ef255283957f210d14d5854f808e8f7ad height=602 version=0x20000000 log2_work=10.236014 tx=3002 date='2025-10-26T22:05:09Z' progress=1.000000 cache=0.3MiB(1303txo)
2025-10-26T22:05:04Z Saw new header hash=1b089fbb14450ca16292555b9e89735b5bba4e79c78f688e899f6185d484fa2f height=603
2025-10-26T22:05:04Z Saw new cmpctblock header hash=1b089fbb14450ca16292555b9e89735b5bba4e79c78f688e899f6185d484fa2f peer=2
2025-10-26T22:05:04Z UpdateTip: new best=1b089fbb14450ca16292555b9e89735b5bba4e79c78f688e899f6185d484fa2f height=603 version=0x20000000 log2_work=10.238405 tx=3003 date='2025-10-26T22:05:09Z' progress=1.000000 cache=0.3MiB(1304txo)
2025-10-26T22:05:04Z Saw new header hash=21f08a63dba5bacf7b54e2b4f7976dcdc0f29a633aef1b573924d31205de4b41 height=604
2025-10-26T22:05:04Z Saw new cmpctblock header hash=21f08a63dba5bacf7b54e2b4f7976dcdc0f29a633aef1b573924d31205de4b41 peer=0
2025-10-26T22:05:04Z UpdateTip: new best=21f08a63dba5bacf7b54e2b4f7976dcdc0f29a633aef1b573924d31205de4b41 height=604 version=0x20000000 log2_work=10.240791 tx=3004 date='2025-10-26T22:05:09Z' progress=1.000000 cache=0.3MiB(1305txo)
2025-10-26T22:05:04Z Saw new header hash=5fb15a572866940367cde917570ed52c1d1c5336d34b823936302d58221ee7e7 height=605
2025-10-26T22:05:04Z Saw new cmpctblock header hash=5fb15a572866940367cde917570ed52c1d1c5336d34b823936302d58221ee7e7 peer=0
2025-10-26T22:05:04Z UpdateTip: new best=5fb15a572866940367cde917570ed52c1d1c5336d34b823936302d58221ee7e7 height=605 version=0x20000000 log2_work=10.243174 tx=3005 date='2025-10-26T22:05:09Z' progress=1.000000 cache=0.3MiB(1306txo)
2025-10-26T22:05:04Z Saw new header hash=6e3b069aa49d75365ac879fa4cff5489782186c76f6b5320ae72d5f007b1dfe7 height=606
2025-10-26T22:05:04Z Saw new cmpctblock header hash=6e3b069aa49d75365ac879fa4cff5489782186c76f6b5320ae72d5f007b1dfe7 peer=2
2025-10-26T22:05:04Z UpdateTip: new best=6e3b069aa49d75365ac879fa4cff5489782186c76f6b5320ae72d5f007b1dfe7 height=606 version=0x20000000 log2_work=10.245553 tx=3006 date='2025-10-26T22:05:09Z' progress=1.000000 cache=0.3MiB(1307txo)
2025-10-26T22:05:04Z Saw new header hash=2f09cd9fb8416d01543a484fb64544d50e3d45da36d33d0a28b0796ae0003502 height=607
2025-10-26T22:05:04Z Saw new cmpctblock header hash=2f09cd9fb8416d01543a484fb64544d50e3d45da36d33d0a28b0796ae0003502 peer=0
2025-10-26T22:05:04Z UpdateTip: new best=2f09cd9fb8416d01543a484fb64544d50e3d45da36d33d0a28b0796ae0003502 height=607 version=0x20000000 log2_work=10.247928 tx=3007 date='2025-10-26T22:05:09Z' progress=1.000000 cache=0.3MiB(1308txo)
2025-10-26T22:05:05Z Saw new header hash=21764c6bc1d0c197dadf4b4d4d5b83fcbe97f36c0db90147183d2f805e4ca416 height=608
2025-10-26T22:05:05Z Saw new cmpctblock header hash=21764c6bc1d0c197dadf4b4d4d5b83fcbe97f36c0db90147183d2f805e4ca416 peer=2
2025-10-26T22:05:05Z UpdateTip: new best=21764c6bc1d0c197dadf4b4d4d5b83fcbe97f36c0db90147183d2f805e4ca416 height=608 version=0x20000000 log2_work=10.250298 tx=3008 date='2025-10-26T22:05:10Z' progress=1.000000 cache=0.3MiB(1309txo)
2025-10-26T22:05:05Z Saw new header hash=03f495890ad0bea7ed819b4a88155872d3fce38eefe678514acbca9840de424c height=609
2025-10-26T22:05:05Z Saw new cmpctblock header hash=03f495890ad0bea7ed819b4a88155872d3fce38eefe678514acbca9840de424c peer=2
2025-10-26T22:05:05Z UpdateTip: new best=03f495890ad0bea7ed819b4a88155872d3fce38eefe678514acbca9840de424c height=609 version=0x20000000 log2_work=10.252665 tx=3009 date='2025-10-26T22:05:10Z' progress=1.000000 cache=0.3MiB(1310txo)
2025-10-26T22:05:05Z Saw new header hash=101f05c68235d54f8b17796db802fb3bf093a829bf2ed8969a3b935f1ff344aa height=610
2025-10-26T22:05:05Z Saw new cmpctblock header hash=101f05c68235d54f8b17796db802fb3bf093a829bf2ed8969a3b935f1ff344aa peer=0
2025-10-26T22:05:05Z UpdateTip: new best=101f05c68235d54f8b17796db802fb3bf093a829bf2ed8969a3b935f1ff344aa height=610 version=0x20000000 log2_work=10.255029 tx=3010 date='2025-10-26T22:05:10Z' progress=1.000000 cache=0.3MiB(1311txo)
2025-10-26T22:05:05Z Saw new header hash=4913ec99a904d090d9e28719b5cc0bb1ac6b0672696ea219ef7b08cf793519a2 height=611
2025-10-26T22:05:05Z Saw new cmpctblock header hash=4913ec99a904d090d9e28719b5cc0bb1ac6b0672696ea219ef7b08cf793519a2 peer=0
2025-10-26T22:05:05Z UpdateTip: new best=4913ec99a904d090d9e28719b5cc0bb1ac6b0672696ea219ef7b08cf793519a2 height=611 version=0x20000000 log2_work=10.257388 tx=3011 date='2025-10-26T22:05:10Z' progress=1.000000 cache=0.3MiB(1312txo)
2025-10-26T22:05:05Z Saw new header hash=324e8e4f2a9e39f5e4b1564c8c7ffcc3b3420d2dd66a4099bfb7730461647f45 height=612
2025-10-26T22:05:05Z Saw new cmpctblock header hash=324e8e4f2a9e39f5e4b1564c8c7ffcc3b3420d2dd66a4099bfb7730461647f45 peer=0
2025-10-26T22:05:05Z UpdateTip: new best=324e8e4f2a9e39f5e4b1564c8c7ffcc3b3420d2dd66a4099bfb7730461647f45 height=612 version=0x20000000 log2_work=10.259743 tx=3012 date='2025-10-26T22:05:10Z' progress=1.000000 cache=0.3MiB(1313txo)
2025-10-26T22:05:06Z Saw new header hash=7f46e5789d22db872544ed1821352d67fa6230555ec89ff7a7b659cb25ff77aa height=613
2025-10-26T22:05:06Z Saw new cmpctblock header hash=7f46e5789d22db872544ed1821352d67fa6230555ec89ff7a7b659cb25ff77aa peer=0
2025-10-26T22:05:06Z UpdateTip: new best=7f46e5789d22db872544ed1821352d67fa6230555ec89ff7a7b659cb25ff77aa height=613 version=0x20000000 log2_work=10.262095 tx=3013 date='2025-10-26T22:05:10Z' progress=1.000000 cache=0.3MiB(1314txo)
2025-10-26T22:05:06Z Saw new header hash=30d5c0d5b33659a2f9ed4098476169f23b96426ae7ea5b1bc43b45ab685a681b height=614
2025-10-26T22:05:06Z Saw new cmpctblock header hash=30d5c0d5b33659a2f9ed4098476169f23b96426ae7ea5b1bc43b45ab685a681b peer=0
2025-10-26T22:05:06Z UpdateTip: new best=30d5c0d5b33659a2f9ed4098476169f23b96426ae7ea5b1bc43b45ab685a681b height=614 version=0x20000000 log2_work=10.264443 tx=3014 date='2025-10-26T22:05:11Z' progress=1.000000 cache=0.3MiB(1315txo)
2025-10-26T22:05:06Z Saw new header hash=5cdded54d24770c5cd6c5aac56754f0731b0592b7438ecaa84152a9f6ddd1e5f height=615
2025-10-26T22:05:06Z Saw new cmpctblock header hash=5cdded54d24770c5cd6c5aac56754f0731b0592b7438ecaa84152a9f6ddd1e5f peer=0
2025-10-26T22:05:06Z UpdateTip: new best=5cdded54d24770c5cd6c5aac56754f0731b0592b7438ecaa84152a9f6ddd1e5f height=615 version=0x20000000 log2_work=10.266787 tx=3015 date='2025-10-26T22:05:11Z' progress=1.000000 cache=0.3MiB(1316txo)
2025-10-26T22:05:06Z Saw new header hash=5001cb4149ee51a60b02ec85b745260f6eda90c11d994a6d0621cf409f1dbbcd height=616
2025-10-26T22:05:06Z Saw new cmpctblock header hash=5001cb4149ee51a60b02ec85b745260f6eda90c11d994a6d0621cf409f1dbbcd peer=0
2025-10-26T22:05:06Z UpdateTip: new best=5001cb4149ee51a60b02ec85b745260f6eda90c11d994a6d0621cf409f1dbbcd height=616 version=0x20000000 log2_work=10.269127 tx=3016 date='2025-10-26T22:05:11Z' progress=1.000000 cache=0.3MiB(1317txo)
2025-10-26T22:05:06Z Saw new header hash=1598bded9791577484dee47b1450044522244cad6c67dfe6e9e5b66148384765 height=617
2025-10-26T22:05:06Z Saw new cmpctblock header hash=1598bded9791577484dee47b1450044522244cad6c67dfe6e9e5b66148384765 peer=0
2025-10-26T22:05:06Z UpdateTip: new best=1598bded9791577484dee47b1450044522244cad6c67dfe6e9e5b66148384765 height=617 version=0x20000000 log2_work=10.271463 tx=3017 date='2025-10-26T22:05:11Z' progress=1.000000 cache=0.3MiB(1318txo)
2025-10-26T22:05:07Z Saw new header hash=30a7dbfdcccf784bcfa5cbb6cf2cfd1184ce5f917e33011139f861fb47a02ac6 height=618
2025-10-26T22:05:07Z Saw new cmpctblock header hash=30a7dbfdcccf784bcfa5cbb6cf2cfd1184ce5f917e33011139f861fb47a02ac6 peer=0
2025-10-26T22:05:07Z UpdateTip: new best=30a7dbfdcccf784bcfa5cbb6cf2cfd1184ce5f917e33011139f861fb47a02ac6 height=618 version=0x20000000 log2_work=10.273796 tx=3018 date='2025-10-26T22:05:11Z' progress=1.000000 cache=0.3MiB(1319txo)
2025-10-26T22:05:07Z Saw new header hash=3d547f65a48af6aef5f227ddd2f54dfa3a3cd9c0638cc3aab028168b94fa8dc2 height=619
2025-10-26T22:05:07Z Saw new cmpctblock header hash=3d547f65a48af6aef5f227ddd2f54dfa3a3cd9c0638cc3aab028168b94fa8dc2 peer=0
2025-10-26T22:05:07Z UpdateTip: new best=3d547f65a48af6aef5f227ddd2f54dfa3a3cd9c0638cc3aab028168b94fa8dc2 height=619 version=0x20000000 log2_work=10.276124 tx=3019 date='2025-10-26T22:05:11Z' progress=1.000000 cache=0.3MiB(1320txo)
2025-10-26T22:05:07Z Saw new header hash=02d67eb8ec5cdbaccf4096d446984a0939edc07b3900526a5dd705a3e43bbfac height=620
2025-10-26T22:05:07Z Saw new cmpctblock header hash=02d67eb8ec5cdbaccf4096d446984a0939edc07b3900526a5dd705a3e43bbfac peer=0
2025-10-26T22:05:07Z UpdateTip: new best=02d67eb8ec5cdbaccf4096d446984a0939edc07b3900526a5dd705a3e43bbfac height=620 version=0x20000000 log2_work=10.278449 tx=3020 date='2025-10-26T22:05:12Z' progress=1.000000 cache=0.3MiB(1321txo)
2025-10-26T22:05:07Z Saw new header hash=2858327381124d476a98635fd9282db11834f772153fec73065fedd95b5ce820 height=621
2025-10-26T22:05:07Z Saw new cmpctblock header hash=2858327381124d476a98635fd9282db11834f772153fec73065fedd95b5ce820 peer=0
2025-10-26T22:05:07Z UpdateTip: new best=2858327381124d476a98635fd9282db11834f772153fec73065fedd95b5ce820 height=621 version=0x20000000 log2_work=10.280771 tx=3021 date='2025-10-26T22:05:12Z' progress=1.000000 cache=0.3MiB(1322txo)
2025-10-26T22:05:07Z Saw new header hash=76001dcae1c576d60e2c376dc6be7b5bc08b411b368cb9a4ca018184105c278c height=622
2025-10-26T22:05:07Z Saw new cmpctblock header hash=76001dcae1c576d60e2c376dc6be7b5bc08b411b368cb9a4ca018184105c278c peer=0
2025-10-26T22:05:07Z UpdateTip: new best=76001dcae1c576d60e2c376dc6be7b5bc08b411b368cb9a4ca018184105c278c height=622 version=0x20000000 log2_work=10.283088 tx=3022 date='2025-10-26T22:05:12Z' progress=1.000000 cache=0.3MiB(1323txo)
2025-10-26T22:05:07Z Saw new header hash=04863af22371012b9c022612a2cd3a4e8042b1078164ae91d9d19a2890a82b6f height=623
2025-10-26T22:05:07Z Saw new cmpctblock header hash=04863af22371012b9c022612a2cd3a4e8042b1078164ae91d9d19a2890a82b6f peer=0
2025-10-26T22:05:07Z UpdateTip: new best=04863af22371012b9c022612a2cd3a4e8042b1078164ae91d9d19a2890a82b6f height=623 version=0x20000000 log2_work=10.285402 tx=3023 date='2025-10-26T22:05:12Z' progress=1.000000 cache=0.3MiB(1324txo)
2025-10-26T22:05:08Z Saw new header hash=4018f0cf149744622836505da7ceec58a206fe1cdfe84ce5455ca1a1c8a7113b height=624
2025-10-26T22:05:08Z Saw new cmpctblock header hash=4018f0cf149744622836505da7ceec58a206fe1cdfe84ce5455ca1a1c8a7113b peer=0
2025-10-26T22:05:08Z UpdateTip: new best=4018f0cf149744622836505da7ceec58a206fe1cdfe84ce5455ca1a1c8a7113b height=624 version=0x20000000 log2_work=10.287712 tx=3024 date='2025-10-26T22:05:12Z' progress=1.000000 cache=0.3MiB(1325txo)
2025-10-26T22:05:08Z Saw new header hash=0805ec0602034110dc60667f99af94839ea6fab8f253f259f4a99cfd79b2dbb5 height=625
2025-10-26T22:05:08Z Saw new cmpctblock header hash=0805ec0602034110dc60667f99af94839ea6fab8f253f259f4a99cfd79b2dbb5 peer=0
2025-10-26T22:05:08Z UpdateTip: new best=0805ec0602034110dc60667f99af94839ea6fab8f253f259f4a99cfd79b2dbb5 height=625 version=0x20000000 log2_work=10.290019 tx=3025 date='2025-10-26T22:05:12Z' progress=1.000000 cache=0.3MiB(1326txo)
2025-10-26T22:05:08Z Saw new header hash=136d491faf45174265d1a0227a69987e63e2997cdb6552a4780053e04eb91712 height=626
2025-10-26T22:05:08Z Saw new cmpctblock header hash=136d491faf45174265d1a0227a69987e63e2997cdb6552a4780053e04eb91712 peer=0
2025-10-26T22:05:08Z UpdateTip: new best=136d491faf45174265d1a0227a69987e63e2997cdb6552a4780053e04eb91712 height=626 version=0x20000000 log2_work=10.292322 tx=3026 date='2025-10-26T22:05:13Z' progress=1.000000 cache=0.3MiB(1327txo)
2025-10-26T22:05:08Z Saw new header hash=1d1ce4c0d114719c7a8661930b59814b56c9f1681ef1a80494b60b8d0639819d height=627
2025-10-26T22:05:08Z Saw new cmpctblock header hash=1d1ce4c0d114719c7a8661930b59814b56c9f1681ef1a80494b60b8d0639819d peer=2
2025-10-26T22:05:08Z UpdateTip: new best=1d1ce4c0d114719c7a8661930b59814b56c9f1681ef1a80494b60b8d0639819d height=627 version=0x20000000 log2_work=10.294621 tx=3027 date='2025-10-26T22:05:13Z' progress=1.000000 cache=0.3MiB(1328txo)
2025-10-26T22:05:09Z Saw new header hash=71b6b76252666e766501e92c5cb814e0a8b5190094156dbd89dbcef1bc95baca height=628
2025-10-26T22:05:09Z Saw new cmpctblock header hash=71b6b76252666e766501e92c5cb814e0a8b5190094156dbd89dbcef1bc95baca peer=0
2025-10-26T22:05:09Z UpdateTip: new best=71b6b76252666e766501e92c5cb814e0a8b5190094156dbd89dbcef1bc95baca height=628 version=0x20000000 log2_work=10.296916 tx=3028 date='2025-10-26T22:05:13Z' progress=1.000000 cache=0.3MiB(1329txo)
2025-10-26T22:05:09Z Saw new header hash=311e3998a51b92349fd773979d378e318f45ed30448442629516098833d2d8f2 height=629
2025-10-26T22:05:09Z Saw new cmpctblock header hash=311e3998a51b92349fd773979d378e318f45ed30448442629516098833d2d8f2 peer=0
2025-10-26T22:05:09Z UpdateTip: new best=311e3998a51b92349fd773979d378e318f45ed30448442629516098833d2d8f2 height=629 version=0x20000000 log2_work=10.299208 tx=3029 date='2025-10-26T22:05:13Z' progress=1.000000 cache=0.3MiB(1330txo)
2025-10-26T22:05:09Z Saw new header hash=15a92ac36a381fea9526c377852806ea84752acf95763bef39399b4717afa045 height=630
2025-10-26T22:05:09Z Saw new cmpctblock header hash=15a92ac36a381fea9526c377852806ea84752acf95763bef39399b4717afa045 peer=2
2025-10-26T22:05:09Z UpdateTip: new best=15a92ac36a381fea9526c377852806ea84752acf95763bef39399b4717afa045 height=630 version=0x20000000 log2_work=10.301496 tx=3030 date='2025-10-26T22:05:13Z' progress=1.000000 cache=0.3MiB(1331txo)
2025-10-26T22:05:09Z Saw new header hash=36f8837e2912e6574ec20c83bc9017898a1ec6689a6c30063e22d18b9d9c0cc1 height=631
2025-10-26T22:05:09Z Saw new cmpctblock header hash=36f8837e2912e6574ec20c83bc9017898a1ec6689a6c30063e22d18b9d9c0cc1 peer=2
2025-10-26T22:05:09Z UpdateTip: new best=36f8837e2912e6574ec20c83bc9017898a1ec6689a6c30063e22d18b9d9c0cc1 height=631 version=0x20000000 log2_work=10.303781 tx=3031 date='2025-10-26T22:05:13Z' progress=1.000000 cache=0.3MiB(1332txo)
2025-10-26T22:05:10Z Saw new header hash=5ea003e4f0b079d324ba58c5018ec36a02feef9764a543f1de85964244167b30 height=632
2025-10-26T22:05:10Z Saw new cmpctblock header hash=5ea003e4f0b079d324ba58c5018ec36a02feef9764a543f1de85964244167b30 peer=0
2025-10-26T22:05:10Z UpdateTip: new best=5ea003e4f0b079d324ba58c5018ec36a02feef9764a543f1de85964244167b30 height=632 version=0x20000000 log2_work=10.306062 tx=3032 date='2025-10-26T22:05:14Z' progress=1.000000 cache=0.3MiB(1333txo)
2025-10-26T22:05:10Z Saw new header hash=486c8c33596e8afef7875318aed076baa25bcd48833ac28a495031f92557e307 height=633
2025-10-26T22:05:10Z Saw new cmpctblock header hash=486c8c33596e8afef7875318aed076baa25bcd48833ac28a495031f92557e307 peer=0
2025-10-26T22:05:10Z UpdateTip: new best=486c8c33596e8afef7875318aed076baa25bcd48833ac28a495031f92557e307 height=633 version=0x20000000 log2_work=10.308339 tx=3033 date='2025-10-26T22:05:14Z' progress=1.000000 cache=0.3MiB(1334txo)
2025-10-26T22:05:10Z Saw new header hash=5cfdad99c2a87db9687297f958283ec2b02706b1b6bd636a015b625f8547261f height=634
2025-10-26T22:05:10Z Saw new cmpctblock header hash=5cfdad99c2a87db9687297f958283ec2b02706b1b6bd636a015b625f8547261f peer=2
2025-10-26T22:05:10Z UpdateTip: new best=5cfdad99c2a87db9687297f958283ec2b02706b1b6bd636a015b625f8547261f height=634 version=0x20000000 log2_work=10.310613 tx=3034 date='2025-10-26T22:05:14Z' progress=1.000000 cache=0.3MiB(1335txo)
2025-10-26T22:05:10Z Saw new header hash=6c1f472342b23d1d4b3e8ac0198fc0aaa08cad4ce517628544e4b82470ad1e05 height=635
2025-10-26T22:05:10Z Saw new cmpctblock header hash=6c1f472342b23d1d4b3e8ac0198fc0aaa08cad4ce517628544e4b82470ad1e05 peer=2
2025-10-26T22:05:10Z UpdateTip: new best=6c1f472342b23d1d4b3e8ac0198fc0aaa08cad4ce517628544e4b82470ad1e05 height=635 version=0x20000000 log2_work=10.312883 tx=3035 date='2025-10-26T22:05:14Z' progress=1.000000 cache=0.3MiB(1336txo)
2025-10-26T22:05:10Z Saw new header hash=248ab744d9d27dea0b647c5459e86fdb55b7aea707d0545372658e05e89ae866 height=636
2025-10-26T22:05:10Z Saw new cmpctblock header hash=248ab744d9d27dea0b647c5459e86fdb55b7aea707d0545372658e05e89ae866 peer=2
2025-10-26T22:05:10Z UpdateTip: new best=248ab744d9d27dea0b647c5459e86fdb55b7aea707d0545372658e05e89ae866 height=636 version=0x20000000 log2_work=10.315150 tx=3036 date='2025-10-26T22:05:14Z' progress=1.000000 cache=0.3MiB(1337txo)
2025-10-26T22:05:10Z Saw new header hash=01ad370b515db9783b487cc4f3eaef3b15761dbc6342234d73dfa9c92df0dfdd height=637
2025-10-26T22:05:10Z Saw new cmpctblock header hash=01ad370b515db9783b487cc4f3eaef3b15761dbc6342234d73dfa9c92df0dfdd peer=0
2025-10-26T22:05:10Z UpdateTip: new best=01ad370b515db9783b487cc4f3eaef3b15761dbc6342234d73dfa9c92df0dfdd height=637 version=0x20000000 log2_work=10.317413 tx=3037 date='2025-10-26T22:05:14Z' progress=1.000000 cache=0.3MiB(1338txo)
2025-10-26T22:05:10Z Saw new header hash=6d2ce55d49b40c1bcefd11b94e64f391e80bd7cf8fc7d5431ff24d2fe9e2fabe height=638
2025-10-26T22:05:10Z Saw new cmpctblock header hash=6d2ce55d49b40c1bcefd11b94e64f391e80bd7cf8fc7d5431ff24d2fe9e2fabe peer=2
2025-10-26T22:05:10Z UpdateTip: new best=6d2ce55d49b40c1bcefd11b94e64f391e80bd7cf8fc7d5431ff24d2fe9e2fabe height=638 version=0x20000000 log2_work=10.319672 tx=3038 date='2025-10-26T22:05:15Z' progress=1.000000 cache=0.3MiB(1339txo)
2025-10-26T22:05:11Z Saw new header hash=73fd93e17e71848d8fd780b47fcf3b269d48c941a11fa32b844a432881107bc6 height=639
2025-10-26T22:05:11Z Saw new cmpctblock header hash=73fd93e17e71848d8fd780b47fcf3b269d48c941a11fa32b844a432881107bc6 peer=0
2025-10-26T22:05:11Z UpdateTip: new best=73fd93e17e71848d8fd780b47fcf3b269d48c941a11fa32b844a432881107bc6 height=639 version=0x20000000 log2_work=10.321928 tx=3039 date='2025-10-26T22:05:15Z' progress=1.000000 cache=0.3MiB(1340txo)
2025-10-26T22:05:11Z Saw new header hash=5417a93b056d893f1f5084689365dbdeec20c463461154e9bcbc6630abd44d6d height=640
2025-10-26T22:05:11Z Saw new cmpctblock header hash=5417a93b056d893f1f5084689365dbdeec20c463461154e9bcbc6630abd44d6d peer=0
2025-10-26T22:05:11Z UpdateTip: new best=5417a93b056d893f1f5084689365dbdeec20c463461154e9bcbc6630abd44d6d height=640 version=0x20000000 log2_work=10.324181 tx=3040 date='2025-10-26T22:05:15Z' progress=1.000000 cache=0.3MiB(1341txo)
2025-10-26T22:05:12Z Saw new header hash=654451534c5cd16ec7a8ce9e5918b31d4358166f4db63a562e6ded36731d26ae height=641
2025-10-26T22:05:12Z Saw new cmpctblock header hash=654451534c5cd16ec7a8ce9e5918b31d4358166f4db63a562e6ded36731d26ae peer=0
2025-10-26T22:05:12Z UpdateTip: new best=654451534c5cd16ec7a8ce9e5918b31d4358166f4db63a562e6ded36731d26ae height=641 version=0x20000000 log2_work=10.326429 tx=3041 date='2025-10-26T22:05:15Z' progress=1.000000 cache=0.3MiB(1342txo)
2025-10-26T22:05:12Z Saw new header hash=532c8068d0e8023098da8054ee139b9c8cc8db805e157a29c64e13eb95535152 height=642
2025-10-26T22:05:12Z Saw new cmpctblock header hash=532c8068d0e8023098da8054ee139b9c8cc8db805e157a29c64e13eb95535152 peer=0
2025-10-26T22:05:12Z UpdateTip: new best=532c8068d0e8023098da8054ee139b9c8cc8db805e157a29c64e13eb95535152 height=642 version=0x20000000 log2_work=10.328675 tx=3042 date='2025-10-26T22:05:15Z' progress=1.000000 cache=0.3MiB(1343txo)
2025-10-26T22:05:12Z Saw new header hash=1073aa49f6c5260310848fad042effd903fa61e319e37a0cd0c60a856fae1c71 height=643
2025-10-26T22:05:12Z Saw new cmpctblock header hash=1073aa49f6c5260310848fad042effd903fa61e319e37a0cd0c60a856fae1c71 peer=0
2025-10-26T22:05:12Z UpdateTip: new best=1073aa49f6c5260310848fad042effd903fa61e319e37a0cd0c60a856fae1c71 height=643 version=0x20000000 log2_work=10.330917 tx=3043 date='2025-10-26T22:05:15Z' progress=1.000000 cache=0.3MiB(1344txo)
2025-10-26T22:05:12Z Saw new header hash=53f383461c89c16957ce72cea35e442c2fee5480119601a0558f970ff7f1afa9 height=644
2025-10-26T22:05:12Z Saw new cmpctblock header hash=53f383461c89c16957ce72cea35e442c2fee5480119601a0558f970ff7f1afa9 peer=0
2025-10-26T22:05:12Z UpdateTip: new best=53f383461c89c16957ce72cea35e442c2fee5480119601a0558f970ff7f1afa9 height=644 version=0x20000000 log2_work=10.333155 tx=3044 date='2025-10-26T22:05:16Z' progress=1.000000 cache=0.3MiB(1345txo)
2025-10-26T22:05:12Z Saw new header hash=3c56a0ef047cff14ca34442f46b15c0a71fff7d582ce905b8fee5cfea0f431a8 height=645
2025-10-26T22:05:12Z Saw new cmpctblock header hash=3c56a0ef047cff14ca34442f46b15c0a71fff7d582ce905b8fee5cfea0f431a8 peer=2
2025-10-26T22:05:12Z UpdateTip: new best=3c56a0ef047cff14ca34442f46b15c0a71fff7d582ce905b8fee5cfea0f431a8 height=645 version=0x20000000 log2_work=10.335390 tx=3045 date='2025-10-26T22:05:16Z' progress=1.000000 cache=0.3MiB(1346txo)
2025-10-26T22:05:13Z Saw new header hash=3902f1112624b3a2af19a15119767653973051094a9012182700c1c6629a0f19 height=646
2025-10-26T22:05:13Z Saw new cmpctblock header hash=3902f1112624b3a2af19a15119767653973051094a9012182700c1c6629a0f19 peer=2
2025-10-26T22:05:13Z UpdateTip: new best=3902f1112624b3a2af19a15119767653973051094a9012182700c1c6629a0f19 height=646 version=0x20000000 log2_work=10.337622 tx=3046 date='2025-10-26T22:05:16Z' progress=1.000000 cache=0.3MiB(1347txo)
2025-10-26T22:05:13Z Saw new header hash=118323ca1ad000071b787d16bf353bbd75215cefb210e1cbee89e2283d14c6bc height=647
2025-10-26T22:05:13Z Saw new cmpctblock header hash=118323ca1ad000071b787d16bf353bbd75215cefb210e1cbee89e2283d14c6bc peer=2
2025-10-26T22:05:13Z UpdateTip: new best=118323ca1ad000071b787d16bf353bbd75215cefb210e1cbee89e2283d14c6bc height=647 version=0x20000000 log2_work=10.339850 tx=3047 date='2025-10-26T22:05:16Z' progress=1.000000 cache=0.3MiB(1348txo)
2025-10-26T22:05:13Z Saw new header hash=021fbaeb056a227acdb3e03399af6f634a838260938986b324152e34c4be2679 height=648
2025-10-26T22:05:13Z Saw new cmpctblock header hash=021fbaeb056a227acdb3e03399af6f634a838260938986b324152e34c4be2679 peer=0
2025-10-26T22:05:13Z UpdateTip: new best=021fbaeb056a227acdb3e03399af6f634a838260938986b324152e34c4be2679 height=648 version=0x20000000 log2_work=10.342075 tx=3048 date='2025-10-26T22:05:16Z' progress=1.000000 cache=0.3MiB(1349txo)
2025-10-26T22:05:13Z Saw new header hash=4c0137ff8b6d67c7fb52d5f17b4633a330cfb24c65a5ca1bbe5f8fca11748483 height=649
2025-10-26T22:05:13Z Saw new cmpctblock header hash=4c0137ff8b6d67c7fb52d5f17b4633a330cfb24c65a5ca1bbe5f8fca11748483 peer=0
2025-10-26T22:05:13Z UpdateTip: new best=4c0137ff8b6d67c7fb52d5f17b4633a330cfb24c65a5ca1bbe5f8fca11748483 height=649 version=0x20000000 log2_work=10.344296 tx=3049 date='2025-10-26T22:05:16Z' progress=1.000000 cache=0.3MiB(1350txo)
2025-10-26T22:05:13Z Saw new header hash=5d994386d25a6fc2ef9d927ff03a6c500b9a5793596893baf607ae5963f89125 height=650
2025-10-26T22:05:13Z Saw new cmpctblock header hash=5d994386d25a6fc2ef9d927ff03a6c500b9a5793596893baf607ae5963f89125 peer=0
2025-10-26T22:05:13Z UpdateTip: new best=5d994386d25a6fc2ef9d927ff03a6c500b9a5793596893baf607ae5963f89125 height=650 version=0x20000000 log2_work=10.346514 tx=3050 date='2025-10-26T22:05:17Z' progress=1.000000 cache=0.3MiB(1351txo)
2025-10-26T22:05:13Z Saw new header hash=6c2fb0046cec30c9d990ae26ccfdfac50695810bc1d6c71ebd20e861fdeb3fa1 height=651
2025-10-26T22:05:13Z Saw new cmpctblock header hash=6c2fb0046cec30c9d990ae26ccfdfac50695810bc1d6c71ebd20e861fdeb3fa1 peer=0
2025-10-26T22:05:13Z UpdateTip: new best=6c2fb0046cec30c9d990ae26ccfdfac50695810bc1d6c71ebd20e861fdeb3fa1 height=651 version=0x20000000 log2_work=10.348728 tx=3051 date='2025-10-26T22:05:17Z' progress=1.000000 cache=0.3MiB(1352txo)
2025-10-26T22:05:13Z Saw new header hash=1a82f1fbac8cc5ea47eb9f2e1981432523db8bfe886e7814dc7db97a085253e0 height=652
2025-10-26T22:05:13Z Saw new cmpctblock header hash=1a82f1fbac8cc5ea47eb9f2e1981432523db8bfe886e7814dc7db97a085253e0 peer=2
2025-10-26T22:05:13Z UpdateTip: new best=1a82f1fbac8cc5ea47eb9f2e1981432523db8bfe886e7814dc7db97a085253e0 height=652 version=0x20000000 log2_work=10.350939 tx=3052 date='2025-10-26T22:05:17Z' progress=1.000000 cache=0.3MiB(1353txo)
2025-10-26T22:05:13Z Saw new header hash=20be4e26fd0be3a23abc03314b14fd494e02fb52dba3a33cc743ad70f2f8fe02 height=653
2025-10-26T22:05:13Z Saw new cmpctblock header hash=20be4e26fd0be3a23abc03314b14fd494e02fb52dba3a33cc743ad70f2f8fe02 peer=2
2025-10-26T22:05:13Z UpdateTip: new best=20be4e26fd0be3a23abc03314b14fd494e02fb52dba3a33cc743ad70f2f8fe02 height=653 version=0x20000000 log2_work=10.353147 tx=3053 date='2025-10-26T22:05:17Z' progress=1.000000 cache=0.3MiB(1354txo)
2025-10-26T22:05:13Z Saw new header hash=456dac325c8102d08e44f6d1eccfb35e812ecf5c691487d9a1889704c41a75ca height=654
2025-10-26T22:05:13Z Saw new cmpctblock header hash=456dac325c8102d08e44f6d1eccfb35e812ecf5c691487d9a1889704c41a75ca peer=2
2025-10-26T22:05:14Z UpdateTip: new best=456dac325c8102d08e44f6d1eccfb35e812ecf5c691487d9a1889704c41a75ca height=654 version=0x20000000 log2_work=10.355351 tx=3054 date='2025-10-26T22:05:17Z' progress=1.000000 cache=0.3MiB(1355txo)
2025-10-26T22:05:14Z Saw new header hash=3fbfb8bd33d144c5e6a5c3b466aceb04990343a3e2d9fbbee81ffc4d8dcbbac4 height=655
2025-10-26T22:05:14Z Saw new cmpctblock header hash=3fbfb8bd33d144c5e6a5c3b466aceb04990343a3e2d9fbbee81ffc4d8dcbbac4 peer=2
2025-10-26T22:05:14Z UpdateTip: new best=3fbfb8bd33d144c5e6a5c3b466aceb04990343a3e2d9fbbee81ffc4d8dcbbac4 height=655 version=0x20000000 log2_work=10.357552 tx=3055 date='2025-10-26T22:05:17Z' progress=1.000000 cache=0.3MiB(1356txo)
2025-10-26T22:05:14Z Saw new header hash=74051590da391bb9d11347035a09d924481ebb41d8d0bf8bf5acd66ad6e59558 height=656
2025-10-26T22:05:14Z Saw new cmpctblock header hash=74051590da391bb9d11347035a09d924481ebb41d8d0bf8bf5acd66ad6e59558 peer=0
2025-10-26T22:05:14Z UpdateTip: new best=74051590da391bb9d11347035a09d924481ebb41d8d0bf8bf5acd66ad6e59558 height=656 version=0x20000000 log2_work=10.359750 tx=3056 date='2025-10-26T22:05:18Z' progress=1.000000 cache=0.3MiB(1357txo)
2025-10-26T22:05:14Z Saw new header hash=6e3e3f9ae172f133e2bd90eacbb456da9b0da5bc11b8c4ae32e50107bb8cf825 height=657
2025-10-26T22:05:14Z Saw new cmpctblock header hash=6e3e3f9ae172f133e2bd90eacbb456da9b0da5bc11b8c4ae32e50107bb8cf825 peer=0
2025-10-26T22:05:14Z UpdateTip: new best=6e3e3f9ae172f133e2bd90eacbb456da9b0da5bc11b8c4ae32e50107bb8cf825 height=657 version=0x20000000 log2_work=10.361944 tx=3057 date='2025-10-26T22:05:18Z' progress=1.000000 cache=0.3MiB(1358txo)
2025-10-26T22:05:14Z Saw new header hash=66bd7f3aec1a3bb6b50326975abc4e5a77d7531ffa215dd98f6ee06f987187e3 height=658
2025-10-26T22:05:14Z Saw new cmpctblock header hash=66bd7f3aec1a3bb6b50326975abc4e5a77d7531ffa215dd98f6ee06f987187e3 peer=0
2025-10-26T22:05:14Z UpdateTip: new best=66bd7f3aec1a3bb6b50326975abc4e5a77d7531ffa215dd98f6ee06f987187e3 height=658 version=0x20000000 log2_work=10.364135 tx=3058 date='2025-10-26T22:05:18Z' progress=1.000000 cache=0.3MiB(1359txo)
2025-10-26T22:05:14Z Saw new header hash=13fde429476f49f6b89bb8dce53c1b935c95c7be5f0fbecdee2be39f4fbce962 height=659
2025-10-26T22:05:14Z Saw new cmpctblock header hash=13fde429476f49f6b89bb8dce53c1b935c95c7be5f0fbecdee2be39f4fbce962 peer=0
2025-10-26T22:05:14Z UpdateTip: new best=13fde429476f49f6b89bb8dce53c1b935c95c7be5f0fbecdee2be39f4fbce962 height=659 version=0x20000000 log2_work=10.366322 tx=3059 date='2025-10-26T22:05:18Z' progress=1.000000 cache=0.3MiB(1360txo)
2025-10-26T22:05:14Z Saw new header hash=3b1c43fa142927f04e63736b9d29e5fef256d49486b9a6e08b4a4b3cddf4fffc height=660
2025-10-26T22:05:14Z Saw new cmpctblock header hash=3b1c43fa142927f04e63736b9d29e5fef256d49486b9a6e08b4a4b3cddf4fffc peer=0
2025-10-26T22:05:14Z UpdateTip: new best=3b1c43fa142927f04e63736b9d29e5fef256d49486b9a6e08b4a4b3cddf4fffc height=660 version=0x20000000 log2_work=10.368506 tx=3060 date='2025-10-26T22:05:18Z' progress=1.000000 cache=0.3MiB(1361txo)
2025-10-26T22:05:14Z Saw new header hash=14ba23e288990e08fbab59b98e8cee06cf8f72919737a8848451d96ffa0c5916 height=661
2025-10-26T22:05:14Z Saw new cmpctblock header hash=14ba23e288990e08fbab59b98e8cee06cf8f72919737a8848451d96ffa0c5916 peer=0
2025-10-26T22:05:14Z UpdateTip: new best=14ba23e288990e08fbab59b98e8cee06cf8f72919737a8848451d96ffa0c5916 height=661 version=0x20000000 log2_work=10.370687 tx=3061 date='2025-10-26T22:05:18Z' progress=1.000000 cache=0.3MiB(1362txo)
2025-10-26T22:05:14Z Saw new header hash=53537c4c02a647b630ee3802478c96e031d9612daea547273bc4f55b310d6649 height=662
2025-10-26T22:05:14Z Saw new cmpctblock header hash=53537c4c02a647b630ee3802478c96e031d9612daea547273bc4f55b310d6649 peer=2
2025-10-26T22:05:14Z UpdateTip: new best=53537c4c02a647b630ee3802478c96e031d9612daea547273bc4f55b310d6649 height=662 version=0x20000000 log2_work=10.372865 tx=3062 date='2025-10-26T22:05:19Z' progress=1.000000 cache=0.3MiB(1363txo)
2025-10-26T22:05:14Z Saw new header hash=6440dea9e864b44890304a3679947bcb19636e76de8b6c1f95ed832f92539422 height=663
2025-10-26T22:05:14Z Saw new cmpctblock header hash=6440dea9e864b44890304a3679947bcb19636e76de8b6c1f95ed832f92539422 peer=0
2025-10-26T22:05:14Z UpdateTip: new best=6440dea9e864b44890304a3679947bcb19636e76de8b6c1f95ed832f92539422 height=663 version=0x20000000 log2_work=10.375039 tx=3063 date='2025-10-26T22:05:19Z' progress=1.000000 cache=0.3MiB(1364txo)
2025-10-26T22:05:14Z Saw new header hash=415736621c5f30558a04eb208ea622754808e22f500bf36a2904f47e45a31475 height=664
2025-10-26T22:05:14Z Saw new cmpctblock header hash=415736621c5f30558a04eb208ea622754808e22f500bf36a2904f47e45a31475 peer=0
2025-10-26T22:05:15Z UpdateTip: new best=415736621c5f30558a04eb208ea622754808e22f500bf36a2904f47e45a31475 height=664 version=0x20000000 log2_work=10.377211 tx=3064 date='2025-10-26T22:05:19Z' progress=1.000000 cache=0.3MiB(1365txo)
2025-10-26T22:05:15Z Saw new header hash=59b184c3fdaa84f24f5f127bcb294a29261a91292d4bc289cdb09c6920c1020a height=665
2025-10-26T22:05:15Z Saw new cmpctblock header hash=59b184c3fdaa84f24f5f127bcb294a29261a91292d4bc289cdb09c6920c1020a peer=0
2025-10-26T22:05:15Z UpdateTip: new best=59b184c3fdaa84f24f5f127bcb294a29261a91292d4bc289cdb09c6920c1020a height=665 version=0x20000000 log2_work=10.379378 tx=3065 date='2025-10-26T22:05:19Z' progress=1.000000 cache=0.3MiB(1366txo)
2025-10-26T22:05:15Z Saw new header hash=7f9a82b39efe9c76c98830266fe463b0e7e2fdf10b0ef07d953b39ccaf76ee2f height=666
2025-10-26T22:05:15Z Saw new cmpctblock header hash=7f9a82b39efe9c76c98830266fe463b0e7e2fdf10b0ef07d953b39ccaf76ee2f peer=2
2025-10-26T22:05:15Z UpdateTip: new best=7f9a82b39efe9c76c98830266fe463b0e7e2fdf10b0ef07d953b39ccaf76ee2f height=666 version=0x20000000 log2_work=10.381543 tx=3066 date='2025-10-26T22:05:19Z' progress=1.000000 cache=0.3MiB(1367txo)
2025-10-26T22:05:15Z Saw new header hash=604cc2958576c82ea4a8ef4ff2ed8a5a8f2115f87d9d8369df1b37f7f5304e8a height=667
2025-10-26T22:05:15Z Saw new cmpctblock header hash=604cc2958576c82ea4a8ef4ff2ed8a5a8f2115f87d9d8369df1b37f7f5304e8a peer=2
2025-10-26T22:05:15Z UpdateTip: new best=604cc2958576c82ea4a8ef4ff2ed8a5a8f2115f87d9d8369df1b37f7f5304e8a height=667 version=0x20000000 log2_work=10.383704 tx=3067 date='2025-10-26T22:05:19Z' progress=1.000000 cache=0.3MiB(1368txo)
2025-10-26T22:05:15Z Saw new header hash=0a38b481e0ae068f129c6659714f9b4a9b1be2b7ae3bc1ed8033fe3d4baeb48a height=668
2025-10-26T22:05:15Z Saw new cmpctblock header hash=0a38b481e0ae068f129c6659714f9b4a9b1be2b7ae3bc1ed8033fe3d4baeb48a peer=2
2025-10-26T22:05:15Z UpdateTip: new best=0a38b481e0ae068f129c6659714f9b4a9b1be2b7ae3bc1ed8033fe3d4baeb48a height=668 version=0x20000000 log2_work=10.385862 tx=3068 date='2025-10-26T22:05:20Z' progress=1.000000 cache=0.3MiB(1369txo)
2025-10-26T22:05:15Z Saw new header hash=1bbee3d61f69c286e4a62f0f64a042d584cd2e0d650f2191160aa5be715b509b height=669
2025-10-26T22:05:15Z Saw new cmpctblock header hash=1bbee3d61f69c286e4a62f0f64a042d584cd2e0d650f2191160aa5be715b509b peer=0
2025-10-26T22:05:15Z UpdateTip: new best=1bbee3d61f69c286e4a62f0f64a042d584cd2e0d650f2191160aa5be715b509b height=669 version=0x20000000 log2_work=10.388017 tx=3069 date='2025-10-26T22:05:20Z' progress=1.000000 cache=0.3MiB(1370txo)
2025-10-26T22:05:15Z Saw new header hash=71bd333e8c571f8340ee11644139ada15566f2cbdd1d27ee3fb05ba5a99b5057 height=670
2025-10-26T22:05:15Z Saw new cmpctblock header hash=71bd333e8c571f8340ee11644139ada15566f2cbdd1d27ee3fb05ba5a99b5057 peer=2
2025-10-26T22:05:15Z UpdateTip: new best=71bd333e8c571f8340ee11644139ada15566f2cbdd1d27ee3fb05ba5a99b5057 height=670 version=0x20000000 log2_work=10.390169 tx=3070 date='2025-10-26T22:05:20Z' progress=1.000000 cache=0.3MiB(1371txo)
2025-10-26T22:05:15Z Saw new header hash=55f34201bd3da06bf336b65975d35c901f7cdc02a08b1e141415160fce433887 height=671
2025-10-26T22:05:15Z Saw new cmpctblock header hash=55f34201bd3da06bf336b65975d35c901f7cdc02a08b1e141415160fce433887 peer=0
2025-10-26T22:05:15Z UpdateTip: new best=55f34201bd3da06bf336b65975d35c901f7cdc02a08b1e141415160fce433887 height=671 version=0x20000000 log2_work=10.392317 tx=3071 date='2025-10-26T22:05:20Z' progress=1.000000 cache=0.3MiB(1372txo)
2025-10-26T22:05:15Z Saw new header hash=6c43486343424eeae19861fde4360acbef582dfdc17a6403c591fbe6ba67483c height=672
2025-10-26T22:05:15Z Saw new cmpctblock header hash=6c43486343424eeae19861fde4360acbef582dfdc17a6403c591fbe6ba67483c peer=0
2025-10-26T22:05:15Z UpdateTip: new best=6c43486343424eeae19861fde4360acbef582dfdc17a6403c591fbe6ba67483c height=672 version=0x20000000 log2_work=10.394463 tx=3072 date='2025-10-26T22:05:20Z' progress=1.000000 cache=0.3MiB(1373txo)
2025-10-26T22:05:15Z Saw new header hash=63c37911d30a445e7fac24e0e136989af9d91e38002228aef1a31965f18c2b43 height=673
2025-10-26T22:05:15Z Saw new cmpctblock header hash=63c37911d30a445e7fac24e0e136989af9d91e38002228aef1a31965f18c2b43 peer=0
2025-10-26T22:05:15Z UpdateTip: new best=63c37911d30a445e7fac24e0e136989af9d91e38002228aef1a31965f18c2b43 height=673 version=0x20000000 log2_work=10.396605 tx=3073 date='2025-10-26T22:05:20Z' progress=1.000000 cache=0.3MiB(1374txo)
2025-10-26T22:05:15Z Saw new header hash=72c5fbfa65e0aa6882dd910cce791f95f3492de2fb42356999b0cb3041eadee4 height=674
2025-10-26T22:05:15Z Saw new cmpctblock header hash=72c5fbfa65e0aa6882dd910cce791f95f3492de2fb42356999b0cb3041eadee4 peer=2
2025-10-26T22:05:15Z UpdateTip: new best=72c5fbfa65e0aa6882dd910cce791f95f3492de2fb42356999b0cb3041eadee4 height=674 version=0x20000000 log2_work=10.398744 tx=3074 date='2025-10-26T22:05:21Z' progress=1.000000 cache=0.3MiB(1375txo)
2025-10-26T22:05:15Z Saw new header hash=090aef943486f8f39a1db213245aa847360f450341f6b871b693b44f3dd1163d height=675
2025-10-26T22:05:15Z Saw new cmpctblock header hash=090aef943486f8f39a1db213245aa847360f450341f6b871b693b44f3dd1163d peer=0
2025-10-26T22:05:15Z UpdateTip: new best=090aef943486f8f39a1db213245aa847360f450341f6b871b693b44f3dd1163d height=675 version=0x20000000 log2_work=10.400879 tx=3075 date='2025-10-26T22:05:21Z' progress=1.000000 cache=0.3MiB(1376txo)
2025-10-26T22:05:15Z Saw new header hash=4609fc9fc4a1ca791a3511672719e3dad27d03e13f178ac1260979ad8d421ba1 height=676
2025-10-26T22:05:15Z Saw new cmpctblock header hash=4609fc9fc4a1ca791a3511672719e3dad27d03e13f178ac1260979ad8d421ba1 peer=0
2025-10-26T22:05:15Z UpdateTip: new best=4609fc9fc4a1ca791a3511672719e3dad27d03e13f178ac1260979ad8d421ba1 height=676 version=0x20000000 log2_work=10.403012 tx=3076 date='2025-10-26T22:05:21Z' progress=1.000000 cache=0.3MiB(1377txo)
2025-10-26T22:05:15Z Saw new header hash=5a14c79f5fa38e4fcd58ff5f9f555e36faac9fc7d1dbf74de83b5f2629fc198c height=677
2025-10-26T22:05:15Z Saw new cmpctblock header hash=5a14c79f5fa38e4fcd58ff5f9f555e36faac9fc7d1dbf74de83b5f2629fc198c peer=0
2025-10-26T22:05:15Z UpdateTip: new best=5a14c79f5fa38e4fcd58ff5f9f555e36faac9fc7d1dbf74de83b5f2629fc198c height=677 version=0x20000000 log2_work=10.405141 tx=3077 date='2025-10-26T22:05:21Z' progress=1.000000 cache=0.3MiB(1378txo)
2025-10-26T22:05:15Z Saw new header hash=25d1f607055efcc5b92785cebd3cdf85634e1d982d60bec2e3759c8f4c14d8f1 height=678
2025-10-26T22:05:15Z Saw new cmpctblock header hash=25d1f607055efcc5b92785cebd3cdf85634e1d982d60bec2e3759c8f4c14d8f1 peer=2
2025-10-26T22:05:15Z UpdateTip: new best=25d1f607055efcc5b92785cebd3cdf85634e1d982d60bec2e3759c8f4c14d8f1 height=678 version=0x20000000 log2_work=10.407268 tx=3078 date='2025-10-26T22:05:21Z' progress=1.000000 cache=0.3MiB(1379txo)
2025-10-26T22:05:15Z Saw new header hash=4c1d3c56c91ec196b39ff766938e2d1bab6704f3a449aba847d3fdc06b9cb368 height=679
2025-10-26T22:05:15Z Saw new cmpctblock header hash=4c1d3c56c91ec196b39ff766938e2d1bab6704f3a449aba847d3fdc06b9cb368 peer=2
2025-10-26T22:05:15Z UpdateTip: new best=4c1d3c56c91ec196b39ff766938e2d1bab6704f3a449aba847d3fdc06b9cb368 height=679 version=0x20000000 log2_work=10.409391 tx=3079 date='2025-10-26T22:05:21Z' progress=1.000000 cache=0.3MiB(1380txo)
2025-10-26T22:05:15Z Saw new header hash=6cc63792d1b1eec7161a91733d329d54573f7fa8799f0162091d99165a33605e height=680
2025-10-26T22:05:15Z Saw new cmpctblock header hash=6cc63792d1b1eec7161a91733d329d54573f7fa8799f0162091d99165a33605e peer=0
2025-10-26T22:05:15Z UpdateTip: new best=6cc63792d1b1eec7161a91733d329d54573f7fa8799f0162091d99165a33605e height=680 version=0x20000000 log2_work=10.411511 tx=3080 date='2025-10-26T22:05:22Z' progress=1.000000 cache=0.3MiB(1381txo)
2025-10-26T22:05:15Z Saw new header hash=3aff1885f7d78109f2de6c8c0d78518cd2b67ab439d5a05b94a2e6e471a1005e height=681
2025-10-26T22:05:15Z Saw new cmpctblock header hash=3aff1885f7d78109f2de6c8c0d78518cd2b67ab439d5a05b94a2e6e471a1005e peer=2
2025-10-26T22:05:15Z UpdateTip: new best=3aff1885f7d78109f2de6c8c0d78518cd2b67ab439d5a05b94a2e6e471a1005e height=681 version=0x20000000 log2_work=10.413628 tx=3081 date='2025-10-26T22:05:22Z' progress=1.000000 cache=0.3MiB(1382txo)
2025-10-26T22:05:15Z Saw new header hash=4eb9fe31efa3a07cd4d27d4e5990c0d94bc216a7edbfd3d4446e3f3988675f0d height=682
2025-10-26T22:05:15Z Saw new cmpctblock header hash=4eb9fe31efa3a07cd4d27d4e5990c0d94bc216a7edbfd3d4446e3f3988675f0d peer=0
2025-10-26T22:05:15Z UpdateTip: new best=4eb9fe31efa3a07cd4d27d4e5990c0d94bc216a7edbfd3d4446e3f3988675f0d height=682 version=0x20000000 log2_work=10.415742 tx=3082 date='2025-10-26T22:05:22Z' progress=1.000000 cache=0.3MiB(1383txo)
2025-10-26T22:05:15Z Saw new header hash=7e3215b8d0bb05cb7515c278067a2c975a675ddcc4cad8c20e01817a527e2c49 height=683
2025-10-26T22:05:15Z Saw new cmpctblock header hash=7e3215b8d0bb05cb7515c278067a2c975a675ddcc4cad8c20e01817a527e2c49 peer=0
2025-10-26T22:05:16Z UpdateTip: new best=7e3215b8d0bb05cb7515c278067a2c975a675ddcc4cad8c20e01817a527e2c49 height=683 version=0x20000000 log2_work=10.417853 tx=3083 date='2025-10-26T22:05:22Z' progress=1.000000 cache=0.3MiB(1384txo)
2025-10-26T22:05:16Z Saw new header hash=0381c48458a5240a75cf64bee1f788317028c91dcba22afd75c663554296a674 height=684
2025-10-26T22:05:16Z Saw new cmpctblock header hash=0381c48458a5240a75cf64bee1f788317028c91dcba22afd75c663554296a674 peer=2
2025-10-26T22:05:16Z UpdateTip: new best=0381c48458a5240a75cf64bee1f788317028c91dcba22afd75c663554296a674 height=684 version=0x20000000 log2_work=10.419960 tx=3084 date='2025-10-26T22:05:22Z' progress=1.000000 cache=0.3MiB(1385txo)
2025-10-26T22:05:16Z Saw new header hash=4c6cf0115aa481b7675ca477856ac31bbb964111adb2ea3b21a4b5aa5f580fe1 height=685
2025-10-26T22:05:16Z Saw new cmpctblock header hash=4c6cf0115aa481b7675ca477856ac31bbb964111adb2ea3b21a4b5aa5f580fe1 peer=2
2025-10-26T22:05:16Z UpdateTip: new best=4c6cf0115aa481b7675ca477856ac31bbb964111adb2ea3b21a4b5aa5f580fe1 height=685 version=0x20000000 log2_work=10.422065 tx=3085 date='2025-10-26T22:05:22Z' progress=1.000000 cache=0.3MiB(1386txo)
2025-10-26T22:05:16Z Saw new header hash=39da06ed80ee076e6d23eb281725378df387e370fe321d52984a053bcf17649c height=686
2025-10-26T22:05:16Z Saw new cmpctblock header hash=39da06ed80ee076e6d23eb281725378df387e370fe321d52984a053bcf17649c peer=0
2025-10-26T22:05:16Z UpdateTip: new best=39da06ed80ee076e6d23eb281725378df387e370fe321d52984a053bcf17649c height=686 version=0x20000000 log2_work=10.424166 tx=3086 date='2025-10-26T22:05:23Z' progress=1.000000 cache=0.3MiB(1387txo)
2025-10-26T22:05:16Z Saw new header hash=6bf23cdcc058e78580660070ec48663170a5d9e73a163ed9b3bc2074633a6802 height=687
2025-10-26T22:05:16Z Saw new cmpctblock header hash=6bf23cdcc058e78580660070ec48663170a5d9e73a163ed9b3bc2074633a6802 peer=0
2025-10-26T22:05:16Z UpdateTip: new best=6bf23cdcc058e78580660070ec48663170a5d9e73a163ed9b3bc2074633a6802 height=687 version=0x20000000 log2_work=10.426265 tx=3087 date='2025-10-26T22:05:23Z' progress=1.000000 cache=0.3MiB(1388txo)
2025-10-26T22:05:16Z Saw new header hash=07a5c3052d184a8bf5d0b1bc6d9b1f5e12a6297cc836bdb32694547e46849cbf height=688
2025-10-26T22:05:16Z Saw new cmpctblock header hash=07a5c3052d184a8bf5d0b1bc6d9b1f5e12a6297cc836bdb32694547e46849cbf peer=2
2025-10-26T22:05:16Z UpdateTip: new best=07a5c3052d184a8bf5d0b1bc6d9b1f5e12a6297cc836bdb32694547e46849cbf height=688 version=0x20000000 log2_work=10.428360 tx=3088 date='2025-10-26T22:05:23Z' progress=1.000000 cache=0.3MiB(1389txo)
2025-10-26T22:05:16Z Saw new header hash=7a0fdb6452ca4eb29fa4dfc0738565300751f30d54a801c2e51c808580191eed height=689
2025-10-26T22:05:16Z Saw new cmpctblock header hash=7a0fdb6452ca4eb29fa4dfc0738565300751f30d54a801c2e51c808580191eed peer=0
2025-10-26T22:05:16Z UpdateTip: new best=7a0fdb6452ca4eb29fa4dfc0738565300751f30d54a801c2e51c808580191eed height=689 version=0x20000000 log2_work=10.430453 tx=3089 date='2025-10-26T22:05:23Z' progress=1.000000 cache=0.3MiB(1390txo)
2025-10-26T22:05:16Z Saw new header hash=1c3ffd5c45474d86a28715e92affe7c308da0a2ee0ee1d7fbba270db5678431c height=690
2025-10-26T22:05:16Z Saw new cmpctblock header hash=1c3ffd5c45474d86a28715e92affe7c308da0a2ee0ee1d7fbba270db5678431c peer=0
2025-10-26T22:05:16Z UpdateTip: new best=1c3ffd5c45474d86a28715e92affe7c308da0a2ee0ee1d7fbba270db5678431c height=690 version=0x20000000 log2_work=10.432542 tx=3090 date='2025-10-26T22:05:23Z' progress=1.000000 cache=0.3MiB(1391txo)
2025-10-26T22:05:16Z Saw new header hash=67b12d50e58b0c07e0d138d897fa50031bc4beb563deac517023c4494b979c15 height=691
2025-10-26T22:05:16Z Saw new cmpctblock header hash=67b12d50e58b0c07e0d138d897fa50031bc4beb563deac517023c4494b979c15 peer=0
2025-10-26T22:05:16Z UpdateTip: new best=67b12d50e58b0c07e0d138d897fa50031bc4beb563deac517023c4494b979c15 height=691 version=0x20000000 log2_work=10.434628 tx=3091 date='2025-10-26T22:05:23Z' progress=1.000000 cache=0.3MiB(1392txo)
2025-10-26T22:05:16Z Saw new header hash=55bdb5a86e453a0fa418b222e427d056635732f88bf098ebd4a38e0223708121 height=692
2025-10-26T22:05:16Z Saw new cmpctblock header hash=55bdb5a86e453a0fa418b222e427d056635732f88bf098ebd4a38e0223708121 peer=0
2025-10-26T22:05:16Z UpdateTip: new best=55bdb5a86e453a0fa418b222e427d056635732f88bf098ebd4a38e0223708121 height=692 version=0x20000000 log2_work=10.436712 tx=3092 date='2025-10-26T22:05:24Z' progress=1.000000 cache=0.3MiB(1393txo)
2025-10-26T22:05:16Z Saw new header hash=29e84cf2c155675bab3874803b5126b2655cdd8d82548347fe41761ddfc853de height=693
2025-10-26T22:05:16Z Saw new cmpctblock header hash=29e84cf2c155675bab3874803b5126b2655cdd8d82548347fe41761ddfc853de peer=0
2025-10-26T22:05:16Z UpdateTip: new best=29e84cf2c155675bab3874803b5126b2655cdd8d82548347fe41761ddfc853de height=693 version=0x20000000 log2_work=10.438792 tx=3093 date='2025-10-26T22:05:24Z' progress=1.000000 cache=0.3MiB(1394txo)
2025-10-26T22:05:16Z Saw new header hash=5a1587f39d41236cd997df97412cea35b9b5945494f0c1b4599b0647aa6936a7 height=694
2025-10-26T22:05:16Z Saw new cmpctblock header hash=5a1587f39d41236cd997df97412cea35b9b5945494f0c1b4599b0647aa6936a7 peer=2
2025-10-26T22:05:16Z UpdateTip: new best=5a1587f39d41236cd997df97412cea35b9b5945494f0c1b4599b0647aa6936a7 height=694 version=0x20000000 log2_work=10.440869 tx=3094 date='2025-10-26T22:05:24Z' progress=1.000000 cache=0.3MiB(1395txo)
2025-10-26T22:05:16Z Saw new header hash=5ab4174386a02cecb6174129bfb0fc7cf2cb544d183b9ded5aaad470a057001c height=695
2025-10-26T22:05:16Z Saw new cmpctblock header hash=5ab4174386a02cecb6174129bfb0fc7cf2cb544d183b9ded5aaad470a057001c peer=0
2025-10-26T22:05:17Z UpdateTip: new best=5ab4174386a02cecb6174129bfb0fc7cf2cb544d183b9ded5aaad470a057001c height=695 version=0x20000000 log2_work=10.442943 tx=3095 date='2025-10-26T22:05:24Z' progress=1.000000 cache=0.3MiB(1396txo)
2025-10-26T22:05:17Z Saw new header hash=39ef9c59ed6295cf70508993827b764060109d293cdcd9d51a74d934e5f868e4 height=696
2025-10-26T22:05:17Z Saw new cmpctblock header hash=39ef9c59ed6295cf70508993827b764060109d293cdcd9d51a74d934e5f868e4 peer=2
2025-10-26T22:05:17Z UpdateTip: new best=39ef9c59ed6295cf70508993827b764060109d293cdcd9d51a74d934e5f868e4 height=696 version=0x20000000 log2_work=10.445015 tx=3096 date='2025-10-26T22:05:24Z' progress=1.000000 cache=0.3MiB(1397txo)
2025-10-26T22:05:17Z Saw new header hash=2f2a9deb6125cdcacf50b443fd00d6a1b9235f598b174569187e71d77975799c height=697
2025-10-26T22:05:17Z Saw new cmpctblock header hash=2f2a9deb6125cdcacf50b443fd00d6a1b9235f598b174569187e71d77975799c peer=2
2025-10-26T22:05:17Z UpdateTip: new best=2f2a9deb6125cdcacf50b443fd00d6a1b9235f598b174569187e71d77975799c height=697 version=0x20000000 log2_work=10.447083 tx=3097 date='2025-10-26T22:05:24Z' progress=1.000000 cache=0.3MiB(1398txo)
2025-10-26T22:05:17Z Saw new header hash=0898b210d09f0e3a3abf5b1856c44031300b492b7708def682347fbf7f17c634 height=698
2025-10-26T22:05:17Z Saw new cmpctblock header hash=0898b210d09f0e3a3abf5b1856c44031300b492b7708def682347fbf7f17c634 peer=0
2025-10-26T22:05:17Z UpdateTip: new best=0898b210d09f0e3a3abf5b1856c44031300b492b7708def682347fbf7f17c634 height=698 version=0x20000000 log2_work=10.449149 tx=3098 date='2025-10-26T22:05:25Z' progress=1.000000 cache=0.3MiB(1399txo)
2025-10-26T22:05:18Z Saw new header hash=176f3a35cf77b72e2d76b87a3ce63adb66101d8c3fad1e90e9c7b5d96e1e8208 height=699
2025-10-26T22:05:18Z Saw new cmpctblock header hash=176f3a35cf77b72e2d76b87a3ce63adb66101d8c3fad1e90e9c7b5d96e1e8208 peer=0
2025-10-26T22:05:18Z UpdateTip: new best=176f3a35cf77b72e2d76b87a3ce63adb66101d8c3fad1e90e9c7b5d96e1e8208 height=699 version=0x20000000 log2_work=10.451211 tx=3099 date='2025-10-26T22:05:25Z' progress=1.000000 cache=0.3MiB(1400txo)
2025-10-26T22:05:18Z Saw new header hash=5e1686467793e421c2802ca6a18b45d842b5b68c429a3a23f0925e04e82efcdf height=700
2025-10-26T22:05:18Z Saw new cmpctblock header hash=5e1686467793e421c2802ca6a18b45d842b5b68c429a3a23f0925e04e82efcdf peer=0
2025-10-26T22:05:18Z UpdateTip: new best=5e1686467793e421c2802ca6a18b45d842b5b68c429a3a23f0925e04e82efcdf height=700 version=0x20000000 log2_work=10.453271 tx=3100 date='2025-10-26T22:05:25Z' progress=1.000000 cache=0.3MiB(1401txo)
2025-10-26T22:05:18Z Saw new header hash=56fa43888cc1345a3eb17ca64bd7c16bcf2643a44b52fb9a2aff60d1ab6f13ef height=701
2025-10-26T22:05:18Z Saw new cmpctblock header hash=56fa43888cc1345a3eb17ca64bd7c16bcf2643a44b52fb9a2aff60d1ab6f13ef peer=0
2025-10-26T22:05:18Z UpdateTip: new best=56fa43888cc1345a3eb17ca64bd7c16bcf2643a44b52fb9a2aff60d1ab6f13ef height=701 version=0x20000000 log2_work=10.455327 tx=3101 date='2025-10-26T22:05:25Z' progress=1.000000 cache=0.3MiB(1402txo)
2025-10-26T22:05:18Z Saw new header hash=261f2ec42c0893f8cf07e833407ec93a3abcf92930a5fa2133b8cd105052db76 height=702
2025-10-26T22:05:18Z Saw new cmpctblock header hash=261f2ec42c0893f8cf07e833407ec93a3abcf92930a5fa2133b8cd105052db76 peer=2
2025-10-26T22:05:18Z UpdateTip: new best=261f2ec42c0893f8cf07e833407ec93a3abcf92930a5fa2133b8cd105052db76 height=702 version=0x20000000 log2_work=10.457381 tx=3102 date='2025-10-26T22:05:25Z' progress=1.000000 cache=0.3MiB(1403txo)
2025-10-26T22:05:18Z Saw new header hash=6c1ecb5c8faab6a7acd13a5cdea1f0067f79dd9c8ae4b089b79feeda0095d298 height=703
2025-10-26T22:05:18Z Saw new cmpctblock header hash=6c1ecb5c8faab6a7acd13a5cdea1f0067f79dd9c8ae4b089b79feeda0095d298 peer=2
2025-10-26T22:05:18Z UpdateTip: new best=6c1ecb5c8faab6a7acd13a5cdea1f0067f79dd9c8ae4b089b79feeda0095d298 height=703 version=0x20000000 log2_work=10.459432 tx=3103 date='2025-10-26T22:05:25Z' progress=1.000000 cache=0.3MiB(1404txo)
2025-10-26T22:05:18Z Saw new header hash=13d0b8eeedbadfe08c87f6b4715feefecc38571b66bd4525e559b17c03a6dff4 height=704
2025-10-26T22:05:18Z Saw new cmpctblock header hash=13d0b8eeedbadfe08c87f6b4715feefecc38571b66bd4525e559b17c03a6dff4 peer=0
2025-10-26T22:05:18Z UpdateTip: new best=13d0b8eeedbadfe08c87f6b4715feefecc38571b66bd4525e559b17c03a6dff4 height=704 version=0x20000000 log2_work=10.461479 tx=3104 date='2025-10-26T22:05:26Z' progress=1.000000 cache=0.3MiB(1405txo)
2025-10-26T22:05:18Z Saw new header hash=6bf9df31d5a5d842177e93eae9b0564572379b4152332e7f3c781d0cf43317e6 height=705
2025-10-26T22:05:18Z Saw new cmpctblock header hash=6bf9df31d5a5d842177e93eae9b0564572379b4152332e7f3c781d0cf43317e6 peer=0
2025-10-26T22:05:18Z UpdateTip: new best=6bf9df31d5a5d842177e93eae9b0564572379b4152332e7f3c781d0cf43317e6 height=705 version=0x20000000 log2_work=10.463524 tx=3105 date='2025-10-26T22:05:26Z' progress=1.000000 cache=0.3MiB(1406txo)
2025-10-26T22:05:18Z Saw new header hash=26d701de3fe4ef4fef82c2d0c97cfb416f13a2f404cd7b8422dc74e52a536992 height=706
2025-10-26T22:05:18Z Saw new cmpctblock header hash=26d701de3fe4ef4fef82c2d0c97cfb416f13a2f404cd7b8422dc74e52a536992 peer=0
2025-10-26T22:05:18Z UpdateTip: new best=26d701de3fe4ef4fef82c2d0c97cfb416f13a2f404cd7b8422dc74e52a536992 height=706 version=0x20000000 log2_work=10.465566 tx=3106 date='2025-10-26T22:05:26Z' progress=1.000000 cache=0.3MiB(1407txo)
2025-10-26T22:05:18Z Saw new header hash=236ce9eb66a8dfaff3156d9c52e32f409bc9a9b969320959a91d0f5cff789bec height=707
2025-10-26T22:05:18Z Saw new cmpctblock header hash=236ce9eb66a8dfaff3156d9c52e32f409bc9a9b969320959a91d0f5cff789bec peer=0
2025-10-26T22:05:18Z UpdateTip: new best=236ce9eb66a8dfaff3156d9c52e32f409bc9a9b969320959a91d0f5cff789bec height=707 version=0x20000000 log2_work=10.467606 tx=3107 date='2025-10-26T22:05:26Z' progress=1.000000 cache=0.3MiB(1408txo)
2025-10-26T22:05:19Z Saw new header hash=7117a97a0c25bb575661c4649a5fca54318dd8bc002eed0534e340d81a8e1bb3 height=708
2025-10-26T22:05:19Z Saw new cmpctblock header hash=7117a97a0c25bb575661c4649a5fca54318dd8bc002eed0534e340d81a8e1bb3 peer=0
2025-10-26T22:05:19Z UpdateTip: new best=7117a97a0c25bb575661c4649a5fca54318dd8bc002eed0534e340d81a8e1bb3 height=708 version=0x20000000 log2_work=10.469642 tx=3108 date='2025-10-26T22:05:26Z' progress=1.000000 cache=0.3MiB(1409txo)
2025-10-26T22:05:19Z Saw new header hash=22df7357d686cbf70942aed401c3a3f0565fa4bcb98e85c7a45c997fa11bfab8 height=709
2025-10-26T22:05:19Z Saw new cmpctblock header hash=22df7357d686cbf70942aed401c3a3f0565fa4bcb98e85c7a45c997fa11bfab8 peer=2
2025-10-26T22:05:19Z UpdateTip: new best=22df7357d686cbf70942aed401c3a3f0565fa4bcb98e85c7a45c997fa11bfab8 height=709 version=0x20000000 log2_work=10.471675 tx=3109 date='2025-10-26T22:05:26Z' progress=1.000000 cache=0.3MiB(1410txo)
2025-10-26T22:05:19Z Saw new header hash=7e9a49326e5e4bacdf616f221768765131d46e32524458b3074936b173400242 height=710
2025-10-26T22:05:19Z Saw new cmpctblock header hash=7e9a49326e5e4bacdf616f221768765131d46e32524458b3074936b173400242 peer=2
2025-10-26T22:05:19Z UpdateTip: new best=7e9a49326e5e4bacdf616f221768765131d46e32524458b3074936b173400242 height=710 version=0x20000000 log2_work=10.473706 tx=3110 date='2025-10-26T22:05:27Z' progress=1.000000 cache=0.3MiB(1411txo)
2025-10-26T22:05:19Z Saw new header hash=19299c1d29007b5edde067946001fff284f766aaf8ca04d991cd923ce8bb0f27 height=711
2025-10-26T22:05:19Z Saw new cmpctblock header hash=19299c1d29007b5edde067946001fff284f766aaf8ca04d991cd923ce8bb0f27 peer=0
2025-10-26T22:05:19Z UpdateTip: new best=19299c1d29007b5edde067946001fff284f766aaf8ca04d991cd923ce8bb0f27 height=711 version=0x20000000 log2_work=10.475733 tx=3111 date='2025-10-26T22:05:27Z' progress=1.000000 cache=0.3MiB(1412txo)
2025-10-26T22:05:19Z Saw new header hash=556b359f1e2f5f66024b3f1cbd1610c7a0e8c338d5ebca1bfc68a528f4cf0927 height=712
2025-10-26T22:05:19Z Saw new cmpctblock header hash=556b359f1e2f5f66024b3f1cbd1610c7a0e8c338d5ebca1bfc68a528f4cf0927 peer=0
2025-10-26T22:05:19Z UpdateTip: new best=556b359f1e2f5f66024b3f1cbd1610c7a0e8c338d5ebca1bfc68a528f4cf0927 height=712 version=0x20000000 log2_work=10.477758 tx=3112 date='2025-10-26T22:05:27Z' progress=1.000000 cache=0.3MiB(1413txo)
2025-10-26T22:05:20Z Saw new header hash=656453f97731f082f6c2f241581fbcd1d43660191f90078426864169b625ef1d height=713
2025-10-26T22:05:20Z Saw new cmpctblock header hash=656453f97731f082f6c2f241581fbcd1d43660191f90078426864169b625ef1d peer=0
2025-10-26T22:05:20Z UpdateTip: new best=656453f97731f082f6c2f241581fbcd1d43660191f90078426864169b625ef1d height=713 version=0x20000000 log2_work=10.479780 tx=3113 date='2025-10-26T22:05:27Z' progress=1.000000 cache=0.3MiB(1414txo)
2025-10-26T22:05:20Z Saw new header hash=278720d852014ac6a0e19d3cc167c3a1c55fd988456f25d69da719403fd3ad3f height=714
2025-10-26T22:05:20Z Saw new cmpctblock header hash=278720d852014ac6a0e19d3cc167c3a1c55fd988456f25d69da719403fd3ad3f peer=0
2025-10-26T22:05:20Z UpdateTip: new best=278720d852014ac6a0e19d3cc167c3a1c55fd988456f25d69da719403fd3ad3f height=714 version=0x20000000 log2_work=10.481799 tx=3114 date='2025-10-26T22:05:27Z' progress=1.000000 cache=0.3MiB(1415txo)
2025-10-26T22:05:20Z Saw new header hash=01390ca63e53f0f94a2031a6c641a77cf35971306386387d69a314eca95e5907 height=715
2025-10-26T22:05:20Z Saw new cmpctblock header hash=01390ca63e53f0f94a2031a6c641a77cf35971306386387d69a314eca95e5907 peer=0
2025-10-26T22:05:20Z UpdateTip: new best=01390ca63e53f0f94a2031a6c641a77cf35971306386387d69a314eca95e5907 height=715 version=0x20000000 log2_work=10.483816 tx=3115 date='2025-10-26T22:05:27Z' progress=1.000000 cache=0.3MiB(1416txo)
2025-10-26T22:05:20Z Saw new header hash=6d65475f9f1eb1936141407f66317fc77924769027d039accc29cbc285e5b15b height=716
2025-10-26T22:05:20Z Saw new cmpctblock header hash=6d65475f9f1eb1936141407f66317fc77924769027d039accc29cbc285e5b15b peer=0
2025-10-26T22:05:20Z UpdateTip: new best=6d65475f9f1eb1936141407f66317fc77924769027d039accc29cbc285e5b15b height=716 version=0x20000000 log2_work=10.485829 tx=3116 date='2025-10-26T22:05:28Z' progress=1.000000 cache=0.3MiB(1417txo)
2025-10-26T22:05:20Z Saw new header hash=3e474d76c925ba55862070b9e0ec2fce5af413923b08f3921b9f4b63326869c2 height=717
2025-10-26T22:05:20Z Saw new cmpctblock header hash=3e474d76c925ba55862070b9e0ec2fce5af413923b08f3921b9f4b63326869c2 peer=2
