{
  "loaded": true,
  "size": 10,
  "bytes": 1947,
  "usage": 14656,
  "total_fee": 0.00039146,
  "maxmempool": 500000000,
  "mempoolminfee": 0.00001000,
  "minrelaytxfee": 0.00001000,
  "incrementalrelayfee": 0.00001000,
  "unbroadcastcount": 10,
  "fullrbf": false
}
