2025-10-30T15:13:29Z Bitcoin Core version v27.0.0 (release build)
2025-10-30T15:13:29Z Script verification uses 7 additional threads
2025-10-30T15:13:29Z Using the 'arm_shani(1way,2way)' SHA256 implementation
2025-10-30T15:13:29Z Default data directory /home/bitcoin/.bitcoin
2025-10-30T15:13:29Z Using data directory /home/bitcoin/.bitcoin/regtest
2025-10-30T15:13:29Z Config file: /home/bitcoin/.bitcoin/bitcoin.conf
2025-10-30T15:13:29Z Config file arg: [regtest] fallbackfee="0.0002"
2025-10-30T15:13:29Z Config file arg: [regtest] maxmempool="500"
2025-10-30T15:13:29Z Config file arg: [regtest] rpcallowip="0.0.0.0/0"
2025-10-30T15:13:29Z Config file arg: [regtest] rpcbind="0.0.0.0"
2025-10-30T15:13:29Z Config file arg: [regtest] rpcpassword=****
2025-10-30T15:13:29Z Config file arg: [regtest] rpcuser=****
2025-10-30T15:13:29Z Config file arg: [regtest] server="1"
2025-10-30T15:13:29Z Command-line arg: datadir="/home/bitcoin/.bitcoin"
2025-10-30T15:13:29Z Command-line arg: discover="1"
2025-10-30T15:13:29Z Command-line arg: dnsseed="0"
2025-10-30T15:13:29Z Command-line arg: listen="1"
2025-10-30T15:13:29Z Command-line arg: maxconnections="64"
2025-10-30T15:13:29Z Command-line arg: printtoconsole="1"
2025-10-30T15:13:29Z Command-line arg: regtest="1"
2025-10-30T15:13:29Z Command-line arg: rpcallowip="0.0.0.0/0"
2025-10-30T15:13:29Z Command-line arg: rpcbind="0.0.0.0"
2025-10-30T15:13:29Z Command-line arg: rpcpassword=****
2025-10-30T15:13:29Z Command-line arg: rpcuser=****
2025-10-30T15:13:29Z Command-line arg: server="1"
2025-10-30T15:13:29Z Command-line arg: txindex="1"
2025-10-30T15:13:29Z Command-line arg: zmqpubhashblock="tcp://0.0.0.0:28332"
2025-10-30T15:13:29Z Command-line arg: zmqpubhashtx="tcp://0.0.0.0:28333"
2025-10-30T15:13:29Z Using at most 64 automatic connections (1048576 file descriptors available)
2025-10-30T15:13:29Z Using 16 MiB out of 16 MiB requested for signature cache, able to store 524288 elements
2025-10-30T15:13:29Z Using 16 MiB out of 16 MiB requested for script execution cache, able to store 524288 elements
2025-10-30T15:13:29Z scheduler thread start
2025-10-30T15:13:29Z Binding RPC on address 0.0.0.0 port 18443
2025-10-30T15:13:29Z WARNING: the RPC server is not safe to expose to untrusted networks such as the public internet
2025-10-30T15:13:29Z Binding RPC on address 0.0.0.0 port 18443
2025-10-30T15:13:29Z Binding RPC on address 0.0.0.0 port 18443 failed.
2025-10-30T15:13:29Z Config options rpcuser and rpcpassword will soon be deprecated. Locally-run instances may remove rpcuser to use cookie-based auth, or may be replaced with rpcauth. Please see share/rpcauth for rpcauth auth generation.
2025-10-30T15:13:29Z Starting HTTP server with 4 worker threads
2025-10-30T15:13:29Z Using wallet directory /home/bitcoin/.bitcoin/regtest/wallets
2025-10-30T15:13:29Z init message: Verifying wallet(s)…
2025-10-30T15:13:29Z Using /16 prefix for IP bucketing
2025-10-30T15:13:29Z init message: Loading P2P addresses…
2025-10-30T15:13:29Z Creating peers.dat because the file was not found ("/home/bitcoin/.bitcoin/regtest/peers.dat")
2025-10-30T15:13:29Z init message: Loading banlist…
2025-10-30T15:13:29Z Recreating the banlist database
2025-10-30T15:13:29Z SetNetworkActive: true
2025-10-30T15:13:29Z /home/bitcoin/.bitcoin/regtest/fee_estimates.dat is not found. Continue anyway.
2025-10-30T15:13:29Z Script verification uses 7 additional threads
2025-10-30T15:13:29Z Cache configuration:
2025-10-30T15:13:29Z * Using 2.0 MiB for block index database
2025-10-30T15:13:29Z * Using 56.0 MiB for transaction index database
2025-10-30T15:13:29Z * Using 8.0 MiB for chain state database
2025-10-30T15:13:29Z * Using 384.0 MiB for in-memory UTXO set (plus up to 476.8 MiB of unused mempool space)
2025-10-30T15:13:29Z init message: Loading block index…
2025-10-30T15:13:29Z Validating signatures for all blocks.
2025-10-30T15:13:29Z Setting nMinimumChainWork=0000000000000000000000000000000000000000000000000000000000000000
2025-10-30T15:13:29Z Opening LevelDB in /home/bitcoin/.bitcoin/regtest/blocks/index
2025-10-30T15:13:29Z Opened LevelDB successfully
2025-10-30T15:13:29Z Using obfuscation key for /home/bitcoin/.bitcoin/regtest/blocks/index: 0000000000000000
2025-10-30T15:13:29Z LoadBlockIndexDB: last block file = 0
2025-10-30T15:13:29Z LoadBlockIndexDB: last block file info: CBlockFileInfo(blocks=0, size=0, heights=0...0, time=1970-01-01...1970-01-01)
2025-10-30T15:13:29Z Checking all blk files are present...
2025-10-30T15:13:29Z Initializing databases...
2025-10-30T15:13:29Z Initializing chainstate Chainstate [ibd] @ height -1 (null)
2025-10-30T15:13:29Z Opening LevelDB in /home/bitcoin/.bitcoin/regtest/chainstate
2025-10-30T15:13:29Z Opened LevelDB successfully
2025-10-30T15:13:29Z Wrote new obfuscate key for /home/bitcoin/.bitcoin/regtest/chainstate: 035e2e766f5b8ca0
2025-10-30T15:13:29Z Using obfuscation key for /home/bitcoin/.bitcoin/regtest/chainstate: 035e2e766f5b8ca0
2025-10-30T15:13:29Z Opening LevelDB in /home/bitcoin/.bitcoin/regtest/chainstate
2025-10-30T15:13:29Z Opened LevelDB successfully
2025-10-30T15:13:29Z Using obfuscation key for /home/bitcoin/.bitcoin/regtest/chainstate: 035e2e766f5b8ca0
2025-10-30T15:13:29Z [Chainstate [ibd] @ height -1 (null)] resized coinsdb cache to 8.0 MiB
2025-10-30T15:13:29Z [Chainstate [ibd] @ height -1 (null)] resized coinstip cache to 384.0 MiB
2025-10-30T15:13:29Z init message: Verifying blocks…
2025-10-30T15:13:29Z  block index              54ms
2025-10-30T15:13:29Z Opening LevelDB in /home/bitcoin/.bitcoin/regtest/indexes/txindex
2025-10-30T15:13:29Z Opened LevelDB successfully
2025-10-30T15:13:29Z Using obfuscation key for /home/bitcoin/.bitcoin/regtest/indexes/txindex: 0000000000000000
2025-10-30T15:13:29Z Setting NODE_NETWORK on non-prune mode
2025-10-30T15:13:29Z initload thread start
2025-10-30T15:13:29Z UpdateTip: new best=0f9188f13cb7b2c71f2a335e3a4fc328bf5beb436012afca590b1a11466e2206 height=0 version=0x00000001 log2_work=1.000000 tx=1 date='2011-02-02T23:16:42Z' progress=1.000000 cache=0.3MiB(0txo)
2025-10-30T15:13:29Z block tree size = 1
2025-10-30T15:13:29Z nBestHeight = 0
2025-10-30T15:13:29Z Failed to open mempool file from disk. Continuing anyway.
2025-10-30T15:13:29Z initload thread exit
2025-10-30T15:13:29Z txindex thread start
2025-10-30T15:13:29Z txindex is enabled
2025-10-30T15:13:29Z txindex thread exit
2025-10-30T15:13:29Z Bound to 127.0.0.1:18445
2025-10-30T15:13:29Z Bound to [::]:18444
2025-10-30T15:13:29Z Bound to 0.0.0.0:18444
2025-10-30T15:13:29Z 0 block-relay-only anchors will be tried for connections.
2025-10-30T15:13:29Z init message: Starting network threads…
2025-10-30T15:13:29Z DNS seeding disabled
2025-10-30T15:13:29Z init message: Done loading
2025-10-30T15:13:29Z opencon thread start
2025-10-30T15:13:29Z net thread start
2025-10-30T15:13:29Z msghand thread start
2025-10-30T15:13:29Z torcontrol thread start
2025-10-30T15:13:29Z addcon thread start
2025-10-30T15:13:30Z Adding fixed seeds as -dnsseed=0 (or IPv4/IPv6 connections are disabled via -onlynet) and neither -addnode nor -seednode are provided
2025-10-30T15:13:30Z Added 0 fixed seeds from reachable networks.
2025-10-30T15:13:39Z CreateNewBlock(): block weight: 884 txs: 0 fees: 0 sigops 400
2025-10-30T15:13:39Z Leaving InitialBlockDownload (latching to false)
2025-10-30T15:13:39Z UpdateTip: new best=1d10903fb440eac53a48537a00f8ed9074d9a26e7eb6c12d7dfe20cb7333c645 height=1 version=0x20000000 log2_work=2.000000 tx=2 date='2025-10-30T15:13:39Z' progress=1.000000 cache=0.3MiB(1txo)
2025-10-30T15:13:39Z CreateNewBlock(): block weight: 884 txs: 0 fees: 0 sigops 400
2025-10-30T15:13:39Z Saw new header hash=6fc4d76db53578cf321df3c5c4e2cea7b33f95442e289e7f72c7cc5bda9299c1 height=2
2025-10-30T15:13:39Z UpdateTip: new best=6fc4d76db53578cf321df3c5c4e2cea7b33f95442e289e7f72c7cc5bda9299c1 height=2 version=0x20000000 log2_work=2.584963 tx=3 date='2025-10-30T15:13:40Z' progress=1.000000 cache=0.3MiB(2txo)
2025-10-30T15:13:39Z CreateNewBlock(): block weight: 884 txs: 0 fees: 0 sigops 400
2025-10-30T15:13:39Z Saw new header hash=6cd3272410ee5f680f2e772d1983c17791efcea34e208c0a4ae0c1f6a9759676 height=3
2025-10-30T15:13:39Z UpdateTip: new best=6cd3272410ee5f680f2e772d1983c17791efcea34e208c0a4ae0c1f6a9759676 height=3 version=0x20000000 log2_work=3.000000 tx=4 date='2025-10-30T15:13:40Z' progress=1.000000 cache=0.3MiB(3txo)
2025-10-30T15:13:39Z CreateNewBlock(): block weight: 884 txs: 0 fees: 0 sigops 400
2025-10-30T15:13:39Z Saw new header hash=09efa5337d2041f39e98db5be4ff7da803e73e52c1c244c35083015e35355c6e height=4
2025-10-30T15:13:39Z UpdateTip: new best=09efa5337d2041f39e98db5be4ff7da803e73e52c1c244c35083015e35355c6e height=4 version=0x20000000 log2_work=3.321928 tx=5 date='2025-10-30T15:13:41Z' progress=1.000000 cache=0.3MiB(4txo)
2025-10-30T15:13:39Z CreateNewBlock(): block weight: 884 txs: 0 fees: 0 sigops 400
2025-10-30T15:13:39Z Saw new header hash=56c7a99e023bc29eb0d41021e47f796ca0f3c86c2b5360507651ad9a9d8ea519 height=5
2025-10-30T15:13:39Z UpdateTip: new best=56c7a99e023bc29eb0d41021e47f796ca0f3c86c2b5360507651ad9a9d8ea519 height=5 version=0x20000000 log2_work=3.584963 tx=6 date='2025-10-30T15:13:41Z' progress=1.000000 cache=0.3MiB(5txo)
2025-10-30T15:13:39Z CreateNewBlock(): block weight: 884 txs: 0 fees: 0 sigops 400
2025-10-30T15:13:39Z Saw new header hash=4309232a675c441b71eba0226e3df62ce2e3ba5189840b5cb8bfaea9e7930d10 height=6
2025-10-30T15:13:39Z UpdateTip: new best=4309232a675c441b71eba0226e3df62ce2e3ba5189840b5cb8bfaea9e7930d10 height=6 version=0x20000000 log2_work=3.807355 tx=7 date='2025-10-30T15:13:41Z' progress=1.000000 cache=0.3MiB(6txo)
2025-10-30T15:13:39Z CreateNewBlock(): block weight: 884 txs: 0 fees: 0 sigops 400
2025-10-30T15:13:39Z Saw new header hash=32782177cd38e021822e6237e7d8ae46084e7340dbab73aeeeb93f648e1e86e2 height=7
2025-10-30T15:13:39Z UpdateTip: new best=32782177cd38e021822e6237e7d8ae46084e7340dbab73aeeeb93f648e1e86e2 height=7 version=0x20000000 log2_work=4.000000 tx=8 date='2025-10-30T15:13:41Z' progress=1.000000 cache=0.3MiB(7txo)
2025-10-30T15:13:39Z CreateNewBlock(): block weight: 884 txs: 0 fees: 0 sigops 400
2025-10-30T15:13:39Z Saw new header hash=0aaf4c3c5060cdeb652382815bafd84186ef872485059c48a6fe16bbef8f1d78 height=8
2025-10-30T15:13:39Z UpdateTip: new best=0aaf4c3c5060cdeb652382815bafd84186ef872485059c48a6fe16bbef8f1d78 height=8 version=0x20000000 log2_work=4.169925 tx=9 date='2025-10-30T15:13:42Z' progress=1.000000 cache=0.3MiB(8txo)
2025-10-30T15:13:39Z CreateNewBlock(): block weight: 884 txs: 0 fees: 0 sigops 400
2025-10-30T15:13:39Z Saw new header hash=6d55e858178fd9c2f7f513036fcd3e6791e7603842ce53ff2c87a6d9955482a0 height=9
2025-10-30T15:13:39Z UpdateTip: new best=6d55e858178fd9c2f7f513036fcd3e6791e7603842ce53ff2c87a6d9955482a0 height=9 version=0x20000000 log2_work=4.321928 tx=10 date='2025-10-30T15:13:42Z' progress=1.000000 cache=0.3MiB(9txo)
2025-10-30T15:13:39Z CreateNewBlock(): block weight: 884 txs: 0 fees: 0 sigops 400
2025-10-30T15:13:39Z Saw new header hash=71aafe2e83b7b710dd2340f401c19b18d566a0825b0944598046d03d5675d4a1 height=10
2025-10-30T15:13:39Z UpdateTip: new best=71aafe2e83b7b710dd2340f401c19b18d566a0825b0944598046d03d5675d4a1 height=10 version=0x20000000 log2_work=4.459432 tx=11 date='2025-10-30T15:13:42Z' progress=1.000000 cache=0.3MiB(10txo)
2025-10-30T15:13:39Z CreateNewBlock(): block weight: 884 txs: 0 fees: 0 sigops 400
2025-10-30T15:13:39Z Saw new header hash=762306d5cadde102c38fbb97119b42083eb8f262e853c82a6ab5eaadabe05b5d height=11
2025-10-30T15:13:39Z UpdateTip: new best=762306d5cadde102c38fbb97119b42083eb8f262e853c82a6ab5eaadabe05b5d height=11 version=0x20000000 log2_work=4.584963 tx=12 date='2025-10-30T15:13:42Z' progress=1.000000 cache=0.3MiB(11txo)
2025-10-30T15:13:39Z CreateNewBlock(): block weight: 884 txs: 0 fees: 0 sigops 400
2025-10-30T15:13:39Z Saw new header hash=14c4990b3e63de2fe1b5e7edd35014397755b51c318abb0f1234db4518410e17 height=12
2025-10-30T15:13:39Z UpdateTip: new best=14c4990b3e63de2fe1b5e7edd35014397755b51c318abb0f1234db4518410e17 height=12 version=0x20000000 log2_work=4.700440 tx=13 date='2025-10-30T15:13:42Z' progress=1.000000 cache=0.3MiB(12txo)
2025-10-30T15:13:39Z CreateNewBlock(): block weight: 884 txs: 0 fees: 0 sigops 400
2025-10-30T15:13:39Z Saw new header hash=2b3bd8d0fdf8c7e46e13ed9d3cae97368c5236f67a934d4c1e49045241a79af7 height=13
2025-10-30T15:13:39Z UpdateTip: new best=2b3bd8d0fdf8c7e46e13ed9d3cae97368c5236f67a934d4c1e49045241a79af7 height=13 version=0x20000000 log2_work=4.807355 tx=14 date='2025-10-30T15:13:42Z' progress=1.000000 cache=0.3MiB(13txo)
2025-10-30T15:13:39Z CreateNewBlock(): block weight: 884 txs: 0 fees: 0 sigops 400
2025-10-30T15:13:39Z Saw new header hash=2e9a43e30b69e93b30d60741f277edbfbaae16642b109f66fb695f477cbfb777 height=14
2025-10-30T15:13:39Z UpdateTip: new best=2e9a43e30b69e93b30d60741f277edbfbaae16642b109f66fb695f477cbfb777 height=14 version=0x20000000 log2_work=4.906891 tx=15 date='2025-10-30T15:13:43Z' progress=1.000000 cache=0.3MiB(14txo)
2025-10-30T15:13:39Z CreateNewBlock(): block weight: 884 txs: 0 fees: 0 sigops 400
2025-10-30T15:13:39Z Saw new header hash=23fa3349b8d0a4703d989006c0c3a689187586b5e23d53f84a54a9d95bd18c60 height=15
2025-10-30T15:13:39Z UpdateTip: new best=23fa3349b8d0a4703d989006c0c3a689187586b5e23d53f84a54a9d95bd18c60 height=15 version=0x20000000 log2_work=5.000000 tx=16 date='2025-10-30T15:13:43Z' progress=1.000000 cache=0.3MiB(15txo)
2025-10-30T15:13:39Z CreateNewBlock(): block weight: 884 txs: 0 fees: 0 sigops 400
2025-10-30T15:13:39Z Saw new header hash=52129870e5caf517c7d1a0b1f2df69fc17e4fa7dde2cb5e9c38b66477d394976 height=16
2025-10-30T15:13:39Z UpdateTip: new best=52129870e5caf517c7d1a0b1f2df69fc17e4fa7dde2cb5e9c38b66477d394976 height=16 version=0x20000000 log2_work=5.087463 tx=17 date='2025-10-30T15:13:43Z' progress=1.000000 cache=0.3MiB(16txo)
2025-10-30T15:13:39Z CreateNewBlock(): block weight: 888 txs: 0 fees: 0 sigops 400
2025-10-30T15:13:39Z Saw new header hash=305e455916779a49fde7fc7351d4157b2f6e07cbdb63f3b285554db1833c8488 height=17
2025-10-30T15:13:39Z UpdateTip: new best=305e455916779a49fde7fc7351d4157b2f6e07cbdb63f3b285554db1833c8488 height=17 version=0x20000000 log2_work=5.169925 tx=18 date='2025-10-30T15:13:43Z' progress=1.000000 cache=0.3MiB(17txo)
2025-10-30T15:13:39Z CreateNewBlock(): block weight: 888 txs: 0 fees: 0 sigops 400
2025-10-30T15:13:39Z Saw new header hash=766888ff9cfac3c295fc47e5f1e1d0cd017bd3e93ce0b38b6ccb4dfaec6f2a96 height=18
2025-10-30T15:13:39Z UpdateTip: new best=766888ff9cfac3c295fc47e5f1e1d0cd017bd3e93ce0b38b6ccb4dfaec6f2a96 height=18 version=0x20000000 log2_work=5.247928 tx=19 date='2025-10-30T15:13:43Z' progress=1.000000 cache=0.3MiB(18txo)
2025-10-30T15:13:39Z CreateNewBlock(): block weight: 888 txs: 0 fees: 0 sigops 400
2025-10-30T15:13:39Z Saw new header hash=56d61ddfaf986a1dff4e18669661a4c57d0c0d2ea19096d7d68b32c9524e2663 height=19
2025-10-30T15:13:39Z UpdateTip: new best=56d61ddfaf986a1dff4e18669661a4c57d0c0d2ea19096d7d68b32c9524e2663 height=19 version=0x20000000 log2_work=5.321928 tx=20 date='2025-10-30T15:13:43Z' progress=1.000000 cache=0.3MiB(19txo)
2025-10-30T15:13:39Z CreateNewBlock(): block weight: 888 txs: 0 fees: 0 sigops 400
2025-10-30T15:13:39Z Saw new header hash=62340e088c9ae0e298379ed1636cba6fd9b64e5c028ac60f5d823d185f921d42 height=20
2025-10-30T15:13:39Z UpdateTip: new best=62340e088c9ae0e298379ed1636cba6fd9b64e5c028ac60f5d823d185f921d42 height=20 version=0x20000000 log2_work=5.392317 tx=21 date='2025-10-30T15:13:44Z' progress=1.000000 cache=0.3MiB(20txo)
2025-10-30T15:13:39Z CreateNewBlock(): block weight: 888 txs: 0 fees: 0 sigops 400
2025-10-30T15:13:39Z Saw new header hash=2e33a4dc1492dd3f610f630a65931fb369164e25747b1c18e7afff61e71f733c height=21
2025-10-30T15:13:39Z UpdateTip: new best=2e33a4dc1492dd3f610f630a65931fb369164e25747b1c18e7afff61e71f733c height=21 version=0x20000000 log2_work=5.459432 tx=22 date='2025-10-30T15:13:44Z' progress=1.000000 cache=0.3MiB(21txo)
2025-10-30T15:13:39Z CreateNewBlock(): block weight: 888 txs: 0 fees: 0 sigops 400
2025-10-30T15:13:39Z Saw new header hash=3621600e27d8596588fe8343f1da47c5986bb87494f48041ccc8c92222a5c292 height=22
2025-10-30T15:13:39Z UpdateTip: new best=3621600e27d8596588fe8343f1da47c5986bb87494f48041ccc8c92222a5c292 height=22 version=0x20000000 log2_work=5.523562 tx=23 date='2025-10-30T15:13:44Z' progress=1.000000 cache=0.3MiB(22txo)
2025-10-30T15:13:39Z CreateNewBlock(): block weight: 888 txs: 0 fees: 0 sigops 400
2025-10-30T15:13:39Z Saw new header hash=3b404aad10584eb400413b725396a58e9b5feec5f4010f2bfe9b7cee6389ab67 height=23
2025-10-30T15:13:39Z UpdateTip: new best=3b404aad10584eb400413b725396a58e9b5feec5f4010f2bfe9b7cee6389ab67 height=23 version=0x20000000 log2_work=5.584963 tx=24 date='2025-10-30T15:13:44Z' progress=1.000000 cache=0.3MiB(23txo)
2025-10-30T15:13:39Z CreateNewBlock(): block weight: 888 txs: 0 fees: 0 sigops 400
2025-10-30T15:13:39Z Saw new header hash=5ebd41b2de61fb7dabb1be8b8df24596dba59ea698b0f1e5c7fe55e1a0ba4500 height=24
2025-10-30T15:13:39Z UpdateTip: new best=5ebd41b2de61fb7dabb1be8b8df24596dba59ea698b0f1e5c7fe55e1a0ba4500 height=24 version=0x20000000 log2_work=5.643856 tx=25 date='2025-10-30T15:13:44Z' progress=1.000000 cache=0.3MiB(24txo)
2025-10-30T15:13:39Z CreateNewBlock(): block weight: 888 txs: 0 fees: 0 sigops 400
2025-10-30T15:13:39Z Saw new header hash=7d9e5da373f6b3009c90d73c35b19914d46609794c9dffa4dae1ca33d421f773 height=25
2025-10-30T15:13:39Z UpdateTip: new best=7d9e5da373f6b3009c90d73c35b19914d46609794c9dffa4dae1ca33d421f773 height=25 version=0x20000000 log2_work=5.700440 tx=26 date='2025-10-30T15:13:44Z' progress=1.000000 cache=0.3MiB(25txo)
2025-10-30T15:13:39Z CreateNewBlock(): block weight: 888 txs: 0 fees: 0 sigops 400
2025-10-30T15:13:39Z Saw new header hash=58ac7e779897f1f14901a6c2bc24e81e1764d81cc77bc240a8c34dcd31404980 height=26
2025-10-30T15:13:39Z UpdateTip: new best=58ac7e779897f1f14901a6c2bc24e81e1764d81cc77bc240a8c34dcd31404980 height=26 version=0x20000000 log2_work=5.754888 tx=27 date='2025-10-30T15:13:45Z' progress=1.000000 cache=0.3MiB(26txo)
2025-10-30T15:13:39Z CreateNewBlock(): block weight: 888 txs: 0 fees: 0 sigops 400
2025-10-30T15:13:39Z Saw new header hash=1a952fe6a87883ce25973c843dc2d6286e9e4f537c1af2126a0b8d7b26012410 height=27
2025-10-30T15:13:39Z UpdateTip: new best=1a952fe6a87883ce25973c843dc2d6286e9e4f537c1af2126a0b8d7b26012410 height=27 version=0x20000000 log2_work=5.807355 tx=28 date='2025-10-30T15:13:45Z' progress=1.000000 cache=0.3MiB(27txo)
2025-10-30T15:13:39Z CreateNewBlock(): block weight: 888 txs: 0 fees: 0 sigops 400
2025-10-30T15:13:39Z Saw new header hash=0f5d0a585f5db944e14dbfb182a2c5a4f19b971ae3efb643f5ffaff568024f74 height=28
2025-10-30T15:13:39Z UpdateTip: new best=0f5d0a585f5db944e14dbfb182a2c5a4f19b971ae3efb643f5ffaff568024f74 height=28 version=0x20000000 log2_work=5.857981 tx=29 date='2025-10-30T15:13:45Z' progress=1.000000 cache=0.3MiB(28txo)
2025-10-30T15:13:39Z CreateNewBlock(): block weight: 888 txs: 0 fees: 0 sigops 400
2025-10-30T15:13:39Z Saw new header hash=4704f446a39021707ecd054e76fa4b63500279da58447f26dce702f14a5f2c8f height=29
2025-10-30T15:13:39Z UpdateTip: new best=4704f446a39021707ecd054e76fa4b63500279da58447f26dce702f14a5f2c8f height=29 version=0x20000000 log2_work=5.906891 tx=30 date='2025-10-30T15:13:45Z' progress=1.000000 cache=0.3MiB(29txo)
2025-10-30T15:13:39Z CreateNewBlock(): block weight: 888 txs: 0 fees: 0 sigops 400
2025-10-30T15:13:39Z Saw new header hash=50a0b433eecc19f39c44b374e12489af09cdeb8174a1314c045877442aef57c6 height=30
2025-10-30T15:13:39Z UpdateTip: new best=50a0b433eecc19f39c44b374e12489af09cdeb8174a1314c045877442aef57c6 height=30 version=0x20000000 log2_work=5.954196 tx=31 date='2025-10-30T15:13:45Z' progress=1.000000 cache=0.3MiB(30txo)
2025-10-30T15:13:39Z CreateNewBlock(): block weight: 888 txs: 0 fees: 0 sigops 400
2025-10-30T15:13:39Z Saw new header hash=3dc662d7442068ec6f6f3812f7af6f49ae69c74ca8a23560027b867fcee139bd height=31
2025-10-30T15:13:39Z UpdateTip: new best=3dc662d7442068ec6f6f3812f7af6f49ae69c74ca8a23560027b867fcee139bd height=31 version=0x20000000 log2_work=6.000000 tx=32 date='2025-10-30T15:13:45Z' progress=1.000000 cache=0.3MiB(31txo)
2025-10-30T15:13:39Z CreateNewBlock(): block weight: 888 txs: 0 fees: 0 sigops 400
2025-10-30T15:13:39Z Saw new header hash=6aff28c742b82bb588880a5665447a64897e70259f9b64d6c5b2a6482d3a3388 height=32
2025-10-30T15:13:39Z UpdateTip: new best=6aff28c742b82bb588880a5665447a64897e70259f9b64d6c5b2a6482d3a3388 height=32 version=0x20000000 log2_work=6.044394 tx=33 date='2025-10-30T15:13:46Z' progress=1.000000 cache=0.3MiB(32txo)
2025-10-30T15:13:39Z CreateNewBlock(): block weight: 888 txs: 0 fees: 0 sigops 400
2025-10-30T15:13:39Z Saw new header hash=6c84c9532dca949761c07d4c0d0d1c76108ef8bf4e6bfa064d25470a7300dae9 height=33
2025-10-30T15:13:39Z UpdateTip: new best=6c84c9532dca949761c07d4c0d0d1c76108ef8bf4e6bfa064d25470a7300dae9 height=33 version=0x20000000 log2_work=6.087463 tx=34 date='2025-10-30T15:13:46Z' progress=1.000000 cache=0.3MiB(33txo)
2025-10-30T15:13:39Z CreateNewBlock(): block weight: 888 txs: 0 fees: 0 sigops 400
2025-10-30T15:13:39Z Saw new header hash=221fcca8c9cfa49ea21dffd5fbd1bad92419bdc3c2939580dfe635e1595122c3 height=34
2025-10-30T15:13:39Z UpdateTip: new best=221fcca8c9cfa49ea21dffd5fbd1bad92419bdc3c2939580dfe635e1595122c3 height=34 version=0x20000000 log2_work=6.129283 tx=35 date='2025-10-30T15:13:46Z' progress=1.000000 cache=0.3MiB(34txo)
2025-10-30T15:13:39Z CreateNewBlock(): block weight: 888 txs: 0 fees: 0 sigops 400
2025-10-30T15:13:39Z Saw new header hash=7365958594a040b7f0135781c80f5fadafce94509a806a34d99586ec5b60d41f height=35
2025-10-30T15:13:39Z UpdateTip: new best=7365958594a040b7f0135781c80f5fadafce94509a806a34d99586ec5b60d41f height=35 version=0x20000000 log2_work=6.169925 tx=36 date='2025-10-30T15:13:46Z' progress=1.000000 cache=0.3MiB(35txo)
2025-10-30T15:13:39Z CreateNewBlock(): block weight: 888 txs: 0 fees: 0 sigops 400
2025-10-30T15:13:39Z Saw new header hash=05f5c187ca983487eb4b3163ab2c34d2b583c6e9622c1042d3c13ac4152de593 height=36
2025-10-30T15:13:39Z UpdateTip: new best=05f5c187ca983487eb4b3163ab2c34d2b583c6e9622c1042d3c13ac4152de593 height=36 version=0x20000000 log2_work=6.209453 tx=37 date='2025-10-30T15:13:46Z' progress=1.000000 cache=0.3MiB(36txo)
2025-10-30T15:13:39Z CreateNewBlock(): block weight: 888 txs: 0 fees: 0 sigops 400
2025-10-30T15:13:39Z Saw new header hash=5e824ef7eb0e24d24c1d28c0914eb3662dfbf60d84a184e24b3997cebc3220f1 height=37
2025-10-30T15:13:39Z UpdateTip: new best=5e824ef7eb0e24d24c1d28c0914eb3662dfbf60d84a184e24b3997cebc3220f1 height=37 version=0x20000000 log2_work=6.247928 tx=38 date='2025-10-30T15:13:46Z' progress=1.000000 cache=0.3MiB(37txo)
2025-10-30T15:13:39Z CreateNewBlock(): block weight: 888 txs: 0 fees: 0 sigops 400
2025-10-30T15:13:39Z Saw new header hash=7642042d85839fe71493435de3d2637b1984f4dcad7b8aa40f311811db751ff7 height=38
2025-10-30T15:13:39Z UpdateTip: new best=7642042d85839fe71493435de3d2637b1984f4dcad7b8aa40f311811db751ff7 height=38 version=0x20000000 log2_work=6.285402 tx=39 date='2025-10-30T15:13:47Z' progress=1.000000 cache=0.3MiB(38txo)
2025-10-30T15:13:39Z CreateNewBlock(): block weight: 888 txs: 0 fees: 0 sigops 400
2025-10-30T15:13:39Z Saw new header hash=252abde3853723785843a8403647f63c88fa5418d7c70633679952ffcf1d867d height=39
2025-10-30T15:13:39Z UpdateTip: new best=252abde3853723785843a8403647f63c88fa5418d7c70633679952ffcf1d867d height=39 version=0x20000000 log2_work=6.321928 tx=40 date='2025-10-30T15:13:47Z' progress=1.000000 cache=0.3MiB(39txo)
2025-10-30T15:13:39Z CreateNewBlock(): block weight: 888 txs: 0 fees: 0 sigops 400
2025-10-30T15:13:39Z Saw new header hash=53a9cb625ae194bc4e12e74379c542a5ee86e206f87f1a879369a1890064c288 height=40
2025-10-30T15:13:39Z UpdateTip: new best=53a9cb625ae194bc4e12e74379c542a5ee86e206f87f1a879369a1890064c288 height=40 version=0x20000000 log2_work=6.357552 tx=41 date='2025-10-30T15:13:47Z' progress=1.000000 cache=0.3MiB(40txo)
2025-10-30T15:13:39Z CreateNewBlock(): block weight: 888 txs: 0 fees: 0 sigops 400
2025-10-30T15:13:39Z Saw new header hash=36aa841bcd38f2fbf4473519837d58d22b0f318120d30436c15f74ddccdf9055 height=41
2025-10-30T15:13:39Z UpdateTip: new best=36aa841bcd38f2fbf4473519837d58d22b0f318120d30436c15f74ddccdf9055 height=41 version=0x20000000 log2_work=6.392317 tx=42 date='2025-10-30T15:13:47Z' progress=1.000000 cache=0.3MiB(41txo)
2025-10-30T15:13:39Z CreateNewBlock(): block weight: 888 txs: 0 fees: 0 sigops 400
2025-10-30T15:13:39Z Saw new header hash=4fcbecfad8d5d231e84bf1313da083d6677f90f3d6de2f6d5425ffc94a361367 height=42
2025-10-30T15:13:39Z UpdateTip: new best=4fcbecfad8d5d231e84bf1313da083d6677f90f3d6de2f6d5425ffc94a361367 height=42 version=0x20000000 log2_work=6.426265 tx=43 date='2025-10-30T15:13:47Z' progress=1.000000 cache=0.3MiB(42txo)
2025-10-30T15:13:39Z CreateNewBlock(): block weight: 888 txs: 0 fees: 0 sigops 400
2025-10-30T15:13:39Z Saw new header hash=22232b07880f0e338bd9bf7144e78131a6f07a65dbc7d066349ae625b1af39a5 height=43
2025-10-30T15:13:39Z UpdateTip: new best=22232b07880f0e338bd9bf7144e78131a6f07a65dbc7d066349ae625b1af39a5 height=43 version=0x20000000 log2_work=6.459432 tx=44 date='2025-10-30T15:13:47Z' progress=1.000000 cache=0.3MiB(43txo)
2025-10-30T15:13:39Z CreateNewBlock(): block weight: 888 txs: 0 fees: 0 sigops 400
2025-10-30T15:13:39Z Saw new header hash=4738d159ce10aa3e813d81c23887b5e1213ec6128a70ae09bcceb1de640b841a height=44
2025-10-30T15:13:39Z UpdateTip: new best=4738d159ce10aa3e813d81c23887b5e1213ec6128a70ae09bcceb1de640b841a height=44 version=0x20000000 log2_work=6.491853 tx=45 date='2025-10-30T15:13:48Z' progress=1.000000 cache=0.3MiB(44txo)
2025-10-30T15:13:39Z CreateNewBlock(): block weight: 888 txs: 0 fees: 0 sigops 400
2025-10-30T15:13:39Z Saw new header hash=10b97f987603aa2fd669762054289f9b3b359a9adef8c690bb37fd9ddb2c7ea1 height=45
2025-10-30T15:13:39Z UpdateTip: new best=10b97f987603aa2fd669762054289f9b3b359a9adef8c690bb37fd9ddb2c7ea1 height=45 version=0x20000000 log2_work=6.523562 tx=46 date='2025-10-30T15:13:48Z' progress=1.000000 cache=0.3MiB(45txo)
2025-10-30T15:13:39Z CreateNewBlock(): block weight: 888 txs: 0 fees: 0 sigops 400
2025-10-30T15:13:39Z Saw new header hash=71884205f59cca3e528988def434cfe6912b1aabb22f86fc7fbcef45c948a2b3 height=46
2025-10-30T15:13:39Z UpdateTip: new best=71884205f59cca3e528988def434cfe6912b1aabb22f86fc7fbcef45c948a2b3 height=46 version=0x20000000 log2_work=6.554589 tx=47 date='2025-10-30T15:13:48Z' progress=1.000000 cache=0.3MiB(46txo)
2025-10-30T15:13:39Z CreateNewBlock(): block weight: 888 txs: 0 fees: 0 sigops 400
2025-10-30T15:13:39Z Saw new header hash=1250193e03ec1dc117aef5208217b9831b6faba611f3d6b080977e7a8abd2109 height=47
2025-10-30T15:13:39Z UpdateTip: new best=1250193e03ec1dc117aef5208217b9831b6faba611f3d6b080977e7a8abd2109 height=47 version=0x20000000 log2_work=6.584963 tx=48 date='2025-10-30T15:13:48Z' progress=1.000000 cache=0.3MiB(47txo)
2025-10-30T15:13:39Z CreateNewBlock(): block weight: 888 txs: 0 fees: 0 sigops 400
2025-10-30T15:13:39Z Saw new header hash=17453a89437d00d5af010ac6c8817d524cb919ba463e4d551b504fcbada36627 height=48
2025-10-30T15:13:39Z UpdateTip: new best=17453a89437d00d5af010ac6c8817d524cb919ba463e4d551b504fcbada36627 height=48 version=0x20000000 log2_work=6.614710 tx=49 date='2025-10-30T15:13:48Z' progress=1.000000 cache=0.3MiB(48txo)
2025-10-30T15:13:39Z CreateNewBlock(): block weight: 888 txs: 0 fees: 0 sigops 400
2025-10-30T15:13:39Z Saw new header hash=28d36eb1dfc9df2ae8ec3fbbc9d46bca92f0597cf389e3228dbc5b5984e9f988 height=49
2025-10-30T15:13:39Z UpdateTip: new best=28d36eb1dfc9df2ae8ec3fbbc9d46bca92f0597cf389e3228dbc5b5984e9f988 height=49 version=0x20000000 log2_work=6.643856 tx=50 date='2025-10-30T15:13:48Z' progress=1.000000 cache=0.3MiB(49txo)
2025-10-30T15:13:39Z CreateNewBlock(): block weight: 888 txs: 0 fees: 0 sigops 400
2025-10-30T15:13:39Z Saw new header hash=4a0141902b5cc724aa0fdba4d836fd3081702e3f49813efe7076adc3d356290b height=50
2025-10-30T15:13:39Z UpdateTip: new best=4a0141902b5cc724aa0fdba4d836fd3081702e3f49813efe7076adc3d356290b height=50 version=0x20000000 log2_work=6.672425 tx=51 date='2025-10-30T15:13:49Z' progress=1.000000 cache=0.3MiB(50txo)
2025-10-30T15:13:39Z CreateNewBlock(): block weight: 888 txs: 0 fees: 0 sigops 400
2025-10-30T15:13:39Z Saw new header hash=103853586bfc068d55ecb38d3820cad70531a7ce7411605dde212478ea9c94d3 height=51
2025-10-30T15:13:39Z UpdateTip: new best=103853586bfc068d55ecb38d3820cad70531a7ce7411605dde212478ea9c94d3 height=51 version=0x20000000 log2_work=6.700440 tx=52 date='2025-10-30T15:13:49Z' progress=1.000000 cache=0.3MiB(51txo)
2025-10-30T15:13:39Z CreateNewBlock(): block weight: 888 txs: 0 fees: 0 sigops 400
2025-10-30T15:13:39Z Saw new header hash=3668ffca28f6853dd5a7f9a7f3aa25f72f33f9c3a5d8cdd873e5386887801990 height=52
2025-10-30T15:13:39Z UpdateTip: new best=3668ffca28f6853dd5a7f9a7f3aa25f72f33f9c3a5d8cdd873e5386887801990 height=52 version=0x20000000 log2_work=6.727920 tx=53 date='2025-10-30T15:13:49Z' progress=1.000000 cache=0.3MiB(52txo)
2025-10-30T15:13:39Z CreateNewBlock(): block weight: 888 txs: 0 fees: 0 sigops 400
2025-10-30T15:13:39Z Saw new header hash=0672875e6f67258a7e42531208fc08e29ceba1a82ee1c5a399df8d09c36f202b height=53
2025-10-30T15:13:39Z UpdateTip: new best=0672875e6f67258a7e42531208fc08e29ceba1a82ee1c5a399df8d09c36f202b height=53 version=0x20000000 log2_work=6.754888 tx=54 date='2025-10-30T15:13:49Z' progress=1.000000 cache=0.3MiB(53txo)
2025-10-30T15:13:39Z CreateNewBlock(): block weight: 888 txs: 0 fees: 0 sigops 400
2025-10-30T15:13:39Z Saw new header hash=5a634f44c38bcb247d286680a1bf1f313e2fd5f61685cb9a99b420fc40207708 height=54
2025-10-30T15:13:39Z UpdateTip: new best=5a634f44c38bcb247d286680a1bf1f313e2fd5f61685cb9a99b420fc40207708 height=54 version=0x20000000 log2_work=6.781360 tx=55 date='2025-10-30T15:13:49Z' progress=1.000000 cache=0.3MiB(54txo)
2025-10-30T15:13:39Z CreateNewBlock(): block weight: 888 txs: 0 fees: 0 sigops 400
2025-10-30T15:13:39Z Saw new header hash=5e5c9181d58f055c0fe08a451cd3698339c2f370e0679be0d0bb4c541cb4eae6 height=55
2025-10-30T15:13:39Z UpdateTip: new best=5e5c9181d58f055c0fe08a451cd3698339c2f370e0679be0d0bb4c541cb4eae6 height=55 version=0x20000000 log2_work=6.807355 tx=56 date='2025-10-30T15:13:49Z' progress=1.000000 cache=0.3MiB(55txo)
2025-10-30T15:13:39Z CreateNewBlock(): block weight: 888 txs: 0 fees: 0 sigops 400
2025-10-30T15:13:39Z Saw new header hash=489a2b91b36c745864b8fe683e85f4fa28667b5b2fa141b632a7703141191194 height=56
2025-10-30T15:13:39Z UpdateTip: new best=489a2b91b36c745864b8fe683e85f4fa28667b5b2fa141b632a7703141191194 height=56 version=0x20000000 log2_work=6.832890 tx=57 date='2025-10-30T15:13:50Z' progress=1.000000 cache=0.3MiB(56txo)
2025-10-30T15:13:39Z CreateNewBlock(): block weight: 888 txs: 0 fees: 0 sigops 400
2025-10-30T15:13:39Z Saw new header hash=773ee5617121042e6ba312ff46079348b108e9c5d64d6340d4c9e9df5038c92e height=57
2025-10-30T15:13:39Z UpdateTip: new best=773ee5617121042e6ba312ff46079348b108e9c5d64d6340d4c9e9df5038c92e height=57 version=0x20000000 log2_work=6.857981 tx=58 date='2025-10-30T15:13:50Z' progress=1.000000 cache=0.3MiB(57txo)
2025-10-30T15:13:39Z CreateNewBlock(): block weight: 888 txs: 0 fees: 0 sigops 400
2025-10-30T15:13:39Z Saw new header hash=1f91ae2c595d38b45a896b317bc9d5f0e367c423606296037e2d179012c76d7b height=58
2025-10-30T15:13:39Z UpdateTip: new best=1f91ae2c595d38b45a896b317bc9d5f0e367c423606296037e2d179012c76d7b height=58 version=0x20000000 log2_work=6.882643 tx=59 date='2025-10-30T15:13:50Z' progress=1.000000 cache=0.3MiB(58txo)
2025-10-30T15:13:39Z CreateNewBlock(): block weight: 888 txs: 0 fees: 0 sigops 400
2025-10-30T15:13:39Z Saw new header hash=37bdc95d84699809381a7c38ef8d3682c0b991364a223ad60d580458f37a2256 height=59
2025-10-30T15:13:39Z UpdateTip: new best=37bdc95d84699809381a7c38ef8d3682c0b991364a223ad60d580458f37a2256 height=59 version=0x20000000 log2_work=6.906891 tx=60 date='2025-10-30T15:13:50Z' progress=1.000000 cache=0.3MiB(59txo)
2025-10-30T15:13:39Z CreateNewBlock(): block weight: 888 txs: 0 fees: 0 sigops 400
2025-10-30T15:13:39Z Saw new header hash=3bf1ae9173fdeabf7a790896c7f45675d7aae736e7600dc2434ed12330a3ffdf height=60
2025-10-30T15:13:39Z UpdateTip: new best=3bf1ae9173fdeabf7a790896c7f45675d7aae736e7600dc2434ed12330a3ffdf height=60 version=0x20000000 log2_work=6.930737 tx=61 date='2025-10-30T15:13:50Z' progress=1.000000 cache=0.3MiB(60txo)
2025-10-30T15:13:39Z CreateNewBlock(): block weight: 888 txs: 0 fees: 0 sigops 400
2025-10-30T15:13:39Z Saw new header hash=37846218d588a1d9888d7f3496bddf94aa5fe2d8dc6b1e86f0eb03255df51acd height=61
2025-10-30T15:13:39Z UpdateTip: new best=37846218d588a1d9888d7f3496bddf94aa5fe2d8dc6b1e86f0eb03255df51acd height=61 version=0x20000000 log2_work=6.954196 tx=62 date='2025-10-30T15:13:50Z' progress=1.000000 cache=0.3MiB(61txo)
2025-10-30T15:13:39Z CreateNewBlock(): block weight: 888 txs: 0 fees: 0 sigops 400
2025-10-30T15:13:39Z Saw new header hash=181af148d0afd0f4afbf025aa0ad2e38a61caf9d3dae6c13382a2ecbcee74b97 height=62
2025-10-30T15:13:39Z UpdateTip: new best=181af148d0afd0f4afbf025aa0ad2e38a61caf9d3dae6c13382a2ecbcee74b97 height=62 version=0x20000000 log2_work=6.977280 tx=63 date='2025-10-30T15:13:51Z' progress=1.000000 cache=0.3MiB(62txo)
2025-10-30T15:13:39Z CreateNewBlock(): block weight: 888 txs: 0 fees: 0 sigops 400
2025-10-30T15:13:39Z Saw new header hash=071410af72adf96a7a1641cb61aaf3e75e2418bdab31af7860790a62f2c8a89e height=63
2025-10-30T15:13:39Z UpdateTip: new best=071410af72adf96a7a1641cb61aaf3e75e2418bdab31af7860790a62f2c8a89e height=63 version=0x20000000 log2_work=7.000000 tx=64 date='2025-10-30T15:13:51Z' progress=1.000000 cache=0.3MiB(63txo)
2025-10-30T15:13:39Z CreateNewBlock(): block weight: 888 txs: 0 fees: 0 sigops 400
2025-10-30T15:13:39Z Saw new header hash=32df0e0739cd74c84c86e3e2b5fb7aeaa40cf2d3fdfadd03bbc80146bceaba81 height=64
2025-10-30T15:13:39Z UpdateTip: new best=32df0e0739cd74c84c86e3e2b5fb7aeaa40cf2d3fdfadd03bbc80146bceaba81 height=64 version=0x20000000 log2_work=7.022368 tx=65 date='2025-10-30T15:13:51Z' progress=1.000000 cache=0.3MiB(64txo)
2025-10-30T15:13:39Z CreateNewBlock(): block weight: 888 txs: 0 fees: 0 sigops 400
2025-10-30T15:13:39Z Saw new header hash=356d948a80292331ca9c398316ed6c6a975309dc72a9649d71b479b091e2f1ce height=65
2025-10-30T15:13:39Z UpdateTip: new best=356d948a80292331ca9c398316ed6c6a975309dc72a9649d71b479b091e2f1ce height=65 version=0x20000000 log2_work=7.044394 tx=66 date='2025-10-30T15:13:51Z' progress=1.000000 cache=0.3MiB(65txo)
2025-10-30T15:13:39Z CreateNewBlock(): block weight: 888 txs: 0 fees: 0 sigops 400
2025-10-30T15:13:39Z Saw new header hash=2408892734083cdfb98c17f4af8751d06620109c7c5c23b42f10403176d8b792 height=66
2025-10-30T15:13:39Z UpdateTip: new best=2408892734083cdfb98c17f4af8751d06620109c7c5c23b42f10403176d8b792 height=66 version=0x20000000 log2_work=7.066089 tx=67 date='2025-10-30T15:13:51Z' progress=1.000000 cache=0.3MiB(66txo)
2025-10-30T15:13:39Z CreateNewBlock(): block weight: 888 txs: 0 fees: 0 sigops 400
2025-10-30T15:13:39Z Saw new header hash=5bd574a4ddf80fe3972c1130abd02dae44c48ba99b9d81599dc320530de41569 height=67
2025-10-30T15:13:39Z UpdateTip: new best=5bd574a4ddf80fe3972c1130abd02dae44c48ba99b9d81599dc320530de41569 height=67 version=0x20000000 log2_work=7.087463 tx=68 date='2025-10-30T15:13:51Z' progress=1.000000 cache=0.3MiB(67txo)
2025-10-30T15:13:39Z CreateNewBlock(): block weight: 888 txs: 0 fees: 0 sigops 400
2025-10-30T15:13:39Z Saw new header hash=01bf9f5bbb982f79097a309ca2659df249f3458a9b1266b0a80ba74670cc22cf height=68
2025-10-30T15:13:39Z UpdateTip: new best=01bf9f5bbb982f79097a309ca2659df249f3458a9b1266b0a80ba74670cc22cf height=68 version=0x20000000 log2_work=7.108524 tx=69 date='2025-10-30T15:13:52Z' progress=1.000000 cache=0.3MiB(68txo)
2025-10-30T15:13:39Z CreateNewBlock(): block weight: 888 txs: 0 fees: 0 sigops 400
2025-10-30T15:13:39Z Saw new header hash=793cb50576de321821ac7e38313d8185833919553abda927f2f84b62a475e7bd height=69
2025-10-30T15:13:39Z UpdateTip: new best=793cb50576de321821ac7e38313d8185833919553abda927f2f84b62a475e7bd height=69 version=0x20000000 log2_work=7.129283 tx=70 date='2025-10-30T15:13:52Z' progress=1.000000 cache=0.3MiB(69txo)
2025-10-30T15:13:39Z CreateNewBlock(): block weight: 888 txs: 0 fees: 0 sigops 400
2025-10-30T15:13:39Z Saw new header hash=38f5599619fde199fc4d744a9f67c97af19f96fcfaad88bd7de4c4a1d7408de1 height=70
2025-10-30T15:13:39Z UpdateTip: new best=38f5599619fde199fc4d744a9f67c97af19f96fcfaad88bd7de4c4a1d7408de1 height=70 version=0x20000000 log2_work=7.149747 tx=71 date='2025-10-30T15:13:52Z' progress=1.000000 cache=0.3MiB(70txo)
2025-10-30T15:13:39Z CreateNewBlock(): block weight: 888 txs: 0 fees: 0 sigops 400
2025-10-30T15:13:39Z Saw new header hash=3d188b29d83a68d4f098f17c1e82055d971023e48d8213cd2af2409bb8373714 height=71
2025-10-30T15:13:39Z UpdateTip: new best=3d188b29d83a68d4f098f17c1e82055d971023e48d8213cd2af2409bb8373714 height=71 version=0x20000000 log2_work=7.169925 tx=72 date='2025-10-30T15:13:52Z' progress=1.000000 cache=0.3MiB(71txo)
2025-10-30T15:13:39Z CreateNewBlock(): block weight: 888 txs: 0 fees: 0 sigops 400
2025-10-30T15:13:39Z Saw new header hash=638c017923c285023b64c992bbb46cda47339e68317dc3adf5b3c95fe7496460 height=72
2025-10-30T15:13:39Z UpdateTip: new best=638c017923c285023b64c992bbb46cda47339e68317dc3adf5b3c95fe7496460 height=72 version=0x20000000 log2_work=7.189825 tx=73 date='2025-10-30T15:13:52Z' progress=1.000000 cache=0.3MiB(72txo)
2025-10-30T15:13:39Z CreateNewBlock(): block weight: 888 txs: 0 fees: 0 sigops 400
2025-10-30T15:13:39Z Saw new header hash=259918520e1d47320c29776678f80e1ad55310009c5cbfecd83732d145df604d height=73
2025-10-30T15:13:39Z UpdateTip: new best=259918520e1d47320c29776678f80e1ad55310009c5cbfecd83732d145df604d height=73 version=0x20000000 log2_work=7.209453 tx=74 date='2025-10-30T15:13:52Z' progress=1.000000 cache=0.3MiB(73txo)
2025-10-30T15:13:39Z CreateNewBlock(): block weight: 888 txs: 0 fees: 0 sigops 400
2025-10-30T15:13:39Z Saw new header hash=527c61513cbe2b43712e6ab8869989ec68b6e9743683f0c50876a3438b974ca2 height=74
2025-10-30T15:13:39Z UpdateTip: new best=527c61513cbe2b43712e6ab8869989ec68b6e9743683f0c50876a3438b974ca2 height=74 version=0x20000000 log2_work=7.228819 tx=75 date='2025-10-30T15:13:53Z' progress=1.000000 cache=0.3MiB(74txo)
2025-10-30T15:13:39Z CreateNewBlock(): block weight: 888 txs: 0 fees: 0 sigops 400
2025-10-30T15:13:39Z Saw new header hash=0ed35b4c1aa38ef1d766b4f7b79b48206f35aa6c18794c8c1260057849b9427e height=75
2025-10-30T15:13:39Z UpdateTip: new best=0ed35b4c1aa38ef1d766b4f7b79b48206f35aa6c18794c8c1260057849b9427e height=75 version=0x20000000 log2_work=7.247928 tx=76 date='2025-10-30T15:13:53Z' progress=1.000000 cache=0.3MiB(75txo)
2025-10-30T15:13:39Z CreateNewBlock(): block weight: 888 txs: 0 fees: 0 sigops 400
2025-10-30T15:13:39Z Saw new header hash=3e7bba8e71fd621e1fd00a5651328616361a3a044be5675af660a02943313daa height=76
2025-10-30T15:13:39Z UpdateTip: new best=3e7bba8e71fd621e1fd00a5651328616361a3a044be5675af660a02943313daa height=76 version=0x20000000 log2_work=7.266787 tx=77 date='2025-10-30T15:13:53Z' progress=1.000000 cache=0.3MiB(76txo)
2025-10-30T15:13:39Z CreateNewBlock(): block weight: 888 txs: 0 fees: 0 sigops 400
2025-10-30T15:13:39Z Saw new header hash=793ae267ae1b8a6c8e83a9ba0a8d74b667b7b6a42ae60d3970953c4214193e5c height=77
2025-10-30T15:13:39Z UpdateTip: new best=793ae267ae1b8a6c8e83a9ba0a8d74b667b7b6a42ae60d3970953c4214193e5c height=77 version=0x20000000 log2_work=7.285402 tx=78 date='2025-10-30T15:13:53Z' progress=1.000000 cache=0.3MiB(77txo)
2025-10-30T15:13:39Z CreateNewBlock(): block weight: 888 txs: 0 fees: 0 sigops 400
2025-10-30T15:13:39Z Saw new header hash=5b95743e972cc187eb9788cef3e1e878d794ceabec132ba3d24a25075820db71 height=78
2025-10-30T15:13:39Z UpdateTip: new best=5b95743e972cc187eb9788cef3e1e878d794ceabec132ba3d24a25075820db71 height=78 version=0x20000000 log2_work=7.303781 tx=79 date='2025-10-30T15:13:53Z' progress=1.000000 cache=0.3MiB(78txo)
2025-10-30T15:13:39Z CreateNewBlock(): block weight: 888 txs: 0 fees: 0 sigops 400
2025-10-30T15:13:39Z Saw new header hash=64bc04595379e17203c08fab6adf096a3a228443b8221c7cafe31de0af6dd97b height=79
2025-10-30T15:13:39Z UpdateTip: new best=64bc04595379e17203c08fab6adf096a3a228443b8221c7cafe31de0af6dd97b height=79 version=0x20000000 log2_work=7.321928 tx=80 date='2025-10-30T15:13:53Z' progress=1.000000 cache=0.3MiB(79txo)
2025-10-30T15:13:39Z CreateNewBlock(): block weight: 888 txs: 0 fees: 0 sigops 400
2025-10-30T15:13:39Z Saw new header hash=70c149dea0002c2b9bc65f34873fce9b8ce337f952961e08aa496aac82b46659 height=80
2025-10-30T15:13:39Z UpdateTip: new best=70c149dea0002c2b9bc65f34873fce9b8ce337f952961e08aa496aac82b46659 height=80 version=0x20000000 log2_work=7.339850 tx=81 date='2025-10-30T15:13:54Z' progress=1.000000 cache=0.3MiB(80txo)
2025-10-30T15:13:39Z CreateNewBlock(): block weight: 888 txs: 0 fees: 0 sigops 400
2025-10-30T15:13:39Z Saw new header hash=67cc7543fc31d2ac3a1256e007a2d5b8b51226adca68946e9320dff310971899 height=81
2025-10-30T15:13:39Z UpdateTip: new best=67cc7543fc31d2ac3a1256e007a2d5b8b51226adca68946e9320dff310971899 height=81 version=0x20000000 log2_work=7.357552 tx=82 date='2025-10-30T15:13:54Z' progress=1.000000 cache=0.3MiB(81txo)
2025-10-30T15:13:39Z CreateNewBlock(): block weight: 888 txs: 0 fees: 0 sigops 400
2025-10-30T15:13:39Z Saw new header hash=2d9d3b22ba351887a467a7f82bdecc51e9c439d832309c51a7c16d4e8c7bf89d height=82
2025-10-30T15:13:39Z UpdateTip: new best=2d9d3b22ba351887a467a7f82bdecc51e9c439d832309c51a7c16d4e8c7bf89d height=82 version=0x20000000 log2_work=7.375039 tx=83 date='2025-10-30T15:13:54Z' progress=1.000000 cache=0.3MiB(82txo)
2025-10-30T15:13:39Z CreateNewBlock(): block weight: 888 txs: 0 fees: 0 sigops 400
2025-10-30T15:13:39Z Saw new header hash=70f5944e621f030027c717655e9994d13dbdefd73793ee0ab5f882b6f84f962a height=83
2025-10-30T15:13:39Z UpdateTip: new best=70f5944e621f030027c717655e9994d13dbdefd73793ee0ab5f882b6f84f962a height=83 version=0x20000000 log2_work=7.392317 tx=84 date='2025-10-30T15:13:54Z' progress=1.000000 cache=0.3MiB(83txo)
2025-10-30T15:13:39Z CreateNewBlock(): block weight: 888 txs: 0 fees: 0 sigops 400
2025-10-30T15:13:39Z Saw new header hash=0fc4acb1d31772b370ecdb07dd030fe7b6daa438bf579713fd90571d436fb2f3 height=84
2025-10-30T15:13:39Z UpdateTip: new best=0fc4acb1d31772b370ecdb07dd030fe7b6daa438bf579713fd90571d436fb2f3 height=84 version=0x20000000 log2_work=7.409391 tx=85 date='2025-10-30T15:13:54Z' progress=1.000000 cache=0.3MiB(84txo)
2025-10-30T15:13:39Z CreateNewBlock(): block weight: 888 txs: 0 fees: 0 sigops 400
2025-10-30T15:13:39Z Saw new header hash=52b9eebc61b3c12666d9980cd99f6b1c853709843f5a87ecd5b5a195b4139cd2 height=85
2025-10-30T15:13:39Z UpdateTip: new best=52b9eebc61b3c12666d9980cd99f6b1c853709843f5a87ecd5b5a195b4139cd2 height=85 version=0x20000000 log2_work=7.426265 tx=86 date='2025-10-30T15:13:54Z' progress=1.000000 cache=0.3MiB(85txo)
2025-10-30T15:13:39Z CreateNewBlock(): block weight: 888 txs: 0 fees: 0 sigops 400
2025-10-30T15:13:39Z Saw new header hash=61c51241b2dbbe6635560ab844a0c3ad9f017ffb6241642b5848d0e2bbdfc389 height=86
2025-10-30T15:13:39Z UpdateTip: new best=61c51241b2dbbe6635560ab844a0c3ad9f017ffb6241642b5848d0e2bbdfc389 height=86 version=0x20000000 log2_work=7.442943 tx=87 date='2025-10-30T15:13:55Z' progress=1.000000 cache=0.3MiB(86txo)
2025-10-30T15:13:39Z CreateNewBlock(): block weight: 888 txs: 0 fees: 0 sigops 400
2025-10-30T15:13:39Z Saw new header hash=7fc8e457cbeea9ee3f22574a488dc7af180c3c949ecf5d1d6678c8d4d822c2d1 height=87
2025-10-30T15:13:39Z UpdateTip: new best=7fc8e457cbeea9ee3f22574a488dc7af180c3c949ecf5d1d6678c8d4d822c2d1 height=87 version=0x20000000 log2_work=7.459432 tx=88 date='2025-10-30T15:13:55Z' progress=1.000000 cache=0.3MiB(87txo)
2025-10-30T15:13:39Z CreateNewBlock(): block weight: 888 txs: 0 fees: 0 sigops 400
2025-10-30T15:13:39Z Saw new header hash=6beffcb3d03393c69600a083cce6f49584f06435fc4d6fdc096d0842160a48d3 height=88
2025-10-30T15:13:39Z UpdateTip: new best=6beffcb3d03393c69600a083cce6f49584f06435fc4d6fdc096d0842160a48d3 height=88 version=0x20000000 log2_work=7.475733 tx=89 date='2025-10-30T15:13:55Z' progress=1.000000 cache=0.3MiB(88txo)
2025-10-30T15:13:39Z CreateNewBlock(): block weight: 888 txs: 0 fees: 0 sigops 400
2025-10-30T15:13:39Z Saw new header hash=286203ba4b06804889cf8a973be589fe045bfea80e1b43362ed601083a790ddf height=89
2025-10-30T15:13:39Z UpdateTip: new best=286203ba4b06804889cf8a973be589fe045bfea80e1b43362ed601083a790ddf height=89 version=0x20000000 log2_work=7.491853 tx=90 date='2025-10-30T15:13:55Z' progress=1.000000 cache=0.3MiB(89txo)
2025-10-30T15:13:39Z CreateNewBlock(): block weight: 888 txs: 0 fees: 0 sigops 400
2025-10-30T15:13:39Z Saw new header hash=5305222e8e2217f23fa92f0d5d4cc1bee896b9bc781d9cc84b3c976921487a13 height=90
2025-10-30T15:13:39Z UpdateTip: new best=5305222e8e2217f23fa92f0d5d4cc1bee896b9bc781d9cc84b3c976921487a13 height=90 version=0x20000000 log2_work=7.507795 tx=91 date='2025-10-30T15:13:55Z' progress=1.000000 cache=0.3MiB(90txo)
2025-10-30T15:13:39Z CreateNewBlock(): block weight: 888 txs: 0 fees: 0 sigops 400
2025-10-30T15:13:39Z Saw new header hash=08b335f985f74a088ee9259948ab631f6a04b7515f9ee891985b35bb8d8dbb67 height=91
2025-10-30T15:13:39Z UpdateTip: new best=08b335f985f74a088ee9259948ab631f6a04b7515f9ee891985b35bb8d8dbb67 height=91 version=0x20000000 log2_work=7.523562 tx=92 date='2025-10-30T15:13:55Z' progress=1.000000 cache=0.3MiB(91txo)
2025-10-30T15:13:39Z CreateNewBlock(): block weight: 888 txs: 0 fees: 0 sigops 400
2025-10-30T15:13:39Z Saw new header hash=36a0c8712d78065bb04653199fb1d1b9600fd8b8c3185c3e323bbce7859b1044 height=92
2025-10-30T15:13:39Z UpdateTip: new best=36a0c8712d78065bb04653199fb1d1b9600fd8b8c3185c3e323bbce7859b1044 height=92 version=0x20000000 log2_work=7.539159 tx=93 date='2025-10-30T15:13:56Z' progress=1.000000 cache=0.3MiB(92txo)
2025-10-30T15:13:39Z CreateNewBlock(): block weight: 888 txs: 0 fees: 0 sigops 400
2025-10-30T15:13:39Z Saw new header hash=5f359649c07f76f209c8e9f2f6b9456687540a6d7aadef9b3718a5aa55e616f9 height=93
2025-10-30T15:13:39Z UpdateTip: new best=5f359649c07f76f209c8e9f2f6b9456687540a6d7aadef9b3718a5aa55e616f9 height=93 version=0x20000000 log2_work=7.554589 tx=94 date='2025-10-30T15:13:56Z' progress=1.000000 cache=0.3MiB(93txo)
2025-10-30T15:13:39Z CreateNewBlock(): block weight: 888 txs: 0 fees: 0 sigops 400
2025-10-30T15:13:39Z Saw new header hash=520dbb3614d1b29a28919101c48047908f6c64943f3c26adfb5015656dfd20c3 height=94
2025-10-30T15:13:39Z UpdateTip: new best=520dbb3614d1b29a28919101c48047908f6c64943f3c26adfb5015656dfd20c3 height=94 version=0x20000000 log2_work=7.569856 tx=95 date='2025-10-30T15:13:56Z' progress=1.000000 cache=0.3MiB(94txo)
2025-10-30T15:13:39Z CreateNewBlock(): block weight: 888 txs: 0 fees: 0 sigops 400
2025-10-30T15:13:39Z Saw new header hash=2f8415543cee9feff2dd74c46c5f2eb8b154008c6abc718d3640bb52a7b68b94 height=95
2025-10-30T15:13:39Z UpdateTip: new best=2f8415543cee9feff2dd74c46c5f2eb8b154008c6abc718d3640bb52a7b68b94 height=95 version=0x20000000 log2_work=7.584963 tx=96 date='2025-10-30T15:13:56Z' progress=1.000000 cache=0.3MiB(95txo)
2025-10-30T15:13:39Z CreateNewBlock(): block weight: 888 txs: 0 fees: 0 sigops 400
2025-10-30T15:13:39Z Saw new header hash=2254508357c76485f8333d498768ef2d666e271aa93efe4903dcb5807d974f4f height=96
2025-10-30T15:13:39Z UpdateTip: new best=2254508357c76485f8333d498768ef2d666e271aa93efe4903dcb5807d974f4f height=96 version=0x20000000 log2_work=7.599913 tx=97 date='2025-10-30T15:13:56Z' progress=1.000000 cache=0.3MiB(96txo)
2025-10-30T15:13:39Z CreateNewBlock(): block weight: 888 txs: 0 fees: 0 sigops 400
2025-10-30T15:13:39Z Saw new header hash=131123246a90eff1d76356b60b1ea0c5a5a3b5a0bacdb72960193e38e70c2037 height=97
2025-10-30T15:13:39Z UpdateTip: new best=131123246a90eff1d76356b60b1ea0c5a5a3b5a0bacdb72960193e38e70c2037 height=97 version=0x20000000 log2_work=7.614710 tx=98 date='2025-10-30T15:13:56Z' progress=1.000000 cache=0.3MiB(97txo)
2025-10-30T15:13:39Z CreateNewBlock(): block weight: 888 txs: 0 fees: 0 sigops 400
2025-10-30T15:13:39Z Saw new header hash=4e9ebe8b77d49f6f2c5bb191a1fb91166bd2740f19af29c3b3d7301e03c49dba height=98
2025-10-30T15:13:39Z UpdateTip: new best=4e9ebe8b77d49f6f2c5bb191a1fb91166bd2740f19af29c3b3d7301e03c49dba height=98 version=0x20000000 log2_work=7.629357 tx=99 date='2025-10-30T15:13:57Z' progress=1.000000 cache=0.3MiB(98txo)
2025-10-30T15:13:39Z CreateNewBlock(): block weight: 888 txs: 0 fees: 0 sigops 400
2025-10-30T15:13:39Z Saw new header hash=22d458606700bd271876bc7a78fa91ac76a47d43b707a5840987e02780f09275 height=99
2025-10-30T15:13:39Z UpdateTip: new best=22d458606700bd271876bc7a78fa91ac76a47d43b707a5840987e02780f09275 height=99 version=0x20000000 log2_work=7.643856 tx=100 date='2025-10-30T15:13:57Z' progress=1.000000 cache=0.3MiB(99txo)
2025-10-30T15:13:39Z CreateNewBlock(): block weight: 888 txs: 0 fees: 0 sigops 400
2025-10-30T15:13:39Z Saw new header hash=3009ec9df0efe469efbe2bee51a0d64d92813e3cc2a4007fc3405452beb59b1d height=100
2025-10-30T15:13:39Z UpdateTip: new best=3009ec9df0efe469efbe2bee51a0d64d92813e3cc2a4007fc3405452beb59b1d height=100 version=0x20000000 log2_work=7.658211 tx=101 date='2025-10-30T15:13:57Z' progress=1.000000 cache=0.3MiB(100txo)
2025-10-30T15:13:39Z CreateNewBlock(): block weight: 888 txs: 0 fees: 0 sigops 400
2025-10-30T15:13:39Z Saw new header hash=55e9ca74cd1db9c334b2c4df353c7b450e1f7892bcb87d5af62b54c089d79a88 height=101
2025-10-30T15:13:39Z UpdateTip: new best=55e9ca74cd1db9c334b2c4df353c7b450e1f7892bcb87d5af62b54c089d79a88 height=101 version=0x20000000 log2_work=7.672425 tx=102 date='2025-10-30T15:13:57Z' progress=1.000000 cache=0.3MiB(101txo)
2025-10-30T15:13:39Z CreateNewBlock(): block weight: 888 txs: 0 fees: 0 sigops 400
2025-10-30T15:13:39Z Saw new header hash=1265d49aaf6213053f889e8f00d03a3e91591ec10ff4c4df1e0546fe66d23cec height=102
2025-10-30T15:13:39Z UpdateTip: new best=1265d49aaf6213053f889e8f00d03a3e91591ec10ff4c4df1e0546fe66d23cec height=102 version=0x20000000 log2_work=7.686501 tx=103 date='2025-10-30T15:13:57Z' progress=1.000000 cache=0.3MiB(102txo)
2025-10-30T15:13:39Z CreateNewBlock(): block weight: 888 txs: 0 fees: 0 sigops 400
2025-10-30T15:13:39Z Saw new header hash=6b3531ae14b6a87582c02643157b26d7cb88f6d41f16bfbfc6d6284a9eb5ed19 height=103
2025-10-30T15:13:39Z UpdateTip: new best=6b3531ae14b6a87582c02643157b26d7cb88f6d41f16bfbfc6d6284a9eb5ed19 height=103 version=0x20000000 log2_work=7.700440 tx=104 date='2025-10-30T15:13:57Z' progress=1.000000 cache=0.3MiB(103txo)
2025-10-30T15:13:39Z CreateNewBlock(): block weight: 888 txs: 0 fees: 0 sigops 400
2025-10-30T15:13:39Z Saw new header hash=7561e6aadb38dfff4ec8b3d08c29f3829715001fa61e60ddddef5d21a3482eed height=104
2025-10-30T15:13:39Z UpdateTip: new best=7561e6aadb38dfff4ec8b3d08c29f3829715001fa61e60ddddef5d21a3482eed height=104 version=0x20000000 log2_work=7.714246 tx=105 date='2025-10-30T15:13:58Z' progress=1.000000 cache=0.3MiB(104txo)
2025-10-30T15:13:39Z CreateNewBlock(): block weight: 888 txs: 0 fees: 0 sigops 400
2025-10-30T15:13:39Z Saw new header hash=3f19154f743b2dbff9b9bf0657da49e6f065c58920bab82f4007347f6ae1f661 height=105
2025-10-30T15:13:39Z UpdateTip: new best=3f19154f743b2dbff9b9bf0657da49e6f065c58920bab82f4007347f6ae1f661 height=105 version=0x20000000 log2_work=7.727920 tx=106 date='2025-10-30T15:13:58Z' progress=1.000000 cache=0.3MiB(105txo)
2025-10-30T15:13:39Z CreateNewBlock(): block weight: 888 txs: 0 fees: 0 sigops 400
2025-10-30T15:13:39Z Saw new header hash=4496c0b920296f36e38b7e024c2c043f91a77005a3d157080ecf12b754cdc887 height=106
2025-10-30T15:13:39Z UpdateTip: new best=4496c0b920296f36e38b7e024c2c043f91a77005a3d157080ecf12b754cdc887 height=106 version=0x20000000 log2_work=7.741467 tx=107 date='2025-10-30T15:13:58Z' progress=1.000000 cache=0.3MiB(106txo)
2025-10-30T15:13:39Z CreateNewBlock(): block weight: 888 txs: 0 fees: 0 sigops 400
2025-10-30T15:13:39Z Saw new header hash=0f6583a8462556daad096f31796d8d3ff3acda7c64e6134732a72201193e2e67 height=107
2025-10-30T15:13:39Z UpdateTip: new best=0f6583a8462556daad096f31796d8d3ff3acda7c64e6134732a72201193e2e67 height=107 version=0x20000000 log2_work=7.754888 tx=108 date='2025-10-30T15:13:58Z' progress=1.000000 cache=0.3MiB(107txo)
2025-10-30T15:13:39Z CreateNewBlock(): block weight: 888 txs: 0 fees: 0 sigops 400
2025-10-30T15:13:39Z Saw new header hash=645da9b0e16eef0797618ebb46e889cda008d572610c4023879c43cee76b5897 height=108
2025-10-30T15:13:39Z UpdateTip: new best=645da9b0e16eef0797618ebb46e889cda008d572610c4023879c43cee76b5897 height=108 version=0x20000000 log2_work=7.768184 tx=109 date='2025-10-30T15:13:58Z' progress=1.000000 cache=0.3MiB(108txo)
2025-10-30T15:13:39Z CreateNewBlock(): block weight: 888 txs: 0 fees: 0 sigops 400
2025-10-30T15:13:39Z Saw new header hash=3e1fb0da313e069bb3a91cf25e5e38e011f181f6f3252628f20573fa1150ec64 height=109
2025-10-30T15:13:39Z UpdateTip: new best=3e1fb0da313e069bb3a91cf25e5e38e011f181f6f3252628f20573fa1150ec64 height=109 version=0x20000000 log2_work=7.781360 tx=110 date='2025-10-30T15:13:58Z' progress=1.000000 cache=0.3MiB(109txo)
2025-10-30T15:13:39Z CreateNewBlock(): block weight: 888 txs: 0 fees: 0 sigops 400
2025-10-30T15:13:39Z Saw new header hash=281cf1a2c98adaaf7962c1bfb4f3a0ab9417c36498731de4cef9b247e3c598e3 height=110
2025-10-30T15:13:39Z UpdateTip: new best=281cf1a2c98adaaf7962c1bfb4f3a0ab9417c36498731de4cef9b247e3c598e3 height=110 version=0x20000000 log2_work=7.794416 tx=111 date='2025-10-30T15:13:59Z' progress=1.000000 cache=0.3MiB(110txo)
2025-10-30T15:13:39Z CreateNewBlock(): block weight: 888 txs: 0 fees: 0 sigops 400
2025-10-30T15:13:39Z Saw new header hash=4bb7484702e89b4dc750227e806e456bc6c333218a99e53abe9bdac09792fff1 height=111
2025-10-30T15:13:39Z UpdateTip: new best=4bb7484702e89b4dc750227e806e456bc6c333218a99e53abe9bdac09792fff1 height=111 version=0x20000000 log2_work=7.807355 tx=112 date='2025-10-30T15:13:59Z' progress=1.000000 cache=0.3MiB(111txo)
2025-10-30T15:13:39Z CreateNewBlock(): block weight: 888 txs: 0 fees: 0 sigops 400
2025-10-30T15:13:39Z Saw new header hash=61883e77b3de9e6c388bb24c5184aa7b8e9c494149ad944401400d0391bca3b1 height=112
2025-10-30T15:13:39Z UpdateTip: new best=61883e77b3de9e6c388bb24c5184aa7b8e9c494149ad944401400d0391bca3b1 height=112 version=0x20000000 log2_work=7.820179 tx=113 date='2025-10-30T15:13:59Z' progress=1.000000 cache=0.3MiB(112txo)
2025-10-30T15:13:39Z CreateNewBlock(): block weight: 888 txs: 0 fees: 0 sigops 400
2025-10-30T15:13:39Z Saw new header hash=42c9b5f97255b2fc71e163d87a5292ecadea3f40d49d01e1793eb00be1947c77 height=113
2025-10-30T15:13:39Z UpdateTip: new best=42c9b5f97255b2fc71e163d87a5292ecadea3f40d49d01e1793eb00be1947c77 height=113 version=0x20000000 log2_work=7.832890 tx=114 date='2025-10-30T15:13:59Z' progress=1.000000 cache=0.3MiB(113txo)
2025-10-30T15:13:39Z CreateNewBlock(): block weight: 888 txs: 0 fees: 0 sigops 400
2025-10-30T15:13:39Z Saw new header hash=75b276fa6ee8f42bbd6aae7e3e6e40a2fa532eb58f60d1ab6f993d80680f4305 height=114
2025-10-30T15:13:39Z UpdateTip: new best=75b276fa6ee8f42bbd6aae7e3e6e40a2fa532eb58f60d1ab6f993d80680f4305 height=114 version=0x20000000 log2_work=7.845490 tx=115 date='2025-10-30T15:13:59Z' progress=1.000000 cache=0.3MiB(114txo)
2025-10-30T15:13:39Z CreateNewBlock(): block weight: 888 txs: 0 fees: 0 sigops 400
2025-10-30T15:13:39Z Saw new header hash=54ca2dcb728c17c60e8d2556c4446df0fb8b951414e6276d13cc7f8715288fd0 height=115
2025-10-30T15:13:39Z UpdateTip: new best=54ca2dcb728c17c60e8d2556c4446df0fb8b951414e6276d13cc7f8715288fd0 height=115 version=0x20000000 log2_work=7.857981 tx=116 date='2025-10-30T15:13:59Z' progress=1.000000 cache=0.3MiB(115txo)
2025-10-30T15:13:39Z CreateNewBlock(): block weight: 888 txs: 0 fees: 0 sigops 400
2025-10-30T15:13:39Z Saw new header hash=5b0a6adcdf74e3128805a2eafd93dde331228b30764ba935aae3b62bcf0a2e88 height=116
2025-10-30T15:13:39Z UpdateTip: new best=5b0a6adcdf74e3128805a2eafd93dde331228b30764ba935aae3b62bcf0a2e88 height=116 version=0x20000000 log2_work=7.870365 tx=117 date='2025-10-30T15:14:00Z' progress=1.000000 cache=0.3MiB(116txo)
2025-10-30T15:13:39Z CreateNewBlock(): block weight: 888 txs: 0 fees: 0 sigops 400
2025-10-30T15:13:39Z Saw new header hash=4e434b6da9198d635cc29fbcfab71a8aeb816b68732eb05b0673805d8b162765 height=117
2025-10-30T15:13:39Z UpdateTip: new best=4e434b6da9198d635cc29fbcfab71a8aeb816b68732eb05b0673805d8b162765 height=117 version=0x20000000 log2_work=7.882643 tx=118 date='2025-10-30T15:14:00Z' progress=1.000000 cache=0.3MiB(117txo)
2025-10-30T15:13:39Z CreateNewBlock(): block weight: 888 txs: 0 fees: 0 sigops 400
2025-10-30T15:13:39Z Saw new header hash=36b71a225419c08966b19470105dc1b5132a3d6e8e0abe9613fcf7d0194ffc63 height=118
2025-10-30T15:13:39Z UpdateTip: new best=36b71a225419c08966b19470105dc1b5132a3d6e8e0abe9613fcf7d0194ffc63 height=118 version=0x20000000 log2_work=7.894818 tx=119 date='2025-10-30T15:14:00Z' progress=1.000000 cache=0.3MiB(118txo)
2025-10-30T15:13:39Z CreateNewBlock(): block weight: 888 txs: 0 fees: 0 sigops 400
2025-10-30T15:13:39Z Saw new header hash=7caf5614ece13759ecc045e9db1974e53c2746eb4394fd056ed6b742ec710718 height=119
2025-10-30T15:13:39Z UpdateTip: new best=7caf5614ece13759ecc045e9db1974e53c2746eb4394fd056ed6b742ec710718 height=119 version=0x20000000 log2_work=7.906891 tx=120 date='2025-10-30T15:14:00Z' progress=1.000000 cache=0.3MiB(119txo)
2025-10-30T15:13:39Z CreateNewBlock(): block weight: 888 txs: 0 fees: 0 sigops 400
2025-10-30T15:13:39Z Saw new header hash=072cf3b22f3cbc00d8107edbadb3a9c7e44bc1d3e1ef5f4c50763c7d4fc3befd height=120
2025-10-30T15:13:39Z UpdateTip: new best=072cf3b22f3cbc00d8107edbadb3a9c7e44bc1d3e1ef5f4c50763c7d4fc3befd height=120 version=0x20000000 log2_work=7.918863 tx=121 date='2025-10-30T15:14:00Z' progress=1.000000 cache=0.3MiB(120txo)
2025-10-30T15:13:39Z CreateNewBlock(): block weight: 888 txs: 0 fees: 0 sigops 400
2025-10-30T15:13:39Z Saw new header hash=7fd77b770e9a79e6570f0ff935cf067cb301f0a192462a380f2db420f073bdfb height=121
2025-10-30T15:13:39Z UpdateTip: new best=7fd77b770e9a79e6570f0ff935cf067cb301f0a192462a380f2db420f073bdfb height=121 version=0x20000000 log2_work=7.930737 tx=122 date='2025-10-30T15:14:00Z' progress=1.000000 cache=0.3MiB(121txo)
2025-10-30T15:13:39Z CreateNewBlock(): block weight: 888 txs: 0 fees: 0 sigops 400
2025-10-30T15:13:39Z Saw new header hash=3eee6f5bedb6daacf2ca551c3bf27711851ae809d81ccc07bc2f6016368639e4 height=122
2025-10-30T15:13:39Z UpdateTip: new best=3eee6f5bedb6daacf2ca551c3bf27711851ae809d81ccc07bc2f6016368639e4 height=122 version=0x20000000 log2_work=7.942515 tx=123 date='2025-10-30T15:14:01Z' progress=1.000000 cache=0.3MiB(122txo)
2025-10-30T15:13:39Z CreateNewBlock(): block weight: 888 txs: 0 fees: 0 sigops 400
2025-10-30T15:13:39Z Saw new header hash=165e2acf4d814ae151c2710e9b74ed098fcec404cb84b507076b11766204c787 height=123
2025-10-30T15:13:39Z UpdateTip: new best=165e2acf4d814ae151c2710e9b74ed098fcec404cb84b507076b11766204c787 height=123 version=0x20000000 log2_work=7.954196 tx=124 date='2025-10-30T15:14:01Z' progress=1.000000 cache=0.3MiB(123txo)
2025-10-30T15:13:39Z CreateNewBlock(): block weight: 888 txs: 0 fees: 0 sigops 400
2025-10-30T15:13:39Z Saw new header hash=0e1aef982d42106dc65fa66ebaed651a63e8c56605109fb385839d367f148a94 height=124
2025-10-30T15:13:39Z UpdateTip: new best=0e1aef982d42106dc65fa66ebaed651a63e8c56605109fb385839d367f148a94 height=124 version=0x20000000 log2_work=7.965784 tx=125 date='2025-10-30T15:14:01Z' progress=1.000000 cache=0.3MiB(124txo)
2025-10-30T15:13:39Z CreateNewBlock(): block weight: 888 txs: 0 fees: 0 sigops 400
2025-10-30T15:13:39Z Saw new header hash=4766de9a301df8f54fcca70c23b711b5f2b6b656a32c663b4f6dcf8189fcc26e height=125
2025-10-30T15:13:39Z UpdateTip: new best=4766de9a301df8f54fcca70c23b711b5f2b6b656a32c663b4f6dcf8189fcc26e height=125 version=0x20000000 log2_work=7.977280 tx=126 date='2025-10-30T15:14:01Z' progress=1.000000 cache=0.3MiB(125txo)
2025-10-30T15:13:39Z CreateNewBlock(): block weight: 888 txs: 0 fees: 0 sigops 400
2025-10-30T15:13:39Z Saw new header hash=6440f02e6b55f88bec8c002d8a9a5e3757d8cf110ff51f6b01fc9587ad70c682 height=126
2025-10-30T15:13:39Z UpdateTip: new best=6440f02e6b55f88bec8c002d8a9a5e3757d8cf110ff51f6b01fc9587ad70c682 height=126 version=0x20000000 log2_work=7.988685 tx=127 date='2025-10-30T15:14:01Z' progress=1.000000 cache=0.3MiB(126txo)
2025-10-30T15:13:39Z CreateNewBlock(): block weight: 888 txs: 0 fees: 0 sigops 400
2025-10-30T15:13:39Z Saw new header hash=4c7be889507ba3f0403192edd21eeceeafdeec70726fa5a6133ff94a6a32db16 height=127
2025-10-30T15:13:39Z UpdateTip: new best=4c7be889507ba3f0403192edd21eeceeafdeec70726fa5a6133ff94a6a32db16 height=127 version=0x20000000 log2_work=8.000000 tx=128 date='2025-10-30T15:14:01Z' progress=1.000000 cache=0.3MiB(127txo)
2025-10-30T15:13:39Z CreateNewBlock(): block weight: 892 txs: 0 fees: 0 sigops 400
2025-10-30T15:13:39Z Saw new header hash=55eb2c8427bf65491318b39355a431c9509d0e6123409e92b43699b5b5caf5a2 height=128
2025-10-30T15:13:39Z UpdateTip: new best=55eb2c8427bf65491318b39355a431c9509d0e6123409e92b43699b5b5caf5a2 height=128 version=0x20000000 log2_work=8.011227 tx=129 date='2025-10-30T15:14:02Z' progress=1.000000 cache=0.3MiB(128txo)
2025-10-30T15:13:39Z CreateNewBlock(): block weight: 892 txs: 0 fees: 0 sigops 400
2025-10-30T15:13:39Z Saw new header hash=4d7565f0e156afac7f883120840f183177f18b2702f9419d27c272e679e9cb00 height=129
2025-10-30T15:13:39Z UpdateTip: new best=4d7565f0e156afac7f883120840f183177f18b2702f9419d27c272e679e9cb00 height=129 version=0x20000000 log2_work=8.022368 tx=130 date='2025-10-30T15:14:02Z' progress=1.000000 cache=0.3MiB(129txo)
2025-10-30T15:13:39Z CreateNewBlock(): block weight: 892 txs: 0 fees: 0 sigops 400
2025-10-30T15:13:39Z Saw new header hash=01a4dc50fb07250335bec7499f206c92290590d01ec5f1daae96f35ceaeae176 height=130
2025-10-30T15:13:39Z UpdateTip: new best=01a4dc50fb07250335bec7499f206c92290590d01ec5f1daae96f35ceaeae176 height=130 version=0x20000000 log2_work=8.033423 tx=131 date='2025-10-30T15:14:02Z' progress=1.000000 cache=0.3MiB(130txo)
2025-10-30T15:13:39Z CreateNewBlock(): block weight: 892 txs: 0 fees: 0 sigops 400
2025-10-30T15:13:39Z Saw new header hash=5f210cf13e1c3cddaa78d3a4b0a79306de2e81314cfbd010e50ced76e79d4df0 height=131
2025-10-30T15:13:39Z UpdateTip: new best=5f210cf13e1c3cddaa78d3a4b0a79306de2e81314cfbd010e50ced76e79d4df0 height=131 version=0x20000000 log2_work=8.044394 tx=132 date='2025-10-30T15:14:02Z' progress=1.000000 cache=0.3MiB(131txo)
2025-10-30T15:13:39Z CreateNewBlock(): block weight: 892 txs: 0 fees: 0 sigops 400
2025-10-30T15:13:39Z Saw new header hash=5899fc9c75c4eb46f5078db41d3a984ac7b698e018333f87ca30efcf85c0661e height=132
2025-10-30T15:13:39Z UpdateTip: new best=5899fc9c75c4eb46f5078db41d3a984ac7b698e018333f87ca30efcf85c0661e height=132 version=0x20000000 log2_work=8.055282 tx=133 date='2025-10-30T15:14:02Z' progress=1.000000 cache=0.3MiB(132txo)
2025-10-30T15:13:39Z CreateNewBlock(): block weight: 892 txs: 0 fees: 0 sigops 400
2025-10-30T15:13:39Z Saw new header hash=4a7d192c0f53965e854740292bbfba0903d188f8284688b96d5cbc4d98f8b85d height=133
2025-10-30T15:13:39Z UpdateTip: new best=4a7d192c0f53965e854740292bbfba0903d188f8284688b96d5cbc4d98f8b85d height=133 version=0x20000000 log2_work=8.066089 tx=134 date='2025-10-30T15:14:02Z' progress=1.000000 cache=0.3MiB(133txo)
2025-10-30T15:13:39Z CreateNewBlock(): block weight: 892 txs: 0 fees: 0 sigops 400
2025-10-30T15:13:39Z Saw new header hash=2ea63840574a507e1df1694c93e8d7facdc0b11dbf0a22a2ec2763de50eb5e31 height=134
2025-10-30T15:13:39Z UpdateTip: new best=2ea63840574a507e1df1694c93e8d7facdc0b11dbf0a22a2ec2763de50eb5e31 height=134 version=0x20000000 log2_work=8.076816 tx=135 date='2025-10-30T15:14:03Z' progress=1.000000 cache=0.3MiB(134txo)
2025-10-30T15:13:39Z CreateNewBlock(): block weight: 892 txs: 0 fees: 0 sigops 400
2025-10-30T15:13:39Z Saw new header hash=2a178a3e8aff4ada2758bffd24d64c240a7411df39810d2f4e1860e164391a9b height=135
2025-10-30T15:13:39Z UpdateTip: new best=2a178a3e8aff4ada2758bffd24d64c240a7411df39810d2f4e1860e164391a9b height=135 version=0x20000000 log2_work=8.087463 tx=136 date='2025-10-30T15:14:03Z' progress=1.000000 cache=0.3MiB(135txo)
2025-10-30T15:13:39Z CreateNewBlock(): block weight: 892 txs: 0 fees: 0 sigops 400
2025-10-30T15:13:39Z Saw new header hash=1af9f9e8c608b9097c858496c40c4f4912be7bdf879b8ad6f80071c43ccf9944 height=136
2025-10-30T15:13:39Z UpdateTip: new best=1af9f9e8c608b9097c858496c40c4f4912be7bdf879b8ad6f80071c43ccf9944 height=136 version=0x20000000 log2_work=8.098032 tx=137 date='2025-10-30T15:14:03Z' progress=1.000000 cache=0.3MiB(136txo)
2025-10-30T15:13:39Z CreateNewBlock(): block weight: 892 txs: 0 fees: 0 sigops 400
2025-10-30T15:13:39Z Saw new header hash=28faa3a00f34467463448575abdbab32115727045c0a45698e79c3f0d199f427 height=137
2025-10-30T15:13:39Z UpdateTip: new best=28faa3a00f34467463448575abdbab32115727045c0a45698e79c3f0d199f427 height=137 version=0x20000000 log2_work=8.108524 tx=138 date='2025-10-30T15:14:03Z' progress=1.000000 cache=0.3MiB(137txo)
2025-10-30T15:13:39Z CreateNewBlock(): block weight: 892 txs: 0 fees: 0 sigops 400
2025-10-30T15:13:39Z Saw new header hash=3eecf6c96dfdc4b66df3f4436bc4dfef9eaf0eed0274ce391b8188f7ebb708a1 height=138
2025-10-30T15:13:39Z UpdateTip: new best=3eecf6c96dfdc4b66df3f4436bc4dfef9eaf0eed0274ce391b8188f7ebb708a1 height=138 version=0x20000000 log2_work=8.118941 tx=139 date='2025-10-30T15:14:03Z' progress=1.000000 cache=0.3MiB(138txo)
2025-10-30T15:13:39Z CreateNewBlock(): block weight: 892 txs: 0 fees: 0 sigops 400
2025-10-30T15:13:39Z Saw new header hash=12b90256255c0a52d37e53d899bd90e63a5226cd53afcb3eb16b6d86af870aa1 height=139
2025-10-30T15:13:39Z UpdateTip: new best=12b90256255c0a52d37e53d899bd90e63a5226cd53afcb3eb16b6d86af870aa1 height=139 version=0x20000000 log2_work=8.129283 tx=140 date='2025-10-30T15:14:03Z' progress=1.000000 cache=0.3MiB(139txo)
2025-10-30T15:13:39Z CreateNewBlock(): block weight: 892 txs: 0 fees: 0 sigops 400
2025-10-30T15:13:39Z Saw new header hash=20fad3c02eca16a6d4eef44b91651398e0051a7e27af19a971b72fe9e2d3f6ae height=140
2025-10-30T15:13:39Z UpdateTip: new best=20fad3c02eca16a6d4eef44b91651398e0051a7e27af19a971b72fe9e2d3f6ae height=140 version=0x20000000 log2_work=8.139551 tx=141 date='2025-10-30T15:14:04Z' progress=1.000000 cache=0.3MiB(140txo)
2025-10-30T15:13:39Z CreateNewBlock(): block weight: 892 txs: 0 fees: 0 sigops 400
2025-10-30T15:13:39Z Saw new header hash=3dc494c4b4a4bcf9179a22c934941149654bc916266a094d746139b1fa5468c0 height=141
2025-10-30T15:13:39Z UpdateTip: new best=3dc494c4b4a4bcf9179a22c934941149654bc916266a094d746139b1fa5468c0 height=141 version=0x20000000 log2_work=8.149747 tx=142 date='2025-10-30T15:14:04Z' progress=1.000000 cache=0.3MiB(141txo)
2025-10-30T15:13:39Z CreateNewBlock(): block weight: 892 txs: 0 fees: 0 sigops 400
2025-10-30T15:13:39Z Saw new header hash=282ea587538659e2bb7efd1b690ac4e8395b32c7eff444f89b5e198157eed4ab height=142
2025-10-30T15:13:39Z UpdateTip: new best=282ea587538659e2bb7efd1b690ac4e8395b32c7eff444f89b5e198157eed4ab height=142 version=0x20000000 log2_work=8.159871 tx=143 date='2025-10-30T15:14:04Z' progress=1.000000 cache=0.3MiB(142txo)
2025-10-30T15:13:39Z CreateNewBlock(): block weight: 892 txs: 0 fees: 0 sigops 400
2025-10-30T15:13:39Z Saw new header hash=1f3f5a84a2aebd58b0bfb955ec19b389d4d9b329060208caff1525c8e9b55842 height=143
2025-10-30T15:13:39Z UpdateTip: new best=1f3f5a84a2aebd58b0bfb955ec19b389d4d9b329060208caff1525c8e9b55842 height=143 version=0x20000000 log2_work=8.169925 tx=144 date='2025-10-30T15:14:04Z' progress=1.000000 cache=0.3MiB(143txo)
2025-10-30T15:13:39Z CreateNewBlock(): block weight: 892 txs: 0 fees: 0 sigops 400
2025-10-30T15:13:39Z Saw new header hash=15cbcadacd617bb25c6b55690977be83ca5d61eb07bd79a0bd7ea8153d97aa47 height=144
2025-10-30T15:13:39Z UpdateTip: new best=15cbcadacd617bb25c6b55690977be83ca5d61eb07bd79a0bd7ea8153d97aa47 height=144 version=0x30000000 log2_work=8.179909 tx=145 date='2025-10-30T15:14:04Z' progress=1.000000 cache=0.3MiB(144txo)
2025-10-30T15:13:39Z CreateNewBlock(): block weight: 892 txs: 0 fees: 0 sigops 400
2025-10-30T15:13:39Z Saw new header hash=693a0e0df1e402bb89d623e38d127f551e38da735647f1d0cec37d71bb4e2da3 height=145
2025-10-30T15:13:39Z UpdateTip: new best=693a0e0df1e402bb89d623e38d127f551e38da735647f1d0cec37d71bb4e2da3 height=145 version=0x30000000 log2_work=8.189825 tx=146 date='2025-10-30T15:14:04Z' progress=1.000000 cache=0.3MiB(145txo)
2025-10-30T15:13:39Z CreateNewBlock(): block weight: 892 txs: 0 fees: 0 sigops 400
2025-10-30T15:13:39Z Saw new header hash=12d46e49146e081b278bd4b6aca37e6204f8f3c0b1343e17889ad03b994eab64 height=146
2025-10-30T15:13:39Z UpdateTip: new best=12d46e49146e081b278bd4b6aca37e6204f8f3c0b1343e17889ad03b994eab64 height=146 version=0x30000000 log2_work=8.199672 tx=147 date='2025-10-30T15:14:05Z' progress=1.000000 cache=0.3MiB(146txo)
2025-10-30T15:13:39Z CreateNewBlock(): block weight: 892 txs: 0 fees: 0 sigops 400
2025-10-30T15:13:39Z Saw new header hash=5d7d488dd23f48151e02dd7292d1d5d6fcd80aff0b09cd02d77248fe8f0e3420 height=147
2025-10-30T15:13:39Z UpdateTip: new best=5d7d488dd23f48151e02dd7292d1d5d6fcd80aff0b09cd02d77248fe8f0e3420 height=147 version=0x30000000 log2_work=8.209453 tx=148 date='2025-10-30T15:14:05Z' progress=1.000000 cache=0.3MiB(147txo)
2025-10-30T15:13:39Z CreateNewBlock(): block weight: 892 txs: 0 fees: 0 sigops 400
2025-10-30T15:13:39Z Saw new header hash=02e4bc3d61fdd4268e38147a9c7ceb4243ed4d8e81c5343dbcb4e912db6a2f85 height=148
2025-10-30T15:13:39Z UpdateTip: new best=02e4bc3d61fdd4268e38147a9c7ceb4243ed4d8e81c5343dbcb4e912db6a2f85 height=148 version=0x30000000 log2_work=8.219169 tx=149 date='2025-10-30T15:14:05Z' progress=1.000000 cache=0.3MiB(148txo)
2025-10-30T15:13:39Z CreateNewBlock(): block weight: 892 txs: 0 fees: 0 sigops 400
2025-10-30T15:13:39Z Saw new header hash=144fa8d9571393e8a3a833ce1b2bb8cd95ae969a867f2a4a42a1268c3fd02bcb height=149
2025-10-30T15:13:39Z UpdateTip: new best=144fa8d9571393e8a3a833ce1b2bb8cd95ae969a867f2a4a42a1268c3fd02bcb height=149 version=0x30000000 log2_work=8.228819 tx=150 date='2025-10-30T15:14:05Z' progress=1.000000 cache=0.3MiB(149txo)
2025-10-30T15:13:39Z CreateNewBlock(): block weight: 892 txs: 0 fees: 0 sigops 400
2025-10-30T15:13:39Z Saw new header hash=45ed972681f25b3ec9e7c3482014dab12f2ffec846f7dc939c6b004fab994ccb height=150
2025-10-30T15:13:39Z UpdateTip: new best=45ed972681f25b3ec9e7c3482014dab12f2ffec846f7dc939c6b004fab994ccb height=150 version=0x30000000 log2_work=8.238405 tx=151 date='2025-10-30T15:14:05Z' progress=1.000000 cache=0.3MiB(150txo)
2025-10-30T15:13:39Z CreateNewBlock(): block weight: 892 txs: 0 fees: 0 sigops 400
2025-10-30T15:13:39Z Saw new header hash=1cd3517676d88c7b679f9b0a275fa1018e4033e5e30530196d9d3c3c2f2e58d8 height=151
2025-10-30T15:13:39Z UpdateTip: new best=1cd3517676d88c7b679f9b0a275fa1018e4033e5e30530196d9d3c3c2f2e58d8 height=151 version=0x30000000 log2_work=8.247928 tx=152 date='2025-10-30T15:14:05Z' progress=1.000000 cache=0.3MiB(151txo)
2025-10-30T15:13:39Z CreateNewBlock(): block weight: 892 txs: 0 fees: 0 sigops 400
2025-10-30T15:13:39Z Saw new header hash=08f954e2790cf888b37ffaca1e3dd4dbdee4fa4f7abd464dd1e204d1b44eb609 height=152
2025-10-30T15:13:39Z UpdateTip: new best=08f954e2790cf888b37ffaca1e3dd4dbdee4fa4f7abd464dd1e204d1b44eb609 height=152 version=0x30000000 log2_work=8.257388 tx=153 date='2025-10-30T15:14:06Z' progress=1.000000 cache=0.3MiB(152txo)
2025-10-30T15:13:39Z CreateNewBlock(): block weight: 892 txs: 0 fees: 0 sigops 400
2025-10-30T15:13:39Z Saw new header hash=37dcf844ef34189c0a473aab7cb050e21b2dc810c28f4b87d4e9202fb010bfc8 height=153
2025-10-30T15:13:39Z UpdateTip: new best=37dcf844ef34189c0a473aab7cb050e21b2dc810c28f4b87d4e9202fb010bfc8 height=153 version=0x30000000 log2_work=8.266787 tx=154 date='2025-10-30T15:14:06Z' progress=1.000000 cache=0.3MiB(153txo)
2025-10-30T15:13:39Z CreateNewBlock(): block weight: 892 txs: 0 fees: 0 sigops 400
2025-10-30T15:13:39Z Saw new header hash=195bf1a548f662ac735768cd24e6c2e4ac2af3b425c3056284e9d3b92259c341 height=154
2025-10-30T15:13:39Z UpdateTip: new best=195bf1a548f662ac735768cd24e6c2e4ac2af3b425c3056284e9d3b92259c341 height=154 version=0x30000000 log2_work=8.276124 tx=155 date='2025-10-30T15:14:06Z' progress=1.000000 cache=0.3MiB(154txo)
2025-10-30T15:13:39Z CreateNewBlock(): block weight: 892 txs: 0 fees: 0 sigops 400
2025-10-30T15:13:39Z Saw new header hash=1137ee3f98e05666bdcfba38ebabca22ff673fc51da17043960f0b3dec6c013f height=155
2025-10-30T15:13:39Z UpdateTip: new best=1137ee3f98e05666bdcfba38ebabca22ff673fc51da17043960f0b3dec6c013f height=155 version=0x30000000 log2_work=8.285402 tx=156 date='2025-10-30T15:14:06Z' progress=1.000000 cache=0.3MiB(155txo)
2025-10-30T15:13:39Z CreateNewBlock(): block weight: 892 txs: 0 fees: 0 sigops 400
2025-10-30T15:13:39Z Saw new header hash=642c9b11c6a7f05bc9e5627f406ae319b1dd274da1d260a37fa40caa407a3baa height=156
2025-10-30T15:13:39Z UpdateTip: new best=642c9b11c6a7f05bc9e5627f406ae319b1dd274da1d260a37fa40caa407a3baa height=156 version=0x30000000 log2_work=8.294621 tx=157 date='2025-10-30T15:14:06Z' progress=1.000000 cache=0.3MiB(156txo)
2025-10-30T15:13:39Z CreateNewBlock(): block weight: 892 txs: 0 fees: 0 sigops 400
2025-10-30T15:13:39Z Saw new header hash=1403614cd4b5a3ef1585051b2e6be9d7bb865cb01c7437746797eb1653d51dc5 height=157
2025-10-30T15:13:39Z UpdateTip: new best=1403614cd4b5a3ef1585051b2e6be9d7bb865cb01c7437746797eb1653d51dc5 height=157 version=0x30000000 log2_work=8.303781 tx=158 date='2025-10-30T15:14:06Z' progress=1.000000 cache=0.3MiB(157txo)
2025-10-30T15:13:39Z CreateNewBlock(): block weight: 892 txs: 0 fees: 0 sigops 400
2025-10-30T15:13:39Z Saw new header hash=22074391a392720d6ed66ebaa9a8c242f2570cbec782e9c614767cfcdafa97e3 height=158
2025-10-30T15:13:39Z UpdateTip: new best=22074391a392720d6ed66ebaa9a8c242f2570cbec782e9c614767cfcdafa97e3 height=158 version=0x30000000 log2_work=8.312883 tx=159 date='2025-10-30T15:14:07Z' progress=1.000000 cache=0.3MiB(158txo)
2025-10-30T15:13:39Z CreateNewBlock(): block weight: 892 txs: 0 fees: 0 sigops 400
2025-10-30T15:13:39Z Saw new header hash=073ca941e7a907327e9243eb1114fa373e93e0be7c0369d99f638f92fda491c0 height=159
2025-10-30T15:13:39Z UpdateTip: new best=073ca941e7a907327e9243eb1114fa373e93e0be7c0369d99f638f92fda491c0 height=159 version=0x30000000 log2_work=8.321928 tx=160 date='2025-10-30T15:14:07Z' progress=1.000000 cache=0.3MiB(159txo)
2025-10-30T15:13:39Z CreateNewBlock(): block weight: 892 txs: 0 fees: 0 sigops 400
2025-10-30T15:13:39Z Saw new header hash=56999e836dc79d6b15a3398d29bf1cb7166a28b9502f752bbd8dee7a22bc6c11 height=160
2025-10-30T15:13:39Z UpdateTip: new best=56999e836dc79d6b15a3398d29bf1cb7166a28b9502f752bbd8dee7a22bc6c11 height=160 version=0x30000000 log2_work=8.330917 tx=161 date='2025-10-30T15:14:07Z' progress=1.000000 cache=0.3MiB(160txo)
2025-10-30T15:13:39Z CreateNewBlock(): block weight: 892 txs: 0 fees: 0 sigops 400
2025-10-30T15:13:39Z Saw new header hash=5e6cd6fd74c035e9b88dc3f8c9e12532e953e42de6368113a58f969ea983e2f9 height=161
2025-10-30T15:13:39Z UpdateTip: new best=5e6cd6fd74c035e9b88dc3f8c9e12532e953e42de6368113a58f969ea983e2f9 height=161 version=0x30000000 log2_work=8.339850 tx=162 date='2025-10-30T15:14:07Z' progress=1.000000 cache=0.3MiB(161txo)
2025-10-30T15:13:39Z CreateNewBlock(): block weight: 892 txs: 0 fees: 0 sigops 400
2025-10-30T15:13:39Z Saw new header hash=3563ce1595f1d4c1221344a108467ed68bd481f061e1a41b5f91ce34641a8a96 height=162
2025-10-30T15:13:39Z UpdateTip: new best=3563ce1595f1d4c1221344a108467ed68bd481f061e1a41b5f91ce34641a8a96 height=162 version=0x30000000 log2_work=8.348728 tx=163 date='2025-10-30T15:14:07Z' progress=1.000000 cache=0.3MiB(162txo)
2025-10-30T15:13:39Z CreateNewBlock(): block weight: 892 txs: 0 fees: 0 sigops 400
2025-10-30T15:13:39Z Saw new header hash=0ea921b6919fa5120e15a061245808cc3dcda30d94b293bdf78e247cdf62c6ac height=163
2025-10-30T15:13:39Z UpdateTip: new best=0ea921b6919fa5120e15a061245808cc3dcda30d94b293bdf78e247cdf62c6ac height=163 version=0x30000000 log2_work=8.357552 tx=164 date='2025-10-30T15:14:07Z' progress=1.000000 cache=0.3MiB(163txo)
2025-10-30T15:13:39Z CreateNewBlock(): block weight: 892 txs: 0 fees: 0 sigops 400
2025-10-30T15:13:39Z Saw new header hash=0e892ccb4e78e00fc974f83b7c45245e72bfdf452330ed06e747be5ed21c74e9 height=164
2025-10-30T15:13:39Z UpdateTip: new best=0e892ccb4e78e00fc974f83b7c45245e72bfdf452330ed06e747be5ed21c74e9 height=164 version=0x30000000 log2_work=8.366322 tx=165 date='2025-10-30T15:14:08Z' progress=1.000000 cache=0.3MiB(164txo)
2025-10-30T15:13:39Z CreateNewBlock(): block weight: 892 txs: 0 fees: 0 sigops 400
2025-10-30T15:13:39Z Saw new header hash=5068b202046970613473233ab3bb396763d1a0fad463c0c7c8892ad02b69eae7 height=165
2025-10-30T15:13:39Z UpdateTip: new best=5068b202046970613473233ab3bb396763d1a0fad463c0c7c8892ad02b69eae7 height=165 version=0x30000000 log2_work=8.375039 tx=166 date='2025-10-30T15:14:08Z' progress=1.000000 cache=0.3MiB(165txo)
2025-10-30T15:13:39Z CreateNewBlock(): block weight: 892 txs: 0 fees: 0 sigops 400
2025-10-30T15:13:39Z Saw new header hash=295f2d3a2f6fabd992d110f167d421c404f2d5bdd99b7e06052c42a6fab4f0de height=166
2025-10-30T15:13:39Z UpdateTip: new best=295f2d3a2f6fabd992d110f167d421c404f2d5bdd99b7e06052c42a6fab4f0de height=166 version=0x30000000 log2_work=8.383704 tx=167 date='2025-10-30T15:14:08Z' progress=1.000000 cache=0.3MiB(166txo)
2025-10-30T15:13:39Z CreateNewBlock(): block weight: 892 txs: 0 fees: 0 sigops 400
2025-10-30T15:13:39Z Saw new header hash=651f348215ef1874ca972ef821ca1c433a41cb5eeaef77908d4d324a81ac5072 height=167
2025-10-30T15:13:39Z UpdateTip: new best=651f348215ef1874ca972ef821ca1c433a41cb5eeaef77908d4d324a81ac5072 height=167 version=0x30000000 log2_work=8.392317 tx=168 date='2025-10-30T15:14:08Z' progress=1.000000 cache=0.3MiB(167txo)
2025-10-30T15:13:39Z CreateNewBlock(): block weight: 892 txs: 0 fees: 0 sigops 400
2025-10-30T15:13:39Z Saw new header hash=652d40410392b78966678c579ea48aa30cd3ba4ede497da45c4ab62e42393ee8 height=168
2025-10-30T15:13:39Z UpdateTip: new best=652d40410392b78966678c579ea48aa30cd3ba4ede497da45c4ab62e42393ee8 height=168 version=0x30000000 log2_work=8.400879 tx=169 date='2025-10-30T15:14:08Z' progress=1.000000 cache=0.3MiB(168txo)
2025-10-30T15:13:39Z CreateNewBlock(): block weight: 892 txs: 0 fees: 0 sigops 400
2025-10-30T15:13:39Z Saw new header hash=2b8e92e6b012bcd4d14e687fc346dd94215a611bf7ca2234971f6d5be8925945 height=169
2025-10-30T15:13:39Z UpdateTip: new best=2b8e92e6b012bcd4d14e687fc346dd94215a611bf7ca2234971f6d5be8925945 height=169 version=0x30000000 log2_work=8.409391 tx=170 date='2025-10-30T15:14:08Z' progress=1.000000 cache=0.3MiB(169txo)
2025-10-30T15:13:39Z CreateNewBlock(): block weight: 892 txs: 0 fees: 0 sigops 400
2025-10-30T15:13:39Z Saw new header hash=155654cc5cbc167bce181070ebc6c13d81c307e828c91b6d380f4536409bd710 height=170
2025-10-30T15:13:39Z UpdateTip: new best=155654cc5cbc167bce181070ebc6c13d81c307e828c91b6d380f4536409bd710 height=170 version=0x30000000 log2_work=8.417853 tx=171 date='2025-10-30T15:14:09Z' progress=1.000000 cache=0.3MiB(170txo)
2025-10-30T15:13:39Z CreateNewBlock(): block weight: 892 txs: 0 fees: 0 sigops 400
2025-10-30T15:13:39Z Saw new header hash=12a217267cd0bf54fea3256b18b8f0a37d0a6a3c37c3582df54719f14639b82f height=171
2025-10-30T15:13:39Z UpdateTip: new best=12a217267cd0bf54fea3256b18b8f0a37d0a6a3c37c3582df54719f14639b82f height=171 version=0x30000000 log2_work=8.426265 tx=172 date='2025-10-30T15:14:09Z' progress=1.000000 cache=0.3MiB(171txo)
2025-10-30T15:13:39Z CreateNewBlock(): block weight: 892 txs: 0 fees: 0 sigops 400
2025-10-30T15:13:39Z Saw new header hash=06af73742b56e234627aa6da6d41559d60cb5a443aa890a5df4704b506c1043a height=172
2025-10-30T15:13:39Z UpdateTip: new best=06af73742b56e234627aa6da6d41559d60cb5a443aa890a5df4704b506c1043a height=172 version=0x30000000 log2_work=8.434628 tx=173 date='2025-10-30T15:14:09Z' progress=1.000000 cache=0.3MiB(172txo)
2025-10-30T15:13:39Z CreateNewBlock(): block weight: 892 txs: 0 fees: 0 sigops 400
2025-10-30T15:13:39Z Saw new header hash=21f1cd482cb4fe200dbdb0a13cd1a800a695542b38ef24478495bf845bdac608 height=173
2025-10-30T15:13:39Z UpdateTip: new best=21f1cd482cb4fe200dbdb0a13cd1a800a695542b38ef24478495bf845bdac608 height=173 version=0x30000000 log2_work=8.442943 tx=174 date='2025-10-30T15:14:09Z' progress=1.000000 cache=0.3MiB(173txo)
2025-10-30T15:13:39Z CreateNewBlock(): block weight: 892 txs: 0 fees: 0 sigops 400
2025-10-30T15:13:39Z Saw new header hash=6e7ed678aea1dcdd4b82a356b97fb998a91c73ed602bc42d3ccc5fbcb5eb00b3 height=174
2025-10-30T15:13:39Z UpdateTip: new best=6e7ed678aea1dcdd4b82a356b97fb998a91c73ed602bc42d3ccc5fbcb5eb00b3 height=174 version=0x30000000 log2_work=8.451211 tx=175 date='2025-10-30T15:14:09Z' progress=1.000000 cache=0.3MiB(174txo)
2025-10-30T15:13:39Z CreateNewBlock(): block weight: 892 txs: 0 fees: 0 sigops 400
2025-10-30T15:13:39Z Saw new header hash=62984a3b63283aac72010101bf1810dfd01d9fe29ae0cdad6c514e1f927a11c2 height=175
2025-10-30T15:13:39Z UpdateTip: new best=62984a3b63283aac72010101bf1810dfd01d9fe29ae0cdad6c514e1f927a11c2 height=175 version=0x30000000 log2_work=8.459432 tx=176 date='2025-10-30T15:14:09Z' progress=1.000000 cache=0.3MiB(175txo)
2025-10-30T15:13:39Z CreateNewBlock(): block weight: 892 txs: 0 fees: 0 sigops 400
2025-10-30T15:13:39Z Saw new header hash=6da4e7a38c02b3daa6111304d7372248d1ba869859cb7922ed009edef5899827 height=176
2025-10-30T15:13:39Z UpdateTip: new best=6da4e7a38c02b3daa6111304d7372248d1ba869859cb7922ed009edef5899827 height=176 version=0x30000000 log2_work=8.467606 tx=177 date='2025-10-30T15:14:10Z' progress=1.000000 cache=0.3MiB(176txo)
2025-10-30T15:13:39Z CreateNewBlock(): block weight: 892 txs: 0 fees: 0 sigops 400
2025-10-30T15:13:39Z Saw new header hash=0643d039837e84bf4e1ff316c17647f3d8d6157e4f00c8a69d643715fa491762 height=177
2025-10-30T15:13:39Z UpdateTip: new best=0643d039837e84bf4e1ff316c17647f3d8d6157e4f00c8a69d643715fa491762 height=177 version=0x30000000 log2_work=8.475733 tx=178 date='2025-10-30T15:14:10Z' progress=1.000000 cache=0.3MiB(177txo)
2025-10-30T15:13:39Z CreateNewBlock(): block weight: 892 txs: 0 fees: 0 sigops 400
2025-10-30T15:13:39Z Saw new header hash=11629547366c23edd5e57e69913e8858e6f4507563b753d7b035a37cbad33ca2 height=178
2025-10-30T15:13:39Z UpdateTip: new best=11629547366c23edd5e57e69913e8858e6f4507563b753d7b035a37cbad33ca2 height=178 version=0x30000000 log2_work=8.483816 tx=179 date='2025-10-30T15:14:10Z' progress=1.000000 cache=0.3MiB(178txo)
2025-10-30T15:13:39Z CreateNewBlock(): block weight: 892 txs: 0 fees: 0 sigops 400
2025-10-30T15:13:39Z Saw new header hash=4b8b0cb2c99762923696f36939d0d829a8bb48266a6454b6582d0406eb02427e height=179
2025-10-30T15:13:39Z UpdateTip: new best=4b8b0cb2c99762923696f36939d0d829a8bb48266a6454b6582d0406eb02427e height=179 version=0x30000000 log2_work=8.491853 tx=180 date='2025-10-30T15:14:10Z' progress=1.000000 cache=0.3MiB(179txo)
2025-10-30T15:13:39Z CreateNewBlock(): block weight: 892 txs: 0 fees: 0 sigops 400
2025-10-30T15:13:39Z Saw new header hash=24da1993c9d1b34d35cfae2c930c9c4b4a84148180dde22de691a0165545a1cb height=180
2025-10-30T15:13:39Z UpdateTip: new best=24da1993c9d1b34d35cfae2c930c9c4b4a84148180dde22de691a0165545a1cb height=180 version=0x30000000 log2_work=8.499846 tx=181 date='2025-10-30T15:14:10Z' progress=1.000000 cache=0.3MiB(180txo)
2025-10-30T15:13:39Z CreateNewBlock(): block weight: 892 txs: 0 fees: 0 sigops 400
2025-10-30T15:13:39Z Saw new header hash=2586efb0ce677e10bae9a0c695bb9cf783fd14a9b574e241569e9bef04699e8c height=181
2025-10-30T15:13:39Z UpdateTip: new best=2586efb0ce677e10bae9a0c695bb9cf783fd14a9b574e241569e9bef04699e8c height=181 version=0x30000000 log2_work=8.507795 tx=182 date='2025-10-30T15:14:10Z' progress=1.000000 cache=0.3MiB(181txo)
2025-10-30T15:13:39Z CreateNewBlock(): block weight: 892 txs: 0 fees: 0 sigops 400
2025-10-30T15:13:39Z Saw new header hash=7b6d86599fcf7c1e621eb9aaece130cd8027fca299d18b83ed44598347ed0089 height=182
2025-10-30T15:13:39Z UpdateTip: new best=7b6d86599fcf7c1e621eb9aaece130cd8027fca299d18b83ed44598347ed0089 height=182 version=0x30000000 log2_work=8.515700 tx=183 date='2025-10-30T15:14:11Z' progress=1.000000 cache=0.3MiB(182txo)
2025-10-30T15:13:39Z CreateNewBlock(): block weight: 892 txs: 0 fees: 0 sigops 400
2025-10-30T15:13:39Z Saw new header hash=020c50a121f80e7cba1a823b7ca843c046a8499aaf7ecf6a6820c5cdae0c667b height=183
2025-10-30T15:13:39Z UpdateTip: new best=020c50a121f80e7cba1a823b7ca843c046a8499aaf7ecf6a6820c5cdae0c667b height=183 version=0x30000000 log2_work=8.523562 tx=184 date='2025-10-30T15:14:11Z' progress=1.000000 cache=0.3MiB(183txo)
2025-10-30T15:13:39Z CreateNewBlock(): block weight: 892 txs: 0 fees: 0 sigops 400
2025-10-30T15:13:39Z Saw new header hash=6eb57d8099e6b3eb57134a2413801a158120f9a47bc37cae6056d1837a16de5f height=184
2025-10-30T15:13:39Z UpdateTip: new best=6eb57d8099e6b3eb57134a2413801a158120f9a47bc37cae6056d1837a16de5f height=184 version=0x30000000 log2_work=8.531381 tx=185 date='2025-10-30T15:14:11Z' progress=1.000000 cache=0.3MiB(184txo)
2025-10-30T15:13:39Z CreateNewBlock(): block weight: 892 txs: 0 fees: 0 sigops 400
2025-10-30T15:13:39Z Saw new header hash=29c0496e06d40eb100527b24d38ca66a5c7c4c80453d255ccc860dc308f0679d height=185
2025-10-30T15:13:39Z UpdateTip: new best=29c0496e06d40eb100527b24d38ca66a5c7c4c80453d255ccc860dc308f0679d height=185 version=0x30000000 log2_work=8.539159 tx=186 date='2025-10-30T15:14:11Z' progress=1.000000 cache=0.3MiB(185txo)
2025-10-30T15:13:39Z CreateNewBlock(): block weight: 892 txs: 0 fees: 0 sigops 400
2025-10-30T15:13:39Z Saw new header hash=473d8f1fb50a91839cb70533a6d980c6505998ce386ebc996a3149347ef86ad6 height=186
2025-10-30T15:13:39Z UpdateTip: new best=473d8f1fb50a91839cb70533a6d980c6505998ce386ebc996a3149347ef86ad6 height=186 version=0x30000000 log2_work=8.546894 tx=187 date='2025-10-30T15:14:11Z' progress=1.000000 cache=0.3MiB(186txo)
2025-10-30T15:13:39Z CreateNewBlock(): block weight: 892 txs: 0 fees: 0 sigops 400
2025-10-30T15:13:39Z Saw new header hash=47adc29e58f1a550f6652577801aeaef80abafd59dcb264cef7eed7ce7b3a62e height=187
2025-10-30T15:13:39Z UpdateTip: new best=47adc29e58f1a550f6652577801aeaef80abafd59dcb264cef7eed7ce7b3a62e height=187 version=0x30000000 log2_work=8.554589 tx=188 date='2025-10-30T15:14:11Z' progress=1.000000 cache=0.3MiB(187txo)
2025-10-30T15:13:39Z CreateNewBlock(): block weight: 892 txs: 0 fees: 0 sigops 400
2025-10-30T15:13:39Z Saw new header hash=59a160a99586166cb8b4ffa52fc707ef23df4a4a79abe6f78d758b2f0003bb92 height=188
2025-10-30T15:13:39Z UpdateTip: new best=59a160a99586166cb8b4ffa52fc707ef23df4a4a79abe6f78d758b2f0003bb92 height=188 version=0x30000000 log2_work=8.562242 tx=189 date='2025-10-30T15:14:12Z' progress=1.000000 cache=0.3MiB(188txo)
2025-10-30T15:13:39Z CreateNewBlock(): block weight: 892 txs: 0 fees: 0 sigops 400
2025-10-30T15:13:39Z Saw new header hash=555dd226635c399f985cb856b4e18d3a9128b4425513df1e1b783b96dcb0ec0e height=189
2025-10-30T15:13:39Z UpdateTip: new best=555dd226635c399f985cb856b4e18d3a9128b4425513df1e1b783b96dcb0ec0e height=189 version=0x30000000 log2_work=8.569856 tx=190 date='2025-10-30T15:14:12Z' progress=1.000000 cache=0.3MiB(189txo)
2025-10-30T15:13:39Z CreateNewBlock(): block weight: 892 txs: 0 fees: 0 sigops 400
2025-10-30T15:13:39Z Saw new header hash=696a1a4480d29b84b46186cc9290d26f9a6e42e378bc6e083789fb3b709cef1c height=190
2025-10-30T15:13:39Z UpdateTip: new best=696a1a4480d29b84b46186cc9290d26f9a6e42e378bc6e083789fb3b709cef1c height=190 version=0x30000000 log2_work=8.577429 tx=191 date='2025-10-30T15:14:12Z' progress=1.000000 cache=0.3MiB(190txo)
2025-10-30T15:13:39Z CreateNewBlock(): block weight: 892 txs: 0 fees: 0 sigops 400
2025-10-30T15:13:39Z Saw new header hash=40e67cf93e2f3438e6a9731ec7e495aa8bad38d36e6f9545e224f06f60c2fb35 height=191
2025-10-30T15:13:39Z UpdateTip: new best=40e67cf93e2f3438e6a9731ec7e495aa8bad38d36e6f9545e224f06f60c2fb35 height=191 version=0x30000000 log2_work=8.584963 tx=192 date='2025-10-30T15:14:12Z' progress=1.000000 cache=0.3MiB(191txo)
2025-10-30T15:13:39Z CreateNewBlock(): block weight: 892 txs: 0 fees: 0 sigops 400
2025-10-30T15:13:39Z Saw new header hash=37d88ac322f8adcc50719c317a01336da46b8ac53e591cca695035682a3eb096 height=192
2025-10-30T15:13:39Z UpdateTip: new best=37d88ac322f8adcc50719c317a01336da46b8ac53e591cca695035682a3eb096 height=192 version=0x30000000 log2_work=8.592457 tx=193 date='2025-10-30T15:14:12Z' progress=1.000000 cache=0.3MiB(192txo)
2025-10-30T15:13:39Z CreateNewBlock(): block weight: 892 txs: 0 fees: 0 sigops 400
2025-10-30T15:13:39Z Saw new header hash=521627c6bec6ae479227b799327e38730d2d5138cdb211f39baeb9c32614237b height=193
2025-10-30T15:13:39Z UpdateTip: new best=521627c6bec6ae479227b799327e38730d2d5138cdb211f39baeb9c32614237b height=193 version=0x30000000 log2_work=8.599913 tx=194 date='2025-10-30T15:14:12Z' progress=1.000000 cache=0.3MiB(193txo)
2025-10-30T15:13:39Z CreateNewBlock(): block weight: 892 txs: 0 fees: 0 sigops 400
2025-10-30T15:13:39Z Saw new header hash=6bfce8ca41a46b81a160787701521830c2d178e27cf979d20a287def9506ace6 height=194
2025-10-30T15:13:39Z UpdateTip: new best=6bfce8ca41a46b81a160787701521830c2d178e27cf979d20a287def9506ace6 height=194 version=0x30000000 log2_work=8.607330 tx=195 date='2025-10-30T15:14:13Z' progress=1.000000 cache=0.3MiB(194txo)
2025-10-30T15:13:39Z CreateNewBlock(): block weight: 892 txs: 0 fees: 0 sigops 400
2025-10-30T15:13:39Z Saw new header hash=7866cc978b0a12852c87993e0f506cf252c3d0fc2100f5f47a3a3b54a27b19a8 height=195
2025-10-30T15:13:39Z UpdateTip: new best=7866cc978b0a12852c87993e0f506cf252c3d0fc2100f5f47a3a3b54a27b19a8 height=195 version=0x30000000 log2_work=8.614710 tx=196 date='2025-10-30T15:14:13Z' progress=1.000000 cache=0.3MiB(195txo)
2025-10-30T15:13:39Z CreateNewBlock(): block weight: 892 txs: 0 fees: 0 sigops 400
2025-10-30T15:13:39Z Saw new header hash=5fa4c30a23e8876a33219f4c26e7352a8f5e35f091310b49b5f3f4e9c7eb8047 height=196
2025-10-30T15:13:39Z UpdateTip: new best=5fa4c30a23e8876a33219f4c26e7352a8f5e35f091310b49b5f3f4e9c7eb8047 height=196 version=0x30000000 log2_work=8.622052 tx=197 date='2025-10-30T15:14:13Z' progress=1.000000 cache=0.3MiB(196txo)
2025-10-30T15:13:39Z CreateNewBlock(): block weight: 892 txs: 0 fees: 0 sigops 400
2025-10-30T15:13:39Z Saw new header hash=2814aabc52861e7272725d1e3e212da476dc576174d3c8b3ab3faf52a91c3f9d height=197
2025-10-30T15:13:39Z UpdateTip: new best=2814aabc52861e7272725d1e3e212da476dc576174d3c8b3ab3faf52a91c3f9d height=197 version=0x30000000 log2_work=8.629357 tx=198 date='2025-10-30T15:14:13Z' progress=1.000000 cache=0.3MiB(197txo)
2025-10-30T15:13:39Z CreateNewBlock(): block weight: 892 txs: 0 fees: 0 sigops 400
2025-10-30T15:13:39Z Saw new header hash=65de11f8d8d4d1772af750fe004f73b0f17a6144409930059e20b7ba1a75a204 height=198
2025-10-30T15:13:39Z UpdateTip: new best=65de11f8d8d4d1772af750fe004f73b0f17a6144409930059e20b7ba1a75a204 height=198 version=0x30000000 log2_work=8.636625 tx=199 date='2025-10-30T15:14:13Z' progress=1.000000 cache=0.3MiB(198txo)
2025-10-30T15:13:39Z CreateNewBlock(): block weight: 892 txs: 0 fees: 0 sigops 400
2025-10-30T15:13:39Z Saw new header hash=11ee2410ca391033052f85d1767472a723e175718bbae98ca14b3ef42da04335 height=199
2025-10-30T15:13:39Z UpdateTip: new best=11ee2410ca391033052f85d1767472a723e175718bbae98ca14b3ef42da04335 height=199 version=0x30000000 log2_work=8.643856 tx=200 date='2025-10-30T15:14:13Z' progress=1.000000 cache=0.3MiB(199txo)
2025-10-30T15:13:39Z CreateNewBlock(): block weight: 892 txs: 0 fees: 0 sigops 400
2025-10-30T15:13:39Z Saw new header hash=715c9f0b68fe0392c9b9ef65dfb677e1124a789df6e986c09861d6d6f6032821 height=200
2025-10-30T15:13:39Z UpdateTip: new best=715c9f0b68fe0392c9b9ef65dfb677e1124a789df6e986c09861d6d6f6032821 height=200 version=0x30000000 log2_work=8.651052 tx=201 date='2025-10-30T15:14:14Z' progress=1.000000 cache=0.3MiB(200txo)
2025-10-30T15:13:39Z CreateNewBlock(): block weight: 892 txs: 0 fees: 0 sigops 400
2025-10-30T15:13:39Z Saw new header hash=41b83578c26f4c1402a7c6ccd08f7d1017673a8a0a7b38161834d5a9cd05645b height=201
2025-10-30T15:13:39Z UpdateTip: new best=41b83578c26f4c1402a7c6ccd08f7d1017673a8a0a7b38161834d5a9cd05645b height=201 version=0x30000000 log2_work=8.658211 tx=202 date='2025-10-30T15:14:14Z' progress=1.000000 cache=0.3MiB(201txo)
2025-10-30T15:13:39Z CreateNewBlock(): block weight: 892 txs: 0 fees: 0 sigops 400
2025-10-30T15:13:39Z Saw new header hash=36419783af833a2c09bceac5af8aece0a59ff01bc7022b6d7db32b8cd562c9d4 height=202
2025-10-30T15:13:39Z UpdateTip: new best=36419783af833a2c09bceac5af8aece0a59ff01bc7022b6d7db32b8cd562c9d4 height=202 version=0x30000000 log2_work=8.665336 tx=203 date='2025-10-30T15:14:14Z' progress=1.000000 cache=0.3MiB(202txo)
2025-10-30T15:13:39Z CreateNewBlock(): block weight: 892 txs: 0 fees: 0 sigops 400
2025-10-30T15:13:39Z Saw new header hash=102d139e1fe109eaf55bd9e640ed61d0457eba77cfc6560a0803bbead9163dfa height=203
2025-10-30T15:13:39Z UpdateTip: new best=102d139e1fe109eaf55bd9e640ed61d0457eba77cfc6560a0803bbead9163dfa height=203 version=0x30000000 log2_work=8.672425 tx=204 date='2025-10-30T15:14:14Z' progress=1.000000 cache=0.3MiB(203txo)
2025-10-30T15:13:39Z CreateNewBlock(): block weight: 892 txs: 0 fees: 0 sigops 400
2025-10-30T15:13:39Z Saw new header hash=62c63bbd65e5310d0b889bcac3b72fbc3270b232f893251558c112979f036f87 height=204
2025-10-30T15:13:39Z UpdateTip: new best=62c63bbd65e5310d0b889bcac3b72fbc3270b232f893251558c112979f036f87 height=204 version=0x30000000 log2_work=8.679480 tx=205 date='2025-10-30T15:14:14Z' progress=1.000000 cache=0.3MiB(204txo)
2025-10-30T15:13:39Z CreateNewBlock(): block weight: 892 txs: 0 fees: 0 sigops 400
2025-10-30T15:13:39Z Saw new header hash=39de1cd50b6cf0d2c4462ebc874171c496315961046c563800fc62d4e161c521 height=205
2025-10-30T15:13:39Z UpdateTip: new best=39de1cd50b6cf0d2c4462ebc874171c496315961046c563800fc62d4e161c521 height=205 version=0x30000000 log2_work=8.686501 tx=206 date='2025-10-30T15:14:14Z' progress=1.000000 cache=0.3MiB(205txo)
2025-10-30T15:13:39Z CreateNewBlock(): block weight: 892 txs: 0 fees: 0 sigops 400
2025-10-30T15:13:39Z Saw new header hash=5e4d1c2f37f450ba8db1a804e9824da3dc846a164e4bd84e226b292160b8bd45 height=206
2025-10-30T15:13:39Z UpdateTip: new best=5e4d1c2f37f450ba8db1a804e9824da3dc846a164e4bd84e226b292160b8bd45 height=206 version=0x30000000 log2_work=8.693487 tx=207 date='2025-10-30T15:14:15Z' progress=1.000000 cache=0.3MiB(206txo)
2025-10-30T15:13:39Z CreateNewBlock(): block weight: 892 txs: 0 fees: 0 sigops 400
2025-10-30T15:13:39Z Saw new header hash=388dd74b08cabf2b9fcc77660d5265cc4af174780cc60ba5e2f462d2e1ea7d1e height=207
2025-10-30T15:13:39Z UpdateTip: new best=388dd74b08cabf2b9fcc77660d5265cc4af174780cc60ba5e2f462d2e1ea7d1e height=207 version=0x30000000 log2_work=8.700440 tx=208 date='2025-10-30T15:14:15Z' progress=1.000000 cache=0.3MiB(207txo)
2025-10-30T15:13:39Z CreateNewBlock(): block weight: 892 txs: 0 fees: 0 sigops 400
2025-10-30T15:13:39Z Saw new header hash=4276cf475868b88f87e2587de428cdc1a2f63b777e53850fd3a2ea554de6b4ce height=208
2025-10-30T15:13:39Z UpdateTip: new best=4276cf475868b88f87e2587de428cdc1a2f63b777e53850fd3a2ea554de6b4ce height=208 version=0x30000000 log2_work=8.707359 tx=209 date='2025-10-30T15:14:15Z' progress=1.000000 cache=0.3MiB(208txo)
2025-10-30T15:13:39Z CreateNewBlock(): block weight: 892 txs: 0 fees: 0 sigops 400
2025-10-30T15:13:39Z Saw new header hash=4762978222ef6c256c13734f7fe13ca52e251b4c5d9f251e675d58602d3ba0c6 height=209
2025-10-30T15:13:39Z UpdateTip: new best=4762978222ef6c256c13734f7fe13ca52e251b4c5d9f251e675d58602d3ba0c6 height=209 version=0x30000000 log2_work=8.714246 tx=210 date='2025-10-30T15:14:15Z' progress=1.000000 cache=0.3MiB(209txo)
2025-10-30T15:13:39Z CreateNewBlock(): block weight: 892 txs: 0 fees: 0 sigops 400
2025-10-30T15:13:39Z Saw new header hash=4b2ceac4baf6a5cbd1541489f2868f350a3968f44755810f4d89e2748e33c13c height=210
2025-10-30T15:13:39Z UpdateTip: new best=4b2ceac4baf6a5cbd1541489f2868f350a3968f44755810f4d89e2748e33c13c height=210 version=0x30000000 log2_work=8.721099 tx=211 date='2025-10-30T15:14:15Z' progress=1.000000 cache=0.3MiB(210txo)
2025-10-30T15:13:39Z CreateNewBlock(): block weight: 892 txs: 0 fees: 0 sigops 400
2025-10-30T15:13:39Z Saw new header hash=7c7c292576c9c914dd818ed2a93079626256bd7cae35d8ccc0e5f40cf3751b74 height=211
2025-10-30T15:13:39Z UpdateTip: new best=7c7c292576c9c914dd818ed2a93079626256bd7cae35d8ccc0e5f40cf3751b74 height=211 version=0x30000000 log2_work=8.727920 tx=212 date='2025-10-30T15:14:15Z' progress=1.000000 cache=0.3MiB(211txo)
2025-10-30T15:13:39Z CreateNewBlock(): block weight: 892 txs: 0 fees: 0 sigops 400
2025-10-30T15:13:39Z Saw new header hash=04d7c15882cf9a5650f06474ec8f8a6eac1093a453a6fca37145cb8b5c8287b0 height=212
2025-10-30T15:13:39Z UpdateTip: new best=04d7c15882cf9a5650f06474ec8f8a6eac1093a453a6fca37145cb8b5c8287b0 height=212 version=0x30000000 log2_work=8.734710 tx=213 date='2025-10-30T15:14:16Z' progress=1.000000 cache=0.3MiB(212txo)
2025-10-30T15:13:39Z CreateNewBlock(): block weight: 892 txs: 0 fees: 0 sigops 400
2025-10-30T15:13:39Z Saw new header hash=1d67be6edf0d79d2973e364cc63d06f39bcf489c823476bdead0918e92ae1b1b height=213
2025-10-30T15:13:39Z UpdateTip: new best=1d67be6edf0d79d2973e364cc63d06f39bcf489c823476bdead0918e92ae1b1b height=213 version=0x30000000 log2_work=8.741467 tx=214 date='2025-10-30T15:14:16Z' progress=1.000000 cache=0.3MiB(213txo)
2025-10-30T15:13:39Z CreateNewBlock(): block weight: 892 txs: 0 fees: 0 sigops 400
2025-10-30T15:13:39Z Saw new header hash=3a31568a08e8f1942a0470e6eead9378ea8965a0983477a128345e2b5d804d3b height=214
2025-10-30T15:13:39Z UpdateTip: new best=3a31568a08e8f1942a0470e6eead9378ea8965a0983477a128345e2b5d804d3b height=214 version=0x30000000 log2_work=8.748193 tx=215 date='2025-10-30T15:14:16Z' progress=1.000000 cache=0.3MiB(214txo)
2025-10-30T15:13:39Z CreateNewBlock(): block weight: 892 txs: 0 fees: 0 sigops 400
2025-10-30T15:13:39Z Saw new header hash=636b2706f05659744b7cc741cf2d1d5fefeb6e8d3d1138761251849507f4950f height=215
2025-10-30T15:13:39Z UpdateTip: new best=636b2706f05659744b7cc741cf2d1d5fefeb6e8d3d1138761251849507f4950f height=215 version=0x30000000 log2_work=8.754888 tx=216 date='2025-10-30T15:14:16Z' progress=1.000000 cache=0.3MiB(215txo)
2025-10-30T15:13:39Z CreateNewBlock(): block weight: 892 txs: 0 fees: 0 sigops 400
2025-10-30T15:13:39Z Saw new header hash=02332890100fc89a842df3c1369cdaeee398e01beacfbfd28b234a6209f35a38 height=216
2025-10-30T15:13:39Z UpdateTip: new best=02332890100fc89a842df3c1369cdaeee398e01beacfbfd28b234a6209f35a38 height=216 version=0x30000000 log2_work=8.761551 tx=217 date='2025-10-30T15:14:16Z' progress=1.000000 cache=0.3MiB(216txo)
2025-10-30T15:13:39Z CreateNewBlock(): block weight: 892 txs: 0 fees: 0 sigops 400
2025-10-30T15:13:39Z Saw new header hash=0e224c1c96b123f873c02e512d34f9d314fbfc50d5ca66aca15a9eb4b4241c5c height=217
2025-10-30T15:13:39Z UpdateTip: new best=0e224c1c96b123f873c02e512d34f9d314fbfc50d5ca66aca15a9eb4b4241c5c height=217 version=0x30000000 log2_work=8.768184 tx=218 date='2025-10-30T15:14:16Z' progress=1.000000 cache=0.3MiB(217txo)
2025-10-30T15:13:39Z CreateNewBlock(): block weight: 892 txs: 0 fees: 0 sigops 400
2025-10-30T15:13:39Z Saw new header hash=74661b7581c3fa4667b32a7556b5631845ada0b71f459fa155905d7d7834909a height=218
2025-10-30T15:13:39Z UpdateTip: new best=74661b7581c3fa4667b32a7556b5631845ada0b71f459fa155905d7d7834909a height=218 version=0x30000000 log2_work=8.774787 tx=219 date='2025-10-30T15:14:17Z' progress=1.000000 cache=0.3MiB(218txo)
2025-10-30T15:13:39Z CreateNewBlock(): block weight: 892 txs: 0 fees: 0 sigops 400
2025-10-30T15:13:39Z Saw new header hash=0195f4e1f244bfd3cb8d454a9d36436a97cdf67aefac33aa7ae05eb17fffba89 height=219
2025-10-30T15:13:39Z UpdateTip: new best=0195f4e1f244bfd3cb8d454a9d36436a97cdf67aefac33aa7ae05eb17fffba89 height=219 version=0x30000000 log2_work=8.781360 tx=220 date='2025-10-30T15:14:17Z' progress=1.000000 cache=0.3MiB(219txo)
2025-10-30T15:13:39Z CreateNewBlock(): block weight: 892 txs: 0 fees: 0 sigops 400
2025-10-30T15:13:39Z Saw new header hash=5a4328932afa013ba067f0d1441cda0e09fa518d4343d83d2477d773530b7800 height=220
2025-10-30T15:13:39Z UpdateTip: new best=5a4328932afa013ba067f0d1441cda0e09fa518d4343d83d2477d773530b7800 height=220 version=0x30000000 log2_work=8.787903 tx=221 date='2025-10-30T15:14:17Z' progress=1.000000 cache=0.3MiB(220txo)
2025-10-30T15:13:39Z CreateNewBlock(): block weight: 892 txs: 0 fees: 0 sigops 400
2025-10-30T15:13:39Z Saw new header hash=0da983a4eb36ce45e8b89b0284602197d79f98e89a7d31e74df295c6d7c72c5a height=221
2025-10-30T15:13:39Z UpdateTip: new best=0da983a4eb36ce45e8b89b0284602197d79f98e89a7d31e74df295c6d7c72c5a height=221 version=0x30000000 log2_work=8.794416 tx=222 date='2025-10-30T15:14:17Z' progress=1.000000 cache=0.3MiB(221txo)
2025-10-30T15:13:39Z CreateNewBlock(): block weight: 892 txs: 0 fees: 0 sigops 400
2025-10-30T15:13:39Z Saw new header hash=50791d893885bbfd01a147bf9fc0d4e3027049cec7184b48fe24b44ee40b75ef height=222
2025-10-30T15:13:39Z UpdateTip: new best=50791d893885bbfd01a147bf9fc0d4e3027049cec7184b48fe24b44ee40b75ef height=222 version=0x30000000 log2_work=8.800900 tx=223 date='2025-10-30T15:14:17Z' progress=1.000000 cache=0.3MiB(222txo)
2025-10-30T15:13:39Z CreateNewBlock(): block weight: 892 txs: 0 fees: 0 sigops 400
2025-10-30T15:13:39Z Saw new header hash=51b697ab72e4faee613452467889b31f25d77fc78467f9b1381ebbb778b2f2de height=223
2025-10-30T15:13:39Z UpdateTip: new best=51b697ab72e4faee613452467889b31f25d77fc78467f9b1381ebbb778b2f2de height=223 version=0x30000000 log2_work=8.807355 tx=224 date='2025-10-30T15:14:17Z' progress=1.000000 cache=0.3MiB(223txo)
2025-10-30T15:13:39Z CreateNewBlock(): block weight: 892 txs: 0 fees: 0 sigops 400
2025-10-30T15:13:39Z Saw new header hash=4892abc40f584b4c443ebe16d34373eb0078929f9f4fb35388269c0311d3efd2 height=224
2025-10-30T15:13:39Z UpdateTip: new best=4892abc40f584b4c443ebe16d34373eb0078929f9f4fb35388269c0311d3efd2 height=224 version=0x30000000 log2_work=8.813781 tx=225 date='2025-10-30T15:14:18Z' progress=1.000000 cache=0.3MiB(224txo)
2025-10-30T15:13:39Z CreateNewBlock(): block weight: 892 txs: 0 fees: 0 sigops 400
2025-10-30T15:13:39Z Saw new header hash=0bb298dfca1da366357a9ba63f8f7a4958a5ca0cc52b889c5a407a732b4a8c3c height=225
2025-10-30T15:13:39Z UpdateTip: new best=0bb298dfca1da366357a9ba63f8f7a4958a5ca0cc52b889c5a407a732b4a8c3c height=225 version=0x30000000 log2_work=8.820179 tx=226 date='2025-10-30T15:14:18Z' progress=1.000000 cache=0.3MiB(225txo)
2025-10-30T15:13:39Z CreateNewBlock(): block weight: 892 txs: 0 fees: 0 sigops 400
2025-10-30T15:13:39Z Saw new header hash=73148ae4d76d8d4ad6ecd2e215271db518caa4b4ad328a9e3678e80e79fe8ea6 height=226
2025-10-30T15:13:39Z UpdateTip: new best=73148ae4d76d8d4ad6ecd2e215271db518caa4b4ad328a9e3678e80e79fe8ea6 height=226 version=0x30000000 log2_work=8.826548 tx=227 date='2025-10-30T15:14:18Z' progress=1.000000 cache=0.3MiB(226txo)
2025-10-30T15:13:39Z CreateNewBlock(): block weight: 892 txs: 0 fees: 0 sigops 400
2025-10-30T15:13:39Z Saw new header hash=34974ec69b926f9ce802b41552d904d325d52c8e457a3fc3c4f4059a11f9ff8b height=227
2025-10-30T15:13:39Z UpdateTip: new best=34974ec69b926f9ce802b41552d904d325d52c8e457a3fc3c4f4059a11f9ff8b height=227 version=0x30000000 log2_work=8.832890 tx=228 date='2025-10-30T15:14:18Z' progress=1.000000 cache=0.3MiB(227txo)
2025-10-30T15:13:39Z CreateNewBlock(): block weight: 892 txs: 0 fees: 0 sigops 400
2025-10-30T15:13:39Z Saw new header hash=2e2617247a4223c269079ad97ad5f72e19af978b6ae2e08c0e68d797fb4b8e79 height=228
2025-10-30T15:13:39Z UpdateTip: new best=2e2617247a4223c269079ad97ad5f72e19af978b6ae2e08c0e68d797fb4b8e79 height=228 version=0x30000000 log2_work=8.839204 tx=229 date='2025-10-30T15:14:18Z' progress=1.000000 cache=0.3MiB(228txo)
2025-10-30T15:13:39Z CreateNewBlock(): block weight: 892 txs: 0 fees: 0 sigops 400
2025-10-30T15:13:39Z Saw new header hash=6e4407f2aad99b24a33069a2c3aec21929ad48aca7c0fad9630abe3a95d7efec height=229
2025-10-30T15:13:39Z UpdateTip: new best=6e4407f2aad99b24a33069a2c3aec21929ad48aca7c0fad9630abe3a95d7efec height=229 version=0x30000000 log2_work=8.845490 tx=230 date='2025-10-30T15:14:18Z' progress=1.000000 cache=0.3MiB(229txo)
2025-10-30T15:13:39Z CreateNewBlock(): block weight: 892 txs: 0 fees: 0 sigops 400
2025-10-30T15:13:39Z Saw new header hash=4bd5a1bc4cc569fde6259ca55d1df0607c96de97c9d64e4a9277bb1fd9a52a58 height=230
2025-10-30T15:13:39Z UpdateTip: new best=4bd5a1bc4cc569fde6259ca55d1df0607c96de97c9d64e4a9277bb1fd9a52a58 height=230 version=0x30000000 log2_work=8.851749 tx=231 date='2025-10-30T15:14:19Z' progress=1.000000 cache=0.3MiB(230txo)
2025-10-30T15:13:39Z CreateNewBlock(): block weight: 892 txs: 0 fees: 0 sigops 400
2025-10-30T15:13:39Z Saw new header hash=64df2cb6933bbbb2468a51d655f635744640b3358fbd2fb5cbbb41c93d78e1df height=231
2025-10-30T15:13:39Z UpdateTip: new best=64df2cb6933bbbb2468a51d655f635744640b3358fbd2fb5cbbb41c93d78e1df height=231 version=0x30000000 log2_work=8.857981 tx=232 date='2025-10-30T15:14:19Z' progress=1.000000 cache=0.3MiB(231txo)
2025-10-30T15:13:39Z CreateNewBlock(): block weight: 892 txs: 0 fees: 0 sigops 400
2025-10-30T15:13:39Z Saw new header hash=622b989a346c4a85990fafff9e5a276aa5a54991ebf83f0dabb01c41039c80c2 height=232
2025-10-30T15:13:39Z UpdateTip: new best=622b989a346c4a85990fafff9e5a276aa5a54991ebf83f0dabb01c41039c80c2 height=232 version=0x30000000 log2_work=8.864186 tx=233 date='2025-10-30T15:14:19Z' progress=1.000000 cache=0.3MiB(232txo)
2025-10-30T15:13:39Z CreateNewBlock(): block weight: 892 txs: 0 fees: 0 sigops 400
2025-10-30T15:13:39Z Saw new header hash=29f41bab674b12bd760914e73779b30d53161ce4e7330d4869e9d6b2f5d754e3 height=233
2025-10-30T15:13:39Z UpdateTip: new best=29f41bab674b12bd760914e73779b30d53161ce4e7330d4869e9d6b2f5d754e3 height=233 version=0x30000000 log2_work=8.870365 tx=234 date='2025-10-30T15:14:19Z' progress=1.000000 cache=0.3MiB(233txo)
2025-10-30T15:13:39Z CreateNewBlock(): block weight: 892 txs: 0 fees: 0 sigops 400
2025-10-30T15:13:39Z Saw new header hash=3cb2fc1163c5441713e68d992335805ca4f254bb6d1c15f5f7888be91edfb3e5 height=234
2025-10-30T15:13:39Z UpdateTip: new best=3cb2fc1163c5441713e68d992335805ca4f254bb6d1c15f5f7888be91edfb3e5 height=234 version=0x30000000 log2_work=8.876517 tx=235 date='2025-10-30T15:14:19Z' progress=1.000000 cache=0.3MiB(234txo)
2025-10-30T15:13:39Z CreateNewBlock(): block weight: 892 txs: 0 fees: 0 sigops 400
2025-10-30T15:13:39Z Saw new header hash=62851631f6fddd26d09ad8077a175cd145f121de3aca70d2c7fb0d77a1e7090e height=235
2025-10-30T15:13:39Z UpdateTip: new best=62851631f6fddd26d09ad8077a175cd145f121de3aca70d2c7fb0d77a1e7090e height=235 version=0x30000000 log2_work=8.882643 tx=236 date='2025-10-30T15:14:19Z' progress=1.000000 cache=0.3MiB(235txo)
2025-10-30T15:13:39Z CreateNewBlock(): block weight: 892 txs: 0 fees: 0 sigops 400
2025-10-30T15:13:39Z Saw new header hash=607befa355eaea7a9a659eb66808fdd231cca396e69ef6e30311fa50278c72f7 height=236
2025-10-30T15:13:40Z UpdateTip: new best=607befa355eaea7a9a659eb66808fdd231cca396e69ef6e30311fa50278c72f7 height=236 version=0x30000000 log2_work=8.888743 tx=237 date='2025-10-30T15:14:20Z' progress=1.000000 cache=0.3MiB(236txo)
2025-10-30T15:13:40Z CreateNewBlock(): block weight: 892 txs: 0 fees: 0 sigops 400
2025-10-30T15:13:40Z Saw new header hash=5455fd49abb86f8fac29b20eda728ceffccce4a301877713fd36144854f3c376 height=237
2025-10-30T15:13:40Z UpdateTip: new best=5455fd49abb86f8fac29b20eda728ceffccce4a301877713fd36144854f3c376 height=237 version=0x30000000 log2_work=8.894818 tx=238 date='2025-10-30T15:14:20Z' progress=1.000000 cache=0.3MiB(237txo)
2025-10-30T15:13:40Z CreateNewBlock(): block weight: 892 txs: 0 fees: 0 sigops 400
2025-10-30T15:13:40Z Saw new header hash=5a30fdddd90a5502cb760e6c6c39193afcda544d45fd9b9a1b14c1ad0a1f65c3 height=238
2025-10-30T15:13:40Z UpdateTip: new best=5a30fdddd90a5502cb760e6c6c39193afcda544d45fd9b9a1b14c1ad0a1f65c3 height=238 version=0x30000000 log2_work=8.900867 tx=239 date='2025-10-30T15:14:20Z' progress=1.000000 cache=0.3MiB(238txo)
2025-10-30T15:13:40Z CreateNewBlock(): block weight: 892 txs: 0 fees: 0 sigops 400
2025-10-30T15:13:40Z Saw new header hash=382a71412989dcf7e47bc3adbd60a34110ae9c413be2e2cc28274dda62266537 height=239
2025-10-30T15:13:40Z UpdateTip: new best=382a71412989dcf7e47bc3adbd60a34110ae9c413be2e2cc28274dda62266537 height=239 version=0x30000000 log2_work=8.906891 tx=240 date='2025-10-30T15:14:20Z' progress=1.000000 cache=0.3MiB(239txo)
2025-10-30T15:13:40Z CreateNewBlock(): block weight: 892 txs: 0 fees: 0 sigops 400
2025-10-30T15:13:40Z Saw new header hash=0a2f575ad8f51ae61be10aa99c472866c9f6383f5be41b2de03625bb634c66ff height=240
2025-10-30T15:13:40Z UpdateTip: new best=0a2f575ad8f51ae61be10aa99c472866c9f6383f5be41b2de03625bb634c66ff height=240 version=0x30000000 log2_work=8.912889 tx=241 date='2025-10-30T15:14:20Z' progress=1.000000 cache=0.3MiB(240txo)
2025-10-30T15:13:40Z CreateNewBlock(): block weight: 892 txs: 0 fees: 0 sigops 400
2025-10-30T15:13:40Z Saw new header hash=6f1d7a89798a2f24591f5bb6902be6b5bee843750c747a184e0ba2ccfba3985f height=241
2025-10-30T15:13:40Z UpdateTip: new best=6f1d7a89798a2f24591f5bb6902be6b5bee843750c747a184e0ba2ccfba3985f height=241 version=0x30000000 log2_work=8.918863 tx=242 date='2025-10-30T15:14:20Z' progress=1.000000 cache=0.3MiB(241txo)
2025-10-30T15:13:40Z CreateNewBlock(): block weight: 892 txs: 0 fees: 0 sigops 400
2025-10-30T15:13:40Z Saw new header hash=650a329a7b347f92783fab3c7aa3c56db56a5e52e08124c518c785520de1c1f1 height=242
2025-10-30T15:13:40Z UpdateTip: new best=650a329a7b347f92783fab3c7aa3c56db56a5e52e08124c518c785520de1c1f1 height=242 version=0x30000000 log2_work=8.924813 tx=243 date='2025-10-30T15:14:21Z' progress=1.000000 cache=0.3MiB(242txo)
2025-10-30T15:13:40Z CreateNewBlock(): block weight: 892 txs: 0 fees: 0 sigops 400
2025-10-30T15:13:40Z Saw new header hash=2ab4c73bc0d7e00e91616f19674e07891fa1ec6c9e0e4f1605cf09ac029cbad2 height=243
2025-10-30T15:13:40Z UpdateTip: new best=2ab4c73bc0d7e00e91616f19674e07891fa1ec6c9e0e4f1605cf09ac029cbad2 height=243 version=0x30000000 log2_work=8.930737 tx=244 date='2025-10-30T15:14:21Z' progress=1.000000 cache=0.3MiB(243txo)
2025-10-30T15:13:40Z CreateNewBlock(): block weight: 892 txs: 0 fees: 0 sigops 400
2025-10-30T15:13:40Z Saw new header hash=202f49783f02b7cbc711790fb86a288558edcd19d206fad1f47d23664d054b86 height=244
2025-10-30T15:13:40Z UpdateTip: new best=202f49783f02b7cbc711790fb86a288558edcd19d206fad1f47d23664d054b86 height=244 version=0x30000000 log2_work=8.936638 tx=245 date='2025-10-30T15:14:21Z' progress=1.000000 cache=0.3MiB(244txo)
2025-10-30T15:13:40Z CreateNewBlock(): block weight: 892 txs: 0 fees: 0 sigops 400
2025-10-30T15:13:40Z Saw new header hash=38adc3318d0db268b70464d5564e86eb118c872d92539fb61166fb3cbc8b8e33 height=245
2025-10-30T15:13:40Z UpdateTip: new best=38adc3318d0db268b70464d5564e86eb118c872d92539fb61166fb3cbc8b8e33 height=245 version=0x30000000 log2_work=8.942515 tx=246 date='2025-10-30T15:14:21Z' progress=1.000000 cache=0.3MiB(245txo)
2025-10-30T15:13:40Z CreateNewBlock(): block weight: 892 txs: 0 fees: 0 sigops 400
2025-10-30T15:13:40Z Saw new header hash=08a4a28b6c18f3ff64979287987bf1c9033c26c16163c023235358ff1f3d7640 height=246
2025-10-30T15:13:40Z UpdateTip: new best=08a4a28b6c18f3ff64979287987bf1c9033c26c16163c023235358ff1f3d7640 height=246 version=0x30000000 log2_work=8.948367 tx=247 date='2025-10-30T15:14:21Z' progress=1.000000 cache=0.3MiB(246txo)
2025-10-30T15:13:40Z CreateNewBlock(): block weight: 892 txs: 0 fees: 0 sigops 400
2025-10-30T15:13:40Z Saw new header hash=0b8a40dd9531ad9b65efc9ed3852b2e97f22b8419184019e18bd32d31c9a4f9f height=247
2025-10-30T15:13:40Z UpdateTip: new best=0b8a40dd9531ad9b65efc9ed3852b2e97f22b8419184019e18bd32d31c9a4f9f height=247 version=0x30000000 log2_work=8.954196 tx=248 date='2025-10-30T15:14:21Z' progress=1.000000 cache=0.3MiB(247txo)
2025-10-30T15:13:40Z CreateNewBlock(): block weight: 892 txs: 0 fees: 0 sigops 400
2025-10-30T15:13:40Z Saw new header hash=3be1bf90d36da515b85c9da1719d8d99da2128d087dfed4a4710b54af125f76c height=248
2025-10-30T15:13:40Z UpdateTip: new best=3be1bf90d36da515b85c9da1719d8d99da2128d087dfed4a4710b54af125f76c height=248 version=0x30000000 log2_work=8.960002 tx=249 date='2025-10-30T15:14:22Z' progress=1.000000 cache=0.3MiB(248txo)
2025-10-30T15:13:40Z CreateNewBlock(): block weight: 892 txs: 0 fees: 0 sigops 400
2025-10-30T15:13:40Z Saw new header hash=7ed145c61380a041f98c31098f7d156b68fdc432b0f258cc98570ca2c8b422cb height=249
2025-10-30T15:13:40Z UpdateTip: new best=7ed145c61380a041f98c31098f7d156b68fdc432b0f258cc98570ca2c8b422cb height=249 version=0x30000000 log2_work=8.965784 tx=250 date='2025-10-30T15:14:22Z' progress=1.000000 cache=0.3MiB(249txo)
2025-10-30T15:13:40Z CreateNewBlock(): block weight: 892 txs: 0 fees: 0 sigops 400
2025-10-30T15:13:40Z Saw new header hash=2af9d46ea0369412860433072f0bb3aa06c20209f4768b1aecd912b1000c4bd4 height=250
2025-10-30T15:13:40Z UpdateTip: new best=2af9d46ea0369412860433072f0bb3aa06c20209f4768b1aecd912b1000c4bd4 height=250 version=0x30000000 log2_work=8.971544 tx=251 date='2025-10-30T15:14:22Z' progress=1.000000 cache=0.3MiB(250txo)
2025-10-30T15:13:45Z CreateNewBlock(): block weight: 892 txs: 0 fees: 0 sigops 400
2025-10-30T15:13:45Z Saw new header hash=0b30f9e679b8d45af9411ef00e2d46772e54de3ee981f95c0a92fe76bac05f67 height=251
2025-10-30T15:13:45Z UpdateTip: new best=0b30f9e679b8d45af9411ef00e2d46772e54de3ee981f95c0a92fe76bac05f67 height=251 version=0x30000000 log2_work=8.977280 tx=252 date='2025-10-30T15:14:22Z' progress=1.000000 cache=0.3MiB(251txo)
2025-10-30T15:14:00Z CreateNewBlock(): block weight: 892 txs: 0 fees: 0 sigops 400
2025-10-30T15:14:00Z Saw new header hash=4f7c8bf1aa27f1d10dd0fb472455fad75f8187c50bdf06084668619903689d46 height=252
2025-10-30T15:14:00Z UpdateTip: new best=4f7c8bf1aa27f1d10dd0fb472455fad75f8187c50bdf06084668619903689d46 height=252 version=0x30000000 log2_work=8.982994 tx=253 date='2025-10-30T15:14:22Z' progress=1.000000 cache=0.3MiB(252txo)
2025-10-30T15:14:05Z CreateNewBlock(): block weight: 892 txs: 0 fees: 0 sigops 400
2025-10-30T15:14:05Z Saw new header hash=13a0d9e9fa0435781866e463e63bb7e5822f3fdd5097bdd1fa8c5cd8722e13cc height=253
2025-10-30T15:14:05Z UpdateTip: new best=13a0d9e9fa0435781866e463e63bb7e5822f3fdd5097bdd1fa8c5cd8722e13cc height=253 version=0x30000000 log2_work=8.988685 tx=254 date='2025-10-30T15:14:22Z' progress=1.000000 cache=0.3MiB(253txo)
2025-10-30T15:14:20Z CreateNewBlock(): block weight: 892 txs: 0 fees: 0 sigops 400
2025-10-30T15:14:20Z Saw new header hash=1d1a0190b3dc8f98b84f91c77fbc71b942f285dadcd5c81b456124abe50d862c height=254
2025-10-30T15:14:20Z UpdateTip: new best=1d1a0190b3dc8f98b84f91c77fbc71b942f285dadcd5c81b456124abe50d862c height=254 version=0x30000000 log2_work=8.994353 tx=255 date='2025-10-30T15:14:23Z' progress=1.000000 cache=0.3MiB(254txo)
2025-10-30T15:14:25Z CreateNewBlock(): block weight: 892 txs: 0 fees: 0 sigops 400
2025-10-30T15:14:25Z Saw new header hash=0de2da35fb64d3fe7f873eb58a680cd1b516c1322c71e422d44d594cc71ad789 height=255
2025-10-30T15:14:25Z UpdateTip: new best=0de2da35fb64d3fe7f873eb58a680cd1b516c1322c71e422d44d594cc71ad789 height=255 version=0x30000000 log2_work=9.000000 tx=256 date='2025-10-30T15:14:25Z' progress=1.000000 cache=0.3MiB(255txo)
2025-10-30T15:14:35Z CreateNewBlock(): block weight: 892 txs: 0 fees: 0 sigops 400
2025-10-30T15:14:35Z Saw new header hash=6cf0b04c34c0e12ac54fafbf825706173b793d03a731ddbf14f82b42694e1d9d height=256
2025-10-30T15:14:35Z UpdateTip: new best=6cf0b04c34c0e12ac54fafbf825706173b793d03a731ddbf14f82b42694e1d9d height=256 version=0x30000000 log2_work=9.005625 tx=257 date='2025-10-30T15:14:35Z' progress=1.000000 cache=0.3MiB(256txo)
2025-10-30T15:14:56Z CreateNewBlock(): block weight: 892 txs: 0 fees: 0 sigops 400
2025-10-30T15:14:56Z Saw new header hash=68a8e6de1d040f2f37b7853ecc5b0d9cbe411426d2e0be8cf966ed0d00ab42bc height=257
2025-10-30T15:14:56Z UpdateTip: new best=68a8e6de1d040f2f37b7853ecc5b0d9cbe411426d2e0be8cf966ed0d00ab42bc height=257 version=0x30000000 log2_work=9.011227 tx=258 date='2025-10-30T15:14:56Z' progress=1.000000 cache=0.3MiB(257txo)
2025-10-30T15:15:06Z CreateNewBlock(): block weight: 892 txs: 0 fees: 0 sigops 400
2025-10-30T15:15:06Z Saw new header hash=0170dc47822babcfb45056870372dbb13ff8a49bc8b26a8f39deea1ddda73a15 height=258
2025-10-30T15:15:06Z UpdateTip: new best=0170dc47822babcfb45056870372dbb13ff8a49bc8b26a8f39deea1ddda73a15 height=258 version=0x30000000 log2_work=9.016808 tx=259 date='2025-10-30T15:15:06Z' progress=1.000000 cache=0.3MiB(258txo)
2025-10-30T15:15:16Z CreateNewBlock(): block weight: 892 txs: 0 fees: 0 sigops 400
2025-10-30T15:15:16Z Saw new header hash=5804fc1401a0b6c25492933a375eb65cce8b8dbb8860355e9dafeea3920d476e height=259
2025-10-30T15:15:16Z UpdateTip: new best=5804fc1401a0b6c25492933a375eb65cce8b8dbb8860355e9dafeea3920d476e height=259 version=0x30000000 log2_work=9.022368 tx=260 date='2025-10-30T15:15:16Z' progress=1.000000 cache=0.3MiB(259txo)
2025-10-30T15:15:26Z CreateNewBlock(): block weight: 892 txs: 0 fees: 0 sigops 400
2025-10-30T15:15:26Z Saw new header hash=4405a02a04df02dbdb4af30e678ee66b060c9ddb2aa8163237b6b83d2e4a778e height=260
2025-10-30T15:15:26Z UpdateTip: new best=4405a02a04df02dbdb4af30e678ee66b060c9ddb2aa8163237b6b83d2e4a778e height=260 version=0x30000000 log2_work=9.027906 tx=261 date='2025-10-30T15:15:26Z' progress=1.000000 cache=0.3MiB(260txo)
2025-10-30T15:15:47Z CreateNewBlock(): block weight: 892 txs: 0 fees: 0 sigops 400
2025-10-30T15:15:47Z Saw new header hash=4c9ffa8fbb0fb423c16ccf2084fedbc5cf3594b1c7d2bae95275091bd19e8934 height=261
2025-10-30T15:15:47Z UpdateTip: new best=4c9ffa8fbb0fb423c16ccf2084fedbc5cf3594b1c7d2bae95275091bd19e8934 height=261 version=0x30000000 log2_work=9.033423 tx=262 date='2025-10-30T15:15:47Z' progress=1.000000 cache=0.3MiB(261txo)
2025-10-30T15:16:14Z CreateNewBlock(): block weight: 892 txs: 0 fees: 0 sigops 400
2025-10-30T15:16:14Z Saw new header hash=5b4b5dae3abcd35c7e09e9973720657f30785fd44353478ab8f3e3041d46cd58 height=262
2025-10-30T15:16:14Z UpdateTip: new best=5b4b5dae3abcd35c7e09e9973720657f30785fd44353478ab8f3e3041d46cd58 height=262 version=0x30000000 log2_work=9.038919 tx=263 date='2025-10-30T15:16:14Z' progress=1.000000 cache=0.3MiB(262txo)
2025-10-30T15:16:25Z CreateNewBlock(): block weight: 892 txs: 0 fees: 0 sigops 400
2025-10-30T15:16:25Z Saw new header hash=6414a254c425333b0f67a628ab76ba083cbe98fddd93a151af641992ef091672 height=263
2025-10-30T15:16:25Z UpdateTip: new best=6414a254c425333b0f67a628ab76ba083cbe98fddd93a151af641992ef091672 height=263 version=0x30000000 log2_work=9.044394 tx=264 date='2025-10-30T15:16:25Z' progress=1.000000 cache=0.3MiB(263txo)
2025-10-30T15:16:41Z CreateNewBlock(): block weight: 892 txs: 0 fees: 0 sigops 400
2025-10-30T15:16:41Z Saw new header hash=63074cfd9ad7ad42d42d43e0e00d91c521f421e3c5fb5c79c1bafd35db4f9893 height=264
2025-10-30T15:16:41Z UpdateTip: new best=63074cfd9ad7ad42d42d43e0e00d91c521f421e3c5fb5c79c1bafd35db4f9893 height=264 version=0x30000000 log2_work=9.049849 tx=265 date='2025-10-30T15:16:41Z' progress=1.000000 cache=0.3MiB(264txo)
2025-10-30T15:16:52Z CreateNewBlock(): block weight: 892 txs: 0 fees: 0 sigops 400
2025-10-30T15:16:52Z Saw new header hash=4a8a266f64050491e180a4ce89ff2258f7befb6ee447c65c1e527af5805110d0 height=265
2025-10-30T15:16:52Z UpdateTip: new best=4a8a266f64050491e180a4ce89ff2258f7befb6ee447c65c1e527af5805110d0 height=265 version=0x30000000 log2_work=9.055282 tx=266 date='2025-10-30T15:16:52Z' progress=1.000000 cache=0.3MiB(265txo)
2025-10-30T15:16:57Z CreateNewBlock(): block weight: 892 txs: 0 fees: 0 sigops 400
2025-10-30T15:16:57Z Saw new header hash=25ba40c6083e95b7ff1d8e034b4ed1fda04983fd63b0d3a9913df278caa75fa3 height=266
2025-10-30T15:16:57Z UpdateTip: new best=25ba40c6083e95b7ff1d8e034b4ed1fda04983fd63b0d3a9913df278caa75fa3 height=266 version=0x30000000 log2_work=9.060696 tx=267 date='2025-10-30T15:16:57Z' progress=1.000000 cache=0.3MiB(266txo)
2025-10-30T15:17:36Z CreateNewBlock(): block weight: 892 txs: 0 fees: 0 sigops 400
2025-10-30T15:17:36Z Saw new header hash=399f720101cc20d044498d16d032f4e2fcc87c9ae3b1a5b2d31b8604b5aab947 height=267
2025-10-30T15:17:36Z UpdateTip: new best=399f720101cc20d044498d16d032f4e2fcc87c9ae3b1a5b2d31b8604b5aab947 height=267 version=0x30000000 log2_work=9.066089 tx=268 date='2025-10-30T15:17:36Z' progress=1.000000 cache=0.3MiB(267txo)
2025-10-30T15:17:52Z CreateNewBlock(): block weight: 892 txs: 0 fees: 0 sigops 400
2025-10-30T15:17:52Z Saw new header hash=0ac78339697110e03492eb51210d884a5846d4d79445d2ae2ac1cd4b2a1773f0 height=268
2025-10-30T15:17:52Z UpdateTip: new best=0ac78339697110e03492eb51210d884a5846d4d79445d2ae2ac1cd4b2a1773f0 height=268 version=0x30000000 log2_work=9.071462 tx=269 date='2025-10-30T15:17:52Z' progress=1.000000 cache=0.3MiB(268txo)
2025-10-30T15:17:57Z CreateNewBlock(): block weight: 892 txs: 0 fees: 0 sigops 400
2025-10-30T15:17:57Z Saw new header hash=63eb7b8860e0de42f2817ef60e9f21f29b97e0ae66b187c45f6710df6fd68889 height=269
2025-10-30T15:17:57Z UpdateTip: new best=63eb7b8860e0de42f2817ef60e9f21f29b97e0ae66b187c45f6710df6fd68889 height=269 version=0x30000000 log2_work=9.076816 tx=270 date='2025-10-30T15:17:57Z' progress=1.000000 cache=0.3MiB(269txo)
2025-10-30T15:18:03Z CreateNewBlock(): block weight: 892 txs: 0 fees: 0 sigops 400
2025-10-30T15:18:03Z Saw new header hash=62f23c6b0e5f1728573fa2fda6abae9bc2a93adc78180f31a9038f2058f26e23 height=270
2025-10-30T15:18:03Z UpdateTip: new best=62f23c6b0e5f1728573fa2fda6abae9bc2a93adc78180f31a9038f2058f26e23 height=270 version=0x30000000 log2_work=9.082149 tx=271 date='2025-10-30T15:18:03Z' progress=1.000000 cache=0.3MiB(270txo)
2025-10-30T15:18:08Z CreateNewBlock(): block weight: 892 txs: 0 fees: 0 sigops 400
2025-10-30T15:18:08Z Saw new header hash=6a37d79226e478511d221278a0c5bca951c13836a074ff4226d701b8642476ae height=271
2025-10-30T15:18:08Z UpdateTip: new best=6a37d79226e478511d221278a0c5bca951c13836a074ff4226d701b8642476ae height=271 version=0x30000000 log2_work=9.087463 tx=272 date='2025-10-30T15:18:08Z' progress=1.000000 cache=0.3MiB(271txo)
2025-10-30T15:18:14Z CreateNewBlock(): block weight: 892 txs: 0 fees: 0 sigops 400
2025-10-30T15:18:14Z Saw new header hash=251129064fa50b274e9b54de3e45c914766041df7525832fcb4fa254dd32ea99 height=272
2025-10-30T15:18:14Z UpdateTip: new best=251129064fa50b274e9b54de3e45c914766041df7525832fcb4fa254dd32ea99 height=272 version=0x30000000 log2_work=9.092757 tx=273 date='2025-10-30T15:18:14Z' progress=1.000000 cache=0.3MiB(272txo)
2025-10-30T15:18:19Z CreateNewBlock(): block weight: 892 txs: 0 fees: 0 sigops 400
2025-10-30T15:18:19Z Saw new header hash=41da4c0f75eb0187de72068dc74fadfb5ea350fa9eb1a0e3e5a0627c5f98c109 height=273
2025-10-30T15:18:19Z UpdateTip: new best=41da4c0f75eb0187de72068dc74fadfb5ea350fa9eb1a0e3e5a0627c5f98c109 height=273 version=0x30000000 log2_work=9.098032 tx=274 date='2025-10-30T15:18:19Z' progress=1.000000 cache=0.3MiB(273txo)
2025-10-30T15:18:30Z CreateNewBlock(): block weight: 892 txs: 0 fees: 0 sigops 400
2025-10-30T15:18:30Z Saw new header hash=32f34925f823e34cb8eae0702ae19187e05e689acbf2be4a7178923ce1c2410e height=274
2025-10-30T15:18:30Z UpdateTip: new best=32f34925f823e34cb8eae0702ae19187e05e689acbf2be4a7178923ce1c2410e height=274 version=0x30000000 log2_work=9.103288 tx=275 date='2025-10-30T15:18:30Z' progress=1.000000 cache=0.3MiB(274txo)
2025-10-30T15:18:41Z CreateNewBlock(): block weight: 892 txs: 0 fees: 0 sigops 400
2025-10-30T15:18:41Z Saw new header hash=4aab9b256a8811667bef90faefeb41706cfae53aeb5e5e932e634ae8b9f96fb9 height=275
2025-10-30T15:18:41Z UpdateTip: new best=4aab9b256a8811667bef90faefeb41706cfae53aeb5e5e932e634ae8b9f96fb9 height=275 version=0x30000000 log2_work=9.108524 tx=276 date='2025-10-30T15:18:41Z' progress=1.000000 cache=0.3MiB(275txo)
2025-10-30T15:18:47Z CreateNewBlock(): block weight: 892 txs: 0 fees: 0 sigops 400
2025-10-30T15:18:47Z Saw new header hash=1553ac06cbe39c047c35601eb6f89f1b56dd1c22d80460dee22d878dbe90fdb4 height=276
2025-10-30T15:18:47Z UpdateTip: new best=1553ac06cbe39c047c35601eb6f89f1b56dd1c22d80460dee22d878dbe90fdb4 height=276 version=0x30000000 log2_work=9.113742 tx=277 date='2025-10-30T15:18:47Z' progress=1.000000 cache=0.3MiB(276txo)
2025-10-30T15:18:52Z CreateNewBlock(): block weight: 892 txs: 0 fees: 0 sigops 400
2025-10-30T15:18:52Z Saw new header hash=3b4e2322dad28b1ab0794cff2a4b091777eb5232836e08da4adba5e09fbd5c70 height=277
2025-10-30T15:18:52Z UpdateTip: new best=3b4e2322dad28b1ab0794cff2a4b091777eb5232836e08da4adba5e09fbd5c70 height=277 version=0x30000000 log2_work=9.118941 tx=278 date='2025-10-30T15:18:52Z' progress=1.000000 cache=0.3MiB(277txo)
2025-10-30T15:18:58Z CreateNewBlock(): block weight: 892 txs: 0 fees: 0 sigops 400
2025-10-30T15:18:58Z Saw new header hash=3d823d49b2beaebbc2109810a39e6a526d1c8788ebe90679e63bb7b1d97198b1 height=278
2025-10-30T15:18:58Z UpdateTip: new best=3d823d49b2beaebbc2109810a39e6a526d1c8788ebe90679e63bb7b1d97198b1 height=278 version=0x30000000 log2_work=9.124121 tx=279 date='2025-10-30T15:18:58Z' progress=1.000000 cache=0.3MiB(278txo)
2025-10-30T15:19:03Z CreateNewBlock(): block weight: 892 txs: 0 fees: 0 sigops 400
2025-10-30T15:19:03Z Saw new header hash=4db735a2d4ad32fc920e965eec2b8a031c2c502e981d5f3e9f32798d514fc4e8 height=279
2025-10-30T15:19:03Z UpdateTip: new best=4db735a2d4ad32fc920e965eec2b8a031c2c502e981d5f3e9f32798d514fc4e8 height=279 version=0x30000000 log2_work=9.129283 tx=280 date='2025-10-30T15:19:03Z' progress=1.000000 cache=0.3MiB(279txo)
2025-10-30T15:19:14Z CreateNewBlock(): block weight: 892 txs: 0 fees: 0 sigops 400
2025-10-30T15:19:14Z Saw new header hash=1b8b38851f85ee85f8e8c1ca85984659035a95ac6605b4904335da580f48bec0 height=280
2025-10-30T15:19:14Z UpdateTip: new best=1b8b38851f85ee85f8e8c1ca85984659035a95ac6605b4904335da580f48bec0 height=280 version=0x30000000 log2_work=9.134426 tx=281 date='2025-10-30T15:19:14Z' progress=1.000000 cache=0.3MiB(280txo)
2025-10-30T15:19:25Z CreateNewBlock(): block weight: 892 txs: 0 fees: 0 sigops 400
2025-10-30T15:19:25Z Saw new header hash=4ac46929d64d0b276b1dbdcee1504a05638954442356115d18577721aeb8a1e2 height=281
2025-10-30T15:19:25Z UpdateTip: new best=4ac46929d64d0b276b1dbdcee1504a05638954442356115d18577721aeb8a1e2 height=281 version=0x30000000 log2_work=9.139551 tx=282 date='2025-10-30T15:19:25Z' progress=1.000000 cache=0.3MiB(281txo)
2025-10-30T15:19:35Z CreateNewBlock(): block weight: 892 txs: 0 fees: 0 sigops 400
2025-10-30T15:19:35Z Saw new header hash=62fccde6172fb6276c4c3688a39d496aeef1d7d7cc8544fd7c71f475eb2b63e8 height=282
2025-10-30T15:19:35Z UpdateTip: new best=62fccde6172fb6276c4c3688a39d496aeef1d7d7cc8544fd7c71f475eb2b63e8 height=282 version=0x30000000 log2_work=9.144658 tx=283 date='2025-10-30T15:19:35Z' progress=1.000000 cache=0.3MiB(282txo)
2025-10-30T15:19:40Z CreateNewBlock(): block weight: 892 txs: 0 fees: 0 sigops 400
2025-10-30T15:19:40Z Saw new header hash=4951e06873f39d9a4dc553c140844d0d9a62e93179ffacb5e42e51917a405f5c height=283
2025-10-30T15:19:40Z UpdateTip: new best=4951e06873f39d9a4dc553c140844d0d9a62e93179ffacb5e42e51917a405f5c height=283 version=0x30000000 log2_work=9.149747 tx=284 date='2025-10-30T15:19:40Z' progress=1.000000 cache=0.3MiB(283txo)
2025-10-30T15:19:46Z CreateNewBlock(): block weight: 892 txs: 0 fees: 0 sigops 400
2025-10-30T15:19:46Z Saw new header hash=2b5fccc7afbd83aaf06e5a3eac244733863c16a5e5d4222bc53b25db16b2b83b height=284
2025-10-30T15:19:46Z UpdateTip: new best=2b5fccc7afbd83aaf06e5a3eac244733863c16a5e5d4222bc53b25db16b2b83b height=284 version=0x30000000 log2_work=9.154818 tx=285 date='2025-10-30T15:19:46Z' progress=1.000000 cache=0.3MiB(284txo)
2025-10-30T15:19:51Z CreateNewBlock(): block weight: 892 txs: 0 fees: 0 sigops 400
2025-10-30T15:19:51Z Saw new header hash=0ef9ea6649e3b8ef1f5a564f95ba6fd7076682ed67be7bd1bd58be5094e71b99 height=285
2025-10-30T15:19:51Z UpdateTip: new best=0ef9ea6649e3b8ef1f5a564f95ba6fd7076682ed67be7bd1bd58be5094e71b99 height=285 version=0x30000000 log2_work=9.159871 tx=286 date='2025-10-30T15:19:51Z' progress=1.000000 cache=0.3MiB(285txo)
2025-10-30T15:20:12Z CreateNewBlock(): block weight: 892 txs: 0 fees: 0 sigops 400
2025-10-30T15:20:12Z Saw new header hash=07335049c2fc5f3204aee7bfa7a35425567fbd477305e27c042c846619af5e61 height=286
2025-10-30T15:20:12Z UpdateTip: new best=07335049c2fc5f3204aee7bfa7a35425567fbd477305e27c042c846619af5e61 height=286 version=0x30000000 log2_work=9.164907 tx=287 date='2025-10-30T15:20:12Z' progress=1.000000 cache=0.3MiB(286txo)
2025-10-30T15:20:23Z CreateNewBlock(): block weight: 892 txs: 0 fees: 0 sigops 400
2025-10-30T15:20:23Z Saw new header hash=223d484c9ef8f06dbae1bb8c42095e4e022894b66a1b2e6438d48a18eb949cef height=287
2025-10-30T15:20:23Z UpdateTip: new best=223d484c9ef8f06dbae1bb8c42095e4e022894b66a1b2e6438d48a18eb949cef height=287 version=0x30000000 log2_work=9.169925 tx=288 date='2025-10-30T15:20:23Z' progress=1.000000 cache=0.3MiB(287txo)
2025-10-30T15:20:29Z CreateNewBlock(): block weight: 892 txs: 0 fees: 0 sigops 400
2025-10-30T15:20:29Z Saw new header hash=0d94fbe73732ca81b9cfb044002d7470cc5ef872db026f43271a035ece4431db height=288
2025-10-30T15:20:29Z UpdateTip: new best=0d94fbe73732ca81b9cfb044002d7470cc5ef872db026f43271a035ece4431db height=288 version=0x30000000 log2_work=9.174926 tx=289 date='2025-10-30T15:20:29Z' progress=1.000000 cache=0.3MiB(288txo)
2025-10-30T15:20:39Z CreateNewBlock(): block weight: 892 txs: 0 fees: 0 sigops 400
2025-10-30T15:20:39Z Saw new header hash=79cc57eabcb1ed301165f68aca996c72c0b7e452c0c523c4e9987d28d093ebfa height=289
2025-10-30T15:20:39Z UpdateTip: new best=79cc57eabcb1ed301165f68aca996c72c0b7e452c0c523c4e9987d28d093ebfa height=289 version=0x30000000 log2_work=9.179909 tx=290 date='2025-10-30T15:20:39Z' progress=1.000000 cache=0.3MiB(289txo)
2025-10-30T15:21:10Z CreateNewBlock(): block weight: 892 txs: 0 fees: 0 sigops 400
2025-10-30T15:21:10Z Saw new header hash=02b4d0d9283426f64ff0803c92df1467965a91ea9313e5609a6f8b16e9fb03bd height=290
2025-10-30T15:21:10Z UpdateTip: new best=02b4d0d9283426f64ff0803c92df1467965a91ea9313e5609a6f8b16e9fb03bd height=290 version=0x30000000 log2_work=9.184875 tx=291 date='2025-10-30T15:21:10Z' progress=1.000000 cache=0.3MiB(290txo)
2025-10-30T15:21:30Z CreateNewBlock(): block weight: 892 txs: 0 fees: 0 sigops 400
2025-10-30T15:21:30Z Saw new header hash=753cad0370da8fdc41f5cdd8d616f43c808e2b5436ed4d54505989fc7ea6a854 height=291
2025-10-30T15:21:30Z UpdateTip: new best=753cad0370da8fdc41f5cdd8d616f43c808e2b5436ed4d54505989fc7ea6a854 height=291 version=0x30000000 log2_work=9.189825 tx=292 date='2025-10-30T15:21:30Z' progress=1.000000 cache=0.3MiB(291txo)
