2025-11-02T11:52:03Z Warning: reindex=1 is set in the configuration file, which will significantly slow down startup. Consider removing or commenting out this option for better performance, unless there is currently a condition which makes rebuilding the indexes necessary
2025-11-02T11:52:03Z Bitcoin Core version v27.0.0 (release build)
2025-11-02T11:52:03Z Script verification uses 7 additional threads
2025-11-02T11:52:03Z Using the 'arm_shani(1way,2way)' SHA256 implementation
2025-11-02T11:52:03Z Default data directory /home/bitcoin/.bitcoin
2025-11-02T11:52:03Z Using data directory /home/bitcoin/.bitcoin/regtest
2025-11-02T11:52:03Z Config file: /home/bitcoin/.bitcoin/bitcoin.conf
2025-11-02T11:52:03Z Config file arg: [regtest] fallbackfee="0.0002"
2025-11-02T11:52:03Z Config file arg: [regtest] maxmempool="500"
2025-11-02T11:52:03Z Config file arg: [regtest] reindex="1"
2025-11-02T11:52:03Z Config file arg: [regtest] rpcallowip="0.0.0.0/0"
2025-11-02T11:52:03Z Config file arg: [regtest] rpcbind="0.0.0.0"
2025-11-02T11:52:03Z Config file arg: [regtest] rpcpassword=****
2025-11-02T11:52:03Z Config file arg: [regtest] rpcuser=****
2025-11-02T11:52:03Z Config file arg: [regtest] server="1"
2025-11-02T11:52:03Z Command-line arg: connect="node58:18444"
2025-11-02T11:52:03Z Command-line arg: connect="node60:18444"
2025-11-02T11:52:03Z Command-line arg: datadir="/home/bitcoin/.bitcoin"
2025-11-02T11:52:03Z Command-line arg: discover="1"
2025-11-02T11:52:03Z Command-line arg: dnsseed="0"
2025-11-02T11:52:03Z Command-line arg: listen="1"
2025-11-02T11:52:03Z Command-line arg: maxconnections="64"
2025-11-02T11:52:03Z Command-line arg: printtoconsole="1"
2025-11-02T11:52:03Z Command-line arg: regtest="1"
2025-11-02T11:52:03Z Command-line arg: rpcallowip="0.0.0.0/0"
2025-11-02T11:52:03Z Command-line arg: rpcbind="0.0.0.0"
2025-11-02T11:52:03Z Command-line arg: rpcpassword=****
2025-11-02T11:52:03Z Command-line arg: rpcuser=****
2025-11-02T11:52:03Z Command-line arg: server="1"
2025-11-02T11:52:03Z Command-line arg: txindex="1"
2025-11-02T11:52:03Z Command-line arg: zmqpubhashblock="tcp://0.0.0.0:28332"
2025-11-02T11:52:03Z Command-line arg: zmqpubhashtx="tcp://0.0.0.0:28333"
2025-11-02T11:52:03Z Using at most 64 automatic connections (1048576 file descriptors available)
2025-11-02T11:52:03Z Using 16 MiB out of 16 MiB requested for signature cache, able to store 524288 elements
2025-11-02T11:52:03Z Using 16 MiB out of 16 MiB requested for script execution cache, able to store 524288 elements
2025-11-02T11:52:03Z scheduler thread start
2025-11-02T11:52:03Z Binding RPC on address 0.0.0.0 port 18443
2025-11-02T11:52:03Z WARNING: the RPC server is not safe to expose to untrusted networks such as the public internet
2025-11-02T11:52:03Z Binding RPC on address 0.0.0.0 port 18443
2025-11-02T11:52:03Z Binding RPC on address 0.0.0.0 port 18443 failed.
2025-11-02T11:52:03Z Config options rpcuser and rpcpassword will soon be deprecated. Locally-run instances may remove rpcuser to use cookie-based auth, or may be replaced with rpcauth. Please see share/rpcauth for rpcauth auth generation.
2025-11-02T11:52:03Z Starting HTTP server with 4 worker threads
2025-11-02T11:52:03Z Using wallet directory /home/bitcoin/.bitcoin/regtest/wallets
2025-11-02T11:52:03Z init message: Verifying wallet(s)…
2025-11-02T11:52:03Z Using /16 prefix for IP bucketing
2025-11-02T11:52:03Z init message: Loading P2P addresses…
2025-11-02T11:52:03Z Creating peers.dat because the file was not found ("/home/bitcoin/.bitcoin/regtest/peers.dat")
2025-11-02T11:52:03Z init message: Loading banlist…
2025-11-02T11:52:03Z Recreating the banlist database
2025-11-02T11:52:03Z SetNetworkActive: true
2025-11-02T11:52:03Z /home/bitcoin/.bitcoin/regtest/fee_estimates.dat is not found. Continue anyway.
2025-11-02T11:52:03Z Script verification uses 7 additional threads
2025-11-02T11:52:03Z Cache configuration:
2025-11-02T11:52:03Z * Using 2.0 MiB for block index database
2025-11-02T11:52:03Z * Using 56.0 MiB for transaction index database
2025-11-02T11:52:03Z * Using 8.0 MiB for chain state database
2025-11-02T11:52:03Z * Using 384.0 MiB for in-memory UTXO set (plus up to 476.8 MiB of unused mempool space)
2025-11-02T11:52:03Z init message: Loading block index…
2025-11-02T11:52:03Z Validating signatures for all blocks.
2025-11-02T11:52:03Z Setting nMinimumChainWork=0000000000000000000000000000000000000000000000000000000000000000
2025-11-02T11:52:03Z Wiping LevelDB in /home/bitcoin/.bitcoin/regtest/blocks/index
2025-11-02T11:52:03Z Opening LevelDB in /home/bitcoin/.bitcoin/regtest/blocks/index
2025-11-02T11:52:03Z Opened LevelDB successfully
2025-11-02T11:52:03Z Using obfuscation key for /home/bitcoin/.bitcoin/regtest/blocks/index: 0000000000000000
2025-11-02T11:52:03Z Initializing databases...
2025-11-02T11:52:03Z Initializing chainstate Chainstate [ibd] @ height -1 (null)
2025-11-02T11:52:03Z Wiping LevelDB in /home/bitcoin/.bitcoin/regtest/chainstate
2025-11-02T11:52:03Z Opening LevelDB in /home/bitcoin/.bitcoin/regtest/chainstate
2025-11-02T11:52:03Z Opened LevelDB successfully
2025-11-02T11:52:03Z Wrote new obfuscate key for /home/bitcoin/.bitcoin/regtest/chainstate: b2b005a708a3419f
2025-11-02T11:52:03Z Using obfuscation key for /home/bitcoin/.bitcoin/regtest/chainstate: b2b005a708a3419f
2025-11-02T11:52:03Z Opening LevelDB in /home/bitcoin/.bitcoin/regtest/chainstate
2025-11-02T11:52:03Z Opened LevelDB successfully
2025-11-02T11:52:03Z Using obfuscation key for /home/bitcoin/.bitcoin/regtest/chainstate: b2b005a708a3419f
2025-11-02T11:52:03Z [Chainstate [ibd] @ height -1 (null)] resized coinsdb cache to 8.0 MiB
2025-11-02T11:52:03Z [Chainstate [ibd] @ height -1 (null)] resized coinstip cache to 384.0 MiB
2025-11-02T11:52:03Z init message: Verifying blocks…
2025-11-02T11:52:03Z  block index              29ms
2025-11-02T11:52:03Z Wiping LevelDB in /home/bitcoin/.bitcoin/regtest/indexes/txindex
2025-11-02T11:52:03Z Opening LevelDB in /home/bitcoin/.bitcoin/regtest/indexes/txindex
2025-11-02T11:52:03Z Opened LevelDB successfully
2025-11-02T11:52:03Z Using obfuscation key for /home/bitcoin/.bitcoin/regtest/indexes/txindex: 0000000000000000
2025-11-02T11:52:03Z Setting NODE_NETWORK on non-prune mode
2025-11-02T11:52:03Z initload thread start
2025-11-02T11:52:03Z Reindexing finished
2025-11-02T11:52:03Z UpdateTip: new best=0f9188f13cb7b2c71f2a335e3a4fc328bf5beb436012afca590b1a11466e2206 height=0 version=0x00000001 log2_work=1.000000 tx=1 date='2011-02-02T23:16:42Z' progress=1.000000 cache=0.3MiB(0txo)
2025-11-02T11:52:03Z Failed to open mempool file from disk. Continuing anyway.
2025-11-02T11:52:03Z initload thread exit
2025-11-02T11:52:03Z txindex thread start
2025-11-02T11:52:03Z txindex is enabled
2025-11-02T11:52:03Z txindex thread exit
2025-11-02T11:52:03Z block tree size = 1
2025-11-02T11:52:03Z nBestHeight = 0
2025-11-02T11:52:03Z Bound to 127.0.0.1:18445
2025-11-02T11:52:03Z Bound to [::]:18444
2025-11-02T11:52:03Z Bound to 0.0.0.0:18444
2025-11-02T11:52:03Z init message: Starting network threads…
2025-11-02T11:52:03Z torcontrol thread start
2025-11-02T11:52:03Z DNS seeding disabled
2025-11-02T11:52:03Z init message: Done loading
2025-11-02T11:52:03Z addcon thread start
2025-11-02T11:52:03Z net thread start
2025-11-02T11:52:03Z msghand thread start
2025-11-02T11:52:03Z opencon thread start
2025-11-02T11:52:03Z connect() to 172.19.0.53:18444 failed after wait: Connection refused (111)
2025-11-02T11:52:03Z New manual v2 peer connected: version: 70016, blocks=0, peer=0
2025-11-02T11:52:03Z New manual v2 peer connected: version: 70016, blocks=0, peer=2
2025-11-02T11:52:11Z Synchronizing blockheaders, height: 3 (~100.00%)
2025-11-02T11:52:11Z Synchronizing blockheaders, height: 4 (~100.00%)
2025-11-02T11:52:11Z Leaving InitialBlockDownload (latching to false)
2025-11-02T11:52:11Z UpdateTip: new best=70caa55c41232afe71570b1d3e6b252f5023870367c271fe276b5fe77cd880c4 height=1 version=0x20000000 log2_work=2.000000 tx=2 date='2025-11-02T11:52:10Z' progress=1.000000 cache=0.3MiB(1txo)
2025-11-02T11:52:11Z Saw new header hash=7246a6173bcd20d0bf4f8a055d6be63b8560889739bc3958b75f75f6f7034f2d height=5
2025-11-02T11:52:11Z Saw new header hash=6097379fc16ebdc3489930930e5a1888649b72db6c7731a8f471b436dc1c6339 height=6
2025-11-02T11:52:11Z UpdateTip: new best=61d2c5fa93ae53575971ca6ac7d8925c6306589fe98c4108163d8a59080d5a6a height=2 version=0x20000000 log2_work=2.584963 tx=3 date='2025-11-02T11:52:11Z' progress=1.000000 cache=0.3MiB(2txo)
2025-11-02T11:52:11Z UpdateTip: new best=4d8d66f2cf3908c516592213b8585ee06955c704c4e28467ae25e875759b9514 height=3 version=0x20000000 log2_work=3.000000 tx=4 date='2025-11-02T11:52:11Z' progress=1.000000 cache=0.3MiB(3txo)
2025-11-02T11:52:11Z UpdateTip: new best=7ba0cf88b91a2c69baa8efe006d9a49d0a1aa3fd4682eff861734c5a91c1cbc9 height=4 version=0x20000000 log2_work=3.321928 tx=5 date='2025-11-02T11:52:12Z' progress=1.000000 cache=0.3MiB(4txo)
2025-11-02T11:52:11Z UpdateTip: new best=7246a6173bcd20d0bf4f8a055d6be63b8560889739bc3958b75f75f6f7034f2d height=5 version=0x20000000 log2_work=3.584963 tx=6 date='2025-11-02T11:52:12Z' progress=1.000000 cache=0.3MiB(5txo)
2025-11-02T11:52:11Z Saw new header hash=5be78ca388948e8e0aee73356c023e245b0541b03e2ba151a3e3cad58041db53 height=7
2025-11-02T11:52:11Z Saw new header hash=78ec25e08e4ae1325d6d0659405b602af7c740bb7ca2a053464103f49968307c height=8
2025-11-02T11:52:11Z UpdateTip: new best=6097379fc16ebdc3489930930e5a1888649b72db6c7731a8f471b436dc1c6339 height=6 version=0x20000000 log2_work=3.807355 tx=7 date='2025-11-02T11:52:12Z' progress=1.000000 cache=0.3MiB(6txo)
2025-11-02T11:52:11Z Saw new header hash=32e516025d1ab944cdc7496d832205da9b32f9b8bc950bd96ec2356670f68b09 height=9
2025-11-02T11:52:11Z UpdateTip: new best=5be78ca388948e8e0aee73356c023e245b0541b03e2ba151a3e3cad58041db53 height=7 version=0x20000000 log2_work=4.000000 tx=8 date='2025-11-02T11:52:12Z' progress=1.000000 cache=0.3MiB(7txo)
2025-11-02T11:52:11Z UpdateTip: new best=78ec25e08e4ae1325d6d0659405b602af7c740bb7ca2a053464103f49968307c height=8 version=0x20000000 log2_work=4.169925 tx=9 date='2025-11-02T11:52:13Z' progress=1.000000 cache=0.3MiB(8txo)
2025-11-02T11:52:11Z UpdateTip: new best=32e516025d1ab944cdc7496d832205da9b32f9b8bc950bd96ec2356670f68b09 height=9 version=0x20000000 log2_work=4.321928 tx=10 date='2025-11-02T11:52:13Z' progress=1.000000 cache=0.3MiB(9txo)
2025-11-02T11:52:11Z Saw new header hash=0fb66e7cee153c88b9987e7d4a47f869eb95c8fc92832621143a2158436a2c38 height=10
2025-11-02T11:52:11Z UpdateTip: new best=0fb66e7cee153c88b9987e7d4a47f869eb95c8fc92832621143a2158436a2c38 height=10 version=0x20000000 log2_work=4.459432 tx=11 date='2025-11-02T11:52:13Z' progress=1.000000 cache=0.3MiB(10txo)
2025-11-02T11:52:11Z Saw new header hash=4e3a3bf5e370911ecfc3d73a02fae74fcb7302a078f5e571826b54c9732f4be7 height=11
2025-11-02T11:52:11Z Saw new cmpctblock header hash=4e3a3bf5e370911ecfc3d73a02fae74fcb7302a078f5e571826b54c9732f4be7 peer=1
2025-11-02T11:52:11Z UpdateTip: new best=4e3a3bf5e370911ecfc3d73a02fae74fcb7302a078f5e571826b54c9732f4be7 height=11 version=0x20000000 log2_work=4.584963 tx=12 date='2025-11-02T11:52:13Z' progress=1.000000 cache=0.3MiB(11txo)
2025-11-02T11:52:11Z Saw new header hash=3c6474a0e0d4e97c3bbd4a38893cb8a4863050e56fe11e1e03be105ea5abf129 height=12
2025-11-02T11:52:11Z Saw new cmpctblock header hash=3c6474a0e0d4e97c3bbd4a38893cb8a4863050e56fe11e1e03be105ea5abf129 peer=1
2025-11-02T11:52:11Z UpdateTip: new best=3c6474a0e0d4e97c3bbd4a38893cb8a4863050e56fe11e1e03be105ea5abf129 height=12 version=0x20000000 log2_work=4.700440 tx=13 date='2025-11-02T11:52:13Z' progress=1.000000 cache=0.3MiB(12txo)
2025-11-02T11:52:11Z Saw new header hash=425e6b9c27aa67e15b0b331f61a60996cd54e36c2a63d2d0b893261fcd21ac9f height=13
2025-11-02T11:52:11Z Saw new cmpctblock header hash=425e6b9c27aa67e15b0b331f61a60996cd54e36c2a63d2d0b893261fcd21ac9f peer=1
2025-11-02T11:52:11Z UpdateTip: new best=425e6b9c27aa67e15b0b331f61a60996cd54e36c2a63d2d0b893261fcd21ac9f height=13 version=0x20000000 log2_work=4.807355 tx=14 date='2025-11-02T11:52:13Z' progress=1.000000 cache=0.3MiB(13txo)
2025-11-02T11:52:11Z Saw new header hash=2cc0d17a952b1c60c6459f028aea6f5005c87618010a9390b14132fd8bbabef0 height=14
2025-11-02T11:52:11Z Saw new cmpctblock header hash=2cc0d17a952b1c60c6459f028aea6f5005c87618010a9390b14132fd8bbabef0 peer=1
2025-11-02T11:52:11Z UpdateTip: new best=2cc0d17a952b1c60c6459f028aea6f5005c87618010a9390b14132fd8bbabef0 height=14 version=0x20000000 log2_work=4.906891 tx=15 date='2025-11-02T11:52:14Z' progress=1.000000 cache=0.3MiB(14txo)
2025-11-02T11:52:11Z Saw new header hash=6623d5ceb861b811dbf59ee0e9b9002146cb585a4edf32f701bf4f0d4de6b826 height=15
2025-11-02T11:52:11Z Saw new cmpctblock header hash=6623d5ceb861b811dbf59ee0e9b9002146cb585a4edf32f701bf4f0d4de6b826 peer=1
2025-11-02T11:52:11Z UpdateTip: new best=6623d5ceb861b811dbf59ee0e9b9002146cb585a4edf32f701bf4f0d4de6b826 height=15 version=0x20000000 log2_work=5.000000 tx=16 date='2025-11-02T11:52:14Z' progress=1.000000 cache=0.3MiB(15txo)
2025-11-02T11:52:11Z Saw new header hash=15ee1d25dab2112a72bfcf0622b7ff325278a4c48092181c65e656569c30b83f height=16
2025-11-02T11:52:11Z Saw new cmpctblock header hash=15ee1d25dab2112a72bfcf0622b7ff325278a4c48092181c65e656569c30b83f peer=1
2025-11-02T11:52:11Z UpdateTip: new best=15ee1d25dab2112a72bfcf0622b7ff325278a4c48092181c65e656569c30b83f height=16 version=0x20000000 log2_work=5.087463 tx=17 date='2025-11-02T11:52:14Z' progress=1.000000 cache=0.3MiB(16txo)
2025-11-02T11:52:11Z Saw new header hash=3060a7b681a6a72931d6c9ee4f954d5ec80a161d90609afa67cf07e880a23202 height=17
2025-11-02T11:52:11Z Saw new cmpctblock header hash=3060a7b681a6a72931d6c9ee4f954d5ec80a161d90609afa67cf07e880a23202 peer=2
2025-11-02T11:52:11Z UpdateTip: new best=3060a7b681a6a72931d6c9ee4f954d5ec80a161d90609afa67cf07e880a23202 height=17 version=0x20000000 log2_work=5.169925 tx=18 date='2025-11-02T11:52:14Z' progress=1.000000 cache=0.3MiB(17txo)
2025-11-02T11:52:11Z Saw new header hash=2ddf140d8fd18100c1012eeb263e22126893573e65bb58fc0ec634f72a8316f1 height=18
2025-11-02T11:52:11Z Saw new cmpctblock header hash=2ddf140d8fd18100c1012eeb263e22126893573e65bb58fc0ec634f72a8316f1 peer=2
2025-11-02T11:52:11Z UpdateTip: new best=2ddf140d8fd18100c1012eeb263e22126893573e65bb58fc0ec634f72a8316f1 height=18 version=0x20000000 log2_work=5.247928 tx=19 date='2025-11-02T11:52:14Z' progress=1.000000 cache=0.3MiB(18txo)
2025-11-02T11:52:11Z Saw new header hash=3fba1adf88f1cb796aad951b610d5a14bf9a8001a76b1e540cef28ed192ee4b8 height=19
2025-11-02T11:52:11Z Saw new cmpctblock header hash=3fba1adf88f1cb796aad951b610d5a14bf9a8001a76b1e540cef28ed192ee4b8 peer=1
2025-11-02T11:52:11Z UpdateTip: new best=3fba1adf88f1cb796aad951b610d5a14bf9a8001a76b1e540cef28ed192ee4b8 height=19 version=0x20000000 log2_work=5.321928 tx=20 date='2025-11-02T11:52:14Z' progress=1.000000 cache=0.3MiB(19txo)
2025-11-02T11:52:11Z Saw new header hash=04b98757e0705ecdad830e75f817caac13a94de366c6869c0f6c4b132e71ed67 height=20
2025-11-02T11:52:11Z Saw new cmpctblock header hash=04b98757e0705ecdad830e75f817caac13a94de366c6869c0f6c4b132e71ed67 peer=1
2025-11-02T11:52:11Z UpdateTip: new best=04b98757e0705ecdad830e75f817caac13a94de366c6869c0f6c4b132e71ed67 height=20 version=0x20000000 log2_work=5.392317 tx=21 date='2025-11-02T11:52:15Z' progress=1.000000 cache=0.3MiB(20txo)
2025-11-02T11:52:11Z Saw new header hash=42b5554092b1763f579fd1dbc480e6454d56e609fec90959a9244886fbd01a5d height=21
2025-11-02T11:52:11Z Saw new cmpctblock header hash=42b5554092b1763f579fd1dbc480e6454d56e609fec90959a9244886fbd01a5d peer=1
2025-11-02T11:52:11Z UpdateTip: new best=42b5554092b1763f579fd1dbc480e6454d56e609fec90959a9244886fbd01a5d height=21 version=0x20000000 log2_work=5.459432 tx=22 date='2025-11-02T11:52:15Z' progress=1.000000 cache=0.3MiB(21txo)
2025-11-02T11:52:11Z Saw new header hash=16c5da0fc278a37ee01d93edd3d975eca9dbb305f201bd9402a0ac66bfc82247 height=22
2025-11-02T11:52:11Z Saw new cmpctblock header hash=16c5da0fc278a37ee01d93edd3d975eca9dbb305f201bd9402a0ac66bfc82247 peer=2
2025-11-02T11:52:11Z UpdateTip: new best=16c5da0fc278a37ee01d93edd3d975eca9dbb305f201bd9402a0ac66bfc82247 height=22 version=0x20000000 log2_work=5.523562 tx=23 date='2025-11-02T11:52:15Z' progress=1.000000 cache=0.3MiB(22txo)
2025-11-02T11:52:11Z Saw new header hash=5aaedff233b1669c19f542c4a82c925424dd3ddabdbfabbe8a20491b25102d83 height=23
2025-11-02T11:52:11Z Saw new cmpctblock header hash=5aaedff233b1669c19f542c4a82c925424dd3ddabdbfabbe8a20491b25102d83 peer=2
2025-11-02T11:52:11Z UpdateTip: new best=5aaedff233b1669c19f542c4a82c925424dd3ddabdbfabbe8a20491b25102d83 height=23 version=0x20000000 log2_work=5.584963 tx=24 date='2025-11-02T11:52:15Z' progress=1.000000 cache=0.3MiB(23txo)
2025-11-02T11:52:11Z Saw new header hash=63969c85a9fe4d4bccd0a0cbdfda1e9513fe69a00b0c9fa593b773b234457762 height=24
2025-11-02T11:52:11Z Saw new cmpctblock header hash=63969c85a9fe4d4bccd0a0cbdfda1e9513fe69a00b0c9fa593b773b234457762 peer=1
2025-11-02T11:52:11Z UpdateTip: new best=63969c85a9fe4d4bccd0a0cbdfda1e9513fe69a00b0c9fa593b773b234457762 height=24 version=0x20000000 log2_work=5.643856 tx=25 date='2025-11-02T11:52:15Z' progress=1.000000 cache=0.3MiB(24txo)
2025-11-02T11:52:11Z Saw new header hash=02f2dff801552a5e034b4b8810002dbbec26b3161fa2a2b406c7d00ebfc03533 height=25
2025-11-02T11:52:11Z Saw new cmpctblock header hash=02f2dff801552a5e034b4b8810002dbbec26b3161fa2a2b406c7d00ebfc03533 peer=2
2025-11-02T11:52:11Z UpdateTip: new best=02f2dff801552a5e034b4b8810002dbbec26b3161fa2a2b406c7d00ebfc03533 height=25 version=0x20000000 log2_work=5.700440 tx=26 date='2025-11-02T11:52:15Z' progress=1.000000 cache=0.3MiB(25txo)
2025-11-02T11:52:11Z Saw new header hash=3a18a7582ece7b8a0bd77e1bd28f84352eac27d641137d0944aff6341e362b12 height=26
2025-11-02T11:52:11Z Saw new header hash=2aa2a98762ec54d0d1eb7d9725b88c473f5a6deea381b7935222cdeb639c2938 height=27
2025-11-02T11:52:11Z Saw new header hash=17dd81a8403d4bc17f77bd510f229747f2f6011796631c5cc1c8aa388351f2b0 height=28
2025-11-02T11:52:11Z Saw new header hash=46e7f917e18ef7a09658b2b3eb2b668a5bc35ea4ef2ad6590863d6d524cbc8d1 height=29
2025-11-02T11:52:11Z UpdateTip: new best=3a18a7582ece7b8a0bd77e1bd28f84352eac27d641137d0944aff6341e362b12 height=26 version=0x20000000 log2_work=5.754888 tx=27 date='2025-11-02T11:52:16Z' progress=1.000000 cache=0.3MiB(26txo)
2025-11-02T11:52:11Z Saw new header hash=20cf50ff586ee571c126c86d6e185851ce11b093bc087886a678784ea66bcc0f height=30
2025-11-02T11:52:11Z Saw new header hash=06435b114c11fba5c99c5508bf1cf6ad726c0fdd9956ce05631282d282090cf8 height=31
2025-11-02T11:52:11Z UpdateTip: new best=2aa2a98762ec54d0d1eb7d9725b88c473f5a6deea381b7935222cdeb639c2938 height=27 version=0x20000000 log2_work=5.807355 tx=28 date='2025-11-02T11:52:16Z' progress=1.000000 cache=0.3MiB(27txo)
2025-11-02T11:52:11Z UpdateTip: new best=17dd81a8403d4bc17f77bd510f229747f2f6011796631c5cc1c8aa388351f2b0 height=28 version=0x20000000 log2_work=5.857981 tx=29 date='2025-11-02T11:52:16Z' progress=1.000000 cache=0.3MiB(28txo)
2025-11-02T11:52:11Z UpdateTip: new best=46e7f917e18ef7a09658b2b3eb2b668a5bc35ea4ef2ad6590863d6d524cbc8d1 height=29 version=0x20000000 log2_work=5.906891 tx=30 date='2025-11-02T11:52:16Z' progress=1.000000 cache=0.3MiB(29txo)
2025-11-02T11:52:11Z UpdateTip: new best=20cf50ff586ee571c126c86d6e185851ce11b093bc087886a678784ea66bcc0f height=30 version=0x20000000 log2_work=5.954196 tx=31 date='2025-11-02T11:52:16Z' progress=1.000000 cache=0.3MiB(30txo)
2025-11-02T11:52:11Z Saw new header hash=3cb4626e07af0b47463f5068efff1b403715df2d908b78593a2d1acc7ab10384 height=32
2025-11-02T11:52:11Z Saw new header hash=6de1324544d975d3288a6382bcb3c66827615ae8c23a11c3804c8d8b5f42d8db height=33
2025-11-02T11:52:11Z Saw new header hash=0b1b98828c1650fb7cf75c3571945babbebddd8f7db4eab9bcd692fff8a1efc7 height=34
2025-11-02T11:52:11Z Saw new header hash=4621bd42606d6d840d742bf453ede5cd5f64f31aa38c037eff522444640d7ceb height=35
2025-11-02T11:52:11Z Saw new header hash=0b54ed5c18386314c1ee42f2de05536f6d982d70dfcf5b92ea99852d1c64a174 height=36
2025-11-02T11:52:11Z Saw new header hash=761d80d9aa3e36999890f4c1d31513201eeffd15d36a6afcb9b959a73cf5ee59 height=37
2025-11-02T11:52:11Z Saw new cmpctblock header hash=761d80d9aa3e36999890f4c1d31513201eeffd15d36a6afcb9b959a73cf5ee59 peer=1
2025-11-02T11:52:11Z UpdateTip: new best=06435b114c11fba5c99c5508bf1cf6ad726c0fdd9956ce05631282d282090cf8 height=31 version=0x20000000 log2_work=6.000000 tx=32 date='2025-11-02T11:52:16Z' progress=1.000000 cache=0.3MiB(31txo)
2025-11-02T11:52:11Z UpdateTip: new best=3cb4626e07af0b47463f5068efff1b403715df2d908b78593a2d1acc7ab10384 height=32 version=0x20000000 log2_work=6.044394 tx=33 date='2025-11-02T11:52:17Z' progress=1.000000 cache=0.3MiB(32txo)
2025-11-02T11:52:11Z UpdateTip: new best=6de1324544d975d3288a6382bcb3c66827615ae8c23a11c3804c8d8b5f42d8db height=33 version=0x20000000 log2_work=6.087463 tx=34 date='2025-11-02T11:52:17Z' progress=1.000000 cache=0.3MiB(33txo)
2025-11-02T11:52:11Z UpdateTip: new best=0b1b98828c1650fb7cf75c3571945babbebddd8f7db4eab9bcd692fff8a1efc7 height=34 version=0x20000000 log2_work=6.129283 tx=35 date='2025-11-02T11:52:17Z' progress=1.000000 cache=0.3MiB(34txo)
2025-11-02T11:52:11Z Saw new header hash=162dc4c937b8fe945ef3e1c4539f93461f48ff350052c40b6fd9e235d6841be7 height=38
2025-11-02T11:52:11Z Saw new header hash=2e3293a109d2b50032e6cb04e7b3ae55896af09ca59e1bd0f7413f91d8fd15f2 height=39
2025-11-02T11:52:11Z Saw new header hash=5603a26961c0136d59ebe70a4d8aff89c6f79ebd4519a20f10caf3f99970c438 height=40
2025-11-02T11:52:11Z Saw new header hash=53eabd9c75ae58cd8e9102305a6b34689890b7dbb39754be670da5105c3dfd5e height=41
2025-11-02T11:52:11Z Saw new header hash=4800f535896e69b62f9c812d8ea995be791d87fbec565b1b37b368f7da8265bf height=42
2025-11-02T11:52:11Z UpdateTip: new best=4621bd42606d6d840d742bf453ede5cd5f64f31aa38c037eff522444640d7ceb height=35 version=0x20000000 log2_work=6.169925 tx=36 date='2025-11-02T11:52:17Z' progress=1.000000 cache=0.3MiB(35txo)
2025-11-02T11:52:11Z Saw new header hash=56ac89b1b827791f534ed99df6943d4bba96546888e31f0bc27a0e4bcbae185b height=43
2025-11-02T11:52:11Z Saw new cmpctblock header hash=56ac89b1b827791f534ed99df6943d4bba96546888e31f0bc27a0e4bcbae185b peer=2
2025-11-02T11:52:11Z UpdateTip: new best=0b54ed5c18386314c1ee42f2de05536f6d982d70dfcf5b92ea99852d1c64a174 height=36 version=0x20000000 log2_work=6.209453 tx=37 date='2025-11-02T11:52:17Z' progress=1.000000 cache=0.3MiB(36txo)
2025-11-02T11:52:11Z Saw new header hash=75dcced6cf6088ecc3628822f2797ff6c21a4c5f57d52a02ffc59072addc28f2 height=44
2025-11-02T11:52:11Z Saw new cmpctblock header hash=75dcced6cf6088ecc3628822f2797ff6c21a4c5f57d52a02ffc59072addc28f2 peer=2
2025-11-02T11:52:11Z UpdateTip: new best=761d80d9aa3e36999890f4c1d31513201eeffd15d36a6afcb9b959a73cf5ee59 height=37 version=0x20000000 log2_work=6.247928 tx=38 date='2025-11-02T11:52:17Z' progress=1.000000 cache=0.3MiB(37txo)
2025-11-02T11:52:11Z UpdateTip: new best=162dc4c937b8fe945ef3e1c4539f93461f48ff350052c40b6fd9e235d6841be7 height=38 version=0x20000000 log2_work=6.285402 tx=39 date='2025-11-02T11:52:18Z' progress=1.000000 cache=0.3MiB(38txo)
2025-11-02T11:52:11Z UpdateTip: new best=2e3293a109d2b50032e6cb04e7b3ae55896af09ca59e1bd0f7413f91d8fd15f2 height=39 version=0x20000000 log2_work=6.321928 tx=40 date='2025-11-02T11:52:18Z' progress=1.000000 cache=0.3MiB(39txo)
2025-11-02T11:52:11Z Saw new header hash=0dae6a9f30d12dbb9032a2a4b1400aef061de0ece570d1772f953a3f108e925d height=45
2025-11-02T11:52:11Z Saw new cmpctblock header hash=0dae6a9f30d12dbb9032a2a4b1400aef061de0ece570d1772f953a3f108e925d peer=1
2025-11-02T11:52:11Z UpdateTip: new best=5603a26961c0136d59ebe70a4d8aff89c6f79ebd4519a20f10caf3f99970c438 height=40 version=0x20000000 log2_work=6.357552 tx=41 date='2025-11-02T11:52:18Z' progress=1.000000 cache=0.3MiB(40txo)
2025-11-02T11:52:11Z UpdateTip: new best=53eabd9c75ae58cd8e9102305a6b34689890b7dbb39754be670da5105c3dfd5e height=41 version=0x20000000 log2_work=6.392317 tx=42 date='2025-11-02T11:52:18Z' progress=1.000000 cache=0.3MiB(41txo)
2025-11-02T11:52:11Z UpdateTip: new best=4800f535896e69b62f9c812d8ea995be791d87fbec565b1b37b368f7da8265bf height=42 version=0x20000000 log2_work=6.426265 tx=43 date='2025-11-02T11:52:18Z' progress=1.000000 cache=0.3MiB(42txo)
2025-11-02T11:52:11Z Saw new header hash=69f70c5c15206443820cc6878cedf8d255a773f38f051726e0b0dc68fb5b065c height=46
2025-11-02T11:52:11Z Saw new cmpctblock header hash=69f70c5c15206443820cc6878cedf8d255a773f38f051726e0b0dc68fb5b065c peer=1
2025-11-02T11:52:11Z UpdateTip: new best=56ac89b1b827791f534ed99df6943d4bba96546888e31f0bc27a0e4bcbae185b height=43 version=0x20000000 log2_work=6.459432 tx=44 date='2025-11-02T11:52:18Z' progress=1.000000 cache=0.3MiB(43txo)
2025-11-02T11:52:11Z Saw new header hash=7a35dcf6999f24c41c1e07ba24d0ce1328f9d88d7d95018514b8558d5249f645 height=47
2025-11-02T11:52:11Z Saw new cmpctblock header hash=7a35dcf6999f24c41c1e07ba24d0ce1328f9d88d7d95018514b8558d5249f645 peer=1
2025-11-02T11:52:11Z UpdateTip: new best=75dcced6cf6088ecc3628822f2797ff6c21a4c5f57d52a02ffc59072addc28f2 height=44 version=0x20000000 log2_work=6.491853 tx=45 date='2025-11-02T11:52:19Z' progress=1.000000 cache=0.3MiB(44txo)
2025-11-02T11:52:11Z UpdateTip: new best=0dae6a9f30d12dbb9032a2a4b1400aef061de0ece570d1772f953a3f108e925d height=45 version=0x20000000 log2_work=6.523562 tx=46 date='2025-11-02T11:52:19Z' progress=1.000000 cache=0.3MiB(45txo)
2025-11-02T11:52:11Z UpdateTip: new best=69f70c5c15206443820cc6878cedf8d255a773f38f051726e0b0dc68fb5b065c height=46 version=0x20000000 log2_work=6.554589 tx=47 date='2025-11-02T11:52:19Z' progress=1.000000 cache=0.3MiB(46txo)
2025-11-02T11:52:11Z Saw new header hash=595e911aae771f6773b2f0a9ff3a4e4c413e4545be46f1083c285376fa8a0d92 height=48
2025-11-02T11:52:11Z Saw new cmpctblock header hash=595e911aae771f6773b2f0a9ff3a4e4c413e4545be46f1083c285376fa8a0d92 peer=1
2025-11-02T11:52:11Z UpdateTip: new best=7a35dcf6999f24c41c1e07ba24d0ce1328f9d88d7d95018514b8558d5249f645 height=47 version=0x20000000 log2_work=6.584963 tx=48 date='2025-11-02T11:52:19Z' progress=1.000000 cache=0.3MiB(47txo)
2025-11-02T11:52:11Z UpdateTip: new best=595e911aae771f6773b2f0a9ff3a4e4c413e4545be46f1083c285376fa8a0d92 height=48 version=0x20000000 log2_work=6.614710 tx=49 date='2025-11-02T11:52:19Z' progress=1.000000 cache=0.3MiB(48txo)
2025-11-02T11:52:11Z Saw new header hash=525cbe898e599a0ed2fbe81650c7a82443ffa98014a7491128430fb828b82ae3 height=49
2025-11-02T11:52:11Z Saw new cmpctblock header hash=525cbe898e599a0ed2fbe81650c7a82443ffa98014a7491128430fb828b82ae3 peer=1
2025-11-02T11:52:11Z UpdateTip: new best=525cbe898e599a0ed2fbe81650c7a82443ffa98014a7491128430fb828b82ae3 height=49 version=0x20000000 log2_work=6.643856 tx=50 date='2025-11-02T11:52:19Z' progress=1.000000 cache=0.3MiB(49txo)
2025-11-02T11:52:11Z Saw new header hash=29cb5006583c9ec83243c12c6ff87c76c0ccadda1966ce0d67a66a1e95b2a7a7 height=50
2025-11-02T11:52:11Z Saw new cmpctblock header hash=29cb5006583c9ec83243c12c6ff87c76c0ccadda1966ce0d67a66a1e95b2a7a7 peer=1
2025-11-02T11:52:11Z UpdateTip: new best=29cb5006583c9ec83243c12c6ff87c76c0ccadda1966ce0d67a66a1e95b2a7a7 height=50 version=0x20000000 log2_work=6.672425 tx=51 date='2025-11-02T11:52:20Z' progress=1.000000 cache=0.3MiB(50txo)
2025-11-02T11:52:11Z Saw new header hash=7d947a16284a557c95baf997f4b4ea53042fb1eb3b8377a0df00d1a899d43bd7 height=51
2025-11-02T11:52:11Z Saw new cmpctblock header hash=7d947a16284a557c95baf997f4b4ea53042fb1eb3b8377a0df00d1a899d43bd7 peer=2
2025-11-02T11:52:11Z UpdateTip: new best=7d947a16284a557c95baf997f4b4ea53042fb1eb3b8377a0df00d1a899d43bd7 height=51 version=0x20000000 log2_work=6.700440 tx=52 date='2025-11-02T11:52:20Z' progress=1.000000 cache=0.3MiB(51txo)
2025-11-02T11:52:11Z Saw new header hash=70819a811e91ed00b514993c4612139c8cc0700ae2542d696583da262847b814 height=52
2025-11-02T11:52:11Z Saw new cmpctblock header hash=70819a811e91ed00b514993c4612139c8cc0700ae2542d696583da262847b814 peer=2
2025-11-02T11:52:11Z UpdateTip: new best=70819a811e91ed00b514993c4612139c8cc0700ae2542d696583da262847b814 height=52 version=0x20000000 log2_work=6.727920 tx=53 date='2025-11-02T11:52:20Z' progress=1.000000 cache=0.3MiB(52txo)
2025-11-02T11:52:11Z Saw new header hash=1b0b14d0e22fa00bee71819891d01b1da99454692951e715562e7b9e89fb7b10 height=53
2025-11-02T11:52:11Z Saw new cmpctblock header hash=1b0b14d0e22fa00bee71819891d01b1da99454692951e715562e7b9e89fb7b10 peer=2
2025-11-02T11:52:11Z UpdateTip: new best=1b0b14d0e22fa00bee71819891d01b1da99454692951e715562e7b9e89fb7b10 height=53 version=0x20000000 log2_work=6.754888 tx=54 date='2025-11-02T11:52:20Z' progress=1.000000 cache=0.3MiB(53txo)
2025-11-02T11:52:11Z Saw new header hash=0ae11e8de5121001a168928164acfcd2119f6c7cb7b498ae1ddf8ea9ae2eca9b height=54
2025-11-02T11:52:11Z Saw new cmpctblock header hash=0ae11e8de5121001a168928164acfcd2119f6c7cb7b498ae1ddf8ea9ae2eca9b peer=2
2025-11-02T11:52:11Z UpdateTip: new best=0ae11e8de5121001a168928164acfcd2119f6c7cb7b498ae1ddf8ea9ae2eca9b height=54 version=0x20000000 log2_work=6.781360 tx=55 date='2025-11-02T11:52:20Z' progress=1.000000 cache=0.3MiB(54txo)
2025-11-02T11:52:11Z Saw new header hash=125db8dd28ab810fac8f08400e135fc1c6feb59c72f199ab72c5491e4449b95b height=55
2025-11-02T11:52:11Z Saw new cmpctblock header hash=125db8dd28ab810fac8f08400e135fc1c6feb59c72f199ab72c5491e4449b95b peer=2
2025-11-02T11:52:11Z UpdateTip: new best=125db8dd28ab810fac8f08400e135fc1c6feb59c72f199ab72c5491e4449b95b height=55 version=0x20000000 log2_work=6.807355 tx=56 date='2025-11-02T11:52:20Z' progress=1.000000 cache=0.3MiB(55txo)
2025-11-02T11:52:11Z Saw new header hash=6905a5550402cbb55f186b5e5b36d14486d788d2a9cf8c482b878003bee2fcee height=56
2025-11-02T11:52:11Z Saw new cmpctblock header hash=6905a5550402cbb55f186b5e5b36d14486d788d2a9cf8c482b878003bee2fcee peer=2
2025-11-02T11:52:11Z UpdateTip: new best=6905a5550402cbb55f186b5e5b36d14486d788d2a9cf8c482b878003bee2fcee height=56 version=0x20000000 log2_work=6.832890 tx=57 date='2025-11-02T11:52:21Z' progress=1.000000 cache=0.3MiB(56txo)
2025-11-02T11:52:11Z Saw new header hash=3d0fc5c005510d0501d05bf8a295d878a7d149c1c4f9b0dd6168917e04b156f3 height=57
2025-11-02T11:52:11Z Saw new cmpctblock header hash=3d0fc5c005510d0501d05bf8a295d878a7d149c1c4f9b0dd6168917e04b156f3 peer=2
2025-11-02T11:52:11Z UpdateTip: new best=3d0fc5c005510d0501d05bf8a295d878a7d149c1c4f9b0dd6168917e04b156f3 height=57 version=0x20000000 log2_work=6.857981 tx=58 date='2025-11-02T11:52:21Z' progress=1.000000 cache=0.3MiB(57txo)
2025-11-02T11:52:11Z Saw new header hash=7000812cda2d88477e645c161812a169fcd2696f87513d719d52f113170aeaa1 height=58
2025-11-02T11:52:11Z Saw new cmpctblock header hash=7000812cda2d88477e645c161812a169fcd2696f87513d719d52f113170aeaa1 peer=2
2025-11-02T11:52:11Z UpdateTip: new best=7000812cda2d88477e645c161812a169fcd2696f87513d719d52f113170aeaa1 height=58 version=0x20000000 log2_work=6.882643 tx=59 date='2025-11-02T11:52:21Z' progress=1.000000 cache=0.3MiB(58txo)
2025-11-02T11:52:11Z Saw new header hash=6f1a8eed94be3b5b76d8a856c62e44de5197616f24f510a7ef1830f767f82070 height=59
2025-11-02T11:52:11Z Saw new cmpctblock header hash=6f1a8eed94be3b5b76d8a856c62e44de5197616f24f510a7ef1830f767f82070 peer=2
2025-11-02T11:52:11Z UpdateTip: new best=6f1a8eed94be3b5b76d8a856c62e44de5197616f24f510a7ef1830f767f82070 height=59 version=0x20000000 log2_work=6.906891 tx=60 date='2025-11-02T11:52:21Z' progress=1.000000 cache=0.3MiB(59txo)
2025-11-02T11:52:11Z Saw new header hash=117785864b10e80a31bbc48c4ca482e0f76b8ab2a8673608f69f437daf542c9c height=60
2025-11-02T11:52:11Z Saw new cmpctblock header hash=117785864b10e80a31bbc48c4ca482e0f76b8ab2a8673608f69f437daf542c9c peer=2
2025-11-02T11:52:11Z UpdateTip: new best=117785864b10e80a31bbc48c4ca482e0f76b8ab2a8673608f69f437daf542c9c height=60 version=0x20000000 log2_work=6.930737 tx=61 date='2025-11-02T11:52:21Z' progress=1.000000 cache=0.3MiB(60txo)
2025-11-02T11:52:11Z Saw new header hash=5db937008f1d93a8a651116e0693edb2b9bc92f5d0b2d6f4f1f538c205c6c71e height=61
2025-11-02T11:52:11Z Saw new cmpctblock header hash=5db937008f1d93a8a651116e0693edb2b9bc92f5d0b2d6f4f1f538c205c6c71e peer=2
2025-11-02T11:52:11Z UpdateTip: new best=5db937008f1d93a8a651116e0693edb2b9bc92f5d0b2d6f4f1f538c205c6c71e height=61 version=0x20000000 log2_work=6.954196 tx=62 date='2025-11-02T11:52:21Z' progress=1.000000 cache=0.3MiB(61txo)
2025-11-02T11:52:11Z Saw new header hash=7ce8149c9e24b4c6a869a775afafa03126aa6fb10ed05f8f83fb4b5035c32d08 height=62
2025-11-02T11:52:11Z Saw new cmpctblock header hash=7ce8149c9e24b4c6a869a775afafa03126aa6fb10ed05f8f83fb4b5035c32d08 peer=2
2025-11-02T11:52:11Z UpdateTip: new best=7ce8149c9e24b4c6a869a775afafa03126aa6fb10ed05f8f83fb4b5035c32d08 height=62 version=0x20000000 log2_work=6.977280 tx=63 date='2025-11-02T11:52:22Z' progress=1.000000 cache=0.3MiB(62txo)
2025-11-02T11:52:11Z Saw new header hash=27c2027d9af17ffe57b643bc563ff8a3ceddf6c9be1758aa094fe3bdde48f49d height=63
2025-11-02T11:52:11Z Saw new cmpctblock header hash=27c2027d9af17ffe57b643bc563ff8a3ceddf6c9be1758aa094fe3bdde48f49d peer=2
2025-11-02T11:52:11Z UpdateTip: new best=27c2027d9af17ffe57b643bc563ff8a3ceddf6c9be1758aa094fe3bdde48f49d height=63 version=0x20000000 log2_work=7.000000 tx=64 date='2025-11-02T11:52:22Z' progress=1.000000 cache=0.3MiB(63txo)
2025-11-02T11:52:11Z Saw new header hash=39ffc7cdd37c5000c66e84914ed63a2aa70e421877090c37f59215b5bed6e219 height=64
2025-11-02T11:52:11Z Saw new cmpctblock header hash=39ffc7cdd37c5000c66e84914ed63a2aa70e421877090c37f59215b5bed6e219 peer=2
2025-11-02T11:52:11Z UpdateTip: new best=39ffc7cdd37c5000c66e84914ed63a2aa70e421877090c37f59215b5bed6e219 height=64 version=0x20000000 log2_work=7.022368 tx=65 date='2025-11-02T11:52:22Z' progress=1.000000 cache=0.3MiB(64txo)
2025-11-02T11:52:11Z Saw new header hash=647d7b00459e5d63fc30a682784d01a26a5547b3afac0689968545e6cdeafef2 height=65
2025-11-02T11:52:11Z Saw new cmpctblock header hash=647d7b00459e5d63fc30a682784d01a26a5547b3afac0689968545e6cdeafef2 peer=2
2025-11-02T11:52:11Z UpdateTip: new best=647d7b00459e5d63fc30a682784d01a26a5547b3afac0689968545e6cdeafef2 height=65 version=0x20000000 log2_work=7.044394 tx=66 date='2025-11-02T11:52:22Z' progress=1.000000 cache=0.3MiB(65txo)
2025-11-02T11:52:11Z Saw new header hash=630f3f32d9bc73dc574bdf66ccd8ccac42df446233609a9597bf037a2a78f75d height=66
2025-11-02T11:52:11Z Saw new cmpctblock header hash=630f3f32d9bc73dc574bdf66ccd8ccac42df446233609a9597bf037a2a78f75d peer=2
2025-11-02T11:52:11Z UpdateTip: new best=630f3f32d9bc73dc574bdf66ccd8ccac42df446233609a9597bf037a2a78f75d height=66 version=0x20000000 log2_work=7.066089 tx=67 date='2025-11-02T11:52:22Z' progress=1.000000 cache=0.3MiB(66txo)
2025-11-02T11:52:11Z Saw new header hash=787e1462c63e366c1bcff23a505cfe3c6b5f675f7c0863fc0c2f9d22ce3f23de height=67
2025-11-02T11:52:11Z Saw new cmpctblock header hash=787e1462c63e366c1bcff23a505cfe3c6b5f675f7c0863fc0c2f9d22ce3f23de peer=2
2025-11-02T11:52:11Z UpdateTip: new best=787e1462c63e366c1bcff23a505cfe3c6b5f675f7c0863fc0c2f9d22ce3f23de height=67 version=0x20000000 log2_work=7.087463 tx=68 date='2025-11-02T11:52:22Z' progress=1.000000 cache=0.3MiB(67txo)
2025-11-02T11:52:11Z Saw new header hash=1c09bc0e3955a59df9262e67a5464baf4e413aec40872288d1d4891eb7a0360d height=68
2025-11-02T11:52:11Z Saw new cmpctblock header hash=1c09bc0e3955a59df9262e67a5464baf4e413aec40872288d1d4891eb7a0360d peer=2
2025-11-02T11:52:11Z UpdateTip: new best=1c09bc0e3955a59df9262e67a5464baf4e413aec40872288d1d4891eb7a0360d height=68 version=0x20000000 log2_work=7.108524 tx=69 date='2025-11-02T11:52:23Z' progress=1.000000 cache=0.3MiB(68txo)
2025-11-02T11:52:11Z Saw new header hash=431badf10bea56893f39e6e20362c40996b0caf92d05f18710ae91899f611d9f height=69
2025-11-02T11:52:11Z Saw new cmpctblock header hash=431badf10bea56893f39e6e20362c40996b0caf92d05f18710ae91899f611d9f peer=2
2025-11-02T11:52:11Z UpdateTip: new best=431badf10bea56893f39e6e20362c40996b0caf92d05f18710ae91899f611d9f height=69 version=0x20000000 log2_work=7.129283 tx=70 date='2025-11-02T11:52:23Z' progress=1.000000 cache=0.3MiB(69txo)
2025-11-02T11:52:11Z Saw new header hash=404e3eee49972009ef2435ce8c8b920a3554fe281a6877b7a72404176a9227d6 height=70
2025-11-02T11:52:11Z Saw new cmpctblock header hash=404e3eee49972009ef2435ce8c8b920a3554fe281a6877b7a72404176a9227d6 peer=2
2025-11-02T11:52:11Z UpdateTip: new best=404e3eee49972009ef2435ce8c8b920a3554fe281a6877b7a72404176a9227d6 height=70 version=0x20000000 log2_work=7.149747 tx=71 date='2025-11-02T11:52:23Z' progress=1.000000 cache=0.3MiB(70txo)
2025-11-02T11:52:11Z Saw new header hash=143fa7a965764dcc38b8411e76bc179584ecc87ece334b3442c641d487bf4cfc height=71
2025-11-02T11:52:11Z Saw new cmpctblock header hash=143fa7a965764dcc38b8411e76bc179584ecc87ece334b3442c641d487bf4cfc peer=2
2025-11-02T11:52:11Z UpdateTip: new best=143fa7a965764dcc38b8411e76bc179584ecc87ece334b3442c641d487bf4cfc height=71 version=0x20000000 log2_work=7.169925 tx=72 date='2025-11-02T11:52:23Z' progress=1.000000 cache=0.3MiB(71txo)
2025-11-02T11:52:11Z Saw new header hash=741c0b8bbfca99cb2d8dde1524af37c2c38859228f7556d16796347b6ab1a8c7 height=72
2025-11-02T11:52:11Z Saw new cmpctblock header hash=741c0b8bbfca99cb2d8dde1524af37c2c38859228f7556d16796347b6ab1a8c7 peer=2
2025-11-02T11:52:11Z UpdateTip: new best=741c0b8bbfca99cb2d8dde1524af37c2c38859228f7556d16796347b6ab1a8c7 height=72 version=0x20000000 log2_work=7.189825 tx=73 date='2025-11-02T11:52:23Z' progress=1.000000 cache=0.3MiB(72txo)
2025-11-02T11:52:11Z Saw new header hash=2ca111efdb3dcf2ab1167cf0e91688e62cea82c0e6d5eba16decd0c3a883372f height=73
2025-11-02T11:52:11Z Saw new cmpctblock header hash=2ca111efdb3dcf2ab1167cf0e91688e62cea82c0e6d5eba16decd0c3a883372f peer=2
2025-11-02T11:52:11Z UpdateTip: new best=2ca111efdb3dcf2ab1167cf0e91688e62cea82c0e6d5eba16decd0c3a883372f height=73 version=0x20000000 log2_work=7.209453 tx=74 date='2025-11-02T11:52:23Z' progress=1.000000 cache=0.3MiB(73txo)
2025-11-02T11:52:11Z Saw new header hash=7ecb1434ae7970b5701402e7ebbd8ab293fe516ce2ff827db2fa5e98c310eac8 height=74
2025-11-02T11:52:11Z Saw new cmpctblock header hash=7ecb1434ae7970b5701402e7ebbd8ab293fe516ce2ff827db2fa5e98c310eac8 peer=2
2025-11-02T11:52:11Z UpdateTip: new best=7ecb1434ae7970b5701402e7ebbd8ab293fe516ce2ff827db2fa5e98c310eac8 height=74 version=0x20000000 log2_work=7.228819 tx=75 date='2025-11-02T11:52:24Z' progress=1.000000 cache=0.3MiB(74txo)
2025-11-02T11:52:11Z Saw new header hash=59ff0e2d8338b836b7495b82bf9bc2c4825279b648070f03c2807b2ef4848fa0 height=75
2025-11-02T11:52:11Z Saw new cmpctblock header hash=59ff0e2d8338b836b7495b82bf9bc2c4825279b648070f03c2807b2ef4848fa0 peer=2
2025-11-02T11:52:11Z UpdateTip: new best=59ff0e2d8338b836b7495b82bf9bc2c4825279b648070f03c2807b2ef4848fa0 height=75 version=0x20000000 log2_work=7.247928 tx=76 date='2025-11-02T11:52:24Z' progress=1.000000 cache=0.3MiB(75txo)
2025-11-02T11:52:11Z Saw new header hash=68b2a75dfb361303664f2ef1d05cd9dc88349a4f5afe03a71910330c3127bd4a height=76
2025-11-02T11:52:11Z Saw new cmpctblock header hash=68b2a75dfb361303664f2ef1d05cd9dc88349a4f5afe03a71910330c3127bd4a peer=2
2025-11-02T11:52:11Z UpdateTip: new best=68b2a75dfb361303664f2ef1d05cd9dc88349a4f5afe03a71910330c3127bd4a height=76 version=0x20000000 log2_work=7.266787 tx=77 date='2025-11-02T11:52:24Z' progress=1.000000 cache=0.3MiB(76txo)
2025-11-02T11:52:11Z Saw new header hash=088116e4b468e92514133a7fd495949e7e51599290f779dc9c468788b0e13e08 height=77
2025-11-02T11:52:11Z Saw new header hash=1f236c31f15c857a7c80ec6e1056e57a807904c73d20f5a52c17ccd90a727ce0 height=78
2025-11-02T11:52:11Z Saw new header hash=7223bdf7ed661f0f40db46859ce5b2b25192dfbd120f9016f92090bbfbc1e9f4 height=79
2025-11-02T11:52:11Z Saw new header hash=0977afaba3a4798a04cd82450155dc4ed9c74ac80be9a0bb34e4d04f4c11ac3c height=80
2025-11-02T11:52:11Z UpdateTip: new best=088116e4b468e92514133a7fd495949e7e51599290f779dc9c468788b0e13e08 height=77 version=0x20000000 log2_work=7.285402 tx=78 date='2025-11-02T11:52:24Z' progress=1.000000 cache=0.3MiB(77txo)
2025-11-02T11:52:11Z UpdateTip: new best=1f236c31f15c857a7c80ec6e1056e57a807904c73d20f5a52c17ccd90a727ce0 height=78 version=0x20000000 log2_work=7.303781 tx=79 date='2025-11-02T11:52:24Z' progress=1.000000 cache=0.3MiB(78txo)
2025-11-02T11:52:11Z UpdateTip: new best=7223bdf7ed661f0f40db46859ce5b2b25192dfbd120f9016f92090bbfbc1e9f4 height=79 version=0x20000000 log2_work=7.321928 tx=80 date='2025-11-02T11:52:24Z' progress=1.000000 cache=0.3MiB(79txo)
2025-11-02T11:52:11Z UpdateTip: new best=0977afaba3a4798a04cd82450155dc4ed9c74ac80be9a0bb34e4d04f4c11ac3c height=80 version=0x20000000 log2_work=7.339850 tx=81 date='2025-11-02T11:52:25Z' progress=1.000000 cache=0.3MiB(80txo)
2025-11-02T11:52:11Z Saw new header hash=5859b422ff49febef239ece5561ad29ccea08a8e03a8b204478009004e8198f9 height=81
2025-11-02T11:52:11Z Saw new cmpctblock header hash=5859b422ff49febef239ece5561ad29ccea08a8e03a8b204478009004e8198f9 peer=2
2025-11-02T11:52:11Z UpdateTip: new best=5859b422ff49febef239ece5561ad29ccea08a8e03a8b204478009004e8198f9 height=81 version=0x20000000 log2_work=7.357552 tx=82 date='2025-11-02T11:52:25Z' progress=1.000000 cache=0.3MiB(81txo)
2025-11-02T11:52:11Z Saw new header hash=5928a8f0f0e7d8360187248f095df2a72b64bf0e5b13de86fd233ae3b340e1f4 height=82
2025-11-02T11:52:11Z Saw new cmpctblock header hash=5928a8f0f0e7d8360187248f095df2a72b64bf0e5b13de86fd233ae3b340e1f4 peer=1
2025-11-02T11:52:11Z UpdateTip: new best=5928a8f0f0e7d8360187248f095df2a72b64bf0e5b13de86fd233ae3b340e1f4 height=82 version=0x20000000 log2_work=7.375039 tx=83 date='2025-11-02T11:52:25Z' progress=1.000000 cache=0.3MiB(82txo)
2025-11-02T11:52:11Z Saw new header hash=5693bab47821726b9ac3b4893dd84833dcf3e4435f89118d6948719e1403246b height=83
2025-11-02T11:52:11Z Saw new cmpctblock header hash=5693bab47821726b9ac3b4893dd84833dcf3e4435f89118d6948719e1403246b peer=2
2025-11-02T11:52:11Z UpdateTip: new best=5693bab47821726b9ac3b4893dd84833dcf3e4435f89118d6948719e1403246b height=83 version=0x20000000 log2_work=7.392317 tx=84 date='2025-11-02T11:52:25Z' progress=1.000000 cache=0.3MiB(83txo)
2025-11-02T11:52:11Z Saw new header hash=69b3f6abf39317e8d062d08831349f03ff62a60106d0d605d00d8e09d61556ff height=84
2025-11-02T11:52:11Z Saw new cmpctblock header hash=69b3f6abf39317e8d062d08831349f03ff62a60106d0d605d00d8e09d61556ff peer=1
2025-11-02T11:52:11Z UpdateTip: new best=69b3f6abf39317e8d062d08831349f03ff62a60106d0d605d00d8e09d61556ff height=84 version=0x20000000 log2_work=7.409391 tx=85 date='2025-11-02T11:52:25Z' progress=1.000000 cache=0.3MiB(84txo)
2025-11-02T11:52:11Z Saw new header hash=54752d4d3dd94e1cf16b5b75b56cf1660d22a94a633bb30d103a89af8fd9b5bc height=85
2025-11-02T11:52:11Z Saw new cmpctblock header hash=54752d4d3dd94e1cf16b5b75b56cf1660d22a94a633bb30d103a89af8fd9b5bc peer=1
2025-11-02T11:52:11Z UpdateTip: new best=54752d4d3dd94e1cf16b5b75b56cf1660d22a94a633bb30d103a89af8fd9b5bc height=85 version=0x20000000 log2_work=7.426265 tx=86 date='2025-11-02T11:52:25Z' progress=1.000000 cache=0.3MiB(85txo)
2025-11-02T11:52:11Z Saw new header hash=62d62f3efc432b8e7b486cc90b4d8e0ca14204d45d95aab0e7f47954a26c27d8 height=86
2025-11-02T11:52:11Z Saw new cmpctblock header hash=62d62f3efc432b8e7b486cc90b4d8e0ca14204d45d95aab0e7f47954a26c27d8 peer=2
2025-11-02T11:52:11Z UpdateTip: new best=62d62f3efc432b8e7b486cc90b4d8e0ca14204d45d95aab0e7f47954a26c27d8 height=86 version=0x20000000 log2_work=7.442943 tx=87 date='2025-11-02T11:52:26Z' progress=1.000000 cache=0.3MiB(86txo)
2025-11-02T11:52:11Z Saw new header hash=4d403f2cd8cffd470262f747e8002f14ef904996ff12368259ca8a7f651b5b80 height=87
2025-11-02T11:52:11Z Saw new header hash=124fe589468e659b5167e44d77fbc8cd0dced43cfbaef0c78dca1fe1eb5f54ef height=88
2025-11-02T11:52:11Z Saw new header hash=6d921331dd417f5285a8e71d8ba020d83d2275da2b195ff1707f190a6d3f1d59 height=89
2025-11-02T11:52:11Z Saw new header hash=124a18900923df3b0be0250b6145503188ef58c1a9e2dbf8b2e83ebfd049546c height=90
2025-11-02T11:52:11Z Saw new header hash=7d885426283a8bc47ba9a04207dc4ffbf11d0c8071bb343e8709eb2357ad6fd8 height=91
2025-11-02T11:52:11Z Saw new cmpctblock header hash=7d885426283a8bc47ba9a04207dc4ffbf11d0c8071bb343e8709eb2357ad6fd8 peer=2
2025-11-02T11:52:11Z UpdateTip: new best=4d403f2cd8cffd470262f747e8002f14ef904996ff12368259ca8a7f651b5b80 height=87 version=0x20000000 log2_work=7.459432 tx=88 date='2025-11-02T11:52:26Z' progress=1.000000 cache=0.3MiB(87txo)
2025-11-02T11:52:11Z Saw new header hash=3ca3a15710efdc168bcc01d5be5fccf411446472e3e6466b7a4fcfee0b9f92d4 height=92
2025-11-02T11:52:11Z Saw new header hash=70f951b7210235c9dca014605d275bc017f983ab36f5d8f904089ccb5f3d7cd4 height=93
2025-11-02T11:52:11Z Saw new header hash=75fd5927ee48fa878550c4eaa98960879057002ccd8f5518f936d0cb1b022fe6 height=94
2025-11-02T11:52:11Z Saw new header hash=5e707b4949220974a8b2d7d10d4bba597582fd190469ef384c0c07ab735b81b2 height=95
2025-11-02T11:52:11Z Saw new header hash=0391bf5ae1ef477a25aa396db9d09127f75d980624a28ecbe8e78d2e89a5013a height=96
2025-11-02T11:52:11Z UpdateTip: new best=124fe589468e659b5167e44d77fbc8cd0dced43cfbaef0c78dca1fe1eb5f54ef height=88 version=0x20000000 log2_work=7.475733 tx=89 date='2025-11-02T11:52:26Z' progress=1.000000 cache=0.3MiB(88txo)
2025-11-02T11:52:11Z UpdateTip: new best=6d921331dd417f5285a8e71d8ba020d83d2275da2b195ff1707f190a6d3f1d59 height=89 version=0x20000000 log2_work=7.491853 tx=90 date='2025-11-02T11:52:26Z' progress=1.000000 cache=0.3MiB(89txo)
2025-11-02T11:52:11Z UpdateTip: new best=124a18900923df3b0be0250b6145503188ef58c1a9e2dbf8b2e83ebfd049546c height=90 version=0x20000000 log2_work=7.507795 tx=91 date='2025-11-02T11:52:26Z' progress=1.000000 cache=0.3MiB(90txo)
2025-11-02T11:52:11Z UpdateTip: new best=7d885426283a8bc47ba9a04207dc4ffbf11d0c8071bb343e8709eb2357ad6fd8 height=91 version=0x20000000 log2_work=7.523562 tx=92 date='2025-11-02T11:52:26Z' progress=1.000000 cache=0.3MiB(91txo)
2025-11-02T11:52:11Z UpdateTip: new best=3ca3a15710efdc168bcc01d5be5fccf411446472e3e6466b7a4fcfee0b9f92d4 height=92 version=0x20000000 log2_work=7.539159 tx=93 date='2025-11-02T11:52:27Z' progress=1.000000 cache=0.3MiB(92txo)
2025-11-02T11:52:11Z Saw new header hash=294fb10977ae41d380d586505717bfa1b17fef9173ddc71ed85855c0cbb94eee height=97
2025-11-02T11:52:11Z Saw new header hash=0f39355a145201173a97957d02437e8c532c97b4d0335b9bd731ab50c3958484 height=98
2025-11-02T11:52:11Z Saw new header hash=4a0700969d58a741b25d1c572a8317db2ed0b94d6f955690bcbce0bfafa48a38 height=99
2025-11-02T11:52:11Z Saw new header hash=031ed7592c13f52591cd07851723fc3a7aa973479820ed41d682db0f19c836ba height=100
2025-11-02T11:52:11Z UpdateTip: new best=70f951b7210235c9dca014605d275bc017f983ab36f5d8f904089ccb5f3d7cd4 height=93 version=0x20000000 log2_work=7.554589 tx=94 date='2025-11-02T11:52:27Z' progress=1.000000 cache=0.3MiB(93txo)
2025-11-02T11:52:11Z UpdateTip: new best=75fd5927ee48fa878550c4eaa98960879057002ccd8f5518f936d0cb1b022fe6 height=94 version=0x20000000 log2_work=7.569856 tx=95 date='2025-11-02T11:52:27Z' progress=1.000000 cache=0.3MiB(94txo)
2025-11-02T11:52:11Z UpdateTip: new best=5e707b4949220974a8b2d7d10d4bba597582fd190469ef384c0c07ab735b81b2 height=95 version=0x20000000 log2_work=7.584963 tx=96 date='2025-11-02T11:52:27Z' progress=1.000000 cache=0.3MiB(95txo)
2025-11-02T11:52:11Z UpdateTip: new best=0391bf5ae1ef477a25aa396db9d09127f75d980624a28ecbe8e78d2e89a5013a height=96 version=0x20000000 log2_work=7.599913 tx=97 date='2025-11-02T11:52:27Z' progress=1.000000 cache=0.3MiB(96txo)
2025-11-02T11:52:11Z UpdateTip: new best=294fb10977ae41d380d586505717bfa1b17fef9173ddc71ed85855c0cbb94eee height=97 version=0x20000000 log2_work=7.614710 tx=98 date='2025-11-02T11:52:27Z' progress=1.000000 cache=0.3MiB(97txo)
2025-11-02T11:52:11Z UpdateTip: new best=0f39355a145201173a97957d02437e8c532c97b4d0335b9bd731ab50c3958484 height=98 version=0x20000000 log2_work=7.629357 tx=99 date='2025-11-02T11:52:28Z' progress=1.000000 cache=0.3MiB(98txo)
2025-11-02T11:52:11Z UpdateTip: new best=4a0700969d58a741b25d1c572a8317db2ed0b94d6f955690bcbce0bfafa48a38 height=99 version=0x20000000 log2_work=7.643856 tx=100 date='2025-11-02T11:52:28Z' progress=1.000000 cache=0.3MiB(99txo)
2025-11-02T11:52:11Z UpdateTip: new best=031ed7592c13f52591cd07851723fc3a7aa973479820ed41d682db0f19c836ba height=100 version=0x20000000 log2_work=7.658211 tx=101 date='2025-11-02T11:52:28Z' progress=1.000000 cache=0.3MiB(100txo)
2025-11-02T11:52:11Z Saw new header hash=59e4ee19f1bf0b032716b2c21359d669f0677ad6445e8f593c48726032d4b73e height=101
2025-11-02T11:52:11Z Saw new header hash=24c7e2bfb3b334689ead44a3549e7471dd75be0e28f8759dc5ad214bfd602e4d height=102
2025-11-02T11:52:11Z Saw new header hash=16ad016817599ad8cf9ae5eb24b0941148c8e19a955a32e2355c981c40f272bd height=103
2025-11-02T11:52:11Z Saw new header hash=0636748f034cdafe7fe7173eabbcd5683ea5a259b9444b28d8a5f2e31a98eb9b height=104
2025-11-02T11:52:11Z Saw new header hash=26705fdb8e7edec7e8723a1466464012b8677aa310f9460c346f37ca2b5d93c6 height=105
2025-11-02T11:52:11Z UpdateTip: new best=59e4ee19f1bf0b032716b2c21359d669f0677ad6445e8f593c48726032d4b73e height=101 version=0x20000000 log2_work=7.672425 tx=102 date='2025-11-02T11:52:28Z' progress=1.000000 cache=0.3MiB(101txo)
2025-11-02T11:52:11Z UpdateTip: new best=24c7e2bfb3b334689ead44a3549e7471dd75be0e28f8759dc5ad214bfd602e4d height=102 version=0x20000000 log2_work=7.686501 tx=103 date='2025-11-02T11:52:28Z' progress=1.000000 cache=0.3MiB(102txo)
2025-11-02T11:52:11Z UpdateTip: new best=16ad016817599ad8cf9ae5eb24b0941148c8e19a955a32e2355c981c40f272bd height=103 version=0x20000000 log2_work=7.700440 tx=104 date='2025-11-02T11:52:28Z' progress=1.000000 cache=0.3MiB(103txo)
2025-11-02T11:52:11Z UpdateTip: new best=0636748f034cdafe7fe7173eabbcd5683ea5a259b9444b28d8a5f2e31a98eb9b height=104 version=0x20000000 log2_work=7.714246 tx=105 date='2025-11-02T11:52:29Z' progress=1.000000 cache=0.3MiB(104txo)
2025-11-02T11:52:11Z UpdateTip: new best=26705fdb8e7edec7e8723a1466464012b8677aa310f9460c346f37ca2b5d93c6 height=105 version=0x20000000 log2_work=7.727920 tx=106 date='2025-11-02T11:52:29Z' progress=1.000000 cache=0.3MiB(105txo)
2025-11-02T11:52:11Z Saw new header hash=6926d9451f233ac728cd7a6c42b33b2badd1572e11885e449e49b903f2f778c7 height=106
2025-11-02T11:52:11Z Saw new cmpctblock header hash=6926d9451f233ac728cd7a6c42b33b2badd1572e11885e449e49b903f2f778c7 peer=2
2025-11-02T11:52:11Z UpdateTip: new best=6926d9451f233ac728cd7a6c42b33b2badd1572e11885e449e49b903f2f778c7 height=106 version=0x20000000 log2_work=7.741467 tx=107 date='2025-11-02T11:52:29Z' progress=1.000000 cache=0.3MiB(106txo)
2025-11-02T11:52:11Z Saw new header hash=54389fe39efb38d00dba3048cfa2ae0b13d53429656b54fe80b9a41fe5f59c7a height=107
2025-11-02T11:52:11Z Saw new header hash=61b76e62a2bb9257eddb1af4a5e56fd35e0f535837b5dfd4811eec64d5166be5 height=108
2025-11-02T11:52:11Z Saw new header hash=5a9b7c8e5e9e64717a8c026d46df52346753fc9e1f9d92e1de1eaadd675a9ad2 height=109
2025-11-02T11:52:11Z Saw new header hash=3f678f5026a6b82be7eecc1d722414121fd7ce28b8b68e573ae9711aa3bbb55e height=110
2025-11-02T11:52:11Z Saw new header hash=1a7ab14da472f90dc6e56da1e2a217298d5d0c7d24b92d12ae2077fad33e5071 height=111
2025-11-02T11:52:11Z UpdateTip: new best=54389fe39efb38d00dba3048cfa2ae0b13d53429656b54fe80b9a41fe5f59c7a height=107 version=0x20000000 log2_work=7.754888 tx=108 date='2025-11-02T11:52:29Z' progress=1.000000 cache=0.3MiB(107txo)
2025-11-02T11:52:11Z UpdateTip: new best=61b76e62a2bb9257eddb1af4a5e56fd35e0f535837b5dfd4811eec64d5166be5 height=108 version=0x20000000 log2_work=7.768184 tx=109 date='2025-11-02T11:52:29Z' progress=1.000000 cache=0.3MiB(108txo)
2025-11-02T11:52:11Z UpdateTip: new best=5a9b7c8e5e9e64717a8c026d46df52346753fc9e1f9d92e1de1eaadd675a9ad2 height=109 version=0x20000000 log2_work=7.781360 tx=110 date='2025-11-02T11:52:29Z' progress=1.000000 cache=0.3MiB(109txo)
2025-11-02T11:52:11Z UpdateTip: new best=3f678f5026a6b82be7eecc1d722414121fd7ce28b8b68e573ae9711aa3bbb55e height=110 version=0x20000000 log2_work=7.794416 tx=111 date='2025-11-02T11:52:30Z' progress=1.000000 cache=0.3MiB(110txo)
2025-11-02T11:52:11Z Saw new header hash=3973645d24a94616dcb6d04fffe48e43fd306db5e0eeb4cf25accec3f6441792 height=112
2025-11-02T11:52:11Z Saw new header hash=51716b3828f18d24e1ece97813da64485e6c7a36b8f269e554311ce547ea6e7a height=113
2025-11-02T11:52:11Z Saw new header hash=20ff463f61011463505705676d7981080daa5dfc96b3f692d95603c3ade08ee5 height=114
2025-11-02T11:52:11Z Saw new header hash=21e7998974f7f08edfaa7c6dc7dd3748aca15060f91abdc8d63ea3e7c79f82ae height=115
2025-11-02T11:52:11Z Saw new header hash=70548e34440e96948fd065aeef6f09c5759a792a17b9dc68b8404d97d2cdb02a height=116
2025-11-02T11:52:11Z UpdateTip: new best=1a7ab14da472f90dc6e56da1e2a217298d5d0c7d24b92d12ae2077fad33e5071 height=111 version=0x20000000 log2_work=7.807355 tx=112 date='2025-11-02T11:52:30Z' progress=1.000000 cache=0.3MiB(111txo)
2025-11-02T11:52:11Z UpdateTip: new best=3973645d24a94616dcb6d04fffe48e43fd306db5e0eeb4cf25accec3f6441792 height=112 version=0x20000000 log2_work=7.820179 tx=113 date='2025-11-02T11:52:30Z' progress=1.000000 cache=0.3MiB(112txo)
2025-11-02T11:52:11Z Saw new header hash=77f5c3999cc91b5ee6fb6fe72b3447ab0ee736f9bc5b5e1c5f35e7a0f8015533 height=117
2025-11-02T11:52:11Z Saw new header hash=76b01b84a27e9fdadf49af8c42beea78989b1be6222dbd7ca731bee6d352e8b2 height=118
2025-11-02T11:52:11Z Saw new header hash=394cb6479283c7b0e5a0bc8c5cf69ec7ed0a4b54a285b97bda7995df1397f6d6 height=119
2025-11-02T11:52:11Z Saw new header hash=45950b8115ab3591e5244b7aaac0668ce7f58ca63eb3ec6043ffa13594d44a6b height=120
2025-11-02T11:52:11Z Saw new header hash=270ec1c0bbfe1817a4b52d2b8ad83c38618e2322a4e31f54eda82dd9c29eb763 height=121
2025-11-02T11:52:11Z UpdateTip: new best=51716b3828f18d24e1ece97813da64485e6c7a36b8f269e554311ce547ea6e7a height=113 version=0x20000000 log2_work=7.832890 tx=114 date='2025-11-02T11:52:30Z' progress=1.000000 cache=0.3MiB(113txo)
2025-11-02T11:52:11Z UpdateTip: new best=20ff463f61011463505705676d7981080daa5dfc96b3f692d95603c3ade08ee5 height=114 version=0x20000000 log2_work=7.845490 tx=115 date='2025-11-02T11:52:30Z' progress=1.000000 cache=0.3MiB(114txo)
2025-11-02T11:52:11Z UpdateTip: new best=21e7998974f7f08edfaa7c6dc7dd3748aca15060f91abdc8d63ea3e7c79f82ae height=115 version=0x20000000 log2_work=7.857981 tx=116 date='2025-11-02T11:52:30Z' progress=1.000000 cache=0.3MiB(115txo)
2025-11-02T11:52:11Z UpdateTip: new best=70548e34440e96948fd065aeef6f09c5759a792a17b9dc68b8404d97d2cdb02a height=116 version=0x20000000 log2_work=7.870365 tx=117 date='2025-11-02T11:52:31Z' progress=1.000000 cache=0.3MiB(116txo)
2025-11-02T11:52:11Z UpdateTip: new best=77f5c3999cc91b5ee6fb6fe72b3447ab0ee736f9bc5b5e1c5f35e7a0f8015533 height=117 version=0x20000000 log2_work=7.882643 tx=118 date='2025-11-02T11:52:31Z' progress=1.000000 cache=0.3MiB(117txo)
2025-11-02T11:52:11Z Saw new header hash=39ea8fcbc3efe4e950961eb6865e35639a5836c33a391aafcbe230840b28a98e height=122
2025-11-02T11:52:11Z Saw new cmpctblock header hash=39ea8fcbc3efe4e950961eb6865e35639a5836c33a391aafcbe230840b28a98e peer=2
2025-11-02T11:52:11Z Saw new header hash=5d13981619a7ca008e39cad6e1d12d1f6059948e956137de4419068ee36a240a height=123
2025-11-02T11:52:11Z Saw new cmpctblock header hash=5d13981619a7ca008e39cad6e1d12d1f6059948e956137de4419068ee36a240a peer=2
2025-11-02T11:52:11Z Saw new header hash=1e715e5a9416bad971fb3da4d2a0e176f212749a65258b749fba4203dc2d04b4 height=124
2025-11-02T11:52:11Z Saw new cmpctblock header hash=1e715e5a9416bad971fb3da4d2a0e176f212749a65258b749fba4203dc2d04b4 peer=2
2025-11-02T11:52:11Z UpdateTip: new best=76b01b84a27e9fdadf49af8c42beea78989b1be6222dbd7ca731bee6d352e8b2 height=118 version=0x20000000 log2_work=7.894818 tx=119 date='2025-11-02T11:52:31Z' progress=1.000000 cache=0.3MiB(118txo)
2025-11-02T11:52:11Z Saw new header hash=605d40cbfa7ee239034c5a8b0be471d54ef5d9a166e404b8eef2d6f992ae0712 height=125
2025-11-02T11:52:11Z Saw new cmpctblock header hash=605d40cbfa7ee239034c5a8b0be471d54ef5d9a166e404b8eef2d6f992ae0712 peer=2
2025-11-02T11:52:11Z UpdateTip: new best=394cb6479283c7b0e5a0bc8c5cf69ec7ed0a4b54a285b97bda7995df1397f6d6 height=119 version=0x20000000 log2_work=7.906891 tx=120 date='2025-11-02T11:52:31Z' progress=1.000000 cache=0.3MiB(119txo)
2025-11-02T11:52:11Z UpdateTip: new best=45950b8115ab3591e5244b7aaac0668ce7f58ca63eb3ec6043ffa13594d44a6b height=120 version=0x20000000 log2_work=7.918863 tx=121 date='2025-11-02T11:52:31Z' progress=1.000000 cache=0.3MiB(120txo)
2025-11-02T11:52:11Z Saw new header hash=10f44c03fd82aa28c32758ff9d8a465793412537fcbd67e69279eb1fb187afaa height=126
2025-11-02T11:52:11Z Saw new cmpctblock header hash=10f44c03fd82aa28c32758ff9d8a465793412537fcbd67e69279eb1fb187afaa peer=2
2025-11-02T11:52:11Z Saw new header hash=581615def3a00f097d453199d601962edc901202a790cd88cc591e3299905200 height=127
2025-11-02T11:52:11Z Saw new cmpctblock header hash=581615def3a00f097d453199d601962edc901202a790cd88cc591e3299905200 peer=2
2025-11-02T11:52:11Z Saw new header hash=46ce1f9ddcba82c6ae713950be05ad9aa9675b5304d9df57fcb200da7ff1014c height=128
2025-11-02T11:52:11Z Saw new cmpctblock header hash=46ce1f9ddcba82c6ae713950be05ad9aa9675b5304d9df57fcb200da7ff1014c peer=2
2025-11-02T11:52:11Z UpdateTip: new best=270ec1c0bbfe1817a4b52d2b8ad83c38618e2322a4e31f54eda82dd9c29eb763 height=121 version=0x20000000 log2_work=7.930737 tx=122 date='2025-11-02T11:52:31Z' progress=1.000000 cache=0.3MiB(121txo)
2025-11-02T11:52:11Z Saw new header hash=172ef4de6205c1b2f95badd34ce644036d5b2c0fa86b9ea4ad82ecab5db9c759 height=129
2025-11-02T11:52:11Z Saw new cmpctblock header hash=172ef4de6205c1b2f95badd34ce644036d5b2c0fa86b9ea4ad82ecab5db9c759 peer=2
2025-11-02T11:52:11Z Saw new header hash=3bf964b74b9c852aad52c993c96a62232032b60b992c35beed1c81a41a4fc1af height=130
2025-11-02T11:52:11Z Saw new cmpctblock header hash=3bf964b74b9c852aad52c993c96a62232032b60b992c35beed1c81a41a4fc1af peer=2
2025-11-02T11:52:11Z Saw new header hash=768e6559820ab70ad062181ab618ea202faf0b09b0228a3306f7d810da2aacd5 height=131
2025-11-02T11:52:11Z Saw new cmpctblock header hash=768e6559820ab70ad062181ab618ea202faf0b09b0228a3306f7d810da2aacd5 peer=2
2025-11-02T11:52:11Z UpdateTip: new best=39ea8fcbc3efe4e950961eb6865e35639a5836c33a391aafcbe230840b28a98e height=122 version=0x20000000 log2_work=7.942515 tx=123 date='2025-11-02T11:52:32Z' progress=1.000000 cache=0.3MiB(122txo)
2025-11-02T11:52:11Z UpdateTip: new best=5d13981619a7ca008e39cad6e1d12d1f6059948e956137de4419068ee36a240a height=123 version=0x20000000 log2_work=7.954196 tx=124 date='2025-11-02T11:52:32Z' progress=1.000000 cache=0.3MiB(123txo)
2025-11-02T11:52:11Z UpdateTip: new best=1e715e5a9416bad971fb3da4d2a0e176f212749a65258b749fba4203dc2d04b4 height=124 version=0x20000000 log2_work=7.965784 tx=125 date='2025-11-02T11:52:32Z' progress=1.000000 cache=0.3MiB(124txo)
2025-11-02T11:52:11Z UpdateTip: new best=605d40cbfa7ee239034c5a8b0be471d54ef5d9a166e404b8eef2d6f992ae0712 height=125 version=0x20000000 log2_work=7.977280 tx=126 date='2025-11-02T11:52:32Z' progress=1.000000 cache=0.3MiB(125txo)
2025-11-02T11:52:11Z UpdateTip: new best=10f44c03fd82aa28c32758ff9d8a465793412537fcbd67e69279eb1fb187afaa height=126 version=0x20000000 log2_work=7.988685 tx=127 date='2025-11-02T11:52:32Z' progress=1.000000 cache=0.3MiB(126txo)
2025-11-02T11:52:11Z Saw new header hash=096e1fab682e035024d70c1d4353b6f08d3e76c17b285a64196a0cbf2b893f45 height=132
2025-11-02T11:52:11Z Saw new cmpctblock header hash=096e1fab682e035024d70c1d4353b6f08d3e76c17b285a64196a0cbf2b893f45 peer=1
2025-11-02T11:52:11Z UpdateTip: new best=581615def3a00f097d453199d601962edc901202a790cd88cc591e3299905200 height=127 version=0x20000000 log2_work=8.000000 tx=128 date='2025-11-02T11:52:32Z' progress=1.000000 cache=0.3MiB(127txo)
2025-11-02T11:52:11Z UpdateTip: new best=46ce1f9ddcba82c6ae713950be05ad9aa9675b5304d9df57fcb200da7ff1014c height=128 version=0x20000000 log2_work=8.011227 tx=129 date='2025-11-02T11:52:33Z' progress=1.000000 cache=0.3MiB(128txo)
2025-11-02T11:52:11Z Saw new header hash=250cbfc055a6901d39c49eae93de27b7ba041dd3b9683705dbca92019f3ed24e height=133
2025-11-02T11:52:11Z Saw new cmpctblock header hash=250cbfc055a6901d39c49eae93de27b7ba041dd3b9683705dbca92019f3ed24e peer=1
2025-11-02T11:52:11Z Saw new header hash=620ddf067b2105c1e5446604bb6673cf37285edacefc61b123d0f36e654cb7e4 height=134
2025-11-02T11:52:11Z Saw new cmpctblock header hash=620ddf067b2105c1e5446604bb6673cf37285edacefc61b123d0f36e654cb7e4 peer=1
2025-11-02T11:52:11Z UpdateTip: new best=172ef4de6205c1b2f95badd34ce644036d5b2c0fa86b9ea4ad82ecab5db9c759 height=129 version=0x20000000 log2_work=8.022368 tx=130 date='2025-11-02T11:52:33Z' progress=1.000000 cache=0.3MiB(129txo)
2025-11-02T11:52:11Z UpdateTip: new best=3bf964b74b9c852aad52c993c96a62232032b60b992c35beed1c81a41a4fc1af height=130 version=0x20000000 log2_work=8.033423 tx=131 date='2025-11-02T11:52:33Z' progress=1.000000 cache=0.3MiB(130txo)
2025-11-02T11:52:11Z UpdateTip: new best=768e6559820ab70ad062181ab618ea202faf0b09b0228a3306f7d810da2aacd5 height=131 version=0x20000000 log2_work=8.044394 tx=132 date='2025-11-02T11:52:33Z' progress=1.000000 cache=0.3MiB(131txo)
2025-11-02T11:52:11Z UpdateTip: new best=096e1fab682e035024d70c1d4353b6f08d3e76c17b285a64196a0cbf2b893f45 height=132 version=0x20000000 log2_work=8.055282 tx=133 date='2025-11-02T11:52:33Z' progress=1.000000 cache=0.3MiB(132txo)
2025-11-02T11:52:11Z Saw new header hash=7da2ba90d7f7b39ce8566805887d48e20aa5b1e212144e8646ff7e1b790a6bf0 height=135
2025-11-02T11:52:11Z Saw new cmpctblock header hash=7da2ba90d7f7b39ce8566805887d48e20aa5b1e212144e8646ff7e1b790a6bf0 peer=1
2025-11-02T11:52:11Z Saw new header hash=23fa1bbbb670b6cf6b537f0a5bfd976fa200ffef396a6ff67040d4ad5805568f height=136
2025-11-02T11:52:11Z Saw new cmpctblock header hash=23fa1bbbb670b6cf6b537f0a5bfd976fa200ffef396a6ff67040d4ad5805568f peer=1
2025-11-02T11:52:11Z UpdateTip: new best=250cbfc055a6901d39c49eae93de27b7ba041dd3b9683705dbca92019f3ed24e height=133 version=0x20000000 log2_work=8.066089 tx=134 date='2025-11-02T11:52:33Z' progress=1.000000 cache=0.3MiB(133txo)
2025-11-02T11:52:11Z Saw new header hash=0cbb53c10b33a9b9dd732235f0f064d8af76403c5e7786852da21ae5b71893e5 height=137
2025-11-02T11:52:11Z Saw new cmpctblock header hash=0cbb53c10b33a9b9dd732235f0f064d8af76403c5e7786852da21ae5b71893e5 peer=1
2025-11-02T11:52:11Z Saw new header hash=1a69a43994a35e6bee6558ca375c37aad36a6d8b04130fdc510e484f878af5b1 height=138
2025-11-02T11:52:11Z Saw new cmpctblock header hash=1a69a43994a35e6bee6558ca375c37aad36a6d8b04130fdc510e484f878af5b1 peer=1
2025-11-02T11:52:11Z UpdateTip: new best=620ddf067b2105c1e5446604bb6673cf37285edacefc61b123d0f36e654cb7e4 height=134 version=0x20000000 log2_work=8.076816 tx=135 date='2025-11-02T11:52:34Z' progress=1.000000 cache=0.3MiB(134txo)
2025-11-02T11:52:11Z UpdateTip: new best=7da2ba90d7f7b39ce8566805887d48e20aa5b1e212144e8646ff7e1b790a6bf0 height=135 version=0x20000000 log2_work=8.087463 tx=136 date='2025-11-02T11:52:34Z' progress=1.000000 cache=0.3MiB(135txo)
2025-11-02T11:52:11Z UpdateTip: new best=23fa1bbbb670b6cf6b537f0a5bfd976fa200ffef396a6ff67040d4ad5805568f height=136 version=0x20000000 log2_work=8.098032 tx=137 date='2025-11-02T11:52:34Z' progress=1.000000 cache=0.3MiB(136txo)
2025-11-02T11:52:11Z Saw new header hash=6dd10cdaab965804ccdc39ffe9468c295f9f4c924a0fd4e64a56bc61b7e9ff9e height=139
2025-11-02T11:52:11Z Saw new cmpctblock header hash=6dd10cdaab965804ccdc39ffe9468c295f9f4c924a0fd4e64a56bc61b7e9ff9e peer=1
2025-11-02T11:52:11Z UpdateTip: new best=0cbb53c10b33a9b9dd732235f0f064d8af76403c5e7786852da21ae5b71893e5 height=137 version=0x20000000 log2_work=8.108524 tx=138 date='2025-11-02T11:52:34Z' progress=1.000000 cache=0.3MiB(137txo)
2025-11-02T11:52:11Z UpdateTip: new best=1a69a43994a35e6bee6558ca375c37aad36a6d8b04130fdc510e484f878af5b1 height=138 version=0x20000000 log2_work=8.118941 tx=139 date='2025-11-02T11:52:34Z' progress=1.000000 cache=0.3MiB(138txo)
2025-11-02T11:52:11Z UpdateTip: new best=6dd10cdaab965804ccdc39ffe9468c295f9f4c924a0fd4e64a56bc61b7e9ff9e height=139 version=0x20000000 log2_work=8.129283 tx=140 date='2025-11-02T11:52:34Z' progress=1.000000 cache=0.3MiB(139txo)
2025-11-02T11:52:11Z Saw new header hash=066d9c3fc85670e9a910cf614d00a9cb43d29b4e7bc1127ed864ddf8944f78f5 height=140
2025-11-02T11:52:11Z Saw new cmpctblock header hash=066d9c3fc85670e9a910cf614d00a9cb43d29b4e7bc1127ed864ddf8944f78f5 peer=2
2025-11-02T11:52:11Z UpdateTip: new best=066d9c3fc85670e9a910cf614d00a9cb43d29b4e7bc1127ed864ddf8944f78f5 height=140 version=0x20000000 log2_work=8.139551 tx=141 date='2025-11-02T11:52:35Z' progress=1.000000 cache=0.3MiB(140txo)
2025-11-02T11:52:11Z Saw new header hash=61326ae957507580624ec026fb72a8494f8c15d5d8b6001f7f09a4de277a45de height=141
2025-11-02T11:52:11Z Saw new cmpctblock header hash=61326ae957507580624ec026fb72a8494f8c15d5d8b6001f7f09a4de277a45de peer=2
2025-11-02T11:52:11Z UpdateTip: new best=61326ae957507580624ec026fb72a8494f8c15d5d8b6001f7f09a4de277a45de height=141 version=0x20000000 log2_work=8.149747 tx=142 date='2025-11-02T11:52:35Z' progress=1.000000 cache=0.3MiB(141txo)
2025-11-02T11:52:11Z Saw new header hash=7f8fb2dd2b7799a090221581fd4b3921af8572b15a08ed5b3f8cb16d5a20fc9d height=142
2025-11-02T11:52:11Z Saw new cmpctblock header hash=7f8fb2dd2b7799a090221581fd4b3921af8572b15a08ed5b3f8cb16d5a20fc9d peer=2
2025-11-02T11:52:11Z UpdateTip: new best=7f8fb2dd2b7799a090221581fd4b3921af8572b15a08ed5b3f8cb16d5a20fc9d height=142 version=0x20000000 log2_work=8.159871 tx=143 date='2025-11-02T11:52:35Z' progress=1.000000 cache=0.3MiB(142txo)
2025-11-02T11:52:11Z Saw new header hash=40a0a698b59c6ce3e4c34d935dc0c4214ed27debec98bb9f65e1efbbbf415e14 height=143
2025-11-02T11:52:11Z Saw new cmpctblock header hash=40a0a698b59c6ce3e4c34d935dc0c4214ed27debec98bb9f65e1efbbbf415e14 peer=1
2025-11-02T11:52:11Z UpdateTip: new best=40a0a698b59c6ce3e4c34d935dc0c4214ed27debec98bb9f65e1efbbbf415e14 height=143 version=0x20000000 log2_work=8.169925 tx=144 date='2025-11-02T11:52:35Z' progress=1.000000 cache=0.3MiB(143txo)
2025-11-02T11:52:11Z Saw new header hash=1ed45319eb26985b4de33a0ed3feb5832edc3594581bfa299c1d1df9bf533b49 height=144
2025-11-02T11:52:11Z Saw new cmpctblock header hash=1ed45319eb26985b4de33a0ed3feb5832edc3594581bfa299c1d1df9bf533b49 peer=2
2025-11-02T11:52:11Z UpdateTip: new best=1ed45319eb26985b4de33a0ed3feb5832edc3594581bfa299c1d1df9bf533b49 height=144 version=0x30000000 log2_work=8.179909 tx=145 date='2025-11-02T11:52:35Z' progress=1.000000 cache=0.3MiB(144txo)
2025-11-02T11:52:11Z Saw new header hash=14f034146dcf3784fc39b2e5693207cf7ac05cc1459e439abef0a56702784608 height=145
2025-11-02T11:52:11Z Saw new cmpctblock header hash=14f034146dcf3784fc39b2e5693207cf7ac05cc1459e439abef0a56702784608 peer=1
2025-11-02T11:52:11Z UpdateTip: new best=14f034146dcf3784fc39b2e5693207cf7ac05cc1459e439abef0a56702784608 height=145 version=0x30000000 log2_work=8.189825 tx=146 date='2025-11-02T11:52:35Z' progress=1.000000 cache=0.3MiB(145txo)
2025-11-02T11:52:11Z Saw new header hash=3d94cf08628d45c7f33e192f77f146b9704bbf85db7509ddf6957b1947c5dd99 height=146
2025-11-02T11:52:11Z Saw new cmpctblock header hash=3d94cf08628d45c7f33e192f77f146b9704bbf85db7509ddf6957b1947c5dd99 peer=2
2025-11-02T11:52:11Z UpdateTip: new best=3d94cf08628d45c7f33e192f77f146b9704bbf85db7509ddf6957b1947c5dd99 height=146 version=0x30000000 log2_work=8.199672 tx=147 date='2025-11-02T11:52:36Z' progress=1.000000 cache=0.3MiB(146txo)
2025-11-02T11:52:11Z Saw new header hash=7f42237a86b211643b9c5effa6c662b0eb73407f0fcda1836f31e6bdc88fb2bc height=147
2025-11-02T11:52:11Z Saw new cmpctblock header hash=7f42237a86b211643b9c5effa6c662b0eb73407f0fcda1836f31e6bdc88fb2bc peer=1
2025-11-02T11:52:11Z UpdateTip: new best=7f42237a86b211643b9c5effa6c662b0eb73407f0fcda1836f31e6bdc88fb2bc height=147 version=0x30000000 log2_work=8.209453 tx=148 date='2025-11-02T11:52:36Z' progress=1.000000 cache=0.3MiB(147txo)
2025-11-02T11:52:11Z Saw new header hash=4d6c7ebcbb576d7dbfc4cd7bbf78f50adf66fe0313cf77a378bfae0047ff1ca6 height=148
2025-11-02T11:52:11Z Saw new cmpctblock header hash=4d6c7ebcbb576d7dbfc4cd7bbf78f50adf66fe0313cf77a378bfae0047ff1ca6 peer=2
2025-11-02T11:52:11Z UpdateTip: new best=4d6c7ebcbb576d7dbfc4cd7bbf78f50adf66fe0313cf77a378bfae0047ff1ca6 height=148 version=0x30000000 log2_work=8.219169 tx=149 date='2025-11-02T11:52:36Z' progress=1.000000 cache=0.3MiB(148txo)
2025-11-02T11:52:16Z Saw new header hash=01539a0e262c8d9f89b4d90df1feb4ef860dc926c41e35c3d362f68d12a6d7f7 height=149
2025-11-02T11:52:16Z Saw new cmpctblock header hash=01539a0e262c8d9f89b4d90df1feb4ef860dc926c41e35c3d362f68d12a6d7f7 peer=1
2025-11-02T11:52:16Z UpdateTip: new best=01539a0e262c8d9f89b4d90df1feb4ef860dc926c41e35c3d362f68d12a6d7f7 height=149 version=0x30000000 log2_work=8.228819 tx=150 date='2025-11-02T11:52:36Z' progress=1.000000 cache=0.3MiB(149txo)
2025-11-02T11:52:21Z Saw new header hash=40f7bac4301e3b6ff489bbe6e463b172831aadaf5889c6cbef3e8fb2a862da1f height=150
2025-11-02T11:52:21Z Saw new cmpctblock header hash=40f7bac4301e3b6ff489bbe6e463b172831aadaf5889c6cbef3e8fb2a862da1f peer=1
2025-11-02T11:52:21Z UpdateTip: new best=40f7bac4301e3b6ff489bbe6e463b172831aadaf5889c6cbef3e8fb2a862da1f height=150 version=0x30000000 log2_work=8.238405 tx=200 date='2025-11-02T11:52:36Z' progress=1.000000 cache=0.3MiB(248txo)
2025-11-02T11:52:26Z Saw new header hash=54769c6a21c8712b1110e7f96ebe272f2f285c468b977dc76698ee7afa8a4230 height=151
2025-11-02T11:52:26Z Saw new cmpctblock header hash=54769c6a21c8712b1110e7f96ebe272f2f285c468b977dc76698ee7afa8a4230 peer=2
2025-11-02T11:52:26Z UpdateTip: new best=54769c6a21c8712b1110e7f96ebe272f2f285c468b977dc76698ee7afa8a4230 height=151 version=0x30000000 log2_work=8.247928 tx=222 date='2025-11-02T11:52:36Z' progress=1.000000 cache=0.3MiB(261txo)
2025-11-02T11:52:31Z Saw new header hash=405cdf8c54fc9d25fbece872f2cb92f472f3c20ebeb06a8bbf3e37cbc0db4482 height=152
2025-11-02T11:52:31Z Saw new cmpctblock header hash=405cdf8c54fc9d25fbece872f2cb92f472f3c20ebeb06a8bbf3e37cbc0db4482 peer=2
2025-11-02T11:52:31Z UpdateTip: new best=405cdf8c54fc9d25fbece872f2cb92f472f3c20ebeb06a8bbf3e37cbc0db4482 height=152 version=0x30000000 log2_work=8.257388 tx=293 date='2025-11-02T11:52:37Z' progress=1.000000 cache=0.3MiB(279txo)
2025-11-02T11:52:36Z Saw new header hash=110bc33d13c7dbaee9ebab7c8e7385f183ede6d0df3481a65b6939bab8b00a08 height=153
2025-11-02T11:52:36Z Saw new cmpctblock header hash=110bc33d13c7dbaee9ebab7c8e7385f183ede6d0df3481a65b6939bab8b00a08 peer=1
2025-11-02T11:52:36Z UpdateTip: new best=110bc33d13c7dbaee9ebab7c8e7385f183ede6d0df3481a65b6939bab8b00a08 height=153 version=0x30000000 log2_work=8.266787 tx=332 date='2025-11-02T11:52:37Z' progress=1.000000 cache=0.3MiB(293txo)
2025-11-02T11:52:41Z Saw new header hash=582b37e89ad89809b155ca6919e4ab6a1e864a9c1a97204e9830ccad605ee6ec height=154
2025-11-02T11:52:41Z Saw new cmpctblock header hash=582b37e89ad89809b155ca6919e4ab6a1e864a9c1a97204e9830ccad605ee6ec peer=1
2025-11-02T11:52:41Z UpdateTip: new best=582b37e89ad89809b155ca6919e4ab6a1e864a9c1a97204e9830ccad605ee6ec height=154 version=0x30000000 log2_work=8.276124 tx=378 date='2025-11-02T11:52:41Z' progress=1.000000 cache=0.3MiB(282txo)
2025-11-02T11:52:46Z Saw new header hash=2c64ba55ed0c2acbc15288eec42ba105a3299fcb4019198400356ab9cf03db9b height=155
2025-11-02T11:52:46Z Saw new cmpctblock header hash=2c64ba55ed0c2acbc15288eec42ba105a3299fcb4019198400356ab9cf03db9b peer=1
2025-11-02T11:52:46Z UpdateTip: new best=2c64ba55ed0c2acbc15288eec42ba105a3299fcb4019198400356ab9cf03db9b height=155 version=0x30000000 log2_work=8.285402 tx=390 date='2025-11-02T11:52:46Z' progress=1.000000 cache=0.3MiB(287txo)
2025-11-02T11:52:51Z Saw new header hash=7e2466902a637ca78ea22ce8a7f9d2f2688c6cc3ea1bb4a857f751d3f5ed4259 height=156
2025-11-02T11:52:51Z Saw new cmpctblock header hash=7e2466902a637ca78ea22ce8a7f9d2f2688c6cc3ea1bb4a857f751d3f5ed4259 peer=1
2025-11-02T11:52:51Z UpdateTip: new best=7e2466902a637ca78ea22ce8a7f9d2f2688c6cc3ea1bb4a857f751d3f5ed4259 height=156 version=0x30000000 log2_work=8.294621 tx=404 date='2025-11-02T11:52:51Z' progress=1.000000 cache=0.3MiB(285txo)
2025-11-02T11:52:56Z Saw new header hash=695379f0e1df95ce265f8ed3f93cc1457279077418567275c70163c7bd2c8a18 height=157
2025-11-02T11:52:56Z Saw new cmpctblock header hash=695379f0e1df95ce265f8ed3f93cc1457279077418567275c70163c7bd2c8a18 peer=2
2025-11-02T11:52:56Z UpdateTip: new best=695379f0e1df95ce265f8ed3f93cc1457279077418567275c70163c7bd2c8a18 height=157 version=0x30000000 log2_work=8.303781 tx=507 date='2025-11-02T11:52:56Z' progress=1.000000 cache=0.3MiB(308txo)
2025-11-02T11:53:01Z Saw new header hash=679515cd79fcb9e24f66daa3195a46be2028c5307925aabef03a1ed46c7bc291 height=158
2025-11-02T11:53:01Z Saw new cmpctblock header hash=679515cd79fcb9e24f66daa3195a46be2028c5307925aabef03a1ed46c7bc291 peer=2
2025-11-02T11:53:01Z UpdateTip: new best=679515cd79fcb9e24f66daa3195a46be2028c5307925aabef03a1ed46c7bc291 height=158 version=0x30000000 log2_work=8.312883 tx=552 date='2025-11-02T11:53:01Z' progress=1.000000 cache=0.3MiB(321txo)
2025-11-02T11:53:06Z Saw new header hash=2afe5bf90346b25c6776dc357a774d3e44671413e53fc15a5d90006f6a6b96a2 height=159
2025-11-02T11:53:06Z Saw new cmpctblock header hash=2afe5bf90346b25c6776dc357a774d3e44671413e53fc15a5d90006f6a6b96a2 peer=1
2025-11-02T11:53:06Z UpdateTip: new best=2afe5bf90346b25c6776dc357a774d3e44671413e53fc15a5d90006f6a6b96a2 height=159 version=0x30000000 log2_work=8.321928 tx=592 date='2025-11-02T11:53:06Z' progress=1.000000 cache=0.3MiB(312txo)
2025-11-02T11:53:11Z Saw new header hash=711ba8e7836988293b9c5c76148fd869f54f5fe706a1f5e51332eccbd9204e3a height=160
2025-11-02T11:53:11Z Saw new cmpctblock header hash=711ba8e7836988293b9c5c76148fd869f54f5fe706a1f5e51332eccbd9204e3a peer=1
2025-11-02T11:53:11Z UpdateTip: new best=711ba8e7836988293b9c5c76148fd869f54f5fe706a1f5e51332eccbd9204e3a height=160 version=0x30000000 log2_work=8.330917 tx=619 date='2025-11-02T11:53:11Z' progress=1.000000 cache=0.3MiB(312txo)
2025-11-02T11:53:16Z Saw new header hash=402384fad4b21b93ad6a5e1e78a9ac4f4c4a1687767801ebe205cc3da4f98f43 height=161
2025-11-02T11:53:16Z Saw new cmpctblock header hash=402384fad4b21b93ad6a5e1e78a9ac4f4c4a1687767801ebe205cc3da4f98f43 peer=1
2025-11-02T11:53:16Z UpdateTip: new best=402384fad4b21b93ad6a5e1e78a9ac4f4c4a1687767801ebe205cc3da4f98f43 height=161 version=0x30000000 log2_work=8.339850 tx=655 date='2025-11-02T11:53:16Z' progress=1.000000 cache=0.3MiB(321txo)
2025-11-02T11:53:21Z Saw new header hash=3ab76787d1e80d7d85d14d575db85d8e996efb49db67b3bc56867c1b900fabc7 height=162
2025-11-02T11:53:21Z Saw new cmpctblock header hash=3ab76787d1e80d7d85d14d575db85d8e996efb49db67b3bc56867c1b900fabc7 peer=2
2025-11-02T11:53:21Z UpdateTip: new best=3ab76787d1e80d7d85d14d575db85d8e996efb49db67b3bc56867c1b900fabc7 height=162 version=0x30000000 log2_work=8.348728 tx=666 date='2025-11-02T11:53:21Z' progress=1.000000 cache=0.3MiB(317txo)
2025-11-02T11:53:27Z Saw new header hash=07749284ce9ea9083f326c0c7d33e003f3f13e3737cf11f9e3687ecd62d4c204 height=163
2025-11-02T11:53:27Z Saw new cmpctblock header hash=07749284ce9ea9083f326c0c7d33e003f3f13e3737cf11f9e3687ecd62d4c204 peer=2
2025-11-02T11:53:27Z UpdateTip: new best=07749284ce9ea9083f326c0c7d33e003f3f13e3737cf11f9e3687ecd62d4c204 height=163 version=0x30000000 log2_work=8.357552 tx=765 date='2025-11-02T11:53:26Z' progress=1.000000 cache=0.3MiB(321txo)
2025-11-02T11:53:31Z Saw new header hash=47a51c8141c43c084ce04ffe8f5136a50cab345e9ebdd75018dacb675423f4d3 height=164
2025-11-02T11:53:31Z Saw new cmpctblock header hash=47a51c8141c43c084ce04ffe8f5136a50cab345e9ebdd75018dacb675423f4d3 peer=2
2025-11-02T11:53:31Z UpdateTip: new best=47a51c8141c43c084ce04ffe8f5136a50cab345e9ebdd75018dacb675423f4d3 height=164 version=0x30000000 log2_work=8.366322 tx=766 date='2025-11-02T11:53:31Z' progress=1.000000 cache=0.3MiB(322txo)
2025-11-02T11:53:37Z Saw new header hash=379979052fd9d9d1710de4f2902bc6c69a6ffd54cfcc161c033b7ef5c4b5fbd0 height=165
2025-11-02T11:53:37Z Saw new cmpctblock header hash=379979052fd9d9d1710de4f2902bc6c69a6ffd54cfcc161c033b7ef5c4b5fbd0 peer=1
2025-11-02T11:53:37Z UpdateTip: new best=379979052fd9d9d1710de4f2902bc6c69a6ffd54cfcc161c033b7ef5c4b5fbd0 height=165 version=0x30000000 log2_work=8.375039 tx=833 date='2025-11-02T11:53:36Z' progress=1.000000 cache=0.3MiB(330txo)
2025-11-02T11:53:42Z Saw new header hash=38268e30b35d00504f46a07b1fbb4e68c8ee68b17ff316f0bcee5df027d7ff7a height=166
2025-11-02T11:53:42Z Saw new cmpctblock header hash=38268e30b35d00504f46a07b1fbb4e68c8ee68b17ff316f0bcee5df027d7ff7a peer=1
2025-11-02T11:53:42Z UpdateTip: new best=38268e30b35d00504f46a07b1fbb4e68c8ee68b17ff316f0bcee5df027d7ff7a height=166 version=0x30000000 log2_work=8.383704 tx=885 date='2025-11-02T11:53:42Z' progress=1.000000 cache=0.3MiB(331txo)
2025-11-02T11:53:47Z Saw new header hash=3a8f90bb467661899b35e6d4dacba66472d66690f9220c4ac186e5b10af75ac2 height=167
2025-11-02T11:53:47Z Saw new cmpctblock header hash=3a8f90bb467661899b35e6d4dacba66472d66690f9220c4ac186e5b10af75ac2 peer=2
2025-11-02T11:53:47Z UpdateTip: new best=3a8f90bb467661899b35e6d4dacba66472d66690f9220c4ac186e5b10af75ac2 height=167 version=0x30000000 log2_work=8.392317 tx=933 date='2025-11-02T11:53:47Z' progress=1.000000 cache=0.3MiB(338txo)
2025-11-02T11:53:52Z Saw new header hash=06bcea27caed0f6e36e41ccd26830e12de9ec1ac683c4de90c93190a9f697f30 height=168
2025-11-02T11:53:52Z Saw new cmpctblock header hash=06bcea27caed0f6e36e41ccd26830e12de9ec1ac683c4de90c93190a9f697f30 peer=1
2025-11-02T11:53:52Z UpdateTip: new best=06bcea27caed0f6e36e41ccd26830e12de9ec1ac683c4de90c93190a9f697f30 height=168 version=0x30000000 log2_work=8.400879 tx=969 date='2025-11-02T11:53:52Z' progress=1.000000 cache=0.3MiB(354txo)
2025-11-02T11:53:57Z Saw new header hash=165f319483165fde9b6a25790c13745f7ca12bf9997c8fea544262852a671298 height=169
2025-11-02T11:53:57Z Saw new cmpctblock header hash=165f319483165fde9b6a25790c13745f7ca12bf9997c8fea544262852a671298 peer=2
2025-11-02T11:53:57Z UpdateTip: new best=165f319483165fde9b6a25790c13745f7ca12bf9997c8fea544262852a671298 height=169 version=0x30000000 log2_work=8.409391 tx=1015 date='2025-11-02T11:53:57Z' progress=1.000000 cache=0.3MiB(361txo)
2025-11-02T11:54:02Z Saw new header hash=3ac74463c57c54c402b2dcd7e449645ec4f3fbefb2ab9373ff520ccfe9cc0ffc height=170
2025-11-02T11:54:02Z Saw new cmpctblock header hash=3ac74463c57c54c402b2dcd7e449645ec4f3fbefb2ab9373ff520ccfe9cc0ffc peer=2
2025-11-02T11:54:02Z UpdateTip: new best=3ac74463c57c54c402b2dcd7e449645ec4f3fbefb2ab9373ff520ccfe9cc0ffc height=170 version=0x30000000 log2_work=8.417853 tx=1062 date='2025-11-02T11:54:02Z' progress=1.000000 cache=0.3MiB(367txo)
2025-11-02T11:54:07Z Saw new header hash=60a2f7c01e31aa22101a8d120501a429827dc0dd5ae2e9624528d8ee1858b434 height=171
2025-11-02T11:54:07Z Saw new cmpctblock header hash=60a2f7c01e31aa22101a8d120501a429827dc0dd5ae2e9624528d8ee1858b434 peer=2
2025-11-02T11:54:07Z UpdateTip: new best=60a2f7c01e31aa22101a8d120501a429827dc0dd5ae2e9624528d8ee1858b434 height=171 version=0x30000000 log2_work=8.426265 tx=1063 date='2025-11-02T11:54:07Z' progress=1.000000 cache=0.3MiB(368txo)
2025-11-02T11:54:12Z Saw new header hash=69deaeda1edf9248886f2e88db93433c7754c29a12a52d28d521890b97377e2c height=172
2025-11-02T11:54:12Z Saw new cmpctblock header hash=69deaeda1edf9248886f2e88db93433c7754c29a12a52d28d521890b97377e2c peer=1
2025-11-02T11:54:12Z UpdateTip: new best=69deaeda1edf9248886f2e88db93433c7754c29a12a52d28d521890b97377e2c height=172 version=0x30000000 log2_work=8.434628 tx=1139 date='2025-11-02T11:54:12Z' progress=1.000000 cache=0.3MiB(355txo)
2025-11-02T11:54:17Z Saw new header hash=6bba44cedc4ba3d420faf6a617a7a96c87cf603694d426f4760553127eb0262a height=173
2025-11-02T11:54:17Z Saw new cmpctblock header hash=6bba44cedc4ba3d420faf6a617a7a96c87cf603694d426f4760553127eb0262a peer=2
2025-11-02T11:54:17Z UpdateTip: new best=6bba44cedc4ba3d420faf6a617a7a96c87cf603694d426f4760553127eb0262a height=173 version=0x30000000 log2_work=8.442943 tx=1180 date='2025-11-02T11:54:17Z' progress=1.000000 cache=0.3MiB(364txo)
2025-11-02T11:54:22Z Saw new header hash=09bc02ed8d35ce7786d27eb0588ed217e24a041820ddeb03151d9df3b0df7c6a height=174
2025-11-02T11:54:22Z Saw new cmpctblock header hash=09bc02ed8d35ce7786d27eb0588ed217e24a041820ddeb03151d9df3b0df7c6a peer=2
2025-11-02T11:54:22Z UpdateTip: new best=09bc02ed8d35ce7786d27eb0588ed217e24a041820ddeb03151d9df3b0df7c6a height=174 version=0x30000000 log2_work=8.451211 tx=1216 date='2025-11-02T11:54:22Z' progress=1.000000 cache=0.3MiB(381txo)
2025-11-02T11:54:27Z Saw new header hash=6d3c66d3d14e250419484be4ae32539988a5a2e000af7f58fd566d80da3ff134 height=175
2025-11-02T11:54:27Z Saw new cmpctblock header hash=6d3c66d3d14e250419484be4ae32539988a5a2e000af7f58fd566d80da3ff134 peer=2
2025-11-02T11:54:27Z UpdateTip: new best=6d3c66d3d14e250419484be4ae32539988a5a2e000af7f58fd566d80da3ff134 height=175 version=0x30000000 log2_work=8.459432 tx=1268 date='2025-11-02T11:54:27Z' progress=1.000000 cache=0.3MiB(376txo)
2025-11-02T11:54:32Z Saw new header hash=66d938cdde36bb97fa474725337575d283d00b4e5312e3c6b0d7d4203454e869 height=176
2025-11-02T11:54:32Z Saw new cmpctblock header hash=66d938cdde36bb97fa474725337575d283d00b4e5312e3c6b0d7d4203454e869 peer=2
2025-11-02T11:54:32Z UpdateTip: new best=66d938cdde36bb97fa474725337575d283d00b4e5312e3c6b0d7d4203454e869 height=176 version=0x30000000 log2_work=8.467606 tx=1297 date='2025-11-02T11:54:32Z' progress=1.000000 cache=0.3MiB(369txo)
2025-11-02T11:54:38Z Saw new header hash=7ea2261a05c561212a4d87c3dc7c268c9d7e25a037c534424ddd19e0a7fed4b8 height=177
2025-11-02T11:54:38Z Saw new cmpctblock header hash=7ea2261a05c561212a4d87c3dc7c268c9d7e25a037c534424ddd19e0a7fed4b8 peer=1
2025-11-02T11:54:38Z UpdateTip: new best=7ea2261a05c561212a4d87c3dc7c268c9d7e25a037c534424ddd19e0a7fed4b8 height=177 version=0x30000000 log2_work=8.475733 tx=1343 date='2025-11-02T11:54:37Z' progress=1.000000 cache=0.3MiB(385txo)
2025-11-02T11:54:45Z Saw new header hash=597baa3bd51cfe32877ec04869f42551c9bffd631d0037235e6a000afea5da04 height=178
2025-11-02T11:54:45Z Saw new cmpctblock header hash=597baa3bd51cfe32877ec04869f42551c9bffd631d0037235e6a000afea5da04 peer=1
2025-11-02T11:54:45Z UpdateTip: new best=597baa3bd51cfe32877ec04869f42551c9bffd631d0037235e6a000afea5da04 height=178 version=0x30000000 log2_work=8.483816 tx=1400 date='2025-11-02T11:54:42Z' progress=1.000000 cache=0.3MiB(395txo)
2025-11-02T11:54:51Z Saw new header hash=02788c23ffb2d28419282acdc427be002165269b864cdcca67fbb036ad190ebe height=179
2025-11-02T11:54:51Z Saw new cmpctblock header hash=02788c23ffb2d28419282acdc427be002165269b864cdcca67fbb036ad190ebe peer=2
2025-11-02T11:54:51Z UpdateTip: new best=02788c23ffb2d28419282acdc427be002165269b864cdcca67fbb036ad190ebe height=179 version=0x30000000 log2_work=8.491853 tx=1434 date='2025-11-02T11:54:48Z' progress=1.000000 cache=0.3MiB(409txo)
2025-11-02T11:54:55Z Saw new header hash=7bea6da8bc5feb36a2cbc50035688a557d899a76aecb63ba20c8f2d5dbed5c16 height=180
2025-11-02T11:54:55Z Saw new cmpctblock header hash=7bea6da8bc5feb36a2cbc50035688a557d899a76aecb63ba20c8f2d5dbed5c16 peer=1
2025-11-02T11:54:55Z UpdateTip: new best=7bea6da8bc5feb36a2cbc50035688a557d899a76aecb63ba20c8f2d5dbed5c16 height=180 version=0x30000000 log2_work=8.499846 tx=1435 date='2025-11-02T11:54:53Z' progress=1.000000 cache=0.3MiB(410txo)
2025-11-02T11:59:13Z Saw new header hash=0b97391662c42074cd6763da9a3b3037c1e8867692326dcbce6e38ef2b22de3d height=181
2025-11-02T11:59:13Z Saw new cmpctblock header hash=0b97391662c42074cd6763da9a3b3037c1e8867692326dcbce6e38ef2b22de3d peer=1
2025-11-02T11:59:13Z Saw new header hash=221db7fb67fbe1236603e2fb48298768b3eaf343bc44287e1927d1d9ffed8612 height=182
2025-11-02T11:59:13Z Saw new cmpctblock header hash=221db7fb67fbe1236603e2fb48298768b3eaf343bc44287e1927d1d9ffed8612 peer=2
2025-11-02T11:59:13Z Saw new header hash=39fa89091342ebdbb3a5e756efa591b981c9de0bf00599c97807ee129c1aa376 height=183
2025-11-02T11:59:13Z Saw new cmpctblock header hash=39fa89091342ebdbb3a5e756efa591b981c9de0bf00599c97807ee129c1aa376 peer=2
2025-11-02T11:59:13Z Saw new header hash=0f2897c266a01b8b33f2d80ac33af5b53e18eeaf34aff1ee7716cf5fdaa855f8 height=184
2025-11-02T11:59:13Z Saw new cmpctblock header hash=0f2897c266a01b8b33f2d80ac33af5b53e18eeaf34aff1ee7716cf5fdaa855f8 peer=2
2025-11-02T11:59:13Z UpdateTip: new best=0b97391662c42074cd6763da9a3b3037c1e8867692326dcbce6e38ef2b22de3d height=181 version=0x30000000 log2_work=8.507795 tx=1484 date='2025-11-02T11:54:58Z' progress=1.000000 cache=0.3MiB(424txo)
2025-11-02T11:59:13Z Saw new header hash=3e70e1c9526e5cc549ab8c52ada91dc6164f2a87a4537f15abb01f5d51a9a1dc height=185
2025-11-02T11:59:13Z Saw new cmpctblock header hash=3e70e1c9526e5cc549ab8c52ada91dc6164f2a87a4537f15abb01f5d51a9a1dc peer=2
2025-11-02T11:59:13Z Saw new header hash=4ac368b8b266536d51ae49da9e73b851d26f6b2fc7c06f902380821837b24488 height=186
2025-11-02T11:59:13Z Saw new cmpctblock header hash=4ac368b8b266536d51ae49da9e73b851d26f6b2fc7c06f902380821837b24488 peer=2
2025-11-02T11:59:13Z Saw new header hash=3de2d05588aedf0ff2faad7ac66bb903042c97490f2afe7baa22949b1055169a height=187
2025-11-02T11:59:13Z Saw new cmpctblock header hash=3de2d05588aedf0ff2faad7ac66bb903042c97490f2afe7baa22949b1055169a peer=2
2025-11-02T11:59:13Z Saw new header hash=227a930fc64378b5d2c366c09395aa226e2a33cc98fa22bf88e66c4c56a71591 height=188
2025-11-02T11:59:13Z Saw new cmpctblock header hash=227a930fc64378b5d2c366c09395aa226e2a33cc98fa22bf88e66c4c56a71591 peer=2
2025-11-02T11:59:13Z Saw new header hash=686d099eee8958c8e906649e106c7b8ca9ecd973b4d444432ee7339e435e344e height=189
2025-11-02T11:59:13Z Saw new cmpctblock header hash=686d099eee8958c8e906649e106c7b8ca9ecd973b4d444432ee7339e435e344e peer=2
2025-11-02T11:59:13Z Saw new header hash=47145fa1ac4c34d552fa6e6091abe6ff13ef523ae29dc2a802386ecc21c236d2 height=190
2025-11-02T11:59:13Z Saw new cmpctblock header hash=47145fa1ac4c34d552fa6e6091abe6ff13ef523ae29dc2a802386ecc21c236d2 peer=2
2025-11-02T11:59:13Z Saw new header hash=1e893558a2591eeee82a62b4f33cc1681cdab71ba3eab338ba2115fe571014a4 height=191
2025-11-02T11:59:13Z Saw new cmpctblock header hash=1e893558a2591eeee82a62b4f33cc1681cdab71ba3eab338ba2115fe571014a4 peer=1
2025-11-02T11:59:13Z Saw new header hash=4561b4b099311ac056d3522ac961c512c47d5efd3083eb813e22e5a33d8da4f2 height=192
2025-11-02T11:59:13Z Saw new cmpctblock header hash=4561b4b099311ac056d3522ac961c512c47d5efd3083eb813e22e5a33d8da4f2 peer=1
2025-11-02T11:59:13Z UpdateTip: new best=221db7fb67fbe1236603e2fb48298768b3eaf343bc44287e1927d1d9ffed8612 height=182 version=0x30000000 log2_work=8.515700 tx=1537 date='2025-11-02T11:55:04Z' progress=1.000000 cache=0.3MiB(379txo)
2025-11-02T11:59:13Z Saw new header hash=4c010348070537926827f567da13de2c3666a394f474da864ed5af7d8e97986d height=193
2025-11-02T11:59:13Z Saw new cmpctblock header hash=4c010348070537926827f567da13de2c3666a394f474da864ed5af7d8e97986d peer=2
2025-11-02T11:59:13Z Saw new header hash=34f3b5951f587ae7b5a31c643cfcf54910e7091a3f27432b4c683701d3a491d6 height=194
2025-11-02T11:59:13Z Saw new cmpctblock header hash=34f3b5951f587ae7b5a31c643cfcf54910e7091a3f27432b4c683701d3a491d6 peer=2
2025-11-02T11:59:13Z Saw new header hash=1d8cf4f228bd22efd2093a62ff20e0a392814d5c252c58184d017a1a14c1fb9b height=195
2025-11-02T11:59:13Z Saw new cmpctblock header hash=1d8cf4f228bd22efd2093a62ff20e0a392814d5c252c58184d017a1a14c1fb9b peer=1
2025-11-02T11:59:13Z Saw new header hash=15000a3e1b24b304c16a91769ca53275718f17a2806b235285a4fce83255faea height=196
2025-11-02T11:59:13Z Saw new cmpctblock header hash=15000a3e1b24b304c16a91769ca53275718f17a2806b235285a4fce83255faea peer=1
2025-11-02T11:59:13Z UpdateTip: new best=39fa89091342ebdbb3a5e756efa591b981c9de0bf00599c97807ee129c1aa376 height=183 version=0x30000000 log2_work=8.523562 tx=1593 date='2025-11-02T11:55:09Z' progress=1.000000 cache=0.3MiB(412txo)
2025-11-02T11:59:13Z UpdateTip: new best=0f2897c266a01b8b33f2d80ac33af5b53e18eeaf34aff1ee7716cf5fdaa855f8 height=184 version=0x30000000 log2_work=8.531381 tx=1628 date='2025-11-02T11:55:14Z' progress=1.000000 cache=0.3MiB(431txo)
2025-11-02T11:59:13Z UpdateTip: new best=3e70e1c9526e5cc549ab8c52ada91dc6164f2a87a4537f15abb01f5d51a9a1dc height=185 version=0x30000000 log2_work=8.539159 tx=1665 date='2025-11-02T11:55:19Z' progress=1.000000 cache=0.3MiB(446txo)
2025-11-02T11:59:13Z UpdateTip: new best=4ac368b8b266536d51ae49da9e73b851d26f6b2fc7c06f902380821837b24488 height=186 version=0x30000000 log2_work=8.546894 tx=1700 date='2025-11-02T11:55:25Z' progress=1.000000 cache=0.3MiB(459txo)
2025-11-02T11:59:13Z UpdateTip: new best=3de2d05588aedf0ff2faad7ac66bb903042c97490f2afe7baa22949b1055169a height=187 version=0x30000000 log2_work=8.554589 tx=1742 date='2025-11-02T11:55:30Z' progress=1.000000 cache=0.3MiB(460txo)
2025-11-02T11:59:13Z UpdateTip: new best=227a930fc64378b5d2c366c09395aa226e2a33cc98fa22bf88e66c4c56a71591 height=188 version=0x30000000 log2_work=8.562242 tx=1785 date='2025-11-02T11:55:35Z' progress=1.000000 cache=0.3MiB(478txo)
2025-11-02T11:59:13Z Saw new header hash=45e2b3ee4414cb9f6c009654f825348675dd9dc79f4c53fa732609f6436707fc height=197
2025-11-02T11:59:13Z Saw new header hash=2297ee71e6e5f8653947c474dc5bc0672d91292b869dd7fa5d985b93d1e7e4c6 height=198
2025-11-02T11:59:13Z Saw new header hash=1e471b51e24d9db9d4a39a1cca1da9843dd2a3d7a69c09ffb41f3e703d2488cf height=199
2025-11-02T11:59:13Z Saw new header hash=1f02412c29333a14f1dd0675ee26d66a989ae4dc571c8d67e399a9ce27fb73f2 height=200
2025-11-02T11:59:13Z Saw new header hash=181af808464a93667cab0b17c604d1a22a98ee6d4300f28ae05d8843dd6a456a height=201
2025-11-02T11:59:13Z Saw new header hash=6a3918904b9c3d267fc1d3bfecb9f003d2f86a56bb7dcd570668e1bbdab15d23 height=202
2025-11-02T11:59:13Z Saw new header hash=5c9b356f4492399c79ad1894af291764ee78373d3607444896e5156955175461 height=203
2025-11-02T11:59:13Z Saw new header hash=3146eb98cbe48c24bcf409e009d39f855cf39f8e426c416182b55e35e7800ea3 height=204
2025-11-02T11:59:13Z Saw new header hash=603e6710444184a1e89518fd3a398d6531e2cafdc50cde9413928629ffe7f2c1 height=205
2025-11-02T11:59:13Z Saw new header hash=14a87a3ecac0cd405fd7384ac46d2495d3bc524993624dad41c56da1e4f1b8c5 height=206
2025-11-02T11:59:13Z Saw new header hash=7643e61e8215bb4e1d77749c8e848583913cbf4b88f7ea436c1640425dd9e9ea height=207
2025-11-02T11:59:13Z Saw new header hash=13661e181e40f7303c41dc895ce49ba32fcad124f71589822e3149ffa12010d1 height=208
2025-11-02T11:59:13Z Saw new header hash=2f12309ee0cc4fd02b65e87fdf053b05e4604897ef8f112b1a45e3536099805b height=209
2025-11-02T11:59:13Z Saw new header hash=279edc8b3aef8bb667397a95803b67baf4f669e700477fb7c2aecd7d797f0502 height=210
2025-11-02T11:59:13Z Saw new header hash=7ca7a5e29bf765d2642b441cf1cb1e11b2c870f78a53575bc0438982ae8ec70b height=211
2025-11-02T11:59:13Z Saw new header hash=1d1944ee72369b92fbaab7a607e609b8ef4f986b8c6a96119a59ad8219ed373c height=212
2025-11-02T11:59:13Z Saw new header hash=064c8865b693ca11b8cc56980054b27c490858b29ea00710a8865b1d1593cdf5 height=213
2025-11-02T11:59:13Z Saw new header hash=08b85f7aa3b5a126b38468c1052efddda238a8b82da7a3c16fc2af5cdc6fd69a height=214
2025-11-02T11:59:13Z Saw new header hash=742b56e1e63f3d14a23366fe7e024aa6e7d32f9e5e13526094bfb7c63d45e197 height=215
2025-11-02T11:59:13Z Saw new header hash=60203c6407e40de8c93d5476059f9377c79d7c58e18e1c07cba9957f067c5912 height=216
2025-11-02T11:59:13Z Saw new header hash=0d3a260a2e97ebe343785328ac0092d91a753851b51ded4e24b1239799f97851 height=217
2025-11-02T11:59:13Z Saw new header hash=51c111cc0630bdad3207a62522145929b2e4e770ef3ced3b992ff664c9949252 height=218
2025-11-02T11:59:13Z Saw new header hash=02be7eddc08cec3f4706e73af41467a5aec92c26c6aa30155ecdf95f31b3a28a height=219
2025-11-02T11:59:13Z Saw new header hash=513c9e075a41495517992766f39389eaeddfc01d6619bfa0aa29c79c72b0e95c height=220
2025-11-02T11:59:13Z Saw new header hash=1c8387f022c99370169f1899d88749e8c1aea1ca6bbd03bcd53b31faa67dd344 height=221
2025-11-02T11:59:13Z Saw new header hash=57814feb4f3b2433f7096bb430866a3c51b8232780429a01aacbe5b284a965eb height=222
2025-11-02T11:59:13Z Saw new header hash=659b1b52478274150ed44d1a18ef7da0852015e49d20403e002c7f1ae9568e89 height=223
2025-11-02T11:59:13Z UpdateTip: new best=686d099eee8958c8e906649e106c7b8ca9ecd973b4d444432ee7339e435e344e height=189 version=0x30000000 log2_work=8.569856 tx=1831 date='2025-11-02T11:55:40Z' progress=1.000000 cache=0.3MiB(474txo)
2025-11-02T11:59:13Z UpdateTip: new best=47145fa1ac4c34d552fa6e6091abe6ff13ef523ae29dc2a802386ecc21c236d2 height=190 version=0x30000000 log2_work=8.577429 tx=1832 date='2025-11-02T11:55:46Z' progress=1.000000 cache=0.3MiB(475txo)
2025-11-02T11:59:13Z UpdateTip: new best=1e893558a2591eeee82a62b4f33cc1681cdab71ba3eab338ba2115fe571014a4 height=191 version=0x30000000 log2_work=8.584963 tx=1907 date='2025-11-02T11:55:51Z' progress=1.000000 cache=0.3MiB(484txo)
2025-11-02T11:59:13Z UpdateTip: new best=4561b4b099311ac056d3522ac961c512c47d5efd3083eb813e22e5a33d8da4f2 height=192 version=0x30000000 log2_work=8.592457 tx=1925 date='2025-11-02T11:55:56Z' progress=1.000000 cache=0.3MiB(478txo)
2025-11-02T11:59:13Z UpdateTip: new best=4c010348070537926827f567da13de2c3666a394f474da864ed5af7d8e97986d height=193 version=0x30000000 log2_work=8.599913 tx=1991 date='2025-11-02T11:56:02Z' progress=1.000000 cache=0.3MiB(460txo)
2025-11-02T11:59:13Z UpdateTip: new best=34f3b5951f587ae7b5a31c643cfcf54910e7091a3f27432b4c683701d3a491d6 height=194 version=0x30000000 log2_work=8.607330 tx=2025 date='2025-11-02T11:56:07Z' progress=1.000000 cache=0.3MiB(467txo)
2025-11-02T11:59:13Z UpdateTip: new best=1d8cf4f228bd22efd2093a62ff20e0a392814d5c252c58184d017a1a14c1fb9b height=195 version=0x30000000 log2_work=8.614710 tx=2069 date='2025-11-02T11:56:12Z' progress=1.000000 cache=0.3MiB(472txo)
2025-11-02T11:59:13Z UpdateTip: new best=15000a3e1b24b304c16a91769ca53275718f17a2806b235285a4fce83255faea height=196 version=0x30000000 log2_work=8.622052 tx=2078 date='2025-11-02T11:56:17Z' progress=1.000000 cache=0.3MiB(478txo)
2025-11-02T11:59:13Z UpdateTip: new best=45e2b3ee4414cb9f6c009654f825348675dd9dc79f4c53fa732609f6436707fc height=197 version=0x30000000 log2_work=8.629357 tx=2160 date='2025-11-02T11:56:23Z' progress=1.000000 cache=0.3MiB(477txo)
2025-11-02T11:59:13Z UpdateTip: new best=2297ee71e6e5f8653947c474dc5bc0672d91292b869dd7fa5d985b93d1e7e4c6 height=198 version=0x30000000 log2_work=8.636625 tx=2192 date='2025-11-02T11:56:28Z' progress=1.000000 cache=0.3MiB(468txo)
2025-11-02T11:59:13Z UpdateTip: new best=1e471b51e24d9db9d4a39a1cca1da9843dd2a3d7a69c09ffb41f3e703d2488cf height=199 version=0x30000000 log2_work=8.643856 tx=2243 date='2025-11-02T11:56:33Z' progress=1.000000 cache=0.3MiB(487txo)
2025-11-02T11:59:13Z UpdateTip: new best=1f02412c29333a14f1dd0675ee26d66a989ae4dc571c8d67e399a9ce27fb73f2 height=200 version=0x30000000 log2_work=8.651052 tx=2273 date='2025-11-02T11:56:38Z' progress=1.000000 cache=0.3MiB(500txo)
2025-11-02T11:59:13Z UpdateTip: new best=181af808464a93667cab0b17c604d1a22a98ee6d4300f28ae05d8843dd6a456a height=201 version=0x30000000 log2_work=8.658211 tx=2331 date='2025-11-02T11:56:49Z' progress=1.000000 cache=0.3MiB(479txo)
2025-11-02T11:59:13Z UpdateTip: new best=6a3918904b9c3d267fc1d3bfecb9f003d2f86a56bb7dcd570668e1bbdab15d23 height=202 version=0x30000000 log2_work=8.665336 tx=2426 date='2025-11-02T11:57:00Z' progress=1.000000 cache=0.3MiB(436txo)
2025-11-02T11:59:13Z UpdateTip: new best=5c9b356f4492399c79ad1894af291764ee78373d3607444896e5156955175461 height=203 version=0x30000000 log2_work=8.672425 tx=2522 date='2025-11-02T11:57:10Z' progress=1.000000 cache=0.3MiB(474txo)
2025-11-02T11:59:13Z UpdateTip: new best=3146eb98cbe48c24bcf409e009d39f855cf39f8e426c416182b55e35e7800ea3 height=204 version=0x30000000 log2_work=8.679480 tx=2570 date='2025-11-02T11:57:15Z' progress=1.000000 cache=0.3MiB(468txo)
2025-11-02T11:59:13Z UpdateTip: new best=603e6710444184a1e89518fd3a398d6531e2cafdc50cde9413928629ffe7f2c1 height=205 version=0x30000000 log2_work=8.686501 tx=2571 date='2025-11-02T11:57:20Z' progress=1.000000 cache=0.3MiB(469txo)
2025-11-02T11:59:13Z UpdateTip: new best=14a87a3ecac0cd405fd7384ac46d2495d3bc524993624dad41c56da1e4f1b8c5 height=206 version=0x30000000 log2_work=8.693487 tx=2635 date='2025-11-02T11:57:25Z' progress=1.000000 cache=0.3MiB(493txo)
2025-11-02T11:59:13Z UpdateTip: new best=7643e61e8215bb4e1d77749c8e848583913cbf4b88f7ea436c1640425dd9e9ea height=207 version=0x30000000 log2_work=8.700440 tx=2662 date='2025-11-02T11:57:31Z' progress=1.000000 cache=0.3MiB(487txo)
2025-11-02T11:59:13Z UpdateTip: new best=13661e181e40f7303c41dc895ce49ba32fcad124f71589822e3149ffa12010d1 height=208 version=0x30000000 log2_work=8.707359 tx=2729 date='2025-11-02T11:57:36Z' progress=1.000000 cache=0.3MiB(499txo)
2025-11-02T11:59:13Z UpdateTip: new best=2f12309ee0cc4fd02b65e87fdf053b05e4604897ef8f112b1a45e3536099805b height=209 version=0x30000000 log2_work=8.714246 tx=2801 date='2025-11-02T11:57:46Z' progress=1.000000 cache=0.3MiB(511txo)
2025-11-02T11:59:13Z UpdateTip: new best=279edc8b3aef8bb667397a95803b67baf4f669e700477fb7c2aecd7d797f0502 height=210 version=0x30000000 log2_work=8.721099 tx=2806 date='2025-11-02T11:57:51Z' progress=1.000000 cache=0.3MiB(509txo)
2025-11-02T11:59:13Z UpdateTip: new best=7ca7a5e29bf765d2642b441cf1cb1e11b2c870f78a53575bc0438982ae8ec70b height=211 version=0x30000000 log2_work=8.727920 tx=2896 date='2025-11-02T11:57:56Z' progress=1.000000 cache=0.3MiB(504txo)
2025-11-02T11:59:13Z UpdateTip: new best=1d1944ee72369b92fbaab7a607e609b8ef4f986b8c6a96119a59ad8219ed373c height=212 version=0x30000000 log2_work=8.734710 tx=2938 date='2025-11-02T11:58:01Z' progress=1.000000 cache=0.3MiB(502txo)
2025-11-02T11:59:13Z UpdateTip: new best=064c8865b693ca11b8cc56980054b27c490858b29ea00710a8865b1d1593cdf5 height=213 version=0x30000000 log2_work=8.741467 tx=2961 date='2025-11-02T11:58:07Z' progress=1.000000 cache=0.3MiB(505txo)
2025-11-02T11:59:13Z UpdateTip: new best=08b85f7aa3b5a126b38468c1052efddda238a8b82da7a3c16fc2af5cdc6fd69a height=214 version=0x30000000 log2_work=8.748193 tx=2996 date='2025-11-02T11:58:12Z' progress=1.000000 cache=0.3MiB(525txo)
2025-11-02T11:59:13Z UpdateTip: new best=742b56e1e63f3d14a23366fe7e024aa6e7d32f9e5e13526094bfb7c63d45e197 height=215 version=0x30000000 log2_work=8.754888 tx=3033 date='2025-11-02T11:58:17Z' progress=1.000000 cache=0.3MiB(524txo)
2025-11-02T11:59:13Z UpdateTip: new best=60203c6407e40de8c93d5476059f9377c79d7c58e18e1c07cba9957f067c5912 height=216 version=0x30000000 log2_work=8.761551 tx=3084 date='2025-11-02T11:58:22Z' progress=1.000000 cache=0.3MiB(547txo)
2025-11-02T11:59:13Z UpdateTip: new best=0d3a260a2e97ebe343785328ac0092d91a753851b51ded4e24b1239799f97851 height=217 version=0x30000000 log2_work=8.768184 tx=3132 date='2025-11-02T11:58:27Z' progress=1.000000 cache=0.3MiB(536txo)
2025-11-02T11:59:13Z UpdateTip: new best=51c111cc0630bdad3207a62522145929b2e4e770ef3ced3b992ff664c9949252 height=218 version=0x30000000 log2_work=8.774787 tx=3168 date='2025-11-02T11:58:32Z' progress=1.000000 cache=0.3MiB(543txo)
2025-11-02T11:59:13Z UpdateTip: new best=02be7eddc08cec3f4706e73af41467a5aec92c26c6aa30155ecdf95f31b3a28a height=219 version=0x30000000 log2_work=8.781360 tx=3210 date='2025-11-02T11:58:38Z' progress=1.000000 cache=0.3MiB(549txo)
2025-11-02T11:59:13Z UpdateTip: new best=513c9e075a41495517992766f39389eaeddfc01d6619bfa0aa29c79c72b0e95c height=220 version=0x30000000 log2_work=8.787903 tx=3252 date='2025-11-02T11:58:43Z' progress=1.000000 cache=0.3MiB(556txo)
2025-11-02T11:59:13Z UpdateTip: new best=1c8387f022c99370169f1899d88749e8c1aea1ca6bbd03bcd53b31faa67dd344 height=221 version=0x30000000 log2_work=8.794416 tx=3282 date='2025-11-02T11:58:48Z' progress=1.000000 cache=0.3MiB(553txo)
2025-11-02T11:59:13Z UpdateTip: new best=57814feb4f3b2433f7096bb430866a3c51b8232780429a01aacbe5b284a965eb height=222 version=0x30000000 log2_work=8.800900 tx=3334 date='2025-11-02T11:58:53Z' progress=1.000000 cache=0.3MiB(562txo)
2025-11-02T11:59:13Z UpdateTip: new best=659b1b52478274150ed44d1a18ef7da0852015e49d20403e002c7f1ae9568e89 height=223 version=0x30000000 log2_work=8.807355 tx=3343 date='2025-11-02T11:58:59Z' progress=1.000000 cache=0.3MiB(563txo)
2025-11-02T11:59:17Z Saw new header hash=583b56d1b5f0132505af61170b297b9bd8a1b2a07e80646891493952000003d0 height=224
2025-11-02T11:59:17Z Saw new cmpctblock header hash=583b56d1b5f0132505af61170b297b9bd8a1b2a07e80646891493952000003d0 peer=2
2025-11-02T11:59:17Z Saw new header hash=69ae62cca1ba01cf51097af10adac75c3402a04677542c8252546233954040c3 height=225
2025-11-02T11:59:17Z Saw new cmpctblock header hash=69ae62cca1ba01cf51097af10adac75c3402a04677542c8252546233954040c3 peer=1
2025-11-02T11:59:17Z Saw new header hash=1e66532ca9903f94d7ec950910d3e36b1e707cee64b02f396f0688d3004dc380 height=226
2025-11-02T11:59:17Z Saw new cmpctblock header hash=1e66532ca9903f94d7ec950910d3e36b1e707cee64b02f396f0688d3004dc380 peer=2
2025-11-02T11:59:17Z UpdateTip: new best=583b56d1b5f0132505af61170b297b9bd8a1b2a07e80646891493952000003d0 height=224 version=0x30000000 log2_work=8.813781 tx=3420 date='2025-11-02T11:59:04Z' progress=1.000000 cache=0.3MiB(579txo)
2025-11-02T11:59:17Z UpdateTip: new best=69ae62cca1ba01cf51097af10adac75c3402a04677542c8252546233954040c3 height=225 version=0x30000000 log2_work=8.820179 tx=3446 date='2025-11-02T11:59:09Z' progress=1.000000 cache=0.3MiB(584txo)
2025-11-02T11:59:17Z UpdateTip: new best=1e66532ca9903f94d7ec950910d3e36b1e707cee64b02f396f0688d3004dc380 height=226 version=0x30000000 log2_work=8.826548 tx=3493 date='2025-11-02T11:59:14Z' progress=1.000000 cache=0.3MiB(605txo)
2025-11-02T11:59:22Z Saw new header hash=260b84176ca2fa41abf60df02e05a60ed243ea3e2ede38db50e6b6c61cbe66db height=227
2025-11-02T11:59:22Z Saw new cmpctblock header hash=260b84176ca2fa41abf60df02e05a60ed243ea3e2ede38db50e6b6c61cbe66db peer=2
2025-11-02T11:59:22Z UpdateTip: new best=260b84176ca2fa41abf60df02e05a60ed243ea3e2ede38db50e6b6c61cbe66db height=227 version=0x30000000 log2_work=8.832890 tx=3527 date='2025-11-02T11:59:19Z' progress=1.000000 cache=0.3MiB(607txo)
2025-11-02T11:59:27Z Saw new header hash=7a55c8b2159855d745156b3b16848050e153bb321d475d0977e4011b4be0c1d2 height=228
2025-11-02T11:59:27Z Saw new cmpctblock header hash=7a55c8b2159855d745156b3b16848050e153bb321d475d0977e4011b4be0c1d2 peer=2
2025-11-02T11:59:27Z UpdateTip: new best=7a55c8b2159855d745156b3b16848050e153bb321d475d0977e4011b4be0c1d2 height=228 version=0x30000000 log2_work=8.839204 tx=3560 date='2025-11-02T11:59:25Z' progress=1.000000 cache=0.3MiB(617txo)
2025-11-02T11:59:32Z Saw new header hash=7d9b5158bd9ae42cdb680839fe208fc02c86c9e1759a59051d822f01bf1c60ce height=229
2025-11-02T11:59:32Z Saw new cmpctblock header hash=7d9b5158bd9ae42cdb680839fe208fc02c86c9e1759a59051d822f01bf1c60ce peer=2
2025-11-02T11:59:32Z UpdateTip: new best=7d9b5158bd9ae42cdb680839fe208fc02c86c9e1759a59051d822f01bf1c60ce height=229 version=0x30000000 log2_work=8.845490 tx=3596 date='2025-11-02T11:59:30Z' progress=1.000000 cache=0.3MiB(619txo)
2025-11-02T11:59:39Z Saw new header hash=34755a901ba94aa36e493b0943ef620eadc4e98db310ac821334a76b15890700 height=230
2025-11-02T11:59:39Z Saw new cmpctblock header hash=34755a901ba94aa36e493b0943ef620eadc4e98db310ac821334a76b15890700 peer=1
2025-11-02T11:59:39Z UpdateTip: new best=34755a901ba94aa36e493b0943ef620eadc4e98db310ac821334a76b15890700 height=230 version=0x30000000 log2_work=8.851749 tx=3638 date='2025-11-02T11:59:35Z' progress=1.000000 cache=0.3MiB(621txo)
2025-11-02T11:59:43Z Saw new header hash=6dbe646e342325ee563f266e1b47d8d1ed5cb4ac14a1de63e5664b6c5d511587 height=231
2025-11-02T11:59:43Z Saw new cmpctblock header hash=6dbe646e342325ee563f266e1b47d8d1ed5cb4ac14a1de63e5664b6c5d511587 peer=2
2025-11-02T11:59:43Z UpdateTip: new best=6dbe646e342325ee563f266e1b47d8d1ed5cb4ac14a1de63e5664b6c5d511587 height=231 version=0x30000000 log2_work=8.857981 tx=3677 date='2025-11-02T11:59:40Z' progress=1.000000 cache=0.3MiB(640txo)
2025-11-02T11:59:48Z Saw new header hash=435f9072cf851f2e50885ff6c10efada288fe731c27f6aca73f18cd88eaa84eb height=232
2025-11-02T11:59:48Z Saw new cmpctblock header hash=435f9072cf851f2e50885ff6c10efada288fe731c27f6aca73f18cd88eaa84eb peer=2
2025-11-02T11:59:48Z UpdateTip: new best=435f9072cf851f2e50885ff6c10efada288fe731c27f6aca73f18cd88eaa84eb height=232 version=0x30000000 log2_work=8.864186 tx=3696 date='2025-11-02T11:59:45Z' progress=1.000000 cache=0.3MiB(648txo)
2025-11-02T11:59:53Z Saw new header hash=58b56af80a212c238485b649c5d0dd41ca51282f4a3a51e8fa859cef2f48a077 height=233
2025-11-02T11:59:53Z Saw new cmpctblock header hash=58b56af80a212c238485b649c5d0dd41ca51282f4a3a51e8fa859cef2f48a077 peer=1
2025-11-02T11:59:54Z UpdateTip: new best=58b56af80a212c238485b649c5d0dd41ca51282f4a3a51e8fa859cef2f48a077 height=233 version=0x30000000 log2_work=8.870365 tx=3736 date='2025-11-02T11:59:51Z' progress=1.000000 cache=0.3MiB(665txo)
2025-11-02T11:59:58Z Saw new header hash=7bb1adfbaf13ac4744717c61e8c712ed177fab66938bb2210e945f01d4d6533e height=234
2025-11-02T11:59:58Z Saw new cmpctblock header hash=7bb1adfbaf13ac4744717c61e8c712ed177fab66938bb2210e945f01d4d6533e peer=2
2025-11-02T11:59:58Z UpdateTip: new best=7bb1adfbaf13ac4744717c61e8c712ed177fab66938bb2210e945f01d4d6533e height=234 version=0x30000000 log2_work=8.876517 tx=3765 date='2025-11-02T11:59:56Z' progress=1.000000 cache=0.3MiB(658txo)
2025-11-02T12:00:03Z Saw new header hash=2b443da016f705a83597239ba2e1b9a21998d5e3f4811f55491a1eb1f07bccc1 height=235
2025-11-02T12:00:03Z Saw new cmpctblock header hash=2b443da016f705a83597239ba2e1b9a21998d5e3f4811f55491a1eb1f07bccc1 peer=2
2025-11-02T12:00:03Z UpdateTip: new best=2b443da016f705a83597239ba2e1b9a21998d5e3f4811f55491a1eb1f07bccc1 height=235 version=0x30000000 log2_work=8.882643 tx=3783 date='2025-11-02T12:00:01Z' progress=1.000000 cache=0.3MiB(657txo)
2025-11-02T12:00:10Z Saw new header hash=04ae50d4333f2657c7ab0865496574e9d95ecfe073855433e991fb7a7c4f8482 height=236
2025-11-02T12:00:10Z Saw new cmpctblock header hash=04ae50d4333f2657c7ab0865496574e9d95ecfe073855433e991fb7a7c4f8482 peer=1
2025-11-02T12:00:11Z UpdateTip: new best=04ae50d4333f2657c7ab0865496574e9d95ecfe073855433e991fb7a7c4f8482 height=236 version=0x30000000 log2_work=8.888743 tx=3834 date='2025-11-02T12:00:06Z' progress=1.000000 cache=0.3MiB(668txo)
2025-11-02T12:00:14Z Saw new header hash=62dda42907edc2d456c0e7778993085a0bc23fe9cb5dca0165d23caea633b1c8 height=237
2025-11-02T12:00:14Z Saw new cmpctblock header hash=62dda42907edc2d456c0e7778993085a0bc23fe9cb5dca0165d23caea633b1c8 peer=2
2025-11-02T12:00:14Z UpdateTip: new best=62dda42907edc2d456c0e7778993085a0bc23fe9cb5dca0165d23caea633b1c8 height=237 version=0x30000000 log2_work=8.894818 tx=3867 date='2025-11-02T12:00:11Z' progress=1.000000 cache=0.3MiB(684txo)
2025-11-02T12:00:19Z Saw new header hash=5ad565258f62ccec782f56323d13a8e2e18a6e7650950c205af972ed7c99aba1 height=238
2025-11-02T12:00:19Z Saw new cmpctblock header hash=5ad565258f62ccec782f56323d13a8e2e18a6e7650950c205af972ed7c99aba1 peer=1
2025-11-02T12:00:19Z UpdateTip: new best=5ad565258f62ccec782f56323d13a8e2e18a6e7650950c205af972ed7c99aba1 height=238 version=0x30000000 log2_work=8.900867 tx=3899 date='2025-11-02T12:00:16Z' progress=1.000000 cache=0.3MiB(690txo)
2025-11-02T12:00:24Z Saw new header hash=62e09299d8c9b07b06db7e17cf6cbfcda08ffd314e9dd6acd58377225c617f1c height=239
2025-11-02T12:00:24Z Saw new cmpctblock header hash=62e09299d8c9b07b06db7e17cf6cbfcda08ffd314e9dd6acd58377225c617f1c peer=1
2025-11-02T12:00:24Z UpdateTip: new best=62e09299d8c9b07b06db7e17cf6cbfcda08ffd314e9dd6acd58377225c617f1c height=239 version=0x30000000 log2_work=8.906891 tx=3935 date='2025-11-02T12:00:21Z' progress=1.000000 cache=0.3MiB(696txo)
2025-11-02T12:00:29Z Saw new header hash=1329eed50acf3b780c210c055a8f63baabcb4c71a2bce395889a6e7b9a4b9908 height=240
2025-11-02T12:00:29Z Saw new cmpctblock header hash=1329eed50acf3b780c210c055a8f63baabcb4c71a2bce395889a6e7b9a4b9908 peer=1
2025-11-02T12:00:29Z UpdateTip: new best=1329eed50acf3b780c210c055a8f63baabcb4c71a2bce395889a6e7b9a4b9908 height=240 version=0x30000000 log2_work=8.912889 tx=3974 date='2025-11-02T12:00:27Z' progress=1.000000 cache=0.3MiB(702txo)
2025-11-02T12:00:36Z Saw new header hash=44feaa2734a44d4f723ee94b788c30f3e4502935f62c4c2161825837f95b02b4 height=241
2025-11-02T12:00:36Z Saw new cmpctblock header hash=44feaa2734a44d4f723ee94b788c30f3e4502935f62c4c2161825837f95b02b4 peer=1
2025-11-02T12:00:36Z UpdateTip: new best=44feaa2734a44d4f723ee94b788c30f3e4502935f62c4c2161825837f95b02b4 height=241 version=0x30000000 log2_work=8.918863 tx=4019 date='2025-11-02T12:00:32Z' progress=1.000000 cache=0.3MiB(710txo)
2025-11-02T12:00:40Z Saw new header hash=36d1ae1d4a27f466d4f7830fae522708040c80a5dbb3fe828b33aec7a7e52307 height=242
2025-11-02T12:00:40Z Saw new cmpctblock header hash=36d1ae1d4a27f466d4f7830fae522708040c80a5dbb3fe828b33aec7a7e52307 peer=1
2025-11-02T12:00:40Z UpdateTip: new best=36d1ae1d4a27f466d4f7830fae522708040c80a5dbb3fe828b33aec7a7e52307 height=242 version=0x30000000 log2_work=8.924813 tx=4052 date='2025-11-02T12:00:37Z' progress=1.000000 cache=0.3MiB(710txo)
2025-11-02T12:00:45Z Saw new header hash=0b8109ffed2b8d72fbf2d97d30b048f22d2afbeb2d40bbb89bf82de8b63a50bd height=243
2025-11-02T12:00:45Z Saw new cmpctblock header hash=0b8109ffed2b8d72fbf2d97d30b048f22d2afbeb2d40bbb89bf82de8b63a50bd peer=1
2025-11-02T12:00:45Z UpdateTip: new best=0b8109ffed2b8d72fbf2d97d30b048f22d2afbeb2d40bbb89bf82de8b63a50bd height=243 version=0x30000000 log2_work=8.930737 tx=4088 date='2025-11-02T12:00:42Z' progress=1.000000 cache=0.3MiB(711txo)
2025-11-02T12:00:52Z Saw new header hash=77c112b83a38b403756a4653ad1493c552efc2fbd0de9bd15da6eb3216759e1a height=244
2025-11-02T12:00:52Z Saw new cmpctblock header hash=77c112b83a38b403756a4653ad1493c552efc2fbd0de9bd15da6eb3216759e1a peer=1
2025-11-02T12:00:52Z UpdateTip: new best=77c112b83a38b403756a4653ad1493c552efc2fbd0de9bd15da6eb3216759e1a height=244 version=0x30000000 log2_work=8.936638 tx=4126 date='2025-11-02T12:00:48Z' progress=1.000000 cache=0.3MiB(706txo)
2025-11-02T12:00:55Z Saw new header hash=3db68fea231fc1b501e049f0ae0e530b7550628a61c86d229149a6933ec581e7 height=245
2025-11-02T12:00:55Z Saw new cmpctblock header hash=3db68fea231fc1b501e049f0ae0e530b7550628a61c86d229149a6933ec581e7 peer=1
2025-11-02T12:00:55Z UpdateTip: new best=3db68fea231fc1b501e049f0ae0e530b7550628a61c86d229149a6933ec581e7 height=245 version=0x30000000 log2_work=8.942515 tx=4149 date='2025-11-02T12:00:53Z' progress=1.000000 cache=0.3MiB(694txo)
2025-11-02T12:01:02Z Saw new header hash=2523e8edca1c80e1245b1639294f8b15e6ab965ea93eb2f97b43bd82b6378018 height=246
2025-11-02T12:01:02Z Saw new cmpctblock header hash=2523e8edca1c80e1245b1639294f8b15e6ab965ea93eb2f97b43bd82b6378018 peer=2
2025-11-02T12:01:02Z UpdateTip: new best=2523e8edca1c80e1245b1639294f8b15e6ab965ea93eb2f97b43bd82b6378018 height=246 version=0x30000000 log2_work=8.948367 tx=4200 date='2025-11-02T12:00:58Z' progress=1.000000 cache=0.3MiB(695txo)
2025-11-02T12:01:04Z Saw new header hash=771f183970265007db554acf04b22d864ec7af44462171ee0d7f37e430279425 height=247
2025-11-02T12:01:04Z Saw new cmpctblock header hash=771f183970265007db554acf04b22d864ec7af44462171ee0d7f37e430279425 peer=2
2025-11-02T12:01:04Z UpdateTip: new best=771f183970265007db554acf04b22d864ec7af44462171ee0d7f37e430279425 height=247 version=0x30000000 log2_work=8.954196 tx=4201 date='2025-11-02T12:01:03Z' progress=1.000000 cache=0.3MiB(696txo)
2025-11-02T12:01:13Z Saw new header hash=4f88486aa8b6bbe5c07a481b8466303a81468cb4d73308e2d3d89da0fa8eaee8 height=248
2025-11-02T12:01:13Z Saw new cmpctblock header hash=4f88486aa8b6bbe5c07a481b8466303a81468cb4d73308e2d3d89da0fa8eaee8 peer=2
2025-11-02T12:01:13Z UpdateTip: new best=4f88486aa8b6bbe5c07a481b8466303a81468cb4d73308e2d3d89da0fa8eaee8 height=248 version=0x30000000 log2_work=8.960002 tx=4267 date='2025-11-02T12:01:09Z' progress=1.000000 cache=0.3MiB(696txo)
2025-11-02T12:01:18Z Saw new header hash=730e0058d096f3583d18345ff163c2cddc48abbca08b6b1bbb81acf214e747bb height=249
2025-11-02T12:01:18Z Saw new cmpctblock header hash=730e0058d096f3583d18345ff163c2cddc48abbca08b6b1bbb81acf214e747bb peer=2
2025-11-02T12:01:18Z UpdateTip: new best=730e0058d096f3583d18345ff163c2cddc48abbca08b6b1bbb81acf214e747bb height=249 version=0x30000000 log2_work=8.965784 tx=4306 date='2025-11-02T12:01:14Z' progress=1.000000 cache=0.3MiB(694txo)
2025-11-02T12:01:22Z Saw new header hash=3bc74fb251c76b93537c95d213f9bc2ed8c5bee8772c096866a98b823b54ee68 height=250
2025-11-02T12:01:22Z Saw new cmpctblock header hash=3bc74fb251c76b93537c95d213f9bc2ed8c5bee8772c096866a98b823b54ee68 peer=2
2025-11-02T12:01:22Z UpdateTip: new best=3bc74fb251c76b93537c95d213f9bc2ed8c5bee8772c096866a98b823b54ee68 height=250 version=0x30000000 log2_work=8.971544 tx=4327 date='2025-11-02T12:01:19Z' progress=1.000000 cache=0.3MiB(705txo)
2025-11-02T12:01:28Z Saw new header hash=23df1c1b9a5445b4fcdd7be02aa90e3aadb3abab14d95a6353bca5995dd6abbc height=251
2025-11-02T12:01:28Z Saw new cmpctblock header hash=23df1c1b9a5445b4fcdd7be02aa90e3aadb3abab14d95a6353bca5995dd6abbc peer=1
2025-11-02T12:01:28Z UpdateTip: new best=23df1c1b9a5445b4fcdd7be02aa90e3aadb3abab14d95a6353bca5995dd6abbc height=251 version=0x30000000 log2_work=8.977280 tx=4363 date='2025-11-02T12:01:24Z' progress=1.000000 cache=0.3MiB(698txo)
2025-11-02T12:01:32Z Saw new header hash=290a3d08e41baa76d67290e0bc4b0c1d7d46267e43ebb6d7a355f3c3e1b275d7 height=252
2025-11-02T12:01:32Z Saw new cmpctblock header hash=290a3d08e41baa76d67290e0bc4b0c1d7d46267e43ebb6d7a355f3c3e1b275d7 peer=2
2025-11-02T12:01:32Z UpdateTip: new best=290a3d08e41baa76d67290e0bc4b0c1d7d46267e43ebb6d7a355f3c3e1b275d7 height=252 version=0x30000000 log2_work=8.982994 tx=4392 date='2025-11-02T12:01:30Z' progress=1.000000 cache=0.3MiB(717txo)
2025-11-02T12:01:39Z Saw new header hash=3bacd17a145b4e8726fb45ddfe47255ac9506f526885776a5e71a060b09dc67c height=253
2025-11-02T12:01:39Z Saw new cmpctblock header hash=3bacd17a145b4e8726fb45ddfe47255ac9506f526885776a5e71a060b09dc67c peer=1
2025-11-02T12:01:39Z UpdateTip: new best=3bacd17a145b4e8726fb45ddfe47255ac9506f526885776a5e71a060b09dc67c height=253 version=0x30000000 log2_work=8.988685 tx=4432 date='2025-11-02T12:01:35Z' progress=1.000000 cache=0.3MiB(718txo)
2025-11-02T12:01:42Z Saw new header hash=153319d63b54ba815aae264c72f3a9dca24a878cc1bbc628d90f92e69743bf22 height=254
2025-11-02T12:01:42Z Saw new cmpctblock header hash=153319d63b54ba815aae264c72f3a9dca24a878cc1bbc628d90f92e69743bf22 peer=2
2025-11-02T12:01:42Z UpdateTip: new best=153319d63b54ba815aae264c72f3a9dca24a878cc1bbc628d90f92e69743bf22 height=254 version=0x30000000 log2_work=8.994353 tx=4444 date='2025-11-02T12:01:40Z' progress=1.000000 cache=0.3MiB(718txo)
2025-11-02T12:01:48Z Saw new header hash=6ccf53da016199bdc3166ae1999c65b8f1f8829792a704e0bd16e373dd274e70 height=255
2025-11-02T12:01:48Z Saw new cmpctblock header hash=6ccf53da016199bdc3166ae1999c65b8f1f8829792a704e0bd16e373dd274e70 peer=1
2025-11-02T12:01:48Z UpdateTip: new best=6ccf53da016199bdc3166ae1999c65b8f1f8829792a704e0bd16e373dd274e70 height=255 version=0x30000000 log2_work=9.000000 tx=4482 date='2025-11-02T12:01:45Z' progress=1.000000 cache=0.3MiB(730txo)
2025-11-02T12:01:54Z Saw new header hash=2963c31ea0666ceb1d2819085a3bd1b8d09db553ad582dda4144a037e11faca5 height=256
2025-11-02T12:01:54Z Saw new cmpctblock header hash=2963c31ea0666ceb1d2819085a3bd1b8d09db553ad582dda4144a037e11faca5 peer=1
2025-11-02T12:01:54Z UpdateTip: new best=2963c31ea0666ceb1d2819085a3bd1b8d09db553ad582dda4144a037e11faca5 height=256 version=0x30000000 log2_work=9.005625 tx=4545 date='2025-11-02T12:01:50Z' progress=1.000000 cache=0.3MiB(729txo)
2025-11-02T12:01:58Z Saw new header hash=0903b2183f382547ae600233800fcb4f907e62fd906422687f809eb9f6e0f012 height=257
2025-11-02T12:01:58Z Saw new cmpctblock header hash=0903b2183f382547ae600233800fcb4f907e62fd906422687f809eb9f6e0f012 peer=2
2025-11-02T12:01:58Z UpdateTip: new best=0903b2183f382547ae600233800fcb4f907e62fd906422687f809eb9f6e0f012 height=257 version=0x30000000 log2_work=9.011227 tx=4573 date='2025-11-02T12:01:55Z' progress=1.000000 cache=0.3MiB(731txo)
2025-11-02T12:02:04Z Saw new header hash=12529a4be6b60bdcea27876becaa5b8d65461ae9293161a0f39743e0e303cbb0 height=258
2025-11-02T12:02:04Z Saw new cmpctblock header hash=12529a4be6b60bdcea27876becaa5b8d65461ae9293161a0f39743e0e303cbb0 peer=1
2025-11-02T12:02:04Z UpdateTip: new best=12529a4be6b60bdcea27876becaa5b8d65461ae9293161a0f39743e0e303cbb0 height=258 version=0x30000000 log2_work=9.016808 tx=4621 date='2025-11-02T12:02:00Z' progress=1.000000 cache=0.3MiB(741txo)
2025-11-02T12:02:07Z Saw new header hash=2e4ade619518021712fedb37ffe29b842c00de1a876d70fec7f905ee2b0195df height=259
2025-11-02T12:02:07Z Saw new cmpctblock header hash=2e4ade619518021712fedb37ffe29b842c00de1a876d70fec7f905ee2b0195df peer=2
2025-11-02T12:02:07Z UpdateTip: new best=2e4ade619518021712fedb37ffe29b842c00de1a876d70fec7f905ee2b0195df height=259 version=0x30000000 log2_work=9.022368 tx=4622 date='2025-11-02T12:02:06Z' progress=1.000000 cache=0.3MiB(742txo)
2025-11-02T12:02:15Z Saw new header hash=6d40b2c7cf167d7f8b662b3590a6919eb2ff9ff0bf78ec5e6b6b5c45e30ce484 height=260
2025-11-02T12:02:15Z Saw new cmpctblock header hash=6d40b2c7cf167d7f8b662b3590a6919eb2ff9ff0bf78ec5e6b6b5c45e30ce484 peer=2
2025-11-02T12:02:15Z UpdateTip: new best=6d40b2c7cf167d7f8b662b3590a6919eb2ff9ff0bf78ec5e6b6b5c45e30ce484 height=260 version=0x30000000 log2_work=9.027906 tx=4664 date='2025-11-02T12:02:11Z' progress=1.000000 cache=0.3MiB(745txo)
2025-11-02T12:02:20Z Saw new header hash=4960fe2b8467d7232e43195640055234429586e2173f1f9b99017afe73b24d2e height=261
2025-11-02T12:02:20Z Saw new cmpctblock header hash=4960fe2b8467d7232e43195640055234429586e2173f1f9b99017afe73b24d2e peer=2
2025-11-02T12:02:20Z UpdateTip: new best=4960fe2b8467d7232e43195640055234429586e2173f1f9b99017afe73b24d2e height=261 version=0x30000000 log2_work=9.033423 tx=4727 date='2025-11-02T12:02:16Z' progress=1.000000 cache=0.3MiB(710txo)
2025-11-02T12:02:24Z Saw new header hash=708feadfd0c0963a4ac7ccae65b88d0b8c4eab95b5c1bda210d1d25c315b9a49 height=262
2025-11-02T12:02:24Z Saw new cmpctblock header hash=708feadfd0c0963a4ac7ccae65b88d0b8c4eab95b5c1bda210d1d25c315b9a49 peer=2
2025-11-02T12:02:24Z UpdateTip: new best=708feadfd0c0963a4ac7ccae65b88d0b8c4eab95b5c1bda210d1d25c315b9a49 height=262 version=0x30000000 log2_work=9.038919 tx=4758 date='2025-11-02T12:02:21Z' progress=1.000000 cache=0.3MiB(715txo)
2025-11-02T12:02:31Z Saw new header hash=5a3aeeeecaf85bf95f806beac3f32c8342458ded7a4d8ddbbbacef3c3ad5e67b height=263
2025-11-02T12:02:31Z Saw new cmpctblock header hash=5a3aeeeecaf85bf95f806beac3f32c8342458ded7a4d8ddbbbacef3c3ad5e67b peer=2
2025-11-02T12:02:31Z UpdateTip: new best=5a3aeeeecaf85bf95f806beac3f32c8342458ded7a4d8ddbbbacef3c3ad5e67b height=263 version=0x30000000 log2_work=9.044394 tx=4807 date='2025-11-02T12:02:27Z' progress=1.000000 cache=0.3MiB(736txo)
2025-11-02T12:02:34Z Saw new header hash=76cd33787a0f657b55f4d9bbf4980398279b0785ebfd9272377a41e3e2355395 height=264
2025-11-02T12:02:34Z Saw new cmpctblock header hash=76cd33787a0f657b55f4d9bbf4980398279b0785ebfd9272377a41e3e2355395 peer=1
2025-11-02T12:02:34Z UpdateTip: new best=76cd33787a0f657b55f4d9bbf4980398279b0785ebfd9272377a41e3e2355395 height=264 version=0x30000000 log2_work=9.049849 tx=4827 date='2025-11-02T12:02:32Z' progress=1.000000 cache=0.3MiB(734txo)
2025-11-02T12:02:41Z Saw new header hash=7dafeb23b942cf4035f078ae1859a4b8a2919e9461c56e81112c4d93b1add89a height=265
2025-11-02T12:02:41Z Saw new cmpctblock header hash=7dafeb23b942cf4035f078ae1859a4b8a2919e9461c56e81112c4d93b1add89a peer=2
2025-11-02T12:02:41Z UpdateTip: new best=7dafeb23b942cf4035f078ae1859a4b8a2919e9461c56e81112c4d93b1add89a height=265 version=0x30000000 log2_work=9.055282 tx=4882 date='2025-11-02T12:02:37Z' progress=1.000000 cache=0.3MiB(735txo)
2025-11-02T12:02:45Z Saw new header hash=333316ba74528c7dc91f7a806174a161443469b0acfe69bf8a103532a8bc92b6 height=266
2025-11-02T12:02:45Z Saw new cmpctblock header hash=333316ba74528c7dc91f7a806174a161443469b0acfe69bf8a103532a8bc92b6 peer=1
2025-11-02T12:02:45Z UpdateTip: new best=333316ba74528c7dc91f7a806174a161443469b0acfe69bf8a103532a8bc92b6 height=266 version=0x30000000 log2_work=9.060696 tx=4919 date='2025-11-02T12:02:42Z' progress=1.000000 cache=0.3MiB(743txo)
2025-11-02T12:02:50Z Saw new header hash=7c94793a35b2adb1cdd451fa3c36b834ac28efd48a7fb962c682800226feb9bc height=267
2025-11-02T12:02:50Z Saw new cmpctblock header hash=7c94793a35b2adb1cdd451fa3c36b834ac28efd48a7fb962c682800226feb9bc peer=1
2025-11-02T12:02:50Z UpdateTip: new best=7c94793a35b2adb1cdd451fa3c36b834ac28efd48a7fb962c682800226feb9bc height=267 version=0x30000000 log2_work=9.066089 tx=4946 date='2025-11-02T12:02:48Z' progress=1.000000 cache=0.3MiB(755txo)
2025-11-02T12:02:55Z Saw new header hash=01df494142594eb832e70afe02dffc928d7b736a28f5489acc83007a11b8fab3 height=268
2025-11-02T12:02:55Z Saw new cmpctblock header hash=01df494142594eb832e70afe02dffc928d7b736a28f5489acc83007a11b8fab3 peer=1
2025-11-02T12:02:55Z UpdateTip: new best=01df494142594eb832e70afe02dffc928d7b736a28f5489acc83007a11b8fab3 height=268 version=0x30000000 log2_work=9.071462 tx=4957 date='2025-11-02T12:02:53Z' progress=1.000000 cache=0.3MiB(753txo)
2025-11-02T12:03:02Z Saw new header hash=396e9789360a4bb9babed15ccb365c57760be7953ece01b24038be1d38923f10 height=269
2025-11-02T12:03:02Z Saw new cmpctblock header hash=396e9789360a4bb9babed15ccb365c57760be7953ece01b24038be1d38923f10 peer=2
2025-11-02T12:03:02Z UpdateTip: new best=396e9789360a4bb9babed15ccb365c57760be7953ece01b24038be1d38923f10 height=269 version=0x30000000 log2_work=9.076816 tx=5029 date='2025-11-02T12:02:58Z' progress=1.000000 cache=0.3MiB(751txo)
2025-11-02T12:03:06Z Saw new header hash=713fb0d767466313da714589f911c02c667e49fca8cbe3d5fc7d12b9830b08cc height=270
2025-11-02T12:03:06Z Saw new cmpctblock header hash=713fb0d767466313da714589f911c02c667e49fca8cbe3d5fc7d12b9830b08cc peer=2
2025-11-02T12:03:06Z UpdateTip: new best=713fb0d767466313da714589f911c02c667e49fca8cbe3d5fc7d12b9830b08cc height=270 version=0x30000000 log2_work=9.082149 tx=5052 date='2025-11-02T12:03:03Z' progress=1.000000 cache=0.3MiB(752txo)
2025-11-02T12:03:11Z Saw new header hash=0ba4fbff0db1367195a9eae3f4d8d6b9898780b7736d89d0bab913d27ce06d5d height=271
2025-11-02T12:03:11Z Saw new cmpctblock header hash=0ba4fbff0db1367195a9eae3f4d8d6b9898780b7736d89d0bab913d27ce06d5d peer=2
2025-11-02T12:03:11Z UpdateTip: new best=0ba4fbff0db1367195a9eae3f4d8d6b9898780b7736d89d0bab913d27ce06d5d height=271 version=0x30000000 log2_work=9.087463 tx=5088 date='2025-11-02T12:03:09Z' progress=1.000000 cache=0.3MiB(757txo)
2025-11-02T12:03:18Z Saw new header hash=46a7878394e1df7642687d7c1cd130f08f12be709f190d58324c894bb792ee7b height=272
2025-11-02T12:03:18Z Saw new cmpctblock header hash=46a7878394e1df7642687d7c1cd130f08f12be709f190d58324c894bb792ee7b peer=1
2025-11-02T12:03:18Z UpdateTip: new best=46a7878394e1df7642687d7c1cd130f08f12be709f190d58324c894bb792ee7b height=272 version=0x30000000 log2_work=9.092757 tx=5141 date='2025-11-02T12:03:14Z' progress=1.000000 cache=0.3MiB(782txo)
2025-11-02T12:03:22Z Saw new header hash=16674feec23d2bf84d12f4b04ca5a4a441dafc13b84ab7a3d18211d22dcbb6c9 height=273
2025-11-02T12:03:22Z Saw new cmpctblock header hash=16674feec23d2bf84d12f4b04ca5a4a441dafc13b84ab7a3d18211d22dcbb6c9 peer=1
2025-11-02T12:03:22Z UpdateTip: new best=16674feec23d2bf84d12f4b04ca5a4a441dafc13b84ab7a3d18211d22dcbb6c9 height=273 version=0x30000000 log2_work=9.098032 tx=5171 date='2025-11-02T12:03:19Z' progress=1.000000 cache=0.3MiB(788txo)
2025-11-02T12:03:28Z Saw new header hash=77540325be373303e6e6fd71014054f31d289e9afde78b2484b644ee49024457 height=274
2025-11-02T12:03:28Z Saw new cmpctblock header hash=77540325be373303e6e6fd71014054f31d289e9afde78b2484b644ee49024457 peer=1
2025-11-02T12:03:28Z UpdateTip: new best=77540325be373303e6e6fd71014054f31d289e9afde78b2484b644ee49024457 height=274 version=0x30000000 log2_work=9.103288 tx=5213 date='2025-11-02T12:03:24Z' progress=1.000000 cache=0.3MiB(776txo)
2025-11-02T12:03:32Z Saw new header hash=66279b97b6a30e9a794c43c0f69a9969e7243724af016b98e8c9752ff469c678 height=275
2025-11-02T12:03:32Z Saw new cmpctblock header hash=66279b97b6a30e9a794c43c0f69a9969e7243724af016b98e8c9752ff469c678 peer=1
2025-11-02T12:03:32Z UpdateTip: new best=66279b97b6a30e9a794c43c0f69a9969e7243724af016b98e8c9752ff469c678 height=275 version=0x30000000 log2_work=9.108524 tx=5252 date='2025-11-02T12:03:29Z' progress=1.000000 cache=0.3MiB(782txo)
2025-11-02T12:03:37Z Saw new header hash=1696f2b5d5b997156d2e3656bb4067ae761a1d00b2534d85468e5286c8780627 height=276
2025-11-02T12:03:37Z Saw new cmpctblock header hash=1696f2b5d5b997156d2e3656bb4067ae761a1d00b2534d85468e5286c8780627 peer=2
2025-11-02T12:03:37Z UpdateTip: new best=1696f2b5d5b997156d2e3656bb4067ae761a1d00b2534d85468e5286c8780627 height=276 version=0x30000000 log2_work=9.113742 tx=5287 date='2025-11-02T12:03:35Z' progress=1.000000 cache=0.3MiB(774txo)
2025-11-02T12:03:42Z Saw new header hash=63db2b80eb0f4b9e055f164e1816f220fe4dc4df6e5d0f42f37c91e8c30fce4c height=277
2025-11-02T12:03:42Z Saw new cmpctblock header hash=63db2b80eb0f4b9e055f164e1816f220fe4dc4df6e5d0f42f37c91e8c30fce4c peer=2
2025-11-02T12:03:43Z UpdateTip: new best=63db2b80eb0f4b9e055f164e1816f220fe4dc4df6e5d0f42f37c91e8c30fce4c height=277 version=0x30000000 log2_work=9.118941 tx=5294 date='2025-11-02T12:03:40Z' progress=1.000000 cache=0.3MiB(776txo)
2025-11-02T12:03:49Z Saw new header hash=36cdd64f1c57ebbe26ef3736b8d507c46f7d08fcfdff108fbcb5297180d0618e height=278
2025-11-02T12:03:49Z Saw new cmpctblock header hash=36cdd64f1c57ebbe26ef3736b8d507c46f7d08fcfdff108fbcb5297180d0618e peer=2
2025-11-02T12:03:49Z UpdateTip: new best=36cdd64f1c57ebbe26ef3736b8d507c46f7d08fcfdff108fbcb5297180d0618e height=278 version=0x30000000 log2_work=9.124121 tx=5357 date='2025-11-02T12:03:45Z' progress=1.000000 cache=0.3MiB(771txo)
2025-11-02T12:03:53Z Saw new header hash=3dca20bb1076facea83e38f7246fba7f8b4f44cb04911b967685c7bfe610014a height=279
2025-11-02T12:03:53Z Saw new cmpctblock header hash=3dca20bb1076facea83e38f7246fba7f8b4f44cb04911b967685c7bfe610014a peer=1
2025-11-02T12:03:53Z UpdateTip: new best=3dca20bb1076facea83e38f7246fba7f8b4f44cb04911b967685c7bfe610014a height=279 version=0x30000000 log2_work=9.129283 tx=5399 date='2025-11-02T12:03:51Z' progress=1.000000 cache=0.3MiB(794txo)
2025-11-02T12:03:58Z Saw new header hash=7ee27fd5f574ca080ce0453737e4705e36b072aea3d7e4fe5b3db37fec177009 height=280
2025-11-02T12:03:58Z Saw new cmpctblock header hash=7ee27fd5f574ca080ce0453737e4705e36b072aea3d7e4fe5b3db37fec177009 peer=2
2025-11-02T12:03:58Z UpdateTip: new best=7ee27fd5f574ca080ce0453737e4705e36b072aea3d7e4fe5b3db37fec177009 height=280 version=0x30000000 log2_work=9.134426 tx=5416 date='2025-11-02T12:03:56Z' progress=1.000000 cache=0.3MiB(790txo)
2025-11-02T12:04:03Z Saw new header hash=3c36660f11cc71a95cd723487a10ce3de5c55e01c23b2a12d664a72ee7149b9f height=281
2025-11-02T12:04:03Z Saw new cmpctblock header hash=3c36660f11cc71a95cd723487a10ce3de5c55e01c23b2a12d664a72ee7149b9f peer=1
2025-11-02T12:04:03Z UpdateTip: new best=3c36660f11cc71a95cd723487a10ce3de5c55e01c23b2a12d664a72ee7149b9f height=281 version=0x30000000 log2_work=9.139551 tx=5452 date='2025-11-02T12:04:01Z' progress=1.000000 cache=0.3MiB(809txo)
2025-11-02T12:04:10Z Saw new header hash=3badb342f1b4c81d5e998d555f3fec1ca22e034dc4d450f6f44ff76abec4dffd height=282
2025-11-02T12:04:10Z Saw new cmpctblock header hash=3badb342f1b4c81d5e998d555f3fec1ca22e034dc4d450f6f44ff76abec4dffd peer=2
2025-11-02T12:04:10Z UpdateTip: new best=3badb342f1b4c81d5e998d555f3fec1ca22e034dc4d450f6f44ff76abec4dffd height=282 version=0x30000000 log2_work=9.144658 tx=5501 date='2025-11-02T12:04:06Z' progress=1.000000 cache=0.3MiB(832txo)
2025-11-02T12:04:14Z Saw new header hash=61ff95c123c872880ff14cc3b3d482230cc461483dbcf9ffa30e1c49ab08ce2a height=283
2025-11-02T12:04:14Z Saw new cmpctblock header hash=61ff95c123c872880ff14cc3b3d482230cc461483dbcf9ffa30e1c49ab08ce2a peer=2
2025-11-02T12:04:14Z UpdateTip: new best=61ff95c123c872880ff14cc3b3d482230cc461483dbcf9ffa30e1c49ab08ce2a height=283 version=0x30000000 log2_work=9.149747 tx=5532 date='2025-11-02T12:04:11Z' progress=1.000000 cache=0.3MiB(837txo)
2025-11-02T12:04:20Z Saw new header hash=71faec3bd4e3e97154be0f900635eb7d353301f99c013e802025cd83dd087ae0 height=284
2025-11-02T12:04:20Z Saw new cmpctblock header hash=71faec3bd4e3e97154be0f900635eb7d353301f99c013e802025cd83dd087ae0 peer=1
2025-11-02T12:04:21Z UpdateTip: new best=71faec3bd4e3e97154be0f900635eb7d353301f99c013e802025cd83dd087ae0 height=284 version=0x30000000 log2_work=9.154818 tx=5574 date='2025-11-02T12:04:16Z' progress=1.000000 cache=0.3MiB(843txo)
2025-11-02T12:04:24Z Saw new header hash=7a56fd09745861cd05fdb3ce3b5b4d47f06953b61de8e3474c01512287a3e39b height=285
2025-11-02T12:04:24Z Saw new cmpctblock header hash=7a56fd09745861cd05fdb3ce3b5b4d47f06953b61de8e3474c01512287a3e39b peer=1
2025-11-02T12:04:24Z UpdateTip: new best=7a56fd09745861cd05fdb3ce3b5b4d47f06953b61de8e3474c01512287a3e39b height=285 version=0x30000000 log2_work=9.159871 tx=5608 date='2025-11-02T12:04:22Z' progress=1.000000 cache=0.3MiB(856txo)
2025-11-02T12:04:31Z Saw new header hash=77358b95f5abd5c6a65c38e969e8e839638891adfbc7f2381f9b5505520fdb94 height=286
2025-11-02T12:04:31Z Saw new cmpctblock header hash=77358b95f5abd5c6a65c38e969e8e839638891adfbc7f2381f9b5505520fdb94 peer=2
2025-11-02T12:04:31Z UpdateTip: new best=77358b95f5abd5c6a65c38e969e8e839638891adfbc7f2381f9b5505520fdb94 height=286 version=0x30000000 log2_work=9.164907 tx=5658 date='2025-11-02T12:04:27Z' progress=1.000000 cache=0.3MiB(858txo)
2025-11-02T12:04:35Z Saw new header hash=4d32397b5f09852057af01ad3b3b852ff04c6481598d31ea39e2f5ad551ba86b height=287
2025-11-02T12:04:35Z Saw new cmpctblock header hash=4d32397b5f09852057af01ad3b3b852ff04c6481598d31ea39e2f5ad551ba86b peer=2
2025-11-02T12:04:35Z UpdateTip: new best=4d32397b5f09852057af01ad3b3b852ff04c6481598d31ea39e2f5ad551ba86b height=287 version=0x30000000 log2_work=9.169925 tx=5689 date='2025-11-02T12:04:32Z' progress=1.000000 cache=0.3MiB(868txo)
2025-11-02T12:04:40Z Saw new header hash=3ba1b5c33b161e2df4735eb7ce96ed7d442f7f46f77f6a956de45c852ce50b09 height=288
2025-11-02T12:04:40Z Saw new cmpctblock header hash=3ba1b5c33b161e2df4735eb7ce96ed7d442f7f46f77f6a956de45c852ce50b09 peer=2
2025-11-02T12:04:40Z UpdateTip: new best=3ba1b5c33b161e2df4735eb7ce96ed7d442f7f46f77f6a956de45c852ce50b09 height=288 version=0x30000000 log2_work=9.174926 tx=5694 date='2025-11-02T12:04:37Z' progress=1.000000 cache=0.3MiB(865txo)
2025-11-02T12:04:47Z Saw new header hash=16d03da15599c5e6118e866684f85a652652f57f27e6775ca488d649ff76a050 height=289
2025-11-02T12:04:47Z Saw new cmpctblock header hash=16d03da15599c5e6118e866684f85a652652f57f27e6775ca488d649ff76a050 peer=1
2025-11-02T12:04:47Z UpdateTip: new best=16d03da15599c5e6118e866684f85a652652f57f27e6775ca488d649ff76a050 height=289 version=0x30000000 log2_work=9.179909 tx=5762 date='2025-11-02T12:04:43Z' progress=1.000000 cache=0.3MiB(887txo)
2025-11-02T12:04:52Z Saw new header hash=2f29bcddde53040369b882737a2f9f90cd5a2038964c1f0a45cddacb3ac434ec height=290
2025-11-02T12:04:52Z Saw new cmpctblock header hash=2f29bcddde53040369b882737a2f9f90cd5a2038964c1f0a45cddacb3ac434ec peer=2
2025-11-02T12:04:52Z UpdateTip: new best=2f29bcddde53040369b882737a2f9f90cd5a2038964c1f0a45cddacb3ac434ec height=290 version=0x30000000 log2_work=9.184875 tx=5804 date='2025-11-02T12:04:48Z' progress=1.000000 cache=0.3MiB(872txo)
2025-11-02T12:04:55Z Saw new header hash=4b965f97a9358d642fff5b6dc20499214ffd6ef45b7fd87ade0c4b223aeab6cb height=291
2025-11-02T12:04:55Z Saw new cmpctblock header hash=4b965f97a9358d642fff5b6dc20499214ffd6ef45b7fd87ade0c4b223aeab6cb peer=2
2025-11-02T12:04:55Z UpdateTip: new best=4b965f97a9358d642fff5b6dc20499214ffd6ef45b7fd87ade0c4b223aeab6cb height=291 version=0x30000000 log2_work=9.189825 tx=5837 date='2025-11-02T12:04:53Z' progress=1.000000 cache=0.3MiB(869txo)
2025-11-02T12:05:00Z Saw new header hash=1e9b641e743828bb4596c0c8dbeee13c3a7503b96f7855a62abc28c526bddd07 height=292
2025-11-02T12:05:00Z Saw new cmpctblock header hash=1e9b641e743828bb4596c0c8dbeee13c3a7503b96f7855a62abc28c526bddd07 peer=2
2025-11-02T12:05:01Z UpdateTip: new best=1e9b641e743828bb4596c0c8dbeee13c3a7503b96f7855a62abc28c526bddd07 height=292 version=0x30000000 log2_work=9.194757 tx=5873 date='2025-11-02T12:04:58Z' progress=1.000000 cache=0.3MiB(878txo)
2025-11-02T12:05:05Z Saw new header hash=0db6c2fb450c75d8d8754e0feda44564c466625f9b5942a6468cefbd4415eb1b height=293
2025-11-02T12:05:05Z Saw new cmpctblock header hash=0db6c2fb450c75d8d8754e0feda44564c466625f9b5942a6468cefbd4415eb1b peer=1
2025-11-02T12:05:05Z UpdateTip: new best=0db6c2fb450c75d8d8754e0feda44564c466625f9b5942a6468cefbd4415eb1b height=293 version=0x30000000 log2_work=9.199672 tx=5877 date='2025-11-02T12:05:03Z' progress=1.000000 cache=0.3MiB(882txo)
2025-11-02T12:05:12Z Saw new header hash=0aa7862c04179d68b8498e8f1cf1a7a7e084a1b4014512d65e86347a663194f0 height=294
2025-11-02T12:05:12Z Saw new cmpctblock header hash=0aa7862c04179d68b8498e8f1cf1a7a7e084a1b4014512d65e86347a663194f0 peer=2
2025-11-02T12:05:12Z UpdateTip: new best=0aa7862c04179d68b8498e8f1cf1a7a7e084a1b4014512d65e86347a663194f0 height=294 version=0x30000000 log2_work=9.204571 tx=5931 date='2025-11-02T12:05:08Z' progress=1.000000 cache=0.3MiB(890txo)
2025-11-02T12:05:18Z Saw new header hash=1cd92a1b6e3aca79e0659a5ab2972364cf57becd7e95bbfe8d166e304dc5c165 height=295
2025-11-02T12:05:18Z Saw new cmpctblock header hash=1cd92a1b6e3aca79e0659a5ab2972364cf57becd7e95bbfe8d166e304dc5c165 peer=1
2025-11-02T12:05:18Z UpdateTip: new best=1cd92a1b6e3aca79e0659a5ab2972364cf57becd7e95bbfe8d166e304dc5c165 height=295 version=0x30000000 log2_work=9.209453 tx=5984 date='2025-11-02T12:05:14Z' progress=1.000000 cache=0.3MiB(889txo)
2025-11-02T12:05:21Z Saw new header hash=4d1cf495be80f45f1d33a13803c822cf79e1d41909207aa9f7c7c76190a2d636 height=296
2025-11-02T12:05:21Z Saw new cmpctblock header hash=4d1cf495be80f45f1d33a13803c822cf79e1d41909207aa9f7c7c76190a2d636 peer=2
2025-11-02T12:05:22Z UpdateTip: new best=4d1cf495be80f45f1d33a13803c822cf79e1d41909207aa9f7c7c76190a2d636 height=296 version=0x30000000 log2_work=9.214319 tx=6014 date='2025-11-02T12:05:19Z' progress=1.000000 cache=0.3MiB(901txo)
2025-11-02T12:05:27Z Saw new header hash=5eec4c7d25f5ce6bbddddf6d7c76ddde329e135dbbb34b3b28594118e67592a8 height=297
2025-11-02T12:05:27Z Saw new cmpctblock header hash=5eec4c7d25f5ce6bbddddf6d7c76ddde329e135dbbb34b3b28594118e67592a8 peer=1
2025-11-02T12:05:27Z UpdateTip: new best=5eec4c7d25f5ce6bbddddf6d7c76ddde329e135dbbb34b3b28594118e67592a8 height=297 version=0x30000000 log2_work=9.219169 tx=6044 date='2025-11-02T12:05:24Z' progress=1.000000 cache=0.3MiB(912txo)
2025-11-02T12:05:30Z Saw new header hash=0141261b0143a7dd4d3a84bf64ddefa15776c467dbbad03194a47a7622c52b89 height=298
2025-11-02T12:05:30Z Saw new cmpctblock header hash=0141261b0143a7dd4d3a84bf64ddefa15776c467dbbad03194a47a7622c52b89 peer=1
2025-11-02T12:05:30Z UpdateTip: new best=0141261b0143a7dd4d3a84bf64ddefa15776c467dbbad03194a47a7622c52b89 height=298 version=0x30000000 log2_work=9.224002 tx=6045 date='2025-11-02T12:05:29Z' progress=1.000000 cache=0.3MiB(913txo)
2025-11-02T12:05:39Z Saw new header hash=1f28845c8e4b889ef102fc0ec8747c36ea4ba03a1c579accbbe349e9e94011f6 height=299
2025-11-02T12:05:39Z Saw new cmpctblock header hash=1f28845c8e4b889ef102fc0ec8747c36ea4ba03a1c579accbbe349e9e94011f6 peer=2
2025-11-02T12:05:39Z UpdateTip: new best=1f28845c8e4b889ef102fc0ec8747c36ea4ba03a1c579accbbe349e9e94011f6 height=299 version=0x30000000 log2_work=9.228819 tx=6113 date='2025-11-02T12:05:35Z' progress=1.000000 cache=0.3MiB(918txo)
2025-11-02T12:05:42Z Saw new header hash=7be9095e6991cda61447e613588ab90719d79ff0abaf5587e8486ff176e00532 height=300
2025-11-02T12:05:42Z Saw new cmpctblock header hash=7be9095e6991cda61447e613588ab90719d79ff0abaf5587e8486ff176e00532 peer=1
2025-11-02T12:05:42Z UpdateTip: new best=7be9095e6991cda61447e613588ab90719d79ff0abaf5587e8486ff176e00532 height=300 version=0x30000000 log2_work=9.233620 tx=6143 date='2025-11-02T12:05:40Z' progress=1.000000 cache=0.3MiB(921txo)
2025-11-02T12:05:48Z Saw new header hash=36c3bab69bece227853697e93d1b02860b7e2201df9376f8d91e31e2b8feac3f height=301
2025-11-02T12:05:48Z Saw new cmpctblock header hash=36c3bab69bece227853697e93d1b02860b7e2201df9376f8d91e31e2b8feac3f peer=1
2025-11-02T12:05:48Z UpdateTip: new best=36c3bab69bece227853697e93d1b02860b7e2201df9376f8d91e31e2b8feac3f height=301 version=0x30000000 log2_work=9.238405 tx=6182 date='2025-11-02T12:05:45Z' progress=1.000000 cache=0.3MiB(922txo)
2025-11-02T12:05:53Z Saw new header hash=67d5d76845028d1cdc07403fda170186fb83be9255fa0f411880a26d7bcc44e5 height=302
2025-11-02T12:05:53Z Saw new cmpctblock header hash=67d5d76845028d1cdc07403fda170186fb83be9255fa0f411880a26d7bcc44e5 peer=2
2025-11-02T12:05:53Z UpdateTip: new best=67d5d76845028d1cdc07403fda170186fb83be9255fa0f411880a26d7bcc44e5 height=302 version=0x30000000 log2_work=9.243174 tx=6199 date='2025-11-02T12:05:50Z' progress=1.000000 cache=0.3MiB(921txo)
2025-11-02T12:05:59Z Saw new header hash=374619c8c638229f4fc9f17a85120f0acf6b179dcf9c2145904ab728dc7576f5 height=303
2025-11-02T12:05:59Z Saw new cmpctblock header hash=374619c8c638229f4fc9f17a85120f0acf6b179dcf9c2145904ab728dc7576f5 peer=1
2025-11-02T12:05:59Z UpdateTip: new best=374619c8c638229f4fc9f17a85120f0acf6b179dcf9c2145904ab728dc7576f5 height=303 version=0x30000000 log2_work=9.247928 tx=6253 date='2025-11-02T12:05:55Z' progress=1.000000 cache=0.3MiB(925txo)
2025-11-02T12:06:03Z Saw new header hash=728b6153d9a55595457d46e7b898cfbed60c5d7965b91532372284b354b9952d height=304
2025-11-02T12:06:03Z Saw new cmpctblock header hash=728b6153d9a55595457d46e7b898cfbed60c5d7965b91532372284b354b9952d peer=2
2025-11-02T12:06:03Z UpdateTip: new best=728b6153d9a55595457d46e7b898cfbed60c5d7965b91532372284b354b9952d height=304 version=0x30000000 log2_work=9.252665 tx=6256 date='2025-11-02T12:06:01Z' progress=1.000000 cache=0.3MiB(925txo)
2025-11-02T12:06:10Z Saw new header hash=4283dda0217509e4dba37415a3fa7a718d411f4c5831b9276cd54a745ec29930 height=305
2025-11-02T12:06:10Z Saw new cmpctblock header hash=4283dda0217509e4dba37415a3fa7a718d411f4c5831b9276cd54a745ec29930 peer=2
2025-11-02T12:06:10Z UpdateTip: new best=4283dda0217509e4dba37415a3fa7a718d411f4c5831b9276cd54a745ec29930 height=305 version=0x30000000 log2_work=9.257388 tx=6323 date='2025-11-02T12:06:06Z' progress=1.000000 cache=0.3MiB(932txo)
2025-11-02T12:06:13Z Saw new header hash=6877fee2c82f41726964856d166ee3265e67b685c474a200589b3be83614c4e0 height=306
2025-11-02T12:06:13Z Saw new cmpctblock header hash=6877fee2c82f41726964856d166ee3265e67b685c474a200589b3be83614c4e0 peer=1
2025-11-02T12:06:13Z UpdateTip: new best=6877fee2c82f41726964856d166ee3265e67b685c474a200589b3be83614c4e0 height=306 version=0x30000000 log2_work=9.262095 tx=6346 date='2025-11-02T12:06:11Z' progress=1.000000 cache=0.3MiB(934txo)
2025-11-02T12:06:19Z Saw new header hash=6829833096cc1cabfcf18b9a0600c55d09ee496df93b7fa6d6b94499723bab12 height=307
2025-11-02T12:06:19Z Saw new cmpctblock header hash=6829833096cc1cabfcf18b9a0600c55d09ee496df93b7fa6d6b94499723bab12 peer=2
2025-11-02T12:06:19Z UpdateTip: new best=6829833096cc1cabfcf18b9a0600c55d09ee496df93b7fa6d6b94499723bab12 height=307 version=0x30000000 log2_work=9.266787 tx=6390 date='2025-11-02T12:06:16Z' progress=1.000000 cache=0.3MiB(947txo)
2025-11-02T12:06:24Z Saw new header hash=18be155dd2025700eb570463379355bd82b0a9e4c4506f9c99882efd583a8f40 height=308
2025-11-02T12:06:24Z Saw new cmpctblock header hash=18be155dd2025700eb570463379355bd82b0a9e4c4506f9c99882efd583a8f40 peer=1
2025-11-02T12:06:24Z UpdateTip: new best=18be155dd2025700eb570463379355bd82b0a9e4c4506f9c99882efd583a8f40 height=308 version=0x30000000 log2_work=9.271463 tx=6427 date='2025-11-02T12:06:22Z' progress=1.000000 cache=0.3MiB(956txo)
2025-11-02T12:06:31Z Saw new header hash=0023e61ce40184c269d60c1ea8b23ce400f5d83556d99dbff1d528415f8a8ea1 height=309
2025-11-02T12:06:31Z Saw new cmpctblock header hash=0023e61ce40184c269d60c1ea8b23ce400f5d83556d99dbff1d528415f8a8ea1 peer=2
2025-11-02T12:06:31Z UpdateTip: new best=0023e61ce40184c269d60c1ea8b23ce400f5d83556d99dbff1d528415f8a8ea1 height=309 version=0x30000000 log2_work=9.276124 tx=6464 date='2025-11-02T12:06:27Z' progress=1.000000 cache=0.3MiB(944txo)
2025-11-02T12:06:34Z Saw new header hash=1a4876220e78569829d35f9985193615223145a097605e108a00a2dff37b6dff height=310
2025-11-02T12:06:34Z Saw new cmpctblock header hash=1a4876220e78569829d35f9985193615223145a097605e108a00a2dff37b6dff peer=2
2025-11-02T12:06:34Z UpdateTip: new best=1a4876220e78569829d35f9985193615223145a097605e108a00a2dff37b6dff height=310 version=0x30000000 log2_work=9.280771 tx=6487 date='2025-11-02T12:06:32Z' progress=1.000000 cache=0.3MiB(943txo)
2025-11-02T12:06:39Z Saw new header hash=74a82dd31740c9ef1bb91e875dde0a07a75babe729c01df1a3e4b815d2754f1c height=311
2025-11-02T12:06:39Z Saw new cmpctblock header hash=74a82dd31740c9ef1bb91e875dde0a07a75babe729c01df1a3e4b815d2754f1c peer=2
2025-11-02T12:06:39Z UpdateTip: new best=74a82dd31740c9ef1bb91e875dde0a07a75babe729c01df1a3e4b815d2754f1c height=311 version=0x30000000 log2_work=9.285402 tx=6520 date='2025-11-02T12:06:37Z' progress=1.000000 cache=0.3MiB(945txo)
2025-11-02T12:06:46Z Saw new header hash=45e0b71531055aa50ad8dbb0e26af50a5d91ccab20c1ac071197a2a44d75b084 height=312
2025-11-02T12:06:46Z Saw new cmpctblock header hash=45e0b71531055aa50ad8dbb0e26af50a5d91ccab20c1ac071197a2a44d75b084 peer=1
2025-11-02T12:06:46Z UpdateTip: new best=45e0b71531055aa50ad8dbb0e26af50a5d91ccab20c1ac071197a2a44d75b084 height=312 version=0x30000000 log2_work=9.290019 tx=6570 date='2025-11-02T12:06:42Z' progress=1.000000 cache=0.3MiB(942txo)
2025-11-02T12:06:49Z Saw new header hash=3a8e0b685b74b64b6e56a91eceabdf8d14872b5a0caf23f2bf03244f30a8c009 height=313
2025-11-02T12:06:49Z Saw new cmpctblock header hash=3a8e0b685b74b64b6e56a91eceabdf8d14872b5a0caf23f2bf03244f30a8c009 peer=2
2025-11-02T12:06:50Z UpdateTip: new best=3a8e0b685b74b64b6e56a91eceabdf8d14872b5a0caf23f2bf03244f30a8c009 height=313 version=0x30000000 log2_work=9.294621 tx=6593 date='2025-11-02T12:06:47Z' progress=1.000000 cache=0.3MiB(943txo)
2025-11-02T12:06:56Z Saw new header hash=223dc8222c114fa923f2a8f72975f518a7950a94358cfc8c722143fee34f3c8c height=314
2025-11-02T12:06:56Z Saw new cmpctblock header hash=223dc8222c114fa923f2a8f72975f518a7950a94358cfc8c722143fee34f3c8c peer=1
2025-11-02T12:06:57Z UpdateTip: new best=223dc8222c114fa923f2a8f72975f518a7950a94358cfc8c722143fee34f3c8c height=314 version=0x30000000 log2_work=9.299208 tx=6639 date='2025-11-02T12:06:53Z' progress=1.000000 cache=0.3MiB(951txo)
2025-11-02T12:07:00Z Saw new header hash=2b44f00f8905171ddeb40bdcbc585248f1e18f42910664eea4eba418b94451c7 height=315
2025-11-02T12:07:00Z Saw new cmpctblock header hash=2b44f00f8905171ddeb40bdcbc585248f1e18f42910664eea4eba418b94451c7 peer=1
2025-11-02T12:07:00Z UpdateTip: new best=2b44f00f8905171ddeb40bdcbc585248f1e18f42910664eea4eba418b94451c7 height=315 version=0x30000000 log2_work=9.303781 tx=6669 date='2025-11-02T12:06:58Z' progress=1.000000 cache=0.3MiB(958txo)
2025-11-02T12:07:05Z Saw new header hash=456a2d0ced20615fa77e9a424b2109b15e691090c491899c1d3d9c2bb0cd311a height=316
2025-11-02T12:07:05Z Saw new cmpctblock header hash=456a2d0ced20615fa77e9a424b2109b15e691090c491899c1d3d9c2bb0cd311a peer=1
2025-11-02T12:07:05Z UpdateTip: new best=456a2d0ced20615fa77e9a424b2109b15e691090c491899c1d3d9c2bb0cd311a height=316 version=0x30000000 log2_work=9.308339 tx=6705 date='2025-11-02T12:07:03Z' progress=1.000000 cache=0.3MiB(964txo)
2025-11-02T12:07:10Z Saw new header hash=35fcc26f7bc5202c8ca13dbe734418d44f1072343b4d8f3cee545b0891fccbaf height=317
2025-11-02T12:07:10Z Saw new cmpctblock header hash=35fcc26f7bc5202c8ca13dbe734418d44f1072343b4d8f3cee545b0891fccbaf peer=1
2025-11-02T12:07:10Z UpdateTip: new best=35fcc26f7bc5202c8ca13dbe734418d44f1072343b4d8f3cee545b0891fccbaf height=317 version=0x30000000 log2_work=9.312883 tx=6724 date='2025-11-02T12:07:08Z' progress=1.000000 cache=0.3MiB(963txo)
2025-11-02T12:07:16Z Saw new header hash=0b027e6e36c4eaf74817756459209d29ff505c90264ed3cab5c629257110ca50 height=318
2025-11-02T12:07:16Z Saw new cmpctblock header hash=0b027e6e36c4eaf74817756459209d29ff505c90264ed3cab5c629257110ca50 peer=1
2025-11-02T12:07:16Z UpdateTip: new best=0b027e6e36c4eaf74817756459209d29ff505c90264ed3cab5c629257110ca50 height=318 version=0x30000000 log2_work=9.317413 tx=6777 date='2025-11-02T12:07:13Z' progress=1.000000 cache=0.3MiB(952txo)
2025-11-02T12:07:19Z Saw new header hash=71df1828bfecf5548df40b1a2122075684a2ccd04fc89ae33dba0edd28315a0f height=319
2025-11-02T12:07:19Z Saw new cmpctblock header hash=71df1828bfecf5548df40b1a2122075684a2ccd04fc89ae33dba0edd28315a0f peer=2
2025-11-02T12:07:19Z UpdateTip: new best=71df1828bfecf5548df40b1a2122075684a2ccd04fc89ae33dba0edd28315a0f height=319 version=0x30000000 log2_work=9.321928 tx=6801 date='2025-11-02T12:07:18Z' progress=1.000000 cache=0.3MiB(964txo)
2025-11-02T12:07:24Z Saw new header hash=6479576bb122c2cfa9e083b6f9a9d3f1e9019f1a0f368b7b110765e6ab584f88 height=320
2025-11-02T12:07:24Z Saw new cmpctblock header hash=6479576bb122c2cfa9e083b6f9a9d3f1e9019f1a0f368b7b110765e6ab584f88 peer=2
2025-11-02T12:07:24Z UpdateTip: new best=6479576bb122c2cfa9e083b6f9a9d3f1e9019f1a0f368b7b110765e6ab584f88 height=320 version=0x30000000 log2_work=9.326429 tx=6832 date='2025-11-02T12:07:23Z' progress=1.000000 cache=0.3MiB(965txo)
2025-11-02T12:07:29Z Saw new header hash=0e8454ce882ecf34ca1179b3d68b5630238d83cd6afd21c95535bf685837b443 height=321
2025-11-02T12:07:29Z Saw new cmpctblock header hash=0e8454ce882ecf34ca1179b3d68b5630238d83cd6afd21c95535bf685837b443 peer=2
2025-11-02T12:07:29Z UpdateTip: new best=0e8454ce882ecf34ca1179b3d68b5630238d83cd6afd21c95535bf685837b443 height=321 version=0x30000000 log2_work=9.330917 tx=6866 date='2025-11-02T12:07:28Z' progress=1.000000 cache=0.3MiB(978txo)
2025-11-02T12:07:34Z Saw new header hash=7b56a99883b9f41bfaa689d611ff4f48fa25b76cfc710decb94d994907fc2785 height=322
2025-11-02T12:07:34Z Saw new cmpctblock header hash=7b56a99883b9f41bfaa689d611ff4f48fa25b76cfc710decb94d994907fc2785 peer=1
2025-11-02T12:07:34Z UpdateTip: new best=7b56a99883b9f41bfaa689d611ff4f48fa25b76cfc710decb94d994907fc2785 height=322 version=0x30000000 log2_work=9.335390 tx=6892 date='2025-11-02T12:07:34Z' progress=1.000000 cache=0.3MiB(985txo)
2025-11-02T12:07:39Z Saw new header hash=73b87e4c7d2a8946228fd1ac4ae0b71d7f210fd167a587a48a7f20a5ae1d1669 height=323
2025-11-02T12:07:39Z Saw new cmpctblock header hash=73b87e4c7d2a8946228fd1ac4ae0b71d7f210fd167a587a48a7f20a5ae1d1669 peer=2
2025-11-02T12:07:39Z UpdateTip: new best=73b87e4c7d2a8946228fd1ac4ae0b71d7f210fd167a587a48a7f20a5ae1d1669 height=323 version=0x30000000 log2_work=9.339850 tx=6935 date='2025-11-02T12:07:39Z' progress=1.000000 cache=0.3MiB(994txo)
2025-11-02T12:07:44Z Saw new header hash=2779237477b2e9c865c48d44ef62a61c8cfcc414b447fde063c15799b66eb7cd height=324
2025-11-02T12:07:44Z Saw new cmpctblock header hash=2779237477b2e9c865c48d44ef62a61c8cfcc414b447fde063c15799b66eb7cd peer=2
2025-11-02T12:07:44Z UpdateTip: new best=2779237477b2e9c865c48d44ef62a61c8cfcc414b447fde063c15799b66eb7cd height=324 version=0x30000000 log2_work=9.344296 tx=6957 date='2025-11-02T12:07:44Z' progress=1.000000 cache=0.3MiB(1000txo)
2025-11-02T12:07:49Z Saw new header hash=340ea6a518f3b4c6c6f163ecf90c3aec13bfb9901e408fb494a7bd6719dc086f height=325
2025-11-02T12:07:49Z Saw new cmpctblock header hash=340ea6a518f3b4c6c6f163ecf90c3aec13bfb9901e408fb494a7bd6719dc086f peer=2
2025-11-02T12:07:49Z UpdateTip: new best=340ea6a518f3b4c6c6f163ecf90c3aec13bfb9901e408fb494a7bd6719dc086f height=325 version=0x30000000 log2_work=9.348728 tx=6982 date='2025-11-02T12:07:49Z' progress=1.000000 cache=0.3MiB(1005txo)
2025-11-02T12:07:54Z Saw new header hash=4476fc35f9b9a89252d722e4a740518ccee23166c02304653a648efca01b121a height=326
2025-11-02T12:07:54Z Saw new cmpctblock header hash=4476fc35f9b9a89252d722e4a740518ccee23166c02304653a648efca01b121a peer=2
2025-11-02T12:07:54Z UpdateTip: new best=4476fc35f9b9a89252d722e4a740518ccee23166c02304653a648efca01b121a height=326 version=0x30000000 log2_work=9.353147 tx=7032 date='2025-11-02T12:07:54Z' progress=1.000000 cache=0.3MiB(1015txo)
2025-11-02T12:07:59Z Saw new header hash=092bcce7d7bf3b863f3dd11d5bc3b0dec01795f920bde887d7298aa94ab777c1 height=327
2025-11-02T12:07:59Z Saw new cmpctblock header hash=092bcce7d7bf3b863f3dd11d5bc3b0dec01795f920bde887d7298aa94ab777c1 peer=1
2025-11-02T12:07:59Z UpdateTip: new best=092bcce7d7bf3b863f3dd11d5bc3b0dec01795f920bde887d7298aa94ab777c1 height=327 version=0x30000000 log2_work=9.357552 tx=7049 date='2025-11-02T12:07:59Z' progress=1.000000 cache=0.3MiB(1020txo)
2025-11-02T12:08:04Z Saw new header hash=1d9f1da3946c9efd49061f3f08a3a0f245f9836406dab89739dae57ee0e6098d height=328
2025-11-02T12:08:04Z Saw new cmpctblock header hash=1d9f1da3946c9efd49061f3f08a3a0f245f9836406dab89739dae57ee0e6098d peer=2
2025-11-02T12:08:04Z UpdateTip: new best=1d9f1da3946c9efd49061f3f08a3a0f245f9836406dab89739dae57ee0e6098d height=328 version=0x30000000 log2_work=9.361944 tx=7076 date='2025-11-02T12:08:04Z' progress=1.000000 cache=0.3MiB(1029txo)
2025-11-02T12:08:09Z Saw new header hash=536841d4fb891a7b34ba79e961b4a84c86d46e5931179b9ecb863fc304c27c7f height=329
2025-11-02T12:08:09Z Saw new cmpctblock header hash=536841d4fb891a7b34ba79e961b4a84c86d46e5931179b9ecb863fc304c27c7f peer=2
2025-11-02T12:08:09Z UpdateTip: new best=536841d4fb891a7b34ba79e961b4a84c86d46e5931179b9ecb863fc304c27c7f height=329 version=0x30000000 log2_work=9.366322 tx=7141 date='2025-11-02T12:08:09Z' progress=1.000000 cache=0.3MiB(1010txo)
2025-11-02T12:08:14Z Saw new header hash=34ef19e8de7349aebbb432c3f8b9d2ca1f2390437819a0fe606c0ed5e4a09299 height=330
2025-11-02T12:08:14Z Saw new cmpctblock header hash=34ef19e8de7349aebbb432c3f8b9d2ca1f2390437819a0fe606c0ed5e4a09299 peer=1
2025-11-02T12:08:14Z UpdateTip: new best=34ef19e8de7349aebbb432c3f8b9d2ca1f2390437819a0fe606c0ed5e4a09299 height=330 version=0x30000000 log2_work=9.370687 tx=7164 date='2025-11-02T12:08:14Z' progress=1.000000 cache=0.3MiB(1014txo)
2025-11-02T12:08:19Z Saw new header hash=75d0ac8460764a7245629fefe8130388c71c27dc50babd5ea61f743711ee6268 height=331
2025-11-02T12:08:19Z Saw new cmpctblock header hash=75d0ac8460764a7245629fefe8130388c71c27dc50babd5ea61f743711ee6268 peer=1
2025-11-02T12:08:19Z UpdateTip: new best=75d0ac8460764a7245629fefe8130388c71c27dc50babd5ea61f743711ee6268 height=331 version=0x30000000 log2_work=9.375039 tx=7200 date='2025-11-02T12:08:19Z' progress=1.000000 cache=0.3MiB(1021txo)
2025-11-02T12:08:24Z Saw new header hash=50de1075a9b6c5879a56f8a4263e54ed2da0d67646b762710286c92819e36cd7 height=332
2025-11-02T12:08:24Z Saw new cmpctblock header hash=50de1075a9b6c5879a56f8a4263e54ed2da0d67646b762710286c92819e36cd7 peer=2
2025-11-02T12:08:24Z UpdateTip: new best=50de1075a9b6c5879a56f8a4263e54ed2da0d67646b762710286c92819e36cd7 height=332 version=0x30000000 log2_work=9.379378 tx=7209 date='2025-11-02T12:08:24Z' progress=1.000000 cache=0.3MiB(1025txo)
2025-11-02T12:08:30Z Saw new header hash=3e7ddb2ce3c3eb7c3a88917f3d8f3cbe78f182dc3ea8db2780cf0a287c0f0103 height=333
2025-11-02T12:08:30Z Saw new cmpctblock header hash=3e7ddb2ce3c3eb7c3a88917f3d8f3cbe78f182dc3ea8db2780cf0a287c0f0103 peer=1
2025-11-02T12:08:30Z UpdateTip: new best=3e7ddb2ce3c3eb7c3a88917f3d8f3cbe78f182dc3ea8db2780cf0a287c0f0103 height=333 version=0x30000000 log2_work=9.383704 tx=7266 date='2025-11-02T12:08:29Z' progress=1.000000 cache=0.3MiB(1021txo)
2025-11-02T12:08:35Z Saw new header hash=38ef819bf51c1d37c09bb8b2dedb9d967006298d1d7732c0b155251b59665dca height=334
2025-11-02T12:08:35Z Saw new cmpctblock header hash=38ef819bf51c1d37c09bb8b2dedb9d967006298d1d7732c0b155251b59665dca peer=2
2025-11-02T12:08:35Z UpdateTip: new best=38ef819bf51c1d37c09bb8b2dedb9d967006298d1d7732c0b155251b59665dca height=334 version=0x30000000 log2_work=9.388017 tx=7304 date='2025-11-02T12:08:34Z' progress=1.000000 cache=0.3MiB(1029txo)
2025-11-02T12:08:40Z Saw new header hash=544bdf36bd3b87603db4ff3b879a1b635b57b9f1e0456602ab6330540bd5ec08 height=335
2025-11-02T12:08:40Z Saw new cmpctblock header hash=544bdf36bd3b87603db4ff3b879a1b635b57b9f1e0456602ab6330540bd5ec08 peer=1
2025-11-02T12:08:40Z UpdateTip: new best=544bdf36bd3b87603db4ff3b879a1b635b57b9f1e0456602ab6330540bd5ec08 height=335 version=0x30000000 log2_work=9.392317 tx=7328 date='2025-11-02T12:08:40Z' progress=1.000000 cache=0.3MiB(1035txo)
