2025-10-31T13:19:49Z Warning: reindex=1 is set in the configuration file, which will significantly slow down startup. Consider removing or commenting out this option for better performance, unless there is currently a condition which makes rebuilding the indexes necessary
2025-10-31T13:19:49Z Bitcoin Core version v27.0.0 (release build)
2025-10-31T13:19:49Z Script verification uses 7 additional threads
2025-10-31T13:19:49Z Using the 'arm_shani(1way,2way)' SHA256 implementation
2025-10-31T13:19:49Z Default data directory /home/bitcoin/.bitcoin
2025-10-31T13:19:49Z Using data directory /home/bitcoin/.bitcoin/regtest
2025-10-31T13:19:49Z Config file: /home/bitcoin/.bitcoin/bitcoin.conf
2025-10-31T13:19:49Z Config file arg: [regtest] fallbackfee="0.0002"
2025-10-31T13:19:49Z Config file arg: [regtest] maxmempool="500"
2025-10-31T13:19:49Z Config file arg: [regtest] reindex="1"
2025-10-31T13:19:49Z Config file arg: [regtest] rpcallowip="0.0.0.0/0"
2025-10-31T13:19:49Z Config file arg: [regtest] rpcbind="0.0.0.0"
2025-10-31T13:19:49Z Config file arg: [regtest] rpcpassword=****
2025-10-31T13:19:49Z Config file arg: [regtest] rpcuser=****
2025-10-31T13:19:49Z Config file arg: [regtest] server="1"
2025-10-31T13:19:49Z Command-line arg: connect="node11:18444"
2025-10-31T13:19:49Z Command-line arg: datadir="/home/bitcoin/.bitcoin"
2025-10-31T13:19:49Z Command-line arg: discover="1"
2025-10-31T13:19:49Z Command-line arg: dnsseed="0"
2025-10-31T13:19:49Z Command-line arg: listen="1"
2025-10-31T13:19:49Z Command-line arg: maxconnections="64"
2025-10-31T13:19:49Z Command-line arg: printtoconsole="1"
2025-10-31T13:19:49Z Command-line arg: regtest="1"
2025-10-31T13:19:49Z Command-line arg: rpcallowip="0.0.0.0/0"
2025-10-31T13:19:49Z Command-line arg: rpcbind="0.0.0.0"
2025-10-31T13:19:49Z Command-line arg: rpcpassword=****
2025-10-31T13:19:49Z Command-line arg: rpcuser=****
2025-10-31T13:19:49Z Command-line arg: server="1"
2025-10-31T13:19:49Z Command-line arg: txindex="1"
2025-10-31T13:19:49Z Command-line arg: zmqpubhashblock="tcp://0.0.0.0:28332"
2025-10-31T13:19:49Z Command-line arg: zmqpubhashtx="tcp://0.0.0.0:28333"
2025-10-31T13:19:49Z Using at most 64 automatic connections (1048576 file descriptors available)
2025-10-31T13:19:49Z Using 16 MiB out of 16 MiB requested for signature cache, able to store 524288 elements
2025-10-31T13:19:49Z Using 16 MiB out of 16 MiB requested for script execution cache, able to store 524288 elements
2025-10-31T13:19:49Z scheduler thread start
2025-10-31T13:19:49Z Binding RPC on address 0.0.0.0 port 18443
2025-10-31T13:19:49Z WARNING: the RPC server is not safe to expose to untrusted networks such as the public internet
2025-10-31T13:19:49Z Binding RPC on address 0.0.0.0 port 18443
2025-10-31T13:19:49Z Binding RPC on address 0.0.0.0 port 18443 failed.
2025-10-31T13:19:49Z Config options rpcuser and rpcpassword will soon be deprecated. Locally-run instances may remove rpcuser to use cookie-based auth, or may be replaced with rpcauth. Please see share/rpcauth for rpcauth auth generation.
2025-10-31T13:19:49Z Starting HTTP server with 4 worker threads
2025-10-31T13:19:49Z Using wallet directory /home/bitcoin/.bitcoin/regtest/wallets
2025-10-31T13:19:49Z init message: Verifying wallet(s)…
2025-10-31T13:19:49Z Using /16 prefix for IP bucketing
2025-10-31T13:19:49Z init message: Loading P2P addresses…
2025-10-31T13:19:49Z Creating peers.dat because the file was not found ("/home/bitcoin/.bitcoin/regtest/peers.dat")
2025-10-31T13:19:49Z init message: Loading banlist…
2025-10-31T13:19:49Z Recreating the banlist database
2025-10-31T13:19:49Z SetNetworkActive: true
2025-10-31T13:19:49Z /home/bitcoin/.bitcoin/regtest/fee_estimates.dat is not found. Continue anyway.
2025-10-31T13:19:49Z Script verification uses 7 additional threads
2025-10-31T13:19:49Z Cache configuration:
2025-10-31T13:19:49Z * Using 2.0 MiB for block index database
2025-10-31T13:19:49Z * Using 56.0 MiB for transaction index database
2025-10-31T13:19:49Z * Using 8.0 MiB for chain state database
2025-10-31T13:19:49Z * Using 384.0 MiB for in-memory UTXO set (plus up to 476.8 MiB of unused mempool space)
2025-10-31T13:19:49Z init message: Loading block index…
2025-10-31T13:19:49Z Validating signatures for all blocks.
2025-10-31T13:19:49Z Setting nMinimumChainWork=0000000000000000000000000000000000000000000000000000000000000000
2025-10-31T13:19:49Z Wiping LevelDB in /home/bitcoin/.bitcoin/regtest/blocks/index
2025-10-31T13:19:49Z Opening LevelDB in /home/bitcoin/.bitcoin/regtest/blocks/index
2025-10-31T13:19:49Z Opened LevelDB successfully
2025-10-31T13:19:49Z Using obfuscation key for /home/bitcoin/.bitcoin/regtest/blocks/index: 0000000000000000
2025-10-31T13:19:49Z Initializing databases...
2025-10-31T13:19:49Z Initializing chainstate Chainstate [ibd] @ height -1 (null)
2025-10-31T13:19:49Z Wiping LevelDB in /home/bitcoin/.bitcoin/regtest/chainstate
2025-10-31T13:19:49Z Opening LevelDB in /home/bitcoin/.bitcoin/regtest/chainstate
2025-10-31T13:19:49Z Opened LevelDB successfully
2025-10-31T13:19:49Z Wrote new obfuscate key for /home/bitcoin/.bitcoin/regtest/chainstate: ac50320e3b26561e
2025-10-31T13:19:49Z Using obfuscation key for /home/bitcoin/.bitcoin/regtest/chainstate: ac50320e3b26561e
2025-10-31T13:19:49Z Opening LevelDB in /home/bitcoin/.bitcoin/regtest/chainstate
2025-10-31T13:19:49Z Opened LevelDB successfully
2025-10-31T13:19:49Z Using obfuscation key for /home/bitcoin/.bitcoin/regtest/chainstate: ac50320e3b26561e
2025-10-31T13:19:49Z [Chainstate [ibd] @ height -1 (null)] resized coinsdb cache to 8.0 MiB
2025-10-31T13:19:49Z [Chainstate [ibd] @ height -1 (null)] resized coinstip cache to 384.0 MiB
2025-10-31T13:19:49Z init message: Verifying blocks…
2025-10-31T13:19:49Z  block index              41ms
2025-10-31T13:19:49Z Wiping LevelDB in /home/bitcoin/.bitcoin/regtest/indexes/txindex
2025-10-31T13:19:49Z Opening LevelDB in /home/bitcoin/.bitcoin/regtest/indexes/txindex
2025-10-31T13:19:49Z Opened LevelDB successfully
2025-10-31T13:19:49Z Using obfuscation key for /home/bitcoin/.bitcoin/regtest/indexes/txindex: 0000000000000000
2025-10-31T13:19:49Z Setting NODE_NETWORK on non-prune mode
2025-10-31T13:19:49Z initload thread start
2025-10-31T13:19:49Z Reindexing finished
2025-10-31T13:19:49Z UpdateTip: new best=0f9188f13cb7b2c71f2a335e3a4fc328bf5beb436012afca590b1a11466e2206 height=0 version=0x00000001 log2_work=1.000000 tx=1 date='2011-02-02T23:16:42Z' progress=1.000000 cache=0.3MiB(0txo)
2025-10-31T13:19:49Z block tree size = 1
2025-10-31T13:19:49Z nBestHeight = 0
2025-10-31T13:19:49Z Failed to open mempool file from disk. Continuing anyway.
2025-10-31T13:19:49Z initload thread exit
2025-10-31T13:19:49Z txindex thread start
2025-10-31T13:19:49Z txindex is enabled
2025-10-31T13:19:49Z txindex thread exit
2025-10-31T13:19:49Z Bound to 127.0.0.1:18445
2025-10-31T13:19:49Z Bound to [::]:18444
2025-10-31T13:19:49Z Bound to 0.0.0.0:18444
2025-10-31T13:19:49Z init message: Starting network threads…
2025-10-31T13:19:49Z DNS seeding disabled
2025-10-31T13:19:49Z init message: Done loading
2025-10-31T13:19:49Z msghand thread start
2025-10-31T13:19:49Z opencon thread start
2025-10-31T13:19:49Z net thread start
2025-10-31T13:19:49Z addcon thread start
2025-10-31T13:19:49Z torcontrol thread start
2025-10-31T13:19:49Z connect() to 172.19.0.10:18444 failed after wait: Connection refused (111)
2025-10-31T13:19:50Z connect() to 172.19.0.10:18444 failed after wait: Connection refused (111)
2025-10-31T13:19:51Z New manual v2 peer connected: version: 70016, blocks=0, peer=0
2025-10-31T13:19:59Z Synchronizing blockheaders, height: 5 (~100.00%)
2025-10-31T13:19:59Z Leaving InitialBlockDownload (latching to false)
2025-10-31T13:19:59Z UpdateTip: new best=7742180f3dc25660e67cb1047d49df2f560bcd38d76189663bd7c74c6b0f15e6 height=1 version=0x20000000 log2_work=2.000000 tx=2 date='2025-10-31T13:19:59Z' progress=1.000000 cache=0.3MiB(1txo)
2025-10-31T13:19:59Z UpdateTip: new best=68f708cf57038c1c2352210508cb66df620265827218fc464914d252480ac0f9 height=2 version=0x20000000 log2_work=2.584963 tx=3 date='2025-10-31T13:20:00Z' progress=1.000000 cache=0.3MiB(2txo)
2025-10-31T13:19:59Z UpdateTip: new best=0474e15123c74ad185d41e9c4876122b3530a26e10a4e37c553aef68297a7f5b height=3 version=0x20000000 log2_work=3.000000 tx=4 date='2025-10-31T13:20:00Z' progress=1.000000 cache=0.3MiB(3txo)
2025-10-31T13:19:59Z UpdateTip: new best=5f1a547fa35b077e3a58803b4737b265439026ca302206ad950a8deb3ba4b094 height=4 version=0x20000000 log2_work=3.321928 tx=5 date='2025-10-31T13:20:01Z' progress=1.000000 cache=0.3MiB(4txo)
2025-10-31T13:19:59Z UpdateTip: new best=3d28caac63da45cffbd0acfcff528f489448fdf576adcc511f2a52a91eb12a6e height=5 version=0x20000000 log2_work=3.584963 tx=6 date='2025-10-31T13:20:01Z' progress=1.000000 cache=0.3MiB(5txo)
2025-10-31T13:19:59Z Saw new header hash=0615669c74d2c68a17b989ffa8d9aabb9b544f2227606ea3d6801df649e13f7d height=6
2025-10-31T13:19:59Z UpdateTip: new best=0615669c74d2c68a17b989ffa8d9aabb9b544f2227606ea3d6801df649e13f7d height=6 version=0x20000000 log2_work=3.807355 tx=7 date='2025-10-31T13:20:01Z' progress=1.000000 cache=0.3MiB(6txo)
2025-10-31T13:19:59Z Saw new header hash=69a417e8809887f069fe491608e3f6848c3bd7bcaaf9653f1144a0fbebfd9ab0 height=7
2025-10-31T13:19:59Z Saw new cmpctblock header hash=69a417e8809887f069fe491608e3f6848c3bd7bcaaf9653f1144a0fbebfd9ab0 peer=0
2025-10-31T13:19:59Z UpdateTip: new best=69a417e8809887f069fe491608e3f6848c3bd7bcaaf9653f1144a0fbebfd9ab0 height=7 version=0x20000000 log2_work=4.000000 tx=8 date='2025-10-31T13:20:01Z' progress=1.000000 cache=0.3MiB(7txo)
2025-10-31T13:19:59Z Saw new header hash=3d0e4237a0d9039642025d8cafc47b34b8fcfc609239e54bed2a1a428089dd0a height=8
2025-10-31T13:19:59Z Saw new cmpctblock header hash=3d0e4237a0d9039642025d8cafc47b34b8fcfc609239e54bed2a1a428089dd0a peer=0
2025-10-31T13:19:59Z UpdateTip: new best=3d0e4237a0d9039642025d8cafc47b34b8fcfc609239e54bed2a1a428089dd0a height=8 version=0x20000000 log2_work=4.169925 tx=9 date='2025-10-31T13:20:02Z' progress=1.000000 cache=0.3MiB(8txo)
2025-10-31T13:19:59Z Saw new header hash=5f1828a93e382b2a852b58aa886177e86ed424c759c514b42ee63ab24797206d height=9
2025-10-31T13:19:59Z Saw new cmpctblock header hash=5f1828a93e382b2a852b58aa886177e86ed424c759c514b42ee63ab24797206d peer=0
2025-10-31T13:19:59Z UpdateTip: new best=5f1828a93e382b2a852b58aa886177e86ed424c759c514b42ee63ab24797206d height=9 version=0x20000000 log2_work=4.321928 tx=10 date='2025-10-31T13:20:02Z' progress=1.000000 cache=0.3MiB(9txo)
2025-10-31T13:19:59Z Saw new header hash=4c78088cc846bce7ccf7d714e1201df742852a94731c058f1f0bed87911db0c6 height=10
2025-10-31T13:19:59Z Saw new cmpctblock header hash=4c78088cc846bce7ccf7d714e1201df742852a94731c058f1f0bed87911db0c6 peer=0
2025-10-31T13:19:59Z UpdateTip: new best=4c78088cc846bce7ccf7d714e1201df742852a94731c058f1f0bed87911db0c6 height=10 version=0x20000000 log2_work=4.459432 tx=11 date='2025-10-31T13:20:02Z' progress=1.000000 cache=0.3MiB(10txo)
2025-10-31T13:19:59Z Saw new header hash=41697b5f67e04fee3f796efa405d44224813fc3860bc641a20acc9ec6753ffd4 height=11
2025-10-31T13:19:59Z Saw new cmpctblock header hash=41697b5f67e04fee3f796efa405d44224813fc3860bc641a20acc9ec6753ffd4 peer=0
2025-10-31T13:19:59Z UpdateTip: new best=41697b5f67e04fee3f796efa405d44224813fc3860bc641a20acc9ec6753ffd4 height=11 version=0x20000000 log2_work=4.584963 tx=12 date='2025-10-31T13:20:02Z' progress=1.000000 cache=0.3MiB(11txo)
2025-10-31T13:19:59Z Saw new header hash=16054d406deb0838658c925bd7875822f0c9c9f743fa4e112267f590673bdc48 height=12
2025-10-31T13:19:59Z Saw new cmpctblock header hash=16054d406deb0838658c925bd7875822f0c9c9f743fa4e112267f590673bdc48 peer=0
2025-10-31T13:19:59Z UpdateTip: new best=16054d406deb0838658c925bd7875822f0c9c9f743fa4e112267f590673bdc48 height=12 version=0x20000000 log2_work=4.700440 tx=13 date='2025-10-31T13:20:02Z' progress=1.000000 cache=0.3MiB(12txo)
2025-10-31T13:19:59Z Saw new header hash=29856576de036f3b69cd26c66dd6602bf9dabe5862c6ab49b9f330e5c0832dba height=13
2025-10-31T13:19:59Z Saw new cmpctblock header hash=29856576de036f3b69cd26c66dd6602bf9dabe5862c6ab49b9f330e5c0832dba peer=0
2025-10-31T13:19:59Z UpdateTip: new best=29856576de036f3b69cd26c66dd6602bf9dabe5862c6ab49b9f330e5c0832dba height=13 version=0x20000000 log2_work=4.807355 tx=14 date='2025-10-31T13:20:02Z' progress=1.000000 cache=0.3MiB(13txo)
2025-10-31T13:19:59Z Saw new header hash=2e5d524e434d1894ba791a41394b6a64430afaced0a678e5367fc5a22e581430 height=14
2025-10-31T13:19:59Z Saw new cmpctblock header hash=2e5d524e434d1894ba791a41394b6a64430afaced0a678e5367fc5a22e581430 peer=0
2025-10-31T13:19:59Z UpdateTip: new best=2e5d524e434d1894ba791a41394b6a64430afaced0a678e5367fc5a22e581430 height=14 version=0x20000000 log2_work=4.906891 tx=15 date='2025-10-31T13:20:03Z' progress=1.000000 cache=0.3MiB(14txo)
2025-10-31T13:19:59Z Saw new header hash=2a6ac3e3ad9a20e87e5d3567804bdc6e0b3ac8bcf0ea8b6f498a6fa83d5fa46b height=15
2025-10-31T13:19:59Z Saw new cmpctblock header hash=2a6ac3e3ad9a20e87e5d3567804bdc6e0b3ac8bcf0ea8b6f498a6fa83d5fa46b peer=0
2025-10-31T13:19:59Z UpdateTip: new best=2a6ac3e3ad9a20e87e5d3567804bdc6e0b3ac8bcf0ea8b6f498a6fa83d5fa46b height=15 version=0x20000000 log2_work=5.000000 tx=16 date='2025-10-31T13:20:03Z' progress=1.000000 cache=0.3MiB(15txo)
2025-10-31T13:19:59Z Saw new header hash=3f4f8d1b3c026ce15291a9caef74038bc94d076b8d7e13f67d74031d5f41c13c height=16
2025-10-31T13:19:59Z Saw new cmpctblock header hash=3f4f8d1b3c026ce15291a9caef74038bc94d076b8d7e13f67d74031d5f41c13c peer=0
2025-10-31T13:19:59Z UpdateTip: new best=3f4f8d1b3c026ce15291a9caef74038bc94d076b8d7e13f67d74031d5f41c13c height=16 version=0x20000000 log2_work=5.087463 tx=17 date='2025-10-31T13:20:03Z' progress=1.000000 cache=0.3MiB(16txo)
2025-10-31T13:19:59Z Saw new header hash=70fbd8fa4158e88ac72353229a1a37c22f09c35c85d226cd4d6d11a8b69770c4 height=17
2025-10-31T13:19:59Z Saw new cmpctblock header hash=70fbd8fa4158e88ac72353229a1a37c22f09c35c85d226cd4d6d11a8b69770c4 peer=0
2025-10-31T13:19:59Z UpdateTip: new best=70fbd8fa4158e88ac72353229a1a37c22f09c35c85d226cd4d6d11a8b69770c4 height=17 version=0x20000000 log2_work=5.169925 tx=18 date='2025-10-31T13:20:03Z' progress=1.000000 cache=0.3MiB(17txo)
2025-10-31T13:19:59Z Saw new header hash=0810165cc9bbf818f2dbb485e3d86c4ae01ac4dbdaa8185b6061c74a0c0ae3f2 height=18
2025-10-31T13:19:59Z Saw new cmpctblock header hash=0810165cc9bbf818f2dbb485e3d86c4ae01ac4dbdaa8185b6061c74a0c0ae3f2 peer=0
2025-10-31T13:19:59Z UpdateTip: new best=0810165cc9bbf818f2dbb485e3d86c4ae01ac4dbdaa8185b6061c74a0c0ae3f2 height=18 version=0x20000000 log2_work=5.247928 tx=19 date='2025-10-31T13:20:03Z' progress=1.000000 cache=0.3MiB(18txo)
2025-10-31T13:19:59Z Saw new header hash=623a243894e02711d827f1adbe3e5a5888606bdd930ae3da13934bacaed641e8 height=19
2025-10-31T13:19:59Z Saw new cmpctblock header hash=623a243894e02711d827f1adbe3e5a5888606bdd930ae3da13934bacaed641e8 peer=0
2025-10-31T13:19:59Z UpdateTip: new best=623a243894e02711d827f1adbe3e5a5888606bdd930ae3da13934bacaed641e8 height=19 version=0x20000000 log2_work=5.321928 tx=20 date='2025-10-31T13:20:03Z' progress=1.000000 cache=0.3MiB(19txo)
2025-10-31T13:19:59Z Saw new header hash=6a0bf15baf6b04e9f59bef0842f31aada91ac032c86a9e290f00371d94a95e2d height=20
2025-10-31T13:19:59Z Saw new cmpctblock header hash=6a0bf15baf6b04e9f59bef0842f31aada91ac032c86a9e290f00371d94a95e2d peer=0
2025-10-31T13:19:59Z UpdateTip: new best=6a0bf15baf6b04e9f59bef0842f31aada91ac032c86a9e290f00371d94a95e2d height=20 version=0x20000000 log2_work=5.392317 tx=21 date='2025-10-31T13:20:04Z' progress=1.000000 cache=0.3MiB(20txo)
2025-10-31T13:19:59Z Saw new header hash=0827227ae84d6488f1c0e67f1f11152f297fe1b3b91f6961e30b8d8196d5370c height=21
2025-10-31T13:19:59Z Saw new cmpctblock header hash=0827227ae84d6488f1c0e67f1f11152f297fe1b3b91f6961e30b8d8196d5370c peer=0
2025-10-31T13:19:59Z UpdateTip: new best=0827227ae84d6488f1c0e67f1f11152f297fe1b3b91f6961e30b8d8196d5370c height=21 version=0x20000000 log2_work=5.459432 tx=22 date='2025-10-31T13:20:04Z' progress=1.000000 cache=0.3MiB(21txo)
2025-10-31T13:19:59Z Saw new header hash=7dd4e5606b55788455540900947d1ca09817503e5bb777c866f3c4e2c63ceabd height=22
2025-10-31T13:19:59Z Saw new cmpctblock header hash=7dd4e5606b55788455540900947d1ca09817503e5bb777c866f3c4e2c63ceabd peer=0
2025-10-31T13:19:59Z UpdateTip: new best=7dd4e5606b55788455540900947d1ca09817503e5bb777c866f3c4e2c63ceabd height=22 version=0x20000000 log2_work=5.523562 tx=23 date='2025-10-31T13:20:04Z' progress=1.000000 cache=0.3MiB(22txo)
2025-10-31T13:19:59Z Saw new header hash=3f026399db74af4e94a9990945fbce63b25b0642e7bb4b2d9a47112e1b57e746 height=23
2025-10-31T13:19:59Z Saw new cmpctblock header hash=3f026399db74af4e94a9990945fbce63b25b0642e7bb4b2d9a47112e1b57e746 peer=0
2025-10-31T13:19:59Z UpdateTip: new best=3f026399db74af4e94a9990945fbce63b25b0642e7bb4b2d9a47112e1b57e746 height=23 version=0x20000000 log2_work=5.584963 tx=24 date='2025-10-31T13:20:04Z' progress=1.000000 cache=0.3MiB(23txo)
2025-10-31T13:19:59Z Saw new header hash=1d6be8b31fad17fbf4ed36b566e46ee93d4003805d83d398400ee086bb084ca4 height=24
2025-10-31T13:19:59Z Saw new cmpctblock header hash=1d6be8b31fad17fbf4ed36b566e46ee93d4003805d83d398400ee086bb084ca4 peer=0
2025-10-31T13:19:59Z UpdateTip: new best=1d6be8b31fad17fbf4ed36b566e46ee93d4003805d83d398400ee086bb084ca4 height=24 version=0x20000000 log2_work=5.643856 tx=25 date='2025-10-31T13:20:04Z' progress=1.000000 cache=0.3MiB(24txo)
2025-10-31T13:19:59Z Saw new header hash=3e14e2ed3ce667ef9efc6166e89ab9b326e4c56588facb504011a62b0a221449 height=25
2025-10-31T13:19:59Z Saw new cmpctblock header hash=3e14e2ed3ce667ef9efc6166e89ab9b326e4c56588facb504011a62b0a221449 peer=0
2025-10-31T13:19:59Z UpdateTip: new best=3e14e2ed3ce667ef9efc6166e89ab9b326e4c56588facb504011a62b0a221449 height=25 version=0x20000000 log2_work=5.700440 tx=26 date='2025-10-31T13:20:04Z' progress=1.000000 cache=0.3MiB(25txo)
2025-10-31T13:19:59Z Saw new header hash=715a5cbe4fb5823c8d3bfadef9b1da2c37ca71a27a523b118ebaf30a3402f101 height=26
2025-10-31T13:19:59Z Saw new cmpctblock header hash=715a5cbe4fb5823c8d3bfadef9b1da2c37ca71a27a523b118ebaf30a3402f101 peer=0
2025-10-31T13:19:59Z UpdateTip: new best=715a5cbe4fb5823c8d3bfadef9b1da2c37ca71a27a523b118ebaf30a3402f101 height=26 version=0x20000000 log2_work=5.754888 tx=27 date='2025-10-31T13:20:05Z' progress=1.000000 cache=0.3MiB(26txo)
2025-10-31T13:19:59Z Saw new header hash=560dc7cd422e15e562c7b5bb2245da5e669e9b2b85ee55d5ead21de8b9c3c288 height=27
2025-10-31T13:19:59Z Saw new cmpctblock header hash=560dc7cd422e15e562c7b5bb2245da5e669e9b2b85ee55d5ead21de8b9c3c288 peer=0
2025-10-31T13:19:59Z UpdateTip: new best=560dc7cd422e15e562c7b5bb2245da5e669e9b2b85ee55d5ead21de8b9c3c288 height=27 version=0x20000000 log2_work=5.807355 tx=28 date='2025-10-31T13:20:05Z' progress=1.000000 cache=0.3MiB(27txo)
2025-10-31T13:19:59Z Saw new header hash=399347a07a8bcc8e01d73e58203ae932ff316fcbc2fcc854bc6c0359669ae299 height=28
2025-10-31T13:19:59Z Saw new cmpctblock header hash=399347a07a8bcc8e01d73e58203ae932ff316fcbc2fcc854bc6c0359669ae299 peer=0
2025-10-31T13:19:59Z UpdateTip: new best=399347a07a8bcc8e01d73e58203ae932ff316fcbc2fcc854bc6c0359669ae299 height=28 version=0x20000000 log2_work=5.857981 tx=29 date='2025-10-31T13:20:05Z' progress=1.000000 cache=0.3MiB(28txo)
2025-10-31T13:19:59Z Saw new header hash=4fba67fb97e1d38017474ae51fbce58358bee371e8ed1b94a3ea6167bc4af713 height=29
2025-10-31T13:19:59Z Saw new cmpctblock header hash=4fba67fb97e1d38017474ae51fbce58358bee371e8ed1b94a3ea6167bc4af713 peer=0
2025-10-31T13:19:59Z UpdateTip: new best=4fba67fb97e1d38017474ae51fbce58358bee371e8ed1b94a3ea6167bc4af713 height=29 version=0x20000000 log2_work=5.906891 tx=30 date='2025-10-31T13:20:05Z' progress=1.000000 cache=0.3MiB(29txo)
2025-10-31T13:19:59Z Saw new header hash=1e987bb4cd14810a8b74256034541717965111c2a6962d79a689f256b0ec255f height=30
2025-10-31T13:19:59Z Saw new cmpctblock header hash=1e987bb4cd14810a8b74256034541717965111c2a6962d79a689f256b0ec255f peer=0
2025-10-31T13:19:59Z UpdateTip: new best=1e987bb4cd14810a8b74256034541717965111c2a6962d79a689f256b0ec255f height=30 version=0x20000000 log2_work=5.954196 tx=31 date='2025-10-31T13:20:05Z' progress=1.000000 cache=0.3MiB(30txo)
2025-10-31T13:19:59Z Saw new header hash=357cc18fb662f72b648ad2c08bdac3db9976983b5fdce68004917553444c2641 height=31
2025-10-31T13:19:59Z Saw new cmpctblock header hash=357cc18fb662f72b648ad2c08bdac3db9976983b5fdce68004917553444c2641 peer=0
2025-10-31T13:19:59Z UpdateTip: new best=357cc18fb662f72b648ad2c08bdac3db9976983b5fdce68004917553444c2641 height=31 version=0x20000000 log2_work=6.000000 tx=32 date='2025-10-31T13:20:05Z' progress=1.000000 cache=0.3MiB(31txo)
2025-10-31T13:19:59Z Saw new header hash=2a4e27c07b4810e7c4f6efbae61de46c89939756a5c668691b9fe8243459d9aa height=32
2025-10-31T13:19:59Z Saw new cmpctblock header hash=2a4e27c07b4810e7c4f6efbae61de46c89939756a5c668691b9fe8243459d9aa peer=0
2025-10-31T13:19:59Z UpdateTip: new best=2a4e27c07b4810e7c4f6efbae61de46c89939756a5c668691b9fe8243459d9aa height=32 version=0x20000000 log2_work=6.044394 tx=33 date='2025-10-31T13:20:06Z' progress=1.000000 cache=0.3MiB(32txo)
2025-10-31T13:19:59Z Saw new header hash=752b6e584ff5dfe603af20645f335a4e0e4a3ec1a9d15eca94ef3a69a63a2b82 height=33
2025-10-31T13:19:59Z Saw new cmpctblock header hash=752b6e584ff5dfe603af20645f335a4e0e4a3ec1a9d15eca94ef3a69a63a2b82 peer=0
2025-10-31T13:19:59Z UpdateTip: new best=752b6e584ff5dfe603af20645f335a4e0e4a3ec1a9d15eca94ef3a69a63a2b82 height=33 version=0x20000000 log2_work=6.087463 tx=34 date='2025-10-31T13:20:06Z' progress=1.000000 cache=0.3MiB(33txo)
2025-10-31T13:19:59Z Saw new header hash=470b4926d470a343b559a9eca429441dec9a59c2faeb1a933f5ebd50a2a518e9 height=34
2025-10-31T13:19:59Z Saw new cmpctblock header hash=470b4926d470a343b559a9eca429441dec9a59c2faeb1a933f5ebd50a2a518e9 peer=0
2025-10-31T13:19:59Z UpdateTip: new best=470b4926d470a343b559a9eca429441dec9a59c2faeb1a933f5ebd50a2a518e9 height=34 version=0x20000000 log2_work=6.129283 tx=35 date='2025-10-31T13:20:06Z' progress=1.000000 cache=0.3MiB(34txo)
2025-10-31T13:19:59Z Saw new header hash=380417189ddad49f2b2422070e1faadad3281cb52253b2132936e1c250a40d1b height=35
2025-10-31T13:19:59Z Saw new cmpctblock header hash=380417189ddad49f2b2422070e1faadad3281cb52253b2132936e1c250a40d1b peer=0
2025-10-31T13:19:59Z UpdateTip: new best=380417189ddad49f2b2422070e1faadad3281cb52253b2132936e1c250a40d1b height=35 version=0x20000000 log2_work=6.169925 tx=36 date='2025-10-31T13:20:06Z' progress=1.000000 cache=0.3MiB(35txo)
2025-10-31T13:19:59Z Saw new header hash=5c76fc564c2e99f045d4b460d9866637d6f4fa05a0019280b48dc7e6fc9d7dac height=36
2025-10-31T13:19:59Z Saw new cmpctblock header hash=5c76fc564c2e99f045d4b460d9866637d6f4fa05a0019280b48dc7e6fc9d7dac peer=0
2025-10-31T13:19:59Z UpdateTip: new best=5c76fc564c2e99f045d4b460d9866637d6f4fa05a0019280b48dc7e6fc9d7dac height=36 version=0x20000000 log2_work=6.209453 tx=37 date='2025-10-31T13:20:06Z' progress=1.000000 cache=0.3MiB(36txo)
2025-10-31T13:19:59Z Saw new header hash=3f7247034dc85e88868dc04947a2ce6fd7307efbe008023c77e57f647225e7bb height=37
2025-10-31T13:19:59Z Saw new cmpctblock header hash=3f7247034dc85e88868dc04947a2ce6fd7307efbe008023c77e57f647225e7bb peer=0
2025-10-31T13:19:59Z UpdateTip: new best=3f7247034dc85e88868dc04947a2ce6fd7307efbe008023c77e57f647225e7bb height=37 version=0x20000000 log2_work=6.247928 tx=38 date='2025-10-31T13:20:06Z' progress=1.000000 cache=0.3MiB(37txo)
2025-10-31T13:19:59Z Saw new header hash=67c1f68f0db65dff86b43ba5615761d96a56d9bd0ed0b6961ba3b0db1b8f7c46 height=38
2025-10-31T13:19:59Z Saw new cmpctblock header hash=67c1f68f0db65dff86b43ba5615761d96a56d9bd0ed0b6961ba3b0db1b8f7c46 peer=0
2025-10-31T13:19:59Z UpdateTip: new best=67c1f68f0db65dff86b43ba5615761d96a56d9bd0ed0b6961ba3b0db1b8f7c46 height=38 version=0x20000000 log2_work=6.285402 tx=39 date='2025-10-31T13:20:07Z' progress=1.000000 cache=0.3MiB(38txo)
2025-10-31T13:19:59Z Saw new header hash=3eb622ec8fdf28528395acc94b7d78b79fb07de35e277ed412aa3ee258df941b height=39
2025-10-31T13:19:59Z Saw new cmpctblock header hash=3eb622ec8fdf28528395acc94b7d78b79fb07de35e277ed412aa3ee258df941b peer=0
2025-10-31T13:19:59Z UpdateTip: new best=3eb622ec8fdf28528395acc94b7d78b79fb07de35e277ed412aa3ee258df941b height=39 version=0x20000000 log2_work=6.321928 tx=40 date='2025-10-31T13:20:07Z' progress=1.000000 cache=0.3MiB(39txo)
2025-10-31T13:19:59Z Saw new header hash=7b6f67c17ea941916a5a84d650c3aa265a67d56b2c1a077a53f429c1579657e3 height=40
2025-10-31T13:19:59Z Saw new cmpctblock header hash=7b6f67c17ea941916a5a84d650c3aa265a67d56b2c1a077a53f429c1579657e3 peer=0
2025-10-31T13:19:59Z UpdateTip: new best=7b6f67c17ea941916a5a84d650c3aa265a67d56b2c1a077a53f429c1579657e3 height=40 version=0x20000000 log2_work=6.357552 tx=41 date='2025-10-31T13:20:07Z' progress=1.000000 cache=0.3MiB(40txo)
2025-10-31T13:19:59Z Saw new header hash=12321aa71a6acee8e8bc511c14ee1e2e416a9263b17d6424d9e95d4a269e27d4 height=41
2025-10-31T13:19:59Z Saw new cmpctblock header hash=12321aa71a6acee8e8bc511c14ee1e2e416a9263b17d6424d9e95d4a269e27d4 peer=0
2025-10-31T13:19:59Z UpdateTip: new best=12321aa71a6acee8e8bc511c14ee1e2e416a9263b17d6424d9e95d4a269e27d4 height=41 version=0x20000000 log2_work=6.392317 tx=42 date='2025-10-31T13:20:07Z' progress=1.000000 cache=0.3MiB(41txo)
2025-10-31T13:19:59Z Saw new header hash=1837bc2655f989556f8632d46a4ea1405a2e1165bb5648950f69aab10d514ad6 height=42
2025-10-31T13:19:59Z Saw new cmpctblock header hash=1837bc2655f989556f8632d46a4ea1405a2e1165bb5648950f69aab10d514ad6 peer=0
2025-10-31T13:19:59Z UpdateTip: new best=1837bc2655f989556f8632d46a4ea1405a2e1165bb5648950f69aab10d514ad6 height=42 version=0x20000000 log2_work=6.426265 tx=43 date='2025-10-31T13:20:07Z' progress=1.000000 cache=0.3MiB(42txo)
2025-10-31T13:19:59Z Saw new header hash=2e2c13f997d0e1b77e698b4fd006f95d822c2a613b7dc88739f9776766d64347 height=43
2025-10-31T13:19:59Z Saw new cmpctblock header hash=2e2c13f997d0e1b77e698b4fd006f95d822c2a613b7dc88739f9776766d64347 peer=0
2025-10-31T13:19:59Z UpdateTip: new best=2e2c13f997d0e1b77e698b4fd006f95d822c2a613b7dc88739f9776766d64347 height=43 version=0x20000000 log2_work=6.459432 tx=44 date='2025-10-31T13:20:07Z' progress=1.000000 cache=0.3MiB(43txo)
2025-10-31T13:19:59Z Saw new header hash=26129afb4d66c8fe950a8753a9c231d798e4de22253d70d3ec616fa2883574b1 height=44
2025-10-31T13:19:59Z Saw new cmpctblock header hash=26129afb4d66c8fe950a8753a9c231d798e4de22253d70d3ec616fa2883574b1 peer=0
2025-10-31T13:19:59Z UpdateTip: new best=26129afb4d66c8fe950a8753a9c231d798e4de22253d70d3ec616fa2883574b1 height=44 version=0x20000000 log2_work=6.491853 tx=45 date='2025-10-31T13:20:08Z' progress=1.000000 cache=0.3MiB(44txo)
2025-10-31T13:19:59Z Saw new header hash=59cd300d6a07f87d526630ffbaa51cc634701fa926c4fe2bb11069daf0ff8480 height=45
2025-10-31T13:19:59Z Saw new cmpctblock header hash=59cd300d6a07f87d526630ffbaa51cc634701fa926c4fe2bb11069daf0ff8480 peer=0
2025-10-31T13:19:59Z UpdateTip: new best=59cd300d6a07f87d526630ffbaa51cc634701fa926c4fe2bb11069daf0ff8480 height=45 version=0x20000000 log2_work=6.523562 tx=46 date='2025-10-31T13:20:08Z' progress=1.000000 cache=0.3MiB(45txo)
2025-10-31T13:19:59Z Saw new header hash=027513b059dfed11fb8482ca2151d4c216b81a700723a044e4c8325004b7f65a height=46
2025-10-31T13:19:59Z Saw new cmpctblock header hash=027513b059dfed11fb8482ca2151d4c216b81a700723a044e4c8325004b7f65a peer=0
2025-10-31T13:19:59Z UpdateTip: new best=027513b059dfed11fb8482ca2151d4c216b81a700723a044e4c8325004b7f65a height=46 version=0x20000000 log2_work=6.554589 tx=47 date='2025-10-31T13:20:08Z' progress=1.000000 cache=0.3MiB(46txo)
2025-10-31T13:19:59Z Saw new header hash=38aeab505cca6f8a91f2a1642ec00f9e7672a8aae01dcb4dc87d876b0371cdbe height=47
2025-10-31T13:19:59Z Saw new cmpctblock header hash=38aeab505cca6f8a91f2a1642ec00f9e7672a8aae01dcb4dc87d876b0371cdbe peer=0
2025-10-31T13:19:59Z UpdateTip: new best=38aeab505cca6f8a91f2a1642ec00f9e7672a8aae01dcb4dc87d876b0371cdbe height=47 version=0x20000000 log2_work=6.584963 tx=48 date='2025-10-31T13:20:08Z' progress=1.000000 cache=0.3MiB(47txo)
2025-10-31T13:19:59Z Saw new header hash=0173409a3f3050fdbddb1a60a728823c7f87b1b1f86ef87d481bf511a21b45b6 height=48
2025-10-31T13:19:59Z Saw new cmpctblock header hash=0173409a3f3050fdbddb1a60a728823c7f87b1b1f86ef87d481bf511a21b45b6 peer=0
2025-10-31T13:19:59Z UpdateTip: new best=0173409a3f3050fdbddb1a60a728823c7f87b1b1f86ef87d481bf511a21b45b6 height=48 version=0x20000000 log2_work=6.614710 tx=49 date='2025-10-31T13:20:08Z' progress=1.000000 cache=0.3MiB(48txo)
2025-10-31T13:19:59Z Saw new header hash=5009e441abe54dcf91e3d07e2bba966105701e424bf06c523ffe58b44d7d5649 height=49
2025-10-31T13:19:59Z Saw new cmpctblock header hash=5009e441abe54dcf91e3d07e2bba966105701e424bf06c523ffe58b44d7d5649 peer=0
2025-10-31T13:19:59Z UpdateTip: new best=5009e441abe54dcf91e3d07e2bba966105701e424bf06c523ffe58b44d7d5649 height=49 version=0x20000000 log2_work=6.643856 tx=50 date='2025-10-31T13:20:08Z' progress=1.000000 cache=0.3MiB(49txo)
2025-10-31T13:19:59Z Saw new header hash=32ed9f5d6362c31c2af59d2e62824c969373a50269006b5ae33f3631e4d6d262 height=50
2025-10-31T13:19:59Z Saw new cmpctblock header hash=32ed9f5d6362c31c2af59d2e62824c969373a50269006b5ae33f3631e4d6d262 peer=0
2025-10-31T13:19:59Z UpdateTip: new best=32ed9f5d6362c31c2af59d2e62824c969373a50269006b5ae33f3631e4d6d262 height=50 version=0x20000000 log2_work=6.672425 tx=51 date='2025-10-31T13:20:09Z' progress=1.000000 cache=0.3MiB(50txo)
2025-10-31T13:19:59Z Saw new header hash=57b6cbabfa2cd09898504d0667f45ea5bc481f421d6d2aff267024231b34bc4e height=51
2025-10-31T13:19:59Z Saw new cmpctblock header hash=57b6cbabfa2cd09898504d0667f45ea5bc481f421d6d2aff267024231b34bc4e peer=0
2025-10-31T13:19:59Z UpdateTip: new best=57b6cbabfa2cd09898504d0667f45ea5bc481f421d6d2aff267024231b34bc4e height=51 version=0x20000000 log2_work=6.700440 tx=52 date='2025-10-31T13:20:09Z' progress=1.000000 cache=0.3MiB(51txo)
2025-10-31T13:19:59Z Saw new header hash=594167922f6542da07735e972f139ea63d47c63e826dd5d68a2fabc4b80b5c64 height=52
2025-10-31T13:19:59Z Saw new cmpctblock header hash=594167922f6542da07735e972f139ea63d47c63e826dd5d68a2fabc4b80b5c64 peer=0
2025-10-31T13:19:59Z UpdateTip: new best=594167922f6542da07735e972f139ea63d47c63e826dd5d68a2fabc4b80b5c64 height=52 version=0x20000000 log2_work=6.727920 tx=53 date='2025-10-31T13:20:09Z' progress=1.000000 cache=0.3MiB(52txo)
2025-10-31T13:19:59Z Saw new header hash=0ec4b13b245b04dbe584d6d38ac6d10592eb14854f8da10223a4425fe2442a76 height=53
2025-10-31T13:19:59Z Saw new cmpctblock header hash=0ec4b13b245b04dbe584d6d38ac6d10592eb14854f8da10223a4425fe2442a76 peer=0
2025-10-31T13:19:59Z UpdateTip: new best=0ec4b13b245b04dbe584d6d38ac6d10592eb14854f8da10223a4425fe2442a76 height=53 version=0x20000000 log2_work=6.754888 tx=54 date='2025-10-31T13:20:09Z' progress=1.000000 cache=0.3MiB(53txo)
2025-10-31T13:19:59Z Saw new header hash=5e39619107b7b81b99fa2ff5e18ec34746058ee5803035433c046dc00eafd585 height=54
2025-10-31T13:19:59Z Saw new cmpctblock header hash=5e39619107b7b81b99fa2ff5e18ec34746058ee5803035433c046dc00eafd585 peer=0
2025-10-31T13:19:59Z UpdateTip: new best=5e39619107b7b81b99fa2ff5e18ec34746058ee5803035433c046dc00eafd585 height=54 version=0x20000000 log2_work=6.781360 tx=55 date='2025-10-31T13:20:09Z' progress=1.000000 cache=0.3MiB(54txo)
2025-10-31T13:19:59Z Saw new header hash=5dd005af898947a44afc8f85747ebe57faec603c71fd890e907366af2b5a274f height=55
2025-10-31T13:19:59Z Saw new cmpctblock header hash=5dd005af898947a44afc8f85747ebe57faec603c71fd890e907366af2b5a274f peer=0
2025-10-31T13:19:59Z UpdateTip: new best=5dd005af898947a44afc8f85747ebe57faec603c71fd890e907366af2b5a274f height=55 version=0x20000000 log2_work=6.807355 tx=56 date='2025-10-31T13:20:09Z' progress=1.000000 cache=0.3MiB(55txo)
2025-10-31T13:19:59Z Saw new header hash=4374e99989ad886980d9b72692ab39d106a0dc65e31498d1755548dd25bdc8e5 height=56
2025-10-31T13:19:59Z Saw new cmpctblock header hash=4374e99989ad886980d9b72692ab39d106a0dc65e31498d1755548dd25bdc8e5 peer=0
2025-10-31T13:19:59Z UpdateTip: new best=4374e99989ad886980d9b72692ab39d106a0dc65e31498d1755548dd25bdc8e5 height=56 version=0x20000000 log2_work=6.832890 tx=57 date='2025-10-31T13:20:10Z' progress=1.000000 cache=0.3MiB(56txo)
2025-10-31T13:19:59Z Saw new header hash=7d1a7cb163dbbda2df8893d86c6fc4f2b0675bc1bad1ce9a6f0ae34682e5326d height=57
2025-10-31T13:19:59Z Saw new cmpctblock header hash=7d1a7cb163dbbda2df8893d86c6fc4f2b0675bc1bad1ce9a6f0ae34682e5326d peer=0
2025-10-31T13:19:59Z UpdateTip: new best=7d1a7cb163dbbda2df8893d86c6fc4f2b0675bc1bad1ce9a6f0ae34682e5326d height=57 version=0x20000000 log2_work=6.857981 tx=58 date='2025-10-31T13:20:10Z' progress=1.000000 cache=0.3MiB(57txo)
2025-10-31T13:19:59Z Saw new header hash=3de9b7d069d9d737d82ce152350ac8917aaf00a22ed5f2aec9e9a087aa061cfd height=58
2025-10-31T13:19:59Z Saw new cmpctblock header hash=3de9b7d069d9d737d82ce152350ac8917aaf00a22ed5f2aec9e9a087aa061cfd peer=0
2025-10-31T13:19:59Z UpdateTip: new best=3de9b7d069d9d737d82ce152350ac8917aaf00a22ed5f2aec9e9a087aa061cfd height=58 version=0x20000000 log2_work=6.882643 tx=59 date='2025-10-31T13:20:10Z' progress=1.000000 cache=0.3MiB(58txo)
2025-10-31T13:19:59Z Saw new header hash=78ad5f92f6c2fb4f20cdae9c56da15a0c7726efc3eb2fa5961d382289714cfff height=59
2025-10-31T13:19:59Z Saw new cmpctblock header hash=78ad5f92f6c2fb4f20cdae9c56da15a0c7726efc3eb2fa5961d382289714cfff peer=0
2025-10-31T13:19:59Z UpdateTip: new best=78ad5f92f6c2fb4f20cdae9c56da15a0c7726efc3eb2fa5961d382289714cfff height=59 version=0x20000000 log2_work=6.906891 tx=60 date='2025-10-31T13:20:10Z' progress=1.000000 cache=0.3MiB(59txo)
2025-10-31T13:19:59Z Saw new header hash=56f0bba77e917cea193be16e3de24f6ba744049a530c897e70a1a245ccf064db height=60
2025-10-31T13:19:59Z Saw new cmpctblock header hash=56f0bba77e917cea193be16e3de24f6ba744049a530c897e70a1a245ccf064db peer=0
2025-10-31T13:19:59Z UpdateTip: new best=56f0bba77e917cea193be16e3de24f6ba744049a530c897e70a1a245ccf064db height=60 version=0x20000000 log2_work=6.930737 tx=61 date='2025-10-31T13:20:10Z' progress=1.000000 cache=0.3MiB(60txo)
2025-10-31T13:19:59Z Saw new header hash=52bc4cebf3e387453f6ee8600061d62e8b668039dffa1fbab085ecb529aaa87e height=61
2025-10-31T13:19:59Z Saw new cmpctblock header hash=52bc4cebf3e387453f6ee8600061d62e8b668039dffa1fbab085ecb529aaa87e peer=0
2025-10-31T13:19:59Z UpdateTip: new best=52bc4cebf3e387453f6ee8600061d62e8b668039dffa1fbab085ecb529aaa87e height=61 version=0x20000000 log2_work=6.954196 tx=62 date='2025-10-31T13:20:10Z' progress=1.000000 cache=0.3MiB(61txo)
2025-10-31T13:19:59Z Saw new header hash=561eeb14810fab8c49a38d15305144aa5dc4ddbb1dcc1e8977afa86eaa4f8ef9 height=62
2025-10-31T13:19:59Z Saw new cmpctblock header hash=561eeb14810fab8c49a38d15305144aa5dc4ddbb1dcc1e8977afa86eaa4f8ef9 peer=0
2025-10-31T13:19:59Z UpdateTip: new best=561eeb14810fab8c49a38d15305144aa5dc4ddbb1dcc1e8977afa86eaa4f8ef9 height=62 version=0x20000000 log2_work=6.977280 tx=63 date='2025-10-31T13:20:11Z' progress=1.000000 cache=0.3MiB(62txo)
2025-10-31T13:19:59Z Saw new header hash=4613db9bb0f0eb7bf784de8cbde357fa1253cf0cc9c6faebba7a4ce2ed87eb09 height=63
2025-10-31T13:19:59Z Saw new cmpctblock header hash=4613db9bb0f0eb7bf784de8cbde357fa1253cf0cc9c6faebba7a4ce2ed87eb09 peer=0
2025-10-31T13:19:59Z UpdateTip: new best=4613db9bb0f0eb7bf784de8cbde357fa1253cf0cc9c6faebba7a4ce2ed87eb09 height=63 version=0x20000000 log2_work=7.000000 tx=64 date='2025-10-31T13:20:11Z' progress=1.000000 cache=0.3MiB(63txo)
2025-10-31T13:19:59Z Saw new header hash=48d393ad188010ff4236665401c8cae90f33cbcf44d937fb6b332f4d77d75fff height=64
2025-10-31T13:19:59Z Saw new cmpctblock header hash=48d393ad188010ff4236665401c8cae90f33cbcf44d937fb6b332f4d77d75fff peer=0
2025-10-31T13:19:59Z UpdateTip: new best=48d393ad188010ff4236665401c8cae90f33cbcf44d937fb6b332f4d77d75fff height=64 version=0x20000000 log2_work=7.022368 tx=65 date='2025-10-31T13:20:11Z' progress=1.000000 cache=0.3MiB(64txo)
2025-10-31T13:19:59Z Saw new header hash=616b9435dc9ecd621bae0c8269be0b9a8aca69b78293a19ca434b1edcac48bdb height=65
2025-10-31T13:19:59Z Saw new cmpctblock header hash=616b9435dc9ecd621bae0c8269be0b9a8aca69b78293a19ca434b1edcac48bdb peer=0
2025-10-31T13:19:59Z UpdateTip: new best=616b9435dc9ecd621bae0c8269be0b9a8aca69b78293a19ca434b1edcac48bdb height=65 version=0x20000000 log2_work=7.044394 tx=66 date='2025-10-31T13:20:11Z' progress=1.000000 cache=0.3MiB(65txo)
2025-10-31T13:19:59Z Saw new header hash=6c6f686c7d53bee5e2e35b5ca2d602bda34fc702cbf24aad9b91b584580abcc9 height=66
2025-10-31T13:19:59Z Saw new cmpctblock header hash=6c6f686c7d53bee5e2e35b5ca2d602bda34fc702cbf24aad9b91b584580abcc9 peer=0
2025-10-31T13:19:59Z UpdateTip: new best=6c6f686c7d53bee5e2e35b5ca2d602bda34fc702cbf24aad9b91b584580abcc9 height=66 version=0x20000000 log2_work=7.066089 tx=67 date='2025-10-31T13:20:11Z' progress=1.000000 cache=0.3MiB(66txo)
2025-10-31T13:19:59Z Saw new header hash=2fa85472299eb944ecaf28385749d6370af23bdf076005bf54c70827d7f8322d height=67
2025-10-31T13:19:59Z Saw new cmpctblock header hash=2fa85472299eb944ecaf28385749d6370af23bdf076005bf54c70827d7f8322d peer=0
2025-10-31T13:19:59Z UpdateTip: new best=2fa85472299eb944ecaf28385749d6370af23bdf076005bf54c70827d7f8322d height=67 version=0x20000000 log2_work=7.087463 tx=68 date='2025-10-31T13:20:11Z' progress=1.000000 cache=0.3MiB(67txo)
2025-10-31T13:19:59Z Saw new header hash=0ae2b834765d3e94a49cf765877fe9702d3e5cfdabdb8a907233e95030dd7d26 height=68
2025-10-31T13:19:59Z Saw new cmpctblock header hash=0ae2b834765d3e94a49cf765877fe9702d3e5cfdabdb8a907233e95030dd7d26 peer=0
2025-10-31T13:19:59Z UpdateTip: new best=0ae2b834765d3e94a49cf765877fe9702d3e5cfdabdb8a907233e95030dd7d26 height=68 version=0x20000000 log2_work=7.108524 tx=69 date='2025-10-31T13:20:12Z' progress=1.000000 cache=0.3MiB(68txo)
2025-10-31T13:19:59Z Saw new header hash=4921afa392d54fd4350a9db533b1b63d5638e49eb623459df1df4d054b52a133 height=69
2025-10-31T13:19:59Z Saw new cmpctblock header hash=4921afa392d54fd4350a9db533b1b63d5638e49eb623459df1df4d054b52a133 peer=0
2025-10-31T13:19:59Z UpdateTip: new best=4921afa392d54fd4350a9db533b1b63d5638e49eb623459df1df4d054b52a133 height=69 version=0x20000000 log2_work=7.129283 tx=70 date='2025-10-31T13:20:12Z' progress=1.000000 cache=0.3MiB(69txo)
2025-10-31T13:19:59Z Saw new header hash=3b8cc9c4d74807568b1d926f8031a80adb969f516aadb20127d5365d0cd7f08d height=70
2025-10-31T13:19:59Z Saw new cmpctblock header hash=3b8cc9c4d74807568b1d926f8031a80adb969f516aadb20127d5365d0cd7f08d peer=0
2025-10-31T13:19:59Z UpdateTip: new best=3b8cc9c4d74807568b1d926f8031a80adb969f516aadb20127d5365d0cd7f08d height=70 version=0x20000000 log2_work=7.149747 tx=71 date='2025-10-31T13:20:12Z' progress=1.000000 cache=0.3MiB(70txo)
2025-10-31T13:19:59Z Saw new header hash=00b49ea896fd58aac9bbb34a9212af5910121bb67c0c67fef42652c3e75e0b55 height=71
2025-10-31T13:19:59Z Saw new cmpctblock header hash=00b49ea896fd58aac9bbb34a9212af5910121bb67c0c67fef42652c3e75e0b55 peer=0
2025-10-31T13:19:59Z UpdateTip: new best=00b49ea896fd58aac9bbb34a9212af5910121bb67c0c67fef42652c3e75e0b55 height=71 version=0x20000000 log2_work=7.169925 tx=72 date='2025-10-31T13:20:12Z' progress=1.000000 cache=0.3MiB(71txo)
2025-10-31T13:19:59Z Saw new header hash=3b7d7e362e80a13527a1eb8be21d190043f2c837a6691869502fa48e1ee5d3b3 height=72
2025-10-31T13:19:59Z Saw new cmpctblock header hash=3b7d7e362e80a13527a1eb8be21d190043f2c837a6691869502fa48e1ee5d3b3 peer=0
2025-10-31T13:19:59Z UpdateTip: new best=3b7d7e362e80a13527a1eb8be21d190043f2c837a6691869502fa48e1ee5d3b3 height=72 version=0x20000000 log2_work=7.189825 tx=73 date='2025-10-31T13:20:12Z' progress=1.000000 cache=0.3MiB(72txo)
2025-10-31T13:19:59Z Saw new header hash=73f274d7d91b989606ad7f44dae565d9a3eb3daf0ab39a4f7f6b96aad3d315c3 height=73
2025-10-31T13:19:59Z Saw new cmpctblock header hash=73f274d7d91b989606ad7f44dae565d9a3eb3daf0ab39a4f7f6b96aad3d315c3 peer=0
2025-10-31T13:19:59Z UpdateTip: new best=73f274d7d91b989606ad7f44dae565d9a3eb3daf0ab39a4f7f6b96aad3d315c3 height=73 version=0x20000000 log2_work=7.209453 tx=74 date='2025-10-31T13:20:12Z' progress=1.000000 cache=0.3MiB(73txo)
2025-10-31T13:19:59Z Saw new header hash=42a754f4b435d951c03de9af44eb06dd19a009354aad0dc18902a64ba72ae7b3 height=74
2025-10-31T13:19:59Z Saw new cmpctblock header hash=42a754f4b435d951c03de9af44eb06dd19a009354aad0dc18902a64ba72ae7b3 peer=0
2025-10-31T13:19:59Z UpdateTip: new best=42a754f4b435d951c03de9af44eb06dd19a009354aad0dc18902a64ba72ae7b3 height=74 version=0x20000000 log2_work=7.228819 tx=75 date='2025-10-31T13:20:13Z' progress=1.000000 cache=0.3MiB(74txo)
2025-10-31T13:19:59Z Saw new header hash=07be5e2a197b2a748dfea4d82e9f0dba810c8af6bcc308a21638647abba748dc height=75
2025-10-31T13:19:59Z Saw new cmpctblock header hash=07be5e2a197b2a748dfea4d82e9f0dba810c8af6bcc308a21638647abba748dc peer=0
2025-10-31T13:19:59Z UpdateTip: new best=07be5e2a197b2a748dfea4d82e9f0dba810c8af6bcc308a21638647abba748dc height=75 version=0x20000000 log2_work=7.247928 tx=76 date='2025-10-31T13:20:13Z' progress=1.000000 cache=0.3MiB(75txo)
2025-10-31T13:19:59Z Saw new header hash=37efa5cbb6317da3fcded538124a815ab47bab483084eda3ff287992c58c713d height=76
2025-10-31T13:19:59Z Saw new cmpctblock header hash=37efa5cbb6317da3fcded538124a815ab47bab483084eda3ff287992c58c713d peer=0
2025-10-31T13:19:59Z UpdateTip: new best=37efa5cbb6317da3fcded538124a815ab47bab483084eda3ff287992c58c713d height=76 version=0x20000000 log2_work=7.266787 tx=77 date='2025-10-31T13:20:13Z' progress=1.000000 cache=0.3MiB(76txo)
2025-10-31T13:19:59Z Saw new header hash=510c4ad056c92e48628a9b82850d46015b441650877d9a6b529c66efd5b78296 height=77
2025-10-31T13:19:59Z Saw new cmpctblock header hash=510c4ad056c92e48628a9b82850d46015b441650877d9a6b529c66efd5b78296 peer=0
2025-10-31T13:19:59Z UpdateTip: new best=510c4ad056c92e48628a9b82850d46015b441650877d9a6b529c66efd5b78296 height=77 version=0x20000000 log2_work=7.285402 tx=78 date='2025-10-31T13:20:13Z' progress=1.000000 cache=0.3MiB(77txo)
2025-10-31T13:19:59Z Saw new header hash=3e777f61e50a845ee4d6bf983e29238dd5d803d864fc752bf141051a6fff4627 height=78
2025-10-31T13:19:59Z Saw new cmpctblock header hash=3e777f61e50a845ee4d6bf983e29238dd5d803d864fc752bf141051a6fff4627 peer=0
2025-10-31T13:19:59Z UpdateTip: new best=3e777f61e50a845ee4d6bf983e29238dd5d803d864fc752bf141051a6fff4627 height=78 version=0x20000000 log2_work=7.303781 tx=79 date='2025-10-31T13:20:13Z' progress=1.000000 cache=0.3MiB(78txo)
2025-10-31T13:19:59Z Saw new header hash=29e0556bb3523b40c8a0c80725a2a79464acab6f89747fde93144435b9eddffb height=79
2025-10-31T13:19:59Z Saw new cmpctblock header hash=29e0556bb3523b40c8a0c80725a2a79464acab6f89747fde93144435b9eddffb peer=0
2025-10-31T13:19:59Z UpdateTip: new best=29e0556bb3523b40c8a0c80725a2a79464acab6f89747fde93144435b9eddffb height=79 version=0x20000000 log2_work=7.321928 tx=80 date='2025-10-31T13:20:13Z' progress=1.000000 cache=0.3MiB(79txo)
2025-10-31T13:19:59Z Saw new header hash=1b7a6888e3349718eccebc67b19ae2f79031d74ea27b96d688bb410e5b6efbf4 height=80
2025-10-31T13:19:59Z Saw new cmpctblock header hash=1b7a6888e3349718eccebc67b19ae2f79031d74ea27b96d688bb410e5b6efbf4 peer=0
2025-10-31T13:19:59Z UpdateTip: new best=1b7a6888e3349718eccebc67b19ae2f79031d74ea27b96d688bb410e5b6efbf4 height=80 version=0x20000000 log2_work=7.339850 tx=81 date='2025-10-31T13:20:14Z' progress=1.000000 cache=0.3MiB(80txo)
2025-10-31T13:19:59Z Saw new header hash=0e3838dc946acacd508feb4c46e64c010dcca57dfbc3b4c4c98f389c9dfeec49 height=81
2025-10-31T13:19:59Z Saw new cmpctblock header hash=0e3838dc946acacd508feb4c46e64c010dcca57dfbc3b4c4c98f389c9dfeec49 peer=0
2025-10-31T13:19:59Z UpdateTip: new best=0e3838dc946acacd508feb4c46e64c010dcca57dfbc3b4c4c98f389c9dfeec49 height=81 version=0x20000000 log2_work=7.357552 tx=82 date='2025-10-31T13:20:14Z' progress=1.000000 cache=0.3MiB(81txo)
2025-10-31T13:19:59Z Saw new header hash=62e8a5b28a4c249b9b50bfc3380e994311414bcf001d783ba90da517eb999d06 height=82
2025-10-31T13:19:59Z Saw new cmpctblock header hash=62e8a5b28a4c249b9b50bfc3380e994311414bcf001d783ba90da517eb999d06 peer=0
2025-10-31T13:19:59Z UpdateTip: new best=62e8a5b28a4c249b9b50bfc3380e994311414bcf001d783ba90da517eb999d06 height=82 version=0x20000000 log2_work=7.375039 tx=83 date='2025-10-31T13:20:14Z' progress=1.000000 cache=0.3MiB(82txo)
2025-10-31T13:19:59Z Saw new header hash=35a35f66e3db8a252a3fb79a16915ce927b7f897376b3679f9b7281c232ff46b height=83
2025-10-31T13:19:59Z Saw new cmpctblock header hash=35a35f66e3db8a252a3fb79a16915ce927b7f897376b3679f9b7281c232ff46b peer=0
2025-10-31T13:19:59Z UpdateTip: new best=35a35f66e3db8a252a3fb79a16915ce927b7f897376b3679f9b7281c232ff46b height=83 version=0x20000000 log2_work=7.392317 tx=84 date='2025-10-31T13:20:14Z' progress=1.000000 cache=0.3MiB(83txo)
2025-10-31T13:19:59Z Saw new header hash=2f1357c5fc2effbb5e10d817c1baf2364302d90b7a4a6979942d8a9f6d97f747 height=84
2025-10-31T13:19:59Z Saw new cmpctblock header hash=2f1357c5fc2effbb5e10d817c1baf2364302d90b7a4a6979942d8a9f6d97f747 peer=0
2025-10-31T13:19:59Z UpdateTip: new best=2f1357c5fc2effbb5e10d817c1baf2364302d90b7a4a6979942d8a9f6d97f747 height=84 version=0x20000000 log2_work=7.409391 tx=85 date='2025-10-31T13:20:14Z' progress=1.000000 cache=0.3MiB(84txo)
2025-10-31T13:19:59Z Saw new header hash=70c815e14751b75d708c7f34551cabf287add45e052e35f4041b47344519b873 height=85
2025-10-31T13:19:59Z Saw new cmpctblock header hash=70c815e14751b75d708c7f34551cabf287add45e052e35f4041b47344519b873 peer=0
2025-10-31T13:19:59Z UpdateTip: new best=70c815e14751b75d708c7f34551cabf287add45e052e35f4041b47344519b873 height=85 version=0x20000000 log2_work=7.426265 tx=86 date='2025-10-31T13:20:14Z' progress=1.000000 cache=0.3MiB(85txo)
2025-10-31T13:19:59Z Saw new header hash=3a16e6290c3c3ebccee323d2363ddc8538d46643acfeb115526b584ddaa7b8a9 height=86
2025-10-31T13:19:59Z Saw new cmpctblock header hash=3a16e6290c3c3ebccee323d2363ddc8538d46643acfeb115526b584ddaa7b8a9 peer=0
2025-10-31T13:19:59Z UpdateTip: new best=3a16e6290c3c3ebccee323d2363ddc8538d46643acfeb115526b584ddaa7b8a9 height=86 version=0x20000000 log2_work=7.442943 tx=87 date='2025-10-31T13:20:15Z' progress=1.000000 cache=0.3MiB(86txo)
2025-10-31T13:19:59Z Saw new header hash=19c6a5311437e69cba3670c29c3062af6ef53499b02b2ab3b8b2fe3c18df5e82 height=87
2025-10-31T13:19:59Z Saw new cmpctblock header hash=19c6a5311437e69cba3670c29c3062af6ef53499b02b2ab3b8b2fe3c18df5e82 peer=0
2025-10-31T13:19:59Z UpdateTip: new best=19c6a5311437e69cba3670c29c3062af6ef53499b02b2ab3b8b2fe3c18df5e82 height=87 version=0x20000000 log2_work=7.459432 tx=88 date='2025-10-31T13:20:15Z' progress=1.000000 cache=0.3MiB(87txo)
2025-10-31T13:19:59Z Saw new header hash=5198aa0270f84ad8c81b89922e6e1d034e15c39b774158ee736dad62ad7b631e height=88
2025-10-31T13:19:59Z Saw new cmpctblock header hash=5198aa0270f84ad8c81b89922e6e1d034e15c39b774158ee736dad62ad7b631e peer=0
2025-10-31T13:19:59Z UpdateTip: new best=5198aa0270f84ad8c81b89922e6e1d034e15c39b774158ee736dad62ad7b631e height=88 version=0x20000000 log2_work=7.475733 tx=89 date='2025-10-31T13:20:15Z' progress=1.000000 cache=0.3MiB(88txo)
2025-10-31T13:19:59Z Saw new header hash=38efdd3ec514d4b750305b69f87ef079369ebf1847adcdcda519bc4069559afd height=89
2025-10-31T13:19:59Z Saw new cmpctblock header hash=38efdd3ec514d4b750305b69f87ef079369ebf1847adcdcda519bc4069559afd peer=0
2025-10-31T13:19:59Z UpdateTip: new best=38efdd3ec514d4b750305b69f87ef079369ebf1847adcdcda519bc4069559afd height=89 version=0x20000000 log2_work=7.491853 tx=90 date='2025-10-31T13:20:15Z' progress=1.000000 cache=0.3MiB(89txo)
2025-10-31T13:19:59Z Saw new header hash=4881d23c77fa2aa6986254197713e195155c03ebdb0b5c77b1289c405cdcdc47 height=90
2025-10-31T13:19:59Z Saw new cmpctblock header hash=4881d23c77fa2aa6986254197713e195155c03ebdb0b5c77b1289c405cdcdc47 peer=0
2025-10-31T13:19:59Z UpdateTip: new best=4881d23c77fa2aa6986254197713e195155c03ebdb0b5c77b1289c405cdcdc47 height=90 version=0x20000000 log2_work=7.507795 tx=91 date='2025-10-31T13:20:15Z' progress=1.000000 cache=0.3MiB(90txo)
2025-10-31T13:19:59Z Saw new header hash=19a51d18a0257dbde5d6f7ae8b036af5f53f6bf9af27c9f269b5a23681bf084c height=91
2025-10-31T13:19:59Z Saw new cmpctblock header hash=19a51d18a0257dbde5d6f7ae8b036af5f53f6bf9af27c9f269b5a23681bf084c peer=0
2025-10-31T13:19:59Z UpdateTip: new best=19a51d18a0257dbde5d6f7ae8b036af5f53f6bf9af27c9f269b5a23681bf084c height=91 version=0x20000000 log2_work=7.523562 tx=92 date='2025-10-31T13:20:15Z' progress=1.000000 cache=0.3MiB(91txo)
2025-10-31T13:19:59Z Saw new header hash=66689c8422c01f7b9f2109408976c32df0caa6b9cce5366f01c19a07dbca3b41 height=92
2025-10-31T13:19:59Z Saw new cmpctblock header hash=66689c8422c01f7b9f2109408976c32df0caa6b9cce5366f01c19a07dbca3b41 peer=0
2025-10-31T13:19:59Z UpdateTip: new best=66689c8422c01f7b9f2109408976c32df0caa6b9cce5366f01c19a07dbca3b41 height=92 version=0x20000000 log2_work=7.539159 tx=93 date='2025-10-31T13:20:16Z' progress=1.000000 cache=0.3MiB(92txo)
2025-10-31T13:19:59Z Saw new header hash=2967b7bcf310dca405ee7399aaa41d75c158affce1b0286cf2a694760e7e98c0 height=93
2025-10-31T13:19:59Z Saw new cmpctblock header hash=2967b7bcf310dca405ee7399aaa41d75c158affce1b0286cf2a694760e7e98c0 peer=0
2025-10-31T13:19:59Z UpdateTip: new best=2967b7bcf310dca405ee7399aaa41d75c158affce1b0286cf2a694760e7e98c0 height=93 version=0x20000000 log2_work=7.554589 tx=94 date='2025-10-31T13:20:16Z' progress=1.000000 cache=0.3MiB(93txo)
2025-10-31T13:19:59Z Saw new header hash=23d660dfb3da7aee433bd3b372a6969a4c01edc3a34bc18ee949ddd080d78a02 height=94
2025-10-31T13:19:59Z Saw new cmpctblock header hash=23d660dfb3da7aee433bd3b372a6969a4c01edc3a34bc18ee949ddd080d78a02 peer=0
2025-10-31T13:19:59Z UpdateTip: new best=23d660dfb3da7aee433bd3b372a6969a4c01edc3a34bc18ee949ddd080d78a02 height=94 version=0x20000000 log2_work=7.569856 tx=95 date='2025-10-31T13:20:16Z' progress=1.000000 cache=0.3MiB(94txo)
2025-10-31T13:19:59Z Saw new header hash=5d71d95f6ada58379881aed52f52c6a02063fbd10ec24aa9ffde9b7743e9be29 height=95
2025-10-31T13:19:59Z Saw new cmpctblock header hash=5d71d95f6ada58379881aed52f52c6a02063fbd10ec24aa9ffde9b7743e9be29 peer=0
2025-10-31T13:19:59Z UpdateTip: new best=5d71d95f6ada58379881aed52f52c6a02063fbd10ec24aa9ffde9b7743e9be29 height=95 version=0x20000000 log2_work=7.584963 tx=96 date='2025-10-31T13:20:16Z' progress=1.000000 cache=0.3MiB(95txo)
2025-10-31T13:19:59Z Saw new header hash=1f2580f0d200cf4558cb44b2c242ffd8edaa29d6b7c4a48f5d148c5ee0784043 height=96
2025-10-31T13:19:59Z Saw new cmpctblock header hash=1f2580f0d200cf4558cb44b2c242ffd8edaa29d6b7c4a48f5d148c5ee0784043 peer=0
2025-10-31T13:19:59Z UpdateTip: new best=1f2580f0d200cf4558cb44b2c242ffd8edaa29d6b7c4a48f5d148c5ee0784043 height=96 version=0x20000000 log2_work=7.599913 tx=97 date='2025-10-31T13:20:16Z' progress=1.000000 cache=0.3MiB(96txo)
2025-10-31T13:19:59Z Saw new header hash=3314474a64796d2259b01a8aaaf60091e0863697310b2fdea1c3233f5a301bdb height=97
2025-10-31T13:19:59Z Saw new cmpctblock header hash=3314474a64796d2259b01a8aaaf60091e0863697310b2fdea1c3233f5a301bdb peer=0
2025-10-31T13:19:59Z UpdateTip: new best=3314474a64796d2259b01a8aaaf60091e0863697310b2fdea1c3233f5a301bdb height=97 version=0x20000000 log2_work=7.614710 tx=98 date='2025-10-31T13:20:16Z' progress=1.000000 cache=0.3MiB(97txo)
2025-10-31T13:19:59Z Saw new header hash=2f8dca6879b8144a73cf667217db77ede1fc73fc67ff14f9015904ac7911ea1a height=98
2025-10-31T13:19:59Z Saw new cmpctblock header hash=2f8dca6879b8144a73cf667217db77ede1fc73fc67ff14f9015904ac7911ea1a peer=0
2025-10-31T13:19:59Z UpdateTip: new best=2f8dca6879b8144a73cf667217db77ede1fc73fc67ff14f9015904ac7911ea1a height=98 version=0x20000000 log2_work=7.629357 tx=99 date='2025-10-31T13:20:17Z' progress=1.000000 cache=0.3MiB(98txo)
2025-10-31T13:19:59Z Saw new header hash=076b74d17c3d35b64e5832af22a0045d0d92d9931dfeb667da85a6af7a833920 height=99
2025-10-31T13:19:59Z Saw new cmpctblock header hash=076b74d17c3d35b64e5832af22a0045d0d92d9931dfeb667da85a6af7a833920 peer=0
2025-10-31T13:19:59Z UpdateTip: new best=076b74d17c3d35b64e5832af22a0045d0d92d9931dfeb667da85a6af7a833920 height=99 version=0x20000000 log2_work=7.643856 tx=100 date='2025-10-31T13:20:17Z' progress=1.000000 cache=0.3MiB(99txo)
2025-10-31T13:19:59Z Saw new header hash=3a484e6773762cb81a4c0c22e3aead779995b313d9b8ce6bb305eb618884e01d height=100
2025-10-31T13:19:59Z Saw new cmpctblock header hash=3a484e6773762cb81a4c0c22e3aead779995b313d9b8ce6bb305eb618884e01d peer=0
2025-10-31T13:19:59Z UpdateTip: new best=3a484e6773762cb81a4c0c22e3aead779995b313d9b8ce6bb305eb618884e01d height=100 version=0x20000000 log2_work=7.658211 tx=101 date='2025-10-31T13:20:17Z' progress=1.000000 cache=0.3MiB(100txo)
2025-10-31T13:19:59Z Saw new header hash=7fb268cda4bb2021376b2f32981ab61b15b01ae7ddece88f3cb770064f99554e height=101
2025-10-31T13:19:59Z Saw new cmpctblock header hash=7fb268cda4bb2021376b2f32981ab61b15b01ae7ddece88f3cb770064f99554e peer=0
2025-10-31T13:19:59Z UpdateTip: new best=7fb268cda4bb2021376b2f32981ab61b15b01ae7ddece88f3cb770064f99554e height=101 version=0x20000000 log2_work=7.672425 tx=102 date='2025-10-31T13:20:17Z' progress=1.000000 cache=0.3MiB(101txo)
2025-10-31T13:19:59Z Saw new header hash=0d38d5a7c30e61b7d9a9f50fa296dc3a31937afbf1a3d6270d590d12cbd0ff24 height=102
2025-10-31T13:19:59Z Saw new cmpctblock header hash=0d38d5a7c30e61b7d9a9f50fa296dc3a31937afbf1a3d6270d590d12cbd0ff24 peer=0
2025-10-31T13:19:59Z UpdateTip: new best=0d38d5a7c30e61b7d9a9f50fa296dc3a31937afbf1a3d6270d590d12cbd0ff24 height=102 version=0x20000000 log2_work=7.686501 tx=103 date='2025-10-31T13:20:17Z' progress=1.000000 cache=0.3MiB(102txo)
2025-10-31T13:19:59Z Saw new header hash=1041bd5948d1459fa77ecdbd36a7216646624de58366e3c477c0d7f3da3835c0 height=103
2025-10-31T13:19:59Z Saw new cmpctblock header hash=1041bd5948d1459fa77ecdbd36a7216646624de58366e3c477c0d7f3da3835c0 peer=0
2025-10-31T13:19:59Z UpdateTip: new best=1041bd5948d1459fa77ecdbd36a7216646624de58366e3c477c0d7f3da3835c0 height=103 version=0x20000000 log2_work=7.700440 tx=104 date='2025-10-31T13:20:17Z' progress=1.000000 cache=0.3MiB(103txo)
2025-10-31T13:19:59Z Saw new header hash=013d4f68f853f8af7516d91fb56c3a68f93fdd16af7104fc205568dd2cf0725f height=104
2025-10-31T13:19:59Z Saw new cmpctblock header hash=013d4f68f853f8af7516d91fb56c3a68f93fdd16af7104fc205568dd2cf0725f peer=0
2025-10-31T13:19:59Z UpdateTip: new best=013d4f68f853f8af7516d91fb56c3a68f93fdd16af7104fc205568dd2cf0725f height=104 version=0x20000000 log2_work=7.714246 tx=105 date='2025-10-31T13:20:18Z' progress=1.000000 cache=0.3MiB(104txo)
2025-10-31T13:19:59Z Saw new header hash=4b4034795c227c7a223a4d4e16964ab466415d48528f7132f6804fe3e5905704 height=105
2025-10-31T13:19:59Z Saw new cmpctblock header hash=4b4034795c227c7a223a4d4e16964ab466415d48528f7132f6804fe3e5905704 peer=0
2025-10-31T13:19:59Z UpdateTip: new best=4b4034795c227c7a223a4d4e16964ab466415d48528f7132f6804fe3e5905704 height=105 version=0x20000000 log2_work=7.727920 tx=106 date='2025-10-31T13:20:18Z' progress=1.000000 cache=0.3MiB(105txo)
2025-10-31T13:19:59Z Saw new header hash=6ed678ed310a5405348cc130097746364a6d581d4b4bd940c8200420e5aa7311 height=106
2025-10-31T13:19:59Z Saw new cmpctblock header hash=6ed678ed310a5405348cc130097746364a6d581d4b4bd940c8200420e5aa7311 peer=0
2025-10-31T13:19:59Z UpdateTip: new best=6ed678ed310a5405348cc130097746364a6d581d4b4bd940c8200420e5aa7311 height=106 version=0x20000000 log2_work=7.741467 tx=107 date='2025-10-31T13:20:18Z' progress=1.000000 cache=0.3MiB(106txo)
2025-10-31T13:19:59Z Saw new header hash=62535ebf209d0e4786588c25a1e3a3c49c4de3f328e553dc928066f8f2dd09f8 height=107
2025-10-31T13:19:59Z Saw new cmpctblock header hash=62535ebf209d0e4786588c25a1e3a3c49c4de3f328e553dc928066f8f2dd09f8 peer=0
2025-10-31T13:19:59Z UpdateTip: new best=62535ebf209d0e4786588c25a1e3a3c49c4de3f328e553dc928066f8f2dd09f8 height=107 version=0x20000000 log2_work=7.754888 tx=108 date='2025-10-31T13:20:18Z' progress=1.000000 cache=0.3MiB(107txo)
2025-10-31T13:19:59Z Saw new header hash=2cdcafd1970569a3fe126b7478140cc638cefc0e702448c97f72a5361f64ca71 height=108
2025-10-31T13:19:59Z Saw new cmpctblock header hash=2cdcafd1970569a3fe126b7478140cc638cefc0e702448c97f72a5361f64ca71 peer=0
2025-10-31T13:19:59Z UpdateTip: new best=2cdcafd1970569a3fe126b7478140cc638cefc0e702448c97f72a5361f64ca71 height=108 version=0x20000000 log2_work=7.768184 tx=109 date='2025-10-31T13:20:18Z' progress=1.000000 cache=0.3MiB(108txo)
2025-10-31T13:19:59Z Saw new header hash=0158d8f99bc204f9be1bdc3fb21e04bff046555196e7b23206bea28b38a783d4 height=109
2025-10-31T13:19:59Z Saw new cmpctblock header hash=0158d8f99bc204f9be1bdc3fb21e04bff046555196e7b23206bea28b38a783d4 peer=0
2025-10-31T13:19:59Z UpdateTip: new best=0158d8f99bc204f9be1bdc3fb21e04bff046555196e7b23206bea28b38a783d4 height=109 version=0x20000000 log2_work=7.781360 tx=110 date='2025-10-31T13:20:18Z' progress=1.000000 cache=0.3MiB(109txo)
2025-10-31T13:19:59Z Saw new header hash=68589b98f86225ecbd399fa67612e6a990f67c58a6286083a94926af00aa9895 height=110
2025-10-31T13:19:59Z Saw new cmpctblock header hash=68589b98f86225ecbd399fa67612e6a990f67c58a6286083a94926af00aa9895 peer=0
2025-10-31T13:19:59Z UpdateTip: new best=68589b98f86225ecbd399fa67612e6a990f67c58a6286083a94926af00aa9895 height=110 version=0x20000000 log2_work=7.794416 tx=111 date='2025-10-31T13:20:19Z' progress=1.000000 cache=0.3MiB(110txo)
2025-10-31T13:19:59Z Saw new header hash=0be8c49a7d7e5a3095d378f33438f213ef0d9960933c0df2880d79dc09be8f92 height=111
2025-10-31T13:19:59Z Saw new cmpctblock header hash=0be8c49a7d7e5a3095d378f33438f213ef0d9960933c0df2880d79dc09be8f92 peer=0
2025-10-31T13:19:59Z UpdateTip: new best=0be8c49a7d7e5a3095d378f33438f213ef0d9960933c0df2880d79dc09be8f92 height=111 version=0x20000000 log2_work=7.807355 tx=112 date='2025-10-31T13:20:19Z' progress=1.000000 cache=0.3MiB(111txo)
2025-10-31T13:19:59Z Saw new header hash=0a0ed031c5e231112c21ae6d2165f332c3228bdcd40889e5d7c74f1205dd8afc height=112
2025-10-31T13:19:59Z Saw new cmpctblock header hash=0a0ed031c5e231112c21ae6d2165f332c3228bdcd40889e5d7c74f1205dd8afc peer=0
2025-10-31T13:19:59Z UpdateTip: new best=0a0ed031c5e231112c21ae6d2165f332c3228bdcd40889e5d7c74f1205dd8afc height=112 version=0x20000000 log2_work=7.820179 tx=113 date='2025-10-31T13:20:19Z' progress=1.000000 cache=0.3MiB(112txo)
2025-10-31T13:19:59Z Saw new header hash=3ac0532165ffe2e9426003c9067ecf25df704b02d6f03448bb632e1143df6f1c height=113
2025-10-31T13:19:59Z Saw new cmpctblock header hash=3ac0532165ffe2e9426003c9067ecf25df704b02d6f03448bb632e1143df6f1c peer=0
2025-10-31T13:19:59Z UpdateTip: new best=3ac0532165ffe2e9426003c9067ecf25df704b02d6f03448bb632e1143df6f1c height=113 version=0x20000000 log2_work=7.832890 tx=114 date='2025-10-31T13:20:19Z' progress=1.000000 cache=0.3MiB(113txo)
2025-10-31T13:19:59Z Saw new header hash=6661ea9d020c259ab3b5dfa309fac765ad633ec1fe4554af8ea02b19ef345fdc height=114
2025-10-31T13:19:59Z Saw new cmpctblock header hash=6661ea9d020c259ab3b5dfa309fac765ad633ec1fe4554af8ea02b19ef345fdc peer=0
2025-10-31T13:19:59Z UpdateTip: new best=6661ea9d020c259ab3b5dfa309fac765ad633ec1fe4554af8ea02b19ef345fdc height=114 version=0x20000000 log2_work=7.845490 tx=115 date='2025-10-31T13:20:19Z' progress=1.000000 cache=0.3MiB(114txo)
2025-10-31T13:19:59Z Saw new header hash=12b13ded90ce54068c92616d2e99f8475ec76198c8af2d8f792541d3d3c97ce8 height=115
2025-10-31T13:19:59Z Saw new cmpctblock header hash=12b13ded90ce54068c92616d2e99f8475ec76198c8af2d8f792541d3d3c97ce8 peer=0
2025-10-31T13:19:59Z UpdateTip: new best=12b13ded90ce54068c92616d2e99f8475ec76198c8af2d8f792541d3d3c97ce8 height=115 version=0x20000000 log2_work=7.857981 tx=116 date='2025-10-31T13:20:19Z' progress=1.000000 cache=0.3MiB(115txo)
2025-10-31T13:19:59Z Saw new header hash=5a3f40858f9ae7c16a4be3c6fc8c0d88cc258c5f0d356988eed8552fb333a65b height=116
2025-10-31T13:19:59Z Saw new cmpctblock header hash=5a3f40858f9ae7c16a4be3c6fc8c0d88cc258c5f0d356988eed8552fb333a65b peer=0
2025-10-31T13:19:59Z UpdateTip: new best=5a3f40858f9ae7c16a4be3c6fc8c0d88cc258c5f0d356988eed8552fb333a65b height=116 version=0x20000000 log2_work=7.870365 tx=117 date='2025-10-31T13:20:20Z' progress=1.000000 cache=0.3MiB(116txo)
2025-10-31T13:19:59Z Saw new header hash=5c116e785c036d29065ea3e2c51918ae70383a415a10c0ba4031dbafec32ccb5 height=117
2025-10-31T13:19:59Z Saw new cmpctblock header hash=5c116e785c036d29065ea3e2c51918ae70383a415a10c0ba4031dbafec32ccb5 peer=0
2025-10-31T13:19:59Z UpdateTip: new best=5c116e785c036d29065ea3e2c51918ae70383a415a10c0ba4031dbafec32ccb5 height=117 version=0x20000000 log2_work=7.882643 tx=118 date='2025-10-31T13:20:20Z' progress=1.000000 cache=0.3MiB(117txo)
2025-10-31T13:19:59Z Saw new header hash=2b5c42902143a91de93f89cffffdeefbfbec8b3af72c54f06cecb9d7d9157393 height=118
2025-10-31T13:19:59Z Saw new cmpctblock header hash=2b5c42902143a91de93f89cffffdeefbfbec8b3af72c54f06cecb9d7d9157393 peer=0
2025-10-31T13:19:59Z UpdateTip: new best=2b5c42902143a91de93f89cffffdeefbfbec8b3af72c54f06cecb9d7d9157393 height=118 version=0x20000000 log2_work=7.894818 tx=119 date='2025-10-31T13:20:20Z' progress=1.000000 cache=0.3MiB(118txo)
2025-10-31T13:19:59Z Saw new header hash=4999ff4f11f7593ce4ba3d33877333ee43c84120f869226341025b0fdf0692ec height=119
2025-10-31T13:19:59Z Saw new cmpctblock header hash=4999ff4f11f7593ce4ba3d33877333ee43c84120f869226341025b0fdf0692ec peer=0
2025-10-31T13:19:59Z UpdateTip: new best=4999ff4f11f7593ce4ba3d33877333ee43c84120f869226341025b0fdf0692ec height=119 version=0x20000000 log2_work=7.906891 tx=120 date='2025-10-31T13:20:20Z' progress=1.000000 cache=0.3MiB(119txo)
2025-10-31T13:19:59Z Saw new header hash=14214534b2e7eaeca37918820f91bb20d211db2f4fabca763d1a2fda69f37921 height=120
2025-10-31T13:19:59Z Saw new cmpctblock header hash=14214534b2e7eaeca37918820f91bb20d211db2f4fabca763d1a2fda69f37921 peer=0
2025-10-31T13:19:59Z UpdateTip: new best=14214534b2e7eaeca37918820f91bb20d211db2f4fabca763d1a2fda69f37921 height=120 version=0x20000000 log2_work=7.918863 tx=121 date='2025-10-31T13:20:20Z' progress=1.000000 cache=0.3MiB(120txo)
2025-10-31T13:19:59Z Saw new header hash=30e675a4dadb8d087caccd7b65b5cecb1115995c76cc15097c32b51eee1fc490 height=121
2025-10-31T13:19:59Z Saw new cmpctblock header hash=30e675a4dadb8d087caccd7b65b5cecb1115995c76cc15097c32b51eee1fc490 peer=0
2025-10-31T13:19:59Z UpdateTip: new best=30e675a4dadb8d087caccd7b65b5cecb1115995c76cc15097c32b51eee1fc490 height=121 version=0x20000000 log2_work=7.930737 tx=122 date='2025-10-31T13:20:20Z' progress=1.000000 cache=0.3MiB(121txo)
2025-10-31T13:19:59Z Saw new header hash=20b1112ca34f74c542bd3025843c71dc72c341dab3343aaf4449b65690bbc376 height=122
2025-10-31T13:19:59Z Saw new cmpctblock header hash=20b1112ca34f74c542bd3025843c71dc72c341dab3343aaf4449b65690bbc376 peer=0
2025-10-31T13:19:59Z UpdateTip: new best=20b1112ca34f74c542bd3025843c71dc72c341dab3343aaf4449b65690bbc376 height=122 version=0x20000000 log2_work=7.942515 tx=123 date='2025-10-31T13:20:21Z' progress=1.000000 cache=0.3MiB(122txo)
2025-10-31T13:19:59Z Saw new header hash=46e96f0343c5312184d6efbebddf8f2ab29a7083cc52bef303a99e2dafbebef8 height=123
2025-10-31T13:19:59Z Saw new cmpctblock header hash=46e96f0343c5312184d6efbebddf8f2ab29a7083cc52bef303a99e2dafbebef8 peer=0
2025-10-31T13:19:59Z UpdateTip: new best=46e96f0343c5312184d6efbebddf8f2ab29a7083cc52bef303a99e2dafbebef8 height=123 version=0x20000000 log2_work=7.954196 tx=124 date='2025-10-31T13:20:21Z' progress=1.000000 cache=0.3MiB(123txo)
2025-10-31T13:19:59Z Saw new header hash=7c9e1d3f87fe603b6919c650c590a0edb01cd52b0a1799bd856082922c326e60 height=124
2025-10-31T13:19:59Z Saw new cmpctblock header hash=7c9e1d3f87fe603b6919c650c590a0edb01cd52b0a1799bd856082922c326e60 peer=0
2025-10-31T13:19:59Z UpdateTip: new best=7c9e1d3f87fe603b6919c650c590a0edb01cd52b0a1799bd856082922c326e60 height=124 version=0x20000000 log2_work=7.965784 tx=125 date='2025-10-31T13:20:21Z' progress=1.000000 cache=0.3MiB(124txo)
2025-10-31T13:19:59Z Saw new header hash=58d512a5563891bcfba3fa6ba03ef4a2f3252b13e873feecf814c763be8569d5 height=125
2025-10-31T13:19:59Z Saw new cmpctblock header hash=58d512a5563891bcfba3fa6ba03ef4a2f3252b13e873feecf814c763be8569d5 peer=0
2025-10-31T13:19:59Z UpdateTip: new best=58d512a5563891bcfba3fa6ba03ef4a2f3252b13e873feecf814c763be8569d5 height=125 version=0x20000000 log2_work=7.977280 tx=126 date='2025-10-31T13:20:21Z' progress=1.000000 cache=0.3MiB(125txo)
2025-10-31T13:19:59Z Saw new header hash=15a8f76f6f33c43d93d0eaf83c031f960aac13cf22c9df16bc6f47141cbae44e height=126
2025-10-31T13:19:59Z Saw new cmpctblock header hash=15a8f76f6f33c43d93d0eaf83c031f960aac13cf22c9df16bc6f47141cbae44e peer=0
2025-10-31T13:19:59Z UpdateTip: new best=15a8f76f6f33c43d93d0eaf83c031f960aac13cf22c9df16bc6f47141cbae44e height=126 version=0x20000000 log2_work=7.988685 tx=127 date='2025-10-31T13:20:21Z' progress=1.000000 cache=0.3MiB(126txo)
2025-10-31T13:19:59Z Saw new header hash=19c2c1e13b76705fed7322658d2c128c5ec582cb0c8416e5610f62dc3fb0107a height=127
2025-10-31T13:19:59Z Saw new cmpctblock header hash=19c2c1e13b76705fed7322658d2c128c5ec582cb0c8416e5610f62dc3fb0107a peer=0
2025-10-31T13:19:59Z UpdateTip: new best=19c2c1e13b76705fed7322658d2c128c5ec582cb0c8416e5610f62dc3fb0107a height=127 version=0x20000000 log2_work=8.000000 tx=128 date='2025-10-31T13:20:21Z' progress=1.000000 cache=0.3MiB(127txo)
2025-10-31T13:19:59Z Saw new header hash=01ac5642fe4309e967c8a402f927b2219bf1779c9aa6a63fef8bdd814dcb921a height=128
2025-10-31T13:19:59Z Saw new cmpctblock header hash=01ac5642fe4309e967c8a402f927b2219bf1779c9aa6a63fef8bdd814dcb921a peer=0
2025-10-31T13:19:59Z UpdateTip: new best=01ac5642fe4309e967c8a402f927b2219bf1779c9aa6a63fef8bdd814dcb921a height=128 version=0x20000000 log2_work=8.011227 tx=129 date='2025-10-31T13:20:22Z' progress=1.000000 cache=0.3MiB(128txo)
2025-10-31T13:19:59Z Saw new header hash=00981645b9ce72a1281d5ae318db25877f834abac42a5dda3e24708fa296d6b1 height=129
2025-10-31T13:19:59Z Saw new cmpctblock header hash=00981645b9ce72a1281d5ae318db25877f834abac42a5dda3e24708fa296d6b1 peer=0
2025-10-31T13:19:59Z UpdateTip: new best=00981645b9ce72a1281d5ae318db25877f834abac42a5dda3e24708fa296d6b1 height=129 version=0x20000000 log2_work=8.022368 tx=130 date='2025-10-31T13:20:22Z' progress=1.000000 cache=0.3MiB(129txo)
2025-10-31T13:19:59Z Saw new header hash=262cf0b46dde10014d034b996eaa33b9686ceeaa24907ab690d0cbe7a99b1560 height=130
2025-10-31T13:19:59Z Saw new cmpctblock header hash=262cf0b46dde10014d034b996eaa33b9686ceeaa24907ab690d0cbe7a99b1560 peer=0
2025-10-31T13:19:59Z UpdateTip: new best=262cf0b46dde10014d034b996eaa33b9686ceeaa24907ab690d0cbe7a99b1560 height=130 version=0x20000000 log2_work=8.033423 tx=131 date='2025-10-31T13:20:22Z' progress=1.000000 cache=0.3MiB(130txo)
2025-10-31T13:19:59Z Saw new header hash=27a4a1c4e1c7f7dfec80923e04e0a0c666a1e959bbc7637a573b9034c69a39b5 height=131
2025-10-31T13:19:59Z Saw new cmpctblock header hash=27a4a1c4e1c7f7dfec80923e04e0a0c666a1e959bbc7637a573b9034c69a39b5 peer=0
2025-10-31T13:19:59Z UpdateTip: new best=27a4a1c4e1c7f7dfec80923e04e0a0c666a1e959bbc7637a573b9034c69a39b5 height=131 version=0x20000000 log2_work=8.044394 tx=132 date='2025-10-31T13:20:22Z' progress=1.000000 cache=0.3MiB(131txo)
2025-10-31T13:19:59Z Saw new header hash=73d42d1b4ea2551d1a944a6932538da7872bf253f2cdbe07824b6b8fddcf37be height=132
2025-10-31T13:19:59Z Saw new cmpctblock header hash=73d42d1b4ea2551d1a944a6932538da7872bf253f2cdbe07824b6b8fddcf37be peer=0
2025-10-31T13:19:59Z UpdateTip: new best=73d42d1b4ea2551d1a944a6932538da7872bf253f2cdbe07824b6b8fddcf37be height=132 version=0x20000000 log2_work=8.055282 tx=133 date='2025-10-31T13:20:22Z' progress=1.000000 cache=0.3MiB(132txo)
2025-10-31T13:19:59Z Saw new header hash=494a896ac3529069eb84eb888675e258221fb74d5f843694b2a10ce8db2d574f height=133
2025-10-31T13:19:59Z Saw new cmpctblock header hash=494a896ac3529069eb84eb888675e258221fb74d5f843694b2a10ce8db2d574f peer=0
2025-10-31T13:19:59Z UpdateTip: new best=494a896ac3529069eb84eb888675e258221fb74d5f843694b2a10ce8db2d574f height=133 version=0x20000000 log2_work=8.066089 tx=134 date='2025-10-31T13:20:22Z' progress=1.000000 cache=0.3MiB(133txo)
2025-10-31T13:19:59Z Saw new header hash=2c4aab73a8782c65689a83504e15bb148cf5202ae973a5267ed30bef65072b22 height=134
2025-10-31T13:19:59Z Saw new cmpctblock header hash=2c4aab73a8782c65689a83504e15bb148cf5202ae973a5267ed30bef65072b22 peer=0
2025-10-31T13:19:59Z UpdateTip: new best=2c4aab73a8782c65689a83504e15bb148cf5202ae973a5267ed30bef65072b22 height=134 version=0x20000000 log2_work=8.076816 tx=135 date='2025-10-31T13:20:23Z' progress=1.000000 cache=0.3MiB(134txo)
2025-10-31T13:19:59Z Saw new header hash=07b21318c76b45e17d65f844d8d07563fd7003b40957a66beb6f8690bdbc9836 height=135
2025-10-31T13:19:59Z Saw new cmpctblock header hash=07b21318c76b45e17d65f844d8d07563fd7003b40957a66beb6f8690bdbc9836 peer=0
2025-10-31T13:19:59Z UpdateTip: new best=07b21318c76b45e17d65f844d8d07563fd7003b40957a66beb6f8690bdbc9836 height=135 version=0x20000000 log2_work=8.087463 tx=136 date='2025-10-31T13:20:23Z' progress=1.000000 cache=0.3MiB(135txo)
2025-10-31T13:19:59Z Saw new header hash=3d351509fa135a8efe8ec41b0710adf33896ba03db49d4e6c09269830d035edf height=136
2025-10-31T13:19:59Z Saw new cmpctblock header hash=3d351509fa135a8efe8ec41b0710adf33896ba03db49d4e6c09269830d035edf peer=0
2025-10-31T13:19:59Z UpdateTip: new best=3d351509fa135a8efe8ec41b0710adf33896ba03db49d4e6c09269830d035edf height=136 version=0x20000000 log2_work=8.098032 tx=137 date='2025-10-31T13:20:23Z' progress=1.000000 cache=0.3MiB(136txo)
2025-10-31T13:19:59Z Saw new header hash=19517706183f6d39acf6e2949808f2744fb0cd89a91418df43bb8380f501025f height=137
2025-10-31T13:19:59Z Saw new cmpctblock header hash=19517706183f6d39acf6e2949808f2744fb0cd89a91418df43bb8380f501025f peer=0
2025-10-31T13:19:59Z UpdateTip: new best=19517706183f6d39acf6e2949808f2744fb0cd89a91418df43bb8380f501025f height=137 version=0x20000000 log2_work=8.108524 tx=138 date='2025-10-31T13:20:23Z' progress=1.000000 cache=0.3MiB(137txo)
2025-10-31T13:19:59Z Saw new header hash=7375f7f825a5fd3cfa7eac3bc28bd3475ba7b89fac5f87076ec6a8a29a0a085a height=138
2025-10-31T13:19:59Z Saw new cmpctblock header hash=7375f7f825a5fd3cfa7eac3bc28bd3475ba7b89fac5f87076ec6a8a29a0a085a peer=0
2025-10-31T13:19:59Z UpdateTip: new best=7375f7f825a5fd3cfa7eac3bc28bd3475ba7b89fac5f87076ec6a8a29a0a085a height=138 version=0x20000000 log2_work=8.118941 tx=139 date='2025-10-31T13:20:23Z' progress=1.000000 cache=0.3MiB(138txo)
2025-10-31T13:19:59Z Saw new header hash=7848ec8819abcf8068c9066a02f55be3597c9b9870a378f1ebbd834d7a400fea height=139
2025-10-31T13:19:59Z Saw new cmpctblock header hash=7848ec8819abcf8068c9066a02f55be3597c9b9870a378f1ebbd834d7a400fea peer=0
2025-10-31T13:19:59Z UpdateTip: new best=7848ec8819abcf8068c9066a02f55be3597c9b9870a378f1ebbd834d7a400fea height=139 version=0x20000000 log2_work=8.129283 tx=140 date='2025-10-31T13:20:23Z' progress=1.000000 cache=0.3MiB(139txo)
2025-10-31T13:19:59Z Saw new header hash=6741e7455944567fde8686cee0e474f7ad4600726839470b598a7c5c6555f082 height=140
2025-10-31T13:19:59Z Saw new cmpctblock header hash=6741e7455944567fde8686cee0e474f7ad4600726839470b598a7c5c6555f082 peer=0
2025-10-31T13:19:59Z UpdateTip: new best=6741e7455944567fde8686cee0e474f7ad4600726839470b598a7c5c6555f082 height=140 version=0x20000000 log2_work=8.139551 tx=141 date='2025-10-31T13:20:24Z' progress=1.000000 cache=0.3MiB(140txo)
2025-10-31T13:19:59Z Saw new header hash=3f1312a7592be459e56379cfe0cf019cda658397ce8cfca86dac0d52893d1f5d height=141
2025-10-31T13:19:59Z Saw new cmpctblock header hash=3f1312a7592be459e56379cfe0cf019cda658397ce8cfca86dac0d52893d1f5d peer=0
2025-10-31T13:19:59Z UpdateTip: new best=3f1312a7592be459e56379cfe0cf019cda658397ce8cfca86dac0d52893d1f5d height=141 version=0x20000000 log2_work=8.149747 tx=142 date='2025-10-31T13:20:24Z' progress=1.000000 cache=0.3MiB(141txo)
2025-10-31T13:19:59Z Saw new header hash=5dc434ea943a5ad7240cf541e5ea44ff6044eff52a2fd0ee6deb291ffe16b2f3 height=142
2025-10-31T13:19:59Z Saw new cmpctblock header hash=5dc434ea943a5ad7240cf541e5ea44ff6044eff52a2fd0ee6deb291ffe16b2f3 peer=0
2025-10-31T13:19:59Z UpdateTip: new best=5dc434ea943a5ad7240cf541e5ea44ff6044eff52a2fd0ee6deb291ffe16b2f3 height=142 version=0x20000000 log2_work=8.159871 tx=143 date='2025-10-31T13:20:24Z' progress=1.000000 cache=0.3MiB(142txo)
2025-10-31T13:19:59Z Saw new header hash=3922e652e165f446cfff6f91816f4f077c5f9a784672a981dfd3482c936bb816 height=143
2025-10-31T13:19:59Z Saw new cmpctblock header hash=3922e652e165f446cfff6f91816f4f077c5f9a784672a981dfd3482c936bb816 peer=0
2025-10-31T13:19:59Z UpdateTip: new best=3922e652e165f446cfff6f91816f4f077c5f9a784672a981dfd3482c936bb816 height=143 version=0x20000000 log2_work=8.169925 tx=144 date='2025-10-31T13:20:24Z' progress=1.000000 cache=0.3MiB(143txo)
2025-10-31T13:19:59Z Saw new header hash=34c316c155a70e566ca4831379a1e4ff793519604aa1c1b15e7645f523739df5 height=144
2025-10-31T13:19:59Z Saw new cmpctblock header hash=34c316c155a70e566ca4831379a1e4ff793519604aa1c1b15e7645f523739df5 peer=0
2025-10-31T13:19:59Z UpdateTip: new best=34c316c155a70e566ca4831379a1e4ff793519604aa1c1b15e7645f523739df5 height=144 version=0x30000000 log2_work=8.179909 tx=145 date='2025-10-31T13:20:24Z' progress=1.000000 cache=0.3MiB(144txo)
2025-10-31T13:19:59Z Saw new header hash=1cd3473700efe1b50332be6f3356317a5b804df8893a6f405a837fe7bb75f523 height=145
2025-10-31T13:19:59Z Saw new cmpctblock header hash=1cd3473700efe1b50332be6f3356317a5b804df8893a6f405a837fe7bb75f523 peer=0
2025-10-31T13:19:59Z UpdateTip: new best=1cd3473700efe1b50332be6f3356317a5b804df8893a6f405a837fe7bb75f523 height=145 version=0x30000000 log2_work=8.189825 tx=146 date='2025-10-31T13:20:24Z' progress=1.000000 cache=0.3MiB(145txo)
2025-10-31T13:19:59Z Saw new header hash=2ef49bae2a686d1c35c933d6a070bc5caf5f0f9d06249ff9b1f07875c2e8533c height=146
2025-10-31T13:19:59Z Saw new cmpctblock header hash=2ef49bae2a686d1c35c933d6a070bc5caf5f0f9d06249ff9b1f07875c2e8533c peer=0
2025-10-31T13:19:59Z UpdateTip: new best=2ef49bae2a686d1c35c933d6a070bc5caf5f0f9d06249ff9b1f07875c2e8533c height=146 version=0x30000000 log2_work=8.199672 tx=147 date='2025-10-31T13:20:25Z' progress=1.000000 cache=0.3MiB(146txo)
2025-10-31T13:19:59Z Saw new header hash=70598968ac5a6bfa7affa4c1fa30d66ed6175099fbae328a3a03fff9abf9132e height=147
2025-10-31T13:19:59Z Saw new cmpctblock header hash=70598968ac5a6bfa7affa4c1fa30d66ed6175099fbae328a3a03fff9abf9132e peer=0
2025-10-31T13:19:59Z UpdateTip: new best=70598968ac5a6bfa7affa4c1fa30d66ed6175099fbae328a3a03fff9abf9132e height=147 version=0x30000000 log2_work=8.209453 tx=148 date='2025-10-31T13:20:25Z' progress=1.000000 cache=0.3MiB(147txo)
2025-10-31T13:19:59Z Saw new header hash=7ae6fb5bc800c012fb91784acb14284f024b5ca85717929d22b2dc1f26f90363 height=148
2025-10-31T13:19:59Z Saw new cmpctblock header hash=7ae6fb5bc800c012fb91784acb14284f024b5ca85717929d22b2dc1f26f90363 peer=0
2025-10-31T13:19:59Z UpdateTip: new best=7ae6fb5bc800c012fb91784acb14284f024b5ca85717929d22b2dc1f26f90363 height=148 version=0x30000000 log2_work=8.219169 tx=149 date='2025-10-31T13:20:25Z' progress=1.000000 cache=0.3MiB(148txo)
2025-10-31T13:19:59Z Saw new header hash=59305d3f091fbc07d7d8d88daeb81fefa4eef891a9db6149e27017326a4556db height=149
2025-10-31T13:19:59Z Saw new cmpctblock header hash=59305d3f091fbc07d7d8d88daeb81fefa4eef891a9db6149e27017326a4556db peer=0
2025-10-31T13:19:59Z UpdateTip: new best=59305d3f091fbc07d7d8d88daeb81fefa4eef891a9db6149e27017326a4556db height=149 version=0x30000000 log2_work=8.228819 tx=150 date='2025-10-31T13:20:25Z' progress=1.000000 cache=0.3MiB(149txo)
2025-10-31T13:19:59Z Saw new header hash=12533f2d09aad86bbb08cff8292eef29d4a3e74dc9b447642150d5d3579f18d3 height=150
2025-10-31T13:19:59Z Saw new cmpctblock header hash=12533f2d09aad86bbb08cff8292eef29d4a3e74dc9b447642150d5d3579f18d3 peer=0
2025-10-31T13:19:59Z UpdateTip: new best=12533f2d09aad86bbb08cff8292eef29d4a3e74dc9b447642150d5d3579f18d3 height=150 version=0x30000000 log2_work=8.238405 tx=151 date='2025-10-31T13:20:25Z' progress=1.000000 cache=0.3MiB(150txo)
2025-10-31T13:19:59Z Saw new header hash=4045e5ccf27f691edad20ead63a486a894840058016231b9e498dc265eb77a93 height=151
2025-10-31T13:19:59Z Saw new cmpctblock header hash=4045e5ccf27f691edad20ead63a486a894840058016231b9e498dc265eb77a93 peer=0
2025-10-31T13:19:59Z UpdateTip: new best=4045e5ccf27f691edad20ead63a486a894840058016231b9e498dc265eb77a93 height=151 version=0x30000000 log2_work=8.247928 tx=152 date='2025-10-31T13:20:25Z' progress=1.000000 cache=0.3MiB(151txo)
2025-10-31T13:19:59Z Saw new header hash=1d370ffe1d60b10f7315ef312573f837710dd0fe15f1ea3b11bcc2d984f35f61 height=152
2025-10-31T13:19:59Z Saw new cmpctblock header hash=1d370ffe1d60b10f7315ef312573f837710dd0fe15f1ea3b11bcc2d984f35f61 peer=0
2025-10-31T13:19:59Z UpdateTip: new best=1d370ffe1d60b10f7315ef312573f837710dd0fe15f1ea3b11bcc2d984f35f61 height=152 version=0x30000000 log2_work=8.257388 tx=153 date='2025-10-31T13:20:26Z' progress=1.000000 cache=0.3MiB(152txo)
2025-10-31T13:19:59Z Saw new header hash=45fd8bc49faa4dc7521fe7ac0d4175bfd917a977f5d0d2dd6480e976e4603911 height=153
2025-10-31T13:19:59Z Saw new cmpctblock header hash=45fd8bc49faa4dc7521fe7ac0d4175bfd917a977f5d0d2dd6480e976e4603911 peer=0
2025-10-31T13:19:59Z UpdateTip: new best=45fd8bc49faa4dc7521fe7ac0d4175bfd917a977f5d0d2dd6480e976e4603911 height=153 version=0x30000000 log2_work=8.266787 tx=154 date='2025-10-31T13:20:26Z' progress=1.000000 cache=0.3MiB(153txo)
2025-10-31T13:19:59Z Saw new header hash=6b64406537046063ed0436f0f81142dee257243dd7a5d53bc90369b0942b0cd6 height=154
2025-10-31T13:19:59Z Saw new cmpctblock header hash=6b64406537046063ed0436f0f81142dee257243dd7a5d53bc90369b0942b0cd6 peer=0
2025-10-31T13:19:59Z UpdateTip: new best=6b64406537046063ed0436f0f81142dee257243dd7a5d53bc90369b0942b0cd6 height=154 version=0x30000000 log2_work=8.276124 tx=155 date='2025-10-31T13:20:26Z' progress=1.000000 cache=0.3MiB(154txo)
2025-10-31T13:19:59Z Saw new header hash=0349423e11c7049595e679004b822ffe7d706f06a79376e3e41c5155e1f4e69c height=155
2025-10-31T13:19:59Z Saw new cmpctblock header hash=0349423e11c7049595e679004b822ffe7d706f06a79376e3e41c5155e1f4e69c peer=0
2025-10-31T13:19:59Z UpdateTip: new best=0349423e11c7049595e679004b822ffe7d706f06a79376e3e41c5155e1f4e69c height=155 version=0x30000000 log2_work=8.285402 tx=156 date='2025-10-31T13:20:26Z' progress=1.000000 cache=0.3MiB(155txo)
2025-10-31T13:19:59Z Saw new header hash=5334cde492b6eca01437689aad28cac3269ffc859e4f6ca9c93918158fc5208f height=156
2025-10-31T13:19:59Z Saw new cmpctblock header hash=5334cde492b6eca01437689aad28cac3269ffc859e4f6ca9c93918158fc5208f peer=0
2025-10-31T13:19:59Z UpdateTip: new best=5334cde492b6eca01437689aad28cac3269ffc859e4f6ca9c93918158fc5208f height=156 version=0x30000000 log2_work=8.294621 tx=157 date='2025-10-31T13:20:26Z' progress=1.000000 cache=0.3MiB(156txo)
2025-10-31T13:19:59Z Saw new header hash=49e8124086267e9e9408cf8720aef2581290b3337a484ab56cadcc3b50aa9ffc height=157
2025-10-31T13:19:59Z Saw new cmpctblock header hash=49e8124086267e9e9408cf8720aef2581290b3337a484ab56cadcc3b50aa9ffc peer=0
2025-10-31T13:19:59Z UpdateTip: new best=49e8124086267e9e9408cf8720aef2581290b3337a484ab56cadcc3b50aa9ffc height=157 version=0x30000000 log2_work=8.303781 tx=158 date='2025-10-31T13:20:26Z' progress=1.000000 cache=0.3MiB(157txo)
2025-10-31T13:19:59Z Saw new header hash=19057d222538e8a995e8cc49ef39543cc2919d129c6883f8d809d7101ffb670d height=158
2025-10-31T13:19:59Z Saw new cmpctblock header hash=19057d222538e8a995e8cc49ef39543cc2919d129c6883f8d809d7101ffb670d peer=0
2025-10-31T13:19:59Z UpdateTip: new best=19057d222538e8a995e8cc49ef39543cc2919d129c6883f8d809d7101ffb670d height=158 version=0x30000000 log2_work=8.312883 tx=159 date='2025-10-31T13:20:27Z' progress=1.000000 cache=0.3MiB(158txo)
2025-10-31T13:19:59Z Saw new header hash=0c27865c871ead8d9b2a32031651b6bc5d164ba881efea317187d2a677089b84 height=159
2025-10-31T13:19:59Z Saw new cmpctblock header hash=0c27865c871ead8d9b2a32031651b6bc5d164ba881efea317187d2a677089b84 peer=0
2025-10-31T13:19:59Z UpdateTip: new best=0c27865c871ead8d9b2a32031651b6bc5d164ba881efea317187d2a677089b84 height=159 version=0x30000000 log2_work=8.321928 tx=160 date='2025-10-31T13:20:27Z' progress=1.000000 cache=0.3MiB(159txo)
2025-10-31T13:19:59Z Saw new header hash=6ac514084b5c6c51d0c1d535c2a123d0a0942ed7cdb8a20893b75aaefd36ce75 height=160
2025-10-31T13:19:59Z Saw new cmpctblock header hash=6ac514084b5c6c51d0c1d535c2a123d0a0942ed7cdb8a20893b75aaefd36ce75 peer=0
2025-10-31T13:19:59Z UpdateTip: new best=6ac514084b5c6c51d0c1d535c2a123d0a0942ed7cdb8a20893b75aaefd36ce75 height=160 version=0x30000000 log2_work=8.330917 tx=161 date='2025-10-31T13:20:27Z' progress=1.000000 cache=0.3MiB(160txo)
2025-10-31T13:19:59Z Saw new header hash=2639df8189fea08921a8116b6096a46458e2c0c7cad72ae401c64ea6cb0f676e height=161
2025-10-31T13:19:59Z Saw new cmpctblock header hash=2639df8189fea08921a8116b6096a46458e2c0c7cad72ae401c64ea6cb0f676e peer=0
2025-10-31T13:19:59Z UpdateTip: new best=2639df8189fea08921a8116b6096a46458e2c0c7cad72ae401c64ea6cb0f676e height=161 version=0x30000000 log2_work=8.339850 tx=162 date='2025-10-31T13:20:27Z' progress=1.000000 cache=0.3MiB(161txo)
2025-10-31T13:19:59Z Saw new header hash=0f45ef5c2b6653bcaf4494b3a769dd6f72635da28d5611c9596055e3a5c7133b height=162
2025-10-31T13:19:59Z Saw new cmpctblock header hash=0f45ef5c2b6653bcaf4494b3a769dd6f72635da28d5611c9596055e3a5c7133b peer=0
2025-10-31T13:19:59Z UpdateTip: new best=0f45ef5c2b6653bcaf4494b3a769dd6f72635da28d5611c9596055e3a5c7133b height=162 version=0x30000000 log2_work=8.348728 tx=163 date='2025-10-31T13:20:27Z' progress=1.000000 cache=0.3MiB(162txo)
2025-10-31T13:19:59Z Saw new header hash=72aac784bef22839299b6418fa49337cc942fddb9514bb09af1e455ed197a0ea height=163
2025-10-31T13:19:59Z Saw new cmpctblock header hash=72aac784bef22839299b6418fa49337cc942fddb9514bb09af1e455ed197a0ea peer=0
2025-10-31T13:19:59Z UpdateTip: new best=72aac784bef22839299b6418fa49337cc942fddb9514bb09af1e455ed197a0ea height=163 version=0x30000000 log2_work=8.357552 tx=164 date='2025-10-31T13:20:27Z' progress=1.000000 cache=0.3MiB(163txo)
2025-10-31T13:19:59Z Saw new header hash=55704173747c990b979ec858c67da75276d6fc62d99ffb26eade45c3478f4a98 height=164
2025-10-31T13:19:59Z Saw new cmpctblock header hash=55704173747c990b979ec858c67da75276d6fc62d99ffb26eade45c3478f4a98 peer=0
2025-10-31T13:19:59Z UpdateTip: new best=55704173747c990b979ec858c67da75276d6fc62d99ffb26eade45c3478f4a98 height=164 version=0x30000000 log2_work=8.366322 tx=165 date='2025-10-31T13:20:28Z' progress=1.000000 cache=0.3MiB(164txo)
2025-10-31T13:19:59Z Saw new header hash=25cdcd8bee70f7012efb8d908f06612e9a5296fa6f3a5d2ed5a1630d3887fa1d height=165
2025-10-31T13:19:59Z Saw new cmpctblock header hash=25cdcd8bee70f7012efb8d908f06612e9a5296fa6f3a5d2ed5a1630d3887fa1d peer=0
2025-10-31T13:19:59Z UpdateTip: new best=25cdcd8bee70f7012efb8d908f06612e9a5296fa6f3a5d2ed5a1630d3887fa1d height=165 version=0x30000000 log2_work=8.375039 tx=166 date='2025-10-31T13:20:28Z' progress=1.000000 cache=0.3MiB(165txo)
2025-10-31T13:19:59Z Saw new header hash=1ecec55480135e743bbe1c1444e51eb10bfa7e1ee4387b6864c0f946b84d65b1 height=166
2025-10-31T13:19:59Z Saw new cmpctblock header hash=1ecec55480135e743bbe1c1444e51eb10bfa7e1ee4387b6864c0f946b84d65b1 peer=0
2025-10-31T13:19:59Z UpdateTip: new best=1ecec55480135e743bbe1c1444e51eb10bfa7e1ee4387b6864c0f946b84d65b1 height=166 version=0x30000000 log2_work=8.383704 tx=167 date='2025-10-31T13:20:28Z' progress=1.000000 cache=0.3MiB(166txo)
2025-10-31T13:19:59Z Saw new header hash=23ac3066bb081c6c1872a81bbb72ef8a8d73247293e18a5c762e3ee400ef1b5e height=167
2025-10-31T13:19:59Z Saw new cmpctblock header hash=23ac3066bb081c6c1872a81bbb72ef8a8d73247293e18a5c762e3ee400ef1b5e peer=0
2025-10-31T13:19:59Z UpdateTip: new best=23ac3066bb081c6c1872a81bbb72ef8a8d73247293e18a5c762e3ee400ef1b5e height=167 version=0x30000000 log2_work=8.392317 tx=168 date='2025-10-31T13:20:28Z' progress=1.000000 cache=0.3MiB(167txo)
2025-10-31T13:19:59Z Saw new header hash=06aec4e5c0a08529c7a271b5c2a5b476c70469348bbabbfa45fb1fd719eacb29 height=168
2025-10-31T13:19:59Z Saw new cmpctblock header hash=06aec4e5c0a08529c7a271b5c2a5b476c70469348bbabbfa45fb1fd719eacb29 peer=0
2025-10-31T13:19:59Z UpdateTip: new best=06aec4e5c0a08529c7a271b5c2a5b476c70469348bbabbfa45fb1fd719eacb29 height=168 version=0x30000000 log2_work=8.400879 tx=169 date='2025-10-31T13:20:28Z' progress=1.000000 cache=0.3MiB(168txo)
2025-10-31T13:19:59Z Saw new header hash=1764304498677c23be8cc4793872f5b83d4c3fd2db8756f247bd87c93929783c height=169
2025-10-31T13:19:59Z Saw new cmpctblock header hash=1764304498677c23be8cc4793872f5b83d4c3fd2db8756f247bd87c93929783c peer=0
2025-10-31T13:19:59Z UpdateTip: new best=1764304498677c23be8cc4793872f5b83d4c3fd2db8756f247bd87c93929783c height=169 version=0x30000000 log2_work=8.409391 tx=170 date='2025-10-31T13:20:28Z' progress=1.000000 cache=0.3MiB(169txo)
2025-10-31T13:19:59Z Saw new header hash=583d93559081e7201130a7418b9376db1d0910ec743970c669e76cb15428c495 height=170
2025-10-31T13:19:59Z Saw new cmpctblock header hash=583d93559081e7201130a7418b9376db1d0910ec743970c669e76cb15428c495 peer=0
2025-10-31T13:19:59Z UpdateTip: new best=583d93559081e7201130a7418b9376db1d0910ec743970c669e76cb15428c495 height=170 version=0x30000000 log2_work=8.417853 tx=171 date='2025-10-31T13:20:29Z' progress=1.000000 cache=0.3MiB(170txo)
2025-10-31T13:19:59Z Saw new header hash=795a1b7e1c35c34ff266f5170faaee63db5748a96a6e82cee90437756492cd10 height=171
2025-10-31T13:19:59Z Saw new cmpctblock header hash=795a1b7e1c35c34ff266f5170faaee63db5748a96a6e82cee90437756492cd10 peer=0
2025-10-31T13:19:59Z UpdateTip: new best=795a1b7e1c35c34ff266f5170faaee63db5748a96a6e82cee90437756492cd10 height=171 version=0x30000000 log2_work=8.426265 tx=172 date='2025-10-31T13:20:29Z' progress=1.000000 cache=0.3MiB(171txo)
2025-10-31T13:19:59Z Saw new header hash=783ccfdb384049df0045738ec735d81954f80a734bb8755d0a71f997073d566e height=172
2025-10-31T13:19:59Z Saw new cmpctblock header hash=783ccfdb384049df0045738ec735d81954f80a734bb8755d0a71f997073d566e peer=0
2025-10-31T13:19:59Z UpdateTip: new best=783ccfdb384049df0045738ec735d81954f80a734bb8755d0a71f997073d566e height=172 version=0x30000000 log2_work=8.434628 tx=173 date='2025-10-31T13:20:29Z' progress=1.000000 cache=0.3MiB(172txo)
2025-10-31T13:19:59Z Saw new header hash=4b1d01d459bc52ef3e83bd3d7347342a3dee37e9a591120854f96632396d9a01 height=173
2025-10-31T13:19:59Z Saw new cmpctblock header hash=4b1d01d459bc52ef3e83bd3d7347342a3dee37e9a591120854f96632396d9a01 peer=0
2025-10-31T13:19:59Z UpdateTip: new best=4b1d01d459bc52ef3e83bd3d7347342a3dee37e9a591120854f96632396d9a01 height=173 version=0x30000000 log2_work=8.442943 tx=174 date='2025-10-31T13:20:29Z' progress=1.000000 cache=0.3MiB(173txo)
2025-10-31T13:19:59Z Saw new header hash=524870e80f39772e36710e01b068393d93b1ffa2616b21c11944cfca8ea4312a height=174
2025-10-31T13:19:59Z Saw new cmpctblock header hash=524870e80f39772e36710e01b068393d93b1ffa2616b21c11944cfca8ea4312a peer=0
2025-10-31T13:19:59Z UpdateTip: new best=524870e80f39772e36710e01b068393d93b1ffa2616b21c11944cfca8ea4312a height=174 version=0x30000000 log2_work=8.451211 tx=175 date='2025-10-31T13:20:29Z' progress=1.000000 cache=0.3MiB(174txo)
2025-10-31T13:19:59Z Saw new header hash=5417347b1df5948af3b2610d1be2c8a308df50d7768079a426e11ab208053c5c height=175
2025-10-31T13:19:59Z Saw new cmpctblock header hash=5417347b1df5948af3b2610d1be2c8a308df50d7768079a426e11ab208053c5c peer=0
2025-10-31T13:19:59Z UpdateTip: new best=5417347b1df5948af3b2610d1be2c8a308df50d7768079a426e11ab208053c5c height=175 version=0x30000000 log2_work=8.459432 tx=176 date='2025-10-31T13:20:29Z' progress=1.000000 cache=0.3MiB(175txo)
2025-10-31T13:19:59Z Saw new header hash=0849deac40cdb743686cc0c902734500edc9ca9168a5b3ef0469ee13ef359e3d height=176
2025-10-31T13:19:59Z Saw new cmpctblock header hash=0849deac40cdb743686cc0c902734500edc9ca9168a5b3ef0469ee13ef359e3d peer=0
2025-10-31T13:19:59Z UpdateTip: new best=0849deac40cdb743686cc0c902734500edc9ca9168a5b3ef0469ee13ef359e3d height=176 version=0x30000000 log2_work=8.467606 tx=177 date='2025-10-31T13:20:30Z' progress=1.000000 cache=0.3MiB(176txo)
2025-10-31T13:19:59Z Saw new header hash=309d8de3f4929996f9d16dfab763e491f0bafa3566d51cdd267c254b741c8ac2 height=177
2025-10-31T13:19:59Z Saw new cmpctblock header hash=309d8de3f4929996f9d16dfab763e491f0bafa3566d51cdd267c254b741c8ac2 peer=0
2025-10-31T13:19:59Z UpdateTip: new best=309d8de3f4929996f9d16dfab763e491f0bafa3566d51cdd267c254b741c8ac2 height=177 version=0x30000000 log2_work=8.475733 tx=178 date='2025-10-31T13:20:30Z' progress=1.000000 cache=0.3MiB(177txo)
2025-10-31T13:19:59Z Saw new header hash=718d0af3d62478b24ede225a3fd2891b965a4f9c97f042d77a8afcb5281e359d height=178
2025-10-31T13:19:59Z Saw new cmpctblock header hash=718d0af3d62478b24ede225a3fd2891b965a4f9c97f042d77a8afcb5281e359d peer=0
2025-10-31T13:19:59Z UpdateTip: new best=718d0af3d62478b24ede225a3fd2891b965a4f9c97f042d77a8afcb5281e359d height=178 version=0x30000000 log2_work=8.483816 tx=179 date='2025-10-31T13:20:30Z' progress=1.000000 cache=0.3MiB(178txo)
2025-10-31T13:19:59Z Saw new header hash=761f34936508fce201307270c915220969c1d62366bb07f0263c9186e67a5210 height=179
2025-10-31T13:19:59Z Saw new cmpctblock header hash=761f34936508fce201307270c915220969c1d62366bb07f0263c9186e67a5210 peer=0
2025-10-31T13:19:59Z UpdateTip: new best=761f34936508fce201307270c915220969c1d62366bb07f0263c9186e67a5210 height=179 version=0x30000000 log2_work=8.491853 tx=180 date='2025-10-31T13:20:30Z' progress=1.000000 cache=0.3MiB(179txo)
2025-10-31T13:19:59Z Saw new header hash=4147c2bd90921a032a2318f3b1ccab22406db864ec6a0a69277cb91af1bcf67f height=180
2025-10-31T13:19:59Z Saw new cmpctblock header hash=4147c2bd90921a032a2318f3b1ccab22406db864ec6a0a69277cb91af1bcf67f peer=0
2025-10-31T13:19:59Z UpdateTip: new best=4147c2bd90921a032a2318f3b1ccab22406db864ec6a0a69277cb91af1bcf67f height=180 version=0x30000000 log2_work=8.499846 tx=181 date='2025-10-31T13:20:30Z' progress=1.000000 cache=0.3MiB(180txo)
2025-10-31T13:19:59Z Saw new header hash=34b1e25336abc062b3844a56573efb0940dda74366a3eaf7527da6e365d27615 height=181
2025-10-31T13:19:59Z Saw new cmpctblock header hash=34b1e25336abc062b3844a56573efb0940dda74366a3eaf7527da6e365d27615 peer=0
2025-10-31T13:19:59Z UpdateTip: new best=34b1e25336abc062b3844a56573efb0940dda74366a3eaf7527da6e365d27615 height=181 version=0x30000000 log2_work=8.507795 tx=182 date='2025-10-31T13:20:30Z' progress=1.000000 cache=0.3MiB(181txo)
2025-10-31T13:19:59Z Saw new header hash=6dccc1d74de16a136785c39aee671cd4145919845c1c95cd109bc18e24678a28 height=182
2025-10-31T13:19:59Z Saw new cmpctblock header hash=6dccc1d74de16a136785c39aee671cd4145919845c1c95cd109bc18e24678a28 peer=0
2025-10-31T13:19:59Z UpdateTip: new best=6dccc1d74de16a136785c39aee671cd4145919845c1c95cd109bc18e24678a28 height=182 version=0x30000000 log2_work=8.515700 tx=183 date='2025-10-31T13:20:31Z' progress=1.000000 cache=0.3MiB(182txo)
2025-10-31T13:19:59Z Saw new header hash=0d778f16586cc9ff61515de5e3f843c9e0af0814f98f1c8dfaafd0a371bb9a81 height=183
2025-10-31T13:19:59Z Saw new cmpctblock header hash=0d778f16586cc9ff61515de5e3f843c9e0af0814f98f1c8dfaafd0a371bb9a81 peer=0
2025-10-31T13:19:59Z UpdateTip: new best=0d778f16586cc9ff61515de5e3f843c9e0af0814f98f1c8dfaafd0a371bb9a81 height=183 version=0x30000000 log2_work=8.523562 tx=184 date='2025-10-31T13:20:31Z' progress=1.000000 cache=0.3MiB(183txo)
2025-10-31T13:19:59Z Saw new header hash=2d58b1d2d752c5064b02227fa502fab5c917b21e9f67577f83b6aa3e8f0e45de height=184
2025-10-31T13:19:59Z Saw new cmpctblock header hash=2d58b1d2d752c5064b02227fa502fab5c917b21e9f67577f83b6aa3e8f0e45de peer=0
2025-10-31T13:19:59Z UpdateTip: new best=2d58b1d2d752c5064b02227fa502fab5c917b21e9f67577f83b6aa3e8f0e45de height=184 version=0x30000000 log2_work=8.531381 tx=185 date='2025-10-31T13:20:31Z' progress=1.000000 cache=0.3MiB(184txo)
2025-10-31T13:19:59Z Saw new header hash=433308de09bbd23e173c2d2e2d1117a5885bccc0877d506aeb5952a8630551a6 height=185
2025-10-31T13:19:59Z Saw new cmpctblock header hash=433308de09bbd23e173c2d2e2d1117a5885bccc0877d506aeb5952a8630551a6 peer=0
2025-10-31T13:19:59Z UpdateTip: new best=433308de09bbd23e173c2d2e2d1117a5885bccc0877d506aeb5952a8630551a6 height=185 version=0x30000000 log2_work=8.539159 tx=186 date='2025-10-31T13:20:31Z' progress=1.000000 cache=0.3MiB(185txo)
2025-10-31T13:19:59Z Saw new header hash=75348ff23a1d4ac8764b4c5288c3020b61d720aa3fe417dddd93390dad672cc5 height=186
2025-10-31T13:19:59Z Saw new cmpctblock header hash=75348ff23a1d4ac8764b4c5288c3020b61d720aa3fe417dddd93390dad672cc5 peer=0
2025-10-31T13:19:59Z UpdateTip: new best=75348ff23a1d4ac8764b4c5288c3020b61d720aa3fe417dddd93390dad672cc5 height=186 version=0x30000000 log2_work=8.546894 tx=187 date='2025-10-31T13:20:31Z' progress=1.000000 cache=0.3MiB(186txo)
2025-10-31T13:19:59Z Saw new header hash=399570f99b234e5e4c2117da6e6cf27da886927fd6435a99c77b6f4dbd47f4f8 height=187
2025-10-31T13:19:59Z Saw new cmpctblock header hash=399570f99b234e5e4c2117da6e6cf27da886927fd6435a99c77b6f4dbd47f4f8 peer=0
2025-10-31T13:19:59Z UpdateTip: new best=399570f99b234e5e4c2117da6e6cf27da886927fd6435a99c77b6f4dbd47f4f8 height=187 version=0x30000000 log2_work=8.554589 tx=188 date='2025-10-31T13:20:31Z' progress=1.000000 cache=0.3MiB(187txo)
2025-10-31T13:19:59Z Saw new header hash=51b9ae1eed24aef89a88bdebf47dfa0c17c92bfb469cfee49bbd9e8cecbdfbb8 height=188
2025-10-31T13:19:59Z Saw new cmpctblock header hash=51b9ae1eed24aef89a88bdebf47dfa0c17c92bfb469cfee49bbd9e8cecbdfbb8 peer=0
2025-10-31T13:19:59Z UpdateTip: new best=51b9ae1eed24aef89a88bdebf47dfa0c17c92bfb469cfee49bbd9e8cecbdfbb8 height=188 version=0x30000000 log2_work=8.562242 tx=189 date='2025-10-31T13:20:32Z' progress=1.000000 cache=0.3MiB(188txo)
2025-10-31T13:19:59Z Saw new header hash=22a9568aa4507df03dc6d00d0c45333821f233ab8f236cbd0b76ea48fcd2fcd2 height=189
2025-10-31T13:19:59Z Saw new cmpctblock header hash=22a9568aa4507df03dc6d00d0c45333821f233ab8f236cbd0b76ea48fcd2fcd2 peer=0
2025-10-31T13:19:59Z UpdateTip: new best=22a9568aa4507df03dc6d00d0c45333821f233ab8f236cbd0b76ea48fcd2fcd2 height=189 version=0x30000000 log2_work=8.569856 tx=190 date='2025-10-31T13:20:32Z' progress=1.000000 cache=0.3MiB(189txo)
2025-10-31T13:19:59Z Saw new header hash=5acde5ef56ea564e8e1ef2051740db41379d88761bf087e8f58ebfcfe2ef18f0 height=190
2025-10-31T13:19:59Z Saw new cmpctblock header hash=5acde5ef56ea564e8e1ef2051740db41379d88761bf087e8f58ebfcfe2ef18f0 peer=0
2025-10-31T13:19:59Z UpdateTip: new best=5acde5ef56ea564e8e1ef2051740db41379d88761bf087e8f58ebfcfe2ef18f0 height=190 version=0x30000000 log2_work=8.577429 tx=191 date='2025-10-31T13:20:32Z' progress=1.000000 cache=0.3MiB(190txo)
2025-10-31T13:19:59Z Saw new header hash=7411eb56a0329d708c388fd7b5f1fe901ce8238b2da46fea7f56a1829d6a9912 height=191
2025-10-31T13:19:59Z Saw new cmpctblock header hash=7411eb56a0329d708c388fd7b5f1fe901ce8238b2da46fea7f56a1829d6a9912 peer=0
2025-10-31T13:19:59Z UpdateTip: new best=7411eb56a0329d708c388fd7b5f1fe901ce8238b2da46fea7f56a1829d6a9912 height=191 version=0x30000000 log2_work=8.584963 tx=192 date='2025-10-31T13:20:32Z' progress=1.000000 cache=0.3MiB(191txo)
2025-10-31T13:19:59Z Saw new header hash=12b6b22008053cd56e505a40c73e1d68c818ad83d6bab13d85c67eb88a3fa7cd height=192
2025-10-31T13:19:59Z Saw new cmpctblock header hash=12b6b22008053cd56e505a40c73e1d68c818ad83d6bab13d85c67eb88a3fa7cd peer=0
2025-10-31T13:19:59Z UpdateTip: new best=12b6b22008053cd56e505a40c73e1d68c818ad83d6bab13d85c67eb88a3fa7cd height=192 version=0x30000000 log2_work=8.592457 tx=193 date='2025-10-31T13:20:32Z' progress=1.000000 cache=0.3MiB(192txo)
2025-10-31T13:19:59Z Saw new header hash=5f4376e3247dad548bebda8a23fb934047131a8f018f32a5049ab7602391b01c height=193
2025-10-31T13:19:59Z Saw new cmpctblock header hash=5f4376e3247dad548bebda8a23fb934047131a8f018f32a5049ab7602391b01c peer=0
2025-10-31T13:19:59Z UpdateTip: new best=5f4376e3247dad548bebda8a23fb934047131a8f018f32a5049ab7602391b01c height=193 version=0x30000000 log2_work=8.599913 tx=194 date='2025-10-31T13:20:32Z' progress=1.000000 cache=0.3MiB(193txo)
2025-10-31T13:19:59Z Saw new header hash=5315d957977777e4e17c3435df506351f5a15ccef8eaad0d775240b2334dd668 height=194
2025-10-31T13:19:59Z Saw new cmpctblock header hash=5315d957977777e4e17c3435df506351f5a15ccef8eaad0d775240b2334dd668 peer=0
2025-10-31T13:19:59Z UpdateTip: new best=5315d957977777e4e17c3435df506351f5a15ccef8eaad0d775240b2334dd668 height=194 version=0x30000000 log2_work=8.607330 tx=195 date='2025-10-31T13:20:33Z' progress=1.000000 cache=0.3MiB(194txo)
2025-10-31T13:19:59Z Saw new header hash=669f27a67c9d560d5ac87ec2210ec0d2397fb356089ede0995a25e98f1dc2ef0 height=195
2025-10-31T13:19:59Z Saw new cmpctblock header hash=669f27a67c9d560d5ac87ec2210ec0d2397fb356089ede0995a25e98f1dc2ef0 peer=0
2025-10-31T13:19:59Z UpdateTip: new best=669f27a67c9d560d5ac87ec2210ec0d2397fb356089ede0995a25e98f1dc2ef0 height=195 version=0x30000000 log2_work=8.614710 tx=196 date='2025-10-31T13:20:33Z' progress=1.000000 cache=0.3MiB(195txo)
2025-10-31T13:19:59Z Saw new header hash=208dab86a3d5b80d9fb7228ff72ee7860994c910bc918f96ae5a35a6e3617a57 height=196
2025-10-31T13:19:59Z Saw new cmpctblock header hash=208dab86a3d5b80d9fb7228ff72ee7860994c910bc918f96ae5a35a6e3617a57 peer=0
2025-10-31T13:19:59Z UpdateTip: new best=208dab86a3d5b80d9fb7228ff72ee7860994c910bc918f96ae5a35a6e3617a57 height=196 version=0x30000000 log2_work=8.622052 tx=197 date='2025-10-31T13:20:33Z' progress=1.000000 cache=0.3MiB(196txo)
2025-10-31T13:19:59Z Saw new header hash=4071887b9d057d71a898713eae6cd424482447515636e2de130b83433bd5a254 height=197
2025-10-31T13:19:59Z Saw new cmpctblock header hash=4071887b9d057d71a898713eae6cd424482447515636e2de130b83433bd5a254 peer=0
2025-10-31T13:19:59Z UpdateTip: new best=4071887b9d057d71a898713eae6cd424482447515636e2de130b83433bd5a254 height=197 version=0x30000000 log2_work=8.629357 tx=198 date='2025-10-31T13:20:33Z' progress=1.000000 cache=0.3MiB(197txo)
2025-10-31T13:19:59Z Saw new header hash=57e76d9c95bf54842e781451c2578841304caacdc77017dbd55ee6c47e515dce height=198
2025-10-31T13:19:59Z Saw new cmpctblock header hash=57e76d9c95bf54842e781451c2578841304caacdc77017dbd55ee6c47e515dce peer=0
2025-10-31T13:19:59Z UpdateTip: new best=57e76d9c95bf54842e781451c2578841304caacdc77017dbd55ee6c47e515dce height=198 version=0x30000000 log2_work=8.636625 tx=199 date='2025-10-31T13:20:33Z' progress=1.000000 cache=0.3MiB(198txo)
2025-10-31T13:20:05Z Saw new header hash=335242fa908aecef8dff2d23fe0668c19e4be5f97126bc4f935cea55fa0bf693 height=199
2025-10-31T13:20:05Z Saw new cmpctblock header hash=335242fa908aecef8dff2d23fe0668c19e4be5f97126bc4f935cea55fa0bf693 peer=0
2025-10-31T13:20:05Z UpdateTip: new best=335242fa908aecef8dff2d23fe0668c19e4be5f97126bc4f935cea55fa0bf693 height=199 version=0x30000000 log2_work=8.643856 tx=200 date='2025-10-31T13:20:33Z' progress=1.000000 cache=0.3MiB(199txo)
2025-10-31T13:20:10Z Saw new header hash=41c7062e84ac307de5019ec8f04daec3042a78ef347e97a90211e54081334cd6 height=200
2025-10-31T13:20:10Z Saw new cmpctblock header hash=41c7062e84ac307de5019ec8f04daec3042a78ef347e97a90211e54081334cd6 peer=0
2025-10-31T13:20:10Z UpdateTip: new best=41c7062e84ac307de5019ec8f04daec3042a78ef347e97a90211e54081334cd6 height=200 version=0x30000000 log2_work=8.651052 tx=221 date='2025-10-31T13:20:34Z' progress=1.000000 cache=0.3MiB(240txo)
2025-10-31T13:20:15Z Saw new header hash=5e82329a2fac726f298e050e0d4d917e922a0b9e5fa89edb4797b92d918591e1 height=201
2025-10-31T13:20:15Z Saw new cmpctblock header hash=5e82329a2fac726f298e050e0d4d917e922a0b9e5fa89edb4797b92d918591e1 peer=0
2025-10-31T13:20:15Z UpdateTip: new best=5e82329a2fac726f298e050e0d4d917e922a0b9e5fa89edb4797b92d918591e1 height=201 version=0x30000000 log2_work=8.658211 tx=222 date='2025-10-31T13:20:34Z' progress=1.000000 cache=0.3MiB(241txo)
2025-10-31T13:20:20Z Saw new header hash=080e38cdb25ccaa9553954c63971fb618d1f5d92ee3663425d27ed66acd65c77 height=202
2025-10-31T13:20:20Z Saw new cmpctblock header hash=080e38cdb25ccaa9553954c63971fb618d1f5d92ee3663425d27ed66acd65c77 peer=0
2025-10-31T13:20:20Z UpdateTip: new best=080e38cdb25ccaa9553954c63971fb618d1f5d92ee3663425d27ed66acd65c77 height=202 version=0x30000000 log2_work=8.665336 tx=258 date='2025-10-31T13:20:34Z' progress=1.000000 cache=0.3MiB(300txo)
2025-10-31T13:20:25Z Saw new header hash=75daa9a8c7fdbe111065ebef246b0103d01323ee27f00abaab50a9f6e9c57c57 height=203
2025-10-31T13:20:25Z Saw new cmpctblock header hash=75daa9a8c7fdbe111065ebef246b0103d01323ee27f00abaab50a9f6e9c57c57 peer=0
2025-10-31T13:20:25Z UpdateTip: new best=75daa9a8c7fdbe111065ebef246b0103d01323ee27f00abaab50a9f6e9c57c57 height=203 version=0x30000000 log2_work=8.672425 tx=357 date='2025-10-31T13:20:34Z' progress=1.000000 cache=0.3MiB(425txo)
2025-10-31T13:20:30Z Saw new header hash=2fabf778e61ab1468d83b2454b79123ecb79b83f8edb2a74072e6b2aa1f3100d height=204
2025-10-31T13:20:30Z Saw new cmpctblock header hash=2fabf778e61ab1468d83b2454b79123ecb79b83f8edb2a74072e6b2aa1f3100d peer=0
2025-10-31T13:20:30Z UpdateTip: new best=2fabf778e61ab1468d83b2454b79123ecb79b83f8edb2a74072e6b2aa1f3100d height=204 version=0x30000000 log2_work=8.679480 tx=401 date='2025-10-31T13:20:34Z' progress=1.000000 cache=0.3MiB(439txo)
2025-10-31T13:20:35Z Saw new header hash=642e684941b46b3f5074bc3dfdec03db4a99e96ffe205d7ea88349ff527d3c67 height=205
2025-10-31T13:20:35Z Saw new cmpctblock header hash=642e684941b46b3f5074bc3dfdec03db4a99e96ffe205d7ea88349ff527d3c67 peer=0
2025-10-31T13:20:35Z UpdateTip: new best=642e684941b46b3f5074bc3dfdec03db4a99e96ffe205d7ea88349ff527d3c67 height=205 version=0x30000000 log2_work=8.686501 tx=462 date='2025-10-31T13:20:35Z' progress=1.000000 cache=0.3MiB(449txo)
2025-10-31T13:20:40Z Saw new header hash=6fb524d4f83ac83da945e52f3d8d4793ddb70dc66be2a544394d0744e86f3b6d height=206
2025-10-31T13:20:40Z Saw new cmpctblock header hash=6fb524d4f83ac83da945e52f3d8d4793ddb70dc66be2a544394d0744e86f3b6d peer=0
2025-10-31T13:20:40Z UpdateTip: new best=6fb524d4f83ac83da945e52f3d8d4793ddb70dc66be2a544394d0744e86f3b6d height=206 version=0x30000000 log2_work=8.693487 tx=499 date='2025-10-31T13:20:40Z' progress=1.000000 cache=0.3MiB(473txo)
2025-10-31T13:20:45Z Saw new header hash=7da71978ac2eb4691de6aa0c7d115b8bb923f80340c31d30ca51d476e8dcec2f height=207
2025-10-31T13:20:45Z Saw new cmpctblock header hash=7da71978ac2eb4691de6aa0c7d115b8bb923f80340c31d30ca51d476e8dcec2f peer=0
2025-10-31T13:20:45Z UpdateTip: new best=7da71978ac2eb4691de6aa0c7d115b8bb923f80340c31d30ca51d476e8dcec2f height=207 version=0x30000000 log2_work=8.700440 tx=500 date='2025-10-31T13:20:45Z' progress=1.000000 cache=0.3MiB(474txo)
2025-10-31T13:20:50Z Saw new header hash=086cf905a2d91fd75152f1243cd63828b170b699d393960dded52e79066d9c70 height=208
2025-10-31T13:20:50Z Saw new cmpctblock header hash=086cf905a2d91fd75152f1243cd63828b170b699d393960dded52e79066d9c70 peer=0
2025-10-31T13:20:50Z UpdateTip: new best=086cf905a2d91fd75152f1243cd63828b170b699d393960dded52e79066d9c70 height=208 version=0x30000000 log2_work=8.707359 tx=566 date='2025-10-31T13:20:50Z' progress=1.000000 cache=0.3MiB(486txo)
2025-10-31T13:20:55Z Saw new header hash=2c4b778a1c3263b307846a25815a3ae442d9ca45a61767e007f7f2bd424a4588 height=209
2025-10-31T13:20:55Z Saw new cmpctblock header hash=2c4b778a1c3263b307846a25815a3ae442d9ca45a61767e007f7f2bd424a4588 peer=0
2025-10-31T13:20:55Z UpdateTip: new best=2c4b778a1c3263b307846a25815a3ae442d9ca45a61767e007f7f2bd424a4588 height=209 version=0x30000000 log2_work=8.714246 tx=567 date='2025-10-31T13:20:55Z' progress=1.000000 cache=0.3MiB(487txo)
2025-10-31T13:21:00Z Saw new header hash=2f4d2e419f2356d973f4ccde3edf6c7a7053710088dff7e71dcfa85aa28b6344 height=210
2025-10-31T13:21:00Z Saw new cmpctblock header hash=2f4d2e419f2356d973f4ccde3edf6c7a7053710088dff7e71dcfa85aa28b6344 peer=0
2025-10-31T13:21:00Z UpdateTip: new best=2f4d2e419f2356d973f4ccde3edf6c7a7053710088dff7e71dcfa85aa28b6344 height=210 version=0x30000000 log2_work=8.721099 tx=666 date='2025-10-31T13:21:00Z' progress=1.000000 cache=0.3MiB(477txo)
2025-10-31T13:21:05Z Saw new header hash=49c8e5bf9af1bfb61aaf937bc366f191a68853e3433ecf3aa8c9a075a03c9808 height=211
2025-10-31T13:21:05Z Saw new cmpctblock header hash=49c8e5bf9af1bfb61aaf937bc366f191a68853e3433ecf3aa8c9a075a03c9808 peer=0
2025-10-31T13:21:05Z UpdateTip: new best=49c8e5bf9af1bfb61aaf937bc366f191a68853e3433ecf3aa8c9a075a03c9808 height=211 version=0x30000000 log2_work=8.727920 tx=710 date='2025-10-31T13:21:05Z' progress=1.000000 cache=0.3MiB(469txo)
2025-10-31T13:21:10Z Saw new header hash=33915c3e0393f5c24060d0855f54ccca2886c84c52d189a2986be6eadb984361 height=212
2025-10-31T13:21:10Z Saw new cmpctblock header hash=33915c3e0393f5c24060d0855f54ccca2886c84c52d189a2986be6eadb984361 peer=0
2025-10-31T13:21:10Z UpdateTip: new best=33915c3e0393f5c24060d0855f54ccca2886c84c52d189a2986be6eadb984361 height=212 version=0x30000000 log2_work=8.734710 tx=719 date='2025-10-31T13:21:10Z' progress=1.000000 cache=0.3MiB(477txo)
2025-10-31T13:21:15Z Saw new header hash=69836deb9e62303531b67dc23fd39c8e0e6816a68b76fd1a2fd819f68ea1e8a7 height=213
2025-10-31T13:21:15Z Saw new cmpctblock header hash=69836deb9e62303531b67dc23fd39c8e0e6816a68b76fd1a2fd819f68ea1e8a7 peer=0
2025-10-31T13:21:15Z UpdateTip: new best=69836deb9e62303531b67dc23fd39c8e0e6816a68b76fd1a2fd819f68ea1e8a7 height=213 version=0x30000000 log2_work=8.741467 tx=767 date='2025-10-31T13:21:15Z' progress=1.000000 cache=0.3MiB(492txo)
2025-10-31T13:21:21Z Saw new header hash=2081e278d4cbfbdaaffcc55bda0e38682ed03c125af41d6e2975887fb551e3ff height=214
2025-10-31T13:21:21Z Saw new cmpctblock header hash=2081e278d4cbfbdaaffcc55bda0e38682ed03c125af41d6e2975887fb551e3ff peer=0
2025-10-31T13:21:21Z UpdateTip: new best=2081e278d4cbfbdaaffcc55bda0e38682ed03c125af41d6e2975887fb551e3ff height=214 version=0x30000000 log2_work=8.748193 tx=768 date='2025-10-31T13:21:21Z' progress=1.000000 cache=0.3MiB(493txo)
2025-10-31T13:21:26Z Saw new header hash=4cdc3aaa8b0da5e59a0ce72b64b0e317ce7fb36a00da6fa9c15247d8fe131644 height=215
2025-10-31T13:21:26Z Saw new cmpctblock header hash=4cdc3aaa8b0da5e59a0ce72b64b0e317ce7fb36a00da6fa9c15247d8fe131644 peer=0
2025-10-31T13:21:26Z UpdateTip: new best=4cdc3aaa8b0da5e59a0ce72b64b0e317ce7fb36a00da6fa9c15247d8fe131644 height=215 version=0x30000000 log2_work=8.754888 tx=867 date='2025-10-31T13:21:26Z' progress=1.000000 cache=0.3MiB(516txo)
2025-10-31T13:21:31Z Saw new header hash=12b438919543ba909488f20ff236c3e9a73a2e26e9d3681825c75964a10c03b6 height=216
2025-10-31T13:21:31Z Saw new cmpctblock header hash=12b438919543ba909488f20ff236c3e9a73a2e26e9d3681825c75964a10c03b6 peer=0
2025-10-31T13:21:31Z UpdateTip: new best=12b438919543ba909488f20ff236c3e9a73a2e26e9d3681825c75964a10c03b6 height=216 version=0x30000000 log2_work=8.761551 tx=868 date='2025-10-31T13:21:31Z' progress=1.000000 cache=0.3MiB(517txo)
2025-10-31T13:21:36Z Saw new header hash=5813edd3fdcaa9dc8bdb1fd4310a332bb4186e3328f3d165bccfea34a771909d height=217
2025-10-31T13:21:36Z Saw new cmpctblock header hash=5813edd3fdcaa9dc8bdb1fd4310a332bb4186e3328f3d165bccfea34a771909d peer=0
2025-10-31T13:21:36Z UpdateTip: new best=5813edd3fdcaa9dc8bdb1fd4310a332bb4186e3328f3d165bccfea34a771909d height=217 version=0x30000000 log2_work=8.768184 tx=869 date='2025-10-31T13:21:36Z' progress=1.000000 cache=0.3MiB(518txo)
2025-10-31T13:21:41Z Saw new header hash=7374c385f71baf4332060722d63a9959d950da330ee2171f013c8bbeeab08e15 height=218
2025-10-31T13:21:41Z Saw new cmpctblock header hash=7374c385f71baf4332060722d63a9959d950da330ee2171f013c8bbeeab08e15 peer=0
2025-10-31T13:21:41Z UpdateTip: new best=7374c385f71baf4332060722d63a9959d950da330ee2171f013c8bbeeab08e15 height=218 version=0x30000000 log2_work=8.774787 tx=984 date='2025-10-31T13:21:41Z' progress=1.000000 cache=0.3MiB(497txo)
2025-10-31T13:21:46Z Saw new header hash=09d1ed8632768e244a34971a4e2d7c5d93c02a4a7953f9b3bf2d444f6e879f8a height=219
2025-10-31T13:21:46Z Saw new cmpctblock header hash=09d1ed8632768e244a34971a4e2d7c5d93c02a4a7953f9b3bf2d444f6e879f8a peer=0
2025-10-31T13:21:46Z UpdateTip: new best=09d1ed8632768e244a34971a4e2d7c5d93c02a4a7953f9b3bf2d444f6e879f8a height=219 version=0x30000000 log2_work=8.781360 tx=985 date='2025-10-31T13:21:46Z' progress=1.000000 cache=0.3MiB(498txo)
2025-10-31T13:21:51Z Saw new header hash=68956936e49358504d62487b812fb7057c4e4a25a588139285ccba9e775bd755 height=220
2025-10-31T13:21:51Z Saw new cmpctblock header hash=68956936e49358504d62487b812fb7057c4e4a25a588139285ccba9e775bd755 peer=0
2025-10-31T13:21:51Z UpdateTip: new best=68956936e49358504d62487b812fb7057c4e4a25a588139285ccba9e775bd755 height=220 version=0x30000000 log2_work=8.787903 tx=1054 date='2025-10-31T13:21:51Z' progress=1.000000 cache=0.3MiB(512txo)
2025-10-31T13:21:56Z Saw new header hash=6020c08a8403dda1139882eb87f5b94f2798eb534c3bcca706f9e9c47f7189ee height=221
2025-10-31T13:21:56Z Saw new cmpctblock header hash=6020c08a8403dda1139882eb87f5b94f2798eb534c3bcca706f9e9c47f7189ee peer=0
2025-10-31T13:21:56Z UpdateTip: new best=6020c08a8403dda1139882eb87f5b94f2798eb534c3bcca706f9e9c47f7189ee height=221 version=0x30000000 log2_work=8.794416 tx=1095 date='2025-10-31T13:21:56Z' progress=1.000000 cache=0.3MiB(518txo)
2025-10-31T13:22:01Z Saw new header hash=7cb974da05b8792e5e5e38028c2c3075d6d01772ab158dd6be381b0a6f33c2fa height=222
2025-10-31T13:22:01Z Saw new cmpctblock header hash=7cb974da05b8792e5e5e38028c2c3075d6d01772ab158dd6be381b0a6f33c2fa peer=0
2025-10-31T13:22:01Z UpdateTip: new best=7cb974da05b8792e5e5e38028c2c3075d6d01772ab158dd6be381b0a6f33c2fa height=222 version=0x30000000 log2_work=8.800900 tx=1136 date='2025-10-31T13:22:01Z' progress=1.000000 cache=0.3MiB(533txo)
2025-10-31T13:22:06Z Saw new header hash=717bac034a3ff767f858f4a3e2755d1b19f63bb8c7e55a228e2346b7c61a6be3 height=223
2025-10-31T13:22:06Z Saw new cmpctblock header hash=717bac034a3ff767f858f4a3e2755d1b19f63bb8c7e55a228e2346b7c61a6be3 peer=0
2025-10-31T13:22:06Z UpdateTip: new best=717bac034a3ff767f858f4a3e2755d1b19f63bb8c7e55a228e2346b7c61a6be3 height=223 version=0x30000000 log2_work=8.807355 tx=1137 date='2025-10-31T13:22:06Z' progress=1.000000 cache=0.3MiB(534txo)
2025-10-31T13:22:11Z Saw new header hash=61491be05cd4d97eb3c1408540d7dbf5a38256c6ecfb5dc5520c401ef07dd951 height=224
2025-10-31T13:22:11Z Saw new cmpctblock header hash=61491be05cd4d97eb3c1408540d7dbf5a38256c6ecfb5dc5520c401ef07dd951 peer=0
2025-10-31T13:22:12Z UpdateTip: new best=61491be05cd4d97eb3c1408540d7dbf5a38256c6ecfb5dc5520c401ef07dd951 height=224 version=0x30000000 log2_work=8.813781 tx=1173 date='2025-10-31T13:22:11Z' progress=1.000000 cache=0.3MiB(535txo)
2025-10-31T13:22:17Z Saw new header hash=0d384f7afd09792e18b8a095cb69bdae68339e479b0f1beaa009815847982ba0 height=225
2025-10-31T13:22:17Z Saw new cmpctblock header hash=0d384f7afd09792e18b8a095cb69bdae68339e479b0f1beaa009815847982ba0 peer=0
2025-10-31T13:22:17Z UpdateTip: new best=0d384f7afd09792e18b8a095cb69bdae68339e479b0f1beaa009815847982ba0 height=225 version=0x30000000 log2_work=8.820179 tx=1174 date='2025-10-31T13:22:17Z' progress=1.000000 cache=0.3MiB(536txo)
2025-10-31T13:22:23Z Saw new header hash=28037aa71810e8aa08a451d3a984be4e079d3664501c456f26a52dc42cfac51f height=226
2025-10-31T13:22:23Z Saw new cmpctblock header hash=28037aa71810e8aa08a451d3a984be4e079d3664501c456f26a52dc42cfac51f peer=0
2025-10-31T13:22:23Z UpdateTip: new best=28037aa71810e8aa08a451d3a984be4e079d3664501c456f26a52dc42cfac51f height=226 version=0x30000000 log2_work=8.826548 tx=1328 date='2025-10-31T13:22:22Z' progress=1.000000 cache=0.3MiB(511txo)
2025-10-31T13:23:58Z New manual v2 peer connected: version: 70016, blocks=244, peer=1
2025-10-31T13:23:58Z Saw new header hash=421cb71209dbbd48e5d4d70cf682eb9a86c25033cf260eceab0811dc9a3b8f8e height=227
2025-10-31T13:23:58Z Saw new header hash=7afe81d11a2b7023dde4863b715aef54f144dea6f40919694d71042281dcb2ac height=228
2025-10-31T13:23:58Z Saw new header hash=255862ef82d9b1f965bf871fd90f92a532f0fda6a844d8789ec01600cf97e7b6 height=229
2025-10-31T13:23:58Z Saw new header hash=5957150ffc3b2eb95fec331a578c4a730b96ed0747feef238e6f5fe9069105df height=230
2025-10-31T13:23:58Z Saw new header hash=58464f4e2b7de2f195b35bf8d5ce006b7c624cf261ad92558976800fe88c8f1c height=231
2025-10-31T13:23:58Z Saw new header hash=4c8af22991e362a02e80af89ce484cf5a3f3ce2b18c15728c84c8d3da160a5ef height=232
2025-10-31T13:23:58Z Saw new header hash=1844c7276572bf9aecc742eefbd77c1acccacde99cfa9b9f2fb6cb36ea0e892d height=233
2025-10-31T13:23:58Z Saw new header hash=0d2c8b08a1b904182539a1901445271af2ea53f66cf79aa057600bcbd9e52fce height=234
2025-10-31T13:23:58Z Saw new header hash=1f05ba659aec7386283c8bade0978c18bae8a02d6a7847cf3af115515cbefae7 height=235
2025-10-31T13:23:58Z Saw new header hash=2d90d9fff9469c992bce5c0588405d26ead9a20016572e4329264962e0d9e1dc height=236
2025-10-31T13:23:58Z Saw new header hash=52263be45102ff7a930509e14c42aa30cd2dc005ceafe118a8392007736cf06d height=237
2025-10-31T13:23:58Z Saw new header hash=07680d0460b404b3e73e14dc518df51e4f1b851379991e4df55e6836f3fc5245 height=238
2025-10-31T13:23:58Z Saw new header hash=5db8ae1215d4821fc30209d1f458e26f4c87afdf668116648d916ef1b5310d86 height=239
2025-10-31T13:23:58Z Saw new header hash=123276f5b1b9fd7685b4265d0a69cf072adebeb2bda1438d6b5eb26cc332cf72 height=240
2025-10-31T13:23:58Z Saw new header hash=279485b7f5d7557f20608d6b4ccdaebab982fdf93af44016808087fc5f79c68a height=241
2025-10-31T13:23:58Z Saw new header hash=075db8c46940d6367ac84660e341cfab73441f3a21b6238ca9afd27df83a6bc9 height=242
2025-10-31T13:23:58Z Saw new header hash=692c4ea435b0377d948f9d2eaa42056c365bdec4570fed2e086ef5b39d4b0a1f height=243
2025-10-31T13:23:58Z Saw new header hash=0aaaa3ab8ac24e877e8392be8685b1e8633e04874b3c78e30698ca74d6efe0d0 height=244
2025-10-31T13:23:58Z UpdateTip: new best=421cb71209dbbd48e5d4d70cf682eb9a86c25033cf260eceab0811dc9a3b8f8e height=227 version=0x30000000 log2_work=8.832890 tx=1356 date='2025-10-31T13:22:27Z' progress=1.000000 cache=0.3MiB(527txo)
2025-10-31T13:23:58Z UpdateTip: new best=7afe81d11a2b7023dde4863b715aef54f144dea6f40919694d71042281dcb2ac height=228 version=0x30000000 log2_work=8.839204 tx=1357 date='2025-10-31T13:22:32Z' progress=1.000000 cache=0.3MiB(528txo)
2025-10-31T13:23:58Z UpdateTip: new best=255862ef82d9b1f965bf871fd90f92a532f0fda6a844d8789ec01600cf97e7b6 height=229 version=0x30000000 log2_work=8.845490 tx=1406 date='2025-10-31T13:22:38Z' progress=1.000000 cache=0.3MiB(535txo)
2025-10-31T13:23:58Z UpdateTip: new best=5957150ffc3b2eb95fec331a578c4a730b96ed0747feef238e6f5fe9069105df height=230 version=0x30000000 log2_work=8.851749 tx=1468 date='2025-10-31T13:22:43Z' progress=1.000000 cache=0.3MiB(560txo)
2025-10-31T13:23:58Z UpdateTip: new best=58464f4e2b7de2f195b35bf8d5ce006b7c624cf261ad92558976800fe88c8f1c height=231 version=0x30000000 log2_work=8.857981 tx=1469 date='2025-10-31T13:22:48Z' progress=1.000000 cache=0.3MiB(561txo)
2025-10-31T13:23:58Z UpdateTip: new best=4c8af22991e362a02e80af89ce484cf5a3f3ce2b18c15728c84c8d3da160a5ef height=232 version=0x30000000 log2_work=8.864186 tx=1470 date='2025-10-31T13:22:54Z' progress=1.000000 cache=0.3MiB(562txo)
2025-10-31T13:23:58Z UpdateTip: new best=1844c7276572bf9aecc742eefbd77c1acccacde99cfa9b9f2fb6cb36ea0e892d height=233 version=0x30000000 log2_work=8.870365 tx=1476 date='2025-10-31T13:22:59Z' progress=1.000000 cache=0.3MiB(563txo)
2025-10-31T13:23:58Z UpdateTip: new best=0d2c8b08a1b904182539a1901445271af2ea53f66cf79aa057600bcbd9e52fce height=234 version=0x30000000 log2_work=8.876517 tx=1542 date='2025-10-31T13:23:04Z' progress=1.000000 cache=0.3MiB(529txo)
2025-10-31T13:23:58Z UpdateTip: new best=1f05ba659aec7386283c8bade0978c18bae8a02d6a7847cf3af115515cbefae7 height=235 version=0x30000000 log2_work=8.882643 tx=1543 date='2025-10-31T13:23:09Z' progress=1.000000 cache=0.3MiB(530txo)
2025-10-31T13:23:58Z UpdateTip: new best=2d90d9fff9469c992bce5c0588405d26ead9a20016572e4329264962e0d9e1dc height=236 version=0x30000000 log2_work=8.888743 tx=1719 date='2025-10-31T13:23:15Z' progress=1.000000 cache=0.3MiB(575txo)
2025-10-31T13:23:58Z UpdateTip: new best=52263be45102ff7a930509e14c42aa30cd2dc005ceafe118a8392007736cf06d height=237 version=0x30000000 log2_work=8.894818 tx=1720 date='2025-10-31T13:23:20Z' progress=1.000000 cache=0.3MiB(576txo)
2025-10-31T13:23:58Z UpdateTip: new best=07680d0460b404b3e73e14dc518df51e4f1b851379991e4df55e6836f3fc5245 height=238 version=0x30000000 log2_work=8.900867 tx=1803 date='2025-10-31T13:23:25Z' progress=1.000000 cache=0.3MiB(597txo)
2025-10-31T13:23:58Z UpdateTip: new best=5db8ae1215d4821fc30209d1f458e26f4c87afdf668116648d916ef1b5310d86 height=239 version=0x30000000 log2_work=8.906891 tx=1840 date='2025-10-31T13:23:30Z' progress=1.000000 cache=0.3MiB(609txo)
2025-10-31T13:23:58Z UpdateTip: new best=123276f5b1b9fd7685b4265d0a69cf072adebeb2bda1438d6b5eb26cc332cf72 height=240 version=0x30000000 log2_work=8.912889 tx=1841 date='2025-10-31T13:23:36Z' progress=1.000000 cache=0.3MiB(610txo)
2025-10-31T13:23:58Z UpdateTip: new best=279485b7f5d7557f20608d6b4ccdaebab982fdf93af44016808087fc5f79c68a height=241 version=0x30000000 log2_work=8.918863 tx=1928 date='2025-10-31T13:23:41Z' progress=1.000000 cache=0.3MiB(637txo)
2025-10-31T13:23:58Z UpdateTip: new best=075db8c46940d6367ac84660e341cfab73441f3a21b6238ca9afd27df83a6bc9 height=242 version=0x30000000 log2_work=8.924813 tx=1955 date='2025-10-31T13:23:46Z' progress=1.000000 cache=0.3MiB(638txo)
2025-10-31T13:23:58Z UpdateTip: new best=692c4ea435b0377d948f9d2eaa42056c365bdec4570fed2e086ef5b39d4b0a1f height=243 version=0x30000000 log2_work=8.930737 tx=1956 date='2025-10-31T13:23:52Z' progress=1.000000 cache=0.3MiB(639txo)
2025-10-31T13:23:58Z UpdateTip: new best=0aaaa3ab8ac24e877e8392be8685b1e8633e04874b3c78e30698ca74d6efe0d0 height=244 version=0x30000000 log2_work=8.936638 tx=1992 date='2025-10-31T13:23:57Z' progress=1.000000 cache=0.3MiB(649txo)
2025-10-31T13:24:04Z New manual v2 peer connected: version: 70016, blocks=245, peer=2
2025-10-31T13:24:04Z Saw new header hash=213c790cb7cad463acac54e883b3d1b7d2cc57bba155fd73aa9a49041a5a44c4 height=245
2025-10-31T13:24:04Z UpdateTip: new best=213c790cb7cad463acac54e883b3d1b7d2cc57bba155fd73aa9a49041a5a44c4 height=245 version=0x30000000 log2_work=8.942515 tx=2087 date='2025-10-31T13:24:02Z' progress=1.000000 cache=0.3MiB(635txo)
2025-10-31T13:24:08Z Saw new header hash=6c0b014b16d0c0f9e6965ece540ae34c4ece4dab65222ddd128067db8cd939d4 height=246
2025-10-31T13:24:08Z Saw new cmpctblock header hash=6c0b014b16d0c0f9e6965ece540ae34c4ece4dab65222ddd128067db8cd939d4 peer=2
2025-10-31T13:24:08Z UpdateTip: new best=6c0b014b16d0c0f9e6965ece540ae34c4ece4dab65222ddd128067db8cd939d4 height=246 version=0x30000000 log2_work=8.948367 tx=2101 date='2025-10-31T13:24:07Z' progress=1.000000 cache=0.3MiB(642txo)
2025-10-31T13:24:13Z Saw new header hash=6a17ffd62de05722c467b30a49887931dfc692e1e475418fe3f3ea39784cafa5 height=247
2025-10-31T13:24:13Z Saw new cmpctblock header hash=6a17ffd62de05722c467b30a49887931dfc692e1e475418fe3f3ea39784cafa5 peer=2
2025-10-31T13:24:13Z UpdateTip: new best=6a17ffd62de05722c467b30a49887931dfc692e1e475418fe3f3ea39784cafa5 height=247 version=0x30000000 log2_work=8.954196 tx=2102 date='2025-10-31T13:24:13Z' progress=1.000000 cache=0.3MiB(643txo)
2025-10-31T13:24:18Z Saw new header hash=3943ecbcb441cef8946b20d568a00fe0cd81fe981e4097921aec07ea0b5c0f6c height=248
2025-10-31T13:24:18Z Saw new cmpctblock header hash=3943ecbcb441cef8946b20d568a00fe0cd81fe981e4097921aec07ea0b5c0f6c peer=2
2025-10-31T13:24:18Z UpdateTip: new best=3943ecbcb441cef8946b20d568a00fe0cd81fe981e4097921aec07ea0b5c0f6c height=248 version=0x30000000 log2_work=8.960002 tx=2103 date='2025-10-31T13:24:18Z' progress=1.000000 cache=0.3MiB(644txo)
2025-10-31T13:24:24Z Saw new header hash=2b7ae9d4b3f56898053f84fe03aa257dce4b2d94bfbc1d80c34aa076dab32f7f height=249
2025-10-31T13:24:24Z Saw new cmpctblock header hash=2b7ae9d4b3f56898053f84fe03aa257dce4b2d94bfbc1d80c34aa076dab32f7f peer=2
2025-10-31T13:24:24Z UpdateTip: new best=2b7ae9d4b3f56898053f84fe03aa257dce4b2d94bfbc1d80c34aa076dab32f7f height=249 version=0x30000000 log2_work=8.965784 tx=2247 date='2025-10-31T13:24:23Z' progress=1.000000 cache=0.3MiB(624txo)
2025-10-31T13:24:29Z Saw new header hash=2ca304a393e88fe36aa4f1d030f88c1c79371accfab6728e52d5ee7de248c6b1 height=250
2025-10-31T13:24:29Z Saw new cmpctblock header hash=2ca304a393e88fe36aa4f1d030f88c1c79371accfab6728e52d5ee7de248c6b1 peer=2
2025-10-31T13:24:29Z UpdateTip: new best=2ca304a393e88fe36aa4f1d030f88c1c79371accfab6728e52d5ee7de248c6b1 height=250 version=0x30000000 log2_work=8.971544 tx=2248 date='2025-10-31T13:24:29Z' progress=1.000000 cache=0.3MiB(625txo)
2025-10-31T13:24:34Z Saw new header hash=211ccc55f06684197259fa381a1fcbd6979dac94e069e4f803fde160f2d7224f height=251
2025-10-31T13:24:34Z Saw new cmpctblock header hash=211ccc55f06684197259fa381a1fcbd6979dac94e069e4f803fde160f2d7224f peer=2
2025-10-31T13:24:34Z UpdateTip: new best=211ccc55f06684197259fa381a1fcbd6979dac94e069e4f803fde160f2d7224f height=251 version=0x30000000 log2_work=8.977280 tx=2272 date='2025-10-31T13:24:34Z' progress=1.000000 cache=0.3MiB(582txo)
2025-10-31T13:24:40Z Saw new header hash=64c5803f44dc2f0a178128c511984a3c8b01e8847ce84358d9e40e772d474231 height=252
2025-10-31T13:24:40Z Saw new cmpctblock header hash=64c5803f44dc2f0a178128c511984a3c8b01e8847ce84358d9e40e772d474231 peer=2
2025-10-31T13:24:40Z UpdateTip: new best=64c5803f44dc2f0a178128c511984a3c8b01e8847ce84358d9e40e772d474231 height=252 version=0x30000000 log2_work=8.982994 tx=2373 date='2025-10-31T13:24:39Z' progress=1.000000 cache=0.3MiB(638txo)
2025-10-31T13:24:45Z Saw new header hash=3de409c462ecc47563d8060088df2c0abaf62be37a6e8100d2cc789e978f4c29 height=253
2025-10-31T13:24:45Z Saw new cmpctblock header hash=3de409c462ecc47563d8060088df2c0abaf62be37a6e8100d2cc789e978f4c29 peer=2
2025-10-31T13:24:45Z UpdateTip: new best=3de409c462ecc47563d8060088df2c0abaf62be37a6e8100d2cc789e978f4c29 height=253 version=0x30000000 log2_work=8.988685 tx=2374 date='2025-10-31T13:24:44Z' progress=1.000000 cache=0.3MiB(639txo)
2025-10-31T13:24:50Z Saw new header hash=6297fc25337c177cb62508d9f7bc913c95f37f91336eca4491fddd0a26c11533 height=254
2025-10-31T13:24:50Z Saw new cmpctblock header hash=6297fc25337c177cb62508d9f7bc913c95f37f91336eca4491fddd0a26c11533 peer=2
2025-10-31T13:24:50Z UpdateTip: new best=6297fc25337c177cb62508d9f7bc913c95f37f91336eca4491fddd0a26c11533 height=254 version=0x30000000 log2_work=8.994353 tx=2375 date='2025-10-31T13:24:50Z' progress=1.000000 cache=0.3MiB(640txo)
2025-10-31T13:24:55Z Saw new header hash=613d2df570cf91972187daadd1490d847ec430e3b221f693c2a75622e8e85220 height=255
2025-10-31T13:24:55Z Saw new cmpctblock header hash=613d2df570cf91972187daadd1490d847ec430e3b221f693c2a75622e8e85220 peer=2
2025-10-31T13:24:55Z UpdateTip: new best=613d2df570cf91972187daadd1490d847ec430e3b221f693c2a75622e8e85220 height=255 version=0x30000000 log2_work=9.000000 tx=2435 date='2025-10-31T13:24:55Z' progress=1.000000 cache=0.3MiB(664txo)
2025-10-31T13:25:00Z Saw new header hash=5c9ecedc569d9732e89a34194c90f84bbfa9e48d1674b3dcd5cf01839273e042 height=256
2025-10-31T13:25:00Z Saw new cmpctblock header hash=5c9ecedc569d9732e89a34194c90f84bbfa9e48d1674b3dcd5cf01839273e042 peer=2
2025-10-31T13:25:00Z UpdateTip: new best=5c9ecedc569d9732e89a34194c90f84bbfa9e48d1674b3dcd5cf01839273e042 height=256 version=0x30000000 log2_work=9.005625 tx=2436 date='2025-10-31T13:25:00Z' progress=1.000000 cache=0.3MiB(665txo)
2025-10-31T13:25:06Z Saw new header hash=153259ab5504fa4c45c4794f2ac26b2a3e09c1e3e01709d611192ab51331efa7 height=257
2025-10-31T13:25:06Z Saw new cmpctblock header hash=153259ab5504fa4c45c4794f2ac26b2a3e09c1e3e01709d611192ab51331efa7 peer=2
2025-10-31T13:25:06Z UpdateTip: new best=153259ab5504fa4c45c4794f2ac26b2a3e09c1e3e01709d611192ab51331efa7 height=257 version=0x30000000 log2_work=9.011227 tx=2499 date='2025-10-31T13:25:06Z' progress=1.000000 cache=0.3MiB(671txo)
2025-10-31T13:25:11Z Saw new header hash=7bdf7433bf3fad7c9384ef905321285313d2480d3a3a7526f80556d30d619b2c height=258
2025-10-31T13:25:11Z Saw new cmpctblock header hash=7bdf7433bf3fad7c9384ef905321285313d2480d3a3a7526f80556d30d619b2c peer=2
2025-10-31T13:25:11Z UpdateTip: new best=7bdf7433bf3fad7c9384ef905321285313d2480d3a3a7526f80556d30d619b2c height=258 version=0x30000000 log2_work=9.016808 tx=2500 date='2025-10-31T13:25:11Z' progress=1.000000 cache=0.3MiB(672txo)
2025-10-31T13:25:16Z Saw new header hash=57733ec807f51943fe3ae6af828740e261bf988296cbfdc1cf37cae36d9a845d height=259
2025-10-31T13:25:16Z Saw new cmpctblock header hash=57733ec807f51943fe3ae6af828740e261bf988296cbfdc1cf37cae36d9a845d peer=2
2025-10-31T13:25:16Z UpdateTip: new best=57733ec807f51943fe3ae6af828740e261bf988296cbfdc1cf37cae36d9a845d height=259 version=0x30000000 log2_work=9.022368 tx=2501 date='2025-10-31T13:25:16Z' progress=1.000000 cache=0.3MiB(673txo)
2025-10-31T13:25:22Z Saw new header hash=03a6db1a6bb0b6494e424cfe6e6e524504c7eb4cd7f78afbcff752c669cd9a49 height=260
2025-10-31T13:25:22Z Saw new cmpctblock header hash=03a6db1a6bb0b6494e424cfe6e6e524504c7eb4cd7f78afbcff752c669cd9a49 peer=2
2025-10-31T13:25:22Z UpdateTip: new best=03a6db1a6bb0b6494e424cfe6e6e524504c7eb4cd7f78afbcff752c669cd9a49 height=260 version=0x30000000 log2_work=9.027906 tx=2699 date='2025-10-31T13:25:21Z' progress=1.000000 cache=0.3MiB(627txo)
2025-10-31T13:25:27Z Saw new header hash=62df4e3ad1806c503fe71a9fd1aa04a989ad6b46bfcbac13414af1a75beb17f0 height=261
2025-10-31T13:25:27Z Saw new cmpctblock header hash=62df4e3ad1806c503fe71a9fd1aa04a989ad6b46bfcbac13414af1a75beb17f0 peer=2
2025-10-31T13:25:27Z UpdateTip: new best=62df4e3ad1806c503fe71a9fd1aa04a989ad6b46bfcbac13414af1a75beb17f0 height=261 version=0x30000000 log2_work=9.033423 tx=2717 date='2025-10-31T13:25:27Z' progress=1.000000 cache=0.3MiB(635txo)
2025-10-31T13:25:32Z Saw new header hash=731d3755ea4e1a007ea9e7f77b7c1133ca1ebc7259e229d71058d2e0ecc22b58 height=262
2025-10-31T13:25:32Z Saw new cmpctblock header hash=731d3755ea4e1a007ea9e7f77b7c1133ca1ebc7259e229d71058d2e0ecc22b58 peer=2
2025-10-31T13:25:32Z UpdateTip: new best=731d3755ea4e1a007ea9e7f77b7c1133ca1ebc7259e229d71058d2e0ecc22b58 height=262 version=0x30000000 log2_work=9.038919 tx=2718 date='2025-10-31T13:25:32Z' progress=1.000000 cache=0.3MiB(636txo)
2025-10-31T13:25:38Z Saw new header hash=0c47f926c71179b3371a9c547fc036579916feba2f1c47775811eba212597602 height=263
2025-10-31T13:25:38Z Saw new cmpctblock header hash=0c47f926c71179b3371a9c547fc036579916feba2f1c47775811eba212597602 peer=2
2025-10-31T13:25:38Z UpdateTip: new best=0c47f926c71179b3371a9c547fc036579916feba2f1c47775811eba212597602 height=263 version=0x30000000 log2_work=9.044394 tx=2810 date='2025-10-31T13:25:37Z' progress=1.000000 cache=0.3MiB(682txo)
2025-10-31T13:25:43Z Saw new header hash=24a8168324a653d5b67a708f0a0bd4bd1c47987747f3b2fb5d39e6c9bab9439d height=264
2025-10-31T13:25:43Z Saw new cmpctblock header hash=24a8168324a653d5b67a708f0a0bd4bd1c47987747f3b2fb5d39e6c9bab9439d peer=2
2025-10-31T13:25:43Z UpdateTip: new best=24a8168324a653d5b67a708f0a0bd4bd1c47987747f3b2fb5d39e6c9bab9439d height=264 version=0x30000000 log2_work=9.049849 tx=2853 date='2025-10-31T13:25:43Z' progress=1.000000 cache=0.3MiB(709txo)
2025-10-31T13:25:48Z Saw new header hash=3a3bbc56aa1073aa95be736b1e0109f865ee0e87a7925da0805666ae3a6a7025 height=265
2025-10-31T13:25:48Z Saw new cmpctblock header hash=3a3bbc56aa1073aa95be736b1e0109f865ee0e87a7925da0805666ae3a6a7025 peer=2
2025-10-31T13:25:49Z UpdateTip: new best=3a3bbc56aa1073aa95be736b1e0109f865ee0e87a7925da0805666ae3a6a7025 height=265 version=0x30000000 log2_work=9.055282 tx=2882 date='2025-10-31T13:25:48Z' progress=1.000000 cache=0.3MiB(722txo)
2025-10-31T13:25:54Z Saw new header hash=11f10db7cbaaf053c562ac4bb9f58f713bb6be86c999d9da88c54a90772da003 height=266
2025-10-31T13:25:54Z Saw new cmpctblock header hash=11f10db7cbaaf053c562ac4bb9f58f713bb6be86c999d9da88c54a90772da003 peer=2
2025-10-31T13:25:54Z UpdateTip: new best=11f10db7cbaaf053c562ac4bb9f58f713bb6be86c999d9da88c54a90772da003 height=266 version=0x30000000 log2_work=9.060696 tx=2929 date='2025-10-31T13:25:53Z' progress=1.000000 cache=0.3MiB(728txo)
2025-10-31T13:25:59Z Saw new header hash=7940aabc8a95f7127ca0a420514872e1b014b37f8896c27f569489fe4eafa950 height=267
2025-10-31T13:25:59Z Saw new cmpctblock header hash=7940aabc8a95f7127ca0a420514872e1b014b37f8896c27f569489fe4eafa950 peer=2
2025-10-31T13:25:59Z UpdateTip: new best=7940aabc8a95f7127ca0a420514872e1b014b37f8896c27f569489fe4eafa950 height=267 version=0x30000000 log2_work=9.066089 tx=2980 date='2025-10-31T13:25:59Z' progress=1.000000 cache=0.3MiB(748txo)
2025-10-31T13:26:04Z Saw new header hash=6fb3d31b1235c84d29851c80114621261e8d7699bc66fca8f38ab00412127da9 height=268
2025-10-31T13:26:04Z Saw new cmpctblock header hash=6fb3d31b1235c84d29851c80114621261e8d7699bc66fca8f38ab00412127da9 peer=2
2025-10-31T13:26:04Z UpdateTip: new best=6fb3d31b1235c84d29851c80114621261e8d7699bc66fca8f38ab00412127da9 height=268 version=0x30000000 log2_work=9.071462 tx=2981 date='2025-10-31T13:26:04Z' progress=1.000000 cache=0.3MiB(749txo)
2025-10-31T13:26:10Z Saw new header hash=570c9610a7ba82e68bb02d240e8100fb253a99558a155d5cafaa79308d36d8c0 height=269
2025-10-31T13:26:10Z Saw new cmpctblock header hash=570c9610a7ba82e68bb02d240e8100fb253a99558a155d5cafaa79308d36d8c0 peer=2
2025-10-31T13:26:10Z UpdateTip: new best=570c9610a7ba82e68bb02d240e8100fb253a99558a155d5cafaa79308d36d8c0 height=269 version=0x30000000 log2_work=9.076816 tx=3046 date='2025-10-31T13:26:09Z' progress=1.000000 cache=0.3MiB(748txo)
2025-10-31T13:26:15Z Saw new header hash=5f99a6942367130b00f10baf40f9173c088b3ddc1febbf068a3219b8630c51e6 height=270
2025-10-31T13:26:15Z Saw new cmpctblock header hash=5f99a6942367130b00f10baf40f9173c088b3ddc1febbf068a3219b8630c51e6 peer=2
2025-10-31T13:26:15Z UpdateTip: new best=5f99a6942367130b00f10baf40f9173c088b3ddc1febbf068a3219b8630c51e6 height=270 version=0x30000000 log2_work=9.082149 tx=3047 date='2025-10-31T13:26:14Z' progress=1.000000 cache=0.3MiB(749txo)
2025-10-31T13:26:20Z Saw new header hash=34e1031adc1e7fedbce1fe2766ad5393345613ed562bb15ae9ea4be7ea1a5e38 height=271
2025-10-31T13:26:20Z Saw new cmpctblock header hash=34e1031adc1e7fedbce1fe2766ad5393345613ed562bb15ae9ea4be7ea1a5e38 peer=2
2025-10-31T13:26:21Z UpdateTip: new best=34e1031adc1e7fedbce1fe2766ad5393345613ed562bb15ae9ea4be7ea1a5e38 height=271 version=0x30000000 log2_work=9.087463 tx=3129 date='2025-10-31T13:26:20Z' progress=1.000000 cache=0.3MiB(784txo)
2025-10-31T13:26:25Z Saw new header hash=5500d7705fd9aac78337b75222c46bf6060e9c4865bcd16a97e6d07c12dd9ab9 height=272
2025-10-31T13:26:25Z Saw new cmpctblock header hash=5500d7705fd9aac78337b75222c46bf6060e9c4865bcd16a97e6d07c12dd9ab9 peer=2
2025-10-31T13:26:25Z UpdateTip: new best=5500d7705fd9aac78337b75222c46bf6060e9c4865bcd16a97e6d07c12dd9ab9 height=272 version=0x30000000 log2_work=9.092757 tx=3130 date='2025-10-31T13:26:25Z' progress=1.000000 cache=0.3MiB(785txo)
2025-10-31T13:26:31Z Saw new header hash=266db7711d54e55736f0adeffc9808f86f139b61f10780c3eaf350f4f5419cce height=273
2025-10-31T13:26:31Z Saw new cmpctblock header hash=266db7711d54e55736f0adeffc9808f86f139b61f10780c3eaf350f4f5419cce peer=2
2025-10-31T13:26:31Z UpdateTip: new best=266db7711d54e55736f0adeffc9808f86f139b61f10780c3eaf350f4f5419cce height=273 version=0x30000000 log2_work=9.098032 tx=3194 date='2025-10-31T13:26:30Z' progress=1.000000 cache=0.3MiB(778txo)
2025-10-31T13:26:36Z Saw new header hash=0a84c3087dba1134c2d50a4bae43a0b1418b796d1837fb46432430391dff22da height=274
2025-10-31T13:26:36Z Saw new cmpctblock header hash=0a84c3087dba1134c2d50a4bae43a0b1418b796d1837fb46432430391dff22da peer=2
2025-10-31T13:26:36Z UpdateTip: new best=0a84c3087dba1134c2d50a4bae43a0b1418b796d1837fb46432430391dff22da height=274 version=0x30000000 log2_work=9.103288 tx=3195 date='2025-10-31T13:26:36Z' progress=1.000000 cache=0.3MiB(779txo)
2025-10-31T13:26:41Z Saw new header hash=46be2cdcf3e8b05387c0f54338c2d51498d362e0550289b831017fdf2a386af8 height=275
2025-10-31T13:26:41Z Saw new cmpctblock header hash=46be2cdcf3e8b05387c0f54338c2d51498d362e0550289b831017fdf2a386af8 peer=2
2025-10-31T13:26:41Z UpdateTip: new best=46be2cdcf3e8b05387c0f54338c2d51498d362e0550289b831017fdf2a386af8 height=275 version=0x30000000 log2_work=9.108524 tx=3196 date='2025-10-31T13:26:41Z' progress=1.000000 cache=0.3MiB(780txo)
2025-10-31T13:26:46Z Saw new header hash=3a7ade8c6f23d1085a26980649c07fb1042fa39a7457c37697e0933391251ed5 height=276
2025-10-31T13:26:46Z Saw new cmpctblock header hash=3a7ade8c6f23d1085a26980649c07fb1042fa39a7457c37697e0933391251ed5 peer=2
2025-10-31T13:26:46Z UpdateTip: new best=3a7ade8c6f23d1085a26980649c07fb1042fa39a7457c37697e0933391251ed5 height=276 version=0x30000000 log2_work=9.113742 tx=3197 date='2025-10-31T13:26:46Z' progress=1.000000 cache=0.3MiB(781txo)
2025-10-31T13:26:52Z Saw new header hash=6d3e25f55bb76bc741f097ebb085866f553881a66cbccd7a4b142f27a2f19529 height=277
2025-10-31T13:26:52Z Saw new cmpctblock header hash=6d3e25f55bb76bc741f097ebb085866f553881a66cbccd7a4b142f27a2f19529 peer=2
2025-10-31T13:26:52Z UpdateTip: new best=6d3e25f55bb76bc741f097ebb085866f553881a66cbccd7a4b142f27a2f19529 height=277 version=0x30000000 log2_work=9.118941 tx=3268 date='2025-10-31T13:26:52Z' progress=1.000000 cache=0.3MiB(735txo)
2025-10-31T13:26:57Z Saw new header hash=7965ccf35909dbbdccd221466f5fb85847cb704e181094faa6c1b902d7db3c55 height=278
2025-10-31T13:26:57Z Saw new cmpctblock header hash=7965ccf35909dbbdccd221466f5fb85847cb704e181094faa6c1b902d7db3c55 peer=2
2025-10-31T13:26:58Z UpdateTip: new best=7965ccf35909dbbdccd221466f5fb85847cb704e181094faa6c1b902d7db3c55 height=278 version=0x30000000 log2_work=9.124121 tx=3396 date='2025-10-31T13:26:57Z' progress=1.000000 cache=0.3MiB(704txo)
2025-10-31T13:27:03Z Saw new header hash=6b16ea8c1e0c0f648ecb7eefb7a52a28e4ca45983deeb0cc328f2465b99363f3 height=279
2025-10-31T13:27:03Z Saw new cmpctblock header hash=6b16ea8c1e0c0f648ecb7eefb7a52a28e4ca45983deeb0cc328f2465b99363f3 peer=2
2025-10-31T13:27:03Z UpdateTip: new best=6b16ea8c1e0c0f648ecb7eefb7a52a28e4ca45983deeb0cc328f2465b99363f3 height=279 version=0x30000000 log2_work=9.129283 tx=3444 date='2025-10-31T13:27:02Z' progress=1.000000 cache=0.3MiB(722txo)
2025-10-31T13:27:08Z Saw new header hash=5a157d039c722879eee700e70e97f87bc877e74e85d8a08d1c48e246b5b3db0c height=280
2025-10-31T13:27:08Z Saw new cmpctblock header hash=5a157d039c722879eee700e70e97f87bc877e74e85d8a08d1c48e246b5b3db0c peer=2
2025-10-31T13:27:08Z UpdateTip: new best=5a157d039c722879eee700e70e97f87bc877e74e85d8a08d1c48e246b5b3db0c height=280 version=0x30000000 log2_work=9.134426 tx=3445 date='2025-10-31T13:27:07Z' progress=1.000000 cache=0.3MiB(723txo)
2025-10-31T13:27:13Z Saw new header hash=53eca53c570793cb0bd4ffdc5e4334aec8f0ac0e176180f9016ce125335c3a21 height=281
2025-10-31T13:27:13Z Saw new cmpctblock header hash=53eca53c570793cb0bd4ffdc5e4334aec8f0ac0e176180f9016ce125335c3a21 peer=2
2025-10-31T13:27:13Z UpdateTip: new best=53eca53c570793cb0bd4ffdc5e4334aec8f0ac0e176180f9016ce125335c3a21 height=281 version=0x30000000 log2_work=9.139551 tx=3520 date='2025-10-31T13:27:13Z' progress=1.000000 cache=0.3MiB(764txo)
2025-10-31T13:27:18Z Saw new header hash=48b5cef575953aa6e17378396c55e1edb2c661ccfd959defda98762c6ca2a146 height=282
2025-10-31T13:27:18Z Saw new cmpctblock header hash=48b5cef575953aa6e17378396c55e1edb2c661ccfd959defda98762c6ca2a146 peer=2
2025-10-31T13:27:19Z UpdateTip: new best=48b5cef575953aa6e17378396c55e1edb2c661ccfd959defda98762c6ca2a146 height=282 version=0x30000000 log2_work=9.144658 tx=3565 date='2025-10-31T13:27:18Z' progress=1.000000 cache=0.3MiB(786txo)
2025-10-31T13:27:23Z Saw new header hash=2f05131a18f380175eb22a448642f673b262061d66dc0baceb53cbd448f07e0c height=283
2025-10-31T13:27:23Z Saw new cmpctblock header hash=2f05131a18f380175eb22a448642f673b262061d66dc0baceb53cbd448f07e0c peer=2
2025-10-31T13:27:23Z UpdateTip: new best=2f05131a18f380175eb22a448642f673b262061d66dc0baceb53cbd448f07e0c height=283 version=0x30000000 log2_work=9.149747 tx=3566 date='2025-10-31T13:27:23Z' progress=1.000000 cache=0.3MiB(787txo)
2025-10-31T13:27:29Z Saw new header hash=30018dab51f37d4807490d8af6c6421dca50549b5ba240d5eaa9ebaa65c0b7f0 height=284
2025-10-31T13:27:29Z Saw new cmpctblock header hash=30018dab51f37d4807490d8af6c6421dca50549b5ba240d5eaa9ebaa65c0b7f0 peer=2
2025-10-31T13:27:29Z UpdateTip: new best=30018dab51f37d4807490d8af6c6421dca50549b5ba240d5eaa9ebaa65c0b7f0 height=284 version=0x30000000 log2_work=9.154818 tx=3569 date='2025-10-31T13:27:29Z' progress=1.000000 cache=0.3MiB(789txo)
2025-10-31T13:27:35Z Saw new header hash=0d5687b814aa88f8f7c406b21e76efe25428d04d9b385598985ca4a2eebd6d51 height=285
2025-10-31T13:27:35Z Saw new cmpctblock header hash=0d5687b814aa88f8f7c406b21e76efe25428d04d9b385598985ca4a2eebd6d51 peer=2
2025-10-31T13:27:35Z UpdateTip: new best=0d5687b814aa88f8f7c406b21e76efe25428d04d9b385598985ca4a2eebd6d51 height=285 version=0x30000000 log2_work=9.159871 tx=3666 date='2025-10-31T13:27:34Z' progress=1.000000 cache=0.3MiB(809txo)
2025-10-31T13:27:39Z Saw new header hash=6565faa7df665e4c8cc04176304aba0449f2974cf7d0b915dfc62110527a7ad1 height=286
2025-10-31T13:27:39Z Saw new cmpctblock header hash=6565faa7df665e4c8cc04176304aba0449f2974cf7d0b915dfc62110527a7ad1 peer=2
2025-10-31T13:27:39Z UpdateTip: new best=6565faa7df665e4c8cc04176304aba0449f2974cf7d0b915dfc62110527a7ad1 height=286 version=0x30000000 log2_work=9.164907 tx=3667 date='2025-10-31T13:27:39Z' progress=1.000000 cache=0.3MiB(810txo)
2025-10-31T13:27:45Z Saw new header hash=2b6605d5dc54d9edb4c9156bd7a44cacdc0aaca7ccda536849a205f69678830f height=287
2025-10-31T13:27:45Z Saw new cmpctblock header hash=2b6605d5dc54d9edb4c9156bd7a44cacdc0aaca7ccda536849a205f69678830f peer=2
2025-10-31T13:27:45Z UpdateTip: new best=2b6605d5dc54d9edb4c9156bd7a44cacdc0aaca7ccda536849a205f69678830f height=287 version=0x30000000 log2_work=9.169925 tx=3753 date='2025-10-31T13:27:45Z' progress=1.000000 cache=0.3MiB(811txo)
2025-10-31T13:27:50Z Saw new header hash=3ee1b2cb1e96ceaca687c93f29ce3fd19a64670745423fca927ea3861ad5b306 height=288
2025-10-31T13:27:50Z Saw new cmpctblock header hash=3ee1b2cb1e96ceaca687c93f29ce3fd19a64670745423fca927ea3861ad5b306 peer=2
2025-10-31T13:27:50Z UpdateTip: new best=3ee1b2cb1e96ceaca687c93f29ce3fd19a64670745423fca927ea3861ad5b306 height=288 version=0x30000000 log2_work=9.174926 tx=3789 date='2025-10-31T13:27:50Z' progress=1.000000 cache=0.3MiB(812txo)
2025-10-31T13:27:55Z Saw new header hash=291cd69c19139667ef2a8fae804928bd3349e0e1591af38eae97614e49ff9a73 height=289
2025-10-31T13:27:55Z Saw new cmpctblock header hash=291cd69c19139667ef2a8fae804928bd3349e0e1591af38eae97614e49ff9a73 peer=2
2025-10-31T13:27:55Z UpdateTip: new best=291cd69c19139667ef2a8fae804928bd3349e0e1591af38eae97614e49ff9a73 height=289 version=0x30000000 log2_work=9.179909 tx=3790 date='2025-10-31T13:27:55Z' progress=1.000000 cache=0.3MiB(813txo)
2025-10-31T13:28:01Z Saw new header hash=38db50f669b104fe0aa0935fc6ea5580bf9a36fd1adeeec8230f2fd82d7db03b height=290
2025-10-31T13:28:01Z Saw new cmpctblock header hash=38db50f669b104fe0aa0935fc6ea5580bf9a36fd1adeeec8230f2fd82d7db03b peer=2
2025-10-31T13:28:01Z UpdateTip: new best=38db50f669b104fe0aa0935fc6ea5580bf9a36fd1adeeec8230f2fd82d7db03b height=290 version=0x30000000 log2_work=9.184875 tx=3848 date='2025-10-31T13:28:00Z' progress=1.000000 cache=0.3MiB(830txo)
2025-10-31T13:28:06Z Saw new header hash=45f117b977e64395a293e014236a91fdf07ff1e7dd49615b32c2bb0224f61144 height=291
2025-10-31T13:28:06Z Saw new cmpctblock header hash=45f117b977e64395a293e014236a91fdf07ff1e7dd49615b32c2bb0224f61144 peer=2
2025-10-31T13:28:06Z UpdateTip: new best=45f117b977e64395a293e014236a91fdf07ff1e7dd49615b32c2bb0224f61144 height=291 version=0x30000000 log2_work=9.189825 tx=3849 date='2025-10-31T13:28:06Z' progress=1.000000 cache=0.3MiB(831txo)
2025-10-31T13:28:11Z Saw new header hash=68907bf6f3b5c102037143b4fedf5162594d6de924aafa72fb64a4faa0d5800a height=292
2025-10-31T13:28:11Z Saw new cmpctblock header hash=68907bf6f3b5c102037143b4fedf5162594d6de924aafa72fb64a4faa0d5800a peer=2
2025-10-31T13:28:11Z UpdateTip: new best=68907bf6f3b5c102037143b4fedf5162594d6de924aafa72fb64a4faa0d5800a height=292 version=0x30000000 log2_work=9.194757 tx=3850 date='2025-10-31T13:28:11Z' progress=1.000000 cache=0.3MiB(832txo)
2025-10-31T13:28:16Z Saw new header hash=7f0ebfcacf97452e469ee962d070283628ab8523c04363e17e284760d30fbce7 height=293
2025-10-31T13:28:16Z Saw new cmpctblock header hash=7f0ebfcacf97452e469ee962d070283628ab8523c04363e17e284760d30fbce7 peer=2
2025-10-31T13:28:16Z UpdateTip: new best=7f0ebfcacf97452e469ee962d070283628ab8523c04363e17e284760d30fbce7 height=293 version=0x30000000 log2_work=9.199672 tx=3851 date='2025-10-31T13:28:16Z' progress=1.000000 cache=0.3MiB(833txo)
2025-10-31T13:28:22Z Saw new header hash=648658beaa5be8a9a30691878f532def3f6baa0ee8fd595e617fe5a3d776d1b8 height=294
2025-10-31T13:28:22Z Saw new cmpctblock header hash=648658beaa5be8a9a30691878f532def3f6baa0ee8fd595e617fe5a3d776d1b8 peer=2
2025-10-31T13:28:22Z UpdateTip: new best=648658beaa5be8a9a30691878f532def3f6baa0ee8fd595e617fe5a3d776d1b8 height=294 version=0x30000000 log2_work=9.204571 tx=3922 date='2025-10-31T13:28:22Z' progress=1.000000 cache=0.3MiB(822txo)
2025-10-31T13:28:27Z Saw new header hash=7d85fc92311f3fb445b6d0eacf23b6f25be1f56b5d647311694a1d6f4b6c0589 height=295
2025-10-31T13:28:27Z Saw new cmpctblock header hash=7d85fc92311f3fb445b6d0eacf23b6f25be1f56b5d647311694a1d6f4b6c0589 peer=2
2025-10-31T13:28:27Z UpdateTip: new best=7d85fc92311f3fb445b6d0eacf23b6f25be1f56b5d647311694a1d6f4b6c0589 height=295 version=0x30000000 log2_work=9.209453 tx=3923 date='2025-10-31T13:28:27Z' progress=1.000000 cache=0.3MiB(823txo)
2025-10-31T13:28:32Z Saw new header hash=7f81efab7c621a95e9160c8f93f2cdd867b859e8f5fdfaefe8bf15e720e3b8bf height=296
2025-10-31T13:28:32Z Saw new cmpctblock header hash=7f81efab7c621a95e9160c8f93f2cdd867b859e8f5fdfaefe8bf15e720e3b8bf peer=2
2025-10-31T13:28:32Z UpdateTip: new best=7f81efab7c621a95e9160c8f93f2cdd867b859e8f5fdfaefe8bf15e720e3b8bf height=296 version=0x30000000 log2_work=9.214319 tx=3924 date='2025-10-31T13:28:32Z' progress=1.000000 cache=0.3MiB(824txo)
2025-10-31T13:28:37Z Saw new header hash=418447c90e02ce63ed16157ad44c34bc1ca9b3f968e5a076078936437c5d488d height=297
2025-10-31T13:28:37Z Saw new cmpctblock header hash=418447c90e02ce63ed16157ad44c34bc1ca9b3f968e5a076078936437c5d488d peer=2
2025-10-31T13:28:37Z UpdateTip: new best=418447c90e02ce63ed16157ad44c34bc1ca9b3f968e5a076078936437c5d488d height=297 version=0x30000000 log2_work=9.219169 tx=3960 date='2025-10-31T13:28:37Z' progress=1.000000 cache=0.3MiB(760txo)
2025-10-31T13:28:43Z Saw new header hash=37cda468cbb46c21bf88fc962ab5b3c2f777471f41cf7a5af6650ed99937bc4c height=298
2025-10-31T13:28:43Z Saw new cmpctblock header hash=37cda468cbb46c21bf88fc962ab5b3c2f777471f41cf7a5af6650ed99937bc4c peer=2
2025-10-31T13:28:43Z UpdateTip: new best=37cda468cbb46c21bf88fc962ab5b3c2f777471f41cf7a5af6650ed99937bc4c height=298 version=0x30000000 log2_work=9.224002 tx=3996 date='2025-10-31T13:28:43Z' progress=1.000000 cache=0.3MiB(764txo)
2025-10-31T13:28:48Z Saw new header hash=12a05b866253beef29fd2cea2c0c67b341b15fb1e7c4d4765dd8c439a25099fd height=299
2025-10-31T13:28:48Z Saw new cmpctblock header hash=12a05b866253beef29fd2cea2c0c67b341b15fb1e7c4d4765dd8c439a25099fd peer=2
2025-10-31T13:28:48Z UpdateTip: new best=12a05b866253beef29fd2cea2c0c67b341b15fb1e7c4d4765dd8c439a25099fd height=299 version=0x30000000 log2_work=9.228819 tx=3997 date='2025-10-31T13:28:48Z' progress=1.000000 cache=0.3MiB(765txo)
2025-10-31T13:28:54Z Saw new header hash=17f0e326e57d00de9166b205fde999de952f9720ac3c035ff5706c32f4381e3d height=300
2025-10-31T13:28:54Z Saw new cmpctblock header hash=17f0e326e57d00de9166b205fde999de952f9720ac3c035ff5706c32f4381e3d peer=2
2025-10-31T13:28:54Z UpdateTip: new best=17f0e326e57d00de9166b205fde999de952f9720ac3c035ff5706c32f4381e3d height=300 version=0x30000000 log2_work=9.233620 tx=4244 date='2025-10-31T13:28:53Z' progress=1.000000 cache=0.3MiB(768txo)
2025-10-31T13:28:59Z Saw new header hash=74887e2e02b5a58e99bd66d3fbe2544ddbb7e39f1f6b1948aa5a3f7a1aef2efa height=301
2025-10-31T13:28:59Z Saw new cmpctblock header hash=74887e2e02b5a58e99bd66d3fbe2544ddbb7e39f1f6b1948aa5a3f7a1aef2efa peer=2
2025-10-31T13:28:59Z UpdateTip: new best=74887e2e02b5a58e99bd66d3fbe2544ddbb7e39f1f6b1948aa5a3f7a1aef2efa height=301 version=0x30000000 log2_work=9.238405 tx=4261 date='2025-10-31T13:28:58Z' progress=1.000000 cache=0.3MiB(777txo)
2025-10-31T13:29:04Z Saw new header hash=18ec3edcdcc46c468eecc472137c2c520c38f82cc8949076f02cf5bb27cf03ef height=302
2025-10-31T13:29:04Z Saw new cmpctblock header hash=18ec3edcdcc46c468eecc472137c2c520c38f82cc8949076f02cf5bb27cf03ef peer=2
2025-10-31T13:29:04Z UpdateTip: new best=18ec3edcdcc46c468eecc472137c2c520c38f82cc8949076f02cf5bb27cf03ef height=302 version=0x30000000 log2_work=9.243174 tx=4262 date='2025-10-31T13:29:04Z' progress=1.000000 cache=0.3MiB(778txo)
2025-10-31T13:29:10Z Saw new header hash=70784269ba5629a661d2da9e421b281a9e3f65c90979619e4d9336b65b37b4e6 height=303
2025-10-31T13:29:10Z Saw new cmpctblock header hash=70784269ba5629a661d2da9e421b281a9e3f65c90979619e4d9336b65b37b4e6 peer=2
2025-10-31T13:29:10Z UpdateTip: new best=70784269ba5629a661d2da9e421b281a9e3f65c90979619e4d9336b65b37b4e6 height=303 version=0x30000000 log2_work=9.247928 tx=4359 date='2025-10-31T13:29:09Z' progress=1.000000 cache=0.3MiB(834txo)
2025-10-31T13:29:14Z Saw new header hash=1915d4bc8ecdb6f2cdb14f37aaeeb3411b1e9409d50ffd647b6d927ff9d9cd59 height=304
2025-10-31T13:29:14Z Saw new cmpctblock header hash=1915d4bc8ecdb6f2cdb14f37aaeeb3411b1e9409d50ffd647b6d927ff9d9cd59 peer=2
2025-10-31T13:29:14Z UpdateTip: new best=1915d4bc8ecdb6f2cdb14f37aaeeb3411b1e9409d50ffd647b6d927ff9d9cd59 height=304 version=0x30000000 log2_work=9.252665 tx=4360 date='2025-10-31T13:29:14Z' progress=1.000000 cache=0.3MiB(835txo)
2025-10-31T13:29:20Z Saw new header hash=50f25ad900d032cefa04a96c2f35e50318d7fc0adb6f4099e896266662ecb572 height=305
2025-10-31T13:29:20Z Saw new cmpctblock header hash=50f25ad900d032cefa04a96c2f35e50318d7fc0adb6f4099e896266662ecb572 peer=2
2025-10-31T13:29:20Z UpdateTip: new best=50f25ad900d032cefa04a96c2f35e50318d7fc0adb6f4099e896266662ecb572 height=305 version=0x30000000 log2_work=9.257388 tx=4434 date='2025-10-31T13:29:20Z' progress=1.000000 cache=0.3MiB(860txo)
2025-10-31T13:29:25Z Saw new header hash=144be463e8af3686ce4ba48eb871b7e14536e8bf27ef67378434eb584c9c8006 height=306
2025-10-31T13:29:25Z Saw new cmpctblock header hash=144be463e8af3686ce4ba48eb871b7e14536e8bf27ef67378434eb584c9c8006 peer=2
2025-10-31T13:29:25Z UpdateTip: new best=144be463e8af3686ce4ba48eb871b7e14536e8bf27ef67378434eb584c9c8006 height=306 version=0x30000000 log2_work=9.262095 tx=4478 date='2025-10-31T13:29:25Z' progress=1.000000 cache=0.3MiB(881txo)
2025-10-31T13:29:31Z Saw new header hash=36d9173a8524e56c9f18c8c47cc211c86ac6b45900b09a83eb075c0c9f7e3d74 height=307
2025-10-31T13:29:31Z Saw new cmpctblock header hash=36d9173a8524e56c9f18c8c47cc211c86ac6b45900b09a83eb075c0c9f7e3d74 peer=2
2025-10-31T13:29:31Z UpdateTip: new best=36d9173a8524e56c9f18c8c47cc211c86ac6b45900b09a83eb075c0c9f7e3d74 height=307 version=0x30000000 log2_work=9.266787 tx=4506 date='2025-10-31T13:29:30Z' progress=1.000000 cache=0.3MiB(893txo)
2025-10-31T13:29:36Z Saw new header hash=420329053de8c9592220eea070c5e63857b6f9078235b9891511357a8353b796 height=308
2025-10-31T13:29:36Z Saw new cmpctblock header hash=420329053de8c9592220eea070c5e63857b6f9078235b9891511357a8353b796 peer=2
2025-10-31T13:29:36Z UpdateTip: new best=420329053de8c9592220eea070c5e63857b6f9078235b9891511357a8353b796 height=308 version=0x30000000 log2_work=9.271463 tx=4542 date='2025-10-31T13:29:35Z' progress=1.000000 cache=0.3MiB(912txo)
2025-10-31T13:29:40Z Saw new header hash=0971b8fe109aa228a37e4e4deeab6eb362887032629d87cc55d600465908667c height=309
2025-10-31T13:29:40Z Saw new cmpctblock header hash=0971b8fe109aa228a37e4e4deeab6eb362887032629d87cc55d600465908667c peer=2
2025-10-31T13:29:40Z UpdateTip: new best=0971b8fe109aa228a37e4e4deeab6eb362887032629d87cc55d600465908667c height=309 version=0x30000000 log2_work=9.276124 tx=4543 date='2025-10-31T13:29:40Z' progress=1.000000 cache=0.3MiB(913txo)
2025-10-31T13:29:45Z Saw new header hash=343e9d5ddafb2482383c6de828581678829e420d189f7c27a59fca4db05d8a73 height=310
2025-10-31T13:29:45Z Saw new cmpctblock header hash=343e9d5ddafb2482383c6de828581678829e420d189f7c27a59fca4db05d8a73 peer=2
2025-10-31T13:29:45Z UpdateTip: new best=343e9d5ddafb2482383c6de828581678829e420d189f7c27a59fca4db05d8a73 height=310 version=0x30000000 log2_work=9.280771 tx=4544 date='2025-10-31T13:29:45Z' progress=1.000000 cache=0.3MiB(914txo)
2025-10-31T13:29:50Z Saw new header hash=3c9cf32682d68cf24ce1db485d3dbbf9d1c94626715072c61cc91e3596f81562 height=311
2025-10-31T13:29:50Z Saw new cmpctblock header hash=3c9cf32682d68cf24ce1db485d3dbbf9d1c94626715072c61cc91e3596f81562 peer=2
2025-10-31T13:29:50Z UpdateTip: new best=3c9cf32682d68cf24ce1db485d3dbbf9d1c94626715072c61cc91e3596f81562 height=311 version=0x30000000 log2_work=9.285402 tx=4664 date='2025-10-31T13:29:50Z' progress=1.000000 cache=0.3MiB(944txo)
2025-10-31T13:29:55Z Saw new header hash=1f6a4ff1fd6a1cd246722b8a99577df81df0fd2bfa5c4b7adbc929bca3fa26fb height=312
2025-10-31T13:29:55Z Saw new cmpctblock header hash=1f6a4ff1fd6a1cd246722b8a99577df81df0fd2bfa5c4b7adbc929bca3fa26fb peer=2
2025-10-31T13:29:55Z UpdateTip: new best=1f6a4ff1fd6a1cd246722b8a99577df81df0fd2bfa5c4b7adbc929bca3fa26fb height=312 version=0x30000000 log2_work=9.290019 tx=4665 date='2025-10-31T13:29:55Z' progress=1.000000 cache=0.3MiB(945txo)
2025-10-31T13:30:01Z Saw new header hash=61ff2d086117b7057c6fccfb93a09998ac6e95e21967a151b69017086a5b0b2a height=313
2025-10-31T13:30:01Z Saw new cmpctblock header hash=61ff2d086117b7057c6fccfb93a09998ac6e95e21967a151b69017086a5b0b2a peer=2
2025-10-31T13:30:01Z UpdateTip: new best=61ff2d086117b7057c6fccfb93a09998ac6e95e21967a151b69017086a5b0b2a height=313 version=0x30000000 log2_work=9.294621 tx=4707 date='2025-10-31T13:30:01Z' progress=1.000000 cache=0.3MiB(954txo)
2025-10-31T13:30:06Z Saw new header hash=3121941f2cdd4d849724d4c7d8b4d59aedd2ede99f8e368dacf2fe95047a1c25 height=314
2025-10-31T13:30:06Z Saw new cmpctblock header hash=3121941f2cdd4d849724d4c7d8b4d59aedd2ede99f8e368dacf2fe95047a1c25 peer=2
2025-10-31T13:30:06Z UpdateTip: new best=3121941f2cdd4d849724d4c7d8b4d59aedd2ede99f8e368dacf2fe95047a1c25 height=314 version=0x30000000 log2_work=9.299208 tx=4766 date='2025-10-31T13:30:06Z' progress=1.000000 cache=0.3MiB(984txo)
2025-10-31T13:30:11Z Saw new header hash=725c0efd0c42879e34e5289a141811349755ccd4e6164df5b5192e21975b7707 height=315
2025-10-31T13:30:11Z Saw new cmpctblock header hash=725c0efd0c42879e34e5289a141811349755ccd4e6164df5b5192e21975b7707 peer=2
2025-10-31T13:30:11Z UpdateTip: new best=725c0efd0c42879e34e5289a141811349755ccd4e6164df5b5192e21975b7707 height=315 version=0x30000000 log2_work=9.303781 tx=4767 date='2025-10-31T13:30:11Z' progress=1.000000 cache=0.3MiB(985txo)
2025-10-31T13:30:16Z Saw new header hash=0c43e4c51d158d19250697e1d41d5508def738a038c4249a21ab53a6c7b48b0d height=316
2025-10-31T13:30:16Z Saw new cmpctblock header hash=0c43e4c51d158d19250697e1d41d5508def738a038c4249a21ab53a6c7b48b0d peer=2
2025-10-31T13:30:16Z UpdateTip: new best=0c43e4c51d158d19250697e1d41d5508def738a038c4249a21ab53a6c7b48b0d height=316 version=0x30000000 log2_work=9.308339 tx=4837 date='2025-10-31T13:30:16Z' progress=1.000000 cache=0.3MiB(1007txo)
2025-10-31T13:30:21Z Saw new header hash=230aa5aa93e0904f53125902096da12973f724b61dc0c361a05178c064a1a305 height=317
2025-10-31T13:30:21Z Saw new cmpctblock header hash=230aa5aa93e0904f53125902096da12973f724b61dc0c361a05178c064a1a305 peer=2
2025-10-31T13:30:21Z UpdateTip: new best=230aa5aa93e0904f53125902096da12973f724b61dc0c361a05178c064a1a305 height=317 version=0x30000000 log2_work=9.312883 tx=4873 date='2025-10-31T13:30:21Z' progress=1.000000 cache=0.3MiB(1036txo)
2025-10-31T13:30:26Z Saw new header hash=7d0bf9531d52c47be544c1004a3bcb62c810e629b58234a6f47ef72d0c09bd90 height=318
2025-10-31T13:30:26Z Saw new cmpctblock header hash=7d0bf9531d52c47be544c1004a3bcb62c810e629b58234a6f47ef72d0c09bd90 peer=2
2025-10-31T13:30:26Z UpdateTip: new best=7d0bf9531d52c47be544c1004a3bcb62c810e629b58234a6f47ef72d0c09bd90 height=318 version=0x30000000 log2_work=9.317413 tx=4924 date='2025-10-31T13:30:26Z' progress=1.000000 cache=0.3MiB(1044txo)
2025-10-31T13:30:31Z Saw new header hash=77d9b115db074bb39733f293ff3544ff062a825c88f6fd9b791caa673f494145 height=319
2025-10-31T13:30:31Z Saw new cmpctblock header hash=77d9b115db074bb39733f293ff3544ff062a825c88f6fd9b791caa673f494145 peer=2
2025-10-31T13:30:31Z UpdateTip: new best=77d9b115db074bb39733f293ff3544ff062a825c88f6fd9b791caa673f494145 height=319 version=0x30000000 log2_work=9.321928 tx=4946 date='2025-10-31T13:30:31Z' progress=1.000000 cache=0.3MiB(1039txo)
2025-10-31T13:30:36Z Saw new header hash=7544bc563f2d84330f058d02af3e41f6252f1226aefaf65e7d80a0134e17173d height=320
2025-10-31T13:30:36Z Saw new cmpctblock header hash=7544bc563f2d84330f058d02af3e41f6252f1226aefaf65e7d80a0134e17173d peer=2
2025-10-31T13:30:36Z UpdateTip: new best=7544bc563f2d84330f058d02af3e41f6252f1226aefaf65e7d80a0134e17173d height=320 version=0x30000000 log2_work=9.326429 tx=4947 date='2025-10-31T13:30:36Z' progress=1.000000 cache=0.3MiB(1040txo)
2025-10-31T13:30:41Z Saw new header hash=722946660b9bdcf6035626ae485f48f316412b76debdf333f996708c6d910e05 height=321
2025-10-31T13:30:41Z Saw new cmpctblock header hash=722946660b9bdcf6035626ae485f48f316412b76debdf333f996708c6d910e05 peer=2
2025-10-31T13:30:41Z UpdateTip: new best=722946660b9bdcf6035626ae485f48f316412b76debdf333f996708c6d910e05 height=321 version=0x30000000 log2_work=9.330917 tx=5022 date='2025-10-31T13:30:41Z' progress=1.000000 cache=0.3MiB(1083txo)
2025-10-31T13:30:46Z Saw new header hash=79c87cfcb4a88c0eedffed83d1c904276c42974d960af90366f03fe08c8dfe00 height=322
2025-10-31T13:30:46Z Saw new cmpctblock header hash=79c87cfcb4a88c0eedffed83d1c904276c42974d960af90366f03fe08c8dfe00 peer=2
2025-10-31T13:30:46Z UpdateTip: new best=79c87cfcb4a88c0eedffed83d1c904276c42974d960af90366f03fe08c8dfe00 height=322 version=0x30000000 log2_work=9.335390 tx=5067 date='2025-10-31T13:30:46Z' progress=1.000000 cache=0.3MiB(1081txo)
