submit_ts_utc,txid
2025-11-01T18:54:52.675013+00:00,3c4f73cffeb23400aacd56a659c506b5a6a900ef90a712ae53b810f7da139ac3
2025-11-01T18:54:52.835994+00:00,3d5fa2bad2c04eeec170ed3bb392ed9b5a7be900e748457b3cecc9270184beaa
2025-11-01T18:54:52.975086+00:00,d51a0eb3c802a312038f5a22c3d6a39373d824b11312f1f7d67d0ab0b8d8b996
2025-11-01T18:54:53.117047+00:00,add2325f938f6d3ab51a3bffef463384032892ff12f17fe2a28d3e0361abeacc
2025-11-01T18:54:53.255096+00:00,5143db1ef5962c1af2c10950f32f9f998c50dcb93a69a6bb85f2f547e001862f
2025-11-01T18:54:53.391934+00:00,71d29026532cb9252e8259c87d78bf86e4610c3d4040ec8b7f1f49cde8cffc46
2025-11-01T18:54:53.529253+00:00,74348ee892d5e87b3540171949702ffa2324fa9b64d5473ba67a8ce7a741adce
2025-11-01T18:54:53.668332+00:00,e7b2b509f6efb8c5debdcbba78e247a121ce11970ca08de325a2292133225f7d
2025-11-01T18:54:53.805376+00:00,2e07c1f8394d3a2feec7798d3e2d843776345578b863d94c4929598c1ac7c0eb
2025-11-01T18:54:53.941374+00:00,2268bf4766463563b72e69019da36ee0656ca4574833746387891a6e4e720d9b
2025-11-01T18:54:54.077723+00:00,5563ce65ea742f10682c43f2b00f7d8575d884a786cac92dcf8ee7d9d48b4c0d
2025-11-01T18:54:54.272610+00:00,7bf7d11f24d32c4e7aeaa5526e4074092dc193331fbe6cad180d5a7dd39e35eb
2025-11-01T18:54:54.406617+00:00,9a28e0c3edf4338adc479609b698ee548eb6886ec4aaccc64316e6a6013ad124
2025-11-01T18:54:54.541278+00:00,7ce383073db234cb35d04dc39643fd131bcc9f99abf7521f42ce4c7b39b4fe42
2025-11-01T18:54:54.676996+00:00,b00b9d63923edc32c58eef66a10710909dd6c1dee359fdcfb777a6cf65568d99
2025-11-01T18:54:54.812207+00:00,de3c10753b063e4f5d636eb7201c1a9f90c1c03b03ae658491972046d6278413
2025-11-01T18:54:54.954200+00:00,a2c67309775aea31a96e6d884d9bf7048c313db869661953d3d4eaba0c5b94c3
2025-11-01T18:54:55.089126+00:00,6e84c5ef6eaaf8178e8d52ed18f6176aa3f2af636ea7074cde2d25b289a3cacf
2025-11-01T18:54:55.222159+00:00,8bb3328921cc4a374d555c149f92b3fe887e601375e17dc2621a80447e0c0980
2025-11-01T18:54:55.355901+00:00,94ea91689d9ae6db0ad7bb5bfbb71991b96de4f5ed0056093defaf630422b900
2025-11-01T18:54:55.487442+00:00,abd397d253c54d65a1ab84b7782be54645bead987645078483f5a3cf399e493c
2025-11-01T18:54:55.620728+00:00,a9ac7ee26d7889383e594ca86f91b4b0064fa28d340b9d0c44c638c9feb00766
2025-11-01T18:54:55.756050+00:00,af02a8e243c06129879b062e608d76cce914e1627dc237a46c3ed4cc491d1e30
2025-11-01T18:54:55.890254+00:00,ad0a0645edff85d9a599983706d4cff49a4d3873d04bbd1fea1ab1e3310c0d78
2025-11-01T18:54:56.026085+00:00,2e4beb02cb9575a88250d10d51da4ece5c1edd45b7f7350c5b7476414c0cca58
2025-11-01T18:54:56.160885+00:00,02e2d7d08b34ec41e7ec7669cc31d55fad188e25701c32f784765c661cd8d5aa
2025-11-01T18:54:56.290164+00:00,2c9b21955552ff379537ad5a351f893bfa3e0be9e51e5de61d0f53fd2ecdc55e
2025-11-01T18:54:56.422458+00:00,9a2f8e839d9b5d8c0faed3fa1de572d97416372714b5c048945783818e45a8c7
2025-11-01T18:54:56.559666+00:00,96dac8f595cfa845b2d073f58a5055cbbd7a65f555f58b199ce4c51f9528b1b7
2025-11-01T18:54:56.676094+00:00,bd9ec2f40def5e0be6c44338f6ac4d319230c2daea0a2d4e4a5808fc73471846
2025-11-01T18:54:56.789720+00:00,7e74de1e5d98d04f9de984867d021c629f84be853f1f50eddc43bd6cb3284885
2025-11-01T18:54:56.905005+00:00,7a3bdce71c19ebb310f7722074f8ab429b505e0c5a6a8bb052433550d19bb346
2025-11-01T18:54:57.017632+00:00,5d8ea20ba707501a65fdeff03beeb21c7b8d0624ac84881e57ef6d767cd80f1f
2025-11-01T18:54:57.131091+00:00,1ae7fa87aa91107d90f42eef0d088355f3e0ec997c7e805bdf06a91b7bc9b72c
2025-11-01T18:54:57.246110+00:00,54ad3b067baef074d006323bf2a6dc879b55dbcc47af5869710a275812df6a9c
2025-11-01T18:54:57.357928+00:00,ef5122a20e3e54a42c2b79adfe162e09bb50f972da45bc269b39e2564ae2d863
2025-11-01T18:54:57.471684+00:00,177511a2fd3b9bb637d21e06257144be02a855f85b76e76d9d18e3a184b204ab
2025-11-01T18:54:57.584646+00:00,5db9cbf15744d5fbf29039a974dbdbc9456193bc3afa780b1eeedbf9cb3357ea
2025-11-01T18:54:57.696827+00:00,985005a2e167457dc33835dc129ab24c6f8f842a26e5d13532a14bb9ab893b4b
2025-11-01T18:54:57.810475+00:00,4680b897d58d06c16def39eb09965a444f33221c7c3794632fa977fc46a90cec
2025-11-01T18:54:57.922902+00:00,048b3f3a5d4d83a5478c4eeb5a1f175e6dd1254b3a8c6f98e6699cc83f811410
2025-11-01T18:54:58.034245+00:00,28860a07b34beeab5295862f3b921f21e7e8f756faa07cf79e04c46b90306c83
2025-11-01T18:54:58.162675+00:00,eddb957cd2ba81c5a355fa380a161732b82470dc2d1dd13f89e326404f5b88f0
2025-11-01T18:54:58.277075+00:00,05783f141811e903fa78dc48ebda33a1003dda942e7b7ae9e9e5c48a8f40ae56
2025-11-01T18:54:58.391778+00:00,73573292780bdbb83baebf406a804c799a63147fefeac88d72ad0a0827bafa49
2025-11-01T18:54:58.506697+00:00,af98ba831ea29df6ace87f4cdfbefc2df6babc267410d30e8e5f6c77f788bb25
2025-11-01T18:54:58.619100+00:00,1c5989bda1ff9f6145277c6473ebaa0171fbd9180480b92f028621c461506991
2025-11-01T18:54:58.730733+00:00,5742aa135f7bcea3920ab868b1d300615e8bc7f2d1f41d8059b1a0865a730b1c
2025-11-01T18:54:58.843630+00:00,ee326d81fab31c52720e3c0072bf3295688396a22edf40e01b9b70e331da6f46
2025-11-01T18:54:58.957625+00:00,c6614359f3582cf450182fae0159fd081ae4059bc5e232489a50d2ae85c80384
2025-11-01T18:54:59.069258+00:00,e1ee794f201ffa39d9bbcfc92f43bd3bf838dbb73c587682a0a3f953f672aa09
2025-11-01T18:54:59.183620+00:00,b6a7919f1f9bf411714483afa9b6ec6c1dcdf1d2b40652beb3bbafd4d6706a0c
2025-11-01T18:54:59.299369+00:00,b31ca801c3437ba0919cc6dc0c4535ac57fd722d6f399f3f3b4bb362f9260f48
2025-11-01T18:54:59.418372+00:00,8187d5daf20f36da987ca3f8fc6ceec9d8acaa6188e7260e2450d7e55fd13815
2025-11-01T18:54:59.541004+00:00,abc96cb7e29a796f6cc70b76b010b25efb67174ad62d2d7061b95ec4243483ed
2025-11-01T18:54:59.665222+00:00,78f88e86d8f3ee7019ae743ff39766ab493fb7433ca3c441936fcf0b1a5a5e7b
2025-11-01T18:54:59.788485+00:00,e288316d5ad953ab6fd0aa50fcbadb2a3f9f5e07b636752d82705728ad153541
2025-11-01T18:54:59.912221+00:00,ea310d89fc659bc1bb505b7e952383ab6c238d7896d789e56368a627dc6afd3e
2025-11-01T18:55:00.033227+00:00,a298b2c8c3baedc4bc4ea6441cf1b4cb6d968968dddc7d299828fd235d194fe6
2025-11-01T18:55:00.155446+00:00,9c30b303cf7c2ad3de040cc4de6c9adb82a68b3cb5a0c6bfb42402600cab813b
2025-11-01T18:55:00.278958+00:00,9d856506fe843dcdf8ab064c78f24a3e5db279bb15b52e2551dd5e814487077e
2025-11-01T18:55:00.403148+00:00,2874f6b277ccfe8e84d244e22fb2c1e94581fd734445f4977fa0cc46eabf137e
2025-11-01T18:55:00.527364+00:00,b1e010a7264c4e69add58aef832f41a1583c37d1ed79d745e0bf3069a1ad234a
2025-11-01T18:55:00.652283+00:00,16e73b8574979ea14eb88dfb129a6e4f3b3c6720b6cb90f2a6ff03e8cb308671
2025-11-01T18:55:00.777653+00:00,4e261d5f1e3441edd4f16ab335be4d5724ae8f86fcaeb433dd46f1b989d8dcdf
2025-11-01T18:55:00.900367+00:00,1ba1109ce5b75bacf19fb65e9a31b486497fc13fbe1f224f0141b85ce13f25cb
2025-11-01T18:55:01.023261+00:00,44eb914120ddca5c48a47b7b5d2bb989c68a45d1c05976abad5b94f3bc21c11c
2025-11-01T18:55:01.145960+00:00,dcc049c917a8e3a022d36ece3837415c599821add93cbfa2a208dd9880b20d7b
2025-11-01T18:55:01.269328+00:00,6c04dd5728678f7454354663960298147bed1a80926ddf7d060c94f24cb29eba
2025-11-01T18:55:01.391511+00:00,49103533137b799290b07736c2a2622397b2aece4ccd2d4ecb9a8b93feee274f
2025-11-01T18:55:01.513739+00:00,4f2c4b13bead50d052f256779cfcc7ece5ce82c9b89ac69e9cc54708bc6a5c79
2025-11-01T18:55:01.648277+00:00,ed657ffa7c529ee5eb9d05a04814d2dcf3fd9afcaadbf73b8e8bc4d0cf3ba8c6
2025-11-01T18:55:01.771382+00:00,9c39421d7af3abe796216eb13d677fad31aea5a98de733cf516bbc15ac8fdfd2
2025-11-01T18:55:01.882030+00:00,78b9bc74d7ec8fe687edc5bafa4328e2e99c0a81581aede2f8f72985ff067c87
2025-11-01T18:55:01.998593+00:00,6ffe4aff7739625ce9bc3d309428e25845451c2d8065e1032b90bd7005e931ce
2025-11-01T18:55:02.116610+00:00,d33fe5eed318a6fae8e30610b099de6f6407721e28acfd6ba4fcec460c489436
2025-11-01T18:55:02.235660+00:00,cefaf83188a2325e1eb5e08d2889faa792b433fa77f54d4d5755595557555d7b
2025-11-01T18:55:02.357960+00:00,ed0b9ec22356e4ee96838525dffcf5c2741c969907f831597e8c865e1ff542ed
2025-11-01T18:55:02.480641+00:00,38fa8a77bfdb000b2d7d0c090fd2386e50fd6154f56fea4b7e58da7d6dcc4f37
2025-11-01T18:55:02.610649+00:00,f51e90c1580f29ea7c62971ebfa96e156272ca5f117a4f8a583abe6f97845144
2025-11-01T18:55:02.731720+00:00,1f6adef82a8f56e2db3a7a8d48506782abbf28ee18459cda6e267b066e47b6bb
2025-11-01T18:55:02.847262+00:00,d3388b79910e6ca4b5d1d0c83f9299c8a923604cc8d729eafbf539acf3dbaf5a
2025-11-01T18:55:02.961076+00:00,ef6892d36b693d0ee7630bc4db579c8707a2367a5689f280d2157022a891d3a1
2025-11-01T18:55:03.081051+00:00,b14ca9d31ff2ad85ff3957ed0ce1b793abb1d397091371c1882a2dbfea69eede
2025-11-01T18:55:03.194592+00:00,f6c1fa302afde714e1774947d33162a314c1dc0532a2f586fbff9f020201176e
2025-11-01T18:55:03.308651+00:00,48d6a447f34b8550892cf1e0feec4ceceaba55ea51d3214b7ef192dd4503cfff
2025-11-01T18:55:03.429132+00:00,32314c55b1b587f25e9adddbfaee0328a7881a75e9434f359d449a4291384451
2025-11-01T18:55:03.550506+00:00,0552bbe5b7eb48d7cba82beef9eb9e687505e85c841aeecebadd528f4eb6c132
2025-11-01T18:55:03.675643+00:00,2b82d8c3182d5b1247d3b12f475208d20ac162777c78db1c5c83c8713c6bc2a8
2025-11-01T18:55:03.789028+00:00,fd398de907cd924a1635bfc3daf2b8cfd8f6855cde41d485081e1b6de122f72a
2025-11-01T18:55:03.914649+00:00,e84883557f211240d4b3be93062377650e53969e2b3c03e43582cb4889da4215
2025-11-01T18:55:04.027562+00:00,a411f5109340794f4e6e8474b87e8e93f521cf1e744ddaf4f014b3a68e4504a8
2025-11-01T18:55:04.142817+00:00,dac184d6120a01df8add5820c216ec6ce565ed8e81f79cece7a2d7cd56bba716
2025-11-01T18:55:04.260609+00:00,71cbaa0a90d156fb0e4d92b43010b0bf8ec17301ccb2933d16810bc1fb6a906b
2025-11-01T18:55:04.380868+00:00,9cb366a8960e891bc567adf7751872df94731fa0916d41db7babb1226d058738
2025-11-01T18:55:04.496402+00:00,d547e2cbd218a79cda512a1ff9521446c57f62fcdd5198f721172ab4b98b085c
2025-11-01T18:55:04.614352+00:00,4cc4e1c33b34b28596cde00d77401775916858513234da475c94bd057dc8d26a
2025-11-01T18:55:04.730350+00:00,52d864e5fe4a48b75ef078166973cc155acfbca6f75107627ec604f141e021b4
2025-11-01T18:55:04.847909+00:00,9f7fc4da956f17a2130dad9a53bee27c22edce734d868fcb296bedf3e0412efa
2025-11-01T18:55:04.966413+00:00,d726278d81fb77481bc786959beda7253f63172cca13e06a2cf507762759c189
2025-11-01T18:55:05.086355+00:00,ce67e0e3e339ce8460cd653603b838b357280c95fbf24669a5aa1e212007a599
2025-11-01T18:55:05.213381+00:00,790f74adacb21b3bcc5ee1104db0ca7ac009edc5d09ee94ea1f3f0d9525fea89
2025-11-01T18:55:05.336278+00:00,20f3b43ad99266433e91b9691248d87502a87b47079ec59e6c7e36932ff5ee50
2025-11-01T18:55:05.458850+00:00,6da8aeceb6235207ef6f0d45377a37f5dca779ddd1ffe7d66a1a7591da5a51e3
2025-11-01T18:55:05.581296+00:00,ecb554e3a12c56d67c52bd090794e99d2727838773f126ada3298bdcdef4bf00
2025-11-01T18:55:05.706278+00:00,531b5d64b292edccebeaa183bb0a85ba56a41e72f5d545c8ca7f17679e8cdd0d
2025-11-01T18:55:05.829563+00:00,b2aec665fec38e95b2f64401fcaf7efb58212d24200569f46b683ce44b1b0d3c
2025-11-01T18:55:05.955232+00:00,9ea7d8fb185fdf3946009a7bbf83493500a311272e37aaae5893d31cd681680e
2025-11-01T18:55:06.078169+00:00,2b6de10ceb2b342c33693e7af7b24dca0d21294e310463ecd6eb1166403d8b6f
2025-11-01T18:55:06.196621+00:00,baf1bb7d26ee2ca1e5f55ba28df257fab69a3f9088ad1b3536009ed3e489d769
2025-11-01T18:55:06.316355+00:00,7fc5ddb5ae90ba52a42b254aafc874a46b3bc93b0bc6847555fdd360964153ad
2025-11-01T18:55:06.439785+00:00,0d1af5c61e36bad49d5ce29981ffcd2e9034ae17357783b4768e579246666d35
2025-11-01T18:55:06.562938+00:00,a919ff5b87cdf96ad2433d1654b9e5b4a63c315ef103d47541529ee94e003f5e
2025-11-01T18:55:06.686334+00:00,cfa8609ffa238a3dd91b9787c4704fe131d4cb53a3f5c6b7dd6ef141b5bbba35
2025-11-01T18:55:06.802956+00:00,abc3108a07c65c2629079b392fcfc27a5889020a8e6466437bb5f1c0e3b28ad5
2025-11-01T18:55:06.917568+00:00,b7a2790d21fb85d0181ab435ffffef9ebb57c50eaadc737635bfa7df46f687ff
2025-11-01T18:55:07.035930+00:00,5a911f671c0af86b7c85a2f15583aed75002c16400a7903f866e3f6d19daacab
2025-11-01T18:55:07.153934+00:00,aec510ce227dc17e684aa37c39352531d18a677e36ebd25462510d36e84e9c44
2025-11-01T18:55:07.272936+00:00,c6849beafa090216bb147e36327a5afaaf3d5d561b62e1112a2eb3eeba0105ae
2025-11-01T18:55:07.396681+00:00,c35cbe3c8ed718feccdd49a3226cfcc413bf99622f773dbc55867f27874fa44d
2025-11-01T18:55:07.514955+00:00,5436ed4a7faea8431324315654052744a2eb68944f28d2e1f1175537e77fb811
2025-11-01T18:55:07.634294+00:00,0b2b70f9925e817bd11e0c33eeed8dd9cb93b55a82241d679b36cd523d06838b
2025-11-01T18:55:07.757437+00:00,5c7af8341cecc826beda5a8a37911e640d66f007549e65e4f1e52975eef2fe63
2025-11-01T18:55:07.872495+00:00,5d3712b3b76123927a08fe5433c0dd92797294d2a19f94ede8908cc1f3aaba77
2025-11-01T18:55:07.988191+00:00,34a29264c68f154d1152b840d31b6728f1c7189ff1efa02358aa3b0f655863e3
2025-11-01T18:55:08.106500+00:00,83adff6c867c4f8052d67bca02acde320baa478aab96f7ffdcc890e95dc8243a
2025-11-01T18:55:08.228443+00:00,005f06179a2926c35abf98ce19e73f00c84b93495258d1204b464b28d3285842
2025-11-01T18:55:08.352491+00:00,9a15ea05731283c72c523ae7e4bf4d2cf4704da465edef64605ccc8c1b6a9c30
2025-11-01T18:55:08.476447+00:00,f9efadb6837fca22f7a258957789116ed169010274897ca6c8b096b08033963c
2025-11-01T18:55:08.604331+00:00,f3ca3686f840427e9e08e00908c750d122eb9c480ea9374f8bc38f9caf814969
2025-11-01T18:55:08.728507+00:00,5e098bcdc1b62d5c733f0799d8fecbb341dde03b2624255e2677055dfac6bc95
2025-11-01T18:55:08.849384+00:00,c9ecaa11dfb925d40936db05352af2501c51918d28eba0ce33a31d930a761e44
2025-11-01T18:55:08.977284+00:00,24245b048119b5c0a48a8bcb791815befddced8cdff5d52147359a81be31bc18
2025-11-01T18:55:09.104661+00:00,79d372e662f961815c7dc07d030befd7a2b7f1a17e8f038fa837a0927a57673f
2025-11-01T18:55:09.231971+00:00,629f80d998cc35fc3783d398888daf1c028ff85599a05198b5aba6f538c5b675
2025-11-01T18:55:09.360450+00:00,df338ce1b38203e5723409a265eae0bea7530446dd77aa8e10b3d76fe43e1bad
2025-11-01T18:55:09.473897+00:00,779c07c698386effd01aff6757e4538c567d8d4f0831146ad4a4427958f7d1be
2025-11-01T18:55:09.590467+00:00,dba19276d626773820159fe6f0a2504a5057a6b310ff2b6e26209ede4ca1da5c
2025-11-01T18:55:09.713149+00:00,170f58ab0ddae4a5dc744ced70219dcc791a87fae211d88267f2511d33291cf5
2025-11-01T18:55:09.834521+00:00,eadbf64315286dc9e3996e74949e9ea3d564bc84d6672af21b56023a48aa461e
2025-11-01T18:55:09.956735+00:00,4a4597544eef8e2fad153a737d3c1fbb9da09f284a1c42ae0a0384657a9e7628
2025-11-01T18:55:10.077698+00:00,7d905a2e4c824e666fc3c41d5aa4dd88cef9f5032adf27f918e1e1cd00458e99
2025-11-01T18:55:10.196945+00:00,2b29a923fd2b0691e487729e1f481cd8db7f068b3efd7895b21e882ef9cba790
2025-11-01T18:55:10.318013+00:00,6718ea23dbf3a56e6208a28b1bfc4613265b53d3a071e38834296312019507aa
2025-11-01T18:55:10.438356+00:00,d2232d8daa57c7d6e331147505cef16dbcd0334de023d6c334359f7c06122507
2025-11-01T18:55:10.561012+00:00,01300f418000b859c0ca556db2d55782665e55f27db2b75d5ac95449f0b447b6
2025-11-01T18:55:10.684871+00:00,6c71bce716150139ea2c66423dc9729b305dd15ab50376965a1d11bed190e620
2025-11-01T18:55:10.813925+00:00,01b5670e15eef2149027dd429888c68e0d6901b9ad2b1afff7c20a0aadfa039e
2025-11-01T18:55:10.931777+00:00,d7bfa4a9c305a61bc98d9f6bea9042a75ef95eca3888af1669defc4609a532df
2025-11-01T18:55:11.053047+00:00,f0d251f6985aa43a33f63cf8ac8c3a96621757493113bbd59ec014f74ac2f0bf
2025-11-01T18:55:11.176894+00:00,d24faccb40a1d8b109128a8a6bfd3738360c05f3395f1c5ea5b0657179683537
2025-11-01T18:55:11.302753+00:00,3f9e014096c6afb77c6c619003f15e076c23797a96c6130aea82c55a1cb4b4e1
2025-11-01T18:55:11.426827+00:00,3624a5dee1da9ccb78ba1dc3829f2edaef33f40becc682ead64cae7a2489c7a8
2025-11-01T18:55:11.545701+00:00,4203ca4f0b0a4a222a47d20935fd83874b6fc4f442c71288bb45183473b66a5c
2025-11-01T18:55:11.662400+00:00,2a75c87cd78e1146013db2a0e0afbed91b6c0b8dc743f07e446d9110d6167be2
2025-11-01T18:55:11.800577+00:00,1cb4e50b8c8bed37513467e52d09e1cd5885ab09627c195e12013337c5da956f
2025-11-01T18:55:12.081394+00:00,8aac4b502f0f690ca7d4caccc6501a5cccff431c9c205dd3cce6fb93bc056245
2025-11-01T18:55:12.193577+00:00,7ac96235249142214d4ea1c506a1399decf4456cd1a0b6daac9d84149af4e9f4
2025-11-01T18:55:12.307499+00:00,80f66361f959f77e70866932cb7dea883bf242187d292167f23d4dd322031960
2025-11-01T18:55:12.424900+00:00,cc89012299c6c96d7c6bd81447f125e8e9d5253a8836242a3e2d44ade9521383
2025-11-01T18:55:12.544149+00:00,0153c60dfef1db7c381261cfb9ac20da89529b1377f22322500fbf696b7bb74d
2025-11-01T18:55:12.666868+00:00,0b3269a89d5ac3478dc5e02e78a466ad41e5b6dbd5d5db241e50b3a8d15cf4b9
2025-11-01T18:55:12.782620+00:00,ea19e1c9fd5e42098fc0f7fd6d05cf106e5e238289c29f7aee5021054c6c6755
2025-11-01T18:55:12.899126+00:00,1436ae9d267395ae48d33681c8e748e6ffd48d46041a9ca6660cf38f378531f1
2025-11-01T18:55:13.017600+00:00,79da7547c4021a309dd35562b313e7cec63ffc390917673ac5b45dc154d9bb29
2025-11-01T18:55:13.137707+00:00,f4628f005ffa6e220fb59fd87b2928f31f588af6d50ad565845ba33eababf725
2025-11-01T18:55:13.260317+00:00,3b87e923185a7dc9f403001da22ad9040860f459de00f9672424a842038161f4
2025-11-01T18:55:13.374728+00:00,50627d30d899a64673c021c213f0a63b9aeb123ac1528577bb25f0eb5444f600
2025-11-01T18:55:13.491317+00:00,0e327a564d29915440966024d2fa7e566e298666cdf9b674c462cc42be73e0f8
2025-11-01T18:55:13.610293+00:00,9ff9e1ce2b4028405053c0af2818ca9c70f29fadfc0ee4a795e6e31aa94ff7e0
2025-11-01T18:55:13.735174+00:00,2428c1afa1ae868cd1377be4d4722c2fc72935dec8d217e203c93289d8f064f7
2025-11-01T18:55:13.863146+00:00,f5ce7106308141ae27e1c61dd03bcbd0c90dbf564638e0a6173c26c6b97863f2
2025-11-01T18:55:13.979556+00:00,5d685e9a43597fda7d5d22a104f5b3541b8ee4f7b593ab1e5b5657e8f5fd7a85
2025-11-01T18:55:14.095341+00:00,c3bb1ec2c15ef5b1c176a779e8c3a4b8284b7a9711d80710a63006e2375ac2ae
2025-11-01T18:55:14.213900+00:00,d7577ffea274696aced415e85e66f787ecdc4d08d639c7ae7d23a1d78b095eb6
2025-11-01T18:55:14.333959+00:00,f7377653cbfcfcdd29747228cc9a1cce3e97b9d3f9d128dd05f9a55e0286810d
2025-11-01T18:55:14.450915+00:00,6ee366cbc6b5e589a8978a96763c0c2204ef6e5d23cdea8777f8819140dd5590
2025-11-01T18:55:14.571344+00:00,5099837914c8e1405ed214ab702d0f868773f37abc9f6a65d1425c9f93f5795d
2025-11-01T18:55:14.686255+00:00,b35bcbcf9059ea8d521505c5df6ba54dea42eff0d0eab9b5d3a32560f7d2ce67
2025-11-01T18:55:14.802955+00:00,e6bb4cc3a46bda00ccad2d5dfefb7a57580eefc8808c51a2be2c1482227844c4
2025-11-01T18:55:14.923487+00:00,708ff3cf16253fa89821762c37910a7e3001916de5735ad2ffd102134efdb5d7
2025-11-01T18:55:15.046704+00:00,f319c48b8c64603b310ee2c484bdf3295f80277857fe92e63f5f710767fd0d88
2025-11-01T18:55:15.172351+00:00,7706a2e20d7898355cdd4d0c39926b73debf46413e0861e29bf95fb229bb11e6
2025-11-01T18:55:15.294413+00:00,d8e812f61423b317808c3b937d4b6d222aa101a3ba8aa948f4d4f70f9aa793bc
2025-11-01T18:55:15.416254+00:00,dd7a21d10b010dc1a2bcd20ac088361afd1ba3cb6fa28ad58ef6a085cbb42597
2025-11-01T18:55:15.542816+00:00,a7964aad211b208e4f983f5b1dd2095f82da432129a8b66f731576c6a2d18141
2025-11-01T18:55:15.665359+00:00,848b848f552d21ea57dc9cfefd3bbc6bcc95cbfc3d42b8255ed78ce2135fb761
2025-11-01T18:55:15.789933+00:00,0beb0f6f8b660faa1d221a462a3d429ad722d7a54dafa01271c15d4cc52fcd4b
2025-11-01T18:55:15.903554+00:00,4595172f05550aa12117226deb87104b7547112251c04e2bcc35117cdaa1a2c9
2025-11-01T18:55:16.021871+00:00,66d98f610ebe1a9ca8bd38d1f411f373984c3ea1f530eea6d0a69624f7ea1fe1
2025-11-01T18:55:16.136629+00:00,e8ca566c7bf9ebbe4ed0a5af4d809cfeaed35841f34d413d36c7ab7bf9cda856
2025-11-01T18:55:16.256508+00:00,95294ff1f67160855f1dc384ae0917da7bae5971c260497d3d78ae7c83a8fc01
2025-11-01T18:55:16.372841+00:00,5effc04827fd0d6ae97d011eae09a3b0613f6debc6fd05dea7c8d8b48c4dd542
2025-11-01T18:55:16.493489+00:00,d53cb4431f77d45f32c764769cbfa28d52f0fb1b0d10d9a016cb9f5e4eff5d49
2025-11-01T18:55:16.612045+00:00,350de2333fc9de7294e648b34ecc75e488423a5284854bdc7593b1d061f133f9
2025-11-01T18:55:16.728198+00:00,f5e055f5ae32e580b0bef3495d7054123b9642ce3ad73cf9ccbfbfab254718e9
2025-11-01T18:55:16.845354+00:00,9d609cd190e2f9b083cee2eca7b20d60f3614b9635548fa03b2086038c212ef4
2025-11-01T18:55:16.992778+00:00,86887488b82d3ff25b815266e38bf1ea05ef117b7b342b25a4a9fb076719dc26
2025-11-01T18:55:17.108981+00:00,e19639ddec19d14546fdfe1beed46e73a61327c14f906c29865c3f6a2a0c24ad
2025-11-01T18:55:17.224908+00:00,bbb3bc587e51fc5b5b7c259d0cf5dedb639a8fbff32f6e1d95affae6ce7d900a
2025-11-01T18:55:17.343474+00:00,3e8f23a24b4fc2bc3cf5d4dffe73fd91365e9e0df7a975d6a1eaefce5f04eb1d
2025-11-01T18:55:17.455978+00:00,d028954cdc59c1fba6e5a1bac1dfde47cd159eae54371afb2b6d5aeb55c35140
2025-11-01T18:55:17.569809+00:00,b996149b37b6c4f0123d71d0899e9f0bf73cc402080dbac372ed778cfe613aac
2025-11-01T18:55:17.683877+00:00,3619eebba26d3e7110888bf44851163ae41b96b63273497e9ec4860a56e5dec6
2025-11-01T18:55:17.797216+00:00,a07c9773ff4524607ec53f168f4d51a8f82157fbca83fa8506d7b7223401ca14
2025-11-01T18:55:17.911763+00:00,76c7b3792cfed8baaa96437e468cc02e66d1ea086c3e1d6381d5dbab57574910
2025-11-01T18:55:18.025970+00:00,ddaaa0347056d3cc47b09266235394c88972561dd281fe56a522e00d759f8051
2025-11-01T18:55:18.141263+00:00,742fbdde3ff40dd8382a9adb39cdda98880da76e1d21541705f2ed85cb8bf323
2025-11-01T18:55:18.254512+00:00,a23a24c3c7fa2438579234c5fb4f053c610aebd920b179f787c6296d40bc6872
2025-11-01T18:55:18.372483+00:00,a44240862a9cea1dc483a282622291e52d7049cc139d3a804489c91bc51a89ea
2025-11-01T18:55:18.491855+00:00,09029f6b95ab444bc1814f8b80d0967fea459146171cb3b45f9d1d49b0c0386c
2025-11-01T18:55:18.608566+00:00,e72e577de67fd3beba7c3d92b20200e0a4e4f1e4dada074a065fa6a17fb77043
2025-11-01T18:55:18.724350+00:00,5cea85763c2d908467f5a02aeeae93894b0e6a2512c455f293642e0a005a5b76
2025-11-01T18:55:18.838031+00:00,7a7d78a736a9b7e8cc7754b5ea40fc88b3eeac76ee080dda7d4a3d986d3cea2f
2025-11-01T18:55:18.953239+00:00,6ca14ae5cd761b68b858ec96d9455147846eb8148e7046f729da074cfe0ae51f
2025-11-01T18:55:19.070540+00:00,41a2fff7cd9769a815d4e43d3d609540929aadd7a2971b19e89c9a3ac7a4919c
2025-11-01T18:55:19.184771+00:00,0068e7115e16a74f225cead43449a5c03926f61bdbdd3972a8ec3625a259f419
2025-11-01T18:55:19.301364+00:00,4ea9eaa0f15e900ae85aa99226bc935098955ae3bf03c22641c4ff27d147818f
2025-11-01T18:55:19.414669+00:00,f1291c8d2cd87e61c21b42855ceecec3154504c6cf7a162d94bcdb51271a90ab
2025-11-01T18:55:19.533601+00:00,03d52b993d9bbfafad0b55267da9236cddde5a4684616ff72aff987fa55f64b8
2025-11-01T18:55:19.648829+00:00,2cda8b9ae6fc4ce213b5b64c6890dd995812a6f4446343f89806221ba00942b6
2025-11-01T18:55:19.762758+00:00,bad842c2ffb9463577ab74a786bcc510b990677f19a4d58bdd7256b3d9172ba1
2025-11-01T18:55:19.884324+00:00,1548697b7b9c988663d0d5fc38043f2cceed81b2c7de0ec582ca9f900205b3e8
2025-11-01T18:55:19.999152+00:00,2ac158cd53287f16322b59c19fc354e7de6ca1f0658b62c3822b6beca3e7c4fc
2025-11-01T18:55:20.116795+00:00,faeb21d74b02f236288aad21f0305fec8b9a4387eec7bf6e2395af92c15f7e15
2025-11-01T18:55:20.230298+00:00,a153a339b055d2a489b43ac14978629f42192a4a702389dc431e98c0253c4480
2025-11-01T18:55:20.348993+00:00,4ce6cc8522daa3917e7273cfcc442c3d12b77cb6fd4a215dc0bfbaa402c9bc86
2025-11-01T18:55:20.463995+00:00,785ea7819903b8f0d51fedea64add7f37a6db95681caced9d09b511964d6b1dd
2025-11-01T18:55:20.585636+00:00,a4b1f6d16a4838fdb258ab17ead1548d366847a6a5b4637f9205fe0c894f12ae
2025-11-01T18:55:20.704776+00:00,9b502bb98403af4b109efde9aff0a5ee3cead09b3f8d8bee24249f6be3ea20d1
2025-11-01T18:55:20.824517+00:00,0f4d69c417d127359aea654a4f159c75220a9c34f2d61f550520cd37de3bfaf0
2025-11-01T18:55:20.942126+00:00,386b0541f24ad21dc18e14ae91c907813f0a3903aa759a3d77e591477eadf608
2025-11-01T18:55:21.063664+00:00,b01cd7183eb122e2e5f5df8d44685bea0f9159589f23ee8d41ac7ee2a70ed52e
2025-11-01T18:55:21.179957+00:00,3aa9a20513b9a23c414148b89bbcf566c43fe5e68610892f6c40fa23699b59e0
2025-11-01T18:55:21.293770+00:00,0d6b8429fc7e4762c8c641db9e043c5fec030d18d13bf057dddbb678c7a4a333
2025-11-01T18:55:21.418729+00:00,574da974107dbcd93124e7adf8c7c8d9f09c8a82d7bfe234e3fa14b84b474dcb
2025-11-01T18:55:21.538502+00:00,9e7ae000f6f7de76d3d663dca517c2db03008ddc3855ec850c92118c412d2280
2025-11-01T18:55:21.659919+00:00,e309827379d2f49a2be78d2c3ac46a6a3a105e3270a76affb8862b25c22dcb31
2025-11-01T18:55:21.839692+00:00,c2573a60565a517d3e0bbaa6104b239d9035d471dadc45f3a60fef373176f171
2025-11-01T18:55:21.956349+00:00,95491730e1d51f7119bc9e8478601e9a375b7cb3b020537d50a1c7443c1e660d
2025-11-01T18:55:22.089004+00:00,70b91539efa3a79f66e2959156365e1e55cacde2bdd9bedfbc2978fbf999c501
2025-11-01T18:55:22.210632+00:00,6c87e082dd5972efaa51cfe193812e7f02294f52a54c8e8e793b0a058a664487
2025-11-01T18:55:22.331190+00:00,633ef31b588f5d206957d74867423a76a28431a5316a72974b48687c989e0608
2025-11-01T18:55:22.450023+00:00,59ea0af07f993dbf62db0b192aace00d243973b87799823e7e7d8deca683245c
2025-11-01T18:55:22.571054+00:00,3a049b3c498efd18f737b95f2c9ea5e5cc098df9096287de2872a2991cd522f8
2025-11-01T18:55:22.689298+00:00,e8485ccd7e767b7041ab88541e980db31b6babd9e8f60307d644b165aa69f2af
2025-11-01T18:55:22.805433+00:00,9132e30407ad890485a3999dee67d633b5436714d59502ee0ed08d4ba7d9ab79
2025-11-01T18:55:22.926207+00:00,81a21601449aceefa4d94cfc33a12530aa778026c9ed3598a87b1247ede538f9
2025-11-01T18:55:23.050241+00:00,8121ec37ecdffb3d5989eb416f7296897ff9186b4637d6de8c93c21d7774c513
2025-11-01T18:55:23.173160+00:00,474a779f55e4d69fc0e420dd10050fffb3e0b27efce75b2f32efab2d4ee8f7c4
2025-11-01T18:55:23.296887+00:00,30ad509d2c70e72e24bdd1f5cb97b00cd56dbf8c5ed98f778c5c221ad3e6c338
2025-11-01T18:55:23.421180+00:00,d3f5ddfe767ea83ff39460f88e783f27fda03fbcd529362e920feb2baaad9b2b
2025-11-01T18:55:23.548576+00:00,9d3453891f970cfd36b184f994be2f5262b9ec1940f5098290ef67e6e7b7864c
2025-11-01T18:55:23.671227+00:00,07b1728ccd0a93a098dbe6f5f81bfa80599f926805773cb92fc8058dd5c4a851
2025-11-01T18:55:23.799287+00:00,4a4a11a2ebe337ebdeaa2fdb8c12eddf595bd5a618ec5afb320f36ba50b6b841
2025-11-01T18:55:23.916459+00:00,091c2c8069a6070e12a4075f9861c3b51af151657c3dee4bb5430634f7836fd2
2025-11-01T18:55:24.031660+00:00,1101f8e99873ea69c681af95f048e3130df216e417aacb5880b0f5900291937a
2025-11-01T18:55:24.154722+00:00,386ee670fd34496ab36429ddb23d1a4e6ab2009bfd2b8726bc2b2f5ea146975a
2025-11-01T18:55:24.274996+00:00,1f7eb6c42834c0fb40f473a0d3c034c7ac614428baa0bcce0d1a030865899b73
2025-11-01T18:55:24.412123+00:00,4b43581599bff2f4fd1e2b21cb63f00ebd68fa2c0e97eef70568d8cfd65e2151
2025-11-01T18:55:24.532419+00:00,a65fc8298bac88e2dbdfd31a1da89f1a2aee9cc0a30574a9f9b8c67b92279656
2025-11-01T18:55:24.654895+00:00,f08fed4a8b751a873cff812348d666c7c725967ae06765dbdb75a160dfe816b5
2025-11-01T18:55:24.773148+00:00,f2a915e1be47a4d117fd21c816db97a288bc0c55ae2711272ac90807d5a897cc
2025-11-01T18:55:24.898731+00:00,c5236fa17e038dfd943bb3d435700c8dc30faab0e759590de2054a87465a242e
2025-11-01T18:55:25.021175+00:00,683508eb6b7958843c3d5715737c4bb95bfc8503a77fe3df65d4c58c74da88a0
2025-11-01T18:55:25.149235+00:00,597760aed2d8a274609e42f506f4176791ae69b719d46bbd6cca8c81f0632750
2025-11-01T18:55:25.286416+00:00,81930412dd9a65fd3e5e69fb995caafb409d80f5abfad88f60d99e28fbc1a316
2025-11-01T18:55:25.413596+00:00,5c44136ad7a47bc6b4141d998e9455b67195ef1ea4037ca78ccdbb74d9c788e0
2025-11-01T18:55:25.536406+00:00,2d54f031822ef9c917fa1e6b0895f8d60742e6d78c2838951d7da695adae6e8d
2025-11-01T18:55:25.661995+00:00,f54b9f6190e7539b960fc7a5cca8a9eac59329310897ef82fb93c0882726b775
2025-11-01T18:55:25.799228+00:00,fe07d459abbbdff1a87f1ec5decbd71dacc2022f5c0827054795424c4ed10119
2025-11-01T18:55:25.925871+00:00,5e82e9fb56b9942e21667627ed4c400bcb8850fb7b42db0fdf0de1bddc8da679
2025-11-01T18:55:26.052471+00:00,25c8c08dfbdd9e3c6832cd59efc3628c7abadf3786719ac56eb49a6b765ddcb6
2025-11-01T18:55:26.174580+00:00,91cf998c91b4265579d6c46e628d0c51a5dbdcb52e9c3ed064dd34606605ebe0
2025-11-01T18:55:26.305493+00:00,1fcfd823041b52ab5883c79718fc97a5bff2443191a4f6eb27370413e3cbfa0c
2025-11-01T18:55:26.439613+00:00,439794dd26f0d88d8524cc85637b88ec9cc81a146434596951bb0acdf71f7c37
2025-11-01T18:55:26.560418+00:00,96cba9d6c1d7a3a63799769fca6b8788d82090e3d565c1475bce76fd065fffb6
2025-11-01T18:55:26.685390+00:00,9fc51faccf2e1e3aedf2de946f65c836a865aaa9c85645df7f9566e7415414c7
2025-11-01T18:55:26.820910+00:00,ea73f2c399b87ca690940d27f973a9bc2fed7742f503c384e53c5a30722d85b2
2025-11-01T18:55:26.943627+00:00,ab4844b1a97ca20491ac94710015bb33aca76d9dc999da5c663f075a15a65bb4
2025-11-01T18:55:27.074914+00:00,6f60c0ce5e8b607445844454f64e0f9c5c8754d8d41adb23e92d45d21bbb6e41
2025-11-01T18:55:27.260561+00:00,2950855df8c63643081557502862a3d58ad4e7bab229627abe27b1f402b77e40
2025-11-01T18:55:27.378426+00:00,a6089e3d930909475db8b82a0f66c2c41f0f9fb6edebd9baeee18cee207ef6b8
2025-11-01T18:55:27.498685+00:00,3686481f7b921754ed1593b88c467fb9dc1ef055f694ca8dbab6a747b2ce187e
2025-11-01T18:55:27.625739+00:00,a4ccedc0a740739ea42c3f4d65f8cb1a6352163bbcab8f36c38b70f1d6c6e7df
2025-11-01T18:55:27.748534+00:00,3f8bc855654936401603c5e13455d2b0c9dba732c22ea332e7385e2d9f814c30
2025-11-01T18:55:27.868856+00:00,ac0c1d2abb85aaf35aea82638d84f711853aeb3998516fc2b48d2b939d479411
2025-11-01T18:55:27.995551+00:00,10723ec291df729b048e17e354bb30f32542d22086db829032759c062ec109d3
2025-11-01T18:55:28.117678+00:00,a010bf2f758ee9d498476a2458119a4898bbb6d19b5cd9492a90de6406f6133f
2025-11-01T18:55:28.241402+00:00,8473a448854bfa52319c70379ae1e6c49ad5ad4abdd2a14926be7e03ff7f4a16
2025-11-01T18:55:28.360200+00:00,b1086440ff83a3ed571502d840b1ab349407e65b79c235a7dea3521f04239e81
2025-11-01T18:55:28.485014+00:00,9a2896b14acab60fe9df7bb37508c27433415cec05e9f5ca4b8f5233551c9650
2025-11-01T18:55:28.615486+00:00,43039a4e3ed6b8b873fe688e60223adf697f78aeb198b20cce02c345aa7bbef3
2025-11-01T18:55:28.743355+00:00,43125fa7260b3c2da79369cc767e5fa66bf0964f2214c03019c175473eb10c8e
2025-11-01T18:55:28.864216+00:00,d3d3ce4639e5710c7deb4686df546303e6d87010fbd40c24348488bf96421c19
2025-11-01T18:55:28.984515+00:00,d3eb8d7390347dfd05f195026d7c0f2a8a9d0eab9d635e58ca83dfbab5dbfe77
2025-11-01T18:55:29.119312+00:00,42d8dc9e1b8973eec154ce2383c1b6321b38c54fd34c65c2cba32f888d417f9c
2025-11-01T18:55:29.247476+00:00,74a11433b839bb52f2319f27d5cd8c56fb4003525b5ca5e42d09b242f45ef10a
2025-11-01T18:55:29.371010+00:00,7fed2a590885ca4f421c66390c08b57747eb01581045a407dec28a6b4a206cb0
2025-11-01T18:55:29.493409+00:00,190ca414391c7124362e5a002bec64287e2b245285567923c766781823fa60c7
2025-11-01T18:55:29.626713+00:00,288863a04f55cf327032028dab34fff147e97a5d7c2ee1f5728e20cf4dc11791
2025-11-01T18:55:29.750826+00:00,375b238dc378192be705ea6f3c039014119e1da91951f3249e0a0307192f39e3
2025-11-01T18:55:29.876548+00:00,fff935f8616507b4a89db1e53c469491e00a6a3b5c600d5b4f7c0c773815c4cb
2025-11-01T18:55:30.003256+00:00,ada4ec8b37eee854003890d74ed7c52789de60dce775617ee88f3e8755660257
2025-11-01T18:55:30.129334+00:00,334f8ab9b32108333e59353ac55ae490dbd9619efb30c0043f517a87a9e45a57
2025-11-01T18:55:30.250365+00:00,fbbd14a84228cc8fc8f8d65e795229798292431da2619f6d7001b5bbf47f9dab
2025-11-01T18:55:30.372741+00:00,8949ef3a855c20f1af11340a0261f1a7d700b94faa6acb5f3c85cb6327abbbec
2025-11-01T18:55:30.496365+00:00,39c5074d9ed951790238ab36fc45a7d6d1447c61aa6918a19914c39356d49976
2025-11-01T18:55:30.627230+00:00,4bbf41ba9b8141821a838d297187f8bfce1040722f839cddeee2c1ee41b12177
2025-11-01T18:55:30.749977+00:00,628dc388f74775c0f4d14ae50ad079a15f432ffbb6533769c743427df4395aa6
2025-11-01T18:55:30.877210+00:00,7d5ba6c0e9c79b68196945301946763cea8b1c5b51f03d909dfd0ad7b1ea1379
2025-11-01T18:55:31.000767+00:00,08a45e9eaf6cc4e742593b7aa79eb28c979e21b908eddcffdb327a088a073f10
2025-11-01T18:55:31.128621+00:00,2466fe021469e29bae85071d39d7cba9b0bff97de8a752f46bc01e8d0509c97e
2025-11-01T18:55:31.251825+00:00,cb0ab8efa46f0c6d56b864b66186cf1817d653a75c23fbcd09c6db9faadc039d
2025-11-01T18:55:31.381962+00:00,54c145626d7faaca96337380d32a803f939030e9fb2b77ccdc66b033eb30f567
2025-11-01T18:55:31.508057+00:00,f0c2c0a125aea188628261e10fd98dd944a3c696b43a6634c582b557a3589c62
2025-11-01T18:55:31.625814+00:00,f9c9ee4f8d0bd3d6502d655f01dd335f141ddf34f18e87f8a4b30c7fe13a1ba7
2025-11-01T18:55:31.753876+00:00,15927e136011abc04a08f3b5263c71299efd69eeb622f2a035eec19d58c8a139
2025-11-01T18:55:31.871510+00:00,709e8f10426a8fb95c9db285d8fe8b78cfce16b3b12a71871745920ea30396ab
2025-11-01T18:55:31.990204+00:00,5bb0b9e40fe618f52b128b70ec2fd6ddd37e11da03ed2b84fda0397cb7133670
2025-11-01T18:55:32.108177+00:00,2e28cacc0ff5d99e0519e28253ed0a2df0bff3a45c122094e309b4869baa4388
2025-11-01T18:55:32.255719+00:00,fd73df9caebf7b46c16940204be2d49b9feb11c1c96f2e8a67aaec103e5a7c2a
2025-11-01T18:55:32.372818+00:00,c4f5717913591235412c13d9763a5fd130cd3e83544b07dae4406fac2403665d
2025-11-01T18:55:32.490739+00:00,f2849174b6d3b574ef64d30758d04dd238e319565ea8081b48a5bd00a43f4c3f
2025-11-01T18:55:32.611675+00:00,1b47ae488143b264cad18f3cf540d904abb13729a0e83459ec7d33d363999b2c
2025-11-01T18:55:32.727734+00:00,35d33df0fa1432d64dc5ca14441cd58d4d906c2f8953f786739893142abd878a
2025-11-01T18:55:32.842995+00:00,ffba7c59511e9ac7450a1d6020cd1ac385ec285bb31680e2afda1b020441f8bd
2025-11-01T18:55:32.960008+00:00,1d48de0168dc1f4705d9fe6159b8d94d15d1108fd7a9ff44baa185890b52a168
2025-11-01T18:55:33.081821+00:00,f0e48536c9d738bc454bd3621d1b94aee9554fef61ec17e1bfc4baef13c7aa90
2025-11-01T18:55:33.203588+00:00,063985a7c5feb753b363ab9d6201e1bfa8e7fcc4fd867d863596c25beaa58d4c
2025-11-01T18:55:33.323601+00:00,71c9c00b220cc5bb7018b62c8f2b09fae15e5c387c11aa62d2b1bd37ecc49ce4
2025-11-01T18:55:33.440920+00:00,67c97d9ed848c5856fc7f4d64648e6b9c0e149af1ffdadc8d21ceb84ed043753
2025-11-01T18:55:33.564006+00:00,9209a87acf8077e14a33a3aac75c722916e011743daef7e2ddfee54072fdd4dc
2025-11-01T18:55:33.690861+00:00,2c8c49f56d05d56af84a1eea96a4d8f41553130550e33712f42a8cce2140bb63
2025-11-01T18:55:33.831266+00:00,aff2cef68ef15b0c99d9e994a7bd817601c3198f9f30d19d5dab9d5c264d209d
2025-11-01T18:55:33.946940+00:00,1e7c15f155eb3890d60db6e87eb7c81b4ce51bedcd285523c63139999e56de92
2025-11-01T18:55:34.066534+00:00,343ff7b541ac31e90605350a61dc9ca81e23691ea5999e8da773711eee02c8a7
2025-11-01T18:55:34.193511+00:00,5d47dec830688b853076dde8b2d20f01348abbc65d58fd9746597fd852a33f3b
2025-11-01T18:55:34.314213+00:00,6a6f7b5e47382b4a7dec9bc019c627225bb4a3e42d44f6e5dd49afd14ac450de
2025-11-01T18:55:34.431248+00:00,03bfe9915f61b49b8ba1ba531048733eddaa5a651d54b610d18dd264d4c8f2a9
2025-11-01T18:55:34.551531+00:00,977baf0d412a2a0dba31db8ba6bbf75df75e6e423f31da0eebeacf8c202d4d7a
2025-11-01T18:55:34.666516+00:00,52d6b755eaf142194f1defff41d35b1ea20d368e8fd41fa9c2c7584cda55a4d9
2025-11-01T18:55:34.785737+00:00,a4683ca83faa742174963264ff236a8d041b4f5b2c6bcd8c68072c41d5dcdfa5
2025-11-01T18:55:34.908133+00:00,cc038dd45471750de65da0681b89b16fdef71f913d1f5f769513879e953ce062
2025-11-01T18:55:35.036414+00:00,8337499e5f28e2920741d2d60c828be5c01219306766b01ae036cc055d794a5a
2025-11-01T18:55:35.163507+00:00,afa6a360c84f66c07cb10d4c65155d6e46126df40966227b8345e90c72596945
2025-11-01T18:55:35.295012+00:00,8295dfe8575b2c4965ba3a4a624ad94c0f0306075fc7eb7bb310ad15cb0bf162
2025-11-01T18:55:35.419310+00:00,51b42837c73b79f4bcb62c54bd0014e836cf8cf242bc44e3a866dc52384cb1b7
2025-11-01T18:55:35.543751+00:00,bc335280f2447fc7ba9a5232eba25fbfcc964fc0ef1ef8b1736afb6552dacda9
2025-11-01T18:55:35.669289+00:00,70c542f131ea1f3a0eb24fbed5bca480753e4680f1fa934dc8f583be173447fe
2025-11-01T18:55:35.801570+00:00,7af0a25187f0540274c3cf232eede8e0f6535a011b46ee39046d7a1bd28633c9
2025-11-01T18:55:36.075644+00:00,7dbb63d3e7a0df535da9ff4940686d2741126d0561e2b6a391535efcdaebee60
2025-11-01T18:55:36.199621+00:00,a1b3c80185a1cc8584a494c4b9c07cca3124c5c52ac4d512df74ba31519d1dab
2025-11-01T18:55:36.319024+00:00,9a5a87a086984091aabc099e02bc3add4c12c39aa1d6adbd1d46f222a7c53019
2025-11-01T18:55:36.443982+00:00,8b1af1afbf8ec1e9144d53513905ea433ea6f68e5d33bfc212bb1a5cc6900ca4
2025-11-01T18:55:36.567708+00:00,ee2f3e6a1ba3299c304a2b67486d8594c4e62849b50e8a773e2ce933186d353f
2025-11-01T18:55:36.690392+00:00,e67fb05e85cc6175e47e480dc5db4e3970c4b26269c59908f487ba548723cfe8
2025-11-01T18:55:36.814543+00:00,78257bd970a4aac255aa6f1926df76044343f296f821266010cde27c23b72c6e
2025-11-01T18:55:36.940207+00:00,441147cbd15b3dae0e2c7b74761eeea79d018fd77bb939635bbf3f634ebe5388
2025-11-01T18:55:37.061429+00:00,a32e5ff5e0eea4cecaa6a55474aede6d2c17026328551bbfd4870b458850cbe6
2025-11-01T18:55:37.191036+00:00,ed7b1e4c9d2b23539abc4d2954190e430d6388a6fe9532ada21ba8ffef5620a4
2025-11-01T18:55:37.401219+00:00,f0067c0b561ccf60e80913865c7e641f399a347580743574965cda2292a83b5d
2025-11-01T18:55:37.521911+00:00,93a54787d60ab3f4908a85d28bfa37f4b07b3f6a1e911354bf07b4146e2c22e0
2025-11-01T18:55:37.640872+00:00,562f14f1aec38b741e4c1ea8e877e943277a41a1c226a2f26ba5f1dbc7816b69
2025-11-01T18:55:37.761112+00:00,b7aaba14533e853691d933f948c0e502d17ca38ed10a21e5dfca7df004848315
2025-11-01T18:55:37.880980+00:00,23c859c00a9c07c5d90d82d17eb34da787a85658f2cc6fa302afeefdac93cb7f
2025-11-01T18:55:37.999133+00:00,b38b009d9db37678eee2858c2cfdb124de3c420f08667134984276b465e777db
2025-11-01T18:55:38.120459+00:00,ceee0fdb0085000d7a32b494f68194023589340b1aa8315e366357ef6980e57c
2025-11-01T18:55:38.244004+00:00,68ecbcf31389ea7430727f1393021a8e64cbd75f5a691e9fe448ef1ca9075c6b
2025-11-01T18:55:38.366828+00:00,4ff7f8d368c88016baaadb872095f8d4b70a5b9047f63d92ede3a7f046374268
2025-11-01T18:55:38.487006+00:00,caccb9a0616c587c551121f9d2b25eea935276f663a4f594e7f200b4cbaa820b
2025-11-01T18:55:38.615818+00:00,400d1df0983e24f154ce1a12eb259bd2de454e715142bb82742f26b3aa96469e
2025-11-01T18:55:38.733385+00:00,5f1398cd36de67c53041fb62b74d09f5030023e1fa9d0e0032abe59a69e140bb
2025-11-01T18:55:38.850375+00:00,13d7f5d639025b02d058e66191a57a130febf7f1e91fa796fe7e61828ab86aa9
2025-11-01T18:55:38.970871+00:00,db7edd16ed43ce742e6a396091dd2bef0cab7afae5e07eef77fff1e66fea6a30
2025-11-01T18:55:39.096013+00:00,1a4dd4c9c298cbc643a8029bc8d184b4e10b4532012aca9564f4e532268fe363
2025-11-01T18:55:39.220532+00:00,d9103285c8f495a2bc48855ca706b30c43086a1ce5166016969aad0121f27df4
2025-11-01T18:55:39.347620+00:00,955198c83ef46feedecb09524e6ef2d5f3648490ee230f270a1b618edc7e81e0
2025-11-01T18:55:39.470089+00:00,f5f68b3178a2d6548ce9e3f660734651238563e32b364f8c224af6d1236d86a0
2025-11-01T18:55:39.599751+00:00,83e1519e39a4ca154a76fd18eed66c187d0b44a93d9acb1d427bd4b79a9c3b7a
2025-11-01T18:55:39.722123+00:00,7dc34dc504ced538ffde1b9a9766d24a5ff8c2e9952a836e26a7dda9c61dd3f8
2025-11-01T18:55:39.857877+00:00,ded13bebcca9d87ac3be7e7ea4303e00e5682b8e8c0cefcd88048927bdeba524
2025-11-01T18:55:39.983538+00:00,d5c5528e24594d42fd79cc2119f94f8be1d5639e9234d996b10758ddc01c2ade
2025-11-01T18:55:40.112855+00:00,91248719a327e18b5f813fd65f8897c3f85af4656cc5a7ee973cda92fa00a442
2025-11-01T18:55:40.234057+00:00,b1b9c9fed14189ed7c1fb3ecc866ac2eadc9da102be958f71de234f13c3f198b
2025-11-01T18:55:40.361547+00:00,0a85fc96feb025da108a506a35060482836e05a9ea4d489aaf4c25b3a9eb033e
2025-11-01T18:55:40.484262+00:00,c1d6b19fac0abaf7879615ff7bf185d1029f7e9e886ae2c79e382679fc3cbc56
2025-11-01T18:55:40.597581+00:00,31882703ff975fa0f983c25568366782541d25de5d215ca5d67135f586a146cb
2025-11-01T18:55:40.712707+00:00,01348f01a9acbdc0572fc233ba2d0255bc585bc079e047d3cc623a621b19f8cd
2025-11-01T18:55:40.834339+00:00,996931500b85bab1a3cbc00ee734587b6b16cc1987a7e831876e5b2cc38a5a58
2025-11-01T18:55:40.953788+00:00,6bd42325210083abf06bd3a75b1df7183ae7fa2543c48f2b0fcb3a766d5b4d72
2025-11-01T18:55:41.073636+00:00,fcffc93bb54573e156c31229758f9142e31cc91179ad2911c8d18c22e60883a1
2025-11-01T18:55:41.194623+00:00,6744725e2ec538bec0d96f2b304b84355ff058ff4c40aa0cde964f7090ab3552
2025-11-01T18:55:41.313544+00:00,9ba196c3be9d1038199eef603881ab62b0bffd2f0937361184373aae2b589c33
2025-11-01T18:55:41.436236+00:00,c236698ef27d6d0c3fc98793589ca204f1e2e990f00333b7eda3e69a2fb82954
2025-11-01T18:55:41.558741+00:00,b32eac8c5baf2ed7bdd62456f252f84f18eb8dd0e3d8fd4d1e003fbf2bc9e89f
2025-11-01T18:55:41.677659+00:00,02ab1c1ef9e4c156b5231af10829eac3482f0f2c405e51d25dbdca1684284875
2025-11-01T18:55:41.816216+00:00,97655b601fd1f97eeacf5badc036cda8845f5b8ff55be475b6e3518eeed0c5b9
2025-11-01T18:55:41.938814+00:00,d059bd0e56ce34728657c0971483557ad3750a533d2b658b313016fdc5efe00f
2025-11-01T18:55:42.055934+00:00,a92f526a2bfc45bc18b85727fbbac45791606111a6aca9d57c6067c607bb0b2d
2025-11-01T18:55:42.173663+00:00,af2ebe5a97dc446dfab486b355f9a9c9b698f5a4febbdf3a4ddde27646c5c22e
2025-11-01T18:55:42.293711+00:00,7c8b4a751ad705decec12f13498904465cbcddc3f4265c13f98aa2b4248a4f28
2025-11-01T18:55:42.414660+00:00,f1100e72ce88d1297ac0fe7d2bd626b633065f3c66e230b65d669d1b1e6c14b5
2025-11-01T18:55:42.527531+00:00,45eb1041a02227724a807c365246bd970e32b48ede19590c19a9014e313d319f
2025-11-01T18:55:42.671566+00:00,a41b97e4ecf15e1857b3e687a0d402bea45ecc58e8ff7dd866269ef574be1951
2025-11-01T18:55:42.788549+00:00,a7ec991d0471e636d1b6bb52d6a56306c4ae180a94a968349a9e576cc1fda42b
2025-11-01T18:55:42.906542+00:00,45b459eb54f2af6f9111131b6d2f2c2467d9012bb2df67394f234ad2e7da4830
2025-11-01T18:55:43.025836+00:00,d70a1405eafacd1ca68749770ca0e0f1a78020173e2c5d2d3ed493db48452e29
2025-11-01T18:55:43.143540+00:00,fedc5ecc3f2973ef061ae2bd7ae3c576379625dce6ce7934db0dce1bd5068eaa
2025-11-01T18:55:43.285488+00:00,a6e63840846f794708eb60da3ce67b4cf53bbcb9f203a286f195237674abc2f9
2025-11-01T18:55:43.401001+00:00,c2e84d946f19ccd3d23cd588986e7522ea2c9ae94660f5e45788c6abcf2ab0c3
2025-11-01T18:55:43.519482+00:00,df8f8f175773a825fb4285941f694ba2b90a729ba3484b0aedb9c18327754bfa
2025-11-01T18:55:43.640303+00:00,efef69efa4508f9ba1b492e0f4112742000d18bba0fbdd25d48d760ed16bc634
2025-11-01T18:55:43.756992+00:00,562e85b13dc87401a3751e89e4c305760c7b5f8b84f34c2d6be93cafa5323111
2025-11-01T18:55:43.882827+00:00,c1dc2be9b704370b324cd80968bc1694fa0f4ce3c816d3356ea01b8a8569edd8
2025-11-01T18:55:43.999832+00:00,a01fe67d2674861d3146c79a519b73cbf0cdaf1b00d8c13d2d7430b5d38d4a65
2025-11-01T18:55:44.117821+00:00,89c1f0e501ed801a0ba725d1ca00b6d7393e2ff4629aa2344d6d9532affe91d9
2025-11-01T18:55:44.235126+00:00,ba2f2acbe6846fd66593f6f8209d5fe59bbca2383024c9aeb7397f9359579e89
2025-11-01T18:55:44.353661+00:00,d3f280f1eb4125cefc2b5bb58c5150a680a71b8d528a9b8600e76b891f6734f4
2025-11-01T18:55:44.470539+00:00,43a2695d88877f68a8b78508ff93f398f3ea12b742869de4fb65e473925da65a
2025-11-01T18:55:44.592482+00:00,0d12e4ff12eba9e7decc22c80279d58f61182d014a6f900fac49db29d0d32c16
2025-11-01T18:55:44.712866+00:00,c9f603f715ff58e8929d4a6e68c0fe7dae1456215b5db0089b5c2ca08c9d5b7b
2025-11-01T18:55:44.829905+00:00,8114e1506b0af18f2a31fdb07a189fc92f8d128bf3e24401df2527b1aa36aa43
2025-11-01T18:55:44.947979+00:00,5fc959a37c41468e90c3285d1774766f23b194c6c61ed9e7a5fd18e447f7b426
2025-11-01T18:55:45.067793+00:00,525fe30cb806bcc5889d36c71aa1827ae7da10e9abdd66d0da4be34ec46969f4
2025-11-01T18:55:45.188517+00:00,2234ced202326fca1d3fb79a0abbd686e7e68740d389a23f48c628f387a08cfb
2025-11-01T18:55:45.307504+00:00,0cf3b985e0e5c977cec8c1c96fbdc524f7172b721ad482c9f3b29923a2900a56
2025-11-01T18:55:45.429552+00:00,5d72eca264f767f8dadbc5889ba0cdb6cdb378c801786c6d5e0864230afa0244
2025-11-01T18:55:45.550927+00:00,48d100da8623adf6f46ff53ab094efadcfd5a73830bf7b930a34c97f2e2ea38d
2025-11-01T18:55:45.669424+00:00,018d01f7d4640660c7593941118e651d50d037ebe5e337d01e760658b18c13a3
2025-11-01T18:55:45.788512+00:00,796b87533551934448b8df190e7ef20d962a2144837c5c142fcc1180c485d61f
2025-11-01T18:55:45.908230+00:00,922c030b0bad24ed2a54b0a62d68aa48e397c368cc0a12cd1ee325f71725fdd5
2025-11-01T18:55:46.025726+00:00,4de040fa0c9fa649c30bf9233dd31b0f10dfd6015b2028a1929d8604f1556aa8
2025-11-01T18:55:46.140440+00:00,e21421b8e86e649a7fd581dd7893aa7493faed83b3b543f67cad8b490493ad08
2025-11-01T18:55:46.260273+00:00,ba067ce9596332a5b9c826d44e7b1e425bb4f013807ef6d4cbcaf162b540bb9e
2025-11-01T18:55:46.382436+00:00,99b2ec0dd5ffa315111f6f3537034c5d8a4f9b2eaec1989e959f351338113493
2025-11-01T18:55:46.499843+00:00,0e9c0dc74c0a01c71963f37d3afd3edf8fecde789adc8c21de01f4bdd680b8ff
2025-11-01T18:55:46.618016+00:00,b60526fc45beeaf1de452650cc319bf0b467eba33ecd786af47d412c3c61add6
2025-11-01T18:55:46.734840+00:00,2e37cc35ddbb9cb2f47ac65471307f753204b4191b61b4bcecd1649426443baf
2025-11-01T18:55:46.855215+00:00,20ed7f66024db402b879db364fac7dcafe2c6d70c53542008ad59f17cf815a24
2025-11-01T18:55:46.972677+00:00,8f28352c4b94e5a2315dccb39e7bc5b76ba2cc42a30b104ed863f2bc7cd924cf
2025-11-01T18:55:47.090232+00:00,92f6b4bafcfcf6c5ab23628be470fc0ed3958131dcb73715ba8e00a887e28eda
2025-11-01T18:55:47.211818+00:00,87cac6cace077226b99c151810293d83616bc269848dc1887a67aa8bf009edb4
2025-11-01T18:55:47.328521+00:00,119c129403bd884de04c4e81fd3c09cdd9efdc9f2efeeb5e5c906504cf14d291
2025-11-01T18:55:47.512503+00:00,4b395e38160fd39dd9d1fef100df65119fc74957e878186ad89d675c3888e3d1
2025-11-01T18:55:47.629005+00:00,b4c4b63af013284e3d890f36a32804a7018aae93afa506110b0262024594db75
2025-11-01T18:55:47.751002+00:00,671ccb56df77d9456685d035280781731dcc7747f256df24515858cff79c8d4e
2025-11-01T18:55:47.874721+00:00,0fc7449b3c9d70d491cd28c4aa73a00abfc5b2a44a419d1bb4b0d88dfee3c6c8
2025-11-01T18:55:47.993845+00:00,42fa634757c6fbf7aeb7d461369333a887d0e0d114c75ed3848e5d539857ab0e
2025-11-01T18:55:48.110790+00:00,48e458ebc40ea00b77881bad1030425d6e6e8ff4b7098230f98fc123c65a8564
2025-11-01T18:55:48.226852+00:00,cc9950cefade66ed0cb5bec1366b2017f4ded9522a40e55b5e893a07e3636549
2025-11-01T18:55:48.343632+00:00,5cb8ceb9f9ec4888394514903e97f376adecd6c89bea769aca35d031fd8b7031
2025-11-01T18:55:48.461373+00:00,c64ac4513615eb589953b72e496a3ba6f007b32a3a30717c068fa2c0c59b1292
2025-11-01T18:55:48.580510+00:00,285ea187aa484187418e55b6403d1014c9335ed77b012e82cafaefa93262bdcd
2025-11-01T18:55:48.694642+00:00,b2240218ea738f4199e70fdf290a260b8411e37117f4132e79ef06f3e191a348
2025-11-01T18:55:48.809913+00:00,bebbcbce11e5eb2d820d7e079bfcf33a7006a69e2e57b38c7a62f7b1ab1bc094
2025-11-01T18:55:48.927916+00:00,62e78589559f5116778a3012f418b6fef4528b4cde145c912aa28f00e20da690
2025-11-01T18:55:49.050072+00:00,fc5a69b99c8f8e7786e72f6101403152ab6c98987133daf1986060231902ed76
2025-11-01T18:55:49.166304+00:00,435619eda19b293bfbc5a87ec95b47ae27917c73fceb476f0d77830f2303ca20
2025-11-01T18:55:49.286506+00:00,3fce7e37ccdb393a64733b0beb4db2267b94e9d4ca14f0a487322762049e9714
2025-11-01T18:55:49.402165+00:00,46e85b2700a28b51854b90b20e1a1ee033539ff7dcad73e298236275f352b1bb
2025-11-01T18:55:49.522382+00:00,23a7fbcec9d0845c5e03a2628224c3f384fc3bdc4d9d978905606f1323421657
2025-11-01T18:55:49.638936+00:00,c36ca7a500dea551332f70000fab1253bc6b00ba2767450ce69245d0adda9557
2025-11-01T18:55:49.754655+00:00,70aa93c9b82367647608282b5524bc66463da2081c5d4c4d4f9606b4dcaaa634
2025-11-01T18:55:49.869075+00:00,1af317aabec6b28b3d2d67e147a80c776b59c49515befa7079c23a751f075f93
2025-11-01T18:55:50.003023+00:00,fb7a0ded471172975fa9e183bd07f58037caa60513177059fbe6781b5b44fa6c
2025-11-01T18:55:50.119924+00:00,50f8f6305410ae6cb48cde02b6f68c64b21d1ac34d04fceffa73fa85894288c7
2025-11-01T18:55:50.236034+00:00,7c0ed1df5d1cb9140aaf5af6fd82f63e9d77d65e4792c4961e1b88ee5df53497
2025-11-01T18:55:50.359335+00:00,3f214d17482a0c7c4397a4b5231865667ea7b71c884fe3f7509cea5dc16461d8
2025-11-01T18:55:50.478419+00:00,1440387adce344fbb3708b484ca406ab3f4fd99add81b474f7f9873b00a1863d
2025-11-01T18:55:50.602259+00:00,b3fdc8a69e3a86c04fe008368bed14a3126eaba2b000aaecbaf1580e83f97158
2025-11-01T18:55:50.717267+00:00,a91a1eefa8870f2e36ab6fc45cbabbb4a37cae36c3c5d9a38c0f3b5ca78e9393
2025-11-01T18:55:50.833103+00:00,8d6be4094d87ec78e8f17467225c47fabb247e63dd724d3538a81adb4e0ce3dc
2025-11-01T18:55:50.952100+00:00,da2527023e0bcbbe57e43e6602d2979e9f102e18bbf80d8769efe3ba63b88574
2025-11-01T18:55:51.069184+00:00,3d029c4711cb440872396017220072d74575f0dd991aa6d705e8c18ef14dea49
2025-11-01T18:55:51.190298+00:00,eed9000bc7c9a94b93e179fde5e56ee2558bce57149be86ac9f1260ae4d382b1
2025-11-01T18:55:51.306866+00:00,1584dafd4cfc9c3cf161a334dfecb0fd077fb04f3230d602cdec9268e2e97ccf
2025-11-01T18:55:51.428363+00:00,8a2bdd48181a1ba4746a8ebabcfbfbbb4acc54e3333b4dce325dd6813e8780c1
2025-11-01T18:55:51.549010+00:00,57ab521611b2fea75ad958abfc816b06030df6a7a2091d308e7d9ab1efcc1156
2025-11-01T18:55:51.669339+00:00,0cac45b6e7fc4f38376ba9b382ae613cde02b347c6212fe83d1659438334376c
2025-11-01T18:55:51.803337+00:00,fd69c26ea9f628c8a5ffbded8d6f8ce7df619ed670df7972e6c29d1ab90694c4
2025-11-01T18:55:51.924798+00:00,4915ffe46a1664e7d17687c63e6dff152181ea84c8c4d5181b54523d03dc83ae
2025-11-01T18:55:52.045615+00:00,e780de9efbb3bb98a2a368dc3904404a61e0022e43cb4a611ff00dbe560e7949
2025-11-01T18:55:52.165217+00:00,6c331d0f1dcb3a6472416e594cd98b593d4efbba3e0c9bb4f8225d652bfe14ce
2025-11-01T18:55:52.289282+00:00,f729b3edbb8f9bb705d86a07bf72e0f5c74e5c97746715b83ce73422efc269e3
2025-11-01T18:55:52.412215+00:00,3662e1d2e3e339cb3b3a48f42ce2144dea651dbcdfe3ee05428ea9ad59bfb195
2025-11-01T18:55:52.639040+00:00,0ebebf3957f26fa9701317c7df76a5f01015f1623142aeb0cdd7b81adf579197
2025-11-01T18:55:52.754234+00:00,5727e5ad898472e73b46757c6510d5deafcc140858a05afc8fc90c25c691dacf
2025-11-01T18:55:52.867546+00:00,a6f86d624fdb1be003c972c92eab3128b08de96d56c5909f36b2107ba38eb4b0
2025-11-01T18:55:52.987921+00:00,7309e5b9c7ac3e25ecf3ab2d04f106a0517ba8ac20e28ca3c6f5c2837e4ad6bd
2025-11-01T18:55:53.105252+00:00,6ed8c0792819f40192b972f60fa5239bf208668e426ddf6a3df242186f0e932b
2025-11-01T18:55:53.233458+00:00,8b1fce86e891c202216e9945471a4056908c3822f78cc25aabe1ec2e6161435b
2025-11-01T18:55:53.350600+00:00,02f6a6b9da5e31cb82fa97a647403762e6c609df33ad3e21610d1b8c04cb6a58
2025-11-01T18:55:53.473406+00:00,5ef59956baf664f502ebf05fbc7dbffa94179755a9ca1093b06e911e3c180bed
2025-11-01T18:55:53.594240+00:00,857e5d3c0e1b64fa64df1735fa14ae8cdcbe51e524fce67f9bf4c0040a19181a
2025-11-01T18:55:53.716183+00:00,9382947ea95c441deb1eb00a9ce01700d4fe44af2d229f06907caf8ca90d36b0
2025-11-01T18:55:53.860518+00:00,ab065c7d251a6d702590192eda3a84d46acac1bca8cf25992b157eb8bac3e9f2
2025-11-01T18:55:53.976520+00:00,2d59527dfffc580be34cefd0faff0c33662568156e616b45360763f4848778c6
2025-11-01T18:55:54.094974+00:00,ebbd2fbe0cd45eb1997d73f62b5fc081f0b850703c9e5f9f01453c87ae5c40a8
2025-11-01T18:55:54.217857+00:00,a9cb98800728e696d29cdda8b916eaca488e967adb631aefdded04b924709285
2025-11-01T18:55:54.345704+00:00,615224e15230a8096d3a3d0014757dcc887802f7fff0bb62977c4d485735a99e
2025-11-01T18:55:54.466016+00:00,c0ac612b7d3086370a8b68f03cb9abb80cfbfb45f9d68c2c21294315aacc45e0
2025-11-01T18:55:54.583415+00:00,93f99a0f8b93eb52f84c5ce46ac17e6fd168a926ef691f6b48b3fa8e6d6aeb42
2025-11-01T18:55:54.703861+00:00,6172a845eb94d5502ab89155cb1aa0d98f9eeaa8192de0614a79667e6faf81cb
2025-11-01T18:55:54.822883+00:00,37db5149fc6c5038859c57065b44032c517bacea684037bb9e04fc5f4ab5f3a6
2025-11-01T18:55:54.946839+00:00,0923373ecd10ba39dbd28f0a4d263dc443b7aed5b374f3170507ec0777ba0b42
2025-11-01T18:55:55.075136+00:00,e7cbe2ee69a9d3d9797137d3ee3e55addc0ecf170f75385abae1b509629895ea
2025-11-01T18:55:55.202238+00:00,633c73fb9176383a819812895fc1709f51d5bb36de261caa7441d128ed0b9107
2025-11-01T18:55:55.328747+00:00,dc902bb1704ed4f40b656e34c48e10fceee6591534ac524d81899d12173614f1
2025-11-01T18:55:55.462418+00:00,d4228993c16db8a67400e29cafb230bd0722f60f35263d00556d0164cfb6ab26
2025-11-01T18:55:55.586604+00:00,44ead3e2a3d2da645822f2cf96b7b1e208588ec13f6b89aa0dbba55e9865f77e
2025-11-01T18:55:55.711782+00:00,804f854c8e39b737a845f2bc2e8bbf9a124a4b8a2660095a3fe2cb9989ed7d9d
2025-11-01T18:55:55.838429+00:00,cd8c3372b29e9b6d4e447fdbcc4ec16b65ae81bc5f8025b91fa243ae6eee301a
2025-11-01T18:55:55.961852+00:00,5af69de9bd11e91a92d7ab4e3daf4bf080c9d7ce53036ffb3b65d04ef337eaf4
2025-11-01T18:55:56.091058+00:00,62cf7cf9165851271a9383fed00b499c220411bda4effe1134d14f5a1fdd2ee1
2025-11-01T18:55:56.217851+00:00,6d4a76734c297fd31be28b7dc734d6df4efc664c4666b31171cfeacd7e015196
2025-11-01T18:55:56.341541+00:00,b4fda6c1b6b9e7498731b0e4ed9cc9fb64625fff8fddb5ad09a993218b062b8d
2025-11-01T18:55:56.470783+00:00,38f5b93b3893ec1593f55669333c81512144048711755c3aa3b4dc8cbe88da74
2025-11-01T18:55:56.598174+00:00,bf367d57a06dc2cc1d321e6e345f5bf2d73de9c570d93ca3fe97d78cbbf3f410
2025-11-01T18:55:56.716221+00:00,387718211a11d2aaa221a1451ef23aa6eb5d40db3ebba8dbfbc82c9fe4811af9
2025-11-01T18:55:56.839711+00:00,9e4a0ecb546a8993c599758f423a88c570856676089eca73292d65b441551092
2025-11-01T18:55:56.965472+00:00,16ddf707546865323c37cb7a0b9b41b8cd39868d51e6443d0b0f1410c7b8a233
2025-11-01T18:55:57.094476+00:00,d8df8a13aa0bd5037c656cd9ddb3d875986a158ef323ff0f4560447683dee225
2025-11-01T18:55:57.218448+00:00,25b8e5d11f3ab9d452135b47816a2d743e6df8154fe1529e20e02290d2f4343c
2025-11-01T18:55:57.339176+00:00,69cbc6f0d608adf5ebddf6ed1eef78317bb113b0cfd5a7bc2b78fe1acc757211
2025-11-01T18:55:57.468049+00:00,1228d1eda07c1dce702330c3cbfd54c82793f6fe17843f87bcd4b24ca67da167
2025-11-01T18:55:57.606937+00:00,5417e8ddb4ff0319072e09eadaa9a68f18f5834dadfb0089f793b97aeb81b92f
2025-11-01T18:55:57.722472+00:00,554527e53b51eae2e957ef617d092aadfd6e4575818328fd43a7e3424b9fd314
2025-11-01T18:55:57.841418+00:00,f115f4dd6c82afbb553a0f0ba353d28aa86b98c32c73cc76a752f4f1c7b8e798
2025-11-01T18:55:57.959536+00:00,f526b4bb534a06c2f1329d2fe4ca624084ac45e854b7cd1320f96ccafd91c29d
2025-11-01T18:55:58.081542+00:00,719de9b27f568208fef206068422b146d12d3ffda70b36bac0fcfadbdcb47b6c
2025-11-01T18:55:58.210687+00:00,3985a6c2014c86a691d57a2dc77e2ed4fe1786603c9a2b44391272a6365831a5
2025-11-01T18:55:58.335006+00:00,689b2985da7b587b09eadf13e123fb63a209138cf1e414399b458b81e4bec830
2025-11-01T18:55:58.457031+00:00,4b48159d098fa97507266083c327d493f4c92acc1059c084504051d42e116435
2025-11-01T18:55:58.586815+00:00,558b1b07f08c73dcc94508d45c11291f7902e985d19f3ee4657937bebe232e03
2025-11-01T18:55:58.716388+00:00,fb044938e0c556a38a89857005c4a614003eae083a333cae81f20299282cc466
2025-11-01T18:55:58.837542+00:00,dc93bc9a78003d94a6b7ee5f4a4b63e6aaaa33f4abee696b8656310f50d2211e
2025-11-01T18:55:58.963692+00:00,3b1b6db30535059d770b325b3e12dd8e3f0b58b90d075141e2e850184d2ba3bb
2025-11-01T18:55:59.091085+00:00,66b04b48c667279cc52534aeb79245da2c4399168ff673647387ad20e88f4f13
2025-11-01T18:55:59.215972+00:00,b65e80d5eb142a8ad8aad53449bdba2db6de5d237c871204a90cbabfef60900e
2025-11-01T18:55:59.338845+00:00,52eec14371525acf96f8de297b3fbc9e2796e2488967fdbad8e7dad1c63dc8c5
2025-11-01T18:55:59.466621+00:00,bc7b989a1900f91f4a76677e3cc560b8f3193c0204481a33fbfd978a89539901
2025-11-01T18:55:59.591892+00:00,0f9db17bb8e9243b721b2263a24eebfa2107cfb29bde4f93b7246c2abd673c30
2025-11-01T18:55:59.722740+00:00,0e016b740d6c307ee355a587f2164565cd763dfb2c95b990707636b9e9dc5308
2025-11-01T18:55:59.844701+00:00,eda41dbdbd7e4a210dc0bbe2e30708ca63abc9676dcf69a1ae274f75a68e3fa3
2025-11-01T18:55:59.970844+00:00,cfa158bf69f50019712d2349aa84630b49eaa44e3a4a6cc4735736bfe08b2df3
2025-11-01T18:56:00.091223+00:00,a07dd209c2f8484923acf488817644265040b66c8190a63c82e87b007d171706
2025-11-01T18:56:00.217417+00:00,fe51e8965f23dcbcc41e1bbfcf632a9a20229904caa07a981e3e8f239edac0d7
2025-11-01T18:56:00.343443+00:00,0c6f0ae26387f24aa52bed27ef0293db4c14c2bd997ad4ce9cd96113c4b64cd9
2025-11-01T18:56:00.474060+00:00,abf0a869242f1cb5020a4f21808850c262160f2efd025a83bd0eab94243d5d9f
2025-11-01T18:56:00.598425+00:00,2d2ce3dd142f9ba9217812c6b7be988f554952e3edb030433cbd84bc6fc57876
2025-11-01T18:56:00.722980+00:00,81cb35a57c771d0050b394c93882a891890d0eb7cb3bb515455a06c806c2418b
2025-11-01T18:56:00.847983+00:00,4578663c1649f6daba16c5bd91eb8254b4f97d714a543103c1abcce338963510
2025-11-01T18:56:00.973088+00:00,de100479e863e1e2f45c845bbfd825e22996edbc2a4ad59a47e748748376b461
2025-11-01T18:56:01.100837+00:00,b3c09893651b3ca4ba112c9e84bdbf3c2de23cc1b4bc5be578af00a07a6f437c
2025-11-01T18:56:01.228371+00:00,ebdd38b25bd1311e5ccea6b2f0cd9be3353d34023a06f87b0b964827ebe5ff9d
2025-11-01T18:56:01.359220+00:00,655188c93fdd4953efd1419570916f3a18f8297e3a4bcad00e87faf3a82df232
2025-11-01T18:56:01.486744+00:00,fe05fb24d794423c0777a3871bce056d23b7188ab2cf7c730978faa68bb94847
2025-11-01T18:56:01.607820+00:00,8775057d97bf813105ac591b0dc48ba7034cac2f705256d6db3079f76a7d802a
2025-11-01T18:56:01.729317+00:00,062df565d5d4c7a4d350e956e6ef8d63bd269e3b26f0f8eb7748ca1dfaf2b723
2025-11-01T18:56:01.844921+00:00,5fccfe3842c5f455033d1208f9ac0fd3dd4c1f42cc22117e090d712db7a10d09
2025-11-01T18:56:01.970365+00:00,908611d5a593e7a552ab078d674ff8fd1dc86f0a6bece6597d77cd2f6cfca391
2025-11-01T18:56:02.092159+00:00,145b12023319ca62cf4c18e52e61def1c970f1c8b555c4db1ed973390467e614
2025-11-01T18:56:02.216971+00:00,06571f463014a6babcf26a6753bf8a331d47aae7eb6ed4c0a282876db459d81e
2025-11-01T18:56:02.346993+00:00,24a5ac4a70427900be86832572524f698b511e0e20378f3d8c6011f32c214ee2
2025-11-01T18:56:02.473703+00:00,7c4962aa3be8ff9bc293fc27ea6f6485f112079b5a87091534f9bc51e8bbaedd
2025-11-01T18:56:02.593708+00:00,6da8ced202cae6183c1a954908e4b92694714f6b5fef92beac2f86337dc39cd3
2025-11-01T18:56:02.709084+00:00,51320089cb9fc9f798a449d5b9593843bd7861d38330c3ac48e99b599ae50fb5
2025-11-01T18:56:02.830942+00:00,989c9a39260b852e5fdc4067a189a6bdc8bcdc341d4c19fa7cf4703a81bdf797
2025-11-01T18:56:02.950894+00:00,30ed6cb4d55a1221a0210d9feb4f1c313ac2c5bb4152e535d39c463d34394fe5
2025-11-01T18:56:03.072351+00:00,2959330158049e43f34161324f4113b833572b50fb34b5f973cf8a4d3ba7ed93
2025-11-01T18:56:03.192295+00:00,129dbe66f8db3dee8c17882e990164c87f608c8dedfb2e123340e182ab654495
2025-11-01T18:56:03.336461+00:00,8eeeb95a192df5a0a9369412c86d3234e5c779e5871e7a49a6bb6ab033042b88
2025-11-01T18:56:03.462010+00:00,6b5c18f49d08013b3a4b5c559ac62d3cb6af72492cda66b04984c334d9326cf4
2025-11-01T18:56:03.589277+00:00,f22b2b3eb983f9e10de4176f63e2fa69ccf10c94b1a9e66d795befeae6c4941a
2025-11-01T18:56:03.713979+00:00,1aed7acce6b1480c125f5872e6e562093ce69e54402b3e049334562aca76ec15
2025-11-01T18:56:03.836683+00:00,697706e1e042aa56fc1bf6d7827d9e8022f99e1b514bb26ab40684834d1a6b62
2025-11-01T18:56:03.952401+00:00,0d1ea5a4922223eb3465135617eb64a6f8ce0ad6e41ebbdc7c1149d6d940e8db
2025-11-01T18:56:04.069778+00:00,993d0c7baf7bb3f196472019adb3a5c75821dcb01cb89d265f4a7ac1701a6fa0
2025-11-01T18:56:04.193331+00:00,cab74d3ce16fb7a8f0be233bbe4e5145ab1aba62f8e4d0cc8d240c2de28b62dd
2025-11-01T18:56:04.317290+00:00,592efda4b2f8fc10adbd9e59a6a0d2fbaffca0c770d6e3822317422ef649f0e5
2025-11-01T18:56:04.444067+00:00,135a79948b3228a643077ebb154e11ca7bb01f645a2e81aa96d352887e05529c
2025-11-01T18:56:04.577596+00:00,68e4f388a81d59d0a9b68914b30c040feb1da6f9a3520d0f9dac8aa7d7ef1b68
2025-11-01T18:56:04.698705+00:00,85a2f9a6a37281a0c20d4014803214006d6236172caa1d5f4f5968aef9ff45b7
2025-11-01T18:56:04.824538+00:00,2ddbf0b551e0af869a639ea39f9bf505c36a96e696d5c11f9281db05bcda3281
2025-11-01T18:56:04.952537+00:00,267c5f8147b808786c5b38261b4407ec462563716cabff33c1370bfab4a5b190
2025-11-01T18:56:05.075384+00:00,fa6e76ad3c96c247f0afb403720e25b66d85cf31cc95042eb54b4e489472b72c
2025-11-01T18:56:05.202485+00:00,498e6867bb8969e6dab75c364e0479cc7d9d52d238d6ff7f7d2b6065a9628b4d
2025-11-01T18:56:05.327044+00:00,d1c3e214b4d2f90aa37cd3b094796899b1b62159b91de928ac42c86d45ec090b
2025-11-01T18:56:05.450452+00:00,d5cf5ba8cf5a3f8bef9f465f2ccea9450129fc8246206965c64575bd4ef79e35
2025-11-01T18:56:05.577610+00:00,13b8967dd7ef3470f7d6c2a37331210dfa3e992c54510846980290478e95444b
2025-11-01T18:56:05.707224+00:00,948f4dbd32827d60af31908106e6ed2a44318758dfcf51c398b5457f88f6b434
2025-11-01T18:56:05.834211+00:00,f7c6ba18835df5665928109b42ef3efd86c478dbb5d75e238ddae72340e8e9d9
2025-11-01T18:56:05.959225+00:00,ad04f56128706278b66dc11087b7596d5626d5d6a3f70225b74e2ded1d214a41
2025-11-01T18:56:06.086099+00:00,ef338e708579879f93741bfef7dbcdfca3b8accbca83e1ce22b410a8f6f28c45
2025-11-01T18:56:06.217180+00:00,ad6faa2411a3d24538569d8e3d0be90bdfe97e13ce54a96cb6f25d9b6e838fa3
2025-11-01T18:56:06.344387+00:00,7b2880481a47ae5741b64dd10743085f432f316933e661a5b93bac579e28add6
2025-11-01T18:56:06.474627+00:00,ace8eeebb65da552c3cf0e6ab268d6ca6b4201d6d2599ccee88510c170039e73
2025-11-01T18:56:06.601574+00:00,b21e7c5ea231efa1e6dde265a6cacd85a6acdc4b2c36cb24963f37bac7ddb3be
2025-11-01T18:56:06.728237+00:00,c8d7854b7f6b38bca3f943500931e4381c94f3295ac8e6d9522b64f7ad2c1ec9
2025-11-01T18:56:06.848043+00:00,33886a1480abc5e50a695c0e2f659c2c64b0bcfec246f7ab6b9ec29b5b3731cf
2025-11-01T18:56:06.973396+00:00,6ff75730c93be23ef7be1114914138dedf01ec1189d561b739ce976a70103400
2025-11-01T18:56:07.096399+00:00,7a6b3cf5dd98aa84b16ded9e85eaa7585fc313497e6127a54ac483741283346e
2025-11-01T18:56:07.219783+00:00,3fbb65efb8bb5becde23badb474889aa4ff4bacafdd5c224b0144bf2d80d40e6
2025-11-01T18:56:07.351370+00:00,9b893137dd81772867cd76abe36adb9668e0006230ec0fed4e7e22ddf86a70ba
2025-11-01T18:56:07.478356+00:00,738c36d337430641ff02823a57e3ed4f5482da26e2d4f1b9c08f80ea3e34ebc1
2025-11-01T18:56:07.680016+00:00,061ed11599b82c815b3c65301766fa8648c345c4270bfd523770dca2a0497f21
2025-11-01T18:56:07.800010+00:00,66f412b80b414f3885b0bf42e407363d15f59b3bec80daac7387a54a641d9b42
2025-11-01T18:56:07.919127+00:00,72f4d90dce0883bcf7dbd4c180c1d670f178ca1396c97214e6e9b34278b6d8c6
2025-11-01T18:56:08.043961+00:00,6781e1c8d0512a9c61165a10b39661e071e18e84fd7f64065f7651047d2cc233
2025-11-01T18:56:08.164578+00:00,30c748d33d7c414ce10f9fb420fe6c2afa02149603b4b1708362ff9f1e7c0d67
2025-11-01T18:56:08.290905+00:00,5bbc3aea331a2d3021788021590781cf37f97b2b0d19aed39076b25abaf6be09
2025-11-01T18:56:08.414793+00:00,b1f0f99906d7c4ec67f84b774a45444acfbb61e06c047128da19662f11b1f044
2025-11-01T18:56:08.543633+00:00,7d9c3ab89a8c75a2765fd34d0d703cbc5eb6de4fda433dc6c613fd42822c6d90
2025-11-01T18:56:08.670621+00:00,721d45261f42972fe4641e5b8be80d0905a6b373895402315e975ad932c97d04
2025-11-01T18:56:08.801547+00:00,e684536815557c8fa224dce9b24257a423b7076dde1c88ed06e7eba3a51fcdc9
2025-11-01T18:56:08.925264+00:00,8ff9609250a07a73d8ccd870b9e3538c024188be5465d69b9581a7d48a5e1f7b
2025-11-01T18:56:09.048452+00:00,1ea2486150f7fd4e8e3287b0fc2cee6d157cf1343ad517cd78f19d436fdb3493
2025-11-01T18:56:09.178347+00:00,bc33d4b457528501aa221510411e301ac7f006f070ddee625e6ff7fe83d5b6fe
2025-11-01T18:56:09.307071+00:00,ff417431b3a098c66603e134477701e972b83d63e2ea112339cdfd44ae80f185
2025-11-01T18:56:09.433242+00:00,d74ea4a6e2dcf3f07fd31a7b3e7d9c0dfc91f39a78883bf0d3057c19a7ef0b55
2025-11-01T18:56:09.598392+00:00,4404ecfa374a1c10c53cfd2c8a7cb2e30035ccb17feb59883a7f1b5bd7c524d1
2025-11-01T18:56:09.720207+00:00,c30bdb5061c28625949c2c0e5a0969bbcd06be414049cc2b4da2208232f32ba6
2025-11-01T18:56:09.845761+00:00,3ab19abf474a5f9e43973575098763a291bb6dc74acb1fde729be2f88e1b34a3
2025-11-01T18:56:09.976725+00:00,78c321e0e717bb4acffc63e32ce9871d283fa7279bad78da5a5636805369bc36
2025-11-01T18:56:10.098464+00:00,e8655516c248595d23d28aba7fbebccbeea96d0e57fac84bb5a280e9bcfeace2
2025-11-01T18:56:10.228610+00:00,25149edff96d73d75982f0ad2d217ae9bb16ca3aaf15a54a5beaecd659989398
2025-11-01T18:56:10.355611+00:00,db3fd9bc6ab57bc67b62ba752933e33db8e032a06992ca0963b68e2af7834536
2025-11-01T18:56:10.480846+00:00,a69bb4a70ec9f19c51bf6e199dcfb6e52e3f39351a9ef69b6c2fa902cccafa7d
2025-11-01T18:56:10.607464+00:00,88592b06f431e36f0f57078f397bd1ddfffe110bb7647138131f09e9604d9b2b
2025-11-01T18:56:10.729280+00:00,a8724e4ab5ed93b4a6f003cfc453e09c7d6b87f2739f8539ca3fdfe64e39b89d
2025-11-01T18:56:10.857609+00:00,4afe7c87dc6d88470cc2bac2cd897c53c5adce35097d7dc2cd7c4ba1b4c89b8a
2025-11-01T18:56:10.983231+00:00,4ebd2ab92a20eb0ab11e19274b98b59a04961524067b82c3324ddd4e1c62c0af
2025-11-01T18:56:11.109079+00:00,40bc6ab66d3d8caea39657df786074bd29a8f98355cf97cc4164b3e3b1f88724
2025-11-01T18:56:11.237680+00:00,4f9247fd80404791267649088dfa6bdc93dc1279d97c4f5eceb6f380ce30ee70
2025-11-01T18:56:11.357161+00:00,4396972ff106f86cf6199a2b1acf7422024da81c6c911a7edb2845fd53158ce8
2025-11-01T18:56:11.479744+00:00,6ab3df5087114446a43711939ccc953281a26590b8a68f4412a928211e475ea8
2025-11-01T18:56:11.600852+00:00,a291f6ad09b1d3adb0db4fdf9506a5a0f58e24ab9f5b72f3fbfd67d37c70bd0b
2025-11-01T18:56:11.725838+00:00,cc264ef1d0ee8f6786a04133d809711c0bc93c3a7b96da88691e6297cb2be433
2025-11-01T18:56:11.842044+00:00,5269131da0c606750d8d80e2870b431e271c21bed36ff6ec0a15a07c8a4f9c37
2025-11-01T18:56:11.960630+00:00,c45f9733a93ed938094e061e67f9f0745485c273f8698cf2533bed8fb320deb8
2025-11-01T18:56:12.085956+00:00,a3f4caeae9f153ad89338865c93a12a39bb3641f155a61a7a2d74f4ad5d7f0a3
2025-11-01T18:56:12.208811+00:00,6f0167c26e92ceb847719fa2e69e14a09ee07b7bb1e897c7fd7d876ad9e72413
2025-11-01T18:56:12.330778+00:00,9ac8f876d6e782ba420e3314c7859907fa990271013afa1d350e2dec6c543c91
2025-11-01T18:56:12.453394+00:00,04941ef89667792641b481a3135bd4bb3f5fa0c542aca8ea74385e51f71e71f1
2025-11-01T18:56:12.581477+00:00,483db80c96c735a08f627af449dc75f02fe9e7d124b73fe2880a01fd35e86ed0
2025-11-01T18:56:12.748377+00:00,c69b9fd80b6a60aad83a42893fec68a0ed8b62436d3e6c5b9e639eb73f855e9f
2025-11-01T18:56:12.867337+00:00,d3be24177e78ab7aef9eaf34282aed3d56af9f2243c31d193a9682fe492a51e0
2025-11-01T18:56:12.988179+00:00,29d9970428bb5affa95fc511b478986a58795ffb7b89779e8241cd7d35cef4ac
2025-11-01T18:56:13.111045+00:00,998140e965755caaaab4f86df8557fde7abc7c52a14ef52ac7d701184e474cc9
2025-11-01T18:56:13.232734+00:00,49bb9a54ebc67f458ee6bdc946df3d2f669b4ec2618811dbbfe80b36df8a31db
2025-11-01T18:56:13.352418+00:00,3ef8cbccb1352c893f45469f093fea393d7a82891687aaabc84883a7e646999c
2025-11-01T18:56:13.470893+00:00,0ea304a0e86f367e4dfb19fa6d4ff66d6ad52d1e10c81ef5cabfe44d457e8a94
2025-11-01T18:56:13.591784+00:00,9d2dfc3b68508437049c5fb79f57adcba2e58d1e18de6d26b7e5d3c63b9b1c0a
2025-11-01T18:56:13.723912+00:00,943c9dd980b67ae94314b27923b2de1ff0255b0b7be251f3336bab895c417a0a
2025-11-01T18:56:13.852921+00:00,06a2f27412a15fdf73e454f1c044aac344d39dc906ad0cbb3eeeaa4f13b44c95
2025-11-01T18:56:13.971779+00:00,8cb8be07892907032277b344f6835e4e3c47a3be1a907ac70714227f42fcf390
2025-11-01T18:56:14.091326+00:00,4df14a3b35dc722fd677f71133421af6d26392ba3b6b9fea68bb1c95c6219dde
2025-11-01T18:56:14.213194+00:00,370cb3d463aceecb9d71d31c8308e19637da8e11901ae14e36dc5faccb6f7215
2025-11-01T18:56:14.333966+00:00,403e0841db1e45f9eee4650b07ecd9218a11e077045ac3bb08db29af1cea62a4
2025-11-01T18:56:14.453964+00:00,4d299823591b842907f9fd1caa9cf589eee3354e1e5273eeddbe56273283a785
2025-11-01T18:56:14.576831+00:00,08614c1ec008819cbf63fed5a70f1433ec4b6947d29ae95b5bfefc703a5f0c72
2025-11-01T18:56:14.696225+00:00,9cc2bed3a318571cdbe46a129b50c8c2b6e664b14710ef85135f72f719a2c66c
2025-11-01T18:56:14.818845+00:00,c2f4a5c03aefe31576263634f8b72db7d3f170fda6695eac666f5170a4405123
2025-11-01T18:56:14.939399+00:00,bb39eaac9e48aa12bb02d090131572c1ddb7636cc8e455a7287981d66eb44c6a
2025-11-01T18:56:15.068970+00:00,238a827e3c3ce2fc5e91924933bf16b5f976db0de77c90cbef9e7ae39ef64fb5
2025-11-01T18:56:15.200407+00:00,4d00db571fa392506b551e56fd6279733716fda172598623e256e49fba98bb2b
2025-11-01T18:56:15.330010+00:00,6081c7a9065eb1b7af6a514219d26e87ccc953b669ee02fda2039731301876cb
2025-11-01T18:56:15.458945+00:00,7b251372704d3f47120bca5a9df422ccc04b907c1476d4e830e6ad39a4e2f02a
2025-11-01T18:56:15.588801+00:00,8e7e5d3019aa10da1c8437f48ed2bd1ce364754ab5e9cb93ef20bc522ba7a419
2025-11-01T18:56:15.711339+00:00,d23aafc9616706c27497be3df6fec3a0889516d0e7a552ea145020d82dea15e4
2025-11-01T18:56:15.838103+00:00,75a5a192a9bc994bec6de1a38e551a4e819a8c5dcbdbe53f6f579b9281f4d9e9
2025-11-01T18:56:15.957538+00:00,17365f6785bc7208a91172f19bcfe1c54b08c0eab75de804310ecc0fbbbb400f
2025-11-01T18:56:16.077497+00:00,e2f81ebd063ea7eb79a85aabad4deaf88700ae322345a9a4796a08137d19acb8
2025-11-01T18:56:16.199558+00:00,bd9151a75a4398429a479c607d7f71dca95a54fff5e839512202e419a3b72e0c
2025-11-01T18:56:16.320507+00:00,5b0a713adcff8d04eaad37d006a3c33b66cc1e5cb424c220d4ca680ff350aab3
2025-11-01T18:56:16.443375+00:00,22f3d8cb590cc377e10e9056017766fbf1794f6bc1a8de23b4579c80a4273b14
2025-11-01T18:56:16.571121+00:00,6255547ed50dcf7bae6e8b4c0047ae0f3044082f6ed387cc87e174977c30a616
2025-11-01T18:56:16.696928+00:00,cc9709efb72eccf4234111cbcb057656b43698ba1ed464a925371ded460fe5c6
2025-11-01T18:56:16.815178+00:00,8ff799ac16f4dba1ca29ce116ca0767f5da62e621cb13279b7747fd7e8939463
2025-11-01T18:56:16.935068+00:00,7702010f8b7255a1b42987a2837d07ca8aedd75d5ba701092cbf27e754473cdb
2025-11-01T18:56:17.052339+00:00,04e8995fa2dba6286ff81a63452f86312dd809ad48145ce3d2739923f5ee89ca
2025-11-01T18:56:17.170183+00:00,203a50a7b9e8e9e1f38f2e37008f8ace4c2cd00ba2f3750d013325d63ed75fb9
2025-11-01T18:56:17.292361+00:00,b5899cace2e2e4c160516d790305b5ce5b0f31a5913e61415d1e5e4e0cadb238
2025-11-01T18:56:17.409995+00:00,f85e555355c2def6c9b77b0ea4769a10a6a10933fdcb2dd6520d26dbb2402ce3
2025-11-01T18:56:17.525476+00:00,78c3409a5b54913b6c8986569546bd57ca08e1d6fca7f297f1a4c721b0749d14
2025-11-01T18:56:17.649773+00:00,af66d57aa2c461ecc3164badfc619e43c33815823b0e7c517b81b3624c9d2840
2025-11-01T18:56:17.830148+00:00,7d2c1dc42c2c520f2f5e560bebb800dd3384a4e348b0f3a8a174c43969786d68
2025-11-01T18:56:17.951473+00:00,f32161a0d603eccf4ba9d6273368c34ff99e43a3beceb2723a0e9effe31c6181
2025-11-01T18:56:18.068594+00:00,3ac2ef73c6c043d757d556e625b49067f70ede95ae2c76dfd2c27dc284088868
2025-11-01T18:56:18.187724+00:00,ac751c9eea9fcef3fb2a82348c59242d31d89b5f92dbb957005307644d0a8efb
2025-11-01T18:56:18.306176+00:00,5e935098d5760d046cbfb28fc5aef0872958e3b30153004938f162154d087151
2025-11-01T18:56:18.424356+00:00,5568dc41d149bc73e8f74886e3169007ab79ec1a8231fc3f15ebf782f199a8d4
2025-11-01T18:56:18.541456+00:00,5fcf8c3694886fdc81b7ec79c80aa9bcd595eca0098c9f298dfd343bcb44b9cd
2025-11-01T18:56:18.660624+00:00,9e80ac71f3670eba3a28ca1aca29391bd697de50fc1b929fb5ed334190c2f15b
2025-11-01T18:56:18.776576+00:00,2fb95afdad42200595c367b9ca2cf7fe315042135c7301c4e30df6d31e999fb6
2025-11-01T18:56:18.893143+00:00,647708e38d15370df54167593cd50deaec2d307e41d330959bec0608f25caa68
2025-11-01T18:56:19.010839+00:00,2c70e544f687cdeeab985bb943ed328423bb8870b693e77a836862d3dee3207b
2025-11-01T18:56:19.130143+00:00,a0fdb2cd4c3622ee00bb02d9898e518a3476bfff01c5796074de27b703a7d7cc
2025-11-01T18:56:19.248626+00:00,0ba63ff97fee3a1fe2423a734fbf198d0d81aca2bb3023ffa1eb029d4b45b735
2025-11-01T18:56:19.367552+00:00,19abc6882bea3d205f8c088ad1a2e0b3cb35938bd789688d96834f565e7af7f3
2025-11-01T18:56:19.486210+00:00,b118c7095300949953346c215c21af8c8d8d8bb8ef84e67443ee32404d9ee82f
2025-11-01T18:56:19.602716+00:00,324e9d1c8dbf8e857ebabb9863668b79bf885efd894a60d84b0453918c3154ce
2025-11-01T18:56:19.724876+00:00,53fada8705967fdd0fb47ce334507aa1ff028268a27dc1748999f7c87f29e84c
2025-11-01T18:56:19.842567+00:00,af18e0416179584222651e36b988a82c955dc0a75ef9f86170977d15ee6e4adb
2025-11-01T18:56:19.961744+00:00,7e26b81e17453b8974b93c8412074c762ec30713e297f71a70daa7d820c5737d
2025-11-01T18:56:20.076428+00:00,bc28056c3e9c914599ca38258a64f29fb5ff5b6833db0e6eebbe65cfcc0d2528
2025-11-01T18:56:20.195474+00:00,c0ed23ec82f6eb86d26f7de59d43fbb942036bd2f651d59e162af8675f10a955
2025-11-01T18:56:20.313309+00:00,74b413a5258c061e34bf62fadeb959cad4de386628fcfb5e8632084c9d7f99b5
2025-11-01T18:56:20.429978+00:00,8f32945766dff853ffc1d840e1909c96918af7e587ef6d67d80a37c9cb04c47c
2025-11-01T18:56:20.551673+00:00,854620b42981f191151d20e6e4855a453dc0b9cfd26441d997b38bd2f0b8d76a
2025-11-01T18:56:20.674167+00:00,2ba273d34298b96106cd0dcd6224ad6b1c0c9eb8ba8cf7d06dbdebc9e51555cb
2025-11-01T18:56:20.790979+00:00,2e2d4dd1fd3ff54f5bb66275c9371d87c164755a5c256693b6b429972c95491a
2025-11-01T18:56:20.910750+00:00,7f6b3ed118eece1c82e351bd75d8f162abeb46b8c671c5c4840a50a7902ddddb
2025-11-01T18:56:21.029102+00:00,d87bbf33219ca6ac5b4b19d8f972eb72aacc089d725b9c6b67940ada8286cc8d
2025-11-01T18:56:21.147159+00:00,3ae1596a1701bd401ee36279ab79545b45f7e583b80ba300a768e9ff20fa67a4
2025-11-01T18:56:21.265984+00:00,60cc6050f2bb29b716457146117f5bbb54731ce33a93b5a3a6129c2580de3e02
2025-11-01T18:56:21.386944+00:00,544f265e9474468cb173376ed009a097172ea908d8276c62cd706689dc4f2b21
2025-11-01T18:56:21.509239+00:00,a67e1452ad3ee5692449f427a43eb682f6090f6c8587a825fe6c3715eb529539
2025-11-01T18:56:21.646046+00:00,b2203987c367d03f38eb1db174dc1c52bd5b21b219d0a3afcd9218d989ac7709
2025-11-01T18:56:21.766363+00:00,0b0443570a64abc78d2f61b76f8ebe7419dde4ac50ee1d1a8c649268554e6a25
2025-11-01T18:56:21.886367+00:00,15954d3fcf56e1b47326db6a6d6cd8c1370ec36dc10b1d862e83cfbdff5fb68a
2025-11-01T18:56:22.008844+00:00,7376ebc40e02edaf722827f778823901f891c295d1a298214809ebf65f06c02a
2025-11-01T18:56:22.132796+00:00,433bc8c32bb618c8745823a48e57163afdae1f6883d0acfe171407e7a7ecd7e9
2025-11-01T18:56:22.258030+00:00,f5cbbcbb2a6c977367c21f8b684c9b21a390e3f9ce83ade0c00f21f8b972964c
2025-11-01T18:56:22.379058+00:00,364bd810214da80f5a3b6ce00e024568774cafeb9464829f83cf04baec1830b3
2025-11-01T18:56:22.501441+00:00,360bdd5bc86fcb1306ae0a288e4b3323e9892ecf9d970ce9ddaf5c0f2dbb9f33
2025-11-01T18:56:22.622734+00:00,034b8e15aad2fc2cc50b7eea4456f6cb30a3d876b92e66522e409303d05cab29
2025-11-01T18:56:22.742160+00:00,50566da7fd2aaee119c0836e7d91a68a3c3f8cb38a7e0389b745233b1878c5ec
2025-11-01T18:56:22.895288+00:00,9c753ace32a99f04703c80b24cd1685cfe33497135663c06a004a8015d68f8d1
2025-11-01T18:56:23.018038+00:00,c1e0df5dd9dfc40be74bd470f9beabf2728b57520732b2fddd861304d72694ff
2025-11-01T18:56:23.140737+00:00,05fb8c651af595571f9535145d6630c247afd924007fda0c4ec43727538df370
2025-11-01T18:56:23.262122+00:00,76c903b452b309b32e3468d31663238c6a5b1752f04c28608a0ae7dea88ec043
2025-11-01T18:56:23.382477+00:00,1d8917a04d00d0a800e5471b1e6786f009a41616a8d4ffb70b5e1841db5baf96
2025-11-01T18:56:23.505487+00:00,1bcae4dac3a791705732107d11c92b774336a0f850daca029aea648b85e24e6b
2025-11-01T18:56:23.636146+00:00,b5575e80cd2de689f232cd4c19fb8ba04f01990e5904c1a33b1baf0e4ffca4fc
2025-11-01T18:56:23.757011+00:00,fb3f135cca5261fe61482c71bb5c5a65a60df7485f61b77cadd61ae52aca9b86
2025-11-01T18:56:23.888975+00:00,0a96a04c7f1cc6aeca850973897ee48396e85a6570d8eafa33bee9bb0f808cb7
2025-11-01T18:56:24.005987+00:00,c063d8d63443b7655a44b1e13c615f5beda5cf37877eb1ee90437f21b03140df
2025-11-01T18:56:24.125863+00:00,b3d37cc798713d6596c46f530b35ba9954c3b00175aa22981e2238f3e78e959c
2025-11-01T18:56:24.252749+00:00,bf393654d4dc42ac03c52bf5ad45947de65738f9c6364ae6673da6647a1410b7
2025-11-01T18:56:24.378888+00:00,2ef1809ad892ef64d36b4763359136832b809c7230a423ae8ad8e1473d62ed6a
2025-11-01T18:56:24.496693+00:00,9578e1fddf75379a027f8d731d88d80c18eb86b9b2cabdffcdd41bd7525c5693
2025-11-01T18:56:24.616157+00:00,30e1e606fde452fbe82353b019523d39962a62da1c3beb2bfa254379716224ba
2025-11-01T18:56:24.739940+00:00,24cfa898cc3e224b0da8c1dc8fe267ad5f280941a6a2e1269106c64573f4a514
2025-11-01T18:56:24.860774+00:00,c62a6e3252d059b31fea94f9d3e2a4e6c64b88e283baca64399f6f963cc357d2
2025-11-01T18:56:24.981273+00:00,1ee46cb7379eec3d6245170f84a4889b16d1a452d9d31538c1db1467724cf57c
2025-11-01T18:56:25.106369+00:00,e0fed73b3e12365f9c89b0ec6d37c10cff60cbd7172f6de7c0af0d7d0a711998
2025-11-01T18:56:25.230877+00:00,c033b2eb293b6ed9b8504a7bbffab898657fcd601408b2ee8d53b3c2e1887ff5
2025-11-01T18:56:25.356188+00:00,7edc48aec6d386a0d3a73674cc0a4e7026b244268e73597ec0e9181dee46effd
2025-11-01T18:56:25.484452+00:00,328ab3f76dc12df3e91fa6255022698322fd40ecb8e46aecab75ec4cbcdb20ec
2025-11-01T18:56:25.614722+00:00,6b296f91b9a67d5fe356bdcdf209e8802ddb486be950fec470ff8032d26a1881
2025-11-01T18:56:25.740853+00:00,6b715511806abb8fd5cb345c8ef0b0dc3917312e951d9d3e6c6d53dfa3fcf1b5
2025-11-01T18:56:25.868264+00:00,4589417af11b526d257b18f4a09f0e34976ad0af8810f97ebf87bc1d12dbd53e
2025-11-01T18:56:25.988895+00:00,85b06e0b442305898a5133d4a6f260972c2be799565a06b27d2022556e851e62
2025-11-01T18:56:26.119703+00:00,d622f46f20c82b4412e542be6fd671414f4a60aa12bdeb8e5bf403b2d3a81159
2025-11-01T18:56:26.242362+00:00,c482313a3784a47f9be27c862beada75c14f0e718821de4d5ddd62aa2b201769
2025-11-01T18:56:26.368910+00:00,1eeb44a43bd0cc30432896a2c69e1dd77c0b46438ba7e479911766e3f070cd1e
2025-11-01T18:56:26.498572+00:00,8bd8a9817140c8bdec5c2c6ab5c698f13275a332d6ea0c6abff3dad50985f5f6
2025-11-01T18:56:26.620783+00:00,ebcf1267f64734a968901dec055738c5f50fdd9db054ace767cf66073aa5592b
2025-11-01T18:56:26.742686+00:00,c5d0a6d2ac028a40d61d43ed570d3a0a633d7131d4933c481c0a740cb4ceb374
2025-11-01T18:56:26.870150+00:00,18a16063b26335ec89e21c4c400e5c9a748c1f958939522ef4e116d0d8e3d4a1
2025-11-01T18:56:26.997290+00:00,19db67e02752d89173824249edf064ce5ce7734d290a75baf32162dfad801875
2025-11-01T18:56:27.125720+00:00,e777322f9de349c48cb1874cb71e1af260721754291aaeafc55b6c56c211a269
2025-11-01T18:56:27.258673+00:00,62a4fd8aa2582aa89426a5b6a79c188dc8f7eb2c4820cce1d85140083e232576
2025-11-01T18:56:27.385290+00:00,a4727fa67f1fde22732522f0c289df483b3aea857ec9c699eecaee587c66e99f
2025-11-01T18:56:27.510887+00:00,aab0b42828a0ba8bddfa3f4201acd9471fd199d212bf07a145363b749784ead4
2025-11-01T18:56:27.637337+00:00,6350ae82d9d4ce10d9d2ed186a22d6639100da498a59da93e5e02562730b3b98
2025-11-01T18:56:27.764941+00:00,a251249d45ec55ea7107b48b4387f5e403c605ee76d5fd8926d2bf447a578572
2025-11-01T18:56:27.912104+00:00,b82f9d53f8f3c12e8eca8ed0653d673454e3ed08798e76943dd22aa06d0e625d
2025-11-01T18:56:28.029511+00:00,fc349b86f6a0eca49e5e1cd73bac764043e157459df66ce3ed92accf84483f3c
2025-11-01T18:56:28.152106+00:00,ce3fd4657fde564e9b506c9c249c55b10b07069e376cb3dd69c3f69e88b7a7f8
2025-11-01T18:56:28.274345+00:00,75004fc68c9d02a62496ff06d464ee5d7fa64e8501e392d6f203a900286f64d2
2025-11-01T18:56:28.400644+00:00,d30eede519870705d94dbc711be4309b91aacd70814332210965c47ea0095bb3
2025-11-01T18:56:28.526807+00:00,885ed2bbbdb546ff1697c9054ed95789d4b8b3697694e0abf3f1540fb97bb461
2025-11-01T18:56:28.656541+00:00,11b23b62bba4626e57a72e599b49119febf56bc37b4965986e2b00f2351f8769
2025-11-01T18:56:28.786702+00:00,2cf9c64d851d6f9faabb1e5ba7a792b694206cd84a5935a48d1d18867657ac0e
2025-11-01T18:56:28.909045+00:00,ccd543692b1407df5bbaf5ea1b661b3b17cea27002e3b2632836ad2a0873f0d1
2025-11-01T18:56:29.037651+00:00,87db49796fdb0abe2f38a1b0bb6e8e42b8662821572cdfb24f0229158c8d6362
2025-11-01T18:56:29.164275+00:00,80cd271559652a4d208593849d0bd3e4574db4472be790e0d8a127fe4173a834
2025-11-01T18:56:29.293208+00:00,25ebe2ef72028103fb5f915f0f2982650b927df186485a2221aebe1ff4cdcc3e
2025-11-01T18:56:29.419153+00:00,fd8d77cfc702fbc4618ee9d8de449cdd2152a0b88cad587b6c1ee030265465f0
2025-11-01T18:56:29.548351+00:00,630d74d50b93c03e6a807bd8c7ceea66c2a036dae32531eed2bbe44e94a5c4c9
2025-11-01T18:56:29.671260+00:00,46c57a88594eab18e8f68b2933125000c7af82f3f05187ccb438575d81abb244
2025-11-01T18:56:29.795257+00:00,b3278d9e7d4ce2d50bd326c4679da1d02491ccab2d78fd9b1fbc3c1e7ba2dd1f
2025-11-01T18:56:29.926826+00:00,185077bc9540db78660ffef87d9aedbcea7c06a61c424ce40e54cc1dbf41c33e
2025-11-01T18:56:30.048037+00:00,7f07257d3917d5f6d45218a1bea7c7bd9b18d7e1e48d4487fbc47ac7d1140baf
2025-11-01T18:56:30.176109+00:00,6cbe916e8a072364e13b3aede9a00b71bae528b6431e5e84703a6a501543c34d
2025-11-01T18:56:30.299814+00:00,9e091c35e30d2e69ed63a057a2d571c4c2c9b097c49f3c0b6cdf2f9c856afae0
2025-11-01T18:56:30.427631+00:00,66907dd91642dc0b49fa685aa2e67b34ed4dbe90667991c2ac25961805bd7ffd
2025-11-01T18:56:30.556855+00:00,57c2a19627909546ce01c2c0f41fa77328944bab4b21c8731f96319a5a34f331
2025-11-01T18:56:30.680762+00:00,13d83e830e0fbc4cad8336f1ef51ebbb578f1fe2c1bc83bce1f1ca67a266e6a4
2025-11-01T18:56:30.810594+00:00,8908811918252eef7e4c3ab3aec8be340e2c4c185678607d63fc2a7413a26ad7
2025-11-01T18:56:30.938974+00:00,133533aecf2acc11f604d623e2f43c4caaf3b1fa423af6d7637e84e6db66e9af
2025-11-01T18:56:31.061930+00:00,9fb6fa376fcf8bbd69a88dcb1e4fefc4228ce580f56afe8bc54e818249d0ac68
2025-11-01T18:56:31.189243+00:00,b9508e667ad2f041f712c47b179fa06d4e6b7524eff06ea18624c78a49b4dc6f
2025-11-01T18:56:31.318597+00:00,fdba5b5ad79fa50c686247ef901e23fbe2009ac2a280c5ac82bc1669c91485d8
2025-11-01T18:56:31.446534+00:00,55c55b8324542b9703851d33ed558bbe5a9b455ab1fbb83b5e1ad4487e23f5cf
2025-11-01T18:56:31.580050+00:00,ada7d675babc828f214cd2226436099dd9435425c592e494704f2fb09ca3666d
2025-11-01T18:56:31.703599+00:00,09c15d8dd2591cc926235f102d234bae0ab1cc8e3923cc10dbac607cda9159ea
2025-11-01T18:56:31.824624+00:00,e3aca59fd6a191c3b53f59cf023887e3bc5253cb6e84fd388e9fc71f1965b5e0
2025-11-01T18:56:31.945595+00:00,4e23608b89c8b578de5b67e42132bdda1165ba445d3c4f84d827919fff857b85
2025-11-01T18:56:32.063170+00:00,e3f7aa4cc9c75c72c46ab39b8cbddfc4b486d95e8c5d330583f6cd76dff040f5
2025-11-01T18:56:32.190224+00:00,43c3886caa9a4880e2feb72b99e9b16f2e8834764eaa27a3d9e10937f10dc8c1
2025-11-01T18:56:32.318952+00:00,98f85cffa29e1936cbf4a00acde3203f19910ce526dc3a127ddc1eafb6ae1c5d
2025-11-01T18:56:32.441884+00:00,f2813808aec619645a8b726eacf8d4cf26f29c73e56c03ca22c532194c7bcc33
2025-11-01T18:56:32.571334+00:00,0ebcbca84753bc019cf8c45da6ff0b407bb1b6566e1b5a8503831717c1ab8650
2025-11-01T18:56:32.719946+00:00,9ab2fe4831d6d8b6b7250b6920cf72e3686ad9ef05b3949f192ef05adf8f3264
2025-11-01T18:56:32.836691+00:00,595b9ee7e48c0f6eaf80b039a34ec70a9048c90c607a4abc5f09982ca968d74f
2025-11-01T18:56:32.996638+00:00,7d59a0286e1391f032e48a3763569eda98c3859310e9455606343e66411b4d70
2025-11-01T18:56:33.116804+00:00,5edc7c5b97b90e84f63f6400b7e347f8a9fdf76822f99cbb94a057820acf085f
2025-11-01T18:56:33.240891+00:00,b764b9492fbb69a40586d5fbc7c8236dadd9b0f8baab9aad3d9fff41c49a416a
2025-11-01T18:56:33.357992+00:00,aa1f97027028b2f111a9661a0045207bb0471c511bd6e0f7f35d877d9956c4fc
2025-11-01T18:56:33.477507+00:00,2230aca49ff0af62d1878fa0cdd878993fb3766c33973e9475b0b01e13196b71
2025-11-01T18:56:33.603601+00:00,7f30f2635a8aae2f97ae8ccc6e9d1d3e91e700d759af9dc5e3df096c0f81acb3
2025-11-01T18:56:33.725284+00:00,4bbfd09c910916b03695499f00f6241455572f11f8192843b77a075f9cd6085a
2025-11-01T18:56:33.862218+00:00,0674e03281221152885a4b15c186f1afe2b95f95fbe80237da6f97da2c2fe3e6
2025-11-01T18:56:33.981948+00:00,3ca1c61dc9b4429cff502b0d5fb1379bd6ae811d60ed591bd842a8d90713d3af
2025-11-01T18:56:34.100475+00:00,7821df3bc3f2f472b9f60923f853c02c2f5c3f1842128a99c60b24b0d0ca6625
2025-11-01T18:56:34.220201+00:00,beb852181d0319a9e3c6aac1b7c3038779d9fee04b45d614b85cb28040215e6a
2025-11-01T18:56:34.340625+00:00,1cba043c8d0dfa02d57373346f36549978e86331f40114f06e7888985d7c4fee
2025-11-01T18:56:34.475983+00:00,1c1b650525c5042f29441e5b2f75edc8cd22562d618ec6d8b127097f9941614f
2025-11-01T18:56:34.599169+00:00,df5507c4585d238db6411526ed771acf65f74a337e01f9800ae21cc716ff1f90
2025-11-01T18:56:34.720282+00:00,899b2cdc33635467a79a906db45dc35c132c9517ecbe3af0c74fcf262a67d893
2025-11-01T18:56:34.839545+00:00,f851388fcf1be1ff64a9797988a474822c2ebc02c6a54192716f627eb3f07dc9
2025-11-01T18:56:34.965594+00:00,0712fb71c2435f1b79c4e39e655b8f207a71877bb00aad550933fdf92be5bfe7
2025-11-01T18:56:35.099559+00:00,638637b14a6e19faef8261048b60d39966f2274a8087256a42c897f218bca888
2025-11-01T18:56:35.228605+00:00,ef52aa8a99987b6f6a26a4e0d326510af3cfd461328373dcaeedc12a2b883ce3
2025-11-01T18:56:35.349376+00:00,22fc415db58f66581ed3b5bef4b135663149657a6ed7410d31a4e6c34786f1d0
2025-11-01T18:56:35.469738+00:00,7a696b0da6bc7b93edcf267243ece3939bf7c07538b9bb9e047f1e9be33b85c2
2025-11-01T18:56:35.588393+00:00,bb2a4da5057692adbc0641a43a2d2533fb917655c1b192cb15fd975c966f53b6
2025-11-01T18:56:35.727454+00:00,96230bcb7a36dccd513a131235fd643356f5fbc18eec06a0c30cbc0412758d36
2025-11-01T18:56:35.862302+00:00,5cc4b25ee997ec69f12dae2186fecab93d28fb9b4a5b5126743342cbd6cf53a4
2025-11-01T18:56:35.987133+00:00,ff64b7684eca678fbad40e4bcf750538b8b2612d9c779567ec16afe139ea40ee
2025-11-01T18:56:36.112246+00:00,830a9a2e334087d5c598fb33b0162dea43461c57c1543d2a1196a641c95b4d3d
2025-11-01T18:56:36.336442+00:00,9a5a50e1117e970f2f5fa9882607ea7e5224e97332e34c50df117dbc5bcc1a63
2025-11-01T18:56:36.458216+00:00,6a0253eaecb750ec9407a87b798643a92ee64163326ba211caad6053f743a64e
2025-11-01T18:56:36.582896+00:00,e0f31c9598803b27303903e42c1dbd80c86bfddcdbaaa105e3469ed73ae9a443
2025-11-01T18:56:36.709206+00:00,543e5940344e8a05e28e23b2813e814f540dd0b48f1873b6d37c1c539bfc57cb
2025-11-01T18:56:36.836700+00:00,f088dd4b1633f70d04cb668791208847ab2997a7f2c88eb6c2af4b5153fd090a
2025-11-01T18:56:36.962418+00:00,1582e4914e6bc92e0007fbca73abc7300abc38359a1e24c758a9997ede49cf66
2025-11-01T18:56:37.084220+00:00,450f7e36be1ac5c93915d43564158190e8aeda5b888cd2125e397b0196e042cf
2025-11-01T18:56:37.208708+00:00,6730350830f9f12d69991f783b929157a61af64cce2f6f1225bb916544b84857
2025-11-01T18:56:37.342006+00:00,c874d5b4ec8bf3f73c206ec2a2130b758edc564d9722d077b60f5cbeac041e9f
2025-11-01T18:56:37.472727+00:00,fe0b3d5c520f1f2636778d56a0f931324c2b82a019d40fd29896cf2fe822a22e
2025-11-01T18:56:37.606482+00:00,b9f2908b1e335bfb4bb1a0a8d7080827c24c205fc359e833cba164f2bbc569b7
2025-11-01T18:56:37.729536+00:00,8e0328463c3aafb58a68ccf833e29fd18c31e1802c21fa09bc5ab834e22e7888
2025-11-01T18:56:37.852557+00:00,9c3ca47cec2d47fbec6475a3f8bad151fe7149ef5018f3394f225d79d69f848e
2025-11-01T18:56:38.034850+00:00,736d4e5d47811b7d3621be248051b13f93fda1cb3c50c288d1a012ad627ee5ec
2025-11-01T18:56:38.154496+00:00,5d9ea909d3fe84a77c68f47a6149b9688c4b924ed8c605b79d1a952220754010
2025-11-01T18:56:38.273793+00:00,90dccc122919e26b35517f71078653f6d57ef3c6c8f1275576a39d37154f88d0
2025-11-01T18:56:38.398534+00:00,fc2a152e6f0fb13d07487d97ed2a60cb7a137deeacccc2680d0b81c756927f15
2025-11-01T18:56:38.521743+00:00,61799caa95ecf02765b3969c94f0befff120e571516d9998a3b4dbb5faa05e4d
2025-11-01T18:56:38.648323+00:00,2abadf5e38cbd056e60153834ff72f01917babc74ff98ea60c6e9f57e50c5dec
2025-11-01T18:56:38.767412+00:00,851bea891c243b60d7a9b736a6d754d4e2105d8b256c0db62c9694dad3970c3d
2025-11-01T18:56:38.886667+00:00,60595ce7a6a0c89b9c795f553a50f20f4ba0c189511d764eb982791d127401bf
2025-11-01T18:56:39.006847+00:00,7f0bd918c6d4fc6fb7782185d0e0f9adb8e6ae56ad561468d83ea501aa301759
2025-11-01T18:56:39.136005+00:00,064624f0a336436a9ae777f70fcce011bb45d4310c80b1d4a02976429b776125
2025-11-01T18:56:39.260631+00:00,158b980148ce6d823ee5133a146431dc4884e366d01487305268bdb90cba8ee2
2025-11-01T18:56:39.390281+00:00,004676d007891c0fdef21daac6b5d4cf8044ed34501b3537c82422c3db193370
2025-11-01T18:56:39.512768+00:00,7e7a687016c9c97f02068da5fb79503e8ac70ee3c0319bdcb32bc220dff4b49d
2025-11-01T18:56:39.645917+00:00,2bf620b6d5ca13221be76453660b6a002790859e848378c25b283f477daa4546
2025-11-01T18:56:39.769060+00:00,a5f94f3f4887ed5f30282aad01cc00cf6cdeab1f092ac5af5abe50bf6673a0f6
2025-11-01T18:56:39.892465+00:00,9251001c0522a56251d4124e935e201c8348ffecd00847f576ecdad05f353ea5
2025-11-01T18:56:40.016453+00:00,a3eafca8ca23fafac8a5b65572b2837c438ead4dbeacc750d2e8908b48d5e427
2025-11-01T18:56:40.148891+00:00,be902c93531ccf1aa13cc7456204eca8402936560c7e744ea2102a18d92063f3
2025-11-01T18:56:40.276620+00:00,b19fb3972d040f17fca43e34dffa1042c673f403f53532ae2f979479bca424c3
2025-11-01T18:56:40.405213+00:00,be90a11c3a23af78fe66d9ec4f9e58565ba32c5590547f6013edc9fc61b96bc0
2025-11-01T18:56:40.537121+00:00,011c5d8984567850d90a1191e9f181318c279de624e8e8f47e8a252b2d8f2f7d
2025-11-01T18:56:40.655485+00:00,2ba0ec7596d0990344cc946fcd0f2ba610255ada4dda829fecb6a0908bc5397d
2025-11-01T18:56:40.778760+00:00,71b1646c40e8d17fc4814454c7cdbd0beba0d489ca264655a8299ab6b13d076c
2025-11-01T18:56:40.900737+00:00,33f929fd4c924a58da4f97624a36ffeceb0b93f4bb8a5ea19b52ce50a2a19b9e
2025-11-01T18:56:41.018200+00:00,3c71b5aa7b97690c0be110bbea8d9cdff7cff18b7781bf241582e5f8b8d54d7a
2025-11-01T18:56:41.141457+00:00,2d6eafe1a6add2febff10d5fa85d1dc7b0bbd94c8245cf202f5f48e25b587134
2025-11-01T18:56:41.262582+00:00,f1bb5c7ea832b890ee821bbc0e0884a2b0d53e67e2898225d875f8b09d4eba93
2025-11-01T18:56:41.384730+00:00,0f24c3412c5f7800712ea26cc8228a283a02cdbec43cb446e86851ac0aebf570
2025-11-01T18:56:41.506216+00:00,eccb8219d08281ac14dd054124087943dcddb48cd8385b83b47fcf89cc01e179
2025-11-01T18:56:41.627193+00:00,430030b502d90e17d73a7d9833625b93ce630a157cdec176338695ece2e016f8
2025-11-01T18:56:41.748730+00:00,9e9bc21c8fb41f771741d884800ddeadbab7f998dfdd4868c5222a546ef490cb
2025-11-01T18:56:41.868352+00:00,2db165cad3c9bcdf0e23d58455a8358eb99cdc1d176e0ea1e364abef8e6054f8
2025-11-01T18:56:41.985670+00:00,7f5c681ec250e6f29d1d458c7a045f5065ca3525844115c5ccb8ec6660a50591
2025-11-01T18:56:42.106810+00:00,33d5f525bbb34ecd1117d9af995600dd15edad6fc10551bd14d8428328056a33
2025-11-01T18:56:42.228910+00:00,318324413e17811a02f3447fedde19b91e35b47b587e68d65fef42d17208eec8
2025-11-01T18:56:42.351281+00:00,9a160bb8bac90b4d58a6f7427bfa9ad07da816f0f1186ed33b997c1c10b5d0a3
2025-11-01T18:56:42.471937+00:00,72e4166c0021e6e3cfbc271df6dabde500201ee66cd054c5725977f2ec3e7718
2025-11-01T18:56:42.592143+00:00,dd31b5c33466f68e0bd1cead32629dfe310998a82aa6d9aac4f6973109e31f8e
2025-11-01T18:56:42.726167+00:00,8577f2c95fbc854a57dd6edb8d2bb31831a5ea109e6c503089a5cadcc565180f
2025-11-01T18:56:42.845746+00:00,998e39c31c1b20dc13e9d2950e50297fd237858a26643899639927f99c582bcb
2025-11-01T18:56:42.968794+00:00,7604f59d903fadd58532cf317a8e93d274b88c1c4fb3cca394afd3fa86dedf58
2025-11-01T18:56:43.170204+00:00,1286db22ecccd85447a81a956c3e455a8e8378e77d9b4dbe7b78ea55f4ff262b
2025-11-01T18:56:43.286478+00:00,7e8d7fe6f526ef10f31cbcd054dc7c095547e68bb0f75e488222c486533e4a50
2025-11-01T18:56:43.402318+00:00,ada10004eb82837a11b8845e9a762f2ac01088fa147f9cc586f6cbdf2f3ef5af
2025-11-01T18:56:43.518706+00:00,193d66a9b3bcf0ea41faac5a5050a2e519b295c41cd8c9273afe78dd2aed260b
2025-11-01T18:56:43.636799+00:00,cfc30d679c6c01c144f9e736a9ac8729febebcfbf07a63ab2c9c81c7f89a6e20
2025-11-01T18:56:43.757677+00:00,c524e03ca00fb638ed456510340778acdd96f755266b6b85d7275ee5b4b7fb02
2025-11-01T18:56:43.907998+00:00,7c68bb85823226ad9894d00f48d57a9cc8d34cd988b85b2953ad6345af20c844
2025-11-01T18:56:44.024581+00:00,4a935b24c3c48829ffb6e02dbba391ab916d69a6e29d0fd45439df5f01ad10a2
2025-11-01T18:56:44.140627+00:00,78d45048446d5080708747bdd8f01d83a185bee709d753d526b4e84d556793eb
2025-11-01T18:56:44.260147+00:00,7b54b4960e90075d33ef90c594abd680659e62bf585960752a0f2af240b2626d
2025-11-01T18:56:44.385690+00:00,37ff47f15f957a743b2aa6574f679d5a5f4db88bd409e73a7f3d35d68bd19f48
2025-11-01T18:56:44.507078+00:00,5fc5e9cd3d621f00a0f722fb5a62a21c6daae95f5d476c4834cd5531f8d35d5e
2025-11-01T18:56:44.624529+00:00,14c8a9ffb6d6375d597d2356c3c6ec386b73e9b14807be62a1858991267d086c
2025-11-01T18:56:44.747468+00:00,4c1488b1a281cc7c7826f5943dd8e2b89c00654de2f415414c5a578380fea974
2025-11-01T18:56:44.864682+00:00,4de67db3e270b1727057a344ae05aa7d9bba1277e264d62d0aeff4797461adfd
2025-11-01T18:56:44.985274+00:00,ec7c7f0e8dee16dae73ea6cc23ee20266c20e9e229be5ac49911c843d5916f4e
2025-11-01T18:56:45.106397+00:00,7101d461e3c4c15f3dfd0f7f491ebc5a6e61edaf6dea23f0d939118c20eca88e
2025-11-01T18:56:45.226205+00:00,772dcfd2a1091e39d10d929391b0b8e6fc44ce945d72b779d7612fcb18755a49
2025-11-01T18:56:45.347478+00:00,52e6f5e006ccbeab1fff100a0edc213d0f9daf6f2d9e46b05133fa5f4a9d2499
2025-11-01T18:56:45.467578+00:00,97ed9f3efd87bdba0ac47f51b20c90ca14af0fed276ae441bb6c6f6f66a3f150
2025-11-01T18:56:45.586176+00:00,45bb4941a8085d8ca49b555a565394a8916014e0d31c0b849a46cd4b9da93bb9
2025-11-01T18:56:45.707469+00:00,9df11dce51df8b23b8db12c1e4b003c4c8df128448e39225c6d36e1ecffe5da4
2025-11-01T18:56:45.828517+00:00,c44b9fd0867b6c0b006e6a89fa274b36fa85f9713932251cdf562fbf5094e986
2025-11-01T18:56:45.952631+00:00,5b3186f38c5a5216a563b88819245119674a60fa7a7521cc24b90b8d06e68e1c
2025-11-01T18:56:46.075159+00:00,b5b30f417ee2d2a14d2a95c414f36962b176e6f5f538a60ef62532f813afb222
2025-11-01T18:56:46.193320+00:00,7c7721ce0d6ae3efab6c45f09f2d8b72c0fcd639b080fe4065d272437b8da3ea
2025-11-01T18:56:46.313916+00:00,0ed3ac31edfb7bf9cf16874478332871c68f138e51d8c264b623676afe1c9d8c
2025-11-01T18:56:46.437198+00:00,b9e489c55a43be63407ca4dc9c03414ecccba5ba2e8e9ad74e9410eb2c3a4ca0
2025-11-01T18:56:46.562220+00:00,515d5c5378b5d60a7459d359e9807e9019c0bbb3fc9fcba1b275ebf225929a97
2025-11-01T18:56:46.682699+00:00,f227441a842f64d0ac1ec71676e0355a23ac8e10d205da3d4ad3df2dbc1e36ad
2025-11-01T18:56:46.799771+00:00,7d3bb2d9681113f3ef8552bea8748e3fd3373744868c9ee06ab509e3881b861e
2025-11-01T18:56:46.923493+00:00,1780f28543ae69ebc7de88706e697daa0980379fea20df0ebd863d9cc7b20ba7
2025-11-01T18:56:47.046430+00:00,d59d8000286f97c8c9d69943ac4b4b792f6bc85de4455a0b4b83a7220fcbcf04
2025-11-01T18:56:47.167184+00:00,fdc7b66899e2474707f1caf091ebf4fef6976482f927cf5c7aee036e2507d83d
2025-11-01T18:56:47.285145+00:00,8d3ac2c2aa7641c05b564becf001f0620f138b90d793650c699bb1cf1f4c1ce7
2025-11-01T18:56:47.408166+00:00,ddeda8a3efc7134ab4c1253e0142578eac10db77e4539305473dbb54fc557491
2025-11-01T18:56:47.526906+00:00,d9b3f3ba5f64063b540e3c08a3f0c6c6a3c8625f40e3c186eb68a3b619d63d38
2025-11-01T18:56:47.646756+00:00,cee46eee6e70ecfd0f8020b98d66811662c7de488bf37aa3f86801f3c5f25b8f
2025-11-01T18:56:47.769527+00:00,20ef056605fdfce195262eb1729b4b6d7c269ba1dfa1f0ab89ebfaf03add12d1
2025-11-01T18:56:47.889865+00:00,1f19b869516ca35a7c2481ba3a69e7b52f99a4e4b9f162eee83482bf8e03b679
2025-11-01T18:56:48.008209+00:00,dc2f2c2b63739b1dbe4823d55d9ff8cc3a1ed5bfe7dcdbf6af26f4f2f6e0f8a3
2025-11-01T18:56:48.135513+00:00,9dade870ad864605271655959a931a8b8ebbcec7ee8d90f384d7533a9d69597d
2025-11-01T18:56:48.256131+00:00,6917db9dc55d4032c3888c387171051bc8d64c0b48db62449c453bd698959785
2025-11-01T18:56:48.372269+00:00,c3142bb45b950d06108d8a30d148e65d075647905988c0f7046dd8a50b3f71bb
2025-11-01T18:56:48.490432+00:00,d5754be90f5960c3be8390fc7d2e1dbb9287e6ff818e61ee09e85fde0a591352
2025-11-01T18:56:48.609970+00:00,f6172c8db73e496f732e3fe6d8f439f308d020a7bb9b068f702f670ca2566921
2025-11-01T18:56:48.733364+00:00,2436fcb9b06bec7722c9563d90335bc49bdeb952b16562cb42daa2d042fca696
2025-11-01T18:56:48.850719+00:00,bc1d7ba449f78a524e1fbea3137bd7a3e032a5f69d978cfd7ac121b598cd38c2
2025-11-01T18:56:48.970901+00:00,f5b4cff95cdecc04ae96620e8abdb6fc63481630ddf476ef76fba7ebfdf5d94f
2025-11-01T18:56:49.087542+00:00,097bb2513f33241d8b5e94551b1ba0cc77434a5d372080225921919eff1a8b96
2025-11-01T18:56:49.207810+00:00,41fde8577ab239268d02d98f1b283d792f1a5d15e7c42118953506fbb44a5c3b
2025-11-01T18:56:49.326856+00:00,48c84fcff91da1d72ec3e6798eb1abf6deb0351b6cc4dba5009415eabb75a648
2025-11-01T18:56:49.445592+00:00,7e699d22ed4fc1d66fb544842141bcda25d1456d787dffc87a12a5c89ed6a4d2
2025-11-01T18:56:49.566388+00:00,095ab2133267fe2ad86b29eff2ebcd88ef9d3aaf7506583db2f0cba562138a00
2025-11-01T18:56:49.684179+00:00,a51897012d9cf05c226a18fb2e9fee9dffd8e933811cd6dc3471730afed2f0ad
2025-11-01T18:56:49.802951+00:00,0601bb9a11ffc1928940a89eef1dd6298fc370012f6c33ae22742f61e42b81d6
2025-11-01T18:56:49.921755+00:00,8453606904ef7fcadd323e7c1f8da1a274f6f6dd361b41fa04053a4813d2b117
2025-11-01T18:56:50.037666+00:00,e1d001051e35e1f682a6edbb21f4ab544d01d75430bd4ddb9456ed02253f3809
2025-11-01T18:56:50.156384+00:00,c96bfa80b575e61c7435afc5e18163ff6da7505dbfc194d2e42f372a65182cb7
2025-11-01T18:56:50.271163+00:00,a1072aad2bf4cffd4033c72b4352f0b515eb1a23bf0edf182c65cb4ba51cd396
2025-11-01T18:56:50.393460+00:00,c18d9060ac4821c26e4aef8bf2f3886180023ff31f2d567ea828d74b6773e169
2025-11-01T18:56:50.516417+00:00,5cd15c1387593ceaddb5876a44bcc505c55f43c74b4472e8596251cefc4ce692
2025-11-01T18:56:50.638718+00:00,14bf32f696bf13bf797ab348ea64c98d8e006cb785f937bdde350b31f8973e0a
2025-11-01T18:56:50.760041+00:00,3d058e1c6c2b6fb30df0ded2e4c96524fc95c4dedcc407d4ab1728647700dd0a
2025-11-01T18:56:50.881698+00:00,2b47c08df335428f147f5e889d267a2a886b6fd32108679f6ec0340c89c621a6
2025-11-01T18:56:50.998733+00:00,99aa8e8f79536541d084a635669722015924731fd3ed5e206109395df608b2c3
2025-11-01T18:56:51.117858+00:00,531bd63f9dec11592d7386ade59de600f37c260844cb344d262ddbca7cbaa093
2025-11-01T18:56:51.237566+00:00,03163a4ef11a3fd19ee74fbc4bdb48aab2db30bf67f3f411f93281ae0bd69b4d
2025-11-01T18:56:51.354512+00:00,4a33c1ed605fccd111f5a5b1cfce0e6f71669c0e972f1ee291135f89c8523578
2025-11-01T18:56:51.475968+00:00,6cee4e3910da1cc8c9f1b2592d1cc0c6443863846854f1c5283fc5f623f39434
2025-11-01T18:56:51.605719+00:00,517ce0f7d8f37f0dc9b3d8eac6580b8e265cd05fed2a2c4127f5ec1afb2338de
2025-11-01T18:56:51.733649+00:00,863e8888836cd4466a237e772568949444e48a76030eee347e181de7cdbe5bc4
2025-11-01T18:56:51.897167+00:00,92ec9474e7b32584fc4dd2a4c88ca1cb617b67b26b64ca17d163b93747a40861
2025-11-01T18:56:52.018549+00:00,6025ee53a02d1112802bdce67f63fb447e1324b37f9788a263efd2a72066ba2d
2025-11-01T18:56:52.135012+00:00,de8d1592218855c7819d5323197294bccfa990f94c3eba0ae654e8a23f59f2aa
2025-11-01T18:56:52.253638+00:00,7540bd133d2665a20c58b7072e02ca0acafb3dd0f4dce70b08cbaee629493644
2025-11-01T18:56:52.375248+00:00,ff91067abcf5bac8deca83e5ba4ff47006ebd1dca2db31ce801dd436f4918507
2025-11-01T18:56:52.496890+00:00,fdc00a5e8af6f6abb98f7d61a7a046d8fa2f656c60d69b3a6520588e6cefeaa5
2025-11-01T18:56:52.617757+00:00,c7b098071f25a3ea0977ab1df6be9db159998aa5d46315b46ca0bb47cfc5ff6e
2025-11-01T18:56:52.746121+00:00,57d24933ce0bf2fbe1f4ad8ef42e56705d656ec7775192fc2d4060474661ec58
2025-11-01T18:56:52.869463+00:00,080480d693cae35342970f8d900891c65cf77ceb68d90bbb8d1d05fbf7c29ed7
2025-11-01T18:56:52.994038+00:00,0d2fd52636d36d8c8491af94adb087cb5c5e8902776b8d61ae94363246c5d6bd
2025-11-01T18:56:53.116109+00:00,f0aa85bcca30743d8a7b9588d56c8edb97c713f9fac181d4d68d63dadc2479a6
2025-11-01T18:56:53.309884+00:00,d3f7d80c2bfe44a98c4235cae1602687161ec108dc74d60cf1ec2f7aebcc101a
2025-11-01T18:56:53.429426+00:00,3f4211650359183a2549eadb0fb4118a8f667f366f78fd86e3fa63595397b6ab
2025-11-01T18:56:53.547145+00:00,e1523eb1a4b48e5c0d863853b6d88d6f6e98699bd80a6720e8d759c457d85ad3
2025-11-01T18:56:53.671408+00:00,fa7975546f3fd37734c733f90d8d5f198ee200fea781ffe56a7bb94bc267fa96
2025-11-01T18:56:53.790270+00:00,3ffc4fba5fefeed350372253a79e0a43aec6d48829c6f48c3d8382d2d5b25a7b
2025-11-01T18:56:53.914374+00:00,6c651a6063f77cf2cccd2854d2fb67b1ceb55c39e83511d68769fa2043af7d1f
2025-11-01T18:56:54.035423+00:00,c2769cc7b04d1e42ce8d64737435d029329827fb55ae124f2acdbb3a8557d552
2025-11-01T18:56:54.153537+00:00,dc92c0a8c20ef1c15cb238e95b3b8978038c65ebe5f7e77531f66de97981baf9
2025-11-01T18:56:54.274979+00:00,cd26333cb269cd1c139a7f36b715b6fccfd3e6b3f138ea82ceb686aed99c9a14
2025-11-01T18:56:54.395661+00:00,73ff46473c3b320b19fba901e44740221dbc4867f8a853a1ebb8ec1ba1000c84
2025-11-01T18:56:54.516739+00:00,7651e41ffac923205ad784d6b97a657e19aadf4159fb1097fd370245df03dbd9
2025-11-01T18:56:54.646664+00:00,e2c7eb42da9f4eae95853dad4c48aa3e3c4e2e1f6213653a742d89c0fced14c8
2025-11-01T18:56:54.766952+00:00,d68c1daee2772e3a6539e9ffd1a58a7cc000ced2eca179dfc57f7c885ea7dade
2025-11-01T18:56:54.884759+00:00,77f98aa921f7f13fc4df760180d119717695e86e87c2b35f4360f774d3c04863
2025-11-01T18:56:55.003059+00:00,c04ad56ba456c1a179bbe2f7a4fa210228190328ffe8d2c11057d56a9f0f6aa1
2025-11-01T18:56:55.121275+00:00,2999ee42820350599d87b66bd04d98098352f635427bac81a90c35d8d39535cb
2025-11-01T18:56:55.242520+00:00,d1efc2cb0b727498f2b9c0359e308dbd6f0bd1a241abe6b2901c3790b9fb7eae
2025-11-01T18:56:55.366990+00:00,2ec3e5b3d0a5fae0fd8354c7686268b154106b1321324d69659c8878765792d6
2025-11-01T18:56:55.485794+00:00,a9b289f9d706e1316d6f7aef67180f10a01d432fb6cc66c41a12f8b9d78cdedc
2025-11-01T18:56:55.602331+00:00,b1d017e837c00f4eaa910a606256eedab65c9fa82f055784f08d16bc053cd0af
2025-11-01T18:56:55.723026+00:00,79c385bca260272d9a320c151d5b165725ce8ccac04db6053f96de2887853f79
2025-11-01T18:56:55.838968+00:00,da1337824b17905b9f03bafca67ad7ea3e1662371aad72ce68f13ed17d7d4555
2025-11-01T18:56:55.958889+00:00,9f8ec1377cf6c3c2848c6a7c2daf0d2d3e4179641fab06001d0fada0653e0939
2025-11-01T18:56:56.082253+00:00,bd0492760afa5f69880223f992527b41bda23930b98085288c7dd3249df361d6
2025-11-01T18:56:56.197081+00:00,4c32098033aa8b8e526c1cb09f56c5a8ca2e65c6297247f0c19a46acf79ede83
2025-11-01T18:56:56.319742+00:00,10829c7aca46bbf13fe01b554b7bb5a89eb378b1ead239e3d606a091eb2d04bc
2025-11-01T18:56:56.438424+00:00,c88b1a94d992860dc7d22d9293c5edc849473b6d950e1a77470eee567b62abb2
2025-11-01T18:56:56.557164+00:00,c786ef42591b0f3f139a9891d3fdfe6ef131bb89269e9d414047f70c1dd23e15
2025-11-01T18:56:56.676867+00:00,e129af30b609f555a8b71cb82cc5b7b0aa343d79b2437b45abdb4bf15b2c4eed
2025-11-01T18:56:56.803707+00:00,8981f743a5a3671c3aea50c85953ba042560cf13ca6761faf6c268b837309edb
2025-11-01T18:56:56.923071+00:00,2f50d52234e92e44fc4d653db7ec9141f4a3fb4df2ca0b60b37fbb5ac05f612c
2025-11-01T18:56:57.042910+00:00,e0033b56be0dcd6286fe0a7cd092020b4b2144332020e3ef48e7b1976d7f60f4
2025-11-01T18:56:57.160966+00:00,a792c293050892a8811b99c98a89101f70af20464a738410e1d6a377d440346b
2025-11-01T18:56:57.298961+00:00,bee37968ae6ab54dcb67b720ac2cef8450aa914b651bb1c02335ef0d54d268f0
2025-11-01T18:56:57.417159+00:00,3d3b674c53cd837cd21eb6dafd268ba0219d0e6c2f75640cce34b1d0a4d6f3b6
2025-11-01T18:56:57.535557+00:00,c0bad404a46f73194eeb4507c2241649557fff3b9bf206a85a3f9edf5e3a60fa
2025-11-01T18:56:57.657888+00:00,0c13753c51ed6211bfb3770ac9078174749d3737e4c3daacf9a03806672ca2cb
2025-11-01T18:56:57.777464+00:00,7be3165e10bcb4fa030cbb30e6b0c35c2c2e1c5eaa3fd475932850d7081080ce
2025-11-01T18:56:57.894315+00:00,e3d7508cb51a836a87ce4efafb3a7bbee02a4429e0ffbbb63bfe1486d1653314
2025-11-01T18:56:58.014875+00:00,753acfd035db61b8ac1a63d2740e41bf26c601b7490b33f19cb7bcbc8fa5c81c
2025-11-01T18:56:58.134052+00:00,407aabbb0e67f369cc9b5931fd90aba46f4900cf3c30157fc033080a4202c214
2025-11-01T18:56:58.283912+00:00,ad784d694d86fb292aded96e0dd0b3eda21d473c169779e266347740da7ecc3f
2025-11-01T18:56:58.408597+00:00,833f7028f9ee39901e46c4024fa533573b8cdf6fb20ad72fdde28fb682764921
2025-11-01T18:56:58.525778+00:00,c31436278177a50f9794f6d73240b09c9c030533c9ac9e842b4af789fba577a8
2025-11-01T18:56:58.644120+00:00,4df934dc36e734d24a6020d62dc68e1fba06cb9da265f31ca5802c1d9e0e4faa
2025-11-01T18:56:58.763958+00:00,f634274bb1bbc39c63bef72b64073498f0f3b160cdea98152936ae4f835e0ca3
2025-11-01T18:56:58.881082+00:00,447454a0de8223c2692bf0423aa90e3dcd4c9383e946ee93d67325bed32c028f
2025-11-01T18:56:59.004125+00:00,34359921cce14e25b270a3e753ecc9108e082c5e2cca32fa0fbca765b486eefc
2025-11-01T18:56:59.125033+00:00,e17142dc8f9d40d73f94a59d189f7bfae092b2c61917c0f599b9d71f13e87d3d
2025-11-01T18:56:59.246298+00:00,61bf5a5de191b5933fac6b494a12799811746512227ee79080f8021dec4e877e
2025-11-01T18:56:59.366557+00:00,007f833ccce45ef6342b78d4b9365d0171bf9006451decbdb018e14dd02b14c7
2025-11-01T18:56:59.487543+00:00,b7a983c580cf837e2dd6e55269974cec5f185ccad542cdb631bbcdbbe0a2137b
2025-11-01T18:56:59.606748+00:00,a88f1b8651c4149adc781cc471a04225b592a63eb922fc27747316dd1fec17ab
2025-11-01T18:56:59.727445+00:00,72ea5c103dc416acec264aeaacfa0b3cb5842fb75afcbc0dd4eeb33517e8fbfc
2025-11-01T18:56:59.847486+00:00,8718fd4d24ab162f1a32428c97ac105c488cc43fc277fb955209d70cb6e12a4d
2025-11-01T18:56:59.967274+00:00,8b0e57b0b175392c55b9a77a1338e600f6410c91725d227f4c872f0c40dc519c
2025-11-01T18:57:00.084240+00:00,5457610edaa41b9a97778ef2e5ae4f520839e515827b3d14aa27497c5f7d7a92
2025-11-01T18:57:00.232301+00:00,d4b19c404b9f8b17e282adc9dff5648c3cb9f08799e40211257f60ebbd2858f5
2025-11-01T18:57:00.349727+00:00,acf6fbd5c13611cf2768cb6fee5ca0cc2a4cc1abdace07ba23afc2cbd153df5f
2025-11-01T18:57:00.470451+00:00,75dce95d2e1d0f0bdc8393ce90a3b95fc14f09880ad226b67365b235998e9f89
2025-11-01T18:57:00.590794+00:00,f2e4d7ac082aa95aed5a0d588edff62a82b65c863caa5d29480e1d5ce5a7bb33
2025-11-01T18:57:00.709570+00:00,52f7d9933c484320615c961e46de6b7a929a34aa60b677852ad871ebb4bf2f91
2025-11-01T18:57:00.832909+00:00,9c13181bdf197ad1e24d505244e3691a1c16dfd20ed7f903aed419677bf15a76
2025-11-01T18:57:00.958288+00:00,fc313701251c8b303061cb6eb51678b5053aff2c44734915ee7388377d1dc16a
2025-11-01T18:57:01.084055+00:00,0f0e66de44020b3bf808e97472e877654c65c154666716e7b176b85861bb48e3
2025-11-01T18:57:01.202523+00:00,c03abda49b15948be48c95bacb7e7a19939c8c543ec6c8e7bab6eec6da3b9f89
2025-11-01T18:57:01.324340+00:00,b94b7c8c1231ad5eacb72f3b63e320d0b9f1e743a6f04330d40ac21f96d9c01d
2025-11-01T18:57:01.442666+00:00,f5dbf15d67a17b9d305bf788436a66676f093f29352c68f6bc99808544987d9c
2025-11-01T18:57:01.563532+00:00,6d366f4ffc55ff6f9f557e19c863d7c9047b2c2c74a0a245ca67260cae3674a4
2025-11-01T18:57:01.751418+00:00,4bb1765d881b1f944e3903b0bf784c034f8b940c295601ee754ff70ee430d0aa
2025-11-01T18:57:01.876451+00:00,13b6ead35c632654906f9bee388d06a2682a22c007179c41bc7a2a02868d8a3d
2025-11-01T18:57:01.995362+00:00,1dac3f885d9f0c6c21e164575cb2431803cdd7a1b5d3acd00b33fe1f4b650f8e
2025-11-01T18:57:02.115409+00:00,d7f36bb863b1168ca691a01c09893a878b44bd29185d252e7166dfd6ae055c29
2025-11-01T18:57:02.235546+00:00,e6a56e54071fc72d09798cbd5fcb4d53652caf38b79621dcbaeffadaf561deb6
2025-11-01T18:57:02.365375+00:00,6c22e4f031e2642fc22528a29a6135ee9d564b49594f0a4d5eba31b839a0c7bf
2025-11-01T18:57:02.497140+00:00,676b32ec1f48e2009bcb27d40b93190a80eb64172fc8ef3a71905e5248e5c79d
2025-11-01T18:57:02.619715+00:00,85bb3191c2f427868930c8f5a91d1c7275513ae51b52ce3a4dfbeebee86093ae
2025-11-01T18:57:02.739095+00:00,ecffd9130aedd5ca57827096a6fb0f74e5a6c57f3bfd87576e4d526d3208f768
2025-11-01T18:57:02.866067+00:00,6f2d542af8c946198218b2e06e298c785ca78841211e35263caeea4192753bca
2025-11-01T18:57:02.991811+00:00,02ef450c921d86a7f7a80010df7e0903a508fa4502e3274bde939b575fa34681
2025-11-01T18:57:03.111793+00:00,593324bd84966f4399dafc7196d1b6c695bd3421dc2639de670d3d0f3e2f1d36
2025-11-01T18:57:03.233401+00:00,2e99eac2994184cd8b99dcb16d23fd9ebf1f1b9f411c07f976289fb37e3e1c7f
2025-11-01T18:57:03.515087+00:00,c77bf3ce484cb096b3783973c6ed6ca08e1dfde1d3919e0be7c27d55432087b5
2025-11-01T18:57:03.633814+00:00,cfefc1594155529237ba93cc400516f63131858f8c9c930a91cfe36384af8e1a
2025-11-01T18:57:03.762346+00:00,8678fd9e2882a8c7a224ba332b7f5163505bdf82dee5e911e203744c6fffbeeb
2025-11-01T18:57:03.889413+00:00,57ae3a1213bf01645974a8608bcb3c71742e7a85de208b75d86827914589d9fe
2025-11-01T18:57:04.007951+00:00,663c4eb8fce6974b0c787c7cf7fdc9b2987d237b955e1411092fdd636aac9c89
2025-11-01T18:57:04.129933+00:00,603f3f5fedb5ea5d754eca21bde3d487a73563c5ff297a7419b707f33d480154
2025-11-01T18:57:04.250950+00:00,8197d34ac6d012e2f5f0418bdd7c311881010ebeb12c8f2981e152980e2b9f9c
2025-11-01T18:57:04.372885+00:00,52411697156b1e92ad908cb887083bc8f1eef14dd1106379d0f1946c0211a051
2025-11-01T18:57:04.494218+00:00,74af1afa60f7770ff677e10f650b2f5cfcdb2825680c5b0383a3a5096d61f06a
2025-11-01T18:57:04.618245+00:00,f3700773a948e89d1621f80d81ebf7545c0568214991faabc31990442c08ab56
2025-11-01T18:57:04.744033+00:00,3681d5cd7315e360f24228fe0893c96bed8b00508ca207c175abdd952dfcd7dd
2025-11-01T18:57:04.862727+00:00,81a7b48c9e968005613dc3edbf1d54131842f36de8f0e705e2e7cb68e62a8fd9
2025-11-01T18:57:04.984221+00:00,974c47762876c35021b240b3ab6afc443e7e26e7fabfb603187dfca137801e6c
2025-11-01T18:57:05.109143+00:00,2184634ca1c2cee48f9562a4951c6123ed4c43bb0c7b092cfe3a8cf79fe30fba
2025-11-01T18:57:05.230877+00:00,3d7eaec0d5133ca38311c8a238ea4bbb5d618a09749ca2701aa621bb24bc195a
2025-11-01T18:57:05.459554+00:00,78e2192c20c79b74f862f34f21973527771bff5969a12937e30f1dfa56068729
2025-11-01T18:57:05.585762+00:00,f3164a64bf28bcf0ee354070e60178864e6b3d292c572d6558579296b10ce9f9
2025-11-01T18:57:05.706605+00:00,c6b92ba3caf59076251597482b4dc47dc3633eae59a1a0d2e378368019cfc68e
2025-11-01T18:57:05.831531+00:00,585708c7600b54219795ebf4d5a6d66eae950e55c252763f92b5817b16a09c9e
2025-11-01T18:57:05.955382+00:00,d45d6b1771ecf828f2bad94e672282982076766acfe3fd547d5bc15e4872a63f
2025-11-01T18:57:06.076421+00:00,796e01ad17874e780fac2f26ffcc3771d4a95d4f0eff9d980f86ffbd0a4d91d6
2025-11-01T18:57:06.199080+00:00,1cd67c79eb231a7a87bd9e4961d867a6c54917ad11c66d0bb0fcece78c72d731
2025-11-01T18:57:06.326100+00:00,6cc1632ec4efd590ea69a56e439574dc79f79a5ebce10b3407c5c008babb9e80
2025-11-01T18:57:06.449497+00:00,6889244889d6993fa62de3230c954c20db9d503fedc04ee28a589fce94259376
2025-11-01T18:57:06.570098+00:00,0cf7be214e93f5fe5bc67518a0e216b3c42801187d1884d2bb3ece2458a63d69
2025-11-01T18:57:06.692283+00:00,e18b35a59322398179117ae0685519406218bd9351375c152d436dcd5637a8a9
2025-11-01T18:57:06.816699+00:00,a84ddba4b0b1cbef12f1927091e325df25b653ee8d7488e700f85be02e7b1ba9
2025-11-01T18:57:06.941601+00:00,68f33bdb8f1d52e85c29b566663b4cc82e90b06bb9d87dd9c98917bd568a0316
2025-11-01T18:57:07.061606+00:00,8b3cb3c00a211090a03bd54591cbff13bbbf9f3786cb71aa9a13164ae032790d
2025-11-01T18:57:07.184782+00:00,610ce0fc7864f69ff91e27d0084f3305360fe4b5468d2ab82f2bd0a91b61f00f
2025-11-01T18:57:07.306541+00:00,8f7c5cff75ffadeeaa0bd004a3cdf8dc320cad577bcb81f8b981c425db8f3178
2025-11-01T18:57:07.428331+00:00,f788a38eb18ec992af5cf06797664304db247191b2075121ff9c19800cad4b1c
2025-11-01T18:57:07.870544+00:00,52bffe3acf9a0754bf98628570e3964a15534c775bfe4744ae52b6a9b27d850d
2025-11-01T18:57:07.990009+00:00,1a4fbe44437f6ba36183bc58809d97312142dc27bd470212cd7a89244f601962
2025-11-01T18:57:08.112884+00:00,100e20f6dcaeb3322ece54364322af182d961a02bbe73dd3718782fb994c869c
2025-11-01T18:57:08.241832+00:00,ce4756602d1ffb4f27fb3af59b7fe083631c5fd970a8f6f0a9b33d4098c253a3
2025-11-01T18:57:08.509185+00:00,d4fa6aadffc88d6859a1c59c48ce3e12f15aaac906f78e54f66da2ec1478e325
2025-11-01T18:57:08.630127+00:00,db97c155958d11eada693bb9d853461f5da6821f64ac42a6c06001bc990be8b7
2025-11-01T18:57:08.748507+00:00,c798a9948b51523dea0865eb9e675628e9bdbe2ebfd762d374948d75fb028919
2025-11-01T18:57:08.866837+00:00,f66823515343c2ac0cb47c1ba12515954a96154b479d88bb0ee9cc7410cba516
2025-11-01T18:57:08.986345+00:00,8021bbedcb261ca7ca6c85366913e68c345050ea55fbc63302747dea4e0319e6
2025-11-01T18:57:09.104337+00:00,9e300dd3ddc25f24e9c1e73125280b5a34cc4ff0002ac9517f718521e137bfa1
2025-11-01T18:57:09.228030+00:00,699889690fb3f061d33c9dedfdb0a3e0810f7210db708b2c449bc5b959329496
2025-11-01T18:57:09.346297+00:00,1af3a262cd211459efcb19bebfabe0057d00008569fee6dec0932af2630af65c
2025-11-01T18:57:09.466807+00:00,2bdb8adac78f876e4404196f5babad08c913bd022dd1c345bc7fd842af3e3a86
2025-11-01T18:57:09.587402+00:00,db93b36445b4baa6f835f1b9389e3d2feeb33d85c7eab6e37c02cd66f8d2455d
2025-11-01T18:57:09.706098+00:00,786081cc173c71d48049acd87fdf497277d132d6f5ac8641caa68124bb35d70a
2025-11-01T18:57:09.830518+00:00,842019c9840c6624af59ca76ab19974357cbe392cd62b3ee9bb6acb778c52574
2025-11-01T18:57:09.949986+00:00,eb31533a17c1f27c3b1ff1cb5d286bace003882a23c376322f5ed5a034e203ef
2025-11-01T18:57:10.074700+00:00,6701fddf51ab6a4a95c205a52321b2ccfc964214a60a6c03a7d05b91d59323ff
2025-11-01T18:57:10.199322+00:00,2ace6c72f61b5ea0908c0f0101967d58dc457e2f367832b9a1b6ba902446fc01
2025-11-01T18:57:10.321551+00:00,b1fbdefdd2180ce26b60f2ae8e851b8eb7b2152372f60d2c709092df467e139a
2025-11-01T18:57:10.438344+00:00,02117e4e8d884cad71a55ddd34549751a0994d83bdfbba6dd8c70ebd89769f77
2025-11-01T18:57:10.563354+00:00,81d2b5ba07b7a0274e92cffc42f858c9cb2e5662f598648f02bb542e3cfb83c5
2025-11-01T18:57:10.680371+00:00,ce9e3e8c5756be7bb8f5d94101298b2e32efc78b1aff7c2a398732d02be84455
2025-11-01T18:57:10.803542+00:00,3bfd3c0be1e6af9d4329b5e5c70d578ec9a1c79aef7d3908484099bc8ec82673
2025-11-01T18:57:10.929100+00:00,8727f840050c42fd5ed65fd23c38bfcd2f0434d7723848acc68049025536d780
2025-11-01T18:57:11.044928+00:00,b35bca7c6cca8f55215d627feef91501ea99b4b121e3f48ffbac409ba967ac7d
2025-11-01T18:57:11.164988+00:00,849e733a04573cfd743882522fd128abc77025b3b00b9a40db7e644c67608713
2025-11-01T18:57:11.287191+00:00,24f0117bb26c781c2d5631e4f8fbc8980988c67f3ed65495b3cd018dff2459bb
2025-11-01T18:57:11.411402+00:00,fa2446066eba34be3d0e2e14c800cad258b5c86b1d15b27f86687abdf82ee22b
2025-11-01T18:57:11.536261+00:00,703afa99ad17c057703a26c94775c301897d6afb00df60f40c8ae3ff37bcbffa
2025-11-01T18:57:11.665127+00:00,1c53c5950d7afcac4cf49271d378db7b53146d41fa7a03b5ccdcb1c66818080b
2025-11-01T18:57:11.795812+00:00,c69ed05eb83eadcc1522ad968709c17dce977e7ffd7764aa1d19fea8814b8ff4
2025-11-01T18:57:11.918359+00:00,d0fb7b2a8139af32be1f2b9ffc5b57f64cc4ded56091e4255a6c597e3f4d532f
2025-11-01T18:57:12.039238+00:00,a1a2446dd4c16645eaf7d97a40be903c01cfaac4f7ee3ee88b5434e602d3055e
2025-11-01T18:57:12.159539+00:00,170b81e9bcc50de8027d8ecadb9e56e4a74562a10693ac761a83fe2699891caf
2025-11-01T18:57:12.284391+00:00,6ff9df8831509352856337328a6c9fc5012e81afa15be978976d8c5f1d7feedc
2025-11-01T18:57:12.404288+00:00,4795ec644f392fc88ecde87d8e09fcf523f8dc9a0583301126697ca93ee4b6ce
2025-11-01T18:57:12.528335+00:00,261bad6e593811a6c996dbfae7aacbd96edf3cfd1466441944dc14d6b787e50f
2025-11-01T18:57:12.649981+00:00,f181824f59253134f341b248ed01274d32f42f5f4068d4490ec4f45a11fd296e
2025-11-01T18:57:12.774383+00:00,ed827f8ba4455c15aa1be1b8de54d491229f14cc07c6347a8b31a4ad8871f6bf
2025-11-01T18:57:12.903405+00:00,38a865aa9d050e4933826dbd7010979c3ff70628417918c6203f458b4a7bdb67
2025-11-01T18:57:13.028255+00:00,e888b232d978ebd9041cce74b75e8a23f39052ade37ae44010a4bc95b0b15d00
2025-11-01T18:57:13.150230+00:00,6ecf6c3d2d11482e893040b46aa220994726394ea72d200feb6121bde3bbc13d
2025-11-01T18:57:13.269212+00:00,5b5c7056c46f4aa50057f1a82651d12b42d0b272fbc3f5de7fd69c526c9aafa1
2025-11-01T18:57:13.629152+00:00,d8dccf57b7d99d0a8a91f550abc762d610fc8a062becb7db07def3cb4d392313
2025-11-01T18:57:13.772199+00:00,91347c03f076d21166c86711fa85f7bca2c07a4c1c0ce37ff9a34fd7f8910909
2025-11-01T18:57:13.932592+00:00,9a83af84f8fdb17dce15167980844b337d6f1b61922e00ef1733e1b0eb1198f0
2025-11-01T18:57:14.059560+00:00,a0adf067c7d05f5ae15e98a2db76538b5ba00c0ef61b3138c01125b6ed09ef3f
2025-11-01T18:57:14.190608+00:00,247e97dd80a268160828d5c5415392cfb9a781151d73a4a01258df9cc018ac77
2025-11-01T18:57:14.326371+00:00,a450e226cd596cf10e6d70bf9e5db2a9e54e830c65ab455119a2ab0a16e13b0f
2025-11-01T18:57:14.462231+00:00,6cc6c83e82dc9708c826d817ef6964fa294399335e2a2b5a680dc4209b2627b3
2025-11-01T18:57:14.581867+00:00,2eb1fba0961e1b4f07d4bfb8777507fb821ce71543c0698c14e01a1f5b93433d
2025-11-01T18:57:14.711227+00:00,a6d3daede379ced2edcefee8d96e5e4457e6ba6221d1d503b689ded455e77367
2025-11-01T18:57:14.849425+00:00,e385077482df68884a533937c8ed76c8c65c07ac403bebcd2d55f5e627ee4468
2025-11-01T18:57:14.974068+00:00,c80a2b3dddb299f492ac6106596ee65e55e71b9cd44dee6c8ed7dbf709eb5cdc
2025-11-01T18:57:15.102533+00:00,d2ce3bce4ce2e15d2f7501827b3f51c07a632568bdfb3b9f1c55c04597510f8f
2025-11-01T18:57:15.234240+00:00,f02bc23a4a3fb371e7feca74b8895c2f955c42cd17f8f2653ccbbb61d8154e43
2025-11-01T18:57:15.423120+00:00,4c63f68498e1630a6f3d61430ecc8d0fb8fd74ca20d29eabba7e4f6a435cad75
2025-11-01T18:57:15.579131+00:00,92ec56e0b9bb9adf430e9822876a4f003d89809dad753dd81189ec855109f752
2025-11-01T18:57:15.749539+00:00,8fbf152598a7c3ff56f4c1cfb70468c5c742ac3a0a4b197cba84cca36cfe9200
2025-11-01T18:57:15.940614+00:00,d6c8366dfa6e0c36b61f7b4833fedc62c74bc3d285aa6cba87e133fb92d00aab
2025-11-01T18:57:16.102975+00:00,23f5424ff15ed31de3719e27aed0e8cff2c70636afcada928a8ea5925bddef8e
2025-11-01T18:57:16.238204+00:00,1be5d19c867688f9aaf5112909b00a19a650b1887438e1ba3d1a72d9e11ae811
2025-11-01T18:57:16.363822+00:00,5de6200b0c4d00a697a55a6720641401b0533f979d711341e2b874b7d97d8636
2025-11-01T18:57:16.493204+00:00,97f85518c756a63abd4d668afcd9dffb62dfdabde6d3c9baf6999a5ef600292c
2025-11-01T18:57:16.623949+00:00,b114cf894f1574603a4e0677cf4d928d2d67ddc30fb9596946a28ec13e4f335b
2025-11-01T18:57:16.746830+00:00,c4cb34f936e1887281638b2a2ebb5fef80f020fdc987fc7cd4cb6900f93465bf
2025-11-01T18:57:16.872643+00:00,02dd65120b04e5e4e689da5dd87a80e6cccc87c1760ca3491016a37b6dc4dbfa
2025-11-01T18:57:17.011435+00:00,19f48afcf0bf4e7d232a470f28b9cd11e7cf04c71af7e2e8d1c7c2c9d143f9a8
2025-11-01T18:57:17.140217+00:00,0f8747fefa7f44bed12aa4bbab8402cd8abceadfe7e7deeaf00ac38f7cb23d5d
2025-11-01T18:57:17.293994+00:00,6b7ff73281c4fb5b93ed0614ffdadf0d5a709a2c44b2a864225b7b1bec62e6d9
2025-11-01T18:57:17.425274+00:00,c71481f4e5d803c354652c3f9e1f0420e5aea45341f4a10ff35a228a99f88a6b
2025-11-01T18:57:17.559769+00:00,5fbcaa79fe2c82514503b7833c0d91b7e2780eb8782a384debf5bcb4e623bc78
2025-11-01T18:57:17.700227+00:00,2246adc2205856bc3a793b421aebc426c6d1f4bcb269c43bcc38eaf3ac455dad
2025-11-01T18:57:17.831483+00:00,a140d40c8def971219e955dfb13174fb3106bb1e32f50e482e827cc8eee4781d
2025-11-01T18:57:17.973262+00:00,8b988fbb2204498d8b1d8f3fc61bb344ce98fb777534d2e36a537f5f230a680f
2025-11-01T18:57:18.110224+00:00,6ce3090b5dbc90ad810d0b81e1b9e5ef2b2b3245847db4838b416f3449985f65
2025-11-01T18:57:18.241058+00:00,e1934431f78459aa48ec032fc1ed9dcf5cb96ae5066aa41d5c95a6808a4e1ccf
2025-11-01T18:57:18.370646+00:00,4aee3de6b933902ff34336389caa739fab8758aa095c0f7c18b6bf0c57ccf7de
2025-11-01T18:57:18.855923+00:00,25824dc055849f590a6298148cfa2834b120b5b8cca332080ea88f5c34ea0f92
2025-11-01T18:57:18.985986+00:00,dd246987a997de1d8da160e352bd02cf7d183f392793972a3a912dcdb766d648
2025-11-01T18:57:19.113481+00:00,12f04f35745db9f31a1d6c3f7935a457cbf978e78cf09bd31dab603407ee2490
2025-11-01T18:57:19.239045+00:00,28241f69b4d1b37fc1e865dd8fffc4dde7a35747878660b56ee17b8fb0011eb1
2025-11-01T18:57:19.372828+00:00,b38b9da6fb8ac25bb283dae32c8d1664536c2a209cf6af3ff559b3b36e3712a1
2025-11-01T18:57:19.505537+00:00,a80fce20783146b7b5eb624354cc41002c7d0ab06a7bb8b0e3b74dd2a4f61813
2025-11-01T18:57:19.634102+00:00,fcff45dc434cb87d8c35691b864997e57398847aa7f8add86e1407906da38947
2025-11-01T18:57:19.761993+00:00,7b7f11e2fc098cc2f0c8efaf188de25feafc50c63b09d3ad3acbce7539303be3
2025-11-01T18:57:19.894908+00:00,1e39b7b1f9678d206d8a69325521c52d8069ce683d1588264167842e9cbd4b75
2025-11-01T18:57:20.040133+00:00,e05beed0c2c865f3bd75441b29528b92a1a97a4f37aa0ba94af7f0d376bdb803
2025-11-01T18:57:20.170109+00:00,e1cb8c4d0d25c867b728e258d50356432ef5c7bbfadf0811b3a72fc1b645c36d
2025-11-01T18:57:20.304583+00:00,7a4d2ae8ba2fde7bd526fe60bd68f91fb35fe458602ec4ded0682b18e25de51b
2025-11-01T18:57:20.452286+00:00,f046cd11a38e5ba6442230964a2bf90cfe3a3c13e9f53a0dfbcf70f252dd1393
2025-11-01T18:57:20.580170+00:00,281e7f20215a29628745f1e564f14b96a958d4484dcd6c7911290972e684d40a
2025-11-01T18:57:20.729257+00:00,f7a87cf3cde322b3bac58d5aa8de2f82b1bbd61c68ef6e1f9e0cf387c527eb72
2025-11-01T18:57:20.860209+00:00,5ad640b1d0e02bcfe7207bcc1202b767c1b1e4b535cabd4cce0f4c332c5a59ab
2025-11-01T18:57:20.992433+00:00,a3fa0b50346cb61ee0b5353b94f8f14fb093414dd1ff63db623c316ed5aa59a4
2025-11-01T18:57:21.114899+00:00,b8428f265158ab9b936635e1193bbdeb6df7dd3641bf123fae8fa81118e5ac8d
2025-11-01T18:57:21.249318+00:00,2637b8c2f4ce5c82615ae66245d8bc2ec4d1447749f68093f031e0ff26d13683
2025-11-01T18:57:21.389247+00:00,074298556137ddc089df2b2ce86e9bdf33743bb5768d4aba8e51913b64e3a284
2025-11-01T18:57:21.513105+00:00,b9412bff91a0a8ebe356c46deaa89a18765371f9f440763391d19bfc8fbef81b
2025-11-01T18:57:21.641270+00:00,1c6819c1bf72f7aaca6c3a021c11ed6113a70d77ede801610c5ed5dd6d137898
2025-11-01T18:57:21.779200+00:00,1cbd1f35e558ff79e88e3831f71c73b0764ccb037bc0b7f8d1c719b0e76a4e09
2025-11-01T18:57:21.913296+00:00,09b568f082c2e1cc4ca7bf943f59c0e5c94f84434c285e8f10adcf1dc273af48
2025-11-01T18:57:22.035213+00:00,8fb8e6e748be4ba5a86985f860cb485081f2e21577342647ccb601d84277c061
2025-11-01T18:57:22.172810+00:00,dfcbb18e533fdc5273db64ece3ff8812dd5469e00dbe153c9a62ffa6e503b01e
2025-11-01T18:57:22.297166+00:00,8b302c6de1a248aa9c81c5bc9a7419112f03d40a0c9d5e989442a894cf95b518
2025-11-01T18:57:22.420980+00:00,baec921ea7cc5bc4d5d61fbc56edb5da6657532405457cbc8a035e0aab50f5b3
2025-11-01T18:57:22.544982+00:00,d0e9b923d3c00fe23c368317b05e773ade9922434791f61712961a4800317fbd
2025-11-01T18:57:22.671184+00:00,0bb28ceb7661449fe833a16deb2062f17b4504192c844cd435bf280a890a9714
2025-11-01T18:57:22.799111+00:00,21dd96b0a4a10daebeb0135bc4b1131eaadd3f4b571e8248efffb05dadbc0de2
2025-11-01T18:57:22.928987+00:00,0614044181b4186bf98916162a72dc7547a931f055930b178178ec7754755b96
2025-11-01T18:57:23.062453+00:00,b90f5a012eb56a8c4f4855c33a0542870078115c5bd228e9e36c208b5448fe9c
2025-11-01T18:57:23.193921+00:00,5eedcb7ea2c1f6243891e27bd8339326fe45ac01b34fe7688bede6abba0641fd
2025-11-01T18:57:23.329292+00:00,2ef247a841900bb957708b5e8009139d6345618062a09e1e39cb0c1d15469ad3
2025-11-01T18:57:23.451880+00:00,7580db841688e07e5b122aa4f3f5034af344ce95ccfd838df3eac75210916411
2025-11-01T18:57:23.575510+00:00,a44e2abe6897b45c526850befbc41805fe20b09e0bb6b8951acb56bbcbade48e
2025-11-01T18:57:23.700228+00:00,10d3f14d289345a9972ac00a43f5abfee90665a1969874092e1b23797b0b3b78
2025-11-01T18:57:24.097962+00:00,9adaa88ee7667760c05c33d8c1a3957fe71c9528559596376fc4042d01d4b8bd
2025-11-01T18:57:24.236253+00:00,5f68fb9961931d5c3a9f5ff15ffa3c22acdae1541da2b05eaaeea335b801af37
2025-11-01T18:57:24.366244+00:00,24e2c03086b342e4439bf89ec66df5de4ace31369625624c55c17d1d86277040
2025-11-01T18:57:24.506159+00:00,f2ad97ead7009a1b58ca8e7ebdd7d55b632581af269e3920d1de89d5b596f470
2025-11-01T18:57:24.632359+00:00,e1362af6e24a471bb93e26c4d6afd6c7d462e916738efde6f27a4e9d6163bba5
2025-11-01T18:57:24.761600+00:00,6cedf1accb8711d0ab554abc1cfbc3fdaf485e11e3009e37a4eac473dd7356be
2025-11-01T18:57:24.890733+00:00,51c6331cbe01789fafcaf1662f09871952f6f68a20230bb2f0e499bef8cb310a
2025-11-01T18:57:25.016261+00:00,7dfb218ad8bf9b5c380e09f37663447d80456fb0b9dbd975f7ffa5b7bc3073bc
2025-11-01T18:57:25.143756+00:00,f20cf184889102d58c6231b1160fd9c0152d6c58be741f170e1b5e671ca9104b
2025-11-01T18:57:25.280357+00:00,80b2666fe55443635fa2f37caa85b872b41217f318400b1c59b19f5366801c70
2025-11-01T18:57:25.406988+00:00,21adc6908d15515416ede5dbcaffcc1eb1a63ce167922d799e4536d095c6457b
2025-11-01T18:57:25.531594+00:00,9dc475c2e2311c030f81f2657d90eb02e203ff351254532d5203786af0dbb0ee
2025-11-01T18:57:25.688209+00:00,51b367c49a160083f3249b51fdc395bba30314f3a181762c74a7571416556148
2025-11-01T18:57:25.830089+00:00,eb9956c783aebcd74f0baf9f12ee60a8ae3eab4546d6f9af3c931a998e0aa8d8
2025-11-01T18:57:25.975730+00:00,0f4c7cc10e5d779d0f4f8a9edf174d785e01913832e60f90805181f54eef1be2
2025-11-01T18:57:26.098124+00:00,ff76126818ef28bd47f3b7e731d0984ac38e9e510dddff1a6b7995fbb2e1b0bd
2025-11-01T18:57:26.230030+00:00,e42c9e8ac255eca4b671b0194cefd5e741c66ad3f9d7d218da6929e9086aca9e
2025-11-01T18:57:26.397847+00:00,50f7771ec1b28460806e44202809c023e32c641be03c276af2a98cb5da445a7c
2025-11-01T18:57:26.523710+00:00,0ba5924605c0496b321e60c9959fb7c9364e7c18a5b976745e652254abf84294
2025-11-01T18:57:26.650988+00:00,56552211be337ca3a4fb5416e765c2fb0a397c89fb7c84c716e2fe442cb1ab5d
2025-11-01T18:57:26.782997+00:00,6e87faade0d7ee0e0f73d48edd4347049120735e811c27098569648da4cb13fd
2025-11-01T18:57:26.909708+00:00,9fddb6c6bd46fc130c27d4008bde54c29bd962a66d391e97be6c6fad3547a19b
2025-11-01T18:57:27.059773+00:00,cd400e634b8c58f72b6d4acbe605f864253f3de822be0c8b0faae0c52d0de05e
2025-11-01T18:57:27.183490+00:00,6ad73ed28807e1518298091899f3b74c2abdf1b96c462de023675f34cc18eead
2025-11-01T18:57:27.312318+00:00,4c0ba3a69d0533964cffc939dd0a23dd601237f5c331ff04592f3c0e3d4670c3
2025-11-01T18:57:27.438531+00:00,513e00245796b0cf78c52a7555d555987736636a21a542f2d45d4e4ace9bedbd
2025-11-01T18:57:27.570591+00:00,db6d49177cedcdcba4bb0b255940ef6f8156d79be656910f93bd94c221b66ee5
2025-11-01T18:57:27.693636+00:00,8ce30fa816c2679016e66c3bdc6256073cf30434dcd8c087bcc6f2dcf6ae7c8f
2025-11-01T18:57:27.851346+00:00,231b0616a323d6b739be3c0c9e16b3ccb45f5d68c41d4d67a5aa02cb3d200351
2025-11-01T18:57:27.976475+00:00,46233e120dbef2ce15f1f0b7c83deb63cab9087c6833a7928f23b2118badae30
2025-11-01T18:57:28.103482+00:00,6316342b41b77a3478115a7066a227fe25b2bb3c1d6abe000800c17bfef951f1
2025-11-01T18:57:28.232868+00:00,900396d4be40b372c7e5ba7dbcb77df449938bb5248be9e33d614b37cf3d13a0
2025-11-01T18:57:28.356912+00:00,46ceab0d5b6674e943df6fb8cd1022469748e8dfa1453df67133257994db97e5
2025-11-01T18:57:28.486398+00:00,158ddba3c393f7726e6c7db0cc2498d9e05266d81f09d0180ecaf32e8d799412
2025-11-01T18:57:28.618194+00:00,7e17c78c211ef116fdb7c7e7f19fa67d34d7d0fc1e9fd2899a09a10e2058e259
2025-11-01T18:57:28.753915+00:00,bdf637567403c94c77f1c9aa4d2c57fa7a562069a86a5eef9bdf74c866e431f4
2025-11-01T18:57:28.878699+00:00,4738a4078e3a3d9f1ab423afcef6c5deeb07059208395ff1c54208ce7d005bfa
2025-11-01T18:57:29.007392+00:00,3617521f6754ef9b37c3f253b83714887eaa1b3bb88644cd399ab55be8df9f84
2025-11-01T18:57:29.378827+00:00,899bf07e2788f9f281c9c8b302939eff082c073cbc4ee4b242d58c1cad6679fc
2025-11-01T18:57:29.502309+00:00,123b3bd5907f387c9509e04560d2ce58b4cdfad71db7109c3beb437040f22d80
2025-11-01T18:57:29.629625+00:00,3e294c2c97fe5dabbf739ed71fa6ae678bab830a14c95bbe762944b40a013aab
2025-11-01T18:57:29.752680+00:00,85deb15560c34eb64c1a3a6e2e2610041725d00460bf498424088f39057f250d
2025-11-01T18:57:29.875867+00:00,01446e7e70540cf4901a615b4e694b3472e0090ea0a8c41450fc7f8f4ec18663
2025-11-01T18:57:30.003259+00:00,83bddb689f9f36973fcbcc45fc0c55c26679c703e40e77e5b531fcad210ae4b3
2025-11-01T18:57:30.153812+00:00,e068288506db04a8ddab57ed32ca4bab4c0032a99eaf416dc48c9320ed885815
2025-11-01T18:57:30.284271+00:00,653f87ff78311913925090143f70e84eff83c4928c3bf88c10813159f6f6fa0b
2025-11-01T18:57:30.409513+00:00,e7570bee9a0928f7e7ec86eef43d240ce47310cd6168860d2f5b0ca0976142ce
2025-11-01T18:57:30.535516+00:00,2216052bab6b3744e5b55573b1437ed3a746dc7c839c3d0e757c6f778246e75e
2025-11-01T18:57:30.655567+00:00,13654b7d5a357b742173cb5e0e1a6e0ff349dd988eca57603e1ef5d87c5db2fc
2025-11-01T18:57:30.783383+00:00,1dd825b5212697d76787f2c0ab1862bc3a941cc42eac4827a1476b826b388c9e
2025-11-01T18:57:30.940284+00:00,d2e60224dc7318acacfce84ac6ffb4cd6ca2089294d9fe556cae8ef3100564c5
2025-11-01T18:57:31.070730+00:00,1723aaf2feb7ecb2cab6133de669a5cf077c91201b54d83e62c0a7753c254bff
2025-11-01T18:57:31.192523+00:00,562f1aa0bd73ac9e5d4750f18d34c66378b5743a0dab95714131efbdeae1e272
2025-11-01T18:57:31.321496+00:00,0c72a7f8060b01535c70d5d237c77902095f7d787e4265b67ba5f504acbc16b9
2025-11-01T18:57:31.443971+00:00,3dc5838712f6918821360e1115aac2c1f6da7b654824d70902b5ab44537840a4
2025-11-01T18:57:31.575944+00:00,6e691d706efe470db15fa4edb97580fcb8ce7ac20081bfec77bbf40a39e41d4a
2025-11-01T18:57:31.702778+00:00,4c62a9f19e06aa83fa213947ea97ee71517d583d3e214ff17ce4ca6f7bab170c
2025-11-01T18:57:31.834245+00:00,7e2220378cb010a237be0f6567107774446f6f2dfe635fbcebe855d58fa3971d
2025-11-01T18:57:31.962362+00:00,0820531aece45e9037108af6eb3fa5fb97ec9cf1f55b508b218f0182be12caab
2025-11-01T18:57:32.086203+00:00,76b8acdefb466c32ab269e20c280259e9cb094a097f4a14ae3472528270852f5
2025-11-01T18:57:32.216083+00:00,4d1714df7c743ca9964cbb09e946a820e0cb101389a3823e8e9972ad57c96afd
2025-11-01T18:57:32.344223+00:00,7c6f418ad4058548e89b308e16c08d26ea7f5b15302f7117c27662a887e70d80
2025-11-01T18:57:32.472821+00:00,b2e74a89c678c3de0f00bc0645364b26d24a8c82284f70462b0879d4c51f2a28
2025-11-01T18:57:32.601281+00:00,d9b0a124b4400ef901eafb4d678858973db2114abcba39185388871657d549db
2025-11-01T18:57:32.736908+00:00,4a76c2c978a27089a14aedc0be99aa44324e5ccda71d18251c479f6ae394467f
2025-11-01T18:57:32.863920+00:00,5c3b8de6763042ecbde4ccb7810f7b65e0493a62d81a23ff6ead52ef2a3c50e1
2025-11-01T18:57:33.003854+00:00,28852dd54b8a3ca010fc3835620eae514b1dba7f4e4cd37f7eca3b6337e58b5b
2025-11-01T18:57:33.133789+00:00,107e4ce8617c050c6bb190e40d442fe3c282130a43639059aa5cf855246e98ef
2025-11-01T18:57:33.255682+00:00,bb15dd11a601bdf17aef9c548ee1de2af38593e6e4886cd00a823240ee554181
2025-11-01T18:57:33.389391+00:00,58f3dec9f8242cb3fbfeadb0863280a0d2c6ef92848db85223ebe19230a4e9b1
2025-11-01T18:57:33.515326+00:00,7780ff338370dfc4d7d22be0398db04d8eaf884c2b27e8a526f27d2d196b1fc5
2025-11-01T18:57:33.690268+00:00,1357bc7272e1756703f4e5df4893b0b0a5daf469efb9ac46f084d0dc483079ce
2025-11-01T18:57:33.824265+00:00,3c3c1dbb90b157c98c6870578532a91d6a0e1461997587a6c56a40c2ebfd23df
2025-11-01T18:57:33.956963+00:00,b0cfcda4deefad5ef8ce91defaba107253c55b2d25a0824ff04597454a2cc4a0
2025-11-01T18:57:34.085127+00:00,c9f383f02e1dcc4e678d7889d0f637c4fdb1ce358ef23f52551675acc82c2d9a
2025-11-01T18:57:34.214362+00:00,572495aad523b9e5b638864fe2a2df6c8354dcdc3c7de334d8c8c887a937de4f
2025-11-01T18:57:34.345553+00:00,81aa6a1e431aee4337396d87462bbb01854dc06a228781c620d98fc275afd361
2025-11-01T18:57:34.785193+00:00,f6c435c5cc01d5516fa46c691ec9f8153cdb86e2241627dc1a98b6c362301b89
2025-11-01T18:57:34.912276+00:00,cf2dbf77243a4729fe7e3bae86c35faace38dcf61b98b3c1fdfc8679e21d71d4
2025-11-01T18:57:35.048914+00:00,18e91627d16bc603fb0b3364b0acd1620399f95cbef520f41f6f891896a8495d
2025-11-01T18:57:35.174820+00:00,1a74d5c4ca40a5817cd56f3158c2d9422f47d24ddf2862a712f3acc5f6e5e66e
2025-11-01T18:57:35.302078+00:00,0fe9b09d8e87423f90cd17f187b9569f1bf7c8149fed74b5f96fdfd0d4e0cc7d
2025-11-01T18:57:35.431624+00:00,e582dd918ba4a6790022f90fa1517efc4c6794b8a075b8c1f14b90faf4ed9b92
2025-11-01T18:57:35.558493+00:00,481abb1a255f4ea88859e45389f00ad9037f1f93be52ef0392bc1a809f00a64d
2025-11-01T18:57:35.714926+00:00,f1c53d5113108d64b231ef8d5558aedd3f8098bd08b66f1635dfa8e7dc74578e
2025-11-01T18:57:35.841761+00:00,e97fbd12b0f7271ce1719a3e972eb848fcf2b983a8f06da9cec575bc5ad35d2e
2025-11-01T18:57:35.979250+00:00,1b2e5bdbe0b50df698b44d025e5a23b010aaffb1568d30f32dcaaa027a96c0b9
2025-11-01T18:57:36.109031+00:00,1df31f16f2a1388bf2965f751e1ac97e70e20bd85d6f523ad8d9abc31737c013
2025-11-01T18:57:36.243497+00:00,121779699e83da739ae71bd8db7561beac400115cd057debea96c2d10d154280
2025-11-01T18:57:36.370183+00:00,a50b9e87b3b51093b935b3e610876d0d4f1aa15125a406a2528aaff391fa4783
2025-11-01T18:57:36.491836+00:00,3cd8df6689c8cc3197fc967e7d9db9c8849ae30dbd6398d72f87f24f32ecda74
2025-11-01T18:57:36.615263+00:00,b7134f3f704d775df562c3f1f7051f1160328c453ef0f6f3bc9d7662813a629a
2025-11-01T18:57:36.758154+00:00,043e17a10d4fdd08627edc65a9c0e8e9120857ef1a4a086556c38c8bcc9ea4e4
2025-11-01T18:57:36.885764+00:00,2e89b88ee8c2e4eb0f8d47f43407586671b4630f39fd9a0e912f3ebfefd89765
2025-11-01T18:57:37.009573+00:00,477ea7229c41a25914f19283721e976ce714bfee0e8d30ba3a0e65068c2eb6c2
2025-11-01T18:57:37.140025+00:00,809865e38b90d8e239c86ecafb4afb940953c46fbad250f17d81e588ac903514
2025-11-01T18:57:37.264970+00:00,76c74fffa0512aba0bd9fcdaacc5ab90c0f7ef0e50372b41a1b0287491d87479
2025-11-01T18:57:37.395973+00:00,5e0be55f43fc38fb685edd827c659441232bc06ff3fd61211bf08a328c8a041a
2025-11-01T18:57:37.523162+00:00,0d5e0ecaad2a6488af682626d50a34c2941fee4b777f0e0fe75880558429a344
2025-11-01T18:57:37.649636+00:00,642d798dd08a520043a36f8b6813b81b54c2bda6d7f0610911ae08df1af354c6
2025-11-01T18:57:37.771058+00:00,6288097b00cb27f1bd95d5ab4c5ce054b18fbcefb3d2c31c7df2adc3c4670546
2025-11-01T18:57:37.944680+00:00,3c0a995e68bb33f578bef9c141e803945f6bb98c389d5a8349817d1c0e4d749f
2025-11-01T18:57:38.071194+00:00,b232066981346e493a36f0643a9dd4810351acc01d3bddb37e9f93d741b76b63
2025-11-01T18:57:38.198148+00:00,b549fb42ae5f5aea0b3c23fcb214f4c78fa4880ea581759d6d6b154f6ad59bdb
2025-11-01T18:57:38.320923+00:00,9ae4220c1c88035bde2ffd4fdeb1358dade0a641a74344c89c4082f5ab4f82ac
2025-11-01T18:57:38.450877+00:00,2b154fb225105bf6f87b9e057e048dcf8d23025b0de13372ecfc924eb15a4895
2025-11-01T18:57:38.595760+00:00,e265ad9521bb2fb31c2659a32f1b33aff8c40aabdc12403890a3e6bf9f279128
2025-11-01T18:57:38.740502+00:00,8053e13e9a08bf2a3358f47261135170345b275b99ca8ce42c65c353163b02f0
2025-11-01T18:57:38.867887+00:00,783a3d8464ff87df82c9a84eed9ce5c32c44ea28f6cc04a89b419820275e6da8
2025-11-01T18:57:38.995399+00:00,4dfb5fa6551c7f845bc2e1b5e04e4bf7604ce4a6bbf39c29d48d34aee62aa812
2025-11-01T18:57:39.123110+00:00,6fcda5ee596c33d3a5e8cc3d971473dbc4836f04037d7869732ea4ffc78b4d96
2025-11-01T18:57:39.248925+00:00,1761d9c44074df7e2d70d82ed8102eef67da05cfafc4a06d8a060c94c404d13f
2025-11-01T18:57:39.374341+00:00,9bdcaac7259a2e603c47133f5a1fc74efd2e4c953af560ba0ba23fbafd7f6b20
2025-11-01T18:57:39.500027+00:00,dd517f26b24c67a4e84ec1dbe08e9e5efc4247fdd5378911457191131cd43630
2025-11-01T18:57:39.624156+00:00,9a790f198255b83c2ad6ab9265a83cdd1b7ec2e828462ce41392aa41c7c841ea
2025-11-01T18:57:39.967523+00:00,f3248bda9897b515b0e7dfa7d7def6870f7a6053cecdbb1d000a5a8b48d2377b
2025-11-01T18:57:40.098425+00:00,4489b918fcda0cecde9a5ee3bfba1d37027fc613a57488bfaea492045df73c18
2025-11-01T18:57:40.221631+00:00,8229466258c88f7ca3959fe01bff2078e9f942bc01dd57251d967612c2587edc
2025-11-01T18:57:40.351766+00:00,590f7229ced4d4312eadf80f7c228bf152d640e95afb8e2e38b7efbc7a113073
2025-11-01T18:57:40.479598+00:00,bf04474f946bfdc29c34881c7cb32842384eb9076d6fdf950faa42bb6e9efaef
2025-11-01T18:57:40.609168+00:00,cbb5c7b7cd5f12551894f44af002b006c76061cf849cfbc83df74ee9965563b1
2025-11-01T18:57:40.765453+00:00,166f2f75a514d7c32f961c4d44316ba638203ce3b158251c0ee6ef38cb41b82b
2025-11-01T18:57:40.889975+00:00,da63fb3317582a051a76fcf96a0fb28544f3252bf836420f0e56b7741444885f
2025-11-01T18:57:41.034974+00:00,aafa05942fdbc31d4661839a3fd6752c54c6158d22594eb005073a39d71cb909
2025-11-01T18:57:41.161479+00:00,b5e64d95afcec7ccb2704d963ceca381165f71f9410b82df62d0a97de5a6f271
2025-11-01T18:57:41.300038+00:00,cacb159b6c7f15db9c7e449cfc70fdfb04738d922dadbb18ccdb98aeaf65f557
2025-11-01T18:57:41.425181+00:00,9aae6fab4f2ffaebc9b14be7ca931e5918919ea37e80182ad1ee207f67986d6b
2025-11-01T18:57:41.559127+00:00,4167ccbd47c0e0891e9e2a81edd41c68ab2e2acf71670a0fc9ca9e8aeafdbec3
2025-11-01T18:57:41.689212+00:00,25980e279d9a20e62ec6ca41c4d9fe54cdf51a61c90be1d77c0dd70d14a31b77
2025-11-01T18:57:41.826260+00:00,2d81f673d8411166d7104576f48a5e02bf4cf5ea0aba4a5d6bd47f7d4480cbfd
2025-11-01T18:57:41.953124+00:00,acc23eb308e6a2118de9773411e49e8b7b82dc58b9a71ddd03d6c23dd558288a
2025-11-01T18:57:42.080128+00:00,20f12a935ae714f0214b4b01422f8c6cd76b6668996a3e094c5c731578b4cd4d
2025-11-01T18:57:42.207337+00:00,9e10b2eae2f1116c7681b08522d52476a1a09525a4a642c121e8a55e3f8d3a69
2025-11-01T18:57:42.333769+00:00,bcff66cf57feb17954569b8fd672225082fee0fce905eb2724c252126f03212e
2025-11-01T18:57:42.459082+00:00,6643466ea4196d1af540f45d9977252348a7fb31a86899e1dcebf617829afbc1
2025-11-01T18:57:42.584648+00:00,a3824cfe6950e0981ef0d1d581a73dac37f0886fc0d5113a3da80d52cdc3c706
2025-11-01T18:57:42.723215+00:00,4840cd31457d5791fbb088f58bf9c5b6c3317c2adb255a5ffbfd9f845708cc92
2025-11-01T18:57:42.865740+00:00,5b9789532f17dd652ccb2f9f2f9602b2bd55b6cf181ab6fd0528f2c41a52b7a2
2025-11-01T18:57:42.992174+00:00,4ef8b69d67da62b9e7e05021f854cb7f5324793ae92a0c6008ec5c3258fe4b21
2025-11-01T18:57:43.165275+00:00,864059861a58f14b6daeb668246fbf4a17ab037b006fb13ff078770efd1c6bd3
2025-11-01T18:57:43.290251+00:00,5eae01bb932874cc8c303d5e666db398e8af254f757fb3a99aabe246a84cd8f9
2025-11-01T18:57:43.422100+00:00,ba46a73178a35ffb9cbf8e228d42988b2abb559a6619329353ed3c3aa348ded6
2025-11-01T18:57:43.546152+00:00,032f93350e76f9b0bf719520e14d5aecb2afaffddd8bea4d1e2d7450f82b4014
2025-11-01T18:57:43.679550+00:00,f79769fefe65b1845a313d01eada72f25d80fb220e8edb8395fb4959cb0be1bc
2025-11-01T18:57:43.824574+00:00,0ac1fa22ed2f54ec9d79ee44a48ec21854c85a2ceea37225cf49335965067ce5
2025-11-01T18:57:43.952259+00:00,547f4342e82337fe9988be24816596d0c6fabd6f791ccb8dd0e525a1b66dccdd
2025-11-01T18:57:44.084771+00:00,1f62dabd1556151914af267709301cdb9eb0423053f43e5da166807110e24651
2025-11-01T18:57:44.212110+00:00,dd8bfd7987ab14b4dd91ec99458c870c1188fdef2aa12fd0bb76f7f3c721850d
2025-11-01T18:57:44.357078+00:00,aa528363187203b414b8b18f098ac58069795c5cccb6e2f8c8f1926caf5183fc
2025-11-01T18:57:44.480032+00:00,1956df1dcbf7eba09aa5bf068eb4b5fc70cce4f2c7309f20bac8bff795ec6880
2025-11-01T18:57:44.610803+00:00,677373b8bbc12ca005118cf8a7fbdebabdbc85e452aaeaea2b0379c763a97ebd
2025-11-01T18:57:44.733673+00:00,5ce9c116db2415bf1c4a686da99dcc2a3527f5db52539299e0a800c4952e3b16
2025-11-01T18:57:44.855944+00:00,2862142f60d01b0ed4e1cbd9456f8c17b24351b5185f2c1d4628188697927cb6
2025-11-01T18:57:45.320074+00:00,6d6b88cfac99022f0b5cef33a5bdc76f292d6ef19f54d07837140e0eb6f961e8
2025-11-01T18:57:45.446891+00:00,07e9a263dc6bcbb58f0b159ad12fe9dd9a5e4d2cb5df388dd3a1f33b59e9ffc6
2025-11-01T18:57:45.572728+00:00,062beb3ea58e29d21f612aa4737826408a8751f4a5c453ee44b53b5dfd72d0c4
2025-11-01T18:57:45.698043+00:00,c313325f8c167e87c962c28ea59246f4eed1a13a43c026af9909a031c520573a
2025-11-01T18:57:45.827566+00:00,459c02aa0eef108ee6f0cee37d6a679d7ef771737b6e87dec78c115d885fd80f
2025-11-01T18:57:45.950710+00:00,5484080969219fb9f334fcd9ae175bce96a7a6b6d02896bb8f8cc39ad8012196
2025-11-01T18:57:46.074684+00:00,ef46463d2fe70609ab337d1f4b9095aa313ed0fead67c3b9bd07a38ee26e4e6d
2025-11-01T18:57:46.198826+00:00,325a598154c12beaf076a56f26bf413179721196476b8dc07606a259645da701
2025-11-01T18:57:46.321363+00:00,875ce78cec1cbc3d8518e4b76473667781d40f0f7f538cef5fd884e082ae3424
2025-11-01T18:57:46.451532+00:00,f55d2a564c13b4174ed1279ec0134ddf2b6685b6da957b22eddf602559fe5e82
2025-11-01T18:57:46.573349+00:00,1a68c08b0af5ce168bc52679184857cb09ff04f362c9915a05e9dd03ba9fd2c0
2025-11-01T18:57:46.699863+00:00,43140632497cd8c774b64b694bd209c7ebcc0fff3cf9c41ed09f5f73f3e5bcd7
2025-11-01T18:57:46.826341+00:00,d297f0629696964bf676d5ee83f813062cf29a37d5cf489b58f7890157f2d4f4
2025-11-01T18:57:46.949212+00:00,3be0d7be23c4392d529b53d84d4a61618ec151f7d56037fe0e7208d85b8ee6e1
2025-11-01T18:57:47.073575+00:00,6dbba01e471551c7e18a473a53daec13a4e9a7245fc6214d5855785fc21c5f54
2025-11-01T18:57:47.195711+00:00,8aee91fc3cb43732bec558a6f0e77db648188de5a929300afa27d59c2faeb6f6
2025-11-01T18:57:47.317848+00:00,9566c00d9d55616e45c6e3ce43bdb6750634e64c62b46dabbf32d09a22650b7b
2025-11-01T18:57:47.449211+00:00,40c590c07ef7fba815f136fec7f42c915d7403bdd17061dac16e949cd0ab626b
2025-11-01T18:57:47.597346+00:00,530b90d5df3c4cc0fefe4a61e2c14dbcd0dc669d0a196594f129dfb584957a38
2025-11-01T18:57:47.740944+00:00,eb69270a556b44022d16d72f9d965d257e8a380e040e21ba1a895323d9e6c515
2025-11-01T18:57:47.860806+00:00,0b1f583bf504cd79a7559f09b7af48a1d51722689369bfcebda6ea68d1681982
2025-11-01T18:57:47.983471+00:00,205e6a416c3c08cea4dfde61173401575580b79ecd4ae570d8d3d386e3ddc7af
2025-11-01T18:57:48.107974+00:00,d9e123e72b09a8e0e7fbd982ca8c637efdd9300b029ac5cc138f2002c87cc4a0
2025-11-01T18:57:48.232707+00:00,3c3f4c8c6693441465caa89763072792773a319a6f38ccc7fe75ada4a6d139f0
2025-11-01T18:57:48.366909+00:00,f2ec3ed86f5f00d4289a416549dd850d25f7dbcf611be5245446c894129ae4bc
2025-11-01T18:57:48.504489+00:00,605cab99aad575343b272dba1c647cb96635412111e40a062367697f0be54363
2025-11-01T18:57:48.634589+00:00,263a28860397e1980c4bf870d70dd22c35b91ec5c4f26f8c8674f7fb494b8575
2025-11-01T18:57:48.762131+00:00,49a5012a75ee85c47781a360d4f26152c763de206e072a3318d1d0e261db431c
2025-11-01T18:57:48.884893+00:00,c5094044c74810155dad7fade9d90e0bf25bf4d03dd601cd5127f8440ed79749
2025-11-01T18:57:49.008862+00:00,74ef6fae0d403b0ba4f0a951e7139fef9b7a1969aa4b256847f2bdf19b2ea479
2025-11-01T18:57:49.134105+00:00,db6d469f1f6302802b128881e436cc9e020cb0513cfa22b3bd742c587dbcdbb4
2025-11-01T18:57:49.256256+00:00,f01620c44761d0013096d4e53992d5ba99a20443fe35e913e5e4d27dbb178eb4
2025-11-01T18:57:49.387736+00:00,2484123f9f65ea513be15edd13a573253b79b0c1d5f5f71d7fa6ba90f3b24a8e
2025-11-01T18:57:49.509053+00:00,e1e61a741efd1f2cc11a1b518f7ad3182b280eef17803d57a76014a4b228933e
2025-11-01T18:57:49.634102+00:00,0115088cf8237993d440827683bdbbe298a95af8238ca080dd91fd75ec6c96f3
2025-11-01T18:57:49.759664+00:00,d3142d28c0991338695e1fb474ca25c4b7a530a5aa77f549ce586a7ee3fdfb6a
2025-11-01T18:57:49.910978+00:00,2a4b02dce62772e1277c9e7a4f8f1b28c696e3969897915e68b507365ddaa6ff
2025-11-01T18:57:50.035529+00:00,d1a63c2994ff6540b52e15b877aa2dd410f3c947dfac8293ce116f122f2dc495
2025-11-01T18:57:50.160803+00:00,e480d4fa3626b4b588785714578e2837880dc4943c5b4af4958df2ffc82b5f74
2025-11-01T18:57:50.488876+00:00,bacac5b08bdb0b248a657402c9d6529a273a8271d87e2a37a66837199ae375d2
2025-11-01T18:57:50.612128+00:00,c833b64eeeaddf9d3be94167ee67f41ee9f8df7ec2bec354d96bda84d1c3694c
2025-11-01T18:57:50.735221+00:00,664e72c175ee23271cab7b3999b2d9a998fef3d88fbbcbfe47c363a943f06c62
2025-11-01T18:57:50.867203+00:00,d4dc4ade099d54774ab1acdbb4578a4df69bce424a184aa22371bf3aa61025cd
2025-11-01T18:57:50.995735+00:00,238cffd07de42cd47ca7934c51007c9cc0f6eae3da4ead6ad5e49b14b4a930df
2025-11-01T18:57:51.115148+00:00,76d3eb22cbee2380490e4ddb48c5513efe8d3b675b93d05877978d3fb8bc56bd
2025-11-01T18:57:51.249396+00:00,183b7ff44df3c938f81befb16a5c1ad9c879c641c77996b36db9546a9e270b63
2025-11-01T18:57:51.378996+00:00,0e6c0f4233e91a31b0d4941f149838aad37a2b181ebef1be7bbb3e89bcc3451f
2025-11-01T18:57:51.506758+00:00,85099c96aad716d443d56250e1245e8d34a074980ca7bf6da0e6c5b59affa48d
2025-11-01T18:57:51.629029+00:00,5536081365f72369d25ca3446c24a651ab1e4f0f6aefe8e34a4ac24c7e8a4cf5
2025-11-01T18:57:51.760596+00:00,25a88b077765d362e8bd5ae9ced9a64c92c6b09c63ab59d20d35b8ce82286f01
2025-11-01T18:57:51.887985+00:00,a7e7fdc634f2f4ac509954e7a14e47fa0b5094107e4f8bf494a19acf959ba6d0
2025-11-01T18:57:52.010433+00:00,9008a3fbf4f032638a8098b28704a82ee1dc69ef40fe29a8a8e0213efda299c5
2025-11-01T18:57:52.132318+00:00,59a3ddd7312d2ce8015f67363d56bf43c0f70dadcb408e64f59d9d14b129db25
2025-11-01T18:57:52.260026+00:00,6bc4b13f641b1d426a31931fbe8757e864dbd01817d644c337b78b2a88cd8ce6
2025-11-01T18:57:52.384426+00:00,9d3da654f6a28c144e885626252d61e654ffcb908b0635d45197080ead23747b
2025-11-01T18:57:52.509885+00:00,b084796618c64dd271c40831f31c745a14bb8f21b21d8087bced3abd54476907
2025-11-01T18:57:52.632743+00:00,65ff85a211f4e847f3637f6a39e9be092120c62e5568870096ce74e502c94dc5
2025-11-01T18:57:52.754205+00:00,5074807362cd741609c040d18cbcef1cc7d59a57f40af478d4486f059e17f0a7
2025-11-01T18:57:52.882506+00:00,d8ad3d8185f96f6bc330fb386346cb3ef5fa661dbb1f26b1ff093169a5e28fdf
2025-11-01T18:57:53.004933+00:00,5a8cdaaa9a1d61a2d1175bcc82efeab44222493985ebba31cdd4af369aa407ed
2025-11-01T18:57:53.129134+00:00,1103edd823e894a336b35bd26c691b65ba73c3eb087c5b156db3e5a4fd600119
2025-11-01T18:57:53.251787+00:00,d887eb45faaba12b8fe4e20593596f0ed6bebddafaefa1a8b725f89897bc67ad
2025-11-01T18:57:53.372049+00:00,61d1ded503bd47fb9484f3d7e3e5a87132f4630e758c6352638e3992e0586552
2025-11-01T18:57:53.498571+00:00,a1f3a0e1109efcec1a9112e89a79599b32893a695a49c25c882ee86dd574efb7
2025-11-01T18:57:53.624937+00:00,62b7d196ec6523683a549473bce18709ab591884d74cdbca28f468e0b1b5695f
2025-11-01T18:57:53.747077+00:00,91a9d3eb56399bbc37a4a71c06cc0c90051522c4a9e56aff2c580d3eb13f4a03
2025-11-01T18:57:53.869787+00:00,a46e1b006d0a0a26600348af488c6d0246d60d4914437da9730580ef32d9090c
2025-11-01T18:57:54.001741+00:00,425bc182b7333f424f75052e59e9ac5baa896a0b301811ce217303cf01c2ae08
2025-11-01T18:57:54.125746+00:00,cb51d8eba2f3dc1e715c1678129f87d2294fabe01bc2b8e1101b20022f5e9a28
2025-11-01T18:57:54.249040+00:00,79ee67ca54a01eb710f9b2a9aa57f429db76ed40dc7134bb04eee6150b774dc5
2025-11-01T18:57:54.367934+00:00,473689130c6fb80b466f5a348a5dbc070d57d756b48016cb83fc91e98a56e7cb
2025-11-01T18:57:54.501948+00:00,ca74167f4a61bdcad8d94890ab06def0ee6d5f1799cfc8db41b530e351edc131
2025-11-01T18:57:54.646066+00:00,bea3e468820c0ae8e26ca78cfafa17590f89a1545f60e26e518e64ab197f7016
2025-11-01T18:57:54.770013+00:00,49c61b7c742ba7214deb9875dbdccc198e49beec3e1c6ced3b866473aae61b06
2025-11-01T18:57:54.894494+00:00,208eb461436e0c6980d234b16a57fd6f7b7a5189a10cafb108ff5812f4b7aece
2025-11-01T18:57:55.018833+00:00,127bd20ea12d13898426225754ecce53f49107116255e68f60f3ef06dc77b20b
2025-11-01T18:57:55.141315+00:00,d197926b6a5eeb810470017241a5a8f29b067504320997879813eecbc5f8f1c8
2025-11-01T18:57:55.263724+00:00,a1e329126aa1abb89ff8adb7fbcbc5054bc83995859357198fa2290ab1b37d6d
2025-11-01T18:57:55.393135+00:00,817b5591b9182dd67e19a6d0b97aa9dc69c2ca3990c4e20eae2ad167c6bd6634
2025-11-01T18:57:55.780832+00:00,cedebfaca3b27b8742d45a87a88fcead93dac40262058020de90f8b0116ee995
2025-11-01T18:57:55.904282+00:00,1460714a1caae775e581bcfbf694147577933391982550c7388aaeb42079eb2c
2025-11-01T18:57:56.026080+00:00,9ad74a5989052e32dc3b7e273e2a04ec4c5db590b2d1f785860b5563d90261b7
2025-11-01T18:57:56.147429+00:00,b01f008090bc0ecd35c3ead49d3ac4b4f296012f7caf2d4d13b2a0f8c4971c7f
2025-11-01T18:57:56.269198+00:00,593fc00134bad71c0de8ba6c910bb29d7ca95cdf8d017e40d04e59ab9d6add5a
2025-11-01T18:57:56.390118+00:00,c908ad02b84fc03ff91ed9d0fd1a6dfab0a5051aee71f9bfe8d1e5874c0a4cdf
2025-11-01T18:57:56.516403+00:00,e881984e357945a8503cd539cc9685b6948be460ed0b103721557dc85aaff585
2025-11-01T18:57:56.646660+00:00,bb0215ce62d108b4fb9db6c278e774f2e07c3763617bafcebf7b79326bbe8123
2025-11-01T18:57:56.770309+00:00,13ba44e49c09363960c0c9b8b75cfb4ec0f2a8c11b375872ef9c0178d3c37d32
2025-11-01T18:57:56.897375+00:00,67e457d5457e2bbf4be4bde630cabb003384a55f2909f472fd81274937a4593a
2025-11-01T18:57:57.029100+00:00,b550c7a86dac4ce919bb085e20f6de63d20e2cffe6ff917af2d6ac026c833b8f
2025-11-01T18:57:57.198811+00:00,66cbbe9aa14441b5dc2bc3e65720f130afd2d0b9abebbc4769a9cafd3fdd1289
2025-11-01T18:57:57.326851+00:00,66dc19c1e9d4398d9b629600370a4903e16201c294c3417eb1fa5d593865d29c
2025-11-01T18:57:57.455975+00:00,0e41566c515aef839077b100181dc84aedba1b5f06612fed464c375283183e13
2025-11-01T18:57:57.582666+00:00,52d98a678c8d9ed37ed89cade1b95bd0c84aa5155a395bd1b5263d815eb1146f
2025-11-01T18:57:57.725362+00:00,01eba3890c5a24e0a1456454337d0521db0fe5b1144ee20c3eba188fa86ef389
2025-11-01T18:57:57.852889+00:00,1906df6c452503156a90841362e05cf840711a7d6726ba6726afa1656fa10ce9
2025-11-01T18:57:57.974601+00:00,b3747ba9c6c004a55771cb655eb9a5bac2fcaf49a99c4dc28938b1ba61a41399
2025-11-01T18:57:58.094278+00:00,220a145894980110b393adf133b1a20267ab854d71601b56200abc6e15f07573
2025-11-01T18:57:58.223526+00:00,2ad2f8384019960a216fb334fd2775ae48be406c531fb0be5a092640970525d2
2025-11-01T18:57:58.349385+00:00,1b301dc5ede40827ecd675686cc8bb4baec0b6bb7c3aef06dba774943a598a98
2025-11-01T18:57:58.481869+00:00,56fe610b6db6d28852bd59bb063c75ecf60335e5d7fe7c7a69160a82002e6d4d
2025-11-01T18:57:58.610872+00:00,e209f197c54113362c08c7e3b78e58fe4892946b30fabde93d43e37d6bbb96d6
2025-11-01T18:57:58.737255+00:00,402210a6c2943ce7d4b11a6c79b1f41c7dea3ecb9f14792988c6bd2fef9157bf
2025-11-01T18:57:58.859504+00:00,52220d55e7f0c98250d0dafc6335b75344fd9d138f8186e2f307f90a3aa56ebf
2025-11-01T18:57:58.982680+00:00,3ec30a8d1ce7fd1af5ec3b9ccedbfc7b637a5f777b2e516440b4c7d67378d2df
2025-11-01T18:57:59.106334+00:00,e180d492cc2f76e59452b717691d44e82737fa43d3a2bd53018b41625bceee7d
2025-11-01T18:57:59.227681+00:00,97ecf918e1dbbb56da925878e907a2b337fbbe4e1b304ecd37b11036503dc408
2025-11-01T18:57:59.349879+00:00,6a04e67d4c790a2cde1060f878f846c42e8e9e52c061d1dfcbbef3b4b161bf1b
2025-11-01T18:57:59.468537+00:00,8f9a62b0b855b683eee848a817f9cf7e53c909b7997602470abddcbd5424099c
2025-11-01T18:57:59.588803+00:00,867f90c8b0b1a3e67b2f054484c82be5a4a219615a7ab9ee61faf3c5e2bd44b8
2025-11-01T18:57:59.705678+00:00,de70934865daf0770176cc0ae286faed9b07ba58fe2aab85151e44eff9319e73
2025-11-01T18:57:59.829020+00:00,c70c636e44ea24f2f0712b10c193e4a8a1b7e1f2359c076b495682ea4a54e4c2
2025-11-01T18:57:59.952813+00:00,39a6957a367cc40cbb3faada604769f192d724582ac5695e478b186a9051b407
2025-11-01T18:58:00.070420+00:00,dc007bf1ba7fdf5c6cbbb11508088bde164451473de11274b9eeb71022faef65
2025-11-01T18:58:00.191528+00:00,5b08c88c507c9bafe32b820e518f86319c2eb4af34bff6cc42ed44d7d8832995
2025-11-01T18:58:00.313758+00:00,ddc4d595ddb933d8531fe6daf09f995e737abcfdae535318811bd14ebaef1ac1
2025-11-01T18:58:00.435814+00:00,64d6cd0fa8d233f816110de04dd4e40b2ce0d88a6a769640c4cf45e243d2456a
2025-11-01T18:58:00.560676+00:00,89baa8e86e30713bfcbad39b7494987b2cf7fe4f54ec9128dbd8f03572761377
2025-11-01T18:58:00.680800+00:00,6b711ddddc5268fb4dba2a6a73e8e030c8c82da4b7bccfd18d69f337039ce7c6
2025-11-01T18:58:01.013649+00:00,5a5b179831dd500f4ac4d6341a1c5899aa39831ffaaf0763d7c86a9b64b9cbd1
2025-11-01T18:58:01.132734+00:00,060a5a3e30b66b73a2ba6f4d3ce9d973085193198f0cab57c6ec14b225100536
2025-11-01T18:58:01.260326+00:00,a79753823a405cefda6fb39f1952b7fd50cdd4f327da216614a2ad4aaa8bb780
2025-11-01T18:58:01.381207+00:00,1b4447d375a651747c25237659a9a63f9ded65a82346b12360526473dbe1360e
2025-11-01T18:58:01.499703+00:00,6862890a94d4a5ce28c2a735d46d3cb6ca92275b3b1369f7f5834c02cc9285e5
2025-11-01T18:58:01.622658+00:00,23753636a86ee386a4a25ccd3e07e0d357a0304b69d15641c1a7682cb226120e
2025-11-01T18:58:01.745683+00:00,5f4a7293c3883b3398e4e348edfeb572f96685720d52f65121eac87bad118b65
2025-11-01T18:58:01.867612+00:00,2baca698c8ad109c92bac52722c399084342d723103ab98a209f2f49eb5f57ce
2025-11-01T18:58:01.989576+00:00,a75b951188b0177e2651eb242ea9a28b2a01391845527e49ce48110cc3fae769
2025-11-01T18:58:02.108929+00:00,c32b3298bfc6b1ca5ae2b0fa4202a634dc63739b03731d21408c432ce6157e49
2025-11-01T18:58:02.227175+00:00,6c28957324d7378d505b407d9a9c56ba3a2b2960345b32e43f3c968a3a1d4908
2025-11-01T18:58:02.346889+00:00,7e02eeb041c466d933e97b69eadcc27b74a783e811c7a699e9697bbd5fc6a4bd
2025-11-01T18:58:02.467471+00:00,ad9144355be658773132f15683bb414f91063973505f90ea6eb12416be82fb93
2025-11-01T18:58:02.587503+00:00,8b2ede1b791daf3cd4e665e083e8554e1ac0904ce31bd62a12d6768b3cd3d413
2025-11-01T18:58:02.720449+00:00,14c51832bd0bc2307b9a97861e08f4a14fb8017e179232a7baeefa7ca50ebc61
2025-11-01T18:58:02.862509+00:00,4a5fa5aa9ef556eacfeb8717a0f236b2fe573fb0c42d7f6816270dc7d7b3c1b0
2025-11-01T18:58:02.982609+00:00,7c2c8c4be4ee14192e4ffea065acba527b0044cdd459b7528cefc1b9d3497344
2025-11-01T18:58:03.103874+00:00,f4cc3931a2845aaba8bc5be036e3901c23e3a74fbbe4e77bbafe54a5cf163294
2025-11-01T18:58:03.223760+00:00,acd1cf47850729f06d30920e17569eac6441b0c4c96bbe316f87918318ff7aa0
2025-11-01T18:58:03.370532+00:00,848268ea2599ec1724b66d73a05260bf00ffafb8ebb3bab201711d828a935ed2
2025-11-01T18:58:03.497939+00:00,3d09c149c60a33883e16dcfd8b41fb3e7d122a1efb2dd1a91ebc44a1f7b01a97
