2025-10-31T18:09:23Z Warning: reindex=1 is set in the configuration file, which will significantly slow down startup. Consider removing or commenting out this option for better performance, unless there is currently a condition which makes rebuilding the indexes necessary
2025-10-31T18:09:23Z Bitcoin Core version v27.0.0 (release build)
2025-10-31T18:09:23Z Script verification uses 7 additional threads
2025-10-31T18:09:23Z Using the 'arm_shani(1way,2way)' SHA256 implementation
2025-10-31T18:09:23Z Default data directory /home/bitcoin/.bitcoin
2025-10-31T18:09:23Z Using data directory /home/bitcoin/.bitcoin/regtest
2025-10-31T18:09:23Z Config file: /home/bitcoin/.bitcoin/bitcoin.conf
2025-10-31T18:09:23Z Config file arg: [regtest] fallbackfee="0.0002"
2025-10-31T18:09:23Z Config file arg: [regtest] maxmempool="500"
2025-10-31T18:09:23Z Config file arg: [regtest] reindex="1"
2025-10-31T18:09:23Z Config file arg: [regtest] rpcallowip="0.0.0.0/0"
2025-10-31T18:09:23Z Config file arg: [regtest] rpcbind="0.0.0.0"
2025-10-31T18:09:23Z Config file arg: [regtest] rpcpassword=****
2025-10-31T18:09:23Z Config file arg: [regtest] rpcuser=****
2025-10-31T18:09:23Z Config file arg: [regtest] server="1"
2025-10-31T18:09:23Z Command-line arg: connect="node13:18444"
2025-10-31T18:09:23Z Command-line arg: datadir="/home/bitcoin/.bitcoin"
2025-10-31T18:09:23Z Command-line arg: discover="1"
2025-10-31T18:09:23Z Command-line arg: dnsseed="0"
2025-10-31T18:09:23Z Command-line arg: listen="1"
2025-10-31T18:09:23Z Command-line arg: maxconnections="64"
2025-10-31T18:09:23Z Command-line arg: printtoconsole="1"
2025-10-31T18:09:23Z Command-line arg: regtest="1"
2025-10-31T18:09:23Z Command-line arg: rpcallowip="0.0.0.0/0"
2025-10-31T18:09:23Z Command-line arg: rpcbind="0.0.0.0"
2025-10-31T18:09:23Z Command-line arg: rpcpassword=****
2025-10-31T18:09:23Z Command-line arg: rpcuser=****
2025-10-31T18:09:23Z Command-line arg: server="1"
2025-10-31T18:09:23Z Command-line arg: txindex="1"
2025-10-31T18:09:23Z Command-line arg: zmqpubhashblock="tcp://0.0.0.0:28332"
2025-10-31T18:09:23Z Command-line arg: zmqpubhashtx="tcp://0.0.0.0:28333"
2025-10-31T18:09:23Z Using at most 64 automatic connections (1048576 file descriptors available)
2025-10-31T18:09:23Z Using 16 MiB out of 16 MiB requested for signature cache, able to store 524288 elements
2025-10-31T18:09:23Z Using 16 MiB out of 16 MiB requested for script execution cache, able to store 524288 elements
2025-10-31T18:09:23Z scheduler thread start
2025-10-31T18:09:23Z Binding RPC on address 0.0.0.0 port 18443
2025-10-31T18:09:23Z WARNING: the RPC server is not safe to expose to untrusted networks such as the public internet
2025-10-31T18:09:23Z Binding RPC on address 0.0.0.0 port 18443
2025-10-31T18:09:23Z Binding RPC on address 0.0.0.0 port 18443 failed.
2025-10-31T18:09:23Z Config options rpcuser and rpcpassword will soon be deprecated. Locally-run instances may remove rpcuser to use cookie-based auth, or may be replaced with rpcauth. Please see share/rpcauth for rpcauth auth generation.
2025-10-31T18:09:23Z Starting HTTP server with 4 worker threads
2025-10-31T18:09:23Z Using wallet directory /home/bitcoin/.bitcoin/regtest/wallets
2025-10-31T18:09:23Z init message: Verifying wallet(s)…
2025-10-31T18:09:23Z Using /16 prefix for IP bucketing
2025-10-31T18:09:23Z init message: Loading P2P addresses…
2025-10-31T18:09:23Z Creating peers.dat because the file was not found ("/home/bitcoin/.bitcoin/regtest/peers.dat")
2025-10-31T18:09:23Z init message: Loading banlist…
2025-10-31T18:09:23Z Recreating the banlist database
2025-10-31T18:09:23Z SetNetworkActive: true
2025-10-31T18:09:23Z /home/bitcoin/.bitcoin/regtest/fee_estimates.dat is not found. Continue anyway.
2025-10-31T18:09:23Z Script verification uses 7 additional threads
2025-10-31T18:09:23Z Cache configuration:
2025-10-31T18:09:23Z * Using 2.0 MiB for block index database
2025-10-31T18:09:23Z * Using 56.0 MiB for transaction index database
2025-10-31T18:09:23Z * Using 8.0 MiB for chain state database
2025-10-31T18:09:23Z * Using 384.0 MiB for in-memory UTXO set (plus up to 476.8 MiB of unused mempool space)
2025-10-31T18:09:23Z init message: Loading block index…
2025-10-31T18:09:23Z Validating signatures for all blocks.
2025-10-31T18:09:23Z Setting nMinimumChainWork=0000000000000000000000000000000000000000000000000000000000000000
2025-10-31T18:09:23Z Wiping LevelDB in /home/bitcoin/.bitcoin/regtest/blocks/index
2025-10-31T18:09:23Z Opening LevelDB in /home/bitcoin/.bitcoin/regtest/blocks/index
2025-10-31T18:09:23Z Opened LevelDB successfully
2025-10-31T18:09:23Z Using obfuscation key for /home/bitcoin/.bitcoin/regtest/blocks/index: 0000000000000000
2025-10-31T18:09:23Z Initializing databases...
2025-10-31T18:09:23Z Initializing chainstate Chainstate [ibd] @ height -1 (null)
2025-10-31T18:09:23Z Wiping LevelDB in /home/bitcoin/.bitcoin/regtest/chainstate
2025-10-31T18:09:23Z Opening LevelDB in /home/bitcoin/.bitcoin/regtest/chainstate
2025-10-31T18:09:23Z Opened LevelDB successfully
2025-10-31T18:09:23Z Wrote new obfuscate key for /home/bitcoin/.bitcoin/regtest/chainstate: 633eeb4497c4fe32
2025-10-31T18:09:23Z Using obfuscation key for /home/bitcoin/.bitcoin/regtest/chainstate: 633eeb4497c4fe32
2025-10-31T18:09:23Z Opening LevelDB in /home/bitcoin/.bitcoin/regtest/chainstate
2025-10-31T18:09:23Z Opened LevelDB successfully
2025-10-31T18:09:23Z Using obfuscation key for /home/bitcoin/.bitcoin/regtest/chainstate: 633eeb4497c4fe32
2025-10-31T18:09:23Z [Chainstate [ibd] @ height -1 (null)] resized coinsdb cache to 8.0 MiB
2025-10-31T18:09:23Z [Chainstate [ibd] @ height -1 (null)] resized coinstip cache to 384.0 MiB
2025-10-31T18:09:23Z init message: Verifying blocks…
2025-10-31T18:09:23Z  block index              17ms
2025-10-31T18:09:23Z Wiping LevelDB in /home/bitcoin/.bitcoin/regtest/indexes/txindex
2025-10-31T18:09:23Z Opening LevelDB in /home/bitcoin/.bitcoin/regtest/indexes/txindex
2025-10-31T18:09:23Z Opened LevelDB successfully
2025-10-31T18:09:23Z Using obfuscation key for /home/bitcoin/.bitcoin/regtest/indexes/txindex: 0000000000000000
2025-10-31T18:09:23Z Setting NODE_NETWORK on non-prune mode
2025-10-31T18:09:23Z initload thread start
2025-10-31T18:09:23Z Reindexing finished
2025-10-31T18:09:23Z UpdateTip: new best=0f9188f13cb7b2c71f2a335e3a4fc328bf5beb436012afca590b1a11466e2206 height=0 version=0x00000001 log2_work=1.000000 tx=1 date='2011-02-02T23:16:42Z' progress=1.000000 cache=0.3MiB(0txo)
2025-10-31T18:09:23Z Failed to open mempool file from disk. Continuing anyway.
2025-10-31T18:09:23Z initload thread exit
2025-10-31T18:09:23Z block tree size = 1
2025-10-31T18:09:23Z nBestHeight = 0
2025-10-31T18:09:23Z Bound to 127.0.0.1:18445
2025-10-31T18:09:23Z Bound to [::]:18444
2025-10-31T18:09:23Z Bound to 0.0.0.0:18444
2025-10-31T18:09:23Z init message: Starting network threads…
2025-10-31T18:09:23Z DNS seeding disabled
2025-10-31T18:09:23Z addcon thread start
2025-10-31T18:09:23Z init message: Done loading
2025-10-31T18:09:23Z txindex thread start
2025-10-31T18:09:23Z txindex is enabled
2025-10-31T18:09:23Z txindex thread exit
2025-10-31T18:09:23Z opencon thread start
2025-10-31T18:09:23Z torcontrol thread start
2025-10-31T18:09:23Z net thread start
2025-10-31T18:09:23Z msghand thread start
2025-10-31T18:09:24Z connect() to 172.19.0.59:18444 failed after wait: Connection refused (111)
2025-10-31T18:09:25Z connect() to 172.19.0.59:18444 failed after wait: Connection refused (111)
2025-10-31T18:09:26Z connect() to 172.19.0.59:18444 failed after wait: Connection refused (111)
2025-10-31T18:09:28Z New manual v2 peer connected: version: 70016, blocks=0, peer=0
2025-10-31T18:09:35Z Synchronizing blockheaders, height: 5 (~100.00%)
2025-10-31T18:09:35Z Leaving InitialBlockDownload (latching to false)
2025-10-31T18:09:35Z UpdateTip: new best=53dc7f602782462d34cd5a0df3eb29496e550f8d20ae3c640d74c7b3b83a3bea height=1 version=0x20000000 log2_work=2.000000 tx=2 date='2025-10-31T18:09:35Z' progress=1.000000 cache=0.3MiB(1txo)
2025-10-31T18:09:35Z Saw new header hash=0ee9278c3c8c48577cc39a7a14d4b7d95f332e19c165e343c4419a7ec96ec873 height=6
2025-10-31T18:09:35Z UpdateTip: new best=3aebd6ace8fcc6fd5d9cc1b4ebafcc5651a519bb0ab759274e561abecf758d81 height=2 version=0x20000000 log2_work=2.584963 tx=3 date='2025-10-31T18:09:36Z' progress=1.000000 cache=0.3MiB(2txo)
2025-10-31T18:09:35Z UpdateTip: new best=207bb2598abc92358acc0321f0d84844cf2d2ad9a7ab15278cabdfe61ac423ac height=3 version=0x20000000 log2_work=3.000000 tx=4 date='2025-10-31T18:09:36Z' progress=1.000000 cache=0.3MiB(3txo)
2025-10-31T18:09:35Z UpdateTip: new best=2baa7cb65892efec1775305e8875fdcd432399686c46665607f2232dd47c597e height=4 version=0x20000000 log2_work=3.321928 tx=5 date='2025-10-31T18:09:37Z' progress=1.000000 cache=0.3MiB(4txo)
2025-10-31T18:09:35Z Saw new header hash=28eb8a32219a3712de4bda3c787987e7a1148520aad572f42bd1989fda972039 height=7
2025-10-31T18:09:35Z Saw new header hash=4ecfea3823814b8066875736804fd0c53dd4a524a4603a2d0b2b86c58dafb607 height=8
2025-10-31T18:09:35Z Saw new header hash=14de91c21b38a11681c3c05dc964d0c9abd550fb8023b86cbc2fce4edb06721e height=9
2025-10-31T18:09:35Z Saw new header hash=23b83f9dbb11f5d6bde4b73f9397fc9e3364f1739641d6bb28e1ba8ea27c8dfd height=10
2025-10-31T18:09:35Z Saw new header hash=1421cb38880134c0808eefc8903d0a1be105ee176e021d207e0a57fa584f7c22 height=11
2025-10-31T18:09:35Z UpdateTip: new best=2dbab3d474afbf12ea3a3cc74c65e9590988d76b4b823120cfe75f32abbb7c4a height=5 version=0x20000000 log2_work=3.584963 tx=6 date='2025-10-31T18:09:37Z' progress=1.000000 cache=0.3MiB(5txo)
2025-10-31T18:09:35Z UpdateTip: new best=0ee9278c3c8c48577cc39a7a14d4b7d95f332e19c165e343c4419a7ec96ec873 height=6 version=0x20000000 log2_work=3.807355 tx=7 date='2025-10-31T18:09:37Z' progress=1.000000 cache=0.3MiB(6txo)
2025-10-31T18:09:35Z Saw new header hash=1322bacbafaac5f202e4691ec02779799f22c8843e0b30b9a45f29f48a2140dd height=12
2025-10-31T18:09:35Z UpdateTip: new best=28eb8a32219a3712de4bda3c787987e7a1148520aad572f42bd1989fda972039 height=7 version=0x20000000 log2_work=4.000000 tx=8 date='2025-10-31T18:09:37Z' progress=1.000000 cache=0.3MiB(7txo)
2025-10-31T18:09:35Z UpdateTip: new best=4ecfea3823814b8066875736804fd0c53dd4a524a4603a2d0b2b86c58dafb607 height=8 version=0x20000000 log2_work=4.169925 tx=9 date='2025-10-31T18:09:38Z' progress=1.000000 cache=0.3MiB(8txo)
2025-10-31T18:09:35Z Saw new header hash=1d13ae3f8dd183961a85fc6743a09c9bafe395f5ca81b2992503306f82bef077 height=13
2025-10-31T18:09:35Z UpdateTip: new best=14de91c21b38a11681c3c05dc964d0c9abd550fb8023b86cbc2fce4edb06721e height=9 version=0x20000000 log2_work=4.321928 tx=10 date='2025-10-31T18:09:38Z' progress=1.000000 cache=0.3MiB(9txo)
2025-10-31T18:09:35Z Saw new header hash=3ba4cce1ed0c36381cf762a708df3d9a5c22d85a78ead9eacbcc295cc316f2a9 height=14
2025-10-31T18:09:35Z UpdateTip: new best=23b83f9dbb11f5d6bde4b73f9397fc9e3364f1739641d6bb28e1ba8ea27c8dfd height=10 version=0x20000000 log2_work=4.459432 tx=11 date='2025-10-31T18:09:38Z' progress=1.000000 cache=0.3MiB(10txo)
2025-10-31T18:09:35Z UpdateTip: new best=1421cb38880134c0808eefc8903d0a1be105ee176e021d207e0a57fa584f7c22 height=11 version=0x20000000 log2_work=4.584963 tx=12 date='2025-10-31T18:09:38Z' progress=1.000000 cache=0.3MiB(11txo)
2025-10-31T18:09:35Z UpdateTip: new best=1322bacbafaac5f202e4691ec02779799f22c8843e0b30b9a45f29f48a2140dd height=12 version=0x20000000 log2_work=4.700440 tx=13 date='2025-10-31T18:09:38Z' progress=1.000000 cache=0.3MiB(12txo)
2025-10-31T18:09:35Z UpdateTip: new best=1d13ae3f8dd183961a85fc6743a09c9bafe395f5ca81b2992503306f82bef077 height=13 version=0x20000000 log2_work=4.807355 tx=14 date='2025-10-31T18:09:38Z' progress=1.000000 cache=0.3MiB(13txo)
2025-10-31T18:09:35Z Saw new header hash=1ada794f1fc46332ed76b8c80ed0e6bb96422f45b1d09d3d484463d7fcb4d40a height=15
2025-10-31T18:09:35Z Saw new header hash=729caf7f00a197fe0998123e456a2a498d2ed9c72b2fe1ce07b44e4ddf3615b5 height=16
2025-10-31T18:09:35Z Saw new header hash=7a4d4ed6586fe737a6c41b8934f678f295e7017bb33fd5a5771f2807d5286819 height=17
2025-10-31T18:09:35Z Saw new header hash=500a5b91962304f582b1bb83ae8999321aad5c4303a7d4aad309cc581d794ff0 height=18
2025-10-31T18:09:35Z UpdateTip: new best=3ba4cce1ed0c36381cf762a708df3d9a5c22d85a78ead9eacbcc295cc316f2a9 height=14 version=0x20000000 log2_work=4.906891 tx=15 date='2025-10-31T18:09:39Z' progress=1.000000 cache=0.3MiB(14txo)
2025-10-31T18:09:35Z UpdateTip: new best=1ada794f1fc46332ed76b8c80ed0e6bb96422f45b1d09d3d484463d7fcb4d40a height=15 version=0x20000000 log2_work=5.000000 tx=16 date='2025-10-31T18:09:39Z' progress=1.000000 cache=0.3MiB(15txo)
2025-10-31T18:09:35Z Saw new header hash=05e0edf5a2e20fa25e548e60a8a33df2d42839e74910983c508fb9726748c581 height=19
2025-10-31T18:09:35Z Saw new header hash=238c0e0502a8d17f4d896ed72ff948fe44a42abd64c00909b49016fad17cb467 height=20
2025-10-31T18:09:35Z Saw new header hash=70559e7689bfd0939dbb97b00569ac300b75f73ab69fb814b7a89ebee6dbf4be height=21
2025-10-31T18:09:35Z Saw new header hash=740025eacf46e239716958e8088de6b4c997528263bd41ba94fa770705381d32 height=22
2025-10-31T18:09:35Z Saw new header hash=012fd8222d0326df1a8e860f18f589806117d290efc5367afebac61cdffa2d3d height=23
2025-10-31T18:09:35Z Saw new header hash=5c056d6dbb9840a0bf83ebaf96024ea13384b6ad94e94e2994d04d1276cfd04e height=24
2025-10-31T18:09:35Z UpdateTip: new best=729caf7f00a197fe0998123e456a2a498d2ed9c72b2fe1ce07b44e4ddf3615b5 height=16 version=0x20000000 log2_work=5.087463 tx=17 date='2025-10-31T18:09:39Z' progress=1.000000 cache=0.3MiB(16txo)
2025-10-31T18:09:35Z UpdateTip: new best=7a4d4ed6586fe737a6c41b8934f678f295e7017bb33fd5a5771f2807d5286819 height=17 version=0x20000000 log2_work=5.169925 tx=18 date='2025-10-31T18:09:39Z' progress=1.000000 cache=0.3MiB(17txo)
2025-10-31T18:09:35Z UpdateTip: new best=500a5b91962304f582b1bb83ae8999321aad5c4303a7d4aad309cc581d794ff0 height=18 version=0x20000000 log2_work=5.247928 tx=19 date='2025-10-31T18:09:39Z' progress=1.000000 cache=0.3MiB(18txo)
2025-10-31T18:09:35Z UpdateTip: new best=05e0edf5a2e20fa25e548e60a8a33df2d42839e74910983c508fb9726748c581 height=19 version=0x20000000 log2_work=5.321928 tx=20 date='2025-10-31T18:09:39Z' progress=1.000000 cache=0.3MiB(19txo)
2025-10-31T18:09:35Z Saw new header hash=1ab60cf8b39043877954b802f99e9e9bab86807292fc2cd40166d92cc8691698 height=25
2025-10-31T18:09:35Z UpdateTip: new best=238c0e0502a8d17f4d896ed72ff948fe44a42abd64c00909b49016fad17cb467 height=20 version=0x20000000 log2_work=5.392317 tx=21 date='2025-10-31T18:09:40Z' progress=1.000000 cache=0.3MiB(20txo)
2025-10-31T18:09:35Z Saw new header hash=4a869d22b3ced12ce8f70e1a683e643e0db164ba98c39aac6eee70c5cb1c83dd height=26
2025-10-31T18:09:35Z UpdateTip: new best=70559e7689bfd0939dbb97b00569ac300b75f73ab69fb814b7a89ebee6dbf4be height=21 version=0x20000000 log2_work=5.459432 tx=22 date='2025-10-31T18:09:40Z' progress=1.000000 cache=0.3MiB(21txo)
2025-10-31T18:09:35Z Saw new header hash=13a096c77e1f799ce11b2dfab2550dd5819f76287f8c295d8f908b3c158a91b5 height=27
2025-10-31T18:09:35Z UpdateTip: new best=740025eacf46e239716958e8088de6b4c997528263bd41ba94fa770705381d32 height=22 version=0x20000000 log2_work=5.523562 tx=23 date='2025-10-31T18:09:40Z' progress=1.000000 cache=0.3MiB(22txo)
2025-10-31T18:09:35Z UpdateTip: new best=012fd8222d0326df1a8e860f18f589806117d290efc5367afebac61cdffa2d3d height=23 version=0x20000000 log2_work=5.584963 tx=24 date='2025-10-31T18:09:40Z' progress=1.000000 cache=0.3MiB(23txo)
2025-10-31T18:09:35Z Saw new header hash=02a2c316c9b24f31d0335abea3cd3e2505af3c6393e8da752cc389f424415af8 height=28
2025-10-31T18:09:35Z UpdateTip: new best=5c056d6dbb9840a0bf83ebaf96024ea13384b6ad94e94e2994d04d1276cfd04e height=24 version=0x20000000 log2_work=5.643856 tx=25 date='2025-10-31T18:09:40Z' progress=1.000000 cache=0.3MiB(24txo)
2025-10-31T18:09:35Z UpdateTip: new best=1ab60cf8b39043877954b802f99e9e9bab86807292fc2cd40166d92cc8691698 height=25 version=0x20000000 log2_work=5.700440 tx=26 date='2025-10-31T18:09:40Z' progress=1.000000 cache=0.3MiB(25txo)
2025-10-31T18:09:35Z UpdateTip: new best=4a869d22b3ced12ce8f70e1a683e643e0db164ba98c39aac6eee70c5cb1c83dd height=26 version=0x20000000 log2_work=5.754888 tx=27 date='2025-10-31T18:09:41Z' progress=1.000000 cache=0.3MiB(26txo)
2025-10-31T18:09:35Z Saw new header hash=2a2c3cbf8e30a22bed6a1ca61d90c29f32cdb4772fa412be6de8d3a32fee1a8e height=29
2025-10-31T18:09:35Z Saw new header hash=7bad3ab410c09638eb0a58d26c3013e043d1e996ccf877c1c22169b0e4b38134 height=30
2025-10-31T18:09:35Z Saw new header hash=49e32db676784a09e6c48e74058d06304cbf441c8a1816de4be6de29ba375e2f height=31
2025-10-31T18:09:35Z Saw new header hash=264e5a411bef6fb7ee4d19f868ed8124d88e81b57d9d1a551ba9f6642504bd18 height=32
2025-10-31T18:09:35Z Saw new header hash=2f3841efa211ef5bd9693a1f077034dd89bc428478634cde05485f1c14b8cfe2 height=33
2025-10-31T18:09:35Z UpdateTip: new best=13a096c77e1f799ce11b2dfab2550dd5819f76287f8c295d8f908b3c158a91b5 height=27 version=0x20000000 log2_work=5.807355 tx=28 date='2025-10-31T18:09:41Z' progress=1.000000 cache=0.3MiB(27txo)
2025-10-31T18:09:35Z UpdateTip: new best=02a2c316c9b24f31d0335abea3cd3e2505af3c6393e8da752cc389f424415af8 height=28 version=0x20000000 log2_work=5.857981 tx=29 date='2025-10-31T18:09:41Z' progress=1.000000 cache=0.3MiB(28txo)
2025-10-31T18:09:35Z Saw new header hash=0ad98fb25ace1bbeb14904fa0af6983e3c3860cc0a3cab2f6aea223d036aea40 height=34
2025-10-31T18:09:35Z UpdateTip: new best=2a2c3cbf8e30a22bed6a1ca61d90c29f32cdb4772fa412be6de8d3a32fee1a8e height=29 version=0x20000000 log2_work=5.906891 tx=30 date='2025-10-31T18:09:41Z' progress=1.000000 cache=0.3MiB(29txo)
2025-10-31T18:09:35Z UpdateTip: new best=7bad3ab410c09638eb0a58d26c3013e043d1e996ccf877c1c22169b0e4b38134 height=30 version=0x20000000 log2_work=5.954196 tx=31 date='2025-10-31T18:09:41Z' progress=1.000000 cache=0.3MiB(30txo)
2025-10-31T18:09:35Z Saw new header hash=1e9776bd76b2b915b060c0e2ea4ddb3c5b2146f174e6dc8b6b49221d7e5e9d1b height=35
2025-10-31T18:09:35Z UpdateTip: new best=49e32db676784a09e6c48e74058d06304cbf441c8a1816de4be6de29ba375e2f height=31 version=0x20000000 log2_work=6.000000 tx=32 date='2025-10-31T18:09:41Z' progress=1.000000 cache=0.3MiB(31txo)
2025-10-31T18:09:35Z UpdateTip: new best=264e5a411bef6fb7ee4d19f868ed8124d88e81b57d9d1a551ba9f6642504bd18 height=32 version=0x20000000 log2_work=6.044394 tx=33 date='2025-10-31T18:09:42Z' progress=1.000000 cache=0.3MiB(32txo)
2025-10-31T18:09:35Z Saw new header hash=752d40628ade0f4ec87432b37fe3a33ef773c92687c7bc81b267288366881a1a height=36
2025-10-31T18:09:35Z UpdateTip: new best=2f3841efa211ef5bd9693a1f077034dd89bc428478634cde05485f1c14b8cfe2 height=33 version=0x20000000 log2_work=6.087463 tx=34 date='2025-10-31T18:09:42Z' progress=1.000000 cache=0.3MiB(33txo)
2025-10-31T18:09:35Z UpdateTip: new best=0ad98fb25ace1bbeb14904fa0af6983e3c3860cc0a3cab2f6aea223d036aea40 height=34 version=0x20000000 log2_work=6.129283 tx=35 date='2025-10-31T18:09:42Z' progress=1.000000 cache=0.3MiB(34txo)
2025-10-31T18:09:35Z Saw new header hash=4d313131ca678bf7a3158fa27b7c6d99381f379bc2927c198c2bdfb036ec1772 height=37
2025-10-31T18:09:35Z Saw new header hash=25c002bd5d59c35e5cefe1c3fb4377792d28827e807e34ad570793ff6f69df0f height=38
2025-10-31T18:09:35Z Saw new header hash=59d2531f9c2e9a98c1c10b30c01d874c44a50b7ea79a63347342ac0b630c7c62 height=39
2025-10-31T18:09:35Z Saw new header hash=35ecac4d7538912a7b7c1cc9c09f0bbb1f728f9373f1a14e397de5f1ac4c44dd height=40
2025-10-31T18:09:35Z Saw new header hash=18c15f2343c86f6bafee68ea72233785957c67801b6b018ce9344a24d6123e38 height=41
2025-10-31T18:09:35Z Saw new header hash=73c5b7e0c125823c9930cc839233076b8f67153a6f099da55ce08758781f6447 height=42
2025-10-31T18:09:36Z UpdateTip: new best=1e9776bd76b2b915b060c0e2ea4ddb3c5b2146f174e6dc8b6b49221d7e5e9d1b height=35 version=0x20000000 log2_work=6.169925 tx=36 date='2025-10-31T18:09:42Z' progress=1.000000 cache=0.3MiB(35txo)
2025-10-31T18:09:36Z Saw new header hash=17a99fea9bd0819dc3898dfe9b61c39f1518f21585aa81d611c420c4bcddfe95 height=43
2025-10-31T18:09:36Z UpdateTip: new best=752d40628ade0f4ec87432b37fe3a33ef773c92687c7bc81b267288366881a1a height=36 version=0x20000000 log2_work=6.209453 tx=37 date='2025-10-31T18:09:42Z' progress=1.000000 cache=0.3MiB(36txo)
2025-10-31T18:09:36Z UpdateTip: new best=4d313131ca678bf7a3158fa27b7c6d99381f379bc2927c198c2bdfb036ec1772 height=37 version=0x20000000 log2_work=6.247928 tx=38 date='2025-10-31T18:09:42Z' progress=1.000000 cache=0.3MiB(37txo)
2025-10-31T18:09:36Z UpdateTip: new best=25c002bd5d59c35e5cefe1c3fb4377792d28827e807e34ad570793ff6f69df0f height=38 version=0x20000000 log2_work=6.285402 tx=39 date='2025-10-31T18:09:43Z' progress=1.000000 cache=0.3MiB(38txo)
2025-10-31T18:09:36Z UpdateTip: new best=59d2531f9c2e9a98c1c10b30c01d874c44a50b7ea79a63347342ac0b630c7c62 height=39 version=0x20000000 log2_work=6.321928 tx=40 date='2025-10-31T18:09:43Z' progress=1.000000 cache=0.3MiB(39txo)
2025-10-31T18:09:36Z UpdateTip: new best=35ecac4d7538912a7b7c1cc9c09f0bbb1f728f9373f1a14e397de5f1ac4c44dd height=40 version=0x20000000 log2_work=6.357552 tx=41 date='2025-10-31T18:09:43Z' progress=1.000000 cache=0.3MiB(40txo)
2025-10-31T18:09:36Z UpdateTip: new best=18c15f2343c86f6bafee68ea72233785957c67801b6b018ce9344a24d6123e38 height=41 version=0x20000000 log2_work=6.392317 tx=42 date='2025-10-31T18:09:43Z' progress=1.000000 cache=0.3MiB(41txo)
2025-10-31T18:09:36Z UpdateTip: new best=73c5b7e0c125823c9930cc839233076b8f67153a6f099da55ce08758781f6447 height=42 version=0x20000000 log2_work=6.426265 tx=43 date='2025-10-31T18:09:43Z' progress=1.000000 cache=0.3MiB(42txo)
2025-10-31T18:09:36Z Saw new header hash=7b644b55a45140c73a21d5c70d4dc10fb130b17251541f1f1423b22c4495252d height=44
2025-10-31T18:09:36Z Saw new header hash=0e842defae2cca7e8c189f7d68d31039a5a9163d4aa9cff8d557bc4f87b55a8d height=45
2025-10-31T18:09:36Z Saw new header hash=1284e3d855023b9a1a41ad7699584b2d0bf1c376b3527228f1751521bad5f8bc height=46
2025-10-31T18:09:36Z UpdateTip: new best=17a99fea9bd0819dc3898dfe9b61c39f1518f21585aa81d611c420c4bcddfe95 height=43 version=0x20000000 log2_work=6.459432 tx=44 date='2025-10-31T18:09:43Z' progress=1.000000 cache=0.3MiB(43txo)
2025-10-31T18:09:36Z Saw new header hash=4983e4c87baa15bd10ded47f8e0213702de8816faa36f75f247af1de68fae522 height=47
2025-10-31T18:09:36Z Saw new header hash=546ebd5e8e7abf23b76b168a2ad5ca0f2ed91db8ad6e8ea026d07dc16823dfc5 height=48
2025-10-31T18:09:36Z Saw new header hash=399106a9a2e05b42cf98af9b5c19af26c8d790e9f51c302901bcca9cdfe0f554 height=49
2025-10-31T18:09:36Z Saw new header hash=2cfe63df3196d0a2347d64586d216503546d4697f916bf9aa9b1e516657cc294 height=50
2025-10-31T18:09:36Z Saw new header hash=75368d690bbcfb5287d7ac5be5198c56ed119eac2059ba9fee56b9ebd696ea90 height=51
2025-10-31T18:09:36Z UpdateTip: new best=7b644b55a45140c73a21d5c70d4dc10fb130b17251541f1f1423b22c4495252d height=44 version=0x20000000 log2_work=6.491853 tx=45 date='2025-10-31T18:09:44Z' progress=1.000000 cache=0.3MiB(44txo)
2025-10-31T18:09:36Z UpdateTip: new best=0e842defae2cca7e8c189f7d68d31039a5a9163d4aa9cff8d557bc4f87b55a8d height=45 version=0x20000000 log2_work=6.523562 tx=46 date='2025-10-31T18:09:44Z' progress=1.000000 cache=0.3MiB(45txo)
2025-10-31T18:09:36Z UpdateTip: new best=1284e3d855023b9a1a41ad7699584b2d0bf1c376b3527228f1751521bad5f8bc height=46 version=0x20000000 log2_work=6.554589 tx=47 date='2025-10-31T18:09:44Z' progress=1.000000 cache=0.3MiB(46txo)
2025-10-31T18:09:36Z UpdateTip: new best=4983e4c87baa15bd10ded47f8e0213702de8816faa36f75f247af1de68fae522 height=47 version=0x20000000 log2_work=6.584963 tx=48 date='2025-10-31T18:09:44Z' progress=1.000000 cache=0.3MiB(47txo)
2025-10-31T18:09:36Z UpdateTip: new best=546ebd5e8e7abf23b76b168a2ad5ca0f2ed91db8ad6e8ea026d07dc16823dfc5 height=48 version=0x20000000 log2_work=6.614710 tx=49 date='2025-10-31T18:09:44Z' progress=1.000000 cache=0.3MiB(48txo)
2025-10-31T18:09:36Z UpdateTip: new best=399106a9a2e05b42cf98af9b5c19af26c8d790e9f51c302901bcca9cdfe0f554 height=49 version=0x20000000 log2_work=6.643856 tx=50 date='2025-10-31T18:09:44Z' progress=1.000000 cache=0.3MiB(49txo)
2025-10-31T18:09:36Z UpdateTip: new best=2cfe63df3196d0a2347d64586d216503546d4697f916bf9aa9b1e516657cc294 height=50 version=0x20000000 log2_work=6.672425 tx=51 date='2025-10-31T18:09:45Z' progress=1.000000 cache=0.3MiB(50txo)
2025-10-31T18:09:36Z UpdateTip: new best=75368d690bbcfb5287d7ac5be5198c56ed119eac2059ba9fee56b9ebd696ea90 height=51 version=0x20000000 log2_work=6.700440 tx=52 date='2025-10-31T18:09:45Z' progress=1.000000 cache=0.3MiB(51txo)
2025-10-31T18:09:36Z Saw new header hash=018551134cc29ae4b72d88a7cdc2591e2699bbad217005770b3881ca1ff71354 height=52
2025-10-31T18:09:36Z Saw new header hash=3eb4d061005c9fcf7127d3cc33a0a6565fdcb749598f15ed46b5f899eba70ac0 height=53
2025-10-31T18:09:36Z Saw new header hash=1e56cb983a1403661945ea9219641755ae1538fa7e90de0206cf6f0946eac205 height=54
2025-10-31T18:09:36Z Saw new header hash=1de4220a58dd8a8317a61674b270b73d1204f9c88743f6f8009730d7b1a4bd97 height=55
2025-10-31T18:09:36Z Saw new header hash=729dd90f533a13a697cc49c1f3c68d2a7a1e1cf4b8bbcc6704ecce2c8abf541c height=56
2025-10-31T18:09:36Z Saw new header hash=7bb73018e6eb3846d1ec8eb3b049d9b2c6548107e5251757987ecbab16afe395 height=57
2025-10-31T18:09:36Z Saw new header hash=574b8caec4d82d3ff9b7d73dbfcdbada11f388bc7038d3e1284d08d8ebdf4f3d height=58
2025-10-31T18:09:36Z UpdateTip: new best=018551134cc29ae4b72d88a7cdc2591e2699bbad217005770b3881ca1ff71354 height=52 version=0x20000000 log2_work=6.727920 tx=53 date='2025-10-31T18:09:45Z' progress=1.000000 cache=0.3MiB(52txo)
2025-10-31T18:09:36Z UpdateTip: new best=3eb4d061005c9fcf7127d3cc33a0a6565fdcb749598f15ed46b5f899eba70ac0 height=53 version=0x20000000 log2_work=6.754888 tx=54 date='2025-10-31T18:09:45Z' progress=1.000000 cache=0.3MiB(53txo)
2025-10-31T18:09:36Z UpdateTip: new best=1e56cb983a1403661945ea9219641755ae1538fa7e90de0206cf6f0946eac205 height=54 version=0x20000000 log2_work=6.781360 tx=55 date='2025-10-31T18:09:45Z' progress=1.000000 cache=0.3MiB(54txo)
2025-10-31T18:09:36Z UpdateTip: new best=1de4220a58dd8a8317a61674b270b73d1204f9c88743f6f8009730d7b1a4bd97 height=55 version=0x20000000 log2_work=6.807355 tx=56 date='2025-10-31T18:09:45Z' progress=1.000000 cache=0.3MiB(55txo)
2025-10-31T18:09:36Z UpdateTip: new best=729dd90f533a13a697cc49c1f3c68d2a7a1e1cf4b8bbcc6704ecce2c8abf541c height=56 version=0x20000000 log2_work=6.832890 tx=57 date='2025-10-31T18:09:46Z' progress=1.000000 cache=0.3MiB(56txo)
2025-10-31T18:09:36Z UpdateTip: new best=7bb73018e6eb3846d1ec8eb3b049d9b2c6548107e5251757987ecbab16afe395 height=57 version=0x20000000 log2_work=6.857981 tx=58 date='2025-10-31T18:09:46Z' progress=1.000000 cache=0.3MiB(57txo)
2025-10-31T18:09:36Z UpdateTip: new best=574b8caec4d82d3ff9b7d73dbfcdbada11f388bc7038d3e1284d08d8ebdf4f3d height=58 version=0x20000000 log2_work=6.882643 tx=59 date='2025-10-31T18:09:46Z' progress=1.000000 cache=0.3MiB(58txo)
2025-10-31T18:09:36Z Saw new header hash=1f3c4d335d4dc1b6f2547b1a931ce8dab88e128f6b2bec79f1f407d6782571a8 height=59
2025-10-31T18:09:36Z Saw new cmpctblock header hash=1f3c4d335d4dc1b6f2547b1a931ce8dab88e128f6b2bec79f1f407d6782571a8 peer=0
2025-10-31T18:09:36Z UpdateTip: new best=1f3c4d335d4dc1b6f2547b1a931ce8dab88e128f6b2bec79f1f407d6782571a8 height=59 version=0x20000000 log2_work=6.906891 tx=60 date='2025-10-31T18:09:46Z' progress=1.000000 cache=0.3MiB(59txo)
2025-10-31T18:09:36Z Saw new header hash=52f50bccb31edcaf879d8f1378abd13c99f6a87423c972d745533f787db56804 height=60
2025-10-31T18:09:36Z Saw new cmpctblock header hash=52f50bccb31edcaf879d8f1378abd13c99f6a87423c972d745533f787db56804 peer=0
2025-10-31T18:09:36Z UpdateTip: new best=52f50bccb31edcaf879d8f1378abd13c99f6a87423c972d745533f787db56804 height=60 version=0x20000000 log2_work=6.930737 tx=61 date='2025-10-31T18:09:46Z' progress=1.000000 cache=0.3MiB(60txo)
2025-10-31T18:09:36Z Saw new header hash=25b11acd1ab19cc00bd8d429d1a17cdf9b0c41f0540e4995cb915f1ac763e5db height=61
2025-10-31T18:09:36Z Saw new cmpctblock header hash=25b11acd1ab19cc00bd8d429d1a17cdf9b0c41f0540e4995cb915f1ac763e5db peer=0
2025-10-31T18:09:36Z UpdateTip: new best=25b11acd1ab19cc00bd8d429d1a17cdf9b0c41f0540e4995cb915f1ac763e5db height=61 version=0x20000000 log2_work=6.954196 tx=62 date='2025-10-31T18:09:46Z' progress=1.000000 cache=0.3MiB(61txo)
2025-10-31T18:09:36Z Saw new header hash=4cd29c89bcb824563be501247ff08683aadcb2d144ae5a3a3db15b2d12443f5e height=62
2025-10-31T18:09:36Z Saw new cmpctblock header hash=4cd29c89bcb824563be501247ff08683aadcb2d144ae5a3a3db15b2d12443f5e peer=0
2025-10-31T18:09:36Z UpdateTip: new best=4cd29c89bcb824563be501247ff08683aadcb2d144ae5a3a3db15b2d12443f5e height=62 version=0x20000000 log2_work=6.977280 tx=63 date='2025-10-31T18:09:47Z' progress=1.000000 cache=0.3MiB(62txo)
2025-10-31T18:09:36Z Saw new header hash=3032aafea861d9f96a5a5f6a108bbf773bcc3d5ddbb5bb3f5eddc4a08c85581a height=63
2025-10-31T18:09:36Z Saw new cmpctblock header hash=3032aafea861d9f96a5a5f6a108bbf773bcc3d5ddbb5bb3f5eddc4a08c85581a peer=0
2025-10-31T18:09:36Z UpdateTip: new best=3032aafea861d9f96a5a5f6a108bbf773bcc3d5ddbb5bb3f5eddc4a08c85581a height=63 version=0x20000000 log2_work=7.000000 tx=64 date='2025-10-31T18:09:47Z' progress=1.000000 cache=0.3MiB(63txo)
2025-10-31T18:09:36Z Saw new header hash=7b19ca4ef49041fb3a5ad391c5c3223f0b1dc76e60d9102c28b6c3c6740e91fd height=64
2025-10-31T18:09:36Z Saw new cmpctblock header hash=7b19ca4ef49041fb3a5ad391c5c3223f0b1dc76e60d9102c28b6c3c6740e91fd peer=0
2025-10-31T18:09:36Z UpdateTip: new best=7b19ca4ef49041fb3a5ad391c5c3223f0b1dc76e60d9102c28b6c3c6740e91fd height=64 version=0x20000000 log2_work=7.022368 tx=65 date='2025-10-31T18:09:47Z' progress=1.000000 cache=0.3MiB(64txo)
2025-10-31T18:09:36Z Saw new header hash=3aeb56617101370aff1876952c669b6f2d258881cdb07210d26cbe767cb3a654 height=65
2025-10-31T18:09:36Z Saw new cmpctblock header hash=3aeb56617101370aff1876952c669b6f2d258881cdb07210d26cbe767cb3a654 peer=0
2025-10-31T18:09:36Z UpdateTip: new best=3aeb56617101370aff1876952c669b6f2d258881cdb07210d26cbe767cb3a654 height=65 version=0x20000000 log2_work=7.044394 tx=66 date='2025-10-31T18:09:47Z' progress=1.000000 cache=0.3MiB(65txo)
2025-10-31T18:09:36Z Saw new header hash=3963030c7e69dc76ec7fed0e894cfb87be7ca4752549267b1247bb421a3b1a7c height=66
2025-10-31T18:09:36Z Saw new cmpctblock header hash=3963030c7e69dc76ec7fed0e894cfb87be7ca4752549267b1247bb421a3b1a7c peer=0
2025-10-31T18:09:36Z UpdateTip: new best=3963030c7e69dc76ec7fed0e894cfb87be7ca4752549267b1247bb421a3b1a7c height=66 version=0x20000000 log2_work=7.066089 tx=67 date='2025-10-31T18:09:47Z' progress=1.000000 cache=0.3MiB(66txo)
2025-10-31T18:09:36Z Saw new header hash=379ffda16319a18b11a9cb063863e0a5ef378f1f02be9eb4bd21b78387f00b2f height=67
2025-10-31T18:09:36Z Saw new cmpctblock header hash=379ffda16319a18b11a9cb063863e0a5ef378f1f02be9eb4bd21b78387f00b2f peer=0
2025-10-31T18:09:36Z UpdateTip: new best=379ffda16319a18b11a9cb063863e0a5ef378f1f02be9eb4bd21b78387f00b2f height=67 version=0x20000000 log2_work=7.087463 tx=68 date='2025-10-31T18:09:47Z' progress=1.000000 cache=0.3MiB(67txo)
2025-10-31T18:09:36Z Saw new header hash=344d79bc94dfc0b0a66ce05dc65b4f7f5aa0e2807dac22b745f4ee431fc72c86 height=68
2025-10-31T18:09:36Z Saw new cmpctblock header hash=344d79bc94dfc0b0a66ce05dc65b4f7f5aa0e2807dac22b745f4ee431fc72c86 peer=0
2025-10-31T18:09:36Z UpdateTip: new best=344d79bc94dfc0b0a66ce05dc65b4f7f5aa0e2807dac22b745f4ee431fc72c86 height=68 version=0x20000000 log2_work=7.108524 tx=69 date='2025-10-31T18:09:48Z' progress=1.000000 cache=0.3MiB(68txo)
2025-10-31T18:09:36Z Saw new header hash=6559e57074f2117d87a9188f92fe7cd8e178450139415f57b183fc656db22735 height=69
2025-10-31T18:09:36Z Saw new cmpctblock header hash=6559e57074f2117d87a9188f92fe7cd8e178450139415f57b183fc656db22735 peer=0
2025-10-31T18:09:36Z UpdateTip: new best=6559e57074f2117d87a9188f92fe7cd8e178450139415f57b183fc656db22735 height=69 version=0x20000000 log2_work=7.129283 tx=70 date='2025-10-31T18:09:48Z' progress=1.000000 cache=0.3MiB(69txo)
2025-10-31T18:09:36Z Saw new header hash=33624298ea4ea5dd5eec9cb09513b5b6cfaa35baef22d33d3212effe6fc7d740 height=70
2025-10-31T18:09:36Z Saw new cmpctblock header hash=33624298ea4ea5dd5eec9cb09513b5b6cfaa35baef22d33d3212effe6fc7d740 peer=0
2025-10-31T18:09:36Z UpdateTip: new best=33624298ea4ea5dd5eec9cb09513b5b6cfaa35baef22d33d3212effe6fc7d740 height=70 version=0x20000000 log2_work=7.149747 tx=71 date='2025-10-31T18:09:48Z' progress=1.000000 cache=0.3MiB(70txo)
2025-10-31T18:09:36Z Saw new header hash=2851e07c4eb93ef7464281c9937e282c2ede4a096d0df6b10ab93fadcd459564 height=71
2025-10-31T18:09:36Z Saw new cmpctblock header hash=2851e07c4eb93ef7464281c9937e282c2ede4a096d0df6b10ab93fadcd459564 peer=0
2025-10-31T18:09:36Z UpdateTip: new best=2851e07c4eb93ef7464281c9937e282c2ede4a096d0df6b10ab93fadcd459564 height=71 version=0x20000000 log2_work=7.169925 tx=72 date='2025-10-31T18:09:48Z' progress=1.000000 cache=0.3MiB(71txo)
2025-10-31T18:09:36Z Saw new header hash=3f3938468b80b4c25fe599ba6f0c755af9fa8a840c2d0331790dd7cba02c7e12 height=72
2025-10-31T18:09:36Z Saw new cmpctblock header hash=3f3938468b80b4c25fe599ba6f0c755af9fa8a840c2d0331790dd7cba02c7e12 peer=0
2025-10-31T18:09:36Z UpdateTip: new best=3f3938468b80b4c25fe599ba6f0c755af9fa8a840c2d0331790dd7cba02c7e12 height=72 version=0x20000000 log2_work=7.189825 tx=73 date='2025-10-31T18:09:48Z' progress=1.000000 cache=0.3MiB(72txo)
2025-10-31T18:09:36Z Saw new header hash=70dbd7248aa8b4ccb939e15e87fb14df8887a5e921a060418522a1eb859a8e36 height=73
2025-10-31T18:09:36Z Saw new cmpctblock header hash=70dbd7248aa8b4ccb939e15e87fb14df8887a5e921a060418522a1eb859a8e36 peer=0
2025-10-31T18:09:36Z UpdateTip: new best=70dbd7248aa8b4ccb939e15e87fb14df8887a5e921a060418522a1eb859a8e36 height=73 version=0x20000000 log2_work=7.209453 tx=74 date='2025-10-31T18:09:48Z' progress=1.000000 cache=0.3MiB(73txo)
2025-10-31T18:09:36Z Saw new header hash=13e79690e084bb73dfcce3565047c764469dba7e5b31b014a993e7ec0b887a27 height=74
2025-10-31T18:09:36Z Saw new cmpctblock header hash=13e79690e084bb73dfcce3565047c764469dba7e5b31b014a993e7ec0b887a27 peer=0
2025-10-31T18:09:36Z UpdateTip: new best=13e79690e084bb73dfcce3565047c764469dba7e5b31b014a993e7ec0b887a27 height=74 version=0x20000000 log2_work=7.228819 tx=75 date='2025-10-31T18:09:49Z' progress=1.000000 cache=0.3MiB(74txo)
2025-10-31T18:09:36Z Saw new header hash=0e67c388e1c593bbd843edb890da0d94d66ef7b13f1b5835da84771222dc6e11 height=75
2025-10-31T18:09:36Z Saw new cmpctblock header hash=0e67c388e1c593bbd843edb890da0d94d66ef7b13f1b5835da84771222dc6e11 peer=0
2025-10-31T18:09:36Z UpdateTip: new best=0e67c388e1c593bbd843edb890da0d94d66ef7b13f1b5835da84771222dc6e11 height=75 version=0x20000000 log2_work=7.247928 tx=76 date='2025-10-31T18:09:49Z' progress=1.000000 cache=0.3MiB(75txo)
2025-10-31T18:09:36Z Saw new header hash=6cc999e92b148788ce41f2fda7e58c18d6678a59f111fe5e6f1da0b1c7380ed3 height=76
2025-10-31T18:09:36Z Saw new cmpctblock header hash=6cc999e92b148788ce41f2fda7e58c18d6678a59f111fe5e6f1da0b1c7380ed3 peer=0
2025-10-31T18:09:36Z UpdateTip: new best=6cc999e92b148788ce41f2fda7e58c18d6678a59f111fe5e6f1da0b1c7380ed3 height=76 version=0x20000000 log2_work=7.266787 tx=77 date='2025-10-31T18:09:49Z' progress=1.000000 cache=0.3MiB(76txo)
2025-10-31T18:09:36Z Saw new header hash=6058d46a919f1d66ac75ee16120f98fad1a6d6a92ffcd00e7f2846e008ca709a height=77
2025-10-31T18:09:36Z Saw new cmpctblock header hash=6058d46a919f1d66ac75ee16120f98fad1a6d6a92ffcd00e7f2846e008ca709a peer=0
2025-10-31T18:09:36Z UpdateTip: new best=6058d46a919f1d66ac75ee16120f98fad1a6d6a92ffcd00e7f2846e008ca709a height=77 version=0x20000000 log2_work=7.285402 tx=78 date='2025-10-31T18:09:49Z' progress=1.000000 cache=0.3MiB(77txo)
2025-10-31T18:09:36Z Saw new header hash=0f35912f469c6e640e22598ed34b7d2f7ceee9b0df812c5b64238386033066ec height=78
2025-10-31T18:09:36Z Saw new cmpctblock header hash=0f35912f469c6e640e22598ed34b7d2f7ceee9b0df812c5b64238386033066ec peer=0
2025-10-31T18:09:36Z UpdateTip: new best=0f35912f469c6e640e22598ed34b7d2f7ceee9b0df812c5b64238386033066ec height=78 version=0x20000000 log2_work=7.303781 tx=79 date='2025-10-31T18:09:49Z' progress=1.000000 cache=0.3MiB(78txo)
2025-10-31T18:09:36Z Saw new header hash=213eb6c7010f740af55fdaa6f9a532bb39de5318c9c26d6d115f9f62e88c37af height=79
2025-10-31T18:09:36Z Saw new cmpctblock header hash=213eb6c7010f740af55fdaa6f9a532bb39de5318c9c26d6d115f9f62e88c37af peer=0
2025-10-31T18:09:36Z UpdateTip: new best=213eb6c7010f740af55fdaa6f9a532bb39de5318c9c26d6d115f9f62e88c37af height=79 version=0x20000000 log2_work=7.321928 tx=80 date='2025-10-31T18:09:49Z' progress=1.000000 cache=0.3MiB(79txo)
2025-10-31T18:09:36Z Saw new header hash=767befb573d5c7d07b3e1db5f109fc79d63f0df031ac2d2b5e1e158f9f0a6fe6 height=80
2025-10-31T18:09:36Z Saw new cmpctblock header hash=767befb573d5c7d07b3e1db5f109fc79d63f0df031ac2d2b5e1e158f9f0a6fe6 peer=0
2025-10-31T18:09:36Z UpdateTip: new best=767befb573d5c7d07b3e1db5f109fc79d63f0df031ac2d2b5e1e158f9f0a6fe6 height=80 version=0x20000000 log2_work=7.339850 tx=81 date='2025-10-31T18:09:50Z' progress=1.000000 cache=0.3MiB(80txo)
2025-10-31T18:09:36Z Saw new header hash=46d2b5cc08a38352fd4fe53ba4d56b343191cee2dbbe2c63df4947e628f8233a height=81
2025-10-31T18:09:36Z Saw new cmpctblock header hash=46d2b5cc08a38352fd4fe53ba4d56b343191cee2dbbe2c63df4947e628f8233a peer=0
2025-10-31T18:09:36Z UpdateTip: new best=46d2b5cc08a38352fd4fe53ba4d56b343191cee2dbbe2c63df4947e628f8233a height=81 version=0x20000000 log2_work=7.357552 tx=82 date='2025-10-31T18:09:50Z' progress=1.000000 cache=0.3MiB(81txo)
2025-10-31T18:09:36Z Saw new header hash=4c95cb36d0e3edfc3aa0a2775eebfd3122486100a7e120c43dcbcfd3412d2ce2 height=82
2025-10-31T18:09:36Z Saw new cmpctblock header hash=4c95cb36d0e3edfc3aa0a2775eebfd3122486100a7e120c43dcbcfd3412d2ce2 peer=0
2025-10-31T18:09:36Z UpdateTip: new best=4c95cb36d0e3edfc3aa0a2775eebfd3122486100a7e120c43dcbcfd3412d2ce2 height=82 version=0x20000000 log2_work=7.375039 tx=83 date='2025-10-31T18:09:50Z' progress=1.000000 cache=0.3MiB(82txo)
2025-10-31T18:09:36Z Saw new header hash=3207abbf1a626919a352d4bac967301d1df9f5b5a419e6a9703c6718d0f06f4f height=83
2025-10-31T18:09:36Z Saw new cmpctblock header hash=3207abbf1a626919a352d4bac967301d1df9f5b5a419e6a9703c6718d0f06f4f peer=0
2025-10-31T18:09:36Z UpdateTip: new best=3207abbf1a626919a352d4bac967301d1df9f5b5a419e6a9703c6718d0f06f4f height=83 version=0x20000000 log2_work=7.392317 tx=84 date='2025-10-31T18:09:50Z' progress=1.000000 cache=0.3MiB(83txo)
2025-10-31T18:09:36Z Saw new header hash=1b7c8b86dca75df7e1d41a0fa06100287af065e9488924b52892c92247bb576d height=84
2025-10-31T18:09:36Z Saw new cmpctblock header hash=1b7c8b86dca75df7e1d41a0fa06100287af065e9488924b52892c92247bb576d peer=0
2025-10-31T18:09:36Z UpdateTip: new best=1b7c8b86dca75df7e1d41a0fa06100287af065e9488924b52892c92247bb576d height=84 version=0x20000000 log2_work=7.409391 tx=85 date='2025-10-31T18:09:50Z' progress=1.000000 cache=0.3MiB(84txo)
2025-10-31T18:09:36Z Saw new header hash=0f7aceeca94e9fdf1434f53c6d8f1cadd6e2133fc1cf4811598923e31368082a height=85
2025-10-31T18:09:36Z Saw new cmpctblock header hash=0f7aceeca94e9fdf1434f53c6d8f1cadd6e2133fc1cf4811598923e31368082a peer=0
2025-10-31T18:09:36Z UpdateTip: new best=0f7aceeca94e9fdf1434f53c6d8f1cadd6e2133fc1cf4811598923e31368082a height=85 version=0x20000000 log2_work=7.426265 tx=86 date='2025-10-31T18:09:50Z' progress=1.000000 cache=0.3MiB(85txo)
2025-10-31T18:09:36Z Saw new header hash=1bcd9fcf9af00f418a9bd204a901cf31f5aafe3af63a84914a474ccd3f389b63 height=86
2025-10-31T18:09:36Z Saw new cmpctblock header hash=1bcd9fcf9af00f418a9bd204a901cf31f5aafe3af63a84914a474ccd3f389b63 peer=0
2025-10-31T18:09:36Z UpdateTip: new best=1bcd9fcf9af00f418a9bd204a901cf31f5aafe3af63a84914a474ccd3f389b63 height=86 version=0x20000000 log2_work=7.442943 tx=87 date='2025-10-31T18:09:51Z' progress=1.000000 cache=0.3MiB(86txo)
2025-10-31T18:09:36Z Saw new header hash=7858f8fd8e5b007ce28cfdf87e8a0160f0b7e7c39638d7fd2fa0a541333d6958 height=87
2025-10-31T18:09:36Z Saw new cmpctblock header hash=7858f8fd8e5b007ce28cfdf87e8a0160f0b7e7c39638d7fd2fa0a541333d6958 peer=0
2025-10-31T18:09:36Z UpdateTip: new best=7858f8fd8e5b007ce28cfdf87e8a0160f0b7e7c39638d7fd2fa0a541333d6958 height=87 version=0x20000000 log2_work=7.459432 tx=88 date='2025-10-31T18:09:51Z' progress=1.000000 cache=0.3MiB(87txo)
2025-10-31T18:09:36Z Saw new header hash=5e311df9a1417c1b2d5b9657dad0beba35f3e6167f6f88a30da92ce2f15930c0 height=88
2025-10-31T18:09:36Z Saw new cmpctblock header hash=5e311df9a1417c1b2d5b9657dad0beba35f3e6167f6f88a30da92ce2f15930c0 peer=0
2025-10-31T18:09:36Z UpdateTip: new best=5e311df9a1417c1b2d5b9657dad0beba35f3e6167f6f88a30da92ce2f15930c0 height=88 version=0x20000000 log2_work=7.475733 tx=89 date='2025-10-31T18:09:51Z' progress=1.000000 cache=0.3MiB(88txo)
2025-10-31T18:09:36Z Saw new header hash=4c3da670514af16aef868ba68cb1dd50a302a9056a1b88249eb74429958681bb height=89
2025-10-31T18:09:36Z Saw new cmpctblock header hash=4c3da670514af16aef868ba68cb1dd50a302a9056a1b88249eb74429958681bb peer=0
2025-10-31T18:09:36Z UpdateTip: new best=4c3da670514af16aef868ba68cb1dd50a302a9056a1b88249eb74429958681bb height=89 version=0x20000000 log2_work=7.491853 tx=90 date='2025-10-31T18:09:51Z' progress=1.000000 cache=0.3MiB(89txo)
2025-10-31T18:09:36Z Saw new header hash=0a2153dfa9db66cb2a2a703ebbace9a95b4e08a7fd3106e81a8aa7228555da90 height=90
2025-10-31T18:09:36Z Saw new cmpctblock header hash=0a2153dfa9db66cb2a2a703ebbace9a95b4e08a7fd3106e81a8aa7228555da90 peer=0
2025-10-31T18:09:36Z UpdateTip: new best=0a2153dfa9db66cb2a2a703ebbace9a95b4e08a7fd3106e81a8aa7228555da90 height=90 version=0x20000000 log2_work=7.507795 tx=91 date='2025-10-31T18:09:51Z' progress=1.000000 cache=0.3MiB(90txo)
2025-10-31T18:09:36Z Saw new header hash=1a26846caefd62d36f2a5b1c594bb9b2b4a7438fde1c6826d8f58e084b974458 height=91
2025-10-31T18:09:36Z Saw new cmpctblock header hash=1a26846caefd62d36f2a5b1c594bb9b2b4a7438fde1c6826d8f58e084b974458 peer=0
2025-10-31T18:09:36Z UpdateTip: new best=1a26846caefd62d36f2a5b1c594bb9b2b4a7438fde1c6826d8f58e084b974458 height=91 version=0x20000000 log2_work=7.523562 tx=92 date='2025-10-31T18:09:51Z' progress=1.000000 cache=0.3MiB(91txo)
2025-10-31T18:09:36Z Saw new header hash=2191d354eced40bd721b88cc05ed9c1d06e12c1bc0bb0bd6b586bda348e8d75e height=92
2025-10-31T18:09:36Z Saw new cmpctblock header hash=2191d354eced40bd721b88cc05ed9c1d06e12c1bc0bb0bd6b586bda348e8d75e peer=0
2025-10-31T18:09:36Z UpdateTip: new best=2191d354eced40bd721b88cc05ed9c1d06e12c1bc0bb0bd6b586bda348e8d75e height=92 version=0x20000000 log2_work=7.539159 tx=93 date='2025-10-31T18:09:52Z' progress=1.000000 cache=0.3MiB(92txo)
2025-10-31T18:09:36Z Saw new header hash=6154faca74f0031a3147dbac20359b5b134612f884ab9e94f2ef45648cc7e920 height=93
2025-10-31T18:09:36Z Saw new cmpctblock header hash=6154faca74f0031a3147dbac20359b5b134612f884ab9e94f2ef45648cc7e920 peer=0
2025-10-31T18:09:36Z UpdateTip: new best=6154faca74f0031a3147dbac20359b5b134612f884ab9e94f2ef45648cc7e920 height=93 version=0x20000000 log2_work=7.554589 tx=94 date='2025-10-31T18:09:52Z' progress=1.000000 cache=0.3MiB(93txo)
2025-10-31T18:09:36Z Saw new header hash=2e7ffafbe5f78e9baddff315070772efd831270051768a9e140c95f05aaf2f6a height=94
2025-10-31T18:09:36Z Saw new cmpctblock header hash=2e7ffafbe5f78e9baddff315070772efd831270051768a9e140c95f05aaf2f6a peer=0
2025-10-31T18:09:36Z UpdateTip: new best=2e7ffafbe5f78e9baddff315070772efd831270051768a9e140c95f05aaf2f6a height=94 version=0x20000000 log2_work=7.569856 tx=95 date='2025-10-31T18:09:52Z' progress=1.000000 cache=0.3MiB(94txo)
2025-10-31T18:09:36Z Saw new header hash=61d50086e73568fbb4794f9fd55301769ae000f0bda9fdde2e2e3f83f2362afb height=95
2025-10-31T18:09:36Z Saw new cmpctblock header hash=61d50086e73568fbb4794f9fd55301769ae000f0bda9fdde2e2e3f83f2362afb peer=0
2025-10-31T18:09:36Z UpdateTip: new best=61d50086e73568fbb4794f9fd55301769ae000f0bda9fdde2e2e3f83f2362afb height=95 version=0x20000000 log2_work=7.584963 tx=96 date='2025-10-31T18:09:52Z' progress=1.000000 cache=0.3MiB(95txo)
2025-10-31T18:09:36Z Saw new header hash=3950c04f2d00a17230093e8b81c94e820b7e492478652a327b6deb69eefef52f height=96
2025-10-31T18:09:36Z Saw new cmpctblock header hash=3950c04f2d00a17230093e8b81c94e820b7e492478652a327b6deb69eefef52f peer=0
2025-10-31T18:09:36Z UpdateTip: new best=3950c04f2d00a17230093e8b81c94e820b7e492478652a327b6deb69eefef52f height=96 version=0x20000000 log2_work=7.599913 tx=97 date='2025-10-31T18:09:52Z' progress=1.000000 cache=0.3MiB(96txo)
2025-10-31T18:09:36Z Saw new header hash=0b4aff0421d3bc67af020d3919bf171f6b97b8c8b67ff9b4b58ed4707dc0fc50 height=97
2025-10-31T18:09:36Z Saw new cmpctblock header hash=0b4aff0421d3bc67af020d3919bf171f6b97b8c8b67ff9b4b58ed4707dc0fc50 peer=0
2025-10-31T18:09:36Z UpdateTip: new best=0b4aff0421d3bc67af020d3919bf171f6b97b8c8b67ff9b4b58ed4707dc0fc50 height=97 version=0x20000000 log2_work=7.614710 tx=98 date='2025-10-31T18:09:52Z' progress=1.000000 cache=0.3MiB(97txo)
2025-10-31T18:09:36Z Saw new header hash=2b2c27d993d3cb02284c2d8df27eb981f3b91cea9269d53d3e3ca47da12adbc5 height=98
2025-10-31T18:09:36Z Saw new cmpctblock header hash=2b2c27d993d3cb02284c2d8df27eb981f3b91cea9269d53d3e3ca47da12adbc5 peer=0
2025-10-31T18:09:36Z UpdateTip: new best=2b2c27d993d3cb02284c2d8df27eb981f3b91cea9269d53d3e3ca47da12adbc5 height=98 version=0x20000000 log2_work=7.629357 tx=99 date='2025-10-31T18:09:53Z' progress=1.000000 cache=0.3MiB(98txo)
2025-10-31T18:09:36Z Saw new header hash=7d9d7ab88ab62bd34423284e3129b6c09dbe8762e0471fd2ae01e231f4aa654c height=99
2025-10-31T18:09:36Z Saw new cmpctblock header hash=7d9d7ab88ab62bd34423284e3129b6c09dbe8762e0471fd2ae01e231f4aa654c peer=0
2025-10-31T18:09:36Z UpdateTip: new best=7d9d7ab88ab62bd34423284e3129b6c09dbe8762e0471fd2ae01e231f4aa654c height=99 version=0x20000000 log2_work=7.643856 tx=100 date='2025-10-31T18:09:53Z' progress=1.000000 cache=0.3MiB(99txo)
2025-10-31T18:09:36Z Saw new header hash=1a47715b41a57cee837023c0e327b9edaa2784aee1afa1930bda563c1950872e height=100
2025-10-31T18:09:36Z Saw new cmpctblock header hash=1a47715b41a57cee837023c0e327b9edaa2784aee1afa1930bda563c1950872e peer=0
2025-10-31T18:09:36Z UpdateTip: new best=1a47715b41a57cee837023c0e327b9edaa2784aee1afa1930bda563c1950872e height=100 version=0x20000000 log2_work=7.658211 tx=101 date='2025-10-31T18:09:53Z' progress=1.000000 cache=0.3MiB(100txo)
2025-10-31T18:09:36Z Saw new header hash=19e054290940cee40945871f14f3a7a41b5811058924008a98871eaa3fb6550b height=101
2025-10-31T18:09:36Z Saw new cmpctblock header hash=19e054290940cee40945871f14f3a7a41b5811058924008a98871eaa3fb6550b peer=0
2025-10-31T18:09:36Z UpdateTip: new best=19e054290940cee40945871f14f3a7a41b5811058924008a98871eaa3fb6550b height=101 version=0x20000000 log2_work=7.672425 tx=102 date='2025-10-31T18:09:53Z' progress=1.000000 cache=0.3MiB(101txo)
2025-10-31T18:09:36Z Saw new header hash=164bb0c254b91e12923eef72a185b8878c6df271b3109a61e7dd18015cbbea95 height=102
2025-10-31T18:09:36Z Saw new cmpctblock header hash=164bb0c254b91e12923eef72a185b8878c6df271b3109a61e7dd18015cbbea95 peer=0
2025-10-31T18:09:36Z UpdateTip: new best=164bb0c254b91e12923eef72a185b8878c6df271b3109a61e7dd18015cbbea95 height=102 version=0x20000000 log2_work=7.686501 tx=103 date='2025-10-31T18:09:53Z' progress=1.000000 cache=0.3MiB(102txo)
2025-10-31T18:09:36Z Saw new header hash=4536f8376d9eeeef994cfc4a79dfcfed1b47468e9467826610f679b35f39d287 height=103
2025-10-31T18:09:36Z Saw new cmpctblock header hash=4536f8376d9eeeef994cfc4a79dfcfed1b47468e9467826610f679b35f39d287 peer=0
2025-10-31T18:09:36Z UpdateTip: new best=4536f8376d9eeeef994cfc4a79dfcfed1b47468e9467826610f679b35f39d287 height=103 version=0x20000000 log2_work=7.700440 tx=104 date='2025-10-31T18:09:53Z' progress=1.000000 cache=0.3MiB(103txo)
2025-10-31T18:09:36Z Saw new header hash=65b09ac75100f5ac5980e742c5d0fd7ac4233a811f6bffe3a7dc27205a2becd5 height=104
2025-10-31T18:09:36Z Saw new cmpctblock header hash=65b09ac75100f5ac5980e742c5d0fd7ac4233a811f6bffe3a7dc27205a2becd5 peer=0
2025-10-31T18:09:36Z UpdateTip: new best=65b09ac75100f5ac5980e742c5d0fd7ac4233a811f6bffe3a7dc27205a2becd5 height=104 version=0x20000000 log2_work=7.714246 tx=105 date='2025-10-31T18:09:54Z' progress=1.000000 cache=0.3MiB(104txo)
2025-10-31T18:09:36Z Saw new header hash=75a38fe1df0ef1910eac3769abefec288e8b2b9b4593708772a136e35773aa48 height=105
2025-10-31T18:09:36Z Saw new cmpctblock header hash=75a38fe1df0ef1910eac3769abefec288e8b2b9b4593708772a136e35773aa48 peer=0
2025-10-31T18:09:36Z UpdateTip: new best=75a38fe1df0ef1910eac3769abefec288e8b2b9b4593708772a136e35773aa48 height=105 version=0x20000000 log2_work=7.727920 tx=106 date='2025-10-31T18:09:54Z' progress=1.000000 cache=0.3MiB(105txo)
2025-10-31T18:09:36Z Saw new header hash=033e89ba5cc3605c1109cc7532834e2718e54ee5422b5e8e441480c91360eb9d height=106
2025-10-31T18:09:36Z Saw new cmpctblock header hash=033e89ba5cc3605c1109cc7532834e2718e54ee5422b5e8e441480c91360eb9d peer=0
2025-10-31T18:09:36Z UpdateTip: new best=033e89ba5cc3605c1109cc7532834e2718e54ee5422b5e8e441480c91360eb9d height=106 version=0x20000000 log2_work=7.741467 tx=107 date='2025-10-31T18:09:54Z' progress=1.000000 cache=0.3MiB(106txo)
2025-10-31T18:09:36Z Saw new header hash=4f7b4bd57f26454e0158f1f395421e685eb30b589b6f26b188934593255f8925 height=107
2025-10-31T18:09:36Z Saw new cmpctblock header hash=4f7b4bd57f26454e0158f1f395421e685eb30b589b6f26b188934593255f8925 peer=0
2025-10-31T18:09:36Z UpdateTip: new best=4f7b4bd57f26454e0158f1f395421e685eb30b589b6f26b188934593255f8925 height=107 version=0x20000000 log2_work=7.754888 tx=108 date='2025-10-31T18:09:54Z' progress=1.000000 cache=0.3MiB(107txo)
2025-10-31T18:09:36Z Saw new header hash=675bd8e8a0ac8eff59ec08ef0642155016413c76684e9760ccd57851289f10c4 height=108
2025-10-31T18:09:36Z Saw new cmpctblock header hash=675bd8e8a0ac8eff59ec08ef0642155016413c76684e9760ccd57851289f10c4 peer=0
2025-10-31T18:09:36Z UpdateTip: new best=675bd8e8a0ac8eff59ec08ef0642155016413c76684e9760ccd57851289f10c4 height=108 version=0x20000000 log2_work=7.768184 tx=109 date='2025-10-31T18:09:54Z' progress=1.000000 cache=0.3MiB(108txo)
2025-10-31T18:09:36Z Saw new header hash=08b80a28e83b6ebb05d26322cb5beda32ecfe46fb62d4ee4b2b464c61922b6ee height=109
2025-10-31T18:09:36Z Saw new cmpctblock header hash=08b80a28e83b6ebb05d26322cb5beda32ecfe46fb62d4ee4b2b464c61922b6ee peer=0
2025-10-31T18:09:36Z UpdateTip: new best=08b80a28e83b6ebb05d26322cb5beda32ecfe46fb62d4ee4b2b464c61922b6ee height=109 version=0x20000000 log2_work=7.781360 tx=110 date='2025-10-31T18:09:54Z' progress=1.000000 cache=0.3MiB(109txo)
2025-10-31T18:09:36Z Saw new header hash=06c103024a510fb1421088f8134059893f98faabdecc0100729146cade10ac24 height=110
2025-10-31T18:09:36Z Saw new cmpctblock header hash=06c103024a510fb1421088f8134059893f98faabdecc0100729146cade10ac24 peer=0
2025-10-31T18:09:36Z UpdateTip: new best=06c103024a510fb1421088f8134059893f98faabdecc0100729146cade10ac24 height=110 version=0x20000000 log2_work=7.794416 tx=111 date='2025-10-31T18:09:55Z' progress=1.000000 cache=0.3MiB(110txo)
2025-10-31T18:09:36Z Saw new header hash=7db514c2c7f5ce8a8653287510ac9b6508d471ad305459470424e6ea15c515b2 height=111
2025-10-31T18:09:36Z Saw new cmpctblock header hash=7db514c2c7f5ce8a8653287510ac9b6508d471ad305459470424e6ea15c515b2 peer=0
2025-10-31T18:09:36Z UpdateTip: new best=7db514c2c7f5ce8a8653287510ac9b6508d471ad305459470424e6ea15c515b2 height=111 version=0x20000000 log2_work=7.807355 tx=112 date='2025-10-31T18:09:55Z' progress=1.000000 cache=0.3MiB(111txo)
2025-10-31T18:09:36Z Saw new header hash=741745cac90d59009cb0527c3c1ef4fb5acff0fed0c3fa5713fe386422984023 height=112
2025-10-31T18:09:36Z Saw new cmpctblock header hash=741745cac90d59009cb0527c3c1ef4fb5acff0fed0c3fa5713fe386422984023 peer=0
2025-10-31T18:09:36Z UpdateTip: new best=741745cac90d59009cb0527c3c1ef4fb5acff0fed0c3fa5713fe386422984023 height=112 version=0x20000000 log2_work=7.820179 tx=113 date='2025-10-31T18:09:55Z' progress=1.000000 cache=0.3MiB(112txo)
2025-10-31T18:09:36Z Saw new header hash=0a50cfc466cfcbed2f2cc9db024408387a1cb84141890b9f4ca30b1c06dc909b height=113
2025-10-31T18:09:36Z Saw new cmpctblock header hash=0a50cfc466cfcbed2f2cc9db024408387a1cb84141890b9f4ca30b1c06dc909b peer=0
2025-10-31T18:09:36Z UpdateTip: new best=0a50cfc466cfcbed2f2cc9db024408387a1cb84141890b9f4ca30b1c06dc909b height=113 version=0x20000000 log2_work=7.832890 tx=114 date='2025-10-31T18:09:55Z' progress=1.000000 cache=0.3MiB(113txo)
2025-10-31T18:09:36Z Saw new header hash=1a3471c2b673186b73f5866c5862caff2aaf81f5a6533565ec55f9b6b9db55e5 height=114
2025-10-31T18:09:36Z Saw new cmpctblock header hash=1a3471c2b673186b73f5866c5862caff2aaf81f5a6533565ec55f9b6b9db55e5 peer=0
2025-10-31T18:09:36Z UpdateTip: new best=1a3471c2b673186b73f5866c5862caff2aaf81f5a6533565ec55f9b6b9db55e5 height=114 version=0x20000000 log2_work=7.845490 tx=115 date='2025-10-31T18:09:55Z' progress=1.000000 cache=0.3MiB(114txo)
2025-10-31T18:09:36Z Saw new header hash=2816d5a65296a87c29998081d86598ac1d734a9bf303eb9b79c67e6ae292f4d0 height=115
2025-10-31T18:09:36Z Saw new cmpctblock header hash=2816d5a65296a87c29998081d86598ac1d734a9bf303eb9b79c67e6ae292f4d0 peer=0
2025-10-31T18:09:36Z UpdateTip: new best=2816d5a65296a87c29998081d86598ac1d734a9bf303eb9b79c67e6ae292f4d0 height=115 version=0x20000000 log2_work=7.857981 tx=116 date='2025-10-31T18:09:55Z' progress=1.000000 cache=0.3MiB(115txo)
2025-10-31T18:09:36Z Saw new header hash=524166c5c11ea62a9f5e7caaaba4b763c737670879836de64a481e38c158373f height=116
2025-10-31T18:09:36Z Saw new cmpctblock header hash=524166c5c11ea62a9f5e7caaaba4b763c737670879836de64a481e38c158373f peer=0
2025-10-31T18:09:36Z UpdateTip: new best=524166c5c11ea62a9f5e7caaaba4b763c737670879836de64a481e38c158373f height=116 version=0x20000000 log2_work=7.870365 tx=117 date='2025-10-31T18:09:56Z' progress=1.000000 cache=0.3MiB(116txo)
2025-10-31T18:09:36Z Saw new header hash=65640c61819de8b596cbacdec9d3614d01b75d6f3c94561abab219f303d72c27 height=117
2025-10-31T18:09:36Z Saw new cmpctblock header hash=65640c61819de8b596cbacdec9d3614d01b75d6f3c94561abab219f303d72c27 peer=0
2025-10-31T18:09:36Z UpdateTip: new best=65640c61819de8b596cbacdec9d3614d01b75d6f3c94561abab219f303d72c27 height=117 version=0x20000000 log2_work=7.882643 tx=118 date='2025-10-31T18:09:56Z' progress=1.000000 cache=0.3MiB(117txo)
2025-10-31T18:09:36Z Saw new header hash=5da7f7d7261769778bde65c145cc2490c4c9ff880bf9bfaa53ffe0414ed93e88 height=118
2025-10-31T18:09:36Z Saw new cmpctblock header hash=5da7f7d7261769778bde65c145cc2490c4c9ff880bf9bfaa53ffe0414ed93e88 peer=0
2025-10-31T18:09:36Z UpdateTip: new best=5da7f7d7261769778bde65c145cc2490c4c9ff880bf9bfaa53ffe0414ed93e88 height=118 version=0x20000000 log2_work=7.894818 tx=119 date='2025-10-31T18:09:56Z' progress=1.000000 cache=0.3MiB(118txo)
2025-10-31T18:09:36Z Saw new header hash=51e09026ae0f15c461c3c9aa4c90dffacd8bd59b2e1c2479048e2ede9c32223b height=119
2025-10-31T18:09:36Z Saw new cmpctblock header hash=51e09026ae0f15c461c3c9aa4c90dffacd8bd59b2e1c2479048e2ede9c32223b peer=0
2025-10-31T18:09:36Z UpdateTip: new best=51e09026ae0f15c461c3c9aa4c90dffacd8bd59b2e1c2479048e2ede9c32223b height=119 version=0x20000000 log2_work=7.906891 tx=120 date='2025-10-31T18:09:56Z' progress=1.000000 cache=0.3MiB(119txo)
2025-10-31T18:09:36Z Saw new header hash=1227a670ed21fef7f9aa8726ff2cb097858c7c4bd5da167a7e2bf9354665c2e5 height=120
2025-10-31T18:09:36Z Saw new cmpctblock header hash=1227a670ed21fef7f9aa8726ff2cb097858c7c4bd5da167a7e2bf9354665c2e5 peer=0
2025-10-31T18:09:36Z UpdateTip: new best=1227a670ed21fef7f9aa8726ff2cb097858c7c4bd5da167a7e2bf9354665c2e5 height=120 version=0x20000000 log2_work=7.918863 tx=121 date='2025-10-31T18:09:56Z' progress=1.000000 cache=0.3MiB(120txo)
2025-10-31T18:09:36Z Saw new header hash=7b31975c5a843f4900468f594a79187d1fc6e012588627a772e91125ae0ec9b2 height=121
2025-10-31T18:09:36Z Saw new cmpctblock header hash=7b31975c5a843f4900468f594a79187d1fc6e012588627a772e91125ae0ec9b2 peer=0
2025-10-31T18:09:36Z UpdateTip: new best=7b31975c5a843f4900468f594a79187d1fc6e012588627a772e91125ae0ec9b2 height=121 version=0x20000000 log2_work=7.930737 tx=122 date='2025-10-31T18:09:56Z' progress=1.000000 cache=0.3MiB(121txo)
2025-10-31T18:09:36Z Saw new header hash=63efbdd2b8b992949670cce0d83827740ea1f90e56ec86012db7827e6bd92c8b height=122
2025-10-31T18:09:36Z Saw new cmpctblock header hash=63efbdd2b8b992949670cce0d83827740ea1f90e56ec86012db7827e6bd92c8b peer=0
2025-10-31T18:09:36Z UpdateTip: new best=63efbdd2b8b992949670cce0d83827740ea1f90e56ec86012db7827e6bd92c8b height=122 version=0x20000000 log2_work=7.942515 tx=123 date='2025-10-31T18:09:57Z' progress=1.000000 cache=0.3MiB(122txo)
2025-10-31T18:09:36Z Saw new header hash=21855e54c3dd5ea6f48047e08191093802fe9d9475f9119f6832e46bcab3f30e height=123
2025-10-31T18:09:36Z Saw new cmpctblock header hash=21855e54c3dd5ea6f48047e08191093802fe9d9475f9119f6832e46bcab3f30e peer=0
2025-10-31T18:09:36Z UpdateTip: new best=21855e54c3dd5ea6f48047e08191093802fe9d9475f9119f6832e46bcab3f30e height=123 version=0x20000000 log2_work=7.954196 tx=124 date='2025-10-31T18:09:57Z' progress=1.000000 cache=0.3MiB(123txo)
2025-10-31T18:09:36Z Saw new header hash=17a6c816116e670dabda6041cddaf93b8a85a0a8cc4129ab750640fb1c8fc986 height=124
2025-10-31T18:09:36Z Saw new cmpctblock header hash=17a6c816116e670dabda6041cddaf93b8a85a0a8cc4129ab750640fb1c8fc986 peer=0
2025-10-31T18:09:36Z UpdateTip: new best=17a6c816116e670dabda6041cddaf93b8a85a0a8cc4129ab750640fb1c8fc986 height=124 version=0x20000000 log2_work=7.965784 tx=125 date='2025-10-31T18:09:57Z' progress=1.000000 cache=0.3MiB(124txo)
2025-10-31T18:09:36Z Saw new header hash=65cdff9e66f3195f1b6e483ef055989a37423b5ea91c38a1d3730060dddbeb62 height=125
2025-10-31T18:09:36Z Saw new cmpctblock header hash=65cdff9e66f3195f1b6e483ef055989a37423b5ea91c38a1d3730060dddbeb62 peer=0
2025-10-31T18:09:36Z UpdateTip: new best=65cdff9e66f3195f1b6e483ef055989a37423b5ea91c38a1d3730060dddbeb62 height=125 version=0x20000000 log2_work=7.977280 tx=126 date='2025-10-31T18:09:57Z' progress=1.000000 cache=0.3MiB(125txo)
2025-10-31T18:09:36Z Saw new header hash=1163129a1553ef3b97234638f93875107fc3b664fdcf32c013646ce6ddf03dc2 height=126
2025-10-31T18:09:36Z Saw new cmpctblock header hash=1163129a1553ef3b97234638f93875107fc3b664fdcf32c013646ce6ddf03dc2 peer=0
2025-10-31T18:09:36Z UpdateTip: new best=1163129a1553ef3b97234638f93875107fc3b664fdcf32c013646ce6ddf03dc2 height=126 version=0x20000000 log2_work=7.988685 tx=127 date='2025-10-31T18:09:57Z' progress=1.000000 cache=0.3MiB(126txo)
2025-10-31T18:09:36Z Saw new header hash=4aeb663053201621e823d8a3c732809729610319f3258ca6fef99c35ce9f9528 height=127
2025-10-31T18:09:36Z Saw new cmpctblock header hash=4aeb663053201621e823d8a3c732809729610319f3258ca6fef99c35ce9f9528 peer=0
2025-10-31T18:09:36Z UpdateTip: new best=4aeb663053201621e823d8a3c732809729610319f3258ca6fef99c35ce9f9528 height=127 version=0x20000000 log2_work=8.000000 tx=128 date='2025-10-31T18:09:57Z' progress=1.000000 cache=0.3MiB(127txo)
2025-10-31T18:09:36Z Saw new header hash=21ac35270e447b022d3af8d296e6849b58335d811563bd0f33c7dedfc9812b70 height=128
2025-10-31T18:09:36Z Saw new cmpctblock header hash=21ac35270e447b022d3af8d296e6849b58335d811563bd0f33c7dedfc9812b70 peer=0
2025-10-31T18:09:36Z UpdateTip: new best=21ac35270e447b022d3af8d296e6849b58335d811563bd0f33c7dedfc9812b70 height=128 version=0x20000000 log2_work=8.011227 tx=129 date='2025-10-31T18:09:58Z' progress=1.000000 cache=0.3MiB(128txo)
2025-10-31T18:09:36Z Saw new header hash=3467afeca1e317693dafa8a87660e370635c7b2765790169f7d7f7782ebeb20c height=129
2025-10-31T18:09:36Z Saw new cmpctblock header hash=3467afeca1e317693dafa8a87660e370635c7b2765790169f7d7f7782ebeb20c peer=0
2025-10-31T18:09:36Z UpdateTip: new best=3467afeca1e317693dafa8a87660e370635c7b2765790169f7d7f7782ebeb20c height=129 version=0x20000000 log2_work=8.022368 tx=130 date='2025-10-31T18:09:58Z' progress=1.000000 cache=0.3MiB(129txo)
2025-10-31T18:09:36Z Saw new header hash=43ef07be455f6a1d2184876d0bc52f84d437b2d387e33ee0cccd61a78f130dcf height=130
2025-10-31T18:09:36Z Saw new cmpctblock header hash=43ef07be455f6a1d2184876d0bc52f84d437b2d387e33ee0cccd61a78f130dcf peer=0
2025-10-31T18:09:36Z UpdateTip: new best=43ef07be455f6a1d2184876d0bc52f84d437b2d387e33ee0cccd61a78f130dcf height=130 version=0x20000000 log2_work=8.033423 tx=131 date='2025-10-31T18:09:58Z' progress=1.000000 cache=0.3MiB(130txo)
2025-10-31T18:09:36Z Saw new header hash=7a2c1651b4ce78a2c2e7b1bbe9297a52786693a34a8ac6679cf894ca56398e5a height=131
2025-10-31T18:09:36Z Saw new cmpctblock header hash=7a2c1651b4ce78a2c2e7b1bbe9297a52786693a34a8ac6679cf894ca56398e5a peer=0
2025-10-31T18:09:36Z UpdateTip: new best=7a2c1651b4ce78a2c2e7b1bbe9297a52786693a34a8ac6679cf894ca56398e5a height=131 version=0x20000000 log2_work=8.044394 tx=132 date='2025-10-31T18:09:58Z' progress=1.000000 cache=0.3MiB(131txo)
2025-10-31T18:09:36Z Saw new header hash=5fe532ea0715c74bbf39fd3c7ab82ee6a6496cb8b28ca2a436449fd3b577166f height=132
2025-10-31T18:09:36Z Saw new cmpctblock header hash=5fe532ea0715c74bbf39fd3c7ab82ee6a6496cb8b28ca2a436449fd3b577166f peer=0
2025-10-31T18:09:36Z UpdateTip: new best=5fe532ea0715c74bbf39fd3c7ab82ee6a6496cb8b28ca2a436449fd3b577166f height=132 version=0x20000000 log2_work=8.055282 tx=133 date='2025-10-31T18:09:58Z' progress=1.000000 cache=0.3MiB(132txo)
2025-10-31T18:09:36Z Saw new header hash=1746c91586e8fee72817ab818373b7d1b6ae5eed8292fac49e65cfe5490e23ca height=133
2025-10-31T18:09:36Z Saw new cmpctblock header hash=1746c91586e8fee72817ab818373b7d1b6ae5eed8292fac49e65cfe5490e23ca peer=0
2025-10-31T18:09:36Z UpdateTip: new best=1746c91586e8fee72817ab818373b7d1b6ae5eed8292fac49e65cfe5490e23ca height=133 version=0x20000000 log2_work=8.066089 tx=134 date='2025-10-31T18:09:58Z' progress=1.000000 cache=0.3MiB(133txo)
2025-10-31T18:09:36Z Saw new header hash=6e3a9e834de11c748d4861c4a2cfd4b37c29c0ec2a9a14cf59d0077e15d0b53d height=134
2025-10-31T18:09:36Z Saw new cmpctblock header hash=6e3a9e834de11c748d4861c4a2cfd4b37c29c0ec2a9a14cf59d0077e15d0b53d peer=0
2025-10-31T18:09:36Z UpdateTip: new best=6e3a9e834de11c748d4861c4a2cfd4b37c29c0ec2a9a14cf59d0077e15d0b53d height=134 version=0x20000000 log2_work=8.076816 tx=135 date='2025-10-31T18:09:59Z' progress=1.000000 cache=0.3MiB(134txo)
2025-10-31T18:09:36Z Saw new header hash=069fe360f0c5954b7dd28c0038823056be55d9c63694d9b15cfec526f77080b5 height=135
2025-10-31T18:09:36Z Saw new cmpctblock header hash=069fe360f0c5954b7dd28c0038823056be55d9c63694d9b15cfec526f77080b5 peer=0
2025-10-31T18:09:36Z UpdateTip: new best=069fe360f0c5954b7dd28c0038823056be55d9c63694d9b15cfec526f77080b5 height=135 version=0x20000000 log2_work=8.087463 tx=136 date='2025-10-31T18:09:59Z' progress=1.000000 cache=0.3MiB(135txo)
2025-10-31T18:09:36Z Saw new header hash=44abc91388163e3be2df9c5f73f8269e3115873692754cd61d6315a5671ae488 height=136
2025-10-31T18:09:36Z Saw new cmpctblock header hash=44abc91388163e3be2df9c5f73f8269e3115873692754cd61d6315a5671ae488 peer=0
2025-10-31T18:09:36Z UpdateTip: new best=44abc91388163e3be2df9c5f73f8269e3115873692754cd61d6315a5671ae488 height=136 version=0x20000000 log2_work=8.098032 tx=137 date='2025-10-31T18:09:59Z' progress=1.000000 cache=0.3MiB(136txo)
2025-10-31T18:09:36Z Saw new header hash=17e09005e3844ff9f4f6e005f43cdb8826128b771739582a6ad2103c230b92e0 height=137
2025-10-31T18:09:36Z Saw new cmpctblock header hash=17e09005e3844ff9f4f6e005f43cdb8826128b771739582a6ad2103c230b92e0 peer=0
2025-10-31T18:09:36Z UpdateTip: new best=17e09005e3844ff9f4f6e005f43cdb8826128b771739582a6ad2103c230b92e0 height=137 version=0x20000000 log2_work=8.108524 tx=138 date='2025-10-31T18:09:59Z' progress=1.000000 cache=0.3MiB(137txo)
2025-10-31T18:09:36Z Saw new header hash=49c35a041ab4cf51e954a513b33aad57cdb8081d5841455b99a4c6b089ab0289 height=138
2025-10-31T18:09:36Z Saw new cmpctblock header hash=49c35a041ab4cf51e954a513b33aad57cdb8081d5841455b99a4c6b089ab0289 peer=0
2025-10-31T18:09:36Z UpdateTip: new best=49c35a041ab4cf51e954a513b33aad57cdb8081d5841455b99a4c6b089ab0289 height=138 version=0x20000000 log2_work=8.118941 tx=139 date='2025-10-31T18:09:59Z' progress=1.000000 cache=0.3MiB(138txo)
2025-10-31T18:09:36Z Saw new header hash=6377c91b13121592ef96f09edd5b75e3f6fca0714977ca172b6c84058bdf6da7 height=139
2025-10-31T18:09:36Z Saw new cmpctblock header hash=6377c91b13121592ef96f09edd5b75e3f6fca0714977ca172b6c84058bdf6da7 peer=0
2025-10-31T18:09:36Z UpdateTip: new best=6377c91b13121592ef96f09edd5b75e3f6fca0714977ca172b6c84058bdf6da7 height=139 version=0x20000000 log2_work=8.129283 tx=140 date='2025-10-31T18:09:59Z' progress=1.000000 cache=0.3MiB(139txo)
2025-10-31T18:09:36Z Saw new header hash=68117e15e9f34792930d20731ec90877ac1baac614cfe06d4ba46ea5ad65d220 height=140
2025-10-31T18:09:36Z Saw new cmpctblock header hash=68117e15e9f34792930d20731ec90877ac1baac614cfe06d4ba46ea5ad65d220 peer=0
2025-10-31T18:09:36Z UpdateTip: new best=68117e15e9f34792930d20731ec90877ac1baac614cfe06d4ba46ea5ad65d220 height=140 version=0x20000000 log2_work=8.139551 tx=141 date='2025-10-31T18:10:00Z' progress=1.000000 cache=0.3MiB(140txo)
2025-10-31T18:09:36Z Saw new header hash=32e501eb713bc5d72d05a6f1924d4584da793b3f8aac94d47d99d481a205db6e height=141
2025-10-31T18:09:36Z Saw new cmpctblock header hash=32e501eb713bc5d72d05a6f1924d4584da793b3f8aac94d47d99d481a205db6e peer=0
2025-10-31T18:09:36Z UpdateTip: new best=32e501eb713bc5d72d05a6f1924d4584da793b3f8aac94d47d99d481a205db6e height=141 version=0x20000000 log2_work=8.149747 tx=142 date='2025-10-31T18:10:00Z' progress=1.000000 cache=0.3MiB(141txo)
2025-10-31T18:09:36Z Saw new header hash=02128bf0c8f49ad6bdddd87504f351b01ab5eeeb2857bc42f674a9ec887103a7 height=142
2025-10-31T18:09:36Z Saw new cmpctblock header hash=02128bf0c8f49ad6bdddd87504f351b01ab5eeeb2857bc42f674a9ec887103a7 peer=0
2025-10-31T18:09:36Z UpdateTip: new best=02128bf0c8f49ad6bdddd87504f351b01ab5eeeb2857bc42f674a9ec887103a7 height=142 version=0x20000000 log2_work=8.159871 tx=143 date='2025-10-31T18:10:00Z' progress=1.000000 cache=0.3MiB(142txo)
2025-10-31T18:09:36Z Saw new header hash=1ca8152150e81089229b0a0f5d993f4acf4f92ca72bb189e5fab3e983cb064fa height=143
2025-10-31T18:09:36Z Saw new cmpctblock header hash=1ca8152150e81089229b0a0f5d993f4acf4f92ca72bb189e5fab3e983cb064fa peer=0
2025-10-31T18:09:36Z UpdateTip: new best=1ca8152150e81089229b0a0f5d993f4acf4f92ca72bb189e5fab3e983cb064fa height=143 version=0x20000000 log2_work=8.169925 tx=144 date='2025-10-31T18:10:00Z' progress=1.000000 cache=0.3MiB(143txo)
2025-10-31T18:09:36Z Saw new header hash=0885b7011a144fe827d9b3219728bf35b5383a6ea59547f59a2587fe6489df39 height=144
2025-10-31T18:09:36Z Saw new cmpctblock header hash=0885b7011a144fe827d9b3219728bf35b5383a6ea59547f59a2587fe6489df39 peer=0
2025-10-31T18:09:36Z UpdateTip: new best=0885b7011a144fe827d9b3219728bf35b5383a6ea59547f59a2587fe6489df39 height=144 version=0x30000000 log2_work=8.179909 tx=145 date='2025-10-31T18:10:00Z' progress=1.000000 cache=0.3MiB(144txo)
2025-10-31T18:09:36Z Saw new header hash=4e5405b0ce07257921be8180ac87415039c2fad5351aeac08a57e99f4b23c029 height=145
2025-10-31T18:09:36Z Saw new cmpctblock header hash=4e5405b0ce07257921be8180ac87415039c2fad5351aeac08a57e99f4b23c029 peer=0
2025-10-31T18:09:36Z UpdateTip: new best=4e5405b0ce07257921be8180ac87415039c2fad5351aeac08a57e99f4b23c029 height=145 version=0x30000000 log2_work=8.189825 tx=146 date='2025-10-31T18:10:00Z' progress=1.000000 cache=0.3MiB(145txo)
2025-10-31T18:09:36Z Saw new header hash=5a2cacf744d825720cfb9dc502c81e60bf6b06dd491468164e8c26538d465f6a height=146
2025-10-31T18:09:36Z Saw new cmpctblock header hash=5a2cacf744d825720cfb9dc502c81e60bf6b06dd491468164e8c26538d465f6a peer=0
2025-10-31T18:09:36Z UpdateTip: new best=5a2cacf744d825720cfb9dc502c81e60bf6b06dd491468164e8c26538d465f6a height=146 version=0x30000000 log2_work=8.199672 tx=147 date='2025-10-31T18:10:01Z' progress=1.000000 cache=0.3MiB(146txo)
2025-10-31T18:09:36Z Saw new header hash=18c84eefbad837a02ac1db006a891bd43a57734500130309b87961bae10d23e7 height=147
2025-10-31T18:09:36Z Saw new cmpctblock header hash=18c84eefbad837a02ac1db006a891bd43a57734500130309b87961bae10d23e7 peer=0
2025-10-31T18:09:36Z UpdateTip: new best=18c84eefbad837a02ac1db006a891bd43a57734500130309b87961bae10d23e7 height=147 version=0x30000000 log2_work=8.209453 tx=148 date='2025-10-31T18:10:01Z' progress=1.000000 cache=0.3MiB(147txo)
2025-10-31T18:09:36Z Saw new header hash=520b84e7d852e9dead716eca02bd78e39deb88dc43e3d2850428d8184e936105 height=148
2025-10-31T18:09:36Z Saw new cmpctblock header hash=520b84e7d852e9dead716eca02bd78e39deb88dc43e3d2850428d8184e936105 peer=0
2025-10-31T18:09:36Z UpdateTip: new best=520b84e7d852e9dead716eca02bd78e39deb88dc43e3d2850428d8184e936105 height=148 version=0x30000000 log2_work=8.219169 tx=149 date='2025-10-31T18:10:01Z' progress=1.000000 cache=0.3MiB(148txo)
2025-10-31T18:09:36Z Saw new header hash=17aa8cd18758fb86dfc32daaf2dcf99303ad37c3c88468fe8ce39d63b1521cb7 height=149
2025-10-31T18:09:36Z Saw new cmpctblock header hash=17aa8cd18758fb86dfc32daaf2dcf99303ad37c3c88468fe8ce39d63b1521cb7 peer=0
2025-10-31T18:09:36Z UpdateTip: new best=17aa8cd18758fb86dfc32daaf2dcf99303ad37c3c88468fe8ce39d63b1521cb7 height=149 version=0x30000000 log2_work=8.228819 tx=150 date='2025-10-31T18:10:01Z' progress=1.000000 cache=0.3MiB(149txo)
2025-10-31T18:09:36Z Saw new header hash=45c0a96c31a75275ee3a86b49b650b16138cff6e15b72f3929ce08f924481888 height=150
2025-10-31T18:09:36Z Saw new cmpctblock header hash=45c0a96c31a75275ee3a86b49b650b16138cff6e15b72f3929ce08f924481888 peer=0
2025-10-31T18:09:36Z UpdateTip: new best=45c0a96c31a75275ee3a86b49b650b16138cff6e15b72f3929ce08f924481888 height=150 version=0x30000000 log2_work=8.238405 tx=151 date='2025-10-31T18:10:01Z' progress=1.000000 cache=0.3MiB(150txo)
2025-10-31T18:09:36Z Saw new header hash=673ce4eb781a8ebe291b923fcab3b23a287773eee1e72100daf30cbce87fdc07 height=151
2025-10-31T18:09:36Z Saw new cmpctblock header hash=673ce4eb781a8ebe291b923fcab3b23a287773eee1e72100daf30cbce87fdc07 peer=0
2025-10-31T18:09:36Z UpdateTip: new best=673ce4eb781a8ebe291b923fcab3b23a287773eee1e72100daf30cbce87fdc07 height=151 version=0x30000000 log2_work=8.247928 tx=152 date='2025-10-31T18:10:01Z' progress=1.000000 cache=0.3MiB(151txo)
2025-10-31T18:09:36Z Saw new header hash=787adee0ab397864bd5ab717a0801a29ce9b5f997b105cfb95d35ffd51b58ebc height=152
2025-10-31T18:09:36Z Saw new cmpctblock header hash=787adee0ab397864bd5ab717a0801a29ce9b5f997b105cfb95d35ffd51b58ebc peer=0
2025-10-31T18:09:36Z UpdateTip: new best=787adee0ab397864bd5ab717a0801a29ce9b5f997b105cfb95d35ffd51b58ebc height=152 version=0x30000000 log2_work=8.257388 tx=153 date='2025-10-31T18:10:02Z' progress=1.000000 cache=0.3MiB(152txo)
2025-10-31T18:09:36Z Saw new header hash=4748e79714ea512891a0ca5f3619cce48d3dce0dbb506f81a0ffa39d663c30dd height=153
2025-10-31T18:09:36Z Saw new cmpctblock header hash=4748e79714ea512891a0ca5f3619cce48d3dce0dbb506f81a0ffa39d663c30dd peer=0
2025-10-31T18:09:36Z UpdateTip: new best=4748e79714ea512891a0ca5f3619cce48d3dce0dbb506f81a0ffa39d663c30dd height=153 version=0x30000000 log2_work=8.266787 tx=154 date='2025-10-31T18:10:02Z' progress=1.000000 cache=0.3MiB(153txo)
2025-10-31T18:09:36Z Saw new header hash=1aabfbff80eec99534228df78aa0ffa1ace83fcdb6717a833daa939d1c0fb0ba height=154
2025-10-31T18:09:36Z Saw new cmpctblock header hash=1aabfbff80eec99534228df78aa0ffa1ace83fcdb6717a833daa939d1c0fb0ba peer=0
2025-10-31T18:09:36Z UpdateTip: new best=1aabfbff80eec99534228df78aa0ffa1ace83fcdb6717a833daa939d1c0fb0ba height=154 version=0x30000000 log2_work=8.276124 tx=155 date='2025-10-31T18:10:02Z' progress=1.000000 cache=0.3MiB(154txo)
2025-10-31T18:09:36Z Saw new header hash=59bb0887500029cd396e6ecfae520ce2299dad2dcf532826b5471c4668591b9a height=155
2025-10-31T18:09:36Z Saw new cmpctblock header hash=59bb0887500029cd396e6ecfae520ce2299dad2dcf532826b5471c4668591b9a peer=0
2025-10-31T18:09:36Z UpdateTip: new best=59bb0887500029cd396e6ecfae520ce2299dad2dcf532826b5471c4668591b9a height=155 version=0x30000000 log2_work=8.285402 tx=156 date='2025-10-31T18:10:02Z' progress=1.000000 cache=0.3MiB(155txo)
2025-10-31T18:09:36Z Saw new header hash=3426b88b34bcf57a0a149d3513452ab2674cd0b2b5e12e95f6655c1ff4afd2bc height=156
2025-10-31T18:09:36Z Saw new cmpctblock header hash=3426b88b34bcf57a0a149d3513452ab2674cd0b2b5e12e95f6655c1ff4afd2bc peer=0
2025-10-31T18:09:36Z UpdateTip: new best=3426b88b34bcf57a0a149d3513452ab2674cd0b2b5e12e95f6655c1ff4afd2bc height=156 version=0x30000000 log2_work=8.294621 tx=157 date='2025-10-31T18:10:02Z' progress=1.000000 cache=0.3MiB(156txo)
2025-10-31T18:09:36Z Saw new header hash=0294620553bf6afff66a2f8bed0ef3654e0b9663bea85d95682154e5a86c8424 height=157
2025-10-31T18:09:36Z Saw new cmpctblock header hash=0294620553bf6afff66a2f8bed0ef3654e0b9663bea85d95682154e5a86c8424 peer=0
2025-10-31T18:09:36Z UpdateTip: new best=0294620553bf6afff66a2f8bed0ef3654e0b9663bea85d95682154e5a86c8424 height=157 version=0x30000000 log2_work=8.303781 tx=158 date='2025-10-31T18:10:02Z' progress=1.000000 cache=0.3MiB(157txo)
2025-10-31T18:09:41Z Saw new header hash=1c965b7274c0b7a95d5551e1ff6937ba4ef58b8fbb9ae1ba0f85c540a3dc1fa3 height=158
2025-10-31T18:09:41Z Saw new cmpctblock header hash=1c965b7274c0b7a95d5551e1ff6937ba4ef58b8fbb9ae1ba0f85c540a3dc1fa3 peer=0
2025-10-31T18:09:41Z UpdateTip: new best=1c965b7274c0b7a95d5551e1ff6937ba4ef58b8fbb9ae1ba0f85c540a3dc1fa3 height=158 version=0x30000000 log2_work=8.312883 tx=159 date='2025-10-31T18:10:03Z' progress=1.000000 cache=0.3MiB(158txo)
2025-10-31T18:09:46Z Saw new header hash=15d9d59d9b9ac22b2ec0d65725139e5171cd72287bcea8317a480aa052f9c213 height=159
2025-10-31T18:09:46Z Saw new cmpctblock header hash=15d9d59d9b9ac22b2ec0d65725139e5171cd72287bcea8317a480aa052f9c213 peer=0
2025-10-31T18:09:46Z UpdateTip: new best=15d9d59d9b9ac22b2ec0d65725139e5171cd72287bcea8317a480aa052f9c213 height=159 version=0x30000000 log2_work=8.321928 tx=194 date='2025-10-31T18:10:03Z' progress=1.000000 cache=0.3MiB(227txo)
2025-10-31T18:09:51Z Saw new header hash=0b7685cb05da19c36b3e58f5780cb2479ddbefc6901eba94833cb2fb411563fd height=160
2025-10-31T18:09:51Z Saw new cmpctblock header hash=0b7685cb05da19c36b3e58f5780cb2479ddbefc6901eba94833cb2fb411563fd peer=0
2025-10-31T18:09:51Z UpdateTip: new best=0b7685cb05da19c36b3e58f5780cb2479ddbefc6901eba94833cb2fb411563fd height=160 version=0x30000000 log2_work=8.330917 tx=252 date='2025-10-31T18:10:03Z' progress=1.000000 cache=0.3MiB(292txo)
2025-10-31T18:09:56Z Saw new header hash=3629db0023d70af197639d4e39c019612a08e1dd8151045dee884ce5d1a202e5 height=161
2025-10-31T18:09:56Z Saw new cmpctblock header hash=3629db0023d70af197639d4e39c019612a08e1dd8151045dee884ce5d1a202e5 peer=0
2025-10-31T18:09:56Z UpdateTip: new best=3629db0023d70af197639d4e39c019612a08e1dd8151045dee884ce5d1a202e5 height=161 version=0x30000000 log2_work=8.339850 tx=288 date='2025-10-31T18:10:03Z' progress=1.000000 cache=0.3MiB(305txo)
2025-10-31T18:10:01Z Saw new header hash=519bf4d8972d7415936faf09107b8ac2974688c99a0393c574a2a6dd6f378d1f height=162
2025-10-31T18:10:01Z Saw new cmpctblock header hash=519bf4d8972d7415936faf09107b8ac2974688c99a0393c574a2a6dd6f378d1f peer=0
2025-10-31T18:10:01Z UpdateTip: new best=519bf4d8972d7415936faf09107b8ac2974688c99a0393c574a2a6dd6f378d1f height=162 version=0x30000000 log2_work=8.348728 tx=340 date='2025-10-31T18:10:03Z' progress=1.000000 cache=0.3MiB(303txo)
2025-10-31T18:10:06Z Saw new header hash=0c0a79e9f07f209ffab0d4073d7d9cb3179427ca3ac74fc328fecb50dbd8fd7e height=163
2025-10-31T18:10:06Z Saw new cmpctblock header hash=0c0a79e9f07f209ffab0d4073d7d9cb3179427ca3ac74fc328fecb50dbd8fd7e peer=0
2025-10-31T18:10:06Z UpdateTip: new best=0c0a79e9f07f209ffab0d4073d7d9cb3179427ca3ac74fc328fecb50dbd8fd7e height=163 version=0x30000000 log2_work=8.357552 tx=369 date='2025-10-31T18:10:06Z' progress=1.000000 cache=0.3MiB(309txo)
2025-10-31T18:10:11Z Saw new header hash=453318c0a9cd3730c3a609cae5d439908bb007ca74fcce3ec31b5189cf4fcc50 height=164
2025-10-31T18:10:11Z Saw new cmpctblock header hash=453318c0a9cd3730c3a609cae5d439908bb007ca74fcce3ec31b5189cf4fcc50 peer=0
2025-10-31T18:10:11Z UpdateTip: new best=453318c0a9cd3730c3a609cae5d439908bb007ca74fcce3ec31b5189cf4fcc50 height=164 version=0x30000000 log2_work=8.366322 tx=397 date='2025-10-31T18:10:11Z' progress=1.000000 cache=0.3MiB(316txo)
2025-10-31T18:10:16Z Saw new header hash=1a0c03c2c42b40c7a13d28f760d0804d5127fe488d31d3237838a70df145ef99 height=165
2025-10-31T18:10:16Z Saw new cmpctblock header hash=1a0c03c2c42b40c7a13d28f760d0804d5127fe488d31d3237838a70df145ef99 peer=0
2025-10-31T18:10:16Z UpdateTip: new best=1a0c03c2c42b40c7a13d28f760d0804d5127fe488d31d3237838a70df145ef99 height=165 version=0x30000000 log2_work=8.375039 tx=463 date='2025-10-31T18:10:16Z' progress=1.000000 cache=0.3MiB(319txo)
2025-10-31T18:10:21Z Saw new header hash=198debdac81be18e8994812e025b17a63425bc6f0deca0258cd07b6928e97bf9 height=166
2025-10-31T18:10:21Z Saw new cmpctblock header hash=198debdac81be18e8994812e025b17a63425bc6f0deca0258cd07b6928e97bf9 peer=0
2025-10-31T18:10:21Z UpdateTip: new best=198debdac81be18e8994812e025b17a63425bc6f0deca0258cd07b6928e97bf9 height=166 version=0x30000000 log2_work=8.383704 tx=491 date='2025-10-31T18:10:21Z' progress=1.000000 cache=0.3MiB(322txo)
2025-10-31T18:10:27Z Saw new header hash=4f554f1035729995423a076b9b4c788033226d36873771e9b6d82ce083f3a9b1 height=167
2025-10-31T18:10:27Z Saw new cmpctblock header hash=4f554f1035729995423a076b9b4c788033226d36873771e9b6d82ce083f3a9b1 peer=0
2025-10-31T18:10:27Z UpdateTip: new best=4f554f1035729995423a076b9b4c788033226d36873771e9b6d82ce083f3a9b1 height=167 version=0x30000000 log2_work=8.392317 tx=545 date='2025-10-31T18:10:27Z' progress=1.000000 cache=0.3MiB(337txo)
2025-10-31T18:10:32Z Saw new header hash=0b435202edc9cdf30ebf5dcb4e8a5d4f3485db6992f6e48a1064444f715af1e1 height=168
2025-10-31T18:10:32Z Saw new cmpctblock header hash=0b435202edc9cdf30ebf5dcb4e8a5d4f3485db6992f6e48a1064444f715af1e1 peer=0
2025-10-31T18:10:32Z UpdateTip: new best=0b435202edc9cdf30ebf5dcb4e8a5d4f3485db6992f6e48a1064444f715af1e1 height=168 version=0x30000000 log2_work=8.400879 tx=579 date='2025-10-31T18:10:32Z' progress=1.000000 cache=0.3MiB(321txo)
2025-10-31T18:10:37Z Saw new header hash=580c06509a41b22761c283db8f79b40b7dfb555e64a7f5ae113fb47e881c92d9 height=169
2025-10-31T18:10:37Z Saw new cmpctblock header hash=580c06509a41b22761c283db8f79b40b7dfb555e64a7f5ae113fb47e881c92d9 peer=0
2025-10-31T18:10:37Z UpdateTip: new best=580c06509a41b22761c283db8f79b40b7dfb555e64a7f5ae113fb47e881c92d9 height=169 version=0x30000000 log2_work=8.409391 tx=580 date='2025-10-31T18:10:37Z' progress=1.000000 cache=0.3MiB(322txo)
2025-10-31T18:10:42Z Saw new header hash=4f32dd0cddcdba433858bb34b567c6465cbe6a8c8832814223ce99f3f0c7e546 height=170
2025-10-31T18:10:42Z Saw new cmpctblock header hash=4f32dd0cddcdba433858bb34b567c6465cbe6a8c8832814223ce99f3f0c7e546 peer=0
2025-10-31T18:10:42Z UpdateTip: new best=4f32dd0cddcdba433858bb34b567c6465cbe6a8c8832814223ce99f3f0c7e546 height=170 version=0x30000000 log2_work=8.417853 tx=668 date='2025-10-31T18:10:42Z' progress=1.000000 cache=0.3MiB(331txo)
2025-10-31T18:10:47Z Saw new header hash=2587e4971363f82c92ba343a751c8a2e22a4106c6b16c88e5b8564939ec23725 height=171
2025-10-31T18:10:47Z Saw new cmpctblock header hash=2587e4971363f82c92ba343a751c8a2e22a4106c6b16c88e5b8564939ec23725 peer=0
2025-10-31T18:10:47Z UpdateTip: new best=2587e4971363f82c92ba343a751c8a2e22a4106c6b16c88e5b8564939ec23725 height=171 version=0x30000000 log2_work=8.426265 tx=688 date='2025-10-31T18:10:47Z' progress=1.000000 cache=0.3MiB(345txo)
2025-10-31T18:10:52Z Saw new header hash=4406e1cf1ca561142545fc1364af1e577a689d46eefe592ee070ed0a862af060 height=172
2025-10-31T18:10:52Z Saw new cmpctblock header hash=4406e1cf1ca561142545fc1364af1e577a689d46eefe592ee070ed0a862af060 peer=0
2025-10-31T18:10:52Z UpdateTip: new best=4406e1cf1ca561142545fc1364af1e577a689d46eefe592ee070ed0a862af060 height=172 version=0x30000000 log2_work=8.434628 tx=748 date='2025-10-31T18:10:52Z' progress=1.000000 cache=0.3MiB(359txo)
2025-10-31T18:10:57Z Saw new header hash=74fa093cbeae39fa20a2841138c2e88f98ccf4f9b2b5fa2f922e2e6851530796 height=173
2025-10-31T18:10:57Z Saw new cmpctblock header hash=74fa093cbeae39fa20a2841138c2e88f98ccf4f9b2b5fa2f922e2e6851530796 peer=0
2025-10-31T18:10:57Z UpdateTip: new best=74fa093cbeae39fa20a2841138c2e88f98ccf4f9b2b5fa2f922e2e6851530796 height=173 version=0x30000000 log2_work=8.442943 tx=776 date='2025-10-31T18:10:57Z' progress=1.000000 cache=0.3MiB(338txo)
2025-10-31T18:11:02Z Saw new header hash=13429066890158d98c86907380c090bfe7703cfaad7548a9f0f40da34183510e height=174
2025-10-31T18:11:02Z Saw new cmpctblock header hash=13429066890158d98c86907380c090bfe7703cfaad7548a9f0f40da34183510e peer=0
2025-10-31T18:11:02Z UpdateTip: new best=13429066890158d98c86907380c090bfe7703cfaad7548a9f0f40da34183510e height=174 version=0x30000000 log2_work=8.451211 tx=796 date='2025-10-31T18:11:02Z' progress=1.000000 cache=0.3MiB(344txo)
2025-10-31T18:11:07Z Saw new header hash=52dcd42c65ec9812af3ae92a1f3c873d6dfd6401d53b38dc0873e102237312bc height=175
2025-10-31T18:11:07Z Saw new cmpctblock header hash=52dcd42c65ec9812af3ae92a1f3c873d6dfd6401d53b38dc0873e102237312bc peer=0
2025-10-31T18:11:07Z UpdateTip: new best=52dcd42c65ec9812af3ae92a1f3c873d6dfd6401d53b38dc0873e102237312bc height=175 version=0x30000000 log2_work=8.459432 tx=850 date='2025-10-31T18:11:07Z' progress=1.000000 cache=0.3MiB(373txo)
2025-10-31T18:11:12Z Saw new header hash=41521d7ed482ee7ab93ab116ae8c82e564a5333686c9aac5fb34ba1fb387ee7d height=176
2025-10-31T18:11:12Z Saw new cmpctblock header hash=41521d7ed482ee7ab93ab116ae8c82e564a5333686c9aac5fb34ba1fb387ee7d peer=0
2025-10-31T18:11:12Z UpdateTip: new best=41521d7ed482ee7ab93ab116ae8c82e564a5333686c9aac5fb34ba1fb387ee7d height=176 version=0x30000000 log2_work=8.467606 tx=911 date='2025-10-31T18:11:12Z' progress=1.000000 cache=0.3MiB(372txo)
2025-10-31T18:11:17Z Saw new header hash=213f70d35c9241e62d5fba139978787aa3e5ca90bf3392570a9a609645d73865 height=177
2025-10-31T18:11:17Z Saw new cmpctblock header hash=213f70d35c9241e62d5fba139978787aa3e5ca90bf3392570a9a609645d73865 peer=0
2025-10-31T18:11:17Z UpdateTip: new best=213f70d35c9241e62d5fba139978787aa3e5ca90bf3392570a9a609645d73865 height=177 version=0x30000000 log2_work=8.475733 tx=947 date='2025-10-31T18:11:17Z' progress=1.000000 cache=0.3MiB(370txo)
2025-10-31T18:11:22Z Saw new header hash=0896db70a4014cb0ed91fe8e69b65623a24f131c2008e710842a4341d24285e7 height=178
2025-10-31T18:11:22Z Saw new cmpctblock header hash=0896db70a4014cb0ed91fe8e69b65623a24f131c2008e710842a4341d24285e7 peer=0
2025-10-31T18:11:22Z UpdateTip: new best=0896db70a4014cb0ed91fe8e69b65623a24f131c2008e710842a4341d24285e7 height=178 version=0x30000000 log2_work=8.483816 tx=1009 date='2025-10-31T18:11:22Z' progress=1.000000 cache=0.3MiB(379txo)
2025-10-31T18:11:27Z Saw new header hash=5048aa6e692d9bfd4c613a6ef7c391b41e9a47164bfe9816664fa1a5786ee91f height=179
2025-10-31T18:11:27Z Saw new cmpctblock header hash=5048aa6e692d9bfd4c613a6ef7c391b41e9a47164bfe9816664fa1a5786ee91f peer=0
2025-10-31T18:11:27Z UpdateTip: new best=5048aa6e692d9bfd4c613a6ef7c391b41e9a47164bfe9816664fa1a5786ee91f height=179 version=0x30000000 log2_work=8.491853 tx=1034 date='2025-10-31T18:11:27Z' progress=1.000000 cache=0.3MiB(375txo)
2025-10-31T18:11:32Z Saw new header hash=24c37214f46f5224bb9f552123767c897491c5ac9cc25371e768b23e193b085f height=180
2025-10-31T18:11:32Z Saw new cmpctblock header hash=24c37214f46f5224bb9f552123767c897491c5ac9cc25371e768b23e193b085f peer=0
2025-10-31T18:11:32Z UpdateTip: new best=24c37214f46f5224bb9f552123767c897491c5ac9cc25371e768b23e193b085f height=180 version=0x30000000 log2_work=8.499846 tx=1093 date='2025-10-31T18:11:32Z' progress=1.000000 cache=0.3MiB(403txo)
2025-10-31T18:11:38Z Saw new header hash=758a7702ce635bf4cdf52d36eafc97b46d795962ff9e02de7d655e036c23682f height=181
2025-10-31T18:11:38Z Saw new cmpctblock header hash=758a7702ce635bf4cdf52d36eafc97b46d795962ff9e02de7d655e036c23682f peer=0
2025-10-31T18:11:38Z UpdateTip: new best=758a7702ce635bf4cdf52d36eafc97b46d795962ff9e02de7d655e036c23682f height=181 version=0x30000000 log2_work=8.507795 tx=1136 date='2025-10-31T18:11:38Z' progress=1.000000 cache=0.3MiB(406txo)
2025-10-31T18:11:43Z Saw new header hash=6b717f09d389046354e3079923fade5c5293793abc384d2982f59050a5ae276f height=182
2025-10-31T18:11:43Z Saw new cmpctblock header hash=6b717f09d389046354e3079923fade5c5293793abc384d2982f59050a5ae276f peer=0
2025-10-31T18:11:43Z UpdateTip: new best=6b717f09d389046354e3079923fade5c5293793abc384d2982f59050a5ae276f height=182 version=0x30000000 log2_work=8.515700 tx=1177 date='2025-10-31T18:11:43Z' progress=1.000000 cache=0.3MiB(405txo)
2025-10-31T18:11:48Z Saw new header hash=0f0a4a6f35c50787a865a5bf4e52bbf695c7b4e390b3315772105318dbb26aa9 height=183
2025-10-31T18:11:48Z Saw new cmpctblock header hash=0f0a4a6f35c50787a865a5bf4e52bbf695c7b4e390b3315772105318dbb26aa9 peer=0
2025-10-31T18:11:48Z UpdateTip: new best=0f0a4a6f35c50787a865a5bf4e52bbf695c7b4e390b3315772105318dbb26aa9 height=183 version=0x30000000 log2_work=8.523562 tx=1227 date='2025-10-31T18:11:48Z' progress=1.000000 cache=0.3MiB(410txo)
2025-10-31T18:11:53Z Saw new header hash=33aac1c94f8fdc40249a9b6de36a4a424ef9780b3795e14b8c808df6d275f4fb height=184
2025-10-31T18:11:53Z Saw new cmpctblock header hash=33aac1c94f8fdc40249a9b6de36a4a424ef9780b3795e14b8c808df6d275f4fb peer=0
2025-10-31T18:11:53Z UpdateTip: new best=33aac1c94f8fdc40249a9b6de36a4a424ef9780b3795e14b8c808df6d275f4fb height=184 version=0x30000000 log2_work=8.531381 tx=1270 date='2025-10-31T18:11:53Z' progress=1.000000 cache=0.3MiB(430txo)
2025-10-31T18:11:58Z Saw new header hash=04a9b652bd28fba9df3fc3e3cfaa4206c2c9b3537ae9a139bdaabab4a823b657 height=185
2025-10-31T18:11:58Z Saw new cmpctblock header hash=04a9b652bd28fba9df3fc3e3cfaa4206c2c9b3537ae9a139bdaabab4a823b657 peer=0
2025-10-31T18:11:58Z UpdateTip: new best=04a9b652bd28fba9df3fc3e3cfaa4206c2c9b3537ae9a139bdaabab4a823b657 height=185 version=0x30000000 log2_work=8.539159 tx=1295 date='2025-10-31T18:11:58Z' progress=1.000000 cache=0.3MiB(436txo)
2025-10-31T18:12:04Z Saw new header hash=1aed454bf2c1fab4c45e1aeef116e71d53068d33f20708a3120af75371bdf8a2 height=186
2025-10-31T18:12:04Z Saw new cmpctblock header hash=1aed454bf2c1fab4c45e1aeef116e71d53068d33f20708a3120af75371bdf8a2 peer=0
2025-10-31T18:12:04Z UpdateTip: new best=1aed454bf2c1fab4c45e1aeef116e71d53068d33f20708a3120af75371bdf8a2 height=186 version=0x30000000 log2_work=8.546894 tx=1355 date='2025-10-31T18:12:03Z' progress=1.000000 cache=0.3MiB(439txo)
2025-10-31T18:12:09Z Saw new header hash=5c009553995470b8a1426d658fb3f0df4bc6d9d8cf2c4f1f78ebde8fb160594a height=187
2025-10-31T18:12:09Z Saw new cmpctblock header hash=5c009553995470b8a1426d658fb3f0df4bc6d9d8cf2c4f1f78ebde8fb160594a peer=0
2025-10-31T18:12:09Z UpdateTip: new best=5c009553995470b8a1426d658fb3f0df4bc6d9d8cf2c4f1f78ebde8fb160594a height=187 version=0x30000000 log2_work=8.554589 tx=1377 date='2025-10-31T18:12:09Z' progress=1.000000 cache=0.3MiB(435txo)
2025-10-31T18:12:15Z Saw new header hash=20ef83565e8a4acf4e1dab2992502362e32ab4ddb391a441e4bca87bdc1cc736 height=188
2025-10-31T18:12:15Z Saw new cmpctblock header hash=20ef83565e8a4acf4e1dab2992502362e32ab4ddb391a441e4bca87bdc1cc736 peer=0
2025-10-31T18:12:15Z UpdateTip: new best=20ef83565e8a4acf4e1dab2992502362e32ab4ddb391a441e4bca87bdc1cc736 height=188 version=0x30000000 log2_work=8.562242 tx=1433 date='2025-10-31T18:12:14Z' progress=1.000000 cache=0.3MiB(462txo)
2025-10-31T18:12:20Z Saw new header hash=14fba055db84a82cfc97f5d729fa00caa74799cb93854acc5448fd7dcbb2e191 height=189
2025-10-31T18:12:20Z Saw new cmpctblock header hash=14fba055db84a82cfc97f5d729fa00caa74799cb93854acc5448fd7dcbb2e191 peer=0
2025-10-31T18:12:20Z UpdateTip: new best=14fba055db84a82cfc97f5d729fa00caa74799cb93854acc5448fd7dcbb2e191 height=189 version=0x30000000 log2_work=8.569856 tx=1459 date='2025-10-31T18:12:19Z' progress=1.000000 cache=0.3MiB(449txo)
2025-10-31T18:12:25Z Saw new header hash=0127acef3ae2d9bf35825d3d3894e388621ff38d1f6cb561a62d559d022a2aec height=190
2025-10-31T18:12:25Z Saw new cmpctblock header hash=0127acef3ae2d9bf35825d3d3894e388621ff38d1f6cb561a62d559d022a2aec peer=0
2025-10-31T18:12:25Z UpdateTip: new best=0127acef3ae2d9bf35825d3d3894e388621ff38d1f6cb561a62d559d022a2aec height=190 version=0x30000000 log2_work=8.577429 tx=1460 date='2025-10-31T18:12:25Z' progress=1.000000 cache=0.3MiB(450txo)
2025-10-31T18:12:30Z Saw new header hash=1c097b5f9b019623182d460481aa12bcb54349d6496ec665d823f99dc7e736d6 height=191
2025-10-31T18:12:30Z Saw new cmpctblock header hash=1c097b5f9b019623182d460481aa12bcb54349d6496ec665d823f99dc7e736d6 peer=0
2025-10-31T18:12:30Z UpdateTip: new best=1c097b5f9b019623182d460481aa12bcb54349d6496ec665d823f99dc7e736d6 height=191 version=0x30000000 log2_work=8.584963 tx=1503 date='2025-10-31T18:12:30Z' progress=1.000000 cache=0.3MiB(460txo)
2025-10-31T18:12:35Z Saw new header hash=27cd4a84d543a25087e51d0a3bd81d96312dbefdc7180d3bf558071833fa78e7 height=192
2025-10-31T18:12:35Z Saw new cmpctblock header hash=27cd4a84d543a25087e51d0a3bd81d96312dbefdc7180d3bf558071833fa78e7 peer=0
2025-10-31T18:12:36Z UpdateTip: new best=27cd4a84d543a25087e51d0a3bd81d96312dbefdc7180d3bf558071833fa78e7 height=192 version=0x30000000 log2_work=8.592457 tx=1558 date='2025-10-31T18:12:35Z' progress=1.000000 cache=0.3MiB(430txo)
2025-10-31T18:12:37Z tor: Thread interrupt
2025-10-31T18:12:37Z Shutdown: In progress...
2025-10-31T18:12:37Z addcon thread exit
2025-10-31T18:12:37Z torcontrol thread exit
2025-10-31T18:12:37Z opencon thread exit
2025-10-31T18:12:37Z net thread exit
2025-10-31T18:12:37Z msghand thread exit
2025-10-31T18:12:37Z scheduler thread exit
2025-10-31T18:12:37Z Writing 0 unbroadcast transactions to disk.
2025-10-31T18:12:37Z Dumped mempool: 0.000s to copy, 0.001s to dump
2025-10-31T18:12:37Z Flushed fee estimates to fee_estimates.dat.
2025-10-31T18:12:37Z Shutdown: done
2025-10-31T18:14:42Z Warning: reindex=1 is set in the configuration file, which will significantly slow down startup. Consider removing or commenting out this option for better performance, unless there is currently a condition which makes rebuilding the indexes necessary
2025-10-31T18:14:42Z Bitcoin Core version v27.0.0 (release build)
2025-10-31T18:14:42Z Script verification uses 7 additional threads
2025-10-31T18:14:42Z Using the 'arm_shani(1way,2way)' SHA256 implementation
2025-10-31T18:14:42Z Default data directory /home/bitcoin/.bitcoin
2025-10-31T18:14:42Z Using data directory /home/bitcoin/.bitcoin/regtest
2025-10-31T18:14:42Z Config file: /home/bitcoin/.bitcoin/bitcoin.conf
2025-10-31T18:14:42Z Config file arg: [regtest] fallbackfee="0.0002"
2025-10-31T18:14:42Z Config file arg: [regtest] maxmempool="500"
2025-10-31T18:14:42Z Config file arg: [regtest] reindex="1"
2025-10-31T18:14:42Z Config file arg: [regtest] rpcallowip="0.0.0.0/0"
2025-10-31T18:14:42Z Config file arg: [regtest] rpcbind="0.0.0.0"
2025-10-31T18:14:42Z Config file arg: [regtest] rpcpassword=****
2025-10-31T18:14:42Z Config file arg: [regtest] rpcuser=****
2025-10-31T18:14:42Z Config file arg: [regtest] server="1"
2025-10-31T18:14:42Z Command-line arg: connect="node13:18444"
2025-10-31T18:14:42Z Command-line arg: datadir="/home/bitcoin/.bitcoin"
2025-10-31T18:14:42Z Command-line arg: discover="1"
2025-10-31T18:14:42Z Command-line arg: dnsseed="0"
2025-10-31T18:14:42Z Command-line arg: listen="1"
2025-10-31T18:14:42Z Command-line arg: maxconnections="64"
2025-10-31T18:14:42Z Command-line arg: printtoconsole="1"
2025-10-31T18:14:42Z Command-line arg: regtest="1"
2025-10-31T18:14:42Z Command-line arg: rpcallowip="0.0.0.0/0"
2025-10-31T18:14:42Z Command-line arg: rpcbind="0.0.0.0"
2025-10-31T18:14:42Z Command-line arg: rpcpassword=****
2025-10-31T18:14:42Z Command-line arg: rpcuser=****
2025-10-31T18:14:42Z Command-line arg: server="1"
2025-10-31T18:14:42Z Command-line arg: txindex="1"
2025-10-31T18:14:42Z Command-line arg: zmqpubhashblock="tcp://0.0.0.0:28332"
2025-10-31T18:14:42Z Command-line arg: zmqpubhashtx="tcp://0.0.0.0:28333"
2025-10-31T18:14:42Z Using at most 64 automatic connections (1048576 file descriptors available)
2025-10-31T18:14:42Z Using 16 MiB out of 16 MiB requested for signature cache, able to store 524288 elements
2025-10-31T18:14:42Z Using 16 MiB out of 16 MiB requested for script execution cache, able to store 524288 elements
2025-10-31T18:14:42Z scheduler thread start
2025-10-31T18:14:42Z Binding RPC on address 0.0.0.0 port 18443
2025-10-31T18:14:42Z WARNING: the RPC server is not safe to expose to untrusted networks such as the public internet
2025-10-31T18:14:42Z Binding RPC on address 0.0.0.0 port 18443
2025-10-31T18:14:42Z Binding RPC on address 0.0.0.0 port 18443 failed.
2025-10-31T18:14:42Z Config options rpcuser and rpcpassword will soon be deprecated. Locally-run instances may remove rpcuser to use cookie-based auth, or may be replaced with rpcauth. Please see share/rpcauth for rpcauth auth generation.
2025-10-31T18:14:42Z Starting HTTP server with 4 worker threads
2025-10-31T18:14:42Z Using wallet directory /home/bitcoin/.bitcoin/regtest/wallets
2025-10-31T18:14:42Z init message: Verifying wallet(s)…
2025-10-31T18:14:42Z Using /16 prefix for IP bucketing
2025-10-31T18:14:42Z init message: Loading P2P addresses…
2025-10-31T18:14:42Z Loaded 0 addresses from peers.dat  0ms
2025-10-31T18:14:42Z init message: Loading banlist…
2025-10-31T18:14:42Z SetNetworkActive: true
2025-10-31T18:14:42Z Script verification uses 7 additional threads
2025-10-31T18:14:42Z Cache configuration:
2025-10-31T18:14:42Z * Using 2.0 MiB for block index database
2025-10-31T18:14:42Z * Using 56.0 MiB for transaction index database
2025-10-31T18:14:42Z * Using 8.0 MiB for chain state database
2025-10-31T18:14:42Z * Using 384.0 MiB for in-memory UTXO set (plus up to 476.8 MiB of unused mempool space)
2025-10-31T18:14:42Z init message: Loading block index…
2025-10-31T18:14:42Z Validating signatures for all blocks.
2025-10-31T18:14:42Z Setting nMinimumChainWork=0000000000000000000000000000000000000000000000000000000000000000
2025-10-31T18:14:42Z Wiping LevelDB in /home/bitcoin/.bitcoin/regtest/blocks/index
2025-10-31T18:14:42Z Opening LevelDB in /home/bitcoin/.bitcoin/regtest/blocks/index
2025-10-31T18:14:42Z Opened LevelDB successfully
2025-10-31T18:14:42Z Using obfuscation key for /home/bitcoin/.bitcoin/regtest/blocks/index: 0000000000000000
2025-10-31T18:14:42Z Initializing databases...
2025-10-31T18:14:42Z Initializing chainstate Chainstate [ibd] @ height -1 (null)
2025-10-31T18:14:42Z Wiping LevelDB in /home/bitcoin/.bitcoin/regtest/chainstate
2025-10-31T18:14:42Z Opening LevelDB in /home/bitcoin/.bitcoin/regtest/chainstate
2025-10-31T18:14:42Z Opened LevelDB successfully
2025-10-31T18:14:42Z Wrote new obfuscate key for /home/bitcoin/.bitcoin/regtest/chainstate: aad6a5e366bccec3
2025-10-31T18:14:42Z Using obfuscation key for /home/bitcoin/.bitcoin/regtest/chainstate: aad6a5e366bccec3
2025-10-31T18:14:42Z Opening LevelDB in /home/bitcoin/.bitcoin/regtest/chainstate
2025-10-31T18:14:43Z Opened LevelDB successfully
2025-10-31T18:14:43Z Using obfuscation key for /home/bitcoin/.bitcoin/regtest/chainstate: aad6a5e366bccec3
2025-10-31T18:14:43Z [Chainstate [ibd] @ height -1 (null)] resized coinsdb cache to 8.0 MiB
2025-10-31T18:14:43Z [Chainstate [ibd] @ height -1 (null)] resized coinstip cache to 384.0 MiB
2025-10-31T18:14:43Z init message: Verifying blocks…
2025-10-31T18:14:43Z  block index              11ms
2025-10-31T18:14:43Z Wiping LevelDB in /home/bitcoin/.bitcoin/regtest/indexes/txindex
2025-10-31T18:14:43Z Opening LevelDB in /home/bitcoin/.bitcoin/regtest/indexes/txindex
2025-10-31T18:14:43Z Opened LevelDB successfully
2025-10-31T18:14:43Z Using obfuscation key for /home/bitcoin/.bitcoin/regtest/indexes/txindex: 0000000000000000
2025-10-31T18:14:43Z Setting NODE_NETWORK on non-prune mode
2025-10-31T18:14:43Z initload thread start
2025-10-31T18:14:43Z Reindexing block file blk00000.dat...
2025-10-31T18:14:43Z UpdateTip: new best=0f9188f13cb7b2c71f2a335e3a4fc328bf5beb436012afca590b1a11466e2206 height=0 version=0x00000001 log2_work=1.000000 tx=1 date='2011-02-02T23:16:42Z' progress=1.000000 cache=0.3MiB(0txo)
2025-10-31T18:14:43Z block tree size = 122
2025-10-31T18:14:43Z nBestHeight = 0
2025-10-31T18:14:43Z torcontrol thread start
2025-10-31T18:14:43Z Bound to 127.0.0.1:18445
2025-10-31T18:14:43Z Bound to [::]:18444
2025-10-31T18:14:43Z Bound to 0.0.0.0:18444
2025-10-31T18:14:43Z init message: Starting network threads…
2025-10-31T18:14:43Z DNS seeding disabled
2025-10-31T18:14:43Z net thread start
2025-10-31T18:14:43Z addcon thread start
2025-10-31T18:14:43Z opencon thread start
2025-10-31T18:14:43Z msghand thread start
2025-10-31T18:14:43Z init message: Done loading
2025-10-31T18:14:43Z Loaded 193 blocks from external file in 75ms
2025-10-31T18:14:43Z Reindexing finished
2025-10-31T18:14:43Z UpdateTip: new best=53dc7f602782462d34cd5a0df3eb29496e550f8d20ae3c640d74c7b3b83a3bea height=1 version=0x20000000 log2_work=2.000000 tx=2 date='2025-10-31T18:09:35Z' progress=1.000000 cache=0.3MiB(1txo)
2025-10-31T18:14:43Z UpdateTip: new best=3aebd6ace8fcc6fd5d9cc1b4ebafcc5651a519bb0ab759274e561abecf758d81 height=2 version=0x20000000 log2_work=2.584963 tx=3 date='2025-10-31T18:09:36Z' progress=1.000000 cache=0.3MiB(2txo)
2025-10-31T18:14:43Z UpdateTip: new best=207bb2598abc92358acc0321f0d84844cf2d2ad9a7ab15278cabdfe61ac423ac height=3 version=0x20000000 log2_work=3.000000 tx=4 date='2025-10-31T18:09:36Z' progress=1.000000 cache=0.3MiB(3txo)
2025-10-31T18:14:43Z UpdateTip: new best=2baa7cb65892efec1775305e8875fdcd432399686c46665607f2232dd47c597e height=4 version=0x20000000 log2_work=3.321928 tx=5 date='2025-10-31T18:09:37Z' progress=1.000000 cache=0.3MiB(4txo)
2025-10-31T18:14:43Z UpdateTip: new best=2dbab3d474afbf12ea3a3cc74c65e9590988d76b4b823120cfe75f32abbb7c4a height=5 version=0x20000000 log2_work=3.584963 tx=6 date='2025-10-31T18:09:37Z' progress=1.000000 cache=0.3MiB(5txo)
2025-10-31T18:14:43Z UpdateTip: new best=0ee9278c3c8c48577cc39a7a14d4b7d95f332e19c165e343c4419a7ec96ec873 height=6 version=0x20000000 log2_work=3.807355 tx=7 date='2025-10-31T18:09:37Z' progress=1.000000 cache=0.3MiB(6txo)
2025-10-31T18:14:43Z UpdateTip: new best=28eb8a32219a3712de4bda3c787987e7a1148520aad572f42bd1989fda972039 height=7 version=0x20000000 log2_work=4.000000 tx=8 date='2025-10-31T18:09:37Z' progress=1.000000 cache=0.3MiB(7txo)
2025-10-31T18:14:43Z UpdateTip: new best=4ecfea3823814b8066875736804fd0c53dd4a524a4603a2d0b2b86c58dafb607 height=8 version=0x20000000 log2_work=4.169925 tx=9 date='2025-10-31T18:09:38Z' progress=1.000000 cache=0.3MiB(8txo)
2025-10-31T18:14:43Z UpdateTip: new best=14de91c21b38a11681c3c05dc964d0c9abd550fb8023b86cbc2fce4edb06721e height=9 version=0x20000000 log2_work=4.321928 tx=10 date='2025-10-31T18:09:38Z' progress=1.000000 cache=0.3MiB(9txo)
2025-10-31T18:14:43Z UpdateTip: new best=23b83f9dbb11f5d6bde4b73f9397fc9e3364f1739641d6bb28e1ba8ea27c8dfd height=10 version=0x20000000 log2_work=4.459432 tx=11 date='2025-10-31T18:09:38Z' progress=1.000000 cache=0.3MiB(10txo)
2025-10-31T18:14:43Z UpdateTip: new best=1421cb38880134c0808eefc8903d0a1be105ee176e021d207e0a57fa584f7c22 height=11 version=0x20000000 log2_work=4.584963 tx=12 date='2025-10-31T18:09:38Z' progress=1.000000 cache=0.3MiB(11txo)
2025-10-31T18:14:43Z UpdateTip: new best=1322bacbafaac5f202e4691ec02779799f22c8843e0b30b9a45f29f48a2140dd height=12 version=0x20000000 log2_work=4.700440 tx=13 date='2025-10-31T18:09:38Z' progress=1.000000 cache=0.3MiB(12txo)
2025-10-31T18:14:43Z UpdateTip: new best=1d13ae3f8dd183961a85fc6743a09c9bafe395f5ca81b2992503306f82bef077 height=13 version=0x20000000 log2_work=4.807355 tx=14 date='2025-10-31T18:09:38Z' progress=1.000000 cache=0.3MiB(13txo)
2025-10-31T18:14:43Z UpdateTip: new best=3ba4cce1ed0c36381cf762a708df3d9a5c22d85a78ead9eacbcc295cc316f2a9 height=14 version=0x20000000 log2_work=4.906891 tx=15 date='2025-10-31T18:09:39Z' progress=1.000000 cache=0.3MiB(14txo)
2025-10-31T18:14:43Z UpdateTip: new best=1ada794f1fc46332ed76b8c80ed0e6bb96422f45b1d09d3d484463d7fcb4d40a height=15 version=0x20000000 log2_work=5.000000 tx=16 date='2025-10-31T18:09:39Z' progress=1.000000 cache=0.3MiB(15txo)
2025-10-31T18:14:43Z UpdateTip: new best=729caf7f00a197fe0998123e456a2a498d2ed9c72b2fe1ce07b44e4ddf3615b5 height=16 version=0x20000000 log2_work=5.087463 tx=17 date='2025-10-31T18:09:39Z' progress=1.000000 cache=0.3MiB(16txo)
2025-10-31T18:14:43Z UpdateTip: new best=7a4d4ed6586fe737a6c41b8934f678f295e7017bb33fd5a5771f2807d5286819 height=17 version=0x20000000 log2_work=5.169925 tx=18 date='2025-10-31T18:09:39Z' progress=1.000000 cache=0.3MiB(17txo)
2025-10-31T18:14:43Z UpdateTip: new best=500a5b91962304f582b1bb83ae8999321aad5c4303a7d4aad309cc581d794ff0 height=18 version=0x20000000 log2_work=5.247928 tx=19 date='2025-10-31T18:09:39Z' progress=1.000000 cache=0.3MiB(18txo)
2025-10-31T18:14:43Z UpdateTip: new best=05e0edf5a2e20fa25e548e60a8a33df2d42839e74910983c508fb9726748c581 height=19 version=0x20000000 log2_work=5.321928 tx=20 date='2025-10-31T18:09:39Z' progress=1.000000 cache=0.3MiB(19txo)
2025-10-31T18:14:43Z UpdateTip: new best=238c0e0502a8d17f4d896ed72ff948fe44a42abd64c00909b49016fad17cb467 height=20 version=0x20000000 log2_work=5.392317 tx=21 date='2025-10-31T18:09:40Z' progress=1.000000 cache=0.3MiB(20txo)
2025-10-31T18:14:43Z UpdateTip: new best=70559e7689bfd0939dbb97b00569ac300b75f73ab69fb814b7a89ebee6dbf4be height=21 version=0x20000000 log2_work=5.459432 tx=22 date='2025-10-31T18:09:40Z' progress=1.000000 cache=0.3MiB(21txo)
2025-10-31T18:14:43Z UpdateTip: new best=740025eacf46e239716958e8088de6b4c997528263bd41ba94fa770705381d32 height=22 version=0x20000000 log2_work=5.523562 tx=23 date='2025-10-31T18:09:40Z' progress=1.000000 cache=0.3MiB(22txo)
2025-10-31T18:14:43Z UpdateTip: new best=012fd8222d0326df1a8e860f18f589806117d290efc5367afebac61cdffa2d3d height=23 version=0x20000000 log2_work=5.584963 tx=24 date='2025-10-31T18:09:40Z' progress=1.000000 cache=0.3MiB(23txo)
2025-10-31T18:14:43Z UpdateTip: new best=5c056d6dbb9840a0bf83ebaf96024ea13384b6ad94e94e2994d04d1276cfd04e height=24 version=0x20000000 log2_work=5.643856 tx=25 date='2025-10-31T18:09:40Z' progress=1.000000 cache=0.3MiB(24txo)
2025-10-31T18:14:43Z UpdateTip: new best=1ab60cf8b39043877954b802f99e9e9bab86807292fc2cd40166d92cc8691698 height=25 version=0x20000000 log2_work=5.700440 tx=26 date='2025-10-31T18:09:40Z' progress=1.000000 cache=0.3MiB(25txo)
2025-10-31T18:14:43Z UpdateTip: new best=4a869d22b3ced12ce8f70e1a683e643e0db164ba98c39aac6eee70c5cb1c83dd height=26 version=0x20000000 log2_work=5.754888 tx=27 date='2025-10-31T18:09:41Z' progress=1.000000 cache=0.3MiB(26txo)
2025-10-31T18:14:43Z UpdateTip: new best=13a096c77e1f799ce11b2dfab2550dd5819f76287f8c295d8f908b3c158a91b5 height=27 version=0x20000000 log2_work=5.807355 tx=28 date='2025-10-31T18:09:41Z' progress=1.000000 cache=0.3MiB(27txo)
2025-10-31T18:14:43Z UpdateTip: new best=02a2c316c9b24f31d0335abea3cd3e2505af3c6393e8da752cc389f424415af8 height=28 version=0x20000000 log2_work=5.857981 tx=29 date='2025-10-31T18:09:41Z' progress=1.000000 cache=0.3MiB(28txo)
2025-10-31T18:14:43Z UpdateTip: new best=2a2c3cbf8e30a22bed6a1ca61d90c29f32cdb4772fa412be6de8d3a32fee1a8e height=29 version=0x20000000 log2_work=5.906891 tx=30 date='2025-10-31T18:09:41Z' progress=1.000000 cache=0.3MiB(29txo)
2025-10-31T18:14:43Z UpdateTip: new best=7bad3ab410c09638eb0a58d26c3013e043d1e996ccf877c1c22169b0e4b38134 height=30 version=0x20000000 log2_work=5.954196 tx=31 date='2025-10-31T18:09:41Z' progress=1.000000 cache=0.3MiB(30txo)
2025-10-31T18:14:43Z UpdateTip: new best=49e32db676784a09e6c48e74058d06304cbf441c8a1816de4be6de29ba375e2f height=31 version=0x20000000 log2_work=6.000000 tx=32 date='2025-10-31T18:09:41Z' progress=1.000000 cache=0.3MiB(31txo)
2025-10-31T18:14:43Z UpdateTip: new best=264e5a411bef6fb7ee4d19f868ed8124d88e81b57d9d1a551ba9f6642504bd18 height=32 version=0x20000000 log2_work=6.044394 tx=33 date='2025-10-31T18:09:42Z' progress=1.000000 cache=0.3MiB(32txo)
2025-10-31T18:14:43Z UpdateTip: new best=2f3841efa211ef5bd9693a1f077034dd89bc428478634cde05485f1c14b8cfe2 height=33 version=0x20000000 log2_work=6.087463 tx=34 date='2025-10-31T18:09:42Z' progress=1.000000 cache=0.3MiB(33txo)
2025-10-31T18:14:43Z UpdateTip: new best=0ad98fb25ace1bbeb14904fa0af6983e3c3860cc0a3cab2f6aea223d036aea40 height=34 version=0x20000000 log2_work=6.129283 tx=35 date='2025-10-31T18:09:42Z' progress=1.000000 cache=0.3MiB(34txo)
2025-10-31T18:14:43Z UpdateTip: new best=1e9776bd76b2b915b060c0e2ea4ddb3c5b2146f174e6dc8b6b49221d7e5e9d1b height=35 version=0x20000000 log2_work=6.169925 tx=36 date='2025-10-31T18:09:42Z' progress=1.000000 cache=0.3MiB(35txo)
2025-10-31T18:14:43Z UpdateTip: new best=752d40628ade0f4ec87432b37fe3a33ef773c92687c7bc81b267288366881a1a height=36 version=0x20000000 log2_work=6.209453 tx=37 date='2025-10-31T18:09:42Z' progress=1.000000 cache=0.3MiB(36txo)
2025-10-31T18:14:43Z UpdateTip: new best=4d313131ca678bf7a3158fa27b7c6d99381f379bc2927c198c2bdfb036ec1772 height=37 version=0x20000000 log2_work=6.247928 tx=38 date='2025-10-31T18:09:42Z' progress=1.000000 cache=0.3MiB(37txo)
2025-10-31T18:14:43Z UpdateTip: new best=25c002bd5d59c35e5cefe1c3fb4377792d28827e807e34ad570793ff6f69df0f height=38 version=0x20000000 log2_work=6.285402 tx=39 date='2025-10-31T18:09:43Z' progress=1.000000 cache=0.3MiB(38txo)
2025-10-31T18:14:43Z UpdateTip: new best=59d2531f9c2e9a98c1c10b30c01d874c44a50b7ea79a63347342ac0b630c7c62 height=39 version=0x20000000 log2_work=6.321928 tx=40 date='2025-10-31T18:09:43Z' progress=1.000000 cache=0.3MiB(39txo)
2025-10-31T18:14:43Z UpdateTip: new best=35ecac4d7538912a7b7c1cc9c09f0bbb1f728f9373f1a14e397de5f1ac4c44dd height=40 version=0x20000000 log2_work=6.357552 tx=41 date='2025-10-31T18:09:43Z' progress=1.000000 cache=0.3MiB(40txo)
2025-10-31T18:14:43Z UpdateTip: new best=18c15f2343c86f6bafee68ea72233785957c67801b6b018ce9344a24d6123e38 height=41 version=0x20000000 log2_work=6.392317 tx=42 date='2025-10-31T18:09:43Z' progress=1.000000 cache=0.3MiB(41txo)
2025-10-31T18:14:43Z UpdateTip: new best=73c5b7e0c125823c9930cc839233076b8f67153a6f099da55ce08758781f6447 height=42 version=0x20000000 log2_work=6.426265 tx=43 date='2025-10-31T18:09:43Z' progress=1.000000 cache=0.3MiB(42txo)
2025-10-31T18:14:43Z UpdateTip: new best=17a99fea9bd0819dc3898dfe9b61c39f1518f21585aa81d611c420c4bcddfe95 height=43 version=0x20000000 log2_work=6.459432 tx=44 date='2025-10-31T18:09:43Z' progress=1.000000 cache=0.3MiB(43txo)
2025-10-31T18:14:43Z UpdateTip: new best=7b644b55a45140c73a21d5c70d4dc10fb130b17251541f1f1423b22c4495252d height=44 version=0x20000000 log2_work=6.491853 tx=45 date='2025-10-31T18:09:44Z' progress=1.000000 cache=0.3MiB(44txo)
2025-10-31T18:14:43Z UpdateTip: new best=0e842defae2cca7e8c189f7d68d31039a5a9163d4aa9cff8d557bc4f87b55a8d height=45 version=0x20000000 log2_work=6.523562 tx=46 date='2025-10-31T18:09:44Z' progress=1.000000 cache=0.3MiB(45txo)
2025-10-31T18:14:43Z UpdateTip: new best=1284e3d855023b9a1a41ad7699584b2d0bf1c376b3527228f1751521bad5f8bc height=46 version=0x20000000 log2_work=6.554589 tx=47 date='2025-10-31T18:09:44Z' progress=1.000000 cache=0.3MiB(46txo)
2025-10-31T18:14:43Z UpdateTip: new best=4983e4c87baa15bd10ded47f8e0213702de8816faa36f75f247af1de68fae522 height=47 version=0x20000000 log2_work=6.584963 tx=48 date='2025-10-31T18:09:44Z' progress=1.000000 cache=0.3MiB(47txo)
2025-10-31T18:14:43Z UpdateTip: new best=546ebd5e8e7abf23b76b168a2ad5ca0f2ed91db8ad6e8ea026d07dc16823dfc5 height=48 version=0x20000000 log2_work=6.614710 tx=49 date='2025-10-31T18:09:44Z' progress=1.000000 cache=0.3MiB(48txo)
2025-10-31T18:14:43Z UpdateTip: new best=399106a9a2e05b42cf98af9b5c19af26c8d790e9f51c302901bcca9cdfe0f554 height=49 version=0x20000000 log2_work=6.643856 tx=50 date='2025-10-31T18:09:44Z' progress=1.000000 cache=0.3MiB(49txo)
2025-10-31T18:14:43Z UpdateTip: new best=2cfe63df3196d0a2347d64586d216503546d4697f916bf9aa9b1e516657cc294 height=50 version=0x20000000 log2_work=6.672425 tx=51 date='2025-10-31T18:09:45Z' progress=1.000000 cache=0.3MiB(50txo)
2025-10-31T18:14:43Z UpdateTip: new best=75368d690bbcfb5287d7ac5be5198c56ed119eac2059ba9fee56b9ebd696ea90 height=51 version=0x20000000 log2_work=6.700440 tx=52 date='2025-10-31T18:09:45Z' progress=1.000000 cache=0.3MiB(51txo)
2025-10-31T18:14:43Z UpdateTip: new best=018551134cc29ae4b72d88a7cdc2591e2699bbad217005770b3881ca1ff71354 height=52 version=0x20000000 log2_work=6.727920 tx=53 date='2025-10-31T18:09:45Z' progress=1.000000 cache=0.3MiB(52txo)
2025-10-31T18:14:43Z UpdateTip: new best=3eb4d061005c9fcf7127d3cc33a0a6565fdcb749598f15ed46b5f899eba70ac0 height=53 version=0x20000000 log2_work=6.754888 tx=54 date='2025-10-31T18:09:45Z' progress=1.000000 cache=0.3MiB(53txo)
2025-10-31T18:14:43Z UpdateTip: new best=1e56cb983a1403661945ea9219641755ae1538fa7e90de0206cf6f0946eac205 height=54 version=0x20000000 log2_work=6.781360 tx=55 date='2025-10-31T18:09:45Z' progress=1.000000 cache=0.3MiB(54txo)
2025-10-31T18:14:43Z UpdateTip: new best=1de4220a58dd8a8317a61674b270b73d1204f9c88743f6f8009730d7b1a4bd97 height=55 version=0x20000000 log2_work=6.807355 tx=56 date='2025-10-31T18:09:45Z' progress=1.000000 cache=0.3MiB(55txo)
2025-10-31T18:14:43Z UpdateTip: new best=729dd90f533a13a697cc49c1f3c68d2a7a1e1cf4b8bbcc6704ecce2c8abf541c height=56 version=0x20000000 log2_work=6.832890 tx=57 date='2025-10-31T18:09:46Z' progress=1.000000 cache=0.3MiB(56txo)
2025-10-31T18:14:43Z UpdateTip: new best=7bb73018e6eb3846d1ec8eb3b049d9b2c6548107e5251757987ecbab16afe395 height=57 version=0x20000000 log2_work=6.857981 tx=58 date='2025-10-31T18:09:46Z' progress=1.000000 cache=0.3MiB(57txo)
2025-10-31T18:14:43Z UpdateTip: new best=574b8caec4d82d3ff9b7d73dbfcdbada11f388bc7038d3e1284d08d8ebdf4f3d height=58 version=0x20000000 log2_work=6.882643 tx=59 date='2025-10-31T18:09:46Z' progress=1.000000 cache=0.3MiB(58txo)
2025-10-31T18:14:43Z UpdateTip: new best=1f3c4d335d4dc1b6f2547b1a931ce8dab88e128f6b2bec79f1f407d6782571a8 height=59 version=0x20000000 log2_work=6.906891 tx=60 date='2025-10-31T18:09:46Z' progress=1.000000 cache=0.3MiB(59txo)
2025-10-31T18:14:43Z UpdateTip: new best=52f50bccb31edcaf879d8f1378abd13c99f6a87423c972d745533f787db56804 height=60 version=0x20000000 log2_work=6.930737 tx=61 date='2025-10-31T18:09:46Z' progress=1.000000 cache=0.3MiB(60txo)
2025-10-31T18:14:43Z UpdateTip: new best=25b11acd1ab19cc00bd8d429d1a17cdf9b0c41f0540e4995cb915f1ac763e5db height=61 version=0x20000000 log2_work=6.954196 tx=62 date='2025-10-31T18:09:46Z' progress=1.000000 cache=0.3MiB(61txo)
2025-10-31T18:14:43Z UpdateTip: new best=4cd29c89bcb824563be501247ff08683aadcb2d144ae5a3a3db15b2d12443f5e height=62 version=0x20000000 log2_work=6.977280 tx=63 date='2025-10-31T18:09:47Z' progress=1.000000 cache=0.3MiB(62txo)
2025-10-31T18:14:43Z UpdateTip: new best=3032aafea861d9f96a5a5f6a108bbf773bcc3d5ddbb5bb3f5eddc4a08c85581a height=63 version=0x20000000 log2_work=7.000000 tx=64 date='2025-10-31T18:09:47Z' progress=1.000000 cache=0.3MiB(63txo)
2025-10-31T18:14:43Z UpdateTip: new best=7b19ca4ef49041fb3a5ad391c5c3223f0b1dc76e60d9102c28b6c3c6740e91fd height=64 version=0x20000000 log2_work=7.022368 tx=65 date='2025-10-31T18:09:47Z' progress=1.000000 cache=0.3MiB(64txo)
2025-10-31T18:14:43Z UpdateTip: new best=3aeb56617101370aff1876952c669b6f2d258881cdb07210d26cbe767cb3a654 height=65 version=0x20000000 log2_work=7.044394 tx=66 date='2025-10-31T18:09:47Z' progress=1.000000 cache=0.3MiB(65txo)
2025-10-31T18:14:43Z UpdateTip: new best=3963030c7e69dc76ec7fed0e894cfb87be7ca4752549267b1247bb421a3b1a7c height=66 version=0x20000000 log2_work=7.066089 tx=67 date='2025-10-31T18:09:47Z' progress=1.000000 cache=0.3MiB(66txo)
2025-10-31T18:14:43Z UpdateTip: new best=379ffda16319a18b11a9cb063863e0a5ef378f1f02be9eb4bd21b78387f00b2f height=67 version=0x20000000 log2_work=7.087463 tx=68 date='2025-10-31T18:09:47Z' progress=1.000000 cache=0.3MiB(67txo)
2025-10-31T18:14:43Z UpdateTip: new best=344d79bc94dfc0b0a66ce05dc65b4f7f5aa0e2807dac22b745f4ee431fc72c86 height=68 version=0x20000000 log2_work=7.108524 tx=69 date='2025-10-31T18:09:48Z' progress=1.000000 cache=0.3MiB(68txo)
2025-10-31T18:14:43Z UpdateTip: new best=6559e57074f2117d87a9188f92fe7cd8e178450139415f57b183fc656db22735 height=69 version=0x20000000 log2_work=7.129283 tx=70 date='2025-10-31T18:09:48Z' progress=1.000000 cache=0.3MiB(69txo)
2025-10-31T18:14:43Z UpdateTip: new best=33624298ea4ea5dd5eec9cb09513b5b6cfaa35baef22d33d3212effe6fc7d740 height=70 version=0x20000000 log2_work=7.149747 tx=71 date='2025-10-31T18:09:48Z' progress=1.000000 cache=0.3MiB(70txo)
2025-10-31T18:14:43Z New manual v2 peer connected: version: 70016, blocks=216, peer=0
2025-10-31T18:14:43Z UpdateTip: new best=2851e07c4eb93ef7464281c9937e282c2ede4a096d0df6b10ab93fadcd459564 height=71 version=0x20000000 log2_work=7.169925 tx=72 date='2025-10-31T18:09:48Z' progress=1.000000 cache=0.3MiB(71txo)
2025-10-31T18:14:43Z UpdateTip: new best=3f3938468b80b4c25fe599ba6f0c755af9fa8a840c2d0331790dd7cba02c7e12 height=72 version=0x20000000 log2_work=7.189825 tx=73 date='2025-10-31T18:09:48Z' progress=1.000000 cache=0.3MiB(72txo)
2025-10-31T18:14:43Z UpdateTip: new best=70dbd7248aa8b4ccb939e15e87fb14df8887a5e921a060418522a1eb859a8e36 height=73 version=0x20000000 log2_work=7.209453 tx=74 date='2025-10-31T18:09:48Z' progress=1.000000 cache=0.3MiB(73txo)
2025-10-31T18:14:43Z UpdateTip: new best=13e79690e084bb73dfcce3565047c764469dba7e5b31b014a993e7ec0b887a27 height=74 version=0x20000000 log2_work=7.228819 tx=75 date='2025-10-31T18:09:49Z' progress=1.000000 cache=0.3MiB(74txo)
2025-10-31T18:14:43Z UpdateTip: new best=0e67c388e1c593bbd843edb890da0d94d66ef7b13f1b5835da84771222dc6e11 height=75 version=0x20000000 log2_work=7.247928 tx=76 date='2025-10-31T18:09:49Z' progress=1.000000 cache=0.3MiB(75txo)
2025-10-31T18:14:43Z UpdateTip: new best=6cc999e92b148788ce41f2fda7e58c18d6678a59f111fe5e6f1da0b1c7380ed3 height=76 version=0x20000000 log2_work=7.266787 tx=77 date='2025-10-31T18:09:49Z' progress=1.000000 cache=0.3MiB(76txo)
2025-10-31T18:14:43Z UpdateTip: new best=6058d46a919f1d66ac75ee16120f98fad1a6d6a92ffcd00e7f2846e008ca709a height=77 version=0x20000000 log2_work=7.285402 tx=78 date='2025-10-31T18:09:49Z' progress=1.000000 cache=0.3MiB(77txo)
2025-10-31T18:14:43Z UpdateTip: new best=0f35912f469c6e640e22598ed34b7d2f7ceee9b0df812c5b64238386033066ec height=78 version=0x20000000 log2_work=7.303781 tx=79 date='2025-10-31T18:09:49Z' progress=1.000000 cache=0.3MiB(78txo)
2025-10-31T18:14:43Z UpdateTip: new best=213eb6c7010f740af55fdaa6f9a532bb39de5318c9c26d6d115f9f62e88c37af height=79 version=0x20000000 log2_work=7.321928 tx=80 date='2025-10-31T18:09:49Z' progress=1.000000 cache=0.3MiB(79txo)
2025-10-31T18:14:43Z UpdateTip: new best=767befb573d5c7d07b3e1db5f109fc79d63f0df031ac2d2b5e1e158f9f0a6fe6 height=80 version=0x20000000 log2_work=7.339850 tx=81 date='2025-10-31T18:09:50Z' progress=1.000000 cache=0.3MiB(80txo)
2025-10-31T18:14:43Z UpdateTip: new best=46d2b5cc08a38352fd4fe53ba4d56b343191cee2dbbe2c63df4947e628f8233a height=81 version=0x20000000 log2_work=7.357552 tx=82 date='2025-10-31T18:09:50Z' progress=1.000000 cache=0.3MiB(81txo)
2025-10-31T18:14:43Z UpdateTip: new best=4c95cb36d0e3edfc3aa0a2775eebfd3122486100a7e120c43dcbcfd3412d2ce2 height=82 version=0x20000000 log2_work=7.375039 tx=83 date='2025-10-31T18:09:50Z' progress=1.000000 cache=0.3MiB(82txo)
2025-10-31T18:14:43Z UpdateTip: new best=3207abbf1a626919a352d4bac967301d1df9f5b5a419e6a9703c6718d0f06f4f height=83 version=0x20000000 log2_work=7.392317 tx=84 date='2025-10-31T18:09:50Z' progress=1.000000 cache=0.3MiB(83txo)
2025-10-31T18:14:43Z UpdateTip: new best=1b7c8b86dca75df7e1d41a0fa06100287af065e9488924b52892c92247bb576d height=84 version=0x20000000 log2_work=7.409391 tx=85 date='2025-10-31T18:09:50Z' progress=1.000000 cache=0.3MiB(84txo)
2025-10-31T18:14:43Z UpdateTip: new best=0f7aceeca94e9fdf1434f53c6d8f1cadd6e2133fc1cf4811598923e31368082a height=85 version=0x20000000 log2_work=7.426265 tx=86 date='2025-10-31T18:09:50Z' progress=1.000000 cache=0.3MiB(85txo)
2025-10-31T18:14:43Z UpdateTip: new best=1bcd9fcf9af00f418a9bd204a901cf31f5aafe3af63a84914a474ccd3f389b63 height=86 version=0x20000000 log2_work=7.442943 tx=87 date='2025-10-31T18:09:51Z' progress=1.000000 cache=0.3MiB(86txo)
2025-10-31T18:14:43Z UpdateTip: new best=7858f8fd8e5b007ce28cfdf87e8a0160f0b7e7c39638d7fd2fa0a541333d6958 height=87 version=0x20000000 log2_work=7.459432 tx=88 date='2025-10-31T18:09:51Z' progress=1.000000 cache=0.3MiB(87txo)
2025-10-31T18:14:43Z UpdateTip: new best=5e311df9a1417c1b2d5b9657dad0beba35f3e6167f6f88a30da92ce2f15930c0 height=88 version=0x20000000 log2_work=7.475733 tx=89 date='2025-10-31T18:09:51Z' progress=1.000000 cache=0.3MiB(88txo)
2025-10-31T18:14:43Z UpdateTip: new best=4c3da670514af16aef868ba68cb1dd50a302a9056a1b88249eb74429958681bb height=89 version=0x20000000 log2_work=7.491853 tx=90 date='2025-10-31T18:09:51Z' progress=1.000000 cache=0.3MiB(89txo)
2025-10-31T18:14:43Z UpdateTip: new best=0a2153dfa9db66cb2a2a703ebbace9a95b4e08a7fd3106e81a8aa7228555da90 height=90 version=0x20000000 log2_work=7.507795 tx=91 date='2025-10-31T18:09:51Z' progress=1.000000 cache=0.3MiB(90txo)
2025-10-31T18:14:43Z UpdateTip: new best=1a26846caefd62d36f2a5b1c594bb9b2b4a7438fde1c6826d8f58e084b974458 height=91 version=0x20000000 log2_work=7.523562 tx=92 date='2025-10-31T18:09:51Z' progress=1.000000 cache=0.3MiB(91txo)
2025-10-31T18:14:43Z UpdateTip: new best=2191d354eced40bd721b88cc05ed9c1d06e12c1bc0bb0bd6b586bda348e8d75e height=92 version=0x20000000 log2_work=7.539159 tx=93 date='2025-10-31T18:09:52Z' progress=1.000000 cache=0.3MiB(92txo)
2025-10-31T18:14:43Z UpdateTip: new best=6154faca74f0031a3147dbac20359b5b134612f884ab9e94f2ef45648cc7e920 height=93 version=0x20000000 log2_work=7.554589 tx=94 date='2025-10-31T18:09:52Z' progress=1.000000 cache=0.3MiB(93txo)
2025-10-31T18:14:43Z UpdateTip: new best=2e7ffafbe5f78e9baddff315070772efd831270051768a9e140c95f05aaf2f6a height=94 version=0x20000000 log2_work=7.569856 tx=95 date='2025-10-31T18:09:52Z' progress=1.000000 cache=0.3MiB(94txo)
2025-10-31T18:14:43Z UpdateTip: new best=61d50086e73568fbb4794f9fd55301769ae000f0bda9fdde2e2e3f83f2362afb height=95 version=0x20000000 log2_work=7.584963 tx=96 date='2025-10-31T18:09:52Z' progress=1.000000 cache=0.3MiB(95txo)
2025-10-31T18:14:43Z UpdateTip: new best=3950c04f2d00a17230093e8b81c94e820b7e492478652a327b6deb69eefef52f height=96 version=0x20000000 log2_work=7.599913 tx=97 date='2025-10-31T18:09:52Z' progress=1.000000 cache=0.3MiB(96txo)
2025-10-31T18:14:43Z UpdateTip: new best=0b4aff0421d3bc67af020d3919bf171f6b97b8c8b67ff9b4b58ed4707dc0fc50 height=97 version=0x20000000 log2_work=7.614710 tx=98 date='2025-10-31T18:09:52Z' progress=1.000000 cache=0.3MiB(97txo)
2025-10-31T18:14:43Z UpdateTip: new best=2b2c27d993d3cb02284c2d8df27eb981f3b91cea9269d53d3e3ca47da12adbc5 height=98 version=0x20000000 log2_work=7.629357 tx=99 date='2025-10-31T18:09:53Z' progress=1.000000 cache=0.3MiB(98txo)
2025-10-31T18:14:43Z UpdateTip: new best=7d9d7ab88ab62bd34423284e3129b6c09dbe8762e0471fd2ae01e231f4aa654c height=99 version=0x20000000 log2_work=7.643856 tx=100 date='2025-10-31T18:09:53Z' progress=1.000000 cache=0.3MiB(99txo)
2025-10-31T18:14:43Z UpdateTip: new best=1a47715b41a57cee837023c0e327b9edaa2784aee1afa1930bda563c1950872e height=100 version=0x20000000 log2_work=7.658211 tx=101 date='2025-10-31T18:09:53Z' progress=1.000000 cache=0.3MiB(100txo)
2025-10-31T18:14:43Z UpdateTip: new best=19e054290940cee40945871f14f3a7a41b5811058924008a98871eaa3fb6550b height=101 version=0x20000000 log2_work=7.672425 tx=102 date='2025-10-31T18:09:53Z' progress=1.000000 cache=0.3MiB(101txo)
2025-10-31T18:14:43Z UpdateTip: new best=164bb0c254b91e12923eef72a185b8878c6df271b3109a61e7dd18015cbbea95 height=102 version=0x20000000 log2_work=7.686501 tx=103 date='2025-10-31T18:09:53Z' progress=1.000000 cache=0.3MiB(102txo)
2025-10-31T18:14:43Z UpdateTip: new best=4536f8376d9eeeef994cfc4a79dfcfed1b47468e9467826610f679b35f39d287 height=103 version=0x20000000 log2_work=7.700440 tx=104 date='2025-10-31T18:09:53Z' progress=1.000000 cache=0.3MiB(103txo)
2025-10-31T18:14:43Z UpdateTip: new best=65b09ac75100f5ac5980e742c5d0fd7ac4233a811f6bffe3a7dc27205a2becd5 height=104 version=0x20000000 log2_work=7.714246 tx=105 date='2025-10-31T18:09:54Z' progress=1.000000 cache=0.3MiB(104txo)
2025-10-31T18:14:43Z UpdateTip: new best=75a38fe1df0ef1910eac3769abefec288e8b2b9b4593708772a136e35773aa48 height=105 version=0x20000000 log2_work=7.727920 tx=106 date='2025-10-31T18:09:54Z' progress=1.000000 cache=0.3MiB(105txo)
2025-10-31T18:14:43Z UpdateTip: new best=033e89ba5cc3605c1109cc7532834e2718e54ee5422b5e8e441480c91360eb9d height=106 version=0x20000000 log2_work=7.741467 tx=107 date='2025-10-31T18:09:54Z' progress=1.000000 cache=0.3MiB(106txo)
2025-10-31T18:14:43Z UpdateTip: new best=4f7b4bd57f26454e0158f1f395421e685eb30b589b6f26b188934593255f8925 height=107 version=0x20000000 log2_work=7.754888 tx=108 date='2025-10-31T18:09:54Z' progress=1.000000 cache=0.3MiB(107txo)
2025-10-31T18:14:43Z UpdateTip: new best=675bd8e8a0ac8eff59ec08ef0642155016413c76684e9760ccd57851289f10c4 height=108 version=0x20000000 log2_work=7.768184 tx=109 date='2025-10-31T18:09:54Z' progress=1.000000 cache=0.3MiB(108txo)
2025-10-31T18:14:43Z UpdateTip: new best=08b80a28e83b6ebb05d26322cb5beda32ecfe46fb62d4ee4b2b464c61922b6ee height=109 version=0x20000000 log2_work=7.781360 tx=110 date='2025-10-31T18:09:54Z' progress=1.000000 cache=0.3MiB(109txo)
2025-10-31T18:14:43Z UpdateTip: new best=06c103024a510fb1421088f8134059893f98faabdecc0100729146cade10ac24 height=110 version=0x20000000 log2_work=7.794416 tx=111 date='2025-10-31T18:09:55Z' progress=1.000000 cache=0.3MiB(110txo)
2025-10-31T18:14:43Z UpdateTip: new best=7db514c2c7f5ce8a8653287510ac9b6508d471ad305459470424e6ea15c515b2 height=111 version=0x20000000 log2_work=7.807355 tx=112 date='2025-10-31T18:09:55Z' progress=1.000000 cache=0.3MiB(111txo)
2025-10-31T18:14:43Z UpdateTip: new best=741745cac90d59009cb0527c3c1ef4fb5acff0fed0c3fa5713fe386422984023 height=112 version=0x20000000 log2_work=7.820179 tx=113 date='2025-10-31T18:09:55Z' progress=1.000000 cache=0.3MiB(112txo)
2025-10-31T18:14:43Z UpdateTip: new best=0a50cfc466cfcbed2f2cc9db024408387a1cb84141890b9f4ca30b1c06dc909b height=113 version=0x20000000 log2_work=7.832890 tx=114 date='2025-10-31T18:09:55Z' progress=1.000000 cache=0.3MiB(113txo)
2025-10-31T18:14:43Z UpdateTip: new best=1a3471c2b673186b73f5866c5862caff2aaf81f5a6533565ec55f9b6b9db55e5 height=114 version=0x20000000 log2_work=7.845490 tx=115 date='2025-10-31T18:09:55Z' progress=1.000000 cache=0.3MiB(114txo)
2025-10-31T18:14:43Z UpdateTip: new best=2816d5a65296a87c29998081d86598ac1d734a9bf303eb9b79c67e6ae292f4d0 height=115 version=0x20000000 log2_work=7.857981 tx=116 date='2025-10-31T18:09:55Z' progress=1.000000 cache=0.3MiB(115txo)
2025-10-31T18:14:43Z UpdateTip: new best=524166c5c11ea62a9f5e7caaaba4b763c737670879836de64a481e38c158373f height=116 version=0x20000000 log2_work=7.870365 tx=117 date='2025-10-31T18:09:56Z' progress=1.000000 cache=0.3MiB(116txo)
2025-10-31T18:14:43Z UpdateTip: new best=65640c61819de8b596cbacdec9d3614d01b75d6f3c94561abab219f303d72c27 height=117 version=0x20000000 log2_work=7.882643 tx=118 date='2025-10-31T18:09:56Z' progress=1.000000 cache=0.3MiB(117txo)
2025-10-31T18:14:43Z UpdateTip: new best=5da7f7d7261769778bde65c145cc2490c4c9ff880bf9bfaa53ffe0414ed93e88 height=118 version=0x20000000 log2_work=7.894818 tx=119 date='2025-10-31T18:09:56Z' progress=1.000000 cache=0.3MiB(118txo)
2025-10-31T18:14:43Z UpdateTip: new best=51e09026ae0f15c461c3c9aa4c90dffacd8bd59b2e1c2479048e2ede9c32223b height=119 version=0x20000000 log2_work=7.906891 tx=120 date='2025-10-31T18:09:56Z' progress=1.000000 cache=0.3MiB(119txo)
2025-10-31T18:14:43Z UpdateTip: new best=1227a670ed21fef7f9aa8726ff2cb097858c7c4bd5da167a7e2bf9354665c2e5 height=120 version=0x20000000 log2_work=7.918863 tx=121 date='2025-10-31T18:09:56Z' progress=1.000000 cache=0.3MiB(120txo)
2025-10-31T18:14:43Z UpdateTip: new best=7b31975c5a843f4900468f594a79187d1fc6e012588627a772e91125ae0ec9b2 height=121 version=0x20000000 log2_work=7.930737 tx=122 date='2025-10-31T18:09:56Z' progress=1.000000 cache=0.3MiB(121txo)
2025-10-31T18:14:43Z UpdateTip: new best=63efbdd2b8b992949670cce0d83827740ea1f90e56ec86012db7827e6bd92c8b height=122 version=0x20000000 log2_work=7.942515 tx=123 date='2025-10-31T18:09:57Z' progress=1.000000 cache=0.3MiB(122txo)
2025-10-31T18:14:43Z UpdateTip: new best=21855e54c3dd5ea6f48047e08191093802fe9d9475f9119f6832e46bcab3f30e height=123 version=0x20000000 log2_work=7.954196 tx=124 date='2025-10-31T18:09:57Z' progress=1.000000 cache=0.3MiB(123txo)
2025-10-31T18:14:43Z UpdateTip: new best=17a6c816116e670dabda6041cddaf93b8a85a0a8cc4129ab750640fb1c8fc986 height=124 version=0x20000000 log2_work=7.965784 tx=125 date='2025-10-31T18:09:57Z' progress=1.000000 cache=0.3MiB(124txo)
2025-10-31T18:14:43Z UpdateTip: new best=65cdff9e66f3195f1b6e483ef055989a37423b5ea91c38a1d3730060dddbeb62 height=125 version=0x20000000 log2_work=7.977280 tx=126 date='2025-10-31T18:09:57Z' progress=1.000000 cache=0.3MiB(125txo)
2025-10-31T18:14:43Z UpdateTip: new best=1163129a1553ef3b97234638f93875107fc3b664fdcf32c013646ce6ddf03dc2 height=126 version=0x20000000 log2_work=7.988685 tx=127 date='2025-10-31T18:09:57Z' progress=1.000000 cache=0.3MiB(126txo)
2025-10-31T18:14:43Z UpdateTip: new best=4aeb663053201621e823d8a3c732809729610319f3258ca6fef99c35ce9f9528 height=127 version=0x20000000 log2_work=8.000000 tx=128 date='2025-10-31T18:09:57Z' progress=1.000000 cache=0.3MiB(127txo)
2025-10-31T18:14:43Z UpdateTip: new best=21ac35270e447b022d3af8d296e6849b58335d811563bd0f33c7dedfc9812b70 height=128 version=0x20000000 log2_work=8.011227 tx=129 date='2025-10-31T18:09:58Z' progress=1.000000 cache=0.3MiB(128txo)
2025-10-31T18:14:43Z UpdateTip: new best=3467afeca1e317693dafa8a87660e370635c7b2765790169f7d7f7782ebeb20c height=129 version=0x20000000 log2_work=8.022368 tx=130 date='2025-10-31T18:09:58Z' progress=1.000000 cache=0.3MiB(129txo)
2025-10-31T18:14:43Z UpdateTip: new best=43ef07be455f6a1d2184876d0bc52f84d437b2d387e33ee0cccd61a78f130dcf height=130 version=0x20000000 log2_work=8.033423 tx=131 date='2025-10-31T18:09:58Z' progress=1.000000 cache=0.3MiB(130txo)
2025-10-31T18:14:43Z UpdateTip: new best=7a2c1651b4ce78a2c2e7b1bbe9297a52786693a34a8ac6679cf894ca56398e5a height=131 version=0x20000000 log2_work=8.044394 tx=132 date='2025-10-31T18:09:58Z' progress=1.000000 cache=0.3MiB(131txo)
2025-10-31T18:14:43Z UpdateTip: new best=5fe532ea0715c74bbf39fd3c7ab82ee6a6496cb8b28ca2a436449fd3b577166f height=132 version=0x20000000 log2_work=8.055282 tx=133 date='2025-10-31T18:09:58Z' progress=1.000000 cache=0.3MiB(132txo)
2025-10-31T18:14:43Z UpdateTip: new best=1746c91586e8fee72817ab818373b7d1b6ae5eed8292fac49e65cfe5490e23ca height=133 version=0x20000000 log2_work=8.066089 tx=134 date='2025-10-31T18:09:58Z' progress=1.000000 cache=0.3MiB(133txo)
2025-10-31T18:14:43Z UpdateTip: new best=6e3a9e834de11c748d4861c4a2cfd4b37c29c0ec2a9a14cf59d0077e15d0b53d height=134 version=0x20000000 log2_work=8.076816 tx=135 date='2025-10-31T18:09:59Z' progress=1.000000 cache=0.3MiB(134txo)
2025-10-31T18:14:43Z UpdateTip: new best=069fe360f0c5954b7dd28c0038823056be55d9c63694d9b15cfec526f77080b5 height=135 version=0x20000000 log2_work=8.087463 tx=136 date='2025-10-31T18:09:59Z' progress=1.000000 cache=0.3MiB(135txo)
2025-10-31T18:14:43Z UpdateTip: new best=44abc91388163e3be2df9c5f73f8269e3115873692754cd61d6315a5671ae488 height=136 version=0x20000000 log2_work=8.098032 tx=137 date='2025-10-31T18:09:59Z' progress=1.000000 cache=0.3MiB(136txo)
2025-10-31T18:14:43Z UpdateTip: new best=17e09005e3844ff9f4f6e005f43cdb8826128b771739582a6ad2103c230b92e0 height=137 version=0x20000000 log2_work=8.108524 tx=138 date='2025-10-31T18:09:59Z' progress=1.000000 cache=0.3MiB(137txo)
2025-10-31T18:14:43Z UpdateTip: new best=49c35a041ab4cf51e954a513b33aad57cdb8081d5841455b99a4c6b089ab0289 height=138 version=0x20000000 log2_work=8.118941 tx=139 date='2025-10-31T18:09:59Z' progress=1.000000 cache=0.3MiB(138txo)
2025-10-31T18:14:43Z UpdateTip: new best=6377c91b13121592ef96f09edd5b75e3f6fca0714977ca172b6c84058bdf6da7 height=139 version=0x20000000 log2_work=8.129283 tx=140 date='2025-10-31T18:09:59Z' progress=1.000000 cache=0.3MiB(139txo)
2025-10-31T18:14:43Z UpdateTip: new best=68117e15e9f34792930d20731ec90877ac1baac614cfe06d4ba46ea5ad65d220 height=140 version=0x20000000 log2_work=8.139551 tx=141 date='2025-10-31T18:10:00Z' progress=1.000000 cache=0.3MiB(140txo)
2025-10-31T18:14:43Z UpdateTip: new best=32e501eb713bc5d72d05a6f1924d4584da793b3f8aac94d47d99d481a205db6e height=141 version=0x20000000 log2_work=8.149747 tx=142 date='2025-10-31T18:10:00Z' progress=1.000000 cache=0.3MiB(141txo)
2025-10-31T18:14:43Z UpdateTip: new best=02128bf0c8f49ad6bdddd87504f351b01ab5eeeb2857bc42f674a9ec887103a7 height=142 version=0x20000000 log2_work=8.159871 tx=143 date='2025-10-31T18:10:00Z' progress=1.000000 cache=0.3MiB(142txo)
2025-10-31T18:14:43Z UpdateTip: new best=1ca8152150e81089229b0a0f5d993f4acf4f92ca72bb189e5fab3e983cb064fa height=143 version=0x20000000 log2_work=8.169925 tx=144 date='2025-10-31T18:10:00Z' progress=1.000000 cache=0.3MiB(143txo)
2025-10-31T18:14:43Z UpdateTip: new best=0885b7011a144fe827d9b3219728bf35b5383a6ea59547f59a2587fe6489df39 height=144 version=0x30000000 log2_work=8.179909 tx=145 date='2025-10-31T18:10:00Z' progress=1.000000 cache=0.3MiB(144txo)
2025-10-31T18:14:43Z UpdateTip: new best=4e5405b0ce07257921be8180ac87415039c2fad5351aeac08a57e99f4b23c029 height=145 version=0x30000000 log2_work=8.189825 tx=146 date='2025-10-31T18:10:00Z' progress=1.000000 cache=0.3MiB(145txo)
2025-10-31T18:14:43Z UpdateTip: new best=5a2cacf744d825720cfb9dc502c81e60bf6b06dd491468164e8c26538d465f6a height=146 version=0x30000000 log2_work=8.199672 tx=147 date='2025-10-31T18:10:01Z' progress=1.000000 cache=0.3MiB(146txo)
2025-10-31T18:14:43Z UpdateTip: new best=18c84eefbad837a02ac1db006a891bd43a57734500130309b87961bae10d23e7 height=147 version=0x30000000 log2_work=8.209453 tx=148 date='2025-10-31T18:10:01Z' progress=1.000000 cache=0.3MiB(147txo)
2025-10-31T18:14:43Z UpdateTip: new best=520b84e7d852e9dead716eca02bd78e39deb88dc43e3d2850428d8184e936105 height=148 version=0x30000000 log2_work=8.219169 tx=149 date='2025-10-31T18:10:01Z' progress=1.000000 cache=0.3MiB(148txo)
2025-10-31T18:14:43Z UpdateTip: new best=17aa8cd18758fb86dfc32daaf2dcf99303ad37c3c88468fe8ce39d63b1521cb7 height=149 version=0x30000000 log2_work=8.228819 tx=150 date='2025-10-31T18:10:01Z' progress=1.000000 cache=0.3MiB(149txo)
2025-10-31T18:14:43Z UpdateTip: new best=45c0a96c31a75275ee3a86b49b650b16138cff6e15b72f3929ce08f924481888 height=150 version=0x30000000 log2_work=8.238405 tx=151 date='2025-10-31T18:10:01Z' progress=1.000000 cache=0.3MiB(150txo)
2025-10-31T18:14:43Z UpdateTip: new best=673ce4eb781a8ebe291b923fcab3b23a287773eee1e72100daf30cbce87fdc07 height=151 version=0x30000000 log2_work=8.247928 tx=152 date='2025-10-31T18:10:01Z' progress=1.000000 cache=0.3MiB(151txo)
2025-10-31T18:14:43Z UpdateTip: new best=787adee0ab397864bd5ab717a0801a29ce9b5f997b105cfb95d35ffd51b58ebc height=152 version=0x30000000 log2_work=8.257388 tx=153 date='2025-10-31T18:10:02Z' progress=1.000000 cache=0.3MiB(152txo)
2025-10-31T18:14:43Z UpdateTip: new best=4748e79714ea512891a0ca5f3619cce48d3dce0dbb506f81a0ffa39d663c30dd height=153 version=0x30000000 log2_work=8.266787 tx=154 date='2025-10-31T18:10:02Z' progress=1.000000 cache=0.3MiB(153txo)
2025-10-31T18:14:43Z UpdateTip: new best=1aabfbff80eec99534228df78aa0ffa1ace83fcdb6717a833daa939d1c0fb0ba height=154 version=0x30000000 log2_work=8.276124 tx=155 date='2025-10-31T18:10:02Z' progress=1.000000 cache=0.3MiB(154txo)
2025-10-31T18:14:43Z UpdateTip: new best=59bb0887500029cd396e6ecfae520ce2299dad2dcf532826b5471c4668591b9a height=155 version=0x30000000 log2_work=8.285402 tx=156 date='2025-10-31T18:10:02Z' progress=1.000000 cache=0.3MiB(155txo)
2025-10-31T18:14:43Z UpdateTip: new best=3426b88b34bcf57a0a149d3513452ab2674cd0b2b5e12e95f6655c1ff4afd2bc height=156 version=0x30000000 log2_work=8.294621 tx=157 date='2025-10-31T18:10:02Z' progress=1.000000 cache=0.3MiB(156txo)
2025-10-31T18:14:43Z UpdateTip: new best=0294620553bf6afff66a2f8bed0ef3654e0b9663bea85d95682154e5a86c8424 height=157 version=0x30000000 log2_work=8.303781 tx=158 date='2025-10-31T18:10:02Z' progress=1.000000 cache=0.3MiB(157txo)
2025-10-31T18:14:43Z UpdateTip: new best=1c965b7274c0b7a95d5551e1ff6937ba4ef58b8fbb9ae1ba0f85c540a3dc1fa3 height=158 version=0x30000000 log2_work=8.312883 tx=159 date='2025-10-31T18:10:03Z' progress=1.000000 cache=0.3MiB(158txo)
2025-10-31T18:14:43Z UpdateTip: new best=15d9d59d9b9ac22b2ec0d65725139e5171cd72287bcea8317a480aa052f9c213 height=159 version=0x30000000 log2_work=8.321928 tx=194 date='2025-10-31T18:10:03Z' progress=1.000000 cache=0.3MiB(227txo)
2025-10-31T18:14:43Z UpdateTip: new best=0b7685cb05da19c36b3e58f5780cb2479ddbefc6901eba94833cb2fb411563fd height=160 version=0x30000000 log2_work=8.330917 tx=252 date='2025-10-31T18:10:03Z' progress=1.000000 cache=0.3MiB(292txo)
2025-10-31T18:14:43Z UpdateTip: new best=3629db0023d70af197639d4e39c019612a08e1dd8151045dee884ce5d1a202e5 height=161 version=0x30000000 log2_work=8.339850 tx=288 date='2025-10-31T18:10:03Z' progress=1.000000 cache=0.3MiB(305txo)
2025-10-31T18:14:43Z UpdateTip: new best=519bf4d8972d7415936faf09107b8ac2974688c99a0393c574a2a6dd6f378d1f height=162 version=0x30000000 log2_work=8.348728 tx=340 date='2025-10-31T18:10:03Z' progress=1.000000 cache=0.3MiB(303txo)
2025-10-31T18:14:43Z UpdateTip: new best=0c0a79e9f07f209ffab0d4073d7d9cb3179427ca3ac74fc328fecb50dbd8fd7e height=163 version=0x30000000 log2_work=8.357552 tx=369 date='2025-10-31T18:10:06Z' progress=1.000000 cache=0.3MiB(309txo)
2025-10-31T18:14:43Z UpdateTip: new best=453318c0a9cd3730c3a609cae5d439908bb007ca74fcce3ec31b5189cf4fcc50 height=164 version=0x30000000 log2_work=8.366322 tx=397 date='2025-10-31T18:10:11Z' progress=1.000000 cache=0.3MiB(316txo)
2025-10-31T18:14:43Z UpdateTip: new best=1a0c03c2c42b40c7a13d28f760d0804d5127fe488d31d3237838a70df145ef99 height=165 version=0x30000000 log2_work=8.375039 tx=463 date='2025-10-31T18:10:16Z' progress=1.000000 cache=0.3MiB(319txo)
2025-10-31T18:14:43Z UpdateTip: new best=198debdac81be18e8994812e025b17a63425bc6f0deca0258cd07b6928e97bf9 height=166 version=0x30000000 log2_work=8.383704 tx=491 date='2025-10-31T18:10:21Z' progress=1.000000 cache=0.3MiB(322txo)
2025-10-31T18:14:43Z UpdateTip: new best=4f554f1035729995423a076b9b4c788033226d36873771e9b6d82ce083f3a9b1 height=167 version=0x30000000 log2_work=8.392317 tx=545 date='2025-10-31T18:10:27Z' progress=1.000000 cache=0.3MiB(337txo)
2025-10-31T18:14:43Z UpdateTip: new best=0b435202edc9cdf30ebf5dcb4e8a5d4f3485db6992f6e48a1064444f715af1e1 height=168 version=0x30000000 log2_work=8.400879 tx=579 date='2025-10-31T18:10:32Z' progress=1.000000 cache=0.3MiB(321txo)
2025-10-31T18:14:43Z UpdateTip: new best=580c06509a41b22761c283db8f79b40b7dfb555e64a7f5ae113fb47e881c92d9 height=169 version=0x30000000 log2_work=8.409391 tx=580 date='2025-10-31T18:10:37Z' progress=1.000000 cache=0.3MiB(322txo)
2025-10-31T18:14:43Z UpdateTip: new best=4f32dd0cddcdba433858bb34b567c6465cbe6a8c8832814223ce99f3f0c7e546 height=170 version=0x30000000 log2_work=8.417853 tx=668 date='2025-10-31T18:10:42Z' progress=1.000000 cache=0.3MiB(331txo)
2025-10-31T18:14:43Z UpdateTip: new best=2587e4971363f82c92ba343a751c8a2e22a4106c6b16c88e5b8564939ec23725 height=171 version=0x30000000 log2_work=8.426265 tx=688 date='2025-10-31T18:10:47Z' progress=1.000000 cache=0.3MiB(345txo)
2025-10-31T18:14:43Z UpdateTip: new best=4406e1cf1ca561142545fc1364af1e577a689d46eefe592ee070ed0a862af060 height=172 version=0x30000000 log2_work=8.434628 tx=748 date='2025-10-31T18:10:52Z' progress=1.000000 cache=0.3MiB(359txo)
2025-10-31T18:14:43Z UpdateTip: new best=74fa093cbeae39fa20a2841138c2e88f98ccf4f9b2b5fa2f922e2e6851530796 height=173 version=0x30000000 log2_work=8.442943 tx=776 date='2025-10-31T18:10:57Z' progress=1.000000 cache=0.3MiB(338txo)
2025-10-31T18:14:43Z UpdateTip: new best=13429066890158d98c86907380c090bfe7703cfaad7548a9f0f40da34183510e height=174 version=0x30000000 log2_work=8.451211 tx=796 date='2025-10-31T18:11:02Z' progress=1.000000 cache=0.3MiB(344txo)
2025-10-31T18:14:43Z UpdateTip: new best=52dcd42c65ec9812af3ae92a1f3c873d6dfd6401d53b38dc0873e102237312bc height=175 version=0x30000000 log2_work=8.459432 tx=850 date='2025-10-31T18:11:07Z' progress=1.000000 cache=0.3MiB(373txo)
2025-10-31T18:14:43Z UpdateTip: new best=41521d7ed482ee7ab93ab116ae8c82e564a5333686c9aac5fb34ba1fb387ee7d height=176 version=0x30000000 log2_work=8.467606 tx=911 date='2025-10-31T18:11:12Z' progress=1.000000 cache=0.3MiB(372txo)
2025-10-31T18:14:43Z UpdateTip: new best=213f70d35c9241e62d5fba139978787aa3e5ca90bf3392570a9a609645d73865 height=177 version=0x30000000 log2_work=8.475733 tx=947 date='2025-10-31T18:11:17Z' progress=1.000000 cache=0.3MiB(370txo)
2025-10-31T18:14:43Z UpdateTip: new best=0896db70a4014cb0ed91fe8e69b65623a24f131c2008e710842a4341d24285e7 height=178 version=0x30000000 log2_work=8.483816 tx=1009 date='2025-10-31T18:11:22Z' progress=1.000000 cache=0.3MiB(379txo)
2025-10-31T18:14:43Z UpdateTip: new best=5048aa6e692d9bfd4c613a6ef7c391b41e9a47164bfe9816664fa1a5786ee91f height=179 version=0x30000000 log2_work=8.491853 tx=1034 date='2025-10-31T18:11:27Z' progress=1.000000 cache=0.3MiB(375txo)
2025-10-31T18:14:43Z UpdateTip: new best=24c37214f46f5224bb9f552123767c897491c5ac9cc25371e768b23e193b085f height=180 version=0x30000000 log2_work=8.499846 tx=1093 date='2025-10-31T18:11:32Z' progress=1.000000 cache=0.3MiB(403txo)
2025-10-31T18:14:43Z UpdateTip: new best=758a7702ce635bf4cdf52d36eafc97b46d795962ff9e02de7d655e036c23682f height=181 version=0x30000000 log2_work=8.507795 tx=1136 date='2025-10-31T18:11:38Z' progress=1.000000 cache=0.3MiB(406txo)
2025-10-31T18:14:43Z UpdateTip: new best=6b717f09d389046354e3079923fade5c5293793abc384d2982f59050a5ae276f height=182 version=0x30000000 log2_work=8.515700 tx=1177 date='2025-10-31T18:11:43Z' progress=1.000000 cache=0.3MiB(405txo)
2025-10-31T18:14:43Z UpdateTip: new best=0f0a4a6f35c50787a865a5bf4e52bbf695c7b4e390b3315772105318dbb26aa9 height=183 version=0x30000000 log2_work=8.523562 tx=1227 date='2025-10-31T18:11:48Z' progress=1.000000 cache=0.3MiB(410txo)
2025-10-31T18:14:43Z UpdateTip: new best=33aac1c94f8fdc40249a9b6de36a4a424ef9780b3795e14b8c808df6d275f4fb height=184 version=0x30000000 log2_work=8.531381 tx=1270 date='2025-10-31T18:11:53Z' progress=1.000000 cache=0.3MiB(430txo)
2025-10-31T18:14:43Z UpdateTip: new best=04a9b652bd28fba9df3fc3e3cfaa4206c2c9b3537ae9a139bdaabab4a823b657 height=185 version=0x30000000 log2_work=8.539159 tx=1295 date='2025-10-31T18:11:58Z' progress=1.000000 cache=0.3MiB(436txo)
2025-10-31T18:14:43Z UpdateTip: new best=1aed454bf2c1fab4c45e1aeef116e71d53068d33f20708a3120af75371bdf8a2 height=186 version=0x30000000 log2_work=8.546894 tx=1355 date='2025-10-31T18:12:03Z' progress=1.000000 cache=0.3MiB(439txo)
2025-10-31T18:14:43Z UpdateTip: new best=5c009553995470b8a1426d658fb3f0df4bc6d9d8cf2c4f1f78ebde8fb160594a height=187 version=0x30000000 log2_work=8.554589 tx=1377 date='2025-10-31T18:12:09Z' progress=1.000000 cache=0.3MiB(435txo)
2025-10-31T18:14:43Z UpdateTip: new best=20ef83565e8a4acf4e1dab2992502362e32ab4ddb391a441e4bca87bdc1cc736 height=188 version=0x30000000 log2_work=8.562242 tx=1433 date='2025-10-31T18:12:14Z' progress=1.000000 cache=0.3MiB(462txo)
2025-10-31T18:14:43Z UpdateTip: new best=14fba055db84a82cfc97f5d729fa00caa74799cb93854acc5448fd7dcbb2e191 height=189 version=0x30000000 log2_work=8.569856 tx=1459 date='2025-10-31T18:12:19Z' progress=1.000000 cache=0.3MiB(449txo)
2025-10-31T18:14:43Z UpdateTip: new best=0127acef3ae2d9bf35825d3d3894e388621ff38d1f6cb561a62d559d022a2aec height=190 version=0x30000000 log2_work=8.577429 tx=1460 date='2025-10-31T18:12:25Z' progress=1.000000 cache=0.3MiB(450txo)
2025-10-31T18:14:43Z UpdateTip: new best=1c097b5f9b019623182d460481aa12bcb54349d6496ec665d823f99dc7e736d6 height=191 version=0x30000000 log2_work=8.584963 tx=1503 date='2025-10-31T18:12:30Z' progress=1.000000 cache=0.3MiB(460txo)
2025-10-31T18:14:43Z UpdateTip: new best=27cd4a84d543a25087e51d0a3bd81d96312dbefdc7180d3bf558071833fa78e7 height=192 version=0x30000000 log2_work=8.592457 tx=1558 date='2025-10-31T18:12:35Z' progress=1.000000 cache=0.3MiB(430txo)
2025-10-31T18:14:43Z Loading 0 mempool transactions from disk...
2025-10-31T18:14:43Z Imported mempool transactions from disk: 0 succeeded, 0 failed, 0 expired, 0 already there, 0 waiting for initial broadcast
2025-10-31T18:14:43Z initload thread exit
2025-10-31T18:14:43Z txindex thread start
2025-10-31T18:14:43Z txindex is enabled at height 191
2025-10-31T18:14:43Z txindex thread exit
2025-10-31T18:14:43Z Leaving InitialBlockDownload (latching to false)
2025-10-31T18:14:43Z Saw new header hash=6fdc9228f64e093e51633a80e446636afd8195741a03dd76d260f7c8181a3d56 height=193
2025-10-31T18:14:43Z Saw new header hash=187dd6520bff9023286988b2d16986801a9c47ef0d918ef049d87646846dd7fa height=194
2025-10-31T18:14:43Z Saw new header hash=1c3528153bdeb1596e299a1f3a93e4a68d742f7fb4bedd8301811eefab6f1699 height=195
2025-10-31T18:14:43Z Saw new header hash=0b1c8685b5ec10dddac5f296ff057d94ccdabdf79f19faad527560d23c0df26e height=196
2025-10-31T18:14:43Z Saw new header hash=72cd1e5b92d5def70c493722eb413356e3c2ab1d2ba1ff200b684ab87778711e height=197
2025-10-31T18:14:43Z Saw new header hash=7100192d6c11b5d62ecedda96223f09ceb4c29a23f7bd3db3b7f3b9cde7c1079 height=198
2025-10-31T18:14:43Z Saw new header hash=122cfd06d88d613fbebba676b4b2af30e8cefd86d0c3900b203fd5548eb6978a height=199
2025-10-31T18:14:43Z Saw new header hash=6ea7321b1229acae584718f92cd66096b2f1e0c6972db47ce571dddfd37b43b4 height=200
2025-10-31T18:14:43Z Saw new header hash=48a68c5629cfeee0f248110ca4e91e2b032261cfef40559bde6a30bba9b5a3c5 height=201
2025-10-31T18:14:43Z Saw new header hash=5a31d7d00d48e8c5da772eece047d720a63c0e13c69811db704e71f2dfd0da0f height=202
2025-10-31T18:14:43Z Saw new header hash=66f7da405ef20055deeb782ab70ba2a16a1b3c546552a4393e9ba43db4a606de height=203
2025-10-31T18:14:43Z Saw new header hash=1d269c75d7e4b1ddb20152ea37640d6eb9518b03cf0629f941af204236eaf522 height=204
2025-10-31T18:14:43Z Saw new header hash=001bbb5d0bd9a5927af83d94b407f88fabda892065469106d959b88bef54d516 height=205
2025-10-31T18:14:43Z Saw new header hash=28a76d0cb96a94866b1ec1e94145877ccda91683fbd8ede3b2fb17b22ad01912 height=206
2025-10-31T18:14:43Z Saw new header hash=62643560c442237200c41dbce1be384c3ac1f2fb659ad67dadfa49050ab685b4 height=207
2025-10-31T18:14:43Z Saw new header hash=79a12d01d808de4cdc72b4ad297367f8b9dcc918658c66354465553e118983ba height=208
2025-10-31T18:14:43Z Saw new header hash=43e7acda59c5a43bed4c75292b98f53194266f312570ee256cce3f07f03d9687 height=209
2025-10-31T18:14:43Z Saw new header hash=4aaf0d7b95ac997d0ab251319564ca5965a8c7b86012ab784b60beff7dd03f49 height=210
2025-10-31T18:14:43Z Saw new header hash=31cb0d2c2ecefe2c26b154a7719c9d8f64c49e64ae13c5ebe32e7d14396d454d height=211
2025-10-31T18:14:43Z Saw new header hash=0eb78d352e8ee5a56835206c72672d95a1e05de823ddc75d58613e0c6294be5c height=212
2025-10-31T18:14:43Z Saw new header hash=0e782b62279965d0198d4e95b993ed7ead233e0c8694fe454ed9d7901a7abf6f height=213
2025-10-31T18:14:43Z Saw new header hash=7a5b1408d5465b0693728dba2abf9b3ba1e71d8f99731135bdcef4220fdffd1f height=214
2025-10-31T18:14:43Z Saw new header hash=4a8a62673abd5fefd371e4a238323ee97db1ab442fb0fe678dd046b79a691870 height=215
2025-10-31T18:14:43Z Saw new header hash=76f4bc2b39c3b1dff10070c8ec27564213b1661971445d76a0d7ba2ec0a24455 height=216
2025-10-31T18:14:43Z UpdateTip: new best=6fdc9228f64e093e51633a80e446636afd8195741a03dd76d260f7c8181a3d56 height=193 version=0x30000000 log2_work=8.599913 tx=1620 date='2025-10-31T18:12:40Z' progress=1.000000 cache=0.3MiB(421txo)
2025-10-31T18:14:43Z UpdateTip: new best=187dd6520bff9023286988b2d16986801a9c47ef0d918ef049d87646846dd7fa height=194 version=0x30000000 log2_work=8.607330 tx=1638 date='2025-10-31T18:12:46Z' progress=1.000000 cache=0.3MiB(435txo)
2025-10-31T18:14:43Z UpdateTip: new best=1c3528153bdeb1596e299a1f3a93e4a68d742f7fb4bedd8301811eefab6f1699 height=195 version=0x30000000 log2_work=8.614710 tx=1693 date='2025-10-31T18:12:51Z' progress=1.000000 cache=0.3MiB(441txo)
2025-10-31T18:14:43Z UpdateTip: new best=0b1c8685b5ec10dddac5f296ff057d94ccdabdf79f19faad527560d23c0df26e height=196 version=0x30000000 log2_work=8.622052 tx=1752 date='2025-10-31T18:12:56Z' progress=1.000000 cache=0.3MiB(446txo)
2025-10-31T18:14:43Z UpdateTip: new best=72cd1e5b92d5def70c493722eb413356e3c2ab1d2ba1ff200b684ab87778711e height=197 version=0x30000000 log2_work=8.629357 tx=1793 date='2025-10-31T18:13:02Z' progress=1.000000 cache=0.3MiB(447txo)
2025-10-31T18:14:43Z UpdateTip: new best=7100192d6c11b5d62ecedda96223f09ceb4c29a23f7bd3db3b7f3b9cde7c1079 height=198 version=0x30000000 log2_work=8.636625 tx=1840 date='2025-10-31T18:13:07Z' progress=1.000000 cache=0.3MiB(461txo)
2025-10-31T18:14:43Z UpdateTip: new best=122cfd06d88d613fbebba676b4b2af30e8cefd86d0c3900b203fd5548eb6978a height=199 version=0x30000000 log2_work=8.643856 tx=1849 date='2025-10-31T18:13:12Z' progress=1.000000 cache=0.3MiB(461txo)
2025-10-31T18:14:43Z UpdateTip: new best=6ea7321b1229acae584718f92cd66096b2f1e0c6972db47ce571dddfd37b43b4 height=200 version=0x30000000 log2_work=8.651052 tx=1917 date='2025-10-31T18:13:18Z' progress=1.000000 cache=0.3MiB(474txo)
2025-10-31T18:14:43Z UpdateTip: new best=48a68c5629cfeee0f248110ca4e91e2b032261cfef40559bde6a30bba9b5a3c5 height=201 version=0x30000000 log2_work=8.658211 tx=1959 date='2025-10-31T18:13:23Z' progress=1.000000 cache=0.3MiB(472txo)
2025-10-31T18:14:43Z UpdateTip: new best=5a31d7d00d48e8c5da772eece047d720a63c0e13c69811db704e71f2dfd0da0f height=202 version=0x30000000 log2_work=8.665336 tx=1998 date='2025-10-31T18:13:28Z' progress=1.000000 cache=0.3MiB(476txo)
2025-10-31T18:14:43Z UpdateTip: new best=66f7da405ef20055deeb782ab70ba2a16a1b3c546552a4393e9ba43db4a606de height=203 version=0x30000000 log2_work=8.672425 tx=2027 date='2025-10-31T18:13:33Z' progress=1.000000 cache=0.3MiB(482txo)
2025-10-31T18:14:43Z UpdateTip: new best=1d269c75d7e4b1ddb20152ea37640d6eb9518b03cf0629f941af204236eaf522 height=204 version=0x30000000 log2_work=8.679480 tx=2083 date='2025-10-31T18:13:39Z' progress=1.000000 cache=0.3MiB(487txo)
2025-10-31T18:14:43Z UpdateTip: new best=001bbb5d0bd9a5927af83d94b407f88fabda892065469106d959b88bef54d516 height=205 version=0x30000000 log2_work=8.686501 tx=2109 date='2025-10-31T18:13:44Z' progress=1.000000 cache=0.3MiB(487txo)
2025-10-31T18:14:43Z UpdateTip: new best=28a76d0cb96a94866b1ec1e94145877ccda91683fbd8ede3b2fb17b22ad01912 height=206 version=0x30000000 log2_work=8.693487 tx=2160 date='2025-10-31T18:13:49Z' progress=1.000000 cache=0.3MiB(497txo)
2025-10-31T18:14:44Z UpdateTip: new best=62643560c442237200c41dbce1be384c3ac1f2fb659ad67dadfa49050ab685b4 height=207 version=0x30000000 log2_work=8.700440 tx=2200 date='2025-10-31T18:13:54Z' progress=1.000000 cache=0.3MiB(502txo)
2025-10-31T18:14:44Z UpdateTip: new best=79a12d01d808de4cdc72b4ad297367f8b9dcc918658c66354465553e118983ba height=208 version=0x30000000 log2_work=8.707359 tx=2241 date='2025-10-31T18:14:00Z' progress=1.000000 cache=0.3MiB(508txo)
2025-10-31T18:14:44Z UpdateTip: new best=43e7acda59c5a43bed4c75292b98f53194266f312570ee256cce3f07f03d9687 height=209 version=0x30000000 log2_work=8.714246 tx=2281 date='2025-10-31T18:14:05Z' progress=1.000000 cache=0.3MiB(495txo)
2025-10-31T18:14:44Z UpdateTip: new best=4aaf0d7b95ac997d0ab251319564ca5965a8c7b86012ab784b60beff7dd03f49 height=210 version=0x30000000 log2_work=8.721099 tx=2325 date='2025-10-31T18:14:10Z' progress=1.000000 cache=0.3MiB(499txo)
2025-10-31T18:14:44Z UpdateTip: new best=31cb0d2c2ecefe2c26b154a7719c9d8f64c49e64ae13c5ebe32e7d14396d454d height=211 version=0x30000000 log2_work=8.727920 tx=2333 date='2025-10-31T18:14:15Z' progress=1.000000 cache=0.3MiB(502txo)
2025-10-31T18:14:44Z UpdateTip: new best=0eb78d352e8ee5a56835206c72672d95a1e05de823ddc75d58613e0c6294be5c height=212 version=0x30000000 log2_work=8.734710 tx=2391 date='2025-10-31T18:14:21Z' progress=1.000000 cache=0.3MiB(515txo)
2025-10-31T18:14:44Z UpdateTip: new best=0e782b62279965d0198d4e95b993ed7ead233e0c8694fe454ed9d7901a7abf6f height=213 version=0x30000000 log2_work=8.741467 tx=2452 date='2025-10-31T18:14:26Z' progress=1.000000 cache=0.3MiB(519txo)
2025-10-31T18:14:44Z UpdateTip: new best=7a5b1408d5465b0693728dba2abf9b3ba1e71d8f99731135bdcef4220fdffd1f height=214 version=0x30000000 log2_work=8.748193 tx=2480 date='2025-10-31T18:14:31Z' progress=1.000000 cache=0.3MiB(521txo)
2025-10-31T18:14:44Z UpdateTip: new best=4a8a62673abd5fefd371e4a238323ee97db1ab442fb0fe678dd046b79a691870 height=215 version=0x30000000 log2_work=8.754888 tx=2506 date='2025-10-31T18:14:36Z' progress=1.000000 cache=0.3MiB(519txo)
2025-10-31T18:14:44Z UpdateTip: new best=76f4bc2b39c3b1dff10070c8ec27564213b1661971445d76a0d7ba2ec0a24455 height=216 version=0x30000000 log2_work=8.761551 tx=2556 date='2025-10-31T18:14:41Z' progress=1.000000 cache=0.3MiB(531txo)
2025-10-31T18:14:45Z tor: Thread interrupt
2025-10-31T18:14:45Z torcontrol thread exit
2025-10-31T18:14:45Z Shutdown: In progress...
2025-10-31T18:14:45Z addcon thread exit
2025-10-31T18:14:45Z opencon thread exit
2025-10-31T18:14:45Z net thread exit
2025-10-31T18:14:45Z msghand thread exit
2025-10-31T18:14:45Z scheduler thread exit
2025-10-31T18:14:45Z Writing 0 unbroadcast transactions to disk.
2025-10-31T18:14:45Z Dumped mempool: 0.000s to copy, 0.001s to dump
2025-10-31T18:14:46Z Flushed fee estimates to fee_estimates.dat.
2025-10-31T18:14:46Z Shutdown: done
2025-10-31T18:14:46Z Warning: reindex=1 is set in the configuration file, which will significantly slow down startup. Consider removing or commenting out this option for better performance, unless there is currently a condition which makes rebuilding the indexes necessary
2025-10-31T18:14:46Z Bitcoin Core version v27.0.0 (release build)
2025-10-31T18:14:46Z Script verification uses 7 additional threads
2025-10-31T18:14:46Z Using the 'arm_shani(1way,2way)' SHA256 implementation
2025-10-31T18:14:46Z Default data directory /home/bitcoin/.bitcoin
2025-10-31T18:14:46Z Using data directory /home/bitcoin/.bitcoin/regtest
2025-10-31T18:14:46Z Config file: /home/bitcoin/.bitcoin/bitcoin.conf
2025-10-31T18:14:46Z Config file arg: [regtest] fallbackfee="0.0002"
2025-10-31T18:14:46Z Config file arg: [regtest] maxmempool="500"
2025-10-31T18:14:46Z Config file arg: [regtest] reindex="1"
2025-10-31T18:14:46Z Config file arg: [regtest] rpcallowip="0.0.0.0/0"
2025-10-31T18:14:46Z Config file arg: [regtest] rpcbind="0.0.0.0"
2025-10-31T18:14:46Z Config file arg: [regtest] rpcpassword=****
2025-10-31T18:14:46Z Config file arg: [regtest] rpcuser=****
2025-10-31T18:14:46Z Config file arg: [regtest] server="1"
2025-10-31T18:14:46Z Command-line arg: connect="node13:18444"
2025-10-31T18:14:46Z Command-line arg: datadir="/home/bitcoin/.bitcoin"
2025-10-31T18:14:46Z Command-line arg: discover="1"
2025-10-31T18:14:46Z Command-line arg: dnsseed="0"
2025-10-31T18:14:46Z Command-line arg: listen="1"
2025-10-31T18:14:46Z Command-line arg: maxconnections="64"
2025-10-31T18:14:46Z Command-line arg: printtoconsole="1"
2025-10-31T18:14:46Z Command-line arg: regtest="1"
2025-10-31T18:14:46Z Command-line arg: rpcallowip="0.0.0.0/0"
2025-10-31T18:14:46Z Command-line arg: rpcbind="0.0.0.0"
2025-10-31T18:14:46Z Command-line arg: rpcpassword=****
2025-10-31T18:14:46Z Command-line arg: rpcuser=****
2025-10-31T18:14:46Z Command-line arg: server="1"
2025-10-31T18:14:46Z Command-line arg: txindex="1"
2025-10-31T18:14:46Z Command-line arg: zmqpubhashblock="tcp://0.0.0.0:28332"
2025-10-31T18:14:46Z Command-line arg: zmqpubhashtx="tcp://0.0.0.0:28333"
2025-10-31T18:14:46Z Using at most 64 automatic connections (1048576 file descriptors available)
2025-10-31T18:14:46Z Using 16 MiB out of 16 MiB requested for signature cache, able to store 524288 elements
2025-10-31T18:14:46Z Using 16 MiB out of 16 MiB requested for script execution cache, able to store 524288 elements
2025-10-31T18:14:46Z scheduler thread start
2025-10-31T18:14:46Z Binding RPC on address 0.0.0.0 port 18443
2025-10-31T18:14:46Z WARNING: the RPC server is not safe to expose to untrusted networks such as the public internet
2025-10-31T18:14:46Z Binding RPC on address 0.0.0.0 port 18443
2025-10-31T18:14:46Z Binding RPC on address 0.0.0.0 port 18443 failed.
2025-10-31T18:14:46Z Config options rpcuser and rpcpassword will soon be deprecated. Locally-run instances may remove rpcuser to use cookie-based auth, or may be replaced with rpcauth. Please see share/rpcauth for rpcauth auth generation.
2025-10-31T18:14:46Z Starting HTTP server with 4 worker threads
2025-10-31T18:14:46Z Using wallet directory /home/bitcoin/.bitcoin/regtest/wallets
2025-10-31T18:14:46Z init message: Verifying wallet(s)…
2025-10-31T18:14:46Z Using /16 prefix for IP bucketing
2025-10-31T18:14:46Z init message: Loading P2P addresses…
2025-10-31T18:14:46Z Loaded 0 addresses from peers.dat  0ms
2025-10-31T18:14:46Z init message: Loading banlist…
2025-10-31T18:14:46Z SetNetworkActive: true
2025-10-31T18:14:46Z Script verification uses 7 additional threads
2025-10-31T18:14:46Z Cache configuration:
2025-10-31T18:14:46Z * Using 2.0 MiB for block index database
2025-10-31T18:14:46Z * Using 56.0 MiB for transaction index database
2025-10-31T18:14:46Z * Using 8.0 MiB for chain state database
2025-10-31T18:14:46Z * Using 384.0 MiB for in-memory UTXO set (plus up to 476.8 MiB of unused mempool space)
2025-10-31T18:14:46Z init message: Loading block index…
2025-10-31T18:14:46Z Validating signatures for all blocks.
2025-10-31T18:14:46Z Setting nMinimumChainWork=0000000000000000000000000000000000000000000000000000000000000000
2025-10-31T18:14:46Z Wiping LevelDB in /home/bitcoin/.bitcoin/regtest/blocks/index
2025-10-31T18:14:46Z Opening LevelDB in /home/bitcoin/.bitcoin/regtest/blocks/index
2025-10-31T18:14:46Z Opened LevelDB successfully
2025-10-31T18:14:46Z Using obfuscation key for /home/bitcoin/.bitcoin/regtest/blocks/index: 0000000000000000
2025-10-31T18:14:46Z Initializing databases...
2025-10-31T18:14:46Z Initializing chainstate Chainstate [ibd] @ height -1 (null)
2025-10-31T18:14:46Z Wiping LevelDB in /home/bitcoin/.bitcoin/regtest/chainstate
2025-10-31T18:14:46Z Opening LevelDB in /home/bitcoin/.bitcoin/regtest/chainstate
2025-10-31T18:14:46Z Opened LevelDB successfully
2025-10-31T18:14:46Z Wrote new obfuscate key for /home/bitcoin/.bitcoin/regtest/chainstate: b6a17a29fa4fef59
2025-10-31T18:14:46Z Using obfuscation key for /home/bitcoin/.bitcoin/regtest/chainstate: b6a17a29fa4fef59
2025-10-31T18:14:46Z Opening LevelDB in /home/bitcoin/.bitcoin/regtest/chainstate
2025-10-31T18:14:46Z Opened LevelDB successfully
2025-10-31T18:14:46Z Using obfuscation key for /home/bitcoin/.bitcoin/regtest/chainstate: b6a17a29fa4fef59
2025-10-31T18:14:46Z [Chainstate [ibd] @ height -1 (null)] resized coinsdb cache to 8.0 MiB
2025-10-31T18:14:46Z [Chainstate [ibd] @ height -1 (null)] resized coinstip cache to 384.0 MiB
2025-10-31T18:14:46Z init message: Verifying blocks…
2025-10-31T18:14:46Z  block index              18ms
2025-10-31T18:14:46Z Wiping LevelDB in /home/bitcoin/.bitcoin/regtest/indexes/txindex
2025-10-31T18:14:46Z Opening LevelDB in /home/bitcoin/.bitcoin/regtest/indexes/txindex
2025-10-31T18:14:46Z Opened LevelDB successfully
2025-10-31T18:14:46Z Using obfuscation key for /home/bitcoin/.bitcoin/regtest/indexes/txindex: 0000000000000000
2025-10-31T18:14:46Z Setting NODE_NETWORK on non-prune mode
2025-10-31T18:14:46Z initload thread start
2025-10-31T18:14:46Z Reindexing block file blk00000.dat...
2025-10-31T18:14:46Z UpdateTip: new best=0f9188f13cb7b2c71f2a335e3a4fc328bf5beb436012afca590b1a11466e2206 height=0 version=0x00000001 log2_work=1.000000 tx=1 date='2011-02-02T23:16:42Z' progress=1.000000 cache=0.3MiB(0txo)
2025-10-31T18:14:46Z block tree size = 108
2025-10-31T18:14:46Z nBestHeight = 0
2025-10-31T18:14:46Z Bound to 127.0.0.1:18445
2025-10-31T18:14:46Z Bound to [::]:18444
2025-10-31T18:14:46Z Bound to 0.0.0.0:18444
2025-10-31T18:14:46Z init message: Starting network threads…
2025-10-31T18:14:46Z torcontrol thread start
2025-10-31T18:14:46Z net thread start
2025-10-31T18:14:46Z DNS seeding disabled
2025-10-31T18:14:46Z addcon thread start
2025-10-31T18:14:46Z opencon thread start
2025-10-31T18:14:46Z msghand thread start
2025-10-31T18:14:46Z init message: Done loading
2025-10-31T18:14:46Z Loaded 217 blocks from external file in 41ms
2025-10-31T18:14:46Z Reindexing finished
2025-10-31T18:14:46Z UpdateTip: new best=53dc7f602782462d34cd5a0df3eb29496e550f8d20ae3c640d74c7b3b83a3bea height=1 version=0x20000000 log2_work=2.000000 tx=2 date='2025-10-31T18:09:35Z' progress=1.000000 cache=0.3MiB(1txo)
2025-10-31T18:14:46Z UpdateTip: new best=3aebd6ace8fcc6fd5d9cc1b4ebafcc5651a519bb0ab759274e561abecf758d81 height=2 version=0x20000000 log2_work=2.584963 tx=3 date='2025-10-31T18:09:36Z' progress=1.000000 cache=0.3MiB(2txo)
2025-10-31T18:14:46Z UpdateTip: new best=207bb2598abc92358acc0321f0d84844cf2d2ad9a7ab15278cabdfe61ac423ac height=3 version=0x20000000 log2_work=3.000000 tx=4 date='2025-10-31T18:09:36Z' progress=1.000000 cache=0.3MiB(3txo)
2025-10-31T18:14:46Z UpdateTip: new best=2baa7cb65892efec1775305e8875fdcd432399686c46665607f2232dd47c597e height=4 version=0x20000000 log2_work=3.321928 tx=5 date='2025-10-31T18:09:37Z' progress=1.000000 cache=0.3MiB(4txo)
2025-10-31T18:14:46Z UpdateTip: new best=2dbab3d474afbf12ea3a3cc74c65e9590988d76b4b823120cfe75f32abbb7c4a height=5 version=0x20000000 log2_work=3.584963 tx=6 date='2025-10-31T18:09:37Z' progress=1.000000 cache=0.3MiB(5txo)
2025-10-31T18:14:46Z UpdateTip: new best=0ee9278c3c8c48577cc39a7a14d4b7d95f332e19c165e343c4419a7ec96ec873 height=6 version=0x20000000 log2_work=3.807355 tx=7 date='2025-10-31T18:09:37Z' progress=1.000000 cache=0.3MiB(6txo)
2025-10-31T18:14:46Z UpdateTip: new best=28eb8a32219a3712de4bda3c787987e7a1148520aad572f42bd1989fda972039 height=7 version=0x20000000 log2_work=4.000000 tx=8 date='2025-10-31T18:09:37Z' progress=1.000000 cache=0.3MiB(7txo)
2025-10-31T18:14:46Z UpdateTip: new best=4ecfea3823814b8066875736804fd0c53dd4a524a4603a2d0b2b86c58dafb607 height=8 version=0x20000000 log2_work=4.169925 tx=9 date='2025-10-31T18:09:38Z' progress=1.000000 cache=0.3MiB(8txo)
2025-10-31T18:14:46Z UpdateTip: new best=14de91c21b38a11681c3c05dc964d0c9abd550fb8023b86cbc2fce4edb06721e height=9 version=0x20000000 log2_work=4.321928 tx=10 date='2025-10-31T18:09:38Z' progress=1.000000 cache=0.3MiB(9txo)
2025-10-31T18:14:46Z UpdateTip: new best=23b83f9dbb11f5d6bde4b73f9397fc9e3364f1739641d6bb28e1ba8ea27c8dfd height=10 version=0x20000000 log2_work=4.459432 tx=11 date='2025-10-31T18:09:38Z' progress=1.000000 cache=0.3MiB(10txo)
2025-10-31T18:14:46Z UpdateTip: new best=1421cb38880134c0808eefc8903d0a1be105ee176e021d207e0a57fa584f7c22 height=11 version=0x20000000 log2_work=4.584963 tx=12 date='2025-10-31T18:09:38Z' progress=1.000000 cache=0.3MiB(11txo)
2025-10-31T18:14:46Z UpdateTip: new best=1322bacbafaac5f202e4691ec02779799f22c8843e0b30b9a45f29f48a2140dd height=12 version=0x20000000 log2_work=4.700440 tx=13 date='2025-10-31T18:09:38Z' progress=1.000000 cache=0.3MiB(12txo)
2025-10-31T18:14:46Z UpdateTip: new best=1d13ae3f8dd183961a85fc6743a09c9bafe395f5ca81b2992503306f82bef077 height=13 version=0x20000000 log2_work=4.807355 tx=14 date='2025-10-31T18:09:38Z' progress=1.000000 cache=0.3MiB(13txo)
2025-10-31T18:14:46Z UpdateTip: new best=3ba4cce1ed0c36381cf762a708df3d9a5c22d85a78ead9eacbcc295cc316f2a9 height=14 version=0x20000000 log2_work=4.906891 tx=15 date='2025-10-31T18:09:39Z' progress=1.000000 cache=0.3MiB(14txo)
2025-10-31T18:14:46Z UpdateTip: new best=1ada794f1fc46332ed76b8c80ed0e6bb96422f45b1d09d3d484463d7fcb4d40a height=15 version=0x20000000 log2_work=5.000000 tx=16 date='2025-10-31T18:09:39Z' progress=1.000000 cache=0.3MiB(15txo)
2025-10-31T18:14:46Z UpdateTip: new best=729caf7f00a197fe0998123e456a2a498d2ed9c72b2fe1ce07b44e4ddf3615b5 height=16 version=0x20000000 log2_work=5.087463 tx=17 date='2025-10-31T18:09:39Z' progress=1.000000 cache=0.3MiB(16txo)
2025-10-31T18:14:46Z UpdateTip: new best=7a4d4ed6586fe737a6c41b8934f678f295e7017bb33fd5a5771f2807d5286819 height=17 version=0x20000000 log2_work=5.169925 tx=18 date='2025-10-31T18:09:39Z' progress=1.000000 cache=0.3MiB(17txo)
2025-10-31T18:14:46Z UpdateTip: new best=500a5b91962304f582b1bb83ae8999321aad5c4303a7d4aad309cc581d794ff0 height=18 version=0x20000000 log2_work=5.247928 tx=19 date='2025-10-31T18:09:39Z' progress=1.000000 cache=0.3MiB(18txo)
2025-10-31T18:14:46Z UpdateTip: new best=05e0edf5a2e20fa25e548e60a8a33df2d42839e74910983c508fb9726748c581 height=19 version=0x20000000 log2_work=5.321928 tx=20 date='2025-10-31T18:09:39Z' progress=1.000000 cache=0.3MiB(19txo)
2025-10-31T18:14:46Z UpdateTip: new best=238c0e0502a8d17f4d896ed72ff948fe44a42abd64c00909b49016fad17cb467 height=20 version=0x20000000 log2_work=5.392317 tx=21 date='2025-10-31T18:09:40Z' progress=1.000000 cache=0.3MiB(20txo)
2025-10-31T18:14:46Z UpdateTip: new best=70559e7689bfd0939dbb97b00569ac300b75f73ab69fb814b7a89ebee6dbf4be height=21 version=0x20000000 log2_work=5.459432 tx=22 date='2025-10-31T18:09:40Z' progress=1.000000 cache=0.3MiB(21txo)
2025-10-31T18:14:46Z UpdateTip: new best=740025eacf46e239716958e8088de6b4c997528263bd41ba94fa770705381d32 height=22 version=0x20000000 log2_work=5.523562 tx=23 date='2025-10-31T18:09:40Z' progress=1.000000 cache=0.3MiB(22txo)
2025-10-31T18:14:46Z UpdateTip: new best=012fd8222d0326df1a8e860f18f589806117d290efc5367afebac61cdffa2d3d height=23 version=0x20000000 log2_work=5.584963 tx=24 date='2025-10-31T18:09:40Z' progress=1.000000 cache=0.3MiB(23txo)
2025-10-31T18:14:46Z UpdateTip: new best=5c056d6dbb9840a0bf83ebaf96024ea13384b6ad94e94e2994d04d1276cfd04e height=24 version=0x20000000 log2_work=5.643856 tx=25 date='2025-10-31T18:09:40Z' progress=1.000000 cache=0.3MiB(24txo)
2025-10-31T18:14:46Z UpdateTip: new best=1ab60cf8b39043877954b802f99e9e9bab86807292fc2cd40166d92cc8691698 height=25 version=0x20000000 log2_work=5.700440 tx=26 date='2025-10-31T18:09:40Z' progress=1.000000 cache=0.3MiB(25txo)
2025-10-31T18:14:46Z UpdateTip: new best=4a869d22b3ced12ce8f70e1a683e643e0db164ba98c39aac6eee70c5cb1c83dd height=26 version=0x20000000 log2_work=5.754888 tx=27 date='2025-10-31T18:09:41Z' progress=1.000000 cache=0.3MiB(26txo)
2025-10-31T18:14:46Z UpdateTip: new best=13a096c77e1f799ce11b2dfab2550dd5819f76287f8c295d8f908b3c158a91b5 height=27 version=0x20000000 log2_work=5.807355 tx=28 date='2025-10-31T18:09:41Z' progress=1.000000 cache=0.3MiB(27txo)
2025-10-31T18:14:46Z UpdateTip: new best=02a2c316c9b24f31d0335abea3cd3e2505af3c6393e8da752cc389f424415af8 height=28 version=0x20000000 log2_work=5.857981 tx=29 date='2025-10-31T18:09:41Z' progress=1.000000 cache=0.3MiB(28txo)
2025-10-31T18:14:46Z UpdateTip: new best=2a2c3cbf8e30a22bed6a1ca61d90c29f32cdb4772fa412be6de8d3a32fee1a8e height=29 version=0x20000000 log2_work=5.906891 tx=30 date='2025-10-31T18:09:41Z' progress=1.000000 cache=0.3MiB(29txo)
2025-10-31T18:14:46Z UpdateTip: new best=7bad3ab410c09638eb0a58d26c3013e043d1e996ccf877c1c22169b0e4b38134 height=30 version=0x20000000 log2_work=5.954196 tx=31 date='2025-10-31T18:09:41Z' progress=1.000000 cache=0.3MiB(30txo)
2025-10-31T18:14:46Z UpdateTip: new best=49e32db676784a09e6c48e74058d06304cbf441c8a1816de4be6de29ba375e2f height=31 version=0x20000000 log2_work=6.000000 tx=32 date='2025-10-31T18:09:41Z' progress=1.000000 cache=0.3MiB(31txo)
2025-10-31T18:14:46Z UpdateTip: new best=264e5a411bef6fb7ee4d19f868ed8124d88e81b57d9d1a551ba9f6642504bd18 height=32 version=0x20000000 log2_work=6.044394 tx=33 date='2025-10-31T18:09:42Z' progress=1.000000 cache=0.3MiB(32txo)
2025-10-31T18:14:46Z UpdateTip: new best=2f3841efa211ef5bd9693a1f077034dd89bc428478634cde05485f1c14b8cfe2 height=33 version=0x20000000 log2_work=6.087463 tx=34 date='2025-10-31T18:09:42Z' progress=1.000000 cache=0.3MiB(33txo)
2025-10-31T18:14:46Z UpdateTip: new best=0ad98fb25ace1bbeb14904fa0af6983e3c3860cc0a3cab2f6aea223d036aea40 height=34 version=0x20000000 log2_work=6.129283 tx=35 date='2025-10-31T18:09:42Z' progress=1.000000 cache=0.3MiB(34txo)
2025-10-31T18:14:46Z UpdateTip: new best=1e9776bd76b2b915b060c0e2ea4ddb3c5b2146f174e6dc8b6b49221d7e5e9d1b height=35 version=0x20000000 log2_work=6.169925 tx=36 date='2025-10-31T18:09:42Z' progress=1.000000 cache=0.3MiB(35txo)
2025-10-31T18:14:46Z UpdateTip: new best=752d40628ade0f4ec87432b37fe3a33ef773c92687c7bc81b267288366881a1a height=36 version=0x20000000 log2_work=6.209453 tx=37 date='2025-10-31T18:09:42Z' progress=1.000000 cache=0.3MiB(36txo)
2025-10-31T18:14:46Z UpdateTip: new best=4d313131ca678bf7a3158fa27b7c6d99381f379bc2927c198c2bdfb036ec1772 height=37 version=0x20000000 log2_work=6.247928 tx=38 date='2025-10-31T18:09:42Z' progress=1.000000 cache=0.3MiB(37txo)
2025-10-31T18:14:46Z UpdateTip: new best=25c002bd5d59c35e5cefe1c3fb4377792d28827e807e34ad570793ff6f69df0f height=38 version=0x20000000 log2_work=6.285402 tx=39 date='2025-10-31T18:09:43Z' progress=1.000000 cache=0.3MiB(38txo)
2025-10-31T18:14:46Z UpdateTip: new best=59d2531f9c2e9a98c1c10b30c01d874c44a50b7ea79a63347342ac0b630c7c62 height=39 version=0x20000000 log2_work=6.321928 tx=40 date='2025-10-31T18:09:43Z' progress=1.000000 cache=0.3MiB(39txo)
2025-10-31T18:14:46Z UpdateTip: new best=35ecac4d7538912a7b7c1cc9c09f0bbb1f728f9373f1a14e397de5f1ac4c44dd height=40 version=0x20000000 log2_work=6.357552 tx=41 date='2025-10-31T18:09:43Z' progress=1.000000 cache=0.3MiB(40txo)
2025-10-31T18:14:46Z UpdateTip: new best=18c15f2343c86f6bafee68ea72233785957c67801b6b018ce9344a24d6123e38 height=41 version=0x20000000 log2_work=6.392317 tx=42 date='2025-10-31T18:09:43Z' progress=1.000000 cache=0.3MiB(41txo)
2025-10-31T18:14:46Z UpdateTip: new best=73c5b7e0c125823c9930cc839233076b8f67153a6f099da55ce08758781f6447 height=42 version=0x20000000 log2_work=6.426265 tx=43 date='2025-10-31T18:09:43Z' progress=1.000000 cache=0.3MiB(42txo)
2025-10-31T18:14:46Z UpdateTip: new best=17a99fea9bd0819dc3898dfe9b61c39f1518f21585aa81d611c420c4bcddfe95 height=43 version=0x20000000 log2_work=6.459432 tx=44 date='2025-10-31T18:09:43Z' progress=1.000000 cache=0.3MiB(43txo)
2025-10-31T18:14:46Z UpdateTip: new best=7b644b55a45140c73a21d5c70d4dc10fb130b17251541f1f1423b22c4495252d height=44 version=0x20000000 log2_work=6.491853 tx=45 date='2025-10-31T18:09:44Z' progress=1.000000 cache=0.3MiB(44txo)
2025-10-31T18:14:46Z UpdateTip: new best=0e842defae2cca7e8c189f7d68d31039a5a9163d4aa9cff8d557bc4f87b55a8d height=45 version=0x20000000 log2_work=6.523562 tx=46 date='2025-10-31T18:09:44Z' progress=1.000000 cache=0.3MiB(45txo)
2025-10-31T18:14:46Z UpdateTip: new best=1284e3d855023b9a1a41ad7699584b2d0bf1c376b3527228f1751521bad5f8bc height=46 version=0x20000000 log2_work=6.554589 tx=47 date='2025-10-31T18:09:44Z' progress=1.000000 cache=0.3MiB(46txo)
2025-10-31T18:14:46Z UpdateTip: new best=4983e4c87baa15bd10ded47f8e0213702de8816faa36f75f247af1de68fae522 height=47 version=0x20000000 log2_work=6.584963 tx=48 date='2025-10-31T18:09:44Z' progress=1.000000 cache=0.3MiB(47txo)
2025-10-31T18:14:46Z UpdateTip: new best=546ebd5e8e7abf23b76b168a2ad5ca0f2ed91db8ad6e8ea026d07dc16823dfc5 height=48 version=0x20000000 log2_work=6.614710 tx=49 date='2025-10-31T18:09:44Z' progress=1.000000 cache=0.3MiB(48txo)
2025-10-31T18:14:46Z UpdateTip: new best=399106a9a2e05b42cf98af9b5c19af26c8d790e9f51c302901bcca9cdfe0f554 height=49 version=0x20000000 log2_work=6.643856 tx=50 date='2025-10-31T18:09:44Z' progress=1.000000 cache=0.3MiB(49txo)
2025-10-31T18:14:46Z UpdateTip: new best=2cfe63df3196d0a2347d64586d216503546d4697f916bf9aa9b1e516657cc294 height=50 version=0x20000000 log2_work=6.672425 tx=51 date='2025-10-31T18:09:45Z' progress=1.000000 cache=0.3MiB(50txo)
2025-10-31T18:14:46Z UpdateTip: new best=75368d690bbcfb5287d7ac5be5198c56ed119eac2059ba9fee56b9ebd696ea90 height=51 version=0x20000000 log2_work=6.700440 tx=52 date='2025-10-31T18:09:45Z' progress=1.000000 cache=0.3MiB(51txo)
2025-10-31T18:14:46Z UpdateTip: new best=018551134cc29ae4b72d88a7cdc2591e2699bbad217005770b3881ca1ff71354 height=52 version=0x20000000 log2_work=6.727920 tx=53 date='2025-10-31T18:09:45Z' progress=1.000000 cache=0.3MiB(52txo)
2025-10-31T18:14:46Z UpdateTip: new best=3eb4d061005c9fcf7127d3cc33a0a6565fdcb749598f15ed46b5f899eba70ac0 height=53 version=0x20000000 log2_work=6.754888 tx=54 date='2025-10-31T18:09:45Z' progress=1.000000 cache=0.3MiB(53txo)
2025-10-31T18:14:46Z UpdateTip: new best=1e56cb983a1403661945ea9219641755ae1538fa7e90de0206cf6f0946eac205 height=54 version=0x20000000 log2_work=6.781360 tx=55 date='2025-10-31T18:09:45Z' progress=1.000000 cache=0.3MiB(54txo)
2025-10-31T18:14:46Z UpdateTip: new best=1de4220a58dd8a8317a61674b270b73d1204f9c88743f6f8009730d7b1a4bd97 height=55 version=0x20000000 log2_work=6.807355 tx=56 date='2025-10-31T18:09:45Z' progress=1.000000 cache=0.3MiB(55txo)
2025-10-31T18:14:46Z UpdateTip: new best=729dd90f533a13a697cc49c1f3c68d2a7a1e1cf4b8bbcc6704ecce2c8abf541c height=56 version=0x20000000 log2_work=6.832890 tx=57 date='2025-10-31T18:09:46Z' progress=1.000000 cache=0.3MiB(56txo)
2025-10-31T18:14:46Z UpdateTip: new best=7bb73018e6eb3846d1ec8eb3b049d9b2c6548107e5251757987ecbab16afe395 height=57 version=0x20000000 log2_work=6.857981 tx=58 date='2025-10-31T18:09:46Z' progress=1.000000 cache=0.3MiB(57txo)
2025-10-31T18:14:46Z UpdateTip: new best=574b8caec4d82d3ff9b7d73dbfcdbada11f388bc7038d3e1284d08d8ebdf4f3d height=58 version=0x20000000 log2_work=6.882643 tx=59 date='2025-10-31T18:09:46Z' progress=1.000000 cache=0.3MiB(58txo)
2025-10-31T18:14:46Z UpdateTip: new best=1f3c4d335d4dc1b6f2547b1a931ce8dab88e128f6b2bec79f1f407d6782571a8 height=59 version=0x20000000 log2_work=6.906891 tx=60 date='2025-10-31T18:09:46Z' progress=1.000000 cache=0.3MiB(59txo)
2025-10-31T18:14:46Z UpdateTip: new best=52f50bccb31edcaf879d8f1378abd13c99f6a87423c972d745533f787db56804 height=60 version=0x20000000 log2_work=6.930737 tx=61 date='2025-10-31T18:09:46Z' progress=1.000000 cache=0.3MiB(60txo)
2025-10-31T18:14:46Z UpdateTip: new best=25b11acd1ab19cc00bd8d429d1a17cdf9b0c41f0540e4995cb915f1ac763e5db height=61 version=0x20000000 log2_work=6.954196 tx=62 date='2025-10-31T18:09:46Z' progress=1.000000 cache=0.3MiB(61txo)
2025-10-31T18:14:46Z UpdateTip: new best=4cd29c89bcb824563be501247ff08683aadcb2d144ae5a3a3db15b2d12443f5e height=62 version=0x20000000 log2_work=6.977280 tx=63 date='2025-10-31T18:09:47Z' progress=1.000000 cache=0.3MiB(62txo)
2025-10-31T18:14:46Z UpdateTip: new best=3032aafea861d9f96a5a5f6a108bbf773bcc3d5ddbb5bb3f5eddc4a08c85581a height=63 version=0x20000000 log2_work=7.000000 tx=64 date='2025-10-31T18:09:47Z' progress=1.000000 cache=0.3MiB(63txo)
2025-10-31T18:14:46Z UpdateTip: new best=7b19ca4ef49041fb3a5ad391c5c3223f0b1dc76e60d9102c28b6c3c6740e91fd height=64 version=0x20000000 log2_work=7.022368 tx=65 date='2025-10-31T18:09:47Z' progress=1.000000 cache=0.3MiB(64txo)
2025-10-31T18:14:46Z UpdateTip: new best=3aeb56617101370aff1876952c669b6f2d258881cdb07210d26cbe767cb3a654 height=65 version=0x20000000 log2_work=7.044394 tx=66 date='2025-10-31T18:09:47Z' progress=1.000000 cache=0.3MiB(65txo)
2025-10-31T18:14:46Z UpdateTip: new best=3963030c7e69dc76ec7fed0e894cfb87be7ca4752549267b1247bb421a3b1a7c height=66 version=0x20000000 log2_work=7.066089 tx=67 date='2025-10-31T18:09:47Z' progress=1.000000 cache=0.3MiB(66txo)
2025-10-31T18:14:46Z UpdateTip: new best=379ffda16319a18b11a9cb063863e0a5ef378f1f02be9eb4bd21b78387f00b2f height=67 version=0x20000000 log2_work=7.087463 tx=68 date='2025-10-31T18:09:47Z' progress=1.000000 cache=0.3MiB(67txo)
2025-10-31T18:14:46Z UpdateTip: new best=344d79bc94dfc0b0a66ce05dc65b4f7f5aa0e2807dac22b745f4ee431fc72c86 height=68 version=0x20000000 log2_work=7.108524 tx=69 date='2025-10-31T18:09:48Z' progress=1.000000 cache=0.3MiB(68txo)
2025-10-31T18:14:46Z UpdateTip: new best=6559e57074f2117d87a9188f92fe7cd8e178450139415f57b183fc656db22735 height=69 version=0x20000000 log2_work=7.129283 tx=70 date='2025-10-31T18:09:48Z' progress=1.000000 cache=0.3MiB(69txo)
2025-10-31T18:14:46Z UpdateTip: new best=33624298ea4ea5dd5eec9cb09513b5b6cfaa35baef22d33d3212effe6fc7d740 height=70 version=0x20000000 log2_work=7.149747 tx=71 date='2025-10-31T18:09:48Z' progress=1.000000 cache=0.3MiB(70txo)
2025-10-31T18:14:46Z UpdateTip: new best=2851e07c4eb93ef7464281c9937e282c2ede4a096d0df6b10ab93fadcd459564 height=71 version=0x20000000 log2_work=7.169925 tx=72 date='2025-10-31T18:09:48Z' progress=1.000000 cache=0.3MiB(71txo)
2025-10-31T18:14:46Z UpdateTip: new best=3f3938468b80b4c25fe599ba6f0c755af9fa8a840c2d0331790dd7cba02c7e12 height=72 version=0x20000000 log2_work=7.189825 tx=73 date='2025-10-31T18:09:48Z' progress=1.000000 cache=0.3MiB(72txo)
2025-10-31T18:14:46Z UpdateTip: new best=70dbd7248aa8b4ccb939e15e87fb14df8887a5e921a060418522a1eb859a8e36 height=73 version=0x20000000 log2_work=7.209453 tx=74 date='2025-10-31T18:09:48Z' progress=1.000000 cache=0.3MiB(73txo)
2025-10-31T18:14:46Z UpdateTip: new best=13e79690e084bb73dfcce3565047c764469dba7e5b31b014a993e7ec0b887a27 height=74 version=0x20000000 log2_work=7.228819 tx=75 date='2025-10-31T18:09:49Z' progress=1.000000 cache=0.3MiB(74txo)
2025-10-31T18:14:46Z UpdateTip: new best=0e67c388e1c593bbd843edb890da0d94d66ef7b13f1b5835da84771222dc6e11 height=75 version=0x20000000 log2_work=7.247928 tx=76 date='2025-10-31T18:09:49Z' progress=1.000000 cache=0.3MiB(75txo)
2025-10-31T18:14:46Z UpdateTip: new best=6cc999e92b148788ce41f2fda7e58c18d6678a59f111fe5e6f1da0b1c7380ed3 height=76 version=0x20000000 log2_work=7.266787 tx=77 date='2025-10-31T18:09:49Z' progress=1.000000 cache=0.3MiB(76txo)
2025-10-31T18:14:46Z UpdateTip: new best=6058d46a919f1d66ac75ee16120f98fad1a6d6a92ffcd00e7f2846e008ca709a height=77 version=0x20000000 log2_work=7.285402 tx=78 date='2025-10-31T18:09:49Z' progress=1.000000 cache=0.3MiB(77txo)
2025-10-31T18:14:46Z UpdateTip: new best=0f35912f469c6e640e22598ed34b7d2f7ceee9b0df812c5b64238386033066ec height=78 version=0x20000000 log2_work=7.303781 tx=79 date='2025-10-31T18:09:49Z' progress=1.000000 cache=0.3MiB(78txo)
2025-10-31T18:14:46Z UpdateTip: new best=213eb6c7010f740af55fdaa6f9a532bb39de5318c9c26d6d115f9f62e88c37af height=79 version=0x20000000 log2_work=7.321928 tx=80 date='2025-10-31T18:09:49Z' progress=1.000000 cache=0.3MiB(79txo)
2025-10-31T18:14:46Z New manual v2 peer connected: version: 70016, blocks=216, peer=0
2025-10-31T18:14:46Z UpdateTip: new best=767befb573d5c7d07b3e1db5f109fc79d63f0df031ac2d2b5e1e158f9f0a6fe6 height=80 version=0x20000000 log2_work=7.339850 tx=81 date='2025-10-31T18:09:50Z' progress=1.000000 cache=0.3MiB(80txo)
2025-10-31T18:14:46Z UpdateTip: new best=46d2b5cc08a38352fd4fe53ba4d56b343191cee2dbbe2c63df4947e628f8233a height=81 version=0x20000000 log2_work=7.357552 tx=82 date='2025-10-31T18:09:50Z' progress=1.000000 cache=0.3MiB(81txo)
2025-10-31T18:14:46Z UpdateTip: new best=4c95cb36d0e3edfc3aa0a2775eebfd3122486100a7e120c43dcbcfd3412d2ce2 height=82 version=0x20000000 log2_work=7.375039 tx=83 date='2025-10-31T18:09:50Z' progress=1.000000 cache=0.3MiB(82txo)
2025-10-31T18:14:46Z UpdateTip: new best=3207abbf1a626919a352d4bac967301d1df9f5b5a419e6a9703c6718d0f06f4f height=83 version=0x20000000 log2_work=7.392317 tx=84 date='2025-10-31T18:09:50Z' progress=1.000000 cache=0.3MiB(83txo)
2025-10-31T18:14:46Z UpdateTip: new best=1b7c8b86dca75df7e1d41a0fa06100287af065e9488924b52892c92247bb576d height=84 version=0x20000000 log2_work=7.409391 tx=85 date='2025-10-31T18:09:50Z' progress=1.000000 cache=0.3MiB(84txo)
2025-10-31T18:14:46Z UpdateTip: new best=0f7aceeca94e9fdf1434f53c6d8f1cadd6e2133fc1cf4811598923e31368082a height=85 version=0x20000000 log2_work=7.426265 tx=86 date='2025-10-31T18:09:50Z' progress=1.000000 cache=0.3MiB(85txo)
2025-10-31T18:14:46Z UpdateTip: new best=1bcd9fcf9af00f418a9bd204a901cf31f5aafe3af63a84914a474ccd3f389b63 height=86 version=0x20000000 log2_work=7.442943 tx=87 date='2025-10-31T18:09:51Z' progress=1.000000 cache=0.3MiB(86txo)
2025-10-31T18:14:46Z UpdateTip: new best=7858f8fd8e5b007ce28cfdf87e8a0160f0b7e7c39638d7fd2fa0a541333d6958 height=87 version=0x20000000 log2_work=7.459432 tx=88 date='2025-10-31T18:09:51Z' progress=1.000000 cache=0.3MiB(87txo)
2025-10-31T18:14:46Z UpdateTip: new best=5e311df9a1417c1b2d5b9657dad0beba35f3e6167f6f88a30da92ce2f15930c0 height=88 version=0x20000000 log2_work=7.475733 tx=89 date='2025-10-31T18:09:51Z' progress=1.000000 cache=0.3MiB(88txo)
2025-10-31T18:14:46Z UpdateTip: new best=4c3da670514af16aef868ba68cb1dd50a302a9056a1b88249eb74429958681bb height=89 version=0x20000000 log2_work=7.491853 tx=90 date='2025-10-31T18:09:51Z' progress=1.000000 cache=0.3MiB(89txo)
2025-10-31T18:14:46Z UpdateTip: new best=0a2153dfa9db66cb2a2a703ebbace9a95b4e08a7fd3106e81a8aa7228555da90 height=90 version=0x20000000 log2_work=7.507795 tx=91 date='2025-10-31T18:09:51Z' progress=1.000000 cache=0.3MiB(90txo)
2025-10-31T18:14:46Z UpdateTip: new best=1a26846caefd62d36f2a5b1c594bb9b2b4a7438fde1c6826d8f58e084b974458 height=91 version=0x20000000 log2_work=7.523562 tx=92 date='2025-10-31T18:09:51Z' progress=1.000000 cache=0.3MiB(91txo)
2025-10-31T18:14:46Z UpdateTip: new best=2191d354eced40bd721b88cc05ed9c1d06e12c1bc0bb0bd6b586bda348e8d75e height=92 version=0x20000000 log2_work=7.539159 tx=93 date='2025-10-31T18:09:52Z' progress=1.000000 cache=0.3MiB(92txo)
2025-10-31T18:14:46Z UpdateTip: new best=6154faca74f0031a3147dbac20359b5b134612f884ab9e94f2ef45648cc7e920 height=93 version=0x20000000 log2_work=7.554589 tx=94 date='2025-10-31T18:09:52Z' progress=1.000000 cache=0.3MiB(93txo)
2025-10-31T18:14:46Z UpdateTip: new best=2e7ffafbe5f78e9baddff315070772efd831270051768a9e140c95f05aaf2f6a height=94 version=0x20000000 log2_work=7.569856 tx=95 date='2025-10-31T18:09:52Z' progress=1.000000 cache=0.3MiB(94txo)
2025-10-31T18:14:46Z UpdateTip: new best=61d50086e73568fbb4794f9fd55301769ae000f0bda9fdde2e2e3f83f2362afb height=95 version=0x20000000 log2_work=7.584963 tx=96 date='2025-10-31T18:09:52Z' progress=1.000000 cache=0.3MiB(95txo)
2025-10-31T18:14:46Z UpdateTip: new best=3950c04f2d00a17230093e8b81c94e820b7e492478652a327b6deb69eefef52f height=96 version=0x20000000 log2_work=7.599913 tx=97 date='2025-10-31T18:09:52Z' progress=1.000000 cache=0.3MiB(96txo)
2025-10-31T18:14:46Z UpdateTip: new best=0b4aff0421d3bc67af020d3919bf171f6b97b8c8b67ff9b4b58ed4707dc0fc50 height=97 version=0x20000000 log2_work=7.614710 tx=98 date='2025-10-31T18:09:52Z' progress=1.000000 cache=0.3MiB(97txo)
2025-10-31T18:14:46Z UpdateTip: new best=2b2c27d993d3cb02284c2d8df27eb981f3b91cea9269d53d3e3ca47da12adbc5 height=98 version=0x20000000 log2_work=7.629357 tx=99 date='2025-10-31T18:09:53Z' progress=1.000000 cache=0.3MiB(98txo)
2025-10-31T18:14:46Z UpdateTip: new best=7d9d7ab88ab62bd34423284e3129b6c09dbe8762e0471fd2ae01e231f4aa654c height=99 version=0x20000000 log2_work=7.643856 tx=100 date='2025-10-31T18:09:53Z' progress=1.000000 cache=0.3MiB(99txo)
2025-10-31T18:14:46Z UpdateTip: new best=1a47715b41a57cee837023c0e327b9edaa2784aee1afa1930bda563c1950872e height=100 version=0x20000000 log2_work=7.658211 tx=101 date='2025-10-31T18:09:53Z' progress=1.000000 cache=0.3MiB(100txo)
2025-10-31T18:14:46Z UpdateTip: new best=19e054290940cee40945871f14f3a7a41b5811058924008a98871eaa3fb6550b height=101 version=0x20000000 log2_work=7.672425 tx=102 date='2025-10-31T18:09:53Z' progress=1.000000 cache=0.3MiB(101txo)
2025-10-31T18:14:46Z UpdateTip: new best=164bb0c254b91e12923eef72a185b8878c6df271b3109a61e7dd18015cbbea95 height=102 version=0x20000000 log2_work=7.686501 tx=103 date='2025-10-31T18:09:53Z' progress=1.000000 cache=0.3MiB(102txo)
2025-10-31T18:14:46Z UpdateTip: new best=4536f8376d9eeeef994cfc4a79dfcfed1b47468e9467826610f679b35f39d287 height=103 version=0x20000000 log2_work=7.700440 tx=104 date='2025-10-31T18:09:53Z' progress=1.000000 cache=0.3MiB(103txo)
2025-10-31T18:14:46Z UpdateTip: new best=65b09ac75100f5ac5980e742c5d0fd7ac4233a811f6bffe3a7dc27205a2becd5 height=104 version=0x20000000 log2_work=7.714246 tx=105 date='2025-10-31T18:09:54Z' progress=1.000000 cache=0.3MiB(104txo)
2025-10-31T18:14:46Z UpdateTip: new best=75a38fe1df0ef1910eac3769abefec288e8b2b9b4593708772a136e35773aa48 height=105 version=0x20000000 log2_work=7.727920 tx=106 date='2025-10-31T18:09:54Z' progress=1.000000 cache=0.3MiB(105txo)
2025-10-31T18:14:46Z UpdateTip: new best=033e89ba5cc3605c1109cc7532834e2718e54ee5422b5e8e441480c91360eb9d height=106 version=0x20000000 log2_work=7.741467 tx=107 date='2025-10-31T18:09:54Z' progress=1.000000 cache=0.3MiB(106txo)
2025-10-31T18:14:46Z UpdateTip: new best=4f7b4bd57f26454e0158f1f395421e685eb30b589b6f26b188934593255f8925 height=107 version=0x20000000 log2_work=7.754888 tx=108 date='2025-10-31T18:09:54Z' progress=1.000000 cache=0.3MiB(107txo)
2025-10-31T18:14:46Z UpdateTip: new best=675bd8e8a0ac8eff59ec08ef0642155016413c76684e9760ccd57851289f10c4 height=108 version=0x20000000 log2_work=7.768184 tx=109 date='2025-10-31T18:09:54Z' progress=1.000000 cache=0.3MiB(108txo)
2025-10-31T18:14:46Z UpdateTip: new best=08b80a28e83b6ebb05d26322cb5beda32ecfe46fb62d4ee4b2b464c61922b6ee height=109 version=0x20000000 log2_work=7.781360 tx=110 date='2025-10-31T18:09:54Z' progress=1.000000 cache=0.3MiB(109txo)
2025-10-31T18:14:47Z UpdateTip: new best=06c103024a510fb1421088f8134059893f98faabdecc0100729146cade10ac24 height=110 version=0x20000000 log2_work=7.794416 tx=111 date='2025-10-31T18:09:55Z' progress=1.000000 cache=0.3MiB(110txo)
2025-10-31T18:14:47Z UpdateTip: new best=7db514c2c7f5ce8a8653287510ac9b6508d471ad305459470424e6ea15c515b2 height=111 version=0x20000000 log2_work=7.807355 tx=112 date='2025-10-31T18:09:55Z' progress=1.000000 cache=0.3MiB(111txo)
2025-10-31T18:14:47Z UpdateTip: new best=741745cac90d59009cb0527c3c1ef4fb5acff0fed0c3fa5713fe386422984023 height=112 version=0x20000000 log2_work=7.820179 tx=113 date='2025-10-31T18:09:55Z' progress=1.000000 cache=0.3MiB(112txo)
2025-10-31T18:14:47Z UpdateTip: new best=0a50cfc466cfcbed2f2cc9db024408387a1cb84141890b9f4ca30b1c06dc909b height=113 version=0x20000000 log2_work=7.832890 tx=114 date='2025-10-31T18:09:55Z' progress=1.000000 cache=0.3MiB(113txo)
2025-10-31T18:14:47Z UpdateTip: new best=1a3471c2b673186b73f5866c5862caff2aaf81f5a6533565ec55f9b6b9db55e5 height=114 version=0x20000000 log2_work=7.845490 tx=115 date='2025-10-31T18:09:55Z' progress=1.000000 cache=0.3MiB(114txo)
2025-10-31T18:14:47Z UpdateTip: new best=2816d5a65296a87c29998081d86598ac1d734a9bf303eb9b79c67e6ae292f4d0 height=115 version=0x20000000 log2_work=7.857981 tx=116 date='2025-10-31T18:09:55Z' progress=1.000000 cache=0.3MiB(115txo)
2025-10-31T18:14:47Z UpdateTip: new best=524166c5c11ea62a9f5e7caaaba4b763c737670879836de64a481e38c158373f height=116 version=0x20000000 log2_work=7.870365 tx=117 date='2025-10-31T18:09:56Z' progress=1.000000 cache=0.3MiB(116txo)
2025-10-31T18:14:47Z UpdateTip: new best=65640c61819de8b596cbacdec9d3614d01b75d6f3c94561abab219f303d72c27 height=117 version=0x20000000 log2_work=7.882643 tx=118 date='2025-10-31T18:09:56Z' progress=1.000000 cache=0.3MiB(117txo)
2025-10-31T18:14:47Z UpdateTip: new best=5da7f7d7261769778bde65c145cc2490c4c9ff880bf9bfaa53ffe0414ed93e88 height=118 version=0x20000000 log2_work=7.894818 tx=119 date='2025-10-31T18:09:56Z' progress=1.000000 cache=0.3MiB(118txo)
2025-10-31T18:14:47Z UpdateTip: new best=51e09026ae0f15c461c3c9aa4c90dffacd8bd59b2e1c2479048e2ede9c32223b height=119 version=0x20000000 log2_work=7.906891 tx=120 date='2025-10-31T18:09:56Z' progress=1.000000 cache=0.3MiB(119txo)
2025-10-31T18:14:47Z UpdateTip: new best=1227a670ed21fef7f9aa8726ff2cb097858c7c4bd5da167a7e2bf9354665c2e5 height=120 version=0x20000000 log2_work=7.918863 tx=121 date='2025-10-31T18:09:56Z' progress=1.000000 cache=0.3MiB(120txo)
2025-10-31T18:14:47Z UpdateTip: new best=7b31975c5a843f4900468f594a79187d1fc6e012588627a772e91125ae0ec9b2 height=121 version=0x20000000 log2_work=7.930737 tx=122 date='2025-10-31T18:09:56Z' progress=1.000000 cache=0.3MiB(121txo)
2025-10-31T18:14:47Z UpdateTip: new best=63efbdd2b8b992949670cce0d83827740ea1f90e56ec86012db7827e6bd92c8b height=122 version=0x20000000 log2_work=7.942515 tx=123 date='2025-10-31T18:09:57Z' progress=1.000000 cache=0.3MiB(122txo)
2025-10-31T18:14:47Z UpdateTip: new best=21855e54c3dd5ea6f48047e08191093802fe9d9475f9119f6832e46bcab3f30e height=123 version=0x20000000 log2_work=7.954196 tx=124 date='2025-10-31T18:09:57Z' progress=1.000000 cache=0.3MiB(123txo)
2025-10-31T18:14:47Z UpdateTip: new best=17a6c816116e670dabda6041cddaf93b8a85a0a8cc4129ab750640fb1c8fc986 height=124 version=0x20000000 log2_work=7.965784 tx=125 date='2025-10-31T18:09:57Z' progress=1.000000 cache=0.3MiB(124txo)
2025-10-31T18:14:47Z UpdateTip: new best=65cdff9e66f3195f1b6e483ef055989a37423b5ea91c38a1d3730060dddbeb62 height=125 version=0x20000000 log2_work=7.977280 tx=126 date='2025-10-31T18:09:57Z' progress=1.000000 cache=0.3MiB(125txo)
2025-10-31T18:14:47Z UpdateTip: new best=1163129a1553ef3b97234638f93875107fc3b664fdcf32c013646ce6ddf03dc2 height=126 version=0x20000000 log2_work=7.988685 tx=127 date='2025-10-31T18:09:57Z' progress=1.000000 cache=0.3MiB(126txo)
2025-10-31T18:14:47Z UpdateTip: new best=4aeb663053201621e823d8a3c732809729610319f3258ca6fef99c35ce9f9528 height=127 version=0x20000000 log2_work=8.000000 tx=128 date='2025-10-31T18:09:57Z' progress=1.000000 cache=0.3MiB(127txo)
2025-10-31T18:14:47Z UpdateTip: new best=21ac35270e447b022d3af8d296e6849b58335d811563bd0f33c7dedfc9812b70 height=128 version=0x20000000 log2_work=8.011227 tx=129 date='2025-10-31T18:09:58Z' progress=1.000000 cache=0.3MiB(128txo)
2025-10-31T18:14:47Z UpdateTip: new best=3467afeca1e317693dafa8a87660e370635c7b2765790169f7d7f7782ebeb20c height=129 version=0x20000000 log2_work=8.022368 tx=130 date='2025-10-31T18:09:58Z' progress=1.000000 cache=0.3MiB(129txo)
2025-10-31T18:14:47Z UpdateTip: new best=43ef07be455f6a1d2184876d0bc52f84d437b2d387e33ee0cccd61a78f130dcf height=130 version=0x20000000 log2_work=8.033423 tx=131 date='2025-10-31T18:09:58Z' progress=1.000000 cache=0.3MiB(130txo)
2025-10-31T18:14:47Z UpdateTip: new best=7a2c1651b4ce78a2c2e7b1bbe9297a52786693a34a8ac6679cf894ca56398e5a height=131 version=0x20000000 log2_work=8.044394 tx=132 date='2025-10-31T18:09:58Z' progress=1.000000 cache=0.3MiB(131txo)
2025-10-31T18:14:47Z UpdateTip: new best=5fe532ea0715c74bbf39fd3c7ab82ee6a6496cb8b28ca2a436449fd3b577166f height=132 version=0x20000000 log2_work=8.055282 tx=133 date='2025-10-31T18:09:58Z' progress=1.000000 cache=0.3MiB(132txo)
2025-10-31T18:14:47Z UpdateTip: new best=1746c91586e8fee72817ab818373b7d1b6ae5eed8292fac49e65cfe5490e23ca height=133 version=0x20000000 log2_work=8.066089 tx=134 date='2025-10-31T18:09:58Z' progress=1.000000 cache=0.3MiB(133txo)
2025-10-31T18:14:47Z UpdateTip: new best=6e3a9e834de11c748d4861c4a2cfd4b37c29c0ec2a9a14cf59d0077e15d0b53d height=134 version=0x20000000 log2_work=8.076816 tx=135 date='2025-10-31T18:09:59Z' progress=1.000000 cache=0.3MiB(134txo)
2025-10-31T18:14:47Z UpdateTip: new best=069fe360f0c5954b7dd28c0038823056be55d9c63694d9b15cfec526f77080b5 height=135 version=0x20000000 log2_work=8.087463 tx=136 date='2025-10-31T18:09:59Z' progress=1.000000 cache=0.3MiB(135txo)
2025-10-31T18:14:47Z UpdateTip: new best=44abc91388163e3be2df9c5f73f8269e3115873692754cd61d6315a5671ae488 height=136 version=0x20000000 log2_work=8.098032 tx=137 date='2025-10-31T18:09:59Z' progress=1.000000 cache=0.3MiB(136txo)
2025-10-31T18:14:47Z UpdateTip: new best=17e09005e3844ff9f4f6e005f43cdb8826128b771739582a6ad2103c230b92e0 height=137 version=0x20000000 log2_work=8.108524 tx=138 date='2025-10-31T18:09:59Z' progress=1.000000 cache=0.3MiB(137txo)
2025-10-31T18:14:47Z UpdateTip: new best=49c35a041ab4cf51e954a513b33aad57cdb8081d5841455b99a4c6b089ab0289 height=138 version=0x20000000 log2_work=8.118941 tx=139 date='2025-10-31T18:09:59Z' progress=1.000000 cache=0.3MiB(138txo)
2025-10-31T18:14:47Z UpdateTip: new best=6377c91b13121592ef96f09edd5b75e3f6fca0714977ca172b6c84058bdf6da7 height=139 version=0x20000000 log2_work=8.129283 tx=140 date='2025-10-31T18:09:59Z' progress=1.000000 cache=0.3MiB(139txo)
2025-10-31T18:14:47Z UpdateTip: new best=68117e15e9f34792930d20731ec90877ac1baac614cfe06d4ba46ea5ad65d220 height=140 version=0x20000000 log2_work=8.139551 tx=141 date='2025-10-31T18:10:00Z' progress=1.000000 cache=0.3MiB(140txo)
2025-10-31T18:14:47Z UpdateTip: new best=32e501eb713bc5d72d05a6f1924d4584da793b3f8aac94d47d99d481a205db6e height=141 version=0x20000000 log2_work=8.149747 tx=142 date='2025-10-31T18:10:00Z' progress=1.000000 cache=0.3MiB(141txo)
2025-10-31T18:14:47Z UpdateTip: new best=02128bf0c8f49ad6bdddd87504f351b01ab5eeeb2857bc42f674a9ec887103a7 height=142 version=0x20000000 log2_work=8.159871 tx=143 date='2025-10-31T18:10:00Z' progress=1.000000 cache=0.3MiB(142txo)
2025-10-31T18:14:47Z UpdateTip: new best=1ca8152150e81089229b0a0f5d993f4acf4f92ca72bb189e5fab3e983cb064fa height=143 version=0x20000000 log2_work=8.169925 tx=144 date='2025-10-31T18:10:00Z' progress=1.000000 cache=0.3MiB(143txo)
2025-10-31T18:14:47Z UpdateTip: new best=0885b7011a144fe827d9b3219728bf35b5383a6ea59547f59a2587fe6489df39 height=144 version=0x30000000 log2_work=8.179909 tx=145 date='2025-10-31T18:10:00Z' progress=1.000000 cache=0.3MiB(144txo)
2025-10-31T18:14:47Z UpdateTip: new best=4e5405b0ce07257921be8180ac87415039c2fad5351aeac08a57e99f4b23c029 height=145 version=0x30000000 log2_work=8.189825 tx=146 date='2025-10-31T18:10:00Z' progress=1.000000 cache=0.3MiB(145txo)
2025-10-31T18:14:47Z UpdateTip: new best=5a2cacf744d825720cfb9dc502c81e60bf6b06dd491468164e8c26538d465f6a height=146 version=0x30000000 log2_work=8.199672 tx=147 date='2025-10-31T18:10:01Z' progress=1.000000 cache=0.3MiB(146txo)
2025-10-31T18:14:47Z UpdateTip: new best=18c84eefbad837a02ac1db006a891bd43a57734500130309b87961bae10d23e7 height=147 version=0x30000000 log2_work=8.209453 tx=148 date='2025-10-31T18:10:01Z' progress=1.000000 cache=0.3MiB(147txo)
2025-10-31T18:14:47Z UpdateTip: new best=520b84e7d852e9dead716eca02bd78e39deb88dc43e3d2850428d8184e936105 height=148 version=0x30000000 log2_work=8.219169 tx=149 date='2025-10-31T18:10:01Z' progress=1.000000 cache=0.3MiB(148txo)
2025-10-31T18:14:47Z UpdateTip: new best=17aa8cd18758fb86dfc32daaf2dcf99303ad37c3c88468fe8ce39d63b1521cb7 height=149 version=0x30000000 log2_work=8.228819 tx=150 date='2025-10-31T18:10:01Z' progress=1.000000 cache=0.3MiB(149txo)
2025-10-31T18:14:47Z UpdateTip: new best=45c0a96c31a75275ee3a86b49b650b16138cff6e15b72f3929ce08f924481888 height=150 version=0x30000000 log2_work=8.238405 tx=151 date='2025-10-31T18:10:01Z' progress=1.000000 cache=0.3MiB(150txo)
2025-10-31T18:14:47Z UpdateTip: new best=673ce4eb781a8ebe291b923fcab3b23a287773eee1e72100daf30cbce87fdc07 height=151 version=0x30000000 log2_work=8.247928 tx=152 date='2025-10-31T18:10:01Z' progress=1.000000 cache=0.3MiB(151txo)
2025-10-31T18:14:47Z UpdateTip: new best=787adee0ab397864bd5ab717a0801a29ce9b5f997b105cfb95d35ffd51b58ebc height=152 version=0x30000000 log2_work=8.257388 tx=153 date='2025-10-31T18:10:02Z' progress=1.000000 cache=0.3MiB(152txo)
2025-10-31T18:14:47Z UpdateTip: new best=4748e79714ea512891a0ca5f3619cce48d3dce0dbb506f81a0ffa39d663c30dd height=153 version=0x30000000 log2_work=8.266787 tx=154 date='2025-10-31T18:10:02Z' progress=1.000000 cache=0.3MiB(153txo)
2025-10-31T18:14:47Z UpdateTip: new best=1aabfbff80eec99534228df78aa0ffa1ace83fcdb6717a833daa939d1c0fb0ba height=154 version=0x30000000 log2_work=8.276124 tx=155 date='2025-10-31T18:10:02Z' progress=1.000000 cache=0.3MiB(154txo)
2025-10-31T18:14:47Z UpdateTip: new best=59bb0887500029cd396e6ecfae520ce2299dad2dcf532826b5471c4668591b9a height=155 version=0x30000000 log2_work=8.285402 tx=156 date='2025-10-31T18:10:02Z' progress=1.000000 cache=0.3MiB(155txo)
2025-10-31T18:14:47Z UpdateTip: new best=3426b88b34bcf57a0a149d3513452ab2674cd0b2b5e12e95f6655c1ff4afd2bc height=156 version=0x30000000 log2_work=8.294621 tx=157 date='2025-10-31T18:10:02Z' progress=1.000000 cache=0.3MiB(156txo)
2025-10-31T18:14:47Z UpdateTip: new best=0294620553bf6afff66a2f8bed0ef3654e0b9663bea85d95682154e5a86c8424 height=157 version=0x30000000 log2_work=8.303781 tx=158 date='2025-10-31T18:10:02Z' progress=1.000000 cache=0.3MiB(157txo)
2025-10-31T18:14:47Z UpdateTip: new best=1c965b7274c0b7a95d5551e1ff6937ba4ef58b8fbb9ae1ba0f85c540a3dc1fa3 height=158 version=0x30000000 log2_work=8.312883 tx=159 date='2025-10-31T18:10:03Z' progress=1.000000 cache=0.3MiB(158txo)
2025-10-31T18:14:47Z UpdateTip: new best=15d9d59d9b9ac22b2ec0d65725139e5171cd72287bcea8317a480aa052f9c213 height=159 version=0x30000000 log2_work=8.321928 tx=194 date='2025-10-31T18:10:03Z' progress=1.000000 cache=0.3MiB(227txo)
2025-10-31T18:14:47Z UpdateTip: new best=0b7685cb05da19c36b3e58f5780cb2479ddbefc6901eba94833cb2fb411563fd height=160 version=0x30000000 log2_work=8.330917 tx=252 date='2025-10-31T18:10:03Z' progress=1.000000 cache=0.3MiB(292txo)
2025-10-31T18:14:47Z UpdateTip: new best=3629db0023d70af197639d4e39c019612a08e1dd8151045dee884ce5d1a202e5 height=161 version=0x30000000 log2_work=8.339850 tx=288 date='2025-10-31T18:10:03Z' progress=1.000000 cache=0.3MiB(305txo)
2025-10-31T18:14:47Z UpdateTip: new best=519bf4d8972d7415936faf09107b8ac2974688c99a0393c574a2a6dd6f378d1f height=162 version=0x30000000 log2_work=8.348728 tx=340 date='2025-10-31T18:10:03Z' progress=1.000000 cache=0.3MiB(303txo)
2025-10-31T18:14:47Z UpdateTip: new best=0c0a79e9f07f209ffab0d4073d7d9cb3179427ca3ac74fc328fecb50dbd8fd7e height=163 version=0x30000000 log2_work=8.357552 tx=369 date='2025-10-31T18:10:06Z' progress=1.000000 cache=0.3MiB(309txo)
2025-10-31T18:14:47Z UpdateTip: new best=453318c0a9cd3730c3a609cae5d439908bb007ca74fcce3ec31b5189cf4fcc50 height=164 version=0x30000000 log2_work=8.366322 tx=397 date='2025-10-31T18:10:11Z' progress=1.000000 cache=0.3MiB(316txo)
2025-10-31T18:14:47Z UpdateTip: new best=1a0c03c2c42b40c7a13d28f760d0804d5127fe488d31d3237838a70df145ef99 height=165 version=0x30000000 log2_work=8.375039 tx=463 date='2025-10-31T18:10:16Z' progress=1.000000 cache=0.3MiB(319txo)
2025-10-31T18:14:47Z UpdateTip: new best=198debdac81be18e8994812e025b17a63425bc6f0deca0258cd07b6928e97bf9 height=166 version=0x30000000 log2_work=8.383704 tx=491 date='2025-10-31T18:10:21Z' progress=1.000000 cache=0.3MiB(322txo)
2025-10-31T18:14:47Z UpdateTip: new best=4f554f1035729995423a076b9b4c788033226d36873771e9b6d82ce083f3a9b1 height=167 version=0x30000000 log2_work=8.392317 tx=545 date='2025-10-31T18:10:27Z' progress=1.000000 cache=0.3MiB(337txo)
2025-10-31T18:14:47Z UpdateTip: new best=0b435202edc9cdf30ebf5dcb4e8a5d4f3485db6992f6e48a1064444f715af1e1 height=168 version=0x30000000 log2_work=8.400879 tx=579 date='2025-10-31T18:10:32Z' progress=1.000000 cache=0.3MiB(321txo)
2025-10-31T18:14:47Z UpdateTip: new best=580c06509a41b22761c283db8f79b40b7dfb555e64a7f5ae113fb47e881c92d9 height=169 version=0x30000000 log2_work=8.409391 tx=580 date='2025-10-31T18:10:37Z' progress=1.000000 cache=0.3MiB(322txo)
2025-10-31T18:14:47Z UpdateTip: new best=4f32dd0cddcdba433858bb34b567c6465cbe6a8c8832814223ce99f3f0c7e546 height=170 version=0x30000000 log2_work=8.417853 tx=668 date='2025-10-31T18:10:42Z' progress=1.000000 cache=0.3MiB(331txo)
2025-10-31T18:14:47Z UpdateTip: new best=2587e4971363f82c92ba343a751c8a2e22a4106c6b16c88e5b8564939ec23725 height=171 version=0x30000000 log2_work=8.426265 tx=688 date='2025-10-31T18:10:47Z' progress=1.000000 cache=0.3MiB(345txo)
2025-10-31T18:14:47Z UpdateTip: new best=4406e1cf1ca561142545fc1364af1e577a689d46eefe592ee070ed0a862af060 height=172 version=0x30000000 log2_work=8.434628 tx=748 date='2025-10-31T18:10:52Z' progress=1.000000 cache=0.3MiB(359txo)
2025-10-31T18:14:47Z UpdateTip: new best=74fa093cbeae39fa20a2841138c2e88f98ccf4f9b2b5fa2f922e2e6851530796 height=173 version=0x30000000 log2_work=8.442943 tx=776 date='2025-10-31T18:10:57Z' progress=1.000000 cache=0.3MiB(338txo)
2025-10-31T18:14:47Z UpdateTip: new best=13429066890158d98c86907380c090bfe7703cfaad7548a9f0f40da34183510e height=174 version=0x30000000 log2_work=8.451211 tx=796 date='2025-10-31T18:11:02Z' progress=1.000000 cache=0.3MiB(344txo)
2025-10-31T18:14:47Z UpdateTip: new best=52dcd42c65ec9812af3ae92a1f3c873d6dfd6401d53b38dc0873e102237312bc height=175 version=0x30000000 log2_work=8.459432 tx=850 date='2025-10-31T18:11:07Z' progress=1.000000 cache=0.3MiB(373txo)
2025-10-31T18:14:47Z UpdateTip: new best=41521d7ed482ee7ab93ab116ae8c82e564a5333686c9aac5fb34ba1fb387ee7d height=176 version=0x30000000 log2_work=8.467606 tx=911 date='2025-10-31T18:11:12Z' progress=1.000000 cache=0.3MiB(372txo)
2025-10-31T18:14:47Z UpdateTip: new best=213f70d35c9241e62d5fba139978787aa3e5ca90bf3392570a9a609645d73865 height=177 version=0x30000000 log2_work=8.475733 tx=947 date='2025-10-31T18:11:17Z' progress=1.000000 cache=0.3MiB(370txo)
2025-10-31T18:14:47Z UpdateTip: new best=0896db70a4014cb0ed91fe8e69b65623a24f131c2008e710842a4341d24285e7 height=178 version=0x30000000 log2_work=8.483816 tx=1009 date='2025-10-31T18:11:22Z' progress=1.000000 cache=0.3MiB(379txo)
2025-10-31T18:14:47Z UpdateTip: new best=5048aa6e692d9bfd4c613a6ef7c391b41e9a47164bfe9816664fa1a5786ee91f height=179 version=0x30000000 log2_work=8.491853 tx=1034 date='2025-10-31T18:11:27Z' progress=1.000000 cache=0.3MiB(375txo)
2025-10-31T18:14:47Z UpdateTip: new best=24c37214f46f5224bb9f552123767c897491c5ac9cc25371e768b23e193b085f height=180 version=0x30000000 log2_work=8.499846 tx=1093 date='2025-10-31T18:11:32Z' progress=1.000000 cache=0.3MiB(403txo)
2025-10-31T18:14:47Z UpdateTip: new best=758a7702ce635bf4cdf52d36eafc97b46d795962ff9e02de7d655e036c23682f height=181 version=0x30000000 log2_work=8.507795 tx=1136 date='2025-10-31T18:11:38Z' progress=1.000000 cache=0.3MiB(406txo)
2025-10-31T18:14:47Z UpdateTip: new best=6b717f09d389046354e3079923fade5c5293793abc384d2982f59050a5ae276f height=182 version=0x30000000 log2_work=8.515700 tx=1177 date='2025-10-31T18:11:43Z' progress=1.000000 cache=0.3MiB(405txo)
2025-10-31T18:14:47Z UpdateTip: new best=0f0a4a6f35c50787a865a5bf4e52bbf695c7b4e390b3315772105318dbb26aa9 height=183 version=0x30000000 log2_work=8.523562 tx=1227 date='2025-10-31T18:11:48Z' progress=1.000000 cache=0.3MiB(410txo)
2025-10-31T18:14:47Z UpdateTip: new best=33aac1c94f8fdc40249a9b6de36a4a424ef9780b3795e14b8c808df6d275f4fb height=184 version=0x30000000 log2_work=8.531381 tx=1270 date='2025-10-31T18:11:53Z' progress=1.000000 cache=0.3MiB(430txo)
2025-10-31T18:14:47Z UpdateTip: new best=04a9b652bd28fba9df3fc3e3cfaa4206c2c9b3537ae9a139bdaabab4a823b657 height=185 version=0x30000000 log2_work=8.539159 tx=1295 date='2025-10-31T18:11:58Z' progress=1.000000 cache=0.3MiB(436txo)
2025-10-31T18:14:47Z UpdateTip: new best=1aed454bf2c1fab4c45e1aeef116e71d53068d33f20708a3120af75371bdf8a2 height=186 version=0x30000000 log2_work=8.546894 tx=1355 date='2025-10-31T18:12:03Z' progress=1.000000 cache=0.3MiB(439txo)
2025-10-31T18:14:47Z UpdateTip: new best=5c009553995470b8a1426d658fb3f0df4bc6d9d8cf2c4f1f78ebde8fb160594a height=187 version=0x30000000 log2_work=8.554589 tx=1377 date='2025-10-31T18:12:09Z' progress=1.000000 cache=0.3MiB(435txo)
2025-10-31T18:14:47Z UpdateTip: new best=20ef83565e8a4acf4e1dab2992502362e32ab4ddb391a441e4bca87bdc1cc736 height=188 version=0x30000000 log2_work=8.562242 tx=1433 date='2025-10-31T18:12:14Z' progress=1.000000 cache=0.3MiB(462txo)
2025-10-31T18:14:47Z UpdateTip: new best=14fba055db84a82cfc97f5d729fa00caa74799cb93854acc5448fd7dcbb2e191 height=189 version=0x30000000 log2_work=8.569856 tx=1459 date='2025-10-31T18:12:19Z' progress=1.000000 cache=0.3MiB(449txo)
2025-10-31T18:14:47Z UpdateTip: new best=0127acef3ae2d9bf35825d3d3894e388621ff38d1f6cb561a62d559d022a2aec height=190 version=0x30000000 log2_work=8.577429 tx=1460 date='2025-10-31T18:12:25Z' progress=1.000000 cache=0.3MiB(450txo)
2025-10-31T18:14:47Z UpdateTip: new best=1c097b5f9b019623182d460481aa12bcb54349d6496ec665d823f99dc7e736d6 height=191 version=0x30000000 log2_work=8.584963 tx=1503 date='2025-10-31T18:12:30Z' progress=1.000000 cache=0.3MiB(460txo)
2025-10-31T18:14:47Z UpdateTip: new best=27cd4a84d543a25087e51d0a3bd81d96312dbefdc7180d3bf558071833fa78e7 height=192 version=0x30000000 log2_work=8.592457 tx=1558 date='2025-10-31T18:12:35Z' progress=1.000000 cache=0.3MiB(430txo)
2025-10-31T18:14:47Z UpdateTip: new best=6fdc9228f64e093e51633a80e446636afd8195741a03dd76d260f7c8181a3d56 height=193 version=0x30000000 log2_work=8.599913 tx=1620 date='2025-10-31T18:12:40Z' progress=1.000000 cache=0.3MiB(421txo)
2025-10-31T18:14:47Z UpdateTip: new best=187dd6520bff9023286988b2d16986801a9c47ef0d918ef049d87646846dd7fa height=194 version=0x30000000 log2_work=8.607330 tx=1638 date='2025-10-31T18:12:46Z' progress=1.000000 cache=0.3MiB(435txo)
2025-10-31T18:14:47Z UpdateTip: new best=1c3528153bdeb1596e299a1f3a93e4a68d742f7fb4bedd8301811eefab6f1699 height=195 version=0x30000000 log2_work=8.614710 tx=1693 date='2025-10-31T18:12:51Z' progress=1.000000 cache=0.3MiB(441txo)
2025-10-31T18:14:47Z UpdateTip: new best=0b1c8685b5ec10dddac5f296ff057d94ccdabdf79f19faad527560d23c0df26e height=196 version=0x30000000 log2_work=8.622052 tx=1752 date='2025-10-31T18:12:56Z' progress=1.000000 cache=0.3MiB(446txo)
2025-10-31T18:14:47Z UpdateTip: new best=72cd1e5b92d5def70c493722eb413356e3c2ab1d2ba1ff200b684ab87778711e height=197 version=0x30000000 log2_work=8.629357 tx=1793 date='2025-10-31T18:13:02Z' progress=1.000000 cache=0.3MiB(447txo)
2025-10-31T18:14:47Z UpdateTip: new best=7100192d6c11b5d62ecedda96223f09ceb4c29a23f7bd3db3b7f3b9cde7c1079 height=198 version=0x30000000 log2_work=8.636625 tx=1840 date='2025-10-31T18:13:07Z' progress=1.000000 cache=0.3MiB(461txo)
2025-10-31T18:14:47Z UpdateTip: new best=122cfd06d88d613fbebba676b4b2af30e8cefd86d0c3900b203fd5548eb6978a height=199 version=0x30000000 log2_work=8.643856 tx=1849 date='2025-10-31T18:13:12Z' progress=1.000000 cache=0.3MiB(461txo)
2025-10-31T18:14:47Z UpdateTip: new best=6ea7321b1229acae584718f92cd66096b2f1e0c6972db47ce571dddfd37b43b4 height=200 version=0x30000000 log2_work=8.651052 tx=1917 date='2025-10-31T18:13:18Z' progress=1.000000 cache=0.3MiB(474txo)
2025-10-31T18:14:47Z UpdateTip: new best=48a68c5629cfeee0f248110ca4e91e2b032261cfef40559bde6a30bba9b5a3c5 height=201 version=0x30000000 log2_work=8.658211 tx=1959 date='2025-10-31T18:13:23Z' progress=1.000000 cache=0.3MiB(472txo)
2025-10-31T18:14:47Z UpdateTip: new best=5a31d7d00d48e8c5da772eece047d720a63c0e13c69811db704e71f2dfd0da0f height=202 version=0x30000000 log2_work=8.665336 tx=1998 date='2025-10-31T18:13:28Z' progress=1.000000 cache=0.3MiB(476txo)
2025-10-31T18:14:47Z UpdateTip: new best=66f7da405ef20055deeb782ab70ba2a16a1b3c546552a4393e9ba43db4a606de height=203 version=0x30000000 log2_work=8.672425 tx=2027 date='2025-10-31T18:13:33Z' progress=1.000000 cache=0.3MiB(482txo)
2025-10-31T18:14:47Z UpdateTip: new best=1d269c75d7e4b1ddb20152ea37640d6eb9518b03cf0629f941af204236eaf522 height=204 version=0x30000000 log2_work=8.679480 tx=2083 date='2025-10-31T18:13:39Z' progress=1.000000 cache=0.3MiB(487txo)
2025-10-31T18:14:47Z UpdateTip: new best=001bbb5d0bd9a5927af83d94b407f88fabda892065469106d959b88bef54d516 height=205 version=0x30000000 log2_work=8.686501 tx=2109 date='2025-10-31T18:13:44Z' progress=1.000000 cache=0.3MiB(487txo)
2025-10-31T18:14:47Z UpdateTip: new best=28a76d0cb96a94866b1ec1e94145877ccda91683fbd8ede3b2fb17b22ad01912 height=206 version=0x30000000 log2_work=8.693487 tx=2160 date='2025-10-31T18:13:49Z' progress=1.000000 cache=0.3MiB(497txo)
2025-10-31T18:14:47Z UpdateTip: new best=62643560c442237200c41dbce1be384c3ac1f2fb659ad67dadfa49050ab685b4 height=207 version=0x30000000 log2_work=8.700440 tx=2200 date='2025-10-31T18:13:54Z' progress=1.000000 cache=0.3MiB(502txo)
2025-10-31T18:14:47Z UpdateTip: new best=79a12d01d808de4cdc72b4ad297367f8b9dcc918658c66354465553e118983ba height=208 version=0x30000000 log2_work=8.707359 tx=2241 date='2025-10-31T18:14:00Z' progress=1.000000 cache=0.3MiB(508txo)
2025-10-31T18:14:47Z UpdateTip: new best=43e7acda59c5a43bed4c75292b98f53194266f312570ee256cce3f07f03d9687 height=209 version=0x30000000 log2_work=8.714246 tx=2281 date='2025-10-31T18:14:05Z' progress=1.000000 cache=0.3MiB(495txo)
2025-10-31T18:14:47Z UpdateTip: new best=4aaf0d7b95ac997d0ab251319564ca5965a8c7b86012ab784b60beff7dd03f49 height=210 version=0x30000000 log2_work=8.721099 tx=2325 date='2025-10-31T18:14:10Z' progress=1.000000 cache=0.3MiB(499txo)
2025-10-31T18:14:47Z UpdateTip: new best=31cb0d2c2ecefe2c26b154a7719c9d8f64c49e64ae13c5ebe32e7d14396d454d height=211 version=0x30000000 log2_work=8.727920 tx=2333 date='2025-10-31T18:14:15Z' progress=1.000000 cache=0.3MiB(502txo)
2025-10-31T18:14:47Z UpdateTip: new best=0eb78d352e8ee5a56835206c72672d95a1e05de823ddc75d58613e0c6294be5c height=212 version=0x30000000 log2_work=8.734710 tx=2391 date='2025-10-31T18:14:21Z' progress=1.000000 cache=0.3MiB(515txo)
2025-10-31T18:14:47Z UpdateTip: new best=0e782b62279965d0198d4e95b993ed7ead233e0c8694fe454ed9d7901a7abf6f height=213 version=0x30000000 log2_work=8.741467 tx=2452 date='2025-10-31T18:14:26Z' progress=1.000000 cache=0.3MiB(519txo)
2025-10-31T18:14:47Z UpdateTip: new best=7a5b1408d5465b0693728dba2abf9b3ba1e71d8f99731135bdcef4220fdffd1f height=214 version=0x30000000 log2_work=8.748193 tx=2480 date='2025-10-31T18:14:31Z' progress=1.000000 cache=0.3MiB(521txo)
2025-10-31T18:14:47Z UpdateTip: new best=4a8a62673abd5fefd371e4a238323ee97db1ab442fb0fe678dd046b79a691870 height=215 version=0x30000000 log2_work=8.754888 tx=2506 date='2025-10-31T18:14:36Z' progress=1.000000 cache=0.3MiB(519txo)
2025-10-31T18:14:47Z UpdateTip: new best=76f4bc2b39c3b1dff10070c8ec27564213b1661971445d76a0d7ba2ec0a24455 height=216 version=0x30000000 log2_work=8.761551 tx=2556 date='2025-10-31T18:14:41Z' progress=1.000000 cache=0.3MiB(531txo)
2025-10-31T18:14:47Z Loading 0 mempool transactions from disk...
2025-10-31T18:14:47Z Imported mempool transactions from disk: 0 succeeded, 0 failed, 0 expired, 0 already there, 0 waiting for initial broadcast
2025-10-31T18:14:47Z initload thread exit
2025-10-31T18:14:47Z txindex thread start
2025-10-31T18:14:47Z txindex is enabled at height 216
2025-10-31T18:14:47Z txindex thread exit
2025-10-31T18:14:47Z Leaving InitialBlockDownload (latching to false)
2025-10-31T18:14:47Z Saw new header hash=2661e131f61eae96c7ae54b98ebbf11b694636e776487fe18075b9387e56ae73 height=217
2025-10-31T18:14:47Z UpdateTip: new best=2661e131f61eae96c7ae54b98ebbf11b694636e776487fe18075b9387e56ae73 height=217 version=0x30000000 log2_work=8.768184 tx=2608 date='2025-10-31T18:14:47Z' progress=1.000000 cache=0.3MiB(539txo)
2025-10-31T18:14:52Z Saw new header hash=22256072a536e409cfa5c4c33925348ce8739ae03cc49cddf8305235d96abe96 height=218
2025-10-31T18:14:52Z Saw new cmpctblock header hash=22256072a536e409cfa5c4c33925348ce8739ae03cc49cddf8305235d96abe96 peer=0
2025-10-31T18:14:52Z UpdateTip: new best=22256072a536e409cfa5c4c33925348ce8739ae03cc49cddf8305235d96abe96 height=218 version=0x30000000 log2_work=8.774787 tx=2634 date='2025-10-31T18:14:52Z' progress=1.000000 cache=0.3MiB(537txo)
2025-10-31T18:14:57Z Saw new header hash=14f45cdec89d440bcfde8d3698c5cd12aabcf71ab49c50d1e268ed9c31c9ed01 height=219
2025-10-31T18:14:57Z Saw new cmpctblock header hash=14f45cdec89d440bcfde8d3698c5cd12aabcf71ab49c50d1e268ed9c31c9ed01 peer=0
2025-10-31T18:14:57Z UpdateTip: new best=14f45cdec89d440bcfde8d3698c5cd12aabcf71ab49c50d1e268ed9c31c9ed01 height=219 version=0x30000000 log2_work=8.781360 tx=2689 date='2025-10-31T18:14:57Z' progress=1.000000 cache=0.3MiB(546txo)
2025-10-31T18:15:02Z Saw new header hash=0673e3ec887c342cb08f5b3edc5d9fd6a594d7abf22872b116ce7062077e1e42 height=220
2025-10-31T18:15:02Z Saw new cmpctblock header hash=0673e3ec887c342cb08f5b3edc5d9fd6a594d7abf22872b116ce7062077e1e42 peer=0
2025-10-31T18:15:02Z UpdateTip: new best=0673e3ec887c342cb08f5b3edc5d9fd6a594d7abf22872b116ce7062077e1e42 height=220 version=0x30000000 log2_work=8.787903 tx=2714 date='2025-10-31T18:15:02Z' progress=1.000000 cache=0.3MiB(554txo)
2025-10-31T18:15:08Z Saw new header hash=7205ae77e04db895da0ad5b9789f1ed9559490cfcaa7f09d77b7d5e7cab93fd7 height=221
2025-10-31T18:15:08Z Saw new cmpctblock header hash=7205ae77e04db895da0ad5b9789f1ed9559490cfcaa7f09d77b7d5e7cab93fd7 peer=0
2025-10-31T18:15:08Z UpdateTip: new best=7205ae77e04db895da0ad5b9789f1ed9559490cfcaa7f09d77b7d5e7cab93fd7 height=221 version=0x30000000 log2_work=8.794416 tx=2777 date='2025-10-31T18:15:07Z' progress=1.000000 cache=0.3MiB(548txo)
2025-10-31T18:15:13Z Saw new header hash=655a6d86d189a373f4dffb964f996bd813194aee7ecb63da2ff70ce1d6dbab70 height=222
2025-10-31T18:15:13Z Saw new cmpctblock header hash=655a6d86d189a373f4dffb964f996bd813194aee7ecb63da2ff70ce1d6dbab70 peer=0
2025-10-31T18:15:13Z UpdateTip: new best=655a6d86d189a373f4dffb964f996bd813194aee7ecb63da2ff70ce1d6dbab70 height=222 version=0x30000000 log2_work=8.800900 tx=2812 date='2025-10-31T18:15:12Z' progress=1.000000 cache=0.3MiB(545txo)
2025-10-31T18:15:18Z Saw new header hash=434d89d723d78a875024d1cbd38b59af82fd4535b568ba2e0da567b200d76146 height=223
2025-10-31T18:15:18Z Saw new cmpctblock header hash=434d89d723d78a875024d1cbd38b59af82fd4535b568ba2e0da567b200d76146 peer=0
2025-10-31T18:15:18Z UpdateTip: new best=434d89d723d78a875024d1cbd38b59af82fd4535b568ba2e0da567b200d76146 height=223 version=0x30000000 log2_work=8.807355 tx=2851 date='2025-10-31T18:15:18Z' progress=1.000000 cache=0.3MiB(553txo)
2025-10-31T18:15:23Z Saw new header hash=0266bfbfcabd37b2464a97b4ce84086eb7fca680662c2a0f5a9dc41f19d6c71e height=224
2025-10-31T18:15:23Z Saw new cmpctblock header hash=0266bfbfcabd37b2464a97b4ce84086eb7fca680662c2a0f5a9dc41f19d6c71e peer=0
2025-10-31T18:15:23Z UpdateTip: new best=0266bfbfcabd37b2464a97b4ce84086eb7fca680662c2a0f5a9dc41f19d6c71e height=224 version=0x30000000 log2_work=8.813781 tx=2897 date='2025-10-31T18:15:23Z' progress=1.000000 cache=0.3MiB(574txo)
2025-10-31T18:15:28Z Saw new header hash=72b9f6569a7783c10ed15fc17c4714fb30da78a12c79b81bb79913066bbd14d6 height=225
2025-10-31T18:15:28Z Saw new cmpctblock header hash=72b9f6569a7783c10ed15fc17c4714fb30da78a12c79b81bb79913066bbd14d6 peer=0
2025-10-31T18:15:28Z UpdateTip: new best=72b9f6569a7783c10ed15fc17c4714fb30da78a12c79b81bb79913066bbd14d6 height=225 version=0x30000000 log2_work=8.820179 tx=2939 date='2025-10-31T18:15:28Z' progress=1.000000 cache=0.3MiB(586txo)
2025-10-31T18:15:33Z Saw new header hash=7ede93e90f0b018cabfbd79ef65d44cd747ae21eebe0b5f3babc8ae2312dba7d height=226
2025-10-31T18:15:33Z Saw new cmpctblock header hash=7ede93e90f0b018cabfbd79ef65d44cd747ae21eebe0b5f3babc8ae2312dba7d peer=0
2025-10-31T18:15:33Z UpdateTip: new best=7ede93e90f0b018cabfbd79ef65d44cd747ae21eebe0b5f3babc8ae2312dba7d height=226 version=0x30000000 log2_work=8.826548 tx=2940 date='2025-10-31T18:15:33Z' progress=1.000000 cache=0.3MiB(587txo)
2025-10-31T18:15:39Z Saw new header hash=083644a3afa30768a127305ed6d3b82445583f408b34ff5483658e706a7674d2 height=227
2025-10-31T18:15:39Z Saw new cmpctblock header hash=083644a3afa30768a127305ed6d3b82445583f408b34ff5483658e706a7674d2 peer=0
2025-10-31T18:15:39Z UpdateTip: new best=083644a3afa30768a127305ed6d3b82445583f408b34ff5483658e706a7674d2 height=227 version=0x30000000 log2_work=8.832890 tx=3004 date='2025-10-31T18:15:38Z' progress=1.000000 cache=0.3MiB(588txo)
2025-10-31T18:15:44Z Saw new header hash=78807d9aa07d8b72644348fde71f3e0493a7258735ba6a80930bc4a173bec517 height=228
2025-10-31T18:15:44Z Saw new cmpctblock header hash=78807d9aa07d8b72644348fde71f3e0493a7258735ba6a80930bc4a173bec517 peer=0
2025-10-31T18:15:44Z UpdateTip: new best=78807d9aa07d8b72644348fde71f3e0493a7258735ba6a80930bc4a173bec517 height=228 version=0x30000000 log2_work=8.839204 tx=3041 date='2025-10-31T18:15:43Z' progress=1.000000 cache=0.3MiB(586txo)
2025-10-31T18:15:49Z Saw new header hash=622bf5a924847499e14570dcacda25375d8e64c7ebb876902c6122571d56f9ea height=229
2025-10-31T18:15:49Z Saw new cmpctblock header hash=622bf5a924847499e14570dcacda25375d8e64c7ebb876902c6122571d56f9ea peer=0
2025-10-31T18:15:49Z UpdateTip: new best=622bf5a924847499e14570dcacda25375d8e64c7ebb876902c6122571d56f9ea height=229 version=0x30000000 log2_work=8.845490 tx=3070 date='2025-10-31T18:15:49Z' progress=1.000000 cache=0.3MiB(572txo)
2025-10-31T18:15:54Z Saw new header hash=7d8caf697280023efc2c4bbb186f48b7ed09fb7227218b6fd09636e80e7baf93 height=230
2025-10-31T18:15:54Z Saw new cmpctblock header hash=7d8caf697280023efc2c4bbb186f48b7ed09fb7227218b6fd09636e80e7baf93 peer=0
2025-10-31T18:15:55Z UpdateTip: new best=7d8caf697280023efc2c4bbb186f48b7ed09fb7227218b6fd09636e80e7baf93 height=230 version=0x30000000 log2_work=8.851749 tx=3125 date='2025-10-31T18:15:54Z' progress=1.000000 cache=0.3MiB(572txo)
2025-10-31T18:16:00Z Saw new header hash=5da9c202534788ed5312bb67dec0319a5ae94abb69de955e478b6b529d885408 height=231
2025-10-31T18:16:00Z Saw new cmpctblock header hash=5da9c202534788ed5312bb67dec0319a5ae94abb69de955e478b6b529d885408 peer=0
2025-10-31T18:16:00Z UpdateTip: new best=5da9c202534788ed5312bb67dec0319a5ae94abb69de955e478b6b529d885408 height=231 version=0x30000000 log2_work=8.857981 tx=3170 date='2025-10-31T18:15:59Z' progress=1.000000 cache=0.3MiB(575txo)
2025-10-31T18:16:04Z Saw new header hash=16010626ee0c816d3a83bebada7ff0d7fb06d842fc6cade9950f53cf7751e25f height=232
2025-10-31T18:16:04Z Saw new cmpctblock header hash=16010626ee0c816d3a83bebada7ff0d7fb06d842fc6cade9950f53cf7751e25f peer=0
2025-10-31T18:16:05Z UpdateTip: new best=16010626ee0c816d3a83bebada7ff0d7fb06d842fc6cade9950f53cf7751e25f height=232 version=0x30000000 log2_work=8.864186 tx=3198 date='2025-10-31T18:16:04Z' progress=1.000000 cache=0.3MiB(581txo)
2025-10-31T18:16:10Z Saw new header hash=47339721a18f6a41e520eed2090bbfc7ac74d51586822923a6a701ae8abe3347 height=233
2025-10-31T18:16:10Z Saw new cmpctblock header hash=47339721a18f6a41e520eed2090bbfc7ac74d51586822923a6a701ae8abe3347 peer=0
2025-10-31T18:16:10Z UpdateTip: new best=47339721a18f6a41e520eed2090bbfc7ac74d51586822923a6a701ae8abe3347 height=233 version=0x30000000 log2_work=8.870365 tx=3247 date='2025-10-31T18:16:09Z' progress=1.000000 cache=0.3MiB(593txo)
2025-10-31T18:16:15Z Saw new header hash=28cf984b12cacf4d279df4f76cdd3429f98089eaf27c810c004f3832794c481a height=234
2025-10-31T18:16:15Z Saw new cmpctblock header hash=28cf984b12cacf4d279df4f76cdd3429f98089eaf27c810c004f3832794c481a peer=0
2025-10-31T18:16:15Z UpdateTip: new best=28cf984b12cacf4d279df4f76cdd3429f98089eaf27c810c004f3832794c481a height=234 version=0x30000000 log2_work=8.876517 tx=3258 date='2025-10-31T18:16:14Z' progress=1.000000 cache=0.3MiB(596txo)
2025-10-31T18:16:20Z Saw new header hash=0623cdb7fdd5003826872b0b7eff0f1986c4d3f9d41cc18de0ffb2967c0ae470 height=235
2025-10-31T18:16:20Z Saw new cmpctblock header hash=0623cdb7fdd5003826872b0b7eff0f1986c4d3f9d41cc18de0ffb2967c0ae470 peer=0
2025-10-31T18:16:20Z UpdateTip: new best=0623cdb7fdd5003826872b0b7eff0f1986c4d3f9d41cc18de0ffb2967c0ae470 height=235 version=0x30000000 log2_work=8.882643 tx=3327 date='2025-10-31T18:16:20Z' progress=1.000000 cache=0.3MiB(596txo)
2025-10-31T18:16:25Z Saw new header hash=00dd14e3d9d57f031825f2b4ee52d673c7aca50c855b28c557473e1647a0fe3a height=236
2025-10-31T18:16:25Z Saw new cmpctblock header hash=00dd14e3d9d57f031825f2b4ee52d673c7aca50c855b28c557473e1647a0fe3a peer=0
2025-10-31T18:16:25Z UpdateTip: new best=00dd14e3d9d57f031825f2b4ee52d673c7aca50c855b28c557473e1647a0fe3a height=236 version=0x30000000 log2_work=8.888743 tx=3370 date='2025-10-31T18:16:25Z' progress=1.000000 cache=0.3MiB(597txo)
2025-10-31T18:16:30Z Saw new header hash=01b97006e81e894c54f417a8e12e9c15b211b07269aadd6647311a0057597348 height=237
2025-10-31T18:16:30Z Saw new cmpctblock header hash=01b97006e81e894c54f417a8e12e9c15b211b07269aadd6647311a0057597348 peer=0
2025-10-31T18:16:30Z UpdateTip: new best=01b97006e81e894c54f417a8e12e9c15b211b07269aadd6647311a0057597348 height=237 version=0x30000000 log2_work=8.894818 tx=3405 date='2025-10-31T18:16:30Z' progress=1.000000 cache=0.3MiB(616txo)
2025-10-31T18:16:35Z Saw new header hash=49ef1797a6593ea13b840d30d368d921232fc6073b28fcbc8be6d939bb2894d7 height=238
2025-10-31T18:16:35Z Saw new cmpctblock header hash=49ef1797a6593ea13b840d30d368d921232fc6073b28fcbc8be6d939bb2894d7 peer=0
2025-10-31T18:16:35Z UpdateTip: new best=49ef1797a6593ea13b840d30d368d921232fc6073b28fcbc8be6d939bb2894d7 height=238 version=0x30000000 log2_work=8.900867 tx=3406 date='2025-10-31T18:16:35Z' progress=1.000000 cache=0.3MiB(617txo)
2025-10-31T18:16:41Z Saw new header hash=687bd50993b0c8250885a253c88360f4b133e7bd4fe75e196122c10a003566ae height=239
2025-10-31T18:16:41Z Saw new cmpctblock header hash=687bd50993b0c8250885a253c88360f4b133e7bd4fe75e196122c10a003566ae peer=0
2025-10-31T18:16:41Z UpdateTip: new best=687bd50993b0c8250885a253c88360f4b133e7bd4fe75e196122c10a003566ae height=239 version=0x30000000 log2_work=8.906891 tx=3477 date='2025-10-31T18:16:40Z' progress=1.000000 cache=0.3MiB(609txo)
2025-10-31T18:16:46Z Saw new header hash=4d96bf7df9e0969b2561797568faac814cdf7bf66e386812c643dba9f9920cc9 height=240
2025-10-31T18:16:46Z Saw new cmpctblock header hash=4d96bf7df9e0969b2561797568faac814cdf7bf66e386812c643dba9f9920cc9 peer=0
2025-10-31T18:16:46Z UpdateTip: new best=4d96bf7df9e0969b2561797568faac814cdf7bf66e386812c643dba9f9920cc9 height=240 version=0x30000000 log2_work=8.912889 tx=3514 date='2025-10-31T18:16:46Z' progress=1.000000 cache=0.3MiB(594txo)
2025-10-31T18:16:51Z Saw new header hash=144a82f8f900391ca9d86ffe538f7c6efc35779bde31b86151952730c3aa1404 height=241
2025-10-31T18:16:51Z Saw new cmpctblock header hash=144a82f8f900391ca9d86ffe538f7c6efc35779bde31b86151952730c3aa1404 peer=0
2025-10-31T18:16:51Z UpdateTip: new best=144a82f8f900391ca9d86ffe538f7c6efc35779bde31b86151952730c3aa1404 height=241 version=0x30000000 log2_work=8.918863 tx=3561 date='2025-10-31T18:16:51Z' progress=1.000000 cache=0.3MiB(617txo)
2025-10-31T18:16:57Z Saw new header hash=5b2549fdd0dc9e5688b8010c1be1971113cd95feb08130501262399327effff2 height=242
2025-10-31T18:16:57Z Saw new cmpctblock header hash=5b2549fdd0dc9e5688b8010c1be1971113cd95feb08130501262399327effff2 peer=0
2025-10-31T18:16:57Z UpdateTip: new best=5b2549fdd0dc9e5688b8010c1be1971113cd95feb08130501262399327effff2 height=242 version=0x30000000 log2_work=8.924813 tx=3614 date='2025-10-31T18:16:56Z' progress=1.000000 cache=0.3MiB(639txo)
2025-10-31T18:17:02Z Saw new header hash=687de186f2963308cd0c551dc28e898485d70391f2d8ee6d2e49b4acc6597162 height=243
2025-10-31T18:17:02Z Saw new cmpctblock header hash=687de186f2963308cd0c551dc28e898485d70391f2d8ee6d2e49b4acc6597162 peer=0
2025-10-31T18:17:02Z UpdateTip: new best=687de186f2963308cd0c551dc28e898485d70391f2d8ee6d2e49b4acc6597162 height=243 version=0x30000000 log2_work=8.930737 tx=3630 date='2025-10-31T18:17:01Z' progress=1.000000 cache=0.3MiB(643txo)
2025-10-31T18:17:07Z Saw new header hash=14be06086c0af32c1ab535f05d91a66e0e7eb9b9574076fccb356f04fae1adfa height=244
2025-10-31T18:17:07Z Saw new cmpctblock header hash=14be06086c0af32c1ab535f05d91a66e0e7eb9b9574076fccb356f04fae1adfa peer=0
2025-10-31T18:17:07Z UpdateTip: new best=14be06086c0af32c1ab535f05d91a66e0e7eb9b9574076fccb356f04fae1adfa height=244 version=0x30000000 log2_work=8.936638 tx=3679 date='2025-10-31T18:17:07Z' progress=1.000000 cache=0.3MiB(659txo)
2025-10-31T18:17:12Z Saw new header hash=587641c98c908f90e556773dd87b07645586602711f856175a13566d94d135db height=245
2025-10-31T18:17:12Z Saw new cmpctblock header hash=587641c98c908f90e556773dd87b07645586602711f856175a13566d94d135db peer=0
2025-10-31T18:17:13Z UpdateTip: new best=587641c98c908f90e556773dd87b07645586602711f856175a13566d94d135db height=245 version=0x30000000 log2_work=8.942515 tx=3732 date='2025-10-31T18:17:12Z' progress=1.000000 cache=0.3MiB(674txo)
2025-10-31T18:17:17Z Saw new header hash=7f87c3ce30ffd92ae2878b56e7c77e102b71fd8ecc4a00353d6a7584e2bec171 height=246
2025-10-31T18:17:17Z Saw new cmpctblock header hash=7f87c3ce30ffd92ae2878b56e7c77e102b71fd8ecc4a00353d6a7584e2bec171 peer=0
2025-10-31T18:17:17Z UpdateTip: new best=7f87c3ce30ffd92ae2878b56e7c77e102b71fd8ecc4a00353d6a7584e2bec171 height=246 version=0x30000000 log2_work=8.948367 tx=3752 date='2025-10-31T18:17:17Z' progress=1.000000 cache=0.3MiB(680txo)
2025-10-31T18:17:23Z Saw new header hash=7e0e4a236527b2dc76e7662768e5ff8760f4f70196ebd0839f7763922251103d height=247
2025-10-31T18:17:23Z Saw new cmpctblock header hash=7e0e4a236527b2dc76e7662768e5ff8760f4f70196ebd0839f7763922251103d peer=0
2025-10-31T18:17:23Z UpdateTip: new best=7e0e4a236527b2dc76e7662768e5ff8760f4f70196ebd0839f7763922251103d height=247 version=0x30000000 log2_work=8.954196 tx=3807 date='2025-10-31T18:17:22Z' progress=1.000000 cache=0.3MiB(708txo)
2025-10-31T18:17:28Z Saw new header hash=4bbb3a05f78b79e9a51109d306024a7caa381be94c28d820d7cf6ed6a649a70c height=248
2025-10-31T18:17:28Z Saw new cmpctblock header hash=4bbb3a05f78b79e9a51109d306024a7caa381be94c28d820d7cf6ed6a649a70c peer=0
2025-10-31T18:17:28Z UpdateTip: new best=4bbb3a05f78b79e9a51109d306024a7caa381be94c28d820d7cf6ed6a649a70c height=248 version=0x30000000 log2_work=8.960002 tx=3838 date='2025-10-31T18:17:27Z' progress=1.000000 cache=0.3MiB(701txo)
2025-10-31T18:17:33Z Saw new header hash=4a55380853a4c7038516931746900db2691eb6435bed72d5d84108e6c28822df height=249
2025-10-31T18:17:33Z Saw new cmpctblock header hash=4a55380853a4c7038516931746900db2691eb6435bed72d5d84108e6c28822df peer=0
2025-10-31T18:17:33Z UpdateTip: new best=4a55380853a4c7038516931746900db2691eb6435bed72d5d84108e6c28822df height=249 version=0x30000000 log2_work=8.965784 tx=3881 date='2025-10-31T18:17:33Z' progress=1.000000 cache=0.3MiB(719txo)
2025-10-31T18:17:38Z Saw new header hash=3a35c138e48d7b32c609b8ad0808ff4c1fb906c04081d023afb808fac1e68406 height=250
2025-10-31T18:17:38Z Saw new cmpctblock header hash=3a35c138e48d7b32c609b8ad0808ff4c1fb906c04081d023afb808fac1e68406 peer=0
2025-10-31T18:17:38Z UpdateTip: new best=3a35c138e48d7b32c609b8ad0808ff4c1fb906c04081d023afb808fac1e68406 height=250 version=0x30000000 log2_work=8.971544 tx=3922 date='2025-10-31T18:17:38Z' progress=1.000000 cache=0.3MiB(719txo)
2025-10-31T18:17:44Z Saw new header hash=222fe5c90af6807024f23f7e06fba1023666823cc853eca95e9788fa31025c28 height=251
2025-10-31T18:17:44Z Saw new cmpctblock header hash=222fe5c90af6807024f23f7e06fba1023666823cc853eca95e9788fa31025c28 peer=0
2025-10-31T18:17:44Z UpdateTip: new best=222fe5c90af6807024f23f7e06fba1023666823cc853eca95e9788fa31025c28 height=251 version=0x30000000 log2_work=8.977280 tx=3959 date='2025-10-31T18:17:43Z' progress=1.000000 cache=0.3MiB(719txo)
2025-10-31T18:17:49Z Saw new header hash=54021e4fca9fe3cf0825b85017d3ef2dd149925426c7496d20e1dd39f2b209c1 height=252
2025-10-31T18:17:49Z Saw new cmpctblock header hash=54021e4fca9fe3cf0825b85017d3ef2dd149925426c7496d20e1dd39f2b209c1 peer=0
2025-10-31T18:17:49Z UpdateTip: new best=54021e4fca9fe3cf0825b85017d3ef2dd149925426c7496d20e1dd39f2b209c1 height=252 version=0x30000000 log2_work=8.982994 tx=4003 date='2025-10-31T18:17:48Z' progress=1.000000 cache=0.3MiB(721txo)
2025-10-31T18:17:54Z Saw new header hash=1ee837645f5f05d1637465b701dfee8d4c2659f84db5ef8c4edf30a979c25e98 height=253
2025-10-31T18:17:54Z Saw new cmpctblock header hash=1ee837645f5f05d1637465b701dfee8d4c2659f84db5ef8c4edf30a979c25e98 peer=0
2025-10-31T18:17:54Z UpdateTip: new best=1ee837645f5f05d1637465b701dfee8d4c2659f84db5ef8c4edf30a979c25e98 height=253 version=0x30000000 log2_work=8.988685 tx=4026 date='2025-10-31T18:17:54Z' progress=1.000000 cache=0.3MiB(733txo)
2025-10-31T18:17:59Z Saw new header hash=0dde5ae1773e31cb731a1ca4d808f774091b46f95fcf08abb1542c919a22240d height=254
2025-10-31T18:17:59Z Saw new cmpctblock header hash=0dde5ae1773e31cb731a1ca4d808f774091b46f95fcf08abb1542c919a22240d peer=0
2025-10-31T18:17:59Z UpdateTip: new best=0dde5ae1773e31cb731a1ca4d808f774091b46f95fcf08abb1542c919a22240d height=254 version=0x30000000 log2_work=8.994353 tx=4079 date='2025-10-31T18:17:59Z' progress=1.000000 cache=0.3MiB(732txo)
2025-10-31T18:18:04Z Saw new header hash=7e5cf738c16b7380318165bfc45528fa71d7ce09c672a1bf929f9b9f9298dc68 height=255
2025-10-31T18:18:04Z Saw new cmpctblock header hash=7e5cf738c16b7380318165bfc45528fa71d7ce09c672a1bf929f9b9f9298dc68 peer=0
2025-10-31T18:18:05Z UpdateTip: new best=7e5cf738c16b7380318165bfc45528fa71d7ce09c672a1bf929f9b9f9298dc68 height=255 version=0x30000000 log2_work=9.000000 tx=4114 date='2025-10-31T18:18:04Z' progress=1.000000 cache=0.3MiB(729txo)
2025-10-31T18:18:10Z Saw new header hash=4730c97637d32e7566f35b4785da49e5fd2765c20a0a09857c4e1568660798ac height=256
2025-10-31T18:18:10Z Saw new cmpctblock header hash=4730c97637d32e7566f35b4785da49e5fd2765c20a0a09857c4e1568660798ac peer=0
2025-10-31T18:18:10Z UpdateTip: new best=4730c97637d32e7566f35b4785da49e5fd2765c20a0a09857c4e1568660798ac height=256 version=0x30000000 log2_work=9.005625 tx=4152 date='2025-10-31T18:18:09Z' progress=1.000000 cache=0.3MiB(739txo)
2025-10-31T18:18:15Z Saw new header hash=570a73dcc6b4b77b9ce2833556e3f6f1304df68ea2565742201358d3b4861c53 height=257
2025-10-31T18:18:15Z Saw new cmpctblock header hash=570a73dcc6b4b77b9ce2833556e3f6f1304df68ea2565742201358d3b4861c53 peer=0
2025-10-31T18:18:15Z UpdateTip: new best=570a73dcc6b4b77b9ce2833556e3f6f1304df68ea2565742201358d3b4861c53 height=257 version=0x30000000 log2_work=9.011227 tx=4183 date='2025-10-31T18:18:15Z' progress=1.000000 cache=0.3MiB(741txo)
2025-10-31T18:18:20Z Saw new header hash=0a009a85274ecc72027e675a93a20f1f1da851f6fa2a7d4e10e5c97925ac5732 height=258
2025-10-31T18:18:20Z Saw new cmpctblock header hash=0a009a85274ecc72027e675a93a20f1f1da851f6fa2a7d4e10e5c97925ac5732 peer=0
2025-10-31T18:18:20Z UpdateTip: new best=0a009a85274ecc72027e675a93a20f1f1da851f6fa2a7d4e10e5c97925ac5732 height=258 version=0x30000000 log2_work=9.016808 tx=4214 date='2025-10-31T18:18:20Z' progress=1.000000 cache=0.3MiB(735txo)
2025-10-31T18:18:25Z Saw new header hash=5084401cf8be9c2148afb12c158121446b4cee8e9647192df370ae339630d66a height=259
2025-10-31T18:18:25Z Saw new cmpctblock header hash=5084401cf8be9c2148afb12c158121446b4cee8e9647192df370ae339630d66a peer=0
2025-10-31T18:18:25Z UpdateTip: new best=5084401cf8be9c2148afb12c158121446b4cee8e9647192df370ae339630d66a height=259 version=0x30000000 log2_work=9.022368 tx=4254 date='2025-10-31T18:18:25Z' progress=1.000000 cache=0.3MiB(746txo)
2025-10-31T18:18:31Z Saw new header hash=2bd1e19d21c27fa0d8e4943a26856a5c2925f5df1d6d5e21650bfef0ea277ccb height=260
2025-10-31T18:18:31Z Saw new cmpctblock header hash=2bd1e19d21c27fa0d8e4943a26856a5c2925f5df1d6d5e21650bfef0ea277ccb peer=0
2025-10-31T18:18:31Z UpdateTip: new best=2bd1e19d21c27fa0d8e4943a26856a5c2925f5df1d6d5e21650bfef0ea277ccb height=260 version=0x30000000 log2_work=9.027906 tx=4306 date='2025-10-31T18:18:30Z' progress=1.000000 cache=0.3MiB(739txo)
2025-10-31T18:18:36Z Saw new header hash=4e0907e9433c6e24ab5d42dd6eb70adf9e7cf05605d04c341a0ca4d2fb6c7687 height=261
2025-10-31T18:18:36Z Saw new cmpctblock header hash=4e0907e9433c6e24ab5d42dd6eb70adf9e7cf05605d04c341a0ca4d2fb6c7687 peer=0
2025-10-31T18:18:36Z UpdateTip: new best=4e0907e9433c6e24ab5d42dd6eb70adf9e7cf05605d04c341a0ca4d2fb6c7687 height=261 version=0x30000000 log2_work=9.033423 tx=4346 date='2025-10-31T18:18:35Z' progress=1.000000 cache=0.3MiB(734txo)
2025-10-31T18:18:41Z Saw new header hash=4e11819ed659a0cd6d91961eaf1c37055cb47e39ff2e962db53ad61db2968d21 height=262
2025-10-31T18:18:41Z Saw new cmpctblock header hash=4e11819ed659a0cd6d91961eaf1c37055cb47e39ff2e962db53ad61db2968d21 peer=0
2025-10-31T18:18:41Z UpdateTip: new best=4e11819ed659a0cd6d91961eaf1c37055cb47e39ff2e962db53ad61db2968d21 height=262 version=0x30000000 log2_work=9.038919 tx=4355 date='2025-10-31T18:18:41Z' progress=1.000000 cache=0.3MiB(735txo)
2025-10-31T18:18:46Z Saw new header hash=0a8a9269e85694a2ec1f9319d041c122bbdf6a3750d81b9bf05574bf76e7d8eb height=263
2025-10-31T18:18:46Z Saw new cmpctblock header hash=0a8a9269e85694a2ec1f9319d041c122bbdf6a3750d81b9bf05574bf76e7d8eb peer=0
2025-10-31T18:18:47Z UpdateTip: new best=0a8a9269e85694a2ec1f9319d041c122bbdf6a3750d81b9bf05574bf76e7d8eb height=263 version=0x30000000 log2_work=9.044394 tx=4404 date='2025-10-31T18:18:46Z' progress=1.000000 cache=0.3MiB(727txo)
2025-10-31T18:18:52Z Saw new header hash=2e05b8dbf24d2c6e04d1237f621d1d3cfe3595d820a5e64118b114b4a5517e9f height=264
2025-10-31T18:18:52Z Saw new cmpctblock header hash=2e05b8dbf24d2c6e04d1237f621d1d3cfe3595d820a5e64118b114b4a5517e9f peer=0
2025-10-31T18:18:52Z UpdateTip: new best=2e05b8dbf24d2c6e04d1237f621d1d3cfe3595d820a5e64118b114b4a5517e9f height=264 version=0x30000000 log2_work=9.049849 tx=4455 date='2025-10-31T18:18:51Z' progress=1.000000 cache=0.3MiB(730txo)
2025-10-31T18:18:57Z Saw new header hash=6551f540968d3aa65c57ebb266655e878bc9839e6c57d163c6ea4d0ced624b26 height=265
2025-10-31T18:18:57Z Saw new cmpctblock header hash=6551f540968d3aa65c57ebb266655e878bc9839e6c57d163c6ea4d0ced624b26 peer=0
2025-10-31T18:18:57Z UpdateTip: new best=6551f540968d3aa65c57ebb266655e878bc9839e6c57d163c6ea4d0ced624b26 height=265 version=0x30000000 log2_work=9.055282 tx=4493 date='2025-10-31T18:18:56Z' progress=1.000000 cache=0.3MiB(748txo)
2025-10-31T18:19:02Z Saw new header hash=12ff93d57a3e61a2d28824c046479402c125196faec095fdb4ab65b5fbf18f4b height=266
2025-10-31T18:19:02Z Saw new cmpctblock header hash=12ff93d57a3e61a2d28824c046479402c125196faec095fdb4ab65b5fbf18f4b peer=0
2025-10-31T18:19:02Z UpdateTip: new best=12ff93d57a3e61a2d28824c046479402c125196faec095fdb4ab65b5fbf18f4b height=266 version=0x30000000 log2_work=9.060696 tx=4525 date='2025-10-31T18:19:01Z' progress=1.000000 cache=0.3MiB(747txo)
2025-10-31T18:19:07Z Saw new header hash=3e5ec90a307c3874f94fbde7080f85e56c2f685ee4b7099a5e1d6f923d1ac37f height=267
2025-10-31T18:19:07Z Saw new cmpctblock header hash=3e5ec90a307c3874f94fbde7080f85e56c2f685ee4b7099a5e1d6f923d1ac37f peer=0
2025-10-31T18:19:07Z UpdateTip: new best=3e5ec90a307c3874f94fbde7080f85e56c2f685ee4b7099a5e1d6f923d1ac37f height=267 version=0x30000000 log2_work=9.066089 tx=4551 date='2025-10-31T18:19:07Z' progress=1.000000 cache=0.3MiB(754txo)
2025-10-31T18:19:12Z Saw new header hash=55b23d450852c79bf2250449450637b48d16a7179ee03637e17a2803cce8ef4c height=268
2025-10-31T18:19:12Z Saw new cmpctblock header hash=55b23d450852c79bf2250449450637b48d16a7179ee03637e17a2803cce8ef4c peer=0
2025-10-31T18:19:12Z UpdateTip: new best=55b23d450852c79bf2250449450637b48d16a7179ee03637e17a2803cce8ef4c height=268 version=0x30000000 log2_work=9.071462 tx=4601 date='2025-10-31T18:19:12Z' progress=1.000000 cache=0.3MiB(758txo)
2025-10-31T18:19:17Z Saw new header hash=59eee57988099478f8673ea3f5e3da1ee64bc9a9b8c5dc348207a0c1b9e279f7 height=269
2025-10-31T18:19:17Z Saw new cmpctblock header hash=59eee57988099478f8673ea3f5e3da1ee64bc9a9b8c5dc348207a0c1b9e279f7 peer=0
2025-10-31T18:19:17Z UpdateTip: new best=59eee57988099478f8673ea3f5e3da1ee64bc9a9b8c5dc348207a0c1b9e279f7 height=269 version=0x30000000 log2_work=9.076816 tx=4602 date='2025-10-31T18:19:17Z' progress=1.000000 cache=0.3MiB(759txo)
2025-10-31T18:19:23Z Saw new header hash=5a6e15c898133b2c74c56a13db8d701d738ae2e2b457c37880b3711a0029eec3 height=270
2025-10-31T18:19:23Z Saw new cmpctblock header hash=5a6e15c898133b2c74c56a13db8d701d738ae2e2b457c37880b3711a0029eec3 peer=0
2025-10-31T18:19:23Z UpdateTip: new best=5a6e15c898133b2c74c56a13db8d701d738ae2e2b457c37880b3711a0029eec3 height=270 version=0x30000000 log2_work=9.082149 tx=4666 date='2025-10-31T18:19:22Z' progress=1.000000 cache=0.3MiB(739txo)
2025-10-31T18:19:28Z Saw new header hash=720daa86f0db9c8650dade1c6e29cf91e8ed7eff9b87e0c413aa5a04cd2b0825 height=271
2025-10-31T18:19:28Z Saw new cmpctblock header hash=720daa86f0db9c8650dade1c6e29cf91e8ed7eff9b87e0c413aa5a04cd2b0825 peer=0
2025-10-31T18:19:28Z UpdateTip: new best=720daa86f0db9c8650dade1c6e29cf91e8ed7eff9b87e0c413aa5a04cd2b0825 height=271 version=0x30000000 log2_work=9.087463 tx=4726 date='2025-10-31T18:19:28Z' progress=1.000000 cache=0.3MiB(759txo)
2025-10-31T18:19:33Z Saw new header hash=61853a4ac37e22d8bffef2ced0ce3b71a6db274f886e6e7916a2af289a5ec882 height=272
2025-10-31T18:19:33Z Saw new cmpctblock header hash=61853a4ac37e22d8bffef2ced0ce3b71a6db274f886e6e7916a2af289a5ec882 peer=0
2025-10-31T18:19:33Z UpdateTip: new best=61853a4ac37e22d8bffef2ced0ce3b71a6db274f886e6e7916a2af289a5ec882 height=272 version=0x30000000 log2_work=9.092757 tx=4749 date='2025-10-31T18:19:33Z' progress=1.000000 cache=0.3MiB(769txo)
2025-10-31T18:19:38Z Saw new header hash=65106bd57a9546a550b9cc0074a80df5ae35c5daeb69733472a897eb789d8e22 height=273
2025-10-31T18:19:38Z Saw new cmpctblock header hash=65106bd57a9546a550b9cc0074a80df5ae35c5daeb69733472a897eb789d8e22 peer=0
2025-10-31T18:19:38Z UpdateTip: new best=65106bd57a9546a550b9cc0074a80df5ae35c5daeb69733472a897eb789d8e22 height=273 version=0x30000000 log2_work=9.098032 tx=4796 date='2025-10-31T18:19:38Z' progress=1.000000 cache=0.3MiB(772txo)
2025-10-31T18:19:44Z Saw new header hash=70b796e93ddb78680463f0ff75022a5e145fa439d6e49289c7c2e14b997f9696 height=274
2025-10-31T18:19:44Z Saw new cmpctblock header hash=70b796e93ddb78680463f0ff75022a5e145fa439d6e49289c7c2e14b997f9696 peer=0
2025-10-31T18:19:44Z UpdateTip: new best=70b796e93ddb78680463f0ff75022a5e145fa439d6e49289c7c2e14b997f9696 height=274 version=0x30000000 log2_work=9.103288 tx=4832 date='2025-10-31T18:19:43Z' progress=1.000000 cache=0.3MiB(802txo)
2025-10-31T18:19:49Z Saw new header hash=226801465c55fcf532eed54d08391f6238a8c341f9a2a718a959e13c5c52af7a height=275
2025-10-31T18:19:49Z Saw new cmpctblock header hash=226801465c55fcf532eed54d08391f6238a8c341f9a2a718a959e13c5c52af7a peer=0
2025-10-31T18:19:49Z UpdateTip: new best=226801465c55fcf532eed54d08391f6238a8c341f9a2a718a959e13c5c52af7a height=275 version=0x30000000 log2_work=9.108524 tx=4871 date='2025-10-31T18:19:48Z' progress=1.000000 cache=0.3MiB(787txo)
2025-10-31T18:19:54Z Saw new header hash=48d0c395f0ab98058b5722370a513b0666fcc191874f1619a49d23b2cb3f4fd2 height=276
2025-10-31T18:19:54Z Saw new cmpctblock header hash=48d0c395f0ab98058b5722370a513b0666fcc191874f1619a49d23b2cb3f4fd2 peer=0
2025-10-31T18:19:54Z UpdateTip: new best=48d0c395f0ab98058b5722370a513b0666fcc191874f1619a49d23b2cb3f4fd2 height=276 version=0x30000000 log2_work=9.113742 tx=4902 date='2025-10-31T18:19:54Z' progress=1.000000 cache=0.3MiB(804txo)
2025-10-31T18:19:59Z Saw new header hash=2b1cf2c866236d208fe648a2366081fd8ac6abe588ab8d392c14f12f6f224d11 height=277
2025-10-31T18:19:59Z Saw new cmpctblock header hash=2b1cf2c866236d208fe648a2366081fd8ac6abe588ab8d392c14f12f6f224d11 peer=0
2025-10-31T18:19:59Z UpdateTip: new best=2b1cf2c866236d208fe648a2366081fd8ac6abe588ab8d392c14f12f6f224d11 height=277 version=0x30000000 log2_work=9.118941 tx=4939 date='2025-10-31T18:19:59Z' progress=1.000000 cache=0.3MiB(815txo)
2025-10-31T18:20:04Z Saw new header hash=6ef295936761588a7c198f653169335adc9deb60218c23eb3bcf9f2e69ea0de0 height=278
2025-10-31T18:20:04Z Saw new cmpctblock header hash=6ef295936761588a7c198f653169335adc9deb60218c23eb3bcf9f2e69ea0de0 peer=0
2025-10-31T18:20:04Z UpdateTip: new best=6ef295936761588a7c198f653169335adc9deb60218c23eb3bcf9f2e69ea0de0 height=278 version=0x30000000 log2_work=9.124121 tx=4975 date='2025-10-31T18:20:04Z' progress=1.000000 cache=0.3MiB(840txo)
2025-10-31T18:20:10Z Saw new header hash=36292aa0fefb853733a3b51cdf0172e21baaf3d7d96ec4e2f4dadc7cc8dcf4e6 height=279
2025-10-31T18:20:10Z Saw new cmpctblock header hash=36292aa0fefb853733a3b51cdf0172e21baaf3d7d96ec4e2f4dadc7cc8dcf4e6 peer=0
2025-10-31T18:20:10Z UpdateTip: new best=36292aa0fefb853733a3b51cdf0172e21baaf3d7d96ec4e2f4dadc7cc8dcf4e6 height=279 version=0x30000000 log2_work=9.129283 tx=5024 date='2025-10-31T18:20:09Z' progress=1.000000 cache=0.3MiB(834txo)
2025-10-31T18:20:15Z Saw new header hash=4fbbe176376ae013902c0202906f54de0dc487589c9c0ae0799b2339b619ef73 height=280
2025-10-31T18:20:15Z Saw new cmpctblock header hash=4fbbe176376ae013902c0202906f54de0dc487589c9c0ae0799b2339b619ef73 peer=0
2025-10-31T18:20:15Z UpdateTip: new best=4fbbe176376ae013902c0202906f54de0dc487589c9c0ae0799b2339b619ef73 height=280 version=0x30000000 log2_work=9.134426 tx=5056 date='2025-10-31T18:20:15Z' progress=1.000000 cache=0.3MiB(837txo)
2025-10-31T18:20:20Z Saw new header hash=744d22a66b4f426862242ac9411ddd50535b5f469d69e05f72eda56338a7651c height=281
2025-10-31T18:20:20Z Saw new cmpctblock header hash=744d22a66b4f426862242ac9411ddd50535b5f469d69e05f72eda56338a7651c peer=0
2025-10-31T18:20:21Z UpdateTip: new best=744d22a66b4f426862242ac9411ddd50535b5f469d69e05f72eda56338a7651c height=281 version=0x30000000 log2_work=9.139551 tx=5096 date='2025-10-31T18:20:20Z' progress=1.000000 cache=0.3MiB(821txo)
2025-10-31T18:20:26Z Saw new header hash=7bdb99b850c4cc35d476eb77911befe8b08faf869433e06f6fb5d239f0928265 height=282
2025-10-31T18:20:26Z Saw new cmpctblock header hash=7bdb99b850c4cc35d476eb77911befe8b08faf869433e06f6fb5d239f0928265 peer=0
2025-10-31T18:20:26Z UpdateTip: new best=7bdb99b850c4cc35d476eb77911befe8b08faf869433e06f6fb5d239f0928265 height=282 version=0x30000000 log2_work=9.144658 tx=5134 date='2025-10-31T18:20:25Z' progress=1.000000 cache=0.3MiB(828txo)
2025-10-31T18:20:30Z Saw new header hash=221630e3e25a3ace2b5321af183733c4912ea31ef0c3b1b820b79ad9f6d166f6 height=283
2025-10-31T18:20:30Z Saw new cmpctblock header hash=221630e3e25a3ace2b5321af183733c4912ea31ef0c3b1b820b79ad9f6d166f6 peer=0
2025-10-31T18:20:30Z UpdateTip: new best=221630e3e25a3ace2b5321af183733c4912ea31ef0c3b1b820b79ad9f6d166f6 height=283 version=0x30000000 log2_work=9.149747 tx=5135 date='2025-10-31T18:20:30Z' progress=1.000000 cache=0.3MiB(829txo)
2025-10-31T18:20:36Z Saw new header hash=4791dae63c1259bb8141b1c1913ba9b9c65ef3291b7c4bc471019a8ba6e0587e height=284
2025-10-31T18:20:36Z Saw new cmpctblock header hash=4791dae63c1259bb8141b1c1913ba9b9c65ef3291b7c4bc471019a8ba6e0587e peer=0
2025-10-31T18:20:36Z UpdateTip: new best=4791dae63c1259bb8141b1c1913ba9b9c65ef3291b7c4bc471019a8ba6e0587e height=284 version=0x30000000 log2_work=9.154818 tx=5199 date='2025-10-31T18:20:35Z' progress=1.000000 cache=0.3MiB(814txo)
2025-10-31T18:20:41Z Saw new header hash=2ce385cd9b1e2f41d75d146b3c75d91eda9903170589319d75c46b20162f0e33 height=285
2025-10-31T18:20:41Z Saw new cmpctblock header hash=2ce385cd9b1e2f41d75d146b3c75d91eda9903170589319d75c46b20162f0e33 peer=0
2025-10-31T18:20:42Z UpdateTip: new best=2ce385cd9b1e2f41d75d146b3c75d91eda9903170589319d75c46b20162f0e33 height=285 version=0x30000000 log2_work=9.159871 tx=5248 date='2025-10-31T18:20:41Z' progress=1.000000 cache=0.3MiB(817txo)
2025-10-31T18:20:46Z Saw new header hash=55f573f871ef2a6e5876f28321b61f4663fcd1548c334780d5e8714132e40dc0 height=286
2025-10-31T18:20:46Z Saw new cmpctblock header hash=55f573f871ef2a6e5876f28321b61f4663fcd1548c334780d5e8714132e40dc0 peer=0
2025-10-31T18:20:46Z UpdateTip: new best=55f573f871ef2a6e5876f28321b61f4663fcd1548c334780d5e8714132e40dc0 height=286 version=0x30000000 log2_work=9.164907 tx=5283 date='2025-10-31T18:20:46Z' progress=1.000000 cache=0.3MiB(832txo)
2025-10-31T18:20:51Z Saw new header hash=3fea336817e70bfbbf96ce4aea97ed517a54f6e82151b5fd983be1c730dbfc90 height=287
2025-10-31T18:20:51Z Saw new cmpctblock header hash=3fea336817e70bfbbf96ce4aea97ed517a54f6e82151b5fd983be1c730dbfc90 peer=0
2025-10-31T18:20:51Z UpdateTip: new best=3fea336817e70bfbbf96ce4aea97ed517a54f6e82151b5fd983be1c730dbfc90 height=287 version=0x30000000 log2_work=9.169925 tx=5320 date='2025-10-31T18:20:51Z' progress=1.000000 cache=0.3MiB(849txo)
2025-10-31T18:20:57Z Saw new header hash=18cd7b2830337e406ed0c4b9a36c57581f69db2e37d6f362cf51e1fe211dcceb height=288
2025-10-31T18:20:57Z Saw new cmpctblock header hash=18cd7b2830337e406ed0c4b9a36c57581f69db2e37d6f362cf51e1fe211dcceb peer=0
2025-10-31T18:20:57Z UpdateTip: new best=18cd7b2830337e406ed0c4b9a36c57581f69db2e37d6f362cf51e1fe211dcceb height=288 version=0x30000000 log2_work=9.174926 tx=5346 date='2025-10-31T18:20:56Z' progress=1.000000 cache=0.3MiB(858txo)
2025-10-31T18:21:02Z Saw new header hash=6ffd3a0a614f13c3db049ac07b073536c0d3755e6b38da31ca8129e5154efa95 height=289
2025-10-31T18:21:02Z Saw new cmpctblock header hash=6ffd3a0a614f13c3db049ac07b073536c0d3755e6b38da31ca8129e5154efa95 peer=0
2025-10-31T18:21:02Z UpdateTip: new best=6ffd3a0a614f13c3db049ac07b073536c0d3755e6b38da31ca8129e5154efa95 height=289 version=0x30000000 log2_work=9.179909 tx=5394 date='2025-10-31T18:21:01Z' progress=1.000000 cache=0.3MiB(854txo)
2025-10-31T18:21:07Z Saw new header hash=0fc12d3aa2f8cbde2340b48d56291bade6c93da730bb6b1d2555f79142998b0e height=290
2025-10-31T18:21:07Z Saw new cmpctblock header hash=0fc12d3aa2f8cbde2340b48d56291bade6c93da730bb6b1d2555f79142998b0e peer=0
2025-10-31T18:21:07Z UpdateTip: new best=0fc12d3aa2f8cbde2340b48d56291bade6c93da730bb6b1d2555f79142998b0e height=290 version=0x30000000 log2_work=9.184875 tx=5429 date='2025-10-31T18:21:07Z' progress=1.000000 cache=0.3MiB(859txo)
2025-10-31T18:21:12Z Saw new header hash=1dd63d7c787fae3a0af04412609cb36c5a850086126ba32a0c54ca7aba3dbcaa height=291
2025-10-31T18:21:12Z Saw new cmpctblock header hash=1dd63d7c787fae3a0af04412609cb36c5a850086126ba32a0c54ca7aba3dbcaa peer=0
2025-10-31T18:21:12Z UpdateTip: new best=1dd63d7c787fae3a0af04412609cb36c5a850086126ba32a0c54ca7aba3dbcaa height=291 version=0x30000000 log2_work=9.189825 tx=5468 date='2025-10-31T18:21:12Z' progress=1.000000 cache=0.3MiB(870txo)
2025-10-31T18:21:18Z Saw new header hash=1790e97cb303673806d9444fcf282d4ce823ae9b2ec449f3254072c099e94cbb height=292
2025-10-31T18:21:18Z Saw new cmpctblock header hash=1790e97cb303673806d9444fcf282d4ce823ae9b2ec449f3254072c099e94cbb peer=0
2025-10-31T18:21:18Z UpdateTip: new best=1790e97cb303673806d9444fcf282d4ce823ae9b2ec449f3254072c099e94cbb height=292 version=0x30000000 log2_work=9.194757 tx=5510 date='2025-10-31T18:21:17Z' progress=1.000000 cache=0.3MiB(885txo)
2025-10-31T18:21:23Z Saw new header hash=02f27afed929d68c2196fac7da7a8573b707e66e2e2e00fd090cda74bb36cf79 height=293
2025-10-31T18:21:23Z Saw new cmpctblock header hash=02f27afed929d68c2196fac7da7a8573b707e66e2e2e00fd090cda74bb36cf79 peer=0
2025-10-31T18:21:23Z UpdateTip: new best=02f27afed929d68c2196fac7da7a8573b707e66e2e2e00fd090cda74bb36cf79 height=293 version=0x30000000 log2_work=9.199672 tx=5545 date='2025-10-31T18:21:23Z' progress=1.000000 cache=0.3MiB(896txo)
2025-10-31T18:21:28Z Saw new header hash=0507ba0ad90e625613f67a23a4d39845df59b15c35f81497ba7afe4aa0dc10df height=294
2025-10-31T18:21:28Z Saw new cmpctblock header hash=0507ba0ad90e625613f67a23a4d39845df59b15c35f81497ba7afe4aa0dc10df peer=0
2025-10-31T18:21:28Z UpdateTip: new best=0507ba0ad90e625613f67a23a4d39845df59b15c35f81497ba7afe4aa0dc10df height=294 version=0x30000000 log2_work=9.204571 tx=5579 date='2025-10-31T18:21:28Z' progress=1.000000 cache=0.3MiB(905txo)
2025-10-31T18:21:34Z Saw new header hash=2f91e7813c1e86590298f0fbd006200ea30b90bbcd2726c18c88ce19ac8ac5c1 height=295
2025-10-31T18:21:34Z Saw new cmpctblock header hash=2f91e7813c1e86590298f0fbd006200ea30b90bbcd2726c18c88ce19ac8ac5c1 peer=0
2025-10-31T18:21:34Z UpdateTip: new best=2f91e7813c1e86590298f0fbd006200ea30b90bbcd2726c18c88ce19ac8ac5c1 height=295 version=0x30000000 log2_work=9.209453 tx=5619 date='2025-10-31T18:21:33Z' progress=1.000000 cache=0.3MiB(898txo)
2025-10-31T18:21:39Z Saw new header hash=11c2da29ea86d922ecebfbcc41c6a4266e8d2efc8125e1b46c5413756535d06c height=296
2025-10-31T18:21:39Z Saw new cmpctblock header hash=11c2da29ea86d922ecebfbcc41c6a4266e8d2efc8125e1b46c5413756535d06c peer=0
2025-10-31T18:21:39Z UpdateTip: new best=11c2da29ea86d922ecebfbcc41c6a4266e8d2efc8125e1b46c5413756535d06c height=296 version=0x30000000 log2_work=9.214319 tx=5655 date='2025-10-31T18:21:38Z' progress=1.000000 cache=0.3MiB(918txo)
2025-10-31T18:21:44Z Saw new header hash=42bf2a0958de940f78a0836e6a32885ddfdfee54204c34e49b78f603031b6656 height=297
2025-10-31T18:21:44Z Saw new cmpctblock header hash=42bf2a0958de940f78a0836e6a32885ddfdfee54204c34e49b78f603031b6656 peer=0
2025-10-31T18:21:44Z UpdateTip: new best=42bf2a0958de940f78a0836e6a32885ddfdfee54204c34e49b78f603031b6656 height=297 version=0x30000000 log2_work=9.219169 tx=5686 date='2025-10-31T18:21:44Z' progress=1.000000 cache=0.3MiB(898txo)
2025-10-31T18:21:49Z Saw new header hash=661ee603386c471d80f18a547e732b5de3e67d94e50a583a00a9d16172504ecb height=298
2025-10-31T18:21:49Z Saw new cmpctblock header hash=661ee603386c471d80f18a547e732b5de3e67d94e50a583a00a9d16172504ecb peer=0
2025-10-31T18:21:49Z UpdateTip: new best=661ee603386c471d80f18a547e732b5de3e67d94e50a583a00a9d16172504ecb height=298 version=0x30000000 log2_work=9.224002 tx=5715 date='2025-10-31T18:21:49Z' progress=1.000000 cache=0.3MiB(906txo)
2025-10-31T18:21:54Z Saw new header hash=0ef50e9998b00ea7840f94213692cf07882c6e40613db4700397c4227b75b0ce height=299
2025-10-31T18:21:54Z Saw new cmpctblock header hash=0ef50e9998b00ea7840f94213692cf07882c6e40613db4700397c4227b75b0ce peer=0
2025-10-31T18:21:54Z UpdateTip: new best=0ef50e9998b00ea7840f94213692cf07882c6e40613db4700397c4227b75b0ce height=299 version=0x30000000 log2_work=9.228819 tx=5758 date='2025-10-31T18:21:54Z' progress=1.000000 cache=0.3MiB(910txo)
2025-10-31T18:21:59Z Saw new header hash=6e0092a643fe98ea8c8b8e5325b9b0b74fe8e74fb1c01a49051ae67997086ab1 height=300
2025-10-31T18:21:59Z Saw new cmpctblock header hash=6e0092a643fe98ea8c8b8e5325b9b0b74fe8e74fb1c01a49051ae67997086ab1 peer=0
2025-10-31T18:21:59Z UpdateTip: new best=6e0092a643fe98ea8c8b8e5325b9b0b74fe8e74fb1c01a49051ae67997086ab1 height=300 version=0x30000000 log2_work=9.233620 tx=5789 date='2025-10-31T18:21:59Z' progress=1.000000 cache=0.3MiB(926txo)
2025-10-31T18:22:04Z Saw new header hash=3edd46d7fd6c39b47182a7254d586abf4f68a5e5ab0ca6cae941a2ee01446219 height=301
2025-10-31T18:22:04Z Saw new cmpctblock header hash=3edd46d7fd6c39b47182a7254d586abf4f68a5e5ab0ca6cae941a2ee01446219 peer=0
2025-10-31T18:22:04Z UpdateTip: new best=3edd46d7fd6c39b47182a7254d586abf4f68a5e5ab0ca6cae941a2ee01446219 height=301 version=0x30000000 log2_work=9.238405 tx=5825 date='2025-10-31T18:22:04Z' progress=1.000000 cache=0.3MiB(935txo)
2025-10-31T18:22:09Z Saw new header hash=4a89f1e2375d38be1a1cfd7ef831e7ec9c2a00b3c177982af95381016ca380f4 height=302
2025-10-31T18:22:09Z Saw new cmpctblock header hash=4a89f1e2375d38be1a1cfd7ef831e7ec9c2a00b3c177982af95381016ca380f4 peer=0
2025-10-31T18:22:09Z UpdateTip: new best=4a89f1e2375d38be1a1cfd7ef831e7ec9c2a00b3c177982af95381016ca380f4 height=302 version=0x30000000 log2_work=9.243174 tx=5841 date='2025-10-31T18:22:09Z' progress=1.000000 cache=0.3MiB(942txo)
2025-10-31T18:22:14Z Saw new header hash=38ad783f271a1855e3c714e0fab50d05d8a2029414b518109867b6f108b26fb2 height=303
2025-10-31T18:22:14Z Saw new cmpctblock header hash=38ad783f271a1855e3c714e0fab50d05d8a2029414b518109867b6f108b26fb2 peer=0
2025-10-31T18:22:14Z UpdateTip: new best=38ad783f271a1855e3c714e0fab50d05d8a2029414b518109867b6f108b26fb2 height=303 version=0x30000000 log2_work=9.247928 tx=5842 date='2025-10-31T18:22:14Z' progress=1.000000 cache=0.3MiB(943txo)
2025-10-31T18:22:19Z Saw new header hash=14597d6b140203a35b9fb9da84cc2cbe68c8e95daa79ab9595cb5d31181daaf7 height=304
2025-10-31T18:22:19Z Saw new cmpctblock header hash=14597d6b140203a35b9fb9da84cc2cbe68c8e95daa79ab9595cb5d31181daaf7 peer=0
2025-10-31T18:22:19Z UpdateTip: new best=14597d6b140203a35b9fb9da84cc2cbe68c8e95daa79ab9595cb5d31181daaf7 height=304 version=0x30000000 log2_work=9.252665 tx=5919 date='2025-10-31T18:22:19Z' progress=1.000000 cache=0.3MiB(924txo)
2025-10-31T18:22:24Z Saw new header hash=0e356e1a876990d4db38b3d96399484fe714e4f8f3d2e4f55e94d4a74d2f682a height=305
2025-10-31T18:22:24Z Saw new cmpctblock header hash=0e356e1a876990d4db38b3d96399484fe714e4f8f3d2e4f55e94d4a74d2f682a peer=0
2025-10-31T18:22:24Z UpdateTip: new best=0e356e1a876990d4db38b3d96399484fe714e4f8f3d2e4f55e94d4a74d2f682a height=305 version=0x30000000 log2_work=9.257388 tx=5930 date='2025-10-31T18:22:24Z' progress=1.000000 cache=0.3MiB(919txo)
2025-10-31T18:22:29Z Saw new header hash=45884bee1283137309576d55b2dc5cbecf4a84b768734bace6edf7d25d28dba7 height=306
2025-10-31T18:22:29Z Saw new cmpctblock header hash=45884bee1283137309576d55b2dc5cbecf4a84b768734bace6edf7d25d28dba7 peer=0
2025-10-31T18:22:29Z UpdateTip: new best=45884bee1283137309576d55b2dc5cbecf4a84b768734bace6edf7d25d28dba7 height=306 version=0x30000000 log2_work=9.262095 tx=5941 date='2025-10-31T18:22:29Z' progress=1.000000 cache=0.3MiB(927txo)
2025-10-31T18:22:34Z Saw new header hash=30e6ee083aa212588fd3bdeb456d5be4248d29af9259c11c4336cf1cc40dfbf3 height=307
2025-10-31T18:22:34Z Saw new cmpctblock header hash=30e6ee083aa212588fd3bdeb456d5be4248d29af9259c11c4336cf1cc40dfbf3 peer=0
2025-10-31T18:22:34Z UpdateTip: new best=30e6ee083aa212588fd3bdeb456d5be4248d29af9259c11c4336cf1cc40dfbf3 height=307 version=0x30000000 log2_work=9.266787 tx=6011 date='2025-10-31T18:22:34Z' progress=1.000000 cache=0.3MiB(935txo)
2025-10-31T18:22:39Z Saw new header hash=1b0ce0c0e3e6550f1dc4103cf632346819b74ca29961140d038536da4d0498fd height=308
2025-10-31T18:22:39Z Saw new cmpctblock header hash=1b0ce0c0e3e6550f1dc4103cf632346819b74ca29961140d038536da4d0498fd peer=0
2025-10-31T18:22:39Z UpdateTip: new best=1b0ce0c0e3e6550f1dc4103cf632346819b74ca29961140d038536da4d0498fd height=308 version=0x30000000 log2_work=9.271463 tx=6043 date='2025-10-31T18:22:39Z' progress=1.000000 cache=0.3MiB(924txo)
2025-10-31T18:22:45Z Saw new header hash=08e1839a957352feffa45718e87337978654a82b1f918d74a1af773f530276ee height=309
2025-10-31T18:22:45Z Saw new cmpctblock header hash=08e1839a957352feffa45718e87337978654a82b1f918d74a1af773f530276ee peer=0
2025-10-31T18:22:45Z UpdateTip: new best=08e1839a957352feffa45718e87337978654a82b1f918d74a1af773f530276ee height=309 version=0x30000000 log2_work=9.276124 tx=6075 date='2025-10-31T18:22:45Z' progress=1.000000 cache=0.3MiB(924txo)
2025-10-31T18:22:50Z Saw new header hash=03d4c68d45da5611c6e22c06ae71db32257fc96ec214d2f6546ea74890a8e7ca height=310
2025-10-31T18:22:50Z Saw new cmpctblock header hash=03d4c68d45da5611c6e22c06ae71db32257fc96ec214d2f6546ea74890a8e7ca peer=0
2025-10-31T18:22:50Z UpdateTip: new best=03d4c68d45da5611c6e22c06ae71db32257fc96ec214d2f6546ea74890a8e7ca height=310 version=0x30000000 log2_work=9.280771 tx=6100 date='2025-10-31T18:22:50Z' progress=1.000000 cache=0.3MiB(928txo)
2025-10-31T18:22:55Z Saw new header hash=4d31435153b990a157a427bc96c2d91f2f53df21873fa2b284b40d645033b5a2 height=311
2025-10-31T18:22:55Z Saw new cmpctblock header hash=4d31435153b990a157a427bc96c2d91f2f53df21873fa2b284b40d645033b5a2 peer=0
2025-10-31T18:22:55Z UpdateTip: new best=4d31435153b990a157a427bc96c2d91f2f53df21873fa2b284b40d645033b5a2 height=311 version=0x30000000 log2_work=9.285402 tx=6132 date='2025-10-31T18:22:55Z' progress=1.000000 cache=0.3MiB(923txo)
2025-10-31T18:23:00Z Saw new header hash=078508c2944df0c06543236118f22cdca0a972695a22250aabf5cf774874b8c5 height=312
2025-10-31T18:23:00Z Saw new cmpctblock header hash=078508c2944df0c06543236118f22cdca0a972695a22250aabf5cf774874b8c5 peer=0
2025-10-31T18:23:00Z UpdateTip: new best=078508c2944df0c06543236118f22cdca0a972695a22250aabf5cf774874b8c5 height=312 version=0x30000000 log2_work=9.290019 tx=6143 date='2025-10-31T18:23:00Z' progress=1.000000 cache=0.3MiB(925txo)
2025-10-31T18:23:05Z Saw new header hash=6998eb39fec6caeb768ded2b8773bde391eb08fd5e13294057a1c5ccc49a1b8d height=313
2025-10-31T18:23:05Z Saw new cmpctblock header hash=6998eb39fec6caeb768ded2b8773bde391eb08fd5e13294057a1c5ccc49a1b8d peer=0
2025-10-31T18:23:05Z UpdateTip: new best=6998eb39fec6caeb768ded2b8773bde391eb08fd5e13294057a1c5ccc49a1b8d height=313 version=0x30000000 log2_work=9.294621 tx=6235 date='2025-10-31T18:23:05Z' progress=1.000000 cache=0.3MiB(949txo)
2025-10-31T18:23:10Z Saw new header hash=4615805d7bb9bd0d8e5a0e511cee8a65107ac9e8fbc14d360e41599b0a3581a6 height=314
2025-10-31T18:23:10Z Saw new cmpctblock header hash=4615805d7bb9bd0d8e5a0e511cee8a65107ac9e8fbc14d360e41599b0a3581a6 peer=0
2025-10-31T18:23:10Z UpdateTip: new best=4615805d7bb9bd0d8e5a0e511cee8a65107ac9e8fbc14d360e41599b0a3581a6 height=314 version=0x30000000 log2_work=9.299208 tx=6262 date='2025-10-31T18:23:10Z' progress=1.000000 cache=0.3MiB(951txo)
2025-10-31T18:23:15Z Saw new header hash=68b9e1712886878b55b1808f3491a219005f0987338cae63061d1bd31b5779cb height=315
2025-10-31T18:23:15Z Saw new cmpctblock header hash=68b9e1712886878b55b1808f3491a219005f0987338cae63061d1bd31b5779cb peer=0
2025-10-31T18:23:15Z UpdateTip: new best=68b9e1712886878b55b1808f3491a219005f0987338cae63061d1bd31b5779cb height=315 version=0x30000000 log2_work=9.303781 tx=6291 date='2025-10-31T18:23:15Z' progress=1.000000 cache=0.3MiB(961txo)
