txid,submit_ts_utc,confirm_ts_utc,confirm_block_height
efd8fc5f6d88da315bb00eab4283d994a46fb2612bd210b24cccd18106e5cd10,2025-11-01T10:32:07.403057+00:00,2025-11-01T10:32:29+00:00,136
223746ec925c6795e71a817a43238ee524977df82688d1d0540eb79167a46721,2025-11-01T10:32:07.530508+00:00,2025-11-01T10:32:29+00:00,136
57e53add7e733e7cd50710eac75d87f5d0654c1f29262ebe8bdff0fe9587e99e,2025-11-01T10:32:07.654349+00:00,2025-11-01T10:32:29+00:00,136
f691934babafc092ddf02cda3049f328f3280b7800560b062a86d8b77a249697,2025-11-01T10:32:07.777483+00:00,2025-11-01T10:32:29+00:00,136
6b7ac8e6f4e4a00e073dc2db7a13d5859fc553f95ea187460781d019c6136d4a,2025-11-01T10:32:07.900992+00:00,2025-11-01T10:32:29+00:00,136
8af19a23501bf324536e1c1e04a9a01f250e29d8a8566adb7cf6f6bc2d238e93,2025-11-01T10:32:08.023934+00:00,2025-11-01T10:32:29+00:00,136
fa86805c8a1d83fc443e38ec470bb1c7c54636298fd75a95d30b5df28db17663,2025-11-01T10:32:08.155400+00:00,2025-11-01T10:32:29+00:00,136
0857d925c900432438d72a1a521b04c122b34aabec37f9d9e743f9808383a801,2025-11-01T10:32:08.280398+00:00,2025-11-01T10:32:29+00:00,136
326e6cd6c6c6ae1b062ae884ae905cc67e96d30276bac1836b92928f8e435f95,2025-11-01T10:32:08.402491+00:00,2025-11-01T10:32:29+00:00,136
e9ddd6d81a31f85af21a032b50c1f1dc93e3b4619e8286139763ae3c5e693d47,2025-11-01T10:32:08.536951+00:00,2025-11-01T10:32:29+00:00,136
d3eac54f6248853fae126b532a63bd03c32713a9ec89ba28b942a488d9a2ebd8,2025-11-01T10:32:08.656867+00:00,2025-11-01T10:32:29+00:00,136
6de4463dbaed9f17e9459b8ef47587dba6f60e33679a045b21ab4601be012405,2025-11-01T10:32:08.776189+00:00,2025-11-01T10:32:29+00:00,136
dcc2c78c3d705e8fd8c39a5a4ad7915b5ff15c850e3a856d115e45d014202546,2025-11-01T10:32:08.894907+00:00,2025-11-01T10:32:29+00:00,136
7c82ca02b91ce165155746469787c63adaf9276394ef602250950ab87ae48eb3,2025-11-01T10:32:09.014560+00:00,2025-11-01T10:32:29+00:00,136
1e160cd9a52e0101ca2e78c4a65434328449f88f6ace7f718186a1f136812395,2025-11-01T10:32:09.133536+00:00,2025-11-01T10:32:29+00:00,136
c2674746396bfc6e0bb3c90d43b078824fdf508311d9af3d875f1693cdf34cd1,2025-11-01T10:32:09.253332+00:00,2025-11-01T10:32:29+00:00,136
282b96ac1b7d3a5b904484273ddfc30d0701506873390d7e5dc46889c5767b00,2025-11-01T10:32:09.372418+00:00,2025-11-01T10:32:29+00:00,136
aa6cfe2acf653d474738f30325d36336e7da34c23928d0076f07b5d6aa9abd61,2025-11-01T10:32:09.495964+00:00,2025-11-01T10:32:29+00:00,136
59cc7a958632d13956a1fd69cf9df890b71472a17c770546e22446a63dfcaf4e,2025-11-01T10:32:09.615574+00:00,2025-11-01T10:32:29+00:00,136
829d4a6ae0a8b07b047dfc64a3b4317e1eed7c1f7953dd10596e43473e080444,2025-11-01T10:32:09.741336+00:00,2025-11-01T10:32:29+00:00,136
64bda4b6332298055b3a7ddb040e854674797613a3afe302bb82eadbf23345ca,2025-11-01T10:32:09.859393+00:00,2025-11-01T10:32:29+00:00,136
7f9c47053eea5ff89767e8449b4af8844c927f3ed7d3d1eafe0d185222fc91a5,2025-11-01T10:32:09.976070+00:00,2025-11-01T10:32:29+00:00,136
162c210005cbc60105c0cffc27a22a89cbe527e2ddad92856489b7997f4bd435,2025-11-01T10:32:10.093059+00:00,2025-11-01T10:32:29+00:00,136
fa3260b87a1307b75ffb71a8301097a87729d764d0d1d647afa95110d36568ec,2025-11-01T10:32:10.208033+00:00,2025-11-01T10:32:29+00:00,136
fa402b74bd18d21c845eda1c1db5a282964a2ca3a5d6c206eb5bfd124de43032,2025-11-01T10:32:10.330454+00:00,2025-11-01T10:32:29+00:00,136
ce6746b70d8d26af2777e829c2e671a6664e47e804ee1f63097a4108870e7ae4,2025-11-01T10:32:10.444336+00:00,2025-11-01T10:32:29+00:00,136
df8bb8b35ffb4302d4dbdf7435330fa0362a5d8f25c1a072fec78cf2864d103b,2025-11-01T10:32:10.558603+00:00,2025-11-01T10:32:29+00:00,136
5173dc80f9c55c4cad8d1fb29ba8c6c819fb7e3f6ba85ab71ee7ec6556c92c62,2025-11-01T10:32:10.674663+00:00,2025-11-01T10:32:29+00:00,136
9e39bbe49474a4d979c62514f4dc2a014cc5767dace15f2ef8f6759c8291f8bd,2025-11-01T10:32:10.795541+00:00,2025-11-01T10:32:29+00:00,136
d86f1b0e9d22679eef838f8a41ee0f03c025df316fb7e1026bbf536acf4c1eaf,2025-11-01T10:32:10.915637+00:00,2025-11-01T10:32:29+00:00,136
926399af3f92de704ba3194c3f876a4b0da9fda227845e639445c810f27ffab1,2025-11-01T10:32:11.029220+00:00,2025-11-01T10:32:29+00:00,136
6ced27e193916a29814c6aa38e91a6fdc6b80992a0641d93153d11290a89abf1,2025-11-01T10:32:11.143986+00:00,2025-11-01T10:32:29+00:00,136
be61a2cb0a071180184d5029c6e6c4697c5394ad83f15b89a2128579e5f6a51c,2025-11-01T10:32:11.261192+00:00,2025-11-01T10:32:29+00:00,136
6563230f6839e248c77adc94cbb3af2dd15df57257973c3618ec715d236f7e6d,2025-11-01T10:32:11.378538+00:00,2025-11-01T10:32:29+00:00,136
a866e0047d8a308cb7f811bc33e2cc1e82dcd5b5fa4cb9eb5673a7633cb240bb,2025-11-01T10:32:11.497119+00:00,2025-11-01T10:32:29+00:00,136
cd8229f42b279bb3d8674bfea25a178551b3b274b4aac8c55da7d8183f28ad80,2025-11-01T10:32:11.614108+00:00,2025-11-01T10:32:29+00:00,136
c88b4e5235a81b1c334c9c964de325b2a0820ca5cd989021a7ad91cd8bb969ab,2025-11-01T10:32:11.733759+00:00,2025-11-01T10:32:29+00:00,136
fb4cbda855bdad2b515b4c0db82845814f79ce21f0975ef3db98bf8f08a45917,2025-11-01T10:32:11.851561+00:00,2025-11-01T10:32:29+00:00,136
16cf3ff762d45b5e151075da96831b401fdf9c79631830029b1c19f88ad2547c,2025-11-01T10:32:11.962935+00:00,2025-11-01T10:32:29+00:00,136
bc23d6eb6213bd33e3123c535e9f5074b7913c9f0724338ed38fe27a3ab50526,2025-11-01T10:32:12.078614+00:00,2025-11-01T10:32:29+00:00,136
4a55e45fa1543974a75fa7513f1cff1a4d61b2fc39cee7b716c66e719887b216,2025-11-01T10:32:12.195726+00:00,2025-11-01T10:32:29+00:00,136
325777d46de1a3b72352de1ad1ff57abc35f3eb2f2d28c2a5abd1aef16b8de8e,2025-11-01T10:32:12.313785+00:00,2025-11-01T10:32:29+00:00,136
c5f6e772c49ddf85b98e03a36d210f0fadb0f8d090bf7129e844f05a4257a187,2025-11-01T10:32:12.437056+00:00,2025-11-01T10:32:29+00:00,136
2951decbd4bfdb47862c481ecba26f96fcab9e77fb727831ebdf97bf5aa1c13d,2025-11-01T10:32:12.558613+00:00,2025-11-01T10:32:29+00:00,136
177a760ed61e5786f995c0f8140556e8d822496a3461971de1ecdb10ee86dd0b,2025-11-01T10:32:12.681944+00:00,2025-11-01T10:32:29+00:00,136
dc62a379d5827d8c8872f7b5bb7e71cd7021d5cacf0cdf44f1e5727725706908,2025-11-01T10:32:12.804401+00:00,2025-11-01T10:32:29+00:00,136
daf5581b7071d25d6f99cee6133c42da94ccec58484fdebce2fb5d28cd3517ca,2025-11-01T10:32:12.921439+00:00,2025-11-01T10:32:29+00:00,136
e840396ed8d30aa074f779a71aa2d30ac531d7bf482139b2dafb520f6f994491,2025-11-01T10:32:13.041486+00:00,2025-11-01T10:32:29+00:00,136
63b56de24df59d51f9cf2ec8faafa86c94f7003b26e564cb39e88c853f2c7860,2025-11-01T10:32:13.164374+00:00,2025-11-01T10:32:29+00:00,136
37e22c0a951a20a9ba5552a2619a55d024137a0862dbfe5a92baaed3b2ce10b0,2025-11-01T10:32:13.289105+00:00,2025-11-01T10:32:29+00:00,136
385305a4b8e805c4c9454a6b208cfbf30993a8ed1a301bb3b12e9d76d3017395,2025-11-01T10:32:13.419807+00:00,2025-11-01T10:32:29+00:00,136
e58dfd065c78e537e00533d43584bf65f225d32cb3913e1391d9fd35a5323ca5,2025-11-01T10:32:13.547028+00:00,2025-11-01T10:32:29+00:00,136
7ead54e14a96a820050ca1d7acfa51b17833907716495851c5ffe7a88867092a,2025-11-01T10:32:13.663922+00:00,2025-11-01T10:32:29+00:00,136
c0f56209552a4dc4305ee8d7c3171c784b304be6243083db5320ce218f0bc46c,2025-11-01T10:32:13.786403+00:00,2025-11-01T10:32:29+00:00,136
ac81587134ed1baf0f61def7dbbe1aecf6a51c525518499b5b90c14d9d0b5122,2025-11-01T10:32:13.910507+00:00,2025-11-01T10:32:29+00:00,136
aed435db1fe4dfd8238c5e9bc94d8e0206c497910ca0ed12540c8401a1f38d7e,2025-11-01T10:32:14.031336+00:00,2025-11-01T10:32:29+00:00,137
7437cade80021c9be1e331ba60f918a990e26c28190f74d74885466f6f7a57c9,2025-11-01T10:32:14.153330+00:00,2025-11-01T10:32:29+00:00,137
c3389f8d214d061651607d3170783253c37258ed0072a2e76eda753ddbf91444,2025-11-01T10:32:14.273482+00:00,2025-11-01T10:32:29+00:00,137
a8ea9a629b7fa22e716b97b7a4f229de8fb0195166e92c7d46833ea515e6c914,2025-11-01T10:32:14.397903+00:00,2025-11-01T10:32:29+00:00,137
993699302ca53353718186eb38ae39e42386a6ad31f1b0ee71e053a600e9b5a5,2025-11-01T10:32:14.521348+00:00,2025-11-01T10:32:29+00:00,137
2712d4837c1b2b563e7efee57364eb56ea047c9e93f9ba72148f4de73906c7bc,2025-11-01T10:32:14.643303+00:00,2025-11-01T10:32:29+00:00,137
9f1ef26d2905e33c9eb7fe31a6ef626f98ca9989b3eadfc736e2b9d833c8a76b,2025-11-01T10:32:14.768843+00:00,2025-11-01T10:32:29+00:00,137
24bade987c169619e118600827ef10b1e04967383f644491b36d6ba57332ce81,2025-11-01T10:32:14.888168+00:00,2025-11-01T10:32:29+00:00,137
d85e1ac1a98f7ea6494f8df402ba060e79ab85c36f158fd6a922863812b05402,2025-11-01T10:32:15.007929+00:00,2025-11-01T10:32:29+00:00,138
fb91a5a274b60d2c7e94ea6e3bd19016b2a16423408c310221709c37dd4d32d2,2025-11-01T10:32:15.126588+00:00,2025-11-01T10:32:29+00:00,138
b64a2d363be77cca2a2994d645651662d6b9918342ef5f90025d1596757b2fe6,2025-11-01T10:32:15.248695+00:00,2025-11-01T10:32:29+00:00,138
8eafdf4eebb9e2ec2f91b59e774357a4ef9a0048921024426952d2efb37012c6,2025-11-01T10:32:15.372995+00:00,2025-11-01T10:32:29+00:00,138
48ba80147fd8911d3ea2947339639248254605edc80922c8d0f2209642369c10,2025-11-01T10:32:15.497569+00:00,2025-11-01T10:32:29+00:00,138
4ed5d97dbbca99155609e6467c659a18bf999555895c952ad06847e2042b83ec,2025-11-01T10:32:15.619200+00:00,2025-11-01T10:32:29+00:00,138
bf70f3ef13cb4138d504346fd85ba6afc2fc515182404460bc07086981f30fab,2025-11-01T10:32:15.738399+00:00,2025-11-01T10:32:29+00:00,138
19225a6c6f85060acb3c8133c9be9b9dd014d8863d732b6a500b44d5f83ba7b8,2025-11-01T10:32:15.861747+00:00,2025-11-01T10:32:29+00:00,138
87c95aa5bf0057f6b4bbbb3468b0bb5c0773841932d83e25f0606eda9628afa6,2025-11-01T10:32:15.990196+00:00,2025-11-01T10:32:29+00:00,138
10d329214a6c07c494f6f3094c18d58c39bf3aae63999043e36735d4b7b17275,2025-11-01T10:32:16.112336+00:00,2025-11-01T10:32:29+00:00,138
a3d1578712a47a99567b2616d22cbf1b1aecc948f59fa6804af638da7c25c53d,2025-11-01T10:32:16.232642+00:00,2025-11-01T10:32:29+00:00,138
acaea83aa19630bc169e4dd4eeb69b05fcfa6a14ce85b38f8a7eec1928aaf411,2025-11-01T10:32:16.357448+00:00,2025-11-01T10:32:29+00:00,138
aa7c7a5511fafad9cfafd4f719dc15d7c40153b7f058492896c0ef021de41ebd,2025-11-01T10:32:16.474470+00:00,2025-11-01T10:32:29+00:00,138
97fc7664a6551a98047e6328099ea4d45f84b37952f4fa6342eb51989442325e,2025-11-01T10:32:16.727491+00:00,2025-11-01T10:32:29+00:00,138
35e0b0ca38b923a8e98fe7dceccc5fda56f5c4130b5082e557f2865091bf94c6,2025-11-01T10:32:16.849874+00:00,2025-11-01T10:32:29+00:00,138
f96f259e0f0267a7b1cace1c36ef16bf6400d16fe509fb20d7bde41025f2bd80,2025-11-01T10:32:16.964685+00:00,2025-11-01T10:32:29+00:00,138
74941750609fd7c9e6d9b5c180fab83f412217902ab12d1db71b7a502c936d35,2025-11-01T10:32:17.080623+00:00,2025-11-01T10:32:29+00:00,138
2ab03a7adf92db3088e22f287da17841543e6e96fd0ee830b8a83f3d000746c9,2025-11-01T10:32:17.198469+00:00,2025-11-01T10:32:29+00:00,138
d0466e5d675fed7d2242cfeb99fef52591cb47045b409947888da48af2b684a9,2025-11-01T10:32:17.323630+00:00,2025-11-01T10:32:29+00:00,138
b9cda0e9074a83d825524d55e50670c7efb1b303b3b8510dffa593be14d8cfd9,2025-11-01T10:32:17.446152+00:00,2025-11-01T10:32:29+00:00,138
4b1595e3b09258317d30c03134febd0635454e6d5502279bdd0fc969c1dc61c8,2025-11-01T10:32:17.570124+00:00,2025-11-01T10:32:29+00:00,138
aa006741183f623ccc5dd2e15eabbb8a58449ceded2305da9f35335b3e95d4b4,2025-11-01T10:32:17.695293+00:00,2025-11-01T10:32:29+00:00,138
290459b8f239f5568659a43f7673b5121345d2ab57764e8dfd58d27a81fbac85,2025-11-01T10:32:17.817594+00:00,2025-11-01T10:32:29+00:00,138
a72c45f65ba39cf9f18c264ad214c8aa4d1b2bd5796e1abd66e6a75ae54a3667,2025-11-01T10:32:17.941126+00:00,2025-11-01T10:32:29+00:00,138
5ae4a51a998d7dcbf35de1cf5f5d7d214aac101941890130d85081f8f160ab00,2025-11-01T10:32:18.064350+00:00,2025-11-01T10:32:29+00:00,138
8c9946925ddbf10d492495694240cac604c1142068de445e93c4740d56e59523,2025-11-01T10:32:18.190262+00:00,2025-11-01T10:32:29+00:00,138
c2c1eceb4a6c4051f799e9e47f8a27795d5e50566078b8f6fcaa44a82879c74a,2025-11-01T10:32:18.314849+00:00,2025-11-01T10:32:29+00:00,138
2bb1b1aae8bb53b12fdc172094b52133ab46f16826bff1b4d9ab12cb36a869ff,2025-11-01T10:32:18.436542+00:00,2025-11-01T10:32:29+00:00,138
207d8de69e81c28f23b4f9f234a790b78c905a41ef6de63cce0a6158005cd16e,2025-11-01T10:32:18.553008+00:00,2025-11-01T10:32:29+00:00,138
5acc0d80b7d900e502f8bf15bcb174cd374c80279df7170c8c645a1843795df6,2025-11-01T10:32:18.673151+00:00,2025-11-01T10:32:29+00:00,138
74accffa5ff56383af2e895f3b45b498f8ecc8303f72c98b4cd0b7cbfbb4b108,2025-11-01T10:32:18.795210+00:00,2025-11-01T10:32:29+00:00,138
0c710dc429ad5c9644f765a30b25ce263ccaf104fecc0d044eabac062bee8e4f,2025-11-01T10:32:18.920135+00:00,2025-11-01T10:32:29+00:00,138
2bfa348d76a02c724f5b2a8e62981bf38b9ad042121de12ed04a2029e68c423c,2025-11-01T10:32:19.048702+00:00,2025-11-01T10:32:29+00:00,138
eca7bc5b511134932bf7ae3b6bd3ac9217a83443d0408e7bb37a320682d4581a,2025-11-01T10:32:19.176191+00:00,2025-11-01T10:32:29+00:00,138
13d8404fc5effcecb09a42ba7e18a07f2e31435bb661dc9eedf1a0bf3ccd46e5,2025-11-01T10:32:19.293686+00:00,2025-11-01T10:32:29+00:00,138
57727bbb0b2f35802b2565ed80c3693b877b0efd323eed222ce1cbe762981acc,2025-11-01T10:32:19.429378+00:00,2025-11-01T10:32:29+00:00,138
ec6b2b8165686adad131823ecfdaa9d660200b11561bff91f81ea8053583dedd,2025-11-01T10:32:19.551113+00:00,2025-11-01T10:32:29+00:00,138
fbfa3ee177da52f3e9e3ca18f5c7027d428e2687953ecaf59e543224e3b5a2f4,2025-11-01T10:32:19.674410+00:00,2025-11-01T10:32:29+00:00,138
089fd8891b6ae5efecb23069a3b5ee800ae56f3528122c4518646c4116ca1c6c,2025-11-01T10:32:19.803103+00:00,2025-11-01T10:32:29+00:00,138
a179d342c0da679f0b726c7367704b82438faafc4590d0729494ef450c5ce183,2025-11-01T10:32:19.976444+00:00,2025-11-01T10:32:29+00:00,138
582c2a2ae3f5f06030db9dc95c8f3c0a97f66c171efa0838926da1f24286e98b,2025-11-01T10:32:20.093412+00:00,2025-11-01T10:32:29+00:00,138
d3092f360ab06c412cda8912022a82d9645fc3a3de4d66aba1dd0555f0de9447,2025-11-01T10:32:20.207043+00:00,2025-11-01T10:32:29+00:00,138
b7803d9287fdb88e90e15cf81152b72542c7886ec37586b5b5412b4174e8f867,2025-11-01T10:32:20.326575+00:00,2025-11-01T10:32:29+00:00,138
344c1f0c098fef1cac107cb4309e51e72a0f125ecc45ba950c41a14f93a695e2,2025-11-01T10:32:20.448515+00:00,2025-11-01T10:32:29+00:00,138
5708dfba18e9526037943814d0a3388794a245e98a45b00040f57643f3193f22,2025-11-01T10:32:20.572711+00:00,2025-11-01T10:32:29+00:00,138
12bd318c88757c59ced6d1dfd87f74c53b0457122a2e6443d26e257f19c4090a,2025-11-01T10:32:20.698749+00:00,2025-11-01T10:32:29+00:00,138
b600c4792d58610608f79c986a0320fddcfe2273c289a2f49611a99086ea65f7,2025-11-01T10:32:20.817181+00:00,2025-11-01T10:32:29+00:00,138
398f7ceea74cb4ca2b91fed8c6fddd11af410047ee276c7d2f0f51ad8d54ae57,2025-11-01T10:32:20.944122+00:00,2025-11-01T10:32:29+00:00,138
8938fdac88cb20885da0508acdaefebc19ef238b7fc7333a3fd31fc9cb90f5d7,2025-11-01T10:32:21.064878+00:00,2025-11-01T10:32:29+00:00,138
c92cb4bcfdca96b81754563d14751951047545c51b046f71ec8ebe75c0510367,2025-11-01T10:32:21.186489+00:00,2025-11-01T10:32:29+00:00,138
eee00dde1c55e152afaebd1f5bd1a197c5f53bbc5353172aeab1885a558c86b3,2025-11-01T10:32:21.318184+00:00,2025-11-01T10:32:29+00:00,138
0057e43a2f5958783850e49b171925913e82e33479dbdc177c4336b7b036fc87,2025-11-01T10:32:21.441263+00:00,2025-11-01T10:32:29+00:00,138
2a56e3dfb4699edc2dd3b3e8f44cec81e0b0e1adf57b7ede7b158424af465544,2025-11-01T10:32:21.562181+00:00,2025-11-01T10:32:29+00:00,138
38c2c21a5bae9a48a7161eac389122d9eb9dd03cbb550bd73b151e86c4e295f6,2025-11-01T10:32:21.675564+00:00,2025-11-01T10:32:29+00:00,138
6f1d846d8c4b846127425af6822b646e4720b0e7e4ffd85e4c0b032f1dde7d02,2025-11-01T10:32:21.791193+00:00,2025-11-01T10:32:29+00:00,138
7e6e5f00f395a54345fe92cca32001ec64d8528d60204c76adab1d847ba69442,2025-11-01T10:32:21.900633+00:00,2025-11-01T10:32:29+00:00,138
3100e6d7fef72506e5ccf0337599a906f8fb03b2b65b33ed2bb57f97e637e4c8,2025-11-01T10:32:22.011775+00:00,2025-11-01T10:32:29+00:00,138
6f01b496df90de83c39a13af088da4d89eaf3fa7587ae78be02da18e766b9aa5,2025-11-01T10:32:22.123537+00:00,2025-11-01T10:32:29+00:00,138
5835e5d3528b5229d1f83f4c389d85710b47f0a04f49e282a830eaf2197a5e59,2025-11-01T10:32:22.239185+00:00,2025-11-01T10:32:29+00:00,138
42cbde2c97160beaff19c860f9632fed71c898cc77f591f35491c394533b3bd5,2025-11-01T10:32:22.366951+00:00,2025-11-01T10:32:29+00:00,138
be9c8f2590b9fbc7b07e6c1a91a0c1890a699634e2741cd8306633e7c70132f3,2025-11-01T10:32:22.490233+00:00,2025-11-01T10:32:29+00:00,138
ada443f64db96f8d41fffeb2ea45e72bdf7b475f1f0bc1e31ff50a2e05aad327,2025-11-01T10:32:22.612786+00:00,2025-11-01T10:32:29+00:00,138
0f4573f980fb448ab79b0a4de6012fbb92fd9e37461b60270d0cbf26a63ea1cf,2025-11-01T10:32:22.737149+00:00,2025-11-01T10:32:29+00:00,138
f250c10e8c45988ccc386079de50af07977bfd3be232bf8e2e6cb78c36658d55,2025-11-01T10:32:22.862497+00:00,2025-11-01T10:32:29+00:00,138
4be0fdd4f9aea8f5ec94b7a64e7255dd4fc934d11bf552f34145dea1d9c0ac78,2025-11-01T10:32:22.987402+00:00,2025-11-01T10:32:29+00:00,138
03683dd81324d9356dff82fa5874250fd66093415b0968fa95f553e0a02abad5,2025-11-01T10:32:23.108368+00:00,2025-11-01T10:32:29+00:00,138
7f3d2db95b564c9f200450a07e5fbc052518b3c95426a1d4c1f5942144edf521,2025-11-01T10:32:23.230633+00:00,2025-11-01T10:32:29+00:00,138
a8c6aed94be0bd4ec6ed73d4788e02c4b98faa8223114dcd42554b300a9a70cf,2025-11-01T10:32:23.352831+00:00,2025-11-01T10:32:29+00:00,138
d8a7594344af0abda6b39d3b2b5cc78c06b9ace9eb9131f4f6142565a0308c1e,2025-11-01T10:32:23.477211+00:00,2025-11-01T10:32:29+00:00,138
8b12cb7e243be6d4075a3cfe0668cd11a1d6b50e2c8f16f48f978757eece3324,2025-11-01T10:32:23.599345+00:00,2025-11-01T10:32:29+00:00,138
b7fc0544ce05b0b07b335b1f4159e9f3c43bd227917e2e68343b430c2674538a,2025-11-01T10:32:23.721770+00:00,2025-11-01T10:32:29+00:00,138
547652a84104ff5ddf7638ff22f4f4a4e2d9d9c410226a628af51d1d048135c9,2025-11-01T10:32:23.848294+00:00,2025-11-01T10:32:29+00:00,138
a2ac319e0158b417a8e15f4da0a99af763a0711b2e8f23c848431af7ab96c971,2025-11-01T10:32:23.968717+00:00,2025-11-01T10:32:29+00:00,138
074ba5a048eb83ef0625977e3867e0f64d6e36aa50f1d7becf3891b19d145135,2025-11-01T10:32:24.090811+00:00,2025-11-01T10:32:29+00:00,138
410987a8a765cca14d150e0476fa141e0c7aae32643677707e1c94e514303938,2025-11-01T10:32:24.218461+00:00,2025-11-01T10:32:36+00:00,140
e6d01aca66c9e7ba26e0d72528763bb7d9aeaa80fcddf20d65aab10d0118e8fb,2025-11-01T10:32:24.336088+00:00,2025-11-01T10:32:31+00:00,139
e421451174dc6765d8a40ef0275266b12cc0619087ece120bb2fe2336ee97991,2025-11-01T10:32:24.456345+00:00,2025-11-01T10:32:36+00:00,140
287b4031853897e03352da7f898551733664f6f3c2c284259b9c34742786a684,2025-11-01T10:32:24.584116+00:00,2025-11-01T10:32:31+00:00,139
301f234bc9a8eeba79fa44b54142825396a4c5d78d4037763d243b40c94003f3,2025-11-01T10:32:24.707778+00:00,2025-11-01T10:32:31+00:00,139
8a6a1ae6743237013253da1833d631ee5ad8739352054977ff14e5015001e635,2025-11-01T10:32:24.828463+00:00,2025-11-01T10:32:31+00:00,139
8dd7c75f21c312bc6f60a9ccf1d6cfeccd3e69c0d05f0588771f7f8db29a8c36,2025-11-01T10:32:24.951858+00:00,2025-11-01T10:32:31+00:00,139
94744d5eee3d295f1d76562dc93587255c5188bbb4d3491fafe52b867418a2ba,2025-11-01T10:32:25.080024+00:00,2025-11-01T10:32:36+00:00,140
6b5293bad685813fa761f3a6e20e986c15dbe8597b76cf7ed85996630f75e109,2025-11-01T10:32:25.197556+00:00,2025-11-01T10:32:36+00:00,140
ca947bd6f1b4f0eff339c3279f9444dbf32e2af267ade445939700b4895753db,2025-11-01T10:32:25.313063+00:00,2025-11-01T10:32:36+00:00,140
900b0e98e8ee94131a83b0263ac33dce6b5bedaba041cc9080929c295856c2fe,2025-11-01T10:32:25.434901+00:00,2025-11-01T10:32:31+00:00,139
890b6b7b8dab4baf300baaf7386b6fe1467625c239bbb4ccad6f22f763a33d82,2025-11-01T10:32:25.566524+00:00,2025-11-01T10:32:31+00:00,139
89960667d95525da6c13496870ee10633eb817317f4096d9534f3fee7dc50565,2025-11-01T10:32:25.682780+00:00,2025-11-01T10:32:36+00:00,140
4ccba3f2060abacee48df1aaa411f598b592f27fa2eda49bec072186362fd4f2,2025-11-01T10:32:25.804271+00:00,2025-11-01T10:32:36+00:00,140
3c6275422883f4d13f53a9262e776873ed84c185fa485955413e5844dd3b4735,2025-11-01T10:32:25.919554+00:00,2025-11-01T10:32:36+00:00,140
c8f00ad731acc54e35c5ab2a01052df38e273b136ca51cab469e0ae1a2ea4dad,2025-11-01T10:32:26.034115+00:00,2025-11-01T10:32:36+00:00,140
65d44cef421fddda0469c5ad0abdddff9e4c8ab0fe6af7141577009f0400fa91,2025-11-01T10:32:26.149322+00:00,2025-11-01T10:32:36+00:00,140
ff3060a59276bc42234faf8f46631a99b996dc60225fd1b309d5740d0a704735,2025-11-01T10:32:26.263839+00:00,2025-11-01T10:32:36+00:00,140
a737c00c39c78318f2bebc4b96e744149c71acd2765e34e40ebb44c60a3a5130,2025-11-01T10:32:26.380975+00:00,2025-11-01T10:32:36+00:00,140
419f09f8a16cbe832b0f943169a558e9e10ca7fdc41d76dfafa0538965317b08,2025-11-01T10:32:26.503139+00:00,2025-11-01T10:32:36+00:00,140
000163c0b91044d52982ad7ed37f7659dcd6c08ce0a1e8d6c8a650bb6d09eee2,2025-11-01T10:32:26.624246+00:00,2025-11-01T10:32:36+00:00,140
530f8a6d214728482e8b89ade89b2bcc32dd2029173552bd376abba85930d461,2025-11-01T10:32:26.900160+00:00,2025-11-01T10:32:36+00:00,140
720f9eb875760ad580e4f516c0c1ca32adde25b14245c9b2ea90dc9028c07c9d,2025-11-01T10:32:27.016259+00:00,2025-11-01T10:32:36+00:00,140
4bc3a82e59bd297374a6600532559d27afd83dd229955b608066f4e946c54621,2025-11-01T10:32:27.128778+00:00,2025-11-01T10:32:36+00:00,140
6bb0e656c1914f2a9abec641501f7dfcaf09484c17a951f5f02b5c75a4fe2dc5,2025-11-01T10:32:27.245947+00:00,2025-11-01T10:32:36+00:00,140
a34de7c26003b1d093a099c386d3e40c238c9c672c98e7a415c099472b175f08,2025-11-01T10:32:27.369717+00:00,2025-11-01T10:32:36+00:00,140
845a706b1212a9e5659c9383fb3e8bbd8eecd7139f9c43d1b02fdde0b62e0595,2025-11-01T10:32:27.489607+00:00,2025-11-01T10:32:36+00:00,140
ecdbebb19d51ba31106d27003115c5e1a9fbeb0a1b974770adbb353f65317066,2025-11-01T10:32:27.614229+00:00,2025-11-01T10:32:36+00:00,140
8fd764297f7e497493d000acfee3dcb78c2e5ded061b4295666f7ade7f1726de,2025-11-01T10:32:27.739508+00:00,2025-11-01T10:32:36+00:00,140
343d943ed66e515afc85b3d4fe94d3c5300e860ce6be037f09aab6e7543d88da,2025-11-01T10:32:27.864504+00:00,2025-11-01T10:32:36+00:00,140
fb2c09ee59fdf349dd1ba846c6e9320d642ef1e2f1b688d2f4b300d3169fa408,2025-11-01T10:32:27.987194+00:00,2025-11-01T10:32:36+00:00,140
f970a3f3739440633ffaed87cc75c3e8742b366393c8adc7a5d112a186152bd6,2025-11-01T10:32:28.111064+00:00,2025-11-01T10:32:36+00:00,140
6ecc2121db96cb082feaca4391be0c2902aef3db636adba018869715bcb45498,2025-11-01T10:32:28.231591+00:00,2025-11-01T10:32:36+00:00,140
92ad532fb26a8bebc9a48fd001ea9c062c660f4184f7298b41bbf4ed98b1ba49,2025-11-01T10:32:28.355523+00:00,2025-11-01T10:32:36+00:00,140
dbc51c742256081939b3047eede62c95b8358a96925b10e514a85b8621cd428a,2025-11-01T10:32:28.478087+00:00,2025-11-01T10:32:36+00:00,140
824ca69fa12aaf29bbb806b4c17b944a2113ac093eac6203d48f9d16f30ebe1a,2025-11-01T10:32:28.602210+00:00,2025-11-01T10:32:36+00:00,140
4445b52bd5e9bc97c16990b44b2c82f0b3d34003abdb55d4cb80aaf8cf0d068e,2025-11-01T10:32:28.730801+00:00,2025-11-01T10:32:36+00:00,140
e865c91ec7fc0c4a73f3dd392d257203338a35849e5591f847b016acdf6a7027,2025-11-01T10:32:28.850708+00:00,2025-11-01T10:32:36+00:00,140
3c21781bd122bcf1dc52e10fa23be5a5eda2a8834e834b3f3daab1d56393da6f,2025-11-01T10:32:28.976634+00:00,2025-11-01T10:32:36+00:00,140
dbbfd1d8353109bc67ffd7baf272c129179e5fbeceb93ff5eb3aa3fa25308b04,2025-11-01T10:32:29.093219+00:00,2025-11-01T10:32:36+00:00,140
3527af4b807723ce76a9cb4d52dafb407d4e0edbcd53b66b0f3dead283668599,2025-11-01T10:32:29.224723+00:00,2025-11-01T10:32:36+00:00,140
231449729cb1e610354023a884416179f10f230f12c298d1697c54d4b9499a7d,2025-11-01T10:32:29.356938+00:00,2025-11-01T10:32:36+00:00,140
28925c2166332a3f6e824fcdfe985fa80471d71a06875e1c353a66debc898c06,2025-11-01T10:32:29.478667+00:00,2025-11-01T10:32:36+00:00,140
b9a2481f1aa5bdf312c5c9d18e4fa469922964a8eb93108cd93630cee6c7861a,2025-11-01T10:32:29.603307+00:00,2025-11-01T10:32:36+00:00,140
c9638d39656cba7b8877b7105c7d02a58cf71419831abcd28b0d3cafc9d7eb39,2025-11-01T10:32:29.728006+00:00,2025-11-01T10:32:36+00:00,140
27749b9c1ea7a27fec82bb8755c2817ebce6380238db8e0b6a0525b0e4c6de59,2025-11-01T10:32:29.851563+00:00,2025-11-01T10:32:36+00:00,140
e091edb02e00f1299b039c8b4884f5addfe882ebf7517de173ca60dbcb1168d4,2025-11-01T10:32:29.968376+00:00,2025-11-01T10:32:36+00:00,140
42198c649812630f1528776d3d15aa66560ccc70b927d5c56eafea29b411ccfb,2025-11-01T10:32:30.089793+00:00,2025-11-01T10:32:36+00:00,140
86f1ff596275d7cac544d0771291c3793636f123096a24768fcfee848bcf8f0f,2025-11-01T10:32:30.210497+00:00,2025-11-01T10:32:36+00:00,140
9449f30b0e363b04cdf05c5026ec80c160f9cc60e663b1fe581b451c47d65727,2025-11-01T10:32:30.333172+00:00,2025-11-01T10:32:36+00:00,140
5cce7254c1f39b06b36f5ed7732ebd1df1461d42486cdfda109ef089918fe6fd,2025-11-01T10:32:30.459882+00:00,2025-11-01T10:32:36+00:00,140
90e60749c64f710d23e4d67ba5cdbce00edb5d646c13e502b7c26b19e95d32d8,2025-11-01T10:32:30.581158+00:00,2025-11-01T10:32:36+00:00,140
512cdcdb23d85f6738e28617990b72579eb20636ead2f34735da7465f2c77024,2025-11-01T10:32:30.702587+00:00,2025-11-01T10:32:36+00:00,140
2b301ef46bfb629e599af0368f3c8f01b74ae9801aa528fa4e3b503eaef366d5,2025-11-01T10:32:30.814122+00:00,2025-11-01T10:32:36+00:00,140
7d1bf1686341ef87e1c19c67e92dd73b8613c39a5395089d9134514dcaf851ae,2025-11-01T10:32:30.928975+00:00,2025-11-01T10:32:36+00:00,140
786bdb8331470aa563d2a5bf1f1023df029abc3196b0e0e6ecef445a5be33471,2025-11-01T10:32:31.043193+00:00,2025-11-01T10:32:36+00:00,140
7c36e7e7c07a57b4c6a8d1fd0b1a38e58f53b72c44ae1cf833006d25d0191be3,2025-11-01T10:32:31.158101+00:00,2025-11-01T10:32:36+00:00,140
59bd395e9cce0fde13b2dd152c6a76a34b291e29faeb1744bb141151ccd8f4eb,2025-11-01T10:32:31.273193+00:00,2025-11-01T10:32:36+00:00,140
88d6ea9021326192f709ebb8ea0a75356ddfdb03c487f2c7f9323b6bfb86a489,2025-11-01T10:32:31.395192+00:00,2025-11-01T10:32:36+00:00,140
d43774ba7632afc34512522cbae8a6f8ebdefb16dce4cbddea9effd210b9f739,2025-11-01T10:32:31.513817+00:00,2025-11-01T10:32:36+00:00,140
6303a4bf2a8780d7a3a4ac75de595de0b1d013b6c2152c3f5f05deb1f6ce8c12,2025-11-01T10:32:31.626282+00:00,2025-11-01T10:32:36+00:00,140
6a8a8a819410ce168b09fd01730a79a19cbe0c54850583eec98d8fb3d44b8ea8,2025-11-01T10:32:31.741192+00:00,2025-11-01T10:32:36+00:00,140
85147cb4c75f184fb7606758dc857bdd8492367ecf5ec6a132138653756f661e,2025-11-01T10:32:31.854242+00:00,2025-11-01T10:32:36+00:00,140
f22533f5d56a24f11a77879bb4d82772c0c25eb0058147ba49e65dc6322f13a2,2025-11-01T10:32:31.966000+00:00,2025-11-01T10:32:36+00:00,140
a80384851b925fd47d16de383c76545db38f11f909c5dea33c440901f8f2d899,2025-11-01T10:32:32.077556+00:00,2025-11-01T10:32:36+00:00,140
18d436157ee228a07ebe2797fd43e587896adb4f59b0ab8e4c8974dcf96d119b,2025-11-01T10:32:32.193681+00:00,2025-11-01T10:32:36+00:00,140
8a18709c23246f529750ff9ef7b9303080414e9f70ca99b6e97624b065367e1c,2025-11-01T10:32:32.305911+00:00,2025-11-01T10:32:41+00:00,141
a54ce92fb96237fc767a01a75465b60b534551bedc21a65f61e8f7e4816fb62c,2025-11-01T10:32:32.416357+00:00,2025-11-01T10:32:41+00:00,141
1e25070a778d21302e1bacb276f7641192286223cbd69135ed923d0d6f9e09bb,2025-11-01T10:32:32.530357+00:00,2025-11-01T10:32:41+00:00,141
75c1cb99f3d2ac5f9b4ba1cb1b59872c84449afb1edf758d3ba79fbf8b57c7ea,2025-11-01T10:32:32.642782+00:00,2025-11-01T10:32:41+00:00,141
bfc060da0bc0b82c27475888aaec76fbfbfba983dc075d449616fcbfe0022d39,2025-11-01T10:32:32.755542+00:00,2025-11-01T10:32:41+00:00,141
51a90f972c15a8ca9a67366d7db97023d17fed73ca29ef4cc8145fe298038682,2025-11-01T10:32:32.868835+00:00,2025-11-01T10:32:41+00:00,141
f3d347f36f518bc07659f1ada85209a425ecd71842b7a1fda698025220f6aefd,2025-11-01T10:32:32.983479+00:00,2025-11-01T10:32:41+00:00,141
36f3fab1690be325f1b82132c4be61af05c5d8d2a6cea6d6f38c84b76901ed64,2025-11-01T10:32:33.096357+00:00,2025-11-01T10:32:41+00:00,141
bc424ff7861adbe7a3a96ec785dadab18019a27d2b805105577f4e8df35536c2,2025-11-01T10:32:33.212978+00:00,2025-11-01T10:32:41+00:00,141
d9576576409d7328ae82d6b8d1bfcf71d72e09f9133b5c8941e5628363fee661,2025-11-01T10:32:33.326628+00:00,2025-11-01T10:32:41+00:00,141
390d61295657956185e8e74cc7afd02ab751f3744f5e95d0b6f37afbd9a5639c,2025-11-01T10:32:33.443060+00:00,2025-11-01T10:32:41+00:00,141
b3ef31532ccb0834a97e2aaa4c26df729f768a881a7f3df276945cf102da1466,2025-11-01T10:32:33.556421+00:00,2025-11-01T10:32:41+00:00,141
71584c789683e26eee227078cc60bbfe0e1c474f09a963151ec6a6aec032adf7,2025-11-01T10:32:33.670481+00:00,2025-11-01T10:32:41+00:00,141
40b83be73455cd7b5d860f33fadfd4a8d918ff6b74d48bc63b9de493ed759807,2025-11-01T10:32:33.787010+00:00,2025-11-01T10:32:41+00:00,141
d79b05854bd59e7d64189b1652000a2143a13cea7a30feb4110910a16d2b7dbc,2025-11-01T10:32:33.899710+00:00,2025-11-01T10:32:41+00:00,141
d9cc565da3bf72df065b4da1fed73d34c3c841118c87a98479c12310ef05999c,2025-11-01T10:32:34.014762+00:00,2025-11-01T10:32:41+00:00,141
f849c62fecea0d2f6fbf349da5dc415a9114142712db82861f1bba231b47159b,2025-11-01T10:32:34.131442+00:00,2025-11-01T10:32:41+00:00,141
e9a1e8e6b9dd69c4e7294f1d4cfdd741b4f83b28c8c3edc5ad76134b293504cd,2025-11-01T10:32:34.245358+00:00,2025-11-01T10:32:41+00:00,141
ff242373a3fed2d6a4b62c3b8b307604c7ecd082e864013778b6df4d9eb4775d,2025-11-01T10:32:34.358862+00:00,2025-11-01T10:32:41+00:00,141
c406572c98fcfeacaf48bfba3a09a62dead9a6352c42ba078b95c14e2887c491,2025-11-01T10:32:34.475050+00:00,2025-11-01T10:32:41+00:00,141
120bf1821a790045fa71bd959a4a50619efebc38a13bc2558d91f1b5bd609c39,2025-11-01T10:32:34.587978+00:00,2025-11-01T10:32:41+00:00,141
6cd63695347f0f97381fa4c3598d0b94048c565bfc46df268d8f72d56611f26b,2025-11-01T10:32:34.708752+00:00,2025-11-01T10:32:41+00:00,141
34b2524bb63b3161831021336f54cd963c26f09ab48cff9b8694e535058fd6f8,2025-11-01T10:32:34.823745+00:00,2025-11-01T10:32:41+00:00,141
1954facc066b7d78d14adc2db4346c38f61d13b93fbf505e51a2b9cd3a884d34,2025-11-01T10:32:34.939824+00:00,2025-11-01T10:32:41+00:00,141
9393b21974f9b46e92da45b13d09b901eb02e7fa70d93b59f81f0e9079a23c7d,2025-11-01T10:32:35.053501+00:00,2025-11-01T10:32:41+00:00,141
3a36f92de53ebd5a019b62a9f7b36929e3af75905f4d13bc696a9cd430122d5e,2025-11-01T10:32:35.169296+00:00,2025-11-01T10:32:41+00:00,141
136a6762429221db65337c1f60dbb1ef81ccdade2da4d0fcdd1b259d33b8f111,2025-11-01T10:32:35.286861+00:00,2025-11-01T10:32:41+00:00,141
575fcdd6144adc5172e45562c0222243b0dbb32900c57e7d05494c6c9d59d016,2025-11-01T10:32:35.413580+00:00,2025-11-01T10:32:41+00:00,141
eb4a5865bc48a528a883be7c9040b4da08e0c8ed736b2673ef17b9eadc179c3e,2025-11-01T10:32:35.532915+00:00,2025-11-01T10:32:41+00:00,141
28fc457ce596722074ca5c1ee9ec28aa9d1cfb948d8d05ea6e81c727468d12b7,2025-11-01T10:32:35.656133+00:00,2025-11-01T10:32:41+00:00,141
867b3d701ba03da01a80b203de8719c97201fc2ab928221593cc2e66a08d306a,2025-11-01T10:32:35.774241+00:00,2025-11-01T10:32:41+00:00,141
0f4a8e38ea78524d73f695f76ca0507c253744b8378990f2e878c755928a2f4c,2025-11-01T10:32:35.903353+00:00,2025-11-01T10:32:41+00:00,141
eaf16a36c97b7985be3a77a24e053c9bd4c387f139d31bbfe0ff604995fa041d,2025-11-01T10:32:36.024047+00:00,2025-11-01T10:32:41+00:00,141
e7128a44f5b289adc72d459da9e4169372d6a4634834a35971ea495b3b485ae0,2025-11-01T10:32:36.145232+00:00,2025-11-01T10:32:41+00:00,141
c5f9a46631df74cee30dd96b1ee8145fc2b0cd1b5beb51e809514c7f54b86acb,2025-11-01T10:32:36.265977+00:00,2025-11-01T10:32:41+00:00,141
31c30d6228a521ddea391b0991328bcb53bdb83aba116a7db4ade19dd2eeea5f,2025-11-01T10:32:36.394219+00:00,2025-11-01T10:32:41+00:00,141
9378f8b1620672d5f8524a641987a1f548aef41466f132b8b7a59a213b07e6cb,2025-11-01T10:32:36.519147+00:00,2025-11-01T10:32:41+00:00,141
866fa7944628a812880029ce3dcb9ada6f2b21925426108b8049e6fc9712b94c,2025-11-01T10:32:36.648171+00:00,2025-11-01T10:32:41+00:00,141
11bab104a3da5e1c37d9cbd5d93e3172f983927093aa227d47e5d6987e93add1,2025-11-01T10:32:36.772128+00:00,2025-11-01T10:32:41+00:00,141
dc984f0983c82b6fc198517b49ed666a6344b97b59f81b85b8ca541a53ebd7ae,2025-11-01T10:32:37.004206+00:00,2025-11-01T10:32:41+00:00,141
4755023dbabf48c18f4cafb8c07921d1c04e15230e3e236c9fdd1e958b3d2292,2025-11-01T10:32:37.117549+00:00,2025-11-01T10:32:41+00:00,141
34a1655d36af47d250ad3620c30b4780cad74fa51f4150d2244c8751ef724b45,2025-11-01T10:32:37.232398+00:00,2025-11-01T10:32:41+00:00,141
459d221907f9ea8b3839852378d95a6c8d50665e4a1d31571870cff16bb95397,2025-11-01T10:32:37.350086+00:00,2025-11-01T10:32:41+00:00,141
419c9ba479e152ea2161e259121965634505ace31c8815d4ec435c3f9fc990c9,2025-11-01T10:32:37.470970+00:00,2025-11-01T10:32:41+00:00,141
67dd9610c58916d86d53c34a866d5d7b8ef3adc4f928408ea0f0b8d7f9c28049,2025-11-01T10:32:37.591101+00:00,2025-11-01T10:32:41+00:00,141
ddbc66ba5dd024007a0a7204c9c1e0191fac2aa9ca1b796804928497ab263a29,2025-11-01T10:32:37.720127+00:00,2025-11-01T10:32:41+00:00,141
4f2697c5aea6eecba6f66e1c6ad22c3f3e4aa2ae5b1b13c5bb292c1345d73563,2025-11-01T10:32:37.842242+00:00,2025-11-01T10:32:41+00:00,141
f3d57b80f9fe59914c10019f54d653a63bbb4ef35c1a1697fa1e507f65175e7f,2025-11-01T10:32:37.965319+00:00,2025-11-01T10:32:41+00:00,141
65c20a11126ee7bb7294d8b71732425bbaa638fe08c6c47d7ece1535f0e58d3c,2025-11-01T10:32:38.093343+00:00,2025-11-01T10:32:41+00:00,141
b4883a347e6d005bbf79d11391be904d800690bbedc8a165e28d8855b0904df9,2025-11-01T10:32:38.218695+00:00,2025-11-01T10:32:41+00:00,141
b5b9ab8941620fcc7832236fca6bbf8b1fd1010b0626c564f9ef83358db9383a,2025-11-01T10:32:38.332370+00:00,2025-11-01T10:32:41+00:00,141
9bb7e2292e28270edc4b85bd184174f64f5ffc69164be5e85415b94f53ea575e,2025-11-01T10:32:38.447956+00:00,2025-11-01T10:32:46+00:00,142
f66025e3605efce1135ff6b89666777e157f8f71909877950951239fe716642e,2025-11-01T10:32:38.567786+00:00,2025-11-01T10:32:46+00:00,142
1b9d43e182d3291925211e92b778ad3bb38e0f5666d125de158cc9829e195f20,2025-11-01T10:32:38.690537+00:00,2025-11-01T10:32:46+00:00,142
6c545bc15ef78db4dcbbeb29547c6e0ab81eaa011d3fa4913fb671b6d10ac41a,2025-11-01T10:32:38.812009+00:00,2025-11-01T10:32:46+00:00,142
b739529d876cf1f9e174919851bef716d89ec71eda0585a37d168b4415d0e3ae,2025-11-01T10:32:38.939135+00:00,2025-11-01T10:32:46+00:00,142
6014a972e897b96d24f8f021493842a5f7743ee7e7672ca32294ebbb1ec647fd,2025-11-01T10:32:39.068139+00:00,2025-11-01T10:32:46+00:00,142
ebb2661c64882d5fc52561a098fb228b06d4f2516ae04c04729986308779993a,2025-11-01T10:32:39.187484+00:00,2025-11-01T10:32:46+00:00,142
22725eb000d24ad5a5270db9083e42f3dc2d47bcf0f12ef3e296fcbb3079de38,2025-11-01T10:32:39.303869+00:00,2025-11-01T10:32:46+00:00,142
0a7915afe10f5e727c57fb24a82ba0b7ad508412d3a80fcc73bc6a7f18f934e9,2025-11-01T10:32:39.424200+00:00,2025-11-01T10:32:46+00:00,142
6795842fbb0c493afd828d02da8d2c121991fa20b694da3745caba308da329dd,2025-11-01T10:32:39.546918+00:00,2025-11-01T10:32:46+00:00,142
254842ee2ff92bacde486603487dbd742cdaa4e00e5cbd2f918924c3cc215850,2025-11-01T10:32:39.669225+00:00,2025-11-01T10:32:46+00:00,142
255419bfd31e204fe4af4343c4ee540d104f649a231b6f81c47202b03d0d9937,2025-11-01T10:32:39.795757+00:00,2025-11-01T10:32:46+00:00,142
092886f2bde287e3c83cac4da204087cf41cb47b81f5fd8cea28321881dd1888,2025-11-01T10:32:39.909985+00:00,2025-11-01T10:32:46+00:00,142
c8eee193e35b641e3fed317cbff27887e36817815266f0c83005f8a5287e4342,2025-11-01T10:32:40.022219+00:00,2025-11-01T10:32:46+00:00,142
99c3ead0626c1c6bcbcc83e1bffc1fc0189d62e05c556a8332a9f191c0590ddd,2025-11-01T10:32:40.142255+00:00,2025-11-01T10:32:46+00:00,142
9a3f5e2524a7a02a9dd7e596861dcad01f132f36b0b80bab3d8c4db7970ee564,2025-11-01T10:32:40.260548+00:00,2025-11-01T10:32:46+00:00,142
4dfebc2b4ee062f40325411a5e3b05dd4413d73ed9511ea4b0490ab062fe02b6,2025-11-01T10:32:40.394171+00:00,2025-11-01T10:32:46+00:00,142
9daa4b6e8ed89fc199d7336d4d94b1951a07d5d21ff18f998b3c31a573fbaf2b,2025-11-01T10:32:40.514934+00:00,2025-11-01T10:32:46+00:00,142
0d39ec0c24c3d5ac0eba4ee87ed3f31764257eed74606e28d97c9f2526484cd6,2025-11-01T10:32:40.634710+00:00,2025-11-01T10:32:46+00:00,142
eea020872c30db7d8739cf07b37184358b00c786d692c80bc334729819edf7ff,2025-11-01T10:32:40.761656+00:00,2025-11-01T10:32:46+00:00,142
21401f01fa62d6ab32da5e8f29a443950334ad5b608f3aebeb8834fddba6035d,2025-11-01T10:32:40.889897+00:00,2025-11-01T10:32:46+00:00,142
362dde521b4218c5c860c5516583ad4a72c3a60a5e2342d0c87a54a69be7dc4b,2025-11-01T10:32:41.010701+00:00,2025-11-01T10:32:46+00:00,142
21d16afe51a9662109f06acc464955f998f44cd1da56a1dd0868de8c2dfd56b2,2025-11-01T10:32:41.135917+00:00,2025-11-01T10:32:46+00:00,142
351ffd63548e9a6e00a50c6a11e5e001f4fab19a619f37041e2b17849b5d2f82,2025-11-01T10:32:41.255600+00:00,2025-11-01T10:32:46+00:00,142
d95c682a5d0a9bcee654682597781c8b50360b9a1e629b1e64acbd38d7499ab2,2025-11-01T10:32:41.380898+00:00,2025-11-01T10:32:46+00:00,142
8bea343d9aa048ab69d2ec4895afb681ae0be161bbfaa655cc1c95a9cd02daa3,2025-11-01T10:32:41.508297+00:00,2025-11-01T10:32:46+00:00,142
7fd449e533236534ce8705208d45b1304c5c02bd458c8eae2d2f2c5380a0e653,2025-11-01T10:32:41.632679+00:00,2025-11-01T10:32:46+00:00,142
c5d58efd0e1cb262f23071a22e9d596ab1a4153eb7fa32b58d0aa0b00062a4d1,2025-11-01T10:32:41.757813+00:00,2025-11-01T10:32:46+00:00,142
f601beaccc537a6e06dd0fa0f7118c463429416ac750fb22505f2d7e1bb87bfd,2025-11-01T10:32:41.881006+00:00,2025-11-01T10:32:46+00:00,142
3aead1410d0957560e73ce30bff5d7b7086101802e3c948308ee6ddf0820fd0f,2025-11-01T10:32:42.079014+00:00,2025-11-01T10:32:46+00:00,142
bbba30c370df11c6bb2340f4eac6794ae30f3f313360f45b53a103fff176f747,2025-11-01T10:32:42.195715+00:00,2025-11-01T10:32:46+00:00,142
8b3ed35cf0d6cf9126d1446a6303565d3f87549a30e5f22965fd304174ad2c6c,2025-11-01T10:32:42.313627+00:00,2025-11-01T10:32:46+00:00,142
eeeb64eea149690522cb65b2618647a0053eb38ebe51688a58f7d42310d11802,2025-11-01T10:32:42.432578+00:00,2025-11-01T10:32:46+00:00,142
e6dc497109a2e996274b145eba65995765f2b736ebb592afdf34f8343cdbd478,2025-11-01T10:32:42.556697+00:00,2025-11-01T10:32:46+00:00,142
fa7a3c5b748c722dfa3fd59cabfd3367453305bdc34bcabf44f0bbed80863a09,2025-11-01T10:32:42.679846+00:00,2025-11-01T10:32:57+00:00,144
b80c7c8ab9b443fd18281fe48c2cab50310352de4f0a9e5aa9cefca57f4065e9,2025-11-01T10:32:42.807757+00:00,2025-11-01T10:32:57+00:00,144
dd8e3c3e7ecbb74155a023ca9565bd881af7ccc1251e4f2f0617269b9a95bed8,2025-11-01T10:32:42.936218+00:00,2025-11-01T10:32:57+00:00,144
fe0a1d12ee05e77cb7dbf17fb3bcc4e2ecb9ae2c9119d6ddaa25430236787915,2025-11-01T10:32:43.061629+00:00,2025-11-01T10:32:57+00:00,144
6a2e61126cee0de3dd444d2b7795d4502a874c1cb4564cadd33a3e6c58c6fe54,2025-11-01T10:32:43.182499+00:00,2025-11-01T10:32:57+00:00,144
590eab47aa7adb73e8c5e21b9f3679b483bb30c268b135c19dcdd8e875c409d7,2025-11-01T10:32:43.305675+00:00,2025-11-01T10:32:57+00:00,144
9a7219cf0ecdc1312b51ddf3d591b00ed508ef4aab8a975e10fc0354b191f960,2025-11-01T10:32:43.427859+00:00,2025-11-01T10:32:57+00:00,144
031890733c5d9f5016b04222ad552e93f1e23479569c42185a2bb1bff921afae,2025-11-01T10:32:43.547833+00:00,2025-11-01T10:32:57+00:00,144
6b038796a720ac0aee85484d8251caa00560b7064a951ba6fcfdc466e9a32036,2025-11-01T10:32:43.667359+00:00,2025-11-01T10:32:57+00:00,144
77ee4324e13f4e193a99673a3f56d965acd3ec812da12d9c666c69377a58de17,2025-11-01T10:32:43.793086+00:00,2025-11-01T10:32:57+00:00,144
51ba75e3ec1cbd66ad06fcfc6502180a0073acbe0655c42f746b4509dee9f731,2025-11-01T10:32:43.919236+00:00,2025-11-01T10:32:57+00:00,144
ffc2862376d02ca082adf1003320a35a9fa3a12f1e3f8288efc4bd10624e5e3c,2025-11-01T10:32:44.053069+00:00,2025-11-01T10:32:57+00:00,144
88984c7073062e9769c22d0d9249b02d39da554d72c2be33d2def6c0a2e6599a,2025-11-01T10:32:44.173798+00:00,2025-11-01T10:32:57+00:00,144
9fe625d974f46448bc57ee5ee2ea5bef1c257d5b6e15e7edb535e05bd5d38762,2025-11-01T10:32:44.296947+00:00,2025-11-01T10:32:57+00:00,144
beb6e41df143da264125397cd1353b29f4249de0210af6949cde3e30a547b3db,2025-11-01T10:32:44.428540+00:00,2025-11-01T10:32:57+00:00,144
cd7c36ed8611aa51dc1bb0bf56b44900f0fd5fd5c9b821904e60b0d536189c7f,2025-11-01T10:32:44.551509+00:00,2025-11-01T10:32:57+00:00,144
f5e98515235c50dfe6951b1e3672743f3c574b1fba99e565960107d52f9102ae,2025-11-01T10:32:44.678832+00:00,2025-11-01T10:32:57+00:00,144
748381d73cc1e54b3f4753845c8efeee9de77bf9e5ce262d5bde1035e444084b,2025-11-01T10:32:44.806189+00:00,2025-11-01T10:32:57+00:00,144
cc60ee80096c74834133d7389c67c0ee67679b434a451f0fa30b31d9a91feb70,2025-11-01T10:32:44.928121+00:00,2025-11-01T10:32:57+00:00,144
1407f1cce2ce9213946149840bc0f3b4f06f54d041e39cd26ef70b34fa7721f1,2025-11-01T10:32:45.053356+00:00,2025-11-01T10:32:57+00:00,144
4734c9d6a05c3fad75c312f12271fabf7c1ea6f6a52a6ce73cf5c5c8bedf8d11,2025-11-01T10:32:45.171449+00:00,2025-11-01T10:32:57+00:00,144
e92cc1aed515c5eed6fb42ea5ad263fc2b37c1ab6a0b4269b9503b524122deb4,2025-11-01T10:32:45.292294+00:00,2025-11-01T10:32:57+00:00,144
611aa66b4498bd3bbba622af16539c07481581ba6cd03d9804a10b6e5dabd644,2025-11-01T10:32:45.420256+00:00,2025-11-01T10:32:57+00:00,144
11fb5c5807c0cb53a0c338ed8846b84f705debfe542f1a0dd12e31f91e798160,2025-11-01T10:32:45.541751+00:00,2025-11-01T10:33:02+00:00,145
e919dfefd8f8fb8354de84c8edd977002c5a47c88ed5b56712aec82908588592,2025-11-01T10:32:45.665223+00:00,2025-11-01T10:33:02+00:00,145
3e4ec122287a8c565ff8d7ca3bb6e09c6cbe71a9f384c2177719bb45ea8f8cb5,2025-11-01T10:32:45.789570+00:00,2025-11-01T10:33:02+00:00,145
99218b73a823bccba51e710fb586c2e9d12760253dafb98efe7bcfa3794fb73b,2025-11-01T10:32:45.912620+00:00,2025-11-01T10:33:02+00:00,145
b81905508e94c1104d452249e41dc79857691c58a4af5effc8fa2ff79f97e0ac,2025-11-01T10:32:46.031268+00:00,2025-11-01T10:32:57+00:00,144
59b0001ca6e031f58960297df2c0207c418cd65cb7e4913d012bc04189713c4a,2025-11-01T10:32:46.155034+00:00,2025-11-01T10:33:02+00:00,145
73ca6d679819e9fd262a091ae1c119aaacca022fbcb8f40d44e4033041cc0dff,2025-11-01T10:32:46.276763+00:00,2025-11-01T10:32:57+00:00,144
5f17bab58efd698068b17aeb3a97958e48a4ae4baa55b9707ffb5f93486b8490,2025-11-01T10:32:46.398123+00:00,2025-11-01T10:33:02+00:00,145
fd10a112ba073f723241dd2fb5a3fc015fb9f24e4c6e02a4c6d4e1254a6ae859,2025-11-01T10:32:46.520917+00:00,2025-11-01T10:33:02+00:00,145
facf68821b5292c3e7beddf08125651a5f3d2fed6a1f50931e1fd3a02d5a9469,2025-11-01T10:32:46.645285+00:00,2025-11-01T10:33:02+00:00,145
25b3b234d6c9a9ab28f40fcacc41279371831bfe300cbea44e131ea9a0e9fc82,2025-11-01T10:32:46.767797+00:00,2025-11-01T10:32:57+00:00,144
32346461e5cf4c88c9adb00f61ed19ab2e3889796e91ab879c76146b607db615,2025-11-01T10:32:46.889948+00:00,2025-11-01T10:33:02+00:00,145
fd3e06381a737e39558da1f566a788375287ce7314aec7e90f3060d7c6093da7,2025-11-01T10:32:47.037971+00:00,2025-11-01T10:32:57+00:00,144
53082f7b7faf6439918455590a2b0d3c8bfdd8ac5eceb4d8930f15b9f146accc,2025-11-01T10:32:47.154190+00:00,2025-11-01T10:32:57+00:00,144
7f4373a2c3d61b07c3719074edba2f3cae2c373ceb89664235c2c0ecca709470,2025-11-01T10:32:47.270146+00:00,2025-11-01T10:32:57+00:00,144
838ecb9588e7bf2f9df8f226f0dcbb4539c59369f6f001d614af3cfee578caa8,2025-11-01T10:32:47.388786+00:00,2025-11-01T10:32:57+00:00,144
7885b51d1d2f2e3b9aed8fdfee0f46c5cafdade9b8e940c6cd67c4953f1ea820,2025-11-01T10:32:47.511648+00:00,2025-11-01T10:32:57+00:00,144
e54e1412d5abcefb575be657e591edde4075a7324abdd56218ff0f25fcb5e166,2025-11-01T10:32:47.639704+00:00,2025-11-01T10:32:57+00:00,144
9fa22c76f867d1057fa6961d394dc0583afac74ca8412f15bb1d1857736e27af,2025-11-01T10:32:47.759143+00:00,2025-11-01T10:32:57+00:00,144
fdc8ea9dbe39227647b2ca1499d238db57bb4128bb7c19230b606cdddb90a111,2025-11-01T10:32:47.885550+00:00,2025-11-01T10:32:57+00:00,144
5b83f4d93eb15177d3677d5e985aeaa10859e27ffd20beea49c3631aca7233fe,2025-11-01T10:32:48.007412+00:00,2025-11-01T10:32:57+00:00,144
3395eb4fa663468b967cc1c4cb886960abe0809c7edd92c8d7f7468b27e9a6f3,2025-11-01T10:32:48.131853+00:00,2025-11-01T10:32:57+00:00,144
607ee1cf36a534d0319eaebd4d4fd6bb477e57424b189b1c5db48106670a7bd9,2025-11-01T10:32:48.255544+00:00,2025-11-01T10:32:57+00:00,144
be5f2be5d68cba4c0e7af07d11adc5135208debde7bec888aa635d4a339a6a79,2025-11-01T10:32:48.377609+00:00,2025-11-01T10:32:57+00:00,144
fb04f8192411bcdd44eb0336b75dfe0ba88fff40fa0ddcb88294760115244082,2025-11-01T10:32:48.503944+00:00,2025-11-01T10:32:57+00:00,144
d23d6a66bcc79397799eff03e2a2c2e3f12d5f1fbe73e254fb58155dbdf3da30,2025-11-01T10:32:48.624443+00:00,2025-11-01T10:33:02+00:00,145
4b1480f573413a58247e34e27167b6873e41ecd5d984244b7d5121bf57a5b83a,2025-11-01T10:32:48.749457+00:00,2025-11-01T10:33:02+00:00,145
76414dac7c85b001bca5bbcda552dcb8d102448dfcc327b5e134358cc353f797,2025-11-01T10:32:48.879060+00:00,2025-11-01T10:32:57+00:00,144
fed882598312e1d533119cd8b2cd84222798b7314b2d08bf27c0b2d4c92459b2,2025-11-01T10:32:49.000032+00:00,2025-11-01T10:32:57+00:00,144
4a89ee2bca6173034ae2fd7de75249720799fbc807c49540bbd388c545d7d160,2025-11-01T10:32:49.126106+00:00,2025-11-01T10:33:02+00:00,145
771b45aedffdcee7d78aad039007b07ed97e6ee518d3cf56ee59190770f0af70,2025-11-01T10:32:49.244891+00:00,2025-11-01T10:32:57+00:00,144
aa8bc4c67ac171803a22f04b586c19ccec2f72bdff24771a91180d19c1ac6b64,2025-11-01T10:32:49.367760+00:00,2025-11-01T10:33:02+00:00,145
ae991639eb99d9aa43642412f439802fe7c1402ee4e79edad47db88b89ff99b0,2025-11-01T10:32:49.487027+00:00,2025-11-01T10:32:57+00:00,144
85fbedf243e6e1d4856633779f45692f35904df117fc36082f245db24dc9a59a,2025-11-01T10:32:49.611060+00:00,2025-11-01T10:32:57+00:00,144
65d310084959deec99562c6b396e190ce09f1ed8634e2e658c4e3e39bc4eae16,2025-11-01T10:32:49.738069+00:00,2025-11-01T10:33:02+00:00,145
3ea8a21233f6f101f6fc87dc34ff12bed729c7399f09b177fa42ee0131b223a2,2025-11-01T10:32:49.861762+00:00,2025-11-01T10:32:57+00:00,144
6dbbca60a4ba028a831f24af5222454f869d159f5fa21d88fb23a789a9e1c5b0,2025-11-01T10:32:49.982967+00:00,2025-11-01T10:32:57+00:00,144
fdb0fb76f7a697cf25d0c5412cc82e242607a071c7a264cf632c45b38cdca2a5,2025-11-01T10:32:50.103563+00:00,2025-11-01T10:32:57+00:00,144
85978094697eac32d99248340f48a756261d016343ab98eb631bede3431e4d9b,2025-11-01T10:32:50.224541+00:00,2025-11-01T10:32:57+00:00,144
33fefa243381060f04283afaeca177d52a6e3f419ad939956cbca72eaf684602,2025-11-01T10:32:50.345948+00:00,2025-11-01T10:33:02+00:00,145
a1dccdec73e53ecccfe2bdd4bfa218055d55fc3938cf8d0bf1a469106012fb24,2025-11-01T10:32:50.466714+00:00,2025-11-01T10:33:02+00:00,145
e4cc6528bbb77c2763afc57b3128931d51a9c22db8cbdfc5ae6b6af02dbf4758,2025-11-01T10:32:50.589825+00:00,2025-11-01T10:33:02+00:00,145
6c3ab4eba209aa21cf35da35cba650a2c3159c39e970ec43bb439c08f5b85ed8,2025-11-01T10:32:50.712733+00:00,2025-11-01T10:33:02+00:00,145
3b706f1f98b06bd90c922632130425d6bcf420300bf4506f90a4ded1018e3c89,2025-11-01T10:32:50.834020+00:00,2025-11-01T10:33:02+00:00,145
5e9df60e6038721406287f7ad0336498ad41b4f8441260d3de47f45d03cb1d15,2025-11-01T10:32:50.958487+00:00,2025-11-01T10:33:02+00:00,145
2332b29baeb8b83cec653a43843e1eaaee94631cb53a310e8b59507006346ccf,2025-11-01T10:32:51.071008+00:00,2025-11-01T10:33:02+00:00,145
f572c0c2179729d6d46780ae6f0aef7947382c31e2202a3595cc533b1657d22b,2025-11-01T10:32:51.184152+00:00,2025-11-01T10:33:02+00:00,145
ccdbaff9980840b2f544c1d2491ef3eb733374ab459e62e69e948ffb9da5df44,2025-11-01T10:32:51.301658+00:00,2025-11-01T10:33:02+00:00,145
b4ed77ff81aeb84e46d1231eaa2bbc08b0372a491428ce8481ed8aa57a371ff3,2025-11-01T10:32:51.424249+00:00,2025-11-01T10:33:02+00:00,145
ac549453b5f7cad0d16945ce94afd3deb12961903598ef16861422dd91c41e42,2025-11-01T10:32:51.549678+00:00,2025-11-01T10:33:02+00:00,145
4cc28adc38457e0a9ad04b0f8f04b3d42c2c529083e0d298c3331f82c711bf7f,2025-11-01T10:32:51.674059+00:00,2025-11-01T10:33:02+00:00,145
9b9587ec0acc6bbbbdd80bc2c891ae3393871da54928ad6ee08875f43edfedef,2025-11-01T10:32:51.791530+00:00,2025-11-01T10:33:02+00:00,145
f19c0c971eca2c44798fd0b54224363c34586e3a69b8d97c1c43d2f7ec497a8c,2025-11-01T10:32:51.906574+00:00,2025-11-01T10:33:02+00:00,145
7fc2e097ec3140ade8f38f14b01609106196cd1111716108ba3ba1fb52c5c086,2025-11-01T10:32:52.025213+00:00,2025-11-01T10:32:57+00:00,144
d7d20c442370d829e1f8f262c3864929f4c1038947a8ef6afe8142edbfed9428,2025-11-01T10:32:52.155772+00:00,2025-11-01T10:33:02+00:00,145
8104c081af6978751282f9c3fa42721736865d691f33fb959af49d3d35061ed8,2025-11-01T10:32:52.289352+00:00,2025-11-01T10:33:02+00:00,145
9623eb1e54ed86bb84ea7a834238adc0b83b00a965dcea335ae250661a166496,2025-11-01T10:32:52.412898+00:00,2025-11-01T10:33:02+00:00,145
b5fc8b96816b3cf24232440c163e659306be4ddb4a1e170ad38eef366370bdcd,2025-11-01T10:32:52.535205+00:00,2025-11-01T10:33:02+00:00,145
c102f60af12df81fc0cb43ea3bfc7a3327b740c2bb2511fc3c8afef7b9d0f58a,2025-11-01T10:32:52.664121+00:00,2025-11-01T10:33:02+00:00,145
c1db26f6a65debf56cab532adc1634732f6af2243b99d25f86fa49c2c72caf8a,2025-11-01T10:32:52.782421+00:00,2025-11-01T10:33:02+00:00,145
83087da2f9cc03cf319eba57e59f6955061bac59af53a329c8d6e9aa7d024971,2025-11-01T10:32:52.905917+00:00,2025-11-01T10:33:02+00:00,145
6c7371ce73026f158602eecae65ab4a93fd93edfd29ff9651864e839268ddcee,2025-11-01T10:32:53.031539+00:00,2025-11-01T10:33:02+00:00,145
5e2dc38c81e9f976f7a3deab41f115ed4098c96593f39c9961ebf3c1a26b37ae,2025-11-01T10:32:53.151700+00:00,2025-11-01T10:33:02+00:00,145
287fbdc86ceebc6b59c143cbbc80655fffc79b55182a78d6ba58ae21653a6d47,2025-11-01T10:32:53.275888+00:00,2025-11-01T10:33:02+00:00,145
89fc35b4dfd2b40b6e9f7bee14fe7205a0db60396b6bb515dae6d15f646a9035,2025-11-01T10:32:53.404549+00:00,2025-11-01T10:33:02+00:00,145
05b03fc4f5fa1de86dc4209df0776196abe4d2b5cd41a0830dae27238e97c25d,2025-11-01T10:32:53.527562+00:00,2025-11-01T10:33:02+00:00,145
1979c6a36bf50a56efec843eceb2fe8b2e509ac0f5433eb86c19e43e7d8127e1,2025-11-01T10:32:53.651887+00:00,2025-11-01T10:33:02+00:00,145
b3c3478ebe6ac9aedc42fb65008c2d2dc12de0348dd375f19abca44ad32fde0a,2025-11-01T10:32:53.773890+00:00,2025-11-01T10:33:02+00:00,145
39ffcb5b25d29263c0f077a231a0788135b3e30a4329ba82150e0b568ff07aff,2025-11-01T10:32:53.892710+00:00,2025-11-01T10:33:02+00:00,145
22ddb5810f44e283c573c2819bf2577541523c331809a32f95bd0afc05cf1a39,2025-11-01T10:32:54.016988+00:00,2025-11-01T10:33:02+00:00,145
6f02c73069de8c9348358537a83913e29a15c469f516f90a1d3e64729b3871e7,2025-11-01T10:32:54.143281+00:00,2025-11-01T10:33:02+00:00,145
68ed747a1edd747bc80d9465bfde8f9d56de815a8045861216f1c24a3fd317d6,2025-11-01T10:32:54.264029+00:00,2025-11-01T10:33:02+00:00,145
55d4190b26e5c7811402fa78d0a697bb3381ffae633ae9c3fb4a895c0e7391c9,2025-11-01T10:32:54.386569+00:00,2025-11-01T10:33:02+00:00,145
7038872c149bb27ef5f0c374be69efde3fa93c26365e5b821a7e1dc17fa03e23,2025-11-01T10:32:54.512541+00:00,2025-11-01T10:33:02+00:00,145
583bb6ca3e0937baf5daeca1d3b56b8d6c519cf3c09aceac426012f8f4a2cec4,2025-11-01T10:32:54.626723+00:00,2025-11-01T10:33:02+00:00,145
20076f30416c9a1c6b99ba5238768150b7819d79682db6eccde8747d32ab36da,2025-11-01T10:32:54.739592+00:00,2025-11-01T10:33:02+00:00,145
e724b45b1b43c31658a351c17349214d8080389728eb6907c463fb21f89ec21c,2025-11-01T10:32:54.856400+00:00,2025-11-01T10:33:02+00:00,145
225fff9d5bd7ac87052069083207ab342c5a3a27d5b3f7aea70a5f399a302f69,2025-11-01T10:32:54.979606+00:00,2025-11-01T10:33:02+00:00,145
613cec9edd3c60ab31127fd9e72606e935ca4c53ae8db9854b43c3c023d3f750,2025-11-01T10:32:55.101274+00:00,2025-11-01T10:33:02+00:00,145
101b1335c4fb495800c81fd8b64174606a3b1e736ac8f4a718f7cbfff868d91a,2025-11-01T10:32:55.216565+00:00,2025-11-01T10:33:02+00:00,145
3ecac9ac8c7cbb5e4b96ed9afca04503450679deea666eb1496a6dde4bc54639,2025-11-01T10:32:55.338904+00:00,2025-11-01T10:33:02+00:00,145
7c8c243e6bbe2faee1fe3d4d2033efff245899a3709b7241e56109308a854a9e,2025-11-01T10:32:55.467522+00:00,2025-11-01T10:33:02+00:00,145
ea9acde68a9c7bfedeecb01e5ad61280b21e2ae454f4427fe694f1e721439187,2025-11-01T10:32:55.590479+00:00,2025-11-01T10:33:02+00:00,145
114132b5d86c6f1644ba062b0f23c27cd2c5af25901ab6e8bdea6ad49aa70580,2025-11-01T10:32:55.713408+00:00,2025-11-01T10:33:02+00:00,145
ac7d5bfcf61c17ae354469c54198109747190e2cfd400b0905a76ee9233d7973,2025-11-01T10:32:55.838686+00:00,2025-11-01T10:33:02+00:00,145
3556a40fcef7f21abb61c8c5ac6aad95af606bf5c85656f3c52dbc20b68266cf,2025-11-01T10:32:55.957495+00:00,2025-11-01T10:33:02+00:00,145
eac87bd3e05541d5e6e3879c605c5ef02f6e6eec413d9cf981eab8b268a540ca,2025-11-01T10:32:56.081545+00:00,2025-11-01T10:33:02+00:00,145
38f811be989fbf2b8b061ab8db07c9a66a8839ffaea02414da0203dd22d4749c,2025-11-01T10:32:56.201578+00:00,2025-11-01T10:33:02+00:00,145
dc2bd07203298ef1175bf9d530289b538d28416b71222c30ace47282206d348f,2025-11-01T10:32:56.320478+00:00,2025-11-01T10:33:02+00:00,145
ec3028070eee3287b0f56ca85dc1eda0b93497f3bd756d513782f04bc696b9eb,2025-11-01T10:32:56.434490+00:00,2025-11-01T10:33:02+00:00,145
0b13e4c2f411cfa47c49a7ab9bf241a3c895cf27c6d799e7f406d17dee4e1b72,2025-11-01T10:32:56.550787+00:00,2025-11-01T10:33:02+00:00,145
f01f375387a811c9dbe8c64d124906ecdd33ffcff0231d64e38811d87255107c,2025-11-01T10:32:56.669648+00:00,2025-11-01T10:33:02+00:00,145
48aa8a00de7ca6ee192e7c2148a72da75fb7ef9b2a3d60fa1a79a6f3379e2bce,2025-11-01T10:32:56.788982+00:00,2025-11-01T10:33:02+00:00,145
c88b7bdc28cbe342847a77e1fc47c243a2ad1f6e21b4e4fcb099d6d38699f7c7,2025-11-01T10:32:56.904504+00:00,2025-11-01T10:33:02+00:00,145
4020cc12e74bc22d00d01f1fe2073090936c0eeabefd12886b09627817b6f898,2025-11-01T10:32:57.025423+00:00,2025-11-01T10:33:02+00:00,145
c8bff6ea0e41b90667d54378e8aa65b0caefbf66fafbb49ae44babb911b4c109,2025-11-01T10:32:57.214783+00:00,2025-11-01T10:33:02+00:00,145
f58cd3fdd37a8d84b5bb2a6a7bc73a4ec60a3a01f5d463bfeff39bac36698169,2025-11-01T10:32:57.332840+00:00,2025-11-01T10:33:02+00:00,145
62995194d018ca2a7a3a75f15137cc096c17c251778e45bdac2d3d6570c648ea,2025-11-01T10:32:57.451793+00:00,2025-11-01T10:33:02+00:00,145
28fedaf6ecc11b79b9ea4d75b2fa104c1627f744538799db0c26a22092e1e392,2025-11-01T10:32:57.571028+00:00,2025-11-01T10:33:02+00:00,145
b27328f98e0382a5e714bcbcdb602630207ef03791bbbffbf1a93f96bef98627,2025-11-01T10:32:57.684629+00:00,2025-11-01T10:33:02+00:00,145
ac51a01828de9bdc33229be0252e74b8b388a9fcb059898c816b96480af1fd12,2025-11-01T10:32:57.798935+00:00,2025-11-01T10:33:02+00:00,145
dda701f984240d5ef0d79441b46435072f908b5b09e657ade52722ac781fffdb,2025-11-01T10:32:57.913833+00:00,2025-11-01T10:33:02+00:00,145
02731724d8fc88bd239058b1c459b47c544ea6d2a9058f77c79192761aa4f4ed,2025-11-01T10:32:58.027372+00:00,2025-11-01T10:33:02+00:00,145
414621b9bb0e36d6028c339c09c021b6d08e066e69f51802c4a7fd83e1e57ec2,2025-11-01T10:32:58.154834+00:00,2025-11-01T10:33:02+00:00,145
d03740fc01e9b951ff9f55be873f783809f1958de434c92079c9b9a12873be4b,2025-11-01T10:32:58.269462+00:00,2025-11-01T10:33:02+00:00,145
0edfb31cef48b6c124a39ecaf0780190ba05902558001b3892324ac9b50c27a5,2025-11-01T10:32:58.384223+00:00,2025-11-01T10:33:02+00:00,145
206201d88358ce01cea8a86d9282010d491230a1b6d6a5ab7a75a19381200247,2025-11-01T10:32:58.499680+00:00,2025-11-01T10:33:02+00:00,145
367c1eee727c4354fe2ea6845207c9d683c782dc672f5afa68abf3c4dd547f86,2025-11-01T10:32:58.614229+00:00,2025-11-01T10:33:02+00:00,145
77317f5c797d231f6681be3a286d82458e5211dfdfe86b64f888f5716d3e40f5,2025-11-01T10:32:58.728641+00:00,2025-11-01T10:33:02+00:00,145
9dcab980a528cb9ef74f792d960974a0bb13c8b100f2f5b76e3dbb5b0a2b8e62,2025-11-01T10:32:58.844114+00:00,2025-11-01T10:33:02+00:00,145
847585efc8935af81519b5c7459f4c9d6289f096c95230c3f9138f921959f6d4,2025-11-01T10:32:58.959295+00:00,2025-11-01T10:33:02+00:00,145
9bb965b2328f46927601d54db6d0624b9721c458dafabf31c366db732c6078f3,2025-11-01T10:32:59.075797+00:00,2025-11-01T10:33:02+00:00,145
7beab019193a55d48865c4324a32709cc9a41e27b334ad6fb4d1c45e54096328,2025-11-01T10:32:59.189739+00:00,2025-11-01T10:33:02+00:00,145
0dde41b3e716c7f48cc48cae0ed0d5cf7cf53b76cb5883e5f5abae3c7381192a,2025-11-01T10:32:59.304360+00:00,2025-11-01T10:33:02+00:00,145
2233880ca6372382275f079bf41ebe5fac844340bbb3f6b87e3dbf759e19d970,2025-11-01T10:32:59.420761+00:00,2025-11-01T10:33:02+00:00,145
2d4836a0180b9737a524ac50f2565dbc05379eb4d816fbd47aaec3a014921c2d,2025-11-01T10:32:59.534540+00:00,2025-11-01T10:33:02+00:00,145
bcf2b9796025821a41870998c6b3ea939c0faa34b83690d78ac6a247e02371e5,2025-11-01T10:32:59.648372+00:00,2025-11-01T10:33:02+00:00,145
5b9268a16fd6d6914cbee8ae7ca7eacefaf1723be3b969284d5c508fea745267,2025-11-01T10:32:59.766073+00:00,2025-11-01T10:33:02+00:00,145
df4c628d7a266e92ba946e3fac79f2deaa70082f2f2618c58c095acfe931be1d,2025-11-01T10:32:59.882311+00:00,2025-11-01T10:33:07+00:00,146
e2231c07bbd39ada1d297410bd26d27b096f60f4f011deba00d11177628968d4,2025-11-01T10:32:59.998962+00:00,2025-11-01T10:33:07+00:00,146
698378338290fd166dc026d420a89652ac7d6bba2a47744656134da767ed1644,2025-11-01T10:33:00.113460+00:00,2025-11-01T10:33:07+00:00,146
9d37c0e47acb30eefb76bf34460977c52f06a80bf6ce88a9bd64addc5484b2cc,2025-11-01T10:33:00.229238+00:00,2025-11-01T10:33:07+00:00,146
38e5a5475c8b820f828faedcb10cbf150da1877a9d813738b03170d682f3de5b,2025-11-01T10:33:00.346663+00:00,2025-11-01T10:33:07+00:00,146
fc07c9c4ad821406556935e785d7a7ed7a800bb04db50356ab13fccf9d2070f1,2025-11-01T10:33:00.464211+00:00,2025-11-01T10:33:07+00:00,146
b423af592471035935f77485d3552271e4e2cf523f492230ad044e8aad446d64,2025-11-01T10:33:00.590461+00:00,2025-11-01T10:33:07+00:00,146
07433e6d52f897dda39cf9dd8ec2a2898bcde44345935d940f1b0a1872f9474f,2025-11-01T10:33:00.710803+00:00,2025-11-01T10:33:07+00:00,146
183637b5e504c3b3de5dd551b1dc858d78dd4d4c95b2b24b426f4a0feaaa1d4e,2025-11-01T10:33:00.832678+00:00,2025-11-01T10:33:07+00:00,146
a46b0e5947272c1ad6fa1bdd4fcd364e6187505b4819e74fad4238c51c0a9490,2025-11-01T10:33:00.947492+00:00,2025-11-01T10:33:07+00:00,146
488abd60378beea40e805c19fcb984ded61d7cbb8a2a01d835e0641c4dabda56,2025-11-01T10:33:01.060478+00:00,2025-11-01T10:33:12+00:00,147
bf25be76b35471f9a039dfdde91ef751b88c7d754f8f1503ea1bcd1cf56c5cb8,2025-11-01T10:33:01.175984+00:00,2025-11-01T10:33:12+00:00,147
8c276b51f8df7322175bf5983397c6906abd939500678ba20fd7681f7771cbcb,2025-11-01T10:33:01.291962+00:00,2025-11-01T10:33:12+00:00,147
2b9d168f1761957fba59009f8593ba486f2435fdd3d1544c80c20bae0f9ce6f8,2025-11-01T10:33:01.410532+00:00,2025-11-01T10:33:12+00:00,147
f78f6d1f01a6e2b8691404a439436d80b4c4846daf5ae012df044ed109e2d971,2025-11-01T10:33:01.526204+00:00,2025-11-01T10:33:12+00:00,147
da36b1cb716c430034afdda7fe7f4db39469406f7592c6c2a4a1921dfb2c3541,2025-11-01T10:33:01.639796+00:00,2025-11-01T10:33:12+00:00,147
96e92d9ae1ee61a165b1ba482669acdef1b13c5aa0cf543036cc97800da25d07,2025-11-01T10:33:01.753432+00:00,2025-11-01T10:33:12+00:00,147
691ea4296c472486beb871aa7f3db15c0713265c8c17fba4a5afe2c9cd37e10f,2025-11-01T10:33:01.929745+00:00,2025-11-01T10:33:12+00:00,147
61d66c6b614bbfacde48535882c277d12b28ffdd5ddbf86db0e984a9a504557d,2025-11-01T10:33:02.042923+00:00,2025-11-01T10:33:12+00:00,147
7af0d382a3008eb07c804314b1bffae115d516274349c8c3582dd0d75855cde1,2025-11-01T10:33:02.404348+00:00,2025-11-01T10:33:12+00:00,147
6c69d686627fce04d6229df130f385eafa119ec74c987b1fcffbb62ba130ab03,2025-11-01T10:33:02.519393+00:00,2025-11-01T10:33:12+00:00,147
14484ead157f2d433458976009868b1da695f79727a27cab9b366358ae231b46,2025-11-01T10:33:02.633049+00:00,2025-11-01T10:33:12+00:00,147
4d37f47958ed929912015b52162c4747cfa65683c297c1a1f1a74a7438dee984,2025-11-01T10:33:02.749200+00:00,2025-11-01T10:33:12+00:00,147
199645c9455d025950d72b3668c93cfe2c427a72131d8c61fe293796eb5df617,2025-11-01T10:33:02.864859+00:00,2025-11-01T10:33:12+00:00,147
ef21b94ee3b25aa9c7fad2f9bc2bfea6d7a87a61abb621c39be21d8edb83ec1d,2025-11-01T10:33:02.977946+00:00,2025-11-01T10:33:12+00:00,147
cd9fe1a36c9cae2d4b0a6db9d8514371b8746f63185f72f36e98aad8167594b5,2025-11-01T10:33:03.089776+00:00,2025-11-01T10:33:12+00:00,147
4c1e6c3b1e1d174ea4baac8d0905ee3d42b2e0ba2c482bb33fb444cc76caf4ad,2025-11-01T10:33:03.205083+00:00,2025-11-01T10:33:12+00:00,147
86d292964107ade9d7c80b679f7428056b72395a5afd71f8a3bc2ce80d73f64f,2025-11-01T10:33:03.318978+00:00,2025-11-01T10:33:12+00:00,147
a864757bf1c9ee135f93284dd7cba8c60be7bdd3467d30f015bcad9ff2e43cd2,2025-11-01T10:33:03.433022+00:00,2025-11-01T10:33:12+00:00,147
76c94f871e09a7558d981df38b0a4f304ace58663910dfe622b005bce0bb4d22,2025-11-01T10:33:03.547908+00:00,2025-11-01T10:33:12+00:00,147
5d190762f98c0c7d151bec962343e9f04be7906e9c0d5e4e184f9922f7093755,2025-11-01T10:33:03.663654+00:00,2025-11-01T10:33:12+00:00,147
f8b3f10651f0f1a11cb2e88d8464fbfdc079824ef0ac0070d1bdda3760ed2014,2025-11-01T10:33:03.786490+00:00,2025-11-01T10:33:12+00:00,147
58925f68fa1859d1194f5bea893d25fa3b02e09ce2db3df37d0c2ca1360fd49f,2025-11-01T10:33:03.901955+00:00,2025-11-01T10:33:12+00:00,147
0f71b57c0527d8a61f3b3b87b69fecfe8ee33220f89c391c674e6986df9db013,2025-11-01T10:33:04.019349+00:00,2025-11-01T10:33:12+00:00,147
db4b1d01368ce6cc548e1b48beb2319a1b57c98a46d723bc5a3920cd5a17d6e5,2025-11-01T10:33:04.142296+00:00,2025-11-01T10:33:12+00:00,147
bea449a6b2384d42bb46e2d296986143af5943badad5cdc159e76fc0127738c6,2025-11-01T10:33:04.257330+00:00,2025-11-01T10:33:12+00:00,147
f98853665367d550620e784e546e6adb97937b64fdc4e24a04febaab75e20689,2025-11-01T10:33:04.375239+00:00,2025-11-01T10:33:12+00:00,147
2f176de82bd201960bd2f95a0887a610dc75eb7611f53ef6ef73370c7da4e78e,2025-11-01T10:33:04.491171+00:00,2025-11-01T10:33:12+00:00,147
d1daf2f616655cc2da14377044af413dba9970b4fc0675afa95384596ae47b04,2025-11-01T10:33:04.609050+00:00,2025-11-01T10:33:12+00:00,147
51cc51b9d6203a9807fe1e9aa148a787077ec0c4f16a73065845804ce07ba76f,2025-11-01T10:33:04.724852+00:00,2025-11-01T10:33:12+00:00,147
020be89b8316f7800f593798f4e3cffc3ecb392c025b5c985782a4526fee0e74,2025-11-01T10:33:04.840001+00:00,2025-11-01T10:33:12+00:00,147
e1e8ebae71982368903d2e7f6a956a23f9876c6bc86d8a713129247bd687c8b5,2025-11-01T10:33:04.957023+00:00,2025-11-01T10:33:12+00:00,147
676586d93600e15a96b992eff03e84d6acca03710dcaf1ea20175b2400aa4c43,2025-11-01T10:33:05.073691+00:00,2025-11-01T10:33:12+00:00,147
354dc2c10b5762ad073c4cf4e870ccd58830f79c824e8c921de49839ddddbf1e,2025-11-01T10:33:05.190947+00:00,2025-11-01T10:33:12+00:00,147
ab53d0ba944ca185a974d3eb63fc388c8ae7c521d1c03b059d3ca1523368b414,2025-11-01T10:33:05.311261+00:00,2025-11-01T10:33:12+00:00,147
94e63bc2d62d1aba2983dff8a84f346bc54f374f15f326f2bc7068e5bf73ad5a,2025-11-01T10:33:05.437388+00:00,2025-11-01T10:33:12+00:00,147
f01d66c6bb5ff4599f6116a63a09669f7ad359648a4c75a059b339feb031cf41,2025-11-01T10:33:05.563718+00:00,2025-11-01T10:33:12+00:00,147
ad7eab1d75cffc82f270930c96e76285b4c6e1442d4fdd67712b91852b7e60ae,2025-11-01T10:33:05.682555+00:00,2025-11-01T10:33:12+00:00,147
e7de545db1be353527ed67e72a3a2ff85be49ae7210b93dd723a58a90a233b6c,2025-11-01T10:33:05.812588+00:00,2025-11-01T10:33:12+00:00,147
0b1d9f6110aa49e45201170cc90e23310e8f9acb1dcd64b42188aecdcd79e74c,2025-11-01T10:33:05.940692+00:00,2025-11-01T10:33:12+00:00,147
96c12978b91a224505ccb32b6b210869c3ca0ce341a573d2302f4bcbb23e8962,2025-11-01T10:33:06.063844+00:00,2025-11-01T10:33:12+00:00,147
2e7f64b058f20334d16312a56309f2c2bd8270be597e96b7eea4c442129f76cc,2025-11-01T10:33:06.193341+00:00,2025-11-01T10:33:12+00:00,147
d96db08a76f1f717c6fd0f0b0ba45c958f109d0c1a2d509a0b57b9de38681cf5,2025-11-01T10:33:06.317661+00:00,2025-11-01T10:33:12+00:00,147
536543a7ea95908b6bbdde4683b70bae45b06c6ffd5699b9bc17083540e28a59,2025-11-01T10:33:06.446074+00:00,2025-11-01T10:33:12+00:00,147
77e5ad90078f16b64ffe3a4083a7a33d804f0cada6834b1e3d13bfa6ff2c9407,2025-11-01T10:33:06.575128+00:00,2025-11-01T10:33:12+00:00,147
a492088a12fbd6c138883492cb72d8c84ddd4200c832d0c72d3b18193d24dff4,2025-11-01T10:33:06.700024+00:00,2025-11-01T10:33:12+00:00,147
37f4528842ef9a7c6f7df20dccf6218003bbed01591d8729041d18af0c88c021,2025-11-01T10:33:06.820037+00:00,2025-11-01T10:33:12+00:00,147
cb03d2a37709ba6cf89226173a1daaed52c7c1e34c0d28335b116b053c90c143,2025-11-01T10:33:06.943170+00:00,2025-11-01T10:33:12+00:00,147
a4206de3ab4015a489854183ff2e9407583fc0375d2c0d1092175c8cc4da95f7,2025-11-01T10:33:07.068119+00:00,2025-11-01T10:33:12+00:00,147
a7d72b2228d062b723066fffb6850c05975569ee0ef7afa3c31fd08c5a3d17b5,2025-11-01T10:33:07.183854+00:00,2025-11-01T10:33:12+00:00,147
d9fa282521bc6fcbbd05fd88bb780c0ae6e110f23a9706f93561879c6c9b4562,2025-11-01T10:33:07.298020+00:00,2025-11-01T10:33:12+00:00,147
a07ff481b39c318895b2f83a92b0c7d3c3f8a0ca23d69067ed256d3dc70ae7d5,2025-11-01T10:33:07.414958+00:00,2025-11-01T10:33:12+00:00,147
6f08a59abcabccbcf3f0e0564821107d50decf004ba23eb24cfe3afb0c4eb2aa,2025-11-01T10:33:07.536927+00:00,2025-11-01T10:33:12+00:00,147
5bd1eaba8b1eecdb87012ea888bee5d48794d25d0c67c746a08db54ec07343a3,2025-11-01T10:33:07.657491+00:00,2025-11-01T10:33:12+00:00,147
df52bb68f7beff936b9f03a072f8263034ab09d08f1a8bfdb8183a32b2ee3e0a,2025-11-01T10:33:07.784041+00:00,2025-11-01T10:33:12+00:00,147
acb5288e529b61fbfb3024bb45e461a91d77119643be46204a12b70605433c86,2025-11-01T10:33:07.906049+00:00,2025-11-01T10:33:12+00:00,147
0be8611f14d2998f48b7bc1163172c06956a780992fc8aeb0387b5161986e95e,2025-11-01T10:33:08.027590+00:00,2025-11-01T10:33:12+00:00,147
8939793966a88fa06b0a7db2c351960b3fad8f6ba259324e167aec072e41bfef,2025-11-01T10:33:08.148107+00:00,2025-11-01T10:33:12+00:00,147
6caad7d635e64500b00066f3e397be9c8016dbc937d886ff42a8d2de0339a345,2025-11-01T10:33:08.270657+00:00,2025-11-01T10:33:12+00:00,147
5c51293fecd0395f4daa0f41149d8c4e10a365870797498ee3e231cf54a2bc61,2025-11-01T10:33:08.399687+00:00,2025-11-01T10:33:12+00:00,147
7614a992cf49e8480e4d5d135f4c84baf3fb07cff59de58523719aeb85b62ecd,2025-11-01T10:33:08.512927+00:00,2025-11-01T10:33:12+00:00,147
eaeaebb5b48079f6ddc0025a4f87e98264a12af20389a31ab24ad67690e814d9,2025-11-01T10:33:08.627522+00:00,2025-11-01T10:33:12+00:00,147
ba41d6a546d3f2dcdc7f2bb6c29973e86df0dbd4c4574bbf1daeb504824aa7c9,2025-11-01T10:33:08.745784+00:00,2025-11-01T10:33:12+00:00,147
ee81a9438f9a40501e39847078ace98ab82f49fd16737e8119b6b3996b51de2e,2025-11-01T10:33:08.868143+00:00,2025-11-01T10:33:12+00:00,147
83a29a06d4edecf6ce7d62a6c4a7ea7092e40922bc71072b95f60653cd21b4f2,2025-11-01T10:33:08.994266+00:00,2025-11-01T10:33:12+00:00,147
a0411683575660163ffb6e6287d9adcbd50718193382689b50717696a3e45315,2025-11-01T10:33:09.117897+00:00,2025-11-01T10:33:12+00:00,147
2e6b5538a637e06b342e5a62de5543f6f51201662dfd85fb57193013f2a83f96,2025-11-01T10:33:09.242835+00:00,2025-11-01T10:33:17+00:00,148
7e50fb6c12a1e5c3c0d08d9eb324fa88a4da83c9de0b688da0797d90ae20ecaa,2025-11-01T10:33:09.366482+00:00,2025-11-01T10:33:17+00:00,148
4b4339e530816f450dcd99490d0364ff030fadaaeb4e22669bb3884c4f61b41d,2025-11-01T10:33:09.487395+00:00,2025-11-01T10:33:17+00:00,148
17ad9f46ef2e7cd83d4cc237464431760193eb4fd7623c8eb0c8695d569adc39,2025-11-01T10:33:09.609687+00:00,2025-11-01T10:33:17+00:00,148
342ca8a935302ed47390a9b8cd020fa3d60b8a7bba4b0a2ded83aad4d1520314,2025-11-01T10:33:09.734813+00:00,2025-11-01T10:33:17+00:00,148
7e00b9789e9c4fc133071b2f5598416eb0000261941b2db5c477788b0b32a6d6,2025-11-01T10:33:09.861789+00:00,2025-11-01T10:33:17+00:00,148
711c6ee24950aa350c3f68d81aa3c62e3fb65b6aca38c0a1fbff734dbd4560e6,2025-11-01T10:33:09.987585+00:00,2025-11-01T10:33:17+00:00,148
f23189ddcaa93263eb5c0b7f972fcc9e68f4081f8a63bf05069860be3b8df61e,2025-11-01T10:33:10.110943+00:00,2025-11-01T10:33:22+00:00,149
1735d1a19710af0e741f2bb43d67fa28f08688f4e55fd7b07c4c8ccef2259619,2025-11-01T10:33:10.240963+00:00,2025-11-01T10:33:22+00:00,149
829f9a6942ad5c53e278ca8f7bf7ffedc3d7a77d9305246dd69b8a3c87d27b15,2025-11-01T10:33:10.364675+00:00,2025-11-01T10:33:22+00:00,149
6d62811a1a6d5a3333ff2268204fd7e3225d5d34d4dcb42b25d9050d6d942fde,2025-11-01T10:33:10.489979+00:00,2025-11-01T10:33:22+00:00,149
e155b31ab8f57e428e0f4ae1799dfffd44773bd4da0d52dab8b6e60ab96efc9d,2025-11-01T10:33:10.616383+00:00,2025-11-01T10:33:22+00:00,149
b32bc8a0d8ec94794fb1637a2029df16f7ec0c89e5a4c04ad135fe200a12a050,2025-11-01T10:33:10.739355+00:00,2025-11-01T10:33:22+00:00,149
554cabae320ded27b8e3f8068678bea1d799bdf58fe890b904d132def57c4d15,2025-11-01T10:33:10.864561+00:00,2025-11-01T10:33:22+00:00,149
c6065fab5b8cbd48cc85aa90e57824856fbbd1ccc00ced1565303ff8601da908,2025-11-01T10:33:10.983594+00:00,2025-11-01T10:33:22+00:00,149
54a06f5ba7459e46eb76a2bcad1f0d84bce5b900be76214ea61b2acf0dd2ab38,2025-11-01T10:33:11.115319+00:00,2025-11-01T10:33:22+00:00,149
4278cb5211e7f4cd1c39cf50aea6493d6e3a448560091099403ef9fae99adccd,2025-11-01T10:33:11.240767+00:00,2025-11-01T10:33:22+00:00,149
99717c05c85c8d79621bd2dbece8dcc17edc7afe4fa2ff206a313bdf8991ca9e,2025-11-01T10:33:11.363815+00:00,2025-11-01T10:33:22+00:00,149
3b4b6db9ba291771ceca11731ae1f4e146815ca92012e37b722d77b66badac63,2025-11-01T10:33:11.493194+00:00,2025-11-01T10:33:22+00:00,149
ddb25ca9fadef092979081fe50216d0f5620fd69d997b3e5e85633988fd66a46,2025-11-01T10:33:11.623536+00:00,2025-11-01T10:33:22+00:00,149
f8089847303448e30bd983564c0580d3d429a5daa2831799b95980601cade379,2025-11-01T10:33:11.747837+00:00,2025-11-01T10:33:22+00:00,149
0248911e7077747add031edc30dc477ed35e94d4e43d26ff725f824b5fb6c2df,2025-11-01T10:33:11.872021+00:00,2025-11-01T10:33:22+00:00,149
b4b80894b22ecd7aaa58c3154725c212e5adbda4e98295b83ed44033093e0422,2025-11-01T10:33:11.996929+00:00,2025-11-01T10:33:22+00:00,149
d5ed317160bda6abca7f91657a0c5b04f447d4d133ef4d3e136c62045e043b63,2025-11-01T10:33:12.122605+00:00,2025-11-01T10:33:22+00:00,149
d0093055dfea1391d6f58ddf5c602665450bd50d54b3b168949cbe23a4e22963,2025-11-01T10:33:12.362809+00:00,2025-11-01T10:33:22+00:00,149
1498fecab5dcafb3344486ee9d4b95b58fcba3ce61308cc32e49ec98989a30aa,2025-11-01T10:33:12.478213+00:00,2025-11-01T10:33:27+00:00,150
e21ba44baee4c61af2e5b8864e9ede1d13575896d488a3261642d4472bc2ea81,2025-11-01T10:33:12.595364+00:00,2025-11-01T10:33:27+00:00,150
b25ffabf4da116728042a2db6d501957c53bdf67b0224984545d1f26d772b3a6,2025-11-01T10:33:12.719035+00:00,2025-11-01T10:33:27+00:00,150
6ba54c91fdb74830cc48bf574b9bc5a359d14491746629994ab39c67a54a0183,2025-11-01T10:33:12.840331+00:00,2025-11-01T10:33:27+00:00,150
1f75d5da2e8e5346f480095a30e864647cf87690ae2a6c7da4b7474ed853515c,2025-11-01T10:33:12.963898+00:00,2025-11-01T10:33:27+00:00,150
b341dba9220d9e43f123faf74497f89c81309b52298ae6a1042f317891035f6c,2025-11-01T10:33:13.086681+00:00,2025-11-01T10:33:27+00:00,150
71c3ffbec3bb5dd0759fe0618e4cade01516eacdde5a1bcfc07acbadd3c9c95c,2025-11-01T10:33:13.213828+00:00,2025-11-01T10:33:27+00:00,150
c43e937a960b70a3436e00fb6c29de58e6a47e8ef92210a07d6309ce618a31a0,2025-11-01T10:33:13.341133+00:00,2025-11-01T10:33:27+00:00,150
efeaf64fd6728f8d21d3f539c94d82659151fd108437649a2a169eb7f741e414,2025-11-01T10:33:13.467548+00:00,2025-11-01T10:33:27+00:00,150
b72198eed17f4ee36067c9e99517fc3d812139c7f21158fef3b9906687a09bc0,2025-11-01T10:33:13.590496+00:00,2025-11-01T10:33:27+00:00,150
c709e0315b5cc7da1a1f493180b2182a19cadb6503323b447986b1857499b466,2025-11-01T10:33:13.719013+00:00,2025-11-01T10:33:27+00:00,150
46b3b85a4a8d59678648ff0153976c016653c1b61cd61d2e883669ab097b20c3,2025-11-01T10:33:13.838640+00:00,2025-11-01T10:33:27+00:00,150
4c064b30e12dfd1c500666f24ae172d159b5b3d30c86c7672a6689b5e4730d6b,2025-11-01T10:33:13.968619+00:00,2025-11-01T10:33:27+00:00,150
abc59df5f56ec11409497b9f32ee2b5504fab00791a300d190845445084f2058,2025-11-01T10:33:14.098114+00:00,2025-11-01T10:33:27+00:00,150
6fbf58c979046a68cc4568279f23a8f3c2d8cfc2f56e4ac37af8012c48aabd81,2025-11-01T10:33:14.218895+00:00,2025-11-01T10:33:27+00:00,150
bbd46d0365ac9bceb35a3da67bd526e344449e15605ee3469daf1ef7e9e7d872,2025-11-01T10:33:14.344085+00:00,2025-11-01T10:33:27+00:00,150
4df3c38be2c515e7236d45f41b0c6ebc6c26256cab995a14595ea5884871a5fc,2025-11-01T10:33:14.469037+00:00,2025-11-01T10:33:27+00:00,150
d0c9e4f885de47174ea03376c3b63f56eb85b3ba948cf1955bddb814aa143228,2025-11-01T10:33:14.590012+00:00,2025-11-01T10:33:27+00:00,150
5b98d96cfd0578fa19814b374d57a26aa35afcc16afd7218311c0e8476b4b403,2025-11-01T10:33:14.716620+00:00,2025-11-01T10:33:27+00:00,150
875d420983f804a2146a85b47786d42a9bef9e9a8fb2faa521ee81a260c55685,2025-11-01T10:33:14.837521+00:00,2025-11-01T10:33:27+00:00,150
5ae409866137b86396bcb6e7b935953b5cd4efa228c5a4bbc7affb0a661e2bf7,2025-11-01T10:33:14.969236+00:00,2025-11-01T10:33:27+00:00,150
87e845089e307bbc2557ab6c8650d196468e554fc1a24f7f00f40e7687b78d37,2025-11-01T10:33:15.093608+00:00,2025-11-01T10:33:27+00:00,150
ab6cb3d9e45eb93192852ed6f0c2cfac6072f9550a494e100a90a44028fde7e4,2025-11-01T10:33:15.215848+00:00,2025-11-01T10:33:27+00:00,150
a3afb8e2047ebcfdd4ccd8216a1e239e46f81d8d726feb2042d36730a95fc43e,2025-11-01T10:33:15.344899+00:00,2025-11-01T10:33:27+00:00,150
19f3933e29cf3223972221a8221dc2708743a5a001b6fbad38be85eb0e370081,2025-11-01T10:33:15.470688+00:00,2025-11-01T10:33:27+00:00,150
4f047e0689caacb9d99865ef7c327e75061228bf7cfacd97b2f676d35fba3b13,2025-11-01T10:33:15.599615+00:00,2025-11-01T10:33:27+00:00,150
33f28fc18a09aaa4e5b6daa59bb744c17930e4dfed83165cd41133947c36e9bc,2025-11-01T10:33:15.719693+00:00,2025-11-01T10:33:27+00:00,150
9f2ce394893bda54fc5abde29316cb57eae90aa9b9867f4c0a4069132789ba81,2025-11-01T10:33:15.841638+00:00,2025-11-01T10:33:27+00:00,150
1720a653d566c843fa126a7e131f6ef2314bafc5769eef95fd1bc21e6c526a3f,2025-11-01T10:33:15.964822+00:00,2025-11-01T10:33:27+00:00,150
96f3dc46678c160976582cae38c74fd94e21037a594d0e52623e5cfc39da9ecf,2025-11-01T10:33:16.096818+00:00,2025-11-01T10:33:27+00:00,150
237f3d03a9300396b59e39b53fc0df0f3f04fa8697eb9dfefd6224bdc2c6f786,2025-11-01T10:33:16.232362+00:00,2025-11-01T10:33:27+00:00,150
0d875f3ab96d09f403d4bf3e14fa192c0762c09f358d232763f3f0b320d5aba8,2025-11-01T10:33:16.354495+00:00,2025-11-01T10:33:27+00:00,150
1e6783ef10cce6ce401edf89de0185403adfff1e634c627a3f676018a697c178,2025-11-01T10:33:16.483392+00:00,2025-11-01T10:33:27+00:00,150
51f0d2b4401b83a5d26c95e198c8b67e6a418ab24f4618b9ac595d15e5ff1fc7,2025-11-01T10:33:16.608617+00:00,2025-11-01T10:33:27+00:00,150
126b2e2518c879653b8699bdb5946f1d93d4d5cf1f49adc6866007edaf95a7d9,2025-11-01T10:33:16.726914+00:00,2025-11-01T10:33:27+00:00,150
f8798d69500dd0d032593164e5a09594e9be4b17c21bc3ea9d93ea23b017a5ce,2025-11-01T10:33:16.850974+00:00,2025-11-01T10:33:27+00:00,150
d7c8ea6474788b892a42170fb5e3d3ed906e54447e90f8726ad2549fc5c9881d,2025-11-01T10:33:16.972664+00:00,2025-11-01T10:33:27+00:00,150
1437f7af02721203d8ca111dd43d08e8471eba2e704c7844fd8731fb561dce29,2025-11-01T10:33:17.097986+00:00,2025-11-01T10:33:27+00:00,150
ed47b38b441eb3ef9875c4195591bf20161970a0d4542f2a2aff185c410ceae8,2025-11-01T10:33:17.223629+00:00,2025-11-01T10:33:27+00:00,150
223c070308fceb0c9923433aebc7d62c54f6671c940051c90672de02b6ced066,2025-11-01T10:33:17.340849+00:00,2025-11-01T10:33:27+00:00,150
012a69509015776cfdfb8b257a953aabeb93332df14413ffe9a0af76cfdd9db3,2025-11-01T10:33:17.456379+00:00,2025-11-01T10:33:27+00:00,150
6e2a578e7ec65c62c594ccefae32359e96b8886f48ca8849061678256f0f9d41,2025-11-01T10:33:17.573634+00:00,2025-11-01T10:33:27+00:00,150
e82c06b90edf62468095bdeb1e21f9bf02ff1741925fc09841055fa9123e1e56,2025-11-01T10:33:17.694916+00:00,2025-11-01T10:33:27+00:00,150
a5fdcf65a15fc88ae213a83c620028f165acff62d248da8e0599831c9e93939f,2025-11-01T10:33:17.822780+00:00,2025-11-01T10:33:27+00:00,150
19dfaef757763314d9d2a1bcd282996d1f9cdd9a4cc7c8f4851acaeb3d7cc1f0,2025-11-01T10:33:17.944006+00:00,2025-11-01T10:33:27+00:00,150
916cf7c9a8e7b89b3345e31ef07f6fd8ac078f9bd7e5247b3a15eb58eb4b5b16,2025-11-01T10:33:18.064616+00:00,2025-11-01T10:33:27+00:00,150
cb90691dd72e6b00b4be40e666a67d518ba7701b9e7500360f21b59fece40df7,2025-11-01T10:33:18.185782+00:00,2025-11-01T10:33:27+00:00,150
4aa357ac803070e97c6de313201dedc1fbbcaafd90d0f4da87be1abb3118252f,2025-11-01T10:33:18.307511+00:00,2025-11-01T10:33:27+00:00,150
c089de42b50b3c4f518906b6bac63dd628c4540035faa651b6a43cc7fe0673d2,2025-11-01T10:33:18.429734+00:00,2025-11-01T10:33:27+00:00,150
7027031bf5043c55f04efd4511f3206bad119b20e3153ecb3fccfef44867d0fc,2025-11-01T10:33:18.553208+00:00,2025-11-01T10:33:27+00:00,150
86090ccbb401f9a8b359bd5c0c359a9ee39ab456922be06537213b9b40334da6,2025-11-01T10:33:18.684591+00:00,2025-11-01T10:33:27+00:00,150
183f84fe8f168778091879e792115ba9b4197899b45261840ca8bef41485f444,2025-11-01T10:33:18.810446+00:00,2025-11-01T10:33:27+00:00,150
d15da3e461e1fb02a821a91364078c02abeb7b890d6e46ac84ae92d7d02f1091,2025-11-01T10:33:18.934392+00:00,2025-11-01T10:33:27+00:00,150
68a4047fd8a0a8ca4667d18d0e4eb20dfc6f7401c59645cbfe9b19b1d4d2208b,2025-11-01T10:33:19.061431+00:00,2025-11-01T10:33:27+00:00,150
d745cecf61b3358bc6d258aa77009270d7d1b8f3d85328e784e8a25223d91faf,2025-11-01T10:33:19.185373+00:00,2025-11-01T10:33:27+00:00,150
19261cb5c88aa57620ba2d3d260c7eabd742d49384599d4ef82a7a95ad736257,2025-11-01T10:33:19.304015+00:00,2025-11-01T10:33:27+00:00,150
7e63fa6ecb1ba8f759c8475603860b93591e7f5572cc88dff8f9b71f73a05415,2025-11-01T10:33:19.431567+00:00,2025-11-01T10:33:27+00:00,150
e1dd7294b2a92e056bfe6f8b4c62e640f9811c143317d2e25b2adbe1b5d46293,2025-11-01T10:33:19.552442+00:00,2025-11-01T10:33:27+00:00,150
12f31f20f52c74d957517032ae0ed2585f99796fc8d8af6aece097b398693d3c,2025-11-01T10:33:19.676870+00:00,2025-11-01T10:33:27+00:00,150
80435a15d6efb3ff36a4569dd440eb2bc0cc2d19a5460d450d17d63afa1dd8bb,2025-11-01T10:33:19.802307+00:00,2025-11-01T10:33:27+00:00,150
dd106dc1dae7b9ce21da82cd76f1213d768215407684f34381fd9e7a9a8f976f,2025-11-01T10:33:19.931862+00:00,2025-11-01T10:33:27+00:00,150
9136d44fc3e17f5029d085e0e8f9556dc727437690b20a2af648f5e72d3eda7d,2025-11-01T10:33:20.059741+00:00,2025-11-01T10:33:27+00:00,150
7484fddaa91508efb7ca7d1b38aef9216478fe5a58c40cfa8b9712963dc28af8,2025-11-01T10:33:20.187751+00:00,2025-11-01T10:33:27+00:00,150
98cb904758ef7d4d50b4edb3b5d4b7173a551eb36403be568a08afbf0fb4659e,2025-11-01T10:33:20.310403+00:00,2025-11-01T10:33:27+00:00,150
b373920e33f401d4b15ec415dee099f0bae79ec0909800cfe0a013dfad1ae6d4,2025-11-01T10:33:20.444154+00:00,2025-11-01T10:33:27+00:00,150
bc71b101d16190398a0b7aac2c74eaeede14513191a1294eefe0296c8b57f2c0,2025-11-01T10:33:20.566735+00:00,2025-11-01T10:33:27+00:00,150
3e4fe9fc451ea79d15c1672d41cd6d65b78355c4b0d0708c8c39dec961b7fbbd,2025-11-01T10:33:20.696446+00:00,2025-11-01T10:33:27+00:00,150
e9db536b433dc758df8b9aec2adafcdcd912e619a6dc431e6df3e5a711cbb12a,2025-11-01T10:33:20.818346+00:00,2025-11-01T10:33:27+00:00,150
1a8e10609b701c896e3f650c95b473c87755b459eaf1ee8ce257e252c7406a14,2025-11-01T10:33:20.933202+00:00,2025-11-01T10:33:27+00:00,150
1c97ab82fb5c17420f9cc57888bca30030869276fe97f7e218526454ca528d83,2025-11-01T10:33:21.049031+00:00,2025-11-01T10:33:27+00:00,150
e921b9313e2e76c841250201fdc001b502cee2a27d624c873a91885066736c56,2025-11-01T10:33:21.170764+00:00,2025-11-01T10:33:27+00:00,150
8982aae849bb85c77bab1e6baf01e43fc23d9dc2e23a5ee72a019f9874119eb6,2025-11-01T10:33:21.305868+00:00,2025-11-01T10:33:27+00:00,150
5cda3abdfb68ef1c6b57423eaffc6348730a5edaab6a8f8a2e3bac909486219b,2025-11-01T10:33:21.431394+00:00,2025-11-01T10:33:27+00:00,150
fb832a487f9dd311508b4842022e0901e090fa4e6927a289187b45949c41dfd3,2025-11-01T10:33:21.554611+00:00,2025-11-01T10:33:27+00:00,150
2606dcb975cb42b2f5f1587648e1b9a96e1961ac28de23bab7eb859e14035b7c,2025-11-01T10:33:21.675752+00:00,2025-11-01T10:33:27+00:00,150
a520cc535a98cf3e23f97cbf242e96287ff04168a2cab4334350058d1b49be63,2025-11-01T10:33:21.798235+00:00,2025-11-01T10:33:27+00:00,150
dd58a083d049935e8ac1c80b4dfbc1e2df375813a17b0ae6e3f0e60675316d6f,2025-11-01T10:33:21.926242+00:00,2025-11-01T10:33:27+00:00,150
635ebc1883dbdd84db4d25392054be586e3261d5da1103d11729ad5f7ed7bd0e,2025-11-01T10:33:22.052778+00:00,2025-11-01T10:33:27+00:00,150
77dce4dd29f010f6867ee9112638d2dc039fa3de1c450e9ab573c5fca48499d6,2025-11-01T10:33:22.172102+00:00,2025-11-01T10:33:27+00:00,150
6515bfef81c395a3cb532cde1f8cf35a21095768072c7f26dea3d80905ee3124,2025-11-01T10:33:22.295375+00:00,2025-11-01T10:33:27+00:00,150
53e067f40f2e9cddf8f37403903c7936ef75870325f5d6cd0095a2afaf191c23,2025-11-01T10:33:22.412114+00:00,2025-11-01T10:33:27+00:00,150
a7c26b722b445c2fa43f8e1ffa371e9a3dc4ab3d697da5f1d2dccbbc52c62481,2025-11-01T10:33:22.526673+00:00,2025-11-01T10:33:27+00:00,150
bf0f36b15e5161ffa409606221fa3750043373cd2450d4132c08bf5123838ffb,2025-11-01T10:33:22.648241+00:00,2025-11-01T10:33:27+00:00,150
44192d29f87c6958990dc08378cda5b20fbfd3441aad1c65a9ff94ca8239a6b0,2025-11-01T10:33:22.771837+00:00,2025-11-01T10:33:27+00:00,150
127a0111c0d418be20f1b13fe999ad21f404a1150892d87a588855e5e498de72,2025-11-01T10:33:22.892402+00:00,2025-11-01T10:33:27+00:00,150
61fd39b04569f5130bc23650d4e7e343fcc9475cfc185368660b49a83cc455f5,2025-11-01T10:33:23.015955+00:00,2025-11-01T10:33:27+00:00,150
720f26f5d6e38b0087b908c75a77e2c1bfedcf43b4817dafeb4b8b81cabc464b,2025-11-01T10:33:23.143562+00:00,2025-11-01T10:33:27+00:00,150
f33c72fbce7da51db42a456f8ce64e48b7c5eec2e9b3302dd8b1f7a1596026ea,2025-11-01T10:33:23.269541+00:00,2025-11-01T10:33:27+00:00,150
987784e203e792c1020221c280ca3599904ad9f9799c332c52ec836624745379,2025-11-01T10:33:23.389396+00:00,2025-11-01T10:33:27+00:00,150
cf2b3c2b8c9e7aaba0b62ce45c64d22a59d8e6a5e68702611d16f17368c8d67a,2025-11-01T10:33:23.518605+00:00,2025-11-01T10:33:27+00:00,150
deff51b09dacfc1fb8e7ff13a211e58a09449323401f8ad5430d179251fa5e50,2025-11-01T10:33:23.636739+00:00,2025-11-01T10:33:27+00:00,150
7fd4dfcd5f7f93736e85287c9c73a25e9852565f005a84455943aa59c9c96c30,2025-11-01T10:33:23.756937+00:00,2025-11-01T10:33:27+00:00,150
b8accaa0cd8a29d0bed2bc9854b52e43ba0646c021b0ac7b289733298eea77e5,2025-11-01T10:33:23.874922+00:00,2025-11-01T10:33:27+00:00,150
2a2b77b2fe5d79d643ce0e22384941a849bd0bc2a062e1a74e500ffe2fc912ea,2025-11-01T10:33:23.995984+00:00,2025-11-01T10:33:27+00:00,150
9ace82c2773d36a7853899afc4f1ee0274a2981c1406c123156942b3ccbb7d9a,2025-11-01T10:33:24.122101+00:00,2025-11-01T10:33:27+00:00,150
c49f35f3bb076a406b450ef8ccbb45d4f8799e08e991b186c7cd62785d563801,2025-11-01T10:33:24.246801+00:00,2025-11-01T10:33:27+00:00,150
c02fa8f573a3999e2a850e4b924290b3e6412311302020dc0fe338b5559054d6,2025-11-01T10:33:24.372605+00:00,2025-11-01T10:33:27+00:00,150
a7d70c18edc7a3467d6b9d926ce6a5eb0dd46f65af886f0f5f25012d1857bba5,2025-11-01T10:33:24.495214+00:00,2025-11-01T10:33:32+00:00,151
b1fbcae21b010be4d1ee77e4804bc91c6a80db81a85cce06c27fb6b369c6476c,2025-11-01T10:33:24.619622+00:00,2025-11-01T10:33:32+00:00,151
4cf14cd10ad931dda065a4356e0b967c9e5f703a0afb7f5320d36f9c16a7fc96,2025-11-01T10:33:24.746630+00:00,2025-11-01T10:33:32+00:00,151
4dd50108f6e0fc4af0efacad301b67fad24307fe0371f26ebca66af07c6b71fb,2025-11-01T10:33:24.869792+00:00,2025-11-01T10:33:32+00:00,151
92eb378401084672b0831aafd3b4d2546f4fde463f7bb59c558a23104ff700cf,2025-11-01T10:33:24.996175+00:00,2025-11-01T10:33:32+00:00,151
e2f3e0546bf78d3e093bced218e6a606b1673e53b4e1e106f09cbfc182a840b7,2025-11-01T10:33:25.119231+00:00,2025-11-01T10:33:32+00:00,151
a5ad2013b90ea636942d97a50518ab7e968cce40997f4db78c7d3f7f699fe63c,2025-11-01T10:33:25.250861+00:00,2025-11-01T10:33:32+00:00,151
cebe1ce7a52b174fa37a278cdcf96479853d7145f163c3d0c3f1b0a3dc826c7f,2025-11-01T10:33:25.371559+00:00,2025-11-01T10:33:32+00:00,151
7fe12b04143e80d8a396eb7c69967e50ab3c99ec0c2efec7b285d5334f38221d,2025-11-01T10:33:25.499619+00:00,2025-11-01T10:33:32+00:00,151
2e3431d0af9b998ea6260d1d99fa0406155005b8662e97e4248501eafbee8b1d,2025-11-01T10:33:25.624958+00:00,2025-11-01T10:33:32+00:00,151
ec14c0b69055da13821c36dcc559ec312a1ab015a265e9ee6fbcaa4b74f7afe0,2025-11-01T10:33:25.743603+00:00,2025-11-01T10:33:32+00:00,151
e503c25f107b8bfb37cfb880c914a9dc067c78080d0a2c0a79d1562dc239ca34,2025-11-01T10:33:25.871812+00:00,2025-11-01T10:33:32+00:00,151
12f1ca4764a91c701e990be0396b67c18655136da4d25ad76938b61ed59b83f5,2025-11-01T10:33:25.994849+00:00,2025-11-01T10:33:32+00:00,151
5a507c5d1f7c2fa079d8e1426489f691fd9fa083187773ef196a580678fee273,2025-11-01T10:33:26.118440+00:00,2025-11-01T10:33:32+00:00,151
18218169c77c349a40f080c9e8d399d6a7b49dbe33623fd2559aaed83f6b6a8b,2025-11-01T10:33:26.244665+00:00,2025-11-01T10:33:32+00:00,151
f750182846854a818ba77296468996bab3ce2654ba220277111f424c8c647a0f,2025-11-01T10:33:26.365409+00:00,2025-11-01T10:33:32+00:00,151
34d725e588de939aa71427ac68dacaf9243838da269d1c2b16fa75eec197c65b,2025-11-01T10:33:26.488638+00:00,2025-11-01T10:33:32+00:00,151
1e92a3418105d5c6800e2d4e5c2759a5f424f7e64e47302f68c7394a38c5ccca,2025-11-01T10:33:26.613098+00:00,2025-11-01T10:33:32+00:00,151
576b6c18cb2ad54871301a26b52955c48cc7ca0f505e4ed5b3b771fa10e38ab2,2025-11-01T10:33:26.733434+00:00,2025-11-01T10:33:37+00:00,152
87b8ff79b1990978306021c0ab17a895927008e8b5d7d66b243becaa7ac43092,2025-11-01T10:33:26.858366+00:00,2025-11-01T10:33:37+00:00,152
35340f423eac1bc17a70a3103dcd1fe2cfe1a2cbd33d37ce163ac9ab756aab73,2025-11-01T10:33:26.981039+00:00,2025-11-01T10:33:37+00:00,152
a67fd7d27ffaee7fa305004a93cebc2d07a5c3303bddf82e606ad69de0f0332d,2025-11-01T10:33:27.100940+00:00,2025-11-01T10:33:37+00:00,152
70495e1dc41e4654964f4966167b2244f8cffc2b04f7f86258254be9418a9c63,2025-11-01T10:33:27.222195+00:00,2025-11-01T10:33:37+00:00,152
3260ca1628437efd3078239cf4ca647e6a0118d3d058cd881b1da1ad5036d020,2025-11-01T10:33:27.339830+00:00,2025-11-01T10:33:37+00:00,152
04ef94ab59b90248329ac29d71d62f4d353f39f0bafa4ae4ab7749ec2d2cafc5,2025-11-01T10:33:27.655026+00:00,2025-11-01T10:33:37+00:00,152
48cf482af2d46e57be08bcaa2602f71c9f4bc93eac2a1e52131fa7ae51df88aa,2025-11-01T10:33:27.772782+00:00,2025-11-01T10:33:37+00:00,152
a87703f6561c0436637f43124c46f8e7bc9a4be86d016e3d9e5b21725af1af06,2025-11-01T10:33:27.891698+00:00,2025-11-01T10:33:37+00:00,152
27f90af8cd69716ceecbbcc2762d5e39fbe9b0cd57c2e5f0efd6bc9fda871b76,2025-11-01T10:33:28.012330+00:00,2025-11-01T10:33:37+00:00,152
9a71c0473a68cf9e18187659587dc3c979282330230fdc2180aaef9a2a6073ae,2025-11-01T10:33:28.133516+00:00,2025-11-01T10:33:37+00:00,152
4148685a9bdc7924e4202ae5b3545805cf4d25931a7ddb3487382b92115464c2,2025-11-01T10:33:28.259007+00:00,2025-11-01T10:33:37+00:00,152
cc51b42c06db33f142e1737604fed3985cb6996ae6f1621af3729aeb71298bff,2025-11-01T10:33:28.383281+00:00,2025-11-01T10:33:37+00:00,152
90c54dafbefd372ff96f430d1caef7ea3f14ac4301c13d668b09af3041fc67cf,2025-11-01T10:33:28.505974+00:00,2025-11-01T10:33:37+00:00,152
32acb6a19bfad186585f19eaafe4fd6d03e6ab2e49ea5bce486504fd3f3e84f8,2025-11-01T10:33:28.630518+00:00,2025-11-01T10:33:37+00:00,152
814bb86d3bb1a8f6471ed0abec7af2d4a56e3749cf3cb5b5b5d870468d9d6d7c,2025-11-01T10:33:28.755417+00:00,2025-11-01T10:33:37+00:00,152
e33100775103619f9fa902fcc15df65eafc0ef9aa1ef02e43e5e2a03e95698e0,2025-11-01T10:33:28.879743+00:00,2025-11-01T10:33:37+00:00,152
78081eef302b6f91180e2e718a5e34c36d2d275eeaed4b524b370305cf3a5c60,2025-11-01T10:33:28.999855+00:00,2025-11-01T10:33:37+00:00,152
3a3d5d926098ce4a3213b346677fdddb983a843379aac277a0983f87e305d392,2025-11-01T10:33:29.120607+00:00,2025-11-01T10:33:37+00:00,152
11f153cb97ce48a0687f6d96aec1336afadfa2a3bc84a581b2339cdffa84a379,2025-11-01T10:33:29.243420+00:00,2025-11-01T10:33:37+00:00,152
a867e231ea4428c6fe08b3c15c76b31d2e20a4f02f6aed5feaf85dd0756bd43e,2025-11-01T10:33:29.369258+00:00,2025-11-01T10:33:37+00:00,152
43bb048c8e02985edc7f169402a82ac85cd6906ce1c077c1415b6b61bc034200,2025-11-01T10:33:29.493861+00:00,2025-11-01T10:33:37+00:00,152
f2d1939fd94c40697058851b248a614f8ab634c4ee24978f622d834b115195ec,2025-11-01T10:33:29.620086+00:00,2025-11-01T10:33:37+00:00,152
ecb083276de74d6e477bbeef0162dbeff268fcd7def91821f97a67d8a913caf9,2025-11-01T10:33:29.749461+00:00,2025-11-01T10:33:37+00:00,152
90de44bd5624a6082011d994acac14d9d1e61114f08d528be0b177cafa49a9a9,2025-11-01T10:33:29.875047+00:00,2025-11-01T10:33:37+00:00,152
d5172ce3155d05373ae3907273352ce6c66ab6361b3955138ca90c5d28b389fe,2025-11-01T10:33:29.999319+00:00,2025-11-01T10:33:37+00:00,152
3bfe7a1172d886f1a6f8e2a138ec02a3cddd0501620b6e4643336867987efc22,2025-11-01T10:33:30.122236+00:00,2025-11-01T10:33:37+00:00,152
9d52a292d8c2586749b38249b21a2e756e950bc83cbc3cad395f065a47e12cba,2025-11-01T10:33:30.249859+00:00,2025-11-01T10:33:37+00:00,152
35fdd9c08911058ab519821bd8adf1b51c8e26ce82674ba11c397e85af0fec86,2025-11-01T10:33:30.376681+00:00,2025-11-01T10:33:37+00:00,152
1e1f01169873dd9aad5e690e77c0e8dd3a4c8b912423360de525d0dff7433270,2025-11-01T10:33:30.505676+00:00,2025-11-01T10:33:37+00:00,152
bd45f09779bd6e790150d989ef78beda795d456828757fc5eb83d105488ec243,2025-11-01T10:33:30.629551+00:00,2025-11-01T10:33:37+00:00,152
055982351d6375c50535cb92f0823768bf1201fec13a029c5d404bfec1d58edf,2025-11-01T10:33:30.757719+00:00,2025-11-01T10:33:37+00:00,152
7c18f8abb63454a771034484e8e410962ed2c3585cb5d86c058902e3043d02bf,2025-11-01T10:33:30.884043+00:00,2025-11-01T10:33:37+00:00,152
ad6cfc9327967d2d1414282dfcf8625b54fc574d9c9d115ef8e926b20eebefe1,2025-11-01T10:33:31.005685+00:00,2025-11-01T10:33:37+00:00,152
923fba30e37b6cad7664e09a949d05007849f221ffcd0855a4242ac75565d664,2025-11-01T10:33:31.126305+00:00,2025-11-01T10:33:37+00:00,152
c7adf894b4d49d3e7d0ca3abf3815bf9720cf79f6288e2a188719581c5fe0315,2025-11-01T10:33:31.243139+00:00,2025-11-01T10:33:37+00:00,152
45d3bf6b19852a87839719181d02892f8915925cbb9bebf6fd038f4248e702cb,2025-11-01T10:33:31.361064+00:00,2025-11-01T10:33:37+00:00,152
49abcf9ccc49171a015fc9a67e2ffce0c15492fc9a485daadff71f38cdef2cb0,2025-11-01T10:33:31.481313+00:00,2025-11-01T10:33:37+00:00,152
b9300716146b43f6893d6a69466e35416d06ad7904ba0cf4e24a61fd6057cd5b,2025-11-01T10:33:31.602525+00:00,2025-11-01T10:33:37+00:00,152
34ae5625950ccd16be6f6cf31ea45045410867c9b9a7583911410e31ad9c04a8,2025-11-01T10:33:31.726035+00:00,2025-11-01T10:33:42+00:00,153
3d18c29bb7d19c675a10cbb6d361c23c69e98ab4817023fb5bc0e2f7253e7b93,2025-11-01T10:33:31.841167+00:00,2025-11-01T10:33:37+00:00,152
51fd573e70ddf74cd122436ce670740af862972f6083652be6224e73e7864173,2025-11-01T10:33:31.958575+00:00,2025-11-01T10:33:37+00:00,152
60b31b6a705fe53cb50173ca695b40ddd45e03bab36c95727676cf244b9778e5,2025-11-01T10:33:32.074653+00:00,2025-11-01T10:33:37+00:00,152
2bbe71f08ce77d5e4c70fea754b405ffbb04f0396c4c34e747470dec57bb18e0,2025-11-01T10:33:32.193669+00:00,2025-11-01T10:33:37+00:00,152
21100e2443803f3a0d2441065a5dfae2f275938dfa88ef5bf0c66e87fbd94530,2025-11-01T10:33:32.306538+00:00,2025-11-01T10:33:37+00:00,152
d66926408285c90091a05359b0c0b8adee5ee0172e97c869e9ef30199d8638b1,2025-11-01T10:33:32.426179+00:00,2025-11-01T10:33:37+00:00,152
0f6df7861c579b5c17b72a5341b695db3dd2092210dc9717c342a6f672a44aaf,2025-11-01T10:33:32.542395+00:00,2025-11-01T10:33:37+00:00,152
44a2cda90b7481763716f8dbfc8eb2570bcef61ed546c1098a3e939cf670c7fb,2025-11-01T10:33:32.656786+00:00,2025-11-01T10:33:37+00:00,152
327ce969a98593055a479183a9199b8877ba02751ab7446b4267266547e9e53e,2025-11-01T10:33:32.771080+00:00,2025-11-01T10:33:37+00:00,152
b82ffed7084f89cb46497cad1bfaa127b0da333a4a55e63aa8efdc1036006d94,2025-11-01T10:33:32.888678+00:00,2025-11-01T10:33:37+00:00,152
f136a9b214085444d499cfd6bcc7edd81202598c7d860208df2b29ff871294f9,2025-11-01T10:33:33.005341+00:00,2025-11-01T10:33:37+00:00,152
73ac1a15ef9ac96f177c3b0c4a7ddd304af8373b61c51e2a638f5d61ec501566,2025-11-01T10:33:33.118969+00:00,2025-11-01T10:33:37+00:00,152
1031655889b582c02081c287fabe64e87941af8a0c753fbc188fa0cdee07bb40,2025-11-01T10:33:33.234659+00:00,2025-11-01T10:33:42+00:00,153
da322107ce643a9179b92079d08d7142a53117a7975a08872752c9c46454a6bd,2025-11-01T10:33:33.356401+00:00,2025-11-01T10:33:42+00:00,153
7c1c9a04e61092a88051cd0d3af816609cda65de5021669df53a19a01d73492a,2025-11-01T10:33:33.471499+00:00,2025-11-01T10:33:37+00:00,152
cf807d69a2df8ec8bf6c6f1c61e9327e6a7717aad3ac99213dbf7449c4d2f244,2025-11-01T10:33:33.587104+00:00,2025-11-01T10:33:37+00:00,152
5303544c1093a3fe2b5d259e9966de00849a3a7b088bbdfeed0c9ce7ef34de70,2025-11-01T10:33:33.704899+00:00,2025-11-01T10:33:37+00:00,152
49a9b63dfe30587181b20e5c4abd184c1a7a7127c21d1789f04c7098dd7eefa6,2025-11-01T10:33:33.827659+00:00,2025-11-01T10:33:37+00:00,152
6fb01a4cd12aacd763db8cade3d64cde36b256c4acc84bece60a030188f01fbb,2025-11-01T10:33:33.942713+00:00,2025-11-01T10:33:37+00:00,152
aa152966cf3f924d5e65c239a499c1986b90f8a874c21b8ff0952301900438f4,2025-11-01T10:33:34.062185+00:00,2025-11-01T10:33:37+00:00,152
7be372d7707323a54921ee1b51c8909dd63282aaa77bcb972136909bfa9b08cf,2025-11-01T10:33:34.174474+00:00,2025-11-01T10:33:37+00:00,152
6154c1ced14ed244d2f593f6931a3e838f4da49cace9da0fd9d8d1e39d803efe,2025-11-01T10:33:34.293204+00:00,2025-11-01T10:33:37+00:00,152
01aac708221d3925ea6ea1fd04e3ae0f0a7a044057f09f14a203bc20435194e9,2025-11-01T10:33:34.413516+00:00,2025-11-01T10:33:42+00:00,153
df4f829151b1ff1bf31bd7ce8188b21084de34ec01cefb695aad8ad0086c9abc,2025-11-01T10:33:34.529573+00:00,2025-11-01T10:33:37+00:00,152
c271698dcd2b0de326322972b320840b4fad800afa89d582bbfa7930e38a6e8d,2025-11-01T10:33:34.649606+00:00,2025-11-01T10:33:37+00:00,152
bebb5dd6c5291be0015a6146ab6c80657f13ebad045f77207d5ab71c714d3042,2025-11-01T10:33:34.766727+00:00,2025-11-01T10:33:37+00:00,152
66ed972a2944db4c54df90e51f6a7bba024d113bca4a486f4b9c6932a8fa8c35,2025-11-01T10:33:34.885771+00:00,2025-11-01T10:33:42+00:00,153
709e7892283aa501d28d8878c48bef0ee969bbf67719c25f2a1c8363bfeb7348,2025-11-01T10:33:34.997901+00:00,2025-11-01T10:33:37+00:00,152
824cfe8373b709db989f3b4077244f86d91b643b4cbdecddf1785562e1d7b4f8,2025-11-01T10:33:35.112344+00:00,2025-11-01T10:33:42+00:00,153
492796871b25fe9f7e5ae60f2c0bbc2853d0ff1e32bccbfa134b742dd491886a,2025-11-01T10:33:35.227653+00:00,2025-11-01T10:33:42+00:00,153
24989d351e3d4e46ea53ef5fb9b6c9c47612d44d3f85ff30eaa64d20c1c60b59,2025-11-01T10:33:35.347114+00:00,2025-11-01T10:33:42+00:00,153
84749e082f6229ca58514ed41cebbc709ccca36dca2e43d693cb3a9b1b71323d,2025-11-01T10:33:35.471637+00:00,2025-11-01T10:33:42+00:00,153
a8d2c1e397e918a6ef53fe0d7eed0655b5575fb40b0e3c52e15251ae44c289f5,2025-11-01T10:33:35.594748+00:00,2025-11-01T10:33:42+00:00,153
32b517b292c295eebcfb47a8a184942430d6fa03a866ff379d5c13d1d449146e,2025-11-01T10:33:35.719884+00:00,2025-11-01T10:33:42+00:00,153
bf78433f9b61d6501622e36100e95d5bd6721f86d23a81d6159f98dde765c54b,2025-11-01T10:33:35.844919+00:00,2025-11-01T10:33:42+00:00,153
f9d6065b45ac32966b6827ec9828775d08b30e096698a16bdfe10aa476f5bb3c,2025-11-01T10:33:35.969786+00:00,2025-11-01T10:33:42+00:00,153
c33715967987e7f9cac67b4a91398b0707a53cd8f6e30140d67cd91ef5402770,2025-11-01T10:33:36.097006+00:00,2025-11-01T10:33:42+00:00,153
00d9eb23652f5282f43d3b2a23369113a380267dca88e7178cb913919cc5ca0d,2025-11-01T10:33:36.220395+00:00,2025-11-01T10:33:42+00:00,153
6683f2b29a17cb28562033db9a77905ca8930a33106afe8b616197307fa7fb2e,2025-11-01T10:33:36.344628+00:00,2025-11-01T10:33:42+00:00,153
c15e3d57322769f3f5b464927c56b87a068706b8cf384283124bdf64bd92776b,2025-11-01T10:33:36.469304+00:00,2025-11-01T10:33:42+00:00,153
0c8bf7d168609fdbf4c57e672162e1469e8ac5797a4a73ba117b9c69d7ee0d17,2025-11-01T10:33:36.596020+00:00,2025-11-01T10:33:42+00:00,153
5f677c48307beb73a6e7a34ddc9c1b3290a4cbfe8193820d16fc5116ffc1bbfe,2025-11-01T10:33:36.721196+00:00,2025-11-01T10:33:42+00:00,153
70a8cc497d3c0853b4bfce15da365a75170b169a40349df334349c89d2d97522,2025-11-01T10:33:36.846844+00:00,2025-11-01T10:33:42+00:00,153
00b97d85eeeec7dd5b6c7486d36515e65a9c738cf628f3d1bd93f6a39fd8b5b4,2025-11-01T10:33:36.971425+00:00,2025-11-01T10:33:42+00:00,153
62208407eae39382bc0986ec74f5268417d2d7254f1cec1da8e29cc13d2793dc,2025-11-01T10:33:37.097644+00:00,2025-11-01T10:33:42+00:00,153
de0c6dfb7074923987e025c4aad5950a5014b88e6331a9f079cfeea42a9b086a,2025-11-01T10:33:37.221658+00:00,2025-11-01T10:33:42+00:00,153
e5335992a8ee08b03096fc24d2e3bff0f596acf82e6e25998fb290cdf9dc5dca,2025-11-01T10:33:37.340653+00:00,2025-11-01T10:33:42+00:00,153
5af571c3b1f41b562df1266c1db8d9b60f1a7d5297028b33c84c294cbb63165d,2025-11-01T10:33:37.461991+00:00,2025-11-01T10:33:42+00:00,153
8ca167a8cfdea986f876adff74f1881358fffec5b39ddc12a4f436abb92636e0,2025-11-01T10:33:37.659353+00:00,2025-11-01T10:33:42+00:00,153
363c38f4f8d6c9cfd18518b9935c96e0edfcd16703f4f76c8d74c1fa26f96c90,2025-11-01T10:33:37.780362+00:00,2025-11-01T10:33:42+00:00,153
b0e81ab73bfcc98bc33d6da56b13eca1ff9b2d9cb8fe6d890e0d85091fa9b27b,2025-11-01T10:33:37.900299+00:00,2025-11-01T10:33:42+00:00,153
cb2c34111238d64d19ac70636c36706d6e304c9d0aede1fee45c51c5f132919a,2025-11-01T10:33:38.018635+00:00,2025-11-01T10:33:47+00:00,154
4068b0478c240f27e6de0c6fc16705e03a04f8eb58adb6fbb03fbaff48eb3869,2025-11-01T10:33:38.143497+00:00,2025-11-01T10:33:47+00:00,154
a4b1cd94f4776ff59fd224f93b8dadd7c9427511750be0937c65f385135ebdeb,2025-11-01T10:33:38.267436+00:00,2025-11-01T10:33:47+00:00,154
29398a72338052123cd41b3642caa4502b00a142dd807cfa6495ec083e0ed5a2,2025-11-01T10:33:38.393830+00:00,2025-11-01T10:33:47+00:00,154
839dd2cd4d146499356372d423613f702ef00cbb1c7f87d163be773e2845dd8b,2025-11-01T10:33:38.519945+00:00,2025-11-01T10:33:47+00:00,154
24e9c7290083c323dd9f699e349ec08f58ce2bab01ab2bb36754235757e7461c,2025-11-01T10:33:38.638499+00:00,2025-11-01T10:33:47+00:00,154
eb2116af8b02821e0d6a70dc637bbeaa8501c871b0b75c7ab279fa74cb1d2c62,2025-11-01T10:33:38.756459+00:00,2025-11-01T10:33:47+00:00,154
727e4b980596dcfd82114cb05560074960470755da2f967b83168802b7c67d3a,2025-11-01T10:33:38.876323+00:00,2025-11-01T10:33:47+00:00,154
a5a39d87ca54a0ee49feee973ee888deba5c331ed75b6351ba6b89a465d909a0,2025-11-01T10:33:38.997236+00:00,2025-11-01T10:33:47+00:00,154
3a4a14dd60594dd861ea80d643b847b63be82e5ae32c87916b15cce6d9a48b45,2025-11-01T10:33:39.123151+00:00,2025-11-01T10:33:47+00:00,154
254fffef92a694466418d03d7896f7fe8a8d9b71b0696d16644db2c4a461b0ce,2025-11-01T10:33:39.251198+00:00,2025-11-01T10:33:47+00:00,154
16aa0cf33910d84f19a8c2808c2337ceaf3ee23e65e9931aa988b68a2ad7fb6c,2025-11-01T10:33:39.372146+00:00,2025-11-01T10:33:47+00:00,154
232ae21b5c70f35b298252f627830966486059e20b9657d11c750eec81b2ef8c,2025-11-01T10:33:39.493707+00:00,2025-11-01T10:33:47+00:00,154
35094aca95faf0e4863ea79cf17f96430584f72a7b606ef14e4b4c74912ad085,2025-11-01T10:33:39.616541+00:00,2025-11-01T10:33:47+00:00,154
978add1c076d99b042e197c08da2697d392a895ddae784e4b80ea87b74041759,2025-11-01T10:33:39.742423+00:00,2025-11-01T10:33:47+00:00,154
e2e44832dfebdec1ea69a110bff648c72acbe79287e18294c2c7bd01ba1938ee,2025-11-01T10:33:39.866361+00:00,2025-11-01T10:33:47+00:00,154
3ed478c0cb7544f98bbbe2c7f93895cdf73e3a9fd6ab3d1648d25d3f47ff201c,2025-11-01T10:33:39.993834+00:00,2025-11-01T10:33:47+00:00,154
3ad1a7367bd5f3fb14f2ba400f86ec64e0681fa0a0b2e7367bddbde2af0906be,2025-11-01T10:33:40.109961+00:00,2025-11-01T10:33:47+00:00,154
f53de13afdf521dae53ae5b85793192c7f984429518d4a860a9f434a394154f2,2025-11-01T10:33:40.230217+00:00,2025-11-01T10:33:47+00:00,154
38c96a8b722681db22090d72658474e65aa7bb290d4b96083df118606dbcd850,2025-11-01T10:33:40.347011+00:00,2025-11-01T10:33:47+00:00,154
d7162c8349413365093f35c6577e674117fdef095eae1532dfaf9250610a5a4a,2025-11-01T10:33:40.471100+00:00,2025-11-01T10:33:47+00:00,154
6cd102c84c489f9a02d410b084862d35f1dcbede0a8899d4efe6889f9dc55fae,2025-11-01T10:33:40.593556+00:00,2025-11-01T10:33:47+00:00,154
56e8068d11ed2b360f8c4ae91a4302002ecd7c01afcf968d0d1b73a0aa9f483f,2025-11-01T10:33:40.726556+00:00,2025-11-01T10:33:47+00:00,154
55ed34ac558531adbc537b39a5337103f894efabf7bb7e2c17612969705aafc1,2025-11-01T10:33:40.854179+00:00,2025-11-01T10:33:47+00:00,154
94049a2da153c29d090b9328621e68fca56ad03dc14670cfab7399277cc94f69,2025-11-01T10:33:40.976583+00:00,2025-11-01T10:33:47+00:00,154
41be44f1f5048df2c92074c160c979f7995f7d653ee761f81083d2d89b747abf,2025-11-01T10:33:41.110378+00:00,2025-11-01T10:33:47+00:00,154
6bf49709bd79be3bc374156325fa1eefbb5247fc6ed60f015034c1706a421e64,2025-11-01T10:33:41.232265+00:00,2025-11-01T10:33:47+00:00,154
1d15096fbff5398aa05b63510bf0ccb56a59c5fe84f5ba88068e91619e8ec23e,2025-11-01T10:33:41.357124+00:00,2025-11-01T10:33:47+00:00,154
0de68bc277b263b864d16ffb5934a1dd09e5727e23de7849e7551e814118a716,2025-11-01T10:33:41.487638+00:00,2025-11-01T10:33:47+00:00,154
96af2dbf0914574c085edf78dbbdd034034500b2df4c6e4f7390bcdeeef055c4,2025-11-01T10:33:41.613831+00:00,2025-11-01T10:33:47+00:00,154
8bbd50d0c5d1a85e00b49fb6eda9ff2a31e91c1948959ff726b027066de77078,2025-11-01T10:33:41.738277+00:00,2025-11-01T10:33:47+00:00,154
053b351745b1fd17e7698cdc74558289aef6d94d383d446c2028f187e1649a06,2025-11-01T10:33:41.872260+00:00,2025-11-01T10:33:47+00:00,154
89a8235e3246eb1560424d9dc171522e69297b81bb5d037dd1dcce08b143989e,2025-11-01T10:33:41.993644+00:00,2025-11-01T10:33:47+00:00,154
3942229161557e107c6c8e588826a9b742e46927394638f385fd1cce24385759,2025-11-01T10:33:42.115956+00:00,2025-11-01T10:33:47+00:00,154
72dce5257eb1df8c80c0fc8ad3eff3980bff68cd8548f45cf8a07bdbacf19bce,2025-11-01T10:33:42.241812+00:00,2025-11-01T10:33:47+00:00,154
fc719e4b2fea1727caf42512980f988c83fa0362a06429503edff70f5af570ab,2025-11-01T10:33:42.369514+00:00,2025-11-01T10:33:47+00:00,154
8f43e23286de76f09fbc9e6b623a8ac4c90e74b9bb2b88dafbfcffadbee846a5,2025-11-01T10:33:42.493444+00:00,2025-11-01T10:33:47+00:00,154
6c984322b29428bd42ffa8f4f298c673eb0a03a29b1a2406e0b63746e2898bb9,2025-11-01T10:33:42.609755+00:00,2025-11-01T10:33:47+00:00,154
4b59ad4251a04136efe0bc882ff6ec9b8f3dce56b268fd586013f6ab111206f6,2025-11-01T10:33:42.726397+00:00,2025-11-01T10:33:47+00:00,154
5076852436f91aab72798ff6962a60f09915db1f9fe89a76eb4c137b2f0a2f04,2025-11-01T10:33:42.850717+00:00,2025-11-01T10:33:47+00:00,154
35cebf6eeb26e5acb8cf02e19925366f02052e18fa3671b0d8ff7b52eb19fdb6,2025-11-01T10:33:42.969249+00:00,2025-11-01T10:33:47+00:00,154
8750b8ac287a4b509ae865539bf588409b3a67048eb1ee255c3ce226fdc7b954,2025-11-01T10:33:43.092027+00:00,2025-11-01T10:33:47+00:00,154
a0e86700b52f13b88f310424225ed00db6e6aa8c9872033d442894a74d3f191a,2025-11-01T10:33:43.219338+00:00,2025-11-01T10:33:47+00:00,154
3986f1091ea7e6482400c332ec828843df5788ef9ad47eccd72a98f2b808e145,2025-11-01T10:33:43.336236+00:00,2025-11-01T10:33:47+00:00,154
988a4b7954f6c26cdaf4e26a6f61ac0495e101a32318b302298fe0ee0202b942,2025-11-01T10:33:43.451499+00:00,2025-11-01T10:33:47+00:00,154
621d6883f44b02662b889c513ef7a16086febc73aed0b4163995985268747b57,2025-11-01T10:33:43.569460+00:00,2025-11-01T10:33:47+00:00,154
05576ac8c24ea333855cf108d605aa4f5eed8419eab674adc30579aa97e2631c,2025-11-01T10:33:43.687211+00:00,2025-11-01T10:33:47+00:00,154
1d0f95efa558b34349a470f6bdbf4ae7a949f76501bcb4bc6674b9da567b04a3,2025-11-01T10:33:43.804660+00:00,2025-11-01T10:33:47+00:00,154
bad0d013a4eb11fd94f573eda27c8b0983114cd40910c1c266fedfc94965ace4,2025-11-01T10:33:43.924361+00:00,2025-11-01T10:33:47+00:00,154
c015a59bb35f13a4700271fb7f7509891e60785b1f950e501eb0d49706ce867b,2025-11-01T10:33:44.053252+00:00,2025-11-01T10:33:47+00:00,154
c3207136033b2cd232c9113e5ef6c96cbd8e34177483e216c497daf996918553,2025-11-01T10:33:44.190695+00:00,2025-11-01T10:33:47+00:00,154
d2b44bc1909f07095e10a041ee1957ba88978cdf2d0d725cf3ad2834270f9411,2025-11-01T10:33:44.319288+00:00,2025-11-01T10:33:47+00:00,154
74e7d9b97d5b815f58f1ddf45efc97948f4bdac6640557e8dacccbc2fd6b207d,2025-11-01T10:33:44.448221+00:00,2025-11-01T10:33:47+00:00,154
831afdba41b08b3a9488473381e5d992c93db366cfc6fbf274540ccd032e17a7,2025-11-01T10:33:44.575428+00:00,2025-11-01T10:33:47+00:00,154
9ec2b9406a1cda43a4c827a1e35eefe5522ef3e512452d1328a7a61ba8295ffd,2025-11-01T10:33:44.695534+00:00,2025-11-01T10:33:47+00:00,154
5030a26b23cade0c7e260b27ff3ab688d04a218f4818bb1a882eeb646611be4f,2025-11-01T10:33:44.817578+00:00,2025-11-01T10:33:47+00:00,154
17ea67f2eb9460aba9a3a3526d6bae65730559f4d95871b521f5d833b4e91c7c,2025-11-01T10:33:44.949642+00:00,2025-11-01T10:33:47+00:00,154
e8ec35cd3c86e24145cee9a67528b982075d9d72f272240da873cb748e83c080,2025-11-01T10:33:45.075069+00:00,2025-11-01T10:33:47+00:00,154
09594627f844f907e640b90be6d564b7569efe39bda7e364d089fe31a9fa9fce,2025-11-01T10:33:45.200333+00:00,2025-11-01T10:33:47+00:00,154
8caa82df6c4db7a65a3b5f1ce3c3b797deb4061ac09b457a425c93badf318f1c,2025-11-01T10:33:45.322608+00:00,2025-11-01T10:33:47+00:00,154
6c58dc4750999dc2d2989c01d493fbe9ba00117a3b1aa12aa00603ecd7ed4f89,2025-11-01T10:33:45.451365+00:00,2025-11-01T10:33:47+00:00,154
bf57e2f0b3e77bfa1327888165d5b09613d4c36480c5e3c6902fc463651855e4,2025-11-01T10:33:45.579052+00:00,2025-11-01T10:33:52+00:00,155
6ff20dfaa8bb0098ff3cdcd8edfca704fb343e17c7f2e679a398b8369160cdee,2025-11-01T10:33:45.707815+00:00,2025-11-01T10:33:52+00:00,155
b46bfbf48f40ff89d1889cb1204809f6fd041071c216ea068b75ea37d6061239,2025-11-01T10:33:45.836001+00:00,2025-11-01T10:33:52+00:00,155
661c89d3e0a53ab46c346f2086c7c1b7466f44985bb95440d508bacc6f85970c,2025-11-01T10:33:45.961546+00:00,2025-11-01T10:33:52+00:00,155
45a1502d9d5b76380be528e56ccb61f76555fe9d91650865ef3976f3b7c950c7,2025-11-01T10:33:46.092837+00:00,2025-11-01T10:33:52+00:00,155
9482eb4265795a7ed3fabad32cb13bf82c682bdcdba3029d7a8bf441cee02dc3,2025-11-01T10:33:46.218798+00:00,2025-11-01T10:33:52+00:00,155
8f981248fa7d1b1de1a697b82af0ecc03cacf33b09a57fc65cb1afc0b7a12841,2025-11-01T10:33:46.337188+00:00,2025-11-01T10:33:52+00:00,155
887c1cdc31f4cc3068ffa432594ffbe4acfe024aea4a11b73e59f74d8724ce8d,2025-11-01T10:33:46.463113+00:00,2025-11-01T10:33:52+00:00,155
08046b19f990668a614e61061cdcd62b1ed629426e7f7a4b1ae766229b0759eb,2025-11-01T10:33:46.586095+00:00,2025-11-01T10:33:52+00:00,155
a504e4f13e6537ddaef3f1e32af0448152d672a7c05603196c40045ab454fe75,2025-11-01T10:33:46.707288+00:00,2025-11-01T10:33:52+00:00,155
ac49f94377aafca5f820893d312c794919bd21e420f6a4adac1b4eb8916d0a92,2025-11-01T10:33:46.831371+00:00,2025-11-01T10:33:52+00:00,155
dd59bc3a6fd6b014fd2773c4fa0cfc2475d1e40c2e814fb721600db2b5a351e3,2025-11-01T10:33:46.960822+00:00,2025-11-01T10:33:52+00:00,155
54c1c921beebc2a16397215f1ed6cb10611b52386720ecc574aa5f32dbdc6077,2025-11-01T10:33:47.089447+00:00,2025-11-01T10:33:52+00:00,155
c7966734c9c94442c9d39accda457992900a52f97f9a827cf09ec2d1b2ab6932,2025-11-01T10:33:47.215744+00:00,2025-11-01T10:33:52+00:00,155
8d8a5932bb915d8d7fb8869ba78da62b4bdfdfa51ece03019cec06f38cc2bdfb,2025-11-01T10:33:47.339903+00:00,2025-11-01T10:33:52+00:00,155
dabcef7f7e3b35edc305aa60f41b6c964131ca5f8ccca11ee5402f91eef88a10,2025-11-01T10:33:47.462617+00:00,2025-11-01T10:33:52+00:00,155
056e645870554e79349c98ea46a367b19a39806b12dbbefa365c272f749941cb,2025-11-01T10:33:47.586258+00:00,2025-11-01T10:33:52+00:00,155
14b69b2aeb47a215700287bfee22851ddc9ba61fdb08e5750528afa7c6a3ef81,2025-11-01T10:33:47.775721+00:00,2025-11-01T10:33:52+00:00,155
f35352a45399dbd83cab1821d54ba3137f79a857d952cbe31a99cb52b09f6a49,2025-11-01T10:33:47.889699+00:00,2025-11-01T10:33:52+00:00,155
5a886721c09f053d3f0053fc21f838c157ec263b4bba1323717ce1ed8a7af641,2025-11-01T10:33:48.007482+00:00,2025-11-01T10:33:52+00:00,155
8ce98d59fde692cbdc6f56ef0598398c7504505eb1612332e3cec8ef00deaa5d,2025-11-01T10:33:48.127460+00:00,2025-11-01T10:33:52+00:00,155
16dac182f56cc68cba20f6055716b43c8f6311de6ea24eeaaeb94e3e76612dd6,2025-11-01T10:33:48.251053+00:00,2025-11-01T10:33:52+00:00,155
627fb7d8d2e52eb03a5da8ca3bbfebd8bdbe2fa086c6eecfb35403abaf9e7c6f,2025-11-01T10:33:48.377597+00:00,2025-11-01T10:33:52+00:00,155
c671a3e51d3cf1191938c3e4ebcf4369a699a4f1f15172deb83bb6b86553e3f6,2025-11-01T10:33:48.502406+00:00,2025-11-01T10:33:52+00:00,155
c4a09263f38d19e706ea36928d8f5dee2b9ca2135c00fdaa6c2f9ec2a581c568,2025-11-01T10:33:48.627934+00:00,2025-11-01T10:33:52+00:00,155
18e8adcc46606d07fa96f199565261c61863c124578bb68adb2284e131e37450,2025-11-01T10:33:48.753195+00:00,2025-11-01T10:33:57+00:00,156
fe7b13670c6a39416008ef647d200f60c435449225d9a4030b4e3fc85bc27b94,2025-11-01T10:33:48.876843+00:00,2025-11-01T10:33:57+00:00,156
0ada4de29d905911a1a55cbeabf93e03665738caec939cbc0333ad28e68b1eac,2025-11-01T10:33:49.002427+00:00,2025-11-01T10:33:57+00:00,156
4530c9566fa0aa322cd395a23ccbfda46f8f3bfca9d9945ed3f80e0360f46300,2025-11-01T10:33:49.124403+00:00,2025-11-01T10:33:57+00:00,156
9ffc41165b91f9bab89ca21afb22f5fa8a6a89ba7370329180213f45a6a0c97b,2025-11-01T10:33:49.251505+00:00,2025-11-01T10:33:57+00:00,156
ce9e2107de2da9e4b53ecf7be09f4af8cbc7231c6e5d8603443769cfd1fd91b2,2025-11-01T10:33:49.377010+00:00,2025-11-01T10:33:57+00:00,156
575b0019c563918803f53222505de1f38d9212c6ff5d9ac5613a37b8c427dfb7,2025-11-01T10:33:49.499564+00:00,2025-11-01T10:33:57+00:00,156
e8b4eea3661609660a926b901fcdc604644717856d34ff20a40485ea69cd3029,2025-11-01T10:33:49.617279+00:00,2025-11-01T10:33:57+00:00,156
74ef470c46ff4075dee8e076e5142c96986aadf4da0cce002913d0f6a18c2c40,2025-11-01T10:33:49.735632+00:00,2025-11-01T10:33:57+00:00,156
78bade9f8a74bbdf8f4f52b9932276c6208e5a662e1a9e229b9d0848f0fa5fcf,2025-11-01T10:33:49.855977+00:00,2025-11-01T10:33:57+00:00,156
a12a7f2005f88aa815f3b788e7692376a7739031210fa36134a47d5e4a748c62,2025-11-01T10:33:49.976499+00:00,2025-11-01T10:33:57+00:00,156
76ec705f3a6b92b80cd15ef5cce04176201faaae501b03a5627288d39d12bd95,2025-11-01T10:33:50.093091+00:00,2025-11-01T10:33:57+00:00,156
788d95bb3544f614f6ea3db0d6073850905ef1a1724881420a6ec590e30e403e,2025-11-01T10:33:50.220296+00:00,2025-11-01T10:33:57+00:00,156
ecbf31b80a52bb33c1cf45702343c8493eab1669ef4d1c7a7eb26e26284c611c,2025-11-01T10:33:50.351193+00:00,2025-11-01T10:33:57+00:00,156
f332a54ef5d25e0b03b63fcc30e7c86df934fa8b659f8cf0490f7d72f211b524,2025-11-01T10:33:50.473150+00:00,2025-11-01T10:34:02+00:00,157
9647647d853428715a92c3f5b06ee694f3cf12d50684799c517c0b36e0840202,2025-11-01T10:33:50.597280+00:00,2025-11-01T10:33:57+00:00,156
1e6dae7982fc700b632b064613b676f1a0f14d1172ad3ea5766334e17b149140,2025-11-01T10:33:50.720256+00:00,2025-11-01T10:33:57+00:00,156
69ce27fd1686f83fde9775b79a0b0486f519ac527abb1d7afb3bb14fc02f134d,2025-11-01T10:33:50.847375+00:00,2025-11-01T10:33:57+00:00,156
85039e0d314f153ad90eb95b92c2116aae8a3dc75d7723b5ea30ccc43db0e85e,2025-11-01T10:33:50.978410+00:00,2025-11-01T10:33:57+00:00,156
e7d8126dc17a7286910b219844d3d75e5c6f7a94f6c98b0973e57f9eca57648a,2025-11-01T10:33:51.092521+00:00,2025-11-01T10:33:57+00:00,156
3a37f77f125851c6679565051177cd85358e9b76a02e3ec00a87f7e5eab2eb39,2025-11-01T10:33:51.208952+00:00,2025-11-01T10:33:57+00:00,156
24074d3bc88b5ea44beb0b9f9dad6fe532e8c9492cd4d9fb87565fa594058c64,2025-11-01T10:33:51.328239+00:00,2025-11-01T10:33:57+00:00,156
4acd393f865a68ce98de66214abab484e25cd9c13d84ac7068edb42f62de0ea3,2025-11-01T10:33:51.451491+00:00,2025-11-01T10:33:57+00:00,156
4e2e7b81e82ace452812cb3ed9b711024a7aff4d7624efebc0cff55ec5accf8c,2025-11-01T10:33:51.572427+00:00,2025-11-01T10:33:57+00:00,156
0c10ac129d8cad39d5eb953e59dc8b53d27c8d9bfbc4ff00ff260e6ed49958ad,2025-11-01T10:33:51.695663+00:00,2025-11-01T10:33:57+00:00,156
f6ee1bffac755288c46ed1e6463559eb7f0370c5b096848b1af87b2a77e471dd,2025-11-01T10:33:51.825490+00:00,2025-11-01T10:33:57+00:00,156
218b8612fa8dd7af74ba4fbe51678b7d31b6b0b13901c1389483277aa8357c74,2025-11-01T10:33:52.057793+00:00,2025-11-01T10:33:57+00:00,156
6697724757089a8b0daf7398dd76bace5e7d65b8f9d937cdf5fa2a5cb04853f2,2025-11-01T10:33:52.174259+00:00,2025-11-01T10:33:57+00:00,156
9d71b8b760c6b0558cf34bf6bd828732fbb84330d3f150434520ca87891187b7,2025-11-01T10:33:52.290571+00:00,2025-11-01T10:33:57+00:00,156
ece8ceb852fddc0e696f4a835bf0c10014c24b172a1d98604736b778a42312e7,2025-11-01T10:33:52.414405+00:00,2025-11-01T10:33:57+00:00,156
6e3c29c356236f997bf06700fab87f46ce07014f062e5686368f0c064be1351b,2025-11-01T10:33:52.543348+00:00,2025-11-01T10:34:02+00:00,157
ef110245a3f3d0afed0a1d0f2400e770bcafef36c9403bd2b880be4ee84f7fde,2025-11-01T10:33:52.676083+00:00,2025-11-01T10:33:57+00:00,156
0d857de174ae8067a94963d1e40c49952dc9a9427dd053229f3a1b2d8acdfd4d,2025-11-01T10:33:52.794373+00:00,2025-11-01T10:33:57+00:00,156
7733d593b662a5916a9f508f3167542bb3627f7642c01fd64da4b130db8c7cdd,2025-11-01T10:33:52.911556+00:00,2025-11-01T10:33:57+00:00,156
ae7b8362481bbc1eec26d6508a52c2e86e3de752d6a2834e561878ab6b010e68,2025-11-01T10:33:53.029955+00:00,2025-11-01T10:33:57+00:00,156
555a4eed057b6f096d7d2455559733e5804344cce66f3631ced4feaac2827c58,2025-11-01T10:33:53.152841+00:00,2025-11-01T10:33:57+00:00,156
477cfa33360b4b4f4b7afd23654333049abfa04cdde59b15283c17cc6eda4853,2025-11-01T10:33:53.275055+00:00,2025-11-01T10:34:12+00:00,159
ceb65eba2d5074d29f2738dd6b6f1bb894bd477bdc3010d02341385f5325b571,2025-11-01T10:33:53.401946+00:00,2025-11-01T10:33:57+00:00,156
f8a8d400210d69b9158eaee0bae4953935933368a49e750f42c5476787254c36,2025-11-01T10:33:53.527631+00:00,2025-11-01T10:34:12+00:00,159
c44ecdefe76b659779d3d90f5fda7d1f04f8bd6c69ef6641e4a5194cb440e78a,2025-11-01T10:33:53.653622+00:00,2025-11-01T10:33:57+00:00,156
5dd078c6e0f452ade195ce8a84a54231b1db307e3092e6299e5c01c94d96f683,2025-11-01T10:33:53.779603+00:00,2025-11-01T10:33:57+00:00,156
47084c653a946e5066abcb2945f9218171d04b4683cd28c53ea7122ac34572d6,2025-11-01T10:33:53.893719+00:00,2025-11-01T10:33:57+00:00,156
be7352835650ce0dbc9614f3ee34b8c7d2e6d195061c73622936318fcbd6088b,2025-11-01T10:33:54.008898+00:00,2025-11-01T10:33:57+00:00,156
4e5b283aba11aadc9ef8aa92bc0c23a8b1497e5f23ddb8a6ad3c17b33cb79702,2025-11-01T10:33:54.126849+00:00,2025-11-01T10:33:57+00:00,156
caa4524067ac00fcd048d36e160f76911dd7d740c288972fe4ab4ab343d25d39,2025-11-01T10:33:54.248097+00:00,2025-11-01T10:34:12+00:00,159
1cbe996c6d6c0ae493fc6499b68698ba54463f7919d4959b408e282165acb6c4,2025-11-01T10:33:54.369756+00:00,2025-11-01T10:33:57+00:00,156
7477777d910c465bd38a9b92ae16a9ddf1e1ba45a403bd590edc6030df8fdb97,2025-11-01T10:33:54.490977+00:00,2025-11-01T10:33:57+00:00,156
838b8384ac016559ccff8b6af0df47c552eeda6776af26fedc5a4e8703c18809,2025-11-01T10:33:54.608487+00:00,2025-11-01T10:33:57+00:00,156
79847be38d4c7f552b64a38c75b5140e3d6270dbc5321b7ace95ffde69afe043,2025-11-01T10:33:54.723248+00:00,2025-11-01T10:33:57+00:00,156
fd92154ab05a01695542a9a90b3ae397c6578f497315546abb36a52a0c0850a8,2025-11-01T10:33:54.840227+00:00,2025-11-01T10:33:57+00:00,156
d3c90ad0d0a6e1d7f98d6d77eb9a717723ff0b7f303222ecb37f0f958c419bfa,2025-11-01T10:33:54.958659+00:00,2025-11-01T10:33:57+00:00,156
120eec909e8f6d8559a83817978c656f7e2efc68af8bc10f053791ada422bcb7,2025-11-01T10:33:55.080464+00:00,2025-11-01T10:33:57+00:00,156
d882a90a3f0061b3ed4f7dcbdf19453608cc22938889eb470652a2c0c0191a9d,2025-11-01T10:33:55.196246+00:00,2025-11-01T10:33:57+00:00,156
d20966bcc2b4694d0e44bf03ee02a73cc0861246bbc7f54d4f93d022bf0ea086,2025-11-01T10:33:55.326247+00:00,2025-11-01T10:34:07+00:00,158
9306a452c33dd4ebe1576769e4e1b0f4144c89d6d112b1a413090c5575726ac4,2025-11-01T10:33:55.449795+00:00,2025-11-01T10:34:07+00:00,158
07bff83a5efaa190348cd2e2ffc3c607948061a468daf874bdd6555677380951,2025-11-01T10:33:55.579313+00:00,2025-11-01T10:34:07+00:00,158
60771fd10e16475c2cf6141f6ef6b5c466693565f46d2ca1afe1245a3bbc6c55,2025-11-01T10:33:55.700848+00:00,2025-11-01T10:34:12+00:00,159
c601e7177d4f79e55e66a186b805751e3a9c38dbb494972e526cfb6334c17f23,2025-11-01T10:33:55.835383+00:00,2025-11-01T10:34:12+00:00,159
203df580d0fbf9ba4e48b9b42603e8f00594f78a956e22494b0dc899b6b61d03,2025-11-01T10:33:55.957281+00:00,2025-11-01T10:34:12+00:00,159
ba25a5c3b9224fb1562124074f292c5e3a60346f2412a85ada07ad9d733632b9,2025-11-01T10:33:56.075128+00:00,2025-11-01T10:34:07+00:00,158
73cae20777cf9f77a731e1b96d4dba145866912cc2a5700d6a483f639c0f080d,2025-11-01T10:33:56.197398+00:00,2025-11-01T10:34:12+00:00,159
2c11c7c4bd28b98b841ddd1922289a16d5c7320e2dfd9b5f0646e9d33ab6f13e,2025-11-01T10:33:56.323308+00:00,2025-11-01T10:34:12+00:00,159
99b22067891c6ae1f42d67dea1d0e10acc163e4684358c4d7a564c40b8ac7835,2025-11-01T10:33:56.446700+00:00,2025-11-01T10:34:07+00:00,158
bd933c0d25c02859de09234e7183c26a0a0283923105db35817f4eb1e8216ec5,2025-11-01T10:33:56.560548+00:00,2025-11-01T10:34:07+00:00,158
0c83af8eeb4b986e8c0a26c1957b414109357da706ece3692145b718e4f68849,2025-11-01T10:33:56.680617+00:00,2025-11-01T10:34:12+00:00,159
ea4f3508ce4da9ddc65e6b5b227a8aa9b483f9d544379e9eee95e62d9b33d17a,2025-11-01T10:33:56.804292+00:00,2025-11-01T10:34:12+00:00,159
b3ddddae7eb94d92ada40c182a10d33d28d36a6dd99ca6f14c6a89be4f7dc169,2025-11-01T10:33:56.920201+00:00,2025-11-01T10:34:12+00:00,159
b8443bdce1d671a723fe92e229d927f642ecb9e3e9b207c55764cebd2031543a,2025-11-01T10:33:57.043609+00:00,2025-11-01T10:34:12+00:00,159
cd8fd8707ee2a0d5caeb8a78bf71ebf482a8a88251948eb524b283e08c15c08b,2025-11-01T10:33:57.161347+00:00,2025-11-01T10:34:12+00:00,159
8ade5e935f4208895ecb8f87bc19fe58d38754998a941b020536d2e7d6971be1,2025-11-01T10:33:57.278706+00:00,2025-11-01T10:34:12+00:00,159
d065cb2b64122ca5173235058d0b530729d37415c6999a4407426e2fe8abe0cd,2025-11-01T10:33:57.397406+00:00,2025-11-01T10:34:12+00:00,159
355a3f8879568bccc7262c22c6ea0c8e15d5f1760a1fcecbfdac1469edd38754,2025-11-01T10:33:57.515448+00:00,2025-11-01T10:34:12+00:00,159
9a765854317e66259c8a4ccc11bc728259557b7a32485e52c3dcd5a5076f0dd3,2025-11-01T10:33:57.630601+00:00,2025-11-01T10:34:07+00:00,158
40e14b8c55db62c3b1577e897628c1836b706cdb30a250389e76df09a4e53836,2025-11-01T10:33:57.747352+00:00,2025-11-01T10:34:07+00:00,158
f647775fcbbd2b1230351d429feada9b70cd65e6d57fd9c301d0f0c5237df95c,2025-11-01T10:33:57.943478+00:00,2025-11-01T10:34:07+00:00,158
39f20c9c5e43cb85a1e53c77283faa9ab42b2586c2515b333c8fc49a23124644,2025-11-01T10:33:58.058022+00:00,2025-11-01T10:34:12+00:00,159
df2ea97afd37aea90fcbf6a3ef7b33a9d375c1f6de50eaf5c6771d00aa65e23f,2025-11-01T10:33:58.174297+00:00,2025-11-01T10:34:12+00:00,159
336b2b805c17cfe9c31b99d694f59a49a563be11c89e28b063c2ee67a352103d,2025-11-01T10:33:58.291558+00:00,2025-11-01T10:34:07+00:00,158
f4ec6cb52ce10053f7c87f1b19e47197ccb7c47a466f147b4e73b1f4d917372d,2025-11-01T10:33:58.405181+00:00,2025-11-01T10:34:07+00:00,158
91dac4f297f8b32a2893e7a8012abcc29b12ddf08aa0010290b4990b0607a287,2025-11-01T10:33:58.518782+00:00,2025-11-01T10:34:07+00:00,158
e5a1210241d16de45e86e59d9a956d2d4fbf5efa807e71b9f94e9852bae873f6,2025-11-01T10:33:58.635774+00:00,2025-11-01T10:34:12+00:00,159
d0f08188ddc398ccb17676edbfa6ac16cd08b992aa28ca8e7ae2c0fb164e6f18,2025-11-01T10:33:58.753950+00:00,2025-11-01T10:34:07+00:00,158
d51173adef96d5690dbe9fbc55dd9b2efdcb6bbc0b32cdea015e78ea076153c5,2025-11-01T10:33:58.872851+00:00,2025-11-01T10:34:07+00:00,158
bc8f27a6ac444be703783f573f867c31a6b227db8cbe81176f922c263884d69c,2025-11-01T10:33:58.986158+00:00,2025-11-01T10:34:07+00:00,158
9382908887bfa98483a6e36ab386e77c2d382574becc9cc159c5abd1100e3a9f,2025-11-01T10:33:59.102755+00:00,2025-11-01T10:34:07+00:00,158
4005a05b99a402122ee72ee5d1517820515eba27fb008409cefc678b40b177eb,2025-11-01T10:33:59.217911+00:00,2025-11-01T10:34:12+00:00,159
3c2d3e9e6d18afd002ef04f4d5e1a0109ac7c90c91e91d7d3232bb63a8e649d8,2025-11-01T10:33:59.333122+00:00,2025-11-01T10:34:12+00:00,159
e40751a9406892ba3de107664b11ce33ea93e67c0881d1338a00aefe8cb1fb2e,2025-11-01T10:33:59.450588+00:00,2025-11-01T10:34:07+00:00,158
720d2d828d99b36a22be81bd2b707ab07e5038efd3da0868345fc371d923d763,2025-11-01T10:33:59.564841+00:00,2025-11-01T10:34:12+00:00,159
fcc416e0cf97d972b26e3eb3d68b99c288b3ce80a788a872f33cf4e851c7023a,2025-11-01T10:33:59.682508+00:00,2025-11-01T10:34:07+00:00,158
e27ca6439c4b816b4bb90c20018abeeb2ea781fb5e9ae808ae57cfbc0dc4967c,2025-11-01T10:33:59.797289+00:00,2025-11-01T10:34:07+00:00,158
121048285dc74a7fe6e5abe6bff2a41f766489e21d60219f0713f2c09ea30480,2025-11-01T10:33:59.913956+00:00,2025-11-01T10:34:07+00:00,158
c3064b055101d32678d6fefa6c1a4c3892676dbb0ecfbed5f56c5e49d584a2c1,2025-11-01T10:34:00.032749+00:00,2025-11-01T10:34:07+00:00,158
c860190dab9e5b464d5e837fa66c760d37c721fdb93d9a5a490f2b00ce127779,2025-11-01T10:34:00.147522+00:00,2025-11-01T10:34:07+00:00,158
164ef47ce0da3cd4c789e8835c3c22edc06ba104affc807666e2474aeb794b16,2025-11-01T10:34:00.264663+00:00,2025-11-01T10:34:07+00:00,158
2c3c1f51b50f64bde0c90a22800142b0f88f35a046645e58d86dd531a9d7882d,2025-11-01T10:34:00.390419+00:00,2025-11-01T10:34:07+00:00,158
749d15cd02ff7ee78b9fe695dcbd083d303cd97644fb2f387637ef5505481d3f,2025-11-01T10:34:00.515440+00:00,2025-11-01T10:34:07+00:00,158
b5c2e6a539a1093654a1692322eabd319cde54367b6eb9c5c6b990e420e66b22,2025-11-01T10:34:00.640337+00:00,2025-11-01T10:34:12+00:00,159
16e16fb0714e8f6ef68bb27063b651eff4cf07e395f6701d940fe01ba59b01f0,2025-11-01T10:34:00.766245+00:00,2025-11-01T10:34:12+00:00,159
3a52ee1fcc5cd05c54d67dfdec4ffd52eb37b69f337fc1781319faa8752a32b1,2025-11-01T10:34:00.894630+00:00,2025-11-01T10:34:12+00:00,159
1eaeef265b518c94578be76ea3148367e1d8c861c5161dae3a7ef9db654e6dc7,2025-11-01T10:34:01.008991+00:00,2025-11-01T10:34:12+00:00,159
acc7da76bbcf35a0658020dc444f9c9fc22ff60bc4c58f174c1b6acc04e3f881,2025-11-01T10:34:01.120401+00:00,2025-11-01T10:34:07+00:00,158
26ffe008428e4fece88a3dbcc7b2dd4fc867369cc002618d990ee323bf892a62,2025-11-01T10:34:01.236151+00:00,2025-11-01T10:34:07+00:00,158
4352e0c4ce139b451a390de435a57b3b1dfcdf7abfc2d969dff6c86fba1143c6,2025-11-01T10:34:01.353987+00:00,2025-11-01T10:34:07+00:00,158
3cf68145e767e3b58c528b8b67cd4b661b634fdcc7a12832ccd7c4de0304f895,2025-11-01T10:34:01.473235+00:00,2025-11-01T10:34:07+00:00,158
3fae7e12a2e11a621d259b3f11ab77f15b1cda3dfd849b604b2d710808f86a2b,2025-11-01T10:34:01.592345+00:00,2025-11-01T10:34:12+00:00,159
4b1ae9626ac201ce36d3a3a242c7698ae43400ab38f76917a9669cffc73ab078,2025-11-01T10:34:01.709535+00:00,2025-11-01T10:34:07+00:00,158
50e5b8e2d6e79541ff5478565dce3b05e846198aaab3546bcdec5b492b2dd9f5,2025-11-01T10:34:01.827256+00:00,2025-11-01T10:34:07+00:00,158
ca617c5a5f19271b2efdd6df6c5e4213694cc4aaeec97d30904f6411795ea24e,2025-11-01T10:34:01.945494+00:00,2025-11-01T10:34:07+00:00,158
ac5a2f1ba4dbaf764cb712496a5422a1b6dca7be651d6ae2150bf06f5b26ad5e,2025-11-01T10:34:02.063062+00:00,2025-11-01T10:34:12+00:00,159
c73c4882eea11b5216edb0ec754ab9c3d51157e9a9b4d55d8e4587604f367517,2025-11-01T10:34:02.186184+00:00,2025-11-01T10:34:12+00:00,159
148142ec40ee34ff4d8e441f36c79f8bbd0b5333fb520d26757a09ea3a825421,2025-11-01T10:34:02.305168+00:00,2025-11-01T10:34:07+00:00,158
67a3bd976c1588e1ef8afde39b39c3cf4399617ab77fd2d3283f0640b8623161,2025-11-01T10:34:02.420573+00:00,2025-11-01T10:34:12+00:00,159
786af21b59d609dabda7e5dcaa30e5c03b088921bd05aa3c779e42d27834ed65,2025-11-01T10:34:02.535831+00:00,2025-11-01T10:34:07+00:00,158
727a3e682a4a5df2d482ad2932044a84061b25dea9000d0aa0a2e8fb665cbf84,2025-11-01T10:34:02.650337+00:00,2025-11-01T10:34:07+00:00,158
589fe6619bf74f7826ae437cb417e20985aa283120e97e11fe2c875444a28631,2025-11-01T10:34:02.768575+00:00,2025-11-01T10:34:12+00:00,159
08f52a9d0fdd08baaeac87e196b91e150ac2bb2d22b05cf9dd050cec97f2f4a6,2025-11-01T10:34:02.890790+00:00,2025-11-01T10:34:12+00:00,159
8a2dcfd8febab0d18d8bb5643c984cd31ab32ad2b3f0970638a0880594d5e679,2025-11-01T10:34:03.003945+00:00,2025-11-01T10:34:12+00:00,159
38b2437e11536abfadeb8f40fe3bf570615a4f40763a09eea353037465a600e1,2025-11-01T10:34:03.127954+00:00,2025-11-01T10:34:12+00:00,159
817e2e7128dda7ff5e32a32cb2792478e74351ab174428f34f0583b3c43d24bc,2025-11-01T10:34:03.246161+00:00,2025-11-01T10:34:12+00:00,159
e22329e718678c356d3b0ec2735a4e3ba9545ec56155b3818831f2c09f3ac46b,2025-11-01T10:34:03.369457+00:00,2025-11-01T10:34:12+00:00,159
1535c5750355b76574086533fee4bf857ca1d7dc097c7449c7df9571c0f9b9b2,2025-11-01T10:34:03.481992+00:00,2025-11-01T10:34:12+00:00,159
f240f9f4ee3b5be44b1ed6f77be33662ac952363873a6eb0687d0030cc986c08,2025-11-01T10:34:03.594284+00:00,2025-11-01T10:34:12+00:00,159
9156ab3223263a96fc055f64ac8ae930cc565a807172f08276f6b7a8ae3c7a4e,2025-11-01T10:34:03.707239+00:00,2025-11-01T10:34:12+00:00,159
d28c93c0cf37025be1103499fbae4135e1990d7d9de20a47819073da85f13811,2025-11-01T10:34:03.823338+00:00,2025-11-01T10:34:12+00:00,159
21ae6fd3430fd79d6c0d66301805eddd7278c089699aac68287365482ba6b6fc,2025-11-01T10:34:03.940791+00:00,2025-11-01T10:34:12+00:00,159
6446362171b49bfa57665a4e40e08c711b98133ab07e955bea9206fe4b5801df,2025-11-01T10:34:04.060377+00:00,2025-11-01T10:34:12+00:00,159
d80c9856bdff65d7c87e9f381779345ec5cad9455289c18574f865d7386cb230,2025-11-01T10:34:04.174805+00:00,2025-11-01T10:34:12+00:00,159
a5944470eb279c08de1262d0946cd78742840062a9c37e58c954ec1756f1771a,2025-11-01T10:34:04.291436+00:00,2025-11-01T10:34:12+00:00,159
5702f0f0c53233b6e35a071b643e5055e88a4af4d559b575e36d4483cbb245d0,2025-11-01T10:34:04.407820+00:00,2025-11-01T10:34:12+00:00,159
8d7c3ff4fc45b8443ed2cf6571d3305aa70d083ffbf3e7a24e62a947fe3e421e,2025-11-01T10:34:04.523167+00:00,2025-11-01T10:34:12+00:00,159
da1e2869a8efd3af94b19dd68bf3d68941eb805dad16d553dbee206fb88e69ba,2025-11-01T10:34:04.639955+00:00,2025-11-01T10:34:12+00:00,159
8bead5520e850dbf0b6fce1ee89b6ad1bf22569d8c99d671f034648ac8cd26b1,2025-11-01T10:34:04.755435+00:00,2025-11-01T10:34:12+00:00,159
ddc89843f58fb44803cbe22a944e023c75edd422d17f00ea8100fcf50aa0400d,2025-11-01T10:34:04.870604+00:00,2025-11-01T10:34:12+00:00,159
06fff19ef1766994be356d3966d76cc983cfe7a1c3bb0ae153bb6344f67de155,2025-11-01T10:34:04.986444+00:00,2025-11-01T10:34:12+00:00,159
db423f75e9828b132c2a9b456446af231b8e4b5ba481222fe0fa53bf7cfebaf4,2025-11-01T10:34:05.106355+00:00,2025-11-01T10:34:12+00:00,159
a7e7b707f51e26606b849b768862ab4333b978878f783333b3fa13f9c2b15be3,2025-11-01T10:34:05.227233+00:00,2025-11-01T10:34:12+00:00,159
4af60525517b14adec2e71ab140669b8be49f9ee87341b7c9cbcc450637c0316,2025-11-01T10:34:05.344953+00:00,2025-11-01T10:34:12+00:00,159
a55887239a1650d901cf576fb00b2fad5fbe446af164bb17b9bf126cd3575960,2025-11-01T10:34:05.464516+00:00,2025-11-01T10:34:12+00:00,159
2770d0e7d7d15c039b309446232fd91ba1825213d40c8831f3a6afe637c8e270,2025-11-01T10:34:05.587459+00:00,2025-11-01T10:34:12+00:00,159
d49df0db50c814e38889a54b14b26a819c95647619cef8c49c40ef063ebd9e2b,2025-11-01T10:34:05.703856+00:00,2025-11-01T10:34:12+00:00,159
78da4d6e9f305051e24049472b8c50fc0bf53f9bceb96e1f0245faabc3081c52,2025-11-01T10:34:05.818265+00:00,2025-11-01T10:34:12+00:00,159
432fbf869ce7854edf60a98557b385b35f3e64c10ffd477be36fec6730786a57,2025-11-01T10:34:05.936252+00:00,2025-11-01T10:34:12+00:00,159
395334344cb0b21a63dc466075a6465369bfc16575f5a0b1bdddad1f8d1b3d34,2025-11-01T10:34:06.051000+00:00,2025-11-01T10:34:12+00:00,159
4e22369f6736ef00801b98f0ccf6776082a988ac8b1584bdda59191754cd71ff,2025-11-01T10:34:06.164980+00:00,2025-11-01T10:34:12+00:00,159
d336d7b340537605b2507c6028d33c95f25bf147e9c28425e350dee0286c4673,2025-11-01T10:34:06.280569+00:00,2025-11-01T10:34:12+00:00,159
b90885531863dfb0b4e4a3934fa24d9bc16b54c6c9b9158ba8f7938ce9f1342c,2025-11-01T10:34:06.397987+00:00,2025-11-01T10:34:12+00:00,159
a913a3e96623e472e77728a1a87ab51d2639a9fc2bf650a20cb6f7c5bac6eba4,2025-11-01T10:34:06.514537+00:00,2025-11-01T10:34:12+00:00,159
a2dbdf9ab7e237919c2089736d5e23117e3c9a811857713a6f7d2eb3caba9214,2025-11-01T10:34:06.633383+00:00,2025-11-01T10:34:12+00:00,159
84a96802124be927570c519ed478eeecf3fce812ca2c957e2deb64c3612c657c,2025-11-01T10:34:06.751415+00:00,2025-11-01T10:34:12+00:00,159
d94f3a33effe5c620b6b4be01e404248bf1070f9ebb053c41680a0ba764496e0,2025-11-01T10:34:06.869223+00:00,2025-11-01T10:34:12+00:00,159
afe3dc94b1910088b72a0d9a4b3201613baf407ce24ea7a6b4b8312ef40fc53b,2025-11-01T10:34:06.986479+00:00,2025-11-01T10:34:12+00:00,159
123aea9ada7b2339f10132548e535ac208128854774cedc5f23569542ab49f80,2025-11-01T10:34:07.101522+00:00,2025-11-01T10:34:12+00:00,159
cba81f0b45338a26d961cf2dec239c03dd9d672369a4fb76c3b5d63250198c40,2025-11-01T10:34:07.216678+00:00,2025-11-01T10:34:12+00:00,159
82bf679c1a4681deee39623abd7a49b5af4d31b3310ef13135ab80dc7deb35e0,2025-11-01T10:34:07.336418+00:00,2025-11-01T10:34:12+00:00,159
7eee99c2e358666abbeb0e8ab34472f6a8377d4e85628bcf1679d37b8e519f52,2025-11-01T10:34:07.453973+00:00,2025-11-01T10:34:12+00:00,159
9b142f533d565b0141d91f9187a59b36b204a285ac497c85cc3ac5a878fa8c7e,2025-11-01T10:34:07.570369+00:00,2025-11-01T10:34:12+00:00,159
63e4baa00740a5d9308341f644f3715b77ae4ac8406a8263aa52170589ce0cdb,2025-11-01T10:34:07.687343+00:00,2025-11-01T10:34:12+00:00,159
05180a00044585d8dcb6f732e54ee6927377ace5cbeed3e5d56f51aa1ad32b84,2025-11-01T10:34:07.807069+00:00,2025-11-01T10:34:12+00:00,159
326ec1bbac6b1a165d403d63aca9b95fb336e8f24c02b7e008ec4319c61395e8,2025-11-01T10:34:07.968582+00:00,2025-11-01T10:34:12+00:00,159
5517385e4b93d878df9e9c2fb82ddcaa2653e601c0c9b30eefe36197a441ac18,2025-11-01T10:34:08.088624+00:00,2025-11-01T10:34:12+00:00,159
7c0a6c051c43b0433332d188bbdd12cf7f780176795c76a85c5c773a738a74de,2025-11-01T10:34:08.203827+00:00,2025-11-01T10:34:12+00:00,159
9597becda12796c04f53a416e8ac8ed232565a0817ef98029e91eb27dc9b6e7f,2025-11-01T10:34:08.319738+00:00,2025-11-01T10:34:12+00:00,159
d9c9e32e0677ea7c934404e0a883c5c21893fc82ee43fcdcfba53d73fdb6c836,2025-11-01T10:34:08.442439+00:00,2025-11-01T10:34:12+00:00,159
e881f9c2054d45ecd548297cb8b628d581b3feb564c5a1a0b9ad5f0f24c98c0e,2025-11-01T10:34:08.555305+00:00,2025-11-01T10:34:12+00:00,159
456099f01c72da85d4e3b23433f115d085a343e20ae1c4d3a709612be71c3db5,2025-11-01T10:34:08.674612+00:00,2025-11-01T10:34:12+00:00,159
7579ab684e0a38acde943d2cb95695f88ec1bb90572efcf1a61f6f14727fc5ea,2025-11-01T10:34:08.792848+00:00,2025-11-01T10:34:12+00:00,159
508607d3f1545ce15b84b4b92553c5171aedccac21b8d4313c9e82a0cf310c63,2025-11-01T10:34:08.907950+00:00,2025-11-01T10:34:12+00:00,159
3e4c7d3d51e66eb3fb8110ae23af8cd71c813d71c0014ba913923f1659d637ce,2025-11-01T10:34:09.024208+00:00,2025-11-01T10:34:12+00:00,159
a48b961e4962ff350d24b24c9e9d4b4126cd7995874f45b1806e58e5de3084b4,2025-11-01T10:34:09.142200+00:00,2025-11-01T10:34:12+00:00,159
76aa3181bab101699970a09ddae732387bf4a493da89b980d44b6e7f64fce74f,2025-11-01T10:34:09.256939+00:00,2025-11-01T10:34:12+00:00,159
d0e43fbc6e530c34c462fb64706930c2250b34814ab59f17955104dbfb175895,2025-11-01T10:34:09.377934+00:00,2025-11-01T10:34:12+00:00,159
8b631013a95bcb8f69d8792449fdd928a4f5793d99a8bbfea92bf88d6d136013,2025-11-01T10:34:09.495101+00:00,2025-11-01T10:34:12+00:00,159
042e5c1a70f39fe3eb85b08a2ef062a55f60be65006eb7449ac40c0467ef47fa,2025-11-01T10:34:09.614204+00:00,2025-11-01T10:34:12+00:00,159
a0b7192d104a65428f287595d02c302a86e5b740e217bd05ddec0f508a935e35,2025-11-01T10:34:09.735816+00:00,2025-11-01T10:34:12+00:00,159
f257aba8cc650018056e03857a0fcbb8218b511b7ab02f9f14617100fab8fe34,2025-11-01T10:34:09.851669+00:00,2025-11-01T10:34:12+00:00,159
889a384d163c261d6518084b74d0b99e2cc585973549285546f241ba43539442,2025-11-01T10:34:09.970083+00:00,2025-11-01T10:34:12+00:00,159
857c0976b817f71591ad21c8373443cac3ee28a01882012c9fe64b42cc64463b,2025-11-01T10:34:10.086357+00:00,2025-11-01T10:34:12+00:00,159
5fdfd027e22da5e50089698c534cd8190f347de3f800f1cc27fbffe1db802a7c,2025-11-01T10:34:10.200570+00:00,2025-11-01T10:34:12+00:00,159
7450b7c42120fd9caf5a90e8f9f28f849cf017db823f21d27dde0f54c8144801,2025-11-01T10:34:10.317905+00:00,2025-11-01T10:34:12+00:00,159
bc012bbfb043b00b0d34a79da67db3e3b6dab74916c6c923f56543deebc4374f,2025-11-01T10:34:10.435889+00:00,2025-11-01T10:34:12+00:00,159
1259e522d46e4d1888ef921b3ddedc87407064f32ae7e96b7e6786b7e8915c75,2025-11-01T10:34:10.552000+00:00,2025-11-01T10:34:12+00:00,159
15a20dfc1c6b1dfbde29a84b5fb81a5a4e6b29097dab08dd9a2cd9b978be739e,2025-11-01T10:34:10.669949+00:00,2025-11-01T10:34:12+00:00,159
a2cf1ee86bb75ed6a40efeca793daa472845b6935e178785608f7c5cf11d99cf,2025-11-01T10:34:10.783614+00:00,2025-11-01T10:34:12+00:00,159
24727a22f0932e94b2a77a454b2f186f81581669c8ec26ace4a9318f405cbc99,2025-11-01T10:34:10.907108+00:00,2025-11-01T10:34:23+00:00,161
cd2acf4d9430a514a035f3da28f8d7fdb2898948e3591d7d443f09775397f1e5,2025-11-01T10:34:11.024097+00:00,2025-11-01T10:34:23+00:00,161
9b80a3ef60902063a1e9d7944f101e97648c17ac04ef69b2e13cba97f8573643,2025-11-01T10:34:11.138034+00:00,2025-11-01T10:34:23+00:00,161
24f5a3f39715b969a64a4eaf77ffcbcb5269fbd512023d82d73f129444552314,2025-11-01T10:34:11.254358+00:00,2025-11-01T10:34:23+00:00,161
275b05fa302e258470fb9dc496058e164587c5e4336244e33c529d426635ebae,2025-11-01T10:34:11.372112+00:00,2025-11-01T10:34:23+00:00,161
bc2eaf3063d4aee2d40178414787a8847d3d90ffb596ce2232a3ad8bf5db54eb,2025-11-01T10:34:11.487112+00:00,2025-11-01T10:34:23+00:00,161
4f93d90e8c3e407b03d07499da18d31e79ed27ab8dede8daf209c847398d2e45,2025-11-01T10:34:11.601185+00:00,2025-11-01T10:34:23+00:00,161
fccd7748043f70b19d1520aba666317b8fc6481b5582ebdd990e8956193e5b2c,2025-11-01T10:34:11.716923+00:00,2025-11-01T10:34:23+00:00,161
45819cf47ce11693a793b803b5e7c8b3b853bfee55b20315c1d671e7728563d0,2025-11-01T10:34:11.829662+00:00,2025-11-01T10:34:23+00:00,161
71882286476df22ffd2debe94fd93fbe824c1e509f440bd06fa20e6a63dbeddd,2025-11-01T10:34:11.952432+00:00,2025-11-01T10:34:23+00:00,161
ed1a52e22ac10e43c98bfbfd3cbd742f4f0a06822d0c4cdfea76d6116a6077b3,2025-11-01T10:34:12.071431+00:00,2025-11-01T10:34:23+00:00,161
6ec3ba76e1ddf6067e35b61eeddba6d02d6abd37d9e6caa6e9d88e40a7c9fd31,2025-11-01T10:34:12.189314+00:00,2025-11-01T10:34:23+00:00,161
f92b08f764b5559951c7bece2e9cf943fc49e69ea9edfe327dfac70317cfac9a,2025-11-01T10:34:12.307280+00:00,2025-11-01T10:34:23+00:00,161
651d52ae7537a9ce08939100ba9aaa390c114bf3b824b52ebbbe02d6d4b0cff9,2025-11-01T10:34:12.425803+00:00,2025-11-01T10:34:23+00:00,161
faef20e8450c8c0e1f93869cd88121a05313f0161f75abf0a82b789af17f6e9f,2025-11-01T10:34:12.541938+00:00,2025-11-01T10:34:23+00:00,161
07d234be8458e39c36df101a23b913a2f2a5906c9eab64bfc872c2f80df2339e,2025-11-01T10:34:12.658590+00:00,2025-11-01T10:34:23+00:00,161
29156dee6e25b9baa76ae83e45d5b3e45d755ca8cb7c84ddb71b86b7c81b95ac,2025-11-01T10:34:12.775359+00:00,2025-11-01T10:34:23+00:00,161
fe7c97cf4cae7c7c19e989766466d70df7c55ffb63e51a4c0edba1679436d00c,2025-11-01T10:34:12.890675+00:00,2025-11-01T10:34:23+00:00,161
6fba3e332c574779d744e759537a0e8855589ed0e29491dbc17239b7817aa651,2025-11-01T10:34:13.328394+00:00,2025-11-01T10:34:23+00:00,161
62370654ea5c3913027fb33ed1762a24e514616fa1c18dca4f457e3a04b4981f,2025-11-01T10:34:13.444664+00:00,2025-11-01T10:34:23+00:00,161
c37ba36b60d53f06224a6cca1656e172163e73fbf36ed4c44ebaaf13ca9c69b1,2025-11-01T10:34:13.558684+00:00,2025-11-01T10:34:23+00:00,161
a04a6e3cfeadfc5c7460f18a846be2d8981133b7a0690fdd5d80aa07fabb5990,2025-11-01T10:34:13.673091+00:00,2025-11-01T10:34:23+00:00,161
e5977ed98912166cb8c03e4129de91b89e64d52a26a209ef99be55cf6a7e3e6d,2025-11-01T10:34:13.792181+00:00,2025-11-01T10:34:23+00:00,161
cfe322cada470431bc8a2dd339beedf07865ed839dd3f6f3f53e8e32102b4e6a,2025-11-01T10:34:13.907790+00:00,2025-11-01T10:34:23+00:00,161
7ed41dccdf9cc59cffe45d4216ec089f08caca04187e7ae406ba50feac222a62,2025-11-01T10:34:14.025653+00:00,2025-11-01T10:34:23+00:00,161
9249ae7d519ad81835d723ab2a49c2fb3a9634b69959a5b134a36da0c642f27d,2025-11-01T10:34:14.142608+00:00,2025-11-01T10:34:23+00:00,161
ab4d001c284e6ada5c8cd90497a8c101e31acf7f2eed0b482107eb9890a28c44,2025-11-01T10:34:14.256857+00:00,2025-11-01T10:34:23+00:00,161
583f90e70a0af00c57c04f377662f7bbdd890f510de07bf275ca5875e3419544,2025-11-01T10:34:14.373685+00:00,2025-11-01T10:34:23+00:00,161
0574abcc94b4b63ee0859e4cee15c211520f5b2becd434404d994a138c326851,2025-11-01T10:34:14.489747+00:00,2025-11-01T10:34:23+00:00,161
68d772063a5cfe29e8d6ef6c86f5f279a34552426e49be3e7ef0250cf685b491,2025-11-01T10:34:14.604097+00:00,2025-11-01T10:34:23+00:00,161
a0d57a7a8903832250ab881c47d2f1bd9721fa8e1e21bacc55c79c05807bd2b0,2025-11-01T10:34:14.719921+00:00,2025-11-01T10:34:23+00:00,161
ca8f4ca57a3cf3bac5524b7c1d23a4854e6f6ffc75759f4c6ef90c6c64df4f12,2025-11-01T10:34:14.835999+00:00,2025-11-01T10:34:23+00:00,161
aa11a54e4a2f14d66c249ea6e42b05de71cd4d44a39dbd6e4993347c7dabe8d9,2025-11-01T10:34:14.950694+00:00,2025-11-01T10:34:23+00:00,161
de3277cc0144627d805ff6f2c85d13c279a1fac0ba4cb27bec8cc0da7a69a5d2,2025-11-01T10:34:15.068458+00:00,2025-11-01T10:34:23+00:00,161
a7880838d4af45fbe04dbff4d9d84cce7ed818792d09a83e07c115f838ff98f2,2025-11-01T10:34:15.183380+00:00,2025-11-01T10:34:23+00:00,161
62e43c40e761915f2d1f14b738b7a7d4880660f90205ad9d5f55b69803a89635,2025-11-01T10:34:15.298861+00:00,2025-11-01T10:34:23+00:00,161
5d88845551782b1cd1f845a90b19e113fc4270179fb8030f5f070a597942ddc0,2025-11-01T10:34:15.417578+00:00,2025-11-01T10:34:23+00:00,161
e93ec938fb4e448d1aca71772799d26a7049ab3445418c841c53ca530600b12f,2025-11-01T10:34:15.532757+00:00,2025-11-01T10:34:23+00:00,161
9292f8c9e7d56b79b37d9d7c5258bbac5eba6c6118d543ed20139675990b17da,2025-11-01T10:34:15.649297+00:00,2025-11-01T10:34:23+00:00,161
784e954b3d3286fc1f6824bb4e57bb16a5287a8e28a1d26aee48e67c3dcb245a,2025-11-01T10:34:15.765323+00:00,2025-11-01T10:34:23+00:00,161
26f87ca3917bd5d6a8ce0458799d40ffd468a84db10a27defd621a8977105513,2025-11-01T10:34:15.882606+00:00,2025-11-01T10:34:23+00:00,161
a51e405091bef8911d4c3e711da8379321ac1ff5eb924b33e1df45402d437500,2025-11-01T10:34:15.999301+00:00,2025-11-01T10:34:23+00:00,161
e959d5b2850122af536360beb6ace0fac3ee076f0bed40cc504296f3a7b73705,2025-11-01T10:34:16.114650+00:00,2025-11-01T10:34:23+00:00,161
cdb6a16da9dd9b4bff1ba9825d2572bd6ae969f40ce13d8693fe93e8929d55b4,2025-11-01T10:34:16.228785+00:00,2025-11-01T10:34:23+00:00,161
736b9f93529a2123ece93b7b885305f9620396ef0c8cbeb89de43e9e1f116473,2025-11-01T10:34:16.344026+00:00,2025-11-01T10:34:23+00:00,161
6a0eb969307501be7997b033089cc071567bd705f8468c4594db39bb61bd1bee,2025-11-01T10:34:16.459230+00:00,2025-11-01T10:34:23+00:00,161
e3dd5363675f8793c4daa07e78765b63179d0a309e3d18caefda39f381e63d2f,2025-11-01T10:34:16.575960+00:00,2025-11-01T10:34:23+00:00,161
6df9a8f9e5ed41ee0d04f83748045461a62af34f21b48829b84f1c1149d0afb4,2025-11-01T10:34:16.691944+00:00,2025-11-01T10:34:23+00:00,161
6de3bfa5a5fa801900674fe403899fd5fea74dd681ebc570ebf0526775672bf5,2025-11-01T10:34:16.810609+00:00,2025-11-01T10:34:23+00:00,161
463b214136f905062cfd4b48edb66b162f7b50843642a4bac375e039881d4254,2025-11-01T10:34:16.929736+00:00,2025-11-01T10:34:23+00:00,161
447c43304722c053054cc5afc87c0cd6fd9ddc0d68d148728182a4b43edd2068,2025-11-01T10:34:17.050719+00:00,2025-11-01T10:34:23+00:00,161
3ebb8271238f7fa6374adada74f85b8119a8a9ea209bbef75e936ce26ee447ca,2025-11-01T10:34:17.167681+00:00,2025-11-01T10:34:23+00:00,161
de2419526a6843427aeea1933884f3f9da8e7dc3924102871ca9094e4638c261,2025-11-01T10:34:17.283538+00:00,2025-11-01T10:34:23+00:00,161
b79ebd99e7bb8c53eb2c7a39f07bdf2ac34920cfada182ec2e26f325720de000,2025-11-01T10:34:17.401602+00:00,2025-11-01T10:34:23+00:00,161
165e5eaf18b8c7c9f15c7288ec8fbea6d3e1488cc80f700207b4dd51c7fd7e43,2025-11-01T10:34:17.517982+00:00,2025-11-01T10:34:23+00:00,161
05ca028bef1ee5abd67029d81a8b6cbec3f8bdc9cb2ef8b60ab4222514797152,2025-11-01T10:34:17.637874+00:00,2025-11-01T10:34:23+00:00,161
2326046759743eeda358a00c8ffe2d5a5570be3dc8e38766ce17042817b85094,2025-11-01T10:34:17.754563+00:00,2025-11-01T10:34:23+00:00,161
53ab1d26666004f0e893a80edfb479d7898e36595ff98c07285f38482dd89d34,2025-11-01T10:34:17.871135+00:00,2025-11-01T10:34:23+00:00,161
fa456f1eee47bb18d2621bdb3b37ae22c7f2503d5b7d67ffd481a031bce005e7,2025-11-01T10:34:17.988029+00:00,2025-11-01T10:34:23+00:00,161
9c3716fd7e0da9af44efc813abccdcd69f5ced3ed4012e3f9ded829e556e2e7d,2025-11-01T10:34:18.113591+00:00,2025-11-01T10:34:23+00:00,161
ae027ae57a90ac79b09f807d8475305f2e7da02fe567fc25d35df2980ccf7e74,2025-11-01T10:34:18.232132+00:00,2025-11-01T10:34:23+00:00,161
553a68de4835def0a6d066223a868540fe75a1b7cfb828d0dc5e3ae063ee320f,2025-11-01T10:34:18.349514+00:00,2025-11-01T10:34:23+00:00,161
58377d75e76e03452d8ad90db043da9ec9aca2411101679a90d3038f3882e604,2025-11-01T10:34:18.465543+00:00,2025-11-01T10:34:23+00:00,161
352d03f98d43434fa8ab39de9afeb80522e691de5190d2d247021749e6d1b198,2025-11-01T10:34:18.583254+00:00,2025-11-01T10:34:23+00:00,161
7e1249b3a214b954474ed4207fbb4ea429483aa9edebc6bd546d59cbf9b8ab0a,2025-11-01T10:34:18.702384+00:00,2025-11-01T10:34:23+00:00,161
9ca7b5b6112613d559185198fd902820762c6e1209e6411619007ad2430c1b60,2025-11-01T10:34:18.817424+00:00,2025-11-01T10:34:23+00:00,161
77657f09a24b67edb44907319348f93cf5b12ee9b0833d63899bc7401c88c899,2025-11-01T10:34:18.934440+00:00,2025-11-01T10:34:23+00:00,161
d0b7360980fd74eb7b2dc43bf8679afafe1963ca7890e64d0e946e3b90ffa3a6,2025-11-01T10:34:19.053945+00:00,2025-11-01T10:34:23+00:00,161
289cdbde079ffe6def36960fabf01c0a30edb27f89cb1541b51bdf8114c8ff19,2025-11-01T10:34:19.173633+00:00,2025-11-01T10:34:23+00:00,161
681085389c495add6a681386f1c5e459fc507963e6d2d71dd393d2d633049e5d,2025-11-01T10:34:19.289179+00:00,2025-11-01T10:34:23+00:00,161
000d662c4d6417dbab6c68a8b5f01fb8eceb159cae8deb1605333e529d91425b,2025-11-01T10:34:19.406292+00:00,2025-11-01T10:34:23+00:00,161
fc7a38e750f0ad2a7961c6fb8306b04c323ff3b3483fa7fed798fde72a3c7d92,2025-11-01T10:34:19.527387+00:00,2025-11-01T10:34:23+00:00,161
a0d49f0e053f8854eb31aecaff8e100d1bbc5fec74167a7bb21a83c4490122d3,2025-11-01T10:34:19.644588+00:00,2025-11-01T10:34:23+00:00,161
b450bcdf50c6b9eff63b543e83c3b5476d7680d71c1b504e14057e8a880dacdf,2025-11-01T10:34:19.762915+00:00,2025-11-01T10:34:23+00:00,161
c024297e212b7c96eed9fa60d92b2cc645eed02b9ed8029cbe7fd3a40928d469,2025-11-01T10:34:19.882256+00:00,2025-11-01T10:34:23+00:00,161
1f74ad35c129ce80ea0f2399d30843f80baf587817aa9bbcb809eb794814d57e,2025-11-01T10:34:20.002059+00:00,2025-11-01T10:34:23+00:00,161
9344b07f00116b415db50865714bd92e2bddd477400994023c1b2df1925d6252,2025-11-01T10:34:20.119133+00:00,2025-11-01T10:34:23+00:00,161
4243f4b754dff346607ca42ec1fd32de942701a5522977a964fed99650b56168,2025-11-01T10:34:20.234401+00:00,2025-11-01T10:34:28+00:00,162
20d86676debd1b72068a62108533652788ce968041c0723d11f068ff73e2044e,2025-11-01T10:34:20.352407+00:00,2025-11-01T10:34:28+00:00,162
7aa85eb8e45739a84bac70903b8a0038adb7d9c54d2a8631d2953f161ac19ec6,2025-11-01T10:34:20.466099+00:00,2025-11-01T10:34:28+00:00,162
c1059452b4e2005c652b79cc6433b54e32d6d47c9e74942c9bf4743b96475b3a,2025-11-01T10:34:20.584449+00:00,2025-11-01T10:34:28+00:00,162
d0e5cfcb5c38eb12d0b28f651230ddaf0e97d46eec7c57e280f5605d0d62a8eb,2025-11-01T10:34:20.703016+00:00,2025-11-01T10:34:28+00:00,162
f8f4556a9adae7974a98f232d7c4b0d106f0e22c3533f70ab66bec08ad5d9eac,2025-11-01T10:34:20.817488+00:00,2025-11-01T10:34:28+00:00,162
a32cdb44ca503506936984c0af334c99a364fc8408517a28f268be1485eb6c50,2025-11-01T10:34:20.933563+00:00,2025-11-01T10:34:28+00:00,162
fbf03b7a4576db493373dd976446b9cc8a4ce37b08580b9627c86ddcddd09e2e,2025-11-01T10:34:21.048508+00:00,2025-11-01T10:34:28+00:00,162
efaba9adc780a936a27904e237ec8dd342f0a0f486fd4d4cdb9d2218bb53b166,2025-11-01T10:34:21.162866+00:00,2025-11-01T10:34:28+00:00,162
250613de0f9ac804b8d449f3e1fb088950491cb6f2809cd52f1f8a6aca578ef0,2025-11-01T10:34:21.279178+00:00,2025-11-01T10:34:28+00:00,162
67b9b1be4fd8d336a4873fcdb733f086f21d9f5e1c08798a8e5b8f154dc93e7c,2025-11-01T10:34:21.395714+00:00,2025-11-01T10:34:28+00:00,162
44f53b90278be384c011dea8a8da9529fdb50af61499bf0c04f4b2709b6cbc6b,2025-11-01T10:34:21.510555+00:00,2025-11-01T10:34:28+00:00,162
61c060f4c15bb49154efc0e8a0f9623bc6c7c399f938a91f3d1f211055e12da9,2025-11-01T10:34:21.625824+00:00,2025-11-01T10:34:28+00:00,162
1893559dad20db92ffcc4ee62d9ab0bcce51082bf78d086ebfd3d016cd9612b8,2025-11-01T10:34:21.741893+00:00,2025-11-01T10:34:28+00:00,162
0978c869e9c71e9a3ad574237805df2bccb0101dd4165a8c423e26d4b7771225,2025-11-01T10:34:21.901641+00:00,2025-11-01T10:34:28+00:00,162
e12dddfc3062406957c49020e451d11a48ba38d2e7bfa3e88c7d2e1500e5f1b5,2025-11-01T10:34:22.025293+00:00,2025-11-01T10:34:28+00:00,162
26223b26000390fea3e0d2af346a5c919e0422f824e5f1d1e22a65eadecb09ea,2025-11-01T10:34:22.143759+00:00,2025-11-01T10:34:28+00:00,162
08903b488979dc6c50b1c7845e965c9049c56cc3a03ff101ab6564964eca75fb,2025-11-01T10:34:22.261932+00:00,2025-11-01T10:34:28+00:00,162
3f4a4ab2bc5fc7f8b1f2b4217159e8f17150fdb864bdaba2d93abbcda598da34,2025-11-01T10:34:22.377789+00:00,2025-11-01T10:34:28+00:00,162
27186b9915ad2e4a43c7973c201e46c5389490a8f7e1739cad8d9f8bd38535a9,2025-11-01T10:34:22.494785+00:00,2025-11-01T10:34:28+00:00,162
2c56fb91a48a515bacf221caada972af4d5df491bcecab165497d728b97511d7,2025-11-01T10:34:22.610328+00:00,2025-11-01T10:34:28+00:00,162
dabcbf6b39d7b5dd1b16261973d44c20191ba0718840b8ed9214acef6194909c,2025-11-01T10:34:22.728584+00:00,2025-11-01T10:34:28+00:00,162
6e5e117cf5f406b3fe1553a33cf3f2338084813560d8fa9a76391c8d5826ff81,2025-11-01T10:34:22.844560+00:00,2025-11-01T10:34:28+00:00,162
7f93f2ba5b86c37f289911673572c2291e0d8712f48c1a47772499dd34839673,2025-11-01T10:34:22.960481+00:00,2025-11-01T10:34:28+00:00,162
c079a03761f0a4e49f5e406f93a9f862aebb7505680c5e9ca6eeae9c264db662,2025-11-01T10:34:23.109183+00:00,2025-11-01T10:34:28+00:00,162
3170ead4431e5d6f41b63435659759e5fd2d2b407fa6036ceda73741b13db2e0,2025-11-01T10:34:23.549782+00:00,2025-11-01T10:34:28+00:00,162
1f6107c041019fbfaa3af1b4094180444015127b727ecb6d48997711ec79e425,2025-11-01T10:34:23.663862+00:00,2025-11-01T10:34:28+00:00,162
040cec019cdd4d2644e083d0559cd6942e8957d97f9b3b6b1f58e3552d4fd821,2025-11-01T10:34:23.797281+00:00,2025-11-01T10:34:28+00:00,162
0aa26fc7a813014e4935e691728453e124fb89140b45456d1c3c1acf99d1c633,2025-11-01T10:34:23.964132+00:00,2025-11-01T10:34:28+00:00,162
7a182fae5088b916b3bfa44a7e5085a00636bdc894e14c01484cbab374d04054,2025-11-01T10:34:24.115378+00:00,2025-11-01T10:34:33+00:00,163
bf12519ea7f72a0f665b4e7855b002ac29918a9f0cd68b8d3726012400b3ede6,2025-11-01T10:34:24.249697+00:00,2025-11-01T10:34:33+00:00,163
5a0d3476944d5ba9138d98ff2871f0a31343ad03a8a841a80d4be403c544299f,2025-11-01T10:34:24.369390+00:00,2025-11-01T10:34:33+00:00,163
d782bc192af01a3cc6ee41bc0c3a66b0b7f3978d7b9b02970f0bed128fba70bd,2025-11-01T10:34:24.494316+00:00,2025-11-01T10:34:33+00:00,163
e724595dae60cb055c9e8759ff30ca0b062fc94cc193607cf658c65a7d48ef3b,2025-11-01T10:34:24.616195+00:00,2025-11-01T10:34:33+00:00,163
09d53558d7ec5c91212c83c0557fe8de56351a998c0e2a2f96068300e7870c88,2025-11-01T10:34:24.734901+00:00,2025-11-01T10:34:33+00:00,163
8350b8eb42740c4af24b5a5f6cec278b57f3bd804ef70dd5a64c40d79cdc09b2,2025-11-01T10:34:24.852052+00:00,2025-11-01T10:34:33+00:00,163
838a46b0ca73fdfe005fd080f37ee0a3c7207aec4ab9eb3004d845a5fb1ca9ad,2025-11-01T10:34:25.010907+00:00,2025-11-01T10:34:33+00:00,163
5f4e065adaba752210af8ac89df800e1618e4ecf7e048dbfd549c82ec329706c,2025-11-01T10:34:25.127842+00:00,2025-11-01T10:34:33+00:00,163
12587cb8ac6d087448022780363f9237c7013288ce6897d9fe9f4fb3db5ca064,2025-11-01T10:34:25.243658+00:00,2025-11-01T10:34:33+00:00,163
3f08a91d71d783b347596a8206e70aaf73cff000cf14b2f981e94185a894dc40,2025-11-01T10:34:25.360357+00:00,2025-11-01T10:34:33+00:00,163
93bee4d60d0049e873a62d1bf88a7a3c2cc7a52f58475ae329f2742f19d04be6,2025-11-01T10:34:25.477366+00:00,2025-11-01T10:34:33+00:00,163
37eb25e78ce4f224b6170f671c5062643488b21492f6a1f30304d278c5b15688,2025-11-01T10:34:25.597907+00:00,2025-11-01T10:34:33+00:00,163
3b57626d0175a8c14b93a72367a8ff462b12899cd8ef2780205164238b2bd320,2025-11-01T10:34:25.714180+00:00,2025-11-01T10:34:33+00:00,163
d8f3df7a7ed58b17599d20d8f8170c1c2fcd14f97370af0b52bf7b54e12de067,2025-11-01T10:34:25.836195+00:00,2025-11-01T10:34:33+00:00,163
fee66f6313a65a36994afb28fdbb1662be75c2d608f3d5714bc93ec3597315d7,2025-11-01T10:34:25.957064+00:00,2025-11-01T10:34:33+00:00,163
408e35d87023f65485cbf6a682abc12780db98244d96c1508602eb920263f7dc,2025-11-01T10:34:26.072012+00:00,2025-11-01T10:34:33+00:00,163
21dde23837379382e366e03ebc2e7dad7a63d9d425a213827ed7442e054141f2,2025-11-01T10:34:26.188615+00:00,2025-11-01T10:34:33+00:00,163
4d5307dcbaab88f8b9acf664fef538b724ce0b31164191ad2f70843fd965ec09,2025-11-01T10:34:26.304007+00:00,2025-11-01T10:34:33+00:00,163
63ddbaad86e06e7c8159368c7f32124d1103862b09e3306a95e16504ae18fb09,2025-11-01T10:34:26.417729+00:00,2025-11-01T10:34:33+00:00,163
2f00a6f042734a2a83855899060e80d9ca025f0f6ca0e2a0a8010759663252a8,2025-11-01T10:34:26.538691+00:00,2025-11-01T10:34:33+00:00,163
97f106292767bdcf4e197bc483a7a0ba518fe505690a8a6bb9d0d9b8d4848039,2025-11-01T10:34:26.651760+00:00,2025-11-01T10:34:33+00:00,163
4cb4d72df5a3f42e1ea1a2a513032082f2b49d6dcc034f5ad04b0f011b0f2d8f,2025-11-01T10:34:26.768635+00:00,2025-11-01T10:34:33+00:00,163
d0e128acf5aabd9e66ddb11423ed0f86f57ffe7fb00f9f38afdacfe6b9949dd1,2025-11-01T10:34:26.881933+00:00,2025-11-01T10:34:33+00:00,163
08c72b68da2efebbbaea89b5d54aea6138ed460a4c2a6d9b7e4947838a44ca9c,2025-11-01T10:34:26.997136+00:00,2025-11-01T10:34:33+00:00,163
00b87206ea335cb787baf2d74cf7bec3115f5d1c92ed6347bb28e4e97318884b,2025-11-01T10:34:27.113151+00:00,2025-11-01T10:34:33+00:00,163
71fe0a7ecbc38bd32c8c264b9d9cec53923e3a79e79259738e09371591ee5a33,2025-11-01T10:34:27.231593+00:00,2025-11-01T10:34:33+00:00,163
62191ec67b8dcd3443a0486d89e5e008307db58fc1a696aa6efc694a93cf3cc5,2025-11-01T10:34:27.345296+00:00,2025-11-01T10:34:33+00:00,163
f0ab6b9e75ad9a57fab5f25648ff6926a5e13eb6c8a0dfb227af9224f4078205,2025-11-01T10:34:27.462390+00:00,2025-11-01T10:34:33+00:00,163
db43f511a78ec4f6cee08b5e28f345243a57488bf3bb51fe2c3b5f440e28131e,2025-11-01T10:34:27.578809+00:00,2025-11-01T10:34:33+00:00,163
0e87efd671ae037312be16bf6f2fc93f17d9c40e6102dbe806132d901c0f1de7,2025-11-01T10:34:27.693521+00:00,2025-11-01T10:34:33+00:00,163
e9390f65d85f10e967d3807641039b68947f44299ca9447d531afd9870d18d36,2025-11-01T10:34:27.811388+00:00,2025-11-01T10:34:33+00:00,163
81dd4a73db02ef16dbddd78da08362efd83ee75a2fb157c5a24a8c667e6862be,2025-11-01T10:34:27.934823+00:00,2025-11-01T10:34:33+00:00,163
dda2496fdab7e78057dd6bbc4e7e008c0fafd25b46e72350c36e31fce590b386,2025-11-01T10:34:28.060502+00:00,2025-11-01T10:34:33+00:00,163
11518fd3cdca3611883f2ff70eda599563294f1f24c4f83f8b714315b3bdabbe,2025-11-01T10:34:28.184887+00:00,2025-11-01T10:34:33+00:00,163
f984e8976ad3c87b0edbc0a999ad289056e38ad854577125a965a7b1e715bfa6,2025-11-01T10:34:28.644079+00:00,2025-11-01T10:34:33+00:00,163
09bc7aa185c2deae96d39344e82800aa2a70b6d5bc7afd09cfbfeaba552b07f1,2025-11-01T10:34:28.764458+00:00,2025-11-01T10:34:33+00:00,163
826055131c9829acbd39cc2f6ce4ba5eefaeb49f53ce0b50b8f7deb184c58c73,2025-11-01T10:34:28.889947+00:00,2025-11-01T10:34:33+00:00,163
b496845ab34cee11d47bf33721871b7a3b37029d2974637a2c8942748d392072,2025-11-01T10:34:29.016916+00:00,2025-11-01T10:34:33+00:00,163
2cb5fa1bcc90384a301efd2368d0679df66a5277e6916ed6bb46342751daf2bb,2025-11-01T10:34:29.139617+00:00,2025-11-01T10:34:33+00:00,163
1c482fb7dc6ed8b4c3ffcf4806da1e372bc033e8f5dd4e98b4834646e48908b9,2025-11-01T10:34:29.261668+00:00,2025-11-01T10:34:33+00:00,163
7fb1e06fe009e2027cd4f7e81e2b60e56e77e954386cfa3b11661103589b33fc,2025-11-01T10:34:29.378374+00:00,2025-11-01T10:34:33+00:00,163
ba929268a73d27455d3e12cbd2f8e2be70edc71e089e6d81facd11a106161a42,2025-11-01T10:34:29.501166+00:00,2025-11-01T10:34:33+00:00,163
f5dd957374b8611c1c9762578648ffa6a4e1cf32459f95d7c3a8ff4324494429,2025-11-01T10:34:29.623688+00:00,2025-11-01T10:34:33+00:00,163
b171812053cb20a6f21cf1be0400e1fba709dcb5a704c97e0a9346010273c503,2025-11-01T10:34:29.746423+00:00,2025-11-01T10:34:33+00:00,163
6fb7507b0195819252badb5d1b3c89e08995f809cf880da372fbe771d8f45a6a,2025-11-01T10:34:29.866498+00:00,2025-11-01T10:34:33+00:00,163
b32a082fadc0d37e9b52db57e948da206b8cb405fb25a3f6aeffc4ae8c026eba,2025-11-01T10:34:29.990401+00:00,2025-11-01T10:34:33+00:00,163
6679e24faeabadf74f4dcabf64070d632e87b933442eae712b103280af70e0db,2025-11-01T10:34:30.109831+00:00,2025-11-01T10:34:33+00:00,163
4f16ba07f939c1550883250e11510707f4d31b4a7b5f4bccd29e7bdf86bca98a,2025-11-01T10:34:30.235467+00:00,2025-11-01T10:34:33+00:00,163
8c500169c9babd73cec44a7e959037e933f486b303a01366dd7bba0fc9f78760,2025-11-01T10:34:30.356691+00:00,2025-11-01T10:34:33+00:00,163
9316748dd97010cb556edd3c37c7a30166363de1f0732953e503495bf70a1b42,2025-11-01T10:34:30.480896+00:00,2025-11-01T10:34:33+00:00,163
c5474f9fca8563356517d96ad741f8c4d868eb9a9bd3bdae4b13af9e17737408,2025-11-01T10:34:30.599625+00:00,2025-11-01T10:34:38+00:00,164
14f7c039d886b90afcea491931dcf1c7a0ffc55a5fb973231562d65503c2a07d,2025-11-01T10:34:30.724049+00:00,2025-11-01T10:34:38+00:00,164
d98f7ecf86bc77f97845595d4871dd22e0900789a7e8dd12f237867ed38bc526,2025-11-01T10:34:30.852835+00:00,2025-11-01T10:34:38+00:00,164
361ed0e60da237892829f93b2250a7a71c4eceaff2b3de9bae2108e949021832,2025-11-01T10:34:30.976094+00:00,2025-11-01T10:34:38+00:00,164
214f4bc582b7db4edaa5ee8d038b02f5467fb20061f91b0382a7702ae5ffa112,2025-11-01T10:34:31.106153+00:00,2025-11-01T10:34:38+00:00,164
30263af47fdf5199453d2a08bb16a427a7d9e4ecc0302309239cb13f5936b13d,2025-11-01T10:34:31.227798+00:00,2025-11-01T10:34:38+00:00,164
6ffa9023b498f9b0ebac57e6ed861d2479d7dd2ed466326a32435a998e116d86,2025-11-01T10:34:31.347420+00:00,2025-11-01T10:34:38+00:00,164
8280469c3154ff54f34dbd837886383e8b0718bdbdd0f19099888f97d2a1c9ac,2025-11-01T10:34:31.472044+00:00,2025-11-01T10:34:38+00:00,164
1e7ff734882406389aa17428077d85e471b7d29146c79c494022a81b6ce0e715,2025-11-01T10:34:31.601144+00:00,2025-11-01T10:34:38+00:00,164
7217559805645f9f3d211dbde7aa8a95d518b25de406ad02f938d1aa4442b52d,2025-11-01T10:34:31.722977+00:00,2025-11-01T10:34:38+00:00,164
3583e281aef982e2a21568f4c70d0e8c2cba8a7e0e186465bce67fde3d31fef7,2025-11-01T10:34:31.844687+00:00,2025-11-01T10:34:38+00:00,164
839e762fed4d0d1e281889045b79e092acbf2244cc8b8b55f3c33dc0205c29e9,2025-11-01T10:34:31.966854+00:00,2025-11-01T10:34:38+00:00,164
d586845ac688a69fd69e7588930de3c7641c71639c1a6b42e28166e397280047,2025-11-01T10:34:32.104053+00:00,2025-11-01T10:34:38+00:00,164
d882beef27284d4ff0e870b77397a994108c0310e5842e81e45860949b6a7e66,2025-11-01T10:34:32.228637+00:00,2025-11-01T10:34:38+00:00,164
7f99b720ea94d41371d01c0875645ed9f5fbedc62c4a0ce08451a36e09c73596,2025-11-01T10:34:32.350668+00:00,2025-11-01T10:34:38+00:00,164
c52d3172b5697ca90ca468c21a39acf99de1630767e1ac79deaae44c28b55dca,2025-11-01T10:34:32.475863+00:00,2025-11-01T10:34:38+00:00,164
762b0dfb347c0e8cab141185ed16211c24ac7a3aab61534ada727de14a377b9c,2025-11-01T10:34:32.600153+00:00,2025-11-01T10:34:38+00:00,164
aa89c905a5d39e131878463de20e7c0849f5ee891356602556b53f09313f613a,2025-11-01T10:34:32.732283+00:00,2025-11-01T10:34:38+00:00,164
f9e345b0185bfbde40349e7005fe55208899ff118706d9234f09dbca4ada54e2,2025-11-01T10:34:32.857714+00:00,2025-11-01T10:34:38+00:00,164
8c572fae0d165c3759d78ee4953fb20ccf1e62000964bd2f51cb7aded47dc992,2025-11-01T10:34:32.995394+00:00,2025-11-01T10:34:38+00:00,164
726c025316ba52cdc2b51ece0472fd27baa326182592262594d375517fe3b248,2025-11-01T10:34:33.120801+00:00,2025-11-01T10:34:38+00:00,164
491f85c2d6d1e28fa2a82f72298e85d4ada90fd1d621c6ae902e443258bf9534,2025-11-01T10:34:33.243259+00:00,2025-11-01T10:34:38+00:00,164
0eb0759cee2b2a9de6ca0ac4250790a8e87e250fb9931d8052d353ec681a4357,2025-11-01T10:34:33.369028+00:00,2025-11-01T10:34:38+00:00,164
7d88e653e0475012e4611ed8378f29caa6361e9b85e8d234c24f2bf2cc95e040,2025-11-01T10:34:33.490461+00:00,2025-11-01T10:34:38+00:00,164
c5b66822083bb9f7653aced9c5f9117f7e52ade3f09209ac9902e24d809cda2a,2025-11-01T10:34:33.955128+00:00,2025-11-01T10:34:38+00:00,164
5429c762e11177a0781a198f8e7067c61c4045ffc0c79cf4ad93c47c70386158,2025-11-01T10:34:34.097828+00:00,2025-11-01T10:34:38+00:00,164
04d365f2d31644dc8159612d1f7f130b7ce38676dc2d1faffe97816ba5df7f64,2025-11-01T10:34:34.230438+00:00,2025-11-01T10:34:38+00:00,164
dcd4d2a0adad23716f7b1b33bad73fb5c8264808e3ee78f2b938bd567d05ae53,2025-11-01T10:34:34.363684+00:00,2025-11-01T10:34:38+00:00,164
463a6efcd66dd40bde2872810ef0aa77cdeb1661ee9573ad090651f363dc4329,2025-11-01T10:34:34.489997+00:00,2025-11-01T10:34:38+00:00,164
5b1c73b95c5ba46d4d28d1732dc0900c5e04e18af95926a31f2a998e6ad444a8,2025-11-01T10:34:34.611425+00:00,2025-11-01T10:34:38+00:00,164
c40f408a4eaacc150c17e68a3d218c105af3ea001c676622dc1b5603f3ac7bbf,2025-11-01T10:34:34.731691+00:00,2025-11-01T10:34:38+00:00,164
03bcb02f3894b69a22d34b97c22169e5f9732fadf0b7a9e6a151361ddb86cd50,2025-11-01T10:34:34.862785+00:00,2025-11-01T10:34:38+00:00,164
6e1df4efa60e03dbe8f57226431007b9b1dee4550936cb39f70e8c00ec81c1dc,2025-11-01T10:34:34.982579+00:00,2025-11-01T10:34:38+00:00,164
80eb7bb3dc6c25d2f3fe9f792a505c28d4bbacd97dc202457eed5fc1a2dffef3,2025-11-01T10:34:35.100521+00:00,2025-11-01T10:34:38+00:00,164
9051ce77cd83c1231d63e6de0689043a89e4af358dea8df485af0731979446c8,2025-11-01T10:34:35.228433+00:00,2025-11-01T10:34:38+00:00,164
fd77d706f8115bd8529441f73eac26de71565cc5fb2b7cc8ca9e75cfaa06b9a1,2025-11-01T10:34:35.348652+00:00,2025-11-01T10:34:44+00:00,165
63ac89f63634dd7f4b7a6ab4ce9bf501c3671b24fec1751581819162569c3f5c,2025-11-01T10:34:35.467695+00:00,2025-11-01T10:34:44+00:00,165
52979e215a75aa44bc586d54a2dc99ea98504cf23b83fe23cda4957e56c31e43,2025-11-01T10:34:35.589354+00:00,2025-11-01T10:34:44+00:00,165
c1ee2d38755a49690742fc45dd8d7542814fac6260e23c1b344fd97111b7cd0e,2025-11-01T10:34:35.710827+00:00,2025-11-01T10:34:44+00:00,165
8c41d94cb20cef5d834678646dc326a888548c9e3d5de98076bd682898c199f4,2025-11-01T10:34:35.828765+00:00,2025-11-01T10:34:44+00:00,165
2f80f451da902855cee0b39b41343282fdf7ac554d24e84caa68ad3c885df45f,2025-11-01T10:34:35.945842+00:00,2025-11-01T10:34:54+00:00,167
4130e07957751a9910c7e53be19fa1157c989206243c9b85dc9161cc2f1f2ec8,2025-11-01T10:34:36.075457+00:00,2025-11-01T10:34:44+00:00,165
acfb95799cc90e043e59053b081b77d126960960ed60038a80ac1ffeeac97914,2025-11-01T10:34:36.199321+00:00,2025-11-01T10:34:54+00:00,167
b5767eff5cfcf6b9f0ddf678a8f7c140450b43e0d9bf17ff86e0d14c3b7667cc,2025-11-01T10:34:36.316361+00:00,2025-11-01T10:34:44+00:00,165
46538ac6794d67d64b5153e264465f9e3eb87383dc982df2658870c9d8fd8352,2025-11-01T10:34:36.434183+00:00,2025-11-01T10:34:54+00:00,167
d05dee807cad2e06f8e0c24b015e40053b33bf2080af4aa25a12f8a231435231,2025-11-01T10:34:36.555969+00:00,2025-11-01T10:34:54+00:00,167
8c27a0905f582cf12bb5315666c55ea0ef9c5e354bc456d89208b1ff81df67d2,2025-11-01T10:34:36.674795+00:00,2025-11-01T10:34:44+00:00,165
1baba376c09d760e66383cbb61459637dab3425092fcc444a9c1e224676b5a26,2025-11-01T10:34:36.796331+00:00,2025-11-01T10:34:44+00:00,165
e8be932a05e93f6e974ea1786e96a3ee6532ee0a1c8f82fe9ceceb84da475f80,2025-11-01T10:34:36.929335+00:00,2025-11-01T10:34:44+00:00,165
5225eb23f946de83dfd7c3d667e4c2014ffe130a35bebaa7855ed9b1f4fc561e,2025-11-01T10:34:37.050773+00:00,2025-11-01T10:34:54+00:00,167
2dd387a0b25906941fd4416e6b79a438ba18eb9c54f9f014042822942786e850,2025-11-01T10:34:37.174508+00:00,2025-11-01T10:34:54+00:00,167
4e11fab0bfe50591bb9279710dc4026962d02fe40fa84e1fffc0f261bd0d9ec1,2025-11-01T10:34:37.296283+00:00,2025-11-01T10:34:44+00:00,165
05120fd66b58bb2bcc3ba04f3148513775b81b98829786548ac43126162c1966,2025-11-01T10:34:37.419956+00:00,2025-11-01T10:34:54+00:00,167
29a6c341c5ecdb26ba8e60ef32ec422d1341e70ebcdbaf6947f57e26db6b29d1,2025-11-01T10:34:37.539705+00:00,2025-11-01T10:34:44+00:00,165
41619f66a98415e5371ac9f907ba6d6959a8a175d89176d2c2d3e0c4cdaae06e,2025-11-01T10:34:37.658918+00:00,2025-11-01T10:34:54+00:00,167
2a44ceb8c98ae1d1b0ff5ba16f270408ed8356fc911ca2a1e6d6e92d411c2482,2025-11-01T10:34:37.778694+00:00,2025-11-01T10:34:44+00:00,165
5abbf1351f721d6f172c3ea736fdfb256899ba7039be91611396fdb1d906c604,2025-11-01T10:34:37.898163+00:00,2025-11-01T10:34:54+00:00,167
5b7ba378d13294ac7c2a17936f8dcd916f09def01646e3346278639611445c79,2025-11-01T10:34:38.021243+00:00,2025-11-01T10:34:44+00:00,165
7809626f1efcae1b44c1271be14369ad12504becc00a8c8856dde62e2ddfb43d,2025-11-01T10:34:38.145066+00:00,2025-11-01T10:34:54+00:00,167
80e53c7270c44ab33fbadd0a21270df0a1b7ea49e26e0cbf54a16a6a83d727d7,2025-11-01T10:34:38.274040+00:00,2025-11-01T10:34:44+00:00,165
fb846814d538397f5bfdb18e896a60be95993372ce6867d36cfb4321f06add57,2025-11-01T10:34:38.393863+00:00,2025-11-01T10:34:54+00:00,167
f1f988b775aa84c884e67154aa1b51b1eb2d7fc447df2bb34975cc0bd3994145,2025-11-01T10:34:38.515826+00:00,2025-11-01T10:34:44+00:00,165
c0ffb44069bb00b9850d622ad51d76f75333cf1637d07b39c23d67bd5984330a,2025-11-01T10:34:38.636893+00:00,2025-11-01T10:34:44+00:00,165
03e1b6004a66cc4c30a2cbb40c6b87869100e63305a35e3710bc39aff512b62b,2025-11-01T10:34:38.762143+00:00,2025-11-01T10:34:54+00:00,167
3fe721119cba65d71149450e2f0547cd5cf3431014fe04724cf2304535d1fe84,2025-11-01T10:34:39.109747+00:00,2025-11-01T10:34:44+00:00,165
580aaf94e73568f63b2adf2dfa9ab1469b69ac1438e6fa390456d9193dc04d93,2025-11-01T10:34:39.233023+00:00,2025-11-01T10:34:44+00:00,165
cd6362c0f1d6c26d17596a0585e080e0de9c03150a708260dd13b3ebf45bd7a4,2025-11-01T10:34:39.350695+00:00,2025-11-01T10:34:44+00:00,165
229a95fcfda702b79dbd812b80444d11e9b6208ee0cbd790ef8f342ad9ca30c4,2025-11-01T10:34:39.479984+00:00,2025-11-01T10:34:44+00:00,165
decb496e545db199dc7f762d630587e34286e1924d6008a2f5807d4c3c0e58f1,2025-11-01T10:34:39.600727+00:00,2025-11-01T10:34:44+00:00,165
f46879392fa06853b1398e11ac496e6a2af9a489eead09ff562498bc66e169ba,2025-11-01T10:34:39.719971+00:00,2025-11-01T10:34:44+00:00,165
f95d5b2a806f0f1c95b1b0d7989012e3f10ba0bd0c13acd32aa99966ab84b7eb,2025-11-01T10:34:39.839101+00:00,2025-11-01T10:34:44+00:00,165
187b60d6563c4668191607d4a5a241fa6cd78fb2f9fea361cbf6abd0dc2895fc,2025-11-01T10:34:39.970251+00:00,2025-11-01T10:34:44+00:00,165
4545239ccb251e0e4567e607a87d8d9e4d8b3c4b4b1a8696dc0a1071cdfee3ae,2025-11-01T10:34:40.098304+00:00,2025-11-01T10:34:44+00:00,165
37694eb2181615849ce6f4c3ad22d4e0870c422f6e71941929004178831bbe68,2025-11-01T10:34:40.241643+00:00,2025-11-01T10:34:54+00:00,167
5998ee6f885403218ad08800ec0a559715b821305fc0a12e41a250cc92933eba,2025-11-01T10:34:40.364755+00:00,2025-11-01T10:34:44+00:00,165
f052b46c155fad9b25e08da8b51fdcc3227fe3d0d60f95e1ce5305afcf797903,2025-11-01T10:34:40.487415+00:00,2025-11-01T10:34:54+00:00,167
9d5ccf1ce7757612a9b05c31e7096fd5ed7217d64d9a66d57a59b393291cd0e3,2025-11-01T10:34:40.604986+00:00,2025-11-01T10:34:44+00:00,165
38ea3681bd031b3d1ba380ed07ff632cea1925e8d1edae17cd3b5e8ec430d6ee,2025-11-01T10:34:40.729942+00:00,2025-11-01T10:34:44+00:00,165
6cf0ff7af571a523dfe93e3aba48d75352aa1cae08c2bb46604035d153fd8023,2025-11-01T10:34:40.850205+00:00,2025-11-01T10:34:54+00:00,167
8e25120c206108cff1c397e1c2f325f09c9c87cc5c80cf620f26216e61572e47,2025-11-01T10:34:40.980144+00:00,2025-11-01T10:34:44+00:00,165
46c4279048b9710a446844f85a9b405c1a1ef1adc952464e0ae2046a1d02089a,2025-11-01T10:34:41.109063+00:00,2025-11-01T10:34:44+00:00,165
17836ca27e92dc2c1a6327c9def6ea28f5adcb016ccdc76d58b0940ae1587e7d,2025-11-01T10:34:41.232656+00:00,2025-11-01T10:34:44+00:00,165
18149f77cc685fd668a4418f991185b200cb03ebedec9eac4fc3bcd91addbee5,2025-11-01T10:34:41.354001+00:00,2025-11-01T10:34:44+00:00,165
e3864b39b075255d41e872777146baf84c6ecdf8a75096826ae7229d5ed8fd0b,2025-11-01T10:34:41.475841+00:00,2025-11-01T10:34:44+00:00,165
c5b8c9a6d00363e2eeef942e7716176e4f0f2a63a99e63d5a7530ca0bec216bc,2025-11-01T10:34:41.599713+00:00,2025-11-01T10:34:44+00:00,165
d476662bbd17dced46f1e456638b92c54a649b2d1b816364e2dad6d5c7e98a24,2025-11-01T10:34:41.720096+00:00,2025-11-01T10:34:54+00:00,167
07df088ce5dcb300019d601d2541b4b2a7faf0ee137dd470e68f7bcdc946fb0c,2025-11-01T10:34:41.838248+00:00,2025-11-01T10:34:54+00:00,167
0ac0af4b5134427e48212225280dfe52544166284590d0604ac639bd5d0a9628,2025-11-01T10:34:41.957477+00:00,2025-11-01T10:34:54+00:00,167
8e1a8bb1dac860e144a2a4cb79da824ef5bb6312f2e0f7ac670df793e1883b3d,2025-11-01T10:34:42.091214+00:00,2025-11-01T10:34:54+00:00,167
65fc8510823b57db61f872646bcb5acd24280fe5da76c8ca263cfc4fa2a2b1ae,2025-11-01T10:34:42.214052+00:00,2025-11-01T10:34:54+00:00,167
d93aa96fc5a6f18e18aed5680594a20de8a3b1a4b0dbbe40723347f7f8497972,2025-11-01T10:34:42.337244+00:00,2025-11-01T10:34:54+00:00,167
3c8aae0724deff894d9da52ef32201a0a25a377b5229c9014fc57aef001318b4,2025-11-01T10:34:42.461130+00:00,2025-11-01T10:34:54+00:00,167
a724bae340c7ccd58f34ee3f4571a6c5101e500f70528eb2b38422546c64d25e,2025-11-01T10:34:42.582940+00:00,2025-11-01T10:34:54+00:00,167
62f9d4dd277d19827ff81b14dce116994d7c96d2e37e9c582bcb68f2b04b25bc,2025-11-01T10:34:42.703602+00:00,2025-11-01T10:34:54+00:00,167
34b543b17184b71acec29225d45528f9befdf661c4b7d57bf3cd6a724a4e0a9b,2025-11-01T10:34:42.843755+00:00,2025-11-01T10:34:54+00:00,167
6026e2036d7943ae00c6d5663b3262e7fe43ffde0ad0cc4f1fc3f487fe1d5130,2025-11-01T10:34:42.970174+00:00,2025-11-01T10:34:54+00:00,167
878eb755f7be978cb6c0f13e9b0cbcc8bd9349ea783369456f8464bd5985f1fa,2025-11-01T10:34:43.092022+00:00,2025-11-01T10:34:54+00:00,167
15b2f3cb0ea015516474be985887207c0d606a46230743fbdde6c3b628842b4b,2025-11-01T10:34:43.209210+00:00,2025-11-01T10:34:54+00:00,167
79a39b8508f3e60edd68bfb312b73b6917db5f44bd8e298cc9a4165e530744cc,2025-11-01T10:34:43.337792+00:00,2025-11-01T10:34:54+00:00,167
1fd56aea9266e0d5a694fd6ee7a53cfb11e236b0bdee54abedc1460675ba25fd,2025-11-01T10:34:43.462290+00:00,2025-11-01T10:34:54+00:00,167
19059331682602265018a0ec09ad09e924153326b47c8824e8928b9cd4a4d28d,2025-11-01T10:34:43.583024+00:00,2025-11-01T10:34:54+00:00,167
49095f667351661db68063261a0a48c6473facd912ca8aa18bcdd5f8d8f60efd,2025-11-01T10:34:43.708543+00:00,2025-11-01T10:34:54+00:00,167
432abdf5afa97f3efcaacc406b1ab646b158cae15a97f0b6decc2905379cec24,2025-11-01T10:34:43.833188+00:00,2025-11-01T10:34:54+00:00,167
ec40198041dad91e56f82c32a1a639e10e9724d6dfd89d9c8078234aac5bb0d4,2025-11-01T10:34:43.958888+00:00,2025-11-01T10:34:54+00:00,167
66589936796d10e845fc4e343f007e4df1aa2ea370376615c79e14c58ee42efd,2025-11-01T10:34:44.078784+00:00,2025-11-01T10:34:54+00:00,167
81933d5509fe386a722c50a34dce4069450c076514973e7ce79bad2e9764bafc,2025-11-01T10:34:44.411184+00:00,2025-11-01T10:34:54+00:00,167
3d8d858710be0560a79e934032b77d75d4b9505a7c7b6e71a99208fbc6cab4f8,2025-11-01T10:34:44.526788+00:00,2025-11-01T10:34:54+00:00,167
5ae0d4e75c4d6633708fe4bd5fe30add31832d242974ea3880b1b34444b9e0eb,2025-11-01T10:34:44.647945+00:00,2025-11-01T10:34:54+00:00,167
5bd135459502a37f4f565595ac4876b1c2d46150c9aa351d94739e20b8f3fb24,2025-11-01T10:34:44.768233+00:00,2025-11-01T10:34:54+00:00,167
dcbbfb0901092d8477a1c8f0f3b2294c556d127aeec7873452d6251d33d63ed2,2025-11-01T10:34:44.890025+00:00,2025-11-01T10:34:54+00:00,167
9b37f292ac0a1a7a4f8f2df2d7179011fde3c48545f01380b67276328b8ec061,2025-11-01T10:34:45.013840+00:00,2025-11-01T10:34:54+00:00,167
aa43aeb45c1a83090d4e2b606b0f5331451449266e826786849b9cc186e4fb27,2025-11-01T10:34:45.136143+00:00,2025-11-01T10:34:54+00:00,167
7fad05526fcb44056201fe38d4d0fd66d372faf1077e37645182cee2140bd113,2025-11-01T10:34:45.257241+00:00,2025-11-01T10:34:54+00:00,167
46ae51ba3b7b1e7140c0094f5187bc99c298e68d3cd41fd199a2a5687f657a0b,2025-11-01T10:34:45.407041+00:00,2025-11-01T10:34:54+00:00,167
cf5cbe8095834bf90c8de41634e771ba248ef8c277ea1cd27e823c3cfb472af4,2025-11-01T10:34:45.531353+00:00,2025-11-01T10:34:54+00:00,167
b616336d54d08f473b0a0cdf0eca9bb639167ff93035bbc6d77292314cfff0c8,2025-11-01T10:34:45.650014+00:00,2025-11-01T10:34:54+00:00,167
345d020f835c66b91c5d19eac64f767763610b4498813dd3db79e82b96ca9a18,2025-11-01T10:34:45.776196+00:00,2025-11-01T10:34:54+00:00,167
41ee1e842a3092eb563e65a6774297bf9a47c49f07fd4d1e72619e6cfbc4597d,2025-11-01T10:34:45.894924+00:00,2025-11-01T10:34:54+00:00,167
0964af57c0da8068745c96395cfa4716c7a627cbf36f932bff5df4ee0c16b998,2025-11-01T10:34:46.020875+00:00,2025-11-01T10:34:54+00:00,167
78fcbf09fa1253ddef0d64d2616386baf454f53c136567505e2d8b78617d88be,2025-11-01T10:34:46.138888+00:00,2025-11-01T10:34:54+00:00,167
9d79a31035556bda477865b4cead38b651ced7c40514c10253055371fb17c3f0,2025-11-01T10:34:46.260835+00:00,2025-11-01T10:34:54+00:00,167
d190449f96412302516aef813dc81b5b159be30f9f2c2fa7744e60fe93c575f6,2025-11-01T10:34:46.385878+00:00,2025-11-01T10:34:54+00:00,167
150f8b6e9083c8d94b47c0c6719c1fa817d160ea058ec41665fc61548690b901,2025-11-01T10:34:46.507158+00:00,2025-11-01T10:34:54+00:00,167
ab4d1b1c44502a83b3446fb02a598e4e03debc192b740bd599079b064d18d47c,2025-11-01T10:34:46.629387+00:00,2025-11-01T10:34:54+00:00,167
fe2c464228fd1873d80ef33995a26af14a45353c9f74333f1b09332e6b8ab6d7,2025-11-01T10:34:46.755707+00:00,2025-11-01T10:34:54+00:00,167
110ace109115d90bbfdabd20bccfd080eafb2d24af85a9da2bcbe2843cd49b28,2025-11-01T10:34:46.883887+00:00,2025-11-01T10:34:54+00:00,167
1dbc28e06cd8d7f1689b6d49af21dcde9602969214fa3dde78313db8975e0ece,2025-11-01T10:34:47.007114+00:00,2025-11-01T10:34:54+00:00,167
598b49b70666e4bbcff8fb1b4031cd7befb02899ea3fd99d6a0d8df1658660e2,2025-11-01T10:34:47.129018+00:00,2025-11-01T10:34:54+00:00,167
528a15fc943ef93cacce124a7b9908419e9ecf796310c8b11b8ea6f4a3be4ff1,2025-11-01T10:34:47.248079+00:00,2025-11-01T10:34:54+00:00,167
64333cb7891ad8e7311c561beae0432dc0536d8880abb0e6b68c0e27827122f0,2025-11-01T10:34:47.370287+00:00,2025-11-01T10:34:54+00:00,167
bc7e51b4c6bfd3b109056538932b0a40bdc9555801b078ba562a5c5fabf494d9,2025-11-01T10:34:47.491033+00:00,2025-11-01T10:34:54+00:00,167
0bc19ef445929823ba81e98a0e8deb85b38ca45e756c4a46570b52b04e878e44,2025-11-01T10:34:47.614559+00:00,2025-11-01T10:34:54+00:00,167
94f19b0b0da2ffc57aa270212e11086b36e97806f56788165351231d42759f19,2025-11-01T10:34:47.739460+00:00,2025-11-01T10:34:54+00:00,167
2585b66663b9bdc418bcc9058b61d7e590ea29caacedf0de02713c967a25d04a,2025-11-01T10:34:47.864367+00:00,2025-11-01T10:34:54+00:00,167
a6180cd568f5c242579e4cf1c9735cebb1bd86e109f52084798c6c386b7bcd00,2025-11-01T10:34:47.987545+00:00,2025-11-01T10:34:54+00:00,167
113bfe07b9153710e1be597bc90063d36cda87b40de571fe171d187bcc765b28,2025-11-01T10:34:48.114052+00:00,2025-11-01T10:34:54+00:00,167
ccb6f080aa170997b3243e62a4ac645a28cf6e3fd978b255e0e225a59412a4ff,2025-11-01T10:34:48.235637+00:00,2025-11-01T10:34:54+00:00,167
ce5ec83388cbb32667c82cac1e5fdfe5edf972270b68993e0ad8dab34e5c3ccd,2025-11-01T10:34:48.357089+00:00,2025-11-01T10:34:54+00:00,167
6bafc0cf35a83c7420318c6a52e7a0f9dc9cabc31be1d994c2c3a74a7857c9de,2025-11-01T10:34:48.477067+00:00,2025-11-01T10:34:54+00:00,167
68a58b93c1e4fa011d353fdd14b0b166a66aea9102eb954cbb730fbe76336b41,2025-11-01T10:34:48.610290+00:00,2025-11-01T10:34:54+00:00,167
5893ee173ecd24a658eba26546f6ae483acf01c57679a30ec090f25ced611434,2025-11-01T10:34:48.733654+00:00,2025-11-01T10:34:54+00:00,167
636621cb95c9561a98865b016dadd0c9c6fd5d6aedde202bea76246614268e5b,2025-11-01T10:34:48.858063+00:00,2025-11-01T10:34:54+00:00,167
2c1ea8bd30a08fce87484edfacc589450635c986064f85690248027bac3d5d36,2025-11-01T10:34:48.984202+00:00,2025-11-01T10:34:54+00:00,167
4c755288182b873cdfb071863769ea6864500435d2fe5663a9719bc706bfc346,2025-11-01T10:34:49.106972+00:00,2025-11-01T10:34:54+00:00,167
a09c98a3a5540ccf263c5f42ec9d5b2ea2d119fcfdc65a6f6ac71dcced1c6eca,2025-11-01T10:34:49.235167+00:00,2025-11-01T10:34:54+00:00,167
d7ecf871826dd8bf240623ec7f7dfd883d767db1eb2b73f257524cc5c0822b00,2025-11-01T10:34:49.366491+00:00,2025-11-01T10:34:54+00:00,167
5396810b16fa4a442456064c2a3f7f46cec409a05e6a6758766240192cab443b,2025-11-01T10:34:49.691985+00:00,2025-11-01T10:34:54+00:00,167
18ce9819aec93d9ebbf92545187dc2d0542cdbefe755bed327bfeb4d9dd0b086,2025-11-01T10:34:49.815188+00:00,2025-11-01T10:34:54+00:00,167
179b479eee6fc5aa3aaa249bf5e825a22ed9f672fa45f8ae062cfdb31142e377,2025-11-01T10:34:49.942173+00:00,2025-11-01T10:34:54+00:00,167
214a30b3d209e5ca1080082d85ac3c89345505d52f776d6f48ffe490f37f0c5a,2025-11-01T10:34:50.067256+00:00,2025-11-01T10:34:54+00:00,167
8aed5ab56485b1eeb86d47c35535fc2d0a8f1081ecde77c996045898eeb18087,2025-11-01T10:34:50.192967+00:00,2025-11-01T10:34:59+00:00,168
622b0eba1d82ffc081732d52e33897f366c942413dfad018ae817ad6fda54119,2025-11-01T10:34:50.315042+00:00,2025-11-01T10:34:59+00:00,168
47264832030360063b5272c6c3da872510b061992c68bfb9e70d791ca540f937,2025-11-01T10:34:50.439574+00:00,2025-11-01T10:34:59+00:00,168
ccc31bd5a363997a6876e7fc27d5fe67edb59d7515ecf5d6b14229427fe7571a,2025-11-01T10:34:50.566070+00:00,2025-11-01T10:34:59+00:00,168
5170592c6a349d08f6c36bed3d1edd007fd57cbd668fe36b9e3c1969ebcd4c9d,2025-11-01T10:34:50.685985+00:00,2025-11-01T10:34:59+00:00,168
f552123461fc040ad251ddbe59ca86e45f34651a74e96058c2947fdd215b7842,2025-11-01T10:34:50.807023+00:00,2025-11-01T10:34:59+00:00,168
83bff75337436c47ece4d9f33dfb2dc0d07e0e6acb2e6c02c94e02d44580ec3f,2025-11-01T10:34:50.929361+00:00,2025-11-01T10:34:59+00:00,168
35891f9128618d3fe29216c7810cea46bcf05879a7ae8fbaad690d968d783cb1,2025-11-01T10:34:51.053151+00:00,2025-11-01T10:34:59+00:00,168
b2dc66873e9761943043dd3f990e8b9398840aacec4369f003a26b66b36c07f8,2025-11-01T10:34:51.173147+00:00,2025-11-01T10:34:59+00:00,168
9c716faf13e314baa561526a864ca654258940ac52321d20f6de11f0642ed240,2025-11-01T10:34:51.294017+00:00,2025-11-01T10:34:59+00:00,168
a102d0f5e64ebacfe277b47dcb28973bad4bad4a580b5fb76471fa99278ce462,2025-11-01T10:34:51.414490+00:00,2025-11-01T10:34:59+00:00,168
127de428d40f4310a9d34f41d9730ce4c889b6ca5a5be2b2249fa93fb589e811,2025-11-01T10:34:51.540659+00:00,2025-11-01T10:34:59+00:00,168
04c5a91a695f129939b52cb134ee5e21278f07591d035c000d7e6c8280fa1b44,2025-11-01T10:34:51.667958+00:00,2025-11-01T10:34:59+00:00,168
cd28c4528dca2ecf35fab90f9bc062e63290a21a92815317a0ead918f857515e,2025-11-01T10:34:51.789682+00:00,2025-11-01T10:34:59+00:00,168
a124506ca5d0762389c5ddd44f9ceeb1a6ed41ba14432abca3b9f3c3b47903c6,2025-11-01T10:34:51.921866+00:00,2025-11-01T10:34:59+00:00,168
8359cf8b8e9885ca0a8d38c6b3de116a37f97e2630416f8253408351692d16da,2025-11-01T10:34:52.252727+00:00,2025-11-01T10:34:59+00:00,168
6f7f8d9f9fd0f307a635380fd2aabf949eb9bc5ed075c508ee384744506f2638,2025-11-01T10:34:52.377335+00:00,2025-11-01T10:34:59+00:00,168
4464cbd911c30cf9b73981e3896219030ed02dcd93a7bf4e37282e0b686804fe,2025-11-01T10:34:52.499122+00:00,2025-11-01T10:34:59+00:00,168
68ee6dbe26c9b2b722f2cf9ee03120228e123329529c832a73359ce7d28cb81f,2025-11-01T10:34:52.620413+00:00,2025-11-01T10:34:59+00:00,168
1b727436e72d33ef7fc8ef9d32001ea2e34820c1ce4c2831a96b973f45b0834b,2025-11-01T10:34:52.746021+00:00,2025-11-01T10:34:59+00:00,168
e988fe460ca5007af4fe70d9cb9bbf0ba1520dd17355444c020bd4b0f7563706,2025-11-01T10:34:52.869130+00:00,2025-11-01T10:34:59+00:00,168
664b0477a64fedee333e61742332f1109f632f4591efb427b24dedcd513c764c,2025-11-01T10:34:52.988613+00:00,2025-11-01T10:34:59+00:00,168
d53d270761888283443ae59513e3b596a112057c64e534e97e0b29ddd5d550f2,2025-11-01T10:34:53.118170+00:00,2025-11-01T10:34:59+00:00,168
0b665b62fe8fc5ac74c4c63ce4e2c5e91653186a96a8e7da4a13fefffdba04d0,2025-11-01T10:34:53.246377+00:00,2025-11-01T10:34:59+00:00,168
d9bd2ad44429e73c6d77aeba33a0348fe844a53ccd738bbdcd4f9f280a1e7f4e,2025-11-01T10:34:53.367136+00:00,2025-11-01T10:34:59+00:00,168
3fe22b53bbecd76c80458807ca7e6f1a403405f77521072d048407a433cb4052,2025-11-01T10:34:53.489809+00:00,2025-11-01T10:34:59+00:00,168
fce40f67e18162bd8a1ee8ed6bd8c08117ba757474b4a6c006f49bbe2ba2dd3d,2025-11-01T10:34:53.615647+00:00,2025-11-01T10:34:59+00:00,168
dc8bbd8e4db8751f3f043766fc7806d8c5c415a4bf6187767505a8a72386d8db,2025-11-01T10:34:53.742697+00:00,2025-11-01T10:34:59+00:00,168
7aea83c35145911154946105e063e0ad1b8851f4a4ef673b0ccdd7a9d9b249e5,2025-11-01T10:34:53.861842+00:00,2025-11-01T10:34:59+00:00,168
100a5b3165b272bfd065170525c70244027569c33d0f3fd922bdf2e1153f25e8,2025-11-01T10:34:53.987310+00:00,2025-11-01T10:34:59+00:00,168
fc3dd0bbe830f5db806914bf552bd6c02d8bd4370e2e2872329473a0122a418c,2025-11-01T10:34:54.109252+00:00,2025-11-01T10:34:59+00:00,168
cd18dc2c60a6158925f46e7bf222589e981438d74eb16fac8f230676c534d294,2025-11-01T10:34:54.233137+00:00,2025-11-01T10:34:59+00:00,168
b73a8818a3b37608f499a4713e9e35e5859e134b8e2dba1c85a7c9e0dc0ef344,2025-11-01T10:34:54.353035+00:00,2025-11-01T10:34:59+00:00,168
cbf8cac1711cb58fe8b4f5396dfb9420cc3202f76ac759638b37f3b0f2992026,2025-11-01T10:34:54.479541+00:00,2025-11-01T10:34:59+00:00,168
ac5ba18b3402ab5a751f69ad99d5411ecfc36a08e870b20cbdd6bb60237a0ee2,2025-11-01T10:34:54.603368+00:00,2025-11-01T10:34:59+00:00,168
f7b608cc3813777acc64e5ae0951a0b290d61dfccc4d26971e0dd4659767f2cf,2025-11-01T10:34:55.100353+00:00,2025-11-01T10:34:59+00:00,168
41c2c0f59d5557cf6ee31892e55125c001fef5a6db81c0144b0c835d46a8ef94,2025-11-01T10:34:55.220348+00:00,2025-11-01T10:34:59+00:00,168
38720bf8e4fa5440cd76b78387df3a04c5d213ace52fef360e66293c7fad818a,2025-11-01T10:34:55.338311+00:00,2025-11-01T10:34:59+00:00,168
18b24a4ad29c42f182874d129c191600dcb29167d99438f46c11d7c03161c1e6,2025-11-01T10:34:55.497220+00:00,2025-11-01T10:34:59+00:00,168
64150646568d0e78ac00116739e8a2dd7034f9f4bfd7590c860bc04f399c6493,2025-11-01T10:34:55.626713+00:00,2025-11-01T10:34:59+00:00,168
8f3ffd41e3700981ccd55743ebea4c672b53c4120355c83b9aae2bff8cbfe029,2025-11-01T10:34:55.752169+00:00,2025-11-01T10:34:59+00:00,168
010294f03dbb73d1a09e2fbf7789c3d230fe23c5e8f7833bdbb8adede56fc8cf,2025-11-01T10:34:55.879178+00:00,2025-11-01T10:34:59+00:00,168
0c1ab1eef928a13ae958a02c2a47f80de9f95f58595fa6d93a9b2044424b8b6f,2025-11-01T10:34:56.030331+00:00,2025-11-01T10:34:59+00:00,168
3808756997d59540df28b7d38df810812e670981b79f07ee57bb138892550569,2025-11-01T10:34:56.152906+00:00,2025-11-01T10:34:59+00:00,168
ffa6f22433aef8189950c609db6fd28f2fb87763e387da0b25f67e04007005a4,2025-11-01T10:34:56.274147+00:00,2025-11-01T10:34:59+00:00,168
dc4c79c1f478f2853763ea598630691bab38e70407233cca8149ae72dbf81ec7,2025-11-01T10:34:56.412686+00:00,2025-11-01T10:34:59+00:00,168
bd388e130d008152790218e7f817c072ccab66e088cae4ad6c541a66b45d1c47,2025-11-01T10:34:56.534322+00:00,2025-11-01T10:34:59+00:00,168
d543a5ec2ffc62e423eb13164cce813e4761f2aab1f9437b0a124de3d891aecb,2025-11-01T10:34:56.653150+00:00,2025-11-01T10:34:59+00:00,168
e86716ef0db55919056f32ccbc0608c2702ed32cc8e5917c6195e9a22b480710,2025-11-01T10:34:56.773257+00:00,2025-11-01T10:34:59+00:00,168
b97278a16f0d13bb46b75c50367a9fc126128217b2b665c4cb38736cc371fbc4,2025-11-01T10:34:56.891909+00:00,2025-11-01T10:34:59+00:00,168
8fc761d609bd1f2bef046b5c2f97452a612542bec0bd521f5ecb86453a4e2168,2025-11-01T10:34:57.009929+00:00,2025-11-01T10:34:59+00:00,168
b1f8eeafbe960703a459d2bb7906fec8bdd28cd166399f5f714f7eae600d4089,2025-11-01T10:34:57.154982+00:00,2025-11-01T10:35:05+00:00,169
c43d2b63b6605990a8b7eed7a0b173bced75b14b2bb8985eca017f5e21f92563,2025-11-01T10:34:57.274781+00:00,2025-11-01T10:35:05+00:00,169
4c2012013ee2aeb6cad6228712818f1435c448658bdb98982a32dc8d9eeccf98,2025-11-01T10:34:57.402558+00:00,2025-11-01T10:35:05+00:00,169
0321ecd6e45560c323c9345415ea5002bcb48845e46c93a7139663b7fab3e288,2025-11-01T10:34:57.522878+00:00,2025-11-01T10:35:05+00:00,169
632c6890996655ef36784fd6b7c4d4fc4fc024b297895f28adf8ebb74757307b,2025-11-01T10:34:57.644463+00:00,2025-11-01T10:35:05+00:00,169
19ff0bbc1105f6cb60a96e0d100e79d66065fc06598f41c84572565c19a3120a,2025-11-01T10:34:57.763443+00:00,2025-11-01T10:35:05+00:00,169
db0e44fbb2a9ee530c5a793c0e3db7bbe653ab4189e5c56c7ff70c1bb8ebeaed,2025-11-01T10:34:57.880870+00:00,2025-11-01T10:35:05+00:00,169
91ed373727beadaf492bbdbff880c88f838bf7d099a017686718ea2c5125ff42,2025-11-01T10:34:57.999525+00:00,2025-11-01T10:35:05+00:00,169
951f35bbed5cebabd4abce346a2d4ed71b8493bfab29e087d475ac4748daf3c3,2025-11-01T10:34:58.120554+00:00,2025-11-01T10:35:05+00:00,169
33b62ceca938041ad9fd26129cbeba012858b45de03f418870bc6cea812c06bb,2025-11-01T10:34:58.239924+00:00,2025-11-01T10:35:05+00:00,169
0a30edbdd24359973cfa43097ede1ca8d33392e767475919c83d11a3cbbdd36c,2025-11-01T10:34:58.358594+00:00,2025-11-01T10:35:05+00:00,169
1baf148d3555d058a6cc6d93a323c5674b07c669f3f069904a1b4983360eae1d,2025-11-01T10:34:58.483632+00:00,2025-11-01T10:35:05+00:00,169
343aaf0a807feea35b284109849134d9d25ac07e41f861ee3bb4adc6e4652b2d,2025-11-01T10:34:58.603850+00:00,2025-11-01T10:35:05+00:00,169
fcf90f0477a14042e08706f7b512c61e39be517d43c13b960ac7fe96a3183653,2025-11-01T10:34:58.729211+00:00,2025-11-01T10:35:05+00:00,169
b7223e87ad30a5b9a20b418403ad9927935b8ff83a4b23ee39652729e6589179,2025-11-01T10:34:58.852526+00:00,2025-11-01T10:35:05+00:00,169
b88bfb4f519bdc8b0777106b8007a8065c73dabcccd67e3c82599d3feb2b4a78,2025-11-01T10:34:58.971439+00:00,2025-11-01T10:35:05+00:00,169
e88ec7fcf0e91162529a46a25465d300869efe87b5e22e338bfbd32b940e7896,2025-11-01T10:34:59.091847+00:00,2025-11-01T10:35:05+00:00,169
f9ff03c84c23de48ccb0ea219452acf8c43789d9933a43f9e8c007e8048b9216,2025-11-01T10:34:59.210279+00:00,2025-11-01T10:35:05+00:00,169
1e9af9359d5db8ad9e1c1e3ac6185c9b7503ee950c3ac60c4ca9960cf37826d9,2025-11-01T10:34:59.332449+00:00,2025-11-01T10:35:05+00:00,169
6f1c389c0bd8ecb99fde685130b4c7d136d9d11c76ed03a99b58b13b0770c816,2025-11-01T10:34:59.449843+00:00,2025-11-01T10:35:05+00:00,169
2152e48e655a76e2e0d435f877ea28513736482880656eeb0bd0ee814dacadde,2025-11-01T10:34:59.570107+00:00,2025-11-01T10:35:05+00:00,169
efe7330fbb55864bf4313d7f9a813b073748fb005640fedf094ad96f995e35fc,2025-11-01T10:34:59.692861+00:00,2025-11-01T10:35:05+00:00,169
c2a6a747be5af99c9cb995a0bfbf5a0571d339a46738988bcf11dd2523597881,2025-11-01T10:34:59.819247+00:00,2025-11-01T10:35:05+00:00,169
56638eb7bf64a5ee3b47ed2f029057eecf56a1eb2c8f67d3a972992b51929131,2025-11-01T10:35:00.183726+00:00,2025-11-01T10:35:05+00:00,169
3ac46e869802efb32282d22e2a443c6143f79d97cd783813653bc645e8a0656f,2025-11-01T10:35:00.301180+00:00,2025-11-01T10:35:05+00:00,169
08039a5a21eb60f49bceb34aec077bea8db60acf4db0406ef1133b3a302326bc,2025-11-01T10:35:00.418121+00:00,2025-11-01T10:35:05+00:00,169
7c5ee4ca3151fd62bdd714bf6e4ca72d806b280fee2e4b0d74a0b567a2d2ddd7,2025-11-01T10:35:00.538303+00:00,2025-11-01T10:35:05+00:00,169
d54c5f0d6f5d7ddda5400e3292bfd2f4ff792bcbaf1136728f54118e15c48cbd,2025-11-01T10:35:00.654771+00:00,2025-11-01T10:35:05+00:00,169
db6fa8d838bb5bfd4069db996ec1e093df48da8be27362d2a09ac6bbef895ea3,2025-11-01T10:35:00.776952+00:00,2025-11-01T10:35:05+00:00,169
1f3ad6f781e7e86ccc7afc9224c8eec0d28fd16d94277ee6564c7467aaa3f15a,2025-11-01T10:35:00.895412+00:00,2025-11-01T10:35:05+00:00,169
7a9147356eb12ce111034b26eaef8de2b7535746df031eea52f74830127cb8cf,2025-11-01T10:35:01.026186+00:00,2025-11-01T10:35:05+00:00,169
4569e33d41b2d246365f55f5b12b560a176388112b77e18eac8a6ef0884f75bd,2025-11-01T10:35:01.147668+00:00,2025-11-01T10:35:05+00:00,169
7e053debc281533ce951a09b4e0b50c53f45c366fb41b25eadea4cdcd2ae243f,2025-11-01T10:35:01.272245+00:00,2025-11-01T10:35:05+00:00,169
a679cadbe56aa59ecd0151ea3453c5cf4b87ce246002d9d7700f0e5726e15399,2025-11-01T10:35:01.391457+00:00,2025-11-01T10:35:05+00:00,169
f1d8ef66c96f0d637f91acadcf646cd7e899f37f176eb898cc3eba7147a4b690,2025-11-01T10:35:01.512924+00:00,2025-11-01T10:35:05+00:00,169
34ff2b61f0758cfaecba3eea78d454eb789d259fab82cb97bb49304581b5a662,2025-11-01T10:35:01.633055+00:00,2025-11-01T10:35:05+00:00,169
91c3ebb945203eaf8cd984529a13f36ac2950d9064f0abcef178c4a1c5f0d167,2025-11-01T10:35:01.753102+00:00,2025-11-01T10:35:10+00:00,170
c7c268bad6cee8e1f21126d12845e1c77077ba584a15f111b1a54670d32d7eff,2025-11-01T10:35:01.873881+00:00,2025-11-01T10:35:10+00:00,170
62d386fda0a4d216cfb207e57b3328623dc940d538ba3fca7cbaf8ca876f12ba,2025-11-01T10:35:01.997221+00:00,2025-11-01T10:35:10+00:00,170
2424977f2a83e1208eb653d0a9f48c3cbf4536648c4f1afe821a98372c11aab3,2025-11-01T10:35:02.116638+00:00,2025-11-01T10:35:10+00:00,170
a792a3024d0e280fb577f6144408c61ebcc7082e16c3c903a1832ef04d34e8c8,2025-11-01T10:35:02.266913+00:00,2025-11-01T10:35:10+00:00,170
8fd9e7a7c8109e097fa51fbd464a13c2f4782aa3967f40388f410517b74ec6cb,2025-11-01T10:35:02.389049+00:00,2025-11-01T10:35:10+00:00,170
4aa1c8a18d07bfdc78efe372aa4037077f6adbf14ec5242b43264649a739b1a8,2025-11-01T10:35:02.509867+00:00,2025-11-01T10:35:10+00:00,170
3e617f129de6caefaa183027063c23426594d33fbcf1777b4029aac8459a143e,2025-11-01T10:35:02.630511+00:00,2025-11-01T10:35:10+00:00,170
6c86a4d9c1c99efc8e9adc054eb9f2e42ae3758bf235ec8d83a2dc9c63bacb64,2025-11-01T10:35:02.752141+00:00,2025-11-01T10:35:10+00:00,170
7ed6bb0274db8f7cd69f4ff9feaab3c2c72ff84d65cc99f6a0fb1ffd14e953fe,2025-11-01T10:35:02.873397+00:00,2025-11-01T10:35:10+00:00,170
7c199858c43f205955884ab4bbf5b28b9e2afc63fe8e4b886c717cad309c0535,2025-11-01T10:35:02.992939+00:00,2025-11-01T10:35:10+00:00,170
0e60b6d282a84366153007d9c19de0628adc949e11a5fed13d6af7183856d894,2025-11-01T10:35:03.116311+00:00,2025-11-01T10:35:10+00:00,170
f3776c924550fe70728a8375ce35f9f7f5c114849d9a9ae73c07516e3265bdd0,2025-11-01T10:35:03.236843+00:00,2025-11-01T10:35:10+00:00,170
590c4eff1dcc08430dfb2d79679eeb8d5b41db6b3d924b69ddf73db993c7faa8,2025-11-01T10:35:03.354644+00:00,2025-11-01T10:35:10+00:00,170
87d90a12b351532a52b2f64d5615c650626fd437660ec5408a2b94d7bc38092d,2025-11-01T10:35:03.474871+00:00,2025-11-01T10:35:10+00:00,170
cc90ee30e7484f277c8fa874ecfa370cac1a28b0fd14e2b77b82688c6d1c6374,2025-11-01T10:35:03.601172+00:00,2025-11-01T10:35:10+00:00,170
eaf67a8c1195317aa547121e0503795acc229f0090d5d9361f98b2ba86f86b20,2025-11-01T10:35:03.720558+00:00,2025-11-01T10:35:10+00:00,170
f5d7a55b6d17f47f778fe2552f10143472073f8d524b9b6e54781705ac924e53,2025-11-01T10:35:03.841125+00:00,2025-11-01T10:35:10+00:00,170
be7f64a1ba41e51b72e38f242fd93817eb10010e4bb1df0488393d971727d661,2025-11-01T10:35:03.979364+00:00,2025-11-01T10:35:10+00:00,170
515b85a13823c8d44c8edbb95fba69b8930fb78a29ea9c26f2c81f79a706ebb0,2025-11-01T10:35:04.102281+00:00,2025-11-01T10:35:10+00:00,170
df9fce2d8d9d0d5cbf2c19e6b94affc7c79305632082e7e681831f7f17f411fd,2025-11-01T10:35:04.225263+00:00,2025-11-01T10:35:10+00:00,170
38569a9a2a372cb38ca1b4c9713350e4aab413476b6eacc4fe469dcf8a507bfb,2025-11-01T10:35:04.344780+00:00,2025-11-01T10:35:10+00:00,170
18692533ab5a37201933578d0107641c5af24685e6db8dd2b540fe7c7c913fcd,2025-11-01T10:35:04.466613+00:00,2025-11-01T10:35:10+00:00,170
e2402e3c0694af287e7273db07bbee16ff5b7dcd2ed9c8152b0c160290cb95de,2025-11-01T10:35:04.591933+00:00,2025-11-01T10:35:10+00:00,170
9d88f6f292a08627eef11439e03ad6ec1e93c6bafa5a51f53e444acb20803344,2025-11-01T10:35:04.716346+00:00,2025-11-01T10:35:10+00:00,170
0ea45c5a3bd60d6aee0b055998195e216ef3b8b3f0f83a15ea9611ab5fee82a3,2025-11-01T10:35:04.843301+00:00,2025-11-01T10:35:10+00:00,170
f25f30f3e72997fc0f2019fd4d439abfe1b38c85e769b5da92b278e0cc2acc8c,2025-11-01T10:35:04.963925+00:00,2025-11-01T10:35:10+00:00,170
e532e6823d1b0dea91709cd7db1649b248ed2c2e60b4bc46d5ff83e813c03140,2025-11-01T10:35:05.083175+00:00,2025-11-01T10:35:10+00:00,170
484e6bc2aa4d514cfedb464ed6aa0da7303455449307871d7f17b3c48d467bbe,2025-11-01T10:35:05.408917+00:00,2025-11-01T10:35:10+00:00,170
e9e782f5536b65ac439e3aa1669187ef6dd893a7eacf5546bc7a70316ccf4486,2025-11-01T10:35:05.526493+00:00,2025-11-01T10:35:10+00:00,170
c850292f53b988733289ef653284d4f454c9e5add0c2ce9bc34e201885bc6fc9,2025-11-01T10:35:05.652943+00:00,2025-11-01T10:35:10+00:00,170
ab73a8e4908a40b9134edee426642ce2b8460b7148f22807744354351f227246,2025-11-01T10:35:05.771941+00:00,2025-11-01T10:35:10+00:00,170
1c7590cd94560c9ad480e4dfaa9a10ac5194f2f5d8470fbdf43ca160a156b1fd,2025-11-01T10:35:05.900656+00:00,2025-11-01T10:35:10+00:00,170
44b7c37b45ead9fe975542893d18566b02c217bdeb365695633b9f5b3ce4b611,2025-11-01T10:35:06.019853+00:00,2025-11-01T10:35:15+00:00,171
f7b62bb762479861eadb963c9fe3ab53e57b3a05ea4efcb815d69a3fabc1c811,2025-11-01T10:35:06.137739+00:00,2025-11-01T10:35:10+00:00,170
913fd5b56298ff0ec50b6d91a53f29f3b562f698aa6fd178400b96ddbcc5edeb,2025-11-01T10:35:06.257753+00:00,2025-11-01T10:35:10+00:00,170
c106641492894261058809e768a1f89b2b139bb06b00b07216c2b1544103f78b,2025-11-01T10:35:06.376233+00:00,2025-11-01T10:35:15+00:00,171
55748e4aa0c543eb3246f5611ac8f92db3da11944a70a2863f6fcde6715a8cda,2025-11-01T10:35:06.493488+00:00,2025-11-01T10:35:15+00:00,171
9f9e099cf97b72b2f28454edaf5f276a81f8a2ee61eae48f87ac4112a393a5fe,2025-11-01T10:35:06.612415+00:00,2025-11-01T10:35:15+00:00,171
adee2d32a1838d073fd3879423a853c162d7eb5f6b78a217b6bbd4c719867c2b,2025-11-01T10:35:06.735223+00:00,2025-11-01T10:35:15+00:00,171
222797dc1d36f7e7793bf6b96856e785fe711b779146caa988fc482f182136c1,2025-11-01T10:35:06.854244+00:00,2025-11-01T10:35:15+00:00,171
54d876ba81bf21755a5664922a81431c3b86b15a507449ca6028b469367fa1fe,2025-11-01T10:35:06.975554+00:00,2025-11-01T10:35:15+00:00,171
c5febc71c1cebe99dd06764d48b989e5ef6ea4e0b45e9cde8e07ac389fc58d01,2025-11-01T10:35:07.098529+00:00,2025-11-01T10:35:15+00:00,171
26e23889dbce7c0dde2ac4eb054b6880779f6d793521f94d99b08752493812df,2025-11-01T10:35:07.220712+00:00,2025-11-01T10:35:15+00:00,171
7b2275eeb46199667833912ba68f1fa7a7016e485405f1343151776c47bbfe3a,2025-11-01T10:35:07.349587+00:00,2025-11-01T10:35:15+00:00,171
2e01700720196d9b4fc8e2379b696775cee4c30e5ab83bc0a5691ec1ab4d527d,2025-11-01T10:35:07.478507+00:00,2025-11-01T10:35:15+00:00,171
1ad360802690dc00b60857a415cae751fd75fcd96341719b75c05b1549e51778,2025-11-01T10:35:07.605409+00:00,2025-11-01T10:35:15+00:00,171
fdf750a09f661313636e21bd35d5a3da599df09b11899382a7357fad4cf9d362,2025-11-01T10:35:07.725262+00:00,2025-11-01T10:35:15+00:00,171
f716264393ab495c27b823e579cca52820548bb712c98b4fdbeb19136125c39b,2025-11-01T10:35:07.847286+00:00,2025-11-01T10:35:15+00:00,171
000fa8c02175236272ce1a0f48aad4f83baab7fb8cf1d4bf59446a21b6da85e6,2025-11-01T10:35:07.968308+00:00,2025-11-01T10:35:15+00:00,171
31f946659258e14b7bea23699fbe4a1d4696ab790037b0e9855c5465bf76487f,2025-11-01T10:35:08.090654+00:00,2025-11-01T10:35:15+00:00,171
363a3e428f45163bdb8972348434aa9fb8bec695846ada5d255c60232e2aa58a,2025-11-01T10:35:08.214124+00:00,2025-11-01T10:35:15+00:00,171
7dd6f7479931cae726d3e27797b619d1a2690d17dea5094e26e29a20bd7934d2,2025-11-01T10:35:08.343643+00:00,2025-11-01T10:35:15+00:00,171
08161806662b5cd2e02b028c638df1a857186a6d7beb92c1c827727e21f1cdcd,2025-11-01T10:35:08.462677+00:00,2025-11-01T10:35:15+00:00,171
0c40f1c8c546e543874521a5936f3b8659cf05e9b4f278de614f00dab25bc7b2,2025-11-01T10:35:08.585281+00:00,2025-11-01T10:35:15+00:00,171
4cad3e09f56c712c653d296a9644ed271800d61ea30b7192b925d01ce3b740ce,2025-11-01T10:35:08.708612+00:00,2025-11-01T10:35:15+00:00,171
300ba38b1d2543f1c940d3c3f6ac4ec7e13b9e5293c647210a255f3981e59d09,2025-11-01T10:35:08.831450+00:00,2025-11-01T10:35:15+00:00,171
05f813ea48aa0ba9e18b6d5b26a07891d73c543a457f632fd0ae6d68fe60c567,2025-11-01T10:35:08.950856+00:00,2025-11-01T10:35:15+00:00,171
a46086e1b128530ffce8925a8280d633ada38a743ac157555fa822da24ec076f,2025-11-01T10:35:09.067661+00:00,2025-11-01T10:35:15+00:00,171
0ccd3ad9d74b465f4cddbecf8f38d1b051839e46be0ce736aef4c88ea92020ea,2025-11-01T10:35:09.186820+00:00,2025-11-01T10:35:15+00:00,171
1aa3d8d2ee2b6404b75dbae4e9f41ba82e43fb246fd1a472f922ee4c05f83f32,2025-11-01T10:35:09.307337+00:00,2025-11-01T10:35:15+00:00,171
40a4796ed2941ca733ed231fe9df017839de876939c3ee3013c13989aad7bbde,2025-11-01T10:35:09.433820+00:00,2025-11-01T10:35:15+00:00,171
2c2a727f5e3f002b6f73aea505f96f5ab5b37548307554f2cc5cbd242fee13a3,2025-11-01T10:35:09.562002+00:00,2025-11-01T10:35:15+00:00,171
555724a606e52999d2148af8e2f7a7e089cdf7d9fd894c245c2764169a633fa6,2025-11-01T10:35:09.687759+00:00,2025-11-01T10:35:15+00:00,171
e411723e14395f45a495fa80c171ec2634a751f8ff52354f925838b6cc6f9a5c,2025-11-01T10:35:09.810480+00:00,2025-11-01T10:35:15+00:00,171
5c74df2f79c07c4178e4833947f7f00a0f1baeac15d5f3979ec08cc91508aaf8,2025-11-01T10:35:09.934701+00:00,2025-11-01T10:35:15+00:00,171
9a36633d4aa16ee1229a0267307ad395df611e531fa9f739659a2f784f9008c4,2025-11-01T10:35:10.063775+00:00,2025-11-01T10:35:15+00:00,171
bcf2ad4b1e284d7466e84d4f7340c2ea60b795716264776df7a7ab9d51e86274,2025-11-01T10:35:10.189544+00:00,2025-11-01T10:35:15+00:00,171
20d69d12008760d5ad00bd862f5f6f9805bcc684f533311c5958819194638990,2025-11-01T10:35:10.310726+00:00,2025-11-01T10:35:15+00:00,171
c76b2d3a45f7b00674ec75ba71ea8c48370c102bb95f9b7ee4e383a2ecbd5689,2025-11-01T10:35:10.633253+00:00,2025-11-01T10:35:15+00:00,171
9c1fce1c740fb0e0fd662ef746146bef94542fe6d499cba921324e126a6357e7,2025-11-01T10:35:10.752332+00:00,2025-11-01T10:35:15+00:00,171
7d214cbd6c8041477dd7fd782cc2da3f82da93ad80ef21be7b6a0ddffe3b462a,2025-11-01T10:35:10.871111+00:00,2025-11-01T10:35:15+00:00,171
6567eb27dd2a0a5a6af67da89486950f871a73ff71d24fd875c040e2042b9654,2025-11-01T10:35:10.992364+00:00,2025-11-01T10:35:15+00:00,171
5783ee323f36196f4afb32db9019f814084185000776f59904ae4406eb536291,2025-11-01T10:35:11.112886+00:00,2025-11-01T10:35:15+00:00,171
2963de183290d1aaeaf78a87d464af3f0e83ae3239bf99893abf7202a521e253,2025-11-01T10:35:11.229039+00:00,2025-11-01T10:35:15+00:00,171
ac81f4223e1616e5be80cb6b3a06abdc63f3fade739e3eb791fb72380d666060,2025-11-01T10:35:11.354933+00:00,2025-11-01T10:35:15+00:00,171
a5a94204835216fe0a49a804879d36d7353c948b6a23eabfb7ab1b10ef862239,2025-11-01T10:35:11.477986+00:00,2025-11-01T10:35:15+00:00,171
dd019ec5acf338e10bc111f18aca4ff9fc22b296a8be3ca62996be0b5907533d,2025-11-01T10:35:11.601086+00:00,2025-11-01T10:35:15+00:00,171
908346a209081d80d2e94c94032375e90f829bc4d6e1a6860364cec0d362a4b5,2025-11-01T10:35:11.719968+00:00,2025-11-01T10:35:15+00:00,171
2e97eeaf32e798ac36d3c745a58d38e6f8775e33369618f9874f7504e4e18a93,2025-11-01T10:35:11.842133+00:00,2025-11-01T10:35:15+00:00,171
9806de0ae219f76750b9bd7c693e897c222a320642e89bd8f5fbff4422ebcd7c,2025-11-01T10:35:11.965993+00:00,2025-11-01T10:35:15+00:00,171
e19bb2a16c84adf83dcf884c63ca1b1aa269a84e202cdcab36536eebf27130ab,2025-11-01T10:35:12.089480+00:00,2025-11-01T10:35:15+00:00,171
ddbc957bdc5642d8e989a76101e2844fd8773e4183eef86e10d07c2f55156f4d,2025-11-01T10:35:12.214966+00:00,2025-11-01T10:35:15+00:00,171
eeff68b56233961a72031e1db936bf2d4f83bb961e3cf745636060c6a08189ea,2025-11-01T10:35:12.335993+00:00,2025-11-01T10:35:15+00:00,171
f7b2efd5490654b8a4ee24240945e216596d0e3336d05b915427de5edbf87538,2025-11-01T10:35:12.460231+00:00,2025-11-01T10:35:15+00:00,171
27010bf1e9154004a976ed3e9e21f4ceb50eef7d478c9f999ecb5b6fc691ebca,2025-11-01T10:35:12.581989+00:00,2025-11-01T10:35:15+00:00,171
28a7dcd24f0466c94cace6437d2fe570bf54b9c0c53a58373e1c7d41820b0986,2025-11-01T10:35:12.708709+00:00,2025-11-01T10:35:15+00:00,171
64ead081e87ce31e5926c8867f09f4f69cea9dae0e195e786862d682c692cea9,2025-11-01T10:35:12.834933+00:00,2025-11-01T10:35:15+00:00,171
48ab6d195c8850f2b0d25f7f7ced9f70ca3b57f9591cd28543fc147d81d8a76d,2025-11-01T10:35:12.963950+00:00,2025-11-01T10:35:15+00:00,171
f1f09b131b86457324cf39dd882431b844fa8489d61d7fd415579b0dc9cc0814,2025-11-01T10:35:13.083173+00:00,2025-11-01T10:35:15+00:00,171
4e1579450b6e62c35f597d4a664fed4494e15e82cf64eb9670b33965f8f4ef8b,2025-11-01T10:35:13.205480+00:00,2025-11-01T10:35:15+00:00,171
05fa5faaa1f06fd186c5ca3a52071f0c3ca7643e5ad04a304e032b60f3c24569,2025-11-01T10:35:13.330917+00:00,2025-11-01T10:35:15+00:00,171
1fc85d12acf457bd9fcb9ffc188cbe7ac709881b744dfe5235dd5fda7d51d03c,2025-11-01T10:35:13.454993+00:00,2025-11-01T10:35:26+00:00,173
2fa0b6a73f67fff128ed197625393b2fdf1a6a06f0505d428da5321e37047b91,2025-11-01T10:35:13.581418+00:00,2025-11-01T10:35:21+00:00,172
2e35cbe78c13751600c9b0cb9d15027496c5d85bed612d241d9f43282afa8157,2025-11-01T10:35:13.706930+00:00,2025-11-01T10:35:21+00:00,172
0def862a9d62fc3d28dfc471177e33eb5ed06cd43416762afa0f18e938ccefe5,2025-11-01T10:35:13.828959+00:00,2025-11-01T10:35:21+00:00,172
c3596665397d116737675627547e2913ac0fcd372a80e10703d84789941d092c,2025-11-01T10:35:13.954035+00:00,2025-11-01T10:35:26+00:00,173
8d44bfb17a2b2676f3e2fb2ce1291087284f0924f0833a38b0c105d040d40b29,2025-11-01T10:35:14.081262+00:00,2025-11-01T10:35:21+00:00,172
8f86873def43c41416d8ae0fb2a0f4ad8ef699f5f16f4de15cd41450c031c418,2025-11-01T10:35:14.210262+00:00,2025-11-01T10:35:21+00:00,172
2c293d52548d545748b14aad3b0e20164b3a26850f0541f89b116a1171548967,2025-11-01T10:35:14.340735+00:00,2025-11-01T10:35:21+00:00,172
8eabe02b4b783014e5307c641f7036d7ea5d5c0ce860f20a9bffcd01b913bebd,2025-11-01T10:35:14.463004+00:00,2025-11-01T10:35:21+00:00,172
b30c4958e377bd35b3bd357916515f026935895d4f74b8b245566ffaf57e20e7,2025-11-01T10:35:14.586958+00:00,2025-11-01T10:35:21+00:00,172
ff7bbb16c5d57e352cc0d4120cc6890edcc758da57aff13dad6a9b457af612ba,2025-11-01T10:35:14.708454+00:00,2025-11-01T10:35:21+00:00,172
89006905a6dda43682c46b66ec7a39c8ee4f6245c52fee5333da08ae422803f7,2025-11-01T10:35:14.836253+00:00,2025-11-01T10:35:21+00:00,172
ab672db9e1c17b459d2b7e79a32b18e4de7ff6369b65ca9f48b6bd1312d04b87,2025-11-01T10:35:14.959056+00:00,2025-11-01T10:35:21+00:00,172
5edae7e4399d0f5781a1a214519aa4814283f48ab20d66a72e6400dfef1eae82,2025-11-01T10:35:15.084092+00:00,2025-11-01T10:35:21+00:00,172
80d93691ad4c4cb219d26987e9a0f67336a3c8df7334e3aab1012c92d1ca091a,2025-11-01T10:35:15.209736+00:00,2025-11-01T10:35:21+00:00,172
616e494e429e35a77c7044426a85ce618428ef83f02128da4dcbfc21dac31180,2025-11-01T10:35:15.336467+00:00,2025-11-01T10:35:21+00:00,172
50b1d6ba71df50d33aa2ce162963c312799c718fd24d9122a3c2625ff69db65c,2025-11-01T10:35:15.460695+00:00,2025-11-01T10:35:21+00:00,172
47e3549d7091909a79c2f4ba5d026d5454b20893012782cf69312a828cb6b3e3,2025-11-01T10:35:15.588777+00:00,2025-11-01T10:35:21+00:00,172
6a6c32e23269014cee600588c912365ebcc1b5b5fab4efb985570bf33700ab07,2025-11-01T10:35:15.920889+00:00,2025-11-01T10:35:26+00:00,173
1717bfb84cec2ebcb5e64c9dbdc319c3e2ea0d88ce31ef62e3295d87d75351b6,2025-11-01T10:35:16.041028+00:00,2025-11-01T10:35:21+00:00,172
04eadd918afc7d36e4de505ab567c6ef25a3295d6f209f7c7db70877ba25b558,2025-11-01T10:35:16.159628+00:00,2025-11-01T10:35:26+00:00,173
2a40d7fcac8ef71292ae014b53250ba98edb53626efe63eb706d8433edb4c7f3,2025-11-01T10:35:16.278563+00:00,2025-11-01T10:35:21+00:00,172
a07546d8494bcb192a393193dcc31ceddaecc67f9d1bf379df6efd9a963fae56,2025-11-01T10:35:16.400148+00:00,2025-11-01T10:35:21+00:00,172
eec32e8b77b561a68ed2ccc20509922407bc07631a720daaaf2a19b53d45a860,2025-11-01T10:35:16.530733+00:00,2025-11-01T10:35:21+00:00,172
292057fef798f3fbf02110f0cccbef0dd4892bae386fc83ba8915dbf66cd03a8,2025-11-01T10:35:16.651019+00:00,2025-11-01T10:35:21+00:00,172
d7b77d4e6893ad4da4c4757b1a857f555df571030017482a6ddc7197f37dfe0b,2025-11-01T10:35:16.778204+00:00,2025-11-01T10:35:21+00:00,172
60db550dfca699e6b3605af69dc7fbbeac67c5060503b94e4eea2c12fe50c77f,2025-11-01T10:35:16.900600+00:00,2025-11-01T10:35:21+00:00,172
e18ef17373dfffd104fe96c9a7f4e01d74d0a089bbb1d394d1c316ae1c071c5a,2025-11-01T10:35:17.028756+00:00,2025-11-01T10:35:21+00:00,172
b25d05cb7eb2c52360c41d351fea16e39a8c1005e73898b1418951dfdd77ce17,2025-11-01T10:35:17.152713+00:00,2025-11-01T10:35:21+00:00,172
0d6a3478cf1e9b88d6d54a4014d0f964949ac7c3d09b2d3df9ac1d51fbab9cdf,2025-11-01T10:35:17.277989+00:00,2025-11-01T10:35:21+00:00,172
a5a8bb536936b01e53c53776250cf07cfaafca2d6ee376af6bf90f6be6dc19ae,2025-11-01T10:35:17.399554+00:00,2025-11-01T10:35:21+00:00,172
e63f4b0c0f4cbb199717e498151f3085f92544cd667e0f60d83be43e6504cdd6,2025-11-01T10:35:17.525597+00:00,2025-11-01T10:35:21+00:00,172
ae0240563f00c591a407456621be6ca78e455f381bcd50001bccfe6b5377fc81,2025-11-01T10:35:17.648617+00:00,2025-11-01T10:35:21+00:00,172
236160d92517987066b77f979779f54a3ae4109a6b863b080e467ec4da3ab89f,2025-11-01T10:35:17.771411+00:00,2025-11-01T10:35:21+00:00,172
ff544827fa2c28cfad46383c34377ecfdadf2c5d0279dcedac86a4e4acca1d00,2025-11-01T10:35:17.896227+00:00,2025-11-01T10:35:21+00:00,172
d85f903e9a400d7b0e8ec168dc1d8c87528948170ba427f82215b104d4696452,2025-11-01T10:35:18.024152+00:00,2025-11-01T10:35:26+00:00,173
9b407cc1e63796dbc8824c9169478db3808eadbb4ec1207e829799e1d17c530d,2025-11-01T10:35:18.144706+00:00,2025-11-01T10:35:26+00:00,173
0f8c3e36feaabb37925b896c896504cf12d37901437361993f74b0bc04676a8a,2025-11-01T10:35:18.272719+00:00,2025-11-01T10:35:21+00:00,172
941e217461ff75649547400056ae078f9f74b1cec7993d1100fe43e29b5f0fb4,2025-11-01T10:35:18.398346+00:00,2025-11-01T10:35:21+00:00,172
ec6829dd5cd86262c35d5cbc3414e786e2bd425d09364b655ed4e5a2305db5c4,2025-11-01T10:35:18.525143+00:00,2025-11-01T10:35:21+00:00,172
c8700f503af60f262d430dc0e9467bbe42805aadd1e1d9a5088f6d85b6e81ce4,2025-11-01T10:35:18.647673+00:00,2025-11-01T10:35:21+00:00,172
432064406e27e565f4c07e8baf300378656fbf37357447eb83af8d95ddd6ef3a,2025-11-01T10:35:18.769281+00:00,2025-11-01T10:35:26+00:00,173
84d34d8db6d9ca97689ef3b4f99e2ebf1509f75d1601d73d64eadca28659ae63,2025-11-01T10:35:18.897777+00:00,2025-11-01T10:35:26+00:00,173
ba02febb31e249162e81c140a96f4fdfc38b02a99bef7ecfec06e5157d6159d2,2025-11-01T10:35:19.024689+00:00,2025-11-01T10:35:26+00:00,173
682c1b65e6b90da81be481e86f62c3f8e371dbede895a9f5b6ebe8c95f5f345e,2025-11-01T10:35:19.150745+00:00,2025-11-01T10:35:26+00:00,173
c83567fbd1389d14b9c68c8569b5a6b204b299d8fff19f8039e18e6f67389f0d,2025-11-01T10:35:19.276247+00:00,2025-11-01T10:35:26+00:00,173
edf4018256c77a2c096709439ee3866ee7a6a7705c63b23d9cd6363119e2356a,2025-11-01T10:35:19.401828+00:00,2025-11-01T10:35:26+00:00,173
a6a71485b31c5c543d1380b9bfc9baae7c8a58e449b22a527e927680cb575c55,2025-11-01T10:35:19.527208+00:00,2025-11-01T10:35:26+00:00,173
068be7e7a76561a6891801b7d05bd1e5a1d67a0b67af76a19160559f0108d314,2025-11-01T10:35:19.649991+00:00,2025-11-01T10:35:26+00:00,173
43f21ac7cf9f6917a49f4b0f4eefbc3a3e31436c35b9546085785f4306433cd0,2025-11-01T10:35:19.776530+00:00,2025-11-01T10:35:26+00:00,173
88cd2ba4d9a90dd6a4b72fda0e15e37457489f030974c077218ee2b60bba03ce,2025-11-01T10:35:19.899279+00:00,2025-11-01T10:35:26+00:00,173
82051e03492c385a12c55dce38b232a24414db2d780939a26f23bd0a749ed728,2025-11-01T10:35:20.022027+00:00,2025-11-01T10:35:26+00:00,173
c0a780c02ab26e31b19ef53a965a3436d1615d25a2e6593a3f47f661c2a9711a,2025-11-01T10:35:20.145004+00:00,2025-11-01T10:35:26+00:00,173
01874783741f1c3482226e927145613fa207ea1422eac29795530b1be6016335,2025-11-01T10:35:20.268519+00:00,2025-11-01T10:35:26+00:00,173
0a3243e96fba1f3faa26b333c7a68625ff8285a2c4f1afe6c723d7e9fa12830b,2025-11-01T10:35:20.391704+00:00,2025-11-01T10:35:26+00:00,173
f422538869664c41633a9d4b685937707287ca68101786c34243c21b5fcdf491,2025-11-01T10:35:20.519602+00:00,2025-11-01T10:35:26+00:00,173
c6ec4cf21f728b7109ec03477d26d601cd6f5cc717bf4e550f764a2d31f5d5cc,2025-11-01T10:35:20.651992+00:00,2025-11-01T10:35:26+00:00,173
231622fe717fc866228325932795e9b1dd8100d13e798c4cb739ad4106acbad4,2025-11-01T10:35:20.783915+00:00,2025-11-01T10:35:26+00:00,173
b484f5ce1cb101a4def782e50f59e8c5e87f457a14aac6faa3fc7bb956092a00,2025-11-01T10:35:20.902498+00:00,2025-11-01T10:35:26+00:00,173
19403deb8ec4841c32a2a77b528ce3ca9f3dfb72fdea5a7cb28d790720acf955,2025-11-01T10:35:21.231665+00:00,2025-11-01T10:35:26+00:00,173
837ab6c7233f5696f554e35c0b23b3376d54ffc4c6ff5b04969964d2a7c18ec2,2025-11-01T10:35:21.349464+00:00,2025-11-01T10:35:26+00:00,173
0cf48c0a36670ce05c3b9ce446ce43d37c06b2fa3fe46e5bd53707ec368d5ca4,2025-11-01T10:35:21.470271+00:00,2025-11-01T10:35:26+00:00,173
e7107e687039af26f2e946509c156dfe8d250168045aeaf35c5f341ebdd0bd6b,2025-11-01T10:35:21.592695+00:00,2025-11-01T10:35:26+00:00,173
78664ac2cba5253e81c79d6e9a2a8cc2992ebef362724b776c904ec1e39cf886,2025-11-01T10:35:21.716164+00:00,2025-11-01T10:35:26+00:00,173
3f6c14f9ac6fe27e617bd6765f57e7af8d5d234183d26109f2fc650b08bb04aa,2025-11-01T10:35:21.836062+00:00,2025-11-01T10:35:26+00:00,173
d585d4cab805e105275da621a9b5b5d7ad15445474e600a84391bc5d6f1b7bb9,2025-11-01T10:35:21.960684+00:00,2025-11-01T10:35:26+00:00,173
ce596af738791494f38d1c35df018b2da018c6d453a3d6986da9bff92f099e4d,2025-11-01T10:35:22.086760+00:00,2025-11-01T10:35:26+00:00,173
69ef86377cf8253fbd217e2597324fe5834c56165272a4b55857d8511a49707b,2025-11-01T10:35:22.209365+00:00,2025-11-01T10:35:26+00:00,173
d6a53239dfaa2565a7212b70b37b83753bca034f4cab76752fae31b0009fd2d7,2025-11-01T10:35:22.333117+00:00,2025-11-01T10:35:26+00:00,173
3acf22f97cc592ffe838a68ef777049214c33868c38221697988061ff0463b73,2025-11-01T10:35:22.453386+00:00,2025-11-01T10:35:26+00:00,173
8487f584a6b8f780a31cf62408de53732a56c1dc40135817424ac2117e81a84c,2025-11-01T10:35:22.578816+00:00,2025-11-01T10:35:26+00:00,173
18a251b83fdcd9fe632fac35c5c0ee08058a785bdf7921529685611d28cea1f1,2025-11-01T10:35:22.705759+00:00,2025-11-01T10:35:26+00:00,173
a4e120558c6b78c40b96d869ecbbd6d8792083db74bec041fe46d3c089db28e1,2025-11-01T10:35:22.832855+00:00,2025-11-01T10:35:26+00:00,173
e3333fb8222396e0aeefc60c88a7ff7bc25abac63a812e2cc125218880a06f12,2025-11-01T10:35:22.957222+00:00,2025-11-01T10:35:31+00:00,174
006c91dd770c4dfce8edb22709a309d8accb2acbd318aa27a4fae86a7e01671a,2025-11-01T10:35:23.080948+00:00,2025-11-01T10:35:31+00:00,174
b46da2cc9d95271c269449bc1f2a9f28bac6992a660afc4208db287cd2ea836c,2025-11-01T10:35:23.207248+00:00,2025-11-01T10:35:31+00:00,174
a04ab13e12cafb349a59d5662e00e371c608a1855394a693f7c41444c291c20b,2025-11-01T10:35:23.332844+00:00,2025-11-01T10:35:31+00:00,174
34d95d507a7ca8d4ddafc8a622f695ae73157ef2a1f2f3f7f798f9059c4a4576,2025-11-01T10:35:23.456946+00:00,2025-11-01T10:35:31+00:00,174
459f1c738995137f87bb3dbe163b05be9249025ca365a61631ea926e05fc0c2d,2025-11-01T10:35:23.582013+00:00,2025-11-01T10:35:31+00:00,174
ea7902b9a137a833951000a17345af194374e5ef09490d5e031a2c915aa64d49,2025-11-01T10:35:23.704153+00:00,2025-11-01T10:35:31+00:00,174
c856c1398e52d92b946d7f7c96b33a66153dcee1ee511f3599725e5438b6a8ae,2025-11-01T10:35:23.828994+00:00,2025-11-01T10:35:31+00:00,174
87f29d44eb79f3da64a1e5f8e9fb000b2a3f329869d9957ba4c3623c3d679d82,2025-11-01T10:35:23.948298+00:00,2025-11-01T10:35:31+00:00,174
4bd829913f920ff8915f22221dd0a40e5058d259bca8b1e17942602b790c6b40,2025-11-01T10:35:24.077824+00:00,2025-11-01T10:35:31+00:00,174
648804606a55dcffa58ddf4cf7833e56faebc18384045275593f4e361a16d19d,2025-11-01T10:35:24.202367+00:00,2025-11-01T10:35:31+00:00,174
e500af2f04b6e4cb676a0ec613028b0633b3d2d9ea97684dda79b801b415672f,2025-11-01T10:35:24.326248+00:00,2025-11-01T10:35:31+00:00,174
45ca6541bbca8ca725cd1d9efb8639378ab912c1e2ecec9b7021013afa294015,2025-11-01T10:35:24.453443+00:00,2025-11-01T10:35:31+00:00,174
e59cc3a523e65446781f5d32457cbdd4e8c73360e935a4738038b55152854487,2025-11-01T10:35:24.580942+00:00,2025-11-01T10:35:31+00:00,174
c3372634ba4dd965d8d0c41053bb3cf49212c7adfe418177bac6008ea448fedd,2025-11-01T10:35:24.711227+00:00,2025-11-01T10:35:31+00:00,174
42f4d689703d81f3491f30f0bbc83687284924b319337517d407a5316e849ff2,2025-11-01T10:35:24.836342+00:00,2025-11-01T10:35:31+00:00,174
dc1241351189e90dea1009fcceddf18356ceecc64c760fccc0ef984659cb1d9c,2025-11-01T10:35:24.959449+00:00,2025-11-01T10:35:31+00:00,174
4e2fa4d533c00cbf95c8758227f3fbc04041aecc9d46a177a4bc6ae50a279467,2025-11-01T10:35:25.088679+00:00,2025-11-01T10:35:31+00:00,174
a6a12f6afce8accec420e15a4270b0d0a7c4b482219422726c583af8380c2b84,2025-11-01T10:35:25.214407+00:00,2025-11-01T10:35:31+00:00,174
795d9e91885ce1ee63a37248ba7355c2f67083210d2d44662949b595aae9b14f,2025-11-01T10:35:25.344027+00:00,2025-11-01T10:35:31+00:00,174
e56d7e1a2a8805d3381f45f1a57e77cdf07fdd00d8d414da9fc7d160dd676d99,2025-11-01T10:35:25.473453+00:00,2025-11-01T10:35:31+00:00,174
44a1bafe02145dbb6aa512a75e562fc3d1f74397d479f283d6ac5d1f159b5275,2025-11-01T10:35:25.598095+00:00,2025-11-01T10:35:31+00:00,174
afc961936cff41c654fda8bc5e040efb4acdf72c11074c736594e3757f2c60d6,2025-11-01T10:35:25.726356+00:00,2025-11-01T10:35:31+00:00,174
2c734033962617693edc3eb00154e0732e36d4b2d2b6ec42d715cf09de40ae8d,2025-11-01T10:35:25.844078+00:00,2025-11-01T10:35:31+00:00,174
483a62f0c387829a01cd84ba20ab64ebe2ccccf18fefedace32be3a150b4d904,2025-11-01T10:35:25.969559+00:00,2025-11-01T10:35:31+00:00,174
515aae317fc37bf9b8762ebfb5264f8ab47fc77dd3794ebccd5af49f68fd7147,2025-11-01T10:35:26.104368+00:00,2025-11-01T10:35:31+00:00,174
9aed8e59f6f6c46fa91c2afbb701c9f83dc3224d3a462f9751ff67e3ab2da32e,2025-11-01T10:35:26.242523+00:00,2025-11-01T10:35:31+00:00,174
51ca87f8d34f1c4c8876da559946a7d8cf28dda7a551e1da5da6ecdd02cf971c,2025-11-01T10:35:26.568708+00:00,2025-11-01T10:35:31+00:00,174
7b14c1f2588a330a3538730b8f70dad444f42809b2f9f6efcd3aabc9ba7b4efa,2025-11-01T10:35:26.686104+00:00,2025-11-01T10:35:31+00:00,174
da9eacfac51309792cf47168c3ee4bb1cdc366b6b39ba8edbbc2e76322b1521d,2025-11-01T10:35:26.809766+00:00,2025-11-01T10:35:31+00:00,174
1d0289423482283d1cbbd1d17024b15a0dabc6c1332c84f40e909da9c972fde2,2025-11-01T10:35:26.930785+00:00,2025-11-01T10:35:31+00:00,174
32ba9e09b9015d281a2e83d6e7d6485203978aa5167f8459dc66080d2d83d46f,2025-11-01T10:35:27.050451+00:00,2025-11-01T10:35:31+00:00,174
60e04107dfd1cd80ba610204dac9e07dac4f823b85193c7ceffb17f4fb7aaa35,2025-11-01T10:35:27.170743+00:00,2025-11-01T10:35:31+00:00,174
da442e948efe0adb25e6dea2221f30f7a0f06d4746b77b04f1f6ff661c2d9d97,2025-11-01T10:35:27.291809+00:00,2025-11-01T10:35:31+00:00,174
46a3d543a637dd6c5fdcf446d10801766a3ebe56f8ce9682ab96c6b32f9dc325,2025-11-01T10:35:27.419461+00:00,2025-11-01T10:35:36+00:00,175
200a54348fb8a03df58553698d36588e322681e249b04099e144b637eafdf387,2025-11-01T10:35:27.540799+00:00,2025-11-01T10:35:36+00:00,175
87f063137ec205021d46f86d10563cb84bdcde1f482b635662b4b9dc4c2c59f5,2025-11-01T10:35:27.661116+00:00,2025-11-01T10:35:36+00:00,175
5b9afb61cb53e3dc3202c44707d2af80052e85fabb38a3ebc9640ff1ee1b67de,2025-11-01T10:35:27.781188+00:00,2025-11-01T10:35:36+00:00,175
8c377b6a426cfe9bde197d24ae32b66ad9fe77da5255f1c94886ac33ccc27c9b,2025-11-01T10:35:27.902000+00:00,2025-11-01T10:35:36+00:00,175
c18b56739a10f8dc36949375f1c84023774626939da5e346f8d077f8abdc72ea,2025-11-01T10:35:28.024740+00:00,2025-11-01T10:35:36+00:00,175
a887ecc78e7d915fa1719962b4bb59da709623c1a7688bfd7cfe6a14289cea0d,2025-11-01T10:35:28.147864+00:00,2025-11-01T10:35:36+00:00,175
fe6e483588dad007487e1beaf70f89650077c61551b2dc7b85d35199c33e2db2,2025-11-01T10:35:28.273045+00:00,2025-11-01T10:35:36+00:00,175
b62c8c12c26cf1ca4161d8a6e4a65d34363c2c75724ca63a10d198321e8fd67c,2025-11-01T10:35:28.397040+00:00,2025-11-01T10:35:36+00:00,175
d3929a660e82329bbc949e39e8e56b752a95e985fde83a09a14cdd27404d71b2,2025-11-01T10:35:28.522811+00:00,2025-11-01T10:35:36+00:00,175
457612cdfc23db53c9887f5278d6702ae969a4396f3b4433b4d4474c58fd6004,2025-11-01T10:35:28.649567+00:00,2025-11-01T10:35:36+00:00,175
511bfe0127cfa5d8a709f522f90e09bc7a853cea232175944ee78dc650a56bcd,2025-11-01T10:35:28.771448+00:00,2025-11-01T10:35:36+00:00,175
696ba02668625997d8a7c70a88427606ad3718c1a38c7e68e20521b0d56f6be7,2025-11-01T10:35:28.888873+00:00,2025-11-01T10:35:36+00:00,175
342bce8877b8b9c0aef809ce87fae8d65d8c767b1b9648dedb827c8a6a045925,2025-11-01T10:35:29.013173+00:00,2025-11-01T10:35:36+00:00,175
28890a8ce79ec1ca187ccded8e84b14b5db3ea53e7cb6e9b63061b756a5b2bbe,2025-11-01T10:35:29.147718+00:00,2025-11-01T10:35:36+00:00,175
cb597446ccc3653eb7992921a5c2ef63a985223c346ec66b3162840eeab44c6f,2025-11-01T10:35:29.284475+00:00,2025-11-01T10:35:36+00:00,175
2695c34cd4d7c62ce53853ae329d72c8b4eac6d21a1c9c0a3f3ccb5be49dcd2a,2025-11-01T10:35:29.410472+00:00,2025-11-01T10:35:36+00:00,175
80fbad97eb3a63bd5b9e77aff4ada0d962282861ac651a5218e0eadb22f7d80e,2025-11-01T10:35:29.537844+00:00,2025-11-01T10:35:36+00:00,175
92b6b305f1bc004ace762d221c1ca92cab17125606f928625244b081fd7063c8,2025-11-01T10:35:29.666010+00:00,2025-11-01T10:35:36+00:00,175
3fa24beb66a5e0120f9ffd72ecc39f0610cde76b479391c8b203155d66b81592,2025-11-01T10:35:29.790914+00:00,2025-11-01T10:35:36+00:00,175
31c73db7eeb89268273dde259eda931ceba830aadd7a1c9bac43b943c98abc76,2025-11-01T10:35:29.914971+00:00,2025-11-01T10:35:36+00:00,175
29f53a364f47a0d4e012571c1e4d5a22c4ee0a40f40879afe5a4eeb0252462b0,2025-11-01T10:35:30.051948+00:00,2025-11-01T10:35:36+00:00,175
569e8fc4801d9ebcee27d30cc081c20c05d782448e01b38f2aefe88ab30e6602,2025-11-01T10:35:30.177241+00:00,2025-11-01T10:35:36+00:00,175
204a579eb8833f895895bc06daab9c740f9a35d3c257c51e9d0ba69507635d1b,2025-11-01T10:35:30.301055+00:00,2025-11-01T10:35:36+00:00,175
8d52dd9a023f3579017a00b437f1c879e792e3dd9e897c343cf596958aad7250,2025-11-01T10:35:30.433501+00:00,2025-11-01T10:35:36+00:00,175
1c6583a0cef95a1f271f191ca1589e92ae735813b7e75506c5a79cd1e0e23e9f,2025-11-01T10:35:30.562387+00:00,2025-11-01T10:35:36+00:00,175
63aa38c294153ea2c4ce1414ba16e6ef72823c857dcfaac31fdd25b0795e2d1d,2025-11-01T10:35:30.694006+00:00,2025-11-01T10:35:36+00:00,175
5428ce258f7d0180dc90b9cefd9a96cb2101c05fb89b8f00cf9cfea7d8a0d8f7,2025-11-01T10:35:30.820013+00:00,2025-11-01T10:35:36+00:00,175
0e1876f8f1e320dfbbc3c0b33c95b588b6f7e83c03c1272d124478b25cf9b608,2025-11-01T10:35:30.950531+00:00,2025-11-01T10:35:36+00:00,175
9eb97f7d71af813ee55ef6653159aa22efc9c59e57e99d2021c87657623e7e4d,2025-11-01T10:35:31.085729+00:00,2025-11-01T10:35:36+00:00,175
97b3c28dac914426441f92ae050e831e71fa635d98ca35b0d2957276307c9d3d,2025-11-01T10:35:31.202887+00:00,2025-11-01T10:35:36+00:00,175
407ca57eab4e59d12d0e7ae9bb914237f6bc5b21334c6fc531302343b8839911,2025-11-01T10:35:31.323913+00:00,2025-11-01T10:35:36+00:00,175
bd21d5bfb08eb7ad9920dcb08da2c8a91440f4b4f5fcabd7a22c47233d86258d,2025-11-01T10:35:31.449034+00:00,2025-11-01T10:35:36+00:00,175
e4b201ec31649408b6da09d7e91a9d7ed40d076f33af1ade91905e9d3ac095e4,2025-11-01T10:35:31.575254+00:00,2025-11-01T10:35:36+00:00,175
1fa8927663b7247b367bf987219322f50cd9e9c9cb83204732384b11323b3cc5,2025-11-01T10:35:31.899670+00:00,2025-11-01T10:35:36+00:00,175
d54556091ce6ec0ef2d6244213a76509151574a3d3cab0c8e309ac369c324694,2025-11-01T10:35:32.016089+00:00,2025-11-01T10:35:36+00:00,175
443b5f626e06392c44fe4824d2ee2b139a5ec683daecbbc109364b2867323ca0,2025-11-01T10:35:32.135266+00:00,2025-11-01T10:35:36+00:00,175
3bea05e496cfa2c711102755f1bd1f033ca0682ea67a852ff66ec02cd6514692,2025-11-01T10:35:32.255571+00:00,2025-11-01T10:35:36+00:00,175
6986530ce4a6f189bb4917118652c39f6320205c65207f9ad94d050eec54a2e2,2025-11-01T10:35:32.370984+00:00,2025-11-01T10:35:36+00:00,175
f8bcde775edfccc32dafce6916162a75ae43cace15b9c69db204075bec88ffb0,2025-11-01T10:35:32.490076+00:00,2025-11-01T10:35:36+00:00,175
3e54fe7e907643efbc725acbe95efdd48acb79b1edcdc918a03b7d1de42e69bf,2025-11-01T10:35:32.606144+00:00,2025-11-01T10:35:36+00:00,175
7ec3497715d29d2ca625e15f736be83d3b680556a4d1c0f5b374f3170fec867f,2025-11-01T10:35:32.725649+00:00,2025-11-01T10:35:36+00:00,175
0095a10580420ea105901c0dafb9fadce50c32fe19950973bdec2de75a95ebda,2025-11-01T10:35:32.848990+00:00,2025-11-01T10:35:36+00:00,175
f0ff4f6c9bd0c4f8f652ad992c53047b30956a46b95d1c8bc30b21bf13b10717,2025-11-01T10:35:32.971104+00:00,2025-11-01T10:35:36+00:00,175
502278ff9cec79e73f70440ee39e1a4b5be0318ef5bad79906d27d06595f8afc,2025-11-01T10:35:33.091904+00:00,2025-11-01T10:35:36+00:00,175
a88c5f37f70d249cd55ce92ca45a630a0f7df12e62c830384855b8c0ca755ded,2025-11-01T10:35:33.210216+00:00,2025-11-01T10:35:36+00:00,175
9844ee41322322e9b816d26a074eb228f0ffe40f06fff77f4461675d96e2bd8d,2025-11-01T10:35:33.328833+00:00,2025-11-01T10:35:36+00:00,175
b5046df9d45a28cc83065cb1590fce3a169ea1ba17532cd422ea01a24f3e251a,2025-11-01T10:35:33.452593+00:00,2025-11-01T10:35:36+00:00,175
b790dac5f4d7f1ac26ac6324ccbd13cd3f8140943fcf8193d9afb7059d183262,2025-11-01T10:35:33.578557+00:00,2025-11-01T10:35:36+00:00,175
44d768a4a097034133c4997c8171f1add9be001c782490cdebbcaf3a9fac78c3,2025-11-01T10:35:33.699609+00:00,2025-11-01T10:35:36+00:00,175
218909957a1e7c6b1743f4aec82ba526254bfafb42fe5e6c945669a158d8dcfd,2025-11-01T10:35:33.819010+00:00,2025-11-01T10:35:36+00:00,175
b918142cab563d36e3d60f7510ab5c2b4703b960c3d12078c6081da7b601d2da,2025-11-01T10:35:33.941362+00:00,2025-11-01T10:35:36+00:00,175
8a74e924a4c1f44d9c588b25ea475481ee0932789c3d542d9236dacdf777fb0c,2025-11-01T10:35:34.059400+00:00,2025-11-01T10:35:36+00:00,175
163c501197c729b4ee6f42d5d85aecfbca102b0348e5d86fb26afc002c73a713,2025-11-01T10:35:34.180456+00:00,2025-11-01T10:35:36+00:00,175
ebd92a931111c0b77558c71da27846a6152ca858b5a387894045e7c9abdd82a0,2025-11-01T10:35:34.302693+00:00,2025-11-01T10:35:36+00:00,175
8b382a8fe2db56159f38059e1d131c9b33e196138a93d6b24e6252275a0d94da,2025-11-01T10:35:34.422294+00:00,2025-11-01T10:35:36+00:00,175
f493e11e9ef50e987ba45a17246d443cfc26b26168d5db6e37c955add388af55,2025-11-01T10:35:34.542547+00:00,2025-11-01T10:35:36+00:00,175
f73c08c68b067e5f11f55fae613986271d990c621b42720799e3254b90fb230d,2025-11-01T10:35:34.664756+00:00,2025-11-01T10:35:42+00:00,176
f93762f050030b44fea767df7587cd6722e4591dfced37201f9184d235112300,2025-11-01T10:35:34.785530+00:00,2025-11-01T10:35:42+00:00,176
2bd11ab0f966a7c653211adb2c00a4061470c8a685eaa8cffc3d42c05a25b421,2025-11-01T10:35:34.903741+00:00,2025-11-01T10:35:42+00:00,176
3eeff2a286dfb8bb75494526ac4ea8a1cb332bd1f9480262939b57795f812413,2025-11-01T10:35:35.018429+00:00,2025-11-01T10:35:42+00:00,176
55a39818006d75f96bcf885eb363e7a7add132979914c7afaa6e65ad2d534b3e,2025-11-01T10:35:35.137474+00:00,2025-11-01T10:35:42+00:00,176
9699e945bd1d7b0509231ac71b193868344fb3375a236ee2d2ae5ce7cc36bc1c,2025-11-01T10:35:35.253605+00:00,2025-11-01T10:35:42+00:00,176
e4519d3f2c15cc8c168d2ab0c143c87f213e2eaead85bf7bc3e2e5b493d23c67,2025-11-01T10:35:35.378929+00:00,2025-11-01T10:35:42+00:00,176
05a532a8849366f684c297d204993e985f519d7b70ab2876fcc5faea62e45268,2025-11-01T10:35:35.507337+00:00,2025-11-01T10:35:42+00:00,176
a8e5a7457320accb68a9d5547914d77cad3ca38de52b02d2b092cb1529718d16,2025-11-01T10:35:35.630826+00:00,2025-11-01T10:35:42+00:00,176
fd5a988d305351ba6ddfdccb7223927be11e65f3be5177c9ebc0f507917973b5,2025-11-01T10:35:35.758005+00:00,2025-11-01T10:35:42+00:00,176
8bf3193737903139facf7b5ced85b65a8f6acb6b43c46a6678a2a1085920df99,2025-11-01T10:35:35.886703+00:00,2025-11-01T10:35:42+00:00,176
0e287676b68b161f0726c0e702627ae1fe32ca081896bc518a352375766fe305,2025-11-01T10:35:36.020034+00:00,2025-11-01T10:35:42+00:00,176
dac89856a1805badb6161df686c23cf337c7441c6b74d650c5a5ba1453e85392,2025-11-01T10:35:36.151721+00:00,2025-11-01T10:35:42+00:00,176
de38e7e016a5cf9b80db304f7a614aa8fa8f69e030879459c862c1320edd8177,2025-11-01T10:35:36.274888+00:00,2025-11-01T10:35:42+00:00,176
8ff643c4b1bae013a86d719bc4cbfa42d38eed023d323039a410d251357e112d,2025-11-01T10:35:36.401302+00:00,2025-11-01T10:35:42+00:00,176
b7c65e031df6ab18a670ce93a894af9f9ebdff3d5c5319e231481622eb029199,2025-11-01T10:35:36.541538+00:00,2025-11-01T10:35:42+00:00,176
d6d02c1a89b523d30b3129e2ac5fa9c68a1fd096fed2020b0db7a2190077bd1a,2025-11-01T10:35:36.667304+00:00,2025-11-01T10:35:42+00:00,176
e64e3da719fe4e622e3e08343c6c05feac0bfea7f78ef0d4d40ed11188d33674,2025-11-01T10:35:36.788578+00:00,2025-11-01T10:35:42+00:00,176
90412499466f323fca9e4f6a683e125548e5b0d06079e4cd3041ef5a4e57378a,2025-11-01T10:35:37.131649+00:00,2025-11-01T10:35:42+00:00,176
eaad3180216f2456f30f8c55686135872ddcba390523aa1d69ceeb2158608cfb,2025-11-01T10:35:37.250554+00:00,2025-11-01T10:35:42+00:00,176
6ccceabfec2ea34568e24974aefd1ff24931608d474415da96fc2328a081e029,2025-11-01T10:35:37.374676+00:00,2025-11-01T10:35:42+00:00,176
209812fc727573eca34776f464a3be50f11e33323f2f8b0e4303353791285afb,2025-11-01T10:35:37.498513+00:00,2025-11-01T10:35:42+00:00,176
7202949e17540d3a6f24ee398d2edb3dc6459f2d1b9fd7c142a476cfeaa88bb0,2025-11-01T10:35:37.620799+00:00,2025-11-01T10:35:42+00:00,176
74fb81b4fe03a8e4d6f67d8947c314f74f0cde5a6503c80b8feb4af4ce81e63d,2025-11-01T10:35:37.742822+00:00,2025-11-01T10:35:42+00:00,176
91cecf86a2e7095e00c9957c22d15d3c117e11cfed972af393d892275871038d,2025-11-01T10:35:37.863097+00:00,2025-11-01T10:35:42+00:00,176
d8ffcff1b6888f111fd6005c61d2c60e9b2ad02a4d12b255ebe4400ba667522e,2025-11-01T10:35:37.987704+00:00,2025-11-01T10:35:42+00:00,176
e5d4a266af419868bbb8ffb3f1f26d1e979bafccdbcbb64a4332c40e5e0f1089,2025-11-01T10:35:38.106974+00:00,2025-11-01T10:35:42+00:00,176
1be68aa7955006ece8e02c5451d91bd5266d2e485c327ecba29dcd0f28f2b82b,2025-11-01T10:35:38.229983+00:00,2025-11-01T10:35:42+00:00,176
9214c2ffcb3ccb01bda5d994000d7bbef8b07ffd823314933d92b7582f93669f,2025-11-01T10:35:38.357743+00:00,2025-11-01T10:35:42+00:00,176
c7033737246de771293f88168136177045f1f018de0a971ae8f8c927721ccb26,2025-11-01T10:35:38.481814+00:00,2025-11-01T10:35:42+00:00,176
be8337e2ac5b1ae58b917515eb1370d1f887c1c84a091768fc508ed99101fbb4,2025-11-01T10:35:38.610157+00:00,2025-11-01T10:35:42+00:00,176
692d9c5ba2b38812ca73bfb372ca964f654b6ca2fbc901f7b7b42a0d7d9cd479,2025-11-01T10:35:38.734538+00:00,2025-11-01T10:35:42+00:00,176
cbe0fd7174175c387228a690f1a3b1ff662ce56389d27152c4450b05b53c61bc,2025-11-01T10:35:38.860067+00:00,2025-11-01T10:35:42+00:00,176
da1a901431dd11983b28beacb3b03f1e8e87d8686a13da0bd3b3991dce584004,2025-11-01T10:35:38.983643+00:00,2025-11-01T10:35:42+00:00,176
9bf539d5b987cb09a090e46a126668d58b02c3595f05f342c1ce09e8fb5f23a6,2025-11-01T10:35:39.102530+00:00,2025-11-01T10:35:42+00:00,176
6ed4d3e15f5cbc6ae69d46385c280010173c1b267d78d4a38e4f8bd3e11b5122,2025-11-01T10:35:39.222732+00:00,2025-11-01T10:35:42+00:00,176
13cedd1af94638cb8339d3cbd8f11c7c3df867c35618b4cefdb25015f61ca554,2025-11-01T10:35:39.342098+00:00,2025-11-01T10:35:42+00:00,176
4873b234cb6b4e557712b679d10a57f3097425511113b760153a6df544826b4b,2025-11-01T10:35:39.465551+00:00,2025-11-01T10:35:42+00:00,176
65521fb2c604c6e6223a3f8e975b4af77eda7e57ae746acf048df40c1f34bdc1,2025-11-01T10:35:39.587899+00:00,2025-11-01T10:35:42+00:00,176
eb4fdb7942a80a8b0e7e1e393f5fe1480ee4dc28c748f5d34badf1f411db864e,2025-11-01T10:35:39.713727+00:00,2025-11-01T10:35:42+00:00,176
712bc9442ee8d1f05eca56c590c0bc19c94f8464e34526284efbea209a94adbf,2025-11-01T10:35:39.841479+00:00,2025-11-01T10:35:42+00:00,176
39bbe88a8118a6d812ffeb476a60e17ff2a82d8844474f7208552398240762bb,2025-11-01T10:35:39.967469+00:00,2025-11-01T10:35:42+00:00,176
558696b68321f718d443b51b94588a2deb439596cfb10c0d6bc18c32800a62b7,2025-11-01T10:35:40.092862+00:00,2025-11-01T10:35:42+00:00,176
850c2b6737cf28d071d747e65afcf188dc622ed7d90820807a4ec8f75abb8158,2025-11-01T10:35:40.220757+00:00,2025-11-01T10:35:47+00:00,177
192925537ef90a635a76ac0d72512185db4e0d66a8045ca7581313d6793c4d5d,2025-11-01T10:35:40.337573+00:00,2025-11-01T10:35:47+00:00,177
491f3daa1d3c92ce5820cd61e23a4cdcee94f646c4a66cfc78b9e2b5d0b7b85d,2025-11-01T10:35:40.454446+00:00,2025-11-01T10:35:47+00:00,177
d691c189d6c1fccc094d2b8e3fed01a82ad45bcbb94c7a747d3cd07a97fec3ff,2025-11-01T10:35:40.574280+00:00,2025-11-01T10:35:47+00:00,177
e4b898ffa0eb0e907a4f6bf17ebe266c21886d99bd70760f887d47dee9d6aa05,2025-11-01T10:35:40.696175+00:00,2025-11-01T10:35:47+00:00,177
12b24a0542c26fd43c17c10e2e35dbf352533a5a0b8bc68f11fbfbc1cacb27d6,2025-11-01T10:35:40.819244+00:00,2025-11-01T10:35:47+00:00,177
f0c3aec725a43d125a925c46abfdd221b49fed575ef7964c43df2a31ad60c6f0,2025-11-01T10:35:40.950022+00:00,2025-11-01T10:35:47+00:00,177
abe9f04d68ba7b41f646697a4d7aca6772319be1f5f6c644244251cd40e8c79e,2025-11-01T10:35:41.076871+00:00,2025-11-01T10:35:47+00:00,177
6ae3b3053f3a69795058ebcab593e0c8ee03d1dabdba5ec7ffd5de2dbd16b69a,2025-11-01T10:35:41.202110+00:00,2025-11-01T10:35:47+00:00,177
6c9d41c187d7f23156334d36ee07c076d67a211d7027343bb3f3079383ede496,2025-11-01T10:35:41.335998+00:00,2025-11-01T10:35:47+00:00,177
ee74a3367406f87e3f605a8edfe69ac18709b42a8d64d264bea312257a149a54,2025-11-01T10:35:41.463009+00:00,2025-11-01T10:35:47+00:00,177
655f9cee737508e75ae6be82e851bcb9324fda7bd8a102f096b8e2a042718652,2025-11-01T10:35:41.591906+00:00,2025-11-01T10:35:47+00:00,177
137f31cc80026536872dca73006ff775849d250d1f8358e0b79de87fa613d5ee,2025-11-01T10:35:41.717848+00:00,2025-11-01T10:35:47+00:00,177
3c0726320c8575b20d34231ac0be7d8b941f50f8b061d9587bfc30332587169c,2025-11-01T10:35:41.844005+00:00,2025-11-01T10:35:47+00:00,177
3d37b3c21b1aa1f17b70a566b0f98c2f9a59a3966cc30fc275a6fb4f70e50777,2025-11-01T10:35:41.968574+00:00,2025-11-01T10:35:47+00:00,177
9cd3e2e927fa5aa49cff29b1b2a9e8bb7ca8420183bbd9059e73274494655826,2025-11-01T10:35:42.095942+00:00,2025-11-01T10:35:47+00:00,177
fea9698d784a853cb9f0715bdaf7773a8a2fc3e584b3629629889e7036edf786,2025-11-01T10:35:42.424289+00:00,2025-11-01T10:35:47+00:00,177
b2c0a012b09eb04b7837d7a42c964960b40b7a52248447319a9a9e9b72fa88d6,2025-11-01T10:35:42.542509+00:00,2025-11-01T10:35:47+00:00,177
0b74065d3dd608b44f4a15ca40479ed80841f69afba5cc692795fe8b2ba8b2b3,2025-11-01T10:35:42.664213+00:00,2025-11-01T10:35:47+00:00,177
e0ebe9ce5f795714fe9d7aa053e305a3a5055de5ba845e1f8cf5c5b9028f4c50,2025-11-01T10:35:42.786475+00:00,2025-11-01T10:35:47+00:00,177
4bf9628697ee067ba7b3298d0ef5f0e0f392a270b7b46726986aede46ff699ec,2025-11-01T10:35:42.909015+00:00,2025-11-01T10:35:47+00:00,177
9bfb706e1bf96e1b4ce8347e0a58082daf66f5fa88110895c7806cf3f89f2239,2025-11-01T10:35:43.032653+00:00,2025-11-01T10:35:47+00:00,177
010f50943a8fe03bec4dc2c60244f7323e75e5f6ac7f815036386c88d02dbe98,2025-11-01T10:35:43.157736+00:00,2025-11-01T10:35:47+00:00,177
39c0e4e130a53292a8ea4ee6eaedcbd607d4eef82d6009595cd4870533cb76ca,2025-11-01T10:35:43.282051+00:00,2025-11-01T10:35:47+00:00,177
21bbb76693f1cedc80403c94ba217d74eff8f8071dd12341987edbd457485bc8,2025-11-01T10:35:43.404754+00:00,2025-11-01T10:35:47+00:00,177
06c6741f07a58dacbb3405589eafe876b6f96b0655afc49b650884d28252dfd2,2025-11-01T10:35:43.531151+00:00,2025-11-01T10:35:52+00:00,178
5b81ac6fd0246f946184a638d984d3c58d48e5d91727e4c0858085a2c9310aa9,2025-11-01T10:35:43.654692+00:00,2025-11-01T10:35:52+00:00,178
96f98c1813b9aada180b32e820713d45c64a24f90a2115da8c99a44c502aca25,2025-11-01T10:35:43.783032+00:00,2025-11-01T10:35:52+00:00,178
60df2f17d500fcbe98e953cbf3cd4da72b2e64e4cfd4d76463165fe0e9205d94,2025-11-01T10:35:43.907011+00:00,2025-11-01T10:35:52+00:00,178
6c66ac361bb65aabfdf22ca6e416815622d5641243b44057d84b6eed1bb8da21,2025-11-01T10:35:44.032556+00:00,2025-11-01T10:35:52+00:00,178
39dba7a8be28ebbca7221df7fdc38b7329b3936e00a84c50668c945433a0fe32,2025-11-01T10:35:44.158847+00:00,2025-11-01T10:35:52+00:00,178
e155b2430f4946dba3570661dc1b66c2220719d2b8bc310af1e8260a254a5226,2025-11-01T10:35:44.288277+00:00,2025-11-01T10:35:52+00:00,178
4376b30d25dee204599a166ddf3b8e0aa9f303ed16b281f0279772296f7127dd,2025-11-01T10:35:44.411633+00:00,2025-11-01T10:35:52+00:00,178
edf58f1c118670a27042488554c26ac5e48282e472ca99e2d3200069e40b9678,2025-11-01T10:35:44.536296+00:00,2025-11-01T10:35:52+00:00,178
81e286315193008ae69c40cd9e1ec132e38c8c6ac95a53b7758b1a42c1651e24,2025-11-01T10:35:44.659813+00:00,2025-11-01T10:35:52+00:00,178
d2ddfea7d53a14b328677c214c9fecbe799e5a18ee5307a05bf5f759fe6b7259,2025-11-01T10:35:44.790848+00:00,2025-11-01T10:35:52+00:00,178
a1118fa56cbdb82f8d5b7cba682d8c0c61b8875d7f5512cb955426ac7a5c1ebc,2025-11-01T10:35:44.917535+00:00,2025-11-01T10:35:52+00:00,178
3bf047e96a48c0ebea2494edb3743bc2fb781f2713558997bf417b210c1ff155,2025-11-01T10:35:45.044020+00:00,2025-11-01T10:35:52+00:00,178
cb60eb205b14c9632b7efd2b1424f2c936b14454582e5a7ccb32bb1e304a87a6,2025-11-01T10:35:45.171875+00:00,2025-11-01T10:35:52+00:00,178
56608f40ad6c3f8336e38664a1c10d77ff816e02e796459e3b12190ab7aee98f,2025-11-01T10:35:45.296030+00:00,2025-11-01T10:35:52+00:00,178
9d97d30844cb2b196f678aeee7a0c5df3c958357c85e6eb614ec399ce00d29fc,2025-11-01T10:35:45.422583+00:00,2025-11-01T10:35:52+00:00,178
60af719f798974cbe37019bd5587e5ab183a82fa6b4094664869293ec0cb3bac,2025-11-01T10:35:45.553070+00:00,2025-11-01T10:35:52+00:00,178
729eec26c8c485eb2c2e57f3b7cab6610a97cc535ea55ead04ee96131bb50d1b,2025-11-01T10:35:45.677386+00:00,2025-11-01T10:35:52+00:00,178
8c0c851c5a90fdec6041ce3fdc148cbe4a58b896a1b64774ced2bfa2707770b3,2025-11-01T10:35:45.804749+00:00,2025-11-01T10:35:52+00:00,178
1b0bed43e066daa4e030125dfa522ea8780062f2e656ea4935b9efe791fd6b84,2025-11-01T10:35:45.934348+00:00,2025-11-01T10:35:52+00:00,178
2c044184118720638423849652ed165862d787f9ee0486ec50370e1fae3bad39,2025-11-01T10:35:46.058083+00:00,2025-11-01T10:35:52+00:00,178
ce6dd01a92bcafb7a4c43b5dc12b33455d5ca4687c5ba8327135e1020cf7a270,2025-11-01T10:35:46.183218+00:00,2025-11-01T10:35:52+00:00,178
d83baf4ee0283ce4a0bdb205a21bf1360e0e4f630af90cf8d86250e1a83b8557,2025-11-01T10:35:46.305990+00:00,2025-11-01T10:35:52+00:00,178
f15d21f288d2d123feb9424b8d87a860bec96d6cea2cdf006fd0e69430bb0460,2025-11-01T10:35:46.432922+00:00,2025-11-01T10:35:52+00:00,178
7f6ae171908a35868dc0a6fa6e76d1862d7c735661e1afa3c12023a241268110,2025-11-01T10:35:46.554099+00:00,2025-11-01T10:35:52+00:00,178
cad0bef2afbd9d60d5f64ddffb3ffcfb9d44388ce64ae1420d9e5e4f54e8d52d,2025-11-01T10:35:46.681399+00:00,2025-11-01T10:35:52+00:00,178
1fae2a8f3d9b35eb1dd2d8055ecdd98e58e0a4fd2ce6f01eb77bdfe1eefab645,2025-11-01T10:35:46.804537+00:00,2025-11-01T10:35:52+00:00,178
9a5562f6aeb7eabc7e388f5f97160229fb64601612eabe6a2a4a662d0d61bbe4,2025-11-01T10:35:46.931077+00:00,2025-11-01T10:35:52+00:00,178
d998f79affa09b7874de4d414b6370ecb2862a658fb04c8121ce969df01b7d48,2025-11-01T10:35:47.059836+00:00,2025-11-01T10:35:52+00:00,178
4b5de53c10d9b2863e70d8f0b5130fe2b715130ed5e91c4d5c294082b2f00fd3,2025-11-01T10:35:47.179866+00:00,2025-11-01T10:35:52+00:00,178
4841aea7ba3cc86518a19fab3ee752603bd47abab5ce46aae21d4752dd395ed4,2025-11-01T10:35:47.303615+00:00,2025-11-01T10:35:52+00:00,178
79d9fe4984f157bd66a4626c9268796e1d2068dd1e6a754c8076c8413e8079e6,2025-11-01T10:35:47.431835+00:00,2025-11-01T10:35:52+00:00,178
ef4adcbeb5839fac115421bc2c40a4ec55e79c743a6a28f5a7be9b536aae90a4,2025-11-01T10:35:47.760146+00:00,2025-11-01T10:35:52+00:00,178
1e4335d2fb230a7de432a477a2f13e55901e418e198da86650886ec867b08589,2025-11-01T10:35:47.880598+00:00,2025-11-01T10:35:52+00:00,178
d371d312882f8919cf10ee39644ff9a93717613f0192cb40c0d37327165ac8b3,2025-11-01T10:35:48.003750+00:00,2025-11-01T10:35:52+00:00,178
13fdebb0cf87153e7b8551370fc85c4f0e44d4506561ea520f527932a4c70a1b,2025-11-01T10:35:48.125260+00:00,2025-11-01T10:35:52+00:00,178
ba1f6ab255d1186c8a74ba8edc67f1fab96b116c0a393cc00a77a1110ce82a62,2025-11-01T10:35:48.249809+00:00,2025-11-01T10:35:52+00:00,178
3cc98215087d43f38dae873eadadd82cebb28495898ac6f423f37f0a79255031,2025-11-01T10:35:48.374561+00:00,2025-11-01T10:35:52+00:00,178
8e78c80ec0302e06c53ba469aa9bb38f0626bbd9596cd2f98aa96aee7a42659c,2025-11-01T10:35:48.499775+00:00,2025-11-01T10:35:52+00:00,178
0f8133555e5259e15c9b743f740d451da4c7a99cbdbda6fcc12ee99ce2a7aa39,2025-11-01T10:35:48.624458+00:00,2025-11-01T10:35:52+00:00,178
6946768bfee8bc629251932241e3f7ee11882ec4e7c2f11f6261f6049f4b7086,2025-11-01T10:35:48.749134+00:00,2025-11-01T10:35:52+00:00,178
346c482d2d8a5c0835232176205611176d356c73cfc919f3b9206d94c07812a5,2025-11-01T10:35:48.876809+00:00,2025-11-01T10:35:52+00:00,178
9ecc73a6b20b5a59ee711d34390fe7fe670330b95b70c5d4610f41daf1507324,2025-11-01T10:35:49.001613+00:00,2025-11-01T10:35:52+00:00,178
d99d87cce22c5f66416b6eb6a73ef378b71b8ea1d53326c580b0b8b96c1fcd01,2025-11-01T10:35:49.125391+00:00,2025-11-01T10:35:52+00:00,178
98acb5d3173d9a5d2553d088c0fe1651221a37227ef3115f997e4d9c6fb024da,2025-11-01T10:35:49.252724+00:00,2025-11-01T10:35:52+00:00,178
83342bfee8c85894540fcf35b5ffb736026a3642fd3573710f21bc705418868c,2025-11-01T10:35:49.389227+00:00,2025-11-01T10:35:52+00:00,178
20e6c4d8aebfaa780f9c824988cfde014ac5f3138c1ac58ba454ffe60f4babe0,2025-11-01T10:35:49.512083+00:00,2025-11-01T10:35:52+00:00,178
e5489d2b482808af18e8386088e3bc30538ea28d110c94c5f373c36b2c9530ed,2025-11-01T10:35:49.637060+00:00,2025-11-01T10:35:52+00:00,178
46124d51d60261cccad1f4b765d9b656ff03d4d2826ba6f4961928ac7e4f1d8a,2025-11-01T10:35:49.764646+00:00,2025-11-01T10:35:52+00:00,178
183e3510487c9f4196327afcf0bba08edc04f788e64249dc6094f5524f3efc44,2025-11-01T10:35:49.891821+00:00,2025-11-01T10:35:52+00:00,178
43c992bc3e95d816463cb510b8bf96a0c5a9106908a93a269e672e2f84a836bf,2025-11-01T10:35:50.021129+00:00,2025-11-01T10:35:52+00:00,178
ce9fd2aa21a74802390bb82ca8b2995eed400fa75e8792b827350a67cd96e498,2025-11-01T10:35:50.147290+00:00,2025-11-01T10:35:52+00:00,178
2c4dc5bd9fc222c22acc404b313cfd356088ceeafdc6dc3560b7cdb7f44013e9,2025-11-01T10:35:50.267129+00:00,2025-11-01T10:35:52+00:00,178
16df1fe52d9650ca871cf60207f8a91ba2fb2fbf2ac2713a43a5ba2853e4a912,2025-11-01T10:35:50.391354+00:00,2025-11-01T10:35:58+00:00,179
26eca83bed852e36c386c2095e7e3d8ef38cc1e96bd4969f3fb753b35d9619da,2025-11-01T10:35:50.520176+00:00,2025-11-01T10:35:58+00:00,179
a72e807d8f1cd7b7a9ae648eb9b64700c128770197a595017d2bf6bb22611eb6,2025-11-01T10:35:50.648139+00:00,2025-11-01T10:35:58+00:00,179
f09c266295fda61f326bbddcb5f6aa9fc8f018b22877b549aa3c2d61beb944cb,2025-11-01T10:35:50.771563+00:00,2025-11-01T10:35:58+00:00,179
ec0047126c36dc3b4f40583c65a81af93b84f5092d77393ed2ba65aa9721ce7c,2025-11-01T10:35:50.901801+00:00,2025-11-01T10:35:58+00:00,179
3b6fa9912a4fb14c06ef8c9828edf64b4fb99dae208ef160acc149a388f1b1de,2025-11-01T10:35:51.027773+00:00,2025-11-01T10:35:58+00:00,179
b67ef2a6ce414379bae76a859138092333b61690039eba2cc2fb53093628a352,2025-11-01T10:35:51.151567+00:00,2025-11-01T10:35:58+00:00,179
bc62c2daea0a5fd9841ee91b7f5307523f4be5e6c2b08690458d3d7453b376a0,2025-11-01T10:35:51.274002+00:00,2025-11-01T10:35:58+00:00,179
1649807361f02909f55308e3fa10ed86f02cf8e4522458f6ad2dc7d5609cedc7,2025-11-01T10:35:51.400187+00:00,2025-11-01T10:35:58+00:00,179
904a5bd9020726aed2bb83473575c77d46e516676ca98ab087de98eb81729703,2025-11-01T10:35:51.528791+00:00,2025-11-01T10:35:58+00:00,179
a927fcaa812dbc226b551feff66519e14434813479863d7060131ef1711f5748,2025-11-01T10:35:51.660251+00:00,2025-11-01T10:35:58+00:00,179
da5a07724514c411bcc5ef9ecd39fb4df5d36cdee9f032af1711ef264983be30,2025-11-01T10:35:51.785460+00:00,2025-11-01T10:35:58+00:00,179
e741794a80f9f4d1c2f823cdd97c768b15c72b8a72909c0cf40bbbc80c05c4dd,2025-11-01T10:35:51.924146+00:00,2025-11-01T10:35:58+00:00,179
a426a67a8173e02333fb82c6426672b96996f0d510e4976dba079a8748904c4b,2025-11-01T10:35:52.213252+00:00,2025-11-01T10:35:58+00:00,179
a4f08af507c46fb7c38a7e08caa40ae908d02cc5b1e19f73ac45c7875d7f80dd,2025-11-01T10:35:52.341126+00:00,2025-11-01T10:35:58+00:00,179
7da0fa08f08e7c400a2ac52325043c1e8e7fac0c0963398a7eb15a873d7fc031,2025-11-01T10:35:52.466633+00:00,2025-11-01T10:35:58+00:00,179
8a7c87f81d4f2be5c135b71cbaccb3bf80eb56eabbeda351a9b603cc3f78cf68,2025-11-01T10:35:52.595867+00:00,2025-11-01T10:35:58+00:00,179
8042c196c77b363f627c8db1d45b94e76b5944e26807ee4bc7e4d5c0729eabdc,2025-11-01T10:35:52.724478+00:00,2025-11-01T10:35:58+00:00,179
da5881fdbd849c1741b956d82c48dab3831ac087f6f2d1961e40a3d0ff92e8e4,2025-11-01T10:35:53.048979+00:00,2025-11-01T10:35:58+00:00,179
5ffce7e79f36ef55e9a0df3e5e4694d1c60526945fd3945cfe8ec4e9c6e59bdc,2025-11-01T10:35:53.168980+00:00,2025-11-01T10:35:58+00:00,179
1a77112ab40a3dfc55ce35723bdd75d692e66fcdbbe6f3e431ea8be947a0475c,2025-11-01T10:35:53.293102+00:00,2025-11-01T10:35:58+00:00,179
d18b8f2ebe6a251779853b2ff34c1adbff1680f6ead57b4eee69e7fb098dbec3,2025-11-01T10:35:53.416815+00:00,2025-11-01T10:35:58+00:00,179
46ab4096bbd842a3514d11e31f6b94b71aabf04a8ba9b38e63e09ac408663188,2025-11-01T10:35:53.539987+00:00,2025-11-01T10:35:58+00:00,179
79ad7c33e0b898c6b485e174517b4ac32372adb76389ff978b46800c43a3d11a,2025-11-01T10:35:53.672473+00:00,2025-11-01T10:35:58+00:00,179
4e7c83720153a57f6afb3910f65977dbdb8290a57a8e8122ac718f5eb30d3eae,2025-11-01T10:35:53.800668+00:00,2025-11-01T10:35:58+00:00,179
4193604169c8c2c77f5a4ed86cca829ce22372ac5cbe5782513d917efb6be310,2025-11-01T10:35:53.930340+00:00,2025-11-01T10:35:58+00:00,179
f3483780af4f1ec923e73ba2c44723b523c17f931b510dbe44e9de117f008093,2025-11-01T10:35:54.063748+00:00,2025-11-01T10:35:58+00:00,179
b1e30877dfe71781c0764b78989ab0350cb110b36dba26b106bf23fa5cd07063,2025-11-01T10:35:54.186015+00:00,2025-11-01T10:35:58+00:00,179
e559f070c9d2272207e3c72364460f2a6b72add7c0057be47295c22dbb62c8b7,2025-11-01T10:35:54.312671+00:00,2025-11-01T10:35:58+00:00,179
9b1b717c1b12e1ca1f97df0fc8d8f5e85e3194da969632d675dcfa6995bf561b,2025-11-01T10:35:54.442286+00:00,2025-11-01T10:35:58+00:00,179
5ba1ef827d024ae0e1faf9ff8920ed11c1a98ff73f657c9b8f5c8b939731744a,2025-11-01T10:35:54.572539+00:00,2025-11-01T10:35:58+00:00,179
3e3e321374b96d81d1c42766e0298ac5c071026fc1022906b962075c45bcc09b,2025-11-01T10:35:54.699083+00:00,2025-11-01T10:35:58+00:00,179
183eb360fe40ffaf17f4ce50cedf54c55df82aec0ffd01afe8c001fe3cd1c53d,2025-11-01T10:35:54.829845+00:00,2025-11-01T10:35:58+00:00,179
cd6fdcd269fdbb6c5f41b05470c98c46debdaed76e8b7f333eea53cfc369dfd8,2025-11-01T10:35:54.955832+00:00,2025-11-01T10:35:58+00:00,179
97fda40ee4c8813904189f5168cf626c9a37392109bde80f39abd63a0992c83e,2025-11-01T10:35:55.082549+00:00,2025-11-01T10:35:58+00:00,179
c73ca80df90182b9786feddbb9619653b54901763c0f05b3941f04eb00c98375,2025-11-01T10:35:55.201729+00:00,2025-11-01T10:35:58+00:00,179
cfa4549c5bd831d8e4059aebd14404f931161e42f81f34d4ba43ff084507386c,2025-11-01T10:35:55.333969+00:00,2025-11-01T10:35:58+00:00,179
cbd0a1b1250d0dfab2d98820c5b4132fa62b7bcf2c83e7f39d7fd8ab66fcd545,2025-11-01T10:35:55.466727+00:00,2025-11-01T10:36:03+00:00,180
c8e096e3a984cab3239adb2adba7879f96fcc08b1deb152f1949eba4baa25ecc,2025-11-01T10:35:55.592755+00:00,2025-11-01T10:36:03+00:00,180
3b02b7bc19efcdfe35425f167436b48f9404969f6ba3fee439fbf1d0d9fb9a7c,2025-11-01T10:35:55.714107+00:00,2025-11-01T10:36:03+00:00,180
622d58118ec636e7b01f00d0b2df7eb980a65738ffd0040408933d16b78725fd,2025-11-01T10:35:55.839858+00:00,2025-11-01T10:36:03+00:00,180
dc96b8b0b0619466ee56864a415ef2a7b0c75f5a253e80f785f44b2aa3d5bbb6,2025-11-01T10:35:55.964187+00:00,2025-11-01T10:36:03+00:00,180
fa0a43714cac00a0cdb0b92e8515dbb156e09dbf646d5d38590310320786a94d,2025-11-01T10:35:56.082868+00:00,2025-11-01T10:36:03+00:00,180
972fe89e4ff938ecdf69d9cbe883f32d902d3882835a59f41e2bc7c265a5d3b4,2025-11-01T10:35:56.204385+00:00,2025-11-01T10:36:03+00:00,180
650c58f0be06a74e3b4dd70834af3f251295e4d8791f87ed4e873ee34368e632,2025-11-01T10:35:56.327671+00:00,2025-11-01T10:36:03+00:00,180
957b800e4078517da370edaa63a14a3c8c719eb2e41b4dd373a81fee5bac11ce,2025-11-01T10:35:56.448157+00:00,2025-11-01T10:36:03+00:00,180
da388d8e633fee17abe62dbacda691b94f8259e338c0e50a9d784416fd671cf3,2025-11-01T10:35:56.569922+00:00,2025-11-01T10:36:03+00:00,180
44de104936eafb7d5d7b1742e152ffe77a1f989ac1d9800288063b9248a90d7d,2025-11-01T10:35:56.693711+00:00,2025-11-01T10:36:03+00:00,180
f04ea5ebf516a3467806c2f4179c3d28e6eeeff77a00108ed6285af9ccf0c906,2025-11-01T10:35:56.813069+00:00,2025-11-01T10:36:03+00:00,180
f1ba846298220c2df7c9acef4f5d16b814c4de2e40fbd09d3d7a1c965e2f1f92,2025-11-01T10:35:56.940239+00:00,2025-11-01T10:36:03+00:00,180
add2ec111d3d79f45f9848d8465acacb4cd7363e1ac381ddd06f7df8f5a0e0c1,2025-11-01T10:35:57.068997+00:00,2025-11-01T10:36:03+00:00,180
68916222046ea38ffc754a690edb83c0e415baafe689d1fc1ded5aba9bfd9221,2025-11-01T10:35:57.190443+00:00,2025-11-01T10:36:03+00:00,180
5538fe48bc1be29087c9c8dcb6f21446317df735259ae2c23189e25c6d33d76f,2025-11-01T10:35:57.311081+00:00,2025-11-01T10:36:03+00:00,180
6d356d34cc049df6737c00d823ed24f1fb24370a6b12b788acb3eed406203b59,2025-11-01T10:35:57.431954+00:00,2025-11-01T10:36:03+00:00,180
9d48f58b4fdeeb7c22acbb9798dba66a1e298a48a23cad7d03192a3e7c80f379,2025-11-01T10:35:57.553594+00:00,2025-11-01T10:36:03+00:00,180
2507fbb407881ce21c4ee118ba6564b2db1209d5708165e79657bf13dd46c748,2025-11-01T10:35:57.671714+00:00,2025-11-01T10:36:03+00:00,180
ae0035af78b2591dd3a12faf7af65fe042027771fddfa63ff814d324169f034c,2025-11-01T10:35:57.795219+00:00,2025-11-01T10:36:03+00:00,180
835214856d9e446a52a154c67bcd97e4a272d13ed090873c0cc4a87c142636e5,2025-11-01T10:35:57.915699+00:00,2025-11-01T10:36:03+00:00,180
c5a9996bd7a0c4cacc8be08b8ae73f88a211f09252ff30460b1d15c1077b357e,2025-11-01T10:35:58.036380+00:00,2025-11-01T10:36:03+00:00,180
f4864b6bd7e63099cd27ccf635f94f0bbe8a19fe3b5a8814a789f8fb9e6e7780,2025-11-01T10:35:58.358121+00:00,2025-11-01T10:36:03+00:00,180
ffab04464bd59ecfcb988589e66ea70079b2fef28774202bd83f374121a2330a,2025-11-01T10:35:58.477111+00:00,2025-11-01T10:36:03+00:00,180
4b878b7442c177714bcc919594ba155a6b421d22a828b173dfc9d687e8e1651d,2025-11-01T10:35:58.598927+00:00,2025-11-01T10:36:03+00:00,180
edeb3d21de1b87a066712ba9c4ba29e9480188498dd75f48cf1dc04996aabc68,2025-11-01T10:35:58.717675+00:00,2025-11-01T10:36:03+00:00,180
26b0ca4bd201188930ac298ec666f4d835d66c0949a701804893383d77d501b7,2025-11-01T10:35:58.840772+00:00,2025-11-01T10:36:03+00:00,180
47b27388ac415d316728f3a7bfb75254da6e807ce7b21bb903d7cf4d507f0b85,2025-11-01T10:35:58.961142+00:00,2025-11-01T10:36:03+00:00,180
656f42fcca3dd1c0c03b416676e51759255b50c45e34307d5566de0d0c8b32e8,2025-11-01T10:35:59.082563+00:00,2025-11-01T10:36:03+00:00,180
160d70473ea65d686ee86fa58b932145b7ea3892ea87e0692016dde4112599fc,2025-11-01T10:35:59.204280+00:00,2025-11-01T10:36:03+00:00,180
2dc3ce12b1704a206725221f49de89385a35db8572b68e9fa46c46db83fa84d6,2025-11-01T10:35:59.327031+00:00,2025-11-01T10:36:08+00:00,181
05bee5a6c6c1ba516523a8a0c58cda45b1c9f19332629c7df706012fd95e4972,2025-11-01T10:35:59.447029+00:00,2025-11-01T10:36:08+00:00,181
f550d1da80c2789a978a4afa1ab0a7143d097ea8ac102db1ab5c2d0c3c69f3e2,2025-11-01T10:35:59.566816+00:00,2025-11-01T10:36:08+00:00,181
58b78143a9b9906dfe750881b808783657510e452261042f3cf8a5227a7795e1,2025-11-01T10:35:59.687235+00:00,2025-11-01T10:36:08+00:00,181
781348179b7d7d429174f879c28076dcb7e727d01d4ab53f565a2877e2d07292,2025-11-01T10:35:59.808586+00:00,2025-11-01T10:36:08+00:00,181
70e2dcd1d362a005a86d5672e27313bb8dc86ee248a99351ff8e6dbe710e9c68,2025-11-01T10:35:59.934645+00:00,2025-11-01T10:36:08+00:00,181
c5edda00e1bac0f6919afaf888cdb6204db4effe14f7b00661151defd566d909,2025-11-01T10:36:00.059125+00:00,2025-11-01T10:36:08+00:00,181
618d945c21c1c8456ff8d39adac9d6d140ba55bc2fc8aebc41bd87f2bf75673f,2025-11-01T10:36:00.180312+00:00,2025-11-01T10:36:08+00:00,181
5c6207b7e9fafa2dd442173b8655e3944eb246831078d6dd1ee7a45547b68c78,2025-11-01T10:36:00.301978+00:00,2025-11-01T10:36:08+00:00,181
142ed4bca00682d5da21e7b044b3c9fd8e2900b27d9d6de7cdf876231f29ba0c,2025-11-01T10:36:00.429185+00:00,2025-11-01T10:36:08+00:00,181
785b7967ed1e140a3312ded60939281b424cfc37dda8f7ba9b2bfe7fb7f5db03,2025-11-01T10:36:00.556609+00:00,2025-11-01T10:36:08+00:00,181
14c2fcf6abb55ed9b6e24013868e650b48523731282d4b11fb77b47305b979d3,2025-11-01T10:36:00.683491+00:00,2025-11-01T10:36:08+00:00,181
b428f749616c2eb5cf37eb3d81b118e736011660fceadcfefb5567bb67f46e9a,2025-11-01T10:36:00.808528+00:00,2025-11-01T10:36:08+00:00,181
c42a39f9f8d3141b7dcba3f4783be6396ce3e21ecbc7dea74b2e0d895733eea2,2025-11-01T10:36:00.934263+00:00,2025-11-01T10:36:08+00:00,181
6cd9c74bad8179a735957e9e82c223ddde31ee7eacd5f14748e4124d69137fcb,2025-11-01T10:36:01.058778+00:00,2025-11-01T10:36:08+00:00,181
a928d450f3933f22332d3c90717170fb4755921e33957af1c572e2b64552f500,2025-11-01T10:36:01.179716+00:00,2025-11-01T10:36:08+00:00,181
e966656e6ef8c4395f9039158b8b31e2c25f951aaf2714a31bebdfe3b617fd02,2025-11-01T10:36:01.302543+00:00,2025-11-01T10:36:08+00:00,181
b9bfce4f229a2493dc5ce34deb0d2d6a846f456f5ece1f27595ced45e8d86581,2025-11-01T10:36:01.420210+00:00,2025-11-01T10:36:08+00:00,181
83d0f14862d4b050241fe2d98275e3e0f8e0d581906b425c00173dd63c39e024,2025-11-01T10:36:01.541620+00:00,2025-11-01T10:36:08+00:00,181
12c5f4bb8f2f4938ab99f73968145704e33e0fd27c9a33c6238d05c4c97071ea,2025-11-01T10:36:01.665690+00:00,2025-11-01T10:36:08+00:00,181
a7ab5057d725454236e33216d6184df5f64b653e2f1eefea370663c7a7dbf3f3,2025-11-01T10:36:01.788259+00:00,2025-11-01T10:36:08+00:00,181
7aa57cd0a949c5ca7549d8c2b1fa34d99565a2e4507b3032da4df1b9013150a3,2025-11-01T10:36:01.909387+00:00,2025-11-01T10:36:08+00:00,181
5955f2a483ef8baee7fc3a0fbc462de636bef8bc4e9b3881fe5d5565d27b1c40,2025-11-01T10:36:02.028294+00:00,2025-11-01T10:36:08+00:00,181
fa1d84a54f23320442eb4e92fcdbc3d9edf02455d087692b91fd5dd2e875a395,2025-11-01T10:36:02.148801+00:00,2025-11-01T10:36:08+00:00,181
066702063921aed8ccf706d74d00390b320f66fb94c6e3482cae075c518e17c5,2025-11-01T10:36:02.269655+00:00,2025-11-01T10:36:08+00:00,181
568ffb1b247d163f2c7b8669e3573702e11f35835ab50ffc3214721a3cbc3308,2025-11-01T10:36:02.391637+00:00,2025-11-01T10:36:08+00:00,181
6c5f651fed13d73fce68a25ac47f9de029d22e291fd585496a74330445f6b966,2025-11-01T10:36:02.513903+00:00,2025-11-01T10:36:08+00:00,181
62b94d70a76753dd817c2268d02765f70f4d96d8a3b61c6beca0663c99dd82ee,2025-11-01T10:36:02.633883+00:00,2025-11-01T10:36:08+00:00,181
f7d748bfe72722f5d7b62223468697b5957835ca76297f93833c7ac14dbfa93f,2025-11-01T10:36:02.751682+00:00,2025-11-01T10:36:08+00:00,181
007a92a106cc4748097855ea59396ac6bcbc4fba4921b7e623c5b7539f25f2cf,2025-11-01T10:36:02.875172+00:00,2025-11-01T10:36:08+00:00,181
efdd5e31b7cf6bfe172c574c8eb5511d01705dc955e1eafb161093693fc2b082,2025-11-01T10:36:02.997831+00:00,2025-11-01T10:36:08+00:00,181
d7e33da525f81cdde068e858c6e6b276a89e5eadc39fb520539dcb7e1a773bc8,2025-11-01T10:36:03.130390+00:00,2025-11-01T10:36:08+00:00,181
045ab7550f8e23c7fd01136d0043ace66bc8574ea195b413fdb7e1dc9ec80184,2025-11-01T10:36:03.250747+00:00,2025-11-01T10:36:08+00:00,181
690697c5f81e3c7a02ed532089624d3ffbb7655dbe5ae7316c7b3705eeb50871,2025-11-01T10:36:03.574857+00:00,2025-11-01T10:36:08+00:00,181
50aab0a684c13f1279753038faf2c3eafc04afb1cbc2b810fc0dc0193c1537af,2025-11-01T10:36:03.693275+00:00,2025-11-01T10:36:08+00:00,181
6bc41dd1ff0519b76126be333b851642ce6f977ac7c24055e8176be152179039,2025-11-01T10:36:03.813348+00:00,2025-11-01T10:36:08+00:00,181
c81808bb39186dd91c017a99d0e51604b37130a2e0c6c991479badf4685aec92,2025-11-01T10:36:03.930504+00:00,2025-11-01T10:36:08+00:00,181
62582665a1f531c5cc4438ca527331863c8e8c725bc4649c08c316ee40096f22,2025-11-01T10:36:04.051544+00:00,2025-11-01T10:36:08+00:00,181
bf8f6567438fb9b15d67afb270dad0502ef6af027976419dfdfe1dc1911ea2a5,2025-11-01T10:36:04.172000+00:00,2025-11-01T10:36:08+00:00,181
50e7732248f90cf7b8a38aaa5098a4cf75adfb23299009b826b1c27ebc68e959,2025-11-01T10:36:04.293452+00:00,2025-11-01T10:36:08+00:00,181
52891c7d1cca7af0acb969598f9d9cd03b898fc25c820a0a68a28258c618dfe6,2025-11-01T10:36:04.412784+00:00,2025-11-01T10:36:08+00:00,181
b0a0074cbfa4d957b3b9fa48744737b9da87c265086d3fb7351671452403dbb6,2025-11-01T10:36:04.531683+00:00,2025-11-01T10:36:08+00:00,181
556e0c5994e3cf746a3480f0251d6a57c17d757935176d8ae69fd04382c94f46,2025-11-01T10:36:04.654618+00:00,2025-11-01T10:36:08+00:00,181
4096c0154e8def1de5bda0d94256293344503b29ba9ce45cc74299cdc5579750,2025-11-01T10:36:04.771649+00:00,2025-11-01T10:36:08+00:00,181
46bec1b23e14fc45d2441ff17728aa8101203e69349d696c5f58de64bf2b2e61,2025-11-01T10:36:04.893615+00:00,2025-11-01T10:36:08+00:00,181
22064c2cc33870ce51b8e2274ec820902ab5df01e003169efdfd387f1ac88598,2025-11-01T10:36:05.013876+00:00,2025-11-01T10:36:08+00:00,181
1221bfba8d32c6dcb28c2ffe8f00384e5e656f4a5dcb37071680a1a76aba5ba2,2025-11-01T10:36:05.138249+00:00,2025-11-01T10:36:08+00:00,181
282969523570cd2ad3676a39ba18a30e59e25cfd72f5fd0552318d438f303201,2025-11-01T10:36:05.253540+00:00,2025-11-01T10:36:08+00:00,181
02f352f53a86a7e5570058b3b79f58f48f0e56d05211d27dad8bf7fcb00a7c62,2025-11-01T10:36:05.376090+00:00,2025-11-01T10:36:08+00:00,181
4fb351bf24b56ca8f3d186852d54571ee04a50228d854f0b69c066d2cc9a3432,2025-11-01T10:36:05.500697+00:00,2025-11-01T10:36:08+00:00,181
15a1b7e1e303838b8679b935f0cc05b6c0cb716b2c94a6e11eb8bcccdc1b0d69,2025-11-01T10:36:05.631535+00:00,2025-11-01T10:36:13+00:00,182
bfd2b3dd640882f2f798a196332dfc47665eff95821fc3ec11bb01be1debdfc4,2025-11-01T10:36:05.761297+00:00,2025-11-01T10:36:13+00:00,182
db8be9de5a3c7fb90672d103fad3b1c43f2e7595604f2dac0074feca97fcaf52,2025-11-01T10:36:05.883296+00:00,2025-11-01T10:36:13+00:00,182
6f1c179e889e6595f4281a6b7db7188a204835d6ff365a301cc7b5174ccf8752,2025-11-01T10:36:06.012353+00:00,2025-11-01T10:36:13+00:00,182
d74839850cec36b93e1b7a8459531e6347339166d02b938a91dc83595bf96965,2025-11-01T10:36:06.143083+00:00,2025-11-01T10:36:13+00:00,182
fcbdb050ff68da3200f7b6048459605b20eb39c2e9f1bd80858f97c18486c2c0,2025-11-01T10:36:06.272346+00:00,2025-11-01T10:36:13+00:00,182
fc1f2ee2182c9370aa35588861c25411d0f4fbf116bc0c59fb76c21425c59198,2025-11-01T10:36:06.400508+00:00,2025-11-01T10:36:13+00:00,182
ede4a4df22b98232b2fbab42d85a2c62b30153dca352af6545136741fdaabc3c,2025-11-01T10:36:06.533339+00:00,2025-11-01T10:36:13+00:00,182
d52e14df29ee5754a88391802d7d3c39124974fafe94c87c8bcd66beb2e11916,2025-11-01T10:36:06.658403+00:00,2025-11-01T10:36:13+00:00,182
fa757a290f1fe3b649a071ee3c894ff9e1b80722c99e217834b13ca19c77118e,2025-11-01T10:36:06.789179+00:00,2025-11-01T10:36:13+00:00,182
01bb86ee757f9de4b3b74503f31c85f72c6da7b07c7d46fcaa05d6347ec2aee3,2025-11-01T10:36:06.918754+00:00,2025-11-01T10:36:13+00:00,182
a995e6a978380ed7eeec818780bea8b19081b17e20a4130cd940166a2c2ef18b,2025-11-01T10:36:07.045575+00:00,2025-11-01T10:36:13+00:00,182
8d308db540fc3712d43f9b9e5d07692fc68484dec497444f96b25b8afa69914d,2025-11-01T10:36:07.180565+00:00,2025-11-01T10:36:13+00:00,182
84485f2cb318000de82522d83edda458aaee07aad1c1e616758f628ec86788c7,2025-11-01T10:36:07.304201+00:00,2025-11-01T10:36:13+00:00,182
134565ece62becd32f155a6ac3dff47cd593d45d5b34b6bcd8cd4fd7252a5809,2025-11-01T10:36:07.428823+00:00,2025-11-01T10:36:13+00:00,182
6090603317a4225d4ef78b1ac7722122e6aebbaccc1f4e135d018b4200b01bf4,2025-11-01T10:36:07.557757+00:00,2025-11-01T10:36:13+00:00,182
4de96b55a4a2e9bd10ed3ebf5877f4b2beb7b6a6ac55c0cc95e2d3c350330543,2025-11-01T10:36:07.687906+00:00,2025-11-01T10:36:13+00:00,182
edf66dfa80b836beee2fcf3f2cb0e12485b125bc0f443581f44bbfc408eaa344,2025-11-01T10:36:07.815722+00:00,2025-11-01T10:36:13+00:00,182
c2fc3b801f5733ae98e5a9f5d1ff02dc202695d94139e0f1163e9a6aec88ccff,2025-11-01T10:36:07.945373+00:00,2025-11-01T10:36:13+00:00,182
8168c1f45ce0874c45abca89c34d47de52da6a157db416fdd46af8784a95cea5,2025-11-01T10:36:08.072708+00:00,2025-11-01T10:36:13+00:00,182
f338f7428b4acaa5df39e95c448e7dc4303aea42c420ebba767713c93505c3ab,2025-11-01T10:36:08.208438+00:00,2025-11-01T10:36:13+00:00,182
ee24058feae923b106f3827896a97971d6970cc0cba1272f33d80c8d6a597dd6,2025-11-01T10:36:08.332977+00:00,2025-11-01T10:36:13+00:00,182
7bfe185a29fe45c414db6691c73345a7e8dfa68b3b6733f85204474963fda835,2025-11-01T10:36:08.463880+00:00,2025-11-01T10:36:13+00:00,182
af63630c7439da4800e5c309ed719c1d97db5c609dea66214d1facf94414fc5d,2025-11-01T10:36:08.796848+00:00,2025-11-01T10:36:13+00:00,182
178a567ba384ad8b1ba75cf00180080c532d914b182819458b91eedb017f95d5,2025-11-01T10:36:08.916876+00:00,2025-11-01T10:36:13+00:00,182
ea43c4e7833d643f64531e6cdfd680a236d09feb25312d764c085425a8b4d973,2025-11-01T10:36:09.039327+00:00,2025-11-01T10:36:13+00:00,182
846ebc5cb579f38250a24cb137c8c41f43917e772f2036d08130b1c194fc78f1,2025-11-01T10:36:09.166102+00:00,2025-11-01T10:36:13+00:00,182
8053a0637bbd6af1b6d165bfa24976c4f7236f0da2f9a09b4ff016066d52c600,2025-11-01T10:36:09.282661+00:00,2025-11-01T10:36:13+00:00,182
cab97cb8e665f142d200ee2971a197b9e5de9b832fff51e97b585534af8984b1,2025-11-01T10:36:09.404394+00:00,2025-11-01T10:36:13+00:00,182
433770bfae42620db66924a9a07ff22e0b82c46e22528f0e643fad0df06aec4f,2025-11-01T10:36:09.534230+00:00,2025-11-01T10:36:13+00:00,182
e017c7cf8f8b0a2da8c2302545fb77afa68336de941d70bf535ba6f1cfab41db,2025-11-01T10:36:09.657684+00:00,2025-11-01T10:36:13+00:00,182
b0b4b11d5d0839856d1b6c798ecba4cb125f87f4322dc541df38c9e172b61f37,2025-11-01T10:36:09.778795+00:00,2025-11-01T10:36:13+00:00,182
f9fcf1a6a88630bcd028a5f34b3ae7e87bc200ac6f9885ebaa7fff9b5256d4e3,2025-11-01T10:36:09.903823+00:00,2025-11-01T10:36:13+00:00,182
508372b9938805fe651e1e917d198296c85998698be5bfb2d8045cb1df4252da,2025-11-01T10:36:10.024693+00:00,2025-11-01T10:36:13+00:00,182
cea64c5f8455299b1ebe5f5853629aef503138b18b8610df6120b06552810b8b,2025-11-01T10:36:10.156485+00:00,2025-11-01T10:36:13+00:00,182
479512e5875e125b4a63f59f1a1675c401d086cf677612698ae2c675947621ab,2025-11-01T10:36:10.279294+00:00,2025-11-01T10:36:13+00:00,182
1f2f1d18ad8c7d9d683ec03cb9d3d763aa8b7772260df645e80b7cadbd706682,2025-11-01T10:36:10.409256+00:00,2025-11-01T10:36:13+00:00,182
ad15c54c5251959872cb855446f5077de33fcb1aa84a629da75d051c940118c8,2025-11-01T10:36:10.532348+00:00,2025-11-01T10:36:13+00:00,182
2ec172af47ed3ca7b3df3302fe1901c9ef2f03aec1346fcf5d5312e6098c0a7a,2025-11-01T10:36:10.666496+00:00,2025-11-01T10:36:13+00:00,182
eb5ea21eaf6098aa038dc06999304b7391e1f5dd6ffd2a302a59fd743affb14e,2025-11-01T10:36:10.792107+00:00,2025-11-01T10:36:19+00:00,183
bd6355af7be3ab66022957b5c588f96534dd54d28b61c1aef0f90e1123e98cf4,2025-11-01T10:36:10.925001+00:00,2025-11-01T10:36:19+00:00,183
f5656fb1fe2f4e486f5725a58be70e6668c9b7f479cfa1867acf14e2c043a008,2025-11-01T10:36:11.053589+00:00,2025-11-01T10:36:19+00:00,183
5bcb0bf54cc6d00140697efaf5a719436de1bd335d4e0bddebb2f7bdb4e7e6da,2025-11-01T10:36:11.181379+00:00,2025-11-01T10:36:19+00:00,183
c29238abd4bdbed9dfbdac86061f643efc6c5b21f449d735a574d5a80638bbe9,2025-11-01T10:36:11.313226+00:00,2025-11-01T10:36:19+00:00,183
8c37bc7cad82d47a7a484241e3574576fef6114211d57b5062f951ae7d7baadc,2025-11-01T10:36:11.437962+00:00,2025-11-01T10:36:19+00:00,183
73b05a264370a595819c60543772d2815955a96acbd2ea7a741e8e3a266c8057,2025-11-01T10:36:11.565510+00:00,2025-11-01T10:36:19+00:00,183
feeb251f234ade4a371a472581106f5511b5a2f60b953fac0c1406827ec95a82,2025-11-01T10:36:11.695080+00:00,2025-11-01T10:36:19+00:00,183
ba66719e7c4beadccd0df45df9771573631b33340198b428b98864472707d950,2025-11-01T10:36:11.820003+00:00,2025-11-01T10:36:19+00:00,183
9b3941f6246c9ad130683d7c3ff2f4fb07f996b74ddab11e3c324f45f0187e69,2025-11-01T10:36:11.948894+00:00,2025-11-01T10:36:19+00:00,183
49cab3ff8eb9e02d9d4db9f611966603f903afc1a970bef770d47d675b28ab11,2025-11-01T10:36:12.073404+00:00,2025-11-01T10:36:19+00:00,183
68413957399da958eedfef699f37c5dbd675d2e85026585733cdc803942f82c9,2025-11-01T10:36:12.204268+00:00,2025-11-01T10:36:19+00:00,183
e1641a33e5a98d32babef1a014f886834a0673ca73102b5a7cbdc107f06b1a37,2025-11-01T10:36:12.329660+00:00,2025-11-01T10:36:19+00:00,183
dce52f1bc3ee11975476b9b8c8d7d3f9d5a6082bd113b94895ee6e71a7c1246f,2025-11-01T10:36:12.458688+00:00,2025-11-01T10:36:19+00:00,183
9b3756a39beafec1e25f56be0e75ee7610db06134f01eaa91e3c3c1a6ff8cb48,2025-11-01T10:36:12.582006+00:00,2025-11-01T10:36:19+00:00,183
86614cc3015123fb430360ecb938f172a9f11da6b195686eff9e6198061c5c5d,2025-11-01T10:36:12.712983+00:00,2025-11-01T10:36:19+00:00,183
08668bc27dfa4a64ad0ba4bca0031654d46d9f97249f4f63cd7dc7bd79dec100,2025-11-01T10:36:12.839780+00:00,2025-11-01T10:36:19+00:00,183
6d8efca6de9c246e59d4ec29bd75259d10d1da40d427901223aa865c3f0d7b5c,2025-11-01T10:36:12.967285+00:00,2025-11-01T10:36:19+00:00,183
6b97e2cc4ceabe6eca1aac94db82f25f4130da72e7c0ad784138333f3fa01638,2025-11-01T10:36:13.092776+00:00,2025-11-01T10:36:19+00:00,183
745eb0bdbff9cbf38e80a777e197a974d59aa9b5d4e97cf1573a80912e69ca64,2025-11-01T10:36:13.223743+00:00,2025-11-01T10:36:19+00:00,183
1daf1587126fc86eaebdcfee6a31527b2d6e63241ff680d015d06ecf066c6844,2025-11-01T10:36:13.350930+00:00,2025-11-01T10:36:19+00:00,183
cb5bc060691cfa4640bc94792a5bd55d5a67544a63ab2c85528dcaccaef0a551,2025-11-01T10:36:13.481644+00:00,2025-11-01T10:36:19+00:00,183
a98df6ed7f3cf3a1d1e75bb23c79f2899111d8ce7fef3ab8b1b9e7d560d13376,2025-11-01T10:36:13.611000+00:00,2025-11-01T10:36:19+00:00,183
d2f47d5e924e78d9670ee5416894c2bf47e569838e4e17823153ef7ffe532342,2025-11-01T10:36:13.735537+00:00,2025-11-01T10:36:19+00:00,183
7adf12fc96d8dff409a1f7a20355db6ec4c105ec515b3375aa1fdb2e99e8dd43,2025-11-01T10:36:14.061278+00:00,2025-11-01T10:36:19+00:00,183
aa17c668335f2e449c03252924f087af0d532c903ac9e05eba445a110b605524,2025-11-01T10:36:14.180715+00:00,2025-11-01T10:36:19+00:00,183
f4b596d4d31370a1b76a35562f44259939c43ab71de327ec340469fc7149d92e,2025-11-01T10:36:14.304153+00:00,2025-11-01T10:36:19+00:00,183
fb5101277d3a86d3390c87671f60624773f97bbdea86caa7dc359db44692ba24,2025-11-01T10:36:14.427205+00:00,2025-11-01T10:36:19+00:00,183
32f7d76bf33a484099c21f2efc06a9b867a0a64b493040ff5f15440abfc06e0f,2025-11-01T10:36:14.552020+00:00,2025-11-01T10:36:19+00:00,183
8d61d26d8a852f4850589acd0e4f8ad96ec43e38b9ed4ab0d4b13af50d9fb986,2025-11-01T10:36:14.677143+00:00,2025-11-01T10:36:19+00:00,183
3884a74507d5e6d6d33b0840236f8c3b511b4f196e3f5a94a12b02632f61c951,2025-11-01T10:36:14.800933+00:00,2025-11-01T10:36:19+00:00,183
e797feb86ddfedc3b4bc4986a2a0f9285fd647174c0f9db9d2743e71f47925ab,2025-11-01T10:36:14.929206+00:00,2025-11-01T10:36:19+00:00,183
86cfe9ea391adbd5d684977091417b12d63acabfa53491fd2699eb49bf27eb7a,2025-11-01T10:36:15.051068+00:00,2025-11-01T10:36:24+00:00,184
9ab5584b311abced3795d143747d34943b05ae1fdfc118009ee20845bdc32498,2025-11-01T10:36:15.175666+00:00,2025-11-01T10:36:24+00:00,184
a038de48f0dd63bf96d538598ca5738306a3b94878e0251c884bfd297cfc3bdc,2025-11-01T10:36:15.303285+00:00,2025-11-01T10:36:24+00:00,184
48e840cdec157f90aabe25088bca3877c1b782db391558b9af221076c796b64f,2025-11-01T10:36:15.429002+00:00,2025-11-01T10:36:24+00:00,184
f313ddfe8c6d1ed34ccab4714934e6b23e7bccc221ee6ccd2159eaf09513a296,2025-11-01T10:36:15.559102+00:00,2025-11-01T10:36:24+00:00,184
808ff3971e2809d4c75378f2d4e5f7484c796bf642dfee205642d4e854a10629,2025-11-01T10:36:15.686555+00:00,2025-11-01T10:36:24+00:00,184
9ba8b306a3b7055b5b5f2fb82c9a57fa95c578feaaac85213249683d2b9204aa,2025-11-01T10:36:15.812238+00:00,2025-11-01T10:36:24+00:00,184
2f951b07f484eb2429f60a7b63af95bfb4605dcb985efbf1103edb3bcd3b02e9,2025-11-01T10:36:15.944638+00:00,2025-11-01T10:36:24+00:00,184
d6b7d25f782aa80c13a0ffb502d395e2afca245346cf74c1d008bab27250964f,2025-11-01T10:36:16.068929+00:00,2025-11-01T10:36:24+00:00,184
0b288f568fe38e43014f03173a7174de8b81c944551f3598af467c655cce837d,2025-11-01T10:36:16.198443+00:00,2025-11-01T10:36:24+00:00,184
4215cbd094d2e610c9e8d5f153cab3e9098d99ae7b8490e3867a27c70c401515,2025-11-01T10:36:16.322476+00:00,2025-11-01T10:36:24+00:00,184
5be163f090e93bc4041ea25cbc4f4a3dde7176d5d58a7a6118fdcd1beea8bdff,2025-11-01T10:36:16.446669+00:00,2025-11-01T10:36:24+00:00,184
66e47e02bd9209fa83c56a70a12b04a0495a409960c776d5eb9d3ae740041057,2025-11-01T10:36:16.579340+00:00,2025-11-01T10:36:24+00:00,184
3be1277fff05752c9778bfd8167ff4b5eb56a7b45be1a7b5cb663097891f8294,2025-11-01T10:36:16.711918+00:00,2025-11-01T10:36:24+00:00,184
b8061ee992b9a5cebb0d696bb5882b1ca01eec8bc5d624389c489cb3749a9e4a,2025-11-01T10:36:16.835814+00:00,2025-11-01T10:36:24+00:00,184
b2877e230f9a4836608b60506c8b1cf3bb00279f348290df82df43ecb430e641,2025-11-01T10:36:16.964754+00:00,2025-11-01T10:36:24+00:00,184
d43b9a61169aa2951306a706078d8f77327c21276287776be1b72d843054a1d9,2025-11-01T10:36:17.095837+00:00,2025-11-01T10:36:24+00:00,184
286599bdff8e136beea1b66d35c9b8da35f582769e04ada348ef6ea7282cba52,2025-11-01T10:36:17.225304+00:00,2025-11-01T10:36:24+00:00,184
5171de6a9eb4a0403378b4dc8be29b8359a5f5d9806acb5130810d5db488a680,2025-11-01T10:36:17.349248+00:00,2025-11-01T10:36:24+00:00,184
9d134c20462ac061c49e39ffa402208a7b18ce719eaf4d27cb37e01efdb88def,2025-11-01T10:36:17.481271+00:00,2025-11-01T10:36:24+00:00,184
b990a117f29d4817fa7cb1ecc1e88bda4257b7dc0553798147b8725eeafc47b0,2025-11-01T10:36:17.614338+00:00,2025-11-01T10:36:24+00:00,184
db466068ef7f954ed72429d91e8f49183ca6824ee229fc01fa79c2a22677e754,2025-11-01T10:36:17.741830+00:00,2025-11-01T10:36:24+00:00,184
f3656217aea307dcab4e7e749c223bc4544550281ad89530d8afe4ab48d69c44,2025-11-01T10:36:17.868626+00:00,2025-11-01T10:36:24+00:00,184
d1f404c259117ae241b7e244aba7bf2bf32db6047892ffa9fea47af8b773f4cc,2025-11-01T10:36:17.995299+00:00,2025-11-01T10:36:24+00:00,184
e62cf746235ee55e40f33c545caf120c885b3017904d267f276936a4168a0e12,2025-11-01T10:36:18.120827+00:00,2025-11-01T10:36:24+00:00,184
084b30da00810b850be08b949ae32cf3f1c92aba90fad6561cbcee2cc6eaada0,2025-11-01T10:36:18.252256+00:00,2025-11-01T10:36:24+00:00,184
2532355f724b6a5acdca421f6a4f6c40c83cc3ed69bc4d2bba848d5cad1cec15,2025-11-01T10:36:18.386912+00:00,2025-11-01T10:36:24+00:00,184
5ac7d55f3f2e165093ca27d4f20e93e9d93813b9a833c5973d1376c5c5c401ba,2025-11-01T10:36:18.518939+00:00,2025-11-01T10:36:24+00:00,184
0eb5bde8ded770d5902538776d26f1ab7e0fdfb9d59661f6e2e92f7ecb12ca8f,2025-11-01T10:36:18.643136+00:00,2025-11-01T10:36:24+00:00,184
1f64b41c36efbdc9838e2b34bedd2edfeb34cbcd5aa670e503fd324e6ef1c942,2025-11-01T10:36:18.769212+00:00,2025-11-01T10:36:24+00:00,184
188d984d4680b4a2fe9886b0bb97a5eaf178d62287a96523e0cb403422356c96,2025-11-01T10:36:18.896510+00:00,2025-11-01T10:36:24+00:00,184
fa118b5050fce26a857fc8a649dc14fcad3e3241feeaad14c04bd9cf4d7244fe,2025-11-01T10:36:19.030207+00:00,2025-11-01T10:36:24+00:00,184
a0f84cb4517557a318d4b0d78defea2cdc876a517c4985f87efd5c8c42100c5a,2025-11-01T10:36:19.354694+00:00,2025-11-01T10:36:24+00:00,184
fefa45a0cafc0174accd2db39bc5db352f0010f6f351a701eec3d8b0288220e6,2025-11-01T10:36:19.474229+00:00,2025-11-01T10:36:24+00:00,184
6aa065d861c289a3f9362c72f3b0793f8dc2285967ecd5748319bdb33c36b39c,2025-11-01T10:36:19.598774+00:00,2025-11-01T10:36:24+00:00,184
a29292d1af55a8de3a7e02b163b44132c05525e76ae44a58dc3e8717e60d991c,2025-11-01T10:36:19.722033+00:00,2025-11-01T10:36:24+00:00,184
f9791a53a1e2bca8ec611b1342d7d25a46d6d3c26010caec79c253917a340973,2025-11-01T10:36:19.846458+00:00,2025-11-01T10:36:24+00:00,184
79b146b24a92d1dc2406badaf95b2287f7e940061fa74d2d22d45fedb649ed31,2025-11-01T10:36:19.970943+00:00,2025-11-01T10:36:24+00:00,184
267b30cdaf7249fcce374041324ff979283ee6039a7bff3492cd141968b09c9d,2025-11-01T10:36:20.093559+00:00,2025-11-01T10:36:24+00:00,184
5b84e94f48a7e1a5a974ca1a7838fbb07dc7f3fa63f3afb035a131a71e36e828,2025-11-01T10:36:20.222151+00:00,2025-11-01T10:36:24+00:00,184
9e86895c0614d117fdf7ca619536fb17a50e9702f0cc9865f8c5cd83084617f5,2025-11-01T10:36:20.355171+00:00,2025-11-01T10:36:24+00:00,184
b08f73798abf87237062f4af774e8e7e34b04088b0cf5fc3fd6eba26fcab54d8,2025-11-01T10:36:20.485756+00:00,2025-11-01T10:36:24+00:00,184
2f70eb4ae420a58c7860dd530870b221f1b5af91b94c9356d563314f7275dafd,2025-11-01T10:36:20.620889+00:00,2025-11-01T10:36:24+00:00,184
bcec5b1aaab159328ccaba6865a6fafe3600d95d595daf70c0dda8a8703a7e73,2025-11-01T10:36:20.750025+00:00,2025-11-01T10:36:24+00:00,184
86f2eafcbb24e2c16315ff9bfe7bf857582b901663d0a975b15a563bcd639692,2025-11-01T10:36:20.874609+00:00,2025-11-01T10:36:24+00:00,184
4b6880df78e0af5b92b1d784a0c3330fee4d7e6ef112038f15ce384aafbe52fa,2025-11-01T10:36:21.007928+00:00,2025-11-01T10:36:24+00:00,184
09eba58b053f1a0b315d44170bf16dfcc06f24ae81f9f629a68f3b84e060a15f,2025-11-01T10:36:21.130822+00:00,2025-11-01T10:36:24+00:00,184
cf25888002be88a5b3948c77ec124ae538641544e319022b9533af08419dd2b2,2025-11-01T10:36:21.259776+00:00,2025-11-01T10:36:29+00:00,185
12c3d64b6cef5f5277589bf10608881d559fc7cc393369f4cf3b5bcd378c5d51,2025-11-01T10:36:21.384071+00:00,2025-11-01T10:36:29+00:00,185
fabab7d8aa391faff7a74624f7cc0ab6e0776a78a623789ddaa2685f56b3f5ba,2025-11-01T10:36:21.511072+00:00,2025-11-01T10:36:29+00:00,185
cb56453aef7f9af21bbcc218ee7de43e409b190304798b9fc6294ac46050dab6,2025-11-01T10:36:21.639975+00:00,2025-11-01T10:36:29+00:00,185
7d11efac004a9f5b7037fa84b83802406955f3c3339fa93bc9417f427f9e35c3,2025-11-01T10:36:21.766522+00:00,2025-11-01T10:36:29+00:00,185
a28f8516e906d89ae2a89042faf8d914a4cc85a4e6ba2d1699a2f82240d2ff6b,2025-11-01T10:36:21.899232+00:00,2025-11-01T10:36:29+00:00,185
fda1aaa09342c57428822d15ef296fe1de249dce128a4e96a671dd36d96dbac7,2025-11-01T10:36:22.026549+00:00,2025-11-01T10:36:29+00:00,185
df1550f674ac9e69a70d0ec9ef7934a28cf78f29de6929b4490e220397e04af6,2025-11-01T10:36:22.149297+00:00,2025-11-01T10:36:29+00:00,185
f75ccdd209a29d2495c283c217108510b80ce43ad4e60f97a03a71bf03692cf4,2025-11-01T10:36:22.278860+00:00,2025-11-01T10:36:29+00:00,185
763364a77d1f8b73df9383d9e08ad6f0faef48ef94762fd7493e5bfc2b6a581c,2025-11-01T10:36:22.410410+00:00,2025-11-01T10:36:29+00:00,185
e93e4102562f6e3bd35b6b6f7743c0902694ba5af31f4b50f578a46beba565bc,2025-11-01T10:36:22.538979+00:00,2025-11-01T10:36:29+00:00,185
302a73250cf6c0164f7a98eb28f1df00cb385a58fb2e282c0c33f44fae49fd64,2025-11-01T10:36:22.664288+00:00,2025-11-01T10:36:29+00:00,185
d767480034386136abc8eef06c2157b108a9c703af599efbb5f273aa92dc3cb2,2025-11-01T10:36:22.784912+00:00,2025-11-01T10:36:29+00:00,185
4473e9f0b1d3677b128415b3206d6128516b4f9544ceed5c52ed9df2ecc19959,2025-11-01T10:36:22.911544+00:00,2025-11-01T10:36:29+00:00,185
28b88b6727eb4088245e3feecc2c18f117f9f7ab254720fc3df65eb429b94eba,2025-11-01T10:36:23.034002+00:00,2025-11-01T10:36:29+00:00,185
84cb443f27001ca5e8f1189ff7942674f25d3bb06e7ea8340964a161201e2689,2025-11-01T10:36:23.150958+00:00,2025-11-01T10:36:29+00:00,185
841770a15a1dc54fcf4c35d18446f612a0860225d2e679e95097b4adbf8a46c7,2025-11-01T10:36:23.276605+00:00,2025-11-01T10:36:29+00:00,185
f6b085c22e82b006da17b04811ed741340dc96b74fed755febc1aa025045a011,2025-11-01T10:36:23.404210+00:00,2025-11-01T10:36:29+00:00,185
39ad6da49fab9a248f0f8e6323c992ea9225d067a4e02cd8b353783217017ac1,2025-11-01T10:36:23.526520+00:00,2025-11-01T10:36:29+00:00,185
88647af47374c293f84f6a862a17787705a16cca9a2c48dc85e9400db0cc4869,2025-11-01T10:36:23.654466+00:00,2025-11-01T10:36:29+00:00,185
de44e62260445e23ef96688066f52f1ea247cc603bbe21ab715602905bd67734,2025-11-01T10:36:23.772199+00:00,2025-11-01T10:36:29+00:00,185
4bd0b95462b2860d46b594e8379159a140e464efbd3bd2b1fa9a7c476e6e33de,2025-11-01T10:36:23.896753+00:00,2025-11-01T10:36:29+00:00,185
eb1eabbd2f8bfe7283e755a9d15afd4c51d5b7c4caf6a7a956c8aa1e482e2980,2025-11-01T10:36:24.027525+00:00,2025-11-01T10:36:29+00:00,185
09691ee765777039d634c9ca568d60239598604f6751cab89a4bc45aa61baf02,2025-11-01T10:36:24.153425+00:00,2025-11-01T10:36:29+00:00,185
4cd5c8d8cebd72078f76de9c779fc1634b3675339c4310ed6326f1bc5267b172,2025-11-01T10:36:24.273817+00:00,2025-11-01T10:36:29+00:00,185
47a3450c3fef6342cf8f85db17b1e651207278d683c37d94a0a95327e99bbaa2,2025-11-01T10:36:24.602629+00:00,2025-11-01T10:36:29+00:00,185
5c3392c9a348a5fffb5da656a5d83eb5d06d8770f5d07b7fbea6c2ef5d04eaf0,2025-11-01T10:36:24.722491+00:00,2025-11-01T10:36:29+00:00,185
f9566f676142e191e2d18f05095a25e2adfe32bd373b605b656a1a0f6e46fd5e,2025-11-01T10:36:24.837160+00:00,2025-11-01T10:36:29+00:00,185
769680e55fe53e71fc327af85f4fd5b36240c79c31a01d57b2ac1dea90c76ba8,2025-11-01T10:36:24.956132+00:00,2025-11-01T10:36:29+00:00,185
9fa0de717d7285258b0801ef8b178a7332980714b59fb5e7bd4e61cf3448b4e3,2025-11-01T10:36:25.077344+00:00,2025-11-01T10:36:29+00:00,185
f3265107a0cf890114247b3747113178affa3f42cd67c9fdb083e423ed42d8fe,2025-11-01T10:36:25.194517+00:00,2025-11-01T10:36:29+00:00,185
7c18f9c86a97f9dedb951510d61abb75de550acf6040048a398b81f009327249,2025-11-01T10:36:25.312326+00:00,2025-11-01T10:36:29+00:00,185
ca6fb6af2255f48c84f60e36168106fc89b7fc0d9d06ff7bb715afefd04c91b7,2025-11-01T10:36:25.436155+00:00,2025-11-01T10:36:29+00:00,185
f6dbe4119e1c19a37fe34449254b35512bd3a3e425cb0c7c3c0ed6027c97f4d6,2025-11-01T10:36:25.564529+00:00,2025-11-01T10:36:29+00:00,185
2898275da71b9792be31229894c08a59898e12ed04cb33052026e88314ec0616,2025-11-01T10:36:25.689147+00:00,2025-11-01T10:36:29+00:00,185
3d037021725664084bd286f99da9a4def9a413930c2a784eb95da5d258be4a9b,2025-11-01T10:36:25.808837+00:00,2025-11-01T10:36:29+00:00,185
905fc69bc13cc25270955d7ee7f77879601f9cd37cd1a6f36a1e4c6043571aa6,2025-11-01T10:36:25.931115+00:00,2025-11-01T10:36:29+00:00,185
aad4eaaa76660c741115ddc48bc55d718ed1722a1c1e99c205d197ab463296cf,2025-11-01T10:36:26.054901+00:00,2025-11-01T10:36:29+00:00,185
1a850ced5da0992de705d4d409a2f441789b96960cad2ab7cd96eaf37155d4f6,2025-11-01T10:36:26.176516+00:00,2025-11-01T10:36:29+00:00,185
a4a9b6377065a2320bd0e62ce4557824addf266afc8fb2a822c0039c8bda506c,2025-11-01T10:36:26.297158+00:00,2025-11-01T10:36:29+00:00,185
9ae40192c4e0101a41761c79860e1b51039492a288554428a825d3086f723c22,2025-11-01T10:36:26.418382+00:00,2025-11-01T10:36:29+00:00,185
d12d8e84898ac164a817f9cba1a6e53373520f8eee27cbc95f7df72641c42111,2025-11-01T10:36:26.537836+00:00,2025-11-01T10:36:29+00:00,185
92d0f28e670833b6d3f133bb9b82f366df9164dbb11330f37128ffa9a082dabb,2025-11-01T10:36:26.659914+00:00,2025-11-01T10:36:29+00:00,185
2276a2cc04279dedf658a6e80739204d447904ef42cdddb32c2cb10129566133,2025-11-01T10:36:26.780219+00:00,2025-11-01T10:36:29+00:00,185
24670f9120f8c2f0df09b92e6bbcacab9ac491f24b58550a8b8392df8cb55d80,2025-11-01T10:36:26.905819+00:00,2025-11-01T10:36:29+00:00,185
ca65ea9a16830def34a528ec08b0f7f01ff6abcbf0988e94dd4140410b5fd1e8,2025-11-01T10:36:27.028601+00:00,2025-11-01T10:36:29+00:00,185
fda13bf4b282e208085b4a1b7cb3046725b5124e0f078d8ed1f94c7eb4572dd1,2025-11-01T10:36:27.147895+00:00,2025-11-01T10:36:29+00:00,185
2888feb2f59679f672b85f41ecd63ba35a3e4f650f401b0d4666f3c240f58e8b,2025-11-01T10:36:27.271026+00:00,2025-11-01T10:36:29+00:00,185
754a459288a1691bd32552a99cbfaf0554d1f63d0bed806ba8272d16a1466e76,2025-11-01T10:36:27.396661+00:00,2025-11-01T10:36:29+00:00,185
cb826249764ca1e2dcdd18f02faf58c09371c0e3ded3d99c37fba70f78ce666f,2025-11-01T10:36:27.516590+00:00,2025-11-01T10:36:34+00:00,186
5a65a151ba432451078b93e04a543ac4e041bbac5405b48cbc943811dce9d02d,2025-11-01T10:36:27.641316+00:00,2025-11-01T10:36:34+00:00,186
65067d208c8fdbdce5e18d9b381c0b37c5970650a6df5e0427a0b09cf52d99be,2025-11-01T10:36:27.764596+00:00,2025-11-01T10:36:34+00:00,186
356d3b38e7c191d7797b612eef4f0f47916ec5ad1c82fe7696a7f6047f040d4a,2025-11-01T10:36:27.881943+00:00,2025-11-01T10:36:34+00:00,186
12416fdf1091d0a1fc8fa1ef0d465959fc0da4e84fd71eaafb4bc0962a74a97b,2025-11-01T10:36:28.002216+00:00,2025-11-01T10:36:34+00:00,186
bb45d33dd9546b59c0e57d9c0256be5db0d8bdb6e8d75bee6e11e28a7bb2f84f,2025-11-01T10:36:28.126674+00:00,2025-11-01T10:36:34+00:00,186
a3ee53a14444c058acc9f302ab3af4cb6b343f4e1e6b655585b40e5b74c45130,2025-11-01T10:36:28.250428+00:00,2025-11-01T10:36:34+00:00,186
edb693f68dabafd420a085aeb24f62f2fe1ee5ce0687242ec70e4fd90c3d6d8b,2025-11-01T10:36:28.374587+00:00,2025-11-01T10:36:34+00:00,186
d766141058b5d1243dc8c04e0664ec22f39968d102254b4a1205b513f972fabf,2025-11-01T10:36:28.502684+00:00,2025-11-01T10:36:34+00:00,186
f856fbbc79d752d7969331841b23aea5ccb455aa79750be062ba35493c702677,2025-11-01T10:36:28.637085+00:00,2025-11-01T10:36:34+00:00,186
78e44bfa2ffa45820c731d719740f6f033feaca3016bc779da259995b2bda34f,2025-11-01T10:36:28.756809+00:00,2025-11-01T10:36:34+00:00,186
fd73233653f94df072c7ce6dd640c221026167b75999552d083650095974e1ee,2025-11-01T10:36:28.882931+00:00,2025-11-01T10:36:34+00:00,186
cd87a4a62b13246165ce6dbfebfc02d8a280dfb68781777e83b787ef5641f30f,2025-11-01T10:36:29.009639+00:00,2025-11-01T10:36:34+00:00,186
6f61cab0dabe714cb3b2b2f56a8835db2cd71a3dba3698c6d463cf550bb5d209,2025-11-01T10:36:29.133422+00:00,2025-11-01T10:36:34+00:00,186
f457a6ef41657fc8291717dea9e328b395c9c0714580a66e13f1c1eba75fbd24,2025-11-01T10:36:29.258438+00:00,2025-11-01T10:36:34+00:00,186
7f3b004abe37bddbe19659b5b7c7346b24e56704d89846e96b1aab0d10a27e60,2025-11-01T10:36:29.378554+00:00,2025-11-01T10:36:34+00:00,186
5a8c7bdbcd9ba27fa6fd97c7a56faf5dd192a8b9d18537ff9c0352f009744090,2025-11-01T10:36:29.505089+00:00,2025-11-01T10:36:34+00:00,186
1af3b1dc447050a12041a195d7ffbf08139ef28297bc8dd478a7c2ed0a1776ef,2025-11-01T10:36:29.833888+00:00,2025-11-01T10:36:34+00:00,186
3682ca843207390f8a6d6519e3fd4b660d6c73c30db2fade8a15c6426f916a1c,2025-11-01T10:36:29.951802+00:00,2025-11-01T10:36:34+00:00,186
f9e7c830fd5f6c01b9f02231030f3fd724e354804151666a802584a89419e870,2025-11-01T10:36:30.072656+00:00,2025-11-01T10:36:34+00:00,186
033a6136ef5305d9214f4900e724f5f2417614f8ad85664b4032f15125b23a29,2025-11-01T10:36:30.194172+00:00,2025-11-01T10:36:34+00:00,186
16357eacfb73429fa9ba322766861520d7811acf10d2fdd33a87d06ce360abb6,2025-11-01T10:36:30.314823+00:00,2025-11-01T10:36:34+00:00,186
6c8c377e8ac37150519acdea6ed8a808164d9c207f3948d11b5b778ba5c82bc0,2025-11-01T10:36:30.432383+00:00,2025-11-01T10:36:34+00:00,186
bbf22f1059ea3d60702c6489ed3a791e7950c0f7d7e6d22a5437876d2047526e,2025-11-01T10:36:30.550174+00:00,2025-11-01T10:36:34+00:00,186
a731bd6839dfc514be94d161e6eee523d03088caa995085b558356fa824fa49e,2025-11-01T10:36:30.674713+00:00,2025-11-01T10:36:34+00:00,186
d44f380b75fabc90d27f3d04c8e35ff48abc7deae5705c626b90883546b241e3,2025-11-01T10:36:30.796639+00:00,2025-11-01T10:36:34+00:00,186
7570f8f449fa9ba2431ebeaba9f06075ed9b08e90b6da85e5fdfa385db52c91c,2025-11-01T10:36:30.916491+00:00,2025-11-01T10:36:34+00:00,186
c1de2ff908a4545a675e6396dbdd15d99cdf432ed9a60c484aa0826c1800d74f,2025-11-01T10:36:31.038347+00:00,2025-11-01T10:36:34+00:00,186
bc6d959d7cb5db14bd3a7051f51df8e5aa67e784eb7f94860f1e8078b3d64d56,2025-11-01T10:36:31.158817+00:00,2025-11-01T10:36:34+00:00,186
f159d8c188c9134b0f4c3ee2bb5c31b524ee15ceb50942d810b04a782eab3a60,2025-11-01T10:36:31.283924+00:00,2025-11-01T10:36:34+00:00,186
af780dcb755f2ec2010ec855d3186075dfcacb8eaf7e4f0c69a2aa28d7101cc7,2025-11-01T10:36:31.403539+00:00,2025-11-01T10:36:34+00:00,186
e0471abac1c38e0772dbf3f578c2bf33c19084757229f93b71f720ff88e91d18,2025-11-01T10:36:31.523155+00:00,2025-11-01T10:36:34+00:00,186
2c2cba0b410e1520c19994924f8b0aa6c219778aec8a521ed9831b157e4110cd,2025-11-01T10:36:31.649398+00:00,2025-11-01T10:36:34+00:00,186
4f0bb82907f9a637d41e5c193d7952ab8072a94a8a27db49b23b8a82ae591062,2025-11-01T10:36:31.768065+00:00,2025-11-01T10:36:34+00:00,186
a46e6dffb90ee811820f2cb0591376f022af178b4d7ca6d7b22ddabb602b8b1b,2025-11-01T10:36:31.891224+00:00,2025-11-01T10:36:34+00:00,186
d427d3a76bb8b80022d67f5ea9bc2c847d6fc78dd80847fc4fa15e0a1cecbef1,2025-11-01T10:36:32.009599+00:00,2025-11-01T10:36:34+00:00,186
35d20bbaa2ed721af5560a5a24a95583f7d93ba848a90d62711602fa101a9ad3,2025-11-01T10:36:32.127822+00:00,2025-11-01T10:36:34+00:00,186
de3cdbf85f9979c5aae07a4c2bab9a3cd405ab730c151ed12dbbbf1c419375b6,2025-11-01T10:36:32.248381+00:00,2025-11-01T10:36:34+00:00,186
0e564d1bd48d4bebfd30f0b72523a765a32b62e3bcc32f686044df8d2572d179,2025-11-01T10:36:32.369378+00:00,2025-11-01T10:36:34+00:00,186
12be1d3d58bca815e577709ee4c1a82ad58ff7ef1eb14f4d75582771d20a1103,2025-11-01T10:36:32.490444+00:00,2025-11-01T10:36:34+00:00,186
e45393b8decf66f3d912b9ad68c84b39fa97fc2ffe86895e9e0751c566ac0516,2025-11-01T10:36:32.611683+00:00,2025-11-01T10:36:34+00:00,186
8266cea8ec179e019eb396f1499c088c84794589d22b701f2678adaa6ccd190c,2025-11-01T10:36:32.733355+00:00,2025-11-01T10:36:34+00:00,186
69ddb17f7deb31022390ad0db1d4b21104fff696880d1811b95da2eb76dd4aef,2025-11-01T10:36:32.856210+00:00,2025-11-01T10:36:40+00:00,187
94b19cb4791d3d30495c0503c2ebcdde6cdf72ea5ef595254caba3d46bd68eb5,2025-11-01T10:36:32.975167+00:00,2025-11-01T10:36:40+00:00,187
6490062ca6aa2e3c2c2f569b94e48cc8b6442106fd070cf4746e1e088b4a65d6,2025-11-01T10:36:33.093429+00:00,2025-11-01T10:36:40+00:00,187
09330342c4f7964f5e6cfa5bfade606af823754c4cde2cb2b22d4eb7833600f8,2025-11-01T10:36:33.210745+00:00,2025-11-01T10:36:40+00:00,187
85e455ef53a074ca25403543a7c6c26cff4cf6c24fd4334b34825ad81d80b8c4,2025-11-01T10:36:33.327967+00:00,2025-11-01T10:36:40+00:00,187
30dafa83750d4c1244954b2f763e71abd08b2d110ee01346a43efe538d9425ef,2025-11-01T10:36:33.452128+00:00,2025-11-01T10:36:40+00:00,187
528881ba41da1ff2e541382c672acb9a025dff02316d7405a06277de33b6ad52,2025-11-01T10:36:33.573545+00:00,2025-11-01T10:36:40+00:00,187
50d4d8ec04c13a804708631027f9a970b41bacc6cdff83bb3fcca16232b208ee,2025-11-01T10:36:33.698895+00:00,2025-11-01T10:36:40+00:00,187
5a53f42e2be4c0be4a387737c7d0c02df28eb889c476394d356b6f70f45a2b82,2025-11-01T10:36:33.821937+00:00,2025-11-01T10:36:40+00:00,187
2b85298fc2fea9916f68af71a9b7df1508aacabb93479bd3068b07d08f917f4c,2025-11-01T10:36:33.942774+00:00,2025-11-01T10:36:40+00:00,187
2e978542459853836dc28dbddbde5db50bb3ff73041c9d6bd2500c49dd6a3bc3,2025-11-01T10:36:34.061752+00:00,2025-11-01T10:36:40+00:00,187
e4c326f8ff5b23ceaee092b5865b4fbff75fac1fbdecc4e4441fcc6e7f2c649f,2025-11-01T10:36:34.185831+00:00,2025-11-01T10:36:40+00:00,187
f40855a799be4f7be950727218bf2e4c3616ea62e466833c2cbb65e880f61552,2025-11-01T10:36:34.305784+00:00,2025-11-01T10:36:40+00:00,187
4dc201334fb55f5258dc3d725e659d88c4e9f82d994f6da6be2d2a28bf8f337f,2025-11-01T10:36:34.427991+00:00,2025-11-01T10:36:40+00:00,187
e7e3d6e518ba2d07dc36776c0de3b4ed10e163e2f64459d17fe8e8b751fcb5af,2025-11-01T10:36:34.547069+00:00,2025-11-01T10:36:40+00:00,187
beb7f8525558480ecc6269b479de3a6105a2cc28154ba5a9614e10ca4f5398f6,2025-11-01T10:36:34.668242+00:00,2025-11-01T10:36:40+00:00,187
633b4bb16b90991c920c853dabe25fcc2e73a15e35ef69c9002fbaa2381a658d,2025-11-01T10:36:34.787836+00:00,2025-11-01T10:36:40+00:00,187
63955d0710912e631658825c22be044bb5a8af06b145d06d3f71d99d8e94dc52,2025-11-01T10:36:35.117060+00:00,2025-11-01T10:36:40+00:00,187
e90834fe948b2605611357afbd6a482bf48e19eddf8f57c37b531dc5fe55e36d,2025-11-01T10:36:35.233563+00:00,2025-11-01T10:36:40+00:00,187
fd4aed1a360fb4c120b1c3f695c2919fddb4ea14badd0fce9c63e56f124db6c9,2025-11-01T10:36:35.350312+00:00,2025-11-01T10:36:40+00:00,187
da398ce6c08f400ba9983da9be8142be33138a53ba7b8f04d2aa0d5af9ad961d,2025-11-01T10:36:35.472959+00:00,2025-11-01T10:36:40+00:00,187
9cedfca91b7240dfa4d759f9f47e74bdfd12dab4e56ab97d61b8e9c61f7428a9,2025-11-01T10:36:35.590067+00:00,2025-11-01T10:36:40+00:00,187
60a57826fb99b21227b75cb3c72183d92b8ddb4237285b95134a0f6b8b72b916,2025-11-01T10:36:35.712662+00:00,2025-11-01T10:36:40+00:00,187
8d5b529fc5ceb0cbaea40a5365f79c0f02c05a584eff5fc5b79a5b25d344b76e,2025-11-01T10:36:35.833276+00:00,2025-11-01T10:36:40+00:00,187
2baf089b456f171f6cc2b817591e04a30c75f53e40506430b34168b040d0a5a0,2025-11-01T10:36:35.955131+00:00,2025-11-01T10:36:40+00:00,187
a37bf1e9e7e6125a5f344dd27f41c70cc7279685e0faf0b50060bfb537c2e8b6,2025-11-01T10:36:36.073350+00:00,2025-11-01T10:36:40+00:00,187
e5cb077e8dc0afa407707ca73359558ddc0fcdee65a2d0765aae3a4ce4916f96,2025-11-01T10:36:36.190810+00:00,2025-11-01T10:36:40+00:00,187
7ed591706c0e94f166e23104b8c65f465d2d420b2fcc3b71f002e757a963e536,2025-11-01T10:36:36.318901+00:00,2025-11-01T10:36:45+00:00,188
a32977e7e8741f4ea2a3ebcdd8bc772e9e566b0f4c6dda8198d7b702b8036eda,2025-11-01T10:36:36.439552+00:00,2025-11-01T10:36:45+00:00,188
2d5b841d31563b1246427336e586d2b4655128b5ac760c796d703fc351f1e1bf,2025-11-01T10:36:36.564326+00:00,2025-11-01T10:36:45+00:00,188
1bf20ae9494ff191887b8847323f63e28a4b0c0543fdb3c7069f90e7fb10fe24,2025-11-01T10:36:36.683969+00:00,2025-11-01T10:36:45+00:00,188
02931ca7cb363a98b968468927ca042b0fe6177743c988f81ebcc3c4c198c8c1,2025-11-01T10:36:36.814609+00:00,2025-11-01T10:36:45+00:00,188
9526c006f59846d83584c5c988b9acd2eb2cc8142322a53203bf7f6ab76cd0f3,2025-11-01T10:36:36.935867+00:00,2025-11-01T10:36:45+00:00,188
3c77921fc975bc9f1331fb305ffc990257c5a51a46b0e365bb5f605c17c74fd7,2025-11-01T10:36:37.056365+00:00,2025-11-01T10:36:45+00:00,188
832b7e836618309e40b02d89f81d7c9989e86020510c0dcf36810378e6358bd0,2025-11-01T10:36:37.183224+00:00,2025-11-01T10:36:45+00:00,188
96068d1647efe5163ad7793063f959900b872d0ed6acfa05d8570496ec605cf8,2025-11-01T10:36:37.305295+00:00,2025-11-01T10:36:45+00:00,188
8f5f1192876971895085eb3a0bc7ab58979d6910415df45eeb597aa1269c902c,2025-11-01T10:36:37.431265+00:00,2025-11-01T10:36:45+00:00,188
84b951ea4ac5a474382bb1fb98dc19e302af31b0dfd0183a0518f2503c3f70e0,2025-11-01T10:36:37.557192+00:00,2025-11-01T10:36:45+00:00,188
3c2f4ee357e10e2542bf29da806181d62a78ac9dfe6b5216d889518e3c2ea672,2025-11-01T10:36:37.675333+00:00,2025-11-01T10:36:45+00:00,188
12baa9573c4cd7ae5a679b544bc1bca83d329a8cd9298d12f85b198afa9a7fe7,2025-11-01T10:36:37.797291+00:00,2025-11-01T10:36:45+00:00,188
864d69fe3286daa1578e2070bd1071666aed3b64f789b68a8582ba7cea689b24,2025-11-01T10:36:37.918219+00:00,2025-11-01T10:36:45+00:00,188
71561db611803a7d2d05762bd85e06f058ebaf0cbc89cab4e082b91cf3f2572a,2025-11-01T10:36:38.037832+00:00,2025-11-01T10:36:45+00:00,188
420b8d7bb3696728f32c5374839c08b808bd355402a2c0611e1185b69a737b14,2025-11-01T10:36:38.157251+00:00,2025-11-01T10:36:45+00:00,188
fbdc348ef0241c76abef519946ff7794bc6c5e9300c092339ebb457beeeb307f,2025-11-01T10:36:38.278243+00:00,2025-11-01T10:36:45+00:00,188
bda5eb27400657b4451c5c78b2b3841646566a670c09cd0c0588c176883f2367,2025-11-01T10:36:38.403726+00:00,2025-11-01T10:36:45+00:00,188
40f9f74bd32b6393558fb3ca8592315f96c91126914371e89a48030344e88ea6,2025-11-01T10:36:38.523529+00:00,2025-11-01T10:36:45+00:00,188
cd1349e531669889c9c2743c0f26cc4aee729a7a1331ddd7de525824980c965c,2025-11-01T10:36:38.640322+00:00,2025-11-01T10:36:45+00:00,188
3ea9223f8d328f9613095fc290e0c294505f479d2244e5683c76818f63485880,2025-11-01T10:36:38.762701+00:00,2025-11-01T10:36:45+00:00,188
850390cc32ee3745d5c1422dcfcdee7077fd878e07e07d8873d575ed324f1555,2025-11-01T10:36:38.884270+00:00,2025-11-01T10:36:45+00:00,188
7061ff0c4394f1bf46d7e5ed0af35c401c5971d299e3ff8c9f3ecb828faaa54b,2025-11-01T10:36:39.005386+00:00,2025-11-01T10:36:45+00:00,188
5da135568314f5696ab0df7106dc2f68d7a43ffafe36eac2c91d5d79a0029521,2025-11-01T10:36:39.123765+00:00,2025-11-01T10:36:45+00:00,188
e0c8e1568b8892c819f23a400ff9c1c9e9cfdc00bb7ea182db2338bf3dd64448,2025-11-01T10:36:39.254481+00:00,2025-11-01T10:36:45+00:00,188
d530fb6fafcbab56ce7666d1b06a73265a91cf1e8510c207adc495e68c914639,2025-11-01T10:36:39.372939+00:00,2025-11-01T10:36:45+00:00,188
b0bb03d068503f08958b51d2aeee2112333b32e46088215c2732530e89e2f8a9,2025-11-01T10:36:39.498613+00:00,2025-11-01T10:36:45+00:00,188
3a6083ae8bf4370ca5b2edd72c96d75d2a8f644f758d2dfbad20b203ec514aca,2025-11-01T10:36:39.616558+00:00,2025-11-01T10:36:45+00:00,188
ae72523b200aae5a8d80f130a84635928650fd681aaa68926aacbc369f4bb6d1,2025-11-01T10:36:39.735023+00:00,2025-11-01T10:36:45+00:00,188
3c9210fce53ddc9a508db69cdbc23c4e6585d84e6397017375a639b0158eb98e,2025-11-01T10:36:39.852865+00:00,2025-11-01T10:36:45+00:00,188
c54af9bbfe4bf2789e5bc948ae8ca753f611ef0f75590bbabacf9c220198488d,2025-11-01T10:36:39.986681+00:00,2025-11-01T10:36:45+00:00,188
19c31c2cb40b4fe6f82d26e36eaa4360de314e7078f4101e5dc575c1406213bc,2025-11-01T10:36:40.106957+00:00,2025-11-01T10:36:45+00:00,188
1e7a260c396cd5f4ac26e6fbd2edd8b58fc3d5d36e17b45c009cd1bcd2687eea,2025-11-01T10:36:40.445803+00:00,2025-11-01T10:36:45+00:00,188
653c9b9857913a6f80186ac85b626bcef92a30ad4cdf56d4fac23c0d187c9db5,2025-11-01T10:36:40.568253+00:00,2025-11-01T10:36:45+00:00,188
14fdc7e4774f6c01987fe1aeed7ba44af458201f5a96b45f051d7759cf8bf2c7,2025-11-01T10:36:40.689365+00:00,2025-11-01T10:36:45+00:00,188
1e6c4c4a5520e7582a17b2d10ae81907cdbd7a4670d45f5b5ea9383f9d7a09cb,2025-11-01T10:36:40.809116+00:00,2025-11-01T10:36:45+00:00,188
b678a885036d162ce78244140e0ca6cc1054720d9def1e867334860d6334300f,2025-11-01T10:36:40.927566+00:00,2025-11-01T10:36:45+00:00,188
b2ef1a864fe61858906a76ee45c112efac50717ed43d218b90a1f32db6ba1fc2,2025-11-01T10:36:41.051141+00:00,2025-11-01T10:36:45+00:00,188
7dbcea72df01ff31aa1c6c90fe8e20edf02281d18172bd51acddd17ebd8460d9,2025-11-01T10:36:41.171361+00:00,2025-11-01T10:36:45+00:00,188
31e8a3c3a252a61bcad61a866ce832c90b731ff739dec4166151a5ec44c0fc39,2025-11-01T10:36:41.289673+00:00,2025-11-01T10:36:45+00:00,188
74845fd3ad25d260c5d8b59f566d3f1085319b886f01c57acf880b0be1764717,2025-11-01T10:36:41.414436+00:00,2025-11-01T10:36:45+00:00,188
e195bcd298adbff64632b20307c0620a1f0272d6e04aac3f31a96078920ce0d3,2025-11-01T10:36:41.531867+00:00,2025-11-01T10:36:50+00:00,189
634809a56ddaf7677e8322bc04ca10d27859399fd02c5ccd58ccb94a3574939c,2025-11-01T10:36:41.655628+00:00,2025-11-01T10:36:50+00:00,189
57f1deaeae475a623573fe0054cbe6f38dde2ca9105a7005daecbcf9b042dfa1,2025-11-01T10:36:41.776541+00:00,2025-11-01T10:36:50+00:00,189
1ac5193ea4c4ae22642926476db3d5c8d1181a0ccf850dde03ef7c3d14044d27,2025-11-01T10:36:41.895531+00:00,2025-11-01T10:36:50+00:00,189
0541e4c0b417d90e20c9a18a7717dceab767d0fdef2f70936d5ab3f16d8132b4,2025-11-01T10:36:42.018974+00:00,2025-11-01T10:36:50+00:00,189
510d9858a45f2d2b9379be733abee6f6b18380fff330deacecd72fa6ed965aeb,2025-11-01T10:36:42.143514+00:00,2025-11-01T10:36:50+00:00,189
2e9fc6bba8e5cf523acc5a9848538ca19236342ef84ad0ec1c781013dab3c77f,2025-11-01T10:36:42.268559+00:00,2025-11-01T10:36:50+00:00,189
8a017516ad6d96455e1a0c632adc13ac1e595b020d0aac852fb717fad9c663d4,2025-11-01T10:36:42.392498+00:00,2025-11-01T10:36:50+00:00,189
43bf60d540da961b7097cf96a8f7dfccb707ab9f17e1ee8952084152ab8f1947,2025-11-01T10:36:42.520317+00:00,2025-11-01T10:36:50+00:00,189
776061ebfb759237b9b7be7d402dd5a53411ab708b155a99430e8f80e69f85b3,2025-11-01T10:36:42.646461+00:00,2025-11-01T10:36:50+00:00,189
c2d176e4a997640f67d2f0e9c7ab7ee909823df876aab1b5125d9df96129bb94,2025-11-01T10:36:42.783916+00:00,2025-11-01T10:36:50+00:00,189
5144445cee8db8d88bbc3e2106eb4d4591e35282790d313238431d30c9daf24c,2025-11-01T10:36:42.909502+00:00,2025-11-01T10:36:50+00:00,189
ee7db50013f80e57448020abbf85d0d4ae3dbd9348f91cd931c399bd734476c3,2025-11-01T10:36:43.026222+00:00,2025-11-01T10:36:50+00:00,189
b375c936f41e11bfea6bb216e74c073ceaa7c3d0a34e089817234bfd2493608c,2025-11-01T10:36:43.147357+00:00,2025-11-01T10:36:50+00:00,189
631a1a84c51c30960e7bf0be0b72dae00ef53aef1272f817f459d6df5b61ed19,2025-11-01T10:36:43.279151+00:00,2025-11-01T10:36:50+00:00,189
308adfd35e06b9c808c35ba4f5f4e47c716cc6019a06eb70e7cb72030e960889,2025-11-01T10:36:43.400041+00:00,2025-11-01T10:36:50+00:00,189
4ef5d1e5757244b3c43144eefd899b9a30ba8495e7f3f0139ebca82fea1b8472,2025-11-01T10:36:43.525133+00:00,2025-11-01T10:36:50+00:00,189
1675fd77935c6a88d92d50d9d55d8e5e8b82db505f03ee4091b899dd011c6a98,2025-11-01T10:36:43.654750+00:00,2025-11-01T10:36:50+00:00,189
33e794be03e9ab83ab3a392939767a67b7a25ec405b9ae6d67737455f2a17176,2025-11-01T10:36:43.774859+00:00,2025-11-01T10:36:50+00:00,189
49e9a88a7ed85a175ec01667654e93bced79df3d11c9c674511295ca0bc90a8e,2025-11-01T10:36:43.894114+00:00,2025-11-01T10:36:50+00:00,189
6d31a7aeaeb8016cc83e965445c0c959a7925fd4c90e446b6267743777370359,2025-11-01T10:36:44.021738+00:00,2025-11-01T10:36:50+00:00,189
59b88ddb46dcea0d6f29ed98c447b075f7d90eb872178c41b59749e79a94ace4,2025-11-01T10:36:44.143814+00:00,2025-11-01T10:36:50+00:00,189
16cf17e393a99b3aade8bf1e489daebb8c0af6017ada1593fdd8694ace81e3b2,2025-11-01T10:36:44.267419+00:00,2025-11-01T10:36:50+00:00,189
bcb2742874bef0df89d2cfa8f700bb8d9ed5d857c2e1e6b0f862670f59eac972,2025-11-01T10:36:44.388458+00:00,2025-11-01T10:36:50+00:00,189
eb6599ee19fa1071d292a4255becd815f378d5d3309e3308014ccee760d572fc,2025-11-01T10:36:44.510252+00:00,2025-11-01T10:36:50+00:00,189
5a022885c2131f2dd101abed1acedabf82f350d158f13cabfe917030605c4075,2025-11-01T10:36:44.637039+00:00,2025-11-01T10:36:50+00:00,189
039e9437f4bf5b5365e69a7236742fcd21d73cb640e4c0fb5f692b365602c9ff,2025-11-01T10:36:44.759859+00:00,2025-11-01T10:36:50+00:00,189
ab62304b6dcee4650b0458a5c130a76085d5cc7d1119a62d3ac0f8bb0db94f1c,2025-11-01T10:36:44.889445+00:00,2025-11-01T10:36:50+00:00,189
2e75330a7738a8bf86e4f513c0b2feae950254b3931e3902cdb9b859b4c67881,2025-11-01T10:36:45.010221+00:00,2025-11-01T10:36:50+00:00,189
8bd995474e96f6b3845cd7892be7fe5b7defc6d06a26690f8dc2a40297065173,2025-11-01T10:36:45.135852+00:00,2025-11-01T10:36:56+00:00,190
c22ab63bd1ff5b8bf776db60f2308c714971f44da7dacbcc2580654a5b846d87,2025-11-01T10:36:45.259523+00:00,2025-11-01T10:36:56+00:00,190
890ae5d868e8c6b0cf810b27f7905b3bf5a3cf63c921718fb63e55f9f4fbdcbf,2025-11-01T10:36:45.382392+00:00,2025-11-01T10:36:56+00:00,190
f7cbff5e483d858edd58fa6ca0f93d0b5a208de09c2d74e1f1ba9848e86e3578,2025-11-01T10:36:45.715587+00:00,2025-11-01T10:36:56+00:00,190
4b7ae05314235b9c386bca1435b36bb696f4b50e6bb48b96b71b84178cf1e656,2025-11-01T10:36:45.833320+00:00,2025-11-01T10:36:56+00:00,190
756861f0d78da2a4684ac1fcfc26ac3789855354eaa30c7a71a6a40aed243d07,2025-11-01T10:36:45.949778+00:00,2025-11-01T10:36:56+00:00,190
3f9e6f4bff902bd42148d8a06e50777b6c29a791b488ba6a75c58a44409916f6,2025-11-01T10:36:46.068472+00:00,2025-11-01T10:36:56+00:00,190
8832f783a1079c664162c70c5cb915a93cf74df0f34b0bc140ade24ea21b56e4,2025-11-01T10:36:46.189183+00:00,2025-11-01T10:36:56+00:00,190
ad55a261c7e8b0babc9815f1acdbc1a79f6462513b69faca49f268b5768df0d4,2025-11-01T10:36:46.307816+00:00,2025-11-01T10:36:56+00:00,190
2c957c9b3a68c5099fc40ca452835bbb4cd46fe6ccf3f38dea994c1725fe8b10,2025-11-01T10:36:46.432327+00:00,2025-11-01T10:36:56+00:00,190
5412159893c34107d52b338e46960436cc1466a77dc11f5c05be6a3552a0408e,2025-11-01T10:36:46.550670+00:00,2025-11-01T10:36:56+00:00,190
d1839370e86524b207223653aa110e818182a630291d1666309b71f21a981964,2025-11-01T10:36:46.681008+00:00,2025-11-01T10:36:56+00:00,190
411287062ff615093ebae7faf15c46ea444a43ea041cbcca73e5e75ca87e3b65,2025-11-01T10:36:46.802275+00:00,2025-11-01T10:36:56+00:00,190
cde1e339f219440305a10aeee59cd42dc204f72baca807f569f10a960317f284,2025-11-01T10:36:46.926924+00:00,2025-11-01T10:36:56+00:00,190
71d37f88f597315b22e4646794b8b862f5ea7cefac9168a2a0d49438daffc684,2025-11-01T10:36:47.052661+00:00,2025-11-01T10:36:56+00:00,190
c121f9ad19dc0eba179f1a3f125c15ededbb4ec22c413cf814d1b4dca0106826,2025-11-01T10:36:47.182545+00:00,2025-11-01T10:36:56+00:00,190
ecbbf6fd0565a3c162416a86803258da231e5d96a073d23084ce2c5f48ff6d92,2025-11-01T10:36:47.308687+00:00,2025-11-01T10:36:56+00:00,190
b219df903ec1410dcf444a2803b4183411131af08a8b8999b7aa55396c778b6e,2025-11-01T10:36:47.439010+00:00,2025-11-01T10:36:56+00:00,190
eb2b584a03efbfee7d09ec385e8e3e70df1d4a97fe28d636f00c56310bc520d2,2025-11-01T10:36:47.563598+00:00,2025-11-01T10:36:56+00:00,190
888ab209c70ee5885d4fccab8730c001a4d3011bacc73965455a9ff972f5e392,2025-11-01T10:36:47.690018+00:00,2025-11-01T10:36:56+00:00,190
c8da03a47cc1f28b6cf393e0425636040f209bc8b97ef83be0587365867147b9,2025-11-01T10:36:47.815026+00:00,2025-11-01T10:36:56+00:00,190
13f6e30a68df775a07bcdc0bcfe618cba4783268c61a4ee2e4d6599cb222f778,2025-11-01T10:36:47.944878+00:00,2025-11-01T10:36:56+00:00,190
1805a7826d96865f9767e8c04ef1aed3e0d306fe4105eab649f4c5d7e6a279eb,2025-11-01T10:36:48.069677+00:00,2025-11-01T10:36:56+00:00,190
ea40baa92a340b0f4b5f65c63d1415f70ec358a812e3841ba6d981096e628030,2025-11-01T10:36:48.205034+00:00,2025-11-01T10:36:56+00:00,190
c34a02dbdf739dbe3ec8ba1ad11a0a255216010618114469bc2e613742cb8492,2025-11-01T10:36:48.325832+00:00,2025-11-01T10:36:56+00:00,190
38c9e0bf77454342d33cadd337575b11000ea06188b9cb7505c60e455024bba7,2025-11-01T10:36:48.455645+00:00,2025-11-01T10:36:56+00:00,190
ac98dcbd02fcbd6409c5f203abb3ea92523b3e59be586c8f9d887a3b8db0c0ec,2025-11-01T10:36:48.575703+00:00,2025-11-01T10:36:56+00:00,190
974232628899fd47ec6a08befc1ea1c8e3ad02aa18cf45c4ab2e73114ed7061d,2025-11-01T10:36:48.716138+00:00,2025-11-01T10:36:56+00:00,190
ad21c561fff2898c2b3e964b7650bb09c47a3d888bdb0dedbdebf5345f9583f2,2025-11-01T10:36:48.837743+00:00,2025-11-01T10:36:56+00:00,190
f5ee1517f07be905bf348904af2d5e1ddcdeec3cbfee11901fde0a857287715b,2025-11-01T10:36:48.961287+00:00,2025-11-01T10:36:56+00:00,190
81bd404c780b4a16eedede49faecad8bca649313198e5334c61b9dba0de43b53,2025-11-01T10:36:49.078195+00:00,2025-11-01T10:36:56+00:00,190
37ee568aeccaa70aacf995735ecc76ffd46c9c73b2ea2a51e6c6b229f4fad986,2025-11-01T10:36:49.208970+00:00,2025-11-01T10:36:56+00:00,190
a9450a15681d671002efa1da2721ef9e08c472e7e3fc0b182145e00af52beef7,2025-11-01T10:36:49.329770+00:00,2025-11-01T10:36:56+00:00,190
ab23fd3b480cd48a0fa0b4f058798593ce20cccd04c8c01c12f2d5d2f6d672b6,2025-11-01T10:36:49.459521+00:00,2025-11-01T10:36:56+00:00,190
5a2514af94da84b02b461f96678611f2ccc9c24bfb668bb36633b14f38b3547c,2025-11-01T10:36:49.587865+00:00,2025-11-01T10:36:56+00:00,190
cfbb2e756b5004de7059059787d806447fbb508d76469e9ba2ae457e6df32702,2025-11-01T10:36:49.716106+00:00,2025-11-01T10:36:56+00:00,190
658515b3df3bd2aadb8acf5d7e3dd2a8b383e5116ef4783e6e14be6f590efef5,2025-11-01T10:36:49.837200+00:00,2025-11-01T10:36:56+00:00,190
ed39c0baef5a66fd9ee0bc06ea7f18443060beb74aad9acc8d2c4df8c573d11d,2025-11-01T10:36:49.964084+00:00,2025-11-01T10:36:56+00:00,190
58a167fb4187e408ef38e98f429b10aca2f4658964cb92517e4d7c77b41fd69c,2025-11-01T10:36:50.087465+00:00,2025-11-01T10:36:56+00:00,190
56de2c2bfce20242362e478d86d5608f807a4dd8d28fb6091a200ffeaa4bf45f,2025-11-01T10:36:50.211593+00:00,2025-11-01T10:36:56+00:00,190
cb6d282d4cb0bf5a286efff58ab3521fcbeceb5c4bcc3ab2f5f748a753643c47,2025-11-01T10:36:50.336643+00:00,2025-11-01T10:36:56+00:00,190
3f10d772fc94a2faadc56a7d8de16286ef9e785cb235b6dac6d3d0e765bdb1f7,2025-11-01T10:36:50.460959+00:00,2025-11-01T10:36:56+00:00,190
cd6a02e4dfa8c47367ccac34c6a35a9fa5a22528a4f860cf40be20cd4be3f86d,2025-11-01T10:36:50.584634+00:00,2025-11-01T10:36:56+00:00,190
bfcf946081ab0f9e68c5c608eb386a118ce411bc08a083c950f73724161e09fb,2025-11-01T10:36:50.707830+00:00,2025-11-01T10:36:56+00:00,190
2351589921cfa5ac40b9faf1b58825dd24dd4443797146a112f735c840ada563,2025-11-01T10:36:51.046923+00:00,2025-11-01T10:37:01+00:00,191
2d5ec7f7d4e6fbab23324c358dd9a635d445c46912f9cfda235acb4c53eabdd0,2025-11-01T10:36:51.163493+00:00,2025-11-01T10:37:01+00:00,191
40c25867885515fa6bc3cac96244fe253acc558ae176b5dd7846fc48b612d39f,2025-11-01T10:36:51.288271+00:00,2025-11-01T10:37:01+00:00,191
5fa0707fb4eb8e78f0f899f7750171b959b55e1fef1ad89983fc5894574d1766,2025-11-01T10:36:51.408623+00:00,2025-11-01T10:37:01+00:00,191
1bb3b4fca313280897a58f029ac1516410ee53ca291d3d770a8b8b6a43bb8d17,2025-11-01T10:36:51.526939+00:00,2025-11-01T10:37:01+00:00,191
a40385bd90ba07036cf03003f1d1fe8d0f912940df24dfe87c53134b4cadfbfb,2025-11-01T10:36:51.647457+00:00,2025-11-01T10:37:01+00:00,191
98f928c9e9bd6ddf614a958f040500da78d2d325556aa66b6d8ece4bff3a4c61,2025-11-01T10:36:51.771109+00:00,2025-11-01T10:37:01+00:00,191
0a7e4ee2491abcba8e995a61de76ece3e7e97762e10f635e0ff4878eb51e01b8,2025-11-01T10:36:51.893013+00:00,2025-11-01T10:37:01+00:00,191
289302be310923f01c077e44d38a3003e46ab597d7eb96ea357cff1634b6fa71,2025-11-01T10:36:52.022216+00:00,2025-11-01T10:37:01+00:00,191
0663c21d58bf2a8f69bb901de47f7a73ffd3a66ed644cc4a9573fb41fe856856,2025-11-01T10:36:52.146179+00:00,2025-11-01T10:37:01+00:00,191
209b6531df49cb3410f87b4aefccc476e2d931eeea8c0cf87f791af6932d3c86,2025-11-01T10:36:52.271354+00:00,2025-11-01T10:37:01+00:00,191
ef08529142c8f02a49bf626e030d5d3fbdaa57c41ad245f0dc6dc9b75ee5242e,2025-11-01T10:36:52.389643+00:00,2025-11-01T10:37:01+00:00,191
1040d84fcba956ee1e756c02e61fe13c6a0ecc124ff29eda71e09b9ff6472ce0,2025-11-01T10:36:52.510099+00:00,2025-11-01T10:37:01+00:00,191
c9cf337927070646474dfe63a6e3476d39e755831d204d3366be36c44c1a6419,2025-11-01T10:36:52.633263+00:00,2025-11-01T10:37:01+00:00,191
2166cfe342d4a4a5c3966f8f151c0d81a8aac3e96039de28eccc9eafdb74be80,2025-11-01T10:36:52.759378+00:00,2025-11-01T10:37:01+00:00,191
6adf9932fb8edc7d84ae8e5998897111a3db20a8b58be4ca1152a5baa37397c5,2025-11-01T10:36:52.898217+00:00,2025-11-01T10:37:01+00:00,191
0aba50977657a33a301d3e5e8d80520b923050f5cb1b58624498f9872536f34a,2025-11-01T10:36:53.025898+00:00,2025-11-01T10:37:01+00:00,191
3894d3b845cd5972551dbb0cf43e1ed8580680d4be6aa631be083ed32a8a691f,2025-11-01T10:36:53.147743+00:00,2025-11-01T10:37:01+00:00,191
c57f4c46d24d81b191262b4f0478d2f2c700f672a42d163290d4eea1e138dc07,2025-11-01T10:36:53.267139+00:00,2025-11-01T10:37:01+00:00,191
76ee12e66fdd394e47f93ce6249a6d01feeb3dd2bf3b79c85df217bb470ad4db,2025-11-01T10:36:53.395547+00:00,2025-11-01T10:37:01+00:00,191
58bfdde423ecaec4b921bab9bce825e8fb71d11b55d4589e3d856026b61505e9,2025-11-01T10:36:53.525142+00:00,2025-11-01T10:37:01+00:00,191
8a1459d18a5b78cefc9e17291fafc34e11bf0d9122c5044d6770ce18add01928,2025-11-01T10:36:53.649102+00:00,2025-11-01T10:37:01+00:00,191
421303c0ce4e6eaa267c03ab590fc60687cdc10d61979a98f6f72e7e94376aa5,2025-11-01T10:36:53.772927+00:00,2025-11-01T10:37:01+00:00,191
e2bf19442f7e2d3079255b1c2d78052b07e61ac05c61e1499a5e267fab1b642f,2025-11-01T10:36:53.899462+00:00,2025-11-01T10:37:01+00:00,191
f2cc0f1354fc84545c018c390fe36a39d5083aa8f4c36219ddc366b36da85573,2025-11-01T10:36:54.021982+00:00,2025-11-01T10:37:01+00:00,191
b61e11e6963de8638300fd316fa15dbbf60ba4dc04d29274df5c4461d35303ea,2025-11-01T10:36:54.149991+00:00,2025-11-01T10:37:01+00:00,191
425b27fb38c65bed7fb9b3d89df1e052c1775314fc19f8ae72f2ace03a219b0a,2025-11-01T10:36:54.270670+00:00,2025-11-01T10:37:01+00:00,191
0d30c5d71de3d2c6cf52c3d67b8999275e71d0c1270b3ecad504953a233c7a2a,2025-11-01T10:36:54.389534+00:00,2025-11-01T10:37:01+00:00,191
c170a9ed21f3840767b2315d5203753030bbccdf217b7a9be288c80231edd11f,2025-11-01T10:36:54.509303+00:00,2025-11-01T10:37:01+00:00,191
1bd9448bbe8ee3d0d26d8dbe9dc01b5719dd9b085f4c0541976f003c4fa0cbab,2025-11-01T10:36:54.646098+00:00,2025-11-01T10:37:01+00:00,191
c278b13952cfab39c2496b7af2e0536414faa26d08be92a81d1cbb63e94dacd0,2025-11-01T10:36:54.771446+00:00,2025-11-01T10:37:01+00:00,191
da617f36e641f3e17728899d3d5d789e83d745148723d0156f746f449948cd72,2025-11-01T10:36:54.894417+00:00,2025-11-01T10:37:01+00:00,191
fdc7b64a557d9389242b4ad4a1ad9fb25d9890ff42c39a49a8dfa4343fd5e973,2025-11-01T10:36:55.023680+00:00,2025-11-01T10:37:01+00:00,191
346fe90c885796858ee094c8670b18c5ae37cda8bcd41b77c131518a8dd62718,2025-11-01T10:36:55.153542+00:00,2025-11-01T10:37:01+00:00,191
475c75fc3b1811f891e375ef0ca90cd27faf2acb104e7fa1f071cb996a4b2d11,2025-11-01T10:36:55.279824+00:00,2025-11-01T10:37:01+00:00,191
e783a11ccc67a1940770a0996cfbe9c3fa25f647cf5f066133988df44268ab84,2025-11-01T10:36:55.398849+00:00,2025-11-01T10:37:01+00:00,191
f6ff7cf6cfe138143eab1573a199169a968fa86182d12738326004f9b76a2865,2025-11-01T10:36:55.529932+00:00,2025-11-01T10:37:01+00:00,191
38d223e1731d53d30ffa209838c3ebf199225734d3e6a0862dafea25287c4885,2025-11-01T10:36:55.655521+00:00,2025-11-01T10:37:01+00:00,191
f39b299d513a9a86d29a16b7866cb100d012b98b8abf1abd95a1919bcaa67e11,2025-11-01T10:36:55.780427+00:00,2025-11-01T10:37:01+00:00,191
be0d3e9a4990e1ffed0dfe0b389720909a7a09ef8f20ffa4b2fd5a0078fdbb9d,2025-11-01T10:36:55.905322+00:00,2025-11-01T10:37:01+00:00,191
f01cdb41fc1991a8155a9546632d020fb412d1b77f57a7dba129bde3215c2419,2025-11-01T10:36:56.029323+00:00,2025-11-01T10:37:01+00:00,191
77df73533adcef4ef2bd8efa7ac60585bb5472f2301b6a889b6d652137df6959,2025-11-01T10:36:56.358039+00:00,2025-11-01T10:37:01+00:00,191
bf29c914ec84a25788bfe85ab4c53a93445f5159e0529fb4b7f1e1a88874f719,2025-11-01T10:36:56.476958+00:00,2025-11-01T10:37:01+00:00,191
5451c63a42aff9c8f317e1014957f65ef2200a9812cbff8559480c86111148d2,2025-11-01T10:36:56.597135+00:00,2025-11-01T10:37:01+00:00,191
186a0ab2be35f786a66989b5d320751b5b1708077d554c9d22bef1a9f257c949,2025-11-01T10:36:56.716766+00:00,2025-11-01T10:37:01+00:00,191
96e6e36796b224a46ac1c4936d026f7306aff8e4bd6d6a08ecb481113e2b8397,2025-11-01T10:36:56.837716+00:00,2025-11-01T10:37:01+00:00,191
8ae67fd4573c36fbea4d1fc3141e8b7b3bc1df06598f3d373e9bff293e5d93fc,2025-11-01T10:36:56.956710+00:00,2025-11-01T10:37:01+00:00,191
aafe3a20abd5929b905c7100f9d8ca159a0290a010e75b86cab5b7df66081286,2025-11-01T10:36:57.076866+00:00,2025-11-01T10:37:01+00:00,191
67eab31be72df5e27c413819823ceb9e65568ec00b6fbf09e62eac32699fe036,2025-11-01T10:36:57.196548+00:00,2025-11-01T10:37:01+00:00,191
cbae24aaf04bfa7370c402ad46f6643aa4a249241b0fbe03aea84b3deb2e0d0e,2025-11-01T10:36:57.398300+00:00,2025-11-01T10:37:01+00:00,191
67e43f0763c6e30bf12be65ed27c70f63b12eb5f40d5841b4ea7a5b604010ef9,2025-11-01T10:36:57.520229+00:00,2025-11-01T10:37:01+00:00,191
4515d115ec3ab3bd98ee719443c32d776d0624c81c66af46f71d490631db4485,2025-11-01T10:36:57.639513+00:00,2025-11-01T10:37:01+00:00,191
ec5b0eca55cce7bf518d76f632d0a9214c824bc99bad13e0f365ad1ba752f05c,2025-11-01T10:36:57.758756+00:00,2025-11-01T10:37:01+00:00,191
fd9a007d68fb795350c6a0395869a6a2b68d2afd2abd756a778d1c163e533bb7,2025-11-01T10:36:58.001034+00:00,2025-11-01T10:37:01+00:00,191
35dce81ac516ec4323fe37ce642386108677b09a8de85771c29cc10c32b6f8ef,2025-11-01T10:36:58.334402+00:00,2025-11-01T10:37:01+00:00,191
a66fc8693cef4d0b18fb130c83505b19241a0a1542bb5c527d66b229894d319b,2025-11-01T10:36:58.464341+00:00,2025-11-01T10:37:01+00:00,191
6d806196cb8300b5d2ca058b3ed3e70c69bea6fb31a52ee87f20b0ad607be410,2025-11-01T10:36:58.596871+00:00,2025-11-01T10:37:01+00:00,191
e17549b801fdfc0b932d979f3bffd0f1f5f77ef2120b11b1859d6d12f408c02f,2025-11-01T10:36:58.731546+00:00,2025-11-01T10:37:01+00:00,191
e42c23871b7bbf5de2a20fafb01b032be6be0fc6b12fd8318f990a1fa5464ed7,2025-11-01T10:36:58.853669+00:00,2025-11-01T10:37:01+00:00,191
61d61457f4eb2e96c1f783ab8cd7101fc059bf54909bc5e7df5585b69ab40c37,2025-11-01T10:36:58.973285+00:00,2025-11-01T10:37:01+00:00,191
2c52800111ac4e6fc8d9b05bfbd19756caff40285f951666f1070362ed0e407c,2025-11-01T10:36:59.093910+00:00,2025-11-01T10:37:01+00:00,191
53de140306fd06617c8761523caf7b0ee71cc0fa13d022e3b6b2ae789a16a6aa,2025-11-01T10:36:59.216820+00:00,2025-11-01T10:37:01+00:00,191
2a05fccb6bcfab784b55d41efbf0b11a847881aa05f45ae09f366c50b3f686fa,2025-11-01T10:36:59.339397+00:00,2025-11-01T10:37:01+00:00,191
f97071ee5eae75b4dfc2d605af53fa62dcdbd6111c359e8d7d50500dee5fb115,2025-11-01T10:36:59.458369+00:00,2025-11-01T10:37:06+00:00,192
c9b0ece0f3b212077c58a743bd2928a58636f32e30140faf65a836aabbecd3f5,2025-11-01T10:36:59.576095+00:00,2025-11-01T10:37:06+00:00,192
f3f36b24fb15dbd0c9839c3cb3be367e7d4ddeb118a9832e7abcb98427dbf792,2025-11-01T10:36:59.697947+00:00,2025-11-01T10:37:06+00:00,192
2ff341da06767dd585302fb11188e4337354d24eeafb011066e96fcbc1e73d1b,2025-11-01T10:36:59.819628+00:00,2025-11-01T10:37:06+00:00,192
163540c10de87394e4bfdde88c1dcb67e996cb03fd930569586b44da86f49bdf,2025-11-01T10:36:59.942430+00:00,2025-11-01T10:37:06+00:00,192
4fb331de0d16a9f49f8df1382b645c2db6b268a0d9efe85ce49c7a2966ddf381,2025-11-01T10:37:00.079331+00:00,2025-11-01T10:37:06+00:00,192
629d2134f68edda39cf099b885e7a1510b7dbf31c8530da39f11eeb612ffae03,2025-11-01T10:37:00.328223+00:00,2025-11-01T10:37:06+00:00,192
61cde8783452b390d0ca9e843456f7b43dd7727dd0c1c020dec469396ed28088,2025-11-01T10:37:00.449616+00:00,2025-11-01T10:37:06+00:00,192
898d8792681eb2036cd29e9b0bf6b96fbb73201f495c64345017658dfb084753,2025-11-01T10:37:00.568902+00:00,2025-11-01T10:37:06+00:00,192
97897d39d43a56ce9fa5d8d2375e63ea13e0966bfeab4f266ba42a34daf324fd,2025-11-01T10:37:00.694740+00:00,2025-11-01T10:37:06+00:00,192
0ce561e17d5ebe9e16ebf04b3d6d416ffd8c7dac2f049ab84bcca62291daa995,2025-11-01T10:37:00.819711+00:00,2025-11-01T10:37:06+00:00,192
bc425d075303fa609f31d955fe27a7ca7fae546dd10ac52b06b2aeabd7173e2e,2025-11-01T10:37:00.938416+00:00,2025-11-01T10:37:06+00:00,192
b541b4285a37880d6ec8d105029de0083794d1ca715474ff056f05fdcd19aa98,2025-11-01T10:37:01.058991+00:00,2025-11-01T10:37:12+00:00,193
c86d32790f16a3f9194f54036f53c3408ead39768134fa719f5be941050e714e,2025-11-01T10:37:01.179976+00:00,2025-11-01T10:37:12+00:00,193
923dff9bf7e0e1e086105bf58c97f2b86aa4429fb8fc7e1cdf3197b880d867e2,2025-11-01T10:37:01.303352+00:00,2025-11-01T10:37:12+00:00,193
42fa7f51cb5223896e0d925659a37e8b2f3a4b6169768652199310725654a0a8,2025-11-01T10:37:01.649548+00:00,2025-11-01T10:37:12+00:00,193
a52a571f6b265ca2c522ee0132d5aceecc836e2d9e6fb4bb0ecfa934467e84c4,2025-11-01T10:37:01.769054+00:00,2025-11-01T10:37:12+00:00,193
7294359077372ea82c4e63d9fbef2d630c2c8ddaa12d90d8252181ebe1cf9d31,2025-11-01T10:37:01.892696+00:00,2025-11-01T10:37:12+00:00,193
051191ca9f61b4f7561d69d55ae52774a809a383dcd578a169ca94acef207696,2025-11-01T10:37:02.017876+00:00,2025-11-01T10:37:12+00:00,193
1110e5a9f72923791ae75e954c8cfe02e270a5209cecdb187122aa9dbe65cb5b,2025-11-01T10:37:02.141866+00:00,2025-11-01T10:37:12+00:00,193
15c8ba036375b17927d5af520d77bf6c45855ed3b59346f702314feab88753a1,2025-11-01T10:37:02.276497+00:00,2025-11-01T10:37:12+00:00,193
814c8bd6932be3dff3b188251b5840373e319f7791c992684b563420bd2d1d94,2025-11-01T10:37:02.396072+00:00,2025-11-01T10:37:12+00:00,193
b808c5b917e3fc47cc8120fdb3ce83c3ca7647d31db6a332d2f2a1022d90ffa9,2025-11-01T10:37:02.523673+00:00,2025-11-01T10:37:12+00:00,193
4774e83f3072d9491a643f54c104163e9348eec90516a8c078384ebdc34ab18a,2025-11-01T10:37:02.645909+00:00,2025-11-01T10:37:12+00:00,193
fef032e990283952be87c4d846a8ad96444515d25f98559dfaee6d3d3e2945bf,2025-11-01T10:37:02.771381+00:00,2025-11-01T10:37:12+00:00,193
59cb6c2e7a8ea8b30a81565c54f6e43f125df95280684b2b6110a213dac902b3,2025-11-01T10:37:02.892981+00:00,2025-11-01T10:37:12+00:00,193
c409c4ef2a00e583c254afa9d47b7616cde09deb2e62316966c2580e19ca3336,2025-11-01T10:37:03.011611+00:00,2025-11-01T10:37:12+00:00,193
5b997ad638cd28b0b648be881cd9da269a5c194c96f21aec4c16a1afd287b62a,2025-11-01T10:37:03.130519+00:00,2025-11-01T10:37:12+00:00,193
01ce68c9588f7cbbe8fb6cb711900eee96addea4dd61e4d64d799145295999dc,2025-11-01T10:37:03.247021+00:00,2025-11-01T10:37:12+00:00,193
c833786c49866ec63a3e1bf5c6c566676e4e1063b9878c215714408777f7e0c5,2025-11-01T10:37:03.370840+00:00,2025-11-01T10:37:12+00:00,193
277aeeff2851fd05bdf4ac1e29bf08e0ede5abc5661254c1d02ba649d96e4005,2025-11-01T10:37:03.495997+00:00,2025-11-01T10:37:12+00:00,193
c5ee8b8db61287163895d3dae502ecbd9607ef611c67f43ee595da20198d2285,2025-11-01T10:37:03.624767+00:00,2025-11-01T10:37:12+00:00,193
8e8c562194a2be3a2dfa7b1be672da10a44ee050d6ca865b16ac387e95fecd23,2025-11-01T10:37:03.746220+00:00,2025-11-01T10:37:12+00:00,193
b2a47b4a2b5b5d8952c7f8e87370e81ac056c4dd08e115a2282fd8fe300bfda8,2025-11-01T10:37:03.871073+00:00,2025-11-01T10:37:12+00:00,193
f0dda14b04ee7c5c55cac911a6c792acd42dcd2dce0ff0321e3fea16379e7136,2025-11-01T10:37:03.992203+00:00,2025-11-01T10:37:12+00:00,193
93d0575a5e0d7e626e1ed0d98b5f6d9aa93f49ecf58db416ec4306f81ae3b149,2025-11-01T10:37:04.123059+00:00,2025-11-01T10:37:12+00:00,193
3512b0b69859090e83551c24f86a16d2f43b62e2d73cedd7c2dbceec5091f94f,2025-11-01T10:37:04.244321+00:00,2025-11-01T10:37:12+00:00,193
65e6fbfb237207fa984b0a8f5f59b7d909db51ebf4df09afcbaa8a6b50705594,2025-11-01T10:37:04.366269+00:00,2025-11-01T10:37:12+00:00,193
c58b44cb885823f6fe6378591f04b05662255af955f1e74f0fc580553af2d2f1,2025-11-01T10:37:04.489099+00:00,2025-11-01T10:37:12+00:00,193
6dae3aff8f3f79bbaa7fb662ae838726df72f1a80a65607a3580d8ca5ce49c72,2025-11-01T10:37:04.608874+00:00,2025-11-01T10:37:12+00:00,193
cf57640aa6e2ca728eaeabbf3b2ef4814abd2cb629fb2db1fbd6a347ce52316a,2025-11-01T10:37:04.735361+00:00,2025-11-01T10:37:12+00:00,193
1a08120f2fd6ae7ebcf24f9b4ac93917c1e94712f1d8c2935126d892b80276fe,2025-11-01T10:37:04.860730+00:00,2025-11-01T10:37:12+00:00,193
f4a38e5e6ee6800cf4a1f56a28187af6df173000589129634ef798dd738069ba,2025-11-01T10:37:04.979845+00:00,2025-11-01T10:37:12+00:00,193
711dadcfd04b127192b1b8f02b77e422ec4f807d0c6f9806b39d624f2083feed,2025-11-01T10:37:05.102263+00:00,2025-11-01T10:37:12+00:00,193
c7e3a4870b6b20f41d6c136113a910cec76cb91733a3d05c8211ce6325d2a8e2,2025-11-01T10:37:05.227964+00:00,2025-11-01T10:37:12+00:00,193
fa022b5310da87654735898a1804f7b07f0ff7a4f0865841d6d7c279c9c657e8,2025-11-01T10:37:05.347737+00:00,2025-11-01T10:37:12+00:00,193
01d6e27ff42bca27b7e5f7f6c9027361be02290f1ad138f2971ca5bccf911566,2025-11-01T10:37:05.468421+00:00,2025-11-01T10:37:12+00:00,193
3607249287992eba2cdc0e47e846f36b219d01b6e5184036bd34fdc8d643f8bf,2025-11-01T10:37:05.598021+00:00,2025-11-01T10:37:12+00:00,193
35e84b8cfe7f2c9078bdb6f866a918d2ef0543c80378e68ed21cbc8c0c218138,2025-11-01T10:37:05.725452+00:00,2025-11-01T10:37:12+00:00,193
af447c10fc59f240feedc26ab5052ba8dff5e54f10cb35ef6396573359fa4f3f,2025-11-01T10:37:05.852275+00:00,2025-11-01T10:37:12+00:00,193
70e6cd2ff1ea914a67c1755c709bf40d482e8cba02f766ba5c4d7d93444ba7e4,2025-11-01T10:37:05.980324+00:00,2025-11-01T10:37:12+00:00,193
fc6b4f40d6f880682f281860f99d415b27450bbfb23d70ea3b6898d245e6a045,2025-11-01T10:37:06.115924+00:00,2025-11-01T10:37:12+00:00,193
14bdbd5c599767280c185c658317f9525e19d23983631f1f6f3005cc0c8cc0d5,2025-11-01T10:37:06.246212+00:00,2025-11-01T10:37:12+00:00,193
c77ee24d36aed0541f230259da2fac7832c0e52c33140400a377961d143bb11b,2025-11-01T10:37:06.369040+00:00,2025-11-01T10:37:12+00:00,193
b507bc7f18ab17205268b6d0ca62018be057daea605607f4900006d086dff5b6,2025-11-01T10:37:06.494699+00:00,2025-11-01T10:37:12+00:00,193
c004610a4c75b6c0a1705e99c2767aecf4085b3a6584bf2b68e7006965921527,2025-11-01T10:37:06.623984+00:00,2025-11-01T10:37:12+00:00,193
5d94a03ec702e3afd83e4f755c9656010ecd78d363a55f3b4da4f21d952556ab,2025-11-01T10:37:06.954293+00:00,2025-11-01T10:37:12+00:00,193
5ee475f9857a23b94dd109a21dbd5f4fd9d5e35070d5525d513b0e23c9b591c4,2025-11-01T10:37:07.081153+00:00,2025-11-01T10:37:12+00:00,193
d2ea9206725fc44c6efe3dc03c29d437613ce1ddb76e7f4b41647f6ff6d65443,2025-11-01T10:37:07.205234+00:00,2025-11-01T10:37:12+00:00,193
45892e6f1e1f04f0bb2024c74726490820ebb97bdb58fa3d30a88b1d7365ba0f,2025-11-01T10:37:07.328663+00:00,2025-11-01T10:37:12+00:00,193
7deb9b205c58447e846478e89d1cb6ce62e036bbd0e71609b022e6d03ee74c92,2025-11-01T10:37:07.457740+00:00,2025-11-01T10:37:12+00:00,193
39aae2b05174f04e1f1e0eac1d915265506d2bfbde823584958786550f2f11ce,2025-11-01T10:37:07.581108+00:00,2025-11-01T10:37:12+00:00,193
11ea00047bce466be3b57614862d714637743f7c183dd2697d6446b88e918cd3,2025-11-01T10:37:07.706980+00:00,2025-11-01T10:37:12+00:00,193
8ace47811a1bd9ed6dea429d9d6f5531f06d84825dc067d51635af4d59759bab,2025-11-01T10:37:07.830030+00:00,2025-11-01T10:37:12+00:00,193
22717f03859f721f3bbfbad468e0cffcd90410860082d3350b3827a37914f5f5,2025-11-01T10:37:07.965112+00:00,2025-11-01T10:37:12+00:00,193
eb1e106eebff34726bb58615ac539b1d99491b1e667a1a92b4f4dedaa92c4b6e,2025-11-01T10:37:08.087378+00:00,2025-11-01T10:37:12+00:00,193
17f7ee76c4063e86a208422330a050b442e7a2d5331e1115598e13c318a67168,2025-11-01T10:37:08.214457+00:00,2025-11-01T10:37:12+00:00,193
90d315052e0d947d3b045ea2ff4fa8fd735406afced20fedcff77226763b3399,2025-11-01T10:37:08.340703+00:00,2025-11-01T10:37:12+00:00,193
967475ae4087984813fd2fa832a89dd3af9e7869f6bb285c42b148a7197abb3b,2025-11-01T10:37:08.464712+00:00,2025-11-01T10:37:17+00:00,194
f906f6b1c9d7cc9fd9b7057caf5ce334ed6f0600165753b6cae3fbbdf8ff6a90,2025-11-01T10:37:08.587678+00:00,2025-11-01T10:37:17+00:00,194
0c189d25da488fd79b7213ddbf3eec1b6cd9a73f32527d318ec305c347b88e6e,2025-11-01T10:37:08.712772+00:00,2025-11-01T10:37:17+00:00,194
3ecfc9c4991c66311e9e9a5e9606dc9138cdb8245c7263575a4d65beabb757fc,2025-11-01T10:37:08.837480+00:00,2025-11-01T10:37:17+00:00,194
a9755e632ecbd7df3ba2f547912ab862e1821a3a77a6fa43ecacce974009d7ac,2025-11-01T10:37:08.963319+00:00,2025-11-01T10:37:17+00:00,194
054204d65fa5b4cf4514f10fef29ed13a0758c8f16ec2601df461950ee9cfe17,2025-11-01T10:37:09.086351+00:00,2025-11-01T10:37:17+00:00,194
d0e7a753251552534b4d4e06c7fe51d64fa84a762f688193e03fe5cdcea83dd0,2025-11-01T10:37:09.211007+00:00,2025-11-01T10:37:17+00:00,194
8ff917a53b9d98fc89e9dfe30df70a6cfe25e6fc4d1d8a0aff512db7431d40a4,2025-11-01T10:37:09.339227+00:00,2025-11-01T10:37:17+00:00,194
7886f60a4d58f6a2bfb4ac36051e7375480e1087eebb1ab60e10aca58bb4c256,2025-11-01T10:37:09.460612+00:00,2025-11-01T10:37:17+00:00,194
654a036af528f0e2462c26ba9ef4af8dfa7e3db130cb8e14ea95a73271e27d95,2025-11-01T10:37:09.579112+00:00,2025-11-01T10:37:17+00:00,194
4dabc50b0b6d8c39bc4b55bd99ad861651082631c03f776b32fe96ef8d5974b6,2025-11-01T10:37:09.702951+00:00,2025-11-01T10:37:17+00:00,194
e6a54390f4e047d9719743610c027f5d17d1e8fd2f45531dc2f0657122968c56,2025-11-01T10:37:09.825791+00:00,2025-11-01T10:37:17+00:00,194
0045426afb476c1c72d5099c81d426dc0d63223bf725b67a4e185899ac32bdaa,2025-11-01T10:37:09.955436+00:00,2025-11-01T10:37:17+00:00,194
5c0278e5f084643ac7a82106d0e2818f7ff7a2ed172244bfa759f64bde532647,2025-11-01T10:37:10.082615+00:00,2025-11-01T10:37:17+00:00,194
9dd8af5b992501b141e61f435c3e1079fb36be134db3def21547bd676eb9d945,2025-11-01T10:37:10.210579+00:00,2025-11-01T10:37:17+00:00,194
7b059ea3132b2224bbee2b5e22da00db686990e91e190de55f72a5100ffb53bc,2025-11-01T10:37:10.336023+00:00,2025-11-01T10:37:17+00:00,194
ccf722b99e24be5b0c873e86400bafce53bad1c35d00eb6088d7c2e66325fb7f,2025-11-01T10:37:10.463078+00:00,2025-11-01T10:37:17+00:00,194
7152ddb79c989eeec3ff91a6ddf47e776ef5847c8191e65fbbec1e63a1915cf5,2025-11-01T10:37:10.587054+00:00,2025-11-01T10:37:17+00:00,194
c3fee88aae3e84a921814cab3a72b2eb32aaa3a9091e7d90d3f933e51c38ad50,2025-11-01T10:37:10.712124+00:00,2025-11-01T10:37:17+00:00,194
283bdf274ea101a2ca4c44b90d448020c6a2d67d1e5d9a6f644782c18520b145,2025-11-01T10:37:10.839822+00:00,2025-11-01T10:37:17+00:00,194
cc95313d1215ee938c8aa004cd2554ebe62af7951b6038eace8181cdce94e32c,2025-11-01T10:37:10.964577+00:00,2025-11-01T10:37:17+00:00,194
49457fdf27d6f60c6aafeee60fe680b07ad6f23c7048f13c9f0c429fb146cf93,2025-11-01T10:37:11.092934+00:00,2025-11-01T10:37:17+00:00,194
df2097de7c8eeba4ead94ec3403c5c3b5655630ca2908a9855ebb84ab7cadf0a,2025-11-01T10:37:11.220746+00:00,2025-11-01T10:37:17+00:00,194
fa8c9173d5fdbb470390a739e18664985a2dc308ac9f94ae6cc36cf8ba7a5ce7,2025-11-01T10:37:11.346246+00:00,2025-11-01T10:37:17+00:00,194
273b6b0e6487e0bb9aebbee3daa8c2a93256eb7b05588ad85b0ee80c1006e75e,2025-11-01T10:37:11.470508+00:00,2025-11-01T10:37:17+00:00,194
8b749a49078cd90127d05c488a0f1d874bff5a4d2398f777004001a0017f00d3,2025-11-01T10:37:11.598264+00:00,2025-11-01T10:37:17+00:00,194
fe9433912300b3965774d8f49ead658472d809a2d5805893795b9e47bca58375,2025-11-01T10:37:11.725636+00:00,2025-11-01T10:37:17+00:00,194
f39f221cf272d492449a9cc3ebc6b171a2c5be3cdc6843727c292b8e40d350a0,2025-11-01T10:37:11.853151+00:00,2025-11-01T10:37:17+00:00,194
14fc4a6c45004c03381ef57b9b22ab462ef9c2c0452422a5cf93844877ea6787,2025-11-01T10:37:12.178541+00:00,2025-11-01T10:37:17+00:00,194
69663954f5ceb3684b0c817d8b2dcff5dd104176fbeb87258880aa1f85773a82,2025-11-01T10:37:12.299117+00:00,2025-11-01T10:37:17+00:00,194
85d2d7083057d306dda739a9e80062d3affa31d056aeb0298aac16d011feab77,2025-11-01T10:37:12.424844+00:00,2025-11-01T10:37:17+00:00,194
8537ab099c6d5bd8e5ff5ad6709e853cac1467c0b9466f884fd75a7f7753c788,2025-11-01T10:37:12.546112+00:00,2025-11-01T10:37:17+00:00,194
8b5caf3994b4fd634cd32e1c9f3ff40aa30b461b3b59800157a43d0f06d709d1,2025-11-01T10:37:12.666714+00:00,2025-11-01T10:37:17+00:00,194
143fb61d97af7b82710e3b0111ddf22137b34775e42835cd9094a5390662eb0d,2025-11-01T10:37:12.794120+00:00,2025-11-01T10:37:17+00:00,194
442430ab792c30ea00fd1bd91cd9397803195bbe5a1c654a8ee117ec704a56d7,2025-11-01T10:37:12.922302+00:00,2025-11-01T10:37:17+00:00,194
96874dfc1abb2cfa843f376976e61b3c670eeefa90dcc999a00099612ed7ae47,2025-11-01T10:37:13.051700+00:00,2025-11-01T10:37:17+00:00,194
9922e992431ed2bc834cfd4b81717469846323b5106f0be1bced482325391c0e,2025-11-01T10:37:13.175056+00:00,2025-11-01T10:37:17+00:00,194
0dabbe566dd5a24ddad648f0ca773c8193849d2e9fc9a2f6c3e860838b42451a,2025-11-01T10:37:13.300584+00:00,2025-11-01T10:37:17+00:00,194
2729461cb0c336f1591ad65bf8c62b93220637557b8b96f35e07be244fab39b4,2025-11-01T10:37:13.426885+00:00,2025-11-01T10:37:17+00:00,194
67c87fbd72954fca444b5dd42a661940b06e18551f278a9732743f484f7a2a1f,2025-11-01T10:37:13.559363+00:00,2025-11-01T10:37:17+00:00,194
bb919337c1187d9dbd28e016134bcbcff4bc870e5ae62c4a8251ef99fd80dbb2,2025-11-01T10:37:13.684782+00:00,2025-11-01T10:37:17+00:00,194
70f08862655609183fe2ed5bb4c907551c83253d52185f28d43c5cb7a7f71c26,2025-11-01T10:37:13.815152+00:00,2025-11-01T10:37:17+00:00,194
b1853ecd7c8dd49db555e7c7c3976d7662319f687025c084cbacff31319a654a,2025-11-01T10:37:13.940223+00:00,2025-11-01T10:37:17+00:00,194
0e0de1ad1830e0e5f557b97018c1b78d31431c91afc571abf1f7ecb38dd42fec,2025-11-01T10:37:14.066941+00:00,2025-11-01T10:37:17+00:00,194
b05c096c608da9b3a5c6254e0fb02bdb4f8ba8c279901d7f9aecc0caa198e6f6,2025-11-01T10:37:14.191347+00:00,2025-11-01T10:37:17+00:00,194
b1bec28606e38ba3f5953102f0bc64ea13e141b09a875195c63a243db1c228f2,2025-11-01T10:37:14.322204+00:00,2025-11-01T10:37:17+00:00,194
6210903144c943decfe6296e1c2dda39a6edba2184b921d18bad78410bbdb76c,2025-11-01T10:37:14.451235+00:00,2025-11-01T10:37:22+00:00,195
e03ba701d91caf5869d6323163e12c0d2aea1c8afebffc1c83fb3c751c1fc26c,2025-11-01T10:37:14.576964+00:00,2025-11-01T10:37:22+00:00,195
ef5ddb173403f070a5cb83b6dab0c79644232e954ea8fda89757b5f11bc10510,2025-11-01T10:37:14.703859+00:00,2025-11-01T10:37:22+00:00,195
48ff92af33afc9e45ab074a8bf9c5a6406c6ef26b81da5c9711fe65d6e769556,2025-11-01T10:37:14.830492+00:00,2025-11-01T10:37:22+00:00,195
fd3f2228e2158d3e63bf43f03299e08db089527f81e83ad56b122cec50690cc5,2025-11-01T10:37:14.956917+00:00,2025-11-01T10:37:22+00:00,195
44c8529ab76594d3bf3529d6484bddf46e08d133e4549e749299530c5ec99164,2025-11-01T10:37:15.090221+00:00,2025-11-01T10:37:22+00:00,195
ecd6225ef2dfc2b2c89b406fb6f8d81e7f119fb1c76d9b1bf3ee65859f35ba3b,2025-11-01T10:37:15.219132+00:00,2025-11-01T10:37:22+00:00,195
732c2abbc472ae8270b487d807322ea6d523de50fa020198f87eeb9fd2af0328,2025-11-01T10:37:15.348912+00:00,2025-11-01T10:37:22+00:00,195
e5c919262d4ef118998599bc2bab359409559ecfd47593f61870cd37ee9c4287,2025-11-01T10:37:15.482749+00:00,2025-11-01T10:37:22+00:00,195
138df7f4f9aa5a2b9cd925d7c246e5a4a1defc65c86b9280ce4cd6a5474c1939,2025-11-01T10:37:15.611227+00:00,2025-11-01T10:37:22+00:00,195
d237e684583b8359876204bc96514bfe1607ac3ca0733a339ddc18be373c8947,2025-11-01T10:37:15.735031+00:00,2025-11-01T10:37:22+00:00,195
95d6b75567027cf9209810a5fb89218f894275f8f25bd52200c3ac3f91bdf57a,2025-11-01T10:37:15.864300+00:00,2025-11-01T10:37:22+00:00,195
a8f440b7a48c1f1feb6d91fd512e230c61ea3a75ab476e39cb8edebb7236f5a0,2025-11-01T10:37:15.992314+00:00,2025-11-01T10:37:22+00:00,195
515b0797c95d61248c837e418e2803175c944cf3d08ccfd8811379c4172d3513,2025-11-01T10:37:16.120318+00:00,2025-11-01T10:37:22+00:00,195
a070e1bcd4bef6979a7ad89dbe44b6cd99f72406087fe1186567fcd587f74ea5,2025-11-01T10:37:16.248705+00:00,2025-11-01T10:37:22+00:00,195
551e3f0ee67091f77dbba7cbffed4541cfd0546efe5bc854f343bf1325831e5a,2025-11-01T10:37:16.379367+00:00,2025-11-01T10:37:22+00:00,195
a4f785dcce2739ffa9eda6710b014dabe8755fdbc49390bdb54b26c1d75fdc8c,2025-11-01T10:37:16.504538+00:00,2025-11-01T10:37:22+00:00,195
29b8a1fa436f2e52c5f0ae6a589d0874ad0ac7e0dab4e1758c9ee69deb017608,2025-11-01T10:37:16.625668+00:00,2025-11-01T10:37:22+00:00,195
18ec5a75b6803959a3c1a00d02c9c99a095de18de3120c4f8d02f2f3db34f4ba,2025-11-01T10:37:16.758189+00:00,2025-11-01T10:37:22+00:00,195
3f59489df174d761c94320a80f1a394d5c8bca0b24c6917acaca64e6af1a7921,2025-11-01T10:37:16.886303+00:00,2025-11-01T10:37:22+00:00,195
5a540d696bd65fd016453e035f9c7100a8e76e83260cbc7c4b12340c950a67a3,2025-11-01T10:37:17.016184+00:00,2025-11-01T10:37:22+00:00,195
ac3036d534213a794bfce4ab32d3d893f05fc70192b73da3293ae06e6e4d6fc0,2025-11-01T10:37:17.146826+00:00,2025-11-01T10:37:22+00:00,195
27e2c02e4db1a77832c8a83ef766599c8e60c8ee833894df67f4b2cd2fe3a04a,2025-11-01T10:37:17.472686+00:00,2025-11-01T10:37:22+00:00,195
148d00a948279906ed074c885291a1946fedfa9109a3b1e21c4148e56f9588b0,2025-11-01T10:37:17.592473+00:00,2025-11-01T10:37:22+00:00,195
335c4ef0a8b2cbd1db2bc8ab9b29db806895cd6b85790671a3bbe5c3c772fd10,2025-11-01T10:37:17.716523+00:00,2025-11-01T10:37:22+00:00,195
1e537bdbecab44692e044f2349ebcd99587ababccda12c0f98acf281cde8b26a,2025-11-01T10:37:17.844397+00:00,2025-11-01T10:37:22+00:00,195
95b83ebb35521938a0e98b703dc15a9e07aecec39aac0c6d65f78b7a2b02e609,2025-11-01T10:37:17.967054+00:00,2025-11-01T10:37:22+00:00,195
5b016844c41656b753bccbde5bed728061068bf45f948de73949bf707e19c648,2025-11-01T10:37:18.087254+00:00,2025-11-01T10:37:22+00:00,195
eb4593ed18330f11201f9d29ddbc6409b028f2a83577240fd3b22c59f9df14f1,2025-11-01T10:37:18.209429+00:00,2025-11-01T10:37:22+00:00,195
4fc3f4e2f42ec9ebc7ff7f1dab2bbdc41bec462c61ab3b8e6b8e0a3fbb43cf17,2025-11-01T10:37:18.333041+00:00,2025-11-01T10:37:22+00:00,195
98ba5ecccfe78a99f73c86554aaecbe0d6254fd4c7d3264f4aacc4ba1695f832,2025-11-01T10:37:18.456889+00:00,2025-11-01T10:37:22+00:00,195
f1d62100014e6da48ac4c08652859c42d8dfacbcf8ce58a5f1221d6a86682c9f,2025-11-01T10:37:18.580747+00:00,2025-11-01T10:37:22+00:00,195
9dbc8124c4a684b6b69bb1e1feea11683b5f3d91ea2479e93bc7f9c324fa4b5d,2025-11-01T10:37:18.705777+00:00,2025-11-01T10:37:22+00:00,195
dcf6ac8534050ecda2042787dbc161df2b8b457932ab6a49b27cbd57683c94a7,2025-11-01T10:37:18.835484+00:00,2025-11-01T10:37:22+00:00,195
9770fe4c0611ed41f984de355b132b4296fc9e111e7332fc3f57c5cf372dad91,2025-11-01T10:37:18.962356+00:00,2025-11-01T10:37:22+00:00,195
f71ebd419c1ad0c0dc685a032dc82e974962f2a948b7db3f1c4e8a00d1930545,2025-11-01T10:37:19.084537+00:00,2025-11-01T10:37:22+00:00,195
4145ebb79301f0d7adf3d9fd1626b677ddbeb830fc09cc87650c06ea7313a132,2025-11-01T10:37:19.207076+00:00,2025-11-01T10:37:22+00:00,195
653bf831dd0d43a68e00ac48f2fbe85c5826ea39ea458b2768f3193e1e839936,2025-11-01T10:37:19.338121+00:00,2025-11-01T10:37:22+00:00,195
c675720fca69e19a67a974e65251df5aa59d756c13c3e4f237fde9c5b10be97f,2025-11-01T10:37:19.463588+00:00,2025-11-01T10:37:22+00:00,195
0d843fa806880004a9f24d3dea860cbdb7877005847b52360230d3e83a5e3378,2025-11-01T10:37:19.592781+00:00,2025-11-01T10:37:22+00:00,195
b3dd230a356692d5df73b65922cc7eb7960ba601e670856705b1cbe6059cb406,2025-11-01T10:37:19.736700+00:00,2025-11-01T10:37:22+00:00,195
17cc665ad4911bee10baee52448807f7d31bdde94cc526bf32997178089e4e36,2025-11-01T10:37:20.025070+00:00,2025-11-01T10:37:22+00:00,195
d81d4f0cc8605ef28dac2584350afeec997f1c0977fc0ebe9ced89b88fb66ddf,2025-11-01T10:37:20.148560+00:00,2025-11-01T10:37:22+00:00,195
7b864b31cef2299e05b8e2514cc53d1201593c6c22bba69aac1012079eec52bf,2025-11-01T10:37:20.278463+00:00,2025-11-01T10:37:27+00:00,196
98f1aa724c619f08847abb9db081a934b93a2207474e29931830d180de474f9c,2025-11-01T10:37:20.400236+00:00,2025-11-01T10:37:27+00:00,196
0154bd7fa7191e6f29beaaa99546f63e806b4145de47afd5e4efb0f25ad82b78,2025-11-01T10:37:20.525626+00:00,2025-11-01T10:37:27+00:00,196
14526827b6b6f316e5a3ff0dded09843098e0805c45aeeae8cf8319cfdced461,2025-11-01T10:37:20.651560+00:00,2025-11-01T10:37:27+00:00,196
4cfa5a237e71b1c8f1134826e3019f92a93f80e2dfb0921a14d841a13922c8c7,2025-11-01T10:37:20.777485+00:00,2025-11-01T10:37:27+00:00,196
0ecd847dd1165d9e5c68158c8a43a2fd19acf2813d326aca8fa5e43583f646b5,2025-11-01T10:37:20.903958+00:00,2025-11-01T10:37:27+00:00,196
c76be171b5b60b52cd7f8b0b295e2a0f92e63798d1a9c736d2b9c170c4e7118b,2025-11-01T10:37:21.027171+00:00,2025-11-01T10:37:27+00:00,196
4269ca03b28c0a68fb1bc8eb505723e8ec236f0b323813a2feff3304213b51be,2025-11-01T10:37:21.256998+00:00,2025-11-01T10:37:27+00:00,196
d83f71826f71cb35ba3ca525866f87421ce0f128d83ed4aac8acc89da8423ef5,2025-11-01T10:37:21.398430+00:00,2025-11-01T10:37:27+00:00,196
4232535cfafbf4879f44da3e8d0d34840272f12826e4dbe7b38b4d6e25c7fea4,2025-11-01T10:37:21.520483+00:00,2025-11-01T10:37:27+00:00,196
d9fd5c5d1ae66bdae8581a461507c65a7b5cc81d711d049b82f9af31987ceb89,2025-11-01T10:37:21.642230+00:00,2025-11-01T10:37:27+00:00,196
83e3a0b797c7fe4d5c21a77e98dad9742dcfcf8b4f44a1311264dcfa115bacfb,2025-11-01T10:37:21.776303+00:00,2025-11-01T10:37:33+00:00,197
7f52f7591d973395dc29b60450759c5ea745774882eaed320f0f03ea1ef567fa,2025-11-01T10:37:21.904299+00:00,2025-11-01T10:37:33+00:00,197
8339ba9a595aaf80c86a9c8266f1aefde092be39c29476a260046c9b358fdcc0,2025-11-01T10:37:22.029472+00:00,2025-11-01T10:37:33+00:00,197
fd3f338509d6c9e9debe9f7705273e6d93bec6ac762afbbc4dd56087e354444e,2025-11-01T10:37:22.152274+00:00,2025-11-01T10:37:33+00:00,197
e740d0146c67cc0d2096686589856669b34f716a81e038b558c4a1a043f152b2,2025-11-01T10:37:22.279603+00:00,2025-11-01T10:37:33+00:00,197
526a1165b077b47a86838fee70bf45d3ff20251fbecc35108b88d83091618118,2025-11-01T10:37:22.406040+00:00,2025-11-01T10:37:33+00:00,197
78df421e2b23fc19f0399d21e94b439a24aafe55209fa0ce577cff803b1c1441,2025-11-01T10:37:22.732788+00:00,2025-11-01T10:37:33+00:00,197
076b74abd3adfd23add38776096352467803f1744dfb0a5e1f5d1fcf9cb187d0,2025-11-01T10:37:22.854250+00:00,2025-11-01T10:37:33+00:00,197
af7921b89f9dc93d069c208a6c7c5fd81e9c5d93507bb497672e9519cdedcee7,2025-11-01T10:37:22.975314+00:00,2025-11-01T10:37:33+00:00,197
7d66da30078c366d1fc53a9b3752ccb0b96ef7e314cbb9e87d7a8cfbf9c48307,2025-11-01T10:37:23.101894+00:00,2025-11-01T10:37:33+00:00,197
04580548d67913954d09eda4d70f53846d64333730dad5ddc0cfda9a0478516d,2025-11-01T10:37:23.227213+00:00,2025-11-01T10:37:33+00:00,197
967928f56a2fe16e7b35bb0f13cc21642282bf41ef48e82ad021fb6ae0596cf6,2025-11-01T10:37:23.351440+00:00,2025-11-01T10:37:33+00:00,197
be0b87e5476e989a4cf66cfdb863881d8ca7a98a6794e675fda3f2d7484e96bf,2025-11-01T10:37:23.476350+00:00,2025-11-01T10:37:33+00:00,197
8b326d91163330dae8a6aae86cfc37593a1c79723f02d4ab4f159eff07c908cf,2025-11-01T10:37:23.598464+00:00,2025-11-01T10:37:33+00:00,197
9dfc299311a0956c200d18accbf770a00f07d358ed4bb46d227756453b4bd8d9,2025-11-01T10:37:23.718942+00:00,2025-11-01T10:37:33+00:00,197
79dd000dc3fd0c2d7cecea0ec9dcc80aa65543340151d9ec1a582501a9170445,2025-11-01T10:37:23.841259+00:00,2025-11-01T10:37:33+00:00,197
86e22a7e2a7769f669fb8e0b6db2eaa8ee1633c70ce87298aca1ce032cb1cc6d,2025-11-01T10:37:23.974573+00:00,2025-11-01T10:37:33+00:00,197
9cc1c501b37da004b8d123c0d32a84e64b97a4199df041dde69a823a21d053d8,2025-11-01T10:37:24.102477+00:00,2025-11-01T10:37:33+00:00,197
92801f0f55c44b3ee88f956a7114d44183b16032a6f9d55f18e6a13cc0757e1b,2025-11-01T10:37:24.225540+00:00,2025-11-01T10:37:33+00:00,197
f691a06718eba968ce57b6eb9c95a552cc1b6dab703b543a06a60a1a1b4a1979,2025-11-01T10:37:24.347428+00:00,2025-11-01T10:37:33+00:00,197
8e4b7d5f846efe24610841c54f44f2b74a77ba8bec8f040e6de05bf4c7e41d00,2025-11-01T10:37:24.470506+00:00,2025-11-01T10:37:33+00:00,197
9b73164ad6bbd9a05c03da60d81dca0e2a86197f7ffd4f5c2a05b5dac184dab5,2025-11-01T10:37:24.598592+00:00,2025-11-01T10:37:33+00:00,197
d4141828a15767339eaa7e4474052c883dad428a674b7920afaaa75731dcd5bf,2025-11-01T10:37:24.729539+00:00,2025-11-01T10:37:33+00:00,197
177b637464b090e3b17fbf58fb92fc9a3422db6d64289b88535c0fd9f0cfee3a,2025-11-01T10:37:24.860346+00:00,2025-11-01T10:37:33+00:00,197
64e7554379d970f0da986f37a58628ee807626a4ecfdb34ee491bb5bc5560afc,2025-11-01T10:37:24.993135+00:00,2025-11-01T10:37:33+00:00,197
30b59843b436215693b8acc3a2120fdda943040deb7cae630d64b31feba26c1b,2025-11-01T10:37:25.123862+00:00,2025-11-01T10:37:33+00:00,197
25bdca73b9007e55531eca444a67c9f04a355d1d36d530eae0e5a601725b7be3,2025-11-01T10:37:25.248652+00:00,2025-11-01T10:37:33+00:00,197
6115565d0c45f017d3e1960149a8d00c50a0d06f86d0480770be2a3f697b5708,2025-11-01T10:37:25.375595+00:00,2025-11-01T10:37:33+00:00,197
b87fb3084d622c7f22c294cd0f0124da62e1c30163fa0fefdf913b21b26e12cb,2025-11-01T10:37:25.498236+00:00,2025-11-01T10:37:33+00:00,197
ab1463dd81b9f139de2fa5654543ede78f67df1bee55b3c77b41d32c538fccf1,2025-11-01T10:37:25.626211+00:00,2025-11-01T10:37:33+00:00,197
db96d741738b42fc3a2f0a97b79b894587220627cab3e3779cffea6bb844a0c6,2025-11-01T10:37:25.751096+00:00,2025-11-01T10:37:33+00:00,197
39adc77ef340d07bf5dc67f78b63472103a13200bbacd15149395da48969b79f,2025-11-01T10:37:25.880397+00:00,2025-11-01T10:37:33+00:00,197
baf3e51e5db7d94f5630dd09dffc7fad1611ae57e28b40847031bd1758c62ada,2025-11-01T10:37:26.006033+00:00,2025-11-01T10:37:33+00:00,197
5003d4b7fdf05f43d91cb9a8a4bb8697b8cb9080956b462254fee271475aadac,2025-11-01T10:37:26.130771+00:00,2025-11-01T10:37:33+00:00,197
1a1679d526d76a492e6c95f595aa5898956adcd5a750ab53b8458c27d76ed0fe,2025-11-01T10:37:26.251969+00:00,2025-11-01T10:37:33+00:00,197
1ddc11916603d3c2e299ec9d0fdb35bc1218f70aa5e80a381c66941d77a17481,2025-11-01T10:37:26.374104+00:00,2025-11-01T10:37:33+00:00,197
9d991ff2cf736d5b7990f396ca1ac881979bc243dc8d92794b4c9b8b5c58cfbc,2025-11-01T10:37:26.496670+00:00,2025-11-01T10:37:33+00:00,197
d99f91a35ed87378f18220711f6f4859d83bba8769874e038eda597c6cb4a957,2025-11-01T10:37:26.620825+00:00,2025-11-01T10:37:33+00:00,197
e6e6830b2f95e8ce5188196eea43c7b75c5597bd79c2c844a944d2d4f14861dd,2025-11-01T10:37:26.749244+00:00,2025-11-01T10:37:33+00:00,197
51133c4b45c69565ae565130634f132bcb65c93d37819e658e433d7874f537eb,2025-11-01T10:37:26.872293+00:00,2025-11-01T10:37:33+00:00,197
148b649e354f93a3398877a9cef62739c5b7baa664eca7f00ff8f644c0594185,2025-11-01T10:37:27.004504+00:00,2025-11-01T10:37:33+00:00,197
11e2bddc4933e11289386f748afb51672ef07f8e09ec69f46065f68444811a21,2025-11-01T10:37:27.135153+00:00,2025-11-01T10:37:33+00:00,197
da503ec7aba11b3170c3f522481fd21d875f64739b5a1a090ed340807430325d,2025-11-01T10:37:27.263151+00:00,2025-11-01T10:37:33+00:00,197
12a39bb5804e7dadc46a259232d5ed46f1334e62aadb61835ec642f457398ff3,2025-11-01T10:37:27.390420+00:00,2025-11-01T10:37:33+00:00,197
66665745b427fdc974e61c14268b9fef628af40d3f2795cdc77aa50601755636,2025-11-01T10:37:27.516245+00:00,2025-11-01T10:37:33+00:00,197
e1b121e4c34a3a063e0d783008ddeef2cff76755a73fbc1042b860910b11f089,2025-11-01T10:37:27.639845+00:00,2025-11-01T10:37:33+00:00,197
16b439d1ca59a5d0484e3d7d51c48d9d8997a39e90637041ba96c14f2b1050a7,2025-11-01T10:37:27.979446+00:00,2025-11-01T10:37:33+00:00,197
beec17f5009ffaf5b2eed0271ad85fcbd1e848c36119362df760941cff411dfa,2025-11-01T10:37:28.108134+00:00,2025-11-01T10:37:33+00:00,197
dd765dac92c1bd59de0db4a072ee5db61e372eab010ac15de092fd6a14a972f8,2025-11-01T10:37:28.240822+00:00,2025-11-01T10:37:33+00:00,197
ee4a265a4e52696de250da6904e61af2fb1af820c49ba1b5cf2459d571d32aff,2025-11-01T10:37:28.368021+00:00,2025-11-01T10:37:33+00:00,197
c2caac8486aa2becf17429db07e5b3e509444207a95bca758607ed6c8b568e13,2025-11-01T10:37:28.496425+00:00,2025-11-01T10:37:33+00:00,197
759df318a2e164484b4982974e4dc218a1744dfd1e5d37d3d450849491f50fe1,2025-11-01T10:37:28.621144+00:00,2025-11-01T10:37:33+00:00,197
9cfdcd96eac1adfb7b1a4b50f6af5747e0b44b1cb0b02467fd97338a4155a87b,2025-11-01T10:37:28.754823+00:00,2025-11-01T10:37:33+00:00,197
4b2582c75e0e4a52338c5831a707e44364b1b58fe6f7a51850d6dc4da637f463,2025-11-01T10:37:28.888196+00:00,2025-11-01T10:37:33+00:00,197
4dfa5d087e45cffd4f4784f64734d3f22c241681501c10839e1d02134cbcf5ec,2025-11-01T10:37:29.013848+00:00,2025-11-01T10:37:33+00:00,197
6061ff778ac68a50e7da157b4f2dbc3ce3843fcd5bd0c9207c3f85f08023c1e1,2025-11-01T10:37:29.142402+00:00,2025-11-01T10:37:33+00:00,197
7a44c24d81f5cce679a2b9992e403e982dcb67c4d2efae13c14e12c78b35542b,2025-11-01T10:37:29.270697+00:00,2025-11-01T10:37:33+00:00,197
67a992ddc6c78e10072ab8dc4d147d9e1c1fddd08932306313c3cd471b9382f7,2025-11-01T10:37:29.402195+00:00,2025-11-01T10:37:33+00:00,197
cdfb9b12095b28c9865e3bfe6d7a6aaf774c495d4bc25acfa7022a2f526a0612,2025-11-01T10:37:29.527238+00:00,2025-11-01T10:37:33+00:00,197
6367b8d1e2a1307b81039044f3b6723781f1c99f40ff011cdceea14e7481b017,2025-11-01T10:37:29.655429+00:00,2025-11-01T10:37:33+00:00,197
75e8ec9e79c6c172118015315deb4dda998a5f046c2d6cf261ff59f1c8238954,2025-11-01T10:37:29.777363+00:00,2025-11-01T10:37:33+00:00,197
988f468b9ad41e43132c67d1407807f0d82341a73ec3ee36327f312f05d9772d,2025-11-01T10:37:29.904546+00:00,2025-11-01T10:37:33+00:00,197
df94538f6784806bd17eb0a7031ee0e076ae028dc2da18a28710e7009e9a6682,2025-11-01T10:37:30.029215+00:00,2025-11-01T10:37:33+00:00,197
36aa4ec1befe7b192e31e0dbc8a78f4f694e79434655c78776b93cd7d368c8f2,2025-11-01T10:37:30.155452+00:00,2025-11-01T10:37:33+00:00,197
26ce81d11be624ca431a80368dfe03a5e27c4b48837f2415dd37c48eb3c54560,2025-11-01T10:37:30.286513+00:00,2025-11-01T10:37:33+00:00,197
e8b0412f12526f61faf8a6181764f6b0f99dd9ef35ab6cdea88d00de2774ac82,2025-11-01T10:37:30.414833+00:00,2025-11-01T10:37:38+00:00,198
5a4ba133eb54b587cb25b70dd06eed316f44f7deda36d42fcc97e5cade8c4ec3,2025-11-01T10:37:30.546288+00:00,2025-11-01T10:37:38+00:00,198
dd4c92e9bea713f3ac7bd09b9ae9e7bea3bb52c2cbbce5c7a7fc7e97f7f43c40,2025-11-01T10:37:30.671156+00:00,2025-11-01T10:37:38+00:00,198
626b1328564fccb38e85d13cbfbc3ab976cfa5a981f72590991d964f77d5de8e,2025-11-01T10:37:30.799325+00:00,2025-11-01T10:37:38+00:00,198
339e5c04fe85834a3e82d9b712494b541d8a11a58a155716208a8a9f8607d598,2025-11-01T10:37:30.927690+00:00,2025-11-01T10:37:38+00:00,198
56969a0688c30d69d9bdcc0791304dc5ad123a93c358f91dcd29b2015ee9730a,2025-11-01T10:37:31.054206+00:00,2025-11-01T10:37:38+00:00,198
168c5e6ed7a0f6e3404e546adf5c80ae30db20d77f669e7619cc0a108b4213ec,2025-11-01T10:37:31.187148+00:00,2025-11-01T10:37:38+00:00,198
5760eedfd7b7b8d9a70d5c45cd8b2fa9d570243f097ebd60bc054af4f9fb8fc6,2025-11-01T10:37:31.314809+00:00,2025-11-01T10:37:38+00:00,198
1b21c18abcdc96350f5afbc769c0ec77dde0743f35d932f5193628d7fd3bfa32,2025-11-01T10:37:31.434609+00:00,2025-11-01T10:37:38+00:00,198
b3cc773cfcbb31c1c535b6e2cdb9cdcddd99774bb5af175e23e1294a4be89ae6,2025-11-01T10:37:31.555902+00:00,2025-11-01T10:37:38+00:00,198
30d7c0e4d6eddcaac4c9a34f163881dbfa826d693b33aa59f7f5efb4550e3bbb,2025-11-01T10:37:31.685109+00:00,2025-11-01T10:37:38+00:00,198
04aa2a59289480b73c0db9b03eea7df7d7de457c91213af9c7f1a6c0b0326d33,2025-11-01T10:37:31.807248+00:00,2025-11-01T10:37:38+00:00,198
89199b3ff65483d4e4c490ce83864c20b33bd5b73f6200e0c9e1752deec9f063,2025-11-01T10:37:31.935231+00:00,2025-11-01T10:37:38+00:00,198
c17a17438f849536776a6e100ebeea8c6d399ada36ff18f59f07ed230e832a23,2025-11-01T10:37:32.055843+00:00,2025-11-01T10:37:38+00:00,198
d8adeac106a41b748f1c6d96c9e8c04c610e51c9adbe5d75c4eeeb661069dc05,2025-11-01T10:37:32.180385+00:00,2025-11-01T10:37:38+00:00,198
4dc03d66d5c246d1d89e439c169b22f6e12feb94b3d5b1fe0b4ea341c5a5d215,2025-11-01T10:37:32.307961+00:00,2025-11-01T10:37:38+00:00,198
c83c79bf4f5570a13e9914832567dd262dffbcf28c7b1879474f77ae1916c0f6,2025-11-01T10:37:32.436095+00:00,2025-11-01T10:37:38+00:00,198
6d7d985103c1a998659a68b760b1c14208e4613c711ee7f967c4503d71fae63c,2025-11-01T10:37:32.559108+00:00,2025-11-01T10:37:38+00:00,198
acd77058c39d4169fa63df34471baa7b63219a031c39135c09986fcffa31c494,2025-11-01T10:37:32.682815+00:00,2025-11-01T10:37:38+00:00,198
6dc03c6b8e222a260f7c0ba495a8f1172fbaef21a0acdc182c656b9e79d9990f,2025-11-01T10:37:32.805026+00:00,2025-11-01T10:37:38+00:00,198
e15d2de1f377a5b22e2b75ddf6dda14bf920dd6e2f9288ac8dcfa42c4d978ecc,2025-11-01T10:37:32.930534+00:00,2025-11-01T10:37:38+00:00,198
3e45cacfa316de78818cdf915d48e3780fd2bf8e8ab1a55ddc19b78c1dc4ae92,2025-11-01T10:37:33.267195+00:00,2025-11-01T10:37:38+00:00,198
f489e6b0b0dc0b5734dd0e17713b4ad80b162fcc62817b28ea462782e7ac177b,2025-11-01T10:37:33.388280+00:00,2025-11-01T10:37:38+00:00,198
f54e3b9e64317d16649c3f7c73ea26df2329892d926af48b307a7f722937366f,2025-11-01T10:37:33.509783+00:00,2025-11-01T10:37:38+00:00,198
245248fc3c387c88772c8fd7ee3f795da5277b0f8dd6cc9f9958b7fa849c4d2b,2025-11-01T10:37:33.627541+00:00,2025-11-01T10:37:38+00:00,198
035791de6f3803c12c2cf3b50ea5f78e78d1261197fa15a0b40d8df3c2c1f7c7,2025-11-01T10:37:33.747932+00:00,2025-11-01T10:37:38+00:00,198
59874e2923c7ac260f22ed5e832780e25fd6d706ef82c4e8831e294f54d9c8fc,2025-11-01T10:37:33.869614+00:00,2025-11-01T10:37:38+00:00,198
1a7db716694022213021ddf9ec1a396235c4b9e5506c8b699838954d92aa6e34,2025-11-01T10:37:33.989111+00:00,2025-11-01T10:37:38+00:00,198
780f4454aa0082d193243c2cf410116c36fcc3e74080fa27fa19a3b33cc63f95,2025-11-01T10:37:34.109804+00:00,2025-11-01T10:37:38+00:00,198
b0f93c911316402c42d5e4fb83208a5d05a0832b06ee26963c51eaed3b784da4,2025-11-01T10:37:34.227298+00:00,2025-11-01T10:37:38+00:00,198
0aba5cab7ac155d55f9f7065d3128921236f9bfe770c9ac6889713a7d362b0ed,2025-11-01T10:37:34.348636+00:00,2025-11-01T10:37:38+00:00,198
89f35adf67a634488d86a1349cd060925c611940124567ebb21efba2b801b78e,2025-11-01T10:37:34.468360+00:00,2025-11-01T10:37:38+00:00,198
7be208dbe6079978fbeab33abb9f01714550ede2589cc99b499309ceb77db02c,2025-11-01T10:37:34.594161+00:00,2025-11-01T10:37:38+00:00,198
4e062d1b1eeaa179f8bf95ecbe90be7d67c416e8a4a5fe70c7058a55b182969f,2025-11-01T10:37:34.715175+00:00,2025-11-01T10:37:38+00:00,198
a5a23e1558d0e9b68d66b72a38ca26f5f4c626515737d8c176d3a487b4390795,2025-11-01T10:37:34.838950+00:00,2025-11-01T10:37:38+00:00,198
d1369fb39500c427ec5fbbed8130b4d45e9278ca578a0c2b0b7d224e3c81f5ee,2025-11-01T10:37:34.961510+00:00,2025-11-01T10:37:38+00:00,198
76533616e1c0706f2c1f8c8313d83258dc41f617dc21db945d78aacdd48c9f64,2025-11-01T10:37:35.082836+00:00,2025-11-01T10:37:38+00:00,198
0f8b801b2fd9d0caac8bb01607a85073688a97086af4a555ec63ed5866746f76,2025-11-01T10:37:35.202820+00:00,2025-11-01T10:37:38+00:00,198
8a5a06906b66f48caed4c5305b9152172273e6da54699d78d3a4b5fc874d11c3,2025-11-01T10:37:35.322669+00:00,2025-11-01T10:37:38+00:00,198
76ac820a515dde311fad179a8ed8f2e024a926ad64c46b5b9bce7ce8256b939a,2025-11-01T10:37:35.441094+00:00,2025-11-01T10:37:38+00:00,198
56fef9bccca0c3c598281982bfdc26993308be4aa7f1d6172523e57a62c0c160,2025-11-01T10:37:35.566507+00:00,2025-11-01T10:37:38+00:00,198
080be00fd34e8ac491a3b0ef76a21a018b7e099511f61f84f04f03e96f481fc6,2025-11-01T10:37:35.689855+00:00,2025-11-01T10:37:38+00:00,198
537caf9befb79d02a080b604b9d545dade56c1d1cd9bb3f349a6e4bdfc6ae345,2025-11-01T10:37:35.820241+00:00,2025-11-01T10:37:38+00:00,198
8f554097637253b8b45fc408565ace4e5e1b103a96987c8faad7a6e45aa7cd3f,2025-11-01T10:37:35.949799+00:00,2025-11-01T10:37:38+00:00,198
3107803baaec179fba746aaace84e8fa61adb7de569eda45dc68c1074f35bdcd,2025-11-01T10:37:36.080294+00:00,2025-11-01T10:37:38+00:00,198
480ec8ccdc0950b5b34922f39d97f9f91a1c25133ed023e49f87afb768c4f9cc,2025-11-01T10:37:36.202735+00:00,2025-11-01T10:37:38+00:00,198
6da0817f1543a0d581e9891fa8ea4edba48f7ad0f022a6e1ae523473ccfb4065,2025-11-01T10:37:36.329989+00:00,2025-11-01T10:37:43+00:00,199
19c829ad5ce7b2bf130deac88188ac097ce22b039b746e5ecfdf7a12a615709d,2025-11-01T10:37:36.454837+00:00,2025-11-01T10:37:43+00:00,199
037fad6f3601e951bfa63f96a29c4864dccc07c45710880d4c1ef7ffda89d223,2025-11-01T10:37:36.581083+00:00,2025-11-01T10:37:43+00:00,199
27f9fccade04692744b50f91e70528dd8d9f94ac4c27605e5e60cbcb18a574f3,2025-11-01T10:37:36.713118+00:00,2025-11-01T10:37:43+00:00,199
8e7349d360e7858f2db9933c95163e334feef1004cbd0ef27b3b7f036ba82aee,2025-11-01T10:37:36.839827+00:00,2025-11-01T10:37:43+00:00,199
c0731dfdbca9ea7571c00aa681e48f148dcd86c09a5a6a27d4cd104804da2541,2025-11-01T10:37:36.965423+00:00,2025-11-01T10:37:43+00:00,199
c74deca9ef87303e6f93c7391dd9e6e6bb482cd10645d9304025683757843a8a,2025-11-01T10:37:37.099844+00:00,2025-11-01T10:37:43+00:00,199
6f00a55d3761b1707027a421798fa3cbc14856f272720616b99153acf17a9e31,2025-11-01T10:37:37.224168+00:00,2025-11-01T10:37:43+00:00,199
4b96524b6213d368e30dffcc081f6d6200c24218eff61efce9b9e8d5b149d085,2025-11-01T10:37:37.353149+00:00,2025-11-01T10:37:43+00:00,199
c28c701a6ba076d3be90143347e5a4f7179f62476532cc8df8916a1e9f0b0fbc,2025-11-01T10:37:37.484061+00:00,2025-11-01T10:37:43+00:00,199
bc38a01fbf54f02b2e7072c57727d9c4595eb6be3e220b0a206b0587f6fb30d7,2025-11-01T10:37:37.615190+00:00,2025-11-01T10:37:43+00:00,199
33f670fd5fa82f2a1a655f0c247242b1e0ea2910f867084ba1a75eab4b25d0f4,2025-11-01T10:37:37.743533+00:00,2025-11-01T10:37:43+00:00,199
a1efc906cd6f3d085210e49672156a4a1790f85147065841ca699e785961163d,2025-11-01T10:37:37.875626+00:00,2025-11-01T10:37:43+00:00,199
ea9e98bce03c2a4161ac0b178ce539e033bbf8a45c6cc9caf10f3a8488bc9f30,2025-11-01T10:37:38.002948+00:00,2025-11-01T10:37:43+00:00,199
0b65925b12b6122eec7f2d7e01ac2d299a0120ce990ad0d846393d55cd44c141,2025-11-01T10:37:38.134581+00:00,2025-11-01T10:37:43+00:00,199
1a03c121b5b148dc05500a28f580c2ab8308dcf1f29e9deefea67dc2f8441bbe,2025-11-01T10:37:38.262170+00:00,2025-11-01T10:37:43+00:00,199
cf9813dd02908fed03c34be29903e85d944d1a24f95548f5a05a1da5052a0fe6,2025-11-01T10:37:38.586109+00:00,2025-11-01T10:37:43+00:00,199
c7ef56fdb34e0f2db0b892cdbc5f26bc3c028ba648352361c3a2decc2391a1d1,2025-11-01T10:37:38.706019+00:00,2025-11-01T10:37:43+00:00,199
8240565153e4d13faffa03d30a6477ca2f80316b637d28d75b56b3089b269b04,2025-11-01T10:37:38.828356+00:00,2025-11-01T10:37:43+00:00,199
8ac43eb3b537eb9aa89e6392c4bc02a2e704cce03bd5eeb8dc52b3b913ddd3c0,2025-11-01T10:37:38.951104+00:00,2025-11-01T10:37:43+00:00,199
e72e519fe531fcb1a0470f4e15e88c9aa892bf3c70d3d59fd2acace8e9b75fb3,2025-11-01T10:37:39.074388+00:00,2025-11-01T10:37:43+00:00,199
9bec1effd8ea9b48a2ef2ab6c7dcdda9f1308d3eef2f2dab71aeab6bf79ec87b,2025-11-01T10:37:39.197101+00:00,2025-11-01T10:37:43+00:00,199
fb4c4630f972abadbf077e85c362909f94cef587096c50277e20c2419564f0d9,2025-11-01T10:37:39.320200+00:00,2025-11-01T10:37:43+00:00,199
75179e833d43f11af217895ce5a203dc8fe3e677bd690f056fb4b8a9e042b879,2025-11-01T10:37:39.441933+00:00,2025-11-01T10:37:43+00:00,199
f56f56ae24a3a975173ef09ab6a6f16934669d7d5ae1caf311dcce08831c7542,2025-11-01T10:37:39.566407+00:00,2025-11-01T10:37:43+00:00,199
ba9dfe914204139b7d9340c5324d82ab5bbdf26df5d6cc930ecdbdd998f8231e,2025-11-01T10:37:39.685260+00:00,2025-11-01T10:37:43+00:00,199
d197b006575fd549cea62d70c49605af82d88b91cedd1864b8b412a495879071,2025-11-01T10:37:39.813104+00:00,2025-11-01T10:37:43+00:00,199
6143e0e2337208932ad3b2e569798cef7c1d6ad9a745c00e3ee366cdb0cdcbf3,2025-11-01T10:37:39.941007+00:00,2025-11-01T10:37:43+00:00,199
e0a9206855cf0ed2f9a1ae69b8c5b16bc556f5d8ff5b44ce38a96a16bc66122d,2025-11-01T10:37:40.067664+00:00,2025-11-01T10:37:43+00:00,199
f59030b630248b57c62d44c052b7ab3b654504722e59e19b336f9f21877977ff,2025-11-01T10:37:40.196423+00:00,2025-11-01T10:37:43+00:00,199
4ed9bc91334ec17210f463436b0f1a41bb65aaffbb55d8eb125e66b68e72662d,2025-11-01T10:37:40.325392+00:00,2025-11-01T10:37:43+00:00,199
c20bb401ede9dfbdef5d892caea89936c57dba95526a21b3960526aae3ea9691,2025-11-01T10:37:40.452996+00:00,2025-11-01T10:37:43+00:00,199
f06d5f70f122bce1b0b760d216e1f1e91dca6475fc5bf17935a263e7393be2ce,2025-11-01T10:37:40.576564+00:00,2025-11-01T10:37:43+00:00,199
404a4a9c3409edbe595fb98ad4af9f3b446472f7e47bac44355d5b5bc9454f89,2025-11-01T10:37:40.697953+00:00,2025-11-01T10:37:43+00:00,199
0222b592bd0568f26914d7fb9d90082cf9d5c6a5be549cf359810bd2e7f727f1,2025-11-01T10:37:40.820063+00:00,2025-11-01T10:37:49+00:00,200
75f8d8c8669ec51e30bd6c2b391734b2829591dd22d3e620197b9f7207c8b79f,2025-11-01T10:37:40.947593+00:00,2025-11-01T10:37:49+00:00,200
5cecd3ec25eb1b5431ac9b93223875cb9861101eb18be575c8aa80a8361f72e6,2025-11-01T10:37:41.076432+00:00,2025-11-01T10:37:49+00:00,200
47456926768338d52cbb0f2ae82e6159c5afbe958d6c47ac54c932d1b3e89e63,2025-11-01T10:37:41.204052+00:00,2025-11-01T10:37:49+00:00,200
0add6815b085bdfda93a9361764c705eb6b915a3acecb1aa0e21c2f100cbabe8,2025-11-01T10:37:41.333012+00:00,2025-11-01T10:37:49+00:00,200
69b58e547a1528014e53e74c6c143efcc374d90dfd3012f3857c3213d3bf956f,2025-11-01T10:37:41.464333+00:00,2025-11-01T10:37:49+00:00,200
5107779678a5de428d0a205fd1a014d7598165460b7d17d7f25e06fd3f7fbbdb,2025-11-01T10:37:41.594649+00:00,2025-11-01T10:37:49+00:00,200
b36984db5338119c51fa5e889954b417dc6ce271e8f9a610fd6bb397bc29f6ae,2025-11-01T10:37:41.726161+00:00,2025-11-01T10:37:49+00:00,200
33a1b35b6a72e3ecbb564f3074ee4c5eae74079ee540f29ccf428676ac62e4b4,2025-11-01T10:37:41.851305+00:00,2025-11-01T10:37:49+00:00,200
f154cf879bf5eae2d7e316bc896587f1ac7ae8418d5ce703ca42b5208c6e7bbc,2025-11-01T10:37:41.985159+00:00,2025-11-01T10:37:49+00:00,200
1d6193bb8128dc0be9a0cf62989f550537d3f68009f6f262fa6c9e8d71eb4d24,2025-11-01T10:37:42.110605+00:00,2025-11-01T10:37:49+00:00,200
1c4da0b7452bedc53450c54099c9c8b5efd72559ccda0760788c409b8d1344b3,2025-11-01T10:37:42.256628+00:00,2025-11-01T10:37:49+00:00,200
81094d622b9f900557f95520fbf7e3922a51c2294715cb6004f219cb54474967,2025-11-01T10:37:42.379624+00:00,2025-11-01T10:37:49+00:00,200
175578f5230b77cd23004dc3a4d31c3f910a7c37f92fc1797fd6714a7166ec28,2025-11-01T10:37:42.571569+00:00,2025-11-01T10:37:49+00:00,200
7bf48c5d17188d468cc3bbd0fe297ba430ba8c1a3c3a1df1119af99dcbdcf447,2025-11-01T10:37:42.697522+00:00,2025-11-01T10:37:49+00:00,200
ad6a12dbce0d0d25ff4f439a5784d227c322ce9c9e4875aec72f7d8f360342ff,2025-11-01T10:37:42.824977+00:00,2025-11-01T10:37:49+00:00,200
3fbd5aceb2f7eb5a707b31f000218f7aba6023d9a6c64aefbba8aaa5ab62c3c0,2025-11-01T10:37:42.948407+00:00,2025-11-01T10:37:49+00:00,200
109873e9224f3a29ab23ecb31f19926e722a33fe3c2bd8fc866b50da9dae0be8,2025-11-01T10:37:43.072714+00:00,2025-11-01T10:37:49+00:00,200
098eab9f0d536423fbd674fae6e7f13626f5004027a86292b7b5e349cc2c1116,2025-11-01T10:37:43.202353+00:00,2025-11-01T10:37:49+00:00,200
ebaa09bb344587fde7aadd8bd58812d1045fd5691ace02bcf6b01fc9ba3b5495,2025-11-01T10:37:43.328676+00:00,2025-11-01T10:37:49+00:00,200
321b2d0bb9d8c14cd8fe18819ef26bf85c14225394c87b0f53afd1254bb1f599,2025-11-01T10:37:43.454951+00:00,2025-11-01T10:37:49+00:00,200
716c2ece75c221e136f6613c0576cde96d7231cb6c91f4751537452f4647aa53,2025-11-01T10:37:43.581662+00:00,2025-11-01T10:37:49+00:00,200
82bbeec3b646ad1bf299fd7880e2d55ac7093851ca2f9f7b351406de186c4b15,2025-11-01T10:37:43.907679+00:00,2025-11-01T10:37:59+00:00,202
2962e777fadd0f35cbfb9839e2574f3e2ce6b2af40fdaf72ed006d3f0c1cef5a,2025-11-01T10:37:44.033918+00:00,2025-11-01T10:37:59+00:00,202
4f45799c1c289c50dfd3f02b217dc4f73639197b1016ac54e8e06abd8a8a4fdb,2025-11-01T10:37:44.156786+00:00,2025-11-01T10:37:54+00:00,201
a91c1bded034cbb33fafc4bc3a0d26f6128012214a417902f8f53491d7c8e8e8,2025-11-01T10:37:44.281107+00:00,2025-11-01T10:37:54+00:00,201
51fcf432f6c7f3f00e08f969d7668e728f49f64018c69ea5040b9d533f4f2bf3,2025-11-01T10:37:44.409189+00:00,2025-11-01T10:37:54+00:00,201
ff485c2504d460f101594d642f958baa737e822a87f30134f8c4dd9f50690833,2025-11-01T10:37:44.540692+00:00,2025-11-01T10:37:59+00:00,202
4b249c4c7ed8be5d069d05eccd972ecea436b930a8c2f8e47a843bc54442b628,2025-11-01T10:37:44.666601+00:00,2025-11-01T10:37:54+00:00,201
7befd280cbc0c4576def4b0e677083146208ad933497ec7471859880e8f1faf3,2025-11-01T10:37:44.795719+00:00,2025-11-01T10:37:54+00:00,201
43427ec79582bb59d4022a60dc773727dfecac2399dc04a3b3e041e8a39ab45d,2025-11-01T10:37:44.921206+00:00,2025-11-01T10:37:54+00:00,201
2664ec2d26c583e2f121c778b405909f868b70dc1e0572096e5171e9ff4c734d,2025-11-01T10:37:45.047610+00:00,2025-11-01T10:37:59+00:00,202
b39d4d82354bb520040d80ac410a086fa539d875d44d145844a897a8158d369e,2025-11-01T10:37:45.173378+00:00,2025-11-01T10:37:54+00:00,201
a1e1da66d0bef33258c1bc636157cb7cc53ecd0f390203eeabcd6badb321e43c,2025-11-01T10:37:45.305823+00:00,2025-11-01T10:37:54+00:00,201
2f83069ad412b0909991e4e91c54749c73deeae83b47a3dc0c019349c02adb16,2025-11-01T10:37:45.432655+00:00,2025-11-01T10:37:54+00:00,201
3bec9b7bdebf5cd2fa722ecbe7926c00bfb07246fd93e4053b7766cbd8d78c3a,2025-11-01T10:37:45.563699+00:00,2025-11-01T10:37:54+00:00,201
6afcc3a43d20897f838450b22efc6e6dfe348d471d3e8b2aa4ae79bf8c0941d4,2025-11-01T10:37:45.691458+00:00,2025-11-01T10:37:54+00:00,201
059273474cd73c68ad312308d244da949f172160238687e7bed5e9fbe6b833b3,2025-11-01T10:37:45.820203+00:00,2025-11-01T10:37:54+00:00,201
f27d5493a7c501219c57d71ca418fccff0e35535abb6a14e6abf786a507aca69,2025-11-01T10:37:45.950752+00:00,2025-11-01T10:37:59+00:00,202
dfe9eed17cd6b20f329dc8867a4c94bed6c51eba3c5dd3fa522a98ab1601d93c,2025-11-01T10:37:46.078198+00:00,2025-11-01T10:37:54+00:00,201
2a79546c1af89413017e4294d2bd0219ad38c4db096d47813ed1a5393a4edc81,2025-11-01T10:37:46.209550+00:00,2025-11-01T10:37:54+00:00,201
84270c7667516a6e5eb36b4e17737e90ca5c5939ac5f1b0111bd6d111bae9efa,2025-11-01T10:37:46.341384+00:00,2025-11-01T10:37:54+00:00,201
f535642b60c4d52a37a746d4700133200abda78200194337a88fc6f90b471c7c,2025-11-01T10:37:46.468275+00:00,2025-11-01T10:37:59+00:00,202
569cd4abd78a88b3d4a281f0bb282efd4a23570fd65f5631e2fad8c43ee9d854,2025-11-01T10:37:46.596750+00:00,2025-11-01T10:37:59+00:00,202
af1807158f26e05a2f710d3772ab5ad5ac949b6d313016fdf3bf911f76951513,2025-11-01T10:37:46.719877+00:00,2025-11-01T10:37:54+00:00,201
4d4538e7cbe45eae9df2abbaaea40ebd405462f5a9bd4ef08e7943d10c1fd481,2025-11-01T10:37:46.848789+00:00,2025-11-01T10:37:54+00:00,201
0a621d2c57bda4b2f4650fb72de09a4f55e22d5e0e76b2623ece7f8b0b4bdd52,2025-11-01T10:37:46.974831+00:00,2025-11-01T10:37:59+00:00,202
399da0aa4599b0dea767369b440d3771511a9da8c518bca9151ac558b6505dcd,2025-11-01T10:37:47.101083+00:00,2025-11-01T10:37:54+00:00,201
7c6fe02bc51fede206e34cc540ea50bc3fab95eb484e0c54d64bc202b063ccde,2025-11-01T10:37:47.232040+00:00,2025-11-01T10:37:54+00:00,201
7bc080cfd698e854dcb1e190d47c84250f6a38af5f746bb0e659d5eb246ba939,2025-11-01T10:37:47.364813+00:00,2025-11-01T10:37:59+00:00,202
33d577b4f6131b928a01bb4d3484fb3b5c00adf4c65745b0c5f7d32bb6625a83,2025-11-01T10:37:47.493056+00:00,2025-11-01T10:37:54+00:00,201
61cc44e0a765f8a3ae36bed503163a462a77d9d4b90c9600a9f5864be15239af,2025-11-01T10:37:47.629140+00:00,2025-11-01T10:37:59+00:00,202
4becc0e6de1edea80b06692eb756c035af29f7fe99f8d7500df2c9cda860cfee,2025-11-01T10:37:47.759493+00:00,2025-11-01T10:37:54+00:00,201
3aa114568ca3748761798403bf4e18bc8a4d694a3c2a7553eeb04d481d40bbf9,2025-11-01T10:37:47.885822+00:00,2025-11-01T10:37:54+00:00,201
7d0b59747039494f393d8b6346edb0b688fadb2a6500681ed339e71f2b04c463,2025-11-01T10:37:48.009638+00:00,2025-11-01T10:37:59+00:00,202
8a225476b87145b6337046568d12e61bca98695d685e38a0cb36e4e34c430546,2025-11-01T10:37:48.141670+00:00,2025-11-01T10:37:54+00:00,201
fadefe3522dc7266d90bdb61168a8790c9c3a46efdcea61ac3079cf809d6eb85,2025-11-01T10:37:48.267385+00:00,2025-11-01T10:37:54+00:00,201
d86722ecd6cf1d7752fcc9de69395e44633da525ab70a9410da0a9f57183bcce,2025-11-01T10:37:48.396974+00:00,2025-11-01T10:37:54+00:00,201
9c13177d978786a1835d5f2ba8b61f51de114d6cc2f1136a0f786737153e1436,2025-11-01T10:37:48.527625+00:00,2025-11-01T10:37:59+00:00,202
c7a68a326d29668237ab8ec1174491beaf936ea5f33349dce1cc26e42827e84a,2025-11-01T10:37:48.654637+00:00,2025-11-01T10:37:59+00:00,202
3cc78c3ba832f5596d9ec38152ecc8009835a4292fc791d7a5bfbbbd517e3c63,2025-11-01T10:37:48.784494+00:00,2025-11-01T10:37:54+00:00,201
28e6afc2457995f0fc706fc27762753c057a675c9982265879d215d25e200673,2025-11-01T10:37:48.910150+00:00,2025-11-01T10:37:59+00:00,202
01b4b4ea046b180b130f2020fbe566a3dbae5c12e93f1a4eaec93230d9a31a00,2025-11-01T10:37:49.543958+00:00,2025-11-01T10:37:54+00:00,201
47c5950f4145c6e61a95ca51ddf6efc79824b11111ffffe86b976b4bec852ba9,2025-11-01T10:37:49.670206+00:00,2025-11-01T10:37:54+00:00,201
87cbf03f0da5793ff2cb0051a4fb37499862beb441f6f43fd8a6001fe08265a1,2025-11-01T10:37:49.805496+00:00,2025-11-01T10:37:59+00:00,202
08869126bc69eaeac2ddd14c387d1881bba173fd9fe6288436c5c1dda564f9bf,2025-11-01T10:37:49.930797+00:00,2025-11-01T10:37:54+00:00,201
d3d57c791124124675770154c6b285e29e384e81483072e2ec861943b67ee985,2025-11-01T10:37:50.055383+00:00,2025-11-01T10:37:54+00:00,201
fb9f6d2407d2b0209d2f6a156809ac7d6467eb1e7f8c66b14e596a518cc4c18c,2025-11-01T10:37:50.181343+00:00,2025-11-01T10:37:54+00:00,201
2e05342ae05cb16432015e2d03206a5ddb5a0ccd20130d810c4d6456ab9af49b,2025-11-01T10:37:50.314835+00:00,2025-11-01T10:37:54+00:00,201
8111c1c70f8df7479b11db5c93da4ccc1c6187146d4d678668e56332b334b79d,2025-11-01T10:37:50.442810+00:00,2025-11-01T10:37:54+00:00,201
6949102c41caa47cde4f814647e7dc04b7951b872c59ed223a28b31fdc441514,2025-11-01T10:37:50.573900+00:00,2025-11-01T10:37:54+00:00,201
1ee7578a97517ac2953b798757e4c72fb0b1b7fcb034b258e70b79916f2a2424,2025-11-01T10:37:50.705020+00:00,2025-11-01T10:37:59+00:00,202
791ae801099f4420a2e02f2366c59e24f4f3234670fb0a547a98f7fcb2ec8733,2025-11-01T10:37:50.837324+00:00,2025-11-01T10:37:59+00:00,202
6d002c5fb6d1bfe069fa2a0bd6ee93e6ac71a1411935885bad9a78b65c7c5c8d,2025-11-01T10:37:50.963878+00:00,2025-11-01T10:37:54+00:00,201
131ff505b25700b092fff18b6b32b8b2e717783608d0769d00f89006a786c76a,2025-11-01T10:37:51.168793+00:00,2025-11-01T10:37:59+00:00,202
3871b3a1c43412671edb0a90cc35b5d068c4dd7d52f3a0bcbe81ccb4a04dd57f,2025-11-01T10:37:51.291382+00:00,2025-11-01T10:37:59+00:00,202
c6727a9961661a2f5a966fb8a8bb6552061828c99db7260e1b153c1dd902ae6c,2025-11-01T10:37:51.417505+00:00,2025-11-01T10:37:59+00:00,202
032119e1133c020ed4c0aec17f13a7f99254570404eb7db4a8dd2973a3144ffb,2025-11-01T10:37:51.549662+00:00,2025-11-01T10:37:59+00:00,202
c441e927b8d3b46c439b0a63e50098bff59f57879058233f803be0fd6fed28ca,2025-11-01T10:37:51.676279+00:00,2025-11-01T10:37:59+00:00,202
9390e104ba6368aba3c562290989fea9b231c318f507c242ca66f5c3ca353c2a,2025-11-01T10:37:51.810343+00:00,2025-11-01T10:37:59+00:00,202
760954507fcb31bca91a803fcea3f3f0cebc472082e98df31bdc835efb868157,2025-11-01T10:37:51.938040+00:00,2025-11-01T10:37:59+00:00,202
786869190a24395bd6e06dbc25551cf07c1b28a60ff8897f45b6fb3efedbd519,2025-11-01T10:37:52.064311+00:00,2025-11-01T10:37:59+00:00,202
a690b4111d4ef1365c6b275090e8ea1db6a817e4ec96af26222eb80bcbbdd57f,2025-11-01T10:37:52.191288+00:00,2025-11-01T10:37:59+00:00,202
4f64a68526b4ed8061cddc62f9a6f17220c26bf6a28a810aff81e3d35d3afe7b,2025-11-01T10:37:52.319587+00:00,2025-11-01T10:37:59+00:00,202
598b1b78988b4a8a5b05168d0ac9d7eeefe43f76edc17b6bc175c562669db79b,2025-11-01T10:37:52.462814+00:00,2025-11-01T10:37:59+00:00,202
ca86376171d49b9595e622c6bc4b6b25791606d13c2ed41c9cc53d4a9b1a2ed0,2025-11-01T10:37:52.592275+00:00,2025-11-01T10:37:59+00:00,202
9e3efee8579326ac4cfb5986096c5b66f7fd43cf7c6a823b743a2332f983d8d9,2025-11-01T10:37:52.722026+00:00,2025-11-01T10:37:59+00:00,202
179f6464e72bb8613c27bd1385bfe7b3daf165f825bc4dad8ebb1e896431eaa5,2025-11-01T10:37:52.855810+00:00,2025-11-01T10:37:59+00:00,202
635e989bfabdfef80af98799b0114e9f265cf19515f878e52a9a000e03234692,2025-11-01T10:37:52.981159+00:00,2025-11-01T10:37:59+00:00,202
2d45834d85ad07f6db928e2cd2f7b405a9394c2503758d87910f5ea1527b5120,2025-11-01T10:37:53.108230+00:00,2025-11-01T10:37:59+00:00,202
43bcebb2731701bb9f6dc9b7a25dde338bd50971d8dd3fb0a62547e36c69193d,2025-11-01T10:37:53.241921+00:00,2025-11-01T10:37:59+00:00,202
3d9b61835c776e2507262a8e9780881df4e016c432c860f6afdd7cfb56247896,2025-11-01T10:37:53.365451+00:00,2025-11-01T10:37:59+00:00,202
135a21b94f5de658c86f648a866a2071b9c5270da9e81bbf034913a789f33dd7,2025-11-01T10:37:53.494551+00:00,2025-11-01T10:37:59+00:00,202
ff9a934bf131f451fbe87342c893e288bfc140327b9f724b041d9690a56d4ce0,2025-11-01T10:37:53.627343+00:00,2025-11-01T10:37:59+00:00,202
f7091d64fbea5723ed9680530a4f7aaa1ccb4058f94f046c4146848afaa0af09,2025-11-01T10:37:53.761878+00:00,2025-11-01T10:37:59+00:00,202
8e9f95d12f77a1d593792ced88a1eb6f2623b25ee79adf7021555edaaf7b0dc9,2025-11-01T10:37:53.887984+00:00,2025-11-01T10:37:59+00:00,202
9719814d9b2cf54d7296c8d5c01d004d4d110722ebbaeca8c53548ca16ee15d2,2025-11-01T10:37:54.022692+00:00,2025-11-01T10:37:59+00:00,202
a69531e68fcc06ed49cf9818e38ce56511018e867cdfdc925d557bc794231f20,2025-11-01T10:37:54.155223+00:00,2025-11-01T10:37:59+00:00,202
d5a91247b1cadf198089595daccbd6f0c89393bf97c5723b4e787f6e7c43c78d,2025-11-01T10:37:54.485571+00:00,2025-11-01T10:37:59+00:00,202
81d2ea7d797c0e0b75fde17b59f46a204f20128c39add6f4ec2991e76d6ba50e,2025-11-01T10:37:54.607013+00:00,2025-11-01T10:37:59+00:00,202
4e57f4ea5720861e507782aa5499a5d7177191b3aa5a50ec5f519aaed035464b,2025-11-01T10:37:54.736290+00:00,2025-11-01T10:37:59+00:00,202
9eadcbeab029f9b6442658b1029263fddc481ca0fe7a4f5c73d57dec7d17d20f,2025-11-01T10:37:54.860569+00:00,2025-11-01T10:37:59+00:00,202
eb509dde422ec8cd53554923712efb5af82826df92dba3dc05d0f4390241aa18,2025-11-01T10:37:54.986241+00:00,2025-11-01T10:37:59+00:00,202
3cc27f02ec6fda86a7ad7496465b5e7b2ab305502fe413de240be48dccc36ab0,2025-11-01T10:37:55.128300+00:00,2025-11-01T10:37:59+00:00,202
46e207772ecd88742448237235014a852390e15dad6a1eafb5f3284a64e43604,2025-11-01T10:37:55.324056+00:00,2025-11-01T10:37:59+00:00,202
6bf6e9638c89eb48e0c0b42cc5aa19291b35b2b2e4e68b7612645c11ef2b7e83,2025-11-01T10:37:55.466844+00:00,2025-11-01T10:37:59+00:00,202
5b71665461886e5c0f89946cf3c7e0ad4b146f0308bffa6afab2ed12682964df,2025-11-01T10:37:55.616936+00:00,2025-11-01T10:37:59+00:00,202
00a1412745720fdf2bf97b3615968df95d3576ee53f9797b3bac7480716983fc,2025-11-01T10:37:55.747037+00:00,2025-11-01T10:37:59+00:00,202
cffaf6dc29890c8c63dbf0d500696177054233e1c7e014a5bcaba1ec8d052cb8,2025-11-01T10:37:55.890761+00:00,2025-11-01T10:37:59+00:00,202
b19b576fe6bc87ba86405ece16e1c109fcc8ede76f2301dbe524bb186bd12c70,2025-11-01T10:37:56.070654+00:00,2025-11-01T10:37:59+00:00,202
114567fa15d14c459b55aae770ea6f12e7c2fa1f658fff40d95857670e6ec01d,2025-11-01T10:37:56.335422+00:00,2025-11-01T10:37:59+00:00,202
10901b83422317b49fdd2ef378946d906df46284a5b6bc712b9d5ebcfcdad5a8,2025-11-01T10:37:56.472538+00:00,2025-11-01T10:37:59+00:00,202
3f3d96fde8c927f95ac2e4e0fc3450a90ba43204a38a7cddd64c3d432f1fa016,2025-11-01T10:37:56.603555+00:00,2025-11-01T10:37:59+00:00,202
bbfb3a610f77dfa65caab2b7dfd1ff200a2d6e4636082cd15a0a26e8196b4f5b,2025-11-01T10:37:56.731252+00:00,2025-11-01T10:37:59+00:00,202
beddfce739732a0027b218bf81f493c32a4f15c69f439211cce91dcac14a4a91,2025-11-01T10:37:56.862104+00:00,2025-11-01T10:37:59+00:00,202
d24b9acddd175d79bad1a0e8c28b0ac0156fe012a8060acdcfb02e30ded7cb33,2025-11-01T10:37:56.986673+00:00,2025-11-01T10:37:59+00:00,202
57758e305fc9745723407227e91bbab42f2d263ea601e08ab24603ec922436aa,2025-11-01T10:37:57.114812+00:00,2025-11-01T10:37:59+00:00,202
5eb80396aa5df4d84d8fee034b36b4fff78594c7f93748bb8abbbfd72ef917a1,2025-11-01T10:37:57.240153+00:00,2025-11-01T10:37:59+00:00,202
7c263d72bf972f89c7a83dcba7b39e7446b24afaab0b204d9bf7bd1adec8f667,2025-11-01T10:37:57.368952+00:00,2025-11-01T10:38:04+00:00,203
866d475dc4cc8145bcf1e8653aba2eb742435bd918f748c1e45773b2216d5c91,2025-11-01T10:37:57.493353+00:00,2025-11-01T10:38:04+00:00,203
28aa042706a659d2d6802b672f7ce9fed703f6b5892aa49ef36f1bac7f0ac97d,2025-11-01T10:37:57.615604+00:00,2025-11-01T10:38:04+00:00,203
0b80ea0a33658056ee428f31bbb9209b76bb7da2abc353afff32ac5ceff1c571,2025-11-01T10:37:57.734824+00:00,2025-11-01T10:38:04+00:00,203
c05dd98a524e31023581e20416c094a6958ce05fba40f64ba68e1091da9fe8f4,2025-11-01T10:37:57.859841+00:00,2025-11-01T10:38:04+00:00,203
076db42a2d638102a70910f38277a68f62f9ddb2606058c4c101ef6af24a1469,2025-11-01T10:37:57.987172+00:00,2025-11-01T10:38:04+00:00,203
ea4e023db1d8327bf493fe72a3742bee5c97c2095af71b3a25f3bf41b800cf74,2025-11-01T10:37:58.113850+00:00,2025-11-01T10:38:04+00:00,203
013503ff0be262f6a8f66428e16c3e7c4e1ade387bbe9c4c7ea49939007f8fb4,2025-11-01T10:37:58.238600+00:00,2025-11-01T10:38:04+00:00,203
9a2bfdf3a7dcf711a5c5b0d5557a895f12d6069f501fa8ab2a6bfbe9f0a9c9f2,2025-11-01T10:37:58.359408+00:00,2025-11-01T10:38:04+00:00,203
bf6161d96b6213932fd0fc453f6119c24b03444a60bcd589976d5c731382dc98,2025-11-01T10:37:58.480627+00:00,2025-11-01T10:38:04+00:00,203
ab9ec975c0d1eebcb1a7ab7a5a20847a20bd68462cd865be7c994685fa66fc5a,2025-11-01T10:37:58.599975+00:00,2025-11-01T10:38:04+00:00,203
6e0466db098cacbffad06b4f6875b23409003363d38e213c36fbe903236e254e,2025-11-01T10:37:58.720033+00:00,2025-11-01T10:38:04+00:00,203
57ce77fc7bcce884605d26354a2dedfa7f4526a2325c0ae2f994975fcb8727ce,2025-11-01T10:37:58.845673+00:00,2025-11-01T10:38:04+00:00,203
b7b8d92481bfe22eb87573b8c75f470f29d9adb3d6610fa9d503db00026c2ead,2025-11-01T10:37:58.971497+00:00,2025-11-01T10:38:04+00:00,203
9d05dd7d06a8923a0d1d74a641a1e5af53d4defd2005eb92c874b745293bc5a9,2025-11-01T10:37:59.090266+00:00,2025-11-01T10:38:04+00:00,203
88bf14074dbd8f468f64a84548d2c4ccd5dda82f40303ecbe7fff3d924edcc8e,2025-11-01T10:37:59.213455+00:00,2025-11-01T10:38:04+00:00,203
bbe4f6d1fc8ab54ccf21745c583d0487c7cbcae8bdde5325e9bd48806806abf2,2025-11-01T10:37:59.336204+00:00,2025-11-01T10:38:04+00:00,203
9f0843fd1b27cfb15fee36555d6faf0d78dae6de4da7b15178c4cb7ea1435e7b,2025-11-01T10:37:59.457909+00:00,2025-11-01T10:38:04+00:00,203
3cdaafe9f6b13b209a7da373322a45925eb239efd67fe8699a9f92e20e9adee2,2025-11-01T10:37:59.795254+00:00,2025-11-01T10:38:04+00:00,203
8bb7ef13d390078a4b9e1ba2cafbf25376f2283cbb18a1dbb21df54a1cf92a08,2025-11-01T10:37:59.916622+00:00,2025-11-01T10:38:04+00:00,203
90491cd8c0617a0cbf8766bd501754f29eb608c6e0f9c8bd4edd7689f27c5b98,2025-11-01T10:38:00.039210+00:00,2025-11-01T10:38:04+00:00,203
394f18c084775ad9ed22822033c10479f0b60647b9bf3682e75589963dfbd276,2025-11-01T10:38:00.158353+00:00,2025-11-01T10:38:04+00:00,203
2018151f1e58953a03461929a89b6ed4e60fd597a042ae340c056c4c42a1eb6e,2025-11-01T10:38:00.284490+00:00,2025-11-01T10:38:04+00:00,203
f2afe46e1601a3204d518ac3fb08908837e1fb609d669e8422ce12bc2910bac9,2025-11-01T10:38:00.412130+00:00,2025-11-01T10:38:04+00:00,203
14db8c1f51c8c5d11efa549c7aa6009fd24f51c8ec168aba4d8c886c24b3b671,2025-11-01T10:38:00.538246+00:00,2025-11-01T10:38:04+00:00,203
b90eed821530509d392406ee6015e0a8b76a20cfca1003e66fe5285497024d6c,2025-11-01T10:38:00.664911+00:00,2025-11-01T10:38:04+00:00,203
0af22c456b3c05bfdc422a6fc0dd43caddfdc22bf944a915bafd53f7b3217bb3,2025-11-01T10:38:00.789034+00:00,2025-11-01T10:38:04+00:00,203
dfa70f11340cf37147b81a8245ad02a8a0421c0726091601b737b100138d5f84,2025-11-01T10:38:00.912209+00:00,2025-11-01T10:38:04+00:00,203
2702e5ae48c29119a3e93806d21254450160024030a72e2fd558067cc03d4bf3,2025-11-01T10:38:01.034540+00:00,2025-11-01T10:38:04+00:00,203
7a18a12b0a2af66f4212f390f558dc50fa3a4b1248f118326e627df071582e8b,2025-11-01T10:38:01.157347+00:00,2025-11-01T10:38:04+00:00,203
484a0216d2036631e06ea474cc0f28622bb8a994ad88c9f588269c3822288cfb,2025-11-01T10:38:01.282259+00:00,2025-11-01T10:38:04+00:00,203
8564ec1f22713ceccdc8bea5d24a702347962370aab86fab9192da9c07c14515,2025-11-01T10:38:01.412994+00:00,2025-11-01T10:38:04+00:00,203
de625158270e709d04e94e6d428efab508cdea987348eae1ba0c82d516359f05,2025-11-01T10:38:01.543146+00:00,2025-11-01T10:38:04+00:00,203
7440366ed7982793cfdd38aa0c547ebbbfdd4d97484b3799c7a9221f7166a364,2025-11-01T10:38:01.666815+00:00,2025-11-01T10:38:04+00:00,203
1f2bf4ec2d359191869e0c372a057828a8b251db65e2ca86bcfeb2d12ac2f01f,2025-11-01T10:38:01.794875+00:00,2025-11-01T10:38:04+00:00,203
43b908969b8342d04cf9190affb63a0e9afb4be0090286d732ebfe3c01e35edb,2025-11-01T10:38:01.919893+00:00,2025-11-01T10:38:10+00:00,204
b2b3ca7371d11f06c6c4d36f4253b89966a60ad61499c498d545c7ede7b30a6e,2025-11-01T10:38:02.040791+00:00,2025-11-01T10:38:10+00:00,204
d5f3d6d49055e9b67deb589c2fbd086031eccb07c3a4757c4e289528a844125d,2025-11-01T10:38:02.165993+00:00,2025-11-01T10:38:10+00:00,204
9a88d907c0e92a13be378d251ed9278800b9812223ad10bfc785982166e1a35c,2025-11-01T10:38:02.289155+00:00,2025-11-01T10:38:10+00:00,204
9413739140709b0b751850ecaad30cb3ac1bec4de38e07c2bcadb5cdbfe3cb2c,2025-11-01T10:38:02.413596+00:00,2025-11-01T10:38:10+00:00,204
ae50f7e8acec3a1770882a41ef5e61bcd513e0e73fac07669890e1f3079591ff,2025-11-01T10:38:02.583738+00:00,2025-11-01T10:38:10+00:00,204
f5494da3bc89f3a98ca96f7d616bbd1ef992625d924fde902c34c61e8e6f79ac,2025-11-01T10:38:02.709091+00:00,2025-11-01T10:38:10+00:00,204
2b673e436323391f63592e684ee938ab71d49cc34e05a98bf68c996ee8aa5554,2025-11-01T10:38:02.832515+00:00,2025-11-01T10:38:10+00:00,204
43245706c7ac07cb7e479facc67546f6dbf7f0febe3b23fd7977820a67902353,2025-11-01T10:38:02.959329+00:00,2025-11-01T10:38:10+00:00,204
20399d6d772a95aa9606d9ade130d9b2b9ecee1a097f2c0f1ac7a36ea931dffe,2025-11-01T10:38:03.080491+00:00,2025-11-01T10:38:10+00:00,204
11fa2941f8c18ae8577cfd8d9cbe571a91a998ea391fff0cb4d0d6723deaf15d,2025-11-01T10:38:03.199495+00:00,2025-11-01T10:38:10+00:00,204
bd4a0272c2dbc3b0508da1f2bc9fab0bb40bbf8a41a1a74fc31964d55eb96b09,2025-11-01T10:38:03.320772+00:00,2025-11-01T10:38:10+00:00,204
be4f2009631bff75007f288cf19a432b85204d79b5ab5e0eff919e63ee2b45c8,2025-11-01T10:38:03.445501+00:00,2025-11-01T10:38:10+00:00,204
f31eaa860daa73d8aa4af3b2f4226615e6607c01f6bcd1e9929a9c801c09a2de,2025-11-01T10:38:03.565706+00:00,2025-11-01T10:38:10+00:00,204
4d85fe460e722ca7cad257083029642b97474f4cabf1a9561cddfe5c4e057919,2025-11-01T10:38:03.687493+00:00,2025-11-01T10:38:10+00:00,204
c31a08fd10902f579626458fd29a2e883feafb83f1831131e8069250c38ce45c,2025-11-01T10:38:03.809891+00:00,2025-11-01T10:38:10+00:00,204
fbfbaee0cb004f73bba6f93e3a45b41a0bc11516df3913783bc9861bfb0f8928,2025-11-01T10:38:03.929986+00:00,2025-11-01T10:38:10+00:00,204
02d76b689a7285c7bd22d80dbd714491c0c573b318b39aad8c84ec51c65ac45c,2025-11-01T10:38:04.056681+00:00,2025-11-01T10:38:10+00:00,204
eea205e60a47cc7e998e66036ac69ab305078a63167f40e1f22be6cdeff9f7c2,2025-11-01T10:38:04.187975+00:00,2025-11-01T10:38:10+00:00,204
89aebc05a3c797f8c114073df331649c2e4d6f971aa9d25373f254a97c8f2254,2025-11-01T10:38:04.313422+00:00,2025-11-01T10:38:10+00:00,204
00c091368e122a1187eef56b47ab6c4e5e5746485079ffae46c8964a72350959,2025-11-01T10:38:04.436412+00:00,2025-11-01T10:38:10+00:00,204
8185c16d3cc8b1bd6c3734ed30533cb3d60b71cfa21f049dd0f3d131f85ca88d,2025-11-01T10:38:04.560116+00:00,2025-11-01T10:38:10+00:00,204
da3efc282375909a11dc0106862190499920e04e5e4690ca46c49b237c9da621,2025-11-01T10:38:04.683332+00:00,2025-11-01T10:38:10+00:00,204
d2219336daef2101d02db4147ee9e3681185796e73006219531ac5f8c24031fd,2025-11-01T10:38:05.146358+00:00,2025-11-01T10:38:10+00:00,204
6be7a6e65b6cd07d7b6790afdbe401fd38b9793e1e1a3c07b4d4c4a9aa159e0a,2025-11-01T10:38:05.331907+00:00,2025-11-01T10:38:10+00:00,204
04d0023f1ac508eac04deab0e0361b8879496af2bde0c53683d5e7e8cc7a1a2e,2025-11-01T10:38:05.462891+00:00,2025-11-01T10:38:10+00:00,204
85825c23af57fcd709f01b158a26eff8871f3f044b2900574dcea71b44c04d9e,2025-11-01T10:38:05.590456+00:00,2025-11-01T10:38:10+00:00,204
7a3e28f4a2a2d9df55fc9ada999ba3cba9829e007e1346b518d59a5e242f8ef2,2025-11-01T10:38:05.714463+00:00,2025-11-01T10:38:15+00:00,205
5b3430670908c76658b0d20c62f3f209094d45bed1b82190d7a59f1fc18193e6,2025-11-01T10:38:05.839485+00:00,2025-11-01T10:38:15+00:00,205
4f38edbb0c23637b27c9ff37341ebf42cd6582bfae16588a1819a6f37b967ebb,2025-11-01T10:38:05.967857+00:00,2025-11-01T10:38:15+00:00,205
0336b824b9292eb1739d01a15697bc7a2c6a7c494f83615322702838a33f9cb4,2025-11-01T10:38:06.098583+00:00,2025-11-01T10:38:15+00:00,205
cce074ebb62061fdc0ee1c1eff046405b28da8dc41560dde695688c5251742d6,2025-11-01T10:38:06.226784+00:00,2025-11-01T10:38:15+00:00,205
ad9fb7b95c764a63e42cde99e5dda95568fcf209ad19986f6ab0c1ef78182dc1,2025-11-01T10:38:06.353177+00:00,2025-11-01T10:38:15+00:00,205
1825918998b686daca555368ff82246fa6a4037f80307a000afc4c9f749ba6f9,2025-11-01T10:38:06.480662+00:00,2025-11-01T10:38:15+00:00,205
f92882e3e18c9fd54e201f9de15b4f50a75ee831b0170cda4d3127234f1e712a,2025-11-01T10:38:06.610230+00:00,2025-11-01T10:38:15+00:00,205
826f680c42fa282e111bc11b6f4b780b9c5559112a4e915436a86a06f57677ea,2025-11-01T10:38:06.741059+00:00,2025-11-01T10:38:15+00:00,205
ca4d27ee535680b67dfe094fc0aa5930bf7169f3912d57a7666f065b713c3d29,2025-11-01T10:38:06.867439+00:00,2025-11-01T10:38:15+00:00,205
210fd1b65ef24b259e0e2032f7dd6bd8b51859f460f022d04a67f1a0481d827e,2025-11-01T10:38:06.991680+00:00,2025-11-01T10:38:15+00:00,205
ff611df3f7c9aa9400b8d2dcb6617206b35818e40ece52532ac8082a07a483e1,2025-11-01T10:38:07.119910+00:00,2025-11-01T10:38:15+00:00,205
75b68fc1eed23b1ffaa50487f0fa663c0b287e102300f8eed5ecfc74ce7e8519,2025-11-01T10:38:07.247729+00:00,2025-11-01T10:38:15+00:00,205
25fb0b7242625384c65d3f7f380eb2a7b584ffcd81000eff8af966108c99e849,2025-11-01T10:38:07.376085+00:00,2025-11-01T10:38:15+00:00,205
5166c551f590c59bd7e250fa47df4f549fe99b5b030fc2730367f4666b4de09d,2025-11-01T10:38:07.503604+00:00,2025-11-01T10:38:15+00:00,205
5cddb2323efee789611c4f8769a99c8bf5156c6f3de87f5a8983bdbaea7d6c27,2025-11-01T10:38:07.631971+00:00,2025-11-01T10:38:15+00:00,205
fabf5b8214cda4a045a710920723f3658a67b76bc4558b53c09cb6993ac3cbdb,2025-11-01T10:38:07.761363+00:00,2025-11-01T10:38:15+00:00,205
46b4f6de437654f8e69fad0c74a61d2a6ef7221dee4765531f933d4345c64a4e,2025-11-01T10:38:07.890189+00:00,2025-11-01T10:38:15+00:00,205
640d3402b2b4a1713a3d733ecec591ee03580eddfe266546b57050ab6b09e621,2025-11-01T10:38:08.016175+00:00,2025-11-01T10:38:15+00:00,205
02d3e8ef5117b70d38a7dab086f1b4cbfd12f84113ed2b347a276136ff979a16,2025-11-01T10:38:08.145506+00:00,2025-11-01T10:38:15+00:00,205
e154c7ac05d7e08ffee03c1aaf30a7ca688a49d7acfb5003637bbff7a44fe8f1,2025-11-01T10:38:08.272336+00:00,2025-11-01T10:38:15+00:00,205
b25d5241db1b44902152207feb6e9634d2c2357e7ac0d9b96056e38bc169a2c1,2025-11-01T10:38:08.400916+00:00,2025-11-01T10:38:15+00:00,205
fbe4ebcf83929b4380b8afab522ae48ce3821757d03f69e4dd2e487fb9a6ddf9,2025-11-01T10:38:08.526300+00:00,2025-11-01T10:38:15+00:00,205
d665ba4f0beddd305a633cca54b96cd21465b3dd3c172004822d19269582cb85,2025-11-01T10:38:08.654866+00:00,2025-11-01T10:38:15+00:00,205
5545fd10cd2430d351561df72f979a60d91ae9d97ed34c55ce193cc0fc69bfa6,2025-11-01T10:38:08.784991+00:00,2025-11-01T10:38:15+00:00,205
badd279b4bd901099fb41b8928d833a206964a9eaee5cbe0cef4cb58b67e0ca4,2025-11-01T10:38:08.915765+00:00,2025-11-01T10:38:15+00:00,205
7541ed52ec02daa9b50f7a2a646fa53962ed48e009d897f9de37a50ac17dbca5,2025-11-01T10:38:09.038853+00:00,2025-11-01T10:38:15+00:00,205
06a84376eee08e4f4aeaabc0c29fc59a4ff5ec13429f93eda19673b734d8a428,2025-11-01T10:38:09.166973+00:00,2025-11-01T10:38:15+00:00,205
9a40cf34f621cebd8deea05205d73da98c01baf9b9b4c1168b537579c9f410d8,2025-11-01T10:38:09.294985+00:00,2025-11-01T10:38:15+00:00,205
c195eef83594abfde0a24761a184d3540c9e5f09813cdd8aa9ff32555083a585,2025-11-01T10:38:09.422440+00:00,2025-11-01T10:38:15+00:00,205
28b106abbb654893cb185f4a1f84cac0c41bf12be8e36d85e735127a35f6e93c,2025-11-01T10:38:09.551647+00:00,2025-11-01T10:38:15+00:00,205
d6aa0d0a6e57b94bb79f9eaeedde15255498af40de681bc166f5df7662ec42c2,2025-11-01T10:38:09.681753+00:00,2025-11-01T10:38:15+00:00,205
bebb3f3b8fa1c8f630617f814f5aeb59b324b8582388f5b80fb6a410cc47353f,2025-11-01T10:38:09.802721+00:00,2025-11-01T10:38:15+00:00,205
220b98dc454c6595f3a8d96688b1c5580bcca95a44ad81eeac7cc701fb3ea075,2025-11-01T10:38:09.929153+00:00,2025-11-01T10:38:15+00:00,205
73b0397e1773df763aad39c9726674413e78255b1e7b4589272abac4677f7e73,2025-11-01T10:38:10.253097+00:00,2025-11-01T10:38:15+00:00,205
f78a67749a464769721bc2de35c491a0f00d1f4fe48441d9ae8c1a38f2546b21,2025-11-01T10:38:10.376325+00:00,2025-11-01T10:38:15+00:00,205
f5777fbcd084b4c7c90cf8d16ade28bbbb5389b62f7bef4cc10b82b4020c1174,2025-11-01T10:38:10.499950+00:00,2025-11-01T10:38:15+00:00,205
3b9a9a246142a3b3fd247f55d577e92ea347718846b89e9bb7957870964597c2,2025-11-01T10:38:10.623859+00:00,2025-11-01T10:38:15+00:00,205
e9f1957d6fd95dcb2da61ab025c999f019fd82c556750d95da8aafcea589c047,2025-11-01T10:38:10.751672+00:00,2025-11-01T10:38:15+00:00,205
a65528f640341a7d3455c0f8a58981deaa6bfb0b5e2bde0bb43f9fe286f8d306,2025-11-01T10:38:10.876323+00:00,2025-11-01T10:38:15+00:00,205
8834b87d9578da048331408c0cb608feb6686d2066d4fbe779978d14904ba180,2025-11-01T10:38:11.000358+00:00,2025-11-01T10:38:15+00:00,205
894d6541b8879943f698ee4119853a40e7788015666289f0256d543fa7a17adb,2025-11-01T10:38:11.126846+00:00,2025-11-01T10:38:15+00:00,205
09cbb79ba267feae0d0bae385247991e595cd7a081c5577141945018275a702b,2025-11-01T10:38:11.254606+00:00,2025-11-01T10:38:15+00:00,205
ffa04e8393761a722218ac00b5dd3cab81fe61a3bd2ce304b60d126ce846eaee,2025-11-01T10:38:11.383794+00:00,2025-11-01T10:38:15+00:00,205
8079ff36d99c894fd1f376c65133ac24ef666f9ea184d410c8ea702b7741f430,2025-11-01T10:38:11.512097+00:00,2025-11-01T10:38:15+00:00,205
4211350d801caf1a5f97d7d79488d75c9df8a3436b66ca97daa2f9dab32640cd,2025-11-01T10:38:11.639523+00:00,2025-11-01T10:38:15+00:00,205
70ad329e643eb8b4a056225991235c71a4e164d353275023d884ff66f4fc6d0e,2025-11-01T10:38:11.765732+00:00,2025-11-01T10:38:15+00:00,205
7ce7165ddf777ba4cbf8288a36d60cb9ede9cb501dd9773f29340a6dbd2dc5a1,2025-11-01T10:38:11.891817+00:00,2025-11-01T10:38:15+00:00,205
809e87ce72bae14f50dd1a0e55d80353113333806ad24033697b48191b11ea6a,2025-11-01T10:38:12.021374+00:00,2025-11-01T10:38:15+00:00,205
92aee25218c0ae9d6f6c1fb32c86da178d407315232f7f587756e34175eda93d,2025-11-01T10:38:12.150817+00:00,2025-11-01T10:38:15+00:00,205
67829dadc21dae3afdc98af73c1516ae0d520a15bd9cebe50588f6864882ef9f,2025-11-01T10:38:12.285301+00:00,2025-11-01T10:38:15+00:00,205
424ca45a7968b2629d44f0b6f1428849d9fe99f1afc5b9c467bdf4ce0e766015,2025-11-01T10:38:12.413863+00:00,2025-11-01T10:38:20+00:00,206
43e9c0887f81afe62e09a1183c597dd3df8f8eef21e7f6c78cb5bb3a160f470d,2025-11-01T10:38:12.538321+00:00,2025-11-01T10:38:20+00:00,206
9d534e30700c3db19a413c6446a3668b368172a0245a774183d5d10b80f51fe2,2025-11-01T10:38:12.665233+00:00,2025-11-01T10:38:20+00:00,206
f345257e898251058f87191b1687d8fbb7c352d1566cdd0a3f40224147f0b325,2025-11-01T10:38:12.791682+00:00,2025-11-01T10:38:20+00:00,206
2de33932b3bc5da44b95d91335da4ad3c74b8e68e4e82ee85c647241cbe123e1,2025-11-01T10:38:12.923465+00:00,2025-11-01T10:38:20+00:00,206
b03bf411b49b3b04ad01c36c60c4deb26a6951feff778b191b1a96a2ac86f3b0,2025-11-01T10:38:13.050139+00:00,2025-11-01T10:38:20+00:00,206
d99e0bfee5b5a330ca330ab66dafa2658a186763d62b8e0320752523a82c8a26,2025-11-01T10:38:13.180367+00:00,2025-11-01T10:38:20+00:00,206
52f79e93f90481e59dd8dfe51b08bb42c91590ce000276f416c95419e8554e43,2025-11-01T10:38:13.313937+00:00,2025-11-01T10:38:20+00:00,206
4b8dbb45ec562317ad9c23c72d3ea4ae4393221226c80d3d5e90e2e273d09854,2025-11-01T10:38:13.442896+00:00,2025-11-01T10:38:20+00:00,206
9663e218df5e25fae1110f3b07a581737d924fc7cd99f7ce1a05150ff6598f3d,2025-11-01T10:38:13.570914+00:00,2025-11-01T10:38:20+00:00,206
fff420c0d4f883434294fd479f493a0ac807474746ab74319a2f00e001dcf700,2025-11-01T10:38:13.700090+00:00,2025-11-01T10:38:20+00:00,206
966a985e39c73932c74c79f845efdc124fe2f28cd28095e979ed8406ca534e55,2025-11-01T10:38:13.826403+00:00,2025-11-01T10:38:20+00:00,206
1219c8928ea4e353a726bd08acb77e72c64dfef9acb123afa392a0b5f014f19e,2025-11-01T10:38:13.958478+00:00,2025-11-01T10:38:20+00:00,206
02d56edce5fc0ec808fa462d8d1f9cf2eea497eca2f3febe376b1e19cc277d24,2025-11-01T10:38:14.084858+00:00,2025-11-01T10:38:20+00:00,206
0dcf425029c36a7c0c02d1daceccc75834e8b1746e830e8052ca4e90b117b5a1,2025-11-01T10:38:14.207404+00:00,2025-11-01T10:38:20+00:00,206
0615eeb38a3e48223fbeeeed76643f55052c79404b048a07067992ac9af1aa57,2025-11-01T10:38:14.335226+00:00,2025-11-01T10:38:20+00:00,206
9f43bf5e4097494d4d82f20202e100b7e5e40db1f6f729f87c7c2b05cd6ab0ed,2025-11-01T10:38:14.464074+00:00,2025-11-01T10:38:20+00:00,206
611461a8c1fa7441067e2c40ea0a38cb33f90c156bb157219bea47a8efc29620,2025-11-01T10:38:14.594441+00:00,2025-11-01T10:38:20+00:00,206
c12bbe12d980faec989b0cd2de8aaaa96b0d01776a9da2ad07470e9500ae1975,2025-11-01T10:38:14.725409+00:00,2025-11-01T10:38:20+00:00,206
9c3e29401c0aab18ccbb5d85201c1a5fdf9758f980c8de61ba5767680b23297a,2025-11-01T10:38:14.851204+00:00,2025-11-01T10:38:20+00:00,206
50188e5249363ae8910c3f4153ab79947c53323f8349fdee4035db19ec822094,2025-11-01T10:38:14.978179+00:00,2025-11-01T10:38:20+00:00,206
fd7268c8e92e815e8a2d90e224ad1f4fa53f0e26ce8b25161430268bb89d8972,2025-11-01T10:38:15.105367+00:00,2025-11-01T10:38:20+00:00,206
7c29598ddb7e0d27a39b8c54fefb87d62981d358752998a245c635cbd0f5e5ca,2025-11-01T10:38:15.249031+00:00,2025-11-01T10:38:20+00:00,206
e53a22308581bb8b4044d36a863cd801a3e2421ef43bf8e358231978db8b68c7,2025-11-01T10:38:15.574547+00:00,2025-11-01T10:38:20+00:00,206
70a7dfcb4df383760e6f2b9aa1ebb41c65b0cca0c977eb7a767d121b3bbf3fc7,2025-11-01T10:38:15.699590+00:00,2025-11-01T10:38:20+00:00,206
c36c416c3c44d4aa91f5301fe42a9cdfc9242abff15902b6ad0377b5456d7e69,2025-11-01T10:38:15.825855+00:00,2025-11-01T10:38:20+00:00,206
eced80d31558c05e6ffb92d6c48eb42a8a626b47243b3e4caaf2cb8da598433e,2025-11-01T10:38:15.954908+00:00,2025-11-01T10:38:20+00:00,206
5c2542b6f1f1c68ec740dc8a57755dfae24d73d2ca1df310edba16ef9694eea9,2025-11-01T10:38:16.079326+00:00,2025-11-01T10:38:20+00:00,206
77e40f4e0e047d9c2f32fc87605c99ba0516a4dc435c2c59644c3b904b03739f,2025-11-01T10:38:16.204656+00:00,2025-11-01T10:38:20+00:00,206
aad64f8afb11fd469248c11e1ade1be11933de80ebab89831ee4dc5078b4eebd,2025-11-01T10:38:16.334373+00:00,2025-11-01T10:38:20+00:00,206
7facd69fdbfc127682dd9df74b58b856c24938dc137e6f19df5fd2b0022ec083,2025-11-01T10:38:16.460221+00:00,2025-11-01T10:38:20+00:00,206
c36294ffb9e863c1b4fbfb9442bbff04a33858b3c81938bd388ac02719e34812,2025-11-01T10:38:16.590532+00:00,2025-11-01T10:38:20+00:00,206
b74aff6a914918073422c4dcad34f6f9bd707cb1437e66efb497a8a4abc5eb89,2025-11-01T10:38:16.720270+00:00,2025-11-01T10:38:20+00:00,206
b69d935c931a3273ba7432d713d67fc8f884912347ca4c7d130e57dbc2e9a238,2025-11-01T10:38:16.849352+00:00,2025-11-01T10:38:20+00:00,206
fbc9310917a3bcd058795375642b7fb357ad89513d8fef8359db8966f525e852,2025-11-01T10:38:16.977634+00:00,2025-11-01T10:38:20+00:00,206
2aa5d5ce8f6c10ba2a6cd9b53422e72619b2ebca57574e29b981538a011d56b0,2025-11-01T10:38:17.106429+00:00,2025-11-01T10:38:20+00:00,206
5e3ba9f638475036a3c671493af64daef8cc6532bf37965dd9331fb90728294f,2025-11-01T10:38:17.237548+00:00,2025-11-01T10:38:20+00:00,206
cf92f955ef5562de6e7c56af876680f7b6dd8eefeb38a0d4a1a2d0055e19d30f,2025-11-01T10:38:17.367743+00:00,2025-11-01T10:38:20+00:00,206
2d1ffe7f16c8a72c5e1ba8fa84efa1ee0a279e2f53ff473984abf9824a20d761,2025-11-01T10:38:17.497292+00:00,2025-11-01T10:38:20+00:00,206
078d2046785aba2bf54bbe28b33a33d7b2a84280c9a43fc4841a7df530ba2bd9,2025-11-01T10:38:17.627722+00:00,2025-11-01T10:38:20+00:00,206
3dff701bfeb921508bb54e55000935903640218b56920fa937d53a8309070057,2025-11-01T10:38:17.756803+00:00,2025-11-01T10:38:26+00:00,207
e00e0ec4af8596d5189ecf6e32837f71c80758a850bdc8ca47ce7c376917ef70,2025-11-01T10:38:17.885355+00:00,2025-11-01T10:38:26+00:00,207
7c7623c06422106c3feef412efe83de3debc7484f39db88b69918c21bd223264,2025-11-01T10:38:18.013840+00:00,2025-11-01T10:38:26+00:00,207
14313967d74c2fba54a12e5ec2ba7b401b633eb96f9a98eb4a742c560f5644c3,2025-11-01T10:38:18.141143+00:00,2025-11-01T10:38:26+00:00,207
eee65da2a8ec4427c9713fbbce5b97ba76ecb5205589db629a6948fd994fef15,2025-11-01T10:38:18.267818+00:00,2025-11-01T10:38:26+00:00,207
10ae1019b991a2e903d5659bc4e38c41eb08e998721521da9479d64c10976aa2,2025-11-01T10:38:18.397296+00:00,2025-11-01T10:38:26+00:00,207
82c9458c66c55bd1ebc2c0ad3a3203926d639e76736d290a485edbbef6979086,2025-11-01T10:38:18.526908+00:00,2025-11-01T10:38:26+00:00,207
a1e4ed56125dc922bf7266d71951afc6d4598b84739062433d9ecdfda37ec8fe,2025-11-01T10:38:18.654629+00:00,2025-11-01T10:38:26+00:00,207
568dde76f3d1ac6094d95334d92e622024dfd601bceb3e27fad3b42b7149dfef,2025-11-01T10:38:18.781152+00:00,2025-11-01T10:38:26+00:00,207
f9628fde98de38f3fb02083f5aefe117b0645f706356c647a90506f3c4893cec,2025-11-01T10:38:18.906575+00:00,2025-11-01T10:38:26+00:00,207
8c512ba7e6340d392a843ba20eaa2b32256de8de6cb938b746c79db1aef756c7,2025-11-01T10:38:19.033616+00:00,2025-11-01T10:38:26+00:00,207
a0e5ace285b758c3c0ff8266fc2c016e227995b51dbcbff6b68c9016535d1ecc,2025-11-01T10:38:19.162665+00:00,2025-11-01T10:38:26+00:00,207
78e1bb5803cc791916e7af8d7e66519bd71d1970ca86e0a00b0aa1c74073bd3c,2025-11-01T10:38:19.292027+00:00,2025-11-01T10:38:26+00:00,207
9299c172bbe980816a1d13b8daea681bded8159c2d5a454d91d40859409cec13,2025-11-01T10:38:19.419929+00:00,2025-11-01T10:38:26+00:00,207
82d34b8c133352b931afbae5d32d0a7a34867d9f97f91233d91972d41cd50e16,2025-11-01T10:38:19.545919+00:00,2025-11-01T10:38:26+00:00,207
71e59469ddce0684a2aaec65b676efb45af097073da312b0d87d936885776aab,2025-11-01T10:38:19.673508+00:00,2025-11-01T10:38:26+00:00,207
ec975c631213b6306ef624d5f89b6b33dbf40d5703ad5066286e0099de51506f,2025-11-01T10:38:19.800542+00:00,2025-11-01T10:38:26+00:00,207
74998d3ce95e7db03a8248280b52600419fae2a80582427cea88fefbb9b444db,2025-11-01T10:38:19.926006+00:00,2025-11-01T10:38:26+00:00,207
1596e5d06c3f349e8b96aff7082e683f0919e4039a8ae378c8a0dd6a31b37804,2025-11-01T10:38:20.059131+00:00,2025-11-01T10:38:26+00:00,207
20cb587ceba030b1a6147c9322638bc8aeae34031f349d9d82c246d72229543b,2025-11-01T10:38:20.186837+00:00,2025-11-01T10:38:26+00:00,207
a6fb0b3865c2eba0f01e8287c03e1862e49b94b9ac0976af4039072c0205027c,2025-11-01T10:38:20.312558+00:00,2025-11-01T10:38:26+00:00,207
b31a7725fe5ea389da249c8d5c33693df9e4c82272c35543ecee69bc1a471e27,2025-11-01T10:38:20.439047+00:00,2025-11-01T10:38:26+00:00,207
efebe9dfc791b84ce78a0fc4f98aa71fbc60346d2d7b0355ee0ff8e8dba0dca7,2025-11-01T10:38:20.567575+00:00,2025-11-01T10:38:26+00:00,207
60819017c496b74f3f2a9401542276ce0637603a07930a583d8c24c7fe15c1a6,2025-11-01T10:38:20.891305+00:00,2025-11-01T10:38:26+00:00,207
a275b9a6ed6a0b12c8ddc09d6381fbd0c456dbd96f84fc8774255659b7b052e9,2025-11-01T10:38:21.013222+00:00,2025-11-01T10:38:26+00:00,207
b32a7b4e53606c9092aa2d609fedfbb735ea72d8152ae642c662eb7c0a9ad07f,2025-11-01T10:38:21.138413+00:00,2025-11-01T10:38:26+00:00,207
d41668e569dd136d2bdb1d477568ef17e928c415260146e289e33c91ea065bb0,2025-11-01T10:38:21.261919+00:00,2025-11-01T10:38:26+00:00,207
ca047683ea6abd5a11e202707f6e98d0e9c533de687c665da2887c7f252ec210,2025-11-01T10:38:21.390037+00:00,2025-11-01T10:38:26+00:00,207
61a69b5cf3ff78e02648e64f7db674825c0807b0d7cc1ab324517dd6916cef41,2025-11-01T10:38:21.516737+00:00,2025-11-01T10:38:31+00:00,208
3ffe5c26bf2c66df22f2bd66ef6fef77091c63ba2697cea9ab5931d9be26da91,2025-11-01T10:38:21.642735+00:00,2025-11-01T10:38:31+00:00,208
d84703d144043787749a2ec2157f31c4eee48421f30c7ad4c2c94e1d5b559eeb,2025-11-01T10:38:21.767029+00:00,2025-11-01T10:38:31+00:00,208
542960c9c4b53ef0f96f5c33ca4d773318c7df4295e1d6d8d17e841e0800a3d6,2025-11-01T10:38:21.894316+00:00,2025-11-01T10:38:31+00:00,208
63e557b0f345256f1089e66a96ef172dd33416ec182f94f8b9ed027dbd1e54b5,2025-11-01T10:38:22.020402+00:00,2025-11-01T10:38:31+00:00,208
fc1559b70edfb96b0308c53826854668c45c1fce0ab95cbb779462be24a17d2b,2025-11-01T10:38:22.147550+00:00,2025-11-01T10:38:31+00:00,208
911c29d99462b3a67a2a3d45f012c4e2419032934a200075cb67600b6d8049dc,2025-11-01T10:38:22.272897+00:00,2025-11-01T10:38:31+00:00,208
e5a0c3a2e93997e6b693e827f4c6e6c0c492a89268012c90877aea3f13c45f3e,2025-11-01T10:38:22.400069+00:00,2025-11-01T10:38:31+00:00,208
9c7f84110c308d47db2fb036915d0dd93c7b4f7f50b63cb4192e8dce5e3006cf,2025-11-01T10:38:22.524736+00:00,2025-11-01T10:38:31+00:00,208
2533274796639b85eb79bb4c3567cd80500f1a07c4bab0c5198097fa2fc8e194,2025-11-01T10:38:22.653577+00:00,2025-11-01T10:38:31+00:00,208
312ab5a1dcab03e7c75358a4911580cee44db3d24a1b8f938aae3015325e8db8,2025-11-01T10:38:22.783503+00:00,2025-11-01T10:38:31+00:00,208
8fc2dcc8f87007a2a7df514e96f37f6d0d14fced3d34c406bef5c9a7d7f37232,2025-11-01T10:38:22.915393+00:00,2025-11-01T10:38:31+00:00,208
d05410c06c73820d8803b4327aee3a836cf175182af0fa1925bdb3fef68a8b8c,2025-11-01T10:38:23.044807+00:00,2025-11-01T10:38:31+00:00,208
49955980fd4eee9f3cbf4d1b7711a99e587bb03b7e5e235e318f27651b59098f,2025-11-01T10:38:23.176743+00:00,2025-11-01T10:38:31+00:00,208
87922aecc4d64830762e936172cad71ca5691f8f6bbff60320ed7630023d4ab3,2025-11-01T10:38:23.302582+00:00,2025-11-01T10:38:31+00:00,208
5589f6f4a34354895d62cccdb445a2d36f374844b2ae359bdc2fee0702a3e77d,2025-11-01T10:38:23.427882+00:00,2025-11-01T10:38:31+00:00,208
6743847879d8232a37a337d78f5e1f41f993d13e527c77e8973748a81106b69b,2025-11-01T10:38:23.554326+00:00,2025-11-01T10:38:31+00:00,208
02c74dcfc4c19ecb9610c64045d7f058c1b0c6954f6544915f5bbf0719870c96,2025-11-01T10:38:23.681201+00:00,2025-11-01T10:38:31+00:00,208
237b191ab921970bd612c0a98ec28beac29f18ff9515d14fbe5c49ed88ef6745,2025-11-01T10:38:23.810607+00:00,2025-11-01T10:38:31+00:00,208
c37993eca51cb1b8da483255a82df2804012046d628dbc682bec0b25d04f9bca,2025-11-01T10:38:23.941313+00:00,2025-11-01T10:38:31+00:00,208
18b9d537312bc75ca93c3ed8cdf22d4c1710badaef0f6a436a9ca89f41ef4dff,2025-11-01T10:38:24.070024+00:00,2025-11-01T10:38:31+00:00,208
9d3cd23c11ef1ed277a01e711d7e49e2a1412e8d0af6da7e36bf544a6fd693d7,2025-11-01T10:38:24.197631+00:00,2025-11-01T10:38:31+00:00,208
2f874b3aa93d24b2a1be3ce0e7410e8b1f1eab9d5e0d6b5f09d3776274147942,2025-11-01T10:38:24.327932+00:00,2025-11-01T10:38:31+00:00,208
be7ed839f534cfe31abb18ff6e99a0a1917cac1f7424bb2fca58fdc70669b446,2025-11-01T10:38:24.454339+00:00,2025-11-01T10:38:31+00:00,208
62ac241d549aecfb4486ee13814efefa3055109347530872d1d044e96a29451d,2025-11-01T10:38:24.584435+00:00,2025-11-01T10:38:31+00:00,208
4040eac51b03b5874fa1668efa4c244743ee0ee490c9cd3c672dad71832eb35c,2025-11-01T10:38:24.709118+00:00,2025-11-01T10:38:31+00:00,208
0fe49d11549dd7e3f8a1e194d926598bcbc51ed4261d9578593076b2ca732e7d,2025-11-01T10:38:24.835210+00:00,2025-11-01T10:38:31+00:00,208
be4b73baed0bf73ef8854fed0a006573856038d523174de41b610acfb886a6c2,2025-11-01T10:38:24.963393+00:00,2025-11-01T10:38:31+00:00,208
93b57ba81b825ed413931a113944027c756489433f3a429dd90181f66b1062bd,2025-11-01T10:38:25.095213+00:00,2025-11-01T10:38:31+00:00,208
d7616b1f231f186ced0db03ee2e09defeb1f9c643364f6bd3b895a0a547919a3,2025-11-01T10:38:25.225366+00:00,2025-11-01T10:38:31+00:00,208
d19f766e3fd4b567bdd4a754c0378e51d505701284d4c7bb38c0a952567264a5,2025-11-01T10:38:25.355651+00:00,2025-11-01T10:38:31+00:00,208
da6612d94a300cd68fece48d73face5646de6352de64deddcfad77479bdc0d73,2025-11-01T10:38:25.487108+00:00,2025-11-01T10:38:31+00:00,208
f540e742553b77069da1d32307726d1f223ee41a2ffc22618bf4e30ba4efc7fe,2025-11-01T10:38:25.613070+00:00,2025-11-01T10:38:31+00:00,208
ae61813e39ab04d22fdbc3e98462ecc4b11ff8de921510f0a2a6acea660e69b7,2025-11-01T10:38:25.740450+00:00,2025-11-01T10:38:31+00:00,208
3693b2bbb12e6fa17c664776b0911f2e96aa66ee207299b2f9e9cdd6a855ea05,2025-11-01T10:38:25.872826+00:00,2025-11-01T10:38:31+00:00,208
efeee4289c41305f98f393d80d739ad51d1d8e902b5a2baa77fc6fe430c4211f,2025-11-01T10:38:26.206880+00:00,2025-11-01T10:38:31+00:00,208
1c2ce793f58ff39a3cf85ad3b2700762053f0ed9adbbd5a9fadfac178c086ce2,2025-11-01T10:38:26.329859+00:00,2025-11-01T10:38:31+00:00,208
1f9c1e61a5017d9fff19e6cf6b241f2fd0872460d7dcc62b31c61b289066a1fa,2025-11-01T10:38:26.452706+00:00,2025-11-01T10:38:31+00:00,208
8eead6a3b8aaf0c2ea65c19a55c37127ddc9e2f311cb67c149420238ce88ef6d,2025-11-01T10:38:26.575669+00:00,2025-11-01T10:38:31+00:00,208
a7feb65310c96c5497c6fa73914af7df0c456481019dd48d5ca31ab4800c91d9,2025-11-01T10:38:26.704284+00:00,2025-11-01T10:38:31+00:00,208
ac1e806d702f7a5daf46181497171a5ccf6b66227f1fda9b50fba6b1b3b6ef75,2025-11-01T10:38:26.829384+00:00,2025-11-01T10:38:31+00:00,208
2d04a66b3d2f54ff705790ed7ec7c0e17f2939d838d4baf04474e66628b241da,2025-11-01T10:38:26.960163+00:00,2025-11-01T10:38:31+00:00,208
96662a5d3bd20f167919a6c4142a51e0fdd3f9ac824214bc8e47bef2e675dc6b,2025-11-01T10:38:27.086871+00:00,2025-11-01T10:38:31+00:00,208
a5119e9fba750be8ebf21cb3eb590da5f7e6cdc881413eceea2991da6af2197f,2025-11-01T10:38:27.216136+00:00,2025-11-01T10:38:31+00:00,208
595fdd91ebfc617a6bb718a7f0f4fea3ba52709fc38bd8470945857fc361e88f,2025-11-01T10:38:27.343045+00:00,2025-11-01T10:38:31+00:00,208
7580be8424cd9dfa6c6d54c6e16bcdff3a49ec2af09e71be9e009e55644167a8,2025-11-01T10:38:27.473390+00:00,2025-11-01T10:38:31+00:00,208
4f908036a6f544045a12da929f0627cf6a089a0fff44b962a649bf32a7771d10,2025-11-01T10:38:27.607537+00:00,2025-11-01T10:38:31+00:00,208
5c2239ea85822572d5effe79dc6bf467d22a9b3614afa8917704f510d79cea50,2025-11-01T10:38:27.739068+00:00,2025-11-01T10:38:31+00:00,208
65eca34e80e878fcab6cae2c5ffc483ecd95c56ed47b46dbe513844441af19c1,2025-11-01T10:38:27.866206+00:00,2025-11-01T10:38:36+00:00,209
c7461a232d63c3fdbaf07da6d4d7d31f0d5ac8d2ccdad4b16d6d428ecc3fc7aa,2025-11-01T10:38:27.995370+00:00,2025-11-01T10:38:36+00:00,209
137a5312ae5ee0ddbd84b8d47e1ebe34f5f144d584d941979002884ba254a6b9,2025-11-01T10:38:28.124624+00:00,2025-11-01T10:38:36+00:00,209
9856155b3cb7fb8730173ad333bf65d65ffabd94d97b8491fe030f17a9016bc1,2025-11-01T10:38:28.249573+00:00,2025-11-01T10:38:36+00:00,209
73f7be4c5ca0b0445f5b243a6a4e5d6b294c0d0e592ecf16ffc1bf980fe53eaa,2025-11-01T10:38:28.378945+00:00,2025-11-01T10:38:36+00:00,209
5114962b0a0678bba637e3e0b401aafa3c6d1e7ee1159acd7b25a7c009e2bfbc,2025-11-01T10:38:28.510942+00:00,2025-11-01T10:38:36+00:00,209
7772b8c58c82c1cb3381c334f4645a1f97d69f3bb67020670f677ebe341dea2b,2025-11-01T10:38:28.642705+00:00,2025-11-01T10:38:36+00:00,209
b812c883c15face7429d61d85d034560dc327302940b00c45a1c7a2701bf899f,2025-11-01T10:38:28.772181+00:00,2025-11-01T10:38:36+00:00,209
6a77193c022ccbe924fcdccfe10c5d5a01173914871283696ed9b4c36fed7ca8,2025-11-01T10:38:28.898623+00:00,2025-11-01T10:38:36+00:00,209
9845d8acd8e42032095604f52b0c4a96d236a4db043279a76c1cf234a426f52b,2025-11-01T10:38:29.028968+00:00,2025-11-01T10:38:36+00:00,209
51c4a9fe6ee00686273f770c26bab6245775731e96839dec2c832ba85bccdb13,2025-11-01T10:38:29.161325+00:00,2025-11-01T10:38:36+00:00,209
1080a21740980f2b4bdf8992ba2f8a9f0c87abddf853553f062215b4ee6c2a1e,2025-11-01T10:38:29.291398+00:00,2025-11-01T10:38:36+00:00,209
9782581cc4508f9ed804c5bbeda7c8bb0a720c16722d750122846b02da9f5bcb,2025-11-01T10:38:29.419592+00:00,2025-11-01T10:38:36+00:00,209
31998fa358447ed6461c1feb01849d24c8819a93603d16f071ed5c004f641e47,2025-11-01T10:38:29.553404+00:00,2025-11-01T10:38:36+00:00,209
a7efdcae59ec294f6421291ef3dc04b57d647503550b5eb460d3388b5242f4de,2025-11-01T10:38:29.682931+00:00,2025-11-01T10:38:36+00:00,209
7db4ddc5456955d0f8c620ac6132878d79b3800b7b3cca1d9a87ed78f4a148dd,2025-11-01T10:38:29.819356+00:00,2025-11-01T10:38:36+00:00,209
9b17d7041db0f4937c3ecae48479312ec2ec419c1ddb4a2945fd1f947d9b3a86,2025-11-01T10:38:29.954366+00:00,2025-11-01T10:38:36+00:00,209
209844504dc10cc6776d4c94533fb6bef82d1e9c33e78f0857854c7d7753e7fb,2025-11-01T10:38:30.091873+00:00,2025-11-01T10:38:36+00:00,209
8a2a834a397d5609d7a11d283ef4dc6b6ea42abae7afe746369b989e63befc19,2025-11-01T10:38:30.222119+00:00,2025-11-01T10:38:36+00:00,209
69feb9c1204f919274bdff0306f38f73437ec1a45a96782294bc28dcbe9d3922,2025-11-01T10:38:30.348958+00:00,2025-11-01T10:38:36+00:00,209
232df82b4c4784f1093f7cae95ddf1b1a25fb981e2f77ba1f9c71ba5a7a92162,2025-11-01T10:38:30.477792+00:00,2025-11-01T10:38:36+00:00,209
2b796f1500e340223c110e8a151b05d547bf9278fbaf7ef7dd565c4371a334a3,2025-11-01T10:38:30.613604+00:00,2025-11-01T10:38:36+00:00,209
2e031dfb06a1dd5c41a58bbc60e9aa113a66d34a5a868a3d4f01e3cf3bebae67,2025-11-01T10:38:30.745202+00:00,2025-11-01T10:38:36+00:00,209
9a2eb88c1065373230f13b068540c346ba1c18b582835ea0cc638af74bc471fe,2025-11-01T10:38:30.880466+00:00,2025-11-01T10:38:36+00:00,209
4505eaa4cf600901f141b8feb2cb82873da270a61ebf779080d850f65c4f0c55,2025-11-01T10:38:31.009118+00:00,2025-11-01T10:38:36+00:00,209
e6ea836ee652d2f98b2786c6b21e073259726098d56d40db6411ce77c69a760d,2025-11-01T10:38:31.137496+00:00,2025-11-01T10:38:36+00:00,209
f90d0abde453c138c38851ffcad9e67cc8e94db9d65594ec2e698273d7593744,2025-11-01T10:38:31.505417+00:00,2025-11-01T10:38:36+00:00,209
8e555cb8b27cb2007c717130e68016504bb519133b67f905119c1d601ca1fa1c,2025-11-01T10:38:31.626836+00:00,2025-11-01T10:38:36+00:00,209
8663a9da47030fcbb19e97ca596556897814a802b14deb56ad8b5ce15f1f05ec,2025-11-01T10:38:31.751913+00:00,2025-11-01T10:38:36+00:00,209
31372496a2477c90c29e445ac0c5f1143942016de8f055ceca637ed08d52bd52,2025-11-01T10:38:31.881483+00:00,2025-11-01T10:38:36+00:00,209
646021c9925b92618967afdc09ba33a4c35b65b637a1d3a66c4068d3d29778f7,2025-11-01T10:38:32.010196+00:00,2025-11-01T10:38:36+00:00,209
813ea157817bb23d1c38d9eb7210a89148eba08a150105ca470c3dc9b8194ae4,2025-11-01T10:38:32.135416+00:00,2025-11-01T10:38:36+00:00,209
374ebe89e0ac23914761db2796e6137dd056632daaf931b22e39e29570cce227,2025-11-01T10:38:32.258630+00:00,2025-11-01T10:38:36+00:00,209
58bc04b537298d14546cfd109d4ca348e00a0be391deec88155eedacf5e52c65,2025-11-01T10:38:32.392635+00:00,2025-11-01T10:38:36+00:00,209
7f7374f976e84ad66c90a0b9d337dd596fec9f56514c0f1c90525495a2b69c61,2025-11-01T10:38:32.522881+00:00,2025-11-01T10:38:36+00:00,209
6b9fb5c6f36f2cb9a3d6eae76341f44af71f67af3f967063a3a87d42755e86cc,2025-11-01T10:38:32.652727+00:00,2025-11-01T10:38:36+00:00,209
a89020aa6527eb217ca0a8679a7dc81f58536d842814f1867c57281090cb5cbb,2025-11-01T10:38:32.792438+00:00,2025-11-01T10:38:36+00:00,209
784ab80b6ba3f536fbeacc680cf42822ec9e9d78347f23016047a7cf1a714abc,2025-11-01T10:38:32.931182+00:00,2025-11-01T10:38:36+00:00,209
d3d3e3d4b9e1821cc8a78629af5963e510e2e4cbc48177c0b7a20b04737b50ab,2025-11-01T10:38:33.059834+00:00,2025-11-01T10:38:36+00:00,209
54d9a91a90a57bf42c6faa64e775cec343f48e1a4b08d98a0e88cda1aea0dbd9,2025-11-01T10:38:33.184792+00:00,2025-11-01T10:38:36+00:00,209
026e0d5cb2c833579c46f2e27f14965183cd107c4eb642349f0173fe50cf20c3,2025-11-01T10:38:33.314134+00:00,2025-11-01T10:38:36+00:00,209
baaa73bafc10aeb73fc9a227058506b81dea85d8aa48261901651c885ba0d9b9,2025-11-01T10:38:33.440711+00:00,2025-11-01T10:38:36+00:00,209
06c1afb62a32f17a3b1e23c8ac114aca83fbac50f7a922adf914fcfb9c37b83f,2025-11-01T10:38:33.748512+00:00,2025-11-01T10:38:36+00:00,209
502a8c3034b9e40a9da0199c4a226f7cc2082de5930fe44206648cd25ad1fe8e,2025-11-01T10:38:34.117689+00:00,2025-11-01T10:38:41+00:00,210
e093113176a3c0a8b2bf1cc0db64d9ad66f4fa20bff59c4aa8ef848d3daf2ff8,2025-11-01T10:38:34.261656+00:00,2025-11-01T10:38:41+00:00,210
e59f5890bee8e497c7bb2e8885554b176d7479858614bfa6f1c134c3d3908f89,2025-11-01T10:38:34.403025+00:00,2025-11-01T10:38:41+00:00,210
b64780ec0b8fbe08d9ab2c6d5455a9d142346900ea07e9e1fc0978b4a2e5e934,2025-11-01T10:38:34.530191+00:00,2025-11-01T10:38:41+00:00,210
79b4b9d0ead8a6a10c31741a4580996a568514f866f245b137657965f649caff,2025-11-01T10:38:34.660375+00:00,2025-11-01T10:38:41+00:00,210
2d5a832547596b5680fed5f4f1a832faebf768128ee4a2c616d29f46c19ea501,2025-11-01T10:38:34.785793+00:00,2025-11-01T10:38:41+00:00,210
bae5d9d24f4d438fbfaab804f07f0ff511fadc0c4f337882683e6db6e3afe154,2025-11-01T10:38:34.906814+00:00,2025-11-01T10:38:41+00:00,210
c292896ccf528b04b8fb6ad1e0a612975fe70c64e9c6c2a087d034413ab70557,2025-11-01T10:38:35.035175+00:00,2025-11-01T10:38:41+00:00,210
1d9505e05f01971df7472706e68a0d9156a4d6c3ab0b551e256f5455be26e45e,2025-11-01T10:38:35.164246+00:00,2025-11-01T10:38:41+00:00,210
8f17cc2c8b0f5dc69a2533310ac41aab6169a59be281cde8dfc821b1f2e43a4f,2025-11-01T10:38:35.292808+00:00,2025-11-01T10:38:41+00:00,210
88755237a3b7a9e89f8e6af79ca51348273bc0053730e73bb92f39ee9df01bae,2025-11-01T10:38:35.427217+00:00,2025-11-01T10:38:41+00:00,210
e2082b071db1d1b0d719b104d25a1d9253b923563a4e944566017470ec283c02,2025-11-01T10:38:35.554948+00:00,2025-11-01T10:38:41+00:00,210
f9c0c4233617d466604a8e8253d59951717a2ad95d2f7910ade4cc96a56d9f05,2025-11-01T10:38:35.692439+00:00,2025-11-01T10:38:41+00:00,210
d173d212cb923b23516044b3133bee66c2fd32fbe5a12f2457516cd5778dff24,2025-11-01T10:38:35.824647+00:00,2025-11-01T10:38:41+00:00,210
504d40b3ac3f463c9f96ccd3c395206918e55b3278cd5fddfd75ad2c98b4c51c,2025-11-01T10:38:35.957661+00:00,2025-11-01T10:38:41+00:00,210
83f13229dc7572834b315ef43a4c9b89651aea07205021fc13749ce456eb8dbf,2025-11-01T10:38:36.091161+00:00,2025-11-01T10:38:41+00:00,210
647cef1d952d800ff06b063f86c8b702bd84364bc0c694b747ab4159069b4480,2025-11-01T10:38:36.229305+00:00,2025-11-01T10:38:41+00:00,210
fab1f788b62e4ce6facaaee8c63c270ac5479f2f69ec7a310291cc8ce802689a,2025-11-01T10:38:36.357065+00:00,2025-11-01T10:38:41+00:00,210
353c64a8a7549a33801291284ef75234cf9d2b3a61b957288d2d817e00447cb1,2025-11-01T10:38:36.686494+00:00,2025-11-01T10:38:41+00:00,210
a1fa3b27a55d985043ff5e190ad4e38155b13a7b3404c8d07a84b1035881f1fa,2025-11-01T10:38:36.810118+00:00,2025-11-01T10:38:41+00:00,210
ba5611b8ac5b81355161f5fc0596e87feebf476e62bd0416fa91f927a53f6ef7,2025-11-01T10:38:36.933326+00:00,2025-11-01T10:38:41+00:00,210
d6896bbfb3d663ae4743283f71128d0cc7ae39743d80e84e979792dfef072b96,2025-11-01T10:38:37.057409+00:00,2025-11-01T10:38:41+00:00,210
5c18fd0b9015a222d1635b4dfbdcbefacd2ed5eac6e7e391931618a9fa37e085,2025-11-01T10:38:37.182521+00:00,2025-11-01T10:38:41+00:00,210
2208d45b688710dcb2728d51fa07ff92e40b5b0c785055040adf98ee41159377,2025-11-01T10:38:37.558991+00:00,2025-11-01T10:38:41+00:00,210
2b2048f309d38e4de81957e0818711b289cf6368cecf4875c0f8693136e5201c,2025-11-01T10:38:37.682518+00:00,2025-11-01T10:38:41+00:00,210
9e92c3e8a910a5f23080f159d3cf5b7a1df00f27600028c4787b152cfe8ebbae,2025-11-01T10:38:37.811623+00:00,2025-11-01T10:38:41+00:00,210
4459cf95138a5a92d86966389d6a15eb02df2d41a5d8bf329b93cc5a50a223c0,2025-11-01T10:38:37.939007+00:00,2025-11-01T10:38:41+00:00,210
1358bdba00f0e0c48497bc7d92ad020c05f072c472984ef0256a52b397c7ef77,2025-11-01T10:38:38.063779+00:00,2025-11-01T10:38:41+00:00,210
2cbb7b1982054d1032b9045d0409d7fabeeaf14be20fd0d3083822564bd4a175,2025-11-01T10:38:38.195463+00:00,2025-11-01T10:38:41+00:00,210
03953eb16312337a5b4912a47e9ab0cd8147da8f6b3577efb618cca4cff76fa1,2025-11-01T10:38:38.322018+00:00,2025-11-01T10:38:41+00:00,210
2eb3a58d240670a70aa49db0f3df9aeca53575a600775d2f58437c125f50f772,2025-11-01T10:38:38.449132+00:00,2025-11-01T10:38:47+00:00,211
f8226f95f381299709f57ddff77d97dfe25b3fbf0ccf847eb9195c5be817a79f,2025-11-01T10:38:38.575391+00:00,2025-11-01T10:38:47+00:00,211
98c2ba6316b4bf180a786cb94e169de9b0ac969f37663dc78d853607dae455e1,2025-11-01T10:38:38.703418+00:00,2025-11-01T10:38:47+00:00,211
1c9f05117e03f22ce16fba3260eafe2c9bcce402fe0aedfcc72a8bdd83a003a3,2025-11-01T10:38:38.830753+00:00,2025-11-01T10:38:47+00:00,211
b8967e371c49b8bb33f19c48a1f631d7272920ef90e3741f6f39e870335b221a,2025-11-01T10:38:38.961606+00:00,2025-11-01T10:38:47+00:00,211
c66ce20a6f81a7dd81c2aa226be9c1e244dec3285d49cc78eb6a5f4ae6191d9d,2025-11-01T10:38:39.091505+00:00,2025-11-01T10:38:47+00:00,211
f066ef15884382544d3900f7b80d1cbcb0750e59eb3da5bba684391af0eff124,2025-11-01T10:38:39.220859+00:00,2025-11-01T10:38:47+00:00,211
306bbb52e43b9368ba54ee5c089b914cb39f478274636375170e390c846e4892,2025-11-01T10:38:39.344685+00:00,2025-11-01T10:38:47+00:00,211
13deb0190a650f1bd55b1c275ef180b3a514168e6efb8ced5baf876fc485dbb0,2025-11-01T10:38:39.470717+00:00,2025-11-01T10:38:47+00:00,211
0d6072121d6296401dab9585bc76d95913c069907db2c9a37f91b1dd57a67f53,2025-11-01T10:38:39.600939+00:00,2025-11-01T10:38:47+00:00,211
2c75a2030b4efe01a17856d0a98403002e5a3f36ea1be933b80a2d4e7fa32af1,2025-11-01T10:38:39.730719+00:00,2025-11-01T10:38:47+00:00,211
35dfcd29b86c6f96e865e89137b5ecf8cf23d83a04a5483fbf4f05523823160b,2025-11-01T10:38:39.854093+00:00,2025-11-01T10:38:47+00:00,211
85a8af77d5afefdc2b59df58a54336de8191913f3814705e381ac86d00dd2817,2025-11-01T10:38:39.975734+00:00,2025-11-01T10:38:47+00:00,211
23249e03558df6bb6243de08f9fc8e77fac84ff05a9bc7e2302e8cc0ae8fc885,2025-11-01T10:38:40.103841+00:00,2025-11-01T10:38:47+00:00,211
1235ed55403d1f03b875f94d4363931958b588044350b7275f16711bc991787d,2025-11-01T10:38:40.235659+00:00,2025-11-01T10:38:47+00:00,211
b9989977f2b64a199f4be773dc46a29c08272c668a1f7f46d5b682f890b54f15,2025-11-01T10:38:40.364489+00:00,2025-11-01T10:38:47+00:00,211
dc5c74aa4c808b71055a86f641e6bd856e15459a47fa6f2df387346d698268a4,2025-11-01T10:38:40.495980+00:00,2025-11-01T10:38:47+00:00,211
cf4a80f9ed6a57004a9720cd593035f47f48957f11924d3e2ecc06249f471ea6,2025-11-01T10:38:40.623557+00:00,2025-11-01T10:38:47+00:00,211
a51e288498a5aa03e3f4357e9d75168e6fecd77213e40cb57a26f538d16afd44,2025-11-01T10:38:40.758620+00:00,2025-11-01T10:38:47+00:00,211
89de45df084730538cc14400ba752593d435b1b61a0304eaf0aa86144b0a704d,2025-11-01T10:38:40.886221+00:00,2025-11-01T10:38:47+00:00,211
c6cb330fff73af206d0b9cae6dc9b627870609686e6e8de88a6a4d94f8563c68,2025-11-01T10:38:41.017338+00:00,2025-11-01T10:38:47+00:00,211
97e1dee9716f1b6365b2bd0f51e25c2c2f0729587f52ebc0655c4cd293aa1672,2025-11-01T10:38:41.150254+00:00,2025-11-01T10:38:47+00:00,211
332eab8340cca79343abccd1f65ab73fa0cc09e2336e117ce0a12e206475035e,2025-11-01T10:38:41.283213+00:00,2025-11-01T10:38:47+00:00,211
95b0a8781b327b5b2685efe952a68915a450553aea18b17614cf182229d7ae38,2025-11-01T10:38:41.414341+00:00,2025-11-01T10:38:47+00:00,211
41f41b421cde3471fa081109939cb04ec5d45b36411d7ef3756d47019475c606,2025-11-01T10:38:41.552677+00:00,2025-11-01T10:38:47+00:00,211
fb266a5e9b5e809096571bfb0e11aeb2d8058d20cc09857dbed425ad446f2df9,2025-11-01T10:38:41.684401+00:00,2025-11-01T10:38:47+00:00,211
281e31ccebd4f999b90eb10045e96f8fd3e450acf899a9392b7307f45facd21b,2025-11-01T10:38:42.018115+00:00,2025-11-01T10:38:47+00:00,211
88e528273159ea9316e71c676019b3d673e53c29c5c49737f0d04bb52e44ab22,2025-11-01T10:38:42.146087+00:00,2025-11-01T10:38:47+00:00,211
d668f465741f072c7e6851d36f48f53cbdeb1723335c4b2a41b5f861a1001c9a,2025-11-01T10:38:42.280582+00:00,2025-11-01T10:38:47+00:00,211
30466201d88f022c6ea72c500545770d185227d828c97820da61cae445c7f9cd,2025-11-01T10:38:42.408601+00:00,2025-11-01T10:38:47+00:00,211
2bba14a472769ccbbfdf2404c142fd3e648471eef4c72652bd3dde2302dc2c90,2025-11-01T10:38:42.543257+00:00,2025-11-01T10:38:47+00:00,211
2cd71ccad2c615831bc230f9acb3d644608850587b95864a77f7d40784e0e647,2025-11-01T10:38:42.670755+00:00,2025-11-01T10:38:47+00:00,211
52a5bb792122a92adf53968c02c4a3bf82c03809a7f962364925f441b4422f3f,2025-11-01T10:38:42.797339+00:00,2025-11-01T10:38:47+00:00,211
5664cf9187a6ff88c02b44e4189ec92a150117a6ceee407965c28b50e481604a,2025-11-01T10:38:42.924388+00:00,2025-11-01T10:38:47+00:00,211
ba08d1c149d39b7fb4dadd23dbca908e4ce44e5482d887abe27db150a4d37b82,2025-11-01T10:38:43.052850+00:00,2025-11-01T10:38:47+00:00,211
114a221a5b3a27478aa842d45392c848e19804b2f59d7ebb35c51a16d57d8f52,2025-11-01T10:38:43.178673+00:00,2025-11-01T10:38:47+00:00,211
cb685d11520551779dc697d4b4416d8aa218481aca7c4025684e6e5bfb483ba2,2025-11-01T10:38:43.307378+00:00,2025-11-01T10:38:52+00:00,212
15ba58c5fa28d09f19b46ce9dc47d74973e58c2023fe5e9a3bddbc4dc4d354ff,2025-11-01T10:38:43.434324+00:00,2025-11-01T10:38:52+00:00,212
89a035286c98d484fd4ac962ae831e4d0f3c3fe7c3d1e90cb1beb2573b552826,2025-11-01T10:38:43.565297+00:00,2025-11-01T10:38:52+00:00,212
1780876f116599f2251fd06ac0798ccdadba32962371740a32f2a34efed224f1,2025-11-01T10:38:43.699621+00:00,2025-11-01T10:38:52+00:00,212
2fc53b23f80109c79d64d2afca905644696f888c4caaa201803d1093ff83a3ca,2025-11-01T10:38:43.833994+00:00,2025-11-01T10:38:52+00:00,212
49a3ce7514c7d6d9c3f70284bb6165c63f54a94e6dab8721bc94ee94ecae1c04,2025-11-01T10:38:43.961866+00:00,2025-11-01T10:38:52+00:00,212
24d9244bba7b008041460258b7267abf47bbbc94b9aa5213cd5e5e1da0adc06d,2025-11-01T10:38:44.098455+00:00,2025-11-01T10:38:52+00:00,212
15aa6bb85ea2735cb5befaaddb6a338c3b41042b1a8a59d2b0ce02d1b342b545,2025-11-01T10:38:44.228763+00:00,2025-11-01T10:38:52+00:00,212
a86c48889390fdd2c018d58e6b6e33739a61155f92112e04c1a080ac8c01b18e,2025-11-01T10:38:44.356355+00:00,2025-11-01T10:38:52+00:00,212
370cc070e263deeb331dc6c641441d43cf5f9e0e30bffb2b84d64cf60ad2174b,2025-11-01T10:38:44.488316+00:00,2025-11-01T10:38:52+00:00,212
b3f49f9c63b2c70bb5df16fe069a6e52973809699e35aa7dd328cb0a1913cb04,2025-11-01T10:38:44.616197+00:00,2025-11-01T10:38:52+00:00,212
d44004b4698158c0e004396a4ee736b1d982a6deb6fc6a78b8cdd165fdebd1f9,2025-11-01T10:38:44.748500+00:00,2025-11-01T10:38:52+00:00,212
d71c79439d8747a379464b527bf0e55e58c35ee934aac63a1471c1740c716e5d,2025-11-01T10:38:44.875729+00:00,2025-11-01T10:38:52+00:00,212
dea175b2310388f29fa8f536ea811cc2e77a9d6efe0ae69077d709b03eb0d602,2025-11-01T10:38:45.010805+00:00,2025-11-01T10:38:52+00:00,212
1a9e022d68b07aa650816e85de35b9f3f3f577abe281039698c44f4c3a0a614a,2025-11-01T10:38:45.142814+00:00,2025-11-01T10:38:52+00:00,212
1739519a7b486a392f9a8e8c089930fed0501b2f983207f76dc08b32d30ed79f,2025-11-01T10:38:45.271883+00:00,2025-11-01T10:38:52+00:00,212
327e8c5e22ea0feb0f7575bd9ccbdc345c71f0bab9c12f58533172e5e42729dc,2025-11-01T10:38:45.401324+00:00,2025-11-01T10:38:52+00:00,212
fbcadd8537d5230160bc088c06e8aee68cdc81beae4af0f17aa626ea78db7472,2025-11-01T10:38:45.533329+00:00,2025-11-01T10:38:52+00:00,212
f68cef77b695864ed4cdeb96477c40beff4db34cef0edba2916647bc379e4a52,2025-11-01T10:38:45.659938+00:00,2025-11-01T10:38:52+00:00,212
7faa5bf6a4a6939fb6637006d76811273f4e7078dd94e6a86aa54afd5d9a5f70,2025-11-01T10:38:45.791372+00:00,2025-11-01T10:38:52+00:00,212
c9c3c2ada364fa02262378a67a8e75cd3022881a048966f0a8eefce0fe3bc1b8,2025-11-01T10:38:45.921142+00:00,2025-11-01T10:38:52+00:00,212
f33379e0a44ff1a22dfb9ac2d0728e756294a204313f042a5ff6656fcc77da5c,2025-11-01T10:38:46.053663+00:00,2025-11-01T10:38:52+00:00,212
3a87f2efdb08d2c4f25392b2cc363e3a6302af9197571717af0d192c664e8599,2025-11-01T10:38:46.180648+00:00,2025-11-01T10:38:52+00:00,212
fd7c40df23d09287aaae66038250787a0ea18ee0c15dd137d9dbb45faa11a5ff,2025-11-01T10:38:46.310851+00:00,2025-11-01T10:38:52+00:00,212
dc3e56bbf17429115c0113f6f6db6fbfc718eda2280f1dbe6912304709090015,2025-11-01T10:38:46.433542+00:00,2025-11-01T10:38:52+00:00,212
22ef2a0801ac7d4754e8cacfd25bb802975d494820a3ad1588e469c231b5e38b,2025-11-01T10:38:46.559355+00:00,2025-11-01T10:38:52+00:00,212
d9f7cede726f26be7a9ecbda309d6d82f461b5adb38a93ac49853844f0f9e568,2025-11-01T10:38:46.687395+00:00,2025-11-01T10:38:52+00:00,212
378f3cbce3a090ff2684de3e70ace8c7de62df7ca24cf8a9b0d63fa8b397d348,2025-11-01T10:38:46.815994+00:00,2025-11-01T10:38:52+00:00,212
96b8de54057d812b02d5c3644d479b9276ef7c07976c2b5e4007d129a87e3613,2025-11-01T10:38:46.944406+00:00,2025-11-01T10:38:52+00:00,212
099974823816c557aa09de49a81602a4598593568b7a95e660e6b989201c9a09,2025-11-01T10:38:47.276676+00:00,2025-11-01T10:38:52+00:00,212
fe928fb5f48816e3db9db55796fc2c02ef37cb720683a2a99d64a64a14cc1c96,2025-11-01T10:38:47.403367+00:00,2025-11-01T10:38:52+00:00,212
4e93596d5da163b3bd11943a587ac5a6e956d1ef5f0f294a299fc78c6b6561c0,2025-11-01T10:38:47.532230+00:00,2025-11-01T10:38:52+00:00,212
bcbcc3e27024972d73620ae2b758b234ed1a5284d53c6e43d696e558349845f3,2025-11-01T10:38:47.657830+00:00,2025-11-01T10:38:52+00:00,212
a8a8ede9222579cdb4408395cf99c2d7dfcc89bfe3b40e80989340b691eb5827,2025-11-01T10:38:47.782975+00:00,2025-11-01T10:38:52+00:00,212
b413c833a1d1deaba6f3afc5814ef9dae026c9734c2fe95cc230d7ef2db7b263,2025-11-01T10:38:47.913537+00:00,2025-11-01T10:38:52+00:00,212
8d585840c9cece0e410d1679419865aff31d691ae842007b4dff5f8ee9c8fe29,2025-11-01T10:38:48.040387+00:00,2025-11-01T10:38:52+00:00,212
caec4fc5c7c2fdc8826c0fe19edc0cee64d1d6bd9c86bbc8134f61f767caef49,2025-11-01T10:38:48.167784+00:00,2025-11-01T10:38:52+00:00,212
77cd9a0ada2b9525ed598e28ad5a348a097c9129fa8603695e0ceba800386c84,2025-11-01T10:38:48.295434+00:00,2025-11-01T10:38:52+00:00,212
63aa12d68a3d0684873a84d7adb6de4b1a27d033b9294254173e3cabb95b53a2,2025-11-01T10:38:48.422913+00:00,2025-11-01T10:38:52+00:00,212
4a850c0834d5e1d1636397c4bd387a3f3dcd0f4fb214c47f572d4573ce60f951,2025-11-01T10:38:48.552053+00:00,2025-11-01T10:38:57+00:00,213
09e7c8cda97a3cf8c9c60b5c63d6f6ceaffe933eec150c976aa584a21817a0bf,2025-11-01T10:38:48.684952+00:00,2025-11-01T10:38:57+00:00,213
df6db77c4711f90ac79f49aa79afde9d145e5dd36566b1df5e6f23a08d1072f5,2025-11-01T10:38:48.810787+00:00,2025-11-01T10:38:57+00:00,213
0ae92f8a632ac81d939f7b333e129c883c61fefc0030783f214762a361f9985e,2025-11-01T10:38:48.973501+00:00,2025-11-01T10:38:57+00:00,213
93a72bb4b516f9010c23d9a4ecdf0a3e3ee64d586cf95cb3f4eebb2c61f4d793,2025-11-01T10:38:49.102670+00:00,2025-11-01T10:38:57+00:00,213
bc9bf26bc99cad6817687bd8e269bfd87ed546f91b0a0d27eca200ab3ae79fb4,2025-11-01T10:38:49.227676+00:00,2025-11-01T10:38:57+00:00,213
9d1dd07d3c40d6713ef682eff0f93e8cb921c27fbfdd41f54d326bfae2826d8d,2025-11-01T10:38:49.357051+00:00,2025-11-01T10:38:57+00:00,213
99769db362a8734b25308acc3022c6437009f61ea983f31b1301c2ddb38fc6b7,2025-11-01T10:38:49.502715+00:00,2025-11-01T10:38:57+00:00,213
1c64c836c024df6d9a4835f0f8a95cf9e36a991b7feba19ffaacb4e83f6d71b4,2025-11-01T10:38:49.633119+00:00,2025-11-01T10:38:57+00:00,213
8dbb54de6fd9529f81c73c4d4be9a09492cf9857e509783af1128f053b02a13c,2025-11-01T10:38:49.767101+00:00,2025-11-01T10:38:57+00:00,213
9570678a105c420ba8207bf4af23b692e04b6d41fcff6b682d70048ef048c7df,2025-11-01T10:38:49.902096+00:00,2025-11-01T10:38:57+00:00,213
17e31fff8cfa481caea922f7b7e1f7561b192c5920a4f01a567458c97bf6b9ef,2025-11-01T10:38:50.031785+00:00,2025-11-01T10:38:57+00:00,213
d815013d71c417c706e2bd84025595c3624e1ccab3161b8ba9fef7d810522c75,2025-11-01T10:38:50.163801+00:00,2025-11-01T10:38:57+00:00,213
8f74c5d1b57cfc094b89da682d11a390448d81469e0bd041e9f81c29ce55e716,2025-11-01T10:38:50.294502+00:00,2025-11-01T10:38:57+00:00,213
c260ae302faf3f790c220be9e82257b6b75fbf65e9ef028a211aa89988ed2a2b,2025-11-01T10:38:50.422580+00:00,2025-11-01T10:38:57+00:00,213
d004fc7f67fd4a8c2cb9e5321c8c6ae30065428907986bf510e10f9d6f8ea8c7,2025-11-01T10:38:50.553156+00:00,2025-11-01T10:38:57+00:00,213
d9f5023ecf7bc295f6445f2c9eea8f14c48436f1cb6b14316f6800e97bd4c443,2025-11-01T10:38:50.683968+00:00,2025-11-01T10:38:57+00:00,213
ecbb2683102227e42172c5861695400fff7bd6cd427cfbf86e25398d299c0f91,2025-11-01T10:38:50.811743+00:00,2025-11-01T10:38:57+00:00,213
a3a52d6905d9019b33300b3859b1ee805e061247c0f98a93eda04dd39b8e1d6c,2025-11-01T10:38:50.941522+00:00,2025-11-01T10:38:57+00:00,213
a094951239c4ed4389bf5ad46f8cf923c93431fd821ddeb7dafc2e41eb238bbb,2025-11-01T10:38:51.068758+00:00,2025-11-01T10:38:57+00:00,213
114eda4043c63599864e4dfee867f3e895f10d29689109f25f2f8a1578a1a8d8,2025-11-01T10:38:51.197574+00:00,2025-11-01T10:38:57+00:00,213
33e2aa8902fc07c605aea09ba53a00d25f7fec202f1897a4939be4f2ce354885,2025-11-01T10:38:51.325108+00:00,2025-11-01T10:38:57+00:00,213
af79bd2754819ecee6f14dcd344138b802839aec35ad14f8bf3f9c0c51053be4,2025-11-01T10:38:51.452484+00:00,2025-11-01T10:38:57+00:00,213
dda1e2b1da1ea36959dc1a19aa2f83984c993c166bbcde6a331e5ae21e027998,2025-11-01T10:38:51.576610+00:00,2025-11-01T10:38:57+00:00,213
6748b3807c45ce2dbc690b90fb9487391d19fbe80e02de97451a925c603f1826,2025-11-01T10:38:51.703876+00:00,2025-11-01T10:38:57+00:00,213
302474f59c1ee991bc1f6261578131a0d6f5ccbb9ed1065b0ba0d637138674ab,2025-11-01T10:38:51.829727+00:00,2025-11-01T10:38:57+00:00,213
e877cbb37b929ba711d9a00d9b79bf68c222e8a4236f6e7199d90b69c6d528bf,2025-11-01T10:38:51.966243+00:00,2025-11-01T10:38:57+00:00,213
6d30191e3dc536b2fb4b7c187104ca3563d2cb834dee8d3ff9cb53cd86fcafe8,2025-11-01T10:38:52.092327+00:00,2025-11-01T10:38:57+00:00,213
0a966f9ef8cb098e1ec1c7606f28749d377c9914836dc66f83ab5a2c62a889c6,2025-11-01T10:38:52.256072+00:00,2025-11-01T10:38:57+00:00,213
6eeee8bf710fe9b3b2202b8ea63a88aed525904ab4d2a2e77964c3f946c8762b,2025-11-01T10:38:52.664698+00:00,2025-11-01T10:39:02+00:00,214
e1dd06c810e06010100c1f04611d9e6a9dbb62ab8d506058d1ec7e2010e62662,2025-11-01T10:38:52.790468+00:00,2025-11-01T10:39:02+00:00,214
9a76b9714cd86f6f78f340fc3fb3b6608a6f12a4e66eb14ee2515b1a90edbca7,2025-11-01T10:38:52.921327+00:00,2025-11-01T10:39:02+00:00,214
245c803fac3de1a6ca8d452f40aac2ba07d9a18c59ca66585122c219a0c76570,2025-11-01T10:38:53.046986+00:00,2025-11-01T10:39:02+00:00,214
5171f4fb7a0b1789c0b80a1d0b35e79da149c112c6ab24d55dc905b8a58cfa1e,2025-11-01T10:38:53.182587+00:00,2025-11-01T10:39:02+00:00,214
db7b91faac76ebe4bc0990a0c2c71516c81cd75c21f781fa025b050ce82ea431,2025-11-01T10:38:53.324858+00:00,2025-11-01T10:39:02+00:00,214
63017f568eb687fef769cf3b683a3ecba5241137ee189fe71fae5d0998d51eb2,2025-11-01T10:38:53.453366+00:00,2025-11-01T10:39:02+00:00,214
6e5abd20c4f539f3bbf25e66fee0ced43c0c9fbbffa1eaa93df232203d020d75,2025-11-01T10:38:53.584765+00:00,2025-11-01T10:39:02+00:00,214
99eb9e2ec33fad05017ad97a3534c1e4c8bb6cdbf5f289e5ce44df4aeeed6174,2025-11-01T10:38:53.715571+00:00,2025-11-01T10:39:02+00:00,214
e8f6b608b363e8a21a8955fbf17d38c1d53546eb30fa684f0faedda7ff93e500,2025-11-01T10:38:54.107144+00:00,2025-11-01T10:39:02+00:00,214
c27f9b2374a07a90f216d3965494886f075971025fd11c49abed7ed94fafd433,2025-11-01T10:38:54.237907+00:00,2025-11-01T10:39:02+00:00,214
faaada4886361a709e351226a563ff7f5bde3eed52f124fec6f4354475b00a8c,2025-11-01T10:38:54.365210+00:00,2025-11-01T10:39:02+00:00,214
99e86c33107b504aa5e66d79b528e8710b08c6b3e0f0e04e4026f2d77dfa1995,2025-11-01T10:38:54.498929+00:00,2025-11-01T10:39:02+00:00,214
77326e44a9492825a5c1a15d97651c4db30f651678c2520f8d49745d6617cd20,2025-11-01T10:38:54.630934+00:00,2025-11-01T10:39:02+00:00,214
598575ce966f67698c018a346f5c544da100ffa5f323593a042093da69fd1a92,2025-11-01T10:38:54.808746+00:00,2025-11-01T10:39:02+00:00,214
3d188be2393774e281f5ed6d8cc71b62b2e9b383bf9187479261ed96d62292f3,2025-11-01T10:38:54.987757+00:00,2025-11-01T10:39:02+00:00,214
82ed135cc6ea0a6e9b183acb18ac9967e46975d2cf0e3503b5d8093d298bfdc2,2025-11-01T10:38:55.124640+00:00,2025-11-01T10:39:02+00:00,214
9467055965b77da4bf2509e5a922a9ff4cec69a212bc2b071d199f8dac96350c,2025-11-01T10:38:55.256782+00:00,2025-11-01T10:39:02+00:00,214
2b71d807fc9b4244a13c82b824556c6b25ce865bf35ddf90be82c2170a51f4a8,2025-11-01T10:38:55.387956+00:00,2025-11-01T10:39:02+00:00,214
b7e58d664098baaa14d8b4242536e722456d6eff4bae802abc0e67a8df3ccb32,2025-11-01T10:38:55.513846+00:00,2025-11-01T10:39:02+00:00,214
de83b01187e1f292f08159761e602a270e4fd8f231a8701b9027ae89394be9c6,2025-11-01T10:38:55.634526+00:00,2025-11-01T10:39:02+00:00,214
56d807563934a0497f47cf2e78e7bf91df8e795dfad80800a7e5913df5ad88a0,2025-11-01T10:38:55.758122+00:00,2025-11-01T10:39:02+00:00,214
76b7b12fd1a7bbf0420928c4572dfefc40d3973f420a43485b849148c1df5ee4,2025-11-01T10:38:55.895876+00:00,2025-11-01T10:39:02+00:00,214
4a6859678d047a5e195843720b4b1e57e172be4da0e3a5883327032d2b7cfa92,2025-11-01T10:38:56.021704+00:00,2025-11-01T10:39:02+00:00,214
3c5025c3a064f8d597efcccd5db8a4bbe02f8b4c584d4b3ad4ba715968742ddd,2025-11-01T10:38:56.145805+00:00,2025-11-01T10:39:02+00:00,214
594b2640e90b5684308366319b5496732814b4b2df939e76efac8a0339e4cc47,2025-11-01T10:38:56.268869+00:00,2025-11-01T10:39:02+00:00,214
c7720c41a32b9450777d075dbae667f90b1f577c0e33b39f1be031abafaa5d8b,2025-11-01T10:38:56.403818+00:00,2025-11-01T10:39:02+00:00,214
fa758925fe753a56d98a34fa00d7b17bc0c3ce73f4aea6fb4cc8496e4b70c901,2025-11-01T10:38:56.528802+00:00,2025-11-01T10:39:02+00:00,214
0d56f8dd9dfe3fbc5b57a41587741ba4df326038457c9ac3b9920b9df2ef1ae5,2025-11-01T10:38:56.654621+00:00,2025-11-01T10:39:02+00:00,214
18fadf782709dd6e1255d9995adbb1b776a7f36782afcebb740aefc5f335723d,2025-11-01T10:38:56.780606+00:00,2025-11-01T10:39:02+00:00,214
a3933c153278085f09131074da218f3845366aa09fc8ca14023b44164ebbd17f,2025-11-01T10:38:56.909485+00:00,2025-11-01T10:39:02+00:00,214
111a9ebad207c510b5f4be07e6332db2731db2a074902efafb06dc3cd5b7c85b,2025-11-01T10:38:57.037568+00:00,2025-11-01T10:39:02+00:00,214
74022021886999c93986cde51b13256830b91b0a9e2a791f358009e0ac3a0a6f,2025-11-01T10:38:57.164959+00:00,2025-11-01T10:39:02+00:00,214
476c5f7518d4fb370273ad37f1f435e1e1024764001e3962aefdde687198e212,2025-11-01T10:38:57.290252+00:00,2025-11-01T10:39:02+00:00,214
1fd308a6851c65f949710c7d886d9e433f89f0f6be754269e6db60f9c7ccfa65,2025-11-01T10:38:57.419068+00:00,2025-11-01T10:39:02+00:00,214
3b3a33bf60af51a61fe54dd228c7b530ef6beecfd421956cd84051f7b53b2f00,2025-11-01T10:38:57.546804+00:00,2025-11-01T10:39:02+00:00,214
0a9144dee2f4c51468139b6416366af02aa42c284d9ca364c70cfd6a6450cb67,2025-11-01T10:38:57.873523+00:00,2025-11-01T10:39:08+00:00,215
a0cd4639bcc8463dff043de82f7f8aecf34fa44707e1eb13440d908f8e563908,2025-11-01T10:38:58.001149+00:00,2025-11-01T10:39:08+00:00,215
a69ad78d2feae0794da9cd50f50ae7da627edcc3ddbfd0a4f72df1b549b3c321,2025-11-01T10:38:58.133687+00:00,2025-11-01T10:39:08+00:00,215
5b7e07bdb01a67f809fb7a8ed52b8fd723a2f6f6ade72a0f735beb2999b5a4ef,2025-11-01T10:38:58.263073+00:00,2025-11-01T10:39:08+00:00,215
6bf49f6e14c17edbbe586435dcff0c98d629a5a352ab6f3f650e3584d84d05bd,2025-11-01T10:38:58.390152+00:00,2025-11-01T10:39:08+00:00,215
0476d6b1e61c30dc149e0a0c7b84ebe4b89ddb4c1431633671b7b4831b6d260e,2025-11-01T10:38:58.511871+00:00,2025-11-01T10:39:08+00:00,215
bd61d7e555b974a132247c46502f4a519254c7d983b7f58c10163c83fd161615,2025-11-01T10:38:58.639043+00:00,2025-11-01T10:39:08+00:00,215
847c6b45ee390047240d1849a0b4e827efa8c18866ebe26924b1e8fa58d61700,2025-11-01T10:38:58.764891+00:00,2025-11-01T10:39:08+00:00,215
9f20af2ef716c38a623f110a7854f3571f9dd8993a86e7c9625d4356a12cad38,2025-11-01T10:38:58.897887+00:00,2025-11-01T10:39:08+00:00,215
40246ac6b57172956f4e69db3c5d29da166d016b462d6917788bae6d51122eba,2025-11-01T10:38:59.029057+00:00,2025-11-01T10:39:08+00:00,215
347e5791ff6bd3617e9b83e27715dfbb1c4fba9c749c57e027ab41cae12e8bd6,2025-11-01T10:38:59.158297+00:00,2025-11-01T10:39:08+00:00,215
a6bd81478c3ef3ab1464f17e43b77e2e5b80c82c520b1e4dd45f019c1f51a3a3,2025-11-01T10:38:59.281546+00:00,2025-11-01T10:39:08+00:00,215
8bc9745d84cdb186fc68bf548eaf3d37a5af993489f6113e6c9158709300cae2,2025-11-01T10:38:59.408626+00:00,2025-11-01T10:39:08+00:00,215
a0e400654d52eff060ad32cb02f9c70133c364f0786f3098842fa4310abdff83,2025-11-01T10:38:59.538102+00:00,2025-11-01T10:39:08+00:00,215
02c7e99ae4fb8633ac2974accdea09f0a1b070ebcc26397f7b6bc9698abb445e,2025-11-01T10:38:59.663363+00:00,2025-11-01T10:39:08+00:00,215
5e5ef743c120d43301b9bbefd0d836d0eb109322e2f2b17c1e4dd8f1e35f5bc7,2025-11-01T10:38:59.792507+00:00,2025-11-01T10:39:08+00:00,215
fcb871c44c770dc2387b996c7f5ad643c9faa44fd9bddb85aaa2798e4ee4c123,2025-11-01T10:38:59.920070+00:00,2025-11-01T10:39:08+00:00,215
f937e8356769c72ab9bdf6d011abd532e68059bad1888402726f43177b5af398,2025-11-01T10:39:00.050061+00:00,2025-11-01T10:39:13+00:00,216
f82b0d4bc940b6e6d3866d3078c805bfcc64d8708ae4403ac85e5c6d51105d21,2025-11-01T10:39:00.176469+00:00,2025-11-01T10:39:13+00:00,216
2d7ce4283a337fe7312b771edbe0889d23de914f58f230d3cda8be5578b4f0aa,2025-11-01T10:39:00.302713+00:00,2025-11-01T10:39:13+00:00,216
9968ec37cfa1952793e3734ef28711555aeebe27b95e59536b1239adb563a2d4,2025-11-01T10:39:00.433482+00:00,2025-11-01T10:39:13+00:00,216
1a8272a8b17b05b53bb2acdbba521344720d6180f04b36143e8969ba2aa33255,2025-11-01T10:39:00.568734+00:00,2025-11-01T10:39:13+00:00,216
0b936085ecd4a98820fc0a57d085f193411c3de90c87cf3b31fccafbac7c9cfe,2025-11-01T10:39:00.701024+00:00,2025-11-01T10:39:13+00:00,216
0b1525aac594b2fe6ae5cc67e9f280aea93f0ead15976cf66b7834716a7d407b,2025-11-01T10:39:00.827521+00:00,2025-11-01T10:39:13+00:00,216
9a198279dcb853d3069375f42a1456388c2c8fe9b275b920b25bd135f1eab582,2025-11-01T10:39:00.961972+00:00,2025-11-01T10:39:13+00:00,216
084f26459fff370156b1816e72b1e1d4e1dbd793eb0f4d0692571fb71549b9f6,2025-11-01T10:39:01.098154+00:00,2025-11-01T10:39:13+00:00,216
73e048d13f67e7983afcb0057690b254fcb999a355f437ea66b1b9a44e27282c,2025-11-01T10:39:01.229096+00:00,2025-11-01T10:39:13+00:00,216
aac931d42e8146fd988041b24885e7974422449366d60dbbb1e2b462680dc84a,2025-11-01T10:39:01.360692+00:00,2025-11-01T10:39:13+00:00,216
ffa813c5bda3c86e33051086ce1db0e5bcf5853f1d6b286782ce183c324ca164,2025-11-01T10:39:01.504320+00:00,2025-11-01T10:39:13+00:00,216
08243bce7157d8edab70e62817ab63c02e2b9b8819f372d923806ea054a4acb6,2025-11-01T10:39:01.632681+00:00,2025-11-01T10:39:13+00:00,216
fef8a8f6a5f0b695aad88ecd2c854a26aff107f4cad0c26100e36b6aa0349580,2025-11-01T10:39:01.762511+00:00,2025-11-01T10:39:13+00:00,216
cb9cbd18c22f6e715bc689b34cbb7e9143d7b2959933eb5c7295858f06524a2b,2025-11-01T10:39:01.895286+00:00,2025-11-01T10:39:13+00:00,216
4085ee8ec2ced74038664638c1f510500e82e4ca693438d14e81f7c159a053f2,2025-11-01T10:39:02.026757+00:00,2025-11-01T10:39:13+00:00,216
741c773fe1d78260831fe89f21639f3810fc9942c206321c137f37e1d0b6b82b,2025-11-01T10:39:02.154872+00:00,2025-11-01T10:39:13+00:00,216
42ed61b8b2811fabbce39ab610a1c64ade3bf426e762076dcfee112c5db1ff9a,2025-11-01T10:39:02.290737+00:00,2025-11-01T10:39:13+00:00,216
03e561b5fce687b41752413d7bcfbc08557bde89968b55745a4e8f6106883382,2025-11-01T10:39:02.424612+00:00,2025-11-01T10:39:13+00:00,216
1a7e9cc42324a50c08c62eba947e52232aaea10c2074bdfc77b4fcf5f87514cd,2025-11-01T10:39:02.573973+00:00,2025-11-01T10:39:13+00:00,216
bc3046188f8acb59557e11ebb8393a1a76aa231504be75aae5f7ca43c1fe045b,2025-11-01T10:39:02.703983+00:00,2025-11-01T10:39:13+00:00,216
798e43d51d1bc7fbec884fb88b16dc8f3b06139e925911f341d81e6ed863b76b,2025-11-01T10:39:02.831222+00:00,2025-11-01T10:39:13+00:00,216
3c632147ab18d58419559e4265828c0b91f63bc3f945f5ffce06623426c0fa9c,2025-11-01T10:39:03.239042+00:00,2025-11-01T10:39:13+00:00,216
9702c05af46cbaf61d4e9d4e015f9fcaa254b799a2b7c1e56bdfb315c2b3104a,2025-11-01T10:39:03.378770+00:00,2025-11-01T10:39:13+00:00,216
632a4c0dfe42cc898f6c30dbdc163942f522196c2066485d730f63250f02821a,2025-11-01T10:39:03.502350+00:00,2025-11-01T10:39:13+00:00,216
222579ba2c688ef313a7ad8ff2dcd69d3eabeb412e8b93f3374e24e9643e81b2,2025-11-01T10:39:03.626806+00:00,2025-11-01T10:39:13+00:00,216
51f3c750b757bada43f9a6e35a8706a56cbda491846f96911eff4617b0cf8bad,2025-11-01T10:39:03.755090+00:00,2025-11-01T10:39:13+00:00,216
9f21882dba1579ac69a01ae590ba1a37ca407b2ddac329cb1c8a1746f4bb0ef4,2025-11-01T10:39:03.888141+00:00,2025-11-01T10:39:13+00:00,216
b987269e1eeb40e892e21a9ed09b3ffb4ba10f3074460e6ea4ffe739dde4be44,2025-11-01T10:39:04.038062+00:00,2025-11-01T10:39:13+00:00,216
79a6187e020f76d2d617587a0956bd3c74c42ee387a71b3df8b5e1711b1dcec3,2025-11-01T10:39:04.177019+00:00,2025-11-01T10:39:13+00:00,216
e115ec4f8d9f4593e34a405090738c0b32c59263d89e33fa6bb89112dc4cdc85,2025-11-01T10:39:04.304743+00:00,2025-11-01T10:39:13+00:00,216
184481f2924566e021a8547c9f49d4fda162cee09517572808a620a982b676d2,2025-11-01T10:39:04.435298+00:00,2025-11-01T10:39:13+00:00,216
890ba92723c819050cd684f2d8b874b9f8a3102c1b75dfbe73e1a346e074d182,2025-11-01T10:39:04.564291+00:00,2025-11-01T10:39:13+00:00,216
8e44f3750fdaa4dfa6e82d99c8b631a933da93ac0cebcdaee15fceab0477cd10,2025-11-01T10:39:04.690383+00:00,2025-11-01T10:39:13+00:00,216
66de435f467784c54da4eb94f2aa7e208bd665c49f1906a105303f00d84b0056,2025-11-01T10:39:04.818454+00:00,2025-11-01T10:39:13+00:00,216
247393d248c35cfd01c170675115b59e467f306e14a934f89d39811d972e72f3,2025-11-01T10:39:04.946032+00:00,2025-11-01T10:39:13+00:00,216
59d17970850dd9ce3a3abeb970390cbca2b7caedc1c6c19525b71256b0c1d4c8,2025-11-01T10:39:05.069279+00:00,2025-11-01T10:39:13+00:00,216
44515ee9439764736322a115d150a6073774598ceb973b7f464ba38523b95bde,2025-11-01T10:39:05.195015+00:00,2025-11-01T10:39:13+00:00,216
dd448a6b4db2de8d497fe199f2772556006a404d8e09fdd61d75f99a6b5b7bcd,2025-11-01T10:39:05.317740+00:00,2025-11-01T10:39:13+00:00,216
6aeec073ad62d86a2134146a37bd68bddb924135c805d5ebf7c500bfd96d91c2,2025-11-01T10:39:05.444377+00:00,2025-11-01T10:39:13+00:00,216
c46bdb6e0ece3b3a1cc72d1f0c39359f6585af1ea70eea1c9a20978c672713d4,2025-11-01T10:39:05.571922+00:00,2025-11-01T10:39:13+00:00,216
dc8093043d69c45ddfeaa4f4a18f9f287d70825a18948de46961803d43df8a35,2025-11-01T10:39:05.702822+00:00,2025-11-01T10:39:13+00:00,216
cc53bf88d2d4b6100857f6f104ccfe4c89e04203d508ad4dd52d8867c090f663,2025-11-01T10:39:05.832470+00:00,2025-11-01T10:39:13+00:00,216
fc426dd0abcc623efc1ee0980047884c0a6f36b56fe444a4c8d9c86d57f17603,2025-11-01T10:39:05.967821+00:00,2025-11-01T10:39:13+00:00,216
e8b2dfb79f7d3f93afa3d217b6633a0c4c467a001379f1276f0e2e7b491c616a,2025-11-01T10:39:06.100785+00:00,2025-11-01T10:39:13+00:00,216
49c4f2b8f982d019cab126113c40d9fcceaf70b3c29468816bb67be0ae47964c,2025-11-01T10:39:06.229145+00:00,2025-11-01T10:39:13+00:00,216
0bd5e1747a785850077165dde1a91d79fd47bd0c7a512a53ac41add0f9a4326b,2025-11-01T10:39:06.358219+00:00,2025-11-01T10:39:13+00:00,216
9a3cfdb52efcd6853d97216f404b658b27c7bc8f00a5bcd45f4846fd6944876f,2025-11-01T10:39:06.492283+00:00,2025-11-01T10:39:13+00:00,216
f00024f622736c49d90e7b4b65fb52adbb99b381fca2188bf82be8430448962b,2025-11-01T10:39:06.619040+00:00,2025-11-01T10:39:13+00:00,216
23ca47489717bca0ec8cebf7329aad20282a2e8116a0e7619c80821b8f63a248,2025-11-01T10:39:06.747859+00:00,2025-11-01T10:39:13+00:00,216
bb2729cb9a358b6780eb3dab0236bc122872de68abfdb599b9a92d1975697bbd,2025-11-01T10:39:06.882351+00:00,2025-11-01T10:39:13+00:00,216
c1bb59dc122b90906e80147e3ddf664d580de741bd257d3bf1249b08423f606d,2025-11-01T10:39:07.008022+00:00,2025-11-01T10:39:13+00:00,216
f183b6d46d0a5d44cafca81f8cae26540ccb950c8958cb1329d754cee247e58f,2025-11-01T10:39:07.132203+00:00,2025-11-01T10:39:13+00:00,216
b23a25b6df75659ff8df8cd5a8acaf32226611691420046685cd8f95ef0d0606,2025-11-01T10:39:07.256813+00:00,2025-11-01T10:39:13+00:00,216
5a4a0f7117b6aa1525bdb577fa90940cd5116df35575cc90b34ca078ca7a7472,2025-11-01T10:39:07.389311+00:00,2025-11-01T10:39:13+00:00,216
5034158d7496ecb230daa182fb31857fc15f2615b17befcbdc5f80076666e08e,2025-11-01T10:39:07.515943+00:00,2025-11-01T10:39:13+00:00,216
b7355533dba639cc721965d6b693c94cfb944d2a66c7a8cac90a0a324c663faa,2025-11-01T10:39:07.644371+00:00,2025-11-01T10:39:13+00:00,216
cb9902c77f3eb977984fac665402a4a399158dd2484ce1a403ccc400041aac30,2025-11-01T10:39:07.767997+00:00,2025-11-01T10:39:13+00:00,216
a925be185d8d251e6fdc4f38ca3fbc74a2613df23ce4d174c693ad92b6ba0f54,2025-11-01T10:39:07.895470+00:00,2025-11-01T10:39:13+00:00,216
796cdbd74d28bbcf7382fea7215d615d9dab0f4e7e7479c920dcecad7cbdfbc6,2025-11-01T10:39:08.025688+00:00,2025-11-01T10:39:13+00:00,216
44cad994514d9a800629d8d33e976aa0096533d0f6ab0ac7cf3e6be5fd05f817,2025-11-01T10:39:08.159577+00:00,2025-11-01T10:39:13+00:00,216
cb56f1d15b7464ed636a055f75b701022245350ce2b37772ea5236f63746d39f,2025-11-01T10:39:08.489255+00:00,2025-11-01T10:39:13+00:00,216
3d4f440158d3d441a5709767944325c29d83f94a702eab695201a40fa058257c,2025-11-01T10:39:08.619498+00:00,2025-11-01T10:39:13+00:00,216
c5f9c5bf5823defaa5d4ec208e5332eb35e6b291244013206afb951fc8aafa15,2025-11-01T10:39:08.746251+00:00,2025-11-01T10:39:13+00:00,216
3951b7ad2250a42f13a36a012d963bfe28a99a5c58ff7058d6d39e199bfb1181,2025-11-01T10:39:08.874069+00:00,2025-11-01T10:39:13+00:00,216
99cb4326e75426af2f296b332431c3cc45abe1f33946a27255a74d2cd9554bf7,2025-11-01T10:39:09.001046+00:00,2025-11-01T10:39:13+00:00,216
0a5818a769ca688dfb348814fed25552f9e9f20afab888425a548390a70bfebc,2025-11-01T10:39:09.133163+00:00,2025-11-01T10:39:13+00:00,216
77d62288451dae71cb64dc59669cb552787e6ca27ade59ccdf1edd7a3c811f98,2025-11-01T10:39:09.258466+00:00,2025-11-01T10:39:13+00:00,216
547d73e5abc4b275f9dbb6066829cf7ca34352d46ded50b662b59656066f3108,2025-11-01T10:39:09.388496+00:00,2025-11-01T10:39:13+00:00,216
d8dd479d7c79743fd9bab33b1c8c72465a3979f35a2fe231fa3d27e77f069d64,2025-11-01T10:39:09.514961+00:00,2025-11-01T10:39:13+00:00,216
950fe5b551d1355420f90343567e6143cf744942c3695608801d5533c189f4f6,2025-11-01T10:39:09.646452+00:00,2025-11-01T10:39:13+00:00,216
1e8236a9cf1040e9a2b634241064a3dcace2404a2b0b06c22f59371b185c8a2c,2025-11-01T10:39:09.771701+00:00,2025-11-01T10:39:13+00:00,216
956bf7fa4d3daf2fa6d14e9e84c9e904f00d29669cd133866dc89f2a6194b256,2025-11-01T10:39:09.897267+00:00,2025-11-01T10:39:13+00:00,216
ae8ba28d165fef51d936a21c641a9b0d9cf874110552a671b3edace23b86dbed,2025-11-01T10:39:10.017888+00:00,2025-11-01T10:39:13+00:00,216
41e5d95d94da28e4735461a6e4dd251085747750cbc3a23e32f6369e15f8246a,2025-11-01T10:39:10.146591+00:00,2025-11-01T10:39:13+00:00,216
7c81840d61d6982025ffc37e654edf2468c6d4228a0af9319e3c2c734c4ecc1a,2025-11-01T10:39:10.280521+00:00,2025-11-01T10:39:13+00:00,216
8c60bb84c59b0a4e5d0a5849ec1ace0c67bdc1da8af4581bc0082ea3943b0206,2025-11-01T10:39:10.411430+00:00,2025-11-01T10:39:13+00:00,216
e03b9000450fcb2b173d44789cdc0bd4c64a8378da57bc016d1d62fd57b33979,2025-11-01T10:39:10.547270+00:00,2025-11-01T10:39:13+00:00,216
477961ddb25ef61959256ba70464ba9f036a71c62b1d3ef83cef6f12b76b8c32,2025-11-01T10:39:10.706389+00:00,2025-11-01T10:39:13+00:00,216
2ce647cf3025221663468d06a140c94a17f74df03d27a4d3614670be44ab7f49,2025-11-01T10:39:10.841830+00:00,2025-11-01T10:39:13+00:00,216
6602f9dabb48dbd2cd70487807999a12250f0429558b75873c96cef461266554,2025-11-01T10:39:10.971541+00:00,2025-11-01T10:39:13+00:00,216
4d4ba51913e5fdd64e36d03613bd2e5c766eacde1d53871017f377d0b6cc6787,2025-11-01T10:39:11.102386+00:00,2025-11-01T10:39:13+00:00,216
d4bd1e2536a7131c27ff99dd0fc71f4593bdb49d6ee77be9b3b04cf6970882e1,2025-11-01T10:39:11.233582+00:00,2025-11-01T10:39:13+00:00,216
7a7fadc04ee52f401b59f72b228cbba715fb065478183db8aecc46415ad1a7af,2025-11-01T10:39:11.365036+00:00,2025-11-01T10:39:18+00:00,217
18b97d4a9e43737cacd3b11ddbf02152dccfd7b5c0c8571170b78deab42329d3,2025-11-01T10:39:11.497765+00:00,2025-11-01T10:39:18+00:00,217
7f67bfdf7a9d0e1f1c68584eef84c94782462cd57713bd6c9384e96a8afec6c7,2025-11-01T10:39:11.632513+00:00,2025-11-01T10:39:18+00:00,217
0a11da2c1290d96c0d73564544edd148c02f428747a12f98efdff88631189a9c,2025-11-01T10:39:11.764279+00:00,2025-11-01T10:39:18+00:00,217
9a18ff888af1af243682e9cbf10d4b07668b1b1eb3864e3456de350a6896da7c,2025-11-01T10:39:11.893946+00:00,2025-11-01T10:39:18+00:00,217
7e570c0b4afd2806ae7539497a089d93ee2b13bc26868ddc868616c9af59b72c,2025-11-01T10:39:12.027513+00:00,2025-11-01T10:39:18+00:00,217
1db8368bc35bda924751297b6c6c8522a4cb8925ac8ad5ee5459aba2088353cd,2025-11-01T10:39:12.155420+00:00,2025-11-01T10:39:18+00:00,217
2970fb3be0b35818338be4dbc41e646f6e35d9c005e395def8f9b10dfbb8a1fd,2025-11-01T10:39:12.288524+00:00,2025-11-01T10:39:18+00:00,217
8c253fb255e2d04e4ddba3637a2f47d43391cd8c446539914def84aa16a4e8cc,2025-11-01T10:39:12.416524+00:00,2025-11-01T10:39:18+00:00,217
ecac15f92ae43f7c40653c90b1a1aacb0f8838b6f688af34d735edfaa83e6093,2025-11-01T10:39:12.550455+00:00,2025-11-01T10:39:18+00:00,217
ee33927dde18289850839008df319a1b2ddb4ced980dc33aeda054ddf2d23f50,2025-11-01T10:39:12.684592+00:00,2025-11-01T10:39:18+00:00,217
c3903ea1e1ad5a37cd4712cb9b8ba32a5b9326dc15152b57a2ec5644695e1386,2025-11-01T10:39:12.815191+00:00,2025-11-01T10:39:18+00:00,217
ce43f10aa6839fa32a0639b58b269b9755fcf79e749a4a6f6eac8cad582268fa,2025-11-01T10:39:12.939795+00:00,2025-11-01T10:39:18+00:00,217
ec902f25f2d639baeb5b0ee6ded29b0c81269d29021c58942c40ab570cc9f5b4,2025-11-01T10:39:13.075442+00:00,2025-11-01T10:39:18+00:00,217
bd447d2c5ddbc9d6008f7758de88ca6063d7d4cdff7dbf2e164dd24435984410,2025-11-01T10:39:13.207891+00:00,2025-11-01T10:39:18+00:00,217
134d0cf23afc0a790cb78b75404adf831aa9745f6b17ddc781253abe7da16d82,2025-11-01T10:39:13.336695+00:00,2025-11-01T10:39:18+00:00,217
544dbe089c9c762ef9292d255ce011647d9dd0e9cfb7755d0ee41dc7f8ec786c,2025-11-01T10:39:13.464780+00:00,2025-11-01T10:39:18+00:00,217
348aacc1bc37cd8b59d623a27a8a00b5f93108cf7208993df5fa609693a0ce98,2025-11-01T10:39:13.834260+00:00,2025-11-01T10:39:18+00:00,217
43d635b2af3f1d595d0c138ae606f114c5bdc4efab3dc69b20e0425f07517dfc,2025-11-01T10:39:13.956958+00:00,2025-11-01T10:39:18+00:00,217
18dbc8e822a875945f99d6293e3c01e24f31f2e62a271ca6d5ae68aa781ce48a,2025-11-01T10:39:14.081911+00:00,2025-11-01T10:39:18+00:00,217
b69d6dd12a1fb1ecafb4492c5c6d51d58ed5718271a1d846acf9caeb83f54552,2025-11-01T10:39:14.209208+00:00,2025-11-01T10:39:29+00:00,219
5d997960b9629f1a660c4c09fb75ff8188af618756fb3d55a5361d4ec78ae054,2025-11-01T10:39:14.331805+00:00,2025-11-01T10:39:29+00:00,219
b824d16753c6312baa5e49f17804161590893abaab7801c43b398ae3c911d531,2025-11-01T10:39:14.458291+00:00,2025-11-01T10:39:29+00:00,219
3020adcf5f896314463ba6bafd09dc5f25fd1715ecc8cc76131183549eab2b92,2025-11-01T10:39:14.584650+00:00,2025-11-01T10:39:29+00:00,219
d101bec48ab42c8e5f0d53ab80cea4835e8760337717216b54fff735857e6dcd,2025-11-01T10:39:14.712257+00:00,2025-11-01T10:39:29+00:00,219
9271042c9a2d0b2ccac35c42089c5a0f782928e4ce823bf43976202c2a84cb26,2025-11-01T10:39:14.837837+00:00,2025-11-01T10:39:29+00:00,219
49c38279e3b1a04914ab65af9d9c8c43ad2e98ff8d069a5ff11d7c65dc58e357,2025-11-01T10:39:14.963641+00:00,2025-11-01T10:39:29+00:00,219
9832ccf701d7c765fc36fd993baa45c860a7e1b3add1f525d84fb5ff8900f01b,2025-11-01T10:39:15.089243+00:00,2025-11-01T10:39:29+00:00,219
1b3a775d145e7f99edc9108d588b04e77761174f110fbfa1f48709d17bd81ee4,2025-11-01T10:39:15.214914+00:00,2025-11-01T10:39:29+00:00,219
4f89f648e08d8f22a0ba2ba7e41eb95ea78405dddc0178357d4995fe198df1f9,2025-11-01T10:39:15.338782+00:00,2025-11-01T10:39:29+00:00,219
58a0a505d174a0d7fb57703b383c08c325aa73f6a91fb3525f1281f1ea3e9e99,2025-11-01T10:39:15.466891+00:00,2025-11-01T10:39:29+00:00,219
dcf899f29182bc93a33340d20fdb407f9b4c61ce013abdbf5b2cc920104a3c86,2025-11-01T10:39:15.592896+00:00,2025-11-01T10:39:29+00:00,219
920dccab9d5e1cbf2cfe584e408590d5c99f547c46d63c9f1f222f084dd3f6b4,2025-11-01T10:39:15.721194+00:00,2025-11-01T10:39:29+00:00,219
a2bcb542d7a1c0b7dcedee7bbae47013b0adde5a096827be9ccb86d03f89a22f,2025-11-01T10:39:15.846834+00:00,2025-11-01T10:39:29+00:00,219
c0ad1feb98e96a47cb25f527292cccbb2dcca38cfa30629879b7f9cfc23862b8,2025-11-01T10:39:15.973620+00:00,2025-11-01T10:39:29+00:00,219
1e8fef97ed1af81727f18e226d7fa6b7a0804d95f85b0c40e9246104d36a402f,2025-11-01T10:39:16.102922+00:00,2025-11-01T10:39:29+00:00,219
c098a3f7aacd77904017e5a175d3a9e98f5803279efa2d7142bc14bbde0e2255,2025-11-01T10:39:16.230718+00:00,2025-11-01T10:39:29+00:00,219
196d4f8511931f086416fc4367584ceb22bfa46c0213639e5dc93ea6ff12d94d,2025-11-01T10:39:16.359327+00:00,2025-11-01T10:39:29+00:00,219
fa132821f98c71f0be03259ef629173da84d77a371ab755c2e46420266e870e7,2025-11-01T10:39:16.487669+00:00,2025-11-01T10:39:29+00:00,219
03c339a68047a85f5ac902e5088fa3b5a6a4f2543f06ff5f5fc3264314e737fc,2025-11-01T10:39:16.613467+00:00,2025-11-01T10:39:29+00:00,219
f771d81d817513eb861b63b5820f86a117e43fd58c34bc59b289885af56e0db4,2025-11-01T10:39:16.745141+00:00,2025-11-01T10:39:29+00:00,219
12af4103a40de4a27526661257ea1af964a846e012a5ebf41049e5e7e782206b,2025-11-01T10:39:16.870974+00:00,2025-11-01T10:39:29+00:00,219
f51988712039faae71abacd4c220a93f4ce4e774bb20db233cc856710c15710b,2025-11-01T10:39:16.998438+00:00,2025-11-01T10:39:29+00:00,219
179f485947979df62a06d0e34e3448809b46641668f8f61af9ccebf723fff387,2025-11-01T10:39:17.122595+00:00,2025-11-01T10:39:29+00:00,219
afbfc0d1db9b41e82571c0a895c2183f7d544fd286b8b3165eddc0c4b1b2d8f7,2025-11-01T10:39:17.250435+00:00,2025-11-01T10:39:29+00:00,219
368de5e959b5993520e08cc22809d83d9714a984ce57ee1d042c14e80ffed537,2025-11-01T10:39:17.375834+00:00,2025-11-01T10:39:29+00:00,219
c4698ede5f505d2cda5125cf99193c97b9927958e7de2b1c099046fc6a379091,2025-11-01T10:39:17.508267+00:00,2025-11-01T10:39:29+00:00,219
58a328d6ffd462a23d31e5a549a2fbc932751c5231ac79d6ee0c6eb0ec09bd16,2025-11-01T10:39:17.633395+00:00,2025-11-01T10:39:29+00:00,219
15b688ddd3a845aea04f0516cb700aa4bfc89b417ec7d9744afbe16b508a003f,2025-11-01T10:39:17.763966+00:00,2025-11-01T10:39:29+00:00,219
36549025595fd587ab822bf631ce58f54edd71ff31c5dc1c86e4976620a569fc,2025-11-01T10:39:17.887717+00:00,2025-11-01T10:39:29+00:00,219
a0d58ff4208365b941f6a3007875434d9d8e1b26df8831f46fea01ac1dd51d62,2025-11-01T10:39:18.015740+00:00,2025-11-01T10:39:29+00:00,219
80183ade4b5ebb407753b44041c703a883a0c3addf4e6bb775303d23d726f092,2025-11-01T10:39:18.138916+00:00,2025-11-01T10:39:29+00:00,219
80f4e1f13862aa420eab191abfbe360fc9b36b0e88787758739c94e4c3d11c1f,2025-11-01T10:39:18.265524+00:00,2025-11-01T10:39:29+00:00,219
684b2174456ef8c7f2f5897c8b8e3fdc6b8ee9293ab5adf1580a1c4434573427,2025-11-01T10:39:18.388368+00:00,2025-11-01T10:39:29+00:00,219
6c734614348484532dc5a9ff5324f5611ab0f6a8f3ec8b40377d61160232f4d8,2025-11-01T10:39:18.514371+00:00,2025-11-01T10:39:29+00:00,219
1803e477127a184c24d8dd650dd37084b6274afeb2651528b41330b97c25e515,2025-11-01T10:39:18.645664+00:00,2025-11-01T10:39:29+00:00,219
fb5836775f63f7f6d1abcb68ff447b501c0c4a481e6808d73ae31b1fc0cdf0a7,2025-11-01T10:39:18.773238+00:00,2025-11-01T10:39:29+00:00,219
419105963676671a8b5aaac9fc010f157cd1aa69f38035cbbbdc119b20e7f46e,2025-11-01T10:39:19.103425+00:00,2025-11-01T10:39:29+00:00,219
2187d7482d6735897e2a331be80794aee78cda32b0942a2bb1562e84764791af,2025-11-01T10:39:19.233253+00:00,2025-11-01T10:39:29+00:00,219
26382021784a1ac52319d7839c06b54429c728c3d3f34438439e0e33ca9c1a8c,2025-11-01T10:39:19.365437+00:00,2025-11-01T10:39:29+00:00,219
919012450d76da640d47682f5a810520071ec5263f2c3b62c6fa1470c9786a8f,2025-11-01T10:39:19.493922+00:00,2025-11-01T10:39:29+00:00,219
ebbff285a3c8b0e1a71da7207b04bfea5050bc41cbea0182d481880c14dc7c78,2025-11-01T10:39:19.626671+00:00,2025-11-01T10:39:29+00:00,219
4cff8be31a933f4dd3784b53a244cc8a877900a69b66b68fe7d61d98fc0cfa34,2025-11-01T10:39:19.755668+00:00,2025-11-01T10:39:29+00:00,219
196b860944bf41d6af2636b842b22ab70e1474809349caa7641a7533be0ff000,2025-11-01T10:39:19.883126+00:00,2025-11-01T10:39:29+00:00,219
9dea4dc28436f62b20656bcd35f474d536b1c2e1032308a529238bc1389af04b,2025-11-01T10:39:20.011208+00:00,2025-11-01T10:39:29+00:00,219
ceeb1baec9e70aced585dde711427a26c6e45ac6e172957c26aac8755c0aa99d,2025-11-01T10:39:20.142810+00:00,2025-11-01T10:39:29+00:00,219
231076a1bdb05e3fe39af3e1ea3dac27b296dcd6a87a7e10737b468a491a6b7d,2025-11-01T10:39:20.269848+00:00,2025-11-01T10:39:29+00:00,219
9d9c66fce9b1c66bb7c4b435c2f81dcc9ec786add137f13ab168ef37a372e4b0,2025-11-01T10:39:20.397270+00:00,2025-11-01T10:39:29+00:00,219
2272b3721e7dd2b808d9b3fe3e28c346a9eb45a6a551f7da2f4f45f0e47f9974,2025-11-01T10:39:20.524618+00:00,2025-11-01T10:39:29+00:00,219
8087b66339901f6a4f75449eb7a5efd32b11a8be4066bcde53871b8aa6af1482,2025-11-01T10:39:20.656468+00:00,2025-11-01T10:39:29+00:00,219
448c2d53dbc5984d2bdd478c4e12168a3f67c5db7b4081efd21b4aca184251df,2025-11-01T10:39:20.785912+00:00,2025-11-01T10:39:29+00:00,219
fc798ed02ddb4ef8eac95fe87e28f13fddef82302e8012a22ad887f7744d127d,2025-11-01T10:39:20.922167+00:00,2025-11-01T10:39:29+00:00,219
14eb2c5e0fe192821edb95465e32011f9559d4334b7d3447d569fc9a551cc6eb,2025-11-01T10:39:21.049230+00:00,2025-11-01T10:39:29+00:00,219
948f053dcdb6b6e2ea16af735fc37885bfd733a6427cac053ca1af5a963c00e7,2025-11-01T10:39:21.186000+00:00,2025-11-01T10:39:29+00:00,219
65e36ab4dfd398e6ca31092f08c7a4fed646b390ea7fa0681f11ba3fc5ac4774,2025-11-01T10:39:21.319867+00:00,2025-11-01T10:39:29+00:00,219
0fe7f28869c7e00a2fea976b36d893880d4894031160ef7baf807a2f4b2a67b3,2025-11-01T10:39:21.453740+00:00,2025-11-01T10:39:29+00:00,219
2ffcf401ee8969dae89c61604a0b3c58c9aeac161b4da8af2bf9b729058d5c5d,2025-11-01T10:39:21.583648+00:00,2025-11-01T10:39:29+00:00,219
94a3f3258df75dcac694402c98df253709cfef957007c13ed05ba50ca6a2cd08,2025-11-01T10:39:21.722119+00:00,2025-11-01T10:39:29+00:00,219
8bbb7ac5962df458169958f7a5ea88cd81a849970a4ca77b5c4672c42a1d63e6,2025-11-01T10:39:21.855248+00:00,2025-11-01T10:39:29+00:00,219
aaa5938f663fa0ead7ae11a991f4d82153b164bf486e547c8f416b9f206ee3c0,2025-11-01T10:39:21.986223+00:00,2025-11-01T10:39:29+00:00,219
7e60bc4ad4fbda04ae1ed24d308c22dadd1e987ff29882948d0c8d94121d1a59,2025-11-01T10:39:22.117588+00:00,2025-11-01T10:39:29+00:00,219
06b45bd849f3f1160be2abe43d8a477349fe04ec069f183aac820d9f3c148fbc,2025-11-01T10:39:22.247944+00:00,2025-11-01T10:39:29+00:00,219
7da124344c1ba0f55d3d75aa4f1c998787d921deae6b50a5d30c5359106f8008,2025-11-01T10:39:22.379079+00:00,2025-11-01T10:39:29+00:00,219
c3b03ae62cef7d487367a9bc106eab02b75f8297d29bde5d3c9dc8673b67e35e,2025-11-01T10:39:22.506290+00:00,2025-11-01T10:39:29+00:00,219
21421fca0dc51ad9e7e87a6e1ff6dd4f6f644e48532d55330a81e56080a95c65,2025-11-01T10:39:22.634318+00:00,2025-11-01T10:39:29+00:00,219
b5826317fb1d90b01d30ab601d864f87ed4781e7eece29d3dc88d053c5d8d7bd,2025-11-01T10:39:22.759255+00:00,2025-11-01T10:39:29+00:00,219
3131a838603a4207cb50b3652bcdddd25197b4b994cfe0894480a23c60792c0a,2025-11-01T10:39:22.892248+00:00,2025-11-01T10:39:29+00:00,219
5df97c4a7326048fe0b45aec729704ece1d22db3e661d3be53a77263eaa4f1a7,2025-11-01T10:39:23.021333+00:00,2025-11-01T10:39:29+00:00,219
65c98d4325912fcda14e4ba636df9c44a599bc2fceb50d652bba077747ccfaa2,2025-11-01T10:39:23.149444+00:00,2025-11-01T10:39:29+00:00,219
297c61ba8421af9e0be4985d93bb527c46f77d5aaffa56ce786aec38be2c9663,2025-11-01T10:39:23.273267+00:00,2025-11-01T10:39:29+00:00,219
bbaffa89bc6809dbe76114d2b703dd437455cc8b41cbe4f34454b56a93c17628,2025-11-01T10:39:23.406957+00:00,2025-11-01T10:39:29+00:00,219
590189a99a3332afeffd8b690372e74fe4c5de6e83c1e154e88c1d13302abfbb,2025-11-01T10:39:23.534985+00:00,2025-11-01T10:39:29+00:00,219
7fe9a3fba7e8b681757f68f954ad3ef02f825e0cfdbc057193944a45e14cafba,2025-11-01T10:39:23.661315+00:00,2025-11-01T10:39:29+00:00,219
f7473bec689983826e6b68cd4095be44543d999dec0579ebb75de21c6668d575,2025-11-01T10:39:23.791210+00:00,2025-11-01T10:39:29+00:00,219
af894527bb092101cd7e4d0c0b426f1ff846ce694def5772176c4f07dfabf535,2025-11-01T10:39:23.922281+00:00,2025-11-01T10:39:29+00:00,219
681aabcbeb1f5ff8168156ba7d069499ca192f3ba912371a4bc31ebdbd5eee36,2025-11-01T10:39:24.049840+00:00,2025-11-01T10:39:29+00:00,219
91f6683f4fb98c808f6393eaf6fc7bf31a490c76baa93fac11a7c485a7775cd8,2025-11-01T10:39:24.405683+00:00,2025-11-01T10:39:29+00:00,219
4cc3034e5da055cb442ea515b0d00dca3ec2c73981559551886fb67afefcc77b,2025-11-01T10:39:24.537132+00:00,2025-11-01T10:39:29+00:00,219
6d91fa04af2abdd6c732e645723831214664407827279672dcdc41c67cac425f,2025-11-01T10:39:24.665896+00:00,2025-11-01T10:39:29+00:00,219
df98eef13657512dfe152a9ee6d0cc9f1c243fba13f7f0f1cb021cca96b35eaa,2025-11-01T10:39:24.794277+00:00,2025-11-01T10:39:29+00:00,219
15f7391689ae3e1a2ae568e7d90289e8c484a79de26e1ad42c509ba3cc9ddff8,2025-11-01T10:39:24.923164+00:00,2025-11-01T10:39:29+00:00,219
a4ea99ae8595566307a9c578cb819e7d0f78481f97e2d7c64bec4b2062e1951e,2025-11-01T10:39:25.060284+00:00,2025-11-01T10:39:29+00:00,219
84e1680636f6d25993c7c1985408e8beb8c7ef721f7fb8c4bef26280e7312aac,2025-11-01T10:39:25.195626+00:00,2025-11-01T10:39:29+00:00,219
29ba916b04cd2fdad86b76aa6518d03c04c8aaeb157f214215365137f2f8502a,2025-11-01T10:39:25.325290+00:00,2025-11-01T10:39:29+00:00,219
876c4f89befb23e74a1aef99cbced8710d2765e3c92fb438a9863ba53771a23c,2025-11-01T10:39:25.479438+00:00,2025-11-01T10:39:29+00:00,219
5e71430d8891c148c5ce3797cdac480152dae7b88bdf9ed680f5cf749e16de88,2025-11-01T10:39:25.618902+00:00,2025-11-01T10:39:29+00:00,219
4ea3e10a26f3d29b5e904654d3bddc8e4cf049dbfacd65856b90493d0ab6cd13,2025-11-01T10:39:25.750445+00:00,2025-11-01T10:39:29+00:00,219
f8d891e5dfe8b35c7d798ef8ef04318abd16ce1835bd6cf42e8e25461cfe8aab,2025-11-01T10:39:25.879351+00:00,2025-11-01T10:39:29+00:00,219
df31ea5499bc12d40deac81cb0fffc967e5e4fbf569e53f7cd3987b6841e5619,2025-11-01T10:39:26.009249+00:00,2025-11-01T10:39:29+00:00,219
a5fe9a8e57779bdc596e4ea677244d0452fddee3e16dbf6baf3b9eda05798e0e,2025-11-01T10:39:26.137454+00:00,2025-11-01T10:39:29+00:00,219
7db4d2c8b1a4158a57e9b171fe3f7e8870bd9a39b900f1cafd6632371bb53c9e,2025-11-01T10:39:26.265357+00:00,2025-11-01T10:39:29+00:00,219
abadc37fdcd0e356f5d4e2fdbb093361cdafc749dd5b1d41bc86b5b5fb2669e9,2025-11-01T10:39:26.400094+00:00,2025-11-01T10:39:29+00:00,219
c30ff853a6d01212a1d709866a3cfcb00606729e0ead6a9796b7c0e4c75e8c1b,2025-11-01T10:39:26.527734+00:00,2025-11-01T10:39:34+00:00,220
266bf099ad77f8e13d43759ece6cf6bbc9a69f71afa552780ca70308c074e89c,2025-11-01T10:39:26.656350+00:00,2025-11-01T10:39:34+00:00,220
1440b54479fc0c027b903b471a40ea7490b69e94c023983abc9c260bba67605a,2025-11-01T10:39:26.786345+00:00,2025-11-01T10:39:34+00:00,220
ed9ef4aee4eae9a5115d95ea824feea7d0e15bcb5464f117c430bc23f391ffea,2025-11-01T10:39:26.918185+00:00,2025-11-01T10:39:34+00:00,220
9d28b7e434f35d75c9f7ac57c649c27027ebab109bae11f2faffeaa314d189bb,2025-11-01T10:39:27.045052+00:00,2025-11-01T10:39:34+00:00,220
c66c8bd0df88a187022a4f05a5228728b350c2e5263dd7ea402dd85029defec7,2025-11-01T10:39:27.180617+00:00,2025-11-01T10:39:34+00:00,220
3deabac5b69ad0c823f94571f2f189f5ef440b21de763fed2bbf239c1e4386ae,2025-11-01T10:39:27.314049+00:00,2025-11-01T10:39:34+00:00,220
0abf8e92ddb7ad4609fac16e5a0d803ad37d65a56de693470a810c1c0d54ab41,2025-11-01T10:39:27.447490+00:00,2025-11-01T10:39:34+00:00,220
6a81850c111dc9e60c96b70a898f1a01ffa5b471e62ff0b9ad8154e6b4f39ed5,2025-11-01T10:39:27.577034+00:00,2025-11-01T10:39:34+00:00,220
cc814d58e0ab2c9e15881d27d714ad53eaca8845461c26d33f73cd05913cd006,2025-11-01T10:39:27.708170+00:00,2025-11-01T10:39:34+00:00,220
6af73d89ed57cb2ac011e8645e4e1133bb990a43ba2d6adda6c9ca2a6d05a7e0,2025-11-01T10:39:27.841388+00:00,2025-11-01T10:39:34+00:00,220
36208ee0ca32bb474d2fc4658e832a28a62a63b78d8b667da758fd5163c2f74f,2025-11-01T10:39:27.972059+00:00,2025-11-01T10:39:34+00:00,220
f6c2c0393cee1bfa5d3ac60ffa0962be9b3b6ab3230954e02bee0e61c4d88f5e,2025-11-01T10:39:28.110073+00:00,2025-11-01T10:39:34+00:00,220
3e0aa127c836f1c7c00a2229be92903472f488974f37ecc091120f06e2365cbf,2025-11-01T10:39:28.238545+00:00,2025-11-01T10:39:34+00:00,220
a54e7ad33b2e63a90472151048f24d89f2abed4ba769ac86e20c6d83182dc28a,2025-11-01T10:39:28.370035+00:00,2025-11-01T10:39:34+00:00,220
20314d38da1ea3686a05a804f2ee7d82c05f8d9d4b6a7d73b187a6e8b94bb152,2025-11-01T10:39:28.500538+00:00,2025-11-01T10:39:34+00:00,220
b3057157b9e17f7493e226671dc762dd1d3bb5b1bdef8f4b018297fa98264698,2025-11-01T10:39:28.632874+00:00,2025-11-01T10:39:34+00:00,220
cdf343b8c86aa9c1e0e3ecd1065f8e086058da42f620ccacdf6eb3f225a51c74,2025-11-01T10:39:28.769486+00:00,2025-11-01T10:39:34+00:00,220
aab9952aace0a3095dbc4a0e118a4c89a9391497355539dd51b6fb4c21fe1e21,2025-11-01T10:39:28.902175+00:00,2025-11-01T10:39:34+00:00,220
3977b47edbe7a628f357f1ff337df23c8464091bb3a236c727644dafc6d47772,2025-11-01T10:39:29.035011+00:00,2025-11-01T10:39:34+00:00,220
87219de297adea37931317c3c7915c758313a9c6ae517973b2ef3b6ded76e54c,2025-11-01T10:39:29.167918+00:00,2025-11-01T10:39:34+00:00,220
d90684ffb1b05a627f5208d94c18a2e36c9d2e1cdfb779f7abf2ece81d8ed54c,2025-11-01T10:39:29.299964+00:00,2025-11-01T10:39:34+00:00,220
2ab3b43d53ef9fa1a02bcf1e2142b1538731e6d62fe9895f8265e4dc254c310b,2025-11-01T10:39:29.718343+00:00,2025-11-01T10:39:34+00:00,220
00e11b146924b15650cbcff8f95190a92a2d5d0c28c79560d796f62f5adc79a4,2025-11-01T10:39:29.849045+00:00,2025-11-01T10:39:34+00:00,220
9aa4587c8c5176c227b726b4b17dd7ae69196de2e5d298defbf7db070e2fa3b0,2025-11-01T10:39:29.979407+00:00,2025-11-01T10:39:34+00:00,220
7e18556c4a9ac925b61ff4d25829d039cb8391bf908a5d78607d680488b6e518,2025-11-01T10:39:30.105120+00:00,2025-11-01T10:39:34+00:00,220
3a7a70b468b6513cb40b90d952466354dd8ee8f6d891abb465d7621031d7789f,2025-11-01T10:39:30.231802+00:00,2025-11-01T10:39:34+00:00,220
cbfe30e75ddbef23b06b638eb06a1039c899f603603c9a600a608b9fcbf048e9,2025-11-01T10:39:30.358701+00:00,2025-11-01T10:39:34+00:00,220
905ace3c849def2ef6f327e0cdfba23c9db70cede1040e4856c4355313657ed4,2025-11-01T10:39:30.486094+00:00,2025-11-01T10:39:34+00:00,220
652ccff7757e6521287ad2c8a65ee0a59026b9446b6d4189a11fc0554de5dc96,2025-11-01T10:39:30.611491+00:00,2025-11-01T10:39:34+00:00,220
47e3482c656fcb34ef32285953384975046df214650b1eea6ba3ba4f03363509,2025-11-01T10:39:30.738533+00:00,2025-11-01T10:39:34+00:00,220
ffb61522c22ca85ed5ddb7fd6e6e03c1ea002b19c1fdbdd022c5b32048806ede,2025-11-01T10:39:30.866281+00:00,2025-11-01T10:39:34+00:00,220
6a854568f0f96bb512c0be0c18e0dfe006f08a61d9107c1e7a18b111b1f0c8ac,2025-11-01T10:39:30.992158+00:00,2025-11-01T10:39:34+00:00,220
494322a2b0d375ca99dd8fe188bf2f598f8f4bc3f3eea039d609ae5e3a0fbd95,2025-11-01T10:39:31.120667+00:00,2025-11-01T10:39:34+00:00,220
601b703c66de8e637a233d9864e4e994a9124bc9dd90877ebd174c7157da2173,2025-11-01T10:39:31.244837+00:00,2025-11-01T10:39:34+00:00,220
4486cc402a01f51c73bd2fb51f3e166cdd1652640583487f5e2be1a086edb827,2025-11-01T10:39:31.372002+00:00,2025-11-01T10:39:34+00:00,220
63baa86511b23493760ae0824314d7ebb215cb8a24479f30db2de88ab7074905,2025-11-01T10:39:31.498057+00:00,2025-11-01T10:39:34+00:00,220
2e0083055265de1f67bf7cea5690d2cd42868ddcba87394361f19eb0c351879a,2025-11-01T10:39:31.618815+00:00,2025-11-01T10:39:34+00:00,220
280031f6125380f0f35211b69268e7ed469e5ccfe360f13b8e09459faae15717,2025-11-01T10:39:31.742727+00:00,2025-11-01T10:39:34+00:00,220
5b1e17f3cf20039dcac79195ad4100fe5eb64d65d721068d766698a4700d3fb2,2025-11-01T10:39:31.868839+00:00,2025-11-01T10:39:34+00:00,220
b82f4582f0c54b9064830f1a88985693d0e8da88841b9e3e1cceb261264a9bd5,2025-11-01T10:39:32.005472+00:00,2025-11-01T10:39:34+00:00,220
d6747432c649c0efe3d41432b32c42910cf5b7ae7c0325f909fb5de2202259b0,2025-11-01T10:39:32.144814+00:00,2025-11-01T10:39:34+00:00,220
a85657e0a1868ca089c50113c66bc325f4a9c3f1cd37a06899efa5dc382bef94,2025-11-01T10:39:32.275845+00:00,2025-11-01T10:39:34+00:00,220
ca60591db2a8a13a3aa9ee1a518198b5e5232c43f3ec5a41d0e3c64a00d32b20,2025-11-01T10:39:32.406439+00:00,2025-11-01T10:39:40+00:00,221
dd8151071428370f6d6500707514b667cd14191bdb880c0c05322c0880217b29,2025-11-01T10:39:32.533865+00:00,2025-11-01T10:39:40+00:00,221
40c1b6395331c7b77553ac5b8eec61e2c83f29214349f895ae12887c0e164973,2025-11-01T10:39:32.667913+00:00,2025-11-01T10:39:40+00:00,221
4396ce83de726b63b515a910941c6ff65849b312e77eab4a1de305a7ed5c68e2,2025-11-01T10:39:32.794072+00:00,2025-11-01T10:39:45+00:00,222
8999b8cc7db6685300f8bcb655cc41b67906e0b37b8f42346efe8302fe607b8b,2025-11-01T10:39:33.059010+00:00,2025-11-01T10:39:50+00:00,223
7b54631bfac996675dbe45d825751906c67b058278ac89c7462fb747c0e9b8f9,2025-11-01T10:39:33.186017+00:00,2025-11-01T10:39:45+00:00,222
ef789deec3cae20ae28caddc7c0901a99092414e6871b856828d8f9d0c301406,2025-11-01T10:39:33.311278+00:00,2025-11-01T10:39:50+00:00,223
70660490742a590e832d256ce1e4b106baaa4aaa9e0191d6f0d882346db1f5ab,2025-11-01T10:39:33.437642+00:00,2025-11-01T10:39:45+00:00,222
e5025c961da95af8cb4b117ba2f6d69baa0c17439a6e096e51561ae93b438128,2025-11-01T10:39:33.564367+00:00,2025-11-01T10:39:45+00:00,222
6ab4450d43105a43b58c640941dd74c48c9f688640ad0501dff9031667205d43,2025-11-01T10:39:33.687735+00:00,2025-11-01T10:39:50+00:00,223
9f9c4bb657ed9d4593ebd6085a5f316b962268bc8b2a3c3efd922445ab03faa9,2025-11-01T10:39:33.813361+00:00,2025-11-01T10:39:50+00:00,223
6d7644db488be75fa8f7563b540cfbf77b6f0dd1b98fcbca0c36754b7df565ae,2025-11-01T10:39:33.941600+00:00,2025-11-01T10:39:45+00:00,222
a5c77a19c11722740c10e5cee51cca0bcf49fb9e1725cd8a63c762e8d44dbe76,2025-11-01T10:39:34.069430+00:00,2025-11-01T10:39:50+00:00,223
976db43b98555caa36afb14f3a89982dd776ca765d3359accbe249abbdc48920,2025-11-01T10:39:34.196888+00:00,2025-11-01T10:39:50+00:00,223
4d47c986b6e3fe7b1b7c8196adcc84d6001edd7fb4e40826f1811ac89fed7c39,2025-11-01T10:39:34.321781+00:00,2025-11-01T10:39:50+00:00,223
319f12a19b8977d14b3fde53d70bdc2d4bbc8ef8fc0f9ff067aabfc74a45d3c3,2025-11-01T10:39:34.449488+00:00,2025-11-01T10:39:45+00:00,222
86e621e77305dac4e1c96f663e1ffb0faf5273e7d4c31a7404c5ef5294025e2b,2025-11-01T10:39:34.576754+00:00,2025-11-01T10:39:50+00:00,223
4d2efac444a1d3e51a4d4a004e9f97bad9be250fa09cb3c7241b2819629f8c72,2025-11-01T10:39:34.905272+00:00,2025-11-01T10:39:50+00:00,223
4d6a95f6fa3a62aa7ea0582184da3244a7e84c57f1af14568b5058527d37c8fd,2025-11-01T10:39:35.032807+00:00,2025-11-01T10:39:45+00:00,222
a741fc86529f7e3e99fee053870783768fe09a22fab31fa98936643d82f462e1,2025-11-01T10:39:35.160950+00:00,2025-11-01T10:39:45+00:00,222
0f773562bb90b05015b2d533a1ffe8084d5259668d876bb106535e63aefa5956,2025-11-01T10:39:35.289272+00:00,2025-11-01T10:39:45+00:00,222
3d59357bef4ba59e081aa4b72a2d41f1073c6ae433f57a455c3a98af48c852b7,2025-11-01T10:39:35.416656+00:00,2025-11-01T10:39:45+00:00,222
0a99033ddf071bf140b092b3bb7c72be28c93932ecb6f59ac56adbabdfdbf31e,2025-11-01T10:39:35.539185+00:00,2025-11-01T10:39:50+00:00,223
f96fea66bc24f2e028825e4e9a0ad3bb07fd8ddaf490af57d5cf868acb195eb2,2025-11-01T10:39:35.664603+00:00,2025-11-01T10:39:45+00:00,222
e4b8703a1717e1f8e9723ec2a2108d614d583f60fbb9b193cc3ec1132a5d66cc,2025-11-01T10:39:35.790374+00:00,2025-11-01T10:39:45+00:00,222
4c63969086b0bb5906daa8c8a1edae86cfcf3afa61578f9fd8bd968b1273a99d,2025-11-01T10:39:35.916812+00:00,2025-11-01T10:39:45+00:00,222
e468cf58e57dcb9df663cdf3d20f16dcd7d25405195ec6fb21e4165a7daf6a8e,2025-11-01T10:39:36.044180+00:00,2025-11-01T10:39:45+00:00,222
8258b677787b081e71ef42aee1c120fbab11e48b46c83e6877ca28977c0fbbf9,2025-11-01T10:39:36.174030+00:00,2025-11-01T10:39:45+00:00,222
09b4ffa09567daba02f22ecc8fe68c6a510622eb76ed1e24a2452a78e44d787e,2025-11-01T10:39:36.304072+00:00,2025-11-01T10:39:45+00:00,222
6a2763f737a0eef586df6c3d3da762919fd85195fa4828616ba8e169d3b32d64,2025-11-01T10:39:36.436349+00:00,2025-11-01T10:39:50+00:00,223
17cd46d425f33f9cdc0650c45897538b4ab604761be37c28cc62c883776bb577,2025-11-01T10:39:36.564208+00:00,2025-11-01T10:39:45+00:00,222
cc8b9f2820cab7f91f097a1ee9c406a9d0d280bb7f89c5cbbcf009713eaa52ec,2025-11-01T10:39:36.695093+00:00,2025-11-01T10:39:45+00:00,222
6fed00156fb13e16d180fb32190d1c2abbc525a5cef3d43f059547586021a20c,2025-11-01T10:39:36.827749+00:00,2025-11-01T10:39:45+00:00,222
303b80fcecc1c53244bc328f05ac24139e57e840d71036aef470735a11cc4fcd,2025-11-01T10:39:36.958580+00:00,2025-11-01T10:39:45+00:00,222
dd232c2a75b7870e4eeacda9d83a919972f2fa527fe794ee32cf6f053a893a50,2025-11-01T10:39:37.087982+00:00,2025-11-01T10:39:45+00:00,222
e37722a736d7d1beb82f097931528779ef25c6f15f5d11fa1d9ef1e535ba5ee3,2025-11-01T10:39:37.219934+00:00,2025-11-01T10:39:45+00:00,222
3f999f6217947252f35565e2435c0afdc3d1facc0c5da5b3d326d04623dea638,2025-11-01T10:39:37.356827+00:00,2025-11-01T10:39:45+00:00,222
8dfbaca0ed5b70d75806a5bef1cd2f1873d9ea2cbe50ce6f0f384bb6b991c5cd,2025-11-01T10:39:37.487932+00:00,2025-11-01T10:39:45+00:00,222
944044f69e3e6bc989eaef8a902b1048dac00ea9c438561d29a26f3cf0a6ccb2,2025-11-01T10:39:37.624101+00:00,2025-11-01T10:39:45+00:00,222
999339ae8e619b586e1d39d23729034c1cb4466ea4e5376eaf190c37ab2a5945,2025-11-01T10:39:37.755698+00:00,2025-11-01T10:39:50+00:00,223
bc2bc5b061d714b31f9431ffb7661908cfa06ef0a6252d1170db0f5822021005,2025-11-01T10:39:37.885411+00:00,2025-11-01T10:39:45+00:00,222
c0e5db1484a760424d499822fb23852bae3258c439e012eb128c585cc5da4b3c,2025-11-01T10:39:38.020333+00:00,2025-11-01T10:39:45+00:00,222
db0c1a3030cc373dd997c6befb39ae745c65b0ad277320785ef9bcf833fea0cd,2025-11-01T10:39:38.145941+00:00,2025-11-01T10:39:45+00:00,222
9d23d436f1556c59a37ae2d249e0a96b6ae2fe86368f1688b668a3fa9c262f27,2025-11-01T10:39:38.275867+00:00,2025-11-01T10:39:45+00:00,222
af43ffd13564ed9082b44629c69512ef1adb534e6bc0694a81834ed2803bc691,2025-11-01T10:39:38.403668+00:00,2025-11-01T10:39:45+00:00,222
514d9bc2741aaa0dd899b603710a4cf08190febc825069a1841e30f464f413e3,2025-11-01T10:39:38.535320+00:00,2025-11-01T10:39:45+00:00,222
e074ad05e3e7d8003b77734e1de3c0e85ec55dddd90304dc0cf8e59fcffd5bf2,2025-11-01T10:39:38.667128+00:00,2025-11-01T10:39:45+00:00,222
a87ed64329e3bd42f9bd8bf06559b2c24cd169228b3e5169f06165afbc9cb7e0,2025-11-01T10:39:38.798235+00:00,2025-11-01T10:39:45+00:00,222
ce6d250b50c54f8fc2227a50b46d61099506d5c3b66d77a8231362231ba89779,2025-11-01T10:39:38.931326+00:00,2025-11-01T10:39:45+00:00,222
eae4308d4d07a802131687729bd1c1d85e4f38d0fca994f83d7fedc596b381ca,2025-11-01T10:39:39.069076+00:00,2025-11-01T10:39:45+00:00,222
2f7311581e80f0539965d651d428e5f9ac51b1ddada223c89725bbd964c6b97d,2025-11-01T10:39:39.194374+00:00,2025-11-01T10:39:50+00:00,223
de3062957d1996974beda4b1ce4f521406182108d0cabf7caa793fcce829567a,2025-11-01T10:39:39.327492+00:00,2025-11-01T10:39:50+00:00,223
4449507eeaf3044b4188a58bb55b34c8c78d5c382b3522414d78bca0846c089b,2025-11-01T10:39:39.457461+00:00,2025-11-01T10:39:50+00:00,223
d8b1dc799b979abb5d0c404f88803bd884ae1253c564dd758039ed7462c484db,2025-11-01T10:39:39.591195+00:00,2025-11-01T10:39:50+00:00,223
8c7a54c41dc39c65fcb353e2a6fb0f9f2f2ac1c15c34ad5b722b8f3755ded20c,2025-11-01T10:39:39.719876+00:00,2025-11-01T10:39:50+00:00,223
50bd48cc134c1525f9839eff1b8a5212d859fed366a80369cc8e4357640ee477,2025-11-01T10:39:39.849637+00:00,2025-11-01T10:39:50+00:00,223
f687195ebeddb2bc95ec040ba59f5ed64863e51a9c8d912c079928dcc0568176,2025-11-01T10:39:40.200322+00:00,2025-11-01T10:39:50+00:00,223
af1e3ad15604b2bce2fa8e02a1581d531021a7403bcc2b50c285000cd259cfa5,2025-11-01T10:39:40.326552+00:00,2025-11-01T10:39:50+00:00,223
b0d3b7bc0c915dba5a809ddce2f402ef27d93de0a3273eaf081ae3b445c47897,2025-11-01T10:39:40.465938+00:00,2025-11-01T10:39:50+00:00,223
95602621d714244e06cb35110733cbc0cdc0133968ffdd2e04eb9e1e950a3bf4,2025-11-01T10:39:40.601284+00:00,2025-11-01T10:39:50+00:00,223
4dda9e345b2070bcab5fba3d47008c43e32aa54eaa4e275c6e39e73f5f9d8d44,2025-11-01T10:39:40.733827+00:00,2025-11-01T10:39:50+00:00,223
92b590afbe077ecb08221f6fa6aaa989e03f0289b2910e142fc377cb6cbaf618,2025-11-01T10:39:40.868705+00:00,2025-11-01T10:39:50+00:00,223
76004bfacd71d760ecf585dba5353e46a14e424a5f85044914696e2c139d291e,2025-11-01T10:39:40.996866+00:00,2025-11-01T10:39:50+00:00,223
e54f7b9ef6fa3d5d619e7639b0108eaf0826e4c8b1c1723a4b13289bdc2178f8,2025-11-01T10:39:41.126723+00:00,2025-11-01T10:39:50+00:00,223
47cb00ceccf9df7f182eab3f848aac41f251ed97201641be211b801bcd66adc4,2025-11-01T10:39:41.255951+00:00,2025-11-01T10:39:50+00:00,223
a22befacda14111c9955c3937d3bc60a13eb0c439b65ccfeffff5f7925047583,2025-11-01T10:39:41.387179+00:00,2025-11-01T10:39:50+00:00,223
89061f8a3692b5405c0fe4f7d7fb18bc6f72edb2cb0d722892d267e7edd2671e,2025-11-01T10:39:41.515464+00:00,2025-11-01T10:39:50+00:00,223
b1f2c89986eff4482efefe7b0f5e7457499ca0d6f1534c72cd1f713e7bc22ba5,2025-11-01T10:39:41.646023+00:00,2025-11-01T10:39:50+00:00,223
57e1fea9c58a5d801dd4b76f1b0c0eb6a35aae5131188cf72f7b482859276894,2025-11-01T10:39:41.774268+00:00,2025-11-01T10:39:50+00:00,223
03caddf41791fe093bfc54020da2867b5ec912e60936228d6479fe18b38e5e2f,2025-11-01T10:39:41.904796+00:00,2025-11-01T10:39:50+00:00,223
6dbcf3e1f4309084985bb91727b56c3787fc8536e4f1ef4ebff4a434b2eb2c26,2025-11-01T10:39:42.040212+00:00,2025-11-01T10:39:50+00:00,223
76011413e3e9befc4a87ff78c0cd368110eddd593195d74427580944d9ca77ba,2025-11-01T10:39:42.173666+00:00,2025-11-01T10:39:50+00:00,223
557d4e7992e2908da1f75f17160871d87c867626e28bdcf1dbf0f2d545eaad85,2025-11-01T10:39:42.300574+00:00,2025-11-01T10:39:50+00:00,223
3bdf17b9ff944da664ac17501a109c51f829166b33a4ff96ba3222402d1410f4,2025-11-01T10:39:42.426884+00:00,2025-11-01T10:39:50+00:00,223
2c66e5767e73f60b1dceffe412284e59e9ee79293d8f0e163d32580368487b80,2025-11-01T10:39:42.557381+00:00,2025-11-01T10:39:50+00:00,223
da5e3b045f87d8d15d3283190b351daf1de028148523a122719fa41d4e313bd4,2025-11-01T10:39:42.682818+00:00,2025-11-01T10:39:50+00:00,223
ebab57f40bab52d314c53ed2207dd940742100cacc3db13b9552247f40f98d12,2025-11-01T10:39:42.815415+00:00,2025-11-01T10:39:50+00:00,223
bbba1eb67f6f0fd9a847234a9857caa0ead5f77a563f404b2c9e2b043b7bb39e,2025-11-01T10:39:42.941791+00:00,2025-11-01T10:39:50+00:00,223
c806f243059d5bfe891b64a9071688a9017583bf0208ac870006213e40b04758,2025-11-01T10:39:43.068456+00:00,2025-11-01T10:39:50+00:00,223
f60df80c71170ed01251be3ad427a3ddf8794a4b0f43a3fd6ba5e29dfaaa1b0e,2025-11-01T10:39:43.200446+00:00,2025-11-01T10:39:50+00:00,223
22f8b775cc0ed79059850265b4abf0fd9a3803057f9f789b2b81d3ea6b736c54,2025-11-01T10:39:43.331918+00:00,2025-11-01T10:39:50+00:00,223
683d736a7b1dd9176ce6073662c4f4e6e8d58f3d4138ddb4fd602aa3bae7b745,2025-11-01T10:39:43.462551+00:00,2025-11-01T10:39:50+00:00,223
9c368fe22c898ba2aaf1dbb37d4fd8be44a63bc8ec9cae9873a5c31fe9c51a82,2025-11-01T10:39:43.597927+00:00,2025-11-01T10:39:50+00:00,223
a4377a326dd9477ed47a035da108d31c4fecfe6b1cacaa494d3542d404dec423,2025-11-01T10:39:43.726385+00:00,2025-11-01T10:39:50+00:00,223
3a859c43a63277f3f5a98dec02793e9dec9d3bc722b9e99c6616fe0a276b34ab,2025-11-01T10:39:43.852567+00:00,2025-11-01T10:39:50+00:00,223
1e359f7d61e808583eef6506a7cf62df72c818cdf9860e3def1239d247c86e35,2025-11-01T10:39:43.980150+00:00,2025-11-01T10:39:50+00:00,223
bbc8a066bfac1d0e032baa42830b98c9ec0c25ca3653140c15ebf6e8711c2af5,2025-11-01T10:39:44.111541+00:00,2025-11-01T10:39:50+00:00,223
8212c601b960f4228b4d79c02371ba2f5f4782502cd80c07bfc41056b9809d05,2025-11-01T10:39:44.244901+00:00,2025-11-01T10:39:50+00:00,223
d64d58d29b03e9d344d012257fc1d1407bf4c17291bb1db3c30516caa32a5f37,2025-11-01T10:39:44.373323+00:00,2025-11-01T10:39:50+00:00,223
e42927d27999e068976466ab7c1fb472b0775e58976ada3c1a6a1d350f263912,2025-11-01T10:39:44.506873+00:00,2025-11-01T10:39:50+00:00,223
2d1f649d8f4c77701d363ceb4d8935e9295300d2ce3c334d1a9343b50dbf07a3,2025-11-01T10:39:44.639272+00:00,2025-11-01T10:39:50+00:00,223
42e97a0650b26c79b6e2deec451aa4401837893bfc0219c620ed04e9d0878b30,2025-11-01T10:39:44.770363+00:00,2025-11-01T10:39:50+00:00,223
56f466d3d4dddb8daf2f6a5c6ac8dee301bb175dbe6e1b24ec7be10384bf528d,2025-11-01T10:39:44.902671+00:00,2025-11-01T10:39:50+00:00,223
067eb8985fb71cc7fba5b722a7a8520e2f5f07453e17cf42b8b271a0fb67f9b1,2025-11-01T10:39:45.032326+00:00,2025-11-01T10:39:50+00:00,223
1acc67b8fb8766262f15d0a8d33a6a7aa21ab74c645f91c61799ec3a3b1fff8d,2025-11-01T10:39:45.157302+00:00,2025-11-01T10:39:50+00:00,223
8fad9b0321fbf22217a421a1aeaea41a18265d5aeb214a93337555e619ec4513,2025-11-01T10:39:45.490512+00:00,2025-11-01T10:39:50+00:00,223
531044104c4e85b45365620c622ebea5be45e21eee8c3ec8330f4cf0ecc4477b,2025-11-01T10:39:45.617443+00:00,2025-11-01T10:39:50+00:00,223
225a767370fde7a83a40d98870b90b2fa4d21a2db98a6e714c9d3dab7b1caf3b,2025-11-01T10:39:45.748306+00:00,2025-11-01T10:39:50+00:00,223
330302e9138f2b6a976a959e73cd5331b39cae4ebb2cd423ba7585261cc808dd,2025-11-01T10:39:45.875738+00:00,2025-11-01T10:39:50+00:00,223
4021b01db6e93c7d7faa021c023ed8c75fc736dcfa2d9b294eee4d8347c72284,2025-11-01T10:39:45.999055+00:00,2025-11-01T10:39:50+00:00,223
6afebb0c48e4a6ba4bc59483c9b144d758e910ed3954ce5387366f2d8f776032,2025-11-01T10:39:46.125833+00:00,2025-11-01T10:39:50+00:00,223
feb3073f23a9d38407c01e8025a31bcdeddc7adbdaed742291e7a27810df85cc,2025-11-01T10:39:46.252149+00:00,2025-11-01T10:39:50+00:00,223
d7d3283237e47917423d264aaa3f636d51998b6883f291e50efe550c03866285,2025-11-01T10:39:46.382149+00:00,2025-11-01T10:39:50+00:00,223
5878067e5b77e4664faba827b6ff890c1ff2346020013e979de3491cbcec5fa7,2025-11-01T10:39:46.512251+00:00,2025-11-01T10:39:50+00:00,223
4635981dea6d80eb1827d0c6fb2ba34e6ae38cccb7313d230b4e1be1e01af67e,2025-11-01T10:39:46.635682+00:00,2025-11-01T10:39:50+00:00,223
69f5a514c2c07885d591bd2eec42a82fe7e57431ffbd7398ebca5ba5fb1d1147,2025-11-01T10:39:46.760104+00:00,2025-11-01T10:39:50+00:00,223
771e144909e1f2b75d11da150550bd636c6a4e87e37472da286b6bd715301ec9,2025-11-01T10:39:46.884431+00:00,2025-11-01T10:39:50+00:00,223
33eabee5de18eef89fbaa534b52b7209e187d11c65a3efba067c088741f47cae,2025-11-01T10:39:47.010682+00:00,2025-11-01T10:39:50+00:00,223
0542e576455ddaf9d39a65ceb3b86ee2356a2e248df487cef4b0afed15912c4e,2025-11-01T10:39:47.136897+00:00,2025-11-01T10:39:50+00:00,223
3eb48359fa8978c2e9f3deb324753e0a86be61d3605d2e93f6849e72ca92af05,2025-11-01T10:39:47.267595+00:00,2025-11-01T10:39:50+00:00,223
56c21b94a7d0f6e5824262513f3a548854dc06e51afb7db7db5733c7c5d67e52,2025-11-01T10:39:47.395345+00:00,2025-11-01T10:39:50+00:00,223
be2140cb8bd1fcbe26d25bece6655e4ad126956b5fb3e3e70be73f72703edf58,2025-11-01T10:39:47.524837+00:00,2025-11-01T10:39:50+00:00,223
f9ab2f3bf635dad9c60d15bfb2a500a2a804294c70cefa8166c0ddfba37fbaaf,2025-11-01T10:39:47.657229+00:00,2025-11-01T10:39:55+00:00,224
4fd58302af034e9035823b3466538c37a4c91f1e16e4e94a45bbe4d376bc90b1,2025-11-01T10:39:47.790333+00:00,2025-11-01T10:39:55+00:00,224
2eae276614f35fa8903306046db86338843e30c3fe092fe97bc25a7fadca7316,2025-11-01T10:39:47.917445+00:00,2025-11-01T10:39:55+00:00,224
666a9acc17090a1090ff56fba52eeeb0335407d16cdead5ad22a4435393bbe9d,2025-11-01T10:39:48.051242+00:00,2025-11-01T10:39:55+00:00,224
5e1d285efc752296a3c53bcfb469a5a0cd435d1de894b9cf3be88d5bb0cf2cc5,2025-11-01T10:39:48.182745+00:00,2025-11-01T10:39:55+00:00,224
28cc10c86f347134d629c67ce4b4e1c6726cae227d46362a22f0491e9dcb408f,2025-11-01T10:39:48.314699+00:00,2025-11-01T10:39:55+00:00,224
6c91e47d96548fc5b3f6448ae0767754f4f91d479c21ab6083857e6723b85bf8,2025-11-01T10:39:48.447063+00:00,2025-11-01T10:39:55+00:00,224
e8d695e518a05795fee10e78fb628d8981e8f39e60b0f22c8f3b58ff000cc937,2025-11-01T10:39:48.577151+00:00,2025-11-01T10:39:55+00:00,224
58abc1618c8264599a7ea9abbb6c4d5766ad0fb998cfb56429faff53e54c962b,2025-11-01T10:39:48.704581+00:00,2025-11-01T10:39:55+00:00,224
8be13651b40b643f64c79e06cb086e35dddf742187b681fe9693a8d987f5d45f,2025-11-01T10:39:48.837130+00:00,2025-11-01T10:39:55+00:00,224
1e413d9ef6e2f69519f7ef9f4109605453bde8b0ff082973ec59d31e5db13fb6,2025-11-01T10:39:48.968782+00:00,2025-11-01T10:39:55+00:00,224
1e27f886bde817e0ebfe29b3ab7d1b814b2aa9d3cc95de846f83598254ac50a0,2025-11-01T10:39:49.097262+00:00,2025-11-01T10:39:55+00:00,224
a41d6323b8467cdf2657fbb43b8c934ea5277fa747fa86d1906441f068a95227,2025-11-01T10:39:49.229502+00:00,2025-11-01T10:39:55+00:00,224
1a371c0661b452f72f4b0383c71e4685727b41517b9886cf5c88e64ec26a724c,2025-11-01T10:39:49.359494+00:00,2025-11-01T10:39:55+00:00,224
b81edba15ca4b48924802371d6914e87fc0bc4816f64efc6cf8ac26378e85507,2025-11-01T10:39:49.489233+00:00,2025-11-01T10:39:55+00:00,224
725e34f55492f42275df01cfea17fd2f3fb83f6c202516f44c999ed044a6535c,2025-11-01T10:39:49.622377+00:00,2025-11-01T10:39:55+00:00,224
3a81b9dfeb2541dceafea7f4cc82e19199fed22eeab1229c601d838b1c366c15,2025-11-01T10:39:49.751117+00:00,2025-11-01T10:39:55+00:00,224
07ca6524aff366dc404535b818f51d3a1c4f782c92bea67df86a80f6a0250608,2025-11-01T10:39:49.886340+00:00,2025-11-01T10:39:55+00:00,224
5e3d57cc28f2ddf86c0fbb7c9eda6c0921f19e2a7d30ee55b62e4b5907d5d56e,2025-11-01T10:39:50.011430+00:00,2025-11-01T10:39:55+00:00,224
43d11bfd30defdf8fcc8494c0e2bf0a100ed5587ee83793165a2199046f937f0,2025-11-01T10:39:50.146813+00:00,2025-11-01T10:39:55+00:00,224
74e0af7b4500fd70fd2a7a602d6138cf00771ff3fa01410feee0d59ace955bd4,2025-11-01T10:39:50.277684+00:00,2025-11-01T10:39:55+00:00,224
b1959a55aa9784c777862a3d73cc892191a5e657b2c4f41999e3ac2ced744778,2025-11-01T10:39:50.408662+00:00,2025-11-01T10:39:55+00:00,224
630c131fbb8e8a3c7484b642c32e092df08555258c05e1c42bf943c408fdba2d,2025-11-01T10:39:50.789352+00:00,2025-11-01T10:39:55+00:00,224
55920ec4bd76a181867cc4a7ad50e869b4ed6ea0164869c7436e91a04f64b7bb,2025-11-01T10:39:50.914682+00:00,2025-11-01T10:39:55+00:00,224
df121b9e4ff9d5c58d3fc41749841912e4746252d186a6230eac5b494f431622,2025-11-01T10:39:51.065293+00:00,2025-11-01T10:39:55+00:00,224
d2d68b09968031b961a8d9f019c7c64f6b6c07ba762bf72f8a3e8f1d0fadbdba,2025-11-01T10:39:51.195290+00:00,2025-11-01T10:39:55+00:00,224
0363816919242c60093467599800f51899f22a8d813d9cd1cef9fd490f99bc17,2025-11-01T10:39:51.335056+00:00,2025-11-01T10:39:55+00:00,224
8facb7a07722799fcd62a7c9fb3e0146360fa57caaa536cd1a243d48e8d504b6,2025-11-01T10:39:51.465745+00:00,2025-11-01T10:39:55+00:00,224
fa61fb5f24029559c57799e441fbc2070c5e1386f60f42c141fea5082adb8188,2025-11-01T10:39:51.594467+00:00,2025-11-01T10:39:55+00:00,224
66d2d3513b33020c070d57caaba4ad5e1ec9979a58ee02a2ef39e9538974be3e,2025-11-01T10:39:51.730946+00:00,2025-11-01T10:39:55+00:00,224
034c8632a441938efa2fb0ee8b6c1f788a7e30a4b8634b60a34d9ccc64ddd53e,2025-11-01T10:39:51.856441+00:00,2025-11-01T10:39:55+00:00,224
b6937b6fc3bcaa614268365e1350db63f0096cb1aefd60859eed6790ba4bbdbd,2025-11-01T10:39:51.986168+00:00,2025-11-01T10:39:55+00:00,224
f2dadba3c4af90fa9c818de78fe6fc111d4b4109dae0d8ef5b389e885fbf126a,2025-11-01T10:39:52.117163+00:00,2025-11-01T10:39:55+00:00,224
ea95899e30186654d97a1e303e2e39233ffe2b05e85d0b16eb824e5caebf2667,2025-11-01T10:39:52.321011+00:00,2025-11-01T10:39:55+00:00,224
39510ef1f486ad23b74660890bcc8de19e5c700261ad72f0206b8ce8f295fccd,2025-11-01T10:39:52.451701+00:00,2025-11-01T10:39:55+00:00,224
d0fa25164566ae15ec5db42f4bcab3bcf741974f1100eb8b1b67f345ab0a94fb,2025-11-01T10:39:52.582202+00:00,2025-11-01T10:39:55+00:00,224
bc94076e7352af9272b7da64beabd5e705a188c1e1f690cfe4fd9bf9c31b1854,2025-11-01T10:39:52.713194+00:00,2025-11-01T10:39:55+00:00,224
54923388281aeaa88006a1b7b394bbccaf920e2f5624cde315a305825e3ea4d2,2025-11-01T10:39:52.838650+00:00,2025-11-01T10:39:55+00:00,224
b85a5ac60b4116fd358f6b9c61a1d5f71224a14c49ac23a47719e7a9c50423d8,2025-11-01T10:39:52.972278+00:00,2025-11-01T10:39:55+00:00,224
85b13809ce6603c771a6ee77279704f498663ed7cc96baf2bcdb1186cfb20748,2025-11-01T10:39:53.100282+00:00,2025-11-01T10:39:55+00:00,224
5d5f4c10091501c1601e3328229a4717809b93608014e5ba9b3e908ea7c44ee3,2025-11-01T10:39:53.229003+00:00,2025-11-01T10:39:55+00:00,224
291d547d512e54d09fca20be2c45a361ff8747bfa8399b62cee1047eac02f9de,2025-11-01T10:39:53.356983+00:00,2025-11-01T10:39:55+00:00,224
b87185eae0ff1e703f8bcd3a6c253f241cdcb36233e05786a3c544e7d89a8812,2025-11-01T10:39:53.489856+00:00,2025-11-01T10:40:00+00:00,225
054cd6bcf51672b92cbc6b6703cca4fdc690ccc7066dc0e571bf18db314c5cc1,2025-11-01T10:39:53.617824+00:00,2025-11-01T10:40:00+00:00,225
c3409abeebdf120397d7374c5880f6d760549928e2e6f783fc847c327b991551,2025-11-01T10:39:53.751076+00:00,2025-11-01T10:40:00+00:00,225
2d2371be723056c0190af6c6d605ec5f50b47bf51a361802289476508669ba9c,2025-11-01T10:39:53.879988+00:00,2025-11-01T10:40:00+00:00,225
ccbad38765c02c6020222311dec212afbf00b3ff01160e4bb45589dec094fb0d,2025-11-01T10:39:54.012078+00:00,2025-11-01T10:40:00+00:00,225
ce99d72bea8aaea4e8a6194f7f3cb4ec1c06fb04204057276b78f3b46814d32b,2025-11-01T10:39:54.142171+00:00,2025-11-01T10:40:00+00:00,225
42c43cfbbb2d09d6c839a5f0a0195f13262336f8163bbeb0adeb325e6d8574c7,2025-11-01T10:39:54.275427+00:00,2025-11-01T10:40:00+00:00,225
423863a8a5fb4af3e72af65bf6505dfcd45b40a7cb787b4c339d39cd23203127,2025-11-01T10:39:54.402547+00:00,2025-11-01T10:40:00+00:00,225
7cbc14b50adeb5a3b2bf9bfe606252cd6fecc5554718e3ed0ec40a0b4599a01e,2025-11-01T10:39:54.531294+00:00,2025-11-01T10:40:00+00:00,225
80e7baf12ca75349da341806dc545a7720912bdb46cb4ee8769de3b462bd229c,2025-11-01T10:39:54.658400+00:00,2025-11-01T10:40:00+00:00,225
6588d353f8af264e64e14d036a1b59c75576230b22d9bb79f8bcb9073f575b0c,2025-11-01T10:39:54.786704+00:00,2025-11-01T10:40:00+00:00,225
a96fa91e9a0fd8716fb44ca41c13cb27fed8398dff3b5db029ff1484b0bbef36,2025-11-01T10:39:54.916476+00:00,2025-11-01T10:40:00+00:00,225
cebe9ba496803910cf3221d064eec65101c8eb146cb2041544d730665766ad8e,2025-11-01T10:39:55.045256+00:00,2025-11-01T10:40:00+00:00,225
86d0c40d86929b48ab1c161d263dd843b96cfb4ad548212ff21d0789f35066ad,2025-11-01T10:39:55.175899+00:00,2025-11-01T10:40:00+00:00,225
cccb51a3e6fdbf02b304cf84795fe7b282dc4cc9b38a08a52041883788a8cd33,2025-11-01T10:39:55.306178+00:00,2025-11-01T10:40:00+00:00,225
7b8056b286643e79d4c3961824eb2061b5f21c511dee0df9059d76233d217645,2025-11-01T10:39:55.435501+00:00,2025-11-01T10:40:00+00:00,225
9b76b8212f453f601de5e4b7923490388c3d59938db86837154f93c815e6e3bf,2025-11-01T10:39:55.577847+00:00,2025-11-01T10:40:00+00:00,225
2c43aecee3bbefab0c92b48f36a531f8e704664f60efb4f7fb9e232656841b37,2025-11-01T10:39:55.703967+00:00,2025-11-01T10:40:00+00:00,225
765bdf2af44a8a3b1c23e0baba4531134cc62501946fd075357b86bee4f11b3d,2025-11-01T10:39:56.059647+00:00,2025-11-01T10:40:00+00:00,225
dbf3ac0131c71803bc570d29614a2a2157bc703f18ffa8e660f457a82b8587fb,2025-11-01T10:39:56.186976+00:00,2025-11-01T10:40:00+00:00,225
81a5b7e6978dedcaa24157cf1292e3a374b901d19b41e3ae63a2f6d10726d94d,2025-11-01T10:39:56.313370+00:00,2025-11-01T10:40:00+00:00,225
f173ae18efc9b376e911719614bb23dc8190f988cb04909789aebc030f631f31,2025-11-01T10:39:56.439527+00:00,2025-11-01T10:40:00+00:00,225
5abc3385f9477365c684c7aa609bf64917846c9494dd120d5b8274b1769e4201,2025-11-01T10:39:56.576180+00:00,2025-11-01T10:40:00+00:00,225
11e5cee4841cfe78e197115ae2f25b49f4e7879613a3f87d489a30ef71dc5650,2025-11-01T10:39:56.702768+00:00,2025-11-01T10:40:00+00:00,225
da4aa9be277d7b5fd875407a1cf0857341fb5e14f8283a24248fcf0cf1a01288,2025-11-01T10:39:56.825962+00:00,2025-11-01T10:40:00+00:00,225
51a9073d99dfc5d724e1adb4affce95b99f7a3cb1d83b90b13860a4695281e36,2025-11-01T10:39:56.948906+00:00,2025-11-01T10:40:00+00:00,225
9e7313473b929d466307d84ae17158c44582686e63e9f26ebb9701c556e2f646,2025-11-01T10:39:57.099115+00:00,2025-11-01T10:40:00+00:00,225
f5e624f25c5534f93e03d0bdbdc13ba14908cf5f7324391cd832e4ee7af5f5a0,2025-11-01T10:39:57.236339+00:00,2025-11-01T10:40:00+00:00,225
ea53fcfb309d8d7d7dd0f16e9ead0cc8cdee6b3fe27f2aea18a1accc2a1f6e6b,2025-11-01T10:39:57.370822+00:00,2025-11-01T10:40:00+00:00,225
006943bc5f874dea1fec39d5fbd1f43215c1cdd97174b423506cea9aba4069de,2025-11-01T10:39:57.499512+00:00,2025-11-01T10:40:00+00:00,225
d823651539c138274d232de6be5b3a63582fa3fe7e8343d873262dc4856034ba,2025-11-01T10:39:57.628988+00:00,2025-11-01T10:40:00+00:00,225
307ba59ce3f4a2082c2bfa4dad35ebfd2b845e7b794022d3360401dcfc938503,2025-11-01T10:39:57.760948+00:00,2025-11-01T10:40:00+00:00,225
55368dcbc7b785837b3bdde57fd70f8ca2a7f11986becc047327ae0e4b29ff5c,2025-11-01T10:39:57.897455+00:00,2025-11-01T10:40:00+00:00,225
b471ca9eebfd3722e9cce5bb74ce8e81d75db8c165db43ab2e56b7ac1fba73a7,2025-11-01T10:39:58.035276+00:00,2025-11-01T10:40:00+00:00,225
e462d3348e2ccf08b4185a9a148ae9d490432c1c82591607dc56ddb28dc5cf04,2025-11-01T10:39:58.172047+00:00,2025-11-01T10:40:00+00:00,225
71fdce23f7016a39814013f20d5289cd8ecc633b9a581326976d2b49b533bdf7,2025-11-01T10:39:58.306129+00:00,2025-11-01T10:40:06+00:00,226
c1d7e898a0caa850dda78bc385e63caed601001d3aeb56a63e8c9f1c92ecd859,2025-11-01T10:39:58.439406+00:00,2025-11-01T10:40:06+00:00,226
7aa7eff9eef38d94c36c652a89fc1241fd9adc727fe4470a88ec91d6789f4970,2025-11-01T10:39:58.572759+00:00,2025-11-01T10:40:06+00:00,226
3757303d2b8f02d2792423c566de2ff7a976f1766e831c08b7a90cd73121fa4f,2025-11-01T10:39:58.702893+00:00,2025-11-01T10:40:06+00:00,226
885903d7911525165141fe9dc21e636e98b5f0f9f6a5225d7fd8d7fa0ce2d55e,2025-11-01T10:39:58.833566+00:00,2025-11-01T10:40:06+00:00,226
34842a97241def0390db1e89456f5cf4d103d34fdb7d197b76c5806433511859,2025-11-01T10:39:58.963360+00:00,2025-11-01T10:40:06+00:00,226
3843c561c458f80ebc2140c12f0d88201c8ea4ba6459ca6e3f3e2e20f2c59820,2025-11-01T10:39:59.099997+00:00,2025-11-01T10:40:06+00:00,226
9f00674e38eb1e0fe638847e023e67a87a47229d4c7afc6e060895bde187c0fc,2025-11-01T10:39:59.233955+00:00,2025-11-01T10:40:06+00:00,226
05802f6a1a408c9e253a7ce947cba11d4feecf54b8ddf4c4122381e635f1d1c4,2025-11-01T10:39:59.373456+00:00,2025-11-01T10:40:06+00:00,226
db59df3debaaaf07ba78f68a360f333e8ccf51c7f52ba880d4eaf00bc70a72e1,2025-11-01T10:39:59.504217+00:00,2025-11-01T10:40:06+00:00,226
a05c243265e4f9babae7619c158e56c5b0273f7497069d361cbc9929d1120037,2025-11-01T10:39:59.636019+00:00,2025-11-01T10:40:11+00:00,227
e8258395cfdcc2eef63e6c219278862d93d4b23ca8c91c2daaddaca6767dca75,2025-11-01T10:39:59.769359+00:00,2025-11-01T10:40:06+00:00,226
001eeaabf8fa2a5498f4f1b51cbce15577f4261f04a514efba8406a45e90a6a2,2025-11-01T10:39:59.913574+00:00,2025-11-01T10:40:06+00:00,226
33098df535cc6cf15a7bd6d8642c9f27fece602a788a62dede4ba78d086b876a,2025-11-01T10:40:00.090406+00:00,2025-11-01T10:40:06+00:00,226
12034346f406e97bf0960f6ff1f169a21b807d9858662b37b3982e5c463497d6,2025-11-01T10:40:00.227910+00:00,2025-11-01T10:40:06+00:00,226
58c73dca2855562ea1e8b92f7c41f6750743ca719d27337d3b7a93a07a8fce45,2025-11-01T10:40:00.384347+00:00,2025-11-01T10:40:06+00:00,226
deae0ebf6dcae57adc927cc058f8b9b4f3015ac50592bd41a1b9fe182641a027,2025-11-01T10:40:00.517568+00:00,2025-11-01T10:40:11+00:00,227
98caa288db2fb1733c9e37ee0ac31be96dbeea8676ff6e3381f2e532ab34a599,2025-11-01T10:40:00.648165+00:00,2025-11-01T10:40:06+00:00,226
13408c984a28f88dfa1e4ed1b7bd3f9b5821e452b6d99d3ef715e0e5a4d3f69a,2025-11-01T10:40:00.782312+00:00,2025-11-01T10:40:06+00:00,226
67cb20281feb9b42019682dd14cf91bf704364770f61179d8ad6623a75c66d04,2025-11-01T10:40:00.926675+00:00,2025-11-01T10:40:06+00:00,226
216fe91422ba8c4cfc5f1eca1ce6602edb2a9a58642364c844473582d5a64799,2025-11-01T10:40:01.100528+00:00,2025-11-01T10:40:06+00:00,226
bc90b3687f6ab0bb6633e74c96b768d2970b68db709d80c7249cea2b30623410,2025-11-01T10:40:01.250906+00:00,2025-11-01T10:40:06+00:00,226
b663039fdd3a8175477d33f6028ba48049d35c826555d9552d3e8a567d97db13,2025-11-01T10:40:01.383061+00:00,2025-11-01T10:40:06+00:00,226
95d247c9e0cfd9816783af1f59b2a9d689aa2a5cf013e50432682ed1cea04fc0,2025-11-01T10:40:01.522642+00:00,2025-11-01T10:40:06+00:00,226
a42c8ee95c0380846990b680911f3c9ca70eb0ce379a1c68218a3c3cd140099b,2025-11-01T10:40:01.659704+00:00,2025-11-01T10:40:06+00:00,226
ce216a6207f2aec38d73fc10ccce0562c1976d30d64877605e477bf5bbb1a7e6,2025-11-01T10:40:01.796774+00:00,2025-11-01T10:40:06+00:00,226
aa547123ab903b39f0a4545e879ffd94095f3a71d5c5196453ec16a7329d7d03,2025-11-01T10:40:01.935704+00:00,2025-11-01T10:40:06+00:00,226
da8b88b154b7b0658b2296e7f9f2f87de40b9ea01c3959fd1a319d165e282048,2025-11-01T10:40:02.113605+00:00,2025-11-01T10:40:06+00:00,226
224060cbdbf7d91a9e2e6ee988b3815a41f135c5d0513ed9404b9fdca7014d3d,2025-11-01T10:40:02.285927+00:00,2025-11-01T10:40:06+00:00,226
607664868d401dd074b12281f88d8dfa5829829ca7e9ccacbb542677b5f2ba81,2025-11-01T10:40:02.422104+00:00,2025-11-01T10:40:06+00:00,226
d0936f164e9500f8511f3c4c047f637e199fa28e8f97e0ffb5c7503dd27a24cc,2025-11-01T10:40:02.567295+00:00,2025-11-01T10:40:06+00:00,226
5d6ef09280b82a923c6e3b679cb500c8416ec4b57c499eaa7fd09c5e5dbf76a0,2025-11-01T10:40:02.716141+00:00,2025-11-01T10:40:06+00:00,226
9e8838a33b78f0648ebb683908bda5c5e84d6ae243c5e91744a80007183c6370,2025-11-01T10:40:02.851287+00:00,2025-11-01T10:40:06+00:00,226
d15ffe4f671f3d49a5a0caa44549f6299ca7bc18acf907c63189c804e65538c6,2025-11-01T10:40:02.984324+00:00,2025-11-01T10:40:06+00:00,226
04f7ed2548eb1bb242423c9688f360695610ba6136cd67c3d54a981e06179042,2025-11-01T10:40:03.125354+00:00,2025-11-01T10:40:06+00:00,226
78b35f7ed00db4c004e864a7fc16cb2cbc6e5b600d5a54b6ec12990b87cb7b8c,2025-11-01T10:40:03.266584+00:00,2025-11-01T10:40:06+00:00,226
5ff5146823e2282abeef821464da662e1f9e84a4be833d165cf4b1e5425c3d1e,2025-11-01T10:40:03.406823+00:00,2025-11-01T10:40:11+00:00,227
c50f1e2d247135e7e7c6d16fd53f4964a90bbdc7f40af273da3f3127dbd96ac1,2025-11-01T10:40:03.537394+00:00,2025-11-01T10:40:06+00:00,226
ef5b1f113251eae6a9d527cea60fb35baee72829faaf471b1b49b25b71037bb2,2025-11-01T10:40:03.670297+00:00,2025-11-01T10:40:11+00:00,227
50a33d54bab359deb2d8f290b8649b0718d4e5cf5d69fd7febb6bbcbd275d166,2025-11-01T10:40:03.810062+00:00,2025-11-01T10:40:11+00:00,227
f724736f53456a6f8cb5b85251412fd740a5f4ebb67465adc5836fc332f075a3,2025-11-01T10:40:03.943450+00:00,2025-11-01T10:40:11+00:00,227
85082da52aa58b3d872ef4a9f98fa070882af5b1446d89d313a1f235a6d34faa,2025-11-01T10:40:04.082673+00:00,2025-11-01T10:40:11+00:00,227
e1e9abe38a98d1b8945983656b75d5a4350121a38552b3101a192b350a6a4e4d,2025-11-01T10:40:04.254313+00:00,2025-11-01T10:40:11+00:00,227
035d7019686a17e18e5363c271b384229a7207520b0f96931ddb3563634951db,2025-11-01T10:40:04.387907+00:00,2025-11-01T10:40:11+00:00,227
ea92329564f30fc96ca0575fc75608ef4cf332c0984997144a2da5d8908c927b,2025-11-01T10:40:04.525266+00:00,2025-11-01T10:40:11+00:00,227
3c6e12257628f0d66482a3e8bf36c96ee685de648df5ea77e0925b93dc0cbd71,2025-11-01T10:40:04.668049+00:00,2025-11-01T10:40:11+00:00,227
a025ac9a336fe6e772459a60d8fca952d47ad45022f61636cf67cb2d82291631,2025-11-01T10:40:04.804410+00:00,2025-11-01T10:40:11+00:00,227
b06a4d8bf981d96db8348efe11e71003447f2cb21b642c4c140e59ea235d6140,2025-11-01T10:40:04.942125+00:00,2025-11-01T10:40:11+00:00,227
27a5896c3a8d13ab53f55ef9e88ae77834c1ddcba0c614ba6d27fe520629efb5,2025-11-01T10:40:05.089154+00:00,2025-11-01T10:40:11+00:00,227
c9f9a360f25941255f79cddbf57414501b56326b0ff01e63a0f940adf8f8f9ed,2025-11-01T10:40:05.225750+00:00,2025-11-01T10:40:11+00:00,227
ebb1893a0035da8a32d7e0aa0f9c3db39d7db4209ae15d3203273765b15f78ce,2025-11-01T10:40:05.360927+00:00,2025-11-01T10:40:11+00:00,227
b23d2edbb6b88c649070163494828804e62e338d508ddb1b3869c36aed2915b9,2025-11-01T10:40:05.503031+00:00,2025-11-01T10:40:11+00:00,227
c507e205a6824edd9080d6b902d9c4e150086bce32b90014dc30d12778bfb035,2025-11-01T10:40:05.638335+00:00,2025-11-01T10:40:11+00:00,227
44ae0af0b365103499a4abd831c4791430743b602be6d69c75ede2db9954a10a,2025-11-01T10:40:05.767610+00:00,2025-11-01T10:40:11+00:00,227
ba612304df9c1d3f938a627b1d789ddbf98b1f4b6daac1b176522719ae44583b,2025-11-01T10:40:05.897132+00:00,2025-11-01T10:40:11+00:00,227
b3be3d9cf339919772ddefb2c71b0b050bd634ae17db9c701a899f22e1cbf518,2025-11-01T10:40:06.026878+00:00,2025-11-01T10:40:11+00:00,227
3370886399f6cf2254aada2b123a0874e2ef6fed77b2a2639af5243e2cab4efa,2025-11-01T10:40:06.208402+00:00,2025-11-01T10:40:11+00:00,227
8270d77ebac041471d75df7705df7a0fe7f8e14988a9a6ce8cb7795975743d3f,2025-11-01T10:40:06.341835+00:00,2025-11-01T10:40:11+00:00,227
2954296c3ef0900df81ee880f88d22ec3e34e596947cf6d9ec44e8cdd5fd8f04,2025-11-01T10:40:06.472280+00:00,2025-11-01T10:40:11+00:00,227
d0ab21a93e6fe6275e5f11cfa4647cc468514abac7314a42432ef5225ea7c812,2025-11-01T10:40:06.606291+00:00,2025-11-01T10:40:11+00:00,227
5616802e245995443410cd8a2416682c47c6ba215cb69a1f4b73377b528c8ad5,2025-11-01T10:40:06.739463+00:00,2025-11-01T10:40:11+00:00,227
f06674302023a44189aa0ba78fea815c60025ee1790ef5d5380e9f15425600e9,2025-11-01T10:40:06.879143+00:00,2025-11-01T10:40:11+00:00,227
21894c3c17245714c7a443eaf1424923c7dc4c1b7022a52d484db052f81d5d56,2025-11-01T10:40:07.012931+00:00,2025-11-01T10:40:11+00:00,227
77f3d4a6842344c6c98a2864e27a7bd28dce3379704c0662c40181f675c41e7c,2025-11-01T10:40:07.145609+00:00,2025-11-01T10:40:11+00:00,227
ead07a6d6ecd70e0274eab2955338470d98998bf41d6a2913b348d384b907b00,2025-11-01T10:40:07.284705+00:00,2025-11-01T10:40:11+00:00,227
d9bb40bf42adbc4fe050cca90ef4668f20de7ff75d37d1b126249b1012ebea94,2025-11-01T10:40:07.433577+00:00,2025-11-01T10:40:11+00:00,227
b2d2b6a54456ecb0234dbb8a91128c0971a13df296fc32d6594a248c2d7a6453,2025-11-01T10:40:07.609619+00:00,2025-11-01T10:40:11+00:00,227
2500f593f4c86e9f900b9632392a58080213955048cab9931affc708109db1cd,2025-11-01T10:40:07.745313+00:00,2025-11-01T10:40:11+00:00,227
8ffe02a8c0cdecdb112d915fd16f67d5488c420feb8a5301006e24d93176f15a,2025-11-01T10:40:07.879370+00:00,2025-11-01T10:40:11+00:00,227
8b4d4da966969a76e18827214d80c1232283aefd8252c7e64c03fd4832206f02,2025-11-01T10:40:08.014492+00:00,2025-11-01T10:40:11+00:00,227
d3627b46b526b03bf9def070e3b528558b629718dd202b2a38e089a4bd1d5e87,2025-11-01T10:40:08.145454+00:00,2025-11-01T10:40:11+00:00,227
896bc7db4e20414e1de668a12a5728cabd6d2da8c5c8bd207d4ae2441ac13038,2025-11-01T10:40:08.277360+00:00,2025-11-01T10:40:11+00:00,227
34a98f7999dbf7976d6ae2d4f7be2cdc09029695d444144d0d1a9aea988ffa56,2025-11-01T10:40:08.405436+00:00,2025-11-01T10:40:16+00:00,228
68019e0f3a7d89302db94eed913cfc505244bd90f3d0241aa3c98fa066831d0e,2025-11-01T10:40:08.552754+00:00,2025-11-01T10:40:16+00:00,228
a74d8e0ff37285cc14462b14d8f09bbd79c66c30c123dd275da9aa034c8e3f30,2025-11-01T10:40:08.684924+00:00,2025-11-01T10:40:16+00:00,228
6c45c157584e2a72bcf10983f346f73b949ab8aea9a58b499544d3ce51560b7c,2025-11-01T10:40:08.815093+00:00,2025-11-01T10:40:16+00:00,228
7489feeec194631722ef6f59b689a97962422a717540b71f81d1e256dcd48a44,2025-11-01T10:40:08.953597+00:00,2025-11-01T10:40:16+00:00,228
4b5d0be0fe78cdbeadc2153c297f19f30e9bc9e5e21bae088bc7fe3911f800b6,2025-11-01T10:40:09.098600+00:00,2025-11-01T10:40:16+00:00,228
0c1869ab9a750546573864ef46b802c787cd1b9d172e108d37c81557cf38daf8,2025-11-01T10:40:09.231211+00:00,2025-11-01T10:40:16+00:00,228
7de8479f13da22aade4357b3a9766e6b16f9d9ad44b18952ce9cbbc84b6ccce8,2025-11-01T10:40:09.358819+00:00,2025-11-01T10:40:16+00:00,228
c75bb33765bd2eb7608b9db4ad1362e2fe6cdb1f1024a3eb3e8a08da4c8e995e,2025-11-01T10:40:09.493924+00:00,2025-11-01T10:40:16+00:00,228
160c731a69b3974f1bd44d5ff1a962f88c732b8eb5720e8c913394da1d9c344b,2025-11-01T10:40:09.626108+00:00,2025-11-01T10:40:16+00:00,228
13d6d2bfd65e18afb8d5d77cd3cfe652d417df0ec488c99d3a3d34001a478453,2025-11-01T10:40:09.759723+00:00,2025-11-01T10:40:16+00:00,228
b9b50378377cb3b88266d657145a288be02c88875680d842d81d6558b8bc266d,2025-11-01T10:40:09.901767+00:00,2025-11-01T10:40:16+00:00,228
0bad36e4544a0e54e1283e9ecb075254ae861e34a40303de86e7fc2582edcb33,2025-11-01T10:40:10.031343+00:00,2025-11-01T10:40:16+00:00,228
0ca7ed61940e900217565f35d3fd294746a1c62ec3c88b6d17bb2fa93e71201f,2025-11-01T10:40:10.163480+00:00,2025-11-01T10:40:16+00:00,228
b32bb400a05296d2e3ecc060f6aff8b0b9e9e95f0f1b193da6311b0216986948,2025-11-01T10:40:10.303729+00:00,2025-11-01T10:40:16+00:00,228
4e5ed5f7be6a04835d2c32e453709819ee24ebf525910bbc7bd3e7dbb0059f98,2025-11-01T10:40:10.443603+00:00,2025-11-01T10:40:16+00:00,228
522c7026649e62efd87a27e2ee61709878f270e8bdb69866c42609626cc1ea97,2025-11-01T10:40:10.594769+00:00,2025-11-01T10:40:16+00:00,228
7cdd62f517ddd2260855c19e64de4d09723710d96c0b344f6724448742670821,2025-11-01T10:40:10.736947+00:00,2025-11-01T10:40:16+00:00,228
8804013918b81df9198b49d662aa62d1e77c5da0729332d999698aa21effc2e1,2025-11-01T10:40:10.872927+00:00,2025-11-01T10:40:16+00:00,228
3ee5a000c5e30ba6360656d8c11f6e05db46784fee9a5164248e19a2df986829,2025-11-01T10:40:11.019077+00:00,2025-11-01T10:40:16+00:00,228
47b8255e4e7445e47b97258b8f4e249f86caa2d9f6de6e2ef40183490f749f33,2025-11-01T10:40:11.152462+00:00,2025-11-01T10:40:16+00:00,228
d179fe599c2c9fb032fd671e29efceaf13d702a373b4326c496bbe6185a0183d,2025-11-01T10:40:11.448258+00:00,2025-11-01T10:40:16+00:00,228
9dcdfb28fdaa341046be4ab3fd69f43af709700440bc59300c7ac27e5e3d600b,2025-11-01T10:40:11.580069+00:00,2025-11-01T10:40:16+00:00,228
e688fe56bde9e834d5b7c58884f1781ec56274a8bded2c7eb97b5e54a166843c,2025-11-01T10:40:11.713191+00:00,2025-11-01T10:40:16+00:00,228
d6d8d4bbb788703fa21fe1e4f50f1f7cb4d600be01884f8ff40bbc1d2c2e2081,2025-11-01T10:40:11.845559+00:00,2025-11-01T10:40:16+00:00,228
9abc33e514ada12e01c0009041e09725a57b52912c2fd40767b4bc927b757405,2025-11-01T10:40:11.981292+00:00,2025-11-01T10:40:21+00:00,229
394cc4cdec113b7b287f2f90a60b4ccc488451feb587a634f9d84861248fc796,2025-11-01T10:40:12.119030+00:00,2025-11-01T10:40:16+00:00,228
52e8650622ec04dd9f1cfc32ec0cfde306613e9c85f519091003ab1fea3004f7,2025-11-01T10:40:12.253839+00:00,2025-11-01T10:40:16+00:00,228
81f961df790fbdac7d34ae5403ab56e92d89fcbf4c438795d755eaa74348cad1,2025-11-01T10:40:12.388673+00:00,2025-11-01T10:40:16+00:00,228
69609b4099beb1d48f79d79e0dcb0329197917de911921f3ecdc06ddacfad22a,2025-11-01T10:40:12.549294+00:00,2025-11-01T10:40:16+00:00,228
0c4f6822403f3ed4030d2230e12a16680dee1f77958ba62715ddfd0996127a04,2025-11-01T10:40:12.682311+00:00,2025-11-01T10:40:21+00:00,229
d4b0f267d9b319f551a0e68e2cb44646e3e0378f099cca526543df717af62d4a,2025-11-01T10:40:12.812836+00:00,2025-11-01T10:40:16+00:00,228
7952bbf762d1847f9a66aaa457def43fa420060c99391c2b8a11c3ffc81d1d2d,2025-11-01T10:40:12.959347+00:00,2025-11-01T10:40:16+00:00,228
21918814f871554ee86660cc0947251151743f629f14746e2210a211ba99681c,2025-11-01T10:40:13.092025+00:00,2025-11-01T10:40:16+00:00,228
b5a7cf1971349c90f5a7af88eb0042530b3ffbf6b71a21f9e4a4461d149982eb,2025-11-01T10:40:13.225922+00:00,2025-11-01T10:40:16+00:00,228
e5aa0fe83aefc34d0f4600b62b3331abf8f017d890cba611c74e6d039a87fc13,2025-11-01T10:40:13.355397+00:00,2025-11-01T10:40:16+00:00,228
625194dbe43207235680fcb01672b80bfae5e320501807f016f2b05fb11c7f74,2025-11-01T10:40:13.490723+00:00,2025-11-01T10:40:16+00:00,228
dd2fd83783e8410113cf227ebdd40ae6cc646ac142c344981240e9b743143004,2025-11-01T10:40:13.624844+00:00,2025-11-01T10:40:16+00:00,228
a1cb00bc1dbb44c6cd78d138aa69014d5af82d2f6b388c09140361479f14b507,2025-11-01T10:40:13.753183+00:00,2025-11-01T10:40:16+00:00,228
9a593c6ecb5037329b53532273a30e63bbabf24747636183fce1a595297698d5,2025-11-01T10:40:13.888514+00:00,2025-11-01T10:40:16+00:00,228
8c2f97b86bda760450d866ce3afda6cc9ff31d292e723fdb709b322963be2644,2025-11-01T10:40:14.045118+00:00,2025-11-01T10:40:16+00:00,228
d813e20aba7637e16c34eeb914cd32d16755691750e2d0330731dcb1d1220228,2025-11-01T10:40:14.185607+00:00,2025-11-01T10:40:16+00:00,228
443f4db81477c792ceaa5a37591418fd2eb2bda2fb64876c6d88624f19ee28d5,2025-11-01T10:40:14.323669+00:00,2025-11-01T10:40:21+00:00,229
83449402c8228d1aaa3ee238846b0964fe81e44e02f3a53242a39ccfbfbaeedf,2025-11-01T10:40:14.460789+00:00,2025-11-01T10:40:21+00:00,229
38df98034b3f77dfdbaa0d616f33e51552f28ae6c44d9f1ebfec6d6b38b07725,2025-11-01T10:40:14.596770+00:00,2025-11-01T10:40:21+00:00,229
6cef9066197ae214ffe131e818810913e3b60a70f7a1e911e9127a3b05b0c596,2025-11-01T10:40:14.734158+00:00,2025-11-01T10:40:21+00:00,229
db4c5f0f4cb1939524e7cc8c3e81865b277fb74988303a44319693aabc4d8b22,2025-11-01T10:40:14.896502+00:00,2025-11-01T10:40:21+00:00,229
c78eb9066fe3453811eee3bf491c60b60b85cb9ec278c3066da2063c1ad0aa0b,2025-11-01T10:40:15.031027+00:00,2025-11-01T10:40:21+00:00,229
58a7a4d7e582041d098697268be85a6cec577de953e94f417143a929f4a6c2fd,2025-11-01T10:40:15.175330+00:00,2025-11-01T10:40:21+00:00,229
da48e957392409e4d3e0b4143c7549724faab323e8e9b748f4510c30dc9ea30d,2025-11-01T10:40:15.311919+00:00,2025-11-01T10:40:21+00:00,229
3db51d1153a57e5cc2db3b407472a5d0f0292ec2da30e8af6bf95b58ff9afb21,2025-11-01T10:40:15.441448+00:00,2025-11-01T10:40:21+00:00,229
f5267ab8becc6a98146926c456a462cd62b713fe439e26ddf49fc2666dc15b1a,2025-11-01T10:40:15.575307+00:00,2025-11-01T10:40:21+00:00,229
491fc327e7f0a59981d7a0a42e89ea4e6ddaa9b6fc093344e835bc8f1f87f497,2025-11-01T10:40:15.717799+00:00,2025-11-01T10:40:21+00:00,229
ce136ab0aec2a7b22ca9cf1065b868842b101d5dd802d60c65debbe74a78c2dc,2025-11-01T10:40:15.848020+00:00,2025-11-01T10:40:21+00:00,229
4cfedd3261aacd1f0450f571996d53e0a6ca0fc7aa9e6b29d89a3ba32059156b,2025-11-01T10:40:15.974473+00:00,2025-11-01T10:40:21+00:00,229
cbdf8e924adda51b6667927c17411076ff11e35231e764a37a42a9980748183c,2025-11-01T10:40:16.114198+00:00,2025-11-01T10:40:21+00:00,229
d228b12e977beb4a20cc5c38d84f912ef51b492a5aec5b97393f447bce1e100e,2025-11-01T10:40:16.250234+00:00,2025-11-01T10:40:21+00:00,229
d671e8db32f68d30fdac90dc1637c7a7a848d04292dfe65d80bc8437909d09db,2025-11-01T10:40:16.519351+00:00,2025-11-01T10:40:21+00:00,229
94e3cd3b072d41fae77e335c22bf71b79aa6ccf2e6ea0b7ff9f011ef2806a01d,2025-11-01T10:40:16.649441+00:00,2025-11-01T10:40:21+00:00,229
845dd43b667d6f883bfae5082f04776c3efcbc1f4263f7ea5cee305693b62145,2025-11-01T10:40:16.777107+00:00,2025-11-01T10:40:21+00:00,229
bea65e8297b3902378ee2804ecdd087442054ce82f7450ffb35e1a56806c8ec7,2025-11-01T10:40:16.909958+00:00,2025-11-01T10:40:21+00:00,229
0a640c26080d8432141d3a545bfbce492d4e56354e9851e992ed327272a6e549,2025-11-01T10:40:17.042958+00:00,2025-11-01T10:40:21+00:00,229
f9e413e9fcff966d6aa310264fa12d21bc9f159f7d7e8f6d58d178889916a96b,2025-11-01T10:40:17.172355+00:00,2025-11-01T10:40:21+00:00,229
273e4312775945841280e6968dc7d002b450ac286d031b4dfa22d406c727dff1,2025-11-01T10:40:17.303847+00:00,2025-11-01T10:40:21+00:00,229
e217b116c69958f60e47066c5fb512f1c43fa83dd2e45c8da364c4f0b641c530,2025-11-01T10:40:17.457683+00:00,2025-11-01T10:40:21+00:00,229
e8d237a2a2e1f4a8bb2dedb2b2315a833e3e64e1d14f320efdbc79a771edc338,2025-11-01T10:40:17.590934+00:00,2025-11-01T10:40:21+00:00,229
fe1946c10b339871cd25bd7185f322a776433eb6233a013d395f5ffb52621e07,2025-11-01T10:40:17.730939+00:00,2025-11-01T10:40:21+00:00,229
f39b638d30ad347bf4bf1dbf5036df3595a29a9f3724986fe0c2edf9839e2e62,2025-11-01T10:40:17.865686+00:00,2025-11-01T10:40:21+00:00,229
ef44a486039cf63fc0a7ff4b8a1cc68a119eaf25a053b1143909aa9924bf2848,2025-11-01T10:40:17.996667+00:00,2025-11-01T10:40:21+00:00,229
1cc7ac286de76653435cbf69622114acf268ed5706fa0ba6d93f76fde2576c26,2025-11-01T10:40:18.126563+00:00,2025-11-01T10:40:21+00:00,229
adaa3f5a42ab1ba9a6a8a3cc528789b9ed384bf01e2f4ce43c77c8f1612ad9ed,2025-11-01T10:40:18.260786+00:00,2025-11-01T10:40:21+00:00,229
54575b7d356952c123f9a8fe8f261dab53d352aba38c7c52656e2ccc032fcddb,2025-11-01T10:40:18.402797+00:00,2025-11-01T10:40:21+00:00,229
bd9d74095890e7d79b9c4983dae6d1185dc80a9c34e345f57a8785de231eff9a,2025-11-01T10:40:18.537793+00:00,2025-11-01T10:40:21+00:00,229
6d861d4d11ff89b1e5bd0397b9e81be0925c459aeeebe3f092a79b5e1b2c0913,2025-11-01T10:40:18.673749+00:00,2025-11-01T10:40:26+00:00,230
04f5d6dd5a9f0c55835c59ee67fea0b63ef799dfba06c49fde58cb061b10b324,2025-11-01T10:40:18.806576+00:00,2025-11-01T10:40:26+00:00,230
5e283a1cffcdefb2595f1a9405595b25197f4fac809d8c2ec53fd6a5ebe327b2,2025-11-01T10:40:18.939721+00:00,2025-11-01T10:40:26+00:00,230
beb1221a68fdf75ba0a67143da37c464b59f712c767a05125c00308291427a9b,2025-11-01T10:40:19.071724+00:00,2025-11-01T10:40:26+00:00,230
6811a43e0cbdc743b1ef28c72a2ce237ad509c595d0a9e792974c4df37cbb226,2025-11-01T10:40:19.205869+00:00,2025-11-01T10:40:26+00:00,230
cbb13813e088c166a4d26342fe512898add97a7d628a8aa34b1e872cb4c6f4c8,2025-11-01T10:40:19.334669+00:00,2025-11-01T10:40:26+00:00,230
e72443ca1e7001fbf6e0973bf36ffc96f60f13b1cd811b6dd4758e16b01c375e,2025-11-01T10:40:19.473855+00:00,2025-11-01T10:40:26+00:00,230
9f3e657f7c57842353b7358a71b04c13bd8fc6d79ba87690218163835ff2dc44,2025-11-01T10:40:19.607520+00:00,2025-11-01T10:40:26+00:00,230
e4eb0fcbcd089e6e63ff44751f6185e4ebb1ffc25c18b4530be035ec45013e84,2025-11-01T10:40:19.747903+00:00,2025-11-01T10:40:26+00:00,230
3c30df171edb2f361f338b604d19ae27b4b0baea11e8fac0536b22939f515953,2025-11-01T10:40:19.888241+00:00,2025-11-01T10:40:26+00:00,230
275f7a0e8684f8faab8998a1b9c975d84353311585b637b3ab1a8c72d1dab378,2025-11-01T10:40:20.022790+00:00,2025-11-01T10:40:26+00:00,230
44ce6a0273a15db062f617abb2943adc4fa8b9d0ff316eb0fa8c7fed29e8db34,2025-11-01T10:40:20.152956+00:00,2025-11-01T10:40:26+00:00,230
74b512c8a6426e1f61ca6a4d9c0e488579241dc5c80d54298cffd47f54ccea61,2025-11-01T10:40:20.286464+00:00,2025-11-01T10:40:26+00:00,230
25f7216db78ca70a18f3e5b4c5b695799b1e8e96682073b3591312a9722fde22,2025-11-01T10:40:20.418463+00:00,2025-11-01T10:40:26+00:00,230
8e0e4e2eb38b6b07f355512cc0583abad0b533f0d738ebf7928936d0930c5a7a,2025-11-01T10:40:20.552309+00:00,2025-11-01T10:40:26+00:00,230
7f1717539853472aa7a270a6ea478b6ed7f808d98aa8a3ae2a156f53a2733ace,2025-11-01T10:40:20.691033+00:00,2025-11-01T10:40:26+00:00,230
27bc315059c7043a8b4e4b44ffab3602d95e7737b3da6821111453b4d93a066a,2025-11-01T10:40:20.833248+00:00,2025-11-01T10:40:26+00:00,230
abf94dde7856f617a7ee95ec1a8eb7f9656aee7084360d98208f3e12cdef5972,2025-11-01T10:40:20.965078+00:00,2025-11-01T10:40:26+00:00,230
ca6e7a404e3db62682a94871d4090f52a7a9738b5b5fd32c24659e46bd45d257,2025-11-01T10:40:21.103732+00:00,2025-11-01T10:40:26+00:00,230
4c069070ac77d046ac2766ec493855b23b87c8c65670618614230a04a0acaf31,2025-11-01T10:40:21.259304+00:00,2025-11-01T10:40:26+00:00,230
1750d88360ee46ccdecd60d53a7a6900ea12102dd7d19e897370d0c58f7ea473,2025-11-01T10:40:21.503776+00:00,2025-11-01T10:40:26+00:00,230
e8ead14625d6a708518a593c492361012e68fcc2427676bc995a0a146be11a1e,2025-11-01T10:40:21.656697+00:00,2025-11-01T10:40:26+00:00,230
7d47404cec09200bd56587816d1963396109102d6c44e275adb413ede3482839,2025-11-01T10:40:21.791244+00:00,2025-11-01T10:40:26+00:00,230
d6c152799627c9332d54d1e3cf5da046563ebdfdd70ff8052045e356a852392f,2025-11-01T10:40:21.925111+00:00,2025-11-01T10:40:26+00:00,230
79422529619ddb047da4fdf448bdbf77ce66c8b56f17db087844cb6d9b0578ce,2025-11-01T10:40:22.062742+00:00,2025-11-01T10:40:26+00:00,230
abed945048811afd92c0614d51041cf0efbd681543b042891add375f8266c857,2025-11-01T10:40:22.195452+00:00,2025-11-01T10:40:26+00:00,230
4ea51303cf942278fe25d2e2e313ddabccbf0ee5586a50cc6e1fbd0121ab6bb0,2025-11-01T10:40:22.327733+00:00,2025-11-01T10:40:26+00:00,230
ce2db7bb00f052b38fab88fe5c7b9516051071f890bff24cca98aa6bab13f382,2025-11-01T10:40:22.462935+00:00,2025-11-01T10:40:26+00:00,230
80962e2e52d613a02b77e5a96c7f5a79612d847a67b3294736aae1e6b009b336,2025-11-01T10:40:22.600552+00:00,2025-11-01T10:40:26+00:00,230
3f5336db51a6fea51579d42a4b47439365fb82fc9477cab7fb865b0cfd5981d9,2025-11-01T10:40:22.732046+00:00,2025-11-01T10:40:26+00:00,230
dd9c2aa54356d9b44deb02b59e49c64601e2cf67115ff5f0d99dbff7d73baf5e,2025-11-01T10:40:22.864899+00:00,2025-11-01T10:40:26+00:00,230
0e9961e5084b284e74922c71ec5b0d19d642a73a665c5198e4299a30a5f31da3,2025-11-01T10:40:23.002874+00:00,2025-11-01T10:40:31+00:00,231
2548b3598e8ca4ea377a1d35089be28949d5136e02b8a6f8ba4be30177017896,2025-11-01T10:40:23.134328+00:00,2025-11-01T10:40:31+00:00,231
0a8f4fa8778a74ae99c404d28b419994e1bbc46a9c00524fe1ac117d8e674ace,2025-11-01T10:40:23.265881+00:00,2025-11-01T10:40:31+00:00,231
5ec08b70f167b742168ee0de919075ea1acd2dc2c07085cce5527dffc528ace1,2025-11-01T10:40:23.406423+00:00,2025-11-01T10:40:31+00:00,231
2639fa88fee9f864623a0ad9e0586cdbe4c47cd15b4e96223f89725276d88b3f,2025-11-01T10:40:23.543329+00:00,2025-11-01T10:40:31+00:00,231
96080c66177c31fafeb166e1aa1e278d5c77ad561137e6c8418e2fe8234503a6,2025-11-01T10:40:23.702988+00:00,2025-11-01T10:40:31+00:00,231
50c3d750908dd3bf43606e5f2ca71d03dc95e9a4ea0fc7e6d7878ae20cb0fab3,2025-11-01T10:40:23.832690+00:00,2025-11-01T10:40:31+00:00,231
0df996c724a412938e0df27e5e8b5801ac23028a0f0597fdc6345e7f26238301,2025-11-01T10:40:23.965635+00:00,2025-11-01T10:40:31+00:00,231
f0fa189a8a9d236c5b54f22dea5dc7ee8a5cae4f798aa2e826df4b1e64bf2f2a,2025-11-01T10:40:24.098484+00:00,2025-11-01T10:40:31+00:00,231
ada0352d94e4fda08deae6f9010dfa0a91236c87f2c819bd10fcc6f56b084979,2025-11-01T10:40:24.233709+00:00,2025-11-01T10:40:31+00:00,231
89f839dcc7a7e540f49cef73ff2c0d34cc9997cba6204b7d344d10b44d852ea5,2025-11-01T10:40:24.369171+00:00,2025-11-01T10:40:31+00:00,231
597704709544ee695f51f8fe1b3781ca0a4842d6d4bbaaaeb7e0fec3545c890e,2025-11-01T10:40:24.503408+00:00,2025-11-01T10:40:31+00:00,231
2b3445a5ff557f97b8e66c650822123039efda536697931d88e154de3ded2e9c,2025-11-01T10:40:24.640179+00:00,2025-11-01T10:40:31+00:00,231
fa5db424a64dbe9314ad17f2af161e419227ff454f8bcae10d63886727132b84,2025-11-01T10:40:24.775855+00:00,2025-11-01T10:40:31+00:00,231
cafb2bb5695c6f33b08aba361052ad9d3db58cc580f774deaf40cabc9905fab2,2025-11-01T10:40:24.912101+00:00,2025-11-01T10:40:31+00:00,231
6daa9fa8185d543a23463fc816e4e5e6e0dc4d4666fd38495716f77b577dd46d,2025-11-01T10:40:25.042814+00:00,2025-11-01T10:40:31+00:00,231
efba6b0fd62e1b70c9ebd6409164033836ceaf2d932a3efaad1569ba7c95cf40,2025-11-01T10:40:25.179010+00:00,2025-11-01T10:40:31+00:00,231
48f57cec70ca130f15c6da515e208d4d6c782f0f654e009c8f15fd9f9345e39d,2025-11-01T10:40:25.310293+00:00,2025-11-01T10:40:31+00:00,231
b5f0cbc1e125a359c2fd92fedf29b5f216cb8e582db15c4a480fd530e729fdb8,2025-11-01T10:40:25.442067+00:00,2025-11-01T10:40:31+00:00,231
0c741a7462ffa2db37dad898bb8f40f15f77e8adfd667e39fb8b155e06b5c62e,2025-11-01T10:40:25.578874+00:00,2025-11-01T10:40:31+00:00,231
5a6edfd1f4c333eb1fddda39b5ea468eecdfb74a2ae6899101fc99a9481aa885,2025-11-01T10:40:25.708711+00:00,2025-11-01T10:40:31+00:00,231
d97d464239fbfab97d66f9723f315bafab9d6e4faad49c2ab60df38df4166950,2025-11-01T10:40:25.906200+00:00,2025-11-01T10:40:31+00:00,231
fe658ea2b681f0996e00e744b7e19c16ff55c8b5b880ba7c5442f2b986a1a571,2025-11-01T10:40:26.300069+00:00,2025-11-01T10:40:31+00:00,231
6c4230231bca58d8a2108568e40da2df1e7aa65b59c617c298bf0eaf125429cf,2025-11-01T10:40:26.976924+00:00,2025-11-01T10:40:31+00:00,231
18c46aeb5bed384a15d36b67d8fa29f20db56d6f7ed477544bda3623babc4dd5,2025-11-01T10:40:27.116193+00:00,2025-11-01T10:40:31+00:00,231
4398b8e68315b4836124a5bbdb1fded9bf8b1dd8d9e7053ae88b5a5eb3a087c7,2025-11-01T10:40:27.346661+00:00,2025-11-01T10:40:31+00:00,231
c01957cf2506a420085b9747418482a05744f06180bed452cb31b3914e0bda1f,2025-11-01T10:40:27.486416+00:00,2025-11-01T10:40:36+00:00,232
57495c7ac76e376ca697feeceafdde36244d740bc6e239d29b32069a51b14de0,2025-11-01T10:40:27.620008+00:00,2025-11-01T10:40:36+00:00,232
3f55f0e41c8bdb632054e073e9d89da742fcf0dc19d4d75ca1e308afbb05f5a4,2025-11-01T10:40:27.756721+00:00,2025-11-01T10:40:36+00:00,232
ca74d37b180322cd35219b442b52293de42c801a90cce1f53fe0215efc18601e,2025-11-01T10:40:27.890324+00:00,2025-11-01T10:40:36+00:00,232
a9169ab749fb5981836dd671f6cceafffc58557371e8f659024ee5d4aed4437f,2025-11-01T10:40:28.021926+00:00,2025-11-01T10:40:36+00:00,232
be32ebe8586ee5449a4a1cf1ebd60d69d7021ddf2d514da1f30c080866577590,2025-11-01T10:40:28.152752+00:00,2025-11-01T10:40:36+00:00,232
0c410784d042d47f774b14b94354263977f5ba220d827f207b03a9054b528ccc,2025-11-01T10:40:28.283952+00:00,2025-11-01T10:40:36+00:00,232
71a084c9b897d7d7ede05391bb0cc177868f9b072ca4f55d1396bb07ba75af7a,2025-11-01T10:40:28.417797+00:00,2025-11-01T10:40:36+00:00,232
2883b98d02410d53e5ca775afab74d97a803de3fe7d1f90e579d2569fa4bf90a,2025-11-01T10:40:28.546177+00:00,2025-11-01T10:40:36+00:00,232
d6091db35d2be20eda49bb44f850de2a1189550df67677aac6d3359972ef7f1c,2025-11-01T10:40:28.677419+00:00,2025-11-01T10:40:36+00:00,232
588258e3cdeb8d252c8c419ba92ddcb31ccd740a6ec0d7ad649877206cbd956c,2025-11-01T10:40:28.809669+00:00,2025-11-01T10:40:36+00:00,232
11fa074bde2a42c122ce20f50f929342bdf1261469b41516905b208dda2437d1,2025-11-01T10:40:28.942529+00:00,2025-11-01T10:40:36+00:00,232
a826162e66ece7aedec606b387e7df733d0003db2daa72c33fcfcfa3c3b2d2ef,2025-11-01T10:40:29.076290+00:00,2025-11-01T10:40:36+00:00,232
3d500b4e7843d8183da7377b3db0fbfc9874ec77f10736b7088ee044951ff32b,2025-11-01T10:40:29.203571+00:00,2025-11-01T10:40:36+00:00,232
c0136c7df0ce221030d8cdf384451533e82f1de7801ce92b5867a41a6ceb7344,2025-11-01T10:40:29.338631+00:00,2025-11-01T10:40:36+00:00,232
97646cf140f2b451e4f3358ae27de732a7c41e35425f65fc9ee2bd59bdded20a,2025-11-01T10:40:29.470127+00:00,2025-11-01T10:40:36+00:00,232
1adc1d0370dff231c9deb7084e5bb96e63a83be3d4fd27d3da3725baf77cf4fb,2025-11-01T10:40:29.596867+00:00,2025-11-01T10:40:36+00:00,232
10323b381315fc52dcb0c22a780c62feb2f13753a88f120f6218c5e65712614c,2025-11-01T10:40:29.727617+00:00,2025-11-01T10:40:36+00:00,232
5cf7083a71a7ee157aa00b463aec7c997100254c552911f1bbb6ffc022018a2e,2025-11-01T10:40:29.857098+00:00,2025-11-01T10:40:36+00:00,232
49eccf502b9a20fe056145f473f2ca13219e51043f8fed70adf26895577a9ccb,2025-11-01T10:40:29.989172+00:00,2025-11-01T10:40:36+00:00,232
556a878e282549a7d75111b820b256d6decabf46185b149c3cf0768d4401bea8,2025-11-01T10:40:30.116982+00:00,2025-11-01T10:40:36+00:00,232
076eafed13dc71bcf2e5f91d263d75ec01cd0e1a669933502df188a2e1daf92a,2025-11-01T10:40:30.244865+00:00,2025-11-01T10:40:36+00:00,232
f05eefded964c67d40ba827a5b7ba768020ef0db38f7eff9377eae20056ffab6,2025-11-01T10:40:30.375251+00:00,2025-11-01T10:40:36+00:00,232
5675d20d77a694557ce4571aef2148cbdaa996c4b6180cb71115484bfaae22f9,2025-11-01T10:40:30.505764+00:00,2025-11-01T10:40:36+00:00,232
d4025e98562c7d070758f49df6de9db5d878b3972356b177de7dc47e92ed0638,2025-11-01T10:40:30.636283+00:00,2025-11-01T10:40:36+00:00,232
d1f13a45fd50289f0c8680b8f036df58bb95025c8bf3e18fb30d6fd28f6d6eac,2025-11-01T10:40:30.763657+00:00,2025-11-01T10:40:36+00:00,232
75f656327a02aff8a89536eb989cee313d0bb10197ca16c2242d78e40f3a0f82,2025-11-01T10:40:30.897021+00:00,2025-11-01T10:40:36+00:00,232
7d8217a6e14d98bf1358bcbc126ac5da411451dd8892405dd765c7d181be7ecd,2025-11-01T10:40:31.029922+00:00,2025-11-01T10:40:36+00:00,232
3e614e2d3fe18ee25825862c48036bc87c3667b422750cc71906fbbcbc894052,2025-11-01T10:40:31.158570+00:00,2025-11-01T10:40:36+00:00,232
e06b3eb8be88d51fd9490ef9f7bf4eaadf54dd70fb6558b8a2176f31171b2025,2025-11-01T10:40:31.292458+00:00,2025-11-01T10:40:36+00:00,232
11b0b915281f889d3249134abe30b876f06e7fbf833b08a11d5555215b27fc17,2025-11-01T10:40:31.420328+00:00,2025-11-01T10:40:36+00:00,232
f711350cfb088b7b20a2a7bcca1bdf7be120a8c81b54dc5d17c965dc7226f22c,2025-11-01T10:40:31.609286+00:00,2025-11-01T10:40:36+00:00,232
a4771ab9fdb82b50a10cc165773f22d3b38f109783551acf535a3600b06ea409,2025-11-01T10:40:31.800040+00:00,2025-11-01T10:40:36+00:00,232
07514d9b61117104dfa1e39ee36bbb3440ed3eaa7dbb346102bf7de296e68548,2025-11-01T10:40:31.928304+00:00,2025-11-01T10:40:36+00:00,232
5ff6c3de688e4f2096018de0932b5064743a62d10211ca299bbb55741d8973f7,2025-11-01T10:40:32.060509+00:00,2025-11-01T10:40:36+00:00,232
231101a41f07cd05d5906a61a534d6bcf16b16888b6c29a95d38eba77d63a5f9,2025-11-01T10:40:32.192327+00:00,2025-11-01T10:40:36+00:00,232
65499a1f6a050ad8bb5f0d95ec6152375bfc1532288dd2c7ee8588f364f2cab0,2025-11-01T10:40:32.323355+00:00,2025-11-01T10:40:36+00:00,232
64679a6ea49ecbd3e2d552e9d9d464aed44f77fa09096812a72a4a4ad8cecc35,2025-11-01T10:40:32.453588+00:00,2025-11-01T10:40:36+00:00,232
db974e138ccdc2bdc60819070c1a85d91a98930c0bf4a99a179f3e7ffd7562c0,2025-11-01T10:40:32.586514+00:00,2025-11-01T10:40:36+00:00,232
e26dac9478b2e3ae285ed28d138d287bcd1d9dbb274f0bb21840ee20b6ea8b9c,2025-11-01T10:40:32.719000+00:00,2025-11-01T10:40:41+00:00,233
bea6164ff2ec7d133b16026c505262223eefa6f58bdf400573029054750a0e7b,2025-11-01T10:40:32.848111+00:00,2025-11-01T10:40:41+00:00,233
fedcf5eed29c13d6076d05e58c62a5b3ee488361f18c560cfd1d9cedb3cb7203,2025-11-01T10:40:32.981029+00:00,2025-11-01T10:40:41+00:00,233
84dcec4a79022aa0957ee906cd0492579890ac8faebbb29b4d87891a9e183923,2025-11-01T10:40:33.124100+00:00,2025-11-01T10:40:41+00:00,233
d441f6b42897ebfffebe61710ece29f11ff9043dc9e13cf9b04f6278ba532602,2025-11-01T10:40:33.253929+00:00,2025-11-01T10:40:41+00:00,233
fee5132cc98325b7209c1471247cff49c5df84b1b500fed39e1bedc7258bd988,2025-11-01T10:40:33.383867+00:00,2025-11-01T10:40:41+00:00,233
748773cc18644cf8c7d6b6d8e8656ac1c0a9100c824b13fad9358cd247dc3323,2025-11-01T10:40:33.515756+00:00,2025-11-01T10:40:41+00:00,233
ff238804816f610dc523ceea6211ff2be0a784921cc67a62649bfe01d4685f0e,2025-11-01T10:40:33.669048+00:00,2025-11-01T10:40:41+00:00,233
ab0b9520bb80f8460cd493c2237de3732f1de9ae5d877cfe882302b04cc2eb94,2025-11-01T10:40:33.798104+00:00,2025-11-01T10:40:41+00:00,233
718107ebd6ad768d82be3e4fcc01f882c1b2f1352070c44f7d04254ba2d149eb,2025-11-01T10:40:33.934078+00:00,2025-11-01T10:40:41+00:00,233
9e3db9df49190e25f21fe947748a0fd20d8378ab0f8f1b5b7107b5bdadc4cb23,2025-11-01T10:40:34.065845+00:00,2025-11-01T10:40:41+00:00,233
9a23376daf94be3b68d09512e942b6f8a5747920f16459460bc436a409e550c0,2025-11-01T10:40:34.198738+00:00,2025-11-01T10:40:41+00:00,233
3fe623f71e26d7242d30e33e8ffc8677051fdc9e6e8eebb75f74361e785c1d39,2025-11-01T10:40:34.330770+00:00,2025-11-01T10:40:41+00:00,233
3cc405263b0c7907a66842beddad430e8a8f08b1c866ba31204a607a241cfcc2,2025-11-01T10:40:34.459493+00:00,2025-11-01T10:40:41+00:00,233
0eef304e95fc6b775e51d970cad3d23557bf878338cf615bbd878451f50f3897,2025-11-01T10:40:34.591260+00:00,2025-11-01T10:40:46+00:00,234
dafce5ce588c11594f8970757dae6ed85312a6fd84bf2006715afbedc1e6f046,2025-11-01T10:40:34.722260+00:00,2025-11-01T10:40:46+00:00,234
2e74f557aee4b9557e75c3b9bfb0438068d38cd164d23a59a6dacb6884716ac9,2025-11-01T10:40:34.857112+00:00,2025-11-01T10:40:46+00:00,234
7dc27298ed7804b0c1eb703d20f5fffe8b0cf26679ee5284f20b36dd4042d841,2025-11-01T10:40:34.989255+00:00,2025-11-01T10:40:46+00:00,234
93106f36a7b63104b52b3ef12fad13d7aac891cea6aacda9f83939513d1b6399,2025-11-01T10:40:35.122558+00:00,2025-11-01T10:40:46+00:00,234
736fd6e238115674cb7bccbebac7c0897a70cc1201effccf1019b71b07eb52ea,2025-11-01T10:40:35.255549+00:00,2025-11-01T10:40:46+00:00,234
5daa6d23aa8a32bd959bf73b9fad65130d509ddcc446deb2cbb14ec4604775eb,2025-11-01T10:40:35.387465+00:00,2025-11-01T10:40:46+00:00,234
84a94940d9c7e4c13cb5b7df8b930e53512c0b2f15c856fe71897a4d66fe9ec0,2025-11-01T10:40:35.520850+00:00,2025-11-01T10:40:46+00:00,234
be5913525599500b0e95afa372ae17a320f2d15e5729442879e1b5a36fb7be71,2025-11-01T10:40:35.654655+00:00,2025-11-01T10:40:46+00:00,234
2135cba59d31c03cf4936c71ca6f58a65bafdd54bd552d17faf8caeb426e8fde,2025-11-01T10:40:35.786529+00:00,2025-11-01T10:40:46+00:00,234
e2277d608b403f71afaf3ba018b55c8499d00691c97522a0c13b84f926b98916,2025-11-01T10:40:35.929987+00:00,2025-11-01T10:40:46+00:00,234
3a00c88557271d77f79dc16ffdd137837a2d59594e240774e751537b199ad3f5,2025-11-01T10:40:36.058319+00:00,2025-11-01T10:40:46+00:00,234
bdb3f561435fa94659f735af29e17043720976ac68ec8f59c83e32d57954ce05,2025-11-01T10:40:36.188703+00:00,2025-11-01T10:40:46+00:00,234
5480be0bfa7fd70a3e82359394e704132a6c3158e3b82d02effc0830d6342825,2025-11-01T10:40:36.322179+00:00,2025-11-01T10:40:46+00:00,234
6da6c95bb4233900eebbd4fdff06430f5a4491da1aeda1aa2f80cd14af7876d7,2025-11-01T10:40:36.454993+00:00,2025-11-01T10:40:46+00:00,234
45d151c10059a72c87678234f2b41d745abc79c3303c3eb25f98d54685896b19,2025-11-01T10:40:36.694499+00:00,2025-11-01T10:40:46+00:00,234
f04f9d4a48356e2ddf8d385394cf5288856426c1bc27648a6575b03ffa95423b,2025-11-01T10:40:36.834591+00:00,2025-11-01T10:40:46+00:00,234
f265d1847b7b46f40fe42fb355fca372af43a3482a52d0d6f6fd5a26ca963003,2025-11-01T10:40:36.966591+00:00,2025-11-01T10:40:46+00:00,234
d1cca218444b00d0338d5a7dd95d3151756fec70c9fc56cca140a004bbefcad4,2025-11-01T10:40:37.094387+00:00,2025-11-01T10:40:46+00:00,234
d5b1b49d0e8e72a25e10e984bf41cbaa7ba20b9ff234ebe60d9d82f9c9c53e71,2025-11-01T10:40:37.225469+00:00,2025-11-01T10:40:46+00:00,234
76f35e26ae3cff0b2d324ef5805307597ef2981d8e213edfe1cf1af49c11aa67,2025-11-01T10:40:37.355806+00:00,2025-11-01T10:40:46+00:00,234
e9905fc681d30298949b7686151ca7afdf1a3490cdb0ad835f10806fca04c7e8,2025-11-01T10:40:37.491491+00:00,2025-11-01T10:40:46+00:00,234
449c49f2d60a9aee092b174c32e1cd73b6529731ee35cb8433c6950547b09889,2025-11-01T10:40:37.624764+00:00,2025-11-01T10:40:46+00:00,234
4bc7c4e0f801d04661e2e040d0681d724f0ef652151b895f248e5b07dff4a584,2025-11-01T10:40:37.758673+00:00,2025-11-01T10:40:46+00:00,234
4c54a74432d0dd07c6315bc3e16a2298058b8a7487d44aed54faa13c03cb1329,2025-11-01T10:40:37.893737+00:00,2025-11-01T10:40:46+00:00,234
d1f3dbe1bd6194470f69b988f769c46bf7ac9ac298a9ece6330bcf170afbd972,2025-11-01T10:40:38.032702+00:00,2025-11-01T10:40:46+00:00,234
41aa3d3a9d89b555d783a96bba04b61c1e584694596a2cc7efe66c51204ebd1a,2025-11-01T10:40:38.164740+00:00,2025-11-01T10:40:46+00:00,234
3f810e230a40d14d7d55f936f7e48bb85d89487d7a6a7dcafe778dbecd7441ed,2025-11-01T10:40:38.306442+00:00,2025-11-01T10:40:46+00:00,234
861badfcc34960f774ce3806b1bcebbf9104108e571aac132413622a257f13ba,2025-11-01T10:40:38.438325+00:00,2025-11-01T10:40:46+00:00,234
c4805ac66491653e32e5faa45bae4aaaa71a3ff747315246928e5f61633c7b84,2025-11-01T10:40:38.569561+00:00,2025-11-01T10:40:46+00:00,234
cb7f1917391e1eab15b7bcb7eabd745f1b2d19d5fabd3b2eaaf718e4d24a8253,2025-11-01T10:40:38.703599+00:00,2025-11-01T10:40:46+00:00,234
780f776defb4880f3e7afa6cba4262b57c1c9ef889b53f8681b43d3fa20cd0ed,2025-11-01T10:40:38.833068+00:00,2025-11-01T10:40:46+00:00,234
efaf50ec5b27f60fa485c8b5a4a1e36454a398c0d6b417d022b7de9cb011abd6,2025-11-01T10:40:38.964431+00:00,2025-11-01T10:40:46+00:00,234
bd38bcdd37461c30a5a7b7df1d98db3b12acca4079e2925554e6f186c3bd71a7,2025-11-01T10:40:39.098637+00:00,2025-11-01T10:40:46+00:00,234
bdf2fb283741677dd791556211ea83d11764d9f31bff54c0a9c8d1c8d6ddbfb8,2025-11-01T10:40:39.235988+00:00,2025-11-01T10:40:46+00:00,234
3d077b5e3fba3064a2adba60c1c6abd02822e898566b64d52a5cafff05275ea5,2025-11-01T10:40:39.362480+00:00,2025-11-01T10:40:46+00:00,234
8497b914732e7eb385af790ac0e7ea45d15d7081b6b635e181b0c6f758abd349,2025-11-01T10:40:39.495247+00:00,2025-11-01T10:40:46+00:00,234
57683d74a6bf66b4b3822915708eeeb9c6541dd94730100abd2714b0ed0fb5c7,2025-11-01T10:40:39.629060+00:00,2025-11-01T10:40:46+00:00,234
f1bc2f001bde6e3b487fbf08a8b85493ef79a6ae78f63afa927fa1fa8f91dfdf,2025-11-01T10:40:39.761686+00:00,2025-11-01T10:40:46+00:00,234
ff267cda092f74be1d7d2b6b19d1020078bee06c6ae8c284e15db171c2f7ee32,2025-11-01T10:40:39.893562+00:00,2025-11-01T10:40:46+00:00,234
55c42811bfafe5f088bf086059904850689d505d97a80b31c38174ec26a20d02,2025-11-01T10:40:40.023893+00:00,2025-11-01T10:40:46+00:00,234
5f21e4b56b0481252c3a34860fec317699a4d0783f0f92ce5d352fd940c39763,2025-11-01T10:40:40.157552+00:00,2025-11-01T10:40:46+00:00,234
8931402feb93859aed470d5b89b24529643617a53188313debb26b0c69917946,2025-11-01T10:40:40.293468+00:00,2025-11-01T10:40:46+00:00,234
487d54aa6d255bad46a0fd03dcb95dd6c074d4316f9c19113872dd29aaee51e9,2025-11-01T10:40:40.425643+00:00,2025-11-01T10:40:46+00:00,234
93e9e27f01f59a98b8d71215226bedec48a2147b072fb7c3ce48a9a63af31aa0,2025-11-01T10:40:40.556788+00:00,2025-11-01T10:40:46+00:00,234
a4e47979c51c6df90da9fd4af4041a0d244f7a69a8d498e23d232a3738a401a2,2025-11-01T10:40:40.693629+00:00,2025-11-01T10:40:46+00:00,234
5ba392fe6b7e817bf08291aa64e7c804270097ae1cd1d3371c117bbf8bef96f4,2025-11-01T10:40:40.829154+00:00,2025-11-01T10:40:46+00:00,234
9757dc4e736f5b4e179f2137f0b83fb67cf70fd13674129359b61d3882003c56,2025-11-01T10:40:40.955480+00:00,2025-11-01T10:40:46+00:00,234
062bb9e8c06ce623a68e6d15e1d5611fc987af2a389b3f93d33548d1a366c494,2025-11-01T10:40:41.087494+00:00,2025-11-01T10:40:46+00:00,234
ffb063b6c5c30ed2d8084b2b9ce10670322ee1f5ad3410d7b4dcaf694161cb0e,2025-11-01T10:40:41.223992+00:00,2025-11-01T10:40:46+00:00,234
eb722b97475dd51fa687c4edcb2d929e31c3486f3a680d6a5ff938dc15a0d662,2025-11-01T10:40:41.356065+00:00,2025-11-01T10:40:46+00:00,234
1a1351cb1b93b7e18f2916958eadb2950eebdd25efcbc8fd734232014ee48a0b,2025-11-01T10:40:41.497678+00:00,2025-11-01T10:40:46+00:00,234
d6592f297a48f19b88e7613141a5545a9955ed19c27b25821d42df5bec702e4b,2025-11-01T10:40:41.631280+00:00,2025-11-01T10:40:46+00:00,234
db593df9364bdfd29710258170cdd3e76be996622e51c8422f5a1e6b80c62175,2025-11-01T10:40:41.764447+00:00,2025-11-01T10:40:46+00:00,234
d69db428cbe27f4a050931f988fb797552b4280d96e1f03d8137fc1f468edfd9,2025-11-01T10:40:41.896386+00:00,2025-11-01T10:40:46+00:00,234
8bd6c1613aef51d7cbb41d4b0e44ec44fd10b3e05bd4a4e1dc6a1b09dac2d0e5,2025-11-01T10:40:42.028162+00:00,2025-11-01T10:40:46+00:00,234
714362bb30f0b98c56d8e09cb2880c8259a0d072f939347fdd96b616fcb0275e,2025-11-01T10:40:42.165146+00:00,2025-11-01T10:40:46+00:00,234
f7413ae31a4b1786b97cd5254c6978918aa8270d3bd6a055acbaca5432caeee5,2025-11-01T10:40:42.294513+00:00,2025-11-01T10:40:46+00:00,234
915ab43f10b54701b59825cbb1f2257d3716d4f38c98994e983f3655a676c86b,2025-11-01T10:40:42.431594+00:00,2025-11-01T10:40:46+00:00,234
e4ae5e8460ecdc1d0d1efd3646978edc5121cc627f0b7e46bdf08e755f090526,2025-11-01T10:40:42.565049+00:00,2025-11-01T10:40:46+00:00,234
e722f1d09caba934fada3b14feda71519856286fe426a857fff380aaf6d57646,2025-11-01T10:40:42.693726+00:00,2025-11-01T10:40:46+00:00,234
dcd5efc1fda8a5dc3fabe239d0ba47de2caebb433955e5c484915ef026586c61,2025-11-01T10:40:42.835324+00:00,2025-11-01T10:40:51+00:00,235
69d7a130661be99341353886a97e206559601e387cee5ebce8018c089d00abce,2025-11-01T10:40:42.965398+00:00,2025-11-01T10:40:51+00:00,235
25dd796ea4dd98bdd4b7df306953060d63d1cda01f6811f676e58340d8c8adfd,2025-11-01T10:40:43.102619+00:00,2025-11-01T10:40:51+00:00,235
badb448374b3497a05e632a22a136079c10f08888e143f142d383f3dfbe69d2a,2025-11-01T10:40:43.232838+00:00,2025-11-01T10:40:51+00:00,235
dc6680b4beeb10cfdebc09c971bd768007e447cccceeaea3d54119120902ab02,2025-11-01T10:40:43.367943+00:00,2025-11-01T10:40:51+00:00,235
f75171d1a33a61f27b14a611dbfe7b8888a0b8a355c37def15ad4da800a3bd2b,2025-11-01T10:40:43.502744+00:00,2025-11-01T10:40:51+00:00,235
df949d84fe89de08ec0e928cec691e983a1fb35984219c1da1d98eeed68b1c14,2025-11-01T10:40:43.633111+00:00,2025-11-01T10:40:51+00:00,235
2e4e20a3dd6ec469a7cd6cf69254724941f957814d948c3c2964b94ec1dd1fec,2025-11-01T10:40:43.763058+00:00,2025-11-01T10:40:51+00:00,235
2eab806547735c1298cbe2e658739c8fb32229e5e4d3fce9c356440eacc4cd5a,2025-11-01T10:40:43.896904+00:00,2025-11-01T10:40:51+00:00,235
664a8e71afb4fec19ef57df791cd8506196930f6b4c0cf46a5bb47345d0164f3,2025-11-01T10:40:44.026961+00:00,2025-11-01T10:40:51+00:00,235
d2144336faca6b4fa9a24b5c18604ab629618aefb2713ca7f5a961dea3448167,2025-11-01T10:40:44.161474+00:00,2025-11-01T10:40:51+00:00,235
21c1e32a1c6a5ee225b295821bc41d294efaa8b3f77e42bd96bd0957afa6fae9,2025-11-01T10:40:44.293653+00:00,2025-11-01T10:40:51+00:00,235
3dd313b4024d19cbd655185f1bce184e2f687c17b363312bb894e502df4b84c3,2025-11-01T10:40:44.425624+00:00,2025-11-01T10:40:51+00:00,235
892390a652ae9bedde3e441919b5cae6f8b97f10c44af652fe520ed6f9eb7012,2025-11-01T10:40:44.562487+00:00,2025-11-01T10:40:51+00:00,235
b9130e1b48ebade92093c13d5c5972aad80c6d7d00956ba51cb9c7e1c2c49482,2025-11-01T10:40:44.695897+00:00,2025-11-01T10:40:51+00:00,235
61aabb5fc01aec628bfc4357ce6dfbd19f7e4dde032b6a85cb19d522c5f5cd62,2025-11-01T10:40:44.824097+00:00,2025-11-01T10:40:51+00:00,235
660750df73cae2395aec3e9960b40a6fd914bba3a052b9e449e79273452382f2,2025-11-01T10:40:44.957897+00:00,2025-11-01T10:40:51+00:00,235
51abaa1656e6b7a781122acaf1974e8b0f6cbbfc98546ee90a1100060b8c8e1a,2025-11-01T10:40:45.091301+00:00,2025-11-01T10:40:51+00:00,235
29654736e11d2f8a541419599e9d42bc8ae48279be308667b22f125e2c8d6785,2025-11-01T10:40:45.225854+00:00,2025-11-01T10:40:51+00:00,235
a6c696869e4ded11a5095d8640b1e416d4fdf22225e699b7b1b8215043d2cab6,2025-11-01T10:40:45.360180+00:00,2025-11-01T10:40:51+00:00,235
c0579d5e866b267450c84656d23b1c7907e350cf1a1bcf57a83323e572a625d7,2025-11-01T10:40:45.492547+00:00,2025-11-01T10:40:51+00:00,235
6576a27c811201c52ed3b2aad47feb9569f351b25b0dac1b09695b137f383414,2025-11-01T10:40:45.623485+00:00,2025-11-01T10:40:51+00:00,235
c297d56e13f80972652f4b0069a173ba72f16fbb2214adc09248e4d43becd0e6,2025-11-01T10:40:45.756210+00:00,2025-11-01T10:40:51+00:00,235
81f15ab843288e38002cab514dff14f61ebd6cb97a3cfe3a6e764a49094c460e,2025-11-01T10:40:45.896399+00:00,2025-11-01T10:40:51+00:00,235
e2a3324957121f9603ef67b1983f2e3306b7e5bfb614028b96926f7c1b91c2be,2025-11-01T10:40:46.034833+00:00,2025-11-01T10:40:51+00:00,235
537362ee2d0f1e6d1cfe057a93c0e7dc13a6da4b4abb78b36810f979daf34be1,2025-11-01T10:40:46.163764+00:00,2025-11-01T10:40:51+00:00,235
55998c49c9c3b8ac8f31df0786c4d8877716d987c03263dc9c93fa3802c8cea6,2025-11-01T10:40:46.292010+00:00,2025-11-01T10:40:51+00:00,235
7c7c4153a32f3a2833214dcd4243173467e8ed520474e91d6c8fc1915c7aee43,2025-11-01T10:40:46.427813+00:00,2025-11-01T10:40:51+00:00,235
1b900916bbcf7c6ae0235ac1ba448e44aebe4c2bd830f6f4a78dda39e585082d,2025-11-01T10:40:46.558534+00:00,2025-11-01T10:40:51+00:00,235
c3262cf5d33758f4dff42394ade1c0b19a46e571a317ccd251c0e73d4296cedd,2025-11-01T10:40:46.864358+00:00,2025-11-01T10:40:51+00:00,235
31c4ad30d8588d37d55c917382ee189aefbad215a18c3013e3173c4439d638c7,2025-11-01T10:40:46.990229+00:00,2025-11-01T10:40:51+00:00,235
19b47bf45eab3bcb4b3f984270c642af698f6e56ca758be49f0b549ff2003a6d,2025-11-01T10:40:47.118965+00:00,2025-11-01T10:40:51+00:00,235
5f0674444ec6f763cfd556dea047ed7fdd310f143fcc8422bc22381d49f694b2,2025-11-01T10:40:47.250867+00:00,2025-11-01T10:40:51+00:00,235
cff83065e53d3b345cab0c4a006ef14a65a34507ab618efa4481d7e1274bdf8b,2025-11-01T10:40:47.382400+00:00,2025-11-01T10:40:51+00:00,235
291dec9af1ddfbc0cd88ffa4a6d699ff23e84cd3ecac71c8e11a906ba1220113,2025-11-01T10:40:47.512894+00:00,2025-11-01T10:40:51+00:00,235
24fe70a22b75352f8c3abcf5765e46437cceab0c84eac3d67901e31d8c6754b4,2025-11-01T10:40:47.645107+00:00,2025-11-01T10:40:51+00:00,235
373b3f288615c1fe3f8a57e6400e213d9e270c68c275e313e910f991197286fa,2025-11-01T10:40:47.778931+00:00,2025-11-01T10:40:51+00:00,235
443faa33f43e8cca429f968be065b08da2448881678f52e9b58c087e27ab570b,2025-11-01T10:40:47.910426+00:00,2025-11-01T10:40:51+00:00,235
47296cd20199f181bacf0ca1aba9a29e51f47557411a76a565b072424a98e21f,2025-11-01T10:40:48.042180+00:00,2025-11-01T10:40:56+00:00,236
d825f1bf63823993414300097cd2a45221d54cf06389d4fa1b8e5da456bf98eb,2025-11-01T10:40:48.177377+00:00,2025-11-01T10:40:56+00:00,236
725509212d09279b3cdc79283dee117b69ec70a3260170a16807f4a6e16e15ca,2025-11-01T10:40:48.317778+00:00,2025-11-01T10:40:56+00:00,236
961d5447cdea314a6c12cdf963c4d3fd3f83083d0129c864410d4d41c6da5d47,2025-11-01T10:40:48.449054+00:00,2025-11-01T10:40:56+00:00,236
97ce5b6d96831b30d2201bd065e3ba81d95fc2c850c4f242ea08fa72bc2652c6,2025-11-01T10:40:48.581924+00:00,2025-11-01T10:40:56+00:00,236
49c18e6375b14d1fbefe2ceb54c4b1f07802e41977ae1792bf6a7eabef5d8941,2025-11-01T10:40:48.716245+00:00,2025-11-01T10:40:56+00:00,236
6d3d4d794d3ee64fa7275ae06252c2870f690745e8713f62a3f6e331447efafc,2025-11-01T10:40:48.853294+00:00,2025-11-01T10:40:56+00:00,236
cdec21346e51cd599446f949ec540cc65fcaa83a43fd992072545cd7ce30d48f,2025-11-01T10:40:48.991716+00:00,2025-11-01T10:40:56+00:00,236
8ef76921d5042b1e8a4d823e509acd7868aa67d43d1dfaa5e7774fa77b2eb2eb,2025-11-01T10:40:49.126649+00:00,2025-11-01T10:40:56+00:00,236
26232be86141abd43d2562ff0438c4350e40a6d49eb24554cb4255a8f53e7813,2025-11-01T10:40:49.259203+00:00,2025-11-01T10:40:56+00:00,236
dc1fd5e5f15aa9a559dd9b280fb8e49d5c9aa81d41df65086a23882df3ec1088,2025-11-01T10:40:49.390306+00:00,2025-11-01T10:40:56+00:00,236
e362ba7af922a6d0d208204990c0265531e08fe5c5f6295ec650052841edd8d8,2025-11-01T10:40:49.529133+00:00,2025-11-01T10:40:56+00:00,236
4c773ba39ab2fba68b4422c699152115f3553890af2fd45c0f2250333e491374,2025-11-01T10:40:49.659585+00:00,2025-11-01T10:40:56+00:00,236
31fe7d7d67cf72cfb07822998c26b0a60ffd5641f78e420ac360cd44deee8f38,2025-11-01T10:40:49.796583+00:00,2025-11-01T10:41:01+00:00,237
9a54aaa4aa551776f6cf01adbc1041588f269d2ca5cbdcc9a2f511a5bd41e7c7,2025-11-01T10:40:49.932550+00:00,2025-11-01T10:41:01+00:00,237
8b253a59c7fcb6eae6e1dbe04ea7d3530e142680205f8eeef1452e625d521040,2025-11-01T10:40:50.064431+00:00,2025-11-01T10:41:06+00:00,238
78d9ba6166f5c8bf3f4f633d576eb2827461c54c5d2e5a316f63e619578835d5,2025-11-01T10:40:50.196473+00:00,2025-11-01T10:41:06+00:00,238
eea9d1f81dcea33b38e9edff852f705251aced65dcd900d29f506b65ed656a39,2025-11-01T10:40:50.329965+00:00,2025-11-01T10:41:06+00:00,238
5e2dcc0ad55d2b59259280a8bf15ba38df3fae91aa35b29fcf16c4dd88eedb60,2025-11-01T10:40:50.464533+00:00,2025-11-01T10:41:01+00:00,237
dd529ec1bbcbc26b71d93f9a3190c83d206bf5363151bd473a06850c21b1ba8a,2025-11-01T10:40:50.602077+00:00,2025-11-01T10:41:01+00:00,237
2ad8d7f711569cca13d0e0b65eb522573ca5efdf8f32cba210d9e2c3d00605ed,2025-11-01T10:40:50.735470+00:00,2025-11-01T10:41:01+00:00,237
fa30d64fdb60f5c10a990b0efccbadcf04c141137643e56bc647666ed19a3d1f,2025-11-01T10:40:50.869483+00:00,2025-11-01T10:41:01+00:00,237
dd41439af32d13875f572566839245d87effe0cdc003ebca34eb1ccd2ed59023,2025-11-01T10:40:51.002416+00:00,2025-11-01T10:41:06+00:00,238
a9c32545aa9846c74e089e7bdba82780bcfa281bd00d6eef82d2d11bdb4a69ed,2025-11-01T10:40:51.134361+00:00,2025-11-01T10:41:01+00:00,237
a326cb7153b69c59a40a210113c02139e8b1c7302c0dd85840626bfa530856b1,2025-11-01T10:40:51.267461+00:00,2025-11-01T10:41:01+00:00,237
8964583745586bdad97999bbd8ec19bd45dcd8484412117e05c242227a5a8ec4,2025-11-01T10:40:51.397690+00:00,2025-11-01T10:41:06+00:00,238
590bfdbaadfb7c5b5bc1ca07226a75ee481a0d38c4e2d6dcf2ab5fdf32e999aa,2025-11-01T10:40:51.531859+00:00,2025-11-01T10:41:01+00:00,237
ff14381693bbb7881fc1ef0fe37e0a118f3a65815ac21d1d3b65723c99aecee4,2025-11-01T10:40:51.662854+00:00,2025-11-01T10:41:01+00:00,237
93e08e72b69bcef0b032ad3701ed9344c4d87bce6f71f0d7b7a9bd5b7be336fb,2025-11-01T10:40:51.837574+00:00,2025-11-01T10:41:01+00:00,237
ab047c93973a6def326adba10d05e0204ed816b6915bea477e03dfbb2f9d7f21,2025-11-01T10:40:51.972869+00:00,2025-11-01T10:41:06+00:00,238
cb116d24758c746311e6f398809d2420ed5955b00551c84ccf6573cda01fa665,2025-11-01T10:40:52.107842+00:00,2025-11-01T10:41:06+00:00,238
f7005246c244e8df170601f197dd114485d5f55161f50193536f350200078398,2025-11-01T10:40:52.236776+00:00,2025-11-01T10:41:06+00:00,238
2e4f4a4d68ac189c70bd11c5c983fb9a52cf51156740ecc849bb8ec3fe5d8932,2025-11-01T10:40:52.363758+00:00,2025-11-01T10:41:06+00:00,238
55cd1b708cd5d638dea92634418b931951c85b57aa058e0d60a706cd079b1eca,2025-11-01T10:40:52.497049+00:00,2025-11-01T10:41:01+00:00,237
eb2b94e88a3be83ae35452b3bb0d7853cac4ff6ad86a2c3f59cca3b084acf57f,2025-11-01T10:40:52.633870+00:00,2025-11-01T10:41:01+00:00,237
68c438865678534cc6ae3f267f6ee5cdf97172de67488c006ac9f4f73d28b233,2025-11-01T10:40:52.766137+00:00,2025-11-01T10:41:01+00:00,237
1b7f08e85bfa0fa8740c873322891033af3f799b6ebf01d8eab84a5e221173af,2025-11-01T10:40:52.902262+00:00,2025-11-01T10:41:01+00:00,237
98480285f7a08b4b3825237b0bea4af1ec4c9bd89fa64cf7a6f49fed7998e063,2025-11-01T10:40:53.036567+00:00,2025-11-01T10:41:01+00:00,237
a1f2006749f3c4588401aa36844446dd31f8df948998afc0a936a168ebb7cb74,2025-11-01T10:40:53.167853+00:00,2025-11-01T10:41:06+00:00,238
9eb104a8c3d04d97de1771181316c71f7748b192df159d0983b9e3a70e26d686,2025-11-01T10:40:53.300216+00:00,2025-11-01T10:41:06+00:00,238
a150dcff8d3443d332059a04131cb85b7074a73e2a352f9f6d6f1919f3b36b06,2025-11-01T10:40:53.439528+00:00,2025-11-01T10:41:01+00:00,237
bb237e04d71afaf15adc6f03763bb9e5f0fab45c29171ff275c2cc74f67f0dc5,2025-11-01T10:40:53.572064+00:00,2025-11-01T10:41:06+00:00,238
ff2f861388155fd273007ae9c9bb7835f0fc779b309e95c3c37f33df23a0c0ad,2025-11-01T10:40:53.704064+00:00,2025-11-01T10:41:01+00:00,237
430bc4da448b93ae9690fb7b05e55a509c95b2ac0138759cbe0762616dcd0be8,2025-11-01T10:40:53.839306+00:00,2025-11-01T10:41:01+00:00,237
57d29b92295dd75f1f1e0e1fc1eb1ad29b4fdc6d9762ef37cd04cdece8612453,2025-11-01T10:40:53.971994+00:00,2025-11-01T10:41:01+00:00,237
4177b41392f27b7c4b4456e1df097c8738f1538b1afc7469122ead4482100087,2025-11-01T10:40:54.101720+00:00,2025-11-01T10:41:06+00:00,238
a4ff7ce760ee714a5d69ad66ef2acd6894851b1ea1418b2bd34b54f07702f918,2025-11-01T10:40:54.236206+00:00,2025-11-01T10:41:01+00:00,237
4dbb02a2c6e6632f346bb6d551ad365af28c3a45cc1e2f520726cb3661cbb55d,2025-11-01T10:40:54.368203+00:00,2025-11-01T10:41:01+00:00,237
3e4e7825c09d10b3c1bc274a0bb18fdbc9a8e04089d4502039de2e9ef6103d56,2025-11-01T10:40:54.500926+00:00,2025-11-01T10:41:01+00:00,237
0d28babdb2c1286bdc17a9268d5bd8f7e37ff80d3d5aeab76ee300c21c06c22b,2025-11-01T10:40:54.633871+00:00,2025-11-01T10:41:01+00:00,237
f4a1a2ec42d88c038acc1b36bd96d619344313fee1f3e5dbbdfff192cbe67569,2025-11-01T10:40:54.767809+00:00,2025-11-01T10:41:01+00:00,237
9059171ddc5bf7673b2a7b70f0d15eb0716c34d88a151d238fbb7a672ada4eb4,2025-11-01T10:40:54.902781+00:00,2025-11-01T10:41:01+00:00,237
bc63609cf2bcaa3a0a603827f89073a908c167343f683f03d5b952b10c8ecd33,2025-11-01T10:40:55.037504+00:00,2025-11-01T10:41:01+00:00,237
7cc1fcfa3f55cbce998951db2f556565ce470a75b445bc6c41faf39cf97982e9,2025-11-01T10:40:55.172485+00:00,2025-11-01T10:41:01+00:00,237
1298605edc56f8747e7f2c5a9434eb2bd8a8a16dc689015b1f05ec9a19e93284,2025-11-01T10:40:55.303778+00:00,2025-11-01T10:41:06+00:00,238
a0f0d626d7d91b531978e897df6b2239cad10ed7ae2da4683d53f60932da81b6,2025-11-01T10:40:55.434227+00:00,2025-11-01T10:41:06+00:00,238
07e475d017d840a6236daa738234a29ce6bd660bbaab53d51800b29f533508de,2025-11-01T10:40:55.566503+00:00,2025-11-01T10:41:06+00:00,238
220967a72ab1e1c6926a6e5ab3e0ce73f58954d4c20466545287412e020ef132,2025-11-01T10:40:55.696500+00:00,2025-11-01T10:41:06+00:00,238
9f2c6297b046aa360bc5114c72ce4214b2cbf0dd0e2b618d2951bb91df806685,2025-11-01T10:40:55.830319+00:00,2025-11-01T10:41:01+00:00,237
c7bf8e2a217df30d80d1aa81e1119fb8491e56f3b4efc86712ff2f35017e13b4,2025-11-01T10:40:55.958367+00:00,2025-11-01T10:41:01+00:00,237
2e816569f3ca83305fd4835b799bb12597eb7c98035629c2f14da2e364092efd,2025-11-01T10:40:56.089366+00:00,2025-11-01T10:41:01+00:00,237
4d381423e2a1c7318a5a1673f044e32c10c9a9a717997498b961e4695b916a03,2025-11-01T10:40:56.225707+00:00,2025-11-01T10:41:01+00:00,237
94a20d22e6d6ca8940a4aa8950a5d91b3bf0651e7e59a12bf08e7d14195a72c0,2025-11-01T10:40:56.355552+00:00,2025-11-01T10:41:06+00:00,238
f0a81657a3bf8eb37db7cb5c2a554ceb1884662b574a83750059824043a52934,2025-11-01T10:40:56.487426+00:00,2025-11-01T10:41:06+00:00,238
de5080d324747634a6bba7b74b0500e75d6a9a35c54e3cce2dbd2c1c53fd6e8c,2025-11-01T10:40:56.622756+00:00,2025-11-01T10:41:01+00:00,237
87cfd741587e3ac3bd22429badcb32242737689828442a7c71a8ecf728085e04,2025-11-01T10:40:56.751416+00:00,2025-11-01T10:41:06+00:00,238
dad39311aed1704432a5b0d052b24cdcb2630722ab9a408f21166ca58df03122,2025-11-01T10:40:56.883039+00:00,2025-11-01T10:41:06+00:00,238
ae992af3973b9de6a2027f82557ece09166a9146bfc85df36eb2cc88a8409e0c,2025-11-01T10:40:57.014474+00:00,2025-11-01T10:41:01+00:00,237
e1f32e4a48034dc562922835a975dbc15f26ad82fadc37a83b54dce896449d23,2025-11-01T10:40:57.139584+00:00,2025-11-01T10:41:06+00:00,238
305f2d1f68dba4565b0728ff7fde128c3500b90ebb634155b9e8530cdc47ed29,2025-11-01T10:40:57.264618+00:00,2025-11-01T10:41:06+00:00,238
57a2ea9e1226549c9032c65ad8a06d9a41b3cf5876a74715b9cd4efc87ff614b,2025-11-01T10:40:57.392985+00:00,2025-11-01T10:41:01+00:00,237
a8f8a9e073e54958c9d586691e7942f09fab3ce44866f8b0df308a5a10c90204,2025-11-01T10:40:57.523896+00:00,2025-11-01T10:41:06+00:00,238
45c24235bc331c8cc1190984d9063b321a9e21ace80ebdd95a043d82b1787743,2025-11-01T10:40:57.649591+00:00,2025-11-01T10:41:06+00:00,238
d84188d65409bab425855fb5d4714023bcac79daf4fc9d98ad0034979302a409,2025-11-01T10:40:57.776172+00:00,2025-11-01T10:41:06+00:00,238
66e13625fd809eca6e4d6b456555adf0dc3d9a83f6fcb82faf1a5909d352eb70,2025-11-01T10:40:57.907805+00:00,2025-11-01T10:41:06+00:00,238
c9e99957ac439d597c5425bdbfaf27b0014500daa10d51a7932d7b5a29eae11c,2025-11-01T10:40:58.037452+00:00,2025-11-01T10:41:06+00:00,238
c056cead0c0ee8a3ee495954306d7287d754e654c541b188ec58261990e4abcf,2025-11-01T10:40:58.169894+00:00,2025-11-01T10:41:06+00:00,238
8cc036b2fb5a8c02b9a923963e234214b42c8ca6939486f922bb450df9615501,2025-11-01T10:40:58.300764+00:00,2025-11-01T10:41:06+00:00,238
bb8b24a94520c8d1a4f6f3e2338f209ac5c83aff8de0242856c97d3160620ec9,2025-11-01T10:40:58.430519+00:00,2025-11-01T10:41:06+00:00,238
b909cd37f53c3e9f3a64edfbada1648ed3a501d03ea83480a21d3b8bb52e4330,2025-11-01T10:40:58.555474+00:00,2025-11-01T10:41:06+00:00,238
f5b3d1be131837952c8a408270a73d33357ac189e533e49064e524a0240a3232,2025-11-01T10:40:58.681069+00:00,2025-11-01T10:41:06+00:00,238
874f2cb7587aa75ada8644523f64867b77b5eeab41d20b436910185b33784538,2025-11-01T10:40:58.808882+00:00,2025-11-01T10:41:06+00:00,238
89c47ed32ce8d392e4b1bcd0e5f768d95bc7ab6d8aebeafbc96684de42120f23,2025-11-01T10:40:58.937260+00:00,2025-11-01T10:41:06+00:00,238
67da9e02d0f203dcee5793cb2c849bd5b13e4578386722326a3a1fe36c9b3c16,2025-11-01T10:40:59.064847+00:00,2025-11-01T10:41:06+00:00,238
9fa88eac4ecf13724982247180ca3e270ddcc0a927f0c1333cb12f8c11927311,2025-11-01T10:40:59.191254+00:00,2025-11-01T10:41:06+00:00,238
764ab095094e4392e83013795b258e2a9f363c53a8ce5d874c10a00dd2976542,2025-11-01T10:40:59.320936+00:00,2025-11-01T10:41:06+00:00,238
9eeec70a203176c61ce154d8a9b0953d0e1008089c64532fd4d28f7071894692,2025-11-01T10:40:59.453642+00:00,2025-11-01T10:41:06+00:00,238
ce8ba6bbb1419dd53af2cc9e1447cb0099b81debc135945fee60f490d7ceffc4,2025-11-01T10:40:59.583702+00:00,2025-11-01T10:41:06+00:00,238
47930926fe2309ce1145476121387dd0e15592f7541fc97b2c0c1251f1536a42,2025-11-01T10:40:59.709450+00:00,2025-11-01T10:41:06+00:00,238
5390d3abb49b8c8728bb43da9120c3e27ee6dacb4a843d175a8572712489eb50,2025-11-01T10:40:59.837059+00:00,2025-11-01T10:41:06+00:00,238
e24f6a093abe826e80583571819401557aec7fe24e7d566512b127dffab2836b,2025-11-01T10:40:59.963583+00:00,2025-11-01T10:41:06+00:00,238
1234520f85d008e5fed4e1b7c1c552948f3c501ddaf133db3a30e74e7428d998,2025-11-01T10:41:00.096683+00:00,2025-11-01T10:41:06+00:00,238
98ce323f413c0dea07875172a3afc33d3709a6100fd9a88f09193482599d87c2,2025-11-01T10:41:00.222666+00:00,2025-11-01T10:41:06+00:00,238
4b9c8b568ecc402d49f380ae49266b53cbecd955ffdbef9ad9ca6b5eea7b2b27,2025-11-01T10:41:00.357972+00:00,2025-11-01T10:41:06+00:00,238
ebc3724267492ad533ec730be3d52a3b9ba0b393eb14804b4d3ffc01a81fbeee,2025-11-01T10:41:00.484593+00:00,2025-11-01T10:41:06+00:00,238
3f8c66a72b4b6cb2d4ea65536a06a6e1b01707bcb753168408743276fd625db5,2025-11-01T10:41:00.619775+00:00,2025-11-01T10:41:06+00:00,238
523aebdaf93b0d06da547e1cd4856fd6ee10be66b6f2cafe1e297251db17fb93,2025-11-01T10:41:00.754745+00:00,2025-11-01T10:41:06+00:00,238
f408977bdc0fefa220e5f1fa77cfa462927130a3d16b705491d377c80a21a563,2025-11-01T10:41:00.892184+00:00,2025-11-01T10:41:06+00:00,238
40b2b13f676adfee708a302161cece9442546371062d8cdfd217bf13d4f91227,2025-11-01T10:41:01.020617+00:00,2025-11-01T10:41:12+00:00,239
8ea573c800cfd222b1dee9e57aef039bd4c6c06b2c73650fb94016c00bad66f5,2025-11-01T10:41:01.155083+00:00,2025-11-01T10:41:12+00:00,239
e4c47b177f39a709044b0b13728017d0bae57293e905d3242ac49c5f4d266cc5,2025-11-01T10:41:01.289278+00:00,2025-11-01T10:41:12+00:00,239
fb1c1adafa670f3dc2f662a66f898ba76d82f459e57b7e76e41547b8e5572d81,2025-11-01T10:41:01.422837+00:00,2025-11-01T10:41:12+00:00,239
c702bd996257e6d07b0d9ddc90f7fc50320368a5f066759bee0efca77ac90f37,2025-11-01T10:41:01.555325+00:00,2025-11-01T10:41:12+00:00,239
ab3abefc467cb9c854fbbf314dee2c26d40e00ea81285ce0ffbdc996ff3aa4dc,2025-11-01T10:41:01.696242+00:00,2025-11-01T10:41:12+00:00,239
15e658254808423f32d14742e5a2daee8bb8dc0f6444741d7ecafe4a20fc169f,2025-11-01T10:41:01.831184+00:00,2025-11-01T10:41:12+00:00,239
fd3e93e85235d2aea2224c7dec45c53ea8096e2153890451e5c284fb798faa1e,2025-11-01T10:41:01.997270+00:00,2025-11-01T10:41:12+00:00,239
b94acb6ddc7cb9aa7537cc3a77d7a3cb93c737b148ed9ae5fe614db737fac921,2025-11-01T10:41:02.140192+00:00,2025-11-01T10:41:12+00:00,239
ec8948206e071f278f13550dfd03f9efa1519a07203af74ae98904bf18bcec76,2025-11-01T10:41:02.269671+00:00,2025-11-01T10:41:12+00:00,239
9cdebbdbf3c83f1408199f38a13518aad1a5b0ce7ff40d5128889fd2a2c437e5,2025-11-01T10:41:02.397565+00:00,2025-11-01T10:41:12+00:00,239
3d31d52e1fd68ef7fbefa610114fbfb31fa58f6c1489770fb9957f1327d13af7,2025-11-01T10:41:02.528525+00:00,2025-11-01T10:41:12+00:00,239
b61d38cf7c8eab859eda6513e10d20b65e295809864ce7f3ea10e8c5406f39fe,2025-11-01T10:41:02.654804+00:00,2025-11-01T10:41:12+00:00,239
531c11a285329fa707cd16dd031d551c5885a8dffdac752fef77f5dbe59c44ec,2025-11-01T10:41:02.788750+00:00,2025-11-01T10:41:12+00:00,239
0ff54c522507842df5688e1617f114036b85bb783370052f3ba630f26098c1d5,2025-11-01T10:41:02.923008+00:00,2025-11-01T10:41:12+00:00,239
4273209f8efb1a1fe426569ce79f197f86b82cf23453621fd0563c8ad4b2edb6,2025-11-01T10:41:03.051916+00:00,2025-11-01T10:41:12+00:00,239
defa012584f003793ef73afd3551b0831168a0320e332c33fad0b26713e1885f,2025-11-01T10:41:03.189660+00:00,2025-11-01T10:41:12+00:00,239
058406ea74ae406d601d28b9c2f0947043ef0e2775ac03c1cce39259ca9f739a,2025-11-01T10:41:03.317761+00:00,2025-11-01T10:41:12+00:00,239
22e6fe1bc05db421107eab7a0a846187d1cc2c3d0d8e43d7f750e5245db8cb10,2025-11-01T10:41:03.447940+00:00,2025-11-01T10:41:12+00:00,239
695e7162a4a73cc5bead7bfcaced6dd3c2507f8c27dd913630a9595b8bd7edec,2025-11-01T10:41:03.580273+00:00,2025-11-01T10:41:12+00:00,239
cd1a69576f389aed88084eaf0a5f777f3661d4e7fd5ace1a0e1d8b0b4af0d512,2025-11-01T10:41:03.711472+00:00,2025-11-01T10:41:12+00:00,239
b2e869f44a54b8058e40de160078167178b8d4eaa0949858f1fd449cb17f75ed,2025-11-01T10:41:03.844481+00:00,2025-11-01T10:41:12+00:00,239
ca2369c849c19f1ad0cd85552187c3d5816aaf335876d431ad0b2c55556c92a2,2025-11-01T10:41:03.971747+00:00,2025-11-01T10:41:12+00:00,239
f4b23adf89741bb21462e26aa1add5734f7726a0e4ef99e519520a1b36911a86,2025-11-01T10:41:04.104566+00:00,2025-11-01T10:41:12+00:00,239
3f37af613ef3aabdc9fd8f6a919f355b9193f974d4f2d56c096fb86d27eab048,2025-11-01T10:41:04.241674+00:00,2025-11-01T10:41:12+00:00,239
995820291cc6e153b2cb0047ab36aec32efa436826e2570f1012cc9ffb9cb9f1,2025-11-01T10:41:04.370748+00:00,2025-11-01T10:41:12+00:00,239
bd5aa041ea12a0e17c20ae692e565a5deef7b25e8cc46921b73858d8e727e81f,2025-11-01T10:41:04.499706+00:00,2025-11-01T10:41:12+00:00,239
5852bfaab768b1c303ba853b3e405090f6087da4a8e22fddaed1083cb835de4e,2025-11-01T10:41:04.625198+00:00,2025-11-01T10:41:12+00:00,239
e71cfa7d8e7fe6cc85009ea3990fdf7abbdea44604b0f7a50899ff78dc443b87,2025-11-01T10:41:04.756765+00:00,2025-11-01T10:41:12+00:00,239
5b96f6d23c4cac28f5ad048f413e6753f60361e6fa4d0c75cd5ee19c45b30793,2025-11-01T10:41:04.884217+00:00,2025-11-01T10:41:12+00:00,239
dd1954c2e99cc485ffb3293a4f44af43baee2bbd4a3f95658ecbb78e838cb03b,2025-11-01T10:41:05.011404+00:00,2025-11-01T10:41:12+00:00,239
acb7a2cea10622b97848fddd4dfd1a5b44671e51374a23d9ff7535190f266654,2025-11-01T10:41:05.143893+00:00,2025-11-01T10:41:12+00:00,239
ce274f21912e3f8c55816ddc7694004f8ed9053920cdd70dbac39e9dcb7d445f,2025-11-01T10:41:05.310211+00:00,2025-11-01T10:41:12+00:00,239
aeeb620fcdc83422d237cda54bac7b7be57d4020d5bb74aa1995d2b205b71140,2025-11-01T10:41:05.449313+00:00,2025-11-01T10:41:12+00:00,239
edfbef3afeae81a2ad86a184575cc75fb795fe4a3c02216b4aec6896aacedba8,2025-11-01T10:41:05.578116+00:00,2025-11-01T10:41:12+00:00,239
e58e2b6287ff4814eb125bfa14feac2000754cbc110708a96a6646ae3eca6255,2025-11-01T10:41:05.708720+00:00,2025-11-01T10:41:12+00:00,239
4cf26f782fe5ffd4b488a27cb3cb46a82557d6e35b5205d4d4a40149539e8d2f,2025-11-01T10:41:05.837841+00:00,2025-11-01T10:41:12+00:00,239
52922a5d5b36e9389be733b498d85fa626c859d25cf1a9b5f7ae076e00e2e18e,2025-11-01T10:41:05.968617+00:00,2025-11-01T10:41:12+00:00,239
0fa73acf8bc7b3fffb7f7641dca4f03e40cffbcfbf81c3a43432911f14f0a300,2025-11-01T10:41:06.110357+00:00,2025-11-01T10:41:12+00:00,239
cf96ea7b6aa18a9403cfbeefb69bc255046d166343f06007d93a2ee530eff594,2025-11-01T10:41:06.274960+00:00,2025-11-01T10:41:12+00:00,239
61f926170a99d98e8eb5d21b2ed400ee142999f3f92169345588248da97ab21c,2025-11-01T10:41:06.410334+00:00,2025-11-01T10:41:12+00:00,239
83347096baea0b0eeb2fad34e56726e70dca57dbb62f5dc79c1499a7652e7f08,2025-11-01T10:41:06.540163+00:00,2025-11-01T10:41:12+00:00,239
3e4a22890813da9e50afc471de9f6b086177a1e493da5cb0cb79544a1fdc00c0,2025-11-01T10:41:06.804656+00:00,2025-11-01T10:41:12+00:00,239
5412f35c60e7d3a0f10a9e5fe8e5d9947c6d9b0a7699873e49853e8da84ea8f2,2025-11-01T10:41:06.935092+00:00,2025-11-01T10:41:12+00:00,239
a07427823740e89a1cb373e0c8354286381f4cac8dcb7e95f49482b0f96a4e57,2025-11-01T10:41:07.254693+00:00,2025-11-01T10:41:12+00:00,239
a020e481bca92491af2486b348337d006264eadc3cf87cf642a95e953a87f425,2025-11-01T10:41:07.380072+00:00,2025-11-01T10:41:12+00:00,239
a88ddc17afefcb29753b6e93a55fd128d63c243f61f524b7517e04f5fff6600d,2025-11-01T10:41:07.508321+00:00,2025-11-01T10:41:12+00:00,239
3cb8a5102b19d70fe86c617f60f0cef07cc926f18e78b5b99f2c758780e00667,2025-11-01T10:41:07.639975+00:00,2025-11-01T10:41:12+00:00,239
ea963be8085dd6bac98216b1911f0727525c7282f268567a1f08249ac142abc0,2025-11-01T10:41:07.771347+00:00,2025-11-01T10:41:12+00:00,239
62858249378d78d0ebf208d62755abf8ef754189bf800330df4e0ff8abcd48fd,2025-11-01T10:41:07.905578+00:00,2025-11-01T10:41:12+00:00,239
b4b18340d4a489a45533382c834654ab5ab7af128c03c0418b88058b29d866dc,2025-11-01T10:41:08.038197+00:00,2025-11-01T10:41:12+00:00,239
3170d25a5587f141ee544c3771663a855053b1f5f2fd4402cee08e04231e2f5d,2025-11-01T10:41:08.172955+00:00,2025-11-01T10:41:12+00:00,239
e0c3f5e223c60623f3a831e4ec5e68c7ca6f825687a3f7a77d8d555d08c33441,2025-11-01T10:41:08.305044+00:00,2025-11-01T10:41:12+00:00,239
b7229c94fd98fff90d3713e68b44e011eeae8151184639a227f514c645b50b36,2025-11-01T10:41:08.439782+00:00,2025-11-01T10:41:12+00:00,239
2b0b50b60a5b2c4d1fa5dcd45f4f5e8d6ca35936348abb87557b6a34c53a0194,2025-11-01T10:41:08.571450+00:00,2025-11-01T10:41:12+00:00,239
d569efb29a5305558f98a692ccba3b4484c3aeed7a0e537420c0d33d7dafa232,2025-11-01T10:41:08.700190+00:00,2025-11-01T10:41:22+00:00,241
54dcd77e361882f4d00c69e1de0c93af403d60f2a448b21f91a2648ae2a022e0,2025-11-01T10:41:08.834714+00:00,2025-11-01T10:41:17+00:00,240
452c3281385df0f3ff129b7dbd4fdf77ec7feb0e0d4389b5958a8bba57ca63df,2025-11-01T10:41:08.967778+00:00,2025-11-01T10:41:17+00:00,240
70142360d7cb129bc80f60a44ceed3f5706bf26f98b4f8dc26e3f9fb1aac30d3,2025-11-01T10:41:09.106951+00:00,2025-11-01T10:41:17+00:00,240
3caaebbc4dae1a81559368f323da36f82dc53eda29823ee32c646d1ae97509f3,2025-11-01T10:41:09.238305+00:00,2025-11-01T10:41:22+00:00,241
54ba072889b2459879e2e79efc1dd66fb6c09eedc85e0fb222474bfffaebe24e,2025-11-01T10:41:09.369239+00:00,2025-11-01T10:41:22+00:00,241
eb2cb7c9bb36be71e27b700388e856b539f8e514d3c207d650fd9fcc8be7880f,2025-11-01T10:41:09.499139+00:00,2025-11-01T10:41:22+00:00,241
547beaa4463c6e8f57c715e01729327be2195dbee3be1a43a376c74f072155ae,2025-11-01T10:41:09.634663+00:00,2025-11-01T10:41:17+00:00,240
91fa83becb637f627995bfd0717b4b725d179c3487cc0c966cf5d00b8c0398fc,2025-11-01T10:41:09.764152+00:00,2025-11-01T10:41:22+00:00,241
ade402c979026f2a4777e84feee8345748edc9379f4cd15a26bde8873b731e3a,2025-11-01T10:41:09.896530+00:00,2025-11-01T10:41:22+00:00,241
5060da87df8a9588c44b635e883fff99f6f45e46230619d1702b49d2cde56f1a,2025-11-01T10:41:10.029345+00:00,2025-11-01T10:41:22+00:00,241
eba5aae75c18209687cd484aace45c20bdf16922324ee9d0d64f6e2bbbaea94e,2025-11-01T10:41:10.155073+00:00,2025-11-01T10:41:22+00:00,241
4d8481c23b08ccf13edbf2970f8e9d60c56030245c93e9efa4430f469508ab86,2025-11-01T10:41:10.288507+00:00,2025-11-01T10:41:22+00:00,241
6bf574f9525d5729788f37b83f9e9a28cc7748d8b4980e8138dfcf0c07f9cbae,2025-11-01T10:41:10.426209+00:00,2025-11-01T10:41:22+00:00,241
6f1914f6c0bd5b103996a1ba1022c47cca0d4c76b1151c3ff459063f03faa6c4,2025-11-01T10:41:10.564468+00:00,2025-11-01T10:41:22+00:00,241
8a7aa723db27539fbcafca13976166f858e595f1a2b8cb584bc93d3ab2ce4af6,2025-11-01T10:41:10.692821+00:00,2025-11-01T10:41:22+00:00,241
5ff43c56d4fe9901e224aaf71206d8fe73ffbf045aaaec2320aed9975b95449a,2025-11-01T10:41:10.826414+00:00,2025-11-01T10:41:22+00:00,241
bc93087fb05483a1d1c2b22a49b46347d5e15f7484e6226b49eacd025397c776,2025-11-01T10:41:10.961065+00:00,2025-11-01T10:41:22+00:00,241
15f761b1f876620bbe953e283549f3833511691d336259aaaaf70740276b13da,2025-11-01T10:41:11.094396+00:00,2025-11-01T10:41:22+00:00,241
20b73e239fde8a13e24487a30ecbae3adce80c8d9d56214431dcd0e97c96ab2d,2025-11-01T10:41:11.230659+00:00,2025-11-01T10:41:22+00:00,241
ed0b8ed74e84f9c29152db77699f7679b498e974312cd088db5eabf509a9a975,2025-11-01T10:41:11.363829+00:00,2025-11-01T10:41:22+00:00,241
6c5ba4baf39f3c49422548e5aea60eb298502ad8a000e1053613ca00170a1b1e,2025-11-01T10:41:11.493848+00:00,2025-11-01T10:41:22+00:00,241
3e642fbaf61c4cb7f92a2328f2a10beb055b93b5c41013fc0a1f3457599a8c1c,2025-11-01T10:41:11.627745+00:00,2025-11-01T10:41:22+00:00,241
71d4c97f15fa6755aafaf6fabdc28cb62d61da8ec923772e611e3a43d401a3fa,2025-11-01T10:41:11.756637+00:00,2025-11-01T10:41:22+00:00,241
9cde6dbac8262f6f350090333d32400f0544bafb9381d20313ee7584a66b826a,2025-11-01T10:41:11.888455+00:00,2025-11-01T10:41:22+00:00,241
3e62572ef2fb89bec666150f99b57b4f4d0ee0bbbdf5ecc9bf3eae8897955003,2025-11-01T10:41:12.022080+00:00,2025-11-01T10:41:22+00:00,241
d70fb08a204ffb6a9f7936ce8d5eb656d3f199f6ee41c855609a18c753428622,2025-11-01T10:41:12.290935+00:00,2025-11-01T10:41:22+00:00,241
8161ed2d7e968b07c6cae50b609a243087f3b369123af024a87c794f22166c40,2025-11-01T10:41:12.424552+00:00,2025-11-01T10:41:22+00:00,241
42ec9c7b7ed97b4c1fca7ef69b3417ab3bf39fffdf6259dd754cb94e829f23c7,2025-11-01T10:41:12.560237+00:00,2025-11-01T10:41:22+00:00,241
fa336b67a5270bdc5e03ddbee4455ebf06e9ffb31f4c2377543803d1db96043d,2025-11-01T10:41:12.691909+00:00,2025-11-01T10:41:22+00:00,241
6aa22a27c9443dc674e911bfcad5ca2dbb7a75fe82a523f903179ab8fc2dba89,2025-11-01T10:41:12.824400+00:00,2025-11-01T10:41:22+00:00,241
ce892ec97b3ab744f0b72e4f8acc7df11800dedc9ee77cce99d1b1d4911472e6,2025-11-01T10:41:12.961181+00:00,2025-11-01T10:41:22+00:00,241
38c598aad9eedd156525bdf632e0788907cb74be1be3fe9b548b22a587838d89,2025-11-01T10:41:13.093785+00:00,2025-11-01T10:41:22+00:00,241
cdf39906b4a210f8481b49e6b23de31e191e28ce2d379a71b3672c2cefb4941f,2025-11-01T10:41:13.225898+00:00,2025-11-01T10:41:22+00:00,241
76f9e824f70c30ca3d8fefab8e3988504900281a4ffceb0b4bf24226c529b423,2025-11-01T10:41:13.357716+00:00,2025-11-01T10:41:22+00:00,241
4892c5ee857ca9cd5714e6ebb77a30a634b155df9b9373604846001dc3e26deb,2025-11-01T10:41:13.488836+00:00,2025-11-01T10:41:22+00:00,241
f5f7620ba63c8ee3665142a0b14fdd4615fb935226c203ca8dfa9767bd0e39c6,2025-11-01T10:41:13.620952+00:00,2025-11-01T10:41:22+00:00,241
1e319fd0d28b85fd2e7bfea7c7f2470e31ccb7f1860ab65910eb34f97684b7e4,2025-11-01T10:41:13.753989+00:00,2025-11-01T10:41:22+00:00,241
842e1814a3ad93d648e9f3b6add8f188286eb3bf86c76936fb747631b156a2a6,2025-11-01T10:41:13.885388+00:00,2025-11-01T10:41:22+00:00,241
e8a1f88de112c1fe20efe02f578560157c80cb8c17737dbdeb85b788769f5094,2025-11-01T10:41:14.023287+00:00,2025-11-01T10:41:22+00:00,241
50e36a169a7da4a476441bc10716ee3ead1a9d69746b066b166d19e0ed48e223,2025-11-01T10:41:14.156690+00:00,2025-11-01T10:41:22+00:00,241
66c465479dea409023dc27d5df8b5acd094a0dffa05efa8617a9a42ad799f89d,2025-11-01T10:41:14.289494+00:00,2025-11-01T10:41:22+00:00,241
a193361c43dbb35de849ef6088c12e286d185a71c00dcbe86b6b464785666589,2025-11-01T10:41:14.427335+00:00,2025-11-01T10:41:22+00:00,241
9724b66e66a695cf207285d57b4830d78352e3ecaedb2f7443d4896af9c43dd8,2025-11-01T10:41:14.560809+00:00,2025-11-01T10:41:22+00:00,241
00914902964265b86af9686d059b268025a128d2fb12934c6b567734573fde35,2025-11-01T10:41:14.692343+00:00,2025-11-01T10:41:22+00:00,241
a85db8ec23cb32170ab141b6caa54ad8226dc8ca63ee3d36bc6fe23be2863f0e,2025-11-01T10:41:14.826357+00:00,2025-11-01T10:41:22+00:00,241
0455f698927e3d067e91f3a5d548859c569be79a0cd1fd4aaa8171e7da40ad12,2025-11-01T10:41:14.959371+00:00,2025-11-01T10:41:22+00:00,241
025e0c9fbde82a6463c5cf9aafee676b91520a0c808127b5a61535c7a4081e84,2025-11-01T10:41:15.095472+00:00,2025-11-01T10:41:22+00:00,241
c1290f96975f5d4712148cc2076dad9d270fd9657e9c19ccaa191359d3689c97,2025-11-01T10:41:15.228509+00:00,2025-11-01T10:41:22+00:00,241
b35501d197270013b8707fd0f26e3bd018c8f6becf8749fbccc1376db33c9f08,2025-11-01T10:41:15.361198+00:00,2025-11-01T10:41:22+00:00,241
5621e6132f12458969811a9ffd8628efff0e6f50cb7b2a6737a716bd470f7e76,2025-11-01T10:41:15.497012+00:00,2025-11-01T10:41:22+00:00,241
cbe55356f3c6cc1a59c67f8297c3f68cccf0dbbe548e63d60cfd6247e223ef16,2025-11-01T10:41:15.629026+00:00,2025-11-01T10:41:22+00:00,241
009d3257c4d45198a018872441a2d78060fdd2de1705d44da2dde5b5c332dad9,2025-11-01T10:41:15.767116+00:00,2025-11-01T10:41:22+00:00,241
0a6867567b2ad2cf0de123d1f512ff0a08bf44b05f354d9bf883ab759c9310aa,2025-11-01T10:41:15.896804+00:00,2025-11-01T10:41:22+00:00,241
0f634bfb641f5b66e7c7c1efe505855b2906a6b58a19c44b357f947e0ec36081,2025-11-01T10:41:16.030090+00:00,2025-11-01T10:41:22+00:00,241
e0f39fcabb308945352a4c4d7b9d6160fadd0df789f68886b6c33da1a06175d6,2025-11-01T10:41:16.164836+00:00,2025-11-01T10:41:22+00:00,241
92c8cb502f1362655a80a4e6e36a668966226375df6a814cd8b9a21793330d87,2025-11-01T10:41:16.297445+00:00,2025-11-01T10:41:22+00:00,241
ef91e58e6196c9c53e8967cf30927f67e33e6c9b3f8a5f44d6ee0d8e2b871b9a,2025-11-01T10:41:16.433376+00:00,2025-11-01T10:41:22+00:00,241
d3148f485384abc70bb75e785629940277c6970e3ab73080878512f7ce82e3e0,2025-11-01T10:41:16.569447+00:00,2025-11-01T10:41:22+00:00,241
333ec8993a5f4bf1a82b742831329215f4aa4ea0de4ca78e5f01eb637b85989b,2025-11-01T10:41:16.705609+00:00,2025-11-01T10:41:22+00:00,241
0a71b0eb97822b0a00adda488dc44b5e450ed92e44aa4e623e55e9065303492b,2025-11-01T10:41:16.839002+00:00,2025-11-01T10:41:22+00:00,241
12724d0f7efea5d5d5953d9a60f4bf149a89057ae1292fddd2df9aaad9b71dd5,2025-11-01T10:41:16.974670+00:00,2025-11-01T10:41:22+00:00,241
54d1c69b79d55306da1a09a101fb81f0436a76e7025abaab7cfaa38e3ee4c3c7,2025-11-01T10:41:17.109419+00:00,2025-11-01T10:41:22+00:00,241
7763daeb07a9690a93f8c51fd90450a41705d9029a7d55d4ba5b3ecfe9318fe1,2025-11-01T10:41:17.240161+00:00,2025-11-01T10:41:22+00:00,241
7f65cb0accf673ce9ceb28e3a97a5fd5a02050e96ceb46d262a780bd37e92ccb,2025-11-01T10:41:17.375832+00:00,2025-11-01T10:41:22+00:00,241
e1805601a1fc3387788265f53867ca4295257ca2acc498fdcd845b980aa3d22f,2025-11-01T10:41:17.509959+00:00,2025-11-01T10:41:22+00:00,241
cf9e7e06aaf0dd01df9cedf4839e04bf5bf62bce768976f9f880c1fa624db9a5,2025-11-01T10:41:17.644189+00:00,2025-11-01T10:41:22+00:00,241
13a0e5cbe5f8b0a0c62ed6faa67adb3218305372d0ac8963833ae27f6c104466,2025-11-01T10:41:17.777091+00:00,2025-11-01T10:41:22+00:00,241
121424975b6f67a9095e11ef72a70a44e2180249d93cac66236d19d3df209a6e,2025-11-01T10:41:17.911316+00:00,2025-11-01T10:41:22+00:00,241
5d5432ffb5928a287d5b6577c8f79f8b5ab5a88be086ef13e1b831a2a9a59bb1,2025-11-01T10:41:18.046664+00:00,2025-11-01T10:41:22+00:00,241
80f2fb81e80582a289e0d51522f67d54af1c13fd88558d02e8863e0fdc6fce67,2025-11-01T10:41:18.183258+00:00,2025-11-01T10:41:22+00:00,241
87e786babce8c5e63baab3621d1264f08e6f4a45bdde87e213bc06b9607721d2,2025-11-01T10:41:18.317905+00:00,2025-11-01T10:41:22+00:00,241
5f02605ba57252544f37d27644063ea981af4955ead7c1e316d41281e049a5bd,2025-11-01T10:41:18.452459+00:00,2025-11-01T10:41:22+00:00,241
34d8e170fd81b5f9210428a7c5809285e4cefc22ff7fbb97f2a7beb6cbd9c200,2025-11-01T10:41:18.586371+00:00,2025-11-01T10:41:22+00:00,241
ab6b984478e7398ee78b584a864081b2d439504c1a965fd3586df0607e7427e9,2025-11-01T10:41:18.719765+00:00,2025-11-01T10:41:22+00:00,241
1f74f87ddd00261a45dc9d24255911f1f66b0b0de62f4f4eec75f963a2c1cb0f,2025-11-01T10:41:18.859093+00:00,2025-11-01T10:41:22+00:00,241
5b924ef5d92f64d84d117cdbc4c8496b02064eb806502d0d5fa4fcc0274d37a7,2025-11-01T10:41:18.994987+00:00,2025-11-01T10:41:22+00:00,241
da00dcbb747a043c07090ca6960b3eb317b9363734cb4ded9116d1662b1d7ce2,2025-11-01T10:41:19.135550+00:00,2025-11-01T10:41:22+00:00,241
422fe2ef1501cae723c0297c5c2c55f62366813cf47b5f56b94dc940b819afe6,2025-11-01T10:41:19.269808+00:00,2025-11-01T10:41:32+00:00,243
6430e68a10af300db847bd695f0f7838094f645a0c928dd8c243e39ff5093e02,2025-11-01T10:41:19.404824+00:00,2025-11-01T10:41:32+00:00,243
a8c9b5b7116266942ef95714882bdc5d041bc734b20acad0e619504d9c0c6835,2025-11-01T10:41:19.543226+00:00,2025-11-01T10:41:32+00:00,243
903f00b506bd8f54d66a5693565a5afac29e1dcbd82bad66491cba742998b3c7,2025-11-01T10:41:19.682852+00:00,2025-11-01T10:41:32+00:00,243
9c24fa7f24fd54a4b535731bf64dbf6fa4c749197db36f3f0d1b47e4ba178933,2025-11-01T10:41:19.814210+00:00,2025-11-01T10:41:32+00:00,243
15860906b78d0aeccdd1c6344450546f8873756f347445a81619fe7d34dc4e5e,2025-11-01T10:41:19.951192+00:00,2025-11-01T10:41:32+00:00,243
e498c3cd97cb8e5a9143eda3a96fc3a94728983bf772e405c7ababe4d1cfcb4f,2025-11-01T10:41:20.085327+00:00,2025-11-01T10:41:32+00:00,243
8566369c84e7338beec73ea7a1ea8a186c955d2e1de236a60e003c8e7ad97860,2025-11-01T10:41:20.221568+00:00,2025-11-01T10:41:32+00:00,243
4fa23ea15d6cbdb638585e7ba2f109e262112792e0886bd544788b4818a2e35a,2025-11-01T10:41:20.356650+00:00,2025-11-01T10:41:32+00:00,243
0f344470165a2e468e4c2c7d0dee8c3d63a480c8fae05c9e4515c6ac9ffc4cf6,2025-11-01T10:41:20.490403+00:00,2025-11-01T10:41:32+00:00,243
ccb91c33cc80c23c2d1c9d7c6bbd84202a797078ea88a16e0b334b8b50d2887b,2025-11-01T10:41:20.630224+00:00,2025-11-01T10:41:32+00:00,243
086087355c14b90bc8abc91baff209ca979fa737ac04d83cef69add5de943281,2025-11-01T10:41:20.774404+00:00,2025-11-01T10:41:32+00:00,243
7b7c3cb6ed15d2d3a9c37ae4f0e686346fdfba16c7e21c57b4c8dd7777705b22,2025-11-01T10:41:20.909872+00:00,2025-11-01T10:41:32+00:00,243
be15ef14929ae1bf4a0a7b649fe73973d9ba4dad5720efde82b8c7d74d053082,2025-11-01T10:41:21.044787+00:00,2025-11-01T10:41:32+00:00,243
682f1847ae6ea3898b335c8b0f699302b1a5dfab3fce3a563f30f8f318bfeedb,2025-11-01T10:41:21.183892+00:00,2025-11-01T10:41:32+00:00,243
d6505a05ecee5424644a504369cfcea0b69348e9b31802f139c2e340b0118ea9,2025-11-01T10:41:21.319164+00:00,2025-11-01T10:41:32+00:00,243
7cbf0fce16d41d3d6a45bb78a51a4fe3a56b3701da6e3961c7b03df7e5b403d1,2025-11-01T10:41:21.458633+00:00,2025-11-01T10:41:32+00:00,243
0a83eb4c24f6255cb04526bade00f84eb33497e327e6351e0f7481bfee243758,2025-11-01T10:41:21.595563+00:00,2025-11-01T10:41:32+00:00,243
887b6dbc91b4443e97862eed8dc600f5cb25174ecc72f42c434da99e8bf308ac,2025-11-01T10:41:21.729580+00:00,2025-11-01T10:41:32+00:00,243
2b2c8ab7a56edc17be73ffb6d5ff5b718a64d3964fb40daac126f3ccafcd7bfd,2025-11-01T10:41:21.864594+00:00,2025-11-01T10:41:32+00:00,243
fdcbc6cbe42b0b5152b384c6d2a3d75e10836c5a91ab68981b4d0e4cdf8aca24,2025-11-01T10:41:21.997116+00:00,2025-11-01T10:41:32+00:00,243
c684194c5be4e427788f796d2ad477880faa79ea75155360a3f1de5951ccc9bf,2025-11-01T10:41:22.130892+00:00,2025-11-01T10:41:37+00:00,244
b1ef839c3d7fb1267185ae898c0b263921db65563436966e24bf4decc04a500e,2025-11-01T10:41:22.388621+00:00,2025-11-01T10:41:37+00:00,244
d1b4b164ae68584be0910b7e75b39326ba34d39c33d11c1de2b5bb75d2d7da1f,2025-11-01T10:41:22.518996+00:00,2025-11-01T10:41:37+00:00,244
aaa7961576357559e5f9ec3c4084129c57d2aae05a393d54cb5db53935bcb4ad,2025-11-01T10:41:22.654223+00:00,2025-11-01T10:41:32+00:00,243
f1e850c8eb48c4b635bf764a572519d6374beb1ec87bf90847216724f2a7966e,2025-11-01T10:41:22.788632+00:00,2025-11-01T10:41:37+00:00,244
7cc37e15dcb50f6643d160dcf49181e199d59df010e98900429cbd452a79d30f,2025-11-01T10:41:22.921337+00:00,2025-11-01T10:41:37+00:00,244
c16a273ef37b42c6e256dd2fd90988e9bbe5a9253e665523d9b2014dc50a0686,2025-11-01T10:41:23.053446+00:00,2025-11-01T10:41:37+00:00,244
465ed8ac264c9cfce15f7c02270ccdff6750daf5e14d77ae310e73926ec24e74,2025-11-01T10:41:23.186855+00:00,2025-11-01T10:41:37+00:00,244
f34a3b4b3c23e646c0b980b25c8ff307ec33c5ed140d1bcf7e52354ad68ec569,2025-11-01T10:41:23.320141+00:00,2025-11-01T10:41:37+00:00,244
48d629f84859d437eb437534610a28dc144bedf327f59b11bacccda1684e16ba,2025-11-01T10:41:23.450552+00:00,2025-11-01T10:41:37+00:00,244
a6dfb0c23da9962f8bf1f65666bb6b09621e0d83dcdabc2a935cfe9ebead961a,2025-11-01T10:41:23.586619+00:00,2025-11-01T10:41:37+00:00,244
ff0b95f0894926113f1141704b84dac4b3ece21877581e2f0ebf81433474091c,2025-11-01T10:41:23.719966+00:00,2025-11-01T10:41:37+00:00,244
a52b823025ab4bd0ee18982e71b7618dde08cf2d643b0f1b2821df588c4bacd2,2025-11-01T10:41:23.853919+00:00,2025-11-01T10:41:37+00:00,244
2cf2c31fcd27d5eb18042b68fb9931dfa61d16be53240ae7f6e518441f0a04c2,2025-11-01T10:41:23.984985+00:00,2025-11-01T10:41:37+00:00,244
3858d8a80aa358fb84b690caa4e8d4e0c1a72c7fec86d9b4ab836307e9594e45,2025-11-01T10:41:24.116398+00:00,2025-11-01T10:41:37+00:00,244
4798b8a35ad74ba85b2c94ce70242d41c9ce35dbee0aac1ad7b1c315a69dd428,2025-11-01T10:41:24.254110+00:00,2025-11-01T10:41:37+00:00,244
020385af259c8da86d8829bb24f9a9b04c72ec5541f0f61f5325220c7d8973bc,2025-11-01T10:41:24.388126+00:00,2025-11-01T10:41:32+00:00,243
23f21020983127748569e314f2e768fc3c348bdd05b5613d4993e22fd6c2b017,2025-11-01T10:41:24.520975+00:00,2025-11-01T10:41:37+00:00,244
5006f8ef2309e6bdd7aba45c28188005886bcc4d9bfdb59854a5f9cc78998d97,2025-11-01T10:41:24.657220+00:00,2025-11-01T10:41:32+00:00,243
957491f8997f69f74960aa606756740ad52bf6f0801c7b9d51d961a88960f0b9,2025-11-01T10:41:24.790996+00:00,2025-11-01T10:41:32+00:00,243
94cf6e669f7130fa343c59872579bffc33c724567b352889bc3aa1071567e1f7,2025-11-01T10:41:24.927024+00:00,2025-11-01T10:41:32+00:00,243
8996164ad355d24e49e4bd528501801cf5622b1d692a8ee2c6a58d2dfc6da2a7,2025-11-01T10:41:25.063537+00:00,2025-11-01T10:41:37+00:00,244
c125d5ab664cf64b788b2461acf97a434b7d8cbb5219109a58f3c5b763e9917b,2025-11-01T10:41:25.209277+00:00,2025-11-01T10:41:32+00:00,243
3985aa62ff034d2878563ef901d3157e7d6d3ce99c536a4c3b60246c9d456bf8,2025-11-01T10:41:25.430124+00:00,2025-11-01T10:41:32+00:00,243
2fb900d072f5adef19abc9642f35d662af6f8b0a1c49d597981ea3dcfde1f46e,2025-11-01T10:41:25.603360+00:00,2025-11-01T10:41:42+00:00,245
c44aec5165a6a6e0ec939ccadcb52ccb47319a23aa84d7ed147a6cf2d98e0cf8,2025-11-01T10:41:25.735143+00:00,2025-11-01T10:41:32+00:00,243
4fdf227591ad74133516008de65e4fcd343121b56e3e209a151cc682bf6dec07,2025-11-01T10:41:25.864662+00:00,2025-11-01T10:41:42+00:00,245
7a2f1599d9ceb699690959d6114ecd1d8c995852a07cb7ea89f515ec1ae452db,2025-11-01T10:41:25.994850+00:00,2025-11-01T10:41:32+00:00,243
00cbd2cd566459b7c4f47f1b63d02a893e8346e90c3f8b986b8c05cbfb045924,2025-11-01T10:41:26.133218+00:00,2025-11-01T10:41:32+00:00,243
5b839abaa4181773d46c042e3273737ef9188c259860d7107623e91d1a7dcc99,2025-11-01T10:41:26.262890+00:00,2025-11-01T10:41:32+00:00,243
f65cd4fde83ddb94fc7d46979b958940bcac2e619d764d4f7e8bd6388d5f8634,2025-11-01T10:41:26.397572+00:00,2025-11-01T10:41:42+00:00,245
0c37cfeb410621db3b84bb82f5833121890538a9155b9107a003b33c865de6c2,2025-11-01T10:41:26.531979+00:00,2025-11-01T10:41:32+00:00,243
cb19ebf8fffb3cbca7826b0187abc83666d9088b2a86b0bdf2e1a8fa37216163,2025-11-01T10:41:26.660477+00:00,2025-11-01T10:41:42+00:00,245
d1605cacf8c24f09cc78283347e58a7024176a12dfbfcdfdb9468efd28ae0846,2025-11-01T10:41:26.794602+00:00,2025-11-01T10:41:32+00:00,243
a38d2c198db352385c021e2d7643ad7022d488114733372eb66912d274fff339,2025-11-01T10:41:26.930391+00:00,2025-11-01T10:41:42+00:00,245
b62a967483b1a66f2e787176c2739f9d7c52ed7b6c5d36f2d4434b0a9b62e5e9,2025-11-01T10:41:27.060796+00:00,2025-11-01T10:41:32+00:00,243
6c467913c4ae7a97ffc3dd4dd54464d9be95092a58513b0dba55d600abe238eb,2025-11-01T10:41:27.200458+00:00,2025-11-01T10:41:32+00:00,243
339a934877f928e4f2a6a96ceccc952f59e12300e7ba42da06d42665c12a06f5,2025-11-01T10:41:27.335266+00:00,2025-11-01T10:41:42+00:00,245
267803e33560097c6b801a7707ad229ba25b1d1887033b40879cfe293378911b,2025-11-01T10:41:27.470185+00:00,2025-11-01T10:41:42+00:00,245
31b4b85eb39a8dd719c66a56bb4f1b2cbd35183fea0cfe0200a2575d061ffa07,2025-11-01T10:41:27.597260+00:00,2025-11-01T10:41:42+00:00,245
b489af7c540dfd719b468876a35f3325d7428584ba2ac0cd818e017414c99155,2025-11-01T10:41:27.731482+00:00,2025-11-01T10:41:42+00:00,245
f0b1bf492fb47b1f6acc12d7f3ff587b312fdb82dc23f55733b73ac64410cf7c,2025-11-01T10:41:27.859147+00:00,2025-11-01T10:41:42+00:00,245
0b1b7a19a7a620e4827e4e0fad59e664b09aff205853c726075839a1b812a9cd,2025-11-01T10:41:27.995699+00:00,2025-11-01T10:41:32+00:00,243
609dd10ffa88136a642bbfc4a780753bbbba8663490be6448ea38b1541411212,2025-11-01T10:41:28.125784+00:00,2025-11-01T10:41:42+00:00,245
38d0f6069b36879f454f223723268dedf053a683e28ebdd5ece35a9036bf0fdd,2025-11-01T10:41:28.254476+00:00,2025-11-01T10:41:42+00:00,245
41d04fce1a67a5608a36b89cb46387f756fedc7a279053e8b907bf16b0a98027,2025-11-01T10:41:28.383842+00:00,2025-11-01T10:41:42+00:00,245
21b8175a492199d452fc4fe36fc7be09dbb0c3c8a814e43c0e3e6b2278a38f33,2025-11-01T10:41:28.511026+00:00,2025-11-01T10:41:42+00:00,245
2a67b451e4d407a674ee8f9ca5441d2fd4721fd9b81e2ab86a246e141e38873c,2025-11-01T10:41:28.639174+00:00,2025-11-01T10:41:32+00:00,243
4f54e0a872af35dd1e5c33dbaef5db6f13f0b691926d681049ab8009a3ccaeab,2025-11-01T10:41:28.766177+00:00,2025-11-01T10:41:42+00:00,245
67d5f2e50f72f88493b4a6d68b028df17d9359bfc30e7accb58d11cee7a656a2,2025-11-01T10:41:28.894044+00:00,2025-11-01T10:41:42+00:00,245
919183a0c8341e7a9db1f561fc5e76f820f301ace7dad6e693ce8fe2e39d96e4,2025-11-01T10:41:29.025389+00:00,2025-11-01T10:41:32+00:00,243
42e43b101c17ed77862c9ea472254002c4fd44a3eab22318808de009b835a37b,2025-11-01T10:41:29.159485+00:00,2025-11-01T10:41:32+00:00,243
16c8d11dd870884be3c5c20a4e3891cc65d515e1ac5b37ba7c1eec8526581dc9,2025-11-01T10:41:29.292457+00:00,2025-11-01T10:41:32+00:00,243
c7d80e034cadff089c089c55332fa2bd221e432f7d69798301cd53b59de097f8,2025-11-01T10:41:29.426195+00:00,2025-11-01T10:41:32+00:00,243
4b0ed5508c5fe9611d8fd227196c828c0ecadc134528b5446deceadecf755346,2025-11-01T10:41:29.556484+00:00,2025-11-01T10:41:42+00:00,245
bc20f8f85a4df91f791f8987d3e5aa9e1a623917e07c770d952adff02b290157,2025-11-01T10:41:29.682999+00:00,2025-11-01T10:41:42+00:00,245
b18fd8e348a29c9970599ba0ee10b529c9e73687047144222f39788a2a27c0f2,2025-11-01T10:41:29.810840+00:00,2025-11-01T10:41:42+00:00,245
fe7ce8383b133e221a4142d87c62711a8aab72abf0be06e6c51c7a50293f288d,2025-11-01T10:41:29.939487+00:00,2025-11-01T10:41:42+00:00,245
400c07ac27fc6bbbb14d3f2745966843dce5ac50fdd6a2a5757d6685568478a8,2025-11-01T10:41:30.066610+00:00,2025-11-01T10:41:42+00:00,245
74b1dd78dcdd07871eabd065a1e8a2b62851d87f9ca746dbaf71cefe3e9f6de1,2025-11-01T10:41:30.193619+00:00,2025-11-01T10:41:42+00:00,245
3dcf2202d1d2d3bfc7257e07327053807bbf946207a3fcbc47ede073bd206287,2025-11-01T10:41:30.325279+00:00,2025-11-01T10:41:42+00:00,245
8f8563d40ea3bbe4fd88e65f93bd6192b594532122c4ba31f15a3cafad4ba4b7,2025-11-01T10:41:30.455557+00:00,2025-11-01T10:41:42+00:00,245
e8f62cec5b302305ce6d177fa2dda60e267fa8a2ca6ee9c14f7ca82761603072,2025-11-01T10:41:30.585358+00:00,2025-11-01T10:41:42+00:00,245
d9bdf440a615517483ffb1f8950ce80e719861b1fae47094e5414368d03e4e8e,2025-11-01T10:41:30.714226+00:00,2025-11-01T10:41:42+00:00,245
4da9ea1d0ad51e78d4c8e8fbb9cdda626f49ef832e2b0c7d60f49220fa37178c,2025-11-01T10:41:30.842612+00:00,2025-11-01T10:41:42+00:00,245
72f89ad23b267761e2a0df827e8f47042a19f91fe18e1067f05fbcb2b3572b71,2025-11-01T10:41:30.971487+00:00,2025-11-01T10:41:42+00:00,245
65a843889128685e859196b709393e48e0f4c4fd04ab81743fd410ae2388a276,2025-11-01T10:41:31.100947+00:00,2025-11-01T10:41:42+00:00,245
c8dc3919bf7e366aaa01986f535280225317b6317a208e8ecae90213c15baf0e,2025-11-01T10:41:31.227910+00:00,2025-11-01T10:41:42+00:00,245
08b0a0fab3017b71581f7292de01a750abb364ddbeef9849e2d944932d364c39,2025-11-01T10:41:31.357880+00:00,2025-11-01T10:41:42+00:00,245
983af466b7098939831f8876adf847e21f8a0eb232ae3f87aabe04de352e2a34,2025-11-01T10:41:31.489026+00:00,2025-11-01T10:41:42+00:00,245
b3d9605f6d1d57cd650e8a8871d035f682e29412f5ce886cc9feac3854f77e15,2025-11-01T10:41:31.620872+00:00,2025-11-01T10:41:42+00:00,245
32c3d355dbca92e124651dd42223094895311b9943abb42f4b2a551f0e28e5fa,2025-11-01T10:41:31.750882+00:00,2025-11-01T10:41:42+00:00,245
f8c278ebcfc30873e5c9b75b3aee33db3273c6a51ba1cdea843fbcd245bb62e7,2025-11-01T10:41:31.882297+00:00,2025-11-01T10:41:42+00:00,245
57f35accf02c1004c81ef2f19b26d110456327a5eccff34343055857feedcdfb,2025-11-01T10:41:32.012530+00:00,2025-11-01T10:41:42+00:00,245
dde44f0b75f96424af8bab0bbff49f3dbdf7f7932efa066e372d90b592c4b058,2025-11-01T10:41:32.146296+00:00,2025-11-01T10:41:42+00:00,245
576126d2ab1dfe2994bbab9b02e3fd4a7c8f798f41e513f5e2e20d4c97d26d37,2025-11-01T10:41:32.278773+00:00,2025-11-01T10:41:42+00:00,245
48efc38bc823b0e910605e0ce71dea17222ce4a9ad1699f09a8cc37a5ba26d50,2025-11-01T10:41:32.585400+00:00,2025-11-01T10:41:42+00:00,245
d797c01050f5ea5a48218cf78a907b3ac3929163bd8f50f7e6e3f8767cf1781a,2025-11-01T10:41:32.715445+00:00,2025-11-01T10:41:42+00:00,245
d4396e19171bb2c952ebd504d395f791e8e0dcc6cb903db895d2ccf680d6a032,2025-11-01T10:41:32.851762+00:00,2025-11-01T10:41:42+00:00,245
19347e5d7684299f7f482a687d0df9e2ca20e912512e8bbaaced470629c33e89,2025-11-01T10:41:32.979121+00:00,2025-11-01T10:41:42+00:00,245
9500a80c6125dbaabdb697900e088fabeff5a4827df2189a0b95c3fc60184bfc,2025-11-01T10:41:33.105726+00:00,2025-11-01T10:41:42+00:00,245
92e35830136599b03bfb8c3a4a7e6e507fc6ad5c0335f44c6f482a2ad07807c3,2025-11-01T10:41:33.240444+00:00,2025-11-01T10:41:42+00:00,245
83bed2e5de7a58d3c9c932af0f0bae6c636355b590d78c0939a31efe3a528691,2025-11-01T10:41:33.372099+00:00,2025-11-01T10:41:42+00:00,245
5f4d3ea680236c34fddd33a9c68b3a20010c4a12f9bff7e09016135c51cb04c2,2025-11-01T10:41:33.504995+00:00,2025-11-01T10:41:42+00:00,245
8a96c0ae27581f8e7e5555db33ff4f9bc75ea0c5a0909953f45e282f94912221,2025-11-01T10:41:33.637034+00:00,2025-11-01T10:41:42+00:00,245
ada12a5485013b0ddf2f7be142f9204bc2b7a777b2a2532adf8037f807f6f694,2025-11-01T10:41:33.775369+00:00,2025-11-01T10:41:42+00:00,245
8c6e88487aa9c0dc8316099a4eb8879cf98bdb858ec104e4cf2f2ad94ab25c02,2025-11-01T10:41:33.902015+00:00,2025-11-01T10:41:42+00:00,245
e41036ccb154e8dd02388f4c7aa61fa70817c9451f585ca163753bc9c9245a2e,2025-11-01T10:41:34.034794+00:00,2025-11-01T10:41:42+00:00,245
31c56c432674ac014c4cbf0e1551371f76a581b438acb97f489963e6a16960bb,2025-11-01T10:41:34.161260+00:00,2025-11-01T10:41:42+00:00,245
ea46e3d79493038cf40e850694009c57ad8218cb08a3bcdeb4f60f966082dc65,2025-11-01T10:41:34.301146+00:00,2025-11-01T10:41:42+00:00,245
83e57d084874c08d770d90ee86da7f6ab0bfd1eeb18cec4ec47d83a5d383c8f0,2025-11-01T10:41:34.436280+00:00,2025-11-01T10:41:42+00:00,245
263b135550a9462be2cbde46bcafc0bb58191bfd2e39cac372116d1520301a3c,2025-11-01T10:41:34.567393+00:00,2025-11-01T10:41:42+00:00,245
1d93bdbfa243bd2e058b1670f4f2a73aa64ecc8363eaa19f534e1d896fa786b5,2025-11-01T10:41:34.699429+00:00,2025-11-01T10:41:42+00:00,245
026e08e066b3712336d2515f8b774eea77fbcd6a8361ebbd479c09d42f6106fd,2025-11-01T10:41:34.829370+00:00,2025-11-01T10:41:42+00:00,245
bc591746d71b3ea71b82f66aaa35ff0bd86c261dbdf817c6ea40489a208f75e6,2025-11-01T10:41:34.961783+00:00,2025-11-01T10:41:42+00:00,245
62b157d562cf3f0c418c83f0649ed083f36723516593b294ef7a14de3938dc84,2025-11-01T10:41:35.089351+00:00,2025-11-01T10:41:42+00:00,245
c1e6be821af354f6cef3066ae1473474189239451d686e9c8d233cbebe03a5ae,2025-11-01T10:41:35.216220+00:00,2025-11-01T10:41:42+00:00,245
c5c40f09ed849cb11b912764cec14bf1847ab5a6db22b1a717ab264b4920ae1e,2025-11-01T10:41:35.357643+00:00,2025-11-01T10:41:42+00:00,245
75905feab16172500370e5caba3f06cced71fc3dddf7437642280423c351db26,2025-11-01T10:41:35.488670+00:00,2025-11-01T10:41:42+00:00,245
938716224e9ba859dacabb53073e5c07d8feaf400e569c2058bbeffe12f55be5,2025-11-01T10:41:35.619038+00:00,2025-11-01T10:41:42+00:00,245
8224bfaa9655012e30448851c7d4d94048e546ad6f6e9884a6a2a64e858f3b27,2025-11-01T10:41:35.750526+00:00,2025-11-01T10:41:42+00:00,245
e506ef8e1a9f39f184f18870c8232322d785ec7e42c0c106a063a90eaad2ed91,2025-11-01T10:41:35.880464+00:00,2025-11-01T10:41:42+00:00,245
c784d5727d3d4535933535da85df01b67e1ce354b3369a6d92c3ce05ec5a9bbc,2025-11-01T10:41:36.012729+00:00,2025-11-01T10:41:42+00:00,245
78beea4dfb9160e3744f91c142c0786d1e613d2f8dee4ccbae62dc9d2d053a4f,2025-11-01T10:41:36.139469+00:00,2025-11-01T10:41:42+00:00,245
0bf238e9bfc30c4ac8e02525e89d424d2edf89f8d96969b54dd3f2651e06a0b0,2025-11-01T10:41:36.268553+00:00,2025-11-01T10:41:42+00:00,245
c032d11ca651efdcac175af056a2a7b52d154ea3dcd24dbc559bf019e04d91a6,2025-11-01T10:41:36.394649+00:00,2025-11-01T10:41:42+00:00,245
f807ddc18129eef2572ccc58fc6d603a003870e6b4c745dbb27f69b55b3a4133,2025-11-01T10:41:36.521564+00:00,2025-11-01T10:41:42+00:00,245
b318ff2564ec8fea7d1f3793f944b949195da1ffbe3c764970e3d5185338a6a9,2025-11-01T10:41:36.651103+00:00,2025-11-01T10:41:42+00:00,245
82ef69a9c8e9797b37229b4c0172f775421e5d65636d498dcade0b878feebf77,2025-11-01T10:41:36.785893+00:00,2025-11-01T10:41:42+00:00,245
1ed6ba74d91fa560874f532cf093399e34de5cbcfcd96d5bbaf1fbe7f65522b2,2025-11-01T10:41:36.912033+00:00,2025-11-01T10:41:42+00:00,245
497b21f8adf18faaa507e7932e738eb0f92220e4cfcaf4ac498f45ee717e4e73,2025-11-01T10:41:37.043905+00:00,2025-11-01T10:41:42+00:00,245
a4b91333d1b823b362196d73f9686d764d86a8fc96795cb359dc821a858b9ff8,2025-11-01T10:41:37.172903+00:00,2025-11-01T10:41:42+00:00,245
a0cfe5dc86307705d644d1d2eda71ae8a7d46ff352052085acf9c56633b56e26,2025-11-01T10:41:37.300955+00:00,2025-11-01T10:41:42+00:00,245
39dc3b91577ddfc8584efdebd3191b6ff2ac05140cc8b3912885ed1214a623bf,2025-11-01T10:41:37.432236+00:00,2025-11-01T10:41:42+00:00,245
8b2e92cdf955240d540aebc04457a1a180b7038dbd3b10a183f952a26dd030ea,2025-11-01T10:41:37.563335+00:00,2025-11-01T10:41:42+00:00,245
eba33b4f5051b4b3c66ed523fd793ff6213a586b182113ec3b23cabb77cdab85,2025-11-01T10:41:37.692914+00:00,2025-11-01T10:41:42+00:00,245
c13621e056d360a6a4f2c969f26300bf77f7e3c0198133870e47e3dff439fd91,2025-11-01T10:41:37.823269+00:00,2025-11-01T10:41:42+00:00,245
bc490a3287173b39e53bc255bf4cb1f7163342aaba37df34198c1ed4e6f11e21,2025-11-01T10:41:37.951059+00:00,2025-11-01T10:41:42+00:00,245
3121172275c5b1d53ac6b893efe9b7e374118179fdbc604dde237fe849dc4fbf,2025-11-01T10:41:38.081247+00:00,2025-11-01T10:41:42+00:00,245
0cb3e0897a333e4e23dcf8cd78883975e4980204ec5e87c3c2a56bc34e41819c,2025-11-01T10:41:38.208934+00:00,2025-11-01T10:41:42+00:00,245
96a47e1bbb2992e806c5297a2b8f7f2c70e0a85d0bf93c18bed22f58b8cdf5dc,2025-11-01T10:41:38.339619+00:00,2025-11-01T10:41:42+00:00,245
ebd08c583c5547d1b44ecae96b00207aac09174b353caa86de345f56df446975,2025-11-01T10:41:38.469209+00:00,2025-11-01T10:41:42+00:00,245
730b964ba64043512da3306ab9796c5f867eae19e4c791000aeeb95f35e2212b,2025-11-01T10:41:38.601105+00:00,2025-11-01T10:41:42+00:00,245
b22b6c6fca160d7daa8887ccb6d3e5dc011be07bbb2abb8eda5a64ecbe419937,2025-11-01T10:41:38.727945+00:00,2025-11-01T10:41:42+00:00,245
f17b61fb6905b45cf45b0ce8307a6d1f2677f835816f5ec82230a84f8b04e6e5,2025-11-01T10:41:38.860079+00:00,2025-11-01T10:41:42+00:00,245
99f7c4707b5711d8f75b9feb344529af605a34080cc028bb272993387edd27f3,2025-11-01T10:41:38.989023+00:00,2025-11-01T10:41:42+00:00,245
d0918398d2c383a6efe43ca28f3dec377227af53d6aaca53f0b524a2e976daea,2025-11-01T10:41:39.116752+00:00,2025-11-01T10:41:42+00:00,245
8d813ffc440ac376e6991e0290abcc7dc8b71d4e1eb345ee6115742f5de6c67a,2025-11-01T10:41:39.248920+00:00,2025-11-01T10:41:42+00:00,245
a2a9e1e94354a3e790bffcbdd971ea70fc6bbe1bd7505e3484622cc707c7a876,2025-11-01T10:41:39.380845+00:00,2025-11-01T10:41:42+00:00,245
8f845f7d55824e075f2d98d1f19998e17650eae5123389d28c4870d657dd952e,2025-11-01T10:41:39.515502+00:00,2025-11-01T10:41:42+00:00,245
ba320590c17a0349fe67f016f274c351901e852cd476d7170b230fce90c239f1,2025-11-01T10:41:39.645312+00:00,2025-11-01T10:41:42+00:00,245
bc70db91a99fd259539006d00fae90fa3b86318b15946d40a8c50855941b8076,2025-11-01T10:41:39.776370+00:00,2025-11-01T10:41:42+00:00,245
acb69ef7cb0fe2c70c2273618818e858f2e5adc78fa6de3132e54b16d0fa9939,2025-11-01T10:41:39.903071+00:00,2025-11-01T10:41:42+00:00,245
01e71caee26487665c55902c259e817950be98117858c545b763d0882d3dbaed,2025-11-01T10:41:40.033601+00:00,2025-11-01T10:41:42+00:00,245
be43e134827519a174de2d379620c9505681ef04b87b91ba6182e3a570ff9e3d,2025-11-01T10:41:40.161819+00:00,2025-11-01T10:41:47+00:00,246
42a733f4ec764b93cbb8bb40b540d66978808bdf9cd8a2543a7bdd246f8c2a05,2025-11-01T10:41:40.289022+00:00,2025-11-01T10:41:47+00:00,246
fac51972cf8dba1926676dc12fe9b1feb7aa922eeac106374e255de9198cdbbd,2025-11-01T10:41:40.419891+00:00,2025-11-01T10:41:47+00:00,246
26d9fb1e9819fb5d4a49849410d8b584fe90de3f9216256d928a10cacf55fb5c,2025-11-01T10:41:40.546284+00:00,2025-11-01T10:41:47+00:00,246
7a17c7c6441b8829a91749b7a572ffc5cebb891a2d81bffbd40f02e288e75e4d,2025-11-01T10:41:40.679605+00:00,2025-11-01T10:41:47+00:00,246
61f2bae4ce4353c9a911293690a63b9765397c5f8fe2e497ea5203204cc0b9a3,2025-11-01T10:41:40.808067+00:00,2025-11-01T10:41:47+00:00,246
0fc44ac09c94b5803cdd0c825ba3d3dc7ac6d310401f2705771bcd3ef7a48a9e,2025-11-01T10:41:40.940606+00:00,2025-11-01T10:41:47+00:00,246
8cbbe7d6488d808b02d37c8e33bad1787030fa3eae0fa357ed2cd0af95c2a6a8,2025-11-01T10:41:41.074102+00:00,2025-11-01T10:41:47+00:00,246
be562f2e28dbed1dc816422668b07d583e7c115014e633982d7bffa68466bba5,2025-11-01T10:41:41.201936+00:00,2025-11-01T10:41:47+00:00,246
cb7288d93555e494d7c68601fe79aa30210d5ac8aae23d730e60f0f5cc04b57a,2025-11-01T10:41:41.330008+00:00,2025-11-01T10:41:47+00:00,246
bdb3dc8af387375fb461d2f49e0004f63f6a0915bed2c308e63dd3eaffdcbb2a,2025-11-01T10:41:41.459436+00:00,2025-11-01T10:41:47+00:00,246
a2f3d632f80d4f612a199a3a38b32c6559dd06a9c43a1688e919d01d377d1a2c,2025-11-01T10:41:41.586922+00:00,2025-11-01T10:41:47+00:00,246
dda48e38496d27d804f91fd9bf94eb09b9d00691b50199844d7f68dc960797b0,2025-11-01T10:41:41.716906+00:00,2025-11-01T10:41:47+00:00,246
9169879e0efedcbc77847ff77d879dca48d824c4143a98141b51684fbb4cb6db,2025-11-01T10:41:41.845396+00:00,2025-11-01T10:41:47+00:00,246
010856d8758197d5d1fb1360037d7f55be9b1d4ded46d748ee0b4aaf980edfb5,2025-11-01T10:41:41.977350+00:00,2025-11-01T10:41:47+00:00,246
9c03ba49cabf58615cd62d99a0e40126fd53c4341cac875ee910027863446f89,2025-11-01T10:41:42.108933+00:00,2025-11-01T10:41:47+00:00,246
b945410b3fa7e63db4386e3072ab209b196169b6f2fd02a1e258fcfe5ca7b928,2025-11-01T10:41:42.246088+00:00,2025-11-01T10:41:47+00:00,246
dc752126c55ea2f949141aaf514a953513a5392807dec255bfa959b5cdf82059,2025-11-01T10:41:42.379469+00:00,2025-11-01T10:41:47+00:00,246
124463afa293a254b4c659c21137aeb06719791d44be37a18c4254149223ad6c,2025-11-01T10:41:42.864309+00:00,2025-11-01T10:41:47+00:00,246
261a7eb799038c90449f192e21dd9bda340d5cd2f51c9bf7726dd7df9b6d3373,2025-11-01T10:41:42.993968+00:00,2025-11-01T10:41:47+00:00,246
47579c460c55ca8ad92fe0c2ba36c83a75164d8371763fc042134bd88986f254,2025-11-01T10:41:43.123187+00:00,2025-11-01T10:41:47+00:00,246
9e1b2ff3d075e9480e40054d885163e403e85605beb566ffc798f03691df8a57,2025-11-01T10:41:43.250377+00:00,2025-11-01T10:41:47+00:00,246
8d319fc683c310ff360cb38ec44edf30348eb6b51ce0025923cfc7614a71ffbb,2025-11-01T10:41:43.375955+00:00,2025-11-01T10:41:47+00:00,246
1f10fdea1ea7c5a3945752b5efcc9a4cbce043fe840911c8bed3a003a49a0c9a,2025-11-01T10:41:43.502916+00:00,2025-11-01T10:41:47+00:00,246
f2c08d92b1f2bde8fa877daf8753d50d05a35d628e5c633c0157106a252e3a1a,2025-11-01T10:41:43.630179+00:00,2025-11-01T10:41:47+00:00,246
5e2e4b07b3473f883567f018f1fd196efc4c730dcbd1e9e96ba7008c1717d7a0,2025-11-01T10:41:43.755915+00:00,2025-11-01T10:41:47+00:00,246
ae2844eec92eb0e181d7ec334a5acea4592d78eede7a79215fa4cff783d49341,2025-11-01T10:41:43.888970+00:00,2025-11-01T10:41:47+00:00,246
a75e9b6ebb858c6925da499deeb370bb20d0d9126bb926c73ae8001d8e88048f,2025-11-01T10:41:44.017092+00:00,2025-11-01T10:41:47+00:00,246
e206685f2a7c9d9fd06bdc3c2ff77bd0078f38bbbd6d66210a0352a285ee4c4c,2025-11-01T10:41:44.144924+00:00,2025-11-01T10:41:47+00:00,246
50527e4382463f605461bc2c2fce76cc11caf0f7ae97bed0852e7da48f72a2a1,2025-11-01T10:41:44.275183+00:00,2025-11-01T10:41:47+00:00,246
2b21a61a4929ee26189475740d770f92228c50cf9e90ee38a7f95aa952fc6dc4,2025-11-01T10:41:44.402335+00:00,2025-11-01T10:41:47+00:00,246
2018044d5db280610b0752ebaded148f5989529db3bbff135c390389a831def7,2025-11-01T10:41:44.552078+00:00,2025-11-01T10:41:47+00:00,246
d4e99e7350946c4df0b833cf0fd179660c5da8e7336514f0630b6fd20c295ba4,2025-11-01T10:41:44.693219+00:00,2025-11-01T10:41:47+00:00,246
