2025-11-02T16:34:39Z Warning: reindex=1 is set in the configuration file, which will significantly slow down startup. Consider removing or commenting out this option for better performance, unless there is currently a condition which makes rebuilding the indexes necessary
2025-11-02T16:34:39Z Bitcoin Core version v27.0.0 (release build)
2025-11-02T16:34:39Z Script verification uses 7 additional threads
2025-11-02T16:34:39Z Using the 'arm_shani(1way,2way)' SHA256 implementation
2025-11-02T16:34:39Z Default data directory /home/bitcoin/.bitcoin
2025-11-02T16:34:39Z Using data directory /home/bitcoin/.bitcoin/regtest
2025-11-02T16:34:39Z Config file: /home/bitcoin/.bitcoin/bitcoin.conf
2025-11-02T16:34:39Z Config file arg: [regtest] fallbackfee="0.0002"
2025-11-02T16:34:39Z Config file arg: [regtest] maxmempool="500"
2025-11-02T16:34:39Z Config file arg: [regtest] reindex="1"
2025-11-02T16:34:39Z Config file arg: [regtest] rpcallowip="0.0.0.0/0"
2025-11-02T16:34:39Z Config file arg: [regtest] rpcbind="0.0.0.0"
2025-11-02T16:34:39Z Config file arg: [regtest] rpcpassword=****
2025-11-02T16:34:39Z Config file arg: [regtest] rpcuser=****
2025-11-02T16:34:39Z Config file arg: [regtest] server="1"
2025-11-02T16:34:39Z Command-line arg: connect="node47:18444"
2025-11-02T16:34:39Z Command-line arg: connect="node49:18444"
2025-11-02T16:34:39Z Command-line arg: datadir="/home/bitcoin/.bitcoin"
2025-11-02T16:34:39Z Command-line arg: discover="1"
2025-11-02T16:34:39Z Command-line arg: dnsseed="0"
2025-11-02T16:34:39Z Command-line arg: listen="1"
2025-11-02T16:34:39Z Command-line arg: maxconnections="64"
2025-11-02T16:34:39Z Command-line arg: printtoconsole="1"
2025-11-02T16:34:39Z Command-line arg: regtest="1"
2025-11-02T16:34:39Z Command-line arg: rpcallowip="0.0.0.0/0"
2025-11-02T16:34:39Z Command-line arg: rpcbind="0.0.0.0"
2025-11-02T16:34:39Z Command-line arg: rpcpassword=****
2025-11-02T16:34:39Z Command-line arg: rpcuser=****
2025-11-02T16:34:39Z Command-line arg: server="1"
2025-11-02T16:34:39Z Command-line arg: txindex="1"
2025-11-02T16:34:39Z Command-line arg: zmqpubhashblock="tcp://0.0.0.0:28332"
2025-11-02T16:34:39Z Command-line arg: zmqpubhashtx="tcp://0.0.0.0:28333"
2025-11-02T16:34:39Z Using at most 64 automatic connections (1048576 file descriptors available)
2025-11-02T16:34:39Z Using 16 MiB out of 16 MiB requested for signature cache, able to store 524288 elements
2025-11-02T16:34:39Z Using 16 MiB out of 16 MiB requested for script execution cache, able to store 524288 elements
2025-11-02T16:34:39Z scheduler thread start
2025-11-02T16:34:39Z Binding RPC on address 0.0.0.0 port 18443
2025-11-02T16:34:39Z WARNING: the RPC server is not safe to expose to untrusted networks such as the public internet
2025-11-02T16:34:39Z Binding RPC on address 0.0.0.0 port 18443
2025-11-02T16:34:39Z Binding RPC on address 0.0.0.0 port 18443 failed.
2025-11-02T16:34:39Z Config options rpcuser and rpcpassword will soon be deprecated. Locally-run instances may remove rpcuser to use cookie-based auth, or may be replaced with rpcauth. Please see share/rpcauth for rpcauth auth generation.
2025-11-02T16:34:39Z Starting HTTP server with 4 worker threads
2025-11-02T16:34:39Z Using wallet directory /home/bitcoin/.bitcoin/regtest/wallets
2025-11-02T16:34:39Z init message: Verifying wallet(s)…
2025-11-02T16:34:39Z Using /16 prefix for IP bucketing
2025-11-02T16:34:39Z init message: Loading P2P addresses…
2025-11-02T16:34:39Z Creating peers.dat because the file was not found ("/home/bitcoin/.bitcoin/regtest/peers.dat")
2025-11-02T16:34:39Z init message: Loading banlist…
2025-11-02T16:34:39Z Recreating the banlist database
2025-11-02T16:34:39Z SetNetworkActive: true
2025-11-02T16:34:39Z /home/bitcoin/.bitcoin/regtest/fee_estimates.dat is not found. Continue anyway.
2025-11-02T16:34:39Z Script verification uses 7 additional threads
2025-11-02T16:34:39Z Cache configuration:
2025-11-02T16:34:39Z * Using 2.0 MiB for block index database
2025-11-02T16:34:39Z * Using 56.0 MiB for transaction index database
2025-11-02T16:34:39Z * Using 8.0 MiB for chain state database
2025-11-02T16:34:39Z * Using 384.0 MiB for in-memory UTXO set (plus up to 476.8 MiB of unused mempool space)
2025-11-02T16:34:39Z init message: Loading block index…
2025-11-02T16:34:39Z Validating signatures for all blocks.
2025-11-02T16:34:39Z Setting nMinimumChainWork=0000000000000000000000000000000000000000000000000000000000000000
2025-11-02T16:34:39Z Wiping LevelDB in /home/bitcoin/.bitcoin/regtest/blocks/index
2025-11-02T16:34:39Z Opening LevelDB in /home/bitcoin/.bitcoin/regtest/blocks/index
2025-11-02T16:34:39Z Opened LevelDB successfully
2025-11-02T16:34:39Z Using obfuscation key for /home/bitcoin/.bitcoin/regtest/blocks/index: 0000000000000000
2025-11-02T16:34:39Z Initializing databases...
2025-11-02T16:34:39Z Initializing chainstate Chainstate [ibd] @ height -1 (null)
2025-11-02T16:34:39Z Wiping LevelDB in /home/bitcoin/.bitcoin/regtest/chainstate
2025-11-02T16:34:39Z Opening LevelDB in /home/bitcoin/.bitcoin/regtest/chainstate
2025-11-02T16:34:39Z Opened LevelDB successfully
2025-11-02T16:34:39Z Wrote new obfuscate key for /home/bitcoin/.bitcoin/regtest/chainstate: b99be5d6dc635f36
2025-11-02T16:34:39Z Using obfuscation key for /home/bitcoin/.bitcoin/regtest/chainstate: b99be5d6dc635f36
2025-11-02T16:34:39Z Opening LevelDB in /home/bitcoin/.bitcoin/regtest/chainstate
2025-11-02T16:34:39Z Opened LevelDB successfully
2025-11-02T16:34:39Z Using obfuscation key for /home/bitcoin/.bitcoin/regtest/chainstate: b99be5d6dc635f36
2025-11-02T16:34:39Z [Chainstate [ibd] @ height -1 (null)] resized coinsdb cache to 8.0 MiB
2025-11-02T16:34:39Z [Chainstate [ibd] @ height -1 (null)] resized coinstip cache to 384.0 MiB
2025-11-02T16:34:39Z init message: Verifying blocks…
2025-11-02T16:34:39Z  block index             135ms
2025-11-02T16:34:39Z Wiping LevelDB in /home/bitcoin/.bitcoin/regtest/indexes/txindex
2025-11-02T16:34:39Z Opening LevelDB in /home/bitcoin/.bitcoin/regtest/indexes/txindex
2025-11-02T16:34:39Z Opened LevelDB successfully
2025-11-02T16:34:39Z Using obfuscation key for /home/bitcoin/.bitcoin/regtest/indexes/txindex: 0000000000000000
2025-11-02T16:34:39Z Setting NODE_NETWORK on non-prune mode
2025-11-02T16:34:39Z initload thread start
2025-11-02T16:34:39Z Reindexing finished
2025-11-02T16:34:39Z UpdateTip: new best=0f9188f13cb7b2c71f2a335e3a4fc328bf5beb436012afca590b1a11466e2206 height=0 version=0x00000001 log2_work=1.000000 tx=1 date='2011-02-02T23:16:42Z' progress=1.000000 cache=0.3MiB(0txo)
2025-11-02T16:34:39Z block tree size = 1
2025-11-02T16:34:39Z nBestHeight = 0
2025-11-02T16:34:39Z Failed to open mempool file from disk. Continuing anyway.
2025-11-02T16:34:39Z initload thread exit
2025-11-02T16:34:39Z txindex thread start
2025-11-02T16:34:39Z txindex is enabled
2025-11-02T16:34:39Z txindex thread exit
2025-11-02T16:34:39Z Bound to 127.0.0.1:18445
2025-11-02T16:34:39Z Bound to [::]:18444
2025-11-02T16:34:39Z Bound to 0.0.0.0:18444
2025-11-02T16:34:39Z init message: Starting network threads…
2025-11-02T16:34:39Z torcontrol thread start
2025-11-02T16:34:39Z DNS seeding disabled
2025-11-02T16:34:39Z net thread start
2025-11-02T16:34:39Z addcon thread start
2025-11-02T16:34:39Z init message: Done loading
2025-11-02T16:34:39Z msghand thread start
2025-11-02T16:34:39Z opencon thread start
2025-11-02T16:34:41Z connect() to 172.19.0.22:18444 failed after wait: Connection refused (111)
2025-11-02T16:34:42Z connect() to 172.19.0.57:18444 failed after wait: Connection refused (111)
2025-11-02T16:34:43Z New manual v2 peer connected: version: 70016, blocks=0, peer=1
2025-11-02T16:34:44Z connect() to 172.19.0.57:18444 failed after wait: Connection refused (111)
2025-11-02T16:34:47Z New manual v2 peer connected: version: 70016, blocks=0, peer=3
2025-11-02T16:34:53Z Synchronizing blockheaders, height: 7 (~100.00%)
2025-11-02T16:34:53Z Leaving InitialBlockDownload (latching to false)
2025-11-02T16:34:53Z UpdateTip: new best=172110aab2135a94fdb3ed08967cb02783c17e77d89fc0703c5bee50a6b61df6 height=1 version=0x20000000 log2_work=2.000000 tx=2 date='2025-11-02T16:34:52Z' progress=1.000000 cache=0.3MiB(1txo)
2025-11-02T16:34:53Z UpdateTip: new best=3015cdb573095316da811a6becfba7468258c649b69928d68b88290d160a8a78 height=2 version=0x20000000 log2_work=2.584963 tx=3 date='2025-11-02T16:34:53Z' progress=1.000000 cache=0.3MiB(2txo)
2025-11-02T16:34:53Z Saw new header hash=460004baee1fe0178095499f8f276008882e88b1370d6528061a74e502bdd40e height=8
2025-11-02T16:34:53Z UpdateTip: new best=3837d2fabb05d355bd08bfa5098cf391f09915329d8ca7f346d1daa54d1de6fa height=3 version=0x20000000 log2_work=3.000000 tx=4 date='2025-11-02T16:34:53Z' progress=1.000000 cache=0.3MiB(3txo)
2025-11-02T16:34:53Z UpdateTip: new best=215d88661e036f2fe6894252d739ac65c4395e657d3defe92fdde36487b84512 height=4 version=0x20000000 log2_work=3.321928 tx=5 date='2025-11-02T16:34:54Z' progress=1.000000 cache=0.3MiB(4txo)
2025-11-02T16:34:53Z Saw new header hash=19336522044f0586574ae58983530ee662bde14555b193d9af2985293c6d9117 height=9
2025-11-02T16:34:53Z UpdateTip: new best=55470f5ce5187f2b563371e813aaea8cb979bf3f2b457cde356eea69467b1f0e height=5 version=0x20000000 log2_work=3.584963 tx=6 date='2025-11-02T16:34:54Z' progress=1.000000 cache=0.3MiB(5txo)
2025-11-02T16:34:53Z UpdateTip: new best=6fe765d0d2d232f2bf7e052a27a681e3ac99b3bd7fc99b9a2946eca74b91c158 height=6 version=0x20000000 log2_work=3.807355 tx=7 date='2025-11-02T16:34:54Z' progress=1.000000 cache=0.3MiB(6txo)
2025-11-02T16:34:53Z Saw new header hash=59bb04e1d287de062e6bc8a293c468dd3ce6f3ae28dc21f26ff22f0c65c2507e height=10
2025-11-02T16:34:53Z UpdateTip: new best=2a1c4ef663f7a257259fb0ca88f44b2b82c208d5c13d7d20247038b78581528d height=7 version=0x20000000 log2_work=4.000000 tx=8 date='2025-11-02T16:34:54Z' progress=1.000000 cache=0.3MiB(7txo)
2025-11-02T16:34:53Z UpdateTip: new best=460004baee1fe0178095499f8f276008882e88b1370d6528061a74e502bdd40e height=8 version=0x20000000 log2_work=4.169925 tx=9 date='2025-11-02T16:34:55Z' progress=1.000000 cache=0.3MiB(8txo)
2025-11-02T16:34:53Z UpdateTip: new best=19336522044f0586574ae58983530ee662bde14555b193d9af2985293c6d9117 height=9 version=0x20000000 log2_work=4.321928 tx=10 date='2025-11-02T16:34:55Z' progress=1.000000 cache=0.3MiB(9txo)
2025-11-02T16:34:53Z Saw new header hash=7f594990c2077064d52f2a2b6b69e7b9d8e859ece7118ddadd28ae1e51dfcca9 height=11
2025-11-02T16:34:53Z Saw new header hash=31ac1340d8e8d02c633929f1fc3912f41ced5afcca31b5eade368c62dc62eeea height=12
2025-11-02T16:34:53Z UpdateTip: new best=59bb04e1d287de062e6bc8a293c468dd3ce6f3ae28dc21f26ff22f0c65c2507e height=10 version=0x20000000 log2_work=4.459432 tx=11 date='2025-11-02T16:34:55Z' progress=1.000000 cache=0.3MiB(10txo)
2025-11-02T16:34:53Z Saw new header hash=1fe84d49a260ec76edd79325c161d2e257f0d227ea7b58c8ca54499a325d59b9 height=13
2025-11-02T16:34:53Z Saw new header hash=26875cdde42f59442a72dee674c3fcffc935ad89fc6b25112f81fd4cd68e0341 height=14
2025-11-02T16:34:53Z UpdateTip: new best=7f594990c2077064d52f2a2b6b69e7b9d8e859ece7118ddadd28ae1e51dfcca9 height=11 version=0x20000000 log2_work=4.584963 tx=12 date='2025-11-02T16:34:55Z' progress=1.000000 cache=0.3MiB(11txo)
2025-11-02T16:34:53Z Saw new header hash=61abbb4967842d878b60e6a1f2a5cbdfc9e48c57ba73a8b966e470631a0caabc height=15
2025-11-02T16:34:53Z UpdateTip: new best=31ac1340d8e8d02c633929f1fc3912f41ced5afcca31b5eade368c62dc62eeea height=12 version=0x20000000 log2_work=4.700440 tx=13 date='2025-11-02T16:34:55Z' progress=1.000000 cache=0.3MiB(12txo)
2025-11-02T16:34:53Z UpdateTip: new best=1fe84d49a260ec76edd79325c161d2e257f0d227ea7b58c8ca54499a325d59b9 height=13 version=0x20000000 log2_work=4.807355 tx=14 date='2025-11-02T16:34:55Z' progress=1.000000 cache=0.3MiB(13txo)
2025-11-02T16:34:53Z UpdateTip: new best=26875cdde42f59442a72dee674c3fcffc935ad89fc6b25112f81fd4cd68e0341 height=14 version=0x20000000 log2_work=4.906891 tx=15 date='2025-11-02T16:34:56Z' progress=1.000000 cache=0.3MiB(14txo)
2025-11-02T16:34:53Z Saw new header hash=48cc32e83d4c86141fb31cc48e41f7bdadc3896a13d12c162f9cba93f9d64cc9 height=16
2025-11-02T16:34:53Z Saw new header hash=78c4c76a2d0e2f7b0d72aa30beb12ee88428c3b66598e95a08c699a8859eff3f height=17
2025-11-02T16:34:53Z Saw new header hash=7467878518b5b0d316e73cee6e2f25e91e1f2b93d25e50a4850d1046ed6bfa22 height=18
2025-11-02T16:34:53Z Saw new header hash=762dd09c478afc958da3f99f80e1adb6b2c3ad4962deed3be4f87ec8e36519ab height=19
2025-11-02T16:34:53Z Saw new header hash=6322a0976483cbd695223409620b02796b5ff46b8ef652b44f9f4234ec0e6571 height=20
2025-11-02T16:34:53Z UpdateTip: new best=61abbb4967842d878b60e6a1f2a5cbdfc9e48c57ba73a8b966e470631a0caabc height=15 version=0x20000000 log2_work=5.000000 tx=16 date='2025-11-02T16:34:56Z' progress=1.000000 cache=0.3MiB(15txo)
2025-11-02T16:34:53Z UpdateTip: new best=48cc32e83d4c86141fb31cc48e41f7bdadc3896a13d12c162f9cba93f9d64cc9 height=16 version=0x20000000 log2_work=5.087463 tx=17 date='2025-11-02T16:34:56Z' progress=1.000000 cache=0.3MiB(16txo)
2025-11-02T16:34:53Z UpdateTip: new best=78c4c76a2d0e2f7b0d72aa30beb12ee88428c3b66598e95a08c699a8859eff3f height=17 version=0x20000000 log2_work=5.169925 tx=18 date='2025-11-02T16:34:56Z' progress=1.000000 cache=0.3MiB(17txo)
2025-11-02T16:34:53Z UpdateTip: new best=7467878518b5b0d316e73cee6e2f25e91e1f2b93d25e50a4850d1046ed6bfa22 height=18 version=0x20000000 log2_work=5.247928 tx=19 date='2025-11-02T16:34:56Z' progress=1.000000 cache=0.3MiB(18txo)
2025-11-02T16:34:53Z Saw new header hash=44c28fd7256ed2e21d43e7e50811f0cbacb6e10507da6fc5db1d5a323c3289d1 height=21
2025-11-02T16:34:53Z UpdateTip: new best=762dd09c478afc958da3f99f80e1adb6b2c3ad4962deed3be4f87ec8e36519ab height=19 version=0x20000000 log2_work=5.321928 tx=20 date='2025-11-02T16:34:56Z' progress=1.000000 cache=0.3MiB(19txo)
2025-11-02T16:34:53Z UpdateTip: new best=6322a0976483cbd695223409620b02796b5ff46b8ef652b44f9f4234ec0e6571 height=20 version=0x20000000 log2_work=5.392317 tx=21 date='2025-11-02T16:34:57Z' progress=1.000000 cache=0.3MiB(20txo)
2025-11-02T16:34:53Z UpdateTip: new best=44c28fd7256ed2e21d43e7e50811f0cbacb6e10507da6fc5db1d5a323c3289d1 height=21 version=0x20000000 log2_work=5.459432 tx=22 date='2025-11-02T16:34:57Z' progress=1.000000 cache=0.3MiB(21txo)
2025-11-02T16:34:53Z Saw new header hash=27fc2b3f9e63a875d1a43dd70f5634987d3c4b528a9c89e638095dabff84b443 height=22
2025-11-02T16:34:53Z UpdateTip: new best=27fc2b3f9e63a875d1a43dd70f5634987d3c4b528a9c89e638095dabff84b443 height=22 version=0x20000000 log2_work=5.523562 tx=23 date='2025-11-02T16:34:57Z' progress=1.000000 cache=0.3MiB(22txo)
2025-11-02T16:34:53Z Saw new header hash=0f7425114f837ae154a759a55de5c6e48d6195651fb99c83d23b401551ac0711 height=23
2025-11-02T16:34:53Z Saw new header hash=05580a6488b8629cae72ba260495eb136e4b0f98c17c0d072fad013051670d8f height=24
2025-11-02T16:34:53Z Saw new header hash=2ac6b23720779a1e1ccb8572c333a51de4427cf08be6f28a855a179f20fddced height=25
2025-11-02T16:34:53Z Saw new cmpctblock header hash=2ac6b23720779a1e1ccb8572c333a51de4427cf08be6f28a855a179f20fddced peer=1
2025-11-02T16:34:53Z UpdateTip: new best=0f7425114f837ae154a759a55de5c6e48d6195651fb99c83d23b401551ac0711 height=23 version=0x20000000 log2_work=5.584963 tx=24 date='2025-11-02T16:34:57Z' progress=1.000000 cache=0.3MiB(23txo)
2025-11-02T16:34:53Z UpdateTip: new best=05580a6488b8629cae72ba260495eb136e4b0f98c17c0d072fad013051670d8f height=24 version=0x20000000 log2_work=5.643856 tx=25 date='2025-11-02T16:34:57Z' progress=1.000000 cache=0.3MiB(24txo)
2025-11-02T16:34:53Z UpdateTip: new best=2ac6b23720779a1e1ccb8572c333a51de4427cf08be6f28a855a179f20fddced height=25 version=0x20000000 log2_work=5.700440 tx=26 date='2025-11-02T16:34:57Z' progress=1.000000 cache=0.3MiB(25txo)
2025-11-02T16:34:53Z Saw new header hash=33d24abb87057f21f3d481794ceb0839b8bdeb906803de0f7fa26e67552afd4b height=26
2025-11-02T16:34:53Z Saw new cmpctblock header hash=33d24abb87057f21f3d481794ceb0839b8bdeb906803de0f7fa26e67552afd4b peer=0
2025-11-02T16:34:53Z UpdateTip: new best=33d24abb87057f21f3d481794ceb0839b8bdeb906803de0f7fa26e67552afd4b height=26 version=0x20000000 log2_work=5.754888 tx=27 date='2025-11-02T16:34:58Z' progress=1.000000 cache=0.3MiB(26txo)
2025-11-02T16:34:53Z Saw new header hash=78e2d750e26108412edddb7e46d5cc44283193e7d9cf543ca8f2128913cce629 height=27
2025-11-02T16:34:53Z Saw new header hash=712ee20e18d76661cce41b802f4e228a7f1f382ec85c517e44a019428441fb5e height=28
2025-11-02T16:34:53Z Saw new header hash=5ba22027480ac4792e9ad3222ed053c76c42660061caf7c7c9f380deed982ff7 height=29
2025-11-02T16:34:53Z Saw new header hash=32ccb4ca8c3c401c131a3564067af25921707e05027b3396a0d13e1fedd44653 height=30
2025-11-02T16:34:53Z Saw new header hash=015213011335693baa9df379419c5bb4664fed0e13f042ec70d40bf0aec493d1 height=31
2025-11-02T16:34:53Z Saw new header hash=55f436f2cb6c656f6d01886ad238f253a150ed0c55d6526b61441e76d8318b5f height=32
2025-11-02T16:34:53Z Saw new header hash=4276bca755eeb93eb5819e01fb2db6d31408ccafb45dd0b2d92add0090bd14dd height=33
2025-11-02T16:34:53Z Saw new header hash=3ec2544474083092adb575b8810e1aa28d5f7c6469ba3814ac99a1d5dcb023e9 height=34
2025-11-02T16:34:53Z Saw new header hash=79f0816d60afdb0d3ed6da8561c3103965c0595828191b802ccbd4f5dda5d600 height=35
2025-11-02T16:34:53Z Saw new header hash=67d04b9d2c7d2413d9dd3a9e4c4de22f3b332bbb05905e93631fddcc9d063b30 height=36
2025-11-02T16:34:53Z Saw new header hash=0e860bb08bfc32257dec39ef4e517eb53b03a5d61d22edc5ac56053af727f4d2 height=37
2025-11-02T16:34:53Z Saw new header hash=5883cbc49fd8e379c269394d266982ed943462fcc6d40540e530e737e0c941a8 height=38
2025-11-02T16:34:53Z Saw new header hash=6bd81188e54ed415ff349668672bfeb6d8a41d40d559d241f128bdbf5e1e49b7 height=39
2025-11-02T16:34:53Z Saw new header hash=44de0e6a76bafb9cf56dab2b185550f66789c5aac97a2cf8847c5d58850bdd51 height=40
2025-11-02T16:34:53Z Saw new header hash=7c2531e517124cf66e9ad9beaddbe0c6692d75d217da6b223dc3154db421e7d9 height=41
2025-11-02T16:34:53Z Saw new header hash=2df5b38d3fd35458515083c1f4a35b488cfc7db6a0be539095db18260583a45e height=42
2025-11-02T16:34:53Z Saw new header hash=5cdb12a022dad6ac37fee008de9f440c417073217f07087122bd76bd7bc5cb56 height=43
2025-11-02T16:34:53Z Saw new cmpctblock header hash=5cdb12a022dad6ac37fee008de9f440c417073217f07087122bd76bd7bc5cb56 peer=1
2025-11-02T16:34:53Z UpdateTip: new best=78e2d750e26108412edddb7e46d5cc44283193e7d9cf543ca8f2128913cce629 height=27 version=0x20000000 log2_work=5.807355 tx=28 date='2025-11-02T16:34:58Z' progress=1.000000 cache=0.3MiB(27txo)
2025-11-02T16:34:53Z UpdateTip: new best=712ee20e18d76661cce41b802f4e228a7f1f382ec85c517e44a019428441fb5e height=28 version=0x20000000 log2_work=5.857981 tx=29 date='2025-11-02T16:34:58Z' progress=1.000000 cache=0.3MiB(28txo)
2025-11-02T16:34:53Z UpdateTip: new best=5ba22027480ac4792e9ad3222ed053c76c42660061caf7c7c9f380deed982ff7 height=29 version=0x20000000 log2_work=5.906891 tx=30 date='2025-11-02T16:34:58Z' progress=1.000000 cache=0.3MiB(29txo)
2025-11-02T16:34:53Z UpdateTip: new best=32ccb4ca8c3c401c131a3564067af25921707e05027b3396a0d13e1fedd44653 height=30 version=0x20000000 log2_work=5.954196 tx=31 date='2025-11-02T16:34:58Z' progress=1.000000 cache=0.3MiB(30txo)
2025-11-02T16:34:53Z Saw new header hash=1edceb17461d2e7f96d3674163ef1f1c5430f065c6495201122581d260fd9de3 height=44
2025-11-02T16:34:53Z Saw new cmpctblock header hash=1edceb17461d2e7f96d3674163ef1f1c5430f065c6495201122581d260fd9de3 peer=1
2025-11-02T16:34:53Z Saw new header hash=7cfafb7a4d51cf0133a91a95ba243f787b5300210fbd30f374c2e4d58b82238f height=45
2025-11-02T16:34:53Z Saw new cmpctblock header hash=7cfafb7a4d51cf0133a91a95ba243f787b5300210fbd30f374c2e4d58b82238f peer=0
2025-11-02T16:34:53Z UpdateTip: new best=015213011335693baa9df379419c5bb4664fed0e13f042ec70d40bf0aec493d1 height=31 version=0x20000000 log2_work=6.000000 tx=32 date='2025-11-02T16:34:58Z' progress=1.000000 cache=0.3MiB(31txo)
2025-11-02T16:34:53Z UpdateTip: new best=55f436f2cb6c656f6d01886ad238f253a150ed0c55d6526b61441e76d8318b5f height=32 version=0x20000000 log2_work=6.044394 tx=33 date='2025-11-02T16:34:59Z' progress=1.000000 cache=0.3MiB(32txo)
2025-11-02T16:34:53Z Saw new header hash=37b22baa8165319916d077254df7c29b8c821532f6041a4d7deb5a69e60de222 height=46
2025-11-02T16:34:53Z Saw new cmpctblock header hash=37b22baa8165319916d077254df7c29b8c821532f6041a4d7deb5a69e60de222 peer=1
2025-11-02T16:34:53Z Saw new header hash=59f99e2f6878d544a572780ab106dd2daafad6af8fcacaa8ba2a8bfb46f05ec9 height=47
2025-11-02T16:34:53Z Saw new cmpctblock header hash=59f99e2f6878d544a572780ab106dd2daafad6af8fcacaa8ba2a8bfb46f05ec9 peer=0
2025-11-02T16:34:53Z UpdateTip: new best=4276bca755eeb93eb5819e01fb2db6d31408ccafb45dd0b2d92add0090bd14dd height=33 version=0x20000000 log2_work=6.087463 tx=34 date='2025-11-02T16:34:59Z' progress=1.000000 cache=0.3MiB(33txo)
2025-11-02T16:34:53Z UpdateTip: new best=3ec2544474083092adb575b8810e1aa28d5f7c6469ba3814ac99a1d5dcb023e9 height=34 version=0x20000000 log2_work=6.129283 tx=35 date='2025-11-02T16:34:59Z' progress=1.000000 cache=0.3MiB(34txo)
2025-11-02T16:34:53Z UpdateTip: new best=79f0816d60afdb0d3ed6da8561c3103965c0595828191b802ccbd4f5dda5d600 height=35 version=0x20000000 log2_work=6.169925 tx=36 date='2025-11-02T16:34:59Z' progress=1.000000 cache=0.3MiB(35txo)
2025-11-02T16:34:53Z UpdateTip: new best=67d04b9d2c7d2413d9dd3a9e4c4de22f3b332bbb05905e93631fddcc9d063b30 height=36 version=0x20000000 log2_work=6.209453 tx=37 date='2025-11-02T16:34:59Z' progress=1.000000 cache=0.3MiB(36txo)
2025-11-02T16:34:53Z UpdateTip: new best=0e860bb08bfc32257dec39ef4e517eb53b03a5d61d22edc5ac56053af727f4d2 height=37 version=0x20000000 log2_work=6.247928 tx=38 date='2025-11-02T16:34:59Z' progress=1.000000 cache=0.3MiB(37txo)
2025-11-02T16:34:53Z UpdateTip: new best=5883cbc49fd8e379c269394d266982ed943462fcc6d40540e530e737e0c941a8 height=38 version=0x20000000 log2_work=6.285402 tx=39 date='2025-11-02T16:35:00Z' progress=1.000000 cache=0.3MiB(38txo)
2025-11-02T16:34:53Z Saw new header hash=49fb644ca4ac06ce6bf3593ad557eb3e95162a8c355aa4f58721701d9895e098 height=48
2025-11-02T16:34:53Z Saw new cmpctblock header hash=49fb644ca4ac06ce6bf3593ad557eb3e95162a8c355aa4f58721701d9895e098 peer=0
2025-11-02T16:34:53Z Saw new header hash=75bbcc1f595a1f3b9b2149f2d18e5d3527f1dbea4ddba5c8df01a2f7dfd9654c height=49
2025-11-02T16:34:53Z Saw new cmpctblock header hash=75bbcc1f595a1f3b9b2149f2d18e5d3527f1dbea4ddba5c8df01a2f7dfd9654c peer=0
2025-11-02T16:34:53Z Saw new header hash=743cbdb3e00ec38e888453c32a1cc06687d2ebfefdbf2fc024e50f70336d45f3 height=50
2025-11-02T16:34:53Z Saw new cmpctblock header hash=743cbdb3e00ec38e888453c32a1cc06687d2ebfefdbf2fc024e50f70336d45f3 peer=0
2025-11-02T16:34:53Z Saw new header hash=392ecc6ed498b7e61e9776a334986ab5203ea1ae5d73817a324d130e4b739202 height=51
2025-11-02T16:34:53Z Saw new cmpctblock header hash=392ecc6ed498b7e61e9776a334986ab5203ea1ae5d73817a324d130e4b739202 peer=0
2025-11-02T16:34:53Z UpdateTip: new best=6bd81188e54ed415ff349668672bfeb6d8a41d40d559d241f128bdbf5e1e49b7 height=39 version=0x20000000 log2_work=6.321928 tx=40 date='2025-11-02T16:35:00Z' progress=1.000000 cache=0.3MiB(39txo)
2025-11-02T16:34:53Z UpdateTip: new best=44de0e6a76bafb9cf56dab2b185550f66789c5aac97a2cf8847c5d58850bdd51 height=40 version=0x20000000 log2_work=6.357552 tx=41 date='2025-11-02T16:35:00Z' progress=1.000000 cache=0.3MiB(40txo)
2025-11-02T16:34:53Z UpdateTip: new best=7c2531e517124cf66e9ad9beaddbe0c6692d75d217da6b223dc3154db421e7d9 height=41 version=0x20000000 log2_work=6.392317 tx=42 date='2025-11-02T16:35:00Z' progress=1.000000 cache=0.3MiB(41txo)
2025-11-02T16:34:53Z UpdateTip: new best=2df5b38d3fd35458515083c1f4a35b488cfc7db6a0be539095db18260583a45e height=42 version=0x20000000 log2_work=6.426265 tx=43 date='2025-11-02T16:35:00Z' progress=1.000000 cache=0.3MiB(42txo)
2025-11-02T16:34:53Z UpdateTip: new best=5cdb12a022dad6ac37fee008de9f440c417073217f07087122bd76bd7bc5cb56 height=43 version=0x20000000 log2_work=6.459432 tx=44 date='2025-11-02T16:35:00Z' progress=1.000000 cache=0.3MiB(43txo)
2025-11-02T16:34:53Z Saw new header hash=1da99b2bf30646b7159b2c2ecf09a813fe50aab08d1e5e6ea14da9fbee5e85a5 height=52
2025-11-02T16:34:53Z Saw new cmpctblock header hash=1da99b2bf30646b7159b2c2ecf09a813fe50aab08d1e5e6ea14da9fbee5e85a5 peer=0
2025-11-02T16:34:53Z UpdateTip: new best=1edceb17461d2e7f96d3674163ef1f1c5430f065c6495201122581d260fd9de3 height=44 version=0x20000000 log2_work=6.491853 tx=45 date='2025-11-02T16:35:01Z' progress=1.000000 cache=0.3MiB(44txo)
2025-11-02T16:34:53Z UpdateTip: new best=7cfafb7a4d51cf0133a91a95ba243f787b5300210fbd30f374c2e4d58b82238f height=45 version=0x20000000 log2_work=6.523562 tx=46 date='2025-11-02T16:35:01Z' progress=1.000000 cache=0.3MiB(45txo)
2025-11-02T16:34:53Z Saw new header hash=6ad9395a115eaf0b616cd6726bb5f73ccac1efb6288e2ba6dbe764b6b5bb9781 height=53
2025-11-02T16:34:53Z Saw new cmpctblock header hash=6ad9395a115eaf0b616cd6726bb5f73ccac1efb6288e2ba6dbe764b6b5bb9781 peer=0
2025-11-02T16:34:53Z UpdateTip: new best=37b22baa8165319916d077254df7c29b8c821532f6041a4d7deb5a69e60de222 height=46 version=0x20000000 log2_work=6.554589 tx=47 date='2025-11-02T16:35:01Z' progress=1.000000 cache=0.3MiB(46txo)
2025-11-02T16:34:53Z UpdateTip: new best=59f99e2f6878d544a572780ab106dd2daafad6af8fcacaa8ba2a8bfb46f05ec9 height=47 version=0x20000000 log2_work=6.584963 tx=48 date='2025-11-02T16:35:01Z' progress=1.000000 cache=0.3MiB(47txo)
2025-11-02T16:34:53Z UpdateTip: new best=49fb644ca4ac06ce6bf3593ad557eb3e95162a8c355aa4f58721701d9895e098 height=48 version=0x20000000 log2_work=6.614710 tx=49 date='2025-11-02T16:35:01Z' progress=1.000000 cache=0.3MiB(48txo)
2025-11-02T16:34:53Z UpdateTip: new best=75bbcc1f595a1f3b9b2149f2d18e5d3527f1dbea4ddba5c8df01a2f7dfd9654c height=49 version=0x20000000 log2_work=6.643856 tx=50 date='2025-11-02T16:35:01Z' progress=1.000000 cache=0.3MiB(49txo)
2025-11-02T16:34:53Z UpdateTip: new best=743cbdb3e00ec38e888453c32a1cc06687d2ebfefdbf2fc024e50f70336d45f3 height=50 version=0x20000000 log2_work=6.672425 tx=51 date='2025-11-02T16:35:02Z' progress=1.000000 cache=0.3MiB(50txo)
2025-11-02T16:34:53Z UpdateTip: new best=392ecc6ed498b7e61e9776a334986ab5203ea1ae5d73817a324d130e4b739202 height=51 version=0x20000000 log2_work=6.700440 tx=52 date='2025-11-02T16:35:02Z' progress=1.000000 cache=0.3MiB(51txo)
2025-11-02T16:34:53Z UpdateTip: new best=1da99b2bf30646b7159b2c2ecf09a813fe50aab08d1e5e6ea14da9fbee5e85a5 height=52 version=0x20000000 log2_work=6.727920 tx=53 date='2025-11-02T16:35:02Z' progress=1.000000 cache=0.3MiB(52txo)
2025-11-02T16:34:53Z UpdateTip: new best=6ad9395a115eaf0b616cd6726bb5f73ccac1efb6288e2ba6dbe764b6b5bb9781 height=53 version=0x20000000 log2_work=6.754888 tx=54 date='2025-11-02T16:35:02Z' progress=1.000000 cache=0.3MiB(53txo)
2025-11-02T16:34:53Z Saw new header hash=541e49b21a026381cd2e1f35929acbcc6b74a591ffeaf6e56a24a9b60e2991ab height=54
2025-11-02T16:34:53Z Saw new cmpctblock header hash=541e49b21a026381cd2e1f35929acbcc6b74a591ffeaf6e56a24a9b60e2991ab peer=0
2025-11-02T16:34:53Z UpdateTip: new best=541e49b21a026381cd2e1f35929acbcc6b74a591ffeaf6e56a24a9b60e2991ab height=54 version=0x20000000 log2_work=6.781360 tx=55 date='2025-11-02T16:35:02Z' progress=1.000000 cache=0.3MiB(54txo)
2025-11-02T16:34:53Z Saw new header hash=376e9b54b1df85ec7cda44a0a12c20e8b02e24c767248b2e393d19c346ac7ff3 height=55
2025-11-02T16:34:53Z Saw new header hash=4c67f3b9427bb7849ca54000137aa6e6dc20f4b29c4ddc3183ec391ceb53ae7f height=56
2025-11-02T16:34:53Z UpdateTip: new best=376e9b54b1df85ec7cda44a0a12c20e8b02e24c767248b2e393d19c346ac7ff3 height=55 version=0x20000000 log2_work=6.807355 tx=56 date='2025-11-02T16:35:02Z' progress=1.000000 cache=0.3MiB(55txo)
2025-11-02T16:34:53Z UpdateTip: new best=4c67f3b9427bb7849ca54000137aa6e6dc20f4b29c4ddc3183ec391ceb53ae7f height=56 version=0x20000000 log2_work=6.832890 tx=57 date='2025-11-02T16:35:03Z' progress=1.000000 cache=0.3MiB(56txo)
2025-11-02T16:34:53Z Saw new header hash=062c532c7a73c16f3e3498232abe1f250c31281ce34c038f73bde01ea7788e00 height=57
2025-11-02T16:34:53Z Saw new cmpctblock header hash=062c532c7a73c16f3e3498232abe1f250c31281ce34c038f73bde01ea7788e00 peer=1
2025-11-02T16:34:53Z UpdateTip: new best=062c532c7a73c16f3e3498232abe1f250c31281ce34c038f73bde01ea7788e00 height=57 version=0x20000000 log2_work=6.857981 tx=58 date='2025-11-02T16:35:03Z' progress=1.000000 cache=0.3MiB(57txo)
2025-11-02T16:34:53Z Saw new header hash=0b2c6191ad33de83ec0e3c4a667ff76e5fed124b99462d7ac08aa52fd131ee17 height=58
2025-11-02T16:34:53Z Saw new header hash=46a70cf65404841db3cd90c8cbba8a7fbd3fa06370dd3513655756cdece64992 height=59
2025-11-02T16:34:53Z Saw new header hash=742dc645b3ee5d582de8f524c1f7ba2e78dfde175e45623d68ceb303e15ce43a height=60
2025-11-02T16:34:53Z Saw new header hash=5a8abb9cb6a6d273ae43233e528299df79c0210db57abd2665ccde469644c0f2 height=61
2025-11-02T16:34:53Z Saw new header hash=23ec0f49cac2d0eceb107b5d648973c655b081d7e5958b54656ebc854705d955 height=62
2025-11-02T16:34:53Z Saw new header hash=51ad52677ec5f56d16162bbd41e82fc34ce7551dc4e0e5041724270f86ddf6a5 height=63
2025-11-02T16:34:53Z Saw new header hash=58d89a2b2b74036c5adad0224ec6df434bd2c81f114bc4ed1b71cedf65c0bab3 height=64
2025-11-02T16:34:53Z Saw new header hash=31045cd38468eef5a18e2ef5b50eeb252a4a92fc977466d296e98163d9fc0e24 height=65
2025-11-02T16:34:53Z Saw new header hash=032a7cff0b17f4956ad8b34b6a62510adce8bbfeede9ca07eadb00d7c97ab1d0 height=66
2025-11-02T16:34:53Z Saw new header hash=545c4e688ffca0f5050154ab03338c698bb15b449483ccdb9ed300fdc8a6e478 height=67
2025-11-02T16:34:53Z Saw new header hash=59c200d9fda76dff7d7d3da5c81b239059a6976027c43713baf61c1ef0c40bb9 height=68
2025-11-02T16:34:53Z Saw new header hash=054061ed62573e3a99826ded5624f6a3f8e9ed48807af0eb6093b04c1e7b7c2b height=69
2025-11-02T16:34:53Z Saw new header hash=787dbb5237a9d25e92e8c5bab83f4cd867574e43baebea87eef0a371fb83ee66 height=70
2025-11-02T16:34:53Z Saw new header hash=285b44e6330b320756aa2912ad6e76c6a86604a81672f362f72d5953142746cb height=71
2025-11-02T16:34:53Z Saw new header hash=105d3e001b07595d58f4d1e409c674475a2548954080a607f46386df3092574f height=72
2025-11-02T16:34:53Z Saw new header hash=301bc638fbf731db6ae98dd75dd282368135a25e63fe9ce4f0d7d142e914e305 height=73
2025-11-02T16:34:53Z Saw new header hash=36f7fbe4d1161ebdae0987dc62bf94aa88aa05b1c569f9e8f262bb47ae9d1584 height=74
2025-11-02T16:34:53Z Saw new header hash=04cd96fbde4672f1d9a5dabb624e56cdcff455df33ab549292d726d678fc4d9d height=75
2025-11-02T16:34:53Z Saw new header hash=6638f716716b9382bdf4cff7a058352867808fc83901f0a7682b514d442b3e99 height=76
2025-11-02T16:34:53Z Saw new cmpctblock header hash=6638f716716b9382bdf4cff7a058352867808fc83901f0a7682b514d442b3e99 peer=0
2025-11-02T16:34:53Z UpdateTip: new best=0b2c6191ad33de83ec0e3c4a667ff76e5fed124b99462d7ac08aa52fd131ee17 height=58 version=0x20000000 log2_work=6.882643 tx=59 date='2025-11-02T16:35:03Z' progress=1.000000 cache=0.3MiB(58txo)
2025-11-02T16:34:53Z Saw new header hash=55bebd6714c956fac85c2faf753b6f893700ac17e3910b2d3e7622f92836ed6b height=77
2025-11-02T16:34:53Z Saw new cmpctblock header hash=55bebd6714c956fac85c2faf753b6f893700ac17e3910b2d3e7622f92836ed6b peer=0
2025-11-02T16:34:53Z UpdateTip: new best=46a70cf65404841db3cd90c8cbba8a7fbd3fa06370dd3513655756cdece64992 height=59 version=0x20000000 log2_work=6.906891 tx=60 date='2025-11-02T16:35:03Z' progress=1.000000 cache=0.3MiB(59txo)
2025-11-02T16:34:53Z Saw new header hash=663b61410ba13bc2ea7a73246ebd3c95f5bb2175fdeb84ccf88c432d80947569 height=78
2025-11-02T16:34:53Z Saw new cmpctblock header hash=663b61410ba13bc2ea7a73246ebd3c95f5bb2175fdeb84ccf88c432d80947569 peer=1
2025-11-02T16:34:53Z Saw new header hash=6a92440230a902d8a142fa9d521bb0a1a5c5e7fb24fd5094c4396593379fba3c height=79
2025-11-02T16:34:53Z Saw new cmpctblock header hash=6a92440230a902d8a142fa9d521bb0a1a5c5e7fb24fd5094c4396593379fba3c peer=1
2025-11-02T16:34:53Z UpdateTip: new best=742dc645b3ee5d582de8f524c1f7ba2e78dfde175e45623d68ceb303e15ce43a height=60 version=0x20000000 log2_work=6.930737 tx=61 date='2025-11-02T16:35:03Z' progress=1.000000 cache=0.3MiB(60txo)
2025-11-02T16:34:53Z Saw new header hash=13e81a27c78b7bd3cd73770d600cc08423bdfed6476959b247975bdd05e10ca7 height=80
2025-11-02T16:34:53Z Saw new cmpctblock header hash=13e81a27c78b7bd3cd73770d600cc08423bdfed6476959b247975bdd05e10ca7 peer=0
2025-11-02T16:34:53Z UpdateTip: new best=5a8abb9cb6a6d273ae43233e528299df79c0210db57abd2665ccde469644c0f2 height=61 version=0x20000000 log2_work=6.954196 tx=62 date='2025-11-02T16:35:03Z' progress=1.000000 cache=0.3MiB(61txo)
2025-11-02T16:34:53Z UpdateTip: new best=23ec0f49cac2d0eceb107b5d648973c655b081d7e5958b54656ebc854705d955 height=62 version=0x20000000 log2_work=6.977280 tx=63 date='2025-11-02T16:35:04Z' progress=1.000000 cache=0.3MiB(62txo)
2025-11-02T16:34:53Z Saw new header hash=69b09dcf2002e1f7b94b63ba35bdb939bd8997cc97e1c435f1ee19b6dd8538c0 height=81
2025-11-02T16:34:53Z Saw new header hash=11265e3a28a525f769d588a8d273e199afef171c049669460512e8263a14323b height=82
2025-11-02T16:34:53Z UpdateTip: new best=51ad52677ec5f56d16162bbd41e82fc34ce7551dc4e0e5041724270f86ddf6a5 height=63 version=0x20000000 log2_work=7.000000 tx=64 date='2025-11-02T16:35:04Z' progress=1.000000 cache=0.3MiB(63txo)
2025-11-02T16:34:53Z UpdateTip: new best=58d89a2b2b74036c5adad0224ec6df434bd2c81f114bc4ed1b71cedf65c0bab3 height=64 version=0x20000000 log2_work=7.022368 tx=65 date='2025-11-02T16:35:04Z' progress=1.000000 cache=0.3MiB(64txo)
2025-11-02T16:34:53Z Saw new header hash=41ec85fbaf771445089643cad7409f5143dafcdf800a29dea6f86ff745ccf55d height=83
2025-11-02T16:34:53Z Saw new cmpctblock header hash=41ec85fbaf771445089643cad7409f5143dafcdf800a29dea6f86ff745ccf55d peer=0
2025-11-02T16:34:53Z Saw new header hash=2243842583092f8d103a99ab3ce481c02ff6dcec371f9498b322c54f280b37b6 height=84
2025-11-02T16:34:53Z Saw new cmpctblock header hash=2243842583092f8d103a99ab3ce481c02ff6dcec371f9498b322c54f280b37b6 peer=0
2025-11-02T16:34:53Z UpdateTip: new best=31045cd38468eef5a18e2ef5b50eeb252a4a92fc977466d296e98163d9fc0e24 height=65 version=0x20000000 log2_work=7.044394 tx=66 date='2025-11-02T16:35:04Z' progress=1.000000 cache=0.3MiB(65txo)
2025-11-02T16:34:53Z Saw new header hash=2300531d769a94a8c8ce7e73243d0a16e7a428056e6449b2d783ab7bae378967 height=85
2025-11-02T16:34:53Z Saw new cmpctblock header hash=2300531d769a94a8c8ce7e73243d0a16e7a428056e6449b2d783ab7bae378967 peer=0
2025-11-02T16:34:53Z UpdateTip: new best=032a7cff0b17f4956ad8b34b6a62510adce8bbfeede9ca07eadb00d7c97ab1d0 height=66 version=0x20000000 log2_work=7.066089 tx=67 date='2025-11-02T16:35:04Z' progress=1.000000 cache=0.3MiB(66txo)
2025-11-02T16:34:53Z UpdateTip: new best=545c4e688ffca0f5050154ab03338c698bb15b449483ccdb9ed300fdc8a6e478 height=67 version=0x20000000 log2_work=7.087463 tx=68 date='2025-11-02T16:35:04Z' progress=1.000000 cache=0.3MiB(67txo)
2025-11-02T16:34:53Z UpdateTip: new best=59c200d9fda76dff7d7d3da5c81b239059a6976027c43713baf61c1ef0c40bb9 height=68 version=0x20000000 log2_work=7.108524 tx=69 date='2025-11-02T16:35:05Z' progress=1.000000 cache=0.3MiB(68txo)
2025-11-02T16:34:53Z UpdateTip: new best=054061ed62573e3a99826ded5624f6a3f8e9ed48807af0eb6093b04c1e7b7c2b height=69 version=0x20000000 log2_work=7.129283 tx=70 date='2025-11-02T16:35:05Z' progress=1.000000 cache=0.3MiB(69txo)
2025-11-02T16:34:53Z Saw new header hash=1c2c41d2da0e5b442821a725fe6fc79bbf223a183da7918d6ca2b380a78bd769 height=86
2025-11-02T16:34:53Z Saw new cmpctblock header hash=1c2c41d2da0e5b442821a725fe6fc79bbf223a183da7918d6ca2b380a78bd769 peer=1
2025-11-02T16:34:53Z UpdateTip: new best=787dbb5237a9d25e92e8c5bab83f4cd867574e43baebea87eef0a371fb83ee66 height=70 version=0x20000000 log2_work=7.149747 tx=71 date='2025-11-02T16:35:05Z' progress=1.000000 cache=0.3MiB(70txo)
2025-11-02T16:34:53Z UpdateTip: new best=285b44e6330b320756aa2912ad6e76c6a86604a81672f362f72d5953142746cb height=71 version=0x20000000 log2_work=7.169925 tx=72 date='2025-11-02T16:35:05Z' progress=1.000000 cache=0.3MiB(71txo)
2025-11-02T16:34:53Z Saw new header hash=27b16f21f681ea43092061e7f3530f9b2527b67bb71793d8c3a12516505a8c84 height=87
2025-11-02T16:34:53Z Saw new cmpctblock header hash=27b16f21f681ea43092061e7f3530f9b2527b67bb71793d8c3a12516505a8c84 peer=0
2025-11-02T16:34:53Z Saw new header hash=053a2252187b807e4b20bef2d3d07961f09b5d7c5504c25663894794114f8c53 height=88
2025-11-02T16:34:53Z Saw new cmpctblock header hash=053a2252187b807e4b20bef2d3d07961f09b5d7c5504c25663894794114f8c53 peer=1
2025-11-02T16:34:53Z UpdateTip: new best=105d3e001b07595d58f4d1e409c674475a2548954080a607f46386df3092574f height=72 version=0x20000000 log2_work=7.189825 tx=73 date='2025-11-02T16:35:05Z' progress=1.000000 cache=0.3MiB(72txo)
2025-11-02T16:34:53Z UpdateTip: new best=301bc638fbf731db6ae98dd75dd282368135a25e63fe9ce4f0d7d142e914e305 height=73 version=0x20000000 log2_work=7.209453 tx=74 date='2025-11-02T16:35:05Z' progress=1.000000 cache=0.3MiB(73txo)
2025-11-02T16:34:53Z UpdateTip: new best=36f7fbe4d1161ebdae0987dc62bf94aa88aa05b1c569f9e8f262bb47ae9d1584 height=74 version=0x20000000 log2_work=7.228819 tx=75 date='2025-11-02T16:35:06Z' progress=1.000000 cache=0.3MiB(74txo)
2025-11-02T16:34:53Z UpdateTip: new best=04cd96fbde4672f1d9a5dabb624e56cdcff455df33ab549292d726d678fc4d9d height=75 version=0x20000000 log2_work=7.247928 tx=76 date='2025-11-02T16:35:06Z' progress=1.000000 cache=0.3MiB(75txo)
2025-11-02T16:34:53Z UpdateTip: new best=6638f716716b9382bdf4cff7a058352867808fc83901f0a7682b514d442b3e99 height=76 version=0x20000000 log2_work=7.266787 tx=77 date='2025-11-02T16:35:06Z' progress=1.000000 cache=0.3MiB(76txo)
2025-11-02T16:34:53Z UpdateTip: new best=55bebd6714c956fac85c2faf753b6f893700ac17e3910b2d3e7622f92836ed6b height=77 version=0x20000000 log2_work=7.285402 tx=78 date='2025-11-02T16:35:06Z' progress=1.000000 cache=0.3MiB(77txo)
2025-11-02T16:34:53Z UpdateTip: new best=663b61410ba13bc2ea7a73246ebd3c95f5bb2175fdeb84ccf88c432d80947569 height=78 version=0x20000000 log2_work=7.303781 tx=79 date='2025-11-02T16:35:06Z' progress=1.000000 cache=0.3MiB(78txo)
2025-11-02T16:34:53Z UpdateTip: new best=6a92440230a902d8a142fa9d521bb0a1a5c5e7fb24fd5094c4396593379fba3c height=79 version=0x20000000 log2_work=7.321928 tx=80 date='2025-11-02T16:35:06Z' progress=1.000000 cache=0.3MiB(79txo)
2025-11-02T16:34:53Z UpdateTip: new best=13e81a27c78b7bd3cd73770d600cc08423bdfed6476959b247975bdd05e10ca7 height=80 version=0x20000000 log2_work=7.339850 tx=81 date='2025-11-02T16:35:07Z' progress=1.000000 cache=0.3MiB(80txo)
2025-11-02T16:34:53Z UpdateTip: new best=69b09dcf2002e1f7b94b63ba35bdb939bd8997cc97e1c435f1ee19b6dd8538c0 height=81 version=0x20000000 log2_work=7.357552 tx=82 date='2025-11-02T16:35:07Z' progress=1.000000 cache=0.3MiB(81txo)
2025-11-02T16:34:53Z UpdateTip: new best=11265e3a28a525f769d588a8d273e199afef171c049669460512e8263a14323b height=82 version=0x20000000 log2_work=7.375039 tx=83 date='2025-11-02T16:35:07Z' progress=1.000000 cache=0.3MiB(82txo)
2025-11-02T16:34:53Z UpdateTip: new best=41ec85fbaf771445089643cad7409f5143dafcdf800a29dea6f86ff745ccf55d height=83 version=0x20000000 log2_work=7.392317 tx=84 date='2025-11-02T16:35:07Z' progress=1.000000 cache=0.3MiB(83txo)
2025-11-02T16:34:53Z UpdateTip: new best=2243842583092f8d103a99ab3ce481c02ff6dcec371f9498b322c54f280b37b6 height=84 version=0x20000000 log2_work=7.409391 tx=85 date='2025-11-02T16:35:07Z' progress=1.000000 cache=0.3MiB(84txo)
2025-11-02T16:34:53Z UpdateTip: new best=2300531d769a94a8c8ce7e73243d0a16e7a428056e6449b2d783ab7bae378967 height=85 version=0x20000000 log2_work=7.426265 tx=86 date='2025-11-02T16:35:07Z' progress=1.000000 cache=0.3MiB(85txo)
2025-11-02T16:34:53Z Saw new header hash=55dd908e586b0994e5ae6e9a862f252979f2289f968741f0534a73c91bbb30f3 height=89
2025-11-02T16:34:53Z Saw new cmpctblock header hash=55dd908e586b0994e5ae6e9a862f252979f2289f968741f0534a73c91bbb30f3 peer=0
2025-11-02T16:34:53Z UpdateTip: new best=1c2c41d2da0e5b442821a725fe6fc79bbf223a183da7918d6ca2b380a78bd769 height=86 version=0x20000000 log2_work=7.442943 tx=87 date='2025-11-02T16:35:08Z' progress=1.000000 cache=0.3MiB(86txo)
2025-11-02T16:34:53Z UpdateTip: new best=27b16f21f681ea43092061e7f3530f9b2527b67bb71793d8c3a12516505a8c84 height=87 version=0x20000000 log2_work=7.459432 tx=88 date='2025-11-02T16:35:08Z' progress=1.000000 cache=0.3MiB(87txo)
2025-11-02T16:34:53Z Saw new header hash=73db33febf43de237578f85b8579f53dfb0d340aebc2008d4e1996af99168a45 height=90
2025-11-02T16:34:53Z Saw new cmpctblock header hash=73db33febf43de237578f85b8579f53dfb0d340aebc2008d4e1996af99168a45 peer=0
2025-11-02T16:34:53Z UpdateTip: new best=053a2252187b807e4b20bef2d3d07961f09b5d7c5504c25663894794114f8c53 height=88 version=0x20000000 log2_work=7.475733 tx=89 date='2025-11-02T16:35:08Z' progress=1.000000 cache=0.3MiB(88txo)
2025-11-02T16:34:53Z UpdateTip: new best=55dd908e586b0994e5ae6e9a862f252979f2289f968741f0534a73c91bbb30f3 height=89 version=0x20000000 log2_work=7.491853 tx=90 date='2025-11-02T16:35:08Z' progress=1.000000 cache=0.3MiB(89txo)
2025-11-02T16:34:53Z Saw new header hash=33f792e4eb6771f4bc8af151d197c04f1fb6f58949dd42d4a3bd1d8dba50bdd2 height=91
2025-11-02T16:34:53Z Saw new cmpctblock header hash=33f792e4eb6771f4bc8af151d197c04f1fb6f58949dd42d4a3bd1d8dba50bdd2 peer=0
2025-11-02T16:34:53Z UpdateTip: new best=73db33febf43de237578f85b8579f53dfb0d340aebc2008d4e1996af99168a45 height=90 version=0x20000000 log2_work=7.507795 tx=91 date='2025-11-02T16:35:08Z' progress=1.000000 cache=0.3MiB(90txo)
2025-11-02T16:34:53Z UpdateTip: new best=33f792e4eb6771f4bc8af151d197c04f1fb6f58949dd42d4a3bd1d8dba50bdd2 height=91 version=0x20000000 log2_work=7.523562 tx=92 date='2025-11-02T16:35:08Z' progress=1.000000 cache=0.3MiB(91txo)
2025-11-02T16:34:53Z Saw new header hash=571e5996f095d5cb402ec866b4ec8268947b224439bf7f5d93db5e1011c3b98f height=92
2025-11-02T16:34:53Z Saw new cmpctblock header hash=571e5996f095d5cb402ec866b4ec8268947b224439bf7f5d93db5e1011c3b98f peer=0
2025-11-02T16:34:53Z UpdateTip: new best=571e5996f095d5cb402ec866b4ec8268947b224439bf7f5d93db5e1011c3b98f height=92 version=0x20000000 log2_work=7.539159 tx=93 date='2025-11-02T16:35:09Z' progress=1.000000 cache=0.3MiB(92txo)
2025-11-02T16:34:53Z Saw new header hash=7aafeaea95ea4e22dc4e904746e8e119e7595d0f45f3abc79ccde9918dab0fdd height=93
2025-11-02T16:34:53Z Saw new header hash=34a167bf8f3dd44c7ed555d5e79451800932e4b16ff5945e481ba739f7a2599b height=94
2025-11-02T16:34:53Z Saw new header hash=486dfe2a63eff96c2917b770b3ebf26a231cd380522aa3835378ac5d7c3860fd height=95
2025-11-02T16:34:53Z Saw new cmpctblock header hash=486dfe2a63eff96c2917b770b3ebf26a231cd380522aa3835378ac5d7c3860fd peer=1
2025-11-02T16:34:53Z Saw new header hash=1fdcf8808342f813efeca5e75e6fc62c88fe4ff330f7e26c9d757050c4ec3a4c height=96
2025-11-02T16:34:53Z Saw new header hash=7068b3c6587ec1560c63e5fa93e652ba59110ab3bc2182d61f2eac2103118ce6 height=97
2025-11-02T16:34:53Z Saw new cmpctblock header hash=7068b3c6587ec1560c63e5fa93e652ba59110ab3bc2182d61f2eac2103118ce6 peer=0
2025-11-02T16:34:53Z Saw new header hash=4f92d622f4e71819899670747125edf56043be63845c122f97515ec665e8fd81 height=98
2025-11-02T16:34:53Z Saw new cmpctblock header hash=4f92d622f4e71819899670747125edf56043be63845c122f97515ec665e8fd81 peer=0
2025-11-02T16:34:53Z UpdateTip: new best=7aafeaea95ea4e22dc4e904746e8e119e7595d0f45f3abc79ccde9918dab0fdd height=93 version=0x20000000 log2_work=7.554589 tx=94 date='2025-11-02T16:35:09Z' progress=1.000000 cache=0.3MiB(93txo)
2025-11-02T16:34:53Z Saw new header hash=562daf11f1974a8488a3724543f25200465b6995c051a0458eda4f4e8c05383f height=99
2025-11-02T16:34:53Z Saw new header hash=05807e2f262eab1a63e3dd8af3c9994fd9d398524c58b4fdd496d629763b1b65 height=100
2025-11-02T16:34:53Z Saw new header hash=66d5296843787133cd91ac1927ad5fa182839cd3f20f9f489558675551c78124 height=101
2025-11-02T16:34:53Z Saw new header hash=33621643e025722e8cdf38edb72a15783bede488b3e245e5ff1aba0aeb4e4dbe height=102
2025-11-02T16:34:53Z Saw new header hash=1fd9feb3fcc0741118e928da526eb157d3f41904ad95b76422f91ceb671a46c2 height=103
2025-11-02T16:34:53Z UpdateTip: new best=34a167bf8f3dd44c7ed555d5e79451800932e4b16ff5945e481ba739f7a2599b height=94 version=0x20000000 log2_work=7.569856 tx=95 date='2025-11-02T16:35:09Z' progress=1.000000 cache=0.3MiB(94txo)
2025-11-02T16:34:53Z UpdateTip: new best=486dfe2a63eff96c2917b770b3ebf26a231cd380522aa3835378ac5d7c3860fd height=95 version=0x20000000 log2_work=7.584963 tx=96 date='2025-11-02T16:35:09Z' progress=1.000000 cache=0.3MiB(95txo)
2025-11-02T16:34:53Z UpdateTip: new best=1fdcf8808342f813efeca5e75e6fc62c88fe4ff330f7e26c9d757050c4ec3a4c height=96 version=0x20000000 log2_work=7.599913 tx=97 date='2025-11-02T16:35:09Z' progress=1.000000 cache=0.3MiB(96txo)
2025-11-02T16:34:53Z UpdateTip: new best=7068b3c6587ec1560c63e5fa93e652ba59110ab3bc2182d61f2eac2103118ce6 height=97 version=0x20000000 log2_work=7.614710 tx=98 date='2025-11-02T16:35:09Z' progress=1.000000 cache=0.3MiB(97txo)
2025-11-02T16:34:53Z UpdateTip: new best=4f92d622f4e71819899670747125edf56043be63845c122f97515ec665e8fd81 height=98 version=0x20000000 log2_work=7.629357 tx=99 date='2025-11-02T16:35:10Z' progress=1.000000 cache=0.3MiB(98txo)
2025-11-02T16:34:53Z Saw new header hash=6adca50b177962dfa53a2584e796df13d186d57aa272192a62b24cd492386c88 height=104
2025-11-02T16:34:53Z Saw new cmpctblock header hash=6adca50b177962dfa53a2584e796df13d186d57aa272192a62b24cd492386c88 peer=1
2025-11-02T16:34:53Z UpdateTip: new best=562daf11f1974a8488a3724543f25200465b6995c051a0458eda4f4e8c05383f height=99 version=0x20000000 log2_work=7.643856 tx=100 date='2025-11-02T16:35:10Z' progress=1.000000 cache=0.3MiB(99txo)
2025-11-02T16:34:53Z UpdateTip: new best=05807e2f262eab1a63e3dd8af3c9994fd9d398524c58b4fdd496d629763b1b65 height=100 version=0x20000000 log2_work=7.658211 tx=101 date='2025-11-02T16:35:10Z' progress=1.000000 cache=0.3MiB(100txo)
2025-11-02T16:34:53Z UpdateTip: new best=66d5296843787133cd91ac1927ad5fa182839cd3f20f9f489558675551c78124 height=101 version=0x20000000 log2_work=7.672425 tx=102 date='2025-11-02T16:35:10Z' progress=1.000000 cache=0.3MiB(101txo)
2025-11-02T16:34:53Z Saw new header hash=2a85ebfd5b442e8ec0c50b13286ccad6a145acebd9e094c7cc4d081f68dbb9fb height=105
2025-11-02T16:34:53Z Saw new header hash=3564c977b3380b3a0b84ad8d3014777fb0ee1b7b69e8a9adb780a901d156dc1d height=106
2025-11-02T16:34:53Z Saw new header hash=612ec08bccf79f25b1a66472cc06113ffa6ddee0645c900e26ed6c11fe49a942 height=107
2025-11-02T16:34:53Z Saw new header hash=649bbd64f484b43e704daddcbe210c6dffa8620262b2c9b8b9e160e698e30b47 height=108
2025-11-02T16:34:53Z Saw new header hash=2d1613a4eb9a6940658862ad7505adc306823c2343656aee9912485fe87d2a63 height=109
2025-11-02T16:34:53Z Saw new cmpctblock header hash=2d1613a4eb9a6940658862ad7505adc306823c2343656aee9912485fe87d2a63 peer=1
2025-11-02T16:34:53Z UpdateTip: new best=33621643e025722e8cdf38edb72a15783bede488b3e245e5ff1aba0aeb4e4dbe height=102 version=0x20000000 log2_work=7.686501 tx=103 date='2025-11-02T16:35:10Z' progress=1.000000 cache=0.3MiB(102txo)
2025-11-02T16:34:53Z UpdateTip: new best=1fd9feb3fcc0741118e928da526eb157d3f41904ad95b76422f91ceb671a46c2 height=103 version=0x20000000 log2_work=7.700440 tx=104 date='2025-11-02T16:35:10Z' progress=1.000000 cache=0.3MiB(103txo)
2025-11-02T16:34:53Z UpdateTip: new best=6adca50b177962dfa53a2584e796df13d186d57aa272192a62b24cd492386c88 height=104 version=0x20000000 log2_work=7.714246 tx=105 date='2025-11-02T16:35:11Z' progress=1.000000 cache=0.3MiB(104txo)
2025-11-02T16:34:53Z UpdateTip: new best=2a85ebfd5b442e8ec0c50b13286ccad6a145acebd9e094c7cc4d081f68dbb9fb height=105 version=0x20000000 log2_work=7.727920 tx=106 date='2025-11-02T16:35:11Z' progress=1.000000 cache=0.3MiB(105txo)
2025-11-02T16:34:53Z Saw new header hash=5403374d744123d9a4c9de7e85277d2204d7ce106dc0f14afc157f5cfcfe51fd height=110
2025-11-02T16:34:53Z Saw new cmpctblock header hash=5403374d744123d9a4c9de7e85277d2204d7ce106dc0f14afc157f5cfcfe51fd peer=0
2025-11-02T16:34:53Z Saw new header hash=542239372ce530f62eabc12d57fec09b1242215153b13a36475248fbaeafedf8 height=111
2025-11-02T16:34:53Z Saw new cmpctblock header hash=542239372ce530f62eabc12d57fec09b1242215153b13a36475248fbaeafedf8 peer=1
2025-11-02T16:34:53Z UpdateTip: new best=3564c977b3380b3a0b84ad8d3014777fb0ee1b7b69e8a9adb780a901d156dc1d height=106 version=0x20000000 log2_work=7.741467 tx=107 date='2025-11-02T16:35:11Z' progress=1.000000 cache=0.3MiB(106txo)
2025-11-02T16:34:53Z UpdateTip: new best=612ec08bccf79f25b1a66472cc06113ffa6ddee0645c900e26ed6c11fe49a942 height=107 version=0x20000000 log2_work=7.754888 tx=108 date='2025-11-02T16:35:11Z' progress=1.000000 cache=0.3MiB(107txo)
2025-11-02T16:34:53Z UpdateTip: new best=649bbd64f484b43e704daddcbe210c6dffa8620262b2c9b8b9e160e698e30b47 height=108 version=0x20000000 log2_work=7.768184 tx=109 date='2025-11-02T16:35:11Z' progress=1.000000 cache=0.3MiB(108txo)
2025-11-02T16:34:53Z UpdateTip: new best=2d1613a4eb9a6940658862ad7505adc306823c2343656aee9912485fe87d2a63 height=109 version=0x20000000 log2_work=7.781360 tx=110 date='2025-11-02T16:35:11Z' progress=1.000000 cache=0.3MiB(109txo)
2025-11-02T16:34:53Z Saw new header hash=47c4fea8a29e0de430327409284a0ef12937803f80cca926ce341cae97fd831d height=112
2025-11-02T16:34:53Z Saw new cmpctblock header hash=47c4fea8a29e0de430327409284a0ef12937803f80cca926ce341cae97fd831d peer=1
2025-11-02T16:34:53Z UpdateTip: new best=5403374d744123d9a4c9de7e85277d2204d7ce106dc0f14afc157f5cfcfe51fd height=110 version=0x20000000 log2_work=7.794416 tx=111 date='2025-11-02T16:35:12Z' progress=1.000000 cache=0.3MiB(110txo)
2025-11-02T16:34:53Z UpdateTip: new best=542239372ce530f62eabc12d57fec09b1242215153b13a36475248fbaeafedf8 height=111 version=0x20000000 log2_work=7.807355 tx=112 date='2025-11-02T16:35:12Z' progress=1.000000 cache=0.3MiB(111txo)
2025-11-02T16:34:53Z UpdateTip: new best=47c4fea8a29e0de430327409284a0ef12937803f80cca926ce341cae97fd831d height=112 version=0x20000000 log2_work=7.820179 tx=113 date='2025-11-02T16:35:12Z' progress=1.000000 cache=0.3MiB(112txo)
2025-11-02T16:34:53Z Saw new header hash=5517d0761e162cfe19f3409278aca89f769dd9ec825bc8a95742dd66649236e4 height=113
2025-11-02T16:34:53Z Saw new cmpctblock header hash=5517d0761e162cfe19f3409278aca89f769dd9ec825bc8a95742dd66649236e4 peer=0
2025-11-02T16:34:53Z UpdateTip: new best=5517d0761e162cfe19f3409278aca89f769dd9ec825bc8a95742dd66649236e4 height=113 version=0x20000000 log2_work=7.832890 tx=114 date='2025-11-02T16:35:12Z' progress=1.000000 cache=0.3MiB(113txo)
2025-11-02T16:34:53Z Saw new header hash=647f196bcc368b249b376f12db1a6a395eb32db732faeb72a393a04a82c48c36 height=114
2025-11-02T16:34:53Z Saw new cmpctblock header hash=647f196bcc368b249b376f12db1a6a395eb32db732faeb72a393a04a82c48c36 peer=1
2025-11-02T16:34:53Z UpdateTip: new best=647f196bcc368b249b376f12db1a6a395eb32db732faeb72a393a04a82c48c36 height=114 version=0x20000000 log2_work=7.845490 tx=115 date='2025-11-02T16:35:12Z' progress=1.000000 cache=0.3MiB(114txo)
2025-11-02T16:34:53Z Saw new header hash=2710e3981d7afbf457588e8896b9b6ae5e46d8ef4d5b537e1cb8a3fead2901ac height=115
2025-11-02T16:34:53Z Saw new cmpctblock header hash=2710e3981d7afbf457588e8896b9b6ae5e46d8ef4d5b537e1cb8a3fead2901ac peer=0
2025-11-02T16:34:53Z UpdateTip: new best=2710e3981d7afbf457588e8896b9b6ae5e46d8ef4d5b537e1cb8a3fead2901ac height=115 version=0x20000000 log2_work=7.857981 tx=116 date='2025-11-02T16:35:12Z' progress=1.000000 cache=0.3MiB(115txo)
2025-11-02T16:34:53Z Saw new header hash=05abfa66a7a585de8dadd0f1028ba28106c275403dacd2e8859edc75f8bb2d6d height=116
2025-11-02T16:34:53Z Saw new cmpctblock header hash=05abfa66a7a585de8dadd0f1028ba28106c275403dacd2e8859edc75f8bb2d6d peer=1
2025-11-02T16:34:53Z UpdateTip: new best=05abfa66a7a585de8dadd0f1028ba28106c275403dacd2e8859edc75f8bb2d6d height=116 version=0x20000000 log2_work=7.870365 tx=117 date='2025-11-02T16:35:13Z' progress=1.000000 cache=0.3MiB(116txo)
2025-11-02T16:34:53Z Saw new header hash=3a9d58d4b2e63984584a54bccb3be4fd5f96f794773b76ab4a87c5c06f5cccf6 height=117
2025-11-02T16:34:53Z Saw new header hash=377506e82a32192cc9dc8caffe8085465872d13120f7d9d78109ac86ba3c0b33 height=118
2025-11-02T16:34:53Z Saw new header hash=79c60da76e0778b064a2b255c4b8abbf32c42d6a696713e3d270d40f826f391d height=119
2025-11-02T16:34:53Z Saw new header hash=63650ba286a1138c8ca373b744c641e6aa8539bfd8b85cd8be6443cfbb2a3267 height=120
2025-11-02T16:34:53Z Saw new header hash=0e4e783ad8e6567cd39bbfae18a4327e32222e398b911b060a320568d13de983 height=121
2025-11-02T16:34:53Z Saw new cmpctblock header hash=0e4e783ad8e6567cd39bbfae18a4327e32222e398b911b060a320568d13de983 peer=0
2025-11-02T16:34:53Z Saw new header hash=57cf9af67a4230f76382fcaba4e3a6e93b3e2c2166e6cd55f3c3d592c0610b3d height=122
2025-11-02T16:34:53Z Saw new cmpctblock header hash=57cf9af67a4230f76382fcaba4e3a6e93b3e2c2166e6cd55f3c3d592c0610b3d peer=0
2025-11-02T16:34:53Z UpdateTip: new best=3a9d58d4b2e63984584a54bccb3be4fd5f96f794773b76ab4a87c5c06f5cccf6 height=117 version=0x20000000 log2_work=7.882643 tx=118 date='2025-11-02T16:35:13Z' progress=1.000000 cache=0.3MiB(117txo)
2025-11-02T16:34:53Z UpdateTip: new best=377506e82a32192cc9dc8caffe8085465872d13120f7d9d78109ac86ba3c0b33 height=118 version=0x20000000 log2_work=7.894818 tx=119 date='2025-11-02T16:35:13Z' progress=1.000000 cache=0.3MiB(118txo)
2025-11-02T16:34:53Z Saw new header hash=60b44f70e5d576957218a4b4923017480f491d64c1a5bf9ae5979a00645646e0 height=123
2025-11-02T16:34:53Z Saw new cmpctblock header hash=60b44f70e5d576957218a4b4923017480f491d64c1a5bf9ae5979a00645646e0 peer=0
2025-11-02T16:34:53Z UpdateTip: new best=79c60da76e0778b064a2b255c4b8abbf32c42d6a696713e3d270d40f826f391d height=119 version=0x20000000 log2_work=7.906891 tx=120 date='2025-11-02T16:35:13Z' progress=1.000000 cache=0.3MiB(119txo)
2025-11-02T16:34:53Z Saw new header hash=58f5f93f19f750f900541ad3a2a0c8e55be00f59c33e749eb21bf4babf41f507 height=124
2025-11-02T16:34:53Z Saw new cmpctblock header hash=58f5f93f19f750f900541ad3a2a0c8e55be00f59c33e749eb21bf4babf41f507 peer=0
2025-11-02T16:34:53Z UpdateTip: new best=63650ba286a1138c8ca373b744c641e6aa8539bfd8b85cd8be6443cfbb2a3267 height=120 version=0x20000000 log2_work=7.918863 tx=121 date='2025-11-02T16:35:13Z' progress=1.000000 cache=0.3MiB(120txo)
2025-11-02T16:34:53Z UpdateTip: new best=0e4e783ad8e6567cd39bbfae18a4327e32222e398b911b060a320568d13de983 height=121 version=0x20000000 log2_work=7.930737 tx=122 date='2025-11-02T16:35:13Z' progress=1.000000 cache=0.3MiB(121txo)
2025-11-02T16:34:53Z UpdateTip: new best=57cf9af67a4230f76382fcaba4e3a6e93b3e2c2166e6cd55f3c3d592c0610b3d height=122 version=0x20000000 log2_work=7.942515 tx=123 date='2025-11-02T16:35:14Z' progress=1.000000 cache=0.3MiB(122txo)
2025-11-02T16:34:53Z Saw new header hash=77dd47c1bbc79f8c63a4a5b80142a6d379abdec8588b939b31533c72fcd21c63 height=125
2025-11-02T16:34:53Z Saw new cmpctblock header hash=77dd47c1bbc79f8c63a4a5b80142a6d379abdec8588b939b31533c72fcd21c63 peer=0
2025-11-02T16:34:53Z Saw new header hash=7dcc2ccf96bf2185bb3925a8afc8c1d3db1f496a9090190ae9ae7029b20594f2 height=126
2025-11-02T16:34:53Z Saw new cmpctblock header hash=7dcc2ccf96bf2185bb3925a8afc8c1d3db1f496a9090190ae9ae7029b20594f2 peer=0
2025-11-02T16:34:53Z UpdateTip: new best=60b44f70e5d576957218a4b4923017480f491d64c1a5bf9ae5979a00645646e0 height=123 version=0x20000000 log2_work=7.954196 tx=124 date='2025-11-02T16:35:14Z' progress=1.000000 cache=0.3MiB(123txo)
2025-11-02T16:34:53Z UpdateTip: new best=58f5f93f19f750f900541ad3a2a0c8e55be00f59c33e749eb21bf4babf41f507 height=124 version=0x20000000 log2_work=7.965784 tx=125 date='2025-11-02T16:35:14Z' progress=1.000000 cache=0.3MiB(124txo)
2025-11-02T16:34:53Z UpdateTip: new best=77dd47c1bbc79f8c63a4a5b80142a6d379abdec8588b939b31533c72fcd21c63 height=125 version=0x20000000 log2_work=7.977280 tx=126 date='2025-11-02T16:35:14Z' progress=1.000000 cache=0.3MiB(125txo)
2025-11-02T16:34:53Z UpdateTip: new best=7dcc2ccf96bf2185bb3925a8afc8c1d3db1f496a9090190ae9ae7029b20594f2 height=126 version=0x20000000 log2_work=7.988685 tx=127 date='2025-11-02T16:35:14Z' progress=1.000000 cache=0.3MiB(126txo)
2025-11-02T16:34:53Z Saw new header hash=32a65e893cd1cc667ba11f0029a0c50e058c912068e3cbc6eb954ec6861aa1a8 height=127
2025-11-02T16:34:53Z Saw new cmpctblock header hash=32a65e893cd1cc667ba11f0029a0c50e058c912068e3cbc6eb954ec6861aa1a8 peer=0
2025-11-02T16:34:53Z UpdateTip: new best=32a65e893cd1cc667ba11f0029a0c50e058c912068e3cbc6eb954ec6861aa1a8 height=127 version=0x20000000 log2_work=8.000000 tx=128 date='2025-11-02T16:35:14Z' progress=1.000000 cache=0.3MiB(127txo)
2025-11-02T16:34:53Z Saw new header hash=09732cda897c1615134dd0641b6417788e0bc26b2c535adbe6f8b41c4d2b0f4d height=128
2025-11-02T16:34:53Z Saw new cmpctblock header hash=09732cda897c1615134dd0641b6417788e0bc26b2c535adbe6f8b41c4d2b0f4d peer=0
2025-11-02T16:34:53Z UpdateTip: new best=09732cda897c1615134dd0641b6417788e0bc26b2c535adbe6f8b41c4d2b0f4d height=128 version=0x20000000 log2_work=8.011227 tx=129 date='2025-11-02T16:35:15Z' progress=1.000000 cache=0.3MiB(128txo)
2025-11-02T16:34:53Z Saw new header hash=28bcb0882773a260703d7e7c8007dbd6ff3cf6bfe17543a7a9ab49a7b5453785 height=129
2025-11-02T16:34:53Z Saw new cmpctblock header hash=28bcb0882773a260703d7e7c8007dbd6ff3cf6bfe17543a7a9ab49a7b5453785 peer=0
2025-11-02T16:34:53Z UpdateTip: new best=28bcb0882773a260703d7e7c8007dbd6ff3cf6bfe17543a7a9ab49a7b5453785 height=129 version=0x20000000 log2_work=8.022368 tx=130 date='2025-11-02T16:35:15Z' progress=1.000000 cache=0.3MiB(129txo)
2025-11-02T16:34:53Z Saw new header hash=757dcd0ebdaa0526914fd7266e34c1dc6b089d055e45ba7102988f713d2ca59d height=130
2025-11-02T16:34:53Z Saw new cmpctblock header hash=757dcd0ebdaa0526914fd7266e34c1dc6b089d055e45ba7102988f713d2ca59d peer=0
2025-11-02T16:34:53Z UpdateTip: new best=757dcd0ebdaa0526914fd7266e34c1dc6b089d055e45ba7102988f713d2ca59d height=130 version=0x20000000 log2_work=8.033423 tx=131 date='2025-11-02T16:35:15Z' progress=1.000000 cache=0.3MiB(130txo)
2025-11-02T16:34:53Z Saw new header hash=50b14ff94cb23b7a3206393a17512829ca10c22d6dce839293359eee33bc1fca height=131
2025-11-02T16:34:53Z Saw new cmpctblock header hash=50b14ff94cb23b7a3206393a17512829ca10c22d6dce839293359eee33bc1fca peer=0
2025-11-02T16:34:53Z UpdateTip: new best=50b14ff94cb23b7a3206393a17512829ca10c22d6dce839293359eee33bc1fca height=131 version=0x20000000 log2_work=8.044394 tx=132 date='2025-11-02T16:35:15Z' progress=1.000000 cache=0.3MiB(131txo)
2025-11-02T16:34:53Z Saw new header hash=1e3b9427ccaa895789ee4b0d745decd50576cc592e58f22b980396bcf866a50b height=132
2025-11-02T16:34:53Z Saw new cmpctblock header hash=1e3b9427ccaa895789ee4b0d745decd50576cc592e58f22b980396bcf866a50b peer=0
2025-11-02T16:34:53Z UpdateTip: new best=1e3b9427ccaa895789ee4b0d745decd50576cc592e58f22b980396bcf866a50b height=132 version=0x20000000 log2_work=8.055282 tx=133 date='2025-11-02T16:35:15Z' progress=1.000000 cache=0.3MiB(132txo)
2025-11-02T16:34:53Z Saw new header hash=7bca124d30c160391763cc49dff654fc3f399aaf7091c7b467e6cf8cd6f488ba height=133
2025-11-02T16:34:53Z Saw new cmpctblock header hash=7bca124d30c160391763cc49dff654fc3f399aaf7091c7b467e6cf8cd6f488ba peer=0
2025-11-02T16:34:53Z UpdateTip: new best=7bca124d30c160391763cc49dff654fc3f399aaf7091c7b467e6cf8cd6f488ba height=133 version=0x20000000 log2_work=8.066089 tx=134 date='2025-11-02T16:35:15Z' progress=1.000000 cache=0.3MiB(133txo)
2025-11-02T16:34:53Z Saw new header hash=3f9b1b314b3ad31a27c61acc529d9080cf46253dd58e7c6caf1721595f99287e height=134
2025-11-02T16:34:53Z Saw new cmpctblock header hash=3f9b1b314b3ad31a27c61acc529d9080cf46253dd58e7c6caf1721595f99287e peer=0
2025-11-02T16:34:53Z UpdateTip: new best=3f9b1b314b3ad31a27c61acc529d9080cf46253dd58e7c6caf1721595f99287e height=134 version=0x20000000 log2_work=8.076816 tx=135 date='2025-11-02T16:35:16Z' progress=1.000000 cache=0.3MiB(134txo)
2025-11-02T16:34:53Z Saw new header hash=3c4fdb6f817427fed9790538f9e6de724f578720223a14b5458c2b48e7e2353a height=135
2025-11-02T16:34:53Z Saw new cmpctblock header hash=3c4fdb6f817427fed9790538f9e6de724f578720223a14b5458c2b48e7e2353a peer=0
2025-11-02T16:34:53Z UpdateTip: new best=3c4fdb6f817427fed9790538f9e6de724f578720223a14b5458c2b48e7e2353a height=135 version=0x20000000 log2_work=8.087463 tx=136 date='2025-11-02T16:35:16Z' progress=1.000000 cache=0.3MiB(135txo)
2025-11-02T16:34:53Z Saw new header hash=68b83220d79bf6e181793e5213aa00c4dfe5be94ab7a356c069ec7f340972fae height=136
2025-11-02T16:34:53Z Saw new cmpctblock header hash=68b83220d79bf6e181793e5213aa00c4dfe5be94ab7a356c069ec7f340972fae peer=0
2025-11-02T16:34:53Z UpdateTip: new best=68b83220d79bf6e181793e5213aa00c4dfe5be94ab7a356c069ec7f340972fae height=136 version=0x20000000 log2_work=8.098032 tx=137 date='2025-11-02T16:35:16Z' progress=1.000000 cache=0.3MiB(136txo)
2025-11-02T16:34:53Z Saw new header hash=39a10f9a2ab94c0881a3392816ea9faebb7c63e62692f36a9021ce0da90d7a03 height=137
2025-11-02T16:34:53Z Saw new cmpctblock header hash=39a10f9a2ab94c0881a3392816ea9faebb7c63e62692f36a9021ce0da90d7a03 peer=0
2025-11-02T16:34:53Z UpdateTip: new best=39a10f9a2ab94c0881a3392816ea9faebb7c63e62692f36a9021ce0da90d7a03 height=137 version=0x20000000 log2_work=8.108524 tx=138 date='2025-11-02T16:35:16Z' progress=1.000000 cache=0.3MiB(137txo)
2025-11-02T16:34:53Z Saw new header hash=2c8385899f15f3b0583be7c039556872fe4cec87be740898a86e0ebea8c57853 height=138
2025-11-02T16:34:53Z Saw new cmpctblock header hash=2c8385899f15f3b0583be7c039556872fe4cec87be740898a86e0ebea8c57853 peer=0
2025-11-02T16:34:53Z UpdateTip: new best=2c8385899f15f3b0583be7c039556872fe4cec87be740898a86e0ebea8c57853 height=138 version=0x20000000 log2_work=8.118941 tx=139 date='2025-11-02T16:35:16Z' progress=1.000000 cache=0.3MiB(138txo)
2025-11-02T16:34:53Z Saw new header hash=0c0e2115050ce21c32e654d2a910c22837eb16e87996b6823490afa72d186bf9 height=139
2025-11-02T16:34:53Z Saw new cmpctblock header hash=0c0e2115050ce21c32e654d2a910c22837eb16e87996b6823490afa72d186bf9 peer=0
2025-11-02T16:34:53Z UpdateTip: new best=0c0e2115050ce21c32e654d2a910c22837eb16e87996b6823490afa72d186bf9 height=139 version=0x20000000 log2_work=8.129283 tx=140 date='2025-11-02T16:35:16Z' progress=1.000000 cache=0.3MiB(139txo)
2025-11-02T16:34:53Z Saw new header hash=2c2b691b33891333ad8cdc483e7ae03ef1b8f203e6aee73a87c39de1bb7c53a1 height=140
2025-11-02T16:34:53Z Saw new cmpctblock header hash=2c2b691b33891333ad8cdc483e7ae03ef1b8f203e6aee73a87c39de1bb7c53a1 peer=0
2025-11-02T16:34:53Z UpdateTip: new best=2c2b691b33891333ad8cdc483e7ae03ef1b8f203e6aee73a87c39de1bb7c53a1 height=140 version=0x20000000 log2_work=8.139551 tx=141 date='2025-11-02T16:35:17Z' progress=1.000000 cache=0.3MiB(140txo)
2025-11-02T16:34:53Z Saw new header hash=0ed0db1783c35a019f1fdc1c9e917489cc034fbf3b9a01cfee30493e7c2c2b99 height=141
2025-11-02T16:34:53Z Saw new cmpctblock header hash=0ed0db1783c35a019f1fdc1c9e917489cc034fbf3b9a01cfee30493e7c2c2b99 peer=0
2025-11-02T16:34:53Z UpdateTip: new best=0ed0db1783c35a019f1fdc1c9e917489cc034fbf3b9a01cfee30493e7c2c2b99 height=141 version=0x20000000 log2_work=8.149747 tx=142 date='2025-11-02T16:35:17Z' progress=1.000000 cache=0.3MiB(141txo)
2025-11-02T16:34:58Z Saw new header hash=19d0bd101b99fc014665e4567210c64954252fd20a6469b269f98b502375abe5 height=142
2025-11-02T16:34:58Z Saw new cmpctblock header hash=19d0bd101b99fc014665e4567210c64954252fd20a6469b269f98b502375abe5 peer=0
2025-11-02T16:34:58Z UpdateTip: new best=19d0bd101b99fc014665e4567210c64954252fd20a6469b269f98b502375abe5 height=142 version=0x20000000 log2_work=8.159871 tx=143 date='2025-11-02T16:35:17Z' progress=1.000000 cache=0.3MiB(142txo)
2025-11-02T16:35:03Z Saw new header hash=0890353aae3977ba53f815525c6de774e1ab19173bbc64f9cb4df7d33e5ee940 height=143
2025-11-02T16:35:03Z Saw new cmpctblock header hash=0890353aae3977ba53f815525c6de774e1ab19173bbc64f9cb4df7d33e5ee940 peer=1
2025-11-02T16:35:03Z UpdateTip: new best=0890353aae3977ba53f815525c6de774e1ab19173bbc64f9cb4df7d33e5ee940 height=143 version=0x20000000 log2_work=8.169925 tx=195 date='2025-11-02T16:35:17Z' progress=1.000000 cache=0.3MiB(235txo)
2025-11-02T16:35:08Z Saw new header hash=3ec9167f0d88ffd60bdcbab345fd0d4258abe8b8e08771ac1e126e7350e364f5 height=144
2025-11-02T16:35:08Z Saw new cmpctblock header hash=3ec9167f0d88ffd60bdcbab345fd0d4258abe8b8e08771ac1e126e7350e364f5 peer=0
2025-11-02T16:35:08Z UpdateTip: new best=3ec9167f0d88ffd60bdcbab345fd0d4258abe8b8e08771ac1e126e7350e364f5 height=144 version=0x30000000 log2_work=8.179909 tx=236 date='2025-11-02T16:35:17Z' progress=1.000000 cache=0.3MiB(241txo)
2025-11-02T16:35:13Z Saw new header hash=2ca17f377eed9bf5a5dceee31da675ba08578efb974f760b7f94248c4831e01e height=145
2025-11-02T16:35:13Z Saw new cmpctblock header hash=2ca17f377eed9bf5a5dceee31da675ba08578efb974f760b7f94248c4831e01e peer=1
2025-11-02T16:35:13Z UpdateTip: new best=2ca17f377eed9bf5a5dceee31da675ba08578efb974f760b7f94248c4831e01e height=145 version=0x30000000 log2_work=8.189825 tx=237 date='2025-11-02T16:35:17Z' progress=1.000000 cache=0.3MiB(242txo)
2025-11-02T16:35:19Z Saw new header hash=632245ae405ad84515605be7502c910d92f7df03304d4f0749ca136069c69cb3 height=146
2025-11-02T16:35:19Z Saw new cmpctblock header hash=632245ae405ad84515605be7502c910d92f7df03304d4f0749ca136069c69cb3 peer=1
2025-11-02T16:35:19Z UpdateTip: new best=632245ae405ad84515605be7502c910d92f7df03304d4f0749ca136069c69cb3 height=146 version=0x30000000 log2_work=8.199672 tx=323 date='2025-11-02T16:35:18Z' progress=1.000000 cache=0.3MiB(258txo)
2025-11-02T16:35:24Z Saw new header hash=6f439259e29b1823ad5973c771071ee5b5e2202deccd20986b005b779cca7bc1 height=147
2025-11-02T16:35:24Z Saw new cmpctblock header hash=6f439259e29b1823ad5973c771071ee5b5e2202deccd20986b005b779cca7bc1 peer=1
2025-11-02T16:35:24Z UpdateTip: new best=6f439259e29b1823ad5973c771071ee5b5e2202deccd20986b005b779cca7bc1 height=147 version=0x30000000 log2_work=8.209453 tx=364 date='2025-11-02T16:35:23Z' progress=1.000000 cache=0.3MiB(267txo)
2025-11-02T16:35:29Z Saw new header hash=0430d096387cd3c2d578dce607edc7464a0833d6661bedae37bf06b989c4cbc9 height=148
2025-11-02T16:35:29Z Saw new cmpctblock header hash=0430d096387cd3c2d578dce607edc7464a0833d6661bedae37bf06b989c4cbc9 peer=0
2025-11-02T16:35:29Z UpdateTip: new best=0430d096387cd3c2d578dce607edc7464a0833d6661bedae37bf06b989c4cbc9 height=148 version=0x30000000 log2_work=8.219169 tx=407 date='2025-11-02T16:35:28Z' progress=1.000000 cache=0.3MiB(253txo)
2025-11-02T16:35:34Z Saw new header hash=5b8c79c5e29b11f812d7cc5b06dcf7767971afa5944012650dd310d3109c3f8d height=149
2025-11-02T16:35:34Z Saw new cmpctblock header hash=5b8c79c5e29b11f812d7cc5b06dcf7767971afa5944012650dd310d3109c3f8d peer=1
2025-11-02T16:35:34Z UpdateTip: new best=5b8c79c5e29b11f812d7cc5b06dcf7767971afa5944012650dd310d3109c3f8d height=149 version=0x30000000 log2_work=8.228819 tx=425 date='2025-11-02T16:35:34Z' progress=1.000000 cache=0.3MiB(255txo)
2025-11-02T16:35:39Z Saw new header hash=1288803399569ca822be1debe539661129f1975775647f1137b06b0b08d45c1e height=150
2025-11-02T16:35:39Z Saw new cmpctblock header hash=1288803399569ca822be1debe539661129f1975775647f1137b06b0b08d45c1e peer=0
2025-11-02T16:35:39Z UpdateTip: new best=1288803399569ca822be1debe539661129f1975775647f1137b06b0b08d45c1e height=150 version=0x30000000 log2_work=8.238405 tx=489 date='2025-11-02T16:35:39Z' progress=1.000000 cache=0.3MiB(270txo)
2025-11-02T16:35:44Z Saw new header hash=7caddf8ce1367d474a1d37d426bd7bfd5347e467d4bf0e509df661cd0e120515 height=151
2025-11-02T16:35:44Z Saw new cmpctblock header hash=7caddf8ce1367d474a1d37d426bd7bfd5347e467d4bf0e509df661cd0e120515 peer=1
2025-11-02T16:35:44Z UpdateTip: new best=7caddf8ce1367d474a1d37d426bd7bfd5347e467d4bf0e509df661cd0e120515 height=151 version=0x30000000 log2_work=8.247928 tx=530 date='2025-11-02T16:35:44Z' progress=1.000000 cache=0.3MiB(288txo)
2025-11-02T16:35:49Z Saw new header hash=349eae4f2b63307071fd144914a215bf07681c537f82f7b86c19cdb1ba8f5f34 height=152
2025-11-02T16:35:49Z Saw new cmpctblock header hash=349eae4f2b63307071fd144914a215bf07681c537f82f7b86c19cdb1ba8f5f34 peer=1
2025-11-02T16:35:49Z UpdateTip: new best=349eae4f2b63307071fd144914a215bf07681c537f82f7b86c19cdb1ba8f5f34 height=152 version=0x30000000 log2_work=8.257388 tx=555 date='2025-11-02T16:35:49Z' progress=1.000000 cache=0.3MiB(272txo)
2025-11-02T16:35:54Z Saw new header hash=0acc3444e0b0e7c0dc4d5ff3a37a7b90cc6d846e420b3d683f580391901af24f height=153
2025-11-02T16:35:54Z Saw new cmpctblock header hash=0acc3444e0b0e7c0dc4d5ff3a37a7b90cc6d846e420b3d683f580391901af24f peer=0
2025-11-02T16:35:54Z UpdateTip: new best=0acc3444e0b0e7c0dc4d5ff3a37a7b90cc6d846e420b3d683f580391901af24f height=153 version=0x30000000 log2_work=8.266787 tx=592 date='2025-11-02T16:35:54Z' progress=1.000000 cache=0.3MiB(274txo)
2025-11-02T16:35:59Z Saw new header hash=00f960df353a868354c1ce3b4bbcf9e96591eac013757835b64fef0a12fa1524 height=154
2025-11-02T16:35:59Z Saw new cmpctblock header hash=00f960df353a868354c1ce3b4bbcf9e96591eac013757835b64fef0a12fa1524 peer=0
2025-11-02T16:35:59Z UpdateTip: new best=00f960df353a868354c1ce3b4bbcf9e96591eac013757835b64fef0a12fa1524 height=154 version=0x30000000 log2_work=8.276124 tx=649 date='2025-11-02T16:35:59Z' progress=1.000000 cache=0.3MiB(284txo)
2025-11-02T16:36:04Z Saw new header hash=4712da14727bdea22b28c69c4f35b1000555b308abecdfb5101453f8b1b34847 height=155
2025-11-02T16:36:04Z Saw new cmpctblock header hash=4712da14727bdea22b28c69c4f35b1000555b308abecdfb5101453f8b1b34847 peer=0
2025-11-02T16:36:04Z UpdateTip: new best=4712da14727bdea22b28c69c4f35b1000555b308abecdfb5101453f8b1b34847 height=155 version=0x30000000 log2_work=8.285402 tx=698 date='2025-11-02T16:36:04Z' progress=1.000000 cache=0.3MiB(294txo)
2025-11-02T16:36:09Z Saw new header hash=694de76f0e20b428d75404ef6cbdf37291108951aba46dfed8ef59beb0509dcd height=156
2025-11-02T16:36:09Z Saw new cmpctblock header hash=694de76f0e20b428d75404ef6cbdf37291108951aba46dfed8ef59beb0509dcd peer=0
2025-11-02T16:36:09Z UpdateTip: new best=694de76f0e20b428d75404ef6cbdf37291108951aba46dfed8ef59beb0509dcd height=156 version=0x30000000 log2_work=8.294621 tx=733 date='2025-11-02T16:36:09Z' progress=1.000000 cache=0.3MiB(301txo)
2025-11-02T16:36:14Z Saw new header hash=1720f185740d9e9ef1e5b33292eb78715a4469227cf45c970ea90925681512ce height=157
2025-11-02T16:36:14Z Saw new cmpctblock header hash=1720f185740d9e9ef1e5b33292eb78715a4469227cf45c970ea90925681512ce peer=0
2025-11-02T16:36:14Z UpdateTip: new best=1720f185740d9e9ef1e5b33292eb78715a4469227cf45c970ea90925681512ce height=157 version=0x30000000 log2_work=8.303781 tx=772 date='2025-11-02T16:36:14Z' progress=1.000000 cache=0.3MiB(302txo)
2025-11-02T16:36:19Z Saw new header hash=27a0cb4ea8480d16de118dbb87eeead9b20066a6fc04104bd72a24c5253fe170 height=158
2025-11-02T16:36:19Z Saw new cmpctblock header hash=27a0cb4ea8480d16de118dbb87eeead9b20066a6fc04104bd72a24c5253fe170 peer=1
2025-11-02T16:36:19Z UpdateTip: new best=27a0cb4ea8480d16de118dbb87eeead9b20066a6fc04104bd72a24c5253fe170 height=158 version=0x30000000 log2_work=8.312883 tx=773 date='2025-11-02T16:36:19Z' progress=1.000000 cache=0.3MiB(303txo)
2025-11-02T16:36:24Z Saw new header hash=178fef42dc45ef347087cdfd57b2ee19f605edecc6368aff1babb812cbd80a43 height=159
2025-11-02T16:36:24Z Saw new cmpctblock header hash=178fef42dc45ef347087cdfd57b2ee19f605edecc6368aff1babb812cbd80a43 peer=0
2025-11-02T16:36:24Z UpdateTip: new best=178fef42dc45ef347087cdfd57b2ee19f605edecc6368aff1babb812cbd80a43 height=159 version=0x30000000 log2_work=8.321928 tx=825 date='2025-11-02T16:36:24Z' progress=1.000000 cache=0.3MiB(313txo)
2025-11-02T16:36:30Z Saw new header hash=403cf816cd9c272d9cf7198db0b0c0ed584ec51eeb3a28c08ff4da3fbee2171e height=160
2025-11-02T16:36:30Z Saw new cmpctblock header hash=403cf816cd9c272d9cf7198db0b0c0ed584ec51eeb3a28c08ff4da3fbee2171e peer=0
2025-11-02T16:36:30Z UpdateTip: new best=403cf816cd9c272d9cf7198db0b0c0ed584ec51eeb3a28c08ff4da3fbee2171e height=160 version=0x30000000 log2_work=8.330917 tx=899 date='2025-11-02T16:36:29Z' progress=1.000000 cache=0.3MiB(322txo)
2025-11-02T16:36:35Z Saw new header hash=2f2ee90b6d17c7e819e3b472ca9466d5d9dd483506f33315aa0b37bc3a3825b3 height=161
2025-11-02T16:36:35Z Saw new cmpctblock header hash=2f2ee90b6d17c7e819e3b472ca9466d5d9dd483506f33315aa0b37bc3a3825b3 peer=0
2025-11-02T16:36:35Z UpdateTip: new best=2f2ee90b6d17c7e819e3b472ca9466d5d9dd483506f33315aa0b37bc3a3825b3 height=161 version=0x30000000 log2_work=8.339850 tx=926 date='2025-11-02T16:36:34Z' progress=1.000000 cache=0.3MiB(324txo)
2025-11-02T16:36:40Z Saw new header hash=50cdff7cc50195dc64d50e6d3416cf1b885e74a15ef09a002f2dc6f1cd250bc8 height=162
2025-11-02T16:36:40Z Saw new cmpctblock header hash=50cdff7cc50195dc64d50e6d3416cf1b885e74a15ef09a002f2dc6f1cd250bc8 peer=0
2025-11-02T16:36:40Z UpdateTip: new best=50cdff7cc50195dc64d50e6d3416cf1b885e74a15ef09a002f2dc6f1cd250bc8 height=162 version=0x30000000 log2_work=8.348728 tx=977 date='2025-11-02T16:36:39Z' progress=1.000000 cache=0.3MiB(328txo)
2025-11-02T16:36:45Z Saw new header hash=403f34242b9f0f555e0165e88e678041c344e86a2c939ecbff2a2f2e231c4896 height=163
2025-11-02T16:36:45Z Saw new cmpctblock header hash=403f34242b9f0f555e0165e88e678041c344e86a2c939ecbff2a2f2e231c4896 peer=0
2025-11-02T16:36:45Z UpdateTip: new best=403f34242b9f0f555e0165e88e678041c344e86a2c939ecbff2a2f2e231c4896 height=163 version=0x30000000 log2_work=8.357552 tx=1026 date='2025-11-02T16:36:45Z' progress=1.000000 cache=0.3MiB(324txo)
2025-11-02T16:36:50Z Saw new header hash=1f7eb2c62980c5159fb48f7c69c3435b5e275ac3d16f5b15989595166bebaebd height=164
2025-11-02T16:36:50Z Saw new cmpctblock header hash=1f7eb2c62980c5159fb48f7c69c3435b5e275ac3d16f5b15989595166bebaebd peer=0
2025-11-02T16:36:50Z UpdateTip: new best=1f7eb2c62980c5159fb48f7c69c3435b5e275ac3d16f5b15989595166bebaebd height=164 version=0x30000000 log2_work=8.366322 tx=1067 date='2025-11-02T16:36:50Z' progress=1.000000 cache=0.3MiB(340txo)
2025-11-02T16:36:55Z Saw new header hash=6b69e9c1083d44bdb9e8287eb4d53facf6ad95654b43499adfc67582edea596b height=165
2025-11-02T16:36:55Z Saw new cmpctblock header hash=6b69e9c1083d44bdb9e8287eb4d53facf6ad95654b43499adfc67582edea596b peer=0
2025-11-02T16:36:55Z UpdateTip: new best=6b69e9c1083d44bdb9e8287eb4d53facf6ad95654b43499adfc67582edea596b height=165 version=0x30000000 log2_work=8.375039 tx=1101 date='2025-11-02T16:36:55Z' progress=1.000000 cache=0.3MiB(331txo)
2025-11-02T16:37:00Z Saw new header hash=38f9f16c1414b65436905d72789b74ac8f9ec9be7ae99ffea900b7396b8cffd4 height=166
2025-11-02T16:37:00Z Saw new cmpctblock header hash=38f9f16c1414b65436905d72789b74ac8f9ec9be7ae99ffea900b7396b8cffd4 peer=0
2025-11-02T16:37:00Z UpdateTip: new best=38f9f16c1414b65436905d72789b74ac8f9ec9be7ae99ffea900b7396b8cffd4 height=166 version=0x30000000 log2_work=8.383704 tx=1136 date='2025-11-02T16:37:00Z' progress=1.000000 cache=0.3MiB(343txo)
2025-11-02T16:37:05Z Saw new header hash=7d2b9a938ea25d1745bfd9a0bfce06180d939660090adba027670bd1b0f4dfd6 height=167
2025-11-02T16:37:05Z Saw new cmpctblock header hash=7d2b9a938ea25d1745bfd9a0bfce06180d939660090adba027670bd1b0f4dfd6 peer=1
2025-11-02T16:37:05Z UpdateTip: new best=7d2b9a938ea25d1745bfd9a0bfce06180d939660090adba027670bd1b0f4dfd6 height=167 version=0x30000000 log2_work=8.392317 tx=1184 date='2025-11-02T16:37:05Z' progress=1.000000 cache=0.3MiB(336txo)
2025-11-02T16:37:10Z Saw new header hash=585830a296d27b79c06639ce170e4e87bb068ed65760832316f89e8b6c6f98d2 height=168
2025-11-02T16:37:10Z Saw new cmpctblock header hash=585830a296d27b79c06639ce170e4e87bb068ed65760832316f89e8b6c6f98d2 peer=1
2025-11-02T16:37:10Z UpdateTip: new best=585830a296d27b79c06639ce170e4e87bb068ed65760832316f89e8b6c6f98d2 height=168 version=0x30000000 log2_work=8.400879 tx=1218 date='2025-11-02T16:37:10Z' progress=1.000000 cache=0.3MiB(326txo)
2025-11-02T16:37:15Z Saw new header hash=3e51cd8894595ae3fe974911a53c6b9c80e0b7fc90b9b4215c1baf7e4e06718f height=169
2025-11-02T16:37:15Z Saw new cmpctblock header hash=3e51cd8894595ae3fe974911a53c6b9c80e0b7fc90b9b4215c1baf7e4e06718f peer=0
2025-11-02T16:37:15Z UpdateTip: new best=3e51cd8894595ae3fe974911a53c6b9c80e0b7fc90b9b4215c1baf7e4e06718f height=169 version=0x30000000 log2_work=8.409391 tx=1266 date='2025-11-02T16:37:15Z' progress=1.000000 cache=0.3MiB(342txo)
2025-11-02T16:37:21Z Saw new header hash=39879e2d71c8f97f15cffeb9182d9c9f2bcd3bb0271029bb2b36aeae58d78fb4 height=170
2025-11-02T16:37:21Z Saw new cmpctblock header hash=39879e2d71c8f97f15cffeb9182d9c9f2bcd3bb0271029bb2b36aeae58d78fb4 peer=1
2025-11-02T16:37:21Z UpdateTip: new best=39879e2d71c8f97f15cffeb9182d9c9f2bcd3bb0271029bb2b36aeae58d78fb4 height=170 version=0x30000000 log2_work=8.417853 tx=1317 date='2025-11-02T16:37:20Z' progress=1.000000 cache=0.3MiB(346txo)
2025-11-02T16:37:26Z Saw new header hash=0fd6e5917c5400e8f9850f0a5fc85528b93343609a3c6d1cdf9157e41abfeb07 height=171
2025-11-02T16:37:26Z Saw new cmpctblock header hash=0fd6e5917c5400e8f9850f0a5fc85528b93343609a3c6d1cdf9157e41abfeb07 peer=0
2025-11-02T16:37:26Z UpdateTip: new best=0fd6e5917c5400e8f9850f0a5fc85528b93343609a3c6d1cdf9157e41abfeb07 height=171 version=0x30000000 log2_work=8.426265 tx=1349 date='2025-11-02T16:37:26Z' progress=1.000000 cache=0.3MiB(353txo)
2025-11-02T16:37:34Z Saw new header hash=533b3b81ae842c098f71eb3fe4ec4d42eaf9e1962a0d48295760353e5206af8a height=172
2025-11-02T16:37:34Z Saw new cmpctblock header hash=533b3b81ae842c098f71eb3fe4ec4d42eaf9e1962a0d48295760353e5206af8a peer=1
2025-11-02T16:37:34Z UpdateTip: new best=533b3b81ae842c098f71eb3fe4ec4d42eaf9e1962a0d48295760353e5206af8a height=172 version=0x30000000 log2_work=8.434628 tx=1375 date='2025-11-02T16:37:31Z' progress=1.000000 cache=0.3MiB(359txo)
2025-11-02T16:37:43Z Saw new header hash=2a3a6288c2dc08cec771c503c60eeb76f3abb3f3221b161524691925aa42cfc0 height=173
2025-11-02T16:37:43Z Saw new cmpctblock header hash=2a3a6288c2dc08cec771c503c60eeb76f3abb3f3221b161524691925aa42cfc0 peer=0
2025-11-02T16:37:43Z UpdateTip: new best=2a3a6288c2dc08cec771c503c60eeb76f3abb3f3221b161524691925aa42cfc0 height=173 version=0x30000000 log2_work=8.442943 tx=1434 date='2025-11-02T16:37:36Z' progress=1.000000 cache=0.3MiB(375txo)
2025-11-02T16:37:43Z Saw new header hash=67f960285431ba87fee06148813ff7563c33c350268b1921a8accb7a189bf70f height=174
2025-11-02T16:37:43Z Saw new cmpctblock header hash=67f960285431ba87fee06148813ff7563c33c350268b1921a8accb7a189bf70f peer=0
2025-11-02T16:37:43Z UpdateTip: new best=67f960285431ba87fee06148813ff7563c33c350268b1921a8accb7a189bf70f height=174 version=0x30000000 log2_work=8.451211 tx=1435 date='2025-11-02T16:37:41Z' progress=1.000000 cache=0.3MiB(376txo)
2025-11-02T16:38:45Z New manual v2 peer connected: version: 70016, blocks=174, peer=6
2025-11-02T16:38:51Z New manual v2 peer connected: version: 70016, blocks=174, peer=8
2025-11-02T16:39:02Z New manual v2 peer connected: version: 70016, blocks=174, peer=10
2025-11-02T16:41:15Z Saw new header hash=40a26d19c056105b8e398b12c8a00f853f6a6a17c50b5fab5d764fff27d5f082 height=175
2025-11-02T16:41:15Z Saw new header hash=335ea03c41fe2da2f8d9e7a31b48aca290f8b478b1a51e019ad8601973398d6a height=176
2025-11-02T16:41:15Z Saw new header hash=312a8fcdaa61d1a8daab560d1e910ebde829b7e01862fe490b8b5b9e0748a316 height=177
2025-11-02T16:41:15Z Saw new header hash=4529dee22d09ef2ea8d091eb254cbf11b8ebb2a0c6c02549db46e08239a6fa70 height=178
2025-11-02T16:41:15Z Saw new header hash=1d91abbdaf5c1f7a28ad387edaaa44807e0a3bd8d36e25be32ddd2abc313791a height=179
2025-11-02T16:41:15Z Saw new header hash=08c4b802540718ddf47bcedaad56211f083f7dffb9b904ee60a29e1c217fb324 height=180
2025-11-02T16:41:15Z Saw new header hash=615bd3f7bbe5a477cd49354917a4bfe834867816cd3a408962f26630e1623923 height=181
2025-11-02T16:41:15Z Saw new header hash=156e988fc0a65685fd4186cc5588cadc5fb6d807bef4e6f4db54c1ac2532bf03 height=182
2025-11-02T16:41:15Z Saw new header hash=19fd5f30a5df4a8ad6e8b68ea5f7816ed8db31a2a46165feaf7e802d0e124212 height=183
2025-11-02T16:41:15Z Saw new header hash=26e12dec6518253f17bcba2a4f6214dd89a69dfb373cafa2c85ce3aff9f445db height=184
2025-11-02T16:41:15Z Saw new header hash=7d710af39cf7f2eb5f1fd6c081dc3df6a271e9f1325c6c775c08e44fec63dc87 height=185
2025-11-02T16:41:15Z UpdateTip: new best=40a26d19c056105b8e398b12c8a00f853f6a6a17c50b5fab5d764fff27d5f082 height=175 version=0x30000000 log2_work=8.459432 tx=1512 date='2025-11-02T16:37:47Z' progress=1.000000 cache=0.3MiB(377txo)
2025-11-02T16:41:15Z UpdateTip: new best=335ea03c41fe2da2f8d9e7a31b48aca290f8b478b1a51e019ad8601973398d6a height=176 version=0x30000000 log2_work=8.467606 tx=1525 date='2025-11-02T16:37:52Z' progress=1.000000 cache=0.3MiB(349txo)
2025-11-02T16:41:15Z Saw new header hash=617c4e75c6d6a59714d9b10cb5541a4c469ed4d62ace37b23b681a5f900b85f5 height=186
2025-11-02T16:41:15Z UpdateTip: new best=312a8fcdaa61d1a8daab560d1e910ebde829b7e01862fe490b8b5b9e0748a316 height=177 version=0x30000000 log2_work=8.475733 tx=1561 date='2025-11-02T16:37:57Z' progress=1.000000 cache=0.3MiB(378txo)
2025-11-02T16:41:15Z Saw new header hash=18274284fb741be8b6a0dacae08079533993db67204b65bca23e88857da3d359 height=187
2025-11-02T16:41:15Z UpdateTip: new best=4529dee22d09ef2ea8d091eb254cbf11b8ebb2a0c6c02549db46e08239a6fa70 height=178 version=0x30000000 log2_work=8.483816 tx=1576 date='2025-11-02T16:38:02Z' progress=1.000000 cache=0.3MiB(385txo)
2025-11-02T16:41:15Z Saw new header hash=4a7ac8ccc605558c74a8a3c2fe168e866701c02b573dfc24a4084e3e43ad34b3 height=188
2025-11-02T16:41:15Z Saw new header hash=4654906ff778050c64a81c163bfe51ca4b92813cade5a2ee6c8255bea2198a35 height=189
2025-11-02T16:41:15Z UpdateTip: new best=1d91abbdaf5c1f7a28ad387edaaa44807e0a3bd8d36e25be32ddd2abc313791a height=179 version=0x30000000 log2_work=8.491853 tx=1666 date='2025-11-02T16:38:08Z' progress=1.000000 cache=0.3MiB(380txo)
2025-11-02T16:41:15Z UpdateTip: new best=08c4b802540718ddf47bcedaad56211f083f7dffb9b904ee60a29e1c217fb324 height=180 version=0x30000000 log2_work=8.499846 tx=1671 date='2025-11-02T16:38:13Z' progress=1.000000 cache=0.3MiB(366txo)
2025-11-02T16:41:15Z UpdateTip: new best=615bd3f7bbe5a477cd49354917a4bfe834867816cd3a408962f26630e1623923 height=181 version=0x30000000 log2_work=8.507795 tx=1741 date='2025-11-02T16:38:18Z' progress=1.000000 cache=0.3MiB(398txo)
2025-11-02T16:41:15Z UpdateTip: new best=156e988fc0a65685fd4186cc5588cadc5fb6d807bef4e6f4db54c1ac2532bf03 height=182 version=0x30000000 log2_work=8.515700 tx=1777 date='2025-11-02T16:38:23Z' progress=1.000000 cache=0.3MiB(408txo)
2025-11-02T16:41:15Z UpdateTip: new best=19fd5f30a5df4a8ad6e8b68ea5f7816ed8db31a2a46165feaf7e802d0e124212 height=183 version=0x30000000 log2_work=8.523562 tx=1820 date='2025-11-02T16:38:29Z' progress=1.000000 cache=0.3MiB(407txo)
2025-11-02T16:41:15Z UpdateTip: new best=26e12dec6518253f17bcba2a4f6214dd89a69dfb373cafa2c85ce3aff9f445db height=184 version=0x30000000 log2_work=8.531381 tx=1826 date='2025-11-02T16:38:34Z' progress=1.000000 cache=0.3MiB(410txo)
2025-11-02T16:41:15Z Saw new header hash=60e7e0abc882a715dd025a23bda83f74c8db523a4b4a554702a3c688c91e6038 height=190
2025-11-02T16:41:15Z UpdateTip: new best=7d710af39cf7f2eb5f1fd6c081dc3df6a271e9f1325c6c775c08e44fec63dc87 height=185 version=0x30000000 log2_work=8.539159 tx=1910 date='2025-11-02T16:38:39Z' progress=1.000000 cache=0.3MiB(404txo)
2025-11-02T16:41:15Z Saw new header hash=146dd3933739d4aa217be8f313691e7df15da672b0f792efa60b320d7682257e height=191
2025-11-02T16:41:15Z Saw new header hash=05698c8eb430b76a0881919e0ab17d2a9902fc282c62e4b82f2218c422ff63d4 height=192
2025-11-02T16:41:15Z Saw new header hash=35ef1ce9194d8a0919ea001e4d2c9f6f4278e57535bd27c09e2a113c79f94116 height=193
2025-11-02T16:41:15Z Saw new header hash=4bd62ac68b06a2c8f1d73a007b4fa1cfee79a2c9ba2df502b1734fb6d7048a9b height=194
2025-11-02T16:41:15Z Saw new header hash=0cd2398d44bb135cf877e851608bb9a1f9012126ae255c1ab3ece7fd0d544e2d height=195
2025-11-02T16:41:15Z Saw new header hash=6e46c594a1e83fac5489c28a50e1f8dbef98bdb60b348666d0228983cbd3defb height=196
2025-11-02T16:41:15Z Saw new header hash=0d38b57b57837235b17045c1d6ffba82d6f292555754ed05190b7adf5fe18115 height=197
2025-11-02T16:41:15Z Saw new header hash=41ed34e10be74cc961db1d696d55dbfd504a2486a84241588c56172793fd6151 height=198
2025-11-02T16:41:15Z Saw new header hash=3caad1f0cd4a54669f471c3dcdb6d5946c102a32020f72780e9ba958f8b9d2a2 height=199
2025-11-02T16:41:15Z Saw new header hash=6bd490adc06e821e706a4b5a93a3ecf4f6424fc36e6a4e64d58a74de514dbef8 height=200
2025-11-02T16:41:15Z UpdateTip: new best=617c4e75c6d6a59714d9b10cb5541a4c469ed4d62ace37b23b681a5f900b85f5 height=186 version=0x30000000 log2_work=8.546894 tx=2071 date='2025-11-02T16:39:00Z' progress=1.000000 cache=0.3MiB(423txo)
2025-11-02T16:41:15Z UpdateTip: new best=18274284fb741be8b6a0dacae08079533993db67204b65bca23e88857da3d359 height=187 version=0x30000000 log2_work=8.554589 tx=2072 date='2025-11-02T16:39:05Z' progress=1.000000 cache=0.3MiB(424txo)
2025-11-02T16:41:15Z UpdateTip: new best=4a7ac8ccc605558c74a8a3c2fe168e866701c02b573dfc24a4084e3e43ad34b3 height=188 version=0x30000000 log2_work=8.562242 tx=2145 date='2025-11-02T16:39:10Z' progress=1.000000 cache=0.3MiB(443txo)
2025-11-02T16:41:15Z UpdateTip: new best=4654906ff778050c64a81c163bfe51ca4b92813cade5a2ee6c8255bea2198a35 height=189 version=0x30000000 log2_work=8.569856 tx=2183 date='2025-11-02T16:39:16Z' progress=1.000000 cache=0.3MiB(417txo)
2025-11-02T16:41:15Z UpdateTip: new best=60e7e0abc882a715dd025a23bda83f74c8db523a4b4a554702a3c688c91e6038 height=190 version=0x30000000 log2_work=8.577429 tx=2231 date='2025-11-02T16:39:21Z' progress=1.000000 cache=0.3MiB(442txo)
2025-11-02T16:41:15Z UpdateTip: new best=146dd3933739d4aa217be8f313691e7df15da672b0f792efa60b320d7682257e height=191 version=0x30000000 log2_work=8.584963 tx=2270 date='2025-11-02T16:39:26Z' progress=1.000000 cache=0.3MiB(439txo)
2025-11-02T16:41:15Z UpdateTip: new best=05698c8eb430b76a0881919e0ab17d2a9902fc282c62e4b82f2218c422ff63d4 height=192 version=0x30000000 log2_work=8.592457 tx=2286 date='2025-11-02T16:39:32Z' progress=1.000000 cache=0.3MiB(447txo)
2025-11-02T16:41:15Z UpdateTip: new best=35ef1ce9194d8a0919ea001e4d2c9f6f4278e57535bd27c09e2a113c79f94116 height=193 version=0x30000000 log2_work=8.599913 tx=2357 date='2025-11-02T16:39:37Z' progress=1.000000 cache=0.3MiB(467txo)
2025-11-02T16:41:15Z UpdateTip: new best=4bd62ac68b06a2c8f1d73a007b4fa1cfee79a2c9ba2df502b1734fb6d7048a9b height=194 version=0x30000000 log2_work=8.607330 tx=2428 date='2025-11-02T16:39:47Z' progress=1.000000 cache=0.3MiB(470txo)
2025-11-02T16:41:15Z UpdateTip: new best=0cd2398d44bb135cf877e851608bb9a1f9012126ae255c1ab3ece7fd0d544e2d height=195 version=0x30000000 log2_work=8.614710 tx=2464 date='2025-11-02T16:39:52Z' progress=1.000000 cache=0.3MiB(481txo)
2025-11-02T16:41:15Z UpdateTip: new best=6e46c594a1e83fac5489c28a50e1f8dbef98bdb60b348666d0228983cbd3defb height=196 version=0x30000000 log2_work=8.622052 tx=2502 date='2025-11-02T16:39:57Z' progress=1.000000 cache=0.3MiB(477txo)
2025-11-02T16:41:15Z UpdateTip: new best=0d38b57b57837235b17045c1d6ffba82d6f292555754ed05190b7adf5fe18115 height=197 version=0x30000000 log2_work=8.629357 tx=2550 date='2025-11-02T16:40:03Z' progress=1.000000 cache=0.3MiB(488txo)
2025-11-02T16:41:15Z UpdateTip: new best=41ed34e10be74cc961db1d696d55dbfd504a2486a84241588c56172793fd6151 height=198 version=0x30000000 log2_work=8.636625 tx=2594 date='2025-11-02T16:40:08Z' progress=1.000000 cache=0.3MiB(481txo)
2025-11-02T16:41:15Z UpdateTip: new best=3caad1f0cd4a54669f471c3dcdb6d5946c102a32020f72780e9ba958f8b9d2a2 height=199 version=0x30000000 log2_work=8.643856 tx=2618 date='2025-11-02T16:40:13Z' progress=1.000000 cache=0.3MiB(486txo)
2025-11-02T16:41:15Z UpdateTip: new best=6bd490adc06e821e706a4b5a93a3ecf4f6424fc36e6a4e64d58a74de514dbef8 height=200 version=0x30000000 log2_work=8.651052 tx=2673 date='2025-11-02T16:40:18Z' progress=1.000000 cache=0.3MiB(505txo)
2025-11-02T16:41:15Z Saw new header hash=7b3460727f3e8eb2b0c9b404a367398233fc473ab72d6c28a6297f2853d277a7 height=201
2025-11-02T16:41:15Z Saw new header hash=0d6993f5041364bde61808574fd299deb17ee3a4e6a5167e6d5ef6eff4468083 height=202
2025-11-02T16:41:15Z Saw new header hash=4f65170451dd11ea902e3b2dc78bfb7fd2efa90e2aa971752aee56eb1eb1facb height=203
2025-11-02T16:41:15Z Saw new header hash=6fc2187a38e3fb4847800059b6d591fa6f07cab0d0c5f4f171c96c279c4c1b65 height=204
2025-11-02T16:41:15Z Saw new header hash=48c449340b984749fa5c7877d58cd63b9e08d0a27027ed7af4446cd6fe6448aa height=205
2025-11-02T16:41:15Z Saw new header hash=7e3c474b5cf8e0d5bd82730f7c1ad3fb20a523c63c03b82700fb25ee634ba06f height=206
2025-11-02T16:41:15Z Saw new header hash=515f9625d12a3f6dc387bbabdff91b8f0938ff81d6867242e24af215cfa029e2 height=207
2025-11-02T16:41:15Z Saw new header hash=12e069cf4c6d058859814631591462f2a3659b39de1209b10bf88f58d53529e9 height=208
2025-11-02T16:41:15Z Saw new header hash=15f096a573be30f25fcc405ecd3ed627a49cac4310e8dc6ad178df25d4124469 height=209
2025-11-02T16:41:15Z Saw new header hash=4ce4a73143e1d88dacaa44856d75d374f48decc21547cd584ce4d5ec6f041bb3 height=210
2025-11-02T16:41:15Z UpdateTip: new best=7b3460727f3e8eb2b0c9b404a367398233fc473ab72d6c28a6297f2853d277a7 height=201 version=0x30000000 log2_work=8.658211 tx=2716 date='2025-11-02T16:40:23Z' progress=1.000000 cache=0.3MiB(524txo)
2025-11-02T16:41:15Z UpdateTip: new best=0d6993f5041364bde61808574fd299deb17ee3a4e6a5167e6d5ef6eff4468083 height=202 version=0x30000000 log2_work=8.665336 tx=2753 date='2025-11-02T16:40:29Z' progress=1.000000 cache=0.3MiB(515txo)
2025-11-02T16:41:15Z UpdateTip: new best=4f65170451dd11ea902e3b2dc78bfb7fd2efa90e2aa971752aee56eb1eb1facb height=203 version=0x30000000 log2_work=8.672425 tx=2788 date='2025-11-02T16:40:34Z' progress=1.000000 cache=0.3MiB(517txo)
2025-11-02T16:41:15Z UpdateTip: new best=6fc2187a38e3fb4847800059b6d591fa6f07cab0d0c5f4f171c96c279c4c1b65 height=204 version=0x30000000 log2_work=8.679480 tx=2835 date='2025-11-02T16:40:39Z' progress=1.000000 cache=0.3MiB(517txo)
2025-11-02T16:41:15Z UpdateTip: new best=48c449340b984749fa5c7877d58cd63b9e08d0a27027ed7af4446cd6fe6448aa height=205 version=0x30000000 log2_work=8.686501 tx=2877 date='2025-11-02T16:40:44Z' progress=1.000000 cache=0.3MiB(528txo)
2025-11-02T16:41:15Z UpdateTip: new best=7e3c474b5cf8e0d5bd82730f7c1ad3fb20a523c63c03b82700fb25ee634ba06f height=206 version=0x30000000 log2_work=8.693487 tx=2919 date='2025-11-02T16:40:49Z' progress=1.000000 cache=0.3MiB(530txo)
2025-11-02T16:41:15Z UpdateTip: new best=515f9625d12a3f6dc387bbabdff91b8f0938ff81d6867242e24af215cfa029e2 height=207 version=0x30000000 log2_work=8.700440 tx=2959 date='2025-11-02T16:40:55Z' progress=1.000000 cache=0.3MiB(531txo)
2025-11-02T16:41:15Z UpdateTip: new best=12e069cf4c6d058859814631591462f2a3659b39de1209b10bf88f58d53529e9 height=208 version=0x30000000 log2_work=8.707359 tx=2987 date='2025-11-02T16:41:00Z' progress=1.000000 cache=0.3MiB(540txo)
2025-11-02T16:41:15Z UpdateTip: new best=15f096a573be30f25fcc405ecd3ed627a49cac4310e8dc6ad178df25d4124469 height=209 version=0x30000000 log2_work=8.714246 tx=3025 date='2025-11-02T16:41:05Z' progress=1.000000 cache=0.3MiB(533txo)
2025-11-02T16:41:15Z UpdateTip: new best=4ce4a73143e1d88dacaa44856d75d374f48decc21547cd584ce4d5ec6f041bb3 height=210 version=0x30000000 log2_work=8.721099 tx=3041 date='2025-11-02T16:41:11Z' progress=1.000000 cache=0.3MiB(536txo)
2025-11-02T16:41:18Z Saw new header hash=0a24f1086eaf77a9e41c3507ac828a1b9feb4086c11aa3e05c70dcd17c963087 height=211
2025-11-02T16:41:18Z Saw new cmpctblock header hash=0a24f1086eaf77a9e41c3507ac828a1b9feb4086c11aa3e05c70dcd17c963087 peer=10
2025-11-02T16:41:19Z UpdateTip: new best=0a24f1086eaf77a9e41c3507ac828a1b9feb4086c11aa3e05c70dcd17c963087 height=211 version=0x30000000 log2_work=8.727920 tx=3117 date='2025-11-02T16:41:16Z' progress=1.000000 cache=0.3MiB(532txo)
2025-11-02T16:41:22Z Saw new header hash=2374174a807f45c4feba058e70e17ddb328cf56b1fe4338f0b6630a67215ac7c height=212
2025-11-02T16:41:22Z Saw new cmpctblock header hash=2374174a807f45c4feba058e70e17ddb328cf56b1fe4338f0b6630a67215ac7c peer=10
2025-11-02T16:41:22Z UpdateTip: new best=2374174a807f45c4feba058e70e17ddb328cf56b1fe4338f0b6630a67215ac7c height=212 version=0x30000000 log2_work=8.734710 tx=3144 date='2025-11-02T16:41:21Z' progress=1.000000 cache=0.3MiB(538txo)
2025-11-02T16:41:29Z Saw new header hash=536b76f630d4537cbd18d40b362f87ad89d52de71e91721b754f46fa9525aa1a height=213
2025-11-02T16:41:29Z Saw new cmpctblock header hash=536b76f630d4537cbd18d40b362f87ad89d52de71e91721b754f46fa9525aa1a peer=10
2025-11-02T16:41:29Z UpdateTip: new best=536b76f630d4537cbd18d40b362f87ad89d52de71e91721b754f46fa9525aa1a height=213 version=0x30000000 log2_work=8.741467 tx=3197 date='2025-11-02T16:41:26Z' progress=1.000000 cache=0.3MiB(546txo)
2025-11-02T16:41:33Z Saw new header hash=4f3667531330a539b6c3a932b1f6a47d480549c2b45bd931c704969c03878509 height=214
2025-11-02T16:41:33Z Saw new cmpctblock header hash=4f3667531330a539b6c3a932b1f6a47d480549c2b45bd931c704969c03878509 peer=10
2025-11-02T16:41:33Z UpdateTip: new best=4f3667531330a539b6c3a932b1f6a47d480549c2b45bd931c704969c03878509 height=214 version=0x30000000 log2_work=8.748193 tx=3219 date='2025-11-02T16:41:31Z' progress=1.000000 cache=0.3MiB(551txo)
2025-11-02T16:41:39Z Saw new header hash=605651ab1238d964d67a55014c92c6da664f0ec27cbbfb3c1f42da486b7a55c4 height=215
2025-11-02T16:41:39Z Saw new cmpctblock header hash=605651ab1238d964d67a55014c92c6da664f0ec27cbbfb3c1f42da486b7a55c4 peer=10
2025-11-02T16:41:39Z UpdateTip: new best=605651ab1238d964d67a55014c92c6da664f0ec27cbbfb3c1f42da486b7a55c4 height=215 version=0x30000000 log2_work=8.754888 tx=3274 date='2025-11-02T16:41:37Z' progress=1.000000 cache=0.3MiB(542txo)
2025-11-02T16:41:43Z Saw new header hash=278fea1c5ad69c14fab1d420e2ef726f9e29ca7873736ccf0ceef27b63e7990a height=216
2025-11-02T16:41:43Z Saw new cmpctblock header hash=278fea1c5ad69c14fab1d420e2ef726f9e29ca7873736ccf0ceef27b63e7990a peer=10
2025-11-02T16:41:44Z UpdateTip: new best=278fea1c5ad69c14fab1d420e2ef726f9e29ca7873736ccf0ceef27b63e7990a height=216 version=0x30000000 log2_work=8.761551 tx=3292 date='2025-11-02T16:41:42Z' progress=1.000000 cache=0.3MiB(543txo)
2025-11-02T16:41:50Z Saw new header hash=499ba861adc52aaf60039f1c6e0c74b6d0538338c52b226eef16c2bad09a379e height=217
2025-11-02T16:41:50Z Saw new cmpctblock header hash=499ba861adc52aaf60039f1c6e0c74b6d0538338c52b226eef16c2bad09a379e peer=10
2025-11-02T16:41:50Z UpdateTip: new best=499ba861adc52aaf60039f1c6e0c74b6d0538338c52b226eef16c2bad09a379e height=217 version=0x30000000 log2_work=8.768184 tx=3353 date='2025-11-02T16:41:47Z' progress=1.000000 cache=0.3MiB(543txo)
2025-11-02T16:41:54Z Saw new header hash=2c29655c60a02702ac6a33b794a00a34d4ec298d0118f873f6a4105afe0606db height=218
2025-11-02T16:41:54Z Saw new cmpctblock header hash=2c29655c60a02702ac6a33b794a00a34d4ec298d0118f873f6a4105afe0606db peer=10
2025-11-02T16:41:54Z UpdateTip: new best=2c29655c60a02702ac6a33b794a00a34d4ec298d0118f873f6a4105afe0606db height=218 version=0x30000000 log2_work=8.774787 tx=3393 date='2025-11-02T16:41:52Z' progress=1.000000 cache=0.3MiB(556txo)
2025-11-02T16:41:59Z Saw new header hash=46c92bfe6f57fd83b483c99b6d362bccc11f185c25897db3cfb7d9a34a24ebfa height=219
2025-11-02T16:41:59Z Saw new cmpctblock header hash=46c92bfe6f57fd83b483c99b6d362bccc11f185c25897db3cfb7d9a34a24ebfa peer=10
2025-11-02T16:41:59Z UpdateTip: new best=46c92bfe6f57fd83b483c99b6d362bccc11f185c25897db3cfb7d9a34a24ebfa height=219 version=0x30000000 log2_work=8.781360 tx=3416 date='2025-11-02T16:41:57Z' progress=1.000000 cache=0.3MiB(567txo)
2025-11-02T16:42:05Z Saw new header hash=3692fe7c5353914b24e4ef50a218f30833c35fb712bc8adbb02f107ded46e397 height=220
2025-11-02T16:42:05Z Saw new cmpctblock header hash=3692fe7c5353914b24e4ef50a218f30833c35fb712bc8adbb02f107ded46e397 peer=10
2025-11-02T16:42:05Z UpdateTip: new best=3692fe7c5353914b24e4ef50a218f30833c35fb712bc8adbb02f107ded46e397 height=220 version=0x30000000 log2_work=8.787903 tx=3464 date='2025-11-02T16:42:03Z' progress=1.000000 cache=0.3MiB(582txo)
2025-11-02T16:42:09Z Saw new header hash=34c8b6402641c544eb32cf3752da9016d249e93f4ace70af9a3495e08130f96a height=221
2025-11-02T16:42:09Z Saw new cmpctblock header hash=34c8b6402641c544eb32cf3752da9016d249e93f4ace70af9a3495e08130f96a peer=10
2025-11-02T16:42:09Z UpdateTip: new best=34c8b6402641c544eb32cf3752da9016d249e93f4ace70af9a3495e08130f96a height=221 version=0x30000000 log2_work=8.794416 tx=3479 date='2025-11-02T16:42:08Z' progress=1.000000 cache=0.3MiB(582txo)
2025-11-02T16:42:16Z Saw new header hash=6b5905b85cdac88f39f07d5dba95fd82631e430168bb2d5ab8a8dbf69c86d9d2 height=222
2025-11-02T16:42:16Z Saw new cmpctblock header hash=6b5905b85cdac88f39f07d5dba95fd82631e430168bb2d5ab8a8dbf69c86d9d2 peer=10
2025-11-02T16:42:16Z UpdateTip: new best=6b5905b85cdac88f39f07d5dba95fd82631e430168bb2d5ab8a8dbf69c86d9d2 height=222 version=0x30000000 log2_work=8.800900 tx=3543 date='2025-11-02T16:42:13Z' progress=1.000000 cache=0.3MiB(574txo)
2025-11-02T16:42:20Z Saw new header hash=474d7d49ebfcc88ad050ef9f4fa3b1bcd75ac5337d9013eedadc9a2572001625 height=223
2025-11-02T16:42:20Z Saw new cmpctblock header hash=474d7d49ebfcc88ad050ef9f4fa3b1bcd75ac5337d9013eedadc9a2572001625 peer=10
2025-11-02T16:42:20Z UpdateTip: new best=474d7d49ebfcc88ad050ef9f4fa3b1bcd75ac5337d9013eedadc9a2572001625 height=223 version=0x30000000 log2_work=8.807355 tx=3567 date='2025-11-02T16:42:18Z' progress=1.000000 cache=0.3MiB(569txo)
2025-11-02T16:42:25Z Saw new header hash=0d2e476ec7bc5673f29329e4ceec1e3ff93b26fc0a33d2b619d5edb15af4591e height=224
2025-11-02T16:42:25Z Saw new cmpctblock header hash=0d2e476ec7bc5673f29329e4ceec1e3ff93b26fc0a33d2b619d5edb15af4591e peer=10
2025-11-02T16:42:25Z UpdateTip: new best=0d2e476ec7bc5673f29329e4ceec1e3ff93b26fc0a33d2b619d5edb15af4591e height=224 version=0x30000000 log2_work=8.813781 tx=3609 date='2025-11-02T16:42:24Z' progress=1.000000 cache=0.3MiB(593txo)
2025-11-02T16:42:30Z Saw new header hash=4ed292fd1bf2a51af17976f264b7a063f747be57735afbb5a7194ecbb78ba3b0 height=225
2025-11-02T16:42:30Z Saw new cmpctblock header hash=4ed292fd1bf2a51af17976f264b7a063f747be57735afbb5a7194ecbb78ba3b0 peer=10
2025-11-02T16:42:30Z UpdateTip: new best=4ed292fd1bf2a51af17976f264b7a063f747be57735afbb5a7194ecbb78ba3b0 height=225 version=0x30000000 log2_work=8.820179 tx=3626 date='2025-11-02T16:42:29Z' progress=1.000000 cache=0.3MiB(589txo)
2025-11-02T16:42:37Z Saw new header hash=5be61430a9d2896e19f7cc4f16a418a6a4989cb60ad74591dc541ded15a3058b height=226
2025-11-02T16:42:37Z Saw new cmpctblock header hash=5be61430a9d2896e19f7cc4f16a418a6a4989cb60ad74591dc541ded15a3058b peer=10
2025-11-02T16:42:37Z UpdateTip: new best=5be61430a9d2896e19f7cc4f16a418a6a4989cb60ad74591dc541ded15a3058b height=226 version=0x30000000 log2_work=8.826548 tx=3703 date='2025-11-02T16:42:34Z' progress=1.000000 cache=0.3MiB(597txo)
2025-11-02T16:42:41Z Saw new header hash=10bd9ca8dc730eb64672f189867d2ec1d3bab0d6d13cdec0d3ec991b7e8de564 height=227
2025-11-02T16:42:41Z Saw new cmpctblock header hash=10bd9ca8dc730eb64672f189867d2ec1d3bab0d6d13cdec0d3ec991b7e8de564 peer=10
2025-11-02T16:42:41Z UpdateTip: new best=10bd9ca8dc730eb64672f189867d2ec1d3bab0d6d13cdec0d3ec991b7e8de564 height=227 version=0x30000000 log2_work=8.832890 tx=3716 date='2025-11-02T16:42:39Z' progress=1.000000 cache=0.3MiB(591txo)
2025-11-02T16:42:47Z Saw new header hash=13fe0fb5f919c0abecf996d256a998588d5bcf2a42dbb9a2dd973b479be81659 height=228
2025-11-02T16:42:47Z Saw new cmpctblock header hash=13fe0fb5f919c0abecf996d256a998588d5bcf2a42dbb9a2dd973b479be81659 peer=10
2025-11-02T16:42:47Z UpdateTip: new best=13fe0fb5f919c0abecf996d256a998588d5bcf2a42dbb9a2dd973b479be81659 height=228 version=0x30000000 log2_work=8.839204 tx=3780 date='2025-11-02T16:42:45Z' progress=1.000000 cache=0.3MiB(593txo)
2025-11-02T16:42:53Z Saw new header hash=294c53fc1cf0d04c58d45c6a626ddbb602416d787fff1a5c4716bb14fd98b221 height=229
2025-11-02T16:42:53Z Saw new cmpctblock header hash=294c53fc1cf0d04c58d45c6a626ddbb602416d787fff1a5c4716bb14fd98b221 peer=10
2025-11-02T16:42:53Z UpdateTip: new best=294c53fc1cf0d04c58d45c6a626ddbb602416d787fff1a5c4716bb14fd98b221 height=229 version=0x30000000 log2_work=8.845490 tx=3824 date='2025-11-02T16:42:50Z' progress=1.000000 cache=0.3MiB(601txo)
2025-11-02T16:42:57Z Saw new header hash=4ff1cbff268175e29197a1f2b00fda7a38a5e0d75644283bdecfa4800a269208 height=230
2025-11-02T16:42:57Z Saw new cmpctblock header hash=4ff1cbff268175e29197a1f2b00fda7a38a5e0d75644283bdecfa4800a269208 peer=10
2025-11-02T16:42:57Z UpdateTip: new best=4ff1cbff268175e29197a1f2b00fda7a38a5e0d75644283bdecfa4800a269208 height=230 version=0x30000000 log2_work=8.851749 tx=3863 date='2025-11-02T16:42:55Z' progress=1.000000 cache=0.3MiB(623txo)
2025-11-02T16:43:02Z Saw new header hash=5a908366cb9838ec0e2c26ebaf739373ff1b67c58143d78e82eb89204756565a height=231
2025-11-02T16:43:02Z Saw new cmpctblock header hash=5a908366cb9838ec0e2c26ebaf739373ff1b67c58143d78e82eb89204756565a peer=10
2025-11-02T16:43:02Z UpdateTip: new best=5a908366cb9838ec0e2c26ebaf739373ff1b67c58143d78e82eb89204756565a height=231 version=0x30000000 log2_work=8.857981 tx=3895 date='2025-11-02T16:43:00Z' progress=1.000000 cache=0.3MiB(628txo)
2025-11-02T16:43:06Z Saw new header hash=115724e2c223edf365cd9ad4c9749fd07625ebc9568b6d1aacf77f8c4e33e243 height=232
2025-11-02T16:43:06Z Saw new cmpctblock header hash=115724e2c223edf365cd9ad4c9749fd07625ebc9568b6d1aacf77f8c4e33e243 peer=10
2025-11-02T16:43:06Z UpdateTip: new best=115724e2c223edf365cd9ad4c9749fd07625ebc9568b6d1aacf77f8c4e33e243 height=232 version=0x30000000 log2_work=8.864186 tx=3896 date='2025-11-02T16:43:06Z' progress=1.000000 cache=0.3MiB(629txo)
2025-11-02T16:43:12Z Saw new header hash=0d2ab03b5f762f901ef0de8b5079fc75e1cf309bba8103f0defe41525beacec6 height=233
2025-11-02T16:43:12Z Saw new cmpctblock header hash=0d2ab03b5f762f901ef0de8b5079fc75e1cf309bba8103f0defe41525beacec6 peer=10
2025-11-02T16:43:13Z UpdateTip: new best=0d2ab03b5f762f901ef0de8b5079fc75e1cf309bba8103f0defe41525beacec6 height=233 version=0x30000000 log2_work=8.870365 tx=3914 date='2025-11-02T16:43:11Z' progress=1.000000 cache=0.3MiB(638txo)
2025-11-02T16:43:18Z Saw new header hash=3f42bcb299535f65eca96f070cc214d7756dd97b8b89988ebece3660376dbde8 height=234
2025-11-02T16:43:18Z Saw new cmpctblock header hash=3f42bcb299535f65eca96f070cc214d7756dd97b8b89988ebece3660376dbde8 peer=10
2025-11-02T16:43:18Z UpdateTip: new best=3f42bcb299535f65eca96f070cc214d7756dd97b8b89988ebece3660376dbde8 height=234 version=0x30000000 log2_work=8.876517 tx=3924 date='2025-11-02T16:43:16Z' progress=1.000000 cache=0.3MiB(648txo)
2025-11-02T16:43:25Z Saw new header hash=360643a8651180943c2f246f746099e4306898f54a0d6605aa8f0b684954e817 height=235
2025-11-02T16:43:25Z Saw new cmpctblock header hash=360643a8651180943c2f246f746099e4306898f54a0d6605aa8f0b684954e817 peer=10
2025-11-02T16:43:25Z UpdateTip: new best=360643a8651180943c2f246f746099e4306898f54a0d6605aa8f0b684954e817 height=235 version=0x30000000 log2_work=8.882643 tx=4052 date='2025-11-02T16:43:21Z' progress=1.000000 cache=0.3MiB(574txo)
2025-11-02T16:43:29Z Saw new header hash=028d382ff08ae6424a6cfb690a03c7b634ab0c5e770ae3e12f9e8aca4d4b67d4 height=236
2025-11-02T16:43:29Z Saw new cmpctblock header hash=028d382ff08ae6424a6cfb690a03c7b634ab0c5e770ae3e12f9e8aca4d4b67d4 peer=10
2025-11-02T16:43:29Z UpdateTip: new best=028d382ff08ae6424a6cfb690a03c7b634ab0c5e770ae3e12f9e8aca4d4b67d4 height=236 version=0x30000000 log2_work=8.888743 tx=4072 date='2025-11-02T16:43:27Z' progress=1.000000 cache=0.3MiB(529txo)
2025-11-02T16:43:32Z Saw new header hash=1c16a2a68353676da699a7bdfb59dc0c48060636b9d40be508bea8f2f129c290 height=237
2025-11-02T16:43:32Z Saw new cmpctblock header hash=1c16a2a68353676da699a7bdfb59dc0c48060636b9d40be508bea8f2f129c290 peer=10
2025-11-02T16:43:32Z UpdateTip: new best=1c16a2a68353676da699a7bdfb59dc0c48060636b9d40be508bea8f2f129c290 height=237 version=0x30000000 log2_work=8.894818 tx=4073 date='2025-11-02T16:43:32Z' progress=1.000000 cache=0.3MiB(530txo)
2025-11-02T16:43:39Z Saw new header hash=4e053932e19ea9eec0894377e78abb7755beb9f3556bac2aa4c6038bb72915ab height=238
2025-11-02T16:43:39Z Saw new cmpctblock header hash=4e053932e19ea9eec0894377e78abb7755beb9f3556bac2aa4c6038bb72915ab peer=10
2025-11-02T16:43:39Z UpdateTip: new best=4e053932e19ea9eec0894377e78abb7755beb9f3556bac2aa4c6038bb72915ab height=238 version=0x30000000 log2_work=8.900867 tx=4143 date='2025-11-02T16:43:37Z' progress=1.000000 cache=0.3MiB(587txo)
2025-11-02T16:43:45Z Saw new header hash=4f2c8376ca1cc0404a9ad98701a154077df9ea413ce3071524b12033f0736baf height=239
2025-11-02T16:43:45Z Saw new cmpctblock header hash=4f2c8376ca1cc0404a9ad98701a154077df9ea413ce3071524b12033f0736baf peer=10
2025-11-02T16:43:45Z UpdateTip: new best=4f2c8376ca1cc0404a9ad98701a154077df9ea413ce3071524b12033f0736baf height=239 version=0x30000000 log2_work=8.906891 tx=4211 date='2025-11-02T16:43:42Z' progress=1.000000 cache=0.3MiB(594txo)
2025-11-02T16:43:49Z Saw new header hash=7dfb388e9d9a99e8177db4537b7a114afba5a64551351ab3c57e19dd1f2cb62f height=240
2025-11-02T16:43:49Z Saw new cmpctblock header hash=7dfb388e9d9a99e8177db4537b7a114afba5a64551351ab3c57e19dd1f2cb62f peer=10
2025-11-02T16:43:49Z UpdateTip: new best=7dfb388e9d9a99e8177db4537b7a114afba5a64551351ab3c57e19dd1f2cb62f height=240 version=0x30000000 log2_work=8.912889 tx=4214 date='2025-11-02T16:43:47Z' progress=1.000000 cache=0.3MiB(596txo)
2025-11-02T16:43:55Z Saw new header hash=06d5909f595721c85a1fbf49a481f286675cb9f708c859f9ee11223e624f3bf3 height=241
2025-11-02T16:43:55Z Saw new cmpctblock header hash=06d5909f595721c85a1fbf49a481f286675cb9f708c859f9ee11223e624f3bf3 peer=10
2025-11-02T16:43:55Z UpdateTip: new best=06d5909f595721c85a1fbf49a481f286675cb9f708c859f9ee11223e624f3bf3 height=241 version=0x30000000 log2_work=8.918863 tx=4285 date='2025-11-02T16:43:52Z' progress=1.000000 cache=0.3MiB(609txo)
2025-11-02T16:43:59Z Saw new header hash=57d8460e44c8b18195f458906fc2b5232da2ec59b0c09e794ea70d09efcafc20 height=242
2025-11-02T16:43:59Z Saw new cmpctblock header hash=57d8460e44c8b18195f458906fc2b5232da2ec59b0c09e794ea70d09efcafc20 peer=10
2025-11-02T16:43:59Z UpdateTip: new best=57d8460e44c8b18195f458906fc2b5232da2ec59b0c09e794ea70d09efcafc20 height=242 version=0x30000000 log2_work=8.924813 tx=4321 date='2025-11-02T16:43:58Z' progress=1.000000 cache=0.3MiB(630txo)
2025-11-02T16:44:04Z Saw new header hash=770753e97ba96af91ec7da443e5fdfb93ffe1377a760071be690fa7e796af66b height=243
2025-11-02T16:44:04Z Saw new cmpctblock header hash=770753e97ba96af91ec7da443e5fdfb93ffe1377a760071be690fa7e796af66b peer=10
2025-11-02T16:44:04Z UpdateTip: new best=770753e97ba96af91ec7da443e5fdfb93ffe1377a760071be690fa7e796af66b height=243 version=0x30000000 log2_work=8.930737 tx=4353 date='2025-11-02T16:44:03Z' progress=1.000000 cache=0.3MiB(643txo)
2025-11-02T16:44:09Z Saw new header hash=25840e533e99acc3f07f2af7640237ce196c3b56f6d06ed395db48a0c1a986eb height=244
2025-11-02T16:44:09Z Saw new cmpctblock header hash=25840e533e99acc3f07f2af7640237ce196c3b56f6d06ed395db48a0c1a986eb peer=10
2025-11-02T16:44:10Z UpdateTip: new best=25840e533e99acc3f07f2af7640237ce196c3b56f6d06ed395db48a0c1a986eb height=244 version=0x30000000 log2_work=8.936638 tx=4388 date='2025-11-02T16:44:08Z' progress=1.000000 cache=0.3MiB(662txo)
2025-11-02T16:44:16Z Saw new header hash=44541381504ae5b93c274fbd3169fc01eab4b70eab201a03783c32845c8ce65e height=245
2025-11-02T16:44:16Z Saw new cmpctblock header hash=44541381504ae5b93c274fbd3169fc01eab4b70eab201a03783c32845c8ce65e peer=10
2025-11-02T16:44:16Z UpdateTip: new best=44541381504ae5b93c274fbd3169fc01eab4b70eab201a03783c32845c8ce65e height=245 version=0x30000000 log2_work=8.942515 tx=4432 date='2025-11-02T16:44:13Z' progress=1.000000 cache=0.3MiB(673txo)
2025-11-02T16:44:21Z Saw new header hash=42460585c7f4b59f5e6a9aa88989dc2ff556c035469a8fada56aa282ecd5ab11 height=246
2025-11-02T16:44:21Z Saw new cmpctblock header hash=42460585c7f4b59f5e6a9aa88989dc2ff556c035469a8fada56aa282ecd5ab11 peer=10
2025-11-02T16:44:21Z UpdateTip: new best=42460585c7f4b59f5e6a9aa88989dc2ff556c035469a8fada56aa282ecd5ab11 height=246 version=0x30000000 log2_work=8.948367 tx=4479 date='2025-11-02T16:44:18Z' progress=1.000000 cache=0.3MiB(683txo)
2025-11-02T16:44:25Z Saw new header hash=6b2bdc187a741c5df1d34a99ec8501ce0d8e81f9c4f3e94eb9ec5b05c5023797 height=247
2025-11-02T16:44:25Z Saw new cmpctblock header hash=6b2bdc187a741c5df1d34a99ec8501ce0d8e81f9c4f3e94eb9ec5b05c5023797 peer=10
2025-11-02T16:44:25Z UpdateTip: new best=6b2bdc187a741c5df1d34a99ec8501ce0d8e81f9c4f3e94eb9ec5b05c5023797 height=247 version=0x30000000 log2_work=8.954196 tx=4515 date='2025-11-02T16:44:23Z' progress=1.000000 cache=0.3MiB(688txo)
2025-11-02T16:44:30Z Saw new header hash=178e1426eb7e7d2e539e20c70d5ed6c97ea45e64186121c5d93737629c607293 height=248
2025-11-02T16:44:30Z Saw new cmpctblock header hash=178e1426eb7e7d2e539e20c70d5ed6c97ea45e64186121c5d93737629c607293 peer=10
2025-11-02T16:44:30Z UpdateTip: new best=178e1426eb7e7d2e539e20c70d5ed6c97ea45e64186121c5d93737629c607293 height=248 version=0x30000000 log2_work=8.960002 tx=4551 date='2025-11-02T16:44:29Z' progress=1.000000 cache=0.3MiB(698txo)
2025-11-02T16:44:36Z Saw new header hash=03932cf3d89fc4621fee4940482bd90cfeef470e207b5bf051f75e9df1b26c55 height=249
2025-11-02T16:44:36Z Saw new cmpctblock header hash=03932cf3d89fc4621fee4940482bd90cfeef470e207b5bf051f75e9df1b26c55 peer=10
2025-11-02T16:44:36Z UpdateTip: new best=03932cf3d89fc4621fee4940482bd90cfeef470e207b5bf051f75e9df1b26c55 height=249 version=0x30000000 log2_work=8.965784 tx=4580 date='2025-11-02T16:44:34Z' progress=1.000000 cache=0.3MiB(698txo)
2025-11-02T16:44:42Z Saw new header hash=14bbd4503a7137431287714d05a433407522d98b5fa410bccf6a6cd26fdc3f42 height=250
2025-11-02T16:44:42Z Saw new cmpctblock header hash=14bbd4503a7137431287714d05a433407522d98b5fa410bccf6a6cd26fdc3f42 peer=10
2025-11-02T16:44:42Z UpdateTip: new best=14bbd4503a7137431287714d05a433407522d98b5fa410bccf6a6cd26fdc3f42 height=250 version=0x30000000 log2_work=8.971544 tx=4623 date='2025-11-02T16:44:39Z' progress=1.000000 cache=0.3MiB(699txo)
2025-11-02T16:44:47Z Saw new header hash=4245ac40fa600ce63ada4021959c87e4a794f38e7ae5e77cabb4d749e5fd4976 height=251
2025-11-02T16:44:47Z Saw new cmpctblock header hash=4245ac40fa600ce63ada4021959c87e4a794f38e7ae5e77cabb4d749e5fd4976 peer=10
2025-11-02T16:44:47Z UpdateTip: new best=4245ac40fa600ce63ada4021959c87e4a794f38e7ae5e77cabb4d749e5fd4976 height=251 version=0x30000000 log2_work=8.977280 tx=4664 date='2025-11-02T16:44:44Z' progress=1.000000 cache=0.3MiB(700txo)
2025-11-02T16:44:51Z Saw new header hash=58ae8fc13d600459d72a72b0e770d3aa97fd0dfd7d15c0334b568d40bf58e68a height=252
2025-11-02T16:44:51Z Saw new cmpctblock header hash=58ae8fc13d600459d72a72b0e770d3aa97fd0dfd7d15c0334b568d40bf58e68a peer=10
2025-11-02T16:44:51Z UpdateTip: new best=58ae8fc13d600459d72a72b0e770d3aa97fd0dfd7d15c0334b568d40bf58e68a height=252 version=0x30000000 log2_work=8.982994 tx=4703 date='2025-11-02T16:44:50Z' progress=1.000000 cache=0.3MiB(706txo)
2025-11-02T16:44:57Z Saw new header hash=2208c7513d23afe255b9063ee222a406c34e9b640bc5987e4ec699f5f9cabf82 height=253
2025-11-02T16:44:57Z Saw new cmpctblock header hash=2208c7513d23afe255b9063ee222a406c34e9b640bc5987e4ec699f5f9cabf82 peer=10
2025-11-02T16:44:58Z UpdateTip: new best=2208c7513d23afe255b9063ee222a406c34e9b640bc5987e4ec699f5f9cabf82 height=253 version=0x30000000 log2_work=8.988685 tx=4746 date='2025-11-02T16:44:55Z' progress=1.000000 cache=0.3MiB(700txo)
2025-11-02T16:45:02Z Saw new header hash=3793be2b325f10b2976630d7744a9b673dbf9881f9808f7ead20c9ae5d6df3ec height=254
2025-11-02T16:45:02Z Saw new cmpctblock header hash=3793be2b325f10b2976630d7744a9b673dbf9881f9808f7ead20c9ae5d6df3ec peer=10
2025-11-02T16:45:02Z UpdateTip: new best=3793be2b325f10b2976630d7744a9b673dbf9881f9808f7ead20c9ae5d6df3ec height=254 version=0x30000000 log2_work=8.994353 tx=4761 date='2025-11-02T16:45:00Z' progress=1.000000 cache=0.3MiB(701txo)
2025-11-02T16:45:06Z Saw new header hash=5eb0089f1ec2284ff1f3fda0f2c4ad6552f056d2d367b230c3606c0522ebb83a height=255
2025-11-02T16:45:06Z Saw new cmpctblock header hash=5eb0089f1ec2284ff1f3fda0f2c4ad6552f056d2d367b230c3606c0522ebb83a peer=10
2025-11-02T16:45:06Z UpdateTip: new best=5eb0089f1ec2284ff1f3fda0f2c4ad6552f056d2d367b230c3606c0522ebb83a height=255 version=0x30000000 log2_work=9.000000 tx=4762 date='2025-11-02T16:45:05Z' progress=1.000000 cache=0.3MiB(702txo)
2025-11-02T16:45:13Z Saw new header hash=2d48649c89f683685dacfe13de4607da027ae3af65894bd3ad59e122e9b3aa89 height=256
2025-11-02T16:45:13Z Saw new cmpctblock header hash=2d48649c89f683685dacfe13de4607da027ae3af65894bd3ad59e122e9b3aa89 peer=10
2025-11-02T16:45:13Z UpdateTip: new best=2d48649c89f683685dacfe13de4607da027ae3af65894bd3ad59e122e9b3aa89 height=256 version=0x30000000 log2_work=9.005625 tx=4860 date='2025-11-02T16:45:11Z' progress=1.000000 cache=0.3MiB(678txo)
2025-11-02T16:45:19Z Saw new header hash=4880731c704b10219970aa9760b2be6f7ebbc865a3635929660e46e58332f4c6 height=257
2025-11-02T16:45:19Z Saw new cmpctblock header hash=4880731c704b10219970aa9760b2be6f7ebbc865a3635929660e46e58332f4c6 peer=10
2025-11-02T16:45:19Z UpdateTip: new best=4880731c704b10219970aa9760b2be6f7ebbc865a3635929660e46e58332f4c6 height=257 version=0x30000000 log2_work=9.011227 tx=4894 date='2025-11-02T16:45:16Z' progress=1.000000 cache=0.3MiB(664txo)
2025-11-02T16:45:23Z Saw new header hash=26ade06ca6734ebc2341d81f33f5f522d48a4d5cde7d31c400470319d756cc22 height=258
2025-11-02T16:45:23Z Saw new cmpctblock header hash=26ade06ca6734ebc2341d81f33f5f522d48a4d5cde7d31c400470319d756cc22 peer=10
2025-11-02T16:45:23Z UpdateTip: new best=26ade06ca6734ebc2341d81f33f5f522d48a4d5cde7d31c400470319d756cc22 height=258 version=0x30000000 log2_work=9.016808 tx=4921 date='2025-11-02T16:45:21Z' progress=1.000000 cache=0.3MiB(677txo)
2025-11-02T16:45:29Z Saw new header hash=5f014e2369219a387a241e40f3394505c776ecc4f5cb4226f5527ced02ad4d36 height=259
2025-11-02T16:45:29Z Saw new cmpctblock header hash=5f014e2369219a387a241e40f3394505c776ecc4f5cb4226f5527ced02ad4d36 peer=10
2025-11-02T16:45:29Z UpdateTip: new best=5f014e2369219a387a241e40f3394505c776ecc4f5cb4226f5527ced02ad4d36 height=259 version=0x30000000 log2_work=9.022368 tx=4974 date='2025-11-02T16:45:26Z' progress=1.000000 cache=0.3MiB(670txo)
2025-11-02T16:45:33Z Saw new header hash=284cfb5372784bad55fc72c12e90f92b99da4deebde52b8d748a36cdbd60d591 height=260
2025-11-02T16:45:33Z Saw new cmpctblock header hash=284cfb5372784bad55fc72c12e90f92b99da4deebde52b8d748a36cdbd60d591 peer=10
2025-11-02T16:45:33Z UpdateTip: new best=284cfb5372784bad55fc72c12e90f92b99da4deebde52b8d748a36cdbd60d591 height=260 version=0x30000000 log2_work=9.027906 tx=4995 date='2025-11-02T16:45:31Z' progress=1.000000 cache=0.3MiB(676txo)
2025-11-02T16:45:38Z Saw new header hash=7f13963b277c6929209250ef92d0c5595213d6799d45c1a18632e2535a351a16 height=261
2025-11-02T16:45:38Z Saw new cmpctblock header hash=7f13963b277c6929209250ef92d0c5595213d6799d45c1a18632e2535a351a16 peer=10
2025-11-02T16:45:38Z UpdateTip: new best=7f13963b277c6929209250ef92d0c5595213d6799d45c1a18632e2535a351a16 height=261 version=0x30000000 log2_work=9.033423 tx=5032 date='2025-11-02T16:45:37Z' progress=1.000000 cache=0.3MiB(694txo)
2025-11-02T16:45:44Z Saw new header hash=6920c1801483689cbd9e265c07ace28d8df0f48fa08195a7a905d426668f5833 height=262
2025-11-02T16:45:44Z Saw new cmpctblock header hash=6920c1801483689cbd9e265c07ace28d8df0f48fa08195a7a905d426668f5833 peer=10
2025-11-02T16:45:44Z UpdateTip: new best=6920c1801483689cbd9e265c07ace28d8df0f48fa08195a7a905d426668f5833 height=262 version=0x30000000 log2_work=9.038919 tx=5081 date='2025-11-02T16:45:42Z' progress=1.000000 cache=0.3MiB(707txo)
2025-11-02T16:45:48Z Saw new header hash=0fb6a85459f015308361bf6ac919554a1ad2fc179c2d2ce8ee541eab1f947255 height=263
2025-11-02T16:45:48Z Saw new cmpctblock header hash=0fb6a85459f015308361bf6ac919554a1ad2fc179c2d2ce8ee541eab1f947255 peer=10
2025-11-02T16:45:48Z UpdateTip: new best=0fb6a85459f015308361bf6ac919554a1ad2fc179c2d2ce8ee541eab1f947255 height=263 version=0x30000000 log2_work=9.044394 tx=5082 date='2025-11-02T16:45:47Z' progress=1.000000 cache=0.3MiB(708txo)
2025-11-02T16:45:55Z Saw new header hash=4f94c68f23af7727424f583166b0537e877653874ef51730640c47ae3397f7a2 height=264
2025-11-02T16:45:55Z Saw new cmpctblock header hash=4f94c68f23af7727424f583166b0537e877653874ef51730640c47ae3397f7a2 peer=10
2025-11-02T16:45:55Z UpdateTip: new best=4f94c68f23af7727424f583166b0537e877653874ef51730640c47ae3397f7a2 height=264 version=0x30000000 log2_work=9.049849 tx=5127 date='2025-11-02T16:45:52Z' progress=1.000000 cache=0.3MiB(720txo)
2025-11-02T16:45:59Z Saw new header hash=6f90c8ea32d80c7e0374a46d016f525fa1b1354cc453930f25bf37cff9acad0c height=265
2025-11-02T16:45:59Z Saw new cmpctblock header hash=6f90c8ea32d80c7e0374a46d016f525fa1b1354cc453930f25bf37cff9acad0c peer=10
2025-11-02T16:45:59Z UpdateTip: new best=6f90c8ea32d80c7e0374a46d016f525fa1b1354cc453930f25bf37cff9acad0c height=265 version=0x30000000 log2_work=9.055282 tx=5145 date='2025-11-02T16:45:57Z' progress=1.000000 cache=0.3MiB(711txo)
2025-11-02T16:46:05Z Saw new header hash=1c4a66913dc6c12930418b8289fe63fe39da698285987b2543a10f9779baaa06 height=266
2025-11-02T16:46:05Z Saw new cmpctblock header hash=1c4a66913dc6c12930418b8289fe63fe39da698285987b2543a10f9779baaa06 peer=10
2025-11-02T16:46:05Z UpdateTip: new best=1c4a66913dc6c12930418b8289fe63fe39da698285987b2543a10f9779baaa06 height=266 version=0x30000000 log2_work=9.060696 tx=5231 date='2025-11-02T16:46:03Z' progress=1.000000 cache=0.3MiB(698txo)
2025-11-02T16:46:10Z Saw new header hash=5812272b0a590a4b95603fb3136c03ff4c1e48b0dbec1f6c887e6f476fcff87b height=267
2025-11-02T16:46:10Z Saw new cmpctblock header hash=5812272b0a590a4b95603fb3136c03ff4c1e48b0dbec1f6c887e6f476fcff87b peer=10
2025-11-02T16:46:11Z UpdateTip: new best=5812272b0a590a4b95603fb3136c03ff4c1e48b0dbec1f6c887e6f476fcff87b height=267 version=0x30000000 log2_work=9.066089 tx=5269 date='2025-11-02T16:46:08Z' progress=1.000000 cache=0.3MiB(691txo)
2025-11-02T16:46:14Z Saw new header hash=7b461735c1d65c69fd0ccd04f9be149fe2bb1ac01c09216e219b9dd9a2857332 height=268
2025-11-02T16:46:14Z Saw new cmpctblock header hash=7b461735c1d65c69fd0ccd04f9be149fe2bb1ac01c09216e219b9dd9a2857332 peer=10
2025-11-02T16:46:14Z UpdateTip: new best=7b461735c1d65c69fd0ccd04f9be149fe2bb1ac01c09216e219b9dd9a2857332 height=268 version=0x30000000 log2_work=9.071462 tx=5270 date='2025-11-02T16:46:13Z' progress=1.000000 cache=0.3MiB(692txo)
2025-11-02T16:46:21Z Saw new header hash=3352b92a534164b2aab092193fccb00904e8f050f39ee3f315b3030d273c9ec9 height=269
2025-11-02T16:46:21Z Saw new cmpctblock header hash=3352b92a534164b2aab092193fccb00904e8f050f39ee3f315b3030d273c9ec9 peer=10
2025-11-02T16:46:21Z UpdateTip: new best=3352b92a534164b2aab092193fccb00904e8f050f39ee3f315b3030d273c9ec9 height=269 version=0x30000000 log2_work=9.076816 tx=5349 date='2025-11-02T16:46:18Z' progress=1.000000 cache=0.3MiB(699txo)
2025-11-02T16:46:25Z Saw new header hash=212927c20b9b252c51d77b62ebc715ff2bff761dd22136e3bb41767394e2fcff height=270
2025-11-02T16:46:25Z Saw new cmpctblock header hash=212927c20b9b252c51d77b62ebc715ff2bff761dd22136e3bb41767394e2fcff peer=10
2025-11-02T16:46:25Z UpdateTip: new best=212927c20b9b252c51d77b62ebc715ff2bff761dd22136e3bb41767394e2fcff height=270 version=0x30000000 log2_work=9.082149 tx=5359 date='2025-11-02T16:46:24Z' progress=1.000000 cache=0.3MiB(704txo)
2025-11-02T16:46:31Z Saw new header hash=335dc4d2b5ef1345012c9f8848d4958eec112fe655a14ee65d5634c31ac1ad44 height=271
2025-11-02T16:46:31Z Saw new cmpctblock header hash=335dc4d2b5ef1345012c9f8848d4958eec112fe655a14ee65d5634c31ac1ad44 peer=10
2025-11-02T16:46:31Z UpdateTip: new best=335dc4d2b5ef1345012c9f8848d4958eec112fe655a14ee65d5634c31ac1ad44 height=271 version=0x30000000 log2_work=9.087463 tx=5412 date='2025-11-02T16:46:29Z' progress=1.000000 cache=0.3MiB(712txo)
2025-11-02T16:46:37Z Saw new header hash=339e208764ee6d56a72aa691b9e947f0db3abc12e09c9f2cc10d35ffb3b2ea33 height=272
2025-11-02T16:46:37Z Saw new cmpctblock header hash=339e208764ee6d56a72aa691b9e947f0db3abc12e09c9f2cc10d35ffb3b2ea33 peer=10
2025-11-02T16:46:37Z UpdateTip: new best=339e208764ee6d56a72aa691b9e947f0db3abc12e09c9f2cc10d35ffb3b2ea33 height=272 version=0x30000000 log2_work=9.092757 tx=5463 date='2025-11-02T16:46:34Z' progress=1.000000 cache=0.3MiB(725txo)
2025-11-02T16:46:41Z Saw new header hash=029543c1a40798a3dda3bb1e38754a7d1ac112721de87d93875b2711a1588bbb height=273
2025-11-02T16:46:41Z Saw new cmpctblock header hash=029543c1a40798a3dda3bb1e38754a7d1ac112721de87d93875b2711a1588bbb peer=10
2025-11-02T16:46:41Z UpdateTip: new best=029543c1a40798a3dda3bb1e38754a7d1ac112721de87d93875b2711a1588bbb height=273 version=0x30000000 log2_work=9.098032 tx=5495 date='2025-11-02T16:46:39Z' progress=1.000000 cache=0.3MiB(746txo)
2025-11-02T16:46:45Z Saw new header hash=1cd327715ba4c0a9545247bae399453da1d20e908fc24813697ce7b16b5d7c5c height=274
2025-11-02T16:46:45Z Saw new cmpctblock header hash=1cd327715ba4c0a9545247bae399453da1d20e908fc24813697ce7b16b5d7c5c peer=10
2025-11-02T16:46:45Z UpdateTip: new best=1cd327715ba4c0a9545247bae399453da1d20e908fc24813697ce7b16b5d7c5c height=274 version=0x30000000 log2_work=9.103288 tx=5496 date='2025-11-02T16:46:44Z' progress=1.000000 cache=0.3MiB(747txo)
2025-11-02T16:46:52Z Saw new header hash=6f168f0b41343a1a9429e5be5e287a042986df5ed588e7c52e59c80ba5557368 height=275
2025-11-02T16:46:52Z Saw new cmpctblock header hash=6f168f0b41343a1a9429e5be5e287a042986df5ed588e7c52e59c80ba5557368 peer=10
2025-11-02T16:46:52Z UpdateTip: new best=6f168f0b41343a1a9429e5be5e287a042986df5ed588e7c52e59c80ba5557368 height=275 version=0x30000000 log2_work=9.108524 tx=5560 date='2025-11-02T16:46:50Z' progress=1.000000 cache=0.3MiB(740txo)
2025-11-02T16:46:58Z Saw new header hash=3183ccbf7990651d7db8dd5b82cbf50bb6513dbcf108d168b25e37f040ba2cc6 height=276
2025-11-02T16:46:58Z Saw new cmpctblock header hash=3183ccbf7990651d7db8dd5b82cbf50bb6513dbcf108d168b25e37f040ba2cc6 peer=10
2025-11-02T16:46:58Z UpdateTip: new best=3183ccbf7990651d7db8dd5b82cbf50bb6513dbcf108d168b25e37f040ba2cc6 height=276 version=0x30000000 log2_work=9.113742 tx=5614 date='2025-11-02T16:46:55Z' progress=1.000000 cache=0.3MiB(727txo)
2025-11-02T16:47:02Z Saw new header hash=787c88f0e4ca8edc367d5a4e6ad2098e89ae8c424050c6627e91a8f682eec09e height=277
2025-11-02T16:47:02Z Saw new cmpctblock header hash=787c88f0e4ca8edc367d5a4e6ad2098e89ae8c424050c6627e91a8f682eec09e peer=10
2025-11-02T16:47:02Z UpdateTip: new best=787c88f0e4ca8edc367d5a4e6ad2098e89ae8c424050c6627e91a8f682eec09e height=277 version=0x30000000 log2_work=9.118941 tx=5636 date='2025-11-02T16:47:00Z' progress=1.000000 cache=0.3MiB(737txo)
2025-11-02T16:47:07Z Saw new header hash=1c80b66f761a012c1b7387047e3ccb3761a5b80beb7352d2da43b40f68c3097d height=278
2025-11-02T16:47:07Z Saw new cmpctblock header hash=1c80b66f761a012c1b7387047e3ccb3761a5b80beb7352d2da43b40f68c3097d peer=10
2025-11-02T16:47:07Z UpdateTip: new best=1c80b66f761a012c1b7387047e3ccb3761a5b80beb7352d2da43b40f68c3097d height=278 version=0x30000000 log2_work=9.124121 tx=5670 date='2025-11-02T16:47:05Z' progress=1.000000 cache=0.3MiB(748txo)
2025-11-02T16:47:12Z Saw new header hash=5a379c98f18913abc3a756d908b0b29bb8765f94e6f4b569cc362c74c338f9b0 height=279
2025-11-02T16:47:12Z Saw new cmpctblock header hash=5a379c98f18913abc3a756d908b0b29bb8765f94e6f4b569cc362c74c338f9b0 peer=10
2025-11-02T16:47:12Z UpdateTip: new best=5a379c98f18913abc3a756d908b0b29bb8765f94e6f4b569cc362c74c338f9b0 height=279 version=0x30000000 log2_work=9.129283 tx=5718 date='2025-11-02T16:47:10Z' progress=1.000000 cache=0.3MiB(774txo)
2025-11-02T16:47:17Z Saw new header hash=49d9742501376debca788c8a732697eebf21b13cb423cfa36971ab17b9941529 height=280
2025-11-02T16:47:17Z Saw new cmpctblock header hash=49d9742501376debca788c8a732697eebf21b13cb423cfa36971ab17b9941529 peer=10
2025-11-02T16:47:17Z UpdateTip: new best=49d9742501376debca788c8a732697eebf21b13cb423cfa36971ab17b9941529 height=280 version=0x30000000 log2_work=9.134426 tx=5756 date='2025-11-02T16:47:15Z' progress=1.000000 cache=0.3MiB(777txo)
2025-11-02T16:47:22Z Saw new header hash=3717e011c1e883244c76e6453f53e88e616850aced1b22f525953f06c9c0f6a3 height=281
2025-11-02T16:47:22Z Saw new cmpctblock header hash=3717e011c1e883244c76e6453f53e88e616850aced1b22f525953f06c9c0f6a3 peer=10
2025-11-02T16:47:22Z UpdateTip: new best=3717e011c1e883244c76e6453f53e88e616850aced1b22f525953f06c9c0f6a3 height=281 version=0x30000000 log2_work=9.139551 tx=5795 date='2025-11-02T16:47:21Z' progress=1.000000 cache=0.3MiB(780txo)
2025-11-02T16:47:27Z Saw new header hash=2a8a6b0f13d99bd86e025cad6776fc2f09ae7d53e931e6f925e1d2011c1fa0ab height=282
2025-11-02T16:47:27Z Saw new cmpctblock header hash=2a8a6b0f13d99bd86e025cad6776fc2f09ae7d53e931e6f925e1d2011c1fa0ab peer=10
2025-11-02T16:47:27Z UpdateTip: new best=2a8a6b0f13d99bd86e025cad6776fc2f09ae7d53e931e6f925e1d2011c1fa0ab height=282 version=0x30000000 log2_work=9.144658 tx=5824 date='2025-11-02T16:47:26Z' progress=1.000000 cache=0.3MiB(778txo)
2025-11-02T16:47:34Z Saw new header hash=074fbd8dc71b295cfaee2960b5197ae7a915ea9708ea15f32bb5eade886e5a6e height=283
2025-11-02T16:47:34Z Saw new cmpctblock header hash=074fbd8dc71b295cfaee2960b5197ae7a915ea9708ea15f32bb5eade886e5a6e peer=10
2025-11-02T16:47:34Z UpdateTip: new best=074fbd8dc71b295cfaee2960b5197ae7a915ea9708ea15f32bb5eade886e5a6e height=283 version=0x30000000 log2_work=9.149747 tx=5871 date='2025-11-02T16:47:31Z' progress=1.000000 cache=0.3MiB(789txo)
2025-11-02T16:47:38Z Saw new header hash=6837b0c51b844acf6828aff6f0677f3848f75120ccf47c5d2daa6dd22e78d58f height=284
2025-11-02T16:47:38Z Saw new cmpctblock header hash=6837b0c51b844acf6828aff6f0677f3848f75120ccf47c5d2daa6dd22e78d58f peer=10
2025-11-02T16:47:38Z UpdateTip: new best=6837b0c51b844acf6828aff6f0677f3848f75120ccf47c5d2daa6dd22e78d58f height=284 version=0x30000000 log2_work=9.154818 tx=5901 date='2025-11-02T16:47:36Z' progress=1.000000 cache=0.3MiB(793txo)
2025-11-02T16:47:44Z Saw new header hash=0c1d9ad8acd46190c6d879a9abc3de50c9c18915e6f9714c5af530c2d3b2b151 height=285
2025-11-02T16:47:44Z Saw new cmpctblock header hash=0c1d9ad8acd46190c6d879a9abc3de50c9c18915e6f9714c5af530c2d3b2b151 peer=10
2025-11-02T16:47:44Z UpdateTip: new best=0c1d9ad8acd46190c6d879a9abc3de50c9c18915e6f9714c5af530c2d3b2b151 height=285 version=0x30000000 log2_work=9.159871 tx=5949 date='2025-11-02T16:47:41Z' progress=1.000000 cache=0.3MiB(805txo)
2025-11-02T16:47:48Z Saw new header hash=6825905450b1d56de09e6e7a63b62a147451849272611f97d977ee5b8281e394 height=286
2025-11-02T16:47:48Z Saw new cmpctblock header hash=6825905450b1d56de09e6e7a63b62a147451849272611f97d977ee5b8281e394 peer=10
2025-11-02T16:47:48Z UpdateTip: new best=6825905450b1d56de09e6e7a63b62a147451849272611f97d977ee5b8281e394 height=286 version=0x30000000 log2_work=9.164907 tx=5968 date='2025-11-02T16:47:46Z' progress=1.000000 cache=0.3MiB(816txo)
2025-11-02T16:47:53Z Saw new header hash=3d762dee1f8b0909a1eb7c95d4d9bc9fd295db1d2b2299b1fa507b962df269a2 height=287
2025-11-02T16:47:53Z Saw new cmpctblock header hash=3d762dee1f8b0909a1eb7c95d4d9bc9fd295db1d2b2299b1fa507b962df269a2 peer=10
2025-11-02T16:47:53Z UpdateTip: new best=3d762dee1f8b0909a1eb7c95d4d9bc9fd295db1d2b2299b1fa507b962df269a2 height=287 version=0x30000000 log2_work=9.169925 tx=5988 date='2025-11-02T16:47:52Z' progress=1.000000 cache=0.3MiB(829txo)
2025-11-02T16:48:00Z Saw new header hash=72a271120ee0be120d188b2f962d907e3c7cc322ae0dbf7e8ad2775255eca93d height=288
2025-11-02T16:48:00Z Saw new cmpctblock header hash=72a271120ee0be120d188b2f962d907e3c7cc322ae0dbf7e8ad2775255eca93d peer=10
2025-11-02T16:48:00Z UpdateTip: new best=72a271120ee0be120d188b2f962d907e3c7cc322ae0dbf7e8ad2775255eca93d height=288 version=0x30000000 log2_work=9.174926 tx=6041 date='2025-11-02T16:47:57Z' progress=1.000000 cache=0.3MiB(820txo)
2025-11-02T16:48:04Z Saw new header hash=511007265d90fadc26e61da279b865526c10a57c484352b79470764db04f3e0b height=289
2025-11-02T16:48:04Z Saw new cmpctblock header hash=511007265d90fadc26e61da279b865526c10a57c484352b79470764db04f3e0b peer=10
2025-11-02T16:48:04Z UpdateTip: new best=511007265d90fadc26e61da279b865526c10a57c484352b79470764db04f3e0b height=289 version=0x30000000 log2_work=9.179909 tx=6078 date='2025-11-02T16:48:02Z' progress=1.000000 cache=0.3MiB(830txo)
2025-11-02T16:48:10Z Saw new header hash=0cdc2e57715f654feb18580a77e866eeaf71241e563cc76bd3c8c1d287386ac5 height=290
2025-11-02T16:48:10Z Saw new cmpctblock header hash=0cdc2e57715f654feb18580a77e866eeaf71241e563cc76bd3c8c1d287386ac5 peer=10
2025-11-02T16:48:10Z UpdateTip: new best=0cdc2e57715f654feb18580a77e866eeaf71241e563cc76bd3c8c1d287386ac5 height=290 version=0x30000000 log2_work=9.184875 tx=6130 date='2025-11-02T16:48:07Z' progress=1.000000 cache=0.3MiB(843txo)
2025-11-02T16:48:14Z Saw new header hash=4bc3796879367f812df903b1b759c81046c2f2de3dec8eb42999c1347e096403 height=291
2025-11-02T16:48:14Z Saw new cmpctblock header hash=4bc3796879367f812df903b1b759c81046c2f2de3dec8eb42999c1347e096403 peer=10
2025-11-02T16:48:14Z UpdateTip: new best=4bc3796879367f812df903b1b759c81046c2f2de3dec8eb42999c1347e096403 height=291 version=0x30000000 log2_work=9.189825 tx=6157 date='2025-11-02T16:48:13Z' progress=1.000000 cache=0.3MiB(847txo)
2025-11-02T16:48:20Z Saw new header hash=03bd0fcf21e9d62711ac913c498e3bafec4a8eab5a9fc8513e8e5746b39eae75 height=292
2025-11-02T16:48:20Z Saw new cmpctblock header hash=03bd0fcf21e9d62711ac913c498e3bafec4a8eab5a9fc8513e8e5746b39eae75 peer=10
2025-11-02T16:48:20Z UpdateTip: new best=03bd0fcf21e9d62711ac913c498e3bafec4a8eab5a9fc8513e8e5746b39eae75 height=292 version=0x30000000 log2_work=9.194757 tx=6178 date='2025-11-02T16:48:18Z' progress=1.000000 cache=0.3MiB(854txo)
2025-11-02T16:48:26Z Saw new header hash=1fc4bbc670afcf9140c363be377fa8d366154f8f2c3e2aa53ca4bd42489707e6 height=293
2025-11-02T16:48:26Z Saw new cmpctblock header hash=1fc4bbc670afcf9140c363be377fa8d366154f8f2c3e2aa53ca4bd42489707e6 peer=10
2025-11-02T16:48:26Z UpdateTip: new best=1fc4bbc670afcf9140c363be377fa8d366154f8f2c3e2aa53ca4bd42489707e6 height=293 version=0x30000000 log2_work=9.199672 tx=6214 date='2025-11-02T16:48:23Z' progress=1.000000 cache=0.3MiB(844txo)
2025-11-02T16:48:30Z Saw new header hash=302f58380570ede59cd6de58bda9a60ff9af3ed2764556f3e25658fc8d1ae840 height=294
2025-11-02T16:48:30Z Saw new cmpctblock header hash=302f58380570ede59cd6de58bda9a60ff9af3ed2764556f3e25658fc8d1ae840 peer=10
2025-11-02T16:48:30Z UpdateTip: new best=302f58380570ede59cd6de58bda9a60ff9af3ed2764556f3e25658fc8d1ae840 height=294 version=0x30000000 log2_work=9.204571 tx=6250 date='2025-11-02T16:48:29Z' progress=1.000000 cache=0.3MiB(860txo)
2025-11-02T16:48:37Z Saw new header hash=3564cac7bd90f9c90918d2a74d225d90dcec44fde9edd4bd0a1223df2da43068 height=295
2025-11-02T16:48:37Z Saw new cmpctblock header hash=3564cac7bd90f9c90918d2a74d225d90dcec44fde9edd4bd0a1223df2da43068 peer=10
2025-11-02T16:48:37Z UpdateTip: new best=3564cac7bd90f9c90918d2a74d225d90dcec44fde9edd4bd0a1223df2da43068 height=295 version=0x30000000 log2_work=9.209453 tx=6317 date='2025-11-02T16:48:34Z' progress=1.000000 cache=0.3MiB(867txo)
2025-11-02T16:48:41Z Saw new header hash=35cfc014a4d26a0484b7e9fb8ca3824aa1e61e2379d5293af5661e500ff0ec79 height=296
2025-11-02T16:48:41Z Saw new cmpctblock header hash=35cfc014a4d26a0484b7e9fb8ca3824aa1e61e2379d5293af5661e500ff0ec79 peer=10
2025-11-02T16:48:41Z UpdateTip: new best=35cfc014a4d26a0484b7e9fb8ca3824aa1e61e2379d5293af5661e500ff0ec79 height=296 version=0x30000000 log2_work=9.214319 tx=6344 date='2025-11-02T16:48:39Z' progress=1.000000 cache=0.3MiB(869txo)
2025-11-02T16:48:46Z Saw new header hash=6e3ec6ebf4b6cd8e9e45d79d96599ebc029198c3ae703dafd3e40c7231cd48f9 height=297
2025-11-02T16:48:46Z Saw new cmpctblock header hash=6e3ec6ebf4b6cd8e9e45d79d96599ebc029198c3ae703dafd3e40c7231cd48f9 peer=10
2025-11-02T16:48:46Z UpdateTip: new best=6e3ec6ebf4b6cd8e9e45d79d96599ebc029198c3ae703dafd3e40c7231cd48f9 height=297 version=0x30000000 log2_work=9.219169 tx=6379 date='2025-11-02T16:48:44Z' progress=1.000000 cache=0.3MiB(878txo)
2025-11-02T16:48:51Z Saw new header hash=2e936bceef8db272f9c98886fda15471b2f8f47aa453a4a58c9aedda3f59fd71 height=298
2025-11-02T16:48:51Z Saw new cmpctblock header hash=2e936bceef8db272f9c98886fda15471b2f8f47aa453a4a58c9aedda3f59fd71 peer=10
2025-11-02T16:48:51Z UpdateTip: new best=2e936bceef8db272f9c98886fda15471b2f8f47aa453a4a58c9aedda3f59fd71 height=298 version=0x30000000 log2_work=9.224002 tx=6410 date='2025-11-02T16:48:50Z' progress=1.000000 cache=0.3MiB(879txo)
2025-11-02T16:48:56Z Saw new header hash=2e2dc63822b9852ad151e1cad6f2216c2f4a79ea6d74de83ebd3e93f60f0cfdd height=299
2025-11-02T16:48:56Z Saw new cmpctblock header hash=2e2dc63822b9852ad151e1cad6f2216c2f4a79ea6d74de83ebd3e93f60f0cfdd peer=10
2025-11-02T16:48:56Z UpdateTip: new best=2e2dc63822b9852ad151e1cad6f2216c2f4a79ea6d74de83ebd3e93f60f0cfdd height=299 version=0x30000000 log2_work=9.228819 tx=6439 date='2025-11-02T16:48:55Z' progress=1.000000 cache=0.3MiB(878txo)
2025-11-02T16:49:01Z Saw new header hash=00c1e6482bba1d732c74a96a0814428893996c3c5a881ca8a290edd40f334c17 height=300
2025-11-02T16:49:01Z Saw new cmpctblock header hash=00c1e6482bba1d732c74a96a0814428893996c3c5a881ca8a290edd40f334c17 peer=10
2025-11-02T16:49:01Z UpdateTip: new best=00c1e6482bba1d732c74a96a0814428893996c3c5a881ca8a290edd40f334c17 height=300 version=0x30000000 log2_work=9.233620 tx=6468 date='2025-11-02T16:49:00Z' progress=1.000000 cache=0.3MiB(886txo)
2025-11-02T16:49:05Z Saw new header hash=68b6b41ad79bcf07931f8e73d6d21bf9c37c09944fb6c2dd7b5d15c0bc8d18da height=301
2025-11-02T16:49:05Z Saw new cmpctblock header hash=68b6b41ad79bcf07931f8e73d6d21bf9c37c09944fb6c2dd7b5d15c0bc8d18da peer=10
2025-11-02T16:49:05Z UpdateTip: new best=68b6b41ad79bcf07931f8e73d6d21bf9c37c09944fb6c2dd7b5d15c0bc8d18da height=301 version=0x30000000 log2_work=9.238405 tx=6499 date='2025-11-02T16:49:05Z' progress=1.000000 cache=0.3MiB(882txo)
2025-11-02T16:49:10Z Saw new header hash=6492e0ef39a7e7925ecae58d61ef1d0292c1f82bbc094d8573cd67c79edd11ba height=302
2025-11-02T16:49:10Z Saw new cmpctblock header hash=6492e0ef39a7e7925ecae58d61ef1d0292c1f82bbc094d8573cd67c79edd11ba peer=10
2025-11-02T16:49:10Z UpdateTip: new best=6492e0ef39a7e7925ecae58d61ef1d0292c1f82bbc094d8573cd67c79edd11ba height=302 version=0x30000000 log2_work=9.243174 tx=6536 date='2025-11-02T16:49:10Z' progress=1.000000 cache=0.3MiB(881txo)
2025-11-02T16:49:16Z Saw new header hash=4629639741a26ce8357815bfbbd3b741949ff7137a895b88f5baef20aa1df639 height=303
2025-11-02T16:49:16Z Saw new cmpctblock header hash=4629639741a26ce8357815bfbbd3b741949ff7137a895b88f5baef20aa1df639 peer=10
2025-11-02T16:49:16Z UpdateTip: new best=4629639741a26ce8357815bfbbd3b741949ff7137a895b88f5baef20aa1df639 height=303 version=0x30000000 log2_work=9.247928 tx=6574 date='2025-11-02T16:49:15Z' progress=1.000000 cache=0.3MiB(881txo)
2025-11-02T16:49:21Z Saw new header hash=740c316ad38eacf29ce3e70bbdb2373e31dfeeeadc490ef45af6ed82c44b6bd5 height=304
2025-11-02T16:49:21Z Saw new cmpctblock header hash=740c316ad38eacf29ce3e70bbdb2373e31dfeeeadc490ef45af6ed82c44b6bd5 peer=10
2025-11-02T16:49:21Z UpdateTip: new best=740c316ad38eacf29ce3e70bbdb2373e31dfeeeadc490ef45af6ed82c44b6bd5 height=304 version=0x30000000 log2_work=9.252665 tx=6603 date='2025-11-02T16:49:20Z' progress=1.000000 cache=0.3MiB(889txo)
2025-11-02T16:49:26Z Saw new header hash=4e13411704ca26913697250c2049a41d8fbd5d5a356786204044ed74cb9e788b height=305
2025-11-02T16:49:26Z Saw new cmpctblock header hash=4e13411704ca26913697250c2049a41d8fbd5d5a356786204044ed74cb9e788b peer=10
2025-11-02T16:49:26Z UpdateTip: new best=4e13411704ca26913697250c2049a41d8fbd5d5a356786204044ed74cb9e788b height=305 version=0x30000000 log2_work=9.257388 tx=6619 date='2025-11-02T16:49:25Z' progress=1.000000 cache=0.3MiB(896txo)
2025-11-02T16:49:31Z Saw new header hash=44f01d92bea636683c920c6f8f75dec0094f1a9b701bf2132ac388ef3576b8e9 height=306
2025-11-02T16:49:31Z Saw new cmpctblock header hash=44f01d92bea636683c920c6f8f75dec0094f1a9b701bf2132ac388ef3576b8e9 peer=10
2025-11-02T16:49:31Z UpdateTip: new best=44f01d92bea636683c920c6f8f75dec0094f1a9b701bf2132ac388ef3576b8e9 height=306 version=0x30000000 log2_work=9.262095 tx=6671 date='2025-11-02T16:49:30Z' progress=1.000000 cache=0.3MiB(920txo)
2025-11-02T16:49:36Z Saw new header hash=75465b5793132f169b48f695fb2e837732c8eaab6e1500ec331ffd5502a04298 height=307
2025-11-02T16:49:36Z Saw new cmpctblock header hash=75465b5793132f169b48f695fb2e837732c8eaab6e1500ec331ffd5502a04298 peer=10
2025-11-02T16:49:36Z UpdateTip: new best=75465b5793132f169b48f695fb2e837732c8eaab6e1500ec331ffd5502a04298 height=307 version=0x30000000 log2_work=9.266787 tx=6698 date='2025-11-02T16:49:36Z' progress=1.000000 cache=0.3MiB(915txo)
2025-11-02T16:49:41Z Saw new header hash=42955d75859e27f1da971a867a312bdba2892abd828e445cec3c03bd383526ce height=308
2025-11-02T16:49:41Z Saw new cmpctblock header hash=42955d75859e27f1da971a867a312bdba2892abd828e445cec3c03bd383526ce peer=10
2025-11-02T16:49:41Z UpdateTip: new best=42955d75859e27f1da971a867a312bdba2892abd828e445cec3c03bd383526ce height=308 version=0x30000000 log2_work=9.271463 tx=6723 date='2025-11-02T16:49:41Z' progress=1.000000 cache=0.3MiB(929txo)
2025-11-02T16:49:46Z Saw new header hash=4e76eb4b5dcfc9e7cf283f1ec65912d28c895493ac83f29a19e5898fbe58ae06 height=309
2025-11-02T16:49:46Z Saw new cmpctblock header hash=4e76eb4b5dcfc9e7cf283f1ec65912d28c895493ac83f29a19e5898fbe58ae06 peer=10
2025-11-02T16:49:46Z UpdateTip: new best=4e76eb4b5dcfc9e7cf283f1ec65912d28c895493ac83f29a19e5898fbe58ae06 height=309 version=0x30000000 log2_work=9.276124 tx=6754 date='2025-11-02T16:49:46Z' progress=1.000000 cache=0.3MiB(952txo)
2025-11-02T16:49:51Z Saw new header hash=416c1d2ca631be3732aff13a50532664dc01e9e0aca3b70a10b287820e5074e4 height=310
2025-11-02T16:49:51Z Saw new cmpctblock header hash=416c1d2ca631be3732aff13a50532664dc01e9e0aca3b70a10b287820e5074e4 peer=10
2025-11-02T16:49:51Z UpdateTip: new best=416c1d2ca631be3732aff13a50532664dc01e9e0aca3b70a10b287820e5074e4 height=310 version=0x30000000 log2_work=9.280771 tx=6798 date='2025-11-02T16:49:51Z' progress=1.000000 cache=0.3MiB(962txo)
2025-11-02T16:49:56Z Saw new header hash=57e924bf1b69fc9bfc76f079877389aacc8cfc0431ddefeb2f3736af8fe59a49 height=311
2025-11-02T16:49:56Z Saw new cmpctblock header hash=57e924bf1b69fc9bfc76f079877389aacc8cfc0431ddefeb2f3736af8fe59a49 peer=10
2025-11-02T16:49:56Z UpdateTip: new best=57e924bf1b69fc9bfc76f079877389aacc8cfc0431ddefeb2f3736af8fe59a49 height=311 version=0x30000000 log2_work=9.285402 tx=6844 date='2025-11-02T16:49:56Z' progress=1.000000 cache=0.3MiB(976txo)
2025-11-02T16:50:01Z Saw new header hash=38862d118eff176392bb8554e0d39c92440614af9d3a80d96e2170943c843e21 height=312
2025-11-02T16:50:01Z Saw new cmpctblock header hash=38862d118eff176392bb8554e0d39c92440614af9d3a80d96e2170943c843e21 peer=10
2025-11-02T16:50:01Z UpdateTip: new best=38862d118eff176392bb8554e0d39c92440614af9d3a80d96e2170943c843e21 height=312 version=0x30000000 log2_work=9.290019 tx=6875 date='2025-11-02T16:50:01Z' progress=1.000000 cache=0.3MiB(984txo)
2025-11-02T16:50:06Z Saw new header hash=07a87bdec754f4baba61e08487ff226cd982fed6e32718f31fa1c95105d4b9d0 height=313
2025-11-02T16:50:06Z Saw new cmpctblock header hash=07a87bdec754f4baba61e08487ff226cd982fed6e32718f31fa1c95105d4b9d0 peer=10
2025-11-02T16:50:06Z UpdateTip: new best=07a87bdec754f4baba61e08487ff226cd982fed6e32718f31fa1c95105d4b9d0 height=313 version=0x30000000 log2_work=9.294621 tx=6889 date='2025-11-02T16:50:06Z' progress=1.000000 cache=0.3MiB(991txo)
2025-11-02T16:50:11Z Saw new header hash=3212a597a3ce44298246d66436eef2471139d4d72078953c64f394fa942bd9e1 height=314
2025-11-02T16:50:11Z Saw new cmpctblock header hash=3212a597a3ce44298246d66436eef2471139d4d72078953c64f394fa942bd9e1 peer=10
2025-11-02T16:50:11Z UpdateTip: new best=3212a597a3ce44298246d66436eef2471139d4d72078953c64f394fa942bd9e1 height=314 version=0x30000000 log2_work=9.299208 tx=6936 date='2025-11-02T16:50:11Z' progress=1.000000 cache=0.3MiB(1003txo)
2025-11-02T16:50:16Z Saw new header hash=69b58585b7399e71237d54c8638030241e57e588006490e813a5eb475d64993c height=315
2025-11-02T16:50:16Z Saw new cmpctblock header hash=69b58585b7399e71237d54c8638030241e57e588006490e813a5eb475d64993c peer=10
2025-11-02T16:50:16Z UpdateTip: new best=69b58585b7399e71237d54c8638030241e57e588006490e813a5eb475d64993c height=315 version=0x30000000 log2_work=9.303781 tx=6965 date='2025-11-02T16:50:16Z' progress=1.000000 cache=0.3MiB(1007txo)
2025-11-02T16:50:21Z Saw new header hash=5d3321d611f92e6aa362fc5fbba430548edcb699603f39ec0683621613cf7f0e height=316
2025-11-02T16:50:21Z Saw new cmpctblock header hash=5d3321d611f92e6aa362fc5fbba430548edcb699603f39ec0683621613cf7f0e peer=10
2025-11-02T16:50:21Z UpdateTip: new best=5d3321d611f92e6aa362fc5fbba430548edcb699603f39ec0683621613cf7f0e height=316 version=0x30000000 log2_work=9.308339 tx=6998 date='2025-11-02T16:50:21Z' progress=1.000000 cache=0.3MiB(1016txo)
2025-11-02T16:50:27Z Saw new header hash=4fb860a5030a727444da3cd3581a64a187c175b9ddd2ba56c5a257fbca6a4e7d height=317
2025-11-02T16:50:27Z Saw new cmpctblock header hash=4fb860a5030a727444da3cd3581a64a187c175b9ddd2ba56c5a257fbca6a4e7d peer=10
2025-11-02T16:50:27Z UpdateTip: new best=4fb860a5030a727444da3cd3581a64a187c175b9ddd2ba56c5a257fbca6a4e7d height=317 version=0x30000000 log2_work=9.312883 tx=7039 date='2025-11-02T16:50:26Z' progress=1.000000 cache=0.3MiB(1014txo)
