2025-10-09T05:31:14Z Warning: reindex=1 is set in the configuration file, which will significantly slow down startup. Consider removing or commenting out this option for better performance, unless there is currently a condition which makes rebuilding the indexes necessary
2025-10-09T05:31:14Z Bitcoin Core version v27.0.0 (release build)
2025-10-09T05:31:14Z Script verification uses 7 additional threads
2025-10-09T05:31:14Z Using the 'arm_shani(1way,2way)' SHA256 implementation
2025-10-09T05:31:14Z Default data directory /home/bitcoin/.bitcoin
2025-10-09T05:31:14Z Using data directory /home/bitcoin/.bitcoin/regtest
2025-10-09T05:31:14Z Config file: /home/bitcoin/.bitcoin/bitcoin.conf
2025-10-09T05:31:14Z Config file arg: [regtest] fallbackfee="0.0002"
2025-10-09T05:31:14Z Config file arg: [regtest] maxmempool="500"
2025-10-09T05:31:14Z Config file arg: [regtest] reindex="1"
2025-10-09T05:31:14Z Config file arg: [regtest] rpcallowip="0.0.0.0/0"
2025-10-09T05:31:14Z Config file arg: [regtest] rpcbind="0.0.0.0"
2025-10-09T05:31:14Z Config file arg: [regtest] rpcpassword=****
2025-10-09T05:31:14Z Config file arg: [regtest] rpcuser=****
2025-10-09T05:31:14Z Config file arg: [regtest] server="1"
2025-10-09T05:31:14Z Command-line arg: connect="node29:18444"
2025-10-09T05:31:14Z Command-line arg: connect="node31:18444"
2025-10-09T05:31:14Z Command-line arg: datadir="/home/bitcoin/.bitcoin"
2025-10-09T05:31:14Z Command-line arg: discover="1"
2025-10-09T05:31:14Z Command-line arg: dnsseed="0"
2025-10-09T05:31:14Z Command-line arg: listen="1"
2025-10-09T05:31:14Z Command-line arg: maxconnections="64"
2025-10-09T05:31:14Z Command-line arg: printtoconsole="1"
2025-10-09T05:31:14Z Command-line arg: regtest="1"
2025-10-09T05:31:14Z Command-line arg: rpcallowip="0.0.0.0/0"
2025-10-09T05:31:14Z Command-line arg: rpcbind="0.0.0.0"
2025-10-09T05:31:14Z Command-line arg: rpcpassword=****
2025-10-09T05:31:14Z Command-line arg: rpcuser=****
2025-10-09T05:31:14Z Command-line arg: server="1"
2025-10-09T05:31:14Z Command-line arg: txindex="1"
2025-10-09T05:31:14Z Command-line arg: zmqpubhashblock="tcp://0.0.0.0:28332"
2025-10-09T05:31:14Z Command-line arg: zmqpubhashtx="tcp://0.0.0.0:28333"
2025-10-09T05:31:14Z Using at most 64 automatic connections (1048576 file descriptors available)
2025-10-09T05:31:14Z Using 16 MiB out of 16 MiB requested for signature cache, able to store 524288 elements
2025-10-09T05:31:14Z Using 16 MiB out of 16 MiB requested for script execution cache, able to store 524288 elements
2025-10-09T05:31:14Z scheduler thread start
2025-10-09T05:31:14Z Binding RPC on address 0.0.0.0 port 18443
2025-10-09T05:31:14Z WARNING: the RPC server is not safe to expose to untrusted networks such as the public internet
2025-10-09T05:31:14Z Binding RPC on address 0.0.0.0 port 18443
2025-10-09T05:31:14Z Binding RPC on address 0.0.0.0 port 18443 failed.
2025-10-09T05:31:14Z Config options rpcuser and rpcpassword will soon be deprecated. Locally-run instances may remove rpcuser to use cookie-based auth, or may be replaced with rpcauth. Please see share/rpcauth for rpcauth auth generation.
2025-10-09T05:31:14Z Starting HTTP server with 4 worker threads
2025-10-09T05:31:14Z Using wallet directory /home/bitcoin/.bitcoin/regtest/wallets
2025-10-09T05:31:14Z init message: Verifying wallet(s)…
2025-10-09T05:31:14Z Using /16 prefix for IP bucketing
2025-10-09T05:31:14Z init message: Loading P2P addresses…
2025-10-09T05:31:14Z Creating peers.dat because the file was not found ("/home/bitcoin/.bitcoin/regtest/peers.dat")
2025-10-09T05:31:14Z init message: Loading banlist…
2025-10-09T05:31:14Z Recreating the banlist database
2025-10-09T05:31:14Z SetNetworkActive: true
2025-10-09T05:31:14Z /home/bitcoin/.bitcoin/regtest/fee_estimates.dat is not found. Continue anyway.
2025-10-09T05:31:14Z Script verification uses 7 additional threads
2025-10-09T05:31:14Z Cache configuration:
2025-10-09T05:31:14Z * Using 2.0 MiB for block index database
2025-10-09T05:31:14Z * Using 56.0 MiB for transaction index database
2025-10-09T05:31:14Z * Using 8.0 MiB for chain state database
2025-10-09T05:31:14Z * Using 384.0 MiB for in-memory UTXO set (plus up to 476.8 MiB of unused mempool space)
2025-10-09T05:31:14Z init message: Loading block index…
2025-10-09T05:31:14Z Validating signatures for all blocks.
2025-10-09T05:31:14Z Setting nMinimumChainWork=0000000000000000000000000000000000000000000000000000000000000000
2025-10-09T05:31:14Z Wiping LevelDB in /home/bitcoin/.bitcoin/regtest/blocks/index
2025-10-09T05:31:14Z Opening LevelDB in /home/bitcoin/.bitcoin/regtest/blocks/index
2025-10-09T05:31:14Z Opened LevelDB successfully
2025-10-09T05:31:14Z Using obfuscation key for /home/bitcoin/.bitcoin/regtest/blocks/index: 0000000000000000
2025-10-09T05:31:14Z Initializing databases...
2025-10-09T05:31:14Z Initializing chainstate Chainstate [ibd] @ height -1 (null)
2025-10-09T05:31:14Z Wiping LevelDB in /home/bitcoin/.bitcoin/regtest/chainstate
2025-10-09T05:31:14Z Opening LevelDB in /home/bitcoin/.bitcoin/regtest/chainstate
2025-10-09T05:31:14Z Opened LevelDB successfully
2025-10-09T05:31:14Z Wrote new obfuscate key for /home/bitcoin/.bitcoin/regtest/chainstate: a68029bcae61f57e
2025-10-09T05:31:14Z Using obfuscation key for /home/bitcoin/.bitcoin/regtest/chainstate: a68029bcae61f57e
2025-10-09T05:31:14Z Opening LevelDB in /home/bitcoin/.bitcoin/regtest/chainstate
2025-10-09T05:31:14Z Opened LevelDB successfully
2025-10-09T05:31:14Z Using obfuscation key for /home/bitcoin/.bitcoin/regtest/chainstate: a68029bcae61f57e
2025-10-09T05:31:14Z [Chainstate [ibd] @ height -1 (null)] resized coinsdb cache to 8.0 MiB
2025-10-09T05:31:14Z [Chainstate [ibd] @ height -1 (null)] resized coinstip cache to 384.0 MiB
2025-10-09T05:31:14Z init message: Verifying blocks…
2025-10-09T05:31:14Z  block index               8ms
2025-10-09T05:31:14Z Wiping LevelDB in /home/bitcoin/.bitcoin/regtest/indexes/txindex
2025-10-09T05:31:14Z Opening LevelDB in /home/bitcoin/.bitcoin/regtest/indexes/txindex
2025-10-09T05:31:14Z Opened LevelDB successfully
2025-10-09T05:31:14Z Using obfuscation key for /home/bitcoin/.bitcoin/regtest/indexes/txindex: 0000000000000000
2025-10-09T05:31:14Z Setting NODE_NETWORK on non-prune mode
2025-10-09T05:31:14Z initload thread start
2025-10-09T05:31:14Z Reindexing finished
2025-10-09T05:31:14Z UpdateTip: new best=0f9188f13cb7b2c71f2a335e3a4fc328bf5beb436012afca590b1a11466e2206 height=0 version=0x00000001 log2_work=1.000000 tx=1 date='2011-02-02T23:16:42Z' progress=1.000000 cache=0.3MiB(0txo)
2025-10-09T05:31:14Z block tree size = 1
2025-10-09T05:31:14Z nBestHeight = 0
2025-10-09T05:31:14Z Failed to open mempool file from disk. Continuing anyway.
2025-10-09T05:31:14Z initload thread exit
2025-10-09T05:31:14Z txindex thread start
2025-10-09T05:31:14Z txindex is enabled
2025-10-09T05:31:14Z txindex thread exit
2025-10-09T05:31:14Z torcontrol thread start
2025-10-09T05:31:14Z Bound to 127.0.0.1:18445
2025-10-09T05:31:14Z Bound to [::]:18444
2025-10-09T05:31:14Z Bound to 0.0.0.0:18444
2025-10-09T05:31:14Z init message: Starting network threads…
2025-10-09T05:31:14Z DNS seeding disabled
2025-10-09T05:31:14Z net thread start
2025-10-09T05:31:14Z addcon thread start
2025-10-09T05:31:14Z opencon thread start
2025-10-09T05:31:14Z msghand thread start
2025-10-09T05:31:14Z init message: Done loading
2025-10-09T05:31:14Z New manual v2 peer connected: version: 70016, blocks=0, peer=0
2025-10-09T05:31:14Z New manual v2 peer connected: version: 70016, blocks=0, peer=1
2025-10-09T05:31:22Z Synchronizing blockheaders, height: 2 (~100.00%)
2025-10-09T05:31:22Z Leaving InitialBlockDownload (latching to false)
2025-10-09T05:31:22Z UpdateTip: new best=32e845d671fbe3b3927f3412c2454465cfd5480cc4949dbb6b58c98826136bf1 height=1 version=0x20000000 log2_work=2.000000 tx=2 date='2025-10-09T05:31:22Z' progress=1.000000 cache=0.3MiB(1txo)
2025-10-09T05:31:22Z UpdateTip: new best=1e13810db2b58a3f3d96ee85fb986f5fcff1169b4b2bd1431efc8896a348dee8 height=2 version=0x20000000 log2_work=2.584963 tx=3 date='2025-10-09T05:31:23Z' progress=1.000000 cache=0.3MiB(2txo)
2025-10-09T05:31:22Z Saw new header hash=69bcef39005da674c19e1e0440c45c28a4cf13c91c2ff6b8691f8109bd4fe52a height=3
2025-10-09T05:31:22Z Saw new cmpctblock header hash=69bcef39005da674c19e1e0440c45c28a4cf13c91c2ff6b8691f8109bd4fe52a peer=0
2025-10-09T05:31:22Z UpdateTip: new best=69bcef39005da674c19e1e0440c45c28a4cf13c91c2ff6b8691f8109bd4fe52a height=3 version=0x20000000 log2_work=3.000000 tx=4 date='2025-10-09T05:31:23Z' progress=1.000000 cache=0.3MiB(3txo)
2025-10-09T05:31:22Z Saw new header hash=13a79fcdc811ef08d2fc30e91051b4d80adb8ceca6ef3ac87ce6f684a7de1d45 height=4
2025-10-09T05:31:22Z Saw new cmpctblock header hash=13a79fcdc811ef08d2fc30e91051b4d80adb8ceca6ef3ac87ce6f684a7de1d45 peer=0
2025-10-09T05:31:22Z UpdateTip: new best=13a79fcdc811ef08d2fc30e91051b4d80adb8ceca6ef3ac87ce6f684a7de1d45 height=4 version=0x20000000 log2_work=3.321928 tx=5 date='2025-10-09T05:31:24Z' progress=1.000000 cache=0.3MiB(4txo)
2025-10-09T05:31:22Z Saw new header hash=7aa1865284b2addc5efd019030294bb90e47f8c81af4b5678dd49778f564848f height=5
2025-10-09T05:31:22Z Saw new cmpctblock header hash=7aa1865284b2addc5efd019030294bb90e47f8c81af4b5678dd49778f564848f peer=0
2025-10-09T05:31:22Z UpdateTip: new best=7aa1865284b2addc5efd019030294bb90e47f8c81af4b5678dd49778f564848f height=5 version=0x20000000 log2_work=3.584963 tx=6 date='2025-10-09T05:31:24Z' progress=1.000000 cache=0.3MiB(5txo)
2025-10-09T05:31:22Z Saw new header hash=334abcff624ade069a2a23f06556888a8f01f9237898fda19ee4090a30a13bc5 height=6
2025-10-09T05:31:22Z Saw new cmpctblock header hash=334abcff624ade069a2a23f06556888a8f01f9237898fda19ee4090a30a13bc5 peer=0
2025-10-09T05:31:22Z UpdateTip: new best=334abcff624ade069a2a23f06556888a8f01f9237898fda19ee4090a30a13bc5 height=6 version=0x20000000 log2_work=3.807355 tx=7 date='2025-10-09T05:31:24Z' progress=1.000000 cache=0.3MiB(6txo)
2025-10-09T05:31:22Z Saw new header hash=09d03a7a49ac1f1c7b37b69626af36b0251b39eaefb1eb284bfa2361d64c9f07 height=7
2025-10-09T05:31:22Z UpdateTip: new best=09d03a7a49ac1f1c7b37b69626af36b0251b39eaefb1eb284bfa2361d64c9f07 height=7 version=0x20000000 log2_work=4.000000 tx=8 date='2025-10-09T05:31:24Z' progress=1.000000 cache=0.3MiB(7txo)
2025-10-09T05:31:22Z Saw new header hash=6965ca61532fb9c2b4c81aa35e848f90a23abc85588c8f62f5bd281bb4263341 height=8
2025-10-09T05:31:22Z UpdateTip: new best=6965ca61532fb9c2b4c81aa35e848f90a23abc85588c8f62f5bd281bb4263341 height=8 version=0x20000000 log2_work=4.169925 tx=9 date='2025-10-09T05:31:25Z' progress=1.000000 cache=0.3MiB(8txo)
2025-10-09T05:31:22Z Saw new header hash=5de008b77b59ba5c748b8b54c48b6be5a99329147bf1b136c28eb031cb87a754 height=9
2025-10-09T05:31:22Z Saw new cmpctblock header hash=5de008b77b59ba5c748b8b54c48b6be5a99329147bf1b136c28eb031cb87a754 peer=0
2025-10-09T05:31:22Z UpdateTip: new best=5de008b77b59ba5c748b8b54c48b6be5a99329147bf1b136c28eb031cb87a754 height=9 version=0x20000000 log2_work=4.321928 tx=10 date='2025-10-09T05:31:25Z' progress=1.000000 cache=0.3MiB(9txo)
2025-10-09T05:31:22Z Saw new header hash=4e25bcdee6a768d82413f3deb266525e7009a8af0c6aed0dabded35c7938b8e0 height=10
2025-10-09T05:31:22Z Saw new cmpctblock header hash=4e25bcdee6a768d82413f3deb266525e7009a8af0c6aed0dabded35c7938b8e0 peer=0
2025-10-09T05:31:22Z UpdateTip: new best=4e25bcdee6a768d82413f3deb266525e7009a8af0c6aed0dabded35c7938b8e0 height=10 version=0x20000000 log2_work=4.459432 tx=11 date='2025-10-09T05:31:25Z' progress=1.000000 cache=0.3MiB(10txo)
2025-10-09T05:31:22Z Saw new header hash=5c3fe435ad4f499feebf6b2cbc5288b8385692e058a5fcdd25d1894a225a8ec9 height=11
2025-10-09T05:31:22Z UpdateTip: new best=5c3fe435ad4f499feebf6b2cbc5288b8385692e058a5fcdd25d1894a225a8ec9 height=11 version=0x20000000 log2_work=4.584963 tx=12 date='2025-10-09T05:31:25Z' progress=1.000000 cache=0.3MiB(11txo)
2025-10-09T05:31:22Z Saw new header hash=454980fffcb799939160e97db40bbe6aa83d1f4bf437e7a8047d4b91a3c69671 height=12
2025-10-09T05:31:22Z Saw new cmpctblock header hash=454980fffcb799939160e97db40bbe6aa83d1f4bf437e7a8047d4b91a3c69671 peer=0
2025-10-09T05:31:22Z UpdateTip: new best=454980fffcb799939160e97db40bbe6aa83d1f4bf437e7a8047d4b91a3c69671 height=12 version=0x20000000 log2_work=4.700440 tx=13 date='2025-10-09T05:31:25Z' progress=1.000000 cache=0.3MiB(12txo)
2025-10-09T05:31:22Z Saw new header hash=7d58e908cf5ee3c7364ec41c8dd1e3f39ad893f140dac8bcd2a5ea7dd7ccc31c height=13
2025-10-09T05:31:22Z Saw new cmpctblock header hash=7d58e908cf5ee3c7364ec41c8dd1e3f39ad893f140dac8bcd2a5ea7dd7ccc31c peer=0
2025-10-09T05:31:22Z UpdateTip: new best=7d58e908cf5ee3c7364ec41c8dd1e3f39ad893f140dac8bcd2a5ea7dd7ccc31c height=13 version=0x20000000 log2_work=4.807355 tx=14 date='2025-10-09T05:31:25Z' progress=1.000000 cache=0.3MiB(13txo)
2025-10-09T05:31:22Z Saw new header hash=09ee42c7e23eb29f3c5398a279214795c37bf4284a33e2075835b8d937f3106f height=14
2025-10-09T05:31:22Z Saw new cmpctblock header hash=09ee42c7e23eb29f3c5398a279214795c37bf4284a33e2075835b8d937f3106f peer=0
2025-10-09T05:31:22Z UpdateTip: new best=09ee42c7e23eb29f3c5398a279214795c37bf4284a33e2075835b8d937f3106f height=14 version=0x20000000 log2_work=4.906891 tx=15 date='2025-10-09T05:31:26Z' progress=1.000000 cache=0.3MiB(14txo)
2025-10-09T05:31:22Z Saw new header hash=257eeaaddb488dfa756f323e855a1cac0143184a0050848c78238394619884b9 height=15
2025-10-09T05:31:22Z Saw new cmpctblock header hash=257eeaaddb488dfa756f323e855a1cac0143184a0050848c78238394619884b9 peer=0
2025-10-09T05:31:22Z UpdateTip: new best=257eeaaddb488dfa756f323e855a1cac0143184a0050848c78238394619884b9 height=15 version=0x20000000 log2_work=5.000000 tx=16 date='2025-10-09T05:31:26Z' progress=1.000000 cache=0.3MiB(15txo)
2025-10-09T05:31:22Z Saw new header hash=223accd5a43ac12035c89d6ae32b279bac0de7bb8df63b79ddb2c41e9406a0e6 height=16
2025-10-09T05:31:22Z Saw new cmpctblock header hash=223accd5a43ac12035c89d6ae32b279bac0de7bb8df63b79ddb2c41e9406a0e6 peer=0
2025-10-09T05:31:22Z UpdateTip: new best=223accd5a43ac12035c89d6ae32b279bac0de7bb8df63b79ddb2c41e9406a0e6 height=16 version=0x20000000 log2_work=5.087463 tx=17 date='2025-10-09T05:31:26Z' progress=1.000000 cache=0.3MiB(16txo)
2025-10-09T05:31:22Z Saw new header hash=40501e24ce990f374998444c8536b8928ba528cd45c08f00a7fee0d6b74b93ba height=17
2025-10-09T05:31:22Z Saw new header hash=6a6c6360da42b0b53e8ebaf050ebabc7c7f35085a0c7bac9517f38713ec21fee height=18
2025-10-09T05:31:22Z Saw new header hash=16fab031cfcf17f7207a955ed2c689663fdb94902754f894a9e5329813455d27 height=19
2025-10-09T05:31:22Z Saw new header hash=7e16d08f612cd8c67368ea347eee3f23a1c5e5391a0e3d928bf73c2c3854eb56 height=20
2025-10-09T05:31:22Z Saw new header hash=3fe6d3fd2359c14ae5fbfa7544d8c65e5922b1a17095b046b850b9f86771ffa4 height=21
2025-10-09T05:31:22Z UpdateTip: new best=40501e24ce990f374998444c8536b8928ba528cd45c08f00a7fee0d6b74b93ba height=17 version=0x20000000 log2_work=5.169925 tx=18 date='2025-10-09T05:31:26Z' progress=1.000000 cache=0.3MiB(17txo)
2025-10-09T05:31:22Z Saw new header hash=22d4d587aecc98cd8abfa763456c258ceebdcf25464df48914cc1d495e1af508 height=22
2025-10-09T05:31:22Z Saw new header hash=1b2a23bb83f6e7f2fb36352bb4b4ceda6e0b6df1b70d1b87be0f4bf193968b67 height=23
2025-10-09T05:31:22Z Saw new header hash=74a86a13d9cd3598ca27768fcd62a6d6f7505c664a6dfaf5012eb2f2648facf0 height=24
2025-10-09T05:31:22Z Saw new header hash=4986158f609d67026982500a35f120596120d63bd7961b5f245affbb19b88246 height=25
2025-10-09T05:31:22Z Saw new header hash=75d024fd8ccec1ca4c7a9af29e7c96f3dd07497ff7133459584c0cf3ac65295d height=26
2025-10-09T05:31:22Z UpdateTip: new best=6a6c6360da42b0b53e8ebaf050ebabc7c7f35085a0c7bac9517f38713ec21fee height=18 version=0x20000000 log2_work=5.247928 tx=19 date='2025-10-09T05:31:26Z' progress=1.000000 cache=0.3MiB(18txo)
2025-10-09T05:31:22Z UpdateTip: new best=16fab031cfcf17f7207a955ed2c689663fdb94902754f894a9e5329813455d27 height=19 version=0x20000000 log2_work=5.321928 tx=20 date='2025-10-09T05:31:26Z' progress=1.000000 cache=0.3MiB(19txo)
2025-10-09T05:31:22Z UpdateTip: new best=7e16d08f612cd8c67368ea347eee3f23a1c5e5391a0e3d928bf73c2c3854eb56 height=20 version=0x20000000 log2_work=5.392317 tx=21 date='2025-10-09T05:31:27Z' progress=1.000000 cache=0.3MiB(20txo)
2025-10-09T05:31:22Z UpdateTip: new best=3fe6d3fd2359c14ae5fbfa7544d8c65e5922b1a17095b046b850b9f86771ffa4 height=21 version=0x20000000 log2_work=5.459432 tx=22 date='2025-10-09T05:31:27Z' progress=1.000000 cache=0.3MiB(21txo)
2025-10-09T05:31:22Z UpdateTip: new best=22d4d587aecc98cd8abfa763456c258ceebdcf25464df48914cc1d495e1af508 height=22 version=0x20000000 log2_work=5.523562 tx=23 date='2025-10-09T05:31:27Z' progress=1.000000 cache=0.3MiB(22txo)
2025-10-09T05:31:22Z UpdateTip: new best=1b2a23bb83f6e7f2fb36352bb4b4ceda6e0b6df1b70d1b87be0f4bf193968b67 height=23 version=0x20000000 log2_work=5.584963 tx=24 date='2025-10-09T05:31:27Z' progress=1.000000 cache=0.3MiB(23txo)
2025-10-09T05:31:22Z Saw new header hash=17d9ae6b75581ecb64e55173504bf7e33c9b5a04e621a5716d7af7d10e1d7eb6 height=27
2025-10-09T05:31:22Z Saw new cmpctblock header hash=17d9ae6b75581ecb64e55173504bf7e33c9b5a04e621a5716d7af7d10e1d7eb6 peer=0
2025-10-09T05:31:22Z UpdateTip: new best=74a86a13d9cd3598ca27768fcd62a6d6f7505c664a6dfaf5012eb2f2648facf0 height=24 version=0x20000000 log2_work=5.643856 tx=25 date='2025-10-09T05:31:27Z' progress=1.000000 cache=0.3MiB(24txo)
2025-10-09T05:31:22Z Saw new header hash=13ef873f5e4bc0ff0735abddbb4ada64d0527c69f0f117f2fc86d958c1ff77c7 height=28
2025-10-09T05:31:22Z Saw new cmpctblock header hash=13ef873f5e4bc0ff0735abddbb4ada64d0527c69f0f117f2fc86d958c1ff77c7 peer=0
2025-10-09T05:31:22Z UpdateTip: new best=4986158f609d67026982500a35f120596120d63bd7961b5f245affbb19b88246 height=25 version=0x20000000 log2_work=5.700440 tx=26 date='2025-10-09T05:31:27Z' progress=1.000000 cache=0.3MiB(25txo)
2025-10-09T05:31:22Z UpdateTip: new best=75d024fd8ccec1ca4c7a9af29e7c96f3dd07497ff7133459584c0cf3ac65295d height=26 version=0x20000000 log2_work=5.754888 tx=27 date='2025-10-09T05:31:28Z' progress=1.000000 cache=0.3MiB(26txo)
2025-10-09T05:31:22Z Saw new header hash=4b51b285a4a019b21e649303476fc1ade3cad3ecc7c5dcc2326a002c641a1884 height=29
2025-10-09T05:31:22Z Saw new header hash=1734a9933df8b6f36b87ace6acaa1dd0548493d5383d0221036acc7160793025 height=30
2025-10-09T05:31:22Z Saw new header hash=76910e27fe435511b2f8346c517c42a2b49cbd0e049c65ad63139389a83895de height=31
2025-10-09T05:31:22Z Saw new header hash=6bb7b18ca291a5ac92408256d420c1dbf0f565110b74b68d130ae2743ba5ab01 height=32
2025-10-09T05:31:22Z UpdateTip: new best=17d9ae6b75581ecb64e55173504bf7e33c9b5a04e621a5716d7af7d10e1d7eb6 height=27 version=0x20000000 log2_work=5.807355 tx=28 date='2025-10-09T05:31:28Z' progress=1.000000 cache=0.3MiB(27txo)
2025-10-09T05:31:22Z UpdateTip: new best=13ef873f5e4bc0ff0735abddbb4ada64d0527c69f0f117f2fc86d958c1ff77c7 height=28 version=0x20000000 log2_work=5.857981 tx=29 date='2025-10-09T05:31:28Z' progress=1.000000 cache=0.3MiB(28txo)
2025-10-09T05:31:22Z UpdateTip: new best=4b51b285a4a019b21e649303476fc1ade3cad3ecc7c5dcc2326a002c641a1884 height=29 version=0x20000000 log2_work=5.906891 tx=30 date='2025-10-09T05:31:28Z' progress=1.000000 cache=0.3MiB(29txo)
2025-10-09T05:31:22Z UpdateTip: new best=1734a9933df8b6f36b87ace6acaa1dd0548493d5383d0221036acc7160793025 height=30 version=0x20000000 log2_work=5.954196 tx=31 date='2025-10-09T05:31:28Z' progress=1.000000 cache=0.3MiB(30txo)
2025-10-09T05:31:22Z UpdateTip: new best=76910e27fe435511b2f8346c517c42a2b49cbd0e049c65ad63139389a83895de height=31 version=0x20000000 log2_work=6.000000 tx=32 date='2025-10-09T05:31:28Z' progress=1.000000 cache=0.3MiB(31txo)
2025-10-09T05:31:22Z Saw new header hash=6aa3695d6e34cbb80480667f66e280ea97ad53d9485a68fbb983b5b9a4b42a7c height=33
2025-10-09T05:31:22Z Saw new cmpctblock header hash=6aa3695d6e34cbb80480667f66e280ea97ad53d9485a68fbb983b5b9a4b42a7c peer=0
2025-10-09T05:31:22Z UpdateTip: new best=6bb7b18ca291a5ac92408256d420c1dbf0f565110b74b68d130ae2743ba5ab01 height=32 version=0x20000000 log2_work=6.044394 tx=33 date='2025-10-09T05:31:29Z' progress=1.000000 cache=0.3MiB(32txo)
2025-10-09T05:31:22Z UpdateTip: new best=6aa3695d6e34cbb80480667f66e280ea97ad53d9485a68fbb983b5b9a4b42a7c height=33 version=0x20000000 log2_work=6.087463 tx=34 date='2025-10-09T05:31:29Z' progress=1.000000 cache=0.3MiB(33txo)
2025-10-09T05:31:22Z Saw new header hash=076b8e62820b0ff715e4dc6ade7bbec41e4da7e6d5be125b7bb2d4afeed2fa6b height=34
2025-10-09T05:31:22Z Saw new cmpctblock header hash=076b8e62820b0ff715e4dc6ade7bbec41e4da7e6d5be125b7bb2d4afeed2fa6b peer=0
2025-10-09T05:31:22Z UpdateTip: new best=076b8e62820b0ff715e4dc6ade7bbec41e4da7e6d5be125b7bb2d4afeed2fa6b height=34 version=0x20000000 log2_work=6.129283 tx=35 date='2025-10-09T05:31:29Z' progress=1.000000 cache=0.3MiB(34txo)
2025-10-09T05:31:22Z Saw new header hash=5685dec85f747dd64d0124da427f24202ed9f7b2bb14bcde4ed4b785cdbf5e86 height=35
2025-10-09T05:31:22Z Saw new cmpctblock header hash=5685dec85f747dd64d0124da427f24202ed9f7b2bb14bcde4ed4b785cdbf5e86 peer=0
2025-10-09T05:31:22Z UpdateTip: new best=5685dec85f747dd64d0124da427f24202ed9f7b2bb14bcde4ed4b785cdbf5e86 height=35 version=0x20000000 log2_work=6.169925 tx=36 date='2025-10-09T05:31:29Z' progress=1.000000 cache=0.3MiB(35txo)
2025-10-09T05:31:22Z Saw new header hash=075261a19603049c01ccf564aa74402d1cf5e839887381ad6bc3de5ce55b6a44 height=36
2025-10-09T05:31:22Z Saw new cmpctblock header hash=075261a19603049c01ccf564aa74402d1cf5e839887381ad6bc3de5ce55b6a44 peer=0
2025-10-09T05:31:22Z UpdateTip: new best=075261a19603049c01ccf564aa74402d1cf5e839887381ad6bc3de5ce55b6a44 height=36 version=0x20000000 log2_work=6.209453 tx=37 date='2025-10-09T05:31:29Z' progress=1.000000 cache=0.3MiB(36txo)
2025-10-09T05:31:22Z Saw new header hash=0ce9f7211e2a87f88192f5e26d9a55c9b0a4b3d7bcd1cbb291944b43f81a3e65 height=37
2025-10-09T05:31:22Z Saw new cmpctblock header hash=0ce9f7211e2a87f88192f5e26d9a55c9b0a4b3d7bcd1cbb291944b43f81a3e65 peer=0
2025-10-09T05:31:22Z UpdateTip: new best=0ce9f7211e2a87f88192f5e26d9a55c9b0a4b3d7bcd1cbb291944b43f81a3e65 height=37 version=0x20000000 log2_work=6.247928 tx=38 date='2025-10-09T05:31:29Z' progress=1.000000 cache=0.3MiB(37txo)
2025-10-09T05:31:22Z Saw new header hash=064005969849a29f311c2811da0c3648db1d7023ec07c89e9cba37cfd73f8ad9 height=38
2025-10-09T05:31:22Z Saw new cmpctblock header hash=064005969849a29f311c2811da0c3648db1d7023ec07c89e9cba37cfd73f8ad9 peer=0
2025-10-09T05:31:22Z UpdateTip: new best=064005969849a29f311c2811da0c3648db1d7023ec07c89e9cba37cfd73f8ad9 height=38 version=0x20000000 log2_work=6.285402 tx=39 date='2025-10-09T05:31:30Z' progress=1.000000 cache=0.3MiB(38txo)
2025-10-09T05:31:22Z Saw new header hash=343784f3bfd1ecf96f15cfa11e7c4e3a9e165835f0936c339380e0dc8a62eda8 height=39
2025-10-09T05:31:22Z Saw new cmpctblock header hash=343784f3bfd1ecf96f15cfa11e7c4e3a9e165835f0936c339380e0dc8a62eda8 peer=0
2025-10-09T05:31:22Z UpdateTip: new best=343784f3bfd1ecf96f15cfa11e7c4e3a9e165835f0936c339380e0dc8a62eda8 height=39 version=0x20000000 log2_work=6.321928 tx=40 date='2025-10-09T05:31:30Z' progress=1.000000 cache=0.3MiB(39txo)
2025-10-09T05:31:22Z Saw new header hash=50bc522086b21a2f4acdacb59191ecb4a72fde5b3e36cbcb92826e6cd888f595 height=40
2025-10-09T05:31:22Z Saw new cmpctblock header hash=50bc522086b21a2f4acdacb59191ecb4a72fde5b3e36cbcb92826e6cd888f595 peer=0
2025-10-09T05:31:22Z UpdateTip: new best=50bc522086b21a2f4acdacb59191ecb4a72fde5b3e36cbcb92826e6cd888f595 height=40 version=0x20000000 log2_work=6.357552 tx=41 date='2025-10-09T05:31:30Z' progress=1.000000 cache=0.3MiB(40txo)
2025-10-09T05:31:22Z Saw new header hash=0f72b981c6af43f9fa70b885b202e0d9d359b1726d81b163537f1f96d1841e75 height=41
2025-10-09T05:31:22Z Saw new cmpctblock header hash=0f72b981c6af43f9fa70b885b202e0d9d359b1726d81b163537f1f96d1841e75 peer=0
2025-10-09T05:31:22Z UpdateTip: new best=0f72b981c6af43f9fa70b885b202e0d9d359b1726d81b163537f1f96d1841e75 height=41 version=0x20000000 log2_work=6.392317 tx=42 date='2025-10-09T05:31:30Z' progress=1.000000 cache=0.3MiB(41txo)
2025-10-09T05:31:22Z Saw new header hash=65369a018a20160c986a9ce510753bf6b61a42634a926fa3b58aab141c8697b5 height=42
2025-10-09T05:31:22Z Saw new cmpctblock header hash=65369a018a20160c986a9ce510753bf6b61a42634a926fa3b58aab141c8697b5 peer=0
2025-10-09T05:31:22Z UpdateTip: new best=65369a018a20160c986a9ce510753bf6b61a42634a926fa3b58aab141c8697b5 height=42 version=0x20000000 log2_work=6.426265 tx=43 date='2025-10-09T05:31:30Z' progress=1.000000 cache=0.3MiB(42txo)
2025-10-09T05:31:22Z Saw new header hash=4bfb0c5f4e187221326c3495db052c54c46788edfb3c60c86ff154bfc453547e height=43
2025-10-09T05:31:22Z Saw new cmpctblock header hash=4bfb0c5f4e187221326c3495db052c54c46788edfb3c60c86ff154bfc453547e peer=2
2025-10-09T05:31:22Z UpdateTip: new best=4bfb0c5f4e187221326c3495db052c54c46788edfb3c60c86ff154bfc453547e height=43 version=0x20000000 log2_work=6.459432 tx=44 date='2025-10-09T05:31:30Z' progress=1.000000 cache=0.3MiB(43txo)
2025-10-09T05:31:22Z Saw new header hash=16d48894967a6763fcf44732ca6ca41acd705cbed99a44a16cab266d031e989d height=44
2025-10-09T05:31:22Z Saw new cmpctblock header hash=16d48894967a6763fcf44732ca6ca41acd705cbed99a44a16cab266d031e989d peer=0
2025-10-09T05:31:22Z UpdateTip: new best=16d48894967a6763fcf44732ca6ca41acd705cbed99a44a16cab266d031e989d height=44 version=0x20000000 log2_work=6.491853 tx=45 date='2025-10-09T05:31:31Z' progress=1.000000 cache=0.3MiB(44txo)
2025-10-09T05:31:22Z Saw new header hash=20e85adc666fa656f8e431f47d4b5670d46c9086484594523b512132813de061 height=45
2025-10-09T05:31:22Z Saw new cmpctblock header hash=20e85adc666fa656f8e431f47d4b5670d46c9086484594523b512132813de061 peer=2
2025-10-09T05:31:22Z UpdateTip: new best=20e85adc666fa656f8e431f47d4b5670d46c9086484594523b512132813de061 height=45 version=0x20000000 log2_work=6.523562 tx=46 date='2025-10-09T05:31:31Z' progress=1.000000 cache=0.3MiB(45txo)
2025-10-09T05:31:22Z Saw new header hash=21db64ed7d4a961e4dbf9bed572833a40a19a6675b8217f73ca61330c192ae10 height=46
2025-10-09T05:31:22Z Saw new cmpctblock header hash=21db64ed7d4a961e4dbf9bed572833a40a19a6675b8217f73ca61330c192ae10 peer=0
2025-10-09T05:31:22Z UpdateTip: new best=21db64ed7d4a961e4dbf9bed572833a40a19a6675b8217f73ca61330c192ae10 height=46 version=0x20000000 log2_work=6.554589 tx=47 date='2025-10-09T05:31:31Z' progress=1.000000 cache=0.3MiB(46txo)
2025-10-09T05:31:22Z Saw new header hash=3a850aff41cae26e6e8bfd597b96b3cf2b032ff6cf866ba7f4aec3b26d07711c height=47
2025-10-09T05:31:22Z Saw new cmpctblock header hash=3a850aff41cae26e6e8bfd597b96b3cf2b032ff6cf866ba7f4aec3b26d07711c peer=0
2025-10-09T05:31:22Z UpdateTip: new best=3a850aff41cae26e6e8bfd597b96b3cf2b032ff6cf866ba7f4aec3b26d07711c height=47 version=0x20000000 log2_work=6.584963 tx=48 date='2025-10-09T05:31:31Z' progress=1.000000 cache=0.3MiB(47txo)
2025-10-09T05:31:22Z Saw new header hash=3333e845b1893115e241d91e9d3139b5b1a73caf1913554c503dc851690c3bf9 height=48
2025-10-09T05:31:22Z Saw new cmpctblock header hash=3333e845b1893115e241d91e9d3139b5b1a73caf1913554c503dc851690c3bf9 peer=2
2025-10-09T05:31:22Z UpdateTip: new best=3333e845b1893115e241d91e9d3139b5b1a73caf1913554c503dc851690c3bf9 height=48 version=0x20000000 log2_work=6.614710 tx=49 date='2025-10-09T05:31:31Z' progress=1.000000 cache=0.3MiB(48txo)
2025-10-09T05:31:22Z Saw new header hash=6e02f330b916d5bbe7c24c875abf0c2e100e9eaa81b9bbe479d78f738fbae3df height=49
2025-10-09T05:31:22Z Saw new cmpctblock header hash=6e02f330b916d5bbe7c24c875abf0c2e100e9eaa81b9bbe479d78f738fbae3df peer=0
2025-10-09T05:31:22Z UpdateTip: new best=6e02f330b916d5bbe7c24c875abf0c2e100e9eaa81b9bbe479d78f738fbae3df height=49 version=0x20000000 log2_work=6.643856 tx=50 date='2025-10-09T05:31:31Z' progress=1.000000 cache=0.3MiB(49txo)
2025-10-09T05:31:22Z Saw new header hash=5670a6161c28dce784427ec8dc06be217c2f612842c7a2fcbe3e134cddacff0f height=50
2025-10-09T05:31:22Z Saw new cmpctblock header hash=5670a6161c28dce784427ec8dc06be217c2f612842c7a2fcbe3e134cddacff0f peer=0
2025-10-09T05:31:22Z UpdateTip: new best=5670a6161c28dce784427ec8dc06be217c2f612842c7a2fcbe3e134cddacff0f height=50 version=0x20000000 log2_work=6.672425 tx=51 date='2025-10-09T05:31:32Z' progress=1.000000 cache=0.3MiB(50txo)
2025-10-09T05:31:22Z Saw new header hash=27841c8b847906a65566dcb5dc8e58297c25ab319907fb4391ea8ac0bbad32e4 height=51
2025-10-09T05:31:22Z Saw new cmpctblock header hash=27841c8b847906a65566dcb5dc8e58297c25ab319907fb4391ea8ac0bbad32e4 peer=2
2025-10-09T05:31:22Z UpdateTip: new best=27841c8b847906a65566dcb5dc8e58297c25ab319907fb4391ea8ac0bbad32e4 height=51 version=0x20000000 log2_work=6.700440 tx=52 date='2025-10-09T05:31:32Z' progress=1.000000 cache=0.3MiB(51txo)
2025-10-09T05:31:22Z Saw new header hash=4c87b32619d1dccc810e754c3e5f1e18726a5a6798682ba3dbe0516502965cfd height=52
2025-10-09T05:31:22Z Saw new cmpctblock header hash=4c87b32619d1dccc810e754c3e5f1e18726a5a6798682ba3dbe0516502965cfd peer=2
2025-10-09T05:31:22Z UpdateTip: new best=4c87b32619d1dccc810e754c3e5f1e18726a5a6798682ba3dbe0516502965cfd height=52 version=0x20000000 log2_work=6.727920 tx=53 date='2025-10-09T05:31:32Z' progress=1.000000 cache=0.3MiB(52txo)
2025-10-09T05:31:23Z Saw new header hash=2e890aa156ba310a62b76d836524d7c34e2626712ded36304f1082c577cd7aeb height=53
2025-10-09T05:31:23Z Saw new cmpctblock header hash=2e890aa156ba310a62b76d836524d7c34e2626712ded36304f1082c577cd7aeb peer=0
2025-10-09T05:31:23Z UpdateTip: new best=2e890aa156ba310a62b76d836524d7c34e2626712ded36304f1082c577cd7aeb height=53 version=0x20000000 log2_work=6.754888 tx=54 date='2025-10-09T05:31:32Z' progress=1.000000 cache=0.3MiB(53txo)
2025-10-09T05:31:23Z Saw new header hash=47ca5032f27f680d9df3e49572b8c5e239108478cdab38c41f3a216db76f3afd height=54
2025-10-09T05:31:23Z Saw new cmpctblock header hash=47ca5032f27f680d9df3e49572b8c5e239108478cdab38c41f3a216db76f3afd peer=0
2025-10-09T05:31:23Z UpdateTip: new best=47ca5032f27f680d9df3e49572b8c5e239108478cdab38c41f3a216db76f3afd height=54 version=0x20000000 log2_work=6.781360 tx=55 date='2025-10-09T05:31:32Z' progress=1.000000 cache=0.3MiB(54txo)
2025-10-09T05:31:23Z Saw new header hash=3adaffd1d479336e21f9fdf06fca71fa5d55f4652e54f178a692e5c0780bd6b1 height=55
2025-10-09T05:31:23Z Saw new cmpctblock header hash=3adaffd1d479336e21f9fdf06fca71fa5d55f4652e54f178a692e5c0780bd6b1 peer=2
2025-10-09T05:31:23Z UpdateTip: new best=3adaffd1d479336e21f9fdf06fca71fa5d55f4652e54f178a692e5c0780bd6b1 height=55 version=0x20000000 log2_work=6.807355 tx=56 date='2025-10-09T05:31:32Z' progress=1.000000 cache=0.3MiB(55txo)
2025-10-09T05:31:23Z Saw new header hash=1c94e6fb7564d1462edaed695a92c2f25abe8e438bcb4adfb8498bc927d9b776 height=56
2025-10-09T05:31:23Z Saw new cmpctblock header hash=1c94e6fb7564d1462edaed695a92c2f25abe8e438bcb4adfb8498bc927d9b776 peer=2
2025-10-09T05:31:23Z UpdateTip: new best=1c94e6fb7564d1462edaed695a92c2f25abe8e438bcb4adfb8498bc927d9b776 height=56 version=0x20000000 log2_work=6.832890 tx=57 date='2025-10-09T05:31:33Z' progress=1.000000 cache=0.3MiB(56txo)
2025-10-09T05:31:23Z Saw new header hash=2785052ce84024718f5dd8ea4842789bc684089aef02629009e09123497a5a35 height=57
2025-10-09T05:31:23Z Saw new cmpctblock header hash=2785052ce84024718f5dd8ea4842789bc684089aef02629009e09123497a5a35 peer=0
2025-10-09T05:31:23Z UpdateTip: new best=2785052ce84024718f5dd8ea4842789bc684089aef02629009e09123497a5a35 height=57 version=0x20000000 log2_work=6.857981 tx=58 date='2025-10-09T05:31:33Z' progress=1.000000 cache=0.3MiB(57txo)
2025-10-09T05:31:23Z Saw new header hash=62e0c82be2851f4c20130b06dbf99ee57070bfeb9c4e0bd8f0e259adef7dbb89 height=58
2025-10-09T05:31:23Z Saw new cmpctblock header hash=62e0c82be2851f4c20130b06dbf99ee57070bfeb9c4e0bd8f0e259adef7dbb89 peer=0
2025-10-09T05:31:23Z UpdateTip: new best=62e0c82be2851f4c20130b06dbf99ee57070bfeb9c4e0bd8f0e259adef7dbb89 height=58 version=0x20000000 log2_work=6.882643 tx=59 date='2025-10-09T05:31:33Z' progress=1.000000 cache=0.3MiB(58txo)
2025-10-09T05:31:23Z Saw new header hash=05f516e0acf6ea096d538dea9107f53de3321d85d4cd8032b136d8997e6c9bab height=59
2025-10-09T05:31:23Z Saw new cmpctblock header hash=05f516e0acf6ea096d538dea9107f53de3321d85d4cd8032b136d8997e6c9bab peer=2
2025-10-09T05:31:23Z UpdateTip: new best=05f516e0acf6ea096d538dea9107f53de3321d85d4cd8032b136d8997e6c9bab height=59 version=0x20000000 log2_work=6.906891 tx=60 date='2025-10-09T05:31:33Z' progress=1.000000 cache=0.3MiB(59txo)
2025-10-09T05:31:23Z Saw new header hash=3da55673590873c05a4d685ad1764917e4a6d0f1e3f6f0e33f8083654b31e21b height=60
2025-10-09T05:31:23Z Saw new cmpctblock header hash=3da55673590873c05a4d685ad1764917e4a6d0f1e3f6f0e33f8083654b31e21b peer=0
2025-10-09T05:31:23Z UpdateTip: new best=3da55673590873c05a4d685ad1764917e4a6d0f1e3f6f0e33f8083654b31e21b height=60 version=0x20000000 log2_work=6.930737 tx=61 date='2025-10-09T05:31:33Z' progress=1.000000 cache=0.3MiB(60txo)
2025-10-09T05:31:23Z Saw new header hash=414bcd517cdc8f4c4ada3eb379f5065d1cbc8d7ea65b1d3d0a7a72664d02c850 height=61
2025-10-09T05:31:23Z Saw new cmpctblock header hash=414bcd517cdc8f4c4ada3eb379f5065d1cbc8d7ea65b1d3d0a7a72664d02c850 peer=0
2025-10-09T05:31:23Z UpdateTip: new best=414bcd517cdc8f4c4ada3eb379f5065d1cbc8d7ea65b1d3d0a7a72664d02c850 height=61 version=0x20000000 log2_work=6.954196 tx=62 date='2025-10-09T05:31:33Z' progress=1.000000 cache=0.3MiB(61txo)
2025-10-09T05:31:23Z Saw new header hash=5528860d3c0d54caff486e51d94a3f3b2de4fa9d8b581b7380ebcecbcf231f72 height=62
2025-10-09T05:31:23Z Saw new cmpctblock header hash=5528860d3c0d54caff486e51d94a3f3b2de4fa9d8b581b7380ebcecbcf231f72 peer=2
2025-10-09T05:31:23Z UpdateTip: new best=5528860d3c0d54caff486e51d94a3f3b2de4fa9d8b581b7380ebcecbcf231f72 height=62 version=0x20000000 log2_work=6.977280 tx=63 date='2025-10-09T05:31:34Z' progress=1.000000 cache=0.3MiB(62txo)
2025-10-09T05:31:23Z Saw new header hash=3b43486b63452ca0d925f8ba54de13d319a2401a078792ea7821a4198d1f552a height=63
2025-10-09T05:31:23Z Saw new cmpctblock header hash=3b43486b63452ca0d925f8ba54de13d319a2401a078792ea7821a4198d1f552a peer=2
2025-10-09T05:31:23Z UpdateTip: new best=3b43486b63452ca0d925f8ba54de13d319a2401a078792ea7821a4198d1f552a height=63 version=0x20000000 log2_work=7.000000 tx=64 date='2025-10-09T05:31:34Z' progress=1.000000 cache=0.3MiB(63txo)
2025-10-09T05:31:23Z Saw new header hash=298a884805598cb8894a573b03cabbabbee2717603ad1fe3aa7738f1fd0d1d6f height=64
2025-10-09T05:31:23Z Saw new cmpctblock header hash=298a884805598cb8894a573b03cabbabbee2717603ad1fe3aa7738f1fd0d1d6f peer=0
2025-10-09T05:31:23Z UpdateTip: new best=298a884805598cb8894a573b03cabbabbee2717603ad1fe3aa7738f1fd0d1d6f height=64 version=0x20000000 log2_work=7.022368 tx=65 date='2025-10-09T05:31:34Z' progress=1.000000 cache=0.3MiB(64txo)
2025-10-09T05:31:23Z Saw new header hash=008b1ff0769d84161cf96a403e9e5cc3dba7b9bfe2441031eba4209f43c4cfcf height=65
2025-10-09T05:31:23Z Saw new cmpctblock header hash=008b1ff0769d84161cf96a403e9e5cc3dba7b9bfe2441031eba4209f43c4cfcf peer=0
2025-10-09T05:31:23Z UpdateTip: new best=008b1ff0769d84161cf96a403e9e5cc3dba7b9bfe2441031eba4209f43c4cfcf height=65 version=0x20000000 log2_work=7.044394 tx=66 date='2025-10-09T05:31:34Z' progress=1.000000 cache=0.3MiB(65txo)
2025-10-09T05:31:23Z Saw new header hash=23ce1b3ce5e2399ee72eef695504ecd64bb05fcfc2f3e4c880c94e7829bff166 height=66
2025-10-09T05:31:23Z Saw new cmpctblock header hash=23ce1b3ce5e2399ee72eef695504ecd64bb05fcfc2f3e4c880c94e7829bff166 peer=2
2025-10-09T05:31:23Z UpdateTip: new best=23ce1b3ce5e2399ee72eef695504ecd64bb05fcfc2f3e4c880c94e7829bff166 height=66 version=0x20000000 log2_work=7.066089 tx=67 date='2025-10-09T05:31:34Z' progress=1.000000 cache=0.3MiB(66txo)
2025-10-09T05:31:23Z Saw new header hash=59642f6794037c564bc58b88d44f6d20a1c68a2c38c46e7aeddc55d2d14bd736 height=67
2025-10-09T05:31:23Z Saw new cmpctblock header hash=59642f6794037c564bc58b88d44f6d20a1c68a2c38c46e7aeddc55d2d14bd736 peer=0
2025-10-09T05:31:23Z UpdateTip: new best=59642f6794037c564bc58b88d44f6d20a1c68a2c38c46e7aeddc55d2d14bd736 height=67 version=0x20000000 log2_work=7.087463 tx=68 date='2025-10-09T05:31:34Z' progress=1.000000 cache=0.3MiB(67txo)
2025-10-09T05:31:23Z Saw new header hash=33192116ef18e219713e710dca1a8b9d95f09854e0d29d1847778d171fae7f07 height=68
2025-10-09T05:31:23Z Saw new cmpctblock header hash=33192116ef18e219713e710dca1a8b9d95f09854e0d29d1847778d171fae7f07 peer=2
2025-10-09T05:31:23Z UpdateTip: new best=33192116ef18e219713e710dca1a8b9d95f09854e0d29d1847778d171fae7f07 height=68 version=0x20000000 log2_work=7.108524 tx=69 date='2025-10-09T05:31:35Z' progress=1.000000 cache=0.3MiB(68txo)
2025-10-09T05:31:23Z Saw new header hash=578c5f54e221ccf469a3eb277719b84241af0c8ea133cf30ef8f1bfce825a42b height=69
2025-10-09T05:31:23Z Saw new cmpctblock header hash=578c5f54e221ccf469a3eb277719b84241af0c8ea133cf30ef8f1bfce825a42b peer=2
2025-10-09T05:31:23Z UpdateTip: new best=578c5f54e221ccf469a3eb277719b84241af0c8ea133cf30ef8f1bfce825a42b height=69 version=0x20000000 log2_work=7.129283 tx=70 date='2025-10-09T05:31:35Z' progress=1.000000 cache=0.3MiB(69txo)
2025-10-09T05:31:23Z Saw new header hash=4535ee93f2435e5cd706a41604818bf87eb63c8c2d042ae653ba74dc4ff0a76a height=70
2025-10-09T05:31:23Z Saw new cmpctblock header hash=4535ee93f2435e5cd706a41604818bf87eb63c8c2d042ae653ba74dc4ff0a76a peer=0
2025-10-09T05:31:23Z UpdateTip: new best=4535ee93f2435e5cd706a41604818bf87eb63c8c2d042ae653ba74dc4ff0a76a height=70 version=0x20000000 log2_work=7.149747 tx=71 date='2025-10-09T05:31:35Z' progress=1.000000 cache=0.3MiB(70txo)
2025-10-09T05:31:23Z Saw new header hash=4a0135e026a55884a52775fc5be545f1c35d50b1f137066bd3a53967c3c25d11 height=71
2025-10-09T05:31:23Z Saw new cmpctblock header hash=4a0135e026a55884a52775fc5be545f1c35d50b1f137066bd3a53967c3c25d11 peer=0
2025-10-09T05:31:23Z UpdateTip: new best=4a0135e026a55884a52775fc5be545f1c35d50b1f137066bd3a53967c3c25d11 height=71 version=0x20000000 log2_work=7.169925 tx=72 date='2025-10-09T05:31:35Z' progress=1.000000 cache=0.3MiB(71txo)
2025-10-09T05:31:23Z Saw new header hash=2e7ac570af3ffb10b276841c1a07725be835d96d3837a433890660b624184542 height=72
2025-10-09T05:31:23Z Saw new cmpctblock header hash=2e7ac570af3ffb10b276841c1a07725be835d96d3837a433890660b624184542 peer=2
2025-10-09T05:31:23Z UpdateTip: new best=2e7ac570af3ffb10b276841c1a07725be835d96d3837a433890660b624184542 height=72 version=0x20000000 log2_work=7.189825 tx=73 date='2025-10-09T05:31:35Z' progress=1.000000 cache=0.3MiB(72txo)
2025-10-09T05:31:23Z Saw new header hash=76e13648108f91a4e04f9898b00d7b24d99010d7ac28e20a42756b2b9f42b143 height=73
2025-10-09T05:31:23Z Saw new cmpctblock header hash=76e13648108f91a4e04f9898b00d7b24d99010d7ac28e20a42756b2b9f42b143 peer=2
2025-10-09T05:31:23Z UpdateTip: new best=76e13648108f91a4e04f9898b00d7b24d99010d7ac28e20a42756b2b9f42b143 height=73 version=0x20000000 log2_work=7.209453 tx=74 date='2025-10-09T05:31:35Z' progress=1.000000 cache=0.3MiB(73txo)
2025-10-09T05:31:23Z Saw new header hash=2e984ce1bebe6cb948d9383629fd474daafc14fb8f2f783e01d6183f4a21e09e height=74
2025-10-09T05:31:23Z Saw new cmpctblock header hash=2e984ce1bebe6cb948d9383629fd474daafc14fb8f2f783e01d6183f4a21e09e peer=0
2025-10-09T05:31:23Z UpdateTip: new best=2e984ce1bebe6cb948d9383629fd474daafc14fb8f2f783e01d6183f4a21e09e height=74 version=0x20000000 log2_work=7.228819 tx=75 date='2025-10-09T05:31:36Z' progress=1.000000 cache=0.3MiB(74txo)
2025-10-09T05:31:23Z Saw new header hash=5bc624c786e887ccf0e2f33be0d8f426ed70793a817b191aee7a0758d8fec4a0 height=75
2025-10-09T05:31:23Z Saw new cmpctblock header hash=5bc624c786e887ccf0e2f33be0d8f426ed70793a817b191aee7a0758d8fec4a0 peer=2
2025-10-09T05:31:23Z UpdateTip: new best=5bc624c786e887ccf0e2f33be0d8f426ed70793a817b191aee7a0758d8fec4a0 height=75 version=0x20000000 log2_work=7.247928 tx=76 date='2025-10-09T05:31:36Z' progress=1.000000 cache=0.3MiB(75txo)
2025-10-09T05:31:23Z Saw new header hash=219d934252a6fd9ec89853c9f4c4964a4040f5088e3d9a3cedf91ff92c7049b1 height=76
2025-10-09T05:31:23Z Saw new cmpctblock header hash=219d934252a6fd9ec89853c9f4c4964a4040f5088e3d9a3cedf91ff92c7049b1 peer=2
2025-10-09T05:31:23Z UpdateTip: new best=219d934252a6fd9ec89853c9f4c4964a4040f5088e3d9a3cedf91ff92c7049b1 height=76 version=0x20000000 log2_work=7.266787 tx=77 date='2025-10-09T05:31:36Z' progress=1.000000 cache=0.3MiB(76txo)
2025-10-09T05:31:23Z Saw new header hash=4a8626b56cb7a03d492b9bd343580e321b7bbca18bc64dca1484809d8e0e1ce3 height=77
2025-10-09T05:31:23Z Saw new cmpctblock header hash=4a8626b56cb7a03d492b9bd343580e321b7bbca18bc64dca1484809d8e0e1ce3 peer=0
2025-10-09T05:31:23Z UpdateTip: new best=4a8626b56cb7a03d492b9bd343580e321b7bbca18bc64dca1484809d8e0e1ce3 height=77 version=0x20000000 log2_work=7.285402 tx=78 date='2025-10-09T05:31:36Z' progress=1.000000 cache=0.3MiB(77txo)
2025-10-09T05:31:23Z Saw new header hash=6a310f4c66fae2d6e5f1c5b4e2545d24b780731034565bab73a73e208b4257d6 height=78
2025-10-09T05:31:23Z Saw new cmpctblock header hash=6a310f4c66fae2d6e5f1c5b4e2545d24b780731034565bab73a73e208b4257d6 peer=0
2025-10-09T05:31:23Z UpdateTip: new best=6a310f4c66fae2d6e5f1c5b4e2545d24b780731034565bab73a73e208b4257d6 height=78 version=0x20000000 log2_work=7.303781 tx=79 date='2025-10-09T05:31:36Z' progress=1.000000 cache=0.3MiB(78txo)
2025-10-09T05:31:23Z Saw new header hash=3d6d480cb307584604eb690ad3fd567c9b8c86fa323dc0946d65c8564ece650a height=79
2025-10-09T05:31:23Z Saw new cmpctblock header hash=3d6d480cb307584604eb690ad3fd567c9b8c86fa323dc0946d65c8564ece650a peer=0
2025-10-09T05:31:23Z UpdateTip: new best=3d6d480cb307584604eb690ad3fd567c9b8c86fa323dc0946d65c8564ece650a height=79 version=0x20000000 log2_work=7.321928 tx=80 date='2025-10-09T05:31:36Z' progress=1.000000 cache=0.3MiB(79txo)
2025-10-09T05:31:23Z Saw new header hash=2bbc8cfb0480e5cde1f6d5d58315815a56b5ec637e4352fd042e34d2404edbf8 height=80
2025-10-09T05:31:23Z Saw new cmpctblock header hash=2bbc8cfb0480e5cde1f6d5d58315815a56b5ec637e4352fd042e34d2404edbf8 peer=0
2025-10-09T05:31:23Z UpdateTip: new best=2bbc8cfb0480e5cde1f6d5d58315815a56b5ec637e4352fd042e34d2404edbf8 height=80 version=0x20000000 log2_work=7.339850 tx=81 date='2025-10-09T05:31:37Z' progress=1.000000 cache=0.3MiB(80txo)
2025-10-09T05:31:23Z Saw new header hash=4a8a0c73de1598f25089854adba5a6b3b4288453fc1d3dfc18d4aaeec0760cb2 height=81
2025-10-09T05:31:23Z Saw new cmpctblock header hash=4a8a0c73de1598f25089854adba5a6b3b4288453fc1d3dfc18d4aaeec0760cb2 peer=0
2025-10-09T05:31:23Z UpdateTip: new best=4a8a0c73de1598f25089854adba5a6b3b4288453fc1d3dfc18d4aaeec0760cb2 height=81 version=0x20000000 log2_work=7.357552 tx=82 date='2025-10-09T05:31:37Z' progress=1.000000 cache=0.3MiB(81txo)
2025-10-09T05:31:23Z Saw new header hash=2d040b9626aad3550e0934781bd3093bce83cee049933b27dc470d46aef71cc4 height=82
2025-10-09T05:31:23Z Saw new cmpctblock header hash=2d040b9626aad3550e0934781bd3093bce83cee049933b27dc470d46aef71cc4 peer=0
2025-10-09T05:31:23Z UpdateTip: new best=2d040b9626aad3550e0934781bd3093bce83cee049933b27dc470d46aef71cc4 height=82 version=0x20000000 log2_work=7.375039 tx=83 date='2025-10-09T05:31:37Z' progress=1.000000 cache=0.3MiB(82txo)
2025-10-09T05:31:23Z Saw new header hash=2b016c79f6816d0b5b360247d0895cee063eec5b6fb2bf66e3505bde959a54b1 height=83
2025-10-09T05:31:23Z Saw new cmpctblock header hash=2b016c79f6816d0b5b360247d0895cee063eec5b6fb2bf66e3505bde959a54b1 peer=2
2025-10-09T05:31:23Z UpdateTip: new best=2b016c79f6816d0b5b360247d0895cee063eec5b6fb2bf66e3505bde959a54b1 height=83 version=0x20000000 log2_work=7.392317 tx=84 date='2025-10-09T05:31:37Z' progress=1.000000 cache=0.3MiB(83txo)
2025-10-09T05:31:23Z Saw new header hash=3d5f939e1787194bf6f388f0b894212225933613098f5832a46dd6b604ba68e5 height=84
2025-10-09T05:31:23Z Saw new cmpctblock header hash=3d5f939e1787194bf6f388f0b894212225933613098f5832a46dd6b604ba68e5 peer=2
2025-10-09T05:31:23Z UpdateTip: new best=3d5f939e1787194bf6f388f0b894212225933613098f5832a46dd6b604ba68e5 height=84 version=0x20000000 log2_work=7.409391 tx=85 date='2025-10-09T05:31:37Z' progress=1.000000 cache=0.3MiB(84txo)
2025-10-09T05:31:23Z Saw new header hash=361acc9f043846aefab6f1069684a40b9a0ff85a72a6e86fcda1c59c65c699f1 height=85
2025-10-09T05:31:23Z Saw new cmpctblock header hash=361acc9f043846aefab6f1069684a40b9a0ff85a72a6e86fcda1c59c65c699f1 peer=2
2025-10-09T05:31:23Z UpdateTip: new best=361acc9f043846aefab6f1069684a40b9a0ff85a72a6e86fcda1c59c65c699f1 height=85 version=0x20000000 log2_work=7.426265 tx=86 date='2025-10-09T05:31:37Z' progress=1.000000 cache=0.3MiB(85txo)
2025-10-09T05:31:23Z Saw new header hash=7c84e3285f580d82b6b40842c6f005fde17d3d5babc7246d5755b1486d06160e height=86
2025-10-09T05:31:23Z Saw new cmpctblock header hash=7c84e3285f580d82b6b40842c6f005fde17d3d5babc7246d5755b1486d06160e peer=2
2025-10-09T05:31:23Z UpdateTip: new best=7c84e3285f580d82b6b40842c6f005fde17d3d5babc7246d5755b1486d06160e height=86 version=0x20000000 log2_work=7.442943 tx=87 date='2025-10-09T05:31:38Z' progress=1.000000 cache=0.3MiB(86txo)
2025-10-09T05:31:23Z Saw new header hash=021e5a7cee9158899f57a1ac82a78980da7e9133bfa9029feab3c698c5c50584 height=87
2025-10-09T05:31:23Z Saw new cmpctblock header hash=021e5a7cee9158899f57a1ac82a78980da7e9133bfa9029feab3c698c5c50584 peer=0
2025-10-09T05:31:23Z UpdateTip: new best=021e5a7cee9158899f57a1ac82a78980da7e9133bfa9029feab3c698c5c50584 height=87 version=0x20000000 log2_work=7.459432 tx=88 date='2025-10-09T05:31:38Z' progress=1.000000 cache=0.3MiB(87txo)
2025-10-09T05:31:23Z Saw new header hash=640e7b3bfb6b090158c04b5a2bc64e8ac3e1a767c5b9fc3e8186066e5d6c37a9 height=88
2025-10-09T05:31:23Z Saw new cmpctblock header hash=640e7b3bfb6b090158c04b5a2bc64e8ac3e1a767c5b9fc3e8186066e5d6c37a9 peer=2
2025-10-09T05:31:23Z UpdateTip: new best=640e7b3bfb6b090158c04b5a2bc64e8ac3e1a767c5b9fc3e8186066e5d6c37a9 height=88 version=0x20000000 log2_work=7.475733 tx=89 date='2025-10-09T05:31:38Z' progress=1.000000 cache=0.3MiB(88txo)
2025-10-09T05:31:23Z Saw new header hash=0cead510ad6af6a8e5f01eaac7ed5aebf35b4290bfdba709fef9a12642393a61 height=89
2025-10-09T05:31:23Z Saw new cmpctblock header hash=0cead510ad6af6a8e5f01eaac7ed5aebf35b4290bfdba709fef9a12642393a61 peer=2
2025-10-09T05:31:23Z UpdateTip: new best=0cead510ad6af6a8e5f01eaac7ed5aebf35b4290bfdba709fef9a12642393a61 height=89 version=0x20000000 log2_work=7.491853 tx=90 date='2025-10-09T05:31:38Z' progress=1.000000 cache=0.3MiB(89txo)
2025-10-09T05:31:23Z Saw new header hash=22affa64a05f4380c1e360b79ad1f2dd9505bea9eaf0daa450daafab439de649 height=90
2025-10-09T05:31:23Z Saw new cmpctblock header hash=22affa64a05f4380c1e360b79ad1f2dd9505bea9eaf0daa450daafab439de649 peer=0
2025-10-09T05:31:23Z UpdateTip: new best=22affa64a05f4380c1e360b79ad1f2dd9505bea9eaf0daa450daafab439de649 height=90 version=0x20000000 log2_work=7.507795 tx=91 date='2025-10-09T05:31:38Z' progress=1.000000 cache=0.3MiB(90txo)
2025-10-09T05:31:23Z Saw new header hash=227ef5d9b52126937523d74da5b1a79e4a641a45df79aa8aa00cc9d2d436bd19 height=91
2025-10-09T05:31:23Z Saw new cmpctblock header hash=227ef5d9b52126937523d74da5b1a79e4a641a45df79aa8aa00cc9d2d436bd19 peer=2
2025-10-09T05:31:23Z UpdateTip: new best=227ef5d9b52126937523d74da5b1a79e4a641a45df79aa8aa00cc9d2d436bd19 height=91 version=0x20000000 log2_work=7.523562 tx=92 date='2025-10-09T05:31:38Z' progress=1.000000 cache=0.3MiB(91txo)
2025-10-09T05:31:23Z Saw new header hash=38f3cf0b3522b92dd504064a8d907ec0f14a12d303e3c4c4f8359b187ccf35a9 height=92
2025-10-09T05:31:23Z Saw new cmpctblock header hash=38f3cf0b3522b92dd504064a8d907ec0f14a12d303e3c4c4f8359b187ccf35a9 peer=2
2025-10-09T05:31:23Z UpdateTip: new best=38f3cf0b3522b92dd504064a8d907ec0f14a12d303e3c4c4f8359b187ccf35a9 height=92 version=0x20000000 log2_work=7.539159 tx=93 date='2025-10-09T05:31:39Z' progress=1.000000 cache=0.3MiB(92txo)
2025-10-09T05:31:23Z Saw new header hash=40e6738efdc1d4dfec5124542ddcf61a0de1f44a71a97f6fd5536db19bb58e28 height=93
2025-10-09T05:31:23Z Saw new cmpctblock header hash=40e6738efdc1d4dfec5124542ddcf61a0de1f44a71a97f6fd5536db19bb58e28 peer=0
2025-10-09T05:31:23Z UpdateTip: new best=40e6738efdc1d4dfec5124542ddcf61a0de1f44a71a97f6fd5536db19bb58e28 height=93 version=0x20000000 log2_work=7.554589 tx=94 date='2025-10-09T05:31:39Z' progress=1.000000 cache=0.3MiB(93txo)
2025-10-09T05:31:23Z Saw new header hash=2b58a8074e7ccdea08f0620d85a6625bb92fde124338f6a05c6eef72a5f74193 height=94
2025-10-09T05:31:23Z Saw new cmpctblock header hash=2b58a8074e7ccdea08f0620d85a6625bb92fde124338f6a05c6eef72a5f74193 peer=0
2025-10-09T05:31:23Z UpdateTip: new best=2b58a8074e7ccdea08f0620d85a6625bb92fde124338f6a05c6eef72a5f74193 height=94 version=0x20000000 log2_work=7.569856 tx=95 date='2025-10-09T05:31:39Z' progress=1.000000 cache=0.3MiB(94txo)
2025-10-09T05:31:23Z Saw new header hash=49c838d04b1f12301e4fc5f617542aac268578a523b2197a47eeadf23b0c7a38 height=95
2025-10-09T05:31:23Z Saw new cmpctblock header hash=49c838d04b1f12301e4fc5f617542aac268578a523b2197a47eeadf23b0c7a38 peer=0
2025-10-09T05:31:23Z UpdateTip: new best=49c838d04b1f12301e4fc5f617542aac268578a523b2197a47eeadf23b0c7a38 height=95 version=0x20000000 log2_work=7.584963 tx=96 date='2025-10-09T05:31:39Z' progress=1.000000 cache=0.3MiB(95txo)
2025-10-09T05:31:23Z Saw new header hash=0fedae7c6d9d6b56e8bb11d6051f7d3fb03f23699e355b24c31afc481935dcc1 height=96
2025-10-09T05:31:23Z Saw new cmpctblock header hash=0fedae7c6d9d6b56e8bb11d6051f7d3fb03f23699e355b24c31afc481935dcc1 peer=0
2025-10-09T05:31:23Z UpdateTip: new best=0fedae7c6d9d6b56e8bb11d6051f7d3fb03f23699e355b24c31afc481935dcc1 height=96 version=0x20000000 log2_work=7.599913 tx=97 date='2025-10-09T05:31:39Z' progress=1.000000 cache=0.3MiB(96txo)
2025-10-09T05:31:23Z Saw new header hash=66bf0673e4f1be86f535520c4edfd5cd4a5058e38545694ceb75a0dc178089f1 height=97
2025-10-09T05:31:23Z Saw new cmpctblock header hash=66bf0673e4f1be86f535520c4edfd5cd4a5058e38545694ceb75a0dc178089f1 peer=0
2025-10-09T05:31:23Z UpdateTip: new best=66bf0673e4f1be86f535520c4edfd5cd4a5058e38545694ceb75a0dc178089f1 height=97 version=0x20000000 log2_work=7.614710 tx=98 date='2025-10-09T05:31:39Z' progress=1.000000 cache=0.3MiB(97txo)
2025-10-09T05:31:23Z Saw new header hash=63b1eef8747d215178f303ea5db0c413fea0e0d4fc67a962424201fd3e7f25fa height=98
2025-10-09T05:31:23Z Saw new cmpctblock header hash=63b1eef8747d215178f303ea5db0c413fea0e0d4fc67a962424201fd3e7f25fa peer=2
2025-10-09T05:31:23Z UpdateTip: new best=63b1eef8747d215178f303ea5db0c413fea0e0d4fc67a962424201fd3e7f25fa height=98 version=0x20000000 log2_work=7.629357 tx=99 date='2025-10-09T05:31:40Z' progress=1.000000 cache=0.3MiB(98txo)
2025-10-09T05:31:23Z Saw new header hash=2aceeef06072b36b19e037a31c6ac58ad0c30776d93703566a4f03a9217abef3 height=99
2025-10-09T05:31:23Z Saw new cmpctblock header hash=2aceeef06072b36b19e037a31c6ac58ad0c30776d93703566a4f03a9217abef3 peer=2
2025-10-09T05:31:23Z UpdateTip: new best=2aceeef06072b36b19e037a31c6ac58ad0c30776d93703566a4f03a9217abef3 height=99 version=0x20000000 log2_work=7.643856 tx=100 date='2025-10-09T05:31:40Z' progress=1.000000 cache=0.3MiB(99txo)
2025-10-09T05:31:23Z Saw new header hash=5218ef7f9c5f12fa5ba6a8b22a5d856f04f9afeb5f649e3a2552aa595955e0be height=100
2025-10-09T05:31:23Z Saw new cmpctblock header hash=5218ef7f9c5f12fa5ba6a8b22a5d856f04f9afeb5f649e3a2552aa595955e0be peer=2
2025-10-09T05:31:23Z UpdateTip: new best=5218ef7f9c5f12fa5ba6a8b22a5d856f04f9afeb5f649e3a2552aa595955e0be height=100 version=0x20000000 log2_work=7.658211 tx=101 date='2025-10-09T05:31:40Z' progress=1.000000 cache=0.3MiB(100txo)
2025-10-09T05:31:23Z Saw new header hash=252ba1863aa6754e0b47e2154a10b012b3a503f8d71864a35e2ecb27b373544e height=101
2025-10-09T05:31:23Z Saw new cmpctblock header hash=252ba1863aa6754e0b47e2154a10b012b3a503f8d71864a35e2ecb27b373544e peer=0
2025-10-09T05:31:23Z UpdateTip: new best=252ba1863aa6754e0b47e2154a10b012b3a503f8d71864a35e2ecb27b373544e height=101 version=0x20000000 log2_work=7.672425 tx=102 date='2025-10-09T05:31:40Z' progress=1.000000 cache=0.3MiB(101txo)
2025-10-09T05:31:26Z Saw new header hash=5d861f544c62394b97fdcc87e8eda11e6cf56d293fdfb6a7f15aede1e706ad76 height=102
2025-10-09T05:31:26Z Saw new cmpctblock header hash=5d861f544c62394b97fdcc87e8eda11e6cf56d293fdfb6a7f15aede1e706ad76 peer=0
2025-10-09T05:31:26Z UpdateTip: new best=5d861f544c62394b97fdcc87e8eda11e6cf56d293fdfb6a7f15aede1e706ad76 height=102 version=0x20000000 log2_work=7.686501 tx=128 date='2025-10-09T05:31:40Z' progress=1.000000 cache=0.3MiB(109txo)
2025-10-09T05:31:34Z Saw new header hash=064a504e9dbb77f3c7e645bd2d54b75182a3596352285c7f703491c62489c1fc height=103
2025-10-09T05:31:34Z Saw new cmpctblock header hash=064a504e9dbb77f3c7e645bd2d54b75182a3596352285c7f703491c62489c1fc peer=0
2025-10-09T05:31:34Z UpdateTip: new best=064a504e9dbb77f3c7e645bd2d54b75182a3596352285c7f703491c62489c1fc height=103 version=0x20000000 log2_work=7.700440 tx=159 date='2025-10-09T05:31:40Z' progress=1.000000 cache=0.3MiB(117txo)
2025-10-09T05:31:40Z Saw new header hash=12e49a87fabad6cdc143e7b0a526f26f61505713d81005c46b6382a1279084d2 height=104
2025-10-09T05:31:40Z Saw new cmpctblock header hash=12e49a87fabad6cdc143e7b0a526f26f61505713d81005c46b6382a1279084d2 peer=2
2025-10-09T05:31:40Z UpdateTip: new best=12e49a87fabad6cdc143e7b0a526f26f61505713d81005c46b6382a1279084d2 height=104 version=0x20000000 log2_work=7.714246 tx=193 date='2025-10-09T05:31:41Z' progress=1.000000 cache=0.3MiB(121txo)
2025-10-09T05:31:47Z Saw new header hash=570ab06650c108da0f1026af69abe15a0a66f0d1956ba109cc00ca374ae8acb9 height=105
2025-10-09T05:31:47Z Saw new cmpctblock header hash=570ab06650c108da0f1026af69abe15a0a66f0d1956ba109cc00ca374ae8acb9 peer=0
2025-10-09T05:31:47Z UpdateTip: new best=570ab06650c108da0f1026af69abe15a0a66f0d1956ba109cc00ca374ae8acb9 height=105 version=0x20000000 log2_work=7.727920 tx=232 date='2025-10-09T05:31:47Z' progress=1.000000 cache=0.3MiB(127txo)
2025-10-09T05:31:52Z Saw new header hash=4760f05dcc821da81f5646276339f7bfcacec6e95af50c4c16f1a22f5d9e8920 height=106
2025-10-09T05:31:52Z Saw new cmpctblock header hash=4760f05dcc821da81f5646276339f7bfcacec6e95af50c4c16f1a22f5d9e8920 peer=2
2025-10-09T05:31:52Z UpdateTip: new best=4760f05dcc821da81f5646276339f7bfcacec6e95af50c4c16f1a22f5d9e8920 height=106 version=0x20000000 log2_work=7.741467 tx=276 date='2025-10-09T05:31:52Z' progress=1.000000 cache=0.3MiB(132txo)
2025-10-09T05:31:57Z Saw new header hash=4e5f95b4aae55f2f785cada4c3f395747de93772936a70509ccb2193cf00004e height=107
2025-10-09T05:31:57Z Saw new cmpctblock header hash=4e5f95b4aae55f2f785cada4c3f395747de93772936a70509ccb2193cf00004e peer=0
2025-10-09T05:31:57Z UpdateTip: new best=4e5f95b4aae55f2f785cada4c3f395747de93772936a70509ccb2193cf00004e height=107 version=0x20000000 log2_work=7.754888 tx=318 date='2025-10-09T05:31:57Z' progress=1.000000 cache=0.3MiB(131txo)
2025-10-09T05:32:03Z Saw new header hash=359371cc5dea5736ef0168637fc045ca10916c3485d17e7b4ccb7537773a33b9 height=108
2025-10-09T05:32:03Z Saw new cmpctblock header hash=359371cc5dea5736ef0168637fc045ca10916c3485d17e7b4ccb7537773a33b9 peer=0
2025-10-09T05:32:03Z UpdateTip: new best=359371cc5dea5736ef0168637fc045ca10916c3485d17e7b4ccb7537773a33b9 height=108 version=0x20000000 log2_work=7.768184 tx=360 date='2025-10-09T05:32:02Z' progress=1.000000 cache=0.3MiB(131txo)
2025-10-09T05:32:08Z Saw new header hash=2ec69da2b8855eeb77f10460d21810fb344aa2997d09c0641d77457a6c6e3d44 height=109
2025-10-09T05:32:08Z Saw new cmpctblock header hash=2ec69da2b8855eeb77f10460d21810fb344aa2997d09c0641d77457a6c6e3d44 peer=0
2025-10-09T05:32:08Z UpdateTip: new best=2ec69da2b8855eeb77f10460d21810fb344aa2997d09c0641d77457a6c6e3d44 height=109 version=0x20000000 log2_work=7.781360 tx=403 date='2025-10-09T05:32:08Z' progress=1.000000 cache=0.3MiB(141txo)
2025-10-09T05:32:13Z Saw new header hash=7c1e959ecba440c5b6160d14aea6a348021bf50fdb0f91c97419ecd60e5e1053 height=110
2025-10-09T05:32:13Z Saw new cmpctblock header hash=7c1e959ecba440c5b6160d14aea6a348021bf50fdb0f91c97419ecd60e5e1053 peer=2
2025-10-09T05:32:13Z UpdateTip: new best=7c1e959ecba440c5b6160d14aea6a348021bf50fdb0f91c97419ecd60e5e1053 height=110 version=0x20000000 log2_work=7.794416 tx=445 date='2025-10-09T05:32:13Z' progress=1.000000 cache=0.3MiB(142txo)
2025-10-09T05:32:18Z Saw new header hash=6d8d3585c265fba142597782786c4bafc7173ee72212afaf3ffbeaceebfdb7d5 height=111
2025-10-09T05:32:18Z Saw new cmpctblock header hash=6d8d3585c265fba142597782786c4bafc7173ee72212afaf3ffbeaceebfdb7d5 peer=2
2025-10-09T05:32:18Z UpdateTip: new best=6d8d3585c265fba142597782786c4bafc7173ee72212afaf3ffbeaceebfdb7d5 height=111 version=0x20000000 log2_work=7.807355 tx=488 date='2025-10-09T05:32:18Z' progress=1.000000 cache=0.3MiB(147txo)
2025-10-09T05:32:23Z Saw new header hash=6f1d7444275b8767cdf56dd60b66d9c3c093ff7394538d6c7e4d80d38e8c1d94 height=112
2025-10-09T05:32:23Z Saw new cmpctblock header hash=6f1d7444275b8767cdf56dd60b66d9c3c093ff7394538d6c7e4d80d38e8c1d94 peer=2
2025-10-09T05:32:23Z UpdateTip: new best=6f1d7444275b8767cdf56dd60b66d9c3c093ff7394538d6c7e4d80d38e8c1d94 height=112 version=0x20000000 log2_work=7.820179 tx=531 date='2025-10-09T05:32:23Z' progress=1.000000 cache=0.3MiB(154txo)
2025-10-09T05:32:28Z Saw new header hash=38e031bf8309c1c60b98a6ed1bb9de38c4d805b76b5799d8d0dfcf751100eb11 height=113
2025-10-09T05:32:28Z Saw new cmpctblock header hash=38e031bf8309c1c60b98a6ed1bb9de38c4d805b76b5799d8d0dfcf751100eb11 peer=0
2025-10-09T05:32:28Z UpdateTip: new best=38e031bf8309c1c60b98a6ed1bb9de38c4d805b76b5799d8d0dfcf751100eb11 height=113 version=0x20000000 log2_work=7.832890 tx=572 date='2025-10-09T05:32:28Z' progress=1.000000 cache=0.3MiB(154txo)
2025-10-09T05:32:33Z Saw new header hash=537fda4ea4a7534d9c9cb21d718cec349f74b5cbcebc0c380bb3fc7096626205 height=114
2025-10-09T05:32:33Z Saw new cmpctblock header hash=537fda4ea4a7534d9c9cb21d718cec349f74b5cbcebc0c380bb3fc7096626205 peer=0
2025-10-09T05:32:33Z UpdateTip: new best=537fda4ea4a7534d9c9cb21d718cec349f74b5cbcebc0c380bb3fc7096626205 height=114 version=0x20000000 log2_work=7.845490 tx=614 date='2025-10-09T05:32:33Z' progress=1.000000 cache=0.3MiB(158txo)
2025-10-09T05:32:38Z Saw new header hash=58470d3649e8f6466754d2403a8dff48f4d1731919c3e9a885756bc4839f33df height=115
2025-10-09T05:32:38Z Saw new cmpctblock header hash=58470d3649e8f6466754d2403a8dff48f4d1731919c3e9a885756bc4839f33df peer=0
2025-10-09T05:32:38Z UpdateTip: new best=58470d3649e8f6466754d2403a8dff48f4d1731919c3e9a885756bc4839f33df height=115 version=0x20000000 log2_work=7.857981 tx=656 date='2025-10-09T05:32:38Z' progress=1.000000 cache=0.3MiB(163txo)
2025-10-09T05:32:43Z Saw new header hash=3314d6ca6203e496d99541bae659a067a76cf79035462c895a184ede059de4ee height=116
2025-10-09T05:32:43Z Saw new cmpctblock header hash=3314d6ca6203e496d99541bae659a067a76cf79035462c895a184ede059de4ee peer=0
2025-10-09T05:32:43Z UpdateTip: new best=3314d6ca6203e496d99541bae659a067a76cf79035462c895a184ede059de4ee height=116 version=0x20000000 log2_work=7.870365 tx=698 date='2025-10-09T05:32:43Z' progress=1.000000 cache=0.3MiB(162txo)
2025-10-09T05:32:48Z Saw new header hash=44d279d260ad7efef7c49410b088877d1729344fddd1228788ad2b6313094b32 height=117
2025-10-09T05:32:48Z Saw new cmpctblock header hash=44d279d260ad7efef7c49410b088877d1729344fddd1228788ad2b6313094b32 peer=0
2025-10-09T05:32:48Z UpdateTip: new best=44d279d260ad7efef7c49410b088877d1729344fddd1228788ad2b6313094b32 height=117 version=0x20000000 log2_work=7.882643 tx=740 date='2025-10-09T05:32:48Z' progress=1.000000 cache=0.3MiB(168txo)
2025-10-09T05:32:53Z Saw new header hash=3100f7be61e4e74110784f0fbd7600a33e6829ccf82acf4fc610de058bdb3988 height=118
2025-10-09T05:32:53Z Saw new cmpctblock header hash=3100f7be61e4e74110784f0fbd7600a33e6829ccf82acf4fc610de058bdb3988 peer=0
2025-10-09T05:32:53Z UpdateTip: new best=3100f7be61e4e74110784f0fbd7600a33e6829ccf82acf4fc610de058bdb3988 height=118 version=0x20000000 log2_work=7.894818 tx=783 date='2025-10-09T05:32:53Z' progress=1.000000 cache=0.3MiB(168txo)
2025-10-09T05:32:58Z Saw new header hash=555f986ec11c76536a34889e775f6a53253aaf9e540241523fca44beccc86988 height=119
2025-10-09T05:32:58Z Saw new cmpctblock header hash=555f986ec11c76536a34889e775f6a53253aaf9e540241523fca44beccc86988 peer=0
2025-10-09T05:32:58Z UpdateTip: new best=555f986ec11c76536a34889e775f6a53253aaf9e540241523fca44beccc86988 height=119 version=0x20000000 log2_work=7.906891 tx=825 date='2025-10-09T05:32:58Z' progress=1.000000 cache=0.3MiB(177txo)
2025-10-09T05:33:04Z Saw new header hash=74fd84f6fba77e46164df2ee06113ff7e7f77c64a9488c7745cee2c0b56a416f height=120
2025-10-09T05:33:04Z Saw new cmpctblock header hash=74fd84f6fba77e46164df2ee06113ff7e7f77c64a9488c7745cee2c0b56a416f peer=0
2025-10-09T05:33:04Z UpdateTip: new best=74fd84f6fba77e46164df2ee06113ff7e7f77c64a9488c7745cee2c0b56a416f height=120 version=0x20000000 log2_work=7.918863 tx=867 date='2025-10-09T05:33:03Z' progress=1.000000 cache=0.3MiB(180txo)
2025-10-09T05:33:09Z Saw new header hash=65a8efb057e0422cefca0d9e41b3ae293f388d00f630e995d7e799d5ce681358 height=121
2025-10-09T05:33:09Z Saw new cmpctblock header hash=65a8efb057e0422cefca0d9e41b3ae293f388d00f630e995d7e799d5ce681358 peer=2
2025-10-09T05:33:09Z UpdateTip: new best=65a8efb057e0422cefca0d9e41b3ae293f388d00f630e995d7e799d5ce681358 height=121 version=0x20000000 log2_work=7.930737 tx=909 date='2025-10-09T05:33:08Z' progress=1.000000 cache=0.3MiB(184txo)
2025-10-09T05:33:14Z Saw new header hash=2a232e5c6a8ceaedf8efe5b65d1a16c062f6351373e4d6e2940f945072c4ea2e height=122
2025-10-09T05:33:14Z Saw new cmpctblock header hash=2a232e5c6a8ceaedf8efe5b65d1a16c062f6351373e4d6e2940f945072c4ea2e peer=0
2025-10-09T05:33:14Z UpdateTip: new best=2a232e5c6a8ceaedf8efe5b65d1a16c062f6351373e4d6e2940f945072c4ea2e height=122 version=0x20000000 log2_work=7.942515 tx=951 date='2025-10-09T05:33:13Z' progress=1.000000 cache=0.3MiB(189txo)
2025-10-09T05:33:19Z Saw new header hash=0ad37ce294db43b85ddc67c44f17450cf8f5dad5209c8a2f143c9b96ea2e27cc height=123
2025-10-09T05:33:19Z Saw new cmpctblock header hash=0ad37ce294db43b85ddc67c44f17450cf8f5dad5209c8a2f143c9b96ea2e27cc peer=2
2025-10-09T05:33:19Z UpdateTip: new best=0ad37ce294db43b85ddc67c44f17450cf8f5dad5209c8a2f143c9b96ea2e27cc height=123 version=0x20000000 log2_work=7.954196 tx=993 date='2025-10-09T05:33:19Z' progress=1.000000 cache=0.3MiB(190txo)
2025-10-09T05:33:24Z Saw new header hash=570df268fd10cae0bbcaf248f363abf1784a494fadd1fecaa82d21c5670f13da height=124
2025-10-09T05:33:24Z Saw new cmpctblock header hash=570df268fd10cae0bbcaf248f363abf1784a494fadd1fecaa82d21c5670f13da peer=2
2025-10-09T05:33:24Z UpdateTip: new best=570df268fd10cae0bbcaf248f363abf1784a494fadd1fecaa82d21c5670f13da height=124 version=0x20000000 log2_work=7.965784 tx=1035 date='2025-10-09T05:33:24Z' progress=1.000000 cache=0.3MiB(195txo)
2025-10-09T05:33:29Z Saw new header hash=6a21ad2437cc8645f10b66cc3ce7decc276b74da68496a9981cae4dff1217fbf height=125
2025-10-09T05:33:29Z Saw new cmpctblock header hash=6a21ad2437cc8645f10b66cc3ce7decc276b74da68496a9981cae4dff1217fbf peer=2
2025-10-09T05:33:29Z UpdateTip: new best=6a21ad2437cc8645f10b66cc3ce7decc276b74da68496a9981cae4dff1217fbf height=125 version=0x20000000 log2_work=7.977280 tx=1076 date='2025-10-09T05:33:29Z' progress=1.000000 cache=0.3MiB(194txo)
2025-10-09T05:33:34Z Saw new header hash=66f726f7d2974b136acb1c8261537e5cb09dbea8d551378572ec5689632b3544 height=126
2025-10-09T05:33:34Z Saw new cmpctblock header hash=66f726f7d2974b136acb1c8261537e5cb09dbea8d551378572ec5689632b3544 peer=2
2025-10-09T05:33:34Z UpdateTip: new best=66f726f7d2974b136acb1c8261537e5cb09dbea8d551378572ec5689632b3544 height=126 version=0x20000000 log2_work=7.988685 tx=1118 date='2025-10-09T05:33:34Z' progress=1.000000 cache=0.3MiB(187txo)
2025-10-09T05:33:39Z Saw new header hash=21bebb0f7a009a1f86f0081daba292c0dcfb59a61cb65e3d8d7ed4a86a44c047 height=127
2025-10-09T05:33:39Z Saw new cmpctblock header hash=21bebb0f7a009a1f86f0081daba292c0dcfb59a61cb65e3d8d7ed4a86a44c047 peer=0
2025-10-09T05:33:39Z UpdateTip: new best=21bebb0f7a009a1f86f0081daba292c0dcfb59a61cb65e3d8d7ed4a86a44c047 height=127 version=0x20000000 log2_work=8.000000 tx=1160 date='2025-10-09T05:33:39Z' progress=1.000000 cache=0.3MiB(200txo)
2025-10-09T05:33:44Z Saw new header hash=40413be0e3363bc1e9ec3044eb2d40ff6ab90cfa09fd944c803a23d09a0fcbad height=128
2025-10-09T05:33:44Z Saw new cmpctblock header hash=40413be0e3363bc1e9ec3044eb2d40ff6ab90cfa09fd944c803a23d09a0fcbad peer=2
2025-10-09T05:33:44Z UpdateTip: new best=40413be0e3363bc1e9ec3044eb2d40ff6ab90cfa09fd944c803a23d09a0fcbad height=128 version=0x20000000 log2_work=8.011227 tx=1202 date='2025-10-09T05:33:44Z' progress=1.000000 cache=0.3MiB(197txo)
2025-10-09T05:33:49Z Saw new header hash=2e79d16efc2bfb9d96ab3362dadf4a48808ee92b1b0cecef48e4e5f71cbd455b height=129
2025-10-09T05:33:49Z Saw new cmpctblock header hash=2e79d16efc2bfb9d96ab3362dadf4a48808ee92b1b0cecef48e4e5f71cbd455b peer=2
2025-10-09T05:33:49Z UpdateTip: new best=2e79d16efc2bfb9d96ab3362dadf4a48808ee92b1b0cecef48e4e5f71cbd455b height=129 version=0x20000000 log2_work=8.022368 tx=1245 date='2025-10-09T05:33:49Z' progress=1.000000 cache=0.3MiB(206txo)
2025-10-09T05:33:54Z Saw new header hash=78bdff2fe7ac9f361113069fcd96ec1f9127f3bf71ae72679d40096bac8a4e13 height=130
2025-10-09T05:33:54Z Saw new cmpctblock header hash=78bdff2fe7ac9f361113069fcd96ec1f9127f3bf71ae72679d40096bac8a4e13 peer=0
2025-10-09T05:33:54Z UpdateTip: new best=78bdff2fe7ac9f361113069fcd96ec1f9127f3bf71ae72679d40096bac8a4e13 height=130 version=0x20000000 log2_work=8.033423 tx=1287 date='2025-10-09T05:33:54Z' progress=1.000000 cache=0.3MiB(204txo)
2025-10-09T05:33:59Z Saw new header hash=20c9a23aee7ad8771c9397236829f56f6a80cae633533346918fce7254c36798 height=131
2025-10-09T05:33:59Z Saw new cmpctblock header hash=20c9a23aee7ad8771c9397236829f56f6a80cae633533346918fce7254c36798 peer=0
2025-10-09T05:33:59Z UpdateTip: new best=20c9a23aee7ad8771c9397236829f56f6a80cae633533346918fce7254c36798 height=131 version=0x20000000 log2_work=8.044394 tx=1329 date='2025-10-09T05:33:59Z' progress=1.000000 cache=0.3MiB(210txo)
2025-10-09T05:34:04Z Saw new header hash=2811ec8fa21ecc4e0d6f4917401454f59f4f48431a78a91e0944f802a081759f height=132
2025-10-09T05:34:04Z Saw new cmpctblock header hash=2811ec8fa21ecc4e0d6f4917401454f59f4f48431a78a91e0944f802a081759f peer=0
2025-10-09T05:34:04Z UpdateTip: new best=2811ec8fa21ecc4e0d6f4917401454f59f4f48431a78a91e0944f802a081759f height=132 version=0x20000000 log2_work=8.055282 tx=1370 date='2025-10-09T05:34:04Z' progress=1.000000 cache=0.3MiB(213txo)
2025-10-09T05:34:09Z Saw new header hash=2fb7c1fab34ec7ac24771598e3beb1f5d213bc94c97bbfaa87a1f14d3591fea0 height=133
2025-10-09T05:34:09Z Saw new cmpctblock header hash=2fb7c1fab34ec7ac24771598e3beb1f5d213bc94c97bbfaa87a1f14d3591fea0 peer=2
2025-10-09T05:34:09Z UpdateTip: new best=2fb7c1fab34ec7ac24771598e3beb1f5d213bc94c97bbfaa87a1f14d3591fea0 height=133 version=0x20000000 log2_work=8.066089 tx=1411 date='2025-10-09T05:34:09Z' progress=1.000000 cache=0.3MiB(218txo)
2025-10-09T05:34:15Z Saw new header hash=0231f574019e44bb2dd02e69e6bf8e3ccd6782af3d718fec6dbd6cccf9c1593e height=134
2025-10-09T05:34:15Z Saw new cmpctblock header hash=0231f574019e44bb2dd02e69e6bf8e3ccd6782af3d718fec6dbd6cccf9c1593e peer=2
2025-10-09T05:34:15Z UpdateTip: new best=0231f574019e44bb2dd02e69e6bf8e3ccd6782af3d718fec6dbd6cccf9c1593e height=134 version=0x20000000 log2_work=8.076816 tx=1454 date='2025-10-09T05:34:14Z' progress=1.000000 cache=0.3MiB(222txo)
2025-10-09T05:34:20Z Saw new header hash=60932eaece89dd559199cb1f4bc5083e5d6a02004e52c4399e17eddad60aae30 height=135
2025-10-09T05:34:20Z Saw new cmpctblock header hash=60932eaece89dd559199cb1f4bc5083e5d6a02004e52c4399e17eddad60aae30 peer=2
2025-10-09T05:34:20Z UpdateTip: new best=60932eaece89dd559199cb1f4bc5083e5d6a02004e52c4399e17eddad60aae30 height=135 version=0x20000000 log2_work=8.087463 tx=1496 date='2025-10-09T05:34:20Z' progress=1.000000 cache=0.3MiB(229txo)
2025-10-09T05:34:25Z Saw new header hash=36ea2b42b6bbe5af2c4d264d1fc1932928a064dfe6cb6b25b365f3f43e0b366d height=136
2025-10-09T05:34:25Z Saw new cmpctblock header hash=36ea2b42b6bbe5af2c4d264d1fc1932928a064dfe6cb6b25b365f3f43e0b366d peer=2
2025-10-09T05:34:25Z UpdateTip: new best=36ea2b42b6bbe5af2c4d264d1fc1932928a064dfe6cb6b25b365f3f43e0b366d height=136 version=0x20000000 log2_work=8.098032 tx=1538 date='2025-10-09T05:34:25Z' progress=1.000000 cache=0.3MiB(233txo)
2025-10-09T05:34:30Z Saw new header hash=067e518efa191c65cf00dfb456555307cd8ea403fa3575e7973abad613cfccc4 height=137
2025-10-09T05:34:30Z Saw new cmpctblock header hash=067e518efa191c65cf00dfb456555307cd8ea403fa3575e7973abad613cfccc4 peer=0
2025-10-09T05:34:30Z UpdateTip: new best=067e518efa191c65cf00dfb456555307cd8ea403fa3575e7973abad613cfccc4 height=137 version=0x20000000 log2_work=8.108524 tx=1582 date='2025-10-09T05:34:30Z' progress=1.000000 cache=0.3MiB(242txo)
2025-10-09T05:34:35Z Saw new header hash=179f7d362e2ddfd9b6f26f896abbc3835d6fbafc8af32522b89ff07beff68619 height=138
2025-10-09T05:34:35Z Saw new cmpctblock header hash=179f7d362e2ddfd9b6f26f896abbc3835d6fbafc8af32522b89ff07beff68619 peer=0
2025-10-09T05:34:35Z UpdateTip: new best=179f7d362e2ddfd9b6f26f896abbc3835d6fbafc8af32522b89ff07beff68619 height=138 version=0x20000000 log2_work=8.118941 tx=1619 date='2025-10-09T05:34:35Z' progress=1.000000 cache=0.3MiB(249txo)
2025-10-09T05:34:41Z Saw new header hash=65dadfb86b71b0882729f6740ad48c8a05123798f0568968c7f8231692339bba height=139
2025-10-09T05:34:41Z Saw new cmpctblock header hash=65dadfb86b71b0882729f6740ad48c8a05123798f0568968c7f8231692339bba peer=0
2025-10-09T05:34:41Z UpdateTip: new best=65dadfb86b71b0882729f6740ad48c8a05123798f0568968c7f8231692339bba height=139 version=0x20000000 log2_work=8.129283 tx=1628 date='2025-10-09T05:34:40Z' progress=1.000000 cache=0.3MiB(254txo)
2025-10-09T05:39:56Z Saw new header hash=259b29f215ba14b50f6af98ba6f310b882d6ec2baaca9ab860e515af7bc47c90 height=140
2025-10-09T05:39:56Z UpdateTip: new best=259b29f215ba14b50f6af98ba6f310b882d6ec2baaca9ab860e515af7bc47c90 height=140 version=0x20000000 log2_work=8.139551 tx=1638 date='2025-10-09T05:34:46Z' progress=1.000000 cache=0.3MiB(259txo)
2025-10-09T05:39:58Z Saw new header hash=095b8e652e301a51459d84a4f9ec501689f1af02e91b32407a4729a938cbf223 height=141
2025-10-09T05:39:58Z Saw new cmpctblock header hash=095b8e652e301a51459d84a4f9ec501689f1af02e91b32407a4729a938cbf223 peer=4
2025-10-09T05:39:58Z UpdateTip: new best=095b8e652e301a51459d84a4f9ec501689f1af02e91b32407a4729a938cbf223 height=141 version=0x20000000 log2_work=8.149747 tx=1649 date='2025-10-09T05:34:51Z' progress=1.000000 cache=0.3MiB(265txo)
2025-10-09T05:40:00Z New manual v2 peer connected: version: 70016, blocks=141, peer=5
2025-10-09T05:40:00Z Saw new header hash=35fd02e4b0972221f247dc7daaa21de760fb276d3605b1fe2c9a2fae85dc252a height=142
2025-10-09T05:40:00Z Saw new cmpctblock header hash=35fd02e4b0972221f247dc7daaa21de760fb276d3605b1fe2c9a2fae85dc252a peer=4
2025-10-09T05:40:00Z Saw new header hash=628f6b5b6a355b2705d6511251e2173d68fadb35e1f8b3205744e021ce8c90f4 height=143
2025-10-09T05:40:00Z Saw new cmpctblock header hash=628f6b5b6a355b2705d6511251e2173d68fadb35e1f8b3205744e021ce8c90f4 peer=4
2025-10-09T05:40:00Z UpdateTip: new best=35fd02e4b0972221f247dc7daaa21de760fb276d3605b1fe2c9a2fae85dc252a height=142 version=0x20000000 log2_work=8.159871 tx=1658 date='2025-10-09T05:34:57Z' progress=1.000000 cache=0.3MiB(269txo)
2025-10-09T05:40:00Z UpdateTip: new best=628f6b5b6a355b2705d6511251e2173d68fadb35e1f8b3205744e021ce8c90f4 height=143 version=0x20000000 log2_work=8.169925 tx=1667 date='2025-10-09T05:35:02Z' progress=1.000000 cache=0.3MiB(271txo)
2025-10-09T05:40:00Z Saw new header hash=5d623a128733b68bc8054c24b005d34d23543c72ed1980d092f9a54a2c0b426b height=144
2025-10-09T05:40:00Z Saw new cmpctblock header hash=5d623a128733b68bc8054c24b005d34d23543c72ed1980d092f9a54a2c0b426b peer=4
2025-10-09T05:40:01Z Saw new header hash=7eec186e33a83f4dad32e69e3667a148d5ba1ab9d321fe18cd80885fb228314d height=145
2025-10-09T05:40:01Z Saw new cmpctblock header hash=7eec186e33a83f4dad32e69e3667a148d5ba1ab9d321fe18cd80885fb228314d peer=4
2025-10-09T05:40:01Z Saw new header hash=2e2d7af95ba2212a614f8e10a44d1f57141149ac3330d04d124eb2d328a8b944 height=146
2025-10-09T05:40:01Z Saw new cmpctblock header hash=2e2d7af95ba2212a614f8e10a44d1f57141149ac3330d04d124eb2d328a8b944 peer=4
2025-10-09T05:40:01Z Saw new header hash=7186345f6d8c0fa8a064704664a9fed2aa268bfa12e3d5365c724e8feb49373b height=147
2025-10-09T05:40:01Z Saw new cmpctblock header hash=7186345f6d8c0fa8a064704664a9fed2aa268bfa12e3d5365c724e8feb49373b peer=4
2025-10-09T05:40:01Z Saw new header hash=476f5094f6fb69575ab6122e95df7bbca6350fc5d5b0964e72157e7026169f4f height=148
2025-10-09T05:40:01Z Saw new cmpctblock header hash=476f5094f6fb69575ab6122e95df7bbca6350fc5d5b0964e72157e7026169f4f peer=4
2025-10-09T05:40:01Z Saw new header hash=16ecffe8e4170ff5773b13ca5f8f688dcf718ddd5c679aa1503f983e1bbdcfad height=149
2025-10-09T05:40:01Z Saw new cmpctblock header hash=16ecffe8e4170ff5773b13ca5f8f688dcf718ddd5c679aa1503f983e1bbdcfad peer=4
2025-10-09T05:40:01Z Saw new header hash=04d448542355307b7f724f702f5c4e933aba2ab5184a67ddce8b235ffd1ae940 height=150
2025-10-09T05:40:01Z Saw new cmpctblock header hash=04d448542355307b7f724f702f5c4e933aba2ab5184a67ddce8b235ffd1ae940 peer=4
2025-10-09T05:40:01Z Saw new header hash=388e2e76e52b1d0ff2e7725a9c963c14300f6740a35c72f2264be768bb5b4577 height=151
2025-10-09T05:40:01Z Saw new cmpctblock header hash=388e2e76e52b1d0ff2e7725a9c963c14300f6740a35c72f2264be768bb5b4577 peer=4
2025-10-09T05:40:01Z Saw new header hash=15fa135c7b2032e946c5040165ae5211125fb1b986a9eb594e38a46dfcfebf51 height=152
2025-10-09T05:40:01Z Saw new cmpctblock header hash=15fa135c7b2032e946c5040165ae5211125fb1b986a9eb594e38a46dfcfebf51 peer=4
2025-10-09T05:40:01Z UpdateTip: new best=5d623a128733b68bc8054c24b005d34d23543c72ed1980d092f9a54a2c0b426b height=144 version=0x30000000 log2_work=8.179909 tx=1677 date='2025-10-09T05:35:08Z' progress=1.000000 cache=0.3MiB(279txo)
2025-10-09T05:40:01Z UpdateTip: new best=7eec186e33a83f4dad32e69e3667a148d5ba1ab9d321fe18cd80885fb228314d height=145 version=0x30000000 log2_work=8.189825 tx=1688 date='2025-10-09T05:35:14Z' progress=1.000000 cache=0.3MiB(284txo)
2025-10-09T05:40:01Z UpdateTip: new best=2e2d7af95ba2212a614f8e10a44d1f57141149ac3330d04d124eb2d328a8b944 height=146 version=0x30000000 log2_work=8.199672 tx=1698 date='2025-10-09T05:35:19Z' progress=1.000000 cache=0.3MiB(282txo)
2025-10-09T05:40:01Z UpdateTip: new best=7186345f6d8c0fa8a064704664a9fed2aa268bfa12e3d5365c724e8feb49373b height=147 version=0x30000000 log2_work=8.209453 tx=1704 date='2025-10-09T05:35:25Z' progress=1.000000 cache=0.3MiB(285txo)
2025-10-09T05:40:01Z UpdateTip: new best=476f5094f6fb69575ab6122e95df7bbca6350fc5d5b0964e72157e7026169f4f height=148 version=0x30000000 log2_work=8.219169 tx=1713 date='2025-10-09T05:35:31Z' progress=1.000000 cache=0.3MiB(292txo)
2025-10-09T05:40:01Z UpdateTip: new best=16ecffe8e4170ff5773b13ca5f8f688dcf718ddd5c679aa1503f983e1bbdcfad height=149 version=0x30000000 log2_work=8.228819 tx=1723 date='2025-10-09T05:35:36Z' progress=1.000000 cache=0.3MiB(297txo)
2025-10-09T05:40:01Z UpdateTip: new best=04d448542355307b7f724f702f5c4e933aba2ab5184a67ddce8b235ffd1ae940 height=150 version=0x30000000 log2_work=8.238405 tx=1733 date='2025-10-09T05:35:42Z' progress=1.000000 cache=0.3MiB(302txo)
2025-10-09T05:40:01Z UpdateTip: new best=388e2e76e52b1d0ff2e7725a9c963c14300f6740a35c72f2264be768bb5b4577 height=151 version=0x30000000 log2_work=8.247928 tx=1743 date='2025-10-09T05:35:48Z' progress=1.000000 cache=0.3MiB(307txo)
2025-10-09T05:40:01Z UpdateTip: new best=15fa135c7b2032e946c5040165ae5211125fb1b986a9eb594e38a46dfcfebf51 height=152 version=0x30000000 log2_work=8.257388 tx=1754 date='2025-10-09T05:35:53Z' progress=1.000000 cache=0.3MiB(308txo)
2025-10-09T05:40:01Z Saw new header hash=7bf8569af763d9d245efa2476509ea584e96ae4785c714b944b6b365bff7eb50 height=153
2025-10-09T05:40:01Z Saw new cmpctblock header hash=7bf8569af763d9d245efa2476509ea584e96ae4785c714b944b6b365bff7eb50 peer=4
2025-10-09T05:40:01Z Saw new header hash=28503522eff1ce09391457d4c33e5b11b09759d33a45d4373684f96890aaaf45 height=154
2025-10-09T05:40:01Z Saw new cmpctblock header hash=28503522eff1ce09391457d4c33e5b11b09759d33a45d4373684f96890aaaf45 peer=4
2025-10-09T05:40:01Z Saw new header hash=784296f4ce880237038dca8360001a1fb6eff1fc1339872c19b0df13669b5c02 height=155
2025-10-09T05:40:01Z Saw new cmpctblock header hash=784296f4ce880237038dca8360001a1fb6eff1fc1339872c19b0df13669b5c02 peer=4
2025-10-09T05:40:01Z Saw new header hash=50812b2c94722d99bbe4c3286d5c9d6ad07f8a22e4346012c4156842c243171c height=156
2025-10-09T05:40:01Z Saw new cmpctblock header hash=50812b2c94722d99bbe4c3286d5c9d6ad07f8a22e4346012c4156842c243171c peer=4
2025-10-09T05:40:01Z Saw new header hash=5b6e191c67ba022bab3b2e7bf16fa9c7826400eca2eb11df682727bd51116bfa height=157
2025-10-09T05:40:01Z Saw new cmpctblock header hash=5b6e191c67ba022bab3b2e7bf16fa9c7826400eca2eb11df682727bd51116bfa peer=4
2025-10-09T05:40:01Z Saw new header hash=3249e686280429088e58b8fe1e73a0b2ef063f74f417e83c3ccf19dcde67f5cb height=158
2025-10-09T05:40:01Z Saw new cmpctblock header hash=3249e686280429088e58b8fe1e73a0b2ef063f74f417e83c3ccf19dcde67f5cb peer=4
2025-10-09T05:40:01Z Saw new header hash=2d8808672b1483206f3db844afbd9fdbb344833f10d578707d7553373a970efe height=159
2025-10-09T05:40:01Z Saw new cmpctblock header hash=2d8808672b1483206f3db844afbd9fdbb344833f10d578707d7553373a970efe peer=4
2025-10-09T05:40:01Z Saw new header hash=60b911130eec36f1e8fbbdf768e412f81b7ff4f61f278dbee9d37af6b4e8d724 height=160
2025-10-09T05:40:01Z Saw new cmpctblock header hash=60b911130eec36f1e8fbbdf768e412f81b7ff4f61f278dbee9d37af6b4e8d724 peer=4
2025-10-09T05:40:01Z Saw new header hash=5724875aa7054e226f4b0428037acb25f2d22e9d32e9d2a81e7407b4ff3a96fb height=161
2025-10-09T05:40:01Z Saw new cmpctblock header hash=5724875aa7054e226f4b0428037acb25f2d22e9d32e9d2a81e7407b4ff3a96fb peer=4
2025-10-09T05:40:01Z Saw new header hash=7a7cd373dff5695eabc2a49c7733f3e0d2772d56d425259914a00b925dce99ed height=162
2025-10-09T05:40:01Z Saw new cmpctblock header hash=7a7cd373dff5695eabc2a49c7733f3e0d2772d56d425259914a00b925dce99ed peer=4
2025-10-09T05:40:01Z UpdateTip: new best=7bf8569af763d9d245efa2476509ea584e96ae4785c714b944b6b365bff7eb50 height=153 version=0x30000000 log2_work=8.266787 tx=1763 date='2025-10-09T05:35:59Z' progress=1.000000 cache=0.3MiB(308txo)
2025-10-09T05:40:01Z UpdateTip: new best=28503522eff1ce09391457d4c33e5b11b09759d33a45d4373684f96890aaaf45 height=154 version=0x30000000 log2_work=8.276124 tx=1773 date='2025-10-09T05:36:04Z' progress=1.000000 cache=0.3MiB(314txo)
2025-10-09T05:40:01Z UpdateTip: new best=784296f4ce880237038dca8360001a1fb6eff1fc1339872c19b0df13669b5c02 height=155 version=0x30000000 log2_work=8.285402 tx=1782 date='2025-10-09T05:36:10Z' progress=1.000000 cache=0.3MiB(315txo)
2025-10-09T05:40:01Z UpdateTip: new best=50812b2c94722d99bbe4c3286d5c9d6ad07f8a22e4346012c4156842c243171c height=156 version=0x30000000 log2_work=8.294621 tx=1791 date='2025-10-09T05:36:16Z' progress=1.000000 cache=0.3MiB(320txo)
2025-10-09T05:40:01Z UpdateTip: new best=5b6e191c67ba022bab3b2e7bf16fa9c7826400eca2eb11df682727bd51116bfa height=157 version=0x30000000 log2_work=8.303781 tx=1800 date='2025-10-09T05:36:22Z' progress=1.000000 cache=0.3MiB(323txo)
2025-10-09T05:40:01Z UpdateTip: new best=3249e686280429088e58b8fe1e73a0b2ef063f74f417e83c3ccf19dcde67f5cb height=158 version=0x30000000 log2_work=8.312883 tx=1809 date='2025-10-09T05:36:28Z' progress=1.000000 cache=0.3MiB(323txo)
2025-10-09T05:40:01Z UpdateTip: new best=2d8808672b1483206f3db844afbd9fdbb344833f10d578707d7553373a970efe height=159 version=0x30000000 log2_work=8.321928 tx=1817 date='2025-10-09T05:36:33Z' progress=1.000000 cache=0.3MiB(326txo)
2025-10-09T05:40:01Z Saw new header hash=6231509ae6e61f6a3403a4254b9b7cab340f4b01f09bdfc7a57b6241f40ee18c height=163
2025-10-09T05:40:01Z Saw new cmpctblock header hash=6231509ae6e61f6a3403a4254b9b7cab340f4b01f09bdfc7a57b6241f40ee18c peer=4
2025-10-09T05:40:01Z Saw new header hash=6e6190811c8964f6224966368d93579162fca09e71056ac0d681b00c46c4409e height=164
2025-10-09T05:40:01Z Saw new cmpctblock header hash=6e6190811c8964f6224966368d93579162fca09e71056ac0d681b00c46c4409e peer=4
2025-10-09T05:40:01Z UpdateTip: new best=60b911130eec36f1e8fbbdf768e412f81b7ff4f61f278dbee9d37af6b4e8d724 height=160 version=0x30000000 log2_work=8.330917 tx=1827 date='2025-10-09T05:36:38Z' progress=1.000000 cache=0.3MiB(330txo)
2025-10-09T05:40:01Z UpdateTip: new best=5724875aa7054e226f4b0428037acb25f2d22e9d32e9d2a81e7407b4ff3a96fb height=161 version=0x30000000 log2_work=8.339850 tx=1837 date='2025-10-09T05:36:43Z' progress=1.000000 cache=0.3MiB(335txo)
2025-10-09T05:40:01Z UpdateTip: new best=7a7cd373dff5695eabc2a49c7733f3e0d2772d56d425259914a00b925dce99ed height=162 version=0x30000000 log2_work=8.348728 tx=1846 date='2025-10-09T05:36:49Z' progress=1.000000 cache=0.3MiB(341txo)
2025-10-09T05:40:01Z UpdateTip: new best=6231509ae6e61f6a3403a4254b9b7cab340f4b01f09bdfc7a57b6241f40ee18c height=163 version=0x30000000 log2_work=8.357552 tx=1855 date='2025-10-09T05:36:55Z' progress=1.000000 cache=0.3MiB(346txo)
2025-10-09T05:40:01Z UpdateTip: new best=6e6190811c8964f6224966368d93579162fca09e71056ac0d681b00c46c4409e height=164 version=0x30000000 log2_work=8.366322 tx=1866 date='2025-10-09T05:37:01Z' progress=1.000000 cache=0.3MiB(352txo)
2025-10-09T05:40:01Z Saw new header hash=18fa30df54e140c7c962d577d3e486f0be403b75bd9e2d85ae101069bcbaf7d4 height=165
2025-10-09T05:40:01Z Saw new cmpctblock header hash=18fa30df54e140c7c962d577d3e486f0be403b75bd9e2d85ae101069bcbaf7d4 peer=4
2025-10-09T05:40:01Z Saw new header hash=4188c2b766ac4c537521c72ceff688e852460539f5fc6bc9cd5f9d7bd895b98b height=166
2025-10-09T05:40:01Z Saw new cmpctblock header hash=4188c2b766ac4c537521c72ceff688e852460539f5fc6bc9cd5f9d7bd895b98b peer=4
2025-10-09T05:40:01Z Saw new header hash=1fdd5c9b58a5fd1013bf453eb1bc41ebafcd05a0bb3ae26ce9076adbd1358c93 height=167
2025-10-09T05:40:01Z Saw new cmpctblock header hash=1fdd5c9b58a5fd1013bf453eb1bc41ebafcd05a0bb3ae26ce9076adbd1358c93 peer=4
2025-10-09T05:40:01Z UpdateTip: new best=18fa30df54e140c7c962d577d3e486f0be403b75bd9e2d85ae101069bcbaf7d4 height=165 version=0x30000000 log2_work=8.375039 tx=1876 date='2025-10-09T05:37:06Z' progress=1.000000 cache=0.3MiB(354txo)
2025-10-09T05:40:01Z UpdateTip: new best=4188c2b766ac4c537521c72ceff688e852460539f5fc6bc9cd5f9d7bd895b98b height=166 version=0x30000000 log2_work=8.383704 tx=1886 date='2025-10-09T05:37:11Z' progress=1.000000 cache=0.3MiB(357txo)
2025-10-09T05:40:01Z UpdateTip: new best=1fdd5c9b58a5fd1013bf453eb1bc41ebafcd05a0bb3ae26ce9076adbd1358c93 height=167 version=0x30000000 log2_work=8.392317 tx=1896 date='2025-10-09T05:37:17Z' progress=1.000000 cache=0.3MiB(355txo)
2025-10-09T05:40:02Z Saw new header hash=6abfb886cd9ada9cc769623a89714d834daa573a8fc7a5630a393c97da0e166b height=168
2025-10-09T05:40:02Z Saw new cmpctblock header hash=6abfb886cd9ada9cc769623a89714d834daa573a8fc7a5630a393c97da0e166b peer=4
2025-10-09T05:40:02Z Saw new header hash=46611d3ea65e756daa542b263e3ad1f2481cd7e4839ea4e32e4f0302ea2d2b20 height=169
2025-10-09T05:40:02Z Saw new cmpctblock header hash=46611d3ea65e756daa542b263e3ad1f2481cd7e4839ea4e32e4f0302ea2d2b20 peer=4
2025-10-09T05:40:02Z Saw new header hash=2046ecf31ced375828506a944740b36ad8cb9f512445e0c881b046a63eb38976 height=170
2025-10-09T05:40:02Z Saw new cmpctblock header hash=2046ecf31ced375828506a944740b36ad8cb9f512445e0c881b046a63eb38976 peer=4
2025-10-09T05:40:02Z UpdateTip: new best=6abfb886cd9ada9cc769623a89714d834daa573a8fc7a5630a393c97da0e166b height=168 version=0x30000000 log2_work=8.400879 tx=1905 date='2025-10-09T05:37:22Z' progress=1.000000 cache=0.3MiB(352txo)
2025-10-09T05:40:02Z UpdateTip: new best=46611d3ea65e756daa542b263e3ad1f2481cd7e4839ea4e32e4f0302ea2d2b20 height=169 version=0x30000000 log2_work=8.409391 tx=1915 date='2025-10-09T05:37:28Z' progress=1.000000 cache=0.3MiB(356txo)
2025-10-09T05:40:02Z UpdateTip: new best=2046ecf31ced375828506a944740b36ad8cb9f512445e0c881b046a63eb38976 height=170 version=0x30000000 log2_work=8.417853 tx=1925 date='2025-10-09T05:37:33Z' progress=1.000000 cache=0.3MiB(360txo)
2025-10-09T05:40:02Z Saw new header hash=0637c79a3421f8f765af5005152553bf289b83504839800d3ac09d83fa6c0a95 height=171
2025-10-09T05:40:02Z Saw new cmpctblock header hash=0637c79a3421f8f765af5005152553bf289b83504839800d3ac09d83fa6c0a95 peer=4
2025-10-09T05:40:02Z Saw new header hash=0b780ec441407c2110f964ce9d5b0feedb3d45d43b4d238175acb7bddbfe449a height=172
2025-10-09T05:40:02Z Saw new cmpctblock header hash=0b780ec441407c2110f964ce9d5b0feedb3d45d43b4d238175acb7bddbfe449a peer=4
2025-10-09T05:40:02Z Saw new header hash=5a2f93f55425331b6dca04e225e8ca63c222abeaae34eb07d51085cb821a5567 height=173
2025-10-09T05:40:02Z Saw new cmpctblock header hash=5a2f93f55425331b6dca04e225e8ca63c222abeaae34eb07d51085cb821a5567 peer=4
2025-10-09T05:40:02Z Saw new header hash=78ab7d5ef8db38a7fef9b10fe0fef4c4077878e1fe6a61ae0644585121fb4238 height=174
2025-10-09T05:40:02Z Saw new cmpctblock header hash=78ab7d5ef8db38a7fef9b10fe0fef4c4077878e1fe6a61ae0644585121fb4238 peer=4
2025-10-09T05:40:02Z Saw new header hash=4c8eac35bb7e07ea82d664c88d2e4929bfb5f95243e8cd94ecb551ff67430177 height=175
2025-10-09T05:40:02Z Saw new cmpctblock header hash=4c8eac35bb7e07ea82d664c88d2e4929bfb5f95243e8cd94ecb551ff67430177 peer=4
2025-10-09T05:40:02Z Saw new header hash=7df65ab28acb3feaffd3ec86dc627f8daf832cb347c010358c84232ad9a73a6a height=176
2025-10-09T05:40:02Z Saw new cmpctblock header hash=7df65ab28acb3feaffd3ec86dc627f8daf832cb347c010358c84232ad9a73a6a peer=4
2025-10-09T05:40:02Z Saw new header hash=38a3654e19d78acb762c1ce4318840f58d524a4d8162a8c347e72826c393d411 height=177
2025-10-09T05:40:02Z Saw new cmpctblock header hash=38a3654e19d78acb762c1ce4318840f58d524a4d8162a8c347e72826c393d411 peer=4
2025-10-09T05:40:02Z Saw new header hash=4c7f1102f92d683b5e6f25e8dda8ed532c0df9c6ebc9dab1ad7c216b7a3ac9a1 height=178
2025-10-09T05:40:02Z Saw new cmpctblock header hash=4c7f1102f92d683b5e6f25e8dda8ed532c0df9c6ebc9dab1ad7c216b7a3ac9a1 peer=4
2025-10-09T05:40:02Z Saw new header hash=7bd3eca93bac37719fed7ec14ba45d9d5651e65f8dd94f4ebbbcb6248cbbdece height=179
2025-10-09T05:40:02Z Saw new cmpctblock header hash=7bd3eca93bac37719fed7ec14ba45d9d5651e65f8dd94f4ebbbcb6248cbbdece peer=4
2025-10-09T05:40:02Z UpdateTip: new best=0637c79a3421f8f765af5005152553bf289b83504839800d3ac09d83fa6c0a95 height=171 version=0x30000000 log2_work=8.426265 tx=1932 date='2025-10-09T05:37:39Z' progress=1.000000 cache=0.3MiB(362txo)
2025-10-09T05:40:02Z UpdateTip: new best=0b780ec441407c2110f964ce9d5b0feedb3d45d43b4d238175acb7bddbfe449a height=172 version=0x30000000 log2_work=8.434628 tx=1940 date='2025-10-09T05:37:45Z' progress=1.000000 cache=0.3MiB(363txo)
2025-10-09T05:40:02Z UpdateTip: new best=5a2f93f55425331b6dca04e225e8ca63c222abeaae34eb07d51085cb821a5567 height=173 version=0x30000000 log2_work=8.442943 tx=1951 date='2025-10-09T05:37:52Z' progress=1.000000 cache=0.3MiB(366txo)
2025-10-09T05:40:02Z Saw new header hash=3c83a91701c2b595ba884ab03f855e5f4304997a915d26eb911322c9aa25dc9d height=180
2025-10-09T05:40:02Z Saw new cmpctblock header hash=3c83a91701c2b595ba884ab03f855e5f4304997a915d26eb911322c9aa25dc9d peer=4
2025-10-09T05:40:02Z Saw new header hash=3f1387f357a8b1eaf76953f185c7d3258c6e90b6d205791ed6311a559cc9163f height=181
2025-10-09T05:40:02Z Saw new cmpctblock header hash=3f1387f357a8b1eaf76953f185c7d3258c6e90b6d205791ed6311a559cc9163f peer=4
2025-10-09T05:40:02Z Saw new header hash=0390ae6a56d2616533aa0dd0a99cff984dc90911825fb4e3d4cc9f7415de7c0d height=182
2025-10-09T05:40:02Z Saw new cmpctblock header hash=0390ae6a56d2616533aa0dd0a99cff984dc90911825fb4e3d4cc9f7415de7c0d peer=4
2025-10-09T05:40:02Z Saw new header hash=7349c1cce9018bc1f87727e6531aea7fba491defa3fb6e597930a74fb31ccd9e height=183
2025-10-09T05:40:02Z Saw new cmpctblock header hash=7349c1cce9018bc1f87727e6531aea7fba491defa3fb6e597930a74fb31ccd9e peer=4
2025-10-09T05:40:02Z UpdateTip: new best=78ab7d5ef8db38a7fef9b10fe0fef4c4077878e1fe6a61ae0644585121fb4238 height=174 version=0x30000000 log2_work=8.451211 tx=1959 date='2025-10-09T05:37:57Z' progress=1.000000 cache=0.3MiB(374txo)
2025-10-09T05:40:02Z UpdateTip: new best=4c8eac35bb7e07ea82d664c88d2e4929bfb5f95243e8cd94ecb551ff67430177 height=175 version=0x30000000 log2_work=8.459432 tx=1967 date='2025-10-09T05:38:03Z' progress=1.000000 cache=0.3MiB(373txo)
2025-10-09T05:40:02Z UpdateTip: new best=7df65ab28acb3feaffd3ec86dc627f8daf832cb347c010358c84232ad9a73a6a height=176 version=0x30000000 log2_work=8.467606 tx=1977 date='2025-10-09T05:38:08Z' progress=1.000000 cache=0.3MiB(372txo)
2025-10-09T05:40:02Z UpdateTip: new best=38a3654e19d78acb762c1ce4318840f58d524a4d8162a8c347e72826c393d411 height=177 version=0x30000000 log2_work=8.475733 tx=1987 date='2025-10-09T05:38:14Z' progress=1.000000 cache=0.3MiB(374txo)
2025-10-09T05:40:02Z UpdateTip: new best=4c7f1102f92d683b5e6f25e8dda8ed532c0df9c6ebc9dab1ad7c216b7a3ac9a1 height=178 version=0x30000000 log2_work=8.483816 tx=1997 date='2025-10-09T05:38:19Z' progress=1.000000 cache=0.3MiB(380txo)
2025-10-09T05:40:02Z UpdateTip: new best=7bd3eca93bac37719fed7ec14ba45d9d5651e65f8dd94f4ebbbcb6248cbbdece height=179 version=0x30000000 log2_work=8.491853 tx=2007 date='2025-10-09T05:38:25Z' progress=1.000000 cache=0.3MiB(378txo)
2025-10-09T05:40:02Z UpdateTip: new best=3c83a91701c2b595ba884ab03f855e5f4304997a915d26eb911322c9aa25dc9d height=180 version=0x30000000 log2_work=8.499846 tx=2015 date='2025-10-09T05:38:30Z' progress=1.000000 cache=0.3MiB(378txo)
2025-10-09T05:40:03Z UpdateTip: new best=3f1387f357a8b1eaf76953f185c7d3258c6e90b6d205791ed6311a559cc9163f height=181 version=0x30000000 log2_work=8.507795 tx=2024 date='2025-10-09T05:38:36Z' progress=1.000000 cache=0.3MiB(385txo)
2025-10-09T05:40:03Z UpdateTip: new best=0390ae6a56d2616533aa0dd0a99cff984dc90911825fb4e3d4cc9f7415de7c0d height=182 version=0x30000000 log2_work=8.515700 tx=2034 date='2025-10-09T05:38:41Z' progress=1.000000 cache=0.3MiB(389txo)
2025-10-09T05:40:03Z UpdateTip: new best=7349c1cce9018bc1f87727e6531aea7fba491defa3fb6e597930a74fb31ccd9e height=183 version=0x30000000 log2_work=8.523562 tx=2044 date='2025-10-09T05:38:47Z' progress=1.000000 cache=0.3MiB(393txo)
2025-10-09T05:40:03Z Saw new header hash=40f8f326a76444789659849034ef1d41478d9e021c2451103f5f12a3f9c7c08d height=184
2025-10-09T05:40:03Z Saw new cmpctblock header hash=40f8f326a76444789659849034ef1d41478d9e021c2451103f5f12a3f9c7c08d peer=4
2025-10-09T05:40:03Z UpdateTip: new best=40f8f326a76444789659849034ef1d41478d9e021c2451103f5f12a3f9c7c08d height=184 version=0x30000000 log2_work=8.531381 tx=2055 date='2025-10-09T05:38:53Z' progress=1.000000 cache=0.3MiB(392txo)
2025-10-09T05:40:03Z Saw new header hash=1ef71125c9205ccddb7b9b7285439a5ba698a80677f727f726cdae992abc898a height=185
2025-10-09T05:40:03Z Saw new cmpctblock header hash=1ef71125c9205ccddb7b9b7285439a5ba698a80677f727f726cdae992abc898a peer=4
2025-10-09T05:40:03Z Saw new header hash=0396ede1de73a9dc8673c21a30c6bb2a1f0233b407111cd247238fc1ca5e2071 height=186
2025-10-09T05:40:03Z Saw new cmpctblock header hash=0396ede1de73a9dc8673c21a30c6bb2a1f0233b407111cd247238fc1ca5e2071 peer=4
2025-10-09T05:40:03Z UpdateTip: new best=1ef71125c9205ccddb7b9b7285439a5ba698a80677f727f726cdae992abc898a height=185 version=0x30000000 log2_work=8.539159 tx=2064 date='2025-10-09T05:38:58Z' progress=1.000000 cache=0.3MiB(397txo)
2025-10-09T05:40:03Z UpdateTip: new best=0396ede1de73a9dc8673c21a30c6bb2a1f0233b407111cd247238fc1ca5e2071 height=186 version=0x30000000 log2_work=8.546894 tx=2074 date='2025-10-09T05:39:04Z' progress=1.000000 cache=0.3MiB(403txo)
2025-10-09T05:40:03Z Saw new header hash=001da3126f71c855fcad9239db8c99feddd0174e257480f569ea1e073f5fe160 height=187
2025-10-09T05:40:03Z Saw new cmpctblock header hash=001da3126f71c855fcad9239db8c99feddd0174e257480f569ea1e073f5fe160 peer=4
2025-10-09T05:40:03Z Saw new header hash=16442f3770680e9784cdf68a7d49071b5dd14e72093763f2cf65f0aa21ccdfde height=188
2025-10-09T05:40:03Z Saw new cmpctblock header hash=16442f3770680e9784cdf68a7d49071b5dd14e72093763f2cf65f0aa21ccdfde peer=4
2025-10-09T05:40:03Z UpdateTip: new best=001da3126f71c855fcad9239db8c99feddd0174e257480f569ea1e073f5fe160 height=187 version=0x30000000 log2_work=8.554589 tx=2084 date='2025-10-09T05:39:09Z' progress=1.000000 cache=0.3MiB(404txo)
2025-10-09T05:40:03Z UpdateTip: new best=16442f3770680e9784cdf68a7d49071b5dd14e72093763f2cf65f0aa21ccdfde height=188 version=0x30000000 log2_work=8.562242 tx=2093 date='2025-10-09T05:39:15Z' progress=1.000000 cache=0.3MiB(409txo)
2025-10-09T05:40:03Z Saw new header hash=4665294bedc14b1c47f91f9c4c7ed2458bc979440067e9df8dbba508c0f980f2 height=189
2025-10-09T05:40:03Z Saw new cmpctblock header hash=4665294bedc14b1c47f91f9c4c7ed2458bc979440067e9df8dbba508c0f980f2 peer=4
2025-10-09T05:40:03Z Saw new header hash=713ef6649ee8be643c0720391cd45e2f8842c9081c3a4fe25df3f457ced835fe height=190
2025-10-09T05:40:03Z Saw new cmpctblock header hash=713ef6649ee8be643c0720391cd45e2f8842c9081c3a4fe25df3f457ced835fe peer=4
2025-10-09T05:40:03Z Saw new header hash=58cec087ae930031abbb6edae2d3401495e43b7bd7019f7909acbd7104d3d153 height=191
2025-10-09T05:40:03Z Saw new cmpctblock header hash=58cec087ae930031abbb6edae2d3401495e43b7bd7019f7909acbd7104d3d153 peer=4
2025-10-09T05:40:03Z Saw new header hash=48cbec82404748a78db76a9bb4323382892cb7175bc8a069f37cc0ee1ab9fa34 height=192
2025-10-09T05:40:03Z Saw new cmpctblock header hash=48cbec82404748a78db76a9bb4323382892cb7175bc8a069f37cc0ee1ab9fa34 peer=4
2025-10-09T05:40:03Z Saw new header hash=3599302465bc4c66e59a65778e83b83f64aabe42cc2bccb840dd2d377d747d2e height=193
2025-10-09T05:40:03Z Saw new cmpctblock header hash=3599302465bc4c66e59a65778e83b83f64aabe42cc2bccb840dd2d377d747d2e peer=4
2025-10-09T05:40:04Z UpdateTip: new best=4665294bedc14b1c47f91f9c4c7ed2458bc979440067e9df8dbba508c0f980f2 height=189 version=0x30000000 log2_work=8.569856 tx=2102 date='2025-10-09T05:39:21Z' progress=1.000000 cache=0.3MiB(412txo)
2025-10-09T05:40:04Z UpdateTip: new best=713ef6649ee8be643c0720391cd45e2f8842c9081c3a4fe25df3f457ced835fe height=190 version=0x30000000 log2_work=8.577429 tx=2112 date='2025-10-09T05:39:27Z' progress=1.000000 cache=0.3MiB(414txo)
2025-10-09T05:40:04Z UpdateTip: new best=58cec087ae930031abbb6edae2d3401495e43b7bd7019f7909acbd7104d3d153 height=191 version=0x30000000 log2_work=8.584963 tx=2119 date='2025-10-09T05:39:32Z' progress=1.000000 cache=0.3MiB(417txo)
2025-10-09T05:40:04Z UpdateTip: new best=48cbec82404748a78db76a9bb4323382892cb7175bc8a069f37cc0ee1ab9fa34 height=192 version=0x30000000 log2_work=8.592457 tx=2129 date='2025-10-09T05:39:38Z' progress=1.000000 cache=0.3MiB(424txo)
2025-10-09T05:40:04Z UpdateTip: new best=3599302465bc4c66e59a65778e83b83f64aabe42cc2bccb840dd2d377d747d2e height=193 version=0x30000000 log2_work=8.599913 tx=2138 date='2025-10-09T05:39:44Z' progress=1.000000 cache=0.3MiB(429txo)
2025-10-09T05:40:04Z Saw new header hash=239fd5fc222935c32e5d631311d680ac719023e80eee38e34a94bbc9406d956d height=194
2025-10-09T05:40:04Z Saw new cmpctblock header hash=239fd5fc222935c32e5d631311d680ac719023e80eee38e34a94bbc9406d956d peer=4
2025-10-09T05:40:04Z Saw new header hash=1703d0115d4cdb2e927dc83855188f0677e725df1f7a19a4d715a95cdb9fba23 height=195
2025-10-09T05:40:04Z Saw new cmpctblock header hash=1703d0115d4cdb2e927dc83855188f0677e725df1f7a19a4d715a95cdb9fba23 peer=4
2025-10-09T05:40:04Z UpdateTip: new best=239fd5fc222935c32e5d631311d680ac719023e80eee38e34a94bbc9406d956d height=194 version=0x30000000 log2_work=8.607330 tx=2147 date='2025-10-09T05:39:50Z' progress=1.000000 cache=0.3MiB(440txo)
2025-10-09T05:40:04Z UpdateTip: new best=1703d0115d4cdb2e927dc83855188f0677e725df1f7a19a4d715a95cdb9fba23 height=195 version=0x30000000 log2_work=8.614710 tx=2156 date='2025-10-09T05:39:56Z' progress=1.000000 cache=0.3MiB(448txo)
2025-10-09T05:40:04Z Saw new header hash=12d250de34a6db5724b1f26b7fa0dfa1daa49e1d68561643b31dc6b47469bf7e height=196
2025-10-09T05:40:04Z Saw new cmpctblock header hash=12d250de34a6db5724b1f26b7fa0dfa1daa49e1d68561643b31dc6b47469bf7e peer=4
2025-10-09T05:40:04Z UpdateTip: new best=12d250de34a6db5724b1f26b7fa0dfa1daa49e1d68561643b31dc6b47469bf7e height=196 version=0x30000000 log2_work=8.622052 tx=2167 date='2025-10-09T05:40:01Z' progress=1.000000 cache=0.3MiB(457txo)
2025-10-09T05:40:10Z Saw new header hash=482bc5f8a4d9c0479f529fc71fa4e20680b117ac5e0820c02014d8e73d81f237 height=197
2025-10-09T05:40:10Z Saw new cmpctblock header hash=482bc5f8a4d9c0479f529fc71fa4e20680b117ac5e0820c02014d8e73d81f237 peer=4
2025-10-09T05:40:10Z UpdateTip: new best=482bc5f8a4d9c0479f529fc71fa4e20680b117ac5e0820c02014d8e73d81f237 height=197 version=0x30000000 log2_work=8.629357 tx=2175 date='2025-10-09T05:40:07Z' progress=1.000000 cache=0.3MiB(459txo)
2025-10-09T05:40:15Z Saw new header hash=7998a979a74c70f9c81144ee6d88a5fe3f46c994d3dd20469a2fdbed2db48616 height=198
2025-10-09T05:40:15Z Saw new cmpctblock header hash=7998a979a74c70f9c81144ee6d88a5fe3f46c994d3dd20469a2fdbed2db48616 peer=4
2025-10-09T05:40:15Z UpdateTip: new best=7998a979a74c70f9c81144ee6d88a5fe3f46c994d3dd20469a2fdbed2db48616 height=198 version=0x30000000 log2_work=8.636625 tx=2185 date='2025-10-09T05:40:12Z' progress=1.000000 cache=0.3MiB(469txo)
2025-10-09T05:40:20Z Saw new header hash=51652343fd2cb4cc49598a0a15ba2a6c6f0cd5017826e23d0eb7ea0b52acf0a5 height=199
2025-10-09T05:40:20Z Saw new cmpctblock header hash=51652343fd2cb4cc49598a0a15ba2a6c6f0cd5017826e23d0eb7ea0b52acf0a5 peer=4
2025-10-09T05:40:20Z UpdateTip: new best=51652343fd2cb4cc49598a0a15ba2a6c6f0cd5017826e23d0eb7ea0b52acf0a5 height=199 version=0x30000000 log2_work=8.643856 tx=2195 date='2025-10-09T05:40:17Z' progress=1.000000 cache=0.3MiB(472txo)
2025-10-09T05:40:26Z Saw new header hash=69dc0f2901fed07405f5c1f22ff0adab5440c5745273bd521ce51d50d7098242 height=200
2025-10-09T05:40:26Z Saw new cmpctblock header hash=69dc0f2901fed07405f5c1f22ff0adab5440c5745273bd521ce51d50d7098242 peer=4
2025-10-09T05:40:26Z UpdateTip: new best=69dc0f2901fed07405f5c1f22ff0adab5440c5745273bd521ce51d50d7098242 height=200 version=0x30000000 log2_work=8.651052 tx=2206 date='2025-10-09T05:40:23Z' progress=1.000000 cache=0.3MiB(481txo)
2025-10-09T05:40:31Z Saw new header hash=6b3e5d1a5f2cd80e5df3fd588ea7e33ca75c683e9a93a1b610ebfe6f864d467a height=201
2025-10-09T05:40:31Z Saw new cmpctblock header hash=6b3e5d1a5f2cd80e5df3fd588ea7e33ca75c683e9a93a1b610ebfe6f864d467a peer=4
2025-10-09T05:40:31Z UpdateTip: new best=6b3e5d1a5f2cd80e5df3fd588ea7e33ca75c683e9a93a1b610ebfe6f864d467a height=201 version=0x30000000 log2_work=8.658211 tx=2216 date='2025-10-09T05:40:28Z' progress=1.000000 cache=0.3MiB(478txo)
2025-10-09T05:40:37Z Saw new header hash=177e4c86abd63397aa6fbfce3920c5a2cedb2248e2612c446dbeab2d6c42f8ad height=202
2025-10-09T05:40:37Z Saw new cmpctblock header hash=177e4c86abd63397aa6fbfce3920c5a2cedb2248e2612c446dbeab2d6c42f8ad peer=4
2025-10-09T05:40:37Z UpdateTip: new best=177e4c86abd63397aa6fbfce3920c5a2cedb2248e2612c446dbeab2d6c42f8ad height=202 version=0x30000000 log2_work=8.665336 tx=2224 date='2025-10-09T05:40:34Z' progress=1.000000 cache=0.3MiB(480txo)
2025-10-09T05:40:42Z Saw new header hash=4876d36c75cbccb80fc8a87c169dc1a4de4262b907814dfdc15e828566900dea height=203
2025-10-09T05:40:42Z Saw new cmpctblock header hash=4876d36c75cbccb80fc8a87c169dc1a4de4262b907814dfdc15e828566900dea peer=4
2025-10-09T05:40:42Z UpdateTip: new best=4876d36c75cbccb80fc8a87c169dc1a4de4262b907814dfdc15e828566900dea height=203 version=0x30000000 log2_work=8.672425 tx=2234 date='2025-10-09T05:40:39Z' progress=1.000000 cache=0.3MiB(488txo)
2025-10-09T05:40:48Z Saw new header hash=034d503bfe881280019a41c63653bf00b621ca5dfdc18e60d0711d7df26115a1 height=204
2025-10-09T05:40:48Z Saw new cmpctblock header hash=034d503bfe881280019a41c63653bf00b621ca5dfdc18e60d0711d7df26115a1 peer=4
2025-10-09T05:40:48Z UpdateTip: new best=034d503bfe881280019a41c63653bf00b621ca5dfdc18e60d0711d7df26115a1 height=204 version=0x30000000 log2_work=8.679480 tx=2244 date='2025-10-09T05:40:44Z' progress=1.000000 cache=0.3MiB(495txo)
2025-10-09T05:40:52Z Saw new header hash=3c8c47db23b394bd87189766ba138cdbd3102c6c7e083edaa6367edca8df731b height=205
2025-10-09T05:40:52Z Saw new cmpctblock header hash=3c8c47db23b394bd87189766ba138cdbd3102c6c7e083edaa6367edca8df731b peer=4
2025-10-09T05:40:52Z UpdateTip: new best=3c8c47db23b394bd87189766ba138cdbd3102c6c7e083edaa6367edca8df731b height=205 version=0x30000000 log2_work=8.686501 tx=2254 date='2025-10-09T05:40:49Z' progress=1.000000 cache=0.3MiB(502txo)
2025-10-09T05:40:58Z Saw new header hash=0f50cbf168b045afa07fc1d4430c7ab4e28cf40ad9fd08f06c63f5cd010ee1ca height=206
2025-10-09T05:40:58Z Saw new cmpctblock header hash=0f50cbf168b045afa07fc1d4430c7ab4e28cf40ad9fd08f06c63f5cd010ee1ca peer=4
2025-10-09T05:40:58Z UpdateTip: new best=0f50cbf168b045afa07fc1d4430c7ab4e28cf40ad9fd08f06c63f5cd010ee1ca height=206 version=0x30000000 log2_work=8.693487 tx=2264 date='2025-10-09T05:40:55Z' progress=1.000000 cache=0.3MiB(502txo)
2025-10-09T05:41:03Z Saw new header hash=14d15d50c900b9c0b78574c434313202e62695730a4962240ebc95c309a01230 height=207
2025-10-09T05:41:03Z Saw new cmpctblock header hash=14d15d50c900b9c0b78574c434313202e62695730a4962240ebc95c309a01230 peer=4
2025-10-09T05:41:03Z UpdateTip: new best=14d15d50c900b9c0b78574c434313202e62695730a4962240ebc95c309a01230 height=207 version=0x30000000 log2_work=8.700440 tx=2274 date='2025-10-09T05:41:00Z' progress=1.000000 cache=0.3MiB(503txo)
2025-10-09T05:41:08Z Saw new header hash=0e5d8af28bbb72e06055af5854389de4434e567274c24d07a6f4d67541aa3fd3 height=208
2025-10-09T05:41:08Z Saw new cmpctblock header hash=0e5d8af28bbb72e06055af5854389de4434e567274c24d07a6f4d67541aa3fd3 peer=4
2025-10-09T05:41:08Z UpdateTip: new best=0e5d8af28bbb72e06055af5854389de4434e567274c24d07a6f4d67541aa3fd3 height=208 version=0x30000000 log2_work=8.707359 tx=2284 date='2025-10-09T05:41:05Z' progress=1.000000 cache=0.3MiB(509txo)
2025-10-09T05:41:13Z Saw new header hash=1efbaf5e05279bb606a9985b119c3a3478d575530a9f2a761d2ad0a9e6a9fd4c height=209
2025-10-09T05:41:13Z Saw new cmpctblock header hash=1efbaf5e05279bb606a9985b119c3a3478d575530a9f2a761d2ad0a9e6a9fd4c peer=4
2025-10-09T05:41:14Z UpdateTip: new best=1efbaf5e05279bb606a9985b119c3a3478d575530a9f2a761d2ad0a9e6a9fd4c height=209 version=0x30000000 log2_work=8.714246 tx=2294 date='2025-10-09T05:41:10Z' progress=1.000000 cache=0.3MiB(510txo)
2025-10-09T05:41:19Z Saw new header hash=7d31a72b819af4cca3ef177d97fad53d44d43c9b7a998686da10a8b6606c28b3 height=210
2025-10-09T05:41:19Z Saw new cmpctblock header hash=7d31a72b819af4cca3ef177d97fad53d44d43c9b7a998686da10a8b6606c28b3 peer=4
2025-10-09T05:41:19Z UpdateTip: new best=7d31a72b819af4cca3ef177d97fad53d44d43c9b7a998686da10a8b6606c28b3 height=210 version=0x30000000 log2_work=8.721099 tx=2304 date='2025-10-09T05:41:16Z' progress=1.000000 cache=0.3MiB(515txo)
2025-10-09T05:41:25Z Saw new header hash=76f2a5fb17f866cbd8b33ec97737dafc700f5c51635e32f1e83619ee5be5ae6f height=211
2025-10-09T05:41:25Z Saw new cmpctblock header hash=76f2a5fb17f866cbd8b33ec97737dafc700f5c51635e32f1e83619ee5be5ae6f peer=4
2025-10-09T05:41:25Z UpdateTip: new best=76f2a5fb17f866cbd8b33ec97737dafc700f5c51635e32f1e83619ee5be5ae6f height=211 version=0x30000000 log2_work=8.727920 tx=2313 date='2025-10-09T05:41:22Z' progress=1.000000 cache=0.3MiB(515txo)
2025-10-09T05:41:30Z Saw new header hash=2173f0e79c59f4094682a2cb344b13400f6530fd38c4b2d146213294bac6d6de height=212
2025-10-09T05:41:30Z Saw new cmpctblock header hash=2173f0e79c59f4094682a2cb344b13400f6530fd38c4b2d146213294bac6d6de peer=4
2025-10-09T05:41:30Z UpdateTip: new best=2173f0e79c59f4094682a2cb344b13400f6530fd38c4b2d146213294bac6d6de height=212 version=0x30000000 log2_work=8.734710 tx=2323 date='2025-10-09T05:41:27Z' progress=1.000000 cache=0.3MiB(520txo)
2025-10-09T05:41:35Z Saw new header hash=58673caaadaab0bd83c0e2a3a4cbadb76b231ff4bc4d394f1b388d936bac23cf height=213
2025-10-09T05:41:35Z Saw new cmpctblock header hash=58673caaadaab0bd83c0e2a3a4cbadb76b231ff4bc4d394f1b388d936bac23cf peer=4
2025-10-09T05:41:35Z UpdateTip: new best=58673caaadaab0bd83c0e2a3a4cbadb76b231ff4bc4d394f1b388d936bac23cf height=213 version=0x30000000 log2_work=8.741467 tx=2333 date='2025-10-09T05:41:32Z' progress=1.000000 cache=0.3MiB(521txo)
2025-10-09T05:41:41Z Saw new header hash=23a943519e1531e884fecd5d22d4ab270e1f840583c78e01b94d2061cdaa2b39 height=214
2025-10-09T05:41:41Z Saw new cmpctblock header hash=23a943519e1531e884fecd5d22d4ab270e1f840583c78e01b94d2061cdaa2b39 peer=4
2025-10-09T05:41:41Z UpdateTip: new best=23a943519e1531e884fecd5d22d4ab270e1f840583c78e01b94d2061cdaa2b39 height=214 version=0x30000000 log2_work=8.748193 tx=2343 date='2025-10-09T05:41:38Z' progress=1.000000 cache=0.3MiB(529txo)
2025-10-09T05:41:46Z Saw new header hash=579431e6adda9bee4350527dce46c00f85ba0491a9a95e2743c73478c5f4b7f9 height=215
2025-10-09T05:41:46Z Saw new cmpctblock header hash=579431e6adda9bee4350527dce46c00f85ba0491a9a95e2743c73478c5f4b7f9 peer=4
2025-10-09T05:41:46Z UpdateTip: new best=579431e6adda9bee4350527dce46c00f85ba0491a9a95e2743c73478c5f4b7f9 height=215 version=0x30000000 log2_work=8.754888 tx=2352 date='2025-10-09T05:41:43Z' progress=1.000000 cache=0.3MiB(533txo)
2025-10-09T05:41:52Z Saw new header hash=3c5e2e6bbf46a216dc74017d97a823ca8ee1c0f1dd5daed1bb464e4be1f4ab89 height=216
2025-10-09T05:41:52Z Saw new cmpctblock header hash=3c5e2e6bbf46a216dc74017d97a823ca8ee1c0f1dd5daed1bb464e4be1f4ab89 peer=4
2025-10-09T05:41:52Z UpdateTip: new best=3c5e2e6bbf46a216dc74017d97a823ca8ee1c0f1dd5daed1bb464e4be1f4ab89 height=216 version=0x30000000 log2_work=8.761551 tx=2362 date='2025-10-09T05:41:49Z' progress=1.000000 cache=0.3MiB(534txo)
2025-10-09T05:41:57Z Saw new header hash=1e844ffb46560031d559c9a7629cab4db149473e07bad211fd9d5848e50b3aeb height=217
2025-10-09T05:41:57Z Saw new cmpctblock header hash=1e844ffb46560031d559c9a7629cab4db149473e07bad211fd9d5848e50b3aeb peer=4
2025-10-09T05:41:57Z UpdateTip: new best=1e844ffb46560031d559c9a7629cab4db149473e07bad211fd9d5848e50b3aeb height=217 version=0x30000000 log2_work=8.768184 tx=2371 date='2025-10-09T05:41:54Z' progress=1.000000 cache=0.3MiB(542txo)
2025-10-09T05:42:03Z Saw new header hash=1af3fc32265a294d89f93afeab748aecf9bb2c7b68f11552d05c83d56e56d335 height=218
2025-10-09T05:42:03Z Saw new cmpctblock header hash=1af3fc32265a294d89f93afeab748aecf9bb2c7b68f11552d05c83d56e56d335 peer=4
2025-10-09T05:42:03Z UpdateTip: new best=1af3fc32265a294d89f93afeab748aecf9bb2c7b68f11552d05c83d56e56d335 height=218 version=0x30000000 log2_work=8.774787 tx=2381 date='2025-10-09T05:42:00Z' progress=1.000000 cache=0.3MiB(547txo)
2025-10-09T05:42:09Z Saw new header hash=1fb01012e9d1db5d92e6a11a50a3f006680c7eb0b9f36b28943a25fb47cd5643 height=219
2025-10-09T05:42:09Z Saw new cmpctblock header hash=1fb01012e9d1db5d92e6a11a50a3f006680c7eb0b9f36b28943a25fb47cd5643 peer=4
2025-10-09T05:42:09Z UpdateTip: new best=1fb01012e9d1db5d92e6a11a50a3f006680c7eb0b9f36b28943a25fb47cd5643 height=219 version=0x30000000 log2_work=8.781360 tx=2391 date='2025-10-09T05:42:05Z' progress=1.000000 cache=0.3MiB(551txo)
2025-10-09T05:42:14Z Saw new header hash=227136d93b2725c0173a7a63d8c8399fbb934644b28ab54f99576c55889d5268 height=220
2025-10-09T05:42:14Z Saw new cmpctblock header hash=227136d93b2725c0173a7a63d8c8399fbb934644b28ab54f99576c55889d5268 peer=4
2025-10-09T05:42:14Z UpdateTip: new best=227136d93b2725c0173a7a63d8c8399fbb934644b28ab54f99576c55889d5268 height=220 version=0x30000000 log2_work=8.787903 tx=2401 date='2025-10-09T05:42:11Z' progress=1.000000 cache=0.3MiB(559txo)
2025-10-09T05:42:19Z Saw new header hash=4412c4c91859ce972e9b222bd2f89a7aaf1f71890c009b7f638078ad1b903536 height=221
2025-10-09T05:42:19Z Saw new cmpctblock header hash=4412c4c91859ce972e9b222bd2f89a7aaf1f71890c009b7f638078ad1b903536 peer=4
2025-10-09T05:42:19Z UpdateTip: new best=4412c4c91859ce972e9b222bd2f89a7aaf1f71890c009b7f638078ad1b903536 height=221 version=0x30000000 log2_work=8.794416 tx=2411 date='2025-10-09T05:42:16Z' progress=1.000000 cache=0.3MiB(568txo)
2025-10-09T05:42:25Z Saw new header hash=19f4ebc01fd0a92d87121af116133cdf02401e745c7e5d4bc7c5ef1ca44e5f60 height=222
2025-10-09T05:42:25Z Saw new cmpctblock header hash=19f4ebc01fd0a92d87121af116133cdf02401e745c7e5d4bc7c5ef1ca44e5f60 peer=4
2025-10-09T05:42:25Z UpdateTip: new best=19f4ebc01fd0a92d87121af116133cdf02401e745c7e5d4bc7c5ef1ca44e5f60 height=222 version=0x30000000 log2_work=8.800900 tx=2420 date='2025-10-09T05:42:22Z' progress=1.000000 cache=0.3MiB(572txo)
2025-10-09T05:42:31Z Saw new header hash=596f562b056dadaad3af059eaac918c502be73489b8f5b067c42bf808e800d58 height=223
2025-10-09T05:42:31Z Saw new cmpctblock header hash=596f562b056dadaad3af059eaac918c502be73489b8f5b067c42bf808e800d58 peer=4
2025-10-09T05:42:31Z UpdateTip: new best=596f562b056dadaad3af059eaac918c502be73489b8f5b067c42bf808e800d58 height=223 version=0x30000000 log2_work=8.807355 tx=2429 date='2025-10-09T05:42:28Z' progress=1.000000 cache=0.3MiB(578txo)
2025-10-09T05:42:36Z Saw new header hash=79a81052bcffcba3db8af7c64d0ddf5215b94734dc947314b92dde88a1dc2e4f height=224
2025-10-09T05:42:36Z Saw new cmpctblock header hash=79a81052bcffcba3db8af7c64d0ddf5215b94734dc947314b92dde88a1dc2e4f peer=4
2025-10-09T05:42:36Z UpdateTip: new best=79a81052bcffcba3db8af7c64d0ddf5215b94734dc947314b92dde88a1dc2e4f height=224 version=0x30000000 log2_work=8.813781 tx=2439 date='2025-10-09T05:42:33Z' progress=1.000000 cache=0.3MiB(580txo)
2025-10-09T05:42:42Z Saw new header hash=159dedc2a41926f0ce7eb2ab45291fbcf0ee537d806e287d2f9f9667c575ec4a height=225
2025-10-09T05:42:42Z Saw new cmpctblock header hash=159dedc2a41926f0ce7eb2ab45291fbcf0ee537d806e287d2f9f9667c575ec4a peer=4
2025-10-09T05:42:42Z UpdateTip: new best=159dedc2a41926f0ce7eb2ab45291fbcf0ee537d806e287d2f9f9667c575ec4a height=225 version=0x30000000 log2_work=8.820179 tx=2449 date='2025-10-09T05:42:39Z' progress=1.000000 cache=0.3MiB(578txo)
2025-10-09T05:42:48Z Saw new header hash=6ee8e94af9417c4f0968c88e0c7fc5412f9e55f253a1d7feb31c193e859139c4 height=226
2025-10-09T05:42:48Z Saw new cmpctblock header hash=6ee8e94af9417c4f0968c88e0c7fc5412f9e55f253a1d7feb31c193e859139c4 peer=4
2025-10-09T05:42:48Z UpdateTip: new best=6ee8e94af9417c4f0968c88e0c7fc5412f9e55f253a1d7feb31c193e859139c4 height=226 version=0x30000000 log2_work=8.826548 tx=2459 date='2025-10-09T05:42:44Z' progress=1.000000 cache=0.3MiB(581txo)
2025-10-09T05:42:53Z Saw new header hash=1d1355cbb176deb7b5f27879df2f94bdca13473dcee227d5966400139e0c27b8 height=227
2025-10-09T05:42:53Z Saw new cmpctblock header hash=1d1355cbb176deb7b5f27879df2f94bdca13473dcee227d5966400139e0c27b8 peer=4
2025-10-09T05:42:53Z UpdateTip: new best=1d1355cbb176deb7b5f27879df2f94bdca13473dcee227d5966400139e0c27b8 height=227 version=0x30000000 log2_work=8.832890 tx=2469 date='2025-10-09T05:42:50Z' progress=1.000000 cache=0.3MiB(587txo)
2025-10-09T05:42:58Z Saw new header hash=0f7c39971c48792a94f12ab445fc10f73ee49c682389b3193fe47d92ae94e115 height=228
2025-10-09T05:42:58Z Saw new cmpctblock header hash=0f7c39971c48792a94f12ab445fc10f73ee49c682389b3193fe47d92ae94e115 peer=4
2025-10-09T05:42:58Z UpdateTip: new best=0f7c39971c48792a94f12ab445fc10f73ee49c682389b3193fe47d92ae94e115 height=228 version=0x30000000 log2_work=8.839204 tx=2479 date='2025-10-09T05:42:55Z' progress=1.000000 cache=0.3MiB(596txo)
2025-10-09T05:43:04Z Saw new header hash=7191193a6a67b5e1cdcf0bf2c91c9682e0c5337b20c29099ff19109342c55280 height=229
2025-10-09T05:43:04Z Saw new cmpctblock header hash=7191193a6a67b5e1cdcf0bf2c91c9682e0c5337b20c29099ff19109342c55280 peer=4
2025-10-09T05:43:04Z UpdateTip: new best=7191193a6a67b5e1cdcf0bf2c91c9682e0c5337b20c29099ff19109342c55280 height=229 version=0x30000000 log2_work=8.845490 tx=2489 date='2025-10-09T05:43:01Z' progress=1.000000 cache=0.3MiB(602txo)
2025-10-09T05:43:09Z Saw new header hash=165fad0c287cc070677bb55556f149e3c39dbf80b1d05114a4c6a586b06fc02a height=230
2025-10-09T05:43:09Z Saw new cmpctblock header hash=165fad0c287cc070677bb55556f149e3c39dbf80b1d05114a4c6a586b06fc02a peer=4
2025-10-09T05:43:09Z UpdateTip: new best=165fad0c287cc070677bb55556f149e3c39dbf80b1d05114a4c6a586b06fc02a height=230 version=0x30000000 log2_work=8.851749 tx=2497 date='2025-10-09T05:43:06Z' progress=1.000000 cache=0.3MiB(607txo)
2025-10-09T05:43:14Z Saw new header hash=7d4a638736e142bd8ab54b3f857dbfcddfecb12557196432ef737b69b7d6cd55 height=231
2025-10-09T05:43:14Z Saw new cmpctblock header hash=7d4a638736e142bd8ab54b3f857dbfcddfecb12557196432ef737b69b7d6cd55 peer=4
2025-10-09T05:43:15Z UpdateTip: new best=7d4a638736e142bd8ab54b3f857dbfcddfecb12557196432ef737b69b7d6cd55 height=231 version=0x30000000 log2_work=8.857981 tx=2507 date='2025-10-09T05:43:11Z' progress=1.000000 cache=0.3MiB(606txo)
2025-10-09T05:43:20Z Saw new header hash=3df3fd88b57dd81f9b31eae63298ed83e7d5c8b5414a0114dcabe76c513b2f89 height=232
2025-10-09T05:43:20Z Saw new cmpctblock header hash=3df3fd88b57dd81f9b31eae63298ed83e7d5c8b5414a0114dcabe76c513b2f89 peer=4
2025-10-09T05:43:20Z UpdateTip: new best=3df3fd88b57dd81f9b31eae63298ed83e7d5c8b5414a0114dcabe76c513b2f89 height=232 version=0x30000000 log2_work=8.864186 tx=2512 date='2025-10-09T05:43:17Z' progress=1.000000 cache=0.3MiB(610txo)
2025-10-09T05:43:26Z Saw new header hash=4d252042b03091062d1713914cfbf44a50f468b1f903a21a2f9a16539f90aa34 height=233
2025-10-09T05:43:26Z Saw new cmpctblock header hash=4d252042b03091062d1713914cfbf44a50f468b1f903a21a2f9a16539f90aa34 peer=4
2025-10-09T05:43:26Z UpdateTip: new best=4d252042b03091062d1713914cfbf44a50f468b1f903a21a2f9a16539f90aa34 height=233 version=0x30000000 log2_work=8.870365 tx=2521 date='2025-10-09T05:43:23Z' progress=1.000000 cache=0.3MiB(611txo)
2025-10-09T05:43:31Z Saw new header hash=2da637b3ef1a1529ce44c7c0ea5c0396ba9b65fa47b69ee008a97be64806f5d5 height=234
2025-10-09T05:43:31Z Saw new cmpctblock header hash=2da637b3ef1a1529ce44c7c0ea5c0396ba9b65fa47b69ee008a97be64806f5d5 peer=4
2025-10-09T05:43:32Z UpdateTip: new best=2da637b3ef1a1529ce44c7c0ea5c0396ba9b65fa47b69ee008a97be64806f5d5 height=234 version=0x30000000 log2_work=8.876517 tx=2529 date='2025-10-09T05:43:28Z' progress=1.000000 cache=0.3MiB(615txo)
2025-10-09T05:43:37Z Saw new header hash=0220c7d3234f4c73efa864b20d52e13bb0ecbab1636098c51637df9879e3755c height=235
2025-10-09T05:43:37Z Saw new cmpctblock header hash=0220c7d3234f4c73efa864b20d52e13bb0ecbab1636098c51637df9879e3755c peer=4
2025-10-09T05:43:37Z UpdateTip: new best=0220c7d3234f4c73efa864b20d52e13bb0ecbab1636098c51637df9879e3755c height=235 version=0x30000000 log2_work=8.882643 tx=2539 date='2025-10-09T05:43:34Z' progress=1.000000 cache=0.3MiB(616txo)
2025-10-09T05:43:42Z Saw new header hash=275408555f4c7f93d55ddb9d0568abc841227a0a2b88d27a131978fdf2946b9c height=236
2025-10-09T05:43:42Z Saw new cmpctblock header hash=275408555f4c7f93d55ddb9d0568abc841227a0a2b88d27a131978fdf2946b9c peer=4
2025-10-09T05:43:43Z UpdateTip: new best=275408555f4c7f93d55ddb9d0568abc841227a0a2b88d27a131978fdf2946b9c height=236 version=0x30000000 log2_work=8.888743 tx=2549 date='2025-10-09T05:43:39Z' progress=1.000000 cache=0.3MiB(620txo)
2025-10-09T05:43:49Z Saw new header hash=4a44a0e3af10574696631cc1e26d2928396486153d2ca0bed47fdde00b6aa387 height=237
2025-10-09T05:43:49Z Saw new cmpctblock header hash=4a44a0e3af10574696631cc1e26d2928396486153d2ca0bed47fdde00b6aa387 peer=4
2025-10-09T05:43:49Z UpdateTip: new best=4a44a0e3af10574696631cc1e26d2928396486153d2ca0bed47fdde00b6aa387 height=237 version=0x30000000 log2_work=8.894818 tx=2559 date='2025-10-09T05:43:45Z' progress=1.000000 cache=0.3MiB(619txo)
2025-10-09T05:43:53Z Saw new header hash=2602b336e157b2e3a5674e158b564cfdb863f6d75ccf491e768a7a1e4cbf4e8a height=238
2025-10-09T05:43:53Z Saw new cmpctblock header hash=2602b336e157b2e3a5674e158b564cfdb863f6d75ccf491e768a7a1e4cbf4e8a peer=4
2025-10-09T05:43:53Z UpdateTip: new best=2602b336e157b2e3a5674e158b564cfdb863f6d75ccf491e768a7a1e4cbf4e8a height=238 version=0x30000000 log2_work=8.900867 tx=2569 date='2025-10-09T05:43:50Z' progress=1.000000 cache=0.3MiB(624txo)
2025-10-09T05:43:59Z Saw new header hash=69b17d3dbc12db532b3a98825f159eb0d9d7f4832bb8d2326d85ebc348296b80 height=239
2025-10-09T05:43:59Z Saw new cmpctblock header hash=69b17d3dbc12db532b3a98825f159eb0d9d7f4832bb8d2326d85ebc348296b80 peer=4
2025-10-09T05:43:59Z UpdateTip: new best=69b17d3dbc12db532b3a98825f159eb0d9d7f4832bb8d2326d85ebc348296b80 height=239 version=0x30000000 log2_work=8.906891 tx=2579 date='2025-10-09T05:43:56Z' progress=1.000000 cache=0.3MiB(622txo)
2025-10-09T05:44:04Z Saw new header hash=45a4a5e8cfb47cb00694e88074d751b01a9332daf1f67a1d463eea73fc543e3b height=240
2025-10-09T05:44:04Z Saw new cmpctblock header hash=45a4a5e8cfb47cb00694e88074d751b01a9332daf1f67a1d463eea73fc543e3b peer=4
2025-10-09T05:44:05Z UpdateTip: new best=45a4a5e8cfb47cb00694e88074d751b01a9332daf1f67a1d463eea73fc543e3b height=240 version=0x30000000 log2_work=8.912889 tx=2588 date='2025-10-09T05:44:01Z' progress=1.000000 cache=0.3MiB(629txo)
2025-10-09T05:44:10Z Saw new header hash=06ed2d792cff1d35090aa2b5e669bf77859da95970422ab5890b4e57936a2bc6 height=241
2025-10-09T05:44:10Z Saw new cmpctblock header hash=06ed2d792cff1d35090aa2b5e669bf77859da95970422ab5890b4e57936a2bc6 peer=4
2025-10-09T05:44:10Z UpdateTip: new best=06ed2d792cff1d35090aa2b5e669bf77859da95970422ab5890b4e57936a2bc6 height=241 version=0x30000000 log2_work=8.918863 tx=2595 date='2025-10-09T05:44:07Z' progress=1.000000 cache=0.3MiB(634txo)
2025-10-09T05:44:15Z Saw new header hash=4272a3d39d7e6e4205b6100fd572c93dd2f04721a1dffb06695ea646975df83d height=242
2025-10-09T05:44:15Z Saw new cmpctblock header hash=4272a3d39d7e6e4205b6100fd572c93dd2f04721a1dffb06695ea646975df83d peer=4
2025-10-09T05:44:15Z UpdateTip: new best=4272a3d39d7e6e4205b6100fd572c93dd2f04721a1dffb06695ea646975df83d height=242 version=0x30000000 log2_work=8.924813 tx=2603 date='2025-10-09T05:44:12Z' progress=1.000000 cache=0.3MiB(631txo)
2025-10-09T05:44:21Z Saw new header hash=6c3f90d6ddf863798892a338f981f86e9a85f4b02f36b318f2de576c9f61b042 height=243
2025-10-09T05:44:21Z Saw new cmpctblock header hash=6c3f90d6ddf863798892a338f981f86e9a85f4b02f36b318f2de576c9f61b042 peer=4
2025-10-09T05:44:21Z UpdateTip: new best=6c3f90d6ddf863798892a338f981f86e9a85f4b02f36b318f2de576c9f61b042 height=243 version=0x30000000 log2_work=8.930737 tx=2613 date='2025-10-09T05:44:18Z' progress=1.000000 cache=0.3MiB(637txo)
2025-10-09T05:44:26Z Saw new header hash=44345ed45d76b7e83248c1bed4e409a89ea0f6f107f0f1ef027f180629186367 height=244
2025-10-09T05:44:26Z Saw new cmpctblock header hash=44345ed45d76b7e83248c1bed4e409a89ea0f6f107f0f1ef027f180629186367 peer=4
2025-10-09T05:44:26Z UpdateTip: new best=44345ed45d76b7e83248c1bed4e409a89ea0f6f107f0f1ef027f180629186367 height=244 version=0x30000000 log2_work=8.936638 tx=2623 date='2025-10-09T05:44:23Z' progress=1.000000 cache=0.3MiB(642txo)
2025-10-09T05:44:32Z Saw new header hash=0be0a9034d912693ebb9e7866e765fd1260897bff3cd6a107f8145cf0949b36e height=245
2025-10-09T05:44:32Z Saw new cmpctblock header hash=0be0a9034d912693ebb9e7866e765fd1260897bff3cd6a107f8145cf0949b36e peer=4
2025-10-09T05:44:32Z UpdateTip: new best=0be0a9034d912693ebb9e7866e765fd1260897bff3cd6a107f8145cf0949b36e height=245 version=0x30000000 log2_work=8.942515 tx=2633 date='2025-10-09T05:44:29Z' progress=1.000000 cache=0.3MiB(639txo)
2025-10-09T05:44:37Z Saw new header hash=7dc70de4c6475e1adf1eb6aff8fddc9437228dcaf69f0d3cac501822d1b53161 height=246
2025-10-09T05:44:37Z Saw new cmpctblock header hash=7dc70de4c6475e1adf1eb6aff8fddc9437228dcaf69f0d3cac501822d1b53161 peer=4
2025-10-09T05:44:37Z UpdateTip: new best=7dc70de4c6475e1adf1eb6aff8fddc9437228dcaf69f0d3cac501822d1b53161 height=246 version=0x30000000 log2_work=8.948367 tx=2643 date='2025-10-09T05:44:34Z' progress=1.000000 cache=0.3MiB(647txo)
2025-10-09T05:44:42Z Saw new header hash=247b8db12b1c337450feac5e7f846f0448133f2909ad6d782f20e12bcae22f6e height=247
2025-10-09T05:44:42Z Saw new cmpctblock header hash=247b8db12b1c337450feac5e7f846f0448133f2909ad6d782f20e12bcae22f6e peer=4
2025-10-09T05:44:43Z UpdateTip: new best=247b8db12b1c337450feac5e7f846f0448133f2909ad6d782f20e12bcae22f6e height=247 version=0x30000000 log2_work=8.954196 tx=2653 date='2025-10-09T05:44:39Z' progress=1.000000 cache=0.3MiB(653txo)
2025-10-09T05:44:49Z Saw new header hash=3d6ca3e6c44446d590fb857027cf393785af95d7808e271ab61b7202482d33a2 height=248
2025-10-09T05:44:49Z Saw new cmpctblock header hash=3d6ca3e6c44446d590fb857027cf393785af95d7808e271ab61b7202482d33a2 peer=4
2025-10-09T05:44:49Z UpdateTip: new best=3d6ca3e6c44446d590fb857027cf393785af95d7808e271ab61b7202482d33a2 height=248 version=0x30000000 log2_work=8.960002 tx=2663 date='2025-10-09T05:44:46Z' progress=1.000000 cache=0.3MiB(655txo)
2025-10-09T05:44:54Z Saw new header hash=6a698a5f342e1b0c5f2aa6ac14c46850aaae6007fcea7d4ed780c12b18ccecfa height=249
2025-10-09T05:44:54Z Saw new cmpctblock header hash=6a698a5f342e1b0c5f2aa6ac14c46850aaae6007fcea7d4ed780c12b18ccecfa peer=4
2025-10-09T05:44:54Z UpdateTip: new best=6a698a5f342e1b0c5f2aa6ac14c46850aaae6007fcea7d4ed780c12b18ccecfa height=249 version=0x30000000 log2_work=8.965784 tx=2671 date='2025-10-09T05:44:51Z' progress=1.000000 cache=0.3MiB(656txo)
2025-10-09T05:45:00Z Saw new header hash=54214e1133274ded2d7eeffa511c585a4e38402edde7da68a94057f105b466d1 height=250
2025-10-09T05:45:00Z Saw new cmpctblock header hash=54214e1133274ded2d7eeffa511c585a4e38402edde7da68a94057f105b466d1 peer=4
2025-10-09T05:45:00Z UpdateTip: new best=54214e1133274ded2d7eeffa511c585a4e38402edde7da68a94057f105b466d1 height=250 version=0x30000000 log2_work=8.971544 tx=2681 date='2025-10-09T05:44:57Z' progress=1.000000 cache=0.3MiB(665txo)
2025-10-09T05:45:05Z Saw new header hash=544c6194e53161d6711674da45d939f33f3f669e625eed70911b35a32362651a height=251
2025-10-09T05:45:05Z Saw new cmpctblock header hash=544c6194e53161d6711674da45d939f33f3f669e625eed70911b35a32362651a peer=4
2025-10-09T05:45:05Z UpdateTip: new best=544c6194e53161d6711674da45d939f33f3f669e625eed70911b35a32362651a height=251 version=0x30000000 log2_work=8.977280 tx=2691 date='2025-10-09T05:45:02Z' progress=1.000000 cache=0.3MiB(662txo)
2025-10-09T05:45:11Z Saw new header hash=7fbcd84415890ea02b2b88c83139d2d48549a0ee53f3bfcccd30cd5af5300cf2 height=252
2025-10-09T05:45:11Z Saw new cmpctblock header hash=7fbcd84415890ea02b2b88c83139d2d48549a0ee53f3bfcccd30cd5af5300cf2 peer=4
2025-10-09T05:45:11Z UpdateTip: new best=7fbcd84415890ea02b2b88c83139d2d48549a0ee53f3bfcccd30cd5af5300cf2 height=252 version=0x30000000 log2_work=8.982994 tx=2701 date='2025-10-09T05:45:08Z' progress=1.000000 cache=0.3MiB(668txo)
2025-10-09T05:45:16Z Saw new header hash=219ee888ab383f981df0f0ac66a2daaff9e0ba02c499beccbc16d9fcdcb920b9 height=253
2025-10-09T05:45:16Z Saw new cmpctblock header hash=219ee888ab383f981df0f0ac66a2daaff9e0ba02c499beccbc16d9fcdcb920b9 peer=4
2025-10-09T05:45:16Z UpdateTip: new best=219ee888ab383f981df0f0ac66a2daaff9e0ba02c499beccbc16d9fcdcb920b9 height=253 version=0x30000000 log2_work=8.988685 tx=2709 date='2025-10-09T05:45:13Z' progress=1.000000 cache=0.3MiB(672txo)
2025-10-09T05:45:21Z Saw new header hash=6fe02f1467ee2cbb7dd75cc1045d9696c0e3512b004883ae8ddbba44efb9e62a height=254
2025-10-09T05:45:21Z Saw new cmpctblock header hash=6fe02f1467ee2cbb7dd75cc1045d9696c0e3512b004883ae8ddbba44efb9e62a peer=4
2025-10-09T05:45:21Z UpdateTip: new best=6fe02f1467ee2cbb7dd75cc1045d9696c0e3512b004883ae8ddbba44efb9e62a height=254 version=0x30000000 log2_work=8.994353 tx=2719 date='2025-10-09T05:45:18Z' progress=1.000000 cache=0.3MiB(676txo)
2025-10-09T05:45:27Z Saw new header hash=1eedd8da0ad41796c0299aab4050d513e302c4a06b92189b92825662849b84eb height=255
2025-10-09T05:45:27Z Saw new cmpctblock header hash=1eedd8da0ad41796c0299aab4050d513e302c4a06b92189b92825662849b84eb peer=4
2025-10-09T05:45:27Z UpdateTip: new best=1eedd8da0ad41796c0299aab4050d513e302c4a06b92189b92825662849b84eb height=255 version=0x30000000 log2_work=9.000000 tx=2727 date='2025-10-09T05:45:24Z' progress=1.000000 cache=0.3MiB(682txo)
2025-10-09T05:45:32Z Saw new header hash=4fd709f12d17dbc73d1f7c415f9da87a021f2971910cd381881edf95b31039e3 height=256
2025-10-09T05:45:32Z Saw new cmpctblock header hash=4fd709f12d17dbc73d1f7c415f9da87a021f2971910cd381881edf95b31039e3 peer=4
2025-10-09T05:45:32Z UpdateTip: new best=4fd709f12d17dbc73d1f7c415f9da87a021f2971910cd381881edf95b31039e3 height=256 version=0x30000000 log2_work=9.005625 tx=2737 date='2025-10-09T05:45:29Z' progress=1.000000 cache=0.3MiB(690txo)
2025-10-09T05:45:38Z Saw new header hash=58e4c9b0232ce7c15971fa4a3df09f174f634bd5a5f2dd63c3b5f3b8bae1ac7d height=257
2025-10-09T05:45:38Z Saw new cmpctblock header hash=58e4c9b0232ce7c15971fa4a3df09f174f634bd5a5f2dd63c3b5f3b8bae1ac7d peer=4
2025-10-09T05:45:38Z UpdateTip: new best=58e4c9b0232ce7c15971fa4a3df09f174f634bd5a5f2dd63c3b5f3b8bae1ac7d height=257 version=0x30000000 log2_work=9.011227 tx=2747 date='2025-10-09T05:45:35Z' progress=1.000000 cache=0.3MiB(695txo)
2025-10-09T05:45:43Z Saw new header hash=1196018081825932d1e908980166721e4480dc4272d58f0d772f17633b42eb3a height=258
2025-10-09T05:45:43Z Saw new cmpctblock header hash=1196018081825932d1e908980166721e4480dc4272d58f0d772f17633b42eb3a peer=4
2025-10-09T05:45:43Z UpdateTip: new best=1196018081825932d1e908980166721e4480dc4272d58f0d772f17633b42eb3a height=258 version=0x30000000 log2_work=9.016808 tx=2757 date='2025-10-09T05:45:40Z' progress=1.000000 cache=0.3MiB(699txo)
2025-10-09T05:45:49Z Saw new header hash=46ae750823d8f5cdc967498d98a481b5ebb3bdc61123ea9145fce39233128127 height=259
2025-10-09T05:45:49Z Saw new cmpctblock header hash=46ae750823d8f5cdc967498d98a481b5ebb3bdc61123ea9145fce39233128127 peer=4
2025-10-09T05:45:49Z UpdateTip: new best=46ae750823d8f5cdc967498d98a481b5ebb3bdc61123ea9145fce39233128127 height=259 version=0x30000000 log2_work=9.022368 tx=2767 date='2025-10-09T05:45:46Z' progress=1.000000 cache=0.3MiB(701txo)
2025-10-09T05:45:55Z Saw new header hash=2770abc1133338cd979c4106ee441ca9009a945789ac86bf04b447beaff32920 height=260
2025-10-09T05:45:55Z Saw new cmpctblock header hash=2770abc1133338cd979c4106ee441ca9009a945789ac86bf04b447beaff32920 peer=4
2025-10-09T05:45:55Z UpdateTip: new best=2770abc1133338cd979c4106ee441ca9009a945789ac86bf04b447beaff32920 height=260 version=0x30000000 log2_work=9.027906 tx=2777 date='2025-10-09T05:45:52Z' progress=1.000000 cache=0.3MiB(711txo)
2025-10-09T05:46:00Z Saw new header hash=0fbc44bdd14f36908a76f7980ea6ffe3e13c6f2614dd9f6cb91d754d3dd9aefb height=261
2025-10-09T05:46:00Z Saw new cmpctblock header hash=0fbc44bdd14f36908a76f7980ea6ffe3e13c6f2614dd9f6cb91d754d3dd9aefb peer=4
2025-10-09T05:46:00Z UpdateTip: new best=0fbc44bdd14f36908a76f7980ea6ffe3e13c6f2614dd9f6cb91d754d3dd9aefb height=261 version=0x30000000 log2_work=9.033423 tx=2787 date='2025-10-09T05:45:57Z' progress=1.000000 cache=0.3MiB(708txo)
2025-10-09T05:46:05Z Saw new header hash=6d58764053590ff0e75ab147ee1244e6547d9cc85028ef55ee277984276ed6f2 height=262
2025-10-09T05:46:05Z Saw new cmpctblock header hash=6d58764053590ff0e75ab147ee1244e6547d9cc85028ef55ee277984276ed6f2 peer=4
2025-10-09T05:46:06Z UpdateTip: new best=6d58764053590ff0e75ab147ee1244e6547d9cc85028ef55ee277984276ed6f2 height=262 version=0x30000000 log2_work=9.038919 tx=2797 date='2025-10-09T05:46:03Z' progress=1.000000 cache=0.3MiB(716txo)
2025-10-09T05:46:11Z Saw new header hash=7b143c337a0a54d54456f4a44b16be69064a679f8961d125dad53dcf77c8573d height=263
2025-10-09T05:46:11Z Saw new cmpctblock header hash=7b143c337a0a54d54456f4a44b16be69064a679f8961d125dad53dcf77c8573d peer=4
2025-10-09T05:46:11Z UpdateTip: new best=7b143c337a0a54d54456f4a44b16be69064a679f8961d125dad53dcf77c8573d height=263 version=0x30000000 log2_work=9.044394 tx=2806 date='2025-10-09T05:46:08Z' progress=1.000000 cache=0.3MiB(722txo)
2025-10-09T05:46:17Z Saw new header hash=33750edffde6cafc518a096657cc8044cfceb5e508c5c49f4a1b270345cb5225 height=264
2025-10-09T05:46:17Z Saw new cmpctblock header hash=33750edffde6cafc518a096657cc8044cfceb5e508c5c49f4a1b270345cb5225 peer=4
2025-10-09T05:46:17Z UpdateTip: new best=33750edffde6cafc518a096657cc8044cfceb5e508c5c49f4a1b270345cb5225 height=264 version=0x30000000 log2_work=9.049849 tx=2816 date='2025-10-09T05:46:14Z' progress=1.000000 cache=0.3MiB(729txo)
2025-10-09T05:46:22Z Saw new header hash=67b809e475b540a4d76656706f6c8628ce58630bab42d68a81c5110a769069f5 height=265
2025-10-09T05:46:22Z Saw new cmpctblock header hash=67b809e475b540a4d76656706f6c8628ce58630bab42d68a81c5110a769069f5 peer=4
2025-10-09T05:46:22Z UpdateTip: new best=67b809e475b540a4d76656706f6c8628ce58630bab42d68a81c5110a769069f5 height=265 version=0x30000000 log2_work=9.055282 tx=2826 date='2025-10-09T05:46:19Z' progress=1.000000 cache=0.3MiB(726txo)
2025-10-09T05:46:27Z Saw new header hash=52eaa9f7eb5ec8fea02121831ce52be74489161ae3b9d6ce936e3ebc92156ffd height=266
2025-10-09T05:46:27Z Saw new cmpctblock header hash=52eaa9f7eb5ec8fea02121831ce52be74489161ae3b9d6ce936e3ebc92156ffd peer=4
2025-10-09T05:46:27Z UpdateTip: new best=52eaa9f7eb5ec8fea02121831ce52be74489161ae3b9d6ce936e3ebc92156ffd height=266 version=0x30000000 log2_work=9.060696 tx=2835 date='2025-10-09T05:46:24Z' progress=1.000000 cache=0.3MiB(732txo)
2025-10-09T05:46:33Z Saw new header hash=192ed82aafbd5016673c29f406ab82c0987f3e1f0e35f226e6a057bf15a1b628 height=267
2025-10-09T05:46:33Z Saw new cmpctblock header hash=192ed82aafbd5016673c29f406ab82c0987f3e1f0e35f226e6a057bf15a1b628 peer=4
2025-10-09T05:46:33Z UpdateTip: new best=192ed82aafbd5016673c29f406ab82c0987f3e1f0e35f226e6a057bf15a1b628 height=267 version=0x30000000 log2_work=9.066089 tx=2845 date='2025-10-09T05:46:30Z' progress=1.000000 cache=0.3MiB(738txo)
2025-10-09T05:46:38Z Saw new header hash=563fb95eec894a9770b42f3b65c7969e4206f64791e7c50522cc36822f0d4b59 height=268
2025-10-09T05:46:38Z Saw new cmpctblock header hash=563fb95eec894a9770b42f3b65c7969e4206f64791e7c50522cc36822f0d4b59 peer=4
2025-10-09T05:46:38Z UpdateTip: new best=563fb95eec894a9770b42f3b65c7969e4206f64791e7c50522cc36822f0d4b59 height=268 version=0x30000000 log2_work=9.071462 tx=2852 date='2025-10-09T05:46:35Z' progress=1.000000 cache=0.3MiB(746txo)
2025-10-09T05:46:43Z Saw new header hash=397b5f06ddaf0399abb008628bdd09738eb094dc2c638608fcd8b3b27622a693 height=269
2025-10-09T05:46:43Z Saw new cmpctblock header hash=397b5f06ddaf0399abb008628bdd09738eb094dc2c638608fcd8b3b27622a693 peer=4
2025-10-09T05:46:43Z UpdateTip: new best=397b5f06ddaf0399abb008628bdd09738eb094dc2c638608fcd8b3b27622a693 height=269 version=0x30000000 log2_work=9.076816 tx=2862 date='2025-10-09T05:46:40Z' progress=1.000000 cache=0.3MiB(749txo)
2025-10-09T05:46:50Z Saw new header hash=08ac1f0b15d44b8a5675b39b0b583a5cd3e1187a88ee00da795f98c9d920292c height=270
2025-10-09T05:46:50Z Saw new cmpctblock header hash=08ac1f0b15d44b8a5675b39b0b583a5cd3e1187a88ee00da795f98c9d920292c peer=4
2025-10-09T05:46:50Z UpdateTip: new best=08ac1f0b15d44b8a5675b39b0b583a5cd3e1187a88ee00da795f98c9d920292c height=270 version=0x30000000 log2_work=9.082149 tx=2872 date='2025-10-09T05:46:46Z' progress=1.000000 cache=0.3MiB(754txo)
2025-10-09T05:46:55Z Saw new header hash=7abe01b85a0d8b1fcf166dc1502fe03c565ea393dece2353e26cd5f8e5904607 height=271
2025-10-09T05:46:55Z Saw new cmpctblock header hash=7abe01b85a0d8b1fcf166dc1502fe03c565ea393dece2353e26cd5f8e5904607 peer=4
2025-10-09T05:46:55Z UpdateTip: new best=7abe01b85a0d8b1fcf166dc1502fe03c565ea393dece2353e26cd5f8e5904607 height=271 version=0x30000000 log2_work=9.087463 tx=2882 date='2025-10-09T05:46:51Z' progress=1.000000 cache=0.3MiB(758txo)
2025-10-09T05:47:00Z Saw new header hash=142b08071816d13a8441427efca8e17b4844bb89707af350793bc565a81aa37f height=272
2025-10-09T05:47:00Z Saw new cmpctblock header hash=142b08071816d13a8441427efca8e17b4844bb89707af350793bc565a81aa37f peer=4
2025-10-09T05:47:00Z UpdateTip: new best=142b08071816d13a8441427efca8e17b4844bb89707af350793bc565a81aa37f height=272 version=0x30000000 log2_work=9.092757 tx=2892 date='2025-10-09T05:46:57Z' progress=1.000000 cache=0.3MiB(758txo)
2025-10-09T05:47:05Z Saw new header hash=4ebadea325604526ced2c647e18403db799b95afff68f3f9c3b58cad8f3ca88c height=273
2025-10-09T05:47:05Z Saw new cmpctblock header hash=4ebadea325604526ced2c647e18403db799b95afff68f3f9c3b58cad8f3ca88c peer=4
2025-10-09T05:47:05Z UpdateTip: new best=4ebadea325604526ced2c647e18403db799b95afff68f3f9c3b58cad8f3ca88c height=273 version=0x30000000 log2_work=9.098032 tx=2902 date='2025-10-09T05:47:02Z' progress=1.000000 cache=0.3MiB(762txo)
2025-10-09T05:47:11Z Saw new header hash=5df93f8ff8f050ffef34665c113b5055f6c413924814a46c9023676961b4054e height=274
2025-10-09T05:47:11Z Saw new cmpctblock header hash=5df93f8ff8f050ffef34665c113b5055f6c413924814a46c9023676961b4054e peer=4
2025-10-09T05:47:11Z UpdateTip: new best=5df93f8ff8f050ffef34665c113b5055f6c413924814a46c9023676961b4054e height=274 version=0x30000000 log2_work=9.103288 tx=2911 date='2025-10-09T05:47:08Z' progress=1.000000 cache=0.3MiB(766txo)
2025-10-09T05:47:16Z Saw new header hash=57993010941bdf890dc8904527689cfce5c742c1d839e34678d73267a18549bd height=275
2025-10-09T05:47:16Z Saw new cmpctblock header hash=57993010941bdf890dc8904527689cfce5c742c1d839e34678d73267a18549bd peer=4
2025-10-09T05:47:16Z UpdateTip: new best=57993010941bdf890dc8904527689cfce5c742c1d839e34678d73267a18549bd height=275 version=0x30000000 log2_work=9.108524 tx=2919 date='2025-10-09T05:47:13Z' progress=1.000000 cache=0.3MiB(768txo)
2025-10-09T05:47:22Z Saw new header hash=21d1f1b60909b0c968070bd261c7e122714269a6e3d881c4be8fa5c0c68e67b1 height=276
2025-10-09T05:47:22Z Saw new cmpctblock header hash=21d1f1b60909b0c968070bd261c7e122714269a6e3d881c4be8fa5c0c68e67b1 peer=4
2025-10-09T05:47:22Z UpdateTip: new best=21d1f1b60909b0c968070bd261c7e122714269a6e3d881c4be8fa5c0c68e67b1 height=276 version=0x30000000 log2_work=9.113742 tx=2929 date='2025-10-09T05:47:19Z' progress=1.000000 cache=0.3MiB(763txo)
2025-10-09T05:47:27Z Saw new header hash=7b5472760e7841fbc7bdeaf985e3dce67783be1eb1cf5e1d3c2e32fd9be64101 height=277
2025-10-09T05:47:27Z Saw new cmpctblock header hash=7b5472760e7841fbc7bdeaf985e3dce67783be1eb1cf5e1d3c2e32fd9be64101 peer=4
2025-10-09T05:47:27Z UpdateTip: new best=7b5472760e7841fbc7bdeaf985e3dce67783be1eb1cf5e1d3c2e32fd9be64101 height=277 version=0x30000000 log2_work=9.118941 tx=2939 date='2025-10-09T05:47:24Z' progress=1.000000 cache=0.3MiB(769txo)
2025-10-09T05:47:32Z Saw new header hash=093ee4ad2557bc111aa5326c2c36ef31ce390d100889daed794e691266a48467 height=278
2025-10-09T05:47:32Z Saw new cmpctblock header hash=093ee4ad2557bc111aa5326c2c36ef31ce390d100889daed794e691266a48467 peer=4
2025-10-09T05:47:33Z UpdateTip: new best=093ee4ad2557bc111aa5326c2c36ef31ce390d100889daed794e691266a48467 height=278 version=0x30000000 log2_work=9.124121 tx=2949 date='2025-10-09T05:47:29Z' progress=1.000000 cache=0.3MiB(773txo)
2025-10-09T05:47:38Z Saw new header hash=2c9f232e016aa29e340d16183c775b47b3b68869fd2287cfc4f4dcc48c1a4f19 height=279
2025-10-09T05:47:38Z Saw new cmpctblock header hash=2c9f232e016aa29e340d16183c775b47b3b68869fd2287cfc4f4dcc48c1a4f19 peer=4
2025-10-09T05:47:38Z UpdateTip: new best=2c9f232e016aa29e340d16183c775b47b3b68869fd2287cfc4f4dcc48c1a4f19 height=279 version=0x30000000 log2_work=9.129283 tx=2959 date='2025-10-09T05:47:35Z' progress=1.000000 cache=0.3MiB(767txo)
2025-10-09T05:47:44Z Saw new header hash=73e4647c8d7b4fe9c1f62ac54fb60b7be4db63a72fb1a51b27f081ea275888dd height=280
2025-10-09T05:47:44Z Saw new cmpctblock header hash=73e4647c8d7b4fe9c1f62ac54fb60b7be4db63a72fb1a51b27f081ea275888dd peer=4
2025-10-09T05:47:44Z UpdateTip: new best=73e4647c8d7b4fe9c1f62ac54fb60b7be4db63a72fb1a51b27f081ea275888dd height=280 version=0x30000000 log2_work=9.134426 tx=2968 date='2025-10-09T05:47:41Z' progress=1.000000 cache=0.3MiB(773txo)
2025-10-09T05:47:49Z Saw new header hash=3c152a10c90ed104b4eac75ca89aad592eb470d5c9980adecafd46c2d5c4342e height=281
2025-10-09T05:47:49Z Saw new cmpctblock header hash=3c152a10c90ed104b4eac75ca89aad592eb470d5c9980adecafd46c2d5c4342e peer=4
2025-10-09T05:47:49Z UpdateTip: new best=3c152a10c90ed104b4eac75ca89aad592eb470d5c9980adecafd46c2d5c4342e height=281 version=0x30000000 log2_work=9.139551 tx=2978 date='2025-10-09T05:47:46Z' progress=1.000000 cache=0.3MiB(779txo)
2025-10-09T05:47:55Z Saw new header hash=1d47b0431fefa3dd77f124123ff1387d2e8ce53d2586319d16750a8f0c320486 height=282
2025-10-09T05:47:55Z Saw new cmpctblock header hash=1d47b0431fefa3dd77f124123ff1387d2e8ce53d2586319d16750a8f0c320486 peer=4
2025-10-09T05:47:55Z UpdateTip: new best=1d47b0431fefa3dd77f124123ff1387d2e8ce53d2586319d16750a8f0c320486 height=282 version=0x30000000 log2_work=9.144658 tx=2986 date='2025-10-09T05:47:52Z' progress=1.000000 cache=0.3MiB(777txo)
2025-10-09T05:48:00Z Saw new header hash=2e85b3e867b42d0f3ca3bd966931dadfe6e4d021d2676707564972cb8416899a height=283
2025-10-09T05:48:00Z Saw new cmpctblock header hash=2e85b3e867b42d0f3ca3bd966931dadfe6e4d021d2676707564972cb8416899a peer=4
2025-10-09T05:48:00Z UpdateTip: new best=2e85b3e867b42d0f3ca3bd966931dadfe6e4d021d2676707564972cb8416899a height=283 version=0x30000000 log2_work=9.149747 tx=2996 date='2025-10-09T05:47:57Z' progress=1.000000 cache=0.3MiB(780txo)
2025-10-09T05:48:05Z Saw new header hash=6e604e1dbf0b12d0ab81b6f6e2cd17574d5e9923f77a3b8d204cf6c341947920 height=284
2025-10-09T05:48:05Z Saw new cmpctblock header hash=6e604e1dbf0b12d0ab81b6f6e2cd17574d5e9923f77a3b8d204cf6c341947920 peer=4
2025-10-09T05:48:05Z UpdateTip: new best=6e604e1dbf0b12d0ab81b6f6e2cd17574d5e9923f77a3b8d204cf6c341947920 height=284 version=0x30000000 log2_work=9.154818 tx=3006 date='2025-10-09T05:48:02Z' progress=1.000000 cache=0.3MiB(779txo)
2025-10-09T05:48:11Z Saw new header hash=21413b4d821f76433a4d91f6c662ae82eb3a3fd7adccf3c174a90a07d2c9dd3a height=285
2025-10-09T05:48:11Z Saw new cmpctblock header hash=21413b4d821f76433a4d91f6c662ae82eb3a3fd7adccf3c174a90a07d2c9dd3a peer=4
2025-10-09T05:48:11Z UpdateTip: new best=21413b4d821f76433a4d91f6c662ae82eb3a3fd7adccf3c174a90a07d2c9dd3a height=285 version=0x30000000 log2_work=9.159871 tx=3016 date='2025-10-09T05:48:08Z' progress=1.000000 cache=0.3MiB(782txo)
2025-10-09T05:48:16Z Saw new header hash=2eafc9f4f7ff617ecdd4f6c8155277f9b7f1f2094edd59b43f5c5c8378415b67 height=286
2025-10-09T05:48:16Z Saw new cmpctblock header hash=2eafc9f4f7ff617ecdd4f6c8155277f9b7f1f2094edd59b43f5c5c8378415b67 peer=4
2025-10-09T05:48:17Z UpdateTip: new best=2eafc9f4f7ff617ecdd4f6c8155277f9b7f1f2094edd59b43f5c5c8378415b67 height=286 version=0x30000000 log2_work=9.164907 tx=3025 date='2025-10-09T05:48:14Z' progress=1.000000 cache=0.3MiB(787txo)
2025-10-09T05:48:22Z Saw new header hash=603fd6198ddef367008e672dae051164313c5eee05bde26e6031259d70cb73fa height=287
2025-10-09T05:48:22Z Saw new cmpctblock header hash=603fd6198ddef367008e672dae051164313c5eee05bde26e6031259d70cb73fa peer=4
2025-10-09T05:48:22Z UpdateTip: new best=603fd6198ddef367008e672dae051164313c5eee05bde26e6031259d70cb73fa height=287 version=0x30000000 log2_work=9.169925 tx=3032 date='2025-10-09T05:48:19Z' progress=1.000000 cache=0.3MiB(789txo)
2025-10-09T05:48:27Z Saw new header hash=5cffd0c8c0225f101eb140391466db9e1d5673704c9cbf1dfbbeaadaa1fb8be9 height=288
2025-10-09T05:48:27Z Saw new cmpctblock header hash=5cffd0c8c0225f101eb140391466db9e1d5673704c9cbf1dfbbeaadaa1fb8be9 peer=4
2025-10-09T05:48:27Z UpdateTip: new best=5cffd0c8c0225f101eb140391466db9e1d5673704c9cbf1dfbbeaadaa1fb8be9 height=288 version=0x30000000 log2_work=9.174926 tx=3042 date='2025-10-09T05:48:24Z' progress=1.000000 cache=0.3MiB(792txo)
2025-10-09T05:48:32Z Saw new header hash=07935a36c70923fa1c2d75e43fd8ff97de1ac97ddb40ef6b88c611321d5bf735 height=289
2025-10-09T05:48:32Z Saw new cmpctblock header hash=07935a36c70923fa1c2d75e43fd8ff97de1ac97ddb40ef6b88c611321d5bf735 peer=4
2025-10-09T05:48:33Z UpdateTip: new best=07935a36c70923fa1c2d75e43fd8ff97de1ac97ddb40ef6b88c611321d5bf735 height=289 version=0x30000000 log2_work=9.179909 tx=3050 date='2025-10-09T05:48:29Z' progress=1.000000 cache=0.3MiB(796txo)
2025-10-09T05:48:38Z Saw new header hash=45b64579bdd21247857fa423cf1cdcd3386f5af1bae3ec2506cae9d78cd110dc height=290
2025-10-09T05:48:38Z Saw new cmpctblock header hash=45b64579bdd21247857fa423cf1cdcd3386f5af1bae3ec2506cae9d78cd110dc peer=4
2025-10-09T05:48:38Z UpdateTip: new best=45b64579bdd21247857fa423cf1cdcd3386f5af1bae3ec2506cae9d78cd110dc height=290 version=0x30000000 log2_work=9.184875 tx=3058 date='2025-10-09T05:48:35Z' progress=1.000000 cache=0.3MiB(802txo)
2025-10-09T05:48:46Z Saw new header hash=1ab8ec045ae8cfa34c84cf07226a9d6f9d2e4c578b3f539998e636754c0dcaa7 height=291
2025-10-09T05:48:46Z Saw new cmpctblock header hash=1ab8ec045ae8cfa34c84cf07226a9d6f9d2e4c578b3f539998e636754c0dcaa7 peer=4
2025-10-09T05:48:46Z UpdateTip: new best=1ab8ec045ae8cfa34c84cf07226a9d6f9d2e4c578b3f539998e636754c0dcaa7 height=291 version=0x30000000 log2_work=9.189825 tx=3067 date='2025-10-09T05:48:42Z' progress=1.000000 cache=0.3MiB(803txo)
2025-10-09T05:48:51Z Saw new header hash=33385c0ff5210ef0f3b60e67ea995728afe78bb32cc1db91fae96c6003daa865 height=292
2025-10-09T05:48:51Z Saw new cmpctblock header hash=33385c0ff5210ef0f3b60e67ea995728afe78bb32cc1db91fae96c6003daa865 peer=4
2025-10-09T05:48:51Z UpdateTip: new best=33385c0ff5210ef0f3b60e67ea995728afe78bb32cc1db91fae96c6003daa865 height=292 version=0x30000000 log2_work=9.194757 tx=3077 date='2025-10-09T05:48:48Z' progress=1.000000 cache=0.3MiB(807txo)
2025-10-09T05:48:57Z Saw new header hash=79573982a969e45b8ef596b9fca6b9ec94cb25d10e7440f2b2a9c5240c79134b height=293
2025-10-09T05:48:57Z Saw new cmpctblock header hash=79573982a969e45b8ef596b9fca6b9ec94cb25d10e7440f2b2a9c5240c79134b peer=4
2025-10-09T05:48:57Z UpdateTip: new best=79573982a969e45b8ef596b9fca6b9ec94cb25d10e7440f2b2a9c5240c79134b height=293 version=0x30000000 log2_work=9.199672 tx=3086 date='2025-10-09T05:48:53Z' progress=1.000000 cache=0.3MiB(806txo)
2025-10-09T05:49:02Z Saw new header hash=711d2d4bf72ffb4128dbbf94e6895a376de359ba446f5928d45aa781e4cb690b height=294
2025-10-09T05:49:02Z Saw new cmpctblock header hash=711d2d4bf72ffb4128dbbf94e6895a376de359ba446f5928d45aa781e4cb690b peer=4
2025-10-09T05:49:02Z UpdateTip: new best=711d2d4bf72ffb4128dbbf94e6895a376de359ba446f5928d45aa781e4cb690b height=294 version=0x30000000 log2_work=9.204571 tx=3094 date='2025-10-09T05:48:59Z' progress=1.000000 cache=0.3MiB(805txo)
2025-10-09T05:49:07Z Saw new header hash=635547140ef370e27320825f7751abcf9a8747a4d8d1aaeb2318625998cd4efd height=295
2025-10-09T05:49:07Z Saw new cmpctblock header hash=635547140ef370e27320825f7751abcf9a8747a4d8d1aaeb2318625998cd4efd peer=4
2025-10-09T05:49:07Z UpdateTip: new best=635547140ef370e27320825f7751abcf9a8747a4d8d1aaeb2318625998cd4efd height=295 version=0x30000000 log2_work=9.209453 tx=3104 date='2025-10-09T05:49:04Z' progress=1.000000 cache=0.3MiB(813txo)
2025-10-09T05:49:13Z Saw new header hash=3f9b451b8dce257595607c79e18fff4d406fd917062ca9affd3e723dedce701d height=296
2025-10-09T05:49:13Z Saw new cmpctblock header hash=3f9b451b8dce257595607c79e18fff4d406fd917062ca9affd3e723dedce701d peer=4
2025-10-09T05:49:13Z UpdateTip: new best=3f9b451b8dce257595607c79e18fff4d406fd917062ca9affd3e723dedce701d height=296 version=0x30000000 log2_work=9.214319 tx=3114 date='2025-10-09T05:49:09Z' progress=1.000000 cache=0.3MiB(813txo)
2025-10-09T05:49:18Z Saw new header hash=07876acc1cc12a72f0614955ae8676480e868d46ac32b8dc1d113cc6d85dd7d7 height=297
2025-10-09T05:49:18Z Saw new cmpctblock header hash=07876acc1cc12a72f0614955ae8676480e868d46ac32b8dc1d113cc6d85dd7d7 peer=4
2025-10-09T05:49:18Z UpdateTip: new best=07876acc1cc12a72f0614955ae8676480e868d46ac32b8dc1d113cc6d85dd7d7 height=297 version=0x30000000 log2_work=9.219169 tx=3124 date='2025-10-09T05:49:15Z' progress=1.000000 cache=0.3MiB(817txo)
2025-10-09T05:49:23Z Saw new header hash=22c074c06270a29153adb71d3d993c76aa5c82f364c5a1d951cdb1494c129591 height=298
2025-10-09T05:49:23Z Saw new cmpctblock header hash=22c074c06270a29153adb71d3d993c76aa5c82f364c5a1d951cdb1494c129591 peer=4
2025-10-09T05:49:23Z UpdateTip: new best=22c074c06270a29153adb71d3d993c76aa5c82f364c5a1d951cdb1494c129591 height=298 version=0x30000000 log2_work=9.224002 tx=3134 date='2025-10-09T05:49:20Z' progress=1.000000 cache=0.3MiB(823txo)
2025-10-09T05:49:28Z Saw new header hash=2deaf1e7f211b4cf2b1cda8d67b299921b52eccd5937c14055eca1bb7bbed3a2 height=299
2025-10-09T05:49:28Z Saw new cmpctblock header hash=2deaf1e7f211b4cf2b1cda8d67b299921b52eccd5937c14055eca1bb7bbed3a2 peer=4
2025-10-09T05:49:29Z UpdateTip: new best=2deaf1e7f211b4cf2b1cda8d67b299921b52eccd5937c14055eca1bb7bbed3a2 height=299 version=0x30000000 log2_work=9.228819 tx=3144 date='2025-10-09T05:49:25Z' progress=1.000000 cache=0.3MiB(828txo)
2025-10-09T05:49:35Z Saw new header hash=623c25cd46fc95953688d24ebdb760698abc22c0bbfda6d4f7a6ac4dddf201b7 height=300
2025-10-09T05:49:35Z Saw new cmpctblock header hash=623c25cd46fc95953688d24ebdb760698abc22c0bbfda6d4f7a6ac4dddf201b7 peer=4
2025-10-09T05:49:35Z UpdateTip: new best=623c25cd46fc95953688d24ebdb760698abc22c0bbfda6d4f7a6ac4dddf201b7 height=300 version=0x30000000 log2_work=9.233620 tx=3154 date='2025-10-09T05:49:31Z' progress=1.000000 cache=0.3MiB(830txo)
2025-10-09T05:49:40Z Saw new header hash=0b8d2f19d53dd130a76b788043093807734001c7d60f8d63153e9f71f433397a height=301
2025-10-09T05:49:40Z Saw new cmpctblock header hash=0b8d2f19d53dd130a76b788043093807734001c7d60f8d63153e9f71f433397a peer=4
2025-10-09T05:49:40Z UpdateTip: new best=0b8d2f19d53dd130a76b788043093807734001c7d60f8d63153e9f71f433397a height=301 version=0x30000000 log2_work=9.238405 tx=3162 date='2025-10-09T05:49:37Z' progress=1.000000 cache=0.3MiB(831txo)
2025-10-09T05:49:45Z Saw new header hash=3defafe6824512626ffe1960404a42d25740117f8f37894a2b6b3c255935daca height=302
2025-10-09T05:49:45Z Saw new cmpctblock header hash=3defafe6824512626ffe1960404a42d25740117f8f37894a2b6b3c255935daca peer=4
2025-10-09T05:49:45Z UpdateTip: new best=3defafe6824512626ffe1960404a42d25740117f8f37894a2b6b3c255935daca height=302 version=0x30000000 log2_work=9.243174 tx=3172 date='2025-10-09T05:49:42Z' progress=1.000000 cache=0.3MiB(831txo)
2025-10-09T05:49:50Z Saw new header hash=7c98c194bc53b7205527fc47411cc5cc29393721420e4ad771130646d0341e58 height=303
2025-10-09T05:49:50Z Saw new cmpctblock header hash=7c98c194bc53b7205527fc47411cc5cc29393721420e4ad771130646d0341e58 peer=4
2025-10-09T05:49:50Z UpdateTip: new best=7c98c194bc53b7205527fc47411cc5cc29393721420e4ad771130646d0341e58 height=303 version=0x30000000 log2_work=9.247928 tx=3180 date='2025-10-09T05:49:47Z' progress=1.000000 cache=0.3MiB(833txo)
2025-10-09T05:49:57Z Saw new header hash=6e3d5442ebbbdee281376c87d3d88826618021a128d84e9592820a985dd9981b height=304
2025-10-09T05:49:57Z Saw new cmpctblock header hash=6e3d5442ebbbdee281376c87d3d88826618021a128d84e9592820a985dd9981b peer=4
2025-10-09T05:49:57Z UpdateTip: new best=6e3d5442ebbbdee281376c87d3d88826618021a128d84e9592820a985dd9981b height=304 version=0x30000000 log2_work=9.252665 tx=3190 date='2025-10-09T05:49:54Z' progress=1.000000 cache=0.3MiB(832txo)
2025-10-09T05:50:02Z Saw new header hash=6dc3ed3aede6ecd9a289b24c874d015c60cc4f3a7dd9fae33430192c3c438f67 height=305
2025-10-09T05:50:02Z Saw new cmpctblock header hash=6dc3ed3aede6ecd9a289b24c874d015c60cc4f3a7dd9fae33430192c3c438f67 peer=4
2025-10-09T05:50:03Z UpdateTip: new best=6dc3ed3aede6ecd9a289b24c874d015c60cc4f3a7dd9fae33430192c3c438f67 height=305 version=0x30000000 log2_work=9.257388 tx=3200 date='2025-10-09T05:49:59Z' progress=1.000000 cache=0.3MiB(842txo)
2025-10-09T05:50:08Z Saw new header hash=6446ae5e5821df2ecc10445169b5065a40a5d108ab21fc868875552a6b71de51 height=306
2025-10-09T05:50:08Z Saw new cmpctblock header hash=6446ae5e5821df2ecc10445169b5065a40a5d108ab21fc868875552a6b71de51 peer=4
2025-10-09T05:50:08Z UpdateTip: new best=6446ae5e5821df2ecc10445169b5065a40a5d108ab21fc868875552a6b71de51 height=306 version=0x30000000 log2_work=9.262095 tx=3210 date='2025-10-09T05:50:05Z' progress=1.000000 cache=0.3MiB(848txo)
2025-10-09T05:50:14Z Saw new header hash=5895cbeec3058c19b9afa106c001d7577dee560b240543f198ae0e665bef1488 height=307
2025-10-09T05:50:14Z Saw new cmpctblock header hash=5895cbeec3058c19b9afa106c001d7577dee560b240543f198ae0e665bef1488 peer=4
2025-10-09T05:50:14Z UpdateTip: new best=5895cbeec3058c19b9afa106c001d7577dee560b240543f198ae0e665bef1488 height=307 version=0x30000000 log2_work=9.266787 tx=3220 date='2025-10-09T05:50:11Z' progress=1.000000 cache=0.3MiB(849txo)
2025-10-09T05:50:20Z Saw new header hash=7bca398161fe75248ce6538fe37b6e118396d36e1180a126577d2db7b7431252 height=308
2025-10-09T05:50:20Z Saw new cmpctblock header hash=7bca398161fe75248ce6538fe37b6e118396d36e1180a126577d2db7b7431252 peer=4
2025-10-09T05:50:20Z UpdateTip: new best=7bca398161fe75248ce6538fe37b6e118396d36e1180a126577d2db7b7431252 height=308 version=0x30000000 log2_work=9.271463 tx=3230 date='2025-10-09T05:50:17Z' progress=1.000000 cache=0.3MiB(859txo)
2025-10-09T05:50:26Z Saw new header hash=2b7ccca2b12c6d888b59b4cb1af9d86fc8170699b897268920b5c65258a72676 height=309
2025-10-09T05:50:26Z Saw new cmpctblock header hash=2b7ccca2b12c6d888b59b4cb1af9d86fc8170699b897268920b5c65258a72676 peer=4
2025-10-09T05:50:26Z UpdateTip: new best=2b7ccca2b12c6d888b59b4cb1af9d86fc8170699b897268920b5c65258a72676 height=309 version=0x30000000 log2_work=9.276124 tx=3239 date='2025-10-09T05:50:23Z' progress=1.000000 cache=0.3MiB(864txo)
2025-10-09T05:50:31Z Saw new header hash=3e0aecc0913419fab9440b4e250908823cff583295da86aa0c26415797302d36 height=310
2025-10-09T05:50:31Z Saw new cmpctblock header hash=3e0aecc0913419fab9440b4e250908823cff583295da86aa0c26415797302d36 peer=4
2025-10-09T05:50:31Z UpdateTip: new best=3e0aecc0913419fab9440b4e250908823cff583295da86aa0c26415797302d36 height=310 version=0x30000000 log2_work=9.280771 tx=3248 date='2025-10-09T05:50:28Z' progress=1.000000 cache=0.3MiB(872txo)
2025-10-09T05:50:36Z Saw new header hash=486ff0283acfc22734727bc44bbb715642901f91dd9551abf6d332bd02130cd9 height=311
2025-10-09T05:50:36Z Saw new cmpctblock header hash=486ff0283acfc22734727bc44bbb715642901f91dd9551abf6d332bd02130cd9 peer=4
2025-10-09T05:50:37Z UpdateTip: new best=486ff0283acfc22734727bc44bbb715642901f91dd9551abf6d332bd02130cd9 height=311 version=0x30000000 log2_work=9.285402 tx=3258 date='2025-10-09T05:50:33Z' progress=1.000000 cache=0.3MiB(875txo)
2025-10-09T05:50:42Z Saw new header hash=13fe4d54e8819e2af7361331bea00edfcae26b794173632d6c2c37b693b17432 height=312
2025-10-09T05:50:42Z Saw new cmpctblock header hash=13fe4d54e8819e2af7361331bea00edfcae26b794173632d6c2c37b693b17432 peer=4
2025-10-09T05:50:42Z UpdateTip: new best=13fe4d54e8819e2af7361331bea00edfcae26b794173632d6c2c37b693b17432 height=312 version=0x30000000 log2_work=9.290019 tx=3268 date='2025-10-09T05:50:39Z' progress=1.000000 cache=0.3MiB(881txo)
2025-10-09T05:50:48Z Saw new header hash=38a9ceb36b818c9e60524d428eb5647f69cfee00892e22d826ba840a1cf876dd height=313
2025-10-09T05:50:48Z Saw new cmpctblock header hash=38a9ceb36b818c9e60524d428eb5647f69cfee00892e22d826ba840a1cf876dd peer=4
2025-10-09T05:50:48Z UpdateTip: new best=38a9ceb36b818c9e60524d428eb5647f69cfee00892e22d826ba840a1cf876dd height=313 version=0x30000000 log2_work=9.294621 tx=3276 date='2025-10-09T05:50:45Z' progress=1.000000 cache=0.3MiB(879txo)
2025-10-09T05:50:54Z Saw new header hash=3d8e33353cf1cc5f3b6317a2b7b653e07d193ceb2f59ea25a24b73b774c9c0ac height=314
2025-10-09T05:50:54Z Saw new cmpctblock header hash=3d8e33353cf1cc5f3b6317a2b7b653e07d193ceb2f59ea25a24b73b774c9c0ac peer=4
2025-10-09T05:50:54Z UpdateTip: new best=3d8e33353cf1cc5f3b6317a2b7b653e07d193ceb2f59ea25a24b73b774c9c0ac height=314 version=0x30000000 log2_work=9.299208 tx=3286 date='2025-10-09T05:50:50Z' progress=1.000000 cache=0.3MiB(887txo)
2025-10-09T05:50:59Z Saw new header hash=7080f2f8a8ac2b0992265c92fa63050bccca6073096b8b5625ef45f2f598364e height=315
2025-10-09T05:50:59Z Saw new cmpctblock header hash=7080f2f8a8ac2b0992265c92fa63050bccca6073096b8b5625ef45f2f598364e peer=4
2025-10-09T05:50:59Z UpdateTip: new best=7080f2f8a8ac2b0992265c92fa63050bccca6073096b8b5625ef45f2f598364e height=315 version=0x30000000 log2_work=9.303781 tx=3296 date='2025-10-09T05:50:56Z' progress=1.000000 cache=0.3MiB(896txo)
2025-10-09T05:51:05Z Saw new header hash=65aa8652d3b627010fe1a881a511c1d07f3b46a038b4e29cfee29ee7ae0f3d4f height=316
2025-10-09T05:51:05Z Saw new cmpctblock header hash=65aa8652d3b627010fe1a881a511c1d07f3b46a038b4e29cfee29ee7ae0f3d4f peer=4
2025-10-09T05:51:05Z UpdateTip: new best=65aa8652d3b627010fe1a881a511c1d07f3b46a038b4e29cfee29ee7ae0f3d4f height=316 version=0x30000000 log2_work=9.308339 tx=3304 date='2025-10-09T05:51:01Z' progress=1.000000 cache=0.3MiB(902txo)
2025-10-09T05:51:09Z Saw new header hash=358fc24426956455ef30cde3a982533ff82e04ef3450aa57f54f8f7ac071827c height=317
2025-10-09T05:51:09Z Saw new cmpctblock header hash=358fc24426956455ef30cde3a982533ff82e04ef3450aa57f54f8f7ac071827c peer=4
2025-10-09T05:51:10Z UpdateTip: new best=358fc24426956455ef30cde3a982533ff82e04ef3450aa57f54f8f7ac071827c height=317 version=0x30000000 log2_work=9.312883 tx=3314 date='2025-10-09T05:51:06Z' progress=1.000000 cache=0.3MiB(909txo)
2025-10-09T05:51:15Z Saw new header hash=04ccf17238cdb6f7bc62939d10a1db3a2b70a1d16dd039217ed0ed123251dcd2 height=318
2025-10-09T05:51:15Z Saw new cmpctblock header hash=04ccf17238cdb6f7bc62939d10a1db3a2b70a1d16dd039217ed0ed123251dcd2 peer=4
2025-10-09T05:51:15Z UpdateTip: new best=04ccf17238cdb6f7bc62939d10a1db3a2b70a1d16dd039217ed0ed123251dcd2 height=318 version=0x30000000 log2_work=9.317413 tx=3324 date='2025-10-09T05:51:12Z' progress=1.000000 cache=0.3MiB(909txo)
2025-10-09T05:51:20Z Saw new header hash=39fe6dd64e5e91d0bad3e1ca5df261e05ba6bba7b5bc75a37ddac368bee9aac5 height=319
2025-10-09T05:51:20Z Saw new cmpctblock header hash=39fe6dd64e5e91d0bad3e1ca5df261e05ba6bba7b5bc75a37ddac368bee9aac5 peer=4
2025-10-09T05:51:20Z UpdateTip: new best=39fe6dd64e5e91d0bad3e1ca5df261e05ba6bba7b5bc75a37ddac368bee9aac5 height=319 version=0x30000000 log2_work=9.321928 tx=3334 date='2025-10-09T05:51:17Z' progress=1.000000 cache=0.3MiB(909txo)
2025-10-09T05:51:26Z Saw new header hash=041822803b7a4d0ae996ebc988ecb914840475ec7dc8c4b5ec174623880fc3d3 height=320
2025-10-09T05:51:26Z Saw new cmpctblock header hash=041822803b7a4d0ae996ebc988ecb914840475ec7dc8c4b5ec174623880fc3d3 peer=4
2025-10-09T05:51:26Z UpdateTip: new best=041822803b7a4d0ae996ebc988ecb914840475ec7dc8c4b5ec174623880fc3d3 height=320 version=0x30000000 log2_work=9.326429 tx=3344 date='2025-10-09T05:51:23Z' progress=1.000000 cache=0.3MiB(905txo)
2025-10-09T05:51:31Z Saw new header hash=7e29ae5880cbdfc7f05ea4c69682e4d0183bf0bb3ee888d2f6ba549bd772489d height=321
2025-10-09T05:51:31Z Saw new cmpctblock header hash=7e29ae5880cbdfc7f05ea4c69682e4d0183bf0bb3ee888d2f6ba549bd772489d peer=4
2025-10-09T05:51:32Z UpdateTip: new best=7e29ae5880cbdfc7f05ea4c69682e4d0183bf0bb3ee888d2f6ba549bd772489d height=321 version=0x30000000 log2_work=9.330917 tx=3352 date='2025-10-09T05:51:28Z' progress=1.000000 cache=0.3MiB(908txo)
2025-10-09T05:51:38Z Saw new header hash=444ea13d35d440ef43954e430b73e247cbee481577707677d5449586c5c55a80 height=322
2025-10-09T05:51:38Z Saw new cmpctblock header hash=444ea13d35d440ef43954e430b73e247cbee481577707677d5449586c5c55a80 peer=4
2025-10-09T05:51:38Z UpdateTip: new best=444ea13d35d440ef43954e430b73e247cbee481577707677d5449586c5c55a80 height=322 version=0x30000000 log2_work=9.335390 tx=3362 date='2025-10-09T05:51:35Z' progress=1.000000 cache=0.3MiB(913txo)
2025-10-09T05:51:43Z Saw new header hash=35c302285be980dfdf9c6e34d7f0b442af8e8c6c072bbe38c46ebfcccbba1851 height=323
2025-10-09T05:51:43Z Saw new cmpctblock header hash=35c302285be980dfdf9c6e34d7f0b442af8e8c6c072bbe38c46ebfcccbba1851 peer=4
2025-10-09T05:51:43Z UpdateTip: new best=35c302285be980dfdf9c6e34d7f0b442af8e8c6c072bbe38c46ebfcccbba1851 height=323 version=0x30000000 log2_work=9.339850 tx=3372 date='2025-10-09T05:51:40Z' progress=1.000000 cache=0.3MiB(904txo)
2025-10-09T05:51:49Z Saw new header hash=6745f7c35978b05807b2e860c5d0baadcf26319797928a087768cf9a9f186734 height=324
2025-10-09T05:51:49Z Saw new cmpctblock header hash=6745f7c35978b05807b2e860c5d0baadcf26319797928a087768cf9a9f186734 peer=4
2025-10-09T05:51:49Z UpdateTip: new best=6745f7c35978b05807b2e860c5d0baadcf26319797928a087768cf9a9f186734 height=324 version=0x30000000 log2_work=9.344296 tx=3380 date='2025-10-09T05:51:46Z' progress=1.000000 cache=0.3MiB(911txo)
2025-10-09T05:51:54Z Saw new header hash=23e516230ecd67912991dc935ad21d3ef37569152526372d258f2579b967e6ea height=325
2025-10-09T05:51:54Z Saw new cmpctblock header hash=23e516230ecd67912991dc935ad21d3ef37569152526372d258f2579b967e6ea peer=4
2025-10-09T05:51:54Z UpdateTip: new best=23e516230ecd67912991dc935ad21d3ef37569152526372d258f2579b967e6ea height=325 version=0x30000000 log2_work=9.348728 tx=3388 date='2025-10-09T05:51:51Z' progress=1.000000 cache=0.3MiB(903txo)
2025-10-09T05:52:00Z Saw new header hash=7c9eee83873f1a4633e607f16e74326191ecf9923ddb4b90c6d2d446904b682e height=326
2025-10-09T05:52:00Z Saw new cmpctblock header hash=7c9eee83873f1a4633e607f16e74326191ecf9923ddb4b90c6d2d446904b682e peer=4
2025-10-09T05:52:00Z UpdateTip: new best=7c9eee83873f1a4633e607f16e74326191ecf9923ddb4b90c6d2d446904b682e height=326 version=0x30000000 log2_work=9.353147 tx=3398 date='2025-10-09T05:51:57Z' progress=1.000000 cache=0.3MiB(906txo)
2025-10-09T05:52:05Z Saw new header hash=3c0dcd610e13a2c32185f919475fa6d60b094d30948c952c3fcb983a4a23fd07 height=327
2025-10-09T05:52:05Z Saw new cmpctblock header hash=3c0dcd610e13a2c32185f919475fa6d60b094d30948c952c3fcb983a4a23fd07 peer=4
2025-10-09T05:52:05Z UpdateTip: new best=3c0dcd610e13a2c32185f919475fa6d60b094d30948c952c3fcb983a4a23fd07 height=327 version=0x30000000 log2_work=9.357552 tx=3406 date='2025-10-09T05:52:02Z' progress=1.000000 cache=0.3MiB(909txo)
2025-10-09T05:52:12Z Saw new header hash=1ffbeeca627d1fa58bd7b96a18d9106ef4fcf880cb29509f21b946c9625d5bdc height=328
2025-10-09T05:52:12Z Saw new cmpctblock header hash=1ffbeeca627d1fa58bd7b96a18d9106ef4fcf880cb29509f21b946c9625d5bdc peer=4
2025-10-09T05:52:12Z UpdateTip: new best=1ffbeeca627d1fa58bd7b96a18d9106ef4fcf880cb29509f21b946c9625d5bdc height=328 version=0x30000000 log2_work=9.361944 tx=3416 date='2025-10-09T05:52:09Z' progress=1.000000 cache=0.3MiB(913txo)
2025-10-09T05:52:17Z Saw new header hash=441c093030db09d32a1ec0b2557540e10db8ce6c189f4c55e5d9bfb4e342d162 height=329
2025-10-09T05:52:17Z Saw new cmpctblock header hash=441c093030db09d32a1ec0b2557540e10db8ce6c189f4c55e5d9bfb4e342d162 peer=4
2025-10-09T05:52:17Z UpdateTip: new best=441c093030db09d32a1ec0b2557540e10db8ce6c189f4c55e5d9bfb4e342d162 height=329 version=0x30000000 log2_work=9.366322 tx=3426 date='2025-10-09T05:52:14Z' progress=1.000000 cache=0.3MiB(917txo)
2025-10-09T05:52:23Z Saw new header hash=690016e74087e74b05c172fb492d864eae2a32c1f41b70b5d57b0f1461f222dc height=330
2025-10-09T05:52:23Z Saw new cmpctblock header hash=690016e74087e74b05c172fb492d864eae2a32c1f41b70b5d57b0f1461f222dc peer=4
2025-10-09T05:52:23Z UpdateTip: new best=690016e74087e74b05c172fb492d864eae2a32c1f41b70b5d57b0f1461f222dc height=330 version=0x30000000 log2_work=9.370687 tx=3436 date='2025-10-09T05:52:19Z' progress=1.000000 cache=0.3MiB(920txo)
2025-10-09T05:52:28Z Saw new header hash=78ff3ce1c268a492a0cdfa0048fb4ec92881e9a33da119457aa7bd036a6d76b7 height=331
2025-10-09T05:52:28Z Saw new cmpctblock header hash=78ff3ce1c268a492a0cdfa0048fb4ec92881e9a33da119457aa7bd036a6d76b7 peer=4
2025-10-09T05:52:28Z UpdateTip: new best=78ff3ce1c268a492a0cdfa0048fb4ec92881e9a33da119457aa7bd036a6d76b7 height=331 version=0x30000000 log2_work=9.375039 tx=3446 date='2025-10-09T05:52:25Z' progress=1.000000 cache=0.3MiB(923txo)
2025-10-09T05:52:33Z Saw new header hash=7767c17c2707952d97cdd82b91abfac51d11b6374d4089050c40534792d98ba8 height=332
2025-10-09T05:52:33Z Saw new cmpctblock header hash=7767c17c2707952d97cdd82b91abfac51d11b6374d4089050c40534792d98ba8 peer=4
2025-10-09T05:52:33Z UpdateTip: new best=7767c17c2707952d97cdd82b91abfac51d11b6374d4089050c40534792d98ba8 height=332 version=0x30000000 log2_work=9.379378 tx=3456 date='2025-10-09T05:52:30Z' progress=1.000000 cache=0.3MiB(926txo)
2025-10-09T05:52:39Z Saw new header hash=573da1331e6630b16c635b08c0367bc9f7acb74e748ae63e423b2d5c2d9b7796 height=333
2025-10-09T05:52:39Z Saw new cmpctblock header hash=573da1331e6630b16c635b08c0367bc9f7acb74e748ae63e423b2d5c2d9b7796 peer=4
2025-10-09T05:52:39Z UpdateTip: new best=573da1331e6630b16c635b08c0367bc9f7acb74e748ae63e423b2d5c2d9b7796 height=333 version=0x30000000 log2_work=9.383704 tx=3466 date='2025-10-09T05:52:36Z' progress=1.000000 cache=0.3MiB(933txo)
2025-10-09T05:52:44Z Saw new header hash=17a98a2779a217838ac0b566ed0ea688cec703db5acdecd3dfff2f471abc13a1 height=334
2025-10-09T05:52:44Z Saw new cmpctblock header hash=17a98a2779a217838ac0b566ed0ea688cec703db5acdecd3dfff2f471abc13a1 peer=4
2025-10-09T05:52:44Z UpdateTip: new best=17a98a2779a217838ac0b566ed0ea688cec703db5acdecd3dfff2f471abc13a1 height=334 version=0x30000000 log2_work=9.388017 tx=3474 date='2025-10-09T05:52:41Z' progress=1.000000 cache=0.3MiB(938txo)
2025-10-09T05:52:49Z Saw new header hash=14f555fc72e2f4e97b50d21b6df290b1584c99e8e608b8dc7b312f6af4880610 height=335
2025-10-09T05:52:49Z Saw new cmpctblock header hash=14f555fc72e2f4e97b50d21b6df290b1584c99e8e608b8dc7b312f6af4880610 peer=4
2025-10-09T05:52:50Z UpdateTip: new best=14f555fc72e2f4e97b50d21b6df290b1584c99e8e608b8dc7b312f6af4880610 height=335 version=0x30000000 log2_work=9.392317 tx=3483 date='2025-10-09T05:52:46Z' progress=1.000000 cache=0.3MiB(936txo)
2025-10-09T05:52:55Z Saw new header hash=67c69791fa16a1956a15dafd5a329234d450f8631d0e9630c3157f238c2df120 height=336
2025-10-09T05:52:55Z Saw new cmpctblock header hash=67c69791fa16a1956a15dafd5a329234d450f8631d0e9630c3157f238c2df120 peer=4
2025-10-09T05:52:55Z UpdateTip: new best=67c69791fa16a1956a15dafd5a329234d450f8631d0e9630c3157f238c2df120 height=336 version=0x30000000 log2_work=9.396605 tx=3491 date='2025-10-09T05:52:52Z' progress=1.000000 cache=0.3MiB(937txo)
2025-10-09T05:53:00Z Saw new header hash=490e25e2d4722ea39ca0fa65d3b22b92738606e4e75f0ec6c856a4861f02b4cd height=337
2025-10-09T05:53:00Z Saw new cmpctblock header hash=490e25e2d4722ea39ca0fa65d3b22b92738606e4e75f0ec6c856a4861f02b4cd peer=4
2025-10-09T05:53:00Z UpdateTip: new best=490e25e2d4722ea39ca0fa65d3b22b92738606e4e75f0ec6c856a4861f02b4cd height=337 version=0x30000000 log2_work=9.400879 tx=3501 date='2025-10-09T05:52:57Z' progress=1.000000 cache=0.3MiB(946txo)
2025-10-09T05:53:05Z Saw new header hash=7d047fcdd8518dc45da74aefd3840204d26972f42ecbcb57a10760b4a548516d height=338
2025-10-09T05:53:05Z Saw new cmpctblock header hash=7d047fcdd8518dc45da74aefd3840204d26972f42ecbcb57a10760b4a548516d peer=4
2025-10-09T05:53:05Z UpdateTip: new best=7d047fcdd8518dc45da74aefd3840204d26972f42ecbcb57a10760b4a548516d height=338 version=0x30000000 log2_work=9.405141 tx=3508 date='2025-10-09T05:53:02Z' progress=1.000000 cache=0.3MiB(952txo)
2025-10-09T05:53:11Z Saw new header hash=5913a9a25f8492d9caa421bbf7891d4eaacac0e727393811e648666c27224e95 height=339
2025-10-09T05:53:11Z Saw new cmpctblock header hash=5913a9a25f8492d9caa421bbf7891d4eaacac0e727393811e648666c27224e95 peer=4
2025-10-09T05:53:11Z UpdateTip: new best=5913a9a25f8492d9caa421bbf7891d4eaacac0e727393811e648666c27224e95 height=339 version=0x30000000 log2_work=9.409391 tx=3518 date='2025-10-09T05:53:08Z' progress=1.000000 cache=0.3MiB(952txo)
2025-10-09T05:53:16Z Saw new header hash=55bde24aa3ecf59106671f904fa8c348d12c1708b527dc971c01c79c70f6381c height=340
2025-10-09T05:53:16Z Saw new cmpctblock header hash=55bde24aa3ecf59106671f904fa8c348d12c1708b527dc971c01c79c70f6381c peer=4
2025-10-09T05:53:16Z UpdateTip: new best=55bde24aa3ecf59106671f904fa8c348d12c1708b527dc971c01c79c70f6381c height=340 version=0x30000000 log2_work=9.413628 tx=3527 date='2025-10-09T05:53:13Z' progress=1.000000 cache=0.3MiB(954txo)
2025-10-09T05:53:22Z Saw new header hash=518334bb8f6d17f0e77b0dd2c607e062b1b0cba20c36c93fe116d58133436714 height=341
2025-10-09T05:53:22Z Saw new cmpctblock header hash=518334bb8f6d17f0e77b0dd2c607e062b1b0cba20c36c93fe116d58133436714 peer=4
2025-10-09T05:53:22Z UpdateTip: new best=518334bb8f6d17f0e77b0dd2c607e062b1b0cba20c36c93fe116d58133436714 height=341 version=0x30000000 log2_work=9.417853 tx=3537 date='2025-10-09T05:53:19Z' progress=1.000000 cache=0.3MiB(959txo)
2025-10-09T05:53:27Z Saw new header hash=4e9d0ce17f1e5ddd270c6f729d5c0b2e1c7716062d5f932a120d2b53f8733064 height=342
2025-10-09T05:53:27Z Saw new cmpctblock header hash=4e9d0ce17f1e5ddd270c6f729d5c0b2e1c7716062d5f932a120d2b53f8733064 peer=4
2025-10-09T05:53:27Z UpdateTip: new best=4e9d0ce17f1e5ddd270c6f729d5c0b2e1c7716062d5f932a120d2b53f8733064 height=342 version=0x30000000 log2_work=9.422065 tx=3547 date='2025-10-09T05:53:24Z' progress=1.000000 cache=0.3MiB(957txo)
2025-10-09T05:53:33Z Saw new header hash=76589832ec0b9a4aa3d0caee885b3b5fd7105d0968f0a31953d8120bc97d3e45 height=343
2025-10-09T05:53:33Z Saw new cmpctblock header hash=76589832ec0b9a4aa3d0caee885b3b5fd7105d0968f0a31953d8120bc97d3e45 peer=4
2025-10-09T05:53:33Z UpdateTip: new best=76589832ec0b9a4aa3d0caee885b3b5fd7105d0968f0a31953d8120bc97d3e45 height=343 version=0x30000000 log2_work=9.426265 tx=3557 date='2025-10-09T05:53:30Z' progress=1.000000 cache=0.3MiB(965txo)
2025-10-09T05:53:38Z Saw new header hash=786486e80d8f2e3e84ce95900214d93598d90443804a3577fc40156e5c4c16a3 height=344
2025-10-09T05:53:38Z Saw new cmpctblock header hash=786486e80d8f2e3e84ce95900214d93598d90443804a3577fc40156e5c4c16a3 peer=4
2025-10-09T05:53:38Z UpdateTip: new best=786486e80d8f2e3e84ce95900214d93598d90443804a3577fc40156e5c4c16a3 height=344 version=0x30000000 log2_work=9.430453 tx=3567 date='2025-10-09T05:53:35Z' progress=1.000000 cache=0.3MiB(972txo)
2025-10-09T05:53:44Z Saw new header hash=41a3caf1e51eb7cc6a55049c8bdbf3dcb966a1c6b8a529af261976ca078e3ae1 height=345
2025-10-09T05:53:44Z Saw new cmpctblock header hash=41a3caf1e51eb7cc6a55049c8bdbf3dcb966a1c6b8a529af261976ca078e3ae1 peer=4
2025-10-09T05:53:44Z UpdateTip: new best=41a3caf1e51eb7cc6a55049c8bdbf3dcb966a1c6b8a529af261976ca078e3ae1 height=345 version=0x30000000 log2_work=9.434628 tx=3575 date='2025-10-09T05:53:41Z' progress=1.000000 cache=0.3MiB(971txo)
2025-10-09T05:53:49Z Saw new header hash=793da6987ad5943bbb9a66dcf225f31f30cebf83431152ab36588fd03f8fd49b height=346
2025-10-09T05:53:49Z Saw new cmpctblock header hash=793da6987ad5943bbb9a66dcf225f31f30cebf83431152ab36588fd03f8fd49b peer=4
2025-10-09T05:53:49Z UpdateTip: new best=793da6987ad5943bbb9a66dcf225f31f30cebf83431152ab36588fd03f8fd49b height=346 version=0x30000000 log2_work=9.438792 tx=3583 date='2025-10-09T05:53:46Z' progress=1.000000 cache=0.3MiB(971txo)
2025-10-09T05:53:54Z Saw new header hash=02ab42473c3cc0822dfc19ed7ce4f51b44f656041064ea6cf5ed3c2e4cc2bd52 height=347
2025-10-09T05:53:54Z Saw new cmpctblock header hash=02ab42473c3cc0822dfc19ed7ce4f51b44f656041064ea6cf5ed3c2e4cc2bd52 peer=4
2025-10-09T05:53:55Z UpdateTip: new best=02ab42473c3cc0822dfc19ed7ce4f51b44f656041064ea6cf5ed3c2e4cc2bd52 height=347 version=0x30000000 log2_work=9.442943 tx=3593 date='2025-10-09T05:53:51Z' progress=1.000000 cache=0.3MiB(969txo)
2025-10-09T05:54:00Z Saw new header hash=349e77e6642a39c77c38257e8990868f78a8b3025284c8c482e1abe8b628bf90 height=348
2025-10-09T05:54:00Z Saw new cmpctblock header hash=349e77e6642a39c77c38257e8990868f78a8b3025284c8c482e1abe8b628bf90 peer=4
2025-10-09T05:54:00Z UpdateTip: new best=349e77e6642a39c77c38257e8990868f78a8b3025284c8c482e1abe8b628bf90 height=348 version=0x30000000 log2_work=9.447083 tx=3603 date='2025-10-09T05:53:57Z' progress=1.000000 cache=0.3MiB(967txo)
2025-10-09T05:54:05Z Saw new header hash=5712a9bab35ff24aa885433bd10dc4fe6ac4cdc0ef580cdf79013f88d89331ea height=349
2025-10-09T05:54:05Z Saw new cmpctblock header hash=5712a9bab35ff24aa885433bd10dc4fe6ac4cdc0ef580cdf79013f88d89331ea peer=4
2025-10-09T05:54:06Z UpdateTip: new best=5712a9bab35ff24aa885433bd10dc4fe6ac4cdc0ef580cdf79013f88d89331ea height=349 version=0x30000000 log2_work=9.451211 tx=3613 date='2025-10-09T05:54:02Z' progress=1.000000 cache=0.3MiB(970txo)
2025-10-09T05:54:11Z Saw new header hash=182e66f7d5716d524af0371c79e21c4473bbb9de4e2bab493c465551cad4c1bd height=350
2025-10-09T05:54:11Z Saw new cmpctblock header hash=182e66f7d5716d524af0371c79e21c4473bbb9de4e2bab493c465551cad4c1bd peer=4
2025-10-09T05:54:11Z UpdateTip: new best=182e66f7d5716d524af0371c79e21c4473bbb9de4e2bab493c465551cad4c1bd height=350 version=0x30000000 log2_work=9.455327 tx=3623 date='2025-10-09T05:54:08Z' progress=1.000000 cache=0.3MiB(970txo)
2025-10-09T05:54:17Z Saw new header hash=4680c1e4469175a15d357de6dfed260798549b04f69c34184e5e84abce544b8e height=351
2025-10-09T05:54:17Z Saw new cmpctblock header hash=4680c1e4469175a15d357de6dfed260798549b04f69c34184e5e84abce544b8e peer=4
2025-10-09T05:54:17Z UpdateTip: new best=4680c1e4469175a15d357de6dfed260798549b04f69c34184e5e84abce544b8e height=351 version=0x30000000 log2_work=9.459432 tx=3633 date='2025-10-09T05:54:14Z' progress=1.000000 cache=0.3MiB(977txo)
2025-10-09T05:54:22Z Saw new header hash=283e25cc5d663fed51a2b5a7400c19881accc4caef09fe2ddf971557549350cf height=352
2025-10-09T05:54:22Z Saw new cmpctblock header hash=283e25cc5d663fed51a2b5a7400c19881accc4caef09fe2ddf971557549350cf peer=4
2025-10-09T05:54:23Z UpdateTip: new best=283e25cc5d663fed51a2b5a7400c19881accc4caef09fe2ddf971557549350cf height=352 version=0x30000000 log2_work=9.463524 tx=3640 date='2025-10-09T05:54:19Z' progress=1.000000 cache=0.3MiB(980txo)
2025-10-09T05:54:28Z Saw new header hash=211088f3ce7a9828dd8399b30530b6eee9bc9ce13c9cf14b2e5d0b8e8036564a height=353
2025-10-09T05:54:28Z Saw new cmpctblock header hash=211088f3ce7a9828dd8399b30530b6eee9bc9ce13c9cf14b2e5d0b8e8036564a peer=4
2025-10-09T05:54:28Z UpdateTip: new best=211088f3ce7a9828dd8399b30530b6eee9bc9ce13c9cf14b2e5d0b8e8036564a height=353 version=0x30000000 log2_work=9.467606 tx=3650 date='2025-10-09T05:54:25Z' progress=1.000000 cache=0.3MiB(982txo)
2025-10-09T05:54:33Z Saw new header hash=67ae8d038f7ec6a832499938e904077c13f5d12841aafe47d61b83c3e2d65851 height=354
2025-10-09T05:54:33Z Saw new cmpctblock header hash=67ae8d038f7ec6a832499938e904077c13f5d12841aafe47d61b83c3e2d65851 peer=4
2025-10-09T05:54:33Z UpdateTip: new best=67ae8d038f7ec6a832499938e904077c13f5d12841aafe47d61b83c3e2d65851 height=354 version=0x30000000 log2_work=9.471675 tx=3658 date='2025-10-09T05:54:30Z' progress=1.000000 cache=0.3MiB(982txo)
2025-10-09T05:54:39Z Saw new header hash=734586741fbc353eb3b29675134d27592e9104c0880b8b1fdda6065b7d64e18e height=355
2025-10-09T05:54:39Z Saw new cmpctblock header hash=734586741fbc353eb3b29675134d27592e9104c0880b8b1fdda6065b7d64e18e peer=4
2025-10-09T05:54:39Z UpdateTip: new best=734586741fbc353eb3b29675134d27592e9104c0880b8b1fdda6065b7d64e18e height=355 version=0x30000000 log2_work=9.475733 tx=3666 date='2025-10-09T05:54:36Z' progress=1.000000 cache=0.3MiB(988txo)
2025-10-09T05:54:45Z Saw new header hash=203eb2fc96e3a6afc3387813ddadf0d9f10d3577d895c13f48b628035910d7a7 height=356
2025-10-09T05:54:45Z Saw new cmpctblock header hash=203eb2fc96e3a6afc3387813ddadf0d9f10d3577d895c13f48b628035910d7a7 peer=4
2025-10-09T05:54:45Z UpdateTip: new best=203eb2fc96e3a6afc3387813ddadf0d9f10d3577d895c13f48b628035910d7a7 height=356 version=0x30000000 log2_work=9.479780 tx=3676 date='2025-10-09T05:54:41Z' progress=1.000000 cache=0.3MiB(992txo)
2025-10-09T05:54:50Z Saw new header hash=6d04d41426c7fcc01674c7f40da6e9c8832a61fc6b335ca35697f47ef4c7b64e height=357
2025-10-09T05:54:50Z Saw new cmpctblock header hash=6d04d41426c7fcc01674c7f40da6e9c8832a61fc6b335ca35697f47ef4c7b64e peer=4
2025-10-09T05:54:50Z UpdateTip: new best=6d04d41426c7fcc01674c7f40da6e9c8832a61fc6b335ca35697f47ef4c7b64e height=357 version=0x30000000 log2_work=9.483816 tx=3686 date='2025-10-09T05:54:46Z' progress=1.000000 cache=0.3MiB(993txo)
2025-10-09T05:54:55Z Saw new header hash=0f776549618768a5399d90802f4c87a68ca4c562db11d924e3fd54d6100868b6 height=358
2025-10-09T05:54:55Z Saw new cmpctblock header hash=0f776549618768a5399d90802f4c87a68ca4c562db11d924e3fd54d6100868b6 peer=4
2025-10-09T05:54:55Z UpdateTip: new best=0f776549618768a5399d90802f4c87a68ca4c562db11d924e3fd54d6100868b6 height=358 version=0x30000000 log2_work=9.487840 tx=3696 date='2025-10-09T05:54:52Z' progress=1.000000 cache=0.3MiB(997txo)
2025-10-09T05:55:01Z Saw new header hash=0409a2ee3a3270e21d505c61784b16b40968a3315f5dcee4c841d6454ab08906 height=359
2025-10-09T05:55:01Z Saw new cmpctblock header hash=0409a2ee3a3270e21d505c61784b16b40968a3315f5dcee4c841d6454ab08906 peer=4
2025-10-09T05:55:02Z UpdateTip: new best=0409a2ee3a3270e21d505c61784b16b40968a3315f5dcee4c841d6454ab08906 height=359 version=0x30000000 log2_work=9.491853 tx=3706 date='2025-10-09T05:54:58Z' progress=1.000000 cache=0.3MiB(1007txo)
2025-10-09T05:55:06Z Saw new header hash=05caed0869c8379b7c2b6ccc32718a43002048f035bfa57475e6979ee2ea3743 height=360
2025-10-09T05:55:06Z Saw new cmpctblock header hash=05caed0869c8379b7c2b6ccc32718a43002048f035bfa57475e6979ee2ea3743 peer=4
2025-10-09T05:55:06Z UpdateTip: new best=05caed0869c8379b7c2b6ccc32718a43002048f035bfa57475e6979ee2ea3743 height=360 version=0x30000000 log2_work=9.495855 tx=3716 date='2025-10-09T05:55:03Z' progress=1.000000 cache=0.3MiB(1014txo)
2025-10-09T05:55:12Z Saw new header hash=41a784e3892cb43a4d9589c67707aa95984783a415cf938d729365523e3ad8d2 height=361
2025-10-09T05:55:12Z Saw new cmpctblock header hash=41a784e3892cb43a4d9589c67707aa95984783a415cf938d729365523e3ad8d2 peer=4
2025-10-09T05:55:12Z UpdateTip: new best=41a784e3892cb43a4d9589c67707aa95984783a415cf938d729365523e3ad8d2 height=361 version=0x30000000 log2_work=9.499846 tx=3725 date='2025-10-09T05:55:09Z' progress=1.000000 cache=0.3MiB(1020txo)
2025-10-09T05:55:17Z Saw new header hash=4407f7c329e6aa4d619ad04f90b4954bf2f34df79d8c2b08ed6d625e2f0d779e height=362
2025-10-09T05:55:17Z Saw new cmpctblock header hash=4407f7c329e6aa4d619ad04f90b4954bf2f34df79d8c2b08ed6d625e2f0d779e peer=4
2025-10-09T05:55:17Z UpdateTip: new best=4407f7c329e6aa4d619ad04f90b4954bf2f34df79d8c2b08ed6d625e2f0d779e height=362 version=0x30000000 log2_work=9.503826 tx=3734 date='2025-10-09T05:55:14Z' progress=1.000000 cache=0.3MiB(1028txo)
2025-10-09T05:55:22Z Saw new header hash=424c01b09d45645fb9e605bde5f294e90b2d545f7ddda05d0b4575a5d6a2545a height=363
2025-10-09T05:55:22Z Saw new cmpctblock header hash=424c01b09d45645fb9e605bde5f294e90b2d545f7ddda05d0b4575a5d6a2545a peer=4
2025-10-09T05:55:22Z UpdateTip: new best=424c01b09d45645fb9e605bde5f294e90b2d545f7ddda05d0b4575a5d6a2545a height=363 version=0x30000000 log2_work=9.507795 tx=3744 date='2025-10-09T05:55:19Z' progress=1.000000 cache=0.3MiB(1037txo)
2025-10-09T05:55:28Z Saw new header hash=10f29736e020b31ba2231d78b90232a0cbf3906277a2545b4aae116e38a3e9e0 height=364
2025-10-09T05:55:28Z Saw new cmpctblock header hash=10f29736e020b31ba2231d78b90232a0cbf3906277a2545b4aae116e38a3e9e0 peer=4
2025-10-09T05:55:28Z UpdateTip: new best=10f29736e020b31ba2231d78b90232a0cbf3906277a2545b4aae116e38a3e9e0 height=364 version=0x30000000 log2_work=9.511753 tx=3754 date='2025-10-09T05:55:25Z' progress=1.000000 cache=0.3MiB(1044txo)
2025-10-09T05:55:34Z Saw new header hash=533f1d7bb4f7560b9fceabc81811f45f5eb5251b5df3082ca3de1a44cdd1b027 height=365
2025-10-09T05:55:34Z Saw new cmpctblock header hash=533f1d7bb4f7560b9fceabc81811f45f5eb5251b5df3082ca3de1a44cdd1b027 peer=4
2025-10-09T05:55:34Z UpdateTip: new best=533f1d7bb4f7560b9fceabc81811f45f5eb5251b5df3082ca3de1a44cdd1b027 height=365 version=0x30000000 log2_work=9.515700 tx=3764 date='2025-10-09T05:55:30Z' progress=1.000000 cache=0.3MiB(1051txo)
2025-10-09T05:55:39Z Saw new header hash=47576b8fb7f9ba99180b4921a76d2d71b9ee5a3c3c3be3edddeef658a99100c1 height=366
2025-10-09T05:55:39Z Saw new cmpctblock header hash=47576b8fb7f9ba99180b4921a76d2d71b9ee5a3c3c3be3edddeef658a99100c1 peer=4
2025-10-09T05:55:39Z UpdateTip: new best=47576b8fb7f9ba99180b4921a76d2d71b9ee5a3c3c3be3edddeef658a99100c1 height=366 version=0x30000000 log2_work=9.519636 tx=3774 date='2025-10-09T05:55:36Z' progress=1.000000 cache=0.3MiB(1057txo)
2025-10-09T05:55:44Z Saw new header hash=0a47e7d3ac7c085d1967c318a582e0d1f426fac7349b8c9093fabbe7afcfc8d5 height=367
2025-10-09T05:55:44Z Saw new cmpctblock header hash=0a47e7d3ac7c085d1967c318a582e0d1f426fac7349b8c9093fabbe7afcfc8d5 peer=4
2025-10-09T05:55:44Z UpdateTip: new best=0a47e7d3ac7c085d1967c318a582e0d1f426fac7349b8c9093fabbe7afcfc8d5 height=367 version=0x30000000 log2_work=9.523562 tx=3782 date='2025-10-09T05:55:41Z' progress=1.000000 cache=0.3MiB(1063txo)
2025-10-09T05:55:50Z Saw new header hash=2f7b061aa6b550cff0072527aae9ed062d8deb3862a469f036288111821f0d3e height=368
2025-10-09T05:55:50Z Saw new cmpctblock header hash=2f7b061aa6b550cff0072527aae9ed062d8deb3862a469f036288111821f0d3e peer=4
2025-10-09T05:55:51Z UpdateTip: new best=2f7b061aa6b550cff0072527aae9ed062d8deb3862a469f036288111821f0d3e height=368 version=0x30000000 log2_work=9.527477 tx=3792 date='2025-10-09T05:55:47Z' progress=1.000000 cache=0.3MiB(1065txo)
2025-10-09T05:55:56Z Saw new header hash=585ef28eac256affa576e3dfd5caf0a99e3c4503df84b61358d0c5bde8195d3c height=369
2025-10-09T05:55:56Z Saw new cmpctblock header hash=585ef28eac256affa576e3dfd5caf0a99e3c4503df84b61358d0c5bde8195d3c peer=4
2025-10-09T05:55:56Z UpdateTip: new best=585ef28eac256affa576e3dfd5caf0a99e3c4503df84b61358d0c5bde8195d3c height=369 version=0x30000000 log2_work=9.531381 tx=3802 date='2025-10-09T05:55:53Z' progress=1.000000 cache=0.3MiB(1070txo)
2025-10-09T05:56:02Z Saw new header hash=319efdcee5cffcb1dfa2c705d80448a9dbb3dc430e7d47a6485ecb2be2171cbb height=370
2025-10-09T05:56:02Z Saw new cmpctblock header hash=319efdcee5cffcb1dfa2c705d80448a9dbb3dc430e7d47a6485ecb2be2171cbb peer=4
2025-10-09T05:56:02Z UpdateTip: new best=319efdcee5cffcb1dfa2c705d80448a9dbb3dc430e7d47a6485ecb2be2171cbb height=370 version=0x30000000 log2_work=9.535275 tx=3812 date='2025-10-09T05:55:59Z' progress=1.000000 cache=0.3MiB(1070txo)
2025-10-09T05:56:07Z Saw new header hash=43da68690cb6cb3affba056b6dcc2849d6bcd70b393538575d6083856c456347 height=371
2025-10-09T05:56:07Z Saw new cmpctblock header hash=43da68690cb6cb3affba056b6dcc2849d6bcd70b393538575d6083856c456347 peer=4
2025-10-09T05:56:07Z UpdateTip: new best=43da68690cb6cb3affba056b6dcc2849d6bcd70b393538575d6083856c456347 height=371 version=0x30000000 log2_work=9.539159 tx=3822 date='2025-10-09T05:56:04Z' progress=1.000000 cache=0.3MiB(1077txo)
2025-10-09T05:56:12Z Saw new header hash=230989e5631d71426bbe3f70e659d18f7dbcf68a5cbe044d090ed2caef604282 height=372
2025-10-09T05:56:12Z Saw new cmpctblock header hash=230989e5631d71426bbe3f70e659d18f7dbcf68a5cbe044d090ed2caef604282 peer=4
2025-10-09T05:56:12Z UpdateTip: new best=230989e5631d71426bbe3f70e659d18f7dbcf68a5cbe044d090ed2caef604282 height=372 version=0x30000000 log2_work=9.543032 tx=3832 date='2025-10-09T05:56:09Z' progress=1.000000 cache=0.3MiB(1076txo)
2025-10-09T05:56:18Z Saw new header hash=23a872e59f79c449e11b034d3b6e35435195e2e0af174ad018395dfd412d5301 height=373
2025-10-09T05:56:18Z Saw new cmpctblock header hash=23a872e59f79c449e11b034d3b6e35435195e2e0af174ad018395dfd412d5301 peer=4
2025-10-09T05:56:18Z UpdateTip: new best=23a872e59f79c449e11b034d3b6e35435195e2e0af174ad018395dfd412d5301 height=373 version=0x30000000 log2_work=9.546894 tx=3842 date='2025-10-09T05:56:15Z' progress=1.000000 cache=0.3MiB(1079txo)
2025-10-09T05:56:23Z Saw new header hash=2cf51d33af3b44baebfae5eb50d2d07ad4f37b974327c70e52ab8c3d56e37285 height=374
2025-10-09T05:56:23Z Saw new cmpctblock header hash=2cf51d33af3b44baebfae5eb50d2d07ad4f37b974327c70e52ab8c3d56e37285 peer=4
2025-10-09T05:56:23Z UpdateTip: new best=2cf51d33af3b44baebfae5eb50d2d07ad4f37b974327c70e52ab8c3d56e37285 height=374 version=0x30000000 log2_work=9.550747 tx=3852 date='2025-10-09T05:56:20Z' progress=1.000000 cache=0.3MiB(1081txo)
2025-10-09T05:56:35Z Saw new header hash=7c1ac9f832571988f2accd3d19b3b329471dcae16257af845423edbd42d79cec height=375
2025-10-09T05:56:35Z Saw new cmpctblock header hash=7c1ac9f832571988f2accd3d19b3b329471dcae16257af845423edbd42d79cec peer=4
2025-10-09T05:56:35Z Saw new header hash=6f12fc365789c64222c90ca41a7f9f66995712c48b27f125ef41b7ee30454f6b height=376
2025-10-09T05:56:35Z Saw new cmpctblock header hash=6f12fc365789c64222c90ca41a7f9f66995712c48b27f125ef41b7ee30454f6b peer=4
2025-10-09T05:56:35Z Saw new header hash=276ffc437a54615e29ef83bb93a0ff87162ca17c8aef5a6f8646d4bf4997353b height=377
2025-10-09T05:56:35Z Saw new cmpctblock header hash=276ffc437a54615e29ef83bb93a0ff87162ca17c8aef5a6f8646d4bf4997353b peer=4
2025-10-09T05:56:35Z Saw new header hash=7fdd2e64fd578930c4e08604a25133b3bcf44c786e289671ed1162adedbfb421 height=378
2025-10-09T05:56:35Z Saw new cmpctblock header hash=7fdd2e64fd578930c4e08604a25133b3bcf44c786e289671ed1162adedbfb421 peer=4
2025-10-09T05:56:35Z Saw new header hash=2ecc786b491963c7de1fb916b4c4acefc013378dce5bb682e47f97847f0ece38 height=379
2025-10-09T05:56:35Z Saw new cmpctblock header hash=2ecc786b491963c7de1fb916b4c4acefc013378dce5bb682e47f97847f0ece38 peer=4
2025-10-09T05:56:36Z UpdateTip: new best=7c1ac9f832571988f2accd3d19b3b329471dcae16257af845423edbd42d79cec height=375 version=0x30000000 log2_work=9.554589 tx=3862 date='2025-10-09T05:56:31Z' progress=1.000000 cache=0.3MiB(1080txo)
2025-10-09T05:56:36Z UpdateTip: new best=6f12fc365789c64222c90ca41a7f9f66995712c48b27f125ef41b7ee30454f6b height=376 version=0x30000000 log2_work=9.558421 tx=3863 date='2025-10-09T05:56:32Z' progress=1.000000 cache=0.3MiB(1081txo)
2025-10-09T05:56:36Z UpdateTip: new best=276ffc437a54615e29ef83bb93a0ff87162ca17c8aef5a6f8646d4bf4997353b height=377 version=0x30000000 log2_work=9.562242 tx=3864 date='2025-10-09T05:56:32Z' progress=1.000000 cache=0.3MiB(1082txo)
2025-10-09T05:56:36Z UpdateTip: new best=7fdd2e64fd578930c4e08604a25133b3bcf44c786e289671ed1162adedbfb421 height=378 version=0x30000000 log2_work=9.566054 tx=3865 date='2025-10-09T05:56:32Z' progress=1.000000 cache=0.3MiB(1083txo)
2025-10-09T05:56:36Z UpdateTip: new best=2ecc786b491963c7de1fb916b4c4acefc013378dce5bb682e47f97847f0ece38 height=379 version=0x30000000 log2_work=9.569856 tx=3866 date='2025-10-09T05:56:32Z' progress=1.000000 cache=0.3MiB(1084txo)
2025-10-09T05:56:36Z Saw new header hash=50f87ecf70341ed3592dce594d459187e6b0b40fb70f73bc6f8161617b969000 height=380
2025-10-09T05:56:36Z Saw new cmpctblock header hash=50f87ecf70341ed3592dce594d459187e6b0b40fb70f73bc6f8161617b969000 peer=4
2025-10-09T05:56:36Z UpdateTip: new best=50f87ecf70341ed3592dce594d459187e6b0b40fb70f73bc6f8161617b969000 height=380 version=0x30000000 log2_work=9.573647 tx=3867 date='2025-10-09T05:56:32Z' progress=1.000000 cache=0.3MiB(1085txo)
2025-10-09T05:56:36Z Saw new header hash=3cabdbf5006f85c43be3040bf10368705c33cb423e24887844f27187f7034ec8 height=381
2025-10-09T05:56:36Z Saw new cmpctblock header hash=3cabdbf5006f85c43be3040bf10368705c33cb423e24887844f27187f7034ec8 peer=4
2025-10-09T05:56:36Z UpdateTip: new best=3cabdbf5006f85c43be3040bf10368705c33cb423e24887844f27187f7034ec8 height=381 version=0x30000000 log2_work=9.577429 tx=3868 date='2025-10-09T05:56:32Z' progress=1.000000 cache=0.3MiB(1086txo)
2025-10-09T05:56:36Z Saw new header hash=7a1fde6fe5b86fc8d58b1e64692e5e80c8c6a7bc15561144df5efd489bbd1407 height=382
2025-10-09T05:56:36Z Saw new cmpctblock header hash=7a1fde6fe5b86fc8d58b1e64692e5e80c8c6a7bc15561144df5efd489bbd1407 peer=4
2025-10-09T05:56:36Z UpdateTip: new best=7a1fde6fe5b86fc8d58b1e64692e5e80c8c6a7bc15561144df5efd489bbd1407 height=382 version=0x30000000 log2_work=9.581201 tx=3869 date='2025-10-09T05:56:33Z' progress=1.000000 cache=0.3MiB(1087txo)
2025-10-09T05:56:36Z Saw new header hash=452a4fd9df52cee9c6b6441553236c7dc0d80b60144c790b75a2cdea801ff2f6 height=383
2025-10-09T05:56:36Z Saw new cmpctblock header hash=452a4fd9df52cee9c6b6441553236c7dc0d80b60144c790b75a2cdea801ff2f6 peer=4
2025-10-09T05:56:36Z UpdateTip: new best=452a4fd9df52cee9c6b6441553236c7dc0d80b60144c790b75a2cdea801ff2f6 height=383 version=0x30000000 log2_work=9.584963 tx=3870 date='2025-10-09T05:56:33Z' progress=1.000000 cache=0.3MiB(1088txo)
2025-10-09T05:56:36Z Saw new header hash=5785c1cdd34e2e8c6559731ceb8509b4b95c8d7a313cd78e02c9f6cb032b312b height=384
2025-10-09T05:56:36Z Saw new cmpctblock header hash=5785c1cdd34e2e8c6559731ceb8509b4b95c8d7a313cd78e02c9f6cb032b312b peer=4
2025-10-09T05:56:36Z UpdateTip: new best=5785c1cdd34e2e8c6559731ceb8509b4b95c8d7a313cd78e02c9f6cb032b312b height=384 version=0x30000000 log2_work=9.588715 tx=3871 date='2025-10-09T05:56:33Z' progress=1.000000 cache=0.3MiB(1089txo)
2025-10-09T05:56:36Z Saw new header hash=5c3c4da2bf0daf3516d1b3b0bf2df227ca85357df1a665f17e52bb180669f2ec height=385
2025-10-09T05:56:36Z Saw new cmpctblock header hash=5c3c4da2bf0daf3516d1b3b0bf2df227ca85357df1a665f17e52bb180669f2ec peer=4
2025-10-09T05:56:36Z UpdateTip: new best=5c3c4da2bf0daf3516d1b3b0bf2df227ca85357df1a665f17e52bb180669f2ec height=385 version=0x30000000 log2_work=9.592457 tx=3872 date='2025-10-09T05:56:33Z' progress=1.000000 cache=0.3MiB(1090txo)
2025-10-09T05:56:36Z Saw new header hash=0992c4f555d9057a64ae0ee48600c2279a40727d7975ebfe27d7a2585c81cd2a height=386
2025-10-09T05:56:36Z Saw new cmpctblock header hash=0992c4f555d9057a64ae0ee48600c2279a40727d7975ebfe27d7a2585c81cd2a peer=4
2025-10-09T05:56:36Z UpdateTip: new best=0992c4f555d9057a64ae0ee48600c2279a40727d7975ebfe27d7a2585c81cd2a height=386 version=0x30000000 log2_work=9.596190 tx=3873 date='2025-10-09T05:56:33Z' progress=1.000000 cache=0.3MiB(1091txo)
2025-10-09T05:56:36Z Saw new header hash=09d6354ca99c3be08997d4aee1c414d8d52e2b4a1a8f67ab1ff8755f7b5404aa height=387
2025-10-09T05:56:36Z Saw new cmpctblock header hash=09d6354ca99c3be08997d4aee1c414d8d52e2b4a1a8f67ab1ff8755f7b5404aa peer=4
2025-10-09T05:56:36Z UpdateTip: new best=09d6354ca99c3be08997d4aee1c414d8d52e2b4a1a8f67ab1ff8755f7b5404aa height=387 version=0x30000000 log2_work=9.599913 tx=3874 date='2025-10-09T05:56:33Z' progress=1.000000 cache=0.3MiB(1092txo)
2025-10-09T05:56:37Z Saw new header hash=7d1f554c734122ad51c2378f5a326fa94ff17fb277321372a41469411d445c27 height=388
2025-10-09T05:56:37Z Saw new cmpctblock header hash=7d1f554c734122ad51c2378f5a326fa94ff17fb277321372a41469411d445c27 peer=4
2025-10-09T05:56:37Z UpdateTip: new best=7d1f554c734122ad51c2378f5a326fa94ff17fb277321372a41469411d445c27 height=388 version=0x30000000 log2_work=9.603626 tx=3875 date='2025-10-09T05:56:34Z' progress=1.000000 cache=0.3MiB(1093txo)
2025-10-09T05:56:37Z Saw new header hash=1abde68d4a96dcfb4232d846113ca8e5644b71f9d44f762cf4c877be1b328c02 height=389
2025-10-09T05:56:37Z Saw new cmpctblock header hash=1abde68d4a96dcfb4232d846113ca8e5644b71f9d44f762cf4c877be1b328c02 peer=4
2025-10-09T05:56:37Z UpdateTip: new best=1abde68d4a96dcfb4232d846113ca8e5644b71f9d44f762cf4c877be1b328c02 height=389 version=0x30000000 log2_work=9.607330 tx=3876 date='2025-10-09T05:56:34Z' progress=1.000000 cache=0.3MiB(1094txo)
2025-10-09T05:56:37Z Saw new header hash=78f738afeb888b7fff0aeee81e8f400c5cfed18cef224270d683cb418371cbc9 height=390
2025-10-09T05:56:37Z Saw new cmpctblock header hash=78f738afeb888b7fff0aeee81e8f400c5cfed18cef224270d683cb418371cbc9 peer=4
2025-10-09T05:56:37Z UpdateTip: new best=78f738afeb888b7fff0aeee81e8f400c5cfed18cef224270d683cb418371cbc9 height=390 version=0x30000000 log2_work=9.611025 tx=3877 date='2025-10-09T05:56:34Z' progress=1.000000 cache=0.3MiB(1095txo)
2025-10-09T05:56:37Z Saw new header hash=629dc2d4fd8a3174ef4fbe7fe55f4d0ff1f41119475aca9754bac6e818b8cf6c height=391
2025-10-09T05:56:37Z Saw new cmpctblock header hash=629dc2d4fd8a3174ef4fbe7fe55f4d0ff1f41119475aca9754bac6e818b8cf6c peer=4
2025-10-09T05:56:37Z UpdateTip: new best=629dc2d4fd8a3174ef4fbe7fe55f4d0ff1f41119475aca9754bac6e818b8cf6c height=391 version=0x30000000 log2_work=9.614710 tx=3878 date='2025-10-09T05:56:34Z' progress=1.000000 cache=0.3MiB(1096txo)
2025-10-09T05:56:37Z Saw new header hash=729eee64557dfb45cd79d039c8543c8774104923da9d6a2cec122a37a178ce88 height=392
2025-10-09T05:56:37Z Saw new cmpctblock header hash=729eee64557dfb45cd79d039c8543c8774104923da9d6a2cec122a37a178ce88 peer=4
2025-10-09T05:56:37Z UpdateTip: new best=729eee64557dfb45cd79d039c8543c8774104923da9d6a2cec122a37a178ce88 height=392 version=0x30000000 log2_work=9.618386 tx=3879 date='2025-10-09T05:56:34Z' progress=1.000000 cache=0.3MiB(1097txo)
2025-10-09T05:56:37Z Saw new header hash=46176d5c30819a0d455c96cba5b161409158e43fffdeaa52beaad7b0c48ffc02 height=393
2025-10-09T05:56:37Z Saw new cmpctblock header hash=46176d5c30819a0d455c96cba5b161409158e43fffdeaa52beaad7b0c48ffc02 peer=4
2025-10-09T05:56:37Z UpdateTip: new best=46176d5c30819a0d455c96cba5b161409158e43fffdeaa52beaad7b0c48ffc02 height=393 version=0x30000000 log2_work=9.622052 tx=3880 date='2025-10-09T05:56:34Z' progress=1.000000 cache=0.3MiB(1098txo)
2025-10-09T05:56:37Z Saw new header hash=450049e648d23abde1d0a389229bb415cd3b68b9669084700e1e3e028f2e0273 height=394
2025-10-09T05:56:37Z Saw new cmpctblock header hash=450049e648d23abde1d0a389229bb415cd3b68b9669084700e1e3e028f2e0273 peer=4
2025-10-09T05:56:37Z UpdateTip: new best=450049e648d23abde1d0a389229bb415cd3b68b9669084700e1e3e028f2e0273 height=394 version=0x30000000 log2_work=9.625709 tx=3881 date='2025-10-09T05:56:35Z' progress=1.000000 cache=0.3MiB(1099txo)
2025-10-09T05:56:37Z Saw new header hash=0288781f5bd79de2688ec7daa446e6bf75dce5536d73cd0a046b90a4183231e9 height=395
2025-10-09T05:56:37Z Saw new cmpctblock header hash=0288781f5bd79de2688ec7daa446e6bf75dce5536d73cd0a046b90a4183231e9 peer=4
2025-10-09T05:56:37Z UpdateTip: new best=0288781f5bd79de2688ec7daa446e6bf75dce5536d73cd0a046b90a4183231e9 height=395 version=0x30000000 log2_work=9.629357 tx=3882 date='2025-10-09T05:56:35Z' progress=1.000000 cache=0.3MiB(1100txo)
2025-10-09T05:56:37Z Saw new header hash=4c227fa500bf5f047578513edd465dd8745d429ce88ed64cd7db189bae0f54d5 height=396
2025-10-09T05:56:37Z Saw new cmpctblock header hash=4c227fa500bf5f047578513edd465dd8745d429ce88ed64cd7db189bae0f54d5 peer=4
2025-10-09T05:56:37Z UpdateTip: new best=4c227fa500bf5f047578513edd465dd8745d429ce88ed64cd7db189bae0f54d5 height=396 version=0x30000000 log2_work=9.632995 tx=3883 date='2025-10-09T05:56:35Z' progress=1.000000 cache=0.3MiB(1101txo)
2025-10-09T05:56:37Z Saw new header hash=34fa6f45b9628e03a5e4b349e3322c15405fcf58153e78820ed534a02d33ca51 height=397
2025-10-09T05:56:37Z Saw new cmpctblock header hash=34fa6f45b9628e03a5e4b349e3322c15405fcf58153e78820ed534a02d33ca51 peer=4
2025-10-09T05:56:37Z UpdateTip: new best=34fa6f45b9628e03a5e4b349e3322c15405fcf58153e78820ed534a02d33ca51 height=397 version=0x30000000 log2_work=9.636625 tx=3884 date='2025-10-09T05:56:35Z' progress=1.000000 cache=0.3MiB(1102txo)
2025-10-09T05:56:37Z Saw new header hash=6831ce669679af9a42d2ccd25995065c6158d1e749d7ff7b48bcd96ca84a803a height=398
2025-10-09T05:56:37Z Saw new cmpctblock header hash=6831ce669679af9a42d2ccd25995065c6158d1e749d7ff7b48bcd96ca84a803a peer=4
2025-10-09T05:56:37Z UpdateTip: new best=6831ce669679af9a42d2ccd25995065c6158d1e749d7ff7b48bcd96ca84a803a height=398 version=0x30000000 log2_work=9.640245 tx=3885 date='2025-10-09T05:56:35Z' progress=1.000000 cache=0.3MiB(1103txo)
2025-10-09T05:56:37Z Saw new header hash=0fe667924ddcf67d01b64de67b54f364cd75a6a66fd9187a2da49e1c947ba93c height=399
2025-10-09T05:56:37Z Saw new header hash=5163f7750d926ddbed854addd167f55af95b50856d451473dbcb994769be2011 height=400
2025-10-09T05:56:37Z Saw new header hash=0ff50f9580012c1be9d5683c630b1b501e6f69ee9e1f91c3030c762b24b0c949 height=401
2025-10-09T05:56:37Z UpdateTip: new best=0fe667924ddcf67d01b64de67b54f364cd75a6a66fd9187a2da49e1c947ba93c height=399 version=0x30000000 log2_work=9.643856 tx=3886 date='2025-10-09T05:56:35Z' progress=1.000000 cache=0.3MiB(1104txo)
2025-10-09T05:56:37Z UpdateTip: new best=5163f7750d926ddbed854addd167f55af95b50856d451473dbcb994769be2011 height=400 version=0x30000000 log2_work=9.647458 tx=3887 date='2025-10-09T05:56:36Z' progress=1.000000 cache=0.3MiB(1105txo)
2025-10-09T05:56:37Z UpdateTip: new best=0ff50f9580012c1be9d5683c630b1b501e6f69ee9e1f91c3030c762b24b0c949 height=401 version=0x30000000 log2_work=9.651052 tx=3888 date='2025-10-09T05:56:36Z' progress=1.000000 cache=0.3MiB(1106txo)
2025-10-09T05:56:37Z Saw new header hash=0f5820bef9deeb5dd2d0014b00b38083dad9fdde6da0b61609e833d21658d6c8 height=402
2025-10-09T05:56:37Z Saw new cmpctblock header hash=0f5820bef9deeb5dd2d0014b00b38083dad9fdde6da0b61609e833d21658d6c8 peer=4
2025-10-09T05:56:37Z UpdateTip: new best=0f5820bef9deeb5dd2d0014b00b38083dad9fdde6da0b61609e833d21658d6c8 height=402 version=0x30000000 log2_work=9.654636 tx=3889 date='2025-10-09T05:56:36Z' progress=1.000000 cache=0.3MiB(1107txo)
2025-10-09T05:56:37Z Saw new header hash=117d9927af653beb9535f05901c47c7e0f5fcaa58804ce16d992e0597b7f6dc2 height=403
2025-10-09T05:56:37Z Saw new cmpctblock header hash=117d9927af653beb9535f05901c47c7e0f5fcaa58804ce16d992e0597b7f6dc2 peer=4
2025-10-09T05:56:37Z UpdateTip: new best=117d9927af653beb9535f05901c47c7e0f5fcaa58804ce16d992e0597b7f6dc2 height=403 version=0x30000000 log2_work=9.658211 tx=3890 date='2025-10-09T05:56:36Z' progress=1.000000 cache=0.3MiB(1108txo)
2025-10-09T05:56:37Z Saw new header hash=5c6567b7611efc91c6e8878960f150ab31d3c8398fd0e7dd3acb19e70fd9e2b8 height=404
2025-10-09T05:56:37Z Saw new cmpctblock header hash=5c6567b7611efc91c6e8878960f150ab31d3c8398fd0e7dd3acb19e70fd9e2b8 peer=4
2025-10-09T05:56:37Z UpdateTip: new best=5c6567b7611efc91c6e8878960f150ab31d3c8398fd0e7dd3acb19e70fd9e2b8 height=404 version=0x30000000 log2_work=9.661778 tx=3891 date='2025-10-09T05:56:36Z' progress=1.000000 cache=0.3MiB(1109txo)
2025-10-09T05:56:37Z Saw new header hash=4ee31d046add8528c00186390f506a67e7920e73914b5c2b8cd1b3b11f898d07 height=405
2025-10-09T05:56:37Z Saw new cmpctblock header hash=4ee31d046add8528c00186390f506a67e7920e73914b5c2b8cd1b3b11f898d07 peer=4
2025-10-09T05:56:37Z UpdateTip: new best=4ee31d046add8528c00186390f506a67e7920e73914b5c2b8cd1b3b11f898d07 height=405 version=0x30000000 log2_work=9.665336 tx=3892 date='2025-10-09T05:56:36Z' progress=1.000000 cache=0.3MiB(1110txo)
2025-10-09T05:56:37Z Saw new header hash=0ae0eac0586b7ad1c494f26f7355a0a26d1dc1bb4b1f0645ee31df7ac2cafb47 height=406
2025-10-09T05:56:37Z Saw new cmpctblock header hash=0ae0eac0586b7ad1c494f26f7355a0a26d1dc1bb4b1f0645ee31df7ac2cafb47 peer=4
2025-10-09T05:56:37Z UpdateTip: new best=0ae0eac0586b7ad1c494f26f7355a0a26d1dc1bb4b1f0645ee31df7ac2cafb47 height=406 version=0x30000000 log2_work=9.668885 tx=3893 date='2025-10-09T05:56:37Z' progress=1.000000 cache=0.3MiB(1111txo)
2025-10-09T05:56:37Z Saw new header hash=1a31a1dc053bb6fdd91a994d9e19980d02c012cfc36a77f358749c94314d577c height=407
2025-10-09T05:56:37Z Saw new cmpctblock header hash=1a31a1dc053bb6fdd91a994d9e19980d02c012cfc36a77f358749c94314d577c peer=4
2025-10-09T05:56:37Z UpdateTip: new best=1a31a1dc053bb6fdd91a994d9e19980d02c012cfc36a77f358749c94314d577c height=407 version=0x30000000 log2_work=9.672425 tx=3894 date='2025-10-09T05:56:37Z' progress=1.000000 cache=0.3MiB(1112txo)
2025-10-09T05:56:37Z Saw new header hash=27284470bea808d92059e1ae67467a1d63b10784929e2ee634f53f3fecdd0ebe height=408
2025-10-09T05:56:37Z Saw new cmpctblock header hash=27284470bea808d92059e1ae67467a1d63b10784929e2ee634f53f3fecdd0ebe peer=4
2025-10-09T05:56:37Z UpdateTip: new best=27284470bea808d92059e1ae67467a1d63b10784929e2ee634f53f3fecdd0ebe height=408 version=0x30000000 log2_work=9.675957 tx=3895 date='2025-10-09T05:56:37Z' progress=1.000000 cache=0.3MiB(1113txo)
2025-10-09T05:56:37Z Saw new header hash=50f1c361b3b75b487e029c94feda36f24eb6316eccc0b1be6e24255e1d19bbe6 height=409
2025-10-09T05:56:37Z Saw new cmpctblock header hash=50f1c361b3b75b487e029c94feda36f24eb6316eccc0b1be6e24255e1d19bbe6 peer=4
2025-10-09T05:56:37Z UpdateTip: new best=50f1c361b3b75b487e029c94feda36f24eb6316eccc0b1be6e24255e1d19bbe6 height=409 version=0x30000000 log2_work=9.679480 tx=3896 date='2025-10-09T05:56:37Z' progress=1.000000 cache=0.3MiB(1114txo)
2025-10-09T05:56:37Z Saw new header hash=6ec9caad177beb6cf230bced36f91f176dfa9cf2db50a22538e65adaabf01d6b height=410
2025-10-09T05:56:37Z UpdateTip: new best=6ec9caad177beb6cf230bced36f91f176dfa9cf2db50a22538e65adaabf01d6b height=410 version=0x30000000 log2_work=9.682995 tx=3897 date='2025-10-09T05:56:37Z' progress=1.000000 cache=0.3MiB(1115txo)
2025-10-09T05:56:37Z Saw new header hash=5f7d6ca270ebac8143e553d81208d64a9220ea365563bc766b7543009f423a7d height=411
2025-10-09T05:56:37Z Saw new cmpctblock header hash=5f7d6ca270ebac8143e553d81208d64a9220ea365563bc766b7543009f423a7d peer=4
2025-10-09T05:56:37Z UpdateTip: new best=5f7d6ca270ebac8143e553d81208d64a9220ea365563bc766b7543009f423a7d height=411 version=0x30000000 log2_work=9.686501 tx=3898 date='2025-10-09T05:56:37Z' progress=1.000000 cache=0.3MiB(1116txo)
2025-10-09T05:56:37Z Saw new header hash=4a4a4235c80a260b8b0f4363a58c833ad207af5a77a519e734e287ea1be10993 height=412
2025-10-09T05:56:37Z Saw new cmpctblock header hash=4a4a4235c80a260b8b0f4363a58c833ad207af5a77a519e734e287ea1be10993 peer=4
2025-10-09T05:56:37Z UpdateTip: new best=4a4a4235c80a260b8b0f4363a58c833ad207af5a77a519e734e287ea1be10993 height=412 version=0x30000000 log2_work=9.689998 tx=3899 date='2025-10-09T05:56:38Z' progress=1.000000 cache=0.3MiB(1117txo)
2025-10-09T05:56:37Z Saw new header hash=2935d2225adf93c560aa412230d8016117a4e54f83c70f47ab9fd7d337958f51 height=413
2025-10-09T05:56:37Z Saw new cmpctblock header hash=2935d2225adf93c560aa412230d8016117a4e54f83c70f47ab9fd7d337958f51 peer=4
2025-10-09T05:56:37Z UpdateTip: new best=2935d2225adf93c560aa412230d8016117a4e54f83c70f47ab9fd7d337958f51 height=413 version=0x30000000 log2_work=9.693487 tx=3900 date='2025-10-09T05:56:38Z' progress=1.000000 cache=0.3MiB(1118txo)
2025-10-09T05:56:37Z Saw new header hash=01b517caab563b246ec5fff93d11e91d44fee2417c871905e0f96e048c71e8bd height=414
2025-10-09T05:56:37Z Saw new cmpctblock header hash=01b517caab563b246ec5fff93d11e91d44fee2417c871905e0f96e048c71e8bd peer=4
2025-10-09T05:56:37Z UpdateTip: new best=01b517caab563b246ec5fff93d11e91d44fee2417c871905e0f96e048c71e8bd height=414 version=0x30000000 log2_work=9.696968 tx=3901 date='2025-10-09T05:56:38Z' progress=1.000000 cache=0.3MiB(1119txo)
2025-10-09T05:56:37Z Saw new header hash=38461b1ab388c88ba1e5e6615bb30b769d8063e8914a46bdc95466f5f4391464 height=415
2025-10-09T05:56:37Z Saw new cmpctblock header hash=38461b1ab388c88ba1e5e6615bb30b769d8063e8914a46bdc95466f5f4391464 peer=4
2025-10-09T05:56:37Z UpdateTip: new best=38461b1ab388c88ba1e5e6615bb30b769d8063e8914a46bdc95466f5f4391464 height=415 version=0x30000000 log2_work=9.700440 tx=3902 date='2025-10-09T05:56:38Z' progress=1.000000 cache=0.3MiB(1120txo)
2025-10-09T05:56:37Z Saw new header hash=3d9ffe60dfcbeb81fd031ad50769b9ef28d8bce01aae4ad95970d4ff055744e0 height=416
2025-10-09T05:56:37Z Saw new cmpctblock header hash=3d9ffe60dfcbeb81fd031ad50769b9ef28d8bce01aae4ad95970d4ff055744e0 peer=4
2025-10-09T05:56:37Z UpdateTip: new best=3d9ffe60dfcbeb81fd031ad50769b9ef28d8bce01aae4ad95970d4ff055744e0 height=416 version=0x30000000 log2_work=9.703904 tx=3903 date='2025-10-09T05:56:38Z' progress=1.000000 cache=0.3MiB(1121txo)
2025-10-09T05:56:37Z Saw new header hash=09a66b04ad3fa45ef97192dbcb1f56f73245f03d6684466cd836fcc74367bdd9 height=417
2025-10-09T05:56:37Z Saw new cmpctblock header hash=09a66b04ad3fa45ef97192dbcb1f56f73245f03d6684466cd836fcc74367bdd9 peer=4
2025-10-09T05:56:37Z UpdateTip: new best=09a66b04ad3fa45ef97192dbcb1f56f73245f03d6684466cd836fcc74367bdd9 height=417 version=0x30000000 log2_work=9.707359 tx=3904 date='2025-10-09T05:56:38Z' progress=1.000000 cache=0.3MiB(1122txo)
2025-10-09T05:56:37Z Saw new header hash=623d2165b52e70ed3a9dd5bea6d6ea3a7d2bcd3c00c6465964be64985ec64b0a height=418
2025-10-09T05:56:37Z Saw new cmpctblock header hash=623d2165b52e70ed3a9dd5bea6d6ea3a7d2bcd3c00c6465964be64985ec64b0a peer=4
2025-10-09T05:56:37Z UpdateTip: new best=623d2165b52e70ed3a9dd5bea6d6ea3a7d2bcd3c00c6465964be64985ec64b0a height=418 version=0x30000000 log2_work=9.710806 tx=3905 date='2025-10-09T05:56:39Z' progress=1.000000 cache=0.3MiB(1123txo)
2025-10-09T05:56:37Z Saw new header hash=16bf7a94bc5e628be9f54cb497e0efa35b814f81bdb390452b02a71c828702de height=419
2025-10-09T05:56:37Z Saw new cmpctblock header hash=16bf7a94bc5e628be9f54cb497e0efa35b814f81bdb390452b02a71c828702de peer=4
2025-10-09T05:56:37Z UpdateTip: new best=16bf7a94bc5e628be9f54cb497e0efa35b814f81bdb390452b02a71c828702de height=419 version=0x30000000 log2_work=9.714246 tx=3906 date='2025-10-09T05:56:39Z' progress=1.000000 cache=0.3MiB(1124txo)
2025-10-09T05:56:37Z Saw new header hash=165de1c7c18a60f961aa3e3dedb30eeb006ef2b3d4de47f8d8f942071f29244a height=420
2025-10-09T05:56:37Z Saw new cmpctblock header hash=165de1c7c18a60f961aa3e3dedb30eeb006ef2b3d4de47f8d8f942071f29244a peer=4
2025-10-09T05:56:37Z UpdateTip: new best=165de1c7c18a60f961aa3e3dedb30eeb006ef2b3d4de47f8d8f942071f29244a height=420 version=0x30000000 log2_work=9.717676 tx=3907 date='2025-10-09T05:56:39Z' progress=1.000000 cache=0.3MiB(1125txo)
2025-10-09T05:56:37Z Saw new header hash=6b1e9d8c1807b23a3ce220a102daa9fb3faeb1bd5500b17669a1425ef3817fe8 height=421
2025-10-09T05:56:37Z Saw new cmpctblock header hash=6b1e9d8c1807b23a3ce220a102daa9fb3faeb1bd5500b17669a1425ef3817fe8 peer=4
2025-10-09T05:56:37Z UpdateTip: new best=6b1e9d8c1807b23a3ce220a102daa9fb3faeb1bd5500b17669a1425ef3817fe8 height=421 version=0x30000000 log2_work=9.721099 tx=3908 date='2025-10-09T05:56:39Z' progress=1.000000 cache=0.3MiB(1126txo)
2025-10-09T05:56:37Z Saw new header hash=47ed3c84ba610c3a1deb8307156c00cc5a0d25168386577dccb64013686ad1f0 height=422
2025-10-09T05:56:37Z Saw new cmpctblock header hash=47ed3c84ba610c3a1deb8307156c00cc5a0d25168386577dccb64013686ad1f0 peer=4
2025-10-09T05:56:37Z UpdateTip: new best=47ed3c84ba610c3a1deb8307156c00cc5a0d25168386577dccb64013686ad1f0 height=422 version=0x30000000 log2_work=9.724514 tx=3909 date='2025-10-09T05:56:39Z' progress=1.000000 cache=0.3MiB(1127txo)
2025-10-09T05:56:37Z Saw new header hash=64fac8c17bc1576e008b4e9ebd01a20dc25e1a1072e94995597de73457a98868 height=423
2025-10-09T05:56:37Z Saw new cmpctblock header hash=64fac8c17bc1576e008b4e9ebd01a20dc25e1a1072e94995597de73457a98868 peer=4
2025-10-09T05:56:37Z UpdateTip: new best=64fac8c17bc1576e008b4e9ebd01a20dc25e1a1072e94995597de73457a98868 height=423 version=0x30000000 log2_work=9.727920 tx=3910 date='2025-10-09T05:56:39Z' progress=1.000000 cache=0.3MiB(1128txo)
2025-10-09T05:56:37Z Saw new header hash=540278127bd0f71586f885a0922d23917271a78156dd7a852063e352cb6351cf height=424
2025-10-09T05:56:37Z Saw new cmpctblock header hash=540278127bd0f71586f885a0922d23917271a78156dd7a852063e352cb6351cf peer=4
2025-10-09T05:56:37Z UpdateTip: new best=540278127bd0f71586f885a0922d23917271a78156dd7a852063e352cb6351cf height=424 version=0x30000000 log2_work=9.731319 tx=3911 date='2025-10-09T05:56:40Z' progress=1.000000 cache=0.3MiB(1129txo)
2025-10-09T05:56:37Z Saw new header hash=7c67f7fbf9e56b2e806bf18c51d7ba344749f060e0d6978a87b6c9d41ef258f4 height=425
2025-10-09T05:56:37Z Saw new cmpctblock header hash=7c67f7fbf9e56b2e806bf18c51d7ba344749f060e0d6978a87b6c9d41ef258f4 peer=4
2025-10-09T05:56:37Z UpdateTip: new best=7c67f7fbf9e56b2e806bf18c51d7ba344749f060e0d6978a87b6c9d41ef258f4 height=425 version=0x30000000 log2_work=9.734710 tx=3912 date='2025-10-09T05:56:40Z' progress=1.000000 cache=0.3MiB(1130txo)
2025-10-09T05:56:37Z Saw new header hash=6e42cb665b54edcd2a405e973f565d8bb1b8e20a9057d555c2b2b99549fd44a2 height=426
2025-10-09T05:56:37Z Saw new cmpctblock header hash=6e42cb665b54edcd2a405e973f565d8bb1b8e20a9057d555c2b2b99549fd44a2 peer=4
2025-10-09T05:56:37Z UpdateTip: new best=6e42cb665b54edcd2a405e973f565d8bb1b8e20a9057d555c2b2b99549fd44a2 height=426 version=0x30000000 log2_work=9.738092 tx=3913 date='2025-10-09T05:56:40Z' progress=1.000000 cache=0.3MiB(1131txo)
2025-10-09T05:56:37Z Saw new header hash=1e2621318e6cf341605278ef3f35015cc7bd6b51ae2f2317113e7094bfae502b height=427
2025-10-09T05:56:37Z Saw new cmpctblock header hash=1e2621318e6cf341605278ef3f35015cc7bd6b51ae2f2317113e7094bfae502b peer=4
2025-10-09T05:56:37Z UpdateTip: new best=1e2621318e6cf341605278ef3f35015cc7bd6b51ae2f2317113e7094bfae502b height=427 version=0x30000000 log2_work=9.741467 tx=3914 date='2025-10-09T05:56:40Z' progress=1.000000 cache=0.3MiB(1132txo)
2025-10-09T05:56:37Z Saw new header hash=6e662b2ab51503c9f0ec1988156768b51e797f300b17b314e6af25e65006f458 height=428
2025-10-09T05:56:37Z Saw new cmpctblock header hash=6e662b2ab51503c9f0ec1988156768b51e797f300b17b314e6af25e65006f458 peer=4
2025-10-09T05:56:37Z UpdateTip: new best=6e662b2ab51503c9f0ec1988156768b51e797f300b17b314e6af25e65006f458 height=428 version=0x30000000 log2_work=9.744834 tx=3915 date='2025-10-09T05:56:40Z' progress=1.000000 cache=0.3MiB(1133txo)
2025-10-09T05:56:37Z Saw new header hash=6b957f2c2b9f509e27748e1c768943763fb1c3168e0da74c8fdab8c868f35e73 height=429
2025-10-09T05:56:37Z Saw new cmpctblock header hash=6b957f2c2b9f509e27748e1c768943763fb1c3168e0da74c8fdab8c868f35e73 peer=4
2025-10-09T05:56:37Z UpdateTip: new best=6b957f2c2b9f509e27748e1c768943763fb1c3168e0da74c8fdab8c868f35e73 height=429 version=0x30000000 log2_work=9.748193 tx=3916 date='2025-10-09T05:56:40Z' progress=1.000000 cache=0.3MiB(1134txo)
2025-10-09T05:56:37Z Saw new header hash=24cb829fdd563b314ef2162e6218be86fe442ce8a9aa0bac00e9dde3243fb2e3 height=430
2025-10-09T05:56:37Z Saw new cmpctblock header hash=24cb829fdd563b314ef2162e6218be86fe442ce8a9aa0bac00e9dde3243fb2e3 peer=4
2025-10-09T05:56:37Z UpdateTip: new best=24cb829fdd563b314ef2162e6218be86fe442ce8a9aa0bac00e9dde3243fb2e3 height=430 version=0x30000000 log2_work=9.751544 tx=3917 date='2025-10-09T05:56:41Z' progress=1.000000 cache=0.3MiB(1135txo)
2025-10-09T05:56:37Z Saw new header hash=67c40aa22619273a462a966a2a76ddde5e87d6b747161e90ccf6013959eabd35 height=431
2025-10-09T05:56:37Z Saw new cmpctblock header hash=67c40aa22619273a462a966a2a76ddde5e87d6b747161e90ccf6013959eabd35 peer=4
2025-10-09T05:56:37Z UpdateTip: new best=67c40aa22619273a462a966a2a76ddde5e87d6b747161e90ccf6013959eabd35 height=431 version=0x30000000 log2_work=9.754888 tx=3918 date='2025-10-09T05:56:41Z' progress=1.000000 cache=0.3MiB(1136txo)
2025-10-09T05:56:37Z Saw new header hash=6215add6e69568cd9adadbaaeb4bb8cabf45dd69b617223afb24d81d5424a764 height=432
2025-10-09T05:56:37Z Saw new cmpctblock header hash=6215add6e69568cd9adadbaaeb4bb8cabf45dd69b617223afb24d81d5424a764 peer=4
2025-10-09T05:56:37Z UpdateTip: new best=6215add6e69568cd9adadbaaeb4bb8cabf45dd69b617223afb24d81d5424a764 height=432 version=0x20000000 log2_work=9.758223 tx=3919 date='2025-10-09T05:56:41Z' progress=1.000000 cache=0.3MiB(1137txo)
2025-10-09T05:56:37Z Saw new header hash=544063511a3208abba8b8cc29bbf171ec4045fe267cb9ecf688c54cd63f9271e height=433
2025-10-09T05:56:37Z Saw new cmpctblock header hash=544063511a3208abba8b8cc29bbf171ec4045fe267cb9ecf688c54cd63f9271e peer=4
2025-10-09T05:56:37Z UpdateTip: new best=544063511a3208abba8b8cc29bbf171ec4045fe267cb9ecf688c54cd63f9271e height=433 version=0x20000000 log2_work=9.761551 tx=3920 date='2025-10-09T05:56:41Z' progress=1.000000 cache=0.3MiB(1138txo)
2025-10-09T05:56:37Z Saw new header hash=43671f0cf5672cb59053b750e3af32e551ad54c8578e5550af75e0367860d930 height=434
2025-10-09T05:56:37Z Saw new cmpctblock header hash=43671f0cf5672cb59053b750e3af32e551ad54c8578e5550af75e0367860d930 peer=4
2025-10-09T05:56:37Z UpdateTip: new best=43671f0cf5672cb59053b750e3af32e551ad54c8578e5550af75e0367860d930 height=434 version=0x20000000 log2_work=9.764872 tx=3921 date='2025-10-09T05:56:41Z' progress=1.000000 cache=0.3MiB(1139txo)
2025-10-09T05:56:37Z Saw new header hash=7575e5e70302b457950e9f6fc8254befec47ba9387e5585818a511cb6bc0582d height=435
2025-10-09T05:56:37Z Saw new cmpctblock header hash=7575e5e70302b457950e9f6fc8254befec47ba9387e5585818a511cb6bc0582d peer=4
2025-10-09T05:56:37Z UpdateTip: new best=7575e5e70302b457950e9f6fc8254befec47ba9387e5585818a511cb6bc0582d height=435 version=0x20000000 log2_work=9.768184 tx=3922 date='2025-10-09T05:56:41Z' progress=1.000000 cache=0.3MiB(1140txo)
2025-10-09T05:56:37Z Saw new header hash=568613c5e185546981f9a42bd898a6894225c99efc8f742ed7ccbbd46f915df1 height=436
2025-10-09T05:56:37Z Saw new cmpctblock header hash=568613c5e185546981f9a42bd898a6894225c99efc8f742ed7ccbbd46f915df1 peer=4
2025-10-09T05:56:37Z UpdateTip: new best=568613c5e185546981f9a42bd898a6894225c99efc8f742ed7ccbbd46f915df1 height=436 version=0x20000000 log2_work=9.771489 tx=3923 date='2025-10-09T05:56:42Z' progress=1.000000 cache=0.3MiB(1141txo)
2025-10-09T05:56:37Z Saw new header hash=2bc34572e8fbace2fe0c9b299cee1e531790d14de579ea30affa1609cb69bb51 height=437
2025-10-09T05:56:37Z Saw new cmpctblock header hash=2bc34572e8fbace2fe0c9b299cee1e531790d14de579ea30affa1609cb69bb51 peer=4
2025-10-09T05:56:37Z UpdateTip: new best=2bc34572e8fbace2fe0c9b299cee1e531790d14de579ea30affa1609cb69bb51 height=437 version=0x20000000 log2_work=9.774787 tx=3924 date='2025-10-09T05:56:42Z' progress=1.000000 cache=0.3MiB(1142txo)
2025-10-09T05:56:37Z Saw new header hash=485d8056cbdd2f20155d901659d25ef2c485159cca465556ac1418007e17b0be height=438
2025-10-09T05:56:37Z Saw new cmpctblock header hash=485d8056cbdd2f20155d901659d25ef2c485159cca465556ac1418007e17b0be peer=4
2025-10-09T05:56:37Z UpdateTip: new best=485d8056cbdd2f20155d901659d25ef2c485159cca465556ac1418007e17b0be height=438 version=0x20000000 log2_work=9.778077 tx=3925 date='2025-10-09T05:56:42Z' progress=1.000000 cache=0.3MiB(1143txo)
2025-10-09T05:56:37Z Saw new header hash=774447ef90a0e7e1d46f1ac7e47462cb41d759985172f9be819d5480c2b21067 height=439
2025-10-09T05:56:37Z Saw new cmpctblock header hash=774447ef90a0e7e1d46f1ac7e47462cb41d759985172f9be819d5480c2b21067 peer=4
2025-10-09T05:56:37Z UpdateTip: new best=774447ef90a0e7e1d46f1ac7e47462cb41d759985172f9be819d5480c2b21067 height=439 version=0x20000000 log2_work=9.781360 tx=3926 date='2025-10-09T05:56:42Z' progress=1.000000 cache=0.3MiB(1144txo)
2025-10-09T05:56:37Z Saw new header hash=5ada3a1266eec8382a6f15d2fcce22b16567e4d38df921f5f7ba04ea03473be0 height=440
2025-10-09T05:56:37Z Saw new cmpctblock header hash=5ada3a1266eec8382a6f15d2fcce22b16567e4d38df921f5f7ba04ea03473be0 peer=4
2025-10-09T05:56:37Z UpdateTip: new best=5ada3a1266eec8382a6f15d2fcce22b16567e4d38df921f5f7ba04ea03473be0 height=440 version=0x20000000 log2_work=9.784635 tx=3927 date='2025-10-09T05:56:42Z' progress=1.000000 cache=0.3MiB(1145txo)
2025-10-09T05:56:37Z Saw new header hash=129b5c2f606401230b0ba2b79083091e956750b3de9fce33808657a175746a00 height=441
2025-10-09T05:56:37Z Saw new cmpctblock header hash=129b5c2f606401230b0ba2b79083091e956750b3de9fce33808657a175746a00 peer=4
2025-10-09T05:56:37Z UpdateTip: new best=129b5c2f606401230b0ba2b79083091e956750b3de9fce33808657a175746a00 height=441 version=0x20000000 log2_work=9.787903 tx=3928 date='2025-10-09T05:56:42Z' progress=1.000000 cache=0.3MiB(1146txo)
2025-10-09T05:56:37Z Saw new header hash=50ae6583d4bd9c62a15e94def7f5f27922598b3bb90688be632043ef1a24f268 height=442
2025-10-09T05:56:37Z Saw new cmpctblock header hash=50ae6583d4bd9c62a15e94def7f5f27922598b3bb90688be632043ef1a24f268 peer=4
2025-10-09T05:56:37Z UpdateTip: new best=50ae6583d4bd9c62a15e94def7f5f27922598b3bb90688be632043ef1a24f268 height=442 version=0x20000000 log2_work=9.791163 tx=3929 date='2025-10-09T05:56:43Z' progress=1.000000 cache=0.3MiB(1147txo)
2025-10-09T05:56:37Z Saw new header hash=5476d0a2f97fe14e2cb6b3af728f4ae147e4b2b81f5c99292f728325230eac4c height=443
2025-10-09T05:56:37Z Saw new cmpctblock header hash=5476d0a2f97fe14e2cb6b3af728f4ae147e4b2b81f5c99292f728325230eac4c peer=4
2025-10-09T05:56:37Z UpdateTip: new best=5476d0a2f97fe14e2cb6b3af728f4ae147e4b2b81f5c99292f728325230eac4c height=443 version=0x20000000 log2_work=9.794416 tx=3930 date='2025-10-09T05:56:43Z' progress=1.000000 cache=0.3MiB(1148txo)
2025-10-09T05:56:37Z Saw new header hash=69a481907713b5ae95cbe2cc339bdd13329772c634cd283cb360d41dfc6dcfa8 height=444
2025-10-09T05:56:37Z Saw new cmpctblock header hash=69a481907713b5ae95cbe2cc339bdd13329772c634cd283cb360d41dfc6dcfa8 peer=4
2025-10-09T05:56:37Z UpdateTip: new best=69a481907713b5ae95cbe2cc339bdd13329772c634cd283cb360d41dfc6dcfa8 height=444 version=0x20000000 log2_work=9.797662 tx=3931 date='2025-10-09T05:56:43Z' progress=1.000000 cache=0.3MiB(1149txo)
2025-10-09T05:56:37Z Saw new header hash=2c2bc6851daa15c48433bbcb95697067c4ef8820145ad404bb08494549adf1a8 height=445
2025-10-09T05:56:37Z Saw new cmpctblock header hash=2c2bc6851daa15c48433bbcb95697067c4ef8820145ad404bb08494549adf1a8 peer=4
2025-10-09T05:56:37Z UpdateTip: new best=2c2bc6851daa15c48433bbcb95697067c4ef8820145ad404bb08494549adf1a8 height=445 version=0x20000000 log2_work=9.800900 tx=3932 date='2025-10-09T05:56:43Z' progress=1.000000 cache=0.3MiB(1150txo)
2025-10-09T05:56:37Z Saw new header hash=6c5588d5dddd3cdafe59762df113650e557ee4a95df01e582c3f34f21a399558 height=446
2025-10-09T05:56:37Z Saw new cmpctblock header hash=6c5588d5dddd3cdafe59762df113650e557ee4a95df01e582c3f34f21a399558 peer=4
2025-10-09T05:56:37Z UpdateTip: new best=6c5588d5dddd3cdafe59762df113650e557ee4a95df01e582c3f34f21a399558 height=446 version=0x20000000 log2_work=9.804131 tx=3933 date='2025-10-09T05:56:43Z' progress=1.000000 cache=0.3MiB(1151txo)
2025-10-09T05:56:38Z Saw new header hash=7ae9935a757018f4eeb6dc119a60d5fa202b7cc603f379122ded58562f0c4af9 height=447
2025-10-09T05:56:38Z Saw new cmpctblock header hash=7ae9935a757018f4eeb6dc119a60d5fa202b7cc603f379122ded58562f0c4af9 peer=4
2025-10-09T05:56:38Z UpdateTip: new best=7ae9935a757018f4eeb6dc119a60d5fa202b7cc603f379122ded58562f0c4af9 height=447 version=0x20000000 log2_work=9.807355 tx=3934 date='2025-10-09T05:56:43Z' progress=1.000000 cache=0.3MiB(1152txo)
2025-10-09T05:56:38Z Saw new header hash=5249daad3250c298e7255c572aa8a2ba127e81a6fc6c615338b25af882eece28 height=448
2025-10-09T05:56:38Z Saw new cmpctblock header hash=5249daad3250c298e7255c572aa8a2ba127e81a6fc6c615338b25af882eece28 peer=4
2025-10-09T05:56:38Z UpdateTip: new best=5249daad3250c298e7255c572aa8a2ba127e81a6fc6c615338b25af882eece28 height=448 version=0x20000000 log2_work=9.810572 tx=3935 date='2025-10-09T05:56:44Z' progress=1.000000 cache=0.3MiB(1153txo)
2025-10-09T05:56:38Z Saw new header hash=1ff2a1754b50e4d50f3e56c70c2b2e655dbcd9a6463e0e0af3b8a7664ce6a5db height=449
2025-10-09T05:56:38Z Saw new cmpctblock header hash=1ff2a1754b50e4d50f3e56c70c2b2e655dbcd9a6463e0e0af3b8a7664ce6a5db peer=4
2025-10-09T05:56:38Z UpdateTip: new best=1ff2a1754b50e4d50f3e56c70c2b2e655dbcd9a6463e0e0af3b8a7664ce6a5db height=449 version=0x20000000 log2_work=9.813781 tx=3936 date='2025-10-09T05:56:44Z' progress=1.000000 cache=0.3MiB(1154txo)
2025-10-09T05:56:38Z Saw new header hash=426e16586cc63017e40141acb395268cbb91887afa60e45f929acaf9ad9381cc height=450
2025-10-09T05:56:38Z Saw new cmpctblock header hash=426e16586cc63017e40141acb395268cbb91887afa60e45f929acaf9ad9381cc peer=4
2025-10-09T05:56:38Z UpdateTip: new best=426e16586cc63017e40141acb395268cbb91887afa60e45f929acaf9ad9381cc height=450 version=0x20000000 log2_work=9.816984 tx=3937 date='2025-10-09T05:56:44Z' progress=1.000000 cache=0.3MiB(1155txo)
2025-10-09T05:56:38Z Saw new header hash=2fb0a73ea9c04c6c2e6abd495ff3e173a7e9a144defdf4507b4343c9c4b4c1a5 height=451
2025-10-09T05:56:38Z Saw new cmpctblock header hash=2fb0a73ea9c04c6c2e6abd495ff3e173a7e9a144defdf4507b4343c9c4b4c1a5 peer=4
2025-10-09T05:56:38Z UpdateTip: new best=2fb0a73ea9c04c6c2e6abd495ff3e173a7e9a144defdf4507b4343c9c4b4c1a5 height=451 version=0x20000000 log2_work=9.820179 tx=3938 date='2025-10-09T05:56:44Z' progress=1.000000 cache=0.3MiB(1156txo)
2025-10-09T05:56:38Z Saw new header hash=3da7af105cd8bc37a37b4ff55bd4b1ff1c9e0b56ae5db5c9de28db0d5bdd9b13 height=452
2025-10-09T05:56:38Z Saw new cmpctblock header hash=3da7af105cd8bc37a37b4ff55bd4b1ff1c9e0b56ae5db5c9de28db0d5bdd9b13 peer=4
2025-10-09T05:56:38Z UpdateTip: new best=3da7af105cd8bc37a37b4ff55bd4b1ff1c9e0b56ae5db5c9de28db0d5bdd9b13 height=452 version=0x20000000 log2_work=9.823367 tx=3939 date='2025-10-09T05:56:44Z' progress=1.000000 cache=0.3MiB(1157txo)
2025-10-09T05:56:38Z Saw new header hash=71c0940e3e56f9b7764ecced45c9b713c0538768e5e50173fdd1e94d347dcbfc height=453
2025-10-09T05:56:38Z Saw new cmpctblock header hash=71c0940e3e56f9b7764ecced45c9b713c0538768e5e50173fdd1e94d347dcbfc peer=4
2025-10-09T05:56:38Z UpdateTip: new best=71c0940e3e56f9b7764ecced45c9b713c0538768e5e50173fdd1e94d347dcbfc height=453 version=0x20000000 log2_work=9.826548 tx=3940 date='2025-10-09T05:56:44Z' progress=1.000000 cache=0.3MiB(1158txo)
2025-10-09T05:56:38Z Saw new header hash=3acfc5409e489f80588e7b6c41430a2f4023b4e11f82c3e9b953e867a23a38cb height=454
2025-10-09T05:56:38Z Saw new cmpctblock header hash=3acfc5409e489f80588e7b6c41430a2f4023b4e11f82c3e9b953e867a23a38cb peer=4
2025-10-09T05:56:38Z UpdateTip: new best=3acfc5409e489f80588e7b6c41430a2f4023b4e11f82c3e9b953e867a23a38cb height=454 version=0x20000000 log2_work=9.829723 tx=3941 date='2025-10-09T05:56:45Z' progress=1.000000 cache=0.3MiB(1159txo)
2025-10-09T05:56:38Z Saw new header hash=108c873833b0ffc6df83e8714e8942ddf02dda7404db04db8b48a551215133fb height=455
2025-10-09T05:56:38Z Saw new cmpctblock header hash=108c873833b0ffc6df83e8714e8942ddf02dda7404db04db8b48a551215133fb peer=4
2025-10-09T05:56:38Z UpdateTip: new best=108c873833b0ffc6df83e8714e8942ddf02dda7404db04db8b48a551215133fb height=455 version=0x20000000 log2_work=9.832890 tx=3942 date='2025-10-09T05:56:45Z' progress=1.000000 cache=0.3MiB(1160txo)
2025-10-09T05:56:38Z Saw new header hash=6fdbc7740bbb0d461e16dc1d9d7624c4ff90543fe72fdb9a1a0ffba7eb604955 height=456
2025-10-09T05:56:38Z Saw new cmpctblock header hash=6fdbc7740bbb0d461e16dc1d9d7624c4ff90543fe72fdb9a1a0ffba7eb604955 peer=4
2025-10-09T05:56:38Z UpdateTip: new best=6fdbc7740bbb0d461e16dc1d9d7624c4ff90543fe72fdb9a1a0ffba7eb604955 height=456 version=0x20000000 log2_work=9.836050 tx=3943 date='2025-10-09T05:56:45Z' progress=1.000000 cache=0.3MiB(1161txo)
2025-10-09T05:56:38Z Saw new header hash=70aefb90da71c6ae9fd84adfb7b15e3143ac72d958032a0582ce13e64ca361c1 height=457
2025-10-09T05:56:38Z Saw new cmpctblock header hash=70aefb90da71c6ae9fd84adfb7b15e3143ac72d958032a0582ce13e64ca361c1 peer=4
2025-10-09T05:56:38Z UpdateTip: new best=70aefb90da71c6ae9fd84adfb7b15e3143ac72d958032a0582ce13e64ca361c1 height=457 version=0x20000000 log2_work=9.839204 tx=3944 date='2025-10-09T05:56:45Z' progress=1.000000 cache=0.3MiB(1162txo)
2025-10-09T05:56:38Z Saw new header hash=062ee95a8c7bd4b644d125747a79f6e0fe5b4ad2dc3c720bfb4888c52c38c6ec height=458
2025-10-09T05:56:38Z Saw new cmpctblock header hash=062ee95a8c7bd4b644d125747a79f6e0fe5b4ad2dc3c720bfb4888c52c38c6ec peer=4
2025-10-09T05:56:38Z UpdateTip: new best=062ee95a8c7bd4b644d125747a79f6e0fe5b4ad2dc3c720bfb4888c52c38c6ec height=458 version=0x20000000 log2_work=9.842350 tx=3945 date='2025-10-09T05:56:45Z' progress=1.000000 cache=0.3MiB(1163txo)
2025-10-09T05:56:38Z Saw new header hash=7e7c004a42f848129774c1ed2394eee75dc9935dcbdc00d62c2e3af05c1ef083 height=459
2025-10-09T05:56:38Z Saw new cmpctblock header hash=7e7c004a42f848129774c1ed2394eee75dc9935dcbdc00d62c2e3af05c1ef083 peer=4
2025-10-09T05:56:38Z UpdateTip: new best=7e7c004a42f848129774c1ed2394eee75dc9935dcbdc00d62c2e3af05c1ef083 height=459 version=0x20000000 log2_work=9.845490 tx=3946 date='2025-10-09T05:56:45Z' progress=1.000000 cache=0.3MiB(1164txo)
2025-10-09T05:56:38Z Saw new header hash=768b81d1ca5ace48f9c3cb52285490c797ad17605bd425e7af825d07ace42a16 height=460
2025-10-09T05:56:38Z Saw new cmpctblock header hash=768b81d1ca5ace48f9c3cb52285490c797ad17605bd425e7af825d07ace42a16 peer=4
2025-10-09T05:56:38Z UpdateTip: new best=768b81d1ca5ace48f9c3cb52285490c797ad17605bd425e7af825d07ace42a16 height=460 version=0x20000000 log2_work=9.848623 tx=3947 date='2025-10-09T05:56:46Z' progress=1.000000 cache=0.3MiB(1165txo)
2025-10-09T05:56:38Z Saw new header hash=052765a07e2b18c97794916e80009c3fa831a4ba89f9e49b6bd3d6e3cdb6c4b2 height=461
2025-10-09T05:56:38Z Saw new cmpctblock header hash=052765a07e2b18c97794916e80009c3fa831a4ba89f9e49b6bd3d6e3cdb6c4b2 peer=4
2025-10-09T05:56:38Z UpdateTip: new best=052765a07e2b18c97794916e80009c3fa831a4ba89f9e49b6bd3d6e3cdb6c4b2 height=461 version=0x20000000 log2_work=9.851749 tx=3948 date='2025-10-09T05:56:46Z' progress=1.000000 cache=0.3MiB(1166txo)
2025-10-09T05:56:38Z Saw new header hash=51d2a637422bebfcf395537ad3e43c7392329abb970da729da5024fdccdf5579 height=462
2025-10-09T05:56:38Z Saw new cmpctblock header hash=51d2a637422bebfcf395537ad3e43c7392329abb970da729da5024fdccdf5579 peer=4
2025-10-09T05:56:38Z UpdateTip: new best=51d2a637422bebfcf395537ad3e43c7392329abb970da729da5024fdccdf5579 height=462 version=0x20000000 log2_work=9.854868 tx=3949 date='2025-10-09T05:56:46Z' progress=1.000000 cache=0.3MiB(1167txo)
2025-10-09T05:56:38Z Saw new header hash=54f9a44401538fef71785e4b4f01888a793705dee7cdf1f32471194dacfceca9 height=463
2025-10-09T05:56:38Z Saw new cmpctblock header hash=54f9a44401538fef71785e4b4f01888a793705dee7cdf1f32471194dacfceca9 peer=4
2025-10-09T05:56:38Z UpdateTip: new best=54f9a44401538fef71785e4b4f01888a793705dee7cdf1f32471194dacfceca9 height=463 version=0x20000000 log2_work=9.857981 tx=3950 date='2025-10-09T05:56:46Z' progress=1.000000 cache=0.3MiB(1168txo)
2025-10-09T05:56:38Z Saw new header hash=0556e3d94f620087aa99a1174b09ab509dde4297961051ace40f3685f1f3ba9c height=464
2025-10-09T05:56:38Z Saw new cmpctblock header hash=0556e3d94f620087aa99a1174b09ab509dde4297961051ace40f3685f1f3ba9c peer=4
2025-10-09T05:56:38Z UpdateTip: new best=0556e3d94f620087aa99a1174b09ab509dde4297961051ace40f3685f1f3ba9c height=464 version=0x20000000 log2_work=9.861087 tx=3951 date='2025-10-09T05:56:46Z' progress=1.000000 cache=0.3MiB(1169txo)
2025-10-09T05:56:38Z Saw new header hash=3466cdccbba1064d34d70d14916a3055dabe0ece70a638b373c66f9276e8b798 height=465
2025-10-09T05:56:38Z Saw new cmpctblock header hash=3466cdccbba1064d34d70d14916a3055dabe0ece70a638b373c66f9276e8b798 peer=4
2025-10-09T05:56:38Z UpdateTip: new best=3466cdccbba1064d34d70d14916a3055dabe0ece70a638b373c66f9276e8b798 height=465 version=0x20000000 log2_work=9.864186 tx=3952 date='2025-10-09T05:56:46Z' progress=1.000000 cache=0.3MiB(1170txo)
2025-10-09T05:56:38Z Saw new header hash=574aed02cba9f9c5f0f01d7867333dde5129dfbf1fcbcf33c5869c2be410a6ca height=466
2025-10-09T05:56:38Z Saw new cmpctblock header hash=574aed02cba9f9c5f0f01d7867333dde5129dfbf1fcbcf33c5869c2be410a6ca peer=4
2025-10-09T05:56:38Z UpdateTip: new best=574aed02cba9f9c5f0f01d7867333dde5129dfbf1fcbcf33c5869c2be410a6ca height=466 version=0x20000000 log2_work=9.867279 tx=3953 date='2025-10-09T05:56:47Z' progress=1.000000 cache=0.3MiB(1171txo)
2025-10-09T05:56:38Z Saw new header hash=7e74bcfd4661636d09c5fc00879d64b7f584e828a879aa407b9353f58219d7d0 height=467
2025-10-09T05:56:38Z Saw new cmpctblock header hash=7e74bcfd4661636d09c5fc00879d64b7f584e828a879aa407b9353f58219d7d0 peer=4
2025-10-09T05:56:38Z UpdateTip: new best=7e74bcfd4661636d09c5fc00879d64b7f584e828a879aa407b9353f58219d7d0 height=467 version=0x20000000 log2_work=9.870365 tx=3954 date='2025-10-09T05:56:47Z' progress=1.000000 cache=0.3MiB(1172txo)
2025-10-09T05:56:38Z Saw new header hash=2cf03fc9e6a053fa1e035da57c1ab57e59198ee811e1be647d09980bf2e43391 height=468
2025-10-09T05:56:38Z Saw new cmpctblock header hash=2cf03fc9e6a053fa1e035da57c1ab57e59198ee811e1be647d09980bf2e43391 peer=4
2025-10-09T05:56:38Z UpdateTip: new best=2cf03fc9e6a053fa1e035da57c1ab57e59198ee811e1be647d09980bf2e43391 height=468 version=0x20000000 log2_work=9.873444 tx=3955 date='2025-10-09T05:56:47Z' progress=1.000000 cache=0.3MiB(1173txo)
2025-10-09T05:56:38Z Saw new header hash=1d6b2b605d3753f0db0615b6e3f1ed35f912badc35ca1a25a4b23aa3bfb959c6 height=469
2025-10-09T05:56:38Z Saw new cmpctblock header hash=1d6b2b605d3753f0db0615b6e3f1ed35f912badc35ca1a25a4b23aa3bfb959c6 peer=4
2025-10-09T05:56:38Z UpdateTip: new best=1d6b2b605d3753f0db0615b6e3f1ed35f912badc35ca1a25a4b23aa3bfb959c6 height=469 version=0x20000000 log2_work=9.876517 tx=3956 date='2025-10-09T05:56:47Z' progress=1.000000 cache=0.3MiB(1174txo)
2025-10-09T05:56:38Z Saw new header hash=5b206d493981452c8f582c4b8561fa2fcded4ccae6c2299aa2e1e760d73a6798 height=470
2025-10-09T05:56:38Z Saw new cmpctblock header hash=5b206d493981452c8f582c4b8561fa2fcded4ccae6c2299aa2e1e760d73a6798 peer=4
2025-10-09T05:56:38Z UpdateTip: new best=5b206d493981452c8f582c4b8561fa2fcded4ccae6c2299aa2e1e760d73a6798 height=470 version=0x20000000 log2_work=9.879583 tx=3957 date='2025-10-09T05:56:47Z' progress=1.000000 cache=0.3MiB(1175txo)
2025-10-09T05:56:38Z Saw new header hash=60a99a501be04d08f300d57b3a87f74a601ee31dbb9a9b4de237e7144829978f height=471
2025-10-09T05:56:38Z Saw new cmpctblock header hash=60a99a501be04d08f300d57b3a87f74a601ee31dbb9a9b4de237e7144829978f peer=4
2025-10-09T05:56:38Z UpdateTip: new best=60a99a501be04d08f300d57b3a87f74a601ee31dbb9a9b4de237e7144829978f height=471 version=0x20000000 log2_work=9.882643 tx=3958 date='2025-10-09T05:56:47Z' progress=1.000000 cache=0.3MiB(1176txo)
2025-10-09T05:56:38Z Saw new header hash=64f96a49adfb029d45bb68ae02c9f354a121acc82c68b98551322842d8c3e99b height=472
2025-10-09T05:56:38Z Saw new cmpctblock header hash=64f96a49adfb029d45bb68ae02c9f354a121acc82c68b98551322842d8c3e99b peer=4
2025-10-09T05:56:38Z UpdateTip: new best=64f96a49adfb029d45bb68ae02c9f354a121acc82c68b98551322842d8c3e99b height=472 version=0x20000000 log2_work=9.885696 tx=3959 date='2025-10-09T05:56:48Z' progress=1.000000 cache=0.3MiB(1177txo)
2025-10-09T05:56:38Z Saw new header hash=73b1acacd41ddee79070da3044e0036d6b52c60c0c8f44ef59afdb633ba9ff63 height=473
2025-10-09T05:56:38Z Saw new cmpctblock header hash=73b1acacd41ddee79070da3044e0036d6b52c60c0c8f44ef59afdb633ba9ff63 peer=4
2025-10-09T05:56:38Z UpdateTip: new best=73b1acacd41ddee79070da3044e0036d6b52c60c0c8f44ef59afdb633ba9ff63 height=473 version=0x20000000 log2_work=9.888743 tx=3960 date='2025-10-09T05:56:48Z' progress=1.000000 cache=0.3MiB(1178txo)
2025-10-09T05:56:38Z Saw new header hash=067fff6060740a84cac6f9b5d45340929eaa367764e7c3a7c6e006693b430d01 height=474
2025-10-09T05:56:38Z Saw new cmpctblock header hash=067fff6060740a84cac6f9b5d45340929eaa367764e7c3a7c6e006693b430d01 peer=4
2025-10-09T05:56:38Z UpdateTip: new best=067fff6060740a84cac6f9b5d45340929eaa367764e7c3a7c6e006693b430d01 height=474 version=0x20000000 log2_work=9.891784 tx=3961 date='2025-10-09T05:56:48Z' progress=1.000000 cache=0.3MiB(1179txo)
2025-10-09T05:56:38Z Saw new header hash=1d55b8447ec72829aa98f00417b73f3c4027e03d19c30303f91568cfa7057826 height=475
2025-10-09T05:56:38Z Saw new cmpctblock header hash=1d55b8447ec72829aa98f00417b73f3c4027e03d19c30303f91568cfa7057826 peer=4
2025-10-09T05:56:38Z UpdateTip: new best=1d55b8447ec72829aa98f00417b73f3c4027e03d19c30303f91568cfa7057826 height=475 version=0x20000000 log2_work=9.894818 tx=3962 date='2025-10-09T05:56:48Z' progress=1.000000 cache=0.3MiB(1180txo)
2025-10-09T05:56:38Z Saw new header hash=44ce5310f572657ffdcbe06b708074f413dd311b472d6d8a0f707c97c8c80efb height=476
2025-10-09T05:56:38Z Saw new cmpctblock header hash=44ce5310f572657ffdcbe06b708074f413dd311b472d6d8a0f707c97c8c80efb peer=4
2025-10-09T05:56:38Z UpdateTip: new best=44ce5310f572657ffdcbe06b708074f413dd311b472d6d8a0f707c97c8c80efb height=476 version=0x20000000 log2_work=9.897845 tx=3963 date='2025-10-09T05:56:48Z' progress=1.000000 cache=0.3MiB(1181txo)
2025-10-09T05:56:47Z Saw new header hash=5c77572393c53f1f6c7f1df24925ca1aa184dfc557acc7b3c6772fa76e558c06 height=477
2025-10-09T05:56:47Z Saw new cmpctblock header hash=5c77572393c53f1f6c7f1df24925ca1aa184dfc557acc7b3c6772fa76e558c06 peer=4
2025-10-09T05:56:47Z UpdateTip: new best=5c77572393c53f1f6c7f1df24925ca1aa184dfc557acc7b3c6772fa76e558c06 height=477 version=0x20000000 log2_work=9.900867 tx=3981 date='2025-10-09T05:56:48Z' progress=1.000000 cache=0.3MiB(1192txo)
2025-10-09T05:56:52Z Saw new header hash=04e05850fb22ba22921105a913521cf8cff6e14eb04383b7b7b76834e6687274 height=478
2025-10-09T05:56:52Z Saw new cmpctblock header hash=04e05850fb22ba22921105a913521cf8cff6e14eb04383b7b7b76834e6687274 peer=4
2025-10-09T05:56:52Z UpdateTip: new best=04e05850fb22ba22921105a913521cf8cff6e14eb04383b7b7b76834e6687274 height=478 version=0x20000000 log2_work=9.903882 tx=3991 date='2025-10-09T05:56:49Z' progress=1.000000 cache=0.3MiB(1196txo)
2025-10-09T05:56:58Z Saw new header hash=40b2263f3ffc7e17cccdf47a43231dc18599e31cfc104479648db939529943b0 height=479
2025-10-09T05:56:58Z Saw new cmpctblock header hash=40b2263f3ffc7e17cccdf47a43231dc18599e31cfc104479648db939529943b0 peer=4
2025-10-09T05:56:58Z UpdateTip: new best=40b2263f3ffc7e17cccdf47a43231dc18599e31cfc104479648db939529943b0 height=479 version=0x20000000 log2_work=9.906891 tx=4001 date='2025-10-09T05:56:55Z' progress=1.000000 cache=0.3MiB(1200txo)
2025-10-09T05:57:03Z Saw new header hash=602b025c48f5cdae1532edc87c4058b9f26f13dc568ccdcc603b777185157ac3 height=480
2025-10-09T05:57:03Z Saw new cmpctblock header hash=602b025c48f5cdae1532edc87c4058b9f26f13dc568ccdcc603b777185157ac3 peer=4
2025-10-09T05:57:04Z UpdateTip: new best=602b025c48f5cdae1532edc87c4058b9f26f13dc568ccdcc603b777185157ac3 height=480 version=0x20000000 log2_work=9.909893 tx=4011 date='2025-10-09T05:57:00Z' progress=1.000000 cache=0.3MiB(1210txo)
2025-10-09T05:57:09Z Saw new header hash=1c98c39b146a1b3ce39b9dbfbede9ed4bb6d70e8849205082c72e84e35d7a29a height=481
2025-10-09T05:57:09Z Saw new cmpctblock header hash=1c98c39b146a1b3ce39b9dbfbede9ed4bb6d70e8849205082c72e84e35d7a29a peer=4
2025-10-09T05:57:09Z UpdateTip: new best=1c98c39b146a1b3ce39b9dbfbede9ed4bb6d70e8849205082c72e84e35d7a29a height=481 version=0x20000000 log2_work=9.912889 tx=4021 date='2025-10-09T05:57:06Z' progress=1.000000 cache=0.3MiB(1214txo)
2025-10-09T05:57:14Z Saw new header hash=1a566e5102172a8f3222790607946cafd21d5135d5da2bb038a5b372fba417a2 height=482
2025-10-09T05:57:14Z Saw new cmpctblock header hash=1a566e5102172a8f3222790607946cafd21d5135d5da2bb038a5b372fba417a2 peer=4
2025-10-09T05:57:14Z UpdateTip: new best=1a566e5102172a8f3222790607946cafd21d5135d5da2bb038a5b372fba417a2 height=482 version=0x20000000 log2_work=9.915879 tx=4031 date='2025-10-09T05:57:11Z' progress=1.000000 cache=0.3MiB(1221txo)
2025-10-09T05:57:20Z Saw new header hash=42424422979144db0f912371ad60d3c1a8abb10d913d466e86f88b38ca1bdf18 height=483
2025-10-09T05:57:20Z Saw new cmpctblock header hash=42424422979144db0f912371ad60d3c1a8abb10d913d466e86f88b38ca1bdf18 peer=4
2025-10-09T05:57:20Z UpdateTip: new best=42424422979144db0f912371ad60d3c1a8abb10d913d466e86f88b38ca1bdf18 height=483 version=0x20000000 log2_work=9.918863 tx=4041 date='2025-10-09T05:57:17Z' progress=1.000000 cache=0.3MiB(1232txo)
2025-10-09T05:57:25Z Saw new header hash=31515177367fccf8d3e6751a1a0795a9dcd385aee8a11cc04dc31309e11b752b height=484
2025-10-09T05:57:25Z Saw new cmpctblock header hash=31515177367fccf8d3e6751a1a0795a9dcd385aee8a11cc04dc31309e11b752b peer=4
2025-10-09T05:57:25Z UpdateTip: new best=31515177367fccf8d3e6751a1a0795a9dcd385aee8a11cc04dc31309e11b752b height=484 version=0x20000000 log2_work=9.921841 tx=4051 date='2025-10-09T05:57:22Z' progress=1.000000 cache=0.3MiB(1240txo)
2025-10-09T05:57:31Z Saw new header hash=3ce91f29b8d206e973eaf81f7a36f741734ca306b97e34f1d7eaa0f6f389a424 height=485
2025-10-09T05:57:31Z Saw new cmpctblock header hash=3ce91f29b8d206e973eaf81f7a36f741734ca306b97e34f1d7eaa0f6f389a424 peer=4
2025-10-09T05:57:31Z UpdateTip: new best=3ce91f29b8d206e973eaf81f7a36f741734ca306b97e34f1d7eaa0f6f389a424 height=485 version=0x20000000 log2_work=9.924813 tx=4061 date='2025-10-09T05:57:28Z' progress=1.000000 cache=0.3MiB(1248txo)
2025-10-09T05:57:37Z Saw new header hash=69723a6f65e2075fbe9fd02d80bdca54be8214e94367ff306f69012b897cf977 height=486
2025-10-09T05:57:37Z Saw new cmpctblock header hash=69723a6f65e2075fbe9fd02d80bdca54be8214e94367ff306f69012b897cf977 peer=4
2025-10-09T05:57:37Z UpdateTip: new best=69723a6f65e2075fbe9fd02d80bdca54be8214e94367ff306f69012b897cf977 height=486 version=0x20000000 log2_work=9.927778 tx=4071 date='2025-10-09T05:57:33Z' progress=1.000000 cache=0.3MiB(1254txo)
2025-10-09T05:57:42Z Saw new header hash=3eb5ee3cccfdbda30c7281b8839c9a0c9cd607fe5130394a952539b9e6fedd39 height=487
2025-10-09T05:57:42Z Saw new cmpctblock header hash=3eb5ee3cccfdbda30c7281b8839c9a0c9cd607fe5130394a952539b9e6fedd39 peer=4
2025-10-09T05:57:42Z UpdateTip: new best=3eb5ee3cccfdbda30c7281b8839c9a0c9cd607fe5130394a952539b9e6fedd39 height=487 version=0x20000000 log2_work=9.930737 tx=4081 date='2025-10-09T05:57:39Z' progress=1.000000 cache=0.3MiB(1255txo)
2025-10-09T05:57:48Z Saw new header hash=61aa6a9bd12636e1baa932105f066440de4d8ae1ee4be612514b12523ffe4087 height=488
2025-10-09T05:57:48Z Saw new cmpctblock header hash=61aa6a9bd12636e1baa932105f066440de4d8ae1ee4be612514b12523ffe4087 peer=4
2025-10-09T05:57:48Z UpdateTip: new best=61aa6a9bd12636e1baa932105f066440de4d8ae1ee4be612514b12523ffe4087 height=488 version=0x20000000 log2_work=9.933691 tx=4091 date='2025-10-09T05:57:44Z' progress=1.000000 cache=0.3MiB(1261txo)
2025-10-09T05:57:53Z Saw new header hash=0c07bea0158a251c2f57b380850358d9db9ae8862ab2ebe67f452923f575d323 height=489
2025-10-09T05:57:53Z Saw new cmpctblock header hash=0c07bea0158a251c2f57b380850358d9db9ae8862ab2ebe67f452923f575d323 peer=4
2025-10-09T05:57:53Z UpdateTip: new best=0c07bea0158a251c2f57b380850358d9db9ae8862ab2ebe67f452923f575d323 height=489 version=0x20000000 log2_work=9.936638 tx=4101 date='2025-10-09T05:57:50Z' progress=1.000000 cache=0.3MiB(1269txo)
2025-10-09T05:57:58Z Saw new header hash=3e8d943d883d5dcf62ea00e797d503d87f9273f78273ee567210c8a75987debf height=490
2025-10-09T05:57:58Z Saw new cmpctblock header hash=3e8d943d883d5dcf62ea00e797d503d87f9273f78273ee567210c8a75987debf peer=4
2025-10-09T05:57:59Z UpdateTip: new best=3e8d943d883d5dcf62ea00e797d503d87f9273f78273ee567210c8a75987debf height=490 version=0x20000000 log2_work=9.939579 tx=4109 date='2025-10-09T05:57:55Z' progress=1.000000 cache=0.3MiB(1271txo)
2025-10-09T05:58:04Z Saw new header hash=06b4f24ffe364bfdf310cc87b26bc97991c9064ae865c4b97ec2f79d60f5d2f4 height=491
2025-10-09T05:58:04Z Saw new cmpctblock header hash=06b4f24ffe364bfdf310cc87b26bc97991c9064ae865c4b97ec2f79d60f5d2f4 peer=4
2025-10-09T05:58:04Z UpdateTip: new best=06b4f24ffe364bfdf310cc87b26bc97991c9064ae865c4b97ec2f79d60f5d2f4 height=491 version=0x20000000 log2_work=9.942515 tx=4119 date='2025-10-09T05:58:01Z' progress=1.000000 cache=0.3MiB(1278txo)
2025-10-09T05:58:09Z Saw new header hash=40a110a0cfe7419cf5c012417151db90be6fb479608a8d1e822fea17d20eea7d height=492
2025-10-09T05:58:09Z Saw new cmpctblock header hash=40a110a0cfe7419cf5c012417151db90be6fb479608a8d1e822fea17d20eea7d peer=4
2025-10-09T05:58:10Z UpdateTip: new best=40a110a0cfe7419cf5c012417151db90be6fb479608a8d1e822fea17d20eea7d height=492 version=0x20000000 log2_work=9.945444 tx=4129 date='2025-10-09T05:58:06Z' progress=1.000000 cache=0.3MiB(1285txo)
2025-10-09T05:58:15Z Saw new header hash=3dc68e46285adddb686e6462084c4ddd1d7a8295dd8dfe1a906dc9544b63e5ce height=493
2025-10-09T05:58:15Z Saw new cmpctblock header hash=3dc68e46285adddb686e6462084c4ddd1d7a8295dd8dfe1a906dc9544b63e5ce peer=4
2025-10-09T05:58:15Z UpdateTip: new best=3dc68e46285adddb686e6462084c4ddd1d7a8295dd8dfe1a906dc9544b63e5ce height=493 version=0x20000000 log2_work=9.948367 tx=4137 date='2025-10-09T05:58:12Z' progress=1.000000 cache=0.3MiB(1290txo)
2025-10-09T05:58:22Z Saw new header hash=4e9e53200d4836ff00b4ee536dc8997512d7907b3e1ed5f12d473eb5a4c63bc6 height=494
2025-10-09T05:58:22Z Saw new cmpctblock header hash=4e9e53200d4836ff00b4ee536dc8997512d7907b3e1ed5f12d473eb5a4c63bc6 peer=4
2025-10-09T05:58:22Z UpdateTip: new best=4e9e53200d4836ff00b4ee536dc8997512d7907b3e1ed5f12d473eb5a4c63bc6 height=494 version=0x20000000 log2_work=9.951285 tx=4147 date='2025-10-09T05:58:18Z' progress=1.000000 cache=0.3MiB(1291txo)
2025-10-09T05:58:27Z Saw new header hash=32dc845dcd6a71916ace2cf114601c8e3e07d222ce293822cedb3709b247f39c height=495
2025-10-09T05:58:27Z Saw new cmpctblock header hash=32dc845dcd6a71916ace2cf114601c8e3e07d222ce293822cedb3709b247f39c peer=4
2025-10-09T05:58:27Z UpdateTip: new best=32dc845dcd6a71916ace2cf114601c8e3e07d222ce293822cedb3709b247f39c height=495 version=0x20000000 log2_work=9.954196 tx=4157 date='2025-10-09T05:58:24Z' progress=1.000000 cache=0.3MiB(1295txo)
2025-10-09T05:58:32Z Saw new header hash=07e2332a98fdd4f0579aebe43361fdeb5055576e7675127cb360965a67bab191 height=496
2025-10-09T05:58:32Z Saw new cmpctblock header hash=07e2332a98fdd4f0579aebe43361fdeb5055576e7675127cb360965a67bab191 peer=4
2025-10-09T05:58:32Z UpdateTip: new best=07e2332a98fdd4f0579aebe43361fdeb5055576e7675127cb360965a67bab191 height=496 version=0x20000000 log2_work=9.957102 tx=4167 date='2025-10-09T05:58:29Z' progress=1.000000 cache=0.3MiB(1299txo)
2025-10-09T05:58:37Z Saw new header hash=26022045ccd6f8455842c0704e4a407febd4961630086fd40f3b54e29ee56030 height=497
2025-10-09T05:58:37Z Saw new cmpctblock header hash=26022045ccd6f8455842c0704e4a407febd4961630086fd40f3b54e29ee56030 peer=4
2025-10-09T05:58:38Z UpdateTip: new best=26022045ccd6f8455842c0704e4a407febd4961630086fd40f3b54e29ee56030 height=497 version=0x20000000 log2_work=9.960002 tx=4177 date='2025-10-09T05:58:34Z' progress=1.000000 cache=0.3MiB(1305txo)
2025-10-09T05:58:43Z Saw new header hash=34df1ef3722861078520a7596ec28e28893f72be61a1077fe877c33c53da23af height=498
2025-10-09T05:58:43Z Saw new cmpctblock header hash=34df1ef3722861078520a7596ec28e28893f72be61a1077fe877c33c53da23af peer=4
2025-10-09T05:58:43Z UpdateTip: new best=34df1ef3722861078520a7596ec28e28893f72be61a1077fe877c33c53da23af height=498 version=0x20000000 log2_work=9.962896 tx=4185 date='2025-10-09T05:58:40Z' progress=1.000000 cache=0.3MiB(1309txo)
2025-10-09T05:58:49Z Saw new header hash=0145dfa363ee1a8c4dc0101c9293b36893871675446b89df4b6338f7b2bda49d height=499
2025-10-09T05:58:49Z Saw new cmpctblock header hash=0145dfa363ee1a8c4dc0101c9293b36893871675446b89df4b6338f7b2bda49d peer=4
2025-10-09T05:58:49Z UpdateTip: new best=0145dfa363ee1a8c4dc0101c9293b36893871675446b89df4b6338f7b2bda49d height=499 version=0x20000000 log2_work=9.965784 tx=4195 date='2025-10-09T05:58:46Z' progress=1.000000 cache=0.3MiB(1318txo)
2025-10-09T05:58:55Z Saw new header hash=5124188f6f2de279a3d281ce32394978f132277ec1fc4a2e4dd9985aab201548 height=500
2025-10-09T05:58:55Z Saw new cmpctblock header hash=5124188f6f2de279a3d281ce32394978f132277ec1fc4a2e4dd9985aab201548 peer=4
2025-10-09T05:58:55Z UpdateTip: new best=5124188f6f2de279a3d281ce32394978f132277ec1fc4a2e4dd9985aab201548 height=500 version=0x20000000 log2_work=9.968667 tx=4205 date='2025-10-09T05:58:52Z' progress=1.000000 cache=0.3MiB(1316txo)
2025-10-09T05:59:00Z Saw new header hash=59a38b269fc7969aef76761913c79be0a26dcf07315d15b00407c0c5112ae3a8 height=501
2025-10-09T05:59:00Z Saw new cmpctblock header hash=59a38b269fc7969aef76761913c79be0a26dcf07315d15b00407c0c5112ae3a8 peer=4
2025-10-09T05:59:00Z UpdateTip: new best=59a38b269fc7969aef76761913c79be0a26dcf07315d15b00407c0c5112ae3a8 height=501 version=0x20000000 log2_work=9.971544 tx=4215 date='2025-10-09T05:58:57Z' progress=1.000000 cache=0.3MiB(1321txo)
2025-10-09T05:59:05Z Saw new header hash=441fca67b719f32dbf11345f0e8f6676a8d457bd3b7d209b591a13666e191d67 height=502
2025-10-09T05:59:05Z Saw new cmpctblock header hash=441fca67b719f32dbf11345f0e8f6676a8d457bd3b7d209b591a13666e191d67 peer=4
2025-10-09T05:59:06Z UpdateTip: new best=441fca67b719f32dbf11345f0e8f6676a8d457bd3b7d209b591a13666e191d67 height=502 version=0x20000000 log2_work=9.974415 tx=4225 date='2025-10-09T05:59:02Z' progress=1.000000 cache=0.3MiB(1322txo)
2025-10-09T05:59:11Z Saw new header hash=54e48f513046fb8424130b95b8a178d34144bae50e8bf66568eeabfbdca3cd38 height=503
2025-10-09T05:59:11Z Saw new cmpctblock header hash=54e48f513046fb8424130b95b8a178d34144bae50e8bf66568eeabfbdca3cd38 peer=4
2025-10-09T05:59:11Z UpdateTip: new best=54e48f513046fb8424130b95b8a178d34144bae50e8bf66568eeabfbdca3cd38 height=503 version=0x20000000 log2_work=9.977280 tx=4233 date='2025-10-09T05:59:08Z' progress=1.000000 cache=0.3MiB(1322txo)
2025-10-09T05:59:16Z Saw new header hash=016869564d3929ee456f59b257af658140b5a54f5d553ac18f2605e9ac63f2a7 height=504
2025-10-09T05:59:16Z Saw new cmpctblock header hash=016869564d3929ee456f59b257af658140b5a54f5d553ac18f2605e9ac63f2a7 peer=4
2025-10-09T05:59:16Z UpdateTip: new best=016869564d3929ee456f59b257af658140b5a54f5d553ac18f2605e9ac63f2a7 height=504 version=0x20000000 log2_work=9.980140 tx=4243 date='2025-10-09T05:59:13Z' progress=1.000000 cache=0.3MiB(1320txo)
2025-10-09T05:59:22Z Saw new header hash=137cecb4dbaedb2060501405349b59ba7e116a5e340987864f604a1283da1b4d height=505
2025-10-09T05:59:22Z Saw new cmpctblock header hash=137cecb4dbaedb2060501405349b59ba7e116a5e340987864f604a1283da1b4d peer=4
2025-10-09T05:59:22Z UpdateTip: new best=137cecb4dbaedb2060501405349b59ba7e116a5e340987864f604a1283da1b4d height=505 version=0x20000000 log2_work=9.982994 tx=4253 date='2025-10-09T05:59:19Z' progress=1.000000 cache=0.3MiB(1323txo)
2025-10-09T05:59:27Z Saw new header hash=2ac65288d3acb9123bf860cbf83449984a0b685da92eea16d9639de8d5feac7f height=506
2025-10-09T05:59:27Z Saw new cmpctblock header hash=2ac65288d3acb9123bf860cbf83449984a0b685da92eea16d9639de8d5feac7f peer=4
2025-10-09T05:59:27Z UpdateTip: new best=2ac65288d3acb9123bf860cbf83449984a0b685da92eea16d9639de8d5feac7f height=506 version=0x20000000 log2_work=9.985842 tx=4263 date='2025-10-09T05:59:24Z' progress=1.000000 cache=0.3MiB(1331txo)
2025-10-09T05:59:33Z Saw new header hash=16574c86dd08ec4cf726cb355a35c821258837d562143672e00c1e3ef6b07fb5 height=507
2025-10-09T05:59:33Z Saw new cmpctblock header hash=16574c86dd08ec4cf726cb355a35c821258837d562143672e00c1e3ef6b07fb5 peer=4
2025-10-09T05:59:33Z UpdateTip: new best=16574c86dd08ec4cf726cb355a35c821258837d562143672e00c1e3ef6b07fb5 height=507 version=0x20000000 log2_work=9.988685 tx=4272 date='2025-10-09T05:59:29Z' progress=1.000000 cache=0.3MiB(1335txo)
2025-10-09T05:59:38Z Saw new header hash=522c728256e9d9263422d429dbf5ea02200b86eb5f5c30c0c9892a18d364b381 height=508
2025-10-09T05:59:38Z Saw new cmpctblock header hash=522c728256e9d9263422d429dbf5ea02200b86eb5f5c30c0c9892a18d364b381 peer=4
2025-10-09T05:59:38Z UpdateTip: new best=522c728256e9d9263422d429dbf5ea02200b86eb5f5c30c0c9892a18d364b381 height=508 version=0x20000000 log2_work=9.991522 tx=4280 date='2025-10-09T05:59:35Z' progress=1.000000 cache=0.3MiB(1341txo)
2025-10-09T05:59:43Z Saw new header hash=06768de47fba76a9bb69d8af0ce140b61869e9be7f08d21a10a4797bbdfab079 height=509
2025-10-09T05:59:43Z Saw new cmpctblock header hash=06768de47fba76a9bb69d8af0ce140b61869e9be7f08d21a10a4797bbdfab079 peer=4
2025-10-09T05:59:44Z UpdateTip: new best=06768de47fba76a9bb69d8af0ce140b61869e9be7f08d21a10a4797bbdfab079 height=509 version=0x20000000 log2_work=9.994353 tx=4290 date='2025-10-09T05:59:40Z' progress=1.000000 cache=0.3MiB(1340txo)
2025-10-09T05:59:49Z Saw new header hash=5ab0ba4f33356e18e1c64e5aedcba21087eb5eccdedb40ac0072de234e3df435 height=510
2025-10-09T05:59:49Z Saw new cmpctblock header hash=5ab0ba4f33356e18e1c64e5aedcba21087eb5eccdedb40ac0072de234e3df435 peer=4
2025-10-09T05:59:49Z UpdateTip: new best=5ab0ba4f33356e18e1c64e5aedcba21087eb5eccdedb40ac0072de234e3df435 height=510 version=0x20000000 log2_work=9.997179 tx=4297 date='2025-10-09T05:59:46Z' progress=1.000000 cache=0.3MiB(1343txo)
2025-10-09T05:59:55Z Saw new header hash=05bbe10d1772d7efd79f2d0449a705196ef780d1a2aaa9febe06344c3e232c8f height=511
2025-10-09T05:59:55Z Saw new cmpctblock header hash=05bbe10d1772d7efd79f2d0449a705196ef780d1a2aaa9febe06344c3e232c8f peer=4
2025-10-09T05:59:55Z UpdateTip: new best=05bbe10d1772d7efd79f2d0449a705196ef780d1a2aaa9febe06344c3e232c8f height=511 version=0x20000000 log2_work=10.000000 tx=4305 date='2025-10-09T05:59:52Z' progress=1.000000 cache=0.3MiB(1347txo)
2025-10-09T06:00:00Z Saw new header hash=2720fba0e94ecf3c705e91ba259021ae6b85ba828a212ad869e812fc29b4b362 height=512
2025-10-09T06:00:00Z Saw new cmpctblock header hash=2720fba0e94ecf3c705e91ba259021ae6b85ba828a212ad869e812fc29b4b362 peer=4
2025-10-09T06:00:00Z UpdateTip: new best=2720fba0e94ecf3c705e91ba259021ae6b85ba828a212ad869e812fc29b4b362 height=512 version=0x20000000 log2_work=10.002815 tx=4313 date='2025-10-09T05:59:57Z' progress=1.000000 cache=0.3MiB(1352txo)
2025-10-09T06:00:06Z Saw new header hash=0a3cbc92f79e8bc411d9ec8c83acebff9204036fc4d50353baf63441d19ab2fe height=513
2025-10-09T06:00:06Z Saw new cmpctblock header hash=0a3cbc92f79e8bc411d9ec8c83acebff9204036fc4d50353baf63441d19ab2fe peer=4
2025-10-09T06:00:06Z UpdateTip: new best=0a3cbc92f79e8bc411d9ec8c83acebff9204036fc4d50353baf63441d19ab2fe height=513 version=0x20000000 log2_work=10.005625 tx=4321 date='2025-10-09T06:00:03Z' progress=1.000000 cache=0.3MiB(1360txo)
2025-10-09T06:00:11Z Saw new header hash=313d0f5589b44c9bc0cfebd19176343353c10f5c27cf0dbc37f7ba07719ab9ef height=514
2025-10-09T06:00:11Z Saw new cmpctblock header hash=313d0f5589b44c9bc0cfebd19176343353c10f5c27cf0dbc37f7ba07719ab9ef peer=4
2025-10-09T06:00:11Z UpdateTip: new best=313d0f5589b44c9bc0cfebd19176343353c10f5c27cf0dbc37f7ba07719ab9ef height=514 version=0x20000000 log2_work=10.008429 tx=4331 date='2025-10-09T06:00:08Z' progress=1.000000 cache=0.3MiB(1367txo)
2025-10-09T06:00:16Z Saw new header hash=3055a7463c1bf2b66934f0c4c4d858b407cea542f0e321cc71281a53ac391793 height=515
2025-10-09T06:00:16Z Saw new cmpctblock header hash=3055a7463c1bf2b66934f0c4c4d858b407cea542f0e321cc71281a53ac391793 peer=4
2025-10-09T06:00:17Z UpdateTip: new best=3055a7463c1bf2b66934f0c4c4d858b407cea542f0e321cc71281a53ac391793 height=515 version=0x20000000 log2_work=10.011227 tx=4341 date='2025-10-09T06:00:13Z' progress=1.000000 cache=0.3MiB(1375txo)
2025-10-09T06:00:22Z Saw new header hash=61597bfc93c24123544ffda9bea76ad809d4b315752d591bf4bd9afd5ab88f04 height=516
2025-10-09T06:00:22Z Saw new cmpctblock header hash=61597bfc93c24123544ffda9bea76ad809d4b315752d591bf4bd9afd5ab88f04 peer=4
2025-10-09T06:00:22Z UpdateTip: new best=61597bfc93c24123544ffda9bea76ad809d4b315752d591bf4bd9afd5ab88f04 height=516 version=0x20000000 log2_work=10.014020 tx=4351 date='2025-10-09T06:00:19Z' progress=1.000000 cache=0.3MiB(1380txo)
2025-10-09T06:00:27Z Saw new header hash=0a997653c8cfa8cb0f7b5a978066c019e6f61669b550bdfed39964b5ce05cd2e height=517
2025-10-09T06:00:27Z Saw new cmpctblock header hash=0a997653c8cfa8cb0f7b5a978066c019e6f61669b550bdfed39964b5ce05cd2e peer=4
2025-10-09T06:00:28Z UpdateTip: new best=0a997653c8cfa8cb0f7b5a978066c019e6f61669b550bdfed39964b5ce05cd2e height=517 version=0x20000000 log2_work=10.016808 tx=4361 date='2025-10-09T06:00:24Z' progress=1.000000 cache=0.3MiB(1390txo)
2025-10-09T06:00:33Z Saw new header hash=5f34e7c51366750570f25a85915689733dfe021c9dd7f4d0425dd3a18c1a0792 height=518
2025-10-09T06:00:33Z Saw new cmpctblock header hash=5f34e7c51366750570f25a85915689733dfe021c9dd7f4d0425dd3a18c1a0792 peer=4
2025-10-09T06:00:33Z UpdateTip: new best=5f34e7c51366750570f25a85915689733dfe021c9dd7f4d0425dd3a18c1a0792 height=518 version=0x20000000 log2_work=10.019591 tx=4371 date='2025-10-09T06:00:30Z' progress=1.000000 cache=0.3MiB(1396txo)
2025-10-09T06:00:39Z Saw new header hash=4cfe5dca749baf4b034fd0ffdcc25d663254643e3f5ef24d3c287506b89f76f8 height=519
2025-10-09T06:00:39Z Saw new cmpctblock header hash=4cfe5dca749baf4b034fd0ffdcc25d663254643e3f5ef24d3c287506b89f76f8 peer=4
2025-10-09T06:00:39Z UpdateTip: new best=4cfe5dca749baf4b034fd0ffdcc25d663254643e3f5ef24d3c287506b89f76f8 height=519 version=0x20000000 log2_work=10.022368 tx=4381 date='2025-10-09T06:00:36Z' progress=1.000000 cache=0.3MiB(1396txo)
2025-10-09T06:00:46Z Saw new header hash=7666a6764b80527692caebd1a7d19acc1d17df4bd0a193443953cc564f9efd52 height=520
2025-10-09T06:00:46Z Saw new cmpctblock header hash=7666a6764b80527692caebd1a7d19acc1d17df4bd0a193443953cc564f9efd52 peer=4
2025-10-09T06:00:46Z UpdateTip: new best=7666a6764b80527692caebd1a7d19acc1d17df4bd0a193443953cc564f9efd52 height=520 version=0x20000000 log2_work=10.025140 tx=4389 date='2025-10-09T06:00:42Z' progress=1.000000 cache=0.3MiB(1393txo)
2025-10-09T06:00:51Z Saw new header hash=35bb1947d72e6b2dbbc98025162655e1d81aa6e256901027cf170dd8e8a766ab height=521
2025-10-09T06:00:51Z Saw new cmpctblock header hash=35bb1947d72e6b2dbbc98025162655e1d81aa6e256901027cf170dd8e8a766ab peer=4
2025-10-09T06:00:51Z UpdateTip: new best=35bb1947d72e6b2dbbc98025162655e1d81aa6e256901027cf170dd8e8a766ab height=521 version=0x20000000 log2_work=10.027906 tx=4399 date='2025-10-09T06:00:48Z' progress=1.000000 cache=0.3MiB(1403txo)
2025-10-09T06:00:57Z Saw new header hash=7126d8bdf144e49dc310a09b76c8f0ccdf093541067c67a3169f7635b582b7a9 height=522
2025-10-09T06:00:57Z Saw new cmpctblock header hash=7126d8bdf144e49dc310a09b76c8f0ccdf093541067c67a3169f7635b582b7a9 peer=4
2025-10-09T06:00:57Z UpdateTip: new best=7126d8bdf144e49dc310a09b76c8f0ccdf093541067c67a3169f7635b582b7a9 height=522 version=0x20000000 log2_work=10.030667 tx=4408 date='2025-10-09T06:00:54Z' progress=1.000000 cache=0.3MiB(1399txo)
2025-10-09T06:01:03Z Saw new header hash=6c3b0787dcddcfa1e888848f2bf6299a5ad29fdde34b06c53748e6d74e9eb73a height=523
2025-10-09T06:01:03Z Saw new cmpctblock header hash=6c3b0787dcddcfa1e888848f2bf6299a5ad29fdde34b06c53748e6d74e9eb73a peer=4
2025-10-09T06:01:03Z UpdateTip: new best=6c3b0787dcddcfa1e888848f2bf6299a5ad29fdde34b06c53748e6d74e9eb73a height=523 version=0x20000000 log2_work=10.033423 tx=4417 date='2025-10-09T06:01:00Z' progress=1.000000 cache=0.3MiB(1406txo)
2025-10-09T06:01:09Z Saw new header hash=575db7affde5462e9d310372426eb1ae756fd91c010e80d274eb7e90f02acb11 height=524
2025-10-09T06:01:09Z Saw new cmpctblock header hash=575db7affde5462e9d310372426eb1ae756fd91c010e80d274eb7e90f02acb11 peer=4
2025-10-09T06:01:09Z UpdateTip: new best=575db7affde5462e9d310372426eb1ae756fd91c010e80d274eb7e90f02acb11 height=524 version=0x20000000 log2_work=10.036174 tx=4427 date='2025-10-09T06:01:06Z' progress=1.000000 cache=0.3MiB(1408txo)
2025-10-09T06:01:14Z Saw new header hash=27f75a1e641eb8cf61e7f037d01aa78f04e20d91a53e1e8d8170d23310588e86 height=525
2025-10-09T06:01:14Z Saw new cmpctblock header hash=27f75a1e641eb8cf61e7f037d01aa78f04e20d91a53e1e8d8170d23310588e86 peer=4
2025-10-09T06:01:14Z UpdateTip: new best=27f75a1e641eb8cf61e7f037d01aa78f04e20d91a53e1e8d8170d23310588e86 height=525 version=0x20000000 log2_work=10.038919 tx=4437 date='2025-10-09T06:01:11Z' progress=1.000000 cache=0.3MiB(1411txo)
2025-10-09T06:01:20Z Saw new header hash=5913029635586df956702c79c318ef6a576948c0683f96557b2ff28612c8ae8d height=526
2025-10-09T06:01:20Z Saw new cmpctblock header hash=5913029635586df956702c79c318ef6a576948c0683f96557b2ff28612c8ae8d peer=4
2025-10-09T06:01:20Z UpdateTip: new best=5913029635586df956702c79c318ef6a576948c0683f96557b2ff28612c8ae8d height=526 version=0x20000000 log2_work=10.041659 tx=4447 date='2025-10-09T06:01:17Z' progress=1.000000 cache=0.3MiB(1421txo)
2025-10-09T06:01:25Z Saw new header hash=314dcb50ff324f1a49037d664506dc5c837abdf51b89df9a5adebeec82ad9b5b height=527
2025-10-09T06:01:25Z Saw new cmpctblock header hash=314dcb50ff324f1a49037d664506dc5c837abdf51b89df9a5adebeec82ad9b5b peer=4
2025-10-09T06:01:25Z UpdateTip: new best=314dcb50ff324f1a49037d664506dc5c837abdf51b89df9a5adebeec82ad9b5b height=527 version=0x20000000 log2_work=10.044394 tx=4457 date='2025-10-09T06:01:22Z' progress=1.000000 cache=0.3MiB(1430txo)
2025-10-09T06:01:31Z Saw new header hash=2eb9fcf2bfab6aa57e1ebe618718a49140d9eb36daf027c3490857a200e9bf74 height=528
2025-10-09T06:01:31Z Saw new cmpctblock header hash=2eb9fcf2bfab6aa57e1ebe618718a49140d9eb36daf027c3490857a200e9bf74 peer=4
2025-10-09T06:01:31Z UpdateTip: new best=2eb9fcf2bfab6aa57e1ebe618718a49140d9eb36daf027c3490857a200e9bf74 height=528 version=0x20000000 log2_work=10.047124 tx=4465 date='2025-10-09T06:01:28Z' progress=1.000000 cache=0.3MiB(1431txo)
2025-10-09T06:01:37Z Saw new header hash=63b0bf3c4eec7356e8ef077bca644fd87faa41992b4ee60d52d74e19f7036b47 height=529
2025-10-09T06:01:37Z Saw new cmpctblock header hash=63b0bf3c4eec7356e8ef077bca644fd87faa41992b4ee60d52d74e19f7036b47 peer=4
2025-10-09T06:01:37Z UpdateTip: new best=63b0bf3c4eec7356e8ef077bca644fd87faa41992b4ee60d52d74e19f7036b47 height=529 version=0x20000000 log2_work=10.049849 tx=4475 date='2025-10-09T06:01:34Z' progress=1.000000 cache=0.3MiB(1434txo)
2025-10-09T06:01:42Z Saw new header hash=1fbc0909ac308d630a3d778ef2bf2a6ab9ac5c67546bdf84858ed02f0fb4e660 height=530
2025-10-09T06:01:42Z Saw new cmpctblock header hash=1fbc0909ac308d630a3d778ef2bf2a6ab9ac5c67546bdf84858ed02f0fb4e660 peer=4
2025-10-09T06:01:42Z UpdateTip: new best=1fbc0909ac308d630a3d778ef2bf2a6ab9ac5c67546bdf84858ed02f0fb4e660 height=530 version=0x20000000 log2_work=10.052568 tx=4485 date='2025-10-09T06:01:39Z' progress=1.000000 cache=0.3MiB(1438txo)
2025-10-09T06:01:48Z Saw new header hash=172ab5de30e8d57f00f3f644651159ed8a2a5f5a8f49339a1c3506aa49e60038 height=531
2025-10-09T06:01:48Z Saw new cmpctblock header hash=172ab5de30e8d57f00f3f644651159ed8a2a5f5a8f49339a1c3506aa49e60038 peer=4
2025-10-09T06:01:48Z UpdateTip: new best=172ab5de30e8d57f00f3f644651159ed8a2a5f5a8f49339a1c3506aa49e60038 height=531 version=0x20000000 log2_work=10.055282 tx=4495 date='2025-10-09T06:01:45Z' progress=1.000000 cache=0.3MiB(1441txo)
2025-10-09T06:01:53Z Saw new header hash=517faadd23071cfa3626613c87e5a18cf90b672bb87b3dba118b8b786b542665 height=532
2025-10-09T06:01:53Z Saw new cmpctblock header hash=517faadd23071cfa3626613c87e5a18cf90b672bb87b3dba118b8b786b542665 peer=4
2025-10-09T06:01:53Z UpdateTip: new best=517faadd23071cfa3626613c87e5a18cf90b672bb87b3dba118b8b786b542665 height=532 version=0x20000000 log2_work=10.057992 tx=4503 date='2025-10-09T06:01:50Z' progress=1.000000 cache=0.3MiB(1445txo)
2025-10-09T06:01:59Z Saw new header hash=66b23d57db0fc473827264c2b7ee52519c95b15f0b5667db51224868bbf21b07 height=533
2025-10-09T06:01:59Z Saw new cmpctblock header hash=66b23d57db0fc473827264c2b7ee52519c95b15f0b5667db51224868bbf21b07 peer=4
2025-10-09T06:01:59Z UpdateTip: new best=66b23d57db0fc473827264c2b7ee52519c95b15f0b5667db51224868bbf21b07 height=533 version=0x20000000 log2_work=10.060696 tx=4513 date='2025-10-09T06:01:56Z' progress=1.000000 cache=0.3MiB(1453txo)
2025-10-09T06:02:04Z Saw new header hash=50f8aaaa4a80dc2bc71c85db3e3240629d3620048ec28a1f4b8094acc3ff315d height=534
2025-10-09T06:02:04Z Saw new cmpctblock header hash=50f8aaaa4a80dc2bc71c85db3e3240629d3620048ec28a1f4b8094acc3ff315d peer=4
2025-10-09T06:02:04Z UpdateTip: new best=50f8aaaa4a80dc2bc71c85db3e3240629d3620048ec28a1f4b8094acc3ff315d height=534 version=0x20000000 log2_work=10.063395 tx=4523 date='2025-10-09T06:02:01Z' progress=1.000000 cache=0.3MiB(1454txo)
2025-10-09T06:02:10Z Saw new header hash=5484fb5658de11f5156eebaae4c222d253c7da285c59caf32592eab1b6886629 height=535
2025-10-09T06:02:10Z Saw new cmpctblock header hash=5484fb5658de11f5156eebaae4c222d253c7da285c59caf32592eab1b6886629 peer=4
2025-10-09T06:02:10Z UpdateTip: new best=5484fb5658de11f5156eebaae4c222d253c7da285c59caf32592eab1b6886629 height=535 version=0x20000000 log2_work=10.066089 tx=4532 date='2025-10-09T06:02:07Z' progress=1.000000 cache=0.3MiB(1459txo)
2025-10-09T06:02:16Z Saw new header hash=2ceb4455eea96cdbc35627e702e8adaee588bcc38b9664d01b33cf6f65f81c15 height=536
2025-10-09T06:02:16Z Saw new cmpctblock header hash=2ceb4455eea96cdbc35627e702e8adaee588bcc38b9664d01b33cf6f65f81c15 peer=4
2025-10-09T06:02:16Z UpdateTip: new best=2ceb4455eea96cdbc35627e702e8adaee588bcc38b9664d01b33cf6f65f81c15 height=536 version=0x20000000 log2_work=10.068778 tx=4541 date='2025-10-09T06:02:12Z' progress=1.000000 cache=0.3MiB(1465txo)
2025-10-09T06:02:21Z Saw new header hash=3cfdcd944325ac567c4f944581037f4bca1d0232ee5165c6b0f8395829bbe592 height=537
2025-10-09T06:02:21Z Saw new cmpctblock header hash=3cfdcd944325ac567c4f944581037f4bca1d0232ee5165c6b0f8395829bbe592 peer=4
2025-10-09T06:02:21Z UpdateTip: new best=3cfdcd944325ac567c4f944581037f4bca1d0232ee5165c6b0f8395829bbe592 height=537 version=0x20000000 log2_work=10.071462 tx=4549 date='2025-10-09T06:02:18Z' progress=1.000000 cache=0.3MiB(1462txo)
2025-10-09T06:02:27Z Saw new header hash=705376371ccf560254a5eae99305cacd03440a67b9c694b0a855b8572e63d474 height=538
2025-10-09T06:02:27Z Saw new cmpctblock header hash=705376371ccf560254a5eae99305cacd03440a67b9c694b0a855b8572e63d474 peer=4
2025-10-09T06:02:27Z UpdateTip: new best=705376371ccf560254a5eae99305cacd03440a67b9c694b0a855b8572e63d474 height=538 version=0x20000000 log2_work=10.074141 tx=4557 date='2025-10-09T06:02:24Z' progress=1.000000 cache=0.3MiB(1470txo)
2025-10-09T06:02:33Z Saw new header hash=39ff3572b9470b64be158758ed5874d8e10fa3c8a8355eb8f10bab4f97d74c51 height=539
2025-10-09T06:02:33Z Saw new cmpctblock header hash=39ff3572b9470b64be158758ed5874d8e10fa3c8a8355eb8f10bab4f97d74c51 peer=4
2025-10-09T06:02:33Z UpdateTip: new best=39ff3572b9470b64be158758ed5874d8e10fa3c8a8355eb8f10bab4f97d74c51 height=539 version=0x20000000 log2_work=10.076816 tx=4566 date='2025-10-09T06:02:29Z' progress=1.000000 cache=0.3MiB(1477txo)
2025-10-09T06:02:38Z Saw new header hash=5257dab56e171de93c8d45e618385e8dd860e78f2211a811e306124b0b10d9af height=540
2025-10-09T06:02:38Z Saw new cmpctblock header hash=5257dab56e171de93c8d45e618385e8dd860e78f2211a811e306124b0b10d9af peer=4
2025-10-09T06:02:38Z UpdateTip: new best=5257dab56e171de93c8d45e618385e8dd860e78f2211a811e306124b0b10d9af height=540 version=0x20000000 log2_work=10.079485 tx=4576 date='2025-10-09T06:02:35Z' progress=1.000000 cache=0.3MiB(1480txo)
2025-10-09T06:02:44Z Saw new header hash=06347ad6dc0d4631f96985499730c6b522aef58331f173c5b49c7ca212889015 height=541
2025-10-09T06:02:44Z Saw new cmpctblock header hash=06347ad6dc0d4631f96985499730c6b522aef58331f173c5b49c7ca212889015 peer=4
2025-10-09T06:02:44Z UpdateTip: new best=06347ad6dc0d4631f96985499730c6b522aef58331f173c5b49c7ca212889015 height=541 version=0x20000000 log2_work=10.082149 tx=4585 date='2025-10-09T06:02:41Z' progress=1.000000 cache=0.3MiB(1492txo)
2025-10-09T06:02:49Z Saw new header hash=60767fe29c4a1c9ca694ba65483118e80a6c1e89b0274aac4c89bcdca38eb6eb height=542
2025-10-09T06:02:49Z Saw new cmpctblock header hash=60767fe29c4a1c9ca694ba65483118e80a6c1e89b0274aac4c89bcdca38eb6eb peer=4
2025-10-09T06:02:50Z UpdateTip: new best=60767fe29c4a1c9ca694ba65483118e80a6c1e89b0274aac4c89bcdca38eb6eb height=542 version=0x20000000 log2_work=10.084808 tx=4595 date='2025-10-09T06:02:46Z' progress=1.000000 cache=0.3MiB(1500txo)
2025-10-09T06:02:55Z Saw new header hash=04343783891c3261201c7d325fc8bd2c447e989ea7e3bce4bf62d8a43efee107 height=543
2025-10-09T06:02:55Z Saw new cmpctblock header hash=04343783891c3261201c7d325fc8bd2c447e989ea7e3bce4bf62d8a43efee107 peer=4
2025-10-09T06:02:55Z UpdateTip: new best=04343783891c3261201c7d325fc8bd2c447e989ea7e3bce4bf62d8a43efee107 height=543 version=0x20000000 log2_work=10.087463 tx=4604 date='2025-10-09T06:02:52Z' progress=1.000000 cache=0.3MiB(1509txo)
2025-10-09T06:03:00Z Saw new header hash=25a312d751e4c4a5cdf9d50bf41dadd230785207dc9c1904d0558545e1c2000c height=544
2025-10-09T06:03:00Z Saw new cmpctblock header hash=25a312d751e4c4a5cdf9d50bf41dadd230785207dc9c1904d0558545e1c2000c peer=4
2025-10-09T06:03:00Z UpdateTip: new best=25a312d751e4c4a5cdf9d50bf41dadd230785207dc9c1904d0558545e1c2000c height=544 version=0x20000000 log2_work=10.090112 tx=4612 date='2025-10-09T06:02:57Z' progress=1.000000 cache=0.3MiB(1511txo)
2025-10-09T06:03:06Z Saw new header hash=0e60000bbf286fcf9275691c049fbc060f00147927c64ac7297b0134a62e1063 height=545
2025-10-09T06:03:06Z Saw new cmpctblock header hash=0e60000bbf286fcf9275691c049fbc060f00147927c64ac7297b0134a62e1063 peer=4
2025-10-09T06:03:06Z UpdateTip: new best=0e60000bbf286fcf9275691c049fbc060f00147927c64ac7297b0134a62e1063 height=545 version=0x20000000 log2_work=10.092757 tx=4622 date='2025-10-09T06:03:03Z' progress=1.000000 cache=0.3MiB(1513txo)
2025-10-09T06:03:11Z Saw new header hash=2025360fadf00ae572e8c09d8962833460a6b44e0fb002da231dc9987268061d height=546
2025-10-09T06:03:11Z Saw new cmpctblock header hash=2025360fadf00ae572e8c09d8962833460a6b44e0fb002da231dc9987268061d peer=4
2025-10-09T06:03:11Z UpdateTip: new best=2025360fadf00ae572e8c09d8962833460a6b44e0fb002da231dc9987268061d height=546 version=0x20000000 log2_work=10.095397 tx=4630 date='2025-10-09T06:03:08Z' progress=1.000000 cache=0.3MiB(1515txo)
2025-10-09T06:03:17Z Saw new header hash=522768ef8d1c8a19e88982271c1862ccb28a71722425e878248527a5885a2599 height=547
2025-10-09T06:03:17Z Saw new cmpctblock header hash=522768ef8d1c8a19e88982271c1862ccb28a71722425e878248527a5885a2599 peer=4
2025-10-09T06:03:17Z UpdateTip: new best=522768ef8d1c8a19e88982271c1862ccb28a71722425e878248527a5885a2599 height=547 version=0x20000000 log2_work=10.098032 tx=4638 date='2025-10-09T06:03:14Z' progress=1.000000 cache=0.3MiB(1520txo)
2025-10-09T06:03:22Z Saw new header hash=508b4deb240fdcedfe05852491bda59582d8eda7e878b8402e8b5e56298e9679 height=548
2025-10-09T06:03:22Z Saw new cmpctblock header hash=508b4deb240fdcedfe05852491bda59582d8eda7e878b8402e8b5e56298e9679 peer=4
2025-10-09T06:03:22Z UpdateTip: new best=508b4deb240fdcedfe05852491bda59582d8eda7e878b8402e8b5e56298e9679 height=548 version=0x20000000 log2_work=10.100662 tx=4648 date='2025-10-09T06:03:19Z' progress=1.000000 cache=0.3MiB(1526txo)
2025-10-09T06:03:28Z Saw new header hash=3ed2d10e6349018368c24921d030061920843f3dd3206de13e4e75a1ce3d6c06 height=549
2025-10-09T06:03:28Z Saw new cmpctblock header hash=3ed2d10e6349018368c24921d030061920843f3dd3206de13e4e75a1ce3d6c06 peer=4
2025-10-09T06:03:28Z UpdateTip: new best=3ed2d10e6349018368c24921d030061920843f3dd3206de13e4e75a1ce3d6c06 height=549 version=0x20000000 log2_work=10.103288 tx=4657 date='2025-10-09T06:03:25Z' progress=1.000000 cache=0.3MiB(1526txo)
2025-10-09T06:03:33Z Saw new header hash=22402b724611211f48a8267e703e4df535583bc2e25891eef524a4ef22e78e68 height=550
2025-10-09T06:03:33Z Saw new cmpctblock header hash=22402b724611211f48a8267e703e4df535583bc2e25891eef524a4ef22e78e68 peer=4
2025-10-09T06:03:33Z UpdateTip: new best=22402b724611211f48a8267e703e4df535583bc2e25891eef524a4ef22e78e68 height=550 version=0x20000000 log2_work=10.105909 tx=4667 date='2025-10-09T06:03:30Z' progress=1.000000 cache=0.3MiB(1531txo)
2025-10-09T06:03:39Z Saw new header hash=1dedc07909fcd35ef13551b52de68a8fbba49d7ab5db6227c8a0373c60ab7c38 height=551
2025-10-09T06:03:39Z Saw new cmpctblock header hash=1dedc07909fcd35ef13551b52de68a8fbba49d7ab5db6227c8a0373c60ab7c38 peer=4
2025-10-09T06:03:39Z UpdateTip: new best=1dedc07909fcd35ef13551b52de68a8fbba49d7ab5db6227c8a0373c60ab7c38 height=551 version=0x20000000 log2_work=10.108524 tx=4676 date='2025-10-09T06:03:36Z' progress=1.000000 cache=0.3MiB(1534txo)
2025-10-09T06:03:45Z Saw new header hash=2222659c0aa793f2cafd89e9e4a609d097ca735ccf1c12d1deac81d6ef923902 height=552
2025-10-09T06:03:45Z Saw new cmpctblock header hash=2222659c0aa793f2cafd89e9e4a609d097ca735ccf1c12d1deac81d6ef923902 peer=4
2025-10-09T06:03:45Z UpdateTip: new best=2222659c0aa793f2cafd89e9e4a609d097ca735ccf1c12d1deac81d6ef923902 height=552 version=0x20000000 log2_work=10.111136 tx=4684 date='2025-10-09T06:03:42Z' progress=1.000000 cache=0.3MiB(1532txo)
2025-10-09T06:03:51Z Saw new header hash=45d0f83fda0afd83aa68b07bb091c5bdf3ae99ddcf4ed10c81b032ab1192d89a height=553
2025-10-09T06:03:51Z Saw new cmpctblock header hash=45d0f83fda0afd83aa68b07bb091c5bdf3ae99ddcf4ed10c81b032ab1192d89a peer=4
2025-10-09T06:03:51Z UpdateTip: new best=45d0f83fda0afd83aa68b07bb091c5bdf3ae99ddcf4ed10c81b032ab1192d89a height=553 version=0x20000000 log2_work=10.113742 tx=4694 date='2025-10-09T06:03:48Z' progress=1.000000 cache=0.3MiB(1536txo)
2025-10-09T06:03:56Z Saw new header hash=0c663c5304e65246332e39daf4a6ada5afb48f680910cff2576a735ceaa022de height=554
2025-10-09T06:03:56Z Saw new cmpctblock header hash=0c663c5304e65246332e39daf4a6ada5afb48f680910cff2576a735ceaa022de peer=4
2025-10-09T06:03:56Z UpdateTip: new best=0c663c5304e65246332e39daf4a6ada5afb48f680910cff2576a735ceaa022de height=554 version=0x20000000 log2_work=10.116344 tx=4702 date='2025-10-09T06:03:53Z' progress=1.000000 cache=0.3MiB(1543txo)
2025-10-09T06:04:02Z Saw new header hash=7c1a74c222a9794468525c273257227b61ca2a05a826a385bf97e78daa6cb984 height=555
2025-10-09T06:04:02Z Saw new cmpctblock header hash=7c1a74c222a9794468525c273257227b61ca2a05a826a385bf97e78daa6cb984 peer=4
2025-10-09T06:04:02Z UpdateTip: new best=7c1a74c222a9794468525c273257227b61ca2a05a826a385bf97e78daa6cb984 height=555 version=0x20000000 log2_work=10.118941 tx=4712 date='2025-10-09T06:03:58Z' progress=1.000000 cache=0.3MiB(1549txo)
2025-10-09T06:04:07Z Saw new header hash=26963c6291f5ce366889e6a9183716272490241a67ab5d174d611feadcf72fa9 height=556
2025-10-09T06:04:07Z Saw new cmpctblock header hash=26963c6291f5ce366889e6a9183716272490241a67ab5d174d611feadcf72fa9 peer=4
2025-10-09T06:04:07Z UpdateTip: new best=26963c6291f5ce366889e6a9183716272490241a67ab5d174d611feadcf72fa9 height=556 version=0x20000000 log2_work=10.121534 tx=4721 date='2025-10-09T06:04:04Z' progress=1.000000 cache=0.3MiB(1557txo)
2025-10-09T06:04:12Z Saw new header hash=34c2dae74e60e2a976d8fa7079d4215a9dca6155e4aaab599b7b1253c235f634 height=557
2025-10-09T06:04:12Z Saw new cmpctblock header hash=34c2dae74e60e2a976d8fa7079d4215a9dca6155e4aaab599b7b1253c235f634 peer=4
2025-10-09T06:04:12Z UpdateTip: new best=34c2dae74e60e2a976d8fa7079d4215a9dca6155e4aaab599b7b1253c235f634 height=557 version=0x20000000 log2_work=10.124121 tx=4731 date='2025-10-09T06:04:09Z' progress=1.000000 cache=0.3MiB(1562txo)
2025-10-09T06:04:18Z Saw new header hash=6bf1f6af457c7a574e2c057f9a37a7f3690604c18044e512837c291566f10a7f height=558
2025-10-09T06:04:18Z Saw new cmpctblock header hash=6bf1f6af457c7a574e2c057f9a37a7f3690604c18044e512837c291566f10a7f peer=4
2025-10-09T06:04:18Z UpdateTip: new best=6bf1f6af457c7a574e2c057f9a37a7f3690604c18044e512837c291566f10a7f height=558 version=0x20000000 log2_work=10.126704 tx=4741 date='2025-10-09T06:04:15Z' progress=1.000000 cache=0.3MiB(1561txo)
2025-10-09T06:04:24Z Saw new header hash=6eea7627d28359a38ec6377fea39b60917ce2e913fa3c18d696a22475345cf54 height=559
2025-10-09T06:04:24Z Saw new cmpctblock header hash=6eea7627d28359a38ec6377fea39b60917ce2e913fa3c18d696a22475345cf54 peer=4
2025-10-09T06:04:24Z UpdateTip: new best=6eea7627d28359a38ec6377fea39b60917ce2e913fa3c18d696a22475345cf54 height=559 version=0x20000000 log2_work=10.129283 tx=4751 date='2025-10-09T06:04:20Z' progress=1.000000 cache=0.3MiB(1567txo)
2025-10-09T06:04:29Z Saw new header hash=5a135e3ee8cee8660ec15e4fd9820c171c57b48e39aa10947892e013e3bc52e5 height=560
2025-10-09T06:04:29Z Saw new cmpctblock header hash=5a135e3ee8cee8660ec15e4fd9820c171c57b48e39aa10947892e013e3bc52e5 peer=4
2025-10-09T06:04:29Z UpdateTip: new best=5a135e3ee8cee8660ec15e4fd9820c171c57b48e39aa10947892e013e3bc52e5 height=560 version=0x20000000 log2_work=10.131857 tx=4759 date='2025-10-09T06:04:26Z' progress=1.000000 cache=0.3MiB(1572txo)
2025-10-09T06:04:35Z Saw new header hash=4246a4f6d0b2f67c34f757b34269277c6bef0704b19c4b1767bb27be1edf8a72 height=561
2025-10-09T06:04:35Z Saw new cmpctblock header hash=4246a4f6d0b2f67c34f757b34269277c6bef0704b19c4b1767bb27be1edf8a72 peer=4
2025-10-09T06:04:35Z UpdateTip: new best=4246a4f6d0b2f67c34f757b34269277c6bef0704b19c4b1767bb27be1edf8a72 height=561 version=0x20000000 log2_work=10.134426 tx=4769 date='2025-10-09T06:04:32Z' progress=1.000000 cache=0.3MiB(1578txo)
2025-10-09T06:04:41Z Saw new header hash=5f90cd3d810cddb3b679368ddeab8781b0a85126e791f429443b90650b1168c2 height=562
2025-10-09T06:04:41Z Saw new cmpctblock header hash=5f90cd3d810cddb3b679368ddeab8781b0a85126e791f429443b90650b1168c2 peer=4
2025-10-09T06:04:41Z UpdateTip: new best=5f90cd3d810cddb3b679368ddeab8781b0a85126e791f429443b90650b1168c2 height=562 version=0x20000000 log2_work=10.136991 tx=4779 date='2025-10-09T06:04:38Z' progress=1.000000 cache=0.3MiB(1583txo)
2025-10-09T06:04:46Z Saw new header hash=5786bea3d28708eef7fb8f9c4298dd6315cfe353060c05baa698ddbd51ce071d height=563
2025-10-09T06:04:46Z Saw new cmpctblock header hash=5786bea3d28708eef7fb8f9c4298dd6315cfe353060c05baa698ddbd51ce071d peer=4
2025-10-09T06:04:46Z UpdateTip: new best=5786bea3d28708eef7fb8f9c4298dd6315cfe353060c05baa698ddbd51ce071d height=563 version=0x20000000 log2_work=10.139551 tx=4787 date='2025-10-09T06:04:43Z' progress=1.000000 cache=0.3MiB(1588txo)
2025-10-09T06:04:51Z Saw new header hash=2e5e3fd127e042729a69b346e7f5785edc4fe9a9f3f662b255a699d65a00e7b8 height=564
2025-10-09T06:04:51Z Saw new cmpctblock header hash=2e5e3fd127e042729a69b346e7f5785edc4fe9a9f3f662b255a699d65a00e7b8 peer=4
2025-10-09T06:04:51Z UpdateTip: new best=2e5e3fd127e042729a69b346e7f5785edc4fe9a9f3f662b255a699d65a00e7b8 height=564 version=0x20000000 log2_work=10.142107 tx=4795 date='2025-10-09T06:04:48Z' progress=1.000000 cache=0.3MiB(1592txo)
2025-10-09T06:04:57Z Saw new header hash=1b29161c2d3609381a4a84419f401f0f8b6d61bdf9af4d9547dd03aa2dab7f99 height=565
2025-10-09T06:04:57Z Saw new cmpctblock header hash=1b29161c2d3609381a4a84419f401f0f8b6d61bdf9af4d9547dd03aa2dab7f99 peer=4
2025-10-09T06:04:57Z UpdateTip: new best=1b29161c2d3609381a4a84419f401f0f8b6d61bdf9af4d9547dd03aa2dab7f99 height=565 version=0x20000000 log2_work=10.144658 tx=4804 date='2025-10-09T06:04:54Z' progress=1.000000 cache=0.3MiB(1595txo)
2025-10-09T06:05:02Z Saw new header hash=4949bd682fd99f1f9c80d5471e5d16e4986ff5d8b26354a8f5307379547a62fd height=566
2025-10-09T06:05:02Z Saw new cmpctblock header hash=4949bd682fd99f1f9c80d5471e5d16e4986ff5d8b26354a8f5307379547a62fd peer=4
2025-10-09T06:05:02Z UpdateTip: new best=4949bd682fd99f1f9c80d5471e5d16e4986ff5d8b26354a8f5307379547a62fd height=566 version=0x20000000 log2_work=10.147205 tx=4813 date='2025-10-09T06:04:59Z' progress=1.000000 cache=0.3MiB(1601txo)
2025-10-09T06:05:08Z Saw new header hash=170c4774295f8bb94fa15cc0ef16073eb2ff7cfdb4a316c1212105ce9609ab88 height=567
2025-10-09T06:05:08Z Saw new cmpctblock header hash=170c4774295f8bb94fa15cc0ef16073eb2ff7cfdb4a316c1212105ce9609ab88 peer=4
2025-10-09T06:05:08Z UpdateTip: new best=170c4774295f8bb94fa15cc0ef16073eb2ff7cfdb4a316c1212105ce9609ab88 height=567 version=0x20000000 log2_work=10.149747 tx=4823 date='2025-10-09T06:05:04Z' progress=1.000000 cache=0.3MiB(1603txo)
2025-10-09T06:05:13Z Saw new header hash=29a481ad3572943e18b0bdb3c2646f8c6f741840ac88880ab34aa5872467e54b height=568
2025-10-09T06:05:13Z Saw new cmpctblock header hash=29a481ad3572943e18b0bdb3c2646f8c6f741840ac88880ab34aa5872467e54b peer=4
2025-10-09T06:05:13Z UpdateTip: new best=29a481ad3572943e18b0bdb3c2646f8c6f741840ac88880ab34aa5872467e54b height=568 version=0x20000000 log2_work=10.152285 tx=4831 date='2025-10-09T06:05:10Z' progress=1.000000 cache=0.3MiB(1609txo)
2025-10-09T06:05:19Z Saw new header hash=08b40cce728c6d6497a80d80f6d49a296d0422792c39617908b8b0b4de00228f height=569
2025-10-09T06:05:19Z Saw new cmpctblock header hash=08b40cce728c6d6497a80d80f6d49a296d0422792c39617908b8b0b4de00228f peer=4
2025-10-09T06:05:19Z UpdateTip: new best=08b40cce728c6d6497a80d80f6d49a296d0422792c39617908b8b0b4de00228f height=569 version=0x20000000 log2_work=10.154818 tx=4841 date='2025-10-09T06:05:16Z' progress=1.000000 cache=0.3MiB(1613txo)
2025-10-09T06:05:24Z Saw new header hash=534bead0c715ed1169679a2431ded7651630e8d8c72094812466720f490479f9 height=570
2025-10-09T06:05:24Z Saw new cmpctblock header hash=534bead0c715ed1169679a2431ded7651630e8d8c72094812466720f490479f9 peer=4
2025-10-09T06:05:24Z UpdateTip: new best=534bead0c715ed1169679a2431ded7651630e8d8c72094812466720f490479f9 height=570 version=0x20000000 log2_work=10.157347 tx=4850 date='2025-10-09T06:05:21Z' progress=1.000000 cache=0.3MiB(1613txo)
2025-10-09T06:05:29Z Saw new header hash=4c2f0afcceffe7b73bc5d2e87adc5672917c936e68cd5a9d08f44b67cd804831 height=571
2025-10-09T06:05:29Z Saw new cmpctblock header hash=4c2f0afcceffe7b73bc5d2e87adc5672917c936e68cd5a9d08f44b67cd804831 peer=4
2025-10-09T06:05:29Z UpdateTip: new best=4c2f0afcceffe7b73bc5d2e87adc5672917c936e68cd5a9d08f44b67cd804831 height=571 version=0x20000000 log2_work=10.159871 tx=4859 date='2025-10-09T06:05:26Z' progress=1.000000 cache=0.3MiB(1617txo)
2025-10-09T06:05:34Z Saw new header hash=1097c83422ea91da1201be257b0bfc2552adb7993f0c6bbcf6bca1a5a8696417 height=572
2025-10-09T06:05:34Z Saw new cmpctblock header hash=1097c83422ea91da1201be257b0bfc2552adb7993f0c6bbcf6bca1a5a8696417 peer=4
2025-10-09T06:05:35Z UpdateTip: new best=1097c83422ea91da1201be257b0bfc2552adb7993f0c6bbcf6bca1a5a8696417 height=572 version=0x20000000 log2_work=10.162391 tx=4868 date='2025-10-09T06:05:31Z' progress=1.000000 cache=0.3MiB(1620txo)
2025-10-09T06:05:40Z Saw new header hash=2bfe6fcaf0e63a0036e767f2bef3b4106fa594bc8f8da888d34980a59bc0b328 height=573
2025-10-09T06:05:40Z Saw new cmpctblock header hash=2bfe6fcaf0e63a0036e767f2bef3b4106fa594bc8f8da888d34980a59bc0b328 peer=4
2025-10-09T06:05:40Z UpdateTip: new best=2bfe6fcaf0e63a0036e767f2bef3b4106fa594bc8f8da888d34980a59bc0b328 height=573 version=0x20000000 log2_work=10.164907 tx=4876 date='2025-10-09T06:05:37Z' progress=1.000000 cache=0.3MiB(1628txo)
2025-10-09T06:05:46Z Saw new header hash=36255dea99fff9a87d156270c02a9b55d519ef4a9cd5095470355546f1363b98 height=574
2025-10-09T06:05:46Z Saw new cmpctblock header hash=36255dea99fff9a87d156270c02a9b55d519ef4a9cd5095470355546f1363b98 peer=4
2025-10-09T06:05:47Z UpdateTip: new best=36255dea99fff9a87d156270c02a9b55d519ef4a9cd5095470355546f1363b98 height=574 version=0x20000000 log2_work=10.167418 tx=4886 date='2025-10-09T06:05:43Z' progress=1.000000 cache=0.3MiB(1634txo)
2025-10-09T06:05:54Z Saw new header hash=5d4c719ef450c4f8b014b7ef3e839820ee524566759309923eaf6777eb761909 height=575
2025-10-09T06:05:54Z Saw new cmpctblock header hash=5d4c719ef450c4f8b014b7ef3e839820ee524566759309923eaf6777eb761909 peer=4
2025-10-09T06:05:54Z UpdateTip: new best=5d4c719ef450c4f8b014b7ef3e839820ee524566759309923eaf6777eb761909 height=575 version=0x20000000 log2_work=10.169925 tx=4896 date='2025-10-09T06:05:50Z' progress=1.000000 cache=0.3MiB(1629txo)
2025-10-09T06:05:59Z Saw new header hash=548cfb4a15b77465ee63bf7410fd510cd1c3a33265df15a1e6aff2058de913d8 height=576
2025-10-09T06:05:59Z Saw new cmpctblock header hash=548cfb4a15b77465ee63bf7410fd510cd1c3a33265df15a1e6aff2058de913d8 peer=4
2025-10-09T06:05:59Z UpdateTip: new best=548cfb4a15b77465ee63bf7410fd510cd1c3a33265df15a1e6aff2058de913d8 height=576 version=0x20000000 log2_work=10.172428 tx=4905 date='2025-10-09T06:05:55Z' progress=1.000000 cache=0.3MiB(1631txo)
2025-10-09T06:06:04Z Saw new header hash=1253b8dd620daa923212c7c8063da1e0b5ac0e99f9113987608b8e50d8b2353d height=577
2025-10-09T06:06:04Z Saw new cmpctblock header hash=1253b8dd620daa923212c7c8063da1e0b5ac0e99f9113987608b8e50d8b2353d peer=4
2025-10-09T06:06:04Z UpdateTip: new best=1253b8dd620daa923212c7c8063da1e0b5ac0e99f9113987608b8e50d8b2353d height=577 version=0x20000000 log2_work=10.174926 tx=4915 date='2025-10-09T06:06:01Z' progress=1.000000 cache=0.3MiB(1636txo)
2025-10-09T06:06:09Z Saw new header hash=32ffed6f98221174a130eabd9c76d0d13ede44b0656d5da348b387bb045de18b height=578
2025-10-09T06:06:09Z Saw new cmpctblock header hash=32ffed6f98221174a130eabd9c76d0d13ede44b0656d5da348b387bb045de18b peer=4
2025-10-09T06:06:09Z UpdateTip: new best=32ffed6f98221174a130eabd9c76d0d13ede44b0656d5da348b387bb045de18b height=578 version=0x20000000 log2_work=10.177420 tx=4925 date='2025-10-09T06:06:06Z' progress=1.000000 cache=0.3MiB(1644txo)
2025-10-09T06:06:15Z Saw new header hash=66565115e865bb5c8f790a7bc00a4d09ab4f5783d5fcc33f22432a6602266d87 height=579
2025-10-09T06:06:15Z Saw new cmpctblock header hash=66565115e865bb5c8f790a7bc00a4d09ab4f5783d5fcc33f22432a6602266d87 peer=4
2025-10-09T06:06:15Z UpdateTip: new best=66565115e865bb5c8f790a7bc00a4d09ab4f5783d5fcc33f22432a6602266d87 height=579 version=0x20000000 log2_work=10.179909 tx=4935 date='2025-10-09T06:06:12Z' progress=1.000000 cache=0.3MiB(1638txo)
2025-10-09T06:06:20Z Saw new header hash=72c285c676acffd3658cda62515cb7959d6260d5b9add18b0c488a9a5c9b4553 height=580
2025-10-09T06:06:20Z Saw new cmpctblock header hash=72c285c676acffd3658cda62515cb7959d6260d5b9add18b0c488a9a5c9b4553 peer=4
2025-10-09T06:06:21Z UpdateTip: new best=72c285c676acffd3658cda62515cb7959d6260d5b9add18b0c488a9a5c9b4553 height=580 version=0x20000000 log2_work=10.182394 tx=4945 date='2025-10-09T06:06:17Z' progress=1.000000 cache=0.3MiB(1646txo)
2025-10-09T06:06:26Z Saw new header hash=50c40e10fc5b8208b429bb805687bc6878dbfbafc17398f4978485eb194e8ad0 height=581
2025-10-09T06:06:26Z Saw new cmpctblock header hash=50c40e10fc5b8208b429bb805687bc6878dbfbafc17398f4978485eb194e8ad0 peer=4
2025-10-09T06:06:26Z UpdateTip: new best=50c40e10fc5b8208b429bb805687bc6878dbfbafc17398f4978485eb194e8ad0 height=581 version=0x20000000 log2_work=10.184875 tx=4955 date='2025-10-09T06:06:23Z' progress=1.000000 cache=0.3MiB(1656txo)
2025-10-09T06:06:32Z Saw new header hash=07a2eb2c4b0b36ad011b85999cad8d6eab1d24485b55a79256f34de57ae577e0 height=582
2025-10-09T06:06:32Z Saw new cmpctblock header hash=07a2eb2c4b0b36ad011b85999cad8d6eab1d24485b55a79256f34de57ae577e0 peer=4
2025-10-09T06:06:32Z UpdateTip: new best=07a2eb2c4b0b36ad011b85999cad8d6eab1d24485b55a79256f34de57ae577e0 height=582 version=0x20000000 log2_work=10.187352 tx=4964 date='2025-10-09T06:06:29Z' progress=1.000000 cache=0.3MiB(1662txo)
2025-10-09T06:06:37Z Saw new header hash=45fce7c3a38f19bd1a10dda8f59f5b178e33ae9d9373ce552864f167023abd19 height=583
2025-10-09T06:06:37Z Saw new cmpctblock header hash=45fce7c3a38f19bd1a10dda8f59f5b178e33ae9d9373ce552864f167023abd19 peer=4
2025-10-09T06:06:37Z UpdateTip: new best=45fce7c3a38f19bd1a10dda8f59f5b178e33ae9d9373ce552864f167023abd19 height=583 version=0x20000000 log2_work=10.189825 tx=4974 date='2025-10-09T06:06:34Z' progress=1.000000 cache=0.3MiB(1670txo)
2025-10-09T06:06:43Z Saw new header hash=65db3d51fdf08d9d76071072598de8d5d3a10b7a552524293d0fa948319baa47 height=584
2025-10-09T06:06:43Z Saw new cmpctblock header hash=65db3d51fdf08d9d76071072598de8d5d3a10b7a552524293d0fa948319baa47 peer=4
2025-10-09T06:06:43Z UpdateTip: new best=65db3d51fdf08d9d76071072598de8d5d3a10b7a552524293d0fa948319baa47 height=584 version=0x20000000 log2_work=10.192293 tx=4984 date='2025-10-09T06:06:40Z' progress=1.000000 cache=0.3MiB(1676txo)
2025-10-09T06:06:48Z Saw new header hash=150002f2e655431b671aad8a6825f04ac60a72b6011b0c5014167ed160940d3a height=585
2025-10-09T06:06:48Z Saw new cmpctblock header hash=150002f2e655431b671aad8a6825f04ac60a72b6011b0c5014167ed160940d3a peer=4
2025-10-09T06:06:49Z UpdateTip: new best=150002f2e655431b671aad8a6825f04ac60a72b6011b0c5014167ed160940d3a height=585 version=0x20000000 log2_work=10.194757 tx=4994 date='2025-10-09T06:06:45Z' progress=1.000000 cache=0.3MiB(1686txo)
2025-10-09T06:06:54Z Saw new header hash=19dae0406edf3ebcc8f461433006c6e83c98b540705d523d79e52a428b3adfda height=586
2025-10-09T06:06:54Z Saw new cmpctblock header hash=19dae0406edf3ebcc8f461433006c6e83c98b540705d523d79e52a428b3adfda peer=4
2025-10-09T06:06:54Z UpdateTip: new best=19dae0406edf3ebcc8f461433006c6e83c98b540705d523d79e52a428b3adfda height=586 version=0x20000000 log2_work=10.197217 tx=5000 date='2025-10-09T06:06:51Z' progress=1.000000 cache=0.3MiB(1693txo)
2025-10-09T06:06:59Z Saw new header hash=2886f63faeb08a072683a1f751bf75d24e7304128edff25fec0cb9a74847dfbb height=587
2025-10-09T06:06:59Z Saw new cmpctblock header hash=2886f63faeb08a072683a1f751bf75d24e7304128edff25fec0cb9a74847dfbb peer=4
2025-10-09T06:06:59Z UpdateTip: new best=2886f63faeb08a072683a1f751bf75d24e7304128edff25fec0cb9a74847dfbb height=587 version=0x20000000 log2_work=10.199672 tx=5010 date='2025-10-09T06:06:56Z' progress=1.000000 cache=0.3MiB(1699txo)
2025-10-09T06:07:05Z Saw new header hash=0c5df41bd19fe2b5232ba282740be6523b46dc258c761837244a7626dda08abf height=588
2025-10-09T06:07:05Z Saw new cmpctblock header hash=0c5df41bd19fe2b5232ba282740be6523b46dc258c761837244a7626dda08abf peer=4
2025-10-09T06:07:05Z UpdateTip: new best=0c5df41bd19fe2b5232ba282740be6523b46dc258c761837244a7626dda08abf height=588 version=0x20000000 log2_work=10.202124 tx=5019 date='2025-10-09T06:07:02Z' progress=1.000000 cache=0.3MiB(1709txo)
2025-10-09T06:07:11Z Saw new header hash=774c7d2d700780100795b5324178696b466616cea1de0672fe9d503b28bd5c1d height=589
2025-10-09T06:07:11Z Saw new cmpctblock header hash=774c7d2d700780100795b5324178696b466616cea1de0672fe9d503b28bd5c1d peer=4
2025-10-09T06:07:11Z UpdateTip: new best=774c7d2d700780100795b5324178696b466616cea1de0672fe9d503b28bd5c1d height=589 version=0x20000000 log2_work=10.204571 tx=5029 date='2025-10-09T06:07:07Z' progress=1.000000 cache=0.3MiB(1719txo)
2025-10-09T06:07:16Z Saw new header hash=47106049bc968a55e6cd5f88778473bc79f8f6f6cd27d23110c22527284ab48a height=590
2025-10-09T06:07:16Z Saw new cmpctblock header hash=47106049bc968a55e6cd5f88778473bc79f8f6f6cd27d23110c22527284ab48a peer=4
2025-10-09T06:07:16Z UpdateTip: new best=47106049bc968a55e6cd5f88778473bc79f8f6f6cd27d23110c22527284ab48a height=590 version=0x20000000 log2_work=10.207014 tx=5038 date='2025-10-09T06:07:13Z' progress=1.000000 cache=0.3MiB(1727txo)
2025-10-09T06:07:22Z Saw new header hash=66e4c8675ae574417fbbd826d22a7d65a2bab682673a5e3d2dd6c3e0ddf4d613 height=591
2025-10-09T06:07:22Z Saw new cmpctblock header hash=66e4c8675ae574417fbbd826d22a7d65a2bab682673a5e3d2dd6c3e0ddf4d613 peer=4
2025-10-09T06:07:22Z UpdateTip: new best=66e4c8675ae574417fbbd826d22a7d65a2bab682673a5e3d2dd6c3e0ddf4d613 height=591 version=0x20000000 log2_work=10.209453 tx=5046 date='2025-10-09T06:07:18Z' progress=1.000000 cache=0.3MiB(1724txo)
2025-10-09T06:07:27Z Saw new header hash=6e0db9aa7ec9cdf61ca7ea3aad22b3936aa9a386ac4ac4d2db309924e0434291 height=592
2025-10-09T06:07:27Z Saw new cmpctblock header hash=6e0db9aa7ec9cdf61ca7ea3aad22b3936aa9a386ac4ac4d2db309924e0434291 peer=4
2025-10-09T06:07:27Z UpdateTip: new best=6e0db9aa7ec9cdf61ca7ea3aad22b3936aa9a386ac4ac4d2db309924e0434291 height=592 version=0x20000000 log2_work=10.211888 tx=5056 date='2025-10-09T06:07:24Z' progress=1.000000 cache=0.3MiB(1727txo)
2025-10-09T06:07:33Z Saw new header hash=37977a2fe5e6facf549036a89c2f30a1831e41583bf3a127465c6414831b0cdf height=593
2025-10-09T06:07:33Z Saw new cmpctblock header hash=37977a2fe5e6facf549036a89c2f30a1831e41583bf3a127465c6414831b0cdf peer=4
2025-10-09T06:07:33Z UpdateTip: new best=37977a2fe5e6facf549036a89c2f30a1831e41583bf3a127465c6414831b0cdf height=593 version=0x20000000 log2_work=10.214319 tx=5066 date='2025-10-09T06:07:30Z' progress=1.000000 cache=0.3MiB(1736txo)
2025-10-09T06:07:38Z Saw new header hash=6f9c21689c5e2452b95d53e0db5578afedf2369650ccebd5afd9fc8726a06e7a height=594
2025-10-09T06:07:38Z Saw new cmpctblock header hash=6f9c21689c5e2452b95d53e0db5578afedf2369650ccebd5afd9fc8726a06e7a peer=4
2025-10-09T06:07:38Z UpdateTip: new best=6f9c21689c5e2452b95d53e0db5578afedf2369650ccebd5afd9fc8726a06e7a height=594 version=0x20000000 log2_work=10.216746 tx=5074 date='2025-10-09T06:07:35Z' progress=1.000000 cache=0.3MiB(1741txo)
2025-10-09T06:07:44Z Saw new header hash=62650decbdc44aa80fc3a0e1fb5b5e788b9e332749aedc329450f7c8b478b015 height=595
2025-10-09T06:07:44Z Saw new cmpctblock header hash=62650decbdc44aa80fc3a0e1fb5b5e788b9e332749aedc329450f7c8b478b015 peer=4
2025-10-09T06:07:44Z UpdateTip: new best=62650decbdc44aa80fc3a0e1fb5b5e788b9e332749aedc329450f7c8b478b015 height=595 version=0x20000000 log2_work=10.219169 tx=5083 date='2025-10-09T06:07:41Z' progress=1.000000 cache=0.3MiB(1744txo)
2025-10-09T06:07:49Z Saw new header hash=000ea9ed1023397bb8a53fbfbce49138978ceaac90cdc08c13eba663daf1648f height=596
2025-10-09T06:07:49Z Saw new cmpctblock header hash=000ea9ed1023397bb8a53fbfbce49138978ceaac90cdc08c13eba663daf1648f peer=4
2025-10-09T06:07:49Z UpdateTip: new best=000ea9ed1023397bb8a53fbfbce49138978ceaac90cdc08c13eba663daf1648f height=596 version=0x20000000 log2_work=10.221587 tx=5092 date='2025-10-09T06:07:46Z' progress=1.000000 cache=0.3MiB(1748txo)
2025-10-09T06:07:55Z Saw new header hash=129146e67f2d07e6e88ea10cff29cea7d0c4e23c7673a1fc69ef6b1b5820f8a7 height=597
2025-10-09T06:07:55Z Saw new cmpctblock header hash=129146e67f2d07e6e88ea10cff29cea7d0c4e23c7673a1fc69ef6b1b5820f8a7 peer=4
2025-10-09T06:07:55Z UpdateTip: new best=129146e67f2d07e6e88ea10cff29cea7d0c4e23c7673a1fc69ef6b1b5820f8a7 height=597 version=0x20000000 log2_work=10.224002 tx=5101 date='2025-10-09T06:07:52Z' progress=1.000000 cache=0.3MiB(1755txo)
2025-10-09T06:08:01Z Saw new header hash=35510191cab782d821b68345d7d123dbab4e584a54d0a0bf8ca573c952ec29ae height=598
2025-10-09T06:08:01Z Saw new cmpctblock header hash=35510191cab782d821b68345d7d123dbab4e584a54d0a0bf8ca573c952ec29ae peer=4
2025-10-09T06:08:01Z UpdateTip: new best=35510191cab782d821b68345d7d123dbab4e584a54d0a0bf8ca573c952ec29ae height=598 version=0x20000000 log2_work=10.226412 tx=5111 date='2025-10-09T06:07:58Z' progress=1.000000 cache=0.3MiB(1759txo)
2025-10-09T06:08:06Z Saw new header hash=1958c2ce850571e8312ed8f555fd26fc7917a426acc80359c6d7047f3c627f27 height=599
2025-10-09T06:08:06Z Saw new cmpctblock header hash=1958c2ce850571e8312ed8f555fd26fc7917a426acc80359c6d7047f3c627f27 peer=4
2025-10-09T06:08:06Z UpdateTip: new best=1958c2ce850571e8312ed8f555fd26fc7917a426acc80359c6d7047f3c627f27 height=599 version=0x20000000 log2_work=10.228819 tx=5119 date='2025-10-09T06:08:03Z' progress=1.000000 cache=0.3MiB(1760txo)
2025-10-09T06:08:11Z Saw new header hash=22aec0ee9eac9334b0b2979d93e7a93f5bd04a88c3f806ee991c84e0613800a9 height=600
2025-10-09T06:08:11Z Saw new cmpctblock header hash=22aec0ee9eac9334b0b2979d93e7a93f5bd04a88c3f806ee991c84e0613800a9 peer=4
2025-10-09T06:08:11Z UpdateTip: new best=22aec0ee9eac9334b0b2979d93e7a93f5bd04a88c3f806ee991c84e0613800a9 height=600 version=0x20000000 log2_work=10.231221 tx=5125 date='2025-10-09T06:08:08Z' progress=1.000000 cache=0.3MiB(1760txo)
2025-10-09T06:08:17Z Saw new header hash=585271499389945414a740db5419162171fa765391e0f18c7f76cb64488eb9ca height=601
2025-10-09T06:08:17Z Saw new cmpctblock header hash=585271499389945414a740db5419162171fa765391e0f18c7f76cb64488eb9ca peer=4
2025-10-09T06:08:17Z UpdateTip: new best=585271499389945414a740db5419162171fa765391e0f18c7f76cb64488eb9ca height=601 version=0x20000000 log2_work=10.233620 tx=5135 date='2025-10-09T06:08:14Z' progress=1.000000 cache=0.3MiB(1767txo)
2025-10-09T06:08:23Z Saw new header hash=55f269dbc817487e93537cd3088a0f99e35ea9d0b8a9cc96509cc9a5653b1f99 height=602
2025-10-09T06:08:23Z Saw new cmpctblock header hash=55f269dbc817487e93537cd3088a0f99e35ea9d0b8a9cc96509cc9a5653b1f99 peer=4
2025-10-09T06:08:23Z UpdateTip: new best=55f269dbc817487e93537cd3088a0f99e35ea9d0b8a9cc96509cc9a5653b1f99 height=602 version=0x20000000 log2_work=10.236014 tx=5144 date='2025-10-09T06:08:20Z' progress=1.000000 cache=0.3MiB(1770txo)
2025-10-09T06:08:28Z Saw new header hash=7161867e064cf3e1b516e41d4f01f601e1f2bf0141998aa3cd244439dd19e6cf height=603
2025-10-09T06:08:28Z Saw new cmpctblock header hash=7161867e064cf3e1b516e41d4f01f601e1f2bf0141998aa3cd244439dd19e6cf peer=4
2025-10-09T06:08:28Z UpdateTip: new best=7161867e064cf3e1b516e41d4f01f601e1f2bf0141998aa3cd244439dd19e6cf height=603 version=0x20000000 log2_work=10.238405 tx=5154 date='2025-10-09T06:08:25Z' progress=1.000000 cache=0.3MiB(1778txo)
2025-10-09T06:08:34Z Saw new header hash=166e97741ccb53622dbee580f811ce54eaf3566d3a1d9d2ceab48c114c6ac938 height=604
2025-10-09T06:08:34Z Saw new cmpctblock header hash=166e97741ccb53622dbee580f811ce54eaf3566d3a1d9d2ceab48c114c6ac938 peer=4
2025-10-09T06:08:34Z UpdateTip: new best=166e97741ccb53622dbee580f811ce54eaf3566d3a1d9d2ceab48c114c6ac938 height=604 version=0x20000000 log2_work=10.240791 tx=5164 date='2025-10-09T06:08:31Z' progress=1.000000 cache=0.3MiB(1786txo)
2025-10-09T06:08:40Z Saw new header hash=767160714bbcfa94d10f0058239025553209e46a20fcc1282f8e6ee09eec0706 height=605
2025-10-09T06:08:40Z Saw new cmpctblock header hash=767160714bbcfa94d10f0058239025553209e46a20fcc1282f8e6ee09eec0706 peer=4
2025-10-09T06:08:40Z UpdateTip: new best=767160714bbcfa94d10f0058239025553209e46a20fcc1282f8e6ee09eec0706 height=605 version=0x20000000 log2_work=10.243174 tx=5174 date='2025-10-09T06:08:36Z' progress=1.000000 cache=0.3MiB(1794txo)
2025-10-09T06:08:45Z Saw new header hash=0f5b40cfd3f25b1136c994832cec3a40b93fc31873dc9d2b49f71fa37c5c89a8 height=606
2025-10-09T06:08:45Z Saw new cmpctblock header hash=0f5b40cfd3f25b1136c994832cec3a40b93fc31873dc9d2b49f71fa37c5c89a8 peer=4
2025-10-09T06:08:45Z UpdateTip: new best=0f5b40cfd3f25b1136c994832cec3a40b93fc31873dc9d2b49f71fa37c5c89a8 height=606 version=0x20000000 log2_work=10.245553 tx=5182 date='2025-10-09T06:08:42Z' progress=1.000000 cache=0.3MiB(1793txo)
2025-10-09T06:08:51Z Saw new header hash=09444f6d16a42896c54cf1d5aa37d3934e19d13fbca81996a10008d2ff905f4a height=607
2025-10-09T06:08:51Z Saw new cmpctblock header hash=09444f6d16a42896c54cf1d5aa37d3934e19d13fbca81996a10008d2ff905f4a peer=4
2025-10-09T06:08:52Z UpdateTip: new best=09444f6d16a42896c54cf1d5aa37d3934e19d13fbca81996a10008d2ff905f4a height=607 version=0x20000000 log2_work=10.247928 tx=5192 date='2025-10-09T06:08:48Z' progress=1.000000 cache=0.3MiB(1802txo)
2025-10-09T06:08:56Z Saw new header hash=700c54c5070a1218f3682d900e36868364ec05613dbfaffe30b9247b57aa8429 height=608
2025-10-09T06:08:56Z Saw new cmpctblock header hash=700c54c5070a1218f3682d900e36868364ec05613dbfaffe30b9247b57aa8429 peer=4
2025-10-09T06:08:56Z UpdateTip: new best=700c54c5070a1218f3682d900e36868364ec05613dbfaffe30b9247b57aa8429 height=608 version=0x20000000 log2_work=10.250298 tx=5202 date='2025-10-09T06:08:53Z' progress=1.000000 cache=0.3MiB(1808txo)
2025-10-09T06:09:02Z Saw new header hash=20128475606537b17bff8c924c626bdea91e2489366403551d53d1b01cfdd3b1 height=609
2025-10-09T06:09:02Z Saw new cmpctblock header hash=20128475606537b17bff8c924c626bdea91e2489366403551d53d1b01cfdd3b1 peer=4
2025-10-09T06:09:02Z UpdateTip: new best=20128475606537b17bff8c924c626bdea91e2489366403551d53d1b01cfdd3b1 height=609 version=0x20000000 log2_work=10.252665 tx=5210 date='2025-10-09T06:08:59Z' progress=1.000000 cache=0.3MiB(1812txo)
2025-10-09T06:09:07Z Saw new header hash=70c0615ee6475bc3d41f93908bb63ab115ca83a04d1422d16120dbc8b17e2388 height=610
2025-10-09T06:09:07Z Saw new cmpctblock header hash=70c0615ee6475bc3d41f93908bb63ab115ca83a04d1422d16120dbc8b17e2388 peer=4
2025-10-09T06:09:07Z UpdateTip: new best=70c0615ee6475bc3d41f93908bb63ab115ca83a04d1422d16120dbc8b17e2388 height=610 version=0x20000000 log2_work=10.255029 tx=5219 date='2025-10-09T06:09:04Z' progress=1.000000 cache=0.3MiB(1814txo)
2025-10-09T06:09:13Z Saw new header hash=6e1f3413ddf16f61f805063994e695371a46d19d0bb66148f4dabdbe608fdcc2 height=611
2025-10-09T06:09:13Z Saw new cmpctblock header hash=6e1f3413ddf16f61f805063994e695371a46d19d0bb66148f4dabdbe608fdcc2 peer=4
2025-10-09T06:09:13Z UpdateTip: new best=6e1f3413ddf16f61f805063994e695371a46d19d0bb66148f4dabdbe608fdcc2 height=611 version=0x20000000 log2_work=10.257388 tx=5227 date='2025-10-09T06:09:10Z' progress=1.000000 cache=0.3MiB(1816txo)
2025-10-09T06:09:20Z Saw new header hash=78d1a781630fd8b799ef3ba201fb8c5972ad5f1f12f0d91252d65509705b9726 height=612
2025-10-09T06:09:20Z Saw new cmpctblock header hash=78d1a781630fd8b799ef3ba201fb8c5972ad5f1f12f0d91252d65509705b9726 peer=4
2025-10-09T06:09:20Z UpdateTip: new best=78d1a781630fd8b799ef3ba201fb8c5972ad5f1f12f0d91252d65509705b9726 height=612 version=0x20000000 log2_work=10.259743 tx=5237 date='2025-10-09T06:09:16Z' progress=1.000000 cache=0.3MiB(1816txo)
2025-10-09T06:09:25Z Saw new header hash=6b035bac6d45f2a5d9d55e8dccc7491f4946bd50becb9d1efb262ca743f8391d height=613
2025-10-09T06:09:25Z Saw new cmpctblock header hash=6b035bac6d45f2a5d9d55e8dccc7491f4946bd50becb9d1efb262ca743f8391d peer=4
2025-10-09T06:09:25Z UpdateTip: new best=6b035bac6d45f2a5d9d55e8dccc7491f4946bd50becb9d1efb262ca743f8391d height=613 version=0x20000000 log2_work=10.262095 tx=5247 date='2025-10-09T06:09:22Z' progress=1.000000 cache=0.3MiB(1822txo)
2025-10-09T06:09:32Z Saw new header hash=632760293caf9a53e87926008b9cc5a2fa38419f4ad6061e3b01379dc34de9e7 height=614
2025-10-09T06:09:32Z Saw new cmpctblock header hash=632760293caf9a53e87926008b9cc5a2fa38419f4ad6061e3b01379dc34de9e7 peer=4
2025-10-09T06:09:32Z UpdateTip: new best=632760293caf9a53e87926008b9cc5a2fa38419f4ad6061e3b01379dc34de9e7 height=614 version=0x20000000 log2_work=10.264443 tx=5255 date='2025-10-09T06:09:29Z' progress=1.000000 cache=0.3MiB(1831txo)
2025-10-09T06:09:37Z Saw new header hash=015e962537a8c8f0280bc6ab304487d60d1f9e2029e186f5877e1f32ba986077 height=615
2025-10-09T06:09:37Z Saw new cmpctblock header hash=015e962537a8c8f0280bc6ab304487d60d1f9e2029e186f5877e1f32ba986077 peer=4
2025-10-09T06:09:37Z UpdateTip: new best=015e962537a8c8f0280bc6ab304487d60d1f9e2029e186f5877e1f32ba986077 height=615 version=0x20000000 log2_work=10.266787 tx=5263 date='2025-10-09T06:09:34Z' progress=1.000000 cache=0.3MiB(1832txo)
2025-10-09T06:09:43Z Saw new header hash=2ee5925835880b6c4b2c4034c168de5c1bee058ebff786951b0cab9439442e8a height=616
2025-10-09T06:09:43Z Saw new cmpctblock header hash=2ee5925835880b6c4b2c4034c168de5c1bee058ebff786951b0cab9439442e8a peer=4
2025-10-09T06:09:43Z UpdateTip: new best=2ee5925835880b6c4b2c4034c168de5c1bee058ebff786951b0cab9439442e8a height=616 version=0x20000000 log2_work=10.269127 tx=5273 date='2025-10-09T06:09:40Z' progress=1.000000 cache=0.3MiB(1833txo)
2025-10-09T06:09:48Z Saw new header hash=4814cf392a7c4457c781d981005f374374cbb1a219e74f1bf24bf20d6f13fd74 height=617
2025-10-09T06:09:48Z Saw new cmpctblock header hash=4814cf392a7c4457c781d981005f374374cbb1a219e74f1bf24bf20d6f13fd74 peer=4
2025-10-09T06:09:48Z UpdateTip: new best=4814cf392a7c4457c781d981005f374374cbb1a219e74f1bf24bf20d6f13fd74 height=617 version=0x20000000 log2_work=10.271463 tx=5281 date='2025-10-09T06:09:45Z' progress=1.000000 cache=0.3MiB(1834txo)
2025-10-09T06:09:54Z Saw new header hash=0b472210cfe071326a15a78b1102b9bbcadb031269c27ebc464b8801943c526a height=618
2025-10-09T06:09:54Z Saw new cmpctblock header hash=0b472210cfe071326a15a78b1102b9bbcadb031269c27ebc464b8801943c526a peer=4
2025-10-09T06:09:54Z UpdateTip: new best=0b472210cfe071326a15a78b1102b9bbcadb031269c27ebc464b8801943c526a height=618 version=0x20000000 log2_work=10.273796 tx=5289 date='2025-10-09T06:09:51Z' progress=1.000000 cache=0.3MiB(1838txo)
2025-10-09T06:09:59Z Saw new header hash=2f6d68cec0488c0f620522af6693f975c608b16e292e3f9b9ffe21aa3fb96f41 height=619
2025-10-09T06:09:59Z Saw new cmpctblock header hash=2f6d68cec0488c0f620522af6693f975c608b16e292e3f9b9ffe21aa3fb96f41 peer=4
2025-10-09T06:09:59Z UpdateTip: new best=2f6d68cec0488c0f620522af6693f975c608b16e292e3f9b9ffe21aa3fb96f41 height=619 version=0x20000000 log2_work=10.276124 tx=5295 date='2025-10-09T06:09:56Z' progress=1.000000 cache=0.3MiB(1841txo)
2025-10-09T06:10:05Z Saw new header hash=100bcd4523c06f6ac8d2f89f166a0e18d986b71caac68948ef0096378211300b height=620
2025-10-09T06:10:05Z Saw new cmpctblock header hash=100bcd4523c06f6ac8d2f89f166a0e18d986b71caac68948ef0096378211300b peer=4
2025-10-09T06:10:05Z UpdateTip: new best=100bcd4523c06f6ac8d2f89f166a0e18d986b71caac68948ef0096378211300b height=620 version=0x20000000 log2_work=10.278449 tx=5316 date='2025-10-09T06:10:01Z' progress=1.000000 cache=0.3MiB(1849txo)
2025-10-09T06:10:08Z Saw new header hash=3b4464255d1ed73c3b3309efc879a3aae28979823a28f1259a4c4d544e46db7e height=621
2025-10-09T06:10:08Z Saw new cmpctblock header hash=3b4464255d1ed73c3b3309efc879a3aae28979823a28f1259a4c4d544e46db7e peer=4
2025-10-09T06:10:08Z UpdateTip: new best=3b4464255d1ed73c3b3309efc879a3aae28979823a28f1259a4c4d544e46db7e height=621 version=0x20000000 log2_work=10.280771 tx=5347 date='2025-10-09T06:10:06Z' progress=1.000000 cache=0.3MiB(1856txo)
2025-10-09T06:10:11Z Saw new header hash=782d1ae1b8ef5531973522ba5b82d48fea3c144736fc2ae387a52f61ff0680bd height=622
2025-10-09T06:10:11Z Saw new cmpctblock header hash=782d1ae1b8ef5531973522ba5b82d48fea3c144736fc2ae387a52f61ff0680bd peer=4
2025-10-09T06:10:11Z UpdateTip: new best=782d1ae1b8ef5531973522ba5b82d48fea3c144736fc2ae387a52f61ff0680bd height=622 version=0x20000000 log2_work=10.283088 tx=5376 date='2025-10-09T06:10:11Z' progress=1.000000 cache=0.3MiB(1874txo)
2025-10-09T06:10:16Z Saw new header hash=3de1133f2fa892d7a72d9bad85cfd60778f42f6de8244cd27c556d9588c30252 height=623
2025-10-09T06:10:16Z Saw new cmpctblock header hash=3de1133f2fa892d7a72d9bad85cfd60778f42f6de8244cd27c556d9588c30252 peer=4
2025-10-09T06:10:16Z UpdateTip: new best=3de1133f2fa892d7a72d9bad85cfd60778f42f6de8244cd27c556d9588c30252 height=623 version=0x20000000 log2_work=10.285402 tx=5408 date='2025-10-09T06:10:16Z' progress=1.000000 cache=0.3MiB(1881txo)
2025-10-09T06:10:21Z Saw new header hash=0a8dd5225d8066677b80d73187d63abd850d41a9f42e47157ce298b421a5fc22 height=624
2025-10-09T06:10:21Z Saw new cmpctblock header hash=0a8dd5225d8066677b80d73187d63abd850d41a9f42e47157ce298b421a5fc22 peer=4
2025-10-09T06:10:21Z UpdateTip: new best=0a8dd5225d8066677b80d73187d63abd850d41a9f42e47157ce298b421a5fc22 height=624 version=0x20000000 log2_work=10.287712 tx=5441 date='2025-10-09T06:10:21Z' progress=1.000000 cache=0.3MiB(1891txo)
2025-10-09T06:10:27Z Saw new header hash=21c555314159e0440f53cc4d2051c7ca7d60d61acf3e7cbf1240a284a7256336 height=625
2025-10-09T06:10:27Z Saw new cmpctblock header hash=21c555314159e0440f53cc4d2051c7ca7d60d61acf3e7cbf1240a284a7256336 peer=4
2025-10-09T06:10:27Z UpdateTip: new best=21c555314159e0440f53cc4d2051c7ca7d60d61acf3e7cbf1240a284a7256336 height=625 version=0x20000000 log2_work=10.290019 tx=5474 date='2025-10-09T06:10:26Z' progress=1.000000 cache=0.3MiB(1904txo)
2025-10-09T06:10:32Z Saw new header hash=1cef12eade1b3a3cff0824473778aba7d4bfa3da6920962d872d79d73f4c9150 height=626
2025-10-09T06:10:32Z Saw new cmpctblock header hash=1cef12eade1b3a3cff0824473778aba7d4bfa3da6920962d872d79d73f4c9150 peer=4
2025-10-09T06:10:32Z UpdateTip: new best=1cef12eade1b3a3cff0824473778aba7d4bfa3da6920962d872d79d73f4c9150 height=626 version=0x20000000 log2_work=10.292322 tx=5507 date='2025-10-09T06:10:32Z' progress=1.000000 cache=0.3MiB(1915txo)
2025-10-09T06:10:37Z Saw new header hash=53c142ff3f5de1a97e5c6c6533dc944ccb0dc7d616d74b73fd453820501e446f height=627
2025-10-09T06:10:37Z Saw new cmpctblock header hash=53c142ff3f5de1a97e5c6c6533dc944ccb0dc7d616d74b73fd453820501e446f peer=4
2025-10-09T06:10:37Z UpdateTip: new best=53c142ff3f5de1a97e5c6c6533dc944ccb0dc7d616d74b73fd453820501e446f height=627 version=0x20000000 log2_work=10.294621 tx=5539 date='2025-10-09T06:10:37Z' progress=1.000000 cache=0.3MiB(1933txo)
2025-10-09T06:10:42Z Saw new header hash=08e0900475fc28b33ba085cec9ef8583afebba9b7a43511f8e6b7eddb1be02cb height=628
2025-10-09T06:10:42Z Saw new cmpctblock header hash=08e0900475fc28b33ba085cec9ef8583afebba9b7a43511f8e6b7eddb1be02cb peer=4
2025-10-09T06:10:42Z UpdateTip: new best=08e0900475fc28b33ba085cec9ef8583afebba9b7a43511f8e6b7eddb1be02cb height=628 version=0x20000000 log2_work=10.296916 tx=5572 date='2025-10-09T06:10:42Z' progress=1.000000 cache=0.3MiB(1947txo)
2025-10-09T06:10:47Z Saw new header hash=229718921f1e266717bb83cd975e20da54585bd8045520a5510b64450a0ca5b6 height=629
2025-10-09T06:10:47Z Saw new cmpctblock header hash=229718921f1e266717bb83cd975e20da54585bd8045520a5510b64450a0ca5b6 peer=4
2025-10-09T06:10:47Z UpdateTip: new best=229718921f1e266717bb83cd975e20da54585bd8045520a5510b64450a0ca5b6 height=629 version=0x20000000 log2_work=10.299208 tx=5604 date='2025-10-09T06:10:47Z' progress=1.000000 cache=0.3MiB(1961txo)
2025-10-09T06:10:52Z Saw new header hash=6e49135d98fef6b49242f7f16734e3bf14359936ca3ac47f1b49fe9978fd158d height=630
2025-10-09T06:10:52Z Saw new cmpctblock header hash=6e49135d98fef6b49242f7f16734e3bf14359936ca3ac47f1b49fe9978fd158d peer=4
2025-10-09T06:10:52Z UpdateTip: new best=6e49135d98fef6b49242f7f16734e3bf14359936ca3ac47f1b49fe9978fd158d height=630 version=0x20000000 log2_work=10.301496 tx=5636 date='2025-10-09T06:10:52Z' progress=1.000000 cache=0.3MiB(1976txo)
2025-10-09T06:10:57Z Saw new header hash=65069a5895e90d9ce4cfef1625fbd69474a8e970a19decc9d75bb73889725758 height=631
2025-10-09T06:10:57Z Saw new cmpctblock header hash=65069a5895e90d9ce4cfef1625fbd69474a8e970a19decc9d75bb73889725758 peer=4
2025-10-09T06:10:57Z UpdateTip: new best=65069a5895e90d9ce4cfef1625fbd69474a8e970a19decc9d75bb73889725758 height=631 version=0x20000000 log2_work=10.303781 tx=5668 date='2025-10-09T06:10:57Z' progress=1.000000 cache=0.3MiB(2001txo)
2025-10-09T06:11:02Z Saw new header hash=063d8f83a089cabc5c567ac6c8dd922a4e316964276d8fcc2773f6ff03c8db98 height=632
2025-10-09T06:11:02Z Saw new cmpctblock header hash=063d8f83a089cabc5c567ac6c8dd922a4e316964276d8fcc2773f6ff03c8db98 peer=4
2025-10-09T06:11:02Z UpdateTip: new best=063d8f83a089cabc5c567ac6c8dd922a4e316964276d8fcc2773f6ff03c8db98 height=632 version=0x20000000 log2_work=10.306062 tx=5699 date='2025-10-09T06:11:02Z' progress=1.000000 cache=0.3MiB(2009txo)
2025-10-09T06:11:07Z Saw new header hash=0690a20c53bf1b8c405d4756f5a690d36d39907d11ac3ff1dba6531220f670a6 height=633
2025-10-09T06:11:07Z Saw new cmpctblock header hash=0690a20c53bf1b8c405d4756f5a690d36d39907d11ac3ff1dba6531220f670a6 peer=4
2025-10-09T06:11:07Z UpdateTip: new best=0690a20c53bf1b8c405d4756f5a690d36d39907d11ac3ff1dba6531220f670a6 height=633 version=0x20000000 log2_work=10.308339 tx=5730 date='2025-10-09T06:11:07Z' progress=1.000000 cache=0.3MiB(2023txo)
2025-10-09T06:11:12Z Saw new header hash=0f92f965a38c74593a4034de19a67d66bb8a145f30527f937d35c4e6c7d3b035 height=634
2025-10-09T06:11:12Z Saw new cmpctblock header hash=0f92f965a38c74593a4034de19a67d66bb8a145f30527f937d35c4e6c7d3b035 peer=4
2025-10-09T06:11:12Z UpdateTip: new best=0f92f965a38c74593a4034de19a67d66bb8a145f30527f937d35c4e6c7d3b035 height=634 version=0x20000000 log2_work=10.310613 tx=5762 date='2025-10-09T06:11:12Z' progress=1.000000 cache=0.3MiB(2022txo)
2025-10-09T06:11:17Z Saw new header hash=3e2f6b4026eb941b475314e4bf477fd817ce4f157b845fb786903d5bdfdf4f7a height=635
2025-10-09T06:11:17Z Saw new cmpctblock header hash=3e2f6b4026eb941b475314e4bf477fd817ce4f157b845fb786903d5bdfdf4f7a peer=4
2025-10-09T06:11:17Z UpdateTip: new best=3e2f6b4026eb941b475314e4bf477fd817ce4f157b845fb786903d5bdfdf4f7a height=635 version=0x20000000 log2_work=10.312883 tx=5793 date='2025-10-09T06:11:17Z' progress=1.000000 cache=0.3MiB(2033txo)
2025-10-09T06:11:23Z Saw new header hash=131f2d634bd7a62e6860378527e1d31ac898b920c8b63ee52a7313cbcae0973b height=636
2025-10-09T06:11:23Z Saw new cmpctblock header hash=131f2d634bd7a62e6860378527e1d31ac898b920c8b63ee52a7313cbcae0973b peer=4
2025-10-09T06:11:23Z UpdateTip: new best=131f2d634bd7a62e6860378527e1d31ac898b920c8b63ee52a7313cbcae0973b height=636 version=0x20000000 log2_work=10.315150 tx=5825 date='2025-10-09T06:11:22Z' progress=1.000000 cache=0.3MiB(2040txo)
