submit_ts_utc,txid
2025-10-09T05:56:34.902326+00:00,061d8c23fa8608ddb007fba213ea79925d6621042790b64621c756733f40eb39
2025-10-09T05:56:35.445963+00:00,549be932c7925c7dd5be36fc9fc4ef86be3097a80c0cd2538bff36de29d4259a
2025-10-09T05:56:35.987201+00:00,b61925413dd6a32ca5c6e7451a8e881f065fb372e5e2f8950a6958fa634069dc
2025-10-09T05:56:36.539167+00:00,25ac3687eeb642ca05a83e30ce53f1d07059970b830914ac8e03c60f44454b85
2025-10-09T05:56:37.083581+00:00,f6e2d2c917092e484afd03489aeccf61d7b698139429ab7c6ec44acef512920c
2025-10-09T05:56:37.629367+00:00,90feb9e7d2c484c2166ee08f36cbc4082a4869ca708abe43eb641ae8fe95a253
2025-10-09T05:56:38.176705+00:00,b70ebb2699435a77dd0cef10c2a3f0725d8f61a158bcaf9c83abdd5e4cd7fbb1
2025-10-09T05:56:38.751535+00:00,cce1dc85ad3cdd0ff6340742856d9df025d388db2a0d25fce96041ebeba5e403
2025-10-09T05:56:39.322582+00:00,ff063a350e4f28e72c808d2b107eb676262ce7ef72fc8c1cfdb917e04191c400
2025-10-09T05:56:39.895344+00:00,3eb322df617769a928a92e8be7e1ad4ac2d138e574c33bce91b3145690e04e3e
2025-10-09T05:56:40.476448+00:00,ebc7ab1be158ed993fa84a060a524a995202af6bf962a1738847ba89985a2d7b
2025-10-09T05:56:41.052300+00:00,9503be5291a635a9cdd99ee601b099616480d97bf35f29b967cea3b1006d2df0
2025-10-09T05:56:41.635420+00:00,81748cba7336a72ebe2ae451a0d3ca5e1ac7d60208b7bab36f1f3515f6424a8e
2025-10-09T05:56:42.233158+00:00,c4bb3add0e63109e8f6388f382c65aa41d240a5c6197cf2a17803a7c80906559
2025-10-09T05:56:42.812888+00:00,4bba064b6c56012dd998ce401b0360dd409eb6105667dc2eca2b25c676449fff
2025-10-09T05:56:43.386460+00:00,8a7ad2536f6d34eaa223fa8828a8a85ef53f112336e330fdfe4183ca18e4b962
2025-10-09T05:56:43.958547+00:00,1b72973dd2509670ab5dfe10e7aea8f1f93703ce72d830eb39edb1aac1d447aa
2025-10-09T05:56:44.732473+00:00,5d1aa72d35e3ad43e2a42815b8de8a7040094e5b17eb750224ca91dad7c50b80
2025-10-09T05:56:45.339979+00:00,0db537225a5962304417f715081432ac8db08f5e99266bdebe304f844ee067b6
2025-10-09T05:56:45.912932+00:00,4d5abcdea26441b043d8ebd437d9a816d03a5b272cfcc53290bb53fd88bd63a7
2025-10-09T05:56:46.505542+00:00,19d33d08990bb35aa6698339d6feaae8c435d2207d9eb5404b4a0d3cd86e6f47
2025-10-09T05:56:47.080915+00:00,902b7c4f07c9ef4797001ff38d63414a14b4b7e5315a215dd93a77d8747192ff
2025-10-09T05:56:47.656601+00:00,85756807ef35d126d9d5929d01b228d5ea132ba90aee350440d851f54502f50a
2025-10-09T05:56:48.204619+00:00,8911af9cde3ccb9ff64ed5ee5b845243fbc4dada663a49f310fb7186bc85b080
2025-10-09T05:56:48.789618+00:00,d290fc73a567a401e003344b9388310543c29a806ccc6216f10b10488a6bd1f3
2025-10-09T05:56:49.350352+00:00,443b4cbb59b3238ff7b4fe49b95d29453131d4c4518a93abb41755c0ecdd7d14
2025-10-09T05:56:50.457014+00:00,9270395cf9c7a37963cfa6b13ef8c9f05e7b89b4eec2f7827c35e3db3f1908c7
2025-10-09T05:56:51.049798+00:00,a4c5ff80094d5d31d5b36b916b0fc9f2a7419f41057321cdaaf0750eaea1f5f0
2025-10-09T05:56:51.622363+00:00,72dbb2807a524a195f0e885e451442149ab0fb77cf2378b72e64908de728b01a
2025-10-09T05:56:52.187534+00:00,00a524edf5620deeaf853efa92e0cbbc504f44fdc848b61db4526fe5cfc91c8c
2025-10-09T05:56:52.761768+00:00,1c5765082ec9f27ef7e0b59721f6b7a06785849716a78cc1b309efebeba7c036
2025-10-09T05:56:53.335597+00:00,5e3cc80731194fb70b692ec99c19f75fe7e5a84c07136c9e6cb68a4b3fbf8051
2025-10-09T05:56:53.933302+00:00,397eb0cbc0619a968e7698ff1de2d2a510b245f255a67a6a10f3cae2beabb5e1
2025-10-09T05:56:54.500092+00:00,8898bb192b7cefb25d8a40a0c312400d3fdca800a9fca79053e861eebb525a95
2025-10-09T05:56:55.077585+00:00,4e7eb466afbaf4f92238d547b3bf222ed9d8ee80a86a1377510e9cd73cd7f1e2
2025-10-09T05:56:55.856151+00:00,4a1a7e585f4ef8ed11d360ec3cf2f4971bf38af98a8a3d8effdc98af48459fa4
2025-10-09T05:56:56.421424+00:00,befe3573726b337ccf55f42a47e3472b37e9ac24ea01f27f661cd5610891b136
2025-10-09T05:56:56.984770+00:00,9150b6c87e01ee377a151269a36635c8577668cfdd6899e8a60dcedbf29727c7
2025-10-09T05:56:57.557793+00:00,9431c44345a5fbd6e4c59824ed9e50f122b7e66571c4ad48a984aa976d6e572e
2025-10-09T05:56:58.146046+00:00,0195132c5fbc585c5e4da8887c05b50b39fddf0cbb75f0d8350f7be5b0a47a41
2025-10-09T05:56:58.736881+00:00,52047d92e3f921054c5219e70bc552b04cf3f4c5ecbaa5c930eb6d19a1cac676
2025-10-09T05:56:59.332723+00:00,6dc154c4c71f8e668929d71a3fe5ca4413604efa7f6f81d997243ddd09c32035
2025-10-09T05:56:59.930031+00:00,ca075610d2239206537890193e47fd709cbcdabc9388a38265e8624aa59b5739
2025-10-09T05:57:00.507733+00:00,d8589d1da354aabb3e800dbd139d9e44068b60b9e45299e940ab11c0bd213563
2025-10-09T05:57:01.310335+00:00,62908be885ef7868999c6be2486d312a5a9edb6bdbc2dcee87b4882b9ab79848
2025-10-09T05:57:01.883327+00:00,201b9bad19e48bd18f7f63c5c772846e74ae9522cedaa192e709ab3cbfe5a3b7
2025-10-09T05:57:02.762111+00:00,909b2d444bace1537bfc27b23641983c590a04408d73f2b96cf8b739c99de059
2025-10-09T05:57:03.325363+00:00,93f6c6e878129c8e7771c027102184ec107f3fb02d29e05909e34f186fae9141
2025-10-09T05:57:03.897801+00:00,e9ffe5b71507c7bc8d064b94e715e61b9668e4976d728e4d3df71ef655e1acf6
2025-10-09T05:57:04.453632+00:00,5d612581664ddc37970b20a29bd2f73b234b936065c9815e2cb58a08f21cf869
2025-10-09T05:57:05.010350+00:00,1447af37288b81792a996922a4bfac7eff0c36133c1fa66bae654dfd1b9f4ec4
2025-10-09T05:57:05.573273+00:00,df7c2674c1d02621d5ecad99ad7dce38a9c6f8dcf9d04519d76d84d5ea029661
2025-10-09T05:57:06.190443+00:00,29b021974cad54477aaf1a1886b0cb4ce9db02b47b0e5221ff435d2b20a85be2
2025-10-09T05:57:06.954858+00:00,24c2a61064d50702e81825370d9ad65658f845c3c9cf0e51e5169b3e3ba54aae
2025-10-09T05:57:07.620848+00:00,66bf1c02b693c83d8cfe8ecb4290c12cb155863b35fab4eb98fee9b42033b7fe
2025-10-09T05:57:08.213683+00:00,c64f5e5365d329ce5ae79210a57bcef5a165ebea5cca2a12ab4ac740d6c06657
2025-10-09T05:57:08.814316+00:00,7168c904868012e7cd1aa9397c0bd3d27f790dd5d409b7ff26e30ed68bf26e51
2025-10-09T05:57:09.404354+00:00,12f892a6276dd17f4fab51e27054f827c65c10f93bfcc525ff076ffc553827cc
2025-10-09T05:57:09.983860+00:00,d12495e5a4e0f06d290878b0a7802bcdf6e3d707d8dad6f81c5161158afbf60f
2025-10-09T05:57:10.568355+00:00,717fac43fc7a59c25931bb51ce64d1b88b1e5a7af76bf57a8eacda2bf9e80af7
2025-10-09T05:57:11.144251+00:00,6383efd18468821006fd7e594085934954ee45dd04746a648d51561ca284c3ba
2025-10-09T05:57:11.727603+00:00,a358e5e1a5e930e4d93476812d69be2a310f48c9d76b199e75af8b5def82d518
2025-10-09T05:57:12.522560+00:00,1aeab5d9f9c9a3f011d0628a8121d99689933cb26a6b5da32e7d6acb256661d1
2025-10-09T05:57:13.110260+00:00,c6ce63df4fbebbe570c350fa3882868975e3542d511cdf056887921b56037421
2025-10-09T05:57:13.690738+00:00,984f20f54d25d76d957c14442914c458ec8dc8b28b1659ce9804e476ac1f0087
2025-10-09T05:57:14.259627+00:00,8802e97bd7ff8fbc1b728ba6276f423a2cc84480fb89b52094eff9e6c217dfa0
2025-10-09T05:57:14.839505+00:00,be7e716f22fb903ca66cff45e2da076eb473331785d661278eabaf8af1500165
2025-10-09T05:57:15.400347+00:00,1585c757b2152cbad0097067ec3ca2c3fadcffd4f341a10a1e7579fffa61e5d4
2025-10-09T05:57:16.002524+00:00,668573e329ed5ed7d423f6a4b8762caec73f7edee963c28b2fc968de6f347df1
2025-10-09T05:57:16.561750+00:00,a12c396e2fc708834fb0df93b7beaf202c3481fd3c6268139043d725e643d817
2025-10-09T05:57:17.129513+00:00,ccb1165b024cb99cf3a06730afc7549efc2c05ea7330736252f0f45040d43a36
2025-10-09T05:57:17.940026+00:00,6c07c2e64976fd222f18a481533d4846b916e8f85b28f0ccd8ea99150b126b65
2025-10-09T05:57:18.514931+00:00,ed826715e875072317984ae3543d4bc7c64a08878335cf4b420431083384d142
2025-10-09T05:57:19.067444+00:00,30792030b158f770070ed331956740662f59d768d0d059d7cd8415297b425f0b
2025-10-09T05:57:19.652160+00:00,1701e577420e004eac663d5435bd3328e64e48768640c9801f2263d86f48df72
2025-10-09T05:57:20.242549+00:00,297a8679d8cb6469a61fa95bcc1ef5aa5fc565e399a7f79d06df319654773380
2025-10-09T05:57:20.830132+00:00,efa7d577fe1cc944c24db8d811bd0ddbd36d5ce55b60a54e2b6138172d8bbb29
2025-10-09T05:57:21.414096+00:00,033b9e716f13e52e9233b34f068cbc5ce76593eb1ef10e241f41138e15a506da
2025-10-09T05:57:21.984047+00:00,13cc43e9dbc1345864e29a2b7698e7213be6c0812b084d3550a8b0d2e4a7e566
2025-10-09T05:57:22.537874+00:00,c8a97509119da7f96b3de3f72fbbee57607c8c99d9828b0e36ef5a6c7d082c67
2025-10-09T05:57:23.331401+00:00,54dcffb64405678f40b8fa3b26c45e5ab9feb28fd700adf646e065b3bd60b7b3
2025-10-09T05:57:23.906339+00:00,357cdd3df1af6e8be8be16174c1d81cc8c6f5f6cf48c8dc0bf781ada5e49db64
2025-10-09T05:57:24.465487+00:00,e11a151aff61773606722654830679974f875ac896f0e9e7c13679bb0a9201b4
2025-10-09T05:57:25.066414+00:00,ff6c288a63d42c6c0ade6fc82edc8defea7ebff47cf01ed4c8868dcf19ac2fea
2025-10-09T05:57:25.629428+00:00,5d4a0b4afd2addaf08684dd007a2799725cdcfa7fc2c0b7aa459ca95e2868050
2025-10-09T05:57:26.198735+00:00,5f4369959edb2a1a6d60181a911029f38dbeae5ef65dbe9413e857f79afcce16
2025-10-09T05:57:26.766547+00:00,a0a0e9a06320da26b94582ed82c877e6279c1fa4eb318896c6862f924fa0cbd3
2025-10-09T05:57:27.320910+00:00,91fa7b7bd2881e3b1eb6b167f8cd0a00a4ca607bc21b68d7ac81988f1d52a4aa
2025-10-09T05:57:27.923421+00:00,0d21efaa66719f70471908e5f8760fa2025b554f444b6ee40cc135fb1b164494
2025-10-09T05:57:28.722898+00:00,80640c20aa8eeea06800e63c2b934d3ddee1c2957f9c989008a00fc9f42ab5ba
2025-10-09T05:57:29.308761+00:00,934283a0cbd145c819b113309c50fb4b760e499601623fad7eee7fcdb4493e13
2025-10-09T05:57:30.210471+00:00,dbb4c034c1c34160bdc206d1047296a2544204e191ecaef0139a92457d04adf6
2025-10-09T05:57:30.809878+00:00,762265a87ee771c271f2e599cff66c183947b1beeec800e7764e7f38a2971ed6
2025-10-09T05:57:31.381976+00:00,b7d4cc9a5f4c575e77c87413b3e7b0793e3f99accd98c9600cdd15546704f277
2025-10-09T05:57:31.941867+00:00,4da4ed53798f5c528093ccae7c15950ae525a79d4475b941f94357a7f500a104
2025-10-09T05:57:32.511815+00:00,fb1e724d82f60f6c429c6bad60be3c52aa0b2222afd04290a25bdc567ee35780
2025-10-09T05:57:33.083154+00:00,626236d135416921687460e9cf95e792358f99f3f6affe1b0e2fa92989855fd0
2025-10-09T05:57:33.656514+00:00,45730bb33a8d2a159fb35e3b5f7f9c24d88930b8d40eacc03e9c648012801656
2025-10-09T05:57:34.425416+00:00,58a0b59e14b2266cd8fa410336a5e1ea0a6fd60006451aa614c2ba8f2fdd51fc
2025-10-09T05:57:34.999067+00:00,2b6b72d4dce9e6679e14d81deace350c6772f8fdc4a2183a5ae8424eb0443899
2025-10-09T05:57:35.550886+00:00,9f870108361a2f2a0b3a0b1b6da88bb03a52dd3e5f4158dd61929301ba323726
2025-10-09T05:57:36.155525+00:00,b0dd961d25c372710a2ee87de3abb00937e93e2fb998cfd9d15ed9a5bc4516bf
2025-10-09T05:57:36.723507+00:00,4d0aa653f4717924ebb23b47fc993a83a795571cb441cdf1d7e0a3b9311fb38c
2025-10-09T05:57:37.279004+00:00,7bd7bfe400bc48c4afb848bdbb40d6b78bb20d94f743d51bd3786e36028d0356
2025-10-09T05:57:38.179730+00:00,fc7bfacada90fc07329aad4a75123991cb3466ec4ec713cf19b72815394c2504
2025-10-09T05:57:38.756264+00:00,429bafc3693d19a6785de022b41f270b4a1bc7e21b36b9a0b207047d49c1bef4
2025-10-09T05:57:39.354879+00:00,917139fa0249d93606c874968b02e241b5110246b781af48bba304f11a1c9df4
2025-10-09T05:57:40.183703+00:00,3eee8ffd254e9dd013145e109b24afcb677c1c216ea0456d0f2dd54453314fa9
2025-10-09T05:57:40.770061+00:00,e4b8e3e2b85d02f5256cae450bfd1c12f7f4f9c33ba364305b6740fe71a7429a
2025-10-09T05:57:41.343579+00:00,97b7e0d1ca0a9baacbe56b316e044a030f11a17f19ca38e67703afe29e38ee99
2025-10-09T05:57:41.904211+00:00,298336a5ef369f77b9f11fc87dbba9b25345050a16858d1f7e7d0877287af946
2025-10-09T05:57:42.498700+00:00,7c0d022809b8be080119c59995b13e5bbf2801b0fe2c652954812cd53a1f1411
2025-10-09T05:57:43.077619+00:00,4799be58ca563d9fcaeca315dc9dd87ac9b96f7c0d717760d5ba87a9776cf7ef
2025-10-09T05:57:43.667213+00:00,1dc7aacab28a773db53baf202617fbab43198503213eec3e9f20a566da47ae75
2025-10-09T05:57:44.250856+00:00,e74c415623721ce2a2a57575d345ce0da8ab1bf1716b65e6595ae753067a9543
2025-10-09T05:57:44.817306+00:00,ded53f773406509be01c386e655b7a295c4c78cd8d34638fb7a1c28c09330ad8
2025-10-09T05:57:45.594703+00:00,e5757a08611fb904fe67b1caca4bd02d84a75fde44e109da87aeb11a2f52256e
2025-10-09T05:57:46.521967+00:00,7837019ebdc5c98a3aaf890cd0384ec9af36e57c15113a96ab784ff994e1af52
2025-10-09T05:57:47.088595+00:00,c3b9b9e99aa55a035afefd8c7cfa247cb7c8c6051a9323f97683e8170a18de6b
2025-10-09T05:57:47.673229+00:00,23cb989737bd265e26f75247cbd2a6b7cf618ee8693819c16df777072af4e832
2025-10-09T05:57:48.242183+00:00,3abcd0ae1f7c129686c1bc176b09f2c0bb82e07bec3194806be4bf2044a2e6e4
2025-10-09T05:57:48.817146+00:00,b3251d22f9fc58fddefb3b58a150efe071d1d63364a3e84d3d55cd7bce94d21e
2025-10-09T05:57:49.394202+00:00,a6ee643559b973f142a0225c9e8501d09f18ea00cdf8353a7284bf626a70eecb
2025-10-09T05:57:49.992623+00:00,054a01ecc09acb562494661c48ac6a4b3961b9dd91d833aaacd74a4952229139
2025-10-09T05:57:50.586701+00:00,a993ea6b6b413d63ca26a74284bec210495a0a6ea3a603e54d4d427794dd2943
2025-10-09T05:57:51.374166+00:00,e7b40780de87aecfe5d0d415bc70b4941733bfb8c8b8c5d9de81014335b089b0
2025-10-09T05:57:52.969063+00:00,86470c7d48d50c02d95b1a1d47472e9c4e0523fe2f234259a04e76bd57c2f6d9
2025-10-09T05:57:53.537093+00:00,b8009ad1704c73e7fd2f6b332ebc60d35f1573f038194758e5c06d26f6346437
2025-10-09T05:57:54.127167+00:00,9f07d666f139bc611b0f0750765f17f63ca6f1a6d20844acdaa940961895ece6
2025-10-09T05:57:54.706177+00:00,4c628da34fbc97be5a8bc77d1658c1f45bc8bb950ae85b33af69f90dc4d5ed4f
2025-10-09T05:57:55.297360+00:00,2482cf66db127ebc09ae96fa973e9f968763806c51889949e1fd019b2f5a3c73
2025-10-09T05:57:55.871902+00:00,ee9275f65405c7b1189704fd4fba4540b2d7c9152152d37d5dab5c7cdf9e2cd3
2025-10-09T05:57:56.660534+00:00,cdf6fd7ae7b2bb856da620d44f8de86de4293f56ac114beac1ff993b9b8cb786
2025-10-09T05:57:57.251518+00:00,64fcd84f55108b1f493312ee5bac1d63b09246c4a051f53457553f09f100b86a
2025-10-09T05:57:57.835215+00:00,f11cdca8f2bd88b2db7e3509a24f22ce854150a37c8b00b559af2797ff074080
2025-10-09T05:57:58.413380+00:00,390f78a2e4a1fa335b34c260cbe9bc2421f7b13656649d102bd13211c6fefe0f
2025-10-09T05:57:59.017535+00:00,33a4ca5364e0fb8f549d85b37e3bba8fa21c87e21b77c1550f0d33de0e4fe913
2025-10-09T05:57:59.624756+00:00,9a47636907652efe2a9aa8bde9d9389bc6301a19738bb16dd0cc3a39c8bdddfa
2025-10-09T05:58:00.217819+00:00,d4973e8da1a362c32ace8aafe919c5b32d1788f8d198729b762c8a1a1e7c16bd
2025-10-09T05:58:00.804066+00:00,b5c8b227a2b52bfe2d4b0bb42452941b382687178ca1b0af3523caf7f3066113
2025-10-09T05:58:01.398375+00:00,a3cc9009e2e3d2aec4701ba759ac4830b4fc28495b3382736507d5a95642dc47
2025-10-09T05:58:02.194023+00:00,41d37de1a31862d466193f6ba2c114c76e71538fb9f79c66a7181adfbcc2b29c
2025-10-09T05:58:02.766332+00:00,e1021d9b80cd17acf0ab20390d9e051a6f69013eda046949d1bb1980b9e5671f
2025-10-09T05:58:03.354068+00:00,f1ddc9dc43d97d6b52d7a0a008b3b533275916c43bdf1ba3dc58438c41df4f93
2025-10-09T05:58:03.913164+00:00,fe51051a4927047a57152c39856af8fcfa5d76fe96923ae54559fb401cc967b5
2025-10-09T05:58:04.478988+00:00,b7fe7b39e4fb94fab66827213b7b1957a2fb8651ddfc96d0a59f4f8c9f060e4c
2025-10-09T05:58:05.042913+00:00,11d82b6e9306127fe6c683bb0b475731fc83af2e9b3a77ce72cc100b66bb1c1a
2025-10-09T05:58:05.593770+00:00,2a9823accce2dcb71d92616d8e6f24a07309c501ad585ad0487ab7b3e4997232
2025-10-09T05:58:06.182920+00:00,340355004ef6ce830c1aea178971d68b6fd4e4e04bcd8f7738d9015e4d7f828a
2025-10-09T05:58:06.777840+00:00,303a964e33adc345fed7e8c314dedc8ac92547cef69ba86405f26afc187424b1
2025-10-09T05:58:07.572071+00:00,3d2c9d806e0784f2439debcd6b64ae6fd24b74bc88722b5e089b98eb6b384302
2025-10-09T05:58:08.150715+00:00,bf6628d812136b59d52fff0cefc812af341e6d60ed7d63271a64acdc05a77af9
2025-10-09T05:58:08.724087+00:00,146557423d00979946ae34351cab1588fbf47ee098b77ff964f6ad83046321a4
2025-10-09T05:58:09.302075+00:00,d6287996dcedd9290794e0cb4d86a2aac61f7f670f05373e784e56defd0c718f
2025-10-09T05:58:09.899251+00:00,d08ebb2dee45dfddbdce5c252da78dad65852b738c4427effdcb0394d1cc3afd
2025-10-09T05:58:11.529333+00:00,e1104ecda654230b1f2adf15cf27599e205934c7fa1cd8f40e985ddb4085bacf
2025-10-09T05:58:12.117506+00:00,7e169f02d77d62249bd3c4c725407cd9d94998653378cae9dcb8326527840a55
2025-10-09T05:58:12.906403+00:00,09d6ff9aec9711c030ed90ca5749c8d4b55fe1728a50f7bec91db2f00a1adf5e
2025-10-09T05:58:13.502044+00:00,1726e8b2372d1b742a934897060dbbe9275be2900b613afc613a9e7129a323e1
2025-10-09T05:58:14.071426+00:00,30cc1061d3fc9ae5c88754e43baf822ac95cb176f866cf58f6fe898107e3df23
2025-10-09T05:58:14.624255+00:00,f7917a5f0cf5ee702b8ed010a90da23b526fa680cadf1b4e5cad99d4e2c21cde
2025-10-09T05:58:15.192470+00:00,67da4a5d026382587ac0b6197e924d117e128735f432bdeaecebb31fc31c214e
2025-10-09T05:58:15.749081+00:00,e28c23e50cfc5a8bced31a764cd6e7d13980e03eab261011552f7add4d6bfa29
2025-10-09T05:58:16.332529+00:00,f2af0c85ae35707af6e2da4c80fa00b8c5be6a93adb86cf7ce4ec4dae0d5d86b
2025-10-09T05:58:16.898140+00:00,c150a7820edef2792fe0877a7aac0f8202961098ad2984fe3c60e253c1b48eff
2025-10-09T05:58:17.500271+00:00,562dd13125886b778884e039067b68d909296470ce38f657d4a989d9cfc06214
2025-10-09T05:58:19.328173+00:00,cddbf96bda12f54bcc530b783e7325e37d734d637530d46d67aaed20941363d4
2025-10-09T05:58:19.912853+00:00,77d3f2a1f04597583263e5847e307067ca9f8103d9e756fee41145403c38e577
2025-10-09T05:58:20.514882+00:00,08e26d3c452dd8d8122e36fb117775805db993d0f4f5b2e490e273bc5040a67e
2025-10-09T05:58:21.093730+00:00,15133aaeb3432653cc1a384b837d9001c848f7405a5f9ad2fa705946257b37f7
2025-10-09T05:58:21.661438+00:00,e65eb13c7ffab1b0046f58895e6f3204e29301b13996ad194fdcaacc5ce4ba3d
2025-10-09T05:58:22.224489+00:00,82075226ee3cdfc20611ff87ac263244517ce2862cfec9bc1fc9e75599ca6db8
2025-10-09T05:58:22.799511+00:00,691e0b295fe78821a4bea3e0ce43a6059165574ddd38cbaed852aaf7bc553ade
2025-10-09T05:58:23.371276+00:00,21482f27b21bd52ce2a8e4205306b8e7dbc9f5cbce4155e0b6ef55bff1e1d0b2
2025-10-09T05:58:23.969358+00:00,d431400dd6f3de527a5fd712e63b5838e7b7f04e1e11619243e1e0a815843c6f
2025-10-09T05:58:24.743082+00:00,e22375270432044c1bf93bc96c1b39a8a8107ae6141f6a90b6e81af7dd2a78de
2025-10-09T05:58:25.355457+00:00,17d7ced11cb1ff20fbf31a6b5e61582a779ad08586a44318868c2de93de4a2c7
2025-10-09T05:58:25.905500+00:00,af7fa5651d59ac875db98123fff8b86af27971b7693b2df02a4dd92747ffd725
2025-10-09T05:58:26.488533+00:00,607ebe8b5c6ba3e81aca5b4eb07c964a67033837335a70be65c5372486aaf162
2025-10-09T05:58:27.085576+00:00,e06fe24a33b1360a37fc634c41da3d9e0e8f0b0220547d582be9259df0aab540
2025-10-09T05:58:27.658505+00:00,b4b973fd7ce578f7b873172f93bfdfc5b2f07d0ba0eda4e853e2f51dcb6b83bf
2025-10-09T05:58:28.238752+00:00,8838b752b4955970b1dd33b52421757f02b3d17d9c67ad2fbcef301c5b8ace40
2025-10-09T05:58:28.837094+00:00,d80eaaaa8a18f48b61feae88af8dce40e282323cfc4ef9d5c4130b5c140cd582
2025-10-09T05:58:29.439757+00:00,183d89d7d6c72470652dd12cb4affcb17048123a77d2c61f05d24aee774ba326
2025-10-09T05:58:30.250034+00:00,6fbc90f63ca7efef90db73487459bd5a3480c26197e75b535a76d6a7e23f66be
2025-10-09T05:58:30.828391+00:00,671203c1e18a483e61527dc0e194170c169379ac89e4b16a46e42196af24dfdf
2025-10-09T05:58:31.427574+00:00,21b7fb30a0bb5320c836d6f5215921688dbf035241bb5d9d2b485504e8edc128
2025-10-09T05:58:32.011206+00:00,88d603be734d69b3c631dfd1737456e375ed0ee031ec8beea8e4e957c3e9d32e
2025-10-09T05:58:32.581199+00:00,f6b224cc1d864062c25c7a85018b644a556cfb856857454e87c4080541830de3
2025-10-09T05:58:33.167361+00:00,ca4dbad6b5ec6c02a63894d769a29c9396f146c95f41a945398aa0f6d010cdb7
2025-10-09T05:58:33.737245+00:00,da56ce75fa97aa85567d78e877cb55d82ad4c8c7b743006ae46b968cc0292588
2025-10-09T05:58:34.318200+00:00,081298fd08cdc46e6963adfb025bdd4e1bb51d907e365ef94270b5d8bc3bdc6b
2025-10-09T05:58:34.878054+00:00,b3097bf00047f3cf9a55545c219c54b192aa7dafed8a074a3c0e37b62dd5b66c
2025-10-09T05:58:35.635365+00:00,b7e9d7631e085a1edc014debad5bab41db80bf6e6117cac0450d091cd50cbe4e
2025-10-09T05:58:36.205647+00:00,824b4c47940fa1821a405ba778b80b46693490930933896e7e7d2e65402a935d
2025-10-09T05:58:37.801572+00:00,5718f542f41a9d89730e8d22b9fc1975494bf972d922b07b92a3e88e59dffecb
2025-10-09T05:58:38.357140+00:00,0a4b77435d5ca88194b197bf5501333d4e5ec6e8d2515a93b16c3c012cc1e87c
2025-10-09T05:58:38.925998+00:00,62926fec1dcf962a30531bef56ca33cc9ab275e7c1681073092d3abe7dc232b5
2025-10-09T05:58:39.830846+00:00,518be05b656f59cdee311e7112b154ec124e3785a55fcac0f31445f13e35a744
2025-10-09T05:58:40.421360+00:00,e8f5d3a925827877db0ac8b43b8d516fa75101c2e55a7cd9b98e523a9a1a5165
2025-10-09T05:58:41.212580+00:00,76b8c6f24abca4a456fa176d9bac2156a7ea00c6d826fd852c49b6c7b144d259
2025-10-09T05:58:41.788646+00:00,077836a7a619cf793bb3f7ea4a52824df37be2e9f870b9fa05b12aa508032d56
2025-10-09T05:58:42.362649+00:00,391be6667eb85c55fc5789e3e0525f0381a865fddb1c66b463d186e842dac991
2025-10-09T05:58:42.934387+00:00,60d3c8077e2b7ba930b70152b9111ab31cfbb385d31be63e69760a7f63241763
2025-10-09T05:58:43.528918+00:00,4cd1734fb5244b1df0e0247b6a9ffab718a2729e19821daa5466d6c0d1cd5b4e
2025-10-09T05:58:44.122037+00:00,bfa43002b216a3937ff26dee781191cdad8b65c4c6da168ea53645f64e50bf2d
2025-10-09T05:58:44.695753+00:00,a2088da19ff95b9efceb29867fbfe8022ea66c59d74a13fad8dab09964167d9b
2025-10-09T05:58:45.616311+00:00,142925b507a901b82487aa91566e16e4ed409ea8c64de00d1149649e7a9b9b70
2025-10-09T05:58:46.186140+00:00,75c56ab0c1b3b93ac3c89829d91cae4a8ab5efd92638b7cdeb13f7c2f1b7f108
2025-10-09T05:58:47.282389+00:00,56d2b970c65fd17ac39310e68f772e3d1eccd8bdb416cd02c60186d7016088d0
2025-10-09T05:58:47.875763+00:00,34a8057803ef3b696bdb0ce6e0f4da2d0c521796e4215dd6e6e7b3ab614cdddc
2025-10-09T05:58:48.431664+00:00,fb7ca4bed7823c6aa13b53fece230a7e96d21a6c6d8ad56b3ee85811e1bf8d6e
2025-10-09T05:58:49.037994+00:00,5e2b2235a2814f1c51e4540471a4ac8498396f72215486b4260a1c36fe37db22
2025-10-09T05:58:49.607550+00:00,6e0e54498f6edcd9de3dbafe7eb8b1cb14665137f6ae9abebc50e185a6e03c44
2025-10-09T05:58:50.194539+00:00,adc0a725726667ee92fc7a8f8e9371f66b4aa4334e08195e98210f36a65d4059
2025-10-09T05:58:50.785258+00:00,b53bb76c542234d47fe259efc3b4619fdf8b7a59beb974db0bd9c08bf2cd1023
2025-10-09T05:58:51.371792+00:00,22a4e7a59e4ce97c1960b9ea4f2edb88805658e8bd309e7f56d9168b7652ab9a
2025-10-09T05:58:51.947948+00:00,8c18f1b04f003423568344b4143ba510aa65ea69c0c33d6e1be338cb41575608
2025-10-09T05:58:52.714836+00:00,4631453b7e515956f87cf93e867e2d98a887d6af48a81d4466193329ae4d1e5f
2025-10-09T05:58:53.298425+00:00,12643770e94fbd4ef6dbc7b040f8b4d160d7d9be78b9fa20f25c7938bb00a56e
2025-10-09T05:58:53.875658+00:00,5c0f7ed3408173b8e4529fd122f69a1308ef207eb50ae5ebd77d3d4f820d0f56
2025-10-09T05:58:54.448663+00:00,bf57b439961ab1e053946997ce1fbc419f474aebbf9499bf4ed106fab4528773
2025-10-09T05:58:55.052570+00:00,f55cf36a7802721017641bf135878b942edabd88a6742366e2a5147c169e7337
2025-10-09T05:58:55.631235+00:00,4fc600e9dffdd135886bf2dc74b6db4a7e2f2ac63151557e37e2cac328948bbb
2025-10-09T05:58:56.194127+00:00,cb67071ab1652e73fc02b3480a4084ac8fabb1906af0f7c776b7b0ef284fb6f5
2025-10-09T05:58:56.777767+00:00,b91d764e84cd9ec84ec5b3970af0a29e7d008fb91fc6b7fa3b2f1053c3473354
2025-10-09T05:58:57.338963+00:00,f488f0eda209d6e260dfc4145fc9fb12667f534dcba40b260716a22404c19975
2025-10-09T05:58:58.133884+00:00,3601d41ce4f44bfa1e89af29c4d47d65a19262d3fb4c62a2eae4d5e32ef92367
2025-10-09T05:58:58.723831+00:00,2499b7463e019dfba4a1135fa3a38224a31bfa092f1dfa4709ed3e85fa23977c
2025-10-09T05:58:59.308800+00:00,93c9f20959f896abc6213e97490c379e2337466390a150fed46a5312bec2a855
2025-10-09T05:58:59.891869+00:00,d31821c86cc8c853227b7e176aa038360cf830aec20c98b39c4a1d3aa2621d74
2025-10-09T05:59:00.482407+00:00,5f9e186cb1cc6652705a7d073c9b4bfe456531aa33652bca8571abd3e165b061
2025-10-09T05:59:01.073933+00:00,2ef93216b67d2f7cc2c9ed7bf8fcd0ba92d1480964bbca7cde379b10c01c08d9
2025-10-09T05:59:01.655734+00:00,fe2e28960d94764c6800694020b7f77684d4b1506f15902ffdc2bcd2e03d6dbe
2025-10-09T05:59:02.257171+00:00,7d60e8f72dc0238406f5e694cf2a08028cee4843aa3e8d7cb71fe566129fe24e
2025-10-09T05:59:02.844094+00:00,32e9a72981fc0ad9da9b3952664ccd9e8416bbbfaa723d357ff5241eca8bdd24
2025-10-09T05:59:03.942249+00:00,dbf3389c0289fbc3759fff9f551073ba08dfc681129906e40ef77f26fe2645c4
2025-10-09T05:59:04.507463+00:00,34a94a0641d7951068ebcab26dcf4d885aa317bc77f283c4dcee15cddcfb1fe0
2025-10-09T05:59:05.430255+00:00,787c6f31ddde0bfe8251360cd69959213afba4a17b86f18658edbc94cd4bc608
2025-10-09T05:59:06.050818+00:00,c6ba07bec674e3ae5becc731c2bb237e751c30d851dbceccc62de1e85b4dd131
2025-10-09T05:59:06.622673+00:00,b0de47df909a2c9d3005eca1a6e76c5e1624474025f0cb41440ab4fa019da918
2025-10-09T05:59:07.507647+00:00,b138d01d69aecc133f699d8c4700d5b7fbf01321c12e33302fcf129ed534af87
2025-10-09T05:59:08.104439+00:00,86dfe24c981d1b972027b6ae3324decbd8f87bea00a55ac3b35c294c3d321387
2025-10-09T05:59:08.867479+00:00,fd2dc951695dede571b6d44d7e5e6393fff70340732b119da85dda65dddb1525
2025-10-09T05:59:09.468072+00:00,be02a7824703f0fb907dfec3199d23ca2c5fc9183000d9ef0c275f4806d66271
2025-10-09T05:59:10.051785+00:00,6152422195f7d8d1c73af7c00d955a09ad8c41b670d0d992afd3e0743a5c3c68
2025-10-09T05:59:10.636313+00:00,8ce7abaef12706cac9fed058733ac421470d38f75b743c09356bd5c6a1f09edd
2025-10-09T05:59:11.234631+00:00,16ee5d057f1ee599f35bbdffffecf5e4ab45a5dc03af183fddf752f950ecfd19
2025-10-09T05:59:11.832401+00:00,27b0fcfa80e3c5ed9c2eff04d24932984fbb97e0fd30fbe8544716b766599592
2025-10-09T05:59:12.423983+00:00,d35e802b89a170706c62434245aea4c32b300bbfef918e455a699d54e24d4fdd
2025-10-09T05:59:13.018875+00:00,418d728ede03f0c4be5d7875d52e017ca629c2b8234229fee936ed8186f2764c
2025-10-09T05:59:13.611511+00:00,8e02d010e65e99062d4cd1ab884d3de8baa243b4d33b5851c166a971d119365d
2025-10-09T05:59:14.404166+00:00,cd71da98952782c3272389e0ff5e9d0c741c2524cf1a425010efa4972db5a50c
2025-10-09T05:59:14.987096+00:00,5d382760f5c0fcedae9ba8cabf237aa73c4ef60c3ee0e23e7ba63ca6d4df4887
2025-10-09T05:59:15.553885+00:00,306a1dc2d827389f76deae279a761d1b5098f1c54b94e143b3f0e2dc597c7020
2025-10-09T05:59:16.110031+00:00,08bdac169e651c59d3f021353557ad55aed383742c95ecda758f5845a00fc1b8
2025-10-09T05:59:16.680931+00:00,c564d5d38d361419b813ff35fc6f6bd003563a3a19a362f56375891c6928c236
2025-10-09T05:59:17.242485+00:00,2f56961196a0be8345171b958ef3f2677871ff6b5c3adfe51a5c5490e33df4e8
2025-10-09T05:59:17.856224+00:00,50f062f5201d7c779ded8abfef64cf0e151dade63b2bf832effbd5ad2036bfb0
2025-10-09T05:59:18.463258+00:00,ae03539683b902eb46774d7e7c68c2ec7aaec8f16d28ea43a9ebafc36579ddba
2025-10-09T05:59:19.061533+00:00,a11adcb1ff1de8f262ce87ca00705756ec24b66a4c7b3e42df1e333f837d2a58
2025-10-09T05:59:19.834843+00:00,74abdf5ab8cccbadcc551c5b9558802994001679a08f32f53609f49f5892cc00
2025-10-09T05:59:20.442578+00:00,064f3a9855d741dcc99615e10c54f34128d90aec8117c56c8eb82f272a6a2c85
2025-10-09T05:59:21.029129+00:00,ad3e486d28762300be41a53200bb32b5440d7a959f44cd574e604daca05dc785
2025-10-09T05:59:21.620981+00:00,19e7ce959394fa2b4da71c2a4d858463501854f5c8d36820d83f69562c5e4473
2025-10-09T05:59:22.199939+00:00,aca8e5a18e0e8ddaba18aa2b477db8b56e5254a93f92e887585b6f9b67175d9c
2025-10-09T05:59:22.767577+00:00,7088afe47ee8fd79e0901c544895f0f30585de6c59eb0d2f9791ec50d685aa49
2025-10-09T05:59:23.366521+00:00,4ecacca729bce7f093f64d461d75cd88df64e660bab062aa6661ab6aabc79e23
2025-10-09T05:59:23.972011+00:00,b3666b1995c6300c1550200fbcbe8c728e181948cf414536aad7a1a25ca7d3f4
2025-10-09T05:59:24.533894+00:00,ca7a57e35620079de0b38d0660d88ed51d2616403c5eb2e9c15588866a946a06
2025-10-09T05:59:25.663158+00:00,5f7d53853c3bfa0913f99c47ba2aebd590d76491eeada6729ddc026c48bb00d8
2025-10-09T05:59:26.256520+00:00,9afef6593fa04a0f4afb0710e07214ace1a5da42dd143925154b8a9510a9884b
2025-10-09T05:59:26.828181+00:00,d4619ef34cb576881b2a6c0c8dbb392150d7214eaf991a663339ed9597ced866
2025-10-09T05:59:27.403214+00:00,af78cbba9ff7dc64f59bb19bec8723ced94a21322e0375cf18f0d1d662e82274
2025-10-09T05:59:27.999832+00:00,97d0488ff6209efe294abc1ff73a70511360b0713d18cbf18b8b2ac1c99f05a5
2025-10-09T05:59:28.593306+00:00,38a39fb03086f09bce17fab262d44775f345c153c2a5d25f61f3812fd467875b
2025-10-09T05:59:29.188402+00:00,4378b0b1e5a586b28c4682ce0cb13e52df5bf5b6ec368424bec7d9d781977cf8
2025-10-09T05:59:29.771476+00:00,d7a9f1650b1ebb1a377c2d5b70c13e53d78b6fd5afd0b0a9ba897c7f1ea8bc7f
2025-10-09T05:59:30.560376+00:00,529c745aa1aa24430923c08e5249d189e95bd87754049031f42ad645cb07cd82
2025-10-09T05:59:31.167620+00:00,4e2b580d16245d4bc411ea975da0c751ac3139d88c4676b5accc1d7a15256157
2025-10-09T05:59:31.741916+00:00,a086ae0469f1c1fa35182dd9116458c79d4873a7af865a01777690303439bc94
2025-10-09T05:59:32.329203+00:00,66e892e3097b9949d358011492a3f750fcdae72ffef12b2f95709d6b2427e832
2025-10-09T05:59:32.906826+00:00,a2b4cf475f2c22246bf2adc42ab352b0a73d0da5855a96ee1e3a0732af615c03
2025-10-09T05:59:34.490688+00:00,d0980cdec21701b2ddf15140c87e4d1cf7e426028372d8e63134dcd21117c8ea
2025-10-09T05:59:35.068286+00:00,48e17c3f1cd9a0cdd2c5cde845d05eaaf79db170d9d5ed052b7438d464f80d23
2025-10-09T05:59:35.870292+00:00,a8927b975e27615c89274ac6d90c4bb989552a6c9424c9048d1d2ade4693dafe
2025-10-09T05:59:36.454766+00:00,e3d7affece7939433fc2d3296061bbd966944c11b9235bf9deccf51bcd2ac0dd
2025-10-09T05:59:37.358112+00:00,9a6d5d31cb5b20770500aa4363e66a97f9515b7ec9fa94c08ce1a40a39abdcdd
2025-10-09T05:59:37.925629+00:00,55810e006b46786185d34b3ff4efc9e605e076c30d6a8438db69ff3a37dbe8cc
2025-10-09T05:59:38.527958+00:00,816d613c5d0b912c9733f8f4cefac90199efe0487307a1d927c474cd71a124d6
2025-10-09T05:59:39.081697+00:00,17c0adc443dd1e27f3cccbc46bf305eb1e2774a87b7f76f1a492daf8fc38d4b0
2025-10-09T05:59:39.670896+00:00,f7b6fdf93a3548d9c7a811570502ad5ba91d5b0cffd69ebbc6c4c5af314e3036
2025-10-09T05:59:40.252733+00:00,731caf4a1cc466fab5d1fc6eb7490dc50a550d1760a731b1d23412ce8418d782
2025-10-09T05:59:40.832953+00:00,a5fb6e6cabcabd7a66b56acbde2663f8f9243313640ee5cc6584a24488790c64
2025-10-09T05:59:42.680442+00:00,5e057b00b690ebdb6d32e82a1d005934a074d6c153d57c18067bccfd591700cb
2025-10-09T05:59:43.280573+00:00,8891b755f918f9e3e16e93f6291dbef64cfaf5ea6e433afe0013c1d4d2f04deb
2025-10-09T05:59:43.882281+00:00,c0f2a0ffc5a275da71cb0bb78728c980ba0afe44fdeeb38eea79c7daefdc175f
2025-10-09T05:59:44.770546+00:00,f8262f357df37f9b71c7e65bb08b5523f8db77b45d37afb461af3a45736a8cb4
2025-10-09T05:59:45.363922+00:00,5dc6c0f3469508c968b2ebb371669b19015f10809bff7a4c4d8145e2f731870f
2025-10-09T05:59:46.306972+00:00,16490fd562a0b3b3954bc52106a75cc8d31cac5656f33ea36c606de8a928cf27
2025-10-09T05:59:47.097928+00:00,ee6d450ec5609e2e593c4e492142594a628518a2611a79d696c68a15c89cff7b
2025-10-09T05:59:48.750359+00:00,97cea16fca523255396e7204f4eeaeac70a08687feafb770c8199dd876bf17ef
2025-10-09T05:59:49.351498+00:00,d5f99ebd55743f86abeb03d85c6c06432e2efe92dfb1f50bc8541cddcb84c006
2025-10-09T05:59:50.247357+00:00,5f11981c5c753854e6d55f8920fbf580be06c0218cc2ebfbc347a398ba6f6033
2025-10-09T05:59:50.855415+00:00,1a7a7fe1959148a933dcf9382031676c32f7fc8f1241f1751e06f1202b3c083f
2025-10-09T05:59:51.455824+00:00,f1908743ccf12c158979511bebe3c1b83cac58e403e9bbafcb5d8aad30fd551c
2025-10-09T05:59:52.012996+00:00,46d350951f65e33f5d7aa816293dcb7041ac09c5e5dd5aebe355a028d8de7ce2
2025-10-09T05:59:52.794898+00:00,265eaed8a96e59f82b198dc65e4f4bbcedfb85e33030b71fb9d181ea06970407
2025-10-09T05:59:53.391977+00:00,9a883fd81aa9a01a4834ceeb82cee905b3fb1cdd8e0696040a15d7a8e94e838a
2025-10-09T05:59:53.988739+00:00,3ae14501b15166a9f2bc325396d3443d1f6f1faec32ca9c5f46313281734625c
2025-10-09T05:59:54.551311+00:00,1a8412c4a4ecd0329aafdca7107f5562e1f74ae6a2903a41e094558f5086f6c5
2025-10-09T05:59:55.144434+00:00,dd335ffa73bb742382db7d1bb87bdb24216f66081acf037b70890912bcb1d796
2025-10-09T05:59:55.695341+00:00,998770b466fbb25bc9b11414f3c9cf46fe41b4a004cbb6933ca6089553280d58
2025-10-09T05:59:57.300040+00:00,2bc544fc0ef9a3e0c7cb39102e9bc762fd3a018dc46beaf1d59824731d956e8a
2025-10-09T05:59:58.091285+00:00,20c470b4606eb76a8cc3bf854de4b12aaff3d7575b4e7a6fb71576c24e6e8c83
2025-10-09T05:59:58.659148+00:00,dd7e2b83b44621622baee1e9ff49ddecaff2bc577efe6ec1612a68175420f617
2025-10-09T05:59:59.563452+00:00,334f21b0ddbc14d5f564a6542f0c562be0122fafe78109728bafd22c2a266c95
2025-10-09T06:00:01.218819+00:00,ff07ae3c5decfd91a0b095579f849f3ada4e8200fbb4df069a8280d9dcaad9f8
2025-10-09T06:00:01.830149+00:00,f64116835ffa9449306e548329761fab438825e55cf8b64bb7f2065b756c8826
2025-10-09T06:00:02.425909+00:00,d5057c152fe1fc7cbc5af9d5256fb074f05608c60619596b1f04be759c24b747
2025-10-09T06:00:03.000272+00:00,55ccecdee2a7af45f65385caf5c2fc7add6ea86e18085db77997540bebb64335
2025-10-09T06:00:03.779792+00:00,6c8913443583fa339314cb4bba6d40f7d1c380ec37b1bb660b22569c99094220
2025-10-09T06:00:04.357954+00:00,9c2f1b44f66dc7d52f84acba54a23434630b863b83f3d8b4a0113cc4c3828fd4
2025-10-09T06:00:04.939039+00:00,482001398317120517e8bbaa1f8184be4cd0ce117659e6f8bb71e285ec656abf
2025-10-09T06:00:05.561528+00:00,607901498c9ff4f3a4cc1831f20c7543e9f1ccb6976cb67fff36ffd1b0022abd
2025-10-09T06:00:06.170231+00:00,8cfd558e6b47fa6205bab4afec13ac848cbd5eb75cae0ef4c3f1e94c1c2da0ba
2025-10-09T06:00:06.738204+00:00,e4c836beeb435a673786b652681fd219820cd3989353a47c5b1742982cf3889e
2025-10-09T06:00:07.293814+00:00,ca6b784012d9551acf37d91642e1d1b551f6d11f80fa5efe7b6a1caad97c0c87
2025-10-09T06:00:07.879688+00:00,38263e70a838330bc74bd5a3696942421e76e9f7e62f2183f951a724f367a13b
2025-10-09T06:00:08.462019+00:00,3b9bf7bb2f75ff757d21cb289bab7fecb677e259e94d9b1cd1ab9f1c9f7ed7ab
2025-10-09T06:00:09.239790+00:00,9167c6fadb98c3551805adce63624177396fab84285ec49c19ffc31e1c35c5b0
2025-10-09T06:00:09.816503+00:00,4758b7c4da7e8082971ec8a56e3d8663c756892b307188878c62b82c6d829fb9
2025-10-09T06:00:10.377465+00:00,ea8fe9f02edb5fb02a22167f05f74ce86d210b20a4ecae72f82092be97b000ba
2025-10-09T06:00:10.955832+00:00,b13c9d4d5fd16aec8d550e181f6744fa0e0db8d0f16dc404ec4cdd7bdb4022fb
2025-10-09T06:00:11.520414+00:00,8cb30cf80f4ca8805f6ae8900dd21594525be8dd661527a77b95c0e521caad6f
2025-10-09T06:00:12.114540+00:00,6fec33e9c13afd0a459ebf7b09d277662c10996400ae2ce11942eb1cdad8e2aa
2025-10-09T06:00:12.718120+00:00,64a6abf429c76b1efd6218a4330aeb255f4c72c700b80cac0c87b4e583f018d2
2025-10-09T06:00:13.328712+00:00,e15f43de7df06e89fd433a612e562dcb9608379ece19675ca87b8bbd7949b686
2025-10-09T06:00:13.893731+00:00,6bd3edd972cf7ae2e2d9ee32b7d98e981eaa4aac5b4266276808f3ff066df4fc
2025-10-09T06:00:14.669308+00:00,592fbdc4e6d0ecf24a66e3d3273bdd43f95e149ca7b23c1af91c0912a89878a1
2025-10-09T06:00:15.245787+00:00,7a885beac1281f337814485963b20b82cba17b692483b0761ef17ef128822765
2025-10-09T06:00:15.839088+00:00,3e981147def0fab7ae30b1bfa9ac7987050bed554d19fea05e4afc9ba6dbcbff
2025-10-09T06:00:16.410470+00:00,fb18664ad1605e81f2922e492f67c1eb98c78bdbb260b81c761f2d89cec0e523
2025-10-09T06:00:16.965378+00:00,13baf40d99e984d451bb196fe873df97f011ab1088c1b11f698a7b5999c0ad71
2025-10-09T06:00:17.529996+00:00,6c33873f6a1a39cc693fdb794ef2617b4fe48a3c394ece2c0bd34d3a0a9e7723
2025-10-09T06:00:18.118956+00:00,9a7d763b8ff2f3bffcfbe25fbb843d6afa6f6f0b2914329ea69d7469458b033a
2025-10-09T06:00:18.696074+00:00,4013d3c95b15ba7f48094f3f41576ea0334c36e090c9da99c26dbdbe61c36b4d
2025-10-09T06:00:19.290215+00:00,3a9b321959a02fa9e7d0be5f6b5138504c0737ea8f8b8d7c7accfa1ff52b482c
2025-10-09T06:00:20.100504+00:00,e5c089d8aa16cd3698d807cf6aa85e2638d2d4f29e71850f074cc1a58e39c486
2025-10-09T06:00:20.698837+00:00,9b4e1509d124a390c9faca3098ba6ae2ccdabcb8aba2177dce25fe12c5fe08c5
2025-10-09T06:00:21.292030+00:00,6a1ef3984ae91d19158cdbad2f222e61e69b91e29f13ea60e3f882f74b4bcca3
2025-10-09T06:00:21.849851+00:00,c80c61a978531e403c11b67cb69588d5dde4a7e29bf34a74c7f28b4720bbf24f
2025-10-09T06:00:22.417072+00:00,f91cf5000fb505443e459b14fd1e5002c1a9ed81c65713869014cf64a361a1d4
2025-10-09T06:00:22.989465+00:00,96ec85ced8680249078a62a083544b46faa334266694bcc25a1b291ebb2c0d19
2025-10-09T06:00:23.580590+00:00,54e22c461202a51908462a192108eb937d0e58e45659e8a7a804cdc3b3cade7a
2025-10-09T06:00:24.180334+00:00,1d86927032ea25f66ce1b6ea370cfad6fce2ae45c4787fed411c84b1de865d52
2025-10-09T06:00:24.755367+00:00,1b929c783b40dfe48dd9d23d339f2c5a7bec2b61f59e05d538ade40310ae4d31
2025-10-09T06:00:25.603589+00:00,a7484f69226b22c8a22b0134c8035b96fae7e56868f5abcae0e0ad2d8c9a4154
2025-10-09T06:00:26.178340+00:00,434dd11d742eb6df603ca29daef6ea37118d48b06338e302419ec843469e72bf
2025-10-09T06:00:26.732744+00:00,bceff63d036eef7d855f00f608cd27d9bcc422bc12e04020820ce591ebc97264
2025-10-09T06:00:27.333926+00:00,94f3440c79cf24f544159787ea0bb730c61d72c2872e4d58ac825a4bdbd9f4de
2025-10-09T06:00:27.936945+00:00,7a4a6efef823997ab3558357ea2ebf313a4d0ed9bcad1a53d8c60e1e3e5459b6
2025-10-09T06:00:28.525599+00:00,e7ad9e4f45dcfce30ce263b497d87bab95c11f6bcd08e67d086f578f00d1feb8
2025-10-09T06:00:29.106806+00:00,0d547433cedf52fc7c88994542ed9d8b387f70f8d316fd798a714bc7b7432492
2025-10-09T06:00:29.703133+00:00,ebf5922a260c579cbb08f1ac6d22807384ba8a4f857193d2a751f8c3b8a6f3be
2025-10-09T06:00:30.291423+00:00,6c4de4965f36583f0da8104bcd74d96ecb3735646c0423eb97011ad8e93e83fb
2025-10-09T06:00:31.080098+00:00,8c769ea4aa67c8c483ef9a3db1592ac6a15bcdd6a69a58fa0007a45a66bd8e79
2025-10-09T06:00:31.695401+00:00,07db1f6bedc5a9388e8f6cc8042160a88b2f0fac63a3851bca48ff2d1329abb8
2025-10-09T06:00:32.268976+00:00,8478c78b45377210676ddf8b3716ff9f313c33a1d600f3be4f1dbac1aa86408c
2025-10-09T06:00:32.824955+00:00,310798a7c3131d38408e817d97b68945d8b2153137a0ac6e6adde4b54944943a
2025-10-09T06:00:33.402683+00:00,c0b644e0ece10689956484ccb6b7c5411f3498ae65f3e9616ac6e0ad72565395
2025-10-09T06:00:33.991739+00:00,41819d8fce5b2a578a209f2f470332190fe256430e9d3cfabf3ec73a255c6808
2025-10-09T06:00:34.553851+00:00,23614fa1c4c0ca3beeebb0d9ba41ead9814109f4ee94a7ea00b78be615f91f16
2025-10-09T06:00:35.491511+00:00,bef125ee10caa5797b89adcb75d659ec65dc7a1ee4ab43c7a6bc093fdca3b1a4
2025-10-09T06:00:36.110056+00:00,8967269698ddfbe3d79a8ec7ea699f25f67f61eda461239e64e5a0fb3f87cfec
2025-10-09T06:00:36.902083+00:00,0ac8142ca32a28b0832f3af6f543508a7981286cbe0da3dd2e8a9e8e713ac66f
2025-10-09T06:00:37.465642+00:00,53f28f8982a5ddb2b50436cf450d40c6e92cb27e7aa45dd74dc064d747962aa4
2025-10-09T06:00:39.059090+00:00,ad339300b8835d715fa3576e638bf1be242dac7260abbccbed321b413aae5bf8
2025-10-09T06:00:39.629414+00:00,1c68fe29b33e898ebae7ee7ed2be86629f96c621b4a7dc3524e4605a94afc17b
2025-10-09T06:00:40.240713+00:00,e478de4e93e9335db377c63ec2f7c662b95d7db02a59bfccdcaf82e259e6476a
2025-10-09T06:00:40.825968+00:00,71a5285a3dda59342131c5e995fde54a08267833fb395a4d883b194e471ea083
2025-10-09T06:00:41.431483+00:00,ecd405bde6a6f2464101e26b7c733c3e10e4d75407372937720fc086f12e6c5d
2025-10-09T06:00:43.266514+00:00,05e0c39309dc82886762a7ecffd32f6bba631c5ef23d763856e063e6688418a2
2025-10-09T06:00:43.852942+00:00,ceefd9c7504fc35eb3de4de267a1166062ea4f8b8545473a611ab0cccf6d6c1d
2025-10-09T06:00:44.454819+00:00,855cd64d36db51752da830b0ec727334ec90d5929fce1920aa1a68c25e047b30
2025-10-09T06:00:45.032267+00:00,cc4e70019688afaa5b8b2e04706d582d0958440a11c21990589faec020f5232a
2025-10-09T06:00:45.611219+00:00,cdaa9a1285487a4fb286410a02a6b56e9883be4c5e401233701973703f0a3fbf
2025-10-09T06:00:46.196856+00:00,d74b457881d95c79d598ae5803fb8ef505f8d07e266d22f47cb9d93f411686c8
2025-10-09T06:00:46.772739+00:00,2c40144d83a3a6e920ecb50e52dd11961f6a17b86863ed3cb67fc97f223dda21
2025-10-09T06:00:47.369883+00:00,ea11989205c6dd9575398658daca384d1f701851db4399c666cb24636d6fc486
2025-10-09T06:00:47.966573+00:00,bdd9db2e4bd3859505acb0f12c76c74dcc7c031eb7052cfa82499a7db1297f5d
2025-10-09T06:00:48.765629+00:00,ce1bc69382eff320aae53de78c3c750c8fc2e1ac861001b5194aa90d37a65382
2025-10-09T06:00:49.363465+00:00,518522e3d3bd3d5d83a2ff77798051e13c169af9cc8ee86fe0ae3a3383be3dbf
2025-10-09T06:00:49.931881+00:00,cfcd47e46fcf8a4549c285706c84c98475865bb08f5db5fb4288eca8f16704ac
2025-10-09T06:00:50.834005+00:00,e7cbdb6c57472c6f3a5185a3deeedf027e1bf05511a4bcfb28a4152398c81d6c
2025-10-09T06:00:51.421943+00:00,c7105b4ed7c99411f57276e7766f563904957ab8b797d3a0255e513c3a421de2
2025-10-09T06:00:52.012510+00:00,9c514aac4c32f4e268a48ef0448f644dda61156120a31e44bf715c597cf718b7
2025-10-09T06:00:52.595525+00:00,bf120cf6581f26b7b86a9c34d0fe024a97c087178fd94e74bbf11c8d84e485bb
2025-10-09T06:00:54.198983+00:00,47b1753732b4e2341cdf797806cd0368633458ae0bf28736a4f4d719a2873718
2025-10-09T06:00:55.003691+00:00,0ee8f8153ae817702f59726699d865ac3899ed8db155fed96a5d69789c38e137
2025-10-09T06:00:55.570738+00:00,f51d03c347ba154b4f903c0ec51a28872dc5f8f5a4b3e4dba2341ce9f11a7a72
2025-10-09T06:00:56.160850+00:00,fe619bf435ccca744ac6cd6b4d4bde59ef03ce4f4073ac4db5efe784d8e2cbb9
2025-10-09T06:00:56.717896+00:00,3855ac27c9a26808ae986f94b4f48d87beec7aedca306d2692aad07fcb94ce03
2025-10-09T06:00:57.674706+00:00,cdd3c0bf4bb4798f4881dcb7665600e8b07ac9811fc08ab6c5a1e0417db574b6
2025-10-09T06:00:58.272678+00:00,f3e8d7a337c4a1688551277ab4c5529e4100a118383c243e312bc428850ad826
2025-10-09T06:00:58.867679+00:00,47ceb7606e9e79d791d8920766a995bbfbfc3e476c5d7538af83636a43933c35
2025-10-09T06:01:00.504024+00:00,e0aaffa0a5f87a526e055b0f14886ed996046649dc08e103274136b577bd4c20
2025-10-09T06:01:01.326959+00:00,35335f103f22743410adb4818efc6932ab5757d6907bc5c4e8e7b9f66c02112a
2025-10-09T06:01:01.920900+00:00,ff9130a50b40cc12227b4a3fa17b652deb6fb37b3fbe32fbc38c3532e851541d
2025-10-09T06:01:02.521468+00:00,35f60f9161384dd5fb9456be5f8edb88d9c8cd40d169b3f294e4cb9a51d74af8
2025-10-09T06:01:03.099883+00:00,9751fe62571ce09f1d8e119b0f5c2c27e21754140dcafa3cf5ae70496045cbe2
2025-10-09T06:01:03.671009+00:00,b95b37ebe8fb1c0bf274a9263fe86411e390e7403dcdbb23fd7fbb7672c1a145
2025-10-09T06:01:04.254758+00:00,5ee0f70968d2b815d6f9c68335a252e9b42d703b0c764e0a5660bcafe430658e
2025-10-09T06:01:04.826738+00:00,447a4ac9a92182e782cd7feec58cc641ddfb2106bde26335f1f4af8f401cf1d6
2025-10-09T06:01:05.406143+00:00,aa7a4ce580adb16dcd74ef589f5597db4cf02f45e40004ebfe60405b2e91da64
2025-10-09T06:01:06.003054+00:00,c2512bbd917d2cd29d79a62016c7c75bed3a2e6ed13daeeaa0a9e758e6565905
2025-10-09T06:01:06.789147+00:00,014055a1f32dfe7372fd3bab0384bef9fc04e5fddd993889eb01e44cbea7396a
2025-10-09T06:01:07.392923+00:00,65c3ce86cae52fb79ebb1cce6827c2b70fa28a44dde8ad480e904bf99f463d83
2025-10-09T06:01:07.972936+00:00,cbf0dbbf29822abaa8ce70e0afb5797ce0c496e23e18c3f84667061ae8ec7fdb
2025-10-09T06:01:08.545257+00:00,1c158af38341b3376d142b6887460b9eb1e63a5f6f09caa2865dc45b3d9f67ec
2025-10-09T06:01:09.123647+00:00,6f67ef69ded3d3a6ea2318f36148c23fd8522d0243ed44f579f8c3c4b208634a
2025-10-09T06:01:09.716390+00:00,009786487a3e628c18c950e178e29adad501af1621af3f818f090557a168439c
2025-10-09T06:01:10.296189+00:00,69136c9d85153ce2ece47ea2627ecee3613e38fec9c5d8b2303bb35ca5338841
2025-10-09T06:01:10.901751+00:00,931ee8f619089eb4723e99fc94911aaef8b2facafa51acf039bbddfae90dd045
2025-10-09T06:01:11.498943+00:00,c6ca12ad807c4100110acc55851f0db130e4f645b9301140bc1070c285dc6d72
2025-10-09T06:01:12.291963+00:00,84460ed0d3a5ac7b523a95d5b871ed29a8b26f6e97a6bcc854d5dfcb13569a9a
2025-10-09T06:01:12.869968+00:00,132d0e043b510290a1065a81135d4c3877967d0039fcfae9f58675497152423e
2025-10-09T06:01:13.456902+00:00,63b6e787e4fe3b77fa820e868664a74463d44b16288a2159e52e6801a2703593
2025-10-09T06:01:14.033920+00:00,2daed5fa7a4159313586c93d629f1a24643a5f8be7ab794d2cbf65d2d108a80d
2025-10-09T06:01:14.595810+00:00,35ea13f00d78d0557423d4a00eeea7e90896d67e5a46b4117bbf0046098e0f84
2025-10-09T06:01:15.178111+00:00,bde2ebbe68df47f5f28164298d4c971d4b3c5b56bd285a2e73f92c0d893630f8
2025-10-09T06:01:16.055644+00:00,9ecbc5afba5a0b81148d5608c417e17c22e79a319df5d94609e1b4358785d555
2025-10-09T06:01:16.660831+00:00,090374fa5c1dc311c82a714e7f54eba6b3af7315b7ab9fdbba6d2a1bdb27fd33
2025-10-09T06:01:17.256879+00:00,03419edbdb783e1b4a4f3f3aac50684a087368bc8406fa2570bc4084e8470ca6
2025-10-09T06:01:18.049263+00:00,912716363c5e484d320830cbe416359fc901a84a199fe8bbe8c072c25c589ad0
2025-10-09T06:01:18.641059+00:00,e95a9c94b779e6873b81d780b24776b16a2ae37e333fab35069efec622e72133
2025-10-09T06:01:19.240975+00:00,c149e009bfbf4be66c875fc706ab8077c17019383dc048df8a501ad818030632
2025-10-09T06:01:19.838577+00:00,4e280f2b066f67580e75e581fd284b5344c6a78a82b2a151a07e0ac78af148e3
2025-10-09T06:01:20.427523+00:00,ee30282825f0784584568b2d2c62a726c54a31bdd42bba9da3e9425c6bd9f9f6
2025-10-09T06:01:20.993393+00:00,21230ba378aa8f6aa15f4cf3315b430cd6a44be11b0cc341011dacb536e20919
2025-10-09T06:01:21.578783+00:00,5862eb53c7e8ca7be2c4ad59c61a14c3b2e8ece018c76502c36994e83b34ef49
2025-10-09T06:01:22.144994+00:00,40b6c86022a4895c56bde0daaea1720495cbf7783b7b228eac7937a0f67341d7
2025-10-09T06:01:22.751917+00:00,fab88cf031a391aea308f4d68579d0952d0ed15cd82b7da6e9c635e6707b8e7c
2025-10-09T06:01:23.554611+00:00,ec6d03bdfc901b777616134f365812f77d10ac8a5588dd701ea4d29076c8870b
2025-10-09T06:01:25.179582+00:00,d525ffe30058b56a206316f503eb3fd160ffb8078adc765c69808826d3693488
2025-10-09T06:01:26.105668+00:00,edd2370e4ef946b26fcf9c0f3843259b9449693fc537cbacfe79bc038369c7b1
2025-10-09T06:01:26.699833+00:00,a6347bfc5d3c6d7131d048e47d4d36ad6087ed59dabb1654cb90483d9a4394a8
2025-10-09T06:01:27.291386+00:00,4ae066c05b4dd88f22c04eb40f757f26b0eec7fee673f45950f18ed7e41c4f71
2025-10-09T06:01:27.881828+00:00,e734ce4b76eff82c0303b466363b484316f577526ba95e9dc6a1500ed36408b4
2025-10-09T06:01:28.477634+00:00,eb4a59e12b5be28f0e1661029ae88e588c9ec2961b1255efba9c6279d899223a
2025-10-09T06:01:29.315120+00:00,8c484b320c5aab880d897b7a091506d0eecd2b5d6110ee8588ae9609cbd26e03
2025-10-09T06:01:29.926594+00:00,cb1e9c0e4d68ec376ebb32fc6fdbb053c36d9231abe633d8f08119f862585d84
2025-10-09T06:01:30.536177+00:00,a0d7f64bbf957d89c0ca31346bfdca14b9f58ca3f0bff0979b0a6bbcd2fb26ab
2025-10-09T06:01:31.127085+00:00,dc6b8f754ccd06c7afce36104dbddde081078a1eb53fd84520be29e186b4ab70
2025-10-09T06:01:31.704574+00:00,12d0f841768c104adaed81092bd3851ab1bca23b6ffa06ce45e673df469363d4
2025-10-09T06:01:32.294497+00:00,511523915dbb5aa67d7ec91f38fe157d1ca1b9dfab4077828a4f6584816e45c4
2025-10-09T06:01:32.885348+00:00,b3f99e30b542803e61a5f6f8a95d88ded5354c16639b5ef9349fb3a395922cd2
2025-10-09T06:01:33.481260+00:00,1ca2ee0ca343fa1adc1da8321f434df59f98158dfb052cc23396f9aeb011eb72
2025-10-09T06:01:34.080965+00:00,aeef7a2ff411c0a8448f485ddb394c162535a40a46646ed28236b13e1bb1d538
2025-10-09T06:01:34.859940+00:00,5afac0fac7ae83ed669bac75597805a1a155d1409eec0b41b40ae35c5e960ea6
2025-10-09T06:01:35.445923+00:00,31c5487364ae9d494366807368b113e81be3f59e55a88fdc1e6eed8945e02b75
2025-10-09T06:01:36.033991+00:00,1b464245e0f61d8e605b94ffcdb79f12ad4c804bae91f46cce58c3ce5805d705
2025-10-09T06:01:36.618572+00:00,169e3e6fc2494da1aa0367d8bf4e2cb844089810b7f2a8bf829cbdded02d3350
2025-10-09T06:01:37.217326+00:00,f214d7d185b558fed37692474484a5093545a18149651e9f47ac1348945d353d
2025-10-09T06:01:37.802178+00:00,81fbf38869ed3c15375a1ef5a58dd066206d80c0f2d27843d56ac6babc992f87
2025-10-09T06:01:38.401278+00:00,c2a79288f0ec3acca3a4fad5cf62e70f0bca179cce89bab6e480402d1932a0cf
2025-10-09T06:01:39.015489+00:00,bb862a8cfee06bbf8e5dae3315204f8b26327c53450d3bd7bb3b9ee351d9c49a
2025-10-09T06:01:39.614448+00:00,ada99b9722cb1b1909fe3347c010959cf8935d9f4b2688da4a03deebed83f015
2025-10-09T06:01:40.389742+00:00,df821df890a51f9c302ea146ee3c5b5bf3a97b0a99053f93c76466f2ead3911a
2025-10-09T06:01:40.965987+00:00,db629d34892bee556c4d31072f727a0eb79ab95869640df0017c9d3619619af5
2025-10-09T06:01:41.531833+00:00,e72eb95a2d883eb0c193f57af392576f3716f15bcd394578244d05a7d530ccfa
2025-10-09T06:01:42.131259+00:00,58bb2f9346747f84e6f747d9de66577f34c5ac64f2e7070122af576f68929e7c
2025-10-09T06:01:42.714609+00:00,56b57bf1dc430a3ded527f97dc4ecc3d5dec726f1769871fd3024b8c560c4147
2025-10-09T06:01:43.298518+00:00,4fd3914014457a88cb1d02acbe0cb66b7999f992459f631901be7510810da309
2025-10-09T06:01:43.902259+00:00,93d7742d596f245640861e8c0611450bf622118e1eb13c0d5e54805170b5b4b5
2025-10-09T06:01:44.492839+00:00,135b1c99ee3fa6c80ddebd02c77c12896c94a2b253f30e248194650a4e70b4de
2025-10-09T06:01:45.084142+00:00,c5d025478ed1aa9be11cfcdfd251f3bdd753be4893fb4c2aeef8f2472d5f4303
2025-10-09T06:01:46.887560+00:00,86e842e238f21b27cdaeb30b6a7039c72996a6d56be029d43a603367ed3cdf65
2025-10-09T06:01:47.469779+00:00,7f87f4b51590f9b627bbccb786a884e61c150961859f25a663bf6383a5876a64
2025-10-09T06:01:48.057615+00:00,cfd18f94dc2ee4b7b321e6c032d6dac0f80a0754beee581f3e76bc8c15873563
2025-10-09T06:01:48.642139+00:00,62f472f97c6a258faf6ff88ef8f3b53c88e8317b0d01dba6ca78671879b4166b
2025-10-09T06:01:49.229182+00:00,52e1e1f8aa4259ccbc77bc059dbbb38559d8c7b6bc4fc1b656bb142bd9da817e
2025-10-09T06:01:49.830506+00:00,c1e921458c71d30ec0ac4510354f276073750d14397418fe94aece64d716cb87
2025-10-09T06:01:50.420620+00:00,bca850e1185b6b2073a38d239a58e41f353d691dd522daa567e699019162d844
2025-10-09T06:01:51.216102+00:00,fb5d44e6a5a06c952ab032c7b7344578c12944a3d01930d559f63397ac33a12d
2025-10-09T06:01:52.126336+00:00,6b9537e4aa64f37c81788c4d5f5e7641c1fbe05dd9f24df2b2dd32de426f764c
2025-10-09T06:01:52.702448+00:00,e13631a80791c09a44127ba41836bd77bc96c9993d148453948e579f49966307
2025-10-09T06:01:53.286326+00:00,8755088dd99fc5740a0db4b9605a86b7fd71793add1165aa1c216ae1e0db8da2
2025-10-09T06:01:53.859465+00:00,a8721bd2f19bcda76a90f14d48eff3968b610fce7a3cdf539771bb0d26b3b4c1
2025-10-09T06:01:54.444775+00:00,a3a06f17ec3ee02df5c58230c6ae4d9abf5341595851a7356b1dadfce41a71a1
2025-10-09T06:01:55.033861+00:00,9aa73fbe93acff72b54bac9f4c21b52595c763d5d16723cf637fbaad059e41ac
2025-10-09T06:01:55.594789+00:00,5eec36b6d559b5d4600a903f4f6d181fb2a3304f79d1873822423e4d64aed150
2025-10-09T06:01:56.205803+00:00,f40acce50127a10d96aea743a753a2e8b6e17fa4decf5adc38557403c397a178
2025-10-09T06:01:56.978427+00:00,04f3afe7045e604ffb0aeb9dd2fd57f89f3236a97d609a4f5c545a616e1a5cb2
2025-10-09T06:01:57.547935+00:00,121952055c842bedb9655aa90f9d01377f840adc88a7af97ae019a3b0c2bf6fa
2025-10-09T06:01:58.143781+00:00,0c49ac98734638b138ec5ba0681112392fc17fea2f93f87e19b648684a1cbdb6
2025-10-09T06:01:58.736045+00:00,42563dc70d5d61b65a8e2637bd579dbd852f6e37f7dcd15094da5f45275de70e
2025-10-09T06:01:59.328869+00:00,949ed57452dfc4035785c015643494a1f64b0134f8498f487e40cd91500f59a6
2025-10-09T06:01:59.902611+00:00,d91db6eb4b1c9a8d446b5a3b645e2efdf50811949592424126e44c5a3b26f88a
2025-10-09T06:02:00.514572+00:00,3cc39c5eabd67bb4ebb1c704a76cf7e53c42eba6ae0483377fc91418637af648
2025-10-09T06:02:01.107558+00:00,11838612db91a04ce01f9a1c4e174b21a5a7bdea427265d8d1dbf5d8d3078d08
2025-10-09T06:02:01.700938+00:00,b5035a788fe24e749cd7b190bda1f6cc60065ec3e0e646b9560ce2c7846e164b
2025-10-09T06:02:02.494082+00:00,d55af00b9d1a100805bf890827ba712a7e2a9de782760d78a3a0b15c132dc1c5
2025-10-09T06:02:03.081891+00:00,0b892000238fd556a9162d1990099375cb60ff149deb901b0a4d0cdf1c7d8c34
2025-10-09T06:02:03.647331+00:00,1f3b355e119f64983d81ea9ae99679a0c77503d918d3ec3d999c6ef357e741c6
2025-10-09T06:02:04.233117+00:00,aa7e044790c0cade630af88c05047dfd35f06451d49ed4c2085e4276ed2ef0b9
2025-10-09T06:02:04.791637+00:00,467fff71282c603283051bceed5009a1b3ae0cbb5ac55aa055a55b04d95b811d
2025-10-09T06:02:05.375486+00:00,e12d21b206117b2a766eec70ab3fe5e61e45ec852022c8f64fd4e43b0cccdb43
2025-10-09T06:02:05.946248+00:00,9f5599609f789c7f692ec5b1b64099b12837bbb2a23757571e2b2cb7cc8d9f93
2025-10-09T06:02:07.546615+00:00,61d4cbb485810dd27683d9406b8e85a323ee13545f1e0d319bf2cd2498b9d056
2025-10-09T06:02:08.348367+00:00,33ff66fd0a060ac8dea8e69a97f66c128ce076c1c9779537a81ab39bf7840d2c
2025-10-09T06:02:08.912074+00:00,8421850d0ab21e04591c1351f577078757c8b345b4f59b7abd6691a9b2223a5e
2025-10-09T06:02:09.516511+00:00,1b3ba2e52ccaa661bdd0bbae6bd9911af838c664a23a707abed430a374dc7de5
2025-10-09T06:02:10.092441+00:00,804a962cd1c8cf31c25266d01ee4bb2837d5c748f3158fb225d59456c5c71c6d
2025-10-09T06:02:10.662362+00:00,78705b29b967bc1eb8f78f0d08cac0c5d82fb14ade88f3994f3a573bd5df31d0
2025-10-09T06:02:11.616550+00:00,7f8fca2604492e43e65d18b25dcc2df4ec4b763c5028e365c4dbdeb3ba096453
2025-10-09T06:02:12.218277+00:00,7872a2e0517039ef2c93455a3e59c8734f447686e67f3b9ca82c195d8801c6a5
2025-10-09T06:02:12.822220+00:00,1ff82c512768caf72312134b8266f07f42bf3f866e5c30b1b365f521e78e0bb4
2025-10-09T06:02:14.978525+00:00,513a50eeaca47aed6c3436d4bbd7af23dc4846a0069451fa2d89c04a7ad583b0
2025-10-09T06:02:15.583682+00:00,645ce766a903aaee21d242376f22e8deeb998ed65e61271f020fe1adf4347aef
2025-10-09T06:02:16.180538+00:00,dd52b1ce8500d46c2c397b2b9d5fa3f145651a3160a66f56e8979810b19d7231
2025-10-09T06:02:16.749605+00:00,c803b7dd763dca85e02ab8eeaea4da1f28570fd82d2557aed4fb18bba19ff414
2025-10-09T06:02:17.334663+00:00,f5136d33529109f9fcdff5911def2d6a7307dba607c37456394fa162b2fb1a5a
2025-10-09T06:02:17.945354+00:00,f436450701c2cb66f5538618236cc79e11f4b37ab366caf9ea340ef46b52cb18
2025-10-09T06:02:18.556262+00:00,7b7262b383ed7c5e0bf77182d58d3d525aa1f83ee8e17686e914acf675c87d61
2025-10-09T06:02:19.377228+00:00,50d0baffbf91d9c3a9ffc20bd7c5b6eae9eb807d2f0c80ad7edeaf0e7b8981a9
2025-10-09T06:02:21.006062+00:00,6cc041b09816a53c5cf0ec9d97dd2f0fdbfa7e88f5ff4f3d8c71999a3e53fdbe
2025-10-09T06:02:21.909404+00:00,7d8190753dd154e4970cca87bd074753d13dd586db222ebe2d7db3f4f344b23c
2025-10-09T06:02:22.492261+00:00,84d2cd8dce823a12c36d8a7172d163d14f05dcf8ef617f75855790bab1305c85
2025-10-09T06:02:23.086855+00:00,515488ccfb21580a536eeca17922c2a8b26935ac45b7730db37992fd530edbd2
2025-10-09T06:02:23.683535+00:00,713dd1eccfc1906fe75cf1ece88c6d71bd9a64b472b791b7078314b935c843c1
2025-10-09T06:02:24.592753+00:00,16371ed9fbede7797f042a912b266fd32081eeb6e10c1c90c17893c73b950f0e
2025-10-09T06:02:25.377919+00:00,faa7d5b9fdc63647976edfc36ce7ba5f90c8b6c8f56ec851aa3e641cd1eab966
2025-10-09T06:02:25.950631+00:00,79cba8fd19410df2df09acf465ba6d0b26ff410e07b21322f18bec1e9bccb8cd
2025-10-09T06:02:26.547573+00:00,4869126ceb064c0cba74449f2ffc47d31d480b5f6233151c6ef2099272bfbb23
2025-10-09T06:02:27.120088+00:00,78c0db06b1b8b921d4e9680133444bb87d8fd64a34abd4a02504f76ef1bbdc16
2025-10-09T06:02:28.049671+00:00,de121751fb5b67ce33e84aecc8a2390e934bede57c00087702eab953abc4fba7
2025-10-09T06:02:28.652733+00:00,0b79d36a1061e25c544ba261233f0c792f1c6ede9c515dc8d3f541b4930a0f39
2025-10-09T06:02:29.245073+00:00,42d12bc7defe3753b3558e8b08f01d075c26836f9c2c3aed62148d2669779630
2025-10-09T06:02:29.869786+00:00,44849e21f668c4d40ab7e4a5aeddabe4c6f469c4fbe0056076d1ab45a83b77df
2025-10-09T06:02:30.684531+00:00,8abea0512a94d8b6214ab6d38499ee92047bb0952af7bfa7075f8481bb935e45
2025-10-09T06:02:31.288235+00:00,1b3127e2326c72f9fdcef89889b113703898defd41c5192a65487bba1a3cf66d
2025-10-09T06:02:31.865214+00:00,8ab16cbd7ec74d4a6645f08485fd95455708243b90924c2814a2a6e64258d654
2025-10-09T06:02:32.488069+00:00,0a676e24809e37381598a820b233ef1dd61db341a3802428a534de8c2affaec5
2025-10-09T06:02:33.082439+00:00,88beb647174056941165fd01a7577e40c899b87e72a31a88acdb426eb63a407b
2025-10-09T06:02:33.667524+00:00,b0a7cb2c801e7743410b3cb51aa60cfd7ff62ce65aa15978a9f5c18ff14260f1
2025-10-09T06:02:34.256976+00:00,be2581deb5e24066e31a3d8fff68e08e3b272333236d84eacff3acd88fd3d37b
2025-10-09T06:02:34.809476+00:00,33bab87d6417bdbc6ff4350b0115d34e496c01fe6b43e7c1cea4299d85b49608
2025-10-09T06:02:35.392051+00:00,ea2305f2f42ba5a993012113b676c5f07dcc416ac7c5c86b5349323e7078db4a
2025-10-09T06:02:36.207887+00:00,c9dc89f8f9466acd59eba5bd0f39d87d581fea30533e6875855e8ca8b528b0ae
2025-10-09T06:02:36.791457+00:00,1adbef45690370ad98aaf8461e5c591c4fff8e977f2ca2878ac82fbbf4c36db9
2025-10-09T06:02:37.371062+00:00,e8d4fd7666673946d1eda3e1ef0ac6a88334621ca37bfe86a0c23ae197b994c6
2025-10-09T06:02:38.279631+00:00,99bb22f8caa62dae29ce5fc5f18d02aceabfd93ed34bee566bb951327cd6954f
2025-10-09T06:02:38.875871+00:00,36e03824cf6be6e1578077d717ad0790431394550009519be1ae8168eb0389fd
2025-10-09T06:02:39.466471+00:00,3903269b045889a224de252de2073b939f43f3d4c7730ceecef36e742e738916
2025-10-09T06:02:40.403533+00:00,27c9baa229510168cb599901d20e35e51ea1edf51cdb8abb0b8ff39c34445354
2025-10-09T06:02:41.296846+00:00,d9ae4b5ec8774e7413f57368863e19c8a164a9d7d85e91931b1669cca6a532d5
2025-10-09T06:02:42.097668+00:00,9edcf5e6b6d027e3dedb4616b2d0a6062730c025e438fdc3f37b3dbebe8cb787
2025-10-09T06:02:42.694673+00:00,a728119fdc281f38856b7ad95c45d4b0a0fd98565e31c3bae2b0bafc77771898
2025-10-09T06:02:43.287444+00:00,3eec176a27ac7f4d569e489e3d3de96ae625f9bb0fc3e76f4accadf05f8389cb
2025-10-09T06:02:43.858708+00:00,a46064956697ff1e4a6665c641743eea006da086928917925d75652da7faf579
2025-10-09T06:02:44.443755+00:00,bc6bcb7f00ccf8cf69f36c867234d9e00dd2700a964f6fad83c92dc6444e2d25
2025-10-09T06:02:45.014234+00:00,64789d43630dd9b977659284949b81649bf6793bd58c68a1c9e27cabfe694e63
2025-10-09T06:02:45.636461+00:00,51c0cac28f033d5eb58f2c37c6b6aaf6faaf60408175204fe63c96e5feb2d3f8
2025-10-09T06:02:46.266586+00:00,bafd4545ed101dd1f8904e505f569eb6998e5d759ea43728a214adf640757587
2025-10-09T06:02:46.829255+00:00,602a6728f7d9199c815bc26a2cd1b5702e0f320e8a600d9beab79f4f836ba270
2025-10-09T06:02:47.606562+00:00,1294c74579a9e170901e8b0528a99d74e86721ab30b3d2ec9f0b2aad781f43cc
2025-10-09T06:02:48.172849+00:00,5118bac3bf3838f0453fc3cf0ed772be8276856056d379f7626c279709b91134
2025-10-09T06:02:48.754058+00:00,0fb105cc5ec4eca331db024f1db3f565c594be9438e90656a1272b05e178cd3c
2025-10-09T06:02:49.378498+00:00,7b9fdb7064806ee3eeb65cac16d32f5e1780f2f88abb3b85f01059f8374adeaa
2025-10-09T06:02:49.982699+00:00,96293439bf6b714b4749e465dc1767ac1c9a93f0ff348b313c53cbe209335fa1
2025-10-09T06:02:50.910938+00:00,7acf3fe9508ffb40b5d5b640a98dd8ca6ac041f6b7edd63f9312baec166c809d
2025-10-09T06:02:51.507300+00:00,f3cb318c721a4aabbb991eb7f4250123d921923c8a4538076ecf085a69482364
2025-10-09T06:02:52.073611+00:00,6459a68309e5fa2826719a0b17fd5f16f9238d8ea89b6283616a84c53f5c4f34
2025-10-09T06:02:52.859178+00:00,469b60e2afc4296c2ee4f095e03797fc192dc7e866148ef499ebe76bc2fd64f7
2025-10-09T06:02:53.452978+00:00,178eb3cb986172cbeb8452c4d3cbae2ee92b7f0294065ebee9eab808e4f88415
2025-10-09T06:02:54.056178+00:00,10d08bc8cb9edd17108f7eb54ca8803c568bc369eb61d8441555b58ba9faecc1
2025-10-09T06:02:55.654364+00:00,0722ea986182469d37713fdd839965aa1b750886e1a7605ec95bb4574e75e04c
2025-10-09T06:02:56.244497+00:00,cb421d8183f9a1ad559aac2433b7b3ac4029b7b9bd378bf48c4a818c90069f0c
2025-10-09T06:02:56.817512+00:00,61e6ef83cebae0ea212a1c8ef66e2b10edd51591b0fccb7d2d7c78fff8a8b602
2025-10-09T06:02:57.383785+00:00,fc01b0acc2e58fa1b0d17c0234fe430a7bfee65290ffd69814b22c2be23daee6
2025-10-09T06:02:58.192404+00:00,f30e8bc3dd75135994a39dcbde139bc1a8a7b067a2028e1d0388aa6ef4a3da81
2025-10-09T06:02:58.787672+00:00,84181cba8253d01e6c61d12141c2e7006615eab963e0427505e11e8742da0481
2025-10-09T06:02:59.386018+00:00,b2841c24581a891e93ba4869471ecd02c2fefe99150bdac5cfc55f5d252f0e3c
2025-10-09T06:02:59.996661+00:00,7612ede8c6c56be3cae8e14124f302caa6651cb0eab01fd0542095ad1bd46905
2025-10-09T06:03:00.610202+00:00,fb37d2df78fd54f77874500ea1d52cf10d8f20773357dacc1a539198d9cf7cc1
2025-10-09T06:03:01.195720+00:00,c5f79763048d5383f6b8692f020cd94d6789fb11808254964d6bfceee97e2035
2025-10-09T06:03:01.805569+00:00,5e06e5cc1dea9a18eeca76534cad9b2493f7afd7a5c718f36de147cf1bf504a9
2025-10-09T06:03:02.401999+00:00,ced8aad52d31c719e79b8b7a99cb2e71e9c15c0b18a859171ad67c3bb5df29a9
2025-10-09T06:03:02.995390+00:00,80d200fd74e0429404374e2360155c6b2129e765f3737df4f095a24ed3a8fcc1
2025-10-09T06:03:04.808277+00:00,8225e0db18fce6456b92b23544c82657b48ed7ff8d534cedfa098f8d46a5405f
2025-10-09T06:03:05.384363+00:00,13016e746afb6f7310cc69f55815ea957407a89a09acd8f5450cb211d52a2205
2025-10-09T06:03:05.951883+00:00,6644d9993528aa0b12048672003a6556151a7befd1c92208d89abe636c70beee
2025-10-09T06:03:06.529712+00:00,a77b2b67bce2a1fc84efaf1afbdea55445a9649aecafbe985f8abd0c2252d939
2025-10-09T06:03:07.102516+00:00,5d96efabe3e01d8cfa048fad5eb5058b2b466471d363b7db5337a0e5c0f90d9d
2025-10-09T06:03:07.683537+00:00,cadca568f7529afa462951822d5e77510fe85f40fceafc6d2f1f9f73b9b4e04f
2025-10-09T06:03:08.290467+00:00,fa097d1f5a30307cb1fa1489d11c7a48ac0969efa2cb5195b8db241061992931
2025-10-09T06:03:09.086493+00:00,43a280246c686108e33eb05c0ae35422f24c0b5a2a2f2da01a569dd041e37241
2025-10-09T06:03:09.678335+00:00,9ba821e95973de7113a58ce9694628bf5d0460d1c6eb057c8dfeb0b749cc1f77
2025-10-09T06:03:10.271402+00:00,f54f92d1011e55bd86ddb7521f81a494aa00bb44ba6ed31afa555343454fc3fd
2025-10-09T06:03:11.865651+00:00,a7d8d41450b8031d4de6fe7446e694e4ba3c8510510746b7dd3d3a2845fefc4b
2025-10-09T06:03:12.801198+00:00,58b0da68aad17bf341d9189fe430470698f6b492f5336f237ce4a842a3347e68
2025-10-09T06:03:13.377149+00:00,1e0043b377ea6d59a7492405c0dc3cceffd14c74e981d158e18d4e9ebc9d31dc
2025-10-09T06:03:13.950332+00:00,25eda1c9511c691b80a0d6e8f93f1c4932179e607fdcff2ca70d8e6605d218fe
2025-10-09T06:03:14.721724+00:00,9bdb2ec3d724f0342e4c00edb672bf8e06415d263ad25ee515005cfd800883cf
2025-10-09T06:03:15.297843+00:00,c3ba55546f7e10a8f3914246d809c9a991072817a5557d7907307950e4bb421b
2025-10-09T06:03:15.854324+00:00,1011a6eb358f6bc126ac53e8c5cf63fb8dbedc3eb1b1e4322c6c232677e2fefa
2025-10-09T06:03:16.466461+00:00,5b3a251e778f91121645b0ed2f5e94e199b16e781623abe26b48d4f8358578da
2025-10-09T06:03:17.046046+00:00,a7af91587dff6adeb18d2053fc222b240408aa2d122b436339aff22037dfbf63
2025-10-09T06:03:17.603577+00:00,744c2e45454dbd8630d826228ddff08de6df31f3695f305323b2d30fcbdbbcf1
2025-10-09T06:03:18.518961+00:00,fd951a66a03e237a8c93849e20fb6e2cb84c01fab97c087ed3fbbcc4e6ecf103
2025-10-09T06:03:19.102422+00:00,687bc8498d277a569940287202d081c84e9322ea617467bc0ac5f7573df3a846
2025-10-09T06:03:19.710998+00:00,93ffd9388d5f65b2024cef46c53ee9501a370b6d9798f6dd6f90b2a2ef7f8f39
2025-10-09T06:03:20.517234+00:00,f2ce674a90afb3b32e1c88dc556c2ffcc5ca5251f0f06c2091f6faf23522574a
2025-10-09T06:03:21.446207+00:00,a9ae68f013f4cd4e53a9129aad1547cff503bedcf9fbda0b80912dcfa1c41414
2025-10-09T06:03:22.051551+00:00,a820688b2d50b38f19240580adca789e024cd93a63a6b7a28e5436c1f5f7db2a
2025-10-09T06:03:22.636203+00:00,1dd9c57fbfce033b1c75026ff91b83ac1e434dc0c388d561330d4650d5939410
2025-10-09T06:03:23.222905+00:00,d5a3ccc6bbad7ce288226cb686ebaf482404113d29a73f7342ae89eefefcf711
2025-10-09T06:03:23.820723+00:00,3b3972fb6d89f7d2124ce1ca644d88f3a5e884fd7ddfd0a166aaf0fd21b8ecdc
2025-10-09T06:03:24.395626+00:00,9390acfefd3116cc540e3c03cd133ef3900ee32274d74f5bebfecb10bce2ffee
2025-10-09T06:03:24.956545+00:00,47781ab1b47c99c972a5e8e86927b0865d91247725ae4cd6de3b87e3db53236f
2025-10-09T06:03:25.736902+00:00,fa31e4a80291f2486d7c4146945024f12a32490f0f2fa26eee221fc9a1b789ed
2025-10-09T06:03:26.310234+00:00,0fbae21f0c448fa3f529f38ed34db054a17060b72a94e416a57aec13544f57b2
2025-10-09T06:03:26.887770+00:00,00950a7e7a6a9cbc4194ae1a514044c36ea7d0b1229c5564144bc6ffe57f5c0b
2025-10-09T06:03:27.492894+00:00,64a4ed589439a2584b55e5fb6aeb08713337ee9b4e0800eb69d027741652bca1
2025-10-09T06:03:28.088663+00:00,5f0edce07c92e7391f055df1986f2d706307f8e26b774d96c8c0c9ebf4ffe7cb
2025-10-09T06:03:28.689149+00:00,2d4a3ca2953372c97869c2253179e35124506ad0ee9c0fa5447498ffe6f41329
2025-10-09T06:03:29.300200+00:00,ded2f4e6a67d71a140a9e57d9a309d33e02613880d0d62b65936b66fdf3fb298
2025-10-09T06:03:29.883348+00:00,7674f56790a50adc2657506a5a13b51ef070b9a5cab4c953a5cb7d2affad66e6
2025-10-09T06:03:30.482873+00:00,f763dd4acb876ea4f9b9f26694fed1598b8fe2818c20d59c853257cd9882f14f
2025-10-09T06:03:31.608459+00:00,90196239c8d8413e17e5f7f63c4c4bfb1d22afc8a2cf0be1371dd826c2aae3eb
2025-10-09T06:03:32.197607+00:00,0685b09a568a30ed766483307575058273a688eff5f2fba471492fc7358dbd9e
2025-10-09T06:03:33.113244+00:00,7ab63c7337ec1bd003239795b15c9a4009efd321983358cb55876dfb21cfeb81
2025-10-09T06:03:33.703477+00:00,ff8953387b21ea63a7b5a37efa900e2cd196576474782adf2bf49c9cfff7c5b7
2025-10-09T06:03:34.274020+00:00,7659b4d20d3801940f18da670278c662b7d9eeb126612b1e1a9babde29482d10
2025-10-09T06:03:34.826352+00:00,448e1fe002d9af5ed0eaeeeb212e7fb3ec24f7ce493eafd10c66f42ac0b6c16b
2025-10-09T06:03:35.410110+00:00,6bf99c1f0195491c7661248a2410e64ced0dadd34585e2f3e1f33c75f03ed02b
2025-10-09T06:03:35.970413+00:00,b46f5b8e83d8ab470fb80d70caff02ee06b2f53afa6e444c4c9db23746ea5852
2025-10-09T06:03:36.774319+00:00,7ee9198890030ed20ba2f3552cb08961fe09d0252b12a639932187c9cd3de4de
2025-10-09T06:03:37.351896+00:00,92980388c4fdc29541882a86cfddc0851758ffdeccdb414c7fab8278f6704e42
2025-10-09T06:03:37.945744+00:00,69f985e46c13340fe52d3ff0f18e337f6142534d9499b5fb0caa809153824b02
2025-10-09T06:03:38.527655+00:00,2f018ebb73fc0cf10f09976ec33649e162fb74f15bfa262c90f18bd6a2d92688
2025-10-09T06:03:40.164710+00:00,7f0ace34b1c554af012f577cae3e76ba9ec7f58859132b4cf4bfec0f5714abfd
2025-10-09T06:03:40.769194+00:00,f41bf1031a1538dfc356a32a738b488530c4bfccc0c88c69e6b8f8716c1dc510
2025-10-09T06:03:41.368960+00:00,125df2e4ab02abb5ae6c7cbe1dfba1344c877f6ae5ffaa259b52a9d6349373f7
2025-10-09T06:03:43.208860+00:00,e1c55c19ebdd4adf94e3f26bf41b7c8a4915e978b643a49145ccc2249ffdcbf8
2025-10-09T06:03:43.779942+00:00,e111ea16ec5b0d4f4c0a0e02d9a9ee10b6cca4e6b64f12d374e2b20e8bf7efac
2025-10-09T06:03:44.361204+00:00,f124c5667f9447cea406b42c118988eab821651bcebafcf24af9e8b710cd2c7b
2025-10-09T06:03:44.921869+00:00,8a0f8e20437a4df5832a565afc04a07027e4668a2e4d7bb0151fbcfcab4d4543
2025-10-09T06:03:45.523498+00:00,82781ceaa53074bfae9f8f9952680c69f900ac6b400201d71db5495c928b8f0e
2025-10-09T06:03:46.102657+00:00,73e8de9b99a702b56aeae95c5d0d8b605060f84f12bef0ba137fb8be0e59933b
2025-10-09T06:03:46.696360+00:00,9a9f8bd190cc4ce48031725e0800c79baf6b312e541c84c2a2c58d6e7ac008f1
2025-10-09T06:03:47.302915+00:00,67fd4befab66383b227a2e8f31f205c2da98ea42a0cd5740ba69ca5fbc74184f
2025-10-09T06:03:47.895812+00:00,9ca61e84e3a947021f322a69bffd15e01501ba738dde7920d7a002589b481b4f
2025-10-09T06:03:48.702639+00:00,5024cb178157a26c7c755ae50c3bc551e6426bfacf1811a80b5a1e5ea4bbc9b6
2025-10-09T06:03:49.309031+00:00,60232a5a382a939bef1fbfb36e4d3f7f4b6d8753477162e5a611632a94d6185a
2025-10-09T06:03:49.914960+00:00,884e6572e677d1796cd2f66ada5be94e1d3e5f12bdfef1552df9028d9d4cad3f
2025-10-09T06:03:50.499392+00:00,b2dafe3d604205b4bc39bd12ddf7adbc146150303f70b23dfe2759a1c4ca647e
2025-10-09T06:03:52.138970+00:00,aa86c56adf2c31634e827f715c8c5660b6e40f425b1aeee000bae2d93f70eb44
2025-10-09T06:03:52.730720+00:00,f5feda86c4a4a5e2b834b73cb72812e9f5cbc986a843fe8ba650f8a07d8beb61
2025-10-09T06:03:53.304112+00:00,7a3bd04892529017a3a04fc8b6e69a49287b2ec904f914767146b5dd46462794
2025-10-09T06:03:54.112492+00:00,ac29c660a3795c1a5c4714c19c9f77c89c71f7e0f40d4062a9a4ae4d325e8a0d
2025-10-09T06:03:54.693991+00:00,aaccccdcaad0ffdf80b971ac126ece6c99e5b90183c20c8631de16e4a5df6e8b
2025-10-09T06:03:55.286096+00:00,2ec5bc040bb46f29d125dc1b03a5ec3efa816e8e670c2059fac4f11119d98804
2025-10-09T06:03:55.842713+00:00,830860d6a03a94366e9799909214a893f17dc724e72848ee1b74e7f0aa0b37d7
2025-10-09T06:03:56.421357+00:00,47c34cb181a07154b7e0f60da95ffe86463444e20e328e7656c4c788a4592f0a
2025-10-09T06:03:57.017579+00:00,81117a9bbd299b25212b2ed4f4cdf395a47f9d4e4157e487482f8f9828329ea6
2025-10-09T06:03:57.576744+00:00,c21c88ef5a4c9ad7abefa86790cb17d915b3fea258e1dddde692a3387bc8d406
2025-10-09T06:03:58.158164+00:00,b65a171a8005a6fd3b4f2e6837ca3df26e3e0f229f4e5ded24b6130d3359f759
2025-10-09T06:03:58.747763+00:00,8d3557d99e96f8eda11b36ddb920fa0dc1c25c2d70616b19d2e39398cca917ae
2025-10-09T06:03:59.538970+00:00,38413defd3f20e696d9a3aecd5eb5775397d27ab95185afe805b2f69910f1be4
2025-10-09T06:04:00.126939+00:00,17739130df83410cfaf33ac2d5e25726ef2167d597057bc053b8b1bdca98b36c
2025-10-09T06:04:00.733551+00:00,a1b4913d56c3385abfdb43709756dab98659ffe4b95c6cfdd8c176831ade83f9
2025-10-09T06:04:01.359504+00:00,75b74948f9432f8adaa32155b64cfc640d3791e2a91e17383d62b1fe70984ca6
2025-10-09T06:04:01.958570+00:00,b9da0ba740927ba7e8db054cb69b944143b9f064dc21aac910d1728ff9799e20
2025-10-09T06:04:02.558218+00:00,fa5799d8071e5651290f5daad935b82748fb39e26d6e8069527978f2d02fce18
2025-10-09T06:04:03.144013+00:00,0edc1843828ae90205ab17d170bb4df3910289e52f8fb76cde6955d48b370563
2025-10-09T06:04:04.056106+00:00,2fc0e30a6b2fd20689892769777e9621ddc5714f2dd394fea564960d75ea3787
2025-10-09T06:04:04.831538+00:00,8b2924e5e8082aa446c245d05d5bec725ceaeb8a52a4edaf42e173af0f519bfd
2025-10-09T06:04:05.421797+00:00,9d40abe43dd4d5a240d0c6365c1fb70dfcaaee569a92df4822d976f42d09c6c7
2025-10-09T06:04:05.975612+00:00,cfe7e3ffb56f377488b41a40c58bc949ae53bb21c7d9f72f090e0831ec4606c4
2025-10-09T06:04:06.559468+00:00,3b66e60070200d1f41c18215bdb79a4b8853a84a22cb540b67da7b0417dc7e01
2025-10-09T06:04:07.136664+00:00,968d82816b3b287c591adc8e1f0cbf783743ab270e74c66324b3c70798dea854
2025-10-09T06:04:07.713560+00:00,0d3f04d4a0ac6556090db8907e5cc90cfcfadc806064333048e1f46129bcfda1
2025-10-09T06:04:08.321849+00:00,a0dddf62aa77f9d5c44f44618106ab222449cd4bd94291c8f97cf7905f008b0e
2025-10-09T06:04:08.906867+00:00,613e3f78c8e2a0360d88dfe06942f7efcfe2bbeb6ca5ed9538dedaba15f905bf
2025-10-09T06:04:09.506312+00:00,9a9ebd8fd1c2a11fdcd4bb1461488c268d9a5b989c7e78fe01ac3de7fab2f352
2025-10-09T06:04:10.328849+00:00,a5e8c849dc4ec2bcd5f2b66185cad7818507f67a065a12de8bdaa53c99070e31
2025-10-09T06:04:10.920752+00:00,a569eae3d87cc42592174218af360ab12d93cbe7b898b4bcceed0f8a26c05b47
2025-10-09T06:04:11.541060+00:00,a2e564e48dd674c2d1deaa3a11102a4c52ef88bb90491c6edf1e6e71c9c3d907
2025-10-09T06:04:12.143882+00:00,6e409ddab556bdf5712bb93845dee62de32f6925770390a55466d059d587a213
2025-10-09T06:04:12.724005+00:00,1ebe6cfad1534b5b3088c6a9ead7331e34b0180919a5cd2e64188ae26933d67d
2025-10-09T06:04:13.335639+00:00,c5af4b75dc2381674927428915361299daaa4f521d19de2911f10764f17e0880
2025-10-09T06:04:13.923664+00:00,52dcecb27a974b05be045537f4b10dd41d4eb5b998063e7aa4597a8f82c4dbec
2025-10-09T06:04:14.523929+00:00,c4f41f321a89f501ad4acbfdffa8f8637e43061b2680888b3ac605b7483b7e96
2025-10-09T06:04:15.112188+00:00,9e9ecb94dfbcb933be52f65820e2444df229e9f81c3243b2c3139f41111626f2
2025-10-09T06:04:15.889889+00:00,4d3105adaaf64dedb7b816acf72768f093841a22ce8f249ae778014b6bc2b296
2025-10-09T06:04:16.467938+00:00,6ede277dda7c26176e13e8ee731c3ffcee7f13cd81f0f901bcfa3d8ee6f562fb
2025-10-09T06:04:17.060259+00:00,559dc954b87e49da00c13597b264e0cc0ab4f0d37adb333a325366125219e63e
2025-10-09T06:04:17.624194+00:00,849f18b300f34894a39c951e3df40051d43394c3747f82893035527cfc28ea66
2025-10-09T06:04:18.220774+00:00,ef70ed193611dd1a355d4249aa7629ada6e247390cd1616bee0a80c1b9ab82f9
2025-10-09T06:04:18.790480+00:00,6b8bcfbe526fe3ec6d88094cac660c3a62779944f728d5d912020a326ec7b23b
2025-10-09T06:04:19.390843+00:00,b6c097f30ecf2ff074a44fea6bbd6d0b0ef0fd0814b667ce3d1a69c37612b652
2025-10-09T06:04:20.012983+00:00,1f7788575a60594924a98011bf6fa06df425692b11226f5385b1e76e3c82c526
2025-10-09T06:04:20.625505+00:00,b4e61c152fb5dc51b278c763e901a6989f11ffc39c1c20cc8b3f23cdb44852b0
2025-10-09T06:04:21.770838+00:00,129fa28ca1031094f95f9fbee88eb97ca4a388c8bf7cd1cb2bfb96fda97dcd08
2025-10-09T06:04:22.337267+00:00,151031aa493ada454f94b023abf09e03b27de6857d6459fa8f28a556f4427885
2025-10-09T06:04:22.903128+00:00,537d20018eb73082cd964926111f50db0e60a74263e884fe0c3fa9e14eb71fab
2025-10-09T06:04:24.499921+00:00,c2f944ac2d9accc2164af17dafb3ef8f4ab3dcfd04cc8f309e93c226fec01525
2025-10-09T06:04:25.089482+00:00,c048c3fe0d8ee3f2370a92053048311f4b90f3eb04e1d90e1f658c3406cc6267
2025-10-09T06:04:26.019678+00:00,a3c06585398987434d5caf53b77bf79580e1a923af27b0b844ead87813b1937e
2025-10-09T06:04:26.600205+00:00,245a8cea58678d9be36144b28bc9ec9e9d7bd4a8bdbd13c6ad18cdbf8bbd2567
2025-10-09T06:04:27.387857+00:00,794b083bf2888e1f645547cd08dbcf08978536266bf5024bde5efbf69ab15b54
2025-10-09T06:04:27.977903+00:00,0471eac39396d02430b9be7ada04e540f7ef296a01cb545f510d21119d93df27
2025-10-09T06:04:28.568102+00:00,f15897feb10a7e0f0763e082c7cbaa14facda55eded417746b804e757cac91c3
2025-10-09T06:04:29.153690+00:00,75907f5688a7d701a836987dc8e84c6d75081eef9ab3d863365ea8b988ac8534
2025-10-09T06:04:29.744711+00:00,8f7deb98d5d3ebfe127533e57e5338aa97afa8cf57a340dc8f75f6ae66e71335
2025-10-09T06:04:30.363159+00:00,5ef697de39b2aa9c0bbb8bc61a6fd8bc4718e38c754e6a49ae4646f3159b199c
2025-10-09T06:04:30.957809+00:00,e2a105c669db87a9e67a15235ff89642f15654d40768eb66bd631e45cbd6fd20
2025-10-09T06:04:31.559403+00:00,c49e1f0ad0cf7ca867a2271cc76783ca198fb96cc889240e474a1ded844de421
2025-10-09T06:04:32.159949+00:00,4cc5c8325b1c065e31856b767be567f187f92877d189cbee828918a193728f7e
2025-10-09T06:04:32.959575+00:00,5f93477f87066ed78d3a4f541aa59f970a065ee0325467723fa6b7fee2b69f2e
2025-10-09T06:04:33.553181+00:00,7e61dfa61ad4f668e392e681ec9defc3c7cffdbf4ab7ef7f74e2f1b56f6272aa
2025-10-09T06:04:34.146733+00:00,053729837070d886f473944405f44c3f63f48d0f20559730056600f26ba397cf
2025-10-09T06:04:34.728926+00:00,ee9df53e305152fcfd0769cdf3b84d9cf744765e108753cd0544e67eee26c777
2025-10-09T06:04:35.304631+00:00,d3f8aca7e3aa1591a99c57dd0a26b92675df1abca3c4f68830eeecb4f9ea0839
2025-10-09T06:04:35.867672+00:00,9d6a22f3a9762b6877f5f3df7b4873099c44645be01cfc9fd7939a90f23f38b6
2025-10-09T06:04:36.457592+00:00,2d1b61d2761a922a98fa0632e50176d961c90c8deebc566f41511971fc73413b
2025-10-09T06:04:37.047853+00:00,e42770a65951c321666d8072b7500e26b9d4e22709b7747737c8c99071ca0e3b
2025-10-09T06:04:37.972096+00:00,e734dafb42d47751b9e7d7a744b6a8e5bd25f9cf58ab81f889a684c910a9f594
2025-10-09T06:04:38.778905+00:00,5ec663d66229e618743148292818a221a95520f091700be692d1ff70e3719676
2025-10-09T06:04:40.407925+00:00,b6996b02701c5b50262e612fede02b7fcf1c859a0d975ad8dc0fc3754c40cb43
2025-10-09T06:04:41.007019+00:00,46e3edcaedc3c26cfb397a3f75f1b66bbddd2218f952192f652862812e100753
2025-10-09T06:04:41.591834+00:00,9e6096c6e3906c7aa2292e61af712a5493ee6524d141293319c2b4cdc469603f
2025-10-09T06:04:42.191815+00:00,7639d1805ec0660bee0ed12f8c3ff9af352521ee525c11109455720644ca6141
2025-10-09T06:04:42.767388+00:00,df90575a26fab3887ae9b4ba4ce2553ba9d0500411bd90f571d46209dd881eb5
2025-10-09T06:04:43.358150+00:00,6d1b3081e197cac02835e9200d4786e8fbd9a1961efb0f8a2f568d65c3f7190e
2025-10-09T06:04:44.175708+00:00,a6a48337e225f473d034be3474ba96a3f301bdd1975fc7d3d78d7ae946e2f396
2025-10-09T06:04:44.747216+00:00,40b7446eefc88050235dbfce3557abfbe3fa6a22f5f6640e0cde2d1443d2857b
2025-10-09T06:04:45.333660+00:00,c6bd05a4249e139a1a35b7f31f1bde853f48ffce915872c606257350a3880f93
2025-10-09T06:04:45.906727+00:00,5bd7a00d37134c555d7f14a05e22c82c5ebe5d71e19b7dc20eca3429641cf89c
2025-10-09T06:04:47.563245+00:00,5002858d1b92500ab48a769eaf7b9ad4e4d52dff80777e6c2940d983c4294c2b
2025-10-09T06:04:48.154369+00:00,11ddff661169c3e6b2a971544ecb00be07a5e6766323bdbce531a9f98f916a9e
2025-10-09T06:04:48.754343+00:00,a6280cbb7f8d2b956e629a1a2ff179f486a421fe95612b1af9a07684ceafc8bf
2025-10-09T06:04:49.568780+00:00,c1092ef5125b1c377b676a6b9f58102253f271c84b667058485db4c6e1070acc
2025-10-09T06:04:50.169150+00:00,719126289ae58009fe43b97eccbe3b193f89f43cf5d42784c3e0316b7291a87a
2025-10-09T06:04:51.094170+00:00,b3a4216be8ca16eafa5cad6749b6b3a50fde697628a0ce76a6e87f179e399f2b
2025-10-09T06:04:51.698757+00:00,1e97f0a901c45998b4203e3ea65815b87e238aa5271d9f35fa5372eb37b10288
2025-10-09T06:04:52.282973+00:00,af18e0e87985358a7f87bc57b842a027d7d2137e8a337d3ed1e6b6ea4a5dc532
2025-10-09T06:04:52.879167+00:00,e2cd14b906a237dd3e7016ac402478a0b7e3ffd37fe36d94ca100ceddfdba2f5
2025-10-09T06:04:53.454840+00:00,b06f13d4b6f73243836527c77f8e50cf036a6d2d95bf0a76d697c7c2a786aa23
2025-10-09T06:04:54.046100+00:00,6a1869484837484ecd0a4319c03c61c8e30e9d1ad4044881de3b26fba3748810
2025-10-09T06:04:54.834242+00:00,b5c394d3bd2c1aa3b8dee286d6cb73f5036a4aba91021fcab5a5ec015221ff9c
2025-10-09T06:04:55.442115+00:00,47ce3e3baabfab38216597cd5cbc4bbf44b95dc2bb21f87a4552c995782c3d0b
2025-10-09T06:04:56.037982+00:00,a220c96f75798076b421658943b81cfebb64862ea504dbe4db408eb60411d5f6
2025-10-09T06:04:56.612239+00:00,640524bf8dd19d96df9627f2a74d12e907eb286b8eb48d211c366a3ad5ed5fa8
2025-10-09T06:04:57.204909+00:00,11635008c5026d02c36c9e1eab30492a04fa143b74d080e53bb341539ef0b4c0
2025-10-09T06:04:57.793873+00:00,4cafa8450b762380e3583404aefc98f99124c2f529a06641afe763c27301dbac
2025-10-09T06:04:58.389545+00:00,ab59562e1d4fc0aa550f1de4f4bd935f7f31c6962d6d810bba18527d4f593a5e
2025-10-09T06:04:59.304537+00:00,fcc7c096c338c37938cf62071db4d5d5bd80cc101645852e6b77519b1511d6d5
2025-10-09T06:05:00.108453+00:00,335a280bf5f4052879c1f998bb6ea200f0bec05243f8d65f2645059aff565329
2025-10-09T06:05:00.741199+00:00,19a3b38b3778ec839da277e6f276144cf1b6441cb421f7f6036a588cf7d9863d
2025-10-09T06:05:01.356473+00:00,fe4117be4a2636606364d739929b58d9e3d19c492e53439a60b6dcef23cab5f3
2025-10-09T06:05:01.957534+00:00,e84aca773dab0b690703c16aae9fb759a088532c6bfea6149cd6300af9b653ff
2025-10-09T06:05:02.556266+00:00,879bc9c7921cc4bbd1341c384bc489db61d138ae412d0e8bf2280e4d11448fd6
2025-10-09T06:05:03.144156+00:00,5088921bba83f544c90443afd38d45cc806a74a32cced30ef3ef8a233a137a05
2025-10-09T06:05:03.741074+00:00,90a5a96366b1077a1f88c51e6d6d54cc6e7021178be61f2ea4e9d4c70e7dda41
2025-10-09T06:05:04.321406+00:00,1a7ba1447ae48958de945d29405722b361265fba8d172610567b9d9a285ba2ad
2025-10-09T06:05:04.892194+00:00,859d588c8d135f1be615de446925521ef4803e79590b1fe840d1a99a4359600d
2025-10-09T06:05:05.670216+00:00,f55c9282cec31bcc6e013c8a0b90ba337f9d94c3401c9b8e4fd52eeb8ab74be7
2025-10-09T06:05:06.289757+00:00,095ad21b692b386fb9bbc34bea1829b2d937b3b4fd5f4b322e61fdc796f16bfd
2025-10-09T06:05:06.877004+00:00,de158ac722a9afb9d05688f66df2a1cd0d979c4914d2490f2e54834b0b8bcb36
2025-10-09T06:05:07.578941+00:00,0813fd029a5dcf464746f0ff382f46b3c1aeb4a7591f0f1331aa5b6f418718f8
2025-10-09T06:05:08.176263+00:00,4581844f69ba3f63cea0d2a6bab84f4d6948f3956533670a38479346b8b91ec8
2025-10-09T06:05:08.764157+00:00,d56551bbe6a479c6eddc67a8f211ee20b2cc37ab57b9153a2d44431c07c57d11
2025-10-09T06:05:10.366954+00:00,9316fc283dd61e39d9e093bcf4d3932a555ebbc18f91b240d02144c0940279e3
2025-10-09T06:05:11.172944+00:00,c21327f76b3b9816bb999962ad8c261b9a008324717c6135caa90388fde45908
2025-10-09T06:05:11.793455+00:00,ff0ded33f7362bf1c446ece91a366b0ebe6e864678093512f934ba55b44cb9d7
2025-10-09T06:05:12.403581+00:00,ecf32fc04fe06ecf56fab9414751ee3f56845ae5c791ebf8d2d9b77845e69796
2025-10-09T06:05:12.969394+00:00,d497925444c02a34a1b9a3a81c4fe1a52138107b0619688dac7751a6ecacc90c
2025-10-09T06:05:13.639508+00:00,9593683962acc0df402f1af49313671d03ac32e01e0984d7e1ebaac64756f15c
2025-10-09T06:05:14.222067+00:00,5ba139d5b0e28ab27083e4d960424cc501326e86e49cd0b09a1914a9bee4719d
2025-10-09T06:05:14.803806+00:00,b6d76527f204ef8fd005d173be80df1e85123a9ea4fca9345fbd9e2f5ea90262
2025-10-09T06:05:15.396886+00:00,f0080218b8810adbe30d7268512e349a421c7133a6f04c4aa4bdcc84255aa591
2025-10-09T06:05:15.954938+00:00,1ea67c3c6febe0df4658f96bf4668dc57005d7a7f34f999107d22605c0808ec7
2025-10-09T06:05:16.756362+00:00,bd1ac0483878a199955b0e683a855601558ba0a500caaf5bcb653ae7982d0989
2025-10-09T06:05:17.655722+00:00,1320b3e91aed73019d390ad25905efbdc031dde24dfae700c05bee5a9950f549
2025-10-09T06:05:18.252992+00:00,c4ca62d883569d737e2744b0b660153095ee02bfb14c75e712eb6bfd3dcb57cd
2025-10-09T06:05:18.866758+00:00,59cf24a17cbe7c0ac5137c2dc6513924c057450565255b08677ba7753fd4e85d
2025-10-09T06:05:19.472954+00:00,fd11f3ab81db7793bf1ca1736e02567812180a569af7b3a976ab9e8d5035ca80
2025-10-09T06:05:20.071872+00:00,35a56951860e4deffa0ca96ae492ae3e13322e21a5a12183b5e59b4974637e06
2025-10-09T06:05:20.686403+00:00,23d066e62d4734b7cb94c2fcca9a8532c7db18548f45485dcc0442a65330986e
2025-10-09T06:05:21.285029+00:00,b25e921e5c98f8daa6e760e55de06f4be9ad5f446e7ce85315ac4fab4c0f748d
2025-10-09T06:05:22.094206+00:00,15a10e2478823fa4db4b4b59023c69739f5755ca9ab31dc5734e55e61431a5b3
2025-10-09T06:05:22.662579+00:00,fcf65cd5583768eff88a9100c519ac9fb8b6320bb048848675235e844663f704
2025-10-09T06:05:23.241362+00:00,bae5ead3f651984d753989f29762525b2b6275b17a0d78520e0a04548905c302
2025-10-09T06:05:23.835923+00:00,fb9d4b5713dcd4de2159c96731b9e6968141cc20e29c8cf00339a10fa9625051
2025-10-09T06:05:24.420381+00:00,cfd9ef9c7b304378aa889a2dc90fcf1a9e97941c6b5c754a4d5cef7c0ecc91c6
2025-10-09T06:05:24.991733+00:00,8defc610acf39afae8c534aefa0e634b2db18fb0eed61f47475ca3c11bf1cc1c
2025-10-09T06:05:25.949772+00:00,92ce1ce71e952936dd46b71a453336cc4cf80a9b9bc1c1b6c7a869522de4f686
2025-10-09T06:05:26.539433+00:00,80fcb8f7217cb9024d6abf7c81188095822e1be8d22e218829bc02aac11c968a
2025-10-09T06:05:27.362110+00:00,16a89ce1b5fd54535a8bff82afabc084cec0e19edc55954a9cc1bfd2feb86f69
2025-10-09T06:05:27.943151+00:00,fb25d946c36087efe07c91fbecce79c255b76dc48c67d98dea839fe7b035e07c
2025-10-09T06:05:28.528377+00:00,8296a484097a84fcf0c905e726c56a00d3893ac875a313e599f48dda839858d5
2025-10-09T06:05:29.130977+00:00,96ede39092e8987e526ac7908f8afddbe887614fa7c74a6013f62649e1205c84
2025-10-09T06:05:29.713928+00:00,7c5ce445f848b6a8d1d7dbb7ee7d0689c8b6f519640e489d0d5d0d4533ef2261
2025-10-09T06:05:30.638910+00:00,7f0f248915dd3fc538579c306ff90a1c9e971a2d2785ad0ca7b8b12540df3bdc
2025-10-09T06:05:31.229716+00:00,f2577acf2aceb87dac6cb818a944191f2992683634717c6606717e1ac15d4699
2025-10-09T06:05:31.816342+00:00,b34129579210ac9e06beb1d82e61602931e5fab555b885e7dcc93db1c689d862
2025-10-09T06:05:32.637073+00:00,dbce8df53f5aac15f48501f05ddf962fe0f9ca39cac55d1ba0f2a17fb1905b8a
2025-10-09T06:05:34.297573+00:00,bf9a20e5d438fac64c36b60532a126a3139d630d608befde105a7a7df80b82dc
2025-10-09T06:05:34.859130+00:00,0821de125eee66eadc2c0f94dfe8373deb7242d44dfbdea79e4c4d1dd225915f
2025-10-09T06:05:35.447125+00:00,f68dfff148e9ae90dd022de02c0ecada30a71b41c7776bcb69720ba3ef2973e9
2025-10-09T06:05:36.016746+00:00,7275781d177c592093efbacb51d8795099138f169bc0195958ed9fcd436973c3
2025-10-09T06:05:36.615161+00:00,ae93e9b6aff79ead51137acf0a921e8d8b4c2329d22055ac6d4f97925d2da891
2025-10-09T06:05:37.196655+00:00,af7fce6dfb14012a7841b1929c95b7fa079edd6f1965a20607c893e397899078
2025-10-09T06:05:38.005724+00:00,388951cff33f063b31597526c4b62d1ba52f8b158a7bb51b5d711695525f8108
2025-10-09T06:05:38.609078+00:00,3c982e63b62198efed4c8391aca0c13ad5804c8f8de12624129b0ea1f932c87d
2025-10-09T06:05:39.205093+00:00,ca87bb38c4d435e665902d41fdd137349e04f0cc651f87255fd865eb820a727f
2025-10-09T06:05:39.812114+00:00,f854839177a2cc20e68a784614f4c1815467ef2f315baac22d7e19f9c187a8d8
2025-10-09T06:05:40.419879+00:00,edeb56e47fac5c687f31dd79ec3c599e5c5abfd0c3d6c066a9cd8822f358eea4
2025-10-09T06:05:41.032299+00:00,8bb1aa6bf388f31526e8eb06a7112c0943b58acaafde2021e3ab90c884b97d75
2025-10-09T06:05:41.627765+00:00,dc44868813a51e02bb60845bd899e734eea9b7986f7c7a7d650814f97894ff25
2025-10-09T06:05:42.227422+00:00,bec8ec8cc0b9730b06975871867d6e1fff58960b0a7bc4a008efae7c399f0516
2025-10-09T06:05:42.834808+00:00,851b2cba56dba8511a7095f69c28339ebfc1b2c7bd80ce27712575668644bbec
2025-10-09T06:05:44.679734+00:00,f9203f0183b427fb9b7207c806e1ac4dbbf651b1a027ff33affaa2b8dd17be80
2025-10-09T06:05:45.282094+00:00,17579318e4923bcee5792fc9fa35b139e3d66483370f0025961d0f8e9c549f78
2025-10-09T06:05:45.848013+00:00,57b348ccc7293719c3fc2227176cfe844262f64cbc01233411159c39b0015d8e
2025-10-09T06:05:46.415097+00:00,fa2b4317a481bd2b28bfec8958ace1552983a0915ce2d6eadbc1b6cbdf66ee32
2025-10-09T06:05:46.978982+00:00,fd1c9bf6640696a996384eb24d31adb7c5b3c346ec590c0acdc8a62bbef1f4e7
2025-10-09T06:05:47.568205+00:00,54d35485a6bc7ddddbaba113e763acffe059a50df2c11d15dc7ef6363e6946a0
2025-10-09T06:05:48.161598+00:00,5d66ad2b08cc2ca69f9e6f62de86827c3fab1904a36be4b711e15f2510623d6a
2025-10-09T06:05:48.772898+00:00,f0508db1ab783aaa22c528cc6fc6a7e089ba8f93dc61f235da4333a8dc80bd65
2025-10-09T06:05:50.385908+00:00,88edaca4f3c640b9b9de97bd4534bc646f538878d982f43e04617309ca6859a7
2025-10-09T06:05:51.530214+00:00,40c5dc79e04470ffd42b8e9f6c9af5a343a97c6409442874f11c9fe2a9cb1b26
2025-10-09T06:05:52.124405+00:00,a4ff2f061ac920e064e9689dc692166619bef7caead3ce597bd892a0dd48be35
2025-10-09T06:05:52.704627+00:00,4a9b5b02aed6bf9efd1e071194375b1196552aa7ede267a03109bf6cc3e030c5
2025-10-09T06:05:53.302222+00:00,3dff2840eda879a46072671879cb04e64d77a5122b6edb4fc6a1848d6dc96daf
2025-10-09T06:05:53.894307+00:00,a5583962bae43d06ee3d5ead3999851ba4b08163ed0ed18a59e503bddc9f71c5
2025-10-09T06:05:54.483680+00:00,e73f31e0d6a803cd34520846b393575051d174f191e76e0256083505095d6167
2025-10-09T06:05:55.063972+00:00,01e87e09c374b6049203b774f62cd6270f050f5c181791024b113f1b4a8978f2
2025-10-09T06:05:55.661590+00:00,2d457210ab5639f38efc5db8c6aac1e51361e296780eca7bb55313e7043a3264
2025-10-09T06:05:56.438415+00:00,c58442dcda1bbc0e0543b9c55390b7907cb61cb4ba9eaa208dcda29be61c0300
2025-10-09T06:05:57.007803+00:00,7da566c9b92c388622111dda230672818728262cc7b734bd885020a3f881b92f
2025-10-09T06:05:57.598220+00:00,a891135a7b776346cb7abd5e84ae0566aca2d601a8ad5a100da028203d487987
2025-10-09T06:05:58.185165+00:00,84894802e3f4be722710f984e0176d4fbde313e245b9bef6eaaff77814ce6fdb
2025-10-09T06:05:58.748699+00:00,0ff854ccd2dedc0de4532446f5edc96ceff6ce2cd225b9dcb9e020bc451cb8ba
2025-10-09T06:05:59.345868+00:00,5a166e93b9fa2ca631220c148154cad8eab7094c791a039247f7fb69b8dec674
2025-10-09T06:05:59.950505+00:00,7f2ebaecfcf3fbc399153012c096906dfe9033535f6d18ac77339448759aed31
2025-10-09T06:06:00.543059+00:00,7e39c099cceba789d4ed820b910ab5903a16aae8a1fe9fef379322230e4cf00c
2025-10-09T06:06:01.152152+00:00,cb4fcc3f510dbfe5c1dde13e6c6917ebd393d30749c2302f372e80a29c628ec3
2025-10-09T06:06:01.951098+00:00,1810ceb13b5d7991e7a2975558d1ffc8851e81bda4a1594e40eadbac9aab5e4d
2025-10-09T06:06:02.559347+00:00,3fb14504fcd8f4a4a24f36a5a388e274bb90fe010b2e5a78f2c772d177e8d090
2025-10-09T06:06:03.169259+00:00,0e9e664f22d964519a49aa0cb36bc1fd76ba72ae943c526beda91116ca4b59f7
2025-10-09T06:06:03.755834+00:00,38679726100e5b364f57071d7daedac02930691a95fc4ca77b0adee6c519f67b
2025-10-09T06:06:04.339329+00:00,14f3b7d7c9cdf90ae03d469b083351671f4c49d71d4665ad817e8b4bb31a659e
2025-10-09T06:06:04.901032+00:00,8f1e1ba4cfd090a8dbd93eb1c662de9f94714031b3a74fd3cdea877e05670f65
2025-10-09T06:06:05.474987+00:00,40fe47e1370596cc2693907eb5c5b6fcf4470a9c0ebddc76dafa1c2452e3d100
2025-10-09T06:06:06.070739+00:00,162a4d9ca4d3686ce4305a95b900a5b48dd80730cef454267a491437d5505226
2025-10-09T06:06:06.660162+00:00,87b2083f023523a3ab1dee342abf2cecfd869be9ccf481e4c654980d62c0c1f7
2025-10-09T06:06:07.514980+00:00,c201bb55abc8b63831e8ef16b15da1a1d12e944f956f454c9bf091f5ecea90b3
2025-10-09T06:06:08.112035+00:00,e4a35896b24ae78442c7d7fd716fd099ea13549cd40c275386f39c533d31f7c8
2025-10-09T06:06:08.728570+00:00,d1ddc5ed58475c442ad9857334c375dfe49724a3b97e0018f5d017f7ea435a44
2025-10-09T06:06:09.335326+00:00,8d35d679e8006d9e3eaaa90721d6bc3f93745201cc219ba3c04e774a4583ae80
2025-10-09T06:06:09.958187+00:00,f44fc781d6510c7af4e50851a7f489c70056b8daa055f9762a6c40d65f38e0ad
2025-10-09T06:06:10.544876+00:00,bde0a2f4394c916c717d478ecad26bafcee334cbebe691942f83c4afc6874883
2025-10-09T06:06:11.150467+00:00,5e7c3414d8e3def7b970f2bbdc146b030e23930ee71ca1ef93d1d36e2548cf83
2025-10-09T06:06:11.748218+00:00,62b8f2c0614ccf33c3822b868b2df64f6073b5d3b2d133b2c85aecfced519639
2025-10-09T06:06:12.362286+00:00,98eada0fc8559eca63ef44887c2e934cc48e4959d0ceb028ca93b342124cdc42
2025-10-09T06:06:13.161780+00:00,2c41a4d95911974c4ba085916ff0315575d9050b16b5e301170626380c6cc764
2025-10-09T06:06:13.734499+00:00,04e582700194ddee2228ad4af5d9b1f724eec6757769595ddbe336270dca62d3
2025-10-09T06:06:14.316542+00:00,ff1e8dcfa9fd0577bd163992f82f2fca9db2f2ba39f27a2192cf451d02ef3ea8
2025-10-09T06:06:14.880264+00:00,816ef34e9284f032824bd8a826f895d37aaa32080dcd7fce987654ffaf3a5d40
2025-10-09T06:06:15.464705+00:00,9a2663194594169a4d68951c75a1c877ac2b392b277ec1100d55d2c10ca2ac5d
2025-10-09T06:06:16.046737+00:00,b6a35a17bfe956332947bc19aea13daa3a6b8767379aeae4dad33a3f43fefa38
2025-10-09T06:06:16.643063+00:00,a5c8db88ba76bec3ddfffd239090dc77e39bf7f1396108bb4169901bbe86c85b
2025-10-09T06:06:17.239861+00:00,593f50f163334da98bda82b1a0bdf2c37d270f30a3f50bffd1e0100710b3aad1
2025-10-09T06:06:17.843402+00:00,4dedc9dced3775fa930c87d3f8063973ce0085743c0d59ae6f617bb22f06d739
2025-10-09T06:06:18.646197+00:00,529f7814d9c2943784fc973bdc9d0f779f45850de6879a1a67cccf034bd9d5f2
2025-10-09T06:06:19.267225+00:00,6dc3a880752c9cd3616641df4e4020e1d716dd12bd7fa16e8a53e865db6b6c2a
2025-10-09T06:06:19.872769+00:00,1000fcb726f9c53b2ef80e06f77e374f2e5b2968043d73a83ab10bae9b127c4b
2025-10-09T06:06:20.473408+00:00,ed463e07bc6cd0477bfd4f07ae8e75805db2554506244d113006fa8b75e6c60f
2025-10-09T06:06:21.091337+00:00,d062f7d22441a3d37eeaa80abb46c881bd43cce41bb322a2dee182379a8fda57
2025-10-09T06:06:21.697699+00:00,af06bf7e7781b0a275d4d0f13ac076682cdb76249b1b30c32648597752ea5788
2025-10-09T06:06:22.295290+00:00,9bf15f44195e1bd6fbfe5e0aafe9ace31c35f369ac2f4fe11b375ddc450bb443
2025-10-09T06:06:22.885393+00:00,51134fdfb8d44898836be36e24cd51b4d8dc0e903031ea0605543cda9dfcfcf7
2025-10-09T06:06:23.470308+00:00,cf7a6ab6c2cdcfd4e2a04fa892ade86c82f45a52a5697a944b0220f1e4e5cc39
2025-10-09T06:06:24.265113+00:00,416d70ef79970f28f226ad3093beef2813d856131558cf76ef16c17b42ca1072
2025-10-09T06:06:24.839081+00:00,b910ddcd1d7d9315b9d4d1166bba2f8d7f6d9f34e1be4888a01499d3882a3b23
2025-10-09T06:06:25.426323+00:00,6586c1f1dd8b2103e137651522afec4f405ba1f02c3535143240913dd765ac44
2025-10-09T06:06:26.332511+00:00,0aac789a6c60df4715386785342bb31404b4e88713e24fe647328f54e0533d1a
2025-10-09T06:06:26.929426+00:00,8bccd8c3d4a4fafa7b351395e4d706c19c58433c02d425375aebe0c121a7f3ab
2025-10-09T06:06:27.837233+00:00,07d140f624fed5e3ca2d7c84bc3f09af84862d49abbc39ef11d7afc1d50d6282
2025-10-09T06:06:28.448331+00:00,c6b737a503d2776d60e7991eb9156719ccafdaa2ed4b63af6c8d48afd41dcde6
2025-10-09T06:06:29.058409+00:00,8c17b846359a451c9bb78b4af256d6d611ec4f24f475cf28ac472d6f8b0e46c1
2025-10-09T06:06:29.859047+00:00,02f388a4a0c8f2b2d53dc5d5ade6538ac643f5da0f8ebf2e49e6004654b82ac1
2025-10-09T06:06:30.473046+00:00,2065d9596b59b7990d4d91618f793530579142ec1216b8accd4320e736fc5242
2025-10-09T06:06:31.062312+00:00,d8261ac3750edb00dd7323ac262f3f1f94c5e1909ebf98ab7e5e3b96616aca82
2025-10-09T06:06:31.678027+00:00,3feab3fd10d400082a5d571f20dc0ebf500a7abd215844d362f72ec44142948b
2025-10-09T06:06:32.290915+00:00,f983bc272cd7f26272d5b3b52cb4dbaf20e0adef2aa90eabc2f2b99a22280306
2025-10-09T06:06:32.895676+00:00,5bd7274f7b2f636b73bc2b89c400cdda88c6691976fcb8b7b554d5e0bb8207a6
2025-10-09T06:06:33.481707+00:00,adbf5023d39704252ce82d2076b1c38090b60d11a6ea372706745b54697c8327
2025-10-09T06:06:34.074951+00:00,470aea78b527b0a6794a064ac912ba72d1ddd95ce80faa23384948d33e5572c5
2025-10-09T06:06:34.663407+00:00,0b0e8744f2ec941f2016725582447797e78f4d520bfe767a5764ba3ba76edb40
2025-10-09T06:06:35.442632+00:00,c44704ec0312f5bd9b23c4ad902ea1caed94b07c091666843b18e6a02b431100
2025-10-09T06:06:36.008106+00:00,84b26428b76f5d2603a849700275c836e2808dc302ff074d25daff3680fb6f06
2025-10-09T06:06:36.640117+00:00,7490d363501a7390512255ac0beafdc14f60feb242cf49b6ede793701eac621f
2025-10-09T06:06:37.225667+00:00,dea7613b58d00adf818acb6c3b04dacda325d13e2f8318af2daaea727ecc66f2
2025-10-09T06:06:37.821253+00:00,9b0ad0b02cbc5714cfd9e7e7fac3c0c012b1e6fd7708ef961c2c51a4876deeb8
2025-10-09T06:06:38.419623+00:00,e39f87a36bcdeff424f4bf8fcc86b2625d2f823dd4ee220c5c47195ade80076a
2025-10-09T06:06:39.016267+00:00,416dd61061a89427d29d04e5feb0b3674f9103ef79229e943352526595d5bbcf
2025-10-09T06:06:39.620758+00:00,9aebe885bd17db28badd3b436efffe684c3902974cc9f57b0eb4a2c4ea5f91ec
2025-10-09T06:06:40.222140+00:00,348fe0f68b0b50b233923d29e0f56ac40ea318ccb1626f208f44fab701d3119d
2025-10-09T06:06:41.035313+00:00,d99ee6dd54ead85f99d81d3ab1fe4e4c11aa08b631e6e70f44c6153782f334a7
2025-10-09T06:06:41.640187+00:00,839e87face881070c325f2d12ffe676fc7c3818a52c4559da3a66ada5adc65c3
2025-10-09T06:06:42.246377+00:00,60e0e213802e08e25d1e9b5bc0d29c67d764356665f81bfe12c645b12a4d8db9
2025-10-09T06:06:42.844119+00:00,885c3cde0c72759229b4516ce7974d9f94a0ce480c4d53bfba84e21f17f52c6c
2025-10-09T06:06:43.443703+00:00,0e1c20f7937eb8587b4fd84a59697415de371a4412f8296f7759a34340dd5e45
2025-10-09T06:06:44.042855+00:00,b7fb985123b95361e2d0b55f17fe66122ff5c1ade32cacbf0c8aa304d308fab1
2025-10-09T06:06:44.635371+00:00,949461285899b57adec1850c020a9f53175d06ffc08ee3465d6d49416a079ca9
2025-10-09T06:06:45.221631+00:00,aa24cb1d58e7cad8ceab62adf6018be01360f04a6d724e7b0fafbe7744ced325
2025-10-09T06:06:45.806621+00:00,096602450da7ceeba1f563799b52f11af49d4593fc3bde9e8539ec5b53d8f2ea
2025-10-09T06:06:47.664198+00:00,c19f21033debe2ee9dc13e2e6b5a31cfbb8bacc30b1ddba445aa1f4cf02091a9
2025-10-09T06:06:49.314212+00:00,cf4af83b8842f6584fa25145c1a52bc64613ac0d313d65dff764e0d7a29ba142
2025-10-09T06:06:49.915694+00:00,667f2892f394bd2ffd1e48ab14d44d038237c78432b0c454167b762d5e9ac8a1
2025-10-09T06:06:50.505106+00:00,ebf4b6dc44cbab2ec3ba82bf2c03a2a35a3b13f8265f0b33428886153f441460
2025-10-09T06:06:51.102669+00:00,d583da0715dd48e7e9bd557e9e76b687f556ce6a3d30e6608d905d78113ebd30
2025-10-09T06:06:51.894183+00:00,ee6ea20d69cfc4d155fb70a3a8f1d2118db40b81f880d659e2bfa9dcd4cbe8a6
2025-10-09T06:06:52.507865+00:00,556b6779d9dcf2b0057f23a211a1cea61a95da02efc823543657f9995eea1bba
2025-10-09T06:06:53.104181+00:00,3cf17fc274b92be01782f0363350e8742bd5d25403a4fdc556d66223ba234346
2025-10-09T06:06:53.699246+00:00,8e531958b8af714e7852baefb60abc7af9a8d4948f22891a4f14949d7b94e80a
2025-10-09T06:06:54.289232+00:00,cc44fc20ef7877735aae17008f06dad58c5ff5c51206e1f10adde8c0544f89f4
2025-10-09T06:06:54.862053+00:00,99e2196a065f032f208b0fc5e5cf1d243051b92046424ca401af48b5a36c9c37
2025-10-09T06:06:55.464440+00:00,d056ca80ccb53534862b608e6878c687f7bbd1b1a1a46ef109bebf3b5fe3ed4c
2025-10-09T06:06:56.044124+00:00,db683520b352b23b7f1b9b6b3d8c6357c316b8e66243b81e7516038a342c3d70
2025-10-09T06:06:56.640904+00:00,e46eba486e533c13b9a2f220006cc6433f86eccba98f268e6bc8c13058a3ab14
2025-10-09T06:06:57.440698+00:00,9a92215157ac56f650cb9dda256adabecd0ab978f2e90d02f6e7584b69b06152
2025-10-09T06:06:58.038699+00:00,4ccb5ca93997da127e5f4d78182bb73ca24e4f752f50658d9c236a4e0cd45f13
2025-10-09T06:06:58.629706+00:00,bdf1bf0bd4627b19f4eccb29ceed4f43793a6e9fd9bdfe4a76527c269322caeb
2025-10-09T06:06:59.237406+00:00,84b685c612ec54a7bd737b4b5a3f0e3132a0ca5a9bc236657fe058d6f7cd7e08
2025-10-09T06:06:59.876500+00:00,14bf87ffdedc9caca9c11702923dc7bd68160b0bae33bd0d4224c89cde33a307
2025-10-09T06:07:00.473701+00:00,81940472450f3730853e5bc6de53033874bfdd0d743707d7a967b1ad1d6f7645
2025-10-09T06:07:01.419137+00:00,717901c86066b94ac1486d1d6aa13c57c1202b1adcf6aeee6c7ecb02fade0dc9
2025-10-09T06:07:02.018120+00:00,6afdd272c18772a0c5b0227a6ce467194954dfa2247cd6362d5f3282cc666a20
2025-10-09T06:07:02.836525+00:00,72e2c5e2ddbe2494b7b230e2ed3fc9312130cf5a8ad2b9bdb21009ee3561232c
2025-10-09T06:07:03.435493+00:00,e87976fc8649a8bbea215837efdbdcbabffaf4d2cd8a57072636711b36782b78
2025-10-09T06:07:04.063550+00:00,f2a81bff268e049df13e706738dd7dcc1d9213d6a6adf735b613b9c9910bd93b
2025-10-09T06:07:04.666703+00:00,fdc149b6404ac15adaa11bf87b8821fa827781ae7de2f1ca51a734080b0391d8
2025-10-09T06:07:05.233620+00:00,dca092d15b4346b5bf2ed92591265cbd9ed4fdd98f42aa95e234a1578eb0d638
2025-10-09T06:07:05.808225+00:00,ef87c591b9f5d5822249bbcdc717ea4365fe49643c2718016870b3ebfe731d54
2025-10-09T06:07:06.403257+00:00,b6a54ad66c376ad052d0bc387c66d89e289550734cd329c97b36f3436374034e
2025-10-09T06:07:06.980102+00:00,bd866b6b6e23b3e270b5355aba49ac9941f44d4cd1a69988a94b816481a5ee17
2025-10-09T06:07:07.649168+00:00,9f3768f84bbc5837dcf59c3f94f36d08323d4ca4dcb5727a843a27c55fa08353
2025-10-09T06:07:08.462630+00:00,b04b37277ca78bfbaa174fd1b0b999890860b3b9726cc387cf4b5e8987460196
2025-10-09T06:07:09.037386+00:00,43568e8ad18a455cd83ca9a3ab949267ccac970c519a9500d66048c8b190bed0
2025-10-09T06:07:09.979136+00:00,63147d703ba30ce62368705813801e234592b3f3feef991ff4e2c18100d3e84b
2025-10-09T06:07:10.578144+00:00,0bc7b91e8edd29146ac256892901dbb654c6bca6b00737cf4a3fbe8a34633ed6
2025-10-09T06:07:11.246551+00:00,05eb2f7b9cf6f5a6d0a4393e92f1a17fdf2d1180d511c06469bc98519e9800e0
2025-10-09T06:07:11.842271+00:00,4bf439c5d6d852f2b2840699fce7c6b6eda0e9e4be4edb2793e35d05bb7c42bd
2025-10-09T06:07:12.446461+00:00,c46f66852339fd25cf4b187ee843e4fd1eab9305f86f4410b51d11f2c54e7815
2025-10-09T06:07:13.036192+00:00,727fe711f121d822a53917e34780410f969252dfc08743737bb9ae2242c855a6
2025-10-09T06:07:14.883433+00:00,df13638885cb40c6d575a310e7f01332158385b31455ae8e039ea5088d96e2aa
2025-10-09T06:07:15.481742+00:00,5b6fc4d45d21707817357129b6e3c7e9e3f563ab0e3182e0f69d9128b5703428
2025-10-09T06:07:16.058394+00:00,807dfe1ad83a94100aeaa74a6680195b7753f1cdfcc1597a1627706ee223fdd1
2025-10-09T06:07:16.961787+00:00,3e59861c28a5b6da60c4bf1733976472348d74ab202181007b47faf6aec69132
2025-10-09T06:07:17.535178+00:00,3cbf1cf78041e19ed7f9e934446f11be1e605c7aaafcffebb58036c072cf3689
2025-10-09T06:07:18.153181+00:00,d16bd9d355bde6a05334fcb0198ca41440a542efdea2fecdc13b4832024d53c7
2025-10-09T06:07:18.747247+00:00,3bb4dcaf28d6e037b408eed184c7a228904655f72b7d3769702ffce2ef3ba425
2025-10-09T06:07:19.551540+00:00,9585199ba2df2f130a780427759a5950a22a0cbbb93d708dfd9e5030e8d8dd0f
2025-10-09T06:07:20.150456+00:00,f0306f8b05eed019e325f27ee69ad384829e18c48758d977bea5078b5b779617
2025-10-09T06:07:20.760449+00:00,a3e4546cda1e8b2e29aed5ad2bad7d11570397fd63fd3229730b959e930cd6cb
2025-10-09T06:07:21.378095+00:00,2d77a55099e37761f2fdc9dccaa35986f57d41a066d18c1eea401be74b977e55
2025-10-09T06:07:21.977242+00:00,2091727557f1f4bf4fd874c873397d7242fbc81a6468925a60f1051e6c6f65c4
2025-10-09T06:07:22.589661+00:00,a4fc4cd2d9e8420eeca1823185fc5394e7c11b483e4ed0172c48086397386094
2025-10-09T06:07:23.169609+00:00,a1b727cbb1f8af8c57608d2f9e3ffe19897b6d45b464db23a4f01cb976bcfe16
2025-10-09T06:07:23.741297+00:00,cb81b9bc0444b15e4d5fdba0fca964b9dfc74839f0bef824c9c67009b7299c7d
2025-10-09T06:07:24.339760+00:00,cb312f2a26cf59509ac039860fd1eb739877fb96048fd753f1b083aec4530692
2025-10-09T06:07:25.137894+00:00,c6ab74c6052a25c660236ad7e81f1de8c220af6d94e598ac40f1f54dab989d09
2025-10-09T06:07:25.773912+00:00,749137573890384538d0815f4c43931495a484bceac6b8b9db9343dfb2b31fe8
2025-10-09T06:07:26.411373+00:00,b4846d4ca64a7498a4ae265ee05323fa1c2832c74159f219c50f997b7e265ecf
2025-10-09T06:07:26.975768+00:00,0a1c522bec5bb56e6dd5bda6b494f95c4c237d147bd1a03b7ce90ac93fb33926
2025-10-09T06:07:27.555277+00:00,9dfa793bbc24d48b6b0947061b0623778ac9e302505467b763868008606ec148
2025-10-09T06:07:28.154760+00:00,3efb092218f27e80b96c68cd37b8600638b9179de775faa10863a8faedf303ce
2025-10-09T06:07:28.757677+00:00,5379a5f0aa055e366e0f66eb35ab5b9b0a1d9e989500b4c8858e933c12690d63
2025-10-09T06:07:29.355880+00:00,444a232b25a6a280d310c57474f5abb5ac0e874d05cacf06f1cddc43b354abb1
2025-10-09T06:07:29.958063+00:00,6abb32df6bf81c89f150fbe2291e0835c9b42ce5832a9254fbdc704b2fa15e61
2025-10-09T06:07:31.091211+00:00,54a02a78700dc7e84f3ddca1dce3463ff3a12958d5473d2f2213b52b9e0d23ac
2025-10-09T06:07:31.700896+00:00,2a9a6f1ba28d948906577ce95f9e29159b8c6dea4093e679e730d47495c81ebc
2025-10-09T06:07:32.295783+00:00,7e0352474f5fce471d95d2c359c38d662e44ac60a4a7e968e68e65b5d430ccc3
2025-10-09T06:07:33.893664+00:00,63327d1aa4764699b85426c098424051873c8eda59ba94229f5200da1f1485dd
2025-10-09T06:07:34.492271+00:00,f9cca3c42dfee3288e4e4e6f615c85a5b828ba780e32f71dc1ec714bf3b97fee
2025-10-09T06:07:35.064117+00:00,435a76f2185630d101de708cabd1a4c92073f20c544a5b2079cbf3723a6282e8
2025-10-09T06:07:35.644858+00:00,21fe0940e763f20b7fa536da1aed0f5a573edc89d9877713cd3852d8a44c7b90
2025-10-09T06:07:36.441052+00:00,6184b87c167c8af88dc18cb3d888f1a76d8fdf839e27298e1f0a67499273b138
2025-10-09T06:07:37.012884+00:00,3c7eed3e5fc989edd55ad3b0ff28d582a698cc77ae7b3a90feb887bff9ed793e
2025-10-09T06:07:37.622977+00:00,4eecaa3bbdbf2132c539cd707bafdfd4c12c918d9d1789331c5eda4d1237d7ae
2025-10-09T06:07:38.233694+00:00,f1c60a4e1129a2c8182e89048bac0268e102574145a09747c22fa3668804aedd
2025-10-09T06:07:38.841061+00:00,598c143d21caab15197d50d52979d8a840d066bd75cf8e6f38edf004d6069769
2025-10-09T06:07:39.451284+00:00,257e504468935729e920753ce8aa168e9a8b8ead8c4dfe8adc96c30ec1ace6ee
2025-10-09T06:07:40.378933+00:00,007d5115a581ab646ab26dc6417412e9cd16504d565789e72cf188afd7b54bd7
2025-10-09T06:07:40.988673+00:00,47fa620985e882348b38ffee946ca92b0b53854615bcceaf2575ab0046f8a5a9
2025-10-09T06:07:41.830457+00:00,12cb197102ecac2474095791a630041662de49b2890d2f8c5190457347aaefcd
2025-10-09T06:07:42.447314+00:00,15a17ea768b0315c4a53c2d8ee939f662bf631531795450cc1c2153bd095f6cf
2025-10-09T06:07:43.053724+00:00,5205009ddf09eab5c964dd9a74ece5e4e6b81b5699cb7cc2e5d4d9f4cc858505
2025-10-09T06:07:43.655040+00:00,9d3c2b20121c4b8e5fd648d3716aa1ac741a895702e5a683cbeaa0e4a9d6f299
2025-10-09T06:07:44.596553+00:00,54ad4c747d43dc564eb56a5db486dbbf6ff22e87abcf7472e7d5380e41d647be
2025-10-09T06:07:45.173693+00:00,752e4a89a73f1c950877569d4c947fb830b6c1d22d7cb6ebbac8ed584f246b5b
2025-10-09T06:07:45.797130+00:00,61d7c87b2a6369c22cfae328a3f793ee424fe4d5c2e68b3f9328ffdcb903cb30
2025-10-09T06:07:46.442401+00:00,d2978ee8201f8411cfd11b947c71e197f1b111b66beb177853dbc5d6294c08e5
2025-10-09T06:07:47.250750+00:00,22badbd1e1a4f8e6a5270446a6f0e19c885769c4853344293faef1ee30c65576
2025-10-09T06:07:47.843535+00:00,dfbbb4206a0dc0506f9776dac80bda66a381383f1bc22e51d084688941d0228d
2025-10-09T06:07:48.432563+00:00,370330a176f83bc03cc5cf0060235dbc50a706fc434a56fb998be055c5cf3ecd
2025-10-09T06:07:49.046134+00:00,1ba8a29dcbe37f2d3206e32bfe3895398cf9f8afb5a2b9d4f4507ea4946a482c
2025-10-09T06:07:49.977276+00:00,8cebe2150738bd52c6c5d5a9e9adea167d89a37c9e95c508844e026bbea10a19
2025-10-09T06:07:50.580937+00:00,72a5330b6ee9deac987791c98eedb99248538cb93dfa197ee68eb6ad542aec1e
2025-10-09T06:07:51.530203+00:00,f9fc619dcacb708b5406517e3e1f2ba6caaa4a1f7c85aca96dc914d8eb0f8383
2025-10-09T06:07:52.124769+00:00,c72a0ea8ccedb40c8113fbd6f42ac83942cf35d4826742431f3977cb53696dde
2025-10-09T06:07:52.931440+00:00,59492f28e28e314ef5d5a22c3ba44ae5b6b9520642e417f08823d9ad222800d1
2025-10-09T06:07:53.530673+00:00,ac61dc362237dd944033c368c2e52bdc1d0e611ff4e5266257644d6d96750e5a
2025-10-09T06:07:54.136043+00:00,0d27b9b17041264f875f332e69c395a0404a205dd6acc7e00f1a10eb64a49e46
2025-10-09T06:07:54.731606+00:00,25b9093a130ea1d2b78fdac7db0bc0d440486013b727d944a552784e46a95145
2025-10-09T06:07:55.339405+00:00,0e183c69234ddfcb491ae978a0f98f2636715a1c99d838ef06a376d43cfac512
2025-10-09T06:07:55.925397+00:00,7a4d6f5ba2f1bee516a156a01e38b063170e6a6399fd8702f3339590463496ab
2025-10-09T06:07:56.505206+00:00,9d3073ab085608c35eddef3d2a546f09537b1796f95d884381af7e75824ab459
2025-10-09T06:07:57.081795+00:00,bd599166ce9b4f179df91769ec49802ffaaf13cb8898d1a4807fe91b4d066538
2025-10-09T06:07:58.010044+00:00,b6fb5abb7514482913d038a2490b950479da9358795ab28ceee0a075caf4cdb9
2025-10-09T06:07:58.815279+00:00,c4569da3901ee9907963ee6b898721d3ebabdf2c533c71a8a89a928cddd43133
2025-10-09T06:07:59.437739+00:00,6fc6abb767e6af9b1119ffbbfca52a34bb542c7f5238fe5f7b1eab637328d6dc
2025-10-09T06:08:00.044727+00:00,1c25222b14e2c85ef6b7ee8e792c69027755b63f1f9050dc9e7c7ed452743e10
2025-10-09T06:08:00.649762+00:00,050340c6ecd87b03d713631ace6b9d9c5710e15aeb5ac7a04f4223238c1dbbcd
2025-10-09T06:08:01.249198+00:00,6ecce19aec4a72082369f30a8e13c0b0b402d60a7fd2f043d25163a080ba3dad
2025-10-09T06:08:02.893067+00:00,943476906e6383d742f95f264432331c36f816d54541431be09f2c499f0fa2f5
2025-10-09T06:08:03.487093+00:00,1a9bac4c292f76b501f2d6398af0e9bf41fbeddb6d8cefe6a9ccdadc4bc96504
2025-10-09T06:08:05.309328+00:00,a530ea9688b4e1d9ceff984226174ee50a79b69bd4f29a5e1cd9c6967c60d632
2025-10-09T06:08:05.877080+00:00,f03888fef7148264f963d320127e788b13f88822cda118d6270fe9b8e9c70f77
2025-10-09T06:08:06.460534+00:00,5d035b0df7f4bf15db68f87d953af8611d1d1c3772556daef614826e0bce38e2
2025-10-09T06:08:08.098453+00:00,d7805a01ed758df6eb94a33a9646e65e49d6e7e00c4978f211fdadad82bd0881
2025-10-09T06:08:08.714439+00:00,d9c57a7f1f2b01a3d0dcf2d76b4affd40e55da4809b4f6ee681770884c18f5fb
2025-10-09T06:08:09.530457+00:00,be078c13ceffc363362536484d067086df2e09c654e6702bcef160f3f1420532
2025-10-09T06:08:10.145465+00:00,aa7896817d55d1053e6ab23a6b4e9dde45731a50a150417d476e674304aa921c
2025-10-09T06:08:10.761884+00:00,d29c21af9823eb67d83282129b2ff8f9cddd6021550aef3d17ca4565cca837b9
2025-10-09T06:08:11.356353+00:00,a3baa847035ea7241b9e643d566b8feb365e8cccd60b548e2ecab8fda2402e9c
2025-10-09T06:08:11.945775+00:00,c9c7782e4c08f30d8ae801f53b3e487bce0d8edba030e954356d2e57dd3e740c
2025-10-09T06:08:12.541951+00:00,7664bf83bff955a5d591348d5f9e29a1d3779cd9a9265a5bdd89df9bf7dc0fc5
2025-10-09T06:08:13.135789+00:00,57453ea80c55b4578f726f2aa7c75c6fa363d3298f3aba443447d072db29b7f6
2025-10-09T06:08:13.743607+00:00,7330b6a8d33829b8b401d35df201b3ccacf7dd8f0c5f0f9858c7edc964b8cd11
2025-10-09T06:08:14.348040+00:00,d136cc01b64b8f14adc928ec5d0bb8b5feb29e229929062205752504e71554e5
2025-10-09T06:08:15.453626+00:00,85afa60a7e2b69efa20e00724d01bf282b98f76eb14dcd31c7837743ecc1324c
2025-10-09T06:08:16.434221+00:00,a8ae7c309c95bac1f75225cf0420aac1c4eac803d04360fcdaeb9b17c5393fee
2025-10-09T06:08:17.027074+00:00,cf38fc457a158cc0709d19ad6e963b86baf72c54e76bb09645d4e90689c10057
2025-10-09T06:08:17.616790+00:00,2f6679c2f9f6b915983241cb740cd2820361ec377ed4e159811f5c13a818184c
2025-10-09T06:08:18.221867+00:00,fc2c04fd7859c5673e688714a5fe0b9e8592efb438b0be3bba5326b46d8460fe
2025-10-09T06:08:18.815425+00:00,0d67ed6d99bff10e62672b351a93489bca30aa7ebb72cbd9aaeb539e013e4b1d
2025-10-09T06:08:19.419835+00:00,5e3b41aaebf3eea79c518613f8358db6d7d83c5f08a1ffa357a241eb7b49b6ba
2025-10-09T06:08:20.052959+00:00,8a8ab9f5358b017703912d3d370e08dc219ee99b8396b83904ac95d37670597e
2025-10-09T06:08:20.848208+00:00,0283090f075356f611ea758eb7852cee6d2d8ac6242e6484aba88e9424a1fb6b
2025-10-09T06:08:21.450051+00:00,e1072401cc0dd897ef377e0368f1fbb32c3c1908e0f086e470f50d163cf8754d
2025-10-09T06:08:22.042671+00:00,ec0b556c299555d7e9b9ae54283c0cc01b5d4fa99cf8c3360f1029cd8bad1a62
2025-10-09T06:08:22.675292+00:00,f9d90975286c1e56499c2e2f11d56c0fd618f8af70c1277b8e2136c275b57a1c
2025-10-09T06:08:23.280553+00:00,d25eae8532993450872a665ff07fff03a03e45acd13cda57a7c12f02cbefcc1b
2025-10-09T06:08:23.876670+00:00,3d635efd13bbbf06bf3d6d9c75f24c8cbd8539917a5a02226d03a82ac5a421f5
2025-10-09T06:08:24.464649+00:00,11fe741707956a215e81111eae4295f39c67dcb960e0c5d02e184cee93bdca5e
2025-10-09T06:08:25.056476+00:00,6671c6d316e824259cc06427f4c671cbc1e96dd23a71a3fe1e67b58fa8e7ec66
2025-10-09T06:08:25.661093+00:00,bf44a262c34da7db19f7fd5e210f1a90d1380c33864646d1a3f3042b3067a29b
2025-10-09T06:08:26.514208+00:00,6c04f80fa1bda0ba03af145b4b8f6961253bf49c05a63a6d19b48f0c6cc11f70
2025-10-09T06:08:27.080236+00:00,b8de4d266b73baa145b1150b5ecba22de76d97761e099b425afa12620847d408
2025-10-09T06:08:27.679351+00:00,695b0d3f040eb9efa49075ce57c8901b9b5a817354de1a52cd22dce40b45d756
2025-10-09T06:08:28.268032+00:00,3cb7388627b8be9dcfd05c2b2ce0ca50ed0605da5b13963b75593eb08046eee7
2025-10-09T06:08:28.875066+00:00,e033161a476822919c5bbf6c3046a58234522e923c6394cbbf25755e1e526a52
2025-10-09T06:08:29.468240+00:00,2eefbeb60db065f7b8ee4973d37ce6d49eb9c59529e7bc2e71a8cc1f1dbd78c9
2025-10-09T06:08:30.072888+00:00,62e390ddc647e8cd7058385704c1a99b82cbc6cfc610e33acdefc138ad43d2e0
2025-10-09T06:08:30.688743+00:00,d143fd5b0afc8f1f56b5d519a8ab1c2c44ef0766fea8509631e8bf108df6b6b8
2025-10-09T06:08:31.294863+00:00,c94699212b303b9493fa09863c7e346592730a4a949d4d6c9d40853a197eeb7a
2025-10-09T06:08:32.101949+00:00,74f2355ade48390e036553094dcd7743bd381d1e9712ad6166f20a8719d8ebd9
2025-10-09T06:08:32.713626+00:00,2b5b0a25b1b93c5560785178c2d93ba69975fad026160e10babd031a7f51265d
2025-10-09T06:08:33.314018+00:00,eb9245a0d2bfa21e171bd79e36dfcdf78017ac24e92e1b3c890ce149e5115b1c
2025-10-09T06:08:33.901952+00:00,6ea99a55eb34621df51ddf4723ae0e8b6cfa1379b4a951e39f09090b45cce26c
2025-10-09T06:08:34.522719+00:00,6c88d5f67a2815acbee7fd11c672439d745e12ab90b3c01cfb026cad1368a023
2025-10-09T06:08:35.092952+00:00,26cb2d3253b0c912d3d796ec95528f4481b885437c87b4a31ddd98ce0570126a
2025-10-09T06:08:35.674505+00:00,f1aabe1be113dabd9683f6e4c60a33d468f85e42d81881ed679ff04f1cbf543c
2025-10-09T06:08:36.265972+00:00,dbc3f197af00336033a1ab9219cd7d7b100afda3d4814a00d726ce5b13acecf2
2025-10-09T06:08:36.866098+00:00,6741195aa958c1af17378b96cbbf854292d1765d37a913085e031a25d303531e
2025-10-09T06:08:37.696183+00:00,84b33c0a118e32b9ddb4d415bb698befe560a6d13a68745daadfdefd19a9b5bb
2025-10-09T06:08:38.302654+00:00,830e7c1261f837bb433d875ff4f442f5c0fe9a6e975c9430b1c85916d015673c
2025-10-09T06:08:38.923422+00:00,58cf07edc55a723c6b2340ac47604af74ad23da331b459939fe573a4388b105f
2025-10-09T06:08:39.532448+00:00,7b0fbcc9704b0a64ed9fc0de11c375ccd35b6ddfc77d0fae077879da58fc50d4
2025-10-09T06:08:40.140983+00:00,ff4692fe4a7127051ace3e1ff509009c15d95fd49cf573f1d7eb4c5949287984
2025-10-09T06:08:40.727712+00:00,204d29a138536bedb425818247cbada75037dce1bb6a235be9c88b9d8de96930
2025-10-09T06:08:42.394449+00:00,7475d73ec3151a1239977358787564af0bd2f8d2f26f634d99165498be71a3eb
2025-10-09T06:08:43.214191+00:00,4e1075326c3a19a4b298af13a23bf2494954d46bd209293c320c3d35b44b91cd
2025-10-09T06:08:43.818915+00:00,3d41e04f990a827de6c9958807778de52bb8f322ec559ad2025ec6c6f90d9185
2025-10-09T06:08:44.422012+00:00,a40dc38dd7fcb1b140f2135152b89092776e0bd2ec5c545d99a6c37d8c41a73b
2025-10-09T06:08:44.993426+00:00,ab062ab0998a9bf7d2ea0d174b0a7ffdd3ca29581949563a19cba62bde7cac63
2025-10-09T06:08:45.556701+00:00,45ef4e8588b493be4bd25a8f1cda0bbc5e5f5fb49ce550bc514bc2df1089e692
2025-10-09T06:08:46.126229+00:00,d1055b3f088279d9661ab841de2f7b11c310d108a5fd765e1809acf728ecd70e
2025-10-09T06:08:46.729400+00:00,993e03ea5ddbea3b3bbc243b6f71f6521b1661d6a161cbd852ada3a22c2c65fe
2025-10-09T06:08:47.319543+00:00,84eaeaeb663b63ad96c99c670b22cbd109f7c2d3cea08483d30a9133b1325468
2025-10-09T06:08:47.934376+00:00,04560ff1f600399c2148506dad7d5c35413f861e692262d102e474cfa47a3b78
2025-10-09T06:08:48.736589+00:00,a6e3aa08f003a4c0bef6e8f03fa303c816a130953823f269e102c8d968100efa
2025-10-09T06:08:49.336673+00:00,31dffd43087b3f1ba85156f8f5acbeda2cdedb444fdf19e142ff847a20ecd572
2025-10-09T06:08:49.961526+00:00,26cf4618af974dda9f70202aa0546b4ab2470c1bfe5471ded4deca27b6ad3a78
2025-10-09T06:08:50.575333+00:00,cc64387ae190c3abdc8030a72d78f2c86bc4a5177f52e2bb0dae8e5711770c27
2025-10-09T06:08:51.185971+00:00,fe3e61611a8de34744870264ce761a151187a439c980f630f79bbe38606cb8d7
2025-10-09T06:08:51.815318+00:00,80200b848c55a9cbb61bbf59ffa54cc038d0753b2089a966283bf67f47d5a9f4
2025-10-09T06:08:52.432430+00:00,0322cb279d38a0267ecf771b4c41df956d65a73704899285620fbc75d294fb44
2025-10-09T06:08:53.027469+00:00,3e37306e9240e337a7418a1d4c146646a6fdaa5a9737fee7513b494f3e187629
2025-10-09T06:08:53.626780+00:00,6318e34a871f05cbf9a6006e929da2177c72f4d963ac841679c91cf3f05b251e
2025-10-09T06:08:54.441209+00:00,1e4c2192de006847412157b981fe813f174de80e4ca1867be20e5de0cc1dd0d2
2025-10-09T06:08:55.009535+00:00,17199142661906acdb858f673eec16025c2ed4c812b751a6109e6d2a74d7d21a
2025-10-09T06:08:55.602005+00:00,b2e1550087f3138a11883d6cce5e64433a35d80503ae3f25437cf8ea333931ac
2025-10-09T06:08:57.228518+00:00,c4a33b60ad070f100dd6ca48cb9fb8f845963bcdac010afe3dd439ec7333cb14
2025-10-09T06:08:57.813467+00:00,c0d5ea81e738957a06a1d93c0d87ccb7b1dc256f7b0a141eb09c605d52e62c26
2025-10-09T06:08:58.429228+00:00,6f55bfda8f552521cd014c46b02c7ece2ffb896bafab215b5c451e37f5f2dda2
2025-10-09T06:08:59.023171+00:00,372e709d4e1493ed2c1b4a9a7a409c150d3cd2fc98d7cf86d702cbca19676661
2025-10-09T06:08:59.831059+00:00,2b05722c43e70d1e096df2c015ed2ee58bf590ac7f131c5d1ef5df77ec85b100
2025-10-09T06:09:00.410234+00:00,cdb634e630025cf83b03bf99b3a9b221799c877b28bd2a062a2cb671e5ecb20b
2025-10-09T06:09:01.025468+00:00,c1e1ac722fef87029b2b8d5280152aec8183222a3ce88057d3b1dbabb2611e17
2025-10-09T06:09:01.623706+00:00,c08d79b82319e170ac3ca94d9b4c26221687627801f2510fc888dfc1137f0bb3
2025-10-09T06:09:02.548381+00:00,4c82bfca764a2a173859fea0ff9a598f20033d59eb808e48665858525fd13d77
2025-10-09T06:09:03.149558+00:00,bf7b5e9bae35d25760db235ffe2cdf89cc7defca53f92479300a4f57b5428aec
2025-10-09T06:09:04.079028+00:00,0580d2f158fe7cdb5795f6a25aaa8afb6d1fcb85bd54158785d423ef563c969e
2025-10-09T06:09:04.678116+00:00,1a3bebc0377cf9902596309c3cf17fdf123057a033739688a940a96eb13b25b3
2025-10-09T06:09:05.473274+00:00,733f0e803fa851dfde5e8be4317c391d8727449d8f3216d0bff150cbf9558f9f
2025-10-09T06:09:07.194484+00:00,36b6770cf523377b273fc86252b2c9810d45a38d5a280ae53a88b97294b538eb
2025-10-09T06:09:07.849744+00:00,24b724deba23f8ef29ae2b00fa7c25ddc79860c0e2e5aeab01b3b2ae88149aec
2025-10-09T06:09:08.458084+00:00,3fbc54a87dd84650adcdfb5d9216c86d95a9eaefe883f2856bbf2f567791913a
2025-10-09T06:09:09.036412+00:00,976183c2e3166fe6afe5e78314b8f4c3ee585e82b9d34417f6da35d235c6a16f
2025-10-09T06:09:09.633006+00:00,fa9f768ee1629e36eade7ea0aac3e250d640f83a91049d48cb71f6b1bfec9b9e
2025-10-09T06:09:10.222033+00:00,47b963805a29737ca1243d445ca8bdfa864ba651d00ebef040cd0cd0a35afd65
2025-10-09T06:09:11.036742+00:00,fb0e0af0b03ffd73d9cb65ab7e70354246ba2303503b0e6855a42821f4f86db5
2025-10-09T06:09:11.664990+00:00,85d9443f5c60a5b9d3e4f8a52649ca1d66bd30c2fbf43ae5c72593da3cf099a1
2025-10-09T06:09:12.277413+00:00,0498b7ed7eb4e8fb2bb0e0c2c853baabe5640265de4c57091663661920157d53
2025-10-09T06:09:12.881667+00:00,44e02d0d3dc6f88a8e85c0c021e6b0328fd8856fd4473fe953ee9942854fe459
2025-10-09T06:09:13.485508+00:00,763cb095bb7855cc138b9bdd72d9e46d5a78fb467d2f6fe049ad1e4eb36edaad
2025-10-09T06:09:14.093330+00:00,e2519d111a898508f1633c30968480822c2788f5b3f72768b3c13ddd0cc550ec
2025-10-09T06:09:14.685977+00:00,f17e40428f3d1dab7c21fa06c7e79da91b41ec682d601d6062c2af860fb09e99
2025-10-09T06:09:15.262612+00:00,ce37bfa038ee119e1947542b277a00f31571a2db95ec64339dc6779acbec194c
2025-10-09T06:09:16.880037+00:00,ac1f41abb831b5fc56244b5462561c7c435fc484d15e8dc769f8c1ee2b8b2ae0
2025-10-09T06:09:17.705209+00:00,ab92c20d0891ac86036b78ccd85ca87094d502613d06bbd6233efcbcd6d1a1f0
2025-10-09T06:09:18.330470+00:00,630b6526d84d158d12286ca9840776d15c6a51e62ac7f89fc988f9f748c45ba8
2025-10-09T06:09:18.917975+00:00,f167a41f6ba12828cf0fe9d2ea1fc478777222769b95a8eb6fe9919e67299abb
2025-10-09T06:09:19.534996+00:00,1adc47b93b86d922fcbf3878804116f623281f2b207862e37c691aeb6b6f73f7
2025-10-09T06:09:20.148388+00:00,80a1a530eee2d8f1f820c9c91aa34bab898a194b6af17265762d0da04882e7f4
2025-10-09T06:09:20.764996+00:00,1bd63421929712a46a8625ba33b17889a66d3019d8fecb7aa0f6f41df91a10c3
2025-10-09T06:09:21.373127+00:00,ee3d5bbdeef97c4a58947086b91c083abebb3b2b87459abcf24b064a9d0da0f5
2025-10-09T06:09:21.976914+00:00,af11bd8430ad444424f43130c26a9c5edbe05e772e29f07ca5266f6ea401b29b
2025-10-09T06:09:22.577556+00:00,5fa9399d09a3faa30e4d650d87dccad076b99b850881886622e21d1968f6470f
2025-10-09T06:09:23.395012+00:00,c3d3d6736a9b6e81e0709a9e5f71bb8c6bb2dfc9138ae816dccafb941c106ff6
2025-10-09T06:09:23.969401+00:00,13429fb0e18fcb1885a29cf3c175ce217b5f5bb6070293503c670606ad551119
2025-10-09T06:09:24.569588+00:00,19510078b007442727a4316b943050b219057ec156ed70657cf536877c081f0a
2025-10-09T06:09:25.144980+00:00,023f92d8804c123fe08e29ccd47403678dff155ae1813d3c4e7b18bf4d77a445
2025-10-09T06:09:26.785644+00:00,b9647f8a17312172305a375385cc9cb53352244c4f7c4acf22567edf7ec8b001
2025-10-09T06:09:27.369964+00:00,75c43c1377b2e764910378ccb211333a1b4fb1e2128ae01667ef4b43d57fa9de
2025-10-09T06:09:29.034451+00:00,b927612dc65396871b13c01ab2f73de4583f9de6612be647ae4e483bbcb9403f
2025-10-09T06:09:29.870287+00:00,c41c40c602aae80abc2ba750828b260bfc9a18d74109f3d3bdfd2ca7191152c1
2025-10-09T06:09:30.468585+00:00,f54654a425a2acec68d2230c1d739a01a34967815af4271ba6d1b197e4449072
2025-10-09T06:09:31.073151+00:00,265679525760d03dcf75c17ed38ea9caad5be83ab663681d99e7a802714a37e6
2025-10-09T06:09:32.713053+00:00,1c720b1c96eb1628eaf50659b5afe9c90235701480f6616e3755cff73c56b8a0
2025-10-09T06:09:33.323214+00:00,f3ad82f66b6c2aa89f6bc443b9644501739e90772c4fcbbdd8e9b8c8e69dfc16
2025-10-09T06:09:33.908270+00:00,b5567282cbe28111ff833b83c2e701306126670784a041d3feb3a19566da2aba
2025-10-09T06:09:34.510924+00:00,74317abeb8233e61a6b05615d2305be3adef71b13a67104533299c7b65af52fb
2025-10-09T06:09:35.297565+00:00,bca0647b2d22c9a5f28f2f56ae61798aa969ef23af631b9e7975259a84226087
2025-10-09T06:09:35.897275+00:00,a311fe182de550a56a30fd56717a82143c69156bb9bd3869b04cb6b2f75721fb
2025-10-09T06:09:36.512799+00:00,19325efb6b2c8a99a53916128ed5d12d9ee488d3443d6bc07b1153b83df74a03
2025-10-09T06:09:37.082720+00:00,31153a7c624edc6a86a4c5d51e3ac3c840863949f9211b3fcc574479d2bcc73e
2025-10-09T06:09:37.658729+00:00,6e9f84ea16d29ae54b964a77248acf77d52f47813d5d00e3545868b02f9c08a8
2025-10-09T06:09:38.265365+00:00,1bf807a2ff12434c8ec347cbbfb8486765810a02252aa5fc30a820f80942de36
2025-10-09T06:09:38.859251+00:00,9d56bd30b60bea0f7bf4babbce6682b75196fc78f95533bc5ec3ec84b6c29930
2025-10-09T06:09:39.468949+00:00,ff57a96518cd7ee084e0250646afd5249afd66fbbe29d9f4b690aea8e1b49f7f
2025-10-09T06:09:40.074863+00:00,c1139444b87dc9c0f37bd7039cfd984865028ff02e267fd06f00a65bf438fcf7
2025-10-09T06:09:41.885291+00:00,f25016976e2bfd343b476d38529a503bd217e6af5a8f2d62664537be1ebf560b
2025-10-09T06:09:42.505521+00:00,831ae0194977fe735fa0ad269be1ed035de73260cb856d59d773ca1c1714b928
2025-10-09T06:09:43.103551+00:00,2d260009b13919681df82e3d6875cf349a6965634b4d0d0cc5f1d466d0f5a756
2025-10-09T06:09:43.717911+00:00,61fb2515bcf6b4c920b0c7134b40e2684ee841bd16b3c301e3a822f7b900b2fd
2025-10-09T06:09:44.327097+00:00,564e7179e0e396f75a8e45a8bc5bca4a9d25ddd3f112dac51514bfb205e3d1f5
2025-10-09T06:09:44.905109+00:00,4fff118ffe9d57f88b520f715f5dd6411ab178f5a96c8559acd9377ac892ab12
2025-10-09T06:09:45.517219+00:00,44c0109cd5d216b046d9c8b863a4a8a66c026ec99a7e2abca4c55b6a9aca8e9e
2025-10-09T06:09:46.302486+00:00,033ab3feae7f11a0f03549d4dc277c9f5d58296e250597a682d5a6226a797b1d
2025-10-09T06:09:46.892623+00:00,375f9fc55aeaeadbb7f1cb994898ecd57660debf64d909729d30ecaa3b945505
2025-10-09T06:09:48.558131+00:00,10ea72998b302671ad381936feb2caddb85652631fdb438f4610446c82ddd28f
2025-10-09T06:09:49.159671+00:00,f5512e1ae31c3517031e60e03b4146a12f17dbfb7d4a7803cf26a63caf9eec43
2025-10-09T06:09:49.757951+00:00,3d113f3073c4a6b172a8fb66376e9233f205ea784311391759e9da52867d5637
2025-10-09T06:09:50.382245+00:00,d87e10b543d8153e5dfb0c91c4cc3033e32d61ff0e079b06fc685ed2708de2b3
2025-10-09T06:09:50.971708+00:00,d587c009ad3ff099ee4e944456d81c19a2202e0d88a55755d82b7359d65354c2
2025-10-09T06:09:52.854153+00:00,df3561791428d65e0e521d22f53b388f5602de41064a0f6ef05288ebfb80b4f2
2025-10-09T06:09:53.456787+00:00,a8d95c6a92afcbfe7f476b8c9fe8ed19d22997781496fe36fa6607ee91ecd3c7
2025-10-09T06:09:54.055198+00:00,abb174805efdca7c2d1a11377509f20ee480141aa48a11859cccfd474f5dbc27
2025-10-09T06:09:54.633719+00:00,9a77b27175d087ddf4050c0b9273c8157cd43e05011fd46ad9af9185eabe1c08
2025-10-09T06:09:56.219269+00:00,2d883868f6a3421127c11ede81e0007fbbcc12888a76266ee11d86459206d2a0
2025-10-09T06:09:57.038231+00:00,1c60b26d75eaa68b979afcc27814065c7da642cc6a4c2f505f0ee9edb409b309
2025-10-09T06:09:57.625779+00:00,f66d9ebcc8a604b9b304dcbd532f2e96047ea29239ccbbbd178a97fd4b2636b2
2025-10-09T06:09:58.224352+00:00,7e47763c55ac64ac777b3c4bc1c6e838c8fd1ef0dd0b0a4c5d87b94b0a6ce896
2025-10-09T06:09:58.803650+00:00,23b61af9a6c5544ef4b75bed8c459d5c1ff6a713b270c351f1223acf5a92572c
2025-10-09T06:09:58.975342+00:00,a9ddee37eecceed4930aacf1c68c62021b79a7b4a58ce88c75bb2e328c5918d8
2025-10-09T06:09:59.172472+00:00,e319066f0506682d5002c03fc27e7c65534e175238d7c01ca89acf589e436718
2025-10-09T06:09:59.344019+00:00,e9c2f62dfaa807fcfd63761ab6727c802558e4679493fea4a0d2748a112c87c3
2025-10-09T06:09:59.505069+00:00,746376eebe581cdba8ab4b77cc9773693224e065e23d0d44f8ad5444eddd7431
2025-10-09T06:09:59.658848+00:00,9780e67c8d506d7faa955eb0802ff4d200751cad2f9a91bd8f45e1aad2479085
2025-10-09T06:09:59.830867+00:00,f35d857f95f4f5be608255017f948df76d043ebd85ab5f94735f7f20c877a1c7
2025-10-09T06:09:59.997617+00:00,0ef0d6f3523fa30f7a5d1ba54f25a24873b644aa093c535d26de44af8728931f
2025-10-09T06:10:00.159350+00:00,ec8104cee33c9ce68c4bb334d9559abe4190da222764c0db93f948958047e277
2025-10-09T06:10:00.322905+00:00,cba2a5b8544c1b667e806cfbb9165d5922700c5b74f26d00690e3f318523d1a4
2025-10-09T06:10:00.476474+00:00,a31f51d06025008129cfc59902634d5d2564de90458387cfe6fc03ecd2ddf831
2025-10-09T06:10:00.641968+00:00,51a1b404a92005b055b340875a2221040b3128bf2b0a464f7fc5f70d6a6b948b
2025-10-09T06:10:00.797986+00:00,bcab516f92d26b8bdd183e136b500476d208bbb5b31af85480952a2d78221374
2025-10-09T06:10:00.956165+00:00,03b2b0cd64fe4909935ce0e13d7075e93b38089f49074d41444b924f21aa05d2
2025-10-09T06:10:01.119262+00:00,0054b9d53b01646aef91a09a4e3c073681e5a86f2219d823925206e29b3ba782
2025-10-09T06:10:01.273097+00:00,ae238bc9b273a383deacea1c64f3b028dc96095e07c7d7ac1df3053e05a2b92c
2025-10-09T06:10:01.442114+00:00,47430ea1b82fddb885b5addbe96685c9ecf8b9b7ece971cb8fe9fab6915ec54d
2025-10-09T06:10:01.620045+00:00,27af4dd82e14a7d2e01cf7f9d9169f6d70acc34ef58f3ef768abed51b3f333eb
2025-10-09T06:10:01.781231+00:00,0623c0e4b9fccd5423fd0ab52d75537517d83927b15932e6b783255883312e38
2025-10-09T06:10:01.950910+00:00,ce57b8aa15411c0be3ae7b33b4d88b0ebc832337521e7ee1a77b3d73aad9853b
2025-10-09T06:10:02.125225+00:00,1ab4962a4ae93ea858bbdd59cb9f00c7302f1ff1bd8d3987cf9d6f0a980eac97
2025-10-09T06:10:02.291118+00:00,3444d713f4b4c173df56b4a2a49fc4a1ddd46c750e61ddc6bc767a13fe4c9e4d
2025-10-09T06:10:02.454299+00:00,96d7fb00224b085dc888f17eb210d28c3f37f7615a1b824cbb6cb3ad9b2ae97e
2025-10-09T06:10:02.610633+00:00,327ee9ded4c9de3a403497353260889595aaeb62988eaaf35fec7fcc79d8c239
2025-10-09T06:10:02.775050+00:00,f8e89bbc5ca88012c9a0d7771b1a4d6b807aabd60eb61ecdf17067b568c58220
2025-10-09T06:10:02.934863+00:00,193834d9044d876a824e0673887225ed1132b122715023d989d8411a50e9cc54
2025-10-09T06:10:03.091185+00:00,709bb6f3bb662192edd990ac97810d7cddd12e166f4032226637addcb705fa31
2025-10-09T06:10:03.272478+00:00,69a53a94ef3bf3d2efd2576a91b650dbf289f5564e97e029346831aaa091dfba
2025-10-09T06:10:03.437934+00:00,dafe01d96e0bf3d9723e2795b3c0e9e16028e45b6c4dec0c23ac391dd6fac22f
2025-10-09T06:10:03.598772+00:00,d482267ab6c8e452452ad0e1741bdf087de371f0e2aa84793e760b6faa73ff5b
2025-10-09T06:10:03.765150+00:00,db1319cc47b2c097e2b8605e418f4ec22eb1e552a13e4f345118b6ddebbd494d
2025-10-09T06:10:03.918372+00:00,fdfb42ebfc1888e8c5da9958df317b707e4c892ac1f5d4dc3dcff97feec87690
2025-10-09T06:10:04.086210+00:00,43c1d652c556975fc7cc4a326aa7fd79b56bca4750a48c97db029949bab7484f
2025-10-09T06:10:04.266474+00:00,1d6791a0563142ee14b20ed2d18552a8c0e8000d048864922ba6d4525c89d549
2025-10-09T06:10:04.430433+00:00,4d3da269f62c007930080310644d80fc7af4e3236042782ad3e6bd4281165e85
2025-10-09T06:10:04.593017+00:00,e1355268fdf3e5e15d0a638787f1940c42fd0dd431cea0d926609200772a7857
2025-10-09T06:10:04.762116+00:00,69eb2070061a84a7ae9500eb03cee1b705bf33f8e2c9b0e8810a389b0238428c
2025-10-09T06:10:04.933048+00:00,b21447ad585cb4cc9612fea6ad4e3cdb834bd7f0535d0e1c3a4b996bc5e10820
2025-10-09T06:10:05.101196+00:00,320e8b07ac66e9b9c9b8abc8a64f871cb827b7bb404c34f93b4d89a08bf758d2
2025-10-09T06:10:05.259561+00:00,0870974ee4534e48be1018e78273b77048d9067914cad9317947e90afb8c2b52
2025-10-09T06:10:05.433232+00:00,14006d5344457ec1d86bff6b47f42cdd62a5e7b0cf230921dfd1521af6c967d6
2025-10-09T06:10:05.589444+00:00,152ec241429cdcee0f101b6a279a563d4669ba1665ef1d1b8f9a80fef4f002c1
2025-10-09T06:10:05.844245+00:00,2468f6053c79e33283df1c00ebf625b35af35dfe9882cb46f1d312ffd78b6d5b
2025-10-09T06:10:06.017851+00:00,401fa2d761b31e2ce98710d67b719bc415a6b989382b0fbe16b824ba442ce789
2025-10-09T06:10:06.175522+00:00,f41ba357b39c3422ee68b8e7f6bbbbfa440b428642fb4387ede8f55f1528eddd
2025-10-09T06:10:06.344032+00:00,0038e449c1083d810eea7e3b4e1bc6f639337d6be86f75acdfbf73c5fb736620
2025-10-09T06:10:06.507377+00:00,5f0546ec659a5f46bb6d399b6ad11aea2a0b6086120e338704cf1bcc4da223a4
2025-10-09T06:10:06.732035+00:00,e0d66ac1c0212efe62d2726a15f7b01043eee2c2115e58b0be311f93005f8635
2025-10-09T06:10:06.913693+00:00,748046b070c95a60c55035f8f82ff45f4c6e39e25136692925592150b9bea16b
2025-10-09T06:10:07.092766+00:00,15dbf1bc4d75632cbb5ddad4031f53b9e421ed7f177f473e36d722b83ada6dab
2025-10-09T06:10:07.260537+00:00,e7a74fb189f6c0d63e85ce63dbc7b453da0b3b0e1a9e58d84ab30f7321730971
2025-10-09T06:10:07.630495+00:00,b867761a7d1053a8af7c51e1e658da5f2ee8da863ed177a21f9a42b8680d587a
2025-10-09T06:10:07.820871+00:00,e95c635a5d049b74b7ebb55208ea4857e564d4cdb86327a998e1b0a96a9e1810
2025-10-09T06:10:07.982823+00:00,3de351bd3154996361ffbc9821aed492e5a893223e4eaf2984eca12f6694150b
2025-10-09T06:10:08.142805+00:00,a3162c3a6012b0f9ffc575547239bafc1ddcf8d6af68bcaf5938486b4275aaae
2025-10-09T06:10:08.306799+00:00,34443a785af745a8709a3e065ad1658a0b1810ae2efc3136a8e03481c13bae60
2025-10-09T06:10:08.474488+00:00,c3a5cbd6e5330e2541527216b72a2d0866bac65d423b2c44bd92f058faf07eb4
2025-10-09T06:10:08.632386+00:00,e2d77daaa9b251ea7346e768c67fc621be05fb0f4d033e373f48d94e56c90ab0
2025-10-09T06:10:08.804843+00:00,d425dc68168e512614a66efd5b9d266c7a35c994e16090047802955217e222be
2025-10-09T06:10:08.964841+00:00,ba1efb4a3d8cbf3ae0f4694009322363dd9178360cb71d15417128c6648c6a5b
2025-10-09T06:10:09.130672+00:00,bca6c026ee2baa814af206549e479b19ad40c35ddb9d093e1bd65b9086305c9b
2025-10-09T06:10:09.299445+00:00,5b763d85f4f2a67f1540fd630eafc7b0ac2a7ab4e697b72ba59255fd8ffb0738
2025-10-09T06:10:09.492814+00:00,8ea88f9942152a4d4949c5a7696048d1f37de982d003f23d84bcf69f37987e8a
2025-10-09T06:10:09.678617+00:00,8428ea758aba8a37d4444ee37d33bf3f7de9195f9b28dcfdeb300b1f06a83aa2
2025-10-09T06:10:09.834448+00:00,c78114727bdec78fab6e08402d3b08746af9eefacf11c33bee515d42d1165676
2025-10-09T06:10:09.993347+00:00,96c79784c403db1cecd932d05423dd934f55283b8c9c40320e7cc3ba32e59a81
2025-10-09T06:10:10.261123+00:00,d5f2842c80eb897f310fb1d090b0a84ba8586ec49fb8d648cd3923eca4813cff
2025-10-09T06:10:10.415280+00:00,5b562d9814e6b422ba6e58bf9515443cbafe54902cf0da83b13680dfeb75096f
2025-10-09T06:10:10.584462+00:00,75ac77755ff941486703243756809ea85cbbd9f92281100e7d5c4dad9d7b6ec5
2025-10-09T06:10:10.743412+00:00,ef4e14a86b512fb85986f9a8f7612f86a0908cac28e6568733c1075f59915303
2025-10-09T06:10:10.908645+00:00,fd6c187d50aed70c7e806ebb1fd11a66960808677fedad1f76075498fa1c5fb6
2025-10-09T06:10:11.074997+00:00,ff9a30ea8da60b6589521bab0b01b599af1da3063771b7c42e251767ba79f39b
2025-10-09T06:10:11.233590+00:00,e270f558123dc533dfaaad102bfe0e6341770af4a15fb65412bee3713fcf9a8d
2025-10-09T06:10:11.395114+00:00,98d071b8e4d8725c05c522fdf69e98564918b395d40c54e31d47eeed62003e2b
2025-10-09T06:10:11.552676+00:00,d5fa43a1f391b420643d15a5ab39c0996ab5ed1f16cc2544a13920bd021512a4
2025-10-09T06:10:11.814516+00:00,9b055a29e952f50dcd3a0dd0b38b96c52e85336e4a5986a9f8e79f61f71ea6c7
2025-10-09T06:10:11.983912+00:00,fb97fb5e23dff861412843758c86d776b53d73301e75d8c3d2cbe2b967a7561c
2025-10-09T06:10:12.154181+00:00,3f8cc77c9dfb4557ff4249f3b2f86765d8521e97568ac8cb3045a6393438a427
2025-10-09T06:10:12.315860+00:00,973fdcbf270b424de4da9d9b83e81cf729df3dfeb40417dc8510b380faf39d09
2025-10-09T06:10:12.475721+00:00,ef6c55a3a6f0cf99d7fbacc7ecefe570fa82c3b6abddd375c5d03dd13fe8cf08
2025-10-09T06:10:12.635086+00:00,2fe51a05585cc7155667b5b27d03af1a21c86cd821bc0934f26f10d0af5e6fb9
2025-10-09T06:10:12.804535+00:00,02a54d1f6709d65916588d822bd15d466001b3f20d9eada4f65468678a3db592
2025-10-09T06:10:12.967451+00:00,23af7afcf12230736ca92ec0e0ecd414fae8afa22efdec203bc48f021da0ed19
2025-10-09T06:10:13.122296+00:00,dd4807a28bd29700e84eaee35ee6458ba8acecfb3d5358a50e13a0f3c44493f2
2025-10-09T06:10:13.282385+00:00,7428fcfce75f5a8920ee9b1c11850a0e471147ffefcb82e242e0d036c3d7755c
2025-10-09T06:10:13.440016+00:00,0f2ea8fb4bcd86d60ff4c4aacc16ba756d78f349c7e1b2dfaf691ec06bd734cd
2025-10-09T06:10:13.593349+00:00,abf737b4af50945883111f90758942841cc8a4723681b16ca388b0ee1cc9b51d
2025-10-09T06:10:13.749164+00:00,4687b8f5ee8c36d8c9bb1ad503ab51051c0c3aaff8d417ee47f9486084464452
2025-10-09T06:10:13.906190+00:00,884def390bc926207eb79b0bac2d02d1bf358d313ca12fe4c4fdd418cb072578
2025-10-09T06:10:14.061243+00:00,38a9615c9c081469a7cd3ce4cb6de5ffaef0a62d83258bcc7a1bd613bbb4da8f
2025-10-09T06:10:14.216031+00:00,0597c6ee68e97839a1d07551bbef7ce31a220483c4488012204fed8f74769b80
2025-10-09T06:10:14.371414+00:00,9a87055ebfda0a536b0955d92811dc7a21b39027d5257f21e1ce78b2440fbc57
2025-10-09T06:10:14.530093+00:00,d26e921d0652020d7abf62a16d31d9fad42e089881aabbbc602ffd8498501564
2025-10-09T06:10:14.685125+00:00,f36e76d8b431aa9965ab3cfefaa689dd113d4de19206083317301a5ffdc6326e
2025-10-09T06:10:14.851423+00:00,bfb256470fc0863c6463abf4a3417d6705ae79a8e23f2279123ff9d8243a00a7
2025-10-09T06:10:15.011111+00:00,470391af6d86b05234038ec2f5ec9373066f9e4527beeff702cb7bf68a29f48b
2025-10-09T06:10:15.162249+00:00,6163d22dbed049d5b7c8afd5be0d3f4baa735beb8590950db9cad57e120d6c6a
2025-10-09T06:10:15.317295+00:00,99d681aab7bd21fee6019c9dfa4399da1f6be63d7b82391a16daf3a0ef55a2fc
2025-10-09T06:10:15.470590+00:00,2f4c954c61b18fc542f0aee81c41a8484a99b388a24ae87294f58e4f1fcfba94
2025-10-09T06:10:15.628622+00:00,51cfc95f1278e482a2790ddfe93c2cbf509ee16cf37df41dfd1d36a9753aa9ad
2025-10-09T06:10:15.792567+00:00,0ab396350a3266103b4bcee5da09201cf9b5284a8c1451bf7f9ff5f43b60ead1
2025-10-09T06:10:16.020061+00:00,259fab2b59fd5b73504024b4848a6d8167abeb400ff2d37dcfa19f7501a1087e
2025-10-09T06:10:16.175247+00:00,325ee94e3d272c919ad79093c02d05e379d5f7c6a601ef73590560addc9e3f92
2025-10-09T06:10:16.334248+00:00,ac4f92cfad02db2016331b6a885c6e5f2bfe1916b11366c626fa90bb6b24785d
2025-10-09T06:10:16.492241+00:00,ab6f50170b335aaa1d1959899a77a4ea1eb369deb59c17b0b7c6fe37197d43fb
2025-10-09T06:10:16.649468+00:00,ffbe7bcb06348aae17f5d3f8cf06e2c937d554fb92a061975d26e07026e11242
2025-10-09T06:10:16.857538+00:00,598f1cc2734a796da4ee11e148539b30170b8d00ec41fc642ae35534d6f9458c
2025-10-09T06:10:17.021667+00:00,b0e55d5560e1a0d04fc7d0fda193f14dbc50791f696b9f36ae724fa2e00d5925
2025-10-09T06:10:17.175046+00:00,b07f85c0d748f94a789016e6c504188360adb0a55b1cfd99d7c7751cc6853968
2025-10-09T06:10:17.327771+00:00,a328fe1670d4e2c075bde284ba92ed37eae4640f8842f75fa95efa8686ae6cf7
2025-10-09T06:10:17.482708+00:00,47da21bee56a49cc08d41ae185f049ad8677bb50a26da833e8dafa4fefed81fe
2025-10-09T06:10:17.636582+00:00,8f6ef65cdcdc8eaf9f503a63222bafb24961d4f2215367f8f03c5c150bc9d95a
2025-10-09T06:10:17.784675+00:00,cb212f17097c9e164a0da1a670cc260726750ce8d6992e408cd45912d2ccd173
2025-10-09T06:10:17.941225+00:00,6b7de188936bef0b3b21f7dfc3aefccd609bf11bcc50c2b286906802511c0654
2025-10-09T06:10:18.095837+00:00,1bbc17e6778706b44d8d2943b7ac7ad6f800a5a102553f3b26fadd5a5c50ee1c
2025-10-09T06:10:18.255646+00:00,03a57d13176d88e467715a1dbf73efdbf2c283dee554ec61b113a749967de476
2025-10-09T06:10:18.429940+00:00,0daa83e430714876c9e9b27d75e8ad9dda4c3e8a251b4c2bf4a21877d02afcfb
2025-10-09T06:10:18.588563+00:00,95d6a79157e0f582cb3a811f6a648062f0efa40e7345d9c663b8f9b4452a170a
2025-10-09T06:10:18.749780+00:00,3ac6155d6f49509dce8a73d3f0799bc003e72364189b7d8dbd6b20e6ab050624
2025-10-09T06:10:18.906939+00:00,40a4d8de34bb12bac845656a1dc155665d9894418a31170eb9f791f5b72c8f3d
2025-10-09T06:10:19.062886+00:00,f9fee61120af620ec21524b8d2d7aae622602b263ea4509bee07494099461328
2025-10-09T06:10:19.218455+00:00,510e060f7dab8bbd0004cc4d1b53dd174dcadd588f71d2a9c9efd1266045520b
2025-10-09T06:10:19.368257+00:00,d2963cc101624df631955a660d0c4cd85f6f0d0dcd8f9ca2c55888752fc989fd
2025-10-09T06:10:19.525100+00:00,a78f5abded619024b040fa72c9a23bfb66c27ac8f6afe7302fb5ab0e4eea6546
2025-10-09T06:10:19.679183+00:00,371adf6d521f8b104cbed521e3498f51ce694feb143dc34818e2f0cea203aaf4
2025-10-09T06:10:19.845322+00:00,83cf93c98f32781e3804e090ff4d716e55789dc252226ad9ddd4de1a6884b9d4
2025-10-09T06:10:20.019779+00:00,52078e3899a70cd83921eaa53590e2d0a70bcb01c03edaa70ca9773d8981eb44
2025-10-09T06:10:20.177420+00:00,de3373c4f90fb7562f321c95a9e175e1ede1164943e357627c1d1146204a48cd
2025-10-09T06:10:20.330638+00:00,3fad815e91b411898bad456e5a62b9b202de303ee0e3fabdef405f9bb66f3344
2025-10-09T06:10:20.486708+00:00,9fe9aeeba3b94029103e3a1c14ba3fc79f3dbbbdd078075c82a5dfeed55f3e83
2025-10-09T06:10:20.642262+00:00,28b6b277cb05d23604b702b65078b1f5f4340a951de41c3081dc6cc90d4beeea
2025-10-09T06:10:20.795828+00:00,bbe662ee4db129f27b3cfe82ff4008665a4ebf4137a9b4c878dd747a8d5c5b1d
2025-10-09T06:10:20.954122+00:00,2e2396535b04de7f40444753366692561fdc4721d3cd3423b0bd940dae84f301
2025-10-09T06:10:21.118514+00:00,7dfce60f34795ea20ca78dad45e680695b4e24a581231c18dc83784fc7b98cff
2025-10-09T06:10:21.283607+00:00,49dd21b08feb032d076158074f149cd7e527a2c2447fc7a282065fe7ac4b96ae
2025-10-09T06:10:21.448491+00:00,ed95543821e60d272773414802225406c371cb5cbc096b03ea2476df2f03b295
2025-10-09T06:10:21.605392+00:00,1d5ef544fc7f09899e6ad019f30b728fd5709add05aabadaa8d236f097804c4b
2025-10-09T06:10:21.758137+00:00,1dc9b0744861794aaf17d076b39085c2c3907b4798f0b3d6094071b58240fcb0
2025-10-09T06:10:21.907844+00:00,08936967bc357be6f773fe296806c07a214062ad801cde5484ed0b12014e8e86
2025-10-09T06:10:22.070650+00:00,124a2024c95251748d3f4c7353c6d7d6a38b2e3b5867af26356dcf603e700b19
2025-10-09T06:10:22.226991+00:00,853cd78e8ebb23a0a7a92e82216e47ae7accaf9c33e97895b0c285f6f266c20a
2025-10-09T06:10:22.389081+00:00,5d9c48035a0532c7713cb4ba6d0f9f64ea1ffabf5048174bf5617808965609b7
2025-10-09T06:10:22.547576+00:00,409dcd91b06712001c50a1551d83499e32f303697da163956578df79cce70370
2025-10-09T06:10:22.704846+00:00,e61a28abf08b4494a7b9adb2f2ef6f6ed9059875f8901eae179a4faf24da8c72
2025-10-09T06:10:22.904320+00:00,e888548e55380f916cdf86cb6b0c44335c5e79125cdc43c2fafb5898e718f901
2025-10-09T06:10:23.061065+00:00,d4b5a80d000861aaab1fc31e99a583f15501d735ced988d10590b6b6990f189c
2025-10-09T06:10:23.220992+00:00,84d9092f85e1660da26eb4d04dd1347d1c19fefd5ca61e19e9a6823bd9e74a94
2025-10-09T06:10:23.387626+00:00,5286b4a87b745fcefd36a886e8f561f02d5049fc2371261c8fa747da26d6fe29
2025-10-09T06:10:23.544132+00:00,98b2a4773eb45466c147d2c12004fb92092de9814cf23f6958a3bcae0ce02fcf
2025-10-09T06:10:23.702621+00:00,9b4b8e396a785eb9c267a07e68370526cecc755b79c6fce775ac985969dd9e55
2025-10-09T06:10:23.861477+00:00,6096a382f37eaa15cf23857f67bd370eddf42be83305f78adf2c234a3215013e
2025-10-09T06:10:24.023513+00:00,a6eff51bcc7464aad350e06e6b797b51bbbbdea014b7a713ae0423d43a32e591
2025-10-09T06:10:24.178094+00:00,02d07ec2386ea9137a1b8c215041c09e8f41eb5d71eb8350a1ed9249e4d02b86
2025-10-09T06:10:24.330791+00:00,c7dd4e6aac314d7c22d924dd6e6c8ec1e0a92bee4ee5da2d48cc4dabdc5ca669
2025-10-09T06:10:24.490354+00:00,0c2d5f36dcd58edd36d76f943feca085858e33712ee9f21eb1ff9fb36c02386d
2025-10-09T06:10:24.645776+00:00,2cb84e8a9f9686715aeefdfd51681f463b6f9004fea8c6ba34c7127d51bcd147
2025-10-09T06:10:24.812957+00:00,21593db6fc7cafafe496bf34af10b79782221221deb7512ba88c209677233abf
2025-10-09T06:10:24.963907+00:00,d013a915fe82dcc9751a25b0df45a797c569fc65c399161c64839c45862e0487
2025-10-09T06:10:25.119331+00:00,674198be9af11d16d6fcd4925495a2aefc5d7414b5f06293a4b36531ceed1ac0
2025-10-09T06:10:25.274189+00:00,5b20f1e77d9b3965fa9889d9b3c6a398be6dccce24e8fff5ac1ee69765cf7b75
2025-10-09T06:10:25.433380+00:00,063e307e54c165e0dd3c37db8d3ec6320bb8caa3ea69db1b7abfa3403e5bd59b
2025-10-09T06:10:25.589901+00:00,8d919e2793c099e39cac9c26edb1997250482a1a1846b00e0ed05366cc3f6f4b
2025-10-09T06:10:25.747692+00:00,db032aaf221876a3b22f57b6c964e6a275cbcf8344654795b85a27092d3f0a11
2025-10-09T06:10:25.920010+00:00,6b8ed6f3945750d30fed808e1ce3dc3b710f19725f958cb887c206d30fdfb960
2025-10-09T06:10:26.083008+00:00,f4a20cd942634d4ac7adcedaa2c036309b56a60b5011df28ffaa8e98c5c73c08
2025-10-09T06:10:26.242740+00:00,4fe4a98a3f0b6c8821b04f6583fa3511ab4cdac71b97379b3c28682ed78a6558
2025-10-09T06:10:26.410403+00:00,0a5b4b413a250b894ab40f9fe4d2f80d6f9b91029f862d076365325f975ef098
2025-10-09T06:10:26.563106+00:00,12e1554172ae440db47e07fcbb41b2a5f666754db2e0b27c630be0432f038a95
2025-10-09T06:10:26.723326+00:00,a6d9aba20c2bd099f2a88f8d208dcba3013bfc4adb583f21c90aa527ed07bf86
2025-10-09T06:10:26.882605+00:00,178d715ef41333f838c407b9b8fedfc9320cbe01c8d6238daa2571b6e090e691
2025-10-09T06:10:27.097729+00:00,fe6612aff092489ffbae50470ae80a50623d060ee417dadec6c30106e65c5c1a
2025-10-09T06:10:27.257757+00:00,7cc3d80bd17d7d32d9988ef922dd7540ee419fccf0323478cfc7ad6b94e56ab6
2025-10-09T06:10:27.413844+00:00,2a0f9efd9fbfe29240fd5faf77512c96b6350fb81bfc5c290c583847a884cccb
2025-10-09T06:10:27.567457+00:00,6daee98986f2db30550fb041cbee2afa0cc0f8bd39bfd2aef096e6f08c195c77
2025-10-09T06:10:27.716102+00:00,614ed22ea40314dc7b0f09b2300c97c5d41f317081973185d37d9b418bc5b22a
2025-10-09T06:10:27.871312+00:00,d848abf76d55d891a5f34048cdd8c6251fdd2604819e3888e1f6a6115c657f89
2025-10-09T06:10:28.026193+00:00,59313c9e7ac4f3e5b221ba7e3ccf95ef0374dd9ea3a0f6f2c991a04900ac4043
2025-10-09T06:10:28.184533+00:00,52141e86a1ef37b7e28a7743a814881b9f4acb1de1b5a24b79834f5635ea49be
2025-10-09T06:10:28.350810+00:00,88894e673e226ece5b7435c128ed44055c32866c650a2dd3b8787813e8eb9f52
2025-10-09T06:10:28.508626+00:00,67454a1ae3cb0c2c1daeccea18b6327e48e936963a398e37a2149cff761bd115
2025-10-09T06:10:28.670286+00:00,5de5f3eef1b62a04d5bb7f655d29a4dbda86e2a26dc77d50803a0aefcbd1bbd4
2025-10-09T06:10:28.829000+00:00,aee14d757bda1711a389b23a80bafa7206cdbf20af91427dbe818be7607a0b68
2025-10-09T06:10:28.987364+00:00,3c8dae8d37d6656b8e1e638cfb7b6426dbf21e25e9fa78615ccd9afad5275139
2025-10-09T06:10:29.145806+00:00,38e5025652dd7fc3eba1f0650f536e5f31477df9a96ce0bd43dcf0f4ea973e65
2025-10-09T06:10:29.300992+00:00,99933d5a4e7673cb2f7b280573b02d9125ae7e8dd6f290b022ee92fd5c52dab5
2025-10-09T06:10:29.456701+00:00,ce0f6eb5c49f411ecfa11a3bb48282606fce700d8325b961bfbd40ca84ff2653
2025-10-09T06:10:29.622355+00:00,36008bafa4b4c9847efc7209d284c660f03b9d3acbb953fc7accb909b891dffd
2025-10-09T06:10:29.778730+00:00,cf2f9cd9d0ab3825408bce4fec3f4d77306d008763534896a94c0d07081c57c1
2025-10-09T06:10:29.945877+00:00,d0694cbc42d60318744f19a18f65e9c002f912cfc8986d7083c57073a981ca09
2025-10-09T06:10:30.098911+00:00,2a9c0794b42d89af4c42767c6f747f3505992ac487a67f53df0667990a843754
2025-10-09T06:10:30.255152+00:00,a0772d2ecff6b8f1dae7dc6239045797522a2dee67c87a956125f3ec7dca31ae
2025-10-09T06:10:30.416846+00:00,3093cbc21b8ee7939f61aa081ba0604526c50492a946092a63eace0341065679
2025-10-09T06:10:30.573228+00:00,7c54adb84f10d6d0d0b2dcc4572d69369ad82ab39baa1466831051580a6fa68c
2025-10-09T06:10:30.732795+00:00,1ab19033f6e7fdeca258c5a96d362c182e251ec8011e457f47080edb5cc82708
2025-10-09T06:10:30.894110+00:00,113c4c8d773252f6c08834ed9fad962982a81ba85980c4fe196a7f85a9666872
2025-10-09T06:10:31.066996+00:00,53557519dce196c7f4f39550c2826644ae6351e191591c16ee8c64ea029881ff
2025-10-09T06:10:31.219617+00:00,4f7f80b058332e6eee7523ba927250856ffe8971516f17feb67e3732aa3d0c66
2025-10-09T06:10:31.373998+00:00,57f989f90c4c564b7773f0003dbb655912a846a3ccf5ca65ff072a9e7c2304e1
2025-10-09T06:10:31.537341+00:00,c2763af8de161683085e3d6500dadf9049cda3cf809f524dc87bb5490f344733
2025-10-09T06:10:31.700788+00:00,5977329c95717ebd66279266eed0e580200903ced0411f5e2cc2e60186a1dad9
2025-10-09T06:10:31.858559+00:00,31b17c3a29ad9485db530db05fdf92e5086d31de4b4cba1b05a37387462ff004
2025-10-09T06:10:32.019411+00:00,9f6e6000b73a637354cfab26fac867f54329350b1b48461784c3a277ea821aeb
2025-10-09T06:10:32.169712+00:00,1f41a6b7efe25a7750a7a37d15c7b98f20377aca710896cd393417321e721ce8
2025-10-09T06:10:32.326655+00:00,8ada882b71e05a46353bca99f3659a2a7291eb75a204552979cd6808c31f53d5
2025-10-09T06:10:32.484165+00:00,4801ca60276eb946cc491245d8d4bf88a8c22fa9f2b54423fdcd390d5f6f2c99
2025-10-09T06:10:32.642772+00:00,ef65d550e6ef7ffdb3b3ee78c176c1c5ca8e8a18e66a960687088285608afed9
2025-10-09T06:10:32.800779+00:00,ad97b44ee015cb1afe04efa57e9b8883e325b8217abf3c42a44a4d43e3bde4e0
2025-10-09T06:10:32.961989+00:00,6912237b2319bb3319084d07763e9a6cf912918450b1b59d8174ffef17a0e538
2025-10-09T06:10:33.118531+00:00,74a32052ff1ae6c351302caddf6c8ac42dfb77f06028468b7f7e373ba781b4f5
2025-10-09T06:10:33.277260+00:00,64e8432e5d7ed0282d038d6b57e614031b90a210e15890cc08933f68fa425ed6
2025-10-09T06:10:33.442666+00:00,3c031ff5f3860da9b6ae0f63c70947938bbb5567b1e7db3db3b27dcb62d28e3e
2025-10-09T06:10:33.603078+00:00,69fdc0b0d386d93833562a5123b567163163a12048ad499670ca4f70d1b2672e
2025-10-09T06:10:33.766122+00:00,e0767ba00c9f0597a85a81c1a2b56c022aaa82488aa245020e767690b166d7c8
2025-10-09T06:10:33.922443+00:00,254585d04ab6a18657c95e28f0751aed018a510012debef2ad624dc66db061d0
2025-10-09T06:10:34.078639+00:00,3edb390495f9cae6890c818c20330102de745b7a66c424213c7a1477662761a5
2025-10-09T06:10:34.235592+00:00,f03fc057bdd49c0aba4fb4560e37ed531f2f802c5cda3b732d72d4e9a7e76b5d
2025-10-09T06:10:34.400132+00:00,fe1efb1e9d4125e6772b90efe26793639a45ed09954b182d2bfa5b4a256e27ff
2025-10-09T06:10:34.560141+00:00,266789b27d7a7778fca23a36a327daae4f9ccb23a86603f5c135d7af85d2d201
2025-10-09T06:10:34.811128+00:00,f2aaa4c3db9f7b1314bd69ead4e770cdda65e2d44c4c440b71b74afacf8c44f6
2025-10-09T06:10:34.990085+00:00,50de4ebb1422d884063d04ca445aef0e042ca8b8ebd9f6f78b021892afe3e3ae
2025-10-09T06:10:35.147549+00:00,bdc83f5247b7305232bab45abd69fcfedeed55f375367ed7c018784fb6867c34
2025-10-09T06:10:35.307225+00:00,d0f610af9458c6b3786dd9bf1be34092338d6f9e209c9d1909272d09e8eac028
2025-10-09T06:10:35.469473+00:00,b85957d4afd59501517df997fd63ca8459751505eebf4c0326cab0448c047d41
2025-10-09T06:10:35.638160+00:00,39ab5aa06c620cb3d1aebb253b2c1b794e9ab090f0746b5b907babc08cf35e6e
2025-10-09T06:10:35.832887+00:00,45c0381124740dcda9f7208e8066a3487713d3d79a49ec2b0f2e4a1b7b1c7964
2025-10-09T06:10:35.995744+00:00,4b671436416d85d413578108ec7d49bef5d43179113795491f627a92ef9830e0
2025-10-09T06:10:36.159810+00:00,3b70ad4dba5d76beadadb3daf48458461709773aaf103c919f3462031b77b2ad
2025-10-09T06:10:36.321702+00:00,1b0df4284b85f473cd85d8be394a7a55861e53a5651c39b5b409363d16d361fe
2025-10-09T06:10:36.505577+00:00,81c27b3f672290f33238a3ca2643b5818bb63c80d822d84f63b465c2ff1e2132
2025-10-09T06:10:36.667035+00:00,5315d0eb15d3a630813f27e92a2b44a2383846287b23b28d1b198e2b2ebb5f28
2025-10-09T06:10:36.819170+00:00,713226a399472bbb396490a79c7b98a5f9f25ac3640a636586be10725a49cc08
2025-10-09T06:10:36.975808+00:00,6d3b1aa755ea0f0ba0ec8509037aaa06319ec4c9bf0611335664b0f6d1be840b
2025-10-09T06:10:37.122738+00:00,022b882038330ce1d90b73e086401acb1ab3a1350568d614a1e16d51f8c9b076
2025-10-09T06:10:37.290283+00:00,92272a4661fdf9be451fda635d2cb82eb17b8ad8752094d0f8d11faa9084b843
2025-10-09T06:10:37.449086+00:00,d0f3a08207f1db327e951458bfc901d3c53a383d682b394509c4462a6317686a
2025-10-09T06:10:37.607642+00:00,01c34a55d704c92b39c5b30566d3543617a7732681068caf7c7abeb5272ed791
2025-10-09T06:10:37.782008+00:00,606eab5fea7f6396466b17dce21e872b54bafd5fd030e140e3d1b95129e2891e
2025-10-09T06:10:37.945055+00:00,def152c137d192d199af61bc0dabbeb000401a384293555f7cbdfc0b307cc31f
2025-10-09T06:10:38.118169+00:00,4a82048031ac278e674a83624216fd4347122a96fc9a7ea64523510757c3a157
2025-10-09T06:10:38.268597+00:00,25ebb963a8f8042edb5c93899d028a4009b556f9ad3ec3ce5b77a324951e72ae
2025-10-09T06:10:38.425879+00:00,b38369d98f4c5863d7b75699e88779ad6c13bbc78d753c83b75ed273089f4ac5
2025-10-09T06:10:38.586903+00:00,fbc7849be745633e282ff055cf30211e04155a52a748afb1ed2941eacc4ab6d8
2025-10-09T06:10:38.748192+00:00,647f168f39bbb7e027b36b51c7d85bf57d2f4185f2b69a0a0a6f358477e850f5
2025-10-09T06:10:38.909786+00:00,1d4471ad270ac4203e77555ae330a00b5b5990567a2d68d8d100ac2d3ccc0689
2025-10-09T06:10:39.069841+00:00,622890da0f59de1cee7fbad7bef12eaff6e5b095272a55a47597446be2147738
2025-10-09T06:10:39.224915+00:00,5740bdf484d8ef50671c849d5c7561cd45284be18b46939c9f18d5912b4fe1b2
2025-10-09T06:10:39.391137+00:00,5a2ed7c7c2bd247332f5c7fddf1236cfd1e24f29427e83516d3fa51a7be3d7df
2025-10-09T06:10:39.546707+00:00,7e9c602565211932cabedc11c3f362228de40ef0ec033050c2205178f05d6fb8
2025-10-09T06:10:39.707174+00:00,d0495ab5991194db61ef5ff54946893604e8f67442f65851015e3bf191651813
2025-10-09T06:10:39.861421+00:00,8b77a23c24fa3c45f0b1b30119e306cb560e24ad99bf1ec2d1d25bc39cd50552
2025-10-09T06:10:40.021556+00:00,813b54d12c90cf1d26a38607acf9794d381764c9a2e42015451c3039541521d8
2025-10-09T06:10:40.182060+00:00,29fb3d54a8a12e4b09253d06d9f6a406b3bb17d2d6e61d4123ce194edd3275ab
2025-10-09T06:10:40.337833+00:00,1a6f3be4cadcfec1ba7d2eb2104c58c88e3de2e22874a965a02d11659b5511e9
2025-10-09T06:10:40.493059+00:00,090665d4a3f3ca32e13740e24d516a8f3b9b012f385805ccbf3a87c1f6c574d1
2025-10-09T06:10:40.648399+00:00,6dff36e6d97a6c7b0ab0cc47ad041e107f291956833217d766942d6918fbd191
2025-10-09T06:10:40.805896+00:00,cc630b3f2b59491b4818f400a072bacffcee7787cb2bdcb0f009eb28ed3184c8
2025-10-09T06:10:40.968799+00:00,01255058fc62af43e559f6c41778081322d3fae478d2ced34b851ab311ed963a
2025-10-09T06:10:41.127662+00:00,554206f5d7b288022c2660f671ce95c63f7af2bc6bb8c5595ce3005ac31bc0c3
2025-10-09T06:10:41.291314+00:00,a959d43c3b7042e95f881929ee874986d57acc8be235a6f22126408a9e4eab2d
2025-10-09T06:10:41.455826+00:00,35e47b04b6c9e5a7c14bbab0f698ad696bfdfc6ab3c63dad34c8cbb5f6945448
2025-10-09T06:10:41.620254+00:00,01aa4b09b5d7a9c7a3a225fdc5a8d462af426581ef66d3400d91fc30d29fd1d4
2025-10-09T06:10:41.775078+00:00,5185c21a6df8b5414e44b06bb26e8df3ad31b208eab38e5703d3888664e22be4
2025-10-09T06:10:41.931902+00:00,243a888854613b9094908e6069b967ce01ce512e7c19a578fa226c2ffcf044c1
2025-10-09T06:10:42.087683+00:00,be0fe3b659a0fdbebcb11cbd8d5d3f53ce692b249eb8ae2a0223216549e19cd5
2025-10-09T06:10:42.246944+00:00,61117dd87531ee29d6a4b84b7347dee833fb413248eb3637e766179687e6b53b
2025-10-09T06:10:42.403831+00:00,e20aa0c15f84f3a2d2e93fe1160478bb8280ed910d6c039094db334edcc26a01
2025-10-09T06:10:42.560126+00:00,6b936960c1ecc2f38814eee09bfcdfca192a91e43d0474a209946b67d1cc0a8d
2025-10-09T06:10:42.716853+00:00,70f37e4908a285faa57ee552732afe6429835a0a90ca823c827d3b22b3e1f9a2
2025-10-09T06:10:42.875420+00:00,6e81d822049fab867e0aa0f8b8aa8a6836df28d7e120fc67b8a0a49071e0e95b
2025-10-09T06:10:43.034811+00:00,1c50e724db5b1a20274e3b1878882ce7e43174257f3cf4d36dcc8ef9c4bc17cb
2025-10-09T06:10:43.192505+00:00,04b4a9ee5e01af4441f969a8d7be5280dfff6b45f7b4196a9bbc09c4c9079d3b
2025-10-09T06:10:43.349910+00:00,a33dadffa5f0fb7a44f418f72e498d979d03cfcb358711be1c87509221ac85ea
2025-10-09T06:10:43.513787+00:00,fa289cd056cca603a4be92dcbd5ba9755a9d0fae6d991e1ed838850d3fbb9f80
2025-10-09T06:10:43.673325+00:00,57b697d3e47425337d596f4733141bc6f6f87e2c3bbfd054f85514d48cacef0c
2025-10-09T06:10:43.829556+00:00,ca6894ab6330efa475dfd143a8bca873f70f5b3f6bdbc1e3dbfca9e2811c1b47
2025-10-09T06:10:43.999196+00:00,3089c06405ef4e02142df461349d44fc09628abc02b4c6da29c569641b89b807
2025-10-09T06:10:44.158750+00:00,df44fc79323cff007ffee69cd93596ca533f7f3d0a6df184e3628906ac69e0d9
2025-10-09T06:10:44.311974+00:00,89c7c08daf413a2a3b9d64ad83ac433f1304959101627935d15aa186ff8f1c32
2025-10-09T06:10:44.470506+00:00,91445912db52755efab93a40346565ac46547fb01c2e039aeabcbb7e95d9b235
2025-10-09T06:10:44.637020+00:00,e9b942fb07d99f938d89ebff36ab6c7ff98003cc8f75cd4dbd476aa3e19d0f5c
2025-10-09T06:10:44.811057+00:00,64411428eac20b50a4c1c4b94b63bd2d442d1a51e15c24a28fce78f4db49ba0e
2025-10-09T06:10:45.017213+00:00,a1a829f16fa05b0ce1f2ede8d03366ac27b4d971950252975c797b8fd11302e0
2025-10-09T06:10:45.171097+00:00,7e6cf9b63347a5433a818674c89fb3ed993426e862c65fa7e1f1b1dea97781e2
2025-10-09T06:10:45.337939+00:00,6decb15e3d8237c08ad94d354004bdfa74c5dbdcafdad7fafba300e20793ce4e
2025-10-09T06:10:45.494799+00:00,be43f91494f42ca89cb10cc26993042cddf946f91e57ed2bce7812c0d6ca834a
2025-10-09T06:10:45.663291+00:00,60f9a021d430fd976109973f9f23ff0c83233441410680e6cd9dd6f537b2f1a3
2025-10-09T06:10:45.833384+00:00,760346ed8bf4e7e25a2ba5be3091db5dd62187a15fb24ac38ef027085293adeb
2025-10-09T06:10:45.982441+00:00,68c4da44d5b71fe3f93ee7616ac1410980653657089efd1a28e48141a612cefe
2025-10-09T06:10:46.146971+00:00,a76b3da4295ff197d85a81f0870f923fff4ac7088f6a2e6111163eb1bbbf073e
2025-10-09T06:10:46.304728+00:00,7953204e7cc42410ed85d81b77a11cd39484267b2e4ae6e2aec7db31733823d9
2025-10-09T06:10:46.493808+00:00,cfb1f283ccab290152b2873e6b934847ca4916443484bc937662cad7b4ff0c3a
2025-10-09T06:10:46.648610+00:00,8385652e3939d94202165462266b58301b1d14bd290b0f2e2892335f4fd117b3
2025-10-09T06:10:46.801077+00:00,62eb57e36d3a50a46e3138124af2d2006eb04a19bb7ba797439aa06843880164
2025-10-09T06:10:46.970619+00:00,bbe0e4ebf5b5f248bcf912775b68b629b0be950e424f9e645bc64551a89ee79e
2025-10-09T06:10:47.139077+00:00,d0d2e181612fd48bcf597b87450d9d0e910d9ac974703ff262b5535cbdcef660
2025-10-09T06:10:47.295455+00:00,416729e96ee2309bedd3c982063d7a255fd8e4f6269b84a7fe8af8009dcdd66f
2025-10-09T06:10:47.467931+00:00,a169655477dc59d02026aa55a84e2a2c03d1f4b10559ffc87c42878b8f08c847
2025-10-09T06:10:47.673602+00:00,daaa77bc9b0c98559434ed713fd378a8cf06c044353c1c3c72e9ab0702ee9bd7
2025-10-09T06:10:47.834277+00:00,462b66213ca25f69e32710710595c025f123284143f1801c90a516053c77bb75
2025-10-09T06:10:47.992841+00:00,bf39cde5b6ba882f3617b25b26ca6fb8c314fb014c6b909a75111541028e2037
2025-10-09T06:10:48.153724+00:00,0c6989f03e45da3c5805f9be2280674266e6617421d24cf222d2c7cc0a1f5083
2025-10-09T06:10:48.308416+00:00,2d59865c440d288b3fac62fc9b1c679f7496f8db8af07a5559c71aece616c609
2025-10-09T06:10:48.471078+00:00,57c4a29e2a06ffc27a8c9aed86f5841f2ad05c77b535a7e62dafc55c872d285e
2025-10-09T06:10:48.631660+00:00,08a457aa1c247e2cee3d500a6087d4056bcdf22886c20dd9735c73d65b03e620
2025-10-09T06:10:48.790182+00:00,fef0a65fdc264145388f96d06e5e6abd71a9399ee4051e5b70b13a114b2d9bfd
2025-10-09T06:10:48.947125+00:00,037b872870ddc1bf9555dbe7884d295dfb44b77db1ffc8b4e15739cfb34befc6
2025-10-09T06:10:49.101158+00:00,3e251a43f5a420c0d6bcb10917bd2ffabb2613879a6c1402c516b183d02b669b
2025-10-09T06:10:49.258743+00:00,32b2ea4e5b082aef107521a9851631d3dae4302feb24fa69342f70c098c5f04f
2025-10-09T06:10:49.418867+00:00,ed852c940aa0b674515da8bd158af4a10c8a82c61ff640cc630cd76ab7ba9a16
2025-10-09T06:10:49.580295+00:00,1ca691d50b5dcc67dff5b396454ff734e4e886bedf7a2df7b876fd50b38a3c7e
2025-10-09T06:10:49.739239+00:00,f15db8cdc73b9f296e757a713c9ba937cda9a00cf8c32012effcd5c58fc1dca0
2025-10-09T06:10:49.903435+00:00,3a25664f38ecbe2911f385a261e94a3434c10821bc460cc4a6e63bc3716aac26
2025-10-09T06:10:50.067173+00:00,5bbd946232ea54b7ed60dc4a9f821677d2865bfbc4fa05b4ace89416b231a1b8
2025-10-09T06:10:50.228267+00:00,e106ca03b5d9e660e18940a3a34b77c04d06fc1364917f72eb3d914d0cb4baaa
2025-10-09T06:10:50.396930+00:00,883c3c5c9b17fbfdd2a6ac55adf4d8d74c089d41c60a0d132ea8dc4b5d6e13e7
2025-10-09T06:10:50.555405+00:00,990a01ef95b38a1de48a60c0768d9d109ce6cb0e7ce50deac40fadf7e5d13e62
2025-10-09T06:10:50.724916+00:00,98dd2967eee943b676c6991114f3aa72170e48461a8ee6c1bedf253c3f6d19fd
2025-10-09T06:10:50.879135+00:00,47be85eeee998e626a720bfb44c4aec1ee37e189955109ca492337c10db0179d
2025-10-09T06:10:51.039080+00:00,c4b86677333b09f24060340e994a35cc9cc62d69020d7cca87da3131edf70fe7
2025-10-09T06:10:51.197814+00:00,5e00f089dba327e9ede2904f7f516da6a2901d9213ee0b1754b4f9c1e3d331f2
2025-10-09T06:10:51.358515+00:00,cdc709b6c456deed88ecc32ccd88f441e7bae2ea3c8422ad2f037bdbac2193bf
2025-10-09T06:10:51.516915+00:00,20daf687659eefeb8811729ae28bddc1a7da519862b92a1dea38ebec92d6bd89
2025-10-09T06:10:51.678799+00:00,7c750f1f47cad1870da2b58f744a3730fab9a7586a0f55c076e5b27ef97c1f4c
2025-10-09T06:10:51.835186+00:00,44d32124761dcfbf938c4b733312ca965f6ef73b18c54316367e385c7f1401a8
2025-10-09T06:10:52.002990+00:00,f5063f0c19b8c484766b55fdcfe77e44741a850709ebbf94be75a4f1678fdd55
2025-10-09T06:10:52.160620+00:00,3b6f72a68ff36cc1cdc51f37596735d33bcf8f5f8fd36c268f3cf0f40d5c30ca
2025-10-09T06:10:52.326726+00:00,79c3aef9acfef45c7055be423aae6bf6dfd7504abc6f5cb578110c8a522c0a29
2025-10-09T06:10:52.492495+00:00,287858692a5976a736d9718a5f39b3fcee33f942d00fc089f39773a3c1fae9ef
2025-10-09T06:10:52.657108+00:00,f1ce4364cfcddc42dfd85613693eb8081de4f3944c6db4443b00ed31a2f46674
2025-10-09T06:10:52.812061+00:00,59e02d5be194f37a37f70042833d6c923a162d880332d1eac15f7bc7014de10b
2025-10-09T06:10:53.021512+00:00,635706170d1b461f48b6eba5f506689134c705580db9490a9f5e50f72f9754e3
2025-10-09T06:10:53.185096+00:00,d46d492c2d0e1b1fbb663f28c3721c63788996efdfb55377a0f004a296632a31
2025-10-09T06:10:53.350280+00:00,5a3108f5bd542cd3b7c23cc211e17c48e4eed611bf846e3a67f0313e65f59c57
2025-10-09T06:10:53.503818+00:00,697871a2a02a442aa992d067abe0ce0e8800ef3a334f9d05d05f82fbbc5aa281
2025-10-09T06:10:53.665087+00:00,70eb736b4c580a0fd51795ba42bddb69b04041acbf97eb2486a95ac246edf06e
2025-10-09T06:10:53.823498+00:00,db03f788768bef440ac5d138383bd89535b9ca5168f6a1a31d9a5dcfb29df53e
2025-10-09T06:10:53.980496+00:00,1ca6d51deb30bfc5aaafd2af5482897c2ba1452bbeee9e5a04d33b5c015aa285
2025-10-09T06:10:54.138466+00:00,936a55db0bfdcd1fc471bae2baee40374d0e518153dc7c245c7825cea762d248
2025-10-09T06:10:54.299437+00:00,d80d518a6d14a3daa2f6c364e5b0720e46d9041611ded752920b79e7bbbf597a
2025-10-09T06:10:54.463185+00:00,508e9391457170b7a48f9b16a91193d1d52f7c852ebaeb3cd730a047f61c5448
2025-10-09T06:10:54.619221+00:00,a728c3f1ff57f8fd6fe33b6cdb06dcb1976ac0ef06c969a046fd868056c76b39
2025-10-09T06:10:54.787476+00:00,a4d31bde9b1eed9e46717fe14d0fd29231c2e7ef28431845365bdff071769401
2025-10-09T06:10:54.956810+00:00,65d8ef1a37ff16751ced1be16d1f2424d378f03e763b797f75cbf6c0313cff74
2025-10-09T06:10:55.118036+00:00,0662ae7562c13fbf34d5b8899866b54e022745753d1eee14244af1aad2e11911
2025-10-09T06:10:55.285874+00:00,56660a56784fb29031c573c8d6050c0b63d7fa660f8861b4c3933c682adfbc52
2025-10-09T06:10:55.452105+00:00,1a12a859484945a6961330c38fc34c3143335a73dc1c1bcb2831fe830c31a7ae
2025-10-09T06:10:55.612669+00:00,61611b362f60921a20aa53a8729de86954abeba2d7135f2c70e35c8a60a126e5
2025-10-09T06:10:55.816410+00:00,937d4bd10b17592d902547cb7596e3e21d49cbfce1140d910813c6bb066079c0
2025-10-09T06:10:55.969915+00:00,a0a5971c349035aa15bf99b8cb0f3179fb863245605f723d2f0df69239248238
2025-10-09T06:10:56.136556+00:00,33436c04710be8693bb337397d40b5aa862bbefa70f48e113cf0ef1bb59c57b6
2025-10-09T06:10:56.301577+00:00,067ab062b8a035c6c29effba8ab8adf1ba33d175eb425307be32ca9edd4fe7cb
2025-10-09T06:10:56.478413+00:00,1aa319920004c5c014e8d07157a34b61a7b9c99544066650a9bc79a3e9dffb65
2025-10-09T06:10:56.647181+00:00,b16bfb20b9a929672f70a0dd1e7aad273b2b3c397d72a3371eb7aad2cb2dbffd
2025-10-09T06:10:56.811387+00:00,3e91c1064565f9a43530b15cc472f82d00e0b76ea6e07b22fe76aa61340e602f
2025-10-09T06:10:56.984033+00:00,15287414a4d0fd50cb82c3f4893f3b72b825c87bccc6e7234111224e9261e36c
2025-10-09T06:10:57.144047+00:00,e1ad57dd95bba2107d19fba55eee7e469a9297c8ba5abbee918ec2d59da807ad
2025-10-09T06:10:57.300214+00:00,0db8f086aa959fc6a63364e1ff1529c181a1cb35c856aca5cbd8ff36ab93e447
2025-10-09T06:10:57.459721+00:00,129a17151d8dac731b290827c69236d3f93c60246d45bd1945dd882157661129
2025-10-09T06:10:57.703283+00:00,4e128d42b94ada191c08c5cb113a1bf575196db200d1e6242a405806630e8f3b
2025-10-09T06:10:57.869563+00:00,b9581703fe0cd63dfe0c3ad1c9026605132cccd1703b0d6272905315a166328d
2025-10-09T06:10:58.031948+00:00,b1f91040e06962715a726191097558dd3bfa511f61d7e8ad0c67a6ea76033331
2025-10-09T06:10:58.190818+00:00,a9c3ac3b2ab3025bfe1c049f4abdad85c80fb4d7e6a823556e6addfe53e46191
2025-10-09T06:10:58.354096+00:00,04b7886c07bbac3baa697f3b5975ab4d688af9e40102294f832868d0f72cc929
2025-10-09T06:10:58.520785+00:00,4b958564e09f598be9b63341c4c7236745c8a26d314f87d14fc4cd945ac1a38a
2025-10-09T06:10:58.683470+00:00,fc6620f18dca0c01a7ae93ab50334070eee99c0a78b2450b92cbf3922050f8fa
2025-10-09T06:10:58.844416+00:00,8eb130780dc8a36ac30d73ec06c7afbcbc5312aa5f58940f49eeaec9e66438c9
2025-10-09T06:10:59.003945+00:00,ee745c116a0759c7f6a54803977f899f438f1a04de65d9a3f13f5f2c20e50736
2025-10-09T06:10:59.170318+00:00,7da0f0804bcf38f7dac0ac143117efb061aa79207ba9c5b56be0fa40efe4487e
2025-10-09T06:10:59.336887+00:00,6de4572056b3c1c0d050c0366cc7604a868b049736c959d49302ba9eb3929ed9
2025-10-09T06:10:59.503878+00:00,14ee60bbb0c6f6e0f7f8f485752807269ec0f9114c58b06d427e257d97f130b8
2025-10-09T06:10:59.667768+00:00,a36604acdcbed9217f751b2e45ab08f1418f75a8ed8c434ba689e7a06e88bc8a
2025-10-09T06:10:59.830098+00:00,ff9fa80185e6ff2cca9210ad646bfa920b784daed288172fa1d56882fd77573b
2025-10-09T06:10:59.991243+00:00,8fc3ac1beb55c411fe811080c63d405e3898bf793e7958c5f897626548091a5c
2025-10-09T06:11:00.147832+00:00,ce075030c9a1dcba4d6ec0498317c6ec36402e266a783602036b6bacce90ad29
2025-10-09T06:11:00.329761+00:00,07ec13359c76eaada00f12dee0b3723bca9c23b72d71877e737c55e7fc7d1821
2025-10-09T06:11:00.491190+00:00,eb79d4e5a612f5da0328a5ce75472e2b5b9e9cf6cfe9c186c9c3049a575ec328
2025-10-09T06:11:00.649053+00:00,de198567b6153e148e7f6a4d5cbde068c103c72b0331042d66b3c86ee841caee
2025-10-09T06:11:00.809194+00:00,af50f201ecef622b1e56af02ffd4b296b6c5de82edfee449117260c08522b3ca
2025-10-09T06:11:00.979397+00:00,d3a2e6de95a6fae6b1854a44d4404b1c75d56a0641bcb2a4e98a3044474ab6a7
2025-10-09T06:11:01.152577+00:00,4d0aac1b59f52a3d7d6acba8fd9d320b96727e8506378a602b2b665d95aa6329
2025-10-09T06:11:01.319940+00:00,51fb42bef88301cf1d70388f8e1e643eb3f9e29c0fbfa9b886d8abb6848cc53b
2025-10-09T06:11:01.490336+00:00,1f66027afae2d100848d91a125652903bc857a5886cfec9fb4ade8b098f5618d
2025-10-09T06:11:01.670372+00:00,e1fde8051a37a1bb28f0b79fedda27ecf36a036e29000c3a4351e461dd464480
2025-10-09T06:11:01.832293+00:00,3d237a1c3941878a4a083baba52eae0341ab87e2492f32de8d0fb69080cf6e43
2025-10-09T06:11:01.999983+00:00,92c4cc06f9b089c7316ec5ae7e22273ddde60697f894928f7fd76987165f8efb
2025-10-09T06:11:02.162293+00:00,2ac5de36dfd930f3d911646c0243f858738cb46c01d848bc2e46636b082db5fa
2025-10-09T06:11:02.322691+00:00,9d2b69ebf62cee8c6884bd8f18401020500836305a22205b8820b95953f304e9
2025-10-09T06:11:02.501986+00:00,4e7c6ab863e2b42f204b99ea1e6932a14e6e6082f45670f65aa7f929949c5585
2025-10-09T06:11:02.661976+00:00,378c944cff90d64364b59c8cc5013e6a2465a88bf7bb3cf91355303978b09237
2025-10-09T06:11:02.824465+00:00,876c5cc1c8d9ce21e0f3971f025fbdc1cdfc5d342b72220fb5772858b723d5c9
2025-10-09T06:11:02.985659+00:00,f6bd78bb6a387c5af6d037c33b5f80be938494d9e4531a4e63509fdea809fa2b
2025-10-09T06:11:03.147896+00:00,fb2d489a16f67f6ff5538614644b78c4ced1e22f2ff52b2d6a22e99180f7482b
2025-10-09T06:11:03.309340+00:00,34e480227739413f3b55b081f26dcc43235820c128d56d0345b40fed1dee6556
2025-10-09T06:11:03.472494+00:00,bc103a0ace14687089e668fe42831c78c3ab9ba650a7a89776fbe2dcb5dc1443
2025-10-09T06:11:03.634440+00:00,78c86dcf9a0c552d0f9d11d8dc81cb247aa084f10e4205f047a979648116faa9
2025-10-09T06:11:03.787632+00:00,4d0788c5e771f5a652bd4040b80e48a21b8a27429b5c90799aeac7b7ae4a8866
2025-10-09T06:11:03.943316+00:00,c0453f2d6c0694a1ed3796cc82444f7d426c96db45c8f569cb91a9c2d633457f
2025-10-09T06:11:04.104546+00:00,0d922390a8fbdff99e664fa9615c146d134a1a3038839edcfe4b975cdb01ef11
2025-10-09T06:11:04.265884+00:00,bd4f198f4f86055724cb7a5e232699a16ccff0d947cb8c47083bb0f8826a6b27
2025-10-09T06:11:04.430509+00:00,a6ecfd1bf1d7ba6c18c2283f418fc788c546d3c74552d4ab3cb5cf082ba7a2a3
2025-10-09T06:11:04.595601+00:00,a478f6a956afd6284ac2f20b240dc2d333eae44effab1e8d7b70346e21e24d88
2025-10-09T06:11:04.770062+00:00,821ea72f9e36df91ffb71b093fd333ab1db8c0c3ff16c3b8099f665d9869be58
2025-10-09T06:11:04.976511+00:00,8d3f6e2abca454356e169edcea26777569b8a90a8f82793fb676ab5a1e837209
2025-10-09T06:11:05.126844+00:00,c4485eed2db4036996bef00f831aa94b2c3b13a6495fa9430a8093d511e66afd
2025-10-09T06:11:05.296167+00:00,d6472185c05766acddb2119f8387d39096cd0adea1c4d131d633f8d53bee655e
2025-10-09T06:11:05.450020+00:00,3f04172bd03e247a33e3a85e03a39b9d02b9f63b1ef2b4dbdb531bc1bf874aa9
2025-10-09T06:11:05.615502+00:00,43b6e3b700e4b411edfcf33beb13f98702fa3c1a5a2df80eac06da23ab1de4e5
2025-10-09T06:11:05.766400+00:00,cadce8f4471542fcafcf3bb201466224a21313cd71c141d872c6a6b26ea4458a
2025-10-09T06:11:05.920320+00:00,b1a73f76572984f6b484f71f35bc285a254bd62c52438116ed684efb2848a97f
2025-10-09T06:11:06.087035+00:00,4574cd852db28d39515035937839b4a2525f836373abd9ddb8a512c709b84a45
2025-10-09T06:11:06.247951+00:00,ac8bbe8ef26e891b318347b9f163f550844cde725c0a4c86203fdd98b8eec7f7
2025-10-09T06:11:06.437523+00:00,1dea055430e6e31a80d689cbf069c1785501b606c8eb015b25ffefefa832f2a7
2025-10-09T06:11:06.596519+00:00,ad719be7bfdf34d57f55cae5b9a4907362cb440e140bfccd78889da49e7d886c
2025-10-09T06:11:06.768070+00:00,41f3efff124071afbc17d48aeacc10a6698ed43586076dbc1c3b54b2b6369067
2025-10-09T06:11:06.936580+00:00,ac9e8c96f91e81b5c0ea28c5ec8b6c0a0227cb68ef9cc1e7151eedff5a17d00d
2025-10-09T06:11:07.106755+00:00,5b2bdc43351ab9ec301bab7c9bdffb87473fb38457779e330cb841a28472ffcc
2025-10-09T06:11:07.266677+00:00,6b3907404566f43ff82fa1a27314418d094a3ce255d54f7f8652b4c074d14060
2025-10-09T06:11:07.550262+00:00,1de25536bc79a0b5406938e3433b2138265fa3c861ad472e825dda76b09312fa
2025-10-09T06:11:07.780938+00:00,580b6b4956970e5acd14737b9a4299f135317ba745787636fd19711d4d8868fe
2025-10-09T06:11:07.939269+00:00,eb41f4303a538158250b889cff9c9ddc40d7e2765be13a49476bf4013aed2a60
2025-10-09T06:11:08.102873+00:00,1be1b565fa40e3580bfb71dfc8e6134b1c277b3bbbacc791259c6e27ee325f59
2025-10-09T06:11:08.272594+00:00,ee63a02607c56ac1e55f7b21ffd659c0cd771b3b65cb4a4c0b425e3d4dfe5ed9
2025-10-09T06:11:08.432489+00:00,f83b2fc2c2c6a85c067e687be45a340938977e5a9eeeff80485ddb698f441222
2025-10-09T06:11:08.591183+00:00,1987a27917bd33ce37f7f5ace9c4a05ac51994b8281e4a0ef57256668de7d812
2025-10-09T06:11:08.754034+00:00,32efbc24e5854302c6990b876db9c268b256ad81d2fb2c05ca413c39445608b5
2025-10-09T06:11:08.913251+00:00,e02edbbcf767bb1e97c9bcf6f88e56e8c553e4ce853e16971f522447237d2e9a
2025-10-09T06:11:09.077498+00:00,23563645746f06048584767b6c4c3719597aaef7a853426895d6705dbf3f69a0
2025-10-09T06:11:09.240624+00:00,165a5a446820ffc759811ac0251cf8f18eb9a1058a4a40b145889aef2dfc20e4
2025-10-09T06:11:09.402456+00:00,47ef2759a2166a1ffb3194a8d7e3dbf94767a51da7e690ef4de598e6d3f22cbb
2025-10-09T06:11:09.567318+00:00,b851a23dfb6b47028ebf12472cc5ac5bc87673683fe605d9e37351284a037548
2025-10-09T06:11:09.729421+00:00,6f2f1ebfc952986c019274ff6941ca7fe93d5eab89ca781772c41c5ed60b99e5
2025-10-09T06:11:09.895909+00:00,8317476f07cb531e956b7ea6669c91ef5cfab66996bd4395e09de162390d9091
2025-10-09T06:11:10.061972+00:00,11ec8a7dbe700236a14f97a82256b33136f086720291c4df2dc0ef9a5d400ebd
2025-10-09T06:11:10.225979+00:00,7cd4aa1de26db24463ea4157f29c76e5ca98b59cb5d90ff8ebb60be1715602bf
2025-10-09T06:11:10.387373+00:00,756eb5f4dab42d4658f089f22bad2c80fe96454882d3a646753932ae2f586bd2
2025-10-09T06:11:10.549884+00:00,a97497ecd28620e0de1ce48b1ffd69f99c3fa4814de330a18f4d6f9522d3c644
2025-10-09T06:11:10.722189+00:00,5a85bf40949941d480c479cf974f20162de52e3d1b74dfea7c85c2af44b229e7
2025-10-09T06:11:10.894168+00:00,0ffc7f0d916ec997a87debbda2218387b18eba2d58b17785a3809d33ea8ab8fa
2025-10-09T06:11:11.048626+00:00,9cd84dca74a3d79afa959704c5ada4a73f6df0b85df1a7228afe2dce076648cf
2025-10-09T06:11:11.208274+00:00,400f43bd8516aff14079a1b488cca8fc2a11f37f9a7bb955dcd12b6d079d1ca3
2025-10-09T06:11:11.376165+00:00,7ba0fa663111d1eaabc98371015786a6ade7665bb0f88f8bf3587a15227794e0
2025-10-09T06:11:11.544480+00:00,055f746f14562cfadda3c7bc0840361d2bb82e0fa4053c3c6d820baa9964215f
2025-10-09T06:11:11.709939+00:00,d23800ef844ea12d710a5e0eb22f4d4a30a2425904e56075c8d5dd51f715a519
2025-10-09T06:11:11.873490+00:00,e5417f2c295bbaa7be291acbfaf88387a1b72a3751c3227ad2eecd87cf1a7697
2025-10-09T06:11:12.038243+00:00,d084307cae7145bb67d085de772a0283922050692ccc137b353b17451e815ce7
2025-10-09T06:11:12.200531+00:00,47db624591cf6ec521f5bfa24f4d342989feda396c728531bdeceede127c1c6b
2025-10-09T06:11:12.366962+00:00,9029c61b283f01f03f818401203ec3b90ed45961f1df25b9d9c484d1c6950a09
2025-10-09T06:11:12.530910+00:00,2169e763f0378fd659922842be8b7bae80c2e8f70eb05b3964382cc0367b5b1e
2025-10-09T06:11:12.693793+00:00,641ab1abfa86e7a8f52e54f85f4b945b2e773c0b5dab8321c250ebae608c0b42
2025-10-09T06:11:12.922220+00:00,38710fd79de3b37a9cc5013219629707223cc1985842ca816dbd9ca19b54a315
2025-10-09T06:11:13.082426+00:00,5590aafc182d64a4c2484aba6f0179d8c9aafa83a27981b63e1655a4fef0ab00
2025-10-09T06:11:13.237236+00:00,9bff9b407dea2d59b54a26d3c8c7019ee1309e9827d1f2013f3e98e2a54820e4
2025-10-09T06:11:13.407181+00:00,d87a652d45e8ec671ffd9f3b960602f0deb60f453d5f8dfcb50187802065af99
2025-10-09T06:11:13.568512+00:00,a9b3617fb7e8ccd355d6d7663b5c8f6d443715f731ac3ed0a6fe372af1f3bbc8
2025-10-09T06:11:13.742701+00:00,fb3ae284cb17727cd95cea2918922c21cd83d411b8c1a0c5b415f4bf75a724b6
2025-10-09T06:11:13.899317+00:00,b0961879817b803c290804650a45fdcee2bfd5935debf5ebb5c520895ea98454
2025-10-09T06:11:14.056179+00:00,dffcaf43d821d1e25ec386f0ada74a6e27848c3469a1884c10149194f81889aa
2025-10-09T06:11:14.216263+00:00,ae255ec176b0815ce2178f922cdac2310868deefed9e452fe31dd48031d168e1
2025-10-09T06:11:14.377221+00:00,06bd139dcb3373bcca1fbf555e56f6a3eabd48bcf439a7b97e8153a38dbedaec
2025-10-09T06:11:14.548100+00:00,c1ab4048ea3f7f8e520f2c32babbf36b4c9c22bf83020aa2de450c513400c33b
2025-10-09T06:11:14.723026+00:00,faf9d1b2d2c375723644359ae4cf976bf28a3a6b572e5186cda02e659a7a72d4
2025-10-09T06:11:14.981440+00:00,bd705ace69879254af6d9d951594d5b7ed39a99d2410d7fd3074406f0d4bb560
2025-10-09T06:11:15.148291+00:00,d8537195e5b700695714124c410fc2d8056f721130801a949ebc076447081bdd
2025-10-09T06:11:15.305235+00:00,451280054f4a38fcfb519ea8fef0caeb2336fdb07ac1d3d29a116f5b71eb9572
2025-10-09T06:11:15.459894+00:00,fa6634c4ff27244f7c38e39d11853348fb5aed419f8ca90be1cfd2bef66b9b5e
2025-10-09T06:11:15.615871+00:00,356cc4b8eda24b915c444256f2ffd87a3082168899e88fa55b6b64e63ce26d2d
2025-10-09T06:11:15.794043+00:00,4affc9fa45bf7fa60b6c3eba5d55482c38092add38b472147e3e8f2d5a80de15
2025-10-09T06:11:15.997868+00:00,5b6031a12af25377323acb17c2218455e6635c298d3741907a2e7cb50aebdb3e
2025-10-09T06:11:16.153758+00:00,d84d3548e8aaf2bd4d3ac8cacb663004afb6c2be08833159f2fdabe2ab16704d
2025-10-09T06:11:16.313091+00:00,d8027bc86767594e1727dab71a19b5f1b05dfb4f2442917c8121036c733a359d
2025-10-09T06:11:16.470524+00:00,d1714c95626588d8dd3cd340ec9e4d54d4113d96774da5b4dadaa0a282b07329
2025-10-09T06:11:16.659883+00:00,0a4d890c2c4d5488a593d503d2a4cab60de0b6006b055314ed4e7920cdec7c87
2025-10-09T06:11:16.825494+00:00,3a82ee7128b7abac3feda3e056054c33035949488fc1be463ce0deb8b2e75923
2025-10-09T06:11:16.984749+00:00,c9746f8f58074036cb6b4e4d157c9f0e81bfe172670a8c5cd987866a5d257704
2025-10-09T06:11:17.158086+00:00,5fc4df6f5d24925e40dec8f7c90c32605a7bef329dfec7a227febce1122e7722
2025-10-09T06:11:17.316655+00:00,ec53c92008a3f63af7f12a64c2a5a500f3489300877c5f733d28562a1035f1a2
2025-10-09T06:11:17.476137+00:00,b1814066b45820348e60654d3adf2add27cd61e3d26363beb4bed6713dd5a1a1
2025-10-09T06:11:17.633479+00:00,6bc1272b251ab23bdc23a47865e435aa33c937727723bc153667cad4db8c67d7
2025-10-09T06:11:17.846241+00:00,7d248e81ae99ede34adb46e0cf6a0ade9419ef6d9090de0f423f58fe6f6c7bf7
2025-10-09T06:11:18.065899+00:00,2bc99819b2b697c96f406ae7d45b9edc2569108817a4e88616aee267462a8982
2025-10-09T06:11:18.223749+00:00,c8603e13bf89f9e7ce3acd1f73db8279a1cc5e414e29c5d63feaf04621a5426d
2025-10-09T06:11:18.382581+00:00,057532c97bac2f0862fdf96ee5c86eb82704b2eceaf408c7832a73a67eaaf436
2025-10-09T06:11:18.548373+00:00,1439e7f315619bdfde67e6843c37be03f1d82f9a1eec0d60fe6626729303df14
2025-10-09T06:11:18.796718+00:00,bdf4d8000078a88d937c321edcc08956912d2be04d3d131a585d23a71cb1b3f5
2025-10-09T06:11:18.954486+00:00,a5fa93215669ba4cda2280b02991bd91aa547b5e48cf33020d51dadf6670d8b1
2025-10-09T06:11:19.124778+00:00,5a56702d6e54a09d4f34c9cc0bc1a76109c68463d0633ce77f19dd592bead771
2025-10-09T06:11:19.284890+00:00,6f924d98f6933891c233fb976c3bfeeababea3f0002f31faec6043b341f78f2c
2025-10-09T06:11:19.440956+00:00,3321987b45aafa197cdd4e2f71d11e92a2c810d369e70f47b8cbb640194bb040
2025-10-09T06:11:19.599518+00:00,20c94955ed08045bbe9e45d5ff579ba9e025df0dad8dbd7d5f9ac621270ae757
2025-10-09T06:11:19.758144+00:00,3174af7369be8d85e3dff2b4ee8621bfcb23b742bb45762ba5a4699f6907014b
2025-10-09T06:11:19.918563+00:00,3fdc6c1669a3b62e139e7b09ee3ebb9d181aaa05cea5a8d552ce3e63e2209e0e
2025-10-09T06:11:20.076719+00:00,9ad3936a26081ac6f2e4bbb1354984c55617c1c7258a16b82e6a2e65e0bf1286
2025-10-09T06:11:20.241121+00:00,c51b504fe5d42f803a96b492a219eb90011e1a518580334c6f604eda4132e8ab
2025-10-09T06:11:20.397895+00:00,3dae2cd92b7a51cd552e40ed51a936f9fe56d1469dd9c55bdac9208f6279a108
2025-10-09T06:11:20.560802+00:00,b0f53d700bec93ade1b64c967d1d8bba2a906bb1eae8089be2cf94da9fe34681
2025-10-09T06:11:20.721019+00:00,56063c841ff7dfe1cd123531afe4c140348cbaefae62eec5bb890ff410bb0d3d
2025-10-09T06:11:20.880282+00:00,947ba957eaec0f77eab820fd00d12349ddeb20591bd6b6b1e623a352311e549d
2025-10-09T06:11:21.037530+00:00,bc308db902201df52b8179aa48cecb81b7aed75978f9808a70a40050213ee225
2025-10-09T06:11:21.196954+00:00,9fb25e4e2a180de3e8e47b3266acdf3c6e0de2b02c00b51d08e7cf88e715348b
2025-10-09T06:11:21.357451+00:00,5ab507e499bf4967435f5d98c1b0525391a5f40bc7002bf58de9644b0bb77dea
2025-10-09T06:11:21.514309+00:00,a32aeb1bd2eb243d1e5857ab94d1fa370e095047623d4edb22b755bf74fdb448
2025-10-09T06:11:21.671556+00:00,359560011b0a19f5234cbbfeb78fa37a189618f6533cc7440b9842dede8272d9
2025-10-09T06:11:21.836283+00:00,c18c5df3217ee37c969a1e8505704892dab482573e896c24b280e2f9860195bd
2025-10-09T06:11:21.994672+00:00,28ab68af0fffd5e4bd525e1b67a882b72083933baa1bd4028f9b0f0df06056ee
2025-10-09T06:11:22.149889+00:00,d888d136abda06e249b936b900860a72e3963abe977e216408a281e6650b4044
2025-10-09T06:11:22.310497+00:00,fb8f65f1396051601b5e716e842126263752d9702c2061d3abfe4a0d94eac1ab
2025-10-09T06:11:22.471472+00:00,f1921c40ca8ee3e4c359e95df669debe60460251395cc640beddf90a10a83d1f
2025-10-09T06:11:22.632337+00:00,ed13b7ed9d18a133f944712b31857a04ae760732491fd77e89aafc6216719143
2025-10-09T06:11:22.791230+00:00,c8d5b18e0636f78cd433991b06c1e115701ffcf2b65ef8870184a5645a469205
2025-10-09T06:11:22.951772+00:00,624c1a2271b954fe5a0d0c8e32eec8275ed4626030bccb2bb4ef4a02ac6ec29e
2025-10-09T06:11:23.254058+00:00,41fc1350126e6dddc0acbab7b2fe046bd71b770d31dab76cdebd67f876702f46
2025-10-09T06:11:23.421831+00:00,3c19b9619818235b125c6b41c6a73ed2b43f41c8e737dad366092184b9822fea
2025-10-09T06:11:23.585649+00:00,309cb5f46484f38a9788802a4509714a75b9a455eb779a10e17e0836032f618f
2025-10-09T06:11:23.740545+00:00,4ed45b035b7bb26a5f3921bba6dd598878549cfc13c3ae62d15ae183d5d3e95f
2025-10-09T06:11:23.914080+00:00,5928a7e990537b7f9f42a82f9736ca294dcc9a4e6df16f3e4c595607f3cb313d
2025-10-09T06:11:24.067679+00:00,e6446da2a296cb6d2fd95ce04641c69f4654ccab012d589519536f84e3858b06
2025-10-09T06:11:24.229060+00:00,c7bf2c6d34c5ac93bd596020b412b76f0fd7fc193e22a9536ea8870f0d03bf3f
2025-10-09T06:11:24.383493+00:00,e1f72753c8659adc9311a10f7078f2d6dd6b86d4d5e4b0a8cac15a324b0b35f3
2025-10-09T06:11:24.543230+00:00,6935277eb4519e94928323d7a1a6bf21f193d219776ae76ff087cfa36eac103c
2025-10-09T06:11:24.702174+00:00,8b481a39f19c05e1c59467c8b160bad4a2e5824585f3820d5107ab591c7856a4
2025-10-09T06:11:24.872470+00:00,5906fa2bb7f011e232b4f4b5ef17b4be329458b8b6662c27a65ffe87b1d1a48c
2025-10-09T06:11:25.050957+00:00,ea8222126e73c7008372c548ddb748a3a9082586993513614a40e4dc1ecf73a7
