txid,submit_ts_utc,confirm_ts_utc,confirm_block_height
4e802f7c0a574c30c0ec9d3b728f765401ce3c561c11597cce3d37b876f3db63,2025-11-01T19:50:41.449704+00:00,2025-11-01T19:51:10+00:00,177
abb45b6585053733b2e4ed871ee190737bebcaf2e24ac300328128fa12a2e13d,2025-11-01T19:50:41.576641+00:00,2025-11-01T19:51:10+00:00,177
d148e528a4d3dcb03bafbf9c7e57f4c5b8437b56ab1230ed41ea7e09d9bdc268,2025-11-01T19:50:41.712459+00:00,2025-11-01T19:51:10+00:00,177
92e832b68caf92e9dc48ed319f43029f9249c9ef1d1801416bfcf58aac03c4c9,2025-11-01T19:50:41.856820+00:00,2025-11-01T19:51:10+00:00,177
82da219530cefb400a1a74b684b106cc03f031dca006599d0018f7be3b94f816,2025-11-01T19:50:41.994495+00:00,2025-11-01T19:51:10+00:00,177
8cc53901150906d425f0342e709f4dd6649d86bcf4bf367150bd5cd534630ab6,2025-11-01T19:50:42.132978+00:00,2025-11-01T19:51:10+00:00,177
ae6079a191849686f539253dc02ec6487b2726c22c82c84f4910e06f96a65c80,2025-11-01T19:50:42.269714+00:00,2025-11-01T19:51:10+00:00,177
63825d571b70b180fec214465a1b175ff6d9afa050cf60edfb70116ceeaf764b,2025-11-01T19:50:42.530935+00:00,2025-11-01T19:51:10+00:00,177
098cf1579e3c3778c26df79f264a63e42ae03c727f78b4964762ecee6384eca8,2025-11-01T19:50:42.677128+00:00,2025-11-01T19:51:10+00:00,177
c07d12d70335835f2d8d54ec441f742711b5497a887380214c4fc4dea37edec4,2025-11-01T19:50:42.816901+00:00,2025-11-01T19:51:10+00:00,177
dd4837565852313eac13f3588616bccadc8532a88f91ba1e1d92fb89e89a29ca,2025-11-01T19:50:42.953543+00:00,2025-11-01T19:51:10+00:00,177
ea4e948a3180d754d79c3becd30cd27a766af58c88cfb706f6c1c964ae0e8502,2025-11-01T19:50:43.089655+00:00,2025-11-01T19:51:10+00:00,177
117e2e5ba02ab79e7beefdbf76f132084b4f8fafe62d71f79c5980f22ca192ea,2025-11-01T19:50:43.235756+00:00,2025-11-01T19:51:10+00:00,178
db87227e9f85164607eb81e6fb69c9dc2707cd5513974f01fea5c5db27474ba1,2025-11-01T19:50:43.377351+00:00,2025-11-01T19:51:10+00:00,178
c04893f115acabadae431712156bad6f7bd5378ed87c8984d75a1af8ac73d10d,2025-11-01T19:50:43.510614+00:00,2025-11-01T19:51:10+00:00,178
6f1192731804e7ce6578356d0ab5b7f7618c76a3fcfd7f8cf8cefbd747e412d0,2025-11-01T19:50:43.648384+00:00,2025-11-01T19:51:10+00:00,178
461cb56122da719c2314544bc1fceb9f8bd1f4c1a90f8f06f4afc1b4c7d1f8d6,2025-11-01T19:50:43.781311+00:00,2025-11-01T19:51:10+00:00,178
0ef5e3a8de543d1cc66e7412dff98e9a4071d9e520de5cc41ed6c059ee7bb64d,2025-11-01T19:50:43.925729+00:00,2025-11-01T19:51:10+00:00,178
d404605f8ccfe2ca068664bd81c8036301f5abed37db0eead1ed7ff7a594f784,2025-11-01T19:50:44.057622+00:00,2025-11-01T19:51:10+00:00,178
4f5057b2d1062c06738059b774c0c85886568f09b656dca391043202e24c5a47,2025-11-01T19:50:44.189586+00:00,2025-11-01T19:51:10+00:00,178
8b39c1663303f7b04fa2d4e8f2d37e4d1cb0dde3fb120935d1e6c0f496b817da,2025-11-01T19:50:44.328715+00:00,2025-11-01T19:51:10+00:00,178
db62e7944226d8165b3dcd07008808d7ecfb856568bad393188f009f74b1a562,2025-11-01T19:50:44.459466+00:00,2025-11-01T19:51:10+00:00,178
be810376b36691f2287914b21e2e78c5b73e771500141cca4989c18b36acf4c1,2025-11-01T19:50:44.597411+00:00,2025-11-01T19:51:10+00:00,178
708fb1d01f7cf0d6529b0aaf064907fb28edae46d86f767f03efc76e71184a81,2025-11-01T19:50:44.733383+00:00,2025-11-01T19:51:10+00:00,178
e4548fd5e632e1edcafc0d6d085d34df3ee8f903d0b6e616c70d98689c381e55,2025-11-01T19:50:44.863524+00:00,2025-11-01T19:51:10+00:00,179
8c5dcf3271981d0692df4b282fb77bf84a2404e92e69c1e5cc87ae080577df20,2025-11-01T19:50:44.992865+00:00,2025-11-01T19:51:10+00:00,179
023db1073f4bbf205c486278712a1794a229b2049895875c7722949b48276db5,2025-11-01T19:50:45.122833+00:00,2025-11-01T19:51:10+00:00,179
37c62667593e95694e65a16476bde676c82cdea3303ada53bd8b66cd6e4c91c3,2025-11-01T19:50:45.255110+00:00,2025-11-01T19:51:10+00:00,179
03e6c5c7f997cf3f5426ea72f9f1a493a886c2783959642e90af25de7a62ed8d,2025-11-01T19:50:45.406067+00:00,2025-11-01T19:51:10+00:00,179
52297f6be224329480a15ecb4e5e5bb7de1a9d177f6760cb3d4835c61860f29c,2025-11-01T19:50:45.536850+00:00,2025-11-01T19:51:10+00:00,179
64b5928e8076b6d762b9d823f898357d19171ef9722aa4341984e4a69f95bde1,2025-11-01T19:50:45.651634+00:00,2025-11-01T19:51:10+00:00,179
20fbed8e88f85f653e9540645e226190eefe104f460b04eeaceb3b57e094851f,2025-11-01T19:50:45.764081+00:00,2025-11-01T19:51:10+00:00,179
78f3b27f84d7df61ef6bcd23ecb756c0c49fd1ca53128a9224156aa85c4a8a9c,2025-11-01T19:50:45.877642+00:00,2025-11-01T19:51:10+00:00,179
c10f8ce4b336730f24e9e8cbe5ca1902910c50c2a431c150b2d231ee2a80e147,2025-11-01T19:50:45.998065+00:00,2025-11-01T19:51:10+00:00,179
c456f1a5ee4505485877162cba37c86848bb6da6080eb703bc8bd8bd3a00a762,2025-11-01T19:50:46.113859+00:00,2025-11-01T19:51:10+00:00,179
09ba332b8753c21774889d17864bb4040a3df9813677b67bf0cbea91f91a1614,2025-11-01T19:50:46.233726+00:00,2025-11-01T19:51:10+00:00,179
98b0b3e47c4778490477b5b06ba40815d84cf056e901b0f3825290da5a65a9cc,2025-11-01T19:50:46.349830+00:00,2025-11-01T19:51:10+00:00,179
7ac6214736dceec2546fb94e7dd73d6f6c930ee3db160f95c2337ea013fd51cd,2025-11-01T19:50:46.472622+00:00,2025-11-01T19:51:10+00:00,179
1920526f9b753b7a1a618742e624fd1efc5dcab49a56378755496dbaf6a3da5d,2025-11-01T19:50:46.601762+00:00,2025-11-01T19:51:10+00:00,179
103c725bc2bbe325048577ba8f17934b6f268b43c10a47cc7457252ba707e16a,2025-11-01T19:50:46.716460+00:00,2025-11-01T19:51:10+00:00,179
34f289f903136e363f05faf8c7909117cef29932cffe0259025384c5e9be10f1,2025-11-01T19:50:46.832615+00:00,2025-11-01T19:51:10+00:00,179
8dcd09eb351f410c45b6fd56f06bf68203d38b20f0e4d67e327c17c4a8aebe96,2025-11-01T19:50:46.947741+00:00,2025-11-01T19:51:10+00:00,179
5c637b34f490fad5c62cfc4526f3462f224fee4f1c4f27e6d22a6fd66458e636,2025-11-01T19:50:47.064132+00:00,2025-11-01T19:51:10+00:00,179
aa7940f9fb152c363ac77d782c1c24ed3a97550d418f9d6a5d0f56c20d21b152,2025-11-01T19:50:47.177995+00:00,2025-11-01T19:51:10+00:00,179
586d7878a606e7401b766d0a1a568ac615756c4079ed2153f825a0df7fd35d3f,2025-11-01T19:50:47.290163+00:00,2025-11-01T19:51:10+00:00,179
9633eca9547a128d7fe20e569ed53ccc1d30506b9ec9db1d7da0c63f511ef4ee,2025-11-01T19:50:47.406650+00:00,2025-11-01T19:51:10+00:00,179
3bfb46dfa976986e476f6fb93077f3d44474b346fdd822a57fde93ccacb3ad64,2025-11-01T19:50:47.519506+00:00,2025-11-01T19:51:10+00:00,179
8056e5630bfd229b2579dfe5f1ac8a651fdfd651863077acc8c159027253fa98,2025-11-01T19:50:47.639842+00:00,2025-11-01T19:51:10+00:00,179
16e9b7ab36af3ebc09dfaa11a4eb0c25f5f283ea042aae56622e6c149f310a62,2025-11-01T19:50:47.761919+00:00,2025-11-01T19:51:10+00:00,179
332eef5ce157b7b9147a04bd4b079ff8518fe2e3de7795ff1456451bb2fdc24e,2025-11-01T19:50:47.882519+00:00,2025-11-01T19:51:10+00:00,179
cdd6b2925dc3c40f6152d6e3f0742aa18a46cebfca39fc904318abc64bc1eea4,2025-11-01T19:50:47.993977+00:00,2025-11-01T19:51:10+00:00,179
c5d66f28714b6b12c3334bfbf55db224daf55a5043273cd2ae0b9eab9b4045b9,2025-11-01T19:50:48.108674+00:00,2025-11-01T19:51:10+00:00,179
caa46bfff56dcb5234d93ad688fa599cc2aa257a07fc0ff11f1731abcda190a0,2025-11-01T19:50:48.222000+00:00,2025-11-01T19:51:10+00:00,179
b9deb749c9549bb353684a02e0699594cebb1c99471a169c130d6ef69705ee9e,2025-11-01T19:50:48.337759+00:00,2025-11-01T19:51:10+00:00,179
817b88ea4017073c01287ddd66d545629d67b487ddc3b3c257451310285842d1,2025-11-01T19:50:48.454951+00:00,2025-11-01T19:51:10+00:00,179
c496e4b98e9f8957df74214879b2a49aa183988dce9620691d15defeee9c5a20,2025-11-01T19:50:48.576850+00:00,2025-11-01T19:51:10+00:00,179
5f93e9cf30931a7bd988c272c5c65b7d3b827acf1da68840c369a5ab5e07aa0f,2025-11-01T19:50:48.700626+00:00,2025-11-01T19:51:10+00:00,179
02e5d644c7c11c7a0b09034989329d40af789cfbef4e7922768422fdd754771c,2025-11-01T19:50:48.824908+00:00,2025-11-01T19:51:10+00:00,179
ae20355f78c6b7c75d1c266dc7de66c10df70141d47a7a3dcea17f83afbc2e1b,2025-11-01T19:50:48.956102+00:00,2025-11-01T19:51:10+00:00,179
f9cd46875fb1c321e5ca0a8e48fe81357f2468139baeba19663928962699f5f2,2025-11-01T19:50:49.083217+00:00,2025-11-01T19:51:10+00:00,179
44fd5215e95c9911f9a73a1a9e3cc942a5399ed3f111718548135ffd73b042d2,2025-11-01T19:50:49.202988+00:00,2025-11-01T19:51:10+00:00,179
eb0f9b483e1be8964b3196d54db41f9c4ed05b56c07e468c0e8f5dc118661d0a,2025-11-01T19:50:49.328177+00:00,2025-11-01T19:51:10+00:00,179
6ee24dcbe390c6ec4d1ec743719d5b5e3ce1956fdc86088c9f0c8232aa786d77,2025-11-01T19:50:49.453038+00:00,2025-11-01T19:51:10+00:00,179
572ac2af210dcd538be5b9d6b5da55d6a6dacb115fada8e5d5b06b346774cf6b,2025-11-01T19:50:49.579657+00:00,2025-11-01T19:51:10+00:00,179
a73e695fb4325a9cd6887d86c68e36bb657b94c3535f8a34c8fac7de9dca08dc,2025-11-01T19:50:49.705955+00:00,2025-11-01T19:51:10+00:00,179
9976e4f28343ced3a349a9965772441d1eb6e718261e258eab759a89f37d8d1c,2025-11-01T19:50:49.831217+00:00,2025-11-01T19:51:10+00:00,179
63015d6314eb1bb4dae84bf37096dae7f365fb0e8c873077b6cfeb9e2890095d,2025-11-01T19:50:49.956706+00:00,2025-11-01T19:51:10+00:00,179
7952c87e7c4239ce99ff7d5999e3675d9cc60fc00177848e99c246ae83a50abc,2025-11-01T19:50:50.083731+00:00,2025-11-01T19:51:10+00:00,179
75db3f2041130154519651f898e5d87964d440e28409b6a86100d402cbf01cb3,2025-11-01T19:50:50.215174+00:00,2025-11-01T19:51:10+00:00,179
2db45a7ff26b353cb3e31d90b081d6eeb236f44e62ff42506dbcbb89595b2da7,2025-11-01T19:50:50.332676+00:00,2025-11-01T19:51:10+00:00,179
5a28748a2a3818e64bdc5fc8e87c4780301b16ccbf257070ff9516ac3f0e1d4d,2025-11-01T19:50:50.452343+00:00,2025-11-01T19:51:10+00:00,179
38dfe50c985c96e2d95e7206eb0bed87eef441082d5ae86c9bdc77c4193713e6,2025-11-01T19:50:50.568496+00:00,2025-11-01T19:51:10+00:00,179
eef29e0cdd7b85abc77c55839ebc5a729ff7d188baba0a83557d90c2ca5e1d2d,2025-11-01T19:50:50.682801+00:00,2025-11-01T19:51:10+00:00,179
48f138f4743fb12433a2b53ac06d8b8d119b24dc83a5a0faf414904dbfd272c1,2025-11-01T19:50:50.799856+00:00,2025-11-01T19:51:10+00:00,179
731d658f5ad27dfffb9bd10659f20d7be2dcb3bf06175ef90a0234be22ff5d14,2025-11-01T19:50:50.936037+00:00,2025-11-01T19:51:10+00:00,179
1fd727e4259cecc272fe787c75324554eac1afc35c3b2644b3f0d8012734ade6,2025-11-01T19:50:51.063872+00:00,2025-11-01T19:51:10+00:00,179
7baf706299227e9a5a223421ded5a553397241aa9c111ed87e9b83ffff168b39,2025-11-01T19:50:51.181142+00:00,2025-11-01T19:51:10+00:00,179
299d3ab79d0bc24877ca5b28d82a3a5cf5c50298293175c56c31de6c676e7ac9,2025-11-01T19:50:51.295875+00:00,2025-11-01T19:51:10+00:00,179
9c8ab2c5a824cfec8e9cdfb98c22f9a785bc91ccd1d2f8d5fe589ab0e537129d,2025-11-01T19:50:51.413550+00:00,2025-11-01T19:51:10+00:00,179
d0dfe50317f983e0a01798f160378a9162014d69781e1dc3d715270ecee306a9,2025-11-01T19:50:51.530158+00:00,2025-11-01T19:51:10+00:00,179
87ef830fd8f0e8b84fa4a0dac86227ca23a1a834a76a806bae206275151b32a7,2025-11-01T19:50:51.651212+00:00,2025-11-01T19:51:10+00:00,179
3bee196eab91d2a316001444f48ca3407d3cba6320160bbae55bb29bd2b6a3d9,2025-11-01T19:50:51.775225+00:00,2025-11-01T19:51:10+00:00,179
ab199be0f304cf4efa69a51c69a4b378f5f87b9de6964cf8a1e38afea9ece19d,2025-11-01T19:50:51.897353+00:00,2025-11-01T19:51:10+00:00,179
918a923d07d9804b4daf32b38fca29e4e1f639a1317a4275a3a06b5b5a4a5ded,2025-11-01T19:50:52.021035+00:00,2025-11-01T19:51:10+00:00,179
104a714682c562b4f97b85c302be7b79bc466a2f7483881eff97207b319ecf1a,2025-11-01T19:50:52.150059+00:00,2025-11-01T19:51:10+00:00,179
3190d6831a20a4c142e2496df77b218b483c77ebce3a223ead6cabb316eb2555,2025-11-01T19:50:52.271145+00:00,2025-11-01T19:51:10+00:00,180
10f4b5cfc094bc2c52f9ce85964ce5f8f4bb72fd14b0b209bc3baf3650f7f5f0,2025-11-01T19:50:52.389944+00:00,2025-11-01T19:51:10+00:00,180
255711888224436383e3d7bd137d948d9e88e0437466561684d995ed81ceda8f,2025-11-01T19:50:52.514443+00:00,2025-11-01T19:51:10+00:00,180
8f7a8370cc4b80b199e95102553ba45154d8627d56e18cfecf85d7c812a39ec1,2025-11-01T19:50:52.637829+00:00,2025-11-01T19:51:10+00:00,180
40319101db0cca70b9802f278e80cb927d77a3962d936b312f59cc9f3c52e48a,2025-11-01T19:50:52.761327+00:00,2025-11-01T19:51:10+00:00,180
3f15a2e8d766f4778817fa9b8545ee10addcdcf8a57a2d3ba02cf9fb15ff5c21,2025-11-01T19:50:52.878744+00:00,2025-11-01T19:51:10+00:00,180
3d0c8a88ce25aaca154c402e34f74e37b85276ad03f5926353854297d4848e4b,2025-11-01T19:50:52.996996+00:00,2025-11-01T19:51:10+00:00,180
493aed8df49357e06be34da674db40e37ff8c3dbf8c24f516cbf60a4dbc18a3f,2025-11-01T19:50:53.120120+00:00,2025-11-01T19:51:10+00:00,180
30027d5fcff7957cdafb9c358061f3e880d1f9b20fb9689f9a8fe73958f3ea80,2025-11-01T19:50:53.240876+00:00,2025-11-01T19:51:10+00:00,180
03e377eccd9890ada939bbe0e1658ca6a1245f4ae7985f5c5d81797845fcbd5c,2025-11-01T19:50:53.364225+00:00,2025-11-01T19:51:10+00:00,180
3ac96ed2190656c21722159662b6752feb6bc2cb6d0c521195622af49dde2640,2025-11-01T19:50:53.487791+00:00,2025-11-01T19:51:10+00:00,180
9a88e353ade7211e156073f714f07dce3d9719e76c45def60da2b95eeec19867,2025-11-01T19:50:53.607090+00:00,2025-11-01T19:51:10+00:00,180
d74215c6aa4448e7e6f690db67dac354a20cb21512a67b6c15254379bf88f858,2025-11-01T19:50:53.728076+00:00,2025-11-01T19:51:10+00:00,180
e8ad8db26484b0d24b18996162034ed274af63ffc20e2e05a5e9dccf6f464b84,2025-11-01T19:50:53.851007+00:00,2025-11-01T19:51:10+00:00,180
fe5ebbb1a2e38ec49050af5b9b70c28a0242f53b17fcda4a63f48ab4c0f7891e,2025-11-01T19:50:53.971080+00:00,2025-11-01T19:51:10+00:00,180
5e8476ceb92916b54f067c1e6960e1e5affe0a1da311220c0c166bacf4a252d8,2025-11-01T19:50:54.092112+00:00,2025-11-01T19:51:10+00:00,180
881e4388998ef2459c05cde722a8b2ed9795cc311a2e4005fc32dafc5f239c1a,2025-11-01T19:50:54.211180+00:00,2025-11-01T19:51:10+00:00,180
231341fa612bafd8c5a6df05b71be78a34e8d9ede56fdba8e713397944ccfd4a,2025-11-01T19:50:54.332870+00:00,2025-11-01T19:51:10+00:00,180
dc34a8090061fe5c9e90bb1ec7e8dca21d6d33ac4bb808474c95f9aaccfd48c1,2025-11-01T19:50:54.451395+00:00,2025-11-01T19:51:10+00:00,180
f500794ff7b849f2a10219006fc964167bef076172816452d839dd86def1fe3b,2025-11-01T19:50:54.571114+00:00,2025-11-01T19:51:10+00:00,180
39b3ed95acd133b37f1b1a1da4ea0d1f3844293744d5272cfb0a079dc7ef3739,2025-11-01T19:50:54.692996+00:00,2025-11-01T19:51:10+00:00,180
204cbeb43456863bab8925d22ab3288088bca364d5ef5d0e1d96630ba489a2ae,2025-11-01T19:50:54.814470+00:00,2025-11-01T19:51:10+00:00,180
f5e5d72212098569b5b7e5f6b884cb3f6ebdd935a95a37b52821c3b639d15a7c,2025-11-01T19:50:54.936116+00:00,2025-11-01T19:51:10+00:00,180
466967f72c7dfa56245f1192f0d4302669a07c6fa3a23a7054c0613d8fc56e6e,2025-11-01T19:50:55.060926+00:00,2025-11-01T19:51:10+00:00,180
5fb3efae4cd08622d7d4aab71a19efbb36ab6a40cc16a5d27e7af9ce97a38165,2025-11-01T19:50:55.181947+00:00,2025-11-01T19:51:10+00:00,180
f767c7184f2b4491c011ea0b9c64450b772a1e99281e2e12948db87d8d701224,2025-11-01T19:50:55.311165+00:00,2025-11-01T19:51:10+00:00,180
77a23a1f17962430e24b73687dcc344ccefc2932864faa9c7cf8d099ace28e9b,2025-11-01T19:50:55.431928+00:00,2025-11-01T19:51:10+00:00,180
9d0b65bd2b5bb57d3d0633891c3db8f392ed712ba99cc52ce1f18f7b4a498c7c,2025-11-01T19:50:55.555888+00:00,2025-11-01T19:51:10+00:00,180
9f473721696c7c94fe71689308609ebae93078f6e564dbeb8d36711304f64093,2025-11-01T19:50:55.809762+00:00,2025-11-01T19:51:10+00:00,180
8357c2228f16ceb8edbb81c22918f3b08a46f06d0fb036093c3cc8d99b5a8277,2025-11-01T19:50:55.926601+00:00,2025-11-01T19:51:10+00:00,180
ceabff5d22607aae63817a59f33c62bb80be0475ac3edb887aaf628767514d8c,2025-11-01T19:50:56.042988+00:00,2025-11-01T19:51:10+00:00,180
fe206157364f1ce1892a254e0c371f29432a726ffc1c63c417a14615ff8d725d,2025-11-01T19:50:56.173835+00:00,2025-11-01T19:51:10+00:00,180
74f60de1a0671c870085b74d38b244ca69d61e0ff7f99c8104cf7a3af959daca,2025-11-01T19:50:56.291427+00:00,2025-11-01T19:51:10+00:00,180
78764468a748d8f69d212d0cc40ef0630f1977c34c70631b39684a1f719d2ff1,2025-11-01T19:50:56.416031+00:00,2025-11-01T19:51:10+00:00,180
67202eb702f6c0929152a4c91092288224413b9b45ff883c8c1da88169fe61e4,2025-11-01T19:50:56.541726+00:00,2025-11-01T19:51:10+00:00,180
cc51f106c2c0aeb62b70a0312377288ec96674fb95006d10294959eaa8e3e3e1,2025-11-01T19:50:56.659274+00:00,2025-11-01T19:51:10+00:00,180
da84864ff6ef3debc3e7263dc1ea0dc8fca2299d341993c24cafd11e6376e2ad,2025-11-01T19:50:56.783907+00:00,2025-11-01T19:51:10+00:00,180
e7f1728007d9a510534a98a8f48669862f97c4831aac52a7d69cf2fdd383e467,2025-11-01T19:50:56.904693+00:00,2025-11-01T19:51:10+00:00,180
4b5137a207059ba154aa586f16b689949e95337b700688ada49ed5bb7cd011a7,2025-11-01T19:50:57.024985+00:00,2025-11-01T19:51:10+00:00,180
122f872f260620626bd9eb38d466d5b91f58b58b9ad7750af632d682be081b97,2025-11-01T19:50:57.149906+00:00,2025-11-01T19:51:10+00:00,180
33e4be82061a5671c0920b4b6e1ba0e329e3980d233d2a6232ef87fb874f4ed9,2025-11-01T19:50:57.277286+00:00,2025-11-01T19:51:10+00:00,180
a83f20a63438eaa5053ec8546f9a4a53ebf0b18fde26b86f0e6050b4c6fe1387,2025-11-01T19:50:57.399166+00:00,2025-11-01T19:51:10+00:00,180
e33f669607fef442ade937e950a28901a99b366a0f294bb7b2227696d6949a34,2025-11-01T19:50:57.522780+00:00,2025-11-01T19:51:10+00:00,181
83fa3fe24f660d958a4d7248d22ffed9a56cb76d03aa0413cceb300a5a7f84fd,2025-11-01T19:50:57.640823+00:00,2025-11-01T19:51:10+00:00,181
1c290aac4a8a439e31467c3cd45ab96f9946bfaf05b2325a7e3d5b93a6aca365,2025-11-01T19:50:57.766914+00:00,2025-11-01T19:51:10+00:00,181
463958f71f5bbe4e5b1780c239d53e8b49455be06cdf0afa6da953ed01c28fad,2025-11-01T19:50:57.883660+00:00,2025-11-01T19:51:10+00:00,181
1fec46c59be85c5a93f398affc91af0621f7bddcd8fab427f6c742d01b9d5421,2025-11-01T19:50:58.036149+00:00,2025-11-01T19:51:10+00:00,181
1a7b2b64bbc6b671c4f26134a3e6456dbbe0c4644ce8e6e42ec0cd9763a452c0,2025-11-01T19:50:58.154108+00:00,2025-11-01T19:51:10+00:00,181
627bd3c7dabfbea8235fee67fe90cb67b89f54a4c9afa17486d19cdfe419f0ed,2025-11-01T19:50:58.267406+00:00,2025-11-01T19:51:10+00:00,181
42a5dc751be23cee257a6a8ee18744ee880c24eab46b6ed0811447847f9a0e00,2025-11-01T19:50:58.382722+00:00,2025-11-01T19:51:10+00:00,181
81fe49123cced8ff9bb6e666ee448016f05fc23ebfbe5cfccf931e719adcd954,2025-11-01T19:50:58.497376+00:00,2025-11-01T19:51:10+00:00,181
a8c93755f2cc508aa8186f0808cfb00d52b9c0d686bdcce5298a381ebb414c91,2025-11-01T19:50:58.612391+00:00,2025-11-01T19:51:10+00:00,181
1745e36c904f19eab86d5693fb2810f95ff69666cc9a93948c02fadf85c43395,2025-11-01T19:50:58.732892+00:00,2025-11-01T19:51:10+00:00,181
401132e1ec3f1febc9dcb4c5d2a5003c2d477a32e85e7526d5ef7f668443d9f3,2025-11-01T19:50:58.852824+00:00,2025-11-01T19:51:10+00:00,181
e39e0ca1863d85ba4607f953b9a9ea9b5a030ca3ae8bf82341b2d737c13fa34e,2025-11-01T19:50:58.970848+00:00,2025-11-01T19:51:10+00:00,181
b818e01b022e90ca363328957b2a244a68f6aa0e0bc8f0258dc22cb66fa8703e,2025-11-01T19:50:59.095552+00:00,2025-11-01T19:51:10+00:00,181
9ab90b723ab9a6a5832b0daa6faf07c6182123c1bcc534263c6f2098043a644a,2025-11-01T19:50:59.221895+00:00,2025-11-01T19:51:10+00:00,181
863d4c9495f8108b6d8d4c156be835fb054548560fb57a44862ab77fb21e0181,2025-11-01T19:50:59.337165+00:00,2025-11-01T19:51:10+00:00,181
1af6936d47f21e3c7a7d7874223728d409b6e8e4d025699d25f33080eba846e2,2025-11-01T19:50:59.456586+00:00,2025-11-01T19:51:10+00:00,181
0dcd49c3d8fe1c594cebdaf87568dc2aea73ce4a06ffd9c69b5ae84477857ad2,2025-11-01T19:50:59.574250+00:00,2025-11-01T19:51:10+00:00,181
c65bc1332c6d1bf75814cc4ac63d607fa14635596cb117caa662bd06a8aa54d1,2025-11-01T19:50:59.689895+00:00,2025-11-01T19:51:10+00:00,181
931a6b67088b7c8980b3ac23c17cea9011bc2ffb16088c4e9470a34d0d072fed,2025-11-01T19:50:59.817884+00:00,2025-11-01T19:51:10+00:00,181
f18b7a4e0813b10e329030bed8d666c71cec22ba1bbac326d30d11ea0356d540,2025-11-01T19:50:59.938373+00:00,2025-11-01T19:51:10+00:00,181
f4e51ab35e15fa55e4e78a97be64ea464dfe04d7078e37081f9b90cc88e9d1aa,2025-11-01T19:51:00.066057+00:00,2025-11-01T19:51:10+00:00,181
85f6063135669d51126d7b7a2c5e0946a47c436fffad846c74e858c83d153630,2025-11-01T19:51:00.188309+00:00,2025-11-01T19:51:10+00:00,181
a92bb0e3dbd7219591fa13d460fad4e4998f66931ced7d7fd5ba5c74318b557a,2025-11-01T19:51:00.316638+00:00,2025-11-01T19:51:10+00:00,181
e811817ba92d5606484fe80210046dc96df22d44363740cedf3d41ff58be19b7,2025-11-01T19:51:00.433055+00:00,2025-11-01T19:51:10+00:00,181
4ccd15910c54f75287d8e3dcc73eef490f750334971028fdd9c8c078f32fce47,2025-11-01T19:51:00.546034+00:00,2025-11-01T19:51:10+00:00,181
0c1c1b865a2b8c9e52c379e0331467d685a5625c279a2008dab8e6e95aabbb6f,2025-11-01T19:51:00.664175+00:00,2025-11-01T19:51:10+00:00,181
501ed2f3bedf4092912c294fbc09274c0602454445574b2dd7c861b6d5ff3ada,2025-11-01T19:51:00.854793+00:00,2025-11-01T19:51:10+00:00,181
2a5366fab7f0097083e7b6d7fb9d03caf52e5f2269385ac464b644c24f3baea7,2025-11-01T19:51:00.975849+00:00,2025-11-01T19:51:10+00:00,181
facb72d1350d959f6c6b059efbf5a014caf32854d3edc4616a183524a6690324,2025-11-01T19:51:01.111116+00:00,2025-11-01T19:51:10+00:00,181
73dcc17743e43b74997bec77f2cfd05158d7f86bc1dd4f7911c949ccb14a8e74,2025-11-01T19:51:01.225280+00:00,2025-11-01T19:51:10+00:00,181
72b095e87077b3ed75fe9580cb65cc190fe67ead5e8783fefa61d741f8f6994d,2025-11-01T19:51:01.342714+00:00,2025-11-01T19:51:10+00:00,181
540e856dd69d0cef1d6b0fcbf90cb8bf25f2be31a4425dbb58d537389ea5b399,2025-11-01T19:51:01.465450+00:00,2025-11-01T19:51:10+00:00,181
9bbe11c3df5f3ed658452373a76f37f23208495f7a5065f9b73caabceb11b594,2025-11-01T19:51:01.590217+00:00,2025-11-01T19:51:10+00:00,181
73d9dc0b066ddca8acbb850758d2b91cc530a034e94bf7b35d42d8765cac98f3,2025-11-01T19:51:01.716222+00:00,2025-11-01T19:51:10+00:00,181
1b87a174abba822a18350b383b3def1dcd3e8cc670d922e6430798a5956a2b99,2025-11-01T19:51:01.838586+00:00,2025-11-01T19:51:10+00:00,181
84897fa0fb1967ad3240a604b9ab3a29cc7e04ea4205322b34a23a1fae6ceed3,2025-11-01T19:51:01.961390+00:00,2025-11-01T19:51:10+00:00,181
11a8222d61ab81b3057008266cd08a094e96477f1b75315a21b6888bc9be9b43,2025-11-01T19:51:02.081037+00:00,2025-11-01T19:51:10+00:00,181
c4f185e55e2b73e573638cda73921c7e7f2f732c6c68d8e1a6929d6817996f1d,2025-11-01T19:51:02.206427+00:00,2025-11-01T19:51:10+00:00,181
33d928593ba5883c07b7d70afa1f0547c875c32e8bd04eba0996b0bd49cbb600,2025-11-01T19:51:02.327821+00:00,2025-11-01T19:51:10+00:00,181
2d9b66a64606adf5a54f8d0e28ba84b602dd154cb5509514810575a050fec978,2025-11-01T19:51:02.455514+00:00,2025-11-01T19:51:10+00:00,181
e7eafb517d19a7be52821dc7e3ed2dda4848c1f238111a6667fd823945b40651,2025-11-01T19:51:02.581433+00:00,2025-11-01T19:51:10+00:00,181
9ffd689256538fd30e1b2d4d0e09e1738a0a2deb154051806b70e4a6306e2ef4,2025-11-01T19:51:02.704583+00:00,2025-11-01T19:51:10+00:00,181
cbad594a189234efaeafb6f4e7f43a5c54addb5dc45e43faf1714f9c36d70d31,2025-11-01T19:51:02.845774+00:00,2025-11-01T19:51:10+00:00,181
0aad2526d4c8abc61a8745acbc7e58e1d9d7d351e63cc780f54270ec100096ae,2025-11-01T19:51:02.966363+00:00,2025-11-01T19:51:10+00:00,181
bdd9028849d9a77bdad4def58b2fc780de67f9b36179cf3ef3d3158b46f63927,2025-11-01T19:51:03.081495+00:00,2025-11-01T19:51:10+00:00,181
24f610aa3ee724cd5cab4cfc8f3942cc67f45e84e5e4670eef9623492980f704,2025-11-01T19:51:03.195358+00:00,2025-11-01T19:51:10+00:00,181
3393c77f77548173f9533135516fbd1b42748ac51c0545ca6ea01ed7bacf683c,2025-11-01T19:51:03.320229+00:00,2025-11-01T19:51:10+00:00,181
e64be1c298f8a15654ad60ba909bec2bbb6247c64761844fb2db17aa712e3320,2025-11-01T19:51:03.438388+00:00,2025-11-01T19:51:10+00:00,181
14133f17a51d84872dd4322c4aae8e8635776db7a0ce1338e368dab8c63b1936,2025-11-01T19:51:03.554710+00:00,2025-11-01T19:51:10+00:00,181
2e08d3273ddc9b1c33d97105b8c1225ecc54124c37b2fc5587d3096141a496c5,2025-11-01T19:51:03.677952+00:00,2025-11-01T19:51:11+00:00,182
800b6f51b280eff2af28d2b2be8ecdba61e8f09b8a2f10505cc022eace0d754b,2025-11-01T19:51:03.797170+00:00,2025-11-01T19:51:11+00:00,182
280ab320355a276f129d081de7614a01dfe416da065f8255d37ef20a6bf60f0c,2025-11-01T19:51:03.913592+00:00,2025-11-01T19:51:11+00:00,182
91d9f50551b72cafbcf3b5b1a6d47df071ddbec2227b3d9822c7775c2fc6a05a,2025-11-01T19:51:04.029617+00:00,2025-11-01T19:51:11+00:00,182
734524a2b9c9471f1a51a236fc686f993a3961cb795de2062ea1f08d7a0aec42,2025-11-01T19:51:04.145063+00:00,2025-11-01T19:51:11+00:00,182
8deae26b6a35fcad4243c0fb363cf961eb09aab78f466f6ece0107a65cb288a1,2025-11-01T19:51:04.262227+00:00,2025-11-01T19:51:11+00:00,182
00104ab6097f4ce7d74be813d6c6b8f4384e85f051b0875b9e166dcf5efb9f84,2025-11-01T19:51:04.376683+00:00,2025-11-01T19:51:11+00:00,182
df19c6fb583d9347f82efc6af396028ade799a62b8d708f55065d261d8183a1f,2025-11-01T19:51:04.490927+00:00,2025-11-01T19:51:11+00:00,182
94f5d4bc397023d20b5c9ba0deeae412ed27c2a980a61440c362ceb61ba07b56,2025-11-01T19:51:04.604680+00:00,2025-11-01T19:51:11+00:00,182
ea32c16aa875e62e4418b5d7a90de40a85de9d52aca8fbf8f8fd6647e3b57059,2025-11-01T19:51:04.722322+00:00,2025-11-01T19:51:11+00:00,182
a073b19ac4abe828bbaec5d2f2e775a30d899c0a9a71e6b328f95c29ed88b8d0,2025-11-01T19:51:04.841346+00:00,2025-11-01T19:51:11+00:00,182
5a6c71f6af99ce491141e1667210420ad7e688ad8ec95c82d6b37b728c21d0ae,2025-11-01T19:51:04.961776+00:00,2025-11-01T19:51:11+00:00,182
9a6934a87ce824f192a411c5bad58ca62a8edc849189f67126146db4e598a27b,2025-11-01T19:51:05.078813+00:00,2025-11-01T19:51:11+00:00,182
cd0fe94d67dad1c113bef0e0348cc97490ea4c279f050e90cce6959ee457465d,2025-11-01T19:51:05.193735+00:00,2025-11-01T19:51:11+00:00,182
3982e6bcd6adebb8e2836fadaf90600999a8d00bfffd8dd5e3955ded5c3776e6,2025-11-01T19:51:05.315139+00:00,2025-11-01T19:51:11+00:00,182
e1e918bfd4bf44fdffb5ba12633db8c247832c115ecc96c97f74538f550f227c,2025-11-01T19:51:05.429203+00:00,2025-11-01T19:51:11+00:00,182
fdbd7436e8fcefd7b7c719e7b48353928b1791b8261374bb9705f1b17446ad5e,2025-11-01T19:51:05.543036+00:00,2025-11-01T19:51:11+00:00,182
814e22b05e02e98f22de5638d9a0dfcaaf8ccbd15a090a35056f3a26aecdb6d0,2025-11-01T19:51:05.664367+00:00,2025-11-01T19:51:11+00:00,182
467279bf2fbe98c2a59d3bf3d8ed6323975b599dcc2be703855d188e3b4fa1b7,2025-11-01T19:51:05.783172+00:00,2025-11-01T19:51:11+00:00,182
1a7e0a85ba2921b6a5034471a48a51e9bffc81c504fbfc32fb9753269bf5ad67,2025-11-01T19:51:05.987453+00:00,2025-11-01T19:51:11+00:00,182
857eba6950c1940f412b18111c28e1ba9b3e06feda0942ed8028faf9665151dd,2025-11-01T19:51:06.104314+00:00,2025-11-01T19:51:11+00:00,182
9f19b4630e9dfa007ca35970fb90159d4637f14b4cb520a1663cd9954449a238,2025-11-01T19:51:06.216248+00:00,2025-11-01T19:51:11+00:00,182
7d2b830da95982afc83a30229d575fd609dbd3f6a0c8ca15f1aadf4710e860d3,2025-11-01T19:51:06.330899+00:00,2025-11-01T19:51:11+00:00,182
40af1c06649272a912da5ba3c3d8f1e767d4f84114f08db278576445edf5fad7,2025-11-01T19:51:06.451444+00:00,2025-11-01T19:51:11+00:00,182
33fd6560952ee0971bdbdc1f51577947d85389c5d6e4d6c7fdc806b1a2fabb50,2025-11-01T19:51:06.567899+00:00,2025-11-01T19:51:11+00:00,182
0f232e29c8bb823a7cfe542dff0d839b80150fddadcb34efa8985d0ce521e486,2025-11-01T19:51:06.691041+00:00,2025-11-01T19:51:11+00:00,182
6918cb7b91489a37ecfd740781c25e4b5b94cdc0af0425449cd9bf1c85355d65,2025-11-01T19:51:06.805592+00:00,2025-11-01T19:51:11+00:00,182
13857d969e1beee997be0b5f75a20f5990be783d47a3840610a1e25b35182db1,2025-11-01T19:51:06.925595+00:00,2025-11-01T19:51:11+00:00,182
89472f36286e6cff3687e2cb24243ec171c12050204dd4d4d12bc2120ea4c027,2025-11-01T19:51:07.040280+00:00,2025-11-01T19:51:11+00:00,182
6e1dd65891ffa86dfae3350e67e9a0411d34de996df3ce064feddde07d35e392,2025-11-01T19:51:07.153387+00:00,2025-11-01T19:51:11+00:00,182
b9ad740b8e386289a6dd3cd12e62898fbe5e9c609782bfccb4856ef4589686b4,2025-11-01T19:51:07.269889+00:00,2025-11-01T19:51:11+00:00,182
42a0087482a6e9ae51c610cdb8dfc37d9e0c0514e9c0acfa69bf77875e183739,2025-11-01T19:51:07.389266+00:00,2025-11-01T19:51:11+00:00,182
2eb45b88130f9eba2e02c3c3655a8505796d7289a01d10a78a0d8c4b1983ec46,2025-11-01T19:51:07.508368+00:00,2025-11-01T19:51:11+00:00,182
48dd394034585f999eae02218f6cf028536bf32c1c048faaf9c0ea8c06275054,2025-11-01T19:51:07.626279+00:00,2025-11-01T19:51:11+00:00,182
008c5962ad09d9f8508e5bc86a7054980d15f84e72d3992b5129678360837998,2025-11-01T19:51:07.742511+00:00,2025-11-01T19:51:11+00:00,182
d7d63d0d3517b8261577ceff506918b0fa01ece1de5aad43fb68d651e3cdb938,2025-11-01T19:51:07.858068+00:00,2025-11-01T19:51:11+00:00,182
63e8aa378957d0822b4316e20788c16d5b66fa3cfd66379210030eafb2b950db,2025-11-01T19:51:07.981733+00:00,2025-11-01T19:51:11+00:00,182
28112d352ffa85befcdbfa2768dc00d68b91a55a3f64b0a0eeca954d7550a10f,2025-11-01T19:51:08.103977+00:00,2025-11-01T19:51:11+00:00,182
d16dd47303546cd067b52492f34a512ced1fc4d711b9531288f7906727398925,2025-11-01T19:51:08.231548+00:00,2025-11-01T19:51:11+00:00,182
b30bee1ce533757d92bd28add63e398301321ebae60f7fe31a63a271b02d800c,2025-11-01T19:51:08.348691+00:00,2025-11-01T19:51:11+00:00,182
b6d3c2a2759084b063497fedf964d3b74acfedfd54888169e5561ae2159e5b81,2025-11-01T19:51:08.464733+00:00,2025-11-01T19:51:11+00:00,182
76d9924dd142a6b306d07bf7897c8f0f13a3e1d668b9c316a36e0e68c388c509,2025-11-01T19:51:08.584739+00:00,2025-11-01T19:51:15+00:00,183
672af8749e9ea1913f1eaf6d8b766733cf1ac73b34db41a48e2c0513d6a7aa96,2025-11-01T19:51:08.704932+00:00,2025-11-01T19:51:15+00:00,183
2a5ea473282288455794830110ed8542e0646be4cac97d2a58f6684778f24e8e,2025-11-01T19:51:08.833990+00:00,2025-11-01T19:51:15+00:00,183
402904ba8175ad06a0e56ae750f09ed2fc95ab00c0cd2a15df16e9ddfd409cb4,2025-11-01T19:51:08.956834+00:00,2025-11-01T19:51:15+00:00,183
7054c1461c8533cbbf19933c4b52cad5ab23f45d85df087fcb3ddf0bade9775e,2025-11-01T19:51:09.078365+00:00,2025-11-01T19:51:15+00:00,183
1aecd445bca3498694be93a39ed1a93bfbde54275b554243ee1751467cd7908c,2025-11-01T19:51:09.201130+00:00,2025-11-01T19:51:15+00:00,183
aee76ee1e8e5b8f0b30defb2084838f2da90c55c0cc992662d36fe66115d81e1,2025-11-01T19:51:09.319531+00:00,2025-11-01T19:51:15+00:00,183
19cc48a6dfbeb0eae995b581c7bfca852f7dd94138941b68e855018edf96dfc3,2025-11-01T19:51:09.443023+00:00,2025-11-01T19:51:15+00:00,183
495998bb39573919b13215a58ea762bec9d2395153036b8f40d7c1a4d71bf70d,2025-11-01T19:51:09.566219+00:00,2025-11-01T19:51:15+00:00,183
efb7d195df1db0aea10a8c84960302f20ff04df1d8cb0538c2a00258626d2f8d,2025-11-01T19:51:09.686668+00:00,2025-11-01T19:51:15+00:00,183
d343e02e533f4d4a18ebbc89ff8d084e2529ba8533499cb553e8e04ec676ff2b,2025-11-01T19:51:09.809047+00:00,2025-11-01T19:51:15+00:00,183
01ef8331dbc1119709d467745fa9dd48c0b6fdabc3e338d9fe4a1d0e8708448f,2025-11-01T19:51:09.933761+00:00,2025-11-01T19:51:15+00:00,183
af08a5b925c270c7ca39e4e99af2da0ffc046c2f9f1d0c9dac46f65537710bd5,2025-11-01T19:51:10.057754+00:00,2025-11-01T19:51:15+00:00,183
cea98f7dbc5ba06d497a8a7ccd9ab4354135dfdd105454c656264a717cbe110e,2025-11-01T19:51:10.179045+00:00,2025-11-01T19:51:15+00:00,183
0dfe3d17e930386476b943a42020b8b2977b40d8518459763219cbd2dcf8be7d,2025-11-01T19:51:10.309512+00:00,2025-11-01T19:51:15+00:00,183
959506951987ac4a17d8cab43808f15643f4b6f887c12600207c6deabfd3be9e,2025-11-01T19:51:10.428285+00:00,2025-11-01T19:51:15+00:00,183
6c37fa80f73a9e5d95bf791afff5967c2e23392b8ffd6cd4db2f041482636f6b,2025-11-01T19:51:10.553191+00:00,2025-11-01T19:51:15+00:00,183
2fa0b1f59ffb21d6d52963277c72942f5321d9f114d9ed39af4b38b87684349d,2025-11-01T19:51:10.671180+00:00,2025-11-01T19:51:15+00:00,183
1083e1d7e5cf57ee46d5df0565542a26ef0bfc6c0fa8945be7c7a521918cde18,2025-11-01T19:51:10.792241+00:00,2025-11-01T19:51:15+00:00,183
7330e668e13e57e603a49ce6054e8f0fa9a559fb91aee03e5f8176855fdbc54e,2025-11-01T19:51:11.053043+00:00,2025-11-01T19:51:15+00:00,183
4a1c74586075ac35ea1a6e3290635f4bcfb8775308e3edeef331f604eb34dbb8,2025-11-01T19:51:11.165556+00:00,2025-11-01T19:51:15+00:00,183
752c83947fcd6f01a93ba741988bea052f90702afd175c434d23986854e6dd80,2025-11-01T19:51:11.281932+00:00,2025-11-01T19:51:15+00:00,183
1a48afcc23ec061790a34237ab3141a9d8efdf3c6fba67d2a32623bb7bfa4f31,2025-11-01T19:51:11.413024+00:00,2025-11-01T19:51:15+00:00,183
980714f6ccf2e249e39316e385b44ac3578a8d263fd29f22d635b762665eebf8,2025-11-01T19:51:11.537861+00:00,2025-11-01T19:51:15+00:00,183
4ef8973afe1e84d4c1b4da8ebc3e03ad365d1654a01efa2d9def5ff9a66ed422,2025-11-01T19:51:11.657144+00:00,2025-11-01T19:51:15+00:00,183
b0efba744e0842c2018afa02b9a749eaac3efb28c4c8035ae58d8656d129abe5,2025-11-01T19:51:11.777913+00:00,2025-11-01T19:51:15+00:00,183
a0bb7a42a455e6e33a20696d77db66c5fea8b4c3887d870bde63c4859f940d1a,2025-11-01T19:51:11.900717+00:00,2025-11-01T19:51:15+00:00,183
a9b5a757e75cdd526532d2306d3feaa461b3d212fb1d8a68cb1eadcbd9ff48f6,2025-11-01T19:51:12.028513+00:00,2025-11-01T19:51:15+00:00,183
5c637645c6d434e19ad095a86558bca45ec54191ee636fc6fe8cc4b0f98a1cd0,2025-11-01T19:51:12.151467+00:00,2025-11-01T19:51:15+00:00,183
dfd8b471c638ca13c0f887a5e6c8437cf496d5116cb3911616e0ef0cd4577ac9,2025-11-01T19:51:12.272749+00:00,2025-11-01T19:51:15+00:00,183
633e700f45af5c46bd1d2f67900835e26b88458f3426ebc71596881e2056dd29,2025-11-01T19:51:12.399831+00:00,2025-11-01T19:51:15+00:00,183
102a52c7bb386c9dfa7e5ecc7ad6e6194910b2ff67efc65759363b230ffc27ac,2025-11-01T19:51:12.528953+00:00,2025-11-01T19:51:15+00:00,183
f9a29810de5a93cd5d7f025f51b2af647d1a595dc89c0ffb4bfad622b757a196,2025-11-01T19:51:12.650430+00:00,2025-11-01T19:51:15+00:00,183
88645befdbe00ab7d492d7b0d2df43dd89e5434cd8049409edb906a9f0390d88,2025-11-01T19:51:12.776946+00:00,2025-11-01T19:51:15+00:00,183
cc43218a8c6b4b0363fc2cd65c3f97b40f1e474e1777d4a696c37f9d41dc35ba,2025-11-01T19:51:12.896399+00:00,2025-11-01T19:51:15+00:00,183
cf4e7f492b2be26f2879d0546e3903cac5cff096844147d646660b95f91ae38f,2025-11-01T19:51:13.022971+00:00,2025-11-01T19:51:15+00:00,183
c714f4c3eafcb1aed66b1c51b1dd1859f924c76e7a02039c8fcda1e442789039,2025-11-01T19:51:13.145775+00:00,2025-11-01T19:51:15+00:00,183
19d65078af97f14fc0fdbced884ffb8aaaf346167b8a5c7bf3f6b2ea304c29e4,2025-11-01T19:51:13.267452+00:00,2025-11-01T19:51:15+00:00,183
26269bbdc7dba8c0d5e73dd58b07e6f6d5cd153bd78d21b8835cd1cfd895d32b,2025-11-01T19:51:13.395607+00:00,2025-11-01T19:51:15+00:00,183
652d72eab6934c2ba34ed89fa2139240065fa80836fb190d80b27af07afb63c5,2025-11-01T19:51:13.517469+00:00,2025-11-01T19:51:15+00:00,183
cdae9d25ac3944203d90dc763b3cc02efdf7af8362dc5c42822520795cf84ed2,2025-11-01T19:51:13.641246+00:00,2025-11-01T19:51:20+00:00,184
9196138fb0839b85627e8f4ed30fd5f8771cd27a0d87c6ee898958954c5b17d7,2025-11-01T19:51:13.772211+00:00,2025-11-01T19:51:20+00:00,184
08c7335e1457a888f38e0bdc7a3f7feb1f9ac5565ef5e1b8e6064d912db9d181,2025-11-01T19:51:13.894965+00:00,2025-11-01T19:51:20+00:00,184
777e7066582f590ce24ea87e7be9132cf234f24347db93912b5809ea0753b51b,2025-11-01T19:51:14.014746+00:00,2025-11-01T19:51:20+00:00,184
f84083b67c60f106e147ee02e45e051196590d6e843de21ef753edba20e1c513,2025-11-01T19:51:14.143974+00:00,2025-11-01T19:51:20+00:00,184
f4aeff45f2c03349a7244ad3851d60ab62311606e5d426c9e0d15ef98d11fa05,2025-11-01T19:51:14.264173+00:00,2025-11-01T19:51:20+00:00,184
921d88f11e801c256c73773138876884493deec42e19984e970ec7dc1263c5bd,2025-11-01T19:51:14.386749+00:00,2025-11-01T19:51:20+00:00,184
7349644203cb2720cb7d15571f398caa46c900ac15fa4fc79e17cb5b59e99636,2025-11-01T19:51:14.513634+00:00,2025-11-01T19:51:20+00:00,184
0c131e7728da4702f7269d443c177c64ab3a46dd9b09b4ec25a0c021a2f4412f,2025-11-01T19:51:14.634591+00:00,2025-11-01T19:51:20+00:00,184
bdd804c4d4bab1c46431765a08f7020b462346cffa38bb43fe5b2d5570f6a958,2025-11-01T19:51:14.758950+00:00,2025-11-01T19:51:20+00:00,184
acdd6e5f4e114ff23fdab7f5ce01a651740dd1c188a46404f457dd1e29eb4788,2025-11-01T19:51:14.886657+00:00,2025-11-01T19:51:20+00:00,184
cd2f1a217fd24422842758a005b13e5144b7864bc9164e429e1d47fb38f59c4d,2025-11-01T19:51:15.012663+00:00,2025-11-01T19:51:20+00:00,184
dffa846928c423361ca8a906d4ebb5e5ef8ac837f8f6dface736902088967c93,2025-11-01T19:51:15.144927+00:00,2025-11-01T19:51:20+00:00,184
e9c76dc59bac67d8e5e1e2b6468f88f6b024d97a87cfe108c261f5ac7feecc81,2025-11-01T19:51:15.272818+00:00,2025-11-01T19:51:20+00:00,184
0712a0710c6720674423275e03ab33421b8d4930b07f752e36aac7ef11095889,2025-11-01T19:51:15.397937+00:00,2025-11-01T19:51:20+00:00,184
a8d0e084de6e05be37a441a07fdbcd4488c22fc8d42199b4b9c36a9ab18fb2f1,2025-11-01T19:51:15.522216+00:00,2025-11-01T19:51:20+00:00,184
7abf843f65331c2459c5524ddbb41324b17b6f27b0f25cd5962112702049b9a5,2025-11-01T19:51:15.643740+00:00,2025-11-01T19:51:20+00:00,184
a6d29cddaa55739378896b8aa9c53dc69903032e1967f0fac7ba555014d22a59,2025-11-01T19:51:15.771561+00:00,2025-11-01T19:51:20+00:00,184
2816a2c5dea6d278f0d5e139bcb1b4547273964c57671b319fdf8c026d1c9f22,2025-11-01T19:51:15.892590+00:00,2025-11-01T19:51:20+00:00,184
ef1d588043152bd764af82d7d1c470299f8466267c088bcdc334659c708d795a,2025-11-01T19:51:16.085727+00:00,2025-11-01T19:51:20+00:00,184
c630f2a56ab2e81d6a69e125306764ee48f7aee3559c21e40788e875e7ff17af,2025-11-01T19:51:16.204782+00:00,2025-11-01T19:51:20+00:00,184
591deb70cf08e3967165cd13f15a092eae4b394dec8f9bc9d4a7824a7a632f36,2025-11-01T19:51:16.322859+00:00,2025-11-01T19:51:20+00:00,184
647f6cf135f37364ff5a12ff0ed771bddeaa7fc9f10267162baec185329e18cc,2025-11-01T19:51:16.445220+00:00,2025-11-01T19:51:20+00:00,184
e1c37b7cb3aea283cbd5d0144128a6d4797c561e10ad7712de7676d4cd2d9697,2025-11-01T19:51:16.568021+00:00,2025-11-01T19:51:20+00:00,184
180540a7f588eed8a28cb1f232fef197a6eedbc4a3831a8eb4911e61b591e774,2025-11-01T19:51:16.692964+00:00,2025-11-01T19:51:20+00:00,184
4d72bc904fbf1bb5863b7d21bab65f3cbc4e1f607faa1d89202a08aca456e36a,2025-11-01T19:51:16.817559+00:00,2025-11-01T19:51:20+00:00,184
cf29bdf0834cc31a4d02bd6816ef10b1870fe7631d1ad4283a18bcec6d41efcd,2025-11-01T19:51:16.944540+00:00,2025-11-01T19:51:25+00:00,185
0cd074270ed05afa1617af1d8ad5c6527fc0902beae364328579b6c7d16f1e8d,2025-11-01T19:51:17.067774+00:00,2025-11-01T19:51:25+00:00,185
427133d5ef101ca66d05694ce91cd199bf06bee70bd8398c5b03fd41408d1e9c,2025-11-01T19:51:17.200175+00:00,2025-11-01T19:51:25+00:00,185
4785f50413557db393de9eece68c3fd3a027a49bbffb1f7df60390902b58ce1e,2025-11-01T19:51:17.321368+00:00,2025-11-01T19:51:25+00:00,185
5aaf512276f17fd478440e669b1a779ee228dda09a43c26e15c8ff13c6bbaa4f,2025-11-01T19:51:17.445015+00:00,2025-11-01T19:51:25+00:00,185
a8dbf90852dd234291a2fd78f4e9c2b923178a3abf5e71c1f1ff8641bc2f0d4f,2025-11-01T19:51:17.566044+00:00,2025-11-01T19:51:25+00:00,185
796cf08b9d24ee26ce50dd910942fa1ba6cbde73c28aa534a914af4cf48ad298,2025-11-01T19:51:17.681322+00:00,2025-11-01T19:51:25+00:00,185
5f3bc5e4aa58ea0216ffd6c46b750bd472b862730478a8d4d3b56a0cefdc6042,2025-11-01T19:51:17.802476+00:00,2025-11-01T19:51:25+00:00,185
9a6cd7a5107adebfb69c8a635baf4db6d082f48e5c7a159794c76cbe1d02d27a,2025-11-01T19:51:17.925898+00:00,2025-11-01T19:51:25+00:00,185
a2a940bf368523c61d64a23360768b7656012002a664ce8d3ae3c18fb1f7d20f,2025-11-01T19:51:18.051063+00:00,2025-11-01T19:51:25+00:00,185
f7c78b3644fe5c089b27e149e567abb470735aca41b20c1b127a2f581b7fc0c1,2025-11-01T19:51:18.211400+00:00,2025-11-01T19:51:25+00:00,185
82f2e9a5a16f328a957b9ab8f781198ef74ea78f8a9e858b1d556ba81655d53e,2025-11-01T19:51:18.327280+00:00,2025-11-01T19:51:25+00:00,185
21a8eeea2eaafe21bc16594cb67243033c50d2e416ee0e56fe545610f08bd5e9,2025-11-01T19:51:18.446340+00:00,2025-11-01T19:51:25+00:00,185
acbead5df148bad96e7292683d4a98d4a64e32bc28292fb5e99cda88b054e560,2025-11-01T19:51:18.567245+00:00,2025-11-01T19:51:25+00:00,185
ce6648f134e6e6400b98388a2b9ec42a955ac0b1e4bc5162b39370edd427b779,2025-11-01T19:51:18.688988+00:00,2025-11-01T19:51:25+00:00,185
d841b5f377742595af148d2f44dfd844d2244b30dd62d52adaea1cdb4d47e75f,2025-11-01T19:51:18.818003+00:00,2025-11-01T19:51:25+00:00,185
1e5510deb0bcd4af211c6112756dd8b36d1ae1a82edf2fd526d179d8b9a6bced,2025-11-01T19:51:18.940002+00:00,2025-11-01T19:51:25+00:00,185
b4612b8174bcf201c0d265b76310f5a5cbc5b6975d4f1f7e6f4c7fddc6efe6db,2025-11-01T19:51:19.067014+00:00,2025-11-01T19:51:25+00:00,185
6f9a3d199ac3a5da3503fef9f858e533410c27c25bbd8a0207a1eb47449787d3,2025-11-01T19:51:19.195956+00:00,2025-11-01T19:51:25+00:00,185
fd8028ce821279f0894f3189e5e5ff803fc2e105f13dcf426f438346421a13df,2025-11-01T19:51:19.316335+00:00,2025-11-01T19:51:25+00:00,185
8227fe4f2fe8a55531db3e332d9a997c16e164c7630d5674a175475673af3503,2025-11-01T19:51:19.436370+00:00,2025-11-01T19:51:25+00:00,185
db2f948e0c779e3f509940a6e065fab49ebecb41bb64c31add86e4a0fb6328e0,2025-11-01T19:51:19.555745+00:00,2025-11-01T19:51:25+00:00,185
d1b9114747f707c7b05e3bffda6866b6e9a1f0bfd02110df450dffc9cc71210e,2025-11-01T19:51:19.682183+00:00,2025-11-01T19:51:25+00:00,185
822092c772d00160f211bdcda445f7bfe4de24ad167a3d34b29c60c5f83d591d,2025-11-01T19:51:19.806235+00:00,2025-11-01T19:51:25+00:00,185
b768a8137139f0430088970a8684115ee9cf1e084db2e526915969750ba98347,2025-11-01T19:51:19.930158+00:00,2025-11-01T19:51:25+00:00,185
25a047c051962ff4556b28f42a53ffbfa38488b20ed2c970fe76e988d643f009,2025-11-01T19:51:20.058297+00:00,2025-11-01T19:51:25+00:00,185
9ab89751b03fd3ed67de45d305a4d6e02fae6cc18e59e1e0f404b018ce89698c,2025-11-01T19:51:20.185595+00:00,2025-11-01T19:51:25+00:00,185
e6acaf3084f8068b8e9f87e50470ecd85f94dc4214ae07b8b6fe587041c5f244,2025-11-01T19:51:20.309337+00:00,2025-11-01T19:51:25+00:00,185
ba056fa8dabacf85097cb4ccc79fec2f8e14c3a9288369e6cc3b37a1f3acd6e1,2025-11-01T19:51:20.431989+00:00,2025-11-01T19:51:25+00:00,185
6408c17088a607c68c438bbe9759fdfb475443959af85e2f1ac2014ca89e8b9a,2025-11-01T19:51:20.550241+00:00,2025-11-01T19:51:25+00:00,185
17d473ebd6346dd95da486ce7553fbb3877de6602cb2cee8e00bfa0fb69123e4,2025-11-01T19:51:20.669285+00:00,2025-11-01T19:51:25+00:00,185
f04f4dd37bea2b71961707cacb48bd58bbf7852c84182f1ccafcbda4082cd2ab,2025-11-01T19:51:20.799446+00:00,2025-11-01T19:51:25+00:00,185
bf2e8140c7d8778f43298fbc29dc7e07b54a7b874868ba576fa14f3a6a8e0753,2025-11-01T19:51:20.920125+00:00,2025-11-01T19:51:31+00:00,186
72f7771be04ed3e02f13c14d0460408eafeada08ff41323df2c528889ff5579b,2025-11-01T19:51:21.147516+00:00,2025-11-01T19:51:31+00:00,186
5f4b30830e0d47f870be68f80d6d250cef7ea6949b3a6fe4ea02dfe3e8cddd38,2025-11-01T19:51:21.268206+00:00,2025-11-01T19:51:31+00:00,186
0626f3224c997c3e1e8577fd2353b6a607ad6546d1389c6070fef7fcacd0643b,2025-11-01T19:51:21.386429+00:00,2025-11-01T19:51:31+00:00,186
46a75d50b8095c8cec525210e520ecf38ca100895ebb376812efec12735d984d,2025-11-01T19:51:21.505578+00:00,2025-11-01T19:51:31+00:00,186
6424dd3a96a162fc5816b0beecc0ea88cf8ad1b77cb1987bab5d2de6b78bfcae,2025-11-01T19:51:21.626836+00:00,2025-11-01T19:51:31+00:00,186
943476b5bbf1dd27907353977864e5e8a2469e93aaf9d8e4685e90df6af10593,2025-11-01T19:51:21.756592+00:00,2025-11-01T19:51:31+00:00,186
8c892d5fd39f009e9732ab15e5df1090169441df5c24761130699d6a203d12dc,2025-11-01T19:51:21.882501+00:00,2025-11-01T19:51:31+00:00,186
93d17149db9351b0b070056fd25718bd91c8cafad4f25ee88bf3b0e81eaeb6ea,2025-11-01T19:51:22.012189+00:00,2025-11-01T19:51:31+00:00,186
45a97b86d8744890251e2e3db84ece06944f30d38acf88edc358b2e4647e5902,2025-11-01T19:51:22.136351+00:00,2025-11-01T19:51:31+00:00,186
08d0c336aa916044150164c2eebdccad85a855f772b0bb3028e7b00340321d73,2025-11-01T19:51:22.257208+00:00,2025-11-01T19:51:31+00:00,186
db9bb6c556c6ad916cc89e681b290e117263d6a952e006b87862ebf62a0ed4aa,2025-11-01T19:51:22.378659+00:00,2025-11-01T19:51:31+00:00,186
7cc33f8d0c9b98e31b5af739fd9209f76e432d8ab29376709300142818b1d917,2025-11-01T19:51:22.503282+00:00,2025-11-01T19:51:31+00:00,186
95536f4f0e29784834b94a26b8707cbead7b7ca0305028d00b7fffd83e17e673,2025-11-01T19:51:22.634638+00:00,2025-11-01T19:51:31+00:00,186
24d07aa625bd7fe004c9d8a59fddd51a7ed86886fc2d5a90c431c4385e074b66,2025-11-01T19:51:22.754718+00:00,2025-11-01T19:51:31+00:00,186
de6c5b829203aee27906d37bdebf7ef308df80d9b5f5792dd3045d3f742489b0,2025-11-01T19:51:22.875680+00:00,2025-11-01T19:51:31+00:00,186
997787a86a6e1d05ba5f22bfdbda0ca68edf6372d24a02ea94eb3fabf9834f6c,2025-11-01T19:51:22.994320+00:00,2025-11-01T19:51:31+00:00,186
14f8eb84878e1d2a79f5d5a1262ae2a969a80912b6dd9de51b03028fcae5c37a,2025-11-01T19:51:23.116912+00:00,2025-11-01T19:51:31+00:00,186
46fc23d642c7ec15ead8993f3ccb74ce0bb9f5b411f3e6d7b9cce9494c7377dc,2025-11-01T19:51:23.242150+00:00,2025-11-01T19:51:31+00:00,186
c2b02ebad3e0184086324749b95765af6f94c98f32207222c9aeb77879019732,2025-11-01T19:51:23.370205+00:00,2025-11-01T19:51:31+00:00,186
06f2a06d4c997195169ef046bb62370cd05028b2dec0d207a7d784fc455004c5,2025-11-01T19:51:23.490131+00:00,2025-11-01T19:51:31+00:00,186
a549d0435e78b3d6abb5b5fc09dbcc449d885db2d620cfd64e63d3ef6b45a210,2025-11-01T19:51:23.615498+00:00,2025-11-01T19:51:31+00:00,186
c4d365525f043cf8a8feefb40cdbc2bc18bbd15b0c4b0548f04579a517877e59,2025-11-01T19:51:23.746702+00:00,2025-11-01T19:51:31+00:00,186
0c747a1d4afaf110c41b6daa43d4de3a99a1b67c383391faa756449426224061,2025-11-01T19:51:23.867079+00:00,2025-11-01T19:51:31+00:00,186
63ce7c093060162a3323df393fa2c30fe30cdf11af8a64a6914a02cce06487e9,2025-11-01T19:51:23.993128+00:00,2025-11-01T19:51:31+00:00,186
4b049ca22ebd1cbe10a70065566f29815726ef4eca1345d4d9c65736e386e8fc,2025-11-01T19:51:24.118031+00:00,2025-11-01T19:51:31+00:00,186
1cf95f7e1e453e159405ed0a3f1f50fa9c306c0a1ee3d6814a660e3d89687266,2025-11-01T19:51:24.242154+00:00,2025-11-01T19:51:31+00:00,186
4ebbcc9e9fee46d7b1fb0609475f30a03e8661b3f81e367eec1cfa737ed928d2,2025-11-01T19:51:24.370403+00:00,2025-11-01T19:51:31+00:00,186
277eb17eed4ab02a162690ddcf46e04995cbffb447f38686ecc6fc325af8ed72,2025-11-01T19:51:24.495485+00:00,2025-11-01T19:51:31+00:00,186
d2d2371443d371e610ed4e4f1f8963a5a4b66ee013980757c0b9a80b6d766fde,2025-11-01T19:51:24.618134+00:00,2025-11-01T19:51:31+00:00,186
74054c785471f6b809e82bf7ac35d9cbdffc59c237f65038d26fd89792178029,2025-11-01T19:51:24.739152+00:00,2025-11-01T19:51:31+00:00,186
6065988d4c2be586f262c334f812060c348569c52eff5a2dad3def2173f4638b,2025-11-01T19:51:24.864350+00:00,2025-11-01T19:51:31+00:00,186
4af09b6156e716ff35cf4bc52c9f6543ab74ce4c46b39bc67ed9b350f4cfcccd,2025-11-01T19:51:24.993728+00:00,2025-11-01T19:51:31+00:00,186
9341a39e675f7d9d4e5560b712580712b7d7264195a63a562937a62dc434749f,2025-11-01T19:51:25.117743+00:00,2025-11-01T19:51:31+00:00,186
fc349bebb99298b246b2d8fb191fe00ed2028744d4331f1ca2dd419b6d475d60,2025-11-01T19:51:25.238447+00:00,2025-11-01T19:51:31+00:00,186
f51d2fa98dc03975b763f42f084b8827079974bf15d6d08d713a2c421429cda3,2025-11-01T19:51:25.360492+00:00,2025-11-01T19:51:31+00:00,186
3552dc1ec516d566cf67c693821cfdcd8ea84a80012f565a9b91786070b7e571,2025-11-01T19:51:25.487611+00:00,2025-11-01T19:51:31+00:00,186
80dfa2a69ad0e0fe49ca3f004ce61ea8bdadcb1d2391f485a18056d1c9a9263a,2025-11-01T19:51:25.611125+00:00,2025-11-01T19:51:31+00:00,186
26e7ad261eb9b39e0b2f4a5790d2dca5e5714acb0e83d20b3c260923e8ea7a0c,2025-11-01T19:51:25.727696+00:00,2025-11-01T19:51:31+00:00,186
20eb5aad1e35e1e8b5ee8a0b471730bc557c0cebd813cff4d543bb7187a24939,2025-11-01T19:51:25.847254+00:00,2025-11-01T19:51:31+00:00,186
324b691d1e55b4d3b2701e668686fd61e39fbc9995e3ac652bee6894682806ff,2025-11-01T19:51:25.968886+00:00,2025-11-01T19:51:31+00:00,186
1a816f95138742897db745515f5159900fec5d8e831447900ce8751cac89ad5b,2025-11-01T19:51:26.107179+00:00,2025-11-01T19:51:31+00:00,186
8139d7545b88e077746192359b5a38929bc98610a02b0c6e34b7a91e36ec7fb6,2025-11-01T19:51:26.228936+00:00,2025-11-01T19:51:31+00:00,186
c4babe74cc1ee2bdcc2d2a768b25a4a8f891e07307d6b654acc82d3601f1261c,2025-11-01T19:51:26.349641+00:00,2025-11-01T19:51:31+00:00,186
3dac4a19efdf815f6ae2e05838796b407e4008e3d3eedf83e2956743909556c2,2025-11-01T19:51:26.470246+00:00,2025-11-01T19:51:31+00:00,186
bbaba3b019cef965871fe6d792d7ae46f4c5373cf37cb6c6fec647c203a18eae,2025-11-01T19:51:26.592781+00:00,2025-11-01T19:51:31+00:00,186
ce793409eadd46151ecba870d61e386adb5a2c7d1f2ebb61477ffae1264d2dfb,2025-11-01T19:51:26.717002+00:00,2025-11-01T19:51:31+00:00,186
0791e55c16f932df6aca1c764066961a54b740e5b8a5ea6b23c4ef5b0aa7bf53,2025-11-01T19:51:26.839950+00:00,2025-11-01T19:51:31+00:00,186
a1ffd9834d9fdb3dcf55b3aabad2e0bca00a9756dbc842d8877d554c6eda28f0,2025-11-01T19:51:26.968097+00:00,2025-11-01T19:51:31+00:00,186
aea32568a935f07426467db04ff0265493e44eb54d3be097a9127081185abb5b,2025-11-01T19:51:27.090273+00:00,2025-11-01T19:51:31+00:00,186
a329a4093c0790ebf5aac90589630ee55c0b2b283344964799c180ae97f8508e,2025-11-01T19:51:27.213494+00:00,2025-11-01T19:51:31+00:00,186
6907183837d4c06f7a5ee801d7c8d66b0ad3c24cf65ba1cbc9b474c7f680fcc2,2025-11-01T19:51:27.341424+00:00,2025-11-01T19:51:31+00:00,186
0688107e8a430aa5c2600bb2aee899dd8c220c54711f53aceed27a1281d2652d,2025-11-01T19:51:27.463984+00:00,2025-11-01T19:51:31+00:00,186
914617f22ef1c6feace75826aec781a014672116a19ea661a3fe904cff7cb5b3,2025-11-01T19:51:27.583756+00:00,2025-11-01T19:51:31+00:00,186
d12704b6714649ed29710bc0bac4c8787ad637e7e0294edc88700e7c5d12747d,2025-11-01T19:51:27.703499+00:00,2025-11-01T19:51:31+00:00,186
73fae29a1fa939480f6051229878bec8fb5aac5872b954ffbd9ee0e20f18a259,2025-11-01T19:51:27.824211+00:00,2025-11-01T19:51:31+00:00,186
4bc7edd8012f99baa22567c983af725690140fd38a7b07964fec38ab13fccc24,2025-11-01T19:51:27.946706+00:00,2025-11-01T19:51:31+00:00,186
19e63f52152d723fd2a55b822bf431126d78854cafef1c8a4f9ba17d6de7aba2,2025-11-01T19:51:28.067617+00:00,2025-11-01T19:51:31+00:00,186
4bb756b5a8cc03b113a71257616e95543d5eaeb94cd7a326a11701b7d3656c93,2025-11-01T19:51:28.190359+00:00,2025-11-01T19:51:31+00:00,186
5f11f0b61b130966e5aed78e9f25da3395c35ee8d86d086a8a3b8226444a0d4b,2025-11-01T19:51:28.308933+00:00,2025-11-01T19:51:31+00:00,186
413d38f61cf4585e4622ebd8797949258aaee60575a4a2cebb2e326f6e8f85ba,2025-11-01T19:51:28.427486+00:00,2025-11-01T19:51:31+00:00,186
aa34256acb1f757527509133f199267f228a36f1c246772f25d8c11b2bf10ffc,2025-11-01T19:51:28.544005+00:00,2025-11-01T19:51:31+00:00,186
1f38cc005bb432d047a076b90ae3314a3df348d0feb386fb84de34cbd70e12d2,2025-11-01T19:51:28.662207+00:00,2025-11-01T19:51:36+00:00,187
53a49e89d6a80c1417fffc8784fee589ba3f9ebafd3d7279ba17a5e7542b0f10,2025-11-01T19:51:28.785301+00:00,2025-11-01T19:51:36+00:00,187
72f1e19edde9c232dbee25640a19fd6c65f125f362b950b0d2c59214e7cb55e9,2025-11-01T19:51:28.907561+00:00,2025-11-01T19:51:41+00:00,188
3f6fc06a3a5829995689a360535015a607fa90aff0f23bc9b601c0972f49f953,2025-11-01T19:51:29.023377+00:00,2025-11-01T19:51:36+00:00,187
22f383c69ecb577ca6060808887fd97deaeaef2e52fabcbd581bf67717d9cee7,2025-11-01T19:51:29.142147+00:00,2025-11-01T19:51:36+00:00,187
d2f413c25c8c83ff92662439c98f75742c443a28d3a7050b922796317c825e5a,2025-11-01T19:51:29.258847+00:00,2025-11-01T19:51:41+00:00,188
dc9fc4717b6f3f494f836786fbb5dbc99258958445074e8c551d84d842b749de,2025-11-01T19:51:29.378031+00:00,2025-11-01T19:51:36+00:00,187
4647432e2310b12b408afb8d2c70ad10f0c9e96db3f75b729e8137343a0ff6a5,2025-11-01T19:51:29.498908+00:00,2025-11-01T19:51:41+00:00,188
41a99669bf3a09ed80522119e3983f7e318f15f314f37e6895a9088999709d16,2025-11-01T19:51:29.621091+00:00,2025-11-01T19:51:36+00:00,187
fb23f16e45dbdf9e765a62f00b4bfb234b8d435704de4165144f6f13a9ad5a55,2025-11-01T19:51:29.741499+00:00,2025-11-01T19:51:36+00:00,187
e6c1dca4a276b65f3a534c2cde25a24629cf252c86eed3f258c43dd6c48c49cf,2025-11-01T19:51:29.858388+00:00,2025-11-01T19:51:36+00:00,187
7e046be49f646e15cf1e8cbdc756ffff903ab8ea4d030e6eb65b2ba6a2cfcd5a,2025-11-01T19:51:29.975173+00:00,2025-11-01T19:51:36+00:00,187
c265d84e4b36c27aef03465dbe7cff2b09824e7948334c280522c978540a13f4,2025-11-01T19:51:30.093488+00:00,2025-11-01T19:51:36+00:00,187
16e3c3e80ff44b8868f8c1482b9ae59d73cf846cb2480b4db4718084caa6f5b3,2025-11-01T19:51:30.221051+00:00,2025-11-01T19:51:41+00:00,188
bc9979bcddb2b73482b51f7d3974122b4d79c93a7f172d6ac91c33301fa43385,2025-11-01T19:51:30.333331+00:00,2025-11-01T19:51:36+00:00,187
0208a720864144ba36b1c9fbdd32974c7084acea98c158fffc96d49a1d72d34d,2025-11-01T19:51:30.450677+00:00,2025-11-01T19:51:41+00:00,188
6b693b0c98224d27a5ef464cf7e75d7d2800a4edb8dbc41abe84e3a072f617cc,2025-11-01T19:51:30.569755+00:00,2025-11-01T19:51:41+00:00,188
3ba1853d5d03d9df21a0c74b7b64d6a9183ad183654d8f313fbe73912ddb7378,2025-11-01T19:51:30.687097+00:00,2025-11-01T19:51:36+00:00,187
c54767ff2d6c61a4b3369130cdda317073b64d1c3328447748d028400f41044c,2025-11-01T19:51:30.804993+00:00,2025-11-01T19:51:36+00:00,187
eb5bec22dd51f95874de6aa557d1e0d76249073ef7cb925b423cffd9553ab286,2025-11-01T19:51:30.928631+00:00,2025-11-01T19:51:41+00:00,188
c84580745c353d107b679519788385d08820200a68ef07769995d0895124dca5,2025-11-01T19:51:31.046354+00:00,2025-11-01T19:51:41+00:00,188
ab8f17d2a0e0f735328960597c995ddffee88ceda0711a610706cd449f325580,2025-11-01T19:51:31.297021+00:00,2025-11-01T19:51:41+00:00,188
30797d1415d54a055090ae53eebf79bebdddd66f199a7d650ee713c269106e00,2025-11-01T19:51:31.416808+00:00,2025-11-01T19:51:41+00:00,188
572c1df66e9f8e4eecfc7da84e330fa0dc826a808710339c78437c4b21a7e599,2025-11-01T19:51:31.533372+00:00,2025-11-01T19:51:41+00:00,188
3ed5fa83da176f35425bbc85d20606f38f6300a5cc8c92d7739d4317af69f11c,2025-11-01T19:51:31.649086+00:00,2025-11-01T19:51:41+00:00,188
5a17330a7253bc003ad17a0ddfa7360cc29252b3d9ffbf3dfdb92b6294654c9f,2025-11-01T19:51:31.763857+00:00,2025-11-01T19:51:41+00:00,188
a59563b57841ed44af65dae63f097565715bf0233392a5b425f16b696763a74c,2025-11-01T19:51:31.883984+00:00,2025-11-01T19:51:41+00:00,188
a7e76069efd0769b98585f9f54cb0abecf580763cb7014d7658b8d87ed179671,2025-11-01T19:51:32.001699+00:00,2025-11-01T19:51:41+00:00,188
93da69362734c4e421a596110f32f8b71209d98aa6b324bfa04ed8ed1cb62229,2025-11-01T19:51:32.118531+00:00,2025-11-01T19:51:41+00:00,188
e00515df5874d31a8339063461c1d2a85042b8c031e6721976de8704bb6c53bd,2025-11-01T19:51:32.237654+00:00,2025-11-01T19:51:41+00:00,188
6eb0242994508c31d37033771fc61ec39c86ef5451ae36b57049483a3770b9ed,2025-11-01T19:51:32.353540+00:00,2025-11-01T19:51:41+00:00,188
29921e3ed30b2f8629bca0ec86747786d7bd6fb3e7e292d36780c3df38123031,2025-11-01T19:51:32.469596+00:00,2025-11-01T19:51:41+00:00,188
5fe729ad32093a6d38f07dd74115ca8d558fbd8a3a07a9a540eb03eead5b54b3,2025-11-01T19:51:32.585989+00:00,2025-11-01T19:51:41+00:00,188
eaaa5cac241e20bb1e98a835d8956156d95998171ddfbca16260457b0402a023,2025-11-01T19:51:32.704158+00:00,2025-11-01T19:51:41+00:00,188
deafc63bac87caafc37a1a285eae92c71fb04c521d0c96f2653462c5f84675f3,2025-11-01T19:51:32.819742+00:00,2025-11-01T19:51:41+00:00,188
756f9372f1f6c3e2baffde68e9888adabf16272436cae92e42f3d8aefbdf78c4,2025-11-01T19:51:32.935480+00:00,2025-11-01T19:51:41+00:00,188
160e082f884d729aebb21c22a51080902fc2c2d091c5c9bcc13cb76af42b1301,2025-11-01T19:51:33.053028+00:00,2025-11-01T19:51:41+00:00,188
768c8341d25b969a51089f53f936d3a4f7c925622bc8eb14693574ea5a1332ac,2025-11-01T19:51:33.171453+00:00,2025-11-01T19:51:41+00:00,188
9905d1bc1567f5d531f6258dbcef887799ee40e5edd3e422428a013493baa5c9,2025-11-01T19:51:33.290074+00:00,2025-11-01T19:51:41+00:00,188
052953dd46248d91bd6e60aa53aeda45c9e5c768d5fc4348584af3acfe92df0c,2025-11-01T19:51:33.407161+00:00,2025-11-01T19:51:41+00:00,188
e6a317b0150354120cdf8b59281771bce1079dd9e9aca3634c6419cda33e46d7,2025-11-01T19:51:33.527337+00:00,2025-11-01T19:51:41+00:00,188
aa8a799bcd9af23b472640103ebeb55d558df8b301a193b03d03baaa29ed0d2a,2025-11-01T19:51:33.648102+00:00,2025-11-01T19:51:41+00:00,188
2411b5d7740b3a75ad2996a2485a99027d2f28e147922cebaa13830bfc002f27,2025-11-01T19:51:33.771060+00:00,2025-11-01T19:51:41+00:00,188
321c6a899d077827d5371656f765db82ce889c94de0f3aaf2507eb8c51b659ae,2025-11-01T19:51:33.897829+00:00,2025-11-01T19:51:41+00:00,188
18fe82e9a7178af6003625a5deb2c84e71eeb5ca8da7106d0f05ef49b9fe0203,2025-11-01T19:51:34.016480+00:00,2025-11-01T19:51:41+00:00,188
556afd93c2087aa97e7ce6c77959135c84157cbdaac7bfed0044a2537e247316,2025-11-01T19:51:34.138613+00:00,2025-11-01T19:51:41+00:00,188
07801d72938235e4d67995bac0a21b60cb6040f735da3b5302faa7dbf6c630ad,2025-11-01T19:51:34.256442+00:00,2025-11-01T19:51:41+00:00,188
cd14078682f1adf38eacca56716e0122f43697016e14e621156a3d073d7c25ea,2025-11-01T19:51:34.374584+00:00,2025-11-01T19:51:41+00:00,188
4b13dbe9606ae17af0e0cc578f8ee63f14abf956d1590e066a62579d181edc0a,2025-11-01T19:51:34.491776+00:00,2025-11-01T19:51:41+00:00,188
18868ce8d89fccfa7a53097497237d5d781123c10b0a6dc61fbb04e62bd3de85,2025-11-01T19:51:34.609230+00:00,2025-11-01T19:51:41+00:00,188
964e31066c0e32b135a2c425eb9302985e5a1c423c9cc22aa01f2b265bca0d2e,2025-11-01T19:51:34.723947+00:00,2025-11-01T19:51:41+00:00,188
c50207a6dad214dd43a3e35fab24212f869205da7fc0a1ae28087418c481e061,2025-11-01T19:51:34.838918+00:00,2025-11-01T19:51:41+00:00,188
acfae30ff200d5cecc745904e2ad10dff96bb19ea122447cbc7a06706c3bd00b,2025-11-01T19:51:34.956720+00:00,2025-11-01T19:51:41+00:00,188
a0d33ae52ef630750f4332b8bb4c79e35fd88d4d92034731dbe9c55612dcacea,2025-11-01T19:51:35.075052+00:00,2025-11-01T19:51:41+00:00,188
02f50f2cb196488554f471b8c2d8d1c12b1b1a021b0d209837f4e993f2052889,2025-11-01T19:51:35.192529+00:00,2025-11-01T19:51:41+00:00,188
4df70baae255471666db73d1fa7b3e738f8f3b9ae1c0ffa9715e9702149752d6,2025-11-01T19:51:35.310253+00:00,2025-11-01T19:51:41+00:00,188
d433ac9b5b261ed67b0a969234afaae2e407919bf9939401a3f8fe040d377f8f,2025-11-01T19:51:35.429767+00:00,2025-11-01T19:51:41+00:00,188
015c06f14962fa94c735b2806e636065afd8290ac36b29e802ec95d2a2feb52f,2025-11-01T19:51:35.545373+00:00,2025-11-01T19:51:41+00:00,188
02a7a9473666ac1f35b874df5f2d4d098d60381a4259b8fee094574f54bdd464,2025-11-01T19:51:35.659938+00:00,2025-11-01T19:51:41+00:00,188
fc04595270cd4b55e68539d91bb47fbd4b860f3c887795c87e5bd0caba3686fd,2025-11-01T19:51:35.774503+00:00,2025-11-01T19:51:41+00:00,188
6d2f9e694ee7e9bd2b742d1a87f7f3155aeeb737b4fc4297d98eab627e56d778,2025-11-01T19:51:35.893823+00:00,2025-11-01T19:51:41+00:00,188
c4dcd227c38eac4e06873838460b3204e49b485f6a6c28d2a6c0297ea660fb42,2025-11-01T19:51:36.013009+00:00,2025-11-01T19:51:41+00:00,188
abc319b684f5b5775f725f504a1bf6bead32e4861378647469474527a0234eb0,2025-11-01T19:51:36.134139+00:00,2025-11-01T19:51:41+00:00,188
3f0bfe12668835e438988c73e1ac14f2c006ac5d69f417655d2a680a508c640f,2025-11-01T19:51:36.254063+00:00,2025-11-01T19:51:41+00:00,188
bb62a5c2cbce4ebcf2a24a4ea4a377b555f8ddd336df1872a58523ffb359ec7f,2025-11-01T19:51:36.369523+00:00,2025-11-01T19:51:41+00:00,188
e7d5731e7cde21943160aa9c8468d6f8d80a50cb3e63f2a45d5b81358cbe11c2,2025-11-01T19:51:36.487172+00:00,2025-11-01T19:51:41+00:00,188
6699a8ae2a880dc2d5c43fe9bfbd2b45227fae59bad5da631107aab9f82ae4cd,2025-11-01T19:51:36.607738+00:00,2025-11-01T19:51:41+00:00,188
79f5f79f4b24b9dd1bffbdcf703a8d3076963775ca2fbf2ac661f8836fe8c463,2025-11-01T19:51:36.724596+00:00,2025-11-01T19:51:41+00:00,188
5d10503483e562105d0139007379b7d0f69beb92b83938032c125be54e40b96d,2025-11-01T19:51:36.843441+00:00,2025-11-01T19:51:41+00:00,188
1b2876e42b921805b469463694dcf1808f94d48894b546e0713fb6c7096c7d96,2025-11-01T19:51:36.957977+00:00,2025-11-01T19:51:41+00:00,188
5f70efd1f1e55f51434799aadd8c6018148a7ce937324bed15e183fb718e1e16,2025-11-01T19:51:37.072311+00:00,2025-11-01T19:51:41+00:00,188
ea1f74abbcf1c0ac32cda5f1c42408934c215b52fa5e88ad27b781edd2245d47,2025-11-01T19:51:37.188093+00:00,2025-11-01T19:51:41+00:00,188
e45b47ddf5f5e5886edcc94cae28700f08a6de41db9e81d8d6c435193a825123,2025-11-01T19:51:37.309028+00:00,2025-11-01T19:51:41+00:00,188
2cf8a71937e7da7b24b2b5bacf239347bb126869515143dca9f693cf926df7c7,2025-11-01T19:51:37.430979+00:00,2025-11-01T19:51:41+00:00,188
b8c29fcd19385e13129edd36424b36f4e2cbb049783c07648182904a5d838817,2025-11-01T19:51:37.551011+00:00,2025-11-01T19:51:41+00:00,188
e82a75003cf01306952cfa98ecc0907d1f49af9a1314841f63a235789d57f643,2025-11-01T19:51:37.666132+00:00,2025-11-01T19:51:41+00:00,188
48dd09bd7d2482b6f15d9262a5aadc787af233af8f74f5b69f8fe6393e3ab671,2025-11-01T19:51:37.785922+00:00,2025-11-01T19:51:41+00:00,188
355b7419f6a33676886160f5560d2ce3c07afa7f42f2397a3056389d7545058b,2025-11-01T19:51:37.907660+00:00,2025-11-01T19:51:41+00:00,188
6fbac2a28fc1df0ec854ab63fdd27a9f59f395ec7f3e965b8a62d07327e81d6c,2025-11-01T19:51:38.033517+00:00,2025-11-01T19:51:41+00:00,188
2f2949c00910f60a8a2815bc1d33319512424b03c29b9e167796df7acb51280d,2025-11-01T19:51:38.161152+00:00,2025-11-01T19:51:41+00:00,188
48be07c96a2f721543f6b2321af9a483f7c00f9ab97b7de3b18aee5468c4a8f9,2025-11-01T19:51:38.286484+00:00,2025-11-01T19:51:41+00:00,188
db30302bb96a155ed1ab6a07cba034487919aeed10cfb6b5dfebfd7bff9ea413,2025-11-01T19:51:38.406340+00:00,2025-11-01T19:51:41+00:00,188
eb2697ac3a43c0fe8ee4c40ea8048d1893b7368003e17046c4fd261540cfb4e6,2025-11-01T19:51:38.529724+00:00,2025-11-01T19:51:41+00:00,188
1a012ae23f0088486cfaa5b3fd5f39b6542f2dcbb505e28d01ea966c88c6d808,2025-11-01T19:51:38.647490+00:00,2025-11-01T19:51:41+00:00,188
90f868dce75bb690cbea93e7ba1f2874912a38432dd302c25aaea89d340ae359,2025-11-01T19:51:38.768338+00:00,2025-11-01T19:51:41+00:00,188
9ce665687b629ecf40560c520f07e69bb95570cbabf3fb995761d134f1309f4d,2025-11-01T19:51:38.893286+00:00,2025-11-01T19:51:41+00:00,188
54583c307c5c562b052b24d7c1302a03af0f52ab699e3f619ca384776053023b,2025-11-01T19:51:39.014562+00:00,2025-11-01T19:51:46+00:00,189
4d12a1243fdd6788dc7c55e33f059a531337e079a17694872b11199860986a3f,2025-11-01T19:51:39.135950+00:00,2025-11-01T19:51:46+00:00,189
9001761b894653811df5d66aaa8489f89c4126b94a2f42d22996551637b3baf7,2025-11-01T19:51:39.283443+00:00,2025-11-01T19:51:46+00:00,189
3d45262f14635556691d61654c8d11144339f842a27af9d96faecefe63ac80a1,2025-11-01T19:51:39.401866+00:00,2025-11-01T19:51:46+00:00,189
32bb50a342c8181c3dfeeae1175ddbf46f79be2e6e3e0130d3f25476ba1e147d,2025-11-01T19:51:39.520856+00:00,2025-11-01T19:51:46+00:00,189
1f5c3195e0718e29ad16536b5044091d307b9a78d5ceaade35134ab2bc07c4c8,2025-11-01T19:51:39.642292+00:00,2025-11-01T19:51:46+00:00,189
5e5df5c4063b7ac5c643990a8afeec739528edf23baff8599baf03ec1c4d0c9e,2025-11-01T19:51:39.770583+00:00,2025-11-01T19:51:46+00:00,189
a5a81a004765b45457be4d2580435a53474587dd3f4cb75aba11073cfb8bd747,2025-11-01T19:51:39.893924+00:00,2025-11-01T19:51:46+00:00,189
23300a430d452c25356ef1896062a202137562eeb86124c25b2c9d35afffc086,2025-11-01T19:51:40.014587+00:00,2025-11-01T19:51:46+00:00,189
4eef92fddd90496745d04975e12ea7319bcc6ae4a71d52d7bae23e8914d0eba0,2025-11-01T19:51:40.134748+00:00,2025-11-01T19:51:46+00:00,189
78167c5412d7b55d59a192b6d7c32aaef5fbdd46712c4b4ddc3ccc32338c0f1c,2025-11-01T19:51:40.266591+00:00,2025-11-01T19:51:46+00:00,189
7e17a97e6c887031d9a594acc6b00db192774a6db7effcc78a4adb0f28eba9dd,2025-11-01T19:51:40.396727+00:00,2025-11-01T19:51:46+00:00,189
873870e44a1f3cffd421b41368f7533744f50e0dd450ad862e8fe932f6516cf1,2025-11-01T19:51:40.517507+00:00,2025-11-01T19:51:46+00:00,189
83278fbbbbf6905330d9895ab38566d3316927c4abd691568acea91117a23cc0,2025-11-01T19:51:40.640596+00:00,2025-11-01T19:51:51+00:00,190
5ae04069163f486fe4404ed664cb3bbf9704cdeabc304f4771084a34278b7c97,2025-11-01T19:51:40.759294+00:00,2025-11-01T19:51:51+00:00,190
329882da86f759595d1341c8c128563d81f762b73a57a2abec9f71239d557512,2025-11-01T19:51:40.878208+00:00,2025-11-01T19:51:51+00:00,190
6a5de9647a22d07cbf786c12bd1c9f05b0a520e02960d85011deff3fb0c6657c,2025-11-01T19:51:41.005022+00:00,2025-11-01T19:51:51+00:00,190
d0d9fc0cad078fd82a09a6ec6cdfa3b24bb932353b169e825bf828fd366768ff,2025-11-01T19:51:41.131240+00:00,2025-11-01T19:51:56+00:00,191
c6966b5f5f1ac56379db2bd470d9031ac999581011c83e325ad765097dbce920,2025-11-01T19:51:41.249618+00:00,2025-11-01T19:51:51+00:00,190
2db9f597a2034c6c46537ebfd393112f85e76cdf46730524abf16f0dea4c22c6,2025-11-01T19:51:41.578623+00:00,2025-11-01T19:51:51+00:00,190
dd67ed670945553aaadf8e81507f40a8d728046b20648c1a0606b8e4ad3040c6,2025-11-01T19:51:41.699230+00:00,2025-11-01T19:51:51+00:00,190
cf6c875e70889585fbafae62f57ac8ad3b0ed3de252c377127c2d162bea65208,2025-11-01T19:51:41.815447+00:00,2025-11-01T19:51:51+00:00,190
a6a7c83f967de42bc7a5daed96352d118c70dab3b595a1b22d306a762dc4c754,2025-11-01T19:51:41.932501+00:00,2025-11-01T19:51:51+00:00,190
179c309b5c74a91ba251f935c90c49c8b9496d2e6fcc531b887692795f2a507a,2025-11-01T19:51:42.050548+00:00,2025-11-01T19:51:51+00:00,190
3b8cce0245c0a7b1247edc34337c3d95b5fcf5e1dc700159c2e010b834ff10fb,2025-11-01T19:51:42.180357+00:00,2025-11-01T19:51:51+00:00,190
9e72387f27216e99672ea7f190183e1b5e7f0d80f87ebd3903ce2ab745bd1758,2025-11-01T19:51:42.303205+00:00,2025-11-01T19:51:51+00:00,190
c59cda17a51fa3d78fbb278a923e6377341461e265cd20a1361e9bc342143b2e,2025-11-01T19:51:42.424584+00:00,2025-11-01T19:51:51+00:00,190
c812d281fed96b20906eeb007041a7d7892f0eb0060b179beac5209e2e5ff5e8,2025-11-01T19:51:42.547038+00:00,2025-11-01T19:51:51+00:00,190
6719b7b9188b0c68e704d81a57df4f05bab3cd1b97b5f2e4f5401a9e1fdd815e,2025-11-01T19:51:42.674137+00:00,2025-11-01T19:51:51+00:00,190
9790b4f84a74a906a3c6c7a321d89437e2421302f3a9c7e22fbbc2e086e799a8,2025-11-01T19:51:42.800479+00:00,2025-11-01T19:51:51+00:00,190
f75a813bf369fde759b92e911449d6ff364767541b6846be079df5e011ba176b,2025-11-01T19:51:42.919048+00:00,2025-11-01T19:51:51+00:00,190
e134f026efc0ca32ff92340026a1b346df8afa56570db8548c653d2730000889,2025-11-01T19:51:43.043305+00:00,2025-11-01T19:51:51+00:00,190
e50a438f91a0e9cfbf079d491d0755567c52c3d8d24e434e23f481b3b54fda94,2025-11-01T19:51:43.171411+00:00,2025-11-01T19:51:51+00:00,190
45cd4f6c7b48eda0317a6662c5e3277280da9e1929c6930d9f23a6f63db556ef,2025-11-01T19:51:43.299048+00:00,2025-11-01T19:51:51+00:00,190
2779b02114f2afcffc056d59c53cdc5b2927fee093e91a034f1c68c53eedbfdd,2025-11-01T19:51:43.420750+00:00,2025-11-01T19:51:51+00:00,190
df4d3693b1a25e8499443d95eb923d671565b24c1638d4ac4156dce499453fed,2025-11-01T19:51:43.543246+00:00,2025-11-01T19:51:51+00:00,190
4f05f5a34ba70d938cf409e1cafe503062b566df765e758a12188d535e427243,2025-11-01T19:51:43.667114+00:00,2025-11-01T19:51:51+00:00,190
fdf51fce62153c1c10bf9433cdbf15ad08800e8b8099a66fc30d4b0a6b849ec6,2025-11-01T19:51:43.789395+00:00,2025-11-01T19:51:51+00:00,190
5c98c4257c784e34021df0b0477731d3702babb029539aa89bfc690214bdba26,2025-11-01T19:51:43.911982+00:00,2025-11-01T19:51:51+00:00,190
50ca7c43c3aae9fd3e33cfc08abccb2f92e7064c28c24a8d59d26b1dc9c290ff,2025-11-01T19:51:44.037093+00:00,2025-11-01T19:51:51+00:00,190
0ec1067131b191426a7b9de26808dc14b879abcb49f57b96741a8b00c45af16f,2025-11-01T19:51:44.163207+00:00,2025-11-01T19:51:51+00:00,190
adfcab85e70a237c6f5a8553e8f76944231936d1525cf206205bde642be668b1,2025-11-01T19:51:44.287002+00:00,2025-11-01T19:51:51+00:00,190
14d60c350aa45c2def6fe9c789e37f18366303763795c0274b39146163956857,2025-11-01T19:51:44.403746+00:00,2025-11-01T19:51:51+00:00,190
3e095fc8240d7a8c2c81a9417d11f4fbbb07725a3c34eb4953587dd52c5b8fc8,2025-11-01T19:51:44.527069+00:00,2025-11-01T19:51:51+00:00,190
f7b10c6926a3452afe7b722a44e90fdc4b391cd5bae5c4b58be17c233734f194,2025-11-01T19:51:44.647816+00:00,2025-11-01T19:51:51+00:00,190
0a620692bbe190adb5eff8ab84614c945460d32fe9882e1bc53b48c57b26fc69,2025-11-01T19:51:44.777244+00:00,2025-11-01T19:51:51+00:00,190
1a921a9c5a336d2b5fc90e93b976ed7827b4ee1f50bb616953ee830274dfb9cd,2025-11-01T19:51:44.902660+00:00,2025-11-01T19:51:51+00:00,190
d864cec77a4b2dc276d8b31f456363dd6b9abbf86aca4229384bed9fb7a65891,2025-11-01T19:51:45.023823+00:00,2025-11-01T19:51:51+00:00,190
b8399d0cd9da6dcbe834f54cd72037aa1c2d86642eb668f3e6a3fa6207c73074,2025-11-01T19:51:45.151285+00:00,2025-11-01T19:51:51+00:00,190
c568b5297b93a408c4360f6bb2d98d3a34ee1ce30e5e589808de342038a66203,2025-11-01T19:51:45.279598+00:00,2025-11-01T19:51:56+00:00,191
2c788efb07287647658bd90bf2888546d1dfacf7152c5d86bc400a730d747e2d,2025-11-01T19:51:45.405289+00:00,2025-11-01T19:51:56+00:00,191
1e7aef7597f14e4fe3cffcb488f14dc906aeb4412fc49b3988c45d0aa0468c3c,2025-11-01T19:51:45.525932+00:00,2025-11-01T19:51:56+00:00,191
2eb1b0da39041e48592bdb1451b411aee7e25ed9c7f74cef1874a7c305b4dcb6,2025-11-01T19:51:45.655185+00:00,2025-11-01T19:51:56+00:00,191
a72886441ba46c7636dbded8ddfff38caa2ec6c970134ba004fe9f3c9178270c,2025-11-01T19:51:45.768825+00:00,2025-11-01T19:51:56+00:00,191
71e7a62ea359b209c99c364d92316e0fe40a0d7a235e25c25aa4740713c03a90,2025-11-01T19:51:45.887912+00:00,2025-11-01T19:51:56+00:00,191
0405db6c360ade2bc552029bfb0d90e79df50626c840bb972b10d6db3b395337,2025-11-01T19:51:46.006839+00:00,2025-11-01T19:51:56+00:00,191
134b5eeb2b6324e518088e74fbbb6d38a8e6a6fd330dd1f065b1d4560714879e,2025-11-01T19:51:46.128594+00:00,2025-11-01T19:51:56+00:00,191
0dea1f4145b9ae674baf5792ac52a3542c33a6e86dab9dd8b04f1bf32a0f3df0,2025-11-01T19:51:46.252045+00:00,2025-11-01T19:51:56+00:00,191
f0186c357ac30c554e5ab3202247581e117f3080a0c42d527e6c389853aac846,2025-11-01T19:51:46.379081+00:00,2025-11-01T19:51:56+00:00,191
5f29a47f3fae983a4385d954107cfbaa62232fa2a3ef04aa9aff2b34a547b7a7,2025-11-01T19:51:46.498728+00:00,2025-11-01T19:51:56+00:00,191
238f30275f5ce83c270befe981c3e69c232957885c8b0556eac3a7490886dadd,2025-11-01T19:51:46.617866+00:00,2025-11-01T19:51:56+00:00,191
701315465f05fd313d946ab62903615eb66b397ac674e8c3eb793f16dc8cf26a,2025-11-01T19:51:46.736785+00:00,2025-11-01T19:51:56+00:00,191
2438f4c20c031473a8765ad2399851a5f956c47059327427ab22294ecb56d4f5,2025-11-01T19:51:46.859287+00:00,2025-11-01T19:51:56+00:00,191
ed96eae4e3a55a987d71af132d2f306a34dcac371e3dee3eb9a062d2fad780ca,2025-11-01T19:51:46.984272+00:00,2025-11-01T19:51:56+00:00,191
88ecbd00fd7a19f0230859782c3fe4458e46513d33ca6c31c107e73b64753031,2025-11-01T19:51:47.107450+00:00,2025-11-01T19:51:56+00:00,191
f449b2e7c971d6c992602af9a53c4fea07a5afe1811ce8f27623641ead3d8c95,2025-11-01T19:51:47.324394+00:00,2025-11-01T19:51:56+00:00,191
c1a03a8be1c8102fde2de03a8bffb9454eb15854c335d0eb3ee45d746cef6986,2025-11-01T19:51:47.441758+00:00,2025-11-01T19:51:56+00:00,191
7efbfffc44d81bc6193d84d84ab397e9cec7817982c5de0dbcca6f9c97c69c5d,2025-11-01T19:51:47.559709+00:00,2025-11-01T19:51:56+00:00,191
f5892d4e4a8b55ba0c5996a24370241582cbe9f282dce263d649df25aabbdd29,2025-11-01T19:51:47.681027+00:00,2025-11-01T19:51:56+00:00,191
dcbbbd39254216f2a31e5411ca9d8a0dd80dbdb3b4290f990b62d9acdbee3745,2025-11-01T19:51:47.803976+00:00,2025-11-01T19:51:56+00:00,191
239898393ed9330f1702eaf46f19882e49266d223449a113eeb3b80f9be3d05b,2025-11-01T19:51:47.927236+00:00,2025-11-01T19:51:56+00:00,191
5ee605093a6dc43cbc5e6e15b6ebdf556baf5c8b298b526ab8bbab0a419c1ef3,2025-11-01T19:51:48.049516+00:00,2025-11-01T19:51:56+00:00,191
9e3f7dac1587c83e78b34e815efbc4193c5e90589bf03d697b3d2a0ac8e06b2f,2025-11-01T19:51:48.200477+00:00,2025-11-01T19:51:56+00:00,191
ec538b6a64b30838c7db86a57e89126174a43742c79b100daeaea8069b4b87cf,2025-11-01T19:51:48.315612+00:00,2025-11-01T19:51:56+00:00,191
56778df3ba129f70c933832c2c7365bc42a20a4399fe8952bd77dd5042e0222a,2025-11-01T19:51:48.436375+00:00,2025-11-01T19:51:56+00:00,191
6a6cfec7b7289bdb9d2fb7ef3c35b058c5bdd6ee6743c2d4b3ccf52ac801f659,2025-11-01T19:51:48.561693+00:00,2025-11-01T19:51:56+00:00,191
2bfc1d4902839fba2d09cf1d275b2eed29aea48ab2789c955d5b67a34db77c88,2025-11-01T19:51:48.689995+00:00,2025-11-01T19:51:56+00:00,191
2fadae5fb926fa4f9724745e37101183ecdd5af51bc6c84d120ade95a626a5df,2025-11-01T19:51:48.812187+00:00,2025-11-01T19:51:56+00:00,191
918b626f08eb14034a66b93f5b32e756a1524078ab29e0db68bb1ec3294ce043,2025-11-01T19:51:48.940691+00:00,2025-11-01T19:51:56+00:00,191
72753acc04c343e91247dd98b903b87498ef363355b8bc55938a7dfdc20fafcd,2025-11-01T19:51:49.060569+00:00,2025-11-01T19:51:56+00:00,191
f7abc83dd1c96bf9745487ac45c75a018a1b0ba585085b5a8b6d0a788dfc61c1,2025-11-01T19:51:49.189271+00:00,2025-11-01T19:51:56+00:00,191
635b53494cee79ecc5c5eade506e4093f365dfbef93458ded5175bb1715f77d7,2025-11-01T19:51:49.307334+00:00,2025-11-01T19:51:56+00:00,191
dc88045e4590817705f1cd0d1f08341ebab221015b191e19082abaffb28d44df,2025-11-01T19:51:49.424334+00:00,2025-11-01T19:51:56+00:00,191
cd17006310ce98f2704071fdbf403905d04b5e1f9efccdfd55a02113456f31a3,2025-11-01T19:51:49.547984+00:00,2025-11-01T19:51:56+00:00,191
5d2409c2307ca5b52cccd4c724f4ef53c7305379469ddc10195f137866286218,2025-11-01T19:51:49.670450+00:00,2025-11-01T19:51:56+00:00,191
0c08928084dd9d726fa4bf86bea603093868943b41d0e2e04c94a9e5ffe39e1f,2025-11-01T19:51:49.790522+00:00,2025-11-01T19:51:56+00:00,191
aeb3b7e5ece95a47abb6d97fe0d419c7cf4ca7f6456386fdffcf9893c899d890,2025-11-01T19:51:49.918995+00:00,2025-11-01T19:51:56+00:00,191
81fdf8b5216f35f746846dff6088da1fca543f3f859e5be0c7f1f89fb6ed3d69,2025-11-01T19:51:50.040311+00:00,2025-11-01T19:51:56+00:00,191
90d62dca75a52b0d938903ab43310b7465c654ff230b37900fb58f71ba53f3cb,2025-11-01T19:51:50.159455+00:00,2025-11-01T19:51:56+00:00,191
fff1c9275153af4e06b4264eb3b8dd180f11fea54997061528874ea1a76f165b,2025-11-01T19:51:50.283277+00:00,2025-11-01T19:51:56+00:00,191
268e4de50de3a1da43d2110cc5d114a92ab73fea1c4a715c8741b9cd79e8a610,2025-11-01T19:51:50.407596+00:00,2025-11-01T19:51:56+00:00,191
3a26fff1b4114c1e779e975d38cb583a41240edc6498b8e2b3576099bacb85e1,2025-11-01T19:51:50.525883+00:00,2025-11-01T19:51:56+00:00,191
2c79317ed96bb8cf765e3424d73edfa711a4d5d9bd51f3729ab3f7c5cd3d64c1,2025-11-01T19:51:50.645434+00:00,2025-11-01T19:51:56+00:00,191
3a24cc87cd207c138f08617fe036f2ee8c58678290d3ba05ed3c41c0b0f1e7dd,2025-11-01T19:51:50.772050+00:00,2025-11-01T19:51:56+00:00,191
89e60d1f9f71c874b285d2d4a6c65221da94f0082b52f289a622f506f5720b19,2025-11-01T19:51:50.895938+00:00,2025-11-01T19:51:56+00:00,191
973c043a5d59d810ff435e514c00cc4d6d70791473be9a908999ab988fa190ed,2025-11-01T19:51:51.018278+00:00,2025-11-01T19:52:01+00:00,192
882db505a90b4c5c4834b8a3fffd98e9a666625ed4625b9e32db2b30c78b66c2,2025-11-01T19:51:51.137301+00:00,2025-11-01T19:52:01+00:00,192
27755257b47387f864965ec6a6d75ae270b443c99a326e2835f632d5a99cd075,2025-11-01T19:51:51.256407+00:00,2025-11-01T19:52:01+00:00,192
acf7ba0276799804b4cf23b5fe25b96196e5ade8ac2fd333023ee1579e968ab7,2025-11-01T19:51:51.392307+00:00,2025-11-01T19:52:01+00:00,192
0b08150512ae7cde89de1266eccce41c045654ab6ebeb65e0b33abb1e1816f51,2025-11-01T19:51:51.528489+00:00,2025-11-01T19:52:01+00:00,192
7aea3bbe6ad98b513935e44d6959af080045d1254cbc3cecea79f855d306d111,2025-11-01T19:51:51.644841+00:00,2025-11-01T19:52:01+00:00,192
4bdf955c73ff8822496ab2431e329e946501e816e8a6c9875a5ff18cad897adc,2025-11-01T19:51:51.766483+00:00,2025-11-01T19:52:01+00:00,192
1f4519b8dba355e31887db0d61339875f9e5462fc291dd9e39a5500c0360353c,2025-11-01T19:51:51.891241+00:00,2025-11-01T19:52:01+00:00,192
0dd279edc15ddcd7ada75e8fb9932d8b4cf06993ac286a289cbbcb5c24bc341d,2025-11-01T19:51:52.011396+00:00,2025-11-01T19:52:01+00:00,192
c9b7d29e4ab3cef54cd8f034c16611b537a7ab9df87ec415f5ca4ff4f349d099,2025-11-01T19:51:52.132690+00:00,2025-11-01T19:52:01+00:00,192
6f78d78216d8ab3ba5f3f544b6588e62ff03eef49193dcffea3475285b2a8aaa,2025-11-01T19:51:52.255247+00:00,2025-11-01T19:52:01+00:00,192
c01f23923bc153d25f6554bd4afb7832bdb5669b018d2f5aa7d2dbee3fc2f27b,2025-11-01T19:51:52.377187+00:00,2025-11-01T19:52:01+00:00,192
f1bff92aec636c6bf59f8fcc54ee3a1085d81fb52ba9af5ccb72d57328012682,2025-11-01T19:51:52.497065+00:00,2025-11-01T19:52:01+00:00,192
15b3f54f2c2ab0ac36839522e0926e744553931b5d70d7f38a3fdccf4e31b5be,2025-11-01T19:51:52.621059+00:00,2025-11-01T19:52:01+00:00,192
c6dda801e4ed17a4da94de2f3c563b290412c90add3dbf952619fb8414c7b041,2025-11-01T19:51:52.746298+00:00,2025-11-01T19:52:01+00:00,192
618b90a83684209fd43861ddaea1bc8dbeedfdd82b6c9bcb1a8a5971c2f242ee,2025-11-01T19:51:52.869403+00:00,2025-11-01T19:52:01+00:00,192
1762fb6fede836789994f5c817397193a95cdcd34b91718cafcced17431888ab,2025-11-01T19:51:52.992976+00:00,2025-11-01T19:52:01+00:00,192
c15b9df75f5bcef0c00ffda7c7b184fe57235211ed1c70b53c0f84feb5856e7f,2025-11-01T19:51:53.114500+00:00,2025-11-01T19:52:01+00:00,192
f13e861d75b54a888b4c75963af1bb7978d1cf547b46d0f4abd66f8835c8fa21,2025-11-01T19:51:53.235062+00:00,2025-11-01T19:52:01+00:00,192
4ba47b56d7d410d39da563a76f3318ac5584952c29781a1a4c740bc750c088ac,2025-11-01T19:51:53.356396+00:00,2025-11-01T19:52:01+00:00,192
70838c68eedf6e1e63d8a97ac85a589151c155cbeb79a922868078215e64e211,2025-11-01T19:51:53.479246+00:00,2025-11-01T19:52:01+00:00,192
565e032492632f5d8c092070655b2b1ce8299d4b1ea2dac5c9a1fa1a48b24937,2025-11-01T19:51:53.603375+00:00,2025-11-01T19:52:01+00:00,192
1cd1a0a033d3ef6b9f5c0fc6e58b37c67d17e59c38751df0c8596c795cbd95f2,2025-11-01T19:51:53.728845+00:00,2025-11-01T19:52:01+00:00,192
ed53bd9aa4acb688cfea7f2766496ddf71195e573622e70c8b03511daf873c58,2025-11-01T19:51:53.852824+00:00,2025-11-01T19:52:01+00:00,192
fbf5db9f5cf7e057a849b563ace6e9b95230a0c9bfd291f7b8c46cf6e187041f,2025-11-01T19:51:53.978193+00:00,2025-11-01T19:52:01+00:00,192
7a91a01a942d77b501b2fbc2eb2810d30f54414070ac26b4d7b33e45b07723f6,2025-11-01T19:51:54.104789+00:00,2025-11-01T19:52:01+00:00,192
3802636b36d4ee86367ef988b4c5f2d47b45dc03816787c0e77c4dd96e49bec1,2025-11-01T19:51:54.237172+00:00,2025-11-01T19:52:01+00:00,192
6b8c4a602cb1d263bdafe05432616fda3ed5f8bcc3fa7f556617bca4f0748987,2025-11-01T19:51:54.365596+00:00,2025-11-01T19:52:01+00:00,192
66c82c11298fa647d1a5b22ee02d3851e4e8256b8938575473fecf78a40c5432,2025-11-01T19:51:54.489465+00:00,2025-11-01T19:52:01+00:00,192
4c0cdcd7072fdfe7c6f0b29b0b9a729c81c72ca1b23c3d0b1bbc1a674284cfe7,2025-11-01T19:51:54.611650+00:00,2025-11-01T19:52:01+00:00,192
40fbf223830d50f5915864f536e652a8bdb3ab89a332b4f61dbe9509b8c59a05,2025-11-01T19:51:54.733299+00:00,2025-11-01T19:52:01+00:00,192
c4437c5423bc5c31e5897388c32d0051a6282c08a3cc0bed5d4261f4a271e673,2025-11-01T19:51:54.855759+00:00,2025-11-01T19:52:01+00:00,192
d567bd77a6a6c905019b046ce75253e199e469afe0ad59750ff5ebf16beb3e5d,2025-11-01T19:51:54.977156+00:00,2025-11-01T19:52:01+00:00,192
1867f3e869cdabaaf13bbd08586a97d9605fbcb4e72a44e6506c197d383d980f,2025-11-01T19:51:55.101030+00:00,2025-11-01T19:52:01+00:00,192
ecb7605a78a44eb95a76f84ef2c45069ac45d4121f0af78e47007c01074e6496,2025-11-01T19:51:55.231768+00:00,2025-11-01T19:52:01+00:00,192
f8a9aa8531c34ec777f0b913aeb67df0e22c5bdcd7f55e6ca8a5f044917958aa,2025-11-01T19:51:55.360241+00:00,2025-11-01T19:52:01+00:00,192
1684dcff5b7ec95b8466c6f073129273f7aad1526c8c83533c03474f0075a820,2025-11-01T19:51:55.482349+00:00,2025-11-01T19:52:01+00:00,192
0bf4b83dae87011a4baa91d97af4c6d70f8b2d57aebc37f468e6038c1a3878f8,2025-11-01T19:51:55.606573+00:00,2025-11-01T19:52:01+00:00,192
8b5a1b443b0cc2f8a068c028cc4f54487e62550ed4dadeb71c172a7592013974,2025-11-01T19:51:55.736818+00:00,2025-11-01T19:52:01+00:00,192
6a939c8fceb24f7842ad86904836bf9ecf4d7ad50bf0350f986dbcc895e8a5aa,2025-11-01T19:51:55.865074+00:00,2025-11-01T19:52:01+00:00,192
38b1c1217ae95ec87aa615efbd26dd0cdf396b9a166089f6bf9705fe927503e3,2025-11-01T19:51:55.985370+00:00,2025-11-01T19:52:01+00:00,192
5242cc5062405d6bbc4cedf96634e03fa4c18b503eea4b5b2f4bd0c6a6c16bfd,2025-11-01T19:51:56.109530+00:00,2025-11-01T19:52:01+00:00,192
7322587e17e19f7efe8fb24a569ce0215be79060e2004e2dcde6bb95d0a1c24d,2025-11-01T19:51:56.238689+00:00,2025-11-01T19:52:01+00:00,192
bb00100a46bdae01d1fa48307f601cc02907d10797ede17d76b375d029b55eb9,2025-11-01T19:51:56.366323+00:00,2025-11-01T19:52:01+00:00,192
7d8f042dd3cf13e3c0b9f26c7777fed893d92b92c800e00520e53e67ede3af3e,2025-11-01T19:51:56.496468+00:00,2025-11-01T19:52:01+00:00,192
f9478bbf8a0858c0651c6d77cebea7797c588b7d768b79f07cfdd59bf8487d75,2025-11-01T19:51:56.700103+00:00,2025-11-01T19:52:01+00:00,192
e5e1c9e443dc1b5254cff2edfb678360c93c25bce852c04a4a56761f849f1245,2025-11-01T19:51:56.816462+00:00,2025-11-01T19:52:01+00:00,192
e180f39be724eb2996c1d8e144a61dd6bfde52e79defdf8bcae2ffc379a1deed,2025-11-01T19:51:56.935230+00:00,2025-11-01T19:52:01+00:00,192
aea5bb836ba75934e825262a3543b06f22d566e3db432e18963cb4e7007550fa,2025-11-01T19:51:57.056951+00:00,2025-11-01T19:52:01+00:00,192
1de8121d9f91b3a734286db1e3294a9110cd83dcaa3ff94c4d0846e7c339c0df,2025-11-01T19:51:57.177198+00:00,2025-11-01T19:52:01+00:00,192
8c15cac13499e51a80cb92cd88c16cf687739960491aacd9264e584a12effd76,2025-11-01T19:51:57.299974+00:00,2025-11-01T19:52:01+00:00,192
c65799e7b435975aa6c7833bf61a3c23bd777c6b64c64824c6a8893f12d7b561,2025-11-01T19:51:57.425309+00:00,2025-11-01T19:52:01+00:00,192
8d1426f2fc052021f21c2febfa46a97a26201bbc07a7c5ecad5fd16ab05d1089,2025-11-01T19:51:57.553460+00:00,2025-11-01T19:52:01+00:00,192
fc7510ece2adaac25f91b5d6223bdf128710b4040c6f4b2c63386cceb14b54e8,2025-11-01T19:51:57.671799+00:00,2025-11-01T19:52:01+00:00,192
117c8d5aa189bdd132dccd59ee567c67a63282265fc6849d9b6771ea1b90c616,2025-11-01T19:51:57.794271+00:00,2025-11-01T19:52:01+00:00,192
d77b99050a523b64cfa408347cd060379468f5bc04ef9b35b189e0d84921a48b,2025-11-01T19:51:57.916532+00:00,2025-11-01T19:52:06+00:00,193
19f6a935b86c2c475dfe903c2dd91dac35aad0dde6513e289055f6fdd2d3d898,2025-11-01T19:51:58.038290+00:00,2025-11-01T19:52:06+00:00,193
75194e6fe018d12aa970030a6ab4715a7ae19115b25c59948c3a9b32f2242d99,2025-11-01T19:51:58.164735+00:00,2025-11-01T19:52:06+00:00,193
c152bc1868dad976218fbdec8bbf2d50aa67e79d6b081f873feab334a522eaad,2025-11-01T19:51:58.280464+00:00,2025-11-01T19:52:06+00:00,193
59b74351cf48d56822c881c36fa839744ae6155792f04c83b416466c75c8c7a8,2025-11-01T19:51:58.404253+00:00,2025-11-01T19:52:06+00:00,193
e641a52d59ae9e84e4b73e5a84f2ccc99153af5ea4b89412cbd940de86a3ca29,2025-11-01T19:51:58.518986+00:00,2025-11-01T19:52:06+00:00,193
53064faaa781c013e3149fa81c3c8c481c79c8cf61f900dbd8cec622ff286f6c,2025-11-01T19:51:58.636197+00:00,2025-11-01T19:52:06+00:00,193
3d609b665e52d280d5cf064249b7c09fdfd280602373fb57e666751c9ae63f15,2025-11-01T19:51:58.756535+00:00,2025-11-01T19:52:06+00:00,193
5eae5748c6557a9fff73da84498296a574a61c5abac76093f1e790d642716da1,2025-11-01T19:51:58.879444+00:00,2025-11-01T19:52:06+00:00,193
41d60988300080fdd9690d9557fe2dac1f63cdad53cdbc4101b5d35bc0e4afb7,2025-11-01T19:51:59.008257+00:00,2025-11-01T19:52:06+00:00,193
17f7fe091a457e55373f67aaeca2f13cc734509b5d123d805f80fec4a54b4565,2025-11-01T19:51:59.133800+00:00,2025-11-01T19:52:06+00:00,193
1825eaf743987a406a553bbd75aa15f6f95b40342526c8ca6645878699af3abc,2025-11-01T19:51:59.249831+00:00,2025-11-01T19:52:06+00:00,193
4cd6e189c4a3955a23b2b72a0822248c10d1482b22b39a25e52ea5ef01aa936c,2025-11-01T19:51:59.369702+00:00,2025-11-01T19:52:06+00:00,193
a738ba99b3297b6c4a3bc12f60bdfeaf6cf0cdf316a89481e3468b602c3a8c4d,2025-11-01T19:51:59.489177+00:00,2025-11-01T19:52:06+00:00,193
6edc549df7a6b74f4abf5408b96c1d54918d4450a2fa04a8b9f9b744a1b8eb4f,2025-11-01T19:51:59.610713+00:00,2025-11-01T19:52:06+00:00,193
af3a6172f3e79f26efb7b8590a73fa205f511230ebc31ba2e93daaf71e1dd4b5,2025-11-01T19:51:59.734845+00:00,2025-11-01T19:52:06+00:00,193
b6a733944b8c3f7cc2b11132d4f41c255bd82c64f8afab0da343f6678a6095cf,2025-11-01T19:51:59.853808+00:00,2025-11-01T19:52:06+00:00,193
cb782a33237f67dd9c46bac176e0317c6a079f3881ed6ba94e25b7caaeb443a0,2025-11-01T19:51:59.974787+00:00,2025-11-01T19:52:06+00:00,193
7f7633e7db1f3c001d856c74017cfa7ef206fe5d8c855123a47c0f61fb17b913,2025-11-01T19:52:00.097679+00:00,2025-11-01T19:52:06+00:00,193
55c105b088ad8c2e0b1f0ac766339f56a972cac66b18bc43685d4ab9cb822929,2025-11-01T19:52:00.220333+00:00,2025-11-01T19:52:06+00:00,193
af4d44ac30e2952c2ec1b09ba0de80adc10deea0986ce865c3fb7a1cf3ca411f,2025-11-01T19:52:00.355719+00:00,2025-11-01T19:52:06+00:00,193
7d46a57ec015d4c11631785452c7d3416087f67c0bfe95e1d895df2470941402,2025-11-01T19:52:00.475421+00:00,2025-11-01T19:52:06+00:00,193
8a026953a3d53a8fb2058ffdc80c5f7ded1c428efc2f49b7a6e60fd1b569c0da,2025-11-01T19:52:00.596292+00:00,2025-11-01T19:52:06+00:00,193
9864b2f3fd90b40b4466366fa9562e041239825fe55a7ad2bd9afb00c0b7b37c,2025-11-01T19:52:00.723114+00:00,2025-11-01T19:52:06+00:00,193
d1333e5685747416f320a54006a28b24a4183a43201cbb09ab5bc41a7204d545,2025-11-01T19:52:00.849655+00:00,2025-11-01T19:52:06+00:00,193
59d2a804f6ecdf59caf9b02455f6a94dcb3523fbe47389d0749263685886da68,2025-11-01T19:52:00.977064+00:00,2025-11-01T19:52:06+00:00,193
f61e83e0aa8c2dbc9953bb215af02b2f0e0445a7bf185bd627c4b3b98543d920,2025-11-01T19:52:01.129108+00:00,2025-11-01T19:52:06+00:00,193
55c94cfee12ca92a8fe64a82f1e138d337377d80c707289d6dad4ea6260ab5e4,2025-11-01T19:52:01.246888+00:00,2025-11-01T19:52:06+00:00,193
2e437ab345359198f4bd3dc2ecd5059643a546bc2900f67c523cf4376e605ae5,2025-11-01T19:52:01.370342+00:00,2025-11-01T19:52:06+00:00,193
b87c025a6e56a4bf0446cf4fbec555d27f90dccac3074555927025a952790d3f,2025-11-01T19:52:01.490540+00:00,2025-11-01T19:52:06+00:00,193
0ad4fbe1584a1acb114b80c214c180423c7783079d37422620fc4bf9a0201e7c,2025-11-01T19:52:01.620768+00:00,2025-11-01T19:52:06+00:00,193
5e15ce93585fd2a0fc08d7c4095332e12b8216e2f53df472bc0786061cc2ac5a,2025-11-01T19:52:01.853656+00:00,2025-11-01T19:52:06+00:00,193
2e2e994e4372c34ec164b5af688fd404c16e1d11a4fbe6849568d698a1fef5cd,2025-11-01T19:52:01.969208+00:00,2025-11-01T19:52:06+00:00,193
fcf6fdfd6cc7505e449617d69468a95a2d8f2c39d18f12722ae3e9717cfb09ae,2025-11-01T19:52:02.086514+00:00,2025-11-01T19:52:06+00:00,193
933072e097edd43be47372143dce10f162d4c4534f63c10d88795c55bbf6fade,2025-11-01T19:52:02.206521+00:00,2025-11-01T19:52:06+00:00,193
a13349e505b1a2a6add270ccac9e58404b6538a48ff7b4a99875778107335587,2025-11-01T19:52:02.328888+00:00,2025-11-01T19:52:06+00:00,193
68e931074b0a31be06bc9948553d2df59d01fdeba4d60b01a73b852330922ce1,2025-11-01T19:52:02.453410+00:00,2025-11-01T19:52:06+00:00,193
a4f4445ae67bc608ecb3a49273a7714e42410f69942883c27dcd700320b834f7,2025-11-01T19:52:02.578622+00:00,2025-11-01T19:52:06+00:00,193
52228094790d0233f51a9d085a95cd90ce95f032f58362bbd334cac0cda653ad,2025-11-01T19:52:02.703416+00:00,2025-11-01T19:52:06+00:00,193
dd0b00fc6fec80001c3658f3db79426f7ec1b64198b10625146b59629eae877e,2025-11-01T19:52:02.830763+00:00,2025-11-01T19:52:06+00:00,193
9e0452783a89c796684536bb509b403ada180bdbf0a8ec550f9b6c0ecb135314,2025-11-01T19:52:02.956338+00:00,2025-11-01T19:52:06+00:00,193
f33b75e9f636f82f7d8ac8fea138039825a0f4ad6a993489a1e64776569f0de0,2025-11-01T19:52:03.072333+00:00,2025-11-01T19:52:06+00:00,193
23aff1cc2c24b9f233984ee88482640acbc4e1380cac6ad91d304b248f39b28a,2025-11-01T19:52:03.191285+00:00,2025-11-01T19:52:06+00:00,193
665c738d130f253d04df89e311906788329c5fd6e13a0de0311c6b5913a644b9,2025-11-01T19:52:03.313221+00:00,2025-11-01T19:52:06+00:00,193
903dfaa4b42065f9261cb7a6b379153d449e7a1b452bfcd605488841cdf4752b,2025-11-01T19:52:03.433719+00:00,2025-11-01T19:52:06+00:00,193
bc0b54e655abd94921f075d73c06ae851713fb9e2206903169454ffba264d73e,2025-11-01T19:52:03.550992+00:00,2025-11-01T19:52:06+00:00,193
db360e196f65278fbfac2b960073a3481dfe8df2d347f80adf3122c0a5b864f5,2025-11-01T19:52:03.672160+00:00,2025-11-01T19:52:06+00:00,193
33d952414256ea49b81f963b0073fd1d1ee042bcf3e5b57830f74b16a1c1b033,2025-11-01T19:52:03.797226+00:00,2025-11-01T19:52:06+00:00,193
3ddf90e5b5592020a083c6cc10844c9beb281ffa5c07af7f4895419160aac01b,2025-11-01T19:52:03.918004+00:00,2025-11-01T19:52:06+00:00,193
67939a9810ccd408a6d2f2982161aa4da7e61086ebe1611b0e235836fae43e9e,2025-11-01T19:52:04.034474+00:00,2025-11-01T19:52:06+00:00,193
abc781c5bd3fbd6c1c03b3991f167533caed437afecf4029eb957e341f831279,2025-11-01T19:52:04.153519+00:00,2025-11-01T19:52:06+00:00,193
159a3aa9c3dc4943e835261a0ed9ae8df38d8bd6dd2f0f8c7f9d02570ffffbc4,2025-11-01T19:52:04.272385+00:00,2025-11-01T19:52:11+00:00,194
78d6a03ea08d94c9d596a3a74cdb28dd4711e18d11c55517b05becdd51536782,2025-11-01T19:52:04.388819+00:00,2025-11-01T19:52:11+00:00,194
d85963471ec9e895cb2b513a1feb29d205b5a003df4d6d8affcbd04794c38b3f,2025-11-01T19:52:04.507356+00:00,2025-11-01T19:52:11+00:00,194
77d8a79c5df2bf5bd3496ad76dceee4260fe7d429bb511609ad038f5a2bcead6,2025-11-01T19:52:04.628464+00:00,2025-11-01T19:52:11+00:00,194
56376913f2cec27bcbe9b6ee9ad8dbcc6323662b80a1fb1bc16db049384ba73b,2025-11-01T19:52:04.751843+00:00,2025-11-01T19:52:11+00:00,194
a39fabc28ed0e961a58aab1756d45343aa6631e43bc3e883aaf6b0a9536e70ea,2025-11-01T19:52:04.868751+00:00,2025-11-01T19:52:11+00:00,194
15b0814bdc84aff33b464d3a43b5593868403ef7faff32751f6d0c655d982f4d,2025-11-01T19:52:04.984095+00:00,2025-11-01T19:52:11+00:00,194
9511119c4dfe7c6489833183a2b5642f48ab583bbebd9edc4be60de6a583e52b,2025-11-01T19:52:05.101075+00:00,2025-11-01T19:52:11+00:00,194
7f51a8b1d92ceb37aad0f360100cb5970553805ee5704645e599b7ab5a79208b,2025-11-01T19:52:05.217112+00:00,2025-11-01T19:52:11+00:00,194
08b683f0cdd6eaf9e18d834daba578f8df19792ab6ceed79efc3ae35112f1aad,2025-11-01T19:52:05.335487+00:00,2025-11-01T19:52:11+00:00,194
8b6785a54cc488a2b0083c38218d0963c614c1fb479c6b51b91e9638587c34eb,2025-11-01T19:52:05.450267+00:00,2025-11-01T19:52:11+00:00,194
8c49ce237fc3f654bec8eb6aa6c0f58d30ced78696f3b6830f06454b09a2b29a,2025-11-01T19:52:05.566777+00:00,2025-11-01T19:52:11+00:00,194
fe604b75c798df513c68256f94f751f37c7a3c5dfb9b2a525043915f37a278ce,2025-11-01T19:52:05.685379+00:00,2025-11-01T19:52:11+00:00,194
7df2da1478381f994cce3825af43b8ed187b210527fb2977cfa42fe6adfd79db,2025-11-01T19:52:05.807654+00:00,2025-11-01T19:52:11+00:00,194
91060f5ea640e84eb4618d060307085a4ddb3c2320623b1293d1d41559057aa9,2025-11-01T19:52:05.923227+00:00,2025-11-01T19:52:11+00:00,194
c80ea5cf50a7b6869bf5d92d3bdd6f2712c1c993f24c430aab1d6189476a06bc,2025-11-01T19:52:06.038708+00:00,2025-11-01T19:52:11+00:00,194
1369fa497e767dae3569c31a69e239b3697531418c99cf0d2f7986ee67823a23,2025-11-01T19:52:06.154817+00:00,2025-11-01T19:52:11+00:00,194
5839f85c1a8fcd1adf605aae7357d75aafda714883c36e183f5f7404841c5e31,2025-11-01T19:52:06.273026+00:00,2025-11-01T19:52:11+00:00,194
cf87bda89611476c4e01476fc91154e1801ccbde58ae9ebe384a8d4e4a6475aa,2025-11-01T19:52:06.389291+00:00,2025-11-01T19:52:11+00:00,194
b042f15eb9088fcbf26f0d95e2d0cc15763693ca77284dc6dbaf78080a0ba7d3,2025-11-01T19:52:06.508286+00:00,2025-11-01T19:52:11+00:00,194
557ddf3fc36e8c51ca8242ee60cc6e2c7bb996b2d15ea7b53b1be6d26e011f6f,2025-11-01T19:52:06.627995+00:00,2025-11-01T19:52:11+00:00,194
186b05d673479977d479c902b87717a79632a301bc1a37e4a5d625951a6a25fc,2025-11-01T19:52:06.877418+00:00,2025-11-01T19:52:11+00:00,194
8209f00642ddc9a0431b32ef787214f04f6ed68fb14bdda5dc987555c4668c54,2025-11-01T19:52:06.996760+00:00,2025-11-01T19:52:11+00:00,194
a81bdeb88cd7ba66650b7f1f9fff5526c9c730cec826010c69c812c10f1663c6,2025-11-01T19:52:07.114434+00:00,2025-11-01T19:52:11+00:00,194
87b565384790255f27f20b4eef14a5167c168bb3e7a97d1a0c0f82cb5f7abca3,2025-11-01T19:52:07.230874+00:00,2025-11-01T19:52:11+00:00,194
145b53423546dfadabffaf41195279251cc062f606b3437739f91fe4aaed08bc,2025-11-01T19:52:07.349462+00:00,2025-11-01T19:52:16+00:00,195
6f487019fbff44287f1fee9a2a99dc635413bff9a31f21e74e397df23b8a408c,2025-11-01T19:52:07.471410+00:00,2025-11-01T19:52:16+00:00,195
eb060ebdade4f1f094483c9ba0c38a8a66330ae19c8d6f13776b9b6ae9e71d60,2025-11-01T19:52:07.591030+00:00,2025-11-01T19:52:16+00:00,195
bc6aff7a261e84d2f1323f22b4daa756e0e6463c055feeebdf3e60d5ca6adede,2025-11-01T19:52:07.706773+00:00,2025-11-01T19:52:16+00:00,195
99a448dd252501fe43d54b765eef513ed043042909e1cd706323a4982667c0f4,2025-11-01T19:52:07.823234+00:00,2025-11-01T19:52:16+00:00,195
c065a468fff274f27d9587a86a948190a86314fa6a703c8a63699d1bb10ae30c,2025-11-01T19:52:07.941046+00:00,2025-11-01T19:52:16+00:00,195
d5c25ffa177491cb1d8f77c07ccee1c43e39ab871576c96fea3cb9a09c8a404f,2025-11-01T19:52:08.101205+00:00,2025-11-01T19:52:16+00:00,195
07bce33fde4e8fc2a98ae62b92e409c0da556842b7a45ed64a2689075ccd4886,2025-11-01T19:52:08.225466+00:00,2025-11-01T19:52:16+00:00,195
462e85dcde87cb5983e5d0a27ec30b55adfbf3695376d21b73e16ad14357e106,2025-11-01T19:52:08.353273+00:00,2025-11-01T19:52:16+00:00,195
117af252a3ba63dd13828dd0fd40d36c9be0299a23bcb72981ac43d1e8e098a0,2025-11-01T19:52:08.473692+00:00,2025-11-01T19:52:16+00:00,195
b3e6296f0b3383aa832243b5577cf5d4ac1bad28dc5c753ef440083c1ced4d30,2025-11-01T19:52:08.592992+00:00,2025-11-01T19:52:16+00:00,195
0c36c6f6fbf66fb45049f48fe7d246b43fb9c669f03e47f0ba781f66b5c0fd33,2025-11-01T19:52:08.713338+00:00,2025-11-01T19:52:16+00:00,195
353087c01ca65c0ad140729b1426c80753c66adc89077676b4db082b3c4b633e,2025-11-01T19:52:08.839035+00:00,2025-11-01T19:52:16+00:00,195
a281803abe9db05975d839d4e289591def39d26edf92788265559942752b6e8a,2025-11-01T19:52:08.962008+00:00,2025-11-01T19:52:16+00:00,195
dc65ff066d3542ad7fdf6ffa6784d5e0467fe93001bbc56e750fd940ed13e5c2,2025-11-01T19:52:09.086144+00:00,2025-11-01T19:52:16+00:00,195
f989a33589b728d3459e87909b1097d1db5aad4ae62f4668debca037b267a4a1,2025-11-01T19:52:09.206411+00:00,2025-11-01T19:52:16+00:00,195
03b30da754fa47b5e2c3e4c3491ef1090919f340b8d6d69b935d3200e522b37d,2025-11-01T19:52:09.331154+00:00,2025-11-01T19:52:16+00:00,195
d20859ff9518cb457f70f9e4ff9a90d6a2b2899173c029eccd29dcb28497f4a8,2025-11-01T19:52:09.449977+00:00,2025-11-01T19:52:16+00:00,195
67cfb1287a6087eb3e5afb4c1acef40504e5077164d6a701d0c3c1b57bd9c5f7,2025-11-01T19:52:09.573405+00:00,2025-11-01T19:52:16+00:00,195
f68bc5658a41d4432ef9f83583fda94557c052d1ffe80cc87005f5e6faacb6b6,2025-11-01T19:52:09.697497+00:00,2025-11-01T19:52:16+00:00,195
507206841a472b62620a665580b225517b9335e734f20dd2b4d8bcc736e88ae6,2025-11-01T19:52:09.819902+00:00,2025-11-01T19:52:16+00:00,195
7561b6437ffceaef2a7353572420c8a7ebcad85a60ebb3b7fecdade4080945c6,2025-11-01T19:52:09.941787+00:00,2025-11-01T19:52:16+00:00,195
1dcc254f7e99a4c2ef38746399b22bf3596cf17f02a0543e6a4030c7f235b2bc,2025-11-01T19:52:10.063096+00:00,2025-11-01T19:52:16+00:00,195
e4f5cf2e571d1c11290cd5d911eab45969c90d4b955d7e06e15fd3bf16b5c42f,2025-11-01T19:52:10.193202+00:00,2025-11-01T19:52:16+00:00,195
2d6d079126e0c107f2a8463c96274cf17d51500c71ce9efecf504439e4df8151,2025-11-01T19:52:10.319178+00:00,2025-11-01T19:52:16+00:00,195
fbc695fbd9466fdf83433803bcbcbdf76fe6994e845c274927ce530302aae2ee,2025-11-01T19:52:10.442694+00:00,2025-11-01T19:52:16+00:00,195
b80c2d23ee341ee583ec5fcf663e5725d0b960e40c4086fbd1d677ae86c0b243,2025-11-01T19:52:10.558884+00:00,2025-11-01T19:52:21+00:00,196
dc25e1c4e85e5188daef933bf919e4221975aa9ee728692abdaaf9a33a9fad66,2025-11-01T19:52:10.677157+00:00,2025-11-01T19:52:21+00:00,196
209b87776c67f6592fb5e2e8de093aafa75ec9b98664b5ef152dd8f843251f0b,2025-11-01T19:52:10.799097+00:00,2025-11-01T19:52:21+00:00,196
323462faf779815f409e23521a754d2529e04215e34afae407363d0cd5b6ad7d,2025-11-01T19:52:10.922363+00:00,2025-11-01T19:52:21+00:00,196
8dbf6d19b26762c9270713672c75abf0ffcf0bdf1c4cd041d2cfcfc3e1f7a9e3,2025-11-01T19:52:11.040418+00:00,2025-11-01T19:52:21+00:00,196
3f1485cb73823f1d0177dbef3cb6f1b60f90c921aadc1a55cf14962b97061fee,2025-11-01T19:52:11.195275+00:00,2025-11-01T19:52:21+00:00,196
1e1906dfacc1e40436ca5f7951775b588c7eb913c7b62cfe03dbfc8aed2ec718,2025-11-01T19:52:11.314460+00:00,2025-11-01T19:52:21+00:00,196
5ddadbf2e7f3549ff221d7a715b538530a25e75962fa08a1db0f15232f6cee51,2025-11-01T19:52:11.431316+00:00,2025-11-01T19:52:21+00:00,196
a0a57d6b8668d7f5a6fc3d7444b8a687a030bf72f0670ed22d2dc69e0c1cd80f,2025-11-01T19:52:11.558805+00:00,2025-11-01T19:52:21+00:00,196
f50beb88717389fdffd8552443776ec627477f55e475a7614e69c5888995416b,2025-11-01T19:52:11.677341+00:00,2025-11-01T19:52:21+00:00,196
4a62fb012c387765e9c4f8f5f2942f842986fd2cf5feb9a0ea90a898eed0ed19,2025-11-01T19:52:11.873319+00:00,2025-11-01T19:52:21+00:00,196
c7db0c0df884b7376b506ce69913d8fae6159a24c15ce803e645348f35b5b9dd,2025-11-01T19:52:11.993935+00:00,2025-11-01T19:52:21+00:00,196
411b78b841218b883b98c7b5297cabd3473add8cc7f089ddc43763470f89ab60,2025-11-01T19:52:12.112856+00:00,2025-11-01T19:52:21+00:00,196
433c49e00d826b0014dbf654fa08b7339e2434545f57a5243c08dfe1dff3ae64,2025-11-01T19:52:12.239578+00:00,2025-11-01T19:52:21+00:00,196
c3035cca102c3c72a4e4de4bb26ed6bad82a5d5c42d0de88a79dde6f416acaf8,2025-11-01T19:52:12.358830+00:00,2025-11-01T19:52:21+00:00,196
401185e470bd3a999138fccec7334e37ffba4654fd855c04a251ccd5c90ea8d1,2025-11-01T19:52:12.481282+00:00,2025-11-01T19:52:21+00:00,196
b2145a812b36a53ed5bb0055c058fda6f09e3dfc0f7995dc7e9c0efe377bd805,2025-11-01T19:52:12.597709+00:00,2025-11-01T19:52:21+00:00,196
5a6ab0fa921a82d762619357ded3bdaa4381aa3de1be102b375c48f1706c09c1,2025-11-01T19:52:12.716917+00:00,2025-11-01T19:52:21+00:00,196
de6c973ea55e03e34d3d0f83ad46903eb6733e9490b196a374af8de592c659e5,2025-11-01T19:52:12.838014+00:00,2025-11-01T19:52:21+00:00,196
f4d0a2f2b7f6f29c6967a8b8eb807fa48ec891931dbfc05ada8268e65fd148a3,2025-11-01T19:52:12.966857+00:00,2025-11-01T19:52:21+00:00,196
f628777b4e81e152eb16aea80bd2a9c266d1f4a67a3963d9ed3730a8a3dfdc2a,2025-11-01T19:52:13.088114+00:00,2025-11-01T19:52:21+00:00,196
4c3e03366ab89e3101d99d618544f37f4417fa05c4f997ab2971bde96712746a,2025-11-01T19:52:13.370683+00:00,2025-11-01T19:52:21+00:00,196
8a922b735eb0362cb996834696a8de6fc86c4780094ea4d6782f77161691104b,2025-11-01T19:52:13.489032+00:00,2025-11-01T19:52:21+00:00,196
9cc4f676b2a41f5f26ed65d8f574e93800f6c9c786d7a388df0994e523c8c5fa,2025-11-01T19:52:13.611107+00:00,2025-11-01T19:52:21+00:00,196
6f2cc331a37679dfc73bedf64e5bc1890991f3bd223025d188436c43f47e3380,2025-11-01T19:52:13.733202+00:00,2025-11-01T19:52:21+00:00,196
6afe8733c22497acd7ff71f983dbb243dc7512358607efc6efe018284ec06a98,2025-11-01T19:52:13.856321+00:00,2025-11-01T19:52:21+00:00,196
14b9d3c81b4408028fe9f2304dd8e3276d24c377fe396e38615ab596ede2554c,2025-11-01T19:52:13.985671+00:00,2025-11-01T19:52:21+00:00,196
aa04575bed585b6c76dddc46773ef471415e7cde5ed4bdb2e34e2431f1214816,2025-11-01T19:52:14.107223+00:00,2025-11-01T19:52:21+00:00,196
b7628a9406346937fd17af310c2f519f3abb4f8ac8dbb827d0f0629ef1cb3e35,2025-11-01T19:52:14.229549+00:00,2025-11-01T19:52:21+00:00,196
180bf4f75cc603ec5f3551926abe78556e3f70aae2fbcf41527bbc5649c7c0a2,2025-11-01T19:52:14.351684+00:00,2025-11-01T19:52:21+00:00,196
ba6f2adae2e3bd3588796e0541589e94e20848f27ada7709b890fa195cdf41f5,2025-11-01T19:52:14.479488+00:00,2025-11-01T19:52:21+00:00,196
8b73db0530b8ea8f9e4517693761ad0f5fdb0edb1d9224e5c499dea0327a00d9,2025-11-01T19:52:14.604111+00:00,2025-11-01T19:52:21+00:00,196
a832585af4ac5a0892890a36bbf10a85e577deaaa53b852edd98273baaa3a35e,2025-11-01T19:52:14.727547+00:00,2025-11-01T19:52:21+00:00,196
473b0d2e874488071f32e8312fb1868283c58d1477d35c4c2bdf25dcf734588d,2025-11-01T19:52:14.851151+00:00,2025-11-01T19:52:21+00:00,196
a02adaf23614be569371b00b97e1c8f72a4d44a58d475df8e18f7253365b2d79,2025-11-01T19:52:14.979637+00:00,2025-11-01T19:52:21+00:00,196
a38dd9e76ec46c8c364af777f13786848628eb7869c09bdfc2d1c9a16397acd2,2025-11-01T19:52:15.104375+00:00,2025-11-01T19:52:21+00:00,196
051d2b7d362f7b527e7b3c89d5dd90e670d80264cc7e6805ced79f16da2672b5,2025-11-01T19:52:15.230332+00:00,2025-11-01T19:52:21+00:00,196
919cc5beb43a36327c1e6e0a9f4fecbcc4f037c7aa843ec8581ce594f4b41e17,2025-11-01T19:52:15.355838+00:00,2025-11-01T19:52:21+00:00,196
61bf269956f87e54e6875a8c5fac26ff6e6d43606968d8882b38ebf0008e4050,2025-11-01T19:52:15.480981+00:00,2025-11-01T19:52:21+00:00,196
b8aceabb986215befe7d7acbfba278f589f36af93fda79560c0c287ef3fd1d91,2025-11-01T19:52:15.612165+00:00,2025-11-01T19:52:21+00:00,196
0d2660e157d9455217f2bb827623d9d31415d46493e00b2be8b5fb7037fa909b,2025-11-01T19:52:15.746371+00:00,2025-11-01T19:52:21+00:00,196
3102671389bd24544e06f26185b7d87285126c509727233dd00e2c410c40fc2f,2025-11-01T19:52:15.875193+00:00,2025-11-01T19:52:21+00:00,196
fc2843c240a82520bb3070c3621c61d49c2276851da9fecb11fe1f45ece99a72,2025-11-01T19:52:16.002996+00:00,2025-11-01T19:52:21+00:00,196
dd0b523cb5b09c219bf2a89793d83e245c9822d4a3d32e51f6d13a8c16e54ce1,2025-11-01T19:52:16.128568+00:00,2025-11-01T19:52:21+00:00,196
b3e808f2a266ba552af92d47cadd58a175f04ceabde18238651480415f45ca0d,2025-11-01T19:52:16.253982+00:00,2025-11-01T19:52:21+00:00,196
cc0546bb53b3235b1d9a7bfcf078208eadb7e0d6b226b00f4def2c81a1ed25de,2025-11-01T19:52:16.379954+00:00,2025-11-01T19:52:21+00:00,196
2274fd61c783798f873a69d3ab3f0672498e6d0081446e921be57ebb138a675e,2025-11-01T19:52:16.506830+00:00,2025-11-01T19:52:21+00:00,196
7ebf04a3df4c4cf6bb5029a729ba718c88018ef35c61ecd1ed537754d8ce6e5f,2025-11-01T19:52:16.636065+00:00,2025-11-01T19:52:21+00:00,196
87d458f82ebd83a3127e997bc5b1dc9c4aa8ad9cdbbb0b7fda950766475b280d,2025-11-01T19:52:16.763080+00:00,2025-11-01T19:52:21+00:00,196
1a78b6ef11f5f8cbfce9ab419e9246aee92b6421cf087b68ef9a897dda189a9f,2025-11-01T19:52:16.893806+00:00,2025-11-01T19:52:21+00:00,196
7550b640f1e3931f3cab5a0ec8e5f19af9892d14c13af6324319da9c7053fbef,2025-11-01T19:52:17.013814+00:00,2025-11-01T19:52:21+00:00,196
2dd464588cb8b3e3e5e9ca7a13f7a68bc04861336f277dfc7bd27ff7625bba40,2025-11-01T19:52:17.133305+00:00,2025-11-01T19:52:21+00:00,196
360038c922759523a809bf1f85bfc82491ee02572557f077095994877e09e9ce,2025-11-01T19:52:17.251542+00:00,2025-11-01T19:52:21+00:00,196
13710ac9344d6fdd7ed03061e9baa62b396afb4826b04af79b22de1123549344,2025-11-01T19:52:17.377664+00:00,2025-11-01T19:52:21+00:00,196
713304c638125f2732cc54a959b1eecaaf87e463b84fb152a3d3fce2ffa16735,2025-11-01T19:52:17.499925+00:00,2025-11-01T19:52:21+00:00,196
1824b3da5fa7d755d9ee8fd7ff89eb17fd3e34aca21feed6dff44a6d98975831,2025-11-01T19:52:17.625182+00:00,2025-11-01T19:52:21+00:00,196
31d08aec6ac1de0005d43cd80d42d56e64e1a650c013bc16bd9ba5ebe41e287e,2025-11-01T19:52:17.749289+00:00,2025-11-01T19:52:21+00:00,196
60f92e0aa52fd8a5a7d58e0be288a3d354fc13739283cf22058cad3226d3cad4,2025-11-01T19:52:17.873973+00:00,2025-11-01T19:52:21+00:00,196
2f628658595e2174255362794dda40f39348a889927afab4825d6d215c6f9816,2025-11-01T19:52:18.000312+00:00,2025-11-01T19:52:21+00:00,196
b12bc35ed895f411660304933087e33e571b0eca7f375e73b71e966d24598d65,2025-11-01T19:52:18.124510+00:00,2025-11-01T19:52:21+00:00,196
622b5643edc8d7d4d9042d62d7335dd68c832c86c83b347a3444e69cbe913a28,2025-11-01T19:52:18.261931+00:00,2025-11-01T19:52:21+00:00,196
f43d8315ae149a02ac9298d125d0aa1661fc9f931ca0388ad211f49718b8e2a4,2025-11-01T19:52:18.384649+00:00,2025-11-01T19:52:21+00:00,196
b49187d7959f52478e46f514de8d0e460d3a172795e9bc3fa9ddb8ab128300aa,2025-11-01T19:52:18.504510+00:00,2025-11-01T19:52:21+00:00,196
14e2efeddc89c4fa0b033a0c26c472617983bb7a4ed52fe59aeb4165b97e82a5,2025-11-01T19:52:18.624328+00:00,2025-11-01T19:52:21+00:00,196
9fc9e653f202934b857b247794b45d3e910d83b82a6990bca1d9c8bf570d8bd9,2025-11-01T19:52:18.748512+00:00,2025-11-01T19:52:21+00:00,196
1f8d2b23ba1d0337dcc6b1523958b84592598306be784317d6a25a4811c3983f,2025-11-01T19:52:18.878759+00:00,2025-11-01T19:52:21+00:00,196
4e8489362dfe4dcb472e5951a8c4717838ef60caa0102dc59d79240066310184,2025-11-01T19:52:19.009214+00:00,2025-11-01T19:52:21+00:00,196
c99782b082fcf6bba1f5ef689a8fe4be360fa8233e9f59bd63ca7de352a5ed7f,2025-11-01T19:52:19.134152+00:00,2025-11-01T19:52:21+00:00,196
4958d6ef877f92f209793b08d89be081bf007ab4939ac80b6a2af09fd9ee0b67,2025-11-01T19:52:19.253846+00:00,2025-11-01T19:52:21+00:00,196
b7d7e4f9786f516ecb9bb39730c75032d79c21d732eced7103da4ea2376381d5,2025-11-01T19:52:19.375063+00:00,2025-11-01T19:52:21+00:00,196
5bf2f50fd4ac7fa90e0c3052a7d37ec2ea0548c4103c6a5754217e3ec04f4649,2025-11-01T19:52:19.501063+00:00,2025-11-01T19:52:21+00:00,196
1873f4ed560a466676107a2ec4a30a5017d3240b044c3f1e59c6e88d1dcf167e,2025-11-01T19:52:19.623470+00:00,2025-11-01T19:52:26+00:00,197
8ad201d8983d76e46c8d3cb669c8f821c74d2ab4f0ba509eaf9aa7505df8e07d,2025-11-01T19:52:19.750130+00:00,2025-11-01T19:52:26+00:00,197
ece113e5dd926706688afc7bd070496ca8f7627e92cdd1fe6abc778ff45e8d08,2025-11-01T19:52:19.871952+00:00,2025-11-01T19:52:26+00:00,197
7169a36f9546231df8cd880a6282f5370329a3150419068255d7b92ab42494d6,2025-11-01T19:52:19.994904+00:00,2025-11-01T19:52:26+00:00,197
e38c73353425edc090347170ca061cb6f66eb3584fd17279075ce3692821aa2a,2025-11-01T19:52:20.118706+00:00,2025-11-01T19:52:26+00:00,197
3b7b80763ce602658d8a9ba930f2b8c433efa3562c9f4507a9aa0580c12b19c5,2025-11-01T19:52:20.242136+00:00,2025-11-01T19:52:26+00:00,197
635a383db46c5995c37b1e1af6b302ff143f47e1c2137d1503fb203f1e2bfeba,2025-11-01T19:52:20.389450+00:00,2025-11-01T19:52:26+00:00,197
a16c8d06fcd229efc55157231fecb8d1004ab6b6a405bccc90b8b8bb463d8145,2025-11-01T19:52:20.512206+00:00,2025-11-01T19:52:26+00:00,197
2947bba7f363c19fcef5312bbebd69c162c4b7394e458a92a005e7509e6d15b7,2025-11-01T19:52:20.633592+00:00,2025-11-01T19:52:26+00:00,197
ea954f5b84f21c8fb73b709dbde9b69f71b0e08bf2c1f0753cf1a14ca3a0e62f,2025-11-01T19:52:20.757794+00:00,2025-11-01T19:52:26+00:00,197
006fbf8d5c623871631d4fdb884061eafbd2458aeb2d9bd903b821705d9a1050,2025-11-01T19:52:20.881108+00:00,2025-11-01T19:52:26+00:00,197
325e0e8b31f61df9df75abc843ac754cb3c6d4e13d63ebfb72972d3743d4b333,2025-11-01T19:52:21.002746+00:00,2025-11-01T19:52:26+00:00,197
221282fd206c249d7f3800750e5c4f2b23cc3d177bc018994b08e29097100cfe,2025-11-01T19:52:21.153546+00:00,2025-11-01T19:52:26+00:00,197
0e84c29e77853ff7b71a8a6a08633d46935fc3668b06b636cf8f131d627d6f0d,2025-11-01T19:52:21.274391+00:00,2025-11-01T19:52:26+00:00,197
694351ddf696a5c4040cc598fdbc3c5b333beb7ded6a4c5414e759b5e3f594b2,2025-11-01T19:52:21.397754+00:00,2025-11-01T19:52:26+00:00,197
5ee79840a256021f5beda9a7645147fe474ec73e972311bb2df75d9cbffdabc1,2025-11-01T19:52:21.517351+00:00,2025-11-01T19:52:26+00:00,197
d674a4601b9bede08dc5b02fec3862df51029572e6d4557c99eb8e14c78f187b,2025-11-01T19:52:21.642070+00:00,2025-11-01T19:52:26+00:00,197
07d3f4da5128fcd97fe42dcb8e3f1fae0db115e33a7dbcbfd9505725611d5a3d,2025-11-01T19:52:21.768087+00:00,2025-11-01T19:52:26+00:00,197
812ee95914d1ece29b750cc0ab010fa62c7e1d8fa56bf56ca0d680404d32b90f,2025-11-01T19:52:21.893251+00:00,2025-11-01T19:52:26+00:00,197
c3cec47e07d5fd0f40b58619236d6704a6e176a317f54b935e5424e2dc00d5bb,2025-11-01T19:52:22.190672+00:00,2025-11-01T19:52:26+00:00,197
cf40cbb4d568c35f4438a40f9367b1147ab5d8bbff951bdf17b8f71807dc4ac6,2025-11-01T19:52:22.313915+00:00,2025-11-01T19:52:26+00:00,197
7065bcffe1292e768de08e7e85710b18171dc5401b41b16af962fee1ecc8d19e,2025-11-01T19:52:22.433275+00:00,2025-11-01T19:52:26+00:00,197
9a8ae57f48b6e720bf769303e3bc12165adc0582dffbc864b721b91d75d19ce4,2025-11-01T19:52:22.554102+00:00,2025-11-01T19:52:26+00:00,197
1cfeb72c99d4319de72d63e5539173e93e47ad3aca5e450f5f29366fb809c64b,2025-11-01T19:52:22.675658+00:00,2025-11-01T19:52:26+00:00,197
e19a954e70ad589b546a170786bd1d858f9190c37fff96182d2c988efcca6904,2025-11-01T19:52:22.794647+00:00,2025-11-01T19:52:26+00:00,197
394595da2e4d457655d752a8df056099b87842076041850b27c45eda983c31b5,2025-11-01T19:52:22.913071+00:00,2025-11-01T19:52:26+00:00,197
a95317aa265a7da255f19fe2afb2e5cb8da6d58f5e9162f3463d2952d6896d34,2025-11-01T19:52:23.031714+00:00,2025-11-01T19:52:26+00:00,197
17c956dd2dee5640d15675ef7b18268b9c2f4be5912f20384e22f7a1a738c35d,2025-11-01T19:52:23.155164+00:00,2025-11-01T19:52:26+00:00,197
f87aa6933cec4e3e28c19dea412f00082e54136b3b3feb71919c749351441740,2025-11-01T19:52:23.281265+00:00,2025-11-01T19:52:26+00:00,197
344faebe9f9e5ce7d8dacedf6b555b73d980c06936e0892bdd2817a7b8ffeb04,2025-11-01T19:52:23.403533+00:00,2025-11-01T19:52:31+00:00,198
e416f3aac261e2e3e2ead4a8cfad8a9e7e70f06fc58c64fc76d93a5d55abf522,2025-11-01T19:52:23.528382+00:00,2025-11-01T19:52:31+00:00,198
b203b4fc7f29e08a4ff02da7c17a27b47b10ef1face49548192dff9365123cb1,2025-11-01T19:52:23.653677+00:00,2025-11-01T19:52:31+00:00,198
c45b8d42b95429103b23bc0277041de2e9438fe538ba147bd31124abaa4b2471,2025-11-01T19:52:23.782054+00:00,2025-11-01T19:52:31+00:00,198
a8192eff75e821543acd131d1fd1761e2fbe80999243b506fd37dca85668f434,2025-11-01T19:52:23.903646+00:00,2025-11-01T19:52:31+00:00,198
567d38615a589c04028706a8b6f6b86ac34f91941eac139f0ea48652fca429dc,2025-11-01T19:52:24.034990+00:00,2025-11-01T19:52:31+00:00,198
8a8a6f24c61a72fc81be83bedc9d43183f7f657737da10088b652f3749c8a611,2025-11-01T19:52:24.153497+00:00,2025-11-01T19:52:31+00:00,198
3b18da126ff897f7e76d810b3baad7aba9a28176908f2ec7a2cef2027c6a56fc,2025-11-01T19:52:24.274461+00:00,2025-11-01T19:52:31+00:00,198
bf696e9be97808e3696d105e969db6d67ea5bfc2f9e445bf603f21125a5d4477,2025-11-01T19:52:24.406409+00:00,2025-11-01T19:52:31+00:00,198
9df173545d3aea898640df35d2da2ecf1563dcfbb5234d298039e9ab28326373,2025-11-01T19:52:24.533564+00:00,2025-11-01T19:52:31+00:00,198
3973e5c6033024c1761bb62923a90159748ddc347b7ceaf1b895033d183345c6,2025-11-01T19:52:24.655065+00:00,2025-11-01T19:52:31+00:00,198
d9ec69271878e65e94bd98c538e343fc764a1f5573b1b2bc76c2a5d8cf190304,2025-11-01T19:52:24.779386+00:00,2025-11-01T19:52:31+00:00,198
4ae0f460b8a904a9276bfb55ddf9fa319c02769021b99ffdbc88b03f4106942f,2025-11-01T19:52:24.903732+00:00,2025-11-01T19:52:31+00:00,198
8e2213b6f0489966dc4d5db4ffe41c3a5a2a9ff0cf28eb228b4e3cc95de1cc1a,2025-11-01T19:52:25.034431+00:00,2025-11-01T19:52:31+00:00,198
a45ddccf06d3e5d7aa2512203bcb38915413d5768e7f87a2dee949d159e7f333,2025-11-01T19:52:25.162097+00:00,2025-11-01T19:52:31+00:00,198
2fcfd0e3f140e12e0baadf697a5b31f8cb97e7686f7a9e70d058e509e8981d1b,2025-11-01T19:52:25.290445+00:00,2025-11-01T19:52:31+00:00,198
6ede105c356b720a1fbd730403e195b7e4998f3a87fdd5a64edff2446fb1af6a,2025-11-01T19:52:25.412274+00:00,2025-11-01T19:52:31+00:00,198
cb38aadc216d279c43b6f15155c8ef581ec5cdec64c0b7d989889da0845cdecd,2025-11-01T19:52:25.544150+00:00,2025-11-01T19:52:31+00:00,198
d82b1ff9d286c8070c58a4c4dbace8194bd4461035bb4d23ffd493e5c3b9439c,2025-11-01T19:52:25.666109+00:00,2025-11-01T19:52:31+00:00,198
a61ab2a02b9659268b2e40c0c1dc3b3144058e73b14c5896682ce8d2c5a08424,2025-11-01T19:52:25.785906+00:00,2025-11-01T19:52:31+00:00,198
da79c5ec2a1c9a7cfccfae1a330bfe1296ecff632b20596a052e03e290d197c5,2025-11-01T19:52:25.912142+00:00,2025-11-01T19:52:31+00:00,198
7cf73772dc54431ed977db69ffa55ed3ff96b35685225a0079ac37fc26186323,2025-11-01T19:52:26.036135+00:00,2025-11-01T19:52:31+00:00,198
756ae0d8c726e9af8498d95c7cb7290950e26055f86b51c741bd052b37121620,2025-11-01T19:52:26.161642+00:00,2025-11-01T19:52:31+00:00,198
9ad74481127d9b5994458f106ceccca40ffc90accba8a3e2c3b5c1bf69290b97,2025-11-01T19:52:26.283950+00:00,2025-11-01T19:52:31+00:00,198
cdc85ccec441a0242089fb50bcef54c5dba1c407a02645be2102836866dab954,2025-11-01T19:52:26.409437+00:00,2025-11-01T19:52:31+00:00,198
a2aae4b5611db73b7418e32fa4a71f2860335e4608f6b37853b8b924ae7b4d52,2025-11-01T19:52:26.540098+00:00,2025-11-01T19:52:31+00:00,198
f7f649217a4c81326a3fd9f99f661441e1e36f9b0390485166d081e5f4e43ccc,2025-11-01T19:52:26.670670+00:00,2025-11-01T19:52:31+00:00,198
a29130cfc45fec12526ba840061d3155d4152e192e94272b576d1c86dde7a712,2025-11-01T19:52:26.798874+00:00,2025-11-01T19:52:31+00:00,198
36c2dfc95b1af615fcd7b5e96a3a53aff1f6ce4dfc252f75d5f47a5dcf9c97a3,2025-11-01T19:52:26.923871+00:00,2025-11-01T19:52:31+00:00,198
6af1270dce2bd57d4b6ad97d2db39be080db74bd6239b22c154735695e7a8935,2025-11-01T19:52:27.056503+00:00,2025-11-01T19:52:31+00:00,198
fa78b4dca46c26cb41ba46532f0a125869b4dd2461fe5b5942b579c98ee68b70,2025-11-01T19:52:27.177331+00:00,2025-11-01T19:52:31+00:00,198
99411e69a784f39bd81fcf6be5a8d47aff6fc71c67c078d08452f666fa6ca15c,2025-11-01T19:52:27.308580+00:00,2025-11-01T19:52:31+00:00,198
9f2684068919ba8250b925b487929f750da9b51e23b22c99549adaba2409da1f,2025-11-01T19:52:27.441792+00:00,2025-11-01T19:52:31+00:00,198
4322c15dde1439c42689f5d3c587229feb6563edf938c45be00220a0c5302c34,2025-11-01T19:52:27.563117+00:00,2025-11-01T19:52:31+00:00,198
32f950955e1fe2f7cd471018f08e8ee65c66f9df861ccee407ff60e05137b295,2025-11-01T19:52:27.683890+00:00,2025-11-01T19:52:31+00:00,198
2a140c95a79157f9a2fcb3b646bdb5fbb9b4a3bec3a1316313e1dc08373aef60,2025-11-01T19:52:27.809092+00:00,2025-11-01T19:52:31+00:00,198
592401df4e33d47d945d2aaef2c89c7bfd9410e7c3e7df4e976dc7c3f748a46b,2025-11-01T19:52:27.925452+00:00,2025-11-01T19:52:31+00:00,198
8755aac0b845d82d3c6c90a2947cd16a58badd9a619d2109fa2d117cb926aa3d,2025-11-01T19:52:28.061699+00:00,2025-11-01T19:52:31+00:00,198
72f062dbfdf8859f7c8e18705fc6edef9e55135bcfb045b2a79e524dce88ef02,2025-11-01T19:52:28.190080+00:00,2025-11-01T19:52:31+00:00,198
2ad4614fafb45bd834da9ab8205de4e4b522c8aeffc4421949761e4018ef8f81,2025-11-01T19:52:28.330095+00:00,2025-11-01T19:52:31+00:00,198
eae9a1e9e22b722f7b1c77696c5085b4a6f424ee831260aeccf06b5a24c9711e,2025-11-01T19:52:28.451417+00:00,2025-11-01T19:52:31+00:00,198
580d43cfe127aae9a61247cdc1b6a3a2b1b4c8ff50c91233910d9fa29025879f,2025-11-01T19:52:28.571188+00:00,2025-11-01T19:52:37+00:00,199
e4a21268cc1bc3c9edf506893d7e4a9d08daa6796ae2734628ee6b8cfb53c8fd,2025-11-01T19:52:28.693172+00:00,2025-11-01T19:52:37+00:00,199
e08db017881c5430e46254cac2e662de1dca3c90678d7059ef62c31f59e2e521,2025-11-01T19:52:28.815917+00:00,2025-11-01T19:52:37+00:00,199
86e89944431298741a0e8dee9d23e2315964e8bcd8eb13f1a4ab69115e350a08,2025-11-01T19:52:28.937353+00:00,2025-11-01T19:52:37+00:00,199
c5f850b0a580dd868fadee1ccbfd43eb567d3f8eab5325fbadfb0c694b12ad3b,2025-11-01T19:52:29.057832+00:00,2025-11-01T19:52:37+00:00,199
cc10af1d3050986f1d3ff9bdb94d3e006f760280a3d914d8d0dcb6855a8c2d8b,2025-11-01T19:52:29.180990+00:00,2025-11-01T19:52:37+00:00,199
a23031e15d18766cd31cbe3b047a75c521fef19729f84e2a8ec1f4304b6449d9,2025-11-01T19:52:29.305630+00:00,2025-11-01T19:52:37+00:00,199
3861d6ac14e3304ea4c493e56a6567d86c9ae6c77718dc617d209ef940a26a7b,2025-11-01T19:52:29.421483+00:00,2025-11-01T19:52:37+00:00,199
bc598079661c07e9aba3be85e3446f3c4112c9a21bdddf2fea888231e99499c7,2025-11-01T19:52:29.539260+00:00,2025-11-01T19:52:42+00:00,200
58f3d2b9d08d25d8d6fe977c94870253b38a87d9563cc92d4347cd27a6424906,2025-11-01T19:52:29.657908+00:00,2025-11-01T19:52:42+00:00,200
77d2e32074f027b860b4c56d33d4b12376b6ccd9f4019f3f2f96122e9a174575,2025-11-01T19:52:29.776134+00:00,2025-11-01T19:52:42+00:00,200
fa08850a81d4da6bc6c1b4cda52ab8aef007ab1544de8142f125d1b26fcda071,2025-11-01T19:52:29.895795+00:00,2025-11-01T19:52:42+00:00,200
e1b1de2b19603d4acf91283df38ddeb610bfdef8fc7cfc89e2f4f6f8dc71c6a7,2025-11-01T19:52:30.014426+00:00,2025-11-01T19:52:42+00:00,200
0e4fa6923fedbca6ba7629c86d8cb678ecdb5425dfa6ec39e002ccf1df09963c,2025-11-01T19:52:30.131833+00:00,2025-11-01T19:52:42+00:00,200
45f69bb2a63cb59be1dc2a7ed45d0f88e68065bab76935182ea95e75a2dac4a1,2025-11-01T19:52:30.250133+00:00,2025-11-01T19:52:42+00:00,200
6fa760a399835b99d1f819a1c707b535cd35ad893ff007fdfe9416a88dcf763e,2025-11-01T19:52:30.385399+00:00,2025-11-01T19:52:42+00:00,200
e584146863c9dc508990204e11ffaa673d8e628671547bb953977415a5faaf7d,2025-11-01T19:52:30.504421+00:00,2025-11-01T19:52:42+00:00,200
2467593e4e7b8f198de716b1741fe9e3ccdb8367485bd3a495e669f8d47212b1,2025-11-01T19:52:30.625277+00:00,2025-11-01T19:52:42+00:00,200
95293e1c81bfad14af4a4fdc837f98337f69ed7ca6cddcd39dda5ddbb0a040df,2025-11-01T19:52:30.747774+00:00,2025-11-01T19:52:42+00:00,200
8aad2bedf9a55314dc9e40a5c43f3de4ca07997465a2efde3fa6f8fe12cb9b89,2025-11-01T19:52:30.868324+00:00,2025-11-01T19:52:42+00:00,200
f49ca69e554959cee659b8f2716b7a52824de3b449167f0a8a86760494cec8fc,2025-11-01T19:52:31.003917+00:00,2025-11-01T19:52:42+00:00,200
930ca2a0a7be73695aea9091c5db901614a6ddfb4c4c778911feb5e714c5e28c,2025-11-01T19:52:31.150280+00:00,2025-11-01T19:52:47+00:00,201
a0f2115fddccbf2fb19e6b2fcc3ac3f19fe4b21b60f6cfdbf01706fba22929ea,2025-11-01T19:52:31.267643+00:00,2025-11-01T19:52:42+00:00,200
b06cd651569827cbd1170b0c0bd7d66e4b43a6256e2ed2ffb8afa095ba53086c,2025-11-01T19:52:31.387208+00:00,2025-11-01T19:52:42+00:00,200
1b449a2fc4f8aef1a1837c43a0766ad3a06e1ac16543b9a11c4b3674ec4dd9ab,2025-11-01T19:52:31.508811+00:00,2025-11-01T19:52:42+00:00,200
b1a84ebb635c452657e4ecc21ab9cfd8a1b865a4f102247eb4038c568e685d93,2025-11-01T19:52:31.631492+00:00,2025-11-01T19:52:42+00:00,200
1297c4ba1514b105f39624e16412913ab7c33f1c6a7582b008e013ad1db8006b,2025-11-01T19:52:31.746120+00:00,2025-11-01T19:52:47+00:00,201
f4a136117769c5e4f7d21eafcd5394cb68493b2552c7ead6671da3acda6a3ffd,2025-11-01T19:52:31.871020+00:00,2025-11-01T19:52:42+00:00,200
9a61f00a34320afb3b11bbaea8b97043bdb3dd6998ccfd46df987cad8b81a2a3,2025-11-01T19:52:31.989125+00:00,2025-11-01T19:52:42+00:00,200
45903c83d5453f73aad9f9383ec884e43bab0f56f4e2530e9be4cffc0dfe2c9a,2025-11-01T19:52:32.135923+00:00,2025-11-01T19:52:42+00:00,200
27d407648c8c43dacfef9bccce0825ff75e14a11096a9c12d5c302ed3a7f78cb,2025-11-01T19:52:32.254127+00:00,2025-11-01T19:52:42+00:00,200
219e5e58decfed12beb657744a90478ff7df99697cd8383bfde2becdf7d0108f,2025-11-01T19:52:32.374035+00:00,2025-11-01T19:52:47+00:00,201
4e62492f4899a73f12f29a79ea39c706abfccb1209dabf14fd05219b49d37a65,2025-11-01T19:52:32.500064+00:00,2025-11-01T19:52:42+00:00,200
f5f48a0826a6c2eb8ca0a868dc2cb9e3f6ed5b09859d8c8ea5cb929821a21bc1,2025-11-01T19:52:32.619950+00:00,2025-11-01T19:52:42+00:00,200
dd0f64e61b9c167d216f2e25e6cc4eb7ea299a1d72df1073de9b1ec97852c2c6,2025-11-01T19:52:32.739382+00:00,2025-11-01T19:52:42+00:00,200
8fe838392d03c15eb5e6a8829be793119b1525b4f61a439275df638d39479d6c,2025-11-01T19:52:32.856712+00:00,2025-11-01T19:52:47+00:00,201
8c8f861d3140572c726d6f23eda515d49b62c31c50e9d84ac5de79b3f2b0a6fc,2025-11-01T19:52:32.977433+00:00,2025-11-01T19:52:42+00:00,200
a1337367cc6c3dd167ef9d674bbfbc78fd661df9964fc14c56d6378477540f0e,2025-11-01T19:52:33.096204+00:00,2025-11-01T19:52:42+00:00,200
1dc092197f4d0415ddabd800de3fc1fdbd101ad7070587f32707acb837cd5989,2025-11-01T19:52:33.216506+00:00,2025-11-01T19:52:42+00:00,200
39000569095b6672f2b99ac574217e6ab55424f2582635b9ca44812a0149ce73,2025-11-01T19:52:33.331952+00:00,2025-11-01T19:52:47+00:00,201
d0f84dcf66185005b33ea1d4abb3b1e5f83cb4350049650b169a4dad29707ab5,2025-11-01T19:52:33.457533+00:00,2025-11-01T19:52:42+00:00,200
f4eca993f7ee1644af3270b6c4008339651c99b6e7c2e2628817550c52410ec0,2025-11-01T19:52:33.582434+00:00,2025-11-01T19:52:42+00:00,200
5ec7eae3ce9b36509720f3cfc0006e3050f34ad3c625154d710355bb708ac7d4,2025-11-01T19:52:33.702572+00:00,2025-11-01T19:52:42+00:00,200
6b43897fc5cbc378db851ac6528b3952e2a27d54979b86881a08cf11e715600b,2025-11-01T19:52:33.828846+00:00,2025-11-01T19:52:42+00:00,200
20f5adc945fa39a7222f94de51dcbb341d0f881fceb4a04da618ade5a34d5b62,2025-11-01T19:52:33.946337+00:00,2025-11-01T19:52:47+00:00,201
27850c664dc5e377466ebb6326cef5cd6e184ffb0ce347b73244a6fd42529626,2025-11-01T19:52:34.064196+00:00,2025-11-01T19:52:47+00:00,201
b3ddf84a93952cc0e4b7adf509f4dc60c811bd604fc7ad0cbacb9f27ad0fb5e3,2025-11-01T19:52:34.184218+00:00,2025-11-01T19:52:42+00:00,200
f59bdb8480826bed7a8b30d56324673fe19f2e5987faee2c83b4002cd7032a36,2025-11-01T19:52:34.299608+00:00,2025-11-01T19:52:47+00:00,201
61bf5171c8bf57417bb982c2b1bfe4f18af5dcb07869aac5bfafd96f8f426e54,2025-11-01T19:52:34.416992+00:00,2025-11-01T19:52:47+00:00,201
e62a9f33172452ecac0f59f80f76d80b9da08ec5eff620be2662f17b01f3f19b,2025-11-01T19:52:34.536687+00:00,2025-11-01T19:52:42+00:00,200
2f1a90ec0375a308c3e53eeb775ec5bf3dbb3cdae32f9c4c6c5385e8dff07066,2025-11-01T19:52:34.656452+00:00,2025-11-01T19:52:47+00:00,201
460081c43afe7b8b2ec0c23c670a60f32bd59c654fbe57a429686666285b19a9,2025-11-01T19:52:34.778847+00:00,2025-11-01T19:52:42+00:00,200
3d77b484809a4c9e860c732b2fad9d4665c636c701c18f43c4aa83c08d737647,2025-11-01T19:52:34.894886+00:00,2025-11-01T19:52:47+00:00,201
edbd7dc5050b853494abd87f6be80eba0584b0f3ed83994fbe749e19601a5712,2025-11-01T19:52:35.011036+00:00,2025-11-01T19:52:47+00:00,201
ed646763fbfd4c6d9378ce2e58ebd03b435ce729bced781461cc6b20e1105df4,2025-11-01T19:52:35.132123+00:00,2025-11-01T19:52:42+00:00,200
3aef6d93de6cef3f642e278c22af68ca6d74fced0a562681766961e74c63908f,2025-11-01T19:52:35.252895+00:00,2025-11-01T19:52:42+00:00,200
a052cbd734e282fd79c2961d21725793ea555daeb965a10e28a561d0ed6b0fc8,2025-11-01T19:52:35.369581+00:00,2025-11-01T19:52:42+00:00,200
e612bd16f535ae53b98e28735569ed26afbc8fcde6ef6019ad73b822917d2ee0,2025-11-01T19:52:35.488336+00:00,2025-11-01T19:52:42+00:00,200
309261f45fb67f61198cd7b2a6a613fbfe7d9a5d1ad0db9602d1fa56447e05df,2025-11-01T19:52:35.610604+00:00,2025-11-01T19:52:42+00:00,200
393dde54c5345c1b3744aa6e50717f7ef715241ae3c18ae5fbcbe8cfdd96e20d,2025-11-01T19:52:35.728299+00:00,2025-11-01T19:52:42+00:00,200
768c377ef2c77120ef9e124e05b6d9c4076d4b270345dba45bd10cf6af6b1d55,2025-11-01T19:52:35.849076+00:00,2025-11-01T19:52:42+00:00,200
2722a158ce33d96e8e19827abda2d056d680b548e209e8c7cee1beb3b433661f,2025-11-01T19:52:35.968627+00:00,2025-11-01T19:52:47+00:00,201
8ab7583e72eb3d58ac6bb2ae66a77e7422e86fc9474845c791fa051a904e8413,2025-11-01T19:52:36.085466+00:00,2025-11-01T19:52:47+00:00,201
bc84722117a468fb084c0ee80c46540044fc002009ee861cf6b82525cc0892c7,2025-11-01T19:52:36.204118+00:00,2025-11-01T19:52:42+00:00,200
d610f87baaf540c4d00a9e0592d58ff286a1b963754de548825a06b8a7505438,2025-11-01T19:52:36.319143+00:00,2025-11-01T19:52:47+00:00,201
1664fd786ef847d71f5ac14a17dd83581f81d6fafa0e146e026d5a6690446ac4,2025-11-01T19:52:36.439829+00:00,2025-11-01T19:52:42+00:00,200
7924a52cc2dd9c16a1de0eb0e0ce40dcc56344077a9b6ecaa1f1735887f0af9e,2025-11-01T19:52:36.562724+00:00,2025-11-01T19:52:42+00:00,200
de18bbc5444a1202137a4866fdd2c9d7811773e773e5cd85787e81c68039c80a,2025-11-01T19:52:36.690530+00:00,2025-11-01T19:52:47+00:00,201
0ef8b39a1391cc849961d78e0effaaecf0c8a5bb03495cc347b7c1dbe57117e3,2025-11-01T19:52:36.813994+00:00,2025-11-01T19:52:42+00:00,200
4ca321e6930b86cd8709176e52ae39c778f704d094108fca5548d66949f03fa2,2025-11-01T19:52:36.932955+00:00,2025-11-01T19:52:42+00:00,200
040fee7ae74b57a7e830ff463c6271bbb1f42ec28c621f861a9c300823325f15,2025-11-01T19:52:37.052071+00:00,2025-11-01T19:52:47+00:00,201
29d8cef14c5bad7f0da7065224bc8955259a2d196e190d2daec9c61f85558230,2025-11-01T19:52:37.176616+00:00,2025-11-01T19:52:47+00:00,201
ff58d7ade29956f7b8c8b080050702e2d372b8a8dbf595175b3095800137a28a,2025-11-01T19:52:37.296316+00:00,2025-11-01T19:52:47+00:00,201
36e6a52c46d1bb1cf89dbb48d6ed4124564c2d08af78b1ec1f9ce9fb3f05e846,2025-11-01T19:52:37.424112+00:00,2025-11-01T19:52:47+00:00,201
63ca7efe75477c434212ed86d356fa5c8ccabf3269457836e3585fe2f23d2f42,2025-11-01T19:52:37.553813+00:00,2025-11-01T19:52:47+00:00,201
3a6ae61cb23df5f176ef1d39dd75fcaf6c5ee5e7419cfa4d28f0464dc5a43a7e,2025-11-01T19:52:37.678906+00:00,2025-11-01T19:52:47+00:00,201
c7bde8185df74af17c0ae85dd7add1e91c21ffa90593d2d84fd359b5c7bf6b5c,2025-11-01T19:52:37.803833+00:00,2025-11-01T19:52:47+00:00,201
e14f9c6b41832ddca8862ace600a4f60b24eacf75eb4f45854b7379d5ef58667,2025-11-01T19:52:37.927231+00:00,2025-11-01T19:52:47+00:00,201
a5e3ed8da096b30ae370460ed0dc0a7fa5721fb837c9633cccd926c8690319d2,2025-11-01T19:52:38.059769+00:00,2025-11-01T19:52:47+00:00,201
ce738a344aa1f6b70f5eadba36f69cb0c73130cfd26d34b1bd74d038eb5fc237,2025-11-01T19:52:38.181304+00:00,2025-11-01T19:52:47+00:00,201
ec8f6b877df715b0860b94cdf1aa18d0b30bf11a9bd2afb025c8fd6175a1030d,2025-11-01T19:52:38.298286+00:00,2025-11-01T19:52:47+00:00,201
7c519315898f1769c1e7979d4f81787b56f6e90e5441e54e0a40aa87f34eb50a,2025-11-01T19:52:38.415756+00:00,2025-11-01T19:52:47+00:00,201
ba84c6e3e2eea7dd3c712d3de0a13895eb3e3ad3587dc02496fce7a677410d49,2025-11-01T19:52:38.537432+00:00,2025-11-01T19:52:47+00:00,201
f7072c944433d37e419231329acae15b23f318048664b08d04313c5608c0533c,2025-11-01T19:52:38.663961+00:00,2025-11-01T19:52:47+00:00,201
cd0a1976adb898858f3e7735136818feaa4c26691a7b7cc4fe096fd5ec0e0546,2025-11-01T19:52:38.790176+00:00,2025-11-01T19:52:47+00:00,201
f7776ce5786fd99ef79b6d59c061ff27c7d5670f231d197cc592ee7bf7cb3dac,2025-11-01T19:52:38.913958+00:00,2025-11-01T19:52:47+00:00,201
aa3f5706abbce4d14bce769b8fae50d1fa59efe32901235f76a48bd12f1d0ca1,2025-11-01T19:52:39.041625+00:00,2025-11-01T19:52:47+00:00,201
83119e82a03d58f645dbbec761e891a195ce36c64868a638df53ad8947d98e28,2025-11-01T19:52:39.165839+00:00,2025-11-01T19:52:47+00:00,201
b3e7957e3f89bf8bdea98855a3c92086040bdf14efef26835e23c03acf4f886a,2025-11-01T19:52:39.283070+00:00,2025-11-01T19:52:47+00:00,201
7dbbadba64f636eb5ae2e277eb94f0e43ab2614d041220989349edd315bbf1bc,2025-11-01T19:52:39.404312+00:00,2025-11-01T19:52:47+00:00,201
20bd5f7cbba081b048da3ef044b9b4bce0dde1ea3579542a78e9c8e9260d0c50,2025-11-01T19:52:39.520368+00:00,2025-11-01T19:52:47+00:00,201
f4ddb27058e9646adcbb2a3331e8e8157438a0876356b4368a6e14d3eb7d15c5,2025-11-01T19:52:39.641597+00:00,2025-11-01T19:52:47+00:00,201
a0f73d7e110858c0b8e7cd355295ab545aa3bcdb54af8ef0c3cc18946f61582e,2025-11-01T19:52:39.760184+00:00,2025-11-01T19:52:47+00:00,201
6b6d1045e003b1501e806cdbabef3dd57877f97ff302247f03b81735f1a44c58,2025-11-01T19:52:39.876862+00:00,2025-11-01T19:52:47+00:00,201
6726d91a9008ff16d1dfdb081da131197195e2215dfac581833157e7b26e727a,2025-11-01T19:52:39.998810+00:00,2025-11-01T19:52:47+00:00,201
c4dab8b26c5882868e7ed96716d2114bec88ec25048c24a8fee21a3f92738642,2025-11-01T19:52:40.116636+00:00,2025-11-01T19:52:47+00:00,201
0d16771f83f5acec933854a2e1f8eeded07f12bf50126254d04663784e49e7d3,2025-11-01T19:52:40.234645+00:00,2025-11-01T19:52:47+00:00,201
828168cb7cc4b6e30c18e40e9d7dd2c72dba239967bdf2e77179c8c1e7e2f011,2025-11-01T19:52:40.366121+00:00,2025-11-01T19:52:47+00:00,201
6b159ecce37fd444c4b7f9f6d23bbb330fb5f713549d06faa6a822d45ebc655d,2025-11-01T19:52:40.480743+00:00,2025-11-01T19:52:47+00:00,201
b1f699f9449d0574d0fbd3f50e5775b2e0b28329170a1b6c65e45fa0f2bd9e50,2025-11-01T19:52:40.775250+00:00,2025-11-01T19:52:47+00:00,201
e2441e98f832ab3f1ade4b4c987c348fb26aee95c0451a2bf553d1254b4b0ea6,2025-11-01T19:52:40.916628+00:00,2025-11-01T19:52:47+00:00,201
dd55ca7eb4c9ea412864ce61d6c8e59da847ddbcd52bdf3995b1c73ffefef2cc,2025-11-01T19:52:41.045496+00:00,2025-11-01T19:52:47+00:00,201
a3f7eed9c773637954ae2bba5247bb26bff97f7e108aa56f58adcff365528967,2025-11-01T19:52:41.161927+00:00,2025-11-01T19:52:47+00:00,201
1f63e20d0b7ce88e9e9ff5ca8733260a7697efa6f4d102418e591ba9d791806d,2025-11-01T19:52:41.286303+00:00,2025-11-01T19:52:47+00:00,201
977e87e1192618e9ef0782705d01578c1c14078d4f417215a8de56c2f02aa87d,2025-11-01T19:52:41.403752+00:00,2025-11-01T19:52:47+00:00,201
70504971591f1bce6a6453042e0da22c64e5d59739129a97fa08482e9ec57137,2025-11-01T19:52:41.521231+00:00,2025-11-01T19:52:47+00:00,201
52bb116c118d5c783fea0fa423bc3e21d4282eafe09f7d30542d498c6f717ee8,2025-11-01T19:52:41.646172+00:00,2025-11-01T19:52:47+00:00,201
d38b3584e7fd50607646366eb64cb22f940cbac5ca2bf90216a1d2ba261824e7,2025-11-01T19:52:41.767592+00:00,2025-11-01T19:52:47+00:00,201
4cc474d5b49197cf58dc07d60943f2953bff17c165b8e486f885f063337dc6c9,2025-11-01T19:52:41.890491+00:00,2025-11-01T19:52:47+00:00,201
6ab275d57a6c0232aa5aec99cf9fc76a1e86417a100ca0043485ef5f1879f4b3,2025-11-01T19:52:42.009849+00:00,2025-11-01T19:52:47+00:00,201
8564a02b43419e29b0f268e7bbd46a8c5c44bedafc360256853c41927a3e751e,2025-11-01T19:52:42.134356+00:00,2025-11-01T19:52:47+00:00,201
cb7133ac5e0c6252f0a429eba7c411b0e523426b3a62d64cc1a37cb376919123,2025-11-01T19:52:42.403770+00:00,2025-11-01T19:52:47+00:00,201
9f9d30f0ef28699948195f907cbacfc9043a3103701ac253e67932135b98aa11,2025-11-01T19:52:42.522119+00:00,2025-11-01T19:52:47+00:00,201
bf3b41c9d7cffd3268332253a2af3806e8642817717f6fc938bcdc58de0a7973,2025-11-01T19:52:42.641708+00:00,2025-11-01T19:52:47+00:00,201
ca4b9ad301ec401651af5e2db50d2617690640a5427f2698257829d6979d6bb2,2025-11-01T19:52:42.761481+00:00,2025-11-01T19:52:47+00:00,201
325f5ba3961237a95126ec589aa0a2d7526597d3897187b9eb13bf541f0cd02c,2025-11-01T19:52:42.878045+00:00,2025-11-01T19:52:47+00:00,201
864a2260c1e68f69b1d58ce7b21c6d7d79a43d3a215103ecb3472a2fc4719ad9,2025-11-01T19:52:42.997502+00:00,2025-11-01T19:52:47+00:00,201
ed5aafbe9aa0e90081df960c1de35b696c51fb1995bffe3936022b1292759e1e,2025-11-01T19:52:43.114038+00:00,2025-11-01T19:52:47+00:00,201
1c39bdfc0163a8d8fe4567ce0bd29bef001cd18a6b16b0b90da9a550c2bd0ba4,2025-11-01T19:52:43.233247+00:00,2025-11-01T19:52:47+00:00,201
b14aa8c2a4859b5c43adf329bcdb56fa1db527c26313f522c424d3a3763d7558,2025-11-01T19:52:43.351482+00:00,2025-11-01T19:52:47+00:00,201
f1ccd2be7908d04e13ae07ed95d67a7da290f818c1902e7b870cc43edf4f999a,2025-11-01T19:52:43.473851+00:00,2025-11-01T19:52:47+00:00,201
4bc30f84b1a1a85d44fe21554b33bbf6e2461a6e22d47c8a76055ce348568518,2025-11-01T19:52:43.588178+00:00,2025-11-01T19:52:47+00:00,201
62a2f3699a7785a413b7d67a70d765112027302de8277ca2620870bd234bd034,2025-11-01T19:52:43.709602+00:00,2025-11-01T19:52:47+00:00,201
c6c6e1d878ea546136e72e0cc67d1ab56ab42c098c8604d36a5920a6b84eb774,2025-11-01T19:52:43.826131+00:00,2025-11-01T19:52:47+00:00,201
015dd3c4dc41b24b5c095656054ad9255611e1e23d0c91913c56ecfe78f55d70,2025-11-01T19:52:43.941306+00:00,2025-11-01T19:52:47+00:00,201
a41d1caacb395a24c30c61004e009bac1287ffb70e4b1ca70558522d2750061c,2025-11-01T19:52:44.055632+00:00,2025-11-01T19:52:47+00:00,201
b659e9a9465f9d37547ed862f5974fa4eff45b5ddcaab52021df5e3da21817f7,2025-11-01T19:52:44.177596+00:00,2025-11-01T19:52:47+00:00,201
635aa3fbfc2b01b35d1f610a58791bef7ea46facbc765a8a13f0dcd8417ae1ff,2025-11-01T19:52:44.296776+00:00,2025-11-01T19:52:47+00:00,201
49af1ebb0ce5da9f42330d1fb11334882faafa7041a2cae1e18e6c0de409dc77,2025-11-01T19:52:44.414747+00:00,2025-11-01T19:52:52+00:00,202
2bba57ae1d3c9263403a18a003848adb9d5a94d71338969b53f3098eacf84b0d,2025-11-01T19:52:44.532684+00:00,2025-11-01T19:52:52+00:00,202
81d98a9b9c0ecba8e62278074c5e5b8629764b381f5c20b91c8fa791d5a49884,2025-11-01T19:52:44.650699+00:00,2025-11-01T19:52:52+00:00,202
8b18082f7e75b19e8964e9c9e20d4975bbb5792ab2109ee2cb123083c64cc5b2,2025-11-01T19:52:44.767597+00:00,2025-11-01T19:52:52+00:00,202
29651b694114d5c5c55005cff47799e25521d0138d1eee91a921e6e831c48a79,2025-11-01T19:52:44.885095+00:00,2025-11-01T19:52:52+00:00,202
d3992da35ad5abeeba5b769112395eaf06697081aeffab5d7f4e466e3db212b3,2025-11-01T19:52:45.000231+00:00,2025-11-01T19:52:52+00:00,202
ae82f7a0ecde1c8aaa029bcaa3cfb87381435499987b2b86f461da8ae3cb255b,2025-11-01T19:52:45.119867+00:00,2025-11-01T19:52:52+00:00,202
5836c039ff8482f7384d8c573bea182d036296c3d6792bffda6318220b9b22c1,2025-11-01T19:52:45.237033+00:00,2025-11-01T19:52:52+00:00,202
576218b1c1145cf20223055f0415994719a808c2ccee6b2c3ef9b23fff81e388,2025-11-01T19:52:45.355691+00:00,2025-11-01T19:52:52+00:00,202
9d9efce922fef8ab724240d1be9366d59011c09998841722cb09a11b361c590e,2025-11-01T19:52:45.598186+00:00,2025-11-01T19:52:52+00:00,202
5f32e238bc8c4c67018b31bba9e94bc1ace85a88389cf2c69e87951220c7c025,2025-11-01T19:52:45.721201+00:00,2025-11-01T19:52:52+00:00,202
31bafe288cbd7c6ce4b4e1e145ccc206821005bbdbcb185c942b8a2361d8e21c,2025-11-01T19:52:45.838873+00:00,2025-11-01T19:52:52+00:00,202
2f039966bc22263bb69ddb13f22ab72787c5d6d05ed400f9f5430fd77cbf1e41,2025-11-01T19:52:45.956847+00:00,2025-11-01T19:52:52+00:00,202
890127b2072001dd7b57292432f7355b0c9c4e258f84a9b28977c1c244d0ff9f,2025-11-01T19:52:46.078450+00:00,2025-11-01T19:52:52+00:00,202
011574431c69161f07ca66c33cbca46b92b6ec3742906ad8339ea258c31ef9d4,2025-11-01T19:52:46.201305+00:00,2025-11-01T19:52:52+00:00,202
48cecb0a39866d71df751ae68a31f8a16818d2e2e67986b9e180b39f3def0d74,2025-11-01T19:52:46.319847+00:00,2025-11-01T19:52:52+00:00,202
7348c62d05facd68b26331228ccade6159113547ef97b345c795cc10c3f5ce5e,2025-11-01T19:52:46.436280+00:00,2025-11-01T19:52:52+00:00,202
29ab1c4de3d3b7c806feba6b57215bef888c42a5c822eb59a9feb5d9017f495b,2025-11-01T19:52:46.551359+00:00,2025-11-01T19:52:52+00:00,202
f4eb970609b133ddeb46d1987207a6a0f153cca66a5d477f2e524ee3436a78c6,2025-11-01T19:52:46.668518+00:00,2025-11-01T19:52:52+00:00,202
0db7a499488e268df7918f1f494aff849d08770293cf37218c2028eeb690bee3,2025-11-01T19:52:46.790418+00:00,2025-11-01T19:52:52+00:00,202
06a65f37be7689b0e654653e4aca30ff29fae02bdebc7ad8f6044f3d93feb552,2025-11-01T19:52:46.908690+00:00,2025-11-01T19:52:52+00:00,202
b4f6abc7ff08673b5a17a77d01a0fe7b1e650557a29b914d1a2db57e84b5121d,2025-11-01T19:52:47.025714+00:00,2025-11-01T19:52:52+00:00,202
dfaf45fd914a57a635841421a3c4cd5e216bb290c8e8f05794fc8f39db590b03,2025-11-01T19:52:47.143108+00:00,2025-11-01T19:52:52+00:00,202
1dc9e595fc8b2a6cefefd3e19ffc39dd677f3159bfab826f89ea6589ceb1957e,2025-11-01T19:52:47.597296+00:00,2025-11-01T19:52:52+00:00,202
e9d968765bd6b81ea1b892da8d2d0a20cf1b9e6b46d19a340a2d9911e6825ac4,2025-11-01T19:52:47.720576+00:00,2025-11-01T19:52:52+00:00,202
9926e9eeee3e636c829baf992137b38e8bedd0e144454a5ffd1838c0161aca8d,2025-11-01T19:52:47.847552+00:00,2025-11-01T19:52:52+00:00,202
a8d93e9467652cfdc8246619e6e346553feaebc5927032cbbb5d8647a8c3acaf,2025-11-01T19:52:47.993789+00:00,2025-11-01T19:52:52+00:00,202
52b81aeb08782b4e20d1dc60c383f7777aa97a56e9de417e24761ef43e310aff,2025-11-01T19:52:48.132836+00:00,2025-11-01T19:52:52+00:00,202
11d96d6e6dc980399ec068a776c26198e2b9cfda80ed28b3b0d8fc9554a056ae,2025-11-01T19:52:48.265403+00:00,2025-11-01T19:52:52+00:00,202
3bfcd422370ac4e47cfac50052c5384318d05bc57d6e6e19762d82ca3fcd08c9,2025-11-01T19:52:48.445039+00:00,2025-11-01T19:52:52+00:00,202
7e015834ac5b4ddc63d8b411f6ba83c832e6981a891e2b9cdccbb42ab0b051b8,2025-11-01T19:52:48.740445+00:00,2025-11-01T19:52:52+00:00,202
22da503d68d4588c1b6542bb6aafc8a6e617068fef2dce7e04f273155d708acd,2025-11-01T19:52:48.858872+00:00,2025-11-01T19:52:52+00:00,202
7699f5f424658ece49db919c78c79aed01fb7afbef14fe35aef881093bcdff47,2025-11-01T19:52:48.980317+00:00,2025-11-01T19:52:52+00:00,202
0bcc991e8d2a94e6decbe9d8d98260f9e7db5b0200ffe4069dc853ccfb2eac3c,2025-11-01T19:52:49.100193+00:00,2025-11-01T19:52:52+00:00,202
7705160486f162b702f1b6517197f27af9e0e2d42f14bbd90ac414c955135202,2025-11-01T19:52:49.222497+00:00,2025-11-01T19:52:52+00:00,202
f00a0363f4b15a2a6aae185464cfc9ec5e9419862f369d0e4319109ed6a20bcb,2025-11-01T19:52:49.339273+00:00,2025-11-01T19:52:52+00:00,202
c22ee1080b86436902c88f4b5e71d9e81b2da1468bfe8a81ce5577f17aba13c1,2025-11-01T19:52:49.467319+00:00,2025-11-01T19:52:52+00:00,202
c47cf38380ebf1862895db209e6f6aabeae68191e37f67826ac3e6dc68cd56ec,2025-11-01T19:52:49.587747+00:00,2025-11-01T19:52:52+00:00,202
3cef982ea9d0e96d6b2bee6d4c69e44de138e745e404081f096f177617743e3d,2025-11-01T19:52:49.711175+00:00,2025-11-01T19:52:52+00:00,202
c74a3c0942e6dff3c800d0589d71f9bd56533a64f9d04b5e9838ef5bff3030d3,2025-11-01T19:52:49.854291+00:00,2025-11-01T19:52:52+00:00,202
14e88e985ef0e94edc52487868b45cc3ac69e0f98c10973107c2689fa1a446ef,2025-11-01T19:52:49.975136+00:00,2025-11-01T19:53:02+00:00,204
657b98500ae0f5ac3b556095408c6a385cd6cb9c79b0c9c984ad88a72b5d1290,2025-11-01T19:52:50.096402+00:00,2025-11-01T19:53:02+00:00,204
d3c08818fe33df261867c2f56e7658a4714e0e6cc73cc4f025f9041eff438599,2025-11-01T19:52:50.219498+00:00,2025-11-01T19:53:02+00:00,204
f45bf0db826e4583f7c15ee8c58f24cecb59e1ff3480574c60b716f030d1ec3e,2025-11-01T19:52:50.337833+00:00,2025-11-01T19:53:02+00:00,204
b936f78e5e1e5f08cd6427c9e2420703ef1cb425e65e1479088fafbfb1db8cce,2025-11-01T19:52:50.456068+00:00,2025-11-01T19:53:02+00:00,204
de1770b3bf0e002e8ff85f1a2b69d9550fb1d9ac3c6f5f512d393973fff0eb41,2025-11-01T19:52:50.617290+00:00,2025-11-01T19:53:02+00:00,204
fe88111c96d2a6ff61807641579edeff895a848e39dd8f8701bf9adfa34d99c7,2025-11-01T19:52:50.738008+00:00,2025-11-01T19:53:02+00:00,204
9af059d2ef876433796aa55f03069a059d6a415ca4037653674ad2192f6e01d6,2025-11-01T19:52:50.857087+00:00,2025-11-01T19:53:02+00:00,204
32f3603e472238eb348a14bf745eb2b8bbf78bd4a183149dbf43ebb518376a45,2025-11-01T19:52:50.977934+00:00,2025-11-01T19:53:02+00:00,204
b6219b487283c99e07cf6231f9836f760394da8bf1aed2221a2b26b250db338f,2025-11-01T19:52:51.099493+00:00,2025-11-01T19:53:02+00:00,204
1178b0c11404bb91b69a551f425ab3efd897114a791a62510147168469f7d891,2025-11-01T19:52:51.221001+00:00,2025-11-01T19:53:02+00:00,204
57a911e66cff34d842a40c27f53c419feefb7270900695b5aa32eba58703c21c,2025-11-01T19:52:51.381868+00:00,2025-11-01T19:53:02+00:00,204
26be887e2602940c34b7984aa211aef272cde3ed1fda33e16486d2d875978b90,2025-11-01T19:52:51.506904+00:00,2025-11-01T19:53:02+00:00,204
0da048c5f76810c04bbacc16133b77140540a4d0562518db43fcd2aef0de5a82,2025-11-01T19:52:51.628500+00:00,2025-11-01T19:53:02+00:00,204
1e99dd271c3867c148fb222234e093f4090765706916016c30ec970811a1f1e5,2025-11-01T19:52:51.747401+00:00,2025-11-01T19:53:02+00:00,204
d00505e59a4aa3fbd4833a200f9c493ce4540972948996b0053e40bb46f5f7b5,2025-11-01T19:52:51.867266+00:00,2025-11-01T19:53:02+00:00,204
de89107eb6e4c9629be361551263c0d7eaee34bea798dedad564a5a0dc594ea9,2025-11-01T19:52:51.986309+00:00,2025-11-01T19:53:02+00:00,204
0a64605d8717c91874e4e393c3705cb04205e76977609cafff8080d8a8d8f2a5,2025-11-01T19:52:52.107146+00:00,2025-11-01T19:53:02+00:00,204
b16d37afb52a8b82f5718428b346e6c26a8417e69c70df2e6798d9e559bc897e,2025-11-01T19:52:52.228425+00:00,2025-11-01T19:53:02+00:00,204
2b2c474268794fcb84bca06e7ebb001b1969d5d481d3d5c7615557ac27dae112,2025-11-01T19:52:52.486705+00:00,2025-11-01T19:53:02+00:00,204
e71bf34069d604ad162b95dec6477a943278e760f885dc62dde4c2a61409f49a,2025-11-01T19:52:52.609443+00:00,2025-11-01T19:53:02+00:00,204
bbe45b15c9179537eb273b535b403af9d9ac729765ada9ed4a39bdc85f050b40,2025-11-01T19:52:52.850893+00:00,2025-11-01T19:53:02+00:00,204
1d9de984cc0a0121938372a4d8ca138be668f975bb98fb94809a625c65711e6f,2025-11-01T19:52:52.974428+00:00,2025-11-01T19:53:02+00:00,204
7ea03c90590579608ecc7ffc684f8b32bb6346bf479c98104caefaa673f20844,2025-11-01T19:52:53.095913+00:00,2025-11-01T19:53:02+00:00,204
b4d78ce2de5fe4fac0813c17f151f8123405870b486f8e857b1c9a937272c210,2025-11-01T19:52:53.214604+00:00,2025-11-01T19:53:02+00:00,204
c5edb56770095149edc0d3abcaab1b042044bec2432ce04c16519f516a0a7259,2025-11-01T19:52:53.335833+00:00,2025-11-01T19:53:02+00:00,204
b055d69cfaab5dd1940b086dd7da6acc21ac042d40f8abaf675d127150d6c47b,2025-11-01T19:52:53.460610+00:00,2025-11-01T19:53:02+00:00,204
f0425350d90f91b41c624c70f361557139a51a56a70b0a602ac80eb606003d50,2025-11-01T19:52:53.580888+00:00,2025-11-01T19:53:02+00:00,204
1ec6820b12963a77f179706a616d51e8aa4cf6adb5bd56f4b77a1ca644d8c076,2025-11-01T19:52:53.704735+00:00,2025-11-01T19:53:02+00:00,204
5fbb3ffe21b1e00470d09f1b210be60438c284416bd4a1d062f9f2db88129523,2025-11-01T19:52:53.831482+00:00,2025-11-01T19:53:02+00:00,204
f80f0200b27ceafbc162f87b88e1486f0b4a95dca5a16146d17d71e7d5bb4ecc,2025-11-01T19:52:53.955761+00:00,2025-11-01T19:53:02+00:00,204
192730b434dd5245608c52b8dd35870f4d897f41001a60753eaf559cae5c45b2,2025-11-01T19:52:54.083220+00:00,2025-11-01T19:53:02+00:00,204
ebfb76b0798eebdf38442a95a0648a3b0b9e887f6da8548873f2a22729e69762,2025-11-01T19:52:54.215352+00:00,2025-11-01T19:53:02+00:00,204
dfd7a8a6bf25133c868f49b2ce320ce6889f2f40c93cebf76cfbd52abd8247a2,2025-11-01T19:52:54.367413+00:00,2025-11-01T19:53:02+00:00,204
4fe490983e9762f93bfe85a16b3fa1eed7f3de46fa08e505e8c90b6b4c82eec7,2025-11-01T19:52:54.503876+00:00,2025-11-01T19:53:02+00:00,204
aec3c9596e339164791a2e93a7e279b24ceff5ff886d826977849f3edf455d64,2025-11-01T19:52:54.629113+00:00,2025-11-01T19:53:02+00:00,204
24a2aac3e95733b73e72443e085efa614e8873c393cda990df76bb5e1dd0a69c,2025-11-01T19:52:54.760284+00:00,2025-11-01T19:53:02+00:00,204
bf38f1156bc9523fe7dd27798b0134933ed373523b3d161468ffd770d35f3d0c,2025-11-01T19:52:54.882411+00:00,2025-11-01T19:53:02+00:00,204
172edca7d58bd163afc2a80814addd0beeed8477dbca3367c2f6ff86e5fd33bf,2025-11-01T19:52:55.001237+00:00,2025-11-01T19:53:02+00:00,204
a1be9c891163d9089539a0368a4188c189be79bbb34aa83d21051604cf56edb4,2025-11-01T19:52:55.126431+00:00,2025-11-01T19:53:02+00:00,204
3e185d95d8c4635327beef2c5ef9eab9f04e7667489d63b03917b2150786a98f,2025-11-01T19:52:55.255506+00:00,2025-11-01T19:53:02+00:00,204
d5b9355e49c427ca1a769cc048f9acb6c3349c67a340bc0802772ec23896b33d,2025-11-01T19:52:55.401487+00:00,2025-11-01T19:53:02+00:00,204
17102151f5b3aba901515ff45d713573ecb4da4cecaaa08b911786cb72a1098f,2025-11-01T19:52:55.579984+00:00,2025-11-01T19:53:02+00:00,204
ade0bc1d8ae4578b1efd40e648cadab416bb6d358ed066f1934736ba06027ba9,2025-11-01T19:52:55.711390+00:00,2025-11-01T19:53:02+00:00,204
6649e7792aab215a8e094dd7b46625276de15e8cd6adb623c7dd3f0e9179b61f,2025-11-01T19:52:55.833440+00:00,2025-11-01T19:53:02+00:00,204
a76714f0a6cf76df024e9947abcbf35b9791380774a31a2025ec1f5b98c3602c,2025-11-01T19:52:55.965862+00:00,2025-11-01T19:53:02+00:00,204
db183b5cbb060faca5b0252dd21f3e623c2a72a8ce6c0c2597ef5419e4e6581c,2025-11-01T19:52:56.088027+00:00,2025-11-01T19:53:02+00:00,204
3f52b622bf1cc03146d1b94a8af8a14c959e452a88cee84d5dd079b1bc2870f0,2025-11-01T19:52:56.209459+00:00,2025-11-01T19:53:02+00:00,204
a2cd0c4d3a453835f97ede803121a42e13ba2ffd0fc97d6d5e42726d6a404ce3,2025-11-01T19:52:56.330476+00:00,2025-11-01T19:53:02+00:00,204
86498c5f2c9d3f5f332e9ecc0842be338e92a1192f29abcdf3bed5793ef314e4,2025-11-01T19:52:56.450390+00:00,2025-11-01T19:53:02+00:00,204
c85a214a718d41496c6e526ef224b08d7872951dc9d9b82e18c42628f848f861,2025-11-01T19:52:56.581551+00:00,2025-11-01T19:53:02+00:00,204
db501d3e8d3aa62d35bd6e2637104179e7e5d1c7604d81a3929247edb7776814,2025-11-01T19:52:56.718571+00:00,2025-11-01T19:53:02+00:00,204
cddf7b9b20d1d1b56005cf2127792a21c8aeaac4b68b4a797fc9361245c3b3af,2025-11-01T19:52:56.845833+00:00,2025-11-01T19:53:02+00:00,204
3211aeace3a4c3c9b2ddff104b1b44c675d7479f9c3a8d8ded03c9704226d917,2025-11-01T19:52:56.969235+00:00,2025-11-01T19:53:02+00:00,204
2f4e9d7cfe7fb3b6accbcc44e4c0b8d693658a67e2521d51703329254cb49d65,2025-11-01T19:52:57.090232+00:00,2025-11-01T19:53:02+00:00,204
9a1eaa007e2ba9406f7afc653770d9b772ef973ae0922464241dd20d22de7916,2025-11-01T19:52:57.213082+00:00,2025-11-01T19:53:02+00:00,204
bbe71a02186cd131d44a4f6d49be18053c2ae4e0dfc18a079edba40abdbc9016,2025-11-01T19:52:57.332430+00:00,2025-11-01T19:53:02+00:00,204
b7caa2d97f665a61b80f9e00d72e27493ef95084dd7424bad6bb0bc325c3ec64,2025-11-01T19:52:57.480108+00:00,2025-11-01T19:53:02+00:00,204
b0586cede50af352f5b691f28ea1382e95c4cfd7f65384b1531c592bb70cf2ee,2025-11-01T19:52:57.688822+00:00,2025-11-01T19:53:02+00:00,204
02ccf7a5beb70e2dd98c551b67a7d528a728fbca85053fba49b6054ae0fc51e5,2025-11-01T19:52:57.811511+00:00,2025-11-01T19:53:02+00:00,204
e809a9f3a149f547c02bdfcdca42da5ffcd952c3aa2482c9b01a4ba9f151a135,2025-11-01T19:52:57.936014+00:00,2025-11-01T19:53:02+00:00,204
727d74d56a533e1b72a16e9c93dfc727e04bd161cc2cb3a3e3cc124e83b1114a,2025-11-01T19:52:58.109928+00:00,2025-11-01T19:53:02+00:00,204
b6123728f1d98f795a8305550f77159fa9d947280cf649bc0f7a79438022e1f5,2025-11-01T19:52:58.296037+00:00,2025-11-01T19:53:02+00:00,204
68effd26a74f5d83049ae7e1ef9f89eb0c8f3436c27faa272b77caa6eec79165,2025-11-01T19:52:58.543281+00:00,2025-11-01T19:53:02+00:00,204
f89d68002fee65d6fadf2c04fced7b42c73a707ddf92d01ed6c1e3d556bf1149,2025-11-01T19:52:58.671348+00:00,2025-11-01T19:53:02+00:00,204
bcb2fb2fea94ed37b68380f7cc725028ed2ba849cc64788c60152b7dc8dbf305,2025-11-01T19:52:58.804665+00:00,2025-11-01T19:53:02+00:00,204
4546461fe1d8aec2ede2f49a16411705a09fe37405f76c86a7587ba1da271c05,2025-11-01T19:52:58.938405+00:00,2025-11-01T19:53:02+00:00,204
fb5f6e4dfadab42e00c01a26a1cfdf650286983642fbbb92b12519d2fe0ddfef,2025-11-01T19:52:59.085332+00:00,2025-11-01T19:53:02+00:00,204
3505d0f94201a3151efd24e48a7b59f1ffe52d40bfe3047b51b9e1542cb15278,2025-11-01T19:52:59.207105+00:00,2025-11-01T19:53:02+00:00,204
76fd37b1a006e773e79a14715e70068e0969468172399d324653729e9e73d339,2025-11-01T19:52:59.327281+00:00,2025-11-01T19:53:02+00:00,204
12a66cca73097671ce6fe3b47ddf494b191a8a1e376527ed23143cbd1fcbe5f3,2025-11-01T19:52:59.452564+00:00,2025-11-01T19:53:02+00:00,204
b8d72493b119b428e7eefcebd366c6bf41a81cd4a3cd9b1e2892b00464eae5f9,2025-11-01T19:52:59.577511+00:00,2025-11-01T19:53:02+00:00,204
5121e8be495e709eeeab8a95a74e4361532a28faaee325ab72f12e0f086118a0,2025-11-01T19:52:59.699796+00:00,2025-11-01T19:53:07+00:00,205
6833b7a53cf8f5ed27561fbb07a1064b287109331a61f620e89334525304d121,2025-11-01T19:52:59.840277+00:00,2025-11-01T19:53:07+00:00,205
9f83720122d2cd228b81ab944f39ec79a1fc00205fd6a0bc27c7d7ec5f1ecea1,2025-11-01T19:52:59.967664+00:00,2025-11-01T19:53:07+00:00,205
e375232ecc11766c7abf68d6349b66f2ecc4e273dfa5fc25ccedbf81e7860095,2025-11-01T19:53:00.094233+00:00,2025-11-01T19:53:07+00:00,205
9a73477e2c7d1b34dba6d718e5dec205d967131ef0cb55cf66cf6a3fa1a8733c,2025-11-01T19:53:00.220609+00:00,2025-11-01T19:53:07+00:00,205
74ffd3724ef71b014616d3da21df30a6d8add66b642e8f3a589b170cc820e9e8,2025-11-01T19:53:00.351128+00:00,2025-11-01T19:53:07+00:00,205
8f4b223b8846f7b4dfb364c30f71c73011c370d5e1cd9164c73697189ca21d19,2025-11-01T19:53:00.474214+00:00,2025-11-01T19:53:07+00:00,205
fe92cd93e68a3cff42c83d91f746f08360b63dd06d4360bf8b9357e85384f05d,2025-11-01T19:53:01.073436+00:00,2025-11-01T19:53:07+00:00,205
8f061a1cf4d0e51b2fb412604c316fee74655d45fe6fdd41ba001862fc7c10f2,2025-11-01T19:53:01.198082+00:00,2025-11-01T19:53:07+00:00,205
e720db130a4fa02569daaa3c39aba46c3c9e84db404b4a32397f1f83216e1433,2025-11-01T19:53:01.321144+00:00,2025-11-01T19:53:07+00:00,205
636088d5b51eeaded6559582df26676831660d1e758e7c3744c5b72d14ec30af,2025-11-01T19:53:01.446298+00:00,2025-11-01T19:53:07+00:00,205
d44102376bbd93e51d3ffd06ae8fbdd55579b1435e3e1dd6ec623e60c5df4fcb,2025-11-01T19:53:01.572855+00:00,2025-11-01T19:53:07+00:00,205
c896a1236d016f6ab575c0f9fc56dcf282b38ee851bc4b438a5e7d6714ff87db,2025-11-01T19:53:01.701532+00:00,2025-11-01T19:53:07+00:00,205
2d17422633aba0ebedf7685a0fd1cf91ebd4d85de645aa99ea604520411c201f,2025-11-01T19:53:01.825013+00:00,2025-11-01T19:53:07+00:00,205
c39bdc217ad0298fdc3168a538c5bdd0e53ff025ce90f60faf66607871aa8a3d,2025-11-01T19:53:01.949409+00:00,2025-11-01T19:53:07+00:00,205
34f89e099420bce7ef369c2e8923abd8be8527f3c962b212c70b68b417fa89cc,2025-11-01T19:53:02.081856+00:00,2025-11-01T19:53:07+00:00,205
1a94ccad2c8eb2a75f9d875bdc9c780146cb845d15d16974696a23813a776f27,2025-11-01T19:53:02.208016+00:00,2025-11-01T19:53:07+00:00,205
0ca124cf5397da0135dbba3bb6d53ece03fde16b97b01615d4c25ace3b0e30ff,2025-11-01T19:53:02.337360+00:00,2025-11-01T19:53:07+00:00,205
d74db98e0a5ac71648df939102820497dab8d4edc77da06292c8b00b51950680,2025-11-01T19:53:02.471359+00:00,2025-11-01T19:53:07+00:00,205
198cff0d81571b21e271ba4315354d618bef944de5f4194d085e52f14fad666a,2025-11-01T19:53:03.050203+00:00,2025-11-01T19:53:07+00:00,205
974097ef46a00967b947e8d2e44659830446c7c0c2b19fd72d56ea328c920859,2025-11-01T19:53:03.195173+00:00,2025-11-01T19:53:07+00:00,205
bdbcf2e94881625ba503e6aef86b69ab326f84ee12bf3506a6694466f7c2111d,2025-11-01T19:53:03.323220+00:00,2025-11-01T19:53:07+00:00,205
c5de047a65a5b731339bd8697bda4c7c6eed35f85477bc93b73d111c18b88c88,2025-11-01T19:53:03.451614+00:00,2025-11-01T19:53:07+00:00,205
4900fb202331db2bb07ee3fd7e4bfde141a571b5f33f025b04637aaa2bcda785,2025-11-01T19:53:03.570516+00:00,2025-11-01T19:53:07+00:00,205
fe22a891ef6df53dce26ca695cdf09a1cb0ded559d5e803b06e9a53afc0675b6,2025-11-01T19:53:03.695114+00:00,2025-11-01T19:53:07+00:00,205
72910ff9b828f870412364e666123df3e25919e1630a9a3747cd20c22dd3eedb,2025-11-01T19:53:03.821294+00:00,2025-11-01T19:53:07+00:00,205
1289bcd530b503e1b29cf3618aefb2179730e0812eb0d626bda4a301bb131704,2025-11-01T19:53:03.957852+00:00,2025-11-01T19:53:07+00:00,205
0548e4b3816cf0376498ad1948a839fa7f8698fde6933d87d50fc9433560a67f,2025-11-01T19:53:04.087837+00:00,2025-11-01T19:53:07+00:00,205
d6f3018c0caf2c2c3b963ff07ca82db0d8960abfcf4a939560f2d64808bde0fc,2025-11-01T19:53:04.214146+00:00,2025-11-01T19:53:07+00:00,205
e3c413b0412813c4b04db70ead2097a2ad0a5376fae932003de66309d984c069,2025-11-01T19:53:04.343701+00:00,2025-11-01T19:53:07+00:00,205
cc512318a1b0b8ee3056d770d19bbc9df70806271f40b3483be93e8244ed9eea,2025-11-01T19:53:04.467488+00:00,2025-11-01T19:53:07+00:00,205
51cacc0523ab8144e6c419238706078bf59a2199baee24485367ab9d6c0132e6,2025-11-01T19:53:04.591833+00:00,2025-11-01T19:53:07+00:00,205
11f4114fd51777b329ad9d2709c42d5849831912cba12667f87682c9e3c5dd85,2025-11-01T19:53:04.714124+00:00,2025-11-01T19:53:07+00:00,205
76d0fffb1bd9c7b1592ab4e0d0cc40a5ea953ceeff5bf424666a0356bdf33f87,2025-11-01T19:53:04.835086+00:00,2025-11-01T19:53:07+00:00,205
f8b113fb67f0c725f60df4f990228ac1ce48ef3fbc29d458f74eeb123901c94b,2025-11-01T19:53:04.960599+00:00,2025-11-01T19:53:07+00:00,205
a3ee6b26b18e07b2effa536835aa58853adf23dbd39a8d98039a04f374a9a8fb,2025-11-01T19:53:05.090430+00:00,2025-11-01T19:53:12+00:00,206
a4c1c3e33c651cbdd570500583464ec640b8eaa1829fd75ae195818b245cb19b,2025-11-01T19:53:05.214123+00:00,2025-11-01T19:53:12+00:00,206
c49162200b9844769dd942853e1db4b17c4595fdae3b482bc900dd67bedd0692,2025-11-01T19:53:05.341823+00:00,2025-11-01T19:53:12+00:00,206
7d245d624c2f867bee770acf4d6bac9fcd643573c3818114b8dda59dd25547c2,2025-11-01T19:53:05.467748+00:00,2025-11-01T19:53:12+00:00,206
be6ecf12b19c18893790240eb85b5a65e6fc4ec3031d3b5c0f52905702ee47b0,2025-11-01T19:53:05.612861+00:00,2025-11-01T19:53:12+00:00,206
d708b0f6843ade24e40fd0fec311910e689660f75dd08bccf8f5a9376115acca,2025-11-01T19:53:05.736859+00:00,2025-11-01T19:53:12+00:00,206
6fe9fe5208e3a496bbcc381f8d723b13b4b6088b4bdb5f767ece2b21c129df3f,2025-11-01T19:53:05.855327+00:00,2025-11-01T19:53:12+00:00,206
f7351a60fc6584debd1901f64746f412d62e8cd4272c2cb6444b0a8a9711d861,2025-11-01T19:53:05.991409+00:00,2025-11-01T19:53:12+00:00,206
0e1b8ee7d816560880d61634bbace96502b643690b88ff8f1c90bc8fd1e4c76a,2025-11-01T19:53:06.113085+00:00,2025-11-01T19:53:12+00:00,206
773603b04a15d564b58285eb91f09c9ee99e1f3c58418005166181faecbfd777,2025-11-01T19:53:06.234015+00:00,2025-11-01T19:53:12+00:00,206
c8e3d6d9c7feb9a691f39fa5e1f4cc29ce49fe050d668d47dcf69f53adc51701,2025-11-01T19:53:06.362905+00:00,2025-11-01T19:53:12+00:00,206
3b5a0f03e8d6961a9a1d92414bfa269cb626c2e59209e4106ea3badd520cdba7,2025-11-01T19:53:06.481364+00:00,2025-11-01T19:53:12+00:00,206
a75a40dcc47bccb9f393d22c0c24adaecbf99d302a0bd0802a3d8274e6f8ffe4,2025-11-01T19:53:06.609097+00:00,2025-11-01T19:53:12+00:00,206
50e2a66b4a611f40be8c920d4967728db2b1949061cab4ced9b697d0a66bb69b,2025-11-01T19:53:06.739274+00:00,2025-11-01T19:53:12+00:00,206
10ce10379c010e7752ef230a5a8ffe91c515edd0b58203559504550a28bd8300,2025-11-01T19:53:07.032246+00:00,2025-11-01T19:53:12+00:00,206
7293caddcf87e46f1c1dfc33a18a4623b404f29440342d2409af0bfa3ff7c0bc,2025-11-01T19:53:07.261348+00:00,2025-11-01T19:53:12+00:00,206
28d10bd5015dfa06b481d9b4626c686fd48eab33def7604356f0924027817ab6,2025-11-01T19:53:07.414535+00:00,2025-11-01T19:53:12+00:00,206
1eccde288bdd76b0c1405488069cf1e0115f2a9b4dd32c993da7deef2e9dfbc2,2025-11-01T19:53:07.569826+00:00,2025-11-01T19:53:12+00:00,206
13caac5672c95c85476e53dfd7bf29650cad0d428c60900562c5efd3ca960346,2025-11-01T19:53:08.450849+00:00,2025-11-01T19:53:18+00:00,207
8375464c52dcfb975877818809d8080df3745038685951d87f8d9fd6059021e9,2025-11-01T19:53:08.653988+00:00,2025-11-01T19:53:18+00:00,207
740123f202e74f9d3fae400fb0a87dd44825aed735e7aca5d5399ae676c49c50,2025-11-01T19:53:08.785390+00:00,2025-11-01T19:53:18+00:00,207
887da2c2b10e51e2799f4552ab6363d243fe7bfe795d89ab82937d5343d804c0,2025-11-01T19:53:08.925180+00:00,2025-11-01T19:53:18+00:00,207
ff7780c78329b5c72d1574277552b605247e301d09a83fa452d8e004d3d60d00,2025-11-01T19:53:09.057359+00:00,2025-11-01T19:53:18+00:00,207
20c7dc43e18d418b142f02c361b51fd8b15ec2816eb615130e81bd68ead560bc,2025-11-01T19:53:09.183340+00:00,2025-11-01T19:53:18+00:00,207
c691c84f4b02968f9bfdf22dea36e204f5bc35c7f3563dafebb5106ab9460b59,2025-11-01T19:53:09.324822+00:00,2025-11-01T19:53:18+00:00,207
25ef20c77d9259010f529c709cb59197b9b15e5e727186b7136faa72682351b6,2025-11-01T19:53:09.459362+00:00,2025-11-01T19:53:18+00:00,207
ebca8e65d7cdf85b42ea02760be402b329bb052e1cb463ef639e836dad4ef53a,2025-11-01T19:53:09.588501+00:00,2025-11-01T19:53:18+00:00,207
383a179cb05b16377d88a9076b73aab7e945cb89a6b932a5fea285cce08f56ad,2025-11-01T19:53:09.763923+00:00,2025-11-01T19:53:18+00:00,207
15ef106cebedb9abff48c0959e89bdacbbd220acce99690074337c8c9ead7aac,2025-11-01T19:53:09.895842+00:00,2025-11-01T19:53:18+00:00,207
5ddba0c9a38ef265756a65c300665e4a95366ae82245d9f499d3114e4da9fc8b,2025-11-01T19:53:10.057431+00:00,2025-11-01T19:53:18+00:00,207
329234dd5d6554674c18c686c9947976728c47acecd8b98e713a8ea868e512cc,2025-11-01T19:53:10.203727+00:00,2025-11-01T19:53:18+00:00,207
0c8030a9e931ff6d81df7ee1b0fc3617ea4cd803bd971e181c8365eeeca7a831,2025-11-01T19:53:10.403599+00:00,2025-11-01T19:53:18+00:00,207
df77387dfe37b0b79296822078fb4e9f2bc8647becf2482fb5944d4e2173a0a1,2025-11-01T19:53:10.537211+00:00,2025-11-01T19:53:18+00:00,207
7967d47356b93733246c272c54206e8d4d787b7dcc5371f874d26296535047c5,2025-11-01T19:53:10.687560+00:00,2025-11-01T19:53:18+00:00,207
50702ec61ef8d24ed4baf5f6e65ea355456cb302b046cab6e38404a6a2c0c862,2025-11-01T19:53:10.839341+00:00,2025-11-01T19:53:18+00:00,207
f4011621570de73f1fdef048658729b2ede73a92a27d7d960da4ad13fb981418,2025-11-01T19:53:11.022618+00:00,2025-11-01T19:53:18+00:00,207
5735e733adbdde8846cb79655620d496118d8a25eb9ab48342b0b7af3b0625d3,2025-11-01T19:53:11.245380+00:00,2025-11-01T19:53:18+00:00,207
43c1eae462d6bae49a8b9ed782781e5b8db2b649225d7fbc8a296d5c2c4156cc,2025-11-01T19:53:11.377920+00:00,2025-11-01T19:53:18+00:00,207
0509f3bf33e3878ccbb67401464b8e48530995341b78d2626e5b7eaf8aa5c654,2025-11-01T19:53:11.512100+00:00,2025-11-01T19:53:18+00:00,207
e271a147ea9cd2fed6643635b2547d3578e925e91033f06a9962f01e6f244a4d,2025-11-01T19:53:11.688588+00:00,2025-11-01T19:53:18+00:00,207
10963ee669076712f79ae127939fcdd447d0d3c85294e69c54e82d1c6c5b10b3,2025-11-01T19:53:11.880381+00:00,2025-11-01T19:53:18+00:00,207
a2f7469f06051617583d89a5accbac24ea1bcd626fc610b997801390ff495e22,2025-11-01T19:53:12.030414+00:00,2025-11-01T19:53:18+00:00,207
86bdcca1c220d5ffac385143ac05a2c97abef958eb534dc57c563d5d5f220b54,2025-11-01T19:53:12.169899+00:00,2025-11-01T19:53:18+00:00,207
ad68913e9d58c6acc0cd4ee8f76983b5f9caaff49712efb4eee9cd3124d134f6,2025-11-01T19:53:12.303427+00:00,2025-11-01T19:53:18+00:00,207
2e2715c159b6390ff25493b7f5df355892028f268652be278021603e8cf006e7,2025-11-01T19:53:12.466753+00:00,2025-11-01T19:53:18+00:00,207
77d735e1afb543b6bd1caabc908762c780102ea27390e277ceed6cb935fa6595,2025-11-01T19:53:12.601006+00:00,2025-11-01T19:53:18+00:00,207
9c9cb983e2492ce40ea9b0428afa8693eb327c0c1e48909b92f501e6fec24ae3,2025-11-01T19:53:13.199550+00:00,2025-11-01T19:53:23+00:00,208
a76337271f5ed76ef7e1eb49ca2c455adf68736a185ff8481c01df2ba40e3d72,2025-11-01T19:53:13.343359+00:00,2025-11-01T19:53:23+00:00,208
3e069067826d98e1d1ccd68067b99c305d13d6f6bec8354864a9291e3184af64,2025-11-01T19:53:13.506928+00:00,2025-11-01T19:53:23+00:00,208
d93d6c97019c4e1fb0203a63d6938903e2ab8e97db6c4c1fd5a9480674f471c2,2025-11-01T19:53:13.648632+00:00,2025-11-01T19:53:23+00:00,208
8e2fe809378d54275b6e9e6037047f3731d3b18fb61aa5696be1200cff082434,2025-11-01T19:53:13.777149+00:00,2025-11-01T19:53:28+00:00,209
cfb393aec025d3f5e25cc26d85f671af32c529118e064292ab5eaefc17d90ac2,2025-11-01T19:53:13.909257+00:00,2025-11-01T19:53:23+00:00,208
08c787fb860aa7c467b5210ec6c0e71712ad6b743f0388ae7eebf21cc3602220,2025-11-01T19:53:14.065262+00:00,2025-11-01T19:53:23+00:00,208
42e426f73403511214341fafa76da0000c08fbcccde9eb4579a5e06f180c8d41,2025-11-01T19:53:14.199021+00:00,2025-11-01T19:53:28+00:00,209
f453569dd9f2ab93c4917c96ee1750a1a16b4ebee3461adfdb191ab336c137a8,2025-11-01T19:53:14.332381+00:00,2025-11-01T19:53:28+00:00,209
29bbb2e44ccfe7cfdcfcf737cda6dc8ac3a587d72dd390d3ce6f45b8dcd49e55,2025-11-01T19:53:14.481323+00:00,2025-11-01T19:53:23+00:00,208
9814d2f3d677cadbf76e45ee164e08eabd2f03f0fcbc3b161ef364781965dc9e,2025-11-01T19:53:14.606413+00:00,2025-11-01T19:53:23+00:00,208
880864b1187755f1b38c61dddafe53365ba92964b6702c9f6b0e8771012c1130,2025-11-01T19:53:14.756617+00:00,2025-11-01T19:53:23+00:00,208
085ae31c19ad3c5e981c4c3c720410070e7ed5e8860e873575439a1eded2179e,2025-11-01T19:53:14.885568+00:00,2025-11-01T19:53:23+00:00,208
02b6611c54185dc0dedd6bcf9f1196b5e6440d4aa0e2fec9311aba096457b0d4,2025-11-01T19:53:15.019448+00:00,2025-11-01T19:53:23+00:00,208
da13019fd79b39f2012920a2c117ae7bf3e457aed4b2763b56b1b392b950fd7e,2025-11-01T19:53:15.156540+00:00,2025-11-01T19:53:23+00:00,208
fb6cf4c0f96b8ec5562c2f5b326a1afb99d298ced4fdf5deb44b918f24883acb,2025-11-01T19:53:15.286695+00:00,2025-11-01T19:53:23+00:00,208
a9ec60553c53ce9c9bcb3b1ca314eb2b497736787596dc24212b54d75c92def2,2025-11-01T19:53:15.628094+00:00,2025-11-01T19:53:23+00:00,208
67dc56dfb18a94272a0c4f60a05066a3eec5420b174d84ba57b6e36d498f3279,2025-11-01T19:53:15.759772+00:00,2025-11-01T19:53:23+00:00,208
3aee01d05e62f4abedf0326122ef0b02eb457bf8c69eb8a5efa07cf505718993,2025-11-01T19:53:15.890420+00:00,2025-11-01T19:53:23+00:00,208
ea5f172171ac778158feb7cf94cb0f825aa9f0c283fbfbb7a956e4bc2b3b9ecc,2025-11-01T19:53:16.121474+00:00,2025-11-01T19:53:23+00:00,208
e72461c589d0167ee78227980b38c0b23ce95f76a442448f877eb20f8c2220c8,2025-11-01T19:53:16.304350+00:00,2025-11-01T19:53:23+00:00,208
f702e85afe29c53ea3a82d152d5dd275f54737a55b073f74acba6890ef6b5b67,2025-11-01T19:53:16.436918+00:00,2025-11-01T19:53:28+00:00,209
d06e2ca48ad5c36cc752c81e31bb1fc84c7ac8c6126115336f39e9c125f597cb,2025-11-01T19:53:16.586100+00:00,2025-11-01T19:53:23+00:00,208
74ba16a909e63a0ec63a8d92744a0c3e9240fa789efecf63c13f2fdb95cca749,2025-11-01T19:53:16.715839+00:00,2025-11-01T19:53:23+00:00,208
05579ac4ef75fba578e187e26d98a18a36c3d45f783ea543a86fb4a185f677e2,2025-11-01T19:53:16.867427+00:00,2025-11-01T19:53:23+00:00,208
576eaafb3b6c2c99ff3d226daccb9f9cdeb83fa13f0c548f12cd6fdbff835e18,2025-11-01T19:53:17.008300+00:00,2025-11-01T19:53:28+00:00,209
977f348f517f41b3780c7562f2d61267baddf06f97200b07aad36d10e4312c84,2025-11-01T19:53:17.183152+00:00,2025-11-01T19:53:28+00:00,209
cf7b3e349c64d94ff0f526d21554ffd7ede5bfc97ee990b2593669f3a68497cc,2025-11-01T19:53:17.322522+00:00,2025-11-01T19:53:23+00:00,208
6a53e2a6a62ee9551df01a1ddf315372ead56339297ab05e6af8ae906cd36956,2025-11-01T19:53:17.467925+00:00,2025-11-01T19:53:23+00:00,208
af3256919c0384f5cc3eb93dcc8c9c5fa8c770de95cd3238233ea68e2f032141,2025-11-01T19:53:17.642630+00:00,2025-11-01T19:53:28+00:00,209
e1ba6787ea3f3f7b5130e2a0b155619937105a32a37b7527226dc39c19e7cdc8,2025-11-01T19:53:17.876457+00:00,2025-11-01T19:53:23+00:00,208
78f3cab2652428a9d2e64e9625edae60f2b936960d5d74d6ff89c42648c89357,2025-11-01T19:53:18.522036+00:00,2025-11-01T19:53:23+00:00,208
1e56c0e860c36ad456e3e6638c3ab1e0098933eb8ee76ccdf2c8d8c4afc41acc,2025-11-01T19:53:18.662175+00:00,2025-11-01T19:53:23+00:00,208
9aec02c50f6f4a6278197edc3eab34abce858848a083f4011639193883e2c184,2025-11-01T19:53:18.792505+00:00,2025-11-01T19:53:28+00:00,209
a49096b8aef7fb1da35b7547f1e894e94458fd611e117ac3dd6acfb01ee37a13,2025-11-01T19:53:18.915354+00:00,2025-11-01T19:53:23+00:00,208
1fb4e6456378c38ea06aaec0c034b10e71c6978b7d27f53c9b7c295a3d291806,2025-11-01T19:53:19.067094+00:00,2025-11-01T19:53:23+00:00,208
82a72ccbff0c6439910d795f2d7792b14d1526ca14c41684c6c9078d18cba7f1,2025-11-01T19:53:19.200853+00:00,2025-11-01T19:53:23+00:00,208
3147e2e32f4cfa5df5bc24c3db031a5a57b66acd335304b1d956995201124b30,2025-11-01T19:53:19.331752+00:00,2025-11-01T19:53:28+00:00,209
a00b0ba14c0a511584fc15d3e849de4ca27769c3eb24431b04e4a5019b5a6538,2025-11-01T19:53:19.468825+00:00,2025-11-01T19:53:28+00:00,209
fba55ae885539ad048a64801730a51d2b1dbd17abb7191de86347b0f622dfdfa,2025-11-01T19:53:19.593574+00:00,2025-11-01T19:53:23+00:00,208
de9a353d5f78fc98f08e7d2fdd7248655752a0b336ed8a463e5ae7b44a22b2ec,2025-11-01T19:53:19.720300+00:00,2025-11-01T19:53:23+00:00,208
64cef2b0f1fd78ffca0d77409e4192021832acc5695eaffb0b51229cfef9a1d2,2025-11-01T19:53:19.886110+00:00,2025-11-01T19:53:23+00:00,208
2f9c3a645cf7c3d0696c16582bd74d19e00913a70cdd5087de5f824ac7f6c9db,2025-11-01T19:53:20.054828+00:00,2025-11-01T19:53:23+00:00,208
073fa09949fc6ba28898b1c5ed3cc52a1969e589885e652849efa2e105dc9132,2025-11-01T19:53:20.205478+00:00,2025-11-01T19:53:28+00:00,209
635ba1b6655902d529ff63200c6e9b3e3b591bdae75e594bd01ec1db00593b36,2025-11-01T19:53:20.337683+00:00,2025-11-01T19:53:23+00:00,208
5c8e1824ed93d5980fef73f954f238efd584f4c720fa3d7441d52dfcf23f75f6,2025-11-01T19:53:20.468265+00:00,2025-11-01T19:53:23+00:00,208
540cbd7ce86d6a516b008d3b6c97492cce5a237e638c2d3fe9fd96eabc283636,2025-11-01T19:53:20.611691+00:00,2025-11-01T19:53:28+00:00,209
20597c815e020f456d26d765d48b81468d6548ad3eeca9fe579aba90dbe1a527,2025-11-01T19:53:20.744009+00:00,2025-11-01T19:53:28+00:00,209
be5d48bb42e94b6d2973424fd4ac7a7b0601f32efe1b6643ef0ba09b9237fb30,2025-11-01T19:53:20.872397+00:00,2025-11-01T19:53:28+00:00,209
71f9be387ed8315eee6f09ff71008b4fcc585c10d215892162448dd120462112,2025-11-01T19:53:20.995908+00:00,2025-11-01T19:53:28+00:00,209
fddcc8e56220dda16a0d3db22c270db3ee89226c0603cfc607477e3720fff87e,2025-11-01T19:53:21.125024+00:00,2025-11-01T19:53:28+00:00,209
120fbbb2cb05b425a5a6c92e101a9671b58c1c6a422e946f8cf18e13ce592855,2025-11-01T19:53:21.273831+00:00,2025-11-01T19:53:28+00:00,209
d825bafd651aaa169280401821a24561605e2c4e0f1df0c6dc2215690e8cd3c3,2025-11-01T19:53:21.406359+00:00,2025-11-01T19:53:28+00:00,209
68633f208c3166ec191fabd33396ebd7a94e89cfd6e6d39eb62ceb10d174b048,2025-11-01T19:53:21.529621+00:00,2025-11-01T19:53:28+00:00,209
abc23ea0b2ae20833ee9410994b8abe7088d054051093e27d149cb121ff4da21,2025-11-01T19:53:21.667669+00:00,2025-11-01T19:53:28+00:00,209
56c85186491719b552f3efd908eb96476c434503fb8532d6459431a7cb9e907a,2025-11-01T19:53:21.791914+00:00,2025-11-01T19:53:28+00:00,209
3cbda78276cb70790c481c4f4174d5a2856e45be69fb218a338f339038f6f389,2025-11-01T19:53:21.921670+00:00,2025-11-01T19:53:28+00:00,209
6d86e4c405215418142e57e4cf80b89093dd07687585ea5a9cf812fbd4379bd7,2025-11-01T19:53:22.054523+00:00,2025-11-01T19:53:28+00:00,209
1fc2f1c7dd7dbe981e52e74fdcad8847440638062251933303d26f98eadb833b,2025-11-01T19:53:22.177213+00:00,2025-11-01T19:53:28+00:00,209
dff9e68c4a5455f1487298e56130c85c26f32aecde588aebf4c3fbee72dbd106,2025-11-01T19:53:22.299851+00:00,2025-11-01T19:53:28+00:00,209
2ae22da0b4d109e64a7c1df0d86226ade968ede0946517cf675750f0796a1b69,2025-11-01T19:53:22.425563+00:00,2025-11-01T19:53:28+00:00,209
c355d60bdd587c7239d37b3db4fd0c28b1902890070a610e5beec4dd249c400a,2025-11-01T19:53:22.550901+00:00,2025-11-01T19:53:28+00:00,209
3cbd5bf0d5d4659b2bbd3cee6dd2d2ba72a4a32fbb3003abe5bef85b8d499305,2025-11-01T19:53:22.674660+00:00,2025-11-01T19:53:28+00:00,209
58d2a25e3fd04946d5c33129e113eaebbb99be6a9724e5a0e73e207bef027b4b,2025-11-01T19:53:22.808913+00:00,2025-11-01T19:53:28+00:00,209
131d987673dff28cd45c9323e2856497723c922e509b8ad2d8cad7114545ef33,2025-11-01T19:53:22.942970+00:00,2025-11-01T19:53:28+00:00,209
479ace0393d5e1907dcbec8ff3031370a7a063be8025285d448704a962fac1ef,2025-11-01T19:53:23.077473+00:00,2025-11-01T19:53:28+00:00,209
476653f85bb5c8ec3b6f9d9a9bc6e627274111a91f7571c3eccb15be10093da0,2025-11-01T19:53:23.214201+00:00,2025-11-01T19:53:28+00:00,209
a101faf7f9511fc45562940c3a2a2e57b445da8809299e5e655dcb9ef3ee5d56,2025-11-01T19:53:23.333277+00:00,2025-11-01T19:53:28+00:00,209
abb42dd9983e21c1359067cc9ecebb47909e5b8542592a72462fb85d9390c70f,2025-11-01T19:53:23.693779+00:00,2025-11-01T19:53:28+00:00,209
5c2ae4f45be73ff65af40fad3fca63c8b8f50947a40d33749f8e6eaa0dbf5b1b,2025-11-01T19:53:23.822204+00:00,2025-11-01T19:53:28+00:00,209
3b7f33a11d6135ee15ccb3623ec25ff69b3145dbe2a2cb7a4e3ebbc3b6987a53,2025-11-01T19:53:23.948632+00:00,2025-11-01T19:53:28+00:00,209
9e8442ad3c576b1c3a60f0978e27c3361d49177b8e50387d42a6c5b9ef5f983d,2025-11-01T19:53:24.089811+00:00,2025-11-01T19:53:28+00:00,209
f66f471d6c1f92195217e76895220d9a2eb615b7bfb5bb85b76f69b344ed7479,2025-11-01T19:53:24.220890+00:00,2025-11-01T19:53:28+00:00,209
b53aea084703d08527545d4bd5dfe835ed6bd24a8f01d23913445fc536c04823,2025-11-01T19:53:24.346397+00:00,2025-11-01T19:53:28+00:00,209
37682e2770dbc53e22511083835f7245ffb975cfd788f75cb6fde798ab1402ae,2025-11-01T19:53:24.473179+00:00,2025-11-01T19:53:28+00:00,209
b03942464a86011028b457bb6967f40ca43687c0dd3ebb32aa2ef4a61052b830,2025-11-01T19:53:24.602425+00:00,2025-11-01T19:53:28+00:00,209
8ca4a5f5741783c5f876e2dc6e4dca07dd0286162f7d290cd27be46d0e72e803,2025-11-01T19:53:24.738878+00:00,2025-11-01T19:53:28+00:00,209
954240f1671bb5940978d042a5f8655c9017a651121d19841de0678accadb55c,2025-11-01T19:53:24.869462+00:00,2025-11-01T19:53:28+00:00,209
321228d3c18ebf2ef2264efa082424512770e118cc1e1044ad697d1245dfcd66,2025-11-01T19:53:24.994623+00:00,2025-11-01T19:53:28+00:00,209
01b65a98979a30ad74fe551987592c1273414a8c024fa795dc079c7b13258e7b,2025-11-01T19:53:25.120605+00:00,2025-11-01T19:53:28+00:00,209
b2e0907299e6503b5c843e1ea7f91e387ea8bba7ccc3736b2414391d8353a348,2025-11-01T19:53:25.253037+00:00,2025-11-01T19:53:28+00:00,209
57066c3e61ebafd06f08ceff121fb09feac424868d9d011786cf2a45a2782ca3,2025-11-01T19:53:25.389234+00:00,2025-11-01T19:53:28+00:00,209
fadb5a175493b0e7830b892c0a0fc2ac6e9145572ca34ee611cc521625bbb6f7,2025-11-01T19:53:25.515433+00:00,2025-11-01T19:53:28+00:00,209
00d8c3a02009dea4563606b7da07367f5533259557bbef32191a5e80bd0451c2,2025-11-01T19:53:25.649911+00:00,2025-11-01T19:53:28+00:00,209
a8704c17b5cb57f55164e4468b7a78f62ce94010a1175c11147493b959ef0585,2025-11-01T19:53:25.795142+00:00,2025-11-01T19:53:28+00:00,209
f128488107628463e3dd03dc37dcb11a995b97d52d87f9c8a84d6eb9e87fee54,2025-11-01T19:53:25.919626+00:00,2025-11-01T19:53:28+00:00,209
4fdedea1fcac80792f90d5a0b7e100c2b391ae32687cdc602bda6cfa50234a92,2025-11-01T19:53:26.059770+00:00,2025-11-01T19:53:28+00:00,209
a0f2339d95f0b812818046aebd3c82200358fd903c553f062a6ca89ef351faa5,2025-11-01T19:53:26.198215+00:00,2025-11-01T19:53:28+00:00,209
6846b6d249bb4b4adaaa2bb167dd5241d4885b790419972a1947b4d1195909ad,2025-11-01T19:53:26.352421+00:00,2025-11-01T19:53:28+00:00,209
6bbbd83733bebb8b76f977509e9f162605716bd876e57e7a58d0b70500a6b2b9,2025-11-01T19:53:26.482463+00:00,2025-11-01T19:53:34+00:00,210
e054888c2b42cab605743dbb4ee0495be32ce7f4bcd08e191a5b17157b1b96b8,2025-11-01T19:53:26.619483+00:00,2025-11-01T19:53:34+00:00,210
a490aefa3b5f3d93339a121ace85a6cb7576abd744016ba257985fa156d15721,2025-11-01T19:53:26.751080+00:00,2025-11-01T19:53:34+00:00,210
8b14834357b590d7522da7a57a9231f1d7fffe2c679cd7368a2e4026d6cfab5c,2025-11-01T19:53:26.882822+00:00,2025-11-01T19:53:34+00:00,210
c1ee075e18b769e4c612108e9d460ff751c84e368f6fb0c81de326abbc62b70c,2025-11-01T19:53:27.021339+00:00,2025-11-01T19:53:34+00:00,210
f679d507f06f95a90d3abeb73821aec80c1576c7bab8f72da50739994c119f76,2025-11-01T19:53:27.149423+00:00,2025-11-01T19:53:34+00:00,210
9b291180d2d200cc6c307c2a0784b2da22a90b2772629ab53f9695856df74afa,2025-11-01T19:53:27.296332+00:00,2025-11-01T19:53:34+00:00,210
0d1919a693376d31d5f9f57a28c347d337879f9222b863649ae3ee0f1625ef59,2025-11-01T19:53:27.423648+00:00,2025-11-01T19:53:34+00:00,210
400a426a78637b95fe990c4c34847582f239c47714e9b426242bf6b49fb15abd,2025-11-01T19:53:27.552478+00:00,2025-11-01T19:53:34+00:00,210
4a6aca45517442e1a347e4181abfc934867e12f2c76419701a272d0bf87c19df,2025-11-01T19:53:27.711563+00:00,2025-11-01T19:53:34+00:00,210
3a179b6eb78cf9504c61d2c9cc6853ed30116f5121f277ec902c571e3bd22065,2025-11-01T19:53:27.866565+00:00,2025-11-01T19:53:34+00:00,210
d7d8960f84a767d3ae4615473c7a82c9dfd60ea4a3cd4956648a7bd081ca3ce4,2025-11-01T19:53:27.995868+00:00,2025-11-01T19:53:34+00:00,210
23b28f2326f241df453cb3c48c3adf90e57e949a537f8aa80d3cacb4a52d8a05,2025-11-01T19:53:28.168526+00:00,2025-11-01T19:53:34+00:00,210
f8b8e366e8c8d93be016a7dac33f3fcaa152f3128b0423535981b2eb72bf348c,2025-11-01T19:53:28.303193+00:00,2025-11-01T19:53:34+00:00,210
8eeacd84627e232f775e0e1e5cc6733bf8de2004b5c30979565902c5034b1a3a,2025-11-01T19:53:28.462469+00:00,2025-11-01T19:53:34+00:00,210
bf9f67691f1111fc1e237c8b229f9d26d8a88ed1ba20ae42062e3b13325367be,2025-11-01T19:53:28.592684+00:00,2025-11-01T19:53:34+00:00,210
87c02d6c83536e755a4a97f12979521f43df4e606370369a52e9e887698e04c0,2025-11-01T19:53:29.030053+00:00,2025-11-01T19:53:34+00:00,210
3ed72424197e9cda1c0dc0b94094691031c4a0efe85a95bde9baedaaf7ec8d11,2025-11-01T19:53:29.163878+00:00,2025-11-01T19:53:34+00:00,210
6a854482a8231690372c86e501b69c3725e22a8b37fa9d09bc793b1e63d0df2d,2025-11-01T19:53:29.293924+00:00,2025-11-01T19:53:34+00:00,210
4516523f8b8fa0b48b21aeb405fea68a6bf03a7c0dc1339f4b628d34e0789a3b,2025-11-01T19:53:29.430398+00:00,2025-11-01T19:53:34+00:00,210
ead8578efe312eb7b2db18134db46dc43eb12457a6ee45e5356738a4546cd391,2025-11-01T19:53:29.571288+00:00,2025-11-01T19:53:34+00:00,210
3c5c0ede5e74dae2795836f4d3a3a4c8c10eb466987d938c91c2b3ecf8052269,2025-11-01T19:53:29.727430+00:00,2025-11-01T19:53:34+00:00,210
03e42cb35b91d633699c9738ab2ef89f33446cf65167e52fdf5d1012d00b778d,2025-11-01T19:53:29.926471+00:00,2025-11-01T19:53:34+00:00,210
64ca7842deadcf17fbe0568b3a3d24ba79ec350f9631f9e1d7ba247f1eccd43b,2025-11-01T19:53:30.055136+00:00,2025-11-01T19:53:34+00:00,210
b991ffe1a49acc5832bde095daa6a2c55debc7b12d6ce7eba9162fa6f164b83b,2025-11-01T19:53:30.196511+00:00,2025-11-01T19:53:34+00:00,210
71d709d7719fec098377a0cda7c1d5a39dc7eb66679f8cc1b13a73acef212490,2025-11-01T19:53:30.367428+00:00,2025-11-01T19:53:34+00:00,210
32e8449690e33d7f71b8bbadfe300bfb310b6056c9be056fcd1f0a01a0d36ccd,2025-11-01T19:53:30.491915+00:00,2025-11-01T19:53:34+00:00,210
ca14010708ad680d5746d85bf9452467cf6ba8eeb28c75c68fbb26b692845517,2025-11-01T19:53:30.623806+00:00,2025-11-01T19:53:34+00:00,210
7afc1143c485e1ef841becaab81d2ae4d3fe06c4448d46479a8b4052146cc085,2025-11-01T19:53:30.751115+00:00,2025-11-01T19:53:34+00:00,210
df352f6601179221f526d30c20c5e8ccb6c5a49077012115662172ef2ae2678d,2025-11-01T19:53:30.876000+00:00,2025-11-01T19:53:34+00:00,210
9d7277758f175c2c08c179ff2637e6a04efb9a87dd4ae6b5600ecd5b4c1d977f,2025-11-01T19:53:31.001618+00:00,2025-11-01T19:53:34+00:00,210
2816f36b8f5009c18d79332c50e5721f72bd30e7e057670158a5db77d9d2dbf4,2025-11-01T19:53:31.130789+00:00,2025-11-01T19:53:34+00:00,210
589f6b11b7f8c2ab76157c54a568092983f918f1dfbddc8eeb33c91f36cfa7b5,2025-11-01T19:53:31.269321+00:00,2025-11-01T19:53:34+00:00,210
4621e141faf55a1a93e59d69affc9d84b9a67e5f2b257ff8f6cca4a9b22a73ef,2025-11-01T19:53:31.393681+00:00,2025-11-01T19:53:34+00:00,210
77d2f6bbd917e72e33385221d4abfada55a2731c920427aa1d147c8de188258a,2025-11-01T19:53:31.520330+00:00,2025-11-01T19:53:34+00:00,210
48ce73db6eb9f526c5d53d6f4badb9fa92124fc2b82069d95f7349f820fc3095,2025-11-01T19:53:31.647030+00:00,2025-11-01T19:53:34+00:00,210
31138846257ebd7c14d5ce331c4186c68aef0aa61bb277638c3d91aededa6f20,2025-11-01T19:53:31.776652+00:00,2025-11-01T19:53:34+00:00,210
097ba4843edf2495369ed53f361247348e516c67fb4512eb42a11a2208b6f9dc,2025-11-01T19:53:31.906179+00:00,2025-11-01T19:53:39+00:00,211
20393e57e796a693b08015ed99eec0337e60d0d252a3b0588801a4867e1799e4,2025-11-01T19:53:32.033285+00:00,2025-11-01T19:53:39+00:00,211
920d38b797968bc62b48b7df030ae9e9fbf25b8ca1581974353935985718242f,2025-11-01T19:53:32.184823+00:00,2025-11-01T19:53:39+00:00,211
d3fbf3ae22b556fa9656a11fb2e2f6b87b87db18ad5158cd4805579189555733,2025-11-01T19:53:32.310625+00:00,2025-11-01T19:53:39+00:00,211
42eb1928e0bcd89884e095e960f1257569ab82064c88df39a222c56d80a6a1e1,2025-11-01T19:53:32.435231+00:00,2025-11-01T19:53:39+00:00,211
2b662dad808b131a53c02d3da3e16f9734f381908ecf0514deec8b39c98ded79,2025-11-01T19:53:32.558431+00:00,2025-11-01T19:53:39+00:00,211
471c5a02e04a7ee4341835426b6276680bcdbca3d34217187814a28e3de585f0,2025-11-01T19:53:32.693707+00:00,2025-11-01T19:53:39+00:00,211
1395d0454d30f34f047d2795534c75c926ac7848a7dfbb5280c359d9dc885957,2025-11-01T19:53:32.835566+00:00,2025-11-01T19:53:39+00:00,211
ef96eee0a38164e0fb60409e0d86fcfd0c844d75c1fab20b73f640df6ba15418,2025-11-01T19:53:32.985074+00:00,2025-11-01T19:53:39+00:00,211
cb5fa4e1b3bdec0abd0d3022ab4851203c1e1eea23456bc5f86dd311de605ebe,2025-11-01T19:53:33.111134+00:00,2025-11-01T19:53:39+00:00,211
9e24e1236c53fc2d83496781b573176a766b682d0c175c683eb19db106b8ad90,2025-11-01T19:53:33.264098+00:00,2025-11-01T19:53:39+00:00,211
5ccb00be3f6a488b3006f88dd04c221d85143e842acfa1fa95e4e131e91da465,2025-11-01T19:53:33.389469+00:00,2025-11-01T19:53:44+00:00,212
de85af90dc12503f5de0d0224fb4289c7747a39fbc743d61288237baa8c5a79e,2025-11-01T19:53:33.510421+00:00,2025-11-01T19:53:44+00:00,212
ebf604dd3c3c96ff219eebe3392905a8e738e2c59291b2f34f179236b326e13e,2025-11-01T19:53:33.636407+00:00,2025-11-01T19:53:44+00:00,212
73c09d561f49f57fee0a55255577985aeee793a23a8bbe62fc1854e3d07e8d7f,2025-11-01T19:53:33.771551+00:00,2025-11-01T19:53:39+00:00,211
755eee6fa997770c647395d8e299345366e3d7f65d2b35d9f89f4ae1676ffa76,2025-11-01T19:53:33.895699+00:00,2025-11-01T19:53:39+00:00,211
782bf4389a4ff59eaf595cf6ee78c9c60a7f7c30aba8979a2935cae461368e03,2025-11-01T19:53:34.765280+00:00,2025-11-01T19:53:44+00:00,212
9224d9e29257d7961c6cb36f8ea72131f400aef6812724ef60cee87d825d8751,2025-11-01T19:53:34.900280+00:00,2025-11-01T19:53:44+00:00,212
c87749d69042a31d0ce1098e409ba5361ab9ba88bd58e228b7fa40b7abab6044,2025-11-01T19:53:35.035147+00:00,2025-11-01T19:53:44+00:00,212
5d6f51b06ca04134de652018f4fbcd6a01910e4b14a440eaa149419479f0f68d,2025-11-01T19:53:35.171073+00:00,2025-11-01T19:53:39+00:00,211
842a89a9a630d3b6de61180907c1927cc730943c63de4e4522370e6ef5884983,2025-11-01T19:53:35.329274+00:00,2025-11-01T19:53:44+00:00,212
955cc780a28b3db38efff18a73ceaeaa40d6714932b0dae99b94ad7d787a2eda,2025-11-01T19:53:35.460670+00:00,2025-11-01T19:53:44+00:00,212
aab42649a1c35428669498ad62562bd6953d3f923a55e6774395234655e436ee,2025-11-01T19:53:35.619327+00:00,2025-11-01T19:53:39+00:00,211
c02fcf0f403f914f735f570b493d9f2c77ead4f8a3317fd1672e77f422917f87,2025-11-01T19:53:35.753018+00:00,2025-11-01T19:53:44+00:00,212
171a9c9de4f1a8cb9a16e6c884d0e353b67bb5ab90a5fa6edc243aae1889b1fa,2025-11-01T19:53:35.876206+00:00,2025-11-01T19:53:39+00:00,211
e9d1d32027e5e7a2a3153eb76a1638bdd58ff6be900dbfb7bce115f00045a458,2025-11-01T19:53:36.024912+00:00,2025-11-01T19:53:44+00:00,212
68a9389caa6f79ea05b49640e683853f531ba33fe434a36c7943c3125a83c6e3,2025-11-01T19:53:36.156406+00:00,2025-11-01T19:53:44+00:00,212
c3a9b6e0809b60d4decdc84fff4cbb9044e13f26430ad4bdb1190267e7df94bb,2025-11-01T19:53:36.282850+00:00,2025-11-01T19:53:44+00:00,212
bfa993128f17b6a7fa837340d323b3a0a3fbbf63d8ccf08262c8d1ae5acc6d43,2025-11-01T19:53:36.416388+00:00,2025-11-01T19:53:39+00:00,211
75e74ddabc5be24411bc7f0a5ced262b4fe8d9526270e16175cd2e66367fedf1,2025-11-01T19:53:36.546234+00:00,2025-11-01T19:53:39+00:00,211
a009b421f366035a842b4973eee9611992d8aff4dd34cfe98159dda687ca807d,2025-11-01T19:53:36.674216+00:00,2025-11-01T19:53:44+00:00,212
95bfb56615b5845890fe66ca9409a7e5901edbbff99a13bc22e37ef82d7cf13a,2025-11-01T19:53:36.802458+00:00,2025-11-01T19:53:39+00:00,211
7d1f835a2fbcdee9ae8599c1c8e00c3157f94b47e94fbb0410074b514aa58512,2025-11-01T19:53:36.928597+00:00,2025-11-01T19:53:39+00:00,211
f886ebdfdbc024eeaa0adc96851238dd07547600a173164c869d7425d70f4045,2025-11-01T19:53:37.124685+00:00,2025-11-01T19:53:44+00:00,212
bbe75d0ce6681903fdc24806bff49e4cdfd7eca5956df353e9846305cfbee66c,2025-11-01T19:53:37.261914+00:00,2025-11-01T19:53:39+00:00,211
da62a22bae514e2b995068af8dcd0be9de42b376d86cf05f4df949e01e5021d6,2025-11-01T19:53:37.391717+00:00,2025-11-01T19:53:44+00:00,212
a99cdddebc13bae284db18ecd5f6a299bdd2c8b539fb2785ffaa41c3f17d9f27,2025-11-01T19:53:37.522394+00:00,2025-11-01T19:53:44+00:00,212
a4deb21b7c9c8f6e27330b9f5a7161b17db03096fde88aef851b134d2a652ba6,2025-11-01T19:53:37.662154+00:00,2025-11-01T19:53:44+00:00,212
8a4fa05b3ba01793d368841b2eaa1c7dd8ded9b2da98b9667e4af16beee31c16,2025-11-01T19:53:37.810919+00:00,2025-11-01T19:53:44+00:00,212
b9e6cb449eddcf283dc28960b486e26a3dc6e0376acfda880605797c3a3065a7,2025-11-01T19:53:37.958431+00:00,2025-11-01T19:53:44+00:00,212
8db32321b9ddc31bc2c09233c1c9409ee437c6618ca97afd8d3ba10b91539463,2025-11-01T19:53:38.101284+00:00,2025-11-01T19:53:44+00:00,212
2394a26850d67c9cdb927cec4b43b25e136c736989aaa046cbde0218306ae8a9,2025-11-01T19:53:38.247454+00:00,2025-11-01T19:53:44+00:00,212
1edc20fea1a8e91296ef5670b43cc5fc89cfe345ecaf2dc755c46700125cc19f,2025-11-01T19:53:38.381562+00:00,2025-11-01T19:53:44+00:00,212
97e755be56f03c8efd6213930e5352bf34d53c09e989065b42d7c0a463b093d1,2025-11-01T19:53:38.510300+00:00,2025-11-01T19:53:44+00:00,212
9d1e2fdb70305b491bdddbfc94d3dace15ec5f81755764103c63a3b1e9f9a63c,2025-11-01T19:53:38.633254+00:00,2025-11-01T19:53:44+00:00,212
39b544846166eeb59b53c866d0af014f1471ab967246a3176912f1701db01bba,2025-11-01T19:53:38.765432+00:00,2025-11-01T19:53:44+00:00,212
d717f120f523f0ef465a556a2c06c9f805a743001cb0ea10fb5ad604a292fbe6,2025-11-01T19:53:38.941541+00:00,2025-11-01T19:53:44+00:00,212
971cf0fcea0c9f15bcb3a7eae73d4dc31125d58b82cf16ec9c234b6926a6fab2,2025-11-01T19:53:39.075717+00:00,2025-11-01T19:53:44+00:00,212
fa6fc2738745c8c957b7880676bb8b96df913628f3325231d8fe9153ebfe07e4,2025-11-01T19:53:39.212174+00:00,2025-11-01T19:53:44+00:00,212
c704aa374197abd3740813a8b04735022460a4e23f5601c6551193760dce104b,2025-11-01T19:53:39.557528+00:00,2025-11-01T19:53:44+00:00,212
b8d2abf444add587542d4bc78d8b400e8bec7a0185b6c86bb224220e96203f1e,2025-11-01T19:53:39.717336+00:00,2025-11-01T19:53:44+00:00,212
3078ea4d7379ea7ecde717cb9f76a295eee480450a1f9eb1296b6eb66d87ed73,2025-11-01T19:53:39.925547+00:00,2025-11-01T19:53:44+00:00,212
906e248346455cc7abff7ec75f3c929b5ec1c331bb8effad245e59693a4e15f7,2025-11-01T19:53:40.054928+00:00,2025-11-01T19:53:44+00:00,212
8cc244821455ef5170d34643dc7b6befbd62f18b650a5959098690e0525b0f78,2025-11-01T19:53:40.220154+00:00,2025-11-01T19:53:44+00:00,212
6d76da3beab8e1228e9ab20afc2d710769cc84b5c6258aefc635955681cd6cec,2025-11-01T19:53:40.365042+00:00,2025-11-01T19:53:44+00:00,212
688dc99b5d497f138374e59dabd8c06acd2247fcd4fdb74139ae7617b2614e78,2025-11-01T19:53:40.544239+00:00,2025-11-01T19:53:44+00:00,212
b6b5c627b77c451b787800050683f868ebb922a6601874aab6f49a57abb42133,2025-11-01T19:53:40.674876+00:00,2025-11-01T19:53:44+00:00,212
2ac844451e6f439ad1d05f02b08b83b863953c2ca1e8143d9c20f48b0cecd96f,2025-11-01T19:53:40.821998+00:00,2025-11-01T19:53:44+00:00,212
cd3a83b442bd179fd8a6e13aa0e1bfb8bbe0c9a15cf51776b7b127e5c05feaae,2025-11-01T19:53:40.976301+00:00,2025-11-01T19:53:44+00:00,212
21cb61b51fe61e2881d71d637497ca1279cbce576ec99c839d701efa8cde977e,2025-11-01T19:53:41.107389+00:00,2025-11-01T19:53:44+00:00,212
cdc012469eb621b54a15c5b08ed6b6a569bd23d1b280a005f58917d65b80c266,2025-11-01T19:53:41.342020+00:00,2025-11-01T19:53:44+00:00,212
1ab4a42cea30255cbaf1cfcadac0f49df4e0e580f861737d261d624e7d634374,2025-11-01T19:53:41.470688+00:00,2025-11-01T19:53:44+00:00,212
a67aa48bb17ca237dd6cde92f42d47c92fa4f33828c6c4d43f2fd37b03d33201,2025-11-01T19:53:41.647196+00:00,2025-11-01T19:53:44+00:00,212
14082f9fdb7acfa2cf145232f94d229e1e3a6648e7d812fcd6da822106da55f4,2025-11-01T19:53:41.776581+00:00,2025-11-01T19:53:44+00:00,212
0be2c978e64132aed79afe46f61e641f58be6f1e0c7bb90d96caf88716d1f479,2025-11-01T19:53:41.912660+00:00,2025-11-01T19:53:44+00:00,212
13a110bf7c88f94102696e43086148872c4bbe613535a71666393f432980841b,2025-11-01T19:53:42.047882+00:00,2025-11-01T19:53:44+00:00,212
ce78d2c48edb662532fea0115de8897561bc2a5f84d030b517991c94f2d4df75,2025-11-01T19:53:42.188377+00:00,2025-11-01T19:53:49+00:00,213
91ef5bdbec74aa8704e4ab6478fe0df953da1f41ea4e2abc4ee3cca6c17ad726,2025-11-01T19:53:42.319716+00:00,2025-11-01T19:53:49+00:00,213
7193c0b5b2a76116e2fbcd0c7b0c271d8765eb67b62e8c3cba9e88221e76895e,2025-11-01T19:53:42.443421+00:00,2025-11-01T19:53:49+00:00,213
2319e255cea443e81db693cfd456d73b9a38ccb90504b677b15929aac338a6be,2025-11-01T19:53:42.571207+00:00,2025-11-01T19:53:49+00:00,213
cc22a514dbc06b34eecf2539d9dd2e4a802f2b13fc602ae10c285f2d3eadffb9,2025-11-01T19:53:42.696553+00:00,2025-11-01T19:53:49+00:00,213
28809f4335682ee611917c8b1dca738fb4609656f89747ea9d791ca28c3c6b3f,2025-11-01T19:53:42.839357+00:00,2025-11-01T19:53:49+00:00,213
319f94b928cff326711580ec0f547e2b400503a62ae2256f83a503acc7a1b4bf,2025-11-01T19:53:42.962581+00:00,2025-11-01T19:53:49+00:00,213
1e4e96d7a89814bd05916025c6b6fea90d6dc7dbc092eeafbad542dc46b2dcb4,2025-11-01T19:53:43.083166+00:00,2025-11-01T19:53:49+00:00,213
f7eb36ef2a27c2ad3a4c5fdf7e9be148c6617df49e4b7946d080e1f758ee823f,2025-11-01T19:53:43.204253+00:00,2025-11-01T19:53:49+00:00,213
43437e11966db3edaaa159188e55e61d1cbd63b623429b9603ceab8fe193a2b1,2025-11-01T19:53:43.334566+00:00,2025-11-01T19:53:49+00:00,213
4bbbad596bb0ecd463a2b1c5809a7ae8a6480df9b0861aa351e37f7b11c79bfc,2025-11-01T19:53:43.457683+00:00,2025-11-01T19:53:49+00:00,213
d04e1e0c940cde67abb15b025ef56fdea11a03877a3b487f92c2941db180f1d3,2025-11-01T19:53:43.592950+00:00,2025-11-01T19:53:49+00:00,213
7d41a87e7f752cf264c4402409050c3d6c8b253124b82980248d911da65a0a53,2025-11-01T19:53:43.719586+00:00,2025-11-01T19:53:49+00:00,213
a3013298f0632a8bce7c10b920fc982cd5a5b0c30d45f700c44a74389c9fed8d,2025-11-01T19:53:43.850357+00:00,2025-11-01T19:53:49+00:00,213
fecb44e30b166a072ba6a3b7abcab92e603b131689214896ddcb4733a1f4595b,2025-11-01T19:53:43.976094+00:00,2025-11-01T19:53:49+00:00,213
e7f4334392cede166093069fa3a0388d0770d7cff9aae3be7e93996bb68ff33c,2025-11-01T19:53:44.100226+00:00,2025-11-01T19:53:49+00:00,213
0841da1a2eaadc7c096707722fc30fe22c1b1d2eafd6e6c144cdfd22bc3bf682,2025-11-01T19:53:44.224385+00:00,2025-11-01T19:53:49+00:00,213
579e6cb90a2f6d795a4b071e84c40cc143571e5b1bc9b3e299ba4db641bb6afe,2025-11-01T19:53:44.357701+00:00,2025-11-01T19:53:49+00:00,213
1c3e3795fbb22b9e1c877f6902479415ae0cde92aa1fd5128d55c61bf5bd251b,2025-11-01T19:53:44.481744+00:00,2025-11-01T19:53:49+00:00,213
95909ff4d9364843683f2db3db3378f15247f20ec9d2534a689aa575aadfd304,2025-11-01T19:53:44.816841+00:00,2025-11-01T19:53:49+00:00,213
45103f74ca1b1f120ce802cc17854a6bb8c4d8cfbbe5a6b2380b9cdbbb458e19,2025-11-01T19:53:44.937930+00:00,2025-11-01T19:53:49+00:00,213
5eed6b9f959ad22dad77ee12b21ae8e007b21e80c14974139596f2acacc1bebb,2025-11-01T19:53:45.065177+00:00,2025-11-01T19:53:49+00:00,213
33e3c342871ff508fba0f0d7d939037157885a0a9f9082b038d22d891632a4d5,2025-11-01T19:53:45.186934+00:00,2025-11-01T19:53:49+00:00,213
777a1d18e970d1e51cb1b94f24c1b20019e3becbe979b5c71283c662f7872933,2025-11-01T19:53:45.333951+00:00,2025-11-01T19:53:49+00:00,213
8ed3ffdc8459ae673adf6cd82c9a37762d7472f91bf8942eb165be4d852c3692,2025-11-01T19:53:45.456080+00:00,2025-11-01T19:53:49+00:00,213
c06364deecc6835f2b301fa90658819520d837136e2afd0df4a32bf0045ce2c9,2025-11-01T19:53:45.576266+00:00,2025-11-01T19:53:49+00:00,213
fbb4799bb5bada3a898f9a25da4396509bc29f59c153fe38410e7ab7dc6a1f47,2025-11-01T19:53:45.695877+00:00,2025-11-01T19:53:49+00:00,213
7665fc4e7b5a157d8190d4c82b47b7add04ab7383c28cb2a66de831e9332bcdb,2025-11-01T19:53:45.818404+00:00,2025-11-01T19:53:49+00:00,213
35851f709a92247ccb5606c4f202ab849a7b2464c799e338805c47241f3b9d99,2025-11-01T19:53:45.937808+00:00,2025-11-01T19:53:49+00:00,213
98815b76192f610922ab312e3995103ef59481c0ef00af7e22503d4c7318fc90,2025-11-01T19:53:46.061525+00:00,2025-11-01T19:53:49+00:00,213
55bc75de1d7a076bb4668d0ea94d3a9571fca938bbec9664ad2cdc19ca89b307,2025-11-01T19:53:46.183788+00:00,2025-11-01T19:53:49+00:00,213
31457861700960843eb317e32b0c3ea38166f33a29daeddd17588a57adfb580c,2025-11-01T19:53:46.306353+00:00,2025-11-01T19:53:49+00:00,213
7523a9c9c884553fe0883159ddf66aa1f39d644a80f3be80ff0bbf9e7561338a,2025-11-01T19:53:46.426929+00:00,2025-11-01T19:53:49+00:00,213
27b97f56e8298caff58336483365c26b9ca69240776849d1a0f677b72c7c8bb4,2025-11-01T19:53:46.553782+00:00,2025-11-01T19:53:55+00:00,214
7bbb0771be0aca2414f5a99250247ec93589b3a0b0256c84a6d4fba43089bcb5,2025-11-01T19:53:46.677560+00:00,2025-11-01T19:53:55+00:00,214
79a476f09f82422644a8e9bbd84c1258334ba97ee45368b07f4db85b93cd33fa,2025-11-01T19:53:46.818859+00:00,2025-11-01T19:53:55+00:00,214
c84654c5e3dda7dd6acd602295b9be264d790f5fa75ae3de4dc02fc0fc707bb6,2025-11-01T19:53:46.954337+00:00,2025-11-01T19:53:55+00:00,214
87dc8c7f001a514fd2158ba640102d03950472cfecb94b222bfa8760383f121e,2025-11-01T19:53:47.083789+00:00,2025-11-01T19:53:55+00:00,214
dfa0e9b34bd3ffeceff3eff57ab3d6a8a8f0bbd0d0e6bf512f952e669ff46454,2025-11-01T19:53:47.217140+00:00,2025-11-01T19:53:55+00:00,214
8d9efa444506582bd7f6ebb08db87f94bc0cb92869a70b66bf96836c18e0e433,2025-11-01T19:53:47.371579+00:00,2025-11-01T19:53:55+00:00,214
b54a72d6ef5f4611125aa7fcb2279736d45384412a751e6fc76df1f4d129043a,2025-11-01T19:53:47.495500+00:00,2025-11-01T19:53:55+00:00,214
c224031827a3768ca8b97c80e5784857e133b514e0e20adab8e0dae7a865e276,2025-11-01T19:53:47.625311+00:00,2025-11-01T19:53:55+00:00,214
12139f40a03fe06d61377af5e9efc9d8ee858fda3e74dc0305b2164967bec083,2025-11-01T19:53:47.756245+00:00,2025-11-01T19:53:55+00:00,214
edf65871ff716da5c7b47c51eab651d46a7f375771d1873cb84656c2ece57fe2,2025-11-01T19:53:47.884863+00:00,2025-11-01T19:53:55+00:00,214
28d2bc634318c5a7597fb1cca912127063fadf007f0cb24cb18daf53d0089866,2025-11-01T19:53:48.020314+00:00,2025-11-01T19:53:55+00:00,214
2eb4576ea06b90a6604e945680a7886b6dd21f32b58b28770096f962af3757c6,2025-11-01T19:53:48.153811+00:00,2025-11-01T19:53:55+00:00,214
cd2055178fb0f24468b0b6547b020b902c2549ee683230aef598e6b3162a69b0,2025-11-01T19:53:48.288925+00:00,2025-11-01T19:53:55+00:00,214
393946eb42eb6ae1c946649496277b3f8b99d60ed27431ff318d0966914a5d5a,2025-11-01T19:53:48.414771+00:00,2025-11-01T19:53:55+00:00,214
c435562fa04b119ef80487ed6a73f5498eb08331e48ead5ab9283307491ef6f2,2025-11-01T19:53:48.540724+00:00,2025-11-01T19:53:55+00:00,214
8a359f8acafd8c5b38bf6cc5487fdb3ad4c61c2f245104675441d2f3567cd310,2025-11-01T19:53:48.678477+00:00,2025-11-01T19:53:55+00:00,214
431fdbf1a94e92a675227ae59977aa5534c8009ebdfc026ac2a4c259f7fabcdd,2025-11-01T19:53:48.806659+00:00,2025-11-01T19:53:55+00:00,214
544c197d2a1e7eeebd5f97810c2f2c5f2208f5523a3194f4b71a1f0a3535b88d,2025-11-01T19:53:48.935639+00:00,2025-11-01T19:53:55+00:00,214
8bb1b63b651d8d83b37c35b341e2b37f8384e070e115c660723a92449789b45b,2025-11-01T19:53:49.065700+00:00,2025-11-01T19:53:55+00:00,214
a8a0e817f260c08bdf2ba52cb47fa117f8e069f3dc90b53934e06c828bc0a4cb,2025-11-01T19:53:49.226259+00:00,2025-11-01T19:53:55+00:00,214
09f822304159c9e347b14bb613fa2fba7acd573bcb672a073a1eb8876020258c,2025-11-01T19:53:49.355526+00:00,2025-11-01T19:53:55+00:00,214
0255e68ed08d5b542a6ea4dc89d0d3d8371bc16d5a015c6efe9a9c431fd10ab9,2025-11-01T19:53:49.481108+00:00,2025-11-01T19:53:55+00:00,214
f5ae659d7cb15ca82a7ebe871270a21a4d60676f3967e2a1f3a09f81e1b1aed2,2025-11-01T19:53:49.611363+00:00,2025-11-01T19:53:55+00:00,214
5ad7bb686e579bd1fb49f037c4b21071eb74704adb11346cd2e4694d800010a7,2025-11-01T19:53:49.740720+00:00,2025-11-01T19:53:55+00:00,214
fd9a16ceb4d7532951d66be2fe35ea8f28e30dd41eb47e02f93fb609b0b9600c,2025-11-01T19:53:50.211725+00:00,2025-11-01T19:53:55+00:00,214
d35f9f83b5e9fdf24bebdd04fcea067f9d5d75296aa93dbf844d5f6274b73184,2025-11-01T19:53:50.355631+00:00,2025-11-01T19:53:55+00:00,214
21ca126c18a066a88594d269ddd2493671f4eab2475ddbe2c6103b57a6a0526e,2025-11-01T19:53:50.485906+00:00,2025-11-01T19:53:55+00:00,214
7a97c0251b1acd12638616016c738777c4437bf25b49efd115a565d76973e213,2025-11-01T19:53:50.606987+00:00,2025-11-01T19:53:55+00:00,214
9931f27765d29e4c1638b0e35e8384d14ce1a5758c50354ebeeb0ae3220c0946,2025-11-01T19:53:50.732303+00:00,2025-11-01T19:53:55+00:00,214
35b185f6b0ddd15b7d08fe8ce63c93ad16691a88513aa06934dbe98af63ecdbc,2025-11-01T19:53:50.861471+00:00,2025-11-01T19:53:55+00:00,214
23c443eb1a1636f4e8d968b79f68daa528bcb194ad229f2a6b5a21117e9850d7,2025-11-01T19:53:50.985653+00:00,2025-11-01T19:54:00+00:00,215
267a18f03c3e581362398479a8146c1c3e170911d101c423a53dd6883739e29f,2025-11-01T19:53:51.106367+00:00,2025-11-01T19:54:00+00:00,215
6f414b2e7551f70758a01baaa89ef4678c41dec3dd8b17e918e9685468610dc2,2025-11-01T19:53:51.229620+00:00,2025-11-01T19:54:00+00:00,215
f688978b8e209d9efdfa70a129266ecc8ccfebbcfae288b472058ccb55cb7111,2025-11-01T19:53:51.350653+00:00,2025-11-01T19:54:00+00:00,215
b133ad62648e839e57382bfa39c18fdfdbffd3114237114be14ff5e72006c813,2025-11-01T19:53:51.480040+00:00,2025-11-01T19:54:00+00:00,215
d3d1f8c025b3d0f617b5fccd6ee226091f168bb483eb5003e1f9114e14497085,2025-11-01T19:53:51.607082+00:00,2025-11-01T19:54:00+00:00,215
264f0656c506f67efa39b285a9831f144749fec09cac41145da51f8604661c04,2025-11-01T19:53:51.729733+00:00,2025-11-01T19:54:00+00:00,215
efe735ca3625a7ea61f218737c05ccc33d971cb44d4434013a18746ed04f7361,2025-11-01T19:53:51.854938+00:00,2025-11-01T19:54:00+00:00,215
0b534ce2fb927ea9453af2b63a9ed51f2af81db766a5260fc2063f36e34dd56d,2025-11-01T19:53:51.982234+00:00,2025-11-01T19:54:00+00:00,215
ecfa92b38b97b1f5ff5344055dc2fa3009c282cace64ff03877ce81264c9d34d,2025-11-01T19:53:52.107372+00:00,2025-11-01T19:54:00+00:00,215
27d552553e904e7258b519b6b0d6aa4838d517bae88ba2c0e82b1ade6d4442b3,2025-11-01T19:53:52.236865+00:00,2025-11-01T19:54:00+00:00,215
be14afac1f4ec95b53e7270eeae85e7b2ff1f0fd92a675400db379f18185d768,2025-11-01T19:53:52.367744+00:00,2025-11-01T19:54:00+00:00,215
b4544d742e4b41bdff2f480dd0f297c104ff3011312592b9e4b3e39cd7280f0c,2025-11-01T19:53:52.492812+00:00,2025-11-01T19:54:00+00:00,215
3ea8637e69412d8519721695bd64dfac0d87c39cbfba1c57f5a20383d55d2b21,2025-11-01T19:53:52.621179+00:00,2025-11-01T19:54:00+00:00,215
fc533acecf0dc3a08e6525e73c27eeab3654e99f35537c263f20dee89c2c39f8,2025-11-01T19:53:52.745339+00:00,2025-11-01T19:54:00+00:00,215
625b74b4d2d3f2c0095aef1ae3e018cd28815d619c7556e15c5afc90ab810bd1,2025-11-01T19:53:52.874318+00:00,2025-11-01T19:54:00+00:00,215
2f4f15b929433e91134567c43b56e767e0fbb82a0094ac051cb637a850393d57,2025-11-01T19:53:53.003685+00:00,2025-11-01T19:54:00+00:00,215
424c90735417d35116e17bb9777b58ca75ccf44fccf9d5afd2aa44685b62d425,2025-11-01T19:53:53.149527+00:00,2025-11-01T19:54:00+00:00,215
77dd633fc289e38ff10715b3f0ee2764eff5cebd809c664baee6ce9efc92811a,2025-11-01T19:53:53.445708+00:00,2025-11-01T19:54:00+00:00,215
2836dabfdec22dc7ac83e516ff1b0998029f7f0c989ace98c91f8d7a555dcfac,2025-11-01T19:53:53.600726+00:00,2025-11-01T19:54:00+00:00,215
90b09672d4b702638d537a0828a4f7be59110d0c35f3cfba034368237476d216,2025-11-01T19:53:53.724234+00:00,2025-11-01T19:54:00+00:00,215
e1c3e7181efb5f610e9a580bd3b446c3b85b2c277f3c1833fceb8431091318d1,2025-11-01T19:53:53.848708+00:00,2025-11-01T19:54:00+00:00,215
ce74513b6a6ae5a38f20f7eb5353c49c1ea94175b5168a1764c96ed4147ffe9a,2025-11-01T19:53:53.987329+00:00,2025-11-01T19:54:00+00:00,215
cca7273f5ff79ff32dcfa3935a08f3b72b217ef1a5b939e8df3938217388f43f,2025-11-01T19:53:54.113986+00:00,2025-11-01T19:54:00+00:00,215
a0af4ddb341f5abc98ac20c710eff601dad5840f37bd3acd085dcd6fb354e64e,2025-11-01T19:53:54.303317+00:00,2025-11-01T19:54:00+00:00,215
96260a75175959306d9471a7bddaac394211fc90b7f6bb4349c2b2e19a3a0307,2025-11-01T19:53:54.436213+00:00,2025-11-01T19:54:00+00:00,215
06c093987a57f0bc6b9f097a68592edc5cf6994a94375544c050c26c799c1b2f,2025-11-01T19:53:54.570165+00:00,2025-11-01T19:54:00+00:00,215
d38e9897539db088006900f07dc2a9f63caa343973572c553afb67320437c909,2025-11-01T19:53:54.693482+00:00,2025-11-01T19:54:00+00:00,215
d4ade413e2199f0f9cbc7a0c3ead52f3722d98d5867c9fe35d27779828b3a206,2025-11-01T19:53:54.823981+00:00,2025-11-01T19:54:05+00:00,216
22d069d4d3d36d305c27e75375281fbf92abbe7b32b2b9e780dfc0873fd48449,2025-11-01T19:53:54.952851+00:00,2025-11-01T19:54:05+00:00,216
880e68e23e89c9a9b9748bd81ca0760607bac62f826571c89dcad35f575c4ac5,2025-11-01T19:53:55.079272+00:00,2025-11-01T19:54:05+00:00,216
0a3c921ab157e34a9d39f2a6fee59a131436de666b356b5f951f8031cc7a8825,2025-11-01T19:53:55.409526+00:00,2025-11-01T19:54:05+00:00,216
bc0df6b2e4db35a5aeb17ed6b8681b0182f53e08ffa215e29fd418b503f6676e,2025-11-01T19:53:55.538633+00:00,2025-11-01T19:54:05+00:00,216
56f8096cd2db2467ab6dcd09a9036dd588551f0e667121988f60c979ae4d20e0,2025-11-01T19:53:55.665013+00:00,2025-11-01T19:54:05+00:00,216
72bfe18ca9c46b186e495a970bb240b24a8b4ee58ae0b43ded45d51ad45f6f06,2025-11-01T19:53:55.826951+00:00,2025-11-01T19:54:05+00:00,216
8ea5ab9e6998a9eba05f8dc7ef1f75ac746da93acba4743f943e140e37808186,2025-11-01T19:53:55.986599+00:00,2025-11-01T19:54:05+00:00,216
5ea11993e0bea17881f1766818350480b36e36622b7388758b6a9db00dcb11b4,2025-11-01T19:53:56.112221+00:00,2025-11-01T19:54:05+00:00,216
dc6d3a0e66f69e166cd29453bb62ee9ae335eff35c28413a648847696941f9e4,2025-11-01T19:53:56.236302+00:00,2025-11-01T19:54:05+00:00,216
03a405e8e97f325fc841253177170f16a742dc844f06f2282a6d3ae9c05e326c,2025-11-01T19:53:56.365337+00:00,2025-11-01T19:54:05+00:00,216
4ec9c1ac987746e76148af3b05f20517685db6edeac5d5d00c57398b162f2e6f,2025-11-01T19:53:56.492144+00:00,2025-11-01T19:54:05+00:00,216
0e6809b2bcfa284024628506db255ed203cf229571b68197a6e50f34be663fb2,2025-11-01T19:53:56.622273+00:00,2025-11-01T19:54:05+00:00,216
d1f66c1c24755dd030b1638d6a13945f86f969e8998de575ef502a06a2bfc5ad,2025-11-01T19:53:56.751660+00:00,2025-11-01T19:54:05+00:00,216
b66528833ad529d64334fab2f287ff1bc90ad1c8fbe123592fb8ec0c43eecd57,2025-11-01T19:53:56.882616+00:00,2025-11-01T19:54:05+00:00,216
c091ed6f244e5e26b4e42d056c73e2844bcc6cd3e68bec428831d8e71a68e29e,2025-11-01T19:53:57.029538+00:00,2025-11-01T19:54:05+00:00,216
f8a9cb11d3334a28e179d0e7ec842ab3343609f260726dc8e7eb1ebcb0706b1a,2025-11-01T19:53:57.153795+00:00,2025-11-01T19:54:05+00:00,216
c4703957f85413506b554e4d1f8b342b91c89bf8387cbf8005af1169af4e7004,2025-11-01T19:53:57.277006+00:00,2025-11-01T19:54:05+00:00,216
7a4a7ddb2a6f16e55066bfe84e92fc946319658d7f99c704acbc968d36fe85bc,2025-11-01T19:53:57.404625+00:00,2025-11-01T19:54:05+00:00,216
ff1828889ded8fe8441117ad6369cd802860ed718c2b92beb2eb38d006e9bf29,2025-11-01T19:53:57.528842+00:00,2025-11-01T19:54:05+00:00,216
1bf85ffa70b3381c3f9df901bd7f14ad21ac5f9cf9e1c054b3fd7e5f4fe92df1,2025-11-01T19:53:57.653908+00:00,2025-11-01T19:54:05+00:00,216
733b7df49e422d963ec04bf3e2170f5648702ae1761be93951c274c2ba900eae,2025-11-01T19:53:57.777420+00:00,2025-11-01T19:54:05+00:00,216
0f8b7fcffb209f22902b47d369bea3948f060a707565dc44b4e0dd00cc6a4614,2025-11-01T19:53:57.902454+00:00,2025-11-01T19:54:05+00:00,216
9ca8b2a73eabbc72b60e14909c474008a1439fa76f8bce40d6361f4d944bc37a,2025-11-01T19:53:58.037059+00:00,2025-11-01T19:54:05+00:00,216
7d0f21618cabbbcece53aec27b542b9983a784522d0088a77b4f221ba2dda3df,2025-11-01T19:53:58.171055+00:00,2025-11-01T19:54:05+00:00,216
a93a4cea099459a48e480507439f305ab8496726bdaf2b1e641a23f13aaea150,2025-11-01T19:53:58.310745+00:00,2025-11-01T19:54:05+00:00,216
71252a4f514c9d09df9c347678ac393cc90b47bd35b3feca9eb402e29569435f,2025-11-01T19:53:58.444538+00:00,2025-11-01T19:54:05+00:00,216
038f11954c78bab7d54aa3de2dd8be719e156cee59440d46c9d281b5d1ff35b5,2025-11-01T19:53:58.619778+00:00,2025-11-01T19:54:05+00:00,216
b5ba46cf3dc2b1201e8397ba86cedbe3049dc062978b9ea6f47d828a173cfca1,2025-11-01T19:53:58.741178+00:00,2025-11-01T19:54:05+00:00,216
c34a9b53acf2811f9b9cd0d73342382d92e2a06bc16658e72ac10498f08cca9f,2025-11-01T19:53:58.863980+00:00,2025-11-01T19:54:05+00:00,216
9c016cffa94924cf48fe3cf24cc800a990372b57929baed89480e349c20da0e6,2025-11-01T19:53:58.982558+00:00,2025-11-01T19:54:05+00:00,216
c9e70dbeb79f20b5f8eb3661d2fd0f4cd2c9bc7de591af8c1cd2f5b0d79e2966,2025-11-01T19:53:59.106705+00:00,2025-11-01T19:54:05+00:00,216
57d84bf4d0682da5646c17a5b72a9f4377f608fdfc2b0ba07e3007f691bec21d,2025-11-01T19:53:59.241163+00:00,2025-11-01T19:54:10+00:00,217
7acb54b51af0fcd3b1f1d9520cdc92dff8b072af0dc6febec08ab20c2c443c42,2025-11-01T19:53:59.367715+00:00,2025-11-01T19:54:05+00:00,216
c238b8a9b42a8067b8a7f884bd6d0decc814317fe434dd99efd22bc8c294ebd1,2025-11-01T19:53:59.491158+00:00,2025-11-01T19:54:05+00:00,216
37032a1eefcefa0c0c8846755855310a3748efc96b5e1d29b23a389394a560e0,2025-11-01T19:53:59.612902+00:00,2025-11-01T19:54:05+00:00,216
ea84ceac37716f9f67e0d81d1ef109fd6b0a6c11e031bd52e090ed59dd3f7245,2025-11-01T19:53:59.732419+00:00,2025-11-01T19:54:05+00:00,216
de8adc369af09de1c7e29c4beeeb162cf0bcc921f6a826334b681309e24fdda8,2025-11-01T19:53:59.861089+00:00,2025-11-01T19:54:05+00:00,216
7598a96a83a20409acfb1fcd30df98b71470414ee4f249aeea1a292cfc46397a,2025-11-01T19:53:59.983419+00:00,2025-11-01T19:54:05+00:00,216
7f1a42270444cb0649a5437952c647745c9e2c5a31c75d5231f6fbaab6e7801d,2025-11-01T19:54:00.108647+00:00,2025-11-01T19:54:05+00:00,216
0e88051440e9b0a944131a6f957a1d04126abaacfadf9d1c3b97512f8d13dcda,2025-11-01T19:54:00.228607+00:00,2025-11-01T19:54:05+00:00,216
e484447476a4888633b82a45e5bd42981a3d8ffedf177884f099cb366c506ca0,2025-11-01T19:54:00.348780+00:00,2025-11-01T19:54:05+00:00,216
8b953071940c9c2c1c3465579a27d1eae0ff9d87334db41b9e31441d4a32dae6,2025-11-01T19:54:00.677815+00:00,2025-11-01T19:54:10+00:00,217
752d17e4835714ae36b76740416bdf6af686d16dfab1507463f805dbb2275a41,2025-11-01T19:54:00.800050+00:00,2025-11-01T19:54:05+00:00,216
980b62436621df0c7ced324ba9a0b7cf200e86fa675ad186de933a2bdad03430,2025-11-01T19:54:00.921930+00:00,2025-11-01T19:54:05+00:00,216
630b971b76b1d9e73b495c13e5a313c3a99d6f841311d3713a9805c02f2821a3,2025-11-01T19:54:01.042910+00:00,2025-11-01T19:54:05+00:00,216
557b5726f1dfdfd134aa7fe658fc88715484042b25eeb58dd99e59e9f8a3f297,2025-11-01T19:54:01.171887+00:00,2025-11-01T19:54:05+00:00,216
43c7bc654b38ad4541cff3dfa943e14eeeb5db58c16f0ee12c578d63a7985ffe,2025-11-01T19:54:01.294768+00:00,2025-11-01T19:54:05+00:00,216
d41a4848a7346b565ad391db902779b7d08972cbee74e5c2c1a2bda894bb828e,2025-11-01T19:54:01.416859+00:00,2025-11-01T19:54:05+00:00,216
c3898c3ffd1bd274aed83adaa9294f2659f79e6c82eb5eb036723aa0d0fa0f5f,2025-11-01T19:54:01.538530+00:00,2025-11-01T19:54:05+00:00,216
8c9134329372eccd1087fb279bce1342cbc58d84bd2acd581e84a9fc417fea91,2025-11-01T19:54:01.665137+00:00,2025-11-01T19:54:05+00:00,216
8818fc768853fe509d77be0c10f92934df5c532004dbb4255c694b8e29c48bce,2025-11-01T19:54:01.792846+00:00,2025-11-01T19:54:10+00:00,217
97cf082049c3e2823cd7d752b8ea81dfde15959d0be57c14ed797ab4837689d7,2025-11-01T19:54:01.916280+00:00,2025-11-01T19:54:05+00:00,216
cebca58e831de1479832d9a8a97151fe7a450d1fa897afa780aec9ab4df96427,2025-11-01T19:54:02.044596+00:00,2025-11-01T19:54:05+00:00,216
e665323f70b7c1201acbdc27faa5e0bcaa412ac3ab3666375d010c6c9ee3c836,2025-11-01T19:54:02.173118+00:00,2025-11-01T19:54:05+00:00,216
2300561d4e455d84d54885a07cb5fb864733d845b4aa6976fa02241c481b1231,2025-11-01T19:54:02.298744+00:00,2025-11-01T19:54:05+00:00,216
c835ab43911339c8f47e4711d80ff6f45be71e61ddccd1b67a3a2f71d1d10995,2025-11-01T19:54:02.423670+00:00,2025-11-01T19:54:05+00:00,216
2542de31e4b2866c06d686474111478bce0f6adcbd459c888192c0376341c036,2025-11-01T19:54:02.556252+00:00,2025-11-01T19:54:05+00:00,216
67c0a055ee31a449bf457e0f999315f3a6ea976bfd346eedec886d1d18bf2d77,2025-11-01T19:54:02.683647+00:00,2025-11-01T19:54:05+00:00,216
3664adc395b59d71d5840ce9fadb4bd3dca0e417655381067d25b98a65409bd2,2025-11-01T19:54:02.807653+00:00,2025-11-01T19:54:05+00:00,216
f75b6621ed0e84e7b9ca67257a473396e08828d0939a439f7cf4b01c5a538e5b,2025-11-01T19:54:02.935798+00:00,2025-11-01T19:54:05+00:00,216
11b7f0a0197f1dc7343259369876885337eb740c138fbf1c216f9f442a155005,2025-11-01T19:54:03.065093+00:00,2025-11-01T19:54:05+00:00,216
bfc283a9fc295759d4669e9bd99a18476e1213c5e0cd2b55fe4578b9ef1f27dd,2025-11-01T19:54:03.197627+00:00,2025-11-01T19:54:10+00:00,217
8968e3aeb3c9781ca54883685cd9a811cf6060a69b6feea298167efd990cd82d,2025-11-01T19:54:03.321005+00:00,2025-11-01T19:54:10+00:00,217
b6955ea19931381d9a7600583937ada79f7bf33f94d2123f6ea6211852922ed5,2025-11-01T19:54:03.441480+00:00,2025-11-01T19:54:10+00:00,217
9bb8ada50f29ed940b43dffb0a97d46a702fc04b12ec648c05de1b621821b6f1,2025-11-01T19:54:03.567526+00:00,2025-11-01T19:54:10+00:00,217
4dafffa8f7ddd15d26849b86d04874b461ea5dc0afcd901366f77fcffd2baad1,2025-11-01T19:54:03.689015+00:00,2025-11-01T19:54:10+00:00,217
67b60560b5ba1e3f79141738d650ca83ad0ec43fa2d6feb58848150a3690264d,2025-11-01T19:54:03.809021+00:00,2025-11-01T19:54:10+00:00,217
9077e12c74cb85dffe463fb2920a6843c97a3d75c3e0fb793a103ec4996b3047,2025-11-01T19:54:03.933465+00:00,2025-11-01T19:54:10+00:00,217
df493068d5572b52f7dfae98792b3fab608967faecf138f376811c3e0b599145,2025-11-01T19:54:04.055512+00:00,2025-11-01T19:54:10+00:00,217
c399c48e7c84b8e014eeceb47a701e4ee42b3f429e710d274245e367a701889e,2025-11-01T19:54:04.178517+00:00,2025-11-01T19:54:10+00:00,217
f9e514f6f19b4eb25f80fa330add6d595d98d3a1bd9ee1e3fe2c8f287fe16fb8,2025-11-01T19:54:04.300499+00:00,2025-11-01T19:54:10+00:00,217
efd6bc5f995cca002a4695b8f9177872a0ab20028755e9cce0f6899cca7067c0,2025-11-01T19:54:04.419378+00:00,2025-11-01T19:54:10+00:00,217
b50d3c519e740c825606da435477ba067b4b81010bcbc7a86554d442ccae3abb,2025-11-01T19:54:04.539037+00:00,2025-11-01T19:54:10+00:00,217
1e2c674af248404792eb62967faf39711c3fc40db2c05dda7b8c234c21f2cd10,2025-11-01T19:54:04.667443+00:00,2025-11-01T19:54:10+00:00,217
c237baf2a8fb9256f89683bbb1e39335ee90df4c089feb2dcef2d98586cfc637,2025-11-01T19:54:04.789450+00:00,2025-11-01T19:54:10+00:00,217
c7f20c4fc8674905d7892c89ce9e0fca728f917157b10625fb276b8faf40472b,2025-11-01T19:54:04.910193+00:00,2025-11-01T19:54:10+00:00,217
795bc7e2774121e21264911122eb3c6b6d7252cfce4f7a58cde7eb57a7859992,2025-11-01T19:54:05.036828+00:00,2025-11-01T19:54:10+00:00,217
88a521a783937836e218906d59128efad5a1585fb6b439997adad641c5028fd5,2025-11-01T19:54:05.160276+00:00,2025-11-01T19:54:10+00:00,217
f38342223aa7b3fa2cbb2c9e395466895837f09280ed2f839141b061ab6c3d4e,2025-11-01T19:54:05.303848+00:00,2025-11-01T19:54:10+00:00,217
3bce552df70548098be1a84df32fff66b6c5418c5d360640e959c211cdea52a5,2025-11-01T19:54:05.426700+00:00,2025-11-01T19:54:10+00:00,217
0f5fec5250a9498b4ed2c092af74eed34d40d66d1981f33e4e6aa24d4266ec7e,2025-11-01T19:54:05.555972+00:00,2025-11-01T19:54:16+00:00,218
20c0d202925290aaf03937100b5bf5913e9a77c7b9faefffd7b96d565cf73ab1,2025-11-01T19:54:05.895368+00:00,2025-11-01T19:54:16+00:00,218
06eeab862f97669beb9f85addedc6bd5bbd6af6f77067f50df01f5d92a4e6acd,2025-11-01T19:54:06.028489+00:00,2025-11-01T19:54:16+00:00,218
453093c9faf52f08cb7fe403433e5dbce8d731c40f35a192765caec45093319f,2025-11-01T19:54:06.151530+00:00,2025-11-01T19:54:16+00:00,218
1f52c6315d5adc1fe0817507a82565c4c4cb697c9dcf2a192c58ff31d7b2af30,2025-11-01T19:54:06.277731+00:00,2025-11-01T19:54:16+00:00,218
e28e5f02f9f8970d1c2ba20170fa079c7b6a240749d695e17e71590893a707aa,2025-11-01T19:54:06.400698+00:00,2025-11-01T19:54:16+00:00,218
dc05a3c6313e1aa96aa9dd6d68d929d829cdd3489593af0c450f7f4bc578d2b6,2025-11-01T19:54:06.525146+00:00,2025-11-01T19:54:16+00:00,218
4b5a25634dc8872d9f6496c8150ac0ef7537e08eb0b2aa46a4138b235ca1662a,2025-11-01T19:54:06.648937+00:00,2025-11-01T19:54:16+00:00,218
054e11418e2fabed23a29387a3f5a662e89d5cd29ba2c8246cc0a81c9e166a38,2025-11-01T19:54:06.819787+00:00,2025-11-01T19:54:16+00:00,218
27a2a0910b0aa6eb2105d8e023a4686e2fe4c535853efc0aad0e0da00a2bd71b,2025-11-01T19:54:07.018290+00:00,2025-11-01T19:54:16+00:00,218
fab13400bc045775221994539614612f4ccc94a78e438be58d7552098766c0f2,2025-11-01T19:54:07.217572+00:00,2025-11-01T19:54:16+00:00,218
2dd0c26fef7e7585ec0de5a4f751b76148ed962056e1fc7c4af60a877efec0f9,2025-11-01T19:54:07.410575+00:00,2025-11-01T19:54:16+00:00,218
b3c2d877c11128eac08946f3e1287ccf6a97abe3e33f35af4d8103e1647d01fb,2025-11-01T19:54:07.537667+00:00,2025-11-01T19:54:16+00:00,218
5d474b7a3f3c7a0ac0ba383dc13f1b26b22379c6afd633946cf9f846a14e14f6,2025-11-01T19:54:07.661272+00:00,2025-11-01T19:54:16+00:00,218
7a33a6b40c10b5efe3855b652fa538ef4f332a12021d16a0113de04a0ddfcb21,2025-11-01T19:54:07.785527+00:00,2025-11-01T19:54:16+00:00,218
46a9e15fdf9e07b8bf70ce30e8249199afe89c52e8ed447c1b65df06f2805962,2025-11-01T19:54:07.936485+00:00,2025-11-01T19:54:16+00:00,218
bf2e0ab4c034ad54babb8ae084b0573f0dcd8b47f4894769d7b021e0971e031e,2025-11-01T19:54:08.059391+00:00,2025-11-01T19:54:16+00:00,218
252fd9cffde79dbd4f26214fd2ab757ad108eabab0d3e88031f6f19beee55c24,2025-11-01T19:54:08.189879+00:00,2025-11-01T19:54:16+00:00,218
8457f5ea51a0c2867df6d7002184019ee1b78c1ac6396b080bcf5cd20dfc1c74,2025-11-01T19:54:08.317902+00:00,2025-11-01T19:54:16+00:00,218
43fe5f4b9c690c2d74504ef884cf5ee0704dba7003ace72ae24c8a29263f598b,2025-11-01T19:54:08.436591+00:00,2025-11-01T19:54:16+00:00,218
2ce7f154b0194fda6569e39426fb46af2d92dfdea96b90aac9ded414d53ac6e6,2025-11-01T19:54:08.555679+00:00,2025-11-01T19:54:16+00:00,218
ca2c722efdd148b8f88db7b88baf62cf435d6b31fcfd3c0c01abd6ecda91f4b3,2025-11-01T19:54:08.683909+00:00,2025-11-01T19:54:16+00:00,218
150fc40d2ce71113bde6a64106a727de5a5a5f2d0a97c6a64c4dafb4c3ec5b1f,2025-11-01T19:54:08.816224+00:00,2025-11-01T19:54:16+00:00,218
91a513b68404989cffbf98bfbd8fe186682faf6d4ce71d1b621474b34d80e562,2025-11-01T19:54:08.938538+00:00,2025-11-01T19:54:16+00:00,218
52fe69140592b2488c56dc2ca8fa887d1524fa862d4bec7193bf4f117fc4dd44,2025-11-01T19:54:09.065587+00:00,2025-11-01T19:54:16+00:00,218
b4c6d0e74900e45cc68589ddabb467f37c1f4f25afd3dd9f227c609eaecfa7eb,2025-11-01T19:54:09.192590+00:00,2025-11-01T19:54:16+00:00,218
18a840d904020ff8877a1611c3b1f278acb96ffad9ff3823cfa78fcb7e4fdfff,2025-11-01T19:54:09.312463+00:00,2025-11-01T19:54:16+00:00,218
08c9819ab3cbce8f8ff92b1bc1423a4f422c7430431d68ea1bb3cc45d0664f37,2025-11-01T19:54:09.451195+00:00,2025-11-01T19:54:16+00:00,218
c2c4768937944317ab35daf6dfe546a55851cad3e95526081527cae17a15c4dd,2025-11-01T19:54:09.574581+00:00,2025-11-01T19:54:16+00:00,218
cab663e50f812b1946102948bc2d667b0029a2e425cdd3512656bd2fd374bc19,2025-11-01T19:54:09.695047+00:00,2025-11-01T19:54:16+00:00,218
a1451e15eae4498a04a40e72c526dad97fa6d2d85e08f161ffbc00d9795d0b55,2025-11-01T19:54:09.820568+00:00,2025-11-01T19:54:16+00:00,218
66013f16a233aedf250e93cb964dd426405d7a4b1ad0d3e6135c03fa3642d3a5,2025-11-01T19:54:09.942871+00:00,2025-11-01T19:54:16+00:00,218
320e201b45a151ae0cd48c92fdd1c77ff08f0f80acd07f2c1ba0e25286b982f6,2025-11-01T19:54:10.064251+00:00,2025-11-01T19:54:16+00:00,218
588172c327be7d5b417a73986b7b29a786a76eaeb33c1073dcfa06b2402aa2e1,2025-11-01T19:54:10.184470+00:00,2025-11-01T19:54:16+00:00,218
8ab00178270b6782d956bccb2bd8d7e5c2d424224283f9e7da51c5d6f437e33e,2025-11-01T19:54:10.302981+00:00,2025-11-01T19:54:16+00:00,218
c0dd36d36add042a3b5a02bc2ba0ef8da7b5fbbbe2c6c09e04d43ea2bb195b3d,2025-11-01T19:54:10.426477+00:00,2025-11-01T19:54:16+00:00,218
41c0015502b669120b35aefaf96d0f458a857a3fcd5406fd5b816eaacedee6f0,2025-11-01T19:54:10.549026+00:00,2025-11-01T19:54:16+00:00,218
7ef016b7d018521b8ac2d8a5df6b80603799e5ebdb7e445e3b6499d3fac9619a,2025-11-01T19:54:10.675368+00:00,2025-11-01T19:54:16+00:00,218
b2b02f95ef04bed07ea408bcf89597d4b8a9080466d2a0be631fd33685664b3d,2025-11-01T19:54:10.801526+00:00,2025-11-01T19:54:16+00:00,218
dcd2e5d935dc6e954e5e6131b79fc23c85df0ae13d3bd218d9522f79ff73ea01,2025-11-01T19:54:11.128647+00:00,2025-11-01T19:54:16+00:00,218
3107118591df61a95b520e0d96717540abc937a35d4e09fd14500e2494bf1bd0,2025-11-01T19:54:11.254364+00:00,2025-11-01T19:54:16+00:00,218
ef784d8617feab40fb836edf54d05706af44aa1e26c9f746fe6c6bed1b652a5d,2025-11-01T19:54:11.376587+00:00,2025-11-01T19:54:16+00:00,218
fbea5a3c36191c5d17f83eb1f7f7373add8122d7b82d714b3c591d2178967e00,2025-11-01T19:54:11.499172+00:00,2025-11-01T19:54:16+00:00,218
4e48c924ea921c7fcfccde8b410f0a2035057c70d91b2630a24115abd72a3b00,2025-11-01T19:54:11.624671+00:00,2025-11-01T19:54:16+00:00,218
543517ace0b7124debfca82326c5ba7585de2f2b78768380fbd9208facf7e08f,2025-11-01T19:54:11.750328+00:00,2025-11-01T19:54:16+00:00,218
e64efc6dbb8d8769ef182d6d937046f8534b4c26355516057791792846409ea8,2025-11-01T19:54:11.877409+00:00,2025-11-01T19:54:16+00:00,218
f6bcfbb4a8370e185633166349dd78cd4417e92a184d06603e43dd8e4e97030e,2025-11-01T19:54:12.037762+00:00,2025-11-01T19:54:16+00:00,218
66dae35b53ce035bd301baf5466b1fbf05861bd8b958371e4e0e29e48227067b,2025-11-01T19:54:12.160682+00:00,2025-11-01T19:54:16+00:00,218
0153e7882569b4afd1d600b8085d211c89521a49bf9f7312cb218b358bc1e064,2025-11-01T19:54:12.284150+00:00,2025-11-01T19:54:16+00:00,218
a491f22b2af0592f121ad10a59537ac512c9fc0da1ea3a832ac57fdfc98a308d,2025-11-01T19:54:12.410582+00:00,2025-11-01T19:54:16+00:00,218
dc08576d60a861ea48cacaa4f4507f4392c317f42350bf00582f146cce4d35f6,2025-11-01T19:54:12.535047+00:00,2025-11-01T19:54:16+00:00,218
988fa1beffc297b577065ad625d1fcad3e654d3fe58c786865587ad44e485209,2025-11-01T19:54:12.656336+00:00,2025-11-01T19:54:16+00:00,218
4c514ca8e2fc7bc131b336930adb79021b97c249de05aaefde3965284f7fb37f,2025-11-01T19:54:12.779763+00:00,2025-11-01T19:54:16+00:00,218
58273f3cd34dec1fac352a652d539a038bd85bf20cffde2b6b088fb2825c5618,2025-11-01T19:54:12.902467+00:00,2025-11-01T19:54:16+00:00,218
cf4fa97df76a6f40ee43c0cdb871b224b4cfaf114e384f4f347e5dfe481cfead,2025-11-01T19:54:13.023455+00:00,2025-11-01T19:54:16+00:00,218
eaba4fcf21e8482577e1bd39ef90d6cbe88419522f31b93561b24e23b563a931,2025-11-01T19:54:13.146606+00:00,2025-11-01T19:54:21+00:00,219
1c510315aa10a0fe166e0d68ad6ee7dbffc95144029e24a3b5634e6804763fdb,2025-11-01T19:54:13.270876+00:00,2025-11-01T19:54:21+00:00,219
98075902c18e0fbb7239cd093ef1bf0e1457fd584ce2144b87ff20e6bddb0c05,2025-11-01T19:54:13.392105+00:00,2025-11-01T19:54:21+00:00,219
454b4214efd4e99c5b2f033d49f584fbce61a7b6806f4b3fbb56ed6045c372b7,2025-11-01T19:54:13.517540+00:00,2025-11-01T19:54:21+00:00,219
0b54a3d8a6fd107a9bbd819748c5c0b9e7d49edc59c5280cc85dc32a05526882,2025-11-01T19:54:13.646281+00:00,2025-11-01T19:54:21+00:00,219
d61c360804171f877ae34147423f356df8be092e073358e6902c43194bc259a5,2025-11-01T19:54:14.024865+00:00,2025-11-01T19:54:21+00:00,219
d3a1b05a1ddacf497119f238101c5399e99f668e5e4532227935d5daa811253c,2025-11-01T19:54:14.146212+00:00,2025-11-01T19:54:21+00:00,219
d816de3683714a17d35fb16c948e2b1058ec15fda61bf5cc48943442cc446084,2025-11-01T19:54:14.272213+00:00,2025-11-01T19:54:21+00:00,219
93d0f721942c9ea7609136c52fd31623b46542084592f9ce626723b0f1841806,2025-11-01T19:54:14.397804+00:00,2025-11-01T19:54:21+00:00,219
2e677674a769e8d2c789d60222b26bcc1a487231a67fc4c33abf538eaf080ba5,2025-11-01T19:54:14.522877+00:00,2025-11-01T19:54:21+00:00,219
d753e1942b06a446c8e52eab6f596cd687caf094376cf0bf00d8f2e5be4823e6,2025-11-01T19:54:14.645219+00:00,2025-11-01T19:54:21+00:00,219
10824ce48561526751090ca37646c364e81f446c5796b93b0050f208d82f1bf7,2025-11-01T19:54:14.767525+00:00,2025-11-01T19:54:21+00:00,219
2aec2072e171275aa2da4d1dc10b64b204c4e0019bb8359adaf58ebd55627a48,2025-11-01T19:54:14.894056+00:00,2025-11-01T19:54:21+00:00,219
2fa19e7f00968bc70f248cec5fdae4ccc7a751ed3c5f56dafb3fdb7e0422559e,2025-11-01T19:54:15.018725+00:00,2025-11-01T19:54:21+00:00,219
0b5d8f061e57020c4f20a0296db40e4680e0ca62f3c5dcf119e1831710b2c3c9,2025-11-01T19:54:15.150415+00:00,2025-11-01T19:54:21+00:00,219
a96bf5d930dbcbd15530223ab94bc41b8bf4ebf703e5f81862fe5990bed73b66,2025-11-01T19:54:15.271942+00:00,2025-11-01T19:54:21+00:00,219
63650bcce41fc2e27e63941486cb48769de960594e3a8ab1fe4cd54129e74685,2025-11-01T19:54:15.392545+00:00,2025-11-01T19:54:21+00:00,219
11a49e0db8f1ebde8c37167fa96c8c442888d48435ea22d8b2da863797794a66,2025-11-01T19:54:15.511433+00:00,2025-11-01T19:54:21+00:00,219
1e08720af3c8a0c32ab15be528179e2ee5299d243b5020ba7ec319b7d8605251,2025-11-01T19:54:15.631548+00:00,2025-11-01T19:54:21+00:00,219
2b3b77e286f57ed931c57eff9a9501b4f00895371ff019f4161c8a00138762a5,2025-11-01T19:54:15.768485+00:00,2025-11-01T19:54:21+00:00,219
856544a3f122c0c763767d5358837582eeaf0397179f7f50ed30d7dc1668bf10,2025-11-01T19:54:15.897239+00:00,2025-11-01T19:54:21+00:00,219
8b602e3cd7460a7270ecbe0a02d8386b9c787626761cb669d6145c66c62f6c76,2025-11-01T19:54:16.179206+00:00,2025-11-01T19:54:21+00:00,219
4a3c96b6f2c1baac288bc2fb5ccc755d73f7faed5d62d05bba2bc94459f944db,2025-11-01T19:54:16.513944+00:00,2025-11-01T19:54:21+00:00,219
91632e4b6469dc0f1adcab9207a42a36b4ee670e39cd3762901c3a6cd1deae97,2025-11-01T19:54:16.637558+00:00,2025-11-01T19:54:21+00:00,219
ac0bd27ea1063d2a66ca0dd4f13550023fbe675828fe7dec393ba4b7d06a9a52,2025-11-01T19:54:16.798643+00:00,2025-11-01T19:54:21+00:00,219
984c4d388c054e8e55f76c412ad8d982454478e40498f71c4ddf864a76122c01,2025-11-01T19:54:16.965982+00:00,2025-11-01T19:54:21+00:00,219
d92282d64c34087b31c54591d1e43ec6010ac533d41e662355356530f105cfa2,2025-11-01T19:54:17.181811+00:00,2025-11-01T19:54:21+00:00,219
0e16fb8f5ebf0a0cad1d375f67f427b2ca68e8cc9bc6831adac4f86bd5ce4431,2025-11-01T19:54:17.353673+00:00,2025-11-01T19:54:21+00:00,219
1220e5eb3f272bf496725a00f050f207f45d2cb0cbf55045a6d4617fd9903384,2025-11-01T19:54:17.476783+00:00,2025-11-01T19:54:21+00:00,219
be2530a6f027c9ff1eee84b8939b00567342a657885e25afe8f85801d76020e2,2025-11-01T19:54:17.611155+00:00,2025-11-01T19:54:21+00:00,219
f19d9c266301c8f79dfdb05ffef50c957d05d4da41581ce1cf77d27557c0d8f3,2025-11-01T19:54:17.731787+00:00,2025-11-01T19:54:21+00:00,219
95a1c6ecd4f6c0662bde73825ac40ba4162e1eeb123b5cbd2162136e88af472b,2025-11-01T19:54:17.855317+00:00,2025-11-01T19:54:21+00:00,219
f8a8bca02f3e462f2d7adf9616c47d5620aa9e5276d053663d19d68f37f2a189,2025-11-01T19:54:17.979007+00:00,2025-11-01T19:54:26+00:00,220
e45237dc8db522c9d5c96615903725001640a619a3eb557d925e381b94ef7270,2025-11-01T19:54:18.114489+00:00,2025-11-01T19:54:26+00:00,220
bc371ff9d9563d62c581fb650f38f601ad3749e08d0ab820a02af607dff8f71e,2025-11-01T19:54:18.249870+00:00,2025-11-01T19:54:26+00:00,220
2f652309222b8d2c50156e099162ab80d97506946196c1f105dbb2f95c03c74b,2025-11-01T19:54:18.377301+00:00,2025-11-01T19:54:26+00:00,220
2ff12b81252205e2ad5ed3edf7483041cbbbe183a0f980aa89644a1ab7624483,2025-11-01T19:54:18.497121+00:00,2025-11-01T19:54:26+00:00,220
0465cf1e92a85e7f39e6baac401d21433ee40a480f0a6cef6f4bf5133a994bcf,2025-11-01T19:54:18.622161+00:00,2025-11-01T19:54:26+00:00,220
5eac4aac34885b0e136d4d04e9373c39ba06b381fd5aa7c1822f9218f4c51896,2025-11-01T19:54:18.744326+00:00,2025-11-01T19:54:26+00:00,220
16c7c4b8c12649014d2cfb24ee9f34701a88bbbfc9a2a0afddf2d2130f1161ea,2025-11-01T19:54:18.867589+00:00,2025-11-01T19:54:26+00:00,220
b1df84775ab3f74fc805d2d03bb32f32282f517b4e18572067c55301db62989a,2025-11-01T19:54:18.992262+00:00,2025-11-01T19:54:26+00:00,220
af3f95831a860ffd6134eb8c2793d70b43a51a4ef6317ab13a854d18ee711885,2025-11-01T19:54:19.115932+00:00,2025-11-01T19:54:26+00:00,220
863551e3335d6c1d2602fe5b0eccece1439729c21bb79ba9f1a6c176828b42b7,2025-11-01T19:54:19.236663+00:00,2025-11-01T19:54:26+00:00,220
cf5796f7f45f772f82a72f8fe225192b1e7fafdc9fd416f6b8145354887b1029,2025-11-01T19:54:19.371835+00:00,2025-11-01T19:54:26+00:00,220
6c46c9fe6992481bc16c407f1da1c8a984c40daf7cae63d11dfcfae490843bb1,2025-11-01T19:54:19.522687+00:00,2025-11-01T19:54:26+00:00,220
c8b5ad4d80c0b543012beb4c26c2cdcb73a1347c7e667772c819b5102916f9fc,2025-11-01T19:54:19.642242+00:00,2025-11-01T19:54:26+00:00,220
84173a2c20c7e562434f9fec4fc05e434c3a4d85414e7e910b9d4699a4059d02,2025-11-01T19:54:19.766580+00:00,2025-11-01T19:54:26+00:00,220
e849f241526732eaeb6f114f297be1828b9725c66ae445c17bd9306facd2ce2c,2025-11-01T19:54:19.894384+00:00,2025-11-01T19:54:26+00:00,220
fa961b3fd833cba5787724cc329ed723fdfa1567516d0abf537cca9d7c6a5474,2025-11-01T19:54:20.018840+00:00,2025-11-01T19:54:26+00:00,220
960c87894bcc59c3ee0e982bdc408db4588ddd28a33d1d74a626842574717510,2025-11-01T19:54:20.138548+00:00,2025-11-01T19:54:26+00:00,220
1fc5be99b7354d9d1a146f1fe95ecbcae87fc0f71311d4b72ec8243e45877057,2025-11-01T19:54:20.260848+00:00,2025-11-01T19:54:26+00:00,220
bd1c85783336a82900fb649d49d1a2b6459edc2182ac096c9d4c79ccd059a177,2025-11-01T19:54:20.384317+00:00,2025-11-01T19:54:26+00:00,220
021854758b153704921cb987b78fc06b74e565f208a23c7f4b3a73a6341a3bda,2025-11-01T19:54:20.510534+00:00,2025-11-01T19:54:26+00:00,220
19ec51ad5d05e18b7ddfbe620575b9b7819793dd8402e6e3cc2951a4671a2b97,2025-11-01T19:54:20.640877+00:00,2025-11-01T19:54:26+00:00,220
fb9b150e77d2d91b2c3f5d30223cf1a65340c4d4fccdd0a0e4cfec367f6ace96,2025-11-01T19:54:20.768022+00:00,2025-11-01T19:54:26+00:00,220
1ffc466a643b7e8ce1f0c992b84a673eaf902e659ecf08494275e3de11081c07,2025-11-01T19:54:20.894588+00:00,2025-11-01T19:54:26+00:00,220
31c1a9ae7c0debc2a3ec851a1cece941bbaa6534e8af00cb0cdf689633a683b8,2025-11-01T19:54:21.026967+00:00,2025-11-01T19:54:26+00:00,220
a190f032709b7588abdb5de6f939998fa2b65306a4065a8615ed9b1b21e5e2a9,2025-11-01T19:54:21.155914+00:00,2025-11-01T19:54:26+00:00,220
80bc058bb26b4d07b20cc438dda3496aa8e219b3d3b0975b9e10a889be3bfdde,2025-11-01T19:54:21.286546+00:00,2025-11-01T19:54:26+00:00,220
e2940fb5c9d64b02339f078f7f5f14c3d941fb431d8fa47a2f6167d6f10134a1,2025-11-01T19:54:21.416306+00:00,2025-11-01T19:54:26+00:00,220
679f455b3815163d35fe87a603d044cfbcc0a87f10b365659c437215efcd04de,2025-11-01T19:54:21.750830+00:00,2025-11-01T19:54:26+00:00,220
668019cbed71c9777196508fe4a1ded1442281a1e1841248170675b01c29e5bb,2025-11-01T19:54:21.871437+00:00,2025-11-01T19:54:26+00:00,220
921bb84b68bef7d6fdaaa58d6712ad22e84ee072b48bda593f2b71315d06f16b,2025-11-01T19:54:21.996078+00:00,2025-11-01T19:54:26+00:00,220
22a70ec05c5cb77548526203aec9674a7509d4fca7113f16581fd653110cc189,2025-11-01T19:54:22.123228+00:00,2025-11-01T19:54:26+00:00,220
37f986667b9506d29627ebf75b6b49037069d5deab540c8d5b3070f2b244bfd4,2025-11-01T19:54:22.248413+00:00,2025-11-01T19:54:26+00:00,220
e7aad4183f34b424b33e8e3eea38896b1150907d2de83e474614726f0672bd1a,2025-11-01T19:54:22.372815+00:00,2025-11-01T19:54:26+00:00,220
4eaec4ee692209846870e50f11ac20cd1845b6e495aadee7a2e0d97e1b300da5,2025-11-01T19:54:22.497725+00:00,2025-11-01T19:54:26+00:00,220
d0ffabfca12fe09c92de95cafd4d7b98d564e9fd804392a5269e95e31c6e2559,2025-11-01T19:54:22.624128+00:00,2025-11-01T19:54:26+00:00,220
dc735ca6c5b5e53ce42fa1c3167dfe8af304ef1df5f4feb37f3de9ab6764a62d,2025-11-01T19:54:22.751003+00:00,2025-11-01T19:54:26+00:00,220
b5ec61d5e77b35541f6498aedc0aebb716b580ac371b2ca81e0a3c09053d1477,2025-11-01T19:54:22.878060+00:00,2025-11-01T19:54:26+00:00,220
9fba62ed733588dd5c507dcc1bb9e9a6e784c7c440f208ab7da846537cc022f8,2025-11-01T19:54:23.008606+00:00,2025-11-01T19:54:26+00:00,220
6c322d0b448626452403a4a15aa605e70f110c4549e90336e8014d84f2ad5787,2025-11-01T19:54:23.137674+00:00,2025-11-01T19:54:26+00:00,220
2accc498669767f8c5f172c4356ef91c674426066dcfc9235e91ede657a843bd,2025-11-01T19:54:23.269636+00:00,2025-11-01T19:54:26+00:00,220
3acfde5c76bdf64b25e59b536bf9f5e41816453137d5dac9f15b0bb04ebf3f44,2025-11-01T19:54:23.399223+00:00,2025-11-01T19:54:26+00:00,220
2520051932b5859b2934fb3010f926782a1cb5fa748d2a8648e971ecdd040dd8,2025-11-01T19:54:23.530039+00:00,2025-11-01T19:54:26+00:00,220
fc3a9c09e2ea12330ff6258d23a618f53582230d2fcddf064eeedf0960de47db,2025-11-01T19:54:23.656584+00:00,2025-11-01T19:54:26+00:00,220
1eedc9a0402f28193e99a932a2ecd2b1dfb746d03fe4ef79630c6c66f7f4a94f,2025-11-01T19:54:23.784387+00:00,2025-11-01T19:54:32+00:00,221
06e7d545d3654e352ed2ef534e20ba8cd8edbdfe392e46fee0b85f3135b88056,2025-11-01T19:54:23.915558+00:00,2025-11-01T19:54:32+00:00,221
26733d06d334c1168462f7c0b17e4b12c735c2424668fda76731966622804d53,2025-11-01T19:54:24.046021+00:00,2025-11-01T19:54:32+00:00,221
814ae5f5f964d1e0e2e1e1ce3b335e1920486de134717caf4de8ba0eb486fc7e,2025-11-01T19:54:24.170494+00:00,2025-11-01T19:54:32+00:00,221
607fffb8cbb389d01d68cc59083efb33de90ccb3a27c506f7501b9ac8396ea8a,2025-11-01T19:54:24.300214+00:00,2025-11-01T19:54:32+00:00,221
83c1387c38e942c7067147f565bdbdfc11d08ee1d90eedab1239f06b749c3e08,2025-11-01T19:54:24.428298+00:00,2025-11-01T19:54:32+00:00,221
dcfe1f81bdaf2132beb4c913631a73faa136842e1bfb0c2a550b18ae030bdb2b,2025-11-01T19:54:24.552715+00:00,2025-11-01T19:54:32+00:00,221
ade42f861acb8454d8735b4c134a901b7a16aceb6d7fa41ec44dcf518bd09294,2025-11-01T19:54:24.684122+00:00,2025-11-01T19:54:32+00:00,221
c7c8be8c3afe705fc6d84a49597f6b2ff3afc5dbcf154d732d3e515a6cb5d27f,2025-11-01T19:54:24.815649+00:00,2025-11-01T19:54:32+00:00,221
ae3b8936b8c2915c7566b3f45718eec3b7050c7279f846ef54b72a6384e4da9c,2025-11-01T19:54:24.943633+00:00,2025-11-01T19:54:32+00:00,221
9393b0635451f5197a3b0d618c6d0a4c0db67e2cd79e3839f5ebd827fd09182b,2025-11-01T19:54:25.073009+00:00,2025-11-01T19:54:32+00:00,221
0481b42796def405e9d978ff4ae17bb3b0b2a1316cdeb9c4641ea1c9224ffc12,2025-11-01T19:54:25.205719+00:00,2025-11-01T19:54:32+00:00,221
99b5540adf61bdfddc120c4426ce9b07c0dc2ac387792e5df1d7fcdf7e996fda,2025-11-01T19:54:25.335251+00:00,2025-11-01T19:54:32+00:00,221
22b59a734bc8a786b5aeaecfbc9d3ebeffa02cd74b5a1034beba70da9c7d507e,2025-11-01T19:54:25.467804+00:00,2025-11-01T19:54:32+00:00,221
a613b28443e0d0355d8bc53ddaf90de43b0e3d7a80cc77cc80d85c5722751368,2025-11-01T19:54:25.595154+00:00,2025-11-01T19:54:32+00:00,221
9a9d930fae67fac13ee1080a60164f2d7fb8a1968598c3cde71abee3078bc76a,2025-11-01T19:54:25.727708+00:00,2025-11-01T19:54:32+00:00,221
cb86ecd0497a3f8dfc294ef06aafbe5483e4759611231a7a224446daddb61f2c,2025-11-01T19:54:25.860651+00:00,2025-11-01T19:54:32+00:00,221
f271d239771b747b3a1ae519e527ea2e41853284645457d089241551ea3f809c,2025-11-01T19:54:25.983769+00:00,2025-11-01T19:54:32+00:00,221
2b8530b4155d89585308d838f3112bdbca48c333bf499b1cb806b262d6987e94,2025-11-01T19:54:26.108600+00:00,2025-11-01T19:54:32+00:00,221
857c2e95d53da89bc819349c69c4f5ab6db51b8707a1899d5e25c38f8cacdbdb,2025-11-01T19:54:26.233830+00:00,2025-11-01T19:54:32+00:00,221
1cbc669e7997b23c599299062df9fa370f5b6f72e7e567b63b673a0a3651a772,2025-11-01T19:54:26.354318+00:00,2025-11-01T19:54:32+00:00,221
a3c97bd418bf949f86fab18562ba51f5ad188029ec065f8f1d616a3b09356fb8,2025-11-01T19:54:26.499206+00:00,2025-11-01T19:54:32+00:00,221
d2a98528a2e4152697cd38be845e8df89747e753736de7c1622f1b272984e6ae,2025-11-01T19:54:26.625222+00:00,2025-11-01T19:54:32+00:00,221
23675229c4013e246f45d8c2112a3536cbcd6f76f82149f9fefa55900a939126,2025-11-01T19:54:26.754163+00:00,2025-11-01T19:54:32+00:00,221
2452c95d06a53fed69ba335c66dedb23ea0a7ea4b8b5dee43a136d13b2f24bb6,2025-11-01T19:54:27.105014+00:00,2025-11-01T19:54:32+00:00,221
54f6757a186ff71dc2a469fa52a36fb67c830f390db5a7796eaf5be6bfb4a992,2025-11-01T19:54:27.227279+00:00,2025-11-01T19:54:32+00:00,221
7a014568f8d6fc56d7495252e86b16549ba75bb3dd4bfb711931f47806941cc0,2025-11-01T19:54:27.357491+00:00,2025-11-01T19:54:32+00:00,221
edbc8ce42e45565df04657f23f64463f2611a9b4d8f9a0df1482a4e31fddc102,2025-11-01T19:54:27.481224+00:00,2025-11-01T19:54:37+00:00,222
ea7670b870f05f73563720ae29e0873bbf2cc6407e2ee1bcc6433745ae6f640b,2025-11-01T19:54:27.605658+00:00,2025-11-01T19:54:37+00:00,222
e73a87e25dcfae56a06688227bc1c1912fe6f3a1c99981e46547b8f02923e954,2025-11-01T19:54:27.727172+00:00,2025-11-01T19:54:32+00:00,221
ed2a5cb1cc8c3b38b1335eb3e2f7d13a7a25e85d032501e200b2fb9dd3f2a4a5,2025-11-01T19:54:27.849019+00:00,2025-11-01T19:54:32+00:00,221
6d7c0290eabbd24790d4c90c1e09e3f7a4bd7f175db106928a2375e5222e8a8c,2025-11-01T19:54:27.978963+00:00,2025-11-01T19:54:37+00:00,222
d70680b93874aca388a65ee56994e4a5e0495ddd304ee6bcdeb73ea10f49314e,2025-11-01T19:54:28.102736+00:00,2025-11-01T19:54:37+00:00,222
a09e04237afe7bc0bad28eb5b6de5a3a7d1221045bf187d6937e72ade59d7714,2025-11-01T19:54:28.231784+00:00,2025-11-01T19:54:32+00:00,221
ea749bc165478007682d0abd83ac1ede224d6bdbd809b209c582d03633068fdf,2025-11-01T19:54:28.355496+00:00,2025-11-01T19:54:37+00:00,222
998c5c4ccce5d96f34822d9700c3ca8fe44da3c16add0bc3ee40b44a2f10872c,2025-11-01T19:54:28.478213+00:00,2025-11-01T19:54:32+00:00,221
de7df1f68e4386ea345388e3cf9c354e6fd0fb51a6ef0806644477500bcc32d0,2025-11-01T19:54:28.605793+00:00,2025-11-01T19:54:37+00:00,222
f54145acce4072c7f1f0c5086cfa642c886c47532bab409f4def4c16bdfc0526,2025-11-01T19:54:28.731990+00:00,2025-11-01T19:54:32+00:00,221
be49d1913839e5aa2f1231d4da881f84e7fd0aff441e21b2fbe27feb88b19c02,2025-11-01T19:54:28.855402+00:00,2025-11-01T19:54:37+00:00,222
a46409c737dfe5421c9b43e3af71eaccd649cfed5559b8bff0ea89127c942e98,2025-11-01T19:54:28.983753+00:00,2025-11-01T19:54:32+00:00,221
0c54710f1c4f1df372cd40b3ff0e68649a0fcfa81d7e7cf191c5ed8917d8e15b,2025-11-01T19:54:29.110821+00:00,2025-11-01T19:54:37+00:00,222
556770909778476f9ce165e102d6e6022e15309a8003476eee370724e86ef44f,2025-11-01T19:54:29.236047+00:00,2025-11-01T19:54:32+00:00,221
06db32253f0748f1c6a6f4bb24530db4e74095cabd446cfb9e7730c86d21eb5e,2025-11-01T19:54:29.359264+00:00,2025-11-01T19:54:37+00:00,222
feb3cbfd2c2a35fa9f0762823fc6bb0bac4d0e01b7404d01a4a9159a16b8873a,2025-11-01T19:54:29.484846+00:00,2025-11-01T19:54:37+00:00,222
3df8229b6d5ca3eed4d2e6b379b10a464c59b3e8f837719ea6bd57c397b5fa62,2025-11-01T19:54:29.610219+00:00,2025-11-01T19:54:32+00:00,221
eee5dd0cf718d346c5b6a242df64a274ffa0c658964749f532903da483cb1d73,2025-11-01T19:54:29.735037+00:00,2025-11-01T19:54:37+00:00,222
b364dc777a32e9a5d054b620ac83a9a65723862bf26b260f3ec19a1a10089008,2025-11-01T19:54:29.859257+00:00,2025-11-01T19:54:37+00:00,222
f766309c7af5dbdb1885ce50207a1d31034c3b12037d7e889ec0d630189e696f,2025-11-01T19:54:29.982302+00:00,2025-11-01T19:54:32+00:00,221
d0ad45b79a118022f95f950ba0157021827753609ded929e24dced46ebbbbac2,2025-11-01T19:54:30.108328+00:00,2025-11-01T19:54:37+00:00,222
67b5a7bfda487d45127511b9f03884ebb532e7eaad188a87b28418be694f9e53,2025-11-01T19:54:30.229967+00:00,2025-11-01T19:54:37+00:00,222
51bd532be5bc4159470982f76ae84a431dd71cf025f0eacb10800dadb2f40d72,2025-11-01T19:54:30.356131+00:00,2025-11-01T19:54:37+00:00,222
cb3955161e1a3dae29e1c7effe1f4863d260e3970be777d87cc2e131fcb28322,2025-11-01T19:54:30.480629+00:00,2025-11-01T19:54:37+00:00,222
ab2253d0c6531d316e88fb438b15922f27c97e18a9f64062f2bcf2c5fb98e4ce,2025-11-01T19:54:30.603247+00:00,2025-11-01T19:54:37+00:00,222
2137356853aac8b09b16f2586fdba9c79375b35313ad6019bd337a2a49ff277e,2025-11-01T19:54:30.726309+00:00,2025-11-01T19:54:37+00:00,222
3ff700869f87903280dc9981abf705e71d817283b75d9efef132a77a2c5176c6,2025-11-01T19:54:30.851076+00:00,2025-11-01T19:54:37+00:00,222
a3a3ddcad5d26fa5050a126fe8c56765291f2682936b9589b6a66b528df354b7,2025-11-01T19:54:30.975875+00:00,2025-11-01T19:54:37+00:00,222
14f452f58ae47e4ed9f5f9653bf541d03d4454bbbe4f8eb4ab1757f243ed205a,2025-11-01T19:54:31.107004+00:00,2025-11-01T19:54:42+00:00,223
3297ed051964f669800d7dd24b91e84fd7608b6f03282972c0fb0bd990585e1b,2025-11-01T19:54:31.233504+00:00,2025-11-01T19:54:42+00:00,223
5a26022ec0d5ba1494061ad86c4e17bde2b3ca0d9d25bab16dbf78c9ea017196,2025-11-01T19:54:31.357695+00:00,2025-11-01T19:54:42+00:00,223
e242662f8e9d84d791a31f3b8580f5bf6cd044add7942f613e252cea9af9bec6,2025-11-01T19:54:31.483142+00:00,2025-11-01T19:54:42+00:00,223
24cf5312295de23fbcf09fdf67ae9eb51423e44e974ed30b3c8ebd380639c47d,2025-11-01T19:54:31.610859+00:00,2025-11-01T19:54:42+00:00,223
3b5d75bb126c52eb82560c0233c0ace5a79090ce8996fb61f63194293c57b82c,2025-11-01T19:54:31.736964+00:00,2025-11-01T19:54:42+00:00,223
7ff098b3aca4f9ecb02d4a2d4b55538b78be620b968172d578cdaba170a1b956,2025-11-01T19:54:31.865860+00:00,2025-11-01T19:54:42+00:00,223
7cf2eb02d803f7305f5d8ee745cbf735dc7bc172825f949fad5bd1ecf54852c8,2025-11-01T19:54:31.990225+00:00,2025-11-01T19:54:42+00:00,223
8e0e0d16664f97f2d30f70ee2209079e0d8d783f31742b4509857dd309873a5d,2025-11-01T19:54:32.317526+00:00,2025-11-01T19:54:42+00:00,223
6a86c7904f1d85575a695f1e5f64ed1411d4709c92431a242e8bf3662f54c04a,2025-11-01T19:54:32.443669+00:00,2025-11-01T19:54:42+00:00,223
4a52615aa730c353f7e1e835b0ba1282ba531ce44fbc8eb595fe58e17b502199,2025-11-01T19:54:32.568629+00:00,2025-11-01T19:54:42+00:00,223
bd4bd8f3df2d9227965c9ad1e72f8e03e0a0936a26d794f517f7b36fea21c078,2025-11-01T19:54:32.688994+00:00,2025-11-01T19:54:42+00:00,223
cf5243d28072af476449f4c3295397f940d0c0677b1f53c7efb9ce49d91bc3c1,2025-11-01T19:54:32.817859+00:00,2025-11-01T19:54:42+00:00,223
ee012d962c10ee5f9e50b4a8d91a0bfb370a3bc77f85ff9b2a9742656ef455ac,2025-11-01T19:54:32.942834+00:00,2025-11-01T19:54:42+00:00,223
01dc4c65ddfc354ee37654efb8a3c9cb0023efe36514bb991d03235d011bbc24,2025-11-01T19:54:33.068214+00:00,2025-11-01T19:54:42+00:00,223
5dd349a49c8c1432190363044f3dc4a941555c82346e45641d7b5e178097053b,2025-11-01T19:54:33.191148+00:00,2025-11-01T19:54:42+00:00,223
b5b99deb9f87de035071ecdbaf82508f3843646fd4c686b44fcd8820f9362d10,2025-11-01T19:54:33.310264+00:00,2025-11-01T19:54:42+00:00,223
66c11e09780d5af289768e184891334748f0639f7fb9752a08e58cece440a538,2025-11-01T19:54:33.437349+00:00,2025-11-01T19:54:42+00:00,223
ededbde2a5327f089cdad7f0b8f93bdf2ea07f498c1867c4dd7c7ab2eb23ecb2,2025-11-01T19:54:33.561401+00:00,2025-11-01T19:54:42+00:00,223
14c8ef60f99f410a899c3bf5b347e79ba058d6d5aaad4a51552b5623b3d4473a,2025-11-01T19:54:33.684222+00:00,2025-11-01T19:54:42+00:00,223
0cd14c96a206105dbcac47a8c97900f7ebe33491d0d28881f7e77539f4583758,2025-11-01T19:54:33.805486+00:00,2025-11-01T19:54:42+00:00,223
0b07c399255f21c266170296d5f91cfc0527bab36021001f57508c76acd42dfd,2025-11-01T19:54:33.930953+00:00,2025-11-01T19:54:42+00:00,223
abfb4a1479175a030848122c9b8c5149e0eafc5748d46d9f2808a6983b080489,2025-11-01T19:54:34.051939+00:00,2025-11-01T19:54:42+00:00,223
41100174489839e07ff7ef8e7932d08ce26ea4fdf68366a95168568c6a4c6bbd,2025-11-01T19:54:34.174796+00:00,2025-11-01T19:54:42+00:00,223
ef90024d81d27dd6657d024445685e9e9997bab527810ecd6361363bc3188eaa,2025-11-01T19:54:34.300116+00:00,2025-11-01T19:54:42+00:00,223
252118d3ec966d85e319b9757536e8d4b0294ef1e3ce80623e6ef87444cfd492,2025-11-01T19:54:34.425424+00:00,2025-11-01T19:54:42+00:00,223
976f996da03710dd4fc1ee8ff86a62ccd4ff1c94f6111e32cdf559517c26d2fb,2025-11-01T19:54:34.552965+00:00,2025-11-01T19:54:42+00:00,223
16cc032f86717c44f5126af02997feeadbce693520dc92f024e1b0b8aa65d306,2025-11-01T19:54:34.689415+00:00,2025-11-01T19:54:42+00:00,223
15452565b10c78df47d47de5634fb457e289b1ab01f12a50f8cd7fffbac77639,2025-11-01T19:54:34.811587+00:00,2025-11-01T19:54:42+00:00,223
b62844b2896deccfb5a2eeb58f2c637b593e098ffecadcab3ddcde557163d17b,2025-11-01T19:54:34.933034+00:00,2025-11-01T19:54:42+00:00,223
7bf0b043084966c595bacfb0cb4ec0baaafc359ecae435d8396d44f9fe1db12f,2025-11-01T19:54:35.050236+00:00,2025-11-01T19:54:42+00:00,223
4f471151bf09772780723a77992a359b43f6c19ce837274613bcf2974ed4b04a,2025-11-01T19:54:35.174716+00:00,2025-11-01T19:54:42+00:00,223
b8ee790d259213e59ccd0d620111e3079e872b9c6fa6ebeab68eee6fa8bc544e,2025-11-01T19:54:35.292578+00:00,2025-11-01T19:54:42+00:00,223
fa036d2fa0084f54a547d5bce5136b214ec7eb1fc8422589b3bb223229536616,2025-11-01T19:54:35.413495+00:00,2025-11-01T19:54:42+00:00,223
457c6286c002cb0bda457de308ee1240bc1835f289ae6147db889878d62c38d2,2025-11-01T19:54:35.537374+00:00,2025-11-01T19:54:42+00:00,223
542c1bb1954b8e68b305d5b12ec739184d7bc22f3b75844afe7f0d1ba919cbb8,2025-11-01T19:54:35.658987+00:00,2025-11-01T19:54:42+00:00,223
e27adda4547e518c31836dd360bc04e063a8c0f8777c6507664f7770b279d5f2,2025-11-01T19:54:35.782173+00:00,2025-11-01T19:54:42+00:00,223
6cd13c13518f77cc66cdc2b182f57b7fcd46c26cdc13a2d12fe694e225472538,2025-11-01T19:54:35.903945+00:00,2025-11-01T19:54:42+00:00,223
5778ba1e674d6b07a1796a84a7532dd55a7a175599c416e2478645c3ce8de9b1,2025-11-01T19:54:36.030023+00:00,2025-11-01T19:54:42+00:00,223
6d22e6b784992cb9d86e6d628b1b26abdda9467b5b07484f1e4a16511ea12bdd,2025-11-01T19:54:36.156348+00:00,2025-11-01T19:54:42+00:00,223
a146f29fb199392363ced1e1b43c801c6998c7af43713422c5955d6593a05793,2025-11-01T19:54:36.278329+00:00,2025-11-01T19:54:42+00:00,223
ab330008cc970724e85fb2bc5ce5207e39a9161508bf657bfa47857a9ca48a42,2025-11-01T19:54:36.403108+00:00,2025-11-01T19:54:42+00:00,223
6c3f33f3cba01e6a67e90def1618f4defae1a1cb110340c7f83f8cde14c4370b,2025-11-01T19:54:36.526239+00:00,2025-11-01T19:54:42+00:00,223
d8d6643f8bc74853ac6b2ccb50b6d552cb1c13fa9a68373cc0b0f39a45917e0e,2025-11-01T19:54:36.646397+00:00,2025-11-01T19:54:42+00:00,223
b1067b4c04a6e914f1a5cbe89b779754fd2fc2d8515e8383995e67df2e7bd074,2025-11-01T19:54:36.775858+00:00,2025-11-01T19:54:48+00:00,224
231572891b6597721e4a99584eebf19ab714df677f1f78a5db2951fa428894da,2025-11-01T19:54:36.899977+00:00,2025-11-01T19:54:48+00:00,224
e027d7203bfad68ad0c7cc93528d1dcf3d28860dfb59ce37aab773a21a3c731d,2025-11-01T19:54:37.020060+00:00,2025-11-01T19:54:48+00:00,224
d733f263b125d129000fc84c3792d8c54023161d467f59d0f796b2b71322a586,2025-11-01T19:54:37.139491+00:00,2025-11-01T19:54:48+00:00,224
38fa0f623c7a7e1b2eb93198861abdb850d774c75ab04a2baca1536756c31d06,2025-11-01T19:54:37.290053+00:00,2025-11-01T19:54:48+00:00,224
917c5d833d570d409be6a513a2372b6e05b8745d957f6fcc73983189a650311c,2025-11-01T19:54:37.641670+00:00,2025-11-01T19:54:48+00:00,224
de63750ff1cab6098e86d9122d8f2be353601517b39c9f29873941c6c2834213,2025-11-01T19:54:37.766420+00:00,2025-11-01T19:54:48+00:00,224
c6a4246c0a12bcdb2a00cd63ae7287503ed4e865d58e36fe0199f2ce209a9e90,2025-11-01T19:54:37.897138+00:00,2025-11-01T19:54:48+00:00,224
f86351de11fd46585998a348d7411a02e89127f57361cd499699157e10aa4eff,2025-11-01T19:54:38.016569+00:00,2025-11-01T19:54:48+00:00,224
3b4c71f43f6f5d0242d513182706721a17d3ffd04638a030b7daa3a86adb3974,2025-11-01T19:54:38.146074+00:00,2025-11-01T19:54:48+00:00,224
82fdeaf38051b69c0abcbcbd02d81f9af4f4b5b57ab2ab264b53b4b8f996d775,2025-11-01T19:54:38.270309+00:00,2025-11-01T19:54:48+00:00,224
1b67a255242e4ed9841e353657f4009dba4fc1d092560815e5363c8258423c45,2025-11-01T19:54:38.395585+00:00,2025-11-01T19:54:48+00:00,224
aa8d7bbf4547d28684203dd4ee2464d92883b83105815884d2710edc5bcdb428,2025-11-01T19:54:38.520739+00:00,2025-11-01T19:54:48+00:00,224
bc149139387e28de40effef0981b76820e5e50bfa0e2bf8db971eaef8bced5f4,2025-11-01T19:54:38.645247+00:00,2025-11-01T19:54:48+00:00,224
719c0a7b17e5571b58ee9c3dc98662ae61bcc9c741f243a873b81e35c8fe39f2,2025-11-01T19:54:38.769693+00:00,2025-11-01T19:54:48+00:00,224
8ff71f61f8f65bb7f769b6cf67c62b27764a5c85531e1f8ac94e220bd6fb66c8,2025-11-01T19:54:38.899545+00:00,2025-11-01T19:54:48+00:00,224
4dfcdd5cd99093ad3f2ed86b0a953e5246d92f29257abfdecd05ee45e5ad4e3c,2025-11-01T19:54:39.046642+00:00,2025-11-01T19:54:48+00:00,224
334e18d646bb2d9ba29b9fcc76b8bd5ccad5ca9905582c477cf4aa2d3c4eeb51,2025-11-01T19:54:39.167408+00:00,2025-11-01T19:54:48+00:00,224
5e1a8203db235091d4fc9cdf3a2fecb8630d99d927610aee8d9320ca363ecdb4,2025-11-01T19:54:39.290187+00:00,2025-11-01T19:54:48+00:00,224
1abdfeae72fff011f3f03c758f3e254d129a9bbaa01bdb2a85a478f5b649119e,2025-11-01T19:54:39.416481+00:00,2025-11-01T19:54:48+00:00,224
56019b5ce93350f04cf030c85587b1712d3b97adb3fbf806ea6a60c106e582ed,2025-11-01T19:54:39.544681+00:00,2025-11-01T19:54:48+00:00,224
1446c0869e39f4b38344b646554bf025de6bd6356c248aa2296ad5cd9564e84f,2025-11-01T19:54:39.670424+00:00,2025-11-01T19:54:48+00:00,224
1eba8c403c9a7f6b243b91a9bfd05fec458a186cf94e4fb7cf4f3a33066c0e42,2025-11-01T19:54:39.801342+00:00,2025-11-01T19:54:48+00:00,224
002406d3ad8d9589fef9ab038cae7afcce79407afa907c8f120529e94bfe163a,2025-11-01T19:54:39.923790+00:00,2025-11-01T19:54:48+00:00,224
b2dc34af63b4ca6237071e90fa25df0da4d41e1698e5d8bd4d22f9d52f7e8da6,2025-11-01T19:54:40.050793+00:00,2025-11-01T19:54:48+00:00,224
22c11d798b32a0d133257d380641a177d4352f4c89bf2a16f4bc06a9cceacedd,2025-11-01T19:54:40.174024+00:00,2025-11-01T19:54:48+00:00,224
5dd678cf11ef4ab588069508b0937d30bfb887bc73df7c6ebc5c659fec9da6a2,2025-11-01T19:54:40.300244+00:00,2025-11-01T19:54:48+00:00,224
b23ca0af592feaf8d32e49db05c753a2088d0ff9c912c1f4c2a190012ba0616a,2025-11-01T19:54:40.428064+00:00,2025-11-01T19:54:48+00:00,224
0e9484b5a4191899b8678306dd8340892a0daeb6e64b692e1b365ef9afec1ab2,2025-11-01T19:54:40.554836+00:00,2025-11-01T19:54:48+00:00,224
ebbe3699f1a7bcfd9bc0fa2b5d3d58cbaf42792354976ca528ed1fd25045e9e0,2025-11-01T19:54:40.682360+00:00,2025-11-01T19:54:48+00:00,224
08c4a5ce70bd36ad676a2379a6a658f6a221453f80427e7ae0d579f8fc47d99f,2025-11-01T19:54:40.803017+00:00,2025-11-01T19:54:48+00:00,224
f26b06f867c82bead81fad2251886bd5dd3372fdb7a9585caf03d9ee9e293c57,2025-11-01T19:54:40.928476+00:00,2025-11-01T19:54:48+00:00,224
66c28c890fdbb932eb8751b8de95d87a05c71a44ee88020453db713c9d711085,2025-11-01T19:54:41.060926+00:00,2025-11-01T19:54:48+00:00,224
842a1173c7c75504112b81f847e07babbff4881c99ba0471d5591b1fd25e9c9c,2025-11-01T19:54:41.194391+00:00,2025-11-01T19:54:48+00:00,224
0dedec3659183ac83d698abbf2af84d3f930265cb61824843545bdba503c5581,2025-11-01T19:54:41.331171+00:00,2025-11-01T19:54:48+00:00,224
c43e82809dd9d6a57f8576d15336fe6258155d8dba21240f35c6d4d7324e567d,2025-11-01T19:54:41.456175+00:00,2025-11-01T19:54:48+00:00,224
03fc2cca437565434328c3576944d09bfa1b2a919d90d528922543375d87f477,2025-11-01T19:54:41.580250+00:00,2025-11-01T19:54:48+00:00,224
6808641025daac7e5c51cff52f436d2ee0f59cb7d798ec9d4b8df2fde4051363,2025-11-01T19:54:41.707216+00:00,2025-11-01T19:54:48+00:00,224
bf8f4d9384d400e4c55fa6ec34755181d87fe003b377a9fbb5a95042c4edae0a,2025-11-01T19:54:41.830898+00:00,2025-11-01T19:54:48+00:00,224
f1e6c248e3e2a25e4b4ec03b4fd37d74bdceaa09048d04cb99e06a46e523b970,2025-11-01T19:54:42.118957+00:00,2025-11-01T19:54:53+00:00,225
5bae13ca717dabf71a20085f97ae64fdbd1d100e1158419efaf8771c97956bd5,2025-11-01T19:54:42.248121+00:00,2025-11-01T19:54:53+00:00,225
22c5f916b8f7f3b23b28a027c9355a0bdde66216c391d9696b46769e260aaaca,2025-11-01T19:54:42.374547+00:00,2025-11-01T19:54:53+00:00,225
eb82f0ed2628e021ec385d1c4dfc08e9987d0c32f8f31e23627aaa76439e4463,2025-11-01T19:54:42.500115+00:00,2025-11-01T19:54:53+00:00,225
6c474b365d5d4ecdba2064f6c38050100901988cb4933ad6467ce9e845a6d9c9,2025-11-01T19:54:42.624110+00:00,2025-11-01T19:54:53+00:00,225
e819b5fab5e1725c35ea74b88b197fc35f3a55eb9195956f2f5da22ee6b21947,2025-11-01T19:54:42.954943+00:00,2025-11-01T19:54:53+00:00,225
ceba238fc10453fff456bf65cd5ed28590395e45775b827acdc7e6c4d0bd1162,2025-11-01T19:54:43.074274+00:00,2025-11-01T19:54:53+00:00,225
4423111a17d82e532b9f5f9a703327c1bab556fa489caf3a88ef73b3b48d9110,2025-11-01T19:54:43.198234+00:00,2025-11-01T19:54:53+00:00,225
43d17642ac2b0e26a9b64e12049b640a25ee166e492c678b6ffcd5ee9b611abd,2025-11-01T19:54:43.320194+00:00,2025-11-01T19:54:53+00:00,225
cb08592a0d886877a2bf59ecee22711d2fee7592f2bb75dfc8dc5cbbaefdb921,2025-11-01T19:54:43.441386+00:00,2025-11-01T19:54:53+00:00,225
43a18555ef26887642805a586d82e0704d75966440cffdc2057ed8d6a8d82c02,2025-11-01T19:54:43.564557+00:00,2025-11-01T19:54:53+00:00,225
45bade5f0c82eb9d5feeda0816d81148570675d3d20c4c7da6a0f7a0ceb2b25b,2025-11-01T19:54:43.692071+00:00,2025-11-01T19:54:53+00:00,225
e8e2dc754ca37d731a29eaba88e451ce670db1c26ff98e6a2f56dac1f5d1255f,2025-11-01T19:54:43.824253+00:00,2025-11-01T19:54:53+00:00,225
7516035da34fb5a57d739e2e1e9d134679ebc6dc2fc9e801a9cb6f25fd42e8a8,2025-11-01T19:54:43.951455+00:00,2025-11-01T19:54:53+00:00,225
7b694afa7970673b7f23e5979fb25f3cb3717409961001dcc3ef3fe5c8236531,2025-11-01T19:54:44.080099+00:00,2025-11-01T19:54:53+00:00,225
ff2afbf77fb104dd0c195233de0e50d2356609cee1f413e86d400ae5db4b5acd,2025-11-01T19:54:44.208371+00:00,2025-11-01T19:54:53+00:00,225
eb8fa01c55705416323ae4128845d6e831c59570bd75a0b6a0841f2340eb4d21,2025-11-01T19:54:44.337598+00:00,2025-11-01T19:54:53+00:00,225
6d5fbfc40b6975ec7188403e30f94d42f3d4c0a82b9c1c205f93e66c4b0127a0,2025-11-01T19:54:44.468427+00:00,2025-11-01T19:54:53+00:00,225
96e0a7d58dedbcb699f7a778609e93bbf4ca5bc9808734a2b8906e7386957fb6,2025-11-01T19:54:44.592402+00:00,2025-11-01T19:54:53+00:00,225
91cc10af35dcfad84da6ff23dfec2d0e9d0be4ce6bbe95c224f44f9de4457438,2025-11-01T19:54:44.728810+00:00,2025-11-01T19:54:53+00:00,225
27868b37fe971d2a7a7533ef197b43a692d315a9f749775870722b7ff5b682ba,2025-11-01T19:54:44.854565+00:00,2025-11-01T19:54:53+00:00,225
201458f936eebe5ccf02eb91f0f4a64b915bcfbe8f97efe5dee38a88f0fdc863,2025-11-01T19:54:44.984901+00:00,2025-11-01T19:54:53+00:00,225
91b3d9806c201bf2382e57269b0c7f56e28fe0fccc8c1d7cad3e2bdc5cc91da0,2025-11-01T19:54:45.115405+00:00,2025-11-01T19:54:53+00:00,225
b0320302cb0d312ec5b786a1d6833887aed50a7058ca6935df099698371b5d0b,2025-11-01T19:54:45.242862+00:00,2025-11-01T19:54:53+00:00,225
b2ddd67f78e6b373f90d107b8bb0d3d4ca79cfe7d0269d956ca7168971479f51,2025-11-01T19:54:45.370743+00:00,2025-11-01T19:54:53+00:00,225
5cbff7a6a5d40dad6753fcaec78c2d638f1e386b088d2165767de90fc8b86718,2025-11-01T19:54:45.503027+00:00,2025-11-01T19:54:53+00:00,225
bd02edc1e849f96e850ed6e3005c86194a90cd27263d866c45731a366d7fff35,2025-11-01T19:54:45.630275+00:00,2025-11-01T19:54:53+00:00,225
1593de8abcb68996dd68c3f47376f944c1f5a9c98e9ce7b3792d854dc4b32dee,2025-11-01T19:54:45.756078+00:00,2025-11-01T19:54:53+00:00,225
e1026e4641dab0622ffa8b23a55476aa4c2b1149d4508cf8a0af48385e77118e,2025-11-01T19:54:45.890500+00:00,2025-11-01T19:54:53+00:00,225
d0dd4c6c85d57b5e25c1d4e4a0e0f37e7d95ff0449f11138f58ec59bde15c69a,2025-11-01T19:54:46.011408+00:00,2025-11-01T19:54:53+00:00,225
24557db47771c7c9b1fd067a2d6b90478dbbe22b16673c7325d411cf9ac6a40a,2025-11-01T19:54:46.137705+00:00,2025-11-01T19:54:53+00:00,225
45a4fed6b1588f1b74a1f778b239afd42ff7f4c8cbee5d0e83f94eb96947856b,2025-11-01T19:54:46.265502+00:00,2025-11-01T19:54:53+00:00,225
ef55c32293aa7c16004884293bc1f6bddde8a7f1f24916d3268174c7bac478a2,2025-11-01T19:54:46.390163+00:00,2025-11-01T19:54:53+00:00,225
7bf6284154d02b97682de00a1c405e34e6d80dc1262e1b57d1c1bbb237d8dac7,2025-11-01T19:54:46.518441+00:00,2025-11-01T19:54:53+00:00,225
d8016b30fc7f0e7d8017e29b8f74ac4453d68373d9baad91a477a79054f81c1a,2025-11-01T19:54:46.649228+00:00,2025-11-01T19:54:53+00:00,225
327470fadf204ac0c4af995100237ec663b12c6a37eb1d6e6b724978ec353ceb,2025-11-01T19:54:46.778966+00:00,2025-11-01T19:54:53+00:00,225
9b4065483dc0ab6f2b72eded90437d196396c769d0f7f21f982af381ebf5b576,2025-11-01T19:54:46.900880+00:00,2025-11-01T19:54:53+00:00,225
3a8ae71843507d548a67c3f3573e062b6069364751f629f1a69741f49cc4d873,2025-11-01T19:54:47.022179+00:00,2025-11-01T19:54:53+00:00,225
a419b80612d340fd610825214aa161d3a2cc5d51b74b2697cb86f81e52a2d1a0,2025-11-01T19:54:47.144316+00:00,2025-11-01T19:54:53+00:00,225
f97935d5bc9a1f308e55aef8f3a446649ec8f532c3a1a4fecb3f52d00e204480,2025-11-01T19:54:47.265812+00:00,2025-11-01T19:54:53+00:00,225
7fcb02372af3912d8f73f82cd705d9f98c0a9f02526d9ed4f866a0ac1fa5024b,2025-11-01T19:54:47.393620+00:00,2025-11-01T19:54:53+00:00,225
d9e879681461df8e4665a01fda47dc8dfb5a6959c2c707fc560322b90ed63217,2025-11-01T19:54:47.529088+00:00,2025-11-01T19:54:53+00:00,225
cc8d64e7df41174cab35d7db5455f991eaa1814d28bc3f525942f4590d42152d,2025-11-01T19:54:47.656580+00:00,2025-11-01T19:54:53+00:00,225
46eb61e56f665e6c05be64353fd0281e0cc1180274520287220660d84a1770f4,2025-11-01T19:54:47.782487+00:00,2025-11-01T19:54:53+00:00,225
79ca870a6e813e5f803ce82af5a761ee9d0790902b8b5266858666c4d486a8c3,2025-11-01T19:54:47.912233+00:00,2025-11-01T19:54:53+00:00,225
2ac9f8fede08e1a689c8fae9da19de7a324b29daa180255edae1d4157e78a804,2025-11-01T19:54:48.245982+00:00,2025-11-01T19:54:53+00:00,225
23cfd3ae0628b81da628d1682e69b7b8558fe527a4cb0065e63b94ebdb8db1b2,2025-11-01T19:54:48.365980+00:00,2025-11-01T19:54:53+00:00,225
c43e74c4d278d6c007b8d7f0717deb7c57537b5791c88b02d1d5677eb84f5f96,2025-11-01T19:54:48.490167+00:00,2025-11-01T19:54:53+00:00,225
12cb3baf1ecc3977996e069e9ff108aeff05ae37756a96010866677aab2be0dc,2025-11-01T19:54:48.611320+00:00,2025-11-01T19:54:53+00:00,225
8977260c202d5023a761e43aa7b42cdbd44c12c9051312da80fb67b15a61eb53,2025-11-01T19:54:48.739508+00:00,2025-11-01T19:54:53+00:00,225
dc091ac6c67697bd55386f3a217afe22132ce3bd8494eb15a06ac6aabe7843dd,2025-11-01T19:54:48.863787+00:00,2025-11-01T19:54:53+00:00,225
a8019aa69484038d134f8502e393fe92326e01a42ed5ed950ec17d98887c149f,2025-11-01T19:54:48.989256+00:00,2025-11-01T19:54:53+00:00,225
a90b3e21ecfb88f802303f33350ad566c1ef646d4f1b96ce0aba687bade4e1ad,2025-11-01T19:54:49.107826+00:00,2025-11-01T19:54:53+00:00,225
9e9377b923bad711092d7fbfd8579286b01ab9a6daf5ad967833a699855a6b9b,2025-11-01T19:54:49.231333+00:00,2025-11-01T19:54:53+00:00,225
7998abf65f51dc22c8deaba8f3ff489a9f4c6e5622dc7e823623caa719fb5f6d,2025-11-01T19:54:49.357481+00:00,2025-11-01T19:54:53+00:00,225
db13aa071182b1e85a5c33345634b8b354cbf2b486f74b3e1f2d8d7506c162bf,2025-11-01T19:54:49.483792+00:00,2025-11-01T19:54:53+00:00,225
a397e58ba348f962e409cf1be749608f8a899ee903ab6acebc54d494160ccd46,2025-11-01T19:54:49.614214+00:00,2025-11-01T19:54:53+00:00,225
2c6ce8d763f3929456122a726ea962d3e9898cbd55fa2186551b26c849f8b8dc,2025-11-01T19:54:49.734713+00:00,2025-11-01T19:54:53+00:00,225
6b8976572e069ea9b6da9dd946d21a9bb402923c845bc8944d8a16f98ec78d5f,2025-11-01T19:54:49.881752+00:00,2025-11-01T19:54:58+00:00,226
e7e817caebaf7fb863e47801872ce43a4b57bf4fc006e6c816e1379d16b8b382,2025-11-01T19:54:50.005561+00:00,2025-11-01T19:54:58+00:00,226
aec965623b57ed3fa5d2ead331ecd5cdb63ad3a2a04a0bf94d38efefa24ddc64,2025-11-01T19:54:50.134817+00:00,2025-11-01T19:54:58+00:00,226
d5448a1f2046d7419e7d0274e8707260f6649016eecf7b1b4186a609c29fb92c,2025-11-01T19:54:50.261636+00:00,2025-11-01T19:54:58+00:00,226
e8fd1cf34c1c1986daec1332522504b233c53f684938aad0d7a4f7fc5288003f,2025-11-01T19:54:50.389297+00:00,2025-11-01T19:54:58+00:00,226
70eb0e9f21661b2ef00153e6ebd0080c5a8cbc6d8d1c12ff1fe88fd28bd7452c,2025-11-01T19:54:50.517106+00:00,2025-11-01T19:54:58+00:00,226
09bb3134253386915d729b15cbd79bba1f9daae77e4da103976d01d2cdb4c16c,2025-11-01T19:54:50.644570+00:00,2025-11-01T19:54:58+00:00,226
2fc7b577b2161607c6737e83dcaf250f5e3a95895384679b169964f1d219ad77,2025-11-01T19:54:50.776209+00:00,2025-11-01T19:54:58+00:00,226
d007ebb9f4c23b6fe837e360382b7305dd4dfc1e24f5b0c98127f96834c58f45,2025-11-01T19:54:50.903703+00:00,2025-11-01T19:54:58+00:00,226
da449355886d1f28c8a3392c94d6f6682bcc16fd7a15a939eec9db07b5323302,2025-11-01T19:54:51.030301+00:00,2025-11-01T19:54:58+00:00,226
78b66194a275a682852f991756df0585123bab10924549d44852dda34fb21d67,2025-11-01T19:54:51.161615+00:00,2025-11-01T19:54:58+00:00,226
22444a663a91d54412ffc1edf186a92ff31e13959118eedc0ea07f0cf64616c2,2025-11-01T19:54:51.289178+00:00,2025-11-01T19:54:58+00:00,226
e33f7531698b63c726049e5e8ce0035058fa22c632031f1fa08b2a9c4297e0f6,2025-11-01T19:54:51.418333+00:00,2025-11-01T19:54:58+00:00,226
cf6521a49a30438d9498b02cabc3771597073752fba116bbfa51a05911318cf5,2025-11-01T19:54:51.546124+00:00,2025-11-01T19:54:58+00:00,226
2d0d37d2e37158486d4bc61e0033f1ff39f6e1867a857f9dee8eef428dcd1ac5,2025-11-01T19:54:51.672745+00:00,2025-11-01T19:54:58+00:00,226
49b86da52353150156a6788266034f94ac702d7e354c17dfa2609b8397db23d2,2025-11-01T19:54:51.807004+00:00,2025-11-01T19:54:58+00:00,226
a40fbdae8fef9c3e7aa16e8126d28e8ad629528b81bc1c0ed4a7d7479dee9657,2025-11-01T19:54:51.936022+00:00,2025-11-01T19:54:58+00:00,226
e171e95bd4ab163e3d4fd5503db47f929fe3a2c35360a3df1ce7e17e59d1c932,2025-11-01T19:54:52.067878+00:00,2025-11-01T19:54:58+00:00,226
7da859b29316f5daf8ad3228b298b3070976a2edee905cd8bea879a4c8ea65fd,2025-11-01T19:54:52.200783+00:00,2025-11-01T19:54:58+00:00,226
1163a66c37bd184854e69271671dba03b537d3e653cd961498d870ca14911eb6,2025-11-01T19:54:52.327775+00:00,2025-11-01T19:54:58+00:00,226
60eaa59fda8c4a78503c9747e0e544cef510ad50d9f7ab1f16590096a7f8e5f2,2025-11-01T19:54:52.455506+00:00,2025-11-01T19:54:58+00:00,226
c56a5ced36d47f3b24ca5d936a1b7943a08991b7eb9431bb12babea6294429ad,2025-11-01T19:54:52.587549+00:00,2025-11-01T19:54:58+00:00,226
c91a495ec2af1ccc3dc3180fc5e3611ab1afc6e7cc52711b29aa29f5a8dd8e66,2025-11-01T19:54:52.719310+00:00,2025-11-01T19:54:58+00:00,226
e2db5231fe808a57f18eb18096ddfad6d9763eace4da1d232932d7929321dfda,2025-11-01T19:54:52.848677+00:00,2025-11-01T19:54:58+00:00,226
0cac2173acaf696984c31a8a26f1ad60fdf060989963fd03eead74ae18a732c5,2025-11-01T19:54:52.972842+00:00,2025-11-01T19:54:58+00:00,226
616cf2510b02c04a6b78cd1cfb3be7e063878ca4ecbf3c9f9643780a2123d6d3,2025-11-01T19:54:53.101891+00:00,2025-11-01T19:54:58+00:00,226
1d29fa8d0927a8e799a50dcc5d9f00e0a5be83e62b7eeed6dd2d39e8ac1c237e,2025-11-01T19:54:53.232828+00:00,2025-11-01T19:54:58+00:00,226
ae852ed182400bfb560e584ef1391e5b5da6d990b5dab8e6f530158d2d978796,2025-11-01T19:54:53.581460+00:00,2025-11-01T19:54:58+00:00,226
c8c4611a801e56e2093b7e37e8a44d83d0a911b3d41232f42de257416b49893d,2025-11-01T19:54:53.705884+00:00,2025-11-01T19:54:58+00:00,226
9888ceac3f15b34d090bede12e2408c044733d46bb5c5730b0aed57e96d05162,2025-11-01T19:54:53.831559+00:00,2025-11-01T19:54:58+00:00,226
7f82f8938184c3144ca7d8f98dfca7d0acaabb93ed5e1df837178fa4f48e76bf,2025-11-01T19:54:53.958717+00:00,2025-11-01T19:54:58+00:00,226
8d49a73e29d50008b8a4d009f1b440eef8650750474230675f331ff39b09cd5a,2025-11-01T19:54:54.083809+00:00,2025-11-01T19:54:58+00:00,226
3eee446dedcaa3cab2b6a6d25da078336dc798c40de790f47ef435e76c212c71,2025-11-01T19:54:54.213856+00:00,2025-11-01T19:54:58+00:00,226
004956728a262e49952afdaeac998dfeb558ff6a29e1d801feb98ad9e043d298,2025-11-01T19:54:54.342832+00:00,2025-11-01T19:54:58+00:00,226
9977c85d3703439abda4983fdcb95e40e2ec721bd8835e79b15c089ddb7885d3,2025-11-01T19:54:54.475887+00:00,2025-11-01T19:54:58+00:00,226
5fd8fc4a7b8dbda74e8464a76a224b5627a416e72566d67fd9b98a4019e9cfb9,2025-11-01T19:54:54.604863+00:00,2025-11-01T19:54:58+00:00,226
ca949d18872fc4a9d880f5043155803a53d9449ae9ec2754fb456df839e31074,2025-11-01T19:54:54.735311+00:00,2025-11-01T19:54:58+00:00,226
20f8f269dd340b56b7ae4d664f0d6313cde107ab304bbecd83d9a301d0e83f67,2025-11-01T19:54:54.864880+00:00,2025-11-01T19:55:04+00:00,227
747d3fe2efb6ffc357ab520258a1e425a9f8785dbc754f8d234b34f33e65828b,2025-11-01T19:54:54.993958+00:00,2025-11-01T19:55:04+00:00,227
d7c78dcad3e522246f3898530b8bdc78cda980695315a55c9badd50bbee6cc13,2025-11-01T19:54:55.128191+00:00,2025-11-01T19:55:04+00:00,227
b70513fa695612a2cdd105b858e43f7f1635a091089323151bc77c6186808b5d,2025-11-01T19:54:55.258324+00:00,2025-11-01T19:55:04+00:00,227
712cd869a1f90145507fc4c84713cc6dd122f06d51a77546b5d3dec8ff6ae6ad,2025-11-01T19:54:55.385137+00:00,2025-11-01T19:55:04+00:00,227
a1c567c25d0f69d804fa7ec6f04656ced81ebb8054339d8a93d6f4ee51105ab3,2025-11-01T19:54:55.514694+00:00,2025-11-01T19:55:04+00:00,227
9d1bd4c2b373bd2df2600c7f56ea67a50a3370e0c86e71ccf321794c07cf3ccf,2025-11-01T19:54:55.641683+00:00,2025-11-01T19:55:04+00:00,227
c4f3a4b47bef5e2e116f8bcba1ce73a2fb71b86c0aab46b50ffbfe42d6c5667f,2025-11-01T19:54:55.772948+00:00,2025-11-01T19:55:04+00:00,227
7d44743c5b7d713b2cdc9aa20399ff2e3bb13687ff5ccbe054a2c7670b741f59,2025-11-01T19:54:55.904787+00:00,2025-11-01T19:55:04+00:00,227
547de11c1a21ba767850fc9c7de9ffdfe3bed6e0ca173a29689e0a08a4513adb,2025-11-01T19:54:56.030645+00:00,2025-11-01T19:55:04+00:00,227
693dce17b142e82d78b4176e9953427ac9b4ec575df58718aedba4740ef641cc,2025-11-01T19:54:56.158375+00:00,2025-11-01T19:55:04+00:00,227
cfe6604f177411c294c5c1943a0cb71f185e07b38d797ce9a89615e0681ddb5e,2025-11-01T19:54:56.284841+00:00,2025-11-01T19:55:04+00:00,227
c606aa0e87c4078254af25c94b589e177f6e1e4a10b0630e16460327e0887ca2,2025-11-01T19:54:56.420156+00:00,2025-11-01T19:55:04+00:00,227
7b35733411488fd7a53f7a5d769af9f0b83d334280511c067f0a2d3ca46fe084,2025-11-01T19:54:56.542749+00:00,2025-11-01T19:55:04+00:00,227
9955fe975d633a09c0dadb0f284100741bd54b63b10359a477aa8b63fa8c58d6,2025-11-01T19:54:56.671502+00:00,2025-11-01T19:55:04+00:00,227
930057074b4e846e4be26a77fb39191ab4b4c670b1378a4ca2383bcfa3196d24,2025-11-01T19:54:56.800747+00:00,2025-11-01T19:55:04+00:00,227
3b6bcbfc78951055dd125a2ad0c43155831b90828cc8ea39eaacd1193164aaa7,2025-11-01T19:54:56.924987+00:00,2025-11-01T19:55:04+00:00,227
33d0cb97b7c82e7a1e5f8a85e520a9bc9f213e502db72f4d81c31db7500fb916,2025-11-01T19:54:57.045935+00:00,2025-11-01T19:55:04+00:00,227
6126c80c54ea324744f450b4f75b10975c776720a50369e2b1b7dde9adc19f31,2025-11-01T19:54:57.172374+00:00,2025-11-01T19:55:04+00:00,227
78bff3767b1009b29ab30b499bd13aa6995a77cb9e435cb4211910fd027fe870,2025-11-01T19:54:57.302875+00:00,2025-11-01T19:55:04+00:00,227
31308e30adc5f4dd396ae7a77a4ccfa21453d604e60c38e18d0135bc1eb86da4,2025-11-01T19:54:57.437473+00:00,2025-11-01T19:55:04+00:00,227
35fd1f6b392e3bc4283e663c2bc45f3a9f0b74fe0eed7a3a9e440cb9da4b8e40,2025-11-01T19:54:57.566466+00:00,2025-11-01T19:55:04+00:00,227
642126a61ea94175d8fe5934b53d09b5795e38263328d9d17bdc09f8ab0c56e9,2025-11-01T19:54:57.694267+00:00,2025-11-01T19:55:04+00:00,227
c727b3d4e54e78d3c84215f8f7c310f1f3d84feaa83dc5ec5e0c3f06c95cd6b6,2025-11-01T19:54:57.824247+00:00,2025-11-01T19:55:04+00:00,227
5af1fa8f87896001a2e44e3c62f62a456ffea2d1662696973f0d8793f6a7da7e,2025-11-01T19:54:57.949672+00:00,2025-11-01T19:55:09+00:00,228
f32cfa806a429a08bfb38d6ae9d19b7c097ecc7646479d3a9e77117acfc2b034,2025-11-01T19:54:58.070930+00:00,2025-11-01T19:55:09+00:00,228
34c0d154585d93a32fb666ae3fdc9556eb22d2e730dce86532b49b82c66284ee,2025-11-01T19:54:58.248030+00:00,2025-11-01T19:55:09+00:00,228
08f893809b18fc5faca0d12d3a1a2571a91357f26c1963d3d45317ffd285eb18,2025-11-01T19:54:58.414644+00:00,2025-11-01T19:55:09+00:00,228
3f5b97a2cedff76c1e04ad56f1468c9d78960c3819ab875d3803196a48ba7ad9,2025-11-01T19:54:58.535631+00:00,2025-11-01T19:55:09+00:00,228
47debcf9ffdfd2534d25caef8164c1e8652522b80e072be24ae7c04b083b1f54,2025-11-01T19:54:58.862493+00:00,2025-11-01T19:55:09+00:00,228
87b3cc56036c74c369a111eb4a05f52fad6551ddd65c75d3ff4889821547997f,2025-11-01T19:54:58.990077+00:00,2025-11-01T19:55:09+00:00,228
cb8b2d753c81fe73be97362ef12d4a79c33a2b3ccf1721135f0c0a7aac46ee6b,2025-11-01T19:54:59.110145+00:00,2025-11-01T19:55:09+00:00,228
e122b046ea70733a53851d361cb19e54e25b74c6fc920286c11dcebed0a2b822,2025-11-01T19:54:59.232465+00:00,2025-11-01T19:55:09+00:00,228
e06d51e15ead400602949a11f19f8bb4330715e9ce56b14762b31598f2df8b7d,2025-11-01T19:54:59.355360+00:00,2025-11-01T19:55:09+00:00,228
977d42a1d4a97cf8d413571937bc9f9215a6f3855d2ea3cee3ac14cc2149a389,2025-11-01T19:54:59.482065+00:00,2025-11-01T19:55:09+00:00,228
705e30cd1fbc9a6b184a0742a4cedbeb42b71f3c37adbf475b5ac8aa1eadb543,2025-11-01T19:54:59.606828+00:00,2025-11-01T19:55:09+00:00,228
7c9657eff466d6214a9305b5e95616fb98d7496a9d528af0fcb16b1d56a51a5f,2025-11-01T19:54:59.728368+00:00,2025-11-01T19:55:09+00:00,228
16644e439b4451a3dfaf2dd517a35bce82f8363ee1aa4018966465e343fc4e95,2025-11-01T19:54:59.871432+00:00,2025-11-01T19:55:09+00:00,228
617644fb4f72174ce4c3bd477ef4f2bfc25ab4b9c378ec4a1de791375a273d73,2025-11-01T19:54:59.994716+00:00,2025-11-01T19:55:09+00:00,228
fa49e1331d7df290053c16657777192e56ed6203146cefabdc28dbe67fd70278,2025-11-01T19:55:00.124303+00:00,2025-11-01T19:55:09+00:00,228
c3b1bd6e495fc1321d16d68d066be828d80c2fd5e1b4aec80d78ed3c2c12f5c1,2025-11-01T19:55:00.253124+00:00,2025-11-01T19:55:09+00:00,228
80ce6fa36a7924b68da667d7b9a4c9a03b150068bbfe0537c485b62a94caac36,2025-11-01T19:55:00.379831+00:00,2025-11-01T19:55:09+00:00,228
2076bb5cc05af1a35c34e2fd52b4eb2d294a3a74ec070d5f11d37d06da3e33c8,2025-11-01T19:55:00.505062+00:00,2025-11-01T19:55:09+00:00,228
2f1a1548a43bf9d31a43e2fa7a110e77792cebd4b4eaa2b5878127d0b00f856f,2025-11-01T19:55:00.635567+00:00,2025-11-01T19:55:09+00:00,228
415a64cf5d4622450d82c867a8f1596ec7d93db2e283d3680122a3ab0da1af5f,2025-11-01T19:55:00.762220+00:00,2025-11-01T19:55:09+00:00,228
42484c8cc7ba601954afedca3a67b7b5574366bbfae19d49faf427790605168a,2025-11-01T19:55:00.885183+00:00,2025-11-01T19:55:09+00:00,228
a0abf8b8ba7d91ab9b18b75b31430eb8831d8c94ae892f5d3ef66b5283bef795,2025-11-01T19:55:01.014982+00:00,2025-11-01T19:55:09+00:00,228
40bcda34a0155d18a856e8d8afea7383ec36c07e4fdb7ae193ce1a684d2a9134,2025-11-01T19:55:01.146774+00:00,2025-11-01T19:55:09+00:00,228
f7306d355da51dcb4f0eecdc9c1d1efdd8a537ea1fc0e214e1eec926df412efc,2025-11-01T19:55:01.277462+00:00,2025-11-01T19:55:09+00:00,228
eb6081e7b6e5c42170ed9168b95f4a3a8585eb587d061ff999c5ef686fc27d38,2025-11-01T19:55:01.410314+00:00,2025-11-01T19:55:09+00:00,228
13d55c5eb54e5703742c755d41dc10d77bb3ef058cf3dfc4d6ddf02daa3457d5,2025-11-01T19:55:01.547726+00:00,2025-11-01T19:55:09+00:00,228
935acf225755ea405811ab8a2c4637f3b0af8681f808809a2d7b2d034940a604,2025-11-01T19:55:01.670979+00:00,2025-11-01T19:55:09+00:00,228
391b1ffc5db82f7d4d716121216e0de9f0046d3c603dbaeacdc87864b160a655,2025-11-01T19:55:01.794665+00:00,2025-11-01T19:55:09+00:00,228
5a7f2cc21609ebf4950eb2badfdacbda5a97c6feb857014b3a4f1ccbe34e6edb,2025-11-01T19:55:01.928081+00:00,2025-11-01T19:55:09+00:00,228
d3f4fb5b0459898ccb762d12379912e59226c7ace264b31215f5a23f9deb1666,2025-11-01T19:55:02.054708+00:00,2025-11-01T19:55:09+00:00,228
3a5e1f65a82ced6b7fe4a0808d5246b3df5e686680d234207ce19c663ddadb10,2025-11-01T19:55:02.186317+00:00,2025-11-01T19:55:09+00:00,228
3b1d0ab5e13ab24c0a0539e46fc6f282df6641ad42247645cc4f84393bac3327,2025-11-01T19:55:02.311259+00:00,2025-11-01T19:55:09+00:00,228
a14c69d4f7828a2f731cc1111e866c2d486c8d43dc6c3ce9c27824f54110ba68,2025-11-01T19:55:02.440775+00:00,2025-11-01T19:55:09+00:00,228
c9e541eb13ead54fedf27063a716947e5f0ebe1bc941cbb3aeed54d597e1f244,2025-11-01T19:55:02.571884+00:00,2025-11-01T19:55:09+00:00,228
3d5625a81fdde8698ad74b6dd3a1efd26639339510db5ea642d93f5a61a67c48,2025-11-01T19:55:02.700894+00:00,2025-11-01T19:55:09+00:00,228
372c7f6aad0c5566eae18332c00440e35392b5c4e7d72514fc19219c9942b8b8,2025-11-01T19:55:02.837863+00:00,2025-11-01T19:55:09+00:00,228
ba4b0b13e0de143b942dfdbae1de775a1c71c70bffd5d195e4a0f555b7d570bc,2025-11-01T19:55:02.967099+00:00,2025-11-01T19:55:09+00:00,228
28ec4c389ef46c75f26437d7938c66491feeeb22818aeb6a691efcb33f6ba114,2025-11-01T19:55:03.098686+00:00,2025-11-01T19:55:09+00:00,228
9b8454674a84c9763abaa6850a722717225e0ea0c86aa2b24a02355bf213b049,2025-11-01T19:55:03.229866+00:00,2025-11-01T19:55:09+00:00,228
e84d4739909564eee71f4180626f4f5eea5149168b9c19b8af8c187f1bfe26fb,2025-11-01T19:55:03.353787+00:00,2025-11-01T19:55:09+00:00,228
c708ec5a16a633de182eba03db23fb1e1e4e26bfc2ed291494da8d504e86848f,2025-11-01T19:55:03.479744+00:00,2025-11-01T19:55:09+00:00,228
caef2701b9d3ef62601038cf9013912e574efc3f385c359769a4624225d74baf,2025-11-01T19:55:03.610852+00:00,2025-11-01T19:55:09+00:00,228
629faf2de5643a7a12a2a52160ba16d854e657193853df57afa64ece42154411,2025-11-01T19:55:03.737165+00:00,2025-11-01T19:55:09+00:00,228
279a2f3604a044bf9e88f28b8cc303cc2d864acdbb784dad216f7b5c2b81f12c,2025-11-01T19:55:03.857864+00:00,2025-11-01T19:55:09+00:00,228
0fbd0aa4121ac680bf6d5e1d6bf68cb992315a9ac3a3119505fa93faeadc7a94,2025-11-01T19:55:04.191607+00:00,2025-11-01T19:55:09+00:00,228
1b55c7203d59e999f846c783b054d9a2ebe68ac8af0cc3aac2fe6ab1ceebf431,2025-11-01T19:55:04.315415+00:00,2025-11-01T19:55:09+00:00,228
1a5333cd0c5d1efb3dc9544b962d0e9784a98e10499af85f3553496aec158614,2025-11-01T19:55:04.439065+00:00,2025-11-01T19:55:09+00:00,228
612a2dd6d1c911aa0b7672505768c5ace7695ff88529cdc4f9c0e0f5cd272656,2025-11-01T19:55:04.563217+00:00,2025-11-01T19:55:09+00:00,228
8bd05e4196fc676af103e0b881c515ca0a51a9e9e3222a74270ec1558d2e060d,2025-11-01T19:55:04.691671+00:00,2025-11-01T19:55:09+00:00,228
b2fe33dcf185611545f1aa6c95dcb9132930303427dcf30f38e075f0df93e34e,2025-11-01T19:55:04.816283+00:00,2025-11-01T19:55:09+00:00,228
f3b5ee27f7bc3460084d9c5412bd60a239aab2c953e46cc51307b46c540040ad,2025-11-01T19:55:04.943281+00:00,2025-11-01T19:55:09+00:00,228
cd38c7d90a5d7c75db50cc2f4a220bc99fa444bd594434ab72d12c21def97fdd,2025-11-01T19:55:05.066294+00:00,2025-11-01T19:55:09+00:00,228
d1cb55ab9cdc8b0bd0a585652e02fa9a45f2e5aa2f81084d4787c4b0d9843e47,2025-11-01T19:55:05.192381+00:00,2025-11-01T19:55:09+00:00,228
ab52401087e4457cda866ef41e48d5951c6470b2ca5cb7d625a067bd1b47c3e1,2025-11-01T19:55:05.313055+00:00,2025-11-01T19:55:09+00:00,228
98353f55a16bb3df18f56863589ef4394cc6379517abe6713a485d5f590c4ff8,2025-11-01T19:55:05.432749+00:00,2025-11-01T19:55:09+00:00,228
fae9c83f4cfb8bc0266512a13df629fdad6411a5dd6a9195d1dac2527acd2f8c,2025-11-01T19:55:05.559837+00:00,2025-11-01T19:55:09+00:00,228
98622c14a542b7f533b322d1ab9e640c64e1989ee7ed0ffc7010011ff8ab992d,2025-11-01T19:55:05.682311+00:00,2025-11-01T19:55:09+00:00,228
4796469bdbff9b1e7e1161c0d509cca9f133a544269426cf0c68491304e1d643,2025-11-01T19:55:05.805562+00:00,2025-11-01T19:55:09+00:00,228
61b567bc057bb258a193e8c68010af52a60857ce260a1db741ea3799fbccda0d,2025-11-01T19:55:05.927581+00:00,2025-11-01T19:55:09+00:00,228
92b27fc21601a650d24cd92dacfb4b1409bcc4838368d96eed20f3af33d40bf9,2025-11-01T19:55:06.049616+00:00,2025-11-01T19:55:09+00:00,228
b84d3cc61d80e8c3187be2abf198207a79473ffedc75e0f858a14745188bb9cb,2025-11-01T19:55:06.170545+00:00,2025-11-01T19:55:09+00:00,228
dbce8b9290ea75a0459f1e11162ac6c0220005781d457caad4bb67bbf653d4af,2025-11-01T19:55:06.297009+00:00,2025-11-01T19:55:09+00:00,228
da26698619897c8142700fde266847caf4351a98f6c66e90b191dbb150b93bfb,2025-11-01T19:55:06.415697+00:00,2025-11-01T19:55:09+00:00,228
04d46ebbd6d4f7048596823ee690ae98de15306fc70f9a3d9fa9b3a1e862433e,2025-11-01T19:55:06.538028+00:00,2025-11-01T19:55:14+00:00,229
cf92c6adc94824d718292b44a41945b8144e05cc6eda423395dfa148b6eb70c8,2025-11-01T19:55:06.671055+00:00,2025-11-01T19:55:14+00:00,229
6cb9fd63cb933181cd3f24c7b052c8b59e9875015d891326a16e82c844baa651,2025-11-01T19:55:06.803954+00:00,2025-11-01T19:55:14+00:00,229
71c9501a5820cc664caebc82ae55f21f8855bc210ffb8ffa57a7e47504c21cfa,2025-11-01T19:55:06.932198+00:00,2025-11-01T19:55:14+00:00,229
1d387f20a2b1bf74c3a50c424b728db749dfd7e65c256e7a424ee9824d6ae00f,2025-11-01T19:55:07.053857+00:00,2025-11-01T19:55:14+00:00,229
991a511e00355d9a3c6f686af122963c004e9a989f80862035e9c743b21535d0,2025-11-01T19:55:07.184732+00:00,2025-11-01T19:55:14+00:00,229
671bfc69c4c9ef086a42783e182624f1b944fafc6a094c4c099a9f5e6e8e7a7e,2025-11-01T19:55:07.321103+00:00,2025-11-01T19:55:14+00:00,229
2e1d1cb3e6fbda1e6e322378a9bcfc2e1500993555df3d19977e3bb4664cde00,2025-11-01T19:55:07.445235+00:00,2025-11-01T19:55:14+00:00,229
5cc4a9304e90a9e9b0d67bfbbc2702c14874fb6bc1ce142e4f235ea170308472,2025-11-01T19:55:07.572297+00:00,2025-11-01T19:55:14+00:00,229
7b37d65f5cd89c247a6644f9f45dad3b6939a226c798ebbca6dab68f94c0697e,2025-11-01T19:55:07.698662+00:00,2025-11-01T19:55:14+00:00,229
9705dbcea7c3a4243c62d9df59de8a296eea2c297f87dbd8e79daca4b63ca5f0,2025-11-01T19:55:07.825754+00:00,2025-11-01T19:55:14+00:00,229
74530d3b38f03ba0812fbd2762940ec614fb09ce70501d77c1edc44ba9e75eea,2025-11-01T19:55:07.954557+00:00,2025-11-01T19:55:14+00:00,229
41d8c8cf8f3129e0494462f5c68efe75c735a290773b74970343f67926e0a5c4,2025-11-01T19:55:08.081189+00:00,2025-11-01T19:55:14+00:00,229
8d604c22f6e8cb737e1888bb8f130131e90b86f042cfe7b5dc2175968fb7f2c4,2025-11-01T19:55:08.206911+00:00,2025-11-01T19:55:14+00:00,229
a8d38b52d4f205765a4b5095baa04db5c6c08998f583de276592c6380d559536,2025-11-01T19:55:08.328126+00:00,2025-11-01T19:55:14+00:00,229
23d58af5304bd9b20a428732442013c33f30f090ced68e0791f014a76debeaa5,2025-11-01T19:55:08.457235+00:00,2025-11-01T19:55:14+00:00,229
5622d498b54aec9d025bcaacc951553fe66fe01fe1d7930e4634d798f1d75143,2025-11-01T19:55:08.585672+00:00,2025-11-01T19:55:14+00:00,229
cf3cf3b4e9f2b2c8ab2130fce1c583d14f79d2ba714d4603294371136e0cdf49,2025-11-01T19:55:08.705019+00:00,2025-11-01T19:55:14+00:00,229
3450b9b055a0530f12fe39a213124dbd354f9fc96a57d8b5c891f0f3a59052c5,2025-11-01T19:55:08.830298+00:00,2025-11-01T19:55:14+00:00,229
9f163045577059441ade98b1e3c6182e040adb00bb5fb5359f86256c391cf4f3,2025-11-01T19:55:08.957561+00:00,2025-11-01T19:55:14+00:00,229
16e0c1735f8360bdb250c8418cd0f7597ae7dd1f44a50dbc231650ad16ecabf7,2025-11-01T19:55:09.079480+00:00,2025-11-01T19:55:14+00:00,229
a737f2c02c65e7e1727d3f59397b7e816747403b94cff4b7295dce1739d06823,2025-11-01T19:55:09.421103+00:00,2025-11-01T19:55:14+00:00,229
ee04005cf978de2cc5261f805cdac7ddc1cd86aa1a58ed9173f32c4214fbd6bd,2025-11-01T19:55:09.543683+00:00,2025-11-01T19:55:14+00:00,229
aa0ca3a8dc1f68f813874e9eda85e749bf8910410c0c09c41200ffb4abb8ff47,2025-11-01T19:55:09.667381+00:00,2025-11-01T19:55:14+00:00,229
d71d166fd92694a84b12b5884300fc00f904219ea71b4048564fc07de4a82225,2025-11-01T19:55:09.816800+00:00,2025-11-01T19:55:14+00:00,229
a64997d42ec50928ddb13d081b337ccd8de0007d9594a4317beec4d3bec32016,2025-11-01T19:55:09.938655+00:00,2025-11-01T19:55:14+00:00,229
7170a10c881c5f87f3d1ece65a9feb4fd1c705e8eb682ca38457fe8681a88cd5,2025-11-01T19:55:10.065854+00:00,2025-11-01T19:55:14+00:00,229
f799ccd506553bf9fe0cff5e9cceca4d173d8f5e87e8271d559b1dfc00a3f675,2025-11-01T19:55:10.186135+00:00,2025-11-01T19:55:14+00:00,229
2c37969168e1a2fa7bd48640cf2447a0e2735d96c0b33f3c10b4d7e2c956a3f1,2025-11-01T19:55:10.309887+00:00,2025-11-01T19:55:14+00:00,229
1c4a29373c4f8d945695c71dfd11b677636c0f883fb2a25f624c98f2e80588d6,2025-11-01T19:55:10.434450+00:00,2025-11-01T19:55:14+00:00,229
5f7eddd01bff4734c4b747abe32d1a28d538ad2a04f5e88f74c0774bb687ae50,2025-11-01T19:55:10.563590+00:00,2025-11-01T19:55:14+00:00,229
f37426696ad8ee391c5292ac8c20ad3544b91d6186051ac7c3e356700cb10cbc,2025-11-01T19:55:10.687827+00:00,2025-11-01T19:55:14+00:00,229
2e90681a8371c372bfc94968607b598c28bf36e68528866c2d35a30069722009,2025-11-01T19:55:10.814894+00:00,2025-11-01T19:55:14+00:00,229
36ea3857bf7d39e38e8311decaf1c8d63598446b71dca38df7943dfc1e4e05e9,2025-11-01T19:55:10.941207+00:00,2025-11-01T19:55:14+00:00,229
55def51a7165588347abd9753b9138c233163717a5caf6134b4f65d15416d4b9,2025-11-01T19:55:11.068180+00:00,2025-11-01T19:55:14+00:00,229
fbe415d42e13e686bc2387933dc719a6bfeaccbf898fc120e9a0d48b618f37e5,2025-11-01T19:55:11.195594+00:00,2025-11-01T19:55:14+00:00,229
62c7166942ae27bb51ebdc1288a24053e754414be6e7f80f1aa93bb363cda356,2025-11-01T19:55:11.330326+00:00,2025-11-01T19:55:19+00:00,230
6f81a086be34917ca0714f938292d8ae252cf1d9fd483ed242d6ed6a025648b2,2025-11-01T19:55:11.458656+00:00,2025-11-01T19:55:19+00:00,230
4293cb74b9d6fdce489b9180cc14932a8780a373f385d8acb9484c18bd0a06cc,2025-11-01T19:55:11.585503+00:00,2025-11-01T19:55:19+00:00,230
4bd5cf3b36660336e20e492f9abfd9446d0b00a9a619394ee9ac3308efa050b1,2025-11-01T19:55:11.716107+00:00,2025-11-01T19:55:19+00:00,230
d021b36b5fa8ebcc02c92ceb1a9d2abd96e1428434cc6dfd6ed5eb1d8181ed93,2025-11-01T19:55:11.843571+00:00,2025-11-01T19:55:19+00:00,230
05d186e646689b61484facb4cef90bf6005c33e81c106009fc6a54cd05894031,2025-11-01T19:55:11.972321+00:00,2025-11-01T19:55:19+00:00,230
4b7c78d4a06d5e1bd94bb7896c30fb94b92952ae2fd0a10840b55a7230af55b8,2025-11-01T19:55:12.103008+00:00,2025-11-01T19:55:19+00:00,230
17b07f8a3839695d2168ab1821ff48cfe3c715630c6997de71dcbea5b58d3c19,2025-11-01T19:55:12.229957+00:00,2025-11-01T19:55:19+00:00,230
ddb8b912b4dffa537dfb2f341722662ef5c818f48cdb751606e61962d19ea48b,2025-11-01T19:55:12.355588+00:00,2025-11-01T19:55:19+00:00,230
2180081bdfd777c2ff0d2fcb88ae9f8ba9cb2034a11c709743a2eeeec80feeb5,2025-11-01T19:55:12.481777+00:00,2025-11-01T19:55:19+00:00,230
59741832d71b68213ed2aa50dc5778d219fb68dcfde655e8f6cf40007a51e87f,2025-11-01T19:55:12.604030+00:00,2025-11-01T19:55:19+00:00,230
386c6e02254d5c09a2a00231204e9413e6801dbd016c1ecd81a9b68d3b9b8865,2025-11-01T19:55:12.734112+00:00,2025-11-01T19:55:19+00:00,230
1b721188fb8404d716374f66aa3af68b05f35c51c62a78567ff844cf9369edd0,2025-11-01T19:55:12.860044+00:00,2025-11-01T19:55:19+00:00,230
538da5366f1874bcfb4b004f54b13cd59e799fc940b4e22cac1c3bd3f61246ab,2025-11-01T19:55:12.986999+00:00,2025-11-01T19:55:19+00:00,230
7188d886f40cf6620bddb3c8ef921a16f149100e941e5279d30acddf36fe38f3,2025-11-01T19:55:13.117515+00:00,2025-11-01T19:55:19+00:00,230
376805adaec5e29d24900f6f89e0013fc2ce4f8e0229fac303cbed7ed3de7e3f,2025-11-01T19:55:13.245317+00:00,2025-11-01T19:55:19+00:00,230
64abdc16e2f2529440ea8577a3af8d44a03debd0f285bbe484c6992ea00557ea,2025-11-01T19:55:13.378249+00:00,2025-11-01T19:55:19+00:00,230
54e34cbe403c491f8cc537c72c2b0f56a42c0493bc929b916ad6696cb923f975,2025-11-01T19:55:13.505366+00:00,2025-11-01T19:55:19+00:00,230
7ffb91234501601a946cdd0d7df67275c79705310a92e452bec4c13a133c6c75,2025-11-01T19:55:13.635210+00:00,2025-11-01T19:55:19+00:00,230
a5a67fda142f21b85e45d525a2a6701192f209772bb6142a4999fd260a47e05b,2025-11-01T19:55:13.766391+00:00,2025-11-01T19:55:19+00:00,230
6c754e440bea4631858b1c929dcd5fa6e1aa5a776bbb8179dc7bb00705e5c451,2025-11-01T19:55:13.895662+00:00,2025-11-01T19:55:19+00:00,230
de45df3566a517af239b114dbaf33493187a5ed2592b46bf2ad19986269dd8f1,2025-11-01T19:55:14.028908+00:00,2025-11-01T19:55:19+00:00,230
8d260e2f63f243c985885827e3f0c93253fa30099da341cc9c4fde593fd63017,2025-11-01T19:55:14.159591+00:00,2025-11-01T19:55:19+00:00,230
dcb04d0481e9ad9dbfc7ed20a6d3c83470dfffa026cda9aaf915c48bec7f7b90,2025-11-01T19:55:14.285676+00:00,2025-11-01T19:55:19+00:00,230
7f73b2fa295c48821c71b91f2879cd83b3f387e39558400fbe4556bc8589b518,2025-11-01T19:55:14.416533+00:00,2025-11-01T19:55:19+00:00,230
be2c115d9ea24db1ef4f1d7e8f39450f9f5e5d0465a1be7228ad4ebc93e960d2,2025-11-01T19:55:14.747129+00:00,2025-11-01T19:55:19+00:00,230
f75da428b3f65f1272c60626f59c914176e2ba1322c7435dd2934993df4fe351,2025-11-01T19:55:14.869974+00:00,2025-11-01T19:55:19+00:00,230
8da92f9c5fbf0305846ebf54aae2c9ec850ef03fd0f3a4c37e6cd4ca71b05e66,2025-11-01T19:55:14.993948+00:00,2025-11-01T19:55:19+00:00,230
7d4cc1b6b8033988ae9488da1c6e321fe17f2c1d80aa75fcb30600cb7eb422af,2025-11-01T19:55:15.120783+00:00,2025-11-01T19:55:19+00:00,230
9bb535cbe6801121b437f3bbc2bbbf2cde9ffe696a182482b8ec9028e09db753,2025-11-01T19:55:15.249940+00:00,2025-11-01T19:55:19+00:00,230
c922cb5a4d4af58002828c3edd5e921cd387783102a46ed1cb00013701aabcc8,2025-11-01T19:55:15.377638+00:00,2025-11-01T19:55:19+00:00,230
3731b32a85cd7ca2936ec5554ddc87e5aa94c921b8933840e79e22943fd1aaf1,2025-11-01T19:55:15.506823+00:00,2025-11-01T19:55:19+00:00,230
b590af3daf125b735f2e208f1c0b778a61b591eb2287f3c381ccaff937f43420,2025-11-01T19:55:15.633821+00:00,2025-11-01T19:55:19+00:00,230
13b8e05db47484172f746700ab66f7dc82324b890afccbd942fee316eac22952,2025-11-01T19:55:15.766850+00:00,2025-11-01T19:55:25+00:00,231
75158dc6991a8ef5aaf205a294c31e6395bcad38870f45b118b0e10deaf47718,2025-11-01T19:55:15.896460+00:00,2025-11-01T19:55:25+00:00,231
c9525306c1d64d6e61883c0f9ea09ec5e91dc201b03d1ce62afc460ef3cc52f3,2025-11-01T19:55:16.025486+00:00,2025-11-01T19:55:25+00:00,231
a799b3e05eee9ac1b19a02e3aa9ac7049b4e3bf4ad50fb98444efa0473bba8e4,2025-11-01T19:55:16.151541+00:00,2025-11-01T19:55:25+00:00,231
b318f2d49fd1ad1718ad8aab5a4b84d9677efb2d39cb8abfb9db9ce5ef9b9d5f,2025-11-01T19:55:16.280899+00:00,2025-11-01T19:55:25+00:00,231
735e591f8c39eead8cdd3d9c532743c3aa517c4014bdeebc5d7c0b7eadb027b6,2025-11-01T19:55:16.406032+00:00,2025-11-01T19:55:25+00:00,231
7e741497265a356ee639185682ce051297ea62661c64b13af5eba3afee5c28d0,2025-11-01T19:55:16.543100+00:00,2025-11-01T19:55:25+00:00,231
6b91b2ee2796231eb5105f01522a7682450adfa942f866733e5c33506244e319,2025-11-01T19:55:16.666357+00:00,2025-11-01T19:55:25+00:00,231
0bdd4132d9c3a198ffe6030b032b56310d7689c3544381510ab8b299b5e45ed4,2025-11-01T19:55:16.797416+00:00,2025-11-01T19:55:25+00:00,231
b8f5a4f0e88d5e010aef0b099ef0d7b1e2281a825d8f5955eb3c26a574e93f02,2025-11-01T19:55:16.922290+00:00,2025-11-01T19:55:25+00:00,231
b6fb674156a723ab68f18b07c5d1b7e0151b3fc7b11b590b96f397c5f9cdad89,2025-11-01T19:55:17.045142+00:00,2025-11-01T19:55:25+00:00,231
b95518f36dbad8b220c13163b8df5954aaed21ed98f6330bb36a746adc8cc9e3,2025-11-01T19:55:17.170122+00:00,2025-11-01T19:55:25+00:00,231
e6b54840b8f5dc508024a766a113244ed3244b8bef83199bcd807804988dcb90,2025-11-01T19:55:17.296432+00:00,2025-11-01T19:55:25+00:00,231
a0b6beb76d23cbfa8fe9649649ef89dfc056c49fd25b06ab2dec2e1687154619,2025-11-01T19:55:17.423844+00:00,2025-11-01T19:55:25+00:00,231
0d503efef0e420a21d330a41837344346557e438e806658a37a89fb0218e39d7,2025-11-01T19:55:17.553077+00:00,2025-11-01T19:55:25+00:00,231
d91698204897c57c0d9d06fb3aff6a743b1e62395977b76238a9b5c998a8e2e2,2025-11-01T19:55:17.678514+00:00,2025-11-01T19:55:25+00:00,231
a63e5824949c1ead214ddd3eee295e45869c6158ef8324378e4dcc53416abac2,2025-11-01T19:55:17.811868+00:00,2025-11-01T19:55:25+00:00,231
bb94c1792b53e40ebc8af422659ca1cfc3952810b7a83133b9fd3318e3592c86,2025-11-01T19:55:17.935966+00:00,2025-11-01T19:55:25+00:00,231
ffc029885cf7f3cc1cbe7d0b66d8123ad4bea906c44f939e473ef6e9c982e331,2025-11-01T19:55:18.061080+00:00,2025-11-01T19:55:25+00:00,231
06082045320b40f465e73ea6f3bcc3cca04cd9a20c31362a7d212b2205fa6843,2025-11-01T19:55:18.183063+00:00,2025-11-01T19:55:25+00:00,231
e114b990464297ef4f5e7aae908d8b21a78be0a10ad690d5e2858150243d1f20,2025-11-01T19:55:18.306358+00:00,2025-11-01T19:55:25+00:00,231
d1a9aa5cfa11f070da3c1f98af334167f301e2e8ac94c984151cb3e0412bc582,2025-11-01T19:55:18.433978+00:00,2025-11-01T19:55:25+00:00,231
35f5308788137c28ef2e06d0e6250373017dec07b2bd02131073f05613f6547c,2025-11-01T19:55:18.560294+00:00,2025-11-01T19:55:25+00:00,231
66b3f0c95bbe3f91260ea778e374b9494256cd5cdc9748c2e1f419b6827e885f,2025-11-01T19:55:18.691135+00:00,2025-11-01T19:55:25+00:00,231
c6812dda748a6da4ca04e3e08539c2075b903b137c0da0c771c68cebfb28af4c,2025-11-01T19:55:18.821096+00:00,2025-11-01T19:55:25+00:00,231
363346fdb97acb9640a5fe167ad6acf3464727473fa5749678845d1bd0954331,2025-11-01T19:55:18.951706+00:00,2025-11-01T19:55:25+00:00,231
f5b3393703526a4adfce729e51ee6c102df7d7586c35ad10d3a5a443e345f4e5,2025-11-01T19:55:19.095180+00:00,2025-11-01T19:55:25+00:00,231
56fe748830995e2c7c03afbfa61c3b41e4c96d790249a91a9ec540933b143b23,2025-11-01T19:55:19.220941+00:00,2025-11-01T19:55:25+00:00,231
0971aa4bda603409b8af3812c57ba32db09540ff679515aafb60714afb6acc2f,2025-11-01T19:55:19.353173+00:00,2025-11-01T19:55:25+00:00,231
977a0ad1f9c93f5c5af2b20677a2c5e44916b44f3829f7d728fe98db92f174c7,2025-11-01T19:55:19.485175+00:00,2025-11-01T19:55:25+00:00,231
aec9c1a8ad629cb214d173e84455d2baf1678f5e34ae201be511417af7b6a476,2025-11-01T19:55:19.613774+00:00,2025-11-01T19:55:25+00:00,231
c66564f1f90662c125dd56b7954bb5d4d31e9b72a2684c64a35e130248a315d7,2025-11-01T19:55:19.739564+00:00,2025-11-01T19:55:25+00:00,231
86df2a278d47e093d2752f49b23782f7525b6160381ede7fc278a2515af5a106,2025-11-01T19:55:20.075844+00:00,2025-11-01T19:55:25+00:00,231
03fead3b3fb0522869a29dd8d1afb06148e6901c70e54800f079fb14ac75ae69,2025-11-01T19:55:20.195306+00:00,2025-11-01T19:55:25+00:00,231
f2b4249993f8fe8fc15b91e7063815f3afef5e1aa5c239bffeb15eafc8cd096e,2025-11-01T19:55:20.322848+00:00,2025-11-01T19:55:25+00:00,231
87935ecf5563c254d97c4f33d08dd2bea0f7f3d6ee3493572957d20f1535363d,2025-11-01T19:55:20.450294+00:00,2025-11-01T19:55:25+00:00,231
3f9f530b7affb0257d9c364b1acde3ef4abfb33d779b707f1d86ff2bdc5df99a,2025-11-01T19:55:20.579160+00:00,2025-11-01T19:55:25+00:00,231
c4b68b41d070373dd3c8125bacef9fe0cc7e9c6ff6b453e9574ed070fe537d4b,2025-11-01T19:55:20.704392+00:00,2025-11-01T19:55:25+00:00,231
7c48f2e3ce86d10b6fd395dcdf41af0b015bb2c2bf4256b6e5c84e9f86654883,2025-11-01T19:55:20.828547+00:00,2025-11-01T19:55:25+00:00,231
cbe281d17a7659356c1b79a609c0698e26bd62bd85c96044c959e067a841ce72,2025-11-01T19:55:20.952274+00:00,2025-11-01T19:55:25+00:00,231
485336e463c77c400f89750fd03e7524ecb520b14cf6e7a23629eb779990039d,2025-11-01T19:55:21.079880+00:00,2025-11-01T19:55:25+00:00,231
2a6540cb6051c62ae1458d7e904b620599a63ffb576ef3ab84c91ced65c8c9fc,2025-11-01T19:55:21.206249+00:00,2025-11-01T19:55:25+00:00,231
410f55f8eb7dce898df04576ed6f82bf31973498e15acf58de889aaeacb8fab1,2025-11-01T19:55:21.335907+00:00,2025-11-01T19:55:25+00:00,231
db5ad8794cbe498f7aa7e22c1cfd7e391e5a9c3c8b9b933453f7688be2a90239,2025-11-01T19:55:21.465798+00:00,2025-11-01T19:55:25+00:00,231
f5316189c00b7a81d185fd5606cd1de2b7a0c7d8f871e57752a1907cf9b8594f,2025-11-01T19:55:21.595476+00:00,2025-11-01T19:55:25+00:00,231
f476a277219dd47b60142184c9ee2499ddf482f47891d106af3918c650d76d01,2025-11-01T19:55:21.724397+00:00,2025-11-01T19:55:25+00:00,231
bbd9f82cc28539ca0ed8354124cbb84c8f5a8cb2075bd371675843199ecf27e4,2025-11-01T19:55:21.855473+00:00,2025-11-01T19:55:25+00:00,231
0d32a74c20085eff6b6e108c58a60e993286e15698f3d5f3010dabfb4f2ecdda,2025-11-01T19:55:21.988222+00:00,2025-11-01T19:55:25+00:00,231
7fd140ffd7f7b43a0495f904ca56c22317a18fcf8e3898a9fb5180049abe08c5,2025-11-01T19:55:22.114423+00:00,2025-11-01T19:55:25+00:00,231
e59f6f3e2fe62de6b2ec09d9239d7e0e9b51e78382355296f81e762565cdbb72,2025-11-01T19:55:22.248190+00:00,2025-11-01T19:55:25+00:00,231
d4446d20eeff43f2164a9c9e973e7451c2eb49a09888fba9e97f93f954c00d9e,2025-11-01T19:55:22.378518+00:00,2025-11-01T19:55:25+00:00,231
37da8b6cf2e31a5d451e91e68c35724b31e0547363178ef20dfcad2405cfd1ae,2025-11-01T19:55:22.510882+00:00,2025-11-01T19:55:25+00:00,231
9feac5141cad9f59c074c3c267259dc485a8ff49c18c39d15dcbea1004b6b0fe,2025-11-01T19:55:22.637812+00:00,2025-11-01T19:55:25+00:00,231
195f6baebe56dffff92ebadeb05fb8a290a40312d9642e97e229149b54b9c85b,2025-11-01T19:55:22.767368+00:00,2025-11-01T19:55:25+00:00,231
e7916ca4b4e2b759f6b51a949af29b7b2a277f36dcb3b4c8196a7c9af68e1d8d,2025-11-01T19:55:22.898790+00:00,2025-11-01T19:55:30+00:00,232
709a8486d81b5ef66b81edb36197418d56f9dcb0892cac9b180f37bc8bb989a4,2025-11-01T19:55:23.026638+00:00,2025-11-01T19:55:30+00:00,232
27d708ed432fa3cbe84a579b5f55236300d120bedd9b71e7ab319b2cc9b82056,2025-11-01T19:55:23.154146+00:00,2025-11-01T19:55:30+00:00,232
0014985a73df972fc129cb9ab40791351b6f13f643c1b1931af485938361c55e,2025-11-01T19:55:23.287545+00:00,2025-11-01T19:55:30+00:00,232
f6593c58a04a6e2788eefdbdfdcd5e2910fb98537bccb745c79083a31b7ab12d,2025-11-01T19:55:23.422953+00:00,2025-11-01T19:55:30+00:00,232
59d0bc564c1a7c61ea7e8c2fc81bdedfe2ec2dabfe77a7e8c46785f5116901dd,2025-11-01T19:55:23.555520+00:00,2025-11-01T19:55:30+00:00,232
30cfc69f131d983fb4a1fda7ef53fecf3e7e4db93dcc631e2cef2475074aa411,2025-11-01T19:55:23.688495+00:00,2025-11-01T19:55:30+00:00,232
0f2111e27b6eaa4c20a7fe277f04b3ba70b038fd5e2e23b63c1ef132a786b064,2025-11-01T19:55:23.822786+00:00,2025-11-01T19:55:30+00:00,232
5ecf798111fb5c5154eb02abee6f860a4ec85707145d28770c99985f887850f6,2025-11-01T19:55:23.954992+00:00,2025-11-01T19:55:30+00:00,232
69f39c39d8795c2a34b623d2d5484341a61cec944aa174155632bab37b44555a,2025-11-01T19:55:24.087186+00:00,2025-11-01T19:55:30+00:00,232
e16cf41f13170e9f34643db7a9884f7e780e9172d0e139d1811f51d08a1a0eb7,2025-11-01T19:55:24.217965+00:00,2025-11-01T19:55:30+00:00,232
681a8ddf8c87078491250d432cd614b0817a1e825b510cba89c3dcea6e1a60a8,2025-11-01T19:55:24.346793+00:00,2025-11-01T19:55:30+00:00,232
79f063898f9a51a8652dbe965b0f80476e84221faae63e7c50c85803f0101251,2025-11-01T19:55:24.477074+00:00,2025-11-01T19:55:30+00:00,232
602ff2b39a05a1abd312db922d427c9f84199d5e62bd0460b4fe9ab2a5cbcadc,2025-11-01T19:55:24.607920+00:00,2025-11-01T19:55:30+00:00,232
91f5f98e4ccd5b1a921e6428cba07153a8a6d3240593b7efbcb0155a133c20fe,2025-11-01T19:55:24.738351+00:00,2025-11-01T19:55:30+00:00,232
c253e96cbde337ce93e7d7ca77b4b8361a7d985a80ef66732e9316e2906a1b0f,2025-11-01T19:55:24.869821+00:00,2025-11-01T19:55:35+00:00,233
2e4d42e3257749cad10eec81ee44b1d0244d2e0c1106d7e8f3ba4b29b3c4461a,2025-11-01T19:55:25.002574+00:00,2025-11-01T19:55:35+00:00,233
5760f12e898a1f10ae3180605484e79f906fdba7efb797e5331ba94074c1fff9,2025-11-01T19:55:25.336397+00:00,2025-11-01T19:55:35+00:00,233
7486daf17d8ebd0d56a7d5322696618e7c982972ed1c4410fc606c6dc65d0a00,2025-11-01T19:55:25.460998+00:00,2025-11-01T19:55:35+00:00,233
a84b95384c63655864dc5ba1d82a9ffb4f9101af8a1cf4852aa4e84e08742070,2025-11-01T19:55:25.589347+00:00,2025-11-01T19:55:35+00:00,233
b254a7970dbc60e350df2592bfc64fd1b91bcfd19687d779bb8d0977cb7ea882,2025-11-01T19:55:25.714949+00:00,2025-11-01T19:55:35+00:00,233
fa7541da1bd2599e35f8e949ec34bcab1bd5cd350b8e85c193c4741622d48c5d,2025-11-01T19:55:25.842060+00:00,2025-11-01T19:55:35+00:00,233
5a7aa7355109a2c4c1a3b2723836cb105a09338352751a417d78e3a9a662e161,2025-11-01T19:55:25.968515+00:00,2025-11-01T19:55:35+00:00,233
660480dc4aa159a4cba8d49cf5b3fab9345ef8807aa94efc2cf44de87b3faba4,2025-11-01T19:55:26.097458+00:00,2025-11-01T19:55:35+00:00,233
60b9f328b9098b8a8f437ccd3d33ce4324f9f4e50b73965805708ff2ecfabc4d,2025-11-01T19:55:26.224661+00:00,2025-11-01T19:55:35+00:00,233
cc88dbeb3363f3c539d0eebd55ef3e2965671b37433703327de522f35fb0757d,2025-11-01T19:55:26.353353+00:00,2025-11-01T19:55:35+00:00,233
24f67cab262206c77c5c1c9dd085250f8fe059d0a6c1a78106b47f89ba039ae4,2025-11-01T19:55:26.484306+00:00,2025-11-01T19:55:35+00:00,233
929046bd0d201bb7097329399cc3444e4355c292aee9840bf5c4c80afcd1c6de,2025-11-01T19:55:26.612878+00:00,2025-11-01T19:55:35+00:00,233
dddf2329683fe6bebffdbd8613e0ce97c8f608503a1313984daaa51ee210842d,2025-11-01T19:55:26.740063+00:00,2025-11-01T19:55:35+00:00,233
fe743f24346b28d1f2f63a496ca0a37907f3041a603061791face5803de30645,2025-11-01T19:55:26.866869+00:00,2025-11-01T19:55:35+00:00,233
08e48f1a8719fc619d1dd563a6a93dc6f4c662fe20e3b24c8e1673ecd657d60a,2025-11-01T19:55:26.987102+00:00,2025-11-01T19:55:35+00:00,233
92e9549a47a3bfc5f83f294930766cf1d41e261ad13e44a5e942e43f45485391,2025-11-01T19:55:27.112298+00:00,2025-11-01T19:55:35+00:00,233
4ec9eae2be31cb96af6f613ffeb10623a9515682a8572414fb7cb9a356638d84,2025-11-01T19:55:27.240240+00:00,2025-11-01T19:55:35+00:00,233
5b2c3fef3ec08452f408214a07f36912d19c7dd8739dae1a47405cca7cf25015,2025-11-01T19:55:27.369580+00:00,2025-11-01T19:55:35+00:00,233
4e4d2074a36e72564c1c3e78b2e71d8337bc0dbdfedac13fe915591c257b4cb1,2025-11-01T19:55:27.494707+00:00,2025-11-01T19:55:35+00:00,233
a3276d83bf7a44bd2e069a651c37f97361224dc7a28a6939ee71d72a463cadb1,2025-11-01T19:55:27.624727+00:00,2025-11-01T19:55:35+00:00,233
213ef090a0b33973ba61b8c520d61f6afe58372c4f8654faa63eceb06161961b,2025-11-01T19:55:27.755330+00:00,2025-11-01T19:55:35+00:00,233
e8bf9c72bc1e3b80394c8ace5b709f55e16e2ba1d6df92e9c4ca2563dd1e8b4e,2025-11-01T19:55:27.886496+00:00,2025-11-01T19:55:35+00:00,233
a4ef6a080d426f3555cf5b4ec89d8bd754468510296ea2f788538f8cb3963f3c,2025-11-01T19:55:28.009843+00:00,2025-11-01T19:55:35+00:00,233
78010cef688aebf492c8c037781e4cfe449e7a9fdef6173ec25e022905bb90b0,2025-11-01T19:55:28.135056+00:00,2025-11-01T19:55:35+00:00,233
7c5cebdc6dcea7bf7db517dfb5e91bf16e3c12fa485c77eab8b8327049ad55b8,2025-11-01T19:55:28.262101+00:00,2025-11-01T19:55:35+00:00,233
49a1db55f1382a678eefb6603e5c0b18c8d09713c895e7bf6bfcb7e840fa7425,2025-11-01T19:55:28.389201+00:00,2025-11-01T19:55:35+00:00,233
8c278b731e048e5057bcdc1d92ba253145502ad31decfaeaf3290ed4bce0d248,2025-11-01T19:55:28.517739+00:00,2025-11-01T19:55:35+00:00,233
961f3e829a38368ed0d175add74ac78c3d1e840f28468bbf8b6e83ce8c6d76a1,2025-11-01T19:55:28.644020+00:00,2025-11-01T19:55:35+00:00,233
fab5fa23d3a4b191e63ad2d82eec345d33e47a853af7cc47e89cadf3f4b2728c,2025-11-01T19:55:28.768925+00:00,2025-11-01T19:55:35+00:00,233
0534f85ed30e85347bee024455f1d13aa0e22558c469f70ced49ebf4911bcafe,2025-11-01T19:55:28.894007+00:00,2025-11-01T19:55:35+00:00,233
1cd2b5505cec044d64b9e54c9a81dce045fab09993a93dc4def0d417041e054f,2025-11-01T19:55:29.040436+00:00,2025-11-01T19:55:35+00:00,233
91bef07748009070688392e42be8f4ffc744e8d5968c00da06d0fa52f00dd293,2025-11-01T19:55:29.166448+00:00,2025-11-01T19:55:35+00:00,233
a78b3ef952ed0972756bcc93ee842bb7e6aa1776045b92decfa8078da8c94598,2025-11-01T19:55:29.291235+00:00,2025-11-01T19:55:35+00:00,233
ab9a1ec81f54acbec345e1a5b7d68c643af8bf578a68337f70a3fbf9a3019f05,2025-11-01T19:55:29.421897+00:00,2025-11-01T19:55:35+00:00,233
a501269f51e309df3c9dbc7f9515d7ff0b9d0f02dd6218f15cb677813b143a52,2025-11-01T19:55:29.548345+00:00,2025-11-01T19:55:35+00:00,233
8d860485def1061fa029fe7872cdcc7c51dc2abf06cbb907eb466c21c7797663,2025-11-01T19:55:29.679429+00:00,2025-11-01T19:55:35+00:00,233
3d28f4fa8069086d697f4e17187ae5de993c15e307a27db22595aded0c0e13b7,2025-11-01T19:55:29.836684+00:00,2025-11-01T19:55:35+00:00,233
cc733783085b9b467d2f4a4178470d1cc918a32cd8f1611028faddf4972b892a,2025-11-01T19:55:29.960801+00:00,2025-11-01T19:55:35+00:00,233
2ecbbf32294208e3902e746ff1d7e23edbbb7e930698524ac404f6ce39c78bfb,2025-11-01T19:55:30.095330+00:00,2025-11-01T19:55:35+00:00,233
fafd36fe27d545db822e2c9effefe2354f63edc19642c6433f7b0ecb3175d73e,2025-11-01T19:55:30.222778+00:00,2025-11-01T19:55:35+00:00,233
3cb1edf6bfbe6399808a836486771c53ef5cc33815054e0c7f2ec16ea9e37094,2025-11-01T19:55:30.556445+00:00,2025-11-01T19:55:35+00:00,233
ca331435d9fac46bc82b5673cc003c1ddf288c61763fe0498684fff76012c210,2025-11-01T19:55:30.684905+00:00,2025-11-01T19:55:35+00:00,233
098e958b933fa62b427e78e86f349384bf2b192f5c7c57134b3c6a5effb96251,2025-11-01T19:55:30.808654+00:00,2025-11-01T19:55:35+00:00,233
f28135169fa3db78c5fb52b84be410cd6a29cbda5e8130c7b274444758514dc2,2025-11-01T19:55:30.936555+00:00,2025-11-01T19:55:35+00:00,233
a0db86f447e535e08344add418fb03b6d2e6027674ee6b9887d29c5fe3c54d48,2025-11-01T19:55:31.062101+00:00,2025-11-01T19:55:35+00:00,233
f56bc3dd1a22e7339040358bac93e8f898b3095286c66d1e2e99580b546ae0d5,2025-11-01T19:55:31.189294+00:00,2025-11-01T19:55:35+00:00,233
736c33933e67bc5a48ea42685bd4ab57c0707e21e63b531291fa340e29dff1fa,2025-11-01T19:55:31.313183+00:00,2025-11-01T19:55:40+00:00,234
e1e5de275a3767ab976a672978d69cc53376d15cd5fa6682492346d0fbc285a7,2025-11-01T19:55:31.443978+00:00,2025-11-01T19:55:40+00:00,234
6c6692c24ff4b210f3ac19138a6817b74235c1f9a8983de567f4acc848ec171e,2025-11-01T19:55:31.572528+00:00,2025-11-01T19:55:40+00:00,234
bcd943ab7779230321eb0fe6a55b1287c96fb3b82b1841eece4d0560aae2a872,2025-11-01T19:55:31.697219+00:00,2025-11-01T19:55:40+00:00,234
ede4bf88b716d3b5114bd6b539ba2fe3343f8aa8d852282715d778ff480b9d43,2025-11-01T19:55:31.822710+00:00,2025-11-01T19:55:40+00:00,234
2dd06e1a940383d9c6d1a86c5ad9ea5416188c61e2407127b7e63e3f797162ad,2025-11-01T19:55:31.951858+00:00,2025-11-01T19:55:40+00:00,234
d678dfae9a7e4da633d427c315239acee7211c501f7cea02fa78e84f66325da7,2025-11-01T19:55:32.077401+00:00,2025-11-01T19:55:40+00:00,234
de9ca70be2545c2ffcbc2228f93e14eea810339a914b481e14a9a5bde1a4cae4,2025-11-01T19:55:32.202848+00:00,2025-11-01T19:55:40+00:00,234
2df81efac2dff8476d7ad6918d2f14d93e5d2199b83a0c6a9a8aa188287f301d,2025-11-01T19:55:32.331397+00:00,2025-11-01T19:55:40+00:00,234
21523d5367916ed61bd16ab85f2edcbc986e842d7def583acdca7d03e11a7821,2025-11-01T19:55:32.459746+00:00,2025-11-01T19:55:40+00:00,234
1c31e41bbb513f427b24a1d16a9cbd0dc72c720a4462406c373843f3cb51ab45,2025-11-01T19:55:32.588856+00:00,2025-11-01T19:55:40+00:00,234
d3411f18f9f9a7df22a66be656b69e9f7f6f869d10069051fa00d8d413f86d5e,2025-11-01T19:55:32.721190+00:00,2025-11-01T19:55:40+00:00,234
f795e76c64a375c97b5bfb6389438caadf50c349db9bfc1aa77f359e60b7dd28,2025-11-01T19:55:32.844941+00:00,2025-11-01T19:55:40+00:00,234
9f8889fa708544818a34efbb914c1c499fdcbb21f0c613d20818069e22b636f6,2025-11-01T19:55:32.981460+00:00,2025-11-01T19:55:40+00:00,234
ca4c5d2a81bac7c631b9bdeec4d232d35be423d8fce8e080a4d60d6df21a4029,2025-11-01T19:55:33.111029+00:00,2025-11-01T19:55:40+00:00,234
6f975ab419129920cc58ca7634c66a9028b62b63d27ec4555ca5e3d7d1d8c88d,2025-11-01T19:55:33.237976+00:00,2025-11-01T19:55:40+00:00,234
dcb9ab712b87608a10fb1aafd9abee18de0d562941282bc18d221d507c9451fd,2025-11-01T19:55:33.362116+00:00,2025-11-01T19:55:40+00:00,234
27d84f318ad53cf9c3efcac415cba8c55eee512ba98662c4d3b81141ad82781a,2025-11-01T19:55:33.494098+00:00,2025-11-01T19:55:40+00:00,234
773f590c4c10767c290bc809ede0e4b716ad71086f90f31efd75608f4996a719,2025-11-01T19:55:33.622768+00:00,2025-11-01T19:55:40+00:00,234
e05c7b695a3d326602af8bd10192beb65ae8a893f1445b41d709d34972f07e9e,2025-11-01T19:55:33.754643+00:00,2025-11-01T19:55:40+00:00,234
2ff8559166e268a62b9461d35e0a3df929202a0368fa483a36d756a558e00031,2025-11-01T19:55:33.881599+00:00,2025-11-01T19:55:40+00:00,234
0f95415a5d80b2bb073baff6cf9b6d093d339de6f91faa857c1ee889f2d66d50,2025-11-01T19:55:34.008789+00:00,2025-11-01T19:55:40+00:00,234
bfcb016395aa819b4ea8b02129d6d5bf84d9d5b252b207be7b0e0d377458ebf5,2025-11-01T19:55:34.133572+00:00,2025-11-01T19:55:40+00:00,234
ddd3517feeaffc1919929beecd8bac69570f3db35bf8eb2d66b6dfedca1cfcd6,2025-11-01T19:55:34.262522+00:00,2025-11-01T19:55:40+00:00,234
2b1cd46ed8f99751d6c042b633074ad3935803132a08b8668712a4c7dd766c16,2025-11-01T19:55:34.383664+00:00,2025-11-01T19:55:40+00:00,234
2eb29be3af861b5a59832304ad5a91bb64f99842d4ed1246e81ecdfb070d6953,2025-11-01T19:55:34.508389+00:00,2025-11-01T19:55:40+00:00,234
ab517d5a7bb1e97b3cb9a490024880b75ee6ea9aeead7f9179a967e3a2324c25,2025-11-01T19:55:34.641825+00:00,2025-11-01T19:55:40+00:00,234
128a4f6f124ac0bc4d3025be6203327410c7d9e8eb1f64d2569064e6c2467745,2025-11-01T19:55:34.770960+00:00,2025-11-01T19:55:40+00:00,234
7c361ca675a5840a112fa2f89985627b07e7339d2c995b8886c99c143c2c5433,2025-11-01T19:55:34.896205+00:00,2025-11-01T19:55:40+00:00,234
b1b94db1a69ef438d3509f90210eb7a7bd646dfcce9e2bfd971a0f19df4b43e5,2025-11-01T19:55:35.018683+00:00,2025-11-01T19:55:40+00:00,234
f4e094ad52c837455ac1cb2286a3f82231ac710d4c7367f6068225385b2f9096,2025-11-01T19:55:35.146542+00:00,2025-11-01T19:55:40+00:00,234
f26a42a9f0871d3457e6ef14c168484804996b0cf5d36b93b906d54ed6906cef,2025-11-01T19:55:35.274003+00:00,2025-11-01T19:55:40+00:00,234
e9b8ea479696b4aefab093335a165be824c8efd4d3ef4aeef892c9cab196941e,2025-11-01T19:55:35.394983+00:00,2025-11-01T19:55:40+00:00,234
d09c796fe7bebc24350fd520ce859cfe4d9941bc30d20bf31acb4c09f30e42a4,2025-11-01T19:55:35.523991+00:00,2025-11-01T19:55:40+00:00,234
9806cff3a097125dcb282774b71b5e5d7c1de58c5a93e693c9d951fc6d7cadd6,2025-11-01T19:55:35.859089+00:00,2025-11-01T19:55:46+00:00,235
86ec18e807943f77f5838f07ba2d045f3890f926f9ad30ebaf3722ac4fda0d1e,2025-11-01T19:55:35.982440+00:00,2025-11-01T19:55:46+00:00,235
f475ce90aa8b75977d1bf24564ae434d9e37f0cb923e6bc02f590c8b0cc6d87c,2025-11-01T19:55:36.108050+00:00,2025-11-01T19:55:46+00:00,235
2a07e5249a63d50404d1e3465973195bef83d3d50ef555ce1297c22f88a66a31,2025-11-01T19:55:36.228219+00:00,2025-11-01T19:55:46+00:00,235
1b7d41533b887eb1137888f10e1ac2e85fa9cb5f5a02267459b82e3438561a01,2025-11-01T19:55:36.356749+00:00,2025-11-01T19:55:46+00:00,235
7465060c1337da960f6b3955a847d4c41a22d91612d37f9a720b2afacff36b1b,2025-11-01T19:55:36.480428+00:00,2025-11-01T19:55:46+00:00,235
d6a6e790149f9b1367c9703b80404638223b5d5675b7c40504227dbb2ce6a46a,2025-11-01T19:55:36.609674+00:00,2025-11-01T19:55:46+00:00,235
b4872cca8ba724454763b31e2b198f67844e19c43472703c25efadd2dfa6f24d,2025-11-01T19:55:36.735154+00:00,2025-11-01T19:55:46+00:00,235
ff93ba71ed09972e3da263eeac3ab86db1a528e94a28543d185aa50289fd439d,2025-11-01T19:55:36.862348+00:00,2025-11-01T19:55:46+00:00,235
26e92744920a0980d4344fe92276d41c8541d5eb5ce65256817296516c18d215,2025-11-01T19:55:36.986121+00:00,2025-11-01T19:55:46+00:00,235
11cfbc77e128758239dc2b774e2741c983d370c00e60096a95e33d29b47e4865,2025-11-01T19:55:37.111096+00:00,2025-11-01T19:55:46+00:00,235
7b08a2626f08e19e3807b4cb90293b208f866a6ee751e2b85b7f2f141d1dfa7d,2025-11-01T19:55:37.235811+00:00,2025-11-01T19:55:46+00:00,235
ddbf0b636dfca08709463e504ed4c6ad8845fb8a6d003392baf8779278c6f06c,2025-11-01T19:55:37.367312+00:00,2025-11-01T19:55:46+00:00,235
b03dea432fafac216bbdb073273f7ce2510133e7d5b7ecea953a551b25fdfae6,2025-11-01T19:55:37.497466+00:00,2025-11-01T19:55:46+00:00,235
42a84d14a6081209950ae63f14a7950976caff63f2752b96f65ba0572ac78b3d,2025-11-01T19:55:37.628187+00:00,2025-11-01T19:55:46+00:00,235
e50e91a6228aa7abac3028fb40eb2e165debbbdbdf0272a8fe916d3d50b4f880,2025-11-01T19:55:37.751708+00:00,2025-11-01T19:55:46+00:00,235
8bde6b7e65dcb936d77a96d54a9ea9f2d40a743480d9c3fe687db868fa8ac165,2025-11-01T19:55:37.878842+00:00,2025-11-01T19:55:46+00:00,235
771347df246a16a50602dfb50d010b23433ad48ffe7ca1cf77ee980d1915af9d,2025-11-01T19:55:38.007508+00:00,2025-11-01T19:55:46+00:00,235
4b6e44b6588f2c6da1ff76c12393bb4b0ce000fb3ca901903c4f54a454cfff74,2025-11-01T19:55:38.140829+00:00,2025-11-01T19:55:46+00:00,235
39f7b1bcfe37c27505e22e4aaa32a4611f5d3d894da21fc02a8598286ca2d958,2025-11-01T19:55:38.267491+00:00,2025-11-01T19:55:46+00:00,235
0591880b962544eeab5b8a2351af61a2a78393819eaa93b0d30db62845f2e1ef,2025-11-01T19:55:38.393594+00:00,2025-11-01T19:55:46+00:00,235
b510e1c70ae70a83ba8d6a8a56c4781b0d171d805ac9c67601855461d2e00981,2025-11-01T19:55:38.520995+00:00,2025-11-01T19:55:46+00:00,235
5a5405023fe976674b012a61eaf081e6e1b670fe05212ba35629d1f7ea396eec,2025-11-01T19:55:38.649538+00:00,2025-11-01T19:55:46+00:00,235
fe1d71254d1961a7caa3938140a45d68dfbd6ff9bafc4333cb3cb32a15805031,2025-11-01T19:55:38.776764+00:00,2025-11-01T19:55:46+00:00,235
2e3601daf229a144659e1be8b66b03fac0fbc0725d222df0e343c4598772d650,2025-11-01T19:55:38.906939+00:00,2025-11-01T19:55:46+00:00,235
db8c2e51b15cda32b46dd6c254ea47a92edca30fb7bda22a4a8afc4924a421f4,2025-11-01T19:55:39.040672+00:00,2025-11-01T19:55:46+00:00,235
79f8c4682497c5cdba3698d453f37e34593a7db5f69bbfe9eb9b61ad17a11718,2025-11-01T19:55:39.166396+00:00,2025-11-01T19:55:46+00:00,235
c73daeab715752086b88635c11f4b3af92242c4fbedd1aa3e43c7d915179617d,2025-11-01T19:55:39.292839+00:00,2025-11-01T19:55:46+00:00,235
ca4de8dfc7a8c85da6c092cd17be4eb989c6c9977d3f238c8c768b1c726d0fe1,2025-11-01T19:55:39.424098+00:00,2025-11-01T19:55:46+00:00,235
a2a935e93889a51235778ab3d8731dfdd090b77b527bc809f95659db797bc09f,2025-11-01T19:55:39.554604+00:00,2025-11-01T19:55:46+00:00,235
eea85dc85704dff99eae50d82d991c7b475f9e069a97de0f4d07df19475ccd2b,2025-11-01T19:55:39.679072+00:00,2025-11-01T19:55:46+00:00,235
9b5215f85e1e56fb94e3eb61dba9cf52133cf24114adf98bd0d49bb2acd968a5,2025-11-01T19:55:39.829164+00:00,2025-11-01T19:55:46+00:00,235
76b3e2a9a0c648b53d3bd5522eb88084aafcfa5a4428b0edc2e4ceec5ec3c7b0,2025-11-01T19:55:39.956421+00:00,2025-11-01T19:55:46+00:00,235
2d4ed7b61e58cec0a2efdf12f2d4b59677174264357c409fe02d6eadf724bb8a,2025-11-01T19:55:40.089634+00:00,2025-11-01T19:55:46+00:00,235
b9615db963086849288ba97da2de21fdefc2ed3e8ec58ea0d907416973c320bb,2025-11-01T19:55:40.212865+00:00,2025-11-01T19:55:46+00:00,235
91ebb081eb8f119508edc885d3285c8870efc5eb8aac4636264af9bf0eb9dc81,2025-11-01T19:55:40.345196+00:00,2025-11-01T19:55:46+00:00,235
407b24ceeb26e4661d6369cc17091ddb9059c2b9e4dc3379896db40ad0b51b37,2025-11-01T19:55:40.492599+00:00,2025-11-01T19:55:46+00:00,235
5bab6c038812a1ef87ff07fc06954efd46c29adb8c4a374585f3e731a86a07c1,2025-11-01T19:55:40.619807+00:00,2025-11-01T19:55:46+00:00,235
9199eb4341d06233604f1af86b826b511a0d6816e155adabed08bf67b42f5a30,2025-11-01T19:55:40.746023+00:00,2025-11-01T19:55:46+00:00,235
459bbd48f3497dc5fa8c7757a1722c6a6c5297cb4af5d3abdfdfd786277ff173,2025-11-01T19:55:41.231646+00:00,2025-11-01T19:55:46+00:00,235
6644917b66e9f1674932caf2b2bc45e565f7836927653ac186e4c5f438b21826,2025-11-01T19:55:41.363579+00:00,2025-11-01T19:55:46+00:00,235
b3c8f3dff9bd6c501d0bbe0c00c53f289f39737ebfe8ad5da02de9e95cd16212,2025-11-01T19:55:41.490321+00:00,2025-11-01T19:55:46+00:00,235
c1037a27b3e8c2fa771ebf4fbbecf4f5f1df8391ffd13d990a96bea172297934,2025-11-01T19:55:41.620794+00:00,2025-11-01T19:55:46+00:00,235
905f5382d0dd5392f0ea4762c4583e418c93a407c2ac35342539fa65b0c8f4ec,2025-11-01T19:55:41.752928+00:00,2025-11-01T19:55:46+00:00,235
546ab57a48cb5b6f72ef7ce8d3b8514c3d54e5ee3dcc7e7a1f40a39af2fe5816,2025-11-01T19:55:41.886260+00:00,2025-11-01T19:55:46+00:00,235
05af9d12d8ac1aebf4e98e8e238500e7126e31d152f53d129d225eacc30aebed,2025-11-01T19:55:42.014892+00:00,2025-11-01T19:55:46+00:00,235
9ed1112ff8a41d84dc29044b196e708806504396e0c85edcb6b29e7bdf576172,2025-11-01T19:55:42.142201+00:00,2025-11-01T19:55:46+00:00,235
0b8df69911da8d20a818174848162de73b7968fbde542b9f4b8e79359572505a,2025-11-01T19:55:42.264929+00:00,2025-11-01T19:55:46+00:00,235
2c8139269d527ad8e89dd7ead832bd7abf44ed400d5072a5bffdd155ace20b13,2025-11-01T19:55:42.391506+00:00,2025-11-01T19:55:46+00:00,235
4e8f21d3351892f7f0498460910689eb97991dcf4a399dc55a3674fbf67d7ff2,2025-11-01T19:55:42.516767+00:00,2025-11-01T19:55:46+00:00,235
7e88e64ff5ce3aaf1e420272ef3bff8f5327d620a9d68d3312e68e6407744981,2025-11-01T19:55:42.643669+00:00,2025-11-01T19:55:46+00:00,235
7ef53dad58bcdc02bcd2fd7ff50fd0fc98932733ffc801b96ce87d67ffcf2d95,2025-11-01T19:55:42.773770+00:00,2025-11-01T19:55:46+00:00,235
b57568330f7c1c2e391593e8524522ae6d2d098d16a75fdfc20545139cf292ad,2025-11-01T19:55:42.905435+00:00,2025-11-01T19:55:46+00:00,235
8562d60a3dda81027a2d231ce3985f2333a9d548b4235031ee1c252fb8674b8b,2025-11-01T19:55:43.032233+00:00,2025-11-01T19:55:46+00:00,235
0fa076616f3f1d21f6476ef1b660da16fcb9faa1b5ce7aa01d8676e1bd9d6dc9,2025-11-01T19:55:43.169328+00:00,2025-11-01T19:55:46+00:00,235
88e7516d1454d003a48271259dabae2d51a23be3bdcaa22a0af7f801c821bc6e,2025-11-01T19:55:43.302353+00:00,2025-11-01T19:55:46+00:00,235
b6ed8654b8e0de698aef887ef9ab74b6882afd55655be082962c99cbb71cfae5,2025-11-01T19:55:43.430861+00:00,2025-11-01T19:55:46+00:00,235
646141cc8d25ca279c6bd22c268ca274f5e4d696dec205b3dcfdaf86b5e88028,2025-11-01T19:55:43.566968+00:00,2025-11-01T19:55:46+00:00,235
60df328e35e9b1812d46fdda87905a1fd4c69bfdcf0ac0e26241a2e086eb059f,2025-11-01T19:55:43.700925+00:00,2025-11-01T19:55:51+00:00,236
62f73fc16040e3d0f856dc4a1e348210bcecd0b32a94c01c851ddc461ed76f08,2025-11-01T19:55:43.829592+00:00,2025-11-01T19:55:51+00:00,236
ce0e6d3f4d35c1a09fbaf142f0decc85db8ec3c8b5836eab07f70e8d030be907,2025-11-01T19:55:43.962481+00:00,2025-11-01T19:55:51+00:00,236
cb5ee0ec17632f082f11731eef90bb1fdb14c0709dc33bf3fdd0747b754d1188,2025-11-01T19:55:44.092569+00:00,2025-11-01T19:55:51+00:00,236
730e4424f14a0eab9eeec0cb9ada99a1d873e458085cedb0f77977f56d61021e,2025-11-01T19:55:44.225225+00:00,2025-11-01T19:55:51+00:00,236
e96986f85a40f8755833791fef602bdb968d0cac7a7f7d862882dc6da9815fee,2025-11-01T19:55:44.352487+00:00,2025-11-01T19:55:51+00:00,236
56a6392f345bc3204d0d8e98bc2796b6b0ad8f5f4e8944e4e01804becc7b32d9,2025-11-01T19:55:44.486568+00:00,2025-11-01T19:55:51+00:00,236
a0dda145338dce355b3a5d0d322299751c1b81c134ff00b7590ec6459264250c,2025-11-01T19:55:44.616518+00:00,2025-11-01T19:55:51+00:00,236
afb6e4eae8999c71a976d151d48c0801caf365e9e00bc7ce81f6de5e554d7ea6,2025-11-01T19:55:44.746812+00:00,2025-11-01T19:55:51+00:00,236
37affcaf206e1c40ab1237e4b4b88a5a0664a0ec6a01b661f80d5058326f59dd,2025-11-01T19:55:44.875772+00:00,2025-11-01T19:55:51+00:00,236
d60b59509839cb22294ed36b724cc371ee6c27f9e5d71b95ad142a6abd77e5af,2025-11-01T19:55:45.007784+00:00,2025-11-01T19:55:51+00:00,236
e5b114d8e71a3d8f225a6f4631fa7abc9edf8b1e8ae00f2682687777d8d1bfc3,2025-11-01T19:55:45.137931+00:00,2025-11-01T19:55:51+00:00,236
061c7ce11621b1c9837fe869e492f4c4ae40d2396c9da1ca8faaf43deaec4f45,2025-11-01T19:55:45.270208+00:00,2025-11-01T19:55:51+00:00,236
95c4c23bebace03be512908243a4ff690a8f926eb97dc6688b8478994a78f1f6,2025-11-01T19:55:45.401485+00:00,2025-11-01T19:55:51+00:00,236
3d7b99f65128bfabbd7e1aa4bb4260c7c4261aa6f95fd6fac21d0ea147e81c07,2025-11-01T19:55:45.532839+00:00,2025-11-01T19:55:51+00:00,236
0dce685193127bd9db01941894c733af3cd02717da91ec76578391319ef03a6a,2025-11-01T19:55:45.665238+00:00,2025-11-01T19:55:51+00:00,236
a9c5a114273a944a2d5aa632c795241b07495a548a84a74e5e11ebb894987cb0,2025-11-01T19:55:45.799176+00:00,2025-11-01T19:55:51+00:00,236
492cb407e0565ed58a714a12c6a23893035a77f94201072f5c19d26870ad691d,2025-11-01T19:55:45.930471+00:00,2025-11-01T19:55:51+00:00,236
46c6afef19fea2220d7c353be73cab366588df755d7bb26c993989ac79bd07da,2025-11-01T19:55:46.052575+00:00,2025-11-01T19:55:51+00:00,236
fd6440a16c402401c933736333559b559a037bbe2c2d6aaebeea06b81d50e48d,2025-11-01T19:55:46.382185+00:00,2025-11-01T19:55:51+00:00,236
256b4dbb6722eea20791ab00b1537de6c3994020ab3dd4873ca07dfadb0dfbb8,2025-11-01T19:55:46.509767+00:00,2025-11-01T19:55:51+00:00,236
de983fa8f61e872301481fd0eff9d43139cf22692c810866c9bd1f1e798c245f,2025-11-01T19:55:46.637832+00:00,2025-11-01T19:55:51+00:00,236
c88038d9bca3318b0fbf5b04bee5e14fed5721671ae97c036de5d9e8ab145b41,2025-11-01T19:55:46.768997+00:00,2025-11-01T19:55:51+00:00,236
19d88a2abe40f2b356d99016bddcc5a45079a1f648c6f95e1353b4325a1e679a,2025-11-01T19:55:46.903996+00:00,2025-11-01T19:55:51+00:00,236
f845b6122c0fc8d74c6ccae4655034ff66949c83f48d0ad8d6ecfceba13a8d31,2025-11-01T19:55:47.027772+00:00,2025-11-01T19:55:51+00:00,236
391e3cf2d21a5a6d0b3b29fdcff013020f92727e567db3baec6c96bc11e16805,2025-11-01T19:55:47.153482+00:00,2025-11-01T19:55:51+00:00,236
9339e33a247db8977388742a9fca5d2c0ba25029f3c374633a387ef8f84b4067,2025-11-01T19:55:47.285949+00:00,2025-11-01T19:55:51+00:00,236
78bc62483fdb2a779da73bbfbd2a273194d5b3fbec697e1c7ac336b6b9ca4fba,2025-11-01T19:55:47.406813+00:00,2025-11-01T19:55:51+00:00,236
6d2c7eb9e8cffefad2102959dfe837f78501ab93edcd851ccf3be0f873f9b9cd,2025-11-01T19:55:47.530001+00:00,2025-11-01T19:55:51+00:00,236
55dc73c67558375e38e6956f1874e9a56889e5ce810abb1c3009337d0031b7d3,2025-11-01T19:55:47.655844+00:00,2025-11-01T19:55:51+00:00,236
b81d0db3ffc8082afc57f6f5b3c51e437a3f378535e9c5fc1c63aaffe18b7c2f,2025-11-01T19:55:47.782902+00:00,2025-11-01T19:55:51+00:00,236
9f08241a2ba082f15f21e6c4c02ae90dd820e29b7770a4ce6b0c96b0df0873ce,2025-11-01T19:55:47.909536+00:00,2025-11-01T19:55:51+00:00,236
b2e80cda3dfee5d77c01c09c3ccba0c3f906324655bce7fb8c977982cba11134,2025-11-01T19:55:48.033854+00:00,2025-11-01T19:55:51+00:00,236
f525e36d43f737dedd2fa8663f9bfe91c87a5f2a49ac9a08e977bdb04a89c217,2025-11-01T19:55:48.161511+00:00,2025-11-01T19:55:51+00:00,236
140ac8be72c2171e58be8d46919fe09a8afc95390e9af22b964e9210970950aa,2025-11-01T19:55:48.310087+00:00,2025-11-01T19:55:51+00:00,236
fe75f035ad0091ae779f79259cbe6d7ef82647e4804ade0c30551d539037b86b,2025-11-01T19:55:48.435432+00:00,2025-11-01T19:55:51+00:00,236
5de46935959af2df6fd6f7d638c5b4969ec682db2ba1068b2c2bae75f7679562,2025-11-01T19:55:48.561478+00:00,2025-11-01T19:55:51+00:00,236
90c17deda08dbc728e37cfe30aa0cdc6b1e992efff677ffbedde85922e73d6c2,2025-11-01T19:55:48.685407+00:00,2025-11-01T19:55:51+00:00,236
feac6810d2cf7eca377cda13d0d4c12a132c508068d46803bd1dedfd3de99189,2025-11-01T19:55:48.813682+00:00,2025-11-01T19:55:51+00:00,236
e5ccd191805588fbdb39d69b9dde9ced9c63619e2f3191d26ea48ff421e7cb19,2025-11-01T19:55:48.937922+00:00,2025-11-01T19:55:51+00:00,236
0f43788d66ca3ad878cd45147f2de6ab9a7168c43ababcf20c86af20f7688296,2025-11-01T19:55:49.087077+00:00,2025-11-01T19:55:56+00:00,237
988af8e73b2944f12018638373aab6294d0bddd314fc00047fecdf60d0345e4b,2025-11-01T19:55:49.211952+00:00,2025-11-01T19:55:56+00:00,237
e4582a32454f867b1ba1d964c966368912001ea28e6f1e436e4772d11be1de22,2025-11-01T19:55:49.338814+00:00,2025-11-01T19:55:56+00:00,237
ba89173e63ddeaf178d3475fcba80b30d969105a53c55f734d803c469d890eb5,2025-11-01T19:55:49.466423+00:00,2025-11-01T19:55:56+00:00,237
102a13c54d150655b8e051383b290c472a2538fbab269097a76806308f9b9a19,2025-11-01T19:55:49.599692+00:00,2025-11-01T19:55:56+00:00,237
7f76c5368a6c71c55e78838a0e96931f0454f4c5284d83eadb45af082689773f,2025-11-01T19:55:49.728708+00:00,2025-11-01T19:55:56+00:00,237
2b1a94cf72132e6bac8623bac0bee8fa575051e74bd7d8d0b124847728843b87,2025-11-01T19:55:49.854165+00:00,2025-11-01T19:55:56+00:00,237
d7cca58f37c1072c7f0c275899f53426101461183e91e69f007e31740a889569,2025-11-01T19:55:49.982385+00:00,2025-11-01T19:55:56+00:00,237
2961daedbc5c580a466822a7c58df04cdb03bd2186ab72eff7309ce0a92bb92d,2025-11-01T19:55:50.121740+00:00,2025-11-01T19:55:56+00:00,237
a70f7b3a9f27c0d0b8f19c16d0cbe50d3b104600604c4bd0a964f454e9df6a36,2025-11-01T19:55:50.246192+00:00,2025-11-01T19:55:56+00:00,237
c923d648c1c9292493e44fc37681423f499f33cf5ca21761ca7c86b89cd60c5f,2025-11-01T19:55:50.372075+00:00,2025-11-01T19:55:56+00:00,237
ba1a5bd526460b05a6e3384c2f3a7a95d30657a50259e8d9ff71868b844bab4b,2025-11-01T19:55:50.499285+00:00,2025-11-01T19:55:56+00:00,237
b76d18506c4b050bf23b9db10365ff2d14bdd43f5675457c44731babebd151cf,2025-11-01T19:55:50.632017+00:00,2025-11-01T19:55:56+00:00,237
7837700776a7434c8d6ffee0d404d193f13be3507fced2f7e34e10ad04b9b8f9,2025-11-01T19:55:50.763816+00:00,2025-11-01T19:55:56+00:00,237
a4d81dab14c561ffd3c4a544595fa2b1fc426dc2323bdfbf7f2f963f6a0a890b,2025-11-01T19:55:50.892489+00:00,2025-11-01T19:55:56+00:00,237
a65e176229e8737d1b1f91d8b6a5f7002f8b9777a9bff00966fbb9cfaf02dac7,2025-11-01T19:55:51.014821+00:00,2025-11-01T19:55:56+00:00,237
ddc8443c341e3bbb1492544054fcc484d3312bdd09db0ab8e5a1ecd780a6a3c1,2025-11-01T19:55:51.137081+00:00,2025-11-01T19:55:56+00:00,237
6e9a8fdf5cc45bbf8203f6f3bd9560cfb785ec59a670ef21828187e7b85f4f1c,2025-11-01T19:55:51.264023+00:00,2025-11-01T19:55:56+00:00,237
7c9211bc5ea0596f41ac64dcacce54ee3b66061c2a389948411d84ed0abb0205,2025-11-01T19:55:51.593489+00:00,2025-11-01T19:55:56+00:00,237
b6b0a8d561ff4afe25938561469959cd002211395847edd1ca72b812aea0cab4,2025-11-01T19:55:51.725892+00:00,2025-11-01T19:55:56+00:00,237
5a02fb0fcd385c5e2d4d8751a42fe70ac9c2d9b77dd6ae587b4221df39fbaf48,2025-11-01T19:55:51.849225+00:00,2025-11-01T19:55:56+00:00,237
ad87d3ad43285c0b02f2519acbd9d009a1910984263aff168bc631708f3afa3c,2025-11-01T19:55:51.975631+00:00,2025-11-01T19:55:56+00:00,237
315b362702a370d8de8d68de716477482cb4453705251b5434898e43c64d6ed2,2025-11-01T19:55:52.102518+00:00,2025-11-01T19:55:56+00:00,237
356b4a07eb10d3298ddffc8197746da0a3f8d9e00bfe1202cd5ac2199a0f5369,2025-11-01T19:55:52.232152+00:00,2025-11-01T19:55:56+00:00,237
4ec289d053810f39c50b9b4f6777482af29f18de2d949f09d8118db6c23d4e13,2025-11-01T19:55:52.357804+00:00,2025-11-01T19:55:56+00:00,237
36c44bfc38be13c40fb1acdbaac3997a15d18ef330efdde3773bc91faeaffabf,2025-11-01T19:55:52.484162+00:00,2025-11-01T19:55:56+00:00,237
31c0e10b86ac4894d8245cd99a9cacd526625d7d96ded101e8da973ce108c97e,2025-11-01T19:55:52.612403+00:00,2025-11-01T19:55:56+00:00,237
d95f5731c4b2eab225c0cb706a97a2a35e80335afeb3664912eb4ef685b2c68b,2025-11-01T19:55:52.739464+00:00,2025-11-01T19:55:56+00:00,237
cb5cf5ad3c501cfdcdabf704fb7bf97b5789ff006badef119fb1fff3c3ab0f45,2025-11-01T19:55:52.863902+00:00,2025-11-01T19:55:56+00:00,237
b12e8ba623d1b2047d2bd2dd2fc5f2287d259c2383d76a2f6826d38b2fe19655,2025-11-01T19:55:52.992663+00:00,2025-11-01T19:55:56+00:00,237
bedcc2a20bc503a21d924f15963b713dcc78e38049ae75ba7a9648639762861f,2025-11-01T19:55:53.119851+00:00,2025-11-01T19:55:56+00:00,237
85a8b6abf78bf22c0fbfc4cb8cc39b8165f6ddc1c760c40a5d74bda4fa449dac,2025-11-01T19:55:53.246229+00:00,2025-11-01T19:55:56+00:00,237
439e18533a3e1b852aabdb972d36820b8d5d80a9b83808444e249c1fe60681da,2025-11-01T19:55:53.373755+00:00,2025-11-01T19:56:01+00:00,238
6a48b2a6fc9140db3587d529f07ec6383376035a636dd83efb2bfeb7a21f80d9,2025-11-01T19:55:53.525955+00:00,2025-11-01T19:56:01+00:00,238
495814d98b17bfb8e24fc9c58d4841e2d64baffedf9b7577b7328a61dd5152a9,2025-11-01T19:55:53.653538+00:00,2025-11-01T19:56:01+00:00,238
8712206249f063c12fc0e6e5a0f248c48d42837c8e94dd1d04cbfaad18a2257d,2025-11-01T19:55:53.781087+00:00,2025-11-01T19:56:01+00:00,238
b8e1571922dabfce601a286ae021869fa2c25c8a614e6c0dac03efa52ba920fa,2025-11-01T19:55:53.904792+00:00,2025-11-01T19:56:01+00:00,238
801073e3b4962cc4a0f8baa48f0e1a1dbefa4b72f9497b5afed4e65317f91df3,2025-11-01T19:55:54.034534+00:00,2025-11-01T19:56:01+00:00,238
2adffc5ee265e04af95d5a13c37dc75b511a7108baa99e008a4cd80e81b8c00b,2025-11-01T19:55:54.166770+00:00,2025-11-01T19:56:01+00:00,238
3b4513fcf6bfa13aed8384c3b442ec90e5b8d7ae7df9aafb6e89777ed56d5d10,2025-11-01T19:55:54.297681+00:00,2025-11-01T19:56:01+00:00,238
2c0da47c587e839ceeafcb54c09fcc6334bef4d7219ed8083ea9dea991f8dffe,2025-11-01T19:55:54.427051+00:00,2025-11-01T19:56:01+00:00,238
e544df47e0e88fe8d463e83b2e2cc880654f3d80985363aea20f493ec99bd255,2025-11-01T19:55:54.554356+00:00,2025-11-01T19:56:01+00:00,238
3dd52df7530523c39c71887782202cac8edec674dfa9145168f484ac708d5dd3,2025-11-01T19:55:54.682676+00:00,2025-11-01T19:56:01+00:00,238
cbf1bf6bf54d399ac6f3927a0b4add94f4c64a33dac1604b71ddb95664432bf2,2025-11-01T19:55:54.819695+00:00,2025-11-01T19:56:01+00:00,238
0c51550862f542cebd5279f55ca173a31ab47df76cb0c31bb876b95fb22af397,2025-11-01T19:55:54.950192+00:00,2025-11-01T19:56:01+00:00,238
389adbd6ea12221fdbd047b61a2ae0214c7ac221737496ddb9b7452017f422fa,2025-11-01T19:55:55.082003+00:00,2025-11-01T19:56:01+00:00,238
e610edabcaac38d8fe426ab55fdf571fa0d27e1507709f3687114c41f6d8c740,2025-11-01T19:55:55.212633+00:00,2025-11-01T19:56:01+00:00,238
0eead674cd504a13a6f6d642aeba949aa034d6966c6371e3b6afa05fc8641400,2025-11-01T19:55:55.347113+00:00,2025-11-01T19:56:01+00:00,238
fe1db4153fd483b52aa9f39b2aa72e8b19b3882263a6825a38d59d5edca84e50,2025-11-01T19:55:55.482093+00:00,2025-11-01T19:56:01+00:00,238
7b4d12cae1e55e6afe984375b5c5c1dde2ff39359cd636ae61774d97c3cb1ece,2025-11-01T19:55:55.614707+00:00,2025-11-01T19:56:01+00:00,238
047d25073f61b36b478b2a65d484015b256068bcb4734cb06d4b29c325113110,2025-11-01T19:55:55.745066+00:00,2025-11-01T19:56:01+00:00,238
40db3edd0d20560c7cc181f25b23b38b461ad4d29adf2571a8e395e9021c542b,2025-11-01T19:55:55.876756+00:00,2025-11-01T19:56:01+00:00,238
310e91297ba696ade3205448847d411863e2c569157391f698a11ae1d624ea9e,2025-11-01T19:55:56.007633+00:00,2025-11-01T19:56:01+00:00,238
26ea1cd34e9131edb852059363d74157b6709b225be529b4a64eb49c4ff9455b,2025-11-01T19:55:56.134797+00:00,2025-11-01T19:56:01+00:00,238
be49978c1663c2a67f0cb9259c6b37656465e8090de141131bab5cd18f80f53a,2025-11-01T19:55:56.259746+00:00,2025-11-01T19:56:01+00:00,238
670da8a9b40823beed78ad0f31515bc353900f7c1ddc2ce53336252d55762f25,2025-11-01T19:55:56.389659+00:00,2025-11-01T19:56:01+00:00,238
01f901ed459a24526e24eb7ce56ceedc65a0e272591bca563ac46fd5354156ba,2025-11-01T19:55:56.519470+00:00,2025-11-01T19:56:01+00:00,238
2c143709a7fcea968fd24f82f2195992be927d7f64747e53e1ddc8f34347abe7,2025-11-01T19:55:56.882265+00:00,2025-11-01T19:56:01+00:00,238
b3a831ad7942c8f1c234081ddada41b8e19956f2b863a141a8b9f0902c37a940,2025-11-01T19:55:57.026703+00:00,2025-11-01T19:56:01+00:00,238
aa38f63f736c8d26ff64a1acab27ad574bb8651e4dfe49bfe791a4639d24f3fb,2025-11-01T19:55:57.148774+00:00,2025-11-01T19:56:01+00:00,238
d3c3b4d99d17bb45e6198d04182a1c353a7c1452da499e241a8c986f82ffc639,2025-11-01T19:55:57.275798+00:00,2025-11-01T19:56:01+00:00,238
42417857f22caf887bad4a795c93483c667661fbffe1475ccebebd4928c16e26,2025-11-01T19:55:57.399021+00:00,2025-11-01T19:56:01+00:00,238
fdded739a2cef6d850e67a2b0938ba7e07ae5da2f6cffa718edbe18384a89027,2025-11-01T19:55:57.525119+00:00,2025-11-01T19:56:01+00:00,238
fa20a792593559312244884dad7a47afb4e9dc2b0a927ed93f8817f11e81294f,2025-11-01T19:55:57.652687+00:00,2025-11-01T19:56:01+00:00,238
0918566781f55cb45ffd3a5bd2a9cb5102cbe977ed62b8d86026d89f3cd96101,2025-11-01T19:55:57.780160+00:00,2025-11-01T19:56:01+00:00,238
89e1a0301e9725c570bdfc81e6ef8de106cc2588b1326a604e63c65034442e80,2025-11-01T19:55:57.906856+00:00,2025-11-01T19:56:01+00:00,238
50209b00eb5990e488bcc6ab156fd9ba5fb8e06b3d32a212d74bd57e7d8cc752,2025-11-01T19:55:58.035185+00:00,2025-11-01T19:56:01+00:00,238
90087babe9161b9d64f44ba2c87046e35522e312059f404572edd7f454a20f38,2025-11-01T19:55:58.168263+00:00,2025-11-01T19:56:01+00:00,238
d34143b7fc5c05306124b071462c381a1e2be69be9860a6eca2bb52f674b5cf1,2025-11-01T19:55:58.294698+00:00,2025-11-01T19:56:01+00:00,238
eec4b2e91230d0de7bc88f5302aed01e6237e54a3bf402ef75e02dee5a613c0b,2025-11-01T19:55:58.420047+00:00,2025-11-01T19:56:01+00:00,238
f224765f077411aa55065621b1ad2986c7d30c68d3b938a5fcb1691c9ec5334b,2025-11-01T19:55:58.542411+00:00,2025-11-01T19:56:01+00:00,238
0d7a666cbcf1fe55cc188471929aa2ef2d2645e7ceb5a4d4b069bca535826998,2025-11-01T19:55:58.669251+00:00,2025-11-01T19:56:01+00:00,238
290f300b7765e4ee7c2236cf76a665275ffa566129ea83abb3de19a026bf88ff,2025-11-01T19:55:58.798869+00:00,2025-11-01T19:56:01+00:00,238
3d488bf850b6a8b1c44eec7e251ccf1e00a1ca433a1b52a7ebd4a56c1648eaff,2025-11-01T19:55:58.931861+00:00,2025-11-01T19:56:01+00:00,238
b91d01b9987bf36b7c711499d614d291bac83f15bebde64ab9814fa780a23bb6,2025-11-01T19:55:59.071402+00:00,2025-11-01T19:56:01+00:00,238
37c20858c8745d03e5c0a7435a40a822e39626c0f068ead31c097b42e5073360,2025-11-01T19:55:59.202484+00:00,2025-11-01T19:56:01+00:00,238
6ced520795258b0b0e1b2d8a04f49425e15ca3240810aa21b977145d0fd5e6ba,2025-11-01T19:55:59.339433+00:00,2025-11-01T19:56:01+00:00,238
10cda3ff8f0ebb9c349fdfba47baaf77f8e42eea5f0fcab008ddaae0044de4b0,2025-11-01T19:55:59.468719+00:00,2025-11-01T19:56:01+00:00,238
43253de42dbb6e0576405a3c64c2c15bf14338e1e66940f7075b5b181033b82a,2025-11-01T19:55:59.597471+00:00,2025-11-01T19:56:07+00:00,239
36fe462a77d9deb161639f326b404885988bc62d5da745ca4248e84c720d1b0b,2025-11-01T19:55:59.720847+00:00,2025-11-01T19:56:07+00:00,239
f1aa17d65b0e5e5b3c517bdc8ca4d172419221da4f642b4042de460b523d641e,2025-11-01T19:55:59.845838+00:00,2025-11-01T19:56:07+00:00,239
2d712e214ccc851faf2cbc44b4334fddea5d9a3297a7a6d02d9b84dd10a320b5,2025-11-01T19:55:59.972105+00:00,2025-11-01T19:56:07+00:00,239
20d5cafcff1e8def0cf5957dc8c8cd4b8c031d27d37bcc2cf2ca6c9ab9acbb88,2025-11-01T19:56:00.105445+00:00,2025-11-01T19:56:07+00:00,239
8dc0adbfa01b38e5df31c44fbd360c91458ea821b9fdcd950e00a63196b36e04,2025-11-01T19:56:00.226488+00:00,2025-11-01T19:56:07+00:00,239
78eaaefdf7f8664f70fb22b2acde6c1f78199dca3870cea4190d3459da9d2c42,2025-11-01T19:56:00.354977+00:00,2025-11-01T19:56:07+00:00,239
00ae1de6a807a6e45516a33312228855ec24e34101045e58877cd87e9a3f0a05,2025-11-01T19:56:00.482421+00:00,2025-11-01T19:56:07+00:00,239
810cafabc5248fee80ebeecb980c1463c2839c476708a3cf1e6f0bedc8e4b58b,2025-11-01T19:56:00.615008+00:00,2025-11-01T19:56:07+00:00,239
523e12309e166278db258876ca16faa237496cfc6f0c5ab18fdafd4ce2eede6d,2025-11-01T19:56:00.742956+00:00,2025-11-01T19:56:07+00:00,239
a5319883c50d2a64e4c2c0c11a4e0952ae60d95a3f1d6510968e9da9390c4318,2025-11-01T19:56:00.877136+00:00,2025-11-01T19:56:07+00:00,239
6981ca20258e0beca025c5023b4792ad239377ca78403222f538f6bb43805c60,2025-11-01T19:56:01.005203+00:00,2025-11-01T19:56:07+00:00,239
bbd1223018bd8e9692261438974324f2c5f5adb64580e15676d9061fe0993a42,2025-11-01T19:56:01.131558+00:00,2025-11-01T19:56:07+00:00,239
865101e1ee10aee11806ec38f805e0aaf74c0f5e258ccf38c78ce1f2424a5a8b,2025-11-01T19:56:01.253148+00:00,2025-11-01T19:56:07+00:00,239
c456378500bd6926dc084bb158b8d1733114fd55bc4b82c04eac71c224dd1148,2025-11-01T19:56:01.377759+00:00,2025-11-01T19:56:07+00:00,239
62f6a448256ef208972695e30cfdc56b6975639e515d310a429846d46f57a309,2025-11-01T19:56:01.505528+00:00,2025-11-01T19:56:07+00:00,239
72d76e8373a68782ab9b9c5c3204c16802f7df41f0820a60c73f7e282d9a8890,2025-11-01T19:56:01.630936+00:00,2025-11-01T19:56:07+00:00,239
22c7f3cd7371b463ef8b0e8c2058d1cf8a2e4dcc81557678e7fa751921d252cd,2025-11-01T19:56:01.757877+00:00,2025-11-01T19:56:07+00:00,239
b91d73f4f9ae67b284d2244d66d5159c6df6335e4013fcb1d2035352f4bbbc12,2025-11-01T19:56:02.086848+00:00,2025-11-01T19:56:07+00:00,239
0f7cca3348df57f1e85a7a8d7b34cfe820ebe60474b12ba569502573651afcd5,2025-11-01T19:56:02.211966+00:00,2025-11-01T19:56:07+00:00,239
200609cee6b75e9d79b5f60366e1ada85102669c5d8385c0aa30b50f664a0141,2025-11-01T19:56:02.336752+00:00,2025-11-01T19:56:07+00:00,239
9c52b0901c2e44c06d4e04b7d3bd41f0335d6aa02241bb992e756efe90b417a7,2025-11-01T19:56:02.470937+00:00,2025-11-01T19:56:07+00:00,239
8b94002abbc0c3a4e0751cc777818e58938b0f81880b9b8ba44f724d72674761,2025-11-01T19:56:02.593466+00:00,2025-11-01T19:56:07+00:00,239
856cfe59acafb59ef2aa17b1f0b7cba5b7be43143963a7c3d15f5d51bf43e0d2,2025-11-01T19:56:02.716350+00:00,2025-11-01T19:56:07+00:00,239
a47a7d07f06fc2b40399615c8fc13b3f8d0b9c5db5491bce3c2da55ffee90b8f,2025-11-01T19:56:02.844603+00:00,2025-11-01T19:56:07+00:00,239
d12d925e928623c9d96f0d6aa3453159cfdc797340f939f23ab42a5dc3f7aae4,2025-11-01T19:56:02.975014+00:00,2025-11-01T19:56:07+00:00,239
4444e480f074c8ff4e9312baaf554156182efd41604a655efc192f9cd2a569cd,2025-11-01T19:56:03.103390+00:00,2025-11-01T19:56:07+00:00,239
56e060e756e2970d6987018339d76ef8a8e9b6e1e1ba889240029d2cfdf8292d,2025-11-01T19:56:03.234275+00:00,2025-11-01T19:56:07+00:00,239
5004d54b7acc0cf2afdcaa74899ecefd5b994fa9e236fbf228b64d0d0c516447,2025-11-01T19:56:03.360572+00:00,2025-11-01T19:56:07+00:00,239
ee239c4d6866fbea808882eeb1032424d58b293abc0f02eb361a417e4d4422ff,2025-11-01T19:56:03.486508+00:00,2025-11-01T19:56:07+00:00,239
1e492c0024f0933c86b41d41eeb4ed740d6c6d1f5cc12f636be3b5f263ae7667,2025-11-01T19:56:03.631506+00:00,2025-11-01T19:56:07+00:00,239
6b3ae0f34d14c63f7f43aa0d7f69b24db80a91137aae37a78fd839237a7c96ba,2025-11-01T19:56:03.761282+00:00,2025-11-01T19:56:07+00:00,239
3bc9a5a6e370e63fb388e0cde2b9e91f3f3fc93e18962ec6ef1b9323023dd862,2025-11-01T19:56:03.882066+00:00,2025-11-01T19:56:07+00:00,239
8e1b1f51dfc1a817a311b1d4626a48a64885d925f5d583a13b0198c0bd776cd9,2025-11-01T19:56:04.011794+00:00,2025-11-01T19:56:07+00:00,239
62daaa13d03b7c7e32457fc79c69a84db79ea973ec896fb40b7362d0379223b3,2025-11-01T19:56:04.137820+00:00,2025-11-01T19:56:07+00:00,239
6ee6880132a4d7e357fbccc1835fbe9a269b806d7c93bbcc9926b727313cb76a,2025-11-01T19:56:04.266954+00:00,2025-11-01T19:56:22+00:00,241
28f735c9d13d033312df7e6c6404b19d7a9463e5794343cfb3445f79fd2a683f,2025-11-01T19:56:04.400274+00:00,2025-11-01T19:56:17+00:00,240
091e2e4e46e8bf23f36e653b5673ef717a41e1565dab538725fcdc9df1e6545a,2025-11-01T19:56:04.527936+00:00,2025-11-01T19:56:22+00:00,241
6ab50e743d8da9ea27d08f19b5995a51d292910f0a992c6402227f0e713d2ec8,2025-11-01T19:56:04.658467+00:00,2025-11-01T19:56:17+00:00,240
eed4c9f56f679f1a0a82ec391787e720bfcb381acb812290e0c56695a2218f19,2025-11-01T19:56:04.793376+00:00,2025-11-01T19:56:22+00:00,241
b5246bfeeb3677a8378f7dcbe69def80868575655492f723d9b77599c39ba26e,2025-11-01T19:56:04.918006+00:00,2025-11-01T19:56:17+00:00,240
39bd9c619e5c39dda2fd7c3f16761de1ab5bf43c858ae48690c31a1ca0ed4ee7,2025-11-01T19:56:05.040359+00:00,2025-11-01T19:56:22+00:00,241
6794176c7aba0c9927596f713c873a87c04ae97fbb7eac1042ba548f5e7fe6b9,2025-11-01T19:56:05.166416+00:00,2025-11-01T19:56:22+00:00,241
007bbaa0a372dd1b579810ae729576524128fa2f82bd6dfb4f366a4311da0289,2025-11-01T19:56:05.291628+00:00,2025-11-01T19:56:22+00:00,241
5ef8e398f99d3d6452ee57d1eb11e6cfe24d451335516959119086a7777605c8,2025-11-01T19:56:05.413252+00:00,2025-11-01T19:56:22+00:00,241
48822a7c273fd08956e4ef85c9811111a05b2221fc26df0fd37a036afbda1597,2025-11-01T19:56:05.542092+00:00,2025-11-01T19:56:17+00:00,240
85745abfa9fabca84fe63eb9737ee7e28694a6ba152edb74e074c5b247c8ceca,2025-11-01T19:56:05.668379+00:00,2025-11-01T19:56:17+00:00,240
b74e055f22a6b132e1d9bc86f39f68fc9e92a834c69b14c9df1916015c502fc4,2025-11-01T19:56:05.792039+00:00,2025-11-01T19:56:17+00:00,240
5d068514879992dc8b4f22f1619bccecdd17e586c1113e76febb1b41fb4c6198,2025-11-01T19:56:05.912411+00:00,2025-11-01T19:56:22+00:00,241
5a55267c32f2addb9eeea32c79077df7f690a4388b3980b9572525a3196ac325,2025-11-01T19:56:06.039776+00:00,2025-11-01T19:56:17+00:00,240
f799ad55b5bb19bb8561427797ba49d4a0fa7f6bf566505f4c8c04836a4e38c0,2025-11-01T19:56:06.169377+00:00,2025-11-01T19:56:17+00:00,240
dd739e77dfcc2c43aec48697f407faa39d02793d6c30764dbcf255ff661292a6,2025-11-01T19:56:06.290890+00:00,2025-11-01T19:56:22+00:00,241
e25f428416e62be352ab5fb5399805ab1eeec2dab7173bc899a386bdcade7aba,2025-11-01T19:56:06.420531+00:00,2025-11-01T19:56:17+00:00,240
1af5bb10beceba46270935ac1a7fa96401bfaa4c5fd2bdc99e6170bceab9d41e,2025-11-01T19:56:06.559957+00:00,2025-11-01T19:56:22+00:00,241
846dd7e270d62feb206663d81a3c6e5074cc84585401a2e4f252a1abe991bcf6,2025-11-01T19:56:06.690286+00:00,2025-11-01T19:56:22+00:00,241
9cd382a46a06e9633ad6567537c7ce6588cef3ec311f637d58ebefb4b83eaee5,2025-11-01T19:56:06.833225+00:00,2025-11-01T19:56:22+00:00,241
5ecd1d71b96423278a829729011e1a431d263ad0acff4fafe83e1a693978dec7,2025-11-01T19:56:06.975422+00:00,2025-11-01T19:56:17+00:00,240
5791c072b0c1e3999d0deb08c59e5d5edd88dd3ff634c0fd83865cb967e2385f,2025-11-01T19:56:07.308450+00:00,2025-11-01T19:56:17+00:00,240
6ab97a4125b4d0a7289f7f5cb48716414e1a5476af7fffebff34688ddc3b6c57,2025-11-01T19:56:07.430681+00:00,2025-11-01T19:56:17+00:00,240
6acfbf23f738b529efc4817d20b894c6a911f8792a05d98e26b2671054778938,2025-11-01T19:56:07.556706+00:00,2025-11-01T19:56:22+00:00,241
0b0e38f04590d9fd30f8e37cd5bb7eb729ed64f38d0162527a6136299586af83,2025-11-01T19:56:07.682048+00:00,2025-11-01T19:56:17+00:00,240
d7490b48aaae6d0c28a02c1b6ae9b6f908621060a97441bcf6b9cd26c0af0a8d,2025-11-01T19:56:07.810517+00:00,2025-11-01T19:56:22+00:00,241
6ed0788f950d5d0c8f0c2564ae8ca2db62b6304a10e6053ca53d1bacffcd2c59,2025-11-01T19:56:07.936644+00:00,2025-11-01T19:56:22+00:00,241
823adfcce8662180210f9fee3f94998c108bfc83ce1f9c78b91572667fc12630,2025-11-01T19:56:08.060475+00:00,2025-11-01T19:56:17+00:00,240
f183164dcc55793921c4373b408cc2a7f82833fb97e5b0882d2b96ddd1f2d57b,2025-11-01T19:56:08.192674+00:00,2025-11-01T19:56:17+00:00,240
7f76346c5776e7b6b5bbc3036115bf694def86cb33761d0e7d87f2832cc38f32,2025-11-01T19:56:08.322315+00:00,2025-11-01T19:56:17+00:00,240
431fc533548f3bc2cfdca71d937a8ef3bd78e5254ea97b868ed7fa4131e7d1f2,2025-11-01T19:56:08.474178+00:00,2025-11-01T19:56:17+00:00,240
a4befb42cba7c2ba2a17580257223077de5ebf1c34ad43032798e6a7f268f726,2025-11-01T19:56:08.595891+00:00,2025-11-01T19:56:22+00:00,241
2d571453f56892dbe33a8a7625337020aa40fc1c83100894604762823553c293,2025-11-01T19:56:08.727494+00:00,2025-11-01T19:56:22+00:00,241
e4b6bb8b212927ed6fbe9903e35f590cc8c556e558731a1741e0569a504acf22,2025-11-01T19:56:08.882466+00:00,2025-11-01T19:56:22+00:00,241
bbb20aa8e53ea3d1e48541d618718e1c1cf4f2db16cb0a36db0e4c82c67d7619,2025-11-01T19:56:09.008901+00:00,2025-11-01T19:56:22+00:00,241
bfd2989738ebbe429c6fec22ad3c529e3ef3396a2a3e6264ad0bd5de5cc3f2d8,2025-11-01T19:56:09.143357+00:00,2025-11-01T19:56:17+00:00,240
c2504d4f52deb3bdb526fbd4a4939a1d957cd119fb9bd429cc63eff7ee6dc209,2025-11-01T19:56:09.265751+00:00,2025-11-01T19:56:22+00:00,241
6a4f901ef36235e2a5a2260a8c91ff341b184174c627afa107ba288d370ca02e,2025-11-01T19:56:09.393021+00:00,2025-11-01T19:56:22+00:00,241
c7899c19a92b81f66674b7fe6813cd9920fc05be6e7472c23e642dbafd948303,2025-11-01T19:56:09.521180+00:00,2025-11-01T19:56:17+00:00,240
701f004da4d937f989712dfaa5be9c5766580c5670b0b4ecc4083f9d5bf24458,2025-11-01T19:56:09.647692+00:00,2025-11-01T19:56:22+00:00,241
52fbe759d18cd10cf4ce9a12d15a8c38fce9de6c6779399f31e7ee0e67aca270,2025-11-01T19:56:09.774079+00:00,2025-11-01T19:56:17+00:00,240
5d8e388e3c1607c469b905f2bdd71e25cac549a102d8ca83587c47e7a6713269,2025-11-01T19:56:09.905380+00:00,2025-11-01T19:56:22+00:00,241
c6315f07a8c443c5c1582065f1cb7912f1a8930c4f970c97dc6c8b206648fbf6,2025-11-01T19:56:10.032197+00:00,2025-11-01T19:56:22+00:00,241
16580275a59ac2860688d92820fa556ad9c2a691d64b495e9f0063d1fb029444,2025-11-01T19:56:10.163880+00:00,2025-11-01T19:56:22+00:00,241
631e18239522ae071d72591f0a7e9e9b06d907369349e0e7308b9fafbb3cd94a,2025-11-01T19:56:10.290635+00:00,2025-11-01T19:56:17+00:00,240
7e2c52cfe0babcc7d6df352d63bbf619fda2cc6cdff1d79a647aa6ab892ac8ce,2025-11-01T19:56:10.414595+00:00,2025-11-01T19:56:22+00:00,241
a6ff346afcd56d7845d715f408685dc4327fcb538622eae5b9bf97d85d2be061,2025-11-01T19:56:10.538094+00:00,2025-11-01T19:56:22+00:00,241
fedb56c8abcb2bd88159ed2b02cae1ffbe3038e9c8ef57d2344e8433cb033952,2025-11-01T19:56:10.663082+00:00,2025-11-01T19:56:17+00:00,240
65e821f697177e97981e8079bd5fcbc2b314a3bf5ed52c60377d361ff00bb095,2025-11-01T19:56:10.788497+00:00,2025-11-01T19:56:22+00:00,241
d459b3436c7fcd307c815fd0933b15835c037c07fc9e65bf246fac5d8011dd94,2025-11-01T19:56:10.917201+00:00,2025-11-01T19:56:17+00:00,240
0b6d810235bec1fc6ed48471f6caa0502dbc08b1e8b65f31dcf4f0473784bf54,2025-11-01T19:56:11.049540+00:00,2025-11-01T19:56:22+00:00,241
7ffafb93477b1213977c2e3497876139da92d1267908639d581b5b32268e59ac,2025-11-01T19:56:11.173620+00:00,2025-11-01T19:56:22+00:00,241
e7db85638f3359500cb62c99b1b6a70eb3d03507bd79a64d992aea3cc4438a9e,2025-11-01T19:56:11.299897+00:00,2025-11-01T19:56:22+00:00,241
c85194932554f67dcf3b0b9b9bfc98ad40af324123104d9acd2ea1b6b56d062b,2025-11-01T19:56:11.433106+00:00,2025-11-01T19:56:22+00:00,241
c7312c4e35c64ac9604f353fb72818ac0a9bea59d5655a6fe918104b542e9528,2025-11-01T19:56:11.558428+00:00,2025-11-01T19:56:22+00:00,241
2f0b20029a5374d98846fd2d46b68fa35f8c333a8441a36007de43da367d57ee,2025-11-01T19:56:11.690758+00:00,2025-11-01T19:56:17+00:00,240
7b6bc93ed58749f623c45b8628feb68728550ddc2c0b1273ea18dd97f0511ff9,2025-11-01T19:56:11.832886+00:00,2025-11-01T19:56:17+00:00,240
57ecd7dac006ea863b942cc2fb2cb7129b184172bc0f4b1694189e6d0114d586,2025-11-01T19:56:11.972740+00:00,2025-11-01T19:56:22+00:00,241
d67c90797e46edc3981194697abae2592ffd590a52f4b7d6592708804c2f6e37,2025-11-01T19:56:12.111935+00:00,2025-11-01T19:56:22+00:00,241
1a653333561eaf137a25eba0dabe55f1632039f9ff5b46ddf1d9cbbfe17cf687,2025-11-01T19:56:12.242772+00:00,2025-11-01T19:56:17+00:00,240
064c134d45ad9fb496ca900534bcbc9b2c5702f813a0eb69c818bdb2a9b442e7,2025-11-01T19:56:12.371019+00:00,2025-11-01T19:56:17+00:00,240
4953f384d00663d84a0ca594505d7551695b6e8ca62166642233f89f11521c72,2025-11-01T19:56:12.499594+00:00,2025-11-01T19:56:22+00:00,241
639b4f0e2552a4af078424a873dc7f98ea02f5d373581f77d4c8a9d11db4016c,2025-11-01T19:56:12.630293+00:00,2025-11-01T19:56:17+00:00,240
803b7d260bde740e611cfae920eef8ab700c42618e6ad08828043e6e821ad018,2025-11-01T19:56:12.764148+00:00,2025-11-01T19:56:17+00:00,240
dbad10986726fc35d052d4a7137a3b10b7bc7609e997c7268ae90e0a3ee1f647,2025-11-01T19:56:12.889246+00:00,2025-11-01T19:56:17+00:00,240
97b83607295d4af13e8ac4260396a2462304f7d98a965a7abd155f84b903791a,2025-11-01T19:56:13.012833+00:00,2025-11-01T19:56:22+00:00,241
667e8aa83e5a90370bf9b46286597586504337ccc80cc8e71632689629fa0617,2025-11-01T19:56:13.138320+00:00,2025-11-01T19:56:22+00:00,241
1601918f976fca380538c66d9823ee562a27908cbb0f647288335e2ee56985d2,2025-11-01T19:56:13.261120+00:00,2025-11-01T19:56:22+00:00,241
a1a68ae9c5abde405cc1e5c2f17bbaa735739fc0ee43d366a2a73ac4849080f4,2025-11-01T19:56:13.385970+00:00,2025-11-01T19:56:22+00:00,241
fb5414a1b65ae5d5af1d9da15682dffb7b539c12f46c13abf657d15ae5751aec,2025-11-01T19:56:13.513010+00:00,2025-11-01T19:56:22+00:00,241
e470b9d2bda7e9d67b6afec968c964c5433696a4c870d33f0838e329164daaa1,2025-11-01T19:56:13.638224+00:00,2025-11-01T19:56:22+00:00,241
938b5decd980c167102039fe5f15f9ce9e7725aac149252e0aeb940bfc19c79a,2025-11-01T19:56:13.773047+00:00,2025-11-01T19:56:22+00:00,241
2e20657b204a30b12ce35559895814dcd89571bec77a2fbc2ef1728c26f51b8f,2025-11-01T19:56:13.902120+00:00,2025-11-01T19:56:22+00:00,241
1b3dcdd8405fb8f44c135c6a8c60af05cdf7d973dd68238b4e32a733b396ce50,2025-11-01T19:56:14.029599+00:00,2025-11-01T19:56:17+00:00,240
b1a3ed00208bf24afffd1429d32894b0b0546276de9b7b2d786ee2e2df0280fd,2025-11-01T19:56:14.155015+00:00,2025-11-01T19:56:22+00:00,241
f68964c3233fcd221efb025b3342859b600ae0253df0af80cec6ce8d774f3f99,2025-11-01T19:56:14.283233+00:00,2025-11-01T19:56:17+00:00,240
a946ebd7b70258efc21e4218bbb9087a12e6dee21f4186b0aeb6f4f36cbc8582,2025-11-01T19:56:14.404730+00:00,2025-11-01T19:56:22+00:00,241
55bf2596cb0ea43e38e69da81e995829a7422ca878565789db805dc336d5d84d,2025-11-01T19:56:14.532385+00:00,2025-11-01T19:56:17+00:00,240
bba822e1e6edd092449879340b9347cef6e77989f03013767c2152896126569a,2025-11-01T19:56:14.657789+00:00,2025-11-01T19:56:17+00:00,240
17ce128f2b7f3d22a01f648d49b54c207143487501c7678006398a66fad07cd4,2025-11-01T19:56:14.785304+00:00,2025-11-01T19:56:17+00:00,240
a55b878df4f20fece875c663520a3b10f1007c587e125a1be56260f7e708abc8,2025-11-01T19:56:14.908049+00:00,2025-11-01T19:56:22+00:00,241
50d636fea8e4fd1d8355d78c526deba1f540dcd7eb592ff0c4eeb1c232822449,2025-11-01T19:56:15.036454+00:00,2025-11-01T19:56:22+00:00,241
2f594364f5d15702f9a0b1d05466b650ecdf25aa93ea78c6f653a73083e51b88,2025-11-01T19:56:15.161743+00:00,2025-11-01T19:56:22+00:00,241
7238591426d1e5bf51784127230c3b41cc45014112e735059a6dd1e8575bce6c,2025-11-01T19:56:15.285769+00:00,2025-11-01T19:56:22+00:00,241
77de2104616bfa44e920f928249b0068895d6cd704e491babdbc404e90170ee3,2025-11-01T19:56:15.407944+00:00,2025-11-01T19:56:22+00:00,241
0611de9ada4642e314409fc1a0455dcb9f35ff75eb96a48ec3910d2ded31da74,2025-11-01T19:56:15.534189+00:00,2025-11-01T19:56:22+00:00,241
9c8ef87878035cfa694b5535730af91274aeb3a5adf6b9dc2fac4adccbd88d90,2025-11-01T19:56:15.660624+00:00,2025-11-01T19:56:22+00:00,241
ab968c09f198d034269cf850d40ee6094d145107db707a8b1d99781398886476,2025-11-01T19:56:15.784874+00:00,2025-11-01T19:56:22+00:00,241
9909a66b8b6524890d7f26f3524e9e9c766f1eb5ddc3dd6c1276afa28a7d428b,2025-11-01T19:56:15.913437+00:00,2025-11-01T19:56:22+00:00,241
babfa7840736207dc7dda94a23f4a99267277c671104b6ebd652a143aca3dabb,2025-11-01T19:56:16.036723+00:00,2025-11-01T19:56:22+00:00,241
3b826799a20ec0df043edd1929c7b8d54317d410de6ac44eabafbb58d751f13c,2025-11-01T19:56:16.167961+00:00,2025-11-01T19:56:22+00:00,241
7c08db908dbb25743554dc7ef1e812dc40a1955ab21ef7ac6aaba8b3bdda7ab8,2025-11-01T19:56:16.292478+00:00,2025-11-01T19:56:22+00:00,241
e52b55b699c1b18abf772be4cccf14ae9f58ba39054a583520a87bf959ee4a3f,2025-11-01T19:56:16.418610+00:00,2025-11-01T19:56:22+00:00,241
1d9ebf9601c75083ab97c6841d167dd0a4868a2dfdf0c9fe99cae8439bab9631,2025-11-01T19:56:16.545486+00:00,2025-11-01T19:56:22+00:00,241
f17306ca218c1cb3882bc8f2f7fc8aeae75ca7425f8ecd36b45b1cf0a15a282a,2025-11-01T19:56:16.672133+00:00,2025-11-01T19:56:22+00:00,241
68d7efa2bca972ad3dcd9f98f418af8a9f6297a70b7406744c60dffed8268db2,2025-11-01T19:56:16.810168+00:00,2025-11-01T19:56:22+00:00,241
250504420149c4f8c7b3483209a52e60100674caace4893d113cf4369369e0ed,2025-11-01T19:56:16.939521+00:00,2025-11-01T19:56:22+00:00,241
af4d7a0be8fb6b31bd4e413138808c67b4a58fb399af3825ef1e99039df530ee,2025-11-01T19:56:17.068988+00:00,2025-11-01T19:56:22+00:00,241
68c169560c0962f9f028303ac1a28b535ff8f9db737f7fd448ad3f65ca6ab643,2025-11-01T19:56:17.209407+00:00,2025-11-01T19:56:22+00:00,241
2fd250a078f81208dd2744c957d929fa282d6ad880e9b5108c17c0f90892ac5d,2025-11-01T19:56:17.339481+00:00,2025-11-01T19:56:22+00:00,241
96483652ccaed9df6c0acdfc924b792ca1185c1951382b8146999ba48b519883,2025-11-01T19:56:17.690117+00:00,2025-11-01T19:56:22+00:00,241
19d64f14a3ddbb55423aa9056f12046d6375ba55360de4e03f928679ce61dcd6,2025-11-01T19:56:17.822713+00:00,2025-11-01T19:56:22+00:00,241
aa2ef0057e049acf4a4c7a7f4d3e25797613d35db592e6cc85e28fcbf334e29e,2025-11-01T19:56:17.948283+00:00,2025-11-01T19:56:22+00:00,241
dd0f527b7caa236386d5a34864beb5db514a0062d9a21d1b24f1c41487cf54b7,2025-11-01T19:56:18.080928+00:00,2025-11-01T19:56:22+00:00,241
eb1f6130af3aeb99403065c1036b29dd21424b89c4302447f37fb35a57b4bba1,2025-11-01T19:56:18.212135+00:00,2025-11-01T19:56:22+00:00,241
80198701122ba6c5a9783562c06e6aa293287cd1ba9e1a5df202bc40b9ad2872,2025-11-01T19:56:18.337230+00:00,2025-11-01T19:56:22+00:00,241
00b855acdfab6ad4515ed0bfcade577ae568b906fc63300ac8515a6f0850fa69,2025-11-01T19:56:18.463102+00:00,2025-11-01T19:56:22+00:00,241
1b400dd0ee904c17fb3bef788b06040a453b9a595e831d6aacab1aa4258e5a69,2025-11-01T19:56:18.589866+00:00,2025-11-01T19:56:22+00:00,241
684d3358ca8a277105f53905d95169e9e149998d2fde4110f63a20a82e71eb24,2025-11-01T19:56:18.716265+00:00,2025-11-01T19:56:22+00:00,241
a8d165d2e96f478e65235a857a357a64268f824f4e1c108b98be84abc8e1c90a,2025-11-01T19:56:18.841735+00:00,2025-11-01T19:56:22+00:00,241
33e21930d5b493f7cb124284c2083209083a1a66956e0362d37c421c8e49eb19,2025-11-01T19:56:18.963229+00:00,2025-11-01T19:56:22+00:00,241
7240c2ecc11c2757fef5ef4f9e109a0afbe904fc3e57edce10e0a18dc692a537,2025-11-01T19:56:19.095859+00:00,2025-11-01T19:56:22+00:00,241
be96caaec4cfb7eda3c9bd4232d8bec22bbc685a8604ebb390a5a70f5afa47a6,2025-11-01T19:56:19.225476+00:00,2025-11-01T19:56:22+00:00,241
e5fda631608813d87acd7e711f265c0116373bcc7fc3cb59201dd7ce8f3cedb0,2025-11-01T19:56:19.354397+00:00,2025-11-01T19:56:22+00:00,241
cb83110118747ffc7b3dc7486d46f68031cff0db6404f0076b67f4bda736dbe9,2025-11-01T19:56:19.499360+00:00,2025-11-01T19:56:22+00:00,241
4758abfa033e12d16b28716768f695ca7874b3ba6e75e627ca00c6ab3cf5b8c0,2025-11-01T19:56:19.626671+00:00,2025-11-01T19:56:22+00:00,241
0f9517e8ced1a06a021c4b74d881cc54edc4279cfda9400ceb70c1f8fb970eaf,2025-11-01T19:56:19.753217+00:00,2025-11-01T19:56:22+00:00,241
afa473f7e19c991ee2b65987dad543fa8d24cfa8f6c873ae9b1073e237105b37,2025-11-01T19:56:19.909224+00:00,2025-11-01T19:56:22+00:00,241
a1c993e51f61451a624b5f6c96cf370713a2cb88e364838f31115f6214404494,2025-11-01T19:56:20.038938+00:00,2025-11-01T19:56:22+00:00,241
c36ea49bd40a3685b3913c961afdb9724f35e115e007a74ce5afff4bf8e96ce0,2025-11-01T19:56:20.171520+00:00,2025-11-01T19:56:22+00:00,241
b735a5fdfff16fceb69c9bcf0f48475369ab28cb9ac61f31ac28550eae34bb04,2025-11-01T19:56:20.516363+00:00,2025-11-01T19:56:27+00:00,242
15b2da82d4e984ba47281767e59318f20384c7425467b21fe8a2b875120847fc,2025-11-01T19:56:20.648519+00:00,2025-11-01T19:56:27+00:00,242
b6e103cb1260d439a973a3474e5ecd28da1fda047ca3d2f03592e327ec81c262,2025-11-01T19:56:20.782129+00:00,2025-11-01T19:56:27+00:00,242
fcb86bf4de0d20b2c5e1ef8c34ee664e64ef8f2266dfafd28abd48425bc32a69,2025-11-01T19:56:20.911234+00:00,2025-11-01T19:56:27+00:00,242
e7881b1400ee8f66bd7d91c6b2f710a78c7a26682dbeee27b74a0d42dc803597,2025-11-01T19:56:21.036947+00:00,2025-11-01T19:56:27+00:00,242
8b1d0c2882d14a771dba53040f3bc3a80f65ca90fe45cfb6061ee86a29021a7e,2025-11-01T19:56:21.162585+00:00,2025-11-01T19:56:27+00:00,242
1c53278f2df281a4b008fd667a7894d80e83c89e613bc1510c1c7fc2d4223cef,2025-11-01T19:56:21.290308+00:00,2025-11-01T19:56:27+00:00,242
f792ecaa28765c813c0f4e5118df7ce200ad4c15bd9c71afc30bbae627f8c566,2025-11-01T19:56:21.417565+00:00,2025-11-01T19:56:27+00:00,242
3ec4e097072e607c6218faebe0e149d9fc3e27342e27aa35fe8b8eacc3d10f00,2025-11-01T19:56:21.541777+00:00,2025-11-01T19:56:27+00:00,242
28cc3eaf080591999660d60ad10814ecd13c6c20b95001795ebe89d64fea5ab6,2025-11-01T19:56:21.671155+00:00,2025-11-01T19:56:27+00:00,242
7d0c89634083fc48ab35372152a4663bd4746ffbcebc7edeb5b89ba776ce2461,2025-11-01T19:56:21.796604+00:00,2025-11-01T19:56:27+00:00,242
7cc50e65c3f4f555b43e9c11ee4794e119292de191d3ac8284d7f91ee0673605,2025-11-01T19:56:21.925412+00:00,2025-11-01T19:56:27+00:00,242
a5949a567a415f5ea59897492e8b22235a97e8f49a5d7f6445376fc013f6f8d7,2025-11-01T19:56:22.053667+00:00,2025-11-01T19:56:27+00:00,242
df4561d15509c51c960225a688b8d1e218021d92ccaa795f287940db89fc5abb,2025-11-01T19:56:22.187126+00:00,2025-11-01T19:56:27+00:00,242
a6a3cf789f4a238ed80dff6f3311b0b10cf39fc1fff1b2cbc1ff8c50c150156a,2025-11-01T19:56:22.313374+00:00,2025-11-01T19:56:27+00:00,242
0b04bf74c344a0e506d6ca1638f21d4f2941f6a2986c10f04588a4bbfc307bf1,2025-11-01T19:56:22.444814+00:00,2025-11-01T19:56:27+00:00,242
f68c7d5e9efcc391b6cdd05e6851df60bedbb5d39b22e2638e55fc1c127a3949,2025-11-01T19:56:22.608145+00:00,2025-11-01T19:56:27+00:00,242
e7351991efa7fc8b3c046c0a5e30683255c767511d475a150c8c8a51122ca97c,2025-11-01T19:56:23.386218+00:00,2025-11-01T19:56:27+00:00,242
504c8aac7009568e6b8f6a4bae02f98c6cd8f7118e16deba19dc9c4d9acb4dd4,2025-11-01T19:56:23.514374+00:00,2025-11-01T19:56:27+00:00,242
ae81ce4c123c5b228cb55c2882378c8444f3bab926fed78eeb375f3cd3b9c3e2,2025-11-01T19:56:23.641820+00:00,2025-11-01T19:56:27+00:00,242
efeded2cb212c7046c9c0b93e2f74e407787f66d4dad85149edf30462f184acf,2025-11-01T19:56:23.768152+00:00,2025-11-01T19:56:27+00:00,242
f5b6ba512313f8510982f3c8cc644ace486b3124739c3c167b347b16b4e9cccd,2025-11-01T19:56:23.892632+00:00,2025-11-01T19:56:27+00:00,242
a4362ee478407bebe7a271a93fcddb4926adfdae3fefd8eb4496585322e8938e,2025-11-01T19:56:24.014883+00:00,2025-11-01T19:56:27+00:00,242
628947151240f1de369564877f50d80116b180ef2817579e64ede862f1ea5db1,2025-11-01T19:56:24.141392+00:00,2025-11-01T19:56:27+00:00,242
48b0ef54eed0b87a79e8c1b4244527e4f782be8c2d17c8da3398d27364073bcb,2025-11-01T19:56:24.267932+00:00,2025-11-01T19:56:27+00:00,242
07ba28d4cf3ebc3a7884620cf68adbb5cf503ef54d371522e041e6b316ac98d7,2025-11-01T19:56:24.394133+00:00,2025-11-01T19:56:27+00:00,242
471bd9e79381a122b6d9b06f6fbfd50ccd869048e3888dad9bf8573ea1f14fb0,2025-11-01T19:56:24.521250+00:00,2025-11-01T19:56:27+00:00,242
2cf64870e53458366b398d347545434301eeb7dfdc6623c7c3b716fa3a059b94,2025-11-01T19:56:24.647574+00:00,2025-11-01T19:56:27+00:00,242
7366be434e0b09fd4dc00a6d97fae420be96038fd100ddc19d463f0ea18b563a,2025-11-01T19:56:24.784026+00:00,2025-11-01T19:56:27+00:00,242
2f786f3740285345d51ab7a53d491fd2d186203b13abd4661e2ac051167dbdc6,2025-11-01T19:56:24.910311+00:00,2025-11-01T19:56:27+00:00,242
fa1fb3effdea54947076f4b2976a3536827550cd5476b5b70dcca07c8a54c060,2025-11-01T19:56:25.036965+00:00,2025-11-01T19:56:27+00:00,242
a9c0714eb717895853a7d83c9cb53fcdeb2095b7a6963b3ce117949efd1e407c,2025-11-01T19:56:25.163277+00:00,2025-11-01T19:56:27+00:00,242
684a67d64470003bec910718c36a0b75fff573e1e5d0cd1083f12285721a1c05,2025-11-01T19:56:25.285022+00:00,2025-11-01T19:56:27+00:00,242
f95fca7eefc431faceb9b8bdc5cc827a2271dcb7fd8733aa8c6b17eeaa981202,2025-11-01T19:56:25.409375+00:00,2025-11-01T19:56:27+00:00,242
2c7fc62b48e4570f1ce1297bbc89806cdc68291545319dee1ad68fa9b5c3fb09,2025-11-01T19:56:25.538508+00:00,2025-11-01T19:56:27+00:00,242
45b38bb9dca5b71e12b4d17332a89c81638e4f591c9c3338ba2b12f758bf03cd,2025-11-01T19:56:25.665764+00:00,2025-11-01T19:56:33+00:00,243
d5da5294ec393fd7cd6e23a7b37587abe0377173f99551b725b412944e2a13e8,2025-11-01T19:56:25.795085+00:00,2025-11-01T19:56:33+00:00,243
d136a3b60a8a980c690077fc3ec539cea4a35b843e30b0a74c3272c006397734,2025-11-01T19:56:25.919645+00:00,2025-11-01T19:56:33+00:00,243
17da21fc460f38fc7190bc877ef5473d1bd3a5623d04ddf04a3ea96606357663,2025-11-01T19:56:26.051415+00:00,2025-11-01T19:56:33+00:00,243
129b90875b2a4edad0b360532cf5f4da0959f67c04df0a7e4b1c029e9231573c,2025-11-01T19:56:26.177364+00:00,2025-11-01T19:56:33+00:00,243
182c242626f334a1f11d0ddc54992c6a5314f5f93dee85b53e85c9006d7ed74c,2025-11-01T19:56:26.307175+00:00,2025-11-01T19:56:33+00:00,243
8428c6938571183313bac4028efbee3afb991c97701b832c1059d9b8c97bc3a2,2025-11-01T19:56:26.436347+00:00,2025-11-01T19:56:33+00:00,243
6a3d1b7f39240f2a67b9a4f5bc20e5b0291326e063758214fd84d29d0236a533,2025-11-01T19:56:26.563471+00:00,2025-11-01T19:56:33+00:00,243
edec7fb66a34a2b5ed92bf1a4575f936b7f80cd2a500411d3f27eb04c0b1ad2c,2025-11-01T19:56:26.691511+00:00,2025-11-01T19:56:33+00:00,243
77fa26d93808e7fc5e20e4795b100c172aefd77ab1e87f9397b12a41139a69f4,2025-11-01T19:56:26.870521+00:00,2025-11-01T19:56:33+00:00,243
df58ffeeadee9ed3fe8d82f02574fd712b2989d6861c37d1e635c96bcc17a1a5,2025-11-01T19:56:27.007921+00:00,2025-11-01T19:56:33+00:00,243
9a9e424f035d7f0f64ed1bab40d5f7a761f61562eadcbeb0aa0e0e15fca6502b,2025-11-01T19:56:27.165653+00:00,2025-11-01T19:56:38+00:00,244
5e6d3d4961d9034b93586c3644f6876c72263490a156a254e4b4da35086c9121,2025-11-01T19:56:27.292994+00:00,2025-11-01T19:56:33+00:00,243
c15049fde58793464f745913580ee3389b4e6527137a016e76d14f9ee4927ea0,2025-11-01T19:56:27.422912+00:00,2025-11-01T19:56:33+00:00,243
a731862e2f53d6108dc945897d11d916b6ee9ed18ac5cb54bbcc418e568b7655,2025-11-01T19:56:27.547291+00:00,2025-11-01T19:56:33+00:00,243
e0ffd794aa0f81c1060ef58fef43d0f9faa6eb70c1cba02a3c66bdfea49bca08,2025-11-01T19:56:27.673799+00:00,2025-11-01T19:56:38+00:00,244
9bcb66759fc52464cf6ef1b3ca09af8897632d1920efe53dcfa56de1711351f9,2025-11-01T19:56:27.819141+00:00,2025-11-01T19:56:33+00:00,243
fceab65b4625e2d797398d4121be4bef80a8a9bd2b8a294700afec4842274473,2025-11-01T19:56:28.211072+00:00,2025-11-01T19:56:33+00:00,243
8c9d181fd0c05a475b1ea8ba206124610f54de5f92a8aa8decacc04f823e47f2,2025-11-01T19:56:28.347406+00:00,2025-11-01T19:56:33+00:00,243
f42115302fe639b84e38734b1363af4925e6d1d7ebfcf427917ed88a225f8700,2025-11-01T19:56:28.477609+00:00,2025-11-01T19:56:33+00:00,243
fbe7bd29d9a83f1dcfd786a0ebfd5c020d8bb64a9a45df38ae15a48c27bdaa62,2025-11-01T19:56:28.601328+00:00,2025-11-01T19:56:33+00:00,243
85386e960907e6db8cb41333459bd75493e7d4dbabbaccd81497700a9a518c9a,2025-11-01T19:56:28.728462+00:00,2025-11-01T19:56:33+00:00,243
51ee4df945934eb58718a86f473b0e96fd30e13cc56c5eb7f2189bc6ef0a583b,2025-11-01T19:56:28.859046+00:00,2025-11-01T19:56:33+00:00,243
acd2263bff1109227390e7b06ba5d389e90d227579b7ab5f6c4c304675a5ea2b,2025-11-01T19:56:28.991268+00:00,2025-11-01T19:56:33+00:00,243
da1eb2f38bd2884923d7d66714eb4dcaf3aebdc45a45b07acba8b08fb4e40c0f,2025-11-01T19:56:29.118030+00:00,2025-11-01T19:56:33+00:00,243
1936c5a7614be46fb9337cf7ac5b10c2cf5e7d02fb581ec1ec48323cd12cb7a5,2025-11-01T19:56:29.257563+00:00,2025-11-01T19:56:33+00:00,243
78185488b92a17868da4dab0697717d6cd60e8b5fda96224e9a7c8a4ca5d2e29,2025-11-01T19:56:29.381281+00:00,2025-11-01T19:56:33+00:00,243
7e87b2ccec7ed34d76d9f7c5d6c6b07d00bc1e5d4e4a1d40a5f774d17005cbc1,2025-11-01T19:56:29.512068+00:00,2025-11-01T19:56:33+00:00,243
0ac9be50cd4cb18485290b5fc59a3c6d58952e8b18ab49c01e4709234e1a8bfa,2025-11-01T19:56:29.635945+00:00,2025-11-01T19:56:33+00:00,243
762f6a7e3fa3818cde23f4492aafb98bab7453f2e35ba05645ca1cc957924ac0,2025-11-01T19:56:29.764574+00:00,2025-11-01T19:56:33+00:00,243
246edbd0920e087dba8a5b308493853b77a50053ab66016b29c96fffc06dc93a,2025-11-01T19:56:29.888690+00:00,2025-11-01T19:56:33+00:00,243
7e95434b18d17907e4287591a72267944a765ef61fe6eb0647f3a8ae569001c1,2025-11-01T19:56:30.020279+00:00,2025-11-01T19:56:33+00:00,243
09aae9ca39fc726813f453028c2e97c1240217614d2f128bc04a593b9aba12b7,2025-11-01T19:56:30.178059+00:00,2025-11-01T19:56:38+00:00,244
4f57099633f087ee036cec5bd6e959098e78a15afaf084b1ed6594953d084a14,2025-11-01T19:56:30.304086+00:00,2025-11-01T19:56:33+00:00,243
6dfb36b1fd49eedc49d00af4c40cbf0207940db8c51036d0c9b35c3469c44007,2025-11-01T19:56:30.431586+00:00,2025-11-01T19:56:33+00:00,243
ad91836e2c4f3bc73a9c04688c2cbf0de2bde881d8e8703b0b804ef54883cc74,2025-11-01T19:56:30.558706+00:00,2025-11-01T19:56:33+00:00,243
89c1ad83cde95d62d01a229ba0ae216948d02fbfdb18e8b63b2fdf80ee93e963,2025-11-01T19:56:30.686127+00:00,2025-11-01T19:56:33+00:00,243
fc5e792631f0cf7e125e9220bcef6926cbd060c4db1b689e788de20bd42ebe2c,2025-11-01T19:56:30.813713+00:00,2025-11-01T19:56:38+00:00,244
2217667fbf63395dc7e1049f0e163e05a4fd1c27b5e72a3f790dac845b0dafeb,2025-11-01T19:56:30.941655+00:00,2025-11-01T19:56:33+00:00,243
977ba512dd8cc0f471eee4d187a2b6b1c517beaf64272e58420d0e71476c3088,2025-11-01T19:56:31.086203+00:00,2025-11-01T19:56:38+00:00,244
25e35742fd4f37898b823eafa377add1e331524651a1b81e10cefa0042dc8831,2025-11-01T19:56:31.219024+00:00,2025-11-01T19:56:38+00:00,244
b7c113b78e93dcc11101ea77047d891b9b621fbcdca38ec9c61090b4c11399c5,2025-11-01T19:56:31.344834+00:00,2025-11-01T19:56:38+00:00,244
966409b00fdef918b21e33594a77eecddc2e78b478b308cbd93785208679e235,2025-11-01T19:56:31.469605+00:00,2025-11-01T19:56:38+00:00,244
96f82fbbacf2377aa9f1b70ea4bf91382425035fbf7dd1fa42cc345ecd5f35a4,2025-11-01T19:56:31.603119+00:00,2025-11-01T19:56:38+00:00,244
ded276fb3d2a5fec7e2a43e77abed62790f6734f9c15f97aa4d8591e99bf0ac6,2025-11-01T19:56:31.759093+00:00,2025-11-01T19:56:38+00:00,244
6e5170a3cc48faff63f2b13d6ffae41af38a26ce77c2004d7e50763104f6d30a,2025-11-01T19:56:31.891601+00:00,2025-11-01T19:56:38+00:00,244
3e06b9d773b3784db2ee2abe00498ce4070ab77be1f9b34f51484172ee3f0a88,2025-11-01T19:56:32.049025+00:00,2025-11-01T19:56:38+00:00,244
2644e505296f069dbb6e56e33c86a6750612da7e47976ec691c8f902ea417ae8,2025-11-01T19:56:32.210516+00:00,2025-11-01T19:56:38+00:00,244
0e4388f7399855f500f0c12cbdcaa5b214463c24df0531e3810bbde76d2a796b,2025-11-01T19:56:32.346762+00:00,2025-11-01T19:56:38+00:00,244
8f0bf4b8f501cabf5ffd9286cd7cfc3f73b8213faf946eca6a43a6f54085ac6d,2025-11-01T19:56:32.485949+00:00,2025-11-01T19:56:38+00:00,244
808a77059dd471f50269b953e178589f2d4527f9ee34dd420c8197c6dfdf6f73,2025-11-01T19:56:32.614938+00:00,2025-11-01T19:56:38+00:00,244
ad548a11401009af3be0fb490b9a4aa7e65195b887a92c76f14780112c184843,2025-11-01T19:56:32.745021+00:00,2025-11-01T19:56:38+00:00,244
72f9d8687800c8c785ad205059677c8b190c4d2395f8fada167323de62ee6a25,2025-11-01T19:56:32.877901+00:00,2025-11-01T19:56:38+00:00,244
ae887f7388082304640cf32aa12d196f8dcf4cd197ed3c96a695b0546507e050,2025-11-01T19:56:33.014760+00:00,2025-11-01T19:56:38+00:00,244
857af475ed38fa94c7bbd8cc46e95413b5199ae13d3d7fed3da8f50aa2ac3f04,2025-11-01T19:56:33.145374+00:00,2025-11-01T19:56:38+00:00,244
a4e4266ff95684e301158cbfae0195cf5549b949d3f214203350bd04a39ba522,2025-11-01T19:56:33.274133+00:00,2025-11-01T19:56:38+00:00,244
d4978429c982f0eb5460ea0a64c49853287ea5bdc424da873fb9ac4752c0a8ba,2025-11-01T19:56:33.401946+00:00,2025-11-01T19:56:38+00:00,244
dd38efc455774e2f2c0fa15d956730a7ebf8c6af89008ed8349a4414834eed77,2025-11-01T19:56:33.577703+00:00,2025-11-01T19:56:43+00:00,245
f2258740e7399d958273052612c692b253c77fa4ef2ffb2a7ca9e76a823a0e27,2025-11-01T19:56:33.760513+00:00,2025-11-01T19:56:43+00:00,245
9b9ae1cd46267548ac9ea1620de74a0ebe0fa45516d8e456959a97fd56af917e,2025-11-01T19:56:33.895065+00:00,2025-11-01T19:56:43+00:00,245
b9b51ec153a3a34fa6dc05f3eba4fb0135808107574e7e9cc633754e340a4b85,2025-11-01T19:56:34.026017+00:00,2025-11-01T19:56:43+00:00,245
a1e3cf649140cbb783e53385fae2441ce1adf159abb592774ed88937dffba2bc,2025-11-01T19:56:34.162078+00:00,2025-11-01T19:56:43+00:00,245
85d46c758ebd425da816acdea3e72c11a9500492b97bdef39248d3524a336784,2025-11-01T19:56:34.293336+00:00,2025-11-01T19:56:43+00:00,245
8de5d164d0c3b19f46c78d70dc8effba22bfccb13cf6e8b33a6a3717f6859d77,2025-11-01T19:56:34.427586+00:00,2025-11-01T19:56:43+00:00,245
6c761e27ba492d83ef6f654f6281b7d86d548163e22e2b5195beabdd070a5882,2025-11-01T19:56:34.551675+00:00,2025-11-01T19:56:43+00:00,245
1a3b1ff56af80b4acf6f7961c440242178660cf3762f3b8ef273d9ac03aeaadc,2025-11-01T19:56:34.787513+00:00,2025-11-01T19:56:43+00:00,245
ecbf3c1ae8ce4dfb9231de07a10cee7ffd7733abf7af4b8c65f76022484f7769,2025-11-01T19:56:34.914498+00:00,2025-11-01T19:56:43+00:00,245
91ab6376b3f887b79012cdeeee76106094096a7667f50ce73cb132fd88f58bec,2025-11-01T19:56:35.046416+00:00,2025-11-01T19:56:43+00:00,245
8053931abbd64b9a75d923bab6d6c5bd07e173189e41d85f3b8d58fd421b5b5b,2025-11-01T19:56:35.172720+00:00,2025-11-01T19:56:43+00:00,245
14a7528219cddde340a493d2e641b65f4cb7ee7dfea2863ee7e33bda7a4ba972,2025-11-01T19:56:35.301563+00:00,2025-11-01T19:56:43+00:00,245
37ec4efab5051eb53aa533b7356946614ac644f23df8c19887721392c777d8d2,2025-11-01T19:56:35.446592+00:00,2025-11-01T19:56:43+00:00,245
48fc081824ca11df9b0c3fd6a32f2a5973c0f34ffc59c43a678dc80867038851,2025-11-01T19:56:35.578892+00:00,2025-11-01T19:56:43+00:00,245
8b80726faf200fb5da3cb23072940aa9f6afd92ffc034b6cbbd188d762dc3358,2025-11-01T19:56:35.714176+00:00,2025-11-01T19:56:43+00:00,245
bc6d92a40903b8b32fa20324c6e15edc991d285deb55314ca741de97e861fb72,2025-11-01T19:56:35.841543+00:00,2025-11-01T19:56:43+00:00,245
b15ee8251a409a28073f84b0e3066cc7c9680f16fd2107cdd954252c956f2c74,2025-11-01T19:56:35.970229+00:00,2025-11-01T19:56:43+00:00,245
8494c06b5b68e09bc98d42d270890a07edbb65910fe5d08cad39af28718102a8,2025-11-01T19:56:36.096751+00:00,2025-11-01T19:56:43+00:00,245
0d6f52635ab333d58d641cdfc51c2f091e2a18989488a45b9de7d281edbc296d,2025-11-01T19:56:36.219353+00:00,2025-11-01T19:56:43+00:00,245
9b301af3b929a76874467ef55a7d868668cd7caed3200cc44674fcba6e0849f3,2025-11-01T19:56:36.346650+00:00,2025-11-01T19:56:43+00:00,245
80b950cbc7c5625b3bf1ed8aed408430f511b1834a3a655ce593d5e48bf0260a,2025-11-01T19:56:36.482625+00:00,2025-11-01T19:56:43+00:00,245
58527668e7fa686f85848c2c820c77727c6d74d5146e04a49f23418ef836d61f,2025-11-01T19:56:36.617894+00:00,2025-11-01T19:56:43+00:00,245
653b1339a4808ae69b11c4c0dd33b6c21fcedbf9566b1bdd3e1df1755c8ff696,2025-11-01T19:56:36.755786+00:00,2025-11-01T19:56:43+00:00,245
8045e619b5d875d551f8c24a6ed2ef6e922d285ff07c8dc25dd73d8a355745da,2025-11-01T19:56:36.894084+00:00,2025-11-01T19:56:43+00:00,245
3e6719aa60856c611f549a6ba68bc05523c18e825a71c4ca12211bb58b915da5,2025-11-01T19:56:37.061117+00:00,2025-11-01T19:56:43+00:00,245
8e5b50e1b81b2409010ba9317d995506f3ba464d17186adb9a9c4009038cc4f7,2025-11-01T19:56:37.187718+00:00,2025-11-01T19:56:43+00:00,245
009678e0f43c108dcac20ea51918c110cfd714543ec02036f2a814f278ffaadc,2025-11-01T19:56:37.413787+00:00,2025-11-01T19:56:43+00:00,245
74eae76299f49532704effbe23b6b943739686e16cd03e4d9e96d7b7c5a074f3,2025-11-01T19:56:37.543864+00:00,2025-11-01T19:56:43+00:00,245
5fa471c0b39b4b47a837f52e5522bf0b2f23d4d12044adba9be0aaff56ae7ab5,2025-11-01T19:56:37.672882+00:00,2025-11-01T19:56:43+00:00,245
a26a03ffd9fbbfb1ea58eee5edaa7055d7a5629c651541c9c1f879e7717bb06b,2025-11-01T19:56:37.803771+00:00,2025-11-01T19:56:43+00:00,245
7594fde3e563c449a86de6be54078d116e3cc3a5ec21f8a32cee11c97b0f7d4e,2025-11-01T19:56:37.938746+00:00,2025-11-01T19:56:43+00:00,245
ae84888eb01434bf4c29b7e0602af6aed00b66bba9f9fcd557922785c495bc27,2025-11-01T19:56:38.090484+00:00,2025-11-01T19:56:43+00:00,245
f7a1de2e282ac8528ac0b004a6686acb88bc339efb5d804e5e6a637699f597aa,2025-11-01T19:56:38.236010+00:00,2025-11-01T19:56:43+00:00,245
9c47ef56c9d99e3081e539bcd6f2c9be77cc5f2b271b6db45affdc8cf6a2bbf1,2025-11-01T19:56:38.568329+00:00,2025-11-01T19:56:43+00:00,245
7c24d5bf810245c44caef63165166f8a3a6375461c979a8ab67efc5ee29c3d0f,2025-11-01T19:56:38.694948+00:00,2025-11-01T19:56:43+00:00,245
bdc4f674a0699087fa2845022ddd6b81f70726c9b2301ee4bd2f9ae0b629d3dd,2025-11-01T19:56:38.819079+00:00,2025-11-01T19:56:43+00:00,245
bdcd9b71a1af4bfebe4b1140fff9ee8815ef063df94bcd2c6392c69e74075dad,2025-11-01T19:56:38.946804+00:00,2025-11-01T19:56:43+00:00,245
214c3709b69d0d5ab45432ea84173960b6cf8a9ed7099f5f7ab921ba998ca1d4,2025-11-01T19:56:39.077576+00:00,2025-11-01T19:56:43+00:00,245
6b2d095d90014bd2471eacec5601b91d61699123ce7e292354739b2352d5ddd5,2025-11-01T19:56:39.220259+00:00,2025-11-01T19:56:43+00:00,245
0bbe9f4153bef73527aa35ea7bee8e58fed0ddc77fa51c3dccb54989b0683c22,2025-11-01T19:56:39.341264+00:00,2025-11-01T19:56:43+00:00,245
71359bbbf8a5ceb92448687f30e32853328c6eee0d7a73df5e98c221327a1a2a,2025-11-01T19:56:39.466291+00:00,2025-11-01T19:56:43+00:00,245
c512dfc41b183ee4aa3aece11e79b45f6d3f824ce3c6e15fb4d4d4af74560070,2025-11-01T19:56:39.592762+00:00,2025-11-01T19:56:43+00:00,245
cde512ebe470bf9584782dacdfed6271f33a21c56f2464cd2ec2981702629232,2025-11-01T19:56:39.720696+00:00,2025-11-01T19:56:43+00:00,245
b51a911a7e27d1770e6d62f453ff7658b917708d8bdb5a2f2efe931cdd4aec17,2025-11-01T19:56:39.850858+00:00,2025-11-01T19:56:43+00:00,245
0ec53e418b62f682e38c854d7f8729d0b8455bcce11959f2747eea11d0c500ca,2025-11-01T19:56:40.005152+00:00,2025-11-01T19:56:43+00:00,245
65fe7219b3ededbfec6eadd42295242b9777a0d66586994d26c000d5f79f1551,2025-11-01T19:56:40.127612+00:00,2025-11-01T19:56:43+00:00,245
6a028986c63e9e9bb6a782dba5a7e62e3f8688dac3f199b1a94948bc51b19f78,2025-11-01T19:56:40.256048+00:00,2025-11-01T19:56:43+00:00,245
b29e95bb967444966ef8481f92badb02d87bb21caa12dfde8eddeddd2033676c,2025-11-01T19:56:40.389592+00:00,2025-11-01T19:56:43+00:00,245
b8069afa51b848ba75e497ede4756f2ccdffcad73002f8c6bd9636209df5a646,2025-11-01T19:56:40.517952+00:00,2025-11-01T19:56:43+00:00,245
ca0e335a7828dfca842c14621a970045d4bacdc3f6f34a14ad93177096dd27dd,2025-11-01T19:56:40.645963+00:00,2025-11-01T19:56:43+00:00,245
4a8852399a00c4dde3d7a4f30acc79d46b1c8d0d893879027770204dd1ebae31,2025-11-01T19:56:40.776024+00:00,2025-11-01T19:56:43+00:00,245
81e782245c870e53ec57121ff1f881ab421de79241cb449a7f204e292f53a2a9,2025-11-01T19:56:41.082948+00:00,2025-11-01T19:56:43+00:00,245
5ec96bfb7c9fea93ee1599d681f8e6f81ea9ab9923ccb69defbc39ed85cb4a10,2025-11-01T19:56:41.216351+00:00,2025-11-01T19:56:43+00:00,245
4605dbc86a24cd8ce91c571b1b7c6b76e17458f2d399ef6e56d8b1fed56f31e8,2025-11-01T19:56:41.346357+00:00,2025-11-01T19:56:43+00:00,245
5f1c8d532aba21dbfb940fe88da1a3c3d50970d2c70f52d69d62152787c3132f,2025-11-01T19:56:41.470310+00:00,2025-11-01T19:56:43+00:00,245
4ebe4021f462372b0e04db970ea7f11f6d91a3239ed41cbe0c7e680ae7586a7e,2025-11-01T19:56:41.597655+00:00,2025-11-01T19:56:48+00:00,246
e68346ab38a1443958907e604d8a1a50b61dbf0a14071bdb6eff3e0be5659963,2025-11-01T19:56:41.728907+00:00,2025-11-01T19:56:48+00:00,246
d98ceedebb2d8aef376d415e43d8d637695d452d181a85be69aa409d0a67f937,2025-11-01T19:56:41.854710+00:00,2025-11-01T19:56:48+00:00,246
fe653fa83cc8f6146009c454e67332c551e32bdc5fb94a30879f0f08934910ff,2025-11-01T19:56:41.976293+00:00,2025-11-01T19:56:48+00:00,246
7ebc9bce2cc2a891f47315c13fc1444990936ffe44186c5ad3f5cd63b0ee90a6,2025-11-01T19:56:42.109747+00:00,2025-11-01T19:56:48+00:00,246
0dd8dc00f0b774015aa8c806e3cd8531ab012950485e705bdac3ad216b41b7d7,2025-11-01T19:56:42.233659+00:00,2025-11-01T19:56:48+00:00,246
1556c5460e5743b33df96624f82a48cd99f7c4325791f68811e202453fe48a01,2025-11-01T19:56:42.362610+00:00,2025-11-01T19:56:48+00:00,246
6ec5d7c7dc1e2dcd94a7648c208d6719a7eda7de6f154a1f564864c2692a960b,2025-11-01T19:56:42.488963+00:00,2025-11-01T19:56:48+00:00,246
eceb607b03c2b5de7013700f3d75f4cd2e356ea4ee3d2b10f58e0ddd900093ef,2025-11-01T19:56:42.616605+00:00,2025-11-01T19:56:48+00:00,246
2b48107f38f295bda26e1c1a3073214c03c4e1cd616aa5652aeb56d558c290d8,2025-11-01T19:56:42.746582+00:00,2025-11-01T19:56:48+00:00,246
7ea0fe65ae7cfb2fdb33d21a364da3e8e44c793b0ed4ae159173b7208438cc1d,2025-11-01T19:56:42.873941+00:00,2025-11-01T19:56:48+00:00,246
8c80434aef5795da1bbb7f78fe23f4d22202144f780b855b8b75581b8e4bcac9,2025-11-01T19:56:42.998571+00:00,2025-11-01T19:56:48+00:00,246
9415519c463adf41e99e70fa30805bde25bbe81ca58abc8b91c5a820cf2fb7da,2025-11-01T19:56:43.126795+00:00,2025-11-01T19:56:48+00:00,246
e7b040c00ca8047bbebdc5537c2b9bfc42489f3a6d023353321a365b34465e92,2025-11-01T19:56:43.249685+00:00,2025-11-01T19:56:48+00:00,246
ea1c95c4cf58669993726ffe236687d39e858e0a18158872371a0000786ac7a4,2025-11-01T19:56:43.374700+00:00,2025-11-01T19:56:48+00:00,246
ea4baec66d7ab9941d4f7dc5a3ba4b469f629a5fa8bd129596b21594435c7b3a,2025-11-01T19:56:43.501095+00:00,2025-11-01T19:56:48+00:00,246
7d807d6fc975f4f6fd195b5505c755af552f15c66eca2ed940283c9acf12a058,2025-11-01T19:56:43.857580+00:00,2025-11-01T19:56:54+00:00,247
110c1d288b432e3c3e8eaf8ef43e7879f435f35a6a8db4f3fe85cd9c84d1839c,2025-11-01T19:56:43.984094+00:00,2025-11-01T19:56:54+00:00,247
7c0adeacaee7f082205f41217209af1fc1560d35688f2205a0e711158263226a,2025-11-01T19:56:44.110949+00:00,2025-11-01T19:56:54+00:00,247
2ff1cd3cde74246dc5bbff733363927237fb9e420f3ebe36783cd40969dacf71,2025-11-01T19:56:44.235707+00:00,2025-11-01T19:56:54+00:00,247
9cfea035b411ca1618dfda59c82ec932d0a68d6b76fccda1230cb933d213168d,2025-11-01T19:56:44.360601+00:00,2025-11-01T19:56:54+00:00,247
4ddea9fd8c03c1789690ef1c0766a90d35ae033d33df6b6ef2021a730c2b896f,2025-11-01T19:56:44.486104+00:00,2025-11-01T19:56:54+00:00,247
4ab6bdf7b378653ee1d8e78b81a3ec4d9e5e70a1167ca9740308ff0ab42842f4,2025-11-01T19:56:44.612395+00:00,2025-11-01T19:56:54+00:00,247
05d39ae3de45ff3074f6bf380b571cdee01b585c162ef4458306273f9a0cd697,2025-11-01T19:56:44.738500+00:00,2025-11-01T19:56:54+00:00,247
812bf0ba2f2be32b219c355b4774e3aa2c38ebd298a96f9d822d24f7df17d2b0,2025-11-01T19:56:44.863171+00:00,2025-11-01T19:56:54+00:00,247
b7e7bf80bf120182ef5844e7724b74d8986840e6800e39c92e8e6e838344c092,2025-11-01T19:56:44.990451+00:00,2025-11-01T19:56:54+00:00,247
7d723b3bff0cef167fb54096bb70cae15ce88f892c964149b8c9011d870c32a4,2025-11-01T19:56:45.147056+00:00,2025-11-01T19:56:54+00:00,247
75e16b20b16c6285e8215656700bd5533bd4af027ad246eb0dfccf93d201cc8f,2025-11-01T19:56:45.285083+00:00,2025-11-01T19:56:54+00:00,247
c6ff7336f504298e9a1bfe5214594cc472ce3af3a56e910aa0be2eac98803e7b,2025-11-01T19:56:45.408203+00:00,2025-11-01T19:56:54+00:00,247
76f3f2ccaaebbbc5406bcc26a47c4ee24b78f21ba4c06187ad69921765d3b126,2025-11-01T19:56:45.532302+00:00,2025-11-01T19:56:54+00:00,247
f6ae6b09f7e54794c56c9c26cc97f188b6e107be953c88d4e3e8bd551a4d56bb,2025-11-01T19:56:45.658589+00:00,2025-11-01T19:56:54+00:00,247
3608cbd43bc099ccf864a5d3a2382bbe76e8fdf99fd5db53650381a001d626b4,2025-11-01T19:56:45.791346+00:00,2025-11-01T19:56:54+00:00,247
c8d05451322815372682f1d7a40a492907c6872e4f16936e56c00e0b80c46ac1,2025-11-01T19:56:45.923269+00:00,2025-11-01T19:56:54+00:00,247
823b005be821377f9cc98d8ecd58d354d3089429fef05ee55f3c1a080a47b6ad,2025-11-01T19:56:46.055129+00:00,2025-11-01T19:56:54+00:00,247
3be846000b3660c4b853b1864d979536bab93a310dfd3d090745634c65378106,2025-11-01T19:56:46.182558+00:00,2025-11-01T19:56:54+00:00,247
5a55651a150a225b20802be43c8238c64b7991a68d1237cdc0216a03b0cd4957,2025-11-01T19:56:46.313833+00:00,2025-11-01T19:56:54+00:00,247
1b9fea4aa3e8062202f6adfbf2a5a8410536b2218a34e471d8eb60a1404f3659,2025-11-01T19:56:46.444894+00:00,2025-11-01T19:56:54+00:00,247
87dd31baa80c04bec379625d5c20318153162eff502e8bb8d1fc9f556d3a05d8,2025-11-01T19:56:46.568464+00:00,2025-11-01T19:56:54+00:00,247
95a13ea35217d1f8efd14c3105152c947c08fdab4cbd3a21709cea4bb7f4b028,2025-11-01T19:56:46.693628+00:00,2025-11-01T19:56:54+00:00,247
70559455ef25ce8fa7ff20a4f0a8e617e6b7dbe781496ba18fc4d7b2d1a08196,2025-11-01T19:56:46.827329+00:00,2025-11-01T19:56:54+00:00,247
b34a923f0c8294f1a232d03ec6d15f77703500e4ab7c0b50da1eeb08941c7522,2025-11-01T19:56:46.959050+00:00,2025-11-01T19:56:54+00:00,247
4db99a685b783e0ae4d472b071fce5ac84cc08476d3a1589e1ba878f40aaace1,2025-11-01T19:56:47.089975+00:00,2025-11-01T19:56:54+00:00,247
4c5bf8449d5f26866243ac18eb735131e025d33060be2eb528bf105e6b43e502,2025-11-01T19:56:47.222499+00:00,2025-11-01T19:56:54+00:00,247
e587a8da2b7f409ceec724c3aa4b6925f7a6331b1dcc524c6d5efb0feb2a3bd7,2025-11-01T19:56:47.349458+00:00,2025-11-01T19:56:54+00:00,247
0bd84b195228a51ca0e65909b803b2cffae1b5de9089b192145a1a70409967c7,2025-11-01T19:56:47.474549+00:00,2025-11-01T19:56:54+00:00,247
c7973bdb26092d593b436cc74da57ac2d7552880e0c8c1d20df1d3569e336dbd,2025-11-01T19:56:47.604175+00:00,2025-11-01T19:56:54+00:00,247
4d0c5b0e7dc1b7cf06d919d6b8b94b223f5174480d101dc8498cd070cb1d1bb4,2025-11-01T19:56:47.739086+00:00,2025-11-01T19:56:54+00:00,247
b1d3dfedffcabc70faed901dcad9ea63347eb96813588771e8cc517f4093a0c3,2025-11-01T19:56:47.874222+00:00,2025-11-01T19:56:54+00:00,247
5c0cbc7f774eb29c944fae3ffbb714ae1e38fa3199135ab87126852b12e97710,2025-11-01T19:56:48.002938+00:00,2025-11-01T19:56:54+00:00,247
e54a12481986fae376e605a7fd731a18baff7b41d7794a4c4a8e404394835ad2,2025-11-01T19:56:48.139772+00:00,2025-11-01T19:56:54+00:00,247
909b9a250f6ffa3097a0cb99b6b01b959c45a4f79cfa4f3e39755b943c797c49,2025-11-01T19:56:48.264720+00:00,2025-11-01T19:56:54+00:00,247
58ce9def039f82278e4405c67e60fb61cba74a5e15f483677ae27fb6c99d59d9,2025-11-01T19:56:48.394070+00:00,2025-11-01T19:56:54+00:00,247
a77275bfda8f7566d7ec76962bf06b0c54967ccb4438c60d42789f686289b533,2025-11-01T19:56:48.519786+00:00,2025-11-01T19:56:54+00:00,247
087d43064c11974109308e9c80e19028c33f3634762accd69b0e8b82a853aee8,2025-11-01T19:56:48.648683+00:00,2025-11-01T19:56:54+00:00,247
3a7df22e230cddd1f59c6ae1d60d0660e119798e75f5757d7f048b6e6bb87614,2025-11-01T19:56:48.782308+00:00,2025-11-01T19:56:54+00:00,247
3f98373267d1b24184125787735892057b5be59eb762c953dcb91d5f0e008dea,2025-11-01T19:56:49.124230+00:00,2025-11-01T19:56:54+00:00,247
b3c11722f125860810f20ef30d73e0ee5cc11ea901a41450ae5708c58e5e451e,2025-11-01T19:56:49.253881+00:00,2025-11-01T19:56:54+00:00,247
8bf58d88f67ddbb97b047c4891c8f2c197b4e0af1d5bbeab865ac6a0c2e05c8c,2025-11-01T19:56:49.384318+00:00,2025-11-01T19:56:54+00:00,247
add950958e4fa49ec3a48c70552e1a21c65bae4337e39a271c9749a79aff338d,2025-11-01T19:56:49.513260+00:00,2025-11-01T19:56:54+00:00,247
39b5ad3d29d1f992b8dfea427246e020818e1d3bf8954d47326208a9e9359ff9,2025-11-01T19:56:49.641395+00:00,2025-11-01T19:56:54+00:00,247
ac5af63c98a8253f5cc25d8c3aabb4f5a78b660ab561d8525f41ed2776a83e34,2025-11-01T19:56:49.771783+00:00,2025-11-01T19:56:54+00:00,247
aa974a9739ed2a96738ff6f56977c4e5b9fb2cf294a58cfed1fd9e04a1a024c7,2025-11-01T19:56:49.919246+00:00,2025-11-01T19:56:54+00:00,247
1ae5f335e40a9156c84334c48cdef51bad0805fef074ab1684ea0eeeeb527c86,2025-11-01T19:56:50.050331+00:00,2025-11-01T19:56:54+00:00,247
d9290913f639dcb5c7ad3475d309d0732431311e786c99ddfe796964c9c201b7,2025-11-01T19:56:50.177700+00:00,2025-11-01T19:56:54+00:00,247
f7d04370aa635afb10e80d59b65cc5a7c69b6166f2947e810151f0b9b1216821,2025-11-01T19:56:50.306461+00:00,2025-11-01T19:56:54+00:00,247
64791b9590e1ff4a18d6857312f9e2c83a18d7b2c5691b8d1a5219f6fdefc288,2025-11-01T19:56:50.431912+00:00,2025-11-01T19:56:54+00:00,247
a9d00c2c47d2d7859c690171cbb352173849828bbbd823c0392aa99c4587f55c,2025-11-01T19:56:50.557162+00:00,2025-11-01T19:56:54+00:00,247
4926627f45626f4ea1420bfb70040039d778de65f0141627323faad3edc31d54,2025-11-01T19:56:50.687878+00:00,2025-11-01T19:56:54+00:00,247
e376068ee2fcb934e06686aa549d229d0b503aa89ad9281d65d7d364b5ddff84,2025-11-01T19:56:50.819774+00:00,2025-11-01T19:56:54+00:00,247
775a45c496b0c7e1c735649be7e135f45b893a5ef93871d8e26f4150a1eb975c,2025-11-01T19:56:50.953258+00:00,2025-11-01T19:56:54+00:00,247
f32166723ae04d300073a931626815d0f7915f4931e7ea7b5281abd423623d49,2025-11-01T19:56:51.262054+00:00,2025-11-01T19:56:54+00:00,247
497ac0ae88f5b7c7291dd41e4f0e673dbea7f93a7a5e4a24c6196060db9c7d97,2025-11-01T19:56:51.389724+00:00,2025-11-01T19:56:54+00:00,247
c945f92c502e9034248cd7a912d01546fbd937cb5ef1be4946b76d84bfea27d8,2025-11-01T19:56:51.516237+00:00,2025-11-01T19:56:59+00:00,248
87b31d5aadcdac15c12ff11a0cc6df50b130c453b838fcb4a887a4ac44e8c77a,2025-11-01T19:56:51.646170+00:00,2025-11-01T19:56:59+00:00,248
5994813a8ea71f1206201be42451d1a8dad6513808e58fd6adfe7b98f57cc4e1,2025-11-01T19:56:51.777167+00:00,2025-11-01T19:56:59+00:00,248
e2f4bf129a481ed4451a078bc11b2f2a65b6fe099b72bc53bd55bc9e46942f63,2025-11-01T19:56:51.905948+00:00,2025-11-01T19:56:59+00:00,248
e18ebf146e8a8aa743cf90e989965664ade042c6f43bc0313d34f3684ad546f4,2025-11-01T19:56:52.034349+00:00,2025-11-01T19:56:59+00:00,248
d1d7faed576c6389361bea00a9ba7f8d62d782eb1871afc1f96735fef8a235f9,2025-11-01T19:56:52.169773+00:00,2025-11-01T19:56:59+00:00,248
982446ed251a8031ab2f8456711e0cd95e801120a3ea8bbbc38a85e70c483a72,2025-11-01T19:56:52.302404+00:00,2025-11-01T19:56:59+00:00,248
891b044aa893eba68ad7755d891941ce572ecd22f03c6a137cb45174aa74e55e,2025-11-01T19:56:52.432707+00:00,2025-11-01T19:56:59+00:00,248
f0eb9dfcb271a37eb74e645568ea069faadd77d149d0ce4ea1b651ea04ddc54d,2025-11-01T19:56:52.559631+00:00,2025-11-01T19:56:59+00:00,248
2cf509cea8d35f1cac9fe48b11860ae873433a6aebeab616acd1082ab0eba47c,2025-11-01T19:56:52.689674+00:00,2025-11-01T19:56:59+00:00,248
397642dbdf6b3936146dc2c6b39b8dc16e41c4a6bd3e9dda8e4fa1c67b817eae,2025-11-01T19:56:52.818925+00:00,2025-11-01T19:56:59+00:00,248
237c0abd0f0fc3c516f30c8ff7ce865b417a6c8a0b304de0435c872591b0452b,2025-11-01T19:56:52.952990+00:00,2025-11-01T19:56:59+00:00,248
ede1682b5666eb46f61a8084f5f1fbe9b65d070a52ccf8fdfc997307463bbc1d,2025-11-01T19:56:53.083819+00:00,2025-11-01T19:56:59+00:00,248
7203c0aa043f70393e8e1ccd5b61e7e803a840aedca1448e65310c901dc8e243,2025-11-01T19:56:53.216705+00:00,2025-11-01T19:56:59+00:00,248
d4dd2387c754a7c34da7868369b69311e49e417262633eaa98e3bda0814ddb6a,2025-11-01T19:56:53.345842+00:00,2025-11-01T19:56:59+00:00,248
0471e078b0f7ec85356864a53beb941da89cdbfc3c5c9f3fb0df8231f63624b6,2025-11-01T19:56:53.476123+00:00,2025-11-01T19:56:59+00:00,248
c2090a75cd5c71c167d7d009e9913b64e18e8da0c0defd3d09e2eca12c3c8faf,2025-11-01T19:56:53.606168+00:00,2025-11-01T19:56:59+00:00,248
d617439bdad9c031e4ef3cd7c5972f6a22173ae094c3c5726b104b08c1bdd6dc,2025-11-01T19:56:53.736147+00:00,2025-11-01T19:56:59+00:00,248
9f93dd9ee8544adc02ac17ea998334ef0940e6828558641e1a462d1edbb81ede,2025-11-01T19:56:53.868343+00:00,2025-11-01T19:56:59+00:00,248
301429cbac6fd9ce2a006c470c0dd60eab3463849653a545339ba1911935ae87,2025-11-01T19:56:54.007843+00:00,2025-11-01T19:56:59+00:00,248
f30179501a89d6a72af526846a26a21ff94f0f5125e35264d079f2688edbbe74,2025-11-01T19:56:54.353186+00:00,2025-11-01T19:56:59+00:00,248
5df8da9c186e639cf66f090d257f0ace6f8ba5e5bf8481889a38c85600faee44,2025-11-01T19:56:54.488027+00:00,2025-11-01T19:56:59+00:00,248
59fc1ea3b80db09e95d456fbe595921c9ed4ab7abd562751a8b55faf43637c03,2025-11-01T19:56:54.617630+00:00,2025-11-01T19:56:59+00:00,248
925d8fed260b9e06af00e3acef204dec91efc3800816dd64e52af2e20704ee96,2025-11-01T19:56:54.744172+00:00,2025-11-01T19:56:59+00:00,248
4b872ea5e32e8112e4f890969b9a7065b2f993f0213931ed9c0b03948112da04,2025-11-01T19:56:54.870995+00:00,2025-11-01T19:56:59+00:00,248
77fcead83bd73d4ec055b50f7d6ad53898f99f895e2b5152ca300f80917fa530,2025-11-01T19:56:54.997382+00:00,2025-11-01T19:56:59+00:00,248
d5ca6bae2d67c2a1592ea0dfffa4d326f6eaba69a8e0320a38296324eb840da0,2025-11-01T19:56:55.122084+00:00,2025-11-01T19:56:59+00:00,248
50b46b9072ffe0bab66b46a5497d5d4d2932f75a0fad33d9e1cb33149c56e3b9,2025-11-01T19:56:55.253975+00:00,2025-11-01T19:56:59+00:00,248
f0392d584da35776cdb8f1ebf25e4e611718479eeea1c0075a9c0da75fa21555,2025-11-01T19:56:55.385480+00:00,2025-11-01T19:56:59+00:00,248
8abc23e636c302ca2ec30f5bab4f09552dee8066920ffb819c920771d973346f,2025-11-01T19:56:55.513922+00:00,2025-11-01T19:56:59+00:00,248
01f8aec9c73c0842692e577f2aea4caf8464ce80179ccb20dc0c6e7694d0f977,2025-11-01T19:56:55.640119+00:00,2025-11-01T19:56:59+00:00,248
c9d0ec8f090a951186ebc7c89a9089e8f67de082cb5e0ab7ef881b556fbffcdd,2025-11-01T19:56:55.766777+00:00,2025-11-01T19:56:59+00:00,248
03640f764844a8d730afc3b8c5caef806db84bc5a960859fbc20c0aa86266f51,2025-11-01T19:56:55.896993+00:00,2025-11-01T19:56:59+00:00,248
fdfb1c88867113a65df27ca9547de3e768bad33c5cc9cfacea411af23555ba07,2025-11-01T19:56:56.026398+00:00,2025-11-01T19:56:59+00:00,248
4c732d75ec0d8a22dd53068dc2d680002b710235bda025fda99b1d4313568cdd,2025-11-01T19:56:56.152622+00:00,2025-11-01T19:56:59+00:00,248
e7ae21ed05ecbb34d4a538e6df2fd0b6daa6184160aa2d1dc066d7d02d5a406c,2025-11-01T19:56:56.280880+00:00,2025-11-01T19:56:59+00:00,248
0ebd9b5e29486d1b84de1ce4fe52dc25024c58d06a716ae339d6c5c5a88c71e6,2025-11-01T19:56:56.417578+00:00,2025-11-01T19:56:59+00:00,248
b44f6c8275928291e3d4f6d3ada9ffcaee34ada35b758168b07b57b907763b0c,2025-11-01T19:56:56.548891+00:00,2025-11-01T19:56:59+00:00,248
61b36e82560d9b4d053c7908aa85cba28294a6cf4d617d5a563804cb8cff1dcc,2025-11-01T19:56:56.678813+00:00,2025-11-01T19:56:59+00:00,248
ceb9c1c4ba6363967bc07ff72cd95056b9e0591142bb6758eccb08ba8029fae1,2025-11-01T19:56:56.813722+00:00,2025-11-01T19:56:59+00:00,248
751eddf08f38bd6e9f7b6352f60431e2d257598073eafd40dc65b02641a4ee4f,2025-11-01T19:56:56.943148+00:00,2025-11-01T19:57:04+00:00,249
4d205d3b717d253ebb741b438a3845c1e5009a7918b7ce4f3d73d3acb1250567,2025-11-01T19:56:57.075127+00:00,2025-11-01T19:57:04+00:00,249
f2020877e1600715a0285078724a244c95c1f1114ffc1534a8e23741ce16c869,2025-11-01T19:56:57.201802+00:00,2025-11-01T19:57:04+00:00,249
9b27d171d0e45f7c2b746841fc414e45f7d4d6f86a058a82cd60596e93540656,2025-11-01T19:56:57.325081+00:00,2025-11-01T19:57:04+00:00,249
0c616f6f9de44b53101395d931bd01a5477c25296f49038d53fa7c9eb49e3d76,2025-11-01T19:56:57.455045+00:00,2025-11-01T19:57:04+00:00,249
aaab2039f052faab08edb302167e378c62b55c78c6eb114dad96de79614abb38,2025-11-01T19:56:57.583638+00:00,2025-11-01T19:57:04+00:00,249
5dff889e18b052d705c09c1b8642861d38a5ce5c60fa93253506995388a2f47d,2025-11-01T19:56:57.707789+00:00,2025-11-01T19:57:04+00:00,249
e34f553ee83cc6786095d74c33f0b1b67df2a089a92599fadbffc3fd5bdff5bd,2025-11-01T19:56:57.833437+00:00,2025-11-01T19:57:04+00:00,249
c4d22c585852553f1554842589a7f7ff843e7635df2af4df087b44e183b751c1,2025-11-01T19:56:57.961463+00:00,2025-11-01T19:57:04+00:00,249
88453954ba3786d86a1f22601cd1c0f8a602198d91319599c579cd78f4f77e83,2025-11-01T19:56:58.089864+00:00,2025-11-01T19:57:04+00:00,249
e03107cb39eab09e88e4f61de48994eedf3ab7b4ebf81e5f985d665694b754cb,2025-11-01T19:56:58.225390+00:00,2025-11-01T19:57:04+00:00,249
448138665d273c27558c997623745a153dc1bc7b7235a760843b0ff9869aff96,2025-11-01T19:56:58.354263+00:00,2025-11-01T19:57:04+00:00,249
e100902182919278ee6742e95e67eb9f6dba2a5b6e7774ea690ec8538867d07e,2025-11-01T19:56:58.484274+00:00,2025-11-01T19:57:04+00:00,249
5030a1a711d882da2dd3fa64a6d394e80b66a4ff311bcb98fac65cf68bb2ff91,2025-11-01T19:56:58.614287+00:00,2025-11-01T19:57:04+00:00,249
065e916c16bf446da321977d56159243a51b5e79401df7a3890691953d586bac,2025-11-01T19:56:58.743438+00:00,2025-11-01T19:57:04+00:00,249
51f0cdfcd1e443003b932123d279eba9092d32b972bbd35c6d950b83f8e95211,2025-11-01T19:56:58.880393+00:00,2025-11-01T19:57:04+00:00,249
d7294bf2ef29aaba10ffed717e8f20fd69750de2c4d485eef3377d6e57c53e1a,2025-11-01T19:56:59.009051+00:00,2025-11-01T19:57:04+00:00,249
c0a4b6d7953536463ae35a80004eb99e07bfb091157870b88fa827c6e357494d,2025-11-01T19:56:59.167278+00:00,2025-11-01T19:57:04+00:00,249
186aa21cc57d45cb603a701fe7ec295964a06b84947f0e36dad929f49ea01281,2025-11-01T19:56:59.296053+00:00,2025-11-01T19:57:04+00:00,249
057a4d26350d57a54be13109041a3eb75c059a10a12bc107a776a4cb85bfa34a,2025-11-01T19:56:59.422336+00:00,2025-11-01T19:57:04+00:00,249
2ee40cd4aacca2384904410c71811606822a6e6b496ed116ba5b3da07d22e07c,2025-11-01T19:56:59.545584+00:00,2025-11-01T19:57:04+00:00,249
396128b43a5b306c9251872e6f12e5c70c401b0f80fac3b0a83296a4f54adabd,2025-11-01T19:56:59.674660+00:00,2025-11-01T19:57:04+00:00,249
afbe721093e49c5e085e41fdb1ac04719d49aa758af3d2c0892b1ecce7ecfc02,2025-11-01T19:56:59.803036+00:00,2025-11-01T19:57:04+00:00,249
d764525c5d54bdab28d9167bba0713f99c1f18068e7d204f17ce7218bd428f3a,2025-11-01T19:56:59.929119+00:00,2025-11-01T19:57:04+00:00,249
e961a1ef2696d1ba58a4e109cf5c5199171e67729b61effd932c0862acaef52a,2025-11-01T19:57:00.056690+00:00,2025-11-01T19:57:04+00:00,249
dd811dc0a2dc2d69d19f7a6f7c37b766f20c3642b3a618ab92b11f50ecf8dc24,2025-11-01T19:57:00.191389+00:00,2025-11-01T19:57:04+00:00,249
a38a4dd188911f29ab3ce823c78a76da1dca7a7e4819f3d3c6c53a03d9cede66,2025-11-01T19:57:00.315437+00:00,2025-11-01T19:57:04+00:00,249
24c53be10521ad58763961ce98508d6ca0ddb3179bb9aa97eae86cb9cf865897,2025-11-01T19:57:00.448308+00:00,2025-11-01T19:57:04+00:00,249
5b8d1a39818c2c83a6adf9cd8e8e703115863517327f269518c77db90a1a57e0,2025-11-01T19:57:00.575560+00:00,2025-11-01T19:57:14+00:00,251
fe761e92fdf86a09d783161e4b308e89d9805a7ca73737ab7c2c3d7cbef33374,2025-11-01T19:57:00.711310+00:00,2025-11-01T19:57:14+00:00,251
defaf1c5cec4a1b2936ed786b06f1e5de27f833ff2848d086b13a137bb291f79,2025-11-01T19:57:00.842753+00:00,2025-11-01T19:57:14+00:00,251
565e2bf719f2801e893ce3a2b4cdd7b18451622b62ca072e9ad348253d834ac4,2025-11-01T19:57:00.971450+00:00,2025-11-01T19:57:14+00:00,251
d296b5547bbafadb6d1462cd92f3685802b0b9ba6b0e3fec9625425c223072bb,2025-11-01T19:57:01.099691+00:00,2025-11-01T19:57:14+00:00,251
e683ebd173a24175d5b1b0ce3499de7114b0dd50cc1778af1882d31f0fa509fb,2025-11-01T19:57:01.230274+00:00,2025-11-01T19:57:14+00:00,251
7eb730c48202d8e4b8b7fc3f188f615596d142852acd73017b374f23de27ee5f,2025-11-01T19:57:01.360385+00:00,2025-11-01T19:57:14+00:00,251
31c5e7e498517e6ab68ee425cdaad40f726dfcd0a7be93f8fce281dcdd71b8fd,2025-11-01T19:57:01.490593+00:00,2025-11-01T19:57:14+00:00,251
e2220c9ecafe5aa983e8c886fa46836a79950e9bd9c5671ffadf58222ce0c13a,2025-11-01T19:57:01.621362+00:00,2025-11-01T19:57:14+00:00,251
53c1e394947553db9676d1bc6248702cc01b7bfaac42deace7d35fc31cca209a,2025-11-01T19:57:01.756304+00:00,2025-11-01T19:57:14+00:00,251
9c5ec193cd13937547712e8319f2785fcdb7da8c5bbf36090e21b5364f5ee40f,2025-11-01T19:57:01.883325+00:00,2025-11-01T19:57:14+00:00,251
31c7c0c72fc3eb0708acbc081dc2a66b77d4f019e6d0f99449f17bb09a43cbb8,2025-11-01T19:57:02.013519+00:00,2025-11-01T19:57:14+00:00,251
5d4cff51c5f167f8e1b3415f6d7e1763a6c56f991c908e09533aefbefebaadd3,2025-11-01T19:57:02.144935+00:00,2025-11-01T19:57:14+00:00,251
40d497b32cbdf9758f2cf505da0d842c6510fbfe46677fbda5b91ee485931b7d,2025-11-01T19:57:02.273387+00:00,2025-11-01T19:57:14+00:00,251
8dcc0cc6efa7a1942a43630b726d6f4ce925358c90af7f7d2728ce072c9c974a,2025-11-01T19:57:02.405512+00:00,2025-11-01T19:57:14+00:00,251
ded8cfcede4642a7cbca9f32bcc44e1dc60defa05412853ce1f16e6514fbbca2,2025-11-01T19:57:02.535884+00:00,2025-11-01T19:57:14+00:00,251
302354ce1c8e710f3278794196f0cb4c1175c45725d15a909d728859ca69957f,2025-11-01T19:57:02.663837+00:00,2025-11-01T19:57:14+00:00,251
470e5073172bb9feb96da4aa568e3231af8648aa4547ab2bcbd2a9b52729abdd,2025-11-01T19:57:02.791748+00:00,2025-11-01T19:57:14+00:00,251
7f7a3210f79ea254588c9e4d13184f3c5050a1cb5e3f3fa9598d9fac8d08ab22,2025-11-01T19:57:02.923144+00:00,2025-11-01T19:57:14+00:00,251
4c8f4eb228a73d86690b33e8370c820faae7e78665c2dd1fdd5ff946712d3324,2025-11-01T19:57:03.054677+00:00,2025-11-01T19:57:14+00:00,251
8876c2f5ac9b6eb54b42a384aad953dc51723217de865a3babdb8f5c6ef283b8,2025-11-01T19:57:03.185905+00:00,2025-11-01T19:57:14+00:00,251
dbab59f5d8fc39972e189b57e73dcd4520d880f740704d1393c055d76f0896c1,2025-11-01T19:57:03.312801+00:00,2025-11-01T19:57:14+00:00,251
924eeb6ded3a3debcce6f44067f2af73b3ad48747f482c790b71a54f87a88c52,2025-11-01T19:57:03.441866+00:00,2025-11-01T19:57:14+00:00,251
bd9c8f2894040bd98a75e5105927e4cb035b16bbbe82e4f53691dc1b86397c53,2025-11-01T19:57:03.573302+00:00,2025-11-01T19:57:14+00:00,251
3682ff615321ee57b3a1fae2259bc3278405183d2c483ab48c160515abeeac02,2025-11-01T19:57:03.696031+00:00,2025-11-01T19:57:14+00:00,251
c1f57742e96c93a3e0a19b44fda057a5c0b2305dcde5565d7f2c92132d661e06,2025-11-01T19:57:03.825953+00:00,2025-11-01T19:57:14+00:00,251
1519b156aa0d9ac70281d196e9f8a61dacb770320beb016f0456daf839b4277d,2025-11-01T19:57:03.952983+00:00,2025-11-01T19:57:14+00:00,251
e50c22c88557705c0d3c448ee94c78e8ba3720f56694203edc017088a6a164a1,2025-11-01T19:57:04.081371+00:00,2025-11-01T19:57:14+00:00,251
ae9f6919ca9d58152f7c2c46c8aa1946a2e67509da56732de13f2e716a280a21,2025-11-01T19:57:04.215107+00:00,2025-11-01T19:57:14+00:00,251
14fb4b17394b39cc37e14f32ac462c4a03ec67a4960dea8e3daada3cf9d1ad8a,2025-11-01T19:57:04.344711+00:00,2025-11-01T19:57:14+00:00,251
aafc3fb4c327bf1a514f3127a85e883b174d9fec02b1f057f4d54151ba45249c,2025-11-01T19:57:04.472153+00:00,2025-11-01T19:57:14+00:00,251
05806b16b72492dfb4bb44abc9a9f43c7b552920d57997b7be57cf016fea7316,2025-11-01T19:57:04.598306+00:00,2025-11-01T19:57:14+00:00,251
3fe648c8600fb93cadadd804c16f1bef6346ce59758d9047ec19cbec42dfacd7,2025-11-01T19:57:04.732920+00:00,2025-11-01T19:57:14+00:00,251
2e546a509a2be8afa8f828aed55ffeeff56dd9014c7358c2404281c68003a091,2025-11-01T19:57:04.858685+00:00,2025-11-01T19:57:14+00:00,251
cf94ac3733e018c853c87de0b52e5b0006b5115742e0ec12189887d39429b2b6,2025-11-01T19:57:04.987255+00:00,2025-11-01T19:57:14+00:00,251
14409531274f31afedaf74704feea2a1c26e40c0be0d4720146e37b83a3e193c,2025-11-01T19:57:05.113344+00:00,2025-11-01T19:57:14+00:00,251
efd6bd5ab58ce02e303991935f6c399a03ff7e3b6763a741ffa1b44e133af439,2025-11-01T19:57:05.237702+00:00,2025-11-01T19:57:14+00:00,251
0cdaeacc7756bcd97008705b1d606fa6daa269fdfd41667a2ca22e44185aff4b,2025-11-01T19:57:05.361199+00:00,2025-11-01T19:57:14+00:00,251
978de8171989516180f1d5bef404f43b50518508beb6ce489af7a6edb3795ce2,2025-11-01T19:57:05.487311+00:00,2025-11-01T19:57:14+00:00,251
bb63c467958a7006b9ced99f671f5ed30c46a171bc75ce2d7412a851a830555f,2025-11-01T19:57:05.614818+00:00,2025-11-01T19:57:14+00:00,251
be2dc23d561a1736245b25a37e39191edd207c43ce2af99ddf5ddd1cae34754f,2025-11-01T19:57:05.739998+00:00,2025-11-01T19:57:14+00:00,251
64b02eff2989a7a1575f106951a8fbb30da465ba606dfe1882de79c1a0342f86,2025-11-01T19:57:05.868950+00:00,2025-11-01T19:57:14+00:00,251
8dd4680c76565653dc69f065941936bf842d42fb93c3aecfec5fda342c719ac2,2025-11-01T19:57:05.996334+00:00,2025-11-01T19:57:14+00:00,251
894c003897e8fc9892d53c3b7185780c2219a10b9f3fbdf151cd8bce3bb12e88,2025-11-01T19:57:06.125110+00:00,2025-11-01T19:57:14+00:00,251
65ed293b58cae22e6aec8d165694f346f8043426b71bfdf456ea3d0674a5e575,2025-11-01T19:57:06.250398+00:00,2025-11-01T19:57:14+00:00,251
9c227ab4d4e4220509e9ee0bdbd7eef996f6685d88affafd36a287ddf5517443,2025-11-01T19:57:06.373277+00:00,2025-11-01T19:57:14+00:00,251
f859edd70884712a98809d8e2f600d93ed0f8f329d20f815151cb226f04cea4a,2025-11-01T19:57:06.496390+00:00,2025-11-01T19:57:14+00:00,251
9c51cfa30f34713cbf525ce1e50d40e391b9d191e1a5f2ae8400237539bf49f4,2025-11-01T19:57:06.620398+00:00,2025-11-01T19:57:14+00:00,251
dbd12a24ce860040958334827bf68496902632cae16f8b75471df48d49387181,2025-11-01T19:57:06.750035+00:00,2025-11-01T19:57:14+00:00,251
e3939ea7325ac56151fd221272294be752328c028768f8dd037fb5bbf333d83a,2025-11-01T19:57:06.879334+00:00,2025-11-01T19:57:14+00:00,251
0058e18742b6f9d6d2e60970b8a0b3f27dad96985c2c562d68074000de54198f,2025-11-01T19:57:07.025912+00:00,2025-11-01T19:57:14+00:00,251
25004d78806730ae0334011522a48076ffd8ec582102d56754793fc3be298564,2025-11-01T19:57:07.155187+00:00,2025-11-01T19:57:14+00:00,251
240237e9506aa765071c7150db517ca9662de70e940dc4385901eb9da3aed41f,2025-11-01T19:57:07.285267+00:00,2025-11-01T19:57:14+00:00,251
6b3c7859300d60f6e4e2e4541c153a95b1c4c90bf14bb174163d21252cdae42c,2025-11-01T19:57:07.415228+00:00,2025-11-01T19:57:14+00:00,251
8a9f2afee2c41610a52d74510bb4268c9e714f823c4f4b3dbb0c7a9018906c31,2025-11-01T19:57:07.544934+00:00,2025-11-01T19:57:14+00:00,251
7eaa393f7ef6d7c64f5d29e7e3f11787ab4858722beb948174a80a617083a280,2025-11-01T19:57:07.668571+00:00,2025-11-01T19:57:14+00:00,251
b99de7324acf4ec9410552595545e228ba0ef72ca8483d3ee755e7f0086ffa20,2025-11-01T19:57:07.804856+00:00,2025-11-01T19:57:14+00:00,251
a3bacdef42de6d34d23e684bde75471fd731ac3463225283d742764947649836,2025-11-01T19:57:07.929620+00:00,2025-11-01T19:57:14+00:00,251
026ae48b6d028458cbf66f8f206dbed3261a714dbbd2ff49ab44e6261d5c526f,2025-11-01T19:57:08.057491+00:00,2025-11-01T19:57:14+00:00,251
8e3c55757ef11d2126cd1a19c04b26c51fdfc794b1dade7039169d7a3d180976,2025-11-01T19:57:08.188830+00:00,2025-11-01T19:57:14+00:00,251
726988d017a954196119dcf497acc2ea9928906a391d22850dc5b885e61dbbe1,2025-11-01T19:57:08.313686+00:00,2025-11-01T19:57:14+00:00,251
3f1f559f4545595470bf62a7d814654575bc4841e25297900e7a3f504d2c97b7,2025-11-01T19:57:08.445545+00:00,2025-11-01T19:57:14+00:00,251
525329c4cf958458466423d081840f463782e8596770971d0fae37817bec8559,2025-11-01T19:57:08.572151+00:00,2025-11-01T19:57:14+00:00,251
5ab69eaec2c0bb226dd174c30895a5fd5d0ea8940ff0e53688803f0ff38cba07,2025-11-01T19:57:08.699635+00:00,2025-11-01T19:57:14+00:00,251
f617bcac20e45e98e81a44fd2b418f3d2c8b363772668030d58f1e120f47cbf3,2025-11-01T19:57:08.831306+00:00,2025-11-01T19:57:14+00:00,251
501451048ff7fc00cd0819f0fc6be9fc1db0c753f829aff18fad88d71b204abd,2025-11-01T19:57:08.959351+00:00,2025-11-01T19:57:14+00:00,251
0c8327989ee8030facf6312c6160d6ccf45835b60d6b7d8cd42c6e1676d0da93,2025-11-01T19:57:09.095452+00:00,2025-11-01T19:57:14+00:00,251
b56e5046cb463be9e733ee91196e287c367e18bdcd9b573f42b67d7f8b3fb012,2025-11-01T19:57:09.227175+00:00,2025-11-01T19:57:14+00:00,251
d7d8bbdc7c5272381221b0dd320eb0e420ba020af7105703900f15d50a440ce4,2025-11-01T19:57:09.357597+00:00,2025-11-01T19:57:14+00:00,251
e0a51ed13c3be1179746633ea9eb4b6aa6bdb4e20d0e285ece5c46c73b9e8fe8,2025-11-01T19:57:09.486394+00:00,2025-11-01T19:57:14+00:00,251
00d57a312e1847a58f8e88be24f7472aab6907f5862cc95ce1c50df268dfb7db,2025-11-01T19:57:09.618423+00:00,2025-11-01T19:57:14+00:00,251
1567ab8b27e629ab2347fbcff7baa375f4c26d91ddb3f16804b679b054536d26,2025-11-01T19:57:09.753527+00:00,2025-11-01T19:57:14+00:00,251
f42a0f4179faf3ea383553745cee448848cc7547b774d7e00b3ce3337831656d,2025-11-01T19:57:09.902569+00:00,2025-11-01T19:57:14+00:00,251
4d6ef2185869cb9868d3894125552f39a86a47f6a9c1fcb777e447759254be42,2025-11-01T19:57:10.039332+00:00,2025-11-01T19:57:14+00:00,251
c9ec7ab56a9dde3cbb5d5680693a65927802336e11586ec40df6684d07730813,2025-11-01T19:57:10.173764+00:00,2025-11-01T19:57:14+00:00,251
80ac506313316f6d984b4305a13a0fd38630a5008efcf5c837f05411b1026e30,2025-11-01T19:57:10.302526+00:00,2025-11-01T19:57:14+00:00,251
46747d68a726d87036f327fccfbab94e690751d288000d998be574c0ff9d8edf,2025-11-01T19:57:10.434652+00:00,2025-11-01T19:57:14+00:00,251
1b5e5c1d8dfe87e08ee65a4aa34b541ab03785d81397714aa2885bba10e59e04,2025-11-01T19:57:10.562734+00:00,2025-11-01T19:57:14+00:00,251
a1bc041baab17e6dd415da2f51c671ed0fa8bc8f47178e5d9a72e72bd7bfdf89,2025-11-01T19:57:10.693313+00:00,2025-11-01T19:57:14+00:00,251
98771b509a592efec01da7bf6047bab238918b5fa2dda152a53b812953fc8a8c,2025-11-01T19:57:10.818616+00:00,2025-11-01T19:57:14+00:00,251
5905b106c9a48ac900753ae3d85cd4fce83f6b9e0b6dc0022e47d60e1c95978d,2025-11-01T19:57:10.955049+00:00,2025-11-01T19:57:14+00:00,251
24f3a598f89ae45e4e2db045c27db822b58c1d914370d9a92f7a0acd129a753b,2025-11-01T19:57:11.084020+00:00,2025-11-01T19:57:14+00:00,251
4f22235b3367e955c9523b103b88de56902cb3f2fcc9c97fee7b1754e908d975,2025-11-01T19:57:11.214079+00:00,2025-11-01T19:57:14+00:00,251
1d8889db8ce7aa1611a09b9d8bcf7b0c10522fca6c3816ac45cbcd7521688e2d,2025-11-01T19:57:11.347029+00:00,2025-11-01T19:57:14+00:00,251
72777573714c685b6b23bdf57cc71034c380c46dd83e71e4f52843d36d11e9c4,2025-11-01T19:57:11.479703+00:00,2025-11-01T19:57:14+00:00,251
c328bfca78588dc10a6f76f1af74d1c3ed1ae793db41484c0269116ed1307f83,2025-11-01T19:57:11.613383+00:00,2025-11-01T19:57:14+00:00,251
67922808a6731ec887e33149ab21879e038b7599d368214ac02c1c5328c53e1e,2025-11-01T19:57:11.750113+00:00,2025-11-01T19:57:14+00:00,251
175ee07a43372704a6102b1d84460effb77f03501eb5ad691d00996518f79cda,2025-11-01T19:57:11.880739+00:00,2025-11-01T19:57:14+00:00,251
ccc72a1aa7d57d828ae0579577808c9593a12a842d1aa665b8023c4925b67d66,2025-11-01T19:57:12.016806+00:00,2025-11-01T19:57:19+00:00,252
f03950ea7b562031a6c35720c21ed76a83beace60d563b4052dedbae5621bd84,2025-11-01T19:57:12.147217+00:00,2025-11-01T19:57:19+00:00,252
04b742e26575cffb88b3bc8313eaf2ab14c4d5c0c160267f6ddb14a87600066a,2025-11-01T19:57:12.278250+00:00,2025-11-01T19:57:19+00:00,252
076ca40a9376df3cc3886d2ab6fa939fb7e3a6c5789a361453acc6e2c9e260dd,2025-11-01T19:57:12.410850+00:00,2025-11-01T19:57:19+00:00,252
44d838ca2091d272ee5921c1529d8bd8abd7019d073aef5198f4904a6c543eb3,2025-11-01T19:57:12.544493+00:00,2025-11-01T19:57:19+00:00,252
bc22a222d95222303982509bcbad19f731a397fadda9aaa8847aa53721cd4ca0,2025-11-01T19:57:12.674780+00:00,2025-11-01T19:57:19+00:00,252
7aeef89f75410897a3761582e83fa72f10be32fe9804650e598d7254353a8746,2025-11-01T19:57:12.806388+00:00,2025-11-01T19:57:19+00:00,252
fd81fde02a3aef8181f6076f22549c9e03ad38e3ef84dd5c22dbb061435495c6,2025-11-01T19:57:12.939149+00:00,2025-11-01T19:57:19+00:00,252
cb0233019ee71610201d77ead0413b93c8f0dd2b7e2fc86d46be93ea62b9da20,2025-11-01T19:57:13.066233+00:00,2025-11-01T19:57:19+00:00,252
213117b4be8f888344c2446916d6fcf2fdd6f46ee21eda8d7c8415ac35c1bfa9,2025-11-01T19:57:13.201242+00:00,2025-11-01T19:57:19+00:00,252
397ef155c732963eecc13aa4b479275516867ce7700181231d67e21333ed85a2,2025-11-01T19:57:13.330721+00:00,2025-11-01T19:57:19+00:00,252
c621b51fa71c509592519949c151f3d6522b68aeef923dee56033d9a44c8accb,2025-11-01T19:57:13.461855+00:00,2025-11-01T19:57:19+00:00,252
fc2a441a121a311a2562a4a14d31afaf8613eac811e8a63365e960a880659b7f,2025-11-01T19:57:13.592634+00:00,2025-11-01T19:57:19+00:00,252
aeb6a7869e431fd68cbc352139493996c5a72040c9fe0be113690deefe5d3ec1,2025-11-01T19:57:13.729881+00:00,2025-11-01T19:57:19+00:00,252
ca80b75566f535125bcd7659ad20c03d52a5ad6a58a2c6eb1b82ed1becf0edca,2025-11-01T19:57:13.861640+00:00,2025-11-01T19:57:19+00:00,252
0ba4e8ce1e56480b7bfeebb922ec551e003716204ea6c1bfb655a6d2485276f5,2025-11-01T19:57:13.993093+00:00,2025-11-01T19:57:19+00:00,252
96a8ddacdfada9c67ef254100190f1c25a2fe75cfea576c889fd8e5a38643db2,2025-11-01T19:57:14.124305+00:00,2025-11-01T19:57:19+00:00,252
1fcf5f8bbd391520288333cc768cdadbad62f301e1efd4ead076d5add9eebd1b,2025-11-01T19:57:14.255867+00:00,2025-11-01T19:57:19+00:00,252
e7f4cdaea7edf074b508872ac7068c75a48767b0c143326c99d891089c41ffcb,2025-11-01T19:57:14.384580+00:00,2025-11-01T19:57:19+00:00,252
742128f5bf7100298efa37e486c9ce7e1500215ba062aeef09df379ed71c4ef0,2025-11-01T19:57:14.777574+00:00,2025-11-01T19:57:19+00:00,252
0b57337525e873225408c884648ceaf15ade5ef801eec144ae86811ba1be07a6,2025-11-01T19:57:14.904885+00:00,2025-11-01T19:57:19+00:00,252
79f27b67ac8db241b5ad97beaf3e2a515c51f7fdfb241ac6356a70924ad57ce3,2025-11-01T19:57:15.032058+00:00,2025-11-01T19:57:19+00:00,252
16475b4fc03bb3ffe23e4663fc1267c0130596dc63be9e65497f8910785b890a,2025-11-01T19:57:15.162808+00:00,2025-11-01T19:57:19+00:00,252
100bc65230a0ed36c8fba9ccd6ffe5ba0ce84d6aeef471dd631152aa08dda352,2025-11-01T19:57:15.290791+00:00,2025-11-01T19:57:19+00:00,252
06216be5e7bfa6f7b2a989933ebc7fceedf41e0fab5d511829adde8180bcf7c5,2025-11-01T19:57:15.422773+00:00,2025-11-01T19:57:19+00:00,252
1a150482d4088acf90cf3e164b4314731fdd113d4af82ba712c6184e15e4cb8f,2025-11-01T19:57:15.548197+00:00,2025-11-01T19:57:19+00:00,252
e8197445d38fa164d4053bb0109dde9025ac9a90b22b15ec795ab915065272aa,2025-11-01T19:57:15.678306+00:00,2025-11-01T19:57:19+00:00,252
87bff335b50c23e3c8ca21505a83e0e3b9937584ef9204a0ec8dd160dc9de9c4,2025-11-01T19:57:15.808119+00:00,2025-11-01T19:57:19+00:00,252
7d2b4d7ac5d9f317cadac1afb3e28e6a9b845b102145a4e3cc0eabeff9f30b57,2025-11-01T19:57:15.949174+00:00,2025-11-01T19:57:19+00:00,252
e5127dcc017de40aea3fea3a7835f1f7502e805ebc7501f588e3825d385cb3e7,2025-11-01T19:57:16.077106+00:00,2025-11-01T19:57:19+00:00,252
580de262020c5bddd44aaa8eed5a4de5383927674e0c65116eedcba7c000a8e7,2025-11-01T19:57:16.209566+00:00,2025-11-01T19:57:19+00:00,252
f3d74d2781e53dfaa5a777de8ea801051341029b1bd248cae59d8dd169b3731a,2025-11-01T19:57:16.338527+00:00,2025-11-01T19:57:19+00:00,252
3e29852114f713f148d3e9bb14cdd9062232e522f5323608c68a54907c54a470,2025-11-01T19:57:16.471518+00:00,2025-11-01T19:57:19+00:00,252
c81a67e9939b19f527394222b76c0a61668ca129bc6f4f316e1cb4e8322da33b,2025-11-01T19:57:16.604448+00:00,2025-11-01T19:57:19+00:00,252
cf4550fe0ed212a0d473a65e8988a16c2a27514136d175c9ad556e6178ad62ac,2025-11-01T19:57:16.732330+00:00,2025-11-01T19:57:19+00:00,252
6f42769c358fa002a07258936389111dfc1716fb6712386081ba1cec9197471a,2025-11-01T19:57:16.873540+00:00,2025-11-01T19:57:19+00:00,252
8964f4e405ecd92d3a67a1b399190c96eb8d9563b0adb21b18f3877e8999d4c0,2025-11-01T19:57:17.008908+00:00,2025-11-01T19:57:19+00:00,252
d48d3e023bfc2aa26cd7f45280eb14206a2e7367e80bc3b9c416c3c933d0eebd,2025-11-01T19:57:17.134853+00:00,2025-11-01T19:57:19+00:00,252
53fea1fef6e17880edb630e1d6c70aa476cbc3800a6a4e907e93c34e06028fc0,2025-11-01T19:57:17.260051+00:00,2025-11-01T19:57:19+00:00,252
a4f531720fec5463787fd260a58a1800e1648b9750782a4164dad243c5d23e69,2025-11-01T19:57:17.390070+00:00,2025-11-01T19:57:19+00:00,252
8f889c9e64c8682e6e5f5eb96c53947a1611c93ec1bdf5987c089a699b8d5dbc,2025-11-01T19:57:17.517334+00:00,2025-11-01T19:57:25+00:00,253
08704155b1d3216e5b7fdd3df430c23bce3fa867f96c1a5cbed81a944199b500,2025-11-01T19:57:17.648219+00:00,2025-11-01T19:57:25+00:00,253
ab7e72a1b513b9bc2eff71cf31510728c3cabae18d8841e5edb643121057b0f4,2025-11-01T19:57:17.778875+00:00,2025-11-01T19:57:25+00:00,253
c20254f8255c2612555ab34f7596774cb830485312791264782c9950a2f49373,2025-11-01T19:57:17.908499+00:00,2025-11-01T19:57:25+00:00,253
1f08e379e10f7c5b84678d357aaa77bf6bfe6f1e5a62b1ddd708b5a101fa95ba,2025-11-01T19:57:18.036920+00:00,2025-11-01T19:57:25+00:00,253
cfa4f6bd430e14cbd114f4fcfae119089c490ca39a85d1667883669f3f504a2a,2025-11-01T19:57:18.170078+00:00,2025-11-01T19:57:25+00:00,253
ac16bdede5f3342ab359c07427230b3dd0fdc121d7336afccbe27dbbf4c8ac47,2025-11-01T19:57:18.335418+00:00,2025-11-01T19:57:25+00:00,253
d0007c4afe17172564fb01bcb0c441e84fd065ad6c0b8067441667fba6ad0477,2025-11-01T19:57:18.464346+00:00,2025-11-01T19:57:25+00:00,253
2449223b28cc2e5fadc93fccdedac3bcef5bde924b81655922f8ecf90876074e,2025-11-01T19:57:18.597500+00:00,2025-11-01T19:57:25+00:00,253
987435828738dba270d01e8a0ac2f23a5ca3700397fefc9a7f9a102e8fbf95dc,2025-11-01T19:57:18.726861+00:00,2025-11-01T19:57:25+00:00,253
ee688c2200d911c14c295513d9e3e62b2c6cef1b2a942d020739f19c05ebc23f,2025-11-01T19:57:18.859350+00:00,2025-11-01T19:57:25+00:00,253
a973fb35be574fafaa78440a5ff8d724cd26d4533069761058a4b30f993eb957,2025-11-01T19:57:18.989782+00:00,2025-11-01T19:57:25+00:00,253
4be49e18297609ef880012dc6f99a2a738d6bb5bfe03f3cd50754d9ad994a5db,2025-11-01T19:57:19.135886+00:00,2025-11-01T19:57:25+00:00,253
5b6723ea837aab090aefe0b6804bcf41475f4376e0afa0d3fd6756a489010ff9,2025-11-01T19:57:19.266039+00:00,2025-11-01T19:57:25+00:00,253
8c837739543ec173571541a3563bb491c042a152956eaae105b8d4ca242577df,2025-11-01T19:57:19.394329+00:00,2025-11-01T19:57:25+00:00,253
ff66240f4c6b6c79fafb13316cc3ffb630f85b822b7d6a9a87cd5ef0727b3f55,2025-11-01T19:57:19.525943+00:00,2025-11-01T19:57:25+00:00,253
cf70496b8f57abb0dafbb9c8ab394b512080c330d0c3e12cef2ab30f3c479d94,2025-11-01T19:57:19.657720+00:00,2025-11-01T19:57:25+00:00,253
e4706be82389aaffe3e8c3f2a0a4201ca74a934da7f5dadb72b0f359d8b612c9,2025-11-01T19:57:20.000977+00:00,2025-11-01T19:57:25+00:00,253
12546715f646e6c4ef67276b60df256ff8c4c84e2b7f1a1d848b87b82f14b5d3,2025-11-01T19:57:20.127710+00:00,2025-11-01T19:57:25+00:00,253
fef7e248669d3d4367c90464c7d987c26d1fa620db6bdcb9b542d6a04efda97a,2025-11-01T19:57:20.254736+00:00,2025-11-01T19:57:25+00:00,253
93509b5a2c7d39cfc06c8d409d178763dda49aec40500c374f7e323639601c53,2025-11-01T19:57:20.382507+00:00,2025-11-01T19:57:25+00:00,253
1d779387c353079e10a879e5d32c69ebfcec3cf972e4e7e4f28163547f730cc7,2025-11-01T19:57:20.513624+00:00,2025-11-01T19:57:25+00:00,253
c27eba747490411db852ef463e182a228ce786633650f494d1baa4e523884444,2025-11-01T19:57:20.642937+00:00,2025-11-01T19:57:25+00:00,253
b50d644692a9b5815d571d0ef597dd06cbef7145c1ac8f1c44c1f95f0ab7e55a,2025-11-01T19:57:20.768788+00:00,2025-11-01T19:57:25+00:00,253
a9f291beda9ac9b8b8343bc6bb0f397dcf673771fd59ea6442b593e5ad06bda3,2025-11-01T19:57:20.902859+00:00,2025-11-01T19:57:25+00:00,253
ff11e9daafc6720632ab86724f7c6fbbd07fcb8b9d841c5b087432c7ce6f4125,2025-11-01T19:57:21.031099+00:00,2025-11-01T19:57:25+00:00,253
951db7ab5f6196ad9aca27f388eeaeb1e55b3c29b0ee1bffd65e7ed8e2a08250,2025-11-01T19:57:21.164762+00:00,2025-11-01T19:57:25+00:00,253
ea88ec3d2dac4733d9abdde970d28bdb6df1e74f2591827002117641e992f979,2025-11-01T19:57:21.291719+00:00,2025-11-01T19:57:25+00:00,253
cec31f4630cf72a6bc69411d784b499580796abdbd4be5ca3037f6c8c03f14c5,2025-11-01T19:57:21.422794+00:00,2025-11-01T19:57:25+00:00,253
7a6825ec195c29db69eef817a5dc0b96627c53233aabce2acc8daf06f2e77ab1,2025-11-01T19:57:21.554343+00:00,2025-11-01T19:57:25+00:00,253
4e993fae3b952b8dd834e6de065bbfd2154b315ac7ffe7bcff0f32685aeca325,2025-11-01T19:57:21.684337+00:00,2025-11-01T19:57:25+00:00,253
7ae034c0ddcd5b4a043680dd94a2d8c204f4844313e0f087220f12a94f7d64b9,2025-11-01T19:57:21.812522+00:00,2025-11-01T19:57:25+00:00,253
f5574735be1b8058a4a2050a3544155f17134e61991c4f60dbd349692f9cb07e,2025-11-01T19:57:21.944036+00:00,2025-11-01T19:57:25+00:00,253
ae9428cc8a05fa66931753a44d6dff48fb7371f795694deb7ccc1d3271b0b133,2025-11-01T19:57:22.075978+00:00,2025-11-01T19:57:25+00:00,253
a24ebbad471d69c826d21dc9cc1fcb2575861a23da0a55bdc8abf26c16d33733,2025-11-01T19:57:22.205927+00:00,2025-11-01T19:57:25+00:00,253
8bd9bb6a4fa94c7b4bc51233ddc422ad7eac1027455a9eb2098175e403371a88,2025-11-01T19:57:22.337723+00:00,2025-11-01T19:57:25+00:00,253
1db21ebac5f533c853b6fc00753d38fb2c35e68d342087341ef2af38dfe88c43,2025-11-01T19:57:22.459829+00:00,2025-11-01T19:57:25+00:00,253
cd7e1d9a34c931998c21f2192828a2c179d47a1630917f8f64d4368c7b33b608,2025-11-01T19:57:22.586202+00:00,2025-11-01T19:57:25+00:00,253
769b0e0e31b5f507cbe04af07f45848456c279c847cc13139a2ae579205fd0f4,2025-11-01T19:57:22.714860+00:00,2025-11-01T19:57:25+00:00,253
6599da5ed10f7cabbe9d19d3e39192cdc24e10ad612a520f792f72d0fa54af60,2025-11-01T19:57:22.847681+00:00,2025-11-01T19:57:25+00:00,253
4b688e639d10c5cad8150056a9fb4a55868efaff4b090bf087e4a0873dae7e45,2025-11-01T19:57:22.974988+00:00,2025-11-01T19:57:30+00:00,254
a797e0bcecf92c858d8b244ee5b8a5908a874eae1b72908b3701b8fcdc1b2949,2025-11-01T19:57:23.111086+00:00,2025-11-01T19:57:30+00:00,254
f7f77b66bdaf890ca0a94c2579cb5b291b51775f527e3aa45601b19ec559e367,2025-11-01T19:57:23.236461+00:00,2025-11-01T19:57:30+00:00,254
6035ec64b581e874afd10d0ef878e721011756ef49c806505ca5cc3de7355264,2025-11-01T19:57:23.368952+00:00,2025-11-01T19:57:30+00:00,254
f577f108f3abd91af63a4dc496c842609be2b3d5577af3fc9745621e27039eb2,2025-11-01T19:57:23.501512+00:00,2025-11-01T19:57:30+00:00,254
d5931436387772e4634a43f064dc06cac53b3015c6adf4f2e46e80be7482a305,2025-11-01T19:57:23.633015+00:00,2025-11-01T19:57:30+00:00,254
385d5601b4cd80a33d7c3dbf4a8f3bfd58ced3d47cc1d34b5246bdf959436699,2025-11-01T19:57:23.765647+00:00,2025-11-01T19:57:30+00:00,254
9507f63e46b542b0fa36bfc5270838485d57c43b80109c6dde92f065f13ac6e8,2025-11-01T19:57:23.898281+00:00,2025-11-01T19:57:30+00:00,254
b35422c5e3823e53b3e3bd2640e166dc836b730fa375415e736f28626dac42eb,2025-11-01T19:57:24.032352+00:00,2025-11-01T19:57:30+00:00,254
6e404e0366dc2efe75fa516604d40b4c510e6ced8461e341542d6d381f6bb4a8,2025-11-01T19:57:24.167019+00:00,2025-11-01T19:57:30+00:00,254
314a6c1eb02bf0b4968b06cdf2b7acb31dad9f5fe61e17101cff8f0be52ddcc6,2025-11-01T19:57:24.299846+00:00,2025-11-01T19:57:30+00:00,254
9517a659f1d859cd716390c54649e0af9f7f8a3cff51dfdc8337f9b1f8e11bda,2025-11-01T19:57:24.427212+00:00,2025-11-01T19:57:30+00:00,254
ee7311dd4a356e1d67f1d1488c688730c85cca79e208dca1d08563ff6e212d48,2025-11-01T19:57:24.557143+00:00,2025-11-01T19:57:30+00:00,254
641d6136fca8da53736724e0540d8a750f148d7b65d89f9d3ac09b536ab2c734,2025-11-01T19:57:24.688318+00:00,2025-11-01T19:57:30+00:00,254
c648de0d3ea768ec4aae652c343974d5aa52df7a56f1e4a78f49954465240cae,2025-11-01T19:57:24.816204+00:00,2025-11-01T19:57:30+00:00,254
fec5cc1a00eb02d788913a2d459245141cb05097e977e47e689fce9b02647eb6,2025-11-01T19:57:24.945194+00:00,2025-11-01T19:57:30+00:00,254
a1ad10c18d0c8062f8b2356cd3f6a5a10d829077b5b56acb222d5a8de8c12e25,2025-11-01T19:57:25.275604+00:00,2025-11-01T19:57:30+00:00,254
de4e16712ae721fe0603a3c4743f3e0d009632adbe5f0ec2bd37019cd6182616,2025-11-01T19:57:25.401587+00:00,2025-11-01T19:57:30+00:00,254
d69a5931d80491bd295aa8c99afb2cd36373111215d3d646f0b0ee49bf8b1f1a,2025-11-01T19:57:25.532310+00:00,2025-11-01T19:57:30+00:00,254
0f53eedbb56af15e56926f3e146935e6496667626db639f96cc905a3f4ad05e6,2025-11-01T19:57:25.661143+00:00,2025-11-01T19:57:30+00:00,254
fa3c7c1c9b75a1e172f2d58254308990dcb045ccb2e312abba06328f985bfdf2,2025-11-01T19:57:25.789287+00:00,2025-11-01T19:57:30+00:00,254
b03288a737d926e9c5569f911dd51babbb38869c74fd2d8644a55d749ffc1780,2025-11-01T19:57:25.920369+00:00,2025-11-01T19:57:30+00:00,254
9004fa1789b737484d5bb25cc9127d5a9de7af90436560d0f5c3b682fd45252c,2025-11-01T19:57:26.047450+00:00,2025-11-01T19:57:30+00:00,254
2114e6afafd97d66799621f262cd17bf7fdffe79cef8528110eb1ea59b85a6d2,2025-11-01T19:57:26.174045+00:00,2025-11-01T19:57:35+00:00,255
c632e18a11f25e829f7cb65c99cd958d48defbd2522620029032dcf81d06ffaf,2025-11-01T19:57:26.308414+00:00,2025-11-01T19:57:35+00:00,255
47aa92bbe23a360639f2435836be0d131b8234d1b59d734784975b7649c76ffe,2025-11-01T19:57:26.439721+00:00,2025-11-01T19:57:35+00:00,255
babdab66b1ea209c4afa0c1ab83ada34521fac0d45876bde813ea1ac68221806,2025-11-01T19:57:26.568137+00:00,2025-11-01T19:57:35+00:00,255
331d1d2898c55ea88239989d1db9fe181bb803264b97e6085f92d837fb86a05c,2025-11-01T19:57:26.701218+00:00,2025-11-01T19:57:35+00:00,255
aa0279a3e32011454b0b17a77986ca1bf89b65ea4a396259fe467ef59baf34ad,2025-11-01T19:57:26.830998+00:00,2025-11-01T19:57:35+00:00,255
b17beb3c1e3922c2ad1d369d21bee74f7a35c3b164d996472d9f4978a115a9f5,2025-11-01T19:57:26.964857+00:00,2025-11-01T19:57:35+00:00,255
47166d2ac7f4d5e73e78e6189cef5d0024278add6a32cadca05c69491ef00271,2025-11-01T19:57:27.097540+00:00,2025-11-01T19:57:35+00:00,255
2824e938cc05a224acffc8047dc73014311993fc482815ecc9ce6d455d77b4c5,2025-11-01T19:57:27.225022+00:00,2025-11-01T19:57:35+00:00,255
dca891357eee060bf8dd5a1e3796ee74928baf2984b292b816d010db140dbaf8,2025-11-01T19:57:27.356300+00:00,2025-11-01T19:57:35+00:00,255
6267574b71a5050787ba2198283ffbb37161a879c4f1c6346006106970a80f0d,2025-11-01T19:57:27.488035+00:00,2025-11-01T19:57:35+00:00,255
753e7d86e7479c2ad286dcbca3190936f6068852fc056ae1a284425aca030e9a,2025-11-01T19:57:27.619016+00:00,2025-11-01T19:57:35+00:00,255
222bf53b7b37b5d87549e11a552c4c9f7d1f6a10678ffa6ed3d7e1eca73567fd,2025-11-01T19:57:27.751485+00:00,2025-11-01T19:57:35+00:00,255
60c098cba7467fd3b8cb48cb6f91c2408514b3838bbdb51451031b3791d44981,2025-11-01T19:57:27.879644+00:00,2025-11-01T19:57:35+00:00,255
6f8d3b5ecc850a5db23c7b9ea2b76a03d0b72c3f6924f75c97e6022ece760403,2025-11-01T19:57:28.009281+00:00,2025-11-01T19:57:35+00:00,255
0c6e2606edd0185f6f295f7722d0d2b65017ff9adf64008601996c6cf3a3cfd3,2025-11-01T19:57:28.138376+00:00,2025-11-01T19:57:35+00:00,255
4694f730d9c15a80afbff8bae14eff6cce53b3fbc177a800ab38665da4fa31d5,2025-11-01T19:57:28.277853+00:00,2025-11-01T19:57:35+00:00,255
37d60c8d7291967ebe94dfdfe1f30ea3de46fe6e11ddb33ebf09f5ec84345795,2025-11-01T19:57:28.408394+00:00,2025-11-01T19:57:35+00:00,255
fac47c5c6b7d5e12c8cfa04aee7c69715ee4c2c2f1ea972fe52c9f6c0bc6ae62,2025-11-01T19:57:28.537716+00:00,2025-11-01T19:57:35+00:00,255
05ba3041a8093d09449f5eb9a6d69cc8b87916d36fddc0df63dbe45d8fdb1565,2025-11-01T19:57:28.666444+00:00,2025-11-01T19:57:35+00:00,255
e9711499e3d9f37d944f53ef82c7130e5eb75c58f13cda3cadb8dd93b2ee5234,2025-11-01T19:57:28.793449+00:00,2025-11-01T19:57:35+00:00,255
f11ecae1ca00a856c4cc148d6f019b9acd734215bd7c9524a3e82f7c750043ec,2025-11-01T19:57:28.919106+00:00,2025-11-01T19:57:35+00:00,255
90d02b397f24e54c376cf4849f90f0761f199145ef526f0d3fbc241389664635,2025-11-01T19:57:29.051929+00:00,2025-11-01T19:57:35+00:00,255
26f9cf816b665801465aa7fee5ce41bb9d8dda356a3edcf02948e0744990a0df,2025-11-01T19:57:29.172980+00:00,2025-11-01T19:57:35+00:00,255
013e709f80773401902fa4511b616d189aa3fa2f8568fe5271f3b7a24bc8b1ea,2025-11-01T19:57:29.300713+00:00,2025-11-01T19:57:35+00:00,255
e4ab862c09c5b2fcc336576bcdd2a5379ffd41881e4a4812b3437bf053d24c13,2025-11-01T19:57:29.428182+00:00,2025-11-01T19:57:35+00:00,255
498392d45601ec02fd4d8a97280cc89fba9abf85064252e61825d02cadb22d94,2025-11-01T19:57:29.554309+00:00,2025-11-01T19:57:35+00:00,255
4a88733e2b7d8476bea09db4890d0229f5e3aa1684a0fc944a220cd8e89e477d,2025-11-01T19:57:29.680208+00:00,2025-11-01T19:57:35+00:00,255
91bf22c9bef21564c8351617938947720ba509f3612815dce7320f5c802126dc,2025-11-01T19:57:29.856807+00:00,2025-11-01T19:57:35+00:00,255
f4a38e61049f7eae97b0d9de996cc581c1f2fe29d220318c7ac95671ee8dbeb9,2025-11-01T19:57:29.984191+00:00,2025-11-01T19:57:35+00:00,255
5b819604ad1654093ad237b817ca169b1862cb8caab65a9a67a9b74785f585a0,2025-11-01T19:57:30.113647+00:00,2025-11-01T19:57:35+00:00,255
7d4cf15b064cf4c07ea725411e172c1ad2b0fbca5357036e6b7f0c1bd90de60a,2025-11-01T19:57:30.239478+00:00,2025-11-01T19:57:35+00:00,255
28c400781d6a865968413dfc9860cc6dca6714aec11e64dfe18c60b1d2483d83,2025-11-01T19:57:30.368086+00:00,2025-11-01T19:57:35+00:00,255
d4404ace7fbdd348a3cc0a8c100689e448261e89219172af445f7ab95141888d,2025-11-01T19:57:30.495758+00:00,2025-11-01T19:57:35+00:00,255
70172cde18fea8c0b5ffdbb04b827f1076603de6fcd102b47b99c114965bc920,2025-11-01T19:57:30.625441+00:00,2025-11-01T19:57:35+00:00,255
9bc22d871e450860ab04435ba3f7fdda147120baa96f3cb9e7c644a60bc00e7d,2025-11-01T19:57:30.750733+00:00,2025-11-01T19:57:35+00:00,255
2605c672b0022c56ecf23fcda509b3aa722045dc96e99ddd58d3973bd0239523,2025-11-01T19:57:30.879995+00:00,2025-11-01T19:57:35+00:00,255
ce453026252f24d5b015b74a5c55d2a908ff2a35e68b6800fb03822715df939c,2025-11-01T19:57:31.007170+00:00,2025-11-01T19:57:35+00:00,255
b04d8917988d11208b08a8e889c2b435d30a014550029ebc7d93d4b3c946e9c1,2025-11-01T19:57:31.135751+00:00,2025-11-01T19:57:35+00:00,255
18a9fab1479e0ca6e049a604685e1c59b50252685d7c037288309de74092fe91,2025-11-01T19:57:31.259530+00:00,2025-11-01T19:57:35+00:00,255
36fa298224bea87f6f0a133019eacc384a5960b23565e8c81fdd76748edd666b,2025-11-01T19:57:31.391439+00:00,2025-11-01T19:57:35+00:00,255
5c438e0d49ae03136db196b36f3bd3fecf3e05ba33ca9d63c3ff4e54eb81dae5,2025-11-01T19:57:31.522238+00:00,2025-11-01T19:57:35+00:00,255
37bf2d46ef69c0573916d7755a2fe8b5ac2a1c812ad46c66604601cbbdc92e6c,2025-11-01T19:57:31.647933+00:00,2025-11-01T19:57:35+00:00,255
ef7ea5eaacb1b83249eff56ff0303a8f936ec185ba3442876ef9a6352ba5c3a4,2025-11-01T19:57:31.779458+00:00,2025-11-01T19:57:35+00:00,255
4eb2676f92df5632aae3a295d665d42fc85cf81d86f5332364fc5f0e0a0c3a84,2025-11-01T19:57:31.905298+00:00,2025-11-01T19:57:35+00:00,255
9aa432a6839d69daaa1ff4e5e3e1b626adf9db5380b3e27367d8f726787f42ec,2025-11-01T19:57:32.033283+00:00,2025-11-01T19:57:35+00:00,255
cc68626bc5c43752d13f22d90f6eec87a8c869acd25c4b8d81a33da0713080c0,2025-11-01T19:57:32.159347+00:00,2025-11-01T19:57:35+00:00,255
616fcfa059a296dc52c8a04918135cde84a0c284ab14a98a75e0ab2963e1e34c,2025-11-01T19:57:32.285749+00:00,2025-11-01T19:57:35+00:00,255
f4584db6bed0d310a602bddf9b699642f464b39cebbd568c20c9f240ac8ee3d0,2025-11-01T19:57:32.414623+00:00,2025-11-01T19:57:40+00:00,256
29151c4c0cf295c2307fd91c3bfda7cced673028f05685363787d5196a0c1359,2025-11-01T19:57:32.539204+00:00,2025-11-01T19:57:40+00:00,256
6b392e4ed57f3703e7439925043b5de671146b8072fe11c0792b29f1e224d803,2025-11-01T19:57:32.664287+00:00,2025-11-01T19:57:40+00:00,256
739b50a4e3c14b9076e5a4f3be607b4bf3314c9c5c8bdb4e170a9ef8d1c9db8a,2025-11-01T19:57:32.796924+00:00,2025-11-01T19:57:40+00:00,256
03979c3b64daba16be059112c4b252a8f512aec2fe6ef55968df57960f87f4da,2025-11-01T19:57:32.926252+00:00,2025-11-01T19:57:40+00:00,256
28ccbc48387c73b0b2569fbe7c2f1621182b96a4bec4a13f8204e965ea626768,2025-11-01T19:57:33.055911+00:00,2025-11-01T19:57:40+00:00,256
4d6343075f04f1ca47fd3fd25028abbff7820d2be929eb209f6351bfd53d2f1f,2025-11-01T19:57:33.185769+00:00,2025-11-01T19:57:40+00:00,256
30715433926cfc8a5d548b38c851ab36d6749973f1b44377af323148a5e86a31,2025-11-01T19:57:33.314163+00:00,2025-11-01T19:57:40+00:00,256
5968eccd2e1cf259367d3e0b0f9cbe6faf1c6ecedd75e55bcaad7f9904ed121c,2025-11-01T19:57:33.442605+00:00,2025-11-01T19:57:40+00:00,256
67e1a5037da76f3f9a4eb9c74c1217254a5454cff0ef6474adc80b778b5dbf9e,2025-11-01T19:57:33.567838+00:00,2025-11-01T19:57:40+00:00,256
43a384269607681f64d74fdbf67b9a960ca9c8720ed87fa2d51563d39ca0dfd8,2025-11-01T19:57:33.697173+00:00,2025-11-01T19:57:40+00:00,256
c4a312ac8bc49e10a2ca87a0928b06e525ae7489bb43e50937d0fdfa28ac2b28,2025-11-01T19:57:33.827751+00:00,2025-11-01T19:57:40+00:00,256
51f9fa5b834413d0ef496b138ba01b656d5a123febcfe247bf831ed46a3cdd7e,2025-11-01T19:57:33.964430+00:00,2025-11-01T19:57:40+00:00,256
9931b3fc213538cb77e118564b69f76f8f5164e1ed644dd0409a3796f352f5b7,2025-11-01T19:57:34.095891+00:00,2025-11-01T19:57:40+00:00,256
49993320ad28d7f73d352b8194b020093808bc16b8cb65746de182d5c6a19f55,2025-11-01T19:57:34.227535+00:00,2025-11-01T19:57:40+00:00,256
322fc28c3adaa627f180781799c449761b53ae6f8f577822bcbe58a8ead597b0,2025-11-01T19:57:34.355736+00:00,2025-11-01T19:57:40+00:00,256
77baeb047d3114b1279b94e7e06d8ea10f63302a2f7da09e09d2e6b7b852907b,2025-11-01T19:57:34.489253+00:00,2025-11-01T19:57:40+00:00,256
b3fda86a4c254055a6c92469de29b6d5a77bc56f031b5e552f650f849f254bd6,2025-11-01T19:57:34.619956+00:00,2025-11-01T19:57:40+00:00,256
63696171aad58df33e0327599b4886e4db9018774344721bc71ba7f1d1212ab8,2025-11-01T19:57:34.752847+00:00,2025-11-01T19:57:40+00:00,256
ed3106bc91ffca8561066c807f19e9bed9709c3726b4a618c656b546b97d8199,2025-11-01T19:57:34.890113+00:00,2025-11-01T19:57:40+00:00,256
1e580b626e5eed3a52ea321ac5584bd33884892f093d2e60fd47129f5ad7e63d,2025-11-01T19:57:35.021090+00:00,2025-11-01T19:57:40+00:00,256
f7a88cc80dd479d13edcb9b755dae0fd8d1bd7568ee369a209b2cc28349a159f,2025-11-01T19:57:35.149810+00:00,2025-11-01T19:57:40+00:00,256
b78828e7b1e228ddf55365a504225899584917e3c27fb10fce1c347b20381b92,2025-11-01T19:57:35.275842+00:00,2025-11-01T19:57:40+00:00,256
9aa0cad98694b8cb9d70d5c6bcce48630521872fc534f2d088fe45a5f8b8c0e2,2025-11-01T19:57:35.605927+00:00,2025-11-01T19:57:40+00:00,256
fe200228c51a5d0cd26b38066fcd6f27f8e377d3e201c6f6cf867680c9c7e314,2025-11-01T19:57:35.732472+00:00,2025-11-01T19:57:40+00:00,256
6c92f86b121945595c7a3066ef92267b02d97f5b038584646a5c639febc06c8a,2025-11-01T19:57:35.862906+00:00,2025-11-01T19:57:40+00:00,256
38e019d9ea3e15c4c558d9cef8eb7d3ae16975b805874f0edc48b7ce1c473a46,2025-11-01T19:57:35.992270+00:00,2025-11-01T19:57:45+00:00,257
fb08f36ac67b67256e11d66f7684da8c30e90f9cf64100417ba788b0d3fd9e94,2025-11-01T19:57:36.119235+00:00,2025-11-01T19:57:45+00:00,257
df95a236f64ce4a22e7c1c6413a624e1a43178e1e3fb16fb554667fb55361228,2025-11-01T19:57:36.246338+00:00,2025-11-01T19:57:45+00:00,257
0170ef8bd01682c54d5dec264127c252423fd29c16f18921311ca8be0c7de1ef,2025-11-01T19:57:36.372171+00:00,2025-11-01T19:57:45+00:00,257
885abf70ad96454a5ad8a1c90f84e21d1c4a2e7b255952312665c95479d002c0,2025-11-01T19:57:36.502082+00:00,2025-11-01T19:57:45+00:00,257
9a2a56dd784265f04f36eca2eba80070c3a64b4d20ba5a3c5361368e81e62790,2025-11-01T19:57:36.627343+00:00,2025-11-01T19:57:45+00:00,257
0c79f1cde3cad259291f292477b84c81b6f5e72072ac04530ec08a899db51224,2025-11-01T19:57:36.753588+00:00,2025-11-01T19:57:45+00:00,257
f63a594c455a3930296079d6223b0d9d53838789a42911e9b5f13fdb4544b5c8,2025-11-01T19:57:36.887387+00:00,2025-11-01T19:57:45+00:00,257
29c68a105c7befdc95366a2793bf31e17cb5098ccaff7875ef91cb87e3f55c82,2025-11-01T19:57:37.029680+00:00,2025-11-01T19:57:45+00:00,257
1a9b8239f2d6e83b7c9055ec5d170841d97e9ddf927373e0a756d56872a548f7,2025-11-01T19:57:37.160102+00:00,2025-11-01T19:57:45+00:00,257
10278ad7fe7d57e518f3c3168750961434e3c99dff0c0a33af11f1a48db3e459,2025-11-01T19:57:37.292488+00:00,2025-11-01T19:57:45+00:00,257
7f4d0f1e9dc03745d75419d653f30cc10cb3f38ebd19f5c9839b0f8a6956872e,2025-11-01T19:57:37.423233+00:00,2025-11-01T19:57:45+00:00,257
b3c413fd695a0f647101fe5cab4072104762a5f41fe13bcf9c42e23d0d249d09,2025-11-01T19:57:37.568813+00:00,2025-11-01T19:57:45+00:00,257
868de0e4ff79c0bbaac86e1303b2d2e70c2a5f09416aef5ae056dc0576140601,2025-11-01T19:57:37.699903+00:00,2025-11-01T19:57:45+00:00,257
3353da2c65bff9f3300b470557205fa847913d1981c3e97bfd91efbfc1e6820a,2025-11-01T19:57:37.836030+00:00,2025-11-01T19:57:45+00:00,257
161cfcbec3fbf8dfdf842ed4ff4618e050e0899b8c6e712247239af7b4716f72,2025-11-01T19:57:37.966176+00:00,2025-11-01T19:57:45+00:00,257
6c5503506edfdffdf714b9bb0ad4e3fd13a6783326f9cf35b22305c3f200f409,2025-11-01T19:57:38.097082+00:00,2025-11-01T19:57:45+00:00,257
6c5394823056fdd98099edc9db018155d8130f3af901f1e2c252812879ba5c5c,2025-11-01T19:57:38.234782+00:00,2025-11-01T19:57:45+00:00,257
2ceac145058236ad09d7cb82a5a705416cbc6e3ac3c6cf3a00f45dc1fc3c43f5,2025-11-01T19:57:38.361104+00:00,2025-11-01T19:57:45+00:00,257
a0cf9762bae032a5e51cbf063384ba7411af43bb77c6d63eb71f5b546f31522e,2025-11-01T19:57:38.489726+00:00,2025-11-01T19:57:45+00:00,257
54f47b458f6b5c1b2857999bc352deb1efe3a677189f8a27f6beac9685e6b6fd,2025-11-01T19:57:38.621908+00:00,2025-11-01T19:57:45+00:00,257
713fd42715339c33765b6b604aebe9c080c1122a17002b8476e9f263ce24c42b,2025-11-01T19:57:38.752044+00:00,2025-11-01T19:57:45+00:00,257
b071b0c5e4ed657cfd8e149e37578c6a7a051ddb5b87ec3546c990115968fcc5,2025-11-01T19:57:38.883344+00:00,2025-11-01T19:57:45+00:00,257
41997d1f6ce7d5238d73b1a3f52d98e0b8364b0a769e1503888fd4c88ec8a18d,2025-11-01T19:57:39.012568+00:00,2025-11-01T19:57:45+00:00,257
35a4b92e421f30de890a702049a1f5dd76e4290214e9615a8fb5e257ab94fe02,2025-11-01T19:57:39.140310+00:00,2025-11-01T19:57:45+00:00,257
046b316d05972cc1c097134a1c22d5a2ccdeec73cb61d546894aa2ce5a0759d3,2025-11-01T19:57:39.270264+00:00,2025-11-01T19:57:45+00:00,257
58690c6802640e802140272a7160085a41ec9a75d35c6ab153c37c7c4c627ce2,2025-11-01T19:57:39.401675+00:00,2025-11-01T19:57:45+00:00,257
1fcfda8e1169b7aa5767409253eb626d6b611f42e973270a03ca78ad2c66e9ae,2025-11-01T19:57:39.540465+00:00,2025-11-01T19:57:45+00:00,257
3f2e1977a7576acecfb80d2d61e156a00fcbfd8acb8b5f1f2aa212a224de6db5,2025-11-01T19:57:39.667646+00:00,2025-11-01T19:57:45+00:00,257
83e38786b0fce6bf66c7ba37a4b073eeb43185165d772b7ca2e8f06824da57ab,2025-11-01T19:57:39.826032+00:00,2025-11-01T19:57:45+00:00,257
5d37ea80e511686668f4b38b1319439889c4b397e640c1016618eafecc631688,2025-11-01T19:57:39.959986+00:00,2025-11-01T19:57:45+00:00,257
7d0da9dc4fb5de9cc2dcd57742dfe665cf83fceaf628c92d0bd5d0c120379464,2025-11-01T19:57:40.090901+00:00,2025-11-01T19:57:45+00:00,257
0e137cde23cda7298915d42db48e79bb77bc4e25b982ed7c79c0be26a024bfea,2025-11-01T19:57:40.219297+00:00,2025-11-01T19:57:45+00:00,257
81b994a6d5aa63c05e67098b6cbd8b4eae253381dd7c46255e6eac8b70ddbe05,2025-11-01T19:57:40.346072+00:00,2025-11-01T19:57:45+00:00,257
1429fec67f8bde19de358643c9a9c642365abe994121a3070a42b9d6833a576c,2025-11-01T19:57:40.474520+00:00,2025-11-01T19:57:50+00:00,258
891564c3294206172b6e43573b642c5e43ce3ccc0490daecd594accd579009da,2025-11-01T19:57:40.606676+00:00,2025-11-01T19:57:50+00:00,258
b953d1cc455195ffff74f59eff4a47c7015ee66e7283c2b9bfee2175616a7fed,2025-11-01T19:57:40.734899+00:00,2025-11-01T19:57:50+00:00,258
cd8314da483783f4ca3b3ef3b5c18be9c238922d52bd67cacdf3ab12b9a45d34,2025-11-01T19:57:40.869383+00:00,2025-11-01T19:57:50+00:00,258
75804903f96b1c8fdeccda5e430e3e8c72a5280aa30df556299b2c8aaada6150,2025-11-01T19:57:40.998437+00:00,2025-11-01T19:57:50+00:00,258
70af1917b04eaf5b02302e643b4b823eab98cea163af88763d123de82df9176b,2025-11-01T19:57:41.347698+00:00,2025-11-01T19:57:50+00:00,258
7b8125ff180fe1e37793273b8bc6d69dc18e4248b47281bf5960a8d2cb3f96c4,2025-11-01T19:57:41.484165+00:00,2025-11-01T19:57:50+00:00,258
a4c80bade4ca8d3da396f6a3c0c94bd0f5b682c545df2aaa57a8778c0db0552a,2025-11-01T19:57:41.614618+00:00,2025-11-01T19:57:50+00:00,258
66d46af6aae413180e7b1a3d12edf2d411edf2f25e996787a03a5e659491f542,2025-11-01T19:57:41.741510+00:00,2025-11-01T19:57:50+00:00,258
aae742237807577d3ea92e0fbf1552b820c005cea4d8f329e807796095d8b4cf,2025-11-01T19:57:41.869901+00:00,2025-11-01T19:57:50+00:00,258
f19f07da21f2dbf1735f8eb2cc4f54bfeae9464a949905a2186410553c2494c7,2025-11-01T19:57:42.001333+00:00,2025-11-01T19:57:50+00:00,258
70d6eee899c8b0509c2e61a555d5b3ac3791b3f887814f7e830b79baefa19cf3,2025-11-01T19:57:42.132160+00:00,2025-11-01T19:57:50+00:00,258
1927eab1d0bda6f83d96da7967ce06d09f7f29b4e299472fcaee1959c828b48e,2025-11-01T19:57:42.259008+00:00,2025-11-01T19:57:50+00:00,258
c148551330026de340b598d86f9e8d0d5858794a68856f05ed101bf25fde9175,2025-11-01T19:57:42.385379+00:00,2025-11-01T19:57:50+00:00,258
52de8da77cb4b43c052da6c096614869ce95c712ad65b238d79e7b97cda3dc17,2025-11-01T19:57:42.512898+00:00,2025-11-01T19:57:50+00:00,258
0b587199f35dbf1ae48985996e542dc0995ef22d454e7d5891d84aea742fd0c0,2025-11-01T19:57:42.639177+00:00,2025-11-01T19:57:50+00:00,258
a1ac8bd24c5fa330781a79e5a65027537152d73dd145e27f66db00fd67e23c1c,2025-11-01T19:57:42.766532+00:00,2025-11-01T19:57:50+00:00,258
7274ff6aac1cad95fb600c94c461241c23aade6e7d4c0874d9b80782fb7a8f97,2025-11-01T19:57:42.895385+00:00,2025-11-01T19:57:50+00:00,258
31a985743e228b99067abd4adb1116986c0af89658748129b070251ed478258b,2025-11-01T19:57:43.022772+00:00,2025-11-01T19:57:50+00:00,258
359248384b7b955484b2089ba1a0cf31946ec991ce2a7a9ab29f73c00c0bb8b2,2025-11-01T19:57:43.149985+00:00,2025-11-01T19:57:50+00:00,258
b5fe6244142a5e7b8f44e2e8576529742fe7e9a6654d715232e812b593fc8795,2025-11-01T19:57:43.277013+00:00,2025-11-01T19:57:50+00:00,258
577f167169bc83e3b58478d121336a5e40c2551df22a38e2ab69f1e0a5bcd1eb,2025-11-01T19:57:43.408230+00:00,2025-11-01T19:57:50+00:00,258
9b15fb626d5dc7dae2d5d2a238273dbf7fdafb75ca8bc8e71647ac389838ebd4,2025-11-01T19:57:43.544083+00:00,2025-11-01T19:57:50+00:00,258
8b2507ddc6c8581f548a41fc7d80b956bb33d0faf049c51cd439a15df7cf5ff7,2025-11-01T19:57:43.673263+00:00,2025-11-01T19:57:50+00:00,258
1254259c72771e47625c73b90735aeee60c1ace4a07c09869e032feaf8f40b25,2025-11-01T19:57:43.807002+00:00,2025-11-01T19:57:50+00:00,258
e90f2605fe1e88c2ddaee632a92d74ed3ee8e3c30f1e71f60c0a70ab7d19f6ed,2025-11-01T19:57:43.934023+00:00,2025-11-01T19:57:50+00:00,258
02fb505db08c8bc198855916e48ca09e7820d7dfcaadb9a2e9ba0e9a5d1cf854,2025-11-01T19:57:44.069288+00:00,2025-11-01T19:57:50+00:00,258
51037bf8b22b3346efff05097f8765049f91e496b4b96f541e11ef2e79603fea,2025-11-01T19:57:44.199947+00:00,2025-11-01T19:57:50+00:00,258
aff2eb1cddabc78b01cb5f9d24911051943036c9fdc701a2d72a5693e8a7baa9,2025-11-01T19:57:44.327993+00:00,2025-11-01T19:57:50+00:00,258
ae29130c37154131b93a3d607a092f419320e08ce73ab56f08046dccfac08fae,2025-11-01T19:57:44.459196+00:00,2025-11-01T19:57:50+00:00,258
02ee01f89db18be10df311f7ea651534a99057707237d8f9601b6fdd05ce147c,2025-11-01T19:57:44.584767+00:00,2025-11-01T19:57:50+00:00,258
1654d4cb55f3cb97e05e6af75f84109d55cf8bfc0fecfc6c81c4f87525b5b98e,2025-11-01T19:57:44.715857+00:00,2025-11-01T19:57:50+00:00,258
8a1bad00ca885afdce06a25757ab6b6cad5b44a1e43313cfe3331e2ed02a2616,2025-11-01T19:57:44.846006+00:00,2025-11-01T19:57:50+00:00,258
3562b641ec63ce8358433c8e81ff55938e0b1b9cddb5c315fd8fe1affb3ac1b9,2025-11-01T19:57:44.974715+00:00,2025-11-01T19:57:50+00:00,258
0e9b4702c974503564ac88d1eefa3ec4b5522f365fff3600aa80772c00c055d4,2025-11-01T19:57:45.104203+00:00,2025-11-01T19:57:50+00:00,258
462c7d15daf7b262c4766cc4eff64fc6065199f6d5596fdf9e524d95d72ee06e,2025-11-01T19:57:45.231778+00:00,2025-11-01T19:57:50+00:00,258
eb46972a304468f1fe42323c5369f2e47f929ff2ffad674374515e4fc848c143,2025-11-01T19:57:45.360588+00:00,2025-11-01T19:57:50+00:00,258
599aa081178b50d81b477bb79e27a54b1c88e94b03cfb19df23eef0eb7d7e60b,2025-11-01T19:57:45.495564+00:00,2025-11-01T19:57:50+00:00,258
bff9b7484e68d0cafb2425f5f72c05c58f9319ee79c5b3983a3f66e6ee5d54a2,2025-11-01T19:57:45.626673+00:00,2025-11-01T19:57:50+00:00,258
a5597a034539cceb60d32c4a0d63da777b18ca5e7714e94a99e527bd42090ecd,2025-11-01T19:57:45.754652+00:00,2025-11-01T19:57:50+00:00,258
c6b877aa62c89e1d5639cb4f3eeb0e1bcee184e2e129b7088fd7d9efbd0bf8a0,2025-11-01T19:57:45.883129+00:00,2025-11-01T19:57:50+00:00,258
6b2dc51b3bfdef2545fac1f1caf4a4bee760c3e211bba43b58e898139ff0a6de,2025-11-01T19:57:46.009124+00:00,2025-11-01T19:57:50+00:00,258
c954472731c212800d220be99d7dda26b50b859a75e70866c66c8ae2054b014a,2025-11-01T19:57:46.136221+00:00,2025-11-01T19:57:50+00:00,258
0fb5672541cdd5c5db35f1737cef6658552012e0388a81b9a4020189baf1ed0b,2025-11-01T19:57:46.259279+00:00,2025-11-01T19:57:50+00:00,258
9df61f66edd3b2b34ffbc4013eecd3c6cefb1aea20c895c6e04ce72bd9324c5c,2025-11-01T19:57:46.387592+00:00,2025-11-01T19:57:50+00:00,258
9152ac3fe6160e8eb01623228c42c54ba573d16bab918feb8c9e4d003bfd4a1d,2025-11-01T19:57:46.514023+00:00,2025-11-01T19:57:50+00:00,258
706ce661b9adec1fa91a0c667915b28344cee8eaefda2947b22185b4b2d18991,2025-11-01T19:57:46.644619+00:00,2025-11-01T19:57:50+00:00,258
97142d39bbd7ef52e4a3d3c1b47b4ba4e7cf42a68b166adae02d430de6d29cd0,2025-11-01T19:57:46.773756+00:00,2025-11-01T19:57:50+00:00,258
9f31288926ed8d3ed1d24d5840ae524d5232efd77fce4fd5e80435ac72132903,2025-11-01T19:57:46.902575+00:00,2025-11-01T19:57:50+00:00,258
d197d646983b59f0dbc3370aa6f3aa89fe2d8a66824ec940d8c76f2408d11cb5,2025-11-01T19:57:47.028088+00:00,2025-11-01T19:57:50+00:00,258
c3a9880afb7625a0c451d6b95e3d76a1c457bbcb4e0f28b66552202256457f0a,2025-11-01T19:57:47.159557+00:00,2025-11-01T19:57:50+00:00,258
0e87566954c85ce0203b2b058875a7a72c2de13b7bde758a71ceb67a4baa97f7,2025-11-01T19:57:47.285982+00:00,2025-11-01T19:57:50+00:00,258
fe023f49c909e6862f669454373079ddd4912ccd30e04aeb14044f24ddcde4f3,2025-11-01T19:57:47.419176+00:00,2025-11-01T19:57:50+00:00,258
8bafa333e49fe141a336fe52fc9c78c7aa1ffbb9adb9b7644d4fff90c73ce09b,2025-11-01T19:57:47.550050+00:00,2025-11-01T19:57:50+00:00,258
a30a82b225772d1485eb6deb1c0ea24b0bc8f7977cc3cc008fbe43f589ed26b5,2025-11-01T19:57:47.682945+00:00,2025-11-01T19:57:50+00:00,258
d15b9bb356ec8027519fb8481adf553cb0a0d31d5de4b7613b3e9c85af637527,2025-11-01T19:57:47.821176+00:00,2025-11-01T19:57:50+00:00,258
b1b24a762d1cbe0c2abb476fcf0d69af9bd647a4a042d6d1fb2ccb7d066b3599,2025-11-01T19:57:47.953835+00:00,2025-11-01T19:57:56+00:00,259
720f61419857db0e883c21f30b51e4c77cae50727358cee457a633094f32ca92,2025-11-01T19:57:48.078108+00:00,2025-11-01T19:57:56+00:00,259
15a8ad1508e84b8e26b740c1e266e93ecbf3930cc40a75d4a1b9203063519e1a,2025-11-01T19:57:48.206293+00:00,2025-11-01T19:57:56+00:00,259
9ab5b23caf86a348c5f13d42157ac2c21fb442d648c2d053ab0357f6c36021d7,2025-11-01T19:57:48.331811+00:00,2025-11-01T19:57:56+00:00,259
b886c0a091ea3606b85e936b2a74570d9d2080a5280eca8bfec6f5f020caf487,2025-11-01T19:57:48.461832+00:00,2025-11-01T19:57:56+00:00,259
3171c41202a0302dca849ab99ee80d99f29c4d954133a22a354e39495a44ba6c,2025-11-01T19:57:48.594501+00:00,2025-11-01T19:57:56+00:00,259
6da37e70c61747e7ae342638fb5ab24fa7ac81edcd4aa98b80b844c5f75d9a0e,2025-11-01T19:57:48.725350+00:00,2025-11-01T19:57:56+00:00,259
3d95a97c50979243a68f74872e09c55c9cd294257784339e9facab175617f3ea,2025-11-01T19:57:48.853754+00:00,2025-11-01T19:57:56+00:00,259
3445104dcead397544e23ed97e6d823edd7d50bff0f91bfb2efa2f379dc737fd,2025-11-01T19:57:48.986727+00:00,2025-11-01T19:57:56+00:00,259
8e857fc061c9207c9e6b2bf313e7ccaab96d15df172c7dc8b4b5fbc796ecbc8d,2025-11-01T19:57:49.136137+00:00,2025-11-01T19:57:56+00:00,259
938e76b1e94e8d6fedeb197f7da33d92fd896566747b7ca52cedb1816c724c5e,2025-11-01T19:57:49.266126+00:00,2025-11-01T19:57:56+00:00,259
8417b739b9a57f75938003f05f7bf77e57804d18bb43eaeb69742eed12f998cc,2025-11-01T19:57:49.393903+00:00,2025-11-01T19:57:56+00:00,259
adfac4f54ecc9d7db5af9e51d719f3f7b4a9058f11ea3bd2113b0472d417d1e3,2025-11-01T19:57:49.524291+00:00,2025-11-01T19:57:56+00:00,259
85307546b4d7c63fc7c6f9e77c875493725ec192f2f5968756aa9672aab99ba9,2025-11-01T19:57:49.657702+00:00,2025-11-01T19:57:56+00:00,259
b7e832eedd29befe24bed159924ea15dffee0f8a2f114a5417d3b9b588ec7e83,2025-11-01T19:57:49.787093+00:00,2025-11-01T19:57:56+00:00,259
d67dbc7c333cac7883e5e46b9fff3f9a25b51417c2060a249112615428ccaf44,2025-11-01T19:57:49.912856+00:00,2025-11-01T19:57:56+00:00,259
53a6540b931c7ef88477df2cb4545f331701fb7fa255dff73828c18470d2cd33,2025-11-01T19:57:50.045714+00:00,2025-11-01T19:57:56+00:00,259
872ee57acdbdebe7839ae58bc635d3b82140df8b37f941eac60b0ce8316815b7,2025-11-01T19:57:50.181957+00:00,2025-11-01T19:57:56+00:00,259
e01349793fa80436e2b8a363badf8f3ef58d874a9db6f3ca36f3d34c0e88a3d4,2025-11-01T19:57:50.310346+00:00,2025-11-01T19:57:56+00:00,259
6abe794c9a5ac819e455509ee2f5e43c3fcb2f9c7639b094782d8574923ea79d,2025-11-01T19:57:50.443391+00:00,2025-11-01T19:57:56+00:00,259
27bd842d8ce260522b02e9dfbd4f9fddce8f6dc1516aaf35d5ad814384b19bce,2025-11-01T19:57:50.577144+00:00,2025-11-01T19:57:56+00:00,259
59477f025e93dce8456611794593e1148c4710f3b6671d9c5fdd85ebaf190c40,2025-11-01T19:57:50.713620+00:00,2025-11-01T19:57:56+00:00,259
620760136847921ad594396e37fa0987eef36b99f91820020394b8ae8b10ef6b,2025-11-01T19:57:51.045654+00:00,2025-11-01T19:57:56+00:00,259
f399e9de7d352d29e3712a736719ba1d32f0f504f80d4e64438d2eb6cfeb626b,2025-11-01T19:57:51.171722+00:00,2025-11-01T19:57:56+00:00,259
071f4b5d58229a8d9079bed1fffbdcf1c080b2fb9a0d4138242c5b499caad5d7,2025-11-01T19:57:51.303538+00:00,2025-11-01T19:57:56+00:00,259
9f022c32d1a4a57e07184a6324d7cda2543960f7113f212959e1b1185de93281,2025-11-01T19:57:51.435354+00:00,2025-11-01T19:57:56+00:00,259
127e5c21c57dc47c3dfda55ac16d1cd084dd96ba9d399daa04120adcb91eee61,2025-11-01T19:57:51.561259+00:00,2025-11-01T19:57:56+00:00,259
1cb851725999cbc74e04d1b8a9ba3db113cbbaddf124e46fa87c89520de32344,2025-11-01T19:57:51.691959+00:00,2025-11-01T19:57:56+00:00,259
f77541441e9d55aefb185c49c9c84655d4f620348e7d40f4bcafe92982c9463f,2025-11-01T19:57:51.824336+00:00,2025-11-01T19:57:56+00:00,259
a49fc7a958de98faf9165a47198fe402e75dea8a16de3bc0fa243cf6e9afac34,2025-11-01T19:57:51.952720+00:00,2025-11-01T19:57:56+00:00,259
edf9494b0d2ec3e3977db1698b9b9f8f2eee90dc513c877abd60f71a1d4f4afc,2025-11-01T19:57:52.085424+00:00,2025-11-01T19:57:56+00:00,259
1ecb7547b71745696ad9162c39240549289ac3d0dc3fe3e6c5f9123747121723,2025-11-01T19:57:52.216370+00:00,2025-11-01T19:57:56+00:00,259
df1dc2a00e737590cc42a650bd4018b2ed2d22da110f953677fc30ed11a09167,2025-11-01T19:57:52.348274+00:00,2025-11-01T19:57:56+00:00,259
bc1a838dbf2a28a96036fb5d206cd5177abe432ee7851b28e878c976a1289515,2025-11-01T19:57:52.482907+00:00,2025-11-01T19:57:56+00:00,259
478ea7f51ceb049d715fcce95a5db5d619583b085c3eb5b69bbdf5e06f7b1fa9,2025-11-01T19:57:52.610152+00:00,2025-11-01T19:57:56+00:00,259
c6ff9bf65a61abea70813607ff4f6b81dbe1d832efd086859a5ec877109ea6db,2025-11-01T19:57:52.743658+00:00,2025-11-01T19:57:56+00:00,259
37e3aa1b8a6713b7be5b3b0632bb737377723e563de45de2acb82b6e270546dc,2025-11-01T19:57:52.876351+00:00,2025-11-01T19:57:56+00:00,259
5374f0a9b4936b9fd3a3257e62fe544ecfd11467a2e3b637cd930dafa7a26489,2025-11-01T19:57:53.006780+00:00,2025-11-01T19:57:56+00:00,259
d83152f51a50559cfa97d850701e977e3b3022226a5683a864931df45fa16e54,2025-11-01T19:57:53.134709+00:00,2025-11-01T19:58:01+00:00,260
981b43448444bf5c4673464b05f7bcd3a99f6d261467451c4d4d39314dac0726,2025-11-01T19:57:53.267636+00:00,2025-11-01T19:58:01+00:00,260
d235ba38890cabbb0b7a7be60ac019761bfe6576e4a155a3e8dfe73c963e0d3f,2025-11-01T19:57:53.398004+00:00,2025-11-01T19:58:01+00:00,260
1d8e7ff4af088fda864a0b01e6749983c2f3f2e65543d6e750220c3b0e9b8c54,2025-11-01T19:57:53.533293+00:00,2025-11-01T19:58:01+00:00,260
99193fe688136944d0f49015ebc4805c70ea2c875a2ae6650ed51c2ea132bf97,2025-11-01T19:57:53.670167+00:00,2025-11-01T19:58:01+00:00,260
8b7fe5652b0399f8d99e7dbed5316802018b3bf6b1154b4a5959416aad84397d,2025-11-01T19:57:53.799786+00:00,2025-11-01T19:58:01+00:00,260
3e065869da7cd66e2dce15397a4211685dc0b2d00c995c7489ae449f9c3d3db9,2025-11-01T19:57:53.934807+00:00,2025-11-01T19:58:01+00:00,260
cafaeeea57a4fc7f48f8f326890f46797e1f6503ed800524eb6cfb87bd8c0dd2,2025-11-01T19:57:54.062684+00:00,2025-11-01T19:58:01+00:00,260
8adb50731bdfcb04b37862e265b874e93ce05eadae11ed841029d73f32c3f694,2025-11-01T19:57:54.194086+00:00,2025-11-01T19:58:01+00:00,260
6bdb2b28ae64de11e55498258db78719aefba0592d653c25d6a500374cf04c72,2025-11-01T19:57:54.325629+00:00,2025-11-01T19:58:01+00:00,260
e13df171fe5835004433d9f0cd984c58e5619b403eb36da0bc097869f420f1f5,2025-11-01T19:57:54.455287+00:00,2025-11-01T19:58:01+00:00,260
4cdcb90955e90b02fe190f40b47722c630493f91ba952842cbdd21879c46e7e2,2025-11-01T19:57:54.581798+00:00,2025-11-01T19:58:01+00:00,260
059e501b1bb6b80f8943886be3f4273eabd63c2c268cf5adb450d91811bdf50f,2025-11-01T19:57:54.710648+00:00,2025-11-01T19:58:01+00:00,260
708a02b3313fd6703af62615fbccc1f12be9d15391f3e48752250d172edc27a6,2025-11-01T19:57:54.840116+00:00,2025-11-01T19:58:06+00:00,261
30039a62d91bfab5d3bfd6544a5581ae7545a19c1117f87feb667284801f7468,2025-11-01T19:57:54.970262+00:00,2025-11-01T19:58:06+00:00,261
e40079232f8a1e7e8f81ec190b6512bf7324079a5454f5c6aab2235bf6eeeef5,2025-11-01T19:57:55.098308+00:00,2025-11-01T19:58:06+00:00,261
dbdea1dabafc87b105d27697c4003eb3dacdfbcda04acfe1b70c01fd8b629f68,2025-11-01T19:57:55.231307+00:00,2025-11-01T19:58:06+00:00,261
311cd159bfff34e7f0de43f4ea83354f5ab5ea4216c8be3fd90a87077ac97efd,2025-11-01T19:57:55.363129+00:00,2025-11-01T19:58:06+00:00,261
706051566cde51d5b8948c56807c1b434fe7a4be137773238e05feb31329cbb5,2025-11-01T19:57:55.498557+00:00,2025-11-01T19:58:06+00:00,261
1b7cf20ac02f5898d4d3d1830c39cc8133c2e3aee36e4e6099c9fafbd93f6d00,2025-11-01T19:57:55.626682+00:00,2025-11-01T19:58:06+00:00,261
e5666e04ef0fd20b73d8615137edc808e1663245430e204878e233677aff4e4c,2025-11-01T19:57:55.757521+00:00,2025-11-01T19:58:06+00:00,261
91f0b1a01b8cdafe2917b260f3794f7a80047cae3a8aaec642544dcd5cc509de,2025-11-01T19:57:55.885440+00:00,2025-11-01T19:58:06+00:00,261
8b27ead914a1957d98ae017b6090121f72275908da942a4aabc6cdaef352451f,2025-11-01T19:57:56.015029+00:00,2025-11-01T19:58:06+00:00,261
eef87e3572190e3d14ff0f65d4fa9715d8440996a176a9613f2e80270434933f,2025-11-01T19:57:56.347741+00:00,2025-11-01T19:58:06+00:00,261
e95d60c28a5a4f11c17ad3d169226abd409a7c50c0a6036ce2d60299b7951e28,2025-11-01T19:57:56.475540+00:00,2025-11-01T19:58:06+00:00,261
7931d8e8028dd716b606cdb4ddb7e6df124b2a6812994768450347a0ee825067,2025-11-01T19:57:56.607019+00:00,2025-11-01T19:58:06+00:00,261
194bea0346fea8d9dc3de555c02e3164fe471fe276d072961bb202dc4b3e304d,2025-11-01T19:57:56.735825+00:00,2025-11-01T19:58:06+00:00,261
f5121036856c2186ec81592da0aa968b4302fc807c3ff43196a99ff9eef890ab,2025-11-01T19:57:56.867527+00:00,2025-11-01T19:58:06+00:00,261
4d295a4656244287418191a6178aee1706180045431db0982399cab525a6b622,2025-11-01T19:57:57.011960+00:00,2025-11-01T19:58:06+00:00,261
2322fba8fb9ff230e5432537083507c1a6cc2638e1a0d34f4d6a2ce0bb858694,2025-11-01T19:57:57.139409+00:00,2025-11-01T19:58:06+00:00,261
9173e4f51659d2fce03bb2ad4b599e3b4771c9b75ff6885f88f43fc6990e4194,2025-11-01T19:57:57.265872+00:00,2025-11-01T19:58:06+00:00,261
f2b922cf7140fa5bd837c03e6359c9f6e71355d38a48ac54041f0b5817fd3fac,2025-11-01T19:57:57.393278+00:00,2025-11-01T19:58:06+00:00,261
c9eb795926b7d027dd02d7d500ea2b674974b83bc0773e06f4de59832c83fe3f,2025-11-01T19:57:57.525044+00:00,2025-11-01T19:58:06+00:00,261
07dfed8579c096f09b4e40b44fddb04afae76a7d5c7dd49da748c5374a0d5398,2025-11-01T19:57:57.655044+00:00,2025-11-01T19:58:06+00:00,261
25f71efbb2b0348d73a62416ddc95909a0ba4837a5b2a0cef76604186c8273ba,2025-11-01T19:57:57.787601+00:00,2025-11-01T19:58:06+00:00,261
c670219fbfb853392fbbee0d2cf0f6abb29ee9766cee09883d85e951a63f4236,2025-11-01T19:57:57.915865+00:00,2025-11-01T19:58:06+00:00,261
c825185844d5b6df6899a3d3fe79851b72e5799059204bd92585e44217364f19,2025-11-01T19:57:58.048546+00:00,2025-11-01T19:58:06+00:00,261
740dbb4e9642154227a5e983492cebd1e095347c173ada2ebfa38c997a85e4af,2025-11-01T19:57:58.180447+00:00,2025-11-01T19:58:06+00:00,261
553733cb2088032d2e80e44ff0e122e0ff2fc6f45249ea1a8941f660f9fd5486,2025-11-01T19:57:58.309626+00:00,2025-11-01T19:58:06+00:00,261
674edd0ea5dc45751e1bf44d47c8f96743b5c21d5d7df3eb11fc50934cfc4687,2025-11-01T19:57:58.440846+00:00,2025-11-01T19:58:06+00:00,261
db5a734d2fa6b3dae0341f539d99140fb076b21c6396647af8ef374308b6699b,2025-11-01T19:57:58.574770+00:00,2025-11-01T19:58:06+00:00,261
aeb322561022cb55193dcd12ff835f67f56656ff73692617d066d6140b7db50c,2025-11-01T19:57:58.703529+00:00,2025-11-01T19:58:06+00:00,261
06c5d0202f45254552f4f78756d36929c249add065d7324cc875519a7d3e6331,2025-11-01T19:57:58.838735+00:00,2025-11-01T19:58:06+00:00,261
f2f7008e936cbdc79b6da03d5c9a6a9338c557413131ca41b3ad6b714c3f8140,2025-11-01T19:57:58.966522+00:00,2025-11-01T19:58:06+00:00,261
0fd3acb95a750ce3fe0ac67a0eb9eca48ee811fe08bbafa5c9626bd584fed771,2025-11-01T19:57:59.110097+00:00,2025-11-01T19:58:06+00:00,261
06cff6050c78376b591ef5c3f81b6a9e499f192444f354875a6ca5bda608f678,2025-11-01T19:57:59.237179+00:00,2025-11-01T19:58:06+00:00,261
a5499542207efdbc70ea8c5e45f9ece4e15b7d3b2f527fb038dfd8e65ae02e68,2025-11-01T19:57:59.366785+00:00,2025-11-01T19:58:06+00:00,261
35423e29374005931522c42d145c55057a1634ac1b11bb755beda9d66b70417c,2025-11-01T19:57:59.497292+00:00,2025-11-01T19:58:06+00:00,261
350344d6f9ce1a9266f228a1232bdb2f5e907a5bbc7695c837e133c164ff6b96,2025-11-01T19:57:59.630876+00:00,2025-11-01T19:58:06+00:00,261
bb7870632f0aff7adb8fad15dfdc262b33d390add03e5c56f0abaeddd0d0fa9f,2025-11-01T19:57:59.761838+00:00,2025-11-01T19:58:06+00:00,261
4d904609e5f3bd393afcae3363aecff300d007661fdbca0ca2e2ea86b405dd38,2025-11-01T19:57:59.926177+00:00,2025-11-01T19:58:06+00:00,261
221f3b99583c531d426fb247af06f0554394ad5b090f166dbefe3b5b71d2fa40,2025-11-01T19:58:00.070772+00:00,2025-11-01T19:58:06+00:00,261
56036dbf0e6631096d08cd767434d5daee1d60fe2fa0861fa20f74fd96075782,2025-11-01T19:58:00.205081+00:00,2025-11-01T19:58:06+00:00,261
6c1b08dd83b656bd6375704002f409bf1c6b864890b04349cb75c6d1f01634f7,2025-11-01T19:58:00.335807+00:00,2025-11-01T19:58:06+00:00,261
9a15546bd5947ce779b1e48a2316b88e31ed2f8db75ded8fcb0224d5a8802453,2025-11-01T19:58:00.464550+00:00,2025-11-01T19:58:06+00:00,261
d12276051b4bae088afdb7eddb68e85aec127765d760b545c37060179bff4f00,2025-11-01T19:58:00.595361+00:00,2025-11-01T19:58:06+00:00,261
c716f7b7ecdc8a93596fd3b50a2595ec58594284700f1401e502e78f9cc4af6f,2025-11-01T19:58:00.728249+00:00,2025-11-01T19:58:06+00:00,261
c9b84d0c0a0a4714373d6f173e322f34e44f3dc527d81e48d56ea1cf94a82f85,2025-11-01T19:58:00.863274+00:00,2025-11-01T19:58:06+00:00,261
aaeec314a2f45d5140f8a9ed1a34d78292a8e23fc05f50b2d7faf237c9856e57,2025-11-01T19:58:00.999087+00:00,2025-11-01T19:58:06+00:00,261
e86ae55132333772fedfe8d91df7af4c1d0acaf2da31bc8f80cd466c8d6144e7,2025-11-01T19:58:01.135831+00:00,2025-11-01T19:58:06+00:00,261
2208d15b10cda0524f561627662a9cc9eea120bdd42be36feefb2a7f45dbe2ed,2025-11-01T19:58:01.268600+00:00,2025-11-01T19:58:06+00:00,261
c4576d806f717450c1dd0fc19d3854b940c755ee704b2dbe49cb2670d90ec704,2025-11-01T19:58:01.397764+00:00,2025-11-01T19:58:06+00:00,261
737f5a4ebdff0e9a309276ad8de6b669c3989d79991411336d8cdda696f91b9f,2025-11-01T19:58:01.527854+00:00,2025-11-01T19:58:06+00:00,261
929669b78228c0b35b60085ec353613ee9450d658cf08b6a4a70ea43e038d667,2025-11-01T19:58:01.655135+00:00,2025-11-01T19:58:06+00:00,261
414e987dc0093c931853bfc96d2c9e38e0c9d8b3c6a36247ea77711275616d07,2025-11-01T19:58:01.783722+00:00,2025-11-01T19:58:06+00:00,261
7e6b389e0d6f91cce0d9b68163308c39439e3fb8c8c609ad29e08a3892708191,2025-11-01T19:58:01.913268+00:00,2025-11-01T19:58:06+00:00,261
eace23cab8c7b8ea252f08504e202dafb72517318158125c28afd90954839223,2025-11-01T19:58:02.042338+00:00,2025-11-01T19:58:06+00:00,261
1155bed235313ff0f0dd683a671056ec930e5ca4cdf89b56172f8d31eb5379b7,2025-11-01T19:58:02.170060+00:00,2025-11-01T19:58:06+00:00,261
fa20a1b81c4783529d9d6f488bc06c6433b3740a6a14825bf29cfc35124dd43f,2025-11-01T19:58:02.299219+00:00,2025-11-01T19:58:06+00:00,261
f3e5e23f48c786eb66089e70f783cc3ade54b77ad6dc976266980ced273681ec,2025-11-01T19:58:02.431796+00:00,2025-11-01T19:58:06+00:00,261
2cf0218ef5e03065f033cba2a6c92d591e8bb7623d3cc22ed8aa616e9e39ef75,2025-11-01T19:58:02.564382+00:00,2025-11-01T19:58:11+00:00,262
6fb7ba64fd9a6b5e3f1f99ee81b536671b06b6786f42964cfea36f92955ccbd3,2025-11-01T19:58:02.695968+00:00,2025-11-01T19:58:11+00:00,262
37262ec9d8b25badd8aa8c07df9e15cda75ff9667ad9cdcd67b52aac8be36b73,2025-11-01T19:58:02.829470+00:00,2025-11-01T19:58:11+00:00,262
492c3bbef65118cf9afe2332e4a509a450e0b319110143697cc639f6752518b5,2025-11-01T19:58:02.957413+00:00,2025-11-01T19:58:11+00:00,262
5ce801ffd6ab9cc1dcb055d056d996891b477655b91083fa6a57cc61a61fd316,2025-11-01T19:58:03.090198+00:00,2025-11-01T19:58:11+00:00,262
eedfbe81e89ed8438a04f0420c7337e6c33d283b09025823e750feafd754d57a,2025-11-01T19:58:03.224206+00:00,2025-11-01T19:58:11+00:00,262
ca7c4828f063694ac42d7722672189f801f1e333ce78b2663e579750f73bde77,2025-11-01T19:58:03.363376+00:00,2025-11-01T19:58:11+00:00,262
dcb195dd8b7693e5ae05155ce21f538fbb376586fbfb7e2727afc42549ef9393,2025-11-01T19:58:03.496840+00:00,2025-11-01T19:58:11+00:00,262
80e4fe07db2271670f8dfe12508cb7a01881c4abc1796cc46c3c6054c724b221,2025-11-01T19:58:03.628142+00:00,2025-11-01T19:58:11+00:00,262
6e73f6aa3212fffac88905ea55cd03c0a05bc199e2903cb16acb5e0feeb36fbc,2025-11-01T19:58:03.754086+00:00,2025-11-01T19:58:11+00:00,262
12939cb0b365f54572f2bda5615dfde64029c17db388bdf3ee28a0fae32e6aae,2025-11-01T19:58:03.886580+00:00,2025-11-01T19:58:11+00:00,262
7433294b14ceaaec8c4fee3e9f33d205749a33d2062d19531c789ae304534571,2025-11-01T19:58:04.013491+00:00,2025-11-01T19:58:11+00:00,262
03467035e7a51ecf1e887351c5f45ff945350ef2cd1fb0ea331d6750396249fa,2025-11-01T19:58:04.146870+00:00,2025-11-01T19:58:11+00:00,262
ca299221e094a002f3b8bc99d2feed5ca83a937ef1627128f160cc0360017104,2025-11-01T19:58:04.283749+00:00,2025-11-01T19:58:16+00:00,263
9be22691d12941df531a36f36199d8d16c9095c3bd2757d43408a8d55cd162b8,2025-11-01T19:58:04.415386+00:00,2025-11-01T19:58:16+00:00,263
55d0864184eb407924733489806f8abbc74a71387e374cbd8bc9edf15d576bfe,2025-11-01T19:58:04.544365+00:00,2025-11-01T19:58:16+00:00,263
08da7cd6a154d16ab0b735c87192da19fcb9657edd19f44a7b1a1762df388c2c,2025-11-01T19:58:04.682587+00:00,2025-11-01T19:58:16+00:00,263
c727c1fd732aa7c05f830acabf4b3e576ae055981e8cc14abd7724cdfd5a34c8,2025-11-01T19:58:04.811321+00:00,2025-11-01T19:58:16+00:00,263
7c62fd7a6dfe03d6c6127a96ba5b38126324071500591419864e123843a9d19d,2025-11-01T19:58:04.939345+00:00,2025-11-01T19:58:16+00:00,263
6256da2cf5fd68c2e9a0b2a0cbd1462bef13f5e4b4fedc78987d72e8434c883b,2025-11-01T19:58:05.065336+00:00,2025-11-01T19:58:16+00:00,263
86f7f245e65f509649d2a3dc54c665e1d00e3116be5773de3330b0bbe6d81c7c,2025-11-01T19:58:05.189695+00:00,2025-11-01T19:58:16+00:00,263
09a1d348caa3acabd844b0a70932e4c2687a28e64496aba8f85746931698e7be,2025-11-01T19:58:05.316106+00:00,2025-11-01T19:58:16+00:00,263
204648a8f2e4bd2d19b528215e25eb08761cb101369c37c1420567826f8c7ba7,2025-11-01T19:58:05.440724+00:00,2025-11-01T19:58:16+00:00,263
8bb182237aa0422eb7846d40a7e93f79df06ad7cd75468eea38d5923179f9173,2025-11-01T19:58:05.570760+00:00,2025-11-01T19:58:16+00:00,263
046db518db47bccf00ab05796625a74774218c229e5cf06787d51d0ecb667403,2025-11-01T19:58:05.699043+00:00,2025-11-01T19:58:16+00:00,263
c69fcb67d89aa753b7b7c313fba7c3717a8b443a7587df23567a453cd32e2f86,2025-11-01T19:58:05.829137+00:00,2025-11-01T19:58:16+00:00,263
6502e0648960805c16d7a3abf7dadb9dfc59ace7373528bf31dfd15660919491,2025-11-01T19:58:05.952760+00:00,2025-11-01T19:58:16+00:00,263
7dc215c804ceaa1a26742e7efddf486951dc1c0308a5124a2e7f7a7b37ddd69a,2025-11-01T19:58:06.081727+00:00,2025-11-01T19:58:16+00:00,263
cdb6e148975f23306696800726d463c0b9a70fab464fb796dfcc3fe32df87586,2025-11-01T19:58:06.211648+00:00,2025-11-01T19:58:16+00:00,263
ba92b9ed7060d43fa7fdf0721335097c973ccbb3ba7228631cdfb171712c003b,2025-11-01T19:58:06.341093+00:00,2025-11-01T19:58:16+00:00,263
726bd421dcf7f9e4f9decaaf057891933676a3fc75a2b7c0d9a96b68633963fd,2025-11-01T19:58:06.679597+00:00,2025-11-01T19:58:16+00:00,263
bbaccf5c81d9be349aefe2410879d90758442039a51f2d0eb6331b36d7489f70,2025-11-01T19:58:06.811366+00:00,2025-11-01T19:58:16+00:00,263
68e9af29c223fdc6e953d26cd006d8b57cd169f2d0e1e9f94a8e8f7bce038c60,2025-11-01T19:58:06.943558+00:00,2025-11-01T19:58:16+00:00,263
539a7f0d5c44e2a54a21234adc9fe0a86ee01a901400cc5d77bde69f884cabac,2025-11-01T19:58:07.068394+00:00,2025-11-01T19:58:16+00:00,263
1dd0344cfaa25e7335034e137356c6ef99024c31b34c8594731faa0b511c8c83,2025-11-01T19:58:07.198942+00:00,2025-11-01T19:58:16+00:00,263
9bd10fd031ebe81501ff58a0e5723d8e21262d0557add96eae851b8b8c31cdde,2025-11-01T19:58:07.328996+00:00,2025-11-01T19:58:16+00:00,263
379756b5492d2571d8064c3f4ab405425beaf010ddf4fe66eea3c091ae91de46,2025-11-01T19:58:07.457714+00:00,2025-11-01T19:58:16+00:00,263
5bed354b3e2bd409621307215a34b857fe57a56f84d911460e788ce8579bcdcc,2025-11-01T19:58:07.610231+00:00,2025-11-01T19:58:16+00:00,263
3f1cb83c239d4d53d260780b09a3c58d01d64b536d06de662c562df32f0fce9e,2025-11-01T19:58:07.737361+00:00,2025-11-01T19:58:16+00:00,263
4014154d5c70a484602f83dd98115c2c9b1041783e2342fabb54274baf842ba5,2025-11-01T19:58:07.863841+00:00,2025-11-01T19:58:16+00:00,263
c79ff9fcb0640cc236563501a192ebd49945b74879114f9e946fdd7d4f543024,2025-11-01T19:58:07.998006+00:00,2025-11-01T19:58:16+00:00,263
0c4d0325345d4c4556b231941f951d83581c2f8861ecdb1ce4650cfbae46b4c4,2025-11-01T19:58:08.122951+00:00,2025-11-01T19:58:16+00:00,263
a36710c496da7a710030e05232b71dde26425141dc07f1c8c2a1fe59ac121d1a,2025-11-01T19:58:08.255794+00:00,2025-11-01T19:58:16+00:00,263
4e89d3a575c71c5353d630b61268e931d651ac4d84225deea827cf27453cf948,2025-11-01T19:58:08.380255+00:00,2025-11-01T19:58:16+00:00,263
f9d1c79b9e2cfd11ff7ee68c15237174dae9e7c7580b75e753133d307d5eaca2,2025-11-01T19:58:08.512336+00:00,2025-11-01T19:58:16+00:00,263
d00341bc9411afd795fda85d6f7f88b5eadd78f674055d0c2fb25f6cbf36d293,2025-11-01T19:58:08.637465+00:00,2025-11-01T19:58:16+00:00,263
c37879489b0e2053336b6769cfc2afbdb5ea04caa2812d6793e0b20f817e19dc,2025-11-01T19:58:08.765959+00:00,2025-11-01T19:58:16+00:00,263
08d630a3b65e3a990c5d97f4334772726326bac6b2fe34ff7e0b9b6e67b144b0,2025-11-01T19:58:08.890263+00:00,2025-11-01T19:58:16+00:00,263
dba002d874e52039b5730b65c1db1f13c1828eccc50eeae5fc2b7b981b280bf3,2025-11-01T19:58:09.018583+00:00,2025-11-01T19:58:16+00:00,263
1579bbc0612a9d03b1dc770c588c9111c4115027b58d8c7ec15f43969319ee83,2025-11-01T19:58:09.147887+00:00,2025-11-01T19:58:16+00:00,263
f8783e587898e9ffa1332c1447c373c2e07fe67ccceb68963bf1ed9a9a73178f,2025-11-01T19:58:09.278314+00:00,2025-11-01T19:58:16+00:00,263
d4fd3ad7b76d956a5f5be10f12be28621f330640db60784e0f5d3152047cb699,2025-11-01T19:58:09.405184+00:00,2025-11-01T19:58:16+00:00,263
70b4bfff871d44896725402da5334329b9e692a7b07cba6d6e1ac85f04a42b89,2025-11-01T19:58:09.540897+00:00,2025-11-01T19:58:16+00:00,263
419c5b02e63e0077d59778fa3e9daad58a7da700b819ef7f7858201fae288072,2025-11-01T19:58:09.669196+00:00,2025-11-01T19:58:16+00:00,263
548b0e85496224c03a2390ddfe2bb10084f04121ec8d9b31b6dbc099483ce2e6,2025-11-01T19:58:09.829828+00:00,2025-11-01T19:58:16+00:00,263
565d576cb503b81aee1ce9208f05464562559be0aacab8492b0f9fe7e2099a94,2025-11-01T19:58:09.959598+00:00,2025-11-01T19:58:16+00:00,263
160e72e4a4cf280df2fd6ad7b36ce07de442e066673177fa8c84bd5a8785219a,2025-11-01T19:58:10.091397+00:00,2025-11-01T19:58:16+00:00,263
c75a0c6905dc92587aa9bf401a46ab06061cb7c54b22a866c219fa4bbfd4d833,2025-11-01T19:58:10.218811+00:00,2025-11-01T19:58:16+00:00,263
671bdfb334499e5a12bc95ea5e861162102c3ca33469b42a8c5db86c623b9543,2025-11-01T19:58:10.348537+00:00,2025-11-01T19:58:16+00:00,263
415ed88d774311fc74d173919ba7fa609e01df126c591e1b19914caf25d3dbec,2025-11-01T19:58:10.477488+00:00,2025-11-01T19:58:16+00:00,263
ab8d7296cae546215bd7d6211df9af32e3bcd63977b8d35c400e237eafce20b9,2025-11-01T19:58:10.607159+00:00,2025-11-01T19:58:16+00:00,263
e2e034e3333966c52819de89fb142df310c9d837bd617f6983e75222c4553e40,2025-11-01T19:58:10.734625+00:00,2025-11-01T19:58:16+00:00,263
a0f5ce1ba14b47e677cfdaf72c1b316c3eec44d623c8f4f16f82632c7625b352,2025-11-01T19:58:10.864710+00:00,2025-11-01T19:58:16+00:00,263
42d50d6224e09be1229469790dd0404cecd824e1f9ba34d22cbf22dfb3c345ea,2025-11-01T19:58:10.996597+00:00,2025-11-01T19:58:16+00:00,263
bb31deded87450f210db1c477037218d52af2e315ea13e360330cf58d5d1ae7e,2025-11-01T19:58:11.130822+00:00,2025-11-01T19:58:16+00:00,263
7faa9753eb1d58bf8cbd7fa36644027172a979ffd658e2404e9f7a53b4f6be4c,2025-11-01T19:58:11.260856+00:00,2025-11-01T19:58:16+00:00,263
a859a5f87a11c83e7a92412e75c13ccd8bc9fef1ca5e4da524c02fae4c250bbf,2025-11-01T19:58:11.391693+00:00,2025-11-01T19:58:16+00:00,263
9be887efa603f4e0ab20c244d56c00d59b5dde2634d3af675e61e31d3c0d4b04,2025-11-01T19:58:11.519549+00:00,2025-11-01T19:58:16+00:00,263
2d52888f633290d54982b90a8182c88a1d76ce918d9a77e611818b248ce65902,2025-11-01T19:58:11.657664+00:00,2025-11-01T19:58:16+00:00,263
ee4bcbcdd4c37dac5bc191655567d313b4e5b48d64113be04012938d61621128,2025-11-01T19:58:11.786363+00:00,2025-11-01T19:58:16+00:00,263
5fb9f62a18a8c6c4d3f36b5a744ca72e57c2f13a5e4dc9793ce76bf24fbe7840,2025-11-01T19:58:11.918289+00:00,2025-11-01T19:58:16+00:00,263
704a174c0516d7f2a4aa641bd909b7f3fda73bb3ff899bb2380b508b503cd733,2025-11-01T19:58:12.045349+00:00,2025-11-01T19:58:16+00:00,263
c57b7654571b6ed51760a03eb1f962c27e711bf9b4020acc9ed6ab5aed2f5db3,2025-11-01T19:58:12.178558+00:00,2025-11-01T19:58:16+00:00,263
9ee4c454e54589481b309b730b3653f9f69c779c6e5305beafcddcf9dae2fa85,2025-11-01T19:58:12.309428+00:00,2025-11-01T19:58:16+00:00,263
b75ae3c5188bbe025382649e8c0e92caa7f980ef79dc8482869dc18959212b60,2025-11-01T19:58:12.442678+00:00,2025-11-01T19:58:16+00:00,263
cfc76e0edbf5b3acbc2885567b7e801f2912598591f1994d5decf0b9d6c9e52c,2025-11-01T19:58:12.574814+00:00,2025-11-01T19:58:16+00:00,263
46f23b04e0e32b0df174d6ef7f3a1e596e058563266a769d3f69880146104814,2025-11-01T19:58:12.711770+00:00,2025-11-01T19:58:16+00:00,263
beb4f6790971ca0bc686ff4ea28c999fe211e557684b6067ea0cf37bcfda1e89,2025-11-01T19:58:12.844186+00:00,2025-11-01T19:58:16+00:00,263
8c7ec61e6da9b9887e32ad1502a4fd49ffaffb9a7faf21d94953d5a2dca579e8,2025-11-01T19:58:12.972447+00:00,2025-11-01T19:58:16+00:00,263
dd6ac11219ae278867179c5af754b36e708be5b9a85c60b95f7800f89a75ab22,2025-11-01T19:58:13.106590+00:00,2025-11-01T19:58:16+00:00,263
ffd3fa512011c688c1d37070724206f62d589deb133a43c00a0d6e1ab91acd8f,2025-11-01T19:58:13.236948+00:00,2025-11-01T19:58:16+00:00,263
102f5dd1b995c4dccc36f67d75f1c0a343dda59dcabd881a34625ec1641f936b,2025-11-01T19:58:13.370548+00:00,2025-11-01T19:58:16+00:00,263
26ef791a719ab8b5e172e96bb226a690b5d775fe79f5d889631941fc28570ee8,2025-11-01T19:58:13.502575+00:00,2025-11-01T19:58:16+00:00,263
205ab52a117a3902dcf0ec2a1aae1af5a9743bca97f8ebbbf979063ad5380283,2025-11-01T19:58:13.632221+00:00,2025-11-01T19:58:16+00:00,263
c0512c52b2a2790ff0fcb51dea4794a006d06bcc9da2f35292217ab04b1efc89,2025-11-01T19:58:13.766958+00:00,2025-11-01T19:58:16+00:00,263
edd3fe9e997ccde75d9f0bc4012889c0a2bc3ccc57f40c94559a2cf4d17dffe3,2025-11-01T19:58:13.901708+00:00,2025-11-01T19:58:16+00:00,263
0a18a5d96098edd1a05a1701d4b704af7467b4420268276ecd9346495fec5c01,2025-11-01T19:58:14.032118+00:00,2025-11-01T19:58:22+00:00,264
0461cc03b5be4cf05b6ef53fc910e47015706c512d072d3f59b90ddbf74dbe2c,2025-11-01T19:58:14.165395+00:00,2025-11-01T19:58:22+00:00,264
41f46f26e1c1d8e3e4ad45d32db397edb5c922e24b2cf59bd13463851aa74dde,2025-11-01T19:58:14.296944+00:00,2025-11-01T19:58:22+00:00,264
26b15cfaa1be001191378b5ff78d4b9b293904a3542656238f7a563df170d9e1,2025-11-01T19:58:14.425867+00:00,2025-11-01T19:58:22+00:00,264
7e48cd59e6870af43886900e3e085efbeda71a4fcf7b05ca908c35bf03b82468,2025-11-01T19:58:14.555123+00:00,2025-11-01T19:58:22+00:00,264
f6e30f471ea7ba504fa386ee44e4d53cc6e02462e9bc63042d1d8573dea771a5,2025-11-01T19:58:14.687743+00:00,2025-11-01T19:58:22+00:00,264
8e8e96d36e95d690e6b88f74f603e58da595b77f10b653678d54054366bb2f69,2025-11-01T19:58:14.821760+00:00,2025-11-01T19:58:22+00:00,264
e602ed499583c2fa050af25d67ba371ffe93b6be0e589ce84949151a5b6775b2,2025-11-01T19:58:14.950304+00:00,2025-11-01T19:58:22+00:00,264
5db95b0089f595f1e9a38750dc026348e6af63de9f4932c2c8d2bc6164b20426,2025-11-01T19:58:15.087416+00:00,2025-11-01T19:58:22+00:00,264
dcd4d4df2491e234eef02287fa5b7ebc5df9d2514261f34f5b6d102ed2d09afe,2025-11-01T19:58:15.218300+00:00,2025-11-01T19:58:22+00:00,264
b5892d84a8cc3fe9affc596a2994afd46f26dff8cdc5ad89c69d514e6fc1c067,2025-11-01T19:58:15.352308+00:00,2025-11-01T19:58:22+00:00,264
facc151ee872d67d449c01c140f2af4db3dd544dfc93c34becb84485558548cc,2025-11-01T19:58:15.488190+00:00,2025-11-01T19:58:22+00:00,264
3a769e0c543a744460865e1f48c4a7ce6c0ea9ebaef6a4180ba9eade44508288,2025-11-01T19:58:15.620847+00:00,2025-11-01T19:58:22+00:00,264
d0294d839b4415329a070e84da1f5028ba6bdbd1e464cd67234b766f8bf4ecb6,2025-11-01T19:58:15.754804+00:00,2025-11-01T19:58:22+00:00,264
8ccf6b42c4bff9cf0d8f59060a4c8a7335d1a7814a387b2d429b145339737f60,2025-11-01T19:58:15.888216+00:00,2025-11-01T19:58:22+00:00,264
298868a4a6a2e6e0f6dd29fef0fcb485d2b12bca45be0a86191fb42870545c2d,2025-11-01T19:58:16.021251+00:00,2025-11-01T19:58:27+00:00,265
202ae3acf1b6c001a06c2668861697406e93e9adf10b56cb9c5f79f3a7847894,2025-11-01T19:58:16.154338+00:00,2025-11-01T19:58:27+00:00,265
f4d49efe5e5b3787a152d8ae81307aba24f2053bf8cde3bc6687b2f0f417e0e5,2025-11-01T19:58:16.288068+00:00,2025-11-01T19:58:27+00:00,265
f9ec3fdc640d6763227c1b297c6809a6fb705c42f78f788f6defa24caf5dc04a,2025-11-01T19:58:16.422432+00:00,2025-11-01T19:58:32+00:00,266
09d2b78836a477f98883ca1c9b7488879187327a6eb9b45e11558a5c896162d3,2025-11-01T19:58:16.551525+00:00,2025-11-01T19:58:27+00:00,265
9be87ae6aa7be52c746015deb82370108b5e35b1c3ff93f8cc8dec6c0c87735a,2025-11-01T19:58:16.685572+00:00,2025-11-01T19:58:27+00:00,265
90e930b4514d46ec4d5218ea6b9282bf9a1f0d44cf03cb1860cbc28513ab7c38,2025-11-01T19:58:17.082877+00:00,2025-11-01T19:58:32+00:00,266
5882a408a982bb419d92d695a9ca2cd6df90424d4f36a46d5534afddc798f321,2025-11-01T19:58:17.210537+00:00,2025-11-01T19:58:32+00:00,266
60e4034c0afe93241814d3c046615230493722a86841d20b5a8449c1381ce6d9,2025-11-01T19:58:17.341362+00:00,2025-11-01T19:58:27+00:00,265
8552b8d8da7473ac01e740afce0293d17c9dba88b153b75fcd888a213b9937b0,2025-11-01T19:58:17.468149+00:00,2025-11-01T19:58:32+00:00,266
3afcf47051233d1679ae28a013274c90797aab594daedefa50764d7cd157a588,2025-11-01T19:58:17.602494+00:00,2025-11-01T19:58:27+00:00,265
aaf67fa0af0baca0dab110e40e8945c96c14e472656ac84caa1fb4a11f51bb08,2025-11-01T19:58:17.729263+00:00,2025-11-01T19:58:32+00:00,266
caa1bca7d97a357de5089652a618de098dbbdd4e655802bceffcd614a3ffa2e9,2025-11-01T19:58:17.855632+00:00,2025-11-01T19:58:27+00:00,265
fcf47468159d720fee3793cf075d206d6a527c8ed5ccc813e6487da4a224e337,2025-11-01T19:58:17.985274+00:00,2025-11-01T19:58:32+00:00,266
f066668b8a3eacae1dec0222a4da22a234c11cb46d2c4a7f757a1cf311b4d561,2025-11-01T19:58:18.111371+00:00,2025-11-01T19:58:27+00:00,265
f76c882209e643df5e44b03434778980295ebd515d45637d6b691e70bed608c5,2025-11-01T19:58:18.243829+00:00,2025-11-01T19:58:32+00:00,266
f0dc665a02eeec733dc42360edf587d7197e5259d6a6b41ed1903be2234c6711,2025-11-01T19:58:18.369950+00:00,2025-11-01T19:58:32+00:00,266
f20b2b5332ba39ab5c85e8683b0524ddf5837ec54abd885d23092a3edb19be41,2025-11-01T19:58:18.496605+00:00,2025-11-01T19:58:32+00:00,266
ddb11ef28e0a9b8af6569aa44084d33ee51884606d0f151fdcdb7aaa35f98713,2025-11-01T19:58:18.628057+00:00,2025-11-01T19:58:27+00:00,265
e713d3ab688a3e62b92938d21d830ae0dd5b0f9bbc21cf016345c20d5e2bc2b0,2025-11-01T19:58:18.759201+00:00,2025-11-01T19:58:32+00:00,266
62c25ef986115486772db2a8bee44e943f16a19babe69166dc1f8baac2402b6a,2025-11-01T19:58:18.890447+00:00,2025-11-01T19:58:32+00:00,266
a34e3162825aa752efcaea55db17f84beb63a1053345e524148a16dee67eeffa,2025-11-01T19:58:19.021964+00:00,2025-11-01T19:58:27+00:00,265
8d23fcece6d8a9ae102fa7c82211855fac73d734258e604d46df349ef3886608,2025-11-01T19:58:19.147602+00:00,2025-11-01T19:58:27+00:00,265
3d16ccdb9b6f064f7aa49b064efb12cb5b519b772ea7aac19e904d51f8c2442f,2025-11-01T19:58:19.278340+00:00,2025-11-01T19:58:27+00:00,265
28e012f9153a33564360271431cb2f3a82fd6534310dc17949819049deae8f4a,2025-11-01T19:58:19.409054+00:00,2025-11-01T19:58:32+00:00,266
24149b15d64fb23ba4d2295df3146f1b7c24eff9bd249992e635fc259cd9cd2d,2025-11-01T19:58:19.540498+00:00,2025-11-01T19:58:27+00:00,265
376b0c916cdd695dc3667638bdbe29956be353fa1747ad5e3763ec56640370b7,2025-11-01T19:58:19.667800+00:00,2025-11-01T19:58:27+00:00,265
9924538bcf1d1554d73424b4916ccb764981a7777e555f7b95df3be1aa0cec7d,2025-11-01T19:58:19.824171+00:00,2025-11-01T19:58:32+00:00,266
85c973d78813b787da164ca0aa87e8b7e111c133d38323317926f343e31a6e39,2025-11-01T19:58:19.958829+00:00,2025-11-01T19:58:27+00:00,265
ad2328cda1b3f93da79459770f40535c3a1c73c59dd17b612113c1100a689429,2025-11-01T19:58:20.094567+00:00,2025-11-01T19:58:32+00:00,266
02558ad183478683f3eab3481c09b49b01c0763ed0ea79eca56cea090dd1fd9e,2025-11-01T19:58:20.226744+00:00,2025-11-01T19:58:32+00:00,266
c99e02cb6cd13d4a5509a6b2deab12f0032f55e1db0c6b0e63ec68935fc39642,2025-11-01T19:58:20.359397+00:00,2025-11-01T19:58:32+00:00,266
0ae9e4471afd8912b68fc9a53f0f9e44dc87dd9b0ca68515f48cf264f86943ef,2025-11-01T19:58:20.491890+00:00,2025-11-01T19:58:27+00:00,265
d0b03f20c2790a0ff50b3ff39c2198f140b84c1e73a7daa84558fe79b1b755bf,2025-11-01T19:58:20.622309+00:00,2025-11-01T19:58:32+00:00,266
8eb0e41c47c19329822e9229cd6ae9808e1860e2051cc3509edc9dc245287d87,2025-11-01T19:58:20.751524+00:00,2025-11-01T19:58:27+00:00,265
ae1746df892bb7bb04f099816c7f016fe70fade3d0c60505ec60f28a72cd3574,2025-11-01T19:58:20.881546+00:00,2025-11-01T19:58:32+00:00,266
b8d62f37553b1cc8e065714e73310225795adb3bb83c2cce2373baab8066d096,2025-11-01T19:58:21.010912+00:00,2025-11-01T19:58:32+00:00,266
56f7d64584b58fc10beb1ce48818c504ae0a037c854fe96272485cee5a9a5770,2025-11-01T19:58:21.141430+00:00,2025-11-01T19:58:27+00:00,265
1ca684d7eb384f7f8a909b3fc73bf7431c627fab5ea8682471053bcc9d02d33d,2025-11-01T19:58:21.271683+00:00,2025-11-01T19:58:27+00:00,265
a5d80b45a043f1efc6c608e0e51ae34ab997e6a941c0f32abc7389d6de11dc87,2025-11-01T19:58:21.403973+00:00,2025-11-01T19:58:27+00:00,265
014bb9ad507996a0a983b6c34c7f7aae6cf67e9db121128a8ebab0c92818d0f2,2025-11-01T19:58:21.537027+00:00,2025-11-01T19:58:27+00:00,265
122a3d8ae8ba26902e45f8dbca130a5f0216d07a5489956eae9295f0d6b61f0c,2025-11-01T19:58:21.666803+00:00,2025-11-01T19:58:27+00:00,265
7e41e301b5d97adaf28a9ceafa002cf052ac04439b175b2703ddca82629decb8,2025-11-01T19:58:21.799196+00:00,2025-11-01T19:58:27+00:00,265
f20a8777aeda0b5590a7c8a58617d711cad6599ba840c62de97871cd296a5738,2025-11-01T19:58:21.932577+00:00,2025-11-01T19:58:27+00:00,265
4274393cc24b2f2659c17ba0f48c4e0642ab48ff2a44881f9c8e6a42831e765b,2025-11-01T19:58:22.270197+00:00,2025-11-01T19:58:32+00:00,266
88727c6e9111f9ba708f1639772b1f2623bf186e3b17cd45d1fe4f910de56cdf,2025-11-01T19:58:22.403306+00:00,2025-11-01T19:58:27+00:00,265
35da24db92e53d2f529055bdbb8aa1146edc88aa77c9f105a9f59692dd21d8e0,2025-11-01T19:58:22.539584+00:00,2025-11-01T19:58:27+00:00,265
d4a462624340842a08732c18dc8fbc6791fcba4ac3d84e22beab9df9f8c722a1,2025-11-01T19:58:22.673930+00:00,2025-11-01T19:58:27+00:00,265
e65489f8e3311752519eb4e2d59c49f20425669afa0523744424cf9ffd0d56b4,2025-11-01T19:58:22.808181+00:00,2025-11-01T19:58:27+00:00,265
b7a5c0dda332082d6365fede224146b50e7e770ae99ab774a95438905f55f1bd,2025-11-01T19:58:22.938280+00:00,2025-11-01T19:58:32+00:00,266
9a991f80fb4ecf6140bc4fbda276712d8efd77ee9de7913de392e8d216987d74,2025-11-01T19:58:23.069165+00:00,2025-11-01T19:58:32+00:00,266
d6cc5e93fda7fc32bf556ce66d83a2424b57312b665deba8619410909a823118,2025-11-01T19:58:23.196946+00:00,2025-11-01T19:58:32+00:00,266
5ee30ece62eea08c018ad7b5bd57e5a68c60d6b13cbe851e7e2367e14441bd7a,2025-11-01T19:58:23.323988+00:00,2025-11-01T19:58:32+00:00,266
0450bebf02edbf26bc39a42d80b08827dbe9de08b5534f3bd74d1793360a6801,2025-11-01T19:58:23.457890+00:00,2025-11-01T19:58:27+00:00,265
9d5301af0a12887b7d784355707e703d60ef35b6a8de9f6238b85a5447f144c8,2025-11-01T19:58:23.590679+00:00,2025-11-01T19:58:27+00:00,265
95eff7f4cecadf9632300e15435b6ef2a10b13df6e769ba339268e312b74825f,2025-11-01T19:58:23.726518+00:00,2025-11-01T19:58:27+00:00,265
81e5090f412c4161363bddf15385b8fd0e66b811782216855050f1b67eb51aeb,2025-11-01T19:58:23.855727+00:00,2025-11-01T19:58:27+00:00,265
34b2729bdb81bac30bb2b6d02ec7889e79f6313c0fd4a864f9b4297cb06d2761,2025-11-01T19:58:23.986516+00:00,2025-11-01T19:58:32+00:00,266
32ce16c097ff1d21c7caa708c0174da240d5e7c9f19f08764a3dd40b772a18f7,2025-11-01T19:58:24.118667+00:00,2025-11-01T19:58:27+00:00,265
ecd49de9a114ab5c62a2992ed00bc6ab338e4c7a6d8a65297614349e138e8ad3,2025-11-01T19:58:24.252047+00:00,2025-11-01T19:58:27+00:00,265
bde9754fdb14fdbbe04856480772e72c295f9c5025a3bcda496ee3343a6ee965,2025-11-01T19:58:24.381613+00:00,2025-11-01T19:58:32+00:00,266
0e541f8d6da7f47e940b222a83e549afc4a5e93d5746abba136c787919b3c3d3,2025-11-01T19:58:24.514824+00:00,2025-11-01T19:58:32+00:00,266
4bb40c2f493a509f8e38bb78b55a7dd0e59cdc9d7ca2c709d8de3bef8bdb0b37,2025-11-01T19:58:24.644777+00:00,2025-11-01T19:58:32+00:00,266
a9d4eb71f27b64e7e8630eb3c39eb430f9d9890e566a65be1a422f8c85dfa308,2025-11-01T19:58:24.775166+00:00,2025-11-01T19:58:32+00:00,266
a4ee37de22b967692db35217ee9b459e1b947bccdb570559c98bf8ac0d6fa0f2,2025-11-01T19:58:24.912884+00:00,2025-11-01T19:58:32+00:00,266
ab770f607edc167d5b658a19d028fde51ba39c592de4ad221c47e3c4259da9af,2025-11-01T19:58:25.042350+00:00,2025-11-01T19:58:32+00:00,266
0dd3f3afb08651f143d98c049b5b0c5402c6f896bafae159b7993f49f9b5f5ef,2025-11-01T19:58:25.173198+00:00,2025-11-01T19:58:32+00:00,266
91bb90e0a1c0f1a77907152c0c0fcbaf5b8bba72d93d717454471623d516eb73,2025-11-01T19:58:25.305101+00:00,2025-11-01T19:58:32+00:00,266
a47f211241acfa8efcbe9a4d5e834c95d86a1f72246b8d7e978a87869494758b,2025-11-01T19:58:25.436476+00:00,2025-11-01T19:58:32+00:00,266
b6a5a2ada6e820ff1a3213e8f990b8a8ce769977011f2d756149b89859fa1521,2025-11-01T19:58:25.571352+00:00,2025-11-01T19:58:32+00:00,266
9b070c79b2a3c830f4a2639c1536274c78bb5ba7e1c900783b4d3aef27e0709a,2025-11-01T19:58:25.707490+00:00,2025-11-01T19:58:32+00:00,266
f958d08b3cbdecafbb0e2f83d789fffadcadc5a01740781fe02d3849d7f7cbd6,2025-11-01T19:58:25.839066+00:00,2025-11-01T19:58:32+00:00,266
19e041aae3ba124fcce0ea8d94660aec615a114da6b43745d65053fc74a45da7,2025-11-01T19:58:25.968709+00:00,2025-11-01T19:58:32+00:00,266
b3ee61c979dd1e5193f55eab63f64f1a71eb82f43e362154de0049d7ef3b2822,2025-11-01T19:58:26.103786+00:00,2025-11-01T19:58:32+00:00,266
e03abb111ae9b3fb4a482b8bd46c42a288d2a35991b55d2935568ec63f002e66,2025-11-01T19:58:26.236595+00:00,2025-11-01T19:58:32+00:00,266
6418f2625a4d053ca67813370d374c6a94b404f6ff3f8b5f87e6de6acf2469da,2025-11-01T19:58:26.364270+00:00,2025-11-01T19:58:32+00:00,266
df7bd5ca98fa6460ec51269d61447c88f0e10fdbaa6538c6de4616930e7a4c72,2025-11-01T19:58:26.495038+00:00,2025-11-01T19:58:32+00:00,266
b3321f3597e1f12b1e8b8a72a549cf23dbc9f050c7b40ba6df12b6efa7850e37,2025-11-01T19:58:26.622487+00:00,2025-11-01T19:58:32+00:00,266
38f1fdb1dbb89a205a74f812911f7a9381b131fdd38c4886a83292faee0912f6,2025-11-01T19:58:26.756824+00:00,2025-11-01T19:58:32+00:00,266
443310d152c4d071e4debee5e8c124fad9be0d556ec5fc370cce2922bd130d93,2025-11-01T19:58:26.892980+00:00,2025-11-01T19:58:32+00:00,266
9163aa4baa74e2ab0a09d46b538be57014ecd8f1e4073324e27392fa02ac4879,2025-11-01T19:58:27.015962+00:00,2025-11-01T19:58:32+00:00,266
6a259b7ff6f12d22acc4b0e7c0ab0336432918e81329d65e8f4ed9ceda0408f3,2025-11-01T19:58:27.142695+00:00,2025-11-01T19:58:32+00:00,266
b24a9aafd372c5169f0c2be476c35bc5efc9490a2b7bb4baf81177f6a6f275c5,2025-11-01T19:58:27.473792+00:00,2025-11-01T19:58:32+00:00,266
0044f872fcfdb8195281b6ed6aa85c21aa9b909bab9251976b028cda58d15314,2025-11-01T19:58:27.601022+00:00,2025-11-01T19:58:32+00:00,266
4e6f34e35dec4baec1f47248a98a1d1106dd4e40b67f724d8e1ad8a13bfd6b86,2025-11-01T19:58:27.732105+00:00,2025-11-01T19:58:32+00:00,266
b9243320d11fcb167a29bb362fc55ba0571906ebc630764ce16c93f5cd62af67,2025-11-01T19:58:27.866790+00:00,2025-11-01T19:58:32+00:00,266
93bb0db1a25d42c0a3c5e981d4925602fa4a1f2ff8b579b1239596bf85fb9be6,2025-11-01T19:58:28.000719+00:00,2025-11-01T19:58:32+00:00,266
d2f272b40e1a6236f08abf41a4073c8ed9cb20c0f9eeeee724f40855eb23a7b3,2025-11-01T19:58:28.128930+00:00,2025-11-01T19:58:32+00:00,266
9dda5366464513e43265ef12ddf61c68babba54b9f0d7c807705b61434d68cf6,2025-11-01T19:58:28.263617+00:00,2025-11-01T19:58:32+00:00,266
08e55732d094c26f74be8cfced75b44259b40c6a07823cf57e27567d49a98929,2025-11-01T19:58:28.397104+00:00,2025-11-01T19:58:32+00:00,266
7820f037080576f3120846c150dcc17d353a8fa290197ab3c5e2b1ed5085e4ae,2025-11-01T19:58:28.531916+00:00,2025-11-01T19:58:32+00:00,266
f582f1cf83f3e9e1f301aa21b1c7be433a12a77323c93da635a3bffa85d767f7,2025-11-01T19:58:28.658205+00:00,2025-11-01T19:58:32+00:00,266
66cc35902cd23c2a063808bdb56d2b9055ec9aa86fbc8ba8e3616a8cd388e9b2,2025-11-01T19:58:28.791210+00:00,2025-11-01T19:58:32+00:00,266
767a0af8cbdfa3d063e0140deb949c784761a99d3eeaf593d43b7305ac0b3f07,2025-11-01T19:58:28.921173+00:00,2025-11-01T19:58:32+00:00,266
6b40d3667a3e0c11eeb5da98d949ad037de97443d9ff1283dcbcedd793a38454,2025-11-01T19:58:29.065483+00:00,2025-11-01T19:58:32+00:00,266
507cc802c35751aa300bd361726da6472d4cfb16b384accdb1ed97c1c1c81c1a,2025-11-01T19:58:29.192057+00:00,2025-11-01T19:58:32+00:00,266
237f7cf7dcb5d22f28e4b864eb029684ea7222994557982a11423184e119295b,2025-11-01T19:58:29.321055+00:00,2025-11-01T19:58:32+00:00,266
606ca67ad5acb5e33f909e5bd48021cbe0415f2b8d8143c551c8ee1a19558581,2025-11-01T19:58:29.453683+00:00,2025-11-01T19:58:32+00:00,266
3cca23791429bda7a3fb366fda3ab930ae60d28c87935587e724664dc492b6ac,2025-11-01T19:58:29.587955+00:00,2025-11-01T19:58:32+00:00,266
9076845ceed40932c28a5848a60567f6ced8019cf0e58bee78ffcbe238eea513,2025-11-01T19:58:29.725100+00:00,2025-11-01T19:58:32+00:00,266
384d4a7056c11b4ff843b05c51ff43297e06fea6b7a29300e92cb91cb84643fe,2025-11-01T19:58:29.851629+00:00,2025-11-01T19:58:32+00:00,266
2fece3fe042d169b6d48ecd051dd684408f0da38c55bf2b0b4c7ced21b101390,2025-11-01T19:58:29.979927+00:00,2025-11-01T19:58:32+00:00,266
fcfad697b37d2986f53924ffcaa296a040176092afeb5f73152538fcd1a45d1d,2025-11-01T19:58:30.111555+00:00,2025-11-01T19:58:37+00:00,267
311cf14b419b3b8257312f7796016b3c9a063255f6de1017fd41e48595750ec8,2025-11-01T19:58:30.243983+00:00,2025-11-01T19:58:37+00:00,267
804063ab2cc0d9b392a3141d05b963f8daf810f653d1834879f27cf1d4234f4d,2025-11-01T19:58:30.373299+00:00,2025-11-01T19:58:37+00:00,267
350dd53f423f84ffed46e8cf97ff7197cb2e9e316aba63dc7fae45af2054340c,2025-11-01T19:58:30.501056+00:00,2025-11-01T19:58:37+00:00,267
4cf61485579c8f8ab8d7a43d1aba864a3fe17693caaaaeafaaa33a34228f9f8b,2025-11-01T19:58:30.629029+00:00,2025-11-01T19:58:37+00:00,267
0bfba426a6bd31a4b5170dfbd4d5c2cf073cf492eec6fa36f49b8b8911ddfd14,2025-11-01T19:58:30.757636+00:00,2025-11-01T19:58:37+00:00,267
cd477c5db75fbbd0f3e7888834adec5f8cfb670f88491377b8db198c6c6af5c3,2025-11-01T19:58:30.886662+00:00,2025-11-01T19:58:37+00:00,267
d381145d855dde6de6007f7a7afe500593f13eb1e60046962a8e7b3d0018f0e6,2025-11-01T19:58:31.012412+00:00,2025-11-01T19:58:37+00:00,267
28ba0467d658f20bdeb15d3c308d71a7334a23d7ce4ef27b11a97dadf7e768cb,2025-11-01T19:58:31.141650+00:00,2025-11-01T19:58:37+00:00,267
1431e4143c60b767dc7182bd65709f5c47669541b9d4ba5a7d46594ceb72280a,2025-11-01T19:58:31.274311+00:00,2025-11-01T19:58:37+00:00,267
566f4632e4d4ceaa6133fae228a81bc5efe28bebbc9d844a99790a354bbadaa2,2025-11-01T19:58:31.401911+00:00,2025-11-01T19:58:37+00:00,267
e144efa6d981cdc2d2ce5e2d143d83dd4c66ac5ab4f919339acb1b462f1a8f77,2025-11-01T19:58:31.530701+00:00,2025-11-01T19:58:37+00:00,267
10339631dd2fef147ffacd7172765fcd417e97542a0073ce5ad56df8c0141654,2025-11-01T19:58:31.658804+00:00,2025-11-01T19:58:37+00:00,267
8def62edeba69e4a2f44b3bfa0370ae61b37dacf330e91366c72bc4c9dae19df,2025-11-01T19:58:31.787740+00:00,2025-11-01T19:58:37+00:00,267
12eb6c65b360e4a699d7a81097659bc7dc668dd993abf86ea3b071a1813f1e84,2025-11-01T19:58:31.912350+00:00,2025-11-01T19:58:37+00:00,267
69c61e92918ef194245957701d5d70c45851851b87e3b65d6765984e64c1c81d,2025-11-01T19:58:32.042458+00:00,2025-11-01T19:58:37+00:00,267
163aa811f5405b9ad9cc21fcf9462a6f8a448c91a7f962a4b742ef1eba64a3e7,2025-11-01T19:58:32.167992+00:00,2025-11-01T19:58:37+00:00,267
c5f4e43e6231ce074327c5e411918745e9e23eee6bd9f0dcd7d46a56c07ca060,2025-11-01T19:58:32.295707+00:00,2025-11-01T19:58:37+00:00,267
7fb5fec0645d783a6e6d393e0a1672834537ada3920ef6bae4c16ceb118c8fc9,2025-11-01T19:58:32.424705+00:00,2025-11-01T19:58:37+00:00,267
a2499b5d5913939e5b343980b8a441d66102812f39e03f5fdf94ed791ab1cc4c,2025-11-01T19:58:32.769309+00:00,2025-11-01T19:58:37+00:00,267
8dc571fa66ced896bc6e49acb95392657efea48f47f6435dfe952b56eb64c08d,2025-11-01T19:58:32.899267+00:00,2025-11-01T19:58:43+00:00,268
287b9af20aecf7ebf7082fc516dcf8434e09904d3654996b0e39008b71f5656c,2025-11-01T19:58:33.028057+00:00,2025-11-01T19:58:43+00:00,268
024da546253bcebb8c51645eb4590d6321d3e73ae81cd48a768809c4aa3950f8,2025-11-01T19:58:33.157553+00:00,2025-11-01T19:58:43+00:00,268
87eb56a86654894d1c78249698e5cb638aa53ba6cc196f9f35d11385860c644b,2025-11-01T19:58:33.286517+00:00,2025-11-01T19:58:43+00:00,268
41c56a4dc02a47036191e5c091e897a439ffe1819542b72e13b55e8f19cc5f40,2025-11-01T19:58:33.413470+00:00,2025-11-01T19:58:43+00:00,268
795a30bb400b2915c60f0676fa8537f7e2ef31806c124c7b628155398c7e6585,2025-11-01T19:58:33.544040+00:00,2025-11-01T19:58:43+00:00,268
a9f61926412cf7ed0b98858053b84cedd68a8aa1a883e52ba465940057a23a45,2025-11-01T19:58:33.672702+00:00,2025-11-01T19:58:43+00:00,268
0c159d3ee0300e53d499e2c676deebcf75a1d608d972ec08cd8b7f2d986e699f,2025-11-01T19:58:33.802891+00:00,2025-11-01T19:58:43+00:00,268
0d626567d0d3b50906cbd3e6d7a7221776ce06611d84b9a867b1879a676616eb,2025-11-01T19:58:33.930416+00:00,2025-11-01T19:58:43+00:00,268
7a9dce5fd77638320e8fc40c7e086c5aede9a95d3512279b3ef7514374d11b55,2025-11-01T19:58:34.063598+00:00,2025-11-01T19:58:43+00:00,268
3dbda1cc12b93418ad20cbc864d3dd6173d6367be167f69dd7004b8913fcb16f,2025-11-01T19:58:34.196861+00:00,2025-11-01T19:58:43+00:00,268
77ece5f9efe70113a3f7362b359ae60d4c4dc74b5de3acddf61de6d1284f6156,2025-11-01T19:58:34.325576+00:00,2025-11-01T19:58:43+00:00,268
7961ff470af1899f1b32e5659e549650903dc6f673b6f6e6cd30bd484dbe8169,2025-11-01T19:58:34.453768+00:00,2025-11-01T19:58:43+00:00,268
1398608b95b7515429ce909898711acc1bc9ba3fa9f275268034e25f4a7c4f76,2025-11-01T19:58:34.579962+00:00,2025-11-01T19:58:43+00:00,268
54b4614d9289974ed1d765801bdc17f5bf3502ae339cabab854c871b00755f96,2025-11-01T19:58:34.712619+00:00,2025-11-01T19:58:43+00:00,268
7a752fa5d9b09d637532b99f53ea5ed433f638a45608d67dda2b8fa5f5dc845c,2025-11-01T19:58:34.840288+00:00,2025-11-01T19:58:43+00:00,268
b116eabb8323a0fb74559e375c3dfd62c2ae389367dea4c4804810fcf826bded,2025-11-01T19:58:34.974905+00:00,2025-11-01T19:58:43+00:00,268
33b73ae3e7a08c6d8e79ae616def49f7ed8aa9fd5b95ffb41c11108c2fbd3616,2025-11-01T19:58:35.098658+00:00,2025-11-01T19:58:43+00:00,268
538fb664418a6f6499a684129a85c196bbd8aa0b6913e4b553ceeb8084119c8a,2025-11-01T19:58:35.228346+00:00,2025-11-01T19:58:43+00:00,268
8ba7d5af8f04c1d203ae05583dd751cdd76415cf4f6e10cc5a89c864fddb3308,2025-11-01T19:58:35.360564+00:00,2025-11-01T19:58:43+00:00,268
c4ab1abb02a5abad8ed09aa7ab93c7f1d188c24fe41c238aeda93705924325da,2025-11-01T19:58:35.486427+00:00,2025-11-01T19:58:43+00:00,268
216cabea8f952905edf93013224d2348dbfdc28115cda35d2a25e6e291f1b695,2025-11-01T19:58:35.615532+00:00,2025-11-01T19:58:43+00:00,268
5b8812f9b81baa6a6ea52b4c253fafa99eda1965d88f83fb0aeef2c0ec819c62,2025-11-01T19:58:35.743659+00:00,2025-11-01T19:58:43+00:00,268
e857ef1547ddaeacb71d3309e8cec865293fb98781113f1b3053a25d606e9436,2025-11-01T19:58:35.870808+00:00,2025-11-01T19:58:43+00:00,268
939bcbcfe0e696e8475d16a1ae84fc1eb354ffa24c825bdb4c78d3a67277db3d,2025-11-01T19:58:35.997036+00:00,2025-11-01T19:58:43+00:00,268
2f484d19cb09189e0ed4f5b8fb1749b9824da3065928615b72b4d9527c59b29f,2025-11-01T19:58:36.127814+00:00,2025-11-01T19:58:43+00:00,268
0053ce596e11a01af39ac730bccecc88926c06c3f7a1c9d679d3ddb01c131c91,2025-11-01T19:58:36.256157+00:00,2025-11-01T19:58:43+00:00,268
c81463b45ca3a3c89a279bba57b8f803b40f0026b375ef6e5e56fa75c6a927ae,2025-11-01T19:58:36.385575+00:00,2025-11-01T19:58:43+00:00,268
e3decfd971d6492a3fb47a7c1eba64efed906c98b4936560eaff8f917a8958e9,2025-11-01T19:58:36.513529+00:00,2025-11-01T19:58:43+00:00,268
97dd8009ede54119bcc01869da8ac1c05ba4b3b68af4c96218e285e65268269b,2025-11-01T19:58:36.645821+00:00,2025-11-01T19:58:43+00:00,268
cd3b1da644fb1ba2f73a4554ead2654c31a2ffa4f1523e3370bf01619690f41f,2025-11-01T19:58:36.771421+00:00,2025-11-01T19:58:43+00:00,268
84152ff6a07e30ab2f437a65dbc7fd02e4fc09fdcddbb99608ba529cd2223092,2025-11-01T19:58:36.904822+00:00,2025-11-01T19:58:48+00:00,269
2fcd7d6f9a929f257c7ec2a761c8146bf1b04ddb91007a32b2fc562d09bfdf73,2025-11-01T19:58:37.047567+00:00,2025-11-01T19:58:48+00:00,269
18d8b5ce303fb246521c9fd8ef780fadb0bf530fbeffa4330a1c6aee4b548264,2025-11-01T19:58:37.178020+00:00,2025-11-01T19:58:48+00:00,269
e8f77e98bb7ae5d733baafd6666478f78a1d2e8345bf38ff951466e883f52648,2025-11-01T19:58:37.314440+00:00,2025-11-01T19:58:48+00:00,269
19e8121409a96cbfa5c50d2e4f5c5f544281bc3513376b3d463c220330ceafb2,2025-11-01T19:58:37.448961+00:00,2025-11-01T19:58:48+00:00,269
4f4e68b41b843e832caa69b10496e43fc7a7a6c3ed8de985f0b13195747b9549,2025-11-01T19:58:37.580618+00:00,2025-11-01T19:58:48+00:00,269
5df744811c1a4e419153b849a831d849f21e32f55c041110f555c4121398dd12,2025-11-01T19:58:37.713855+00:00,2025-11-01T19:58:48+00:00,269
c946fa4aa1982aa8af98525f751f9bcada6f7bdaba33c30c09cb388763659fed,2025-11-01T19:58:38.048936+00:00,2025-11-01T19:58:48+00:00,269
1e5efa3083a7afccf2946a769dc8503e3cd263f0bc3173c00d1c36afda06aa8a,2025-11-01T19:58:38.175783+00:00,2025-11-01T19:58:48+00:00,269
0a3451b7cc36647d47f479a884a25ccafde49a73d845ab070d2f88f0f078b4e7,2025-11-01T19:58:38.334259+00:00,2025-11-01T19:58:48+00:00,269
7d7f702c3b123da498016b3315e92d500fcc9020a43d7313aaa6e7eb09d5f118,2025-11-01T19:58:38.462620+00:00,2025-11-01T19:58:48+00:00,269
642cbce4df1bfc9b173e3467eca6ab1349c01249e43757cfedf850a571ce0ded,2025-11-01T19:58:38.590255+00:00,2025-11-01T19:58:48+00:00,269
a52d05e423591af5999bf15e94fc533ac38ae7dfad4c3813ed26c8de13ac2ec1,2025-11-01T19:58:38.720352+00:00,2025-11-01T19:58:48+00:00,269
683ccc2400fd2ec717754cb6ebaf7d6ea2868c34edf1ef273c5fa87aa9847348,2025-11-01T19:58:38.855557+00:00,2025-11-01T19:58:48+00:00,269
d9357082a3d25bde7477975c732593851be31f0869722fff852d269c2a53da97,2025-11-01T19:58:38.985594+00:00,2025-11-01T19:58:48+00:00,269
c31007378b323e8b4f3f160dffb93a0dd90a7ff96692283fc03b0a7b440ada6f,2025-11-01T19:58:39.137533+00:00,2025-11-01T19:58:48+00:00,269
d69935e977b1d385809136c9d91fb22c730382b9160b7d686f8f5d6e48ee7b29,2025-11-01T19:58:39.267258+00:00,2025-11-01T19:58:48+00:00,269
c7ec25b52d7fc8218c161fec92e7b1b6f00c602e3df77029dee515d1e258f7e8,2025-11-01T19:58:39.394975+00:00,2025-11-01T19:58:48+00:00,269
a4b9501f32c0122351bd482655d9426692e04f1865dc6915b88e768e424f0e33,2025-11-01T19:58:39.525479+00:00,2025-11-01T19:58:48+00:00,269
8d0e80f5e6b72275ea57d4748bc89003c8a4dbcee747ae3b63bba39b4700cd9f,2025-11-01T19:58:39.660864+00:00,2025-11-01T19:58:48+00:00,269
727e7b5d758d7923fac3f2b6f01d97c3b53827c33ea8b620f7025a8ca232eb91,2025-11-01T19:58:39.791021+00:00,2025-11-01T19:58:48+00:00,269
6114e791bc6bc3c51727c0727e650c46295b570004b807a36cade41c2f49779f,2025-11-01T19:58:39.922183+00:00,2025-11-01T19:58:48+00:00,269
ba133d7297a5549cc9d3d04fcb4e79a20abd6e4a5f2bedcfe17c32fa75d60482,2025-11-01T19:58:40.053205+00:00,2025-11-01T19:58:48+00:00,269
d02f2b2de536e79ab49c55f09cd8dd297bbaf503c4f06b281d340d86b5c8304e,2025-11-01T19:58:40.190656+00:00,2025-11-01T19:58:48+00:00,269
6b8d6fa71cd4e74fd9df5ccc0116fdb836f8420a1a3f79ef5eeb023d9c6ac90e,2025-11-01T19:58:40.321938+00:00,2025-11-01T19:58:48+00:00,269
5529dd9781fe4814c76e6caee603789eb632e974dd7946d2827ac3bf40e1068c,2025-11-01T19:58:40.450926+00:00,2025-11-01T19:58:48+00:00,269
05e8743deaadf172db4463fdceea5ce6235d1021b48f619daccbe3e509ee9f79,2025-11-01T19:58:40.586533+00:00,2025-11-01T19:58:48+00:00,269
bd0b5f77bebd844a3513a6e127d982199265f80c06b0f1d6e7c1332be2d3728a,2025-11-01T19:58:40.718761+00:00,2025-11-01T19:58:48+00:00,269
80daf19896f151e40637d418406272973fad6a48122380fe846a999c374d9f56,2025-11-01T19:58:40.857371+00:00,2025-11-01T19:58:48+00:00,269
93e9fb42b287e2f7865cdc1697542ac8dfa9415057175e430d681a71ef049809,2025-11-01T19:58:41.000268+00:00,2025-11-01T19:58:48+00:00,269
207b8996b9adac88ba05d4a8793188a233e769002844c03363e24773ca13d03c,2025-11-01T19:58:41.133746+00:00,2025-11-01T19:58:48+00:00,269
23b0b72265925592f75c4d3d97c1a0f043257433bfdac7b78a0672dea9a324f5,2025-11-01T19:58:41.266694+00:00,2025-11-01T19:58:48+00:00,269
13b6c37d15b92435780cf555be15fedf53b964c8e1b23383071a2cc7276c5520,2025-11-01T19:58:41.399751+00:00,2025-11-01T19:58:48+00:00,269
4fe5a055016e545335370f3407f491c5057dbc2066bfd4d4f2259096c8a9d779,2025-11-01T19:58:41.527792+00:00,2025-11-01T19:58:48+00:00,269
6258589187f6be4cb977035fd0ebf4b98acae7f957080f054ca04ef08a2b5ebd,2025-11-01T19:58:41.670155+00:00,2025-11-01T19:58:53+00:00,270
8727cb8b2973acc8c8052d930694e1683031445073cc2341e755e0f609da0d40,2025-11-01T19:58:41.800253+00:00,2025-11-01T19:58:53+00:00,270
15983a2a752f855609c05c9c94b0d8d979d2926d8dc51290a365438251dd045a,2025-11-01T19:58:41.926318+00:00,2025-11-01T19:58:53+00:00,270
e5b1462bd43a8bb754dbc77e50baebc95a3eeb39927629e5477354b4c61c0c35,2025-11-01T19:58:42.062616+00:00,2025-11-01T19:58:53+00:00,270
4eb102c9c855a5fd5e9a274cbd3ab0541bc1ed4500516249a2c7e3a49dc7d7b1,2025-11-01T19:58:42.201323+00:00,2025-11-01T19:58:53+00:00,270
afca4150dbb50a0bd0670b5a6afffc8a4302291681ae93380117f32efe686bfc,2025-11-01T19:58:42.331503+00:00,2025-11-01T19:58:53+00:00,270
8bccd6d79f6aa61171642cf48a7d813a74002880d73f128bcd37107d3d550ec6,2025-11-01T19:58:42.466666+00:00,2025-11-01T19:58:53+00:00,270
6ccc93893026eb5f1722eb457c7293c1c672544a1da93a00c3aad0298d19f8c7,2025-11-01T19:58:42.602793+00:00,2025-11-01T19:58:53+00:00,270
95ba6f2e27060f8b4a0737cb84d08ed4c3131d34c0e3e05367975bea1f1e4327,2025-11-01T19:58:42.735592+00:00,2025-11-01T19:58:53+00:00,270
c69fb9e7589cc7dd61426a6ae37137cb9c8d29d38241db0f3bffae73603dc3e9,2025-11-01T19:58:42.866987+00:00,2025-11-01T19:58:53+00:00,270
e81a184fa4c600c194d8baf981d25e93ba25567a9bde156ee8f5591bd31d4b85,2025-11-01T19:58:43.000948+00:00,2025-11-01T19:58:53+00:00,270
c1700a1c58637a1a4ff462fe9ad382dac8050784759fda3309621c9ab38b6d05,2025-11-01T19:58:43.332435+00:00,2025-11-01T19:58:53+00:00,270
7466ef91d09936e334b3d808aadc0b11a0cbe6e7824c4c6e1ae71ab2855cb7f9,2025-11-01T19:58:43.463046+00:00,2025-11-01T19:58:53+00:00,270
b903e1a0607e110851f0a1467fdd5610189728e1ea686f418fb6a9f793ba0f33,2025-11-01T19:58:43.590240+00:00,2025-11-01T19:58:53+00:00,270
c1fe46017fdfed21df22094be0d5d559fece65d376a42d9fd27fea0607162c45,2025-11-01T19:58:43.723225+00:00,2025-11-01T19:58:53+00:00,270
18f2f7f2e8ed965f62334560798f24343ee5c7935f9918a4bb2bbeb215c5e111,2025-11-01T19:58:43.855460+00:00,2025-11-01T19:58:53+00:00,270
2838460ef3438c1a02bb44772911c02474b9cd0827cbcd8d15bad0b314143538,2025-11-01T19:58:43.985101+00:00,2025-11-01T19:58:53+00:00,270
820356bb6a739b1be1548c4e06d85b69fdefa6eab32ae19a0a6f0ef37876d8fb,2025-11-01T19:58:44.115265+00:00,2025-11-01T19:58:53+00:00,270
53a0924d3cd195bf84f2069de416ad3fbbf540b22739480656e8cd56e88b1c37,2025-11-01T19:58:44.245228+00:00,2025-11-01T19:58:53+00:00,270
a64b608d5651bdebb2a22f5957a8a254f7461fc0cb834ebfeaca6998404bd84f,2025-11-01T19:58:44.374770+00:00,2025-11-01T19:58:53+00:00,270
1c73634d5830412f96273593facd8b6a2c3ccb6639d1d5fda6831f5184a9c630,2025-11-01T19:58:44.505944+00:00,2025-11-01T19:58:53+00:00,270
37ab97908541b23213010d4e5a81fb114f15e3f4c113dfc6a4afae282f106c87,2025-11-01T19:58:44.642715+00:00,2025-11-01T19:58:53+00:00,270
18a54d1c3874a19996378014edc512491fb7efd7abb7e987fe7a82f7cbd76463,2025-11-01T19:58:44.778259+00:00,2025-11-01T19:58:53+00:00,270
874df5b4ba65a1b67af22fc0b1dd27a08da634027ca76c8f17bc979f59b57075,2025-11-01T19:58:44.907415+00:00,2025-11-01T19:58:53+00:00,270
f571472e3da8b1c6392f747d2ffcd7f846d7fcebec03ec036cddbf2b5ff3a30c,2025-11-01T19:58:45.039640+00:00,2025-11-01T19:58:53+00:00,270
17ad0d7250579248a7a540a44347290b9a189216560e1c50a56f950b7db4453b,2025-11-01T19:58:45.170380+00:00,2025-11-01T19:58:53+00:00,270
856292590a80f65e9947bd16227414acfea390ddddfe1cabcb3225fb9d2bb960,2025-11-01T19:58:45.302173+00:00,2025-11-01T19:58:53+00:00,270
cccc5cca9a4d62ee7110bf5a1546f4d6378c532c0db0da30d5930a26322e38ea,2025-11-01T19:58:45.435754+00:00,2025-11-01T19:58:53+00:00,270
05fe55a3d41741316e01a2d651f006d7a84369eaa4ee4fed39b162ca2f169586,2025-11-01T19:58:45.572167+00:00,2025-11-01T19:58:53+00:00,270
1f60b78555acc813445f0f4b9ded2f3689c403a6f1eab1426b69b3e5c1104afa,2025-11-01T19:58:45.709367+00:00,2025-11-01T19:58:53+00:00,270
1757ac2b1d6a7eae9b7f5ae8ecf4d85501799eed5713708628dd6113c2bc21f4,2025-11-01T19:58:45.846017+00:00,2025-11-01T19:58:53+00:00,270
3b3e05d2ff1f95156aa13dfb0ba4c7f97d337fc45a70dbf0482518bec63e529b,2025-11-01T19:58:45.977905+00:00,2025-11-01T19:58:53+00:00,270
c30d541ee2d56297f366a2c24c65e9ff4833e8fe3ae06dc4cf250d263adde33a,2025-11-01T19:58:46.110818+00:00,2025-11-01T19:58:53+00:00,270
57d54ef593a228af1c50830c496675fdaa2d77804b905aec5ff109ec1e99bf1a,2025-11-01T19:58:46.243639+00:00,2025-11-01T19:58:53+00:00,270
39ba1d8037bfb570956d74c387d8dbfcdfcc291aa97f1db02d3ae9b29d70961a,2025-11-01T19:58:46.368687+00:00,2025-11-01T19:58:53+00:00,270
726b5a6362f8f98a8985f8d2d2c8f0570d3b9268656742ee4d66b7c201509dc4,2025-11-01T19:58:46.499160+00:00,2025-11-01T19:58:53+00:00,270
13ad9c7635e26381de5f88e6fc067d96c0dbd918ce0f0411170b7dde2056858e,2025-11-01T19:58:46.629395+00:00,2025-11-01T19:58:53+00:00,270
aa4a13a790920962dc366dc8e968104c7fd12a68f571c6487e4772cd7e7912f4,2025-11-01T19:58:46.763752+00:00,2025-11-01T19:58:53+00:00,270
a99c59d186d09eae4a23f1ae33c3c4900b4031ea156b1d1f2a1c3112d549b8bf,2025-11-01T19:58:46.896835+00:00,2025-11-01T19:58:53+00:00,270
c7714c50a09b9e8627011f82028aa147bf17caadf6420cbf929d90a7c2eff73f,2025-11-01T19:58:47.027932+00:00,2025-11-01T19:58:53+00:00,270
c7cf44edbc3e384e7ec86e46e42aee19b2b5453f26f920cb288ae573ecf2672c,2025-11-01T19:58:47.157808+00:00,2025-11-01T19:58:53+00:00,270
037ad1f9bd46a86b6554314b1a0fd873a25e2122cd1e485b68a24e66b1c49d57,2025-11-01T19:58:47.285671+00:00,2025-11-01T19:58:53+00:00,270
c0b1f24acf20324ab09e3038253475482f883590ce88bfa4af69e375f15ddb67,2025-11-01T19:58:47.417471+00:00,2025-11-01T19:58:53+00:00,270
ac8504118e22dfbff9c0c88ebce851ab48f69e32f6cebdea5ca67c6b2ba0d5ce,2025-11-01T19:58:47.550501+00:00,2025-11-01T19:58:53+00:00,270
88e1e87dc5c7ad801f81e7559dce1689a79ce7c5e7b9a16a61b77a898d752f5e,2025-11-01T19:58:47.685438+00:00,2025-11-01T19:58:53+00:00,270
96936addc6f20e70b3d5c8d9b5199410c3ec04ec2a9a2f081c71a9c517ccf780,2025-11-01T19:58:47.825004+00:00,2025-11-01T19:58:53+00:00,270
1d4a27be0881286e88dd0a87e7793aeb454d3e15300a023750e14afe5bc88ab6,2025-11-01T19:58:47.954798+00:00,2025-11-01T19:58:53+00:00,270
6f038341935a694fc1a7eb05f862ea571e099d9c0ebf5dbeb94abaf09b803d00,2025-11-01T19:58:48.077747+00:00,2025-11-01T19:58:53+00:00,270
df92139f1dc43c573e2cf5836f3c67bef2748862a6a6eba6e1ede3b79f817cb2,2025-11-01T19:58:48.210357+00:00,2025-11-01T19:58:53+00:00,270
0499ef8e534ee8a3aa96c2a9067ff36ecdfb7b72e25d3ca79d1fa8e68ea6d6be,2025-11-01T19:58:48.541330+00:00,2025-11-01T19:58:53+00:00,270
7bb02a39685e91035311d4a4278ec85861822b23b5e0c56df2e3f63af7ffe948,2025-11-01T19:58:48.671140+00:00,2025-11-01T19:58:53+00:00,270
2cb9b98e59babcab8bc58bded898f7c352d0673648726f8debb08bd028df1fcd,2025-11-01T19:58:48.802110+00:00,2025-11-01T19:58:53+00:00,270
5a40f6a0aa628479ac5d2e074a89ebcb3ba7fe0f1e1828c003ff5605c7503155,2025-11-01T19:58:48.934110+00:00,2025-11-01T19:58:53+00:00,270
a650d91cde600020b51a2ceb17de15b77dc4e4a5933403e82c7c29ac222a749c,2025-11-01T19:58:49.070531+00:00,2025-11-01T19:58:53+00:00,270
19e2fe8e754e19520ad02b29f0031c40a24cde5d968bc1a76351d8a67d2d359b,2025-11-01T19:58:49.197421+00:00,2025-11-01T19:58:53+00:00,270
f61eaa8cbd9f4073ab7a40bacce9c9d1c3370c2175093e4ac3713cab2bb9d250,2025-11-01T19:58:49.326760+00:00,2025-11-01T19:58:53+00:00,270
50caf9cfaed84be1c9d37b602d2482b8bb8a4fa47154a53fbfb1d917c191c8e7,2025-11-01T19:58:49.455107+00:00,2025-11-01T19:58:53+00:00,270
b0c2b5e0ae6b697600b2b2960f64b038696ce42485290d57029a598f95baca81,2025-11-01T19:58:49.584183+00:00,2025-11-01T19:58:53+00:00,270
40dcec73a7d498ed2173f6bb4c95822e8bded2e7f7506910ca44c50fec85b6b8,2025-11-01T19:58:49.716086+00:00,2025-11-01T19:58:53+00:00,270
6ef7e33553110a4263d36e6776ed3c9c93a3cf505cc4fe13483f3c7b617bfec1,2025-11-01T19:58:49.881900+00:00,2025-11-01T19:58:53+00:00,270
0a83fa17596fa211e3268ae50e34c03a4211f7f4ac373dba0e0554269f8bf79f,2025-11-01T19:58:50.013028+00:00,2025-11-01T19:58:53+00:00,270
dd30a6393b5558fe889ac8adcfddfdd5eccee23d2449e0522caf7a663fe9b55b,2025-11-01T19:58:50.148305+00:00,2025-11-01T19:58:53+00:00,270
edd1be2f8ed3a1269cc91cd50947577de16ecc22b418c07ae62853f279a8d1d8,2025-11-01T19:58:50.274156+00:00,2025-11-01T19:58:53+00:00,270
bb32fca855451a4dfe8e65886b05f7958ce51d72af4ae2050734d5d094320524,2025-11-01T19:58:50.404418+00:00,2025-11-01T19:58:53+00:00,270
ef43c2b30054ef6b4c991e53410fba8aa533320e6f48fad69ce1a01b01ffd019,2025-11-01T19:58:50.536186+00:00,2025-11-01T19:58:58+00:00,271
d24f8d9aac45ef9c49dca96c0588892cc181169c1320da200ba4794ce6775a13,2025-11-01T19:58:50.664621+00:00,2025-11-01T19:58:58+00:00,271
d5056f10ded2d4e1e1319b0e651c0385b10c18130f1858ba49eea7f3457303aa,2025-11-01T19:58:50.796102+00:00,2025-11-01T19:58:58+00:00,271
eb462a1f1e64c54addd0948cc5119ebfdfce811d345acbcc1be6bc30581cc790,2025-11-01T19:58:50.926493+00:00,2025-11-01T19:58:58+00:00,271
bcd374e16485de25dfda63865fe321153f0d1a10ee1255b5f33f596cf2610a6f,2025-11-01T19:58:51.057380+00:00,2025-11-01T19:58:58+00:00,271
c17fa9d172214363e3146ae352934fb32266140d23f2e9f5019acf4950db2d53,2025-11-01T19:58:51.191164+00:00,2025-11-01T19:58:58+00:00,271
0c161b54002bd5b34c413319d34638784638f3e4df372d756e0cc87bf0aad9ff,2025-11-01T19:58:51.325830+00:00,2025-11-01T19:58:58+00:00,271
51fd68365813456d5d9cd614ea0aed0c94569aa8424dd774ab6402acfbf3841b,2025-11-01T19:58:51.457856+00:00,2025-11-01T19:58:58+00:00,271
b4b343b68496fcb5706707d1dc837006ee1d082dae5e20e5ade62b1ff5e5a120,2025-11-01T19:58:51.589481+00:00,2025-11-01T19:58:58+00:00,271
f2030eb34264c97c5358fae2dfd7c47a8dadc443be9cfceff82bae71467b92dd,2025-11-01T19:58:51.718193+00:00,2025-11-01T19:58:58+00:00,271
3ee3ea5f1174eb3785ae39ad5361debe825aa51c2a00f19e7f913ad5cf44c299,2025-11-01T19:58:51.851183+00:00,2025-11-01T19:58:58+00:00,271
f93c9d177bcae50d8eb0d0ba3af71e1bf01be5a96f7202ea10de0f3ef7b942be,2025-11-01T19:58:51.984848+00:00,2025-11-01T19:58:58+00:00,271
266b8d62ffe08d495da7aa4c31b3c07aed33be99d6dd3d3d00051fb70d340f22,2025-11-01T19:58:52.120423+00:00,2025-11-01T19:58:58+00:00,271
1265fae01072e0e80db84d811e66204ced7eff39ffe60a8c9908bd65276cc43f,2025-11-01T19:58:52.257205+00:00,2025-11-01T19:58:58+00:00,271
8ec5c5f199671cb874abe3971fcc897ee8f82fa56a08e5d30f3e2a7d274c6311,2025-11-01T19:58:52.388771+00:00,2025-11-01T19:58:58+00:00,271
3db359fe87ea5f87960872a9415543baf043643d74750d56edcfe23d56f1490d,2025-11-01T19:58:52.526193+00:00,2025-11-01T19:58:58+00:00,271
d6c5c52534c5ab932914ca1b0ff545832ad60dbd9d7892928bbfe12e84afb8e5,2025-11-01T19:58:52.657616+00:00,2025-11-01T19:58:58+00:00,271
5d1bbb999630565b2830175c81eda4e88c7da848b0b0bad192e192fe6b2f4237,2025-11-01T19:58:52.794563+00:00,2025-11-01T19:58:58+00:00,271
410147b39a8b3ea9cd6e726917237b21cb8923f5becd4d6e8b78ffd7932f0be2,2025-11-01T19:58:52.930199+00:00,2025-11-01T19:58:58+00:00,271
4aa0c7028c868da2ac75f65972dcb9c831286d45b3e644b9f72df4d207045a6c,2025-11-01T19:58:53.062969+00:00,2025-11-01T19:58:58+00:00,271
c44baa66b7b6a52bc5e1d75fa61a25ed0b0e5a2007633af7165fa801e3205a75,2025-11-01T19:58:53.199276+00:00,2025-11-01T19:58:58+00:00,271
68da70814129ceb67520bb096b71b3cb2b01e53f560e20f031cbeefae9d49452,2025-11-01T19:58:53.338157+00:00,2025-11-01T19:58:58+00:00,271
fa93aaf5921cb1697807b64ed751e5624b534f46ece97640df0dbf29e55329a4,2025-11-01T19:58:53.469574+00:00,2025-11-01T19:58:58+00:00,271
d05515a35ccd1cc96ce10bb48222d7689755047917117053b07675a9bea0ebe3,2025-11-01T19:58:53.598810+00:00,2025-11-01T19:59:03+00:00,272
b8a5ec03622ef469aa6a20c6aae702aa89ec4ac0cd656022e10307f0c5046202,2025-11-01T19:58:53.732259+00:00,2025-11-01T19:59:03+00:00,272
a5139e29021d9c62302747ada4e2beb2fae5c8acc2250e94264b721328cc8824,2025-11-01T19:58:53.863898+00:00,2025-11-01T19:59:03+00:00,272
0d56e9286a68c66b5fa95d66a3e6287642e5c7d857a4acc9e0a0ecde7f7d7db5,2025-11-01T19:58:53.996825+00:00,2025-11-01T19:59:03+00:00,272
a9991596a34324e17be9912dca9ed24f8ce12f2fc25b8c0f9a5f941d37663a43,2025-11-01T19:58:54.126731+00:00,2025-11-01T19:59:03+00:00,272
a228bdc866f2586fdad6229db8cf73057b3dd5b8a10ddf97a417359986582ae7,2025-11-01T19:58:54.258558+00:00,2025-11-01T19:59:03+00:00,272
51e9aa7ae3ea53b2cb248ce9fd84b5a62a3bf42531f668bf5b1ee1bee0121313,2025-11-01T19:58:54.391829+00:00,2025-11-01T19:59:03+00:00,272
21fe571b31631965b39fd458a8edbd6884b0dc714b44a6d52e6396edc6f0196f,2025-11-01T19:58:54.523792+00:00,2025-11-01T19:59:03+00:00,272
3caa465c728921e224312f17c193e3036b99c6c593eab6707ab55aac0c7256e9,2025-11-01T19:58:54.655864+00:00,2025-11-01T19:59:03+00:00,272
592d8ae8995b18b7b5541ee3ab4635f3cbf907d2c6c4874af4f2938877f25bbe,2025-11-01T19:58:54.787353+00:00,2025-11-01T19:59:03+00:00,272
10e7991d3dbaa61580df08b90f19206ed26ba8b0f7c81eb08e82d837a20b5e51,2025-11-01T19:58:54.915201+00:00,2025-11-01T19:59:03+00:00,272
2d304170e613e817b3d095b0cc16af21600442272588468385cb44df5e2524e3,2025-11-01T19:58:55.045341+00:00,2025-11-01T19:59:03+00:00,272
43f08cdcb5c4408cf58a9d2d9fae14c02d36d2103ad78a15ec5988a246ccf370,2025-11-01T19:58:55.177430+00:00,2025-11-01T19:59:03+00:00,272
8a8967586ce40ae84fa7f543e2e12f53279a4b948910f831658d9517b3b7618a,2025-11-01T19:58:55.314928+00:00,2025-11-01T19:59:03+00:00,272
03c51e38c5c76a6f019c41357eeb88b88a5d28f11aa6cc901bee3fff83a0eb69,2025-11-01T19:58:55.449866+00:00,2025-11-01T19:59:03+00:00,272
cf0c31f95355c45089e91864e134ccee98337828bd3243fb230f42413f9f910e,2025-11-01T19:58:55.585220+00:00,2025-11-01T19:59:03+00:00,272
755529bccbea28485df298619c25f666c8738424ab62352c35f6fae6868fd92a,2025-11-01T19:58:55.722252+00:00,2025-11-01T19:59:03+00:00,272
b2ad0b190fdfbc625800c8f20e256fb4e04c735744266b1f54ac6e1da53c143c,2025-11-01T19:58:55.853274+00:00,2025-11-01T19:59:03+00:00,272
40e59d826e752ef8971845dc367cf8a971fee638b91686703ad4167a2de9c4e8,2025-11-01T19:58:55.987225+00:00,2025-11-01T19:59:03+00:00,272
25a105f0583e6bda6035c1de783e7daebcbf075ade8d129249549c1d01f67ec8,2025-11-01T19:58:56.116372+00:00,2025-11-01T19:59:03+00:00,272
04a93bcdc64174ae4733c41341a2b47a8a9ed3ebcb5b7fa2a5e9010235d8a5ca,2025-11-01T19:58:56.248065+00:00,2025-11-01T19:59:03+00:00,272
bab4807769e9f0d89993d082b02acf91136405b4ce21ed662a4afc4f74d4a520,2025-11-01T19:58:56.378190+00:00,2025-11-01T19:59:03+00:00,272
89da0fe4169b21e29cfecc77a01edc14ab78bd30d7457d5f92f1d023881f05ec,2025-11-01T19:58:56.520851+00:00,2025-11-01T19:59:03+00:00,272
e6cebd66d7de0c9b3eda12a96dad839f4ab294ab8e0dad4030ac42a631532981,2025-11-01T19:58:56.646805+00:00,2025-11-01T19:59:03+00:00,272
63964ea07fee133537752978d5fb36a9ae19e33232ef9d9d2e2c82be4245e623,2025-11-01T19:58:56.781373+00:00,2025-11-01T19:59:03+00:00,272
91a71f80c4141e739bba64fb80a7adb3d8948996c6e255df9b9a37dc72e12bab,2025-11-01T19:58:56.914444+00:00,2025-11-01T19:59:03+00:00,272
c495387ce3beae1d442055e5126c5aef2d592e7ed56e841f62e15dfa0c6f0350,2025-11-01T19:58:57.042063+00:00,2025-11-01T19:59:03+00:00,272
352921a4a1985aa0e62e337f5838a4153f8ab14c639b4a1be7d84cc7d084a79a,2025-11-01T19:58:57.173782+00:00,2025-11-01T19:59:03+00:00,272
cc6b517f3129638d4f3d29a99c3aae2b6bd6c645ddccc14dcb30a8877a6e7e12,2025-11-01T19:58:57.305969+00:00,2025-11-01T19:59:03+00:00,272
1ba1e5df017b616b0292c27e8ba215716ffad896ad9883b7736ba253850ead27,2025-11-01T19:58:57.436918+00:00,2025-11-01T19:59:03+00:00,272
fa46c48b6aa5fce6a1e09c6fc62ed2560f4d87b1ae62413b849a34aaab493696,2025-11-01T19:58:57.574541+00:00,2025-11-01T19:59:03+00:00,272
fc29d1691695d84b403e17148bfea9f6ce758cae38da1c1b53944f314950973b,2025-11-01T19:58:57.708239+00:00,2025-11-01T19:59:03+00:00,272
f12e7aff15c0dd879ef2f399908cff5a1e1d4ff6693de89ce6cc20f4887b0c53,2025-11-01T19:58:57.837709+00:00,2025-11-01T19:59:03+00:00,272
a3907770680de8aad9d85f6b43bb8a497bfc5f05f27c458ae6bb3d54f2966a8e,2025-11-01T19:58:57.972156+00:00,2025-11-01T19:59:03+00:00,272
83b09500c0947bce10cc2c104417280a33c7bb0169f6412e99a5981208c3186f,2025-11-01T19:58:58.101455+00:00,2025-11-01T19:59:03+00:00,272
bb44f266bd8d2e5be529fdbb111e53dac7133616982254aacb68a36328e3235e,2025-11-01T19:58:58.232057+00:00,2025-11-01T19:59:03+00:00,272
2df433cf27bb146eaaaabbd1760cca19c58d90befa73c3c7c5af9fce1dd30b4e,2025-11-01T19:58:58.369048+00:00,2025-11-01T19:59:03+00:00,272
8b6d3fe82c67598b49888b6e4f6a621fa8dfcb98760e89bfa8da3cd82165a1df,2025-11-01T19:58:58.504726+00:00,2025-11-01T19:59:03+00:00,272
9c533cfce869756840226e1ae62bddd284e9791febe303bae79a7250aa87c090,2025-11-01T19:58:58.841139+00:00,2025-11-01T19:59:03+00:00,272
e0e9a61f186c824360493b06bc75be757474d237ef0cba5e3c2faa63e6bdf521,2025-11-01T19:58:58.969357+00:00,2025-11-01T19:59:03+00:00,272
bd594496a6d10bf0c6290c8b9c751f253c25d0b9e70f9914f5675962e6bccb38,2025-11-01T19:58:59.106582+00:00,2025-11-01T19:59:03+00:00,272
cd9cb60683b266968eadb71d5d2386d299284903853b3d772c6024757ab9f250,2025-11-01T19:58:59.238593+00:00,2025-11-01T19:59:03+00:00,272
e0ca8b48844ed265db8b0755cbdc5338c746cc60aa6b1c1b7c844ccbd65d9461,2025-11-01T19:58:59.372164+00:00,2025-11-01T19:59:08+00:00,273
1285dbeafe28de95eec93ef79eae3bd55e06f80043d259be6bc7267eda9b95b9,2025-11-01T19:58:59.500904+00:00,2025-11-01T19:59:08+00:00,273
1160a18646fb89990f260f90fb684040c08cd4b442f9e4ce1da7455093c6765e,2025-11-01T19:58:59.633403+00:00,2025-11-01T19:59:08+00:00,273
2967eb75b7cd01e339bf0bb40b7856ee97317afcb7875477bd600451bb76c5da,2025-11-01T19:58:59.791933+00:00,2025-11-01T19:59:08+00:00,273
a51fbb6bba2360f5425fb981d03ad11ca88f42656385aadcdd5946a455c674fa,2025-11-01T19:58:59.927910+00:00,2025-11-01T19:59:08+00:00,273
0350a3c21449c8826a28cd839c76b069918b61793a81fb57cb1257722235d8e9,2025-11-01T19:59:00.056902+00:00,2025-11-01T19:59:08+00:00,273
a2d6be4f66b4a1784b489e8dc530bac7f40aa978ff0a18093d46e29a48bb6d1e,2025-11-01T19:59:00.191397+00:00,2025-11-01T19:59:08+00:00,273
22be26b7f30b7a3e0156ddb98b1c5e3b51d57b5f12cfbe12fe4986065dc32852,2025-11-01T19:59:00.324147+00:00,2025-11-01T19:59:08+00:00,273
e44c7f1ecbfb9718ee7eb174886324b3fdb707323e54000321df8f4bb309e0a5,2025-11-01T19:59:00.456145+00:00,2025-11-01T19:59:08+00:00,273
15309bf57576e8a6dd1f2061f26572703984a904c8f3f30f3d24142e3c18ced1,2025-11-01T19:59:00.587927+00:00,2025-11-01T19:59:08+00:00,273
de49bb985156e5a87530630dd4873c427c2abe883382899189cb472905c25739,2025-11-01T19:59:00.719339+00:00,2025-11-01T19:59:08+00:00,273
2e2a882c4435088a08bbf42328302c132254b87deded31e025583576c4f6dd44,2025-11-01T19:59:00.850406+00:00,2025-11-01T19:59:08+00:00,273
5dea8a8ef694d9f606bfbcb5e0b76c1bc99225bde29f0a624d50cdc93e26e2ed,2025-11-01T19:59:00.980448+00:00,2025-11-01T19:59:08+00:00,273
5cf4c05d1bd115635230cb49c8e628e50a58725fef78a2320a5dd88e8058295b,2025-11-01T19:59:01.116878+00:00,2025-11-01T19:59:08+00:00,273
428ec01c589ede3078eb6538d5652536c8c0b8fdb763d4949e5eeeae45ed7752,2025-11-01T19:59:01.251090+00:00,2025-11-01T19:59:08+00:00,273
acc56eac6f8d3d47dd6738cb59960c9ad29775ffe69d2b0e9723f805dbfd1c9b,2025-11-01T19:59:01.383374+00:00,2025-11-01T19:59:08+00:00,273
5ae902669c1ce9b6a0c4423fa5054759a9d76fda1db82da734171b2bcac89795,2025-11-01T19:59:01.516300+00:00,2025-11-01T19:59:08+00:00,273
6864017e9dac000aa85b28fb67ef5b5b89ff043b27903d5ac0d4297e5cf3b32a,2025-11-01T19:59:01.654606+00:00,2025-11-01T19:59:08+00:00,273
3fa07a88507468d305e8cfbde4be1d22e2a3df09be360b3e73c56e763d4e4591,2025-11-01T19:59:01.786194+00:00,2025-11-01T19:59:08+00:00,273
0030312c6f2f94036717bf148e2f69d2eeeec0063351a67e8ff8152ee6f6f263,2025-11-01T19:59:01.926038+00:00,2025-11-01T19:59:08+00:00,273
cb40fae4c54fef0a476774035349cee6812f2bdb4b5f4de3b6698812e145c136,2025-11-01T19:59:02.057895+00:00,2025-11-01T19:59:08+00:00,273
5af955e64ec010ab273a5b85ce4019ad2dd15c11979ab49ed5c5d47f45d44158,2025-11-01T19:59:02.189388+00:00,2025-11-01T19:59:08+00:00,273
94b73aa3ca5faf2c84ae196a06fb22ba74309d429f664aacfc359a69ba29faab,2025-11-01T19:59:02.321762+00:00,2025-11-01T19:59:08+00:00,273
e498baaf674e9e095ee09b641fc5520023941fdbb02e0d86af39810959e8936d,2025-11-01T19:59:02.456999+00:00,2025-11-01T19:59:08+00:00,273
23c2f49f1d5ac85865a6383b72b122781f36cea9190a908bef10b0d4161a5c78,2025-11-01T19:59:02.591716+00:00,2025-11-01T19:59:08+00:00,273
a906665eed73ce29346aadb4f2f3da234d1ba15b48ecee90e19072cf034cc153,2025-11-01T19:59:02.727078+00:00,2025-11-01T19:59:08+00:00,273
5e241a3a68e40d62fa82692e250c4c8410aa65695db533823514a92777653ec3,2025-11-01T19:59:02.862492+00:00,2025-11-01T19:59:08+00:00,273
cd22319ce1d67f20858cb70485b63250e8de6010e1340f6665b89580294c9c71,2025-11-01T19:59:02.993469+00:00,2025-11-01T19:59:08+00:00,273
294dfed3f9cede1ada589026ddcd6b30df9bab453f1ddf4f4525f8149fe06770,2025-11-01T19:59:03.126551+00:00,2025-11-01T19:59:08+00:00,273
b556da7756134da39543013d02c4a33cd5bbb289e8f3a744acf3956df89ec562,2025-11-01T19:59:03.255658+00:00,2025-11-01T19:59:08+00:00,273
8c102242d8ebd95b86f3314f33a46e6c6bb61f4e9d0d9f8d908e639a8b746cda,2025-11-01T19:59:03.387613+00:00,2025-11-01T19:59:08+00:00,273
cb73a49393f9c77c38340b535dd69f550a469d484e409150cf39c37c763b4e47,2025-11-01T19:59:03.520575+00:00,2025-11-01T19:59:08+00:00,273
dd9e01f622a04622f5bda1dfa11440f5c853a6fad7bfc7eec8e24e26502f7375,2025-11-01T19:59:03.653036+00:00,2025-11-01T19:59:08+00:00,273
de5c4b598ddb9c1f3f68f2cc9c049e19c893ccc996a138876906eee03107e6b8,2025-11-01T19:59:03.788164+00:00,2025-11-01T19:59:08+00:00,273
2703543979e57fc84611ae30e190c31a493668377e130b0825e0f50b5298933c,2025-11-01T19:59:03.918596+00:00,2025-11-01T19:59:08+00:00,273
5f68baf3e94166cd2e55371d2e1be7ef918d86469a516824ad6c9850d72a3b1e,2025-11-01T19:59:04.048739+00:00,2025-11-01T19:59:08+00:00,273
8dd20ebf101c57898c5e31e77c279364d77e7cee2c1a63a92368efbfb1721f09,2025-11-01T19:59:04.176440+00:00,2025-11-01T19:59:08+00:00,273
ad2049e2e83763df4068fdf41208d9621f29cccc43931e1c5648bd9f01e019d0,2025-11-01T19:59:04.306341+00:00,2025-11-01T19:59:08+00:00,273
0be00b546b6dfa4e8b23033de1c9ebe6033cf2e054bc9c2c4e68b656acaa0ad2,2025-11-01T19:59:04.431451+00:00,2025-11-01T19:59:08+00:00,273
a39c3606853c9078bf9ae4c26a3cf17648ee5e1a804873a93e5f4ba012264408,2025-11-01T19:59:04.560932+00:00,2025-11-01T19:59:08+00:00,273
e0345daf888a90daab6158f063691196fbf7e328f375b8a6a407f4a6df1957f9,2025-11-01T19:59:04.688293+00:00,2025-11-01T19:59:08+00:00,273
d39b30233912a26aa3131efafd43821d2b45d5a0be33eab9b4cc12b828e8ae6e,2025-11-01T19:59:04.817040+00:00,2025-11-01T19:59:08+00:00,273
03b7d07df9929271599f5e872b6e5c5b2e598307f2a8457291d85f155332effc,2025-11-01T19:59:04.949134+00:00,2025-11-01T19:59:08+00:00,273
eb0262397003b38870202ad929e6691e4b1db7187ddf570a3268a48b1d280652,2025-11-01T19:59:05.089035+00:00,2025-11-01T19:59:08+00:00,273
642401daac8f7c0bb476fbfe6cee5f322b54b5bf6429f0a61c4ae3dc9891e64a,2025-11-01T19:59:05.224428+00:00,2025-11-01T19:59:08+00:00,273
36e6d5caeb1dde706438781c8340b9cc86041ed81bb67decbf1cc1dd34363555,2025-11-01T19:59:05.354342+00:00,2025-11-01T19:59:08+00:00,273
1a7d1e02e3ac2d622669837f7ca8af86d8731e6a4e89fd96510496d923f55c27,2025-11-01T19:59:05.486223+00:00,2025-11-01T19:59:08+00:00,273
69ddd0f029fad55ce4d223e88b907e8fce55b38933b10cf97b28caa0ee729977,2025-11-01T19:59:05.616192+00:00,2025-11-01T19:59:08+00:00,273
40c77845c8cfb79ac1158f243ee8d1b36b2e84d5434079a4f3bcc218ec92ad37,2025-11-01T19:59:05.747090+00:00,2025-11-01T19:59:08+00:00,273
0caef341aba9ef40b0025c52bb7fc96bbf6bbfb86765f7912d700502df92eee6,2025-11-01T19:59:05.875817+00:00,2025-11-01T19:59:08+00:00,273
eaf0372dc90d24ac6afa2d2242c48e0fead6fa696a295c9bca55069aa1150240,2025-11-01T19:59:06.007998+00:00,2025-11-01T19:59:08+00:00,273
42fd3257c88b77c3aadd149b0dd26ea893c35d34c852cf84de38f6ce6522212e,2025-11-01T19:59:06.144827+00:00,2025-11-01T19:59:08+00:00,273
2a0227c9161bab68ad37633474cf9f08a5e4d4069157cbea0a29f9a65605b951,2025-11-01T19:59:06.277586+00:00,2025-11-01T19:59:14+00:00,274
640d496bae38b0c056830b5e8381bfc2280ea614cfc83391bd92bd5e02b26674,2025-11-01T19:59:06.407879+00:00,2025-11-01T19:59:14+00:00,274
e7fed5c838838e55973eebc227cb1d0522c00cdd44b548af735227611a457794,2025-11-01T19:59:06.537871+00:00,2025-11-01T19:59:14+00:00,274
0c4fadea95cc97c92e747044b71226232e2f7955933cc248e1b4ff12a2a9757d,2025-11-01T19:59:06.667598+00:00,2025-11-01T19:59:14+00:00,274
24e83139167dc03939ddfe0ee83a6a29e9208f2f1b12198357870766bf7d0dea,2025-11-01T19:59:06.803284+00:00,2025-11-01T19:59:14+00:00,274
166ba68444b6c08743d7b39094661545ec55b0f8334c0075df2a639a809cd83f,2025-11-01T19:59:06.936214+00:00,2025-11-01T19:59:14+00:00,274
b87ab2f446d7cef5ac082c783a80afd8fcd040cdc4422eae82dc7a585c775794,2025-11-01T19:59:07.066715+00:00,2025-11-01T19:59:14+00:00,274
8feac45361582a2d4cb3e2b3477c829bca48a711e58fb91fd3add64184599384,2025-11-01T19:59:07.204053+00:00,2025-11-01T19:59:14+00:00,274
dc4e1608041eb6529c755c4766f32642c0f2baafeb75d6e12583f6f358bf055b,2025-11-01T19:59:07.336713+00:00,2025-11-01T19:59:14+00:00,274
954f866e5d26b3654ea6d69093d53e3ffb0b983b9e0a4280fc1677a49923f96d,2025-11-01T19:59:07.470348+00:00,2025-11-01T19:59:14+00:00,274
6cabb334812931d603e5552f7ab42af15cdec095f4de07eeb078e8ef5edfacff,2025-11-01T19:59:07.605557+00:00,2025-11-01T19:59:14+00:00,274
1185eaeb57b258f4502337a3b79fa8d366b0899bb9e8068d98ef514691a4be88,2025-11-01T19:59:07.739779+00:00,2025-11-01T19:59:14+00:00,274
7c4a1b6059b710fa92c7ea6beaa69b53bbf397898fce4156d3ac75e968beaecc,2025-11-01T19:59:07.868146+00:00,2025-11-01T19:59:14+00:00,274
f131395323d71e0a48562e0278a6fa48aa4019fef25a542ff784423422c70a38,2025-11-01T19:59:08.008597+00:00,2025-11-01T19:59:14+00:00,274
85273cf5705ce67dc7fba5f63713c1ea95d71ae94ed224740f70f49dffddf2db,2025-11-01T19:59:08.140421+00:00,2025-11-01T19:59:14+00:00,274
1b011a80e9936cfdd3aaf4fce64c55dbde29440e9a05c9c726218fb9ca4e2afd,2025-11-01T19:59:08.269251+00:00,2025-11-01T19:59:14+00:00,274
7799f804a5b04e635ae799058804bc1f6af73cb02468730f08aaefc3b5ce53ac,2025-11-01T19:59:08.408047+00:00,2025-11-01T19:59:14+00:00,274
3f5e5b183af475154770577f2299c0d91f5194e703458351c98c561110d73d4d,2025-11-01T19:59:08.538736+00:00,2025-11-01T19:59:14+00:00,274
fda6445df430a626e9c180c2b0c033164c6a7a57e27c1524ac2e17a65b9c95a8,2025-11-01T19:59:08.666567+00:00,2025-11-01T19:59:14+00:00,274
2fe8581f4e4a87bfe6a5ed0efba1b1c2fb8852039a619f68e56f11d3358b2827,2025-11-01T19:59:08.794201+00:00,2025-11-01T19:59:14+00:00,274
b3bde7f7de00fac140c4c2e389d76cb25096575346760b62503a8080278964d9,2025-11-01T19:59:09.177775+00:00,2025-11-01T19:59:14+00:00,274
f00df53f184f95676005fdbdb4736565e87fcec80466f21c1780a6177588a559,2025-11-01T19:59:09.309482+00:00,2025-11-01T19:59:14+00:00,274
26f00b14f7d4b166b6cc7d0fef69e9ff49b502e71eaab6df8bc4312087dae913,2025-11-01T19:59:09.442097+00:00,2025-11-01T19:59:14+00:00,274
8ab4aec5b80a5c0c1dfaefab3746a5d96bcdbaf0bf1b600000ab77b7ab3d116d,2025-11-01T19:59:09.573904+00:00,2025-11-01T19:59:14+00:00,274
6a59cc46928c10b4834cade8922763a9fc6649825916f9db1d8f68c392e5190c,2025-11-01T19:59:09.707780+00:00,2025-11-01T19:59:14+00:00,274
33b3fa01c204191b66a298e0d102050aa1a64c4a584d97d21c8aa0677f80b7c8,2025-11-01T19:59:09.865816+00:00,2025-11-01T19:59:14+00:00,274
2486e74cc987c30cff0aa3b71863cfdb77dc52b8950cf01ca53dc01e16d17734,2025-11-01T19:59:09.996067+00:00,2025-11-01T19:59:14+00:00,274
4737e39299af49a5b7d852408b57f213f5187efdb7d9415005f90585c42dcf90,2025-11-01T19:59:10.132320+00:00,2025-11-01T19:59:14+00:00,274
536513fed1725bc99f6f67f8ad085b7655b0d7482e62618e6ce9443f5550c815,2025-11-01T19:59:10.259051+00:00,2025-11-01T19:59:14+00:00,274
989ef44b10770ec1e9eeed6bbac85ff7f308e63c4d33106b768d592e0eeb7854,2025-11-01T19:59:10.388290+00:00,2025-11-01T19:59:14+00:00,274
4093b0342cf6240d5d593862216a6ae8592587e03556ae1fa0b58de70dae4201,2025-11-01T19:59:10.517843+00:00,2025-11-01T19:59:14+00:00,274
c88475bb73928c92acf253c6401f491d90d9cde9a975e54b4255765fdd3f3f50,2025-11-01T19:59:10.649717+00:00,2025-11-01T19:59:14+00:00,274
c99ee769114c83963ab31f4ef7a699aaba55cb47aa5d4ca773a6780461337df7,2025-11-01T19:59:10.780695+00:00,2025-11-01T19:59:14+00:00,274
f392c14bfad47c9b5c93184eb22a14d233e556f7d5aa73bb40ad8c613841f8e4,2025-11-01T19:59:10.912055+00:00,2025-11-01T19:59:14+00:00,274
a1033e82b2caa2dabacf7ec4533a675f43cf46ee9c0d6462937c54de83ebe2b2,2025-11-01T19:59:11.046358+00:00,2025-11-01T19:59:14+00:00,274
905fa9390703666fb16ff96cf527643672a99d7c371f6ecd87fc9e3a47c17c44,2025-11-01T19:59:11.178426+00:00,2025-11-01T19:59:14+00:00,274
4d9f1e0b354b8aa79062ab410305cf429aacacb2cc7dfeb2a6ee3e5764496f79,2025-11-01T19:59:11.313817+00:00,2025-11-01T19:59:14+00:00,274
3b0dd3325779acd65281db103d58e7c17fcaab66f794c34df58d7ea86de05d50,2025-11-01T19:59:11.447576+00:00,2025-11-01T19:59:14+00:00,274
5cf732c30c9eb172a148ea84c6058fedf43a0fcf14e94053e0bf141ded9ccc5d,2025-11-01T19:59:11.579594+00:00,2025-11-01T19:59:19+00:00,275
c6950d634ba209accb130b526e4d483ed73a3903da6e30d497a1b22050bb0267,2025-11-01T19:59:11.717309+00:00,2025-11-01T19:59:19+00:00,275
c1aafe7557a02bfa8b026a7cdfac7f68548b2f8d4010629fb8bb61f7c58cdd16,2025-11-01T19:59:11.848510+00:00,2025-11-01T19:59:19+00:00,275
0cd2e92cb50e741938b79e9916a22c5e713dcb5b72f4ef3cac4d1364c7b8a1c8,2025-11-01T19:59:11.977870+00:00,2025-11-01T19:59:19+00:00,275
5af81fc141ba56d3533ac5b467401bfab687cbbf8ccc0c469b6e3f6fc4ba93ef,2025-11-01T19:59:12.111473+00:00,2025-11-01T19:59:19+00:00,275
52c13b18b4912fd393375e720187b84a46cf8251ba2d9174c3d5d31f5d47382b,2025-11-01T19:59:12.245625+00:00,2025-11-01T19:59:19+00:00,275
aee3fa601feafd063ce3a2bfb4befa82755be5873a39eef68b0f4df7f93d650b,2025-11-01T19:59:12.383471+00:00,2025-11-01T19:59:19+00:00,275
c7a64c566b7f58b9c0feea0ab01aa48a1fa5d2d5017a9101bcefc8da399eb7c5,2025-11-01T19:59:12.518660+00:00,2025-11-01T19:59:19+00:00,275
ef28e79dc67217dcf342c791b2d541634365e55b9ff3f92211f59b0eb3d723a7,2025-11-01T19:59:12.653000+00:00,2025-11-01T19:59:19+00:00,275
0cd5c77569ba6fd22924c636ec7797ae1bdc0155a68d0840bb0b203247ca773d,2025-11-01T19:59:12.787605+00:00,2025-11-01T19:59:19+00:00,275
a1f2663ae1bb1f3f92842e54b2ee521b1d7f80e81dc5d698de8d82168875720d,2025-11-01T19:59:12.922173+00:00,2025-11-01T19:59:19+00:00,275
bd60165ba337750b939ec1068b6f6a359126d114d891ec4e13f4ad8ba2021533,2025-11-01T19:59:13.054248+00:00,2025-11-01T19:59:19+00:00,275
4515cd0af99098b4857a449d45e0ac74d45fddbe32d1d89dc12823f9e9929edb,2025-11-01T19:59:13.185843+00:00,2025-11-01T19:59:19+00:00,275
5daff5052f9c03db1d8776561dbfcaafb648b8f1cab2f2720dee3f450b2a2417,2025-11-01T19:59:13.319938+00:00,2025-11-01T19:59:19+00:00,275
ab2d1db31e4886f7fe2e6c43b811f0a83395ac4555e4e2b244fc8918e1b00f08,2025-11-01T19:59:13.449188+00:00,2025-11-01T19:59:19+00:00,275
e13d995ec7fddc958f93b826bda6362e55a1d188f5d60e63ca91bebd33fd1abf,2025-11-01T19:59:13.580728+00:00,2025-11-01T19:59:19+00:00,275
f4ce2e946f39f7469b6bdc5d5014bf7abbb1b2863f728d27a6fdd23e11154797,2025-11-01T19:59:13.711486+00:00,2025-11-01T19:59:19+00:00,275
89231f1034e13b5f6eb0772ae8886b46025a344053da43d9415239a08f022984,2025-11-01T19:59:13.845860+00:00,2025-11-01T19:59:19+00:00,275
eef2b7faa883a8bcd3a3afdc8fa26f2d6d8b558ef6246a43cc4231b14a4cdb4b,2025-11-01T19:59:13.981915+00:00,2025-11-01T19:59:19+00:00,275
69794945aa43b9646260aee76f21d7e0214b676dea03e43de2506a0f15aea1a8,2025-11-01T19:59:14.112844+00:00,2025-11-01T19:59:19+00:00,275
d559ffcc8f9a8fddd98666f7841bcc1f372c2e2eb96a582d8cf67478bb605bdb,2025-11-01T19:59:14.445720+00:00,2025-11-01T19:59:19+00:00,275
f29dc4f469f9f8054ee98730278fbcd4eef9a60de8aee9016fc2f261f139cf84,2025-11-01T19:59:14.577289+00:00,2025-11-01T19:59:19+00:00,275
0e8c0fb93a44232634e7078a72afa6513cf4e1aec1ed4c5b9a623f9807cf5ffc,2025-11-01T19:59:14.706539+00:00,2025-11-01T19:59:19+00:00,275
8b9a2dde21d7ff16bdc3d6986e437f600933b1a8e2520f4b5cf9a604a358f851,2025-11-01T19:59:14.837895+00:00,2025-11-01T19:59:19+00:00,275
2726e4dd784f6a780c7b64a2a5f71e30436d2069cee846a9fc7bd87ad95e762a,2025-11-01T19:59:14.969262+00:00,2025-11-01T19:59:19+00:00,275
464307381e0365ba8442b94bc37889bdfc5ea2e90ba8377a215e1e14bee01c2a,2025-11-01T19:59:15.098937+00:00,2025-11-01T19:59:19+00:00,275
ab37823d78064b9e958e4f49f5029c4083f114ebaf67d2d5f90adf878da6d338,2025-11-01T19:59:15.231573+00:00,2025-11-01T19:59:19+00:00,275
ee902f7b20950ea120d04476fc3c92f6466dfe23713b121ddb47ae911bc82012,2025-11-01T19:59:15.365541+00:00,2025-11-01T19:59:19+00:00,275
daad815992f7aa446c364f8b047bdd325dfa39f66b24404a2fd0d8dbfa5a8b6e,2025-11-01T19:59:15.496750+00:00,2025-11-01T19:59:19+00:00,275
e04a067a8a1cc72f316608ecf3213d52e158b13c1eebe6762335b3cc0e292dfe,2025-11-01T19:59:15.626852+00:00,2025-11-01T19:59:19+00:00,275
f4b7569e91cec0666ab1587574453e4254f8351b8ccdf76e54703bf32c22aeff,2025-11-01T19:59:15.762151+00:00,2025-11-01T19:59:19+00:00,275
b2e430392bf8d875ceab685cae84c4fec51ba56abdad741e77113e8d88fd1ac0,2025-11-01T19:59:15.896904+00:00,2025-11-01T19:59:19+00:00,275
26271763964922c86971c33998654651d9a4c094a841b45400ec8a2933633eb3,2025-11-01T19:59:16.028090+00:00,2025-11-01T19:59:19+00:00,275
b2d4b3846db09f6a01e003cd8d068f70adbb9baa20fd749ab79fcb6f2551bd13,2025-11-01T19:59:16.165660+00:00,2025-11-01T19:59:19+00:00,275
0088a2ceb9f12baf277fbadf5852ad7326963a111306a0550d4f6de9b6351141,2025-11-01T19:59:16.296404+00:00,2025-11-01T19:59:19+00:00,275
bd7148128ab449e2d11a0618417c4edfa72646a489b7343e029fea2331b3c657,2025-11-01T19:59:16.434388+00:00,2025-11-01T19:59:19+00:00,275
8bc844043b6fb54bb1340a83467adb9bdaf1be63b4c87bc80a5415478f4e502f,2025-11-01T19:59:16.572219+00:00,2025-11-01T19:59:19+00:00,275
c102effb373f595917dc804af5d54cd62ccd723e8b49616b5d505137e76ee688,2025-11-01T19:59:16.703073+00:00,2025-11-01T19:59:19+00:00,275
46d66f60f974d076321bb6f286d7423d54d3ec816e54c119b48725ca0e239aaf,2025-11-01T19:59:16.837808+00:00,2025-11-01T19:59:19+00:00,275
d9c1f74a546eee75e83a739b1714ffde8607924ff97181f6629fb0118d4392aa,2025-11-01T19:59:16.972186+00:00,2025-11-01T19:59:19+00:00,275
9213dbb061244132221bf534220185ed08185119f33a05782ffe3f71879f1573,2025-11-01T19:59:17.104598+00:00,2025-11-01T19:59:24+00:00,276
fa948891992d016113b33d452ede21240669cc3fe492130f22a186069b5dc886,2025-11-01T19:59:17.235214+00:00,2025-11-01T19:59:24+00:00,276
8959d2afdd8a52a1e58e8e7a1b0612e54855fff6ab8b2bce3775de3e570fb0ef,2025-11-01T19:59:17.362686+00:00,2025-11-01T19:59:24+00:00,276
ef68f8828e90ffa1edbddb70b0948401b2d2dbc6199b934bf90d1077f944b599,2025-11-01T19:59:17.492538+00:00,2025-11-01T19:59:24+00:00,276
a41ae1e733740a40ace3db7c7593a39aed7d76ba55d92c4433e02f39a248cfe6,2025-11-01T19:59:17.630137+00:00,2025-11-01T19:59:24+00:00,276
bc205b3421ada44e9f67b7e09be8000ab265c6798c178c487b8fead05ec43c59,2025-11-01T19:59:17.765148+00:00,2025-11-01T19:59:24+00:00,276
8c9e1425f80f16760a93db42b0259fa558652733f41a1ab27fcc8647ba77b38c,2025-11-01T19:59:17.895508+00:00,2025-11-01T19:59:24+00:00,276
ff1318d0b1f5e687998cf5dda69435ac463cd9f06d0056775fbca01342a1c65f,2025-11-01T19:59:18.030882+00:00,2025-11-01T19:59:24+00:00,276
f474fd5a4c66f7e796a6b3d86caceff2719cd6dd0c8684d545fa36e00cf47494,2025-11-01T19:59:18.161142+00:00,2025-11-01T19:59:24+00:00,276
fd206cb297621b76b5f9c09388f6d753b49268ffcfa7000662173a37f12bc40c,2025-11-01T19:59:18.292457+00:00,2025-11-01T19:59:24+00:00,276
1d3395aced89d0905d4d161c44cb22ec903e0418b613e1146c19d397929499c5,2025-11-01T19:59:18.424120+00:00,2025-11-01T19:59:24+00:00,276
75de3a53955b8e0a5810da8540004298910fbb654aec4e523ca3ae0dd7e383cc,2025-11-01T19:59:18.558226+00:00,2025-11-01T19:59:24+00:00,276
0b331de7b0b3cea5b63610a39158bd42d0406b7125e9e6358dddf7da49ccb41d,2025-11-01T19:59:18.691759+00:00,2025-11-01T19:59:24+00:00,276
61b56fd7e10dba0ae4f9e93969a926382391ef47678522075f6520e5cda8b987,2025-11-01T19:59:18.825977+00:00,2025-11-01T19:59:24+00:00,276
10a5c49ce0c4f55ca8c4c208600d5b1c637797546a78b347801b0969bdb3256e,2025-11-01T19:59:18.956621+00:00,2025-11-01T19:59:24+00:00,276
567eea5acab9f06260778b1b44fde9678c5eeb8b52a8908a3af1f7655a3c75fb,2025-11-01T19:59:19.098739+00:00,2025-11-01T19:59:24+00:00,276
20afa59dabd0a99d511c7bce3220bb607f33ee9205aeadb9eeca6bf87b0fa5a8,2025-11-01T19:59:19.227047+00:00,2025-11-01T19:59:24+00:00,276
b3d7cac737500efd1740d6f4a4c7f8bb6fd2bda823e5fe6a5f1e959f5e1169ce,2025-11-01T19:59:19.359948+00:00,2025-11-01T19:59:24+00:00,276
65894a4f4ffb561cb929474b68fda461a61c7bba19918957c4c9a0ea31aa5f08,2025-11-01T19:59:19.491436+00:00,2025-11-01T19:59:24+00:00,276
253fde0314e3f190379220f6c49606d4cda52eedc7d6d0bf9876b438bde6f27f,2025-11-01T19:59:19.619882+00:00,2025-11-01T19:59:24+00:00,276
22aa4e65cacfd641d1c83c959ebb6a7cf8bbbc56478f091fd7ee6360a9afb757,2025-11-01T19:59:19.757255+00:00,2025-11-01T19:59:24+00:00,276
0c11b75f3abfd8be792706950fc35b4732637bd6bcaebf6fed5d2a86f3c47122,2025-11-01T19:59:19.893263+00:00,2025-11-01T19:59:24+00:00,276
82d28ff121f65a32a405f5a6288483dbde4d00e5fc5611bee841ee5038fc76fe,2025-11-01T19:59:20.024207+00:00,2025-11-01T19:59:24+00:00,276
c012d67a4b21fe813573259fb6af2822fb64c37349c2b85fca3b42cd88badc92,2025-11-01T19:59:20.160502+00:00,2025-11-01T19:59:24+00:00,276
3891b4df04998037a54228b984b549193d83d009abcb73080cfd346d36f5d844,2025-11-01T19:59:20.288531+00:00,2025-11-01T19:59:24+00:00,276
42eecea4beb138a3e91c44aa83b369960ab35b94666c541c3dbf7bf3e8a2c3b5,2025-11-01T19:59:20.420945+00:00,2025-11-01T19:59:24+00:00,276
f41752bdc573ccf37c1f785eb6fa7df0867fe9ebb99c882cb3788b9de083b2ee,2025-11-01T19:59:20.552382+00:00,2025-11-01T19:59:24+00:00,276
d5ad34bdc8b71627089793ac8a07c0b81f9c944678e0ac1d5272da355df277a3,2025-11-01T19:59:20.684142+00:00,2025-11-01T19:59:24+00:00,276
b8b86bf38c3d9784a87f907d9d9d853db517b45b0a55e268f2f3c8acfb61e1ff,2025-11-01T19:59:20.817650+00:00,2025-11-01T19:59:24+00:00,276
1880891fac2e43f54f87ee3dbdd17d705c54734911d8701e80b03d4c4db86726,2025-11-01T19:59:20.955242+00:00,2025-11-01T19:59:24+00:00,276
0a2c05acee7be2e696a017eb14fbf06120c0aea5b783334722d1d79bf5a53ebf,2025-11-01T19:59:21.087457+00:00,2025-11-01T19:59:24+00:00,276
5d2a48fa55a28601ae2d221b0d24b73228e43005679b61c8183d437790742526,2025-11-01T19:59:21.222646+00:00,2025-11-01T19:59:24+00:00,276
ce39fc232a57cfc0cf2562f4561f2143762495f1288b4782d73c386df46bbeb2,2025-11-01T19:59:21.355096+00:00,2025-11-01T19:59:24+00:00,276
6476ff225c6d19c23a316753fd7baf51b04d0105db2d1970fa5a03024b5c4259,2025-11-01T19:59:21.488937+00:00,2025-11-01T19:59:24+00:00,276
7e96cbf104cff647aecce57db956b82490745e4b93958374e283014a514236e4,2025-11-01T19:59:21.623850+00:00,2025-11-01T19:59:24+00:00,276
dce16155647f2687aa477d2926babca4baa38fe18649b03862712833251bdb34,2025-11-01T19:59:21.757619+00:00,2025-11-01T19:59:29+00:00,277
074b8400226ac53e651c44c5ca3f14755d07ec4d36b7fb83f0a25f9b6b53e24c,2025-11-01T19:59:21.899929+00:00,2025-11-01T19:59:29+00:00,277
10c50cfe0b61b4ec023485ef71ea04bb6ef8ddfcbb4f4968f609eba03c4b3fb8,2025-11-01T19:59:22.035047+00:00,2025-11-01T19:59:29+00:00,277
a5cf5be193482d3a82acb8692466693d3805899fb6bfacc2644e736471ead23d,2025-11-01T19:59:22.170520+00:00,2025-11-01T19:59:29+00:00,277
afd19c51d32b15d3ae25fa9796371493b22afe976f6fa42d89943109369ee4c7,2025-11-01T19:59:22.308396+00:00,2025-11-01T19:59:29+00:00,277
6e007bfa9de7077bb980f39192628313cd1eef5ef3ca18795bad895b98348653,2025-11-01T19:59:22.440243+00:00,2025-11-01T19:59:29+00:00,277
392f87b035e056925e80144bf09f4e04230335a13b76efae7baea879970c884a,2025-11-01T19:59:22.576545+00:00,2025-11-01T19:59:29+00:00,277
bc6c6ce11379041c7cda8c399d63cdea72b0b33b80a921728b65ed51cdfa5886,2025-11-01T19:59:22.706791+00:00,2025-11-01T19:59:29+00:00,277
31934fba96dfa6c8eab4a482306689a24e9a45b037c405748ff04df8efe3a599,2025-11-01T19:59:22.839892+00:00,2025-11-01T19:59:29+00:00,277
ebee109150b268eb8e2a1d28fceb3777325abc587187c66ef8b7fcc159c9248f,2025-11-01T19:59:22.975521+00:00,2025-11-01T19:59:29+00:00,277
159a176b2ac1caef0c7e7d6fbb6e64441f03f4c7919732f623e8052cbd1e4c78,2025-11-01T19:59:23.105541+00:00,2025-11-01T19:59:29+00:00,277
aa276bbfde5503447e13879eb7ad296bca8a96f24f12722756268a3248ee9ee1,2025-11-01T19:59:23.239620+00:00,2025-11-01T19:59:29+00:00,277
58c95a158737ac5ca1e1eb1153bafa95cd9daf5c79d61582c9a85112003b0d21,2025-11-01T19:59:23.374982+00:00,2025-11-01T19:59:29+00:00,277
3b172c299880ae2c257fd6b01b522710e02cafb6db9b6f8b6f2775ab348a5299,2025-11-01T19:59:23.504973+00:00,2025-11-01T19:59:29+00:00,277
b50ae0bae079fd616bf94a1bdff89a06a2258fb30903b2855aa771e530064cb6,2025-11-01T19:59:23.635553+00:00,2025-11-01T19:59:29+00:00,277
704a823b9bcaf7708614723769af08046f8ac318600e882aa1320c9a7cb4e21a,2025-11-01T19:59:23.773704+00:00,2025-11-01T19:59:29+00:00,277
32ee2c236e54b489d14f24700f3d7939407a7ea29963d8934828ec6bd35aaf83,2025-11-01T19:59:23.906664+00:00,2025-11-01T19:59:29+00:00,277
233a5b6343a376f3ecf2298dc35e7de7a306a648a4d2c5d26d632f0b20ab3af2,2025-11-01T19:59:24.044460+00:00,2025-11-01T19:59:29+00:00,277
9e3914b1d2a2e7727e9ec97214ae6eb978abd8bedc7eeb928856b8b9899d6363,2025-11-01T19:59:24.178421+00:00,2025-11-01T19:59:29+00:00,277
fee0127aeaee73bce1229a63fe49d3111b6266988d572dff24074cf6bf37ed81,2025-11-01T19:59:24.313549+00:00,2025-11-01T19:59:29+00:00,277
eff179816891ecc7456c600daba5acf3d5ed64e46db4981e0417d30da659db50,2025-11-01T19:59:24.450881+00:00,2025-11-01T19:59:29+00:00,277
57a9f4ed9e34d424fefb2774e512c9b53c6e85815f7c5e921952f4aa29392e68,2025-11-01T19:59:24.581367+00:00,2025-11-01T19:59:29+00:00,277
45b564d0916fe68826bcb4f423dd3363482268d341db35a0bee843e35e90c223,2025-11-01T19:59:24.708592+00:00,2025-11-01T19:59:29+00:00,277
04e26ef987ffc964952e33fa24f7c9a1654666667a913c9009c14a0cd558ab9f,2025-11-01T19:59:24.843149+00:00,2025-11-01T19:59:29+00:00,277
b0aed9c23dc3819c00773ddb0b6e2c14b9e6e4c9d287d5ae94016866dabb9334,2025-11-01T19:59:24.975888+00:00,2025-11-01T19:59:29+00:00,277
eba9832454e8e6186198802fd42836952d7aef6dd25cd77b890d970936b38845,2025-11-01T19:59:25.110387+00:00,2025-11-01T19:59:29+00:00,277
06a51ccea9e1469368800da194163380090b3026cd32db4abde809f750bcdf0a,2025-11-01T19:59:25.242065+00:00,2025-11-01T19:59:29+00:00,277
0f048c3f72a8fccf2377f452e257739c6ba8061d224fd0203169678b2c5566bb,2025-11-01T19:59:25.373432+00:00,2025-11-01T19:59:29+00:00,277
dfa98c7c96733f4ebffc5a7f08543fa89116cce29e6ae6ac1a22b52e2b75c6be,2025-11-01T19:59:25.503489+00:00,2025-11-01T19:59:29+00:00,277
a1528160cc87b308439e6adbd8c6ece312973f9e146a5a3bef467ef94fdfb2a8,2025-11-01T19:59:25.635533+00:00,2025-11-01T19:59:29+00:00,277
fe7b729a9e779afe9b597fb6d4948dcd46889553c1b13e2a6c7600343410204f,2025-11-01T19:59:25.767357+00:00,2025-11-01T19:59:29+00:00,277
a51a437921f59bca62f791fa5a3af66632eb64f5cb774f720d67d9832abcf148,2025-11-01T19:59:25.902403+00:00,2025-11-01T19:59:29+00:00,277
6fcb327522f3f48f47edf18d1839691469bcec4334435411b2421421720f928b,2025-11-01T19:59:26.037092+00:00,2025-11-01T19:59:34+00:00,278
4a28d376d48e85f3f7f09dca9adcae30d1a95e0fb9299747385fb9c9890f11d1,2025-11-01T19:59:26.176021+00:00,2025-11-01T19:59:34+00:00,278
38cb700a4729e9d3dbee8a988bb3bd04961db0e237efc31ea138729bedf477db,2025-11-01T19:59:26.312317+00:00,2025-11-01T19:59:34+00:00,278
0a2b985802c4505a412d796737fce137213cb7cbdff2381877d11fcf67c137b3,2025-11-01T19:59:26.448038+00:00,2025-11-01T19:59:34+00:00,278
2d7c79bd8c6ef8e982b6ad652fcbb8bfbfa557d966fe6e1356ddb02774db3ba6,2025-11-01T19:59:26.583582+00:00,2025-11-01T19:59:34+00:00,278
e6fb36b209c05772c48cb8fd640d02450df54c9db42661f8e89180253d52e866,2025-11-01T19:59:26.714217+00:00,2025-11-01T19:59:34+00:00,278
ceb45de8fb9b9fb07beaa33a6898971c4a394ddf01b9849d4bebbb23862d71d0,2025-11-01T19:59:26.855582+00:00,2025-11-01T19:59:34+00:00,278
0b0e4a33d9f6e58e4720c8449e7e93e920dca8fc40515db79ef57ddb4e4d0e18,2025-11-01T19:59:26.997380+00:00,2025-11-01T19:59:34+00:00,278
52a6e1d295c23bb67ff9571d883f5b845b7e93a314719a36bcef784c5b8de6c1,2025-11-01T19:59:27.129882+00:00,2025-11-01T19:59:34+00:00,278
9c92cd8bdddeda27d224b75026d5b0108556b44d8568c7845693df0205a58715,2025-11-01T19:59:27.263114+00:00,2025-11-01T19:59:34+00:00,278
30d22be674eda5a61fd16bff06f6149cadc0711fd0ba0419d53d77deca3c547a,2025-11-01T19:59:27.400712+00:00,2025-11-01T19:59:34+00:00,278
db9096a3f1f037e89ccee719a28342780434dc3a114bc4bef8a58458b5af21bd,2025-11-01T19:59:27.532634+00:00,2025-11-01T19:59:34+00:00,278
f88ca9068d4d358fcde1245abdf9ad02c5f4c88df2d695f93139ce45940aacc7,2025-11-01T19:59:27.670425+00:00,2025-11-01T19:59:34+00:00,278
8ed608256ac7a82df5a0c2f0439c559b5021faf5404badb8e18c58456d3376f5,2025-11-01T19:59:27.808089+00:00,2025-11-01T19:59:34+00:00,278
3f0d64dad09310aba54f0f158e0624ad1a3161d2ae9a0e53e019079d678b3462,2025-11-01T19:59:27.943520+00:00,2025-11-01T19:59:34+00:00,278
e9e4ec56817b59a7d2f2065df59a3ec94183c9b923ccdd5e927490857d864cbb,2025-11-01T19:59:28.070434+00:00,2025-11-01T19:59:34+00:00,278
bc02610548855c89030a0cfb5d1690e1c26c155aedf05aa9e6cd319e5d84344b,2025-11-01T19:59:28.204428+00:00,2025-11-01T19:59:34+00:00,278
2133981f21901fb10da62b8820325a13086e7f4c2771a61561ffa12aebc21bc4,2025-11-01T19:59:28.335174+00:00,2025-11-01T19:59:34+00:00,278
838901b794e51b1a5eb70db3a03e1e472e5fb23d6207f41f1fdb1581a00db3a1,2025-11-01T19:59:28.467844+00:00,2025-11-01T19:59:34+00:00,278
69e38432e2403ce31f4cc84ec993622a0cbd6f6929d86364897c2f350d50dacf,2025-11-01T19:59:28.601265+00:00,2025-11-01T19:59:34+00:00,278
ffa293208e080c4bbae0ede8721ec83a2643f1360dcfa1ee32c7c049990d8649,2025-11-01T19:59:28.733592+00:00,2025-11-01T19:59:34+00:00,278
2bba414841a93691536ff3bfcbb576ad3edbb0c66d02dc00c13d24bf5e190df5,2025-11-01T19:59:28.865843+00:00,2025-11-01T19:59:34+00:00,278
2aa035212f398dce85e78a05652acd4faac354ffaf8f641dc4f7d418902c0234,2025-11-01T19:59:29.000438+00:00,2025-11-01T19:59:34+00:00,278
64ab6051e5cbe68bc56c18c12b537ea30534eed8385dc88ebbde583ae648347c,2025-11-01T19:59:29.142111+00:00,2025-11-01T19:59:34+00:00,278
88b9db1bdbb1631a503d38d6502a1c0d024424d3309a714cb22306b185cd65bd,2025-11-01T19:59:29.273441+00:00,2025-11-01T19:59:34+00:00,278
963bb76ca3465be6d9e550ef5ee8282e3cfc7d58cb15dce72de93b3c3c11cc45,2025-11-01T19:59:29.403431+00:00,2025-11-01T19:59:34+00:00,278
f59e4b19326c911b1111006167f65de5a0bf528e825d1a8e982c19307b39e468,2025-11-01T19:59:29.533352+00:00,2025-11-01T19:59:34+00:00,278
7511d73c4a7add5e77791e83ec31d86e2ac09d3818bdb6f09165ec055855b6ed,2025-11-01T19:59:29.873469+00:00,2025-11-01T19:59:34+00:00,278
09a7f809afd591600a18c61be80c079184fb36553d1b233305b284f200f51788,2025-11-01T19:59:30.004308+00:00,2025-11-01T19:59:34+00:00,278
1c979fd5527a84381ed48b06c83bbe3a9e4c9e77f8d0cdaebe62ea7ea7104ee1,2025-11-01T19:59:30.135997+00:00,2025-11-01T19:59:34+00:00,278
b9abde67df44ac8fc07cc1ee973c6f7680b42268b3d875b6825d0a6f6314c4ac,2025-11-01T19:59:30.266953+00:00,2025-11-01T19:59:34+00:00,278
5b34887d1e770020c8c90d743dafc6f903d9998425e45b44ee86365948a2d540,2025-11-01T19:59:30.396772+00:00,2025-11-01T19:59:34+00:00,278
3249c809250531dacad031f061458e952a08f58ed6dc161ea86dc330c91507ed,2025-11-01T19:59:30.527626+00:00,2025-11-01T19:59:34+00:00,278
699e386e6a82924e43329b9432c9014e57714bb516923f24e364b7eb4757a27c,2025-11-01T19:59:30.661173+00:00,2025-11-01T19:59:34+00:00,278
ffb4f852a579b753583b088ff794d5d81b23477fc40eed7bb41b45880430a6f9,2025-11-01T19:59:30.788582+00:00,2025-11-01T19:59:34+00:00,278
5d21bbb9d58002b5fe99f8c399d2b1e9293bacfe07b18b71e6fd4dd0ddce5799,2025-11-01T19:59:30.919391+00:00,2025-11-01T19:59:34+00:00,278
376e741f4b9aed6c2b10712415cba0c1a6560b611aa887a08dcd0f9171c6c4af,2025-11-01T19:59:31.054423+00:00,2025-11-01T19:59:34+00:00,278
4badf3d76a2da038299f6d6fa928daa00bdae7ab242bf4a18cf7ec06a23ccff9,2025-11-01T19:59:31.187557+00:00,2025-11-01T19:59:34+00:00,278
078941cc7ef2d06882031db83a2063ffc5e3a353d07324eaa0f25b60156c6a14,2025-11-01T19:59:31.315959+00:00,2025-11-01T19:59:34+00:00,278
b0c3994dbc525ffc76738be9dae7728111c54baf55a5db34fd6a5edaf1ab416d,2025-11-01T19:59:31.446510+00:00,2025-11-01T19:59:34+00:00,278
c67ae583bafccc02c4a56d0762753ead68becfe94bcc29281bca7b02df874fa2,2025-11-01T19:59:31.580516+00:00,2025-11-01T19:59:34+00:00,278
18e097caa9fd6de8c986dad98e6f63a68396806c462c67bddd38395a62f164c0,2025-11-01T19:59:31.710419+00:00,2025-11-01T19:59:34+00:00,278
a28ef48550135e443b0c03ccaf64617c9642c1156f560ad4e7b3ac2ec2854595,2025-11-01T19:59:31.839714+00:00,2025-11-01T19:59:34+00:00,278
f905d2bb9e71b414c2ae295383f6b4c6d24af5e07efdd495078b00dfdbbf6f28,2025-11-01T19:59:31.968915+00:00,2025-11-01T19:59:40+00:00,279
79701f4b2f78915b3aecf1cdc4c433ce4247740926b4cd5699e453bc7f7f7731,2025-11-01T19:59:32.102683+00:00,2025-11-01T19:59:40+00:00,279
da527c1a02c07624eb6079ce70fcd17a6e194177fb9291793ea5ae9f66ad36e4,2025-11-01T19:59:32.231191+00:00,2025-11-01T19:59:40+00:00,279
e3b35703f73183efe1ce823d0af26b8b1673c869aa5fe9bb0e715901ea3bdf29,2025-11-01T19:59:32.365740+00:00,2025-11-01T19:59:40+00:00,279
9807001d05585ca82c048f5a462a8a188d91aa53bec1c3667a1b34508d2ad710,2025-11-01T19:59:32.494551+00:00,2025-11-01T19:59:40+00:00,279
75107048f6ec9185a44d9532fb2f53536eec96bbb5615fb7cca75cb0845e008c,2025-11-01T19:59:32.625765+00:00,2025-11-01T19:59:40+00:00,279
3b89c5effd331e6b98818097b3a2aa888ac4f5999a012e31a171a976df982a2c,2025-11-01T19:59:32.754256+00:00,2025-11-01T19:59:40+00:00,279
b1a37cc43242bfa393ce962ebd8a8bb7af6d9fd75cdf8c165aa3fde67e165981,2025-11-01T19:59:32.892942+00:00,2025-11-01T19:59:40+00:00,279
e57eb77abc326dab19ef7c95ffc5b3ef1dd2851fd5909e60c482291e171bef21,2025-11-01T19:59:33.027485+00:00,2025-11-01T19:59:40+00:00,279
b957f4bc3a8fd2ee1441e1b925af1e937993aad23f1837382485c2ff4e147252,2025-11-01T19:59:33.159092+00:00,2025-11-01T19:59:40+00:00,279
820ec521fbf930ce28503ad33e1eb8f8119983e924b7f2e690fe67478df613d3,2025-11-01T19:59:33.289654+00:00,2025-11-01T19:59:40+00:00,279
55722ad57b0dee5cdd78cd958ac7bfb0d63f57bd293fd78bde853ff39206a2e1,2025-11-01T19:59:33.419822+00:00,2025-11-01T19:59:40+00:00,279
0e942f6260585d809a4ab662b71691c6074a6296c43e2a64bfbd671419be37cf,2025-11-01T19:59:33.556579+00:00,2025-11-01T19:59:40+00:00,279
b66eacd2dfe383f1a49e98994a73776ea872d6a0e297e2ec884cf32085d0a9f3,2025-11-01T19:59:33.692833+00:00,2025-11-01T19:59:40+00:00,279
b4b9dacd3fd0f3c94eaea487c775a0d710a87850250f5bb2919c6223146dcd31,2025-11-01T19:59:33.825797+00:00,2025-11-01T19:59:40+00:00,279
88755d514d3b0f6729c5964bc329d923c12c5ce8f0470c400aac8f389069875c,2025-11-01T19:59:33.961222+00:00,2025-11-01T19:59:40+00:00,279
1db9c145dd361f18a5cdcfa594c2bbc0f77a82a3a89bb37dcb8aeda03a007929,2025-11-01T19:59:34.099084+00:00,2025-11-01T19:59:40+00:00,279
c0e6e05b1d30f0294f25677f74b4e994a7d0680196af6de9e6a54fd14edbf87e,2025-11-01T19:59:34.233530+00:00,2025-11-01T19:59:40+00:00,279
643f43bf3b2535c03fa5b79075662ac8856c427f8a596306194b8ddc9d8cbf4a,2025-11-01T19:59:34.362794+00:00,2025-11-01T19:59:40+00:00,279
6d41ace8392692622f13c24ba12d92603928fb3b05eda1391a835b6870d75dbd,2025-11-01T19:59:34.493956+00:00,2025-11-01T19:59:40+00:00,279
6e4300004b119edc67bcd58e9a1093b8e95345cb7919866eecef063205ea4ad3,2025-11-01T19:59:34.626244+00:00,2025-11-01T19:59:40+00:00,279
9a70c5e9eda6dc8db7a8dec290166b221bb9e39aa876cc311ff99cf7f9a82f3b,2025-11-01T19:59:34.755695+00:00,2025-11-01T19:59:40+00:00,279
c8602b59273127f835e5313a75524e5b229fc81f5a48f03088fea4335b9aeab6,2025-11-01T19:59:35.102417+00:00,2025-11-01T19:59:40+00:00,279
983bbf24fdd94dfbc7be5821dffa2a7111b157e6d39dfc9e9dcd60eb428bb413,2025-11-01T19:59:35.232807+00:00,2025-11-01T19:59:40+00:00,279
c0bddeff9a77e75cd7a929227d5cbe8b0dff368706dfd9a823c44997fd8999cf,2025-11-01T19:59:35.366782+00:00,2025-11-01T19:59:40+00:00,279
623f1c608909fb4e9d6b72d962495b2bad98e3f1ba2c4ca8975d989513d5f6f5,2025-11-01T19:59:35.493914+00:00,2025-11-01T19:59:40+00:00,279
314fd12bcf6cf05a82fadbe4448777528c8d1f848985dfd98233674c27f0a65a,2025-11-01T19:59:35.627999+00:00,2025-11-01T19:59:40+00:00,279
a28c78fdc65e7ff1970cf7966230a95c5e4b69e088d3e942b35e82d3108671db,2025-11-01T19:59:35.755446+00:00,2025-11-01T19:59:40+00:00,279
edc43cea907466ee652ba7bff68ac0102a6baac79a7e2100e08008bc446eecdd,2025-11-01T19:59:35.886781+00:00,2025-11-01T19:59:40+00:00,279
27e10a5517d67c4f7cc3f62305b66f80a4a19d2d763b1027cda3ccc2ffe17001,2025-11-01T19:59:36.022219+00:00,2025-11-01T19:59:40+00:00,279
29f44647547cae267ae90a5adc578960d271a892bcb0d2c7c029d605de45a239,2025-11-01T19:59:36.157600+00:00,2025-11-01T19:59:40+00:00,279
9646ea21ff11faf92983b078cb06c364039eec3acba0be82a6a2ca8eb6e19161,2025-11-01T19:59:36.293338+00:00,2025-11-01T19:59:40+00:00,279
2f4d1185ecd0b0f245b465286061a047b98d311bd70130f8971f91d469e842f2,2025-11-01T19:59:36.423022+00:00,2025-11-01T19:59:45+00:00,280
40a49b0a62295b4884db44004c1b6607b1644740bc4ed4858e6e114fe9f9181e,2025-11-01T19:59:36.556950+00:00,2025-11-01T19:59:45+00:00,280
f884a9c1a304e66989146791c138cf3d4f73d1a05fb7fd89087b0cdbacec0681,2025-11-01T19:59:36.687428+00:00,2025-11-01T19:59:45+00:00,280
09883f31baa4318cbdf2720e1eebaadc0f2c2a37238c6ec35722a110c832fd00,2025-11-01T19:59:36.832880+00:00,2025-11-01T19:59:45+00:00,280
19bedc4b80b977e4adb01ac88cfa8158c3693b023b1d52f194f7a18bff3cf2b5,2025-11-01T19:59:36.967019+00:00,2025-11-01T19:59:45+00:00,280
641c547bcb108a190a6f4a814095e30768f5015947810f378211592f8f65c585,2025-11-01T19:59:37.103206+00:00,2025-11-01T19:59:45+00:00,280
b4197b87a91d4d06c7e9ca84767eb192691ef65f4397502e0955941f4f62bdc7,2025-11-01T19:59:37.234248+00:00,2025-11-01T19:59:45+00:00,280
9b6657cdacdccdcdfcff7a06c4a53676ee1a747af9bc6a5fe3a0c9d1f35fb3b5,2025-11-01T19:59:37.369001+00:00,2025-11-01T19:59:45+00:00,280
5ded8180ef6f0a6e5cdd5a22dc3a4fbd5bdef1dadc68d6e31922607daf64d5e1,2025-11-01T19:59:37.497939+00:00,2025-11-01T19:59:45+00:00,280
21ffaaf17823b7894a78c5e7e67ccea9bcd8008ddc56b396d2ad8f690ca94710,2025-11-01T19:59:37.631852+00:00,2025-11-01T19:59:45+00:00,280
767dd8662c6413aae8aeb9f9dc467e9560600b19bd2bf65aa6b5c219adbfb865,2025-11-01T19:59:37.770687+00:00,2025-11-01T19:59:45+00:00,280
4bdba6405fc1c8cc20e1445bfc83a3c48010adba4692a703f21a30c83c8f3f0e,2025-11-01T19:59:37.900618+00:00,2025-11-01T19:59:45+00:00,280
1c8b27d480edba03c402382af6173a2be008aafd26edea8af208fcf7d41cb8d3,2025-11-01T19:59:38.035837+00:00,2025-11-01T19:59:45+00:00,280
d6cd3883a832ebc6f612ab4a5c40e3700b0f7d27c2277b696da92419fc733e38,2025-11-01T19:59:38.166114+00:00,2025-11-01T19:59:45+00:00,280
3a12c4ff700c80ebacb1d9796ea65dbe28be20529265da5340a4755e9a495ac3,2025-11-01T19:59:38.307632+00:00,2025-11-01T19:59:45+00:00,280
ad2386aa536321c66b9be6c4b023e469c6a5221b65db88e2c5327cfb10c65518,2025-11-01T19:59:38.443307+00:00,2025-11-01T19:59:45+00:00,280
d18d27ca72b21b133e3269e1ce9faa640e90aabc654e221df8da003ccfa7508d,2025-11-01T19:59:38.577088+00:00,2025-11-01T19:59:45+00:00,280
94f13d3745a65041696f0e1355d521aaf2594316c470f1daf7d2a374311868fb,2025-11-01T19:59:38.706106+00:00,2025-11-01T19:59:45+00:00,280
c2d8cc1e688aacf91c6b4361087a166c5fc4fbf9f6f39427540a09256595cbf9,2025-11-01T19:59:38.837435+00:00,2025-11-01T19:59:45+00:00,280
aa188692848b9d61ad1ba408e39cb4675dc4253ed0f038f915f0cbb7875d7ec0,2025-11-01T19:59:38.969838+00:00,2025-11-01T19:59:45+00:00,280
225516e4aa2773f0425d9c3d9687d44401f0578e3ad7f55054413a85f1a10af6,2025-11-01T19:59:39.112485+00:00,2025-11-01T19:59:45+00:00,280
33dcfec43b484baf7bad8471ac8fd67296c680de7f286967ed1e1ce47c5a3629,2025-11-01T19:59:39.243153+00:00,2025-11-01T19:59:45+00:00,280
56ac6c16d5544c7c91aa1520503344549b0d8fb4d18815149f7114e48b352db0,2025-11-01T19:59:39.378918+00:00,2025-11-01T19:59:45+00:00,280
264ebc6c8fbb2944840eccb1242c45f232d45abf29acf41636bb7565a0a96086,2025-11-01T19:59:39.514752+00:00,2025-11-01T19:59:45+00:00,280
c9990c04a9e59aaf32f10b3b288638793104540fc69a6b3c8c1ae520c330602b,2025-11-01T19:59:39.652178+00:00,2025-11-01T19:59:45+00:00,280
f83609e58ee42716e4879d9d43db43edbebd9de01a5010114558764730c3bc76,2025-11-01T19:59:39.791254+00:00,2025-11-01T19:59:45+00:00,280
56c029ba1ec853be2e2ca8454bc0ef6e67711b71a2667017cd7ef697278e06dc,2025-11-01T19:59:39.923147+00:00,2025-11-01T19:59:45+00:00,280
682d3f060184367fa9b5be83901de0ad1650b2ca6d2a619abc0d35d249a8cfd5,2025-11-01T19:59:40.057143+00:00,2025-11-01T19:59:45+00:00,280
eb85cfe3d68df145476ac035aef2dc24554160fabc92e1e54a2dbc752118e955,2025-11-01T19:59:40.395660+00:00,2025-11-01T19:59:45+00:00,280
eb5b27505b958a18fcb1959ced079056d8e275ee8c23cd26befa63d1730a9e3e,2025-11-01T19:59:40.528879+00:00,2025-11-01T19:59:45+00:00,280
3c3fe3dc711507744733a0fae54eeb2720d5bf4fa3b08dbf9c42783036395682,2025-11-01T19:59:40.659045+00:00,2025-11-01T19:59:45+00:00,280
beb1d3d030042da1b3b4d9385042d430c5ce7c6a70227674b3bf2dc970dc95e0,2025-11-01T19:59:40.789905+00:00,2025-11-01T19:59:45+00:00,280
34e039144b45f98c11d26ca86a59d37e4331e4001ad4dc1f57cf91244f4f66df,2025-11-01T19:59:40.926002+00:00,2025-11-01T19:59:45+00:00,280
3868c9f9f92e255302bf1bc027d4731c7fb8f65fe0afe67b884bab95f9f83383,2025-11-01T19:59:41.295611+00:00,2025-11-01T19:59:45+00:00,280
1200f1874815e3f0c64d935c040d96348338e8b6d2fdc045a0658de0ff558c7f,2025-11-01T19:59:41.428015+00:00,2025-11-01T19:59:45+00:00,280
fe0e49c9484ed1c1a0c7219865787606dce09e436f5b599a66dfd7b72d0d660a,2025-11-01T19:59:41.566899+00:00,2025-11-01T19:59:45+00:00,280
f7890a411a593a40d4cc8d84727d5fa41feaee82e40743996593242f2496d625,2025-11-01T19:59:41.701668+00:00,2025-11-01T19:59:45+00:00,280
b3a48674725ca1564024275a8d0e10c93005d1b7bf0fcaf2f47b206f42274163,2025-11-01T19:59:41.841938+00:00,2025-11-01T19:59:45+00:00,280
24a77f48baa4c716858a00ae773378a934dc219539b01fd4ad1a1ab28500bd16,2025-11-01T19:59:41.971241+00:00,2025-11-01T19:59:45+00:00,280
0298a25c0c3559d3c788435b600d35a61d12b5fc6bbbcef298143a64919471d2,2025-11-01T19:59:42.110835+00:00,2025-11-01T19:59:45+00:00,280
d55e5a654824bb5058f1b263bf26c56352b4e894e634fa7190e031fbfbf393d3,2025-11-01T19:59:42.240048+00:00,2025-11-01T19:59:45+00:00,280
9fca6bec5c2ceaafcc33a71f061c32ee61e1ae9c37ea0c3e3713ef708e79f735,2025-11-01T19:59:42.373526+00:00,2025-11-01T19:59:45+00:00,280
084dd84161f678c6ca97332eb3f2e692888fa4d85d9108894afd4c64c0856f47,2025-11-01T19:59:42.510271+00:00,2025-11-01T19:59:45+00:00,280
baec581da5237c10fc93eb1017465414d8c5a8f0ee95772f9b2f6b4e71ed7cfd,2025-11-01T19:59:42.644244+00:00,2025-11-01T19:59:45+00:00,280
ff7d8d5cb95e6c8e9dc2a15ab1aa9d32dc1b1d30ee02f058fafaa80be25ff7a6,2025-11-01T19:59:42.782009+00:00,2025-11-01T19:59:50+00:00,281
13ec9926ccb7b806266f2b403c1c8ca49a0774c4353ef68afa06adfbba6af5cb,2025-11-01T19:59:42.913338+00:00,2025-11-01T19:59:50+00:00,281
cc3a5bf8cba78bb85d33a5d697e6687bbb20380512d8061b157c6a2373a473ed,2025-11-01T19:59:43.048857+00:00,2025-11-01T19:59:50+00:00,281
416d566e0a476fb10d595a3c9e31bcea35ae31268b382034a05b9bb8c191a476,2025-11-01T19:59:43.183476+00:00,2025-11-01T19:59:50+00:00,281
5a9722478fe0b4cde4d0ee3f32c872251be34d8d5536eaba9fa2eca90ef798c1,2025-11-01T19:59:43.317013+00:00,2025-11-01T19:59:50+00:00,281
cd3df07d86c7798974d3e2014bd1752f055492986109604decbd0d3da5c4bbf1,2025-11-01T19:59:43.457669+00:00,2025-11-01T19:59:50+00:00,281
d5da2f4cc4438088aeca3fe284efa5717a956b0f950d694ddd839ba23305d991,2025-11-01T19:59:43.592706+00:00,2025-11-01T19:59:50+00:00,281
91d9d5c1a0126498b919bc79e7c083e7d37a181f484fc099528cdfc1f4a068d2,2025-11-01T19:59:43.730494+00:00,2025-11-01T19:59:50+00:00,281
b308c8e5f6587bfdc01dbc6178d862b1fc87b330b96353d700554b4043331b7c,2025-11-01T19:59:43.867250+00:00,2025-11-01T19:59:50+00:00,281
8e333098ee0c05630912e37b29f6b87e9c44f1f95754c38b7e1a2756c1ab2058,2025-11-01T19:59:44.004990+00:00,2025-11-01T19:59:50+00:00,281
b4cf749a2d84f8ba0b57019636f17f61741a729c4a4b12fd9b1aa1ad495774e4,2025-11-01T19:59:44.141245+00:00,2025-11-01T19:59:50+00:00,281
fa683bbe6a999c0b1cd2b1a4859233250e315e92f9a13e50386ae85264c789de,2025-11-01T19:59:44.277586+00:00,2025-11-01T19:59:50+00:00,281
763862a08927be8a780d7d932a12d2f88e94adb68d8f4f8b2bc148c927013a5e,2025-11-01T19:59:44.410947+00:00,2025-11-01T19:59:50+00:00,281
748ed436fc52e46378e056c87ba800a672298fe540065776020d1ddd5152f7f2,2025-11-01T19:59:44.545979+00:00,2025-11-01T19:59:50+00:00,281
ee2d9bc5e8cbc82452dad35d2953d8c7a11777ba5b42c738e25dcd9cb631b713,2025-11-01T19:59:44.677852+00:00,2025-11-01T19:59:50+00:00,281
d7feac34c1f0890afae84a1a8662bde3d5b36d70772e2c716d1b6b9e10e35307,2025-11-01T19:59:44.816181+00:00,2025-11-01T19:59:50+00:00,281
ef265f5a1fb9a974769b8ae0a9e017aeb349e2b93e10df8e000f5b8e72b42978,2025-11-01T19:59:44.949018+00:00,2025-11-01T19:59:50+00:00,281
a7803d6a51da953c896147e4046bc28258610a22795d60ffe76b79c76269a155,2025-11-01T19:59:45.087012+00:00,2025-11-01T19:59:50+00:00,281
391f268ab69583899a056e95b46e8194ec7854776a9fede498ec50c58f14f28a,2025-11-01T19:59:45.217866+00:00,2025-11-01T19:59:50+00:00,281
53d8d3575a2665231d9ec619d2abce7d3446fd5eb77e0e93a3f5bd78ca988f59,2025-11-01T19:59:45.352803+00:00,2025-11-01T19:59:50+00:00,281
930da4e13a23e755146ff6af8bc5ae3d9ba44f6e6d664b3a25c4445652d4d692,2025-11-01T19:59:45.482467+00:00,2025-11-01T19:59:50+00:00,281
a5b7c64bad04c8b885ea00536a30fcdffbada6741465064c0912dcef6110d78c,2025-11-01T19:59:45.612039+00:00,2025-11-01T19:59:50+00:00,281
b70511ea89036290624bc03d9736bde982ccad97ed94c86125bc214decebe469,2025-11-01T19:59:45.741891+00:00,2025-11-01T19:59:50+00:00,281
79895852a764f143aa86db8f44d38241fc73ffdb15dba379dfe3a3e4444b9748,2025-11-01T19:59:45.876430+00:00,2025-11-01T19:59:55+00:00,282
5a2a5b7885b896a2ea3b18483401e8da97e973b643d9a345d81153525e2b4c1e,2025-11-01T19:59:46.011428+00:00,2025-11-01T19:59:55+00:00,282
560b0a77b99be5b8096706110cf6345aa68f2cdea0d6432042c6cd9bff3f9a9f,2025-11-01T19:59:46.145603+00:00,2025-11-01T19:59:50+00:00,281
8d3af1ecad0987107a81078d671950933988e0957b33b8bb06db827ec2e36f18,2025-11-01T19:59:46.286597+00:00,2025-11-01T19:59:50+00:00,281
b4d75793ee21435adee9bb972d4a29013e719eb76a620841218a696c79511689,2025-11-01T19:59:46.414116+00:00,2025-11-01T19:59:50+00:00,281
9647597b51f184bd0cf1e43cb736af87a84425571bfd8b8ad18525c6ed0d4b85,2025-11-01T19:59:46.547410+00:00,2025-11-01T19:59:50+00:00,281
ee33109cdbbc3b1e5457670c33d51d763b494401c7cab6e298c3fe5501d0ab5d,2025-11-01T19:59:46.681075+00:00,2025-11-01T19:59:50+00:00,281
c6fdc2fc1d15316715bd02aa13d5702312defbba0ab10b52594cb61b533e9072,2025-11-01T19:59:46.823394+00:00,2025-11-01T19:59:50+00:00,281
a3081d36c1bfdc3412ab987cedd03c58571cfddb98b44e9e67dc89e04509c366,2025-11-01T19:59:46.962191+00:00,2025-11-01T19:59:50+00:00,281
79ca8ccbb1fefb9dd67b8a2fd38e5eafe647971aa501dd5227bb3ce1b4cfc6f4,2025-11-01T19:59:47.095287+00:00,2025-11-01T19:59:50+00:00,281
4971ddcdc92f6c2fdd6ed5c1e95b5aa92e34a77ddca80b245cc826843dda7d9c,2025-11-01T19:59:47.226228+00:00,2025-11-01T19:59:50+00:00,281
4edfe8229be496c094071870cebf850784db1e7f0084a063b4defa0e085a069a,2025-11-01T19:59:47.361588+00:00,2025-11-01T19:59:50+00:00,281
2731dcda52a603bdb5649b796128e8e786b91d34b8cf7cefe11333982488d52e,2025-11-01T19:59:47.497104+00:00,2025-11-01T19:59:50+00:00,281
b64cb473770ea64068924749a74729c725bf38918ded3c0651af028dc5f4ecc7,2025-11-01T19:59:47.630504+00:00,2025-11-01T19:59:50+00:00,281
818e1a292d5305c250c51d3804bfd57a27b6e59e24988dfc7f4321e46e0546f4,2025-11-01T19:59:47.767957+00:00,2025-11-01T19:59:55+00:00,282
a055e15a2ddee398f01be0459af71e17c33dfc4174e7205dd998ae3a4a94ce2b,2025-11-01T19:59:47.898565+00:00,2025-11-01T19:59:55+00:00,282
4ffd1fc00d4ec4619ea7473953141c9b504e7b69cea1d6c22a0b896814e10d89,2025-11-01T19:59:48.037005+00:00,2025-11-01T19:59:55+00:00,282
dc0823e6ad1b499d783ac59ba96cd381f4c06fcdcfb78951fe4f00359c0d0bcb,2025-11-01T19:59:48.170019+00:00,2025-11-01T19:59:55+00:00,282
69c6970eb2e4db64c45d5fee1236a68f68de815cd5f9a7a5ea7f1fc27cb6c4c1,2025-11-01T19:59:48.321707+00:00,2025-11-01T19:59:55+00:00,282
ddb3c3ccb467c2b9d11d2231559867f62964248c0b23b8724561e778bc184497,2025-11-01T19:59:48.453727+00:00,2025-11-01T19:59:55+00:00,282
a858a1f25545ebedff7be7da9e8ac5893ad2c3e13b2d4f86ec32a358dcd720f7,2025-11-01T19:59:48.589765+00:00,2025-11-01T19:59:55+00:00,282
e8eac52893a960d6e79ec5ee4afe762d1b8a903e4c7cdf10410940f2026b84b5,2025-11-01T19:59:48.730078+00:00,2025-11-01T19:59:55+00:00,282
1d250fb3ee39b03f02b1c0ac909147b5de3a6794990a2bf3260e120971187f2a,2025-11-01T19:59:48.866698+00:00,2025-11-01T19:59:55+00:00,282
e86770fb51dbf1d0c665c17ad8d1a43a7be3f97ff09e943c334fe28f8bdb505e,2025-11-01T19:59:49.000662+00:00,2025-11-01T19:59:55+00:00,282
6f71a94aac3e4e795e0ec2a2620b1a31a8baf8a0a5f9efcd2e172d5bd05abe04,2025-11-01T19:59:49.149499+00:00,2025-11-01T19:59:55+00:00,282
0152646f046498a8da4f4ff7494c630d35fceffa8ae2fa0e7338540029d9b3e0,2025-11-01T19:59:49.286388+00:00,2025-11-01T19:59:55+00:00,282
dee31be4c1a125ab78bb5c5d392e7976a6b594a4e7cc61a2bd16f43d814549f4,2025-11-01T19:59:49.422095+00:00,2025-11-01T19:59:55+00:00,282
beb836b9291790f3843feb31c6c4a58150911d4a6f9bc6c3a0382d5969174d80,2025-11-01T19:59:49.558079+00:00,2025-11-01T19:59:55+00:00,282
935321799d8e15287ffbfc11f58a36da3321ae4ee458ba6c0a95d944dc290310,2025-11-01T19:59:49.695883+00:00,2025-11-01T19:59:55+00:00,282
e19cb8ea707e82571bfe02cebc37c578937a0982e475e4882e33c78b770214d6,2025-11-01T19:59:49.832528+00:00,2025-11-01T19:59:55+00:00,282
1899bd40651a0a0d955db69bce8ab2d74bf1da985bc105d77fec71e0f888c5ca,2025-11-01T19:59:49.963623+00:00,2025-11-01T19:59:55+00:00,282
55854b48e328bff20c5f6116b7191aaad03110345f804869a6d286f483b0680c,2025-11-01T19:59:50.094689+00:00,2025-11-01T19:59:55+00:00,282
345f4e9f930059ffb221f93cf454e2f2294bcbe93169f718f9294fe0c5264527,2025-11-01T19:59:50.235392+00:00,2025-11-01T19:59:55+00:00,282
cfd8827ca2a80d82460e128310f7dbd21a2d541467bd580194238d63a81fa1d5,2025-11-01T19:59:50.370118+00:00,2025-11-01T19:59:55+00:00,282
b10e66b074abf37af03f0b520a5aa5e8a56c176759526c39633744198447575e,2025-11-01T19:59:50.708877+00:00,2025-11-01T19:59:55+00:00,282
e05d351e83e7bffa99dfb408818d6babe1cbc1019b1675fae71abed5820a53b7,2025-11-01T19:59:50.837397+00:00,2025-11-01T19:59:55+00:00,282
6fb668f98289c525d068caa1dbdfdbbda003bdc90030be61071ea52430cc8f98,2025-11-01T19:59:50.968727+00:00,2025-11-01T19:59:55+00:00,282
aa33dedc63602a5e9ac1561a5734c58b80e606978e4798699bd84b287843523f,2025-11-01T19:59:51.102101+00:00,2025-11-01T19:59:55+00:00,282
730a84d972ee2ff7cd8c33b8621b4ec9fc445e7919c491839fb390fed9c49a2e,2025-11-01T19:59:51.232059+00:00,2025-11-01T19:59:55+00:00,282
a71e372238bf74880de472fb1dfad713a4dd0eecd3d1f4bc367b254555f0cb6f,2025-11-01T19:59:51.370259+00:00,2025-11-01T19:59:55+00:00,282
ad569c2937c69f38becb83b31e94aeb2dac58d1fe93cf2ed6d8c88e1cd514183,2025-11-01T19:59:51.505966+00:00,2025-11-01T20:00:01+00:00,283
90608abf371178133e2ebdd8a68f5f51829dcd76edad975944540798edc63fe8,2025-11-01T19:59:51.646098+00:00,2025-11-01T20:00:01+00:00,283
ac7a8e0c25be64bea14d3c5c2d5e18b492f378a29860a48d94345d58513c0810,2025-11-01T19:59:51.782514+00:00,2025-11-01T20:00:01+00:00,283
9d21b1dd55f6c215b4fca5f4a468e7c21f6756dd8fd59bbe42048dbb3a78158f,2025-11-01T19:59:51.922409+00:00,2025-11-01T20:00:01+00:00,283
e299270cbdc4ed04a7970845a5c8cc4598d233a4738bc062b8c4b33fad33c39a,2025-11-01T19:59:52.055997+00:00,2025-11-01T20:00:01+00:00,283
0ec2daa8e8009734b9a58c2f3475f4543775f901a48ba04e250f94790d357ec7,2025-11-01T19:59:52.192363+00:00,2025-11-01T20:00:01+00:00,283
67424e9dc01ef0bec8e85d2d67d21c0ba1a39712733df10d9493d307c5cb304b,2025-11-01T19:59:52.324729+00:00,2025-11-01T20:00:01+00:00,283
47f6f8236cdece7b19e3f170edd932f1a1ccb49ff41afeaff3da2f4c180ea886,2025-11-01T19:59:52.456563+00:00,2025-11-01T20:00:01+00:00,283
419d93590901dcaf37323621f2bf9ef98f44d8982283e60c94a22d49bc4e45eb,2025-11-01T19:59:52.592101+00:00,2025-11-01T20:00:01+00:00,283
78c9922321898b3785e771d342a9f25a17722daceb54de79f96fca2237c5fdf2,2025-11-01T19:59:52.729612+00:00,2025-11-01T20:00:01+00:00,283
cc98cc97f22885a0f9662e4231034bd6a8397264514084a2455a84c6004e5c17,2025-11-01T19:59:52.866256+00:00,2025-11-01T20:00:01+00:00,283
b8cba6128619d739398539b4959e636f8b1d0ae3b98048c5db12187dd4689b80,2025-11-01T19:59:52.999207+00:00,2025-11-01T20:00:01+00:00,283
6cac52b0a0a66a9860232ef857ed730a7ef5a82f0cd7c74fdd5174df0d66e7c8,2025-11-01T19:59:53.137695+00:00,2025-11-01T20:00:01+00:00,283
a106252c125bba3df3e55b660fc05f790d019e440eacc008fdabebcae71e8024,2025-11-01T19:59:53.268754+00:00,2025-11-01T20:00:01+00:00,283
f4ca3b181aa906660d77b175d0d2eb615169fc09eb49d0f879c154a590bb4a8a,2025-11-01T19:59:53.402557+00:00,2025-11-01T20:00:01+00:00,283
b3e1378afe987f49625665d0caad1a6355544b1a511c49fb5fe9d73cbef70baa,2025-11-01T19:59:53.534163+00:00,2025-11-01T20:00:01+00:00,283
79922684d5be875d27127fa7f230edd0b62f15ee30287f83508ced58a0cc7a27,2025-11-01T19:59:53.669090+00:00,2025-11-01T20:00:01+00:00,283
6b67ef58e074007abaeba6a32f1e1860f6a2422b985af95797f9ba10e2925e92,2025-11-01T19:59:53.802910+00:00,2025-11-01T20:00:01+00:00,283
f06261982b616b679e554fb6feea051fd281b92393d0d92fcc2142386fb6764a,2025-11-01T19:59:53.939432+00:00,2025-11-01T20:00:01+00:00,283
6ebbc1b5b6fa4017a0f9f69cc2066fe2ebb4c92e518fabe245658e02df55dfc4,2025-11-01T19:59:54.073828+00:00,2025-11-01T20:00:01+00:00,283
8bc273549c1aa019eb56d64bccb33ea53f59df91bc4a64563810bca6199759bd,2025-11-01T19:59:54.209003+00:00,2025-11-01T20:00:01+00:00,283
8d53d8def93234035494b05f46e06070f85fe8b21d9421e3efe2258bc0390a1a,2025-11-01T19:59:54.341921+00:00,2025-11-01T20:00:01+00:00,283
a86255842e11c45c9ad539ab32dfb3656467bdf98984322e53cf6cdc5a8ac1aa,2025-11-01T19:59:54.471976+00:00,2025-11-01T20:00:01+00:00,283
8bbe6bcb48ab80af6e32ffb5871aa12e3e400127e9383318db92de70bd171067,2025-11-01T19:59:54.607429+00:00,2025-11-01T20:00:01+00:00,283
f096868d6ea1f5668cc61060e9cc19eeca7a1e624fd0516452cf0c26b04d0020,2025-11-01T19:59:54.747629+00:00,2025-11-01T20:00:01+00:00,283
b6bcafaea6d413615dbb8d6e172685d5b0d61cb282f770f9e12bc3ad346f16c0,2025-11-01T19:59:54.879572+00:00,2025-11-01T20:00:01+00:00,283
67bb8b299953be86ec7a23dcb993c65499db99b5acbb85bff99e88ec470c8077,2025-11-01T19:59:55.013857+00:00,2025-11-01T20:00:01+00:00,283
af9a7fc5bd9f68c32c0d42ba0689188e3a2c9b18618669dd49393fd16a9d8081,2025-11-01T19:59:55.148404+00:00,2025-11-01T20:00:01+00:00,283
825f960e8966a5d055989e7dddb555ee7d73d550c7a346b94fe12471c986bfd4,2025-11-01T19:59:55.284915+00:00,2025-11-01T20:00:01+00:00,283
b3ccbd2a724e9b2b31c7d12955fbb38adfe1e953cfbf223465e5677d56c8e277,2025-11-01T19:59:55.419991+00:00,2025-11-01T20:00:01+00:00,283
88b27bb7de48911d32fbdc6187e4f6283ceefbb6924ad47115115087b8d7a308,2025-11-01T19:59:55.554018+00:00,2025-11-01T20:00:01+00:00,283
476bdbea19995cea186f6e795f17bfbea2553d28cd99f0735cba01a9bb706373,2025-11-01T19:59:55.690486+00:00,2025-11-01T20:00:01+00:00,283
1dc64b5c6a5d206255eb1aef7170ac37053ec2779d03074714b4e3b4698a6a96,2025-11-01T19:59:56.022399+00:00,2025-11-01T20:00:01+00:00,283
de1bf79a5a151e891d08b9a33f534b674e4cacf9364f70b9ef23a50b26214365,2025-11-01T19:59:56.151729+00:00,2025-11-01T20:00:01+00:00,283
eac98ceb71f1ecaa22ef081c1be4a0043266570f718b69853fb12f1071a8421e,2025-11-01T19:59:56.284245+00:00,2025-11-01T20:00:01+00:00,283
d5c1376f34a13b83a726df9a664010024a07fbc711b399bfbaab99a290ce19cd,2025-11-01T19:59:56.419410+00:00,2025-11-01T20:00:01+00:00,283
f6c27ea64f9a730c31a856c9db4a91440c9d893b50e8d9fbe3658ddbf5452de1,2025-11-01T19:59:56.554015+00:00,2025-11-01T20:00:01+00:00,283
db43000b1447239ac43ad27dfcae19de9137578c908b8ac1935394452fd84f6a,2025-11-01T19:59:56.686179+00:00,2025-11-01T20:00:01+00:00,283
4b01be059764d20ca6988d315497f1b9471c2761f5fbe478f4dcd582798500b1,2025-11-01T19:59:56.827624+00:00,2025-11-01T20:00:01+00:00,283
864797a1c391b29ffefdad5cf2f1abfbc6498aa2522c29727dc98c98bafa5cbb,2025-11-01T19:59:56.961751+00:00,2025-11-01T20:00:01+00:00,283
03e47e5fdd1f21bf476bfaa33d2ca53872a0cccd5968fe16e9da2d7fd41e2f70,2025-11-01T19:59:57.091726+00:00,2025-11-01T20:00:01+00:00,283
788e0718c3cba44bbd5ed4c2c80970fd94825c8b30263c17c2e0e135bdd45f6a,2025-11-01T19:59:57.224865+00:00,2025-11-01T20:00:01+00:00,283
0453491efdd4cf71562d5eadbf14d983cc6eb69fb95bcb00e06223a5d850c858,2025-11-01T19:59:57.356410+00:00,2025-11-01T20:00:01+00:00,283
73c88b694da5f0b14502ab58c8718ac2bf0e37aa05c7c39506ed1e6dca3e454c,2025-11-01T19:59:57.489552+00:00,2025-11-01T20:00:01+00:00,283
f49df0901bca66ebe3a09a2aa9b6c03d743ad9cc36d168b5d7786f85a7fbb769,2025-11-01T19:59:57.627444+00:00,2025-11-01T20:00:01+00:00,283
fe4d85bbf87ed8cd10030fc98cedd601d658f55d5ba68e609ee1e0a28c1848c6,2025-11-01T19:59:57.760938+00:00,2025-11-01T20:00:01+00:00,283
565f9d6f66fc83da52f0dd186bbe0734612f561dd0be2d8df494fd86e0fb2cec,2025-11-01T19:59:57.897642+00:00,2025-11-01T20:00:01+00:00,283
43f34a5ddadcc7f0cfb7de7f4bdfaae83e213cd5863ca0c0e2c15e870af9c847,2025-11-01T19:59:58.039117+00:00,2025-11-01T20:00:01+00:00,283
0c79fd41d5e2a59b583711c82840822b0d58365ad6ea788a9d6a310b81d1529b,2025-11-01T19:59:58.175402+00:00,2025-11-01T20:00:01+00:00,283
9685d8e7e503ecc59d97805a9f4daf9b09027737ecd5b34eab33068c4ac27022,2025-11-01T19:59:58.315039+00:00,2025-11-01T20:00:01+00:00,283
2a4fe1157eb8538e59636f5e88dcefecde16ccb6d0e9944a3299070de01f4ba5,2025-11-01T19:59:58.451557+00:00,2025-11-01T20:00:01+00:00,283
79261517b5a2500cc12f167f143a203d01c6a1767f14fccf5245a686c4a26f6d,2025-11-01T19:59:58.586454+00:00,2025-11-01T20:00:01+00:00,283
adaede8b8da7bcf8cac5fd3c511925c674e2ce6a878aaf3e557a620c31f78493,2025-11-01T19:59:58.776745+00:00,2025-11-01T20:00:01+00:00,283
866abf00165df5dfe2cfd7aae222b25e550008ae9e23fa4646d62f4565717634,2025-11-01T19:59:58.907848+00:00,2025-11-01T20:00:06+00:00,284
378aedb4700bcf6d1e3ebdb280290f515fa5329520edfd5172307334417888f3,2025-11-01T19:59:59.039989+00:00,2025-11-01T20:00:06+00:00,284
746bd80120cc2e16332f1b38b1aa0ef4c8d16a8666f38474a4b49ba155134940,2025-11-01T19:59:59.168572+00:00,2025-11-01T20:00:06+00:00,284
7e6dea4753b61954d49a3c43b69bd5702a427e32959eb534817337a6b09a52ff,2025-11-01T19:59:59.300853+00:00,2025-11-01T20:00:06+00:00,284
3d848457f1ee9cae53bb905377f4b029c4adee4f2f5dfaa509d5dafebe489afa,2025-11-01T19:59:59.435964+00:00,2025-11-01T20:00:06+00:00,284
323c07c9b173ac0254f523a541f412e12bd24b19d9b40ad3d29d717262cb1080,2025-11-01T19:59:59.571047+00:00,2025-11-01T20:00:06+00:00,284
ebce3fce2a37668b6282acddb2c5641ebc212b0fc0d0bf4314e74c38ede07a13,2025-11-01T19:59:59.703597+00:00,2025-11-01T20:00:06+00:00,284
aac7cc538c53755d97042f207dad0140bcd0524f8329c1bd88c7a6b4c9f4d307,2025-11-01T19:59:59.846790+00:00,2025-11-01T20:00:06+00:00,284
62ac15a293b8136fc28b4da3531a03a0b9055b49a439af5479c853acd443af4c,2025-11-01T19:59:59.979490+00:00,2025-11-01T20:00:06+00:00,284
ce24c3731c722c495578e97cf2613e1d6631ae65c23d53e5d8ffd9a702e287a8,2025-11-01T20:00:00.114459+00:00,2025-11-01T20:00:06+00:00,284
19cce62bdcf94e9479c4e973145512499e66e5ad3f5d41abd4b19b18967b26ff,2025-11-01T20:00:00.243561+00:00,2025-11-01T20:00:06+00:00,284
21bd340a6bddfb7892f25e056289cf6046f1f201d007e6ff1a87c0d22bb97dcc,2025-11-01T20:00:00.378926+00:00,2025-11-01T20:00:06+00:00,284
1e5c5faf77351c0888b00ff129b13be241bac34e919195e073c4a915015be7b6,2025-11-01T20:00:00.515143+00:00,2025-11-01T20:00:06+00:00,284
edffbce2a863a9d1653d95fc3ded185d2c380e38829592f699d4fafd5c777f92,2025-11-01T20:00:00.647694+00:00,2025-11-01T20:00:06+00:00,284
72393fbdbdf443ee6d48420180a0b4b3fc4c216bec000743ab90b464c4f37cab,2025-11-01T20:00:00.778429+00:00,2025-11-01T20:00:06+00:00,284
d71ac0ffc7e7e8a2506c44da5d6042e59c614ba38980d60b0ebdbcb65ef0b97e,2025-11-01T20:00:00.913809+00:00,2025-11-01T20:00:06+00:00,284
1e848785c0f3c239d57f1d10183e0f2d41db42b5bf3062fc4c35998c80c0cf5a,2025-11-01T20:00:01.256275+00:00,2025-11-01T20:00:06+00:00,284
ecde8f67967852cf4aa682425e35f2c961a970ff6022d11030ec2372572dd299,2025-11-01T20:00:01.384756+00:00,2025-11-01T20:00:11+00:00,285
4a263e65b1393f3d87e03379e970069f081b304f5e5406bf6dcb7bb769637e64,2025-11-01T20:00:01.515688+00:00,2025-11-01T20:00:11+00:00,285
e173297650342e3a3522831e0d3acf75d907ab07f570b9761b4fefba0a819f66,2025-11-01T20:00:01.646341+00:00,2025-11-01T20:00:11+00:00,285
9ca79285ab26ca73555e2142bd687e543f5baaa38432085857eb73d3335082e1,2025-11-01T20:00:01.776164+00:00,2025-11-01T20:00:11+00:00,285
99c888bf04d3291441b3b80601b058a0f48f76c57804f578802050948e0df8d9,2025-11-01T20:00:01.907438+00:00,2025-11-01T20:00:11+00:00,285
90e4efadcd4ddaee36a02598c504ce1ef6eae687b2770e58480e154fcf373f1f,2025-11-01T20:00:02.036659+00:00,2025-11-01T20:00:11+00:00,285
32c77ba6f8b78b77cb9b5bad790ea22c105643f45a4f480dd333f0581c0037e7,2025-11-01T20:00:02.166497+00:00,2025-11-01T20:00:11+00:00,285
3d6b3c9b299e3bfa40f6cdbffc1a0be8049203fdfcfa34fa8e83987dba76b11a,2025-11-01T20:00:02.304059+00:00,2025-11-01T20:00:11+00:00,285
f761c75c5569e95e5ef0323802f17942e705d0ed65a3a1a44c2602f4cb2df7a8,2025-11-01T20:00:02.433699+00:00,2025-11-01T20:00:11+00:00,285
098ab55487592f345696508bcd123ec9a0547babe8685e7c89724bc20d9f3909,2025-11-01T20:00:02.567080+00:00,2025-11-01T20:00:11+00:00,285
930f4f4e6464422426dcb8b8389fa1277fb8b729913147df86c07ef6e4acfc6e,2025-11-01T20:00:02.699760+00:00,2025-11-01T20:00:11+00:00,285
3eb8b9885f4f615f285f58909ae2e42f6bd0b8a54afca40324ca678be439392e,2025-11-01T20:00:02.843986+00:00,2025-11-01T20:00:11+00:00,285
8ee8691f90100d53fcf7d980b5dc71d75ec5eb7bc4fda06c7a56c9de95c46d97,2025-11-01T20:00:02.978058+00:00,2025-11-01T20:00:11+00:00,285
271737524e3e6865440e93739e650a31b9c6aa29b7dd06864d7020fa4c81bec6,2025-11-01T20:00:03.115198+00:00,2025-11-01T20:00:11+00:00,285
bbca8ee5e05495ce979243fcd923890d23731fe718534ffe4148da7db8385e20,2025-11-01T20:00:03.249939+00:00,2025-11-01T20:00:11+00:00,285
54070398b4851c21fbeb20e897fc4580868f0c350bb38a7644a237d31c6a3641,2025-11-01T20:00:03.388545+00:00,2025-11-01T20:00:11+00:00,285
9fae7ccd9505226b355b5671f17cfd2e7ba4f733ced59bcaaeb789c77194206d,2025-11-01T20:00:03.527369+00:00,2025-11-01T20:00:11+00:00,285
fb8135f2d8602b49db1831b40beddda3015644c80400d7d15b238480d34033bb,2025-11-01T20:00:03.663501+00:00,2025-11-01T20:00:11+00:00,285
73b5615a86c62106d2e66003ac5d77151616d6d37e3b91c08f932de14a925160,2025-11-01T20:00:03.795345+00:00,2025-11-01T20:00:11+00:00,285
d3841402ece4a6423f8583bcdba018d3a955c9d9dd7f2898aef7991c8bce21fd,2025-11-01T20:00:03.924266+00:00,2025-11-01T20:00:11+00:00,285
dd93926a027031b804a9c2fef563b4a8cec05a9d3909df69bdf1d4789dbc307f,2025-11-01T20:00:04.059656+00:00,2025-11-01T20:00:11+00:00,285
578bcdc2e35cad0d93d345d07f3653420d030d3d504f40c94d7743b3001ab380,2025-11-01T20:00:04.190448+00:00,2025-11-01T20:00:11+00:00,285
4f6e06336a0212c928a561a6e3ad6beb5e038b3b28b64effeec4395be25c5c88,2025-11-01T20:00:04.324566+00:00,2025-11-01T20:00:11+00:00,285
2a070909031ebea953096f779103d894b1f40e287253df08b417191698944aa5,2025-11-01T20:00:04.457128+00:00,2025-11-01T20:00:11+00:00,285
43349193a6d44838245fcdeea3c29b5a291b42cc0f7f360fc085b4a57eabda8e,2025-11-01T20:00:04.591631+00:00,2025-11-01T20:00:11+00:00,285
dcf1c6e2019d858013db6d3e29476674172fc9bf7f9eeae0027bb4d39f63f74d,2025-11-01T20:00:04.722914+00:00,2025-11-01T20:00:11+00:00,285
29c0f2b22824df513e99a5ab145f55a059ea68aab5e59a6ae49a70a8a1513d19,2025-11-01T20:00:04.859657+00:00,2025-11-01T20:00:11+00:00,285
2998db3732e6368358db729e5d5fb935f4d6b3ccf9814bf6932beb27742cd1e8,2025-11-01T20:00:04.992452+00:00,2025-11-01T20:00:11+00:00,285
543a13e219f41e62b633b15e2c590005815ed2dbbd080a3e84e8c467b607390d,2025-11-01T20:00:05.156937+00:00,2025-11-01T20:00:11+00:00,285
ccf04d0e16983ad0655d4b0c160603f63fb6359cd41dcacac8d452acd73aa556,2025-11-01T20:00:05.295663+00:00,2025-11-01T20:00:11+00:00,285
d23e53865de0d2100fd21e59bdb81e90300801b31334ecf98861181021c5b129,2025-11-01T20:00:05.431682+00:00,2025-11-01T20:00:11+00:00,285
183120e5d4d6629e0d5cd169a5127b6a1899d7fef038c895b80551443736a4e8,2025-11-01T20:00:05.565343+00:00,2025-11-01T20:00:11+00:00,285
a0191598ad3cd1c74f4c0404a6459e99f9a8a172ae42dc7421be46c6afafcf53,2025-11-01T20:00:05.698989+00:00,2025-11-01T20:00:11+00:00,285
5f94d6a09a5e94b4038cf4653046652b73dab94378b9d5027150656af094c8cf,2025-11-01T20:00:05.831123+00:00,2025-11-01T20:00:11+00:00,285
0fe5f655c0b4c00d1131ede52c650cf893b426b9c01222f04b3cd01024d10f30,2025-11-01T20:00:05.963106+00:00,2025-11-01T20:00:11+00:00,285
f3b133ff31734c58d03d793916619208cb1d7cec45e0a4c60cd481f59501d564,2025-11-01T20:00:06.099314+00:00,2025-11-01T20:00:11+00:00,285
f9f922692fcbbd27808c24364fac31f3a4228b90c18bfadb12f8cd89f13fd032,2025-11-01T20:00:06.229087+00:00,2025-11-01T20:00:11+00:00,285
6e7988729d6147ccf1b4ea3c3aa747f61b2280e3be104003d7dba1334d00a3f2,2025-11-01T20:00:06.360535+00:00,2025-11-01T20:00:11+00:00,285
3c44586b1a5a0a8d3de37862283336338f89524df1e083c4633eb8d622be6507,2025-11-01T20:00:06.493629+00:00,2025-11-01T20:00:11+00:00,285
872697842c2d71c4e1120625426b408a8f8c165a58fb3c82e272cd557853ad18,2025-11-01T20:00:06.625930+00:00,2025-11-01T20:00:11+00:00,285
e92a9abcb277d511472b689ba9a5c54c8616592fa0c6818fcb351db5dc6e081e,2025-11-01T20:00:06.754580+00:00,2025-11-01T20:00:11+00:00,285
a59ba71cee3118705571822e9c5188e5abcb51b9d2c8c2fc3aa3580cb7d2e3cf,2025-11-01T20:00:06.891598+00:00,2025-11-01T20:00:11+00:00,285
46232df72a216ca2917e65f62e51eb3d3108db8bdcb820557c9fb5d281169939,2025-11-01T20:00:07.045161+00:00,2025-11-01T20:00:11+00:00,285
2a600b5df76f339925a263af232f0c1e8e7faadcc459cb87e433a163aa4271b1,2025-11-01T20:00:07.175548+00:00,2025-11-01T20:00:11+00:00,285
34a0e215b744285f453c0316dc5f3b9d1d6e083fae7e795fae4b169322cde89d,2025-11-01T20:00:07.313301+00:00,2025-11-01T20:00:11+00:00,285
5351ac875e6d3534a100b9686b9c2cdd2d4d873cc043bd830d1e084a0f286c16,2025-11-01T20:00:07.451339+00:00,2025-11-01T20:00:16+00:00,286
3e8edeb5cc3761a4fd4760242ee6858b28af4f66fb4e873014f79a2ee4b4b52a,2025-11-01T20:00:07.589806+00:00,2025-11-01T20:00:16+00:00,286
c1baa17372030f5e72957c2c3eeb04ce08535ea943090df3c8c1827b2ad7877a,2025-11-01T20:00:07.726258+00:00,2025-11-01T20:00:16+00:00,286
55f9a3a65b7185e73bae79626a18cfb990c211237674c1dd14828f5b71aaed99,2025-11-01T20:00:07.859361+00:00,2025-11-01T20:00:16+00:00,286
f6f127feeef6c0a77b22201e56ec3d965db4af39de97950d233cc65fa0a3d442,2025-11-01T20:00:07.995699+00:00,2025-11-01T20:00:16+00:00,286
db01fc2decd804b50e6d8f5c78b383a907d10171c9f604d1a92d8b440cc4bad8,2025-11-01T20:00:08.126532+00:00,2025-11-01T20:00:16+00:00,286
703ff8b5bcfc7e7665b5288b0d156c4396207cc777d6e1d4c04f3704d67bccb6,2025-11-01T20:00:08.263210+00:00,2025-11-01T20:00:16+00:00,286
7c82f5d555b76b85347b7b4e9ce10b1e5bb3880673dc4fbc09cadda4b9101daa,2025-11-01T20:00:08.391404+00:00,2025-11-01T20:00:16+00:00,286
1e117385ce9074d3c80c4cddbe7454a844e56fbcc5416366e0c6b8ad2f862c27,2025-11-01T20:00:08.526754+00:00,2025-11-01T20:00:16+00:00,286
2dfad520fc7e957798fd9543cb3556567d3d4df9384b02c5239d16161bf0ef39,2025-11-01T20:00:08.661285+00:00,2025-11-01T20:00:16+00:00,286
29e8dda5da7dcb77caf6af5bd43fac2e38f6fe96b907e601d820ec1bb8d07ead,2025-11-01T20:00:08.794249+00:00,2025-11-01T20:00:16+00:00,286
67a5f7a625741a507ff1d5f74df7f4fce0d0c6517b17c6938ec953ee0ecb9583,2025-11-01T20:00:08.931011+00:00,2025-11-01T20:00:16+00:00,286
3671d3a0b965dcf9a9157c9d9f124b80018dcef5616ec74801bd2be16459e862,2025-11-01T20:00:09.059273+00:00,2025-11-01T20:00:16+00:00,286
21be54cb62b3f6214fe5b89d0b7e23b138fffa9f244fee58c024fb284d40c574,2025-11-01T20:00:09.189858+00:00,2025-11-01T20:00:16+00:00,286
9eba1ced6384a78d7410f4f6d989ccbd395950fe92176405206310abf611c5bb,2025-11-01T20:00:09.324409+00:00,2025-11-01T20:00:16+00:00,286
067af46832d9656e611c74170d460a415861fe1517035dd92327e12936e2a2d0,2025-11-01T20:00:09.459459+00:00,2025-11-01T20:00:16+00:00,286
1697cd8eb1421a02e6d56ce8b8b8c50235b3411a1510d5f7ca012e5b7d2543e3,2025-11-01T20:00:09.597057+00:00,2025-11-01T20:00:16+00:00,286
0083f27a8fd2a7c1d5ea4ed0aa81e7cadfabd372dd53291052fd21e1daec32c3,2025-11-01T20:00:09.730136+00:00,2025-11-01T20:00:16+00:00,286
232b918403c48cc6b08ac38f1b44fbd807f4a0f58149710e44d170634f3dc8ba,2025-11-01T20:00:09.889159+00:00,2025-11-01T20:00:16+00:00,286
6e1ec84c099e9909f9c71aa1b2e0ed3773d5efda655281ce123480cf9495ea7b,2025-11-01T20:00:10.028394+00:00,2025-11-01T20:00:16+00:00,286
6b46d5d4fdfd9edfe5b6f79c2f4f8ed4907dff7a07e2249dd8f82322c8739613,2025-11-01T20:00:10.171176+00:00,2025-11-01T20:00:16+00:00,286
0fef7bbe42695011666c5c18cf7e6512894118689090f8bff5f5076727c43e66,2025-11-01T20:00:10.303099+00:00,2025-11-01T20:00:16+00:00,286
22b58768e98d633ca525fd88f075b390807286cb1acded81d4ad298990f68561,2025-11-01T20:00:10.435631+00:00,2025-11-01T20:00:21+00:00,287
fce5c18d6a642fdf408980155d8299657426ab12e6a0704f4ad63109e6308839,2025-11-01T20:00:10.569652+00:00,2025-11-01T20:00:21+00:00,287
26898bdeaf65cd3775ba5785671f4265c3006122507574efc36301d37417d769,2025-11-01T20:00:10.704403+00:00,2025-11-01T20:00:21+00:00,287
9a681aeefb6b43047c3da396d236ce736359133d6be6dc292f993bcdc7229631,2025-11-01T20:00:10.837721+00:00,2025-11-01T20:00:26+00:00,288
e3cbd17f16ac6847ca092f96fe59cb3af7ccefc61eec248434c39203fccf44c0,2025-11-01T20:00:10.973257+00:00,2025-11-01T20:00:21+00:00,287
c4334b72c1c8ccfce70999d71cea46921cfdfe14c81d655fd3deb67387599ae0,2025-11-01T20:00:11.109931+00:00,2025-11-01T20:00:21+00:00,287
1a3a9754c2baf991503dfc092ab1bb44b4de1120bf15e8c72364d2e2965a41ed,2025-11-01T20:00:11.245081+00:00,2025-11-01T20:00:21+00:00,287
f0c4f64cee83f8c08ddb1d4e4d76b13bdff4297dc4b71b823a99230a401ae488,2025-11-01T20:00:11.580773+00:00,2025-11-01T20:00:21+00:00,287
27673502c0f19aa6d5b019e8d7628258e9f0957f892f9f9fe7b1ffa756213c37,2025-11-01T20:00:11.714193+00:00,2025-11-01T20:00:26+00:00,288
c16452b727096661424a4a355bca152db45eadf66e3dacfa458d8c9b6ce376ce,2025-11-01T20:00:11.843004+00:00,2025-11-01T20:00:21+00:00,287
1c7aef2d19edcc6f55449fc815b3aaf4f00ae69e4a551b083bb54336ef6d9f82,2025-11-01T20:00:11.975913+00:00,2025-11-01T20:00:21+00:00,287
6bc4f779bcc3312120fe1df45fa4a6b035ba24a276ecc4d70736f0a9e3700a28,2025-11-01T20:00:12.108421+00:00,2025-11-01T20:00:21+00:00,287
b3f2e79164ffa3060bf92cc816e6bf2f1df32eb330b9e4d0b1a2bfab6653daf2,2025-11-01T20:00:12.239486+00:00,2025-11-01T20:00:21+00:00,287
cd527ded7c4010f1aeb484a3f6fab92607a8ec1571f4947abe5e1191f40cbe8e,2025-11-01T20:00:12.373982+00:00,2025-11-01T20:00:21+00:00,287
13d105c22e142417dbd31906fe2a4a4dca1240d78a1cdf56d433014153d513a2,2025-11-01T20:00:12.510679+00:00,2025-11-01T20:00:21+00:00,287
8b395cb4daa5f7cb57dd89011a799fbf53de51a26a8f28857bdcf12f97274265,2025-11-01T20:00:12.643406+00:00,2025-11-01T20:00:21+00:00,287
cf5918f338331c2e2fdffaeb3da60edc5d32fa284596f77d20f438dfa9b26863,2025-11-01T20:00:12.782207+00:00,2025-11-01T20:00:21+00:00,287
f40aa14dcd5f6c91f8c3450edbbe457add1609d211f44a99c83d6d5370d1536f,2025-11-01T20:00:12.915974+00:00,2025-11-01T20:00:21+00:00,287
2bb45a3d3ff4adcab15083045db7f5d89ebd2c78703d8f8723bbbd050b08856e,2025-11-01T20:00:13.050894+00:00,2025-11-01T20:00:21+00:00,287
2e1e7d358b39cea6d3bc4363751f8688ff6ecf54d8a63df030e234e20de124a8,2025-11-01T20:00:13.185366+00:00,2025-11-01T20:00:21+00:00,287
2d919bb6cbb52ff02942cbbae9ca78bf8725b128d1f9f4a5b5a9c5f04f44cb86,2025-11-01T20:00:13.321543+00:00,2025-11-01T20:00:21+00:00,287
f77bca23d282bcd1046694bc2848b3c76b6788ca97adeeda0e2523398de6e659,2025-11-01T20:00:13.458318+00:00,2025-11-01T20:00:26+00:00,288
5041158187ef7634bfe22e75062e4e915e6ea7b8ff6b637ffd3fd9297aacd3fa,2025-11-01T20:00:13.591566+00:00,2025-11-01T20:00:21+00:00,287
22cf2f2b5544d0ecf24367927dfa5b89581fd0875257f4915dc8a3e917942220,2025-11-01T20:00:13.718943+00:00,2025-11-01T20:00:26+00:00,288
384541f1c77382fe906e8d4315b25864cdfb0defa095a4a9bbf3339dc52aef9c,2025-11-01T20:00:13.857117+00:00,2025-11-01T20:00:21+00:00,287
d1b48078e1aa0b7a088782b5fcc04d950731adb95e638424a4e8a00c834434da,2025-11-01T20:00:13.996959+00:00,2025-11-01T20:00:21+00:00,287
4be1c9c0669d6f199b46983ac94a00dcd0d6898c5a1d0b9167c7c70f1f34de73,2025-11-01T20:00:14.135661+00:00,2025-11-01T20:00:21+00:00,287
577168f9e8ed5a112a0aeeb6ca2653ee5446fef1828e4e8b2d3119ddbdfc872c,2025-11-01T20:00:14.270755+00:00,2025-11-01T20:00:26+00:00,288
2b8bbb59ab6b6ee82e6cd18b88a9ed9e43a1465f52f4b645cecf4803b76ff57c,2025-11-01T20:00:14.401885+00:00,2025-11-01T20:00:21+00:00,287
a6f248c5bed416ea1c2856aee63960a219fcc78f616914949800ad4f4d0c2b46,2025-11-01T20:00:14.541025+00:00,2025-11-01T20:00:21+00:00,287
134460e0a8f840b54f4d7f0d66434c698ae6b2f8484b549205fc8cf642f71600,2025-11-01T20:00:14.677623+00:00,2025-11-01T20:00:26+00:00,288
bac06bf909e104d70f1a3910aea92e9419f95ec456dbf1dd5f31b1fe2f08320f,2025-11-01T20:00:14.812038+00:00,2025-11-01T20:00:26+00:00,288
0613c09b619193ced9c3459668dd90999b04e8b304f098f11160d67be00dbcdb,2025-11-01T20:00:14.946658+00:00,2025-11-01T20:00:26+00:00,288
2ab918fb1884251f19d37d7e3fbfc6f84de924567237039f440a4af4ac1d9ac7,2025-11-01T20:00:15.084576+00:00,2025-11-01T20:00:26+00:00,288
350883f8c116d53f8e1b50c730d7c3c2aa675a23db61de14b1f89faee5a23591,2025-11-01T20:00:15.218162+00:00,2025-11-01T20:00:26+00:00,288
7026719fdb7a203eea6a7ad10a510df1f11d663c6efb60275767eb1ff7459717,2025-11-01T20:00:15.354985+00:00,2025-11-01T20:00:26+00:00,288
24f3737c24e0eb0dade3edc27f1753e5c03725a02e61e46fc56fd56a25ebda46,2025-11-01T20:00:15.490913+00:00,2025-11-01T20:00:26+00:00,288
3d626dc33872a07fa65bd421bef0d6b23efc5014f73a4ffbca1a6081b443ded1,2025-11-01T20:00:15.627520+00:00,2025-11-01T20:00:26+00:00,288
1ed256bdde988f8615a2e171136e3c949f49c0fd37799344fe221fd1fcbd55e5,2025-11-01T20:00:15.766926+00:00,2025-11-01T20:00:26+00:00,288
0b36eecaa46e2a75d7079925790402d18100244654c64e7df3326091522ccdb5,2025-11-01T20:00:15.904830+00:00,2025-11-01T20:00:26+00:00,288
a8fe24cab443294c34d6a85684bdd602bd2241a77a84dd72ff9d90e4653957f8,2025-11-01T20:00:16.043189+00:00,2025-11-01T20:00:26+00:00,288
30ec6bc644ced1010630a44e2020515f31a340063d6700346e4e74a6de73a22c,2025-11-01T20:00:16.181836+00:00,2025-11-01T20:00:26+00:00,288
ff53f0340c9cd82404472ae8a0fffe0c5a4d2ae5d9dbe145f32ae0354693f0e6,2025-11-01T20:00:16.318866+00:00,2025-11-01T20:00:26+00:00,288
99aa60f793deb2e6232f8766f1e85ebd89b8787b9b3b09945b591aefba86fdf7,2025-11-01T20:00:16.453912+00:00,2025-11-01T20:00:26+00:00,288
6fef6cf6fe1a595de1d5ac6bd27f4592046bc899c52518cae1bf98c8452fad06,2025-11-01T20:00:16.792988+00:00,2025-11-01T20:00:26+00:00,288
c43400ad4c08ae47a70afd8290d42c1be3e0b2252205cf29366c9d69c7f9de3c,2025-11-01T20:00:16.937815+00:00,2025-11-01T20:00:26+00:00,288
4b2eeb1fcf5df808ad2d2878fc454863f5167086aeb02947257a1e51b903eb50,2025-11-01T20:00:17.066195+00:00,2025-11-01T20:00:26+00:00,288
b236f60341136cf6f61e154cd54c12ec0997f784fe61f3a43b74caf391e5329d,2025-11-01T20:00:17.213240+00:00,2025-11-01T20:00:26+00:00,288
33b15779e717bc6737f2f6da0c0a2bf711f276413022262038007c10e7cf6a56,2025-11-01T20:00:17.350975+00:00,2025-11-01T20:00:26+00:00,288
e6ac5478a05799590b2b81860308bf968e19919565d6e5e93d870c6781377004,2025-11-01T20:00:17.487287+00:00,2025-11-01T20:00:26+00:00,288
3322fd83dae4f51d7538d0d15060c432f4d2f3f76e8a69052e5be86b9f206e1c,2025-11-01T20:00:17.639295+00:00,2025-11-01T20:00:26+00:00,288
f6f5610acbd14e3dca2435e935e038b47cc4d240e7511d98d54c5bbc0e8407db,2025-11-01T20:00:17.774339+00:00,2025-11-01T20:00:26+00:00,288
c15708295796cecb17a1de391badda88f9b0c9ec6601ab8744f53f910d7273cc,2025-11-01T20:00:17.912539+00:00,2025-11-01T20:00:26+00:00,288
550a5f35cfb9ba53a57c169b76fbdc5190963a378f9950514553f91973f9764c,2025-11-01T20:00:18.052358+00:00,2025-11-01T20:00:32+00:00,289
074ac8509294bc40b8dec4cd46540dd15091a71aaae7997374f823940213027a,2025-11-01T20:00:18.196928+00:00,2025-11-01T20:00:26+00:00,288
95ec592103d98f43c44231c6c7f05297779d23c9aabea25f01f33ca750aab9e9,2025-11-01T20:00:18.340292+00:00,2025-11-01T20:00:26+00:00,288
7b8776c5e4299a48f7aa69b4447013ddfb2e0fcbd522c12565017248ed8fc8b2,2025-11-01T20:00:18.479078+00:00,2025-11-01T20:00:26+00:00,288
e47ca9cdd550ae0b96a8d2bddcce4797d9852635139a3f49ab700622e9955520,2025-11-01T20:00:18.621369+00:00,2025-11-01T20:00:26+00:00,288
f2b65dd0002ef9481afdbcdadd4ca27ae2892b9fd1a0ed8ecc2b8b0e9e315cff,2025-11-01T20:00:18.755018+00:00,2025-11-01T20:00:26+00:00,288
bd0a844db0bc55734b709c22decd1a16c813b134b726ab4403da7cc65c91046d,2025-11-01T20:00:18.890387+00:00,2025-11-01T20:00:26+00:00,288
2cefa3f04dbc2fc8f515bc8b9589379b5954e5d4e925068f0226e0c0d459067c,2025-11-01T20:00:19.025943+00:00,2025-11-01T20:00:32+00:00,289
c318f5a1077511070edfb9422a6cf00f38ac831fe96dd34aa49566e88808dda3,2025-11-01T20:00:19.170874+00:00,2025-11-01T20:00:32+00:00,289
db08327f246eb0050f676327beb33314a971fc9ab5b84c6af3961acea2e464fb,2025-11-01T20:00:19.302901+00:00,2025-11-01T20:00:26+00:00,288
af3e202acde16483f242f31c790ac88015e514d5d2672a6be53ec2140ad2f8d9,2025-11-01T20:00:19.441334+00:00,2025-11-01T20:00:32+00:00,289
e04dfc56af18869af6eb797fc7555f6e789e12ba1c9fa6c15c23ca6fe5f12c45,2025-11-01T20:00:19.573940+00:00,2025-11-01T20:00:32+00:00,289
0b2c717b2ed1568ad652700acf59c1f1b47c31af2aff46ab1ebef1990d5e0bee,2025-11-01T20:00:19.703180+00:00,2025-11-01T20:00:26+00:00,288
b461ae1dfbc97eba79f1ad3a83bef965ddefce17471148b40c61e5cf614e33af,2025-11-01T20:00:19.856645+00:00,2025-11-01T20:00:32+00:00,289
922662fb50e247c486ef63e33ae941c17f248d2480a079056e83ef00e1a903cb,2025-11-01T20:00:19.992741+00:00,2025-11-01T20:00:26+00:00,288
64c89c82914a6cde109010385453a1a11da068796e0e113e9c35a7c07a8c1ee5,2025-11-01T20:00:20.130090+00:00,2025-11-01T20:00:26+00:00,288
11a9b12c20a146f6ee4307def86d4e184db6ca473a45bf0a89b552ac49faf7fc,2025-11-01T20:00:20.270893+00:00,2025-11-01T20:00:26+00:00,288
8cc0c9597c3a465142eff4a7f9d39fdaf49a6eb9b1226a7dc7e8876a9aa0bcab,2025-11-01T20:00:20.407915+00:00,2025-11-01T20:00:26+00:00,288
880e3d58a704821cbc524b23e6e0cc5c345f39839606a50e393fed4ee0386ba3,2025-11-01T20:00:20.542459+00:00,2025-11-01T20:00:32+00:00,289
8f926fbd3dd6f06c050c32cec7fc61b156ae3e7cfba08dc6b7181eac31059815,2025-11-01T20:00:20.673464+00:00,2025-11-01T20:00:32+00:00,289
5f22ce5c9a0dd0099b689802c4fcdaafe37df7a36a8fbe868025a78811f67255,2025-11-01T20:00:20.803272+00:00,2025-11-01T20:00:32+00:00,289
bd74c75c7780f5a0571635e5413d30c93811a230f9f7425dae708a870422c0df,2025-11-01T20:00:20.937926+00:00,2025-11-01T20:00:26+00:00,288
8370cbb923a1ac5edacbbb20c84d987fdc8eba278d2ee3b837969bd8e6088464,2025-11-01T20:00:21.070457+00:00,2025-11-01T20:00:26+00:00,288
86314c413a0d7b1ceaf74e0edd1c5743a5c005d78b3ad70ec5a4d872945c7cba,2025-11-01T20:00:21.205268+00:00,2025-11-01T20:00:26+00:00,288
a99ff1abbd4ab89d467afe83717a0647f1cada894f6dd9420f0c451cafa37c85,2025-11-01T20:00:21.338095+00:00,2025-11-01T20:00:26+00:00,288
b96177072ca3b7f8bc583253aecbb05d6fd454ecaedbc803f6fe1450ce9b7741,2025-11-01T20:00:21.478444+00:00,2025-11-01T20:00:26+00:00,288
89aee472abd6f117dca5334c09ea018bc58a66e0bc2614ecf99f603aecd6bb5c,2025-11-01T20:00:21.614779+00:00,2025-11-01T20:00:32+00:00,289
ac11dd548c6386c568a0d0ca9649199a363f6b361fbf9ba17b7fe16710d2c007,2025-11-01T20:00:21.756603+00:00,2025-11-01T20:00:26+00:00,288
d1caecb1790abb786e0d5ab35a159dff6690a44cb6af35ec7e7d35bf17c9d357,2025-11-01T20:00:21.889936+00:00,2025-11-01T20:00:32+00:00,289
c8e35951f5e47ed2706a482e6c7160264b380fe0da79f74213ac515c1d065c1a,2025-11-01T20:00:22.020903+00:00,2025-11-01T20:00:32+00:00,289
a3b8dfebf6402e0bd4f59ecdbb6bc4968d8c659e794a43ed94497af02741d932,2025-11-01T20:00:22.153045+00:00,2025-11-01T20:00:26+00:00,288
2c94c0919086bc651a45a962c98f1a8aa94580cacce4931242abe16e5e141db5,2025-11-01T20:00:22.287047+00:00,2025-11-01T20:00:26+00:00,288
1d3273cfb592ba56e4a251a49dac56f26dc1b0ee45a9cda9ed90a4ee2ebe3e88,2025-11-01T20:00:22.420575+00:00,2025-11-01T20:00:26+00:00,288
eca44bdbd03ffa1ef262a88026d385ea5ba8ed0fb25a7a9263938dc5fc6e67af,2025-11-01T20:00:22.553930+00:00,2025-11-01T20:00:26+00:00,288
e5fcf75c08a2287d0fa515cc4e01122e1fe342736c5420dff43e96e71d6caaa0,2025-11-01T20:00:22.694235+00:00,2025-11-01T20:00:32+00:00,289
9d9cf84df052918741e519c2284511c64b6b0140a12ee267f053f42a99c8842d,2025-11-01T20:00:22.834362+00:00,2025-11-01T20:00:32+00:00,289
cd663dd5ea115d0dfe87e4b31fee115e988bb4b7e3da11ee55c367d11515f316,2025-11-01T20:00:22.970124+00:00,2025-11-01T20:00:26+00:00,288
4f740ca57393a026b3088f7f6a1808b1e20e4ac6ef9f79a11a314e06cedf4fcb,2025-11-01T20:00:23.106419+00:00,2025-11-01T20:00:32+00:00,289
9d53ad3b947a4172fa4f43d86b1a46f4fe27671c59749a6fcd6a2cf835b39c61,2025-11-01T20:00:23.241565+00:00,2025-11-01T20:00:26+00:00,288
0b40f551d2c84b8d488cdb3e0a9287fff9145ffef39c16bfe03e09d07aeacdf2,2025-11-01T20:00:23.374142+00:00,2025-11-01T20:00:26+00:00,288
eeb3624f6379798855010b351672f33b4f846eca314554a53db12488721208e1,2025-11-01T20:00:23.511022+00:00,2025-11-01T20:00:26+00:00,288
d94098ba2efa6501bd6ebdee734fa7071e989f5af0e002b58665e7b8e3b16c2d,2025-11-01T20:00:23.648401+00:00,2025-11-01T20:00:26+00:00,288
6d157b2990b8af900717ae846748e3748c9127bc71d82ac614fbee080bb0850e,2025-11-01T20:00:23.788268+00:00,2025-11-01T20:00:26+00:00,288
fb2c5230dc3ca7c89fb2f43bf622aafd8727afe8e3f8a5a9021c8091dc5a349f,2025-11-01T20:00:23.924064+00:00,2025-11-01T20:00:32+00:00,289
ffbe7d0c74e692f293feee98caeb3454c5f66615670e5dbbf94780fcbd3f112d,2025-11-01T20:00:24.063828+00:00,2025-11-01T20:00:26+00:00,288
8ca19a74605c386cfbf3542a6d32f7dc6833ada45b8b63dc347b76b2402e938c,2025-11-01T20:00:24.198989+00:00,2025-11-01T20:00:26+00:00,288
8435ddb520c88dce133b92e252630f95cc1e2ae500f841df965a11155479dc11,2025-11-01T20:00:24.339586+00:00,2025-11-01T20:00:26+00:00,288
0e1b23ea941a729652cd83f87a2754d3d8c0261e9e341e84da0d92c203b8e458,2025-11-01T20:00:24.473978+00:00,2025-11-01T20:00:26+00:00,288
70a27528b90bea0833a26d8c09a6cbc3cebfc32981ff7ef0bb3150b92b426711,2025-11-01T20:00:24.612002+00:00,2025-11-01T20:00:32+00:00,289
5a79621d6bcffb0ef0297daa91ddea3fde96c6ecbd0d0bf8af3a757b3d153737,2025-11-01T20:00:24.746278+00:00,2025-11-01T20:00:32+00:00,289
e1837d9eb14cdd0aa3c4d9c871104dd305173aac59489754c1da6fe70cd59597,2025-11-01T20:00:24.884168+00:00,2025-11-01T20:00:32+00:00,289
6961a78aefb8f6478f9ec396b4dcf6f6121da92e0615142f2a000dd8ca8c8f94,2025-11-01T20:00:25.021863+00:00,2025-11-01T20:00:32+00:00,289
25f5e29c4c9d309ed3b97647baebe59caa9195f8ac783c8c73c8663b7d4686be,2025-11-01T20:00:25.156120+00:00,2025-11-01T20:00:32+00:00,289
df8ad4e476a643c506b85dfa8a4649743a8b234e2e4a7ae98521945e12e658f0,2025-11-01T20:00:25.292065+00:00,2025-11-01T20:00:32+00:00,289
36902997d4b1f4a86bed632816bc165385534a128910e3a2d90fa94539bfa7a7,2025-11-01T20:00:25.428087+00:00,2025-11-01T20:00:32+00:00,289
cc7e8d71f3f299d044b78b4007d7f459f42dfbdddfc86f88a63b6be303e1380d,2025-11-01T20:00:25.563329+00:00,2025-11-01T20:00:32+00:00,289
d96a801ed91318c2443bd1a3bf509d7acd70d4f762ee9a936aded5b552d90ea9,2025-11-01T20:00:25.700224+00:00,2025-11-01T20:00:32+00:00,289
490dd1219e40f291760a086558a2a8924a8d4f27e2a2aa2f7a1f8418f841f2dc,2025-11-01T20:00:25.836069+00:00,2025-11-01T20:00:32+00:00,289
f420a859af45f2ab4d4cf182a013f3f0f8bf9b9cce975e1a218c396269b9c64b,2025-11-01T20:00:25.972511+00:00,2025-11-01T20:00:32+00:00,289
eb8d417b9a261e649d4fd2a3e260852bd14ef2725533f99dd099f05929ca105f,2025-11-01T20:00:26.107475+00:00,2025-11-01T20:00:32+00:00,289
6e68b1bfe64cf8908c662511a212248b49a04c09652e22e0026056671f75d664,2025-11-01T20:00:26.242748+00:00,2025-11-01T20:00:32+00:00,289
bfe3d376895159e288596e69632e64f693bc424c8968569675c4114d9a37ee08,2025-11-01T20:00:26.378473+00:00,2025-11-01T20:00:32+00:00,289
3d8f88795a82bd10d24119c57408e690ca84097f636b9d254922f0a858af7926,2025-11-01T20:00:26.516182+00:00,2025-11-01T20:00:32+00:00,289
a7b26304f367b2d7f1d5cc2aa7172f5aa88b6b743abec52df546dfd920541e9a,2025-11-01T20:00:26.649417+00:00,2025-11-01T20:00:32+00:00,289
35d8aba8208f1087ea0c71bc38d4d59f8440b710ce0f5aa85ab22ed94f5afed9,2025-11-01T20:00:26.782410+00:00,2025-11-01T20:00:32+00:00,289
1f9352a7393591bf2ca72386a51a221fb15c37b76572a43bdaf64c20e35b6eb2,2025-11-01T20:00:27.129769+00:00,2025-11-01T20:00:32+00:00,289
5b3c00e207816519644fe42b4833170fa7add3356234425e77dfbf3a9aee7e72,2025-11-01T20:00:27.259580+00:00,2025-11-01T20:00:32+00:00,289
244d4e8b06fcf4116e5fcd6d4d045952fc6078f5893ccfdb4041cdbe89d542f9,2025-11-01T20:00:27.391081+00:00,2025-11-01T20:00:32+00:00,289
3c6fa8f06ac0195d085dd4fe87c3e94cf4bce233c5a796609fc8bb70b4b08938,2025-11-01T20:00:27.521197+00:00,2025-11-01T20:00:32+00:00,289
63d79819ab1d5fea0ce4a5550ba5e8635f705e6c6906ad96a57dd86138be83d7,2025-11-01T20:00:27.651947+00:00,2025-11-01T20:00:32+00:00,289
78b4e391096f33c789994444b188abe69f27fe923a4c3337aad1f140b610f0c6,2025-11-01T20:00:27.784427+00:00,2025-11-01T20:00:32+00:00,289
d7d7182a64ea237dcb8c1cb90c48b74b1da715a23a5e87bd4faf7bdacf74af2b,2025-11-01T20:00:27.915290+00:00,2025-11-01T20:00:32+00:00,289
dde587843dc2bf82d6dfc22769a7ac52b1f6b37f10b828f9e24b65b9f3120e37,2025-11-01T20:00:28.057260+00:00,2025-11-01T20:00:32+00:00,289
f33d05dc826e4aa217c1fa6caef25a362970abe1ba58706f6758bcc8a5d11d28,2025-11-01T20:00:28.195426+00:00,2025-11-01T20:00:32+00:00,289
a433b947cc0aa78123a15c01ff030b62531dc13734a084be5c1c712337a95d43,2025-11-01T20:00:28.335848+00:00,2025-11-01T20:00:32+00:00,289
9368365f8f1bb6cd5603bb0b15b7e11ad73a157720bca106ff2c832b0d44ee81,2025-11-01T20:00:28.468771+00:00,2025-11-01T20:00:32+00:00,289
1a6de975a89c25ef29bfe92f6728a828d2b059e769f6496736bde09bb3bde6cb,2025-11-01T20:00:28.606480+00:00,2025-11-01T20:00:32+00:00,289
d6651ec7959f5f216b5bc0c99e24387f77d12c6d8b801df9e86cae77693de93a,2025-11-01T20:00:28.740209+00:00,2025-11-01T20:00:32+00:00,289
37d24faec194e1eecba7bd763815d4523f79d0c41cdfab6d688a16915df2e0f5,2025-11-01T20:00:28.873673+00:00,2025-11-01T20:00:32+00:00,289
9e25fe10f22681c78b15e06fd06eb87421cd894676a1cfce5d4c53ad5769c971,2025-11-01T20:00:29.011842+00:00,2025-11-01T20:00:32+00:00,289
f84affb44b118d0056080fad0cd57af3e14aa77a373d772e494b5ca41f685ee5,2025-11-01T20:00:29.166596+00:00,2025-11-01T20:00:37+00:00,290
04faa8b6ee72a5033417a6cf175173281505a1fd7c668e1ec6d80f6c3778bc38,2025-11-01T20:00:29.296910+00:00,2025-11-01T20:00:37+00:00,290
93bac8b544d96d5e9526191af0544e796dff96a45d1d999397a697d978534e28,2025-11-01T20:00:29.430313+00:00,2025-11-01T20:00:37+00:00,290
9a033a5f52a4a9892710a2ca36d27cdf038c9aa1103e632ccfa5543aae99c774,2025-11-01T20:00:29.568314+00:00,2025-11-01T20:00:37+00:00,290
53b6daf77b7d69681017740e5155d10c49c7a76aff4d4e08c77f36b096b83cf0,2025-11-01T20:00:29.699523+00:00,2025-11-01T20:00:37+00:00,290
c7b9e5aa9e30985bbd69ce927a0f1e0fc1392d59a408ce28ebd85a2da777f7db,2025-11-01T20:00:29.879804+00:00,2025-11-01T20:00:37+00:00,290
bf4b958dbf0a5d9de9bee2ea3b1f527a3f91b203b3ff9d961b5a1f47008b7df0,2025-11-01T20:00:30.015056+00:00,2025-11-01T20:00:37+00:00,290
d9c0f7fef13884f398ee4438899c437c6c7e08ff234bd229e44d5b577e1cf534,2025-11-01T20:00:30.152149+00:00,2025-11-01T20:00:37+00:00,290
51e5591b8f510bf61e17eeeb8a7ba380333ef1c12e67c8e2e9dc08cd8fa436db,2025-11-01T20:00:30.282346+00:00,2025-11-01T20:00:37+00:00,290
b3d11482ddef2a8b934b7cd234ac7cc8ae9149cd62e530e7258b59c9799ca606,2025-11-01T20:00:30.411748+00:00,2025-11-01T20:00:47+00:00,292
54dd4f7da1f9bb67123faafc128e3af8b0bad7c8b1fcec92f78e7e91fdcafc38,2025-11-01T20:00:30.541973+00:00,2025-11-01T20:00:37+00:00,290
eb675ca082035dc67256032ab356475a745835ba54fc2661652f4ece6317aed5,2025-11-01T20:00:30.675794+00:00,2025-11-01T20:00:37+00:00,290
8686f956772e02db212cdcf06503078d1f497ce0c4edf2bd81149d476fb3a31c,2025-11-01T20:00:30.810451+00:00,2025-11-01T20:00:37+00:00,290
c11bf47af9bf617c815ff9b58f34eebb04f9216fbc19bb04a7d4fda91f7afd13,2025-11-01T20:00:30.941088+00:00,2025-11-01T20:00:37+00:00,290
884ff3e58f756c974fa3091c37b69ddddd60ce6489794f3b9f2ad3fce918b961,2025-11-01T20:00:31.077904+00:00,2025-11-01T20:00:37+00:00,290
e0abdec1383a55db192e9769195015830e718e7b74740f23f2f537e1ca3907c9,2025-11-01T20:00:31.214156+00:00,2025-11-01T20:00:37+00:00,290
cf1f05cf83f8e713da2f4296cdeeae0ba3ac3b36deea319027d8841374654f51,2025-11-01T20:00:31.348788+00:00,2025-11-01T20:00:37+00:00,290
f3751c11b62034b31fae6d2a086b1312b4d18852ba1cd009d09f7daf73584331,2025-11-01T20:00:31.482297+00:00,2025-11-01T20:00:37+00:00,290
1731775a7795f9471595fdde15112d92734fa857f7d127ddc774f600ab69b073,2025-11-01T20:00:31.615693+00:00,2025-11-01T20:00:37+00:00,290
049f6f6d9f4ee8a33f656b3a29afbd896840f549a519f0354aed6b6b1fe88bb7,2025-11-01T20:00:31.750029+00:00,2025-11-01T20:00:37+00:00,290
101ffbc2c2c7e4101d1f350dfa700862597f205afdd93821d724769dac208b70,2025-11-01T20:00:31.883853+00:00,2025-11-01T20:00:37+00:00,290
c266c7b4a265d70d29d551df8462cb1f61c7b72bf9cc96dc2d17035c29fdb3cf,2025-11-01T20:00:32.014143+00:00,2025-11-01T20:00:37+00:00,290
b133656a54378ce703d7899b6b643ae719f16daa0008ce7b37dc946ba3010ebd,2025-11-01T20:00:32.145231+00:00,2025-11-01T20:00:37+00:00,290
514821af0027526a6555a6dc410ad6a91c637f54225dc2d9fd182ad4d307d013,2025-11-01T20:00:32.274656+00:00,2025-11-01T20:00:37+00:00,290
a54b24d774e0e717723dfd1cd74662827b4d8c6b4fe11c20d2bf853b33b240b0,2025-11-01T20:00:32.406600+00:00,2025-11-01T20:00:37+00:00,290
39dcf619e64a49733114540d13411b1fcd6d36fb96bfb6097dc00a562f61151d,2025-11-01T20:00:32.538047+00:00,2025-11-01T20:00:37+00:00,290
88ed65b2a69d814d540a62bb99272bbaba5a9d97292cd5c2533d660a869a8f14,2025-11-01T20:00:32.671024+00:00,2025-11-01T20:00:37+00:00,290
965ff4c215251564ffe42d222f5ed49d559594f682536e649a8b03a172ecbf58,2025-11-01T20:00:32.808719+00:00,2025-11-01T20:00:37+00:00,290
23fe3bb00bf44ec67294020e219e69e20fd9b1cd9757fc99ce86f4d70c7bf762,2025-11-01T20:00:32.944702+00:00,2025-11-01T20:00:37+00:00,290
78f646a8afd47b2b9faec5681c47005750dc1ac01600fa8245ac7e443145d5fc,2025-11-01T20:00:33.076935+00:00,2025-11-01T20:00:37+00:00,290
ccaca18d49b9aade514e854757e0ade3a052f7d487f40eb35236a308ae3ba550,2025-11-01T20:00:33.209162+00:00,2025-11-01T20:00:37+00:00,290
e8e064d092360b23ef1d451ee5de08195028a50fa74eb5513d5935bd6677d71b,2025-11-01T20:00:33.340874+00:00,2025-11-01T20:00:37+00:00,290
01b87320772bd1cc08fd2fe5897e19e7a911590531744862cde04afe6416177a,2025-11-01T20:00:33.473152+00:00,2025-11-01T20:00:37+00:00,290
197b97e755d0540c1706014c956e14cbcaba7714f62aba054bfea97479426b50,2025-11-01T20:00:33.610886+00:00,2025-11-01T20:00:37+00:00,290
83d7a6f908c5f49e011460e87dcd23fb64a067ed718921002514f9bb5bd54406,2025-11-01T20:00:33.755180+00:00,2025-11-01T20:00:37+00:00,290
f3a6d5b6ece732e999a57763a9136965bccf64c0b73c7b0f537e986b953840f4,2025-11-01T20:00:33.895748+00:00,2025-11-01T20:00:37+00:00,290
4945cacd161dce391642af1ab8ae1f8879e32c8ffe38aa9d0214efaaedcb30bc,2025-11-01T20:00:34.027786+00:00,2025-11-01T20:00:37+00:00,290
040f4b6d18850d1d6baf1fa08d0726d52139aaf7aee357574618bd22e8726448,2025-11-01T20:00:34.165090+00:00,2025-11-01T20:00:37+00:00,290
bd88e56b51e20d57c62ec8edcba4a32b4e8bb6e396037b0537961c92f69a7383,2025-11-01T20:00:34.301190+00:00,2025-11-01T20:00:37+00:00,290
b1a5317f34f40c625accddc770ec9d7e5de73bdb8113818296e27fd7f9c20c87,2025-11-01T20:00:34.434020+00:00,2025-11-01T20:00:37+00:00,290
5694e9eb16cc3b0ef2426b374efe500f76b558a620aec3b2467302b9eedfecf9,2025-11-01T20:00:34.567230+00:00,2025-11-01T20:00:37+00:00,290
c4b0c4d27c4289cfbfdfb7c71e29297ea664aa98889ec44b8e99f685bdbfffae,2025-11-01T20:00:34.702129+00:00,2025-11-01T20:00:47+00:00,292
58b21ce4ab686f69ac8a8794a44df58c6d397a6307efc6067b11a24b73b2601d,2025-11-01T20:00:34.839723+00:00,2025-11-01T20:00:47+00:00,292
8a45ee365c1875fde1b86117870671ccfe5748e997db1355f5e126fff6f1aecf,2025-11-01T20:00:34.977215+00:00,2025-11-01T20:00:47+00:00,292
6aa7545dce67ab18d0f1d4d811f859c37511693f3e091b8af2cb0296bac15449,2025-11-01T20:00:35.115955+00:00,2025-11-01T20:00:47+00:00,292
0fca79c0a81c2e31866a6ed59c2f55508be90ddb50b4cdf8a4ded40deadc47b3,2025-11-01T20:00:35.242656+00:00,2025-11-01T20:00:47+00:00,292
d709f81d2d0643a7d02de508cac52482035c75109a123e321841588f57f43772,2025-11-01T20:00:35.374626+00:00,2025-11-01T20:00:47+00:00,292
33632541f986a68ef20d4180c40e14457c74d69d3447cea55e94414495ea710f,2025-11-01T20:00:35.513994+00:00,2025-11-01T20:00:47+00:00,292
84bee763b6579497d4332fdac191d7d9c073d6a85879caed9c16c6ec257bff75,2025-11-01T20:00:35.648126+00:00,2025-11-01T20:00:47+00:00,292
686403cb96aeab48c98e8faa3eed288efddca565ca73830b2d1daf03f0eb9eb3,2025-11-01T20:00:35.777840+00:00,2025-11-01T20:00:47+00:00,292
a077ed736c1708342fff7bc256473dcee881818479acaf8d6240fc3c7e5ec685,2025-11-01T20:00:35.919629+00:00,2025-11-01T20:00:47+00:00,292
ace89baa3db782e38cccdc37f3450272ebc5cc34465f1385462a454e937fd6b1,2025-11-01T20:00:36.052229+00:00,2025-11-01T20:00:47+00:00,292
e9fee3c53ac6b6f55d5741469dfb8fab463fa357971eadb63e10f42c40f62899,2025-11-01T20:00:36.181947+00:00,2025-11-01T20:00:47+00:00,292
13c715ef38492e47e2c585ec0e541043ee5c35379f4a7ade41129a6b539c81bb,2025-11-01T20:00:36.316089+00:00,2025-11-01T20:00:47+00:00,292
7679319040b5e9dc72c55512df6a3f0a8629cb78bc1b9d190e2c0a9fc9b2ea32,2025-11-01T20:00:36.446504+00:00,2025-11-01T20:00:47+00:00,292
b136cf4796a7d3b8b1f08813a12b1d6e0eec73e1cec9c24b8e1a528c82eee447,2025-11-01T20:00:36.573782+00:00,2025-11-01T20:00:47+00:00,292
490a4cd969d73d18d0cef914545de2f12b590df1027ac8d145fc9bddc429e8c7,2025-11-01T20:00:36.711000+00:00,2025-11-01T20:00:47+00:00,292
815f50dd9967fca18b5b6732ba3f83529bbb59110d311eb9b2f9f6f3ef3cfa2f,2025-11-01T20:00:36.861402+00:00,2025-11-01T20:00:47+00:00,292
e30324303e1600cf56fa26276d6cdd831e2948c231160d8fe24336b7225307e0,2025-11-01T20:00:37.001800+00:00,2025-11-01T20:00:47+00:00,292
bcfd3a4e3ab4756eb80dc8e9bda1dcbae2d3ba19a36b88ae40a119af4a6f7c80,2025-11-01T20:00:37.136090+00:00,2025-11-01T20:00:47+00:00,292
babcc65bc366410dc1072bd3f6247c32d6d8795e3b0c18ffab0de366fac23a2e,2025-11-01T20:00:37.474427+00:00,2025-11-01T20:00:47+00:00,292
b34765ec49e918284efb0b34b11feaac76e3ccfe5c47b7188249b85ec2208040,2025-11-01T20:00:37.605353+00:00,2025-11-01T20:00:47+00:00,292
8f98d409a4edd646dd548f4e9eef67a709bf4a334be38706f0d25ac5b2910a6a,2025-11-01T20:00:37.741269+00:00,2025-11-01T20:00:47+00:00,292
a80be48800cf71e12723e4bf6cf50ceebc0024306ba3c437abf4789896f14298,2025-11-01T20:00:37.879937+00:00,2025-11-01T20:00:47+00:00,292
2c466ab3d8d02528c3c6fdb9bf0cd99ec9d252f521e01b003e664adbb6650bcb,2025-11-01T20:00:38.016104+00:00,2025-11-01T20:00:47+00:00,292
0bbd8fbc826effd2eb045df71bb7c39f52be16c92d3e35d743df4e0ae57de681,2025-11-01T20:00:38.145872+00:00,2025-11-01T20:00:47+00:00,292
4375cc237095bd83691c2bbdb690fa493bf25c732e5d06726b2e66a5d9b5d8ae,2025-11-01T20:00:38.284191+00:00,2025-11-01T20:00:47+00:00,292
28d41fb9017d5b606ead78bbab3048e1f4fa7330e2406ce7ff6ef44e655abc14,2025-11-01T20:00:38.412934+00:00,2025-11-01T20:00:47+00:00,292
65bf43ea5b9a3e43bbed01937d8263880100edf10a0435455324a07622d19926,2025-11-01T20:00:38.546437+00:00,2025-11-01T20:00:47+00:00,292
2396a0ccba191e2315315499424c2386b502a5d4e4ad3fc91414516e9ff4918c,2025-11-01T20:00:38.682669+00:00,2025-11-01T20:00:47+00:00,292
94eadc689596b4d92be0f678be0b5648281a21077f3ff84813af1c2346506c2e,2025-11-01T20:00:38.816463+00:00,2025-11-01T20:00:47+00:00,292
210d087beab9a13f343363675f5ffd6151c39f4b3c18475d2ebea5a67da079af,2025-11-01T20:00:38.948941+00:00,2025-11-01T20:00:47+00:00,292
69a44ee5f6883d65f97e43bd4b3b53d1d26f24b40679d5d9511ba5be46282ddc,2025-11-01T20:00:39.088776+00:00,2025-11-01T20:00:47+00:00,292
f9c5a40dab375b039c349baee5866eba0fe420500607f054ca67e57a0b5bfe9a,2025-11-01T20:00:39.219195+00:00,2025-11-01T20:00:47+00:00,292
c1cab33db7e80719a03c90309015d1f55ed9d02b7869a258c66c795ec7cfc9b1,2025-11-01T20:00:39.354003+00:00,2025-11-01T20:00:47+00:00,292
53cb29b7d07d724d8b11a9499a7c1ff57144745229792cb0a5ad3dcb128eb9c1,2025-11-01T20:00:39.491125+00:00,2025-11-01T20:00:47+00:00,292
9c003b73f30681f1ecfd41bb8d269d1eb62cf6f1d6b882690bd9ec6f947ca0bc,2025-11-01T20:00:39.626606+00:00,2025-11-01T20:00:47+00:00,292
631f7beda97dfc03338d25812f12f0de35c7ea39dab4998064d826e3aad70b86,2025-11-01T20:00:39.765754+00:00,2025-11-01T20:00:47+00:00,292
250b230b5ffac9ccccaeb6a9fb0daf578ee16c5c912865ef73c9ebe1664f2b9e,2025-11-01T20:00:39.901501+00:00,2025-11-01T20:00:47+00:00,292
1dd6aa0e27b9df1dbb923ab53cdb92e4749a66f26608b8a5550ba9377bdac8c0,2025-11-01T20:00:40.035319+00:00,2025-11-01T20:00:47+00:00,292
20c1aac772f101ca0f755ee55b6566297f28cf2e87f0568d6c5d987ebc080d93,2025-11-01T20:00:40.177130+00:00,2025-11-01T20:00:47+00:00,292
e05ca50f0bb8755e9c870c145db902cb877e86ffb88f65f21acaf8bf53e90441,2025-11-01T20:00:40.308687+00:00,2025-11-01T20:00:47+00:00,292
0330b8def7db0885f9249dd7eca212a7f5b2a1454cbc2c530eda164806afd5f0,2025-11-01T20:00:40.442078+00:00,2025-11-01T20:00:47+00:00,292
06874dc10d833258f56e7b4f82f75d62a33bf7a6448a63691ddc66acbd798e8e,2025-11-01T20:00:40.579795+00:00,2025-11-01T20:00:47+00:00,292
8e7f91b6164e12506f38123a70cb5298f78edb4104edfd0f2b39052fb36f1c2f,2025-11-01T20:00:40.717312+00:00,2025-11-01T20:00:47+00:00,292
dac918f2ffdd2fabef54c3f66d899f788ed37a413f02b37e8fa93b00bd749c16,2025-11-01T20:00:40.852439+00:00,2025-11-01T20:00:47+00:00,292
b577e869ac678083dd0ecf6433520779f707223b2540c87c2db09ff9788736a7,2025-11-01T20:00:40.995288+00:00,2025-11-01T20:00:47+00:00,292
a6cbe65796ec1751dd85249425a073509884b817369aeab3e67957cf6ab26746,2025-11-01T20:00:41.301335+00:00,2025-11-01T20:00:47+00:00,292
2ad5e9b4aebbfdbc3880d8485d3e0aaca2d4e7cd0e3f1fc53e4bc92a878fb745,2025-11-01T20:00:41.437229+00:00,2025-11-01T20:00:47+00:00,292
f33e7f0f5586c16b80d6b6afa6392739d2b886e384e2f95b5811fc12bff323b0,2025-11-01T20:00:41.570805+00:00,2025-11-01T20:00:47+00:00,292
c5ec344ab8e57c8c0811bbad2ef669a5eaf60a1dd9396f9b80f2f0941207ebfe,2025-11-01T20:00:41.712172+00:00,2025-11-01T20:00:47+00:00,292
84111e9e42598f6046a15f03d610cb88751481f0a59a64de584ac4984bbbd3a3,2025-11-01T20:00:41.852533+00:00,2025-11-01T20:00:47+00:00,292
9484234169d37abcbc0c92b2483371085584010a79021d1cea832093c06d6c25,2025-11-01T20:00:41.993640+00:00,2025-11-01T20:00:47+00:00,292
d83a3a6d575a9b61e83fa1957a17da2151994259683e5af032b740e982857f5e,2025-11-01T20:00:42.130251+00:00,2025-11-01T20:00:47+00:00,292
46bae6869d5556d05c00dd6864e1e12668cc15b1a4efa3d1e14bf64bcc89b28a,2025-11-01T20:00:42.262984+00:00,2025-11-01T20:00:47+00:00,292
292b5489793da0c5a5ddfa712b407cd95f37e80267f0a0823f2abe6695f21681,2025-11-01T20:00:42.403675+00:00,2025-11-01T20:00:47+00:00,292
63af75043e191f9ad131a25701fa3009031abf7538ce2428bdad95af16cf22ad,2025-11-01T20:00:42.750232+00:00,2025-11-01T20:00:47+00:00,292
4bf855ef5523b446aa5df5c052a261201a854c46cd80e9cfce98e8b558626ebb,2025-11-01T20:00:42.889227+00:00,2025-11-01T20:00:47+00:00,292
11e10eccb72a3459a2f7946f8e4546d0a8b3c073a8d84495ae6789234515f176,2025-11-01T20:00:43.029244+00:00,2025-11-01T20:00:47+00:00,292
8c34b5250b87bf5942840978075bf807f4a812a32104d23733a72dfdfad1c011,2025-11-01T20:00:43.170029+00:00,2025-11-01T20:00:47+00:00,292
f6b4ebe6df0d87a44186abbbb85301b5a1a999c4a942a4953de0aba3c8e953c5,2025-11-01T20:00:43.307230+00:00,2025-11-01T20:00:47+00:00,292
909a76a4d68b3337ea1b0bcc446e705267a831d0461c2832da658cc479362151,2025-11-01T20:00:43.444886+00:00,2025-11-01T20:00:47+00:00,292
9c708772f1b5b823dc0004b61d745d362441f93b6d126738bc2e879e3e297973,2025-11-01T20:00:43.581946+00:00,2025-11-01T20:00:47+00:00,292
6e098f8826b0edbc52a8b7df7e627656c48cafcd95106b3ad6364c7ccb9e2544,2025-11-01T20:00:43.717175+00:00,2025-11-01T20:00:47+00:00,292
61b2e21178d0a542e75d4873173de18dfe87bdcf105c71d22866678d68afca1f,2025-11-01T20:00:43.853218+00:00,2025-11-01T20:00:47+00:00,292
cbfc3f9a6ca0f5b5ad617f385895572ae98ad15dc9b8b72d79dff570ce38cd13,2025-11-01T20:00:43.991680+00:00,2025-11-01T20:00:47+00:00,292
8ec4eef3235bc30c26c3e67675b71e501071a4d0cd22398543e1f52b598ef352,2025-11-01T20:00:44.128519+00:00,2025-11-01T20:00:47+00:00,292
f6c616718878e6fbd6f35039a082326d8195502b5cf7afd9da3faa8db7eb05d1,2025-11-01T20:00:44.264506+00:00,2025-11-01T20:00:47+00:00,292
c1f90f6a3b5143a0d968753a8f243199cf334108db99fe720d4f41ca90353aa8,2025-11-01T20:00:44.401098+00:00,2025-11-01T20:00:52+00:00,293
2017a4ec76aa7a924d5da66b697936b7a3c7a141333142d8e72336ba121991cc,2025-11-01T20:00:44.534327+00:00,2025-11-01T20:00:52+00:00,293
d45c02791885dcc7741bc16c21031ae8b13b7b5d402eb1e01b0834bb585a0a8c,2025-11-01T20:00:44.672952+00:00,2025-11-01T20:00:52+00:00,293
a45b4147bca0f29860fe274161b74e2d949996f594926295ef81b779860d1303,2025-11-01T20:00:44.809269+00:00,2025-11-01T20:00:52+00:00,293
163430f5b8837fa1e27df600a681a4a412423180f568ec2a1821dad170a597cd,2025-11-01T20:00:44.947366+00:00,2025-11-01T20:00:52+00:00,293
7cf7cac425e8156afae3f9fca6f4fc6f73575e88d07932a482535f23c2f0d5b6,2025-11-01T20:00:45.084628+00:00,2025-11-01T20:00:52+00:00,293
3421c6bdd4a033cdb635cc8eec26f496cfc41d26420daaa399fc56b4634ad4c6,2025-11-01T20:00:45.219603+00:00,2025-11-01T20:00:52+00:00,293
5829f6b3a1de9d7d9f4cb9ac8d66c4a8fe7f81299bde19e708a02e05eb3ec1d4,2025-11-01T20:00:45.355766+00:00,2025-11-01T20:00:52+00:00,293
5f68043d23ff517e4a9d18ec4f460c2dea4f191b26cbc8224ec4e4de81593ece,2025-11-01T20:00:45.494883+00:00,2025-11-01T20:00:52+00:00,293
7c203cd53c149257d26ad268ea5e49e58dbbfdec35dc67998bf7888386c1e460,2025-11-01T20:00:45.627292+00:00,2025-11-01T20:00:52+00:00,293
25f969622668571735d7f1d8facb4bf06c87a5ffcd5764d786609bc63c8d91d6,2025-11-01T20:00:45.765994+00:00,2025-11-01T20:00:52+00:00,293
a9dd205efe83162ff1cf62e4d765ea53ea86737621cbe4d6d97c12f5675fed4b,2025-11-01T20:00:45.908090+00:00,2025-11-01T20:00:52+00:00,293
923df58c53159387b34bbd43f868ce491a5a5328f432b0f60866f5c9b1214370,2025-11-01T20:00:46.044280+00:00,2025-11-01T20:00:52+00:00,293
7e87381c2560f492105e935abab4047c28311bc776788ff5a8344491b10633a1,2025-11-01T20:00:46.186468+00:00,2025-11-01T20:00:52+00:00,293
3b2fae198a90b578eb8cbf381ecbf7187305d8d88ddc8564daaf4d05d86e737e,2025-11-01T20:00:46.328970+00:00,2025-11-01T20:00:52+00:00,293
b4217acb39140bb789216c40806315f8b4a65ae37f704b66815618ebceb23e22,2025-11-01T20:00:46.461997+00:00,2025-11-01T20:00:52+00:00,293
41956d25b066904de245a6c88ad20955c5a15331fee1ed7bcc9e7d8e0fb57d6f,2025-11-01T20:00:46.600342+00:00,2025-11-01T20:00:52+00:00,293
acbc5373b371395492472d486b23dbbfaf2b0fa55b1c955a4770fd72d35ed8af,2025-11-01T20:00:46.740630+00:00,2025-11-01T20:00:52+00:00,293
5a70b5dd5ce35fa248d1dd0e910154814ba78c5c1aa4f874c25b7c28afa58336,2025-11-01T20:00:46.882069+00:00,2025-11-01T20:00:52+00:00,293
31134074cf44be945bc19a164aeb0f80c45544699de55a1faa310e7ff6efa6e4,2025-11-01T20:00:47.037244+00:00,2025-11-01T20:00:52+00:00,293
a047a95fb94e1822a53981d51c483f4a3834e3cbc0182a11f79c2f5fc52a6317,2025-11-01T20:00:47.173893+00:00,2025-11-01T20:00:52+00:00,293
34b9d6e1047216515de56775d1143d1b3c0e6f96e4828e317b8d4c7d70105549,2025-11-01T20:00:47.310171+00:00,2025-11-01T20:00:52+00:00,293
fdd1ab572cc8b2ab27275c9a76e5f4a87f57e0dcf483b24215de9fa073f2cc6a,2025-11-01T20:00:47.444712+00:00,2025-11-01T20:00:52+00:00,293
b3b90f53f9ca3c3e0e2e48f5ccbcd6cf5001d5e58aa02485baa5ac266ddc619a,2025-11-01T20:00:47.581562+00:00,2025-11-01T20:00:52+00:00,293
08fe315b2278467054c03aff68aa5a22a0020ec031f4f446d54dd681026426f4,2025-11-01T20:00:47.715559+00:00,2025-11-01T20:00:52+00:00,293
9c88c3138e129425166326a27a4ffcb4808497e978f5bf32d7ecd42dda44d758,2025-11-01T20:00:47.875858+00:00,2025-11-01T20:00:52+00:00,293
8197d182909ed33506b5912c6fe84ea93bac335d9dd43358d89dc5d2b8c97abd,2025-11-01T20:00:48.021393+00:00,2025-11-01T20:00:52+00:00,293
e2fe5071c75f8f66e23f62d8b4ecc91fc36fa7b0fc7de5f1b73d828bfe08f01f,2025-11-01T20:00:48.154934+00:00,2025-11-01T20:00:58+00:00,294
fcdd016fc4af9862a02572c70a2ca529c45178c428cfec4984c6547a5ffe9a72,2025-11-01T20:00:48.291329+00:00,2025-11-01T20:00:58+00:00,294
9a7347c673eddb4b81c33154cc570c6ef22593d23197db18af1a97408671e563,2025-11-01T20:00:48.423854+00:00,2025-11-01T20:00:58+00:00,294
baefbc85ccbcd53fb9939ee9fec97e4c403f5979c8bde8243121edbbe22578b3,2025-11-01T20:00:48.557952+00:00,2025-11-01T20:00:58+00:00,294
1857ec4324d3fb4587d8c1938792320c29e838731014e2149736bc5d080f7dcb,2025-11-01T20:00:48.698240+00:00,2025-11-01T20:00:58+00:00,294
bb8c8f829c5b9472370929f9d2c85f643a162377a233a31ca298ef2d5529e44f,2025-11-01T20:00:48.831882+00:00,2025-11-01T20:00:58+00:00,294
f617de521feb70513668b06ff39ff2a1c5bdb07b8bbd0ca874678c3b1f0cccd3,2025-11-01T20:00:48.970260+00:00,2025-11-01T20:00:58+00:00,294
f80b789e64619042a3b0abd3687a2bb2e11ed689e3035271e41bd52d88b286ef,2025-11-01T20:00:49.116156+00:00,2025-11-01T20:00:58+00:00,294
6b683f793b1351df4e9c581ff092555429800555a15cb03cfcc91030fcf13b6a,2025-11-01T20:00:49.248820+00:00,2025-11-01T20:00:58+00:00,294
46283fcf024ae82e312aec2ad7eecbc7c392b9c337bc928ed425e3910033e5d7,2025-11-01T20:00:49.384027+00:00,2025-11-01T20:00:58+00:00,294
2b77002418e749e46a8258d522fecd98e7873a3b1f4e5331102690ea01b8a61e,2025-11-01T20:00:49.517649+00:00,2025-11-01T20:00:58+00:00,294
c9055208e647684dd3b048843f541c03fef632894b7e58d9d13e40cb79d3afdd,2025-11-01T20:00:49.654493+00:00,2025-11-01T20:00:58+00:00,294
2518b3dbcf859f8ed18cbe93db1a95b82bcba1f38fc287baf933763e06fa31b0,2025-11-01T20:00:49.800392+00:00,2025-11-01T20:00:58+00:00,294
34dd0d98e1680c57228b657630e3fe4716fc8f37a138148900ffde2856794ac6,2025-11-01T20:00:49.936161+00:00,2025-11-01T20:00:58+00:00,294
550971a910e592dbdd7f6861b5614d0d12bf152a6f03e5ecf2d3d54926e0f46a,2025-11-01T20:00:50.075484+00:00,2025-11-01T20:00:58+00:00,294
0a65d39b13a632d8f2d6d8fc61fd5d625a4afb7f16c61756c7ced0a9f9fb1db0,2025-11-01T20:00:50.221265+00:00,2025-11-01T20:00:58+00:00,294
95bf2d0764611114a276a897d1a804f96150b8f9274399114885560a84bcc8bb,2025-11-01T20:00:50.357398+00:00,2025-11-01T20:00:58+00:00,294
98e8551892e272d67a3ee93eb7909e26d6a142ca0e1b6eb43b1f4ffb77701caa,2025-11-01T20:00:50.492901+00:00,2025-11-01T20:00:58+00:00,294
ed919ad866d76f22eb834b7ff72e35e52f2becbff12ce617a027ee69b9e6b6e9,2025-11-01T20:00:50.636787+00:00,2025-11-01T20:00:58+00:00,294
8637dcce7a1bb878470a3f546a27c4386e320d38a33559dd09345cb6e0d715b1,2025-11-01T20:00:50.774510+00:00,2025-11-01T20:00:58+00:00,294
d359d141b01b78eb6217e163ee2681545b5c5c7c26704854c53175d92e0eb093,2025-11-01T20:00:50.909917+00:00,2025-11-01T20:00:58+00:00,294
4538f2a625ebc8a853a2933468a6ae1c461da45eb62b592067ef35ed9e999a00,2025-11-01T20:00:51.051407+00:00,2025-11-01T20:00:58+00:00,294
1f0f2a22236e1437bf292d3f615e57c87e111d5c2b35f7db754e893fdf289e01,2025-11-01T20:00:51.189143+00:00,2025-11-01T20:00:58+00:00,294
f0f27b2dc196998e942d6e9a16f226d2f73dd263cc0c467f45c0463eca2be5a7,2025-11-01T20:00:51.321141+00:00,2025-11-01T20:00:58+00:00,294
fcbf65ce631eae253e8424ae9870732e6d694bbf808a85035bb4cac4f69a273f,2025-11-01T20:00:51.461459+00:00,2025-11-01T20:00:58+00:00,294
7a7f3fb3aa5e989984ddd21eea9100a6fedca3d1fb6d3119e1ad7c794c96940b,2025-11-01T20:00:51.598249+00:00,2025-11-01T20:00:58+00:00,294
1bb97c123d04162750f2768b1cda52c894363c0e35471bd0a709446808ebea09,2025-11-01T20:00:51.733775+00:00,2025-11-01T20:00:58+00:00,294
082bc64c60342db89ea9b1117777f1dc0a5480de82f1fc64e9ed25475b33bd6f,2025-11-01T20:00:51.865164+00:00,2025-11-01T20:00:58+00:00,294
a2566349aa3dd65dbcf8007b9f40352b0d3f431501e898f4c7efd1f922d297d1,2025-11-01T20:00:52.002998+00:00,2025-11-01T20:00:58+00:00,294
2108173ffdf8da19e979e8d10a10af063ac66545e2ab3ff77ec135f47081445e,2025-11-01T20:00:52.141515+00:00,2025-11-01T20:00:58+00:00,294
a57ba2345e13df21ef85fd68d780454111793ceffff20ffe66967d2c405db0e4,2025-11-01T20:00:52.278404+00:00,2025-11-01T20:00:58+00:00,294
91e703938f881efa7805cee7fe7ee2dfc03c3228bb608b65cbb903bf06c4d659,2025-11-01T20:00:52.414287+00:00,2025-11-01T20:00:58+00:00,294
f801fecbba9936aa88a21c20d8f929a999c1866f99a7e1c1cf50cc14faa98cef,2025-11-01T20:00:52.551642+00:00,2025-11-01T20:00:58+00:00,294
24b8880a4652ac7c696e1a12d5aa686f7637a9ce89a062b5f9ce513e9b5e8bd3,2025-11-01T20:00:52.691642+00:00,2025-11-01T20:00:58+00:00,294
a18e82d683feb93b41f6e4e97c911033c3147269ee5c7c3dd20a2c9e04cb5bc1,2025-11-01T20:00:52.833258+00:00,2025-11-01T20:00:58+00:00,294
ebb8e791e931287979fbe1e04b18cbec15da71f9185845fa2d2a9263077c2040,2025-11-01T20:00:53.170770+00:00,2025-11-01T20:00:58+00:00,294
2b137649097a9da07b3b393b821b30cb4c94897b291c6ba7ea563d84a74d1aed,2025-11-01T20:00:53.306329+00:00,2025-11-01T20:00:58+00:00,294
29059a43b46a18430ba17e572a2582d2f06f8d5458900fb5e85fef781568a0d4,2025-11-01T20:00:53.441247+00:00,2025-11-01T20:00:58+00:00,294
a0e0a6e57e80ccd1b8c142fd396a96774edee99074f3bfd323b599f9a3435c39,2025-11-01T20:00:53.578385+00:00,2025-11-01T20:00:58+00:00,294
215820d7279c0f227f641ead0fd75bcfea75d70a9de1c6ae57c349dc234e1495,2025-11-01T20:00:53.722063+00:00,2025-11-01T20:00:58+00:00,294
f81b33c48cad7bad4f58544bbfeda48da65d5c81c4dc76772ca13d6958475d50,2025-11-01T20:00:53.859055+00:00,2025-11-01T20:00:58+00:00,294
326043cd470bc45f50f08f40ba20274b7c8377c5a3e625b139e1435afc7b9144,2025-11-01T20:00:53.994823+00:00,2025-11-01T20:00:58+00:00,294
43fbdf4602aac24dd3e29ba9c642de6a7e0c4158fcdbdb55d2cf9daa3844f125,2025-11-01T20:00:54.130633+00:00,2025-11-01T20:00:58+00:00,294
ee11ca13c7f18c917232a472dc335c53a8632b45e7e550ec1b91c6b62908e81f,2025-11-01T20:00:54.266359+00:00,2025-11-01T20:00:58+00:00,294
f2b77788d88cf29b3b7a27906da05dd9b69be07aaeb5beaa0fe0f57397008e76,2025-11-01T20:00:54.397074+00:00,2025-11-01T20:00:58+00:00,294
91e0d2bf4bbb61e18ef9e4f9441be322ef0d618a0a3b3242219895a9b8375420,2025-11-01T20:00:54.535240+00:00,2025-11-01T20:00:58+00:00,294
f1982a5ad648be38ebe9a4b03e77bc366fed499b5390e7ac28da07b22b9c036e,2025-11-01T20:00:54.671846+00:00,2025-11-01T20:00:58+00:00,294
c829ca40e91cdfd9c06d6b36ac7ad7ae731b7a2e39a8deb4230cea7505ca26b3,2025-11-01T20:00:54.808399+00:00,2025-11-01T20:00:58+00:00,294
8cef328c00df1453f45190b68c9dc1894487379a7ff4dcd3cfc12a3b50722cc0,2025-11-01T20:00:54.945941+00:00,2025-11-01T20:00:58+00:00,294
47762938ec7701bdbe4b0d4944517600a57e946884019b31a7f9f71701fb735e,2025-11-01T20:00:55.087321+00:00,2025-11-01T20:00:58+00:00,294
a51bca2c0b277e11be23480b90b9add55a7ea553a9a1f6519d509667d5603b73,2025-11-01T20:00:55.221565+00:00,2025-11-01T20:00:58+00:00,294
4fb0f2eac9f76b63e7117225ca6f801f7ca709b600968baaf841b7852990a7c0,2025-11-01T20:00:55.364938+00:00,2025-11-01T20:00:58+00:00,294
d377b89f6b414c8169708423ccc3706fb9c14b178d51b61cb3a8a1d94701304a,2025-11-01T20:00:55.509348+00:00,2025-11-01T20:00:58+00:00,294
9733fb13c9e91dd36ffcb127bd86bac97ec89c2b972d93707300ee8b43e1f36d,2025-11-01T20:00:55.647552+00:00,2025-11-01T20:00:58+00:00,294
6040a2c41b7af4479eb0faf8eff7a001b48d47e3ddd351d5b603f36069c90fdd,2025-11-01T20:00:55.784010+00:00,2025-11-01T20:00:58+00:00,294
923c57da2ea719f6f6e5f4c7e821ea5c5ac42fc9914eb640724fce6a4bd3a593,2025-11-01T20:00:55.922508+00:00,2025-11-01T20:01:03+00:00,295
1fcafd7600fd10795042a5236916ee77cb0dbea24117fce471dc32c52c520f2b,2025-11-01T20:00:56.058289+00:00,2025-11-01T20:01:03+00:00,295
6c37303b7801fda27b98160b7a1d538e9d81e9e73c8caa2b1a982653738ac1d5,2025-11-01T20:00:56.192823+00:00,2025-11-01T20:01:03+00:00,295
be1835fc8a64bfd5b3f5c933549af6c9508f185f6d57ec641b87f6ab82b27766,2025-11-01T20:00:56.329199+00:00,2025-11-01T20:01:03+00:00,295
a8fcf3402aff3b6b2d1d8e025178e74903d43b362c893883863947abd64c80c1,2025-11-01T20:00:56.461891+00:00,2025-11-01T20:01:03+00:00,295
3a27a5637807876986347a0506afcb56169923cd9b4132f5a9a65143bad81cd0,2025-11-01T20:00:56.602839+00:00,2025-11-01T20:01:03+00:00,295
ce0b4ca098e8cae1aa3037e21d65689573efb0f428c03d90bdd9f593c45da0f5,2025-11-01T20:00:56.745823+00:00,2025-11-01T20:01:03+00:00,295
049d99b2ac61887f0008bd808b0182eb07183ecea099810bdf795bb869542ec5,2025-11-01T20:00:56.883532+00:00,2025-11-01T20:01:03+00:00,295
bf01d7852883e82e3a172a92ebcf6fd83a98720b30e35c19b9a87ff82246c659,2025-11-01T20:00:57.046972+00:00,2025-11-01T20:01:03+00:00,295
527bcda2c2efd53b6e624b242964cab90b21e123d77dc60e94f292eb73070e0f,2025-11-01T20:00:57.181890+00:00,2025-11-01T20:01:03+00:00,295
9570b016ac2ccc56145db89a2a9dbb934e1a0eb3818815ea794b22a110a7eb61,2025-11-01T20:00:57.319779+00:00,2025-11-01T20:01:03+00:00,295
ebe86499222153388eaf355dee1353fb4849e8a40b5d03f108208aa3c11c63fc,2025-11-01T20:00:57.458374+00:00,2025-11-01T20:01:03+00:00,295
01327b411f617e2f7fa143dfdbe7543ed407eef7a183a4cd3442a37de67a8491,2025-11-01T20:00:57.597086+00:00,2025-11-01T20:01:03+00:00,295
e56d4fc0510ab4e6d24228aa5eab5452af8a9bdf42740d3760cad539217e5aae,2025-11-01T20:00:57.737479+00:00,2025-11-01T20:01:03+00:00,295
dddfeedb699feb6891bea9d9c84fc6a5c2e1aa04a6608f214372f6e7220d7570,2025-11-01T20:00:57.873534+00:00,2025-11-01T20:01:03+00:00,295
43bf4e1c3b6d08a56a6e20db4a59c0f747983553c9638d2cc60c7dc9ec736329,2025-11-01T20:00:58.012865+00:00,2025-11-01T20:01:03+00:00,295
0d17ccb3acb3e64f4661ab76721c77c971eccfea0b6e6e34b1ba7af55aea50cb,2025-11-01T20:00:58.149906+00:00,2025-11-01T20:01:03+00:00,295
22f01d9fb065b7a081de2f31a7b8f4d8afbecbcef2dae9414e15793f8a0a1ca7,2025-11-01T20:00:58.337114+00:00,2025-11-01T20:01:03+00:00,295
115704d4b0434793040c8c39c5cd1e30adb414d74e49c3ad48a46020b23a070d,2025-11-01T20:00:58.477682+00:00,2025-11-01T20:01:03+00:00,295
0edd11d39c9ebb9fde60540a6170310aeb601bdb29e691e6756ec17ff41ac726,2025-11-01T20:00:58.610452+00:00,2025-11-01T20:01:03+00:00,295
b7776cabb4f1f17c0e4bba62dd8ee2789de45b18c1838f821202827e8d2d38ca,2025-11-01T20:00:58.749969+00:00,2025-11-01T20:01:03+00:00,295
67b886ec835ceef382486040d7daaab0519a5a7a55f0f60b70e4d9fba2116416,2025-11-01T20:00:58.886774+00:00,2025-11-01T20:01:03+00:00,295
6f02875796411d679c6bc20ff027bb0fe7e96ad061ef054e81fae9b6d81d8f5b,2025-11-01T20:00:59.020477+00:00,2025-11-01T20:01:03+00:00,295
20d3d34ebe989bd31b50c2d4aeea51d9fbc791a9baaaedfc2c7d3ab0cc73b10d,2025-11-01T20:00:59.161252+00:00,2025-11-01T20:01:03+00:00,295
4d05592cca8572f1e06af0b297052b6fee63c1c3d3bb328c9ba68e1dc73b0c7f,2025-11-01T20:00:59.300947+00:00,2025-11-01T20:01:03+00:00,295
837b2b1613ce31ddf65392477e42a3f5065da592d691fa202e71ae40d7d85f4f,2025-11-01T20:00:59.436614+00:00,2025-11-01T20:01:03+00:00,295
749e75389aa1300079653348405c1a07ecc9a065fcde59a5f3d3d79076845869,2025-11-01T20:00:59.574824+00:00,2025-11-01T20:01:03+00:00,295
d59a6eca0a4953613dc9ae53deda013ca3055d51ca7100f47e3449735386e521,2025-11-01T20:00:59.719111+00:00,2025-11-01T20:01:03+00:00,295
bdd975890c004be5ca0288aaac051744584279669480e31e748f0c7fb4aab652,2025-11-01T20:00:59.879608+00:00,2025-11-01T20:01:03+00:00,295
600c0607d230735c7cf966b1b7595f90c40709975f4331c766cc21ece324528f,2025-11-01T20:01:00.017522+00:00,2025-11-01T20:01:03+00:00,295
12cee4d8ad1840041f142725c269b167f599a2bff6370d50560f7ef9a362e2f1,2025-11-01T20:01:00.160523+00:00,2025-11-01T20:01:03+00:00,295
dfc63b3f481f87b9a9f179e4aa1fd5f996a912f23b8347ba0df75cd084f3eb3a,2025-11-01T20:01:00.295807+00:00,2025-11-01T20:01:03+00:00,295
f50bb9edaaefc171c855d3b8738ee06e7224be791ea54b1d3f8155542fd1bd09,2025-11-01T20:01:00.429861+00:00,2025-11-01T20:01:03+00:00,295
2b9539cf8f611cf77774e880301102244a4932a124c667d025d98d099ab163f3,2025-11-01T20:01:00.565987+00:00,2025-11-01T20:01:03+00:00,295
734a6d5504d2cb70e0f17002e029862b9d09adc763e5c866c6c7cdf94a448823,2025-11-01T20:01:00.707580+00:00,2025-11-01T20:01:03+00:00,295
4ca457350a5065198eb9006605faeb029f5dc60416afa2cb61beb4007e3fde84,2025-11-01T20:01:00.842083+00:00,2025-11-01T20:01:03+00:00,295
18a2e9d8a484b3156cf2fcfaf4a4d5b0205ada4f073b4b4788169d37311b4272,2025-11-01T20:01:00.982357+00:00,2025-11-01T20:01:03+00:00,295
24355af8b2d7a0b29609426caf0e3e788957b2414ab74c1378e3b6901243276b,2025-11-01T20:01:01.122044+00:00,2025-11-01T20:01:03+00:00,295
535298194aeb429d4973dac9f71010f477e4031d586e0ea8a1c3bd631015e51f,2025-11-01T20:01:01.263719+00:00,2025-11-01T20:01:08+00:00,296
e5ee71a24c50d36a9570e64d186d11bcd4c3d975d3076c31adfbe0bc5169340a,2025-11-01T20:01:01.405960+00:00,2025-11-01T20:01:08+00:00,296
4a2f5d88dc51d560223ec1490d84a3ab9d96bb06ac2808a261a8674dc188ccb1,2025-11-01T20:01:01.541626+00:00,2025-11-01T20:01:08+00:00,296
78ef37bc702f81428b59f2ca002ddcb2a0d756ac6103b476dc28b71395316714,2025-11-01T20:01:01.676807+00:00,2025-11-01T20:01:08+00:00,296
78f55352221562e93ff92b97fcce7049253238c5ee07a96ba3e2dcefde09048b,2025-11-01T20:01:01.813649+00:00,2025-11-01T20:01:08+00:00,296
75e040a33ed60c67d8b1b40cd820a7a30454f70f00e8bf40a56a46c894819c66,2025-11-01T20:01:01.954430+00:00,2025-11-01T20:01:08+00:00,296
9f00ac3098f64638bd35144d447e3baebb190254a638a797b649473fdb7b5015,2025-11-01T20:01:02.093862+00:00,2025-11-01T20:01:08+00:00,296
433852a12f68732fb6af0fa9b63b339096ab3af38c5ed2a1c93fa8b862c1bc2d,2025-11-01T20:01:02.230861+00:00,2025-11-01T20:01:08+00:00,296
ec26d44ed9207d91ffecb74e08800b9ce2a78eaa65086e35c5c1772aa1e7ce03,2025-11-01T20:01:02.369599+00:00,2025-11-01T20:01:08+00:00,296
925c3399cf43c3165eec68a040329ed665646903ec4df6215e53d5e03a4c7ed5,2025-11-01T20:01:02.513246+00:00,2025-11-01T20:01:08+00:00,296
b19aa1ae6e80747a65e8fb44705cb0185a64112a4fa355dd704e129bdb26f75e,2025-11-01T20:01:02.651750+00:00,2025-11-01T20:01:08+00:00,296
2a0add0fab8c0e708f24e757cbe828cea2e52cf3f6e92662980fabcda4edd67d,2025-11-01T20:01:02.792039+00:00,2025-11-01T20:01:08+00:00,296
e48b6e57596f5f97b2ec3fa6bd772806e91d0a97174d653be7588e1e7cd2ba87,2025-11-01T20:01:02.940442+00:00,2025-11-01T20:01:08+00:00,296
e9bc55a228145ae192a7521ac0e283e4cbd9db45e2df4f464ab92c0cad6c24b6,2025-11-01T20:01:03.081580+00:00,2025-11-01T20:01:08+00:00,296
cdf1b9a7b54ab0adb835ff105a85fe004f8787f6a4716a9139b995c3fc02c18a,2025-11-01T20:01:03.220195+00:00,2025-11-01T20:01:08+00:00,296
24d4b7ee388addad038973c49c7409befcdbfabc4c66388bd50823f70c4d52ea,2025-11-01T20:01:03.557850+00:00,2025-11-01T20:01:08+00:00,296
2d874d9560508f09678232d958ddd5355a672a2e5b7afb0b2c36d111f48deabf,2025-11-01T20:01:03.692488+00:00,2025-11-01T20:01:08+00:00,296
cacbe0a95f0621e48b9a0bb6b62b0b21ee5cffedd0c1709486a0ebfc7a865ebe,2025-11-01T20:01:03.830010+00:00,2025-11-01T20:01:08+00:00,296
768bd189c00f1621412331c09d98e026d8f72f20cebf012d6dc2b44757b88e1a,2025-11-01T20:01:03.964600+00:00,2025-11-01T20:01:08+00:00,296
45eda11f2d1585628fc40e7c750b54ae198a8e03e78e6040f474a683b1627b3e,2025-11-01T20:01:04.100253+00:00,2025-11-01T20:01:08+00:00,296
027ad6b2c554ec27fed403fa8317b9edae40a311e301cb912e67b5de14e24002,2025-11-01T20:01:04.233134+00:00,2025-11-01T20:01:08+00:00,296
2dcaaf80002eca55659b6b61069c241c74e822dd675593431b6fb00be9c11e67,2025-11-01T20:01:04.367790+00:00,2025-11-01T20:01:08+00:00,296
5a1d5bd124b42ac199fe902ba6adb998aa27118e67ebaf857fc9cd499afc2392,2025-11-01T20:01:04.509159+00:00,2025-11-01T20:01:08+00:00,296
25e194f8d87c52abe50603433e4edda81808f29685e7cfde0da114fc87c5ef59,2025-11-01T20:01:04.642063+00:00,2025-11-01T20:01:13+00:00,297
5169a13f16b3988ba2e6b5b71f5511c8e2d968fb9726949a0015097dffa05d60,2025-11-01T20:01:04.775966+00:00,2025-11-01T20:01:13+00:00,297
6c56408cc04f092b3537fc6255daee6d8dd5b8fef5c126768eeddf9079bc4914,2025-11-01T20:01:04.909325+00:00,2025-11-01T20:01:13+00:00,297
4798dd5f3ae238269369833ff8337b3d81a608cafc9af919894cedd19edc4ecd,2025-11-01T20:01:05.046534+00:00,2025-11-01T20:01:13+00:00,297
c68ee52b6083681503519d11244ecc2f7ceb77c70a04af45d4db49d3c306a965,2025-11-01T20:01:05.185240+00:00,2025-11-01T20:01:13+00:00,297
40fe8dc4fc3e252013cf9fd8a2b23550dfa0e89dbde469761dc775f5920847da,2025-11-01T20:01:05.318815+00:00,2025-11-01T20:01:13+00:00,297
3312d8ce09f48478d6cf7d2c2ea56054fd44405554ca971c2bc882eb3e5cce16,2025-11-01T20:01:05.451140+00:00,2025-11-01T20:01:13+00:00,297
621185d9f407d7545f68ca8c77bb96ac68ff7bc59782ab72b2fd004ba6572d73,2025-11-01T20:01:05.585298+00:00,2025-11-01T20:01:13+00:00,297
b635a1451213a09963e1237da47bf3e2cc6704717ba98b4903512f33cda6baea,2025-11-01T20:01:05.722236+00:00,2025-11-01T20:01:13+00:00,297
056b9ba8628c5f49c891305a1a0c555b0f6e544cb53ff28406f07f8efa4a2c16,2025-11-01T20:01:05.857846+00:00,2025-11-01T20:01:13+00:00,297
4e958a9d7521f9195984c929627ceb0e1807718bd885a68bb5cb866200b304d8,2025-11-01T20:01:05.990547+00:00,2025-11-01T20:01:13+00:00,297
4e38840f4cc1791b3270275bbdca6c2e6402e7c94436826c4e2210b62eba6dbc,2025-11-01T20:01:06.127796+00:00,2025-11-01T20:01:13+00:00,297
95b088fc161783f8af94aa0ec93832b52315f26659e8a01930f361b8edd3552a,2025-11-01T20:01:06.261511+00:00,2025-11-01T20:01:13+00:00,297
3f47aa4a463835ea4a194e030464198a3065135a5143faf29acc5f029dd5f702,2025-11-01T20:01:06.398555+00:00,2025-11-01T20:01:13+00:00,297
ee3b652ca5597ecb2bf5539c1ff499a96b8106bdddb0a90eb95473e57c95c809,2025-11-01T20:01:06.536454+00:00,2025-11-01T20:01:13+00:00,297
d245a4ee891a0eb876d6f8c07d6a2ad342c48e8b3b19ead57d3a6402bf7316d3,2025-11-01T20:01:06.667660+00:00,2025-11-01T20:01:13+00:00,297
30c4b6cff1d7ef7c46d21289205cd4d74e9bcb29ae5979a8ff9a70d345e3479f,2025-11-01T20:01:06.806726+00:00,2025-11-01T20:01:13+00:00,297
f0c0b40d372d35957a5838fecc41832947fcd96d8142fff829a026aff2256739,2025-11-01T20:01:06.946057+00:00,2025-11-01T20:01:13+00:00,297
604fba9d9ea89282aab7ff73cf7c5469d7b00f0f008ca294c655b436ee4bb98a,2025-11-01T20:01:07.076705+00:00,2025-11-01T20:01:13+00:00,297
4686ba482ec4cb49904f2f9b0108cca71f4b0709f67a09d7a084653df7f1d252,2025-11-01T20:01:07.216389+00:00,2025-11-01T20:01:13+00:00,297
b0d97b11d6f609c72ea8c90b3c921d9a8aebdeb501d1739a560e415a6b935af1,2025-11-01T20:01:07.354312+00:00,2025-11-01T20:01:13+00:00,297
3589ae4f94cee85763b2308d66113e4019e6ab1b097b142078ac0a95c37b8e73,2025-11-01T20:01:07.492752+00:00,2025-11-01T20:01:13+00:00,297
50d6a379e717395a206d58f3bd0acb1543adbd4568cf0ef2881c901e0693e5c6,2025-11-01T20:01:07.630590+00:00,2025-11-01T20:01:13+00:00,297
63741ea11504e013e5b042c1b851d5eef04b4b53633c9e7f66be9a1e539441b5,2025-11-01T20:01:07.769075+00:00,2025-11-01T20:01:13+00:00,297
44aca3ca1d11e8b8b68aaaaafd70f63e6ef21b28731a03d204e9a355c9e8af94,2025-11-01T20:01:07.910516+00:00,2025-11-01T20:01:13+00:00,297
d87145b1986f8e59b5a8ae390fb7194f423bb7a410552daa2908836c6f469a6c,2025-11-01T20:01:08.049972+00:00,2025-11-01T20:01:13+00:00,297
9a06ad457c40f4ed7e1e11358facff7333d71209706da49853730b79a341912b,2025-11-01T20:01:08.188625+00:00,2025-11-01T20:01:13+00:00,297
83e56d4cc453777581d030e5447f550fff36d45271560334fc84fb66c9964ebe,2025-11-01T20:01:08.324561+00:00,2025-11-01T20:01:13+00:00,297
9a44ad06ff43a1da397695a92b185be245c7d46ded0b7aa6e373617418b6c0cb,2025-11-01T20:01:08.461695+00:00,2025-11-01T20:01:13+00:00,297
e279a6f42b9a1cf2fb8070f8c13a73fa4452f595af11eea07ed94eedeec88158,2025-11-01T20:01:08.803296+00:00,2025-11-01T20:01:13+00:00,297
2b1e9b3321aeac49faff59676386ab38a0be1b07f97934771a5ea8437f78f1c4,2025-11-01T20:01:08.936076+00:00,2025-11-01T20:01:13+00:00,297
3c99111374800d4eec50d40678474d8cab232ea25dcf8471e23f09614256eb91,2025-11-01T20:01:09.087092+00:00,2025-11-01T20:01:13+00:00,297
7b23f47fe6167adebaec3b32248866612a95d4d9d5c77e45e202e8099b9407fb,2025-11-01T20:01:09.222385+00:00,2025-11-01T20:01:13+00:00,297
27885be3fea8eb89a8a1d1c03aae842b17e30d36ee929acd49a1e9c5960f6495,2025-11-01T20:01:09.358127+00:00,2025-11-01T20:01:13+00:00,297
3499dea7c7b474038f621c69f56e83c25839b82bc040db6ef844a8f8c5d2f81f,2025-11-01T20:01:09.496335+00:00,2025-11-01T20:01:19+00:00,298
098ab3b557ca5a28cbafdd21309d4317f588b06002ba0957707756f0129a23ad,2025-11-01T20:01:09.633281+00:00,2025-11-01T20:01:19+00:00,298
6a9381f6c68704f8205fbd1461bdaaa80323822bd84100bd760dfc0c7310461e,2025-11-01T20:01:09.771839+00:00,2025-11-01T20:01:19+00:00,298
6aad2d2f75dee978b97839121ea8168f0836c7f1760a680b5de37388c93d4b6a,2025-11-01T20:01:09.909424+00:00,2025-11-01T20:01:19+00:00,298
5c4994c16c52d586a76eb4682f09a3f7b512248d3d9f7c9df3d2e22c378d28f5,2025-11-01T20:01:10.043806+00:00,2025-11-01T20:01:19+00:00,298
7d899ee7e9b05b526449314bc4ea73d866b54133cc18e2ab69e1fb2e089e2358,2025-11-01T20:01:10.184549+00:00,2025-11-01T20:01:19+00:00,298
22c7e8527f7ed78e93cf6127c3d02af40346fa2619065a40463abc7e071ba8c0,2025-11-01T20:01:10.317386+00:00,2025-11-01T20:01:19+00:00,298
347a6f5dd0ef54bbc82c3aa9bdc197485e35ae91fa9a917d514133bc91096d15,2025-11-01T20:01:10.454123+00:00,2025-11-01T20:01:19+00:00,298
7913bb3296e5c3c6c6b49c20ddc420861418db3b56ca171b99dadfccc9b83dc2,2025-11-01T20:01:10.588814+00:00,2025-11-01T20:01:19+00:00,298
a1f4152bdccf6b13af7355142912cdbf242f540418e9367e72c30e1008575828,2025-11-01T20:01:10.732454+00:00,2025-11-01T20:01:19+00:00,298
d6d4c60939b04c5120bd1a3c35850f4315b488f5ef1565265995d739ee6a3256,2025-11-01T20:01:10.867481+00:00,2025-11-01T20:01:19+00:00,298
a9e3697c9f8228362a3c1b24b0963587b7da763564721e41bda36fdbda94e843,2025-11-01T20:01:11.011316+00:00,2025-11-01T20:01:19+00:00,298
353c976d31c1f6aceed7d0abb6210bb18fd41ad932a3d40b952dfb87059265f1,2025-11-01T20:01:11.149434+00:00,2025-11-01T20:01:19+00:00,298
316997b21364e3df777c1d220fa151a2d4e2c7a3d4fdb42a9ecf0a1e646cd449,2025-11-01T20:01:11.286453+00:00,2025-11-01T20:01:19+00:00,298
db1c5a3e94a46acd7896560048b3598e322b271cc711b9b87effa33302f20a64,2025-11-01T20:01:11.426503+00:00,2025-11-01T20:01:19+00:00,298
51b490360c9fee34b5986ad4688baef3d918c383614c756535070c51d2f6abe4,2025-11-01T20:01:11.566722+00:00,2025-11-01T20:01:19+00:00,298
5851416eef8031029ed6eaf619434c44c48246a33ea472e62614830916bd94e0,2025-11-01T20:01:11.704031+00:00,2025-11-01T20:01:19+00:00,298
4e2bfbb01122d598d747ef585823ed71b8ef8a9c9251904aca4d4a6a3ad75816,2025-11-01T20:01:11.841278+00:00,2025-11-01T20:01:19+00:00,298
1312ccd0724d6f000d942b991a8f9bb5183c9ea00e8914a3fe6b3e898ac64444,2025-11-01T20:01:11.978211+00:00,2025-11-01T20:01:19+00:00,298
ef9f44dea8bde32663b51b98b354fc5f8b2394a32f60adbe3a73bfc4ba68f8d9,2025-11-01T20:01:12.112947+00:00,2025-11-01T20:01:19+00:00,298
43f5e6849d17857d590faa685e80dd19b29860c5e7e4ab09bbeceffb8421c137,2025-11-01T20:01:12.252873+00:00,2025-11-01T20:01:19+00:00,298
8881f539ac87685e91138ddbb2a30e2fa69f666e7d1a26a714881bda9b7cc5c9,2025-11-01T20:01:12.390626+00:00,2025-11-01T20:01:19+00:00,298
2a4aaedc5648e7f6fbae236f6540fc1b6ce3cde376079bcfcaec0dff567e618e,2025-11-01T20:01:12.528284+00:00,2025-11-01T20:01:19+00:00,298
d67773ede1844b388862316ece08233327fe2b480c8b7bc0bee29b6869352a28,2025-11-01T20:01:12.666960+00:00,2025-11-01T20:01:19+00:00,298
fde147a9bf5a96b5e4e2825896806764893d76d265cb764e554ccac6503ba958,2025-11-01T20:01:12.806279+00:00,2025-11-01T20:01:19+00:00,298
182636bc632be0ad126547e609c8817e8e510d7663a499abb3032b81e35e88a7,2025-11-01T20:01:12.943166+00:00,2025-11-01T20:01:19+00:00,298
0f417d841954ebf65b153ba72c4a84e09c7221f1643cc5f40ff993b5865ef5cf,2025-11-01T20:01:13.080247+00:00,2025-11-01T20:01:19+00:00,298
73b257973292a3528a1ac7e76f74e959ac4cb854152c0ba66b4e2bdb0321060c,2025-11-01T20:01:13.218198+00:00,2025-11-01T20:01:19+00:00,298
f7f396a3caf8579ed76e1018162894010e37890de7092b1fdd2ee7a0f0f15c7f,2025-11-01T20:01:13.357748+00:00,2025-11-01T20:01:19+00:00,298
b558d5ce2978d5bfce012d5ed15cee543ceddc878e53e5d11a3cf802e406acb0,2025-11-01T20:01:13.496703+00:00,2025-11-01T20:01:19+00:00,298
b0570a56d37f8f85bd53ab5acd55c4432656909ad5fc38132f56aae4a9790c17,2025-11-01T20:01:13.633694+00:00,2025-11-01T20:01:19+00:00,298
a66ccd8ce9263a94d259dc79f2822e2ff3e57f40e9dd1c6d174dec6b11b6e955,2025-11-01T20:01:13.769847+00:00,2025-11-01T20:01:19+00:00,298
9f8e7f54cc5aee0d13c4db5d9a62b6039ef7d8a3c132262b71bf01fa10d34694,2025-11-01T20:01:14.107556+00:00,2025-11-01T20:01:19+00:00,298
37e0be6a3b4f8bf6642f1aa0c4cd6ae4dd9db9f3de09c399787055395e6bbeca,2025-11-01T20:01:14.245423+00:00,2025-11-01T20:01:19+00:00,298
96121185bfe3588491ee4ef508316ec171f2183e3bc9eb88c17fad551d4c69cc,2025-11-01T20:01:14.382525+00:00,2025-11-01T20:01:19+00:00,298
382d9b2f481b88b82a497d831b0b6c3ca1a1ac7aeeb3292e819eb3d94a34fff9,2025-11-01T20:01:14.519125+00:00,2025-11-01T20:01:19+00:00,298
66a5b777c92a0d1f872a74df0a5a6d26f75a3f626b6e6dee8dabd1e9750aedc1,2025-11-01T20:01:14.658662+00:00,2025-11-01T20:01:19+00:00,298
55e14ce1e3206b2bc61b0943009e2b63ff70cf20ad9ddf6527f8bfca3752ff3c,2025-11-01T20:01:14.796746+00:00,2025-11-01T20:01:19+00:00,298
5becf06f8bd25cb6b727017011f1015db6faa5de19c0567bcd9743dd96923e57,2025-11-01T20:01:14.930292+00:00,2025-11-01T20:01:19+00:00,298
c1f241a70880b67537fa08b4d57dea13bc4e7357812a44b18def9d14ef545fbc,2025-11-01T20:01:15.075701+00:00,2025-11-01T20:01:19+00:00,298
8de8f240cf9cc5ab320a83498189463914488becea4948bf85500f444eea0065,2025-11-01T20:01:15.215889+00:00,2025-11-01T20:01:19+00:00,298
e3c07bfe661b12c93e1cab88c7873241eec7712e2aabce0d64d498a85a2ec55e,2025-11-01T20:01:15.354777+00:00,2025-11-01T20:01:19+00:00,298
8e6db755889f263d919d6f676d032a48966676ff785fe48ee5e933eb57a3cb4d,2025-11-01T20:01:15.495118+00:00,2025-11-01T20:01:19+00:00,298
d5960a368f5ec2d8d10c30f6a5fd9606ce8b43d595f81c92198504c2d7db7d39,2025-11-01T20:01:15.634912+00:00,2025-11-01T20:01:19+00:00,298
136b1ab21ea152b27d2f376f7338f0f03e892a9f48f1148a150d99bac4ed43f4,2025-11-01T20:01:15.778775+00:00,2025-11-01T20:01:19+00:00,298
dbad81235ecd66f794f3ea1ba73a0889f2c3c153976101f0e0c6cfa8a3ed3aa9,2025-11-01T20:01:15.920376+00:00,2025-11-01T20:01:19+00:00,298
af259a1eb4240260c09f087cc17b7a9161e2f259c24308ba6f93375b5a7a8c63,2025-11-01T20:01:16.059351+00:00,2025-11-01T20:01:19+00:00,298
39a5d907dd58ec049e3317e10c6007f7679fcc378242776a3194f1f2a7e36a90,2025-11-01T20:01:16.196868+00:00,2025-11-01T20:01:19+00:00,298
0707563b3326e51ec1053065e95733440cbc9ed4489d1246f85fafb011df955b,2025-11-01T20:01:16.341799+00:00,2025-11-01T20:01:19+00:00,298
7c95974735c53a2cdfc08eb4a2d9a89e7623c613daad009f254c0d68ae744f09,2025-11-01T20:01:16.476647+00:00,2025-11-01T20:01:19+00:00,298
6130a9254a3b27f9e731704f0fdc1f3fa087b2f60894a9c6a2362f17ec004947,2025-11-01T20:01:16.618738+00:00,2025-11-01T20:01:19+00:00,298
518f78c5d25aa07517ab3a1d52de0234c826927c7bc2154d9152406a11d0913e,2025-11-01T20:01:16.758003+00:00,2025-11-01T20:01:19+00:00,298
38db4e84deaa89b6810f237ed209185a9646adc08b3dc73e1730186f8d3091ca,2025-11-01T20:01:16.898885+00:00,2025-11-01T20:01:19+00:00,298
3d049e8d89eca8915cabe8f8feb27ac8e495eb1c0685aee742451eda53fe7c37,2025-11-01T20:01:17.030464+00:00,2025-11-01T20:01:24+00:00,299
51e6f5538c0b0d13b95059f40d4073f3a79aff3c1045791104c8f27ffcdb4b7f,2025-11-01T20:01:17.165023+00:00,2025-11-01T20:01:24+00:00,299
8d9cc3fa848ac2415f6d5d1d7351f6deeeb55ccbaf18545b3d32f6df8f113618,2025-11-01T20:01:17.302959+00:00,2025-11-01T20:01:24+00:00,299
b457b064ba6c54e97cf7189b3ccf5fed2070cd6167e32fd19db3e5b582b35f4e,2025-11-01T20:01:17.433535+00:00,2025-11-01T20:01:24+00:00,299
9ba87516ce38c5b6314d1d11e06ec49d022e853ed7d3f4be62a47148da52b31d,2025-11-01T20:01:17.568275+00:00,2025-11-01T20:01:24+00:00,299
f77cc56612db7da8342390dce87c1b6ae7e347233e3c625ba4ee3109130ceeb8,2025-11-01T20:01:17.707108+00:00,2025-11-01T20:01:24+00:00,299
df8dd3b2bf5bb8633b1b9b645cda0dadd41835215d4f29e29d6ae66b30e689d4,2025-11-01T20:01:17.844010+00:00,2025-11-01T20:01:24+00:00,299
44127e2ce789574350288da30d9bb3a4d69df1a00e68d3967f047ce58690d686,2025-11-01T20:01:17.984043+00:00,2025-11-01T20:01:24+00:00,299
6755a92d7af504dc2e1fcd95468249bbef1a3755040c2b71a4046b69d64c32f7,2025-11-01T20:01:18.114280+00:00,2025-11-01T20:01:24+00:00,299
a75542d95af1bc0c85fbfae60f2a1eefe78a230c732e7a93044e772f205b01de,2025-11-01T20:01:18.247843+00:00,2025-11-01T20:01:24+00:00,299
f9b42b2a10bf0f5888d09a47c583fb56c63ed31bb7f9c67b064393ffcbf0aaf5,2025-11-01T20:01:18.378998+00:00,2025-11-01T20:01:24+00:00,299
bda4a72b93eb6b84409eecec19c1f7e86938e0a71d1e28817c59f8e8025f07b3,2025-11-01T20:01:18.513833+00:00,2025-11-01T20:01:24+00:00,299
04f10ca50746c4c5e37c99ea28c5a91cba7c741b1694c0924069e325db69557e,2025-11-01T20:01:18.653410+00:00,2025-11-01T20:01:24+00:00,299
a157a4546000f36528920670a1ec9c67d9bef8e93775ec169c39b2723aa80f82,2025-11-01T20:01:18.792800+00:00,2025-11-01T20:01:24+00:00,299
880d8dad4bd6df487189ea9d8d18b942324a9f5a298dead0aa19c259dadbb1a5,2025-11-01T20:01:18.929365+00:00,2025-11-01T20:01:24+00:00,299
c7195e0bd81e9966074493e7e4f591d2ccc2dc893cf3694ffe01b69471242194,2025-11-01T20:01:19.075377+00:00,2025-11-01T20:01:24+00:00,299
3cbf37b5ea7527463bdbe5a32c142e150d4201131088f304562356f57a6f405f,2025-11-01T20:01:19.413736+00:00,2025-11-01T20:01:24+00:00,299
2c32d4fc19c8092f69fe5ce0a13d2302ed2258e56d115b5ec54410e67c1d6a4f,2025-11-01T20:01:19.549215+00:00,2025-11-01T20:01:24+00:00,299
4d0bffe23b78a0a10eb6be2693ec620c5c74101dea099945bb61a5a049a66811,2025-11-01T20:01:19.680075+00:00,2025-11-01T20:01:24+00:00,299
a60ca8af5d2ec0b81c46a0b634144fffe2c9803e5a80dc5700f631d7d0b746c2,2025-11-01T20:01:19.844174+00:00,2025-11-01T20:01:24+00:00,299
17b44eee70d3e125ae4d92ad48af778fda84f89d814c06f6957dc17b0aacb130,2025-11-01T20:01:19.980215+00:00,2025-11-01T20:01:24+00:00,299
c5be15a5eb2945ca3341b00a169258d041ec84f65145dfdda25a8e76f7a3fa82,2025-11-01T20:01:20.120650+00:00,2025-11-01T20:01:24+00:00,299
1ea47f66bc4a781318fe0e7582a7939b6d777a3e2f41f183dbd13ace9f29eb85,2025-11-01T20:01:20.255547+00:00,2025-11-01T20:01:24+00:00,299
8c24cc2219604a5ef36d185abd5d79e76c83789a3d5ead2449ddcf1b2785eb8a,2025-11-01T20:01:20.391680+00:00,2025-11-01T20:01:24+00:00,299
c29ba9843bdfa663cda078395a09921770b99c1324254e98cc1f6fa20c98e5b1,2025-11-01T20:01:20.536712+00:00,2025-11-01T20:01:24+00:00,299
7da8ee6bbbc32a94f5c9bb03fa4954580beac34cac955bcac7ca882ede6eb8c6,2025-11-01T20:01:20.675163+00:00,2025-11-01T20:01:24+00:00,299
977db9b8e7f22fd2d7f8ef4088dc5dc0ef9ffe039e76a06f9729b30fe11cd7d6,2025-11-01T20:01:20.809444+00:00,2025-11-01T20:01:24+00:00,299
7d02b8325367007f02346967aee416f437702904f6e8f00f3863c05146cdf879,2025-11-01T20:01:20.944953+00:00,2025-11-01T20:01:24+00:00,299
4cfeba283542c8001ed94420e465310c1a32cdce9c8c3f5517a2f5365e8a951d,2025-11-01T20:01:21.084056+00:00,2025-11-01T20:01:24+00:00,299
b607e834b64e7d395c75fefd5c5560029c6617eca1f36dd652a658b868a917c0,2025-11-01T20:01:21.224904+00:00,2025-11-01T20:01:29+00:00,300
03a34d1c2edaf2fb6d8580a4fa96ff08118e87e05ee7415523c8f8b61066d1ae,2025-11-01T20:01:21.361968+00:00,2025-11-01T20:01:29+00:00,300
de8f12cda46ae8d0ac87cc305bf05d23923e21ec42d98c03b5d79eeceab045d9,2025-11-01T20:01:21.501331+00:00,2025-11-01T20:01:29+00:00,300
cc15d5c37facf78be208f40a2cd0d06d088894652295c647b59edac54c209d19,2025-11-01T20:01:21.635968+00:00,2025-11-01T20:01:29+00:00,300
00e63509abf3dbc6d8f6494b7e305f4a5e21fb589383ad49aebe9737cff837e1,2025-11-01T20:01:21.773532+00:00,2025-11-01T20:01:29+00:00,300
90b3d6edc66df5cf5bac7d9ae6a2253ab46c71307d37b9d486ee9ed89809aa32,2025-11-01T20:01:21.910744+00:00,2025-11-01T20:01:29+00:00,300
cc8ce05b6e797c6283c1f7f64a4dea538a477237670e59314d36629215d57f18,2025-11-01T20:01:22.051832+00:00,2025-11-01T20:01:29+00:00,300
882ba72fb4d2712903b6e68246e07e9d2ac01000b598dfc504aedc65d1118712,2025-11-01T20:01:22.193823+00:00,2025-11-01T20:01:29+00:00,300
89f557d01f4699d1457376c0f047b8148e4a4266e3ee65b4355ff009d5ba5138,2025-11-01T20:01:22.332053+00:00,2025-11-01T20:01:29+00:00,300
ee1151c986960fcc1e5440d14cda32d238862b0eec5d266dfdadcd0d56dd324d,2025-11-01T20:01:22.474526+00:00,2025-11-01T20:01:29+00:00,300
ad2ec9b186799d7d9bbe41a281c9d0810842931b9f8f0c71cc446df65a34f609,2025-11-01T20:01:22.611772+00:00,2025-11-01T20:01:29+00:00,300
a7a4824e8cdcadf4f86e6ba21999bc116c07098ff2f819b08b7fbc8636648087,2025-11-01T20:01:22.751091+00:00,2025-11-01T20:01:29+00:00,300
cd63fe5d6cccfbd8fe8a2ffd2ec6e0daad6fa618eba964ae0be7767dc8ab0c66,2025-11-01T20:01:22.886435+00:00,2025-11-01T20:01:29+00:00,300
fdea74b9d75540e8b784d698adf47d018997d3a5209c6aefc308635780a46d92,2025-11-01T20:01:23.028431+00:00,2025-11-01T20:01:29+00:00,300
03f04577d9a08af116b681bcbb9d551777f5f727bcbab481eadadf6cac1df078,2025-11-01T20:01:23.168849+00:00,2025-11-01T20:01:29+00:00,300
7ee35bcfb5c7727527bdffd5808f578ded962cea63c8d6ad32fa060a000e8285,2025-11-01T20:01:23.304452+00:00,2025-11-01T20:01:29+00:00,300
5a221f9eb90c9d9ae4ed1b4269f1e0115ac0b833ada44e2881e79ca9e60140f3,2025-11-01T20:01:23.445731+00:00,2025-11-01T20:01:29+00:00,300
deef0d1f5e541212a0ff7213b53a93fe3eeb2379a3023e842112ee4a9ab21f12,2025-11-01T20:01:23.589430+00:00,2025-11-01T20:01:29+00:00,300
8ccd26f7d8338165f853b1727f014197491643a121b61310d39de7654e25a583,2025-11-01T20:01:23.730959+00:00,2025-11-01T20:01:29+00:00,300
a941026360a6cb97a7a7fde2a8a3345a61a792451f27553ed6899269487ba8e0,2025-11-01T20:01:23.865669+00:00,2025-11-01T20:01:29+00:00,300
baf68293ed3c1162429a0df6020f523dfe853f02e9f18a627a70f83c10d60c57,2025-11-01T20:01:24.004795+00:00,2025-11-01T20:01:29+00:00,300
a457f815907ac448046805729665dea97cbc7d8567cceade4385ce62bab5581a,2025-11-01T20:01:24.142459+00:00,2025-11-01T20:01:29+00:00,300
6b5ea43f55cc91685d057caf85bbb045edbaacd68116d5788dd97b9fe7b6cc8d,2025-11-01T20:01:24.279931+00:00,2025-11-01T20:01:29+00:00,300
7115ea38a468055f6b98c9fb0cb3fe70d3bc4d818937cc375a465479bcf815e2,2025-11-01T20:01:24.419452+00:00,2025-11-01T20:01:29+00:00,300
1c09955659f9caae3773d6671e0b4571f91253f02eaea7fc060d00e04c7797c3,2025-11-01T20:01:24.761010+00:00,2025-11-01T20:01:29+00:00,300
c8c2e0d25931e09212e23df3e3fd4dd04c73b527a27fc13b3251c37104ad700d,2025-11-01T20:01:24.895429+00:00,2025-11-01T20:01:29+00:00,300
bb50deda7f78b3a3a01c5c5da0b438d02dcfea9696ac2f33031d3974adc43cae,2025-11-01T20:01:25.031093+00:00,2025-11-01T20:01:29+00:00,300
5f1dfd3a5274a644a1d0fe4561dd29426ec03e5b6aac6dc1ac0d24003766439e,2025-11-01T20:01:25.164424+00:00,2025-11-01T20:01:29+00:00,300
109ff7de36842dcdaf16168fce8535738fc0260456a6e64f45eaa059ea788fee,2025-11-01T20:01:25.299338+00:00,2025-11-01T20:01:29+00:00,300
1e9bc73dad9372d070624eb60abff8289d908b8dc69cbf0acd90896bb2ad4e11,2025-11-01T20:01:25.432036+00:00,2025-11-01T20:01:29+00:00,300
7b0bc2218b26b3e349a4d4e305936eec263ed9b724778902b48e07de87096371,2025-11-01T20:01:25.572073+00:00,2025-11-01T20:01:29+00:00,300
cf73d0bbcc4d99306a6b1574b9dd21f8408e563452259d0048751a02a29c0143,2025-11-01T20:01:25.709671+00:00,2025-11-01T20:01:29+00:00,300
112f643863b150244587806d3629c8595a7b4d867f0c053f188894a23584ade6,2025-11-01T20:01:25.853994+00:00,2025-11-01T20:01:29+00:00,300
f5894d406e8c3ec5499cd3dc70c6b46abf61a89870b70cf39be41ee0c2d1ba7c,2025-11-01T20:01:25.988134+00:00,2025-11-01T20:01:35+00:00,301
39599239bfe1fc0ac7de2090a8a64a9e75afcba17e323f5ce1f9268747bc4d67,2025-11-01T20:01:26.129389+00:00,2025-11-01T20:01:35+00:00,301
25a3cb2eb65723f921dbc2cde11b6f562c524b2a6fa174574bec7a13abb90342,2025-11-01T20:01:26.273104+00:00,2025-11-01T20:01:35+00:00,301
d2e06a25f4d89b642dbe2f245b886f9f7693ee05445f60a1c4a4843e20bbf07e,2025-11-01T20:01:26.422237+00:00,2025-11-01T20:01:35+00:00,301
b7be5afe129a4a0eb43dbd8e241e5e3df437bb12a34346f2513912a5340d04ce,2025-11-01T20:01:26.559647+00:00,2025-11-01T20:01:35+00:00,301
f5295c0ef0e40952840759e36530fa6a30b77ae6e6da3f2fa0a753964265682a,2025-11-01T20:01:26.698621+00:00,2025-11-01T20:01:35+00:00,301
da1cbff80bce056f524ec71d750def12106604a944b2dbdf5ed7fe14bb36020c,2025-11-01T20:01:26.847097+00:00,2025-11-01T20:01:35+00:00,301
5b7e08a69cd22240bb4a04c61db7694267a32fa562acb3d3ca1113c61955df2d,2025-11-01T20:01:26.991234+00:00,2025-11-01T20:01:35+00:00,301
14eaa8223ed88b9bb171e26f07a158d226387d7dc83c6965624078c2e4405739,2025-11-01T20:01:27.129754+00:00,2025-11-01T20:01:35+00:00,301
3f5ea752057ab8b06fb7a05d3bbef65f63cb4c02b6baa627cce4e60e8623fb21,2025-11-01T20:01:27.266577+00:00,2025-11-01T20:01:35+00:00,301
f5124691aecf5697d93060def483b73c5e81f61037070b6ca80ea8505a10f14c,2025-11-01T20:01:27.407708+00:00,2025-11-01T20:01:35+00:00,301
668ba43fe4b65df9e303967e1eaef9b15a68b5a62e00c537e1cd5d23b8dc6e27,2025-11-01T20:01:27.545925+00:00,2025-11-01T20:01:35+00:00,301
87282a984ad62183f54b8e0232be60946e15683c9769813b25e67d8f5257f791,2025-11-01T20:01:27.682965+00:00,2025-11-01T20:01:35+00:00,301
a037453c1b07b6795d8d27e2d466eae6d64a536956b51135cda31cc9cbd03b16,2025-11-01T20:01:27.830320+00:00,2025-11-01T20:01:35+00:00,301
9e0220baec5345f4893ce7d15cfa891e900820b93bbba2045d1b99249d837023,2025-11-01T20:01:27.969406+00:00,2025-11-01T20:01:35+00:00,301
d6fcdea051ffd33da2b9e27e51f6937aad9f60acd5a3f9fc9628a6b428dc5ee6,2025-11-01T20:01:28.108339+00:00,2025-11-01T20:01:35+00:00,301
ff8b46f93e83792d3c0b78f6e8d4e2cd3b9c955ae372d78388a83d154371a09a,2025-11-01T20:01:28.254488+00:00,2025-11-01T20:01:35+00:00,301
c0f314af14765e3d4c95d466051e3ef85425299d0c618c2b1457d5a749681c16,2025-11-01T20:01:28.407019+00:00,2025-11-01T20:01:35+00:00,301
90939d571bf420e4d3848dd1b071346ad92db4e8f895f162d97425f9a20e0238,2025-11-01T20:01:28.542130+00:00,2025-11-01T20:01:35+00:00,301
f2befaba23cc74232a3dd9a9a26303692c08fb2142d11549ed880d9fc1143b60,2025-11-01T20:01:28.680088+00:00,2025-11-01T20:01:35+00:00,301
e88563b7ccc7c649411065e27ce4e9f633311184f5982435b478a0304b4af1d0,2025-11-01T20:01:28.822156+00:00,2025-11-01T20:01:35+00:00,301
33f96c52775820801479094cc8e07fd5612f64ec0aa7b827f6a6e9f5d40cbe7e,2025-11-01T20:01:28.964059+00:00,2025-11-01T20:01:35+00:00,301
de13bfc2feaf8307db8d13ca6eea6eec457647848051963abcad8fde21078ab6,2025-11-01T20:01:29.125635+00:00,2025-11-01T20:01:35+00:00,301
3b203a564f44e7da95116ad204b2be12e82053506c852b196fc5fdcd788bdbe6,2025-11-01T20:01:29.260437+00:00,2025-11-01T20:01:35+00:00,301
38225079e2b8639b65cf33168de824a8c4b0991785c793fe029d7b5233c5c94d,2025-11-01T20:01:29.392096+00:00,2025-11-01T20:01:35+00:00,301
729bf099314241d54d0258cd223f8d65e40ba6163adc91c477eaee4c3ee0f109,2025-11-01T20:01:29.528478+00:00,2025-11-01T20:01:35+00:00,301
537fa2e8c0ff5d7ff4f4cae5d9308688edd2b8d96c0127813ec5db719d6edf11,2025-11-01T20:01:29.666306+00:00,2025-11-01T20:01:35+00:00,301
93344721dd89fa9f8f1c7d57a8a2ff7a6fb610380b84b0f97d04c6afea702099,2025-11-01T20:01:30.012566+00:00,2025-11-01T20:01:35+00:00,301
80dd721027617294cf758223013401d8210892fa8098fd799cfa0ea36ed62ff9,2025-11-01T20:01:30.153457+00:00,2025-11-01T20:01:35+00:00,301
a90cf3ad085fc694b4647099a40dca8f45bfd63b38d62d973e43c38f01eed912,2025-11-01T20:01:30.288653+00:00,2025-11-01T20:01:35+00:00,301
98007eccbbc8af45e0a0b96e71614ce927124f5142bb92839b4077a01c5af8a9,2025-11-01T20:01:30.422445+00:00,2025-11-01T20:01:35+00:00,301
e5aa2c30086ce4b28eecdb00353f013ecd3c1acf8fdfa8499fffcb0eb1eddd2c,2025-11-01T20:01:30.561462+00:00,2025-11-01T20:01:35+00:00,301
da0fb23ef86c857cd62bc229b6cc92557cc464d81749a6ce79bdda7195367de8,2025-11-01T20:01:30.701341+00:00,2025-11-01T20:01:35+00:00,301
ca24ec2f6de4abec77ded83d9e88aba129c03cf9f08663970795d3a6949ad230,2025-11-01T20:01:30.833227+00:00,2025-11-01T20:01:35+00:00,301
b5202e4883d4780ecfe5e01c93fb5ed6833badbc4a6f61d1e0b55952f2506e80,2025-11-01T20:01:30.973527+00:00,2025-11-01T20:01:35+00:00,301
f418f731d1df0febb0d09277552ad3d8d88dc9767b83835daf11513601332ce7,2025-11-01T20:01:31.112616+00:00,2025-11-01T20:01:35+00:00,301
4981372d90c518eb423283a26099aa0f2de7458ddbb12c92c61c0ee275a61569,2025-11-01T20:01:31.248311+00:00,2025-11-01T20:01:35+00:00,301
ac02bcc04baf1bbd2b749e56df5a81403356a161b60428cba80878af8de89e51,2025-11-01T20:01:31.383749+00:00,2025-11-01T20:01:35+00:00,301
e6944d9df57b030d97bde864810cc54c901ccbbf958922ee6c8c43f1dae436ae,2025-11-01T20:01:31.519817+00:00,2025-11-01T20:01:35+00:00,301
342127dd5c7d97ff26153a908309b5f70f63a2a06f90e31ed12e3e6b1205c9b8,2025-11-01T20:01:31.657808+00:00,2025-11-01T20:01:35+00:00,301
36b23809cbcbf0e5933719c018cb99d7412dabd258ce860e472c8bf9057f9274,2025-11-01T20:01:31.792867+00:00,2025-11-01T20:01:35+00:00,301
e4477c7cbe590ff91d3513349d0ee0f52ca3749f6d33c8612177635db5ab9e0f,2025-11-01T20:01:31.930471+00:00,2025-11-01T20:01:35+00:00,301
d1ba98e0072d8b6cc8e293887c57b01207397ec5f29cabef74ef122c77c8d734,2025-11-01T20:01:32.069253+00:00,2025-11-01T20:01:35+00:00,301
5877f528f60ec84bc3b1108f1d132de0d1b32d1d88950e52f202d4df18b69419,2025-11-01T20:01:32.203312+00:00,2025-11-01T20:01:35+00:00,301
ca72f83ddc48a879d9711eca58b8fd9ccfec3100318ca3b8e9b69a7bb1d0e48a,2025-11-01T20:01:32.338697+00:00,2025-11-01T20:01:35+00:00,301
7283c04c09262f618c1050c7368fea0cc18a982c7414bf10f7fa4e37d366d9ed,2025-11-01T20:01:32.472427+00:00,2025-11-01T20:01:35+00:00,301
d79853035150705b065beea110333b3ea631c5e39c8a6ff374849d82f2db9abd,2025-11-01T20:01:32.611989+00:00,2025-11-01T20:01:40+00:00,302
3aca8d012986b5e880d74bec8b046e7463dcf40c4674af708953e6ac6b82e156,2025-11-01T20:01:32.744957+00:00,2025-11-01T20:01:40+00:00,302
4ce967d18c31ac5ef2875d820de241255912ee693fe2878d640474114278941f,2025-11-01T20:01:32.877661+00:00,2025-11-01T20:01:40+00:00,302
2c3dc2e317031a8a24691ec40360799cbd8fdd7d33287caf3d3640861443c0f0,2025-11-01T20:01:33.018214+00:00,2025-11-01T20:01:40+00:00,302
f992b0adc5dacb98114552beeaf3da6dd2c1823d49b4f921ff080c71fb4ea900,2025-11-01T20:01:33.156923+00:00,2025-11-01T20:01:40+00:00,302
3d4a3ae92cc8b33d5cc04f5245d9c87d145ed642d4b5853dd668194002898c01,2025-11-01T20:01:33.292517+00:00,2025-11-01T20:01:40+00:00,302
8933903f7546476e7bc5a4783130640f3dea03a47c5b15ae874c35a933e84288,2025-11-01T20:01:33.427568+00:00,2025-11-01T20:01:40+00:00,302
0fdc05f19caad9be4ea79088034a320505a87e040729618214ded9e6d91dff98,2025-11-01T20:01:33.564501+00:00,2025-11-01T20:01:40+00:00,302
75b7d3c351d2059f102956ee72b41e1fe1e75f68eaed6d31c10b33b20a886480,2025-11-01T20:01:33.706377+00:00,2025-11-01T20:01:40+00:00,302
2e8cd53ffc4ff5622eb9159059fbf747227494be324f46e47ecf9077316b9b45,2025-11-01T20:01:33.846659+00:00,2025-11-01T20:01:40+00:00,302
0c8f810df0ecf41c37d5aa05c346f3e25ed5008559cd5aa435d5755be4f3d26f,2025-11-01T20:01:33.986639+00:00,2025-11-01T20:01:40+00:00,302
9d5b4665ff4ceb2315ce76b50867b40ce189ea0cb2441b232853080ea71b4b53,2025-11-01T20:01:34.123437+00:00,2025-11-01T20:01:40+00:00,302
05499a8fde26d11cd27f5bbf7b07e6e55dace77c32f6cd5aea094fae55497945,2025-11-01T20:01:34.268977+00:00,2025-11-01T20:01:40+00:00,302
04ac1627f865224557db93eb5fbe20f37c720c2e70c405fde6351b3c16770106,2025-11-01T20:01:34.408989+00:00,2025-11-01T20:01:40+00:00,302
fea8aa5c42afaca26aff127ecc770eda871209205ddc6e53adff8236213c5bd3,2025-11-01T20:01:34.548681+00:00,2025-11-01T20:01:40+00:00,302
1acff54da7d6e9b2b41966416881bfbe5ac99cfcf7325e845623ca085c577baa,2025-11-01T20:01:34.692100+00:00,2025-11-01T20:01:40+00:00,302
2ea405e1ce7e39c610ffb8b971af42117f6da6608a651497ebae6974fcad5113,2025-11-01T20:01:34.825772+00:00,2025-11-01T20:01:40+00:00,302
5f5ae0df8a7aa55eae290e560750381dab6b5afe9e8cf0c7d535239461cec41d,2025-11-01T20:01:34.961468+00:00,2025-11-01T20:01:40+00:00,302
1c18a05eecf5b041495fed5aedff483cbdccd36c762fedd83166f08828522a98,2025-11-01T20:01:35.312464+00:00,2025-11-01T20:01:40+00:00,302
dc068bfeb5a306ab75cf0abb414a08f65629a7df06a2c6bd28fe7204d198f56f,2025-11-01T20:01:35.447507+00:00,2025-11-01T20:01:40+00:00,302
da28bb1c09836f3dd3fdb17559a042c48dca6c9bc29aaa35c2d91b08eb2825af,2025-11-01T20:01:35.583536+00:00,2025-11-01T20:01:40+00:00,302
815c07bc80e8c64764d2a9e8c1fb7df0a0a66eebb0ccde01c758ef9fc5dbf29e,2025-11-01T20:01:35.718834+00:00,2025-11-01T20:01:40+00:00,302
3ca992ee5ad7b610ff78ae96e91a0a65210ec5b01f8f9fa5fc77822f21a7478d,2025-11-01T20:01:35.850871+00:00,2025-11-01T20:01:40+00:00,302
15ae731c505e1ba6043662305f9816f7414ec7cf1141f1c9b13a09ebec61bd53,2025-11-01T20:01:35.988142+00:00,2025-11-01T20:01:40+00:00,302
24e1b3ba2ea953e6d31f18bc553ad89f0f5c40dc620fa8a9206f6ff531d6aa7b,2025-11-01T20:01:36.119314+00:00,2025-11-01T20:01:40+00:00,302
61d4b2be575379c69d560ae8b1789902635f8fce599764dc37db1c369c3782eb,2025-11-01T20:01:36.255696+00:00,2025-11-01T20:01:40+00:00,302
5e4cab142cce4c50e16c784053661bd37174f6cdd9331fc27018a8b51e6545ea,2025-11-01T20:01:36.388105+00:00,2025-11-01T20:01:40+00:00,302
989e2e2132a6fc3039d8737770545edc862ec6256940508ce3fe1f001bbfa7be,2025-11-01T20:01:36.523668+00:00,2025-11-01T20:01:40+00:00,302
0a66927f8420f81e79905ca1136c2f62d2f9b7c7af97388aa00c1a77e3432f08,2025-11-01T20:01:36.658520+00:00,2025-11-01T20:01:40+00:00,302
58f664c45ee425b45efa3710f6778b95247ee94aed6d2193c1a9c632e0c39eff,2025-11-01T20:01:36.805413+00:00,2025-11-01T20:01:40+00:00,302
30a33e8f8110282de32113f5daf00e76647779cbab5747e0a1edf9c15498ee70,2025-11-01T20:01:36.949328+00:00,2025-11-01T20:01:40+00:00,302
b7e8272d11763ec8b3e5a109b7bc9b82dda274cdd546b3bb7f80031ff84d7e8f,2025-11-01T20:01:37.085130+00:00,2025-11-01T20:01:40+00:00,302
8dedafaa0db726a8fa3840be70d4ebe00cd7b464ac708b4870397f0e004b81c7,2025-11-01T20:01:37.230521+00:00,2025-11-01T20:01:40+00:00,302
b533e29971b1711c7b02a1fca180d0439d31db464d293321beedf3183ceea2c0,2025-11-01T20:01:37.366992+00:00,2025-11-01T20:01:40+00:00,302
c1540bcbb1589f9dfe72de0c2a0d6144cc22811e75dac56f3d1fe9905cf95f38,2025-11-01T20:01:37.507632+00:00,2025-11-01T20:01:40+00:00,302
9935bed04ae9f4bc3b2221e221cd7a7a895ecbeb886c78cf7eaa675aff2626f4,2025-11-01T20:01:37.643812+00:00,2025-11-01T20:01:40+00:00,302
80feb2fd1954e7238557e60df42aea42c5495638e4acb32fc666494ef69d4119,2025-11-01T20:01:37.784566+00:00,2025-11-01T20:01:40+00:00,302
d0b21b3fcf182379d10fab444cd5aadee291bd5f5d09a5212df889b68dc9361f,2025-11-01T20:01:37.928816+00:00,2025-11-01T20:01:40+00:00,302
bc21f6ad715335a234a7fa3752daf4e0ef82a54f8914a021a06068450bdf92e5,2025-11-01T20:01:38.076494+00:00,2025-11-01T20:01:45+00:00,303
1991cb3925685e1944f2589a4038cb40521c0e5ec265bbc13470b09a8389082d,2025-11-01T20:01:38.217498+00:00,2025-11-01T20:01:45+00:00,303
f248fcd8662bcd45a06d4aa56f33aae3a94dadc969e994a038f65459d92f7e62,2025-11-01T20:01:38.358769+00:00,2025-11-01T20:01:45+00:00,303
e78139012c804834285a14f26de2d67b0db3b93b17fb22e9e6e6f2d1e58cd2a0,2025-11-01T20:01:38.500117+00:00,2025-11-01T20:01:45+00:00,303
889728067c600aa9c02dce464a74561ab9bf022193a75702fac2e4cef0fb26af,2025-11-01T20:01:38.633754+00:00,2025-11-01T20:01:45+00:00,303
490514c86eb8841436581521c2ae21e1067abd46efbcdaa08f4b2c171f3f809f,2025-11-01T20:01:38.773952+00:00,2025-11-01T20:01:45+00:00,303
f5ac47705f3a091be2a4c1332957e8b99967631d330f6fdb173d7fbac186e87e,2025-11-01T20:01:38.913548+00:00,2025-11-01T20:01:45+00:00,303
fe2105edd03b826c51954cbaf141dfe85b5eaa6fd5cf15c5ad66e9b57c8bb284,2025-11-01T20:01:39.052222+00:00,2025-11-01T20:01:45+00:00,303
02654eadfe7d8ac0be8ca1f172df5488e73338d8d94d2e923d2c6dcb707ef3bb,2025-11-01T20:01:39.198868+00:00,2025-11-01T20:01:45+00:00,303
48ec00501e517459d198eed4cad7de56c4a49019777e37ee525514c1146eabb3,2025-11-01T20:01:39.335422+00:00,2025-11-01T20:01:45+00:00,303
321ebd55465c4741da6ab71514832c8e4dc5e06516db10aa04fac8c68b3687f2,2025-11-01T20:01:39.473422+00:00,2025-11-01T20:01:45+00:00,303
3fa8a9a76718eec4897b8672bed266de40892a9508019082f25665cc90b3f87a,2025-11-01T20:01:39.610504+00:00,2025-11-01T20:01:45+00:00,303
4a04c44e4633d20bca0afa766b872b3b5b165d09297a61796ba30f46a1a13c15,2025-11-01T20:01:39.751754+00:00,2025-11-01T20:01:45+00:00,303
4fe89e6d35876705ca16e2b378eb5d3fc316e55b58b1aa5be6a2534dfa35b787,2025-11-01T20:01:39.915965+00:00,2025-11-01T20:01:45+00:00,303
47e8025858f28e10aa183ac8f7db01d20f165297665dab8bec66fdf2af449625,2025-11-01T20:01:40.059495+00:00,2025-11-01T20:01:45+00:00,303
2071c9de341396c3e1eb76f3cc69953679a9545405427d7080ab6dc2d539aa23,2025-11-01T20:01:40.203102+00:00,2025-11-01T20:01:45+00:00,303
0c08ea248a45c77d56a0f3393efde2a8b857dade801a3d301a6b73514c8d4f64,2025-11-01T20:01:40.543590+00:00,2025-11-01T20:01:45+00:00,303
043c8a5a202b2ecccb7d49f293c66d6112e250ec179d6c8ada9ecca59a9a1ebd,2025-11-01T20:01:40.679463+00:00,2025-11-01T20:01:45+00:00,303
60424b9632c16d7c86a2cac71d4e17d52439b408eff4388bf17dd93670592778,2025-11-01T20:01:40.812761+00:00,2025-11-01T20:01:45+00:00,303
94378c65e2da01d2c697506c173e4d02ace364dbb7247e1fa8d298c7bf3f9a91,2025-11-01T20:01:40.954186+00:00,2025-11-01T20:01:45+00:00,303
cfa9290e97eba3496953127907a433939306a2d234c1629f09d84d17a08b3ded,2025-11-01T20:01:41.098464+00:00,2025-11-01T20:01:45+00:00,303
3e21142494e48460e28b50424ce4eda884f279681382bd4f0b296ed7f4c74547,2025-11-01T20:01:41.242180+00:00,2025-11-01T20:01:45+00:00,303
2ea50c2b61abbee6878e2ce99d0185448146029062d1abdbf4293e2fdbfd3b2e,2025-11-01T20:01:41.378455+00:00,2025-11-01T20:01:45+00:00,303
7c7c34f8afef4598c3b5d155cae26ad93fa2063e7e968d2d844a4da166737243,2025-11-01T20:01:41.517690+00:00,2025-11-01T20:01:45+00:00,303
49b78efe570728c0968a3d449239e2fc54c9dc42594220f94939b811d7496f9c,2025-11-01T20:01:41.654745+00:00,2025-11-01T20:01:45+00:00,303
b467ed2e734b705e9f8d125fb689e882bc1200f25a8721d9cb551bd78da18408,2025-11-01T20:01:41.792791+00:00,2025-11-01T20:01:50+00:00,304
66a5baf85dff8ef228156154c0dd4ac0f0a862ade8f97e10a23f83815970e2d0,2025-11-01T20:01:41.933529+00:00,2025-11-01T20:01:50+00:00,304
22f4204365ed6d14aa40374fe4c297c64c300e5a72c05718f80465a49b590a38,2025-11-01T20:01:42.072806+00:00,2025-11-01T20:01:50+00:00,304
08113f7f6cfeb839af3f61004801075327c93b5710f5f3768398419338fe4a04,2025-11-01T20:01:42.212575+00:00,2025-11-01T20:01:50+00:00,304
2140833b7376f8c1701d0d9f0d1f9f4d9ecf03415e900d37fe007053ae281a54,2025-11-01T20:01:42.347116+00:00,2025-11-01T20:01:50+00:00,304
360d3beab8e835beb1b8e4333463223329254fa3aee4e5cc5be43a4ba87cf758,2025-11-01T20:01:42.485945+00:00,2025-11-01T20:01:50+00:00,304
072bb44e91534a8c8092be2f5b1c71319212e293f43459bd62dafae781af8f9a,2025-11-01T20:01:42.626544+00:00,2025-11-01T20:01:50+00:00,304
a9832522b24ed09cdf692809c420d75d6cdf7a1f7d52611b9dd0ae23ca9f0f4b,2025-11-01T20:01:42.769426+00:00,2025-11-01T20:01:50+00:00,304
78376192aca3e7c8fc9eabdeb5522245b8222b8fd9ede1c94958d828fd53fe4c,2025-11-01T20:01:42.911890+00:00,2025-11-01T20:01:50+00:00,304
bbd965c849dcf88144a946da9a60734bb03723161f3e7690f1a3c2e1c05fbc63,2025-11-01T20:01:43.054685+00:00,2025-11-01T20:01:50+00:00,304
aa70a9372e728eb6b25ebb0337db786a02460c4643c450901b1174dbc0da637e,2025-11-01T20:01:43.195114+00:00,2025-11-01T20:01:50+00:00,304
ac02c6c928d5724b2050cbdeeda71489f2a17fd8ff8c725aeafb4ef178eb86a3,2025-11-01T20:01:43.334813+00:00,2025-11-01T20:01:50+00:00,304
1f782b3100aaa46f5d56c4eb3744e2e0cb79fbcc9d6fffc7e8d31040c528b2df,2025-11-01T20:01:43.470610+00:00,2025-11-01T20:01:50+00:00,304
ac7aabb93b3fc60783cb8fd23bc04f61b23d1d43384dea06f2408f7705d19900,2025-11-01T20:01:43.610409+00:00,2025-11-01T20:01:50+00:00,304
e9823cdc8f293b68354719e84d1cf33cc080efb753460a763b9dbf20d6bc9f5b,2025-11-01T20:01:43.746369+00:00,2025-11-01T20:01:50+00:00,304
3e67a50973ad1fe4c72a1f81cacf1ab60bdc983b07d288c5c70c6570173872ce,2025-11-01T20:01:43.882335+00:00,2025-11-01T20:01:50+00:00,304
1ab4cd7e8f7e4fed5c5226d7bd6e3a0c2633f940cf152ed17db397d329637ff9,2025-11-01T20:01:44.018408+00:00,2025-11-01T20:01:50+00:00,304
6ddec28df3a646acd0029a9d6c1e536ae44e7419600c7f2a6ffc1d2932eb6aff,2025-11-01T20:01:44.158436+00:00,2025-11-01T20:01:50+00:00,304
def0d0d9fae6fabbda5423a2f12f54fffd44fef54fe04bf94eb62712550de717,2025-11-01T20:01:44.300098+00:00,2025-11-01T20:01:50+00:00,304
0b8598b29dae72d13737f19ad816f8f00040593de8a58c24c0a0a772ea82cb29,2025-11-01T20:01:44.442005+00:00,2025-11-01T20:01:50+00:00,304
7cee8a3301d83c21ef90182796357b9d9af4f03e4dcf3a396e54a173a31ee5ba,2025-11-01T20:01:44.582791+00:00,2025-11-01T20:01:50+00:00,304
c4e7a7ac230b66328de5e96cddef15322d847bb0ac38ee1b0fdaa3ebe26caa32,2025-11-01T20:01:44.723160+00:00,2025-11-01T20:01:50+00:00,304
c208aa0d4c9f289d2b32964bc5c240f147d27a63d9ffa3910fdd2e48d00ed42c,2025-11-01T20:01:44.857848+00:00,2025-11-01T20:01:50+00:00,304
691d2b441d281b9a5d8fd2f263d58089b22ac1fe423a76f0b6fc3bcf2a72c6e2,2025-11-01T20:01:44.996697+00:00,2025-11-01T20:01:50+00:00,304
86624dc21d45ee927cf08bc63b9391157e52903d0ae6a16a9d16014c38d47e0a,2025-11-01T20:01:45.135595+00:00,2025-11-01T20:01:50+00:00,304
efcff89ac98c15971e3de924271cc90bf3d77b9fc48619ef7fb61dd0848c662b,2025-11-01T20:01:45.273588+00:00,2025-11-01T20:01:50+00:00,304
025d1adcf5cdddcaf4389935f69eca81bcdc2cf1b511cfa1b898f7fce55dea7b,2025-11-01T20:01:45.417975+00:00,2025-11-01T20:01:50+00:00,304
44f8f64cfdd24976a19fdf6de01bc67ce196392e07a9dc3ac0c5d626e52cf4ec,2025-11-01T20:01:45.556036+00:00,2025-11-01T20:01:50+00:00,304
5784c86a528c6ee88822057ade12d233e2266932c276ae2c4b9db9e6600aba78,2025-11-01T20:01:45.696804+00:00,2025-11-01T20:01:50+00:00,304
a9e92b6c67876580a797e98f67181063e85a4822c225f0356a04e1df99bce1d6,2025-11-01T20:01:45.832761+00:00,2025-11-01T20:01:50+00:00,304
27a48cfd13792aab373c5b3225aec87061388afb26452b164e7a1a23ae8a000c,2025-11-01T20:01:45.968158+00:00,2025-11-01T20:01:50+00:00,304
f27bb12e872ff4a5db288e12b3bb2e14b45f470241e1da337231b93fe6d3c0c8,2025-11-01T20:01:46.106629+00:00,2025-11-01T20:01:50+00:00,304
ac0bfc848a8ed77309842be3cfb01109c9984da1533542040f2625f39df983df,2025-11-01T20:01:46.250205+00:00,2025-11-01T20:01:50+00:00,304
57eb27b2f9789eaa346102400ef329864de18f6250e4bb7d8909ead18168d056,2025-11-01T20:01:46.390417+00:00,2025-11-01T20:01:50+00:00,304
79ac04a9ce8defece24665cd98c2aeb61cdecacf6155e71fd4f99f6a92d8ad5a,2025-11-01T20:01:46.529352+00:00,2025-11-01T20:01:50+00:00,304
0fd9aadd6af5a3727bf06ae3fc0fcf27cae0118066b38e69f8d82849f0061b90,2025-11-01T20:01:46.663746+00:00,2025-11-01T20:01:50+00:00,304
4d1627ec25c355f3ee284029357a4179ec223682de255138e5e36e2ab93cbcb5,2025-11-01T20:01:46.799684+00:00,2025-11-01T20:01:50+00:00,304
c34b832665b45bbdf30a36faebcbad0a4be10e6174359be6feff6d744635d3fa,2025-11-01T20:01:46.937751+00:00,2025-11-01T20:01:50+00:00,304
b421c17da94813be4995ba0e27f584fa2da06baceec18dad3da3efa4d53ba780,2025-11-01T20:01:47.070281+00:00,2025-11-01T20:01:50+00:00,304
3ce5529b343ada0a95187b31c096b465d4272dc3f21441bfe8b9254ccb049e9a,2025-11-01T20:01:47.213179+00:00,2025-11-01T20:01:50+00:00,304
47a9a0da569e8fd05266606ef6752b0acf13a2b8c517ea84dcf674965165d3cf,2025-11-01T20:01:47.352084+00:00,2025-11-01T20:01:50+00:00,304
93e22aabaeb740e3656b06e1e897220835b19d545d948890ee9a11dbd88cbf3a,2025-11-01T20:01:47.485125+00:00,2025-11-01T20:01:50+00:00,304
ddce65aeb02834e38708d54065351994e79569064f1ffdf0276a8c4c835e24cf,2025-11-01T20:01:47.622744+00:00,2025-11-01T20:01:55+00:00,305
648a43526fa6b8ae79f14c6ac5561c721d6bfc49a152c5a5fdb1bd7c1950a25c,2025-11-01T20:01:47.757502+00:00,2025-11-01T20:01:55+00:00,305
9bf5d7c45919721a9da5cd416ff354c3f8e4020be83e1a87efba7c86488c6d11,2025-11-01T20:01:47.892401+00:00,2025-11-01T20:01:55+00:00,305
dcf34e4273c53b2515a03010752d5526b3458ec747acee9663988329856fb33a,2025-11-01T20:01:48.038184+00:00,2025-11-01T20:01:55+00:00,305
58055e5e78d011fd609f9ebd69dd05862ab2e5767343e4fc2acbc255c9f52579,2025-11-01T20:01:48.187100+00:00,2025-11-01T20:01:55+00:00,305
fac3d3586d2e181cc85017fc555082bf645303e758cea36087cbe8e576f58104,2025-11-01T20:01:48.332963+00:00,2025-11-01T20:01:55+00:00,305
1c7cba8467b2bd061cea281318b881e59b9c83b9c2b6975f048f0f1d1df048f6,2025-11-01T20:01:48.494457+00:00,2025-11-01T20:01:55+00:00,305
20f7cb27d43785261851b6775ea5eb0c583a7cc8d6d1cc6e5ed28705c5ab75ca,2025-11-01T20:01:48.662767+00:00,2025-11-01T20:01:55+00:00,305
a2187813c26627a4fe76f06a4d92a4dd637945f1f51b6ec656d334a1046d6938,2025-11-01T20:01:48.804551+00:00,2025-11-01T20:01:55+00:00,305
42c00cf1cd3619f848f0d2f7e6054384200b53a36d44d9865cfb028315e5a173,2025-11-01T20:01:48.954805+00:00,2025-11-01T20:01:55+00:00,305
99e7b8451cb6db5536ecd688a69e32140604ea1b5d4bedbed4fef9b4edaa4654,2025-11-01T20:01:49.107943+00:00,2025-11-01T20:01:55+00:00,305
d993d12d1765a07fc6c712956cd4de3db206ab900277954be3b5dd3b926b0355,2025-11-01T20:01:49.269315+00:00,2025-11-01T20:01:55+00:00,305
f685e1d4038b3c38a03681c012087bff9f722944352669bdf5f910556af479a2,2025-11-01T20:01:49.418069+00:00,2025-11-01T20:01:55+00:00,305
b3a414662080e9082ae09e541a1f42bc9d0636cdfc90b9a802a06f280e8b97fb,2025-11-01T20:01:49.566281+00:00,2025-11-01T20:01:55+00:00,305
055ac10b7ba262e6a3fd50d5ad8b037397b9c981b63c5a2fc397939a92a2e1fe,2025-11-01T20:01:49.719238+00:00,2025-11-01T20:01:55+00:00,305
8058ee958588dd4fda6ba2d3c8e8e9d98e83fcb18424b87e0cf725dff18a8bd5,2025-11-01T20:01:49.886011+00:00,2025-11-01T20:01:55+00:00,305
5dd9f6eb1bfe45551bb73c18a4c59295e81525bdf2d1b860b58b65385d6da8d4,2025-11-01T20:01:50.096322+00:00,2025-11-01T20:01:55+00:00,305
01f4b6ad317976050afdba0854567b5055db19126af96619f538ec45057bfd92,2025-11-01T20:01:50.253986+00:00,2025-11-01T20:01:55+00:00,305
9a4a1f6f5c3052f54b5903adaa1667181c53da69334b2248022dee442b2a5e18,2025-11-01T20:01:50.436829+00:00,2025-11-01T20:01:55+00:00,305
85726ad10e55dd6f734b3be8ed7ed01c1325206d0fbafae402d7315ab3e3dbb5,2025-11-01T20:01:50.689166+00:00,2025-11-01T20:01:55+00:00,305
2df38febd70d8983521eab4d0b50333fb705b32c0a4b765c134551f361edf0c8,2025-11-01T20:01:50.839669+00:00,2025-11-01T20:01:55+00:00,305
699024ed5e6c8bc601c3377e0825045fca89798bb24ba25f1d9cf455e62ad78b,2025-11-01T20:01:50.979667+00:00,2025-11-01T20:01:55+00:00,305
c25b6cbc75056b1ce21b82313f350dabcdde647140c3cfe63b19d4b60bb21d76,2025-11-01T20:01:51.124669+00:00,2025-11-01T20:01:55+00:00,305
10de068cb4836268bd496a6445efb23a50e69a467285ad1070ea672223950db9,2025-11-01T20:01:51.267466+00:00,2025-11-01T20:01:55+00:00,305
0932d5c315032d68e600e3c117502ce4607636943e4e1c11840450feafe0f03b,2025-11-01T20:01:51.413060+00:00,2025-11-01T20:01:55+00:00,305
66b17d3f379d4b9cb174ac294b49a1a59ec22073334ed0d907d9f16209ceee43,2025-11-01T20:01:51.571095+00:00,2025-11-01T20:01:55+00:00,305
d8325416dc68ee5e90cd9b653e7e2f4fb073142c324bb063b9d6da19657efe14,2025-11-01T20:01:51.715917+00:00,2025-11-01T20:01:55+00:00,305
ef7e0bbc8ae62230a8b3cf9188564356ffe9190dc35486dbc5f0a2f406ae2f23,2025-11-01T20:01:51.878292+00:00,2025-11-01T20:01:55+00:00,305
53446a77f50781891b859adc0c7d61a432b2615bfc94e87aa34c5ce6192ee13a,2025-11-01T20:01:52.022585+00:00,2025-11-01T20:01:55+00:00,305
b2fac5eb56001bdb987fc0309b03e24af63d397f985ad677d7f0837288913d09,2025-11-01T20:01:52.165917+00:00,2025-11-01T20:01:55+00:00,305
15ba715ac684331c1b515d669ffd46bbd0ede3b081e576fd45ce8ab5a40c1955,2025-11-01T20:01:52.315641+00:00,2025-11-01T20:01:55+00:00,305
2c7e7523bf0dcc76cee6a82dd51ca68ce9943d4258863c1e4e2f94c51f109416,2025-11-01T20:01:52.460998+00:00,2025-11-01T20:01:55+00:00,305
6a544f0e3253062bd89d75a375cef2642e61e5bfae5c2b4e5359b81bb82749e1,2025-11-01T20:01:52.620715+00:00,2025-11-01T20:01:55+00:00,305
750acdd71d76f8c1bad23ad86404b07dd07cfae1b9dbe574c58431c378ef8587,2025-11-01T20:01:52.772562+00:00,2025-11-01T20:02:00+00:00,306
d2059f036f3613328db184ecca61dde3d0859522c58a05d1b492f8233015df27,2025-11-01T20:01:52.923600+00:00,2025-11-01T20:02:00+00:00,306
65b5e92a53d834ac10b630294e7ee761174e2ddf5718e73ef88a0786ff1a8272,2025-11-01T20:01:53.063252+00:00,2025-11-01T20:02:00+00:00,306
5aabae5a7dfb6b8384978c634a7745163adbe145af86bbb38d56353d9c5bee23,2025-11-01T20:01:53.214384+00:00,2025-11-01T20:02:00+00:00,306
c44470a878709c9e50310287a9ff1b1496e825c63faeef13715caa53d234aa71,2025-11-01T20:01:53.369548+00:00,2025-11-01T20:02:00+00:00,306
5bf19fe7de14a8ad29049c25187c9e266009b95a336252a264c29b9b12445b10,2025-11-01T20:01:53.512453+00:00,2025-11-01T20:02:00+00:00,306
0e1cbffe3120cddd4d58801f9b3f3baca0fc9857b7c739784433f0fb0afd8ecb,2025-11-01T20:01:53.654320+00:00,2025-11-01T20:02:00+00:00,306
dc51ae0f3ec1ed431cae48177802b05869ea9dab79db174b4d77f31601352681,2025-11-01T20:01:53.802440+00:00,2025-11-01T20:02:00+00:00,306
f08b64d74f1ba4dff9ec159eaca4edf1096f0f69518647d54db2cc55b86285f9,2025-11-01T20:01:53.946630+00:00,2025-11-01T20:02:00+00:00,306
c01898a78dcef26d516bfcfc9c9c8d88e6e957af5e0bf52c39e871cef05242f4,2025-11-01T20:01:54.095666+00:00,2025-11-01T20:02:00+00:00,306
3ae204f4a5fcce70ba7204ab3db3ee08141aa1084590617170909c750f73de1e,2025-11-01T20:01:54.242803+00:00,2025-11-01T20:02:00+00:00,306
bdbc18f321e37b9758cd0530b6ca3cb1aed3175fedac0dd82f0d4355d4d55320,2025-11-01T20:01:54.382243+00:00,2025-11-01T20:02:00+00:00,306
02788e84d5244add2e9aee92a843a32e8d380b773168027d51e2cc7d11c86ed2,2025-11-01T20:01:54.528894+00:00,2025-11-01T20:02:00+00:00,306
5e8109fd2e469d4249fe810c04311cee7160e178fdeeda9476f9c251aa96f855,2025-11-01T20:01:54.680800+00:00,2025-11-01T20:02:00+00:00,306
fac2d9a27a484a56eb657440d1258a5a0a018078343aae1e42a118e2a78cfbe0,2025-11-01T20:01:54.828987+00:00,2025-11-01T20:02:00+00:00,306
beaf7230c2ccce6a7bf829fb9b31a58f5eac1876b858b7995beec7534a7e124e,2025-11-01T20:01:54.971308+00:00,2025-11-01T20:02:00+00:00,306
7e7442aa8703af96920828bc11d735ef7e259f20f8f76f2b42f7d342c9bb0fdc,2025-11-01T20:01:55.132721+00:00,2025-11-01T20:02:00+00:00,306
9df83d5e4673e9e64629f6cc000c80ec3aade3829b6b88f54b4e10ce73101d2d,2025-11-01T20:01:55.275674+00:00,2025-11-01T20:02:00+00:00,306
5c1a5ab68479dbfdb5914da28468c75b2988a91a86ebdb230aafb7976b9345ec,2025-11-01T20:01:55.437343+00:00,2025-11-01T20:02:00+00:00,306
315dfb7a3b4c5179141ebb27427981ed1a42c4631ba2bf6d446014a7ac8be464,2025-11-01T20:01:55.602047+00:00,2025-11-01T20:02:00+00:00,306
2150397db4fdf0d9b0178945bba611554afa717729d917f205c842276acab249,2025-11-01T20:01:55.798406+00:00,2025-11-01T20:02:00+00:00,306
0973bf6b737589250dd57abe43c984cbb30fd910f7283b19041d5a8ef640f991,2025-11-01T20:01:55.952188+00:00,2025-11-01T20:02:00+00:00,306
1bbef9ed1a864c16e97ac9a818a1ccba3bbbd07f2086cc6fece28b7ce91997e3,2025-11-01T20:01:56.105868+00:00,2025-11-01T20:02:00+00:00,306
490776cb9efe899fab17966dad263238fcd342d8a2ba2ea2b4a268b6554ccada,2025-11-01T20:01:56.253587+00:00,2025-11-01T20:02:00+00:00,306
0da8d896d7038b1bf5c15835dd2c28a434bfde1e4f8d2b14eaa37b9bc3a217f3,2025-11-01T20:01:56.405791+00:00,2025-11-01T20:02:00+00:00,306
1d8efc6999a5914d83424bb183bcb097e7d51568d1c8042508687bbfc958d2f7,2025-11-01T20:01:56.553360+00:00,2025-11-01T20:02:00+00:00,306
7dba0c142a4c98576cc396275a47607944472d81eea8eae552c17d87353be568,2025-11-01T20:01:56.701020+00:00,2025-11-01T20:02:00+00:00,306
e13e5f45240cc336259a55bcdbd98ae9fe80fb3157ac1351a26e6c54d561f482,2025-11-01T20:01:56.855941+00:00,2025-11-01T20:02:00+00:00,306
8b3783291e1188b94333ec0f35d35827e15b3fcb137bdf261de2cc1237b5ade5,2025-11-01T20:01:57.001030+00:00,2025-11-01T20:02:05+00:00,307
a49cf486b7ee092f2e3fbc33bfed91ce51d34f18ea7cacda69f24472a732492c,2025-11-01T20:01:57.144354+00:00,2025-11-01T20:02:05+00:00,307
b83244a39c920c36e4bf5a7b946e8d524c679c4af52ee942db44d4534059053c,2025-11-01T20:01:57.286808+00:00,2025-11-01T20:02:05+00:00,307
223f770d62ba4ddc9fe0ca38b819378f4162eafabc9529e79285e5cca0e7be02,2025-11-01T20:01:57.433909+00:00,2025-11-01T20:02:05+00:00,307
f893dfe6edc935865ff4dd64847e75f3488e39c7ab41476c87472702645fad56,2025-11-01T20:01:57.572814+00:00,2025-11-01T20:02:05+00:00,307
137723ce2e36bcac4f77cdd0409e7927536e06a7497789ae8f0ee431c2a5a08e,2025-11-01T20:01:57.715220+00:00,2025-11-01T20:02:05+00:00,307
78548806a68475aafcd29ba10b96c4f6ee5c1a0d39312c2648742662d52663c6,2025-11-01T20:01:57.862053+00:00,2025-11-01T20:02:05+00:00,307
e9e7e3e674f6308c291cd5e570a5fe096f42f968880a95b1ccb6385cc994c77e,2025-11-01T20:01:58.003592+00:00,2025-11-01T20:02:05+00:00,307
32ffc7cea5498f55f0fe8789f7c87ef014b3ed9208b745aa27c16a0c162915e6,2025-11-01T20:01:58.179287+00:00,2025-11-01T20:02:05+00:00,307
9694a83f50399aee9ecdbdb5faba63c73be55d231d12e96e1820bff5bc0f89dc,2025-11-01T20:01:58.338367+00:00,2025-11-01T20:02:05+00:00,307
03c2f3059035cac49b0e5d7a0a7cb57c09ecadb4807f811310e8203fa2221aed,2025-11-01T20:01:58.489924+00:00,2025-11-01T20:02:05+00:00,307
8755760fc41a28e1a349a3ae820deada77241df429318ac6a8127aa5e137f67e,2025-11-01T20:01:58.638768+00:00,2025-11-01T20:02:05+00:00,307
d6caca7dbded67a6198c4644b5e0ff19a258f303366e5b204700416099ea3ada,2025-11-01T20:01:58.801317+00:00,2025-11-01T20:02:05+00:00,307
cd036427f45dc374b82880ce533e1d340652d7755c44380d6c85020525ebc36f,2025-11-01T20:01:58.949143+00:00,2025-11-01T20:02:05+00:00,307
69ce377117c38d80591340371e259a7dabf804940c703552bbe3b8a54807eb6d,2025-11-01T20:01:59.093841+00:00,2025-11-01T20:02:05+00:00,307
9d98036be3c87f6905c684311ed960f799fa2c3914ad1dcc1b3d4f7be0ef2a98,2025-11-01T20:01:59.242530+00:00,2025-11-01T20:02:05+00:00,307
c3824c1c423ea5e00b97cb0c70939aa6e247bbe01cd030da92a2e7021eb02629,2025-11-01T20:01:59.389671+00:00,2025-11-01T20:02:05+00:00,307
20f08796de1ef3766b7430cfdca58f1a77e08b9f2159257bfd79c3343949bfcc,2025-11-01T20:01:59.552831+00:00,2025-11-01T20:02:05+00:00,307
2946122ce18f4c857f27b5cdce4c1f0ace19b7a9068f6b2a7023492cbe8f6bfe,2025-11-01T20:01:59.700885+00:00,2025-11-01T20:02:05+00:00,307
261294577329c2b3de9fa4f4b4ebabc34ef33ac5277d7ec66b9eb7df05cf5ecd,2025-11-01T20:01:59.845305+00:00,2025-11-01T20:02:05+00:00,307
386e7bb793467416dad71a48de6bdd80f2c947774b4e07f61ae0f3e5ae11b77c,2025-11-01T20:01:59.984853+00:00,2025-11-01T20:02:05+00:00,307
e18a8b61a24cbd7b606f1d8b3d0e5aaf48d71cd194e4333f91fd3cabafdaae74,2025-11-01T20:02:00.172146+00:00,2025-11-01T20:02:05+00:00,307
d50167df3294742e9ef20238c477e00b35c69e8c05cfe25dbe21ebf5fbf8bfe1,2025-11-01T20:02:00.325981+00:00,2025-11-01T20:02:05+00:00,307
2b2d83678e5e10433c516613f411fc744e9c7441e167a9d9ad532dfbc96375cc,2025-11-01T20:02:00.469597+00:00,2025-11-01T20:02:05+00:00,307
84027c993298fba87fbae24d3226a11aee9d9a870018e2c270d509a071788aeb,2025-11-01T20:02:00.622190+00:00,2025-11-01T20:02:05+00:00,307
a0e484f467680952ed3189f1c1abdb5d6232308ec6f503b875ab9b911b994aae,2025-11-01T20:02:00.838053+00:00,2025-11-01T20:02:05+00:00,307
1a07277ce9783e4dff3a40642d2dd297449781766e74f151ab3a654a4af17b15,2025-11-01T20:02:00.983262+00:00,2025-11-01T20:02:05+00:00,307
02bd01ca7d5f0cad0a99d0d02f2a09764c91cb2c3ee15fd017f5cb0146d27745,2025-11-01T20:02:01.159674+00:00,2025-11-01T20:02:05+00:00,307
c07ec0c6216456a46b50dac60a23251b36d96f21064fc6a6ceef45fff2932721,2025-11-01T20:02:01.312431+00:00,2025-11-01T20:02:05+00:00,307
425986e5a0d7d82f8b8b001d07f502c700bc153b6b4b618b3269203fd97661af,2025-11-01T20:02:01.455522+00:00,2025-11-01T20:02:05+00:00,307
36d3c5873a901f0dcefa284cddf4c38bb14e2c011ca83cb718c133303f0284ff,2025-11-01T20:02:01.594950+00:00,2025-11-01T20:02:05+00:00,307
a3130bb2eff180f2eb54cdc65416e59b79a0f3b30a49f7843a7a595a04159b49,2025-11-01T20:02:01.747666+00:00,2025-11-01T20:02:05+00:00,307
b163b3fc12baf5c52471282c743c8ea31686b5afc0ba009f1f659f5781a09c20,2025-11-01T20:02:01.924898+00:00,2025-11-01T20:02:05+00:00,307
a159fdeb0313196db3c56a269b356f49a6bbafa2a85e24e5c84eb36cbd1b3531,2025-11-01T20:02:02.069286+00:00,2025-11-01T20:02:05+00:00,307
ea27587c425078f77b860f8874d739b26052e891224d6b5820aa689f810ff9b6,2025-11-01T20:02:02.212162+00:00,2025-11-01T20:02:10+00:00,308
7b05b9dd229aa9cbd2adb03a1dbd14a36e688db0b2b5e7f17a654157aac9d3e6,2025-11-01T20:02:02.356060+00:00,2025-11-01T20:02:10+00:00,308
2f9499d6e21ae3eb2f380e36dc883607f1b7d05488d9ea71d5dc5658b9513e60,2025-11-01T20:02:02.519666+00:00,2025-11-01T20:02:10+00:00,308
556deffe006565e39f3fc9068181a0c0fa3a00d913e3a3d5da7ad3ab9b19b1c1,2025-11-01T20:02:02.677749+00:00,2025-11-01T20:02:10+00:00,308
a14eb411a474b05873567e41a489d58e8daa8f105d23dc3b1568d0816e1cc34a,2025-11-01T20:02:02.831292+00:00,2025-11-01T20:02:10+00:00,308
4cd97a563b9819f9c8f704b8d3c615eb89155df966fe118e4efede24c33ded7f,2025-11-01T20:02:02.988791+00:00,2025-11-01T20:02:10+00:00,308
037c3bf923a9a585d8f96d2e96cbeee9a31093fc717932bd0cd366bc9baebd09,2025-11-01T20:02:03.134785+00:00,2025-11-01T20:02:10+00:00,308
a8dc858df0ae27947e45cc56d8a29f9e9c460f05b7f702e013c9f318d6e27c65,2025-11-01T20:02:03.278819+00:00,2025-11-01T20:02:10+00:00,308
1eca01a5bc9399af6647c62bd293a213cd59bd7f6c5d6e2aa05add0eae78c81a,2025-11-01T20:02:03.425622+00:00,2025-11-01T20:02:10+00:00,308
c2211cf26b7837ea90485825dfaf49e36fa1b0a43b52776c4b36f5aa12b7afb8,2025-11-01T20:02:03.578923+00:00,2025-11-01T20:02:10+00:00,308
b71162c54fe89dc121b45563b1b8f34f7b214ea3aab83e194594d3489ab5547a,2025-11-01T20:02:03.730463+00:00,2025-11-01T20:02:10+00:00,308
27a0e298eb934630ad0720f141db309b207987df462565f71f641e6034b74b69,2025-11-01T20:02:03.892418+00:00,2025-11-01T20:02:10+00:00,308
808de75841bbc9df33995b2aa6c9d15ade61cd7c92595fd7a53b7220d2e36c9a,2025-11-01T20:02:04.052984+00:00,2025-11-01T20:02:15+00:00,309
f45d9ad6563131c5f3a14be55cef76bb2d5cbd50e0179990de80f4af5fda8b80,2025-11-01T20:02:04.199905+00:00,2025-11-01T20:02:15+00:00,309
236391052c46ac0b1417d51038b7d4e20d37059de3fb98e9c0f951495f1e8a09,2025-11-01T20:02:04.391649+00:00,2025-11-01T20:02:15+00:00,309
b130fa17b75c5a39dee71310cebedcabe073ddd9141d91a753b3c54ce93e4c70,2025-11-01T20:02:04.543098+00:00,2025-11-01T20:02:15+00:00,309
990b2a2c644f7fd6ce7c0e3cbf49c13844e333cdaceadc27b58c197ea965ebba,2025-11-01T20:02:04.689321+00:00,2025-11-01T20:02:15+00:00,309
4c81b3fb7f2998ccd27dd6f5a9877007e93399eda6c4cdea6db0ed1e1652c097,2025-11-01T20:02:04.840180+00:00,2025-11-01T20:02:15+00:00,309
20c2a8d22f965c42ab1b025d2b7a8ba892276509b6cf923d49c4078c898cf36e,2025-11-01T20:02:04.988897+00:00,2025-11-01T20:02:15+00:00,309
65e66d0813818201a87fdc26bcfba7d9720fa8a7c7a30db5d1458f0c6c58f9a0,2025-11-01T20:02:05.135200+00:00,2025-11-01T20:02:15+00:00,309
cc5bc81411a9d3e9885380ea01398326fb346105d82ff183e292defcdfec11cb,2025-11-01T20:02:05.287441+00:00,2025-11-01T20:02:15+00:00,309
04b67e2d787951b06a6f1238d8350e815753f4f618a24dda23aa5f8e4230617b,2025-11-01T20:02:05.435303+00:00,2025-11-01T20:02:15+00:00,309
c9e403eb40cd246de152a0844232471add59e64354a7d3e2064407397e7c59bc,2025-11-01T20:02:05.580232+00:00,2025-11-01T20:02:15+00:00,309
340a5743b7eeef2d40b891b645fb050994e7bb204c04ed9354e4d4cb60a414bf,2025-11-01T20:02:05.727117+00:00,2025-11-01T20:02:15+00:00,309
8957017b54c6785f2dc4c652058f70bd6756ccc3fee7516a59d54a525c81e747,2025-11-01T20:02:06.035035+00:00,2025-11-01T20:02:15+00:00,309
4a3cd943bfea1b439bc4c437fb9abb61158ba651dda59308d23e403a1d0f6440,2025-11-01T20:02:06.177793+00:00,2025-11-01T20:02:15+00:00,309
ed2cb0165b4d7d95b3eb82165f036b21dbf178f37ad3ba4b8d145a513a881983,2025-11-01T20:02:06.339482+00:00,2025-11-01T20:02:15+00:00,309
92b59ae6777ff8560b73586dafb8d2011956a73a0d9675ca17b56e90385a8d17,2025-11-01T20:02:06.491053+00:00,2025-11-01T20:02:15+00:00,309
c4066ccecca5ebff2fe5dc9a6b3a53183c06966fbcd5d90af2a357481337f06b,2025-11-01T20:02:06.637458+00:00,2025-11-01T20:02:15+00:00,309
7ea03b164518cee281e8935a2e22723733fbc95d658da7a9dfd467465c53ddc1,2025-11-01T20:02:06.782605+00:00,2025-11-01T20:02:15+00:00,309
a4e7adc194bc5d258bd9cb5732526209dce9c0557fd11f029628fcac8ca728b1,2025-11-01T20:02:06.932604+00:00,2025-11-01T20:02:15+00:00,309
a38c5c56335afea070fd1c39dbfc5d4fe6a1ca29de1c76e6b97eb6640a36b967,2025-11-01T20:02:07.112577+00:00,2025-11-01T20:02:15+00:00,309
4dac5e6fe4f29bc9ccdc4a8be40396f4dd5e087f5702863b85f93faa978e531d,2025-11-01T20:02:07.295855+00:00,2025-11-01T20:02:15+00:00,309
e4fee14986eb296da4bec646eaba71dc96e4dfdbb09ed777be5671724eaaa94b,2025-11-01T20:02:07.443126+00:00,2025-11-01T20:02:15+00:00,309
f3e8320beb1ad33d03ded4aa66378ac4c77daee38bb05e6ce33ca5f6cbea1bbf,2025-11-01T20:02:07.587252+00:00,2025-11-01T20:02:15+00:00,309
05bd21408093f8d9b5304916db5e263e3ea6f5ea953524469fe821ed27a1a989,2025-11-01T20:02:07.732576+00:00,2025-11-01T20:02:15+00:00,309
3aa42495d5a624c9c6b1119e6bff375190b494ed38d956ada7cb72dc773664c4,2025-11-01T20:02:07.925108+00:00,2025-11-01T20:02:15+00:00,309
f0a71cb007ec689637db031cd1dea821355ec85d27aaa09bfcfae4503ac8b57f,2025-11-01T20:02:08.076676+00:00,2025-11-01T20:02:15+00:00,309
4a4f6a26f1a1f13812a6c94453e5671b0312cd539c0bf305b8bfdd5d3e7ccf16,2025-11-01T20:02:08.224876+00:00,2025-11-01T20:02:15+00:00,309
d540d082b88a68c26eabf22819379872a41cf4ddac7f0addded70a564ca04bc3,2025-11-01T20:02:08.424164+00:00,2025-11-01T20:02:15+00:00,309
65e7b943f1248501fa98a5a060c4da89100b3200eb28d7132c59b4f2daae70cf,2025-11-01T20:02:08.594125+00:00,2025-11-01T20:02:15+00:00,309
fa1cd70f4c757a2c51996cb5b01371974807619656246798a09b251ce011c09d,2025-11-01T20:02:08.754052+00:00,2025-11-01T20:02:15+00:00,309
0e7661ce984dfe52450a62d9974abfba2be5799d4000883c0438e88df7e4151b,2025-11-01T20:02:08.916413+00:00,2025-11-01T20:02:15+00:00,309
d7314d06f13ee8f68d1b0bd05234f8e3f9e2e7d45eb50cac32ae22cfdda3d2c8,2025-11-01T20:02:09.067262+00:00,2025-11-01T20:02:15+00:00,309
934f25b15dec983b848b4d70aa1ed9314f74679de469b63829524bd2474d621f,2025-11-01T20:02:09.214827+00:00,2025-11-01T20:02:15+00:00,309
22abd111f546357d5334596b66ebe96c16f0e6186092f2d50119607f9415c0df,2025-11-01T20:02:09.398784+00:00,2025-11-01T20:02:15+00:00,309
58527e50f28c40b0e3df0960d93814a675f33984f03f5ab829301b18e90e6da5,2025-11-01T20:02:09.625667+00:00,2025-11-01T20:02:20+00:00,310
27b9de2e0d4d313bffbce59e5314b8a4e48ec4d35358858a1642448c3e8f169f,2025-11-01T20:02:09.818693+00:00,2025-11-01T20:02:20+00:00,310
888383ca1f045b125eef2b7029e680514ed6be3dfa988aca686d1a55ea05f425,2025-11-01T20:02:09.970752+00:00,2025-11-01T20:02:20+00:00,310
fa4660d441adc97f1f000aa461634f8d0d4e438e324a42e13d3d55b7c85e3a57,2025-11-01T20:02:10.127978+00:00,2025-11-01T20:02:20+00:00,310
1b295feb33f1e04136d9e5a519dc0e4bdaa1a67c5328f4cdc1591cd75b02fefc,2025-11-01T20:02:10.271948+00:00,2025-11-01T20:02:20+00:00,310
6d6d0455435fdff1836e498b69c05dec1304ca50b4ecd29a067a1a3cc1945456,2025-11-01T20:02:10.435067+00:00,2025-11-01T20:02:20+00:00,310
651b8fe992e0940e9a05b9c40b738900b3bb9d184fa43d8e4541f78f55b287b9,2025-11-01T20:02:10.623257+00:00,2025-11-01T20:02:20+00:00,310
532a8ec232e71049b59654a2dfd4834de678f63998c90ee72f4d5586de5416c5,2025-11-01T20:02:10.771210+00:00,2025-11-01T20:02:20+00:00,310
fa0aa4af60481b289bd0ad4a1646f557b8731fea0e18bb56683d1b6db735c622,2025-11-01T20:02:11.055852+00:00,2025-11-01T20:02:20+00:00,310
3dcba476ecca9330e894a747f14705e09e6694e1654bdf790484a3722090881e,2025-11-01T20:02:11.206102+00:00,2025-11-01T20:02:20+00:00,310
ff85f05e31d4052642b4768bf2cdcc1730bc4081367cb688a7b4b35479e45bad,2025-11-01T20:02:11.351774+00:00,2025-11-01T20:02:20+00:00,310
abfae4dd796e9caff7c1dde6c75721c2eb5637ad1ac9aa50b7aa05c2db724925,2025-11-01T20:02:11.503013+00:00,2025-11-01T20:02:20+00:00,310
d4f92dc99de7c2786157c7f7331d8729f8e763cfa45d461f1fda21ce2e353203,2025-11-01T20:02:11.656858+00:00,2025-11-01T20:02:20+00:00,310
ecd9de6d263b0d70c356079da45a9eab483f8d2ec9570a658951d0822a6979c1,2025-11-01T20:02:11.807816+00:00,2025-11-01T20:02:20+00:00,310
5dde1a2eb3c6bc43d784631d62097fd5bf8a486baf6a7670d8496c3638aa2d21,2025-11-01T20:02:11.961851+00:00,2025-11-01T20:02:20+00:00,310
4e5a9e0321b3da8f573e1eedf576cf7583f99166070658cafaea44688140a65e,2025-11-01T20:02:12.154003+00:00,2025-11-01T20:02:20+00:00,310
c96e7b56334d195ff2e42eb9bb8a8e755a19e5e199763ea56763d3d92c6dcb95,2025-11-01T20:02:12.299910+00:00,2025-11-01T20:02:20+00:00,310
d62f74505a4f594e5b9efd6915bedbb7e433d9358e87616f7e849f5b637a2270,2025-11-01T20:02:12.444659+00:00,2025-11-01T20:02:20+00:00,310
53e78a850ca65bc28cc96049ed37d20eea4dd689750f817bd72a56ce400de137,2025-11-01T20:02:12.589632+00:00,2025-11-01T20:02:20+00:00,310
524ac350047dec8c55831cb7672e7bad795980dc3b5df38c7ff3152c0d509bc4,2025-11-01T20:02:12.735068+00:00,2025-11-01T20:02:20+00:00,310
8e302400b9d25f9a391d2de8812e02a0679f0772d02e022470f35157fb69d578,2025-11-01T20:02:12.887505+00:00,2025-11-01T20:02:20+00:00,310
5bdae8fbe4f18429a728eb0f228e992e62488c200334bf03376378762b6100f1,2025-11-01T20:02:13.038311+00:00,2025-11-01T20:02:20+00:00,310
ca70c7f0fa7dd6f3177bdd53c679189f56453d7ee40f9ddd9380dca2abf27900,2025-11-01T20:02:13.178932+00:00,2025-11-01T20:02:20+00:00,310
6370b627b519e8a006a048c314f83ea7c7b548642b6648796563620c09d8b458,2025-11-01T20:02:13.375522+00:00,2025-11-01T20:02:20+00:00,310
1742fedc68b135b422bc6a64524e01daad5d377bff65723831d045c5c08ad1b9,2025-11-01T20:02:13.527915+00:00,2025-11-01T20:02:20+00:00,310
436633f512a0e197f6196368dc0df37ff16ecd6cad972c9902c073aadef663c4,2025-11-01T20:02:13.674984+00:00,2025-11-01T20:02:20+00:00,310
3ffefb83845f53f578d8c45f5c359157230b9685d7c40465f3db02809a184d89,2025-11-01T20:02:13.817873+00:00,2025-11-01T20:02:20+00:00,310
995ff984edb9fe7dc6614aac441fceb3974c5c0058303dd22b7c7941c7fc3bfd,2025-11-01T20:02:13.967767+00:00,2025-11-01T20:02:20+00:00,310
a16c68ade10f014e64effaa68d80cb5c252dce15bd7384b86b483a3df93e505e,2025-11-01T20:02:14.110745+00:00,2025-11-01T20:02:20+00:00,310
381f26c06f380d19d6aef6d205bfb2a4775407cdc10675044dd05de6fcf4d460,2025-11-01T20:02:14.257464+00:00,2025-11-01T20:02:20+00:00,310
a1925d156f2786f69cc207ebc69aa86bec3badcb0c8a46d06ed5bee7510dd900,2025-11-01T20:02:14.399972+00:00,2025-11-01T20:02:20+00:00,310
2aa8608b81d13e5dae7b59e5792a8e111a0c5be1ca87a8aab6278b6f18085917,2025-11-01T20:02:14.587762+00:00,2025-11-01T20:02:20+00:00,310
93ec010b187260b48639b6d96186a763c7916e03176f345cb54ac04da5659a62,2025-11-01T20:02:14.735056+00:00,2025-11-01T20:02:20+00:00,310
d9a05afa204464d142e5ece462b3302f2d37a29b20e4b612581f39843a036177,2025-11-01T20:02:14.882740+00:00,2025-11-01T20:02:20+00:00,310
f6aac838719369e42bc68b7e31feb8fdac940dc72152193889b0b827678b441f,2025-11-01T20:02:15.027119+00:00,2025-11-01T20:02:20+00:00,310
73b713dac7284177667540921c0ba90d5b95c35ff2d9b21a190370b48dee95dd,2025-11-01T20:02:15.180960+00:00,2025-11-01T20:02:20+00:00,310
80470323ec097dd61e392d32678e5e0c3957576be23550395f8cc8af6ca48cfe,2025-11-01T20:02:15.322490+00:00,2025-11-01T20:02:20+00:00,310
4320ebb139d89da7301b1b959d6acd349c4c620c0b7a2f93acb8e8cdb987c0a0,2025-11-01T20:02:15.465927+00:00,2025-11-01T20:02:20+00:00,310
54e055eb31f5ae72da680ac7d11e879f274f29e109132a3b5dd9396ee38b4cfa,2025-11-01T20:02:15.633075+00:00,2025-11-01T20:02:20+00:00,310
0ee88fc0909015686a3c2b792a0dbf2ed4cd695c76f916d7f0d75196145867a4,2025-11-01T20:02:15.837672+00:00,2025-11-01T20:02:20+00:00,310
128724c26be64388933aa1bd68bddf515982a93438dc33385458b88f79712881,2025-11-01T20:02:16.137459+00:00,2025-11-01T20:02:20+00:00,310
dd32784f6a04de79ddf82091bd044b73da0ea0af71e3a391704854d025dff4ed,2025-11-01T20:02:16.289280+00:00,2025-11-01T20:02:20+00:00,310
30523db2eefeba4ade0f85ab973314c5cae56a77f8b171f275d2bfac161301ea,2025-11-01T20:02:16.437738+00:00,2025-11-01T20:02:20+00:00,310
a9d9f41a64d68026707784185e5b37868bed6cba3c8becdca204e4e57b2016a4,2025-11-01T20:02:16.582660+00:00,2025-11-01T20:02:20+00:00,310
704e48cf56aebfd7d775d8888c0bec55c1998d1fc72299bb0a3f4f483c6c8b0f,2025-11-01T20:02:16.728201+00:00,2025-11-01T20:02:20+00:00,310
aed1e25aa02bb8921650b496f9a5ae33413032821f9df58cfc497ce3dcbb5db2,2025-11-01T20:02:16.877545+00:00,2025-11-01T20:02:20+00:00,310
cbb888a7938eace0cddba6b666240d21fc27b9d9bdd005c013c89d1faaac448b,2025-11-01T20:02:17.027889+00:00,2025-11-01T20:02:20+00:00,310
55538653b39224906bc597a29b248c669899dfae4348fcefdfe308712668c36e,2025-11-01T20:02:17.180779+00:00,2025-11-01T20:02:20+00:00,310
32e72bee7df0d2a31c6be42a28bf9fadc2c7df5bcab7aaeb02042968e0921019,2025-11-01T20:02:17.416291+00:00,2025-11-01T20:02:20+00:00,310
440b2413e3f4de6fcf7a98973714618cdad70c5f8748e11a9a042335f428d57c,2025-11-01T20:02:17.568673+00:00,2025-11-01T20:02:20+00:00,310
9f2a99029f89019fbec6c603804c0075279942f2d23d9728096c340ba2b2eace,2025-11-01T20:02:17.732748+00:00,2025-11-01T20:02:26+00:00,311
b800ded256691b3d319c0660f96966cb1533b5ab429219855fae77804bb6f769,2025-11-01T20:02:17.889751+00:00,2025-11-01T20:02:26+00:00,311
c75062a9c1da83e766643fd66435fe4253fc5579b0cc4c404730c520ad0d398b,2025-11-01T20:02:18.044908+00:00,2025-11-01T20:02:26+00:00,311
78c9bf40a66b2fc7e9641ab72c0c86994a2b275f981aba3a1715332be9093147,2025-11-01T20:02:18.231739+00:00,2025-11-01T20:02:26+00:00,311
9dcbe3d8b87dab9fc8310a801ff2da70bcb662f989e70ffbdec204a36c03791d,2025-11-01T20:02:18.399501+00:00,2025-11-01T20:02:26+00:00,311
5045ab23183e605484e3bf806a13995e73e8f2704b27d1e68c4cdc1594d0b751,2025-11-01T20:02:18.566300+00:00,2025-11-01T20:02:26+00:00,311
837b4f30a186e29daa50423b44dbd436146614dc9ceda800360c3c8a4606d237,2025-11-01T20:02:18.714590+00:00,2025-11-01T20:02:26+00:00,311
edd0529f275b7348e56f62250fce516855d92a11894252fa10e4722704cbfdb2,2025-11-01T20:02:18.854507+00:00,2025-11-01T20:02:26+00:00,311
7961e6423e74816e33bf83a81c57686cb2366a1c0b3d1b3c8d79b63113eeedc0,2025-11-01T20:02:18.995148+00:00,2025-11-01T20:02:26+00:00,311
b0298eeae8f2d143ed2917d8a57123f436a08e4141936379d0cc2771175fb22b,2025-11-01T20:02:19.596445+00:00,2025-11-01T20:02:26+00:00,311
253c3a0baf1a61d366bdbba85dd3149df03a9c50e0da0b120409fa32bf4a9ee8,2025-11-01T20:02:19.736537+00:00,2025-11-01T20:02:26+00:00,311
1d49c678039dec52f96b388da45fcaab6f1ed090258ed3e63f32c322fd415434,2025-11-01T20:02:19.888672+00:00,2025-11-01T20:02:26+00:00,311
f503c37a65b008466b551819ea18548e3ca19cfea18faba460435fce72c00941,2025-11-01T20:02:20.041223+00:00,2025-11-01T20:02:26+00:00,311
dfa34b42841b0c455d0f3030d9d1fafb350bd15531c93d4b1f5c2920abed7414,2025-11-01T20:02:20.472914+00:00,2025-11-01T20:02:26+00:00,311
ee0d789c65b03d22c37b125ccdae812fa6bb3a53f54e97c016774feb297281f7,2025-11-01T20:02:20.619620+00:00,2025-11-01T20:02:26+00:00,311
edf690873c281d06316787348aeaac466be5264447594456e4ffd225a153149a,2025-11-01T20:02:20.777676+00:00,2025-11-01T20:02:26+00:00,311
f72d5839bbf5ab15962456257d6087122cb5eba79bbba8a57debee204b45c846,2025-11-01T20:02:20.923384+00:00,2025-11-01T20:02:26+00:00,311
500ff3e6d4011d2a1a7e1629d6b0ac2a8b36212726bca7a122070d74aa3b4238,2025-11-01T20:02:21.342667+00:00,2025-11-01T20:02:26+00:00,311
8fcb78e914afba5f717a58ebac608853ad6b350fab157733efde756bf26b6bd2,2025-11-01T20:02:21.504504+00:00,2025-11-01T20:02:26+00:00,311
cbef7aec159b516e281367d2f06ec142d009466e721a3a8897354222b2bea09b,2025-11-01T20:02:21.647244+00:00,2025-11-01T20:02:26+00:00,311
96e5f2aeba78423b7309e5ca3014cdf4c84f47aa79dba5920a0f499bafe3c37e,2025-11-01T20:02:21.785124+00:00,2025-11-01T20:02:31+00:00,312
cd39eaa4e7decc79e08fb950dc4ff8ddbceb00885ad36f8bea3dd749922be7e3,2025-11-01T20:02:21.923646+00:00,2025-11-01T20:02:31+00:00,312
b87194cff87707a5c37354349b697dde477d9f809cf597b0dd1726843328d4b0,2025-11-01T20:02:22.068867+00:00,2025-11-01T20:02:31+00:00,312
c40777a403b2058d4be80e2ad792b89c65ab73d8b1631e779ed02c04487113bc,2025-11-01T20:02:22.209329+00:00,2025-11-01T20:02:31+00:00,312
33573f377e21a9ed8e78aa3c6938da5a772413514a749251d56742e1d5558ba3,2025-11-01T20:02:22.364497+00:00,2025-11-01T20:02:31+00:00,312
d97292b4b8943fe422e873c0cfac7eecc1e45196f0dc670d49b105960a1e77ed,2025-11-01T20:02:22.592422+00:00,2025-11-01T20:02:31+00:00,312
2fbbf0f144759b10d26833c6ad637cdc0373f2463fcd85d02079d46e3932c173,2025-11-01T20:02:22.733402+00:00,2025-11-01T20:02:31+00:00,312
378efbc6f0313653f4d087bb37657765221369d7e2233db44a76cc4ac590ef54,2025-11-01T20:02:22.906345+00:00,2025-11-01T20:02:31+00:00,312
4dc903cbf8b5e55a03fb8b072f9c39e148ece15a163cb890a66c84b01c6fe89d,2025-11-01T20:02:23.050159+00:00,2025-11-01T20:02:31+00:00,312
e6dec5922c445fd42e25d6c8b5bcb7d2835452d478f8209a6e3b49350dcf8eaf,2025-11-01T20:02:23.190818+00:00,2025-11-01T20:02:31+00:00,312
9df1eaf0b9e7591f6f3aa8259bdf004b7afd65c32b87e1a7a3d7ed94f20afb1a,2025-11-01T20:02:23.331584+00:00,2025-11-01T20:02:31+00:00,312
53d51fa3cee5976351b40b389144459dcd3a4c0d3615666606f6b24009b38485,2025-11-01T20:02:23.476269+00:00,2025-11-01T20:02:31+00:00,312
1a3a23fa7e7a10c679be62b0cfd9df929e69897738145b0b77baa4364baadb32,2025-11-01T20:02:23.617752+00:00,2025-11-01T20:02:31+00:00,312
e442b42f6819e94f75b0e3666969b0a6d4b5170f092e9c44662c6a248c825e00,2025-11-01T20:02:23.754669+00:00,2025-11-01T20:02:31+00:00,312
11f9836405a0117a56f2a19cfbc32a090fb85a9cea71aa92f034e0caa8828835,2025-11-01T20:02:23.892118+00:00,2025-11-01T20:02:31+00:00,312
9aad5dec84084d0af9e10e615215a6f47f967e3f6716f505d86e2acf955e708e,2025-11-01T20:02:24.028963+00:00,2025-11-01T20:02:31+00:00,312
00a1543dae12eadf1107b49a8aac6e1adae82b8c27a901667873fc082048acb0,2025-11-01T20:02:24.175065+00:00,2025-11-01T20:02:31+00:00,312
4cb4f68b7c4f3ce20ef70fd004815ce4b02f5e095f089e1d9d3aa64c76c609b8,2025-11-01T20:02:24.314374+00:00,2025-11-01T20:02:31+00:00,312
401962b72c7e4b4a3c08a1256d56e823bb73b37f78849e790c1a552846646c38,2025-11-01T20:02:24.451576+00:00,2025-11-01T20:02:31+00:00,312
410b61b6ae0e5699fb1cced2b8312cab3c605991cbc25d91f04ce45ef1695bc0,2025-11-01T20:02:24.593420+00:00,2025-11-01T20:02:31+00:00,312
b90e2c0140e7dbd0593c394946ae74f585e7cf617b4b4f6876be3f301318b084,2025-11-01T20:02:24.758824+00:00,2025-11-01T20:02:31+00:00,312
e14846f0f54aa18f56d4f31b301f259c954b1e6a7ad5ff04570ed8ae9d143b36,2025-11-01T20:02:24.897568+00:00,2025-11-01T20:02:31+00:00,312
ac73610d235e3cf3b47679c81b0b24b5da352ed25ad551cff79d2afb6f85e37d,2025-11-01T20:02:25.033432+00:00,2025-11-01T20:02:31+00:00,312
365dd2416959b32743f8a51bc6e8097f105debeac24e57d4fae52c8d77f1bac3,2025-11-01T20:02:25.170332+00:00,2025-11-01T20:02:31+00:00,312
61284dfbdddcf80633aed9c37684b8d8c9e68b75f1dc6e5678ce742026b56be1,2025-11-01T20:02:25.306366+00:00,2025-11-01T20:02:31+00:00,312
e8597cf38afbc2df26f6de2b0b08b952c3e717da39e44d78ead1e72d72f93dc1,2025-11-01T20:02:25.447270+00:00,2025-11-01T20:02:31+00:00,312
e72a9a7a3cb953cd0c96939aa55cebae6a7d168ff28c41a91fd00654e9fbc5f5,2025-11-01T20:02:25.584965+00:00,2025-11-01T20:02:31+00:00,312
aba82babb46e9d11b46712ff19dba66d9f888de74ad9f6d22f19fa29e98b89b0,2025-11-01T20:02:25.724564+00:00,2025-11-01T20:02:31+00:00,312
1155e3416d2a9b1249cd6514335b59df22480d2d71396f6b675ce9bf0e122b31,2025-11-01T20:02:25.863223+00:00,2025-11-01T20:02:31+00:00,312
3db4d56de54b7aaa9d36bcc26c2e7ab93902ef80e6fee2642baf6812d3974faa,2025-11-01T20:02:26.003715+00:00,2025-11-01T20:02:31+00:00,312
79cf6e075ffbbe5ef49cbe3690308ad280646d9db3750ec3b480e1aeb1070b77,2025-11-01T20:02:26.174635+00:00,2025-11-01T20:02:31+00:00,312
d5ccff9365bd6855a66653169acfad108c3f55930f5b5777f078c6b27633d957,2025-11-01T20:02:26.316196+00:00,2025-11-01T20:02:31+00:00,312
eda93d67199c2a84ab9789a26096883a66d2739ca06d469a3191fb5d314bf0c7,2025-11-01T20:02:26.475503+00:00,2025-11-01T20:02:31+00:00,312
c7a26a7a079933515c7f776a5148479e5d14d3282ca0619149a797c0ce3cad01,2025-11-01T20:02:26.615611+00:00,2025-11-01T20:02:31+00:00,312
3c20a0a04451d1727007381092081ecda0f164dee361adb59cfb304015f36ba1,2025-11-01T20:02:26.754553+00:00,2025-11-01T20:02:31+00:00,312
c5070c6143503f6326fc9c7f474dba9c3133533d4b459a54f967141ec8367a67,2025-11-01T20:02:26.897702+00:00,2025-11-01T20:02:31+00:00,312
22f6788025a96dc2d60f8434fd6251443563c179bbfddde2e127e26553017922,2025-11-01T20:02:27.057183+00:00,2025-11-01T20:02:31+00:00,312
73122593ff84dae4533c719c93fea1e735a7b5c404c0af534a4ba571f40d7345,2025-11-01T20:02:27.196702+00:00,2025-11-01T20:02:31+00:00,312
3851c820d142e7306b6edf276e3e5c20cc47eb629f830ea21713276b6395d69d,2025-11-01T20:02:27.341269+00:00,2025-11-01T20:02:31+00:00,312
94ec8dc45fc23bc053003ce1fcc2485adcdc0534fa40c2d2a097b6c667829884,2025-11-01T20:02:27.481610+00:00,2025-11-01T20:02:31+00:00,312
61197b052f5c82efbde3896d460b960174cf2a10aed66dd4b1f0623db012aa5e,2025-11-01T20:02:27.624895+00:00,2025-11-01T20:02:31+00:00,312
99f97b7658f24f2b05e6908e5f45fbdd1c71704b2e69cf627ecb200b407ee8dd,2025-11-01T20:02:27.759491+00:00,2025-11-01T20:02:31+00:00,312
bbd21162b562f81a93480c7b808dda4edf286e94781d28aa3caa5d912b5a8a18,2025-11-01T20:02:27.902549+00:00,2025-11-01T20:02:31+00:00,312
0f5fe67c4ba431b9acf7044150093f79e4e90a16d9bbc377a2ffc77d94651bbe,2025-11-01T20:02:28.047193+00:00,2025-11-01T20:02:31+00:00,312
d2fab1fddbcb4590299f45d307345040c545d171f817fa5f9dd9da2c60fcff4d,2025-11-01T20:02:28.189758+00:00,2025-11-01T20:02:31+00:00,312
42cd41d4c233f2ac970b221df2d46777511b3cc60a34c1a5a452e9937ee112f5,2025-11-01T20:02:28.330138+00:00,2025-11-01T20:02:31+00:00,312
7d581159e88e66baf009f3237efa5506a9a8834885024a23bdce9cbae915d250,2025-11-01T20:02:28.475078+00:00,2025-11-01T20:02:31+00:00,312
1a407b5cef4da40a803f12ef592bc783fb7f09d046ca0596ff76071c0cf618ea,2025-11-01T20:02:28.616276+00:00,2025-11-01T20:02:31+00:00,312
60dc85024e21882d7ff971b0f1c01e74ce3f25d507006951dc79514945b93cad,2025-11-01T20:02:28.756434+00:00,2025-11-01T20:02:36+00:00,313
6b82170b67d3915d1d43cb18fe464c765d432ed045f902d69fbc09e44e74f2e2,2025-11-01T20:02:28.901870+00:00,2025-11-01T20:02:36+00:00,313
6b58d71b6b95217679fffcc2e8496cb0a2a76105a8fa4c1316d8d0b13c42c4cf,2025-11-01T20:02:29.039390+00:00,2025-11-01T20:02:36+00:00,313
dc613cc8ffb8960a42803e78d1591d03133d73c77ac2537282d91ddbf3a55828,2025-11-01T20:02:29.184524+00:00,2025-11-01T20:02:36+00:00,313
5a1bce161a7f4f5f69583a87fae0f9aaaf792311738125b5b692fc4d5c0b2d15,2025-11-01T20:02:29.319052+00:00,2025-11-01T20:02:36+00:00,313
c6a63cea9977e585fdc64957934c3d7ed55e85f6933970183a21e65a36fbace9,2025-11-01T20:02:29.459554+00:00,2025-11-01T20:02:36+00:00,313
da8f9b59355f082298c58ffb555938a42ebdcf127cd0819c935b204e075f6ec3,2025-11-01T20:02:29.601492+00:00,2025-11-01T20:02:36+00:00,313
f20dc208bf85dad7e2e748462b5df53e76e6bdc7643ea788adca0b2a5dfe9256,2025-11-01T20:02:29.739879+00:00,2025-11-01T20:02:36+00:00,313
a12c020ed41fd910662d4cc8b5925a4638f972c5fa15a6255f16d988487d2fbf,2025-11-01T20:02:29.888393+00:00,2025-11-01T20:02:36+00:00,313
45b6eb0be60821f73ec4c226867cb700070db5733559453e88d0e3c1c427fe27,2025-11-01T20:02:30.075921+00:00,2025-11-01T20:02:36+00:00,313
506155f46e509b8e913854affd8edd15578c9df8a64159338c468ab53c8511b4,2025-11-01T20:02:30.216733+00:00,2025-11-01T20:02:36+00:00,313
314c16447737226d3a1affdbe65dea746a95dccf0b17061871f77cf0b908392b,2025-11-01T20:02:30.371442+00:00,2025-11-01T20:02:36+00:00,313
b79501fb7dbc2fc49a2c32b56f6bbcab4bb2caf734bd234fcb82b5e7166dfe94,2025-11-01T20:02:30.513752+00:00,2025-11-01T20:02:36+00:00,313
85b1cdf4b2194f6b33f1ee0c073abfd55428420792d943b0a38ed3f0d8ad8ff6,2025-11-01T20:02:30.649700+00:00,2025-11-01T20:02:36+00:00,313
11a48d1d57e5b9b3b2a8d76064f94f9ca6270a3e26cf4e8dd2d3ad95a4680fee,2025-11-01T20:02:30.788383+00:00,2025-11-01T20:02:36+00:00,313
e6d674fc8df630db048aa708475c1c4072c8316c39d5fc523d295454b1668f1d,2025-11-01T20:02:30.930144+00:00,2025-11-01T20:02:36+00:00,313
0b3d70288bedfa24d87c7f3eca18967fec14fe1dcf31652187300c80dcdfcee5,2025-11-01T20:02:31.074277+00:00,2025-11-01T20:02:41+00:00,314
99844f48b1ac3562ad2363a2357d2ba4142e25c3069f9b2bd89415ae73abc2aa,2025-11-01T20:02:31.492626+00:00,2025-11-01T20:02:41+00:00,314
9a18f3b6d314ac09cc2b12168822eb6398ad4cd6331e8ace078d3053acb06fb6,2025-11-01T20:02:31.647189+00:00,2025-11-01T20:02:41+00:00,314
813670d07e77ab37780706361188059c0dfa49d3c0796f1d8de813bb7c1e7089,2025-11-01T20:02:31.788651+00:00,2025-11-01T20:02:41+00:00,314
f2267f4732fb8bb913bb26e5e4cdfdff9489c5ef8ba6959ef116467572404b64,2025-11-01T20:02:31.927264+00:00,2025-11-01T20:02:41+00:00,314
011f39de15a3b9c9ebdaaf1b7638329c5340b746fc77247615a4fdb00b45f7cf,2025-11-01T20:02:32.065380+00:00,2025-11-01T20:02:41+00:00,314
a2c7246217a76cb64c0cdf663f3b49b873e4b3febe2c64d065cd24709a736f4d,2025-11-01T20:02:32.211449+00:00,2025-11-01T20:02:41+00:00,314
7aca12e01f9ca4f40cc0a56e47e82320c59278aff76619ea6c29fbe759fc0085,2025-11-01T20:02:32.351608+00:00,2025-11-01T20:02:41+00:00,314
f1e642907479e1e2793725077b75624a54f2db8c5256137e8ddfc2b3085bddf3,2025-11-01T20:02:32.490734+00:00,2025-11-01T20:02:41+00:00,314
f5b09d74748c1cf993c20ada2162f39fdb882f0947cf5856595e691462877958,2025-11-01T20:02:32.629306+00:00,2025-11-01T20:02:41+00:00,314
e2a862b6b89ae0617399fdb034cd2080bde77f9e152a78c89e0cef1b183fd67a,2025-11-01T20:02:32.772342+00:00,2025-11-01T20:02:41+00:00,314
b486a83046763e60c9546e999dfd732080ca1600896a3362996019f11faec1e9,2025-11-01T20:02:32.911519+00:00,2025-11-01T20:02:41+00:00,314
9ccad7768c072001e80277a12bdbfb6fff9ba87b7d170cf58ebb09735fd3a5a9,2025-11-01T20:02:33.054573+00:00,2025-11-01T20:02:41+00:00,314
cd39bbae4ba189341e5285fc8fdc71a816f2344e41b8b6136a408874ecff3774,2025-11-01T20:02:33.199322+00:00,2025-11-01T20:02:41+00:00,314
80d0e3be3b82ebde32707782853d60ef1fc97e90170b349a11b61d520bdf8565,2025-11-01T20:02:33.350570+00:00,2025-11-01T20:02:41+00:00,314
a8475ff3d6e870a47b1926a167e6ac8e8bcc4f5defe60819e721deb7e9b21ca5,2025-11-01T20:02:33.498655+00:00,2025-11-01T20:02:41+00:00,314
d46c9a016b1aeb0f45325c14d6cf5b744d4e94f54f58e0e87d0a3a1d1de0778a,2025-11-01T20:02:33.640533+00:00,2025-11-01T20:02:41+00:00,314
5137bf3ea9b64caaecf484007277c48460f572a97de6bcd0545246377940d52c,2025-11-01T20:02:33.789223+00:00,2025-11-01T20:02:41+00:00,314
629a3949d3ddc5faf1af1644907bcb79f9ded5db3b79f37b54d341daebe398be,2025-11-01T20:02:33.987827+00:00,2025-11-01T20:02:41+00:00,314
4261227c50151aa5b8f04cc5fc96c957c66d7b1de19e7c36c7cd27ee2a65832e,2025-11-01T20:02:34.132829+00:00,2025-11-01T20:02:41+00:00,314
ce01ce9a720c680b88072d5f1a07fcefaa5ac8769066b5b703d34230669b10e3,2025-11-01T20:02:34.271425+00:00,2025-11-01T20:02:41+00:00,314
9aca838fcdbc950eebc37059045d149ca51cf04aef4fb0bcaebc47bbc441ede6,2025-11-01T20:02:34.412057+00:00,2025-11-01T20:02:41+00:00,314
0a0a1482cf55278413ceba4c12e751a4b4847d4a97cc841787c8eca5b69dc100,2025-11-01T20:02:34.547739+00:00,2025-11-01T20:02:41+00:00,314
ecbd673cf8cc81c9dd0aba1af281f333a2d7cb5d04bf38b7c609651bf01e03bf,2025-11-01T20:02:34.686500+00:00,2025-11-01T20:02:41+00:00,314
4383d7ba86a50e37abc3aa3d1ec15ca09fe63a4a4a9ce40673f5df43c144f189,2025-11-01T20:02:34.825241+00:00,2025-11-01T20:02:41+00:00,314
d6ffb17e541acac6112f659c7a1afa74a1fe3a8a8216f2bb0a85440dc1aaca5d,2025-11-01T20:02:34.960673+00:00,2025-11-01T20:02:41+00:00,314
af221344d84fe4608ddbf2b5ca348675443469f0641987041df5f0868c31f850,2025-11-01T20:02:35.097876+00:00,2025-11-01T20:02:41+00:00,314
a35da23fb5701880afbc40da1660b043a96a43706e99ebbd28354bd39d31af57,2025-11-01T20:02:35.236971+00:00,2025-11-01T20:02:41+00:00,314
ed89b22e856aa9ac42f21cf99b67ed13e54cfc3cf62f2192a9eb349e5e19d9cc,2025-11-01T20:02:35.378400+00:00,2025-11-01T20:02:41+00:00,314
29653cb421f31d05ada40503b098fa12e7e8334b89e8c9d1d1b63167ba7fa7b2,2025-11-01T20:02:35.515944+00:00,2025-11-01T20:02:41+00:00,314
c55c6658b350826669db98b18e7c8eab0a5f20197892a41d4cdfff36bfb2f893,2025-11-01T20:02:35.655588+00:00,2025-11-01T20:02:41+00:00,314
5ebc060f4fe250ce26d5a9dccbb3160a29b6d6a4e50e7aa8375fe324882427be,2025-11-01T20:02:35.789897+00:00,2025-11-01T20:02:41+00:00,314
0627d3a6e6539488c98764964ea4a0cd46144d7073eaa84eae441da8957df1f7,2025-11-01T20:02:35.934089+00:00,2025-11-01T20:02:41+00:00,314
73f438bf395ea78c77522235085ab98a433e90e46c96d62d6ad7ddd6e81148fd,2025-11-01T20:02:36.077024+00:00,2025-11-01T20:02:41+00:00,314
000492b9c8c6926623d393b5bd438b063a176d675ba881e74ee0f572bc6935ce,2025-11-01T20:02:36.219444+00:00,2025-11-01T20:02:41+00:00,314
0aa08a8d422aa2ad586ebdf099e4cec8605f57b0780e2b0d43291647bea9d522,2025-11-01T20:02:36.375647+00:00,2025-11-01T20:02:41+00:00,314
198ec742e419d91d856950b376249b266ab5f3734581aaeecc68e094aaa250e4,2025-11-01T20:02:36.521590+00:00,2025-11-01T20:02:41+00:00,314
e68b42ef93d887aea7a8d4fab2fee524e9db7312161bde22f62cf9e92719fe32,2025-11-01T20:02:36.662259+00:00,2025-11-01T20:02:41+00:00,314
3fbfe4d6edf0e8eec62f2c265af3773a8981c53fb2c6061b9ba9531451096bc8,2025-11-01T20:02:36.804358+00:00,2025-11-01T20:02:51+00:00,316
106ac6420d6fae7ad0ece8ebe4dd03dc5480c23bec120a5a3f47746f6c898bfa,2025-11-01T20:02:36.946434+00:00,2025-11-01T20:02:46+00:00,315
089f989edd88a8045066625a0354db98ce70138a23519e488df6a8ac40c9d409,2025-11-01T20:02:37.080135+00:00,2025-11-01T20:02:46+00:00,315
a76a05d5249a9e9e18ca7398477e428bccb73cec257b17830fb1c5ea7b964994,2025-11-01T20:02:37.223266+00:00,2025-11-01T20:02:46+00:00,315
eaccbfbff4c37a7382f89976c33072c50234006570a1eec1ae03d993b9c0a91a,2025-11-01T20:02:37.360156+00:00,2025-11-01T20:02:46+00:00,315
e71afa68b8798cd938936ecbc8383699d687a3da4c0745f4f55cb560ce4b4804,2025-11-01T20:02:37.500318+00:00,2025-11-01T20:02:46+00:00,315
776de1651243e6e00c2325ff0caeda3f5ee16dcbdf9f87030e8e61dc06a0e009,2025-11-01T20:02:37.648085+00:00,2025-11-01T20:02:46+00:00,315
a9c7be329657771488c9d848f374037f66f07d96abd5deed239324eef29378ca,2025-11-01T20:02:37.791798+00:00,2025-11-01T20:02:46+00:00,315
8a0f0cd2115edb6d131ccd327a0eeeca134730c0ceec3f9eb4452e7ec1b71724,2025-11-01T20:02:37.934185+00:00,2025-11-01T20:02:46+00:00,315
c0802a63d7735473f054f3000cd64cdb3e2733e06f1acb2993072860075ec07d,2025-11-01T20:02:38.085536+00:00,2025-11-01T20:02:51+00:00,316
ca8710c09300996cf15bdc1023f2f4c66583d5e4d0f82d29546d50c6ed5bc784,2025-11-01T20:02:38.226751+00:00,2025-11-01T20:02:46+00:00,315
4c141f84aa4cee6bd74cc38c7fa690d9261fc71e89b580ee2f5905354e54fdc7,2025-11-01T20:02:38.385336+00:00,2025-11-01T20:02:46+00:00,315
4ed628a4f1a15e60aed156aaca08e8ac80087feb5f9cd831921fcc192eaea221,2025-11-01T20:02:38.527417+00:00,2025-11-01T20:02:46+00:00,315
09321ec4d0df7fae3f96abdaf9316c92ca629a37d29e823045a90a07446bedd0,2025-11-01T20:02:38.668042+00:00,2025-11-01T20:02:46+00:00,315
478846f472b9dd0ea5eb0a11e31099c6ad6c7809c0cfa3d7126adec320485685,2025-11-01T20:02:38.813846+00:00,2025-11-01T20:02:51+00:00,316
9b0cc1d5302c31157e22a6a73cffb37272d90d112802f4d5c13d14f0f80bab84,2025-11-01T20:02:38.950437+00:00,2025-11-01T20:02:46+00:00,315
cb86bed1f175f8b28730a1e7745623f3f169eb69597fd04fd021dea46e62b31a,2025-11-01T20:02:39.092026+00:00,2025-11-01T20:02:46+00:00,315
564aa55929d2d57247e11822ed612400f746568a142428dd9e9859b7590853d2,2025-11-01T20:02:39.237709+00:00,2025-11-01T20:02:46+00:00,315
1ca1e063378f2e6697bdf0b4e4f771a1e560d6ccaa15723e5e9ab91d826e0560,2025-11-01T20:02:39.378775+00:00,2025-11-01T20:02:46+00:00,315
c659096ebd75da0162c17e7d8cbe8b9d4ec13ca9cd3b50e74dda0ed9806cf6db,2025-11-01T20:02:39.519784+00:00,2025-11-01T20:02:51+00:00,316
0396fa1cbbf1c7fb582469c8371310e69fa6aae3998459833811a3d3b65aad80,2025-11-01T20:02:39.660056+00:00,2025-11-01T20:02:46+00:00,315
006c503691239af8d4ed21e21a12a5fb3aee5fa3453ac7a93c80f39a335a1bf5,2025-11-01T20:02:39.798596+00:00,2025-11-01T20:02:51+00:00,316
7524717a0a6b45c84fe171c02c9c4c0a8dadea52a6d69a0a3e092a59e6a364f7,2025-11-01T20:02:39.943504+00:00,2025-11-01T20:02:46+00:00,315
5911b6bb7a6784c25b1f31e7a55033bbabc76eb047f907859dde3687f85e9f6c,2025-11-01T20:02:40.090094+00:00,2025-11-01T20:02:46+00:00,315
727285f43ecdb82a69876893d194c35f858189581ad0ddeabb837c7481f07a04,2025-11-01T20:02:40.230920+00:00,2025-11-01T20:02:46+00:00,315
9cf38dfa79db793829a06faf6ecfd6298b05a238f4855663fcd721a7d214b02f,2025-11-01T20:02:40.364843+00:00,2025-11-01T20:02:46+00:00,315
de7a9afc0293a2d9f88f0f2fd1f21439815e6e3b6317ad106b3117e74c97d1f5,2025-11-01T20:02:40.512505+00:00,2025-11-01T20:02:46+00:00,315
dc2d1938145781fbb8c7248007a2ad8242856a39fe5a4cea224d99690f2d685f,2025-11-01T20:02:40.656194+00:00,2025-11-01T20:02:46+00:00,315
028698f5f8eb0d48ef3f0b43306459b7b12b4c38b325dba8c3130dc3a40abc5e,2025-11-01T20:02:40.800183+00:00,2025-11-01T20:02:46+00:00,315
0532f5a9534e9f206dffba753778469e59c440fd1bcce5fc505ec30f6b080bed,2025-11-01T20:02:40.949196+00:00,2025-11-01T20:02:46+00:00,315
4d156f66e948324054285b0f2851d9b6fc459a05fc8d4fd69aba2ee8edfae931,2025-11-01T20:02:41.099938+00:00,2025-11-01T20:02:51+00:00,316
17d87c7182bbc692fef75fe6c85addc3a554b3d4f163c2ec166830d3e89a20b7,2025-11-01T20:02:41.244498+00:00,2025-11-01T20:02:51+00:00,316
406c60b95f032473b11a3e5d55660edac177d05fc685461cbf27ba202cd82081,2025-11-01T20:02:41.554917+00:00,2025-11-01T20:02:46+00:00,315
4c2359d69e44a82e77fd2996ff85885973fc2c6b89bd6def9285307f82e208a2,2025-11-01T20:02:41.691739+00:00,2025-11-01T20:02:46+00:00,315
3362843773d92ff94850ffb256c5a71b51d214cb2178b4272f9e7775a6402207,2025-11-01T20:02:41.830849+00:00,2025-11-01T20:02:51+00:00,316
7199127f77b4785780598c2fe45e420c44623e96b9f0bac2d5e7ba672e700f5a,2025-11-01T20:02:41.971265+00:00,2025-11-01T20:02:51+00:00,316
2db7a435daf7ce6bff805b36cc8428c03cd32313c9f32e1d34a04b3b60fbd209,2025-11-01T20:02:42.114128+00:00,2025-11-01T20:02:51+00:00,316
dc67e05605e223b8ec334754a2796b4654cb1a2adbed94dac6f5d974008cbf9a,2025-11-01T20:02:42.248832+00:00,2025-11-01T20:02:46+00:00,315
38f256f55d98d8c88d7f583401ec0f6f2bc62190526dcbc6ea247eaca2a99815,2025-11-01T20:02:42.387265+00:00,2025-11-01T20:02:46+00:00,315
d8f0e1396646e72f775b3fbe5b383640873d4d13387c105d3d588c9a4c2f6c8d,2025-11-01T20:02:42.528816+00:00,2025-11-01T20:02:46+00:00,315
2fae886ed3f1042be080f4c6d12c16d41f6560fba5b67ccaa73f08c7e9185c76,2025-11-01T20:02:42.668295+00:00,2025-11-01T20:02:51+00:00,316
5d0ca45008e53e3c47998e79d9302e897572626d5bc7fd7c3945f8ea69159cc5,2025-11-01T20:02:42.810166+00:00,2025-11-01T20:02:46+00:00,315
83fa9ab7fa41cf2f28e5ca69c93f664f0081c757df9800d617c3f8b3334eb43e,2025-11-01T20:02:42.952384+00:00,2025-11-01T20:02:46+00:00,315
6d721f7fc9efad95bd687ca842f2adc92f58ed5ec6d324ae401c96f0bfd3c68a,2025-11-01T20:02:43.095113+00:00,2025-11-01T20:02:46+00:00,315
4534def191f05b9352ed16cadc6c5b18c6525bad2c435d941d295bc49ca18246,2025-11-01T20:02:43.240054+00:00,2025-11-01T20:02:46+00:00,315
3bb4f668e584cbe0022f5f8b8c7db5fa6f608d19f672e6ead754a3fa5f546d79,2025-11-01T20:02:43.378750+00:00,2025-11-01T20:02:51+00:00,316
d3c8e269cbb22e861df1b9d1f0204bb24cdcc079a979d42b29abebcfe06d6d32,2025-11-01T20:02:43.520499+00:00,2025-11-01T20:02:51+00:00,316
4f2b6d90192ff3df8b19147935da2cfd731e3ed7cee51055cbee592eaa78e9d8,2025-11-01T20:02:43.661560+00:00,2025-11-01T20:02:46+00:00,315
e6cd7608d9fedbf56cfdb2123d595b92b16dc893a4075edb157c4d55964422ae,2025-11-01T20:02:43.804953+00:00,2025-11-01T20:02:51+00:00,316
6a94d79425f26c41074b39473c58fb74052b93e5eb5d95dbf1f797e7702648b0,2025-11-01T20:02:43.945884+00:00,2025-11-01T20:02:51+00:00,316
c9a7a6c70513db32c37f4cb3b3bdd5516b3bbf0b4967546c638ac78be514fd29,2025-11-01T20:02:44.089250+00:00,2025-11-01T20:02:51+00:00,316
f13a4883c375cc784dc1a2816634bc052bb5779c8dbed0ff273bba21b1f93ec9,2025-11-01T20:02:44.229752+00:00,2025-11-01T20:02:51+00:00,316
70d6bc8771d878cf408968b664c09ff6b5e4b059a22108aa28f44ee281ac2bce,2025-11-01T20:02:44.369096+00:00,2025-11-01T20:02:51+00:00,316
7dcc1cb7a293e12ca2f5c3c09720036c026455c9054f7f2d0172ad5505ad40fd,2025-11-01T20:02:44.513343+00:00,2025-11-01T20:02:51+00:00,316
143e0d77083e4286979efd934cea2eb977e71ea2b6ed671b59cf24f9554df5d2,2025-11-01T20:02:44.659019+00:00,2025-11-01T20:02:51+00:00,316
9a86a68f9de78d71bcee2f5c5c95e9993578ec4feb832a1477767b670d565cb7,2025-11-01T20:02:44.802608+00:00,2025-11-01T20:02:51+00:00,316
aa517bf0414743ea5a56a5de4f03a06991f4a91e3c0b050f6525fef30df4fd9c,2025-11-01T20:02:44.944064+00:00,2025-11-01T20:02:51+00:00,316
0d5cfd0769d1faf656def1afd34fd82ea1403d208580c243cda86678560bda41,2025-11-01T20:02:45.086503+00:00,2025-11-01T20:02:51+00:00,316
9eb093e65a24448d09e6b5d28eb4a912ff9d9a8e1c73034e78425be712fc85fe,2025-11-01T20:02:45.228623+00:00,2025-11-01T20:02:51+00:00,316
4464e6042d3291425ec41d5a71cd6db97c87db1fd6bee391932efdc45eaf4cd7,2025-11-01T20:02:45.375568+00:00,2025-11-01T20:02:51+00:00,316
f277f7f4a17f921798e51c3230043223baf649b427df1e13595d42446dfca61b,2025-11-01T20:02:45.518552+00:00,2025-11-01T20:02:51+00:00,316
37e024d41d2f5eebcc03886d6203b45e66164459e4a65ca782b1930776d7727b,2025-11-01T20:02:45.663627+00:00,2025-11-01T20:02:51+00:00,316
61115242f5e0aefac749d8d1ff798073303bbb022d17e54b50af8bed6753aee2,2025-11-01T20:02:45.809694+00:00,2025-11-01T20:02:51+00:00,316
057033964dd53cb14e4589e371f67f79a6f330bb57c6e13d4fde9893795a168b,2025-11-01T20:02:45.949525+00:00,2025-11-01T20:02:51+00:00,316
20c36a470cf58d69cb2c8b8becc59ce13b3846ffaeb6fc83d4523e8b7ccbf016,2025-11-01T20:02:46.092303+00:00,2025-11-01T20:02:51+00:00,316
796fa19fb6cce201a4cecba0ede1f82a5f56d381f5e38cd16eca77a1235f1d4e,2025-11-01T20:02:46.235556+00:00,2025-11-01T20:02:51+00:00,316
6ff11b75e2bbd930921d044608d2f24895c6b4705214885b1297b88b5b867aad,2025-11-01T20:02:46.383003+00:00,2025-11-01T20:02:51+00:00,316
356d3d4b3e99ea94e6717fb0c4bcb453dfde5d60ca908d057bdf404578feebf7,2025-11-01T20:02:46.570965+00:00,2025-11-01T20:02:51+00:00,316
c5356c29ab644f74c8ada65c901e82052483688622100889e94c4fbf3f15bb0f,2025-11-01T20:02:46.708108+00:00,2025-11-01T20:02:51+00:00,316
f001eece8eb6f11ca84d9aa662f2922394c68afff0623cfcf8b5c029f060273c,2025-11-01T20:02:46.864927+00:00,2025-11-01T20:02:51+00:00,316
33814577b4f874a1b859b2bf21ad46e2c14b48572412a4e7857b4766f8d8a20c,2025-11-01T20:02:47.016856+00:00,2025-11-01T20:02:51+00:00,316
36eb0c853a2966057ef3ab7afcfbd636bc0e87749623985fcc01637cfb298647,2025-11-01T20:02:47.153324+00:00,2025-11-01T20:02:51+00:00,316
b289e66ce47a374a90a17b7bc2989570711822c73acf190dfaf31c70a9cee1aa,2025-11-01T20:02:47.290530+00:00,2025-11-01T20:02:51+00:00,316
97d3d182c3431e71e89ffc3d06ded99d08a621b788095a1a841786daec6cff4e,2025-11-01T20:02:47.434465+00:00,2025-11-01T20:02:51+00:00,316
293e15f272e73afccd96b629ad3421d876c4069b6a183500a3cba5f94906e00e,2025-11-01T20:02:47.571682+00:00,2025-11-01T20:02:51+00:00,316
b6b2fa84b5e9429125de0175f5e18f15064034b442624207c42d0981f34d3d22,2025-11-01T20:02:47.712148+00:00,2025-11-01T20:02:51+00:00,316
839532ef054734fc3327b9954c17dddbf4de419203dd3637f5de992e2835d9e5,2025-11-01T20:02:47.850223+00:00,2025-11-01T20:02:51+00:00,316
00370489b8c736adf277efb4a4f723dcedb436e7d0ce71d97d899233c3a08bcf,2025-11-01T20:02:47.994476+00:00,2025-11-01T20:02:51+00:00,316
a1db5c3358e7573975eba63d60e09b20070147c59d325a550cca614d39948abb,2025-11-01T20:02:48.132584+00:00,2025-11-01T20:02:51+00:00,316
7a3bd468e9a9a7326538c878d62bedc393332656e2bac46ec9f7df3981f405a4,2025-11-01T20:02:48.274693+00:00,2025-11-01T20:02:51+00:00,316
e05bcb47daaa2492ff9f5f4776c6c45334126f77c2c4dbefc9ce2a0f6d188b47,2025-11-01T20:02:48.409208+00:00,2025-11-01T20:02:51+00:00,316
bb75798bcf8ca3f060986618d434c85f4a1d871ef73d3d35a7bc5ba0b45da7ba,2025-11-01T20:02:48.550055+00:00,2025-11-01T20:02:56+00:00,317
9787188a648ed342c339108ad70e965ff1ed9954880b5c7da93a7abf25979d42,2025-11-01T20:02:48.696789+00:00,2025-11-01T20:02:56+00:00,317
46e7a411a9e0afe76670518b733f669d0ddda090061d46e6214406593169b59a,2025-11-01T20:02:48.841993+00:00,2025-11-01T20:02:56+00:00,317
84793d6071dc94c3250223074bfb5fe801ef8e673566f6200bfee0032d8080e6,2025-11-01T20:02:48.985939+00:00,2025-11-01T20:02:56+00:00,317
1d443ae0fdc92d192b492deed4b99f4b7b0048b3e82c2a3bde27796c8a1d1b87,2025-11-01T20:02:49.129402+00:00,2025-11-01T20:02:56+00:00,317
9b52eab9509892132b7dbce0ea6754f1f9a5ed6f29cb83ed5793ea351fd06eb3,2025-11-01T20:02:49.265913+00:00,2025-11-01T20:02:56+00:00,317
327ff912c9abba63e29dea1c87b75c35a365cef611704f3795f7fbcad10966e8,2025-11-01T20:02:49.404345+00:00,2025-11-01T20:02:56+00:00,317
15726ad039705344d9e4cb09a10a3fe34b9fc0479fd938a72c2e7272eebb6129,2025-11-01T20:02:49.547723+00:00,2025-11-01T20:02:56+00:00,317
c6581a41b6e6f947fe38168b73c43e4d61daec9c53841aeba5bf9ed5a7ad8792,2025-11-01T20:02:49.686887+00:00,2025-11-01T20:02:56+00:00,317
3502150f2e58fdf180a798ca2720e970e86f3c40507acb387d54df27bcffd1a1,2025-11-01T20:02:49.828317+00:00,2025-11-01T20:02:56+00:00,317
89d9221c04bd31caf6caae9ece796b944e6ceb4b800b674148261f1e08efd1be,2025-11-01T20:02:49.973880+00:00,2025-11-01T20:02:56+00:00,317
52079e9ffbfa67dd5a0243d036c9dd72b564add952cbfd5711f5ec2915cf8102,2025-11-01T20:02:50.114884+00:00,2025-11-01T20:02:56+00:00,317
82da84eb2a059b613b0225eac5aa032dde41c55616c5cf8e1f9d26187952e170,2025-11-01T20:02:50.265127+00:00,2025-11-01T20:02:56+00:00,317
8a0f8f0607c49427b4296e7229168a533b0dbadd753b800901ddc02e87b71aa8,2025-11-01T20:02:50.403844+00:00,2025-11-01T20:02:56+00:00,317
413ced6edac753b4b4ae95a806b1bf15db05f6f9595054ab5bc4cde6ab0d7550,2025-11-01T20:02:50.543175+00:00,2025-11-01T20:02:56+00:00,317
f99a95f99e41e102a658c7afaf94fe9de11af41460261af4d972b665e2df512b,2025-11-01T20:02:50.683074+00:00,2025-11-01T20:02:56+00:00,317
385894ef5c4e7d92bba19b92d995c947e020198968aef108847d617aa16b56d7,2025-11-01T20:02:50.825968+00:00,2025-11-01T20:02:56+00:00,317
12c89bf829e11ce4eff8e5b752ac4e5cf683729f4cac6eaf71ee45782af581b2,2025-11-01T20:02:50.968717+00:00,2025-11-01T20:02:56+00:00,317
5d122817497f14904ebb1ce667c3a8ec502e467c9c30a761ca1be7e5c3deb68a,2025-11-01T20:02:51.110329+00:00,2025-11-01T20:02:56+00:00,317
9d30dde2f1f2e24a2471ff20e7bd44ebce26bae1a0b2c19f0ea80440c818d504,2025-11-01T20:02:51.248835+00:00,2025-11-01T20:02:56+00:00,317
a537fbf497cda53a7e61af525eaa4128545293f4d835334bbd73deae46b8fd9d,2025-11-01T20:02:51.391891+00:00,2025-11-01T20:02:56+00:00,317
9183944c5839f2d1b248a27e03fe7c18024c3997dcd81d77e941036d989cd240,2025-11-01T20:02:51.622494+00:00,2025-11-01T20:02:56+00:00,317
245c88924dcf942262f48cb52ca811348373f0657213567ce6d92c0779c2f041,2025-11-01T20:02:51.758850+00:00,2025-11-01T20:02:56+00:00,317
33d0d14be29dccf7c068bb0f32bc5523c6569f7feb45bfd1fa7d7b38d68b82b5,2025-11-01T20:02:51.901210+00:00,2025-11-01T20:02:56+00:00,317
652d10b234d5a55f0ef9cf0f31fa11fc91b6015d3a0d20fe04db6db831e0d460,2025-11-01T20:02:52.039871+00:00,2025-11-01T20:02:56+00:00,317
91d0b2047c6463eda54eeb435e3496d1079ff41e3514d0a4b0fc160fc1cb5f28,2025-11-01T20:02:52.182186+00:00,2025-11-01T20:02:56+00:00,317
76573583b9c044302601d42355ee5517c1aba91114963151a30364f467a4d1c0,2025-11-01T20:02:52.323050+00:00,2025-11-01T20:02:56+00:00,317
1c8f0dc071a8c3d5e7d9b0db210b70ee64d7641f7085847673dd6ff0ad74540b,2025-11-01T20:02:52.464492+00:00,2025-11-01T20:02:56+00:00,317
bc0aff3e4af14ecdb9236b0a99428111d97354d1cbf05b075bf294178e422cd2,2025-11-01T20:02:52.604700+00:00,2025-11-01T20:02:56+00:00,317
64e42f3d2dfac258f03e332aa8f8594bf7b5da47e749bcd3f280bcbf71af79db,2025-11-01T20:02:52.745120+00:00,2025-11-01T20:02:56+00:00,317
3ac3d02f86271d0a9423c9ed1cc495951a4f41d28e4f104bd29f529bf6330b0c,2025-11-01T20:02:52.886902+00:00,2025-11-01T20:03:01+00:00,318
752df150da0034d73fd87f2f1d2a46f7b6aa542fa1551a8ebc8268f006f664a7,2025-11-01T20:02:53.022765+00:00,2025-11-01T20:03:01+00:00,318
d3e436bbb378e5d304ff13127ecf2eec62c27608affe871f7ff31d14991284d7,2025-11-01T20:02:53.164073+00:00,2025-11-01T20:03:01+00:00,318
15fc12c2403ab3196c98018bffee41287f41169a82613f79550f2d3ffd34ae28,2025-11-01T20:02:53.306006+00:00,2025-11-01T20:03:01+00:00,318
5bf702fb97362722b869e910462eedfd2a32ff0a4d5e48bbd5490477ee935c61,2025-11-01T20:02:53.448776+00:00,2025-11-01T20:03:01+00:00,318
4a96ed8f76a17ea3a0c8b03c199c027873ac476814a5104ddb75b6bee6ca6304,2025-11-01T20:02:53.592498+00:00,2025-11-01T20:03:01+00:00,318
b7ca4f3d83a5063d9548144b3f2604519abc40a69820280c0ae5ce13887360be,2025-11-01T20:02:53.736747+00:00,2025-11-01T20:03:01+00:00,318
45985d415bd74eecf365f8c0a1237e73d553d167f8c73aa26cf58ff80949c771,2025-11-01T20:02:53.876758+00:00,2025-11-01T20:03:01+00:00,318
94a8a6be11c55aa7fe6b106ff47906567022e5c83ef171c8547cc28ea9038de7,2025-11-01T20:02:54.018885+00:00,2025-11-01T20:03:01+00:00,318
965811138e0bc753cdda89d4fe342722e0d07f11e40f8043c8ff126e0e79ddd6,2025-11-01T20:02:54.159911+00:00,2025-11-01T20:03:01+00:00,318
8170c6586b3ee17696ef25d7b91f9d41d640f4186b7b5fd461428e848b601fe8,2025-11-01T20:02:54.307410+00:00,2025-11-01T20:03:01+00:00,318
3f953d0a4d9b2be38a290f41c3213c25bf7d034421a6662f35694910efa93a51,2025-11-01T20:02:54.451897+00:00,2025-11-01T20:03:01+00:00,318
d5d3529451a0359ecb9e151e31e049e60b5835d5c1b46c127a21ed04e47cdeab,2025-11-01T20:02:54.595381+00:00,2025-11-01T20:03:01+00:00,318
ff7e0bf813be5dd873e5a5b4571bfeb82e4a5b7b5f41bef2c95d283bd5f924d3,2025-11-01T20:02:54.740903+00:00,2025-11-01T20:03:01+00:00,318
0e37085ffa00e9c272265504071626705bd3c0a9f62f59b43455f527a79d8aea,2025-11-01T20:02:54.885732+00:00,2025-11-01T20:03:01+00:00,318
fc15605724f6023a2a2efdafa9920bfbd075f9f2f842da2133f3a4beec11b940,2025-11-01T20:02:55.028863+00:00,2025-11-01T20:03:01+00:00,318
162d0da2318a717aceeb3715c0cbe4d5cb7880b4e868f659cb59ca7c37f67ed4,2025-11-01T20:02:55.176541+00:00,2025-11-01T20:03:01+00:00,318
13fb9908c22d36b0e1c32055e0feb56f0669c969a54ea93ba53645bc0146110f,2025-11-01T20:02:55.324749+00:00,2025-11-01T20:03:01+00:00,318
a5b398cdbd9f33f73461e09dfd0ab27454957c2be90e77655f9ec13ce61fead4,2025-11-01T20:02:55.466646+00:00,2025-11-01T20:03:01+00:00,318
23879680667e704dcf6f671785a4519f98d13e2c348f584a4ba7018b176bb5a9,2025-11-01T20:02:55.610815+00:00,2025-11-01T20:03:01+00:00,318
ef0318c2a6d386d08f8811daddc2f1e97f36452618d08bd47d7797a96221a91a,2025-11-01T20:02:55.757055+00:00,2025-11-01T20:03:01+00:00,318
c7534620f2c33c25e2007ad20c9051051b982867b314c67f27d591f380e3050c,2025-11-01T20:02:55.899714+00:00,2025-11-01T20:03:01+00:00,318
89a03ae4324b187eaf42a3ae2e250d5dc6769183dee889aca03aec764775f026,2025-11-01T20:02:56.043901+00:00,2025-11-01T20:03:01+00:00,318
199581b8f7b8d58c7de02083a066c4cce8fd93a1052dccc243d03c1bc748333a,2025-11-01T20:02:56.184997+00:00,2025-11-01T20:03:01+00:00,318
06fb27bc35b9d345dc234db86398101957c9a76f7850895a9f73fdb4794a6866,2025-11-01T20:02:56.337557+00:00,2025-11-01T20:03:01+00:00,318
fd70cdfdb3eb8633365e3c75313e46c90ade2ffab9f8567106e01651291be4b7,2025-11-01T20:02:56.489907+00:00,2025-11-01T20:03:01+00:00,318
24fcc36fa42d7a371e3750c2a8d0c4bea3b282440978526cdeff81a71889ac67,2025-11-01T20:02:56.633184+00:00,2025-11-01T20:03:01+00:00,318
78615871a31c009ac9993514e28114bf08a9715f074a7ff25581ae719ff5744b,2025-11-01T20:02:56.771788+00:00,2025-11-01T20:03:01+00:00,318
1c76e257c4a55d9eddc9f79ceb01473f88a1c6f7f199b0a04701ea7135174108,2025-11-01T20:02:56.916480+00:00,2025-11-01T20:03:01+00:00,318
5a7b1cf9da56a92fd4c5a1a5b7c16c390d5ae0c5328f134a9c15405908b6fd61,2025-11-01T20:02:57.173528+00:00,2025-11-01T20:03:01+00:00,318
461233c88bf4c44626f5d595d9e101aa88748484d98db1fd87e61da1cae31896,2025-11-01T20:02:57.410365+00:00,2025-11-01T20:03:01+00:00,318
2e21aaae24b8809e8efc6e27049579d163987158a4988e67d6ce0cce34750de3,2025-11-01T20:02:57.552388+00:00,2025-11-01T20:03:01+00:00,318
9a0dafa9615d07bb8dc77c5e1b4ffea217d344e02057efd52571b8e949bb84d2,2025-11-01T20:02:57.693975+00:00,2025-11-01T20:03:01+00:00,318
7504844b351e0adccc24cfaf798beb0544e9c76003b7c14a2c3af97750767396,2025-11-01T20:02:57.838051+00:00,2025-11-01T20:03:01+00:00,318
20a16416ed1ae64ca10bddb2eb31d67a618d133a10d7fa02b7562fc57f75c122,2025-11-01T20:02:57.982002+00:00,2025-11-01T20:03:01+00:00,318
bce52411aededfd05b130ede761dc1b3c51e38ccb681591b7b53674556706512,2025-11-01T20:02:58.119969+00:00,2025-11-01T20:03:01+00:00,318
44a33a760851e0a6d2f479b04f008c262d7817c5d685642b987b281f77a8b91e,2025-11-01T20:02:58.268759+00:00,2025-11-01T20:03:01+00:00,318
87442392e228ffb68bf47a72d5c71e66f96c1c68d5268dc19d62fdc2e1dd78ed,2025-11-01T20:02:58.421895+00:00,2025-11-01T20:03:01+00:00,318
045c9d3204905b669799acd4f4fef58ae18939e38ff433a1c4339dcff38b14f5,2025-11-01T20:02:58.561023+00:00,2025-11-01T20:03:01+00:00,318
f64c3fbbf3441b0e64967924c4ffe04cae3d44ccb812410957f52b2cc2f2c83e,2025-11-01T20:02:58.700961+00:00,2025-11-01T20:03:01+00:00,318
4333e74a1c9f424a264618c9a1da27000bd68c8254a146c9d8b47189fbce0464,2025-11-01T20:02:58.845366+00:00,2025-11-01T20:03:01+00:00,318
be30fb2066066358b91c5f9ec3da9e78833046aa68dbd0d4f9a9ec2287f3a9b3,2025-11-01T20:02:58.990968+00:00,2025-11-01T20:03:01+00:00,318
6882f5bd1a93963896b0c8aa5d8056de9d2697c5a5cacc33df383f1d9b5871b3,2025-11-01T20:02:59.131561+00:00,2025-11-01T20:03:06+00:00,319
95666b43cf7d57115699074706859c1a4ea801a5efd8d1d7c6a8b23ed2b47a10,2025-11-01T20:02:59.276193+00:00,2025-11-01T20:03:06+00:00,319
703aa0ceeb5cf06f7c4711bec67cef9e06e40be8ad1b1fab6e2315f5161490e8,2025-11-01T20:02:59.462967+00:00,2025-11-01T20:03:06+00:00,319
4438d9bda70cdf337ef6c8280c6de5b54df0a2064a2f0975ce759356035326fe,2025-11-01T20:02:59.602792+00:00,2025-11-01T20:03:06+00:00,319
01de6da08198846bd4a5acba2c796eab70819061999856314cf1d3ff6789571d,2025-11-01T20:02:59.743410+00:00,2025-11-01T20:03:06+00:00,319
dd639e0861836f4d0c91e8a5083b08c80ed1d2e42ac4198b8011304b330c72b1,2025-11-01T20:02:59.881956+00:00,2025-11-01T20:03:06+00:00,319
2a9364958c6d742ff6a6a69784ac8c57389143ab54f77e5208094325ef98b7e8,2025-11-01T20:03:00.024537+00:00,2025-11-01T20:03:06+00:00,319
b5690be2734f155045e3bcd4e3e21c86f075f4d2927b4ca84571d260d347ec7b,2025-11-01T20:03:00.171383+00:00,2025-11-01T20:03:06+00:00,319
18ac6f0fae7aa2fee6c19fbe7bf2d8da7a8face2998d720889ed8d5044584c5c,2025-11-01T20:03:00.310023+00:00,2025-11-01T20:03:06+00:00,319
d935782d5b5c7c58f8e1d463d22eaf9220f0b5699e5b0813a7363da7ab24a708,2025-11-01T20:03:00.450467+00:00,2025-11-01T20:03:06+00:00,319
01c97a6927ba1d46ec16976c4f3e940ca14229d2a2b4cfb649b4a9f80d20fb77,2025-11-01T20:03:00.587419+00:00,2025-11-01T20:03:06+00:00,319
1ae84b6a1bf7c1df25dd5866caab51eb17e30cb3aa981aac7151cdddf2f1ba96,2025-11-01T20:03:00.733035+00:00,2025-11-01T20:03:06+00:00,319
2af46fc9a7f523aef1f9d5a30e9754ada17be705884ee0726c4b49699dd9e32a,2025-11-01T20:03:00.884175+00:00,2025-11-01T20:03:06+00:00,319
c66268c70420ba0b5f29a9863ba139b21eca4174af22f0c129662016dcbcf54b,2025-11-01T20:03:01.030223+00:00,2025-11-01T20:03:06+00:00,319
5f6d49418e91fa341b55c4c936085d7e10dfc9603ad5d6d4a2eb74378a9be8e5,2025-11-01T20:03:01.175419+00:00,2025-11-01T20:03:06+00:00,319
f9c396cee216a58dc4e0103f72867c24aa94eea953895fb2563ea0a048d65a09,2025-11-01T20:03:01.318795+00:00,2025-11-01T20:03:06+00:00,319
fb6e3326ff8012dcb164cb204f3e87ac485d526a1d3c2b59a46e21ff2adf43e5,2025-11-01T20:03:01.458896+00:00,2025-11-01T20:03:06+00:00,319
26ed37075b567dbbd549ea053745e818fac08d920a6c9411fef8295a2c4a8bcc,2025-11-01T20:03:01.605650+00:00,2025-11-01T20:03:06+00:00,319
efff3273b5ace9fdeec41dd8aa9a8aec6cb2f3bc9ade24f31cdacec29959eaa3,2025-11-01T20:03:01.846314+00:00,2025-11-01T20:03:06+00:00,319
22968b749a9d450550442f42bcf2393ab825cadd769f1e85137ae19379e714ca,2025-11-01T20:03:01.985167+00:00,2025-11-01T20:03:06+00:00,319
cc5aa75605255f99769c6c2460a426efb24ff351e72e2f1fcab53e69af9334c3,2025-11-01T20:03:02.129302+00:00,2025-11-01T20:03:06+00:00,319
2502abb1129a84c372394be114a19e8d7b192a49637937b5f36921e875d2dd3f,2025-11-01T20:03:02.269013+00:00,2025-11-01T20:03:06+00:00,319
80554c78b0a855c906086e58ff075831d0e4dafdb2610dc417791151d460493f,2025-11-01T20:03:02.413293+00:00,2025-11-01T20:03:06+00:00,319
b38c5705be91d928a63909e22d6e0822e54cc4cd0b2c6b0bdb8e338aa78de363,2025-11-01T20:03:02.560886+00:00,2025-11-01T20:03:06+00:00,319
21f5952132e7af3a83289592238169130eaa1381142da8c99f5ea071632ecc96,2025-11-01T20:03:02.705646+00:00,2025-11-01T20:03:11+00:00,320
99cc634227df0c39293719b03dee2a57efacc00ae0c7cfce6fdea1198cfba03d,2025-11-01T20:03:02.847161+00:00,2025-11-01T20:03:11+00:00,320
41f2eb58d8c26c25d61de8353e647274518a90fe6b3a29c6be93e141729819d7,2025-11-01T20:03:02.987360+00:00,2025-11-01T20:03:11+00:00,320
f995ba7c1d684d8a9974301f6755ac1b4a810852b2e93f6994aa2a62aea08592,2025-11-01T20:03:03.135016+00:00,2025-11-01T20:03:11+00:00,320
abd01eff8de40ca21edc9cc998db351708170703ff36fd8ab222d0d4bf46befd,2025-11-01T20:03:03.278513+00:00,2025-11-01T20:03:11+00:00,320
6592c1db700c258dc6f4db5d967d2c03dd38c38db20f343da23d81968a1152ad,2025-11-01T20:03:03.422480+00:00,2025-11-01T20:03:11+00:00,320
1c2307c6ebd63ace0c0f16841fbdee0d8179fd8df49fe593adb67aff97d440f2,2025-11-01T20:03:03.565366+00:00,2025-11-01T20:03:11+00:00,320
0eef43ef288f07b6795d94f126a81f306fbf9b287965ea414e7d1af0957f99b6,2025-11-01T20:03:03.707259+00:00,2025-11-01T20:03:11+00:00,320
3e92817648e07eae8d2ba64a8c5eab5dbdce4adb7fa510d49a42f22f36c20fc7,2025-11-01T20:03:03.853291+00:00,2025-11-01T20:03:11+00:00,320
ccdb1afb5c3dd99c977c254228b74fb58aa9b5d0887e6c6f37c3aa466db7b9c4,2025-11-01T20:03:04.001687+00:00,2025-11-01T20:03:11+00:00,320
85e3f4a84ac46a617810b847907168a559face37d016d25337e45e9cbecb3acb,2025-11-01T20:03:04.143595+00:00,2025-11-01T20:03:11+00:00,320
e75371e2d54861cb2e672d8168141f05ded9a72cd4c3a36870cd275ab0e6a6a1,2025-11-01T20:03:04.287809+00:00,2025-11-01T20:03:11+00:00,320
b8cc40d21cf0d8d1b25b8a7246e0289e5c213d7a2284b48453d144cbd3731a3d,2025-11-01T20:03:04.428615+00:00,2025-11-01T20:03:11+00:00,320
feeba4fd255002abd0b368574d6d98b2040832a72d1424c3f0b0f3ea4c974e73,2025-11-01T20:03:04.572867+00:00,2025-11-01T20:03:11+00:00,320
4c5229e8c64625abf520e0db91f5bddb750b37d7a7abf5bdaed55992955265e7,2025-11-01T20:03:04.706984+00:00,2025-11-01T20:03:11+00:00,320
a144911254a02030719d0ad9ee8181d11d0f7ef9cfea02d99c3e14b705529630,2025-11-01T20:03:04.850544+00:00,2025-11-01T20:03:11+00:00,320
5b52aaa5e35f46d0b309981b32a7ba99b555c67a59af9630fc94b36c1a9f3716,2025-11-01T20:03:04.986530+00:00,2025-11-01T20:03:11+00:00,320
30329293f3e4108142580c0466f2c44bd5da78a3cce3ea18622d3e9b529e4983,2025-11-01T20:03:05.137960+00:00,2025-11-01T20:03:11+00:00,320
af09f46debe626ae7e8993ff5d60ee0f67f998deb711185f12dd74c7e5437481,2025-11-01T20:03:05.283404+00:00,2025-11-01T20:03:11+00:00,320
903386a1ae0af1cec84e34fa0d6c55ce252bcf9fbad3fd0623fa89010ecb6e92,2025-11-01T20:03:05.431604+00:00,2025-11-01T20:03:11+00:00,320
9f741815dd008d516c0b49e31a67e8ec78d35e3c26347dcd58bb492d2ae2a57b,2025-11-01T20:03:05.573271+00:00,2025-11-01T20:03:11+00:00,320
f598e9c32fb7e54d42dba638096db07e8f8149bc47e3f252ba5bcc9b9debe91b,2025-11-01T20:03:05.717314+00:00,2025-11-01T20:03:11+00:00,320
6c5d8df7722f456b7bfd89d7b252bb2486391f6fdfd779ec8436829f8beb5d66,2025-11-01T20:03:05.860897+00:00,2025-11-01T20:03:11+00:00,320
98e47bbb056cd15a85cccc94936ab88bcddfe0966a98e57a9b11a4e80958f4b5,2025-11-01T20:03:05.999853+00:00,2025-11-01T20:03:11+00:00,320
8159c6008e446da37b3ff0d3d3bccc93905b11198f1e85aa73cf3c118bf021c1,2025-11-01T20:03:06.146122+00:00,2025-11-01T20:03:11+00:00,320
b33dfedb5ff22a7d6779282791e620b1424c9393d0acfb84a2b8643e10a1faa0,2025-11-01T20:03:06.288623+00:00,2025-11-01T20:03:11+00:00,320
4eaf5fb9689d20b5999b46ad9bda0b93369aca9b7e1e2b440f0b6f328fbff193,2025-11-01T20:03:06.432975+00:00,2025-11-01T20:03:11+00:00,320
24151cf34c042d413e1a5b268d93f034c74516b3637b8ecea5915ddb95276629,2025-11-01T20:03:06.581484+00:00,2025-11-01T20:03:11+00:00,320
b3c7b8de6af113223377e58a40df219789fe4fee35e7d5af64ad250d5aae550f,2025-11-01T20:03:06.726708+00:00,2025-11-01T20:03:11+00:00,320
bcaf2a93fd835effd1040b665b5875752b37871c78ac82a5817af1fb207fd4b0,2025-11-01T20:03:06.976697+00:00,2025-11-01T20:03:11+00:00,320
e52ef45404de33de91be59a76aa64e2e5fda338b297bdd002aab0e75671a2f2e,2025-11-01T20:03:07.125451+00:00,2025-11-01T20:03:11+00:00,320
ed0e22b7f2646b2c16b7bb63f317ef09f0f59403ff244ddd98515f792fb17292,2025-11-01T20:03:07.262513+00:00,2025-11-01T20:03:11+00:00,320
92062dd0a74092042ed19c36dac27ec17b3a154b48a6df9cba6e69071904e25d,2025-11-01T20:03:07.397969+00:00,2025-11-01T20:03:11+00:00,320
7014550f78e40cc637c75f67b2ba9ee30b407f4c85b90483b718cfdb9cceac5c,2025-11-01T20:03:07.538989+00:00,2025-11-01T20:03:11+00:00,320
684887a7e218478fe96bbe347996c01b3deaf98d24f992f3cd69adfe01c8f198,2025-11-01T20:03:07.680166+00:00,2025-11-01T20:03:11+00:00,320
11e35a8c536cb0c5f4f2ea0f2cdf0e77ec0907f5a1220650f85c0d65da171e05,2025-11-01T20:03:07.830949+00:00,2025-11-01T20:03:11+00:00,320
78fe3ae8bd070916bcd443a4ab2c2e2ff2534e5f3f803ebea45605094c5350ed,2025-11-01T20:03:07.970793+00:00,2025-11-01T20:03:11+00:00,320
e2288c2d0b0f35d006808ad91d139c658914cd6948060f99f3c7fbf1509b9e72,2025-11-01T20:03:08.114620+00:00,2025-11-01T20:03:11+00:00,320
977585f5d46d8acdaf100a8ce2a2bda81cf224e9c3bfcb275a0ee11045c12a98,2025-11-01T20:03:08.261598+00:00,2025-11-01T20:03:11+00:00,320
09244acd23d2ff29f190bfa5d0b1a839873539941be2d470a977a1e9e67dccf4,2025-11-01T20:03:08.400260+00:00,2025-11-01T20:03:11+00:00,320
5bde8db18906d7ec9e7e382be6b60e05e3591311a7ac43890671049da586c86d,2025-11-01T20:03:08.548330+00:00,2025-11-01T20:03:11+00:00,320
266d720029041608471d839ee6822865dd0b22581b8cd5192ec0d8812a334e0c,2025-11-01T20:03:08.694573+00:00,2025-11-01T20:03:11+00:00,320
e0561fd7d6907cf8d208a238ff06fd54423a79a564018d78df66031cd87a0d16,2025-11-01T20:03:08.833385+00:00,2025-11-01T20:03:11+00:00,320
4d2afb8fee4b9e5fb23442148409938d364542b6f7e0ca8c7e93913e234b837a,2025-11-01T20:03:08.968901+00:00,2025-11-01T20:03:11+00:00,320
f14516776a38a18ece8618fd739fdcd48f52ba0d04f12d92354567fca1cea36d,2025-11-01T20:03:09.109784+00:00,2025-11-01T20:03:17+00:00,321
6c941be30c518bb3b4bce7bcc2f5b433d9160db1a36bbf48d65b570a6de61335,2025-11-01T20:03:09.256220+00:00,2025-11-01T20:03:17+00:00,321
a9a0943a27f2504469d64c54ee046848f3e6d9b4c1b4da13999f7286a7af3735,2025-11-01T20:03:09.397411+00:00,2025-11-01T20:03:17+00:00,321
91e8ab61f80d726fe20a3d213e08acebebbd349f868659ec442464f83cf3de61,2025-11-01T20:03:09.538260+00:00,2025-11-01T20:03:17+00:00,321
a8e0760551ec1dd27f7951fcef3670010d49198d2774f52bb439461130602def,2025-11-01T20:03:09.686729+00:00,2025-11-01T20:03:17+00:00,321
49b6592a82cc0b1bdffe0e61e35955f817146b5fea16e5e94787ae933206a7f9,2025-11-01T20:03:09.828816+00:00,2025-11-01T20:03:17+00:00,321
b900082d71dc7956101d5bb4dc1844a4cc5fdfc2febe621c5f875864658c4daf,2025-11-01T20:03:09.979666+00:00,2025-11-01T20:03:17+00:00,321
4763ebee71fdd048e8036ab447b077e1df903e79d11e1e49351e2f275c1dd62d,2025-11-01T20:03:10.117992+00:00,2025-11-01T20:03:17+00:00,321
a21b27cd2400aea8455014a4ebc6c2d5614ed0f748e9e952e7ca34b25c2329a7,2025-11-01T20:03:10.264663+00:00,2025-11-01T20:03:17+00:00,321
b37bed40358f737446bb63412df2e4e385b9fafe5cbd8b2fd6a528068caa3905,2025-11-01T20:03:10.417573+00:00,2025-11-01T20:03:17+00:00,321
382654fd88b0872e1201ed2c48ac481cce8a85f992077ccebcd02003b5336de4,2025-11-01T20:03:10.564454+00:00,2025-11-01T20:03:17+00:00,321
09c70afd34a08b0a79caefcfa560d10009a2ce663a1bbaed4dd4913ebaa03f31,2025-11-01T20:03:10.712683+00:00,2025-11-01T20:03:17+00:00,321
113bf339b45d1ead389b64d34854d0e79c4c8dc2ddab86b1f7f90498f13fcbb6,2025-11-01T20:03:10.856017+00:00,2025-11-01T20:03:17+00:00,321
b025c2004b34393f3dfb3597af5b5c2c143a24fdf3e42e09f5487c217da88928,2025-11-01T20:03:10.996045+00:00,2025-11-01T20:03:17+00:00,321
6e4f2cd5caae1e42ebe2c3def7f9e2cb7aa01adc7de07134254781268ec038ed,2025-11-01T20:03:11.136550+00:00,2025-11-01T20:03:17+00:00,321
a5cf11c22ca1a700d3bec39f6ea326ccf8197b4f216bd329acfd10c3598ee463,2025-11-01T20:03:11.279423+00:00,2025-11-01T20:03:17+00:00,321
8f635b2f3b13d9735961fced560cad737e6eab5c8e9b317104f0176b9f9c5239,2025-11-01T20:03:11.426911+00:00,2025-11-01T20:03:17+00:00,321
a44616c34a7c09e1f92f8f2edeeb064e25058251109d96d6fc35aa07fe566a05,2025-11-01T20:03:11.585464+00:00,2025-11-01T20:03:17+00:00,321
d90e904fdce2744aedc79783e62067fb93f9f630d182f6b1140fe0139686b9c6,2025-11-01T20:03:11.727958+00:00,2025-11-01T20:03:17+00:00,321
bbbe73e6664a3be67c81d0b9af7290f46f3a2b8ba7e3e8978b2fafea161a1b46,2025-11-01T20:03:11.871867+00:00,2025-11-01T20:03:17+00:00,321
a0daa154a3427d0e80e852604841f8d11cf5ec6f50a78e67fe73b37ef4f9556d,2025-11-01T20:03:12.092399+00:00,2025-11-01T20:03:17+00:00,321
d4bd75483d06019751f4189a4aaadce370bcc664ad44d1d5a24d687af9169598,2025-11-01T20:03:12.232625+00:00,2025-11-01T20:03:17+00:00,321
ebf81abe52c0b2f2a0e1c3f6da295f4d6768e19c8f323f447e5cee90ed64f3fc,2025-11-01T20:03:12.373719+00:00,2025-11-01T20:03:17+00:00,321
9024721b6543d72c8d6a24cca6f8507bb92692e70c4c5320b340138e47be179b,2025-11-01T20:03:12.520542+00:00,2025-11-01T20:03:17+00:00,321
d9e2d5bf240482f8e9da5bc2c1ea886d434a31cf3a0e23f807aa8d8228bcb6bb,2025-11-01T20:03:12.664794+00:00,2025-11-01T20:03:17+00:00,321
a9eae1d441bd5e1e3fe75db14b5c969b49b4abe40c7b9fd0f1691d4e73207b1c,2025-11-01T20:03:12.806689+00:00,2025-11-01T20:03:17+00:00,321
febc66f28544588cff265904ba3d82291b0c6f1b4da72c5f46af4ba141ec7b9e,2025-11-01T20:03:12.955719+00:00,2025-11-01T20:03:17+00:00,321
1c3b2c9c01e7ee850d10019a897ab0dfa5c1b9a03f0dc477383dee7a0b181a8e,2025-11-01T20:03:13.101847+00:00,2025-11-01T20:03:17+00:00,321
48d4f262e7db2cdf109c47e15ab105d2d395dd6b2c9562c71ede2e7e32e8b037,2025-11-01T20:03:13.248493+00:00,2025-11-01T20:03:17+00:00,321
7db7ca754bd04c9284f9548936851be644879075b48f9a40f31d136cfbfa3c78,2025-11-01T20:03:13.390038+00:00,2025-11-01T20:03:17+00:00,321
79eddf06dbe50d2277581b8897065560f8898f6f521098244f903140bfb32f81,2025-11-01T20:03:13.542942+00:00,2025-11-01T20:03:17+00:00,321
aee7d1df812caa682ecbf805727f2131c5dbd4a38ab0a1171ccbb3dca709db29,2025-11-01T20:03:13.684376+00:00,2025-11-01T20:03:17+00:00,321
e309dd5076b5f7294935fb0e5b7be09c298e330c60204951ed234ddd89a09753,2025-11-01T20:03:13.831403+00:00,2025-11-01T20:03:17+00:00,321
7aa891a816d4566f734fbfb7d740dddca0d175a3642eff89112c0e82198523c6,2025-11-01T20:03:13.974086+00:00,2025-11-01T20:03:17+00:00,321
d277ad47ba39b75674460c0a0afa062d66c932e6b8085580203461bbe5be719a,2025-11-01T20:03:14.119715+00:00,2025-11-01T20:03:22+00:00,322
f922ca5d41cce289902e232314c836ae2a9c489841c72d7907daecca5cb9f806,2025-11-01T20:03:14.268091+00:00,2025-11-01T20:03:22+00:00,322
bc1ab461f4ab91c9181fb91d2a520cf756d44f1fa31332fd3090e6fae749753e,2025-11-01T20:03:14.411077+00:00,2025-11-01T20:03:22+00:00,322
2fee584716ed98f0f3dcfe93056630f5ac634b6af8f0efdb0391c6ffd63fff43,2025-11-01T20:03:14.553646+00:00,2025-11-01T20:03:22+00:00,322
5397a76d50ab19fbdf0902c61e3b2497d7093c2f6ab4ee5fa23e8c2344d0559b,2025-11-01T20:03:14.698274+00:00,2025-11-01T20:03:22+00:00,322
b111b16f96e261f836f0c27b9059a6ecb29019cdb2fb31c4e18c6e61b29ff822,2025-11-01T20:03:14.838458+00:00,2025-11-01T20:03:22+00:00,322
7efb2a3c09285f59eb29710585bda8582dc46f5033707228903cec73a3fa20aa,2025-11-01T20:03:14.980965+00:00,2025-11-01T20:03:22+00:00,322
dcf11365418fc043c645d2725a575ef81358699d2c858c4e751cc321bad585fb,2025-11-01T20:03:15.124701+00:00,2025-11-01T20:03:22+00:00,322
3c04258e515985dca32da0b35921fd012e78963919ceef2e4492810fdbd02fb0,2025-11-01T20:03:15.267562+00:00,2025-11-01T20:03:22+00:00,322
e4b5f3574cc6e90d3f5a3eed9f990165e9437d1daff9d1181649df000c1a97bb,2025-11-01T20:03:15.410934+00:00,2025-11-01T20:03:22+00:00,322
6967d3cb571b597b26d3b4d0cbaa4b144c93f05cbafea96c919829fcad927845,2025-11-01T20:03:15.555502+00:00,2025-11-01T20:03:22+00:00,322
dc7b68e34476547978d2f170483708c401caf54ff20dabb622775c11964438bd,2025-11-01T20:03:15.696666+00:00,2025-11-01T20:03:22+00:00,322
db5ba724a0a90a1e46858498f350b47a196ccd9712d3d84a1e4ba6070a0c090d,2025-11-01T20:03:15.842989+00:00,2025-11-01T20:03:22+00:00,322
4e9bed009c21197d6c1254ffd16e1cf7390a87ca3134abfa5e500e3f0fa0f4ef,2025-11-01T20:03:15.985577+00:00,2025-11-01T20:03:22+00:00,322
b7e6a09561f764a52d517dd669ee86311b55285e44be8af071f3fa35f712d881,2025-11-01T20:03:16.129018+00:00,2025-11-01T20:03:22+00:00,322
c90bb9c9d44104f97669bd33ac607fdda62baac4c2d89e264d4efd87e9f287a4,2025-11-01T20:03:16.273640+00:00,2025-11-01T20:03:22+00:00,322
d8e26de39707ba06dfceabb02edd50514a0ee439848fbf5cfffc7b834d517fca,2025-11-01T20:03:16.416678+00:00,2025-11-01T20:03:22+00:00,322
2133c349182c1db7175e60baadf1b69e25669b4d5cbf99d324befc82fa136426,2025-11-01T20:03:16.560372+00:00,2025-11-01T20:03:22+00:00,322
641069264c8437156d7c008e4b2daa6346e7e1d178ed65e55d2ffd16135b6633,2025-11-01T20:03:16.709529+00:00,2025-11-01T20:03:22+00:00,322
8c4f22b330edc65747215b7a90787d0f0d625c26f3a1e7b37dd73fb7b2759ae6,2025-11-01T20:03:16.862228+00:00,2025-11-01T20:03:22+00:00,322
feb054290938da1ddc1637e0f74f7bf96eec56b5ea4fbc9878a367ad89658a15,2025-11-01T20:03:17.015393+00:00,2025-11-01T20:03:22+00:00,322
b8c87b9b51a3c7104a48d0a4623c597c0c551d974ea8b25783f7ae1ae4e40287,2025-11-01T20:03:17.256677+00:00,2025-11-01T20:03:22+00:00,322
85f9e5f0b7bbb519c710033e5f92485db05fe4391c85bc1ee21f473d15572e52,2025-11-01T20:03:17.394305+00:00,2025-11-01T20:03:22+00:00,322
a314e2c0c2ec876f0a71dbefd2c2b76b6b67ccf09ba220c952d5a9d40654085a,2025-11-01T20:03:17.534939+00:00,2025-11-01T20:03:22+00:00,322
f2830faa808d8d702da6391640d7856061b2d7150c407772c4c7e924306233dc,2025-11-01T20:03:17.673830+00:00,2025-11-01T20:03:22+00:00,322
0f0cdd6cfc104cb27ac4214d18553617640c817d6672412e2ffcc858b0765ec5,2025-11-01T20:03:17.818001+00:00,2025-11-01T20:03:22+00:00,322
e0f3728048837c8b77c64cfdfb8fafa850cf9b34024acb704fa35d263378eeba,2025-11-01T20:03:17.958839+00:00,2025-11-01T20:03:22+00:00,322
0f09e4cd91619e0270ab3eba6fb6aa5eb9e44fb6c31436c4e7494058dad3e9b2,2025-11-01T20:03:18.111581+00:00,2025-11-01T20:03:22+00:00,322
844266389523560973f8fbb10af20f1e01a8f606bbdc9ea6f8425ee20d0d538b,2025-11-01T20:03:18.263255+00:00,2025-11-01T20:03:22+00:00,322
73024ec803e8fd2f1792e89c11daa5082a7e3aa6ca0893f891eab4f85d835e98,2025-11-01T20:03:18.420606+00:00,2025-11-01T20:03:22+00:00,322
5b2ed4a63995a63c367290cb5c83f710a0dec5869acf96ac47d14873ac925f17,2025-11-01T20:03:18.555763+00:00,2025-11-01T20:03:22+00:00,322
cb955be09124e1a683e5138e80209db8250cbb503ee84dc7428b2b37ff5749af,2025-11-01T20:03:18.699438+00:00,2025-11-01T20:03:22+00:00,322
d9074815a42a1e453df5e0be6282acf882d6efd5667594c78b68617cc688131e,2025-11-01T20:03:18.865721+00:00,2025-11-01T20:03:22+00:00,322
a850661f44674939bad0613ebd2fa56b93fab4282cdd52ca91cd7e7e52b41eaa,2025-11-01T20:03:19.006000+00:00,2025-11-01T20:03:22+00:00,322
74ce674372009aeee10a34a2ce8da233623774c854f64cbc1228ee0416f57941,2025-11-01T20:03:19.142779+00:00,2025-11-01T20:03:22+00:00,322
f9d224c7e12905ad0abec20fd86cafcffae4da431faf013cc26727e9a2a31e57,2025-11-01T20:03:19.328232+00:00,2025-11-01T20:03:22+00:00,322
75cab11fea72cb2a965ef2bd658bd9a4f061b1ba7504049a8a0ed67d2a762b40,2025-11-01T20:03:19.469808+00:00,2025-11-01T20:03:22+00:00,322
4133ce2534566806a2a5d0e6c813f3cdfaeb06c862d08a9e62de2e3d29e3f1f5,2025-11-01T20:03:19.609613+00:00,2025-11-01T20:03:22+00:00,322
fd9ff9d7bb2129bac8ce9fb19e88cbccf344f6a20ac024e8f462bcdf7296c68e,2025-11-01T20:03:19.749495+00:00,2025-11-01T20:03:22+00:00,322
e0e9a13fd860321587675690c57d9362aa58389e28ff375df3a8ca3459fa009e,2025-11-01T20:03:19.893482+00:00,2025-11-01T20:03:27+00:00,323
a31eafd6df4ea7c431d0ee56231e4c1c672aea232fc3487b2228e02b63d01b24,2025-11-01T20:03:20.108747+00:00,2025-11-01T20:03:27+00:00,323
18900f317776c5adfcd7b5536a824195c47fc862c2b01142cca0150c5bd47063,2025-11-01T20:03:20.289833+00:00,2025-11-01T20:03:27+00:00,323
34ac17e0b98f53dbfa9902772c3a54f77c6980ef6827a7d6c3759868e8cdb135,2025-11-01T20:03:20.542456+00:00,2025-11-01T20:03:27+00:00,323
4113b571a357c3649024619b9202a7e5e62c1eb90a967cf9076ea340dfb5ef7c,2025-11-01T20:03:20.696747+00:00,2025-11-01T20:03:27+00:00,323
6bf37e31eb159d991f0b8dbbc2e2a4cf4be9a0d240baed901e2b67d8da46ccc6,2025-11-01T20:03:20.842255+00:00,2025-11-01T20:03:27+00:00,323
5c3a9a1d06688e7a4a39d1dd5675a607e19d59acef3c5cd7f3878a64964191a1,2025-11-01T20:03:20.986551+00:00,2025-11-01T20:03:27+00:00,323
be6046e72b9d7bb5773bd95b4c68e7fd13d322b203757de02c409d33934ba415,2025-11-01T20:03:21.122420+00:00,2025-11-01T20:03:27+00:00,323
b926a24996cf97d98563c22084bc08ea5103973573c0c1e2961d212764601339,2025-11-01T20:03:21.262586+00:00,2025-11-01T20:03:27+00:00,323
f7ab41f7a688c49d0914210ee408b89ca6d6c16a043909425dde80189dd84059,2025-11-01T20:03:21.400840+00:00,2025-11-01T20:03:27+00:00,323
83e058a5eb5055ed91a5a01fa6c8f3805ee34adc04ce80c558164070a3421dbf,2025-11-01T20:03:21.540390+00:00,2025-11-01T20:03:27+00:00,323
68afe47b8a4dd8c8e183979944600ee7bcb3aaf24b18f2a9a809ba331812502b,2025-11-01T20:03:21.683051+00:00,2025-11-01T20:03:27+00:00,323
24cbeebf483a2d1981fcdf6f876757ffc175b9ccc3217388adbf2c02b276e8d7,2025-11-01T20:03:21.821731+00:00,2025-11-01T20:03:27+00:00,323
c91491f19a8553f348e1e375af4273c169d7eb5626d9723040d9d984e2e23467,2025-11-01T20:03:21.962405+00:00,2025-11-01T20:03:27+00:00,323
32405bdd9f93662a6ea84a1d677483c892f58317948c666f31b5cf61c85e908d,2025-11-01T20:03:22.114294+00:00,2025-11-01T20:03:27+00:00,323
57a211c4485f5fa971650e54bfa94372b1a5eeae595de40e00b1db661c98cfef,2025-11-01T20:03:22.395064+00:00,2025-11-01T20:03:27+00:00,323
809a1f010f465b610bfc4f586afa41b04d05b8eaf45b1a51e6a2c5f15e64631c,2025-11-01T20:03:22.539754+00:00,2025-11-01T20:03:27+00:00,323
21bd6b52e917d96fc21370a604c644b54c6b31362f1fb519145a7b2abbb9dc33,2025-11-01T20:03:22.675422+00:00,2025-11-01T20:03:27+00:00,323
951b92d9b82b7b164c5fac2324521f0fbff73ecd97089ef826f4ddcb0a19fa63,2025-11-01T20:03:22.820780+00:00,2025-11-01T20:03:27+00:00,323
b3c2236359afe490a9a2089d500b5ee1273f3b2d43e00bb292d93229c187474d,2025-11-01T20:03:22.966069+00:00,2025-11-01T20:03:27+00:00,323
8840bddf7a713889fca10fd68f76f2e387bc12d9bcae395eb91c83289ad80b90,2025-11-01T20:03:23.106494+00:00,2025-11-01T20:03:27+00:00,323
2de18d48e6bd6b98210de7a53e65ed6370b9afed74a556e24d090b510aec146b,2025-11-01T20:03:23.244815+00:00,2025-11-01T20:03:27+00:00,323
1812cd813e38a6acb69803f65dd54cd4d3ebc4e4e03c049582dec3af4b384722,2025-11-01T20:03:23.382272+00:00,2025-11-01T20:03:27+00:00,323
aa6471d85ef6183ad06eb7b35e8cdd9df8fb2beae1ea1c45fe4a4ef8979e0935,2025-11-01T20:03:23.523500+00:00,2025-11-01T20:03:27+00:00,323
9b9da924994e2bc0405ef79b4487b0cac742753bba039c67e09cbf95f9dc5e45,2025-11-01T20:03:23.665575+00:00,2025-11-01T20:03:27+00:00,323
30f68fc6b29195b73fdaa5be9d87a26914864d308fea4ad893b9ef67d25f4887,2025-11-01T20:03:23.806580+00:00,2025-11-01T20:03:27+00:00,323
3a0dec9e977eadd22df4520a410df8f1dfac2d52eca006e8828540945ef25c85,2025-11-01T20:03:23.944340+00:00,2025-11-01T20:03:27+00:00,323
f9270deb1828ec64b37056a398b432e3883042b1b1bce39885a6ac6ae4079617,2025-11-01T20:03:24.088580+00:00,2025-11-01T20:03:27+00:00,323
fcf7bc0a98b98f98226691e7555668e909ba406e1ab87c3fcb6702caa49e5d33,2025-11-01T20:03:24.227007+00:00,2025-11-01T20:03:27+00:00,323
533570d8943cb3fba5310d0b5749481a0ff6fd6a15ba208d2c7ff79c51a462c5,2025-11-01T20:03:24.365995+00:00,2025-11-01T20:03:27+00:00,323
33c5c28f86d7430403ef8d0a9db65a272ba52b8b70b421e74965051eeed1a03c,2025-11-01T20:03:24.507063+00:00,2025-11-01T20:03:27+00:00,323
538a471c2b929987f54d90b8e217b17ef0b0caadc81fad49bc5999b10c86d212,2025-11-01T20:03:24.646247+00:00,2025-11-01T20:03:32+00:00,324
3dfdebfa331f3319b2df1116c9ae42bdc86e07d760254cc7845badcfeae5110f,2025-11-01T20:03:24.787341+00:00,2025-11-01T20:03:32+00:00,324
4d448a2ab14794b2fcecc57552b57305b04d35e77801921e9d9a3e8f4f382001,2025-11-01T20:03:24.933544+00:00,2025-11-01T20:03:32+00:00,324
0c93120a4277437a2ed096ea2bc2c291295a04f784b007fe1eaeb9653bc3f5c9,2025-11-01T20:03:25.072921+00:00,2025-11-01T20:03:32+00:00,324
7c0cc781d25216429cb168a31bda61c9932ce8c365c41040d602b696d7695179,2025-11-01T20:03:25.212923+00:00,2025-11-01T20:03:32+00:00,324
b1a34f284d99f9d7471effbebf2a33c98f2341359d188c0b709ba8a09368c9e6,2025-11-01T20:03:25.357874+00:00,2025-11-01T20:03:32+00:00,324
601360b7515add0b029747a3a1e732929c2ba41f36dd5c3eae8b289ed0a59873,2025-11-01T20:03:25.500584+00:00,2025-11-01T20:03:32+00:00,324
76fe15c087b42d466f06c0a67c709794f5411f8fc633a8dd30660c90aa57ba32,2025-11-01T20:03:25.641709+00:00,2025-11-01T20:03:32+00:00,324
968f0ac24004403a3fe2003008a319dccbea01acae5778bbee0c2d027c5263bb,2025-11-01T20:03:25.780740+00:00,2025-11-01T20:03:32+00:00,324
c21d9d6aaf1aba74cd0826ef0732bc4cd2e6536775ae91f97e557473872001da,2025-11-01T20:03:25.925446+00:00,2025-11-01T20:03:32+00:00,324
4fcce53e034344f7e7543460511f99c34117e4bb2786c6ac93ebbd368825c08a,2025-11-01T20:03:26.062459+00:00,2025-11-01T20:03:32+00:00,324
7a78e14e2efcca48a5c7975fe717515d52f0cfa44423524e8d667dc29e359210,2025-11-01T20:03:26.204004+00:00,2025-11-01T20:03:32+00:00,324
388236f9714391bd8f29eca9104a5170bf2e25b9eb9eaa73cfedb5612b248e3c,2025-11-01T20:03:26.347994+00:00,2025-11-01T20:03:32+00:00,324
f3aaeb0246082c8c5c2b5d8d0c0ee7293c7158fcb174a7e1f7a6dbfa02b339e6,2025-11-01T20:03:26.488433+00:00,2025-11-01T20:03:32+00:00,324
c32398b9eb2482834bc442bb96bc1259c4c4a33d62baf619da1b78ccae055f4a,2025-11-01T20:03:26.628824+00:00,2025-11-01T20:03:32+00:00,324
b850b307d1b44c92724952aec53052fbaa7673d2011190d0138219b4808b9f54,2025-11-01T20:03:26.773983+00:00,2025-11-01T20:03:32+00:00,324
1315e13db834da26bea99a65b158a7f6c80c2099492219377ceb4233aebfffb0,2025-11-01T20:03:26.939518+00:00,2025-11-01T20:03:32+00:00,324
7434f255f2ec94bd9a09a3acde8710e02af5507549678db7bcd5d38194153fd7,2025-11-01T20:03:27.106739+00:00,2025-11-01T20:03:32+00:00,324
533d77a6c1f2f55bae038546db1be78fe26864721790b1f92536f7cc94ee69fa,2025-11-01T20:03:27.262021+00:00,2025-11-01T20:03:32+00:00,324
7d6e6dbc2e6f1f0c5771390c10feee46b328cc10100d36a6ef306a20bd1ce50f,2025-11-01T20:03:27.536939+00:00,2025-11-01T20:03:32+00:00,324
2ff81d9336b5f8a6aa231a989b13198de616a3715e223d4bca131fe59e4e762a,2025-11-01T20:03:27.682645+00:00,2025-11-01T20:03:32+00:00,324
1cc8d4bd5e02724ebc9b0df6329d8b0bc87297953d9cd974582e08f54ddcd835,2025-11-01T20:03:27.825340+00:00,2025-11-01T20:03:32+00:00,324
89d82e254c3af28b332fa4150cf1c94dddc92df9a726fa40f9eef734e0d5f9a1,2025-11-01T20:03:27.964482+00:00,2025-11-01T20:03:32+00:00,324
506343b014319287dbb9583199437827263183e2dc1750ce7e477858a4c0d45d,2025-11-01T20:03:28.108554+00:00,2025-11-01T20:03:32+00:00,324
d350ee2eac2126085c7018b898e3b01a8fbb8cc40a0566f6fe526b3303dd8cd7,2025-11-01T20:03:28.249985+00:00,2025-11-01T20:03:32+00:00,324
167ec5a6aaae9eb923d8c68c7d46051dc71f38a5282baaa92ff09a1fc361c1a9,2025-11-01T20:03:28.411177+00:00,2025-11-01T20:03:32+00:00,324
97f5b44c75d865791f0a260d14202e459115216414952dd1c83ac91c70bb48e7,2025-11-01T20:03:28.556556+00:00,2025-11-01T20:03:32+00:00,324
f52eef7c9749ec530157bb87ce21312e9ddc40b2ee78530f8c68076382266bdc,2025-11-01T20:03:28.693134+00:00,2025-11-01T20:03:32+00:00,324
287a8ee35e612d635764a6370a38c1a03d8e0647b4a94adeb4b8ec8b03c6fb63,2025-11-01T20:03:28.830999+00:00,2025-11-01T20:03:32+00:00,324
49361e9d24bddde6c7643d6be7e6b91adaa345bbe2209d01820561cb69fb3146,2025-11-01T20:03:28.970229+00:00,2025-11-01T20:03:32+00:00,324
ebc3f6a737f006a40cc9e69eb25e3e741118c623431d32c895a6440265f27a18,2025-11-01T20:03:29.108358+00:00,2025-11-01T20:03:32+00:00,324
28f8e75b75249712cbae466a9434d29b0fb02c3c2363c93cf1392f74df79821d,2025-11-01T20:03:29.262723+00:00,2025-11-01T20:03:32+00:00,324
3cb45fc4ae4e40910aa9ab5896a974c28651ae2844005061e13e3e2276e716ae,2025-11-01T20:03:29.404598+00:00,2025-11-01T20:03:32+00:00,324
078b1ee13c8f9feceaf6e228f1d20c982eda50a980879fd901d09665991ba5f4,2025-11-01T20:03:29.545533+00:00,2025-11-01T20:03:32+00:00,324
6472ff1364c0f9de2ae9a64645395c6b2018f18964f758ceb2d53310883b7cc4,2025-11-01T20:03:29.687258+00:00,2025-11-01T20:03:32+00:00,324
8a6c76fe48371e63ef220625431cb124f0aab0ad4c9111562c833f95892a1640,2025-11-01T20:03:29.832587+00:00,2025-11-01T20:03:32+00:00,324
1353ce228fa101630b7874c6e7a4f92221415766fba2f7cea325648eefad6f9e,2025-11-01T20:03:29.984166+00:00,2025-11-01T20:03:32+00:00,324
63e418da69e4478463dae0779a3fc00bbc223502b15a781b960921ee4a4fb194,2025-11-01T20:03:30.133031+00:00,2025-11-01T20:03:32+00:00,324
d0fa4b406b951b77f622f9b05153b9ec6e5bd05e49a122587f9ec590c19bf40e,2025-11-01T20:03:30.271178+00:00,2025-11-01T20:03:32+00:00,324
7053b8d57e62160fdc9db69e86b04432e0e89fff596e236da23750cea85cd911,2025-11-01T20:03:30.412727+00:00,2025-11-01T20:03:37+00:00,325
62f2902365db939f34c1d4dbb5d109a45720f6e7b22b3331e5651b2964b5a288,2025-11-01T20:03:30.551197+00:00,2025-11-01T20:03:37+00:00,325
f86537edf810d57b82d213a5b13c4ebd5a073a12b26cfc14c74a78cb72a6aae6,2025-11-01T20:03:30.699567+00:00,2025-11-01T20:03:37+00:00,325
f35f975ad8b664aefc9e9d05c187da0c34b21b85a5a37ad37b6e5d05ede2547e,2025-11-01T20:03:30.842542+00:00,2025-11-01T20:03:37+00:00,325
b10256096034a8233dfa4385370f782d29cd914e1a2d1995cd15d9517c691be5,2025-11-01T20:03:30.981566+00:00,2025-11-01T20:03:37+00:00,325
93dd451752e0dbda0cd1da399670bd0a48eafd4d69fb18a2ac9b46949bb7fe96,2025-11-01T20:03:31.119791+00:00,2025-11-01T20:03:37+00:00,325
1d7250a21b97fd1220106b2a362ee888f686d218c2f16c7f6c10d6ad5a720748,2025-11-01T20:03:31.260404+00:00,2025-11-01T20:03:37+00:00,325
1b62bb60cb514b5a4b4a886477cd2039af88c3604eedfe16cf7c7a8a2aa99652,2025-11-01T20:03:31.397366+00:00,2025-11-01T20:03:37+00:00,325
4599110647fc7c7f6ebcaec61b2ae6c38b2aa8019aec3ac4b5a2287f4f0378c6,2025-11-01T20:03:31.537605+00:00,2025-11-01T20:03:37+00:00,325
f94635833064569be6a061e419f9a136be5c0d91a97f02b389f4dee77611cc4e,2025-11-01T20:03:31.680104+00:00,2025-11-01T20:03:37+00:00,325
33880de2bb7ea03733b06d044cbec203c3f768087468c29b5147b70d85d73f0f,2025-11-01T20:03:31.818181+00:00,2025-11-01T20:03:37+00:00,325
d9f6c26e0080842a20024403198618a34ca6abc6a530e2fb91ee3f6de3b3a67a,2025-11-01T20:03:31.966125+00:00,2025-11-01T20:03:37+00:00,325
b765cdb77162d3b86637807a9178913d321de24cc583f0e105443943043fed5b,2025-11-01T20:03:32.106868+00:00,2025-11-01T20:03:37+00:00,325
c74789291a7e3557cc4013df2c07483c278f9e61d91ecdd051a1f7d592617f80,2025-11-01T20:03:32.245500+00:00,2025-11-01T20:03:37+00:00,325
a618fbdb747946a7606c526a44e1c111f702ed9162aa79456c37a9192059400b,2025-11-01T20:03:32.390304+00:00,2025-11-01T20:03:37+00:00,325
e43a5d91d7135e6e3a23ea0869bfe3c03e10a4c1d2202808e9f3f725405bb6cb,2025-11-01T20:03:32.637203+00:00,2025-11-01T20:03:37+00:00,325
788ca9df3926f1711cc0548e765f1907bf9a076497b9c3ec82d0d6d346c4e18f,2025-11-01T20:03:32.784197+00:00,2025-11-01T20:03:37+00:00,325
622f7fcc8b9fae11e047f271875f4249deb4891d79ade26d46d24193381f1a48,2025-11-01T20:03:32.923181+00:00,2025-11-01T20:03:37+00:00,325
35feff0516d53b133cf20ac74991e4d2fa21c2b0be3101d30161e7a3226e877a,2025-11-01T20:03:33.061503+00:00,2025-11-01T20:03:37+00:00,325
daa0ee57a39020775b8bd16c605ae8f1fc950f9b13ddafafdd2b9a4b9c3db230,2025-11-01T20:03:33.200355+00:00,2025-11-01T20:03:37+00:00,325
73630fc9dac233f4abba3cfc63e2c7c700599eb1b95b89130a1adf0268cc4f71,2025-11-01T20:03:33.339212+00:00,2025-11-01T20:03:42+00:00,326
613387178db63933b0bc25a9f5557ddd6bc82efee07db30551e10ab4765cb1ca,2025-11-01T20:03:33.479235+00:00,2025-11-01T20:03:42+00:00,326
000bd99ecc5ba5bffcee0eafbecfc0eb0cf275151e09f78122f984e0c47b0bdd,2025-11-01T20:03:33.621184+00:00,2025-11-01T20:03:42+00:00,326
69d2df9f31775de68ef5bdc379dc7410d2d01439083b7c07ac826f4834ec80f2,2025-11-01T20:03:33.759827+00:00,2025-11-01T20:03:42+00:00,326
831b0f9e113bce40d52b27e28e6dae73ee172c79a3d2a95134c461d10887db40,2025-11-01T20:03:33.898549+00:00,2025-11-01T20:03:42+00:00,326
58301644c0e21f73e699e42086b532c0bd133eb85a4f86fc1b8738b4790ce0d4,2025-11-01T20:03:34.051136+00:00,2025-11-01T20:03:42+00:00,326
1151d6e2f89d5bf82ebe0771fa616610b81f51891d21d7384c3e5c76ca3d49a5,2025-11-01T20:03:34.197188+00:00,2025-11-01T20:03:42+00:00,326
dad970c0b563cb0c17328dffb7baaddc40c20bf301436cc7bc8a88ba4b29af14,2025-11-01T20:03:34.343073+00:00,2025-11-01T20:03:42+00:00,326
21eaf4889c410f8edc3982041868f8727359b1ba34315b2ab23ac84c5f8452d1,2025-11-01T20:03:34.486701+00:00,2025-11-01T20:03:42+00:00,326
95b7303f3f02cdd4ded6389bbe5fbca66461ffa0f3bb50382419daf5f613c54d,2025-11-01T20:03:34.628012+00:00,2025-11-01T20:03:42+00:00,326
cff535b8f96553c4cb9a3f9e4f027d2d58a933c7fef5571cc860f024831d2845,2025-11-01T20:03:34.767315+00:00,2025-11-01T20:03:42+00:00,326
ef0ce8f1c7897b2cc03cdc2a554505200990d3f23960d07ab77b50e552be8741,2025-11-01T20:03:34.910967+00:00,2025-11-01T20:03:42+00:00,326
a4bd8cb9dc15925dcb80bbe226783db3620b43395e0ccfd78987dc72df580ce0,2025-11-01T20:03:35.050406+00:00,2025-11-01T20:03:42+00:00,326
59f9e1b271c619ee8c4edfdb046f5b0a7ba2336225cb4b099435add213867e34,2025-11-01T20:03:35.194327+00:00,2025-11-01T20:03:42+00:00,326
6dd6a55c1b06cdf5628749b891781148ca3a70f6795ca0cd9bf9cf5ef151038d,2025-11-01T20:03:35.335694+00:00,2025-11-01T20:03:42+00:00,326
1ada5b8f716027e929147daa32f6e7bab8aeb30568cc0306a7a125c6063983f5,2025-11-01T20:03:35.473666+00:00,2025-11-01T20:03:42+00:00,326
6506f57934905593542d87aa3e65cb5076633a13644f3850ced4b2326b2f588c,2025-11-01T20:03:35.618011+00:00,2025-11-01T20:03:42+00:00,326
9668785e62a7b895588a058ea1294ae67f52d5c9ce5b1756508f2b5daad72856,2025-11-01T20:03:35.756132+00:00,2025-11-01T20:03:42+00:00,326
58f3f52055b6a0b28abb71377ba50b314cc573e69e6f03d95e8e588a811ee486,2025-11-01T20:03:35.901446+00:00,2025-11-01T20:03:42+00:00,326
a044fa7004bb7224f4783addf51be1db01886a725909bbe54e750891ff0d011d,2025-11-01T20:03:36.040314+00:00,2025-11-01T20:03:42+00:00,326
c407016e258cac7197ec8cfb4f33b132e40e7ecdb87a1b05fb0010bda1f0f69c,2025-11-01T20:03:36.186126+00:00,2025-11-01T20:03:42+00:00,326
6fd770f3fd092e66a9b006106ee0e2cce725797c2d2740bdc8064088ff474534,2025-11-01T20:03:36.328489+00:00,2025-11-01T20:03:42+00:00,326
8fb4e64bfe6f50742e5d1efca01be5dfc6dd124af2e61d6a9244db9b884871e5,2025-11-01T20:03:36.472763+00:00,2025-11-01T20:03:42+00:00,326
3c5278a3c2e5dc623a0d5bff52280a1b478e5689441e6d105c4de4f3eb6b2d39,2025-11-01T20:03:36.620819+00:00,2025-11-01T20:03:42+00:00,326
ae1dad267dc2dddfc5380e1fc56a5a2be3673d2adf399feff7eb13706da37689,2025-11-01T20:03:36.765498+00:00,2025-11-01T20:03:42+00:00,326
adf27913ea64a9c3a7ee6888c3da2218770338af271dbbbcecd4496b2e35642c,2025-11-01T20:03:36.969126+00:00,2025-11-01T20:03:42+00:00,326
b05bcba5d1e41b65477c2b3807fbe821d87066ce91aaeb15d93c3fe80f994b35,2025-11-01T20:03:37.133093+00:00,2025-11-01T20:03:42+00:00,326
9d0c0ae74ac6cd2779b8b44be776fa60ac22cebe0a44f255681999dac7be7f59,2025-11-01T20:03:37.278181+00:00,2025-11-01T20:03:42+00:00,326
56fc6ee76ae8bfc4d3683df108a733f98117232d69d2861366a884056ea24964,2025-11-01T20:03:37.420561+00:00,2025-11-01T20:03:42+00:00,326
49002e65ac33ce7c6ee67975c3c1885bb8dc886b20bffdca87d8d15e37a116bb,2025-11-01T20:03:37.620195+00:00,2025-11-01T20:03:42+00:00,326
cdb2d486a7180f1c7921ef5776b5130490d4660f84f075c7e01a15883ed6dc24,2025-11-01T20:03:37.773221+00:00,2025-11-01T20:03:42+00:00,326
b14f2f1fc7b1ceadb122be3016ae3cd50b443b209ea1e9872a4c5239fdfef2b3,2025-11-01T20:03:37.915374+00:00,2025-11-01T20:03:42+00:00,326
b6d3e04675b41ac2dcd6fb686b6bd3af05d260b301718ecbdedf1373ae757e66,2025-11-01T20:03:38.060682+00:00,2025-11-01T20:03:42+00:00,326
b37f33e188ba3befac487c821dd0bc882141258999f89d3ff7b1493089729154,2025-11-01T20:03:38.207313+00:00,2025-11-01T20:03:47+00:00,327
1ddcee8f34423dc82434079914f36fdd72ce92c4384874233dce4817101af763,2025-11-01T20:03:38.359498+00:00,2025-11-01T20:03:47+00:00,327
320bf9d62621feb51f5e8ef3fd7cfe86e68d62cbbd4e918737efeace125903d8,2025-11-01T20:03:38.709901+00:00,2025-11-01T20:03:47+00:00,327
