2025-11-01T19:50:30Z Warning: reindex=1 is set in the configuration file, which will significantly slow down startup. Consider removing or commenting out this option for better performance, unless there is currently a condition which makes rebuilding the indexes necessary
2025-11-01T19:50:30Z Bitcoin Core version v27.0.0 (release build)
2025-11-01T19:50:30Z Script verification uses 7 additional threads
2025-11-01T19:50:30Z Using the 'arm_shani(1way,2way)' SHA256 implementation
2025-11-01T19:50:30Z Default data directory /home/bitcoin/.bitcoin
2025-11-01T19:50:30Z Using data directory /home/bitcoin/.bitcoin/regtest
2025-11-01T19:50:30Z Config file: /home/bitcoin/.bitcoin/bitcoin.conf
2025-11-01T19:50:30Z Config file arg: [regtest] fallbackfee="0.0002"
2025-11-01T19:50:30Z Config file arg: [regtest] maxmempool="500"
2025-11-01T19:50:30Z Config file arg: [regtest] reindex="1"
2025-11-01T19:50:30Z Config file arg: [regtest] rpcallowip="0.0.0.0/0"
2025-11-01T19:50:30Z Config file arg: [regtest] rpcbind="0.0.0.0"
2025-11-01T19:50:30Z Config file arg: [regtest] rpcpassword=****
2025-11-01T19:50:30Z Config file arg: [regtest] rpcuser=****
2025-11-01T19:50:30Z Config file arg: [regtest] server="1"
2025-11-01T19:50:30Z Command-line arg: connect="node27:18444"
2025-11-01T19:50:30Z Command-line arg: connect="node29:18444"
2025-11-01T19:50:30Z Command-line arg: datadir="/home/bitcoin/.bitcoin"
2025-11-01T19:50:30Z Command-line arg: discover="1"
2025-11-01T19:50:30Z Command-line arg: dnsseed="0"
2025-11-01T19:50:30Z Command-line arg: listen="1"
2025-11-01T19:50:30Z Command-line arg: maxconnections="64"
2025-11-01T19:50:30Z Command-line arg: printtoconsole="1"
2025-11-01T19:50:30Z Command-line arg: regtest="1"
2025-11-01T19:50:30Z Command-line arg: rpcallowip="0.0.0.0/0"
2025-11-01T19:50:30Z Command-line arg: rpcbind="0.0.0.0"
2025-11-01T19:50:30Z Command-line arg: rpcpassword=****
2025-11-01T19:50:30Z Command-line arg: rpcuser=****
2025-11-01T19:50:30Z Command-line arg: server="1"
2025-11-01T19:50:30Z Command-line arg: txindex="1"
2025-11-01T19:50:30Z Command-line arg: zmqpubhashblock="tcp://0.0.0.0:28332"
2025-11-01T19:50:30Z Command-line arg: zmqpubhashtx="tcp://0.0.0.0:28333"
2025-11-01T19:50:30Z Using at most 64 automatic connections (1048576 file descriptors available)
2025-11-01T19:50:30Z Using 16 MiB out of 16 MiB requested for signature cache, able to store 524288 elements
2025-11-01T19:50:30Z Using 16 MiB out of 16 MiB requested for script execution cache, able to store 524288 elements
2025-11-01T19:50:30Z scheduler thread start
2025-11-01T19:50:30Z Binding RPC on address 0.0.0.0 port 18443
2025-11-01T19:50:30Z WARNING: the RPC server is not safe to expose to untrusted networks such as the public internet
2025-11-01T19:50:30Z Binding RPC on address 0.0.0.0 port 18443
2025-11-01T19:50:30Z Binding RPC on address 0.0.0.0 port 18443 failed.
2025-11-01T19:50:30Z Config options rpcuser and rpcpassword will soon be deprecated. Locally-run instances may remove rpcuser to use cookie-based auth, or may be replaced with rpcauth. Please see share/rpcauth for rpcauth auth generation.
2025-11-01T19:50:30Z Starting HTTP server with 4 worker threads
2025-11-01T19:50:30Z Using wallet directory /home/bitcoin/.bitcoin/regtest/wallets
2025-11-01T19:50:30Z init message: Verifying wallet(s)…
2025-11-01T19:50:30Z Using /16 prefix for IP bucketing
2025-11-01T19:50:30Z init message: Loading P2P addresses…
2025-11-01T19:50:30Z Creating peers.dat because the file was not found ("/home/bitcoin/.bitcoin/regtest/peers.dat")
2025-11-01T19:50:30Z init message: Loading banlist…
2025-11-01T19:50:30Z Recreating the banlist database
2025-11-01T19:50:30Z SetNetworkActive: true
2025-11-01T19:50:30Z /home/bitcoin/.bitcoin/regtest/fee_estimates.dat is not found. Continue anyway.
2025-11-01T19:50:30Z Script verification uses 7 additional threads
2025-11-01T19:50:30Z Cache configuration:
2025-11-01T19:50:30Z * Using 2.0 MiB for block index database
2025-11-01T19:50:30Z * Using 56.0 MiB for transaction index database
2025-11-01T19:50:30Z * Using 8.0 MiB for chain state database
2025-11-01T19:50:30Z * Using 384.0 MiB for in-memory UTXO set (plus up to 476.8 MiB of unused mempool space)
2025-11-01T19:50:30Z init message: Loading block index…
2025-11-01T19:50:30Z Validating signatures for all blocks.
2025-11-01T19:50:30Z Setting nMinimumChainWork=0000000000000000000000000000000000000000000000000000000000000000
2025-11-01T19:50:30Z Wiping LevelDB in /home/bitcoin/.bitcoin/regtest/blocks/index
2025-11-01T19:50:30Z Opening LevelDB in /home/bitcoin/.bitcoin/regtest/blocks/index
2025-11-01T19:50:30Z Opened LevelDB successfully
2025-11-01T19:50:30Z Using obfuscation key for /home/bitcoin/.bitcoin/regtest/blocks/index: 0000000000000000
2025-11-01T19:50:30Z Initializing databases...
2025-11-01T19:50:30Z Initializing chainstate Chainstate [ibd] @ height -1 (null)
2025-11-01T19:50:30Z Wiping LevelDB in /home/bitcoin/.bitcoin/regtest/chainstate
2025-11-01T19:50:30Z Opening LevelDB in /home/bitcoin/.bitcoin/regtest/chainstate
2025-11-01T19:50:30Z Opened LevelDB successfully
2025-11-01T19:50:30Z Wrote new obfuscate key for /home/bitcoin/.bitcoin/regtest/chainstate: 185381979ceb3a7c
2025-11-01T19:50:30Z Using obfuscation key for /home/bitcoin/.bitcoin/regtest/chainstate: 185381979ceb3a7c
2025-11-01T19:50:30Z Opening LevelDB in /home/bitcoin/.bitcoin/regtest/chainstate
2025-11-01T19:50:30Z Opened LevelDB successfully
2025-11-01T19:50:30Z Using obfuscation key for /home/bitcoin/.bitcoin/regtest/chainstate: 185381979ceb3a7c
2025-11-01T19:50:30Z [Chainstate [ibd] @ height -1 (null)] resized coinsdb cache to 8.0 MiB
2025-11-01T19:50:30Z [Chainstate [ibd] @ height -1 (null)] resized coinstip cache to 384.0 MiB
2025-11-01T19:50:30Z init message: Verifying blocks…
2025-11-01T19:50:30Z  block index              13ms
2025-11-01T19:50:30Z Wiping LevelDB in /home/bitcoin/.bitcoin/regtest/indexes/txindex
2025-11-01T19:50:30Z Opening LevelDB in /home/bitcoin/.bitcoin/regtest/indexes/txindex
2025-11-01T19:50:30Z Opened LevelDB successfully
2025-11-01T19:50:30Z Using obfuscation key for /home/bitcoin/.bitcoin/regtest/indexes/txindex: 0000000000000000
2025-11-01T19:50:30Z Setting NODE_NETWORK on non-prune mode
2025-11-01T19:50:30Z initload thread start
2025-11-01T19:50:30Z Reindexing finished
2025-11-01T19:50:30Z UpdateTip: new best=0f9188f13cb7b2c71f2a335e3a4fc328bf5beb436012afca590b1a11466e2206 height=0 version=0x00000001 log2_work=1.000000 tx=1 date='2011-02-02T23:16:42Z' progress=1.000000 cache=0.3MiB(0txo)
2025-11-01T19:50:30Z Failed to open mempool file from disk. Continuing anyway.
2025-11-01T19:50:30Z initload thread exit
2025-11-01T19:50:30Z txindex thread start
2025-11-01T19:50:30Z txindex is enabled
2025-11-01T19:50:30Z txindex thread exit
2025-11-01T19:50:30Z block tree size = 1
2025-11-01T19:50:30Z nBestHeight = 0
2025-11-01T19:50:30Z torcontrol thread start
2025-11-01T19:50:30Z Bound to 127.0.0.1:18445
2025-11-01T19:50:30Z Bound to [::]:18444
2025-11-01T19:50:30Z Bound to 0.0.0.0:18444
2025-11-01T19:50:30Z init message: Starting network threads…
2025-11-01T19:50:30Z DNS seeding disabled
2025-11-01T19:50:30Z net thread start
2025-11-01T19:50:30Z init message: Done loading
2025-11-01T19:50:30Z addcon thread start
2025-11-01T19:50:30Z opencon thread start
2025-11-01T19:50:30Z msghand thread start
2025-11-01T19:50:30Z connect() to 172.19.0.55:18444 failed after wait: Connection refused (111)
2025-11-01T19:50:30Z New manual v2 peer connected: version: 70016, blocks=0, peer=0
2025-11-01T19:50:31Z connect() to 172.19.0.55:18444 failed after wait: Connection refused (111)
2025-11-01T19:50:33Z New manual v2 peer connected: version: 70016, blocks=0, peer=3
2025-11-01T19:50:40Z Synchronizing blockheaders, height: 6 (~100.00%)
2025-11-01T19:50:40Z Synchronizing blockheaders, height: 9 (~100.00%)
2025-11-01T19:50:40Z Leaving InitialBlockDownload (latching to false)
2025-11-01T19:50:40Z UpdateTip: new best=22dbb269f2bde644441b6a327d840dcf804722c97589f58ba8de5cca7273a680 height=1 version=0x20000000 log2_work=2.000000 tx=2 date='2025-11-01T19:50:39Z' progress=1.000000 cache=0.3MiB(1txo)
2025-11-01T19:50:40Z UpdateTip: new best=6f2e55c40e8cc33007ecda2cb3d8c1082257e8c0670a7b036f3951bb6fce52e2 height=2 version=0x20000000 log2_work=2.584963 tx=3 date='2025-11-01T19:50:40Z' progress=1.000000 cache=0.3MiB(2txo)
2025-11-01T19:50:40Z UpdateTip: new best=43b5dd05a5a35d89a2fc874ca240bc79c99a44a483658cf170be9f039be54a36 height=3 version=0x20000000 log2_work=3.000000 tx=4 date='2025-11-01T19:50:40Z' progress=1.000000 cache=0.3MiB(3txo)
2025-11-01T19:50:40Z UpdateTip: new best=12776ed63581b27fd2daadc803d2953c570b2bc2edcfba1642ec5fb43ded3451 height=4 version=0x20000000 log2_work=3.321928 tx=5 date='2025-11-01T19:50:41Z' progress=1.000000 cache=0.3MiB(4txo)
2025-11-01T19:50:40Z UpdateTip: new best=228208f1ccebe24b1b2e1fd9c5fa4b7816c527090c660c7f25f24228670021a0 height=5 version=0x20000000 log2_work=3.584963 tx=6 date='2025-11-01T19:50:41Z' progress=1.000000 cache=0.3MiB(5txo)
2025-11-01T19:50:40Z UpdateTip: new best=7958e49cfe7f8c9d202b1635b0a927fa06983376e26603a0bbea7434f3905697 height=6 version=0x20000000 log2_work=3.807355 tx=7 date='2025-11-01T19:50:41Z' progress=1.000000 cache=0.3MiB(6txo)
2025-11-01T19:50:40Z UpdateTip: new best=40cc51b8a6bb6a2a03d64875d8a1dbefdaa8cf38a6b38ce4e6a68032e7b21313 height=7 version=0x20000000 log2_work=4.000000 tx=8 date='2025-11-01T19:50:41Z' progress=1.000000 cache=0.3MiB(7txo)
2025-11-01T19:50:40Z UpdateTip: new best=5b3957dde4a7990cc38696b73c6e5c3890c9a7ce263abb5f9b7c3fee1cf90c80 height=8 version=0x20000000 log2_work=4.169925 tx=9 date='2025-11-01T19:50:42Z' progress=1.000000 cache=0.3MiB(8txo)
2025-11-01T19:50:40Z UpdateTip: new best=45d217cfd3acc99c776a63e335d8423d7e22998c4251cedea252f45c8017c119 height=9 version=0x20000000 log2_work=4.321928 tx=10 date='2025-11-01T19:50:42Z' progress=1.000000 cache=0.3MiB(9txo)
2025-11-01T19:50:40Z Saw new header hash=79195a7b6be317d37ecce0f70ee3c116040b09f3c67b5c834768c9eeda1451c1 height=10
2025-11-01T19:50:40Z Saw new header hash=1e016c92c33b9bb00779410230a5357ab2b3b44b4afdac1123f306c4bc151f60 height=11
2025-11-01T19:50:40Z Saw new header hash=756e25a4efc30f323bf204e5297aae150c6321196f65beacaa741b17227366c4 height=12
2025-11-01T19:50:40Z Saw new header hash=68bc9373602766d197b6f19c3da1e4f4ddf0dce52c809f1ef1ea677c84d15a83 height=13
2025-11-01T19:50:40Z Saw new header hash=49a4d1c69f31974f948eb100307c7579cb2b5f384a2dc4311680a64f14bccced height=14
2025-11-01T19:50:40Z Saw new header hash=31b34fb09154e29dc358b15882958e7c085062f4f3147d4c8e51c9f0fb820378 height=15
2025-11-01T19:50:40Z Saw new header hash=08f5ef58c3cddbc8b2ce52fc137b93c97b5ff5d154b7c7f9927e9e5ae1ac01e2 height=16
2025-11-01T19:50:40Z UpdateTip: new best=79195a7b6be317d37ecce0f70ee3c116040b09f3c67b5c834768c9eeda1451c1 height=10 version=0x20000000 log2_work=4.459432 tx=11 date='2025-11-01T19:50:42Z' progress=1.000000 cache=0.3MiB(10txo)
2025-11-01T19:50:40Z Saw new header hash=15d5a31a0da5afb81a410299632aa69ff92294d9a04ebd9174962e32c2714e13 height=17
2025-11-01T19:50:40Z UpdateTip: new best=1e016c92c33b9bb00779410230a5357ab2b3b44b4afdac1123f306c4bc151f60 height=11 version=0x20000000 log2_work=4.584963 tx=12 date='2025-11-01T19:50:42Z' progress=1.000000 cache=0.3MiB(11txo)
2025-11-01T19:50:40Z UpdateTip: new best=756e25a4efc30f323bf204e5297aae150c6321196f65beacaa741b17227366c4 height=12 version=0x20000000 log2_work=4.700440 tx=13 date='2025-11-01T19:50:42Z' progress=1.000000 cache=0.3MiB(12txo)
2025-11-01T19:50:40Z UpdateTip: new best=68bc9373602766d197b6f19c3da1e4f4ddf0dce52c809f1ef1ea677c84d15a83 height=13 version=0x20000000 log2_work=4.807355 tx=14 date='2025-11-01T19:50:42Z' progress=1.000000 cache=0.3MiB(13txo)
2025-11-01T19:50:40Z UpdateTip: new best=49a4d1c69f31974f948eb100307c7579cb2b5f384a2dc4311680a64f14bccced height=14 version=0x20000000 log2_work=4.906891 tx=15 date='2025-11-01T19:50:43Z' progress=1.000000 cache=0.3MiB(14txo)
2025-11-01T19:50:40Z UpdateTip: new best=31b34fb09154e29dc358b15882958e7c085062f4f3147d4c8e51c9f0fb820378 height=15 version=0x20000000 log2_work=5.000000 tx=16 date='2025-11-01T19:50:43Z' progress=1.000000 cache=0.3MiB(15txo)
2025-11-01T19:50:40Z UpdateTip: new best=08f5ef58c3cddbc8b2ce52fc137b93c97b5ff5d154b7c7f9927e9e5ae1ac01e2 height=16 version=0x20000000 log2_work=5.087463 tx=17 date='2025-11-01T19:50:43Z' progress=1.000000 cache=0.3MiB(16txo)
2025-11-01T19:50:40Z UpdateTip: new best=15d5a31a0da5afb81a410299632aa69ff92294d9a04ebd9174962e32c2714e13 height=17 version=0x20000000 log2_work=5.169925 tx=18 date='2025-11-01T19:50:43Z' progress=1.000000 cache=0.3MiB(17txo)
2025-11-01T19:50:40Z Saw new header hash=590ebbb77d680607cabac077d8cc39c6b817a19abad0db1ff901d8426c40fedc height=18
2025-11-01T19:50:40Z Saw new cmpctblock header hash=590ebbb77d680607cabac077d8cc39c6b817a19abad0db1ff901d8426c40fedc peer=1
2025-11-01T19:50:40Z UpdateTip: new best=590ebbb77d680607cabac077d8cc39c6b817a19abad0db1ff901d8426c40fedc height=18 version=0x20000000 log2_work=5.247928 tx=19 date='2025-11-01T19:50:43Z' progress=1.000000 cache=0.3MiB(18txo)
2025-11-01T19:50:40Z Saw new header hash=328b8606d87c050a7d19f86c825eb797f8c20be2abf1fee16fd92006dae9039a height=19
2025-11-01T19:50:40Z Saw new cmpctblock header hash=328b8606d87c050a7d19f86c825eb797f8c20be2abf1fee16fd92006dae9039a peer=1
2025-11-01T19:50:40Z UpdateTip: new best=328b8606d87c050a7d19f86c825eb797f8c20be2abf1fee16fd92006dae9039a height=19 version=0x20000000 log2_work=5.321928 tx=20 date='2025-11-01T19:50:43Z' progress=1.000000 cache=0.3MiB(19txo)
2025-11-01T19:50:40Z Saw new header hash=51dab75d18189d541704b787a881c36ef536cd9468fae7bc60a2a798be770250 height=20
2025-11-01T19:50:40Z Saw new cmpctblock header hash=51dab75d18189d541704b787a881c36ef536cd9468fae7bc60a2a798be770250 peer=1
2025-11-01T19:50:40Z UpdateTip: new best=51dab75d18189d541704b787a881c36ef536cd9468fae7bc60a2a798be770250 height=20 version=0x20000000 log2_work=5.392317 tx=21 date='2025-11-01T19:50:44Z' progress=1.000000 cache=0.3MiB(20txo)
2025-11-01T19:50:40Z Saw new header hash=2aba5ba6ad615067c75fda9b147d3df23517f063ff379ae46284f685a8f20130 height=21
2025-11-01T19:50:40Z Saw new cmpctblock header hash=2aba5ba6ad615067c75fda9b147d3df23517f063ff379ae46284f685a8f20130 peer=1
2025-11-01T19:50:40Z UpdateTip: new best=2aba5ba6ad615067c75fda9b147d3df23517f063ff379ae46284f685a8f20130 height=21 version=0x20000000 log2_work=5.459432 tx=22 date='2025-11-01T19:50:44Z' progress=1.000000 cache=0.3MiB(21txo)
2025-11-01T19:50:40Z Saw new header hash=123e63df50cc0ddb99bb97700526941f79f791d67125c436094a362501a32bb9 height=22
2025-11-01T19:50:40Z Saw new cmpctblock header hash=123e63df50cc0ddb99bb97700526941f79f791d67125c436094a362501a32bb9 peer=1
2025-11-01T19:50:40Z UpdateTip: new best=123e63df50cc0ddb99bb97700526941f79f791d67125c436094a362501a32bb9 height=22 version=0x20000000 log2_work=5.523562 tx=23 date='2025-11-01T19:50:44Z' progress=1.000000 cache=0.3MiB(22txo)
2025-11-01T19:50:40Z Saw new header hash=4d397412f84557d8f66d8837b00645c80c42aeed7d5ccf0251c73bbfffe879a2 height=23
2025-11-01T19:50:40Z Saw new cmpctblock header hash=4d397412f84557d8f66d8837b00645c80c42aeed7d5ccf0251c73bbfffe879a2 peer=1
2025-11-01T19:50:40Z UpdateTip: new best=4d397412f84557d8f66d8837b00645c80c42aeed7d5ccf0251c73bbfffe879a2 height=23 version=0x20000000 log2_work=5.584963 tx=24 date='2025-11-01T19:50:44Z' progress=1.000000 cache=0.3MiB(23txo)
2025-11-01T19:50:40Z Saw new header hash=5010b9703b54bcb8abbb2bde6c37b81dd9dc968b693ed9601e6fe04283c07b3d height=24
2025-11-01T19:50:40Z Saw new cmpctblock header hash=5010b9703b54bcb8abbb2bde6c37b81dd9dc968b693ed9601e6fe04283c07b3d peer=1
2025-11-01T19:50:40Z UpdateTip: new best=5010b9703b54bcb8abbb2bde6c37b81dd9dc968b693ed9601e6fe04283c07b3d height=24 version=0x20000000 log2_work=5.643856 tx=25 date='2025-11-01T19:50:44Z' progress=1.000000 cache=0.3MiB(24txo)
2025-11-01T19:50:40Z Saw new header hash=04a96eaaecb2f4e2a6e611a8e8b6ec0925adecb2ae1bee1ff0bea82345bd2164 height=25
2025-11-01T19:50:40Z Saw new cmpctblock header hash=04a96eaaecb2f4e2a6e611a8e8b6ec0925adecb2ae1bee1ff0bea82345bd2164 peer=1
2025-11-01T19:50:40Z UpdateTip: new best=04a96eaaecb2f4e2a6e611a8e8b6ec0925adecb2ae1bee1ff0bea82345bd2164 height=25 version=0x20000000 log2_work=5.700440 tx=26 date='2025-11-01T19:50:44Z' progress=1.000000 cache=0.3MiB(25txo)
2025-11-01T19:50:40Z Saw new header hash=44528a866b598dc95425723a36b3d457ca51fadda39259d18954bc110fff018f height=26
2025-11-01T19:50:40Z Saw new cmpctblock header hash=44528a866b598dc95425723a36b3d457ca51fadda39259d18954bc110fff018f peer=1
2025-11-01T19:50:40Z UpdateTip: new best=44528a866b598dc95425723a36b3d457ca51fadda39259d18954bc110fff018f height=26 version=0x20000000 log2_work=5.754888 tx=27 date='2025-11-01T19:50:45Z' progress=1.000000 cache=0.3MiB(26txo)
2025-11-01T19:50:40Z Saw new header hash=6bd679ed23d6c5450ec32a7f4c09d46ed8fdec6221a8489817316352c03fa8d4 height=27
2025-11-01T19:50:40Z Saw new cmpctblock header hash=6bd679ed23d6c5450ec32a7f4c09d46ed8fdec6221a8489817316352c03fa8d4 peer=1
2025-11-01T19:50:40Z UpdateTip: new best=6bd679ed23d6c5450ec32a7f4c09d46ed8fdec6221a8489817316352c03fa8d4 height=27 version=0x20000000 log2_work=5.807355 tx=28 date='2025-11-01T19:50:45Z' progress=1.000000 cache=0.3MiB(27txo)
2025-11-01T19:50:40Z Saw new header hash=2055db47d9af0b68c7fd82dc50f93956e353f25f0ec7515a99e2d210066a3ecf height=28
2025-11-01T19:50:40Z Saw new cmpctblock header hash=2055db47d9af0b68c7fd82dc50f93956e353f25f0ec7515a99e2d210066a3ecf peer=1
2025-11-01T19:50:40Z UpdateTip: new best=2055db47d9af0b68c7fd82dc50f93956e353f25f0ec7515a99e2d210066a3ecf height=28 version=0x20000000 log2_work=5.857981 tx=29 date='2025-11-01T19:50:45Z' progress=1.000000 cache=0.3MiB(28txo)
2025-11-01T19:50:40Z Saw new header hash=4b374b8a83bf3bb85e8a15e537f45cb08e11f9326c92d969e79f319a84ca8985 height=29
2025-11-01T19:50:40Z Saw new cmpctblock header hash=4b374b8a83bf3bb85e8a15e537f45cb08e11f9326c92d969e79f319a84ca8985 peer=0
2025-11-01T19:50:40Z UpdateTip: new best=4b374b8a83bf3bb85e8a15e537f45cb08e11f9326c92d969e79f319a84ca8985 height=29 version=0x20000000 log2_work=5.906891 tx=30 date='2025-11-01T19:50:45Z' progress=1.000000 cache=0.3MiB(29txo)
2025-11-01T19:50:40Z Saw new header hash=2501b5a49a9696e5148b5ece7ee441db38919c89b77e6641b4c6ac6f5f7c9b25 height=30
2025-11-01T19:50:40Z Saw new cmpctblock header hash=2501b5a49a9696e5148b5ece7ee441db38919c89b77e6641b4c6ac6f5f7c9b25 peer=0
2025-11-01T19:50:40Z UpdateTip: new best=2501b5a49a9696e5148b5ece7ee441db38919c89b77e6641b4c6ac6f5f7c9b25 height=30 version=0x20000000 log2_work=5.954196 tx=31 date='2025-11-01T19:50:45Z' progress=1.000000 cache=0.3MiB(30txo)
2025-11-01T19:50:40Z Saw new header hash=75ad8c4f29b44d85d7aba6cefb83228fb7d6129b3cabaf59f3ab6646aeaed190 height=31
2025-11-01T19:50:40Z Saw new cmpctblock header hash=75ad8c4f29b44d85d7aba6cefb83228fb7d6129b3cabaf59f3ab6646aeaed190 peer=0
2025-11-01T19:50:40Z UpdateTip: new best=75ad8c4f29b44d85d7aba6cefb83228fb7d6129b3cabaf59f3ab6646aeaed190 height=31 version=0x20000000 log2_work=6.000000 tx=32 date='2025-11-01T19:50:45Z' progress=1.000000 cache=0.3MiB(31txo)
2025-11-01T19:50:40Z Saw new header hash=5298671b47bf94d492ad8203e5f54fdf779df7bf15d2ea95929b7edd7ef68a28 height=32
2025-11-01T19:50:40Z UpdateTip: new best=5298671b47bf94d492ad8203e5f54fdf779df7bf15d2ea95929b7edd7ef68a28 height=32 version=0x20000000 log2_work=6.044394 tx=33 date='2025-11-01T19:50:46Z' progress=1.000000 cache=0.3MiB(32txo)
2025-11-01T19:50:40Z Saw new header hash=27dd078402fa21e3b3dc04ec104c15ad4029f1481f84243f6fa3db1292f26246 height=33
2025-11-01T19:50:40Z Saw new header hash=6d9730141dd50ca26dab1841af01da4cdd49c906efe12e998b3b7a58b73e95a8 height=34
2025-11-01T19:50:40Z Saw new header hash=020e2b8467925a7209dc2371e1bfb455eb20283e8d286b7f62c33ab514aa79e0 height=35
2025-11-01T19:50:40Z Saw new header hash=4d9ae5d02eaaff32be170526c636253484cae62a3f42209480745d3f3ac6232e height=36
2025-11-01T19:50:40Z Saw new header hash=4ed8ac76a2fdcb8e527c51b210e181351a89bf06466269f20236aae64acd1fdf height=37
2025-11-01T19:50:40Z Saw new cmpctblock header hash=4ed8ac76a2fdcb8e527c51b210e181351a89bf06466269f20236aae64acd1fdf peer=1
2025-11-01T19:50:40Z UpdateTip: new best=27dd078402fa21e3b3dc04ec104c15ad4029f1481f84243f6fa3db1292f26246 height=33 version=0x20000000 log2_work=6.087463 tx=34 date='2025-11-01T19:50:46Z' progress=1.000000 cache=0.3MiB(33txo)
2025-11-01T19:50:40Z UpdateTip: new best=6d9730141dd50ca26dab1841af01da4cdd49c906efe12e998b3b7a58b73e95a8 height=34 version=0x20000000 log2_work=6.129283 tx=35 date='2025-11-01T19:50:46Z' progress=1.000000 cache=0.3MiB(34txo)
2025-11-01T19:50:40Z UpdateTip: new best=020e2b8467925a7209dc2371e1bfb455eb20283e8d286b7f62c33ab514aa79e0 height=35 version=0x20000000 log2_work=6.169925 tx=36 date='2025-11-01T19:50:46Z' progress=1.000000 cache=0.3MiB(35txo)
2025-11-01T19:50:40Z Saw new header hash=7a1ddfb2e69b6bea5596850e7059afd8724197412ae78796741352ec947555bb height=38
2025-11-01T19:50:40Z Saw new cmpctblock header hash=7a1ddfb2e69b6bea5596850e7059afd8724197412ae78796741352ec947555bb peer=0
2025-11-01T19:50:40Z UpdateTip: new best=4d9ae5d02eaaff32be170526c636253484cae62a3f42209480745d3f3ac6232e height=36 version=0x20000000 log2_work=6.209453 tx=37 date='2025-11-01T19:50:46Z' progress=1.000000 cache=0.3MiB(36txo)
2025-11-01T19:50:40Z UpdateTip: new best=4ed8ac76a2fdcb8e527c51b210e181351a89bf06466269f20236aae64acd1fdf height=37 version=0x20000000 log2_work=6.247928 tx=38 date='2025-11-01T19:50:46Z' progress=1.000000 cache=0.3MiB(37txo)
2025-11-01T19:50:40Z UpdateTip: new best=7a1ddfb2e69b6bea5596850e7059afd8724197412ae78796741352ec947555bb height=38 version=0x20000000 log2_work=6.285402 tx=39 date='2025-11-01T19:50:47Z' progress=1.000000 cache=0.3MiB(38txo)
2025-11-01T19:50:40Z Saw new header hash=350d727e3cc0548600eed47d4c1ed4a1c7fd628150a65a0311e20dce206358a7 height=39
2025-11-01T19:50:40Z Saw new cmpctblock header hash=350d727e3cc0548600eed47d4c1ed4a1c7fd628150a65a0311e20dce206358a7 peer=1
2025-11-01T19:50:40Z UpdateTip: new best=350d727e3cc0548600eed47d4c1ed4a1c7fd628150a65a0311e20dce206358a7 height=39 version=0x20000000 log2_work=6.321928 tx=40 date='2025-11-01T19:50:47Z' progress=1.000000 cache=0.3MiB(39txo)
2025-11-01T19:50:40Z Saw new header hash=6e32cbbfbb5e9d91eb6c949748d6d606f4a6d0fcc16fec3a6eaac900c0e80165 height=40
2025-11-01T19:50:40Z Saw new cmpctblock header hash=6e32cbbfbb5e9d91eb6c949748d6d606f4a6d0fcc16fec3a6eaac900c0e80165 peer=1
2025-11-01T19:50:40Z UpdateTip: new best=6e32cbbfbb5e9d91eb6c949748d6d606f4a6d0fcc16fec3a6eaac900c0e80165 height=40 version=0x20000000 log2_work=6.357552 tx=41 date='2025-11-01T19:50:47Z' progress=1.000000 cache=0.3MiB(40txo)
2025-11-01T19:50:40Z Saw new header hash=78af17de5643aa136c7ae4d42182d1803964d62fade4af9e379804fef43c60e2 height=41
2025-11-01T19:50:40Z Saw new cmpctblock header hash=78af17de5643aa136c7ae4d42182d1803964d62fade4af9e379804fef43c60e2 peer=1
2025-11-01T19:50:40Z UpdateTip: new best=78af17de5643aa136c7ae4d42182d1803964d62fade4af9e379804fef43c60e2 height=41 version=0x20000000 log2_work=6.392317 tx=42 date='2025-11-01T19:50:47Z' progress=1.000000 cache=0.3MiB(41txo)
2025-11-01T19:50:40Z Saw new header hash=3c34f5e695e20ccaf3e73c544bcb5d4f44ce390396c788240e46d53e4fcffa5a height=42
2025-11-01T19:50:40Z Saw new cmpctblock header hash=3c34f5e695e20ccaf3e73c544bcb5d4f44ce390396c788240e46d53e4fcffa5a peer=1
2025-11-01T19:50:40Z UpdateTip: new best=3c34f5e695e20ccaf3e73c544bcb5d4f44ce390396c788240e46d53e4fcffa5a height=42 version=0x20000000 log2_work=6.426265 tx=43 date='2025-11-01T19:50:47Z' progress=1.000000 cache=0.3MiB(42txo)
2025-11-01T19:50:40Z Saw new header hash=30b7dc1d81a8a8217ff028fd7b55d32eb36a8290422a776debbc1aead9b93c2a height=43
2025-11-01T19:50:40Z Saw new cmpctblock header hash=30b7dc1d81a8a8217ff028fd7b55d32eb36a8290422a776debbc1aead9b93c2a peer=1
2025-11-01T19:50:40Z UpdateTip: new best=30b7dc1d81a8a8217ff028fd7b55d32eb36a8290422a776debbc1aead9b93c2a height=43 version=0x20000000 log2_work=6.459432 tx=44 date='2025-11-01T19:50:47Z' progress=1.000000 cache=0.3MiB(43txo)
2025-11-01T19:50:40Z Saw new header hash=22e25ee522a08b3d8a6135271e8c830e2138cc3b3a832b2fbe4064bbfd4a441e height=44
2025-11-01T19:50:40Z Saw new cmpctblock header hash=22e25ee522a08b3d8a6135271e8c830e2138cc3b3a832b2fbe4064bbfd4a441e peer=1
2025-11-01T19:50:40Z UpdateTip: new best=22e25ee522a08b3d8a6135271e8c830e2138cc3b3a832b2fbe4064bbfd4a441e height=44 version=0x20000000 log2_work=6.491853 tx=45 date='2025-11-01T19:50:48Z' progress=1.000000 cache=0.3MiB(44txo)
2025-11-01T19:50:40Z Saw new header hash=7ce0de3fe5e58c37fd31e08cd86affeabe15d0bb69ed42fddedbea15d02c0554 height=45
2025-11-01T19:50:40Z Saw new cmpctblock header hash=7ce0de3fe5e58c37fd31e08cd86affeabe15d0bb69ed42fddedbea15d02c0554 peer=1
2025-11-01T19:50:40Z UpdateTip: new best=7ce0de3fe5e58c37fd31e08cd86affeabe15d0bb69ed42fddedbea15d02c0554 height=45 version=0x20000000 log2_work=6.523562 tx=46 date='2025-11-01T19:50:48Z' progress=1.000000 cache=0.3MiB(45txo)
2025-11-01T19:50:40Z Saw new header hash=64e2232c9041456e68f3cb922d6ab6da666d7327a7433d5f0562b61c3420b939 height=46
2025-11-01T19:50:40Z Saw new cmpctblock header hash=64e2232c9041456e68f3cb922d6ab6da666d7327a7433d5f0562b61c3420b939 peer=1
2025-11-01T19:50:40Z UpdateTip: new best=64e2232c9041456e68f3cb922d6ab6da666d7327a7433d5f0562b61c3420b939 height=46 version=0x20000000 log2_work=6.554589 tx=47 date='2025-11-01T19:50:48Z' progress=1.000000 cache=0.3MiB(46txo)
2025-11-01T19:50:40Z Saw new header hash=274e08a0b3734e0910e71198d0187242e06e29b4cfe2c5819dc451e9619c328b height=47
2025-11-01T19:50:40Z Saw new cmpctblock header hash=274e08a0b3734e0910e71198d0187242e06e29b4cfe2c5819dc451e9619c328b peer=1
2025-11-01T19:50:40Z UpdateTip: new best=274e08a0b3734e0910e71198d0187242e06e29b4cfe2c5819dc451e9619c328b height=47 version=0x20000000 log2_work=6.584963 tx=48 date='2025-11-01T19:50:48Z' progress=1.000000 cache=0.3MiB(47txo)
2025-11-01T19:50:40Z Saw new header hash=6ea9b44400b8b0e163eaf6895451385aa01cb2a07889af494b288f5254f85585 height=48
2025-11-01T19:50:40Z Saw new cmpctblock header hash=6ea9b44400b8b0e163eaf6895451385aa01cb2a07889af494b288f5254f85585 peer=1
2025-11-01T19:50:40Z UpdateTip: new best=6ea9b44400b8b0e163eaf6895451385aa01cb2a07889af494b288f5254f85585 height=48 version=0x20000000 log2_work=6.614710 tx=49 date='2025-11-01T19:50:48Z' progress=1.000000 cache=0.3MiB(48txo)
2025-11-01T19:50:40Z Saw new header hash=6d136ef21ea81e0bc2a9d09f0c455ef0f9360b75f83d319e65f644ac7ceb5152 height=49
2025-11-01T19:50:40Z Saw new cmpctblock header hash=6d136ef21ea81e0bc2a9d09f0c455ef0f9360b75f83d319e65f644ac7ceb5152 peer=1
2025-11-01T19:50:40Z UpdateTip: new best=6d136ef21ea81e0bc2a9d09f0c455ef0f9360b75f83d319e65f644ac7ceb5152 height=49 version=0x20000000 log2_work=6.643856 tx=50 date='2025-11-01T19:50:48Z' progress=1.000000 cache=0.3MiB(49txo)
2025-11-01T19:50:40Z Saw new header hash=3e5e91eed5c1c93bb5773c01dc91e00522427c4a7fc76c772c544efeb84ff5a3 height=50
2025-11-01T19:50:40Z Saw new cmpctblock header hash=3e5e91eed5c1c93bb5773c01dc91e00522427c4a7fc76c772c544efeb84ff5a3 peer=1
2025-11-01T19:50:40Z UpdateTip: new best=3e5e91eed5c1c93bb5773c01dc91e00522427c4a7fc76c772c544efeb84ff5a3 height=50 version=0x20000000 log2_work=6.672425 tx=51 date='2025-11-01T19:50:49Z' progress=1.000000 cache=0.3MiB(50txo)
2025-11-01T19:50:40Z Saw new header hash=7c24edf933b8a9baaf25d36289033138e10dd0533999505cc29e79018278e961 height=51
2025-11-01T19:50:40Z Saw new cmpctblock header hash=7c24edf933b8a9baaf25d36289033138e10dd0533999505cc29e79018278e961 peer=1
2025-11-01T19:50:40Z UpdateTip: new best=7c24edf933b8a9baaf25d36289033138e10dd0533999505cc29e79018278e961 height=51 version=0x20000000 log2_work=6.700440 tx=52 date='2025-11-01T19:50:49Z' progress=1.000000 cache=0.3MiB(51txo)
2025-11-01T19:50:40Z Saw new header hash=7dc356cd6f0ea3d4ae712491ffad2e9b9844f160b4ebf5e7f3a0e4185a3c970e height=52
2025-11-01T19:50:40Z Saw new header hash=38461b3f3e063192112ead8ef055bde8bef2cc69f2d8a8cb67b363f785899c6f height=53
2025-11-01T19:50:40Z Saw new header hash=5d0d44802aa5e110d97edf94285456f5625ad9a9964b682101a34cbac1801587 height=54
2025-11-01T19:50:40Z Saw new header hash=28fd1f5220f8ca47720c7557d6b9fbc687d54d19d75b61e5bcdcec39d4e2aa13 height=55
2025-11-01T19:50:40Z Saw new header hash=56fa154b8e99331382a858aad1878ccab518dbdf86bc8aa08d4f01cf1d09bd15 height=56
2025-11-01T19:50:40Z Saw new header hash=68217c54ccdca0d97f991a79986e20f740e03a6c62a6d858a963025e94b4c2f5 height=57
2025-11-01T19:50:40Z Saw new cmpctblock header hash=68217c54ccdca0d97f991a79986e20f740e03a6c62a6d858a963025e94b4c2f5 peer=1
2025-11-01T19:50:40Z Saw new header hash=2ce19f977e96b8967d0b34c7b237787f7ff3c478e09a84f81f204cfea470e8ab height=58
2025-11-01T19:50:40Z Saw new cmpctblock header hash=2ce19f977e96b8967d0b34c7b237787f7ff3c478e09a84f81f204cfea470e8ab peer=1
2025-11-01T19:50:40Z Saw new header hash=55f26648b40d194c66ac111c35419c4c1210fec066980b344c223516a3fe6587 height=59
2025-11-01T19:50:40Z Saw new cmpctblock header hash=55f26648b40d194c66ac111c35419c4c1210fec066980b344c223516a3fe6587 peer=1
2025-11-01T19:50:40Z Saw new header hash=33233ec6450fff9f9607e61444fcef07289593ec71aacbe305ccafae6aca271f height=60
2025-11-01T19:50:40Z Saw new cmpctblock header hash=33233ec6450fff9f9607e61444fcef07289593ec71aacbe305ccafae6aca271f peer=1
2025-11-01T19:50:40Z UpdateTip: new best=7dc356cd6f0ea3d4ae712491ffad2e9b9844f160b4ebf5e7f3a0e4185a3c970e height=52 version=0x20000000 log2_work=6.727920 tx=53 date='2025-11-01T19:50:49Z' progress=1.000000 cache=0.3MiB(52txo)
2025-11-01T19:50:40Z UpdateTip: new best=38461b3f3e063192112ead8ef055bde8bef2cc69f2d8a8cb67b363f785899c6f height=53 version=0x20000000 log2_work=6.754888 tx=54 date='2025-11-01T19:50:49Z' progress=1.000000 cache=0.3MiB(53txo)
2025-11-01T19:50:40Z Saw new header hash=5fbc3ead948f83d3d05e002c7c9f4617282bfe6ac22f651363db9434648e15ff height=61
2025-11-01T19:50:40Z Saw new cmpctblock header hash=5fbc3ead948f83d3d05e002c7c9f4617282bfe6ac22f651363db9434648e15ff peer=0
2025-11-01T19:50:40Z UpdateTip: new best=5d0d44802aa5e110d97edf94285456f5625ad9a9964b682101a34cbac1801587 height=54 version=0x20000000 log2_work=6.781360 tx=55 date='2025-11-01T19:50:49Z' progress=1.000000 cache=0.3MiB(54txo)
2025-11-01T19:50:40Z Saw new header hash=700690c1dffb807acc11f337e48eb6d42e9a1d5bd61c4d4e1ac4db611fc8f619 height=62
2025-11-01T19:50:40Z Saw new cmpctblock header hash=700690c1dffb807acc11f337e48eb6d42e9a1d5bd61c4d4e1ac4db611fc8f619 peer=0
2025-11-01T19:50:40Z UpdateTip: new best=28fd1f5220f8ca47720c7557d6b9fbc687d54d19d75b61e5bcdcec39d4e2aa13 height=55 version=0x20000000 log2_work=6.807355 tx=56 date='2025-11-01T19:50:49Z' progress=1.000000 cache=0.3MiB(55txo)
2025-11-01T19:50:40Z Saw new header hash=5f5d267d7606a0978de0bf3bbec04b9f802a4698b06ae71f90b54f86a227b0f0 height=63
2025-11-01T19:50:40Z Saw new cmpctblock header hash=5f5d267d7606a0978de0bf3bbec04b9f802a4698b06ae71f90b54f86a227b0f0 peer=1
2025-11-01T19:50:40Z UpdateTip: new best=56fa154b8e99331382a858aad1878ccab518dbdf86bc8aa08d4f01cf1d09bd15 height=56 version=0x20000000 log2_work=6.832890 tx=57 date='2025-11-01T19:50:50Z' progress=1.000000 cache=0.3MiB(56txo)
2025-11-01T19:50:40Z UpdateTip: new best=68217c54ccdca0d97f991a79986e20f740e03a6c62a6d858a963025e94b4c2f5 height=57 version=0x20000000 log2_work=6.857981 tx=58 date='2025-11-01T19:50:50Z' progress=1.000000 cache=0.3MiB(57txo)
2025-11-01T19:50:40Z UpdateTip: new best=2ce19f977e96b8967d0b34c7b237787f7ff3c478e09a84f81f204cfea470e8ab height=58 version=0x20000000 log2_work=6.882643 tx=59 date='2025-11-01T19:50:50Z' progress=1.000000 cache=0.3MiB(58txo)
2025-11-01T19:50:40Z UpdateTip: new best=55f26648b40d194c66ac111c35419c4c1210fec066980b344c223516a3fe6587 height=59 version=0x20000000 log2_work=6.906891 tx=60 date='2025-11-01T19:50:50Z' progress=1.000000 cache=0.3MiB(59txo)
2025-11-01T19:50:40Z UpdateTip: new best=33233ec6450fff9f9607e61444fcef07289593ec71aacbe305ccafae6aca271f height=60 version=0x20000000 log2_work=6.930737 tx=61 date='2025-11-01T19:50:50Z' progress=1.000000 cache=0.3MiB(60txo)
2025-11-01T19:50:40Z UpdateTip: new best=5fbc3ead948f83d3d05e002c7c9f4617282bfe6ac22f651363db9434648e15ff height=61 version=0x20000000 log2_work=6.954196 tx=62 date='2025-11-01T19:50:50Z' progress=1.000000 cache=0.3MiB(61txo)
2025-11-01T19:50:40Z UpdateTip: new best=700690c1dffb807acc11f337e48eb6d42e9a1d5bd61c4d4e1ac4db611fc8f619 height=62 version=0x20000000 log2_work=6.977280 tx=63 date='2025-11-01T19:50:51Z' progress=1.000000 cache=0.3MiB(62txo)
2025-11-01T19:50:40Z Saw new header hash=67a05fa9e153af4521c51cc69eeb483f1b4a9a298795cb7b48c8241c4efa80aa height=64
2025-11-01T19:50:40Z Saw new cmpctblock header hash=67a05fa9e153af4521c51cc69eeb483f1b4a9a298795cb7b48c8241c4efa80aa peer=0
2025-11-01T19:50:40Z UpdateTip: new best=5f5d267d7606a0978de0bf3bbec04b9f802a4698b06ae71f90b54f86a227b0f0 height=63 version=0x20000000 log2_work=7.000000 tx=64 date='2025-11-01T19:50:51Z' progress=1.000000 cache=0.3MiB(63txo)
2025-11-01T19:50:40Z UpdateTip: new best=67a05fa9e153af4521c51cc69eeb483f1b4a9a298795cb7b48c8241c4efa80aa height=64 version=0x20000000 log2_work=7.022368 tx=65 date='2025-11-01T19:50:51Z' progress=1.000000 cache=0.3MiB(64txo)
2025-11-01T19:50:40Z Saw new header hash=4c56a92e8a5da86400b07bb9e95953fa9667bce0bd7ed85d334f9412063497f8 height=65
2025-11-01T19:50:40Z Saw new cmpctblock header hash=4c56a92e8a5da86400b07bb9e95953fa9667bce0bd7ed85d334f9412063497f8 peer=0
2025-11-01T19:50:40Z UpdateTip: new best=4c56a92e8a5da86400b07bb9e95953fa9667bce0bd7ed85d334f9412063497f8 height=65 version=0x20000000 log2_work=7.044394 tx=66 date='2025-11-01T19:50:51Z' progress=1.000000 cache=0.3MiB(65txo)
2025-11-01T19:50:40Z Saw new header hash=0b57b5f904134414b197e2117cd98e65a4862f19d111ff0aac64a7f9703efebc height=66
2025-11-01T19:50:40Z Saw new cmpctblock header hash=0b57b5f904134414b197e2117cd98e65a4862f19d111ff0aac64a7f9703efebc peer=0
2025-11-01T19:50:40Z UpdateTip: new best=0b57b5f904134414b197e2117cd98e65a4862f19d111ff0aac64a7f9703efebc height=66 version=0x20000000 log2_work=7.066089 tx=67 date='2025-11-01T19:50:51Z' progress=1.000000 cache=0.3MiB(66txo)
2025-11-01T19:50:40Z Saw new header hash=5fcda87a2ebd35f4db5826a2866f921f3484e22f63c30e843415af78e20f1e00 height=67
2025-11-01T19:50:40Z Saw new cmpctblock header hash=5fcda87a2ebd35f4db5826a2866f921f3484e22f63c30e843415af78e20f1e00 peer=0
2025-11-01T19:50:40Z UpdateTip: new best=5fcda87a2ebd35f4db5826a2866f921f3484e22f63c30e843415af78e20f1e00 height=67 version=0x20000000 log2_work=7.087463 tx=68 date='2025-11-01T19:50:51Z' progress=1.000000 cache=0.3MiB(67txo)
2025-11-01T19:50:40Z Saw new header hash=73717de9b8cd60d1e63390d3a32023b7b3e9a293f149be5097a61ab6ce8a0c4e height=68
2025-11-01T19:50:40Z Saw new header hash=120fcd76645e1aaad484d27274833740b3f37974ec02d8faad765defee9501e5 height=69
2025-11-01T19:50:40Z Saw new header hash=79f62948dde1a9b3e43e8c8bd2e086aa14068e887077f88207a555347c54cd0e height=70
2025-11-01T19:50:40Z Saw new cmpctblock header hash=79f62948dde1a9b3e43e8c8bd2e086aa14068e887077f88207a555347c54cd0e peer=0
2025-11-01T19:50:40Z Saw new header hash=378b067f9aaf0af93c5e13660b0126a6805e1107d133ca29c3a046d119e6f9df height=71
2025-11-01T19:50:40Z Saw new cmpctblock header hash=378b067f9aaf0af93c5e13660b0126a6805e1107d133ca29c3a046d119e6f9df peer=0
2025-11-01T19:50:40Z Saw new header hash=4d77a4e67d5cd341e32ca265aca330be7f2b8e51dc48c994dbab4466a686a453 height=72
2025-11-01T19:50:40Z Saw new cmpctblock header hash=4d77a4e67d5cd341e32ca265aca330be7f2b8e51dc48c994dbab4466a686a453 peer=0
2025-11-01T19:50:40Z Saw new header hash=67312b85d10fc07ba193637753be228d937da797689d4dbd4c55ad6f8af2d0ad height=73
2025-11-01T19:50:40Z Saw new cmpctblock header hash=67312b85d10fc07ba193637753be228d937da797689d4dbd4c55ad6f8af2d0ad peer=0
2025-11-01T19:50:40Z Saw new header hash=0f18f54c119e181a1ab7dbc790f6583d8ecc5b6a3c21257f51ff22ade965a093 height=74
2025-11-01T19:50:40Z Saw new cmpctblock header hash=0f18f54c119e181a1ab7dbc790f6583d8ecc5b6a3c21257f51ff22ade965a093 peer=0
2025-11-01T19:50:40Z Saw new header hash=158748b02c7aacba88b7505e611a0ad09c4f0b6ce843e4676242dae6a438ed9f height=75
2025-11-01T19:50:40Z Saw new cmpctblock header hash=158748b02c7aacba88b7505e611a0ad09c4f0b6ce843e4676242dae6a438ed9f peer=0
2025-11-01T19:50:40Z Saw new header hash=7ba73364b1ef5552aa1aee38915ecc8a77a81116b51452a08b7450e82dc394a7 height=76
2025-11-01T19:50:40Z Saw new cmpctblock header hash=7ba73364b1ef5552aa1aee38915ecc8a77a81116b51452a08b7450e82dc394a7 peer=0
2025-11-01T19:50:40Z UpdateTip: new best=73717de9b8cd60d1e63390d3a32023b7b3e9a293f149be5097a61ab6ce8a0c4e height=68 version=0x20000000 log2_work=7.108524 tx=69 date='2025-11-01T19:50:52Z' progress=1.000000 cache=0.3MiB(68txo)
2025-11-01T19:50:40Z Saw new header hash=0d693d2dd75e11cefa8ab67b30eaf1324ea774e0cf10b039f9cacd1bc8b079c4 height=77
2025-11-01T19:50:40Z Saw new cmpctblock header hash=0d693d2dd75e11cefa8ab67b30eaf1324ea774e0cf10b039f9cacd1bc8b079c4 peer=1
2025-11-01T19:50:40Z Saw new header hash=02c9fb371b9abd7cfef6b62b9f8d76a30033d43c236309086fa54d4772b00d0c height=78
2025-11-01T19:50:40Z Saw new cmpctblock header hash=02c9fb371b9abd7cfef6b62b9f8d76a30033d43c236309086fa54d4772b00d0c peer=0
2025-11-01T19:50:40Z Saw new header hash=5b195c162807592cdae5a8c3a76fbb49dc519d840e6b7a84b0baa074e58a6702 height=79
2025-11-01T19:50:40Z Saw new cmpctblock header hash=5b195c162807592cdae5a8c3a76fbb49dc519d840e6b7a84b0baa074e58a6702 peer=0
2025-11-01T19:50:40Z UpdateTip: new best=120fcd76645e1aaad484d27274833740b3f37974ec02d8faad765defee9501e5 height=69 version=0x20000000 log2_work=7.129283 tx=70 date='2025-11-01T19:50:52Z' progress=1.000000 cache=0.3MiB(69txo)
2025-11-01T19:50:40Z UpdateTip: new best=79f62948dde1a9b3e43e8c8bd2e086aa14068e887077f88207a555347c54cd0e height=70 version=0x20000000 log2_work=7.149747 tx=71 date='2025-11-01T19:50:52Z' progress=1.000000 cache=0.3MiB(70txo)
2025-11-01T19:50:40Z UpdateTip: new best=378b067f9aaf0af93c5e13660b0126a6805e1107d133ca29c3a046d119e6f9df height=71 version=0x20000000 log2_work=7.169925 tx=72 date='2025-11-01T19:50:52Z' progress=1.000000 cache=0.3MiB(71txo)
2025-11-01T19:50:40Z Saw new header hash=725329b7446af58e51d689ec3af041d23cba97f8d59f991a4879fcea611d6eb6 height=80
2025-11-01T19:50:40Z Saw new cmpctblock header hash=725329b7446af58e51d689ec3af041d23cba97f8d59f991a4879fcea611d6eb6 peer=1
2025-11-01T19:50:40Z UpdateTip: new best=4d77a4e67d5cd341e32ca265aca330be7f2b8e51dc48c994dbab4466a686a453 height=72 version=0x20000000 log2_work=7.189825 tx=73 date='2025-11-01T19:50:52Z' progress=1.000000 cache=0.3MiB(72txo)
2025-11-01T19:50:40Z Saw new header hash=0b38dd5fe9131bda22281582c3fd6429aa079b981ae3fac524938d8daee00486 height=81
2025-11-01T19:50:40Z Saw new cmpctblock header hash=0b38dd5fe9131bda22281582c3fd6429aa079b981ae3fac524938d8daee00486 peer=1
2025-11-01T19:50:40Z UpdateTip: new best=67312b85d10fc07ba193637753be228d937da797689d4dbd4c55ad6f8af2d0ad height=73 version=0x20000000 log2_work=7.209453 tx=74 date='2025-11-01T19:50:52Z' progress=1.000000 cache=0.3MiB(73txo)
2025-11-01T19:50:40Z UpdateTip: new best=0f18f54c119e181a1ab7dbc790f6583d8ecc5b6a3c21257f51ff22ade965a093 height=74 version=0x20000000 log2_work=7.228819 tx=75 date='2025-11-01T19:50:53Z' progress=1.000000 cache=0.3MiB(74txo)
2025-11-01T19:50:40Z Saw new header hash=6487ae7e704d6dd4b7dfe03397c8fb95eb4ddef963540936f4b487fbd6b4ce53 height=82
2025-11-01T19:50:40Z Saw new cmpctblock header hash=6487ae7e704d6dd4b7dfe03397c8fb95eb4ddef963540936f4b487fbd6b4ce53 peer=0
2025-11-01T19:50:40Z UpdateTip: new best=158748b02c7aacba88b7505e611a0ad09c4f0b6ce843e4676242dae6a438ed9f height=75 version=0x20000000 log2_work=7.247928 tx=76 date='2025-11-01T19:50:53Z' progress=1.000000 cache=0.3MiB(75txo)
2025-11-01T19:50:40Z Saw new header hash=63e09cbef852e8ab659224d3438deb391efbba54e17bb04145fa27f4a63aec21 height=83
2025-11-01T19:50:40Z Saw new cmpctblock header hash=63e09cbef852e8ab659224d3438deb391efbba54e17bb04145fa27f4a63aec21 peer=0
2025-11-01T19:50:40Z UpdateTip: new best=7ba73364b1ef5552aa1aee38915ecc8a77a81116b51452a08b7450e82dc394a7 height=76 version=0x20000000 log2_work=7.266787 tx=77 date='2025-11-01T19:50:53Z' progress=1.000000 cache=0.3MiB(76txo)
2025-11-01T19:50:40Z UpdateTip: new best=0d693d2dd75e11cefa8ab67b30eaf1324ea774e0cf10b039f9cacd1bc8b079c4 height=77 version=0x20000000 log2_work=7.285402 tx=78 date='2025-11-01T19:50:53Z' progress=1.000000 cache=0.3MiB(77txo)
2025-11-01T19:50:40Z Saw new header hash=2fa23796f043a5fe04f06f24ca57af8d024525efc63716a01f9ab2941ce777aa height=84
2025-11-01T19:50:40Z Saw new cmpctblock header hash=2fa23796f043a5fe04f06f24ca57af8d024525efc63716a01f9ab2941ce777aa peer=1
2025-11-01T19:50:40Z Saw new header hash=79e6ad0adabb47b7a24c820ce2800f11c9f9c761b1b0580a8b5d9994f63a3676 height=85
2025-11-01T19:50:40Z Saw new cmpctblock header hash=79e6ad0adabb47b7a24c820ce2800f11c9f9c761b1b0580a8b5d9994f63a3676 peer=1
2025-11-01T19:50:40Z Saw new header hash=5fcd475b8224f9979e0bed24d17101bea4b66719a02c8c2b77befd45f4ee210d height=86
2025-11-01T19:50:40Z Saw new cmpctblock header hash=5fcd475b8224f9979e0bed24d17101bea4b66719a02c8c2b77befd45f4ee210d peer=1
2025-11-01T19:50:40Z UpdateTip: new best=02c9fb371b9abd7cfef6b62b9f8d76a30033d43c236309086fa54d4772b00d0c height=78 version=0x20000000 log2_work=7.303781 tx=79 date='2025-11-01T19:50:53Z' progress=1.000000 cache=0.3MiB(78txo)
2025-11-01T19:50:40Z Saw new header hash=3464858ba32f72e9dca9cd9be16a689891ff6138e2595f9d84124173664f72cb height=87
2025-11-01T19:50:40Z Saw new cmpctblock header hash=3464858ba32f72e9dca9cd9be16a689891ff6138e2595f9d84124173664f72cb peer=1
2025-11-01T19:50:40Z UpdateTip: new best=5b195c162807592cdae5a8c3a76fbb49dc519d840e6b7a84b0baa074e58a6702 height=79 version=0x20000000 log2_work=7.321928 tx=80 date='2025-11-01T19:50:53Z' progress=1.000000 cache=0.3MiB(79txo)
2025-11-01T19:50:40Z UpdateTip: new best=725329b7446af58e51d689ec3af041d23cba97f8d59f991a4879fcea611d6eb6 height=80 version=0x20000000 log2_work=7.339850 tx=81 date='2025-11-01T19:50:54Z' progress=1.000000 cache=0.3MiB(80txo)
2025-11-01T19:50:40Z UpdateTip: new best=0b38dd5fe9131bda22281582c3fd6429aa079b981ae3fac524938d8daee00486 height=81 version=0x20000000 log2_work=7.357552 tx=82 date='2025-11-01T19:50:54Z' progress=1.000000 cache=0.3MiB(81txo)
2025-11-01T19:50:40Z Saw new header hash=4decb15533d8e4b2774ef285edbf0161d544cde39dc6adb346623284f2d63eab height=88
2025-11-01T19:50:40Z Saw new cmpctblock header hash=4decb15533d8e4b2774ef285edbf0161d544cde39dc6adb346623284f2d63eab peer=1
2025-11-01T19:50:40Z Saw new header hash=2f4775e4c16973fe0e534788ed8b5e205639633ccdaf30db4360f9c8baa06253 height=89
2025-11-01T19:50:40Z Saw new cmpctblock header hash=2f4775e4c16973fe0e534788ed8b5e205639633ccdaf30db4360f9c8baa06253 peer=1
2025-11-01T19:50:40Z Saw new header hash=5a61966ea0e783de5aad2e5ea45d9e1e2a1636f6bd57fe81e0f8774ffc64be96 height=90
2025-11-01T19:50:40Z Saw new cmpctblock header hash=5a61966ea0e783de5aad2e5ea45d9e1e2a1636f6bd57fe81e0f8774ffc64be96 peer=1
2025-11-01T19:50:40Z Saw new header hash=345b8cc54d41ca5d1a94fed1b58a60ad9f24dfb0b38425c97b597ded83837b93 height=91
2025-11-01T19:50:40Z Saw new cmpctblock header hash=345b8cc54d41ca5d1a94fed1b58a60ad9f24dfb0b38425c97b597ded83837b93 peer=1
2025-11-01T19:50:40Z UpdateTip: new best=6487ae7e704d6dd4b7dfe03397c8fb95eb4ddef963540936f4b487fbd6b4ce53 height=82 version=0x20000000 log2_work=7.375039 tx=83 date='2025-11-01T19:50:54Z' progress=1.000000 cache=0.3MiB(82txo)
2025-11-01T19:50:40Z Saw new header hash=751cde52113ccee67cbfe3ba020698148bbd16394c7b61ef772d2ef977e49dae height=92
2025-11-01T19:50:40Z Saw new cmpctblock header hash=751cde52113ccee67cbfe3ba020698148bbd16394c7b61ef772d2ef977e49dae peer=1
2025-11-01T19:50:40Z Saw new header hash=6a0c6c7c39b5ca1ac2d433ff6fe208faabae6ac61da10a2245f4dfa96a79036e height=93
2025-11-01T19:50:40Z Saw new cmpctblock header hash=6a0c6c7c39b5ca1ac2d433ff6fe208faabae6ac61da10a2245f4dfa96a79036e peer=1
2025-11-01T19:50:40Z Saw new header hash=390ef00c690aa6e28c46260206967913c2ffffaa67c4c5423e30102c2cf760d6 height=94
2025-11-01T19:50:40Z Saw new cmpctblock header hash=390ef00c690aa6e28c46260206967913c2ffffaa67c4c5423e30102c2cf760d6 peer=1
2025-11-01T19:50:40Z Saw new header hash=0e52c8cde04553e25a5e3e90646808794ca422309f178dba74915eb98f060056 height=95
2025-11-01T19:50:40Z Saw new cmpctblock header hash=0e52c8cde04553e25a5e3e90646808794ca422309f178dba74915eb98f060056 peer=1
2025-11-01T19:50:40Z Saw new header hash=44f25e9a059ce3eedbd15f4700855b37c196ebaba5aa00778ead2d68705c5351 height=96
2025-11-01T19:50:40Z Saw new cmpctblock header hash=44f25e9a059ce3eedbd15f4700855b37c196ebaba5aa00778ead2d68705c5351 peer=1
2025-11-01T19:50:40Z Saw new header hash=1beb91e8de8f2d19d90bd7e0d124d1cecf661d76d4380665855f2c5229abd570 height=97
2025-11-01T19:50:40Z Saw new cmpctblock header hash=1beb91e8de8f2d19d90bd7e0d124d1cecf661d76d4380665855f2c5229abd570 peer=1
2025-11-01T19:50:40Z UpdateTip: new best=63e09cbef852e8ab659224d3438deb391efbba54e17bb04145fa27f4a63aec21 height=83 version=0x20000000 log2_work=7.392317 tx=84 date='2025-11-01T19:50:54Z' progress=1.000000 cache=0.3MiB(83txo)
2025-11-01T19:50:40Z UpdateTip: new best=2fa23796f043a5fe04f06f24ca57af8d024525efc63716a01f9ab2941ce777aa height=84 version=0x20000000 log2_work=7.409391 tx=85 date='2025-11-01T19:50:54Z' progress=1.000000 cache=0.3MiB(84txo)
2025-11-01T19:50:40Z UpdateTip: new best=79e6ad0adabb47b7a24c820ce2800f11c9f9c761b1b0580a8b5d9994f63a3676 height=85 version=0x20000000 log2_work=7.426265 tx=86 date='2025-11-01T19:50:54Z' progress=1.000000 cache=0.3MiB(85txo)
2025-11-01T19:50:40Z Saw new header hash=0297b49032c861e535a2c521063bd5325e6bb1c1d2c4f2d3f85d21010bf6da97 height=98
2025-11-01T19:50:40Z Saw new cmpctblock header hash=0297b49032c861e535a2c521063bd5325e6bb1c1d2c4f2d3f85d21010bf6da97 peer=1
2025-11-01T19:50:40Z UpdateTip: new best=5fcd475b8224f9979e0bed24d17101bea4b66719a02c8c2b77befd45f4ee210d height=86 version=0x20000000 log2_work=7.442943 tx=87 date='2025-11-01T19:50:55Z' progress=1.000000 cache=0.3MiB(86txo)
2025-11-01T19:50:40Z UpdateTip: new best=3464858ba32f72e9dca9cd9be16a689891ff6138e2595f9d84124173664f72cb height=87 version=0x20000000 log2_work=7.459432 tx=88 date='2025-11-01T19:50:55Z' progress=1.000000 cache=0.3MiB(87txo)
2025-11-01T19:50:40Z Saw new header hash=05e0acb623c3e8312fb4a155d4a8e79b5a4313a3e25bf776a4a012a8d0c3fe69 height=99
2025-11-01T19:50:40Z Saw new cmpctblock header hash=05e0acb623c3e8312fb4a155d4a8e79b5a4313a3e25bf776a4a012a8d0c3fe69 peer=1
2025-11-01T19:50:40Z Saw new header hash=5e32e4c707142e4238da4737c0a3d6306a6ab31e7b530531af1bfadda3deb0a5 height=100
2025-11-01T19:50:40Z Saw new cmpctblock header hash=5e32e4c707142e4238da4737c0a3d6306a6ab31e7b530531af1bfadda3deb0a5 peer=1
2025-11-01T19:50:40Z Saw new header hash=340a3eebfbeea8d774f505721a6159670fa8a732ef563ff7384f4c06280c156d height=101
2025-11-01T19:50:40Z Saw new cmpctblock header hash=340a3eebfbeea8d774f505721a6159670fa8a732ef563ff7384f4c06280c156d peer=1
2025-11-01T19:50:40Z UpdateTip: new best=4decb15533d8e4b2774ef285edbf0161d544cde39dc6adb346623284f2d63eab height=88 version=0x20000000 log2_work=7.475733 tx=89 date='2025-11-01T19:50:55Z' progress=1.000000 cache=0.3MiB(88txo)
2025-11-01T19:50:40Z Saw new header hash=2e879639ed7fc5e782b03c31b00df33a8ff0c12df4af0067b4f089c85d5ce399 height=102
2025-11-01T19:50:40Z Saw new cmpctblock header hash=2e879639ed7fc5e782b03c31b00df33a8ff0c12df4af0067b4f089c85d5ce399 peer=0
2025-11-01T19:50:40Z UpdateTip: new best=2f4775e4c16973fe0e534788ed8b5e205639633ccdaf30db4360f9c8baa06253 height=89 version=0x20000000 log2_work=7.491853 tx=90 date='2025-11-01T19:50:55Z' progress=1.000000 cache=0.3MiB(89txo)
2025-11-01T19:50:40Z UpdateTip: new best=5a61966ea0e783de5aad2e5ea45d9e1e2a1636f6bd57fe81e0f8774ffc64be96 height=90 version=0x20000000 log2_work=7.507795 tx=91 date='2025-11-01T19:50:55Z' progress=1.000000 cache=0.3MiB(90txo)
2025-11-01T19:50:40Z Saw new header hash=07e249cb41752fb1937b12edb325792d7af9962bbdaa8d83c6d9c6d69df2906d height=103
2025-11-01T19:50:40Z Saw new cmpctblock header hash=07e249cb41752fb1937b12edb325792d7af9962bbdaa8d83c6d9c6d69df2906d peer=0
2025-11-01T19:50:40Z UpdateTip: new best=345b8cc54d41ca5d1a94fed1b58a60ad9f24dfb0b38425c97b597ded83837b93 height=91 version=0x20000000 log2_work=7.523562 tx=92 date='2025-11-01T19:50:55Z' progress=1.000000 cache=0.3MiB(91txo)
2025-11-01T19:50:40Z Saw new header hash=0d5e154d434105f29292bf103e49f25920c5660c15be1c8e7cc7e11370043990 height=104
2025-11-01T19:50:40Z Saw new cmpctblock header hash=0d5e154d434105f29292bf103e49f25920c5660c15be1c8e7cc7e11370043990 peer=0
2025-11-01T19:50:40Z UpdateTip: new best=751cde52113ccee67cbfe3ba020698148bbd16394c7b61ef772d2ef977e49dae height=92 version=0x20000000 log2_work=7.539159 tx=93 date='2025-11-01T19:50:56Z' progress=1.000000 cache=0.3MiB(92txo)
2025-11-01T19:50:40Z Saw new header hash=3ebe975a6f086e5552f5522aefb6eafed1c6fedc6ae23a209a5ccf6646ed1071 height=105
2025-11-01T19:50:40Z Saw new cmpctblock header hash=3ebe975a6f086e5552f5522aefb6eafed1c6fedc6ae23a209a5ccf6646ed1071 peer=0
2025-11-01T19:50:40Z Saw new header hash=5604128c2c56fb2237f535c07ea5792136987c900aaddbf2fedd8d2beda06a5c height=106
2025-11-01T19:50:40Z Saw new cmpctblock header hash=5604128c2c56fb2237f535c07ea5792136987c900aaddbf2fedd8d2beda06a5c peer=0
2025-11-01T19:50:40Z UpdateTip: new best=6a0c6c7c39b5ca1ac2d433ff6fe208faabae6ac61da10a2245f4dfa96a79036e height=93 version=0x20000000 log2_work=7.554589 tx=94 date='2025-11-01T19:50:56Z' progress=1.000000 cache=0.3MiB(93txo)
2025-11-01T19:50:40Z Saw new header hash=773965e150704a5dc0a2f2b2c30757987fe8bed879d34c5716b6512026090a1e height=107
2025-11-01T19:50:40Z Saw new cmpctblock header hash=773965e150704a5dc0a2f2b2c30757987fe8bed879d34c5716b6512026090a1e peer=0
2025-11-01T19:50:40Z UpdateTip: new best=390ef00c690aa6e28c46260206967913c2ffffaa67c4c5423e30102c2cf760d6 height=94 version=0x20000000 log2_work=7.569856 tx=95 date='2025-11-01T19:50:56Z' progress=1.000000 cache=0.3MiB(94txo)
2025-11-01T19:50:40Z Saw new header hash=58e4b1f609fe9d249ef66f856e833701e913b40019aee015710d3f16bdde6173 height=108
2025-11-01T19:50:40Z Saw new cmpctblock header hash=58e4b1f609fe9d249ef66f856e833701e913b40019aee015710d3f16bdde6173 peer=0
2025-11-01T19:50:40Z Saw new header hash=79707c8590b99e6e3907ced2be59f58e1f960a412f56e802399a98263fb979b8 height=109
2025-11-01T19:50:40Z Saw new cmpctblock header hash=79707c8590b99e6e3907ced2be59f58e1f960a412f56e802399a98263fb979b8 peer=0
2025-11-01T19:50:40Z Saw new header hash=5f246813909fa702fa669998221f8a419627de1e24304d7e32807ab931fd1344 height=110
2025-11-01T19:50:40Z Saw new cmpctblock header hash=5f246813909fa702fa669998221f8a419627de1e24304d7e32807ab931fd1344 peer=0
2025-11-01T19:50:40Z UpdateTip: new best=0e52c8cde04553e25a5e3e90646808794ca422309f178dba74915eb98f060056 height=95 version=0x20000000 log2_work=7.584963 tx=96 date='2025-11-01T19:50:56Z' progress=1.000000 cache=0.3MiB(95txo)
2025-11-01T19:50:40Z Saw new header hash=20ecd66df870afcc87412b957c029e4460142535f0f5156e1d6dad30c8f6d6fe height=111
2025-11-01T19:50:40Z Saw new cmpctblock header hash=20ecd66df870afcc87412b957c029e4460142535f0f5156e1d6dad30c8f6d6fe peer=0
2025-11-01T19:50:40Z UpdateTip: new best=44f25e9a059ce3eedbd15f4700855b37c196ebaba5aa00778ead2d68705c5351 height=96 version=0x20000000 log2_work=7.599913 tx=97 date='2025-11-01T19:50:56Z' progress=1.000000 cache=0.3MiB(96txo)
2025-11-01T19:50:40Z Saw new header hash=7a74bb072c6a86e2199a944d018501d4d5262310498b5227d1c59f381a6737a2 height=112
2025-11-01T19:50:40Z Saw new cmpctblock header hash=7a74bb072c6a86e2199a944d018501d4d5262310498b5227d1c59f381a6737a2 peer=0
2025-11-01T19:50:40Z UpdateTip: new best=1beb91e8de8f2d19d90bd7e0d124d1cecf661d76d4380665855f2c5229abd570 height=97 version=0x20000000 log2_work=7.614710 tx=98 date='2025-11-01T19:50:56Z' progress=1.000000 cache=0.3MiB(97txo)
2025-11-01T19:50:40Z Saw new header hash=5a4b0e22010cbfae76f76f3518a5d7b841f3819bd24925ba6821c44df1fc7fc9 height=113
2025-11-01T19:50:40Z Saw new cmpctblock header hash=5a4b0e22010cbfae76f76f3518a5d7b841f3819bd24925ba6821c44df1fc7fc9 peer=0
2025-11-01T19:50:40Z Saw new header hash=1dfed1279b0de1dba65006e027e02cc4150db5026b5a3aa8f702a128a5e5b770 height=114
2025-11-01T19:50:40Z Saw new cmpctblock header hash=1dfed1279b0de1dba65006e027e02cc4150db5026b5a3aa8f702a128a5e5b770 peer=0
2025-11-01T19:50:40Z UpdateTip: new best=0297b49032c861e535a2c521063bd5325e6bb1c1d2c4f2d3f85d21010bf6da97 height=98 version=0x20000000 log2_work=7.629357 tx=99 date='2025-11-01T19:50:57Z' progress=1.000000 cache=0.3MiB(98txo)
2025-11-01T19:50:40Z Saw new header hash=155f8b7ac2c18a1d670cd45199e1c8203961d613733372635494b652f7656cc2 height=115
2025-11-01T19:50:40Z Saw new cmpctblock header hash=155f8b7ac2c18a1d670cd45199e1c8203961d613733372635494b652f7656cc2 peer=0
2025-11-01T19:50:40Z UpdateTip: new best=05e0acb623c3e8312fb4a155d4a8e79b5a4313a3e25bf776a4a012a8d0c3fe69 height=99 version=0x20000000 log2_work=7.643856 tx=100 date='2025-11-01T19:50:57Z' progress=1.000000 cache=0.3MiB(99txo)
2025-11-01T19:50:40Z Saw new header hash=67fd29a3bb0dec165fd94c8b29b5793dd4942d3bed9c865d357d556880f365c5 height=116
2025-11-01T19:50:40Z Saw new cmpctblock header hash=67fd29a3bb0dec165fd94c8b29b5793dd4942d3bed9c865d357d556880f365c5 peer=0
2025-11-01T19:50:40Z UpdateTip: new best=5e32e4c707142e4238da4737c0a3d6306a6ab31e7b530531af1bfadda3deb0a5 height=100 version=0x20000000 log2_work=7.658211 tx=101 date='2025-11-01T19:50:57Z' progress=1.000000 cache=0.3MiB(100txo)
2025-11-01T19:50:40Z UpdateTip: new best=340a3eebfbeea8d774f505721a6159670fa8a732ef563ff7384f4c06280c156d height=101 version=0x20000000 log2_work=7.672425 tx=102 date='2025-11-01T19:50:57Z' progress=1.000000 cache=0.3MiB(101txo)
2025-11-01T19:50:40Z UpdateTip: new best=2e879639ed7fc5e782b03c31b00df33a8ff0c12df4af0067b4f089c85d5ce399 height=102 version=0x20000000 log2_work=7.686501 tx=103 date='2025-11-01T19:50:57Z' progress=1.000000 cache=0.3MiB(102txo)
2025-11-01T19:50:40Z UpdateTip: new best=07e249cb41752fb1937b12edb325792d7af9962bbdaa8d83c6d9c6d69df2906d height=103 version=0x20000000 log2_work=7.700440 tx=104 date='2025-11-01T19:50:57Z' progress=1.000000 cache=0.3MiB(103txo)
2025-11-01T19:50:40Z UpdateTip: new best=0d5e154d434105f29292bf103e49f25920c5660c15be1c8e7cc7e11370043990 height=104 version=0x20000000 log2_work=7.714246 tx=105 date='2025-11-01T19:50:58Z' progress=1.000000 cache=0.3MiB(104txo)
2025-11-01T19:50:40Z UpdateTip: new best=3ebe975a6f086e5552f5522aefb6eafed1c6fedc6ae23a209a5ccf6646ed1071 height=105 version=0x20000000 log2_work=7.727920 tx=106 date='2025-11-01T19:50:58Z' progress=1.000000 cache=0.3MiB(105txo)
2025-11-01T19:50:40Z UpdateTip: new best=5604128c2c56fb2237f535c07ea5792136987c900aaddbf2fedd8d2beda06a5c height=106 version=0x20000000 log2_work=7.741467 tx=107 date='2025-11-01T19:50:58Z' progress=1.000000 cache=0.3MiB(106txo)
2025-11-01T19:50:40Z UpdateTip: new best=773965e150704a5dc0a2f2b2c30757987fe8bed879d34c5716b6512026090a1e height=107 version=0x20000000 log2_work=7.754888 tx=108 date='2025-11-01T19:50:58Z' progress=1.000000 cache=0.3MiB(107txo)
2025-11-01T19:50:40Z UpdateTip: new best=58e4b1f609fe9d249ef66f856e833701e913b40019aee015710d3f16bdde6173 height=108 version=0x20000000 log2_work=7.768184 tx=109 date='2025-11-01T19:50:58Z' progress=1.000000 cache=0.3MiB(108txo)
2025-11-01T19:50:40Z UpdateTip: new best=79707c8590b99e6e3907ced2be59f58e1f960a412f56e802399a98263fb979b8 height=109 version=0x20000000 log2_work=7.781360 tx=110 date='2025-11-01T19:50:58Z' progress=1.000000 cache=0.3MiB(109txo)
2025-11-01T19:50:40Z UpdateTip: new best=5f246813909fa702fa669998221f8a419627de1e24304d7e32807ab931fd1344 height=110 version=0x20000000 log2_work=7.794416 tx=111 date='2025-11-01T19:50:59Z' progress=1.000000 cache=0.3MiB(110txo)
2025-11-01T19:50:40Z UpdateTip: new best=20ecd66df870afcc87412b957c029e4460142535f0f5156e1d6dad30c8f6d6fe height=111 version=0x20000000 log2_work=7.807355 tx=112 date='2025-11-01T19:50:59Z' progress=1.000000 cache=0.3MiB(111txo)
2025-11-01T19:50:40Z UpdateTip: new best=7a74bb072c6a86e2199a944d018501d4d5262310498b5227d1c59f381a6737a2 height=112 version=0x20000000 log2_work=7.820179 tx=113 date='2025-11-01T19:50:59Z' progress=1.000000 cache=0.3MiB(112txo)
2025-11-01T19:50:40Z Saw new header hash=680651db93f976a576cf3b5a3f96c9acd7471d9f72a1271a3c2495ee76f23fc9 height=117
2025-11-01T19:50:40Z Saw new cmpctblock header hash=680651db93f976a576cf3b5a3f96c9acd7471d9f72a1271a3c2495ee76f23fc9 peer=0
2025-11-01T19:50:40Z UpdateTip: new best=5a4b0e22010cbfae76f76f3518a5d7b841f3819bd24925ba6821c44df1fc7fc9 height=113 version=0x20000000 log2_work=7.832890 tx=114 date='2025-11-01T19:50:59Z' progress=1.000000 cache=0.3MiB(113txo)
2025-11-01T19:50:40Z UpdateTip: new best=1dfed1279b0de1dba65006e027e02cc4150db5026b5a3aa8f702a128a5e5b770 height=114 version=0x20000000 log2_work=7.845490 tx=115 date='2025-11-01T19:50:59Z' progress=1.000000 cache=0.3MiB(114txo)
2025-11-01T19:50:40Z Saw new header hash=0e967b69ac6ed6dfdef1cfee01ffb93eb3dfe962c3638983ff6ecc78453b656f height=118
2025-11-01T19:50:40Z Saw new cmpctblock header hash=0e967b69ac6ed6dfdef1cfee01ffb93eb3dfe962c3638983ff6ecc78453b656f peer=0
2025-11-01T19:50:40Z UpdateTip: new best=155f8b7ac2c18a1d670cd45199e1c8203961d613733372635494b652f7656cc2 height=115 version=0x20000000 log2_work=7.857981 tx=116 date='2025-11-01T19:50:59Z' progress=1.000000 cache=0.3MiB(115txo)
2025-11-01T19:50:40Z Saw new header hash=4f639024f9302031ad2a54017ea5272422cd2dc454083e6b3a6cf678a547dd6a height=119
2025-11-01T19:50:40Z Saw new cmpctblock header hash=4f639024f9302031ad2a54017ea5272422cd2dc454083e6b3a6cf678a547dd6a peer=0
2025-11-01T19:50:40Z UpdateTip: new best=67fd29a3bb0dec165fd94c8b29b5793dd4942d3bed9c865d357d556880f365c5 height=116 version=0x20000000 log2_work=7.870365 tx=117 date='2025-11-01T19:51:00Z' progress=1.000000 cache=0.3MiB(116txo)
2025-11-01T19:50:40Z UpdateTip: new best=680651db93f976a576cf3b5a3f96c9acd7471d9f72a1271a3c2495ee76f23fc9 height=117 version=0x20000000 log2_work=7.882643 tx=118 date='2025-11-01T19:51:00Z' progress=1.000000 cache=0.3MiB(117txo)
2025-11-01T19:50:40Z Saw new header hash=21d7c474bda089f709703277c01ce81d212095f56d0a2b03122cbce62e64dc37 height=120
2025-11-01T19:50:40Z Saw new cmpctblock header hash=21d7c474bda089f709703277c01ce81d212095f56d0a2b03122cbce62e64dc37 peer=0
2025-11-01T19:50:40Z Saw new header hash=3d7fe0cf4c32de413111696161967277cfedf0359c025c3bfcb806e155ca276b height=121
2025-11-01T19:50:40Z Saw new cmpctblock header hash=3d7fe0cf4c32de413111696161967277cfedf0359c025c3bfcb806e155ca276b peer=0
2025-11-01T19:50:40Z UpdateTip: new best=0e967b69ac6ed6dfdef1cfee01ffb93eb3dfe962c3638983ff6ecc78453b656f height=118 version=0x20000000 log2_work=7.894818 tx=119 date='2025-11-01T19:51:00Z' progress=1.000000 cache=0.3MiB(118txo)
2025-11-01T19:50:40Z UpdateTip: new best=4f639024f9302031ad2a54017ea5272422cd2dc454083e6b3a6cf678a547dd6a height=119 version=0x20000000 log2_work=7.906891 tx=120 date='2025-11-01T19:51:00Z' progress=1.000000 cache=0.3MiB(119txo)
2025-11-01T19:50:40Z UpdateTip: new best=21d7c474bda089f709703277c01ce81d212095f56d0a2b03122cbce62e64dc37 height=120 version=0x20000000 log2_work=7.918863 tx=121 date='2025-11-01T19:51:00Z' progress=1.000000 cache=0.3MiB(120txo)
2025-11-01T19:50:40Z UpdateTip: new best=3d7fe0cf4c32de413111696161967277cfedf0359c025c3bfcb806e155ca276b height=121 version=0x20000000 log2_work=7.930737 tx=122 date='2025-11-01T19:51:00Z' progress=1.000000 cache=0.3MiB(121txo)
2025-11-01T19:50:40Z Saw new header hash=6f44d3a4fcd54a94d94c60c15fbaebb347359ea61691141a2ed38c389959098e height=122
2025-11-01T19:50:40Z Saw new cmpctblock header hash=6f44d3a4fcd54a94d94c60c15fbaebb347359ea61691141a2ed38c389959098e peer=1
2025-11-01T19:50:40Z UpdateTip: new best=6f44d3a4fcd54a94d94c60c15fbaebb347359ea61691141a2ed38c389959098e height=122 version=0x20000000 log2_work=7.942515 tx=123 date='2025-11-01T19:51:01Z' progress=1.000000 cache=0.3MiB(122txo)
2025-11-01T19:50:40Z Saw new header hash=7ce756e41493786c88d0ae17f97eb023531ff5530fa573ca52c302f5d0f61fca height=123
2025-11-01T19:50:40Z Saw new cmpctblock header hash=7ce756e41493786c88d0ae17f97eb023531ff5530fa573ca52c302f5d0f61fca peer=1
2025-11-01T19:50:40Z UpdateTip: new best=7ce756e41493786c88d0ae17f97eb023531ff5530fa573ca52c302f5d0f61fca height=123 version=0x20000000 log2_work=7.954196 tx=124 date='2025-11-01T19:51:01Z' progress=1.000000 cache=0.3MiB(123txo)
2025-11-01T19:50:40Z Saw new header hash=51c969ae8b22646ef3be51a834e39b9e6fd771dff6d2ce7dbe24a3020ae25f50 height=124
2025-11-01T19:50:40Z Saw new cmpctblock header hash=51c969ae8b22646ef3be51a834e39b9e6fd771dff6d2ce7dbe24a3020ae25f50 peer=1
2025-11-01T19:50:40Z UpdateTip: new best=51c969ae8b22646ef3be51a834e39b9e6fd771dff6d2ce7dbe24a3020ae25f50 height=124 version=0x20000000 log2_work=7.965784 tx=125 date='2025-11-01T19:51:01Z' progress=1.000000 cache=0.3MiB(124txo)
2025-11-01T19:50:40Z Saw new header hash=297ffedacc76a80d09c8e91fabef5a05a1349c27d50d5f0ab16f53301b3fd54f height=125
2025-11-01T19:50:40Z Saw new cmpctblock header hash=297ffedacc76a80d09c8e91fabef5a05a1349c27d50d5f0ab16f53301b3fd54f peer=1
2025-11-01T19:50:40Z UpdateTip: new best=297ffedacc76a80d09c8e91fabef5a05a1349c27d50d5f0ab16f53301b3fd54f height=125 version=0x20000000 log2_work=7.977280 tx=126 date='2025-11-01T19:51:01Z' progress=1.000000 cache=0.3MiB(125txo)
2025-11-01T19:50:40Z Saw new header hash=286cec70ad5ea808279e387123e9a95b645b4b35ba97678daf949b4b9d2188ee height=126
2025-11-01T19:50:40Z Saw new cmpctblock header hash=286cec70ad5ea808279e387123e9a95b645b4b35ba97678daf949b4b9d2188ee peer=1
2025-11-01T19:50:40Z UpdateTip: new best=286cec70ad5ea808279e387123e9a95b645b4b35ba97678daf949b4b9d2188ee height=126 version=0x20000000 log2_work=7.988685 tx=127 date='2025-11-01T19:51:01Z' progress=1.000000 cache=0.3MiB(126txo)
2025-11-01T19:50:40Z Saw new header hash=2588766df34a2cf0af12872fa1ade12a7f445bc960cd1403b01617ea91fe3c68 height=127
2025-11-01T19:50:40Z Saw new cmpctblock header hash=2588766df34a2cf0af12872fa1ade12a7f445bc960cd1403b01617ea91fe3c68 peer=1
2025-11-01T19:50:40Z UpdateTip: new best=2588766df34a2cf0af12872fa1ade12a7f445bc960cd1403b01617ea91fe3c68 height=127 version=0x20000000 log2_work=8.000000 tx=128 date='2025-11-01T19:51:01Z' progress=1.000000 cache=0.3MiB(127txo)
2025-11-01T19:50:40Z Saw new header hash=603f833542778cb18669981e26b0b24be0f97919d4b9d7c9dd7a77c6be913e60 height=128
2025-11-01T19:50:40Z Saw new cmpctblock header hash=603f833542778cb18669981e26b0b24be0f97919d4b9d7c9dd7a77c6be913e60 peer=1
2025-11-01T19:50:40Z UpdateTip: new best=603f833542778cb18669981e26b0b24be0f97919d4b9d7c9dd7a77c6be913e60 height=128 version=0x20000000 log2_work=8.011227 tx=129 date='2025-11-01T19:51:02Z' progress=1.000000 cache=0.3MiB(128txo)
2025-11-01T19:50:40Z Saw new header hash=3c439fb18a51df5dca43884861e492a42cb39f0204d691f4e1bea583d028c229 height=129
2025-11-01T19:50:40Z Saw new cmpctblock header hash=3c439fb18a51df5dca43884861e492a42cb39f0204d691f4e1bea583d028c229 peer=1
2025-11-01T19:50:40Z UpdateTip: new best=3c439fb18a51df5dca43884861e492a42cb39f0204d691f4e1bea583d028c229 height=129 version=0x20000000 log2_work=8.022368 tx=130 date='2025-11-01T19:51:02Z' progress=1.000000 cache=0.3MiB(129txo)
2025-11-01T19:50:40Z Saw new header hash=2534cc2de6bfcb258443893eba67d3a588f7812ec98a7bb16af764134b8e98aa height=130
2025-11-01T19:50:40Z Saw new cmpctblock header hash=2534cc2de6bfcb258443893eba67d3a588f7812ec98a7bb16af764134b8e98aa peer=1
2025-11-01T19:50:40Z UpdateTip: new best=2534cc2de6bfcb258443893eba67d3a588f7812ec98a7bb16af764134b8e98aa height=130 version=0x20000000 log2_work=8.033423 tx=131 date='2025-11-01T19:51:02Z' progress=1.000000 cache=0.3MiB(130txo)
2025-11-01T19:50:40Z Saw new header hash=6e0b4224f7d41b157a6504f35d2dcbfbd68fce5714f306f061f3360ba9480222 height=131
2025-11-01T19:50:40Z Saw new cmpctblock header hash=6e0b4224f7d41b157a6504f35d2dcbfbd68fce5714f306f061f3360ba9480222 peer=1
2025-11-01T19:50:40Z UpdateTip: new best=6e0b4224f7d41b157a6504f35d2dcbfbd68fce5714f306f061f3360ba9480222 height=131 version=0x20000000 log2_work=8.044394 tx=132 date='2025-11-01T19:51:02Z' progress=1.000000 cache=0.3MiB(131txo)
2025-11-01T19:50:40Z Saw new header hash=1cc0a4dace9e85c7b1572a0dc803e5e7b0ebbc6c9aa7f479a25d46c2bd5e2877 height=132
2025-11-01T19:50:40Z Saw new cmpctblock header hash=1cc0a4dace9e85c7b1572a0dc803e5e7b0ebbc6c9aa7f479a25d46c2bd5e2877 peer=1
2025-11-01T19:50:40Z UpdateTip: new best=1cc0a4dace9e85c7b1572a0dc803e5e7b0ebbc6c9aa7f479a25d46c2bd5e2877 height=132 version=0x20000000 log2_work=8.055282 tx=133 date='2025-11-01T19:51:02Z' progress=1.000000 cache=0.3MiB(132txo)
2025-11-01T19:50:40Z Saw new header hash=075aa047ba281631bd4bed378a12b63c7c3a416e5457e9f5c028182a2e2e53c7 height=133
2025-11-01T19:50:40Z Saw new cmpctblock header hash=075aa047ba281631bd4bed378a12b63c7c3a416e5457e9f5c028182a2e2e53c7 peer=1
2025-11-01T19:50:40Z UpdateTip: new best=075aa047ba281631bd4bed378a12b63c7c3a416e5457e9f5c028182a2e2e53c7 height=133 version=0x20000000 log2_work=8.066089 tx=134 date='2025-11-01T19:51:02Z' progress=1.000000 cache=0.3MiB(133txo)
2025-11-01T19:50:40Z Saw new header hash=3f5fb63e56ac8b7c8e6d267185ffc9d3596f13726095f3b29c15d344e887111f height=134
2025-11-01T19:50:40Z Saw new cmpctblock header hash=3f5fb63e56ac8b7c8e6d267185ffc9d3596f13726095f3b29c15d344e887111f peer=1
2025-11-01T19:50:40Z UpdateTip: new best=3f5fb63e56ac8b7c8e6d267185ffc9d3596f13726095f3b29c15d344e887111f height=134 version=0x20000000 log2_work=8.076816 tx=135 date='2025-11-01T19:51:03Z' progress=1.000000 cache=0.3MiB(134txo)
2025-11-01T19:50:40Z Saw new header hash=57077fd8410709497637063267250d6da2febb9aa9b7c79d076a7f4018d0945d height=135
2025-11-01T19:50:40Z Saw new cmpctblock header hash=57077fd8410709497637063267250d6da2febb9aa9b7c79d076a7f4018d0945d peer=1
2025-11-01T19:50:40Z UpdateTip: new best=57077fd8410709497637063267250d6da2febb9aa9b7c79d076a7f4018d0945d height=135 version=0x20000000 log2_work=8.087463 tx=136 date='2025-11-01T19:51:03Z' progress=1.000000 cache=0.3MiB(135txo)
2025-11-01T19:50:40Z Saw new header hash=0985fb02f6aee507305f5422bc0f01e92c8caa2d3e21076883f3b4d00f4b9d7f height=136
2025-11-01T19:50:40Z Saw new cmpctblock header hash=0985fb02f6aee507305f5422bc0f01e92c8caa2d3e21076883f3b4d00f4b9d7f peer=1
2025-11-01T19:50:40Z UpdateTip: new best=0985fb02f6aee507305f5422bc0f01e92c8caa2d3e21076883f3b4d00f4b9d7f height=136 version=0x20000000 log2_work=8.098032 tx=137 date='2025-11-01T19:51:03Z' progress=1.000000 cache=0.3MiB(136txo)
2025-11-01T19:50:40Z Saw new header hash=562f9d96381b041da355990a918f082b3972f7c410a604b9ae7ea340260eb641 height=137
2025-11-01T19:50:40Z Saw new cmpctblock header hash=562f9d96381b041da355990a918f082b3972f7c410a604b9ae7ea340260eb641 peer=1
2025-11-01T19:50:40Z UpdateTip: new best=562f9d96381b041da355990a918f082b3972f7c410a604b9ae7ea340260eb641 height=137 version=0x20000000 log2_work=8.108524 tx=138 date='2025-11-01T19:51:03Z' progress=1.000000 cache=0.3MiB(137txo)
2025-11-01T19:50:40Z Saw new header hash=0441a6f7d151cfcc415937ff910df4d544b6c533192bf6e7441382080fb189b5 height=138
2025-11-01T19:50:40Z Saw new cmpctblock header hash=0441a6f7d151cfcc415937ff910df4d544b6c533192bf6e7441382080fb189b5 peer=1
2025-11-01T19:50:40Z UpdateTip: new best=0441a6f7d151cfcc415937ff910df4d544b6c533192bf6e7441382080fb189b5 height=138 version=0x20000000 log2_work=8.118941 tx=139 date='2025-11-01T19:51:03Z' progress=1.000000 cache=0.3MiB(138txo)
2025-11-01T19:50:40Z Saw new header hash=034800997ed956c1245c06520056026c6e52d588a8b79130c616f57da73f4d48 height=139
2025-11-01T19:50:40Z Saw new cmpctblock header hash=034800997ed956c1245c06520056026c6e52d588a8b79130c616f57da73f4d48 peer=1
2025-11-01T19:50:40Z UpdateTip: new best=034800997ed956c1245c06520056026c6e52d588a8b79130c616f57da73f4d48 height=139 version=0x20000000 log2_work=8.129283 tx=140 date='2025-11-01T19:51:03Z' progress=1.000000 cache=0.3MiB(139txo)
2025-11-01T19:50:40Z Saw new header hash=3a8872ff0a9ee45d18728474f4766b32bb05fb8572690d46f04fbbafe84eb054 height=140
2025-11-01T19:50:40Z Saw new cmpctblock header hash=3a8872ff0a9ee45d18728474f4766b32bb05fb8572690d46f04fbbafe84eb054 peer=1
2025-11-01T19:50:40Z UpdateTip: new best=3a8872ff0a9ee45d18728474f4766b32bb05fb8572690d46f04fbbafe84eb054 height=140 version=0x20000000 log2_work=8.139551 tx=141 date='2025-11-01T19:51:04Z' progress=1.000000 cache=0.3MiB(140txo)
2025-11-01T19:50:40Z Saw new header hash=358fdcd968ca85b6a19bff865b090bca113d091b5e8aa8bfa7e4d89beddf99ca height=141
2025-11-01T19:50:40Z Saw new cmpctblock header hash=358fdcd968ca85b6a19bff865b090bca113d091b5e8aa8bfa7e4d89beddf99ca peer=1
2025-11-01T19:50:40Z UpdateTip: new best=358fdcd968ca85b6a19bff865b090bca113d091b5e8aa8bfa7e4d89beddf99ca height=141 version=0x20000000 log2_work=8.149747 tx=142 date='2025-11-01T19:51:04Z' progress=1.000000 cache=0.3MiB(141txo)
2025-11-01T19:50:40Z Saw new header hash=241f9cb8517ed5d082a08a1309fa52020481a44d75947394dbad43b0217a3d07 height=142
2025-11-01T19:50:40Z Saw new cmpctblock header hash=241f9cb8517ed5d082a08a1309fa52020481a44d75947394dbad43b0217a3d07 peer=1
2025-11-01T19:50:40Z UpdateTip: new best=241f9cb8517ed5d082a08a1309fa52020481a44d75947394dbad43b0217a3d07 height=142 version=0x20000000 log2_work=8.159871 tx=143 date='2025-11-01T19:51:04Z' progress=1.000000 cache=0.3MiB(142txo)
2025-11-01T19:50:40Z Saw new header hash=79936b43da7b98766cb58bc8dcc55a99895638b0fdfb1f3c42c794e97d6abf3c height=143
2025-11-01T19:50:40Z Saw new cmpctblock header hash=79936b43da7b98766cb58bc8dcc55a99895638b0fdfb1f3c42c794e97d6abf3c peer=1
2025-11-01T19:50:40Z UpdateTip: new best=79936b43da7b98766cb58bc8dcc55a99895638b0fdfb1f3c42c794e97d6abf3c height=143 version=0x20000000 log2_work=8.169925 tx=144 date='2025-11-01T19:51:04Z' progress=1.000000 cache=0.3MiB(143txo)
2025-11-01T19:50:40Z Saw new header hash=5d1e46cee513a8a3ecc9e6f9155d963d176e21a101ffa78fc635998fcef3e35a height=144
2025-11-01T19:50:40Z Saw new cmpctblock header hash=5d1e46cee513a8a3ecc9e6f9155d963d176e21a101ffa78fc635998fcef3e35a peer=1
2025-11-01T19:50:40Z UpdateTip: new best=5d1e46cee513a8a3ecc9e6f9155d963d176e21a101ffa78fc635998fcef3e35a height=144 version=0x30000000 log2_work=8.179909 tx=145 date='2025-11-01T19:51:04Z' progress=1.000000 cache=0.3MiB(144txo)
2025-11-01T19:50:40Z Saw new header hash=3b1e97e2fffb08150b6ad61dc4afe3206129adf8415b0119a0aea3d271a876ee height=145
2025-11-01T19:50:40Z Saw new cmpctblock header hash=3b1e97e2fffb08150b6ad61dc4afe3206129adf8415b0119a0aea3d271a876ee peer=1
2025-11-01T19:50:40Z UpdateTip: new best=3b1e97e2fffb08150b6ad61dc4afe3206129adf8415b0119a0aea3d271a876ee height=145 version=0x30000000 log2_work=8.189825 tx=146 date='2025-11-01T19:51:04Z' progress=1.000000 cache=0.3MiB(145txo)
2025-11-01T19:50:40Z Saw new header hash=6f3743772605afb8bc2552f45f33f5f6bce0e7cdd7cb8eb3cb92d7335c8ab3d2 height=146
2025-11-01T19:50:40Z Saw new cmpctblock header hash=6f3743772605afb8bc2552f45f33f5f6bce0e7cdd7cb8eb3cb92d7335c8ab3d2 peer=1
2025-11-01T19:50:40Z UpdateTip: new best=6f3743772605afb8bc2552f45f33f5f6bce0e7cdd7cb8eb3cb92d7335c8ab3d2 height=146 version=0x30000000 log2_work=8.199672 tx=147 date='2025-11-01T19:51:05Z' progress=1.000000 cache=0.3MiB(146txo)
2025-11-01T19:50:40Z Saw new header hash=648de65e13a40db07d3adea0e9fb484ae0f8a046c3a9ceafffdc098514ff644d height=147
2025-11-01T19:50:40Z Saw new cmpctblock header hash=648de65e13a40db07d3adea0e9fb484ae0f8a046c3a9ceafffdc098514ff644d peer=1
2025-11-01T19:50:40Z UpdateTip: new best=648de65e13a40db07d3adea0e9fb484ae0f8a046c3a9ceafffdc098514ff644d height=147 version=0x30000000 log2_work=8.209453 tx=148 date='2025-11-01T19:51:05Z' progress=1.000000 cache=0.3MiB(147txo)
2025-11-01T19:50:40Z Saw new header hash=2840a63c2bf219bc150ab400fc715a005091668c85de3c1cc8d91d0f73916dc1 height=148
2025-11-01T19:50:40Z Saw new cmpctblock header hash=2840a63c2bf219bc150ab400fc715a005091668c85de3c1cc8d91d0f73916dc1 peer=0
2025-11-01T19:50:40Z UpdateTip: new best=2840a63c2bf219bc150ab400fc715a005091668c85de3c1cc8d91d0f73916dc1 height=148 version=0x30000000 log2_work=8.219169 tx=149 date='2025-11-01T19:51:05Z' progress=1.000000 cache=0.3MiB(148txo)
2025-11-01T19:50:40Z Saw new header hash=6b491bf5dd732a1df79d1f51d6c39cd0212aa6ccab3a6be617f14f3275e75188 height=149
2025-11-01T19:50:40Z Saw new cmpctblock header hash=6b491bf5dd732a1df79d1f51d6c39cd0212aa6ccab3a6be617f14f3275e75188 peer=0
2025-11-01T19:50:40Z UpdateTip: new best=6b491bf5dd732a1df79d1f51d6c39cd0212aa6ccab3a6be617f14f3275e75188 height=149 version=0x30000000 log2_work=8.228819 tx=150 date='2025-11-01T19:51:05Z' progress=1.000000 cache=0.3MiB(149txo)
2025-11-01T19:50:40Z Saw new header hash=045260161ff3a8bf5fb1ea013497ab5b71a0458862c7a8f0a1fd296499bb71d4 height=150
2025-11-01T19:50:40Z Saw new cmpctblock header hash=045260161ff3a8bf5fb1ea013497ab5b71a0458862c7a8f0a1fd296499bb71d4 peer=0
2025-11-01T19:50:40Z UpdateTip: new best=045260161ff3a8bf5fb1ea013497ab5b71a0458862c7a8f0a1fd296499bb71d4 height=150 version=0x30000000 log2_work=8.238405 tx=151 date='2025-11-01T19:51:05Z' progress=1.000000 cache=0.3MiB(150txo)
2025-11-01T19:50:40Z Saw new header hash=7532e48f6a8123bf3ce299633dca1eac5b68ed0550b4c75698e06a5c5a18a71e height=151
2025-11-01T19:50:40Z Saw new cmpctblock header hash=7532e48f6a8123bf3ce299633dca1eac5b68ed0550b4c75698e06a5c5a18a71e peer=0
2025-11-01T19:50:40Z UpdateTip: new best=7532e48f6a8123bf3ce299633dca1eac5b68ed0550b4c75698e06a5c5a18a71e height=151 version=0x30000000 log2_work=8.247928 tx=152 date='2025-11-01T19:51:05Z' progress=1.000000 cache=0.3MiB(151txo)
2025-11-01T19:50:40Z Saw new header hash=19a2098df11c4e20a9ad0f06065ef7d13110bf2315e7c3ff9de9ab57b6ada17b height=152
2025-11-01T19:50:40Z Saw new cmpctblock header hash=19a2098df11c4e20a9ad0f06065ef7d13110bf2315e7c3ff9de9ab57b6ada17b peer=1
2025-11-01T19:50:40Z UpdateTip: new best=19a2098df11c4e20a9ad0f06065ef7d13110bf2315e7c3ff9de9ab57b6ada17b height=152 version=0x30000000 log2_work=8.257388 tx=153 date='2025-11-01T19:51:06Z' progress=1.000000 cache=0.3MiB(152txo)
2025-11-01T19:50:40Z Saw new header hash=402114de909a4c798f8d64ed00940cf00aba85cfa7ce1984eb055fe72e4ccad3 height=153
2025-11-01T19:50:40Z Saw new cmpctblock header hash=402114de909a4c798f8d64ed00940cf00aba85cfa7ce1984eb055fe72e4ccad3 peer=0
2025-11-01T19:50:40Z UpdateTip: new best=402114de909a4c798f8d64ed00940cf00aba85cfa7ce1984eb055fe72e4ccad3 height=153 version=0x30000000 log2_work=8.266787 tx=154 date='2025-11-01T19:51:06Z' progress=1.000000 cache=0.3MiB(153txo)
2025-11-01T19:50:40Z Saw new header hash=26e2f98a5464f259294960878cb5b4930d36696222568cd4740c6ff355f128f0 height=154
2025-11-01T19:50:40Z Saw new cmpctblock header hash=26e2f98a5464f259294960878cb5b4930d36696222568cd4740c6ff355f128f0 peer=0
2025-11-01T19:50:40Z UpdateTip: new best=26e2f98a5464f259294960878cb5b4930d36696222568cd4740c6ff355f128f0 height=154 version=0x30000000 log2_work=8.276124 tx=155 date='2025-11-01T19:51:06Z' progress=1.000000 cache=0.3MiB(154txo)
2025-11-01T19:50:40Z Saw new header hash=599eb144d9255e36ca02aebfbd15e0ba6972a77192ea7dcb65027db7624ea248 height=155
2025-11-01T19:50:40Z Saw new cmpctblock header hash=599eb144d9255e36ca02aebfbd15e0ba6972a77192ea7dcb65027db7624ea248 peer=0
2025-11-01T19:50:40Z UpdateTip: new best=599eb144d9255e36ca02aebfbd15e0ba6972a77192ea7dcb65027db7624ea248 height=155 version=0x30000000 log2_work=8.285402 tx=156 date='2025-11-01T19:51:06Z' progress=1.000000 cache=0.3MiB(155txo)
2025-11-01T19:50:40Z Saw new header hash=7176d946faf8a9ed9decd6ba1fe566ef3391775a12fc8877d3a76136a8dddf6a height=156
2025-11-01T19:50:40Z Saw new cmpctblock header hash=7176d946faf8a9ed9decd6ba1fe566ef3391775a12fc8877d3a76136a8dddf6a peer=1
2025-11-01T19:50:40Z UpdateTip: new best=7176d946faf8a9ed9decd6ba1fe566ef3391775a12fc8877d3a76136a8dddf6a height=156 version=0x30000000 log2_work=8.294621 tx=157 date='2025-11-01T19:51:06Z' progress=1.000000 cache=0.3MiB(156txo)
2025-11-01T19:50:40Z Saw new header hash=224c18c94a55e26ff9bafe60b0dbc581d320b2d892c5b6936078921ba9241d18 height=157
2025-11-01T19:50:40Z Saw new cmpctblock header hash=224c18c94a55e26ff9bafe60b0dbc581d320b2d892c5b6936078921ba9241d18 peer=0
2025-11-01T19:50:40Z UpdateTip: new best=224c18c94a55e26ff9bafe60b0dbc581d320b2d892c5b6936078921ba9241d18 height=157 version=0x30000000 log2_work=8.303781 tx=158 date='2025-11-01T19:51:06Z' progress=1.000000 cache=0.3MiB(157txo)
2025-11-01T19:50:40Z Saw new header hash=08e079b929c96d39e752039e1fcbf4a1ad95116fd8cea778cc8ed4b809587209 height=158
2025-11-01T19:50:40Z Saw new cmpctblock header hash=08e079b929c96d39e752039e1fcbf4a1ad95116fd8cea778cc8ed4b809587209 peer=1
2025-11-01T19:50:40Z UpdateTip: new best=08e079b929c96d39e752039e1fcbf4a1ad95116fd8cea778cc8ed4b809587209 height=158 version=0x30000000 log2_work=8.312883 tx=159 date='2025-11-01T19:51:07Z' progress=1.000000 cache=0.3MiB(158txo)
2025-11-01T19:50:40Z Saw new header hash=1d16f9b12ef296ce91e58833d45272abf7f7d761ff4cc3d1dbcf9eea7e82b78d height=159
2025-11-01T19:50:40Z Saw new cmpctblock header hash=1d16f9b12ef296ce91e58833d45272abf7f7d761ff4cc3d1dbcf9eea7e82b78d peer=0
2025-11-01T19:50:40Z UpdateTip: new best=1d16f9b12ef296ce91e58833d45272abf7f7d761ff4cc3d1dbcf9eea7e82b78d height=159 version=0x30000000 log2_work=8.321928 tx=160 date='2025-11-01T19:51:07Z' progress=1.000000 cache=0.3MiB(159txo)
2025-11-01T19:50:40Z Saw new header hash=6ffb59605762960a0ad2a467a24dd56d8c2e41c8f2502851c46bb4a4b9e02d13 height=160
2025-11-01T19:50:40Z Saw new cmpctblock header hash=6ffb59605762960a0ad2a467a24dd56d8c2e41c8f2502851c46bb4a4b9e02d13 peer=0
2025-11-01T19:50:40Z UpdateTip: new best=6ffb59605762960a0ad2a467a24dd56d8c2e41c8f2502851c46bb4a4b9e02d13 height=160 version=0x30000000 log2_work=8.330917 tx=161 date='2025-11-01T19:51:07Z' progress=1.000000 cache=0.3MiB(160txo)
2025-11-01T19:50:40Z Saw new header hash=7ab339fc44c9efc94a0ac54420e50bc79bb8d8011f593981b903b72f1d4045c6 height=161
2025-11-01T19:50:40Z Saw new cmpctblock header hash=7ab339fc44c9efc94a0ac54420e50bc79bb8d8011f593981b903b72f1d4045c6 peer=0
2025-11-01T19:50:40Z UpdateTip: new best=7ab339fc44c9efc94a0ac54420e50bc79bb8d8011f593981b903b72f1d4045c6 height=161 version=0x30000000 log2_work=8.339850 tx=162 date='2025-11-01T19:51:07Z' progress=1.000000 cache=0.3MiB(161txo)
2025-11-01T19:50:40Z Saw new header hash=683a909f4ad962bfad78285eda0dd6dc2cc518b4e7b9e573df6d53304e912e23 height=162
2025-11-01T19:50:40Z Saw new cmpctblock header hash=683a909f4ad962bfad78285eda0dd6dc2cc518b4e7b9e573df6d53304e912e23 peer=0
2025-11-01T19:50:40Z UpdateTip: new best=683a909f4ad962bfad78285eda0dd6dc2cc518b4e7b9e573df6d53304e912e23 height=162 version=0x30000000 log2_work=8.348728 tx=163 date='2025-11-01T19:51:07Z' progress=1.000000 cache=0.3MiB(162txo)
2025-11-01T19:50:40Z Saw new header hash=6961af684ce2a860a311e66313e07678b59c3dd67f43be33a5d8e3b45b841adf height=163
2025-11-01T19:50:40Z Saw new cmpctblock header hash=6961af684ce2a860a311e66313e07678b59c3dd67f43be33a5d8e3b45b841adf peer=0
2025-11-01T19:50:40Z UpdateTip: new best=6961af684ce2a860a311e66313e07678b59c3dd67f43be33a5d8e3b45b841adf height=163 version=0x30000000 log2_work=8.357552 tx=164 date='2025-11-01T19:51:07Z' progress=1.000000 cache=0.3MiB(163txo)
2025-11-01T19:50:40Z Saw new header hash=048d55a25cbd4823db985359bece94d00fcf07f6bc1a4e275f2b27b188a3bce6 height=164
2025-11-01T19:50:40Z Saw new cmpctblock header hash=048d55a25cbd4823db985359bece94d00fcf07f6bc1a4e275f2b27b188a3bce6 peer=1
2025-11-01T19:50:40Z UpdateTip: new best=048d55a25cbd4823db985359bece94d00fcf07f6bc1a4e275f2b27b188a3bce6 height=164 version=0x30000000 log2_work=8.366322 tx=165 date='2025-11-01T19:51:08Z' progress=1.000000 cache=0.3MiB(164txo)
2025-11-01T19:50:40Z Saw new header hash=37c0708461f60e98b22b959c451a37f814a45178baa8810a9a245683f7f4491c height=165
2025-11-01T19:50:40Z Saw new cmpctblock header hash=37c0708461f60e98b22b959c451a37f814a45178baa8810a9a245683f7f4491c peer=0
2025-11-01T19:50:40Z UpdateTip: new best=37c0708461f60e98b22b959c451a37f814a45178baa8810a9a245683f7f4491c height=165 version=0x30000000 log2_work=8.375039 tx=166 date='2025-11-01T19:51:08Z' progress=1.000000 cache=0.3MiB(165txo)
2025-11-01T19:50:40Z Saw new header hash=6b3f82b8d52dadf18253456ba919cfd1a133fc548d39f3f11c8ebe072efb94dd height=166
2025-11-01T19:50:40Z Saw new cmpctblock header hash=6b3f82b8d52dadf18253456ba919cfd1a133fc548d39f3f11c8ebe072efb94dd peer=1
2025-11-01T19:50:40Z UpdateTip: new best=6b3f82b8d52dadf18253456ba919cfd1a133fc548d39f3f11c8ebe072efb94dd height=166 version=0x30000000 log2_work=8.383704 tx=167 date='2025-11-01T19:51:08Z' progress=1.000000 cache=0.3MiB(166txo)
2025-11-01T19:50:40Z Saw new header hash=33eb936ff86fa4044b5e014e3b0943e89ab6f6e40d4eadb17b3cf05ff5e70ac5 height=167
2025-11-01T19:50:40Z Saw new cmpctblock header hash=33eb936ff86fa4044b5e014e3b0943e89ab6f6e40d4eadb17b3cf05ff5e70ac5 peer=1
2025-11-01T19:50:40Z UpdateTip: new best=33eb936ff86fa4044b5e014e3b0943e89ab6f6e40d4eadb17b3cf05ff5e70ac5 height=167 version=0x30000000 log2_work=8.392317 tx=168 date='2025-11-01T19:51:08Z' progress=1.000000 cache=0.3MiB(167txo)
2025-11-01T19:50:40Z Saw new header hash=28942365cc5763d92b466e6440685fde31dfc39b522232deca842c7ebf5fd78c height=168
2025-11-01T19:50:40Z Saw new cmpctblock header hash=28942365cc5763d92b466e6440685fde31dfc39b522232deca842c7ebf5fd78c peer=1
2025-11-01T19:50:40Z UpdateTip: new best=28942365cc5763d92b466e6440685fde31dfc39b522232deca842c7ebf5fd78c height=168 version=0x30000000 log2_work=8.400879 tx=169 date='2025-11-01T19:51:08Z' progress=1.000000 cache=0.3MiB(168txo)
2025-11-01T19:50:40Z Saw new header hash=548b506b839e5090e6c0a939920566f8853729d0aaf68aa0c8630055c6648e84 height=169
2025-11-01T19:50:40Z Saw new cmpctblock header hash=548b506b839e5090e6c0a939920566f8853729d0aaf68aa0c8630055c6648e84 peer=1
2025-11-01T19:50:40Z UpdateTip: new best=548b506b839e5090e6c0a939920566f8853729d0aaf68aa0c8630055c6648e84 height=169 version=0x30000000 log2_work=8.409391 tx=170 date='2025-11-01T19:51:08Z' progress=1.000000 cache=0.3MiB(169txo)
2025-11-01T19:50:40Z Saw new header hash=4502573cfcf7b471f52534f9a839deb00f14e022ce6e6dbce6071da914eacb18 height=170
2025-11-01T19:50:40Z Saw new cmpctblock header hash=4502573cfcf7b471f52534f9a839deb00f14e022ce6e6dbce6071da914eacb18 peer=0
2025-11-01T19:50:40Z UpdateTip: new best=4502573cfcf7b471f52534f9a839deb00f14e022ce6e6dbce6071da914eacb18 height=170 version=0x30000000 log2_work=8.417853 tx=171 date='2025-11-01T19:51:09Z' progress=1.000000 cache=0.3MiB(170txo)
2025-11-01T19:50:40Z Saw new header hash=10954e4ae1d77cb7cce0312a0a899ad8b0f2abe4d5c422a390176e0ac8c472fc height=171
2025-11-01T19:50:40Z Saw new cmpctblock header hash=10954e4ae1d77cb7cce0312a0a899ad8b0f2abe4d5c422a390176e0ac8c472fc peer=0
2025-11-01T19:50:40Z UpdateTip: new best=10954e4ae1d77cb7cce0312a0a899ad8b0f2abe4d5c422a390176e0ac8c472fc height=171 version=0x30000000 log2_work=8.426265 tx=172 date='2025-11-01T19:51:09Z' progress=1.000000 cache=0.3MiB(171txo)
2025-11-01T19:50:40Z Saw new header hash=62e60c8a284dee784ea216c0350d3222afd406831d8c1a28265a7e126b459a46 height=172
2025-11-01T19:50:40Z Saw new cmpctblock header hash=62e60c8a284dee784ea216c0350d3222afd406831d8c1a28265a7e126b459a46 peer=1
2025-11-01T19:50:40Z UpdateTip: new best=62e60c8a284dee784ea216c0350d3222afd406831d8c1a28265a7e126b459a46 height=172 version=0x30000000 log2_work=8.434628 tx=173 date='2025-11-01T19:51:09Z' progress=1.000000 cache=0.3MiB(172txo)
2025-11-01T19:50:40Z Saw new header hash=007bb4dca8ca3e57147c9ae4427869d3fb641e9dbc783461fc31ec862a8c6ae2 height=173
2025-11-01T19:50:40Z Saw new cmpctblock header hash=007bb4dca8ca3e57147c9ae4427869d3fb641e9dbc783461fc31ec862a8c6ae2 peer=1
2025-11-01T19:50:40Z UpdateTip: new best=007bb4dca8ca3e57147c9ae4427869d3fb641e9dbc783461fc31ec862a8c6ae2 height=173 version=0x30000000 log2_work=8.442943 tx=174 date='2025-11-01T19:51:09Z' progress=1.000000 cache=0.3MiB(173txo)
2025-11-01T19:50:40Z Saw new header hash=3f1aef0c7156dd752051b11783f75eaedbfba05f884c59a66a9c8fde8d2c390f height=174
2025-11-01T19:50:40Z Saw new cmpctblock header hash=3f1aef0c7156dd752051b11783f75eaedbfba05f884c59a66a9c8fde8d2c390f peer=1
2025-11-01T19:50:40Z UpdateTip: new best=3f1aef0c7156dd752051b11783f75eaedbfba05f884c59a66a9c8fde8d2c390f height=174 version=0x30000000 log2_work=8.451211 tx=175 date='2025-11-01T19:51:09Z' progress=1.000000 cache=0.3MiB(174txo)
2025-11-01T19:50:40Z Saw new header hash=3677e972c2c1a3d2bdfff2e94297453ddc331ebdafa1a068dceebf876c6767d3 height=175
2025-11-01T19:50:40Z Saw new cmpctblock header hash=3677e972c2c1a3d2bdfff2e94297453ddc331ebdafa1a068dceebf876c6767d3 peer=0
2025-11-01T19:50:40Z UpdateTip: new best=3677e972c2c1a3d2bdfff2e94297453ddc331ebdafa1a068dceebf876c6767d3 height=175 version=0x30000000 log2_work=8.459432 tx=176 date='2025-11-01T19:51:09Z' progress=1.000000 cache=0.3MiB(175txo)
2025-11-01T19:50:40Z Saw new header hash=6c924694fd45eb9b1051540974ee5d4fabe140c20088bc2fa59c561f62958e25 height=176
2025-11-01T19:50:40Z Saw new cmpctblock header hash=6c924694fd45eb9b1051540974ee5d4fabe140c20088bc2fa59c561f62958e25 peer=0
2025-11-01T19:50:40Z UpdateTip: new best=6c924694fd45eb9b1051540974ee5d4fabe140c20088bc2fa59c561f62958e25 height=176 version=0x30000000 log2_work=8.467606 tx=177 date='2025-11-01T19:51:10Z' progress=1.000000 cache=0.3MiB(176txo)
2025-11-01T19:50:45Z Saw new header hash=0bba46ef22ca3935ee524dda0e0941c9a8257370c274c66739da3a9453cc75f0 height=177
2025-11-01T19:50:45Z Saw new cmpctblock header hash=0bba46ef22ca3935ee524dda0e0941c9a8257370c274c66739da3a9453cc75f0 peer=1
2025-11-01T19:50:45Z UpdateTip: new best=0bba46ef22ca3935ee524dda0e0941c9a8257370c274c66739da3a9453cc75f0 height=177 version=0x30000000 log2_work=8.475733 tx=190 date='2025-11-01T19:51:10Z' progress=1.000000 cache=0.3MiB(201txo)
2025-11-01T19:50:50Z Saw new header hash=61dbdbe54d337bb7032395dc5b11f8633db9f785823510674bf58824cec3d398 height=178
2025-11-01T19:50:50Z Saw new cmpctblock header hash=61dbdbe54d337bb7032395dc5b11f8633db9f785823510674bf58824cec3d398 peer=0
2025-11-01T19:50:50Z UpdateTip: new best=61dbdbe54d337bb7032395dc5b11f8633db9f785823510674bf58824cec3d398 height=178 version=0x30000000 log2_work=8.483816 tx=203 date='2025-11-01T19:51:10Z' progress=1.000000 cache=0.3MiB(226txo)
2025-11-01T19:50:55Z Saw new header hash=120b3c00dc3db9dcfa49e2f37aebeb08d3ec9a821f5dc92a460034722abad0df height=179
2025-11-01T19:50:55Z Saw new cmpctblock header hash=120b3c00dc3db9dcfa49e2f37aebeb08d3ec9a821f5dc92a460034722abad0df peer=0
2025-11-01T19:50:55Z UpdateTip: new best=120b3c00dc3db9dcfa49e2f37aebeb08d3ec9a821f5dc92a460034722abad0df height=179 version=0x30000000 log2_work=8.491853 tx=265 date='2025-11-01T19:51:10Z' progress=1.000000 cache=0.3MiB(320txo)
2025-11-01T19:51:00Z Saw new header hash=5cd11bc2df87f59cec0eae4f4a0c30479219d5c49fc7e1b3bac33f19ce881b47 height=180
2025-11-01T19:51:00Z Saw new cmpctblock header hash=5cd11bc2df87f59cec0eae4f4a0c30479219d5c49fc7e1b3bac33f19ce881b47 peer=1
2025-11-01T19:51:00Z UpdateTip: new best=5cd11bc2df87f59cec0eae4f4a0c30479219d5c49fc7e1b3bac33f19ce881b47 height=180 version=0x30000000 log2_work=8.499846 tx=308 date='2025-11-01T19:51:10Z' progress=1.000000 cache=0.3MiB(355txo)
2025-11-01T19:51:05Z Saw new header hash=4e73b767c369caab95a773f9b672a13ce5c15dbb337d4e81f4c3450d6a958f28 height=181
2025-11-01T19:51:05Z Saw new cmpctblock header hash=4e73b767c369caab95a773f9b672a13ce5c15dbb337d4e81f4c3450d6a958f28 peer=1
2025-11-01T19:51:05Z UpdateTip: new best=4e73b767c369caab95a773f9b672a13ce5c15dbb337d4e81f4c3450d6a958f28 height=181 version=0x30000000 log2_work=8.507795 tx=359 date='2025-11-01T19:51:10Z' progress=1.000000 cache=0.3MiB(373txo)
2025-11-01T19:51:10Z Saw new header hash=76f061b158a29af0c79de25bd3bc3f6f0fd79ad395fc41a9530abecf7e4e92cd height=182
2025-11-01T19:51:10Z Saw new cmpctblock header hash=76f061b158a29af0c79de25bd3bc3f6f0fd79ad395fc41a9530abecf7e4e92cd peer=0
2025-11-01T19:51:10Z UpdateTip: new best=76f061b158a29af0c79de25bd3bc3f6f0fd79ad395fc41a9530abecf7e4e92cd height=182 version=0x30000000 log2_work=8.515700 tx=401 date='2025-11-01T19:51:11Z' progress=1.000000 cache=0.3MiB(379txo)
2025-11-01T19:51:15Z Saw new header hash=2414158dbbf543ae960de25484a68856eb4e3eac5181668f2e704bbb867dc2d3 height=183
2025-11-01T19:51:15Z Saw new cmpctblock header hash=2414158dbbf543ae960de25484a68856eb4e3eac5181668f2e704bbb867dc2d3 peer=1
2025-11-01T19:51:15Z UpdateTip: new best=2414158dbbf543ae960de25484a68856eb4e3eac5181668f2e704bbb867dc2d3 height=183 version=0x30000000 log2_work=8.523562 tx=442 date='2025-11-01T19:51:15Z' progress=1.000000 cache=0.3MiB(392txo)
2025-11-01T19:51:20Z Saw new header hash=49cc78615dd83b1ba52d14358672e7f9a11437f93c1556adc7ecd2a488327557 height=184
2025-11-01T19:51:20Z Saw new cmpctblock header hash=49cc78615dd83b1ba52d14358672e7f9a11437f93c1556adc7ecd2a488327557 peer=0
2025-11-01T19:51:20Z UpdateTip: new best=49cc78615dd83b1ba52d14358672e7f9a11437f93c1556adc7ecd2a488327557 height=184 version=0x30000000 log2_work=8.531381 tx=469 date='2025-11-01T19:51:20Z' progress=1.000000 cache=0.3MiB(399txo)
2025-11-01T19:51:26Z Saw new header hash=7f7c6c75f368450a8c5ecafe157ced3d75db9d80a5aab40f0ab52787cf7089de height=185
2025-11-01T19:51:26Z Saw new cmpctblock header hash=7f7c6c75f368450a8c5ecafe157ced3d75db9d80a5aab40f0ab52787cf7089de peer=0
2025-11-01T19:51:26Z UpdateTip: new best=7f7c6c75f368450a8c5ecafe157ced3d75db9d80a5aab40f0ab52787cf7089de height=185 version=0x30000000 log2_work=8.539159 tx=502 date='2025-11-01T19:51:25Z' progress=1.000000 cache=0.3MiB(405txo)
2025-11-01T19:51:31Z Saw new header hash=182180046e00c12e80c0d45c02bde0f63fc3043760a696d233e0da07e96998d1 height=186
2025-11-01T19:51:31Z Saw new cmpctblock header hash=182180046e00c12e80c0d45c02bde0f63fc3043760a696d233e0da07e96998d1 peer=1
2025-11-01T19:51:31Z UpdateTip: new best=182180046e00c12e80c0d45c02bde0f63fc3043760a696d233e0da07e96998d1 height=186 version=0x30000000 log2_work=8.546894 tx=565 date='2025-11-01T19:51:31Z' progress=1.000000 cache=0.3MiB(404txo)
2025-11-01T19:51:36Z Saw new header hash=0e7e6a56ba49b99d02042300eb045a2d7c17dbf328603f0290050e766e2484e7 height=187
2025-11-01T19:51:36Z Saw new cmpctblock header hash=0e7e6a56ba49b99d02042300eb045a2d7c17dbf328603f0290050e766e2484e7 peer=0
2025-11-01T19:51:36Z UpdateTip: new best=0e7e6a56ba49b99d02042300eb045a2d7c17dbf328603f0290050e766e2484e7 height=187 version=0x30000000 log2_work=8.554589 tx=579 date='2025-11-01T19:51:36Z' progress=1.000000 cache=0.3MiB(412txo)
2025-11-01T19:51:41Z Saw new header hash=3ecde9210e7056cef6292002f472cbb167a24bf53ffe2dd6aa15bcd73a0b3259 height=188
2025-11-01T19:51:41Z Saw new cmpctblock header hash=3ecde9210e7056cef6292002f472cbb167a24bf53ffe2dd6aa15bcd73a0b3259 peer=0
2025-11-01T19:51:41Z UpdateTip: new best=3ecde9210e7056cef6292002f472cbb167a24bf53ffe2dd6aa15bcd73a0b3259 height=188 version=0x30000000 log2_work=8.562242 tx=653 date='2025-11-01T19:51:41Z' progress=1.000000 cache=0.3MiB(401txo)
2025-11-01T19:51:46Z Saw new header hash=1d13ffa9d85d396b497c77dd5c5b149f2328d217a94783785ffb56e051a96c1c height=189
2025-11-01T19:51:46Z Saw new cmpctblock header hash=1d13ffa9d85d396b497c77dd5c5b149f2328d217a94783785ffb56e051a96c1c peer=1
2025-11-01T19:51:46Z UpdateTip: new best=1d13ffa9d85d396b497c77dd5c5b149f2328d217a94783785ffb56e051a96c1c height=189 version=0x30000000 log2_work=8.569856 tx=667 date='2025-11-01T19:51:46Z' progress=1.000000 cache=0.3MiB(391txo)
2025-11-01T19:51:51Z Saw new header hash=3c7bf323e77b359853a4a8dadef3b4d0fd51d4469f0ac569ca5aa4c3ec46c753 height=190
2025-11-01T19:51:51Z Saw new cmpctblock header hash=3c7bf323e77b359853a4a8dadef3b4d0fd51d4469f0ac569ca5aa4c3ec46c753 peer=0
2025-11-01T19:51:51Z UpdateTip: new best=3c7bf323e77b359853a4a8dadef3b4d0fd51d4469f0ac569ca5aa4c3ec46c753 height=190 version=0x30000000 log2_work=8.577429 tx=703 date='2025-11-01T19:51:51Z' progress=1.000000 cache=0.3MiB(405txo)
2025-11-01T19:51:56Z Saw new header hash=3b4ede4a2ad51ce11f6f7e79b23cc2fd5be226975cb0fac1215d9975ecbc6594 height=191
2025-11-01T19:51:56Z Saw new cmpctblock header hash=3b4ede4a2ad51ce11f6f7e79b23cc2fd5be226975cb0fac1215d9975ecbc6594 peer=0
2025-11-01T19:51:56Z UpdateTip: new best=3b4ede4a2ad51ce11f6f7e79b23cc2fd5be226975cb0fac1215d9975ecbc6594 height=191 version=0x30000000 log2_work=8.584963 tx=751 date='2025-11-01T19:51:56Z' progress=1.000000 cache=0.3MiB(410txo)
2025-11-01T19:52:01Z Saw new header hash=4a658b82dea46b27ec2f78d5b344b5a0166c684cbb23fb29bee02b2ed20bf3f5 height=192
2025-11-01T19:52:01Z Saw new cmpctblock header hash=4a658b82dea46b27ec2f78d5b344b5a0166c684cbb23fb29bee02b2ed20bf3f5 peer=1
2025-11-01T19:52:01Z UpdateTip: new best=4a658b82dea46b27ec2f78d5b344b5a0166c684cbb23fb29bee02b2ed20bf3f5 height=192 version=0x30000000 log2_work=8.592457 tx=807 date='2025-11-01T19:52:01Z' progress=1.000000 cache=0.3MiB(416txo)
2025-11-01T19:52:06Z Saw new header hash=6f95865613651da1fc6eefb7fd1887ffbbd69f228d9337ca65e31483d17af6b3 height=193
2025-11-01T19:52:06Z Saw new cmpctblock header hash=6f95865613651da1fc6eefb7fd1887ffbbd69f228d9337ca65e31483d17af6b3 peer=0
2025-11-01T19:52:06Z UpdateTip: new best=6f95865613651da1fc6eefb7fd1887ffbbd69f228d9337ca65e31483d17af6b3 height=193 version=0x30000000 log2_work=8.599913 tx=859 date='2025-11-01T19:52:06Z' progress=1.000000 cache=0.3MiB(428txo)
2025-11-01T19:52:11Z Saw new header hash=16804cb39de475424c1a18393a9306c7ff866507d200f83bc99542be664a8264 height=194
2025-11-01T19:52:11Z Saw new cmpctblock header hash=16804cb39de475424c1a18393a9306c7ff866507d200f83bc99542be664a8264 peer=1
2025-11-01T19:52:11Z UpdateTip: new best=16804cb39de475424c1a18393a9306c7ff866507d200f83bc99542be664a8264 height=194 version=0x30000000 log2_work=8.607330 tx=885 date='2025-11-01T19:52:11Z' progress=1.000000 cache=0.3MiB(430txo)
2025-11-01T19:52:16Z Saw new header hash=377a08281751bdc9e506cdc952145786df2086cd486b92fd9acdd4976c83aa85 height=195
2025-11-01T19:52:16Z Saw new cmpctblock header hash=377a08281751bdc9e506cdc952145786df2086cd486b92fd9acdd4976c83aa85 peer=0
2025-11-01T19:52:16Z UpdateTip: new best=377a08281751bdc9e506cdc952145786df2086cd486b92fd9acdd4976c83aa85 height=195 version=0x30000000 log2_work=8.614710 tx=912 date='2025-11-01T19:52:16Z' progress=1.000000 cache=0.3MiB(438txo)
2025-11-01T19:52:22Z Saw new header hash=78138e07478358a3a50e7db274feaf26ea591981ac99d99d60792d4054623980 height=196
2025-11-01T19:52:22Z Saw new cmpctblock header hash=78138e07478358a3a50e7db274feaf26ea591981ac99d99d60792d4054623980 peer=0
2025-11-01T19:52:22Z UpdateTip: new best=78138e07478358a3a50e7db274feaf26ea591981ac99d99d60792d4054623980 height=196 version=0x30000000 log2_work=8.622052 tx=984 date='2025-11-01T19:52:21Z' progress=1.000000 cache=0.3MiB(451txo)
2025-11-01T19:52:26Z Saw new header hash=289102fc91f15c6e3f9659498e4c193fc5fe75414003a23b3801a72817452b61 height=197
2025-11-01T19:52:26Z Saw new cmpctblock header hash=289102fc91f15c6e3f9659498e4c193fc5fe75414003a23b3801a72817452b61 peer=1
2025-11-01T19:52:26Z UpdateTip: new best=289102fc91f15c6e3f9659498e4c193fc5fe75414003a23b3801a72817452b61 height=197 version=0x30000000 log2_work=8.629357 tx=1014 date='2025-11-01T19:52:26Z' progress=1.000000 cache=0.3MiB(458txo)
2025-11-01T19:52:32Z Saw new header hash=7614ae46bc80e32b63e544692b22eb80e0b647e7d34d2be0dc7958a6e084060e height=198
2025-11-01T19:52:32Z Saw new cmpctblock header hash=7614ae46bc80e32b63e544692b22eb80e0b647e7d34d2be0dc7958a6e084060e peer=0
2025-11-01T19:52:32Z UpdateTip: new best=7614ae46bc80e32b63e544692b22eb80e0b647e7d34d2be0dc7958a6e084060e height=198 version=0x30000000 log2_work=8.636625 tx=1056 date='2025-11-01T19:52:31Z' progress=1.000000 cache=0.3MiB(453txo)
2025-11-01T19:52:37Z Saw new header hash=17addd55af340423de84c463206429368fea3b20324ede9ee6e1dd8b57fb3daf height=199
2025-11-01T19:52:37Z Saw new cmpctblock header hash=17addd55af340423de84c463206429368fea3b20324ede9ee6e1dd8b57fb3daf peer=1
2025-11-01T19:52:37Z UpdateTip: new best=17addd55af340423de84c463206429368fea3b20324ede9ee6e1dd8b57fb3daf height=199 version=0x30000000 log2_work=8.643856 tx=1065 date='2025-11-01T19:52:37Z' progress=1.000000 cache=0.3MiB(453txo)
2025-11-01T19:52:42Z Saw new header hash=308145220a01de5a215d1acab7c3f88870b892ef94f858a4085cdd41cabe7e53 height=200
2025-11-01T19:52:42Z Saw new cmpctblock header hash=308145220a01de5a215d1acab7c3f88870b892ef94f858a4085cdd41cabe7e53 peer=0
2025-11-01T19:52:42Z UpdateTip: new best=308145220a01de5a215d1acab7c3f88870b892ef94f858a4085cdd41cabe7e53 height=200 version=0x30000000 log2_work=8.651052 tx=1112 date='2025-11-01T19:52:42Z' progress=1.000000 cache=0.3MiB(450txo)
2025-11-01T19:52:47Z Saw new header hash=368654e969d755b17e0b6a1766e1ccbc5fce13914662402a63c3000a9c49bc5f height=201
2025-11-01T19:52:47Z Saw new cmpctblock header hash=368654e969d755b17e0b6a1766e1ccbc5fce13914662402a63c3000a9c49bc5f peer=0
2025-11-01T19:52:47Z UpdateTip: new best=368654e969d755b17e0b6a1766e1ccbc5fce13914662402a63c3000a9c49bc5f height=201 version=0x30000000 log2_work=8.658211 tx=1187 date='2025-11-01T19:52:47Z' progress=1.000000 cache=0.3MiB(424txo)
2025-11-01T19:52:52Z Saw new header hash=5327553cd6f3d69a45f45d74a4bf158d1f00611e8a7144623f8f1e59f531f50e height=202
2025-11-01T19:52:52Z Saw new cmpctblock header hash=5327553cd6f3d69a45f45d74a4bf158d1f00611e8a7144623f8f1e59f531f50e peer=0
2025-11-01T19:52:52Z UpdateTip: new best=5327553cd6f3d69a45f45d74a4bf158d1f00611e8a7144623f8f1e59f531f50e height=202 version=0x30000000 log2_work=8.665336 tx=1228 date='2025-11-01T19:52:52Z' progress=1.000000 cache=0.3MiB(447txo)
2025-11-01T19:52:57Z Saw new header hash=424cad7c4ba6ddf6b7092a115bbbe5307391ab6be93544a26aaa4893864cbbb5 height=203
2025-11-01T19:52:57Z Saw new cmpctblock header hash=424cad7c4ba6ddf6b7092a115bbbe5307391ab6be93544a26aaa4893864cbbb5 peer=0
2025-11-01T19:52:57Z UpdateTip: new best=424cad7c4ba6ddf6b7092a115bbbe5307391ab6be93544a26aaa4893864cbbb5 height=203 version=0x30000000 log2_work=8.672425 tx=1229 date='2025-11-01T19:52:57Z' progress=1.000000 cache=0.3MiB(448txo)
2025-11-01T19:53:02Z Saw new header hash=0af3fe085df5e65ba6ecf08ec29708b60aa4b8a6da790cf6cedadae16962fd1d height=204
2025-11-01T19:53:02Z Saw new cmpctblock header hash=0af3fe085df5e65ba6ecf08ec29708b60aa4b8a6da790cf6cedadae16962fd1d peer=1
2025-11-01T19:53:02Z UpdateTip: new best=0af3fe085df5e65ba6ecf08ec29708b60aa4b8a6da790cf6cedadae16962fd1d height=204 version=0x30000000 log2_work=8.679480 tx=1302 date='2025-11-01T19:53:02Z' progress=1.000000 cache=0.3MiB(477txo)
2025-11-01T19:53:07Z Saw new header hash=1fa7d3c558b626fb41c260174a773428ee9dd6648553a308199f4dcb6f874e77 height=205
2025-11-01T19:53:07Z Saw new cmpctblock header hash=1fa7d3c558b626fb41c260174a773428ee9dd6648553a308199f4dcb6f874e77 peer=0
2025-11-01T19:53:07Z UpdateTip: new best=1fa7d3c558b626fb41c260174a773428ee9dd6648553a308199f4dcb6f874e77 height=205 version=0x30000000 log2_work=8.686501 tx=1338 date='2025-11-01T19:53:07Z' progress=1.000000 cache=0.3MiB(467txo)
2025-11-01T19:53:12Z Saw new header hash=499b09d9ab206f1e104e4e5d461d489ad2670b547744960a96b536803c5346ec height=206
2025-11-01T19:53:12Z Saw new cmpctblock header hash=499b09d9ab206f1e104e4e5d461d489ad2670b547744960a96b536803c5346ec peer=0
2025-11-01T19:53:12Z UpdateTip: new best=499b09d9ab206f1e104e4e5d461d489ad2670b547744960a96b536803c5346ec height=206 version=0x30000000 log2_work=8.693487 tx=1357 date='2025-11-01T19:53:12Z' progress=1.000000 cache=0.3MiB(475txo)
2025-11-01T19:53:18Z Saw new header hash=6d936818db885777eaaffaa10f3c075d965bd19873346cb323b8314c3803e10f height=207
2025-11-01T19:53:18Z Saw new cmpctblock header hash=6d936818db885777eaaffaa10f3c075d965bd19873346cb323b8314c3803e10f peer=0
2025-11-01T19:53:18Z UpdateTip: new best=6d936818db885777eaaffaa10f3c075d965bd19873346cb323b8314c3803e10f height=207 version=0x30000000 log2_work=8.700440 tx=1386 date='2025-11-01T19:53:18Z' progress=1.000000 cache=0.3MiB(484txo)
2025-11-01T19:53:25Z Saw new header hash=0cb0e6d7a73e04bfbd73d071713a18ab722b74969745147b25b32109aeef908a height=208
2025-11-01T19:53:25Z Saw new cmpctblock header hash=0cb0e6d7a73e04bfbd73d071713a18ab722b74969745147b25b32109aeef908a peer=1
2025-11-01T19:53:25Z UpdateTip: new best=0cb0e6d7a73e04bfbd73d071713a18ab722b74969745147b25b32109aeef908a height=208 version=0x30000000 log2_work=8.707359 tx=1422 date='2025-11-01T19:53:23Z' progress=1.000000 cache=0.3MiB(480txo)
2025-11-01T19:53:31Z Saw new header hash=5c29c995bd5a54507d7a5b049c24a2e214074170f3cc69de9b0764c26c39b12a height=209
2025-11-01T19:53:31Z Saw new cmpctblock header hash=5c29c995bd5a54507d7a5b049c24a2e214074170f3cc69de9b0764c26c39b12a peer=1
2025-11-01T19:53:31Z UpdateTip: new best=5c29c995bd5a54507d7a5b049c24a2e214074170f3cc69de9b0764c26c39b12a height=209 version=0x30000000 log2_work=8.714246 tx=1477 date='2025-11-01T19:53:28Z' progress=1.000000 cache=0.3MiB(502txo)
2025-11-01T19:53:35Z Saw new header hash=6363eea07f50f235b23862636ff7a8a9dec4ac5c7e578c0c562bc47a5e4bff14 height=210
2025-11-01T19:53:35Z Saw new cmpctblock header hash=6363eea07f50f235b23862636ff7a8a9dec4ac5c7e578c0c562bc47a5e4bff14 peer=1
2025-11-01T19:53:35Z UpdateTip: new best=6363eea07f50f235b23862636ff7a8a9dec4ac5c7e578c0c562bc47a5e4bff14 height=210 version=0x30000000 log2_work=8.721099 tx=1515 date='2025-11-01T19:53:34Z' progress=1.000000 cache=0.3MiB(517txo)
2025-11-01T19:53:40Z Saw new header hash=36a191d864a883fbb5c3574dfda9c0fb8081dd32497e19c18a6a8ed4d97f2ed7 height=211
2025-11-01T19:53:40Z Saw new cmpctblock header hash=36a191d864a883fbb5c3574dfda9c0fb8081dd32497e19c18a6a8ed4d97f2ed7 peer=1
2025-11-01T19:53:41Z UpdateTip: new best=36a191d864a883fbb5c3574dfda9c0fb8081dd32497e19c18a6a8ed4d97f2ed7 height=211 version=0x30000000 log2_work=8.727920 tx=1537 date='2025-11-01T19:53:39Z' progress=1.000000 cache=0.3MiB(512txo)
2025-11-01T19:53:46Z Saw new header hash=7a1a5eaed17be28c37b21d2498dc2fd0d2ae7706c8a640eecf9bab556ad9b6c3 height=212
2025-11-01T19:53:46Z Saw new cmpctblock header hash=7a1a5eaed17be28c37b21d2498dc2fd0d2ae7706c8a640eecf9bab556ad9b6c3 peer=1
2025-11-01T19:53:46Z UpdateTip: new best=7a1a5eaed17be28c37b21d2498dc2fd0d2ae7706c8a640eecf9bab556ad9b6c3 height=212 version=0x30000000 log2_work=8.734710 tx=1583 date='2025-11-01T19:53:44Z' progress=1.000000 cache=0.3MiB(533txo)
2025-11-01T19:53:51Z Saw new header hash=33a043aafdecf1d06dae3cd9f0f10e375052b859f0707e5668851b7cd52b4fba height=213
2025-11-01T19:53:51Z Saw new cmpctblock header hash=33a043aafdecf1d06dae3cd9f0f10e375052b859f0707e5668851b7cd52b4fba peer=1
2025-11-01T19:53:51Z UpdateTip: new best=33a043aafdecf1d06dae3cd9f0f10e375052b859f0707e5668851b7cd52b4fba height=213 version=0x30000000 log2_work=8.741467 tx=1617 date='2025-11-01T19:53:49Z' progress=1.000000 cache=0.3MiB(538txo)
2025-11-01T19:53:56Z Saw new header hash=1ef721c397251d6d0c3b6c6e99f1ee14185084c9da0cd42428af42db493febd1 height=214
2025-11-01T19:53:56Z Saw new cmpctblock header hash=1ef721c397251d6d0c3b6c6e99f1ee14185084c9da0cd42428af42db493febd1 peer=1
2025-11-01T19:53:56Z UpdateTip: new best=1ef721c397251d6d0c3b6c6e99f1ee14185084c9da0cd42428af42db493febd1 height=214 version=0x30000000 log2_work=8.748193 tx=1649 date='2025-11-01T19:53:55Z' progress=1.000000 cache=0.3MiB(537txo)
2025-11-01T19:54:01Z Saw new header hash=7d0a3315a8383f4e3aa0604aa80e27148f5c31dc5885a1661e46fe7486fb7a32 height=215
2025-11-01T19:54:01Z Saw new cmpctblock header hash=7d0a3315a8383f4e3aa0604aa80e27148f5c31dc5885a1661e46fe7486fb7a32 peer=0
2025-11-01T19:54:02Z UpdateTip: new best=7d0a3315a8383f4e3aa0604aa80e27148f5c31dc5885a1661e46fe7486fb7a32 height=215 version=0x30000000 log2_work=8.754888 tx=1678 date='2025-11-01T19:54:00Z' progress=1.000000 cache=0.3MiB(541txo)
2025-11-01T19:54:07Z Saw new header hash=2ad1017d658961c4919731032d3c27c99bfa39eb60e539dbe54d8524301ed7a1 height=216
2025-11-01T19:54:07Z Saw new cmpctblock header hash=2ad1017d658961c4919731032d3c27c99bfa39eb60e539dbe54d8524301ed7a1 peer=0
2025-11-01T19:54:08Z UpdateTip: new best=2ad1017d658961c4919731032d3c27c99bfa39eb60e539dbe54d8524301ed7a1 height=216 version=0x30000000 log2_work=8.761551 tx=1738 date='2025-11-01T19:54:05Z' progress=1.000000 cache=0.3MiB(553txo)
2025-11-01T19:54:12Z Saw new header hash=017fc3f9e76b5e6eace8534446297008b9fd6c7b485f404cd0b690870e629d0e height=217
2025-11-01T19:54:12Z Saw new cmpctblock header hash=017fc3f9e76b5e6eace8534446297008b9fd6c7b485f404cd0b690870e629d0e peer=0
2025-11-01T19:54:12Z UpdateTip: new best=017fc3f9e76b5e6eace8534446297008b9fd6c7b485f404cd0b690870e629d0e height=217 version=0x30000000 log2_work=8.768184 tx=1761 date='2025-11-01T19:54:10Z' progress=1.000000 cache=0.3MiB(543txo)
2025-11-01T19:54:18Z Saw new header hash=717167ed84b009edabaeb4522ab1d1b3a7481fbacba684e3b7ed1952d2f2db04 height=218
2025-11-01T19:54:18Z Saw new cmpctblock header hash=717167ed84b009edabaeb4522ab1d1b3a7481fbacba684e3b7ed1952d2f2db04 peer=1
2025-11-01T19:54:18Z UpdateTip: new best=717167ed84b009edabaeb4522ab1d1b3a7481fbacba684e3b7ed1952d2f2db04 height=218 version=0x30000000 log2_work=8.774787 tx=1817 date='2025-11-01T19:54:16Z' progress=1.000000 cache=0.3MiB(547txo)
2025-11-01T19:54:23Z Saw new header hash=249ed234ba1081021eecc2017bf6a49f0d77d67e6cae621034985ae301a1189c height=219
2025-11-01T19:54:23Z Saw new cmpctblock header hash=249ed234ba1081021eecc2017bf6a49f0d77d67e6cae621034985ae301a1189c peer=0
2025-11-01T19:54:23Z UpdateTip: new best=249ed234ba1081021eecc2017bf6a49f0d77d67e6cae621034985ae301a1189c height=219 version=0x30000000 log2_work=8.781360 tx=1850 date='2025-11-01T19:54:21Z' progress=1.000000 cache=0.3MiB(552txo)
2025-11-01T19:54:29Z Saw new header hash=16b7e8497a963744701a81a9990ba038f08e44ba69dbdd7d240ff848c054de52 height=220
2025-11-01T19:54:29Z Saw new cmpctblock header hash=16b7e8497a963744701a81a9990ba038f08e44ba69dbdd7d240ff848c054de52 peer=1
2025-11-01T19:54:29Z UpdateTip: new best=16b7e8497a963744701a81a9990ba038f08e44ba69dbdd7d240ff848c054de52 height=220 version=0x30000000 log2_work=8.787903 tx=1895 date='2025-11-01T19:54:26Z' progress=1.000000 cache=0.3MiB(561txo)
2025-11-01T19:54:33Z Saw new header hash=60a2742c3f85f888f2f4dd79680cfe16ade47945c30c7794d66d27cd00077112 height=221
2025-11-01T19:54:33Z Saw new cmpctblock header hash=60a2742c3f85f888f2f4dd79680cfe16ade47945c30c7794d66d27cd00077112 peer=0
2025-11-01T19:54:33Z UpdateTip: new best=60a2742c3f85f888f2f4dd79680cfe16ade47945c30c7794d66d27cd00077112 height=221 version=0x30000000 log2_work=8.794416 tx=1932 date='2025-11-01T19:54:32Z' progress=1.000000 cache=0.3MiB(576txo)
2025-11-01T19:54:38Z Saw new header hash=1238e2ee783488477d6ca882fa795d56439a9b8dc4160c559c62073fc32d4f33 height=222
2025-11-01T19:54:38Z Saw new cmpctblock header hash=1238e2ee783488477d6ca882fa795d56439a9b8dc4160c559c62073fc32d4f33 peer=1
2025-11-01T19:54:38Z UpdateTip: new best=1238e2ee783488477d6ca882fa795d56439a9b8dc4160c559c62073fc32d4f33 height=222 version=0x30000000 log2_work=8.800900 tx=1953 date='2025-11-01T19:54:37Z' progress=1.000000 cache=0.3MiB(566txo)
2025-11-01T19:54:44Z Saw new header hash=27c8c97f1aa3971bf17738874288d7cab4f2bdb96f11e08e923db7a6255844d6 height=223
2025-11-01T19:54:44Z Saw new cmpctblock header hash=27c8c97f1aa3971bf17738874288d7cab4f2bdb96f11e08e923db7a6255844d6 peer=0
2025-11-01T19:54:45Z UpdateTip: new best=27c8c97f1aa3971bf17738874288d7cab4f2bdb96f11e08e923db7a6255844d6 height=223 version=0x30000000 log2_work=8.807355 tx=1998 date='2025-11-01T19:54:42Z' progress=1.000000 cache=0.3MiB(551txo)
2025-11-01T19:54:49Z Saw new header hash=76ea80dbad639a5bb98e91d5fbae5265cc3412e07f0a36e029248af17ff7ac67 height=224
2025-11-01T19:54:49Z Saw new cmpctblock header hash=76ea80dbad639a5bb98e91d5fbae5265cc3412e07f0a36e029248af17ff7ac67 peer=0
2025-11-01T19:54:49Z UpdateTip: new best=76ea80dbad639a5bb98e91d5fbae5265cc3412e07f0a36e029248af17ff7ac67 height=224 version=0x30000000 log2_work=8.813781 tx=2038 date='2025-11-01T19:54:48Z' progress=1.000000 cache=0.3MiB(557txo)
2025-11-01T19:54:55Z Saw new header hash=06f492c06f17cbe316fdbad54e828860fcb6232b639acd51d50fa2c39bd9b6c8 height=225
2025-11-01T19:54:55Z Saw new cmpctblock header hash=06f492c06f17cbe316fdbad54e828860fcb6232b639acd51d50fa2c39bd9b6c8 peer=1
2025-11-01T19:54:55Z UpdateTip: new best=06f492c06f17cbe316fdbad54e828860fcb6232b639acd51d50fa2c39bd9b6c8 height=225 version=0x30000000 log2_work=8.820179 tx=2097 date='2025-11-01T19:54:53Z' progress=1.000000 cache=0.3MiB(559txo)
2025-11-01T19:55:01Z Saw new header hash=42a9a4a16266dcba0c067829105428dda759db4cdda96f6caaf3abbf287869d0 height=226
2025-11-01T19:55:01Z Saw new cmpctblock header hash=42a9a4a16266dcba0c067829105428dda759db4cdda96f6caaf3abbf287869d0 peer=1
2025-11-01T19:55:01Z UpdateTip: new best=42a9a4a16266dcba0c067829105428dda759db4cdda96f6caaf3abbf287869d0 height=226 version=0x30000000 log2_work=8.826548 tx=2135 date='2025-11-01T19:54:58Z' progress=1.000000 cache=0.3MiB(554txo)
2025-11-01T19:55:05Z Saw new header hash=1a7e46bff8bcfc836034137720579c1a9db35fb15402a25f55372061b7022a0e height=227
2025-11-01T19:55:05Z Saw new cmpctblock header hash=1a7e46bff8bcfc836034137720579c1a9db35fb15402a25f55372061b7022a0e peer=1
2025-11-01T19:55:05Z UpdateTip: new best=1a7e46bff8bcfc836034137720579c1a9db35fb15402a25f55372061b7022a0e height=227 version=0x30000000 log2_work=8.832890 tx=2160 date='2025-11-01T19:55:04Z' progress=1.000000 cache=0.3MiB(558txo)
2025-11-01T19:55:11Z Saw new header hash=4d04558628563630366f728291f345791541fa1e8fcdbbf43e2ff15b4048f37a height=228
2025-11-01T19:55:11Z Saw new cmpctblock header hash=4d04558628563630366f728291f345791541fa1e8fcdbbf43e2ff15b4048f37a peer=1
2025-11-01T19:55:11Z UpdateTip: new best=4d04558628563630366f728291f345791541fa1e8fcdbbf43e2ff15b4048f37a height=228 version=0x30000000 log2_work=8.839204 tx=2225 date='2025-11-01T19:55:09Z' progress=1.000000 cache=0.3MiB(569txo)
2025-11-01T19:55:16Z Saw new header hash=7aad9e3088325f33237f629db1a34464ce7db2a89ead67b9f9a80c7cdb6e114f height=229
2025-11-01T19:55:16Z Saw new cmpctblock header hash=7aad9e3088325f33237f629db1a34464ce7db2a89ead67b9f9a80c7cdb6e114f peer=0
2025-11-01T19:55:16Z UpdateTip: new best=7aad9e3088325f33237f629db1a34464ce7db2a89ead67b9f9a80c7cdb6e114f height=229 version=0x30000000 log2_work=8.845490 tx=2262 date='2025-11-01T19:55:14Z' progress=1.000000 cache=0.3MiB(576txo)
2025-11-01T19:55:21Z Saw new header hash=4be6a5534fd5b23f50d39d5d73bc716def9bcbedc299f921110303096970227e height=230
2025-11-01T19:55:21Z Saw new cmpctblock header hash=4be6a5534fd5b23f50d39d5d73bc716def9bcbedc299f921110303096970227e peer=1
2025-11-01T19:55:21Z UpdateTip: new best=4be6a5534fd5b23f50d39d5d73bc716def9bcbedc299f921110303096970227e height=230 version=0x30000000 log2_work=8.851749 tx=2296 date='2025-11-01T19:55:19Z' progress=1.000000 cache=0.3MiB(581txo)
2025-11-01T19:55:27Z Saw new header hash=39684cdb07a5ea0519102ac9104c1b2d1b69b9c70e2b1813666ab56f041e64a8 height=231
2025-11-01T19:55:27Z Saw new cmpctblock header hash=39684cdb07a5ea0519102ac9104c1b2d1b69b9c70e2b1813666ab56f041e64a8 peer=1
2025-11-01T19:55:27Z UpdateTip: new best=39684cdb07a5ea0519102ac9104c1b2d1b69b9c70e2b1813666ab56f041e64a8 height=231 version=0x30000000 log2_work=8.857981 tx=2351 date='2025-11-01T19:55:25Z' progress=1.000000 cache=0.3MiB(594txo)
2025-11-01T19:55:31Z Saw new header hash=60a74d908dd6a2d1cbc461bb09205f0dac428573f13d3265afeb07a7427bbffd height=232
2025-11-01T19:55:31Z Saw new cmpctblock header hash=60a74d908dd6a2d1cbc461bb09205f0dac428573f13d3265afeb07a7427bbffd peer=1
2025-11-01T19:55:31Z UpdateTip: new best=60a74d908dd6a2d1cbc461bb09205f0dac428573f13d3265afeb07a7427bbffd height=232 version=0x30000000 log2_work=8.864186 tx=2367 date='2025-11-01T19:55:30Z' progress=1.000000 cache=0.3MiB(598txo)
2025-11-01T19:55:37Z Saw new header hash=7eadb710e58e8c6939ebb8d85886b6b322d0aa4beb917b9522c71f85f855d44a height=233
2025-11-01T19:55:37Z Saw new cmpctblock header hash=7eadb710e58e8c6939ebb8d85886b6b322d0aa4beb917b9522c71f85f855d44a peer=0
2025-11-01T19:55:38Z UpdateTip: new best=7eadb710e58e8c6939ebb8d85886b6b322d0aa4beb917b9522c71f85f855d44a height=233 version=0x30000000 log2_work=8.870365 tx=2415 date='2025-11-01T19:55:35Z' progress=1.000000 cache=0.3MiB(618txo)
2025-11-01T19:55:43Z Saw new header hash=05eb3182f1986f899373613f781214d7dbc721136c19869038d46612eada74fb height=234
2025-11-01T19:55:43Z Saw new cmpctblock header hash=05eb3182f1986f899373613f781214d7dbc721136c19869038d46612eada74fb peer=1
2025-11-01T19:55:43Z UpdateTip: new best=05eb3182f1986f899373613f781214d7dbc721136c19869038d46612eada74fb height=234 version=0x30000000 log2_work=8.876517 tx=2450 date='2025-11-01T19:55:40Z' progress=1.000000 cache=0.3MiB(596txo)
2025-11-01T19:55:48Z Saw new header hash=12d8df28f87d16cfa74578f2f37fb0b23fd9cc99ec658120fa2e561763aebacb height=235
2025-11-01T19:55:48Z Saw new cmpctblock header hash=12d8df28f87d16cfa74578f2f37fb0b23fd9cc99ec658120fa2e561763aebacb peer=1
2025-11-01T19:55:48Z UpdateTip: new best=12d8df28f87d16cfa74578f2f37fb0b23fd9cc99ec658120fa2e561763aebacb height=235 version=0x30000000 log2_work=8.882643 tx=2509 date='2025-11-01T19:55:46Z' progress=1.000000 cache=0.3MiB(594txo)
2025-11-01T19:55:52Z Saw new header hash=1a44275cf4d0d6af1f245c0df7bb3e8e73cc92e2dd4ddd899d0386e2e9a4104d height=236
2025-11-01T19:55:52Z Saw new cmpctblock header hash=1a44275cf4d0d6af1f245c0df7bb3e8e73cc92e2dd4ddd899d0386e2e9a4104d peer=0
2025-11-01T19:55:53Z UpdateTip: new best=1a44275cf4d0d6af1f245c0df7bb3e8e73cc92e2dd4ddd899d0386e2e9a4104d height=236 version=0x30000000 log2_work=8.888743 tx=2550 date='2025-11-01T19:55:51Z' progress=1.000000 cache=0.3MiB(607txo)
2025-11-01T19:55:58Z Saw new header hash=093560a6bb0ad27dfd42c634bfbfda371398bc0e859518970ce430cee6a142fe height=237
2025-11-01T19:55:58Z Saw new cmpctblock header hash=093560a6bb0ad27dfd42c634bfbfda371398bc0e859518970ce430cee6a142fe peer=1
2025-11-01T19:55:58Z UpdateTip: new best=093560a6bb0ad27dfd42c634bfbfda371398bc0e859518970ce430cee6a142fe height=237 version=0x30000000 log2_work=8.894818 tx=2583 date='2025-11-01T19:55:56Z' progress=1.000000 cache=0.3MiB(616txo)
2025-11-01T19:56:04Z Saw new header hash=36ede2757115461c5bd7fa032dcf518f3f122f17d6742cbaa9f9464a6acb5b63 height=238
2025-11-01T19:56:04Z Saw new cmpctblock header hash=36ede2757115461c5bd7fa032dcf518f3f122f17d6742cbaa9f9464a6acb5b63 peer=0
2025-11-01T19:56:04Z UpdateTip: new best=36ede2757115461c5bd7fa032dcf518f3f122f17d6742cbaa9f9464a6acb5b63 height=238 version=0x30000000 log2_work=8.900867 tx=2630 date='2025-11-01T19:56:01Z' progress=1.000000 cache=0.3MiB(612txo)
2025-11-01T19:56:08Z Saw new header hash=38fa457d21f99a37c2e5cdefca9d683dbbfb7d04b205d6926058d71f132dadd2 height=239
2025-11-01T19:56:08Z Saw new cmpctblock header hash=38fa457d21f99a37c2e5cdefca9d683dbbfb7d04b205d6926058d71f132dadd2 peer=1
2025-11-01T19:56:08Z UpdateTip: new best=38fa457d21f99a37c2e5cdefca9d683dbbfb7d04b205d6926058d71f132dadd2 height=239 version=0x30000000 log2_work=8.906891 tx=2666 date='2025-11-01T19:56:07Z' progress=1.000000 cache=0.3MiB(617txo)
2025-11-01T19:56:19Z Saw new header hash=334d3034d10cdd8d9240371bb97b831a1b424559cf5eb2e59e4c2134bcf32783 height=240
2025-11-01T19:56:19Z Saw new cmpctblock header hash=334d3034d10cdd8d9240371bb97b831a1b424559cf5eb2e59e4c2134bcf32783 peer=1
2025-11-01T19:56:20Z UpdateTip: new best=334d3034d10cdd8d9240371bb97b831a1b424559cf5eb2e59e4c2134bcf32783 height=240 version=0x30000000 log2_work=8.912889 tx=2702 date='2025-11-01T19:56:17Z' progress=1.000000 cache=0.3MiB(597txo)
2025-11-01T19:56:25Z Saw new header hash=1465bc436db435acb2804faa95f506d73cb788ea5b280920fb972ab0f9722087 height=241
2025-11-01T19:56:25Z Saw new cmpctblock header hash=1465bc436db435acb2804faa95f506d73cb788ea5b280920fb972ab0f9722087 peer=0
2025-11-01T19:56:25Z UpdateTip: new best=1465bc436db435acb2804faa95f506d73cb788ea5b280920fb972ab0f9722087 height=241 version=0x30000000 log2_work=8.918863 tx=2789 date='2025-11-01T19:56:22Z' progress=1.000000 cache=0.3MiB(608txo)
2025-11-01T19:56:29Z Saw new header hash=3bb1478859a40abfbf1be6f3fd51507a9b795016c662d8503fe7d4539abce355 height=242
2025-11-01T19:56:29Z Saw new cmpctblock header hash=3bb1478859a40abfbf1be6f3fd51507a9b795016c662d8503fe7d4539abce355 peer=0
2025-11-01T19:56:29Z UpdateTip: new best=3bb1478859a40abfbf1be6f3fd51507a9b795016c662d8503fe7d4539abce355 height=242 version=0x30000000 log2_work=8.924813 tx=2825 date='2025-11-01T19:56:27Z' progress=1.000000 cache=0.3MiB(604txo)
2025-11-01T19:56:34Z Saw new header hash=77c305d89b628edb9d8e7e61bdf0bae9c36b5d8a79d671fb6674c0f814161d6b height=243
2025-11-01T19:56:34Z Saw new cmpctblock header hash=77c305d89b628edb9d8e7e61bdf0bae9c36b5d8a79d671fb6674c0f814161d6b peer=0
2025-11-01T19:56:35Z UpdateTip: new best=77c305d89b628edb9d8e7e61bdf0bae9c36b5d8a79d671fb6674c0f814161d6b height=243 version=0x30000000 log2_work=8.930737 tx=2861 date='2025-11-01T19:56:33Z' progress=1.000000 cache=0.3MiB(612txo)
2025-11-01T19:56:39Z Saw new header hash=375368238d438a89f6e34d65ac241cbce893b56158fa53d01ac67d7f5b1ab808 height=244
2025-11-01T19:56:39Z Saw new cmpctblock header hash=375368238d438a89f6e34d65ac241cbce893b56158fa53d01ac67d7f5b1ab808 peer=1
2025-11-01T19:56:39Z UpdateTip: new best=375368238d438a89f6e34d65ac241cbce893b56158fa53d01ac67d7f5b1ab808 height=244 version=0x30000000 log2_work=8.936638 tx=2884 date='2025-11-01T19:56:38Z' progress=1.000000 cache=0.3MiB(600txo)
2025-11-01T19:56:46Z Saw new header hash=623e5925c4217e1fe23190b2a5bfa84b8900feda750445df271ee38601fd50d1 height=245
2025-11-01T19:56:46Z Saw new cmpctblock header hash=623e5925c4217e1fe23190b2a5bfa84b8900feda750445df271ee38601fd50d1 peer=0
2025-11-01T19:56:46Z UpdateTip: new best=623e5925c4217e1fe23190b2a5bfa84b8900feda750445df271ee38601fd50d1 height=245 version=0x30000000 log2_work=8.942515 tx=2941 date='2025-11-01T19:56:43Z' progress=1.000000 cache=0.3MiB(618txo)
2025-11-01T19:56:50Z Saw new header hash=2589fe83ed1a05204f429460536a60d59d9d990dc1a1d59d730988992295deaa height=246
2025-11-01T19:56:50Z Saw new cmpctblock header hash=2589fe83ed1a05204f429460536a60d59d9d990dc1a1d59d730988992295deaa peer=1
2025-11-01T19:56:50Z UpdateTip: new best=2589fe83ed1a05204f429460536a60d59d9d990dc1a1d59d730988992295deaa height=246 version=0x30000000 log2_work=8.948367 tx=2958 date='2025-11-01T19:56:48Z' progress=1.000000 cache=0.3MiB(619txo)
2025-11-01T19:56:56Z Saw new header hash=739e828fe9accb41ec8a2af9f252f997c597e5bb3d748fe1800206e1d3609516 height=247
2025-11-01T19:56:56Z Saw new cmpctblock header hash=739e828fe9accb41ec8a2af9f252f997c597e5bb3d748fe1800206e1d3609516 peer=0
2025-11-01T19:56:56Z UpdateTip: new best=739e828fe9accb41ec8a2af9f252f997c597e5bb3d748fe1800206e1d3609516 height=247 version=0x30000000 log2_work=8.954196 tx=3015 date='2025-11-01T19:56:54Z' progress=1.000000 cache=0.3MiB(630txo)
2025-11-01T19:57:00Z Saw new header hash=3a668ef7a4cbdf2fb7e23e611eb39d433a6d00b3c53d28b754b9a376f2e6f5e4 height=248
2025-11-01T19:57:00Z Saw new cmpctblock header hash=3a668ef7a4cbdf2fb7e23e611eb39d433a6d00b3c53d28b754b9a376f2e6f5e4 peer=1
2025-11-01T19:57:00Z UpdateTip: new best=3a668ef7a4cbdf2fb7e23e611eb39d433a6d00b3c53d28b754b9a376f2e6f5e4 height=248 version=0x30000000 log2_work=8.960002 tx=3056 date='2025-11-01T19:56:59Z' progress=1.000000 cache=0.3MiB(635txo)
2025-11-01T19:57:05Z Saw new header hash=7b0eaaf52b279e635c5f7e00d82bb3b80342bb6fe1ef00f26c04ee87e22688df height=249
2025-11-01T19:57:05Z Saw new cmpctblock header hash=7b0eaaf52b279e635c5f7e00d82bb3b80342bb6fe1ef00f26c04ee87e22688df peer=1
2025-11-01T19:57:05Z UpdateTip: new best=7b0eaaf52b279e635c5f7e00d82bb3b80342bb6fe1ef00f26c04ee87e22688df height=249 version=0x30000000 log2_work=8.965784 tx=3085 date='2025-11-01T19:57:04Z' progress=1.000000 cache=0.3MiB(644txo)
2025-11-01T19:57:09Z Saw new header hash=36870c73d1df5a52378272c6fa2821721c257df4a47c0f5e0cfaf1d5c0f82c93 height=250
2025-11-01T19:57:09Z Saw new cmpctblock header hash=36870c73d1df5a52378272c6fa2821721c257df4a47c0f5e0cfaf1d5c0f82c93 peer=1
2025-11-01T19:57:09Z UpdateTip: new best=36870c73d1df5a52378272c6fa2821721c257df4a47c0f5e0cfaf1d5c0f82c93 height=250 version=0x30000000 log2_work=8.971544 tx=3086 date='2025-11-01T19:57:09Z' progress=1.000000 cache=0.3MiB(645txo)
2025-11-01T19:57:17Z Saw new header hash=5d15974303deb6f87026693ef02748ccf1447d04c5c9a833d70004e389ddcdd8 height=251
2025-11-01T19:57:17Z Saw new cmpctblock header hash=5d15974303deb6f87026693ef02748ccf1447d04c5c9a833d70004e389ddcdd8 peer=1
2025-11-01T19:57:17Z UpdateTip: new best=5d15974303deb6f87026693ef02748ccf1447d04c5c9a833d70004e389ddcdd8 height=251 version=0x30000000 log2_work=8.977280 tx=3175 date='2025-11-01T19:57:14Z' progress=1.000000 cache=0.3MiB(654txo)
2025-11-01T19:57:22Z Saw new header hash=14c7ca2d83ad36169cc4f4dfebb0bddbc2eb97ccd56c6b0fe3981a5fa685ba2a height=252
2025-11-01T19:57:22Z Saw new cmpctblock header hash=14c7ca2d83ad36169cc4f4dfebb0bddbc2eb97ccd56c6b0fe3981a5fa685ba2a peer=0
2025-11-01T19:57:22Z UpdateTip: new best=14c7ca2d83ad36169cc4f4dfebb0bddbc2eb97ccd56c6b0fe3981a5fa685ba2a height=252 version=0x30000000 log2_work=8.982994 tx=3216 date='2025-11-01T19:57:19Z' progress=1.000000 cache=0.3MiB(657txo)
2025-11-01T19:57:26Z Saw new header hash=3e3474f4ba520ec43a59a7d6fe7af338dc7be926ce310f4bd92d12e4d9f9c3a5 height=253
2025-11-01T19:57:26Z Saw new cmpctblock header hash=3e3474f4ba520ec43a59a7d6fe7af338dc7be926ce310f4bd92d12e4d9f9c3a5 peer=1
2025-11-01T19:57:26Z UpdateTip: new best=3e3474f4ba520ec43a59a7d6fe7af338dc7be926ce310f4bd92d12e4d9f9c3a5 height=253 version=0x30000000 log2_work=8.988685 tx=3257 date='2025-11-01T19:57:25Z' progress=1.000000 cache=0.3MiB(671txo)
2025-11-01T19:57:31Z Saw new header hash=539a25690b929245177f932788f120ca2d6a656b385b98c2e08f4c492fb18c80 height=254
2025-11-01T19:57:31Z Saw new cmpctblock header hash=539a25690b929245177f932788f120ca2d6a656b385b98c2e08f4c492fb18c80 peer=0
2025-11-01T19:57:31Z UpdateTip: new best=539a25690b929245177f932788f120ca2d6a656b385b98c2e08f4c492fb18c80 height=254 version=0x30000000 log2_work=8.994353 tx=3281 date='2025-11-01T19:57:30Z' progress=1.000000 cache=0.3MiB(676txo)
2025-11-01T19:57:37Z Saw new header hash=53576df69aec781f5641eb2cfb4ba8f3d4653a538f0b87370679e3fb81986d08 height=255
2025-11-01T19:57:37Z Saw new cmpctblock header hash=53576df69aec781f5641eb2cfb4ba8f3d4653a538f0b87370679e3fb81986d08 peer=0
2025-11-01T19:57:37Z UpdateTip: new best=53576df69aec781f5641eb2cfb4ba8f3d4653a538f0b87370679e3fb81986d08 height=255 version=0x30000000 log2_work=9.000000 tx=3330 date='2025-11-01T19:57:35Z' progress=1.000000 cache=0.3MiB(680txo)
2025-11-01T19:57:42Z Saw new header hash=6bc2a9e76d62a1434e14f46bafe9dd950d8b3f6f7e375b2aaa77f5dd98a54beb height=256
2025-11-01T19:57:42Z Saw new cmpctblock header hash=6bc2a9e76d62a1434e14f46bafe9dd950d8b3f6f7e375b2aaa77f5dd98a54beb peer=0
2025-11-01T19:57:42Z UpdateTip: new best=6bc2a9e76d62a1434e14f46bafe9dd950d8b3f6f7e375b2aaa77f5dd98a54beb height=256 version=0x30000000 log2_work=9.005625 tx=3357 date='2025-11-01T19:57:40Z' progress=1.000000 cache=0.3MiB(680txo)
2025-11-01T19:57:47Z Saw new header hash=3780d60e12073914c5ba835c2f781bf47f1e97fd3b036cd72404427981721568 height=257
2025-11-01T19:57:47Z Saw new cmpctblock header hash=3780d60e12073914c5ba835c2f781bf47f1e97fd3b036cd72404427981721568 peer=0
2025-11-01T19:57:47Z UpdateTip: new best=3780d60e12073914c5ba835c2f781bf47f1e97fd3b036cd72404427981721568 height=257 version=0x30000000 log2_work=9.011227 tx=3392 date='2025-11-01T19:57:45Z' progress=1.000000 cache=0.3MiB(661txo)
2025-11-01T19:57:53Z Saw new header hash=3fb36e1978fecaef7dceb3f8458bd922cdb86acb88b76d17a94eaa86caf0db3c height=258
2025-11-01T19:57:53Z Saw new cmpctblock header hash=3fb36e1978fecaef7dceb3f8458bd922cdb86acb88b76d17a94eaa86caf0db3c peer=1
2025-11-01T19:57:53Z UpdateTip: new best=3fb36e1978fecaef7dceb3f8458bd922cdb86acb88b76d17a94eaa86caf0db3c height=258 version=0x30000000 log2_work=9.016808 tx=3449 date='2025-11-01T19:57:50Z' progress=1.000000 cache=0.3MiB(676txo)
2025-11-01T19:57:57Z Saw new header hash=4779d70fcba5e98c9a54fcee2e3d78ecb995caff5c098cc4c43f231d242004a3 height=259
2025-11-01T19:57:57Z Saw new cmpctblock header hash=4779d70fcba5e98c9a54fcee2e3d78ecb995caff5c098cc4c43f231d242004a3 peer=1
2025-11-01T19:57:57Z UpdateTip: new best=4779d70fcba5e98c9a54fcee2e3d78ecb995caff5c098cc4c43f231d242004a3 height=259 version=0x30000000 log2_work=9.022368 tx=3488 date='2025-11-01T19:57:56Z' progress=1.000000 cache=0.3MiB(676txo)
2025-11-01T19:58:02Z Saw new header hash=7b0d0dfff1caabe6c6e306cb38bb2f96f196732ff39391f232fc39a9aad6b85f height=260
2025-11-01T19:58:02Z Saw new cmpctblock header hash=7b0d0dfff1caabe6c6e306cb38bb2f96f196732ff39391f232fc39a9aad6b85f peer=1
2025-11-01T19:58:02Z UpdateTip: new best=7b0d0dfff1caabe6c6e306cb38bb2f96f196732ff39391f232fc39a9aad6b85f height=260 version=0x30000000 log2_work=9.027906 tx=3502 date='2025-11-01T19:58:01Z' progress=1.000000 cache=0.3MiB(675txo)
2025-11-01T19:58:08Z Saw new header hash=03823c39b9cd3ce334062317d5be40ea79cb52b9392f3799267e1cfb04e2423f height=261
2025-11-01T19:58:08Z Saw new cmpctblock header hash=03823c39b9cd3ce334062317d5be40ea79cb52b9392f3799267e1cfb04e2423f peer=0
2025-11-01T19:58:08Z UpdateTip: new best=03823c39b9cd3ce334062317d5be40ea79cb52b9392f3799267e1cfb04e2423f height=261 version=0x30000000 log2_work=9.033423 tx=3560 date='2025-11-01T19:58:06Z' progress=1.000000 cache=0.3MiB(677txo)
2025-11-01T19:58:12Z Saw new header hash=3ccde4ce4fde5e62534ec33f609b9915ef6cf95df47f553d4913ff1edf21b5ed height=262
2025-11-01T19:58:12Z Saw new cmpctblock header hash=3ccde4ce4fde5e62534ec33f609b9915ef6cf95df47f553d4913ff1edf21b5ed peer=1
2025-11-01T19:58:12Z UpdateTip: new best=3ccde4ce4fde5e62534ec33f609b9915ef6cf95df47f553d4913ff1edf21b5ed height=262 version=0x30000000 log2_work=9.038919 tx=3574 date='2025-11-01T19:58:11Z' progress=1.000000 cache=0.3MiB(672txo)
2025-11-01T19:58:18Z Saw new header hash=4a0c499569c7d48060e5bdfdb89c74d9469884c9f0c7b86338592b8779c6fa6b height=263
2025-11-01T19:58:18Z Saw new cmpctblock header hash=4a0c499569c7d48060e5bdfdb89c74d9469884c9f0c7b86338592b8779c6fa6b peer=0
2025-11-01T19:58:19Z UpdateTip: new best=4a0c499569c7d48060e5bdfdb89c74d9469884c9f0c7b86338592b8779c6fa6b height=263 version=0x30000000 log2_work=9.044394 tx=3648 date='2025-11-01T19:58:16Z' progress=1.000000 cache=0.3MiB(680txo)
2025-11-01T19:58:23Z Saw new header hash=2a9edee18c14eefad26930f05020603163efcc8d5269500de667a004c0200477 height=264
2025-11-01T19:58:23Z Saw new cmpctblock header hash=2a9edee18c14eefad26930f05020603163efcc8d5269500de667a004c0200477 peer=0
2025-11-01T19:58:23Z UpdateTip: new best=2a9edee18c14eefad26930f05020603163efcc8d5269500de667a004c0200477 height=264 version=0x30000000 log2_work=9.049849 tx=3664 date='2025-11-01T19:58:22Z' progress=1.000000 cache=0.3MiB(682txo)
2025-11-01T19:58:29Z Saw new header hash=2a8da14bb1f033f13d9e7c7813da4641183f9ef3bf1b62c072a4ab5da3903133 height=265
2025-11-01T19:58:29Z Saw new cmpctblock header hash=2a8da14bb1f033f13d9e7c7813da4641183f9ef3bf1b62c072a4ab5da3903133 peer=0
2025-11-01T19:58:29Z UpdateTip: new best=2a8da14bb1f033f13d9e7c7813da4641183f9ef3bf1b62c072a4ab5da3903133 height=265 version=0x30000000 log2_work=9.055282 tx=3700 date='2025-11-01T19:58:27Z' progress=1.000000 cache=0.3MiB(669txo)
2025-11-01T19:58:34Z Saw new header hash=5ab22fde6f8b560cb80f3a3d6baeb0dbf4a9e1483944388205af5b8537a4bd57 height=266
2025-11-01T19:58:34Z Saw new cmpctblock header hash=5ab22fde6f8b560cb80f3a3d6baeb0dbf4a9e1483944388205af5b8537a4bd57 peer=0
2025-11-01T19:58:35Z UpdateTip: new best=5ab22fde6f8b560cb80f3a3d6baeb0dbf4a9e1483944388205af5b8537a4bd57 height=266 version=0x30000000 log2_work=9.060696 tx=3768 date='2025-11-01T19:58:32Z' progress=1.000000 cache=0.3MiB(700txo)
2025-11-01T19:58:39Z Saw new header hash=67ec54b854060d19878aa34220d8c8ddc00564b0c91e4795ec29eb9bc8a31398 height=267
2025-11-01T19:58:39Z Saw new cmpctblock header hash=67ec54b854060d19878aa34220d8c8ddc00564b0c91e4795ec29eb9bc8a31398 peer=0
2025-11-01T19:58:39Z UpdateTip: new best=67ec54b854060d19878aa34220d8c8ddc00564b0c91e4795ec29eb9bc8a31398 height=267 version=0x30000000 log2_work=9.066089 tx=3789 date='2025-11-01T19:58:37Z' progress=1.000000 cache=0.3MiB(700txo)
2025-11-01T19:58:44Z Saw new header hash=63758378aa64e1ddce1234932f3b850746b777abffbc7d1f996ea2058b10d5fc height=268
2025-11-01T19:58:44Z Saw new cmpctblock header hash=63758378aa64e1ddce1234932f3b850746b777abffbc7d1f996ea2058b10d5fc peer=0
2025-11-01T19:58:44Z UpdateTip: new best=63758378aa64e1ddce1234932f3b850746b777abffbc7d1f996ea2058b10d5fc height=268 version=0x30000000 log2_work=9.071462 tx=3821 date='2025-11-01T19:58:43Z' progress=1.000000 cache=0.3MiB(700txo)
2025-11-01T19:58:49Z Saw new header hash=5edd1cb13c6fd0318e9d950a13429d2f261371f2cd4a018bff44aae602a2ae86 height=269
2025-11-01T19:58:49Z Saw new cmpctblock header hash=5edd1cb13c6fd0318e9d950a13429d2f261371f2cd4a018bff44aae602a2ae86 peer=1
2025-11-01T19:58:49Z UpdateTip: new best=5edd1cb13c6fd0318e9d950a13429d2f261371f2cd4a018bff44aae602a2ae86 height=269 version=0x30000000 log2_work=9.076816 tx=3856 date='2025-11-01T19:58:48Z' progress=1.000000 cache=0.3MiB(707txo)
2025-11-01T19:58:55Z Saw new header hash=59140228b75f2e2db367cd88fd34b31f958c084d91b36022c6888a57ee5b8d32 height=270
2025-11-01T19:58:55Z Saw new cmpctblock header hash=59140228b75f2e2db367cd88fd34b31f958c084d91b36022c6888a57ee5b8d32 peer=0
2025-11-01T19:58:55Z UpdateTip: new best=59140228b75f2e2db367cd88fd34b31f958c084d91b36022c6888a57ee5b8d32 height=270 version=0x30000000 log2_work=9.082149 tx=3921 date='2025-11-01T19:58:53Z' progress=1.000000 cache=0.3MiB(704txo)
2025-11-01T19:59:00Z Saw new header hash=2a59e256f11c8181a871f606b89beab03a76d94423ce3c818b8c026f2e4991c0 height=271
2025-11-01T19:59:00Z Saw new cmpctblock header hash=2a59e256f11c8181a871f606b89beab03a76d94423ce3c818b8c026f2e4991c0 peer=0
2025-11-01T19:59:00Z UpdateTip: new best=2a59e256f11c8181a871f606b89beab03a76d94423ce3c818b8c026f2e4991c0 height=271 version=0x30000000 log2_work=9.087463 tx=3945 date='2025-11-01T19:58:58Z' progress=1.000000 cache=0.3MiB(717txo)
2025-11-01T19:59:05Z Saw new header hash=4d87fa94f1e616f3d27ce46d71ebea1c8af2120e89515422d48481b9cd19abf4 height=272
2025-11-01T19:59:05Z Saw new cmpctblock header hash=4d87fa94f1e616f3d27ce46d71ebea1c8af2120e89515422d48481b9cd19abf4 peer=1
2025-11-01T19:59:05Z UpdateTip: new best=4d87fa94f1e616f3d27ce46d71ebea1c8af2120e89515422d48481b9cd19abf4 height=272 version=0x30000000 log2_work=9.092757 tx=3988 date='2025-11-01T19:59:03Z' progress=1.000000 cache=0.3MiB(720txo)
2025-11-01T19:59:11Z Saw new header hash=6560e72ae9b288a79a42c4b2df9ef5083bdf3d8ee01fe0458bce85caefe850ab height=273
2025-11-01T19:59:11Z Saw new cmpctblock header hash=6560e72ae9b288a79a42c4b2df9ef5083bdf3d8ee01fe0458bce85caefe850ab peer=0
2025-11-01T19:59:11Z UpdateTip: new best=6560e72ae9b288a79a42c4b2df9ef5083bdf3d8ee01fe0458bce85caefe850ab height=273 version=0x30000000 log2_work=9.098032 tx=4041 date='2025-11-01T19:59:08Z' progress=1.000000 cache=0.3MiB(717txo)
2025-11-01T19:59:16Z Saw new header hash=63f589a0f2b3eed4aaf8edffdf41148aba349888c48fbd8c4ce8b68b0e853a16 height=274
2025-11-01T19:59:16Z Saw new cmpctblock header hash=63f589a0f2b3eed4aaf8edffdf41148aba349888c48fbd8c4ce8b68b0e853a16 peer=0
2025-11-01T19:59:16Z UpdateTip: new best=63f589a0f2b3eed4aaf8edffdf41148aba349888c48fbd8c4ce8b68b0e853a16 height=274 version=0x30000000 log2_work=9.103288 tx=4080 date='2025-11-01T19:59:14Z' progress=1.000000 cache=0.3MiB(714txo)
2025-11-01T19:59:20Z Saw new header hash=5bcc3fe0baace9880a311a6d9c77b28c0fe74363b19e1f6d7308d54aa9e549c2 height=275
2025-11-01T19:59:20Z Saw new cmpctblock header hash=5bcc3fe0baace9880a311a6d9c77b28c0fe74363b19e1f6d7308d54aa9e549c2 peer=1
2025-11-01T19:59:20Z UpdateTip: new best=5bcc3fe0baace9880a311a6d9c77b28c0fe74363b19e1f6d7308d54aa9e549c2 height=275 version=0x30000000 log2_work=9.108524 tx=4121 date='2025-11-01T19:59:19Z' progress=1.000000 cache=0.3MiB(721txo)
2025-11-01T19:59:25Z Saw new header hash=2ba4a2007e66add156b4fb950c8af062877dcc5d71c985bca9ee03e95c91bf14 height=276
2025-11-01T19:59:25Z Saw new cmpctblock header hash=2ba4a2007e66add156b4fb950c8af062877dcc5d71c985bca9ee03e95c91bf14 peer=0
2025-11-01T19:59:25Z UpdateTip: new best=2ba4a2007e66add156b4fb950c8af062877dcc5d71c985bca9ee03e95c91bf14 height=276 version=0x30000000 log2_work=9.113742 tx=4157 date='2025-11-01T19:59:24Z' progress=1.000000 cache=0.3MiB(726txo)
2025-11-01T19:59:31Z Saw new header hash=569323796767d948bc7fd22fb076e330518fa29446054fc8a021feb3b6aaa944 height=277
2025-11-01T19:59:31Z Saw new cmpctblock header hash=569323796767d948bc7fd22fb076e330518fa29446054fc8a021feb3b6aaa944 peer=0
2025-11-01T19:59:31Z UpdateTip: new best=569323796767d948bc7fd22fb076e330518fa29446054fc8a021feb3b6aaa944 height=277 version=0x30000000 log2_work=9.118941 tx=4190 date='2025-11-01T19:59:29Z' progress=1.000000 cache=0.3MiB(740txo)
2025-11-01T19:59:36Z Saw new header hash=7d9a8c0520be6ae995c03010f861c4863fd9bd8774a23685da4a6851015fc662 height=278
2025-11-01T19:59:36Z Saw new cmpctblock header hash=7d9a8c0520be6ae995c03010f861c4863fd9bd8774a23685da4a6851015fc662 peer=1
2025-11-01T19:59:37Z UpdateTip: new best=7d9a8c0520be6ae995c03010f861c4863fd9bd8774a23685da4a6851015fc662 height=278 version=0x30000000 log2_work=9.124121 tx=4234 date='2025-11-01T19:59:34Z' progress=1.000000 cache=0.3MiB(745txo)
2025-11-01T19:59:41Z Saw new header hash=14e85590fadf737e615058083d74823e6e112fa00d4b1ff1efa8b7af2c958971 height=279
2025-11-01T19:59:41Z Saw new cmpctblock header hash=14e85590fadf737e615058083d74823e6e112fa00d4b1ff1efa8b7af2c958971 peer=1
2025-11-01T19:59:41Z UpdateTip: new best=14e85590fadf737e615058083d74823e6e112fa00d4b1ff1efa8b7af2c958971 height=279 version=0x30000000 log2_work=9.129283 tx=4267 date='2025-11-01T19:59:40Z' progress=1.000000 cache=0.3MiB(745txo)
2025-11-01T19:59:47Z Saw new header hash=675c7861ef35cd85728eca791d7d43baedbe2d7b154330c84ad310fe89ac578f height=280
2025-11-01T19:59:47Z Saw new cmpctblock header hash=675c7861ef35cd85728eca791d7d43baedbe2d7b154330c84ad310fe89ac578f peer=0
2025-11-01T19:59:47Z UpdateTip: new best=675c7861ef35cd85728eca791d7d43baedbe2d7b154330c84ad310fe89ac578f height=280 version=0x30000000 log2_work=9.134426 tx=4312 date='2025-11-01T19:59:45Z' progress=1.000000 cache=0.3MiB(754txo)
2025-11-01T19:59:51Z Saw new header hash=10e15bb4297f9e3fc72fad52cdb6e5b986a322424ba36a2d49db331da7fcaf78 height=281
2025-11-01T19:59:51Z Saw new cmpctblock header hash=10e15bb4297f9e3fc72fad52cdb6e5b986a322424ba36a2d49db331da7fcaf78 peer=1
2025-11-01T19:59:51Z UpdateTip: new best=10e15bb4297f9e3fc72fad52cdb6e5b986a322424ba36a2d49db331da7fcaf78 height=281 version=0x30000000 log2_work=9.139551 tx=4348 date='2025-11-01T19:59:50Z' progress=1.000000 cache=0.3MiB(747txo)
2025-11-01T19:59:57Z Saw new header hash=26f73645b5ed5f144e3a7d340651c5c4b127488f67be3a2481ae366f04d82fe8 height=282
2025-11-01T19:59:57Z Saw new cmpctblock header hash=26f73645b5ed5f144e3a7d340651c5c4b127488f67be3a2481ae366f04d82fe8 peer=0
2025-11-01T19:59:57Z UpdateTip: new best=26f73645b5ed5f144e3a7d340651c5c4b127488f67be3a2481ae366f04d82fe8 height=282 version=0x30000000 log2_work=9.144658 tx=4377 date='2025-11-01T19:59:55Z' progress=1.000000 cache=0.3MiB(761txo)
2025-11-01T20:00:03Z Saw new header hash=3c5aa55415504c8b659bd875e1837b9b6841c93881472f0ce513362437438a46 height=283
2025-11-01T20:00:03Z Saw new cmpctblock header hash=3c5aa55415504c8b659bd875e1837b9b6841c93881472f0ce513362437438a46 peer=0
2025-11-01T20:00:03Z UpdateTip: new best=3c5aa55415504c8b659bd875e1837b9b6841c93881472f0ce513362437438a46 height=283 version=0x30000000 log2_work=9.149747 tx=4431 date='2025-11-01T20:00:01Z' progress=1.000000 cache=0.3MiB(761txo)
2025-11-01T20:00:07Z Saw new header hash=4553ba2c53ee7c7a3fc29aed53ac5de5456d04e57ac8ac9020e77765757c10a7 height=284
2025-11-01T20:00:07Z Saw new cmpctblock header hash=4553ba2c53ee7c7a3fc29aed53ac5de5456d04e57ac8ac9020e77765757c10a7 peer=1
2025-11-01T20:00:07Z UpdateTip: new best=4553ba2c53ee7c7a3fc29aed53ac5de5456d04e57ac8ac9020e77765757c10a7 height=284 version=0x30000000 log2_work=9.154818 tx=4449 date='2025-11-01T20:00:06Z' progress=1.000000 cache=0.3MiB(765txo)
2025-11-01T20:00:13Z Saw new header hash=4a500feb46afff8da6102bab876db21384d5aa69e7f3780c5397e9b4377323f2 height=285
2025-11-01T20:00:13Z Saw new cmpctblock header hash=4a500feb46afff8da6102bab876db21384d5aa69e7f3780c5397e9b4377323f2 peer=1
2025-11-01T20:00:13Z UpdateTip: new best=4a500feb46afff8da6102bab876db21384d5aa69e7f3780c5397e9b4377323f2 height=285 version=0x30000000 log2_work=9.159871 tx=4495 date='2025-11-01T20:00:11Z' progress=1.000000 cache=0.3MiB(766txo)
2025-11-01T20:00:17Z Saw new header hash=785904e97975b09049f6a5d8a076ed5118038abc16e889a8c584fbdcefde95b0 height=286
2025-11-01T20:00:17Z Saw new cmpctblock header hash=785904e97975b09049f6a5d8a076ed5118038abc16e889a8c584fbdcefde95b0 peer=0
2025-11-01T20:00:17Z UpdateTip: new best=785904e97975b09049f6a5d8a076ed5118038abc16e889a8c584fbdcefde95b0 height=286 version=0x30000000 log2_work=9.164907 tx=4518 date='2025-11-01T20:00:16Z' progress=1.000000 cache=0.3MiB(776txo)
2025-11-01T20:00:22Z Saw new header hash=7abaa75cacf502ba72bee462db0f7d9dd887d8b6c1ada743a8835d521ac2d573 height=287
2025-11-01T20:00:22Z Saw new cmpctblock header hash=7abaa75cacf502ba72bee462db0f7d9dd887d8b6c1ada743a8835d521ac2d573 peer=1
2025-11-01T20:00:22Z UpdateTip: new best=7abaa75cacf502ba72bee462db0f7d9dd887d8b6c1ada743a8835d521ac2d573 height=287 version=0x30000000 log2_work=9.169925 tx=4544 date='2025-11-01T20:00:21Z' progress=1.000000 cache=0.3MiB(781txo)
2025-11-01T20:00:29Z Saw new header hash=08e3cd7d67362c7fef82fab25a615f352bb817a4574f66487b7870c8ea1a9aba height=288
2025-11-01T20:00:29Z Saw new cmpctblock header hash=08e3cd7d67362c7fef82fab25a615f352bb817a4574f66487b7870c8ea1a9aba peer=1
2025-11-01T20:00:29Z UpdateTip: new best=08e3cd7d67362c7fef82fab25a615f352bb817a4574f66487b7870c8ea1a9aba height=288 version=0x30000000 log2_work=9.174926 tx=4605 date='2025-11-01T20:00:26Z' progress=1.000000 cache=0.3MiB(763txo)
2025-11-01T20:00:33Z Saw new header hash=5b8df21dbd252e72c16e5a9583f0bc98aac3ad24d08cd9792d5d5eaf3fe01d9b height=289
2025-11-01T20:00:33Z Saw new cmpctblock header hash=5b8df21dbd252e72c16e5a9583f0bc98aac3ad24d08cd9792d5d5eaf3fe01d9b peer=1
2025-11-01T20:00:33Z UpdateTip: new best=5b8df21dbd252e72c16e5a9583f0bc98aac3ad24d08cd9792d5d5eaf3fe01d9b height=289 version=0x30000000 log2_work=9.179909 tx=4654 date='2025-11-01T20:00:32Z' progress=1.000000 cache=0.3MiB(797txo)
2025-11-01T20:00:39Z Saw new header hash=0777bd515f6bb7c7da947a56af7e254ee910061a8d8a37fc73f6193e1a8ce8f8 height=290
2025-11-01T20:00:39Z Saw new cmpctblock header hash=0777bd515f6bb7c7da947a56af7e254ee910061a8d8a37fc73f6193e1a8ce8f8 peer=1
2025-11-01T20:00:39Z UpdateTip: new best=0777bd515f6bb7c7da947a56af7e254ee910061a8d8a37fc73f6193e1a8ce8f8 height=290 version=0x30000000 log2_work=9.184875 tx=4695 date='2025-11-01T20:00:37Z' progress=1.000000 cache=0.3MiB(797txo)
2025-11-01T20:00:43Z Saw new header hash=7e3e6cd1003f0b2a1bd9bffe01d5daf45452a43e054fd171cee15c6da8022101 height=291
2025-11-01T20:00:43Z Saw new cmpctblock header hash=7e3e6cd1003f0b2a1bd9bffe01d5daf45452a43e054fd171cee15c6da8022101 peer=0
2025-11-01T20:00:43Z UpdateTip: new best=7e3e6cd1003f0b2a1bd9bffe01d5daf45452a43e054fd171cee15c6da8022101 height=291 version=0x30000000 log2_work=9.189825 tx=4696 date='2025-11-01T20:00:42Z' progress=1.000000 cache=0.3MiB(798txo)
2025-11-01T20:00:49Z Saw new header hash=4245d03c31c6ebc71aa51d1627359c3da70ebdc2774b47e9407d73d8d92bb554 height=292
2025-11-01T20:00:49Z Saw new cmpctblock header hash=4245d03c31c6ebc71aa51d1627359c3da70ebdc2774b47e9407d73d8d92bb554 peer=0
2025-11-01T20:00:49Z UpdateTip: new best=4245d03c31c6ebc71aa51d1627359c3da70ebdc2774b47e9407d73d8d92bb554 height=292 version=0x30000000 log2_work=9.194757 tx=4765 date='2025-11-01T20:00:47Z' progress=1.000000 cache=0.3MiB(799txo)
2025-11-01T20:00:54Z Saw new header hash=32cd61ae597858c506bfaa744bdb68c9c58fdf631b9ff056e9bbdb9a130f0d01 height=293
2025-11-01T20:00:54Z Saw new cmpctblock header hash=32cd61ae597858c506bfaa744bdb68c9c58fdf631b9ff056e9bbdb9a130f0d01 peer=1
2025-11-01T20:00:54Z UpdateTip: new best=32cd61ae597858c506bfaa744bdb68c9c58fdf631b9ff056e9bbdb9a130f0d01 height=293 version=0x30000000 log2_work=9.199672 tx=4793 date='2025-11-01T20:00:52Z' progress=1.000000 cache=0.3MiB(803txo)
2025-11-01T20:01:00Z Saw new header hash=1d5f658c23fa8580f1d135bd4e5f6f6b197afdb04bbbd31215a8d38dfa7c28fb height=294
2025-11-01T20:01:00Z Saw new cmpctblock header hash=1d5f658c23fa8580f1d135bd4e5f6f6b197afdb04bbbd31215a8d38dfa7c28fb peer=1
2025-11-01T20:01:00Z UpdateTip: new best=1d5f658c23fa8580f1d135bd4e5f6f6b197afdb04bbbd31215a8d38dfa7c28fb height=294 version=0x30000000 log2_work=9.204571 tx=4849 date='2025-11-01T20:00:58Z' progress=1.000000 cache=0.3MiB(806txo)
2025-11-01T20:01:04Z Saw new header hash=3475919b6b5f98c06c78f00835d81ce9b6784315408cd78d63ff97ea44643497 height=295
2025-11-01T20:01:04Z Saw new cmpctblock header hash=3475919b6b5f98c06c78f00835d81ce9b6784315408cd78d63ff97ea44643497 peer=0
2025-11-01T20:01:04Z UpdateTip: new best=3475919b6b5f98c06c78f00835d81ce9b6784315408cd78d63ff97ea44643497 height=295 version=0x30000000 log2_work=9.209453 tx=4888 date='2025-11-01T20:01:03Z' progress=1.000000 cache=0.3MiB(818txo)
2025-11-01T20:01:10Z Saw new header hash=76ea8ceb48751afa948a06529e43fd149f9143a690939ce072991cac7227606d height=296
2025-11-01T20:01:10Z Saw new cmpctblock header hash=76ea8ceb48751afa948a06529e43fd149f9143a690939ce072991cac7227606d peer=1
2025-11-01T20:01:10Z UpdateTip: new best=76ea8ceb48751afa948a06529e43fd149f9143a690939ce072991cac7227606d height=296 version=0x30000000 log2_work=9.214319 tx=4912 date='2025-11-01T20:01:08Z' progress=1.000000 cache=0.3MiB(809txo)
2025-11-01T20:01:15Z Saw new header hash=2e596db30d9220bb990ac16e81bfa225b41fc1f5a936fecafa1995e0f8b33a1e height=297
2025-11-01T20:01:15Z Saw new cmpctblock header hash=2e596db30d9220bb990ac16e81bfa225b41fc1f5a936fecafa1995e0f8b33a1e peer=0
2025-11-01T20:01:15Z UpdateTip: new best=2e596db30d9220bb990ac16e81bfa225b41fc1f5a936fecafa1995e0f8b33a1e height=297 version=0x30000000 log2_work=9.219169 tx=4947 date='2025-11-01T20:01:13Z' progress=1.000000 cache=0.3MiB(819txo)
2025-11-01T20:01:21Z Saw new header hash=683e9c6bda7e0720800aceae5cc18033e4f5d9a22027362844dc9c78b8bc9030 height=298
2025-11-01T20:01:21Z Saw new cmpctblock header hash=683e9c6bda7e0720800aceae5cc18033e4f5d9a22027362844dc9c78b8bc9030 peer=1
2025-11-01T20:01:21Z UpdateTip: new best=683e9c6bda7e0720800aceae5cc18033e4f5d9a22027362844dc9c78b8bc9030 height=298 version=0x30000000 log2_work=9.224002 tx=5001 date='2025-11-01T20:01:19Z' progress=1.000000 cache=0.3MiB(818txo)
2025-11-01T20:01:25Z Saw new header hash=1cd931cf04e1aea35f0c421d70cec4b94f7b0efcb6430ee1472bc0573fbf6dbe height=299
2025-11-01T20:01:25Z Saw new cmpctblock header hash=1cd931cf04e1aea35f0c421d70cec4b94f7b0efcb6430ee1472bc0573fbf6dbe peer=0
2025-11-01T20:01:26Z UpdateTip: new best=1cd931cf04e1aea35f0c421d70cec4b94f7b0efcb6430ee1472bc0573fbf6dbe height=299 version=0x30000000 log2_work=9.228819 tx=5031 date='2025-11-01T20:01:24Z' progress=1.000000 cache=0.3MiB(825txo)
2025-11-01T20:01:31Z Saw new header hash=1db6ee76681e70f5d37700d2256bf1684c01050fccd46fc9d45ea5a6cac3d795 height=300
2025-11-01T20:01:31Z Saw new cmpctblock header hash=1db6ee76681e70f5d37700d2256bf1684c01050fccd46fc9d45ea5a6cac3d795 peer=0
2025-11-01T20:01:31Z UpdateTip: new best=1db6ee76681e70f5d37700d2256bf1684c01050fccd46fc9d45ea5a6cac3d795 height=300 version=0x30000000 log2_work=9.233620 tx=5065 date='2025-11-01T20:01:29Z' progress=1.000000 cache=0.3MiB(849txo)
2025-11-01T20:01:37Z Saw new header hash=0f3c5b50c590d243eb37dfd453a94329528f2c9ef1006a30bdccfd45b222a538 height=301
2025-11-01T20:01:37Z Saw new cmpctblock header hash=0f3c5b50c590d243eb37dfd453a94329528f2c9ef1006a30bdccfd45b222a538 peer=1
2025-11-01T20:01:37Z UpdateTip: new best=0f3c5b50c590d243eb37dfd453a94329528f2c9ef1006a30bdccfd45b222a538 height=301 version=0x30000000 log2_work=9.238405 tx=5112 date='2025-11-01T20:01:35Z' progress=1.000000 cache=0.3MiB(835txo)
2025-11-01T20:01:41Z Saw new header hash=12849d47304d166a31bd8943d880c147c7a3b5152aa52a0c028baddb1d4eaf87 height=302
2025-11-01T20:01:41Z Saw new cmpctblock header hash=12849d47304d166a31bd8943d880c147c7a3b5152aa52a0c028baddb1d4eaf87 peer=1
2025-11-01T20:01:41Z UpdateTip: new best=12849d47304d166a31bd8943d880c147c7a3b5152aa52a0c028baddb1d4eaf87 height=302 version=0x30000000 log2_work=9.243174 tx=5151 date='2025-11-01T20:01:40Z' progress=1.000000 cache=0.3MiB(837txo)
2025-11-01T20:01:46Z Saw new header hash=689be95cdf8c718116fec827b8b1b7be997ecbf4d1550e57ea9f785166b14101 height=303
2025-11-01T20:01:46Z Saw new cmpctblock header hash=689be95cdf8c718116fec827b8b1b7be997ecbf4d1550e57ea9f785166b14101 peer=0
2025-11-01T20:01:46Z UpdateTip: new best=689be95cdf8c718116fec827b8b1b7be997ecbf4d1550e57ea9f785166b14101 height=303 version=0x30000000 log2_work=9.247928 tx=5177 date='2025-11-01T20:01:45Z' progress=1.000000 cache=0.3MiB(845txo)
2025-11-01T20:01:52Z Saw new header hash=7ec7ea0f4bb4cbafbe7b73f85b70bbf81055bdd75418e3e5d6446e4a4d685ff2 height=304
2025-11-01T20:01:52Z Saw new cmpctblock header hash=7ec7ea0f4bb4cbafbe7b73f85b70bbf81055bdd75418e3e5d6446e4a4d685ff2 peer=0
2025-11-01T20:01:52Z UpdateTip: new best=7ec7ea0f4bb4cbafbe7b73f85b70bbf81055bdd75418e3e5d6446e4a4d685ff2 height=304 version=0x30000000 log2_work=9.252665 tx=5220 date='2025-11-01T20:01:50Z' progress=1.000000 cache=0.3MiB(836txo)
2025-11-01T20:01:56Z Saw new header hash=165588c6159cd9b586e2676670ffa0ccd9d5eb13d0685a8fa84f355cb47f1598 height=305
2025-11-01T20:01:56Z Saw new cmpctblock header hash=165588c6159cd9b586e2676670ffa0ccd9d5eb13d0685a8fa84f355cb47f1598 peer=1
2025-11-01T20:01:56Z UpdateTip: new best=165588c6159cd9b586e2676670ffa0ccd9d5eb13d0685a8fa84f355cb47f1598 height=305 version=0x30000000 log2_work=9.257388 tx=5254 date='2025-11-01T20:01:55Z' progress=1.000000 cache=0.3MiB(841txo)
2025-11-01T20:02:00Z Saw new header hash=6b975426f8343a0fb77166068ec02b5403c140e89e088c46bd774abffa01cbd1 height=306
2025-11-01T20:02:00Z Saw new cmpctblock header hash=6b975426f8343a0fb77166068ec02b5403c140e89e088c46bd774abffa01cbd1 peer=1
2025-11-01T20:02:01Z UpdateTip: new best=6b975426f8343a0fb77166068ec02b5403c140e89e088c46bd774abffa01cbd1 height=306 version=0x30000000 log2_work=9.262095 tx=5283 date='2025-11-01T20:02:00Z' progress=1.000000 cache=0.3MiB(851txo)
2025-11-01T20:02:05Z Saw new header hash=58f95c415d5ae321d1172e8b7bcbb535479a53e08ee1aa2271f1bce58e28c322 height=307
2025-11-01T20:02:05Z Saw new cmpctblock header hash=58f95c415d5ae321d1172e8b7bcbb535479a53e08ee1aa2271f1bce58e28c322 peer=0
2025-11-01T20:02:05Z UpdateTip: new best=58f95c415d5ae321d1172e8b7bcbb535479a53e08ee1aa2271f1bce58e28c322 height=307 version=0x30000000 log2_work=9.266787 tx=5318 date='2025-11-01T20:02:05Z' progress=1.000000 cache=0.3MiB(860txo)
2025-11-01T20:02:10Z Saw new header hash=0787a8474f328ff67ad9bda14f2b885819255f5467c3e82575c16678d008b161 height=308
2025-11-01T20:02:10Z Saw new cmpctblock header hash=0787a8474f328ff67ad9bda14f2b885819255f5467c3e82575c16678d008b161 peer=0
2025-11-01T20:02:10Z UpdateTip: new best=0787a8474f328ff67ad9bda14f2b885819255f5467c3e82575c16678d008b161 height=308 version=0x30000000 log2_work=9.271463 tx=5331 date='2025-11-01T20:02:10Z' progress=1.000000 cache=0.3MiB(860txo)
2025-11-01T20:02:15Z Saw new header hash=32dfa98cfaeed2fe6460ade979667323014d660d35378e6f362ba53aebb69d90 height=309
2025-11-01T20:02:15Z Saw new cmpctblock header hash=32dfa98cfaeed2fe6460ade979667323014d660d35378e6f362ba53aebb69d90 peer=1
2025-11-01T20:02:15Z UpdateTip: new best=32dfa98cfaeed2fe6460ade979667323014d660d35378e6f362ba53aebb69d90 height=309 version=0x30000000 log2_work=9.276124 tx=5366 date='2025-11-01T20:02:15Z' progress=1.000000 cache=0.3MiB(863txo)
2025-11-01T20:02:21Z Saw new header hash=0219363abae59479a34fb12702b73d807e9dd0f82843f4c410c6baa20818bfb0 height=310
2025-11-01T20:02:21Z Saw new cmpctblock header hash=0219363abae59479a34fb12702b73d807e9dd0f82843f4c410c6baa20818bfb0 peer=0
2025-11-01T20:02:21Z UpdateTip: new best=0219363abae59479a34fb12702b73d807e9dd0f82843f4c410c6baa20818bfb0 height=310 version=0x30000000 log2_work=9.280771 tx=5417 date='2025-11-01T20:02:20Z' progress=1.000000 cache=0.3MiB(871txo)
2025-11-01T20:02:26Z Saw new header hash=7b4497fae08e1b4f28f9a3c276e2b3489d543e8dc07ebe3fe60e8b1466fa62a1 height=311
2025-11-01T20:02:26Z Saw new cmpctblock header hash=7b4497fae08e1b4f28f9a3c276e2b3489d543e8dc07ebe3fe60e8b1466fa62a1 peer=1
2025-11-01T20:02:26Z UpdateTip: new best=7b4497fae08e1b4f28f9a3c276e2b3489d543e8dc07ebe3fe60e8b1466fa62a1 height=311 version=0x30000000 log2_work=9.285402 tx=5438 date='2025-11-01T20:02:26Z' progress=1.000000 cache=0.3MiB(880txo)
2025-11-01T20:02:31Z Saw new header hash=2386299a9b897e3ff3383fe79ef08a385cf655b3b2e307ce9575616dcc701265 height=312
2025-11-01T20:02:31Z Saw new cmpctblock header hash=2386299a9b897e3ff3383fe79ef08a385cf655b3b2e307ce9575616dcc701265 peer=1
2025-11-01T20:02:31Z UpdateTip: new best=2386299a9b897e3ff3383fe79ef08a385cf655b3b2e307ce9575616dcc701265 height=312 version=0x30000000 log2_work=9.290019 tx=5487 date='2025-11-01T20:02:31Z' progress=1.000000 cache=0.3MiB(894txo)
2025-11-01T20:02:36Z Saw new header hash=47f66fcee9ffb8da031acf65e420dff62d92d4b9efa69e0e31e34bb3e5cd942e height=313
2025-11-01T20:02:36Z Saw new cmpctblock header hash=47f66fcee9ffb8da031acf65e420dff62d92d4b9efa69e0e31e34bb3e5cd942e peer=1
2025-11-01T20:02:36Z UpdateTip: new best=47f66fcee9ffb8da031acf65e420dff62d92d4b9efa69e0e31e34bb3e5cd942e height=313 version=0x30000000 log2_work=9.294621 tx=5504 date='2025-11-01T20:02:36Z' progress=1.000000 cache=0.3MiB(890txo)
2025-11-01T20:02:41Z Saw new header hash=48000c3945b9f35bb66c8896b44814cffa1fff4732f740387f5debfd1e94bad0 height=314
2025-11-01T20:02:41Z Saw new cmpctblock header hash=48000c3945b9f35bb66c8896b44814cffa1fff4732f740387f5debfd1e94bad0 peer=1
2025-11-01T20:02:41Z UpdateTip: new best=48000c3945b9f35bb66c8896b44814cffa1fff4732f740387f5debfd1e94bad0 height=314 version=0x30000000 log2_work=9.299208 tx=5543 date='2025-11-01T20:02:41Z' progress=1.000000 cache=0.3MiB(893txo)
2025-11-01T20:02:46Z Saw new header hash=51ede87df35f085503dc724a67d95bd6812cfa74d75ca5b68f42e6cce99d4d71 height=315
2025-11-01T20:02:46Z Saw new cmpctblock header hash=51ede87df35f085503dc724a67d95bd6812cfa74d75ca5b68f42e6cce99d4d71 peer=0
2025-11-01T20:02:46Z UpdateTip: new best=51ede87df35f085503dc724a67d95bd6812cfa74d75ca5b68f42e6cce99d4d71 height=315 version=0x30000000 log2_work=9.303781 tx=5579 date='2025-11-01T20:02:46Z' progress=1.000000 cache=0.3MiB(909txo)
2025-11-01T20:02:51Z Saw new header hash=29f17f7b1a1c1aeccb2f494557f8f6a052635724f58722837ee47595d7cd5db1 height=316
2025-11-01T20:02:51Z Saw new cmpctblock header hash=29f17f7b1a1c1aeccb2f494557f8f6a052635724f58722837ee47595d7cd5db1 peer=1
2025-11-01T20:02:51Z UpdateTip: new best=29f17f7b1a1c1aeccb2f494557f8f6a052635724f58722837ee47595d7cd5db1 height=316 version=0x30000000 log2_work=9.308339 tx=5626 date='2025-11-01T20:02:51Z' progress=1.000000 cache=0.3MiB(909txo)
2025-11-01T20:02:56Z Saw new header hash=76c96331f8db8fc3869c3891c8407755161890c59fb0651b06414ddef462ac3c height=317
2025-11-01T20:02:56Z Saw new cmpctblock header hash=76c96331f8db8fc3869c3891c8407755161890c59fb0651b06414ddef462ac3c peer=1
2025-11-01T20:02:56Z UpdateTip: new best=76c96331f8db8fc3869c3891c8407755161890c59fb0651b06414ddef462ac3c height=317 version=0x30000000 log2_work=9.312883 tx=5657 date='2025-11-01T20:02:56Z' progress=1.000000 cache=0.3MiB(926txo)
2025-11-01T20:03:01Z Saw new header hash=39b00190086f08f0c5f51a8c9ed1dbd59262dfd40a4f7e8b0ca835c5b8173d92 height=318
2025-11-01T20:03:01Z Saw new cmpctblock header hash=39b00190086f08f0c5f51a8c9ed1dbd59262dfd40a4f7e8b0ca835c5b8173d92 peer=0
2025-11-01T20:03:01Z UpdateTip: new best=39b00190086f08f0c5f51a8c9ed1dbd59262dfd40a4f7e8b0ca835c5b8173d92 height=318 version=0x30000000 log2_work=9.317413 tx=5700 date='2025-11-01T20:03:01Z' progress=1.000000 cache=0.3MiB(939txo)
2025-11-01T20:03:06Z Saw new header hash=734e132c9f71e324239cc585c6fd116a1a3389187f2a3876bf002fbb6768c330 height=319
2025-11-01T20:03:06Z Saw new cmpctblock header hash=734e132c9f71e324239cc585c6fd116a1a3389187f2a3876bf002fbb6768c330 peer=0
2025-11-01T20:03:06Z UpdateTip: new best=734e132c9f71e324239cc585c6fd116a1a3389187f2a3876bf002fbb6768c330 height=319 version=0x30000000 log2_work=9.321928 tx=5725 date='2025-11-01T20:03:06Z' progress=1.000000 cache=0.3MiB(941txo)
2025-11-01T20:03:11Z Saw new header hash=65a665819395840aec9834d3aa3225e1a3ca1410be7899534d944908266bde26 height=320
2025-11-01T20:03:11Z Saw new cmpctblock header hash=65a665819395840aec9834d3aa3225e1a3ca1410be7899534d944908266bde26 peer=1
2025-11-01T20:03:11Z UpdateTip: new best=65a665819395840aec9834d3aa3225e1a3ca1410be7899534d944908266bde26 height=320 version=0x30000000 log2_work=9.326429 tx=5770 date='2025-11-01T20:03:11Z' progress=1.000000 cache=0.3MiB(941txo)
2025-11-01T20:03:17Z Saw new header hash=4c5122f783a5c7be384afc21bcbc07d3f65bedf7f8c24689062310a1cc6a95e3 height=321
2025-11-01T20:03:17Z Saw new cmpctblock header hash=4c5122f783a5c7be384afc21bcbc07d3f65bedf7f8c24689062310a1cc6a95e3 peer=0
2025-11-01T20:03:17Z UpdateTip: new best=4c5122f783a5c7be384afc21bcbc07d3f65bedf7f8c24689062310a1cc6a95e3 height=321 version=0x30000000 log2_work=9.330917 tx=5805 date='2025-11-01T20:03:17Z' progress=1.000000 cache=0.3MiB(935txo)
2025-11-01T20:03:22Z Saw new header hash=07dbaad4f9321d69757196fac673ba9dfe06eb28c05f178c2faad6e5089c72b3 height=322
2025-11-01T20:03:22Z Saw new cmpctblock header hash=07dbaad4f9321d69757196fac673ba9dfe06eb28c05f178c2faad6e5089c72b3 peer=0
2025-11-01T20:03:22Z UpdateTip: new best=07dbaad4f9321d69757196fac673ba9dfe06eb28c05f178c2faad6e5089c72b3 height=322 version=0x30000000 log2_work=9.335390 tx=5845 date='2025-11-01T20:03:22Z' progress=1.000000 cache=0.3MiB(934txo)
2025-11-01T20:03:27Z Saw new header hash=2fa49942aaac6b5c117ebed455b4dbfeec0f40d0b5db2e148f164bf3f9329f5e height=323
2025-11-01T20:03:27Z Saw new cmpctblock header hash=2fa49942aaac6b5c117ebed455b4dbfeec0f40d0b5db2e148f164bf3f9329f5e peer=0
2025-11-01T20:03:27Z UpdateTip: new best=2fa49942aaac6b5c117ebed455b4dbfeec0f40d0b5db2e148f164bf3f9329f5e height=323 version=0x30000000 log2_work=9.339850 tx=5877 date='2025-11-01T20:03:27Z' progress=1.000000 cache=0.3MiB(941txo)
