submit_ts_utc,txid
2025-10-30T14:32:05.419830+00:00,897eab0b3e2c870d64d43391a5b8f5ca492f52292ffd7922248ec359e26fd26b
2025-10-30T14:32:05.550147+00:00,5cb2630d51b654c5af50d65f24a8858cd21abc1f36387d0c9f2ed927240e092a
2025-10-30T14:32:05.686978+00:00,cc1ed85cfcb4b28a8cb81621e5ca11fd8927183b560a5e765726ea865cd4f028
2025-10-30T14:32:05.861668+00:00,004f444283f6e069923e4cd46d1b8ccf5589a728f607dd953ee194de1c714a87
2025-10-30T14:32:06.006325+00:00,728c301e2b921f18fbb4850f83b4ef2d92c3287749026b7d7d83d7428ec24bd3
2025-10-30T14:32:06.153981+00:00,0d9ff31acb49f82b08ae6b33a13a50a637388276f093da6662b085fe489d0cf5
2025-10-30T14:32:06.304064+00:00,62b6e02d84a61ec97d83cc58755d184bca4536df0a14eb16832564844b38b82d
2025-10-30T14:32:06.452775+00:00,b5f8ce474d41ef61c602ae10468add636e3e895a43d0677a1848d49d82ee5f32
2025-10-30T14:32:06.600623+00:00,e4b84d5ce759dd6605bac6e5125cf27e985fbf0b02242500c7d39aaf23812c60
2025-10-30T14:32:06.748147+00:00,7d349397dce1016e5eda203d42cab267b3d6ace0b1a359026cf6739c260cc593
2025-10-30T14:32:06.888729+00:00,5e52a612a05c398756ea9df78fcc2d57d2bf8cbf841017edb86ab195dfaf8894
2025-10-30T14:32:07.036201+00:00,222d30f45c27e6ba14724e58907c4df5632a4dc36fb90d68791d514e2049bc3f
2025-10-30T14:32:07.179811+00:00,c9be7251337c64ca8bb1a28e097b923f86faa6f9606f429135c5daef5a6d6751
2025-10-30T14:32:07.344500+00:00,acce4ff309e581992382daeb8eaf41fc02eefee88cdbc2cc417c9f81aad4ee72
2025-10-30T14:32:07.486932+00:00,99d3814c14e4980ac8df92f1d7325d14236bcebc3ceb66ea110beaf9c440e76c
2025-10-30T14:32:07.633537+00:00,5da6334c69e98001c6c8a2b23bae974c07cdd27f64fc54ca964d4cf2b5efb59d
2025-10-30T14:32:07.780004+00:00,09443cf902efac2415a6e02f00fdf50fa57ee9e537966cc2c189dabbe36041de
2025-10-30T14:32:07.917241+00:00,b2ef97cc332599af575d33439f456faae6ce17e69e56c873f9ee7cffba931486
2025-10-30T14:32:08.062826+00:00,19acaddb6225ad9ebe8cf31181fbf442871bf1fd957c168fcaff3ab53240be14
2025-10-30T14:32:08.208350+00:00,49e9ff07a8a4f59dd1ca440458cce8c7aae4b3739c240e08239d4b046ee98478
2025-10-30T14:32:08.352789+00:00,e330ab056439521a052a891ffb227aeb72ca72316e5c23e16492ac0ef6a4d323
2025-10-30T14:32:08.496416+00:00,584e145e44b68e74cf39a7771b25b2b4b1a12f65cb069579f450aed5d6f5f536
2025-10-30T14:32:08.643430+00:00,2d1fb03946143aca61e844c5bd6e1ed4a4e5723d95c22577ec821bfe8220ff25
2025-10-30T14:32:08.787420+00:00,3e2e4c2b557ab22245afe229fefc7be23237e522bdd1c03e1df232ecb937b0c3
2025-10-30T14:32:08.929860+00:00,5ca980d3ea725cf05f6abf34020f6a0cfb2f1016ab22343ed97975238ab34a66
2025-10-30T14:32:09.074160+00:00,4be1d5ffa1330efc2a38c19332c91559214af4b4cbcf4d5a91b916d1ddadc7be
2025-10-30T14:32:09.218958+00:00,a96e810d463c2b79a44a4e4002e55bf311d146ebc203705d2dd5b5ff5e4ff141
2025-10-30T14:32:09.361868+00:00,ba491cef9889ac8bf2e6a3fb6c22cd3792955905ea603769151a783ab1092e55
2025-10-30T14:32:09.505135+00:00,c86a52cc22499ce2324a8bedac5f71a825a0774cdee4a2e074f948fa219d6234
2025-10-30T14:32:09.652174+00:00,1e4d79375cb53189906511890e488d77b9c66350ec1f39a2ab093ac8a0f9e2fc
2025-10-30T14:32:09.793768+00:00,e64942d8739555a1208423bc7900f628a412a38041d82bf54efcacab108dafc3
2025-10-30T14:32:09.935942+00:00,fff07c048681d46eade412273a5c8f409a909547dd7c002c6472722297e378a9
2025-10-30T14:32:10.078951+00:00,791bd1737815582b0fb5f4e2e19c3844ecd08ff524f0aeabe2bede190f83a697
2025-10-30T14:32:10.219839+00:00,a8d7eb1766dc824f31e8d2240700a99cebe61040623145889a6bddac5b0fb171
2025-10-30T14:32:10.360948+00:00,d3bc0dac269b9c2dbeb8173d2e4631551ee32f31c3a87c02a638acf3ee8854af
2025-10-30T14:32:10.477144+00:00,9c934b6a1a889986d480df6da793cced80ba87e7d7a4d130a4a0b3354eb4fd95
2025-10-30T14:32:10.603298+00:00,c7fdb67f4b034274069e15a8c0444f275d732e44ee3cff48aeb56a8c4cb808ce
2025-10-30T14:32:10.720729+00:00,a37004be4f6f23c3858c4017c107d1dad7a3edc7502c887b68a715b40b8002a9
2025-10-30T14:32:10.874220+00:00,f8375f4d30f0aa5793b656b44cc4b53750c49b0daad4118ea64694fa069da224
2025-10-30T14:32:11.020144+00:00,a7f7415d014b85225a1d8477e888dde66876d370ca522686f1a72faf7467a153
2025-10-30T14:32:11.162729+00:00,815edab15ebcc4a03a3f7e7c3391d8c2b6652a00f2865c389c6e3269e53309cb
2025-10-30T14:32:11.303104+00:00,0fcea4af324ae6a6cd9f2d93fef44c93d704e3a56579867ef6c8bae93066ce21
2025-10-30T14:32:11.446322+00:00,a7b9cceb7a6be5ca8a74540c1d7227bb0464316aadeadd5c286e33410ef87758
2025-10-30T14:32:11.586110+00:00,8a9a356da17e579b352a8676ca4fd784919c280815eee9a34c0b4e214c551237
2025-10-30T14:32:11.725134+00:00,9dba115c0e6587665970d8f543456e69c74190a5b761bc6f6685e3f49bfddc4f
2025-10-30T14:32:11.868764+00:00,7a859ec2d7d9c66a3a42fb40d554874af32a33eda244a3b3f19a8b17d1a4f16d
2025-10-30T14:32:12.009360+00:00,eec28afb4db910a1b762fc537eb05931cabc04a3b49db9b5f33f219af7f2d0b6
2025-10-30T14:32:12.147893+00:00,eebf072b2b8bcfd5f0294e3a2071a26263c2e17c8d808ac41f3ddc83cbcc88da
2025-10-30T14:32:12.290392+00:00,6154f0a38a71c30b1f78873d6c80a206fb9e62572defbeecdcae5f8342c5a1e5
2025-10-30T14:32:12.428269+00:00,b51e6c2fc0eccde50de5ee259fe18536a753671a553505452d374a03f3e21ba9
2025-10-30T14:32:12.571482+00:00,b802a725babddcb39427c8cb1b06c4a6a69ff7389b652af99b0a9488dc017906
2025-10-30T14:32:12.710608+00:00,67225398c21667401ba13441a446c45309270d6873a841f02e8a485321d3799f
2025-10-30T14:32:12.848278+00:00,a8dc4fd59ef43cabbc0b5f73f0ec83234899b0fb95cc036570c84751a165e410
2025-10-30T14:32:12.984830+00:00,ae097f6b9685cd799db2e8cf585bc7add767d571821b0199f1971c2fd7e0f497
2025-10-30T14:32:13.120029+00:00,7dd2dd5e4d62b3f134a336b4e7eb44eea4ee09139fc6edfae7bfae40bfeac50b
2025-10-30T14:32:13.259554+00:00,fc3388037cceb7185cf85b54f51280f955b46c6c8f7f17b2356b80994e6fc7eb
2025-10-30T14:32:13.393739+00:00,08cef49a723dfc7f41f325563e8fb952b5ef7eda347b101a70b998f7e6067ab4
2025-10-30T14:32:13.529278+00:00,7beaa6af06864becfde2a79b3d985b4578087e1885c9ed339b854c8c2f8f0e3b
2025-10-30T14:32:13.666722+00:00,76e6b32dd5da1c444e0d4a56e9cf17f1c1cd8d3e16d121aed0f7692b041b1da0
2025-10-30T14:32:13.801430+00:00,d84da8fce3de503a1ef3fd1ae8bb8e703eaacbe88622fde184116b3fa2600517
2025-10-30T14:32:13.936070+00:00,17327d90a46cda72c0b3c8aa75b529b0a8e737c24876b4a37735253fbd6c5db4
2025-10-30T14:32:14.073713+00:00,7d6ac12335df6ecda60396d74035a55ef96e82489d25c69fb72cb052b8341db6
2025-10-30T14:32:14.208159+00:00,a60e9731670eedf498094bf69efacda8ddccfd3caf5ae636f23ffa5c9dbae551
2025-10-30T14:32:14.344420+00:00,4e064d527f9c46c83fca95699474dddba8ebf2f34b565ee0bd6c7c64df4596ac
2025-10-30T14:32:14.478710+00:00,3dc5a6605dd3d8f42c62d6e7820df1636ef2bb32f005995a097176cc2e192903
2025-10-30T14:32:14.618346+00:00,bd7a2cffedfa4b6fab214510ff7a1b62a7d6a531867a412183b88c6391502129
2025-10-30T14:32:14.753252+00:00,367b22b9367eae1eaa63e3c4965a716cc3cba4ef40cc63197056820cb65f4e12
2025-10-30T14:32:14.888694+00:00,278d933e18236fb59c32e35cac30f8c2b67d52c9953c6035c3648b2b2caa7175
2025-10-30T14:32:15.024072+00:00,8a4165e3e1468ee738782993ac28653398b7a8fb5a9df0699c37d2a39c321776
2025-10-30T14:32:15.155403+00:00,5440bf8422ebe1052ead402b3b38a1e7e60a8ec832b467f7791c18e59ba1fa5d
2025-10-30T14:32:15.291513+00:00,bb71c11c4444bd682fcd3984a3a72e2beb76f1be322affaf881ebd80a2946c55
2025-10-30T14:32:15.424821+00:00,33f4c4df4025a11657cd24cff0dc3815c0694e38c68e81bce340ad900033f900
2025-10-30T14:32:15.551384+00:00,d387a3bdc470f33b88c3619ca1600b6396ae4f627ba3873e715ca065d498d2cf
2025-10-30T14:32:15.679359+00:00,5173d0e52973047dae84b64346612b4cdf932761c4470554a2d5a189668a8c84
2025-10-30T14:32:15.806700+00:00,dade5ceea709cd3ab87242552d73cf2c0cfa1bdcb3ec70532a04e63358dd681f
2025-10-30T14:32:15.936450+00:00,94ed5b7c8bb9645682411e9d4237f26e10e3638e00d9b1fb6a6652d4415a47ea
2025-10-30T14:32:16.063168+00:00,409aa73dd878c29535edcd5e3586a20def5bcd513c15eaeae8a1e4314da223dc
2025-10-30T14:32:16.189400+00:00,34db0971c2376b3b377c611111da2bdb6cbb921bcb4cec5fce9605045e6ad051
2025-10-30T14:32:16.315805+00:00,89cbfe32630e85ef356c655b8a8e9394484ce50337823728077e44d68b5d7bb8
2025-10-30T14:32:16.446038+00:00,476e35ba42c5a3c7aa9b8695b092b10bdb988b54a5fc1d1d698c0767f659b2cd
2025-10-30T14:32:16.576867+00:00,47e42ba9cb25babb0253077af1062c55173e10139e194e596781c4a64ed851a3
2025-10-30T14:32:16.702264+00:00,916af96f662582964f756db18003ce7587b5956c5243ea930aae2aba44086619
2025-10-30T14:32:16.823909+00:00,d9113be3239f8a71ef31fcbb78ffffd6a3d63f5ecf519718a650e976b5eb0a4e
2025-10-30T14:32:16.948401+00:00,a01f54d933f7036db1991306dbceff2652d3eaea6e4dab4dc84416ce75dd5cd2
2025-10-30T14:32:17.073393+00:00,5543c34ec1895cedb752eb67834095099a9b5d8bbdfc3bf1be6325208595f44d
2025-10-30T14:32:17.200307+00:00,7d80dc44bd7da7f513514e15987a7581795d8213124882050fa3f6cf17866352
2025-10-30T14:32:17.330903+00:00,a933443db0cb61d625cf7b43f36c77f58edde47f6532b1bfac590929a5944f1c
2025-10-30T14:32:17.459589+00:00,a8ded22ad3e1474ca2196cd2a4d0bf36bbf91d97e4dc99d33b580015c39bd343
2025-10-30T14:32:17.585656+00:00,2678a9897dfd924fece268e55a92cd413f7d6b24d68647e9025d10f9b632741a
2025-10-30T14:32:17.715252+00:00,d199d3a8bcb02e390944c0d01a024d7050aa593198f08103d19d951ef7ecab2a
2025-10-30T14:32:17.848991+00:00,5e0a3ce07f5c2ea4e13ad3073e51288ff61e4b8ea15f6f0e8a9c88087a491b73
2025-10-30T14:32:17.970416+00:00,a1dbcb5fa413d39500a3cd436aa7bc28d9a9226f5ceea9283b0df00d2fba8f9d
2025-10-30T14:32:18.089844+00:00,1b39b07cf29c4dcc39d057dc5b14cb5f52bc0232d8ef698324a551c723ad9bd6
2025-10-30T14:32:18.213502+00:00,377faa7ea8b4f222720deba6fc30531540bd879357b0732c9939352a9a547aa6
2025-10-30T14:32:18.338164+00:00,cc95d76a5b3eeec3a829a9b751adfdd77c2a824dcc2ba25962212bb40aa62fc0
2025-10-30T14:32:18.457369+00:00,0d440a43b29afcf63a32190366e0f76472386a70bdfb69486ab155d8c3e85fb3
2025-10-30T14:32:18.572937+00:00,4c591f7f954cb62ebb6dcf230310e21683327bba0bf9ef6d972eb876c884dc24
2025-10-30T14:32:18.689702+00:00,34571b21dcb3515f75b52ea8251b7e6f65ed41f0d5940cc248b3ad7ea8107ee3
2025-10-30T14:32:18.814541+00:00,2f0b326ad8b0eecd95399672d1739d7be44511e13b05bf8c8c4408ff71dd66a8
2025-10-30T14:32:18.940487+00:00,f685199592a28f976374010aa169345bdc036004874dfbf9eaf756451737cca7
2025-10-30T14:32:19.058853+00:00,ab02792f5aaceac11e68dac546e1570c818371b2858a6e8e332e6b70b83b8831
2025-10-30T14:32:19.184826+00:00,7b2f56588547d3f2930cd3de3ef55d6891dd7cfd3639115958584a70d46a11e2
2025-10-30T14:32:19.311526+00:00,925b10691883e2c64037670e7427434c80c81a2987f5fe4cd857ef85d4bacf50
2025-10-30T14:32:19.441914+00:00,556a99381c93175c74d58f7361c0cfcbffea4f3bb220d1eb226d4cd9d913e53f
2025-10-30T14:32:19.567497+00:00,2513c2813fdbe9e240c296f84f74961af4d7d36c8cccb56000b4f22deb01676d
2025-10-30T14:32:19.697994+00:00,940e54b63a52db3a2501bc2325ddaf56f767cc76047a2317e03ea54565c3973e
2025-10-30T14:32:19.828873+00:00,53450a51bb1c1e2a6b756d0755dd7042bf3096ea3e1843b34394aaa0b1db8981
2025-10-30T14:32:19.952600+00:00,ef6b9e5d14763a2371520c418e38ed69098c004bfef8691b8715a62761656331
2025-10-30T14:32:20.074972+00:00,194af5c27346c85268ded236d0c1207f6d4ff5e35df7587f989cd1ae0a804562
2025-10-30T14:32:20.198422+00:00,bcc244b3c86949221a1becf307126a9789fa91fffe41be6de3c991cda4d86905
2025-10-30T14:32:20.326164+00:00,83483965d8aafa1ec6d6183dfa74645f669f2c5d0423e937b331fc6bc6751525
2025-10-30T14:32:20.451320+00:00,0841f8fb8826578f2a58346f3facf676450c4507954bfc7149e16127ef1eec76
2025-10-30T14:32:20.571719+00:00,b55aeefd9fa64a7b8d2af5e9a4b4e3728486fc21bda1de82091c08254f2f5180
2025-10-30T14:32:20.689496+00:00,4795f305d464cc4afb00f43adbd372aed78b3ed8ccaea757499d54aaabad2af6
2025-10-30T14:32:20.809021+00:00,32150021fdb2b52510aad6e9b8eec4bee54fcb701ddfd14fa41ea7c551159798
2025-10-30T14:32:20.938071+00:00,ed1393b4a54ea246f88a582a8b74692d7e1e165dd96e7667ebc0e4c048cd6bfe
2025-10-30T14:32:21.063435+00:00,a4be4e2f86ab4992cd4d1f8f8f4566be3b75322d4d1fe72385118e002b0ffa56
2025-10-30T14:32:21.187003+00:00,ba9c9eecc8b5b6d8e1df72117497a87c186216c5c2f88dc913cf21fd9619528d
2025-10-30T14:32:21.317565+00:00,7fe1f15c2337d13b30045d3ecf35e03a113ad6b750702237de8caf3762c7cc0c
2025-10-30T14:32:21.438844+00:00,0d04b7e8f0e7239c7561a0bd78a71a29f34f17f79379b15137c469cc8f4b62cc
2025-10-30T14:32:21.565012+00:00,9ac28811d90c3b21f8532dcdf155cb21ed1ad8a40c81630b460f5a3170c12312
2025-10-30T14:32:21.692763+00:00,57dbfd707077a21495d4fbd8b391c10a97545e76aa668df01c37f6ca84ac34cf
2025-10-30T14:32:21.816928+00:00,25efd5199630864486d2ebd222c4e17061ec6cb2fe48cec0de603bd62864b2e6
2025-10-30T14:32:21.945785+00:00,25846d09cc5d976109654277b9a3fc70a23ec35235cb328ee57536872709609f
2025-10-30T14:32:22.061922+00:00,99f2bb294098a1ce75b2768f7c1351773210b019f93ab28d3d5e0bdf21c19a8d
2025-10-30T14:32:22.188590+00:00,254420005f752b61ab2db541450b47829762749a1abc13c14660eb167ab426d7
2025-10-30T14:32:22.305627+00:00,6e499285df33b53a3725a9459cd5e8c3af8325c86ad6be9e5bab9a5b9ecec25e
2025-10-30T14:32:22.426844+00:00,fb21a243d0311bb7342cbc108c70e59c14e88dd31ae32ca513f3f1195d870503
2025-10-30T14:32:22.557459+00:00,b5061da3490e8637acb4e2938839a118d6431f5e750d6f151d202c8dce812d10
2025-10-30T14:32:22.689657+00:00,017914330b49dbc6de7911233cb958ae9b2abb741034facde0a475b384ab85a3
2025-10-30T14:32:22.811523+00:00,d1ecc1649ce51aed7f2aebe92058d6cfe70497b04101b0d46ba1f23fa387e932
2025-10-30T14:32:22.940588+00:00,74c26c6d3139936e76bee1257f79cfb0fb7b82e791f6487c7e5d89405da43437
2025-10-30T14:32:23.066376+00:00,fca695cc15887bc498dc24fe3edfc54bceeabb27098e50829b76d6f18cfd4e9f
2025-10-30T14:32:23.197187+00:00,1114a44803747bb365fb07e25b5a5cd58f6a92fe257b98f416e73ee5c6de0484
2025-10-30T14:32:23.321733+00:00,13818f6a946522b6f79f33bd1c62c3b6c95f3623c3f61ec0bf3f9c1b46ebb660
2025-10-30T14:32:23.448944+00:00,57078ae05a4c5c60822b111bad4411d5d63afb60424f17b4d44c1d6591380162
2025-10-30T14:32:23.579883+00:00,af98a5c86ed21d675e2ac78ac9f164978f9879c4f46b3dc78dd48b18223fe6d0
2025-10-30T14:32:23.706134+00:00,4c7d072ed63111f938d8565941a51f9ae94f605a83597389c776d79b07fe4cb7
2025-10-30T14:32:23.837797+00:00,50a7db24d8bb00f9d8781df5e216dbf71f73d9a9f1a9fa81e632e83dd25c18ba
2025-10-30T14:32:23.967624+00:00,4047ef3f26a4232e410ec253985137026e87fdc3ac57cca11d78ce1637500841
2025-10-30T14:32:24.096584+00:00,80852fb3d5e11ad2bdf77dd50df3eac6869ee7a242babaf9034be4bdc5e18dd1
2025-10-30T14:32:24.223496+00:00,86be2543a5234717debb1e3f0cfddedad7202551bac3cadf8f0530385a10d102
2025-10-30T14:32:24.348668+00:00,b1ad9ea106deb722e876396477482b979c36a503dc1bfe4d2f90c609f720a0b0
2025-10-30T14:32:24.472969+00:00,c5b56759ccd5cc0987c5a9d2cab4b943c819570633c2b7a4ef249f4a18598458
2025-10-30T14:32:24.603148+00:00,7f667a4f8b63d6ecc00c03ff03ef2560ca1995fddcc9802221762c46a48a23f0
2025-10-30T14:32:24.731378+00:00,b81216fd72ab179758a64417be83935949246bf2ca3404fc4302eea6cabe2696
2025-10-30T14:32:24.850827+00:00,d264a65fd4044f04d82261b939e8c7612c0eeccd0b67c28abec9824fd8a9c11d
2025-10-30T14:32:24.978286+00:00,f25c9e56a07f753ca2332fc55d98691a014b3efd8a33b085d1a616d968d85038
2025-10-30T14:32:25.100626+00:00,a09d23930e987fb0cc5d1f0b7b31660af42a7245aecf4ebe5c13789e6a5ed975
2025-10-30T14:32:25.224991+00:00,9c9d3a8ff1f7646fe1335d121ebbbef6bd3300a26298a785e9d6b719c4aa830b
2025-10-30T14:32:25.353424+00:00,53b73e8a8eb83eae72e8e09a1e3877a62c35566e2b49b992a4b6d0a30bbec109
2025-10-30T14:32:25.478689+00:00,5b5eab2bb7f23fbd6528ec16fe89919b28a3351b720e0758b6e3e9130736c1ef
2025-10-30T14:32:25.761893+00:00,28909db49d0470693cc0b494c493d19fbdfe953b79835cfce44d268661aa896d
2025-10-30T14:32:25.877107+00:00,5025ff350aac77b1b9c43d560b9f5e66be3c3de9e79a1ebd545fe908a3ea95d7
2025-10-30T14:32:25.995017+00:00,8b848c486131f650349e3c98ca6317c0cb98544846a6ceb4b42d034e8ef52e65
2025-10-30T14:32:26.117735+00:00,43ce6ed409665148c93a25a428d1fff297b02e39b18dcbbf81afb9d1cbc418da
2025-10-30T14:32:26.235484+00:00,06574c5b8663f0b08e059f1436b3d4fe8cf610981ba9a9dee8d02570d65d8009
2025-10-30T14:32:26.359462+00:00,6f8d3fb9e2c9fcfbb9d2d2af51747b43dd52d184bf7b58bed8e7a15e9101b4cd
2025-10-30T14:32:26.488438+00:00,2bc2a5897577481e0433cecdc1f38cb6380112708bf7c5cba18e3d564ca2f815
2025-10-30T14:32:26.636430+00:00,bd2884f134d1386b6f29f9ce974516f2975615f36a00f481133d6d4e56145289
2025-10-30T14:32:26.758566+00:00,d3f7e21168780c2a5fb90a9c5c7c5509a5091f5e5247c07a97848408725b5c43
2025-10-30T14:32:26.879261+00:00,5a189958db229f538b279fb042c96043f7b34099138e828e3d973d42ac5fc104
2025-10-30T14:32:27.004580+00:00,d7b20623beb50d761d2b337cdc9b9820a452cf126e21e7cf1268d64e19b9aaa2
2025-10-30T14:32:27.124156+00:00,3d95c5caa2634048426997a4c53313351febabd842dbb92c45407ea78296003a
2025-10-30T14:32:27.273261+00:00,990523dc9e5a16d31b0810583be8d18366cb787e2f80688637b075d24545ff4a
2025-10-30T14:32:27.395867+00:00,fb4cd73ccb148bd00f957041eeb2dab2e6cf1ffa59cd4b436312f2a2adc8f6e8
2025-10-30T14:32:27.517415+00:00,73701d5cae81a766f9d6d2f588b05be38dad6f7820cf4283279701108904448c
2025-10-30T14:32:27.642524+00:00,343e090945a8b2da853aa22864000e0e6a5faa7e3cea0de67d9042218e5f2db7
2025-10-30T14:32:27.766534+00:00,1e9b9c45f7b54ef01bf83ffc7b3b359c4f4b39581dbff2907392cdf4e5e30d5d
2025-10-30T14:32:27.882483+00:00,fa7d2872bf92ba0e9c5b94693bc7e3dcd91d88a67047b89860473bf7ecb6fe6a
2025-10-30T14:32:28.001590+00:00,649d3d77964051eb2a2717e8fcad774715980acb512dbf197c33cc7543d4f791
2025-10-30T14:32:28.116887+00:00,892f41ecc392361b8cbb299fb334f01f5e69a6637f4bc93a1e8ca954b0449fbb
2025-10-30T14:32:28.232153+00:00,0fe8a2c8e67c50067e7854bf8308b23d843178671ca64860cb55727235babbff
2025-10-30T14:32:28.351258+00:00,9498f7d91814a40b7ca38548b26bf079fe220dec7f93ba5a7c50d5ca63c743c7
2025-10-30T14:32:28.477893+00:00,379cb028d544dc4e39ccc0ca4870f1e90fd9e5c4b8f68b0d39b0b131302159ba
2025-10-30T14:32:28.597804+00:00,eb24135671239be40516117ab793c40635b09e52c927dce1dd6091a7909a9266
2025-10-30T14:32:28.717975+00:00,3fba58f3c648ecf16bf4f9e070e5b0a80ea9d619ea3b4d2461ef2b13583dfc9f
2025-10-30T14:32:28.852533+00:00,8ad93a6c4151f2f48c1a1a3962ac58991b2894d640baef948a93b366e671f25b
2025-10-30T14:32:28.978595+00:00,1da66616c6e712cb9a4c65eaf9464fa7ee9222eb3c0614c58e02e37e15f293d8
2025-10-30T14:32:29.099417+00:00,9ffd157306f41e6d84970a3a1cbbc9af0efb345e2ad668015f4767f1bd85a7d8
2025-10-30T14:32:29.222311+00:00,7bc02e1b19ab1bce57d2019b9aa18ddc09ff11683fa004bfe4f72ecfe02d332c
2025-10-30T14:32:29.356120+00:00,e85bd679f39a70be44f3d990942501f18083f4eb00d1d3c19caaf55e7e1b5f63
2025-10-30T14:32:29.489745+00:00,a4f478a85289f4e4d433684a6426f3ac82d536e7eccac8bd94703dfb9fcf7627
2025-10-30T14:32:29.609626+00:00,10d55a1a7ce9685a9880cabd1a843c998476dd5d76e30b57c7923cb494f78cfb
2025-10-30T14:32:29.750070+00:00,412b51943fa93c096c96a1fd7c9e0d8fe93ca06e59cd62dd8cfa381cb935ecc9
2025-10-30T14:32:29.876011+00:00,8825e09cfc682debaa86500914e1db6a4b0c4a59a7ac21328301b5f53b2d5f98
2025-10-30T14:32:30.008910+00:00,2a88c7060785c00ca643112b89395fe0316204d9cc8787fc7b14e4179177f0e3
2025-10-30T14:32:30.139204+00:00,84df953bc400d5140374b295f9585d42cde567d550f7e65a87232d439480aca6
2025-10-30T14:32:30.256792+00:00,b8b95a9ae3a07848cb8cf027c782940c4d104b92e969399c71b66abdfd8788d6
2025-10-30T14:32:30.374807+00:00,2523d9fc494c662ef96ec4691af79771531604bb800f46d11e77944a8f27a74c
2025-10-30T14:32:30.496820+00:00,64dd7250a8be26100150a2ed486a81c1d0aa0e340913632c079e567e6440f79c
2025-10-30T14:32:30.621225+00:00,e17169621ada7fec38a09c1d800703c30c6754cb87d73c8b4645be9efd40d89e
2025-10-30T14:32:30.741362+00:00,cbb3d63ba85366f93e201543a49a60a06749199f9c477b773f1128e81d324229
2025-10-30T14:32:30.857188+00:00,26656180d726cb8bd019220558c8448308498f6808e4eec0fae7b79461c191e1
2025-10-30T14:32:30.977235+00:00,a811adfa007cb1e2d6bb1823872aff27e84b7f6ba4fc89b10b4de11028856c44
2025-10-30T14:32:31.092515+00:00,1df0cc68b36b3b6e769fb6bff977573f6f7067426e5db512acdfc1f3ab3df920
2025-10-30T14:32:31.229470+00:00,2dfb8d19610d78aec107b8137c65be668861e7d7b5551e6b40c84a7e3d72a1cf
2025-10-30T14:32:31.347173+00:00,f7c14e1efe9f3d291261c78ee9ccb59b3f633189b47aae87868e6d534c1076ae
2025-10-30T14:32:31.464828+00:00,05b22a7d819dd94d133b803ee54c271cbe69024aa1f63e1c8916a7179066498f
2025-10-30T14:32:31.581932+00:00,f2d6e719f393fdcb9df9476f6485bf7384dd1dd3cc5ec4c2be6b5abc75b0bb5a
2025-10-30T14:32:31.697543+00:00,c3ba1fab2b970b18b0c236a0f03ff3f94a30c38f27934e083cfe80ff40fca727
2025-10-30T14:32:31.814598+00:00,a0e92439ce71523d42d9fd865834875f94ed4b271d1e5822e26f6cd987544007
2025-10-30T14:32:31.940982+00:00,f5367769101f081bafb64b7a982650d5470234af706ed0130d937d93f14b30d0
2025-10-30T14:32:32.060700+00:00,1e40488be4bae32c8ae0c6bac09b155230205cca2b324c0c9172e455595a6bc4
2025-10-30T14:32:32.176138+00:00,7abd65e97efc016e2094dc483f965b2682febc06d2d97c158beab0b65f9ead47
2025-10-30T14:32:32.295734+00:00,df9a5633aba1dfb9416022871374f6b3d653e738d3f1df355be85fc9187fc5ca
2025-10-30T14:32:32.414590+00:00,bf8bd54be7644e10248762321a76718643fee9c51d44c089f2575a9aafc9dcc5
2025-10-30T14:32:32.534038+00:00,81242054dbea2d1f83d42a159f3d31181015f10d17b0d3d5f00ffc31b5dbd0e2
2025-10-30T14:32:32.653882+00:00,e2eadefc340c5c10247399799a785cc4f8af952d03f4d4536cc53998249bb950
2025-10-30T14:32:32.775899+00:00,591c343dd0c12068bbfe24b134e6cf60f564028dbe6b57c00c0679113adb24e4
2025-10-30T14:32:32.896639+00:00,6a74d385789b9056ea46b3bf4b730051ab8891f66f2ebc895c30cc3c2281db9d
2025-10-30T14:32:33.020744+00:00,0b3bd30b426624b9d0a66b46196f6c592469585bd0db650a6e496e8973390abe
2025-10-30T14:32:33.152895+00:00,46a282a505ec3961dd2b2bbc2351f39a5c03acbef52a336583cd931d27d69189
2025-10-30T14:32:33.284806+00:00,31fccb33432457bf054b890b54ff52a012f521e3a61122c92bc74aea54b5f7fa
2025-10-30T14:32:33.418956+00:00,f35b11341bc72313259d2afe3ec11fc70b2f030f3b2664aa0c3e8ea2e1211b26
2025-10-30T14:32:33.548564+00:00,122591f90890fd1f35ca0eb8f4ceffdbacddd406cb8de056b717119c290758b3
2025-10-30T14:32:33.674893+00:00,c15c4f4fb8196de50ea8780ab682df9f931a648058ee8fe473ddb779aa81ad8b
2025-10-30T14:32:33.805737+00:00,cac04f347da1c0b8eafd9ec23ceb95fe7b76806e80f64e934fa8235e6d118cb5
2025-10-30T14:32:33.936702+00:00,030a00faf1f45c9db2af814d1b57f52aa395fcf2c6c1803ccf257353b94721a1
2025-10-30T14:32:34.062512+00:00,12e1170b9aeb17ddf8fd846ed2e9b89577d1609fb114c7e13c8acf1ace06f92e
2025-10-30T14:32:34.198372+00:00,2df21b3bc424ba0960cba6ee60e0eabdef24e539435c95bfc938da79ac481b64
2025-10-30T14:32:34.331188+00:00,2bbc492cdd4977f93297369e40029482eca547b5aacaff06acdac3c22496a183
2025-10-30T14:32:34.458220+00:00,75a05f5d087c50b843ec70d2f09eb0aaeed9ee9930ad100e97e782695079586c
2025-10-30T14:32:34.590764+00:00,5618b16945316b9432bbef32a1af06b2763128575cd26cd5dd812c99d907386a
2025-10-30T14:32:34.720702+00:00,21af6ad9d20f0b9710f349c8605e39e3477c1a34fd8884c3dcb1fe7249d3066b
2025-10-30T14:32:34.849353+00:00,09af93947c6f1cb171bceba99e5c101eda9e07f60f0117e19edb599456ae95d9
2025-10-30T14:32:34.976302+00:00,30ae5bd9b135e704f8280fdab3d44f9333d4f17cdc85398a6d6f94ef403e921b
2025-10-30T14:32:35.103932+00:00,55909a7295897977da8fe118d9f8beb06da6944acda61c23f1c6696f7c1c32db
2025-10-30T14:32:35.231600+00:00,2a015db152bf7c056123833889cb05acf6bb46bbafab6db3242e74260f0219d4
2025-10-30T14:32:35.358700+00:00,e094297a1762431dfdc639a0bc2700523780101091c3ddf744a014313f499800
2025-10-30T14:32:35.490115+00:00,88bfd68ed1f225e77d280ad67ee1f080e86d1ed575b1fdd02bdef2ea287f7c8a
2025-10-30T14:32:35.614473+00:00,9a11e7ff89e7eef3360d945055f0c95f639ab286ff9ca2ddd51e784c302494e2
2025-10-30T14:32:35.747441+00:00,dc139efafccb64382c50163eed322de13d62c9528cdbdc429e9e6f340ad2b367
2025-10-30T14:32:35.866189+00:00,a19c25a597be92e24f5cbf9ffa29687dccf4e9f4e66947222e75778bbee68c7f
2025-10-30T14:32:35.988037+00:00,4ec8b40d203d96c8cc784eeae0ff726e4cc7ecf8eeaa73d5f1c52b0b2844e1f3
2025-10-30T14:32:36.116883+00:00,2a94c0caa24921786dc0e0f54e653d797002d2b6d45d0712a3fabde7a7f2a9f6
2025-10-30T14:32:36.242909+00:00,9d884a5566e1be8ecc6076bff1c0400d3c0244f7d8a3a1452852573447bb314d
2025-10-30T14:32:36.363277+00:00,0c9556bd851b66d4a9b211a6a4ce8641b16703c218688df2ef3a9d09b5edb0c2
2025-10-30T14:32:36.496080+00:00,2095d827f55c63d22eee6278cf34afc56ba2bc5382dc247af824bdf1fc06b025
2025-10-30T14:32:36.617773+00:00,1f7b717ca3122db349c684b085e8c126d8cf1f57c5150e45d638fbb52f3f0af9
2025-10-30T14:32:36.739703+00:00,650754e0ca6ebb164a458d466256b6e7bcd8553b18ff9180608b4fbc40c67a49
2025-10-30T14:32:36.863781+00:00,73a0227588cfc9228d1bf214b1810e3bf68fb1c4ec107ce583415142461a4496
2025-10-30T14:32:36.993430+00:00,61146058e158e279d2daa8ff01962c63db6cb113f3ad6c9911101d4740eb347c
2025-10-30T14:32:37.112932+00:00,21296d66f143a9575a7e6620d2f574b5ff2d4fae0f61ae3adc1e65f5c7a0b5a2
2025-10-30T14:32:37.248262+00:00,65892615445dd15d085d978f623a4a3d5a54bc62f9d4852ec4ff7682abbd7976
2025-10-30T14:32:37.366043+00:00,03a58d4376c060dafebaa2bac4cd795fcafdc6ab2cff38f25e27751f08ac9350
2025-10-30T14:32:37.485876+00:00,bf8900b7c1cd5b07a563701561b1ac04108b2aa46010b84a07676e0de0443fa0
2025-10-30T14:32:37.619392+00:00,1ad905ffb555f5f9b46f27296e8f921402b07093523ad3db22fa941db820637f
2025-10-30T14:32:37.743140+00:00,080d50837647d67c05de7c21e690f0b0430f4d097692f42640e8d5c2d56ae5c4
2025-10-30T14:32:37.858717+00:00,9847cdb348ed083fee0dcc7ef37f5a3efc9086fc786075884bad906f064e0b2d
2025-10-30T14:32:37.979287+00:00,a34d15235f49ec13850baf001821fa440f3690b797d1e0472de7ffe08bbfaa5b
2025-10-30T14:32:38.102233+00:00,5e8e5a96a3b31b824127a9aa1b3fe0783b867c76ba958e71b7bd7132f4852dc0
2025-10-30T14:32:38.232788+00:00,c632ca6933860b58c05b12e6aaab22d8de255bceee442411d46084d57412ae4e
2025-10-30T14:32:38.359556+00:00,1fb72945e0502c456e45d74de1281ee43183a7175fea3e5939035b75dfb0c5f8
2025-10-30T14:32:38.488367+00:00,69e09e7109d3a79bc745c45df37dac21f3f2e6fc75ddd04466e6cb43fadd8f16
2025-10-30T14:32:38.608732+00:00,20a4e2ad39c2e8041320b03020a37dc9db6ac14cb266817f320c7651f07db24d
2025-10-30T14:32:38.729800+00:00,85f9bf916dea988fcead2161fd6bfc1296d675cbb55c4972180b11a40a26909e
2025-10-30T14:32:38.847868+00:00,de1ce0e93068786d74facecc8b9b577d19c066ecafab137c77eae819c252a039
2025-10-30T14:32:39.025603+00:00,297dfefdc99da58700bd46444b27cb75864aaab21da5e1cb26b091cd56935da9
2025-10-30T14:32:39.147726+00:00,3d71c90bd2320a787806decb89e68dbb4215abf395876a3a734bac3662fd1af3
2025-10-30T14:32:39.273553+00:00,e63c21e984a2a3f519dcee0177557ddc4c46c90f1d7f5766777dbedfd54c753f
2025-10-30T14:32:39.403905+00:00,7a0f978b93211017ffbf8d91aace7b472229bb58fce9409c661658e3cbf3f01a
2025-10-30T14:32:39.529913+00:00,8bd0c982187061e4f2712cebd8189554e07f421840800083df7be083711ecea6
2025-10-30T14:32:39.660200+00:00,e6dcf6dcf84ecb0449752cc08b170a04039a661fc14460cf3d4680f3d3e58254
2025-10-30T14:32:39.793869+00:00,1b1f46d0d21e0af923363114ed07f0455bdf37d974891f9864fbd3ed27ea8e96
2025-10-30T14:32:39.924644+00:00,ba37e209fb19ff21dbcfa0e21bc31d8f59440140960adb394de09764f907cc25
2025-10-30T14:32:40.045627+00:00,5020bc928c42e95f7ce4abeafb488531fce732e77a50c203faf97d1d35b223a6
2025-10-30T14:32:40.177555+00:00,f4649adfe990a8a98b5b721401839f395b8fb4d6dac3d31858bce728516dd55b
2025-10-30T14:32:40.307647+00:00,b9f469d0773d0e7c4f69e9703e9dc0c61bf50de3c19f940a5d264cee8ea4a39f
2025-10-30T14:32:40.431826+00:00,7df337f7bca04808361d53dd5d7fca6eb6571e62534a6d65e11a5e07128e59bf
2025-10-30T14:32:40.555442+00:00,3f6641585a239a2f5145336b7ee770dd594d76dab073a53df91ef5bd92de756d
2025-10-30T14:32:40.687737+00:00,1681a9699564c691f0c34ab2df28656305509328bb135983e5036f1bb679ab0e
2025-10-30T14:32:40.914812+00:00,6b399a6ffc74d26ba7d041053235353031a7eb28f0d22fe7e062d3d08c074e01
2025-10-30T14:32:41.037997+00:00,9b8523218e4de03ee68dc69fd1487ef8f2e1c25e7c8948eea1ef63d5a0d508c3
2025-10-30T14:32:41.164873+00:00,19f94a999fd7fff72e1fd2a11b35bf47be70bffe2a9964ada08e013b3823fc1a
2025-10-30T14:32:41.289935+00:00,cf34ffb40cc471c9908467f85e05bbde17e0f4bcf861a8cf4763188de6604e7b
2025-10-30T14:32:41.421841+00:00,42f295672b269b9232bba132f1dd0fc62ab0ee1b2c651a46d4009d80facb1a08
2025-10-30T14:32:41.545227+00:00,49dfc204f885382642afab0ac11e5986508bc7f5fb3f0d5bede306b632dc11e1
2025-10-30T14:32:41.671564+00:00,ee34268b71eb5d5677af7e7953ed07dd0e788ac09a0c73eb79a4724a4cb9baac
2025-10-30T14:32:41.797811+00:00,d07a1d39b5bb79cf74c0a0a29336102f6c2b1959a99e992718608e8a13aa08f1
2025-10-30T14:32:41.921282+00:00,9a29dad20bd49684b902b292381a185ce098865862cd70aa09be8092d4c99bf2
2025-10-30T14:32:42.048397+00:00,faa84158ec5e601a9738c53b7d7cf26b9396bdf651a2f5e512aae69b122c98f9
2025-10-30T14:32:42.171019+00:00,ae0034da1d62591b6bb50c448362743b63d2cb5d23109d9103ae9828c9d5b094
2025-10-30T14:32:42.298440+00:00,8f5d3730028322dbce6cd39593d0a59b9bc4151efabf669f5a393c52fd5720a6
2025-10-30T14:32:42.426031+00:00,4b8fbb3c459b65a319293489d8ffdaf13fd9052416c7acd7ff35849bce411cc3
2025-10-30T14:32:42.553937+00:00,8306b449e8983ab3499bceb93f15c61ee2b6277bb582f67f9afd9eae98385865
2025-10-30T14:32:42.680938+00:00,35ccf21e004b1426c61e33fb19b6cbcd86b20006a5f7a2f9864acce38b6c73f0
2025-10-30T14:32:42.808901+00:00,f3d9240ce9933b9d6688530af6ac8711e01ced09b84e3a2c09279ad5ee9f13c3
2025-10-30T14:32:42.941919+00:00,b7635757978a5f3d333655ad94ac0f9a444930f162f2f524c317cb9829bebc5d
2025-10-30T14:32:43.061640+00:00,7d2755e67b6586292f37f2efb3ba9aa55398dc7255ae34a70b4d7d4e6f360bc1
2025-10-30T14:32:43.180991+00:00,34fdc0b4ebfcfa1e87f3e192cc51545d24db1e09d7854e528d689c3a316edbc9
2025-10-30T14:32:43.312353+00:00,c255dcce964659e2ffe3322036d6e29d835578049fdb19f1b84fbeaf6e086b52
2025-10-30T14:32:43.446659+00:00,3e5460b1d2a1ef6598856a9f94298c250a74eb1083c44f4687ca5ae0ee4ec9d6
2025-10-30T14:32:43.578431+00:00,ed796e74d6f1e2671c18be9b313aecf5dded2accef08cf9cb3afd29a6c176282
2025-10-30T14:32:43.705541+00:00,57ceaa2564423dd0c33e311bc56fcf09156ba9563687186cc2e2a74459c56a1a
2025-10-30T14:32:43.832041+00:00,6ecc82a8472e7cfb8070eccf711169952fd08b95cb0c7d04a58f4089e1619c7c
2025-10-30T14:32:43.957580+00:00,0a273ac37f8c0c5b6b090aeee76274a32a6bbe63b6ec95bf3cde1745b949734f
2025-10-30T14:32:44.088483+00:00,eadcc83374b9eda1d30a615eb9e8cec57585534cd5d8524063bb9819da2504b0
2025-10-30T14:32:44.215917+00:00,993d8c62d1fc4e7d241cc14b32f79afd3ce337fa3c5d2efb84f29b4aa2756a00
2025-10-30T14:32:44.343721+00:00,361086a34f2ed6da4a26a535329a64e38b672f1c942bdd9d91c61168ee11405a
2025-10-30T14:32:44.473327+00:00,742478d0896b1b975e76ae0d8735bff741271c59e003ab8dd0d911e3b67f82a9
2025-10-30T14:32:44.604822+00:00,83aab610b67444f669387a080f3f89913b44d0baf57bd933418636efc8d98dfe
2025-10-30T14:32:44.737642+00:00,ab035fb9f5baea929cf804718f8eecb868dab06eaa8a4603758873aeabc1e2e0
2025-10-30T14:32:44.863920+00:00,cc485c6984f6fca93de4abde7b94b22dd95f67b4cc797ceb2ba099d78f241e04
2025-10-30T14:32:44.992629+00:00,a4a3f5bce428dc3069ebbbbb17dd3f40a9c4c1f08babfffddd83f0ac7a952558
2025-10-30T14:32:45.119340+00:00,c21550d455f95f6be4f7df505ba77dbd1655320557e1ed2c4058977c6d39e301
2025-10-30T14:32:45.241636+00:00,554d7df0e85531412a55409efbbf8c36fa77ec87c3840c4d9258afbcfbdfea8d
2025-10-30T14:32:45.366292+00:00,bf4baab22d4e0db519e142dfa6e10bdec085fce9a078963c3ba33111cb0d89ba
2025-10-30T14:32:45.498992+00:00,94e005161b42e7479fff00f36dab8d1c0f85b5b6554787485ed90ad754002461
2025-10-30T14:32:45.631263+00:00,67523e6e4ba35ef7623efd6db0d630ca4c6de22f69585e8e970351d97ca56317
2025-10-30T14:32:45.751219+00:00,d0b3f2ad51a4aa41df239aebf816f4757a5428b4a898c6e0a9ecfdbbddb196c0
2025-10-30T14:32:45.893612+00:00,1f6e9c3a92af7be586d6d6c3a5f07968679e7968c963f106825e7c871d4be316
2025-10-30T14:32:46.012667+00:00,53fbe2899f0dbd1d76f2f0e9d8ae79d4d4d100e6d0fadd0d08cc71e27e4c20dd
2025-10-30T14:32:46.135386+00:00,b2ec9a0f8273cf3632ef5d3df42e1eaecfbdffda85de222212976004fc772412
2025-10-30T14:32:46.266961+00:00,89bec683b1263a719229e8a5b398988b7733653791cf10d573d3b4d7d4946c81
2025-10-30T14:32:46.390484+00:00,46e48872a00ee63737a27dfc32c1d8eb33492b4e6e18476ae796558d329e601b
2025-10-30T14:32:46.513600+00:00,65697509510a3d1b943c9285e5c9ff7207805540099a388ea090a53a3103239e
2025-10-30T14:32:46.632522+00:00,f4f7c0fe00f802a53eff51c06d10eeb62ebf92508bb7d4b2163c8bd1ead1fed3
2025-10-30T14:32:46.758635+00:00,971351e8f96c893d880f012e4f4a5ca0fcef689092aa772489dfa39f003dbefa
2025-10-30T14:32:46.876725+00:00,26bae1326468fdec0a1054f18eb5f88678ec27c8e87f8cb3d7f9473b56371fda
2025-10-30T14:32:47.006008+00:00,cea50eaf1203480aeb16a67117c829408d6a160385717688075dcc95add19d89
2025-10-30T14:32:47.127234+00:00,206672e5cda12ecae0398842051d2b6052fc4d76461e4cf32b51c5e57fa185bd
2025-10-30T14:32:47.248708+00:00,9ea1fa9c8ba91a22a570f792e2f54aa171db27a535669cdf000d7f3835cc1f29
2025-10-30T14:32:47.375529+00:00,0a3c43ea4f8ba7ee01faf7192f4e853891865accd5aa5d2bf27ff4fb7d8187e8
2025-10-30T14:32:47.500600+00:00,6d301533bd6e42e77429f786f1ef725349ba0fc6143304c3a442ad8a20fed32b
2025-10-30T14:32:47.626620+00:00,bfc884fbc7aea3d45e599932508a677d9dc4da79e1d85da4a6447200d7f387dc
2025-10-30T14:32:47.754680+00:00,a4026bc7a98a2c833ab7fec158351643c3f2a874694d19e2d7650bc930aec131
2025-10-30T14:32:47.880431+00:00,2ed4966cb8807fd9ca830d59fc28571374507fe0440e48167fadb450e6986853
2025-10-30T14:32:48.007196+00:00,afc7dc53f4dc8f2e3c4d2e4389a32a2faae0e96d6263557d2b281f0651af96a8
2025-10-30T14:32:48.126430+00:00,9a23291bbe7c58155e381f2d67b9feaf5af9cbc59214b06d60d2e96d28821d36
2025-10-30T14:32:48.246811+00:00,e2eaef88690fe199c9e3b0c13f185c8329862cb13d47ac5bf78688f5a25b4b5c
2025-10-30T14:32:48.369245+00:00,08507598f70913437f668a8a1c955afa7b27c513cb531a0f068fd5a8561d72c5
2025-10-30T14:32:48.525199+00:00,2a3500c61f38c997be9f840029e2134f84acd2cf2de501d100994413c84aa598
2025-10-30T14:32:48.645545+00:00,1a6738b056db96a493cb16789697c319f340caa774637d5d3ab5d68dcbdd8cf2
2025-10-30T14:32:48.771263+00:00,0d843b26059e081d1ce0f6201891443dff6545df5263c1651bb3bd240258ff1d
2025-10-30T14:32:48.901357+00:00,6be545cd12ba3e6c24e55d78ff1d2b1af81c1f6c2657a434aff90e641bce1ee1
2025-10-30T14:32:49.027248+00:00,9a2fd1bb3e9eb23819cfda7f6fdeac4632f6cd7419bdf221e10e53045dfab17e
2025-10-30T14:32:49.150227+00:00,e9e5998516be65df77912b898af7aca1bc5bf1176eec8a310b57b86f2efd3f11
2025-10-30T14:32:49.274456+00:00,822c7f663a7d6ea5e6776107410697869d55c11af37e93718e97e672237515c9
2025-10-30T14:32:49.410371+00:00,9d538be7e127d80665a8eea9388ee0649c6282a010fed78446db91644264d89f
2025-10-30T14:32:49.543029+00:00,e3db7476631d2be64a4eb74b20dc6b7890fe48e20b05decb7d4c8573a30e2aea
2025-10-30T14:32:49.673159+00:00,d4f46fb8de7cc2aa830f1fc77263c10a900bad5ebbc5ec3263cb75802eadee08
2025-10-30T14:32:49.803661+00:00,3098c3208d388320036684bb445e805deaaa099d577aa99b4fad8d4abb596867
2025-10-30T14:32:49.928476+00:00,5745951a197a58e7dfdb755cd471a527aa513af5a383e97930a238f0a7db5113
2025-10-30T14:32:50.053922+00:00,c7a867f64eb68d13cee43bc21d5f71b6d070e6c27e2788aed4020b21837445ad
2025-10-30T14:32:50.186988+00:00,70ee49f5cfce5a972f73462a5e4351c4626ec9cd850677f3477b58449396a0af
2025-10-30T14:32:50.323998+00:00,48a8125362b1ed6f5cccfdcba8a2ff8817d7d1075673d8e11ebd6adc9f52ad9d
2025-10-30T14:32:50.452575+00:00,91f333869c52cb84429cca78dc973176945f7ee28349dce05ab533f2a2ec37a9
2025-10-30T14:32:50.575115+00:00,3a057bf012c6c669e24452042f5da40684bfc2c4d6851deffbf1c1d1081c091d
2025-10-30T14:32:50.709205+00:00,021dff57fd9ff505c1aef0f6ad5d348f8db50c074ca88183475a04ee2ff4a83d
2025-10-30T14:32:50.838442+00:00,f2b4a9e622f9f796cf36af5b68091327f8702c2f9395f2b4e81ea48a0641cfc1
2025-10-30T14:32:50.972584+00:00,7bca17250a1abd9e26a8c66ec4c7dae7d5081defd8f2b896e4e73981dce5e43f
2025-10-30T14:32:51.102189+00:00,3e83cb05d9fa454b2f1a89f1deaa7abe1ad85f5c7d8079074e11c6c822de6046
2025-10-30T14:32:51.233327+00:00,1268851e8c29150c7673aa7ea13718acc28ea5c6cf920ca25dcc4feae4ec4c87
2025-10-30T14:32:51.365380+00:00,d064212d0628da21dba574eb581faf9da219cc00442ef6ad011595565286dd78
2025-10-30T14:32:51.492489+00:00,06b1896692785a75a6ac8a87b2e7084b9e7058981bf3c64cf6eb77bbe32e83a8
2025-10-30T14:32:51.623462+00:00,84ac28ba1010afee1346ef992112b56ee32189e3454b4e7e2ea65b8dd023bd54
2025-10-30T14:32:51.749778+00:00,a089344a3ce931f8a0b0a05c6f8f30cc74ce0080c5a125e63239b37830c051de
2025-10-30T14:32:51.884393+00:00,a82a4a85e94e840eab62a7d35723beec8983e0eabb4c78b82e8623af3bc17aa6
2025-10-30T14:32:52.014399+00:00,62ddc932163da33363facfbaf0b969810b1a2cd572ac0d68bd92709c6a786ecf
2025-10-30T14:32:52.147641+00:00,170931ccfeb96007be711c52d26329f98de63213dbc2aae95ee393c8657df601
2025-10-30T14:32:52.277401+00:00,5c4192be117e3b78112bf0d5f72e71fa786939bc94d55878fd305f22c22f2e92
2025-10-30T14:32:52.402740+00:00,a61512080876616fbb569b6c28127ff499bb16746911b0e47fbd21dbf9601372
2025-10-30T14:32:52.526145+00:00,239f674e4de7b61aa07717629ac8b6bfa0892ed67cd083e488acc682b9fb07b3
2025-10-30T14:32:52.665409+00:00,6bbf4db0951e4a946b20e5bd449f12437a9a19f5b36b4490318759a5470173c6
2025-10-30T14:32:52.792328+00:00,0112f2e8e9907c4d00ab6dcaec1869b2e198d8d6693e0b44d3fa3ede0fbcf759
2025-10-30T14:32:52.921697+00:00,ec0420ed3d07699c4a1b1121c454646838b47b08e4f3dc59392a17b720ace155
2025-10-30T14:32:53.062334+00:00,8c0dd4dd386c68b725cb2ca2fae6b333fe83edacd3cd1e65b3aac62a62ff2f97
2025-10-30T14:32:53.190242+00:00,787dc4895a7233149503cd52649c95664c52efb1ff0afe49dcd1e734033b462e
2025-10-30T14:32:53.322131+00:00,b963fc26734cc8b6e461c69c359d8ab8c55ce395564b9e2bee92ff329a4c0839
2025-10-30T14:32:53.456262+00:00,7cb5032f1716720d6fcb3e6a570a637d07b8f7183bcc36fef1090220f7455301
2025-10-30T14:32:53.586939+00:00,a85bf7bdadab3ebde0c409b6db8fd2cfb64639bc6c067022804210cbea40ce4e
2025-10-30T14:32:53.713287+00:00,d8e0f79dadfffac156b9f948498fce2fd68c38f9587314d4d2f331bfa8c12576
2025-10-30T14:32:53.840264+00:00,65cd8c156bc937c4352892b141b41fdccbcf6721fa4f7e2f4cfed8d2a5480f45
2025-10-30T14:32:53.963676+00:00,139af601e76a425ad66eb277c3bb664cd87449136eca7ca67e9a686129d79f76
2025-10-30T14:32:54.091603+00:00,56345adc2ebfd84247f931afd22d5fd44fabd83207b46c251876b61c73143c09
2025-10-30T14:32:54.226577+00:00,e05600060375cbe1e8657cf5d4dcfbc9d3b020f96bb27d353f176ecc35f13bf8
2025-10-30T14:32:54.370400+00:00,ae6f79351f2881687e15c6c1b3d4e9fb801c38f9bd43d3a4def55dda176bea26
2025-10-30T14:32:54.492888+00:00,83279fe354d3ee4dbc52ad2b6c6856d9f74baa81090d066fa8ae968b353fd04f
2025-10-30T14:32:54.614464+00:00,e3427aa5fbb2728e6bb21f24e57d7f6befd6c7aa730a47d1e37cb505e4dfc9fd
2025-10-30T14:32:54.741775+00:00,91636ba3e7d246e3836a9bd24db80bcc9c5edfffa95195adbe8bbc84d100e071
2025-10-30T14:32:54.867153+00:00,2649a2ed4f27a34546b8327ca86751a24c070b101902cfd637ff11bad65b540a
2025-10-30T14:32:55.001112+00:00,c630c229a9bcc44d4c00a3cd27fa16f0adf77f891cfb8f28fad78fd6181f9606
2025-10-30T14:32:55.125732+00:00,992850e691a5a43fef13037bd4bb07e51dbfc78d90b1ff9d1c783e34b4d5e201
2025-10-30T14:32:55.250005+00:00,d9e77195274ecd0fc63bfbf2cac5024f32318a39b45c93e3a74ce50400fb35bd
2025-10-30T14:32:55.377103+00:00,b3ccfc85eb3536add5268d5d898a4004c150a91d97065686e09a6688bffe9d0a
2025-10-30T14:32:55.503583+00:00,b60987f4aefb2a20ee9bce60e2c70ac35481c608feaf90a78d2a17231ea2b948
2025-10-30T14:32:55.633520+00:00,5496370b563e34d50f8ce48647bf4b034b8a018ce9104ba4d91fd9a4a4093654
2025-10-30T14:32:55.758095+00:00,6921c790e5816e6815a39ccf6e8a129b531a9612da95137c3f05ddb3b10493c7
2025-10-30T14:32:55.880491+00:00,1170ed57c783446521119a62b4cb97fb5be71bedbfb6f16e260be5626c66cbd5
2025-10-30T14:32:56.004750+00:00,a2bad055dc4673a03ca40c5139371164c997f166fdc62217bbfe5f2bb3529c01
2025-10-30T14:32:56.125921+00:00,e2491dc74b4e9e7cfff5cb8bed593159c54c67a5e45687bcc3e059c98d3109c4
2025-10-30T14:32:56.251086+00:00,4c98f9edb38a6537cf9e2f949ddd6ecbce3f91d03e8ce3204f96a70d8c8074eb
2025-10-30T14:32:56.379206+00:00,4d070ebd1c6fa6efe4cb012307bb8d7eedf45249c29ec126782e657a1cd41f98
2025-10-30T14:32:56.502497+00:00,541273a3efd0fb3e0dc19d45c97279837e0035931ef0c9237766216b483bbca6
2025-10-30T14:32:56.645686+00:00,dca2b78c7af3947e2c1539eae78aa3c00ae6b94e9df935c8952e78cea60db4f5
2025-10-30T14:32:56.773301+00:00,a26aac0732b9002f1616692c1718eecd1ecc15fbfa0fac2b5c76279ad990cfb7
2025-10-30T14:32:56.894803+00:00,6ae8a5c611f72f067cd3627405448a0f2e86a4054628921fa982db4107c57c69
2025-10-30T14:32:57.015281+00:00,f06cb6a12da0573d3150d9ee32da2ca19989c761d3413510378051532db27e09
2025-10-30T14:32:57.135437+00:00,925c7b1c0cac19b87d0d5ad09eb9500cb7be42bc26725ed4bb44a423d06f09e5
2025-10-30T14:32:57.287189+00:00,47eca7dfbd59d1a1a8ef9cce68367de757256343af9a7d2850ff5680a5cc1450
2025-10-30T14:32:57.406727+00:00,954d740900de4135d73ccb98487383bc2c64d207a736e4db4abfa02e1714ee0b
2025-10-30T14:32:57.527599+00:00,3f162bcbd6cf6ff8763d34f0c8562d8fd4971f0e0fa4bd52aaa042d77d3d34a6
2025-10-30T14:32:57.647693+00:00,3b0ef38eca19f1866376f05ed57482908d30cb16215209e2350d9264a30b7c13
2025-10-30T14:32:57.770003+00:00,7717e383057b3df8e42419529e5f44ddf7ae355b31485e5c0e3ab9e3e59fd78a
2025-10-30T14:32:57.890683+00:00,07f55a3ccc33a317f03b629706d4f5478a3189394c2039e186311cc1036b03b5
2025-10-30T14:32:58.019460+00:00,59a065a45c9e7cfea2d680a82d2835f83f04bd63c5a975f2b7b21bb8ce06ef75
2025-10-30T14:32:58.150420+00:00,d8efa389b22d752e38d4334fe93656d0cc9565036b93994f676ec17df8056be9
2025-10-30T14:32:58.279396+00:00,6dbc0bdd6c60f99fab510304e97761d15c991920a09c8c1022e817a3da714f76
2025-10-30T14:32:58.399073+00:00,93121d0f0eeda8f51b8cb9ece8adeff48fe30ab496bd617168e05501909d9aac
2025-10-30T14:32:58.522051+00:00,fd4183311115f25559b9d11cd20e22250c69ef0b21b6c50ddb0f8ff5961a1ffa
2025-10-30T14:32:58.645714+00:00,7560ad45b42f0bc737be02c7aa66a9a43c455d8b8813b2656a667bf579e4456f
2025-10-30T14:32:58.773182+00:00,a2f452df9e5c43fc067bef45467239929fe57634f333eacebc74ab90b17671f0
2025-10-30T14:32:58.901188+00:00,f35a6f5fbbb84497dc71a9a10f9182e33d9713e209f0cacc37002ecf26969b5b
2025-10-30T14:32:59.022308+00:00,7411308024aa0489448a81618afe5d3fa2933ff59b5ae2d9593c3e9659dc1095
2025-10-30T14:32:59.153855+00:00,a0329541ba6013a8daf853cce8135abbb94f0b902afecbf9ff0c82b43b158b4c
2025-10-30T14:32:59.279096+00:00,c80180e6be0b49c18d3ebd64e705ae381314921556d7a47f02a45cd9f9c7cc2c
2025-10-30T14:32:59.404261+00:00,cad26522bab3a124db542a4b0194d92236392026811fbd309ee0b127a1f5ee2a
2025-10-30T14:32:59.541323+00:00,52866b0691210cbd8aa537da193e86241ee51e8573edd8ec3bfa50870ebc1047
2025-10-30T14:32:59.672905+00:00,46a25c699fb2b338981dbb23bf764cc3bc7b2fa2ccacc625e1052390303f154d
2025-10-30T14:32:59.797812+00:00,aaf26021695904f83c4f24ada4bc2077e531ee1f3429cd877070f04ca2f503c9
2025-10-30T14:32:59.933263+00:00,e6d25d943f401eb92f294c1411eba5efabcab732da3d096f990e330d5a543a12
2025-10-30T14:33:00.057466+00:00,5929ec113f2602b8736c7317c75f6c7c37d049cc75ba0cc475de42617f2b9bb1
2025-10-30T14:33:00.185268+00:00,4515f92628ac383197f28b2146041b642a1726fa502ad10456963a8378a96a9c
2025-10-30T14:33:00.307909+00:00,d9e1c143db8defe1bfd5506cf575926242dfeb82ff945804b5fc8660a5515e1b
2025-10-30T14:33:00.424155+00:00,70a42e69681614abd06fa39f5ab40d09a78a67be0cb1ed712e95d7ad3ae5d63e
2025-10-30T14:33:00.542349+00:00,451ff31e646e628cb623186449b30da8b574b6e9dc5446e397416b48113a3478
2025-10-30T14:33:00.659932+00:00,7baf38a871e9cde9facee676e589acd19fce59446d230523d54a8d79d2a953a8
2025-10-30T14:33:00.786380+00:00,92651c405656df1339e0cddbdc4ee186645f56be3e82ec161d04c33cc5e3fe00
2025-10-30T14:33:00.904850+00:00,4a56adbc90196dddef8a997ddafb4bbd715a8d0e33f2157696307af715b26c9d
2025-10-30T14:33:01.021790+00:00,203583d10b4cae42b8e125b28ff486b4bf280de1e759d52d075b3624b743944b
2025-10-30T14:33:01.138582+00:00,9cdc958d6da433cf1e8f7ede79e40368c71d517f8d58518cd9da1d9666b1a60c
2025-10-30T14:33:01.254293+00:00,a4e6239536a960dee522ea48c2cefd8e0e6a2cb559446e8fda5a2dfc1f5c09c2
2025-10-30T14:33:01.376253+00:00,72dfeb4154d2d979814ea5c95bb288746fee9c9611e6bab8b70fbf94fd01f0b5
2025-10-30T14:33:01.494333+00:00,20aac3e8b2084e667878313a73316c46360af4fa88f21ee9f776c170d4c4e51d
2025-10-30T14:33:01.611690+00:00,5df20ab83bdcbdf094eed562b07e6b9fd58c90c9827de5c401d8f2fea975b2f4
2025-10-30T14:33:01.728995+00:00,4a8ceddb99e02a92aa83eb8e112a5e0ebba44ce60f483fb90d0ace4dc6683d40
2025-10-30T14:33:01.849321+00:00,b89467251510d4907c65b94c14c1cfb9d8e43ad297f6861326226f77baa2baea
2025-10-30T14:33:01.966437+00:00,c08428544c037b3d0f0c2e29cec443e01c9a3c76d363d103a1f983cd397977f6
2025-10-30T14:33:02.085071+00:00,e6e8954923dd5bf4b9d147d1fd7921ded44f786791f3c9bf457d7dbf8e607801
2025-10-30T14:33:02.201115+00:00,25c19a92bfebc39b9e7921bfa4b8c59a924a6d3496918002ef2377751e76d744
2025-10-30T14:33:02.316268+00:00,fb31759e200e83aa24fee21f492e37a452b235e582a308417301b7f280592203
2025-10-30T14:33:02.431046+00:00,a01582370511dc2f2c0d84676515a42b2629277a56d2077e40b4f18532fb3815
2025-10-30T14:33:02.549537+00:00,7708598a00edd0292c73ff8ae68797909052049b5094ad59247e5d45de920c03
2025-10-30T14:33:02.664865+00:00,614bcd1cfcc3472f892ba1f2388800f71859ee60912d94523893d9b030af93ca
2025-10-30T14:33:02.782121+00:00,941ee2a31fcee11c0f24b7ce95862af02cb8c8dcf8307422b9c92594fe3e4d45
2025-10-30T14:33:02.903337+00:00,950751e596edf623d96ee6c872c93120e6e3c327f33cf3c55910cdd16d86a472
2025-10-30T14:33:03.021176+00:00,939708723e3810789b8b119b302acc4780ff49964b233969ae771b0ba39fb662
2025-10-30T14:33:03.148168+00:00,9712e085f2f042c5d72f3879e00a902b258e52b94d487a5533afe12818d35a2d
2025-10-30T14:33:03.273570+00:00,5acb119117953b80b5796dbc43671ee38f4660a778250906750af2e2ca0be33e
2025-10-30T14:33:03.402724+00:00,257aa0947ff0f8e4d5058d19dd09ca7203af3ed1066ceadef5c2335a5bc5e875
2025-10-30T14:33:03.528216+00:00,0eea598a069e6f2268091c28655f552923c668eed996dcc07ac8b15ecded7879
2025-10-30T14:33:03.660857+00:00,319f1b6213dfabc828e7ee06aeb9aaaa0bc9002eb968a474656bcd738a574dfc
2025-10-30T14:33:03.793370+00:00,92123e84bf54767efb349ef62da51e09adc4e49a5ea0ab72035b4a1251098115
2025-10-30T14:33:03.914838+00:00,d1d576f04da75ff67a364c3759da2e8655043b7f1d4ea4dc1a0887092d2045a9
2025-10-30T14:33:04.036156+00:00,0940fed405d98eb09be08cee05a8b467909da94911037818390e93a1958d8744
2025-10-30T14:33:04.165247+00:00,f33268e53fec3cad36f71ca6635b55362b27be49e215ac71447781cbb219825d
2025-10-30T14:33:04.300448+00:00,860b8b15bb24298eddee4158817a366bd95312d2440fddcf1cc432f51e9f0754
2025-10-30T14:33:04.434813+00:00,ef969cfc52e279ba37bbd701416dc691ea6191e295dd3553ce17d9940c51bd6b
2025-10-30T14:33:04.564380+00:00,2551f9b690abc82ddbb1d4ea8d3cf20bc765bae849c0d20cbcad75f17a4423ea
2025-10-30T14:33:04.689225+00:00,50564fe3d4388f95b0ce4296992bb6af9e061f1d155e658653931c9197cfa193
2025-10-30T14:33:04.819318+00:00,e97f9e7d0449a736774d1b60b08bc759ecae48372af733b4def14ad67f480619
2025-10-30T14:33:04.946486+00:00,bacff40820efae3dbbde3c024cdf41c8a36a302280b71aea32b5b5df26513494
2025-10-30T14:33:05.078097+00:00,411c375f54a1ab1c7bb1a0c33b229b31123fc5320421ae9d3af99ae7365af1a1
2025-10-30T14:33:05.207118+00:00,423768d26f32bd37da01a7e06969c60223ba096bff85bee5c148553d6199a66a
2025-10-30T14:33:05.333028+00:00,8449cc4ffe4c4d2c726807fa158560018a9a159482ee0dc6738fc0b8419ce71d
2025-10-30T14:33:05.455100+00:00,2357cc337b116c459e9db57c27c1730908c4a34fd29d66fdc92720d9a700c444
2025-10-30T14:33:05.578860+00:00,ea761b432f0456808d941c49e2ce36b795efa5cec5c4016fd9bcc0597e2a189a
2025-10-30T14:33:05.702486+00:00,76fdee8fc37053a2ba87e455e6944c21f13856626ef0546c0138317ec15fe922
2025-10-30T14:33:05.827475+00:00,f2ec11dbf85305ee927d1c4aefe7a6f999c20cc50decc676461c046957762593
2025-10-30T14:33:05.950876+00:00,cff1abca021e71a7b6e33173566c4c9f66fe01e75e44019920bb9d64be3610c7
2025-10-30T14:33:06.225978+00:00,d3d3e9e852f42e61e332f29dd2fb56c5c3f0d8c46c640194c2c942832c58f7ff
2025-10-30T14:33:06.345084+00:00,e0f84579d3682360306e1c85970e3c5c74eec4ede8c524b5d26d8f7ec890e508
2025-10-30T14:33:06.470874+00:00,098033033bc9a51549f36a57e873cec37a3039e9db37dac415c0dc7a29e0e6b3
2025-10-30T14:33:06.624760+00:00,08b28f5810754f03ced839db0009937f59f2ac94b8ba4c9da5ca97d825cebdcb
2025-10-30T14:33:06.748286+00:00,40b4171cb4e41e1702ebb86c625ca3e9476f6e55013d29c241393bc5b3d1843b
2025-10-30T14:33:06.866093+00:00,df92b244c38cbf8f5f39258226109cc7a8a147554cea35d784769677a7be5c9f
2025-10-30T14:33:06.987366+00:00,354771dc152938de88f21bc7fa54d29dac6b84a321d5eddb45184b69c8be118c
2025-10-30T14:33:07.108445+00:00,f396a4e91e48c97398d4808f4d6c8d53028b4983345f2303a5b3c360c97d9994
2025-10-30T14:33:07.257030+00:00,6d30c12450385818714714c230b9cfd6445ea36b42f92d27ed280bd1b7030dd4
2025-10-30T14:33:07.376996+00:00,fc7955a0fcb18b8fa7fe51a7ab83d1fac1a1db5a18a79904b1a5c53015a0c24c
2025-10-30T14:33:07.493544+00:00,2fdded5870e11b6f1b4f274f616a1fffe1a9d85c484f2b628fd6df20c0da8ad8
2025-10-30T14:33:07.613271+00:00,ed43ba9e4259d7fbf444db674f1b2bb5263ebf6e8a630649944903cf0cfe09b4
2025-10-30T14:33:07.734328+00:00,5964916f113cba691a3abe44ac31407c7c0f844ccd08a45a146d7ecde514ef7e
2025-10-30T14:33:07.866821+00:00,32b13ab68e1cad3d24c36f0a01fbf9a4b3e2a58e4350dd3b3143bd133fe740a0
2025-10-30T14:33:07.989060+00:00,03a1f17f48e9308fb4034bae2b9e9bfd33f962e82a4b7467b98dbe3422e2ad30
2025-10-30T14:33:08.109314+00:00,94b6211081e53dad774c296f872ae637f5e252c01d28a0a2126ad48ad8bd5224
2025-10-30T14:33:08.237695+00:00,bcf9c6be39880965d7562e698e3f715620eba5c8d14f4cc5fd4e25867bc7321e
2025-10-30T14:33:08.367115+00:00,0719f4e612817115e34bb64f7ce983496ef5ac928c7b4753116d13784ba2d8b7
2025-10-30T14:33:08.511649+00:00,a4854c935240253744199648ef40b72f4a472ae3819ef0268e90677efa695c58
2025-10-30T14:33:08.628295+00:00,5b8286193e607edccecd76b285fe62065f7428e0be4956fa9aa7576098ebb21b
2025-10-30T14:33:08.750481+00:00,a711409adb00dd1b5a33aef7d0563437cb7c19ee9fdf2bc6d7495189a181c23f
2025-10-30T14:33:08.874846+00:00,af82a573fa8334b99156b67298a8c293f6c01e937057c40b3228b7f579d99c83
2025-10-30T14:33:09.001289+00:00,4b91083ce30745e8c700ab012c17b65a34198e0e665a4da841ad502fb0cb8ed0
2025-10-30T14:33:09.132845+00:00,5de5afeacf6c203f2b4a4a3ad886cb482a5cc559268e452966128e2e2d12955f
2025-10-30T14:33:09.258039+00:00,58c97b4f13614fbb49bfa2a571239ce6211e2c24d7ca51616a6a15ab1c5d97e6
2025-10-30T14:33:09.384066+00:00,6a65a7c95d93fde9302c9c66fd8ceefd4ffcb51bec68170496fd81c525d4c27b
2025-10-30T14:33:09.515167+00:00,0057caa4f4dca1885e7f742ffab0f326e8d1752c52f75b3f1eea9ac97e3b15e9
2025-10-30T14:33:09.640857+00:00,332b2d9648fd6b13159509289acb924c1d546020b3d1d99938d40cdb761f65a0
2025-10-30T14:33:09.766567+00:00,c28cb83eba3f56b40ed28c9a85c92e9708176865fdea80dd81d9d0d94628095c
2025-10-30T14:33:09.886629+00:00,56ecf433e1a66eeddc4769f939f562882ccb78af14945b43c4d6d58f40f1e408
2025-10-30T14:33:10.015574+00:00,4252ab08c579f033c8c4ce659bfbc3cb1f52257a38c173e0581e82ae12b7b0f4
2025-10-30T14:33:10.140470+00:00,af5fb95d44ca8635b2737bd7db083ab84b6370bc48a5fb51229cefb2e3681132
2025-10-30T14:33:10.277924+00:00,9454604ec5e98ef0a6944212c00a58b79a386bee40da989e9e4612cc59f2bb84
2025-10-30T14:33:10.409584+00:00,4c2d4079aa68f6ea1198207ae9081d6a1587765e75e6f632d2b7ca098515380f
2025-10-30T14:33:10.535902+00:00,4d4610d4965eabad2e720ca197f9e0294a16140118f4cf5e9bfdeb1af19fe188
2025-10-30T14:33:10.662984+00:00,5192f3ecab48d42ce7490fd4841470bf0b70b0bce249f78f9610a459b1e03477
2025-10-30T14:33:10.783949+00:00,d0110ee1002e2376e332ca73f4f576c95cfaa39fdc4708879e6011701036ebf2
2025-10-30T14:33:10.919887+00:00,9caeb183a1ec8af335874797e5346dc049b3e77a93fd50ea5aed7ef2fc1a7d08
2025-10-30T14:33:11.050246+00:00,35d7f4cff94486bc3600dd425df4ef8cdba0a0931c06d4c76deedeb3cf52d8b6
2025-10-30T14:33:11.178097+00:00,e83b4f07848a6318c00f8ac55fa34f99b54cc732d5d8d554f91815608d2c5cf6
2025-10-30T14:33:11.306725+00:00,3771a4e8297cad29641f2349ed11df5a5b44a2b6be09048d56079e0429cad4fe
2025-10-30T14:33:11.442786+00:00,e67e00ca94d34a9cc4cb08fabbda31cd91123a3513157ce08c340a11608e13ab
2025-10-30T14:33:11.572431+00:00,de671aa085ab1f5fc3b763a3989e83b4c3a46d733cc4a7cc5147998bebb40455
2025-10-30T14:33:11.701993+00:00,10e828b34a97d7a1768772a63d66c8e77d3cc997a1dda74a6643df19fbf40c4c
2025-10-30T14:33:11.831006+00:00,47049345a4e132122027714b228bebeaa2cdf73b6a43d439cfe30037168cfe6c
2025-10-30T14:33:11.962050+00:00,9619f7ebc26994db6e7f273965eb77745d3569309d5e1631c90161fd87366797
2025-10-30T14:33:12.096023+00:00,1f4ec600dfaad8c026a203c3c362cb664afb4f97f91d486e5e32698da56635a8
2025-10-30T14:33:12.224310+00:00,d228a8758bc927cd04db2ca63ac8c800068cef740b1eedbb9ceb7e7c66323eaa
2025-10-30T14:33:12.352338+00:00,9b876b8be4396a16515c0cf50f53e1efc4a8bfb5f11a5eb2ab10ab0ba37826f3
2025-10-30T14:33:12.472426+00:00,855addeb9692fa8b8c17258f344a5ad207ae2f065add25cc9e0ac2ef2b059460
2025-10-30T14:33:12.608318+00:00,8e6d16c0aa0668b6703dab91df3aff8a38468eb3465cd7f703f139b30a6b9975
2025-10-30T14:33:12.732880+00:00,a6f2bab0800599b4c4177f8a7847abb051dfd8e5dbcc644625a1d3ece2d81028
2025-10-30T14:33:12.857561+00:00,4c9dcd8dece54844638c50067c5f046406412fc844b1a8d8f1d114453a3e462b
2025-10-30T14:33:13.004679+00:00,33c30cdeea70931500b7adfe64ff3cf01bda6b6e51d057f0e405e4cf0c2cf1f6
2025-10-30T14:33:13.129184+00:00,aeed4f44583eef0b25aa25f9378babafdb86811ffc8526c1259db6541437efc9
2025-10-30T14:33:13.266682+00:00,879d063db1e87c9d4c195788c1e1ec74feb51d5dc43267a559a6c2933df4315e
2025-10-30T14:33:13.395447+00:00,dfcb5ec617527404cdeb98dcc740bca88544838496e99065918f155a56b1e5c6
2025-10-30T14:33:13.528354+00:00,5c4be59e19c15b3105abce1e268952d6f80a20beaa6a6045611a823a19e52854
2025-10-30T14:33:13.663266+00:00,31934206c233e2dcc07fac5eae39eb3a6a3132f0ca90d1748c29e3d3458bbaac
2025-10-30T14:33:13.790205+00:00,fb763fcae7dd62115249c04590b10406dfe95c6076251f3d93e737f7a7144911
2025-10-30T14:33:13.929245+00:00,0883ce863be641085c4d68c64f80347d422a199cead507831dce7e68111adebf
2025-10-30T14:33:14.063277+00:00,2c581f35f7f3ab5d7fee387c8fc8a81172f1b1a5e89c67b10406ac3a483e9ce3
2025-10-30T14:33:14.191244+00:00,0f05cbd5ea33fe90369c5dcd2243d9e436e3def5079f8299b7bc90a9529b57f1
2025-10-30T14:33:14.320647+00:00,6a31faded402c37348f20aa77ea7557af1a97c0513724ee2560aedbc100a9017
2025-10-30T14:33:14.448208+00:00,360a58a2ecdbf7380ead318268011706618db60ae6ef8cb608c66ea7c81baa50
2025-10-30T14:33:14.575241+00:00,0817839d655cbc81068df14d2310b15bd6d92838fa7dc175dc0c8021bc3a3ff8
2025-10-30T14:33:14.702629+00:00,a48bdc140c3acd6e34cfa38ca18d0d07db9a99966ef6cf6f66b99636157d0208
2025-10-30T14:33:14.837186+00:00,93179baffb54b87ed8ffe2c395f4fb94a7a80f35113883cc76b7cc714b9f1cc9
2025-10-30T14:33:14.969222+00:00,9895a2af68e85ee393ef3bf16b623d4069eba63d48f0e35ab67c53f6b549776f
2025-10-30T14:33:15.111192+00:00,4d41029e8b48c695ac2ddc4687e027d73cfee7e65efc46bbd8f5c7e4c59a4113
2025-10-30T14:33:15.237081+00:00,a57c0c5e7f2de47545999128497db9d4f97ba0ac206ae54fd59727638afbf6ff
2025-10-30T14:33:15.364719+00:00,744a1e73190c436b24efcf86aa4f064374b90cea1dc68b436ec86e9fdd5a38a2
2025-10-30T14:33:15.496657+00:00,a91d25c34d799b2eee204b3069c5780ec44950f984245e8c8cbb49bc37d325bd
2025-10-30T14:33:15.630125+00:00,58c861cd66c56eb0a7f9bccaa610346f9c455ff8241a2cb80d43a0ff8f19679d
2025-10-30T14:33:15.754558+00:00,c2cbd36a5cea017cd33db40e8716d9bb532a6400d1a4b869770093e6c2791b3b
2025-10-30T14:33:15.872152+00:00,f7d6f1b9fd16bdda9c134f8ff037806ca45872804402b73e269ea1ec933799ef
2025-10-30T14:33:15.997602+00:00,4cea4a2e0e019eb9714f27391d7f1fba60b26103108c1c33e7d3f714de271b61
2025-10-30T14:33:16.119548+00:00,16aeac7031d5621df5586e6e44bf5a4a043c32a59208af4e1bfecf644b8d7c70
2025-10-30T14:33:16.357887+00:00,d2e0468954a5ff6f6f6e9b467f2f47f53dbd7fd88928f4628dca86eee7a05b9c
2025-10-30T14:33:16.481897+00:00,5cc76c283f060f6ba0d07173e596e862421400263add03f8a136bc13fa026cc8
2025-10-30T14:33:16.604430+00:00,fb65d79f375f8fe22e3743ed335c3e385d473eae7cded58d51f306d67c555622
2025-10-30T14:33:16.724972+00:00,2869b1912bdd127ed203ddc89b7a143c40e4e45b633720e486ce5752b47092cb
2025-10-30T14:33:16.845852+00:00,862a30b60cd2e1c7b72f11b8d423467e4c0e5b0ae650e9419b36cc0a6cef8afd
2025-10-30T14:33:16.968124+00:00,4e39b9532326bd97d255111b52556f03007665fa0bd26cfa1b0725d3cc72b63d
2025-10-30T14:33:17.098069+00:00,ec26bff1b6347a76236e47312d257ce8226e02b7d544d00cfe7d05d39fcd2498
2025-10-30T14:33:17.224521+00:00,062e90788d6a0a26984d49786d720cf70a41aacfc2a431f2860952f96fd3fe85
2025-10-30T14:33:17.346065+00:00,c1b2195bf7b2222d8765fb008fb817f8088fb74c392387219563d7daa2fc855f
2025-10-30T14:33:17.470955+00:00,e496ae3f3b560ba48e2a94477c9000742b1d55eaee00db9e2b621b827c483744
2025-10-30T14:33:17.603018+00:00,c2434f37eb01bf7552ed61b881bfcd8440b056fcc28b9ce185e7bbb8263a5eeb
2025-10-30T14:33:17.726871+00:00,89403960ad5cc8e40f560a10d81c690f7eef0a1973dc342e204671dd15df3934
2025-10-30T14:33:17.866417+00:00,ea738600a204ab998aeb487c55530ed18417043f607891fadafcfc3aed7333c7
2025-10-30T14:33:17.988257+00:00,44d76b5095af5458bed0eb7dac6b512a73e5b576985f1d2dbe7e421d4155e290
2025-10-30T14:33:18.111847+00:00,6c14584ae86ab14d64c8cad42b5fdab1e6e3f5028803d29ef17d010d9c4efff8
2025-10-30T14:33:18.242209+00:00,d84a690e328a71bddb2da73f7ad872b30479ff7c4eb26168b6d77a1f4aee97cc
2025-10-30T14:33:18.373306+00:00,3b5780ff07563dc45e0bea64b94e64c0c686c8957e4e85caf9a93add69963d7b
2025-10-30T14:33:18.493957+00:00,98ba8da39bef3f10ee1ae4505e9459abead0b007c6621d01deb5204b60750ea0
2025-10-30T14:33:18.615882+00:00,cff4d61460c8a0e57c88f61d80653ab8b2369c3c4ac6c5be9dbb6ac998bd539a
2025-10-30T14:33:18.735361+00:00,1ff98d791e10a076d8ed5a507ecbdaadc566fb1c0e9d4e10065c83f00909ab32
2025-10-30T14:33:18.863372+00:00,464a8689413434d9676e9c5df262a5462a2258e11f8792d4a69366a9fcbb8208
2025-10-30T14:33:18.989493+00:00,12ad4386fc34920854ae0fc59bff4440e752df4bbc8d958e8a90b6375acf2f21
2025-10-30T14:33:19.114061+00:00,20de2feedac9ccec4d041933d1cb3897017b8738d8eb2329b1227d2f7d1b7de9
2025-10-30T14:33:19.243185+00:00,0cc7306a864645ebb03296029b68778783a08cc6312eeb3e584875531b9f89e6
2025-10-30T14:33:19.378765+00:00,b1979de4cedc4e69f75a9d445582d97ad3db4250f356d563b3952a1cba1d7a48
2025-10-30T14:33:19.506788+00:00,21cc30b433752adeed484bcbe21bd8815c6119f132c8ec4adc5b71bc1c2d7ac4
2025-10-30T14:33:19.647415+00:00,c4c2306f99313aa04c314b2291504d98f5af5a7df295f43357751ea498678b91
2025-10-30T14:33:19.780127+00:00,11f9f719cc1c0e68eae8f0691daee63da06e1cb92a72cc3a466c6b75796fcecc
2025-10-30T14:33:19.913345+00:00,473160ea930970e5ec3c61a3038416dbf956a50ef9f57ff410dec0e5ba31497c
2025-10-30T14:33:20.042940+00:00,35a787bd5fc3296ad6c6390497d44b1071e4ab057ac623c9ce03451a01c94c90
2025-10-30T14:33:20.170996+00:00,887bdaeed8981a880d28dc5b0cb4a48e0881729049f99f012ea8f4eacee12b56
2025-10-30T14:33:20.301240+00:00,253dc8dbc66150ebc68633aa2103399b10e1d158b5e60fcbdd2c70b066534734
2025-10-30T14:33:20.429638+00:00,f2a249e9f4430c41458566190f8031c89c2faff472068a9b4d44987e4a84badb
2025-10-30T14:33:20.560702+00:00,f78c34f25a262fc17d6e30833c6cbf7668294de733f4ed415f125060405bbbb8
2025-10-30T14:33:20.693815+00:00,28b7a7ea410bb370118c10f028bc53401db1058284db69c6304f899b58c7c9c5
2025-10-30T14:33:20.820955+00:00,5908c94e01857d03623296c861f5052cdeaacbb06a5d5c43487a7abb9c305a72
2025-10-30T14:33:20.954291+00:00,7d4f26b4d10be214437507320fd6c115ef19c296d04fcc204803cfa0e2fa51d1
2025-10-30T14:33:21.084292+00:00,5a409d92e8b2e23a9a6ec8bdc75e80b6a63533e114be4ea5e21996b4c5cc98cf
2025-10-30T14:33:21.208651+00:00,6b8612d1ae445d1d8f3ccc7a3349670ac21a1106c76adf4a076feb654042d4e6
2025-10-30T14:33:21.335411+00:00,30f8d58cdbbbea34a212a416a7c9ddfc0198a0d7679e36a756b2568a1cd98261
2025-10-30T14:33:21.456332+00:00,aee56ebfac6bbc72e38933678e7b74ef47a931408257d80c36965c92e72b9041
2025-10-30T14:33:21.582635+00:00,8728ce1145e8276960c6b196fae9dc98f00d8b3151d4235792e60898aecfbae7
2025-10-30T14:33:21.710275+00:00,43d164a646a46c3e2639c8edc0b52252774a48a54200a1e3f86865383cb96ece
2025-10-30T14:33:21.842611+00:00,38d37286eea6951f8dfe176e33ae248faef01ce0f66d008cf3206bf360cc03db
2025-10-30T14:33:21.974196+00:00,cebd8254b631ba7df19bc7433337211b3e893d51a2fa9fd5bd5b68e01ff82bab
2025-10-30T14:33:22.099392+00:00,2d0b389353b54d6038428d0d27b8c82af11d26a0e0d9315720e999923f748a1d
2025-10-30T14:33:22.230662+00:00,410b908acdd6a7e393c227ca12a60221495721fb9efb2696dd97297174baec77
2025-10-30T14:33:22.359532+00:00,0c3a22ca244be582819960525e439f25a99dfd6f310c5b7f06c8f1b527b7cca5
2025-10-30T14:33:22.483570+00:00,c41bb64d71218f48eceb15bca467918a6f8292739e4331c0037a56cac0de6bbb
2025-10-30T14:33:22.611840+00:00,9aba92942e6d922c3c3fbd520306a5d29fcbb8fa8c55ea4370e7bd1856e0ed23
2025-10-30T14:33:22.741975+00:00,154e1afe559c917fd6ebec0c02d1e5ba1660ba41a176116876ca5e8f81b63549
2025-10-30T14:33:22.870808+00:00,f62fc523fe4abd4d4ce9eee4eb63834d826c6f433e96c4b33c116022d219711e
2025-10-30T14:33:23.001954+00:00,d6c64483fc0dddc298a57c9136ad93e91285e969d6fba418ec708bc98472194f
2025-10-30T14:33:23.139443+00:00,01ef3f3c6f570f4b79a21a09262e43519a8d66099ae928adb20ab1039ddcaa77
2025-10-30T14:33:23.268389+00:00,73136fda370015052657e655c830c12f7f5122f1634e22849dbb66f8022743ff
2025-10-30T14:33:23.397267+00:00,6d355ab07f4f7cb85e1ce797d20c9a1cabc9c3c7cc67ac4859b47a840ba8921c
2025-10-30T14:33:23.521360+00:00,935ead01ec0a45993c84290c5e9c2964030927fbcf72bea714216977deecce90
2025-10-30T14:33:23.645953+00:00,e189f135281b87da119cebfe76598b5c140e55959c8925887f4ca384cd367e4e
2025-10-30T14:33:23.772170+00:00,ec0e514563efc10b79407db4013e65e4b1d8066e30cbc1938f2d389e3f06a809
2025-10-30T14:33:23.911781+00:00,6de8d8ddaf35e7dcbcca6cc4e80a74fbc1c2823b130687dbcd8cf618ccb7e1d1
2025-10-30T14:33:24.043170+00:00,da960aa42c8a5e3184c27c22c90dc817700b278f395ac2edd4237b1a7b541f98
2025-10-30T14:33:24.175729+00:00,8dd65c19c0e83eb788f50f16810b22cca095ed27ab40d7490956c1a4cf6da563
2025-10-30T14:33:24.305183+00:00,4e36bbd7b42f7b23e44241841e499abe9767df715d854a3aa7d1b8a7a9c363d7
2025-10-30T14:33:24.431675+00:00,d6f4f612c4ab8e37cb8a3da90d3002d7a5c76b4d8831294f537fdd75a91844ac
2025-10-30T14:33:24.563209+00:00,662f0f926b26b8598b398ebe8e95d798f324c5123ca649fda47870cb4746aeb1
2025-10-30T14:33:24.689861+00:00,3c7c1905e33fd264ca212983e20facc9700fd6e9b2162a84616680d3cc083420
2025-10-30T14:33:24.823263+00:00,e348c97ed09ee48befff409d6e2ac369096e3bc13837bf4f63a6c881d836d1c6
2025-10-30T14:33:24.950916+00:00,7e60626f6212cbfa1a7b3406b3213076733e33e2b4d210644e45cd64d5547e71
2025-10-30T14:33:25.076331+00:00,3fff5369186924624446fa806f529f04bb4550c3718304ff0f187f0c8699448c
2025-10-30T14:33:25.212274+00:00,c6b400bd4cca8a14a0595688d141dd10b73bc7949aa768336e1682ba8319da30
2025-10-30T14:33:25.337710+00:00,51c4747f2ec101c72984c71b425a2b8aa32b3a6332fe4d4ddf23df4e5e714ee4
2025-10-30T14:33:25.470612+00:00,5f294fafc0a6787384a0b5d3ed1c5c2e310515b35fb28ef97a35288a553b5a48
2025-10-30T14:33:25.605227+00:00,486caa9533a24cfd9f78eacd956f33f3bc83517828dea7c1c45a4ce23134f677
2025-10-30T14:33:25.745564+00:00,a0e2b676c8f6b31762e53b749d414642cf570120084a1ead29a6b72e17ac9a23
2025-10-30T14:33:25.868773+00:00,663cd764b5b318118f5d5f4ae473a7a739384dd12a62802e22b6f03a88240ced
2025-10-30T14:33:25.997242+00:00,a14bcea83d52c94281a50c83b1e2b9513f95fc9b1d4162e6fd10031ba80f0f95
2025-10-30T14:33:26.119442+00:00,1abc0a1f1f222c7726f687b793da7297c4015133a30a994001195bcebbb1ce57
2025-10-30T14:33:26.252055+00:00,135e5510acbdadf4859cb82b7b4309e42dc61906a71c66c93024d0233cd80ca0
2025-10-30T14:33:26.381823+00:00,402e42377d5463d98cdb081877456d64cdcfe872d92554189cf84241b88206f4
2025-10-30T14:33:26.505098+00:00,2a1a35a46f62578bc2eace1ad4650da33f8b7fb2873e497a3e0d5048957a2b61
2025-10-30T14:33:26.633918+00:00,f27205ca06fd31da689ba11c5f06e78eafcc8355b094402511e5517350f880e7
2025-10-30T14:33:26.754771+00:00,fac366082778b0c1d8ed035b257464ea745fe9b5c856a58ed41090d06c710331
2025-10-30T14:33:26.876291+00:00,71eb0ad2a44ce4944acd7dbbb312474a83774b5ce3d68baf84c5880417c42dbe
2025-10-30T14:33:26.999945+00:00,46b6830601c8d4a13cb60c5f9bb2f0bf02b18a68577a0e00c454ff2bad13a058
2025-10-30T14:33:27.124059+00:00,3a3c8930c37862960404a9ba61dbb57a9fc7e51dece87b7666cf4fc1f753d624
2025-10-30T14:33:27.251305+00:00,b37f32cbfcfb7ac13658b3c9e2d73420a3c9c0b5b9156b827a42034c1e7880a1
2025-10-30T14:33:27.373244+00:00,09290544aa2f4f0c8ceb650ee2f3062402f7da343514378abdba869a42d63310
2025-10-30T14:33:27.496171+00:00,718f1616b6a8ebf721b2b25c0273e691e7935e43dfc55e958b66e4258b132f5a
2025-10-30T14:33:27.622226+00:00,7c57f7a69312d9ad2a8bb5ee57e82f4c84cf7dfaba355565a1df1d4e2f5dcce0
2025-10-30T14:33:27.751971+00:00,3b302cdf5905afeb41cfc67a63af9172c4b1a13bab90fd85fe01c58a3dabc28e
2025-10-30T14:33:27.892396+00:00,be2b46c58691c367cd19b7a39774195e17370f05c1bc3492c1944de680ba54c8
2025-10-30T14:33:28.019755+00:00,730bf58dccfdb12b2ab2dd5ebb2d44378bf89d842fae96d746727426e5b6b403
2025-10-30T14:33:28.143295+00:00,8bab87cacb07a2ac53ec501febcd9d2496e5f855f99cc7911f7b784adf61be2f
2025-10-30T14:33:28.273972+00:00,59c237c6732091c9053b16de916fc4c520254fe8a11002978bc43f1223895812
2025-10-30T14:33:28.407014+00:00,e1875b2b7f0a8af487cc41d63e1ed1d197337a3b18cb2fdeeb7da8a2090ae4de
2025-10-30T14:33:28.578582+00:00,8887bf934062f84e26b4ac02c8dbab486e0e8b6d59795c4d46c94a82d11c0d18
2025-10-30T14:33:28.701581+00:00,6ff14c5ccc55736f967da56ace54c37d041685aa773f5b31d38b8623e09b16ab
2025-10-30T14:33:28.829093+00:00,e8c2e8d3f198ed7bc7ee81825701f1d30108254b2a8243775201aa366d6fcab6
2025-10-30T14:33:28.957912+00:00,8fc72f52b0ca3f06c95aa5805d425b826742354ad720346cfe5c260f320f41d8
2025-10-30T14:33:29.091587+00:00,1fa982379df138d5456b93bfdf8516d02d0e3ed6f1ae58fb4a36fbfb7dceeab8
2025-10-30T14:33:29.224839+00:00,d11c5be6acd50c8d4f7412f004276d9d772661ecd2eba86ca4aa90422906062c
2025-10-30T14:33:29.354902+00:00,89d92b89f91db15c1f9017403ac2a712a8800edfb0ffde29e0744237fc4edfc7
2025-10-30T14:33:29.490606+00:00,7ed633b05b7b56d23ddae5a7ba3b33fd966a0de68663dcc6d59cd4faa8d5b1af
2025-10-30T14:33:29.618220+00:00,ad1b908138fda7c0fed8fc78b873230bdb3d82e2bbada77ccf9173a4f1a4453b
2025-10-30T14:33:29.742947+00:00,7e2bf994a27459f71ac8539a8ec6b81d11d61034a21085df7cf2f69333669dc0
2025-10-30T14:33:29.876763+00:00,3bc2bedc221e504be142f646773862fa810a7b828d2797b6ea5712f9165d1ee7
2025-10-30T14:33:30.011681+00:00,66b872861d1dc57f36190d77d9d893389cf1b5a57ac29a8e75aa3c5a8d0ccd4c
2025-10-30T14:33:30.137453+00:00,0f77bf709223b2d48f14106a2212987f7067e853979646783d47f061e7822741
2025-10-30T14:33:30.268711+00:00,98180253b5aa1258fabb3d3582e84b7153f25d8f9d5b9c77955a593b7b75fb80
2025-10-30T14:33:30.397970+00:00,718e2a712abe8d40da2c6c581a25646250b088ce441cd758bb517f7128566902
2025-10-30T14:33:30.519220+00:00,c89b1bec02a01dd283dce7835fe538352f3f65df069ba248acad3f91e002e062
2025-10-30T14:33:30.642662+00:00,36cb6af8841097e1afa052b960b622e7f257b42631b3887eb21c91b3c4daa45e
2025-10-30T14:33:30.766114+00:00,c95eef5aa9217a2ad5a1992e5850196e66fa8872c31b62f0919084a781ee7f8c
2025-10-30T14:33:30.892071+00:00,be63fefe0bf8e975e7014843f2b0b7db8b9c5a3e6128d50aa6429b1bdb4d575f
2025-10-30T14:33:31.013804+00:00,176b1e34d220b5dbef63153d4b91e7908deb3f579218f24e40eb106770e789d5
2025-10-30T14:33:31.131777+00:00,e59d64bcbeba9a4e820207b2eed296a2a8feec91d865c0a7a437489c6e9f24c1
2025-10-30T14:33:31.256634+00:00,efadac4b470ff5b71b9f5b7faffea56f42efd05b22dd952cd58e016ea2b7f2c4
2025-10-30T14:33:31.376930+00:00,a614ab59a34564cd5eaa7de76fc9fbdb7b7d4e89aaaee0667b3239acf5ad9654
2025-10-30T14:33:31.499559+00:00,3c54d90dd84a94ccfd84b3518c11c83cf982391c3b4bd0e5c3edb1c17b835ad7
2025-10-30T14:33:31.619618+00:00,e29f8efa8bbdfe7b3300688b1caeb701787a1b014d6c368d453a7946ead23d10
2025-10-30T14:33:31.741046+00:00,485276e6efa6b3c8116090db5e8665d6c65ddfb459689649937b338b958887b8
2025-10-30T14:33:31.862089+00:00,bea37ce3fb8d024166f39b19eabb493bf6538da972a0ccbfb32690f770c2d680
2025-10-30T14:33:31.981893+00:00,3a89619f97809dc3e64173000e6464183f86b4d2579a23f59e63356042f41cc0
2025-10-30T14:33:32.102582+00:00,4d69a04a1202fdb5cb7a076614ff6fc6b95ab8a0131b636928e539fe4b66f0a8
2025-10-30T14:33:32.221884+00:00,9412226b662d862d87a50fbab7e864fcece64ccd40459a3ee6246b4e99b64202
2025-10-30T14:33:32.341695+00:00,495c293cebe0437aa197e58d5734d4453f5982bb531847eb914c0d7103ee7c21
2025-10-30T14:33:32.460817+00:00,c0601a905713cb70d6f224d2929ed4d975ee8a7988def1e735288edacaf0ab3f
2025-10-30T14:33:32.580055+00:00,73034a07f970a122753f792418f317dafb0bf594d5e98b32749fe684a321c5f2
2025-10-30T14:33:32.700039+00:00,a7854c7213889df1a28fed2d96698d43e3d95eba600727ab7d8ff3911481b9e0
2025-10-30T14:33:32.821004+00:00,c8259de4e31f32dab9693e4cb9089c6273844d1a06d8936181d9440bb7b31316
2025-10-30T14:33:32.944082+00:00,ad8540c479945582890ec1865c516afe255da3c0749c7c6e3aa9d9593d31ca34
2025-10-30T14:33:33.072400+00:00,3704ac1d7944884bead6192af9012a66577501e60b8772ff52d0631c9962991d
2025-10-30T14:33:33.201892+00:00,f355bd4125d5575fbaf85fe7e27602b021ac9e74c736375dbaaa79ab520a7fbb
2025-10-30T14:33:33.334300+00:00,b3f2209f907d081f38f19fbf0397d0322a88d46386d9997747090918893ada72
2025-10-30T14:33:33.459579+00:00,ffc83d3230b021f4d269176422c9881d80bd0bf9fa2417d845e09fe71b0069f7
2025-10-30T14:33:33.594815+00:00,b98bcb40f8862fe73f93db508b59b05c2a521468f77848dc316131fa6cf6ba11
2025-10-30T14:33:33.731122+00:00,4a08b2bd667af75c04d74957b3b33cfe7621ebc6557ad0ff4768c84469d1c80f
2025-10-30T14:33:33.856209+00:00,6d53e8cf485402285e00c62174c8228a0ea8f58435f4b804917dc93cc2ba9e73
2025-10-30T14:33:33.988612+00:00,ee2cbf202ebb7f6cab6583d29734c7baf65e846152596691c7ecaf62a662b5b9
2025-10-30T14:33:34.120100+00:00,71b20e8198160fa44b7b5de9a6c1067b40235fef57faf64de2612e8b3635430e
2025-10-30T14:33:34.255134+00:00,08d209fc3759f05a7ee8ce4e91e51e0651b84ab194ad929f2ecf96a588c5e8ef
2025-10-30T14:33:34.392356+00:00,00995e83eb1cbf34f1c7f180d777747e3c5f3603984273dc3e2c2f49ebe585ce
2025-10-30T14:33:34.523300+00:00,dbdd44f338297ee48b1c6a2b9f5e9b2eedf51856653ddac9c036ccf42aa65fa3
2025-10-30T14:33:34.648900+00:00,c7301af2a100fc63a3b87444e9fd0a74d4c5343d8869328c7126ea41bed419f5
2025-10-30T14:33:34.776905+00:00,970ea4ad932f42127eb15e9826d73fee80bbf774babc881a5eff8a48a2c63556
2025-10-30T14:33:34.909008+00:00,ab3f1eb7d7c687c87ca55823d5379efe37f57f9448cdfd42c844093a6d2c4d75
2025-10-30T14:33:35.043271+00:00,598dbacf6c3a0dedee9bb6c8a675ad779c678d9f459d4e160de75ac3e2f4799e
2025-10-30T14:33:35.179362+00:00,d8ad528c047a83da5bb6ceb29abec4f6a0a7dfc059d2db0342c78a95e2e8be9a
2025-10-30T14:33:35.310132+00:00,a7ec49f341a9e88a075b76e92835226c3ed069abac3e9e852b9f5ffdb9108b9e
2025-10-30T14:33:35.442051+00:00,22900e075b1d46cee941d18911f9c30a2baab54be44935edc384a58eb4905b76
2025-10-30T14:33:35.575909+00:00,2250867f74e7923d6be47e54b13aaaade5f37d738b8bea6e8d8ca0cd1ac77249
2025-10-30T14:33:35.705791+00:00,fbee04eda5ba256d3ae0f07043ba36e483f9793ad4c134e974a3520e6ee46d06
2025-10-30T14:33:35.833042+00:00,34bb08f9cadb8f1981afe0c16f0bd23ac9f1b1765dc3b9bedec71e4f879f78b2
2025-10-30T14:33:35.959125+00:00,0543b62ea968d91bec8739b3bb9c27cc9e0b6c01dc15034cb179366b0bb584bf
2025-10-30T14:33:36.085630+00:00,7054f988ded5900ca8ebb17c036abbd5915a1ec70341aa579013589ce412db2b
2025-10-30T14:33:36.211129+00:00,56bc79dbc275afb1031ace43bbe26f4e9fe9023fdab3bc7948f640a0b87201a1
2025-10-30T14:33:36.336015+00:00,c3381f999540f23c6285cc42e54dbc31f6269bd4bf39fc8149a07517dc970834
2025-10-30T14:33:36.461623+00:00,b68c44c7878e2c52dd86fee0b5b1b98ebe2e651db3a49519394d9792e4f88053
2025-10-30T14:33:36.585515+00:00,c13b691d32cf551104678c4c17efbf6f7692e741e15f6a83b3f42a5e756d06c5
2025-10-30T14:33:36.707195+00:00,e8c45bfd0630416b1ab4f29f4857b3f3334528bced97180b90c470770a94cd57
2025-10-30T14:33:36.832611+00:00,1bbc8eeed36c3707be9ea40c58b84a3fb412ab4376bdbcada87ab2d64d59c6fa
2025-10-30T14:33:36.962119+00:00,fd10b0625a74260372be99ca203b15392907d59c9593a332fcfecebc9c7b59eb
2025-10-30T14:33:37.092518+00:00,85ba1ba201479c69d01fa4e69b4bde1b72bc1e288f701391fdaf2eacddbef688
2025-10-30T14:33:37.219844+00:00,82fc635d16373ce553bacdfd89e1aa44055f2a54cb7ebad164b2db7db0869e7f
2025-10-30T14:33:37.340301+00:00,c0beed4f95407b7e15f5aaa08a1487f0707f604ac3b2a23c6ecf1b3f8c2d691a
2025-10-30T14:33:37.468961+00:00,07e3b86d3d5968c50ef39ae6e46e5e91659424c1de330549c596e656dd3e60b7
2025-10-30T14:33:37.590861+00:00,46fc62f4830ea6150f3b1b4b35ab6a4b489cd970f6da7afe719cc09babdda3fc
2025-10-30T14:33:37.717360+00:00,d0c03309e77264fa976c9ba89f575bf109b697380e15089e369b850faaa81a09
2025-10-30T14:33:37.844409+00:00,f502fae303de40f2d82ac956d29060e0cfe531f205e07d60c13a6b2a8fb301be
2025-10-30T14:33:37.969161+00:00,bbb82ad58ddf0f5dd2a8383f6e5381332b821fa422d8fd6b75cc39536ead4a1c
2025-10-30T14:33:38.097412+00:00,9778a2aee41ca9823fbe25d72e5d0d3f82ad1b9733889ca9caae5a69a5c4e0f5
2025-10-30T14:33:38.231058+00:00,fe8375fc500e331fe4f49e0c4a27267745dd2a8edf742eddaa6f1baf846af461
2025-10-30T14:33:38.357962+00:00,9d6ca36d173d8a14b1405090d95ef513876ea68bea711de9fa47b1261a9fd0f1
2025-10-30T14:33:38.478824+00:00,c1f2cad431484b00f9fbde65ee859a199da9d4b58dd9399e49b37ffdf3cfc5b7
2025-10-30T14:33:38.602775+00:00,06be4e5c1264042d9c8f5d691133a9747358ab23b1601c8b1da64ad84e074a2e
2025-10-30T14:33:38.731619+00:00,d03077503018c3cf16f06a3e78fa670e6ad7617a0bf511553a8a2459310c2325
2025-10-30T14:33:38.856350+00:00,cfd56611cbfcab536cbd3e0d1499b5ac92858c9ce03a3ebd815c7bc064761784
2025-10-30T14:33:38.999938+00:00,9ebfc86727263da804d143eebcdd6610fd5566aca0752b4bc23ba90a5aa7ad73
2025-10-30T14:33:39.129320+00:00,36032dd2b556e3a49eff3d5c7affb2b7b6b89152653e841d6832f9fb65a7fc61
2025-10-30T14:33:39.261490+00:00,3b4091ab58a56f55618f0e65b5f7af24bdea063a29e2ef26f9ae8a2a3371f59a
2025-10-30T14:33:39.392609+00:00,b3a6ebe062d9e774224db648d5f138f4818f6a3f2c5c60779e78b18f73b1a3d4
2025-10-30T14:33:39.530468+00:00,4a9d6b779239c36cc55f3db7c775800ae6ff5ba3f4327800cddf9a236508039a
2025-10-30T14:33:39.663689+00:00,86bdd76d4670c5a0eb72a7ef2d1ea62ccb53d29a35cd38ac895651d2d1a8c159
2025-10-30T14:33:39.797638+00:00,e95c83d68108a4a1cd33e2a722dfd1cbcf5509681ef450bdd6c895acc1891050
2025-10-30T14:33:39.939628+00:00,d495406635953968b7f388242374f8642996266db8d07ab9bbc36360725c3d9a
2025-10-30T14:33:40.066195+00:00,1ef25c3127a02607f6611b34ca15761094f0027dfc4dadf68e609f8b8cf460d8
2025-10-30T14:33:40.205983+00:00,869ee071e979447ffc2ee060866b3c5f3da09b5f0c2b1638fa7caf283fdf8fa0
2025-10-30T14:33:40.346528+00:00,4be6831d37bede3105bdf7e1f93ee4d0380a2c545ba1622467b4cb2daaebe997
2025-10-30T14:33:40.475701+00:00,590ce2b13fe278e5e3d21afb7463ea9104fab3f7ff65ddf1c813f4d9d8941038
2025-10-30T14:33:40.608538+00:00,89f011487beaf7a5e447b9181fa1447131c8c3a2d6e66e8820d4984a4487f951
2025-10-30T14:33:40.745362+00:00,e99c284b605061fb590be750cf8798187074c78d307db30ac0283a2625473e7f
2025-10-30T14:33:40.876442+00:00,741f5db823316e4ea9d1513d3b9522bc9e700b7d56a6470119c2602ee523d20c
2025-10-30T14:33:41.004537+00:00,667c72a97e44d70fb77dba9a49771609c137c222e5aa6aa4c3c9d7a9f4306bd5
2025-10-30T14:33:41.140456+00:00,8d9b36aeb1e3aa89a80377e01775da38f6e66a9475351788defd7ce54b6b4d09
2025-10-30T14:33:41.272386+00:00,bb3f2f46437ee68f8478e7feac1da6c5890d0780c71cb4861345f20044fba14f
2025-10-30T14:33:41.408249+00:00,b84c9cdd4dd4d065f6645fefc21b0c2a5f1a86ade03b434e3948400afae3f751
2025-10-30T14:33:41.538065+00:00,f22e21aeee38566f2bb62e13b3f4968dc7de0290ef4c6fb350a981da0e2e254f
2025-10-30T14:33:41.669164+00:00,c0229f17bcb795ee72f5d91e0d458e6241b3a9cae262cd607e85968e98985778
2025-10-30T14:33:41.800803+00:00,c78c063d3e69c5c0b98f705e2217dde15291a20bcbca2e9ee506bd38d76aa042
2025-10-30T14:33:41.932195+00:00,785b387d172ca6bf47898633a4503a925075d2996c7ad497646f5fa9c79b35fb
2025-10-30T14:33:42.057096+00:00,33d135a7d073b0641f8e4e3cece7e5beaced17996810715644976bf6b1e18535
2025-10-30T14:33:42.190437+00:00,cdb70c6db646de23aa3d394474e14dd26ae9ac0ef66a5a9af7d45f84ba0bb016
2025-10-30T14:33:42.326632+00:00,39a4e2e8d2806ad51269edc39f60cfd3175e6f874f3abbe63c50147e0a47d169
2025-10-30T14:33:42.454909+00:00,336318e1571f33d7b5a111f7c7142c44523fc53afc1d5f516f75b33c2c763839
2025-10-30T14:33:42.584013+00:00,6f17ee788026ff93a8fb0d8d8d1d1016a8a4a815dab490c155fc86a6e7bfa781
2025-10-30T14:33:42.719144+00:00,ff08e9c7c7a0074e88bd21de4534f927716f9c4a2c54463445a7ded3631486b2
2025-10-30T14:33:42.852281+00:00,c553e0f404e257eb1abc66a58abf1c2403729d92d2411117a13eb13323167752
2025-10-30T14:33:42.979039+00:00,a05ac74236ecca7cd49041b7ce2f2a0337335d17a571fa29bd15b48296dbfe01
2025-10-30T14:33:43.104629+00:00,3bd033f85422ae683134545eb0118eaa97e13c898137be13466f670f755d00ac
2025-10-30T14:33:43.238207+00:00,89339262e8274473d213d8885d79f9c0a0e8980f46ba72c6969b5d6f364deb05
2025-10-30T14:33:43.371370+00:00,7366f43dcb5e6ba34bc5929a7e20be5ca26bf82e7d9ef4bba22766015a9eff96
2025-10-30T14:33:43.502376+00:00,5b4a9362da8e5ea7fb2c60e20cd5ebd800f84dc57ba9f40dfc6ae463a19616fd
2025-10-30T14:33:43.635560+00:00,4e7011e6243b4a71fb984db370137abb18733a552708d39d2bff397491810acd
2025-10-30T14:33:43.774682+00:00,d9661013859d1e69e1e1acd3371ad59292cdf9425c15accd11ae76e57cdb3b8a
2025-10-30T14:33:43.904985+00:00,f0ca0e19d64f553e4e840018940ee1657325521f63c8767fa7a329426f833602
2025-10-30T14:33:44.035214+00:00,e2caa71ff4659219e9a74329751bdc54efd96d52e96c12b1be6ce77f41863836
2025-10-30T14:33:44.167054+00:00,0227e1745fc1d11345b7c037b9a82f2b6c085cab0c425f3b5453e47b686de979
2025-10-30T14:33:44.295948+00:00,ace2f4f2b165977ebe542f63361edc5d554b15a9078f5023a5ea7b239836ca85
2025-10-30T14:33:44.437390+00:00,6e987d233577e3bb660b2873c93d409189705a6133691f9166a9170a1ae4d94d
2025-10-30T14:33:44.569449+00:00,f2e4d9872f593cd925f6f9ca486b6c97fe77d28d2725eeda36e762023e6f6ca6
2025-10-30T14:33:44.700147+00:00,f67e816c9231503f0d254019da9854491ea1b73ff1e7db79443ad198574d7b0d
2025-10-30T14:33:44.827414+00:00,1ed481c66c2e06f22ba533c864cfd2068efcaaef1bae37dd6416d98a1fb33fc9
2025-10-30T14:33:44.965178+00:00,efb1c8f51fed689b2da9856347130473854e73511c9eb090cd2205b98ee39f15
2025-10-30T14:33:45.094270+00:00,a5cfc6636ec8d0b7bc36a32fad557263e3fa18b0be24f859ae9f01bd4d8f90af
2025-10-30T14:33:45.220258+00:00,9567de44db0ff6ee1ad2dcf4f750f28a3469d9a78985b7c5e46bb6903e4ff40e
2025-10-30T14:33:45.353981+00:00,a43c7ae9b76a81492c06b58560f7384e335627c3eecace33cf29d44590b5ce5a
2025-10-30T14:33:45.487308+00:00,f98724643c5972016b4f57fb0e4470c9f7c1ede4745e53893a296085c1f33dd9
2025-10-30T14:33:45.622967+00:00,76405a853f3c5190834b1b800ba7553f8c1b906ad7e96af76e319e5c2113f8d8
2025-10-30T14:33:45.747537+00:00,8bb82c24801f419df0e0dc54e7d2d6d50781b1adc5dc7be8a9dc637927bb29a5
2025-10-30T14:33:45.881111+00:00,ba9d6671be77d6cedeb6be7af5471a17244cf951db5375b1302991399c3610c5
2025-10-30T14:33:46.018029+00:00,75ea0db722656072ed9a85307a6ec9cb54b51bbd9148541a168729790c3223d1
2025-10-30T14:33:46.144249+00:00,1aa6b62ba4a89901b7b3f7136210a4b6e2851d9e390f49476e639a7c67334fda
2025-10-30T14:33:46.267271+00:00,c8de1999fae64433b3771590d422f783ea48006216475099e4232d12b2a35aa7
2025-10-30T14:33:46.401182+00:00,20c966844e50f518ffa4803d997a3e4828b9dfc070d7597146d98689e37662b2
2025-10-30T14:33:46.537521+00:00,d3303a9354e7921a6bccdade81197b88442d028686281c57b953b9c66cf96328
2025-10-30T14:33:46.688998+00:00,576aeafe617e9f7cae9dcb0b3348150cffd49e57e9a4b0bd6bb6883d75e805f4
2025-10-30T14:33:46.819103+00:00,6377f655d588a05f98dd48b7003636f2d34bd6660a190bba69d7d7d4b21c0b52
2025-10-30T14:33:46.946709+00:00,a56f574bfc51bafab666a10222b12c0fe6be64af5e6aed83e98be2f13a123d7c
2025-10-30T14:33:47.082151+00:00,ba31d90ac112d48cadab773d5bef6535cfbfa5c5e67b13be4a6485c0cff5735b
2025-10-30T14:33:47.210414+00:00,4e3dbc7b8cf5d206e339d06db3763f7f8d626c4975df9f866e2558cda8412e46
2025-10-30T14:33:47.332833+00:00,ce061b416f0c6953c173b5a59f69e0b51cf73f71260ede2656da2c5a8b048e58
2025-10-30T14:33:47.470791+00:00,c4e314b37fc545c9a73beff2abe9c9a8b8e920ef0a25699f048eec6637a46d53
2025-10-30T14:33:47.604403+00:00,137e09aacab26a4d61dfa0f382547de584c723afef5bd5f82f1e3100302ac17b
2025-10-30T14:33:47.730696+00:00,d525238c60ba3aa65fbe8692f92db1cd1d36055d996712161fb80979b020a03c
2025-10-30T14:33:47.877728+00:00,930d875b9fc5811ef9b7e78e6d37e77f509170c8533bca06aa31c36c8cb31679
2025-10-30T14:33:48.008994+00:00,10855923f57706c4b073257f743c43301c7e2decb986c938e3c3ab43ed16bbc0
2025-10-30T14:33:48.130341+00:00,698310e6056c5156c3792dc17ace7f93825fda0e85c342fc3f281c30b8518541
2025-10-30T14:33:48.261273+00:00,ba98d5d988281359b69b1ec9f51c00ac220376b93201d53415a22c4aa1c06b5b
2025-10-30T14:33:48.391690+00:00,4e4fa1ef5db84822d9e30dec3bfbe56ad9d4ca610ee2ac978f1a55c06fe6c43d
2025-10-30T14:33:48.537128+00:00,bd1f9526dea94f6cc08c03bcc0f4b60299bedc280a1e2d53f83fbe4ba3d7c547
2025-10-30T14:33:48.662383+00:00,86a94bf9c8cb2b1328d35fd948c4be98cef62aeb638dbc70a08440a9fc77aa86
2025-10-30T14:33:48.789968+00:00,c56f17f6c4c50c4273c0889d0690c9f93a6735328be4c52bc384a6649c86d73b
2025-10-30T14:33:48.919538+00:00,9fe171782c36b4f38c32a5d488d688a84529e378d908784c39ea5dbb38396580
2025-10-30T14:33:49.044080+00:00,d178e04b1a26a5b8ca0a91d08701ace645a1784f684134cdd41c13474b783166
2025-10-30T14:33:49.179496+00:00,25e10e38ee225c0ee82044b5a17709cefd842567fc970aa7d3796ff5bc5647e2
2025-10-30T14:33:49.319038+00:00,5162cdb6d391542fab3bbc7cef04c19446d57f88e9ee079ba9070e1c7baf6ee6
2025-10-30T14:33:49.455891+00:00,f452d7a64f45011e4d2c894bf1b277ed36c99d4aca46963cfcf16a1abafac99b
2025-10-30T14:33:49.589403+00:00,1f38fd90be7e7bc5e27eee7d419782c4bc78d9ceb4ded9894c2294e52bac9c56
2025-10-30T14:33:49.719982+00:00,084f0bf3c5dca743c7bf5552165651a74e1340febf8593f483cc88ef5aa51003
2025-10-30T14:33:49.855565+00:00,1f48f922d428bf5070a7390ee2b49a1b8e9fbc9813740c60b5fb81fdb212db8f
2025-10-30T14:33:49.989160+00:00,d59d712f8865cc9a3d77f731d31877763b36d9961db6c5dbc123e7b5164ce519
2025-10-30T14:33:50.120522+00:00,0a073a3613d2802faea371803bb36d01aedb3802356c60cf19d1d51bd35176a2
2025-10-30T14:33:50.246744+00:00,83240f0918307b2ccdad2afc2440d2cbb554fa97e8354386b28844fc3e501257
2025-10-30T14:33:50.374687+00:00,2445c5be9451fb72efe9749086774d23617a7c8f6bcf04aa526f2cbdd6653168
2025-10-30T14:33:50.509017+00:00,e003805990a40a4793b48351d08520a2f1c1e09c674754fd23c256715d7a1abd
2025-10-30T14:33:50.646992+00:00,5bb7a26e4de8762365dfc1a059a26fb3eaf7f437e5eff522e955c558460962c9
2025-10-30T14:33:50.787111+00:00,bff8ffe9791fb074c29effd464b759dbdd41e752972566c26d58def5f3508311
2025-10-30T14:33:50.912664+00:00,4117bc8ae1fd2f8b6c17d8e7d1c8de508eabfe083f304214f762fd2958b5521a
2025-10-30T14:33:51.040651+00:00,858ff09301a22bbd373014665fb039cbd825d62b091f00cfa41b361248839850
2025-10-30T14:33:51.179567+00:00,ec5b8cdf058eaad9c97779059581124d6347f6761c98dabed51c1b6793420d9f
2025-10-30T14:33:51.310826+00:00,268d0ddf4412d4beb30fa1c2f4b1ba24394ec01042fb36de6a37b8e87b15e127
2025-10-30T14:33:51.443553+00:00,3a21ff5445ceb548f3ed5c798952df0203fc7becfe2f04ef2f28089f92643a84
2025-10-30T14:33:51.569882+00:00,8522bb19bc626d94f7d4bdb05300c014818e3f96ab8c82de483c4420915a41b0
2025-10-30T14:33:51.818437+00:00,97c0e56a9dac896e3713c37621c2df2bbd9eff9bb5b887f9ff9a796a235586d1
2025-10-30T14:33:51.942905+00:00,a5df2df7fc42175fed7056fe817aa68be5ce755c77b3325854d5c884f0b3908f
2025-10-30T14:33:52.069697+00:00,7bab20e9e0b8adea5aa6b83ff0509cbaa70ccf090619e4265a0c22258c115394
2025-10-30T14:33:52.195547+00:00,03311cda9b94a4e30d025e4632f40a790a70c488d47db6ec2a1f67b7961d747c
2025-10-30T14:33:52.320607+00:00,aed05989888edf9afb90d9d5fb4f9818887d9be27760ed0a819f4ebefc1d2f2c
2025-10-30T14:33:52.453429+00:00,4f6193e8f5a0054ce37dc46216b8292f30709b00e35e634450b84d3e320d7035
2025-10-30T14:33:52.585357+00:00,7c79643f89f2ac15f1283f89405c5f4b420dc09b08a3bce44b167be636b80ba6
2025-10-30T14:33:52.716654+00:00,8cec086fee2f8a5671a8a7874402c0930eee06d48eabe696dab58a6bf80a2ad9
2025-10-30T14:33:52.848929+00:00,5aa82ad40a1be79928be1f19ba49aef5eaa6f350153b2546134d9aa79ee5c548
2025-10-30T14:33:52.978105+00:00,469b548ec2b55c417fad116c130589e323a00f27375ec219544a9bb5325dca7d
2025-10-30T14:33:53.105640+00:00,331ee173feb36da04c49a490411e37a70f8bfa98e75c5b55137069a33b3df515
2025-10-30T14:33:53.239457+00:00,b59f7c034aed2ef97a2f1161f40e48ae7e674798d2c99a368910365e59c203ac
2025-10-30T14:33:53.372691+00:00,76c49494e608fcb5a3a613aadb12942c95fd185bbf702391fb4b007a84e15216
2025-10-30T14:33:53.501988+00:00,6ebbc3d756b6d7f9d4eca21b2b6a2dddc6b70f5b8b3f8d1632cd3300f441d58f
2025-10-30T14:33:53.632438+00:00,a7942d5f3334e87385ba26540744badd33b3f2ab211a77a6c75c48f168ad9f4e
2025-10-30T14:33:53.760841+00:00,92b87489934b7dec85c93b53e09625b940f852e181804da94336ffe6ee874025
2025-10-30T14:33:53.892033+00:00,c8a86385e41918d3c4fe83259de20a90f624922dcbf0a32eec6c8971f04a656a
2025-10-30T14:33:54.027448+00:00,b6dded70770a38859a1ea2638ca7f81d3e1424a3557f2c2c21b5e1aacbf34a37
2025-10-30T14:33:54.155363+00:00,4f6be5cbc2824ca1483521135c1001d6f6dd29a345cf986ff7ac2de5ae2450f3
2025-10-30T14:33:54.286128+00:00,356930b8dc11568653aea837096cc9888e204746c60a56b7f5b81fd63ae2ae7d
2025-10-30T14:33:54.409841+00:00,93b41f157aae391f1d4296293abfeec84bf522608c06db93ae2ae9040a2f0e73
2025-10-30T14:33:54.534394+00:00,a74d09c7b00591e9985f7007a302f5783fbd4e59cd5a83f67b96b3d609732d85
2025-10-30T14:33:54.660178+00:00,34a9e21fe9e623f5924900598473215affa3fbbe8eed5f35ef33c509c10f282e
2025-10-30T14:33:54.788840+00:00,1aa371018c060c01b3138bb3fea8bd3007f54dca6a0ced1caa2a201eb52d1955
2025-10-30T14:33:54.919813+00:00,9eb58aaf6bdfe2afacb21bcf13a3f47bc007174992c223967680b526194ff876
2025-10-30T14:33:55.055009+00:00,38a419bb74b0eaf091d231a08b068d62c825da0722b2a5720b77359019e454cf
2025-10-30T14:33:55.183849+00:00,11674a7a04ead0b43721b7c89d1c44202ef8cb314ce05695b19224b15decb1ce
2025-10-30T14:33:55.306967+00:00,52ad3d75c0a8d47bc07408a365c3d8b644e8899e6fedf4849e8b99aa791bfc01
2025-10-30T14:33:55.433892+00:00,45ffc3dd30623a1344b871370ed4e4ae25465e8cd0c3c4cbc60c72d12bf852ba
2025-10-30T14:33:55.562014+00:00,12cc00d526fe6571ddba6df921d5ef5805587954d8c0fae68d51784e31b00859
2025-10-30T14:33:55.690885+00:00,6d8f32b85e92b51bc853b9d99a380c6f3ede8dc4f8653369d9288807e035bb3b
2025-10-30T14:33:55.855086+00:00,a0b8f19c4b82b78d4e9314b84b64f41923ae98cb804a29f4cce5467f04a06733
2025-10-30T14:33:55.975374+00:00,cb4934919a559ceb69e8b74e0d518f272d5734d0a9b1796c3b2f6c38934e5711
2025-10-30T14:33:56.096955+00:00,8dd9d085e4591c9c1b99cda046a16ef83d0cd3d604eebd1ab1994e09b628bc1a
2025-10-30T14:33:56.217769+00:00,d654eecdb44113c1d1568120d5880525474cc346dc3f2d594eec105cd1b610c2
2025-10-30T14:33:56.339031+00:00,9cf93c0a428d5f4b39e455f7501890b32006be6c189fb5b32bf3b419846efac3
2025-10-30T14:33:56.464787+00:00,d3ae68abdf8526234bd3a25d9572cb5053d44f6e291070775446b098ebc01905
2025-10-30T14:33:56.588463+00:00,757b86ee2185ea2beeb1ef9caad5653a72fedb8c7126d14b03b43b285b4fcc76
2025-10-30T14:33:56.716816+00:00,535295ded5c1162834e5794c6a1ea4ee33a647a6438034f9ad73f442034efe21
2025-10-30T14:33:56.837204+00:00,18ff5f681ab4fccad12186b79b5358250558e49b83a35bd5279c48a6fee0d70b
2025-10-30T14:33:56.960950+00:00,f75ae3daa445f2cd148afa939af08435eeaf0408863dc694ebc40245a1f317d7
2025-10-30T14:33:57.083964+00:00,894965bfe85673f1831418fdcea3ee1aade454fdc87f6000a60a0f1793a2f945
2025-10-30T14:33:57.214426+00:00,1092161c4bbc9875697d8d15e825685e441ba294ade45dcde689a2f1c70fdd27
2025-10-30T14:33:57.335005+00:00,25e18b8cf7a1ced0bcfb22fd181e346806d5afbe6dd703e9e38bbc9e5c572bf4
2025-10-30T14:33:57.455160+00:00,cab4c8b5ffdbf484193e81f8f8d2e8191b1c4347b7aba9f96f7f3d9f555755da
2025-10-30T14:33:57.584191+00:00,41ff06ff982053723907e3834cdc849b2940776710e5b0d70db95a3159c813f5
2025-10-30T14:33:57.707379+00:00,603e52ffae89dec2a7366ef76ebed1ae8aba4eff23c808960297eaa2f52f1489
2025-10-30T14:33:57.836102+00:00,ec6a8d5163d213ba3d62e2e000aa55fcaa0ca3a92c54ff6b7f31de849db9ab38
2025-10-30T14:33:57.962650+00:00,f63608bdad88c6d5020ace58e0858f839f3f1c52a03f42c724586b826bbe7c5b
2025-10-30T14:33:58.088361+00:00,9a88de9be4df151def323063e0c87667d167f5577b44c2da044487b2c7529d95
2025-10-30T14:33:58.218116+00:00,172fb02c3cab696f0e612c278c9b4d910af303145cda22060bd313f83f822994
2025-10-30T14:33:58.343073+00:00,ab6729a33f4339450aeef18b4f1d9df9d0aafe4cb00d5a2b98e6fdfe2bd0d205
2025-10-30T14:33:58.490334+00:00,1c48a22baa2cca6c015b5fdb7670360e0a7064e2926f53d83d904f1b58c2a21b
2025-10-30T14:33:58.612601+00:00,d06017ebb66420eef91215d124085879fab061ef64d1b9e0fc906cf71489f6e1
2025-10-30T14:33:58.745665+00:00,9d3772fd75418cb7c49aace9795f892d74a1a31300135bc0713037fb3c284ccc
2025-10-30T14:33:58.874476+00:00,e413782cdf949b6ea0e1d3dada877773ed55debfa4051c7c00c2948a732d549c
2025-10-30T14:33:58.998898+00:00,e5d81108151055e17ec263128d3d749ef957415d3979ff95386cca443199eaef
2025-10-30T14:33:59.133282+00:00,7f9c6214f5feca2544c9ad56a2284353fc3920e00a6ba3a00b4fcc02e29a0ebc
2025-10-30T14:33:59.259805+00:00,c86d864a47b5412b71ad8b752cb77d2005a86a40e658fec32b3937483e423836
2025-10-30T14:33:59.400038+00:00,e937aced418a82c9907efdaf583d52dddc70b4be5d89fbecc35dfdf68d6d9ad1
2025-10-30T14:33:59.534472+00:00,33caae1c89bbdf39d1d72224c4140d0a891b9639056f8bba9489613a73b7385a
2025-10-30T14:33:59.667120+00:00,f5bc99a070d00ef9ca5d942b3c00f608c79c12edcdfa915ea2f49aa824789ab8
2025-10-30T14:33:59.800412+00:00,29dc7fac798d7aeb1620a7c10026c3c16ea2106f7db29a6d15551ea1738cdf53
2025-10-30T14:33:59.935414+00:00,992bc65d6e9b00f73a1ec6b5ed552adc07b44b2b9847a543fb29ef48b05f12d1
2025-10-30T14:34:00.064832+00:00,82b7aa04902d4104c70eff820b484d0f5b87fc9c9c8c0ad05eeb2750fada02ab
2025-10-30T14:34:00.203601+00:00,e27ebe9c99b151e613e1f64de747750099389877e735035cc9eda7e248943074
2025-10-30T14:34:00.332727+00:00,331443838d1a1cc8b79b890a48bf888c9cb0010c44492f9a77e162fe8698732b
2025-10-30T14:34:00.456834+00:00,efe5abd4f91ebe6c1749f65e998faf07a167a945e9e089cff1a4c6156678d796
2025-10-30T14:34:00.583924+00:00,66a750652690b8b89fa8343d8760cde926239c75d1273d89f3ab478b282d7993
2025-10-30T14:34:00.711256+00:00,917d8746d67b1db31804631a92dccc63d80b4fc65fb65214659d27d6b4a6cf94
2025-10-30T14:34:00.833676+00:00,97e80c68493b71d4862dc54bd00e20054d073a38c289c7a8d61908f501b47f85
2025-10-30T14:34:00.961000+00:00,c999ab2fcf7d20c0ee4244231d8ea445018be043cae176ba59878134847d01b5
2025-10-30T14:34:01.087112+00:00,d3d9111523b02fe9400482537b0b30f94f7c1b0a39eaadda3afbb32903316429
2025-10-30T14:34:01.205936+00:00,c9ea87246bc1d936aef60475836c85f7361decbdc7e1263def2dafed71cee941
2025-10-30T14:34:01.328769+00:00,a27ecdfecad4d54c178cdb3882f967298f82d65660a8be768695989599ac2009
2025-10-30T14:34:01.455745+00:00,286e27ba64349cb412e4c08e0dc35a1aed52568f8ffa37840e5d20eba5192587
2025-10-30T14:34:01.582131+00:00,a7d9c95d3aef7b702dab2e86df16b5f21d35a885e3046bc431581b20c20d6594
2025-10-30T14:34:01.721556+00:00,4042436b89d2631f3d005437e6343a5bff4b2df3202426317915d887f0375752
2025-10-30T14:34:01.885304+00:00,c6f6aa828a6bddbc6a9b8393bd126bc094c4ec10f0b900afe50334f2f8d8dda8
2025-10-30T14:34:02.008849+00:00,d94e80d0dff4e6ee509a8e5b708e7947b4b41ab7f118f514b0c98c6b13d02eef
2025-10-30T14:34:02.131291+00:00,cd4487435f2118e0964a4d0d998fc2ab7b3828094c60293127df7f9f93476e62
2025-10-30T14:34:02.258854+00:00,49718856d5f03ba100e39295bc955e61f097a74b2828b21a5666d74e12cd58c1
2025-10-30T14:34:02.379706+00:00,9d752ecaaef9108acf8d7888ae08a217c7386c48477c366e68be9a5a47cf453f
2025-10-30T14:34:02.499799+00:00,ff6de0943b30489271f4668605447f8b98dd3845ecd56f196ed689c476f8e226
2025-10-30T14:34:02.619412+00:00,d9a4472bbaf5e8e829012869a84a63a22ba6858bf502cf028e461882d36d0bdd
2025-10-30T14:34:02.746073+00:00,9f3f55c2329e7238fddfca5a5a71d02c69c53438d0b138c4b8190bc0c4f9b53e
2025-10-30T14:34:02.866726+00:00,f468ad0413901d6347a4f5b371b8be15c673e16a0728669f90247e105c33fb2c
2025-10-30T14:34:02.991492+00:00,d87a6fa5497a498af9cd83f51bc375821d3d3a89ec22d5428378f43e208ad6a6
2025-10-30T14:34:03.118462+00:00,8bcb5b7b8da1348a055115d91360aa2da9fcc79d2ec6cde6bee6902c0eb3184b
2025-10-30T14:34:03.248505+00:00,f36dd162b5066b3ee6e72681594d1cbd4bd0ca76c09fbc6f6384132daf8558ff
2025-10-30T14:34:03.380819+00:00,d34212d5ee0a0dc1d9575d2241b46084e4459748031ebe33111ccba347676bbd
2025-10-30T14:34:03.512882+00:00,8d7abf1533e523ac86c2aad89391dc7b4354a2740dac0e34137fbc78ac2be3b2
2025-10-30T14:34:03.648674+00:00,de55d458bd0c1eb7d448437bce29151de9a5210263e5a8cc359bc5849a950759
2025-10-30T14:34:03.779614+00:00,bf9940ad458d1c6ff67a312ee2f748ad86833bd7a69a61b0e6bedae7422fe900
2025-10-30T14:34:03.905945+00:00,4f38f4ee9afde4693120d9c6678549a25a97de2e6ecd8a2918948f933e6f01a4
2025-10-30T14:34:04.031155+00:00,0b7a09e3719e327e202f9fa88ce982cc6b8f20b0374e2c6628549f40824cfabf
2025-10-30T14:34:04.165640+00:00,0e043d7cd96b121c91eb638da8d117321e5bad6fd8be84139d229036d051a0ec
2025-10-30T14:34:04.301776+00:00,c8cc697887270de5827739a709473e5eca1f3876d3d3bc81e2e2e1af2aef7da4
2025-10-30T14:34:04.423433+00:00,de2137a4041f86985bb4ff8838bcefe49121a7b3a30945c40d7e525bf4fd4e58
2025-10-30T14:34:04.543631+00:00,c397009ed3d92aa2c79b5801c79b0e6194ec3d75afed099f8e086c79f98e56b2
2025-10-30T14:34:04.664175+00:00,c018df897f8c68b22d2536dce20e77682915e8accb5561da21170c9c80ff36a7
2025-10-30T14:34:04.781839+00:00,f27b028136d1dca7f42c83d1842fe8212a025b89c9e692cbec66fe686ff8bc44
2025-10-30T14:34:04.906596+00:00,6058b2e2ebfa5ec66f26bf7d87a217a7b8e33637ab5db433556c44a97c46618e
2025-10-30T14:34:05.030011+00:00,5a5888db401f350dbe01ffaac2a93c0fcf57f21742ab3e233408c77d0bfaffa1
2025-10-30T14:34:05.150001+00:00,f5419df8cc2f63ac6a33c888352110ce915cda7271bc832b3bc31ef64124d32b
2025-10-30T14:34:05.272852+00:00,8412c07567710b585a48521e9fed2749178527b9b5dbd8cecfe6c98bb1e13e8a
2025-10-30T14:34:05.401304+00:00,3b0ca172c50c89b3e620452adf8282b9f888ebdae538fce1105a2749011ba09a
2025-10-30T14:34:05.530170+00:00,4765a73b3003beae5d1bcb134cfa617b5cf023ea12d41f08c592e85d6b3f6ec1
2025-10-30T14:34:05.650127+00:00,1af7674e67ad0c6535d3a7545c673700eb22a8ca74491defe43ba4416347834d
2025-10-30T14:34:05.778608+00:00,423b136b9b926b0415bf8642ec16c6301b52a0266e1d82874e4d91c49c66db68
2025-10-30T14:34:05.915027+00:00,be67ad7950010cbbf0001adaea5bb70e42dbf0c3ea4c91723ac6225f46319cae
2025-10-30T14:34:06.039201+00:00,b277bba6df5e7f0f3d9226dae33f745bb170ba7b9dfec6797229953d0c5fa395
2025-10-30T14:34:06.162514+00:00,4353485c1156943891a6a0f8b6cb742eb03fbfe6edc7179f0dce05f9258f4a9a
2025-10-30T14:34:06.282341+00:00,1f0dba91d2b1377b9c787f610e9da5e36ce4ca9b9a45a67e4c3c03d10cab223b
2025-10-30T14:34:06.404208+00:00,a94474bb9279fc669e08c8041d7f39e41fea0f02a9357ae02d06a9723bc7076a
2025-10-30T14:34:06.527039+00:00,dfe6bd0296c48565970b521c790463ffb86bfddad729e952ec35a1c7ff67ce16
2025-10-30T14:34:06.652761+00:00,616021b50c878a7b5e575cd67647238b32eb5af5b0e715d075468784ec98fbd5
2025-10-30T14:34:06.775013+00:00,88ac03cf465d4a8076759a4b7a2276935402810e546d9e9453943ef268858663
2025-10-30T14:34:06.908622+00:00,fbe2d929904b43051f8fa8aa7ab6e4a46f020de0e62a7ff894b9b30a25e002cd
2025-10-30T14:34:07.032321+00:00,a570739dc710ed1f4fff73db2fbbe5c216c1b90b697bcaa79ad844d8411b51be
2025-10-30T14:34:07.155827+00:00,9e5d1f82c10b559d29abf333fe37576f2491ffa3f8bf89f03692e12a8b776d98
2025-10-30T14:34:07.281612+00:00,f183df96c34b140ecb0b2cb5b2efe3351905b9c7e298f3977dc33641107a9db9
2025-10-30T14:34:07.404226+00:00,f4c3b3792c8a016c35631c08b5e1bf46a13eb7c3d8511cf2db993a4dfa9f8428
2025-10-30T14:34:07.527560+00:00,e1f4d0ad4a9675ca314da97335e6d60acd0e8a1fd974d92750344c1f9df43eb9
2025-10-30T14:34:07.655483+00:00,7e75fb377c953f3a38351d7c3a9df084375aec7e424e1f08d9b3a97cf3e2ced9
2025-10-30T14:34:07.777148+00:00,84cf34b223be82554c51e4be8c95f2cc8b6d431b5ac733f4a1e368d96e568297
2025-10-30T14:34:07.913324+00:00,0f008311d8ed05dc0550b93e34b8b47bbe08424b0fff4b0e8ed276552d4119cd
2025-10-30T14:34:08.033618+00:00,fbbf4197fa5c5fc9eab52b88b49ba79da94aa686d761550694ca8d672b68d1df
2025-10-30T14:34:08.153582+00:00,f04123e99dbb39be59124f675fd87ad946ac26764c852f80ccf9a4144df8d305
2025-10-30T14:34:08.275041+00:00,dbb2fa82ad7d1cce95f4b813bfed90b4e1e6140e3fa5d605022721d9dfe19614
2025-10-30T14:34:08.394904+00:00,29a08770a73d69e81024403298308022b124c4de5506984b944d416651beaa4f
2025-10-30T14:34:08.518117+00:00,e3aaee6837fcf203869f3725903858abf007d29e924effa8e123006866f89aee
2025-10-30T14:34:08.639375+00:00,aa98dd042dc90c89c8efb6d863880b45f2fe160167b14ddcfa1a868a1b90b9f1
2025-10-30T14:34:08.766732+00:00,9f04f230119b2d6ad5f02aeb87ec8a34d629c9e7b37eb1215f2927297405589f
2025-10-30T14:34:08.891857+00:00,fea4ca391bb732869070a91eddc5fd0767c6b8d37bb165f9eee75764d39302c8
2025-10-30T14:34:09.014638+00:00,56c7c674b4e565693c9ebadc8b0dddf4ce980b2e30a6fd98b68cbc8fb601f503
2025-10-30T14:34:09.142677+00:00,08e87ec55ffcbdcf7bf8a724595c29f44d80e2e0e3f20355b74e2ae9e6cf198a
2025-10-30T14:34:09.266916+00:00,5673b07ac3a870bb0766c14a720512b4c69011fc3be1392df5d59af66e6e6488
2025-10-30T14:34:09.388631+00:00,ec9708ed1ac93f2fef5c4b08a80e9a10b79964477585da8ffadd946929299ce8
2025-10-30T14:34:09.517342+00:00,6082dbb621d2eb1b8ab72df3e5b4c0b5c69282d38f467551243519100ab3d467
2025-10-30T14:34:09.636797+00:00,e9a9c611fe05d843336e068ef4a1176407877df5f4c18c7d423db9ee75c40b10
2025-10-30T14:34:09.758780+00:00,eb4f97a81d69c19a8648f84111322f40ba0fef26c39a056846b09da137a6e905
2025-10-30T14:34:09.880079+00:00,ae15e78db50b29b0dd2784042ee28eb03c6385132f5854563ab57f3278923869
2025-10-30T14:34:10.003860+00:00,62ec8cf857a5ba46dedd1a7fe3459a35f6f21c6e71a8bb3fb74a5b27e72acb62
2025-10-30T14:34:10.126841+00:00,fa7f4a5a8a2bd5eb71d731997ea93e82c5da2d44f030a812a2ca78edc256ac0c
2025-10-30T14:34:10.245512+00:00,ed08cdb5afe479aba95d89dcecf2b832dd71127db0b229884afbf42309200046
2025-10-30T14:34:10.367130+00:00,48a4b7bb2d6f0f01784e8db7151c8f96ab5d89b45e568c14e650656dac956a6b
2025-10-30T14:34:10.487754+00:00,be184d72f5e97eb0c941df44396e46622ef19cc74239c576fa28b5b255195684
2025-10-30T14:34:10.610996+00:00,e0bc190b008908b07f46c2057adae8ae4462236dee94114b1570f0462be8d206
2025-10-30T14:34:10.733634+00:00,6ffdec7d6fee96852c99e0dfd00651756c1da3dd8003f0fd570500981688674b
2025-10-30T14:34:10.857232+00:00,ac31ed7ff1fbb8400af1bbf54938097e3a7d0c5fec35839bb6a9eba0b8d5d72a
2025-10-30T14:34:10.984778+00:00,f297fd48663ea2cf3615d7a02a87c25b7fe38d571286a02e6afb7f7cf98ad36e
2025-10-30T14:34:11.105109+00:00,704e9ce34ad578da18944f42f5d119bcb6491cabc46e8ba3b91504ac4c5c54c3
2025-10-30T14:34:11.230742+00:00,582ff290c671dc9b3b160edc80a046228ee7f9e524bcf36e07664d1ef0d245b0
2025-10-30T14:34:11.354803+00:00,37b2c2fd38ea562c179f794ff314d62d2d342a97d57a8a123ed0c154e8220593
2025-10-30T14:34:11.476467+00:00,ccd2b26a2480bc3717bd8086da710038073d900b43fba8e6f407888a570cbdcf
2025-10-30T14:34:11.598372+00:00,4bac51e5fe0c4a1ea5762d3a7071302910b67935ef1c4f8f9420a010b2e6a7a0
2025-10-30T14:34:11.721170+00:00,3eb7b1f6084ac06c84b466a2da783deb6657042240ca3479eacfe1d0bbd5f9c8
2025-10-30T14:34:11.844199+00:00,90dfd40391823a0e2ab2b1a73e8b694f1d0af5d758542fa38473947e266f5a2a
2025-10-30T14:34:11.968610+00:00,9f0a072fb3647fa273e575ee9885d79188ea94354e17320b619b39e761bdddac
2025-10-30T14:34:12.090037+00:00,4ce697f5edfb619c9e7dee6c4c4a1b9441e14a76f7b673c25cad6fb28beab71e
2025-10-30T14:34:12.211768+00:00,fe6af6336fb9c5d05a52155326822cce12284afb66a9939f294ca0d22cbc67ee
2025-10-30T14:34:12.335850+00:00,b6ac27cfea74f48153d714c9eba72632b95536fb1674ca8fce128bbd4a26f0b7
2025-10-30T14:34:12.462785+00:00,597138169bbc2c49409cf4c35c1c28cd0fe59fd2d35e7426b880c7c60b3dc995
2025-10-30T14:34:12.583255+00:00,89c8ed4d95a93c5c9f8be355a4c6942ba79c344a05afed3637b15a9400e905f6
2025-10-30T14:34:12.704557+00:00,3d9b61262e4d11a71f92649b74a5b5884994ec60f1fa0dd59514846498ffeb4f
2025-10-30T14:34:12.831436+00:00,2d07882a24fca48e9eb0d522db83b716316c95c1fa53ba8d0b6140fa4c46f65f
2025-10-30T14:34:12.959582+00:00,4c62034f8f3e69ade06166251b8b404c3e55cbd1dbade6959a28ad8f90fd6f32
2025-10-30T14:34:13.083361+00:00,8a8d34e8c7a1bf215c6860f6038a4866ea09380a00f5e1016a19f8a164672998
2025-10-30T14:34:13.209000+00:00,7fc0fd2c8fd8ef02ae1e51696ca3c0c66d7f5545c1117cf70e7520fcb66f5b5e
2025-10-30T14:34:13.330603+00:00,c08f5e21e382c9bc0e6ea26f887a0b27eb70d6fd28586e0a3265aa11eddd6162
2025-10-30T14:34:13.455145+00:00,e14a40e195ff3a18474a32a12f6cec3749dc0c49f5d5303b4e8ed5297526cff5
2025-10-30T14:34:13.577474+00:00,8690df923d0a115f61290e30656161c9462d50d7f47cab1401db78c9f29b946e
2025-10-30T14:34:13.696844+00:00,019bbd854d896cc3f25bcecc886c889b9a83052f88a80177cb8aa2a1bba2af7d
2025-10-30T14:34:13.818487+00:00,a18d1a58a5f8e7a290e655b6c67d78054a57809b420913b1f95869bdfcdc7231
2025-10-30T14:34:13.937746+00:00,cba829d3309d0879a87d0ddcb0956faaa7b3fbcc1da60a888020272bce77b07e
2025-10-30T14:34:14.058796+00:00,6202230603f554944774418c84c8753790a5078881f3f1ecc54fe30be30590fd
2025-10-30T14:34:14.192610+00:00,1f6504131e566c2e7e0305260670e916457394e4193998704937c245db14e64c
2025-10-30T14:34:14.519974+00:00,65c758aa2906ac76d43e007fcdb620075ffedd4911751692f63abf998b6a19dc
2025-10-30T14:34:14.852061+00:00,13315c9fb33680372da049e67a69a26c5363a84c60f30d04bb82b4729614cc86
2025-10-30T14:34:15.183742+00:00,58a76bf11907143c733746bfcb660684f69a714e97b0fbb6c3fefae9d3639781
2025-10-30T14:34:15.513566+00:00,5404842abd5b23f418e2236de69709d2689ad9f3f4cd230f10e996f4d6f69061
2025-10-30T14:34:15.855583+00:00,cb5f6d6d88622a43f2d51fc5b77479ed5dc77b3117746e3603c65951d6f668d6
2025-10-30T14:34:16.195418+00:00,9dff104f2d38f3b1ba7d53701594bba456c81df431ab614f960f27c7c711d0c9
2025-10-30T14:34:16.543882+00:00,4eafbece610465f18069ce6bf7b8c4f76fa5d7dfb63a8edd95aeb38cddec3ade
2025-10-30T14:34:16.877077+00:00,0af079bafaa05452945cf8f7ccdc1aaf8b172899b9344d5f570319e51f17955f
2025-10-30T14:34:17.413759+00:00,90f0ff1b6b3ab1782d01c989fbae729b659232057196e325ed9d422131628d4f
2025-10-30T14:34:17.746688+00:00,8decb385ebcb8074fa1b99b7960d3036d675b6de00d5011574500aca16cd019b
2025-10-30T14:34:18.105545+00:00,6366e9b299aa54403f8030f7cfc6727974e660ee5240c4f337980ab3ab0393e3
2025-10-30T14:34:18.439493+00:00,d9b08810ea2cbe6fa81fece42ebf642791c2a67224bdf238b4ec2a3e795b5965
2025-10-30T14:34:18.798487+00:00,123377004db5c1d83ded5f2787c0b51ef6b2f9653730ef43d123c6e12b54595d
2025-10-30T14:34:19.138524+00:00,c5c9f23e327d4935d67903c4423b77a2c4556873dac1a7d16dd648e14bf8eaff
2025-10-30T14:34:19.488812+00:00,13b223d6a40e3d0d0f292b667b8e834ae0c45eabf397aea408c3e7733537da9f
2025-10-30T14:34:19.815548+00:00,31c839ba4e1f1456660687137e2d2ea08520e2b5b830be90dfd117b9395e1ade
2025-10-30T14:34:20.139564+00:00,7e6ef745f657dd0f13f5d214c3005392bf2274d41b3f17baca9855477b4528d1
2025-10-30T14:34:20.467633+00:00,3ef147435b59653e451f51055549700988d0cb935473afecc9ebe4d713d97a63
2025-10-30T14:34:20.797589+00:00,1a34a0ca6dd32d6dd4264c0c008117f8905286938cb121128a2a40c92f24649f
2025-10-30T14:34:21.129594+00:00,550503c819d24405bde3431ba485027c323e1a4a01a238535a1d0b22d9815849
2025-10-30T14:34:21.469144+00:00,5befb19eef1181e16457c4b08acaf038fa53c47f3cc6d8a27fa7ce5de169ae56
2025-10-30T14:34:21.801011+00:00,7a3f01b53519ed4ebe56e2be82e20cc1ff64cf8661c6b5829fcf3365c57bd802
2025-10-30T14:34:22.142317+00:00,19e42975a9c5e0ce17c4adabb9c932632739be7242207d966a1010d2887f943f
2025-10-30T14:34:22.684149+00:00,328676a17be83a540e02032124699a7867e417ed17dfdc7c775cdf5ce199b304
2025-10-30T14:34:23.020939+00:00,f55a01d1942092d8abfe8a76d5f52df68ec65581de6b0cb47923959882cfb26a
2025-10-30T14:34:23.375258+00:00,168770b556be7732a0fe598fa466de14d73af40823f66c60fb04f7054e914b1f
2025-10-30T14:34:23.709096+00:00,766ff80bd4409f2b5d572550e07d7d2efc6e8d9454bccf82b76e9d709f3ea3e4
2025-10-30T14:34:24.041998+00:00,3ec129c01c77ab8dc8e3b032cde6da5783c05d276571039e094df5099bcc8998
2025-10-30T14:34:24.373006+00:00,26012162f4e71cbd7340ee5157fce63974e145a6dd4f45b428beafda3b63e83e
2025-10-30T14:34:24.707207+00:00,1222a1ee52b81b5e831032845b04092a0bf8d884b3347ee5d0f1c6ba41f513d8
2025-10-30T14:34:25.039160+00:00,dc1c96d710ac6f07c11acb667e4c45d641a7b26be8fa17c198baa96c2dc867f0
2025-10-30T14:34:25.367986+00:00,e8db29a1bded3587268e7d09ebe2bd1cd332969dbe7c4c66b78e57360093c13d
2025-10-30T14:34:25.706991+00:00,9bdc028215c7ad71ce17507a338cfcdbe55ce02c3fa107528176b2136e546c44
2025-10-30T14:34:26.045476+00:00,21376b59f76760d38a2b7a3fc1392b0efb309cbeeadd281659e2d70eb98f8104
2025-10-30T14:34:26.412935+00:00,324855643c3b5c14400b399b22a3d04e65402c434728422f56be5d2e218ee2e3
2025-10-30T14:34:26.744056+00:00,f66b844f4ced4fe0a73cdf4c2f8b7bc893cc033df2974c3c7e93534b09151768
2025-10-30T14:34:27.071848+00:00,bc1d16a301f3a0d3252099170d228b03413b3872e8948f87bbd91d508b4a1360
2025-10-30T14:34:27.405047+00:00,fad3571600643bc573d43c6abe628608b09bc1aed80f20cbf18269085a35c548
2025-10-30T14:34:27.939373+00:00,d2c7132459fa15c66078a9e18d9d11282ff463e500239d9cf0a4ec351d557c7f
2025-10-30T14:34:28.282252+00:00,a81c630de721f3d25aab8b2cdb1f8e35ce82e7a63cb207eed46d8e85fd62e33c
2025-10-30T14:34:28.638317+00:00,d670baed38b237113dd9770780f2ff0e3c9e90421f96bdcd61e1861813eb9a11
2025-10-30T14:34:28.967104+00:00,91fb102bfd82da200625bb68df397febd8d5244178295082bdfc047ed4acacb5
2025-10-30T14:34:29.300588+00:00,709a582bd8a0875fcfb12afbfa2f6a03975fabbaad497a63724ea26101927151
2025-10-30T14:34:29.629120+00:00,d355308de1b0ce603c62784ee9e293cdf68e4046ca7475a8eb67d5f8bfefd6d2
2025-10-30T14:34:29.961862+00:00,208ca0ffa65cc860d8b5b9c34983a73e0f0b67f62d3e7369846ed1b126b040d5
2025-10-30T14:34:30.292262+00:00,70966977a59965e03e20540963e09f29aa5892dc0ebf81016522a6d5517b8185
2025-10-30T14:34:30.620309+00:00,adefe6ec29261ef4a10d210cd91cb981da97ea2ec834caf0ea4d2b61b85e9798
2025-10-30T14:34:30.952122+00:00,3e00f6eaa417e05ec7b3d84f1f17373134591f9fa768a23cf716d744811579a8
2025-10-30T14:34:31.280299+00:00,c88de39ab4334df7d28ba6b01904be0f5c43cfb607735609a0f77eddefd27757
2025-10-30T14:34:31.619331+00:00,dcac661063bca25ccd2a01e094065d19a24d22b22bf82d32ab5c64293ceb5991
2025-10-30T14:34:31.948317+00:00,ae7fc4a35cb850d4de67a0b52a0a22b7f9602c1834977824569dd4b13f4e4803
2025-10-30T14:34:32.283158+00:00,ffce7b6d749e023c196e0e56713aee36ac92983086d6992d86a76ea3970922a6
2025-10-30T14:34:32.612425+00:00,bbffe66ae7b631d43ee4ca032ee2c9e6c80e8b1fca77e23d664d271b2de09899
2025-10-30T14:34:33.160509+00:00,cb12a1032eb1fda9a3f301b5d9d49799736b1c91c3f3a08a4c9ad17b663081b2
2025-10-30T14:34:33.522299+00:00,0f8d2d32573b047660e7e91e614bcfc67e15c4785a98a6cdb03be31f482b6f45
2025-10-30T14:34:33.867434+00:00,a84ccf524c8e0506323a23d93052d09e3cbbe3d157cf24711d9bddb39c45f03c
2025-10-30T14:34:34.216537+00:00,2aa255f7b7ab47a06f7ddcb96aa0a3ccf6dbab1696c7cbb5142e20dc07a77a77
2025-10-30T14:34:34.557437+00:00,41e4d31e92803e9b024a66fd436fc07079adca537e2db85ddc68c389f63fded6
2025-10-30T14:34:34.901105+00:00,62887489ddfe8e023e5dc5d6bf25309371983e7ee2a548f5c30790ba1d5ac3ee
2025-10-30T14:34:35.243345+00:00,733bd52188a9b9eeefbcb88276e86a2562c2aac925a28d1aadfb35612bb87d0b
2025-10-30T14:34:35.594129+00:00,f9857c5fbc6dfc18aef7e7bfc323ef0b9747cb53eede77636fd70be7ec4e1a21
2025-10-30T14:34:35.933160+00:00,ec0cba78015ad0a2e84dfedf282f0770b4bb86c2d2532b1cc2f3687c03ffcaa1
2025-10-30T14:34:36.268819+00:00,def0475235b0488ce86ae41bf10949196c276a42732b5fb61038d3f1c3c1bb42
2025-10-30T14:34:36.627098+00:00,6f37ce8ffaf9f5b2da6210bf85c752d794834c13ae20a898b88cc25087a376b8
2025-10-30T14:34:36.965232+00:00,ff220629021a4b68022d816cdbaff190041a4c0a011dc110f8071f77fb5fb2ef
2025-10-30T14:34:37.307793+00:00,7ecff82d05ca8b9d7733ed2fbc3cd82517d2b4981db3bc67fc3a2fac2ef22e6b
2025-10-30T14:34:37.664077+00:00,1507c06ddbea1dab92a4ac84ee1e3ec4ff07c78de6227af195dc16c4a2881a68
2025-10-30T14:34:37.995622+00:00,1ee9771780b7a085ef10fdaadccaf764d83963a7cf53db77d7fc9fc6729c86fa
2025-10-30T14:34:38.538040+00:00,66a4d28672c1c3e6186cc094a52050eabb3af970a6492296c0fa775128103031
2025-10-30T14:34:38.874352+00:00,15be1e34c31b7181fb571594a32ba323824ec381f3e390b7c7a9b1acf37d58e7
2025-10-30T14:34:39.256364+00:00,21cfbe2fe812284322a8358ecbf92e07120064db9b38ce4eb1ed5a8dc1591f66
2025-10-30T14:34:39.597219+00:00,197becc7d84a3e9923d8f5e6b860c8d097e0c435c4dc81971e6f40947ca433ff
2025-10-30T14:34:39.941305+00:00,9f7a1358b339c24f29b96ffe149bea991ada03eb9318231c6b0e70b7fa232955
2025-10-30T14:34:40.290952+00:00,c9113b8d25e0717b6b86e9ecd7f5c75244ce82648bb3ec0b7ea9313623e7065d
2025-10-30T14:34:40.619261+00:00,8af39a30e292d6e212ac4b09a26b6b387a49d24fd6c991e4946b17f6bfc3fcb5
2025-10-30T14:34:40.964603+00:00,28013f016a56f0755d88a9e625fa6f911f446bbe0d4c2621b214eb6b1b1e4c2b
2025-10-30T14:34:41.311685+00:00,40cdf1e24b68d2378dfa1290d1590a99a7cba5a4927dfc22369f2fa491136f02
2025-10-30T14:34:41.650217+00:00,a29eda2231b67ec5e47344bdad7f9c64a8560eeaa2eda971a009819a224d8eb9
2025-10-30T14:34:41.989134+00:00,231a49cb4f6a8bcbf37a9ba96d3f9a7ae895f7514c18d0bbecf2df9e092e7d95
2025-10-30T14:34:42.328832+00:00,32dcef4c47f4fb2e7e342615ca766d1595e27053847eac5802bb2173adf6d5d1
2025-10-30T14:34:42.667688+00:00,4ddf85d2610789d82a085f001797b9582f468036cf45208f94a9b3ce9da379d5
2025-10-30T14:34:43.005976+00:00,e60b9471b224a022425982d566615868136e41ac737a2b9a0a77a8ad450894eb
2025-10-30T14:34:43.343417+00:00,521de549df5a14e6ecbe6dea3d636a72e47ecdd1a7e8e977925f89157151ed78
2025-10-30T14:34:43.996107+00:00,c3e31bb8d4e135b7c30127c5ed17cf014f2f616d87f891cc53a24072e798c8c0
2025-10-30T14:34:44.347273+00:00,16c5ee433e185017451ee925b6b608828e10f522456d4034aab94ca9ee216d48
2025-10-30T14:34:44.693144+00:00,36cf92c38fa5e86b9a06d43abbf73fc397210e6828148b7e180855cfd5f9aa19
2025-10-30T14:34:45.045385+00:00,3f96ad952b636fb8c4f476d9c5aaf42a84cfd9f689bc4b79063b5e75ad3a1d0c
2025-10-30T14:34:45.419187+00:00,5db5e4184e20f13ce75c928ad157feceb93f6e752e7bdce0e2b20b3aa6cc3c61
2025-10-30T14:34:45.769380+00:00,855ca014550a22836422fe7fdf2aee6b25a8d35ccfff9ad37f27ff7a242b7f26
2025-10-30T14:34:46.111119+00:00,285daa45466a060b53b8a9df4bb11e95c8c43551a1e2aae3e0442b9fc111fda6
2025-10-30T14:34:46.454142+00:00,8164bc258c3dba5061c8a5c137d836e917880a36821a941610f3d03048f9fafa
2025-10-30T14:34:46.814543+00:00,33306ee30376ae6be663f782800c734c98b309220c0905605f56af1c91e56a0f
2025-10-30T14:34:47.148641+00:00,04d4b3d52d90c9ced5fc003ae6588f40f7a2934ba345dd5b5c9a94cd61792141
2025-10-30T14:34:47.504110+00:00,ce5d22dc9ec07dd06d22b7fe7e6348689ad5d1f442ab0a3bd41b8f7aada6fbc0
2025-10-30T14:34:47.860417+00:00,78722e55bb33a62b50dcdc808fe867dff858482a4df5e7c8579db4b8b2cf1523
2025-10-30T14:34:48.199974+00:00,aad23180e10e7777bfc194588474d68dc8cb0c7235a90f6be50991e65a10b7cd
2025-10-30T14:34:48.543220+00:00,ed9a99a1e0323f9b6271fc4827e1e48807c01ea5b91cab9fb46f42356817b8b0
2025-10-30T14:34:48.888403+00:00,b3fe5c3826c6b22f8432d44d1d9823ca6ac8705741df5a00b7564212b24dc50f
2025-10-30T14:34:49.435384+00:00,c045f81d5311e2e8ee9568e9e3ae859035820eb6e236a16614b67db4bf6ca662
2025-10-30T14:34:49.787514+00:00,0f396f4106763ba43f401704949d0bcfae6d86fc9748b5e97095afd992b5d393
2025-10-30T14:34:50.155916+00:00,0077d5166436db2544b06076d9da6ab1af4c4b03077e56090d5fe67acad20b34
2025-10-30T14:34:50.512246+00:00,bc3b7ffc7776d068f6397fa91f37adbe0ef9ac76d63a261c2af6f8c9de058d12
2025-10-30T14:34:50.884988+00:00,36cf30315a248af4c66a3bacaea78e1d7698838f8848d16928ba6cbfd1a1b387
2025-10-30T14:34:51.247329+00:00,490b09c3311cb75c1adbf5d59c071bd2789088e68cf42e6f60e4b2e536a675c3
2025-10-30T14:34:51.611669+00:00,e491ab56310ce99e292d6f7ad3d2d2cc5d2f37bee992e040738376e9a14d3168
2025-10-30T14:34:51.964335+00:00,454a5e8edb980132c1ccc979bcf38752fbcee67e715477616de3c52398cf77e2
2025-10-30T14:34:52.308852+00:00,4882924333c1ccb8851432e168c49d82ae4dc53ae65d39b3138f0c0d5f09de24
2025-10-30T14:34:52.666072+00:00,bce3586a43a002669fe6979c9bf60fbe94cc67b64621ebe4de4f09d23eb4a486
2025-10-30T14:34:53.029481+00:00,36f0022eb533e28406b01800f6b866edde3bce50b102efde10ab6ab296f8b824
2025-10-30T14:34:53.390379+00:00,db96f74b0e9ad67722fec45c72a259babf1a39b8a2a91f93ea9f39123303af3e
2025-10-30T14:34:53.754547+00:00,45d9787fcce15eec42167159f9e8fdc708f26bba7b62129f2196a879e0fa18f3
2025-10-30T14:34:54.112690+00:00,447d37e41390433afe4bb58ab9d0c5cca2f9eae213be61070eafd50974b87f99
2025-10-30T14:34:54.681365+00:00,4a5b0db4e1763e73976a35eabacfad5a1e7f8028e2d006e6227d8653152f91cc
2025-10-30T14:34:55.032038+00:00,95080d72d7e67137e1b7a7e7712f27641fd700eb3cc2c49bec28f8c7d1f15665
2025-10-30T14:34:55.385091+00:00,993ef04fbacd2b9a29b8c8ee2fdba26a2cb4fce4cd5cb01b49ff754f54ded3f4
2025-10-30T14:34:55.745928+00:00,44bf30cf1855d6714a805b365d7def84fbfc864956a7bc24ab239bbf905dfba6
2025-10-30T14:34:56.097364+00:00,80b81a467ace9d625e2f6b138e073e02d0ae7836b6426cd1f1cf11201bb84b82
2025-10-30T14:34:56.443503+00:00,b978e898d1ae39e2791b772d20cd95dd39e9d5bae7ba2f29fed1fbba54cd4e92
2025-10-30T14:34:56.787394+00:00,eb8d49bee2d583251de10f0cbe14bff87ae18c4b717156cde317f303877548fe
2025-10-30T14:34:57.122025+00:00,1bb3336a2e7f49dcca7a0fa3904f9d6898502fa5bae4cf7f75c00cd809d13c8a
2025-10-30T14:34:57.450917+00:00,37bd03e9ce1c875b2cf39cb56a114994d8a2e780dd2aa8a786abc1ecbc0e3eb7
2025-10-30T14:34:57.799661+00:00,f6d701415cb6d4023b6c27d910d41bfe7cb0d21138491b58c84f4e98340a1436
2025-10-30T14:34:58.137938+00:00,c0c3d7159bf51d24b2ae88f5bd0d9eda411e50cde379581294ed12e30c7d6b64
2025-10-30T14:34:58.493828+00:00,7871889d10226ca1d562cf967c6ffc576e798f49754d519e105e3896342d5105
2025-10-30T14:34:58.831123+00:00,1b68381836bc7acbed2301a6c467f237997af46b5d98359f7f4c7f85efd7131d
2025-10-30T14:34:59.190061+00:00,f42c0c77d0ad6171bcac05c61a240434686cc232d88675fb4dc267ec332d62bc
2025-10-30T14:34:59.565143+00:00,391eb7c9e4c887cd82f94faa572144ace4aae7e5daa5486ec99a46e5bb377385
2025-10-30T14:35:00.112108+00:00,1fc0667466f0328430cf6d82c7e8ffe4efa592d33e6a3923fa435abc9d377740
2025-10-30T14:35:00.465368+00:00,7c63dfda7ae082498cea92b0def47a54810dffd7a8b5251f28ce534aed82d8ac
2025-10-30T14:35:00.796147+00:00,729d41feb110d92049a56d680eea11730280dfdd6d645c5f478217b5e40a232a
2025-10-30T14:35:01.132553+00:00,9b1fbbe13b5eee71d3336682c372fa02ec164bb716e7d41c5d773e4e784db0ea
2025-10-30T14:35:01.462958+00:00,6d95781cd197480ef8b7941795f97812462a342534ad7f4bfe538fbcd0e8d39e
2025-10-30T14:35:01.800208+00:00,021ac46de66500f0988017227da0b0ec57546d514c74b6e0fd743a58408f8858
2025-10-30T14:35:02.135049+00:00,ae2a53ed4cf48f8d49b42a7bbe2b131b76e6079e15396afbafde52f40326f272
2025-10-30T14:35:02.464887+00:00,1f7d3cc2c8eadfe16efdbb0168a27ae1864e9604dc0a365f3cb9c1622d40ddca
2025-10-30T14:35:02.793168+00:00,0c5d91bff0883a3b61efaeef17d29f6f3c042f6b6ab920547a905e1acf3b62aa
2025-10-30T14:35:03.150829+00:00,0fd901defc74965d25ca8cec38dcedc6b4f02fea4237705b2d5f63724e86e79b
2025-10-30T14:35:03.510203+00:00,f93be195fc0bbc0328168ba3910d5a78aaf40dea99b10e8e6199aea73ab78088
2025-10-30T14:35:03.866707+00:00,489f81bed27f48ae5e150a98f30ba2f5d4820dfa8ffb4e5283fe9307b423307f
2025-10-30T14:35:04.232131+00:00,bf34195d71e6b16bc3783d812d84184b3c3a2ef6a17f780870f3b6e2f4eec773
2025-10-30T14:35:04.590134+00:00,36f809888cc630eea47ed2f9bc6e2a7a5cd8564ab94c58a9f07844c3e150a7a6
2025-10-30T14:35:04.955409+00:00,47747cb5af5cf84b755adf93852d9d6b5d8685ad63bee26f60dc9f897f475f45
2025-10-30T14:35:05.536511+00:00,4ca34b3d3d242c00f996af57c31e004c638994e9819e60f2673aaa3a46bd1d22
2025-10-30T14:35:05.882013+00:00,6d5290e6433c14964b498f36f634a755684d31a11c162c42922cc38e879207e3
2025-10-30T14:35:06.224399+00:00,dc32550c01aa013ea0a29b65af24185e4f8b73f008cb028e7595e9954287b9ba
2025-10-30T14:35:06.587202+00:00,1828495ff0261cd72df312e6521c928a543b9267f44b077821700c9817935ad6
2025-10-30T14:35:06.929834+00:00,65fa7c69937bfd80582badee2b3e14f64c4f3b6dad920f52bc63571041e39b4a
2025-10-30T14:35:07.283378+00:00,5c9b075d27e31b029dd400388384ce6a7ab70bc7da9e732e1c1bd02f768d0905
2025-10-30T14:35:07.641244+00:00,00963ab246680a4f9649b29e7851f691e9704525cf8be99b37af164874977030
2025-10-30T14:35:07.997882+00:00,1dea7909683e9141fa18ce7ae2111426f9a0653e4eac2ba7194325154b20f536
2025-10-30T14:35:08.333715+00:00,2b67c8df4e75f53fe962723b51f7a56d17b9949697c2de7306a591a0b271065e
2025-10-30T14:35:08.683215+00:00,28503814f9a2e3a30717864a23912054d0b530894b1ee694ad1d9a788ba8ec21
2025-10-30T14:35:09.035655+00:00,bdaa72ecedbb61a95cb659804c865ec4fbde9787a390668acac9a189535e8297
2025-10-30T14:35:09.410642+00:00,07b4d0cab4f09204106e739cdfd6c4841b477032522845fe26d04e83441c4a4b
2025-10-30T14:35:09.759915+00:00,9c6c015fb080b31e033c8e03b501046f1f96f514c55e113875c4ba80c02229c6
2025-10-30T14:35:10.109986+00:00,bf5e670431d2f657d200e5ed76f4a5c9e2e63a9aab715b74d99b8a6d0fe71cc2
2025-10-30T14:35:10.462272+00:00,528ccb469ddf6b0d8cab3d99d99c53c8e86f9b89d0d8a83bda67559a49f6f786
2025-10-30T14:35:11.033139+00:00,e50948afece01e01e7baaefebc2e6e3d7927a8cf238e4f3d593417e2b3ed2406
2025-10-30T14:35:11.398335+00:00,35fc509b6114bdc7e7874658ebb429e3c20ffd51f3b61220ec058b81dd4dc3a1
2025-10-30T14:35:11.766692+00:00,755a8372a11731aae7fca4a2e0ba948b9b9a2d283a38520671433d0ea37e1413
2025-10-30T14:35:12.130979+00:00,1ad5f154fc86ca93f8861fe3a12bf8ae5243b0a6bac69bc2c9930867e62e4e1e
2025-10-30T14:35:12.494222+00:00,25f8b24b70c876d54a0b0bd9f7b69888fb4c55dacf90ccf72adf304efb050e7a
2025-10-30T14:35:12.865823+00:00,8ea242386f53eab4f95766347dd0a40092ec00ebabb24c21f3e1a0151296cdf9
2025-10-30T14:35:13.218091+00:00,d56caf5460b17947a109a40e357c92fde11dacb54103311bcab0c8a680494029
2025-10-30T14:35:13.577563+00:00,e8b68aaa426023b362c4198f86f46147350fb146d852628a07754841a9616249
2025-10-30T14:35:13.984564+00:00,eae276586718ef401f8ca620370e59e986a86f320132a3885eec1871b669a63a
2025-10-30T14:35:14.342086+00:00,f2745749b8515b3d4802a8c337663cdcd76f175f48e617fda81b99ffc8405fd1
2025-10-30T14:35:14.710764+00:00,66285fcff9f9f96bc337bb033392bcee8f5ae5efac9e465bffe4d13bf0d47e1a
2025-10-30T14:35:15.076717+00:00,d84af41af2d6749175ee4ef21a68018a5b909811c8d4c786c235f4fdddd65d9a
2025-10-30T14:35:15.439007+00:00,a62b21af3766a96ebe6d625615b2822fe7d6b79f75b7facfe45d6234df62370c
2025-10-30T14:35:15.804222+00:00,fc131c381f198a839d379a493d0d1acb16895ef5633b1d41bc9d4e17a5260beb
2025-10-30T14:35:16.364523+00:00,a0dd6a4b8578e451a893c35b8032a2afe3ba105a4f2b4eea1ae90e04fed21ee5
2025-10-30T14:35:16.737897+00:00,03b88ba6693d2f422e7205f0a9769fc4d7dac97dbd9b2c0bf32de9b07e9d32ee
2025-10-30T14:35:17.075654+00:00,a1119a6fa640180cfaab4bc7c0fba42c0ab2b28ca0c104408f67260526fdcf69
2025-10-30T14:35:17.443398+00:00,cf6814a231c8f742a364cc0b09d89f94d9735c777916a09228d86a6e7c073205
2025-10-30T14:35:17.799410+00:00,b61a246ef09d0beaee5dd7b6c4a8b0c5e4606b94e61eebc5f7039ff68be667ec
2025-10-30T14:35:18.143689+00:00,677357d799a36bc866167218d8f2c359f3641fe1f86991581798009d61e28b08
2025-10-30T14:35:18.497195+00:00,e4f31721e9f34f485f9704a70c8fe4bb27bcdb364edb2baed02a56a2b604290c
2025-10-30T14:35:18.834602+00:00,866b7c19a1b05d12a6d65219f2e630d1e295dd619a5474b1ecd0ebc9fca63242
2025-10-30T14:35:19.187524+00:00,5612a2bb42d073c5397205d75c06e3fa00c6871b052ad132613bd229cfa0b831
2025-10-30T14:35:19.552261+00:00,4d347e3245f735e557dc7dc4c854bf956f69b93eb8296631ae818806d7ebd843
2025-10-30T14:35:19.921633+00:00,158da1f08d2b0d1df3909605ea942f456bed9313ff50a792bf61fa0239036516
2025-10-30T14:35:20.284370+00:00,b98c3be052b24878e185d84ad7a0c6df34b34bad0411bc46c9b29232b000c48e
2025-10-30T14:35:20.651211+00:00,ad99212401c32b01805d80d8aea4366e358ce39a9ff58fcc4faf3998ac6f7875
2025-10-30T14:35:21.016532+00:00,d378648e3995889fea667f2c99c81acd24416f591d971161eb082c03098cc413
2025-10-30T14:35:21.589430+00:00,3557a8b6fef1fa6b63affed82d260727e1faf6f391129c9c7b8c473562f3e267
2025-10-30T14:35:21.948718+00:00,14e5ed593a338fe4cc675cc959716b3f1182395129c3bbd00842050eea903c75
2025-10-30T14:35:22.306480+00:00,a456c91e75448d0bfac20ea538cc42515b23239b8941dc980a19626042539c53
2025-10-30T14:35:22.676383+00:00,c51b855b4dea3c04e85f5a9b766a0bdca3f7e4d8005156c774b89618c57b62d9
2025-10-30T14:35:23.035315+00:00,7a41809f8439f5f26f80dfad6929660565e16b1aa154844c3eb286c14ddd7486
2025-10-30T14:35:23.383039+00:00,cd3f5c25eab0bf9620d5f993852c0f17c7a7fe568183d425ea80ae20d779f7db
2025-10-30T14:35:23.744355+00:00,34aaa03787871a6667f5c48acc1875801cc608ff206cc3d4512959a1e83a8026
2025-10-30T14:35:24.096073+00:00,d5e7d2c0762cae892f5b37c83f958180eb9af36f0ca3286e981389124265c5fd
2025-10-30T14:35:24.459309+00:00,3f5320cf3b35f4fde77e96ef84e92f183a2017ac57505396e99386c2a3c75458
2025-10-30T14:35:24.814296+00:00,fec366a47e01e28ac78c19eff164c1c02642512ef907813bae2e9a050f41b0fe
2025-10-30T14:35:25.172756+00:00,cb6d263022327ba1cdf971fdb79912b0624847d3cd28d93f2b698eccffab48ca
2025-10-30T14:35:25.532647+00:00,fd044bec1e1280971b1326cfd9229b54ec9e311d091765f45f6725d25f02870a
2025-10-30T14:35:25.874005+00:00,9e073d6d2f68edcd4a64ca044cf8d35f0fb8ce1543e17d023ec56481855f9cd4
2025-10-30T14:35:26.216986+00:00,2f09248810510b99a782d7d437d5fc7f92887184baf30c7125357b2b77826d3d
2025-10-30T14:35:26.573050+00:00,0181565a5ace6df9c800f32a8f30f3325c8711bfcacdd4ec4bd80961ff55b67e
2025-10-30T14:35:27.122044+00:00,fcd71602e4d3a5c1c3a533441efb137487186e351053088335bf2e8ae08974d4
2025-10-30T14:35:27.481021+00:00,0b883a84abff888c87f6658549bfe252c322f937bfbd70956ad133ec94c8f82b
2025-10-30T14:35:27.831635+00:00,3e7ab133033ed8b8ba4e5cda233b8af96a5fc81dd9ed8a31042e3bd10d3e0c40
2025-10-30T14:35:28.170855+00:00,70df6b3574f175549239c7ca31d8053d35ff85008bc76742957f5d469530bd2a
2025-10-30T14:35:28.534165+00:00,cea889ce8cb3992fac788995e6adec4c9168dc3a236b503026882bd143d50bfb
2025-10-30T14:35:28.875215+00:00,13838ebb13727fa2abe0a86f729d570fc4b7ec09e7c8ef11162f5c4a58309030
2025-10-30T14:35:29.238644+00:00,271122f02f1f153c4973c314cf826efa2b98ca901ad25aa0710cbf156069f615
2025-10-30T14:35:29.612072+00:00,07ec315162c6cb7ef0941eb3d8e0259685754e074a72522e58a3493196677bc6
2025-10-30T14:35:29.974197+00:00,f8b1fb4ce3aa1af996fa953dc3e8070f93f685ba2e5e07f58e2b7f57b7085bda
2025-10-30T14:35:30.342203+00:00,318eec88e3fffb0b87b7974004e24afa445f2da4c3e1349b7b19f4cf9e04eb6d
2025-10-30T14:35:30.676775+00:00,e6f0f97c26c8f4f8c2150b53ec1a2c6a5712f37c6117ad024dcc17d4178694c1
2025-10-30T14:35:31.008788+00:00,54ecfc0fb8b30c1c523faf1dccc3fa71f85819a19baed19af4a5240acf87718d
2025-10-30T14:35:31.338718+00:00,f394ccc1d9f6b83ed60ca61a5416754ae29acc12c7b5197cb53da8bc063eefd3
2025-10-30T14:35:31.667212+00:00,ac76e8a89190fa2d5b0b6fdee6e870f2d119fc67b4ded1d373fe0c71e6816d40
2025-10-30T14:35:32.005887+00:00,9c17f2318f84447e0b86cc3cd5899fcca626227eae465c0cba6f2d282117dc4a
2025-10-30T14:35:32.539865+00:00,d83c8d27cf09d7ece04e00b563d70021c2921c735308ffcb919c4731b88d3e3d
2025-10-30T14:35:32.872032+00:00,afd2c6bd7fb639dc91b4cb321db81be32a971e126ecbdef0b6d7a23d6d610dbb
2025-10-30T14:35:33.208078+00:00,02c92df0d3c7afdc32d1d05cbfa36b4fdf4fcfcb44ef9bcd4b176ffc2624353d
2025-10-30T14:35:33.551080+00:00,407d0e73bf04a941b75c077849026a564edc5851f86f0c162720335f0d482b6c
2025-10-30T14:35:33.911650+00:00,6271aee25251a6b72bf5dad460c73ba96c3d28d53f632caae5980d12cf3b870e
2025-10-30T14:35:34.268459+00:00,5981bad6587c607f7f36a74a209e999ae6831881d57f30018372d82687893b8e
2025-10-30T14:35:34.623457+00:00,efc4f201c8d4465b4d1ea67549a7b0bd8b6452158ba016fef6cce47bf7112eeb
2025-10-30T14:35:34.985052+00:00,089417500204b9dad646a4a096a53a4bb0b9e0407bc6ba16c930fb4a42f02973
2025-10-30T14:35:35.344441+00:00,0cbf57b00a4b0aaec6efbcfd72df828db4e33ef15758707146b97f5978f8109a
2025-10-30T14:35:35.715059+00:00,1c812b08399ce7be5cea1f8e5b92e98e4e7422559578b9f434f36d8d9417ac5f
2025-10-30T14:35:36.049879+00:00,ef87d4f496d4cd1727bf48acaf42116cd71bc4dfbca3249290a1d8a2a5616095
2025-10-30T14:35:36.377934+00:00,2c4b0b71aae0e9d21abbf4a5b63f6d2b08ca14f9dfa32fb6f2a2e86cbf5b9c81
2025-10-30T14:35:36.712061+00:00,342dae128becc8fc3924d917dd9ecab266dba80b187c8939d217b3f7864c902d
2025-10-30T14:35:37.048014+00:00,20649658c539cb0254dc5dd45f20a1eac11c7034a2789d169e7759d59b6da33d
2025-10-30T14:35:37.381745+00:00,4e562ae2c10d6b1fcd056f1ca3ef4e9e48f53f3ed930df3e7f1e83264aef6d94
2025-10-30T14:35:37.922959+00:00,ef332aaaa63c4ada64dce22de8dff5871179919b27eba5f634df5c7da80aff5e
2025-10-30T14:35:38.251839+00:00,7d7c2b5eddb971a0d387bc2f464257159886c5b9ee27b20c15465bab7d4a7d4a
2025-10-30T14:35:38.586045+00:00,c0a7c23258b6154dfa289d9943f984cdc85a1ef4aae1e2f56d12001a883bc152
2025-10-30T14:35:38.978991+00:00,0287d383ecfb88909a330d0706ab1f3eb2f1784718b8bee60b2679ad42565de9
2025-10-30T14:35:39.331419+00:00,24671e6322cd706dcda3cc2ce1fb2181cd88c83e734093bf5c746eead57be477
2025-10-30T14:35:39.693332+00:00,db2a88815a3b47c86a8a009838b85302882f78ac67f1097dbe87fabe9503c210
2025-10-30T14:35:40.058263+00:00,0c5dffb49169359a209b76f7b90aaa2e19daaa4919e9fda8c6cc59568f094043
2025-10-30T14:35:40.425210+00:00,69c29c2ec94f2307b50e58d45265d4a178ded08402b9a2c850d7fe8866e9c4e5
2025-10-30T14:35:40.822378+00:00,5bc881e92ca5e8014e8315026627b778e4707abad6fa0f7dabdf68ff289c22bd
2025-10-30T14:35:41.152300+00:00,f9fb111e8a2c59c47a92156bdcdcedce1d8faea0432cabc96e180e0e551963ad
2025-10-30T14:35:41.514184+00:00,0abce88b4fbc598780885c9a14e8aef604ddbb7a07f0a0258a78a200c2403ced
2025-10-30T14:35:41.850703+00:00,2ce69df97f2c1a5971133075a2797807037abc941a142041173903ac293e0eac
2025-10-30T14:35:42.195110+00:00,2aebb5c1ead11a7a81c2b4a3c98b6ef93c7b135b4ea080020daf6045aae4cb5f
2025-10-30T14:35:42.549001+00:00,25a642edda5a7f954905c248e4c217a334d57a47745bf51c6cadd17c684dcd55
2025-10-30T14:35:42.877473+00:00,2e5d053b9b20790bc7f20dbc3ca493ffe1c188f6a489304988823a233e6cd996
2025-10-30T14:35:43.471013+00:00,c80f7c6102337e7138fa6cd833bc6d49a41553b7878eba85c0851ffeaa4f3f9f
2025-10-30T14:35:43.818578+00:00,fa6db296afe601a9e7067829c7b5fb4b623b3d012c84f1d1d8d0151ee03fc2aa
2025-10-30T14:35:44.165294+00:00,7188362c4d409357b51c1c393317cbb5a04bbfe6efbfe21bc506fd05dbd292e7
2025-10-30T14:35:44.531908+00:00,6db208e39bd13c9342f5532793c29dac3dd37db759b5744993ff9421ea34dac8
2025-10-30T14:35:44.885169+00:00,98afa8e8fcd0da218a096f70f22f07652454a10fd1dd16247d407ba5ae4e9928
2025-10-30T14:35:45.233304+00:00,6e1049adb8a46eb97fb40e3edfa86f21acaa33a32cd1cdbcf979a7974d92fe7c
2025-10-30T14:35:45.597884+00:00,7cbbd3367dda988e793ea0d065975a15e77b7eb467e2752a8d4ab89a4f27c8cf
2025-10-30T14:35:45.938010+00:00,9202664e50336dbc18e35c461dce6839bd7fe4e4c17c5e3cd93e227cfb1eae66
2025-10-30T14:35:46.273985+00:00,ab043e8b9eff100511d0f4f19c19ab7d732c081c2e840b823fff15d54f545027
2025-10-30T14:35:46.615907+00:00,9625a654f1dab6ecaa4b0ca7a2cf4355b1e687757eb26af01718573e746fc3c9
2025-10-30T14:35:46.945332+00:00,89197237400817cccf8c48e519ee8a53b77b0b77d45b6db42d296b2c5f010bd3
2025-10-30T14:35:47.276026+00:00,ae8ffefa99c84a927bcad17ddef396b6cbd95c8e5192f22fcbfd7331daf68330
2025-10-30T14:35:47.616182+00:00,27b256315072c62bc3ba681006966ea32b5f84cac7634cd8106876457c1384a4
2025-10-30T14:35:47.946788+00:00,ff418e0d8ec5adc2f4e1a1481bdd772a2d9100c09034ebcd3d0645a3d8148290
2025-10-30T14:35:48.273820+00:00,da12858223a40e9abf9eb0f215e1bddc0e75f39c993b0a6cb089bfc6eec26018
2025-10-30T14:35:48.810046+00:00,78a57be0e56373bca86b87f76935ae3f0025f057611ccf7b5411291cdcbbf558
2025-10-30T14:35:49.148169+00:00,7b9f8e2a2f29f53e69aca95b5069f3e8dbe99fe897a8c80c00d9c9effb7472bf
2025-10-30T14:35:49.510708+00:00,19e31903d53526b84f8da4983ccd4802abe520a82e7b28bc2eb7632f2bf4af30
2025-10-30T14:35:49.877410+00:00,9c3d35e9acbcae73cb325ee1189c39a099032464ebbdc1b81fa52c4a0c92f057
2025-10-30T14:35:50.235881+00:00,b5d961fbe8e810295f215a647a14679113a5e2cc1889a10ff321714aa4732b87
2025-10-30T14:35:50.598252+00:00,46d178e5ec773b1477bcb9e427da49e2d0cb3a62b4c386e32151176b8db14ee0
2025-10-30T14:35:50.959352+00:00,fe0fbeb4f953797a4674f61339e6ad7bd5c0a6bfcd45f990f89bc12a670e75b2
2025-10-30T14:35:51.334323+00:00,c788b08cf91c7f8882e93691417ea8a27b3a6f834bdd8ccfa69f0e098c33d436
2025-10-30T14:35:51.660290+00:00,1f970776c29da22da1c632d196ff8e87c2a066f027905e526309ce90a8849256
2025-10-30T14:35:51.992399+00:00,0466179698a1498af51f4d4e1d1443a8addb25e2dd16ba6d63c9fb67374261a8
2025-10-30T14:35:52.323516+00:00,629cbb2e66f72e3cdbb87fdf3fea3d04275ce5837c177119e84b750946ebe7f4
2025-10-30T14:35:52.664456+00:00,277270997e84d59d578170368be1ad46fc9b9f5b646d082576941bf3cd7d83d0
2025-10-30T14:35:52.994330+00:00,bfd720614413bce232acd9e385f2b550135b741406509e078e2c8802b4987f19
2025-10-30T14:35:53.329516+00:00,0ffd0f3ee8ff54edbefcfca929f2c850957cccffb5d971668a0a89b8c62a0612
2025-10-30T14:35:53.672154+00:00,4850c871c92bb1ce31df6f8a161de4e2264b1a5cb6106c45ca9efa325cce2631
2025-10-30T14:35:54.221506+00:00,564f6a26be1b1bed87a9bb13d3add9cddfd4f2cda92d9cd2414c097be4a72fd4
2025-10-30T14:35:54.590909+00:00,789b5d0bcd04337154d725f965c4f87a51ec58007ddf79d0b237fd4a08117a99
2025-10-30T14:35:54.952628+00:00,2ae26dbc6a7b4ebfcc1b990142567d4bce4d1d332bfd9a68abd66808709cc906
2025-10-30T14:35:55.324821+00:00,9799a713211977ff2fc88db88fb48710e56da407da313a19cb18b526a48f6def
2025-10-30T14:35:55.684342+00:00,500e50f76dda5d89d4aa0d1af50c5f59a2c106ecd3d16a3ca3bc538bc932028e
2025-10-30T14:35:56.020126+00:00,3814b13d3b38fe3b4a66877eb5f1f9d4284797d9ebd627aa476e5e192aa7e3af
2025-10-30T14:35:56.347469+00:00,30f97791320120e90b0179b51e7d2422b4d2f24848a2309d573fdb50a1d70fb0
2025-10-30T14:35:56.678373+00:00,892424fcd04bf3036f2102638fb4deea7e3901cbd14e566c0382938d26081425
2025-10-30T14:35:57.046020+00:00,88e6af0e36f3be2e13f614054af3bcf0df4c4b26804ac312ca9b40a3ef73c056
2025-10-30T14:35:57.385302+00:00,e948534352180cb5390c4ca1efe12943f5ae039a1142938896ff047d1faf4eed
2025-10-30T14:35:57.712280+00:00,f3558458d5c55942f3f3fec8a45574156082c49f311c102374c275c925d5e51e
2025-10-30T14:35:58.046419+00:00,b9427fb3f3cc1157ad91dfd7b81be99ecf4d46679cfba4a68bce4e13669f8344
2025-10-30T14:35:58.405428+00:00,0bbe6ced264a0521ef58f3ddbc2df55ef9c7aee38f01385c7bb4458a6d4ab9e2
2025-10-30T14:35:58.745447+00:00,74c3d2caff78ad6fe24a0ee929091ad26ef731f51ba83da7553c32f3250ed946
2025-10-30T14:35:59.080775+00:00,a32c58c97ab1172e23238a5d5de6aaa8bf948658732b4b1ef690e4c1b0305c0a
2025-10-30T14:35:59.697499+00:00,f005030fb09cc541cd1b7b6d0409908d48597cd62e11dc13e91d0e32cffd26eb
2025-10-30T14:36:00.051510+00:00,7213563b905f8b7d72f5126a6c0f230fe1f097aa85403a6f9dbc70c7a8180e73
2025-10-30T14:36:00.394288+00:00,f4c92778314148e56d3bbf02c1ca61fa2a2cfda6dbf92b9a0d2175be6ee13cf1
2025-10-30T14:36:00.723424+00:00,7f305348519832416f2ab04786514d3ae0b74840891756ace10ac9e1d64a1f15
2025-10-30T14:36:01.055615+00:00,98b5ae0bb8f7ad5d8bfb198bcedd48d33779e598d148389e75974b0dad9c88c1
2025-10-30T14:36:01.383225+00:00,b7f2b7cf7803f52f47afbde2aac91c8ee122172b1930714a17f2cb0836a6dbab
2025-10-30T14:36:01.711689+00:00,732ca3575fe92b0655abf584bedca9bfe31019a945f047269cf4abb469aab1f9
2025-10-30T14:36:02.048623+00:00,373fdd1a3a3f82b14feb34eb14ff0d359f6e9f192cc98f1fa0920cae1f689414
2025-10-30T14:36:02.376729+00:00,07dc6d4281b044418378080ad3a2e590c5464bd19bd9807717923726766c1f96
2025-10-30T14:36:02.706434+00:00,405ac183ab033f8a0b127eef8a45f9c1e00b82977cd519fdb681ff876f9897bf
2025-10-30T14:36:03.033421+00:00,ba148007e57dc75fb4ddaf8ac65185de0c0e9a257426e2769752bc001debdf6e
2025-10-30T14:36:03.360427+00:00,8464e4f4e12f2b01744acd950b364eb8afce8986e9b887842e7e9f49399498b7
2025-10-30T14:36:03.698522+00:00,3e10587f501cf12b8a8196532d314ff0abbd3563ea6a9402e2c0a0b95f158d73
2025-10-30T14:36:04.041493+00:00,2cf8092ca4c9bb7e611d10e9eccd482dbe8406391722e157be6d411e51ced9a3
2025-10-30T14:36:04.407102+00:00,be5295c2ea7625ed549c6dac9b6533990fe2e232adb571ed929ba690d4af2e93
2025-10-30T14:36:04.976091+00:00,328225068d0af0614abd24d8803995bd7af64ca7e91c23d7182a18abe04314f3
2025-10-30T14:36:05.344321+00:00,fcbf68712ca574076cdb07538c7b0846fa86ce533d72c55f8dd435bbba7ba713
2025-10-30T14:36:05.704483+00:00,851111365d73f469ab12f779965dcceaaf14699e9c304095b0eab3d4938095e6
2025-10-30T14:36:06.033487+00:00,17cb7596c79c24cb81766d67fbd7e67c9fc790770da85311aced78e9a1cb4e57
2025-10-30T14:36:06.362381+00:00,8441e312067f49d82f5e8986f84e09d243a54121cb3b907b5f3e9d07c52bc3e3
2025-10-30T14:36:06.689567+00:00,0859286069e5e20eeb06800f506cc3b55c992300a359887ac24d7470d783040d
2025-10-30T14:36:07.045503+00:00,670aacc78fb9f421b4d6787c12c93b914643cc989d72f7c89b3a57d5d74696ec
2025-10-30T14:36:07.378562+00:00,4c45fefdebda83c604ecaa80ec46ceb6ff8822b989dd8b192483ec673e13aa1f
2025-10-30T14:36:07.717599+00:00,af4e1bbfe52a869a3512097bd9efded79f6e84948d2b13867ee1f165bc4a73cb
2025-10-30T14:36:08.055566+00:00,4c98a402c0397508346c9fba8dec0ee54d648a1870c51402edfef0129c6c67a4
2025-10-30T14:36:08.398402+00:00,f71525f36c19938dcf845d841668eebb031b5a96fefb0924c3f03b161f71ad2b
2025-10-30T14:36:08.740183+00:00,1bb4102c663418e0f8d1231f0e1b7542b79e24efdc33cf064147aa391c237eb7
2025-10-30T14:36:09.086496+00:00,2ba7095c0b9df2590ce5aff18123f605db5d2c9bfff3c6b786fb4a329c51bb80
2025-10-30T14:36:09.428162+00:00,33ad1af29165ff21e02b36c68e92f7c67625d6e13cbe17669ce2797c0cd255ee
2025-10-30T14:36:09.799671+00:00,6597485d5dca86d0c0da4afad99b1158deffd8914716f6811422795541fd72ce
2025-10-30T14:36:10.379370+00:00,755897f158acb1c4e4b3e687adf282696f47be38292ad8c18ea645dcf81bb709
2025-10-30T14:36:10.740498+00:00,6950d9133095ac181b621ab00abc11db54033e3dfdfdd76b7f00a50c88e9ed5f
2025-10-30T14:36:11.100572+00:00,fabca395f296bd8a9ee1624c8fbc8967f3b6156de1debcf6ea3bdf37107db2cc
2025-10-30T14:36:11.446261+00:00,cffb7dd1081f4bc30d02fbcf271ab9aea55ab8e91045c0f8d3e053a9fc6de8dd
2025-10-30T14:36:11.773539+00:00,e05578afd7b1d50195890f8cb91328b512ad3a8e79f6dd05eed58909d22526b1
2025-10-30T14:36:12.102459+00:00,1c5a74900438c891e21b27f8a01f5549f0baac5e19983d6a075d3c3eeb5cdc13
2025-10-30T14:36:12.438525+00:00,5fc2da9bdeef06915d4218dc6653e0a9ccb1faa634b686de177e3c6cdf01f58e
2025-10-30T14:36:12.774552+00:00,8486ac9717e0779cebf4f07ec64f15dddd9bb5fbc0ad7b750e78c0296f3a7ce6
2025-10-30T14:36:13.104094+00:00,a8f3b759107cfd526add8f15d078b4ec44c3f91c18bb3aee8c3610b8fcee4a59
2025-10-30T14:36:13.436649+00:00,86edf0e22eebe51f1a9edd19a7af33778bbc0966a7a5c97df972bd558e3c7272
2025-10-30T14:36:13.767024+00:00,fb2c2c9765b42a1ea64d92ec4d80745a5848191be30b543b70514b3f78d1f443
2025-10-30T14:36:14.098450+00:00,5830de821537b38b46e3afce8b345142bf8e344d02ef77dd49f900bbf3eafa2b
2025-10-30T14:36:14.431784+00:00,e904c6fcaeb5ddb3dc4794d5304e15a4cbbf8ab5d7e9b7235a9cbd10a174971c
2025-10-30T14:36:14.762954+00:00,ea727e69bdad2bcdc14684c262085ad5091c2ddd24d9c59ee9cfcc720c8d1d29
2025-10-30T14:36:15.093213+00:00,c45a4456821a4b250630b2d29edb15af2953068d4597ef405f13baec9e75023d
2025-10-30T14:36:15.627305+00:00,f73d743d0c04233f742c2033c31df31ee648fb160ffea2369adb0feef989e47f
2025-10-30T14:36:15.970550+00:00,4897aa9f3a742bed824d3ed65fd7787c10c1177534c4bfeab6d06f467ac1e480
2025-10-30T14:36:16.330383+00:00,7516dc0d36f2ffc66de8a844f82d4dd81cb38b20c23a3dff0bc815e29bc3ac64
2025-10-30T14:36:16.668577+00:00,4bd5d1f6f43626672a0753d9903f09e9fa3ab4c6fb7e74f3eda499525276b326
2025-10-30T14:36:17.011073+00:00,10bd60999618c7d68ed68fd45a9291665f9e49f091965475c2007e582771500c
2025-10-30T14:36:17.359436+00:00,334b818fb2dd3c306c02c792f1512e143092de280d617937c5ac95bb5f2cadfb
2025-10-30T14:36:17.721654+00:00,46306d3c163a46794b53e45bf7afa23044f73701cba19c78478584c61bfa1e90
2025-10-30T14:36:18.073603+00:00,4f011f4336ce5af1acbbe45f3e38857af9fd2190a2646b331415ab3f357f55ee
2025-10-30T14:36:18.429539+00:00,7c2f057c5f37ef1ff03a2a9fd2a2785e9d22e8f7866e29107878931fc7b2b5d9
2025-10-30T14:36:18.761848+00:00,a69ed8b35041f15650f4bc3c00fd2b22d5e812e449c42901399f83c611092954
2025-10-30T14:36:19.109669+00:00,11680cca9656cefe5307c089723ad359730825e85df4781366e65934e692bcf6
2025-10-30T14:36:19.474409+00:00,e39a60d91a1a164736a32ddfcdb3382fe3668378465211eb8b14791798c2553f
2025-10-30T14:36:19.830458+00:00,45352528f275522fd0aef4e57ef3b6b8c69880cdedf6ce59e75bfa9e20f509f0
2025-10-30T14:36:20.197025+00:00,cf2392b027850e23488a15fe2ff46afdd9b67669c54ee230c3324b1fddc8b08c
2025-10-30T14:36:20.545537+00:00,0ff9b61d0a0c45a2e3df3f522403c05f379d6ad44676e675071d2abcf82c6925
2025-10-30T14:36:21.102413+00:00,98e55514c3440d44a1430ea6c791b3391413a7e56adf233896698a80bb353508
2025-10-30T14:36:21.451102+00:00,ec5f4ed8c2bec424933964ad19d112b9e0cc52fba801744c7d3083f2e5b63a0d
2025-10-30T14:36:21.807431+00:00,193256d86a0dfabf943334d781953fae1b23443fa9e650184e85c99b5845e9be
2025-10-30T14:36:22.159481+00:00,4713d66f04bcce11f647c5ceab859667eaf0e7ae4690b546b0d23fb72c64ea19
2025-10-30T14:36:22.520766+00:00,607b40c190c01a0aac08d4fcda7b9b6c285326c5278f86f62f0788028c8caa33
2025-10-30T14:36:22.877372+00:00,bf7bfc37c4fa032bed7d009e40eca438b503992bb0914772e3f59ab4c2dce087
2025-10-30T14:36:23.235517+00:00,2b8dd48613df5dc022c857bef217718b719bc7ed030a8ad4e285a60f7407aa60
2025-10-30T14:36:23.590421+00:00,5a9c0217b7e4135a0b93dc7aed186fda53b87befa4351991d4256854828e730d
2025-10-30T14:36:23.955210+00:00,7adb57a28eb8108cbd711b1c8479c1c9ab1bc7c02a035ef7d8ba65dac129a3df
2025-10-30T14:36:24.322221+00:00,82c4c454665af1cb0245806c34bcf68c8676141cfd616d2226bd7cf14fe05b2f
2025-10-30T14:36:24.683697+00:00,753d81605d674679e0a98e71795eb6e4a4c0b952552706dc38a5ddf8ae008dd4
2025-10-30T14:36:25.036162+00:00,47acdad0f04b64d1f4147e6847984b2d2fd8bd17067328543ee745671db08d9d
2025-10-30T14:36:25.396199+00:00,25dbb5ab02bc30d46e0d6e57c6cdf38e58454adeb9db9e13907d661daa841a26
2025-10-30T14:36:25.743184+00:00,866cdf02c7439522afcb36f5040958897dc9c2d49940a41f762d15ac6800cb58
2025-10-30T14:36:26.073040+00:00,3735203c378d9ab26e20156d62a927db5b44fd497228240086e4914ed470504b
2025-10-30T14:36:26.615648+00:00,766702e6721199b1c155bc04538a9cde81e4b85e54bf8a76ce1ec69ee3b30a4d
2025-10-30T14:36:26.963040+00:00,8ad5071fe98c5ea354a22d03db942f677631b1a56170653fd84c2d7c9ca04377
2025-10-30T14:36:27.315948+00:00,8d16de44b42ed7f4be3d06376b8ae8a3a95180ebe71410239c3910beff4ba7c1
2025-10-30T14:36:27.663153+00:00,3e4c66044b4a187e60202d58e9276de497e4d12018ceb3b8033701efbaedf6a1
2025-10-30T14:36:28.048178+00:00,c1cf4a32a981b17da06dca955fc53c83747f635039772df346977660934031c8
2025-10-30T14:36:28.394136+00:00,69aa120b1e7448fd76fc3a7c35ed845291139baaea75a6822812755d491766d4
2025-10-30T14:36:28.763469+00:00,a76d4108aa25ea7c16664e97c0e003541e85b37e2811a21a11bfb6a5572543f1
2025-10-30T14:36:29.122607+00:00,2579c95505c21b1a581492ace68b9272f4e4bad32d60d549e7d50f7e1905c5d8
2025-10-30T14:36:29.495268+00:00,dbce86b1ff324e92ff58f130c6f76ad3169072f1cdc2ed5bb834e9318f1be282
2025-10-30T14:36:29.855221+00:00,639dabe89b010f2573b546a808b187505666a7810765ff42c714d6443743fec9
2025-10-30T14:36:30.214276+00:00,d2f9c87be2fd9862bad785965ec6cc8dd92753d9148dbd3269e67cb7bccb93e3
2025-10-30T14:36:30.575164+00:00,5f98c303a22c1f05aff609ae48df28e746ba12d12e9d2f7872b1d604d6641216
2025-10-30T14:36:30.912233+00:00,06da1d4427385fdda1da76f4c6b72507ee47b50d6be27b439028731809196061
2025-10-30T14:36:31.250920+00:00,2c21cba099b7b23f0fca4dafc48a2b90ea5b7283bcd8ef1fe0b827da9cb8173d
2025-10-30T14:36:31.583136+00:00,c7a4c91e4b139462c56013bfc81cf79282752041431b61db39072b0559ab27cc
2025-10-30T14:36:32.123590+00:00,1bcdea30cc592979bb2de17cc72d5cd5fa4a02efc2e1dd1e9dfe8ef9982eae8b
2025-10-30T14:36:32.457156+00:00,c9e4f83adbc9d619259602f220737a7c1992399bd1addf466c78e2bd7f9b4a8f
2025-10-30T14:36:32.793816+00:00,93a1019b18c46cc39984a72010a01d04499bcde6494f6fe984ee0be25c9d3bbe
2025-10-30T14:36:33.130822+00:00,ff3120de8ab59e6502f7e1aaa1238fd8559b4982625901190439b2c01a6b8302
2025-10-30T14:36:33.510554+00:00,77f8b2c3af8409954af69b43839525c3d457663ea0669d7e5e4fb12edc55238a
2025-10-30T14:36:33.873343+00:00,d3d09219484013440224509cd00aa2673f7cf60b02c2c0f5f463899391af0866
2025-10-30T14:36:34.232227+00:00,14061f0c5af6ddb76366609d947d4a91c69028458d1d4ef4301c21bf510e7e68
2025-10-30T14:36:34.595294+00:00,4ae9347920fd156762316bfa69a1ff9f56b1bb0db0ae5ffccba7836a5484d4dc
2025-10-30T14:36:34.957135+00:00,fd6f422978a3ec679b8a569e1da4a0b81ec3ec2b5d4f2ed9b17c7cdb2e572602
2025-10-30T14:36:35.332789+00:00,62f4812f6ac300a41911fd8e8900ee4d76fe9558c443883e57589a3a815a2170
2025-10-30T14:36:35.696599+00:00,44bbb8234ce4683d4e4d647661bf3729a4f8045f6beeb03339b81bc8fc9169fa
2025-10-30T14:36:36.028456+00:00,4591bca0380411478f21ace6cd013dd20a64a6aad4eec50d6a58e2d68b2fd74d
2025-10-30T14:36:36.390584+00:00,49489f95c0797ac125a38d0af240fef686505d716ad684492f446f916ec65bec
2025-10-30T14:36:36.758223+00:00,92d24cd1146112bdd38a81099a12e3c5b8e2c63803695160c461204574ada162
2025-10-30T14:36:37.106749+00:00,dcdde2fbfcc83a1ab0ed696e0c8ca800c8738dfca41509cbca6b83ea6430b3f4
2025-10-30T14:36:37.662010+00:00,abb6894015514ba6bc9e4bb689eee3f98e6828db6c73f26fde0f97e7ccaede28
2025-10-30T14:36:38.021113+00:00,0894e953e3a96102796d1cf08b403cfa5efa52cb6b58c81f33001d7ce17de64c
2025-10-30T14:36:38.366224+00:00,29386bd810c1959e74388f3cabe3e784c6ef80b194e7f2cb1cea87e753e0c8f1
2025-10-30T14:36:38.724794+00:00,0b157d594abe1dc1c5cf8323ad4b05044ba833892bf60dc688c2a3422176b1a4
2025-10-30T14:36:39.181624+00:00,94356c792700c5296332088389c92af8ac4660f05314e19eda7c452bd7e9eeb1
2025-10-30T14:36:39.543611+00:00,7f7ee796735be3bf8b59952958f71def4cb5cae848da00b308312e388bb6e763
2025-10-30T14:36:39.910218+00:00,574ce65269b20721dbcc131267783dd68b60b6b9a609812fcef0a3517c5ebe5d
2025-10-30T14:36:40.265340+00:00,5f18ac105362fe1e0082cf25a9f50ef601eea71c999ce2d563b443d746c9748d
2025-10-30T14:36:40.639406+00:00,ce7178728a018bbd33a5d2f47df93142323071bd4b0e5fdc4e48a2782ab03579
2025-10-30T14:36:41.007890+00:00,4ccb33ce9f523ec7278523a126ea086bf036133c292c734e0125a38d73a32a47
2025-10-30T14:36:41.366206+00:00,35afc5d6c5ca12d34e4d5fc3bf9da1248c51ebbdeb2e48e627662244a6cf47fa
2025-10-30T14:36:41.722153+00:00,88bf84bdeae2a0d1adc1e587197019e6732b7326646b006b6c058321519af676
2025-10-30T14:36:42.076992+00:00,c0aa211688518e784a427bdf5a6b6a1b4698ef79de5daa53150495113d7e369a
2025-10-30T14:36:42.440441+00:00,a63434fbe3ceacf1e1d64a455bf20b07380312ba48168f81b0ee1dd6f905ceaa
2025-10-30T14:36:43.000999+00:00,9c8f99cd29905147831c59aa25c465fc4afc27a42b7565303170c1816949a9d9
2025-10-30T14:36:43.356876+00:00,854f94f59651bf4caddce9e8c86291570eb423386de944de74659abdd911aab4
2025-10-30T14:36:43.722083+00:00,a458344f7481c69842a1db3748dc45103e35a90ca8765e0a6e1f887fab15ba30
2025-10-30T14:36:44.088460+00:00,dd41f4af444e5b01a36271afd0d2587bdd0d4e08f8fcc5e523222cb089d42739
2025-10-30T14:36:44.448733+00:00,cc93bf18bfb72b9fc507641614229fa5987388c5e1a0325fa278fbcc8c680ce4
2025-10-30T14:36:44.809388+00:00,1aeed283c37af8f0908e88b986a2e28e3c4d39cb5d1c50275332747a4dee619c
2025-10-30T14:36:45.179103+00:00,774065eef9ec1343efd9a27c1374336f83788b9a84af65ba1db7dadd4e1df425
2025-10-30T14:36:45.551533+00:00,3a88c9ef6515002591661cafad65fad23eeacc3c2d615e321b0c9224d62945a2
2025-10-30T14:36:45.899271+00:00,f374bcac35d088b2aae0103290df8ba1d552e86126aac9918c0ec08227d3be9b
2025-10-30T14:36:46.245941+00:00,6c1dc60b10693626cce2b4226c852d921ba7899174510d560110930787ca2ce6
2025-10-30T14:36:46.602776+00:00,dc22916f832ba5577abd47ee129f8b3c00b20745a933156c9f10967ab98fc500
2025-10-30T14:36:46.959948+00:00,0ab8ba15150050059a62dc662b87d4a2784736fd3f433b4e1f99199933901313
2025-10-30T14:36:47.311424+00:00,f9e5a31741bd757c3ca45905fe5c2615a4df78c0b8f1613444dfb67cedf612c6
2025-10-30T14:36:47.692572+00:00,4ebab0461bbb1e4ae6a991399e966739f646435da37e43ca7c58dcd2d1e6de39
2025-10-30T14:36:48.238454+00:00,70f6f62d6ca9ed37cbe65b21d3f73d68e265f6b47ffa14c53d005f0d64a715f9
2025-10-30T14:36:48.592463+00:00,e563a9925ff5420035677d71cf1cf1d49855b45c0300d6d03e4d6adec767fff4
2025-10-30T14:36:48.943183+00:00,57ee8160589f72facddd16eef1d852e8dd0bca000b7fc1ec09b80746e6b84cef
2025-10-30T14:36:49.298180+00:00,d5830048256b07f6649193c67f136b646cabcbe3b1cd4f0def416195280d856a
2025-10-30T14:36:49.668097+00:00,1a74b0d3901c54e971f1cf1a500106ea50eac0532efd272ef4a637229248e8df
2025-10-30T14:36:50.043470+00:00,c86fc4787a3067d14570850a00f35303147baf0da171e2f777245adb57328176
2025-10-30T14:36:50.413972+00:00,d41ac9564b672e6160596225a8f3d005e934aaf062fd403134af174bbb839785
2025-10-30T14:36:50.770280+00:00,6e564625d9af2bb84ca62f2f35f18c53d0a37010ea542482770e63521d972212
2025-10-30T14:36:51.133409+00:00,0538f8ce548c7ea4a0c50f3ec464ac7f02826d61987000d6923ff822dd597653
2025-10-30T14:36:51.485738+00:00,2a53b995eb218446e6f0b7d289c934fc8a56109f13bddfac8f9ab4be06ef6c73
2025-10-30T14:36:51.847430+00:00,66da520caea29a9f5887d3ed4b7d898868f3b05a6c1f46a94b13843166e084de
2025-10-30T14:36:52.192339+00:00,569374f035487ec17a11b43e233dd27c2f65998af9ff104e7d593e6447e26d22
2025-10-30T14:36:52.560579+00:00,fe2ce2dc1cfc2e6111c72aef00c7096097e0b606d0a542bdb6a198ad004ecf6d
2025-10-30T14:36:52.914170+00:00,dec7a583ca1f9799eda4ed0349e55d7fc50a30bcd5961ad91432a6be55d2134c
2025-10-30T14:36:53.485306+00:00,104d79227c4b5abe4a2ed3f05f594e96991db6dc83827e445222ac8572785177
2025-10-30T14:36:53.846390+00:00,98bf96bd261b4f8ac48ea936bb514bdd0731e675a80b4fbc83679e5caee4a034
2025-10-30T14:36:54.213930+00:00,dacb37a9568773f1f3a18dd40034d93b07e8b002e817b15030a96c4ea3d71ef9
2025-10-30T14:36:54.580982+00:00,c3163dbdc96062e301fea0404aaad70d71c9c0cebbc72d6816d790267887ef2b
2025-10-30T14:36:54.949574+00:00,034042585d517dc1ab6d348306708b10d9c568ec8cee8827935717fdd17d9768
2025-10-30T14:36:55.309927+00:00,6a654c3cccd7d40733f7f4f2c13eeb13c1bdec391df9adee21275370d1ab4a03
2025-10-30T14:36:55.676433+00:00,dcb38dd52736505de516b43f0f035cfcab75eb76cb8d4f10180757c6ac5b3d18
2025-10-30T14:36:56.012681+00:00,d20fe31eb1dfbf9e20ddaf3db2723046bea2cec20c8507138b3ce47948f4d1d1
2025-10-30T14:36:56.353184+00:00,f05d54048bb64d1347d2e0342bc353541b8514e5e5ede90b8204bf5da8c4862a
2025-10-30T14:36:56.706098+00:00,f6317595badeadc9cea06fdd6a47bec3bef0c93058adeab1e0fbd68a1638bc98
2025-10-30T14:36:57.046031+00:00,d48f5e3726a54e7fc15240206243b7271f78229f47d479ae5de5b9f2d9f3d169
2025-10-30T14:36:57.387116+00:00,79501e4919c94a78549f96c1292256e7ffc75240f9b2bf4459cee3e5aaa01a30
2025-10-30T14:36:57.739643+00:00,d3f950a8c420adc283a2502a4e979a74ad6eaa8a53ff80574f93fda93826027d
2025-10-30T14:36:58.101149+00:00,375ac0fad5ac4211974c0b774c3f1e87da7754a5262ed3df552da3efea9883b5
2025-10-30T14:36:58.448440+00:00,18936cc6c15f7dd4908ce8b8fcad9e86221f37fef760f941c5123175f19b06e9
2025-10-30T14:36:59.007523+00:00,cc1939ad4752c49df511fbc34e72fcac38625d4d3a5e56dd25016893ac866f3b
2025-10-30T14:36:59.368560+00:00,c94ff54c2e98b0d28483ad633bcc9b6736484a2bdb6460728091e57207cfced8
2025-10-30T14:36:59.734241+00:00,cf1612c12876874cebf7fc45a80e1dd8643b6ffb8045e7dfd3c4a8776ee22833
2025-10-30T14:37:00.104686+00:00,d17f89af57c5b20ad2be9035cc957e5cd421f57690023c997e6d671eab2dfbdd
2025-10-30T14:37:00.465608+00:00,592487b5ef77487bceb442cf068f411d0a47ef9ed85f5b350a97168a1118b29d
2025-10-30T14:37:00.809005+00:00,11f9702c09cd7397df2f27621879e65f80713164f8bb3a5ecab185df3a26d721
2025-10-30T14:37:01.143176+00:00,02971f7ec8c5033c55c4764993b5d1e511d2287e4baadadf95f5cc73716fb1ff
2025-10-30T14:37:01.473177+00:00,8cf2b43b80be2f21888fac9f4b208419a01a3e0d1e53bb9cb48394cc3109f4fa
2025-10-30T14:37:01.803637+00:00,5bd98de26bc9a189fcd86ef0a15913370b9ed4173de3c5e40a7907aefe31b332
2025-10-30T14:37:02.145085+00:00,8b18468ee9acdff6dbf31f69a82977253c9faa722a97e9293861763528980a65
2025-10-30T14:37:02.482962+00:00,3c31864342340180f12b4ecac7839ec605b674683504e6a2cf81c42cd3a9f743
2025-10-30T14:37:02.820452+00:00,736f98168fbe5ebfe3688ad0bcb12aa0e44fd889aa1f9dd3d9e9e68cf3f1ff63
2025-10-30T14:37:03.170202+00:00,13ee601a988871b07d09a078360217ce7436d214d664ad589fd58944c7653a50
2025-10-30T14:37:03.548189+00:00,b5f57b20966c25942c452db7709e29269f41688691953865481251b70ec5d9dc
2025-10-30T14:37:03.913275+00:00,bda098bf146d5a9fff41fdc2790847c63dd8377ce3a4c2ebeae821f6ba2a6eb4
2025-10-30T14:37:04.475608+00:00,40073f83b0f86d334bd6f098d2b38c4bf54f0db087ac9b943a1bf39acf115f46
2025-10-30T14:37:04.841401+00:00,b3e89d0583d9036d8538628e350fcbc7133c470829c0885bcc0111846bb48dbc
2025-10-30T14:37:05.207991+00:00,bc808c95ee774ecfca2d0b549589855ff3a1cb1b7668061db253403881801c6d
2025-10-30T14:37:05.571313+00:00,44ddd7b76a3c2a0f494b2729e57403f5bf3d63b24c4370042eb3acc2873ece3c
2025-10-30T14:37:05.906058+00:00,b43702555c148b7342cd10ff1e6603d6cdad0315e41463965d143bf0fc1ddef0
2025-10-30T14:37:06.249120+00:00,ceaa988b6e7b6c49230e3f6b14fe451eb7566bae4382afa47af7f779f06fde27
2025-10-30T14:37:06.613808+00:00,2125c83f4a95c29401d7917adb60531d3ef550581f6f093cddf357536e51d549
2025-10-30T14:37:06.971089+00:00,d19f7124af2bccb7ca360289f48b30f136b68a3a75bafa9c71d48cc41e2e200a
2025-10-30T14:37:07.313386+00:00,171ea3a807210686ffa4021bce54932bf5ff12f346182218ed276ef065cc183b
2025-10-30T14:37:07.673276+00:00,614dfddebb3fe80f36ce34f730163f93572b650d56100d8fa1c001518208e929
2025-10-30T14:37:08.042091+00:00,30d04b7ac72f701d35e88df650551c80731a3b39c3a8271622716da852f9868b
2025-10-30T14:37:08.396636+00:00,4c845e164980580ecd692c2715deae6f23bd21444c46a9198e9601b37986416c
2025-10-30T14:37:08.742323+00:00,4c4623240b3da1c6bf0606aa6df59564ced5640fef7301e8b29ac72680033c49
2025-10-30T14:37:09.077926+00:00,95a1ca5adc09617ec1afd139f4069e9f44f374e4df1564db04afc2f3a8b2320b
2025-10-30T14:37:09.432329+00:00,610ac0e429f7794d0e1c0347fba50af7d31c3e45e1ed58bcd0f2c51f3e2a14ff
2025-10-30T14:37:10.005736+00:00,1ce638e4db33424c50e6a40b77e0fb3fbf58fac09d1c89904103742b0c90d1c7
2025-10-30T14:37:10.358802+00:00,753a15cdb563c0cee0820e4f7c994a7c043aeb0a0fb5b991d251ff01dd215448
2025-10-30T14:37:10.720456+00:00,fe4fdde58b67e83d88112faf9882d6cfa0d0d084a69023a96a350b2ccdb1261c
2025-10-30T14:37:11.084358+00:00,7c8d4e95f35e59fd007a09f6b9ccf5e2e853857aa4b084c4f737884afbbbdfa2
2025-10-30T14:37:11.442511+00:00,7ace5b47120819fb8556ec1804b334625401457379080baf77efbdb4b4788f34
2025-10-30T14:37:11.799366+00:00,794a6622ab52b15f873a46e00f1189071f93633c829563252ab9bbbb0cb461f2
2025-10-30T14:37:12.145664+00:00,d3163e7a1c15827d97f9b0cd13b7b2961c91a3357d5d98c89efe0ebc4e3e839c
2025-10-30T14:37:12.516417+00:00,a8a614bed63954b2e55d4e48c0971443e9a952431d3ea4f695f0888bf446ccaa
2025-10-30T14:37:12.881566+00:00,e6f39d3f9d0afaa3f4ea6bb1fb2530978002d2673d8812ea55ce3cfa97ae1eb6
2025-10-30T14:37:13.241832+00:00,3234046f03679d37eb5595b88c6c9fe985b6ae462b872045b1ca4fdb664f85bb
2025-10-30T14:37:13.633435+00:00,023937ac5d0142e84c353033660c6f7bc4204b75e8c53b9abd70c0178c7a2d59
2025-10-30T14:37:14.002988+00:00,1cc4881ebce61cec209f143fc7bdd3c4c93151c03053a3cd21830eab2e387daf
2025-10-30T14:37:14.376798+00:00,841ede2c42921b54155b3a59694278659fc8aed154e150fcbc03b13e94e18e3c
2025-10-30T14:37:14.738533+00:00,5a03e3354e22e96c5cb35e0237b7b0113ee45b65592b8ce4e070d944a97224d7
2025-10-30T14:37:15.304920+00:00,4ccfcd0b8c421266228780e376cbde609a983bcf92eda8b32c25e52a8d3311f0
2025-10-30T14:37:15.666272+00:00,d30dc33eda41ef3971e1a8f757aae4c6bef4e0072c6617b3f13cab93b7ae9699
2025-10-30T14:37:16.003950+00:00,c359a8fc6d6d4a920ee835e0e9bf7b2f29963e1267c6dc283bdbe5d3f5416b31
2025-10-30T14:37:16.360598+00:00,76168724fd238a3a5676214287aa7f2bc199eccc321b930efc7636aed6364573
2025-10-30T14:37:16.701945+00:00,54f5f2e52ee188eda1554fe354ed7b137a43aac3efb0b1fe86eb6d53a01df0df
2025-10-30T14:37:17.051463+00:00,f15b21aa4abbe76655d924780cf4e9dd3b4b1f680242b9cbd4eed8d713d1fe95
2025-10-30T14:37:17.403631+00:00,00018a02f3711b0d704291c23aaabda30757ea981ae636718efc61ca2bd7da56
2025-10-30T14:37:17.772072+00:00,41eb979b53808ba8ca34e14649b8c63ee0638ac2e64ce8f7e16833c3f51881af
2025-10-30T14:37:18.119290+00:00,fd780c27aba8d02a23e27a3ebf935b3fad04759229c01630d9840f19a6a237df
2025-10-30T14:37:18.478591+00:00,9052e27299d99c0cb6d628302ac1ef6d13db67fe8bbd1e956ea39d659535afea
2025-10-30T14:37:18.815425+00:00,8706411875804c2dc2c0f9b2ff904d32aaa4175640b142fe88bf9ab9f9fa713c
2025-10-30T14:37:19.169196+00:00,ed59f0dbf302f8ad595f5ac32cc2b7c9622fe6ea0031b65a2b2ec992ded743d0
2025-10-30T14:37:19.539070+00:00,a313d31839632a91954fc929782eaa497b9e12ea7ce894175cb35dab3564405b
2025-10-30T14:37:19.911249+00:00,04a44c9452b139c7108e94c58b01388c3c6be574c2ffefd3bd4a70436eeb753c
2025-10-30T14:37:20.277992+00:00,352c632a76ed83586c2a057e6b4c7ea6ccaeab0b26f59749ef1e81b8c06a10ea
2025-10-30T14:37:20.843301+00:00,dcbb47b1862a1c230c920e011601605afd37e67324bac2811241d4a0f21793a6
2025-10-30T14:37:21.201371+00:00,34bab0d6e565af5031083712fe01e96c776e0284e738fd71b5ef67b1330c6a9d
2025-10-30T14:37:21.565340+00:00,d273ea85025b90a763fcc0a4c97fe1c004ae9b7d565a8b245295833bb65b2f1f
2025-10-30T14:37:21.918422+00:00,aad466d52da1c224ec6e070d4e9646029d332a6e66244cc0940a29492281d9cb
2025-10-30T14:37:22.278367+00:00,5ebceda3ce356060d3218d0517eafd17fd9625507b4b598d5570656491cef421
2025-10-30T14:37:22.641177+00:00,e67263caa748bce3b896b1857a17b81da68e5d2a1f74468ab8b79a29f94ff658
2025-10-30T14:37:23.013713+00:00,5ff77d57ce21ca17b94e1f3a5a5c9a1c3288c8a8213bd7eba8a260f933459514
2025-10-30T14:37:23.372463+00:00,986a423754de8261a3b5d3166fe21efb4a7839e26511895f69292ca08a9d7331
2025-10-30T14:37:23.747955+00:00,40d9807f3967e0b1aadef9ff1635c2ee5b02a861253ce959b662efe530365b67
2025-10-30T14:37:24.116843+00:00,1a3799c94d5a9e22ec53ce13d946092d4f2de0cdeb14cc6e884c0e98029c2e22
2025-10-30T14:37:24.492133+00:00,5eb7b6f069fcce70d00058f46a7cc6191a17d896a1c6f8663ffba69e03eba899
2025-10-30T14:37:24.865622+00:00,6566e3148b00938680cc35191b3373caf4143de0d38ff19fae76b0261e2c8bed
2025-10-30T14:37:25.221013+00:00,1723c237d13ef0e7a406986171345910461d2f644d406c681b8f6dd58929a6f7
2025-10-30T14:37:25.586717+00:00,6ba898055287d6106179b452279e22ab6d137b462bae72d03aa55f216d44939a
2025-10-30T14:37:26.140125+00:00,ed075d068794aeefc8ddb78c15af9c53de4b947d213472e85f778c7a83ae5b62
2025-10-30T14:37:26.498861+00:00,d39a30a19458a3b3f6a0f0b0abad1cd79fb2a58f1eed735945c32d70c7cd63dc
2025-10-30T14:37:26.840762+00:00,52e7a38a0fcaeb99eedb503a219ad26c95b20e3fca1b9e243189ab236a16d2ea
2025-10-30T14:37:27.178329+00:00,b1c70c6609a0b68ee4098b27dfde8a9606c93d6626c9ca00a40c2ec89d0ea222
2025-10-30T14:37:27.537411+00:00,757570618da89bc3a3b31f375ba0e7576fc8ea41e80a6190c6a707b81eea1aae
2025-10-30T14:37:27.897458+00:00,96e1be84a2c907deec0920e67d2ffff8caced7c099dc2209de78c29831e10179
2025-10-30T14:37:28.239160+00:00,aba830b3e42614f3786cb0062e8050e5e18ef68038a71e8af5e879d8239dad75
2025-10-30T14:37:28.603940+00:00,4207ce8973f2419ba1123af39d8c28029e3ecb3353b28d183c779e72fe025a89
2025-10-30T14:37:28.950457+00:00,88c564128450cf1580437091737bc99371a785184bf6873ed018f36a25da8a54
2025-10-30T14:37:29.315418+00:00,3381a22a295f38181ec6a1322004bb866980b735da720048f3673c817f324eab
2025-10-30T14:37:29.674490+00:00,80dc0dfde4e5925a185e8964e11fe5814f40b7a5ad87b8ab086cb174f2a23659
2025-10-30T14:37:30.030960+00:00,2443ed08c8c7ff558226a758a256fbec04ff5ce0508f2f88dd76004ceef600b4
2025-10-30T14:37:30.399547+00:00,a35b04803e1b23d24bd11bed994485de8ef758738c53521cb3df6bfbefcdf501
2025-10-30T14:37:30.754012+00:00,1b1e1dc9639269519aed1d7e1be7d11dbd341e1e03e01bf1b174343ef67b02d5
2025-10-30T14:37:31.097075+00:00,73a20fd3a86560472a6e106f33c73b6444cf664ce3a24d4a203e24cd7d4db831
2025-10-30T14:37:31.633793+00:00,0d43492c66b47ba50fbb779f705386f9436a0758ab0addda4f41c5aaf540e4d1
2025-10-30T14:37:31.978815+00:00,d0d434eaa3a62a1b0613aaead906a3ed6c380d356b008a3c02702398473ae190
2025-10-30T14:37:32.317810+00:00,0957af227e53c572eefe7a4707172fa672fe9c4969977ec71a07613bf5fdec95
2025-10-30T14:37:32.655091+00:00,314eb49d411a4e913aa6e34bc0a23bf14f2888dd2a0b1059dc5a7c846f7bd979
2025-10-30T14:37:32.995943+00:00,3e0887de1c95e7fe4788031caf0742181bb2ed85f1fa59acd5602df9f60e7454
2025-10-30T14:37:33.352751+00:00,2edc2c80b5674f88e6fa036c10715d1263a76b1112efe96094cede19f48db820
2025-10-30T14:37:33.712866+00:00,6eb326b4b82021ca3b5f719902daabd661d929aefe4a780b1fee88e8ed0d08d4
2025-10-30T14:37:34.077010+00:00,4881bfc2224198ae241abcf07ba7a4bfb585861e687d973eede086b897e830d5
2025-10-30T14:37:34.441944+00:00,6bfab0b472e1d1c24183608e0bd62261686dcd9e5dbda29b43be7f7ee580ad02
2025-10-30T14:37:34.800616+00:00,a8cef0fb4cda83f4bbe9b184a8f51bb562f2d21d13dbb9b2d55e7660dc718563
2025-10-30T14:37:35.171153+00:00,a81c0b4517ce296a3320ea462f7b1e9ddbfdc0923b4834a2d57f3bd342c12ea5
2025-10-30T14:37:35.531004+00:00,6e25a33b7f27abef1cabe217798bcd168df4fe7f5f8f018d8aacb2d7ea8c6586
2025-10-30T14:37:35.888713+00:00,f61fb6d3a73713975e526b600d1439fe1c09a962f09ce9fcc5b8525de63a3732
2025-10-30T14:37:36.241572+00:00,c087ce7ce44d1839cb7044df38fa5f6c9a52454e684bf098ee40f2273dab8cc3
2025-10-30T14:37:36.607651+00:00,2889bc6dac64e41ab47a3ec212e2aa105b15937e82ebde1cc2c5403886d2fb59
2025-10-30T14:37:37.169036+00:00,5e549f67192d78bea52b01fdbb4677062fd1d87d6e05f1849047ede7b7a3d65e
2025-10-30T14:37:37.523962+00:00,0e45a6ea7b0a9201fea689164011dda437c6ab1c97c80fe3015fb94873f4052a
2025-10-30T14:37:37.878241+00:00,961afdace89a240ce52f0cc879ecf08bf7ad9edb40a7341fa5bd7b5a32304b07
2025-10-30T14:37:38.218746+00:00,459a23f6383f178d43bc79eeb9134daa46b213afda60f6fe153030992e51c7c0
2025-10-30T14:37:38.583880+00:00,2aea612e793a3ed0a943d62a0cc079af0ecdb39099531d372bb6494787c7066e
2025-10-30T14:37:38.923670+00:00,228754d1f6902b032777e8a753f3293e0abd999f20f6c9cfa660e84f82b4a5c7
2025-10-30T14:37:39.270147+00:00,7899139801b80f19006aab0aade06aa495e72ad59a8229a755707b6af8403e8a
2025-10-30T14:37:39.632081+00:00,fbce7bb7702f4906f18c7eb5a164aa041816ebe9809d4865e4a2170c2b14539c
2025-10-30T14:37:40.002153+00:00,94ecaa3be536beb097dc0c001090df1f6d1b91fcfd7ff5b88ed71e74479960d9
2025-10-30T14:37:40.360237+00:00,0e82a75ff655d17a116df3045c2283c293401287c4b8cf5f9d50ca7a5dc3e757
2025-10-30T14:37:40.723083+00:00,cffb6c58fa9c906f5a55361d24abdfed33fbd6468bd37787db9c69e59763ba0e
2025-10-30T14:37:41.088085+00:00,149afcfd56a3e6716abb5b9a467d3ba434b2ead3034c8cfafa0da6869b3da0dd
2025-10-30T14:37:41.473705+00:00,caa5b6b63b1f718d890c980fef2251f4f22e6c03c163749a8dc52514a1d18619
2025-10-30T14:37:41.841333+00:00,5667ccf67a4a46cf1358dd44022bef89c0c7f42c06ae9bdf5cce590974d11998
2025-10-30T14:37:42.401403+00:00,192cd6fddc4fcb19e2a21354584030a55040177b9026b736d5e6305e21eaa220
2025-10-30T14:37:42.759618+00:00,16f491af4974963e037f03388b5b13374f18a99b5f090af5a78b1c96e1a8d901
2025-10-30T14:37:43.123942+00:00,0185d5b486c43adc67c083bb4dc4b2592bb6364f6aaa7bd7cb95822d63cad2db
2025-10-30T14:37:43.479741+00:00,97c4d2d3256deeacfdd41dc9516e64377a8c7722406c2179ccaf87fb0186eb2b
2025-10-30T14:37:43.838860+00:00,5b1410bdf22c81a7f11f74c450160054adba5dc44fe6553ff0336f8762189908
2025-10-30T14:37:44.195195+00:00,9bd625133392f32a59a81660ceae7ba95ba7b7970c9404373eac11c26ac65649
2025-10-30T14:37:44.563934+00:00,0ead4effe5e9d5b99bf629ac4be80b71230c773d426f72225139246e2914b633
2025-10-30T14:37:44.925918+00:00,a5c5d2a6185a3cc76b7eed031d195b7e7bff4d579ff77964a60eef0c13d79b3a
2025-10-30T14:37:45.293086+00:00,050ec1984bf716f23bf7ed3368ab5c2b74c763dc6b9586b9b3c8cd9e678a050d
2025-10-30T14:37:45.662311+00:00,ad2ac3684ba218dc25057d1472c1dc0ddf2ea1b41dcbf2f7ac5860c5f9b28f19
2025-10-30T14:37:46.013817+00:00,1b51ae05a7ac3b647098cbe0f6f3219712cd34c0b00d755e6817df5b8e9ee1a9
2025-10-30T14:37:46.382324+00:00,588fce8c18b1dd63277d58f2d5250001aab0aff331a1c8500905c6311143863c
2025-10-30T14:37:46.739722+00:00,bcac52fa2cbc4bfb3acc70994a90a1f614fab6bf4a6b6e029c94a7792d9b712f
2025-10-30T14:37:47.098486+00:00,0e292db8ae4a6001589091303e4d5535495225bf85fd54dade08d482c613efab
2025-10-30T14:37:47.665342+00:00,fe1d143456477e0de315ee50e1023bd19d4a8688e8fd3e0f71fccf554cdeca17
2025-10-30T14:37:48.020987+00:00,010f77fa9d47dd5d341b8603bf96f80bad0f432fd5b89eec5d4f30bf6d3f637e
2025-10-30T14:37:48.362536+00:00,4be996216f5fb0b3fb8fbc993e163ced7d4cedce6a5590e2a65ceb863099ad24
2025-10-30T14:37:48.708103+00:00,671b0573be8b0c799484fd2f6c7aa6e74df5e3c8792fc42b2c80bb9a9213de8b
2025-10-30T14:37:49.048157+00:00,d7887a9e531895266a748ecf29959905457a8e275e77e038dc7a559037e44280
2025-10-30T14:37:49.420300+00:00,26722431c8ec4389642b964c9691ea3f19c47036552b943cad360c312f345d7c
2025-10-30T14:37:49.789867+00:00,a06650d4594681932d04df2202cbb29241e1f1625282a05a5098c8a1a4507a5d
2025-10-30T14:37:50.176341+00:00,1432635bd23ab0b8c6491fa02e1fb3adc0539934704b4a8622997348a0bf405c
2025-10-30T14:37:50.552692+00:00,f148663fcdb6702861456a89a4cb4f6f99c5bdbdcb5518c00ad771aa475c0022
2025-10-30T14:37:50.920511+00:00,38e482fcc17c4e337c22cd8cc8f7563d57bbb004dfa5dbf2f5b3a51614d4903e
2025-10-30T14:37:51.298564+00:00,b9c29be044e559539ab4dfae00666734761f5a314f3683c0c38b31ede4c1cd4b
2025-10-30T14:37:51.662553+00:00,10bd1947283875b9ff460fc635e9525feb8584d4b39a3c93f942714924167497
2025-10-30T14:37:52.012170+00:00,9ea2273a6a2708fff5a898ed0baf5bd41efb7df16689c9fa742b64e9d5da4c56
2025-10-30T14:37:52.368161+00:00,19d50059b15abae5074a99837b8cc0b1da329d017569c6db72f794aef14b3c0a
2025-10-30T14:37:52.948068+00:00,324fc2060ea94fe95c09b41b752beff1c7c340001fabe086541d6fee6297c010
2025-10-30T14:37:53.308806+00:00,4b8f7f8f5f118caf7ce96c290cf351f968d452495bb3e60059d0ce7353ce6cde
2025-10-30T14:37:53.667401+00:00,31d6745706c5bc9e4c4f2243214f396eaf58055460e6dc303e350f1bfe7136b5
2025-10-30T14:37:54.026352+00:00,e7d99a32bf74626d656e474cb8fa8894c57d7077d2cee0ae861d4f5660c87e17
2025-10-30T14:37:54.395073+00:00,5397b6e7835c99bc256ca1fc07d57bc919956b79ae9786314c14413f9f28adf0
2025-10-30T14:37:54.762321+00:00,b8acec1f9a021bd313abee8c2ecb88375fec3ddb7ffbeaa848bcddf9ec8465a8
2025-10-30T14:37:55.116382+00:00,ee2ba11c3a3bfe08ddc56f2b9f19cdb8bf088ee6bbc2a60f2b3546688c670d95
2025-10-30T14:37:55.477526+00:00,22ecf388b1e6ff5a852e7dea6eb46245709f8f189771d5f1bffdf67624d61eb6
2025-10-30T14:37:55.834120+00:00,c59d02c0fff738903130b8fc4bc1c7f57dddeb82a27dfeac9573866b62301dc9
2025-10-30T14:37:56.162314+00:00,2776bd444b3e3f9f22bb316f668e0b85f5922e52ecae6c1eb032b30b77d9022f
2025-10-30T14:37:56.504335+00:00,a007ded1a58e2472e19e33fb6a4c48acf56079933f756068a2744b3d018e7301
2025-10-30T14:37:56.849831+00:00,a7e9d725008bdb75851c549e7dacea3fc56d4fe4da2ec0323112615fe1a37923
2025-10-30T14:37:57.181279+00:00,e6570401082ac0d381f5c86266a55d2def3aff0758df05fb01b17ab327e6c860
2025-10-30T14:37:57.525330+00:00,b53e266b050a6651c7c9ff6ff711f3fbf02810bde31b824fa76d7a194a0c0b42
2025-10-30T14:37:57.880737+00:00,1b38de9a6c17f7927a976ea310778a474a85c8e2d135ddf72a11989e7a14d5c4
2025-10-30T14:37:58.432526+00:00,abbb876d9cf14d0610eb8d79712e479d750ba901240f24cccbb10c2fbb123a67
2025-10-30T14:37:58.797008+00:00,9536540b4f8b1455b3c3acab1653e9b6ebcc7a9d112d6f8cbf8dfbcaa9caa9e1
2025-10-30T14:37:59.144076+00:00,8370ce248af6dcca5d7790c1f1f96fc1d78f41349620a8b6814d67ecb16ac4db
2025-10-30T14:37:59.508498+00:00,141edfd5ac6fae948992b800b4e01ce73cd220670c31d785268a59a9cab99a70
2025-10-30T14:37:59.870344+00:00,3c2216f537f9f312da4f55978cb2cd51d222fae28d4630810ef2fa2cf3365c47
2025-10-30T14:38:00.235133+00:00,6bcaa77a8fc2663b32158b80eb88ab4e99ec8a469be5a3e5a196555562bb5463
2025-10-30T14:38:00.605550+00:00,d1bb991b1bda54ce4ab22e23ec6d662684cbcec303b28b25cf819631c2c683e7
2025-10-30T14:38:00.944336+00:00,0e804e111140199a7548d55279c36dddcd1b1834aba5fe74016793a47870a5df
2025-10-30T14:38:01.282915+00:00,bcea3f624467de7483da8a997107cf3b1badf841af132e574d624c627cef374d
2025-10-30T14:38:01.617794+00:00,d7d2438afd22b43523e9fd5031da92b5047421851f2da6874eccd0614a96d417
2025-10-30T14:38:01.954580+00:00,a4b7ff9de3e055c3c777cbd37e574e40db22df7b9eb4ca5140fb818d4cfef8a3
2025-10-30T14:38:02.284518+00:00,aa1cf997248726f1460a2666798e9f0d26bcd16b394ddf883d188bdf745a6e74
2025-10-30T14:38:02.619300+00:00,3aa8c1954e3dd0d9779465c97f2ee9c2d4f38865aa6fb097523b01f9af4d27ed
2025-10-30T14:38:02.959257+00:00,ea6003040617406258124be6597ea18dec01ff4ac1d54fccb0a3f46f91d08ce3
2025-10-30T14:38:03.320415+00:00,8ea1e4547f7ef86004d39c1884be7b8474310856c5190829d982269373971862
2025-10-30T14:38:03.895255+00:00,60928b813fa29cf4cd0cd28ab4ca0630bb592c2c149154f68152417d065c6cd8
2025-10-30T14:38:04.247839+00:00,9bc37e8f228dd142409e10709686b658b0d0aba202b7f995890be5cc8955ab86
2025-10-30T14:38:04.619710+00:00,1e77a5ae4f44f397e416835bee2cc69f98755e6bce8a676e1e7ab306d724666d
2025-10-30T14:38:04.986422+00:00,f643e9adbc968e0313d9c1b350248060dedeaeb87954ea044d89695cb7b62352
2025-10-30T14:38:05.349202+00:00,1cf9771318a7d823909ff63178d1098667de3dfd1568f32b4e459a30734f2e9d
2025-10-30T14:38:05.712826+00:00,355f44ac8629100b54bc611e386c829b9c5aa5f0454c44b18c0fc1b7fed30957
2025-10-30T14:38:06.045044+00:00,9440ecc46ff038e3cf7555810ba0aca2edd8e1db443b50e09a2d92abfcbc67a5
2025-10-30T14:38:06.404274+00:00,43c72f02f25faaba4b99869374992890338769761bec69e21c684b2963765965
2025-10-30T14:38:06.757816+00:00,f6ddcdb232a82cebbf7802de1e122b171304551a2df429fd73e2fb30ebfe1100
2025-10-30T14:38:07.100843+00:00,0551824b3e0fb75fe7a83df2ef28846bd03b4c7d398c6ee95243ce6a1f076ebc
2025-10-30T14:38:07.450355+00:00,c749c2515a582dcd1d5a664903c0825367ad93743b9f41ad9eb3f7680a96a1f2
2025-10-30T14:38:07.815068+00:00,071d2b97a97d7c615ecef9d7c5ec9218deddc8e911b0511f58af023c16c99157
2025-10-30T14:38:08.165816+00:00,7ca4e6e604d46d4029827859b336496fa679c1809e702864ea31915679c5fcc6
2025-10-30T14:38:08.526588+00:00,9d2f90b9446fed31e5590b7084ccef184ffac791fdb3eb1cfe5a01bef14f2e4c
2025-10-30T14:38:08.867192+00:00,587a6c1da7158cc3e43925f54b6b2ac044a888bb4840e3011c448187aff8df06
2025-10-30T14:38:09.423296+00:00,3d3d06a6581527f040d245dc0f3a80b5edae742817fbd6ba1123a2cc4745f4d9
2025-10-30T14:38:09.765895+00:00,a5672c2c2b2bbb921cac1cde8755ebbb9f76b5a2ad2f5f90d1753efa141e1845
2025-10-30T14:38:10.146730+00:00,ac66d3315c8e1a8d47077734c66ee80bb44d335e17c51b2977d81d8f7726c199
2025-10-30T14:38:10.512255+00:00,a066a714513e992246a23cba2fff1091b71716f86efafd26bc1c67aab0d2ffd5
2025-10-30T14:38:10.881164+00:00,fa2f9512efbdfa742087e8771ab7d14cc106b991e255d97a599717cfd39c575c
2025-10-30T14:38:11.244984+00:00,e1a26a81abff595198a319b9b6ada6298a692b366c8d70e515152c7a85194967
2025-10-30T14:38:11.612565+00:00,272074b435136e2b33729cf3589acb84f008f662e2d4ef87ffe4c36fb2f73745
2025-10-30T14:38:11.963302+00:00,5275f1ba74c23c1a9639a60e8c668b9b5e17e542d03c069ce4a309a6c5dd71a2
2025-10-30T14:38:12.321327+00:00,d025627f7b2e39ae8b2a836e82c10b9e32e08a3685ce26892639bbf725bbf9be
2025-10-30T14:38:12.685301+00:00,549914b4c58b376254199830dea392fd6fef9d3322a513a3e64ac81bd44b4b58
2025-10-30T14:38:13.040932+00:00,00290ea9e58f4554711ac42f7dba83031f390c283e6faf94b93637f4b3a82ce6
2025-10-30T14:38:13.401831+00:00,3d5d638766ba679a8d66ebdf5d095db502a0c36cb578fbe85298385b235c86d9
2025-10-30T14:38:13.768430+00:00,3fd02de84484b777796055754f4d9d700d99af8fca7e01800717aea36d0d80d8
2025-10-30T14:38:14.134658+00:00,f1473c05dc9d72e00601433ec2ebc75797bdbf95d79315b6fd35e52c13b1b1cf
2025-10-30T14:38:14.696767+00:00,70788c049805ce5de36a2b078c35286dd66d2408025b92365a1de810616be355
2025-10-30T14:38:15.063601+00:00,9c992f9bb520db8715e2872d501d009a316db1a4e371d19e6cc26508bfadb64a
2025-10-30T14:38:15.423432+00:00,49ae59653f131d59d7a90a024c2843882003496b8341b47156fdc7e042d81f1b
2025-10-30T14:38:15.797461+00:00,0285cd3bbd8c75462c82993865d8af1a05026013241825430fe2333f94a31896
2025-10-30T14:38:16.151649+00:00,85308486644768fb66a73ad565f68a41b717b23cbf783909e58f12543d955367
2025-10-30T14:38:16.513405+00:00,d502209b90df2bcc30abf71969f42b0f03783110ff1a98815ca9ff2bb0050914
2025-10-30T14:38:16.869629+00:00,01b496238eafb36bda55d2b2cdfffd67612c134607ae4b36262d4ad4d047352b
2025-10-30T14:38:17.201486+00:00,2627fcb6a2adf2d20f9c911851d02cf057869690dd5c16dfb4038c6a14f6d419
2025-10-30T14:38:17.551931+00:00,b14c2f6b2262c3adda5b82d445e2a71bb39593ca67219deaf4d75650e743161f
2025-10-30T14:38:17.906130+00:00,402fb6f9c4d30f17f23e4e4c33da47eba65fb3269d2bdbc2fbd68acf735f3a2a
2025-10-30T14:38:18.246352+00:00,bd8eaf543170dd46452fca0feb9c3304a5ed69ae67e1131cb4a75c8db0d2cd28
2025-10-30T14:38:18.615387+00:00,1d1a721e2d8c48fad9da26ae5ce932f4c9de1ffa916f6c515c5e59054f0b8c7f
2025-10-30T14:38:18.980301+00:00,d29fb4917335592be35668622fb4efe887deecc27834d48fe318a9876b0178ac
2025-10-30T14:38:19.354824+00:00,fd1901d0d0e9a35157c06aac6a5e6bb3647a77f34ff0e5ccbedacce1f98b29cd
2025-10-30T14:38:19.923494+00:00,5249ccfa3dd94197b76186c27164826fbfd860129accf2a35e84dc17fdbc2e98
2025-10-30T14:38:20.280974+00:00,426f76b0b4e98adcd0ef199bb010a0b6128ef6fe516d11fdc317d476f611c8a3
2025-10-30T14:38:20.644205+00:00,291ad900d44d95f6fa9140b32ad5c9159c9e0a3fd0201ae7772966c26bbb896a
2025-10-30T14:38:20.997418+00:00,06ed6db6ff5feae955033154355f208404fd8775fa469d365e472fca7f9611c2
2025-10-30T14:38:21.360733+00:00,d2abf809b624c148ccdfc6a9030ad8e66db556a1737521571fa73750b3f6c1f0
2025-10-30T14:38:21.723875+00:00,076454ab8455296dcd6f80f82e2f4625bb887f7670a8a10bf55eda27a1dd06ef
2025-10-30T14:38:22.066771+00:00,096f974e302484f25ac8d1cf3db74199c798dde17a7f05f6cb8d65125b50346b
2025-10-30T14:38:22.416213+00:00,d2def3764c99c9d7df8085dc18be76f8b87fead72ab031af8e68914ac239ab91
2025-10-30T14:38:22.795743+00:00,4e5222e466f7c8e0877eca8085b06bb5ab9df52893cfacb35c77d1dd6216c02d
2025-10-30T14:38:23.168376+00:00,02620fe3b380c42a3a4b2315c36957802c1b2c9eb32e7b158cc06b8fe9961ad1
2025-10-30T14:38:23.534412+00:00,7518ab67732b87b48a85b27d636aff41ce14e952a8c81e5c88f8a53556d586bb
2025-10-30T14:38:23.905229+00:00,312d37ee9bf7ac486d6b6f9c49eb3df22555df26917721d6062e8c21fd50b4d3
2025-10-30T14:38:24.281851+00:00,aea8142c2620d53183e911a704768ccec576725fed2fcef8a8f473e733958bda
2025-10-30T14:38:24.648023+00:00,440b1312ee790e7c40e98b4646966b1c38a5bd7fa5d0c4c8d6bb0bb581c752ce
2025-10-30T14:38:25.224701+00:00,4ce9a7630bf2668d0fadd704f518847f2e78424b0b8ee1aa0526faf880942dd8
2025-10-30T14:38:25.587322+00:00,24035faa4326a3a8843c8903195fee35593fcdaa3ac919e6b20eaa1d205c2fb9
2025-10-30T14:38:25.941810+00:00,bed738557e5c5d20d0538fd436bed9888e63eccef4ae1c290f6205037104eb8d
2025-10-30T14:38:26.298310+00:00,0c0b65492a10f8034b98d0af6346881cbc5bf29625cf0f32ee3629466d2028df
2025-10-30T14:38:26.651565+00:00,dd33ce3b49a965a27bd201a4d03fe3e29cf01ce7e719c289d99ac8a55bfc278d
2025-10-30T14:38:27.015817+00:00,682c6d6893f3f81ee9233dffc6108ee5c933823198cee657076d474ebf276d65
2025-10-30T14:38:27.360314+00:00,2370775d6668ab469615d7944154222d0fdd4a2eb55fdc45bb64dfcd174f0cc0
2025-10-30T14:38:27.731394+00:00,4fa35413ff02c01c8ea17d54fabb780cecac72fc08693f980cafd65e5615c00a
2025-10-30T14:38:28.108934+00:00,acb1e73f27110638a4e8ead8804dcacf5afb832e82d0f52974f92cef1b43fe18
2025-10-30T14:38:28.481844+00:00,3423fefb8777fcae316ec9aaf50d57cce6ff607730f48cac69d9bff0e7442dae
2025-10-30T14:38:28.819057+00:00,a993c00449f757361fd7d0ece1310722d25c8e5065c2b420b2365fb39f6b96f7
2025-10-30T14:38:29.176207+00:00,e4dadaca74530bd992fa32a5a762745441db18ac1e54b1a46a6f750ac24010aa
2025-10-30T14:38:29.553017+00:00,a929a1d0b6a38244f5438082b6566ac03e129f324cd54d6bb521cfb26c20ed73
2025-10-30T14:38:29.916483+00:00,76450264b15916c122c88d10759cb7142406ae4c5caa894860a226317cb4ffbb
2025-10-30T14:38:30.475783+00:00,034691ee0e1e9b3f2fbe2863950fa09bacf5c7c9ae729a15c0de0e6221fabb15
2025-10-30T14:38:30.835824+00:00,1dffcb368eab016ae44a2abb3458c80b93ed4ad7e30e4bd341c8aeb689025f36
2025-10-30T14:38:31.173979+00:00,fa36ef1217f4b0cb06838390fbb2b9b9b49ffb75c9b5d5328c0469367dd681ab
2025-10-30T14:38:31.509747+00:00,62583f5ea3082d159972856fdd42dae765f63bb816509e4a776a23f970be07a9
2025-10-30T14:38:31.847885+00:00,4fbc39c7e411504f846311193c9d720fec3a16db27ce58712ada70ccbf77b1be
2025-10-30T14:38:32.192866+00:00,6a9ead9642ca325e2af3eb498929ccd87cc75dc3b08fb1a0c9c1749fc896ebed
2025-10-30T14:38:32.546250+00:00,96663dec5b7b7b299946508281978dd3684c1b75e885df2e210a4a0f9c80ffd2
2025-10-30T14:38:32.881834+00:00,240186c3c98a3bfead9d596dfc8272ca3086b83ce1d3471a1fcb7aba29cb77ef
2025-10-30T14:38:33.211021+00:00,c6a509ea8defaeae4d4a92dfc0c36bdf6650daf78adef49ec3b43969f6154b99
2025-10-30T14:38:33.568920+00:00,f7935ebf6edc557f796279362735bef3afdb43e44eee002f8b77f32b8300b13f
2025-10-30T14:38:33.932970+00:00,284bfd5aee99a702c32494b8d16ec0d348b48870530f29f24910ccf097ba0451
2025-10-30T14:38:34.290927+00:00,3f77029e9287e1a7704411af713a65bd71b6c7b4868e1c4125158085ca9c1ac8
2025-10-30T14:38:34.655050+00:00,af706a6ee2b5e2a8a10c7677bc655824a6e0a68f364bb31d839b6d5f4a72e5f0
2025-10-30T14:38:35.022666+00:00,77c48faef6dd878b5d99885cde52fcd061a40f77391cf9b13a99d6018fff5310
2025-10-30T14:38:35.394930+00:00,b2a01b1bce71228c8bc1f4883dedf9dae773c63828f57d57002ba1b20435f88b
2025-10-30T14:38:35.953931+00:00,a2d545562e231b5d8259f648450d6bd41ee35478c553fa8abd4296d724db2415
2025-10-30T14:38:36.315388+00:00,e5a81d836bbc7795f6ef7581a4cfbfb6e7cf93ccbe2b32be3884e7f1bc9eccf4
2025-10-30T14:38:36.686253+00:00,be09fb9fefa7bf127e134b8bda3cf6052d6a027a7f11212e4db3686f7a9880fa
2025-10-30T14:38:37.052000+00:00,0d18442783be1950eedb3f284d20c55f966e9370a3020096df7671b7daaa3eb6
2025-10-30T14:38:37.399894+00:00,9d892c6c3f0266df384cb91a10602f65067213a01562d1015c670900017c606a
2025-10-30T14:38:37.772744+00:00,0aa5972482ef57741f88de3376ce5aa4211ac054358ec047fff921ac3d3d4cf3
2025-10-30T14:38:38.128239+00:00,956b5675eb00d00046c640b558187f8cfa8ff49aea0be401e12e4a85c30d6e17
2025-10-30T14:38:38.487033+00:00,f86e7b093cf1d6777cea46cd6b60e0460b696c45eea7cbe45903009016ca3079
2025-10-30T14:38:38.830007+00:00,b31a4953060d3e43182c7c81f36bf224998259e39bbb75aff0845ae9b9fddbe4
2025-10-30T14:38:39.242587+00:00,1801f8391942e1c57bd32176a37336f6b67d57f2abc3e8584a926ef34d8b89c7
2025-10-30T14:38:39.605292+00:00,cc580dc8a063a435e038898261179c1f2edf55996335bab1118c224a6163f360
2025-10-30T14:38:39.940699+00:00,6ce0a21e2dabac7be28029277222117fc63b7ab742496f2fad40c2e5b7e8a9ce
2025-10-30T14:38:40.309275+00:00,edd735a3180293ee5223ddd74598afd7e2c179bb584dce5cc9be971ac9af0054
2025-10-30T14:38:40.674659+00:00,77062ea3e332e64d8e61dfec300c0f50cfb83f3db2c18e935176b7b57184ae39
2025-10-30T14:38:41.241780+00:00,1ae64b5cdc8d99e3b3b2cba97109c7005888337114e6bf8fd9181b8798ae8f04
2025-10-30T14:38:41.586034+00:00,8695a58f743264ccd31917d1e5283efe2882383d959fa3d043a0a54c55f284d2
2025-10-30T14:38:41.932824+00:00,9ad30d4a0b0392013eb0a784ef58f9e83c91cdd858d4cc6b357821975783402f
2025-10-30T14:38:42.275020+00:00,c368b6e2545d0dd2140ae644bc52c9f6bcef2987710b789b16644b2759c91aa6
2025-10-30T14:38:42.638227+00:00,912ff285442cf4a7ef9128da45e33ce5538ff57a89736a4e85279037fca533c8
2025-10-30T14:38:43.006421+00:00,64a1a1fb009df9825e6d897e79f0aed24e6c3978a9bdd92f938152f42bee1a0d
2025-10-30T14:38:43.368506+00:00,5189afe9b1978feea570764fe920212d6b4cc0d182454adae0ee8c0ba52ecab1
2025-10-30T14:38:43.736581+00:00,3e40091b4eea39207c2339ba81221c6dd34e00406033b526d340b319ad2d4295
2025-10-30T14:38:44.106385+00:00,7eb6845ec341596fad4c1aeabd900e6ef529c25dfd93267532f1b688a3fdb3c6
2025-10-30T14:38:44.467851+00:00,2b2b174b82152e2d15a7a6fb132034d9b550ab072bb4ab07c06037e625bdedec
2025-10-30T14:38:44.836420+00:00,b260076ee139568b85bb1e8d904d60485147045c28773e8cc3c926c66ac7e298
2025-10-30T14:38:45.202079+00:00,cff403189acd5310b66b0c24ee268ea939762e9dae256ac357d4841ef427c321
2025-10-30T14:38:45.559256+00:00,f5bab8fc94bfb7b756cbb6966b32a1811cd699cc09b1504c3536a52fda38314e
2025-10-30T14:38:45.918848+00:00,e0ced2ba9d62b1b38cd143fe59e39c70cdc836287c2db6e2535d787058c3c174
2025-10-30T14:38:46.487097+00:00,be59d11f123230dc5c2eba75063841beb412e879700c4be5f3299fb0b930b8fd
2025-10-30T14:38:46.849090+00:00,6ea8f249ac785ab79d562e44743ebab226787f8ca83c7f92a71c1998f4c793e4
2025-10-30T14:38:47.194704+00:00,ffca0f71abc87db747ce4d76e193675be435c7289d20f18e588a59b15d560939
2025-10-30T14:38:47.557082+00:00,e18352f7241ec5d2afa18879f4c74ce0d85f77b8a36dec59ee320278082e7b15
2025-10-30T14:38:47.929072+00:00,c1a4b1da5c6693c8290f943bc8f0b76ac5ff129fd47285de54a7e7b7b9d1b86a
2025-10-30T14:38:48.265134+00:00,74b19157cba5108c31c38ec8771fa8ea4410c9d74defee337d245fca230f69b4
2025-10-30T14:38:48.639232+00:00,d46a61d29e72030de02e30eab8324a50646b963fca8a213a6c67bff367920fb0
2025-10-30T14:38:48.991825+00:00,f99b8672de2dcf0ceabf2b60bc02f36a52e80af7f4009b85192109fbe7cd11df
2025-10-30T14:38:49.348669+00:00,79c3c6b66ddf603e037c7976e4748be04d0678ec014df38ec5643c1c75bb8f94
2025-10-30T14:38:49.722838+00:00,314b6872439b2157a726bcdafb5296a1752ba408f61eea2087dee4b5bf3dd938
2025-10-30T14:38:50.084303+00:00,d7b84d2362d1abba60190d2e3daecc4978801c19fd7dcdd4e1d2424cf96fd00a
2025-10-30T14:38:50.450907+00:00,333e2772eaea09c2adfc95f15332c1ccde1f8dabd435d2f0f4a719829834aaa6
2025-10-30T14:38:50.803404+00:00,67c9923a44ede0082f2da97c3e313fb1ba7e5105e78ae9856a808a4c83f38311
2025-10-30T14:38:51.182044+00:00,30497e91799ce5e908f87f58bcfd449a0cc5367aeb2b005663f64b0d85051272
2025-10-30T14:38:51.760799+00:00,4d2630d483a8d89ae49060d96ed46a553921be8f5930196c6ca799b7f0426239
2025-10-30T14:38:52.123799+00:00,3b1288a0c2bb90c97ccb670dfce885787154852014d7fb8964048d81964496c2
2025-10-30T14:38:52.486652+00:00,a763bb9c8ed714c3bdb6b8fb965d4bc0ff018e4b98dca9e2f3ab40f808afc110
2025-10-30T14:38:52.867856+00:00,fc646b9d01669124b4323ce906cbbc5af61c0456ef45566be3ea31ed9bc4e8d4
2025-10-30T14:38:53.231928+00:00,e9567b4fab5b6eaecf91f078f6d5ded7f762e18a12ef1bfa090a4d02c7286e13
2025-10-30T14:38:53.600917+00:00,eadfd4487281fc52dd64204b06b496aa2bef921e0abcc1069a2b37a29f2225f2
2025-10-30T14:38:53.970095+00:00,03c233535c49ce678ce81d93925248a2efa7403764db57234b317debd20713aa
2025-10-30T14:38:54.340940+00:00,5d7f2418b49dd5650a2a172e5f5d6e89ded2054d4374f16a7aa06479e1c2f608
2025-10-30T14:38:54.715604+00:00,7f5ed8ac6649a9efd2d80c6241f9bcabb97f0de0e83525bb14b51a6a6fe2a648
2025-10-30T14:38:55.074592+00:00,ac2f28cc1a8d8387a96784514a27a0f55c84ef0d45377a74894461c21022f387
2025-10-30T14:38:55.430524+00:00,b6d104eabf2cb9b4dad4e3a8aaa80656ed9c0c8d053bfc0102dec16a511a8146
2025-10-30T14:38:55.793794+00:00,22f82f1aad23142aa2d0bf4876ee5203fbbac899ae54f64de0fb81da44703d65
2025-10-30T14:38:56.150547+00:00,6d909186a690c2637f6225e887fc21a83cd5bcfc06110a5a5b2317a5acf731cc
2025-10-30T14:38:56.494590+00:00,b9ac7488e3e6df57fcf1bdc133f8027aa32b49bba77749d5f1405afb0eb0201e
2025-10-30T14:38:57.043013+00:00,b4564fd7e5bced40a0a59363bf1e7f5babb40732dd778849ab0e3ff67584f472
2025-10-30T14:38:57.388230+00:00,a388c3949d3db70ba9a62b5df797fe158f5910731e98d5731bafa13ea1a70976
2025-10-30T14:38:57.741347+00:00,8c48caf4abf56d303a68dce5a0f18532003748f9821b7385ed8f7c70878014fd
2025-10-30T14:38:58.094600+00:00,1f8e44dbf37c38b012fd2be5795f91941596b4a630b37b7479c2c296a2b77dbf
2025-10-30T14:38:58.453724+00:00,83ad7f5ff81107fb6633f00e5a774f998cf503dc921747afb0c6722757b4bad7
2025-10-30T14:38:58.819090+00:00,cb022f9b083868c5d55d5a0a5367d80ec1304de0f472c9f07726afe79bcf0eba
2025-10-30T14:38:59.186129+00:00,d336827907b39d41dd12dd1cd24fc6fb812ebe7ecfa84a3271fc97636b5c62d1
2025-10-30T14:38:59.550127+00:00,37fae465bd9b5ec54b85cb6e92aafda9492f626195d1b368e092a293b418f45b
2025-10-30T14:38:59.920663+00:00,761cb6f2bc408893c1fd47d6142a00d4a7fcddab320cdd6af68dd58184d59ccb
2025-10-30T14:39:00.284310+00:00,53d9009c5df064ac790e6a4b1ff122c0fec9469dc9e573e475f3b7c250b29304
2025-10-30T14:39:00.651748+00:00,79c08dff08bfdea760c45e2c436d3db4a16ef01615860f69d23b1da58853b2fe
2025-10-30T14:39:01.002640+00:00,6281f3bc8c840c94184f3206db2fd6fc80532e7b04a36e4de796f52607476bba
2025-10-30T14:39:01.340843+00:00,2412ad5ed23cac94e4b5b61fbd752d7a948a92369b6befa5466c0587d6d2d842
2025-10-30T14:39:01.673682+00:00,088f79fda652aa79e4332396b8e0f46b7cc5247d588333294c94ef48e12e6dd2
2025-10-30T14:39:02.008646+00:00,ba0468d9ba186db179275444150066b9077fce52aa52f7192f9a88a5f6d27927
2025-10-30T14:39:02.560593+00:00,f11f7e920a719334088395fc3b46f7243288f72fb3d75ca7f6fc33f9089a66aa
2025-10-30T14:39:02.903092+00:00,cf65598edbeafb332b08bd90ce0d0323bddbd79ea86291002dea651355d07dec
2025-10-30T14:39:03.249020+00:00,4438064c0542dba863f0ed2e1b572edc3251df0d813770e00bd1be0d2caaa7ca
2025-10-30T14:39:03.594268+00:00,62010f2fac0ab8ff106fb618ff74f8084bd5bba99c3e67118db739199c040e57
2025-10-30T14:39:03.950897+00:00,415b268e93af3a71df26ec28769d75c5a008749b5ce46ef2ec8b81a4ed2ad8a1
2025-10-30T14:39:04.320961+00:00,836916ca8d3958021c54028bd202b95b1d240a4ece5cf1d9d9d3ff64b4088a8b
2025-10-30T14:39:04.679002+00:00,23359d7c328a6bf32e3f23645e13bd1ef22eabbd81178e584d3de3a693334073
2025-10-30T14:39:05.048562+00:00,01dc58d72509bcb2dbbcbb04989a82b65fcd9d1d9201a2282f40508c7e8465cd
2025-10-30T14:39:05.410689+00:00,d6647d1d9f1830e04f4dba12609a1446fa678d8b40d7a10ba1ec7ad3baa72c7c
2025-10-30T14:39:05.776134+00:00,2309502db54752599d1cf618e27afc82f673eae66ceda925e5a13e912175bd1f
2025-10-30T14:39:06.111682+00:00,daddb8339166212141f5b77ca5a80043a5e2dff25ddf20e542c5220244055b30
2025-10-30T14:39:06.472839+00:00,780e34db7ad91fc5c0cbe913cc56b3dfa6864c77065e0694638d5f0e9071e28a
2025-10-30T14:39:06.834648+00:00,4e85ee466c4e936de592446bb95af6a2b5b91425c016e5b72579c862717d5c00
2025-10-30T14:39:07.181292+00:00,f90fd13db228ef3d0e8d30facf7aef07706f63a47632cee3d5518090b17c381b
2025-10-30T14:39:07.534594+00:00,12cf1637a5862702354cc5e8676395702e47b9c5f0532c89e645e750ff40d873
2025-10-30T14:39:08.105734+00:00,36d838d55504e5b2dfd4fb1bae8202b4114bb2884edd223710306192565d9fa9
2025-10-30T14:39:08.459432+00:00,c46ce043b5d86ea3476e34cda903ddf92f5347e031d25d5987013cacdd995f1b
2025-10-30T14:39:08.821617+00:00,9be133482334353c7105a96103abc072568db5f7078fd90be65d373869e3128c
2025-10-30T14:39:09.186299+00:00,89bdad474cf5cd4710b203bad3dd33b6eb4e9181a21837330843b45cd39caa36
2025-10-30T14:39:09.551651+00:00,1f1985278ce383f4d208622e867f6a27bb06f9ecff4484e52ef417d9e583ea6d
2025-10-30T14:39:09.918253+00:00,902fa3a93fdf961c6d545b642ea56537b61654799f25dbc614c757a72766dbf6
2025-10-30T14:39:10.265806+00:00,4b0ac604438b7dfa119915cbd6baade61b1b2da913ed20b423b3ac087bf0cbff
2025-10-30T14:39:10.636598+00:00,3d0dc4995c84bc3410bb0bb8f8fefac57cd8664f9b82d2f866cc2d3e886814bf
2025-10-30T14:39:11.008625+00:00,d77b5c3b13ff249d7b3baa887861ac4ca90de3d7c3b79e66f7a0b21543975e64
2025-10-30T14:39:11.376498+00:00,8fd477c8a55532b4a17f60d2106e9c34a80963b1d0d6ca98575c816032847729
2025-10-30T14:39:11.727705+00:00,74ecc639b18d1b7f99c3d02b4cc754955df6735cf0e296635599050a9a023abb
2025-10-30T14:39:12.074034+00:00,51aa5c3ff448960de8927ea32d9c5c0eaedacc05c330d177c292f89948e518dd
2025-10-30T14:39:12.435968+00:00,62bb283322945b6bd1b15920e78ee1e8fcf39c5fd8f1abff2a3a3742f2dec7ea
2025-10-30T14:39:12.798773+00:00,9ea4c3c9ce42c9a1cd32d2665a69f54c5f9bc826cf496e6037728b5ff1080535
2025-10-30T14:39:13.380914+00:00,f835a4dee56b5fd89753225fce4a052f82621275f06574bbc69463e1e8dd0bd8
2025-10-30T14:39:13.754113+00:00,e778044360bd5846bf7d8c93307c17aadf36b49a0abe65759bff2a57032d6815
2025-10-30T14:39:14.114192+00:00,981c24e4cdb0b475492edbad2444b6c15705cc9a86e289b601ca8024aeff9eab
2025-10-30T14:39:14.489710+00:00,1b7017bad4e0560eedeb169adb4e2fabf38c9f24e4d44f7038b32d609f36a315
2025-10-30T14:39:14.856031+00:00,b3299d1e7a25870cc50d8029cf5aa19c09cc1552bcaf1854010524be7701321a
2025-10-30T14:39:15.220043+00:00,021a93ed06021ac6abaff495e9782acc8b753eb584e48e853d809510d78218c8
2025-10-30T14:39:15.588477+00:00,2bd3a17d6efd3d9e1e4d147bc53bc63ef47272a6a8e8eff9c58873f4876d43e4
2025-10-30T14:39:15.949313+00:00,585c094e84e01ac8db817d5ea6e57bf126ee7d981fe29742fdce99b22719110c
2025-10-30T14:39:16.304675+00:00,93193889584723eff1d45cdcf0e5487b2bd41c824aeaa076c434afdc653ab921
2025-10-30T14:39:16.663667+00:00,5fd19a98af6d3f30db3ecc586b48ec5ab10dafdd9ef3d173329a52b5c06bddc1
2025-10-30T14:39:17.010714+00:00,4348c0b090b73e055737b4eb43722a14df1d67a74300f9dd759d5b4a8ee33a06
2025-10-30T14:39:17.351591+00:00,21cf6a0de73b8c4fe762a539ae84f85cc4a0c8065ab28fc43f14101dd66161ff
2025-10-30T14:39:17.711217+00:00,364d9895d46c929e8325ee8123de330c0b1385e77b1dd097bc4b7f0a1d7f89eb
2025-10-30T14:39:18.075689+00:00,49b4d97f4071a66004671aeabd4dff9eb31a74db46572e7a4223fcc99b53cf1c
2025-10-30T14:39:18.633011+00:00,47a03bf08213366c8bb348056646fa3bef294b3f0d55752ec5567865ac2316a7
2025-10-30T14:39:18.973702+00:00,f9322085b7a54afb5f5eb863366d1dc5edf545c008cd53b18c5363c6a5ea9e8e
2025-10-30T14:39:19.336040+00:00,23f039ce426d72aa9cdc3b50d97ae324dc1a4c429c53a13ee01fc5a3b608f92b
2025-10-30T14:39:19.695396+00:00,e608bccb195dda9c4f7ccd864e7a0f085e757d82ad1fb9631511622e7447f395
2025-10-30T14:39:20.065787+00:00,edaf7a98bb80303b775414ed63cda9e5c4fd8f0c144e60f403d502956118e1b6
2025-10-30T14:39:20.431608+00:00,efed303c6fc445a78e3b1fdc11131ed8ba43b262feb94562122d9db9757dfc57
2025-10-30T14:39:20.819791+00:00,c63b8c52ed75da07f8db6f97edb0f6f1e267ab86fa9237bc151084e3c780507e
2025-10-30T14:39:21.203870+00:00,7d4aeb4d56331caff2dcdff6de9695dfc934d3f2eab7192853577eae7074b09e
2025-10-30T14:39:21.564477+00:00,3f22cf1ccd76cedc86f3c016dc03c9a4a581f482089dd35e49b884710c556adb
2025-10-30T14:39:21.919868+00:00,a2e6a79f709af7d5d5aced9c7284f5da5a9b0e079d506155b6ae7129f2724d19
2025-10-30T14:39:22.265257+00:00,ea8f5b3eaefd27452caa78b234635fd9547d30357dd717c5f5d0b0d7ab56cda3
2025-10-30T14:39:22.636549+00:00,bb777fc29e88e33cf0fa07e5dda48318c998ebb05a101d3408e821812628c03b
2025-10-30T14:39:23.009121+00:00,c5114d1668b31993f4206ffc7e418d241afcf17ba17571fa89e53206f903f2de
2025-10-30T14:39:23.372351+00:00,58f5109f1c3ca83a85b45463f7e24576544a6274be35f497688d73a366f57c30
2025-10-30T14:39:23.944555+00:00,de4cf57f3b6eb382ea0ad9ac441df7ada91400068e254736d9d66449670b4542
2025-10-30T14:39:24.301386+00:00,169538b6c7f435051e54972c5159b10d971905673b83d4d212982675e59fb31d
2025-10-30T14:39:24.669258+00:00,922521ee5f53334e337d1675080dc0e3e76341dee3f71cf441635accf1598798
2025-10-30T14:39:25.029266+00:00,15d7757a535caed9e986d3bf4b375258cada95a6aa9da1064ede465934e115c0
2025-10-30T14:39:25.381772+00:00,12f749fb14a9c48db3c42dc65c13d74541eaeb799b61670c37c1d70cdf5a0abc
2025-10-30T14:39:25.753553+00:00,78dc563efe8986a492c16dec2d96e8934ab65ecf0d735dfb6d1efd650f5a52e4
2025-10-30T14:39:26.086303+00:00,3ec015aa91be3468a37a06e829c83d956f154a546889cc75b1188ff2d0f4615c
2025-10-30T14:39:26.447906+00:00,60ef9f6d6c7ccc6a0b05a5af80070aa9c722c33721bb45dc20fab389e217a87f
2025-10-30T14:39:26.794333+00:00,463f8a8877951f54f472a2e67a63214cf9c0876d087ff4ff49ff7ebd343f352c
2025-10-30T14:39:27.137501+00:00,5d22c4fe5e1db6728b80a9657963e96a443935d1d8e86591fc003c78ebd09df4
2025-10-30T14:39:27.489334+00:00,55f11c7eae43dfd98d54bb71429f7bed777bdf59a8644c207ea395aab08e78f5
2025-10-30T14:39:27.853752+00:00,4bca8d9287d50b15f36a89481210b0c206b537d62a8b29d4cfbc21fdc112ec64
2025-10-30T14:39:28.194129+00:00,ab6281f7306dd9cd45d55a2e200289b9f354bb5a1b6251b5e69ff9094f8672af
2025-10-30T14:39:28.561485+00:00,a4d88d0691b66693c9960004728b7fb35aa6f122fb9c8aafac667068673e9f3d
2025-10-30T14:39:28.900429+00:00,99739394ca37cb10f44b055f8d52c9ec31cc4cc2a3455ad6e50be7299920836b
2025-10-30T14:39:29.467739+00:00,da535ad0b44a167863ab7bee6207016d5dc9045012851e23e327ba74db86c554
2025-10-30T14:39:29.826839+00:00,b5eecc19f54167be4ec8f49fabf25566b161cdfefd12ca05f8c2f44137db8c03
2025-10-30T14:39:30.182061+00:00,24d5362e4505e66417596c781b8c559726bae9091861e5e5757e16bfa2884c72
2025-10-30T14:39:30.550657+00:00,9d230ebb3cf4327f580d3ed2970ea825786e0d06769d9d7cd4a2947e4ceec065
2025-10-30T14:39:30.922277+00:00,dea2403d49b6d73afd8f6e395b19b96f2194e197a6340ae7b1b1a6d222005105
2025-10-30T14:39:31.261697+00:00,1a1ddb32ab73698d713fa651339c0b44343cb735a14e465c1849666ba810d20a
2025-10-30T14:39:31.603608+00:00,467eb1af6d22530b2597a707196ca30c6f85d86c0fbea12761790a29fa0dc139
2025-10-30T14:39:31.943459+00:00,9b2abcf1b923f22b9a040c1ee7a0036fe530137269437c36da431909717b11f3
2025-10-30T14:39:32.289321+00:00,360ee121dcdfde455fcb33260624ebdd196a462d66c3a22310dc6224a53ae21c
2025-10-30T14:39:32.635502+00:00,17c995e365f8ce9e9bfcba409b59bea6de398fa6f04ecba07b162038749c93ce
2025-10-30T14:39:32.976197+00:00,cc7ddac9e6b02b19f3f737612eb73e74c38e565ece8b2319621fc3b53255b836
2025-10-30T14:39:33.311170+00:00,c58bacca3b9d5749a13f4b50d5df7f04a970d87f27fcf2fbdfc41be3f7862bfa
2025-10-30T14:39:33.669184+00:00,a0e7d100ee842df2f6b62d526710a597624cf2062fe4c0cb656ef2f2bc301cf9
2025-10-30T14:39:34.044498+00:00,2df19e48d9d39a6702f1cd9ba3e407a2a705e5e8acf7e7ea9ece2d22514e0a11
2025-10-30T14:39:34.411907+00:00,bd0e8d0929738d6ee7813c799cf3f2ce98b8f8f997c84dde26d0dd26f7113c41
2025-10-30T14:39:34.981261+00:00,1b9fa5a421d85f6767f792d6f13903045b600e0261f1892d4c0244469f77fa8e
2025-10-30T14:39:35.350336+00:00,ee39f5335551157f324ea9b14f695d7cb581db50c5c812328e30a84b5b6fe355
2025-10-30T14:39:35.709318+00:00,28d79e23cea25593800cad2c3a35d56fa43facfb5645685537afdbf090da7b56
2025-10-30T14:39:36.053230+00:00,0d677ef07a461fb1b87fb8ae24c49f0f5389c903f0954c45a6fe933f349f153b
2025-10-30T14:39:36.402632+00:00,17bab4a0abafb122345b29161ab8311503fa316c95baec2cfb63255eaaf296fa
2025-10-30T14:39:36.780249+00:00,b26d3ad77c781daab7295dd6a02bcb1a2be242562e646e6e1553ab81a436e5bf
2025-10-30T14:39:37.128611+00:00,bba89671f9365edd04befc96f538698bf4caf2b81a4dea7a8e718b18e4a05ef6
2025-10-30T14:39:37.472491+00:00,f9cb385cf915d56f0f4d83c0dcd821023d44eebbba30e45cc0bae8c41dacc724
2025-10-30T14:39:37.849060+00:00,2d6b8974d83f0219273fe6efb6a2482b347000e0551923a3204652a85259a845
2025-10-30T14:39:38.190752+00:00,39c1f72b4a41207bd73cd2ab2aef07e8deb6bd1401dd6f2af7d52695f80b4591
2025-10-30T14:39:38.557989+00:00,cc264684503d855450db14748f8f7d34d3fb2b030995659a72c69bf6d918de64
2025-10-30T14:39:38.905181+00:00,7945bcaae644dc275c2fd5240840572fc1d3bfd2ea13cd75a32f060b42b14837
2025-10-30T14:39:39.318515+00:00,1d6dd1fe0a32d593161ba497e0d937211484073a34b3c8546de46c08ca3bb1f5
2025-10-30T14:39:39.684546+00:00,7d337fd255d74a507ffe953fa07933c9ca5bb6e789911a62aa55a7506f06a150
2025-10-30T14:39:40.244252+00:00,5a2b277dc18abcd3e7e91261b7cfdca6ca1fce96cb97b92dfe17cd6c92f2f086
2025-10-30T14:39:40.610694+00:00,91b0bff74c6256ff57d84fc2de2a289cadfe57346a78231119a83ad0a5ee97e4
2025-10-30T14:39:40.991498+00:00,b5f83c0e14be88ae70a372ede24f629d56d43843ff5e32b8c61945c803e48e46
2025-10-30T14:39:41.362913+00:00,114643040d2df82b62c9c8c7ee67b9047d22fcf4bce14d9df4578ba8c26cb57f
2025-10-30T14:39:41.712414+00:00,0c254a4120335c86071a9679ee86e5eb787a34b89a99b12eaa251e4b4469c2ad
2025-10-30T14:39:42.077755+00:00,d564b570f91fbeb8a1d3a57855f0e946239eb30b9a407c19945805358480661e
2025-10-30T14:39:42.449733+00:00,f247b79cabddc06e0ae7f5ac21b4e34264c9f55336d38eb6b1c95f66197331e4
2025-10-30T14:39:42.818577+00:00,bca3c39b305ffefa7e3e6e5b272c230281f5560a2bcb8608d30c26b3be117ab6
2025-10-30T14:39:43.184506+00:00,0287d8ac24000394e971f7c8f52bfbc455dc9f00306243a575906a28c44c1c9b
2025-10-30T14:39:43.554968+00:00,adfb93e964441898e49c8fbbb9f9e56fe0b055519e14be165d1595b89c49f076
2025-10-30T14:39:43.950705+00:00,804483e813b9d3a97f124fa835517d62e6c458da97a150f7badf260d086d6133
2025-10-30T14:39:44.316556+00:00,e30842d3f9e085bc319de3aa179ff24c39f6646d199b76369be02f5f75374a60
2025-10-30T14:39:44.696648+00:00,a6179092db772c555ef6ac3aecba6eacc16608856ee50955182ca21b0c212dca
2025-10-30T14:39:45.075224+00:00,f8295c81cf450824b5462805b426066fa5e82588615d69c04240d2d017fcc949
2025-10-30T14:39:45.656299+00:00,69448f053005252bbd00c6923948949c3a9e6adf3c364d9a0d24b698914ad1ba
2025-10-30T14:39:46.006072+00:00,1a462c2a86c67b07675c6e621d4324c7987e86615c2b0538ca19d7ee275834f1
2025-10-30T14:39:46.373493+00:00,05a43133f6f923d35b847b904d31e4ec27eda9878f71c259399b0adefbb55f5e
2025-10-30T14:39:46.739847+00:00,9dba880b7c993e210fcc7fe15e8f4ab7b29136c741f8c824104d048238adc8f3
2025-10-30T14:39:47.080512+00:00,a46f96f7caea119ca9d9237c2b20390f477fbd89e22a6d3c31d84af0edbf88f6
2025-10-30T14:39:47.452660+00:00,94cc67feb54133f195126d8f5785145e0f8c868549e7baf1c3928b6366ed7746
2025-10-30T14:39:47.810401+00:00,48d4b1d2f5f356462a74524692ccef36ce6d2bd1afa26295cf32c678b84e8d1a
2025-10-30T14:39:48.162843+00:00,ea7fc4ad444a492df67d48654306885bd44a319d4ae05c17aaf16231fd5aa491
2025-10-30T14:39:48.522601+00:00,669f906f0f8af5d7f7b7d3b520c7e166770ae390d63686665148eb18deb78b7b
2025-10-30T14:39:48.869566+00:00,91e6193eabe4c15360e6f00cf2ced97eaf4131f5313c275cdaafb5f85b694303
2025-10-30T14:39:49.227185+00:00,038e880c076e650986f504fda2c5c5082f0f2bcad403e6e16bf0dacf85bd785b
2025-10-30T14:39:49.601958+00:00,1376d19f935a09e74d6837918e1ca7d8fb54af7eb653444161f7f3ac00088e0a
2025-10-30T14:39:49.966301+00:00,86f85be5174999fa52aaf6323ec67d32209f795854f1cb51a942dfd00375b688
2025-10-30T14:39:50.339743+00:00,733cbf4a3cc52e6a3b672a9aea2e905ada0b8de85c69487520054d2253cd37ef
2025-10-30T14:39:50.923817+00:00,fbe09b4ff13e16acc62a51056c8f089e9b33886aeb266e6623e5bc61a730b606
2025-10-30T14:39:51.287611+00:00,7d94c3e57ec4a2a379151e6406560d08d00f14df90328c953dd06f782efbf295
2025-10-30T14:39:51.660598+00:00,4c4d6b681fdebad0ebc0bdf279d597e09421f5f45d7bd6461120151c4f871dee
2025-10-30T14:39:52.022390+00:00,cf3b95411112746a849cee9daf271062a8536327d156a1d4821d393b8ea3b6c1
2025-10-30T14:39:52.372333+00:00,e48fd7b12d641a5f08548bf005f2c6728795d58f68ae68e440f67eaaa2ec8010
2025-10-30T14:39:52.757789+00:00,46c6a2fcf84a69233fc675e636f74bf1f61e0896fdbcd4dbedce8321b54b5198
2025-10-30T14:39:53.122184+00:00,5801de8693fb5fdc624ebf2a9a2a2908e6dc115fee7c6a5488cbec0c77545406
2025-10-30T14:39:53.482806+00:00,ba8acd3f12f4b9387eb84a63c838296bb0cf84de196859279d1323f8b7db8ce1
2025-10-30T14:39:53.847765+00:00,a9f1760fa0e4b572def789b06d00a99e28e9ee91c5e4ef584a462b2f07ece97d
2025-10-30T14:39:54.226591+00:00,3e12bac9b9d8d27b88622eb3ba913c4ae8d28923baac8797fbee47bbf9a26124
2025-10-30T14:39:54.603623+00:00,a997438c96e2d59aa941bdeda0a258488489033f3fcc6a2329937fd79f3e2ed8
2025-10-30T14:39:54.968084+00:00,7fc81d8cfb86512ed9848f74acf5f401fec3cf7c637588ea14a109111a70ba7a
2025-10-30T14:39:55.346542+00:00,cfacde181e597b02921daf1ac32c07af5100e2eee83d643a02c81b358c320657
2025-10-30T14:39:55.703730+00:00,c5cde4b4ba479e8811dc8db3dac821087a31863e96c2c02403a95637b66ee13b
2025-10-30T14:39:56.264158+00:00,9461d91421cb13d6a62748427e84997ac9e86b147934deb3fdea7a6bf26b0007
2025-10-30T14:39:56.630327+00:00,6551ed3556cad53ec99008813e7307290da03aee10ea250df9eadf53a72b6967
2025-10-30T14:39:56.987973+00:00,6162e7eba44018d342be43e6afd2e2b89b1a15a9889c33d1ed8dde7766f66d5b
2025-10-30T14:39:57.332275+00:00,41d54a6a6da42f7110d5f791d0003a81328b491f7481f909b9dfb86939d38bb6
2025-10-30T14:39:57.695535+00:00,b34434060ab82008a147224b4476a87f1be9ebc994feea38f1796dc44647ff6b
2025-10-30T14:39:58.050370+00:00,d17f2a878d5ceeae96ba7d748f06ff8d65018ba40274085905baf078f1355da8
2025-10-30T14:39:58.412922+00:00,445b73c252c39951cfec43b6f1f485e50582b6c1117571e6e74f94e0ed657af1
2025-10-30T14:39:58.764492+00:00,d020fba4af542acc4841860596f84293993acc213aa0754392f8f89a2cff58e3
2025-10-30T14:39:59.126768+00:00,9766ac7151bea8aa79c13eb5dc24991c34d3c5186d1921c917e27760078e6297
2025-10-30T14:39:59.508450+00:00,aed3be948d7be63d166137c721266b2734d8a3a7c6a93c98c9e60c795fa5e705
2025-10-30T14:39:59.881154+00:00,a2db033d00045208bc555cd7daa362409659aba102637d83a723318762ffd755
2025-10-30T14:40:00.248827+00:00,245620e799473bb28840460f5a123dcca5ca082eabe2e18bf2259ef04d251ff2
2025-10-30T14:40:00.616224+00:00,63c36c415f34dabe672a1421e0c3fb64f84267d2e912a1d5b17828941b00c526
2025-10-30T14:40:01.004898+00:00,11fdf996b9e0c22599d31eca62082b18f9619d77eaa38f25ba112d4769e25028
2025-10-30T14:40:01.556707+00:00,1fcc2abf3bab91ef215475d643e69323761ebed9b20cdf5b21b7b424d805a91c
2025-10-30T14:40:01.890657+00:00,71dc8c13f854595b54a285a49c5b2fb189ccaf517d06ac491fcd79696b204d03
2025-10-30T14:40:02.233409+00:00,00f594ba2e5f88e7908430d53fb9bf5c76c01543d9a51c1a19f7721814235e6d
2025-10-30T14:40:02.592533+00:00,0fc9ad461e79ec8219fa56f14516fb19ad44b0263f5e6a1c609220f07db35e55
2025-10-30T14:40:02.926662+00:00,6f4f3f5fc86aec2dd413aacb628a9e2d6f80145af648e61004fbe9ffdc5c3b96
2025-10-30T14:40:03.276988+00:00,929746591f214132697e70c77abf9b6ec8213245bbbef8718336854a53aaa29c
2025-10-30T14:40:03.661920+00:00,a4b011d5bf1eeb722927215d21c5bc57fc33481ae4f2a8f05e4086f16d6b2381
2025-10-30T14:40:04.024547+00:00,ec381c4a69e453600d5225cff08cf9e22a041d7e6933995bf679a4b7ddfa9042
2025-10-30T14:40:04.401646+00:00,88b5d4c72a9628038d153b3076df124f44ef0fa7a35978280cba97ab38f00bf0
2025-10-30T14:40:04.761613+00:00,0e53bb811e3c28ed59aad285e9ca2c75c2935a0159af6e1f276dbc6b53b7feec
2025-10-30T14:40:05.121417+00:00,f337ccb507d5746c18c63c5a5228fb7f51fe75b5b4fc1b4d719c03b72ef404d6
2025-10-30T14:40:05.486814+00:00,178c7cd5b7cdcd5f94e68ea0993f8e2ab8329348a241ecc4fd13a86c30f22703
2025-10-30T14:40:05.854655+00:00,63cfa13a99c5ac7d1bded8c10c9e54e79c0b0e39965bfa73be44f0bbb77dbf33
2025-10-30T14:40:06.197566+00:00,99848abfde18a9e885c2e5a5e9a72fec09f376eabc41a0431a771b0562635591
2025-10-30T14:40:06.565198+00:00,d613ddf03ac2656808bbcd9129918dbc08a31ebf2d23ceb89e99acb55612083f
2025-10-30T14:40:07.136924+00:00,4df6884758a027ce4f84ace028e1ff3c25b80827fa7f01d7bea7418055fae0e1
2025-10-30T14:40:07.488487+00:00,e7f0db95674ac7424c591838029636654dfedf65cf7d4115f9324086836912c5
2025-10-30T14:40:07.863217+00:00,bafb7526543ed2235533443f457de56524d70a48d383637a3b92a8db47c06895
2025-10-30T14:40:08.209653+00:00,f2040292a248cac41aceb52264d58ea8db0d6d566782265dd5395000b44ed95c
2025-10-30T14:40:08.569614+00:00,adc9f7e2fa79736c959c9ba5fb9769951e0f512a0917390e5afafe8b80e37d37
2025-10-30T14:40:08.908627+00:00,7651b852866a3ca77a0232f40e8fc791f991e5fc43f3d57b54ae0796dc7ad156
2025-10-30T14:40:09.285816+00:00,b2a56c795e945bca2a1b5aa490c244852aac4a842f8e36534e720211a2884b52
2025-10-30T14:40:09.658511+00:00,b1eb3646073b92f1326a48cfb887c53563ff90a0ead327116dff408fd42d7939
2025-10-30T14:40:10.031293+00:00,e4cf8c2d8c8656928f6e1dec9a821a4fb565002cf4da8d5086ca70c5b75c4faf
2025-10-30T14:40:10.392338+00:00,10c1be9a0d71dbcad64be84482e5b14ca59be0185b73456f74a0afae29045ccc
2025-10-30T14:40:10.750695+00:00,aa9ca9d7fd0d5f15364efa97713ef77614739fbaa39ae278e92868109774a57e
2025-10-30T14:40:11.121150+00:00,3312c7ae139a774fbe2bc4e02c8662dd78e9dafa9d02fed075520c498de1bc0e
2025-10-30T14:40:11.493915+00:00,7d077105e607ea403475423a39f1cdb289f7e7e1d208fa5019cb287fb4563a73
2025-10-30T14:40:11.851305+00:00,c07e736dad43ca0c87d8281accaade88798d57d17dd8d7263db8ba87809a3f62
2025-10-30T14:40:12.414747+00:00,44393581fd4dfc233b7bb276a5ff6899414f3731b9a954c2f053f65b50b9f252
2025-10-30T14:40:12.780837+00:00,cc094fbaa4730db3e96bc6b26985153f73cb4934c65af108a614887683d2b14e
2025-10-30T14:40:13.163675+00:00,9bf869875b4d4e15a30528d0a56c2be7da80ce3ed87197c1461166239e515f28
2025-10-30T14:40:13.510320+00:00,88a83b81d7d5fcd42079ce7df28e71a4bf11370cb29c458e04ebf7549374da15
2025-10-30T14:40:13.895496+00:00,a848206b39919b5d9cc092d83ed310716329370a74c31501936c61b8e910aaea
2025-10-30T14:40:14.247385+00:00,93f230685bf76a054c70ba98db0d7153cee47ba350f78a50a382876eced93e92
2025-10-30T14:40:14.631735+00:00,8adb18c162aa257156d144305af3ee09c7d5d0033ee27bd57482b82e29f84477
2025-10-30T14:40:15.001936+00:00,27e20a1e61f6293588e31f9919f58ed185b338a54f031e7f191c9cfe640a92b2
2025-10-30T14:40:15.382468+00:00,52bfe2887de5ea31ddede95c7675c03c8716fa3ebbf492b1f7612942f74223e0
2025-10-30T14:40:15.729169+00:00,458fe592dad6d65a839f450f214a47948d07cc5e93aa53d4fcba718ecae80a98
2025-10-30T14:40:16.085765+00:00,a158f5dfe3e9d38ddcc8f6255e9f1bc6190836c920080fb48978714d9a65e726
2025-10-30T14:40:16.456780+00:00,1366028336c47aab430bbd8bbdfb9bd26ff9a5d571586161ca62cf608624be6f
2025-10-30T14:40:16.826465+00:00,97870a5aabd9bf24bcd74128280c6abc37d04edeccdcf8c7f62b6215c03f80f3
2025-10-30T14:40:17.166372+00:00,dda9cdd9f541369071092288f7357d72465455b20b84ba5971e56ba5445b2003
2025-10-30T14:40:17.715475+00:00,594196444f917edb0c2892c796d60c32338ccfe159f45ca8b82e12251f059cd3
2025-10-30T14:40:18.071332+00:00,6a1f46a476279bd3c2a5a94e167aafd7698d21fa53e451425b98ab871015db4e
2025-10-30T14:40:18.434176+00:00,a8ca0ab1e6d2a644f16676caf9388b773748701a6974cec6d230b5015568eff5
2025-10-30T14:40:18.806525+00:00,6475cbbd6dab79d5ca43e0ed233c3e270e6ccc4afdfa28d2a4841c16960061ac
2025-10-30T14:40:19.152462+00:00,b3098196989a5c4225909d8db76ede34facc7d664742ea7545fed089dcd3f741
2025-10-30T14:40:19.516234+00:00,5faaa8e0d28d9d345aa3ec8111b2830d9992d23dd7ee70cf19606c7ec97f9f9d
2025-10-30T14:40:19.872682+00:00,a229f047217401bd97e4dd16bf1b18ff9e460d827937fcc2ad881b9eb7162a73
2025-10-30T14:40:20.228710+00:00,80ade1ba263ada91cff245a82feb1f289141b52f0f11bf21334a8716ca53afc8
2025-10-30T14:40:20.584964+00:00,44a8c315c65d9367d26511d60bebc32885b1258843cca0b31f1ffc9377032dcf
2025-10-30T14:40:20.975451+00:00,ec1ec516940dbe3bd5f1a903198ae01cdc0d49d5ddcaad5efb1061d368321aeb
2025-10-30T14:40:21.340960+00:00,ee44c2dcb52d26a696a4a88868d6c3f7e1caa2706689b32bb921c2549c25de73
2025-10-30T14:40:21.705206+00:00,64e7a73dc53d746c7338e6b46002410bb9bd35112403a7032d01594e08d550fe
2025-10-30T14:40:22.067937+00:00,7477d0309dd1647a986481ac48f7e38710b16a320529c3ef3317cb4960d0b56a
2025-10-30T14:40:22.432822+00:00,a8d16a6a3a27bb2a210f8de64ff09ad0371a62822b0666f38018ee74c3f50cf3
2025-10-30T14:40:23.011971+00:00,7b186fd16c27fa7d101e32e762d826bcd0fe7a0a788b531bfc2d3635dfd91449
2025-10-30T14:40:23.366412+00:00,bb033972808dc78b28edd414b73f70a793a28a5ff31c642d8bf5ce0ba975810c
2025-10-30T14:40:23.737755+00:00,ee4282753819b0684ddcfdf68606ddd607028f81f4ad466b271d154a3426b037
2025-10-30T14:40:24.079657+00:00,606f4e8d77faca6b723e141845adfd35e468c7c0ec3fa88d923bcf8add0bc692
2025-10-30T14:40:24.425722+00:00,9b51a970233a45cc9facaf6a7eff9d5abc2744861610b7e23a9c04722d89511b
2025-10-30T14:40:24.783205+00:00,167185a2dd38ff3eeae433e1813ee27b31016dc00c00eb3c3daf1dc87c99f3fb
2025-10-30T14:40:25.134714+00:00,ac738368c6fb0363479e323a76bf92770db698ed66f5aab296309701d1441649
2025-10-30T14:40:25.498999+00:00,aff006d309d7c26a176b997833675073804ac77dff1780e2aa01258aab1f66eb
2025-10-30T14:40:25.866441+00:00,c4a162b74c48634f49ca06cef50c3d39930200eef3ff3c0cca4d2136eb86549c
2025-10-30T14:40:26.212247+00:00,044a991beae8477ae959d1b5e94a0a86fe99c34f254877fe28703f4d3a424f25
2025-10-30T14:40:26.583007+00:00,41dbf5d6b5c91d96087ea212028f48cb08e97ecb90d68f9e98611851cd3eece3
2025-10-30T14:40:26.944532+00:00,d03875459def71a20d90f6b1e6f01e147afc1393032f7f6d64115b30beee0ed6
2025-10-30T14:40:27.295749+00:00,3fa4d1d86f8ed665b5ff8d0fa9fc975fe2528fb6f5aefa4413d72f1fa23abea1
2025-10-30T14:40:27.663116+00:00,da56dfc12da7937756bb560e60e300980648a15f0c70bc898ac6cafcdbc2b271
2025-10-30T14:40:28.217934+00:00,ad7782e790799089f07f2d5196839610f2d8865bb04036992b850856ddb7df3c
2025-10-30T14:40:28.571162+00:00,45ca72407f04a0a6324897e08e27d2a8bb9399f0a618ba590dfb0bad6337fe18
2025-10-30T14:40:28.921322+00:00,64bc2b96c857e6399472d5a9afd93b9c846fc6f5e550aae29799858aa897f3cf
2025-10-30T14:40:29.275461+00:00,c770c2399502a50f722bb3c40ec41cec6beb9c65932365640a7643cbaa3b200b
2025-10-30T14:40:29.639220+00:00,7b708da7bde9294d0c85b3ae11043e1b506bc918cb2244d454ef98edc6e4091e
2025-10-30T14:40:30.008991+00:00,b15183df0db1fc31d3a055e8b6df802a352de8be955604ecceec8d50bcc8edf9
2025-10-30T14:40:30.374980+00:00,3c9158b742b503912c94101008cd0114493867b2dbc58f5c1c84b4c2468fa46f
2025-10-30T14:40:30.748961+00:00,dd817a7af006f9990382d4caaa1693ef9bb2771702ca65ffb76d0e67b4866e29
2025-10-30T14:40:31.102487+00:00,2cbb97bb58b88d8f57aa9599a03d1048b1ad963516d4f412f4862517a69a8601
2025-10-30T14:40:31.448914+00:00,f9fac31a917efb8d8efb762a64d06556908be1a5ddf43e164fd3eb7a24e85ca6
2025-10-30T14:40:31.786789+00:00,858dc25bc19d1124d8c8f64a697a2882a5ea720a349afb06ecac82f1df0faf37
2025-10-30T14:40:32.133663+00:00,3cd7e325e0b6887d9b796464c57131a0861bdaedb2b6d4fa9f5a69a4ea738674
2025-10-30T14:40:32.474755+00:00,7c6d7b6ca463222f14ca48bcae88153c9cb8a44beac47cc9567cb0f6d1e63910
2025-10-30T14:40:32.822833+00:00,8d7af7bdeb9201a889ffb3d9ca86cd0e060e7b80d6bbccaad23e958c71e76b63
2025-10-30T14:40:33.168802+00:00,507cc0939561d9421409df77e88499c38e89d2815922baba1622f038faaa98cc
2025-10-30T14:40:33.716883+00:00,62f77cddced8e85df8c1fa44854fc03bc03f7864e0a47ae9d5be6557d4e757cb
2025-10-30T14:40:34.065961+00:00,a2a1934aa6378af163b014f5ea4ad33d9cf56c69292cebfd2a9ec8eeead94d00
2025-10-30T14:40:34.424550+00:00,c28b60aa68a0087480d0ccf1b30176e3cc8382ea967706d9507cff302775189c
2025-10-30T14:40:34.783862+00:00,64b0379a92313947b8223aee659dbf007e281504cac1e7286abd50e84163a616
2025-10-30T14:40:35.150857+00:00,a9425d77c1f6299adb3f84b853be1b379301d85fa2ef4a603d0852fc4444d276
2025-10-30T14:40:35.503118+00:00,390a004e75230ff5ebf9a87abba4032b3362db8bc705cb0ae6f014feb9c539c1
2025-10-30T14:40:35.859409+00:00,cf729196d228a4b8c5bd690164f297dae3626f14fbc01be1b5f6ae1411abede0
2025-10-30T14:40:36.208900+00:00,2abfd61c6206b596d257bdf5f992e6fd7e7386e78a625548ac1c8ca42c98c9b6
2025-10-30T14:40:36.562004+00:00,400f9b76c8b219121e2b7a1af91989d0027d3f46450ade3439c8a92fcfe3037b
2025-10-30T14:40:36.909481+00:00,cf0ea3b16ad44900fb11e791a8d61a808eb0620fd1bfe4b672f7faced1dfa30a
2025-10-30T14:40:37.255622+00:00,4eb914d94faf2755f56937876cb9cb135a16a874a3e75f75cb8657ea6b6f6f92
2025-10-30T14:40:37.600707+00:00,9a0805cafa7f6325c05c65bb5462a2bc92b564df3eae90f03c7a5a3471448125
2025-10-30T14:40:37.951850+00:00,c3f8c2b96ac88120704141cff5c2bcd29adbc345ec493ab7f92a5ba90356af5a
2025-10-30T14:40:38.297437+00:00,5f674d1557d3361402a3dcce3aac9c9f8c80e0d15c46a8d67621efb48548d675
2025-10-30T14:40:38.644959+00:00,346d1a0231e18988b29d5df81138be592fc98c54899f13ee3682c90022c4d140
2025-10-30T14:40:39.258887+00:00,64921edbe0e556d7dc25ecdfc2ae97505b874940d92fb381bdd82307f5610b25
2025-10-30T14:40:39.625441+00:00,1399e55e4594066f7258e2d1e6af3e2712df5755b14539862ed09d3aeb7c3e54
2025-10-30T14:40:39.980966+00:00,9c11251fb0b2e2f5d32136b7a26c9df676a4944b68fd76e573be7daed4e1dad0
2025-10-30T14:40:40.340410+00:00,6169451763741bb78ba7f1492e34fcf29dcd5c8aa2b293cb033b3b7350d27d5b
2025-10-30T14:40:40.687238+00:00,5a8ea88c3a6b60c8fbd350f4af00ecca2a6351a567ce4bbd98e2dc2413e7b4f9
2025-10-30T14:40:41.028991+00:00,d50a22dcbfc367de6f52d1b799fe56b5c7a5a2d61574722c9198d6a84e23b836
2025-10-30T14:40:41.373384+00:00,8a235988bd4463d09069b6cf2e5b6d15f69c36f1068331994930379b56b8c4f8
2025-10-30T14:40:41.724887+00:00,642023df0ffef170ddbb65e5efb16c6d665cf3b1c3b255fac8913a6f4428bbbf
2025-10-30T14:40:42.077581+00:00,6c081c5467625417fc5f5b29312345aee906018601fa7d87efba14de13c54901
2025-10-30T14:40:42.415947+00:00,00d467531cea2848ab6d3f01238ba8bdef36c12f10b21a3fd1b86bb192b69190
2025-10-30T14:40:42.761240+00:00,80a5415ebc3ad8b7e82cf5037983c33d7bf52038972b1b8fa045116c4960e409
2025-10-30T14:40:43.105507+00:00,2a8bbf563533149843f529eb7cfb4f9a8e9b47e24336c0ec2c2cce63a8cc542f
2025-10-30T14:40:43.449776+00:00,eccd5a227bde87f88b4be499ef373ea1ea6a23128c2f76b77063739df5a79100
2025-10-30T14:40:43.797670+00:00,1583c75c8ecfd2bc77e0af77276dd8179f672f73aaada20a8a877db81700b841
2025-10-30T14:40:44.153164+00:00,b4dbfbf6495041dec9ecb4c23f3ae67862a4cd39283eb59c1d215a68b49414b6
2025-10-30T14:40:44.735958+00:00,80d290bf55612c50a70b224f6fe718c7ce5bec4163d83e634c91697ef1e30e3b
2025-10-30T14:40:45.111696+00:00,547c6b1d58c378a2e185c1c5835131849bb2908b55c24f80d9b9215df03d07c6
2025-10-30T14:40:45.475844+00:00,cd2510b92acea2d0c24dbed03846701250bd731999a25fe6aea45b7d37c42722
2025-10-30T14:40:45.846024+00:00,de8eaea180ded371a8dd4505fdb56660b8159118d02e3bc4bf9b6509d6ee1281
2025-10-30T14:40:46.185618+00:00,5d1a204ff7419aa18774f4d5656907f09d2b3ba2ceea2ed3719dee6ffef43adb
2025-10-30T14:40:46.533769+00:00,6d481c2da7c25ddf77eabe5e889df93ed9a1f7d225616c645cb30d6cb9d37825
2025-10-30T14:40:46.886980+00:00,9789a7c01380411b645641dd464d1784b3df1ac334e716962ee66130498cba42
2025-10-30T14:40:47.227046+00:00,988d47660ef4a2ba19c90ba69d26997829b7451e8210da2c1cc2f39d68f1ab6b
2025-10-30T14:40:47.571042+00:00,94f0a3fb9dee52aaf03aaa478d9e54c9ffc01284d5793b26d3bdf064cf5a2b6f
2025-10-30T14:40:47.917894+00:00,9953760de0ae825f6b1938ef2ef8acac9c438afd95f2f73c172de3f044104b7e
2025-10-30T14:40:48.260558+00:00,b0ce67ce0223b29f89cc11b43f824631e1f44f822a8a9af0dd2daf5a4d5b12fc
2025-10-30T14:40:48.614818+00:00,e552ff1861b5e5e1a4daa638ae9140f2537c7fb8d89108704c4f7504c7608b54
2025-10-30T14:40:48.956838+00:00,3256ae8be16e0b1ec388f688eb790dae7f580e5d0e235d3517ae8543634cd731
2025-10-30T14:40:49.301805+00:00,786e2edec92e6658d97e8c3f1db3317b0ac267d5565deb89b7e52734e36113c9
2025-10-30T14:40:49.642119+00:00,74017d6d5d2d4c9701bd5c45755d8147424828b4c49a09394cb3d4478738798f
2025-10-30T14:40:50.215967+00:00,ac8198f3132e8d17146d9bae03bb8936cfc9b0402f5f597cabef411cb06b198b
2025-10-30T14:40:50.561714+00:00,5a208a58a12a075c033a5220d5e538c815790653d9118b477330c71e8fcb7942
2025-10-30T14:40:50.912197+00:00,fd36a0e974f4c2b6822b16dd95ce93d6d72e2a3c93eb2804fa5b0349dc5cd849
2025-10-30T14:40:51.266078+00:00,72661518aa1b2144cbcc0b2d8d315789a45760379f27b62770b813dcb5ae3828
2025-10-30T14:40:51.616157+00:00,2de94f91a3820e4d0cdf5d5013c5272e90817484688748a33f152cf1c60de81f
2025-10-30T14:40:51.960202+00:00,13e779927648d8a991b53d86b074ff743fc734f718ad87969aba4d07342a7e72
2025-10-30T14:40:52.302977+00:00,cec86ffb7779f89a3c1d7c975e9c26f9c302e6539a91f6e1f47dd2b5e42b7690
2025-10-30T14:40:52.655374+00:00,67edd889ad44aec9a12d6f43a73c1f35965dc9fad9f52cc143f69a7d411c02b0
2025-10-30T14:40:53.004733+00:00,cd86e4f077ccd97c81340ade8331880a72615e028b8ebdd09415fb988a59166b
2025-10-30T14:40:53.352451+00:00,d6a13f76b2dad09d06db1a007e3aab9509ec46bdd27b99e0415c3b3029fee111
2025-10-30T14:40:53.701283+00:00,560606d8da5d5d55f449aac00ddb847dad3c56e946187dc26adfd9bbff81bf44
2025-10-30T14:40:54.051183+00:00,a694aeac58de9ae20d06db2d2bc858514086843df9ed1d87b81ee1a53c6e8716
2025-10-30T14:40:54.400533+00:00,34634729db2dfdf8ed954957aeaf9b7c28f7f5f5d624cc29d2cf0050ea684e32
2025-10-30T14:40:54.759938+00:00,3f893f60f8759cb2368622b8e8b6053201fbd4b6147a347db7c302be7243b788
2025-10-30T14:40:55.129131+00:00,e5d6658595f505c792ed8a52a80d0b024ebe56449a6626d12643791acfda46c7
2025-10-30T14:40:55.695378+00:00,417319586b51515a0aec7afd0449de58980120d71fce73a8184574a18eb375c2
2025-10-30T14:40:56.051476+00:00,05453abd69c518d1c907a8192fcc91060d53cc8606b258a9c00d61fc0b7dbf06
2025-10-30T14:40:56.399262+00:00,4c2c8c29eb55195e1489fbe06f187eeeecc4775b0c621a1520e162a5bb2a9384
2025-10-30T14:40:56.744876+00:00,2c82d95aecedf0a5468e980d6e3092d8d1b07d3eb8f56f08be63504867647ea4
2025-10-30T14:40:57.095299+00:00,2309ad4a9a0a9fcfbd1540d3575b9beff9f5b4fe60b55007023744a33df97030
2025-10-30T14:40:57.441098+00:00,d857f393934a709ce66f92356b721cbf290d07e633eebd69916d484215bca595
2025-10-30T14:40:57.784417+00:00,9e7cba3fb8da59760e0981b8491e37cd63430d915906d29134b755fcc40f31b8
2025-10-30T14:40:58.159232+00:00,9bffd3c46b7ce02a8c1594a5afb88189cdbe42529a9345f0b109d5a92ef0ceb2
2025-10-30T14:40:58.502413+00:00,ec8380a4e7fad894ebda61f3f0ed5af95673765d4ea212fa842328a1c524e6fa
2025-10-30T14:40:58.880234+00:00,0343f0db969be74c6d62984550669e4d6b09cbce798f6a2688a0f315100c5004
2025-10-30T14:40:59.227977+00:00,8ec8339a86eab1f0551c6fb010f0096ec37bd3386345241381b9c4415ccb4089
2025-10-30T14:40:59.574373+00:00,78f08bb25d56c5a5ee92b4c5391a4194f6efa47ddc1068c2a537ebe79d960808
2025-10-30T14:40:59.925730+00:00,24c5f926773072b43d28695d5b5965c5e242df618312ca597868bca097f83561
2025-10-30T14:41:00.275517+00:00,5e2c27b2fef5ffcb6bc45a6e3bffc9cade8dd0e36e5129878e744631da9b74f4
2025-10-30T14:41:00.647075+00:00,3d048db1e92d73a748fde433b4f701a5ef9c96a1c0555343af8abdc590555c30
2025-10-30T14:41:01.208093+00:00,399e88818d9e4f872eee3c2e63299cda19293c97eaf8816982d77442be5f479a
2025-10-30T14:41:01.549782+00:00,740da23ee202c75e430e75217947d84f6bdf41840a9e9f8115f71db36569b17d
2025-10-30T14:41:01.885053+00:00,ec9700a2be3dcdc0244f2aa81571a47910134a75dacd28572da15ae9027202df
2025-10-30T14:41:02.221645+00:00,dacd0a8d4bf01e3f3db5481cfadaa602696db4e81e33e92e320629632dd34cb4
2025-10-30T14:41:02.565705+00:00,adfaa795d7e108996791f188e60c285b0198dcbdbbdb331f1124ed779b17fc61
2025-10-30T14:41:02.906267+00:00,6d4dce5e84877b5c8bd57b58091e887812aa1641c3712c8f9ba5f7caff8aec98
2025-10-30T14:41:03.255048+00:00,7efa496291b44a2a6418e2469579d15e800478a0e2192873ec17f626bf872f9b
2025-10-30T14:41:03.618743+00:00,4d138ea5b292dbf9f9257139b3937d9d671565143ed93e21672078783b02638c
2025-10-30T14:41:03.974345+00:00,0755ab7897a65011e1a182518917e3001a87368ef6e0812960e413beda0923cf
2025-10-30T14:41:04.338610+00:00,4e0a94b1aa0a4b505c7048c592f375826761cfa4cd15076c36a33b46aba06598
2025-10-30T14:41:04.692741+00:00,dd021620a8700e536be369e96c1d1083968e4910e5d5df8bccbe543f15c822e6
2025-10-30T14:41:05.055880+00:00,a012be3b6ee82c1bdb9dad63c59ac740ee8e16770db6c10045bc48e4a88ebdf0
2025-10-30T14:41:05.437498+00:00,87a0e734a2fc9e24e9054678129a89ffb23c494bf4529f27a28e255d10197743
2025-10-30T14:41:05.833333+00:00,ef928fe0b8d239179df0c026c8f6d5a8c37e8dafe8c7c59a10be68b051fbb49f
2025-10-30T14:41:06.168400+00:00,b6fbed76d2a0d4be6ce045d1f6ca3f5098612b672e325f1e905080cb9e4ad659
2025-10-30T14:41:06.732760+00:00,ddc40b38a2415c76ae02c974924995cf712f87bd4f7fe046469161a22fbe9910
2025-10-30T14:41:07.080193+00:00,366fff98b8703d6e1befe36ab0e75ced00af63d244662d995f16ca09af00ad42
2025-10-30T14:41:07.434854+00:00,f0de765daad5b509dccfa20142394987d9ae2fc854549032f8496803a511d731
2025-10-30T14:41:07.797991+00:00,f45484cdaef4f7ee1e6aca402c13b83297050eafd4c5c39d78bd9504bc9d3cb8
2025-10-30T14:41:08.162939+00:00,fe1362b50f6bd3bc36bfffee81369eb2e7e2e9cf31aeac706c2bef3d8e456137
2025-10-30T14:41:08.521112+00:00,52a33d07a7ae7781c7de85b09da384c8bb72f7fe35b66060c47813d628493f42
2025-10-30T14:41:08.886149+00:00,243aee529230e79e01323439fd6e6adcae0906aa28694c08c9193d217b67c4cd
2025-10-30T14:41:09.259549+00:00,47b0086d478ad9734a922be0eaf300018a9a5a267f0a9904783bd4c342f72d26
2025-10-30T14:41:09.649309+00:00,56632aa3923f3cae828f5cdb811faae4572a0f9ccc1be230c9b6ba84bf6eabbb
2025-10-30T14:41:10.016886+00:00,1a8b1ec6899e49991058d575ffd5603a95a2170f59706fe8e1ee05de4915681d
2025-10-30T14:41:10.373340+00:00,8d7ec424adf436df8030a52be1dd6634afb1d4a48ffb67edc4a35315d28f5f79
2025-10-30T14:41:10.714858+00:00,f7750204cfdf7bd6d573c81b1d7d79ce9f2974537188dc9c6164515bbbe52d6a
2025-10-30T14:41:11.051153+00:00,9fdf84bd064d3d8c6630da00e8ae5cf87a0dc077662dc10b7a6aca4107471fc2
2025-10-30T14:41:11.408280+00:00,b25a572c10f5502cdc9f24efb955065d0bde294b33f041a4384306485e3572dd
2025-10-30T14:41:11.983364+00:00,037c779575306f444de3b25964518aec92ea8c66d21d5d72c460fcdb1c0ea41f
2025-10-30T14:41:12.336183+00:00,792a99bb11ef6d0295a589c8572147dae60b6d0fea311b84e3339333187c44e2
2025-10-30T14:41:12.719996+00:00,2715ac03152689b83e8694f5dc83ed77435b5db3c7a4300ad9de4e3a013a2b3d
2025-10-30T14:41:13.096871+00:00,aa27597b7df12f020fa0d8b1450f574a6018173ea1fc6cc2b5ca6340b7152fac
2025-10-30T14:41:13.449826+00:00,de7dfddb6495974e3ded4471d85a285f47b1c5e59520c1236e5d55babd70e3b0
2025-10-30T14:41:13.833218+00:00,00d11787af3692d881ac03c00c0486e6c3e0b9d52b4e9fa48a54637efcb6ce73
2025-10-30T14:41:14.189174+00:00,abdf28a70f266dcfd45fb06c292cef9260f7ae3c343360036807c9b70ab533e5
2025-10-30T14:41:14.536635+00:00,e93341ff4dccc5203cbd44d9ce00831251e243dff1c85fc20367eb998d6136d4
2025-10-30T14:41:14.904834+00:00,3d09f1622035913627bac4f5ed1c96d2d6d706e26566ab7b5e5a174d0400e29e
2025-10-30T14:41:15.341742+00:00,e097c50c8ea1af993f6699c73cbe3cd87344307b03a3faf1d950f1e5c5ca603e
2025-10-30T14:41:15.725338+00:00,06d483b53fc6cae3beffaef8a2092a6c0b5255f0174367dffe6134eec240620f
2025-10-30T14:41:16.082441+00:00,64b780a016f885b1af7ce81b41393702c04915abbfefaa6a4b378ddde47c6728
2025-10-30T14:41:16.235812+00:00,f710714af636ac60eb4aa997b6545321a525c70bf576434df756683ee70506ee
2025-10-30T14:41:16.367751+00:00,c5a0d129a85b6330a459d0c4e4edffc8d13b8bffc856c878752bcd07723659a4
2025-10-30T14:41:16.501400+00:00,8811ae348e6792c28c25756dfde11df3fd86a883ee02c7485f2b85b8000de3e9
2025-10-30T14:41:16.651636+00:00,285e7ecef1940fc3c6eddb08a48c5a8ee9d42efe8ed28c523505bd4c99873876
2025-10-30T14:41:16.796999+00:00,52cedb91f314124ae3a8d2431ba290c7587b94f583add1bebcd3ca113e992f30
2025-10-30T14:41:16.944352+00:00,5dd1567830029ab9ac0f9c5931ca0ea37016229a15ea8c61414e4cc3d5e92072
2025-10-30T14:41:17.083185+00:00,cc09205c110d37380db7b05ee9cbff5e8220e7ecd77217bd448149fa20ad1d8b
2025-10-30T14:41:17.218614+00:00,82507065f40ea9d156008bfd492b09fc749bb77af07580ec492d04f8cad45ff9
2025-10-30T14:41:17.365555+00:00,be005feab7d6b7e842a2def981ab99f8e0c1639171efdb5b903f299b050da752
2025-10-30T14:41:17.502299+00:00,35c6e4519a1aa0dacf057d1b646831aee1d558ec352bbbdfd9be4dbb33a7f3bd
2025-10-30T14:41:17.635040+00:00,6c67c4ba74a7745cf55b3e7d7e89da06f5b9a64f844e1b9b1cd50644c30f9015
2025-10-30T14:41:17.768911+00:00,1549e135f149b06644d5ce42d044bef47ab3933a187d9db146519a265805d6b3
2025-10-30T14:41:17.909845+00:00,8148d7c65dc9f5045b375e0ed19e14aef7d855a3ad987cbd055981d55eeec688
2025-10-30T14:41:18.046892+00:00,0978febbb7b12fa0ed09c8165d4ffd8caaafeed8f423287600847ab4d30e2935
2025-10-30T14:41:18.197832+00:00,332d2c395766fb0894dedbfd7d87281edd11d73276dc48b439e74426c9791db8
2025-10-30T14:41:18.338485+00:00,4f0d0cd05953464dc66efd8696cb07f32e3241c88b63f052a7bb29fbe4714685
2025-10-30T14:41:18.474292+00:00,3289287ab27a65b4bf0527f357d5e1c7527f7e4944d12d05700c863d599bd51b
2025-10-30T14:41:18.611411+00:00,acb287451b8bbec86a2bbfe73bac29d2cf5c334fde76a48fac88c8304d30ad20
2025-10-30T14:41:18.761904+00:00,f67def3d5eea6f39d8f68cbf08e53c91429b760c7a31ad759ae407b2ddd0e9c8
2025-10-30T14:41:18.929133+00:00,6904d9709f5efdb378e855a6e0fb6e0631cf61bb7d618d6fdb1dad046cdb663d
2025-10-30T14:41:19.078963+00:00,2625bb1f72aeab5df9156ce7aef495b8904f15b29f1c11b3e04ed59455ca84ea
2025-10-30T14:41:19.219296+00:00,e4a293b5b8fb2196077c48ef903f607a3bc35627c33283695d273de84fcfb734
2025-10-30T14:41:19.363665+00:00,6038f432a34307eab25b6de0173805825881dc34c38947f26bd0d053fa0c1a67
2025-10-30T14:41:19.515430+00:00,430b4c991393d2dad15b59de7ae2767b3b9b8a18a9a039ab2160cff3098db23b
2025-10-30T14:41:19.647657+00:00,83281d4df29f0231eab956ab79543cebae5a9a18cf69a50a3423679466ef1567
2025-10-30T14:41:19.785641+00:00,d5c7ccb197812590320d71c9ee64cb7d4784b21b027be0d5c03fcfcf359f1025
2025-10-30T14:41:19.920926+00:00,4f09fc357737eee4fbf00de98a90c53f379a12ac7fc8e2aa2a0d9dfd7c123ebf
2025-10-30T14:41:20.053885+00:00,bd24702f9770cd1e34da17ae14a761797ee1f74f15defc3a5a7bb7dab35b7381
2025-10-30T14:41:20.192604+00:00,b8fce7890b593350ae98659c428c82959d7cf1789750482479287af0e45d34cc
2025-10-30T14:41:20.326598+00:00,ca570a7b02d6b73c8656d6a7997d38638da847bbc8f6afb8396587e453045c34
2025-10-30T14:41:20.458630+00:00,1a681d5915ee7ff069f7ed90a5e4837555fa77969a025a8afad60624516f8bce
2025-10-30T14:41:20.606440+00:00,af5f95f67a5aa5fb3eb1b781cfa1b49c1f5d8244e632de4bf1fd3f52b8524f0c
2025-10-30T14:41:20.740419+00:00,a3c1649c518b8594ff996a19948a7d9c6a2c8b7260320d126dbd1589a6bd91f4
2025-10-30T14:41:20.884212+00:00,a14ae845bfe2610cb8d931337e63590b28dad3361540f0abf891f5d18da16577
2025-10-30T14:41:21.020247+00:00,8be29732e6de233d05fb3b5fa1ed88f94834fba0ee3e1a4070590bdb186a5346
2025-10-30T14:41:21.156318+00:00,fb58aed63f15578182c2e59e99bf22e18538d3f4237911a0e763acdc04c9a2fc
2025-10-30T14:41:21.290200+00:00,9c9149cdf1539ad7cdf41c002b5efe0c8f0df6d0520bf41aff6bd384179629ac
2025-10-30T14:41:21.428944+00:00,797c885cea78b7ed5caaae7a1394c5fc62033c0b7b173737be0f2d69bb0bbebf
2025-10-30T14:41:21.569426+00:00,f1d4b6617d0e7d00627673a7e978e2b7265f77f39ca388488db584bcfd40b968
2025-10-30T14:41:21.707595+00:00,c1e7380ee031b9b3c2c17d0d9ce9a3fbd669e67e4a84ddd2e5b30cca467f8be6
2025-10-30T14:41:21.955698+00:00,ddf0909ad96cbd2ac05f330a75492382468ed7d4eb4995883c5c701485909861
2025-10-30T14:41:22.094085+00:00,382bbe7714eac0b808018ad699ac821b18b26d3f7bbc5891e98b92e5e91f1d27
2025-10-30T14:41:22.230073+00:00,5715deecf8084f66369d3ee13d1713daba65c3e86fd20d30734818f74a2f111a
2025-10-30T14:41:22.375972+00:00,6e24b5589554d7993618bcbc4cdb22c3d305419c7d9c5e338e1009d4d6a6937e
2025-10-30T14:41:22.511767+00:00,e298901001d23fcf93ea33ef65f125017385e7c4566fd41abca9646057fb67bf
2025-10-30T14:41:22.644057+00:00,78561d9ad5b155304f0b8741260ad21352d592e373409e08540b945366ffbbd4
2025-10-30T14:41:22.775719+00:00,d906c619db8d8895ab5a7cb5df062a5af9e7f408d209cf012c06a7d3caabca9d
2025-10-30T14:41:22.910259+00:00,518b6df0033e5e914bfd2f026b5a1073662b5a718d59fbc401e09e362e1eaa21
2025-10-30T14:41:23.047739+00:00,cdfac75e6dbb8a6cf6cf28a05edb92d8dc7e4e003d507fb9f6ba0f691d47e86b
2025-10-30T14:41:23.179203+00:00,2b6829614cfb470410331260172d76b7153632041e55d6b272b77e4d7a95b7bd
2025-10-30T14:41:23.321486+00:00,2326e31f664cd7ddebc8ce4bf84c822f042284a293c21aebcabc7ca5a6f3fbd1
2025-10-30T14:41:23.457870+00:00,e5412c4905f80cd6c97eb91ee9bdeb9649942f7964bd4158f523fb820815c521
2025-10-30T14:41:23.597723+00:00,1ad90693d60a171ba54ff872ab35cec816b0a682a38960d86ac4fa216de797c3
2025-10-30T14:41:23.737110+00:00,171036f66b6a2b578717ca206971a1b21147d8c84558c89774cca374fc3d71b6
2025-10-30T14:41:23.870516+00:00,513b03fa58ac4869fdaf933d113be3e60b016f56f9e7e8fc925756899b435363
2025-10-30T14:41:24.012324+00:00,ea849e69c22b1c1ff6266bfd0cb544d87f46116328f50417879366a51e885386
2025-10-30T14:41:24.151448+00:00,bf9df3f00bc929d1a567325654a908beb8c1ca04ad5c06fee0ab002544b6f6b9
2025-10-30T14:41:24.285085+00:00,b075c32218bcf14230d7bcddb06d8d5694c3d1f270238d9783f27e226a31edf8
2025-10-30T14:41:24.436218+00:00,297935671efc0930b24517f564a943ade48298ad28d7c979b7a91aaabdf8e9d2
2025-10-30T14:41:24.577787+00:00,ce3d67a0d906ceb41a4ba517fc02f06964307a51cfd5f09c19573f7a6745b982
2025-10-30T14:41:24.713339+00:00,a3d0e1f7e49cd40cf0613af085dd3f019d98fc97984dddbbabcc607532186ab4
2025-10-30T14:41:24.859510+00:00,d117b007a0fa8a74a81cc9fed7d4b9e5a916ede9f4c88ff1f36a8700f6f941f0
2025-10-30T14:41:25.001992+00:00,d06bb7eb5baaeddd9ebea0ae05012579c72d6598ad00a0ed7d6fae0bf7a53a18
2025-10-30T14:41:25.138273+00:00,06b8f84d12e95bd546aa2a9739dc39d8be9e6d3a2b0e8efa591f5fff13073f05
2025-10-30T14:41:25.286343+00:00,dd360efe4e82615be210716b0468911be65e83ec6b45c82c4655bd0d1c2cde89
2025-10-30T14:41:25.422209+00:00,66fba4b944c1daed2253ecba8a971298a21681f04f48ee68174c5cd767033dad
2025-10-30T14:41:25.567475+00:00,0b40012b4b3836854e06585b2a367d481aaa4e72fa17fed33ffd8a1222d17a01
2025-10-30T14:41:25.705149+00:00,eba9be6a066c9fb4c4caeae0e7821c9fe788e375fe2e5d6744a6fb151c8a87a7
2025-10-30T14:41:25.842128+00:00,93d77b03ca79b20db58bca876982abeb578312fc868e284da4a50018248ec39f
2025-10-30T14:41:25.992649+00:00,8563ae84f86179afc1ade4b21209f5f7bc32a8a4f9ebd40167d8e71746a38ff8
2025-10-30T14:41:26.133857+00:00,14cd9d36422ffe84429e18ffeaa3bf30e7279d9faff4a65e11a67a1c797efc50
2025-10-30T14:41:26.268947+00:00,79c682f0810350f319776d2fec1e7455e75ce3c6a8c20beda844a15e91db043d
2025-10-30T14:41:26.404741+00:00,4b4db15502aafb8c16010d14181e254aaef744743963926dc9613f76f0646406
2025-10-30T14:41:26.541411+00:00,9d7ad64b59249615a43f0fc1dcae45bc8e7678f6a841cdcee5f75fc2b6a1a3cd
2025-10-30T14:41:26.676839+00:00,d3d7da8f4e5dcaf48674c1410cce87c8cebd9edeb3f7e564be7ea6574f11d4d8
2025-10-30T14:41:26.817336+00:00,917b71e673562ee6c3532c5a8870c4416a13e1b2e70d870392b6a8d30bf869cf
2025-10-30T14:41:27.012775+00:00,aebbc122e706ec83652a326957ebf3acc0760621c071a60813adf83bad37a005
2025-10-30T14:41:27.154232+00:00,4d8501f5664a59ff6e99636de6c3a4c2c5f1aba88ca8c498b0a29b711d9f98a8
2025-10-30T14:41:27.289876+00:00,3e496fa5a40b90009bc64fa43e6ac6d5b2df859bcc81169230d3aac92c14e245
2025-10-30T14:41:27.419845+00:00,f180110dc21a8e2edfeeaf157c1be116f1629b72401d721fb237e97e24fefc32
2025-10-30T14:41:27.561677+00:00,4b6d61a0b523a732b1025836c124de237e3228851b5bb23df7467b72428eed64
2025-10-30T14:41:27.699469+00:00,19f75e6ff2c658b93d33847a6bb8290d8f9465aa201fb4bffa06d28a6d115e4f
2025-10-30T14:41:27.830511+00:00,ba817dd2d3b9745435017ca51cb941dc91c840e3ae975ac3a9bbfe34362c5c7b
2025-10-30T14:41:27.973072+00:00,ba258517d3e645a664f850d7cec10a3bd759d7e6179c1fd89dcb85af17fa07b8
2025-10-30T14:41:28.106181+00:00,8dd661a0e2aff7310a0bfa4c6e80a30aa027767b255e5fad270d263a6976866d
2025-10-30T14:41:28.259498+00:00,4279ba23063f501c7e6dbe1020305e7b8e85daba91c287d82930ff626660891c
2025-10-30T14:41:28.403061+00:00,66b64aca3a51cbc3b4cb03a0f8b991b6025444703cbe104db506b8b8d23a5176
2025-10-30T14:41:28.538413+00:00,0394ae65ff32bb63c7322f764af68b15d3a2afe290f560591550c9646295a79c
2025-10-30T14:41:28.670757+00:00,e2bd6e8184720f1568276c15f06dc828cb4e65838e1693a0a06865d5bae1333f
2025-10-30T14:41:28.814069+00:00,7756e2cef0ff3cfff1bca89a850e50256936dc9af1f41909be0b03de540df458
2025-10-30T14:41:28.978218+00:00,07d70d4ff702578e7ab4680ce50971fb85d9133149b081fbd24d24773b4b189f
2025-10-30T14:41:29.111360+00:00,87f00eb71c1ce84e49ec7233a8d059769e12d54ae79c68ca0348633999c50aa0
2025-10-30T14:41:29.252729+00:00,1d202aa161d139ee9cc1f8c57a3c9513ff232547f06dfa4737cad58357da5e81
2025-10-30T14:41:29.390644+00:00,a226ea86d99967635a624614530577db3fab88019131c27d90169fc3d3f29b60
2025-10-30T14:41:29.528819+00:00,b1357e6a10e5c14ca1056b6e68cf0a292ca7dbc558b537078baf953fb256e426
2025-10-30T14:41:29.667172+00:00,725fe647f33a0d215bd76c8a7d2094ca319630a15c4f059fc0473ceb2f36a220
2025-10-30T14:41:29.804456+00:00,fe50ecb5ac9de97dc132465e0abf5e19ef23f8e4ca060050d4fa0885bbfe21eb
2025-10-30T14:41:29.940369+00:00,eaad056f3e8b41985fc496d54da7e027e09c1ad6da8ae4ab4494fcd33081f9f4
2025-10-30T14:41:30.083773+00:00,2bf9fc28310de5458fa7810eec2e7ee55a54de92155bcf60cd06de289dabdb19
2025-10-30T14:41:30.225374+00:00,2cd57250e1cc1a479897378fb586fbe27828f62caeb621aa3aaed65f9ee12ff6
2025-10-30T14:41:30.363170+00:00,393ea1ab440a9393917962387b28d6ac65ebaeafa66e95aa4ca21f4b2b50dd9e
2025-10-30T14:41:30.504514+00:00,cd8acf2676a516bdded75cdc94ad5dc22783f1746053b08b0ca8c508bdd4f1b2
2025-10-30T14:41:30.641023+00:00,0ca5affc9a8a4b3db2205e475085bedbf11462a3713c60c62fb40ca35b76daab
2025-10-30T14:41:30.778235+00:00,f9a14e1ab01c8c102cbc63e5351bb882d46009a45247d1a87ff3ed4fe13ee1a2
2025-10-30T14:41:30.917500+00:00,e77aeb0a1b7ca4389b4f220e0d3e5b519357557ede4114ff63f5db207fb43165
2025-10-30T14:41:31.051918+00:00,8346c15d1fefc19dbdfa490ca4a607ede8a13671b9d12cad4c86630d0f218cd5
2025-10-30T14:41:31.182833+00:00,ac84294acd1e4c0d9eaaff067fc5ea6ce00b674c7e2656950e4d1d911f01edbe
2025-10-30T14:41:31.316340+00:00,85c945af1227d2c89a524e1bc1c1100723546c9683f2d29f826f7d442fe13317
2025-10-30T14:41:31.454938+00:00,4e8c29fb387401abf9d264e2288625665f01058d21606f2538bccfbcbe3e96e2
2025-10-30T14:41:31.588065+00:00,1f5ba3bc961f158e545b3ea0c38cc4c6ccebe741f5693847dff20315374f6417
2025-10-30T14:41:31.721719+00:00,1cb4628160937eab3659159f5b83917a29a322fb7f0c13e577e123fe218aa1e7
2025-10-30T14:41:31.854626+00:00,d49303a257554f1d20db86f115ff56b40282a25b81cb368044ffdd84650e0362
2025-10-30T14:41:31.990401+00:00,d949f7da9d4506fe77d6149fa6681cf47f41d56a0e3d847193cb3abff32ca163
2025-10-30T14:41:32.124246+00:00,97c7528d3c93179ffe1d5eebcce985f2cf2bb9713a61f04a1a6c7823ac361a69
2025-10-30T14:41:32.257109+00:00,cef3ac776e07630e2f3c64e480f6b659794c9fbef6d28a4b4017a45a08c9c7fc
2025-10-30T14:41:32.392003+00:00,17ffcb8e4897849686639935b00821ee5dfff4836edcdd0a25cd33613a1ee5ef
2025-10-30T14:41:32.524033+00:00,6461857ad5bb5dde302e874b6a75258fd833f49e5d335fd4dd7f977211b21201
2025-10-30T14:41:32.656552+00:00,15726ded276a10733899da4445d68f43039352ca3fc2d3a515583d57ba8b4a2a
2025-10-30T14:41:32.786332+00:00,39c90f80bd9aa86fa7d6434693bee26575ec183ca6ac2f89007b4806125b71b5
2025-10-30T14:41:32.917380+00:00,c8390f388b8df6886d2292cfd7be5cace98abb6c2a9e74c60025f9f199640be5
2025-10-30T14:41:33.050560+00:00,0ef31bb57cfd4fb48b25332ab4118ccd37ffae17c5fdeaa5e0cb670fcb089f72
2025-10-30T14:41:33.185626+00:00,cb76b7a1ce0ad0db97a9d708dc0acb3906cd32ffe2526dad570991ccc28d09c7
2025-10-30T14:41:33.319516+00:00,61eb977ec95a506345c118faef77991e6e336d4802766a1aa00419c262249094
2025-10-30T14:41:33.451953+00:00,bbb1cc771c33e15d08878e9cae20d2e089b67bf7117d135df5dd893c102ca603
2025-10-30T14:41:33.582244+00:00,bbdfddc0db21db1837d95017accdbc5837ed48c81dbb8ee891f0927dac973cfa
2025-10-30T14:41:33.713126+00:00,307396ee13c312d3114d9f3393600217ac17499d8714ba2125d3ddf72cf884bf
2025-10-30T14:41:33.845025+00:00,6f710aaec4368be7ccf9562d743ef0c25e112b775396474ba6da478d4db867af
2025-10-30T14:41:33.977993+00:00,654850b05472a42a40d750981cd23c7c04a4f9ec83d01f3b5a81df19dfc45929
2025-10-30T14:41:34.110860+00:00,a199acbbf8c14793017f9cbb50dff6aadd57bbe1df4d3e5d46e4d5f311339005
2025-10-30T14:41:34.251850+00:00,f5768c08dd32dc3d187f79c2172a0f188dfc9c463cdac372e4f9fe4ae140401f
2025-10-30T14:41:34.383255+00:00,72c94ed64f745e2199e88aa59512197846258d6a43e91143664924f1881aa4db
2025-10-30T14:41:34.516607+00:00,e4ac78fa3935f05c8b348caa78abc172184932189b2e767a21ffdb4981b907b6
2025-10-30T14:41:34.650068+00:00,a04734c8bae59d51a573e04fc5fa07a927c20c90bdc747950f15e660b77631c8
2025-10-30T14:41:34.785240+00:00,530b420f9911f56b40a79f2717f51b1fd8845a73f873e9c322f4691390ea95b6
2025-10-30T14:41:34.919119+00:00,a1ef96f4362dd1eade49dee2429e3ca156b0215baa6222dd5d5a874fadef8012
2025-10-30T14:41:35.051662+00:00,f1c270b3cdaec1720a007b08570d3ef63873c00f934751b40c150d3a766ad6c5
2025-10-30T14:41:35.187630+00:00,17f011b3765be31ca6ecb047800754d6800ebfba3177af5803a62943f0dec34a
2025-10-30T14:41:35.323972+00:00,94e84548a5f60ddc312b11aeaa56d5f731946de0d3db77a3e9af8b4590827bc6
2025-10-30T14:41:35.455576+00:00,15399a3f355a3ef38e36e07170e0e5ea19a3dc79b4ac083578c97c49b2bfdd7e
2025-10-30T14:41:35.591291+00:00,c965c24450b3833818654cadfe189e300b0d2008a288a0f9e067835142aac60c
2025-10-30T14:41:35.732879+00:00,a2f69d4b0222082f376cdbc3faacfdb43e0163535db93570f19ee393a0bdc7be
2025-10-30T14:41:35.868692+00:00,e604b072cac59f85f8202b5f3160398ba5079422c6cbd77e944d0b301e4059cc
2025-10-30T14:41:36.004162+00:00,e7d456d12a47d45138e51ba9f355378070b65c1addf15a81ccc72dba4b615312
2025-10-30T14:41:36.135175+00:00,533be1076178b37b86e229c65b91590271bea618fe7b3d7e6aef3b99b2a61e51
2025-10-30T14:41:36.264946+00:00,f9315cf84223d3fddeb313b6c0e0946f91166cefd6246825d06e9956bf0f32ca
2025-10-30T14:41:36.399590+00:00,57ffdd5112d115fe3a09cc8d4d867c6c3692e1d8b224b7aab74bedf184054d07
2025-10-30T14:41:36.534954+00:00,d159daf07b448cbe58fe492b16eb1c5ecaa2bc1c804f690a86c07ca52200aed9
2025-10-30T14:41:36.672475+00:00,c008b959b450f7ba45577daf53387e665a968ff5f791cd866a42418d2e14c4e0
2025-10-30T14:41:36.812709+00:00,ce3c8e2aaa0120acafa49b44c678255e509b4f5f491e2b5141f2a67faa386a91
2025-10-30T14:41:36.959815+00:00,e2a06e149d8b634159e49bd7cc2a1f440f2b762bb54a8ff3edca5ee0d64c9367
2025-10-30T14:41:37.099773+00:00,a5ddfb45bba44e0d95c5f449aa863649857b43146d877eb6fcc206a3273a19ce
2025-10-30T14:41:37.234829+00:00,152faaf7e74e972f4087c3bbaf2cf2dd90bd5e1f037efc74ad81ffe2a74d5c17
2025-10-30T14:41:37.370904+00:00,7be4fcda6de136b1b948d064be653b01027b6c6a2925f12973516a0a367e2d07
2025-10-30T14:41:37.504728+00:00,f759623d2c51845d79835e00179e37ab47a4174cbb87ca8672e1f334553144a6
2025-10-30T14:41:37.646272+00:00,3398e19af691aa68c79bc97c277d8fbc76a5b221611c795301e2f10822c5e1f7
2025-10-30T14:41:37.794971+00:00,d0cae3e7cfd1b7fb28a90a2bda2321605abcbda1fd145df1917be0f1d418fcc2
2025-10-30T14:41:37.928990+00:00,5520c057a00e2879ae33387af195a6d31bb4a336367016ef0e2a16fbe06cd109
2025-10-30T14:41:38.068640+00:00,cafcc9937f11189367658d55165e0299cd2da6e4905c59fbe4685808bae3df60
2025-10-30T14:41:38.199116+00:00,ad4ea9d4a88a7de4c996445a74b4169828b051029da220ac1ef8ae1f5d4110f8
2025-10-30T14:41:38.333429+00:00,a32447e82bded616507a5d5c97d1b2a70773c2e32a26b810f45c17ca9724e082
2025-10-30T14:41:38.468623+00:00,6a8d079a648de7719a89193d932c18b6f7bbdd28375550851197f9a61467bba9
2025-10-30T14:41:38.608824+00:00,a08bb858e70c142203a50454e9ab8498fa31e546459527f376eb729c66b1bf07
2025-10-30T14:41:38.747597+00:00,66247a7d6201fb9d187599718741a3ce828a650beece3e066217da30d0793c37
2025-10-30T14:41:38.881278+00:00,af2ca9af28ee9eaa5a42c8748fe2f17054160384ce9bf132870e402928ffe807
2025-10-30T14:41:39.012930+00:00,b95ee2e6bfb78444622e22cdd8e6ab093eae54cb24ffc07062e200acdb3bac20
2025-10-30T14:41:39.211446+00:00,2cb2693ffa1d2f570c366702d0217d47658db7d5c9274835a1f62c69b8f512d9
2025-10-30T14:41:39.348684+00:00,1cb263dc9d338ae44b49b883cc5e008ed20c5c2866d2f41c75f189821e3b33c8
2025-10-30T14:41:39.484648+00:00,b108e1e9b125a24c3de831bce7286f3e25f121c793803c843ef941dc70d4399c
2025-10-30T14:41:39.623392+00:00,e21ea415c784ab7162b3c4dcb3f598a41579b9b60dacc4bcd87e831d0a3c6f90
2025-10-30T14:41:39.765326+00:00,8795f6f4b5ea6e4d60b64a1c1a9c3b0d917eeb456b45fc24b81aa2504d80dc82
2025-10-30T14:41:39.904225+00:00,91215f5a801fb80dffcb24f7e1ab9fda095dc451096f04fdbd91006f0ffaeded
2025-10-30T14:41:40.043055+00:00,1b454292b15eace084c88d1b7bdd595c794c8b69b44636285347683dab3698d9
2025-10-30T14:41:40.182823+00:00,aa5a00c387cfd3d8ed1bbacc88bf06d616fab327c2505512bff80e919baabe7d
2025-10-30T14:41:40.318786+00:00,60da3f4e9a445dfafd5e5174e09db9081c3786f33a019aa5df1074f1c84b0e22
2025-10-30T14:41:40.461513+00:00,b124b497dc6630ded8c176004b16449ef4c50785d241447bae2de29c0ac758f7
2025-10-30T14:41:40.604197+00:00,b0176d6231353f0d4e0f0d33ebe8312f977046adaff8165e2cd2897f98bed22a
2025-10-30T14:41:40.741860+00:00,9f818d4447314403e19469003e849637640edbacd1cb6f2b5a4198f1891a1c42
2025-10-30T14:41:40.880996+00:00,d9547ba66205f0188e37022630310ed31e8ae7aa32a420098d865f1782a960b6
2025-10-30T14:41:41.022350+00:00,ce2a99c9a75d8e7d3e5ccb7fb5f39eff3769e581b22ea2da524c11199213768e
2025-10-30T14:41:41.153837+00:00,63c835b3a996b87661733b30ad205b9cfdf9da4229df605feb3123b79ee40c35
2025-10-30T14:41:41.294933+00:00,cf0b95d5aaae2c71558b134bfbc9d4cc73667503250a94db8d6e86adc2076e69
2025-10-30T14:41:41.435348+00:00,195fcb8ce7ca91f6a82df5bd049c830d2c8cda4a70bcd555ac7ab9552fea6665
2025-10-30T14:41:41.575155+00:00,19735fb19d19b74900d03ceab662bf483fe1322b41a361df08051b65b1f9f0b3
2025-10-30T14:41:41.710480+00:00,bea89c20b1a400c0891e56a7d29a450ba6b3e8f474d71631d2c565d72a3bac70
2025-10-30T14:41:41.844191+00:00,2633b357bcb4776ceece448ba84873cedf0d8fba99fd585cabde0e15ba77e69e
2025-10-30T14:41:41.978068+00:00,29678ae7d510a9f7ecb7d7a68bc101de3b1c7aae7c4eecbc284b82e486a1625c
2025-10-30T14:41:42.231570+00:00,627989b8787b671c211324400b047911d82cfb17fab6ccb73661c50ab40090d0
2025-10-30T14:41:42.370503+00:00,2f0736a8ec943f52d147ddf7ff52de033ef8159052282bfccb09887b7e308d37
2025-10-30T14:41:42.513779+00:00,7e2109efe9fe77dccd4505a5263fc9ae2a670d7b81c1d3134b5316b1dd5a547b
2025-10-30T14:41:42.652225+00:00,a58e1928d781afc170dd31e088a428f31f5124ff31d248b2618bbeefacc1b961
2025-10-30T14:41:42.789161+00:00,319eed15b65715924bf8c6014dd7a6e68f3a1064ed2df2b9b7ac7982587c56de
2025-10-30T14:41:42.927707+00:00,7673f3051838338ce583ec59315c535dee44d2cc520d22066bc827a656a14157
2025-10-30T14:41:43.064606+00:00,fc01119b210e3d79e889f06906a4d24232c18856de69ece8a621185c51162267
2025-10-30T14:41:43.206626+00:00,84399ebbc16cd450f87985df609bac753514a1a36fbed94811298368ac97ec3a
2025-10-30T14:41:43.350904+00:00,0fe349f921e0239587088760aec7f2e0db17af85de05402360c816aca1467bee
2025-10-30T14:41:43.488058+00:00,e8f20fb1b3d15b3cefcca182454251b7817ff334e39dacc54343dc40eb8f5829
2025-10-30T14:41:43.627446+00:00,eec8977eb91b454adb137e3c54628e78fd08a82296fd5c6a1d108ae23903ae0c
2025-10-30T14:41:43.764478+00:00,78e0ea312c46767633d9e0ce5fa169dc17bec1e9d3971d2b036306b31d085e0e
2025-10-30T14:41:43.902220+00:00,b462b7df031a9aed09d65f0480cddf987d42b7bb7bdd0338b5ee7dfb0b9df9ee
2025-10-30T14:41:44.044395+00:00,227f43a34d6e362253a09e5658c6e616884ba90f48f2d4a9e6d504d636cdbe5f
2025-10-30T14:41:44.179759+00:00,3fd218425459090a91e0b7ab0ff9809586433e3ab7e8cac8582b5f63647a9cf6
2025-10-30T14:41:44.321890+00:00,eca4991542f777f45dd57d570481eabb1c5548b0a1d5ace8a1fb727e38f24eb1
2025-10-30T14:41:44.465613+00:00,fd54ff3ebd052526311cb0c55f3ce8991175287015b5df9aca3638c3f2e89386
2025-10-30T14:41:44.605077+00:00,fb24a851d1f3672af24ffd69f0d0f6acf246e9fb1ef50a995fe0a5774f61c707
2025-10-30T14:41:44.744200+00:00,afae6e09493dadaadaacef589d0da2c7a6826f3984e9c79d5761881a9d1e497b
2025-10-30T14:41:44.886205+00:00,a8ad47c810272f4a96828fd51b81a04a593624f25dd0a7030b4b6dde59f3d530
2025-10-30T14:41:45.025397+00:00,62e70bb636c3eea5eba6d89286d1658980dda54d9e75a52ee43e9c47b14dd173
2025-10-30T14:41:45.164347+00:00,120a03a10161447f4a2b1492efead02d12dfb920f85f9525ee1288ae223a0153
2025-10-30T14:41:45.305697+00:00,1fe71d3d8ee3e6a3ce4e762b09b0d0a7e176316bbab3e1aebbdd496f3b245b19
2025-10-30T14:41:45.442179+00:00,cc11809ed681eeeaf29967acf42d467539edc27a187acb0fedc88b065cfde337
2025-10-30T14:41:45.581411+00:00,16f0989e8dafce4ebe71b4ae8396ff3597b65c006ffabb408f1fb7852e608af6
2025-10-30T14:41:45.718850+00:00,98d82c208706c70c38442a62ceaa420e93f2c0f86f850f3b4acf600ddf84c5ba
2025-10-30T14:41:45.861036+00:00,18a98dbb76295090ea302af8796876ee44e3056d174534fd1d33dc6b4f9678c9
2025-10-30T14:41:45.993833+00:00,598b13e560d3e74d715d26aa9af4ca5486b604481ff371d85384a83f356244a6
2025-10-30T14:41:46.125125+00:00,51c3da03372464064b8a40c155414d89477e6b4daac0ccf8ac2f3666663ea07f
2025-10-30T14:41:46.266408+00:00,a970f13f6ac409dc7e4449a3b55f6e2154a3ace256286259526306821092f525
2025-10-30T14:41:46.401701+00:00,12554786eea3716f21fdf1f9b9aeb0e9a7d9b36d5df3dc3d98e3497fc502c5fb
2025-10-30T14:41:46.540191+00:00,5ea1e99272b40acd87d26dc76471c7a333e647666e410123d35b649210f8e60a
2025-10-30T14:41:46.679412+00:00,8ff6bb6e8d58f5b61a0bb4a846e3fecdee9f81dad20eaad33dc2afdc29f3c71e
2025-10-30T14:41:46.817955+00:00,4849e2c531040778bb3c1eb92e59563ed03481ae6644c1af7460f3a36f74e3dd
2025-10-30T14:41:46.956538+00:00,c591acc76886d12ac796db18378316e45ea5efe5a3d69c657edac8548293684a
2025-10-30T14:41:47.095384+00:00,4acf11c9282bac07ed51a689b105eb3cb3f637956633cb88b428f013bc57e97d
2025-10-30T14:41:47.235165+00:00,eb8f71992cedad363308cad5642ab3450e111507e3395365357abe926ca3fb32
2025-10-30T14:41:47.381984+00:00,3b691a5c135712325418eb137f7ab0f96299705f1b478035e4f47c426874603d
2025-10-30T14:41:47.520559+00:00,0c365b147be7a6a0a03b27ae7296b9a07ae3e1d8c2647627e2bcd5a0fd4c4780
2025-10-30T14:41:47.658093+00:00,5783f613b93dc6f2fde4b5799d199ca821d5dd6b1137f0d4f4377d8c0acccc4b
2025-10-30T14:41:47.806338+00:00,a9b277e6e8842c77836676fa239b4ff97df2a81bc05249d54032d25c0a6c27c5
2025-10-30T14:41:47.950475+00:00,c9c2c9d47b292db92c2d2364975270c7b5f743a83bff8a2ea27e5506127417dd
2025-10-30T14:41:48.093069+00:00,6b359551f05f5ce10d8c8310ca3395d093782d12767194939a4a0689a19f516b
2025-10-30T14:41:48.227534+00:00,a8f829f1f2edd5cfdba63ba719af81bac858743508cfda6ceffc657fc2b49257
2025-10-30T14:41:48.370288+00:00,6bd49431347df59d534582fb9fe4543d8bf04f154818e67087fbd88e43957214
2025-10-30T14:41:48.513722+00:00,dfe4ff983aa5cc645788f496e0df81ce886167cbc975bc49f53a308bc4770206
2025-10-30T14:41:48.663143+00:00,0dfca45bd4d5ba22c0dd3dab06af92e4de3598ac803b8e639e76c138b2d1d631
2025-10-30T14:41:48.825301+00:00,9479d5c6cd600aa4efd51576d94958828daf3d081ebb2101cb937473e01f320e
2025-10-30T14:41:48.965526+00:00,15da784442f43a3bfbb38dbd0cd6ac111ec9a581204741e03112c8bb3070a421
2025-10-30T14:41:49.102401+00:00,d811d233b8013e3967f65be12f7751cebd532c77d608bc52e3a60589eda26461
2025-10-30T14:41:49.238396+00:00,416f222a4707a2eadd87ebee4ab93e6aa5284e36199ca01b2d299022e1da46e6
2025-10-30T14:41:49.378185+00:00,76100bd4235145d6124fd836abe06c484ddcdf62acc9af61f5115b6d743037cd
2025-10-30T14:41:49.520350+00:00,4ce9eed1482124663afd3f3decb6d42c31af4c13946fe358aeb55984a99e5475
2025-10-30T14:41:49.663153+00:00,4a56afefa28c75a216e61bcd3a922745c017a90a7e9cf0e98e2d2030d8544811
2025-10-30T14:41:49.809130+00:00,133a6bd03a720106e58509f80a7a1eba246cfc5d9e524657b44ed72985742edc
2025-10-30T14:41:49.953756+00:00,3ec98345e629016473e57ac95ff032deb8782d5c16f039395b579d43fbaa07dc
2025-10-30T14:41:50.102033+00:00,5e89416f64ad95d033946ce4f6c0960594df48d7457595c51fbb7dddfe27af46
2025-10-30T14:41:50.240037+00:00,55a2d2bca166c5600938dd595f3c65fecee6e84cc57fe8d5bdff3d0a72e96746
2025-10-30T14:41:50.382452+00:00,89f260a35c964d3b5bb4103df4f3a90fc2790f126092389208baf37cabe3fadb
2025-10-30T14:41:50.528340+00:00,675b609b64ed4059991e2019199a986b529f03fb167e635571c13223ef276b3a
2025-10-30T14:41:50.665497+00:00,31f992905c540c8ff9282820d8f783ce29a6be318ba5de7fd35a7274ec68665c
2025-10-30T14:41:50.800259+00:00,5a212a8e5c179441e387e25060399753f613339d81f31dae28c3352bac950eb6
2025-10-30T14:41:50.942087+00:00,d9b93ef85525ab31d07b574ed42acc366b4340ad00be26161913f86a9f84f4b6
2025-10-30T14:41:51.088876+00:00,a84bd084d4edf898346a217b7d97583293e499cd8cd570abe0ea6bb18b8dbb61
2025-10-30T14:41:51.227244+00:00,68034453c86e426e6cb02d6821280a9bb3b459d1a577c91d5875406c449581b8
2025-10-30T14:41:51.368193+00:00,25b1edb234a4ad7896615f18209c34a612f111c790b9a526ffea8884717aa092
2025-10-30T14:41:51.510666+00:00,81ad624036587316b692ab99d45dcb75d6e7607d54c2713bc68eca6873bb0112
2025-10-30T14:41:51.654756+00:00,d0cd8f5ad624e6f616e7ea965d8c10d4e3cb02cc20275668cafc72001e05750a
2025-10-30T14:41:51.791123+00:00,8eca3a2ef2af0c5b17556a51a05fd115f7020a8c5c07ae34c7d7345bc2994b2c
2025-10-30T14:41:51.925691+00:00,bf36e0b76ac3f4e91c3c51c8fc8f66b10cbfb8025e784f4a1c91c8f115b42028
2025-10-30T14:41:52.063545+00:00,474a38768a4e041288242e2ce222286063bfbd0d8cd1eddb362bcf4509a26848
2025-10-30T14:41:52.204644+00:00,f9d9fdd3ea9be88e967e92dbae80420a101d93432e835cc32c701f5e82cc28f0
2025-10-30T14:41:52.420123+00:00,34b283d66df925dfe3f938a548f753f641099fcb8e24d8780739eac24463dc18
2025-10-30T14:41:52.553845+00:00,b2b262d6747636e2bfec42a9a7c6c18fd8718fa2cb111dfbfb8c43bc15e698db
2025-10-30T14:41:52.691314+00:00,3661e0705533cd66727e22d571d07bad977c1f5835ff29d15204b9e91658dcfe
2025-10-30T14:41:52.831440+00:00,e2b7b05dae2b72502e7e13d4689e629a3d3b38a42b199476d3ba22c1695acafa
2025-10-30T14:41:52.969785+00:00,f5dbe5526f506c2239ca76e76c35047bed1f6481e14eb493bea7635ec11f2744
2025-10-30T14:41:53.106098+00:00,09403cd44efd95ff01f5a222deacc9afb105de2df07e10d252825c275827e380
2025-10-30T14:41:53.240326+00:00,0a2cc62639b905bbaa3701cc5a5125e56a8ce076bb8f3b2a76ec5ee42f2bd11b
2025-10-30T14:41:53.377739+00:00,8680e85ee8a17c1068041be27c9535dee11d63a238aa193631b517838ba5a195
2025-10-30T14:41:53.515896+00:00,384d69d8674cb5f1143338ff26d9d05b254cfff5e4dbd0cb1a88faa7fbfe7451
2025-10-30T14:41:53.656410+00:00,2758e332d8f36f37e18bdee8a44cdff892a16a167528ea516ee920cab3852b90
2025-10-30T14:41:53.795590+00:00,a99c7f2915613aa3fe0b6dffba38c21905dea11baede4f16633eb9f81c93f8a2
2025-10-30T14:41:53.928231+00:00,4b2f022cb9e4ce8e96c455578b291f0b00b92e36a9ae57e20526f2d790e66bd5
2025-10-30T14:41:54.059563+00:00,1eba06cf8a68d839482262981ea30c04314ae96ff15cf22028cc452b37b48a42
2025-10-30T14:41:54.200464+00:00,b1b46642c5e16a32a434e01c7eddfc977cd250070589890b8a99fe4f8503ea11
2025-10-30T14:41:54.333903+00:00,14db7ce3d205f6db3a87cb40ccdfb8f04e1107c4f34699e9bc87907764d9c57c
2025-10-30T14:41:54.473929+00:00,1ab48ca25e3250fb2bc78d98df2083c9c2088f32ba7a7c8e763c74e1c8dd014d
2025-10-30T14:41:54.617514+00:00,aea834be7954f217aed585d3dd3d958f7bc9117f762b950cea4433b949f41c9f
2025-10-30T14:41:54.760059+00:00,48bae56cfd56415f20585c7f5337888ed9fc75541955aaf3c9459de158bd3e93
2025-10-30T14:41:54.904228+00:00,46b8da40cd92c94839751bd89efe25ca92aa2d522abbbf6231f1e69cb1577322
2025-10-30T14:41:55.042056+00:00,b4af8e31ab8cba0dd1f9d3ba0e2e7d4bf0e3416fa884c1d5f0dbfc3ec75b5831
2025-10-30T14:41:55.181388+00:00,fabdb7fee5a01ae91a76f7f41aaa672f65ea419fa24ae4b862459d278ed68d20
2025-10-30T14:41:55.319288+00:00,17fb0de4ac743b8db797cde1665ace8f74768bfc19862ae313ebed4455087f4b
2025-10-30T14:41:55.460776+00:00,b14ed5be72b44c97bb85d17cc957800084352ce1d8d7f5095b7322f86b6a8202
2025-10-30T14:41:55.599112+00:00,4e33ddb5bfabec2e9b1a52dfdde702ca2800c16347c2d0feef234994be562063
2025-10-30T14:41:55.734007+00:00,ac726ccba7fb3d99e8eed8d068af907119d8fd4c794d1a0ee552c4484d8531c4
2025-10-30T14:41:55.876286+00:00,41659e26494b9c6066b5b4be5087bbdc05f695e312ed6ed420a47ff2a25ae5e9
2025-10-30T14:41:56.009873+00:00,c67b397019a68557a00ecacae1543dcd53e578c5c7d708e0efc55dce90395b26
2025-10-30T14:41:56.143003+00:00,7f92e5eb35670b1f5e835c03d84efa8f3a85eea44efc01d8875d6553f3e40470
2025-10-30T14:41:56.280576+00:00,543e762d2d618e86cf4b5e3e954073f2cd36133e85f93ada0c9b07b8d81c3668
2025-10-30T14:41:56.420144+00:00,449f239a08a2e0b71e977e8fe8886fc19fddb1ef7d914c2ae5790a3e3da6ef01
2025-10-30T14:41:56.555323+00:00,4692a1d646c93c82eeac91907081c63533add170944a9e07bdb2d32088640824
2025-10-30T14:41:56.691114+00:00,9ad83621a688e9d3bf1f3e7059bc594e2d6710a5e2bc641d9ba3cebf3be4cb48
2025-10-30T14:41:56.830098+00:00,5e012ce735171e307484c59a42f3d9086d21644de0da4b140d5bf6648e4f1309
2025-10-30T14:41:56.964690+00:00,cfa51b6f69e8e55c4cd1fd5e8c82c3af506cdd2b84d35ff790214ed5a2195d06
2025-10-30T14:41:57.113511+00:00,11de74f7deff9ac1367bb284ad4bb999711bb40fb095041205083833cc0ec77e
2025-10-30T14:41:57.247532+00:00,50f728e378f39beb943fc4742a73bfcc1948747d67304892e2c4e238a6d62dcf
2025-10-30T14:41:57.383385+00:00,f7c300efd9e4e9bc48cdeffe677761d4ce2e4cedfb4dd33dbaaf808dc042a429
2025-10-30T14:41:57.514278+00:00,60a423e8bb5581707cc7a301b60b24be5be029f1b25af01c19bb58c2e43ab945
2025-10-30T14:41:57.647635+00:00,0b55b5bb15210dddce88c15740f80f876d6897bcaa6426caca9c57b81aa68792
2025-10-30T14:41:57.783866+00:00,761c90b94d4248a091d89f713b569a00457f7b8e23a10aa0c64e64e3c9051d0a
2025-10-30T14:41:57.927303+00:00,722572cb2caf33867b36dc25fe2bd0894ea6a44bc640b435cd60e5e47791e767
2025-10-30T14:41:58.064801+00:00,14b77f9f1eb4bb09c3e4e7fd7aeefa34adf8ec5aac88eb25fb6ff85fab6a99e4
2025-10-30T14:41:58.195382+00:00,97099c4cc0e7052d330763f4e28cc5ee0d505ae6c87e60ba5cbbf71db61d46be
2025-10-30T14:41:58.342384+00:00,575f97c228535041a2d98e1650ab242009dc2e4c4cb4d1965acbc804b4a64ef3
2025-10-30T14:41:58.483695+00:00,c66352136ef9d27232fc172abd0b8702d979f0d36e2556d7cb68438b1d2d8652
2025-10-30T14:41:58.619974+00:00,4e4bec4f18f6f213c3f143de5d9df4d62f8ad5856acdf007725dde3b4eb6130a
2025-10-30T14:41:58.752297+00:00,2d46f0241afc8bdf8cce265edaf42c7036ad740541ad589fb84a2bb38473337f
2025-10-30T14:41:58.881225+00:00,e0451dd4a8d92beb2ac4ecd9934570ddbe7d01b49e15241e00d952d723e5ca58
2025-10-30T14:41:59.020698+00:00,612998bb3bbc5eb7c0279ace64ac35659f01b6dd3ce2b982c854e8ead0505fee
2025-10-30T14:41:59.155860+00:00,3edf82614b34c1bfb37d302be84d12730339a0d4658499d2ba468a0f8fe3ce8e
2025-10-30T14:41:59.301471+00:00,e0a1449dfc755205063b967e180800bde64a2420e3a2cf07d033dd9313539033
2025-10-30T14:41:59.441071+00:00,13d8fec18683e7b28590b00d5261fc7129fdb059c0f6f71b15eafec0251b5b47
2025-10-30T14:41:59.590866+00:00,3be65dc9eedb5b1ca9c2a792ea86eaf9767ed92e21740acd67211cd8a0984847
2025-10-30T14:41:59.729296+00:00,ec1c2bb774fbaa898be804212edad223ff2b7765c22a6f7f72a2ce58e561935b
2025-10-30T14:41:59.876981+00:00,492449d1ff396d68a50291bb1e8511cf4b88ae6e45ca20081cb5f210383b25b6
2025-10-30T14:42:00.019503+00:00,873ac5790e54a3167efd8543687c3cd73148168a37805f72abdcb0e3ecc950ac
2025-10-30T14:42:00.163129+00:00,c7b9197161bc64c977852b225ef4f275c5e44bd50a685429d3d38cbd5bd88287
2025-10-30T14:42:00.303484+00:00,46e9fbdfd32ba9f22428ec2a4f394089b81e170bd9c6d8b6b2584e75867e6b30
2025-10-30T14:42:00.441831+00:00,c9166fd753d55a21cb6e689e191ae89b0224e8a81199eaaaf94bf9f1092ec604
2025-10-30T14:42:00.583502+00:00,edec10d8f771d9132607e7dd47c49c7e0f05052c738a9e8d9519b1eeff9f54d9
2025-10-30T14:42:00.722157+00:00,5d5185d9a58e5826f0a13062455cd0f38683b359bcd3e62b5112e8caca489422
2025-10-30T14:42:00.864280+00:00,56dfd5a9148dcd9ee2322bd80a8a5cb15dfdfddfacb090737b25b16ae4341d90
2025-10-30T14:42:01.008821+00:00,7b585e13e960ec378c6cb9ad2642d86e093886e907e6ca40eb4e989085e1abf0
2025-10-30T14:42:01.149024+00:00,c6169331d50b8832b5a65b4feeb0f3a96f55184853ca9d158454b8dab1bbe8a2
2025-10-30T14:42:01.280908+00:00,ee8cb520546672f6734d8ce3fb33b177bc68bc892a6a0bf86cdf01d635895b3a
2025-10-30T14:42:01.418152+00:00,0d453a782172b069287b29c4f21bd8c85d9f7f12d09cd4bcd512822f56108122
2025-10-30T14:42:01.551734+00:00,be6493ae05b0f69b359c2bdafad317decc4207847b2897e78a561a2fd7ce3567
2025-10-30T14:42:01.689630+00:00,59cff3a930c799bc83515fe0cb31cef1b7a2b097d98a9d9431dd23922733e956
2025-10-30T14:42:01.824085+00:00,6950e0a114c49cfef440363cee72f0819875b63936a367ad6f5fcbe19f62d713
2025-10-30T14:42:01.955856+00:00,0b53b108cdb0499804d6551d868a86e0f7efa776f758f44ce36e86462426e425
2025-10-30T14:42:02.094879+00:00,f65ca97b1b951ad31e7c30f47123bb39cc2586cb456a777457a8d84f627b57e2
2025-10-30T14:42:02.227686+00:00,e31890d561448028f80cbfdb407c468471a2f286930e63a0a24f99328742147d
2025-10-30T14:42:02.373667+00:00,b783b1b821374bbcd80618017e6751edc0718b5d3bdd881a84bdbfe13f421f2f
2025-10-30T14:42:02.513682+00:00,f692f08718e03aed6eba8809b637b2e56ae346124c8653502dec3c92498c5df2
2025-10-30T14:42:02.661601+00:00,c74cd2bf29df12d8507b97f52b189f8c93bdd26f9b9a51a9e40e62e4e212a2e0
2025-10-30T14:42:02.802735+00:00,aaed25532dc8070130cf735f16efaf48adfc56a19213b2ab3a52d99fcd08d734
2025-10-30T14:42:02.940682+00:00,396586865e79ce045d51dcd60b4e47d8b15f64acf35b55385b3da8d7875c27a8
2025-10-30T14:42:03.077437+00:00,187cc381f3e4e269baf11355ae4816f122798608a7b2ecdaeb67c5c6836c91e1
2025-10-30T14:42:03.213298+00:00,3c338c11b81959f4a750ff26a93c328278e2480e723298c69b729a30b055eadb
2025-10-30T14:42:03.345843+00:00,b16988f3017377b1e739e55b91b604f3b9483661c8bf366af350c2f1cc31ebe9
2025-10-30T14:42:03.483918+00:00,1cd7b00fa5f95a9caf5e16929f9b9fa1d3bb1b740dd154952f39736774797f65
2025-10-30T14:42:03.635151+00:00,0b8a9e8579cdd95b5c8ad1d06db03002270d52ed91f93fecb1a42dd14e650333
2025-10-30T14:42:03.774138+00:00,e2710f507ba8ac9194a30488d01eff6277c17a2ecce3eca17a19678f6a35f850
2025-10-30T14:42:03.917049+00:00,7a255c69b862b4406fd7d524b837dbd7ca0f22059d32551b4f7c832da5aaa859
2025-10-30T14:42:04.056737+00:00,ce251ff3080ccff329d81dd451f700ed1a83052f73525ccf09d813854749df1f
2025-10-30T14:42:04.198148+00:00,c3c2f22f58539017708d5e304f24bb8740c392dc8ef7b162e81b871892220e26
2025-10-30T14:42:04.336077+00:00,c1f9dc3f6662a5fc92d9e6166760076cc54ba7965db9557f9a7a8f779a6ebcbf
2025-10-30T14:42:04.477426+00:00,4759ae77ec90a673351461af58a2e6e681e6dd67c76b026ec3fc50b463e17484
2025-10-30T14:42:04.618633+00:00,3125944e71baee939dd91d6eab6ed39cab58fbe7fdbeed45d525011176a222e2
2025-10-30T14:42:04.761244+00:00,29d8d825370c31eba932e32b3fcfe2890e372daa3329824c121ce42e1657390b
2025-10-30T14:42:04.900417+00:00,c85b7afd904e734e33693464f02cb87cd478d250f4507f5c93b673c8aa87c87a
2025-10-30T14:42:05.045237+00:00,9a44ad564a56fc8775098ce39aced4d5011dbdd8ba1f90090c82e053eb61d9c1
2025-10-30T14:42:05.186311+00:00,ede6488b988d6676901d9092d270b54dbd25cbd866f316afcaca01654a2af83f
2025-10-30T14:42:05.321812+00:00,b71fad9741bee79872f5fcc3393f1fb40c7a09459f88537c737c77bfbf53cdbb
2025-10-30T14:42:05.455183+00:00,03f81db2de5aa86887af83b6817149f644ca2117d34cdaab40aada5301df1bb7
2025-10-30T14:42:05.594674+00:00,370f1f8213d3ab5152d4a04cb8d865dcc80189bdf892f25a2ce88f883b24472e
2025-10-30T14:42:05.733428+00:00,47e94a7452d47f180dbcd46a8f6bc6fb733facdef218380489ebb88b3b0b9e1f
2025-10-30T14:42:05.873382+00:00,e9c9e1a04b06432d8e7328ea8ad50e48d5b2149d9d75db18f4c79df456a9b78a
2025-10-30T14:42:06.014130+00:00,35b475422cba201a8b9690c109ad546788d77faf2636fdf2b0ef7a8b14a18656
2025-10-30T14:42:06.144109+00:00,7b1e142a33b5c4007aa0942e8fab4dbf02be807879dd179e02374b70db218034
2025-10-30T14:42:06.281214+00:00,80441f8b954d5c84706aa765e0266537fce5068a702d4c393efbcae091aef1de
2025-10-30T14:42:06.423281+00:00,b7d3e6a1f4b3b37216cddc2c560964b3d92d222185ccbed8446a22c5a2bab886
2025-10-30T14:42:06.559321+00:00,d7105381ddfb771a18c2ec8d1b2080e95bdab414aa23c7817cbe2de395eaf843
2025-10-30T14:42:06.707270+00:00,5157ebdcae09fba4af2c1ece1da91839b202d545e9125314258e5f73f5762a6a
2025-10-30T14:42:06.849948+00:00,4812e1be309455bdda98a87a3baf46a1d196c5187ec08e582e5cf738c78fd461
2025-10-30T14:42:06.990888+00:00,3cf1e45ac0a2c87c284ef9b9f8773c2f08c87419f318cd715e471cfad610c284
2025-10-30T14:42:07.125735+00:00,69c863a257940776423c3f3283e663e67523f39d70e2a46fbb15c41c675c6dda
2025-10-30T14:42:07.262131+00:00,0944a165501dcb70561ce462204135afc071dde2314d597fc86e2839a0a4bf73
2025-10-30T14:42:07.399755+00:00,2a991fb9f97697fe1594b0ca5c9170705159097f5993595af1ebf968a5f04578
2025-10-30T14:42:07.630804+00:00,8e09867120c66038281b6522dad7448eb8cf04d109e6b3a7082f1d34527fe68c
2025-10-30T14:42:07.766177+00:00,36806dae8e76a850dc241e7288b9f29e24320a73cd45ed8918a2e08a974c989f
2025-10-30T14:42:07.903391+00:00,c9cdf23d17d5160c8ef0c309d052287bdd92f2eb4f221557365264c785525703
2025-10-30T14:42:08.041193+00:00,c6f9ba0344263d7d9d18a42b91da73ceaffb2aa7ce6593bcdeacbc1704c3e2b7
2025-10-30T14:42:08.171018+00:00,7bf4b5f6fc8c6f586df3eec3014a186eff227bc0bdb27c4f5c804938969dedec
2025-10-30T14:42:08.309830+00:00,e082770ff4ff8b40bb9ac07a46704f621dca0c00236b1ceb581c8c5bbd82c9b6
2025-10-30T14:42:08.443916+00:00,f4993755f3b90cde337555dfc7bd82245e72e63098a9231e8d6b836cee3acb8d
2025-10-30T14:42:08.580660+00:00,e31cd5bf20f2808cf9c3aae671717b6a90b211ea15aef1f4133731aec049ad03
2025-10-30T14:42:08.717130+00:00,c5f0bc0c553ead5ef334e6d396bc956eddcbb26365d65acf69f63f443bba7233
2025-10-30T14:42:08.852309+00:00,8bea13631b839e1989d768d2a7a26950394e718a91c4d1672c9f6b20100498c5
2025-10-30T14:42:08.990797+00:00,b5828c1641de28d965c9495431f7e4d70974c29754bc3db5985a4c6f893dae0c
2025-10-30T14:42:09.128916+00:00,5f687a4e024a50a3af7d114583eb20ce3e6c11bfa4f5549000b4e1d69a54a57f
2025-10-30T14:42:09.267934+00:00,a5ed39112c4561bbb06f64802f93373ae40a284dbb1b12a72b040ddd071f7c77
2025-10-30T14:42:09.413626+00:00,0415c9e86eaed714e766c9e585bc5359c467c6c102f73bd271f5d203c83afb73
2025-10-30T14:42:09.557967+00:00,959d120c6ecc0251dc907000be7f6ae3030b42074645aa6393999aed8a757258
2025-10-30T14:42:09.699740+00:00,d48e9380f80b2b0a0d11b3021262950ab22443dec694ab5562e862ef3f2dad1d
2025-10-30T14:42:09.840714+00:00,a2b6aa8a085a40b1a528f37a1b3297ef7f8fb4095cde36d0e9674804e650a183
2025-10-30T14:42:09.982956+00:00,655a40f5d035622338a807b504b5959c846f0338ed5f1fb3d514b68e910e7c48
2025-10-30T14:42:10.121093+00:00,31fe1fb3205d5806bc63a77e5b3db36822b6ee6bc40b63561a8c0f7382ab78fe
2025-10-30T14:42:10.260308+00:00,5cf930714d36737bb6ffbe20612237e7cb74253ab5965305bbd4cb048f7fd926
2025-10-30T14:42:10.399741+00:00,683d15397ffc304dff4ee6a205623a46c6202e8732044b68c83b6d622a58f7e3
2025-10-30T14:42:10.537892+00:00,101119a4f99d44c3d68bf25bf144551f91a2213dbcf8c9bbccbe221a07a4a3ae
2025-10-30T14:42:10.684017+00:00,fd597cef035b35a93fe724a407e1a9e290948d3a1a5a70b377ed0b8a31063b50
2025-10-30T14:42:10.822955+00:00,07da813a50331ea9bd5c698050a4b23b903958a7361f0742150d4617282a29eb
2025-10-30T14:42:10.966386+00:00,cf4aefa0a71e70de7fe3875370e675ff11cc2d272d06a6f7e9021f7173ed8a07
2025-10-30T14:42:11.106274+00:00,c05b7bf705c24c065645b43bfa9f79db1a6ff1a6a183b520deae4f469000bab4
2025-10-30T14:42:11.235464+00:00,3eb1d8704a070e9b2c95564789c570d6055c94404cb7cb13eccaa434efe0e300
2025-10-30T14:42:11.370635+00:00,2706defdbd98431f313c9cb4b55c496de72d818cd0bc23193f3f657265cb09b6
2025-10-30T14:42:11.509748+00:00,fda8d6a513f5e05e83121ee205bc9d6319a489c200f825d3dea11d6fe48cb715
2025-10-30T14:42:11.650760+00:00,2da599d1a2949d8d79875a7e42e271548819745f6d9b12ea8b0604a0ea20a8d9
2025-10-30T14:42:11.795805+00:00,68701ef4ce2a4943bcf201ee5236c94b60d5a935521838f72649639cf7ea785e
2025-10-30T14:42:11.932852+00:00,722125d75edadd42e12bb97b27d8096b258a72a84bb03348421423cd5d26e515
2025-10-30T14:42:12.069928+00:00,687684cac4bf9dabdda4be42bfc998eea6d0157db4d94b14b14a2bcaee42003e
2025-10-30T14:42:12.209303+00:00,87f409e142e5dad787ae4acd2cf50ed205bbb5848835e1a63844a574f9387e44
2025-10-30T14:42:12.343549+00:00,fe381e743ceef4e4118f8f77ba7bc49b0430d633023f097b3893447fc3d8177f
2025-10-30T14:42:12.481906+00:00,c4a0adcdaf8b687170a142c757b9a75f3254bcef0bb0b445db1a22c2119fb5d8
2025-10-30T14:42:12.624447+00:00,ad84658ad94dc4ac2b88cfc9842155bc0024e4679ffec88f0b693a36ee3a1245
2025-10-30T14:42:12.764658+00:00,0110faaa941b69ce4c35519b1c2949c4e7da0e7b29e773890501eb4a054d01fe
2025-10-30T14:42:12.906118+00:00,48f0e993a0733228917b08fd0a387b4cc5f66685586080274d9e42ad37f70bdb
2025-10-30T14:42:13.044260+00:00,38bb6daeb290b0b98890b83786fb95913ad72cc2db721657d19b0064f215d350
2025-10-30T14:42:13.201179+00:00,d7a83c8eee086399b6f4203081c0a416c8c3dfb156ddc0ed431afc156dbce37b
2025-10-30T14:42:13.348509+00:00,a8c77346ffdac97bde78b424ec5f412f4d12bcd5a580eba2c12379581a6678e0
2025-10-30T14:42:13.499177+00:00,6e63b4e694ebcf85cc94730013359326a1f4fd233bce554849bee56e8fd13f3d
2025-10-30T14:42:13.641933+00:00,6cc53e81c883603adb6726aa57243e28cd4052ec7b1eeb394e6db0d6d716402d
2025-10-30T14:42:13.790877+00:00,60335ae1e47b9c309bf8622b5a184069fcf84388e175907e7eda7e4c6051480a
2025-10-30T14:42:13.931485+00:00,31704af2c40ac26101e3a1ac2f9ee4bb877b9cfec91a8fed0e3385f7305a72b2
2025-10-30T14:42:14.076903+00:00,8ced009da1e676666588ebd7bb3371de34936eb9e322383f8283840aa94bb0d8
2025-10-30T14:42:14.215541+00:00,8d590561939661139229a9a4b2578dac02f62524caaeb70c69682501ed416e65
2025-10-30T14:42:14.360474+00:00,5f2f3d3301ca0bef25f1c9e98d2f20dd7fdd20d607b692ef3d4eadd9fb62400f
2025-10-30T14:42:14.500812+00:00,26d0c202664440da688c91bfc7ade4b2076ed338813836c54eea7583db5527a1
2025-10-30T14:42:14.650787+00:00,b21423e526de4b33f70b322b1b3481f2c0849728f9436309089f44aef25e9e2f
2025-10-30T14:42:14.801139+00:00,f9757d774b8238e7dd30ad631201648139dbb3ee600b89d8e0e9c41782b0adaf
2025-10-30T14:42:14.941188+00:00,5bdde54e87764f65d2ff365bf17148d8173cccb727b2b1792de5fab156efde42
2025-10-30T14:42:15.083445+00:00,8676b5e494747c0b865456149bd98440a9d93a6293943765995b91414cfd59de
2025-10-30T14:42:15.225231+00:00,a2f37600325f0907d9591ce7542ab4d77458b4cc550f22669d8435d3f61bd909
2025-10-30T14:42:15.362224+00:00,332ab35debc0532c2afe44482dc897621997450347e1ae394b92f28797adc850
2025-10-30T14:42:15.502634+00:00,1b60cc78308e38027d59f77420127b31395d1d960f39a977e22ca47b828bd3d0
2025-10-30T14:42:15.641735+00:00,0fd59af6dce633b0001dec8cf6c04100a4172d8c9eaa9d678558a68b50f39ab2
2025-10-30T14:42:15.781206+00:00,d20b075dcfaa3d03046ec7b0f4e4dc5b01711cc9f0b364cc03e67ab2ba965842
2025-10-30T14:42:15.923588+00:00,0c4d0a6f36bb0c4101e8e4021fc7513a68d64a02bf52e86d8a4d5edc9f0f8744
2025-10-30T14:42:16.081247+00:00,45b41c3ca5de380341c26bc498fc191d726d1a5dfde69dcc6ad2b062934185d4
2025-10-30T14:42:16.221505+00:00,3a1f8eb8e8cec9a63ef2d01253515088f533ab9fa2364809867e389f968d8593
2025-10-30T14:42:16.359311+00:00,4a6842d033e491a162c781f4facccba93dfdbdddcb431b72c1c53cd0ff2f4969
2025-10-30T14:42:16.498553+00:00,35cb836c90673e39182c39f9108040dfc18b16a7c8309e8c7d9c686dcf374c60
2025-10-30T14:42:16.645062+00:00,a0afa7039e36f332abc8d3c5bffcd03fc12953019213fd7fad103a6d104fb455
2025-10-30T14:42:16.795022+00:00,cefcfd1d5518a61c6f52221ef995584f8f6141d1820ee14b2a9e50670bb2dfb4
2025-10-30T14:42:16.935292+00:00,54f0d92790067d8249af47c72705fbbd320979bf0b5aff2822ee94f843730937
2025-10-30T14:42:17.079228+00:00,173059d35a47a0dada3bfcd6803f1aa24cbd0b8625f4dbcced6b088a34acc684
2025-10-30T14:42:17.216129+00:00,42e417f1bfed92edea1e2d3748f806cbc86673a1bfdc17bb690a68b8f40321c3
2025-10-30T14:42:17.354185+00:00,2e6e01dac9c2235ee7a324be1c57bad6c8824ebe0b87a2c02b2b74b4b9cfa250
2025-10-30T14:42:17.491843+00:00,ad929fe4864bb43bdccb63c1e3d4916df5755442076b7aa180800896eeddc175
2025-10-30T14:42:17.679601+00:00,9bcb504694130eeb25648f519048a7f124831a9e3371eb78d23f49ef3fb9104e
2025-10-30T14:42:17.816684+00:00,d6fcb2592083cfd6956b77e052b406547834f75d686bf07018c1eeeb733b91bf
2025-10-30T14:42:17.956822+00:00,821b7226acedce8b8cdc8cebd6072415f963bc9b3d1aa1262e8538d886e1748a
2025-10-30T14:42:18.094890+00:00,69f45d9f2a06b669d5b9f7373c15cb2bee46da0ff9a72376ccb6f1e4885ff710
2025-10-30T14:42:18.229502+00:00,8b88424652b66f4fae6bbc93f34c77a8fb10ec2bc575d418b907eb9a41f1aaa8
2025-10-30T14:42:18.368837+00:00,85814a99774dda193b371b83a0dd1bff5638591eddadcedc31db0bc96382e57b
2025-10-30T14:42:18.510942+00:00,ebf6b02c2f8e0dd02c60df82ffbed2b1d9e8b162c31760224a49a7511b7379fc
2025-10-30T14:42:18.650867+00:00,5558354b710fc761625ae7e557c53e47614ea359570f5f0fb7ebb84e17314db1
2025-10-30T14:42:18.791061+00:00,3182f78384dbabe1c78acad2515731365f66ed5da5306bf06d29fe54382ce502
2025-10-30T14:42:18.931078+00:00,f1c28b869b96990902b4b37bacfbae372161911867a343e5ca2f6b41538e5ed1
2025-10-30T14:42:19.069019+00:00,24ae389cc96496f965547982d688231f691491e2b85dda41751ca8dc32371469
2025-10-30T14:42:19.208975+00:00,e890dcd4ab4ffaa6ae8d63b6e5e8b4e3aa17d2727f202557738d0fcacfb7fff4
2025-10-30T14:42:19.351332+00:00,10af984afba9b63ae967b58f7cbc31204d8388bb73994c803b8637d3b2e6daeb
2025-10-30T14:42:19.490732+00:00,bc32973a7c09dc54e699aecb2e38f8d4ac90f1491d196daa055193c8b81caeb5
2025-10-30T14:42:19.632091+00:00,ac4df3a48f0d89674b2254f58f64b151c2e15665cd70a9efb29d0d4b6cc90b79
2025-10-30T14:42:19.779001+00:00,c76f2bb30e0a579f5731e753aab270f39fac17421f9d74bc67c41e12be0aab3f
2025-10-30T14:42:19.924178+00:00,03e853a4281488209483857e149294e6a32fd1239cdf9d2926ad2115859f6dc6
2025-10-30T14:42:20.063098+00:00,1b350d6701a5f0af02169dedee21019ed07e4d71c76ffbbf1c6d0c0ffc98dda1
2025-10-30T14:42:20.201955+00:00,fe5f4fd1710607c9b4062067f8b774306c0f15c272bb73bb2fa074352c3b179f
2025-10-30T14:42:20.339512+00:00,92b641fa282b92594b83a40a8fcc2ec72b6eb7f8875451457a3c47ae65589d59
2025-10-30T14:42:20.484233+00:00,65780044524d6cd01378a01cfbc3ff0c9181176948f244fd6c36bf8794975bf1
2025-10-30T14:42:20.623847+00:00,bd92991e6e8e39a1e6fe386b1211c230719e00450bcba741bd47689f217d67cf
2025-10-30T14:42:20.764520+00:00,2255616faf87d68a204c960c60f45cbf379900793ac02f0864c17dca2b448c31
2025-10-30T14:42:20.909085+00:00,614c51e557494111e6edbcbc0e9044586484935fd0b6ef0b27c5ae479c77209e
2025-10-30T14:42:21.047785+00:00,3c5f9ab4735665c7429ae5ea3dbb5d5791b5460cf43ffc30c8a8415365dd9af2
2025-10-30T14:42:21.185562+00:00,b967fd1713a48bc3ce915d7f33b709266aaf3825636c6d7cff92d6c674d06d80
2025-10-30T14:42:21.324904+00:00,aa739dffffb67ed086be7fed59e9ad89a11d30bf384c85059a5a387db5f45d5e
2025-10-30T14:42:21.467634+00:00,57f0ddcb1ad3ab5cf7adfa4282fb8b574705e338e5d958a543e9112865f5ef6b
2025-10-30T14:42:21.607760+00:00,d5631e0ebcb4d47d46aae6e92f2284592132046f1ad6cea2af720ed6a2c0aaf4
2025-10-30T14:42:21.759068+00:00,8c9152c76fdeaa8647f05ed61fa54a0c2b35ca9f3e0a6b2b694b85dc28132946
2025-10-30T14:42:21.908269+00:00,75c36f0a4d81eafc014dca04944904395e2105a2ec60b30ebfe62ff6a1130ca9
2025-10-30T14:42:22.048886+00:00,b38937d24a720c81577f8f9bc785758038362f0521a9b0a3cd3bf97f932a90f7
2025-10-30T14:42:22.186253+00:00,02a3c73187a951a13ef09140372d4b1b0424756d0ca9e52f3578425fa2159afb
2025-10-30T14:42:22.328679+00:00,d16da9c1ca292b15ed3ab1ff8fd4b6062883dd81180422a0a0d86f6c796a73bb
2025-10-30T14:42:22.474450+00:00,03d807c251dba1cb5df12c17c15c68c06b22e218ef49720bdbf8ca6b5f00ec90
2025-10-30T14:42:22.616932+00:00,985fec781734be3a6310cc2ebc4972922b64050922bc4fe18c35d2df425fbf8e
2025-10-30T14:42:22.761807+00:00,ffc3e709d0c3b588963385252a2ba7aa1ccd8a0e6b0162f012bf2269cf42f8dd
2025-10-30T14:42:22.916369+00:00,fbf3398e1a52f1b8c4cfb03dd5d42fd8868331c41c9da9d7c5627206f30b9c2e
2025-10-30T14:42:23.068965+00:00,f49aefecfee6a01854ec996d797bd49f78e2194bc774ddd6216eacbd425197b0
2025-10-30T14:42:23.213726+00:00,6918882effb045445983a48b712567a7f0b145cbca6d62d62e9c213131aee5f3
2025-10-30T14:42:23.367037+00:00,f567f74f0f9550ecc64d8659a0a64c1d6a49abd8257590263da1220fba7762dc
2025-10-30T14:42:23.512762+00:00,16a580beac7c3d2c988534fc7d61a0f83ab1a2d63c2362c911f0d4c694cc8905
2025-10-30T14:42:23.661918+00:00,76010a323f091b0b560130dc892b6dbfbe0a1aee68ef78800bec36125faf642c
2025-10-30T14:42:23.801203+00:00,8cdcae9c702e2ceb5c78dca76f4ac7a44a7eb89d4c2228c50c337279752ec81e
2025-10-30T14:42:23.940919+00:00,15158cfb2e9992ca9021180a596fbbb523365714d017d294d5475365ad0b1ef1
2025-10-30T14:42:24.080062+00:00,f793283760e76ee9c52d6bf7627e510a9d03b1a3f06fb56dc8755f73198b5d20
2025-10-30T14:42:24.227653+00:00,15db03ddd34d12dba275ce55b6efb772851a647c026f491db76eb9bb65da2d36
2025-10-30T14:42:24.375706+00:00,7c10d2803d26b12012ae3da54c25f3d709a0cdcaf3ec566d729d55bd69aa4638
2025-10-30T14:42:24.516913+00:00,1c9df70f8035111bff24992864ffb6579351a37c1603cf6e5b97123543f5eb30
2025-10-30T14:42:24.660340+00:00,3a5544e057c717fead98ee2ae9ffedf7f71cb6bb852d0af95f0f633b5c1f4b66
2025-10-30T14:42:24.805331+00:00,58b1231d088d4fd6b17a281d6736fa4cb1aae959c9984ded4c0773344596d258
2025-10-30T14:42:24.955516+00:00,3fa46591142652521af51da126d1e08b39bbc105e0dc4e6766ffe878176defb1
2025-10-30T14:42:25.090902+00:00,d7105350a124b3e65f0749b91761913ff400041af138cbbe12ed328767f95d23
2025-10-30T14:42:25.231562+00:00,2bc4636fee520207152cfc4837fdbf80ab93a0b8001234a60e154af648985aa5
2025-10-30T14:42:25.371499+00:00,7a26c385e20c6ca73104fc835d275314ea078f237efbe1d5748b0270f6080f98
2025-10-30T14:42:25.514554+00:00,5be572d125d375066dcc42c97d73e85142521228ba7c45eed0a9af3a908e6d19
2025-10-30T14:42:25.657286+00:00,3643316d1b3832acb2973e7972be2c5a212f7865db0a0f58929c4cc8a332bd6b
2025-10-30T14:42:25.804141+00:00,95081fb9762f654cd45257d0d23ba359e68f1894705766d90006ccc855a4a919
2025-10-30T14:42:25.945459+00:00,038ba3ced26a519ad1bce5301d6f38d99c22c6c27e7ac11793657eb1fc2174d0
2025-10-30T14:42:26.104149+00:00,81534cd8debc5f81056c13354fc3a81fb1e14854bcb9d6e9f085d3b56dd15f05
2025-10-30T14:42:26.245139+00:00,007cca0ac64c18cae0bc0f20e23265cef872bb1b67118823f6fd9274001d1da5
2025-10-30T14:42:26.391750+00:00,c064d36f0d23d496d6ed20b89e6105258c56c7769e8aaf34f39c8c498e935fd2
2025-10-30T14:42:26.528048+00:00,4ab817805bf98916ceac14def839c26f017a90adbc07a686e5bd055f255e9542
2025-10-30T14:42:26.670652+00:00,2e53b21912dd76e90cf8c8b7825374d93946c73799d0ccfbf1596c787a63ed8a
2025-10-30T14:42:26.823168+00:00,cbc56eed820cfb8deae17e64c8117e59c2fde9c95f1b6f9c1d6cf4a2a7214cba
2025-10-30T14:42:26.973393+00:00,0208e137a52c2792915e7f8b60d69bc20aa3e6ac309d8f72981bb456fc8fe0c8
2025-10-30T14:42:27.125134+00:00,5118bd2b238fc268b88faa566011b6cb54a8e5fc24b133051b78cd004945bb3b
2025-10-30T14:42:27.267673+00:00,d2b7c1aa64a39c79a07f881497b4bef13683b9d8e4d4b89355814cde3ec09aa0
2025-10-30T14:42:27.415996+00:00,59cd95acfd5e5fd5f5138076da07a4b90c681d8d922b1ffb1533c1abb31b7a03
2025-10-30T14:42:27.553169+00:00,58715d587c69b3b7056417aa897d04070aad7bd5aa74cf543d0638e8b98b3a4a
2025-10-30T14:42:27.692355+00:00,c8403a34e6710e7aaf997d2a0b29844d213c32914e2051b9eff38bce10212cc4
2025-10-30T14:42:27.848226+00:00,13f95fd1ff793aa97d4584473d2e7b6f2f08d74353e032e0239428e0388060c5
2025-10-30T14:42:27.996092+00:00,dbe1ce64ada7246012138831015c5f8941fd4822807e0c314bd13532bcc6eefa
2025-10-30T14:42:28.150586+00:00,f406583431c097bd517044508873a92bc596d1cad471c1df47b6603911161de0
2025-10-30T14:42:28.295336+00:00,1b3d417ec37e2c014fecb51db6a65f029c63b1a4f5b67c7e5ac120de2a569134
2025-10-30T14:42:28.444937+00:00,e7a9e55aaa25eedf10b832092d910a061be14b539d3dc286eb5d8c66b8d0acc7
2025-10-30T14:42:28.584288+00:00,4a771e0f8434bd15c3aefbaafa388e441e3da520b20cc87859e1ebd2b60cd20f
2025-10-30T14:42:28.724855+00:00,88a87ad01264a780a0b04eb5dfe45159336c60e6ef0649f8f0cb2ce2a9a9d499
2025-10-30T14:42:28.881543+00:00,2189247a87f6f900b2fc5aef1c466a6fe05fee217ccd2e4524e9b2b1e685f203
2025-10-30T14:42:29.017599+00:00,857915dfd2bac221944155587250b4f9859301ea7f37e6dc2476e55b1101152d
2025-10-30T14:42:29.155566+00:00,448d4ad20fd8bd4752ba34d3184f1552743861d12e0cbb15b302e643c831e7de
2025-10-30T14:42:29.292789+00:00,2d102a73d5633467504cabd0096f3512652c32b712dd4136bb215c34e8325730
2025-10-30T14:42:29.431140+00:00,40373eacf93e08d5becb8585da2a2d5104407484e13e215a6cc06899565f153b
2025-10-30T14:42:29.563909+00:00,a0043973efab6a6d9674b908e9504b57f9fd4e297e78e13bbe90734c3761cc2e
2025-10-30T14:42:29.704685+00:00,d4e6a8a3ddcfdcedd017e71a77edf00fb118fad752b56c74b84ecc95e6fa1430
2025-10-30T14:42:29.837617+00:00,2192070a9b1e46c8ed9cf16ffee84955a3c46c3aea694785a276acaf9da1f5e3
2025-10-30T14:42:29.989384+00:00,c07622b6b391681d119e249e110b94393f2071dabd7ed91ee176c9ba29a17f25
2025-10-30T14:42:30.123373+00:00,3b9e5fa60a6495a97a6296657d95eaa2707361aa2fd5d81cbe069b34dfe92774
2025-10-30T14:42:30.254483+00:00,b7dcd0a5a00e457c292c2e2a1ca309ef7be29d4c1f6e06f6969a71b04a2b1a75
2025-10-30T14:42:30.386794+00:00,b6c12b866e14c7287b6eb13bcf536729bbafee7a216afc6caa79bb342a74f0b5
2025-10-30T14:42:30.528279+00:00,9454867661b9be255a332977fad8556397d30d4bb90d82f34b159706dec97b9b
2025-10-30T14:42:30.665737+00:00,811ceba791533da77807854699224a0a976ac8ce976b460c2257fa79f610396a
2025-10-30T14:42:30.797968+00:00,4f0e49130afff4d2e478fd68bfcc045aa9273cadfb29b65418b99a3f26bbdc58
2025-10-30T14:42:30.932827+00:00,60d9de6eefa7f1143b695430013eccab0776b2cf6c13fa4b4944ee373c8e5515
2025-10-30T14:42:31.069150+00:00,a8079d4bbccfaa2e897bf557e5e847f2f721d0d8834be171063fdf163bcd651a
2025-10-30T14:42:31.209677+00:00,3701b7ef009329b857c8ba086b683880aed36d5eb210ea8dc3e700acdc31011f
2025-10-30T14:42:31.342176+00:00,94c008ff742570d074284c90010ccd75b4e2ee8d5429eb20cdebb7434df10c53
2025-10-30T14:42:31.477178+00:00,4dda03d4e32d3d43f2dec72f59b72deffc348d5d1e424ca5b791931b76c5d6fa
2025-10-30T14:42:31.613981+00:00,89e687e42010c16732837d3a7beab35cfe343a96d2d0587bca3147acaf1cf893
2025-10-30T14:42:31.749557+00:00,117ad77b05360373075de49512cfe405451f15a436f365540d639b8ee5136382
2025-10-30T14:42:31.885981+00:00,65006aaea98b74c23b88a31c206495611f09b74eea2c0e314799b0584a3bb50b
2025-10-30T14:42:32.020128+00:00,170b18cbf41ee291c75f792ed5fc739abeadb439756bcb3ac8f34342f2d81e2e
2025-10-30T14:42:32.156069+00:00,377bb65c9ced830155502b556d7b2c72ba5b05c7f9752e8e605477cac7ac6d6c
2025-10-30T14:42:32.287655+00:00,8b857123c35a09a1b35b3d21baebe3bb5b6c9de30d74bc4b792aef6cd17f95e7
2025-10-30T14:42:32.425965+00:00,286cf84088cafa8c6b87fb99c8b5d873a4858890521588ed4a319f657a8b699e
2025-10-30T14:42:32.557265+00:00,9092061ef321f69cde62e3ddf8b05347d2fc5da2c4fa7ce563e89c77b898e506
2025-10-30T14:42:32.696428+00:00,81a270f78013a69a825d3c789b4e329813c9afa1b97b0d6abf743dba0d9b23ef
2025-10-30T14:42:33.046320+00:00,4a7e9591ac102c3ce53f187a0002179d72df35f1d7b2b0bf5a297b362a1f28d1
2025-10-30T14:42:33.182665+00:00,1307ce5deba0d23523561ea2c0f97805512cc81ae7548e18d39bb6367943889e
2025-10-30T14:42:33.316567+00:00,7507766f7b2e3ce038bc9c92d423172d69823641be361bfa390492d5455762e7
2025-10-30T14:42:33.448575+00:00,5942c2d53cebb1f679778f679636cdefe53641a1237d6bb03881604894b818e3
2025-10-30T14:42:33.598822+00:00,c3fd5e26d5e9abe8a486f1b2a92b89b1bdc9a745779344a1e5de50923d2a497e
2025-10-30T14:42:33.730615+00:00,b247e4914b26763518521c3e92e7c1eb5ea32eb8cbbdbd7bb420d9d1b5f98041
2025-10-30T14:42:33.863858+00:00,a58240a98d6160a18f3b0b545be19b9c575a2169c244cb7c3b14576ca1c13457
2025-10-30T14:42:33.997889+00:00,5b4880d4333b156c7966eb5af591dad0a84d53d932200cbbec1bb0c0808cc6c8
2025-10-30T14:42:34.129803+00:00,65f9f903a50b5de24ec290763b30985fb4ece0772e2d9c89625a60fe0e96a64c
2025-10-30T14:42:34.262138+00:00,faacc503ef186772d70f82b0f4d9ea3c3cc934b62e373fb443ff0ebd4b7837c0
2025-10-30T14:42:34.392827+00:00,1df64802e5358adc7aad5e61eb7c3343ced212772c26405e8ea0da8878137c29
2025-10-30T14:42:34.526941+00:00,9a688c3184daf2b7e9375f55ba91effbacff99a7098e304bfbe74ca4171be5a3
2025-10-30T14:42:34.660284+00:00,bf18d575e36a91a9683272d2d53055816dc338dbe22b7fc0d0c0b72e52b991b5
2025-10-30T14:42:34.793376+00:00,e2beff9531eb788ebbb9c3495f78ae14e8ba9483efd1f92cd1c403c2ab2d8bcd
2025-10-30T14:42:34.925940+00:00,46043c732fa81510e83f43c54f894f9ae77061c6e5babea4e906bac71476369f
2025-10-30T14:42:35.058969+00:00,cd9ae909c81de9ac560101a14d2ff8846bee5063fe1e5bd726a556c428b8ebf8
2025-10-30T14:42:35.195689+00:00,bf010d40111ad91a8a16d8f1cb40cba2e48e0e0382dcb606cde6b8d5d5482fe2
2025-10-30T14:42:35.329807+00:00,e1638255c0014122cc6cefc0c6abf6ecad205bd169ae3780922b80b1fd06e230
2025-10-30T14:42:35.463141+00:00,a5f0dad98aea6fc110c59803231dd0c62598bc1cb3bea4b19d3d8d4a8bfd7673
2025-10-30T14:42:35.599900+00:00,6608ac380457b64032747b966453b3b2f95e0818afbb234c6034522793ede2c6
2025-10-30T14:42:35.733925+00:00,5f602205cb6e7502b1ec5695cd837dcc19212ba70323d92fbf75e709d5450f52
2025-10-30T14:42:35.866674+00:00,ce96472a18b57a9be188c7eb727de0b7c522a39820f35f9e3acc4e1d09cb4262
2025-10-30T14:42:36.008856+00:00,eb485fccda96b1e4270354445aaf6d372fd3e8b124b984cbaa0ea472a9d8c951
2025-10-30T14:42:36.140287+00:00,1354e85c2aa81c4ca30f139378487a350294f8b7d86806015517ac196236508e
2025-10-30T14:42:36.272843+00:00,cf776731531ac09de71a994402bee6f44984be3ce9a057b1a244c84adf5cb655
2025-10-30T14:42:36.409433+00:00,e438254ca3f03cc2d163a09539d5ce5f00705524bc5abe73680e897ce10d3ff7
2025-10-30T14:42:36.539705+00:00,be3b941480a55bd6b785116fde1e83e1db667d8ad54ad0cf4c284dca35b99296
2025-10-30T14:42:36.672511+00:00,bbb05d74f1dee0d45222700972c79204df07bea13b5035d53267bda0b8c5a3cb
2025-10-30T14:42:36.809769+00:00,18fc6eac2d8c6f6341a7b5733e403835c335490317cca9f68d38400e84bd0a0b
2025-10-30T14:42:36.941044+00:00,0af04e93d4a9c42b040345f35d23358f5c59ba54670de903815bb76c834d726d
2025-10-30T14:42:37.076179+00:00,8fb43cf7b87a5ba00e5632960ac7ad84fbbe005427955b91f72a65cdc720b5a8
2025-10-30T14:42:37.208120+00:00,a5380b4542549ff45103b39836c41b7f34b5e0d0ef49f0cfbb020894c47dfc80
2025-10-30T14:42:37.346786+00:00,7fb8d3a1d8691e61bb005cdf3babc274897964fb5120ec15fc34d10b853d0bea
2025-10-30T14:42:37.482477+00:00,1edcbda6a7007d9b5373c8697039a4e1e1c61d1debc6f15754aaa3d62e556a89
2025-10-30T14:42:37.645097+00:00,67233680e105ad84ccf680d24c654f6e206a7581ad8a2b8f01197cdb99db217b
