2025-10-09T04:08:16Z Warning: reindex=1 is set in the configuration file, which will significantly slow down startup. Consider removing or commenting out this option for better performance, unless there is currently a condition which makes rebuilding the indexes necessary
2025-10-09T04:08:16Z Bitcoin Core version v27.0.0 (release build)
2025-10-09T04:08:16Z Script verification uses 7 additional threads
2025-10-09T04:08:16Z Using the 'arm_shani(1way,2way)' SHA256 implementation
2025-10-09T04:08:16Z Default data directory /home/bitcoin/.bitcoin
2025-10-09T04:08:16Z Using data directory /home/bitcoin/.bitcoin/regtest
2025-10-09T04:08:16Z Config file: /home/bitcoin/.bitcoin/bitcoin.conf
2025-10-09T04:08:16Z Config file arg: [regtest] fallbackfee="0.0002"
2025-10-09T04:08:16Z Config file arg: [regtest] maxmempool="500"
2025-10-09T04:08:16Z Config file arg: [regtest] reindex="1"
2025-10-09T04:08:16Z Config file arg: [regtest] rpcallowip="0.0.0.0/0"
2025-10-09T04:08:16Z Config file arg: [regtest] rpcbind="0.0.0.0"
2025-10-09T04:08:16Z Config file arg: [regtest] rpcpassword=****
2025-10-09T04:08:16Z Config file arg: [regtest] rpcuser=****
2025-10-09T04:08:16Z Config file arg: [regtest] server="1"
2025-10-09T04:08:16Z Command-line arg: connect="node11:18444"
2025-10-09T04:08:16Z Command-line arg: datadir="/home/bitcoin/.bitcoin"
2025-10-09T04:08:16Z Command-line arg: discover="1"
2025-10-09T04:08:16Z Command-line arg: dnsseed="0"
2025-10-09T04:08:16Z Command-line arg: listen="1"
2025-10-09T04:08:16Z Command-line arg: maxconnections="64"
2025-10-09T04:08:16Z Command-line arg: printtoconsole="1"
2025-10-09T04:08:16Z Command-line arg: regtest="1"
2025-10-09T04:08:16Z Command-line arg: rpcallowip="0.0.0.0/0"
2025-10-09T04:08:16Z Command-line arg: rpcbind="0.0.0.0"
2025-10-09T04:08:16Z Command-line arg: rpcpassword=****
2025-10-09T04:08:16Z Command-line arg: rpcuser=****
2025-10-09T04:08:16Z Command-line arg: server="1"
2025-10-09T04:08:16Z Command-line arg: txindex="1"
2025-10-09T04:08:16Z Command-line arg: zmqpubhashblock="tcp://0.0.0.0:28332"
2025-10-09T04:08:16Z Command-line arg: zmqpubhashtx="tcp://0.0.0.0:28333"
2025-10-09T04:08:16Z Using at most 64 automatic connections (1048576 file descriptors available)
2025-10-09T04:08:16Z Using 16 MiB out of 16 MiB requested for signature cache, able to store 524288 elements
2025-10-09T04:08:16Z Using 16 MiB out of 16 MiB requested for script execution cache, able to store 524288 elements
2025-10-09T04:08:16Z scheduler thread start
2025-10-09T04:08:16Z Binding RPC on address 0.0.0.0 port 18443
2025-10-09T04:08:16Z WARNING: the RPC server is not safe to expose to untrusted networks such as the public internet
2025-10-09T04:08:16Z Binding RPC on address 0.0.0.0 port 18443
2025-10-09T04:08:16Z Binding RPC on address 0.0.0.0 port 18443 failed.
2025-10-09T04:08:16Z Config options rpcuser and rpcpassword will soon be deprecated. Locally-run instances may remove rpcuser to use cookie-based auth, or may be replaced with rpcauth. Please see share/rpcauth for rpcauth auth generation.
2025-10-09T04:08:16Z Starting HTTP server with 4 worker threads
2025-10-09T04:08:16Z Using wallet directory /home/bitcoin/.bitcoin/regtest/wallets
2025-10-09T04:08:16Z init message: Verifying wallet(s)…
2025-10-09T04:08:16Z Using /16 prefix for IP bucketing
2025-10-09T04:08:16Z init message: Loading P2P addresses…
2025-10-09T04:08:16Z Creating peers.dat because the file was not found ("/home/bitcoin/.bitcoin/regtest/peers.dat")
2025-10-09T04:08:16Z init message: Loading banlist…
2025-10-09T04:08:16Z Recreating the banlist database
2025-10-09T04:08:16Z SetNetworkActive: true
2025-10-09T04:08:16Z /home/bitcoin/.bitcoin/regtest/fee_estimates.dat is not found. Continue anyway.
2025-10-09T04:08:16Z Script verification uses 7 additional threads
2025-10-09T04:08:16Z Cache configuration:
2025-10-09T04:08:16Z * Using 2.0 MiB for block index database
2025-10-09T04:08:16Z * Using 56.0 MiB for transaction index database
2025-10-09T04:08:16Z * Using 8.0 MiB for chain state database
2025-10-09T04:08:16Z * Using 384.0 MiB for in-memory UTXO set (plus up to 476.8 MiB of unused mempool space)
2025-10-09T04:08:16Z init message: Loading block index…
2025-10-09T04:08:16Z Validating signatures for all blocks.
2025-10-09T04:08:16Z Setting nMinimumChainWork=0000000000000000000000000000000000000000000000000000000000000000
2025-10-09T04:08:16Z Wiping LevelDB in /home/bitcoin/.bitcoin/regtest/blocks/index
2025-10-09T04:08:16Z Opening LevelDB in /home/bitcoin/.bitcoin/regtest/blocks/index
2025-10-09T04:08:16Z Opened LevelDB successfully
2025-10-09T04:08:16Z Using obfuscation key for /home/bitcoin/.bitcoin/regtest/blocks/index: 0000000000000000
2025-10-09T04:08:16Z Initializing databases...
2025-10-09T04:08:16Z Initializing chainstate Chainstate [ibd] @ height -1 (null)
2025-10-09T04:08:16Z Wiping LevelDB in /home/bitcoin/.bitcoin/regtest/chainstate
2025-10-09T04:08:16Z Opening LevelDB in /home/bitcoin/.bitcoin/regtest/chainstate
2025-10-09T04:08:16Z Opened LevelDB successfully
2025-10-09T04:08:16Z Wrote new obfuscate key for /home/bitcoin/.bitcoin/regtest/chainstate: 532caafac9ce8461
2025-10-09T04:08:16Z Using obfuscation key for /home/bitcoin/.bitcoin/regtest/chainstate: 532caafac9ce8461
2025-10-09T04:08:16Z Opening LevelDB in /home/bitcoin/.bitcoin/regtest/chainstate
2025-10-09T04:08:16Z Opened LevelDB successfully
2025-10-09T04:08:16Z Using obfuscation key for /home/bitcoin/.bitcoin/regtest/chainstate: 532caafac9ce8461
2025-10-09T04:08:16Z [Chainstate [ibd] @ height -1 (null)] resized coinsdb cache to 8.0 MiB
2025-10-09T04:08:16Z [Chainstate [ibd] @ height -1 (null)] resized coinstip cache to 384.0 MiB
2025-10-09T04:08:16Z init message: Verifying blocks…
2025-10-09T04:08:16Z  block index              10ms
2025-10-09T04:08:17Z Wiping LevelDB in /home/bitcoin/.bitcoin/regtest/indexes/txindex
2025-10-09T04:08:17Z Opening LevelDB in /home/bitcoin/.bitcoin/regtest/indexes/txindex
2025-10-09T04:08:17Z Opened LevelDB successfully
2025-10-09T04:08:17Z Using obfuscation key for /home/bitcoin/.bitcoin/regtest/indexes/txindex: 0000000000000000
2025-10-09T04:08:17Z Setting NODE_NETWORK on non-prune mode
2025-10-09T04:08:17Z initload thread start
2025-10-09T04:08:17Z Reindexing finished
2025-10-09T04:08:17Z UpdateTip: new best=0f9188f13cb7b2c71f2a335e3a4fc328bf5beb436012afca590b1a11466e2206 height=0 version=0x00000001 log2_work=1.000000 tx=1 date='2011-02-02T23:16:42Z' progress=1.000000 cache=0.3MiB(0txo)
2025-10-09T04:08:17Z block tree size = 1
2025-10-09T04:08:17Z nBestHeight = 0
2025-10-09T04:08:17Z txindex thread start
2025-10-09T04:08:17Z txindex is enabled
2025-10-09T04:08:17Z txindex thread exit
2025-10-09T04:08:17Z Failed to open mempool file from disk. Continuing anyway.
2025-10-09T04:08:17Z initload thread exit
2025-10-09T04:08:17Z torcontrol thread start
2025-10-09T04:08:17Z Bound to 127.0.0.1:18445
2025-10-09T04:08:17Z Bound to [::]:18444
2025-10-09T04:08:17Z Bound to 0.0.0.0:18444
2025-10-09T04:08:17Z init message: Starting network threads…
2025-10-09T04:08:17Z DNS seeding disabled
2025-10-09T04:08:17Z net thread start
2025-10-09T04:08:17Z init message: Done loading
2025-10-09T04:08:17Z addcon thread start
2025-10-09T04:08:17Z msghand thread start
2025-10-09T04:08:17Z opencon thread start
2025-10-09T04:08:17Z New manual v2 peer connected: version: 70016, blocks=0, peer=0
2025-10-09T04:08:24Z Synchronizing blockheaders, height: 5 (~100.00%)
2025-10-09T04:08:24Z Leaving InitialBlockDownload (latching to false)
2025-10-09T04:08:24Z UpdateTip: new best=1bd559f5a18d4dd4769f53008b55dd592434058b8d52213467a7891ca37fc175 height=1 version=0x20000000 log2_work=2.000000 tx=2 date='2025-10-09T04:08:24Z' progress=1.000000 cache=0.3MiB(1txo)
2025-10-09T04:08:24Z UpdateTip: new best=6c3093b9e230fde985b7a7d014a123231214dab61afc494be82148cb62261fbc height=2 version=0x20000000 log2_work=2.584963 tx=3 date='2025-10-09T04:08:25Z' progress=1.000000 cache=0.3MiB(2txo)
2025-10-09T04:08:24Z UpdateTip: new best=2fe017b901bfaaa41645de90d1ff9aa8578f2129f23dbdf9a7ea9ef240e645d4 height=3 version=0x20000000 log2_work=3.000000 tx=4 date='2025-10-09T04:08:25Z' progress=1.000000 cache=0.3MiB(3txo)
2025-10-09T04:08:24Z UpdateTip: new best=7673963a705c542bf00dfdd9a2fd926b7221d5d2a5955f607a6ac99a57dc8d10 height=4 version=0x20000000 log2_work=3.321928 tx=5 date='2025-10-09T04:08:26Z' progress=1.000000 cache=0.3MiB(4txo)
2025-10-09T04:08:24Z UpdateTip: new best=637e5e13c2c39ca342662d54a5ea57b170db3f4685009a77b08272397d6d940e height=5 version=0x20000000 log2_work=3.584963 tx=6 date='2025-10-09T04:08:26Z' progress=1.000000 cache=0.3MiB(5txo)
2025-10-09T04:08:24Z Saw new header hash=21941d79beaeba5feb3905ff5ad7558505ab90ce98b893f65e152d1e11362088 height=6
2025-10-09T04:08:24Z Saw new cmpctblock header hash=21941d79beaeba5feb3905ff5ad7558505ab90ce98b893f65e152d1e11362088 peer=0
2025-10-09T04:08:24Z UpdateTip: new best=21941d79beaeba5feb3905ff5ad7558505ab90ce98b893f65e152d1e11362088 height=6 version=0x20000000 log2_work=3.807355 tx=7 date='2025-10-09T04:08:26Z' progress=1.000000 cache=0.3MiB(6txo)
2025-10-09T04:08:24Z Saw new header hash=1a77b3416670f48cd66c044584c6ea70e6c5ae60e96fc9d76d5d383d5845ce98 height=7
2025-10-09T04:08:24Z Saw new cmpctblock header hash=1a77b3416670f48cd66c044584c6ea70e6c5ae60e96fc9d76d5d383d5845ce98 peer=0
2025-10-09T04:08:24Z UpdateTip: new best=1a77b3416670f48cd66c044584c6ea70e6c5ae60e96fc9d76d5d383d5845ce98 height=7 version=0x20000000 log2_work=4.000000 tx=8 date='2025-10-09T04:08:26Z' progress=1.000000 cache=0.3MiB(7txo)
2025-10-09T04:08:24Z Saw new header hash=738dcd1908e9af35c09488f08259da56e7a0408c3c39c0ad072f68249deca835 height=8
2025-10-09T04:08:24Z Saw new cmpctblock header hash=738dcd1908e9af35c09488f08259da56e7a0408c3c39c0ad072f68249deca835 peer=0
2025-10-09T04:08:24Z UpdateTip: new best=738dcd1908e9af35c09488f08259da56e7a0408c3c39c0ad072f68249deca835 height=8 version=0x20000000 log2_work=4.169925 tx=9 date='2025-10-09T04:08:27Z' progress=1.000000 cache=0.3MiB(8txo)
2025-10-09T04:08:24Z Saw new header hash=6a5357ac691fbb85a420af07775ebc7593a3e3f3fcc7868ccfe62e1f96a6c3c6 height=9
2025-10-09T04:08:24Z Saw new cmpctblock header hash=6a5357ac691fbb85a420af07775ebc7593a3e3f3fcc7868ccfe62e1f96a6c3c6 peer=0
2025-10-09T04:08:24Z UpdateTip: new best=6a5357ac691fbb85a420af07775ebc7593a3e3f3fcc7868ccfe62e1f96a6c3c6 height=9 version=0x20000000 log2_work=4.321928 tx=10 date='2025-10-09T04:08:27Z' progress=1.000000 cache=0.3MiB(9txo)
2025-10-09T04:08:24Z Saw new header hash=00b7f27076cdd0907192e4d9a7acde9b224db58c01089a0c28840e1f7f4a8b3b height=10
2025-10-09T04:08:24Z Saw new cmpctblock header hash=00b7f27076cdd0907192e4d9a7acde9b224db58c01089a0c28840e1f7f4a8b3b peer=0
2025-10-09T04:08:24Z UpdateTip: new best=00b7f27076cdd0907192e4d9a7acde9b224db58c01089a0c28840e1f7f4a8b3b height=10 version=0x20000000 log2_work=4.459432 tx=11 date='2025-10-09T04:08:27Z' progress=1.000000 cache=0.3MiB(10txo)
2025-10-09T04:08:24Z Saw new header hash=22205afc7146868dcc1acdf42aecc2f5fa6b9f4d8df4ef9f8505b7c5c8159110 height=11
2025-10-09T04:08:24Z Saw new cmpctblock header hash=22205afc7146868dcc1acdf42aecc2f5fa6b9f4d8df4ef9f8505b7c5c8159110 peer=0
2025-10-09T04:08:24Z UpdateTip: new best=22205afc7146868dcc1acdf42aecc2f5fa6b9f4d8df4ef9f8505b7c5c8159110 height=11 version=0x20000000 log2_work=4.584963 tx=12 date='2025-10-09T04:08:27Z' progress=1.000000 cache=0.3MiB(11txo)
2025-10-09T04:08:24Z Saw new header hash=14f39f7f20bc7897d7655769e2202df34087ae0719327e3402e1c8bafa8b74d0 height=12
2025-10-09T04:08:24Z Saw new cmpctblock header hash=14f39f7f20bc7897d7655769e2202df34087ae0719327e3402e1c8bafa8b74d0 peer=0
2025-10-09T04:08:24Z UpdateTip: new best=14f39f7f20bc7897d7655769e2202df34087ae0719327e3402e1c8bafa8b74d0 height=12 version=0x20000000 log2_work=4.700440 tx=13 date='2025-10-09T04:08:27Z' progress=1.000000 cache=0.3MiB(12txo)
2025-10-09T04:08:24Z Saw new header hash=5241548d9b6fc7b1e95ffb44e3fffdd2d9f32c32036d90c755f33bac4f9d2863 height=13
2025-10-09T04:08:24Z Saw new cmpctblock header hash=5241548d9b6fc7b1e95ffb44e3fffdd2d9f32c32036d90c755f33bac4f9d2863 peer=0
2025-10-09T04:08:24Z UpdateTip: new best=5241548d9b6fc7b1e95ffb44e3fffdd2d9f32c32036d90c755f33bac4f9d2863 height=13 version=0x20000000 log2_work=4.807355 tx=14 date='2025-10-09T04:08:27Z' progress=1.000000 cache=0.3MiB(13txo)
2025-10-09T04:08:24Z Saw new header hash=6278aab65caf1b6fd8528473e20a85bc5da4177e12c69f1abdd9329e9cec1ee2 height=14
2025-10-09T04:08:24Z Saw new cmpctblock header hash=6278aab65caf1b6fd8528473e20a85bc5da4177e12c69f1abdd9329e9cec1ee2 peer=0
2025-10-09T04:08:24Z UpdateTip: new best=6278aab65caf1b6fd8528473e20a85bc5da4177e12c69f1abdd9329e9cec1ee2 height=14 version=0x20000000 log2_work=4.906891 tx=15 date='2025-10-09T04:08:28Z' progress=1.000000 cache=0.3MiB(14txo)
2025-10-09T04:08:24Z Saw new header hash=5b5be5967361a9d290ddfb2c1f021c70279f4eeadb762c9c285060b2a99c95e4 height=15
2025-10-09T04:08:24Z Saw new cmpctblock header hash=5b5be5967361a9d290ddfb2c1f021c70279f4eeadb762c9c285060b2a99c95e4 peer=0
2025-10-09T04:08:24Z UpdateTip: new best=5b5be5967361a9d290ddfb2c1f021c70279f4eeadb762c9c285060b2a99c95e4 height=15 version=0x20000000 log2_work=5.000000 tx=16 date='2025-10-09T04:08:28Z' progress=1.000000 cache=0.3MiB(15txo)
2025-10-09T04:08:24Z Saw new header hash=471fee9c7c85cad6dbbf7b52b8078c82aafc6db7375ef013a7aaf97ad29a77b7 height=16
2025-10-09T04:08:24Z Saw new cmpctblock header hash=471fee9c7c85cad6dbbf7b52b8078c82aafc6db7375ef013a7aaf97ad29a77b7 peer=0
2025-10-09T04:08:24Z UpdateTip: new best=471fee9c7c85cad6dbbf7b52b8078c82aafc6db7375ef013a7aaf97ad29a77b7 height=16 version=0x20000000 log2_work=5.087463 tx=17 date='2025-10-09T04:08:28Z' progress=1.000000 cache=0.3MiB(16txo)
2025-10-09T04:08:24Z Saw new header hash=05eddb47721d5b85272c0629d53b560ef976082f65097783b7e58bb7548975cc height=17
2025-10-09T04:08:24Z Saw new cmpctblock header hash=05eddb47721d5b85272c0629d53b560ef976082f65097783b7e58bb7548975cc peer=0
2025-10-09T04:08:24Z UpdateTip: new best=05eddb47721d5b85272c0629d53b560ef976082f65097783b7e58bb7548975cc height=17 version=0x20000000 log2_work=5.169925 tx=18 date='2025-10-09T04:08:28Z' progress=1.000000 cache=0.3MiB(17txo)
2025-10-09T04:08:24Z Saw new header hash=084a4ae0aae83db9149c709fe5f28c27989748f2c6bc20be3b2e55c91eefbb7d height=18
2025-10-09T04:08:24Z Saw new cmpctblock header hash=084a4ae0aae83db9149c709fe5f28c27989748f2c6bc20be3b2e55c91eefbb7d peer=0
2025-10-09T04:08:24Z UpdateTip: new best=084a4ae0aae83db9149c709fe5f28c27989748f2c6bc20be3b2e55c91eefbb7d height=18 version=0x20000000 log2_work=5.247928 tx=19 date='2025-10-09T04:08:28Z' progress=1.000000 cache=0.3MiB(18txo)
2025-10-09T04:08:24Z Saw new header hash=05838ed39bcb2e89e537d806af74961a494499703ffff7470c80cdf8287af106 height=19
2025-10-09T04:08:24Z Saw new cmpctblock header hash=05838ed39bcb2e89e537d806af74961a494499703ffff7470c80cdf8287af106 peer=0
2025-10-09T04:08:24Z UpdateTip: new best=05838ed39bcb2e89e537d806af74961a494499703ffff7470c80cdf8287af106 height=19 version=0x20000000 log2_work=5.321928 tx=20 date='2025-10-09T04:08:28Z' progress=1.000000 cache=0.3MiB(19txo)
2025-10-09T04:08:24Z Saw new header hash=347ef37850c2a60377eb59cb5c5fc066f0d81c28d4ac2ad7c5983b4d19a8a814 height=20
2025-10-09T04:08:24Z Saw new cmpctblock header hash=347ef37850c2a60377eb59cb5c5fc066f0d81c28d4ac2ad7c5983b4d19a8a814 peer=0
2025-10-09T04:08:24Z UpdateTip: new best=347ef37850c2a60377eb59cb5c5fc066f0d81c28d4ac2ad7c5983b4d19a8a814 height=20 version=0x20000000 log2_work=5.392317 tx=21 date='2025-10-09T04:08:29Z' progress=1.000000 cache=0.3MiB(20txo)
2025-10-09T04:08:24Z Saw new header hash=1ffb6a32465be2e1ad338a7bfe2c7fc1a360052dff429b84426d75511f3675c2 height=21
2025-10-09T04:08:24Z Saw new cmpctblock header hash=1ffb6a32465be2e1ad338a7bfe2c7fc1a360052dff429b84426d75511f3675c2 peer=0
2025-10-09T04:08:24Z UpdateTip: new best=1ffb6a32465be2e1ad338a7bfe2c7fc1a360052dff429b84426d75511f3675c2 height=21 version=0x20000000 log2_work=5.459432 tx=22 date='2025-10-09T04:08:29Z' progress=1.000000 cache=0.3MiB(21txo)
2025-10-09T04:08:24Z Saw new header hash=2def3497fc84e2588a21630d1170cf70ce899cc18384b48123f346844f8f579e height=22
2025-10-09T04:08:24Z Saw new cmpctblock header hash=2def3497fc84e2588a21630d1170cf70ce899cc18384b48123f346844f8f579e peer=0
2025-10-09T04:08:24Z UpdateTip: new best=2def3497fc84e2588a21630d1170cf70ce899cc18384b48123f346844f8f579e height=22 version=0x20000000 log2_work=5.523562 tx=23 date='2025-10-09T04:08:29Z' progress=1.000000 cache=0.3MiB(22txo)
2025-10-09T04:08:24Z Saw new header hash=41e5ef820a3a323b930373cd92b4037d6f5b0360f04ba93b74bcbd009ab63724 height=23
2025-10-09T04:08:24Z Saw new cmpctblock header hash=41e5ef820a3a323b930373cd92b4037d6f5b0360f04ba93b74bcbd009ab63724 peer=0
2025-10-09T04:08:24Z UpdateTip: new best=41e5ef820a3a323b930373cd92b4037d6f5b0360f04ba93b74bcbd009ab63724 height=23 version=0x20000000 log2_work=5.584963 tx=24 date='2025-10-09T04:08:29Z' progress=1.000000 cache=0.3MiB(23txo)
2025-10-09T04:08:24Z Saw new header hash=3904ba8e63ae3d9da6b13bfa9306854a6f59220e5027dd2006f34aa18d2160d5 height=24
2025-10-09T04:08:24Z Saw new cmpctblock header hash=3904ba8e63ae3d9da6b13bfa9306854a6f59220e5027dd2006f34aa18d2160d5 peer=0
2025-10-09T04:08:24Z UpdateTip: new best=3904ba8e63ae3d9da6b13bfa9306854a6f59220e5027dd2006f34aa18d2160d5 height=24 version=0x20000000 log2_work=5.643856 tx=25 date='2025-10-09T04:08:29Z' progress=1.000000 cache=0.3MiB(24txo)
2025-10-09T04:08:24Z Saw new header hash=300d95f9e0613de9f8cc9de0f4567c0175466f8bf00002a492860b2441aa611a height=25
2025-10-09T04:08:24Z Saw new cmpctblock header hash=300d95f9e0613de9f8cc9de0f4567c0175466f8bf00002a492860b2441aa611a peer=0
2025-10-09T04:08:24Z UpdateTip: new best=300d95f9e0613de9f8cc9de0f4567c0175466f8bf00002a492860b2441aa611a height=25 version=0x20000000 log2_work=5.700440 tx=26 date='2025-10-09T04:08:29Z' progress=1.000000 cache=0.3MiB(25txo)
2025-10-09T04:08:24Z Saw new header hash=30266c566d85d926376781b09c46726549001260c83a8ec8112baddba7639dd8 height=26
2025-10-09T04:08:24Z Saw new cmpctblock header hash=30266c566d85d926376781b09c46726549001260c83a8ec8112baddba7639dd8 peer=0
2025-10-09T04:08:24Z UpdateTip: new best=30266c566d85d926376781b09c46726549001260c83a8ec8112baddba7639dd8 height=26 version=0x20000000 log2_work=5.754888 tx=27 date='2025-10-09T04:08:30Z' progress=1.000000 cache=0.3MiB(26txo)
2025-10-09T04:08:24Z Saw new header hash=636468b17e0303a189423b37351746a348436fe1274bb7ab866838e486fc0668 height=27
2025-10-09T04:08:24Z Saw new cmpctblock header hash=636468b17e0303a189423b37351746a348436fe1274bb7ab866838e486fc0668 peer=0
2025-10-09T04:08:24Z UpdateTip: new best=636468b17e0303a189423b37351746a348436fe1274bb7ab866838e486fc0668 height=27 version=0x20000000 log2_work=5.807355 tx=28 date='2025-10-09T04:08:30Z' progress=1.000000 cache=0.3MiB(27txo)
2025-10-09T04:08:24Z Saw new header hash=423ff77a31febde48e0089e2276d0dcfdee86f85f0821e002df06bbdd744afbd height=28
2025-10-09T04:08:24Z Saw new cmpctblock header hash=423ff77a31febde48e0089e2276d0dcfdee86f85f0821e002df06bbdd744afbd peer=0
2025-10-09T04:08:24Z UpdateTip: new best=423ff77a31febde48e0089e2276d0dcfdee86f85f0821e002df06bbdd744afbd height=28 version=0x20000000 log2_work=5.857981 tx=29 date='2025-10-09T04:08:30Z' progress=1.000000 cache=0.3MiB(28txo)
2025-10-09T04:08:24Z Saw new header hash=111a318e3ca7bf0bf6cd4f025234e7544b850f6aa10921c10c3b7fb2c3a5f794 height=29
2025-10-09T04:08:24Z Saw new cmpctblock header hash=111a318e3ca7bf0bf6cd4f025234e7544b850f6aa10921c10c3b7fb2c3a5f794 peer=0
2025-10-09T04:08:24Z UpdateTip: new best=111a318e3ca7bf0bf6cd4f025234e7544b850f6aa10921c10c3b7fb2c3a5f794 height=29 version=0x20000000 log2_work=5.906891 tx=30 date='2025-10-09T04:08:30Z' progress=1.000000 cache=0.3MiB(29txo)
2025-10-09T04:08:24Z Saw new header hash=70ef9e7d13d69b4c09414679546319f6e4eda7ccb11ca44f820470af0f3c2677 height=30
2025-10-09T04:08:24Z Saw new cmpctblock header hash=70ef9e7d13d69b4c09414679546319f6e4eda7ccb11ca44f820470af0f3c2677 peer=0
2025-10-09T04:08:24Z UpdateTip: new best=70ef9e7d13d69b4c09414679546319f6e4eda7ccb11ca44f820470af0f3c2677 height=30 version=0x20000000 log2_work=5.954196 tx=31 date='2025-10-09T04:08:30Z' progress=1.000000 cache=0.3MiB(30txo)
2025-10-09T04:08:24Z Saw new header hash=0180d5245616939bf764f6a501fef191ff9b6f8c3ae915db852b73c039c3fb2b height=31
2025-10-09T04:08:24Z Saw new cmpctblock header hash=0180d5245616939bf764f6a501fef191ff9b6f8c3ae915db852b73c039c3fb2b peer=0
2025-10-09T04:08:24Z UpdateTip: new best=0180d5245616939bf764f6a501fef191ff9b6f8c3ae915db852b73c039c3fb2b height=31 version=0x20000000 log2_work=6.000000 tx=32 date='2025-10-09T04:08:30Z' progress=1.000000 cache=0.3MiB(31txo)
2025-10-09T04:08:24Z Saw new header hash=1d1d19f95dcf73399c699b6baee6345c4f1283220a6e6843cf286e37baa5d72f height=32
2025-10-09T04:08:24Z Saw new cmpctblock header hash=1d1d19f95dcf73399c699b6baee6345c4f1283220a6e6843cf286e37baa5d72f peer=0
2025-10-09T04:08:24Z UpdateTip: new best=1d1d19f95dcf73399c699b6baee6345c4f1283220a6e6843cf286e37baa5d72f height=32 version=0x20000000 log2_work=6.044394 tx=33 date='2025-10-09T04:08:31Z' progress=1.000000 cache=0.3MiB(32txo)
2025-10-09T04:08:24Z Saw new header hash=68d5a26d6ed391c5139fc23f8e31da0e0b391c7e5b6eddd52f073b6b67000193 height=33
2025-10-09T04:08:24Z Saw new cmpctblock header hash=68d5a26d6ed391c5139fc23f8e31da0e0b391c7e5b6eddd52f073b6b67000193 peer=0
2025-10-09T04:08:24Z UpdateTip: new best=68d5a26d6ed391c5139fc23f8e31da0e0b391c7e5b6eddd52f073b6b67000193 height=33 version=0x20000000 log2_work=6.087463 tx=34 date='2025-10-09T04:08:31Z' progress=1.000000 cache=0.3MiB(33txo)
2025-10-09T04:08:24Z Saw new header hash=20e7456b638c9f607e5a34dbf52102d70822e9ab9eb95b0f61d309821c4ea82e height=34
2025-10-09T04:08:24Z Saw new cmpctblock header hash=20e7456b638c9f607e5a34dbf52102d70822e9ab9eb95b0f61d309821c4ea82e peer=0
2025-10-09T04:08:24Z UpdateTip: new best=20e7456b638c9f607e5a34dbf52102d70822e9ab9eb95b0f61d309821c4ea82e height=34 version=0x20000000 log2_work=6.129283 tx=35 date='2025-10-09T04:08:31Z' progress=1.000000 cache=0.3MiB(34txo)
2025-10-09T04:08:24Z Saw new header hash=3d5ce66ce24635c0f2a345c2106bd4fcde1ac160ced5376afafa6587174ebc4d height=35
2025-10-09T04:08:24Z Saw new cmpctblock header hash=3d5ce66ce24635c0f2a345c2106bd4fcde1ac160ced5376afafa6587174ebc4d peer=0
2025-10-09T04:08:24Z UpdateTip: new best=3d5ce66ce24635c0f2a345c2106bd4fcde1ac160ced5376afafa6587174ebc4d height=35 version=0x20000000 log2_work=6.169925 tx=36 date='2025-10-09T04:08:31Z' progress=1.000000 cache=0.3MiB(35txo)
2025-10-09T04:08:24Z Saw new header hash=5cf22ed96b833e7bcb0dcf459625eb70f82af6e68768476ee48f1f917b8c0a78 height=36
2025-10-09T04:08:24Z Saw new cmpctblock header hash=5cf22ed96b833e7bcb0dcf459625eb70f82af6e68768476ee48f1f917b8c0a78 peer=0
2025-10-09T04:08:24Z UpdateTip: new best=5cf22ed96b833e7bcb0dcf459625eb70f82af6e68768476ee48f1f917b8c0a78 height=36 version=0x20000000 log2_work=6.209453 tx=37 date='2025-10-09T04:08:31Z' progress=1.000000 cache=0.3MiB(36txo)
2025-10-09T04:08:24Z Saw new header hash=21b8be6c2ea8502d2a84a4b9683fa1dc646264b99b0c55e7172e1a163d29f2f3 height=37
2025-10-09T04:08:24Z Saw new cmpctblock header hash=21b8be6c2ea8502d2a84a4b9683fa1dc646264b99b0c55e7172e1a163d29f2f3 peer=0
2025-10-09T04:08:24Z UpdateTip: new best=21b8be6c2ea8502d2a84a4b9683fa1dc646264b99b0c55e7172e1a163d29f2f3 height=37 version=0x20000000 log2_work=6.247928 tx=38 date='2025-10-09T04:08:31Z' progress=1.000000 cache=0.3MiB(37txo)
2025-10-09T04:08:24Z Saw new header hash=008d4144b7eac7d07e78a10b428c54e0b3fff7fb1113ae5a1288d0b1098179a1 height=38
2025-10-09T04:08:24Z Saw new cmpctblock header hash=008d4144b7eac7d07e78a10b428c54e0b3fff7fb1113ae5a1288d0b1098179a1 peer=0
2025-10-09T04:08:24Z UpdateTip: new best=008d4144b7eac7d07e78a10b428c54e0b3fff7fb1113ae5a1288d0b1098179a1 height=38 version=0x20000000 log2_work=6.285402 tx=39 date='2025-10-09T04:08:32Z' progress=1.000000 cache=0.3MiB(38txo)
2025-10-09T04:08:24Z Saw new header hash=22cabb684c2c291d1044980613ffd1d115033cbab18844bca523b25694875b46 height=39
2025-10-09T04:08:24Z Saw new cmpctblock header hash=22cabb684c2c291d1044980613ffd1d115033cbab18844bca523b25694875b46 peer=0
2025-10-09T04:08:24Z UpdateTip: new best=22cabb684c2c291d1044980613ffd1d115033cbab18844bca523b25694875b46 height=39 version=0x20000000 log2_work=6.321928 tx=40 date='2025-10-09T04:08:32Z' progress=1.000000 cache=0.3MiB(39txo)
2025-10-09T04:08:24Z Saw new header hash=2e33624a430eff0a34ccc7d12756f0cd5e09c44c1f1378c1fe5f12a00f3dada8 height=40
2025-10-09T04:08:24Z Saw new cmpctblock header hash=2e33624a430eff0a34ccc7d12756f0cd5e09c44c1f1378c1fe5f12a00f3dada8 peer=0
2025-10-09T04:08:24Z UpdateTip: new best=2e33624a430eff0a34ccc7d12756f0cd5e09c44c1f1378c1fe5f12a00f3dada8 height=40 version=0x20000000 log2_work=6.357552 tx=41 date='2025-10-09T04:08:32Z' progress=1.000000 cache=0.3MiB(40txo)
2025-10-09T04:08:24Z Saw new header hash=6c786ebfc1264bf18c7a8145699bb7665e04ee11cee89fcde4ccc72e34f383eb height=41
2025-10-09T04:08:24Z Saw new cmpctblock header hash=6c786ebfc1264bf18c7a8145699bb7665e04ee11cee89fcde4ccc72e34f383eb peer=0
2025-10-09T04:08:24Z UpdateTip: new best=6c786ebfc1264bf18c7a8145699bb7665e04ee11cee89fcde4ccc72e34f383eb height=41 version=0x20000000 log2_work=6.392317 tx=42 date='2025-10-09T04:08:32Z' progress=1.000000 cache=0.3MiB(41txo)
2025-10-09T04:08:24Z Saw new header hash=402c2dc405041b72feafa20f25c145fe32d79a0e1d31381c8896e8a17045987f height=42
2025-10-09T04:08:24Z Saw new cmpctblock header hash=402c2dc405041b72feafa20f25c145fe32d79a0e1d31381c8896e8a17045987f peer=0
2025-10-09T04:08:24Z UpdateTip: new best=402c2dc405041b72feafa20f25c145fe32d79a0e1d31381c8896e8a17045987f height=42 version=0x20000000 log2_work=6.426265 tx=43 date='2025-10-09T04:08:32Z' progress=1.000000 cache=0.3MiB(42txo)
2025-10-09T04:08:24Z Saw new header hash=42035d64ad911106febaca93501d9901c0ad309389c405c056d0049217602bbe height=43
2025-10-09T04:08:24Z Saw new cmpctblock header hash=42035d64ad911106febaca93501d9901c0ad309389c405c056d0049217602bbe peer=0
2025-10-09T04:08:24Z UpdateTip: new best=42035d64ad911106febaca93501d9901c0ad309389c405c056d0049217602bbe height=43 version=0x20000000 log2_work=6.459432 tx=44 date='2025-10-09T04:08:32Z' progress=1.000000 cache=0.3MiB(43txo)
2025-10-09T04:08:24Z Saw new header hash=4f69b59641704ed278fa02aaa9bc678ce67391dceef6240de9a0daab2e6e798d height=44
2025-10-09T04:08:24Z Saw new cmpctblock header hash=4f69b59641704ed278fa02aaa9bc678ce67391dceef6240de9a0daab2e6e798d peer=0
2025-10-09T04:08:24Z UpdateTip: new best=4f69b59641704ed278fa02aaa9bc678ce67391dceef6240de9a0daab2e6e798d height=44 version=0x20000000 log2_work=6.491853 tx=45 date='2025-10-09T04:08:33Z' progress=1.000000 cache=0.3MiB(44txo)
2025-10-09T04:08:24Z Saw new header hash=15209c0d1bcef6601b6ea7cb0dbc5d873b1f41fb40d30df4cf67844726ea96e3 height=45
2025-10-09T04:08:24Z Saw new cmpctblock header hash=15209c0d1bcef6601b6ea7cb0dbc5d873b1f41fb40d30df4cf67844726ea96e3 peer=0
2025-10-09T04:08:24Z UpdateTip: new best=15209c0d1bcef6601b6ea7cb0dbc5d873b1f41fb40d30df4cf67844726ea96e3 height=45 version=0x20000000 log2_work=6.523562 tx=46 date='2025-10-09T04:08:33Z' progress=1.000000 cache=0.3MiB(45txo)
2025-10-09T04:08:24Z Saw new header hash=4fde4383ccefcdafc294ab5b9c77da0140c108d51ab1de107b362b97cd966f80 height=46
2025-10-09T04:08:24Z Saw new cmpctblock header hash=4fde4383ccefcdafc294ab5b9c77da0140c108d51ab1de107b362b97cd966f80 peer=0
2025-10-09T04:08:24Z UpdateTip: new best=4fde4383ccefcdafc294ab5b9c77da0140c108d51ab1de107b362b97cd966f80 height=46 version=0x20000000 log2_work=6.554589 tx=47 date='2025-10-09T04:08:33Z' progress=1.000000 cache=0.3MiB(46txo)
2025-10-09T04:08:24Z Saw new header hash=30d7c67a35671d90030498dbfa0fa4bae1900959fd0524df6d10c2c2120a6731 height=47
2025-10-09T04:08:24Z Saw new cmpctblock header hash=30d7c67a35671d90030498dbfa0fa4bae1900959fd0524df6d10c2c2120a6731 peer=0
2025-10-09T04:08:24Z UpdateTip: new best=30d7c67a35671d90030498dbfa0fa4bae1900959fd0524df6d10c2c2120a6731 height=47 version=0x20000000 log2_work=6.584963 tx=48 date='2025-10-09T04:08:33Z' progress=1.000000 cache=0.3MiB(47txo)
2025-10-09T04:08:24Z Saw new header hash=7298cea212ec5560a008c9c12be01f38393edae7052b090a6c6ec4fdb9a8907a height=48
2025-10-09T04:08:24Z Saw new cmpctblock header hash=7298cea212ec5560a008c9c12be01f38393edae7052b090a6c6ec4fdb9a8907a peer=0
2025-10-09T04:08:24Z UpdateTip: new best=7298cea212ec5560a008c9c12be01f38393edae7052b090a6c6ec4fdb9a8907a height=48 version=0x20000000 log2_work=6.614710 tx=49 date='2025-10-09T04:08:33Z' progress=1.000000 cache=0.3MiB(48txo)
2025-10-09T04:08:24Z Saw new header hash=3f18bb944c6fafc70867d57346d7cd4445589828a9aaf7ba84f083d7a9919168 height=49
2025-10-09T04:08:24Z Saw new cmpctblock header hash=3f18bb944c6fafc70867d57346d7cd4445589828a9aaf7ba84f083d7a9919168 peer=0
2025-10-09T04:08:24Z UpdateTip: new best=3f18bb944c6fafc70867d57346d7cd4445589828a9aaf7ba84f083d7a9919168 height=49 version=0x20000000 log2_work=6.643856 tx=50 date='2025-10-09T04:08:33Z' progress=1.000000 cache=0.3MiB(49txo)
2025-10-09T04:08:24Z Saw new header hash=514cdffbc8c767bbb60ecee7092276df67652095e9ab13724040dd9c127ff338 height=50
2025-10-09T04:08:24Z Saw new cmpctblock header hash=514cdffbc8c767bbb60ecee7092276df67652095e9ab13724040dd9c127ff338 peer=0
2025-10-09T04:08:24Z UpdateTip: new best=514cdffbc8c767bbb60ecee7092276df67652095e9ab13724040dd9c127ff338 height=50 version=0x20000000 log2_work=6.672425 tx=51 date='2025-10-09T04:08:34Z' progress=1.000000 cache=0.3MiB(50txo)
2025-10-09T04:08:24Z Saw new header hash=31562012d51b585765855668a6e86b7d72a4a7594c4f787d3c1ec558d3427b6d height=51
2025-10-09T04:08:24Z Saw new cmpctblock header hash=31562012d51b585765855668a6e86b7d72a4a7594c4f787d3c1ec558d3427b6d peer=0
2025-10-09T04:08:24Z UpdateTip: new best=31562012d51b585765855668a6e86b7d72a4a7594c4f787d3c1ec558d3427b6d height=51 version=0x20000000 log2_work=6.700440 tx=52 date='2025-10-09T04:08:34Z' progress=1.000000 cache=0.3MiB(51txo)
2025-10-09T04:08:24Z Saw new header hash=3cc265b446ffa63c1b0d9b93e09757e6a107cb88f4ddf21c04110282f73aaf46 height=52
2025-10-09T04:08:24Z Saw new cmpctblock header hash=3cc265b446ffa63c1b0d9b93e09757e6a107cb88f4ddf21c04110282f73aaf46 peer=0
2025-10-09T04:08:24Z UpdateTip: new best=3cc265b446ffa63c1b0d9b93e09757e6a107cb88f4ddf21c04110282f73aaf46 height=52 version=0x20000000 log2_work=6.727920 tx=53 date='2025-10-09T04:08:34Z' progress=1.000000 cache=0.3MiB(52txo)
2025-10-09T04:08:24Z Saw new header hash=6b2c6e335b8e807e7c392df9b79c6ec7c65380622f711e4a223d98039a11a8da height=53
2025-10-09T04:08:24Z Saw new cmpctblock header hash=6b2c6e335b8e807e7c392df9b79c6ec7c65380622f711e4a223d98039a11a8da peer=0
2025-10-09T04:08:24Z UpdateTip: new best=6b2c6e335b8e807e7c392df9b79c6ec7c65380622f711e4a223d98039a11a8da height=53 version=0x20000000 log2_work=6.754888 tx=54 date='2025-10-09T04:08:34Z' progress=1.000000 cache=0.3MiB(53txo)
2025-10-09T04:08:24Z Saw new header hash=7451b7127bd3ab75c122c656156d9ca169bb147618811c4943b27bc70ce49eb3 height=54
2025-10-09T04:08:24Z Saw new cmpctblock header hash=7451b7127bd3ab75c122c656156d9ca169bb147618811c4943b27bc70ce49eb3 peer=0
2025-10-09T04:08:24Z UpdateTip: new best=7451b7127bd3ab75c122c656156d9ca169bb147618811c4943b27bc70ce49eb3 height=54 version=0x20000000 log2_work=6.781360 tx=55 date='2025-10-09T04:08:34Z' progress=1.000000 cache=0.3MiB(54txo)
2025-10-09T04:08:24Z Saw new header hash=63c7663ed9a5c31ed4328abd3fdbd8ac0cbf5a7261874835c67ddbb90b39e40d height=55
2025-10-09T04:08:24Z Saw new cmpctblock header hash=63c7663ed9a5c31ed4328abd3fdbd8ac0cbf5a7261874835c67ddbb90b39e40d peer=0
2025-10-09T04:08:24Z UpdateTip: new best=63c7663ed9a5c31ed4328abd3fdbd8ac0cbf5a7261874835c67ddbb90b39e40d height=55 version=0x20000000 log2_work=6.807355 tx=56 date='2025-10-09T04:08:34Z' progress=1.000000 cache=0.3MiB(55txo)
2025-10-09T04:08:24Z Saw new header hash=40908fa9091cad3ff5469e4d8ce63c4d417b9deff391a66e0646a6016669c5fd height=56
2025-10-09T04:08:24Z Saw new cmpctblock header hash=40908fa9091cad3ff5469e4d8ce63c4d417b9deff391a66e0646a6016669c5fd peer=0
2025-10-09T04:08:24Z UpdateTip: new best=40908fa9091cad3ff5469e4d8ce63c4d417b9deff391a66e0646a6016669c5fd height=56 version=0x20000000 log2_work=6.832890 tx=57 date='2025-10-09T04:08:35Z' progress=1.000000 cache=0.3MiB(56txo)
2025-10-09T04:08:24Z Saw new header hash=45dc17fca9579cac0e9b42a6e07e3c80712d629d462771a68a138707ae4bfb97 height=57
2025-10-09T04:08:24Z Saw new cmpctblock header hash=45dc17fca9579cac0e9b42a6e07e3c80712d629d462771a68a138707ae4bfb97 peer=0
2025-10-09T04:08:24Z UpdateTip: new best=45dc17fca9579cac0e9b42a6e07e3c80712d629d462771a68a138707ae4bfb97 height=57 version=0x20000000 log2_work=6.857981 tx=58 date='2025-10-09T04:08:35Z' progress=1.000000 cache=0.3MiB(57txo)
2025-10-09T04:08:24Z Saw new header hash=145525166ec3d36957c61d13b9a7ec16f1078fc03b6cb3c238b9a299fbf04e28 height=58
2025-10-09T04:08:24Z Saw new cmpctblock header hash=145525166ec3d36957c61d13b9a7ec16f1078fc03b6cb3c238b9a299fbf04e28 peer=0
2025-10-09T04:08:24Z UpdateTip: new best=145525166ec3d36957c61d13b9a7ec16f1078fc03b6cb3c238b9a299fbf04e28 height=58 version=0x20000000 log2_work=6.882643 tx=59 date='2025-10-09T04:08:35Z' progress=1.000000 cache=0.3MiB(58txo)
2025-10-09T04:08:24Z Saw new header hash=7ce420195c446d6bba3440406b461d1d1fdd9e4c7ac8811b80b7b4249fbe7101 height=59
2025-10-09T04:08:24Z Saw new cmpctblock header hash=7ce420195c446d6bba3440406b461d1d1fdd9e4c7ac8811b80b7b4249fbe7101 peer=0
2025-10-09T04:08:24Z UpdateTip: new best=7ce420195c446d6bba3440406b461d1d1fdd9e4c7ac8811b80b7b4249fbe7101 height=59 version=0x20000000 log2_work=6.906891 tx=60 date='2025-10-09T04:08:35Z' progress=1.000000 cache=0.3MiB(59txo)
2025-10-09T04:08:24Z Saw new header hash=560251510e4e6e38b6eb65c4c8c4bcfa8b389428cdccc43a87cef0d2b78620d5 height=60
2025-10-09T04:08:24Z Saw new cmpctblock header hash=560251510e4e6e38b6eb65c4c8c4bcfa8b389428cdccc43a87cef0d2b78620d5 peer=0
2025-10-09T04:08:24Z UpdateTip: new best=560251510e4e6e38b6eb65c4c8c4bcfa8b389428cdccc43a87cef0d2b78620d5 height=60 version=0x20000000 log2_work=6.930737 tx=61 date='2025-10-09T04:08:35Z' progress=1.000000 cache=0.3MiB(60txo)
2025-10-09T04:08:24Z Saw new header hash=77c441557a9862ccc457ebc3e9fb2f7694400d7e611fc6b256bafdbabc97a92b height=61
2025-10-09T04:08:24Z Saw new cmpctblock header hash=77c441557a9862ccc457ebc3e9fb2f7694400d7e611fc6b256bafdbabc97a92b peer=0
2025-10-09T04:08:24Z UpdateTip: new best=77c441557a9862ccc457ebc3e9fb2f7694400d7e611fc6b256bafdbabc97a92b height=61 version=0x20000000 log2_work=6.954196 tx=62 date='2025-10-09T04:08:35Z' progress=1.000000 cache=0.3MiB(61txo)
2025-10-09T04:08:24Z Saw new header hash=3b8da6bf4c6a9fdb2d52e04bf9e1621ebe5058aa4f3813e7504c8e32b4e6596c height=62
2025-10-09T04:08:24Z Saw new cmpctblock header hash=3b8da6bf4c6a9fdb2d52e04bf9e1621ebe5058aa4f3813e7504c8e32b4e6596c peer=0
2025-10-09T04:08:24Z UpdateTip: new best=3b8da6bf4c6a9fdb2d52e04bf9e1621ebe5058aa4f3813e7504c8e32b4e6596c height=62 version=0x20000000 log2_work=6.977280 tx=63 date='2025-10-09T04:08:36Z' progress=1.000000 cache=0.3MiB(62txo)
2025-10-09T04:08:24Z Saw new header hash=6201d90bc8a17120e32a4a66b23f31381a713b734e549ed11e5fac1a29c94b39 height=63
2025-10-09T04:08:24Z Saw new cmpctblock header hash=6201d90bc8a17120e32a4a66b23f31381a713b734e549ed11e5fac1a29c94b39 peer=0
2025-10-09T04:08:24Z UpdateTip: new best=6201d90bc8a17120e32a4a66b23f31381a713b734e549ed11e5fac1a29c94b39 height=63 version=0x20000000 log2_work=7.000000 tx=64 date='2025-10-09T04:08:36Z' progress=1.000000 cache=0.3MiB(63txo)
2025-10-09T04:08:24Z Saw new header hash=054d7bd58d63deeca99de8d770cd0f3f6bc6d131d1f3dfa8b6f9efcbc9b0824b height=64
2025-10-09T04:08:24Z Saw new cmpctblock header hash=054d7bd58d63deeca99de8d770cd0f3f6bc6d131d1f3dfa8b6f9efcbc9b0824b peer=0
2025-10-09T04:08:24Z UpdateTip: new best=054d7bd58d63deeca99de8d770cd0f3f6bc6d131d1f3dfa8b6f9efcbc9b0824b height=64 version=0x20000000 log2_work=7.022368 tx=65 date='2025-10-09T04:08:36Z' progress=1.000000 cache=0.3MiB(64txo)
2025-10-09T04:08:24Z Saw new header hash=3d64addd8b180387b38b347918a261bf972ce28aa0ecdb5f931b704051b9d459 height=65
2025-10-09T04:08:24Z Saw new cmpctblock header hash=3d64addd8b180387b38b347918a261bf972ce28aa0ecdb5f931b704051b9d459 peer=0
2025-10-09T04:08:24Z UpdateTip: new best=3d64addd8b180387b38b347918a261bf972ce28aa0ecdb5f931b704051b9d459 height=65 version=0x20000000 log2_work=7.044394 tx=66 date='2025-10-09T04:08:36Z' progress=1.000000 cache=0.3MiB(65txo)
2025-10-09T04:08:24Z Saw new header hash=5905766153167391fc0cd3b58489dbf24f853e8d015fa0363612343a11572779 height=66
2025-10-09T04:08:24Z Saw new cmpctblock header hash=5905766153167391fc0cd3b58489dbf24f853e8d015fa0363612343a11572779 peer=0
2025-10-09T04:08:24Z UpdateTip: new best=5905766153167391fc0cd3b58489dbf24f853e8d015fa0363612343a11572779 height=66 version=0x20000000 log2_work=7.066089 tx=67 date='2025-10-09T04:08:36Z' progress=1.000000 cache=0.3MiB(66txo)
2025-10-09T04:08:24Z Saw new header hash=798e4bc03c318d82871105d6e2c750b1d54e66005be83497916021eaa1545ab8 height=67
2025-10-09T04:08:24Z Saw new cmpctblock header hash=798e4bc03c318d82871105d6e2c750b1d54e66005be83497916021eaa1545ab8 peer=0
2025-10-09T04:08:24Z UpdateTip: new best=798e4bc03c318d82871105d6e2c750b1d54e66005be83497916021eaa1545ab8 height=67 version=0x20000000 log2_work=7.087463 tx=68 date='2025-10-09T04:08:36Z' progress=1.000000 cache=0.3MiB(67txo)
2025-10-09T04:08:24Z Saw new header hash=0d87201a764a081371a154dcd2890ddb701d618e605a0e0671c16c741fa677b5 height=68
2025-10-09T04:08:24Z Saw new cmpctblock header hash=0d87201a764a081371a154dcd2890ddb701d618e605a0e0671c16c741fa677b5 peer=0
2025-10-09T04:08:24Z UpdateTip: new best=0d87201a764a081371a154dcd2890ddb701d618e605a0e0671c16c741fa677b5 height=68 version=0x20000000 log2_work=7.108524 tx=69 date='2025-10-09T04:08:37Z' progress=1.000000 cache=0.3MiB(68txo)
2025-10-09T04:08:24Z Saw new header hash=1d6393dbf5808deb31fdce51b5513a960e64dcc310ba25d5f36af7dc0263a33b height=69
2025-10-09T04:08:24Z Saw new cmpctblock header hash=1d6393dbf5808deb31fdce51b5513a960e64dcc310ba25d5f36af7dc0263a33b peer=0
2025-10-09T04:08:24Z UpdateTip: new best=1d6393dbf5808deb31fdce51b5513a960e64dcc310ba25d5f36af7dc0263a33b height=69 version=0x20000000 log2_work=7.129283 tx=70 date='2025-10-09T04:08:37Z' progress=1.000000 cache=0.3MiB(69txo)
2025-10-09T04:08:24Z Saw new header hash=39b37e2f4bd59e3dc91d69b4fe193a858bc87e1c9d828f8daef1f73117126269 height=70
2025-10-09T04:08:24Z Saw new cmpctblock header hash=39b37e2f4bd59e3dc91d69b4fe193a858bc87e1c9d828f8daef1f73117126269 peer=0
2025-10-09T04:08:24Z UpdateTip: new best=39b37e2f4bd59e3dc91d69b4fe193a858bc87e1c9d828f8daef1f73117126269 height=70 version=0x20000000 log2_work=7.149747 tx=71 date='2025-10-09T04:08:37Z' progress=1.000000 cache=0.3MiB(70txo)
2025-10-09T04:08:24Z Saw new header hash=501c86901473275b88cf4928c2a93dc4d3226fe83a1af9bb287a26c1e23f3f28 height=71
2025-10-09T04:08:24Z Saw new cmpctblock header hash=501c86901473275b88cf4928c2a93dc4d3226fe83a1af9bb287a26c1e23f3f28 peer=0
2025-10-09T04:08:24Z UpdateTip: new best=501c86901473275b88cf4928c2a93dc4d3226fe83a1af9bb287a26c1e23f3f28 height=71 version=0x20000000 log2_work=7.169925 tx=72 date='2025-10-09T04:08:37Z' progress=1.000000 cache=0.3MiB(71txo)
2025-10-09T04:08:24Z Saw new header hash=1dae23f4e06b8f8aeba60662af90ecf252f527c99998659df33eed098ed25f1b height=72
2025-10-09T04:08:24Z Saw new cmpctblock header hash=1dae23f4e06b8f8aeba60662af90ecf252f527c99998659df33eed098ed25f1b peer=0
2025-10-09T04:08:24Z UpdateTip: new best=1dae23f4e06b8f8aeba60662af90ecf252f527c99998659df33eed098ed25f1b height=72 version=0x20000000 log2_work=7.189825 tx=73 date='2025-10-09T04:08:37Z' progress=1.000000 cache=0.3MiB(72txo)
2025-10-09T04:08:24Z Saw new header hash=1304b153749be06b111bc3e8d1bc0d4e72e948a05b9a46c9166156c3ac259cb8 height=73
2025-10-09T04:08:24Z Saw new cmpctblock header hash=1304b153749be06b111bc3e8d1bc0d4e72e948a05b9a46c9166156c3ac259cb8 peer=0
2025-10-09T04:08:24Z UpdateTip: new best=1304b153749be06b111bc3e8d1bc0d4e72e948a05b9a46c9166156c3ac259cb8 height=73 version=0x20000000 log2_work=7.209453 tx=74 date='2025-10-09T04:08:37Z' progress=1.000000 cache=0.3MiB(73txo)
2025-10-09T04:08:24Z Saw new header hash=57c11d2005c8c09492befe73ab61aa418780329fbd05e497bb91669e598d9fea height=74
2025-10-09T04:08:24Z Saw new cmpctblock header hash=57c11d2005c8c09492befe73ab61aa418780329fbd05e497bb91669e598d9fea peer=0
2025-10-09T04:08:24Z UpdateTip: new best=57c11d2005c8c09492befe73ab61aa418780329fbd05e497bb91669e598d9fea height=74 version=0x20000000 log2_work=7.228819 tx=75 date='2025-10-09T04:08:38Z' progress=1.000000 cache=0.3MiB(74txo)
2025-10-09T04:08:24Z Saw new header hash=0c0b4e918ab23567caa53400b014e5ae2f383ff5cfedc67716ee091930419f20 height=75
2025-10-09T04:08:24Z Saw new cmpctblock header hash=0c0b4e918ab23567caa53400b014e5ae2f383ff5cfedc67716ee091930419f20 peer=0
2025-10-09T04:08:24Z UpdateTip: new best=0c0b4e918ab23567caa53400b014e5ae2f383ff5cfedc67716ee091930419f20 height=75 version=0x20000000 log2_work=7.247928 tx=76 date='2025-10-09T04:08:38Z' progress=1.000000 cache=0.3MiB(75txo)
2025-10-09T04:08:24Z Saw new header hash=2b42f71f1c7da9667db6697d18747c41e29b7723791beec7071a9ce3359a586b height=76
2025-10-09T04:08:24Z Saw new cmpctblock header hash=2b42f71f1c7da9667db6697d18747c41e29b7723791beec7071a9ce3359a586b peer=0
2025-10-09T04:08:24Z UpdateTip: new best=2b42f71f1c7da9667db6697d18747c41e29b7723791beec7071a9ce3359a586b height=76 version=0x20000000 log2_work=7.266787 tx=77 date='2025-10-09T04:08:38Z' progress=1.000000 cache=0.3MiB(76txo)
2025-10-09T04:08:24Z Saw new header hash=20956d2558b013fc14080818197e2ec8ec74557579aadd32ecf17b73e06a3b7e height=77
2025-10-09T04:08:24Z Saw new cmpctblock header hash=20956d2558b013fc14080818197e2ec8ec74557579aadd32ecf17b73e06a3b7e peer=0
2025-10-09T04:08:24Z UpdateTip: new best=20956d2558b013fc14080818197e2ec8ec74557579aadd32ecf17b73e06a3b7e height=77 version=0x20000000 log2_work=7.285402 tx=78 date='2025-10-09T04:08:38Z' progress=1.000000 cache=0.3MiB(77txo)
2025-10-09T04:08:24Z Saw new header hash=47ddc294535d8e196dc3eea9d5bac6b145ffaeff7fa8d106684d23067155d032 height=78
2025-10-09T04:08:24Z Saw new cmpctblock header hash=47ddc294535d8e196dc3eea9d5bac6b145ffaeff7fa8d106684d23067155d032 peer=0
2025-10-09T04:08:24Z UpdateTip: new best=47ddc294535d8e196dc3eea9d5bac6b145ffaeff7fa8d106684d23067155d032 height=78 version=0x20000000 log2_work=7.303781 tx=79 date='2025-10-09T04:08:38Z' progress=1.000000 cache=0.3MiB(78txo)
2025-10-09T04:08:24Z Saw new header hash=1abbb6805ce257535187726f41a585c25417bf8bcf6335b2462862b2657b6377 height=79
2025-10-09T04:08:24Z Saw new cmpctblock header hash=1abbb6805ce257535187726f41a585c25417bf8bcf6335b2462862b2657b6377 peer=0
2025-10-09T04:08:24Z UpdateTip: new best=1abbb6805ce257535187726f41a585c25417bf8bcf6335b2462862b2657b6377 height=79 version=0x20000000 log2_work=7.321928 tx=80 date='2025-10-09T04:08:38Z' progress=1.000000 cache=0.3MiB(79txo)
2025-10-09T04:08:24Z Saw new header hash=2287c64700e2f64e7ad468685337b737224b5afb8a4afec822353bdf210d1de5 height=80
2025-10-09T04:08:24Z Saw new cmpctblock header hash=2287c64700e2f64e7ad468685337b737224b5afb8a4afec822353bdf210d1de5 peer=0
2025-10-09T04:08:24Z UpdateTip: new best=2287c64700e2f64e7ad468685337b737224b5afb8a4afec822353bdf210d1de5 height=80 version=0x20000000 log2_work=7.339850 tx=81 date='2025-10-09T04:08:39Z' progress=1.000000 cache=0.3MiB(80txo)
2025-10-09T04:08:24Z Saw new header hash=56bdcb07bb3416cf200b14d75d381e481932d62316d7bdaf70685faa22e8a9bd height=81
2025-10-09T04:08:24Z Saw new cmpctblock header hash=56bdcb07bb3416cf200b14d75d381e481932d62316d7bdaf70685faa22e8a9bd peer=0
2025-10-09T04:08:24Z UpdateTip: new best=56bdcb07bb3416cf200b14d75d381e481932d62316d7bdaf70685faa22e8a9bd height=81 version=0x20000000 log2_work=7.357552 tx=82 date='2025-10-09T04:08:39Z' progress=1.000000 cache=0.3MiB(81txo)
2025-10-09T04:08:24Z Saw new header hash=0453723b8e99f5b94870b8a369a2255dd244c34b0e62f94b6b96291e9f943bee height=82
2025-10-09T04:08:24Z Saw new cmpctblock header hash=0453723b8e99f5b94870b8a369a2255dd244c34b0e62f94b6b96291e9f943bee peer=0
2025-10-09T04:08:24Z UpdateTip: new best=0453723b8e99f5b94870b8a369a2255dd244c34b0e62f94b6b96291e9f943bee height=82 version=0x20000000 log2_work=7.375039 tx=83 date='2025-10-09T04:08:39Z' progress=1.000000 cache=0.3MiB(82txo)
2025-10-09T04:08:24Z Saw new header hash=0be110a8ba70ef9731ffc07784166ca2571254dc4d0e4904639444e9b061c130 height=83
2025-10-09T04:08:24Z Saw new cmpctblock header hash=0be110a8ba70ef9731ffc07784166ca2571254dc4d0e4904639444e9b061c130 peer=0
2025-10-09T04:08:24Z UpdateTip: new best=0be110a8ba70ef9731ffc07784166ca2571254dc4d0e4904639444e9b061c130 height=83 version=0x20000000 log2_work=7.392317 tx=84 date='2025-10-09T04:08:39Z' progress=1.000000 cache=0.3MiB(83txo)
2025-10-09T04:08:24Z Saw new header hash=601d739c5c5dff11240006424de1bf298452ae108a026fcddab11eb54a4156b1 height=84
2025-10-09T04:08:24Z Saw new cmpctblock header hash=601d739c5c5dff11240006424de1bf298452ae108a026fcddab11eb54a4156b1 peer=0
2025-10-09T04:08:24Z UpdateTip: new best=601d739c5c5dff11240006424de1bf298452ae108a026fcddab11eb54a4156b1 height=84 version=0x20000000 log2_work=7.409391 tx=85 date='2025-10-09T04:08:39Z' progress=1.000000 cache=0.3MiB(84txo)
2025-10-09T04:08:24Z Saw new header hash=57276f9086aeaba977239ab5529aeae676849d6bdd01ba0ec6b11e2c223f2a95 height=85
2025-10-09T04:08:24Z Saw new cmpctblock header hash=57276f9086aeaba977239ab5529aeae676849d6bdd01ba0ec6b11e2c223f2a95 peer=0
2025-10-09T04:08:24Z UpdateTip: new best=57276f9086aeaba977239ab5529aeae676849d6bdd01ba0ec6b11e2c223f2a95 height=85 version=0x20000000 log2_work=7.426265 tx=86 date='2025-10-09T04:08:39Z' progress=1.000000 cache=0.3MiB(85txo)
2025-10-09T04:08:24Z Saw new header hash=4e6ab701f968512cfbe9098cbd67bc45f55c5ea05f91d618aa9461b7c1cc65de height=86
2025-10-09T04:08:24Z Saw new cmpctblock header hash=4e6ab701f968512cfbe9098cbd67bc45f55c5ea05f91d618aa9461b7c1cc65de peer=0
2025-10-09T04:08:24Z UpdateTip: new best=4e6ab701f968512cfbe9098cbd67bc45f55c5ea05f91d618aa9461b7c1cc65de height=86 version=0x20000000 log2_work=7.442943 tx=87 date='2025-10-09T04:08:40Z' progress=1.000000 cache=0.3MiB(86txo)
2025-10-09T04:08:24Z Saw new header hash=137c5df4def6af4468d543ea2b96f15bfbb55ee4f212b624a3fc564f11f56e51 height=87
2025-10-09T04:08:24Z Saw new cmpctblock header hash=137c5df4def6af4468d543ea2b96f15bfbb55ee4f212b624a3fc564f11f56e51 peer=0
2025-10-09T04:08:24Z UpdateTip: new best=137c5df4def6af4468d543ea2b96f15bfbb55ee4f212b624a3fc564f11f56e51 height=87 version=0x20000000 log2_work=7.459432 tx=88 date='2025-10-09T04:08:40Z' progress=1.000000 cache=0.3MiB(87txo)
2025-10-09T04:08:24Z Saw new header hash=239636daea79fc9c16784951e18f274b904bc209ae74cf9498036a6f796831c2 height=88
2025-10-09T04:08:24Z Saw new cmpctblock header hash=239636daea79fc9c16784951e18f274b904bc209ae74cf9498036a6f796831c2 peer=0
2025-10-09T04:08:24Z UpdateTip: new best=239636daea79fc9c16784951e18f274b904bc209ae74cf9498036a6f796831c2 height=88 version=0x20000000 log2_work=7.475733 tx=89 date='2025-10-09T04:08:40Z' progress=1.000000 cache=0.3MiB(88txo)
2025-10-09T04:08:24Z Saw new header hash=293efd72289a315578aee129442fca1ec2c8dce9aec879acbde45f04817ad791 height=89
2025-10-09T04:08:24Z Saw new cmpctblock header hash=293efd72289a315578aee129442fca1ec2c8dce9aec879acbde45f04817ad791 peer=0
2025-10-09T04:08:24Z UpdateTip: new best=293efd72289a315578aee129442fca1ec2c8dce9aec879acbde45f04817ad791 height=89 version=0x20000000 log2_work=7.491853 tx=90 date='2025-10-09T04:08:40Z' progress=1.000000 cache=0.3MiB(89txo)
2025-10-09T04:08:24Z Saw new header hash=0e1d1fc833665ae87317e33807b7057a4c9eb6ccaabd007d65d41d82a934c524 height=90
2025-10-09T04:08:24Z Saw new cmpctblock header hash=0e1d1fc833665ae87317e33807b7057a4c9eb6ccaabd007d65d41d82a934c524 peer=0
2025-10-09T04:08:24Z UpdateTip: new best=0e1d1fc833665ae87317e33807b7057a4c9eb6ccaabd007d65d41d82a934c524 height=90 version=0x20000000 log2_work=7.507795 tx=91 date='2025-10-09T04:08:40Z' progress=1.000000 cache=0.3MiB(90txo)
2025-10-09T04:08:24Z Saw new header hash=13e903135fda2fc134b06af67f38663f10a4839f6e7f8da9359a4a5c72020d78 height=91
2025-10-09T04:08:24Z Saw new cmpctblock header hash=13e903135fda2fc134b06af67f38663f10a4839f6e7f8da9359a4a5c72020d78 peer=0
2025-10-09T04:08:24Z UpdateTip: new best=13e903135fda2fc134b06af67f38663f10a4839f6e7f8da9359a4a5c72020d78 height=91 version=0x20000000 log2_work=7.523562 tx=92 date='2025-10-09T04:08:40Z' progress=1.000000 cache=0.3MiB(91txo)
2025-10-09T04:08:24Z Saw new header hash=1533319a61fd2cfb0fd7b922b6f48ef8ea434c820db47f8e183c43b05e112109 height=92
2025-10-09T04:08:24Z Saw new cmpctblock header hash=1533319a61fd2cfb0fd7b922b6f48ef8ea434c820db47f8e183c43b05e112109 peer=0
2025-10-09T04:08:24Z UpdateTip: new best=1533319a61fd2cfb0fd7b922b6f48ef8ea434c820db47f8e183c43b05e112109 height=92 version=0x20000000 log2_work=7.539159 tx=93 date='2025-10-09T04:08:41Z' progress=1.000000 cache=0.3MiB(92txo)
2025-10-09T04:08:24Z Saw new header hash=7e88cc619ae1ca45998308509a74203b898ddd3cb24edd346e22e9d8842f96aa height=93
2025-10-09T04:08:24Z Saw new cmpctblock header hash=7e88cc619ae1ca45998308509a74203b898ddd3cb24edd346e22e9d8842f96aa peer=0
2025-10-09T04:08:24Z UpdateTip: new best=7e88cc619ae1ca45998308509a74203b898ddd3cb24edd346e22e9d8842f96aa height=93 version=0x20000000 log2_work=7.554589 tx=94 date='2025-10-09T04:08:41Z' progress=1.000000 cache=0.3MiB(93txo)
2025-10-09T04:08:24Z Saw new header hash=0a139ad76de526b4d1f25a24fd26456c7668913ca7846130a32ca971314de8d3 height=94
2025-10-09T04:08:24Z Saw new cmpctblock header hash=0a139ad76de526b4d1f25a24fd26456c7668913ca7846130a32ca971314de8d3 peer=0
2025-10-09T04:08:24Z UpdateTip: new best=0a139ad76de526b4d1f25a24fd26456c7668913ca7846130a32ca971314de8d3 height=94 version=0x20000000 log2_work=7.569856 tx=95 date='2025-10-09T04:08:41Z' progress=1.000000 cache=0.3MiB(94txo)
2025-10-09T04:08:24Z Saw new header hash=79b0cc510965adae89f431b7f23a2711a10f582eec56ca223a7255b837a11927 height=95
2025-10-09T04:08:24Z Saw new cmpctblock header hash=79b0cc510965adae89f431b7f23a2711a10f582eec56ca223a7255b837a11927 peer=0
2025-10-09T04:08:24Z UpdateTip: new best=79b0cc510965adae89f431b7f23a2711a10f582eec56ca223a7255b837a11927 height=95 version=0x20000000 log2_work=7.584963 tx=96 date='2025-10-09T04:08:41Z' progress=1.000000 cache=0.3MiB(95txo)
2025-10-09T04:08:24Z Saw new header hash=07732eac9d82309cf1f9d896532f890461ccb0a46f69021d7d757c1789346bee height=96
2025-10-09T04:08:24Z Saw new cmpctblock header hash=07732eac9d82309cf1f9d896532f890461ccb0a46f69021d7d757c1789346bee peer=0
2025-10-09T04:08:24Z UpdateTip: new best=07732eac9d82309cf1f9d896532f890461ccb0a46f69021d7d757c1789346bee height=96 version=0x20000000 log2_work=7.599913 tx=97 date='2025-10-09T04:08:41Z' progress=1.000000 cache=0.3MiB(96txo)
2025-10-09T04:08:24Z Saw new header hash=3de8b9c70d990abeb5cf51a246c5ff4ff230dbe39daeb48c51c1df013249eea2 height=97
2025-10-09T04:08:24Z Saw new cmpctblock header hash=3de8b9c70d990abeb5cf51a246c5ff4ff230dbe39daeb48c51c1df013249eea2 peer=0
2025-10-09T04:08:24Z UpdateTip: new best=3de8b9c70d990abeb5cf51a246c5ff4ff230dbe39daeb48c51c1df013249eea2 height=97 version=0x20000000 log2_work=7.614710 tx=98 date='2025-10-09T04:08:41Z' progress=1.000000 cache=0.3MiB(97txo)
2025-10-09T04:08:24Z Saw new header hash=0a73d9d6e82dfccc1bb50bc5973c933baf0758a479706fdea50bdd0a12258c6e height=98
2025-10-09T04:08:24Z Saw new cmpctblock header hash=0a73d9d6e82dfccc1bb50bc5973c933baf0758a479706fdea50bdd0a12258c6e peer=0
2025-10-09T04:08:24Z UpdateTip: new best=0a73d9d6e82dfccc1bb50bc5973c933baf0758a479706fdea50bdd0a12258c6e height=98 version=0x20000000 log2_work=7.629357 tx=99 date='2025-10-09T04:08:42Z' progress=1.000000 cache=0.3MiB(98txo)
2025-10-09T04:08:24Z Saw new header hash=4fa09911378477dc8c52b6fbc3a091e4895d976a0c5be39df7c0625dff4cd36f height=99
2025-10-09T04:08:24Z Saw new cmpctblock header hash=4fa09911378477dc8c52b6fbc3a091e4895d976a0c5be39df7c0625dff4cd36f peer=0
2025-10-09T04:08:24Z UpdateTip: new best=4fa09911378477dc8c52b6fbc3a091e4895d976a0c5be39df7c0625dff4cd36f height=99 version=0x20000000 log2_work=7.643856 tx=100 date='2025-10-09T04:08:42Z' progress=1.000000 cache=0.3MiB(99txo)
2025-10-09T04:08:24Z Saw new header hash=3c604e58c3c70cef7950878c0e73378f9e8ab047e93c8b28189fbf991d58e72f height=100
2025-10-09T04:08:24Z Saw new cmpctblock header hash=3c604e58c3c70cef7950878c0e73378f9e8ab047e93c8b28189fbf991d58e72f peer=0
2025-10-09T04:08:24Z UpdateTip: new best=3c604e58c3c70cef7950878c0e73378f9e8ab047e93c8b28189fbf991d58e72f height=100 version=0x20000000 log2_work=7.658211 tx=101 date='2025-10-09T04:08:42Z' progress=1.000000 cache=0.3MiB(100txo)
2025-10-09T04:08:24Z Saw new header hash=3d4d996d55b512861d40f76dd0240364f3bbc7b744736b4eedf5e3acd5084bac height=101
2025-10-09T04:08:24Z Saw new cmpctblock header hash=3d4d996d55b512861d40f76dd0240364f3bbc7b744736b4eedf5e3acd5084bac peer=0
2025-10-09T04:08:24Z UpdateTip: new best=3d4d996d55b512861d40f76dd0240364f3bbc7b744736b4eedf5e3acd5084bac height=101 version=0x20000000 log2_work=7.672425 tx=102 date='2025-10-09T04:08:42Z' progress=1.000000 cache=0.3MiB(101txo)
2025-10-09T04:08:27Z Saw new header hash=046ce52875f4a5e74a1541c32757d2ac4750970ff5d804b337233836211f2f2c height=102
2025-10-09T04:08:27Z Saw new cmpctblock header hash=046ce52875f4a5e74a1541c32757d2ac4750970ff5d804b337233836211f2f2c peer=0
2025-10-09T04:08:27Z UpdateTip: new best=046ce52875f4a5e74a1541c32757d2ac4750970ff5d804b337233836211f2f2c height=102 version=0x20000000 log2_work=7.686501 tx=128 date='2025-10-09T04:08:42Z' progress=1.000000 cache=0.3MiB(107txo)
2025-10-09T04:08:45Z Saw new header hash=74f08108e79eec7e9b3fa399695a105ccad83e7e58644f4dbae7c2116fec63ec height=103
2025-10-09T04:08:45Z Saw new cmpctblock header hash=74f08108e79eec7e9b3fa399695a105ccad83e7e58644f4dbae7c2116fec63ec peer=0
2025-10-09T04:08:45Z UpdateTip: new best=74f08108e79eec7e9b3fa399695a105ccad83e7e58644f4dbae7c2116fec63ec height=103 version=0x20000000 log2_work=7.700440 tx=161 date='2025-10-09T04:08:45Z' progress=1.000000 cache=0.3MiB(120txo)
2025-10-09T04:08:50Z Saw new header hash=2f93b97699dc2b9613018f94a1a8be54422ad3f1aedc1f82fe4284ab4eaa9674 height=104
2025-10-09T04:08:50Z Saw new cmpctblock header hash=2f93b97699dc2b9613018f94a1a8be54422ad3f1aedc1f82fe4284ab4eaa9674 peer=0
2025-10-09T04:08:50Z UpdateTip: new best=2f93b97699dc2b9613018f94a1a8be54422ad3f1aedc1f82fe4284ab4eaa9674 height=104 version=0x20000000 log2_work=7.714246 tx=195 date='2025-10-09T04:08:50Z' progress=1.000000 cache=0.3MiB(118txo)
2025-10-09T04:08:55Z Saw new header hash=2416ab82568a9563a976fd6169d98ed4e80377192599051b3066e95bbd4f7440 height=105
2025-10-09T04:08:55Z Saw new cmpctblock header hash=2416ab82568a9563a976fd6169d98ed4e80377192599051b3066e95bbd4f7440 peer=0
2025-10-09T04:08:55Z UpdateTip: new best=2416ab82568a9563a976fd6169d98ed4e80377192599051b3066e95bbd4f7440 height=105 version=0x20000000 log2_work=7.727920 tx=233 date='2025-10-09T04:08:55Z' progress=1.000000 cache=0.3MiB(125txo)
2025-10-09T04:09:00Z Saw new header hash=668418682584b0379f29fc54da6240133642d1b795e2b747f173f88261b9251b height=106
2025-10-09T04:09:00Z Saw new cmpctblock header hash=668418682584b0379f29fc54da6240133642d1b795e2b747f173f88261b9251b peer=0
2025-10-09T04:09:00Z UpdateTip: new best=668418682584b0379f29fc54da6240133642d1b795e2b747f173f88261b9251b height=106 version=0x20000000 log2_work=7.741467 tx=275 date='2025-10-09T04:09:00Z' progress=1.000000 cache=0.3MiB(126txo)
2025-10-09T04:09:05Z Saw new header hash=3a89a118a625c3a08c78d287d7545bbe2bec0ac3547c2cece0f107609980c5e1 height=107
2025-10-09T04:09:05Z Saw new cmpctblock header hash=3a89a118a625c3a08c78d287d7545bbe2bec0ac3547c2cece0f107609980c5e1 peer=0
2025-10-09T04:09:05Z UpdateTip: new best=3a89a118a625c3a08c78d287d7545bbe2bec0ac3547c2cece0f107609980c5e1 height=107 version=0x20000000 log2_work=7.754888 tx=317 date='2025-10-09T04:09:05Z' progress=1.000000 cache=0.3MiB(129txo)
2025-10-09T04:09:10Z Saw new header hash=7265dcdbc983ef2ab07315eb5983cd5f1f5774f2227455b1751604e0b3ba6667 height=108
2025-10-09T04:09:10Z Saw new cmpctblock header hash=7265dcdbc983ef2ab07315eb5983cd5f1f5774f2227455b1751604e0b3ba6667 peer=0
2025-10-09T04:09:10Z UpdateTip: new best=7265dcdbc983ef2ab07315eb5983cd5f1f5774f2227455b1751604e0b3ba6667 height=108 version=0x20000000 log2_work=7.768184 tx=358 date='2025-10-09T04:09:10Z' progress=1.000000 cache=0.3MiB(135txo)
2025-10-09T04:09:15Z Saw new header hash=3632dc4ed3773518910b5301a7b2b515d26b16b0b5b4c4ab696d5e8b695e8768 height=109
2025-10-09T04:09:15Z Saw new cmpctblock header hash=3632dc4ed3773518910b5301a7b2b515d26b16b0b5b4c4ab696d5e8b695e8768 peer=0
2025-10-09T04:09:15Z UpdateTip: new best=3632dc4ed3773518910b5301a7b2b515d26b16b0b5b4c4ab696d5e8b695e8768 height=109 version=0x20000000 log2_work=7.781360 tx=400 date='2025-10-09T04:09:15Z' progress=1.000000 cache=0.3MiB(139txo)
2025-10-09T04:09:20Z Saw new header hash=089e88fd30ec3031ef1bc6120eff5cd72a8e01847eb56def9fe4c017e00c2c6e height=110
2025-10-09T04:09:20Z Saw new cmpctblock header hash=089e88fd30ec3031ef1bc6120eff5cd72a8e01847eb56def9fe4c017e00c2c6e peer=0
2025-10-09T04:09:20Z UpdateTip: new best=089e88fd30ec3031ef1bc6120eff5cd72a8e01847eb56def9fe4c017e00c2c6e height=110 version=0x20000000 log2_work=7.794416 tx=441 date='2025-10-09T04:09:20Z' progress=1.000000 cache=0.3MiB(135txo)
2025-10-09T04:09:25Z Saw new header hash=01f26ba66924b5184ec07df95efbdf57941caa803a4dc907001990e40309e8a7 height=111
2025-10-09T04:09:25Z Saw new cmpctblock header hash=01f26ba66924b5184ec07df95efbdf57941caa803a4dc907001990e40309e8a7 peer=0
2025-10-09T04:09:25Z UpdateTip: new best=01f26ba66924b5184ec07df95efbdf57941caa803a4dc907001990e40309e8a7 height=111 version=0x20000000 log2_work=7.807355 tx=484 date='2025-10-09T04:09:25Z' progress=1.000000 cache=0.3MiB(143txo)
2025-10-09T04:09:30Z Saw new header hash=2475dcc247c3ae3ef24e238961976eb35d2fcd84a7c8666ea6235a11e2b1b56f height=112
2025-10-09T04:09:30Z Saw new cmpctblock header hash=2475dcc247c3ae3ef24e238961976eb35d2fcd84a7c8666ea6235a11e2b1b56f peer=0
2025-10-09T04:09:30Z UpdateTip: new best=2475dcc247c3ae3ef24e238961976eb35d2fcd84a7c8666ea6235a11e2b1b56f height=112 version=0x20000000 log2_work=7.820179 tx=525 date='2025-10-09T04:09:30Z' progress=1.000000 cache=0.3MiB(154txo)
2025-10-09T04:09:35Z Saw new header hash=047bc84709af765327a01ca23eaf5a613c77eaf779bece180e96dfc7b4ccffcc height=113
2025-10-09T04:09:35Z Saw new cmpctblock header hash=047bc84709af765327a01ca23eaf5a613c77eaf779bece180e96dfc7b4ccffcc peer=0
2025-10-09T04:09:35Z UpdateTip: new best=047bc84709af765327a01ca23eaf5a613c77eaf779bece180e96dfc7b4ccffcc height=113 version=0x20000000 log2_work=7.832890 tx=566 date='2025-10-09T04:09:35Z' progress=1.000000 cache=0.3MiB(148txo)
2025-10-09T04:09:41Z Saw new header hash=1ebacf3c880b13b8cacda14b23d2c7a6da42b3db14ae6a381046d0e2fe345702 height=114
2025-10-09T04:09:41Z Saw new cmpctblock header hash=1ebacf3c880b13b8cacda14b23d2c7a6da42b3db14ae6a381046d0e2fe345702 peer=0
2025-10-09T04:09:41Z UpdateTip: new best=1ebacf3c880b13b8cacda14b23d2c7a6da42b3db14ae6a381046d0e2fe345702 height=114 version=0x20000000 log2_work=7.845490 tx=608 date='2025-10-09T04:09:41Z' progress=1.000000 cache=0.3MiB(160txo)
2025-10-09T04:09:46Z Saw new header hash=597a16b67d11ce7c4cdd4e5784f1af92d5071654a725e722ddabbfb2f62dc03e height=115
2025-10-09T04:09:46Z Saw new cmpctblock header hash=597a16b67d11ce7c4cdd4e5784f1af92d5071654a725e722ddabbfb2f62dc03e peer=0
2025-10-09T04:09:46Z UpdateTip: new best=597a16b67d11ce7c4cdd4e5784f1af92d5071654a725e722ddabbfb2f62dc03e height=115 version=0x20000000 log2_work=7.857981 tx=650 date='2025-10-09T04:09:46Z' progress=1.000000 cache=0.3MiB(163txo)
2025-10-09T04:09:51Z Saw new header hash=4deb2d4fe0e7cdadd003a4de987c885918d47a14188e6f8af04558f61f9c1da2 height=116
2025-10-09T04:09:51Z Saw new cmpctblock header hash=4deb2d4fe0e7cdadd003a4de987c885918d47a14188e6f8af04558f61f9c1da2 peer=0
2025-10-09T04:09:51Z UpdateTip: new best=4deb2d4fe0e7cdadd003a4de987c885918d47a14188e6f8af04558f61f9c1da2 height=116 version=0x20000000 log2_work=7.870365 tx=692 date='2025-10-09T04:09:51Z' progress=1.000000 cache=0.3MiB(163txo)
2025-10-09T04:09:56Z Saw new header hash=702e9bffa9a7f36f5c5955f1730451911ecee0332d692bf27a4be1ba3d43ad32 height=117
2025-10-09T04:09:56Z Saw new cmpctblock header hash=702e9bffa9a7f36f5c5955f1730451911ecee0332d692bf27a4be1ba3d43ad32 peer=0
2025-10-09T04:09:56Z UpdateTip: new best=702e9bffa9a7f36f5c5955f1730451911ecee0332d692bf27a4be1ba3d43ad32 height=117 version=0x20000000 log2_work=7.882643 tx=734 date='2025-10-09T04:09:56Z' progress=1.000000 cache=0.3MiB(168txo)
2025-10-09T04:10:01Z Saw new header hash=02e05c85ee8ef87373529fe1cf6c8f38341f4b9c5ef736aab9bd4430761916ba height=118
2025-10-09T04:10:01Z Saw new cmpctblock header hash=02e05c85ee8ef87373529fe1cf6c8f38341f4b9c5ef736aab9bd4430761916ba peer=0
2025-10-09T04:10:01Z UpdateTip: new best=02e05c85ee8ef87373529fe1cf6c8f38341f4b9c5ef736aab9bd4430761916ba height=118 version=0x20000000 log2_work=7.894818 tx=775 date='2025-10-09T04:10:01Z' progress=1.000000 cache=0.3MiB(171txo)
2025-10-09T04:10:06Z Saw new header hash=5d0285039a52126dbbf170ac2e15abf8d0bfd9128f4a87f530720907ba1e7e36 height=119
2025-10-09T04:10:06Z Saw new cmpctblock header hash=5d0285039a52126dbbf170ac2e15abf8d0bfd9128f4a87f530720907ba1e7e36 peer=0
2025-10-09T04:10:06Z UpdateTip: new best=5d0285039a52126dbbf170ac2e15abf8d0bfd9128f4a87f530720907ba1e7e36 height=119 version=0x20000000 log2_work=7.906891 tx=816 date='2025-10-09T04:10:06Z' progress=1.000000 cache=0.3MiB(170txo)
2025-10-09T04:10:11Z Saw new header hash=327455877a4d47e80fe2408bb50fdb01a1abd21ba5e90691a1a342be2fa3483a height=120
2025-10-09T04:10:11Z Saw new cmpctblock header hash=327455877a4d47e80fe2408bb50fdb01a1abd21ba5e90691a1a342be2fa3483a peer=0
2025-10-09T04:10:11Z UpdateTip: new best=327455877a4d47e80fe2408bb50fdb01a1abd21ba5e90691a1a342be2fa3483a height=120 version=0x20000000 log2_work=7.918863 tx=857 date='2025-10-09T04:10:11Z' progress=1.000000 cache=0.3MiB(174txo)
2025-10-09T04:10:16Z Saw new header hash=6690c095ef04258ee231bdf0302ff58700db71164af4babd0fea72149a71316b height=121
2025-10-09T04:10:16Z Saw new cmpctblock header hash=6690c095ef04258ee231bdf0302ff58700db71164af4babd0fea72149a71316b peer=0
2025-10-09T04:10:16Z UpdateTip: new best=6690c095ef04258ee231bdf0302ff58700db71164af4babd0fea72149a71316b height=121 version=0x20000000 log2_work=7.930737 tx=899 date='2025-10-09T04:10:16Z' progress=1.000000 cache=0.3MiB(180txo)
2025-10-09T04:10:21Z Saw new header hash=3af908e44c19da918635ed94558d8b75be4814ff69377bceeaf88bb9a9075d89 height=122
2025-10-09T04:10:21Z Saw new cmpctblock header hash=3af908e44c19da918635ed94558d8b75be4814ff69377bceeaf88bb9a9075d89 peer=0
2025-10-09T04:10:21Z UpdateTip: new best=3af908e44c19da918635ed94558d8b75be4814ff69377bceeaf88bb9a9075d89 height=122 version=0x20000000 log2_work=7.942515 tx=942 date='2025-10-09T04:10:21Z' progress=1.000000 cache=0.3MiB(187txo)
2025-10-09T04:10:26Z Saw new header hash=057121767c01df71d7119350041bd384cc9d1184595cef8e666ff2922c85057c height=123
2025-10-09T04:10:26Z Saw new cmpctblock header hash=057121767c01df71d7119350041bd384cc9d1184595cef8e666ff2922c85057c peer=0
2025-10-09T04:10:26Z UpdateTip: new best=057121767c01df71d7119350041bd384cc9d1184595cef8e666ff2922c85057c height=123 version=0x20000000 log2_work=7.954196 tx=984 date='2025-10-09T04:10:26Z' progress=1.000000 cache=0.3MiB(187txo)
2025-10-09T04:10:31Z Saw new header hash=3975a1c2f5b18b41e2bc9796efdd205dacdc73e7b0667531c8e9e22d267a48be height=124
2025-10-09T04:10:31Z Saw new cmpctblock header hash=3975a1c2f5b18b41e2bc9796efdd205dacdc73e7b0667531c8e9e22d267a48be peer=0
2025-10-09T04:10:31Z UpdateTip: new best=3975a1c2f5b18b41e2bc9796efdd205dacdc73e7b0667531c8e9e22d267a48be height=124 version=0x20000000 log2_work=7.965784 tx=1025 date='2025-10-09T04:10:31Z' progress=1.000000 cache=0.3MiB(186txo)
2025-10-09T04:10:36Z Saw new header hash=7edee34560d0bd3271376542b13fe6d03e078038e31e4e3766a9456af77f121d height=125
2025-10-09T04:10:36Z Saw new cmpctblock header hash=7edee34560d0bd3271376542b13fe6d03e078038e31e4e3766a9456af77f121d peer=0
2025-10-09T04:10:36Z UpdateTip: new best=7edee34560d0bd3271376542b13fe6d03e078038e31e4e3766a9456af77f121d height=125 version=0x20000000 log2_work=7.977280 tx=1066 date='2025-10-09T04:10:36Z' progress=1.000000 cache=0.3MiB(186txo)
2025-10-09T04:10:41Z Saw new header hash=5f7aeb23b738dfb98a4516bad9a7fbc6ebeff8189b8406b187deef64de9bfa0d height=126
2025-10-09T04:10:41Z Saw new cmpctblock header hash=5f7aeb23b738dfb98a4516bad9a7fbc6ebeff8189b8406b187deef64de9bfa0d peer=0
2025-10-09T04:10:41Z UpdateTip: new best=5f7aeb23b738dfb98a4516bad9a7fbc6ebeff8189b8406b187deef64de9bfa0d height=126 version=0x20000000 log2_work=7.988685 tx=1107 date='2025-10-09T04:10:41Z' progress=1.000000 cache=0.3MiB(194txo)
2025-10-09T04:10:46Z Saw new header hash=66b9c8ac034285d1d31c10787f37bcd80efca35e15d366dc8fa396440a553d5e height=127
2025-10-09T04:10:46Z Saw new cmpctblock header hash=66b9c8ac034285d1d31c10787f37bcd80efca35e15d366dc8fa396440a553d5e peer=0
2025-10-09T04:10:46Z UpdateTip: new best=66b9c8ac034285d1d31c10787f37bcd80efca35e15d366dc8fa396440a553d5e height=127 version=0x20000000 log2_work=8.000000 tx=1148 date='2025-10-09T04:10:46Z' progress=1.000000 cache=0.3MiB(197txo)
2025-10-09T04:10:51Z Saw new header hash=37610b3a89a7dc7ea377d06bb07415e85449b580fc33a2de6e96ea68e428d33f height=128
2025-10-09T04:10:51Z Saw new cmpctblock header hash=37610b3a89a7dc7ea377d06bb07415e85449b580fc33a2de6e96ea68e428d33f peer=0
2025-10-09T04:10:51Z UpdateTip: new best=37610b3a89a7dc7ea377d06bb07415e85449b580fc33a2de6e96ea68e428d33f height=128 version=0x20000000 log2_work=8.011227 tx=1190 date='2025-10-09T04:10:51Z' progress=1.000000 cache=0.3MiB(198txo)
2025-10-09T04:10:56Z Saw new header hash=1f576dd6d741eb38e0b401ebab1faac35d2d0b8c7866ea349d68355d05a160d4 height=129
2025-10-09T04:10:56Z Saw new cmpctblock header hash=1f576dd6d741eb38e0b401ebab1faac35d2d0b8c7866ea349d68355d05a160d4 peer=0
2025-10-09T04:10:56Z UpdateTip: new best=1f576dd6d741eb38e0b401ebab1faac35d2d0b8c7866ea349d68355d05a160d4 height=129 version=0x20000000 log2_work=8.022368 tx=1232 date='2025-10-09T04:10:56Z' progress=1.000000 cache=0.3MiB(204txo)
2025-10-09T04:11:02Z Saw new header hash=0440edf656cfbe31ab9b8843ebff7d766c18ed501ff68134e81d61533f36c636 height=130
2025-10-09T04:11:02Z Saw new cmpctblock header hash=0440edf656cfbe31ab9b8843ebff7d766c18ed501ff68134e81d61533f36c636 peer=0
2025-10-09T04:11:02Z UpdateTip: new best=0440edf656cfbe31ab9b8843ebff7d766c18ed501ff68134e81d61533f36c636 height=130 version=0x20000000 log2_work=8.033423 tx=1273 date='2025-10-09T04:11:02Z' progress=1.000000 cache=0.3MiB(203txo)
2025-10-09T04:11:07Z Saw new header hash=5eb73a5e97212fa485432030d64b76a29e4ed6f914a71d2538bb18ce77cae63a height=131
2025-10-09T04:11:07Z Saw new cmpctblock header hash=5eb73a5e97212fa485432030d64b76a29e4ed6f914a71d2538bb18ce77cae63a peer=0
2025-10-09T04:11:07Z UpdateTip: new best=5eb73a5e97212fa485432030d64b76a29e4ed6f914a71d2538bb18ce77cae63a height=131 version=0x20000000 log2_work=8.044394 tx=1313 date='2025-10-09T04:11:07Z' progress=1.000000 cache=0.3MiB(209txo)
2025-10-09T04:11:12Z Saw new header hash=1214c3746c3e31b479d576f8f6596ab431d14a4a63f550042ae407807f877151 height=132
2025-10-09T04:11:12Z Saw new cmpctblock header hash=1214c3746c3e31b479d576f8f6596ab431d14a4a63f550042ae407807f877151 peer=0
2025-10-09T04:11:12Z UpdateTip: new best=1214c3746c3e31b479d576f8f6596ab431d14a4a63f550042ae407807f877151 height=132 version=0x20000000 log2_work=8.055282 tx=1353 date='2025-10-09T04:11:12Z' progress=1.000000 cache=0.3MiB(210txo)
2025-10-09T04:11:17Z Saw new header hash=731a64be08220de493dc298cf9fc771caf41df8f6cfe84037ea9197cc6ea0789 height=133
2025-10-09T04:11:17Z Saw new cmpctblock header hash=731a64be08220de493dc298cf9fc771caf41df8f6cfe84037ea9197cc6ea0789 peer=0
2025-10-09T04:11:17Z UpdateTip: new best=731a64be08220de493dc298cf9fc771caf41df8f6cfe84037ea9197cc6ea0789 height=133 version=0x20000000 log2_work=8.066089 tx=1394 date='2025-10-09T04:11:17Z' progress=1.000000 cache=0.3MiB(217txo)
2025-10-09T04:11:22Z Saw new header hash=2ec193416f330b854129dd981c2fd80a94cdc4ac7fbd94d4863be87afa4ed7cc height=134
2025-10-09T04:11:22Z Saw new cmpctblock header hash=2ec193416f330b854129dd981c2fd80a94cdc4ac7fbd94d4863be87afa4ed7cc peer=0
2025-10-09T04:11:22Z UpdateTip: new best=2ec193416f330b854129dd981c2fd80a94cdc4ac7fbd94d4863be87afa4ed7cc height=134 version=0x20000000 log2_work=8.076816 tx=1435 date='2025-10-09T04:11:22Z' progress=1.000000 cache=0.3MiB(224txo)
2025-10-09T04:11:27Z Saw new header hash=3651d88d923b54928ab278d92ece57d8cba65e1f207bfd2e6a2a9d25cbb75fa7 height=135
2025-10-09T04:11:27Z Saw new cmpctblock header hash=3651d88d923b54928ab278d92ece57d8cba65e1f207bfd2e6a2a9d25cbb75fa7 peer=0
2025-10-09T04:11:27Z UpdateTip: new best=3651d88d923b54928ab278d92ece57d8cba65e1f207bfd2e6a2a9d25cbb75fa7 height=135 version=0x20000000 log2_work=8.087463 tx=1477 date='2025-10-09T04:11:27Z' progress=1.000000 cache=0.3MiB(219txo)
2025-10-09T04:11:32Z Saw new header hash=5f54910dfc99a3352566d0c10b0f41c4d4571b90f46e3fda3772f8a0bd15c271 height=136
2025-10-09T04:11:32Z Saw new cmpctblock header hash=5f54910dfc99a3352566d0c10b0f41c4d4571b90f46e3fda3772f8a0bd15c271 peer=0
2025-10-09T04:11:32Z UpdateTip: new best=5f54910dfc99a3352566d0c10b0f41c4d4571b90f46e3fda3772f8a0bd15c271 height=136 version=0x20000000 log2_work=8.098032 tx=1521 date='2025-10-09T04:11:32Z' progress=1.000000 cache=0.3MiB(221txo)
2025-10-09T04:11:37Z Saw new header hash=334755ef48d2cc00ff7abd49aa5ed116e473087880b9d5070c3fc521c1fbb802 height=137
2025-10-09T04:11:37Z Saw new cmpctblock header hash=334755ef48d2cc00ff7abd49aa5ed116e473087880b9d5070c3fc521c1fbb802 peer=0
2025-10-09T04:11:37Z UpdateTip: new best=334755ef48d2cc00ff7abd49aa5ed116e473087880b9d5070c3fc521c1fbb802 height=137 version=0x20000000 log2_work=8.108524 tx=1555 date='2025-10-09T04:11:37Z' progress=1.000000 cache=0.3MiB(233txo)
2025-10-09T04:11:43Z Saw new header hash=2cb28ff48f7a2ebf88ffd7bc52054909a2b6b5798df89709fb5d199768e81506 height=138
2025-10-09T04:11:43Z Saw new cmpctblock header hash=2cb28ff48f7a2ebf88ffd7bc52054909a2b6b5798df89709fb5d199768e81506 peer=0
2025-10-09T04:11:43Z UpdateTip: new best=2cb28ff48f7a2ebf88ffd7bc52054909a2b6b5798df89709fb5d199768e81506 height=138 version=0x20000000 log2_work=8.118941 tx=1561 date='2025-10-09T04:11:42Z' progress=1.000000 cache=0.3MiB(234txo)
2025-10-09T04:11:49Z Saw new header hash=2d78b0c6a66f5536b27eafd6ad5b334d958910f3a311877d4e8aaefc101deb5f height=139
2025-10-09T04:11:49Z Saw new cmpctblock header hash=2d78b0c6a66f5536b27eafd6ad5b334d958910f3a311877d4e8aaefc101deb5f peer=0
2025-10-09T04:11:49Z UpdateTip: new best=2d78b0c6a66f5536b27eafd6ad5b334d958910f3a311877d4e8aaefc101deb5f height=139 version=0x20000000 log2_work=8.129283 tx=1572 date='2025-10-09T04:11:48Z' progress=1.000000 cache=0.3MiB(238txo)
2025-10-09T04:11:54Z Saw new header hash=2508ce2a426601c1d16598f57a8ee5c454c019b345416e56e66fd5e9a0b9e7a7 height=140
2025-10-09T04:11:54Z Saw new cmpctblock header hash=2508ce2a426601c1d16598f57a8ee5c454c019b345416e56e66fd5e9a0b9e7a7 peer=0
2025-10-09T04:11:54Z UpdateTip: new best=2508ce2a426601c1d16598f57a8ee5c454c019b345416e56e66fd5e9a0b9e7a7 height=140 version=0x20000000 log2_work=8.139551 tx=1583 date='2025-10-09T04:11:53Z' progress=1.000000 cache=0.3MiB(248txo)
2025-10-09T04:12:00Z Saw new header hash=7a314606a6df3272bc7bbea85e7f38b4e9afb46c22fc7c05295dbc5a759b7650 height=141
2025-10-09T04:12:00Z Saw new cmpctblock header hash=7a314606a6df3272bc7bbea85e7f38b4e9afb46c22fc7c05295dbc5a759b7650 peer=0
2025-10-09T04:12:00Z UpdateTip: new best=7a314606a6df3272bc7bbea85e7f38b4e9afb46c22fc7c05295dbc5a759b7650 height=141 version=0x20000000 log2_work=8.149747 tx=1594 date='2025-10-09T04:11:59Z' progress=1.000000 cache=0.3MiB(255txo)
2025-10-09T04:12:05Z Saw new header hash=224b791a8c6bb696043730ee38f1847ee83b7382a356267004bf9a72e102979b height=142
2025-10-09T04:12:05Z Saw new cmpctblock header hash=224b791a8c6bb696043730ee38f1847ee83b7382a356267004bf9a72e102979b peer=0
2025-10-09T04:12:06Z UpdateTip: new best=224b791a8c6bb696043730ee38f1847ee83b7382a356267004bf9a72e102979b height=142 version=0x20000000 log2_work=8.159871 tx=1602 date='2025-10-09T04:12:04Z' progress=1.000000 cache=0.3MiB(258txo)
2025-10-09T04:12:11Z Saw new header hash=0e54caa5f90e857462385f303b1af9ffaa7b1080d89d50077f104ae15f26a723 height=143
2025-10-09T04:12:11Z Saw new cmpctblock header hash=0e54caa5f90e857462385f303b1af9ffaa7b1080d89d50077f104ae15f26a723 peer=0
2025-10-09T04:12:12Z UpdateTip: new best=0e54caa5f90e857462385f303b1af9ffaa7b1080d89d50077f104ae15f26a723 height=143 version=0x20000000 log2_work=8.169925 tx=1612 date='2025-10-09T04:12:10Z' progress=1.000000 cache=0.3MiB(265txo)
2025-10-09T04:12:17Z Saw new header hash=5055a307709f5dc6222a53a606e0bec51cd513a485e5cd5950541f112319042a height=144
2025-10-09T04:12:17Z Saw new cmpctblock header hash=5055a307709f5dc6222a53a606e0bec51cd513a485e5cd5950541f112319042a peer=0
2025-10-09T04:12:17Z UpdateTip: new best=5055a307709f5dc6222a53a606e0bec51cd513a485e5cd5950541f112319042a height=144 version=0x30000000 log2_work=8.179909 tx=1621 date='2025-10-09T04:12:15Z' progress=1.000000 cache=0.3MiB(266txo)
2025-10-09T04:12:22Z Saw new header hash=53136596d70073913533571eeff1a07dd976b11ac6c1dd04b05f0b68e99bb305 height=145
2025-10-09T04:12:22Z Saw new cmpctblock header hash=53136596d70073913533571eeff1a07dd976b11ac6c1dd04b05f0b68e99bb305 peer=0
2025-10-09T04:12:22Z UpdateTip: new best=53136596d70073913533571eeff1a07dd976b11ac6c1dd04b05f0b68e99bb305 height=145 version=0x30000000 log2_work=8.189825 tx=1630 date='2025-10-09T04:12:21Z' progress=1.000000 cache=0.3MiB(272txo)
2025-10-09T04:12:29Z Saw new header hash=70f9816fed854ee69cbe98e317392b6181d2e33671dea847b48e1ef23ca55822 height=146
2025-10-09T04:12:29Z Saw new cmpctblock header hash=70f9816fed854ee69cbe98e317392b6181d2e33671dea847b48e1ef23ca55822 peer=0
2025-10-09T04:12:29Z UpdateTip: new best=70f9816fed854ee69cbe98e317392b6181d2e33671dea847b48e1ef23ca55822 height=146 version=0x30000000 log2_work=8.199672 tx=1639 date='2025-10-09T04:12:27Z' progress=1.000000 cache=0.3MiB(279txo)
2025-10-09T04:12:34Z Saw new header hash=5b8f6ab0355d1d0af5c65f6de6f8e1c72cac875070d63a9285b4a32c0114cf2f height=147
2025-10-09T04:12:34Z Saw new cmpctblock header hash=5b8f6ab0355d1d0af5c65f6de6f8e1c72cac875070d63a9285b4a32c0114cf2f peer=0
2025-10-09T04:12:35Z UpdateTip: new best=5b8f6ab0355d1d0af5c65f6de6f8e1c72cac875070d63a9285b4a32c0114cf2f height=147 version=0x30000000 log2_work=8.209453 tx=1648 date='2025-10-09T04:12:33Z' progress=1.000000 cache=0.3MiB(282txo)
2025-10-09T04:12:40Z Saw new header hash=5612f5852d6fc8d62b52b6be5d7ecd85914d78162b573db403e06f8755b827c2 height=148
2025-10-09T04:12:40Z Saw new cmpctblock header hash=5612f5852d6fc8d62b52b6be5d7ecd85914d78162b573db403e06f8755b827c2 peer=0
2025-10-09T04:12:40Z UpdateTip: new best=5612f5852d6fc8d62b52b6be5d7ecd85914d78162b573db403e06f8755b827c2 height=148 version=0x30000000 log2_work=8.219169 tx=1659 date='2025-10-09T04:12:39Z' progress=1.000000 cache=0.3MiB(286txo)
2025-10-09T04:12:45Z Saw new header hash=187715005694b948d7285e1caa4f6d17104a51b0693bddf2bee9c244b23bf801 height=149
2025-10-09T04:12:45Z Saw new cmpctblock header hash=187715005694b948d7285e1caa4f6d17104a51b0693bddf2bee9c244b23bf801 peer=0
2025-10-09T04:12:45Z UpdateTip: new best=187715005694b948d7285e1caa4f6d17104a51b0693bddf2bee9c244b23bf801 height=149 version=0x30000000 log2_work=8.228819 tx=1669 date='2025-10-09T04:12:44Z' progress=1.000000 cache=0.3MiB(290txo)
2025-10-09T04:12:50Z Saw new header hash=2e322ee0861fb2a5da7e3c4aa9b48207c61a9689a76729686a38f24307fd7ba4 height=150
2025-10-09T04:12:50Z Saw new cmpctblock header hash=2e322ee0861fb2a5da7e3c4aa9b48207c61a9689a76729686a38f24307fd7ba4 peer=0
2025-10-09T04:12:51Z UpdateTip: new best=2e322ee0861fb2a5da7e3c4aa9b48207c61a9689a76729686a38f24307fd7ba4 height=150 version=0x30000000 log2_work=8.238405 tx=1678 date='2025-10-09T04:12:49Z' progress=1.000000 cache=0.3MiB(295txo)
2025-10-09T04:12:56Z Saw new header hash=35390510e107e5fb8613a4be44ee9c77a93edcb76cfc1d0191eaa79333cf1de2 height=151
2025-10-09T04:12:56Z Saw new cmpctblock header hash=35390510e107e5fb8613a4be44ee9c77a93edcb76cfc1d0191eaa79333cf1de2 peer=0
2025-10-09T04:12:56Z UpdateTip: new best=35390510e107e5fb8613a4be44ee9c77a93edcb76cfc1d0191eaa79333cf1de2 height=151 version=0x30000000 log2_work=8.247928 tx=1687 date='2025-10-09T04:12:55Z' progress=1.000000 cache=0.3MiB(296txo)
2025-10-09T04:13:02Z Saw new header hash=5098054f363eb57cbd417b6a049b59237a7e10f44724563b12627db281729d9b height=152
2025-10-09T04:13:02Z Saw new cmpctblock header hash=5098054f363eb57cbd417b6a049b59237a7e10f44724563b12627db281729d9b peer=0
2025-10-09T04:13:02Z UpdateTip: new best=5098054f363eb57cbd417b6a049b59237a7e10f44724563b12627db281729d9b height=152 version=0x30000000 log2_work=8.257388 tx=1698 date='2025-10-09T04:13:00Z' progress=1.000000 cache=0.3MiB(296txo)
2025-10-09T04:13:07Z Saw new header hash=38060fef5c9953e32031000a01b904ef6e2320eee39f0b61103c62e61a8b9b9a height=153
2025-10-09T04:13:07Z Saw new cmpctblock header hash=38060fef5c9953e32031000a01b904ef6e2320eee39f0b61103c62e61a8b9b9a peer=0
2025-10-09T04:13:07Z UpdateTip: new best=38060fef5c9953e32031000a01b904ef6e2320eee39f0b61103c62e61a8b9b9a height=153 version=0x30000000 log2_work=8.266787 tx=1705 date='2025-10-09T04:13:06Z' progress=1.000000 cache=0.3MiB(300txo)
2025-10-09T04:13:14Z Saw new header hash=0069f96e3b7e84b956e2f26e5ca27b14bad285bd610693d4947bb1a3e3b0bdc6 height=154
2025-10-09T04:13:14Z Saw new cmpctblock header hash=0069f96e3b7e84b956e2f26e5ca27b14bad285bd610693d4947bb1a3e3b0bdc6 peer=0
2025-10-09T04:13:14Z UpdateTip: new best=0069f96e3b7e84b956e2f26e5ca27b14bad285bd610693d4947bb1a3e3b0bdc6 height=154 version=0x30000000 log2_work=8.276124 tx=1715 date='2025-10-09T04:13:13Z' progress=1.000000 cache=0.3MiB(306txo)
2025-10-09T04:13:20Z Saw new header hash=5c046e50a13b1b9b3aa49a9a78845c8deb171a82ee2c9f8d2bdd7343b886a901 height=155
2025-10-09T04:13:20Z Saw new cmpctblock header hash=5c046e50a13b1b9b3aa49a9a78845c8deb171a82ee2c9f8d2bdd7343b886a901 peer=0
2025-10-09T04:13:20Z UpdateTip: new best=5c046e50a13b1b9b3aa49a9a78845c8deb171a82ee2c9f8d2bdd7343b886a901 height=155 version=0x30000000 log2_work=8.285402 tx=1725 date='2025-10-09T04:13:19Z' progress=1.000000 cache=0.3MiB(308txo)
2025-10-09T04:13:25Z Saw new header hash=5767b2c699bbeb22c9e09cf171640e62ba455c83c612fb53d6856226661dbe9d height=156
2025-10-09T04:13:25Z Saw new cmpctblock header hash=5767b2c699bbeb22c9e09cf171640e62ba455c83c612fb53d6856226661dbe9d peer=0
2025-10-09T04:13:26Z UpdateTip: new best=5767b2c699bbeb22c9e09cf171640e62ba455c83c612fb53d6856226661dbe9d height=156 version=0x30000000 log2_work=8.294621 tx=1731 date='2025-10-09T04:13:24Z' progress=1.000000 cache=0.3MiB(313txo)
2025-10-09T04:13:31Z Saw new header hash=76dab0210496b1fbfb522b14eb2b5ef06785e5d97b24dc7dc8d1d1bb006dd6a1 height=157
2025-10-09T04:13:31Z Saw new cmpctblock header hash=76dab0210496b1fbfb522b14eb2b5ef06785e5d97b24dc7dc8d1d1bb006dd6a1 peer=0
2025-10-09T04:13:31Z UpdateTip: new best=76dab0210496b1fbfb522b14eb2b5ef06785e5d97b24dc7dc8d1d1bb006dd6a1 height=157 version=0x30000000 log2_work=8.303781 tx=1740 date='2025-10-09T04:13:30Z' progress=1.000000 cache=0.3MiB(318txo)
2025-10-09T04:13:37Z Saw new header hash=1f555be242ea6e2b923170830420411100e22c3cccbeb2f6b473097cc4f5a184 height=158
2025-10-09T04:13:37Z Saw new cmpctblock header hash=1f555be242ea6e2b923170830420411100e22c3cccbeb2f6b473097cc4f5a184 peer=0
2025-10-09T04:13:37Z UpdateTip: new best=1f555be242ea6e2b923170830420411100e22c3cccbeb2f6b473097cc4f5a184 height=158 version=0x30000000 log2_work=8.312883 tx=1750 date='2025-10-09T04:13:35Z' progress=1.000000 cache=0.3MiB(321txo)
2025-10-09T04:13:42Z Saw new header hash=5d446cec91a19ba38a932233ab1dc95f68a62b327bd2226cc17393a1eb42e00e height=159
2025-10-09T04:13:42Z Saw new cmpctblock header hash=5d446cec91a19ba38a932233ab1dc95f68a62b327bd2226cc17393a1eb42e00e peer=0
2025-10-09T04:13:42Z UpdateTip: new best=5d446cec91a19ba38a932233ab1dc95f68a62b327bd2226cc17393a1eb42e00e height=159 version=0x30000000 log2_work=8.321928 tx=1761 date='2025-10-09T04:13:41Z' progress=1.000000 cache=0.3MiB(327txo)
2025-10-09T04:13:48Z Saw new header hash=7c497d2880d1d42824f930ee6de6791552d69fb20296f25b56a97d3903bee338 height=160
2025-10-09T04:13:48Z Saw new cmpctblock header hash=7c497d2880d1d42824f930ee6de6791552d69fb20296f25b56a97d3903bee338 peer=0
2025-10-09T04:13:48Z UpdateTip: new best=7c497d2880d1d42824f930ee6de6791552d69fb20296f25b56a97d3903bee338 height=160 version=0x30000000 log2_work=8.330917 tx=1768 date='2025-10-09T04:13:47Z' progress=1.000000 cache=0.3MiB(332txo)
2025-10-09T04:13:53Z Saw new header hash=0ed52e9447f264f508d3ef44dc3973a150e2d4598a4afa46df8c6a18939f6866 height=161
2025-10-09T04:13:53Z Saw new cmpctblock header hash=0ed52e9447f264f508d3ef44dc3973a150e2d4598a4afa46df8c6a18939f6866 peer=0
2025-10-09T04:13:54Z UpdateTip: new best=0ed52e9447f264f508d3ef44dc3973a150e2d4598a4afa46df8c6a18939f6866 height=161 version=0x30000000 log2_work=8.339850 tx=1779 date='2025-10-09T04:13:52Z' progress=1.000000 cache=0.3MiB(333txo)
2025-10-09T04:13:59Z Saw new header hash=67dfc80103438832d6fe8670618b1783e482cc9477a18fc958cdf4f5fc17abff height=162
2025-10-09T04:13:59Z Saw new cmpctblock header hash=67dfc80103438832d6fe8670618b1783e482cc9477a18fc958cdf4f5fc17abff peer=0
2025-10-09T04:14:00Z UpdateTip: new best=67dfc80103438832d6fe8670618b1783e482cc9477a18fc958cdf4f5fc17abff height=162 version=0x30000000 log2_work=8.348728 tx=1789 date='2025-10-09T04:13:58Z' progress=1.000000 cache=0.3MiB(339txo)
2025-10-09T04:14:05Z Saw new header hash=48eedf8057fce5f1d84c586f961aca6037fab07bca7a30c9cc9f40d79f0a6314 height=163
2025-10-09T04:14:05Z Saw new cmpctblock header hash=48eedf8057fce5f1d84c586f961aca6037fab07bca7a30c9cc9f40d79f0a6314 peer=0
2025-10-09T04:14:05Z UpdateTip: new best=48eedf8057fce5f1d84c586f961aca6037fab07bca7a30c9cc9f40d79f0a6314 height=163 version=0x30000000 log2_work=8.357552 tx=1797 date='2025-10-09T04:14:03Z' progress=1.000000 cache=0.3MiB(347txo)
2025-10-09T04:14:10Z Saw new header hash=53bf53b7bfa67b7ef942aeb4c96689b54a2b85c5cce835da83063540473212fe height=164
2025-10-09T04:14:10Z Saw new cmpctblock header hash=53bf53b7bfa67b7ef942aeb4c96689b54a2b85c5cce835da83063540473212fe peer=0
2025-10-09T04:14:10Z UpdateTip: new best=53bf53b7bfa67b7ef942aeb4c96689b54a2b85c5cce835da83063540473212fe height=164 version=0x30000000 log2_work=8.366322 tx=1808 date='2025-10-09T04:14:09Z' progress=1.000000 cache=0.3MiB(356txo)
2025-10-09T04:14:16Z Saw new header hash=13a96578ba7da2b372828803c619f744efc46153f44606fc4408a4c45735d9bf height=165
2025-10-09T04:14:16Z Saw new cmpctblock header hash=13a96578ba7da2b372828803c619f744efc46153f44606fc4408a4c45735d9bf peer=0
2025-10-09T04:14:16Z UpdateTip: new best=13a96578ba7da2b372828803c619f744efc46153f44606fc4408a4c45735d9bf height=165 version=0x30000000 log2_work=8.375039 tx=1818 date='2025-10-09T04:14:15Z' progress=1.000000 cache=0.3MiB(359txo)
2025-10-09T04:14:21Z Saw new header hash=24abd9db84530d31833de5824b7c55378cff7ceeea7830cfb45b01ba261be01c height=166
2025-10-09T04:14:21Z Saw new cmpctblock header hash=24abd9db84530d31833de5824b7c55378cff7ceeea7830cfb45b01ba261be01c peer=0
2025-10-09T04:14:21Z UpdateTip: new best=24abd9db84530d31833de5824b7c55378cff7ceeea7830cfb45b01ba261be01c height=166 version=0x30000000 log2_work=8.383704 tx=1828 date='2025-10-09T04:14:20Z' progress=1.000000 cache=0.3MiB(357txo)
2025-10-09T04:14:28Z Saw new header hash=77e076d411383f9266b216ce6df8801476450ca05bc1e21abaa338efe6425f0f height=167
2025-10-09T04:14:28Z Saw new cmpctblock header hash=77e076d411383f9266b216ce6df8801476450ca05bc1e21abaa338efe6425f0f peer=0
2025-10-09T04:14:28Z UpdateTip: new best=77e076d411383f9266b216ce6df8801476450ca05bc1e21abaa338efe6425f0f height=167 version=0x30000000 log2_work=8.392317 tx=1837 date='2025-10-09T04:14:27Z' progress=1.000000 cache=0.3MiB(352txo)
2025-10-09T04:14:34Z Saw new header hash=7298754a4a1a0b8f0ec5028a95439b3be46ac966c14d51b39af89115c6c1e34c height=168
2025-10-09T04:14:34Z Saw new cmpctblock header hash=7298754a4a1a0b8f0ec5028a95439b3be46ac966c14d51b39af89115c6c1e34c peer=0
2025-10-09T04:14:34Z UpdateTip: new best=7298754a4a1a0b8f0ec5028a95439b3be46ac966c14d51b39af89115c6c1e34c height=168 version=0x30000000 log2_work=8.400879 tx=1846 date='2025-10-09T04:14:33Z' progress=1.000000 cache=0.3MiB(355txo)
2025-10-09T04:14:39Z Saw new header hash=0b07aa6a718bf0057c308fc82e608f9a1a12748e34e5974a5816a7fef0bdbc71 height=169
2025-10-09T04:14:39Z Saw new cmpctblock header hash=0b07aa6a718bf0057c308fc82e608f9a1a12748e34e5974a5816a7fef0bdbc71 peer=0
2025-10-09T04:14:39Z UpdateTip: new best=0b07aa6a718bf0057c308fc82e608f9a1a12748e34e5974a5816a7fef0bdbc71 height=169 version=0x30000000 log2_work=8.409391 tx=1856 date='2025-10-09T04:14:38Z' progress=1.000000 cache=0.3MiB(357txo)
2025-10-09T04:14:44Z Saw new header hash=0a59def95cab9cf53240d1cc8875d34254af50d574ac9847a47e4bef640275b5 height=170
2025-10-09T04:14:44Z Saw new cmpctblock header hash=0a59def95cab9cf53240d1cc8875d34254af50d574ac9847a47e4bef640275b5 peer=0
2025-10-09T04:14:44Z UpdateTip: new best=0a59def95cab9cf53240d1cc8875d34254af50d574ac9847a47e4bef640275b5 height=170 version=0x30000000 log2_work=8.417853 tx=1866 date='2025-10-09T04:14:43Z' progress=1.000000 cache=0.3MiB(358txo)
2025-10-09T04:14:49Z Saw new header hash=63fa0e9f0974f05297882f7107e0b4bce7c667cd1bee307c99c2f9f0a81918ba height=171
2025-10-09T04:14:49Z Saw new cmpctblock header hash=63fa0e9f0974f05297882f7107e0b4bce7c667cd1bee307c99c2f9f0a81918ba peer=0
2025-10-09T04:14:50Z UpdateTip: new best=63fa0e9f0974f05297882f7107e0b4bce7c667cd1bee307c99c2f9f0a81918ba height=171 version=0x30000000 log2_work=8.426265 tx=1876 date='2025-10-09T04:14:48Z' progress=1.000000 cache=0.3MiB(369txo)
2025-10-09T04:14:55Z Saw new header hash=4f07e28af53b72f929610b45c19bfa38719042cb67c1bfc753e047ec9475f655 height=172
2025-10-09T04:14:55Z Saw new cmpctblock header hash=4f07e28af53b72f929610b45c19bfa38719042cb67c1bfc753e047ec9475f655 peer=0
2025-10-09T04:14:55Z UpdateTip: new best=4f07e28af53b72f929610b45c19bfa38719042cb67c1bfc753e047ec9475f655 height=172 version=0x30000000 log2_work=8.434628 tx=1885 date='2025-10-09T04:14:54Z' progress=1.000000 cache=0.3MiB(372txo)
2025-10-09T04:15:00Z Saw new header hash=248352ab8705b8554912fe999c31cdd4fce600beafc0e42d0e583969258d835f height=173
2025-10-09T04:15:00Z Saw new cmpctblock header hash=248352ab8705b8554912fe999c31cdd4fce600beafc0e42d0e583969258d835f peer=0
2025-10-09T04:15:00Z UpdateTip: new best=248352ab8705b8554912fe999c31cdd4fce600beafc0e42d0e583969258d835f height=173 version=0x30000000 log2_work=8.442943 tx=1895 date='2025-10-09T04:14:59Z' progress=1.000000 cache=0.3MiB(381txo)
2025-10-09T04:15:06Z Saw new header hash=051effbc22d82f797aad3e8cedd4a0df0f7023eac1717e1b68da77a5ddfd3cd9 height=174
2025-10-09T04:15:06Z Saw new cmpctblock header hash=051effbc22d82f797aad3e8cedd4a0df0f7023eac1717e1b68da77a5ddfd3cd9 peer=0
2025-10-09T04:15:06Z UpdateTip: new best=051effbc22d82f797aad3e8cedd4a0df0f7023eac1717e1b68da77a5ddfd3cd9 height=174 version=0x30000000 log2_work=8.451211 tx=1904 date='2025-10-09T04:15:05Z' progress=1.000000 cache=0.3MiB(380txo)
2025-10-09T04:15:12Z Saw new header hash=2a253692e7efa6d3f6508f391588bdac761b3a8eb517de82f8e70b6ab4ae9eef height=175
2025-10-09T04:15:12Z Saw new cmpctblock header hash=2a253692e7efa6d3f6508f391588bdac761b3a8eb517de82f8e70b6ab4ae9eef peer=0
2025-10-09T04:15:12Z UpdateTip: new best=2a253692e7efa6d3f6508f391588bdac761b3a8eb517de82f8e70b6ab4ae9eef height=175 version=0x30000000 log2_work=8.459432 tx=1914 date='2025-10-09T04:15:10Z' progress=1.000000 cache=0.3MiB(386txo)
2025-10-09T04:15:18Z Saw new header hash=386b34a1cc99389bccaed13cfb860f788faab518a5a7b0948d24605b4e0b4915 height=176
2025-10-09T04:15:18Z Saw new cmpctblock header hash=386b34a1cc99389bccaed13cfb860f788faab518a5a7b0948d24605b4e0b4915 peer=0
2025-10-09T04:15:18Z UpdateTip: new best=386b34a1cc99389bccaed13cfb860f788faab518a5a7b0948d24605b4e0b4915 height=176 version=0x30000000 log2_work=8.467606 tx=1923 date='2025-10-09T04:15:17Z' progress=1.000000 cache=0.3MiB(389txo)
2025-10-09T04:15:23Z Saw new header hash=640800b961a36d9538b93fe7992373a97c0093d61dd1f095fe8269b056ee4e7d height=177
2025-10-09T04:15:23Z Saw new cmpctblock header hash=640800b961a36d9538b93fe7992373a97c0093d61dd1f095fe8269b056ee4e7d peer=0
2025-10-09T04:15:24Z UpdateTip: new best=640800b961a36d9538b93fe7992373a97c0093d61dd1f095fe8269b056ee4e7d height=177 version=0x30000000 log2_work=8.475733 tx=1934 date='2025-10-09T04:15:22Z' progress=1.000000 cache=0.3MiB(387txo)
2025-10-09T04:15:29Z Saw new header hash=17ba408d7fe7df01422dd4542cfb831ba155d999fb3e6bf88591588f2f0c42ed height=178
2025-10-09T04:15:29Z Saw new cmpctblock header hash=17ba408d7fe7df01422dd4542cfb831ba155d999fb3e6bf88591588f2f0c42ed peer=0
2025-10-09T04:15:29Z UpdateTip: new best=17ba408d7fe7df01422dd4542cfb831ba155d999fb3e6bf88591588f2f0c42ed height=178 version=0x30000000 log2_work=8.483816 tx=1944 date='2025-10-09T04:15:28Z' progress=1.000000 cache=0.3MiB(393txo)
2025-10-09T04:15:34Z Saw new header hash=325d7101ad6f97fe7da95a980d09daef99ecaab3c65f6b800fac2585838cf98b height=179
2025-10-09T04:15:34Z Saw new cmpctblock header hash=325d7101ad6f97fe7da95a980d09daef99ecaab3c65f6b800fac2585838cf98b peer=0
2025-10-09T04:15:34Z UpdateTip: new best=325d7101ad6f97fe7da95a980d09daef99ecaab3c65f6b800fac2585838cf98b height=179 version=0x30000000 log2_work=8.491853 tx=1953 date='2025-10-09T04:15:33Z' progress=1.000000 cache=0.3MiB(400txo)
2025-10-09T04:15:40Z Saw new header hash=488dc525153d160db74cbd76d19100106f2ea97ea933d96438c4f328fa1b1fb3 height=180
2025-10-09T04:15:40Z Saw new cmpctblock header hash=488dc525153d160db74cbd76d19100106f2ea97ea933d96438c4f328fa1b1fb3 peer=0
2025-10-09T04:15:40Z UpdateTip: new best=488dc525153d160db74cbd76d19100106f2ea97ea933d96438c4f328fa1b1fb3 height=180 version=0x30000000 log2_work=8.499846 tx=1963 date='2025-10-09T04:15:39Z' progress=1.000000 cache=0.3MiB(402txo)
2025-10-09T04:15:45Z Saw new header hash=5bb99f6d095c0a3d752d2acbaf3fd3f1cd72ddc38d752d87b6300b46381e77e3 height=181
2025-10-09T04:15:45Z Saw new cmpctblock header hash=5bb99f6d095c0a3d752d2acbaf3fd3f1cd72ddc38d752d87b6300b46381e77e3 peer=0
2025-10-09T04:15:45Z UpdateTip: new best=5bb99f6d095c0a3d752d2acbaf3fd3f1cd72ddc38d752d87b6300b46381e77e3 height=181 version=0x30000000 log2_work=8.507795 tx=1973 date='2025-10-09T04:15:44Z' progress=1.000000 cache=0.3MiB(407txo)
2025-10-09T04:15:51Z Saw new header hash=4138a5edfffc457bb4c5e6fc2c761e94c7904c7bffb4d193ac247d89cadd6782 height=182
2025-10-09T04:15:51Z Saw new cmpctblock header hash=4138a5edfffc457bb4c5e6fc2c761e94c7904c7bffb4d193ac247d89cadd6782 peer=0
2025-10-09T04:15:52Z UpdateTip: new best=4138a5edfffc457bb4c5e6fc2c761e94c7904c7bffb4d193ac247d89cadd6782 height=182 version=0x30000000 log2_work=8.515700 tx=1984 date='2025-10-09T04:15:50Z' progress=1.000000 cache=0.3MiB(412txo)
2025-10-09T04:15:57Z Saw new header hash=1de14bb68e943d99843dc74ec03af90b1e0188deb28e6404fa0fb8fde8019a41 height=183
2025-10-09T04:15:57Z Saw new cmpctblock header hash=1de14bb68e943d99843dc74ec03af90b1e0188deb28e6404fa0fb8fde8019a41 peer=0
2025-10-09T04:15:57Z UpdateTip: new best=1de14bb68e943d99843dc74ec03af90b1e0188deb28e6404fa0fb8fde8019a41 height=183 version=0x30000000 log2_work=8.523562 tx=1995 date='2025-10-09T04:15:56Z' progress=1.000000 cache=0.3MiB(422txo)
2025-10-09T04:16:04Z Saw new header hash=1b8eda18df3347945f0d185771a3a75bef413a1b04ef729bb2c115ba2c5f3853 height=184
2025-10-09T04:16:04Z Saw new cmpctblock header hash=1b8eda18df3347945f0d185771a3a75bef413a1b04ef729bb2c115ba2c5f3853 peer=0
2025-10-09T04:16:04Z UpdateTip: new best=1b8eda18df3347945f0d185771a3a75bef413a1b04ef729bb2c115ba2c5f3853 height=184 version=0x30000000 log2_work=8.531381 tx=2004 date='2025-10-09T04:16:03Z' progress=1.000000 cache=0.3MiB(422txo)
2025-10-09T04:16:09Z Saw new header hash=0a33f0e2f049ff54318f752d95e194295ed61c24b55b434f813894de2640dea4 height=185
2025-10-09T04:16:09Z Saw new cmpctblock header hash=0a33f0e2f049ff54318f752d95e194295ed61c24b55b434f813894de2640dea4 peer=0
2025-10-09T04:16:09Z UpdateTip: new best=0a33f0e2f049ff54318f752d95e194295ed61c24b55b434f813894de2640dea4 height=185 version=0x30000000 log2_work=8.539159 tx=2014 date='2025-10-09T04:16:08Z' progress=1.000000 cache=0.3MiB(419txo)
2025-10-09T04:16:14Z Saw new header hash=18c42e0cb672270bb8b24ef8934bdc8fa34d53003e08a595036e75ad52c75005 height=186
2025-10-09T04:16:14Z Saw new cmpctblock header hash=18c42e0cb672270bb8b24ef8934bdc8fa34d53003e08a595036e75ad52c75005 peer=0
2025-10-09T04:16:15Z UpdateTip: new best=18c42e0cb672270bb8b24ef8934bdc8fa34d53003e08a595036e75ad52c75005 height=186 version=0x30000000 log2_work=8.546894 tx=2024 date='2025-10-09T04:16:13Z' progress=1.000000 cache=0.3MiB(424txo)
2025-10-09T04:16:20Z Saw new header hash=30d591bbd49654e5aefe2498599878dd32c1c071741165b6e0fb2268dec29679 height=187
2025-10-09T04:16:20Z Saw new cmpctblock header hash=30d591bbd49654e5aefe2498599878dd32c1c071741165b6e0fb2268dec29679 peer=0
2025-10-09T04:16:20Z UpdateTip: new best=30d591bbd49654e5aefe2498599878dd32c1c071741165b6e0fb2268dec29679 height=187 version=0x30000000 log2_work=8.554589 tx=2034 date='2025-10-09T04:16:19Z' progress=1.000000 cache=0.3MiB(428txo)
2025-10-09T04:16:26Z Saw new header hash=28231ca0f3a715bb68e7e8ea7009d1483500639a303824c09208cf636080b976 height=188
2025-10-09T04:16:26Z Saw new cmpctblock header hash=28231ca0f3a715bb68e7e8ea7009d1483500639a303824c09208cf636080b976 peer=0
2025-10-09T04:16:26Z UpdateTip: new best=28231ca0f3a715bb68e7e8ea7009d1483500639a303824c09208cf636080b976 height=188 version=0x30000000 log2_work=8.562242 tx=2045 date='2025-10-09T04:16:25Z' progress=1.000000 cache=0.3MiB(428txo)
2025-10-09T04:16:31Z Saw new header hash=1a4df35e555fc9b0a15adfe8b1b3ff3223ff9e0d8a9fc286551acbf668ee9e81 height=189
2025-10-09T04:16:31Z Saw new cmpctblock header hash=1a4df35e555fc9b0a15adfe8b1b3ff3223ff9e0d8a9fc286551acbf668ee9e81 peer=0
2025-10-09T04:16:31Z UpdateTip: new best=1a4df35e555fc9b0a15adfe8b1b3ff3223ff9e0d8a9fc286551acbf668ee9e81 height=189 version=0x30000000 log2_work=8.569856 tx=2055 date='2025-10-09T04:16:30Z' progress=1.000000 cache=0.3MiB(425txo)
2025-10-09T04:16:38Z Saw new header hash=56e6705c31a99bf18a7ad27b28a6e36f650c3b186febdd60538a97d1e0e94cff height=190
2025-10-09T04:16:38Z Saw new cmpctblock header hash=56e6705c31a99bf18a7ad27b28a6e36f650c3b186febdd60538a97d1e0e94cff peer=0
2025-10-09T04:16:38Z UpdateTip: new best=56e6705c31a99bf18a7ad27b28a6e36f650c3b186febdd60538a97d1e0e94cff height=190 version=0x30000000 log2_work=8.577429 tx=2065 date='2025-10-09T04:16:37Z' progress=1.000000 cache=0.3MiB(432txo)
2025-10-09T04:16:43Z Saw new header hash=789fbdd9eb90ea167be99ce0bc72001879db91729452bb3210808e4f87d795b5 height=191
2025-10-09T04:16:43Z Saw new cmpctblock header hash=789fbdd9eb90ea167be99ce0bc72001879db91729452bb3210808e4f87d795b5 peer=0
2025-10-09T04:16:43Z UpdateTip: new best=789fbdd9eb90ea167be99ce0bc72001879db91729452bb3210808e4f87d795b5 height=191 version=0x30000000 log2_work=8.584963 tx=2075 date='2025-10-09T04:16:42Z' progress=1.000000 cache=0.3MiB(441txo)
2025-10-09T04:16:49Z Saw new header hash=681084cc8cd701c05b5d9dfd3fc60f5e6bbfc2ca8faddb80355f53b458741337 height=192
2025-10-09T04:16:49Z Saw new cmpctblock header hash=681084cc8cd701c05b5d9dfd3fc60f5e6bbfc2ca8faddb80355f53b458741337 peer=0
2025-10-09T04:16:49Z UpdateTip: new best=681084cc8cd701c05b5d9dfd3fc60f5e6bbfc2ca8faddb80355f53b458741337 height=192 version=0x30000000 log2_work=8.592457 tx=2084 date='2025-10-09T04:16:47Z' progress=1.000000 cache=0.3MiB(445txo)
2025-10-09T04:16:55Z Saw new header hash=7bd7a7c6af4ba7c3e1a0d657e211508eff351e249fea69a7981dda68ff0662b4 height=193
2025-10-09T04:16:55Z Saw new cmpctblock header hash=7bd7a7c6af4ba7c3e1a0d657e211508eff351e249fea69a7981dda68ff0662b4 peer=0
2025-10-09T04:16:55Z UpdateTip: new best=7bd7a7c6af4ba7c3e1a0d657e211508eff351e249fea69a7981dda68ff0662b4 height=193 version=0x30000000 log2_work=8.599913 tx=2095 date='2025-10-09T04:16:53Z' progress=1.000000 cache=0.3MiB(448txo)
2025-10-09T04:17:00Z Saw new header hash=184f42f5a397a14abc12e1dd200ad5895b3b4fee2a8b79e699d733767560b317 height=194
2025-10-09T04:17:00Z Saw new cmpctblock header hash=184f42f5a397a14abc12e1dd200ad5895b3b4fee2a8b79e699d733767560b317 peer=0
2025-10-09T04:17:00Z UpdateTip: new best=184f42f5a397a14abc12e1dd200ad5895b3b4fee2a8b79e699d733767560b317 height=194 version=0x30000000 log2_work=8.607330 tx=2105 date='2025-10-09T04:16:59Z' progress=1.000000 cache=0.3MiB(451txo)
2025-10-09T04:17:07Z Saw new header hash=05f36657ee676207fe833285ae7e74dd205f44ff20748561849f37af0a4fbee1 height=195
2025-10-09T04:17:07Z Saw new cmpctblock header hash=05f36657ee676207fe833285ae7e74dd205f44ff20748561849f37af0a4fbee1 peer=0
2025-10-09T04:17:07Z UpdateTip: new best=05f36657ee676207fe833285ae7e74dd205f44ff20748561849f37af0a4fbee1 height=195 version=0x30000000 log2_work=8.614710 tx=2115 date='2025-10-09T04:17:05Z' progress=1.000000 cache=0.3MiB(456txo)
2025-10-09T04:17:11Z Saw new header hash=144f67fca2eaf163ee225ad8bd5a20b0229bda855bf1124fa8d7fa34cfe5be6e height=196
2025-10-09T04:17:11Z Saw new cmpctblock header hash=144f67fca2eaf163ee225ad8bd5a20b0229bda855bf1124fa8d7fa34cfe5be6e peer=0
2025-10-09T04:17:12Z UpdateTip: new best=144f67fca2eaf163ee225ad8bd5a20b0229bda855bf1124fa8d7fa34cfe5be6e height=196 version=0x30000000 log2_work=8.622052 tx=2125 date='2025-10-09T04:17:10Z' progress=1.000000 cache=0.3MiB(460txo)
2025-10-09T04:17:17Z Saw new header hash=65b7a845ae213fb6dc638ce5cc5934c29f77c5cf87a554230e7ae6fbf60494d7 height=197
2025-10-09T04:17:17Z Saw new cmpctblock header hash=65b7a845ae213fb6dc638ce5cc5934c29f77c5cf87a554230e7ae6fbf60494d7 peer=0
2025-10-09T04:17:17Z UpdateTip: new best=65b7a845ae213fb6dc638ce5cc5934c29f77c5cf87a554230e7ae6fbf60494d7 height=197 version=0x30000000 log2_work=8.629357 tx=2135 date='2025-10-09T04:17:16Z' progress=1.000000 cache=0.3MiB(464txo)
2025-10-09T04:17:22Z Saw new header hash=205edacb088708571e540c43ccb8a853a58371e91a82facce5b50e5215b98365 height=198
2025-10-09T04:17:22Z Saw new cmpctblock header hash=205edacb088708571e540c43ccb8a853a58371e91a82facce5b50e5215b98365 peer=0
2025-10-09T04:17:22Z UpdateTip: new best=205edacb088708571e540c43ccb8a853a58371e91a82facce5b50e5215b98365 height=198 version=0x30000000 log2_work=8.636625 tx=2145 date='2025-10-09T04:17:21Z' progress=1.000000 cache=0.3MiB(467txo)
2025-10-09T04:17:28Z Saw new header hash=2c4775cf68a6cf11675cf932bdb941cd801560d826e4d6796aa18f0b01a2699d height=199
2025-10-09T04:17:28Z Saw new cmpctblock header hash=2c4775cf68a6cf11675cf932bdb941cd801560d826e4d6796aa18f0b01a2699d peer=0
2025-10-09T04:17:29Z UpdateTip: new best=2c4775cf68a6cf11675cf932bdb941cd801560d826e4d6796aa18f0b01a2699d height=199 version=0x30000000 log2_work=8.643856 tx=2153 date='2025-10-09T04:17:27Z' progress=1.000000 cache=0.3MiB(475txo)
2025-10-09T04:17:34Z Saw new header hash=4fd7ef084be1e57d6294477f33539122945f15048010e580612897815e77f6a3 height=200
2025-10-09T04:17:34Z Saw new cmpctblock header hash=4fd7ef084be1e57d6294477f33539122945f15048010e580612897815e77f6a3 peer=0
2025-10-09T04:17:34Z UpdateTip: new best=4fd7ef084be1e57d6294477f33539122945f15048010e580612897815e77f6a3 height=200 version=0x30000000 log2_work=8.651052 tx=2163 date='2025-10-09T04:17:32Z' progress=1.000000 cache=0.3MiB(477txo)
2025-10-09T04:17:38Z Saw new header hash=61be26f5dd222caf9700614d15ec33dfb36371c9ed5ddd62205654c85816af89 height=201
2025-10-09T04:17:38Z Saw new cmpctblock header hash=61be26f5dd222caf9700614d15ec33dfb36371c9ed5ddd62205654c85816af89 peer=0
2025-10-09T04:17:38Z UpdateTip: new best=61be26f5dd222caf9700614d15ec33dfb36371c9ed5ddd62205654c85816af89 height=201 version=0x30000000 log2_work=8.658211 tx=2173 date='2025-10-09T04:17:37Z' progress=1.000000 cache=0.3MiB(483txo)
2025-10-09T04:17:43Z Saw new header hash=037558754546ed2c0d545c996d1be70621c5f37a36a2c4d24c39acfe3c95ccce height=202
2025-10-09T04:17:43Z Saw new cmpctblock header hash=037558754546ed2c0d545c996d1be70621c5f37a36a2c4d24c39acfe3c95ccce peer=0
2025-10-09T04:17:44Z UpdateTip: new best=037558754546ed2c0d545c996d1be70621c5f37a36a2c4d24c39acfe3c95ccce height=202 version=0x30000000 log2_work=8.665336 tx=2181 date='2025-10-09T04:17:42Z' progress=1.000000 cache=0.3MiB(483txo)
2025-10-09T04:17:49Z Saw new header hash=5b1ac7e1fea52e81baa7e5ade23b48f2ec1d17258995d662940c7ebb60a36e4f height=203
2025-10-09T04:17:49Z Saw new cmpctblock header hash=5b1ac7e1fea52e81baa7e5ade23b48f2ec1d17258995d662940c7ebb60a36e4f peer=0
2025-10-09T04:17:49Z UpdateTip: new best=5b1ac7e1fea52e81baa7e5ade23b48f2ec1d17258995d662940c7ebb60a36e4f height=203 version=0x30000000 log2_work=8.672425 tx=2191 date='2025-10-09T04:17:48Z' progress=1.000000 cache=0.3MiB(490txo)
2025-10-09T04:17:54Z Saw new header hash=5e02a42c404cec8b0848e2e03903c3b1dcd64cd21d84c09b99d45e8bd2697337 height=204
2025-10-09T04:17:54Z Saw new cmpctblock header hash=5e02a42c404cec8b0848e2e03903c3b1dcd64cd21d84c09b99d45e8bd2697337 peer=0
2025-10-09T04:17:54Z UpdateTip: new best=5e02a42c404cec8b0848e2e03903c3b1dcd64cd21d84c09b99d45e8bd2697337 height=204 version=0x30000000 log2_work=8.679480 tx=2201 date='2025-10-09T04:17:53Z' progress=1.000000 cache=0.3MiB(491txo)
2025-10-09T04:17:59Z Saw new header hash=0ffa0fffb8ceca057a4ac4b6e401e54cb485cae8351d7e2a60591aaf60746e77 height=205
2025-10-09T04:17:59Z Saw new cmpctblock header hash=0ffa0fffb8ceca057a4ac4b6e401e54cb485cae8351d7e2a60591aaf60746e77 peer=0
2025-10-09T04:18:00Z UpdateTip: new best=0ffa0fffb8ceca057a4ac4b6e401e54cb485cae8351d7e2a60591aaf60746e77 height=205 version=0x30000000 log2_work=8.686501 tx=2211 date='2025-10-09T04:17:58Z' progress=1.000000 cache=0.3MiB(495txo)
2025-10-09T04:18:05Z Saw new header hash=40ecc9bf33f5271cf99331ee9e71341c088d6adde727906beba247a364415262 height=206
2025-10-09T04:18:05Z Saw new cmpctblock header hash=40ecc9bf33f5271cf99331ee9e71341c088d6adde727906beba247a364415262 peer=0
2025-10-09T04:18:05Z UpdateTip: new best=40ecc9bf33f5271cf99331ee9e71341c088d6adde727906beba247a364415262 height=206 version=0x30000000 log2_work=8.693487 tx=2219 date='2025-10-09T04:18:04Z' progress=1.000000 cache=0.3MiB(492txo)
2025-10-09T04:18:11Z Saw new header hash=54db8e5951c9b4fabd19e8270f38440220bdd997cc05c232011abd0eeb03729c height=207
2025-10-09T04:18:11Z Saw new cmpctblock header hash=54db8e5951c9b4fabd19e8270f38440220bdd997cc05c232011abd0eeb03729c peer=0
2025-10-09T04:18:11Z UpdateTip: new best=54db8e5951c9b4fabd19e8270f38440220bdd997cc05c232011abd0eeb03729c height=207 version=0x30000000 log2_work=8.700440 tx=2229 date='2025-10-09T04:18:10Z' progress=1.000000 cache=0.3MiB(493txo)
2025-10-09T04:18:17Z Saw new header hash=2c3b09bca7bf2faf6edb76bfe9c57ebde258a549a7a366067ea00e311045d8ea height=208
2025-10-09T04:18:17Z Saw new cmpctblock header hash=2c3b09bca7bf2faf6edb76bfe9c57ebde258a549a7a366067ea00e311045d8ea peer=0
2025-10-09T04:18:17Z UpdateTip: new best=2c3b09bca7bf2faf6edb76bfe9c57ebde258a549a7a366067ea00e311045d8ea height=208 version=0x30000000 log2_work=8.707359 tx=2239 date='2025-10-09T04:18:16Z' progress=1.000000 cache=0.3MiB(497txo)
2025-10-09T04:18:22Z Saw new header hash=0f3aa9077613ad85aba38982a66b69d4f136595e083029bd28bfd5579c278142 height=209
2025-10-09T04:18:22Z Saw new cmpctblock header hash=0f3aa9077613ad85aba38982a66b69d4f136595e083029bd28bfd5579c278142 peer=0
2025-10-09T04:18:22Z UpdateTip: new best=0f3aa9077613ad85aba38982a66b69d4f136595e083029bd28bfd5579c278142 height=209 version=0x30000000 log2_work=8.714246 tx=2249 date='2025-10-09T04:18:21Z' progress=1.000000 cache=0.3MiB(497txo)
2025-10-09T04:18:27Z Saw new header hash=762da3641d4cc6c76887eedc4e0423ba6f455898a0910b1ab8781f95bd3c935e height=210
2025-10-09T04:18:27Z Saw new cmpctblock header hash=762da3641d4cc6c76887eedc4e0423ba6f455898a0910b1ab8781f95bd3c935e peer=0
2025-10-09T04:18:28Z UpdateTip: new best=762da3641d4cc6c76887eedc4e0423ba6f455898a0910b1ab8781f95bd3c935e height=210 version=0x30000000 log2_work=8.721099 tx=2258 date='2025-10-09T04:18:26Z' progress=1.000000 cache=0.3MiB(495txo)
2025-10-09T04:18:33Z Saw new header hash=4d7be8af4fd08e885e1dff1b99f729977c453dcc528eb67950ee9e3f9e4a1c7f height=211
2025-10-09T04:18:33Z Saw new cmpctblock header hash=4d7be8af4fd08e885e1dff1b99f729977c453dcc528eb67950ee9e3f9e4a1c7f peer=0
2025-10-09T04:18:33Z UpdateTip: new best=4d7be8af4fd08e885e1dff1b99f729977c453dcc528eb67950ee9e3f9e4a1c7f height=211 version=0x30000000 log2_work=8.727920 tx=2268 date='2025-10-09T04:18:32Z' progress=1.000000 cache=0.3MiB(504txo)
2025-10-09T04:18:39Z Saw new header hash=00d784fe1d76ea3e3dd1a707d4b72c9c2f013af07b92399e3c7febf488892809 height=212
2025-10-09T04:18:39Z Saw new cmpctblock header hash=00d784fe1d76ea3e3dd1a707d4b72c9c2f013af07b92399e3c7febf488892809 peer=0
2025-10-09T04:18:39Z UpdateTip: new best=00d784fe1d76ea3e3dd1a707d4b72c9c2f013af07b92399e3c7febf488892809 height=212 version=0x30000000 log2_work=8.734710 tx=2277 date='2025-10-09T04:18:38Z' progress=1.000000 cache=0.3MiB(505txo)
2025-10-09T04:18:45Z Saw new header hash=4cae1e0772503a24495aa299f0a506a9554f3f31715ef5f9f0c49662983792ef height=213
2025-10-09T04:18:45Z Saw new cmpctblock header hash=4cae1e0772503a24495aa299f0a506a9554f3f31715ef5f9f0c49662983792ef peer=0
2025-10-09T04:18:45Z UpdateTip: new best=4cae1e0772503a24495aa299f0a506a9554f3f31715ef5f9f0c49662983792ef height=213 version=0x30000000 log2_work=8.741467 tx=2285 date='2025-10-09T04:18:43Z' progress=1.000000 cache=0.3MiB(508txo)
2025-10-09T04:18:50Z Saw new header hash=60ee175d17ce8fde57ef91c0abf0cbea24201e67a775a97592102972cb3652cf height=214
2025-10-09T04:18:50Z Saw new cmpctblock header hash=60ee175d17ce8fde57ef91c0abf0cbea24201e67a775a97592102972cb3652cf peer=0
2025-10-09T04:18:50Z UpdateTip: new best=60ee175d17ce8fde57ef91c0abf0cbea24201e67a775a97592102972cb3652cf height=214 version=0x30000000 log2_work=8.748193 tx=2295 date='2025-10-09T04:18:49Z' progress=1.000000 cache=0.3MiB(513txo)
2025-10-09T04:18:55Z Saw new header hash=0236f975d66a2d65d84a806beb1a139e1fb99c3b1d425a6f327a4904ab611d82 height=215
2025-10-09T04:18:55Z Saw new cmpctblock header hash=0236f975d66a2d65d84a806beb1a139e1fb99c3b1d425a6f327a4904ab611d82 peer=0
2025-10-09T04:18:55Z UpdateTip: new best=0236f975d66a2d65d84a806beb1a139e1fb99c3b1d425a6f327a4904ab611d82 height=215 version=0x30000000 log2_work=8.754888 tx=2304 date='2025-10-09T04:18:54Z' progress=1.000000 cache=0.3MiB(517txo)
2025-10-09T04:19:01Z Saw new header hash=4719200f795d8327bdd15f7a0c8421f280f14a120dfe8cfeddf5914aaed52c04 height=216
2025-10-09T04:19:01Z Saw new cmpctblock header hash=4719200f795d8327bdd15f7a0c8421f280f14a120dfe8cfeddf5914aaed52c04 peer=0
2025-10-09T04:19:01Z UpdateTip: new best=4719200f795d8327bdd15f7a0c8421f280f14a120dfe8cfeddf5914aaed52c04 height=216 version=0x30000000 log2_work=8.761551 tx=2314 date='2025-10-09T04:18:59Z' progress=1.000000 cache=0.3MiB(517txo)
2025-10-09T04:19:07Z Saw new header hash=2237b44dc68b536ac4919cf70debcb49e78b042c1d490416988c23fd9e157592 height=217
2025-10-09T04:19:07Z Saw new cmpctblock header hash=2237b44dc68b536ac4919cf70debcb49e78b042c1d490416988c23fd9e157592 peer=0
2025-10-09T04:19:07Z UpdateTip: new best=2237b44dc68b536ac4919cf70debcb49e78b042c1d490416988c23fd9e157592 height=217 version=0x30000000 log2_work=8.768184 tx=2324 date='2025-10-09T04:19:06Z' progress=1.000000 cache=0.3MiB(523txo)
2025-10-09T04:19:12Z Saw new header hash=4ae683c1bc1e64175e0e508fefdf4282c2edcfdf99ea4b6a1861bca63fc42ed3 height=218
2025-10-09T04:19:12Z Saw new cmpctblock header hash=4ae683c1bc1e64175e0e508fefdf4282c2edcfdf99ea4b6a1861bca63fc42ed3 peer=0
2025-10-09T04:19:12Z UpdateTip: new best=4ae683c1bc1e64175e0e508fefdf4282c2edcfdf99ea4b6a1861bca63fc42ed3 height=218 version=0x30000000 log2_work=8.774787 tx=2334 date='2025-10-09T04:19:11Z' progress=1.000000 cache=0.3MiB(527txo)
2025-10-09T04:19:19Z Saw new header hash=5fac9ea8838e1fafe3df890554e6d0dd555db35b7f8d9d9a64509d15a1aaa16c height=219
2025-10-09T04:19:19Z Saw new cmpctblock header hash=5fac9ea8838e1fafe3df890554e6d0dd555db35b7f8d9d9a64509d15a1aaa16c peer=0
2025-10-09T04:19:19Z UpdateTip: new best=5fac9ea8838e1fafe3df890554e6d0dd555db35b7f8d9d9a64509d15a1aaa16c height=219 version=0x30000000 log2_work=8.781360 tx=2343 date='2025-10-09T04:19:17Z' progress=1.000000 cache=0.3MiB(526txo)
2025-10-09T04:19:23Z Saw new header hash=4afbad9e5fbc287547db2fda62fd9f932b9d8bf52aaff06c38a5b55b2465c884 height=220
2025-10-09T04:19:23Z Saw new cmpctblock header hash=4afbad9e5fbc287547db2fda62fd9f932b9d8bf52aaff06c38a5b55b2465c884 peer=0
2025-10-09T04:19:23Z UpdateTip: new best=4afbad9e5fbc287547db2fda62fd9f932b9d8bf52aaff06c38a5b55b2465c884 height=220 version=0x30000000 log2_work=8.787903 tx=2353 date='2025-10-09T04:19:22Z' progress=1.000000 cache=0.3MiB(531txo)
2025-10-09T04:19:29Z Saw new header hash=1c1172b8f5a9242c3c6d3f53d5bd83ebee762385217705d87af95b552cd1e086 height=221
2025-10-09T04:19:29Z Saw new cmpctblock header hash=1c1172b8f5a9242c3c6d3f53d5bd83ebee762385217705d87af95b552cd1e086 peer=0
2025-10-09T04:19:29Z UpdateTip: new best=1c1172b8f5a9242c3c6d3f53d5bd83ebee762385217705d87af95b552cd1e086 height=221 version=0x30000000 log2_work=8.794416 tx=2363 date='2025-10-09T04:19:27Z' progress=1.000000 cache=0.3MiB(537txo)
2025-10-09T04:19:34Z Saw new header hash=1bc9b3a69d41fa70ec9f1d2c270e32147d1f28e97f6a99b3428cf6496bdf13ee height=222
2025-10-09T04:19:34Z Saw new cmpctblock header hash=1bc9b3a69d41fa70ec9f1d2c270e32147d1f28e97f6a99b3428cf6496bdf13ee peer=0
2025-10-09T04:19:34Z UpdateTip: new best=1bc9b3a69d41fa70ec9f1d2c270e32147d1f28e97f6a99b3428cf6496bdf13ee height=222 version=0x30000000 log2_work=8.800900 tx=2371 date='2025-10-09T04:19:33Z' progress=1.000000 cache=0.3MiB(542txo)
2025-10-09T04:19:40Z Saw new header hash=1ad5bcaa6ae55f14a3b970a6177de490c1fe4177a84961d375c6a03537ca872b height=223
2025-10-09T04:19:40Z Saw new cmpctblock header hash=1ad5bcaa6ae55f14a3b970a6177de490c1fe4177a84961d375c6a03537ca872b peer=0
2025-10-09T04:19:41Z UpdateTip: new best=1ad5bcaa6ae55f14a3b970a6177de490c1fe4177a84961d375c6a03537ca872b height=223 version=0x30000000 log2_work=8.807355 tx=2381 date='2025-10-09T04:19:39Z' progress=1.000000 cache=0.3MiB(540txo)
2025-10-09T04:19:45Z Saw new header hash=7758eccdac8a06f624ac49fe15849439ea6ca989588cd0ca41f72a96c84f6312 height=224
2025-10-09T04:19:45Z Saw new cmpctblock header hash=7758eccdac8a06f624ac49fe15849439ea6ca989588cd0ca41f72a96c84f6312 peer=0
2025-10-09T04:19:45Z UpdateTip: new best=7758eccdac8a06f624ac49fe15849439ea6ca989588cd0ca41f72a96c84f6312 height=224 version=0x30000000 log2_work=8.813781 tx=2391 date='2025-10-09T04:19:44Z' progress=1.000000 cache=0.3MiB(545txo)
2025-10-09T04:19:51Z Saw new header hash=4cfe3ec2056022629ca02f4987a6f3f3a655d0951afe3b2d1eadc739851f86f0 height=225
2025-10-09T04:19:51Z Saw new cmpctblock header hash=4cfe3ec2056022629ca02f4987a6f3f3a655d0951afe3b2d1eadc739851f86f0 peer=0
2025-10-09T04:19:52Z UpdateTip: new best=4cfe3ec2056022629ca02f4987a6f3f3a655d0951afe3b2d1eadc739851f86f0 height=225 version=0x30000000 log2_work=8.820179 tx=2400 date='2025-10-09T04:19:50Z' progress=1.000000 cache=0.3MiB(546txo)
2025-10-09T04:19:57Z Saw new header hash=71e310e1c8ee802fec4bca1105f7e701f4e3147aa4c21d0f11430c90cf162cfc height=226
2025-10-09T04:19:57Z Saw new cmpctblock header hash=71e310e1c8ee802fec4bca1105f7e701f4e3147aa4c21d0f11430c90cf162cfc peer=0
2025-10-09T04:19:57Z UpdateTip: new best=71e310e1c8ee802fec4bca1105f7e701f4e3147aa4c21d0f11430c90cf162cfc height=226 version=0x30000000 log2_work=8.826548 tx=2409 date='2025-10-09T04:19:56Z' progress=1.000000 cache=0.3MiB(544txo)
2025-10-09T04:20:04Z Saw new header hash=30dbdf180b3071137d6092a83766806f2aa30cb0e6b6aa6b4a226a5473d69300 height=227
2025-10-09T04:20:04Z Saw new cmpctblock header hash=30dbdf180b3071137d6092a83766806f2aa30cb0e6b6aa6b4a226a5473d69300 peer=0
2025-10-09T04:20:04Z UpdateTip: new best=30dbdf180b3071137d6092a83766806f2aa30cb0e6b6aa6b4a226a5473d69300 height=227 version=0x30000000 log2_work=8.832890 tx=2418 date='2025-10-09T04:20:03Z' progress=1.000000 cache=0.3MiB(549txo)
2025-10-09T04:20:09Z Saw new header hash=739d325271755e3e3963915933567c289208abfe7e3760a06c3bf6de269a5a96 height=228
2025-10-09T04:20:09Z Saw new cmpctblock header hash=739d325271755e3e3963915933567c289208abfe7e3760a06c3bf6de269a5a96 peer=0
2025-10-09T04:20:10Z UpdateTip: new best=739d325271755e3e3963915933567c289208abfe7e3760a06c3bf6de269a5a96 height=228 version=0x30000000 log2_work=8.839204 tx=2427 date='2025-10-09T04:20:08Z' progress=1.000000 cache=0.3MiB(545txo)
2025-10-09T04:20:15Z Saw new header hash=56f52346e5402fcd24d973a28ad27f40052d0a3216ee83102e9826ff83b51edd height=229
2025-10-09T04:20:15Z Saw new cmpctblock header hash=56f52346e5402fcd24d973a28ad27f40052d0a3216ee83102e9826ff83b51edd peer=0
2025-10-09T04:20:15Z UpdateTip: new best=56f52346e5402fcd24d973a28ad27f40052d0a3216ee83102e9826ff83b51edd height=229 version=0x30000000 log2_work=8.845490 tx=2435 date='2025-10-09T04:20:14Z' progress=1.000000 cache=0.3MiB(548txo)
2025-10-09T04:20:20Z Saw new header hash=1cf2b9b62ddb3d7ae76095638b102304824f2f0929b003832f4f11efc02058cb height=230
2025-10-09T04:20:20Z Saw new cmpctblock header hash=1cf2b9b62ddb3d7ae76095638b102304824f2f0929b003832f4f11efc02058cb peer=0
2025-10-09T04:20:21Z UpdateTip: new best=1cf2b9b62ddb3d7ae76095638b102304824f2f0929b003832f4f11efc02058cb height=230 version=0x30000000 log2_work=8.851749 tx=2446 date='2025-10-09T04:20:19Z' progress=1.000000 cache=0.3MiB(556txo)
2025-10-09T04:20:26Z Saw new header hash=691256385a81f86bdb53b9b3c5ae47f0b96e587f6af9e78fde8c58a58e5189cf height=231
2025-10-09T04:20:26Z Saw new cmpctblock header hash=691256385a81f86bdb53b9b3c5ae47f0b96e587f6af9e78fde8c58a58e5189cf peer=0
2025-10-09T04:20:26Z UpdateTip: new best=691256385a81f86bdb53b9b3c5ae47f0b96e587f6af9e78fde8c58a58e5189cf height=231 version=0x30000000 log2_work=8.857981 tx=2456 date='2025-10-09T04:20:25Z' progress=1.000000 cache=0.3MiB(555txo)
2025-10-09T04:20:31Z Saw new header hash=1d7edafba2d61084164f694daa4a3db005acdb6f7d157afc65797d43487c97ab height=232
2025-10-09T04:20:31Z Saw new cmpctblock header hash=1d7edafba2d61084164f694daa4a3db005acdb6f7d157afc65797d43487c97ab peer=0
2025-10-09T04:20:31Z UpdateTip: new best=1d7edafba2d61084164f694daa4a3db005acdb6f7d157afc65797d43487c97ab height=232 version=0x30000000 log2_work=8.864186 tx=2466 date='2025-10-09T04:20:30Z' progress=1.000000 cache=0.3MiB(558txo)
2025-10-09T04:20:37Z Saw new header hash=5f2e3a731ac1119e48ea1043f5fac96c844125f71bfc4c430f7101170ee48b76 height=233
2025-10-09T04:20:37Z Saw new cmpctblock header hash=5f2e3a731ac1119e48ea1043f5fac96c844125f71bfc4c430f7101170ee48b76 peer=0
2025-10-09T04:20:38Z UpdateTip: new best=5f2e3a731ac1119e48ea1043f5fac96c844125f71bfc4c430f7101170ee48b76 height=233 version=0x30000000 log2_work=8.870365 tx=2476 date='2025-10-09T04:20:36Z' progress=1.000000 cache=0.3MiB(554txo)
2025-10-09T04:20:43Z Saw new header hash=75fc579bb5a6ba80923e5653fe96446745cdb85c00009a7beddb0ed270fd1d27 height=234
2025-10-09T04:20:43Z Saw new cmpctblock header hash=75fc579bb5a6ba80923e5653fe96446745cdb85c00009a7beddb0ed270fd1d27 peer=0
2025-10-09T04:20:43Z UpdateTip: new best=75fc579bb5a6ba80923e5653fe96446745cdb85c00009a7beddb0ed270fd1d27 height=234 version=0x30000000 log2_work=8.876517 tx=2482 date='2025-10-09T04:20:42Z' progress=1.000000 cache=0.3MiB(555txo)
2025-10-09T04:20:48Z Saw new header hash=0f210071d93d28da4854750c8c6fc2f6f7f9272ded3318dcf60cf24954999d88 height=235
2025-10-09T04:20:48Z Saw new cmpctblock header hash=0f210071d93d28da4854750c8c6fc2f6f7f9272ded3318dcf60cf24954999d88 peer=0
2025-10-09T04:20:48Z UpdateTip: new best=0f210071d93d28da4854750c8c6fc2f6f7f9272ded3318dcf60cf24954999d88 height=235 version=0x30000000 log2_work=8.882643 tx=2492 date='2025-10-09T04:20:47Z' progress=1.000000 cache=0.3MiB(558txo)
2025-10-09T04:20:53Z Saw new header hash=76f25f4dc49cc9d7958bfb4cef8ee84a1aefd39d80010d6fd1698c7560120e38 height=236
2025-10-09T04:20:53Z Saw new cmpctblock header hash=76f25f4dc49cc9d7958bfb4cef8ee84a1aefd39d80010d6fd1698c7560120e38 peer=0
2025-10-09T04:20:54Z UpdateTip: new best=76f25f4dc49cc9d7958bfb4cef8ee84a1aefd39d80010d6fd1698c7560120e38 height=236 version=0x30000000 log2_work=8.888743 tx=2502 date='2025-10-09T04:20:52Z' progress=1.000000 cache=0.3MiB(563txo)
2025-10-09T04:20:59Z Saw new header hash=7e88248a2e99947bea7d3b2af51d70eabd41d1d7cf3dbea29000042724310a8b height=237
2025-10-09T04:20:59Z Saw new cmpctblock header hash=7e88248a2e99947bea7d3b2af51d70eabd41d1d7cf3dbea29000042724310a8b peer=0
2025-10-09T04:20:59Z UpdateTip: new best=7e88248a2e99947bea7d3b2af51d70eabd41d1d7cf3dbea29000042724310a8b height=237 version=0x30000000 log2_work=8.894818 tx=2512 date='2025-10-09T04:20:58Z' progress=1.000000 cache=0.3MiB(568txo)
2025-10-09T04:21:04Z Saw new header hash=3b1f5ed0c62ada9a4f16a0130df949a09548961c2d70e3938bcd16cff546870c height=238
2025-10-09T04:21:04Z Saw new cmpctblock header hash=3b1f5ed0c62ada9a4f16a0130df949a09548961c2d70e3938bcd16cff546870c peer=0
2025-10-09T04:21:05Z UpdateTip: new best=3b1f5ed0c62ada9a4f16a0130df949a09548961c2d70e3938bcd16cff546870c height=238 version=0x30000000 log2_work=8.900867 tx=2521 date='2025-10-09T04:21:03Z' progress=1.000000 cache=0.3MiB(573txo)
2025-10-09T04:21:10Z Saw new header hash=1542e4ee554c4e2134208848a4066b50ab1b842e9e6417e0ee43329bea830a27 height=239
2025-10-09T04:21:10Z Saw new cmpctblock header hash=1542e4ee554c4e2134208848a4066b50ab1b842e9e6417e0ee43329bea830a27 peer=0
2025-10-09T04:21:10Z UpdateTip: new best=1542e4ee554c4e2134208848a4066b50ab1b842e9e6417e0ee43329bea830a27 height=239 version=0x30000000 log2_work=8.906891 tx=2529 date='2025-10-09T04:21:09Z' progress=1.000000 cache=0.3MiB(580txo)
2025-10-09T04:21:16Z Saw new header hash=42030e740ce12ac3f73852d974a6b5419f665fe67d0c3ffad7b44b45d07689fa height=240
2025-10-09T04:21:16Z Saw new cmpctblock header hash=42030e740ce12ac3f73852d974a6b5419f665fe67d0c3ffad7b44b45d07689fa peer=0
2025-10-09T04:21:16Z UpdateTip: new best=42030e740ce12ac3f73852d974a6b5419f665fe67d0c3ffad7b44b45d07689fa height=240 version=0x30000000 log2_work=8.912889 tx=2538 date='2025-10-09T04:21:14Z' progress=1.000000 cache=0.3MiB(589txo)
2025-10-09T04:21:21Z Saw new header hash=7aadbfe3dca251329aac815dd43555192d80194bdb5db185823f744fe0978d15 height=241
2025-10-09T04:21:21Z Saw new cmpctblock header hash=7aadbfe3dca251329aac815dd43555192d80194bdb5db185823f744fe0978d15 peer=0
2025-10-09T04:21:21Z UpdateTip: new best=7aadbfe3dca251329aac815dd43555192d80194bdb5db185823f744fe0978d15 height=241 version=0x30000000 log2_work=8.918863 tx=2548 date='2025-10-09T04:21:20Z' progress=1.000000 cache=0.3MiB(595txo)
2025-10-09T04:21:26Z Saw new header hash=3d713bee3b2bdd0d59b71a9956731bfde5783ebafbfc6598a3edfab1d1d0fe8f height=242
2025-10-09T04:21:26Z Saw new cmpctblock header hash=3d713bee3b2bdd0d59b71a9956731bfde5783ebafbfc6598a3edfab1d1d0fe8f peer=0
2025-10-09T04:21:26Z UpdateTip: new best=3d713bee3b2bdd0d59b71a9956731bfde5783ebafbfc6598a3edfab1d1d0fe8f height=242 version=0x30000000 log2_work=8.924813 tx=2558 date='2025-10-09T04:21:25Z' progress=1.000000 cache=0.3MiB(605txo)
2025-10-09T04:21:31Z Saw new header hash=6afb121f52211786a043402327b20ad17dfe3e6ae61f8ffb68a7430a731f4981 height=243
2025-10-09T04:21:31Z Saw new cmpctblock header hash=6afb121f52211786a043402327b20ad17dfe3e6ae61f8ffb68a7430a731f4981 peer=0
2025-10-09T04:21:32Z UpdateTip: new best=6afb121f52211786a043402327b20ad17dfe3e6ae61f8ffb68a7430a731f4981 height=243 version=0x30000000 log2_work=8.930737 tx=2568 date='2025-10-09T04:21:30Z' progress=1.000000 cache=0.3MiB(608txo)
2025-10-09T04:21:37Z Saw new header hash=7360478ccb4483d6fe9f15d9623e73b2b2c127ed513cb2b326d4784a2e21faa6 height=244
2025-10-09T04:21:37Z Saw new cmpctblock header hash=7360478ccb4483d6fe9f15d9623e73b2b2c127ed513cb2b326d4784a2e21faa6 peer=0
2025-10-09T04:21:37Z UpdateTip: new best=7360478ccb4483d6fe9f15d9623e73b2b2c127ed513cb2b326d4784a2e21faa6 height=244 version=0x30000000 log2_work=8.936638 tx=2576 date='2025-10-09T04:21:36Z' progress=1.000000 cache=0.3MiB(612txo)
2025-10-09T04:21:42Z Saw new header hash=246d4ac5105e4ea4bcbacd02c8b76f1de18e799d5a25b43cf5c2e760efdc0e8c height=245
2025-10-09T04:21:42Z Saw new cmpctblock header hash=246d4ac5105e4ea4bcbacd02c8b76f1de18e799d5a25b43cf5c2e760efdc0e8c peer=0
2025-10-09T04:21:42Z UpdateTip: new best=246d4ac5105e4ea4bcbacd02c8b76f1de18e799d5a25b43cf5c2e760efdc0e8c height=245 version=0x30000000 log2_work=8.942515 tx=2586 date='2025-10-09T04:21:41Z' progress=1.000000 cache=0.3MiB(616txo)
2025-10-09T04:21:47Z Saw new header hash=4541b39954ab32bae8d1af88bc8ef84e2a5789ca3958fefb70ee05163aea9622 height=246
2025-10-09T04:21:47Z Saw new cmpctblock header hash=4541b39954ab32bae8d1af88bc8ef84e2a5789ca3958fefb70ee05163aea9622 peer=0
2025-10-09T04:21:47Z UpdateTip: new best=4541b39954ab32bae8d1af88bc8ef84e2a5789ca3958fefb70ee05163aea9622 height=246 version=0x30000000 log2_work=8.948367 tx=2596 date='2025-10-09T04:21:46Z' progress=1.000000 cache=0.3MiB(623txo)
2025-10-09T04:21:53Z Saw new header hash=123c7c58e67f634ed3269ecd452d3141bb9ce1eaffb731affcc053fb44212cc1 height=247
2025-10-09T04:21:53Z Saw new cmpctblock header hash=123c7c58e67f634ed3269ecd452d3141bb9ce1eaffb731affcc053fb44212cc1 peer=0
2025-10-09T04:21:53Z UpdateTip: new best=123c7c58e67f634ed3269ecd452d3141bb9ce1eaffb731affcc053fb44212cc1 height=247 version=0x30000000 log2_work=8.954196 tx=2605 date='2025-10-09T04:21:52Z' progress=1.000000 cache=0.3MiB(626txo)
2025-10-09T04:22:00Z Saw new header hash=14b8e5872d205e225d7a902ca8ff3d8280c9fbe691ea1beeeda5f8e57fc29b72 height=248
2025-10-09T04:22:00Z Saw new cmpctblock header hash=14b8e5872d205e225d7a902ca8ff3d8280c9fbe691ea1beeeda5f8e57fc29b72 peer=0
2025-10-09T04:22:00Z UpdateTip: new best=14b8e5872d205e225d7a902ca8ff3d8280c9fbe691ea1beeeda5f8e57fc29b72 height=248 version=0x30000000 log2_work=8.960002 tx=2614 date='2025-10-09T04:21:59Z' progress=1.000000 cache=0.3MiB(631txo)
2025-10-09T04:22:05Z Saw new header hash=203e053e5865200b9bee0f17f6ed9699601f19920c3896f633ed08668ad2ae8f height=249
2025-10-09T04:22:05Z Saw new cmpctblock header hash=203e053e5865200b9bee0f17f6ed9699601f19920c3896f633ed08668ad2ae8f peer=0
2025-10-09T04:22:05Z UpdateTip: new best=203e053e5865200b9bee0f17f6ed9699601f19920c3896f633ed08668ad2ae8f height=249 version=0x30000000 log2_work=8.965784 tx=2622 date='2025-10-09T04:22:04Z' progress=1.000000 cache=0.3MiB(633txo)
2025-10-09T04:22:10Z Saw new header hash=2bcce173b1ee5abff550f88945786c898c440480624a113bfdcc70de4c4cd2a0 height=250
2025-10-09T04:22:10Z Saw new cmpctblock header hash=2bcce173b1ee5abff550f88945786c898c440480624a113bfdcc70de4c4cd2a0 peer=0
2025-10-09T04:22:11Z UpdateTip: new best=2bcce173b1ee5abff550f88945786c898c440480624a113bfdcc70de4c4cd2a0 height=250 version=0x30000000 log2_work=8.971544 tx=2632 date='2025-10-09T04:22:09Z' progress=1.000000 cache=0.3MiB(633txo)
2025-10-09T04:22:16Z Saw new header hash=271c519ac3ee85a7663b49e64fb736f8e283a5810503a6c11f4fa1f46decbb82 height=251
2025-10-09T04:22:16Z Saw new cmpctblock header hash=271c519ac3ee85a7663b49e64fb736f8e283a5810503a6c11f4fa1f46decbb82 peer=0
2025-10-09T04:22:16Z UpdateTip: new best=271c519ac3ee85a7663b49e64fb736f8e283a5810503a6c11f4fa1f46decbb82 height=251 version=0x30000000 log2_work=8.977280 tx=2640 date='2025-10-09T04:22:15Z' progress=1.000000 cache=0.3MiB(636txo)
2025-10-09T04:22:22Z Saw new header hash=0650f6f3bd258697b1b4fffd821db799eff5f68e989a1e52a478b8964a14f128 height=252
2025-10-09T04:22:22Z Saw new cmpctblock header hash=0650f6f3bd258697b1b4fffd821db799eff5f68e989a1e52a478b8964a14f128 peer=0
2025-10-09T04:22:22Z UpdateTip: new best=0650f6f3bd258697b1b4fffd821db799eff5f68e989a1e52a478b8964a14f128 height=252 version=0x30000000 log2_work=8.982994 tx=2651 date='2025-10-09T04:22:21Z' progress=1.000000 cache=0.3MiB(641txo)
2025-10-09T04:22:27Z Saw new header hash=6a6ea10870da2e3ad9572ebe4f87d6b0d64e90f037db67717e54bd2a8a52cf86 height=253
2025-10-09T04:22:27Z Saw new cmpctblock header hash=6a6ea10870da2e3ad9572ebe4f87d6b0d64e90f037db67717e54bd2a8a52cf86 peer=0
2025-10-09T04:22:27Z UpdateTip: new best=6a6ea10870da2e3ad9572ebe4f87d6b0d64e90f037db67717e54bd2a8a52cf86 height=253 version=0x30000000 log2_work=8.988685 tx=2661 date='2025-10-09T04:22:26Z' progress=1.000000 cache=0.3MiB(646txo)
2025-10-09T04:22:33Z Saw new header hash=2e79bc36fd4fcba7c2f1928093de636bb56b68e25967e8e38046d85045eaa847 height=254
2025-10-09T04:22:33Z Saw new cmpctblock header hash=2e79bc36fd4fcba7c2f1928093de636bb56b68e25967e8e38046d85045eaa847 peer=0
2025-10-09T04:22:33Z UpdateTip: new best=2e79bc36fd4fcba7c2f1928093de636bb56b68e25967e8e38046d85045eaa847 height=254 version=0x30000000 log2_work=8.994353 tx=2669 date='2025-10-09T04:22:31Z' progress=1.000000 cache=0.3MiB(647txo)
2025-10-09T04:22:39Z Saw new header hash=02e38b192173955f398672892dd407220de351fc979c4aed67fcdffd87830408 height=255
2025-10-09T04:22:39Z Saw new cmpctblock header hash=02e38b192173955f398672892dd407220de351fc979c4aed67fcdffd87830408 peer=0
2025-10-09T04:22:39Z UpdateTip: new best=02e38b192173955f398672892dd407220de351fc979c4aed67fcdffd87830408 height=255 version=0x30000000 log2_work=9.000000 tx=2677 date='2025-10-09T04:22:38Z' progress=1.000000 cache=0.3MiB(652txo)
2025-10-09T04:22:45Z Saw new header hash=215badfb980f956e4049561b9fe7ed8e4ce1a2b6e5f3a7b06d9b47a057cac100 height=256
2025-10-09T04:22:45Z Saw new cmpctblock header hash=215badfb980f956e4049561b9fe7ed8e4ce1a2b6e5f3a7b06d9b47a057cac100 peer=0
2025-10-09T04:22:46Z UpdateTip: new best=215badfb980f956e4049561b9fe7ed8e4ce1a2b6e5f3a7b06d9b47a057cac100 height=256 version=0x30000000 log2_work=9.005625 tx=2687 date='2025-10-09T04:22:44Z' progress=1.000000 cache=0.3MiB(651txo)
2025-10-09T04:22:51Z Saw new header hash=6f701859310ca4e70c626710996d7fae0f09fd1276a04d83c4baf421ef8137c7 height=257
2025-10-09T04:22:51Z Saw new cmpctblock header hash=6f701859310ca4e70c626710996d7fae0f09fd1276a04d83c4baf421ef8137c7 peer=0
2025-10-09T04:22:51Z UpdateTip: new best=6f701859310ca4e70c626710996d7fae0f09fd1276a04d83c4baf421ef8137c7 height=257 version=0x30000000 log2_work=9.011227 tx=2697 date='2025-10-09T04:22:50Z' progress=1.000000 cache=0.3MiB(655txo)
2025-10-09T04:22:57Z Saw new header hash=2fb45a414a253ad2c250e6efec7c9a1dde50570bb423ba9a7750c59931018af8 height=258
2025-10-09T04:22:57Z Saw new cmpctblock header hash=2fb45a414a253ad2c250e6efec7c9a1dde50570bb423ba9a7750c59931018af8 peer=0
2025-10-09T04:22:57Z UpdateTip: new best=2fb45a414a253ad2c250e6efec7c9a1dde50570bb423ba9a7750c59931018af8 height=258 version=0x30000000 log2_work=9.016808 tx=2707 date='2025-10-09T04:22:55Z' progress=1.000000 cache=0.3MiB(663txo)
2025-10-09T04:23:02Z Saw new header hash=00cd85533d963de8b10dca0e4515b3d75b9b8f4a7ed1dad0db465f04fa2c061d height=259
2025-10-09T04:23:02Z Saw new cmpctblock header hash=00cd85533d963de8b10dca0e4515b3d75b9b8f4a7ed1dad0db465f04fa2c061d peer=0
2025-10-09T04:23:02Z UpdateTip: new best=00cd85533d963de8b10dca0e4515b3d75b9b8f4a7ed1dad0db465f04fa2c061d height=259 version=0x30000000 log2_work=9.022368 tx=2715 date='2025-10-09T04:23:00Z' progress=1.000000 cache=0.3MiB(665txo)
2025-10-09T04:23:07Z Saw new header hash=46f677ce0ac0cab02fa193558a461cb79eac46bb55eec566de1541348df136c5 height=260
2025-10-09T04:23:07Z Saw new cmpctblock header hash=46f677ce0ac0cab02fa193558a461cb79eac46bb55eec566de1541348df136c5 peer=0
2025-10-09T04:23:07Z UpdateTip: new best=46f677ce0ac0cab02fa193558a461cb79eac46bb55eec566de1541348df136c5 height=260 version=0x30000000 log2_work=9.027906 tx=2725 date='2025-10-09T04:23:06Z' progress=1.000000 cache=0.3MiB(667txo)
2025-10-09T04:23:12Z Saw new header hash=671220758c0304cad4f27f1e1deb280f3752af0afa16ddd71d5413679aa15e43 height=261
2025-10-09T04:23:12Z Saw new cmpctblock header hash=671220758c0304cad4f27f1e1deb280f3752af0afa16ddd71d5413679aa15e43 peer=0
2025-10-09T04:23:12Z UpdateTip: new best=671220758c0304cad4f27f1e1deb280f3752af0afa16ddd71d5413679aa15e43 height=261 version=0x30000000 log2_work=9.033423 tx=2734 date='2025-10-09T04:23:11Z' progress=1.000000 cache=0.3MiB(670txo)
2025-10-09T04:23:18Z Saw new header hash=476583706035fd9f012fa7ccdc2a31526db081bd8133e7c0ee96808473fa4a48 height=262
2025-10-09T04:23:18Z Saw new cmpctblock header hash=476583706035fd9f012fa7ccdc2a31526db081bd8133e7c0ee96808473fa4a48 peer=0
2025-10-09T04:23:18Z UpdateTip: new best=476583706035fd9f012fa7ccdc2a31526db081bd8133e7c0ee96808473fa4a48 height=262 version=0x30000000 log2_work=9.038919 tx=2744 date='2025-10-09T04:23:17Z' progress=1.000000 cache=0.3MiB(674txo)
2025-10-09T04:23:23Z Saw new header hash=4257e85c1084746fe6083b91096166cda34e2d4c2965501c4544c48cbbebef11 height=263
2025-10-09T04:23:23Z Saw new cmpctblock header hash=4257e85c1084746fe6083b91096166cda34e2d4c2965501c4544c48cbbebef11 peer=0
2025-10-09T04:23:23Z UpdateTip: new best=4257e85c1084746fe6083b91096166cda34e2d4c2965501c4544c48cbbebef11 height=263 version=0x30000000 log2_work=9.044394 tx=2752 date='2025-10-09T04:23:22Z' progress=1.000000 cache=0.3MiB(669txo)
2025-10-09T04:23:29Z Saw new header hash=34445043e6e3465687059c355e07b7c540b631817fd459cfa0507ff10a6b8727 height=264
2025-10-09T04:23:29Z Saw new cmpctblock header hash=34445043e6e3465687059c355e07b7c540b631817fd459cfa0507ff10a6b8727 peer=0
2025-10-09T04:23:29Z UpdateTip: new best=34445043e6e3465687059c355e07b7c540b631817fd459cfa0507ff10a6b8727 height=264 version=0x30000000 log2_work=9.049849 tx=2760 date='2025-10-09T04:23:28Z' progress=1.000000 cache=0.3MiB(664txo)
2025-10-09T04:23:35Z Saw new header hash=0d48be79862ede0bfedcbb2852a3c59f6e9591ed7078122db9ec530c4fd64051 height=265
2025-10-09T04:23:35Z Saw new cmpctblock header hash=0d48be79862ede0bfedcbb2852a3c59f6e9591ed7078122db9ec530c4fd64051 peer=0
2025-10-09T04:23:36Z UpdateTip: new best=0d48be79862ede0bfedcbb2852a3c59f6e9591ed7078122db9ec530c4fd64051 height=265 version=0x30000000 log2_work=9.055282 tx=2770 date='2025-10-09T04:23:34Z' progress=1.000000 cache=0.3MiB(670txo)
2025-10-09T04:23:41Z Saw new header hash=78dcbfdccfcddd0fda821b21c3783a0d1d2ea1258dfa70265af109943eaa183c height=266
2025-10-09T04:23:41Z Saw new cmpctblock header hash=78dcbfdccfcddd0fda821b21c3783a0d1d2ea1258dfa70265af109943eaa183c peer=0
2025-10-09T04:23:42Z UpdateTip: new best=78dcbfdccfcddd0fda821b21c3783a0d1d2ea1258dfa70265af109943eaa183c height=266 version=0x30000000 log2_work=9.060696 tx=2780 date='2025-10-09T04:23:40Z' progress=1.000000 cache=0.3MiB(674txo)
2025-10-09T04:23:47Z Saw new header hash=134b7d4d51489f99589124b6bbfb12d99729f04378e6d64eba6eba48ea824aa0 height=267
2025-10-09T04:23:47Z Saw new cmpctblock header hash=134b7d4d51489f99589124b6bbfb12d99729f04378e6d64eba6eba48ea824aa0 peer=0
2025-10-09T04:23:47Z UpdateTip: new best=134b7d4d51489f99589124b6bbfb12d99729f04378e6d64eba6eba48ea824aa0 height=267 version=0x30000000 log2_work=9.066089 tx=2790 date='2025-10-09T04:23:46Z' progress=1.000000 cache=0.3MiB(675txo)
2025-10-09T04:23:52Z Saw new header hash=30b8c577a4d5cec84fc5b281b67954af347121cff7a6732ac912868fb5b4b408 height=268
2025-10-09T04:23:52Z Saw new cmpctblock header hash=30b8c577a4d5cec84fc5b281b67954af347121cff7a6732ac912868fb5b4b408 peer=0
2025-10-09T04:23:52Z UpdateTip: new best=30b8c577a4d5cec84fc5b281b67954af347121cff7a6732ac912868fb5b4b408 height=268 version=0x30000000 log2_work=9.071462 tx=2800 date='2025-10-09T04:23:51Z' progress=1.000000 cache=0.3MiB(675txo)
2025-10-09T04:23:59Z Saw new header hash=6c41866cc44ab4a3f04f38ec1cfdb1b5c191ef4b9bc00a605d9c471255fe3400 height=269
2025-10-09T04:23:59Z Saw new cmpctblock header hash=6c41866cc44ab4a3f04f38ec1cfdb1b5c191ef4b9bc00a605d9c471255fe3400 peer=0
2025-10-09T04:23:59Z UpdateTip: new best=6c41866cc44ab4a3f04f38ec1cfdb1b5c191ef4b9bc00a605d9c471255fe3400 height=269 version=0x30000000 log2_work=9.076816 tx=2808 date='2025-10-09T04:23:58Z' progress=1.000000 cache=0.3MiB(680txo)
2025-10-09T04:24:04Z Saw new header hash=7c99fc642f00cc29086926d734e7d5b3ea52adfbe2977475198c7bca6bcf767c height=270
2025-10-09T04:24:04Z Saw new cmpctblock header hash=7c99fc642f00cc29086926d734e7d5b3ea52adfbe2977475198c7bca6bcf767c peer=0
2025-10-09T04:24:04Z UpdateTip: new best=7c99fc642f00cc29086926d734e7d5b3ea52adfbe2977475198c7bca6bcf767c height=270 version=0x30000000 log2_work=9.082149 tx=2816 date='2025-10-09T04:24:03Z' progress=1.000000 cache=0.3MiB(685txo)
2025-10-09T04:24:09Z Saw new header hash=014e1159382699ea93a55a4c8aba5d7b9b7253a22eb3969d5a0c9c1c2b2c3832 height=271
2025-10-09T04:24:09Z Saw new cmpctblock header hash=014e1159382699ea93a55a4c8aba5d7b9b7253a22eb3969d5a0c9c1c2b2c3832 peer=0
2025-10-09T04:24:10Z UpdateTip: new best=014e1159382699ea93a55a4c8aba5d7b9b7253a22eb3969d5a0c9c1c2b2c3832 height=271 version=0x30000000 log2_work=9.087463 tx=2826 date='2025-10-09T04:24:08Z' progress=1.000000 cache=0.3MiB(693txo)
2025-10-09T04:24:15Z Saw new header hash=7c806737126c979c854933170a56d5e6944f651bf32a3e96e0c0c441c33450e3 height=272
2025-10-09T04:24:15Z Saw new cmpctblock header hash=7c806737126c979c854933170a56d5e6944f651bf32a3e96e0c0c441c33450e3 peer=0
2025-10-09T04:24:15Z UpdateTip: new best=7c806737126c979c854933170a56d5e6944f651bf32a3e96e0c0c441c33450e3 height=272 version=0x30000000 log2_work=9.092757 tx=2833 date='2025-10-09T04:24:14Z' progress=1.000000 cache=0.3MiB(690txo)
2025-10-09T04:24:22Z Saw new header hash=1cd7fd7c4972c8434a7f627f0dfb0cab2899a0751cb9ecddfdb67f0b5b7fa2cf height=273
2025-10-09T04:24:22Z Saw new cmpctblock header hash=1cd7fd7c4972c8434a7f627f0dfb0cab2899a0751cb9ecddfdb67f0b5b7fa2cf peer=0
2025-10-09T04:24:22Z UpdateTip: new best=1cd7fd7c4972c8434a7f627f0dfb0cab2899a0751cb9ecddfdb67f0b5b7fa2cf height=273 version=0x30000000 log2_work=9.098032 tx=2843 date='2025-10-09T04:24:20Z' progress=1.000000 cache=0.3MiB(692txo)
2025-10-09T04:24:27Z Saw new header hash=6d53ec6c3d2630f3da82953d798bfc5e7bfa156a25b6cc1cb49bf49e9e93527d height=274
2025-10-09T04:24:27Z Saw new cmpctblock header hash=6d53ec6c3d2630f3da82953d798bfc5e7bfa156a25b6cc1cb49bf49e9e93527d peer=0
2025-10-09T04:24:27Z UpdateTip: new best=6d53ec6c3d2630f3da82953d798bfc5e7bfa156a25b6cc1cb49bf49e9e93527d height=274 version=0x30000000 log2_work=9.103288 tx=2852 date='2025-10-09T04:24:26Z' progress=1.000000 cache=0.3MiB(699txo)
2025-10-09T04:24:33Z Saw new header hash=2c402f2e4cf3c622085e0cd96ab1e14cd6b436bc86379d41e243938ee4fc0411 height=275
2025-10-09T04:24:33Z Saw new cmpctblock header hash=2c402f2e4cf3c622085e0cd96ab1e14cd6b436bc86379d41e243938ee4fc0411 peer=0
2025-10-09T04:24:33Z UpdateTip: new best=2c402f2e4cf3c622085e0cd96ab1e14cd6b436bc86379d41e243938ee4fc0411 height=275 version=0x30000000 log2_work=9.108524 tx=2862 date='2025-10-09T04:24:32Z' progress=1.000000 cache=0.3MiB(703txo)
2025-10-09T04:24:39Z Saw new header hash=7f1b3fd66efbbef00ebc39385c908e9b15e7168007a28e17e04f4c93ada0fdff height=276
2025-10-09T04:24:39Z Saw new cmpctblock header hash=7f1b3fd66efbbef00ebc39385c908e9b15e7168007a28e17e04f4c93ada0fdff peer=0
2025-10-09T04:24:39Z UpdateTip: new best=7f1b3fd66efbbef00ebc39385c908e9b15e7168007a28e17e04f4c93ada0fdff height=276 version=0x30000000 log2_work=9.113742 tx=2872 date='2025-10-09T04:24:37Z' progress=1.000000 cache=0.3MiB(706txo)
2025-10-09T04:24:44Z Saw new header hash=077c071e31d33720f3685bb404e076fc9918ce32694ae5bea97d857ef9e374e9 height=277
2025-10-09T04:24:44Z Saw new cmpctblock header hash=077c071e31d33720f3685bb404e076fc9918ce32694ae5bea97d857ef9e374e9 peer=0
2025-10-09T04:24:44Z UpdateTip: new best=077c071e31d33720f3685bb404e076fc9918ce32694ae5bea97d857ef9e374e9 height=277 version=0x30000000 log2_work=9.118941 tx=2882 date='2025-10-09T04:24:43Z' progress=1.000000 cache=0.3MiB(707txo)
2025-10-09T04:24:49Z Saw new header hash=4be055c6d40841f15343f6cd3df9ce87477aebc43dd39a906e4b1cbba4e60ea7 height=278
2025-10-09T04:24:49Z Saw new cmpctblock header hash=4be055c6d40841f15343f6cd3df9ce87477aebc43dd39a906e4b1cbba4e60ea7 peer=0
2025-10-09T04:24:50Z UpdateTip: new best=4be055c6d40841f15343f6cd3df9ce87477aebc43dd39a906e4b1cbba4e60ea7 height=278 version=0x30000000 log2_work=9.124121 tx=2890 date='2025-10-09T04:24:48Z' progress=1.000000 cache=0.3MiB(712txo)
2025-10-09T04:24:55Z Saw new header hash=77ae423424f08807f316405b22d642a08b2753e16ebb25d7109d40eaeafdf442 height=279
2025-10-09T04:24:55Z Saw new cmpctblock header hash=77ae423424f08807f316405b22d642a08b2753e16ebb25d7109d40eaeafdf442 peer=0
2025-10-09T04:24:55Z UpdateTip: new best=77ae423424f08807f316405b22d642a08b2753e16ebb25d7109d40eaeafdf442 height=279 version=0x30000000 log2_work=9.129283 tx=2900 date='2025-10-09T04:24:54Z' progress=1.000000 cache=0.3MiB(711txo)
2025-10-09T04:25:00Z Saw new header hash=609c9e1e83c564053362138e733fc329e309d0110827068fbfc9f0299f74417d height=280
2025-10-09T04:25:00Z Saw new cmpctblock header hash=609c9e1e83c564053362138e733fc329e309d0110827068fbfc9f0299f74417d peer=0
2025-10-09T04:25:00Z UpdateTip: new best=609c9e1e83c564053362138e733fc329e309d0110827068fbfc9f0299f74417d height=280 version=0x30000000 log2_work=9.134426 tx=2909 date='2025-10-09T04:24:59Z' progress=1.000000 cache=0.3MiB(715txo)
2025-10-09T04:25:05Z Saw new header hash=2d8ac976f32f47ba13e7d269186b050f85b1b45dfbb7f1ea7eeb3f93df468499 height=281
2025-10-09T04:25:05Z Saw new cmpctblock header hash=2d8ac976f32f47ba13e7d269186b050f85b1b45dfbb7f1ea7eeb3f93df468499 peer=0
2025-10-09T04:25:06Z UpdateTip: new best=2d8ac976f32f47ba13e7d269186b050f85b1b45dfbb7f1ea7eeb3f93df468499 height=281 version=0x30000000 log2_work=9.139551 tx=2919 date='2025-10-09T04:25:04Z' progress=1.000000 cache=0.3MiB(721txo)
2025-10-09T04:25:11Z Saw new header hash=3ce7f4cc00cf8f86f3de22e474377b5703d305be89b77e538b39353fe8522ace height=282
2025-10-09T04:25:11Z Saw new cmpctblock header hash=3ce7f4cc00cf8f86f3de22e474377b5703d305be89b77e538b39353fe8522ace peer=0
2025-10-09T04:25:12Z UpdateTip: new best=3ce7f4cc00cf8f86f3de22e474377b5703d305be89b77e538b39353fe8522ace height=282 version=0x30000000 log2_work=9.144658 tx=2929 date='2025-10-09T04:25:10Z' progress=1.000000 cache=0.3MiB(725txo)
2025-10-09T04:25:18Z Saw new header hash=22b490036f58e80c226a08b018d4f0633359d36033b8584490ddc34fbffb67fb height=283
2025-10-09T04:25:18Z Saw new cmpctblock header hash=22b490036f58e80c226a08b018d4f0633359d36033b8584490ddc34fbffb67fb peer=0
2025-10-09T04:25:19Z UpdateTip: new best=22b490036f58e80c226a08b018d4f0633359d36033b8584490ddc34fbffb67fb height=283 version=0x30000000 log2_work=9.149747 tx=2937 date='2025-10-09T04:25:17Z' progress=1.000000 cache=0.3MiB(727txo)
2025-10-09T04:25:24Z Saw new header hash=36597ac8309ddb02a25702496ee2046f2abfc3e6c185279b578040531e54a044 height=284
2025-10-09T04:25:24Z Saw new cmpctblock header hash=36597ac8309ddb02a25702496ee2046f2abfc3e6c185279b578040531e54a044 peer=0
2025-10-09T04:25:24Z UpdateTip: new best=36597ac8309ddb02a25702496ee2046f2abfc3e6c185279b578040531e54a044 height=284 version=0x30000000 log2_work=9.154818 tx=2947 date='2025-10-09T04:25:23Z' progress=1.000000 cache=0.3MiB(730txo)
2025-10-09T04:25:30Z Saw new header hash=64c009024e6ebe2989899efc2292c993d8bb513dd11723335315a4eb2d77e87b height=285
2025-10-09T04:25:30Z Saw new cmpctblock header hash=64c009024e6ebe2989899efc2292c993d8bb513dd11723335315a4eb2d77e87b peer=0
2025-10-09T04:25:30Z UpdateTip: new best=64c009024e6ebe2989899efc2292c993d8bb513dd11723335315a4eb2d77e87b height=285 version=0x30000000 log2_work=9.159871 tx=2957 date='2025-10-09T04:25:29Z' progress=1.000000 cache=0.3MiB(738txo)
2025-10-09T04:25:36Z Saw new header hash=015efb40f7bf94056b7054488854237b1e7b1fc5a44e1ae9283fc67336d429e9 height=286
2025-10-09T04:25:36Z Saw new cmpctblock header hash=015efb40f7bf94056b7054488854237b1e7b1fc5a44e1ae9283fc67336d429e9 peer=0
2025-10-09T04:25:36Z UpdateTip: new best=015efb40f7bf94056b7054488854237b1e7b1fc5a44e1ae9283fc67336d429e9 height=286 version=0x30000000 log2_work=9.164907 tx=2967 date='2025-10-09T04:25:35Z' progress=1.000000 cache=0.3MiB(741txo)
2025-10-09T04:25:42Z Saw new header hash=48fe0830fbcec5c2179f7fd873db2c34df6e72cd81ee56422a0008b73b1cae92 height=287
2025-10-09T04:25:42Z Saw new cmpctblock header hash=48fe0830fbcec5c2179f7fd873db2c34df6e72cd81ee56422a0008b73b1cae92 peer=0
2025-10-09T04:25:42Z UpdateTip: new best=48fe0830fbcec5c2179f7fd873db2c34df6e72cd81ee56422a0008b73b1cae92 height=287 version=0x30000000 log2_work=9.169925 tx=2977 date='2025-10-09T04:25:40Z' progress=1.000000 cache=0.3MiB(744txo)
2025-10-09T04:25:47Z Saw new header hash=1b0dcbe529624170130d4a3ccd5a18f127920fef4f6f1363e4a104d75c16f0ae height=288
2025-10-09T04:25:47Z Saw new cmpctblock header hash=1b0dcbe529624170130d4a3ccd5a18f127920fef4f6f1363e4a104d75c16f0ae peer=0
2025-10-09T04:25:47Z UpdateTip: new best=1b0dcbe529624170130d4a3ccd5a18f127920fef4f6f1363e4a104d75c16f0ae height=288 version=0x30000000 log2_work=9.174926 tx=2987 date='2025-10-09T04:25:46Z' progress=1.000000 cache=0.3MiB(750txo)
2025-10-09T04:25:52Z Saw new header hash=25af392dadde7bae3790aaf4fc0d75fb33b52209dde2ec12664d5d8d29ffd668 height=289
2025-10-09T04:25:52Z Saw new cmpctblock header hash=25af392dadde7bae3790aaf4fc0d75fb33b52209dde2ec12664d5d8d29ffd668 peer=0
2025-10-09T04:25:52Z UpdateTip: new best=25af392dadde7bae3790aaf4fc0d75fb33b52209dde2ec12664d5d8d29ffd668 height=289 version=0x30000000 log2_work=9.179909 tx=2995 date='2025-10-09T04:25:51Z' progress=1.000000 cache=0.3MiB(755txo)
2025-10-09T04:25:57Z Saw new header hash=24622a2f29ecf33eb952487a59e1ee06526f19c9abfef6dea8a5db6046e91830 height=290
2025-10-09T04:25:57Z Saw new cmpctblock header hash=24622a2f29ecf33eb952487a59e1ee06526f19c9abfef6dea8a5db6046e91830 peer=0
2025-10-09T04:25:57Z UpdateTip: new best=24622a2f29ecf33eb952487a59e1ee06526f19c9abfef6dea8a5db6046e91830 height=290 version=0x30000000 log2_work=9.184875 tx=3005 date='2025-10-09T04:25:56Z' progress=1.000000 cache=0.3MiB(761txo)
2025-10-09T04:26:03Z Saw new header hash=52926b626b475a784390d96f09e808546166a2d8d0374e7de9b0b5372ef1a8aa height=291
2025-10-09T04:26:03Z Saw new cmpctblock header hash=52926b626b475a784390d96f09e808546166a2d8d0374e7de9b0b5372ef1a8aa peer=0
2025-10-09T04:26:03Z UpdateTip: new best=52926b626b475a784390d96f09e808546166a2d8d0374e7de9b0b5372ef1a8aa height=291 version=0x30000000 log2_work=9.189825 tx=3015 date='2025-10-09T04:26:01Z' progress=1.000000 cache=0.3MiB(764txo)
2025-10-09T04:26:09Z Saw new header hash=5d15f6232d0f1f0732250649963573deedbbcdcecf0dfc1fc456c102afb20431 height=292
2025-10-09T04:26:09Z Saw new cmpctblock header hash=5d15f6232d0f1f0732250649963573deedbbcdcecf0dfc1fc456c102afb20431 peer=0
2025-10-09T04:26:09Z UpdateTip: new best=5d15f6232d0f1f0732250649963573deedbbcdcecf0dfc1fc456c102afb20431 height=292 version=0x30000000 log2_work=9.194757 tx=3025 date='2025-10-09T04:26:07Z' progress=1.000000 cache=0.3MiB(765txo)
2025-10-09T04:26:13Z Saw new header hash=52225e80eb6ef1e865cefb28116bfb25e9c8277d0f38be08b80b4194d100342e height=293
2025-10-09T04:26:13Z Saw new cmpctblock header hash=52225e80eb6ef1e865cefb28116bfb25e9c8277d0f38be08b80b4194d100342e peer=0
2025-10-09T04:26:13Z UpdateTip: new best=52225e80eb6ef1e865cefb28116bfb25e9c8277d0f38be08b80b4194d100342e height=293 version=0x30000000 log2_work=9.199672 tx=3035 date='2025-10-09T04:26:12Z' progress=1.000000 cache=0.3MiB(772txo)
2025-10-09T04:26:20Z Saw new header hash=2786ae76daaafe6edd764098e8bc1a92ee1d5ce2066220be1e81f6f5e1eae027 height=294
2025-10-09T04:26:20Z Saw new cmpctblock header hash=2786ae76daaafe6edd764098e8bc1a92ee1d5ce2066220be1e81f6f5e1eae027 peer=0
2025-10-09T04:26:20Z UpdateTip: new best=2786ae76daaafe6edd764098e8bc1a92ee1d5ce2066220be1e81f6f5e1eae027 height=294 version=0x30000000 log2_work=9.204571 tx=3045 date='2025-10-09T04:26:18Z' progress=1.000000 cache=0.3MiB(779txo)
2025-10-09T04:26:25Z Saw new header hash=1910e3680ab76d18d9717e434d308844f1ed05a08e1bf4436ed914e55b3495d4 height=295
2025-10-09T04:26:25Z Saw new cmpctblock header hash=1910e3680ab76d18d9717e434d308844f1ed05a08e1bf4436ed914e55b3495d4 peer=0
2025-10-09T04:26:25Z UpdateTip: new best=1910e3680ab76d18d9717e434d308844f1ed05a08e1bf4436ed914e55b3495d4 height=295 version=0x30000000 log2_work=9.209453 tx=3055 date='2025-10-09T04:26:24Z' progress=1.000000 cache=0.3MiB(778txo)
2025-10-09T04:26:30Z Saw new header hash=687999edc63e85ddddc7dd61d1f6203a827123e01f85c433abc2f8d33e71b5f0 height=296
2025-10-09T04:26:30Z Saw new cmpctblock header hash=687999edc63e85ddddc7dd61d1f6203a827123e01f85c433abc2f8d33e71b5f0 peer=0
2025-10-09T04:26:30Z UpdateTip: new best=687999edc63e85ddddc7dd61d1f6203a827123e01f85c433abc2f8d33e71b5f0 height=296 version=0x30000000 log2_work=9.214319 tx=3065 date='2025-10-09T04:26:29Z' progress=1.000000 cache=0.3MiB(783txo)
2025-10-09T04:26:36Z Saw new header hash=7f529a3cbac668ceeeadd696286c8e26496f67b0c8038242063f9ed64430987b height=297
2025-10-09T04:26:36Z Saw new cmpctblock header hash=7f529a3cbac668ceeeadd696286c8e26496f67b0c8038242063f9ed64430987b peer=0
2025-10-09T04:26:36Z UpdateTip: new best=7f529a3cbac668ceeeadd696286c8e26496f67b0c8038242063f9ed64430987b height=297 version=0x30000000 log2_work=9.219169 tx=3073 date='2025-10-09T04:26:34Z' progress=1.000000 cache=0.3MiB(789txo)
2025-10-09T04:26:41Z Saw new header hash=57997da1b7dc1445ad6c2b5825ef74d414873edfe8740ec589b4f017b4099ee6 height=298
2025-10-09T04:26:41Z Saw new cmpctblock header hash=57997da1b7dc1445ad6c2b5825ef74d414873edfe8740ec589b4f017b4099ee6 peer=0
2025-10-09T04:26:41Z UpdateTip: new best=57997da1b7dc1445ad6c2b5825ef74d414873edfe8740ec589b4f017b4099ee6 height=298 version=0x30000000 log2_work=9.224002 tx=3083 date='2025-10-09T04:26:40Z' progress=1.000000 cache=0.3MiB(789txo)
2025-10-09T04:26:46Z Saw new header hash=23fb08fa81c202596a6f71ed29e22251a5cb3b6a9c9c8abbffc24efec4cb5325 height=299
2025-10-09T04:26:46Z Saw new cmpctblock header hash=23fb08fa81c202596a6f71ed29e22251a5cb3b6a9c9c8abbffc24efec4cb5325 peer=0
2025-10-09T04:26:46Z UpdateTip: new best=23fb08fa81c202596a6f71ed29e22251a5cb3b6a9c9c8abbffc24efec4cb5325 height=299 version=0x30000000 log2_work=9.228819 tx=3093 date='2025-10-09T04:26:45Z' progress=1.000000 cache=0.3MiB(796txo)
2025-10-09T04:26:52Z Saw new header hash=7c88dbcab3d9dadfcefc50ff7299e0b8b6e922e3261e1dc556ada7bf252dada6 height=300
2025-10-09T04:26:52Z Saw new cmpctblock header hash=7c88dbcab3d9dadfcefc50ff7299e0b8b6e922e3261e1dc556ada7bf252dada6 peer=0
2025-10-09T04:26:52Z UpdateTip: new best=7c88dbcab3d9dadfcefc50ff7299e0b8b6e922e3261e1dc556ada7bf252dada6 height=300 version=0x30000000 log2_work=9.233620 tx=3103 date='2025-10-09T04:26:51Z' progress=1.000000 cache=0.3MiB(800txo)
2025-10-09T04:26:58Z Saw new header hash=54be41e488b86f34377324e1e63de492b5acc5362604268a245cc4bfa822d083 height=301
2025-10-09T04:26:58Z Saw new cmpctblock header hash=54be41e488b86f34377324e1e63de492b5acc5362604268a245cc4bfa822d083 peer=0
2025-10-09T04:26:58Z UpdateTip: new best=54be41e488b86f34377324e1e63de492b5acc5362604268a245cc4bfa822d083 height=301 version=0x30000000 log2_work=9.238405 tx=3113 date='2025-10-09T04:26:57Z' progress=1.000000 cache=0.3MiB(806txo)
2025-10-09T04:27:04Z Saw new header hash=63aa942dc1a3179b35f20c8d286eb5340d61124ac83e334e85f9fdd5afeddc8f height=302
2025-10-09T04:27:04Z Saw new cmpctblock header hash=63aa942dc1a3179b35f20c8d286eb5340d61124ac83e334e85f9fdd5afeddc8f peer=0
2025-10-09T04:27:04Z UpdateTip: new best=63aa942dc1a3179b35f20c8d286eb5340d61124ac83e334e85f9fdd5afeddc8f height=302 version=0x30000000 log2_work=9.243174 tx=3123 date='2025-10-09T04:27:02Z' progress=1.000000 cache=0.3MiB(809txo)
2025-10-09T04:27:09Z Saw new header hash=7bd99701cae768113d296e3c341cde7d92a3640647bd7acf9d91c0dba10e1556 height=303
2025-10-09T04:27:09Z Saw new cmpctblock header hash=7bd99701cae768113d296e3c341cde7d92a3640647bd7acf9d91c0dba10e1556 peer=0
2025-10-09T04:27:09Z UpdateTip: new best=7bd99701cae768113d296e3c341cde7d92a3640647bd7acf9d91c0dba10e1556 height=303 version=0x30000000 log2_work=9.247928 tx=3133 date='2025-10-09T04:27:08Z' progress=1.000000 cache=0.3MiB(811txo)
2025-10-09T04:27:14Z Saw new header hash=665874642ec944b4c4d1e3f9bdead2ae7f9045b424bf6f7db2bcb2422d8173f8 height=304
2025-10-09T04:27:14Z Saw new cmpctblock header hash=665874642ec944b4c4d1e3f9bdead2ae7f9045b424bf6f7db2bcb2422d8173f8 peer=0
2025-10-09T04:27:15Z UpdateTip: new best=665874642ec944b4c4d1e3f9bdead2ae7f9045b424bf6f7db2bcb2422d8173f8 height=304 version=0x30000000 log2_work=9.252665 tx=3143 date='2025-10-09T04:27:13Z' progress=1.000000 cache=0.3MiB(815txo)
2025-10-09T04:27:20Z Saw new header hash=51e4d32f98709e2710f23335a86d74784c78f6168278ac934e708dbab695c964 height=305
2025-10-09T04:27:20Z Saw new cmpctblock header hash=51e4d32f98709e2710f23335a86d74784c78f6168278ac934e708dbab695c964 peer=0
2025-10-09T04:27:20Z UpdateTip: new best=51e4d32f98709e2710f23335a86d74784c78f6168278ac934e708dbab695c964 height=305 version=0x30000000 log2_work=9.257388 tx=3152 date='2025-10-09T04:27:19Z' progress=1.000000 cache=0.3MiB(816txo)
2025-10-09T04:27:25Z Saw new header hash=2c723b1fcb858d2edc071840b70ea75926fe641ca8dbf2935f7869395ecc0f2c height=306
2025-10-09T04:27:25Z Saw new cmpctblock header hash=2c723b1fcb858d2edc071840b70ea75926fe641ca8dbf2935f7869395ecc0f2c peer=0
2025-10-09T04:27:26Z UpdateTip: new best=2c723b1fcb858d2edc071840b70ea75926fe641ca8dbf2935f7869395ecc0f2c height=306 version=0x30000000 log2_work=9.262095 tx=3160 date='2025-10-09T04:27:24Z' progress=1.000000 cache=0.3MiB(818txo)
2025-10-09T04:27:31Z Saw new header hash=0ad6e8426095801c0cca86bd7ede9dec57565445ebc02a68ea9a3aabff908b6d height=307
2025-10-09T04:27:31Z Saw new cmpctblock header hash=0ad6e8426095801c0cca86bd7ede9dec57565445ebc02a68ea9a3aabff908b6d peer=0
2025-10-09T04:27:31Z UpdateTip: new best=0ad6e8426095801c0cca86bd7ede9dec57565445ebc02a68ea9a3aabff908b6d height=307 version=0x30000000 log2_work=9.266787 tx=3170 date='2025-10-09T04:27:30Z' progress=1.000000 cache=0.3MiB(814txo)
2025-10-09T04:27:37Z Saw new header hash=0a1352513d1559306d13511e7e5fc24d872fd0bd03ba4d7de7da6d28e11a1b53 height=308
2025-10-09T04:27:37Z Saw new cmpctblock header hash=0a1352513d1559306d13511e7e5fc24d872fd0bd03ba4d7de7da6d28e11a1b53 peer=0
2025-10-09T04:27:37Z UpdateTip: new best=0a1352513d1559306d13511e7e5fc24d872fd0bd03ba4d7de7da6d28e11a1b53 height=308 version=0x30000000 log2_work=9.271463 tx=3180 date='2025-10-09T04:27:36Z' progress=1.000000 cache=0.3MiB(821txo)
2025-10-09T04:27:42Z Saw new header hash=476f90f0eb3dae1670b61fa2f0372bc64ae5b8b113a4c4c55f8463c6c0d36414 height=309
2025-10-09T04:27:42Z Saw new cmpctblock header hash=476f90f0eb3dae1670b61fa2f0372bc64ae5b8b113a4c4c55f8463c6c0d36414 peer=0
2025-10-09T04:27:42Z UpdateTip: new best=476f90f0eb3dae1670b61fa2f0372bc64ae5b8b113a4c4c55f8463c6c0d36414 height=309 version=0x30000000 log2_work=9.276124 tx=3188 date='2025-10-09T04:27:41Z' progress=1.000000 cache=0.3MiB(823txo)
2025-10-09T04:27:48Z Saw new header hash=51f1522529541656d4dbd0b59eb0c2f1219d1a873a77d308eb75cceca6db5a19 height=310
2025-10-09T04:27:48Z Saw new cmpctblock header hash=51f1522529541656d4dbd0b59eb0c2f1219d1a873a77d308eb75cceca6db5a19 peer=0
2025-10-09T04:27:48Z UpdateTip: new best=51f1522529541656d4dbd0b59eb0c2f1219d1a873a77d308eb75cceca6db5a19 height=310 version=0x30000000 log2_work=9.280771 tx=3198 date='2025-10-09T04:27:46Z' progress=1.000000 cache=0.3MiB(828txo)
2025-10-09T04:27:53Z Saw new header hash=3dc4deee037848d7d77b136fc9a08541f8b8e6e2abd7c829f6ceec3132bcb96d height=311
2025-10-09T04:27:53Z Saw new cmpctblock header hash=3dc4deee037848d7d77b136fc9a08541f8b8e6e2abd7c829f6ceec3132bcb96d peer=0
2025-10-09T04:27:53Z UpdateTip: new best=3dc4deee037848d7d77b136fc9a08541f8b8e6e2abd7c829f6ceec3132bcb96d height=311 version=0x30000000 log2_work=9.285402 tx=3208 date='2025-10-09T04:27:52Z' progress=1.000000 cache=0.3MiB(833txo)
2025-10-09T04:27:59Z Saw new header hash=5e103816f01a789030709a5d7e13bc52104e331ea90b0e060ac2f1748187c20e height=312
2025-10-09T04:27:59Z Saw new cmpctblock header hash=5e103816f01a789030709a5d7e13bc52104e331ea90b0e060ac2f1748187c20e peer=0
2025-10-09T04:27:59Z UpdateTip: new best=5e103816f01a789030709a5d7e13bc52104e331ea90b0e060ac2f1748187c20e height=312 version=0x30000000 log2_work=9.290019 tx=3218 date='2025-10-09T04:27:57Z' progress=1.000000 cache=0.3MiB(845txo)
2025-10-09T04:28:05Z Saw new header hash=7c2b6590b64bbe2596c9f415fecc6c9b11d078a80a39305d5268a75bf90a8c63 height=313
2025-10-09T04:28:05Z Saw new cmpctblock header hash=7c2b6590b64bbe2596c9f415fecc6c9b11d078a80a39305d5268a75bf90a8c63 peer=0
2025-10-09T04:28:05Z UpdateTip: new best=7c2b6590b64bbe2596c9f415fecc6c9b11d078a80a39305d5268a75bf90a8c63 height=313 version=0x30000000 log2_work=9.294621 tx=3226 date='2025-10-09T04:28:04Z' progress=1.000000 cache=0.3MiB(851txo)
2025-10-09T04:28:11Z Saw new header hash=47d9246916c970212e44f23381a9f48957925780d6e5071a84b561e96a8345e7 height=314
2025-10-09T04:28:11Z Saw new cmpctblock header hash=47d9246916c970212e44f23381a9f48957925780d6e5071a84b561e96a8345e7 peer=0
2025-10-09T04:28:11Z UpdateTip: new best=47d9246916c970212e44f23381a9f48957925780d6e5071a84b561e96a8345e7 height=314 version=0x30000000 log2_work=9.299208 tx=3236 date='2025-10-09T04:28:09Z' progress=1.000000 cache=0.3MiB(849txo)
2025-10-09T04:28:16Z Saw new header hash=79c608499a8504af39d6a0074f2ff938838ba3ce5f11d7a3938264d5040bdb88 height=315
2025-10-09T04:28:16Z Saw new cmpctblock header hash=79c608499a8504af39d6a0074f2ff938838ba3ce5f11d7a3938264d5040bdb88 peer=0
2025-10-09T04:28:16Z UpdateTip: new best=79c608499a8504af39d6a0074f2ff938838ba3ce5f11d7a3938264d5040bdb88 height=315 version=0x30000000 log2_work=9.303781 tx=3246 date='2025-10-09T04:28:15Z' progress=1.000000 cache=0.3MiB(855txo)
2025-10-09T04:28:21Z Saw new header hash=19eca198d5748df18c3cc09dd9444fc2b5964c7edb32eba97197b84d1dd53521 height=316
2025-10-09T04:28:21Z Saw new cmpctblock header hash=19eca198d5748df18c3cc09dd9444fc2b5964c7edb32eba97197b84d1dd53521 peer=0
2025-10-09T04:28:21Z UpdateTip: new best=19eca198d5748df18c3cc09dd9444fc2b5964c7edb32eba97197b84d1dd53521 height=316 version=0x30000000 log2_work=9.308339 tx=3256 date='2025-10-09T04:28:20Z' progress=1.000000 cache=0.3MiB(859txo)
2025-10-09T04:28:26Z Saw new header hash=6a52a79a48be85a85245c2070c94aa2eb2d7f905ea3d55b64d77e4dc0ea395a3 height=317
2025-10-09T04:28:26Z Saw new cmpctblock header hash=6a52a79a48be85a85245c2070c94aa2eb2d7f905ea3d55b64d77e4dc0ea395a3 peer=0
2025-10-09T04:28:27Z UpdateTip: new best=6a52a79a48be85a85245c2070c94aa2eb2d7f905ea3d55b64d77e4dc0ea395a3 height=317 version=0x30000000 log2_work=9.312883 tx=3266 date='2025-10-09T04:28:25Z' progress=1.000000 cache=0.3MiB(867txo)
2025-10-09T04:28:32Z Saw new header hash=43b70b2bfad8376ef33d7dbc5d470d1f9af7f60461e35483ac5985521a6c9377 height=318
2025-10-09T04:28:32Z Saw new cmpctblock header hash=43b70b2bfad8376ef33d7dbc5d470d1f9af7f60461e35483ac5985521a6c9377 peer=0
2025-10-09T04:28:32Z UpdateTip: new best=43b70b2bfad8376ef33d7dbc5d470d1f9af7f60461e35483ac5985521a6c9377 height=318 version=0x30000000 log2_work=9.317413 tx=3274 date='2025-10-09T04:28:31Z' progress=1.000000 cache=0.3MiB(869txo)
2025-10-09T04:28:37Z Saw new header hash=2f914f4760fe74bb9b1e6bc54bf6af6d649215060fff3afabb6d7832a10a4567 height=319
2025-10-09T04:28:37Z Saw new cmpctblock header hash=2f914f4760fe74bb9b1e6bc54bf6af6d649215060fff3afabb6d7832a10a4567 peer=0
2025-10-09T04:28:38Z UpdateTip: new best=2f914f4760fe74bb9b1e6bc54bf6af6d649215060fff3afabb6d7832a10a4567 height=319 version=0x30000000 log2_work=9.321928 tx=3284 date='2025-10-09T04:28:36Z' progress=1.000000 cache=0.3MiB(874txo)
2025-10-09T04:28:43Z Saw new header hash=27ce4db1d2b359e5b9575a6ad257a66b29b28e5826a4d1272bc54f854d1ed8c7 height=320
2025-10-09T04:28:43Z Saw new cmpctblock header hash=27ce4db1d2b359e5b9575a6ad257a66b29b28e5826a4d1272bc54f854d1ed8c7 peer=0
2025-10-09T04:28:44Z UpdateTip: new best=27ce4db1d2b359e5b9575a6ad257a66b29b28e5826a4d1272bc54f854d1ed8c7 height=320 version=0x30000000 log2_work=9.326429 tx=3294 date='2025-10-09T04:28:42Z' progress=1.000000 cache=0.3MiB(877txo)
2025-10-09T04:28:48Z Saw new header hash=48b75ce0801a1fb6f2c15bba40dc0ddb226f63197d60b1ee13a660ab31ebd222 height=321
2025-10-09T04:28:48Z Saw new cmpctblock header hash=48b75ce0801a1fb6f2c15bba40dc0ddb226f63197d60b1ee13a660ab31ebd222 peer=0
2025-10-09T04:28:49Z UpdateTip: new best=48b75ce0801a1fb6f2c15bba40dc0ddb226f63197d60b1ee13a660ab31ebd222 height=321 version=0x30000000 log2_work=9.330917 tx=3304 date='2025-10-09T04:28:47Z' progress=1.000000 cache=0.3MiB(876txo)
2025-10-09T04:28:54Z Saw new header hash=0173a50576cb8a7e73f18ccd3189b8bf98f8a6d1dc6c3c23a522226aac3d83eb height=322
2025-10-09T04:28:54Z Saw new cmpctblock header hash=0173a50576cb8a7e73f18ccd3189b8bf98f8a6d1dc6c3c23a522226aac3d83eb peer=0
2025-10-09T04:28:54Z UpdateTip: new best=0173a50576cb8a7e73f18ccd3189b8bf98f8a6d1dc6c3c23a522226aac3d83eb height=322 version=0x30000000 log2_work=9.335390 tx=3314 date='2025-10-09T04:28:53Z' progress=1.000000 cache=0.3MiB(881txo)
2025-10-09T04:28:59Z Saw new header hash=121688b1371ea0613493a2d0d9cfa388f7f6eb8b98a551c9c39f4f562c3e568f height=323
2025-10-09T04:28:59Z Saw new cmpctblock header hash=121688b1371ea0613493a2d0d9cfa388f7f6eb8b98a551c9c39f4f562c3e568f peer=0
2025-10-09T04:28:59Z UpdateTip: new best=121688b1371ea0613493a2d0d9cfa388f7f6eb8b98a551c9c39f4f562c3e568f height=323 version=0x30000000 log2_work=9.339850 tx=3324 date='2025-10-09T04:28:58Z' progress=1.000000 cache=0.3MiB(889txo)
2025-10-09T04:29:04Z Saw new header hash=2a5a0f12a11f8e713e5b3089cb01180db50af246f715d99bab3a3f3303fd6d3f height=324
2025-10-09T04:29:04Z Saw new cmpctblock header hash=2a5a0f12a11f8e713e5b3089cb01180db50af246f715d99bab3a3f3303fd6d3f peer=0
2025-10-09T04:29:05Z UpdateTip: new best=2a5a0f12a11f8e713e5b3089cb01180db50af246f715d99bab3a3f3303fd6d3f height=324 version=0x30000000 log2_work=9.344296 tx=3334 date='2025-10-09T04:29:03Z' progress=1.000000 cache=0.3MiB(899txo)
2025-10-09T04:29:10Z Saw new header hash=6e8a757db9eb51e66423f7463c1941e9b997b1667236421ebb114490cf1112c1 height=325
2025-10-09T04:29:10Z Saw new cmpctblock header hash=6e8a757db9eb51e66423f7463c1941e9b997b1667236421ebb114490cf1112c1 peer=0
2025-10-09T04:29:11Z UpdateTip: new best=6e8a757db9eb51e66423f7463c1941e9b997b1667236421ebb114490cf1112c1 height=325 version=0x30000000 log2_work=9.348728 tx=3342 date='2025-10-09T04:29:09Z' progress=1.000000 cache=0.3MiB(899txo)
2025-10-09T04:29:15Z Saw new header hash=51220bc2eb436b2e0aa2d2306c88039d0040e2dd488dcefabea3ea7d53c5f540 height=326
2025-10-09T04:29:15Z Saw new cmpctblock header hash=51220bc2eb436b2e0aa2d2306c88039d0040e2dd488dcefabea3ea7d53c5f540 peer=0
2025-10-09T04:29:15Z UpdateTip: new best=51220bc2eb436b2e0aa2d2306c88039d0040e2dd488dcefabea3ea7d53c5f540 height=326 version=0x30000000 log2_work=9.353147 tx=3352 date='2025-10-09T04:29:14Z' progress=1.000000 cache=0.3MiB(906txo)
2025-10-09T04:29:21Z Saw new header hash=1491d01c5184389c886348630ec7b360fcf69d4c5672e3c51e37ae6f9b5c4d54 height=327
2025-10-09T04:29:21Z Saw new cmpctblock header hash=1491d01c5184389c886348630ec7b360fcf69d4c5672e3c51e37ae6f9b5c4d54 peer=0
2025-10-09T04:29:21Z UpdateTip: new best=1491d01c5184389c886348630ec7b360fcf69d4c5672e3c51e37ae6f9b5c4d54 height=327 version=0x30000000 log2_work=9.357552 tx=3362 date='2025-10-09T04:29:20Z' progress=1.000000 cache=0.3MiB(914txo)
2025-10-09T04:29:26Z Saw new header hash=4760954e206f2aff269f87b3d52225642ae38367d6b025603610fbd7dd704e20 height=328
2025-10-09T04:29:26Z Saw new cmpctblock header hash=4760954e206f2aff269f87b3d52225642ae38367d6b025603610fbd7dd704e20 peer=0
2025-10-09T04:29:26Z UpdateTip: new best=4760954e206f2aff269f87b3d52225642ae38367d6b025603610fbd7dd704e20 height=328 version=0x30000000 log2_work=9.361944 tx=3372 date='2025-10-09T04:29:25Z' progress=1.000000 cache=0.3MiB(921txo)
2025-10-09T04:29:32Z Saw new header hash=7752330aefb8fc34911700c74066407efa3781ef911c9c498f44f4a91d0d8084 height=329
2025-10-09T04:29:32Z Saw new cmpctblock header hash=7752330aefb8fc34911700c74066407efa3781ef911c9c498f44f4a91d0d8084 peer=0
2025-10-09T04:29:32Z UpdateTip: new best=7752330aefb8fc34911700c74066407efa3781ef911c9c498f44f4a91d0d8084 height=329 version=0x30000000 log2_work=9.366322 tx=3380 date='2025-10-09T04:29:31Z' progress=1.000000 cache=0.3MiB(918txo)
2025-10-09T04:29:37Z Saw new header hash=572211ba6e057a13995e51c5c97743bbefb25824b305eb5d1cc266f48a9f2602 height=330
2025-10-09T04:29:37Z Saw new cmpctblock header hash=572211ba6e057a13995e51c5c97743bbefb25824b305eb5d1cc266f48a9f2602 peer=0
2025-10-09T04:29:38Z UpdateTip: new best=572211ba6e057a13995e51c5c97743bbefb25824b305eb5d1cc266f48a9f2602 height=330 version=0x30000000 log2_work=9.370687 tx=3390 date='2025-10-09T04:29:36Z' progress=1.000000 cache=0.3MiB(920txo)
2025-10-09T04:29:43Z Saw new header hash=6c6cb569c8ea5fa5bd7f71b75d621302329a28be4b443c242de5d5683e2a113a height=331
2025-10-09T04:29:43Z Saw new cmpctblock header hash=6c6cb569c8ea5fa5bd7f71b75d621302329a28be4b443c242de5d5683e2a113a peer=0
2025-10-09T04:29:44Z UpdateTip: new best=6c6cb569c8ea5fa5bd7f71b75d621302329a28be4b443c242de5d5683e2a113a height=331 version=0x30000000 log2_work=9.375039 tx=3398 date='2025-10-09T04:29:42Z' progress=1.000000 cache=0.3MiB(921txo)
2025-10-09T04:29:49Z Saw new header hash=25b5ebf2757e2b8cd32e30b44b8d36758f9265a8c995371faa43ad23c6f31de9 height=332
2025-10-09T04:29:49Z Saw new cmpctblock header hash=25b5ebf2757e2b8cd32e30b44b8d36758f9265a8c995371faa43ad23c6f31de9 peer=0
2025-10-09T04:29:49Z UpdateTip: new best=25b5ebf2757e2b8cd32e30b44b8d36758f9265a8c995371faa43ad23c6f31de9 height=332 version=0x30000000 log2_work=9.379378 tx=3408 date='2025-10-09T04:29:47Z' progress=1.000000 cache=0.3MiB(923txo)
2025-10-09T04:29:54Z Saw new header hash=45e2f118aba31fd54dd883b7cc96063630082f8671fdb197005b80ae1479ae1f height=333
2025-10-09T04:29:54Z Saw new cmpctblock header hash=45e2f118aba31fd54dd883b7cc96063630082f8671fdb197005b80ae1479ae1f peer=0
2025-10-09T04:29:55Z UpdateTip: new best=45e2f118aba31fd54dd883b7cc96063630082f8671fdb197005b80ae1479ae1f height=333 version=0x30000000 log2_work=9.383704 tx=3415 date='2025-10-09T04:29:53Z' progress=1.000000 cache=0.3MiB(928txo)
2025-10-09T04:30:00Z Saw new header hash=17e6812d41c7cfc4d1290405faffb785dc4a83bca5ac8d3b292fd390febfae1f height=334
2025-10-09T04:30:00Z Saw new cmpctblock header hash=17e6812d41c7cfc4d1290405faffb785dc4a83bca5ac8d3b292fd390febfae1f peer=0
2025-10-09T04:30:00Z UpdateTip: new best=17e6812d41c7cfc4d1290405faffb785dc4a83bca5ac8d3b292fd390febfae1f height=334 version=0x30000000 log2_work=9.388017 tx=3425 date='2025-10-09T04:29:59Z' progress=1.000000 cache=0.3MiB(920txo)
2025-10-09T04:30:05Z Saw new header hash=28bfa725c033a0bc5a7a28f59fd6841a5351e35de3bd211a55f247d3f4c694d6 height=335
2025-10-09T04:30:05Z Saw new cmpctblock header hash=28bfa725c033a0bc5a7a28f59fd6841a5351e35de3bd211a55f247d3f4c694d6 peer=0
2025-10-09T04:30:05Z UpdateTip: new best=28bfa725c033a0bc5a7a28f59fd6841a5351e35de3bd211a55f247d3f4c694d6 height=335 version=0x30000000 log2_work=9.392317 tx=3435 date='2025-10-09T04:30:04Z' progress=1.000000 cache=0.3MiB(923txo)
2025-10-09T04:30:11Z Saw new header hash=5992a67fe3492e33d611e63e5187c40c8447bfd923db033eae556e7dccca154f height=336
2025-10-09T04:30:11Z Saw new cmpctblock header hash=5992a67fe3492e33d611e63e5187c40c8447bfd923db033eae556e7dccca154f peer=0
2025-10-09T04:30:11Z UpdateTip: new best=5992a67fe3492e33d611e63e5187c40c8447bfd923db033eae556e7dccca154f height=336 version=0x30000000 log2_work=9.396605 tx=3445 date='2025-10-09T04:30:10Z' progress=1.000000 cache=0.3MiB(930txo)
2025-10-09T04:30:17Z Saw new header hash=4060385bb69ab1e132219aa6cd7a6bea693017670f2ee9510e98b386b87b50a7 height=337
2025-10-09T04:30:17Z Saw new cmpctblock header hash=4060385bb69ab1e132219aa6cd7a6bea693017670f2ee9510e98b386b87b50a7 peer=0
2025-10-09T04:30:17Z UpdateTip: new best=4060385bb69ab1e132219aa6cd7a6bea693017670f2ee9510e98b386b87b50a7 height=337 version=0x30000000 log2_work=9.400879 tx=3455 date='2025-10-09T04:30:16Z' progress=1.000000 cache=0.3MiB(940txo)
2025-10-09T04:30:22Z Saw new header hash=5774b149bb7bce7fe65a6eba75ebaad4f2b72972f039446f13b791fe59bd40a3 height=338
2025-10-09T04:30:22Z Saw new cmpctblock header hash=5774b149bb7bce7fe65a6eba75ebaad4f2b72972f039446f13b791fe59bd40a3 peer=0
2025-10-09T04:30:22Z UpdateTip: new best=5774b149bb7bce7fe65a6eba75ebaad4f2b72972f039446f13b791fe59bd40a3 height=338 version=0x30000000 log2_work=9.405141 tx=3463 date='2025-10-09T04:30:21Z' progress=1.000000 cache=0.3MiB(945txo)
2025-10-09T04:30:27Z Saw new header hash=49b097aef0c1e55919dc418de5e9fbcff57ebfd1390e31582bda9640dc2195cf height=339
2025-10-09T04:30:27Z Saw new cmpctblock header hash=49b097aef0c1e55919dc418de5e9fbcff57ebfd1390e31582bda9640dc2195cf peer=0
2025-10-09T04:30:28Z UpdateTip: new best=49b097aef0c1e55919dc418de5e9fbcff57ebfd1390e31582bda9640dc2195cf height=339 version=0x30000000 log2_work=9.409391 tx=3473 date='2025-10-09T04:30:26Z' progress=1.000000 cache=0.3MiB(954txo)
2025-10-09T04:30:33Z Saw new header hash=4d677ec28cf00b7104eb89cfed6273f6d23a5d91c7a27fedc1307306bce6a2e5 height=340
2025-10-09T04:30:33Z Saw new cmpctblock header hash=4d677ec28cf00b7104eb89cfed6273f6d23a5d91c7a27fedc1307306bce6a2e5 peer=0
2025-10-09T04:30:34Z UpdateTip: new best=4d677ec28cf00b7104eb89cfed6273f6d23a5d91c7a27fedc1307306bce6a2e5 height=340 version=0x30000000 log2_work=9.413628 tx=3480 date='2025-10-09T04:30:32Z' progress=1.000000 cache=0.3MiB(961txo)
2025-10-09T04:30:39Z Saw new header hash=7f8bfa4e61f469e2395fe64e335bca16b6f051308fcc9c7b8e8d69f989226378 height=341
2025-10-09T04:30:39Z Saw new cmpctblock header hash=7f8bfa4e61f469e2395fe64e335bca16b6f051308fcc9c7b8e8d69f989226378 peer=0
2025-10-09T04:30:39Z UpdateTip: new best=7f8bfa4e61f469e2395fe64e335bca16b6f051308fcc9c7b8e8d69f989226378 height=341 version=0x30000000 log2_work=9.417853 tx=3490 date='2025-10-09T04:30:38Z' progress=1.000000 cache=0.3MiB(967txo)
2025-10-09T04:30:44Z Saw new header hash=0cdaf4c88e3899684758efba63b5072ae82f2ae5c3da64e07b7c931684d597ea height=342
2025-10-09T04:30:44Z Saw new cmpctblock header hash=0cdaf4c88e3899684758efba63b5072ae82f2ae5c3da64e07b7c931684d597ea peer=0
2025-10-09T04:30:44Z UpdateTip: new best=0cdaf4c88e3899684758efba63b5072ae82f2ae5c3da64e07b7c931684d597ea height=342 version=0x30000000 log2_work=9.422065 tx=3498 date='2025-10-09T04:30:43Z' progress=1.000000 cache=0.3MiB(973txo)
2025-10-09T04:30:50Z Saw new header hash=246e397aa3ade147bbd82f411b67c374a4b9da03cd4ca2cbc247dccfdde7af09 height=343
2025-10-09T04:30:50Z Saw new cmpctblock header hash=246e397aa3ade147bbd82f411b67c374a4b9da03cd4ca2cbc247dccfdde7af09 peer=0
2025-10-09T04:30:50Z UpdateTip: new best=246e397aa3ade147bbd82f411b67c374a4b9da03cd4ca2cbc247dccfdde7af09 height=343 version=0x30000000 log2_work=9.426265 tx=3508 date='2025-10-09T04:30:49Z' progress=1.000000 cache=0.3MiB(972txo)
2025-10-09T04:30:55Z Saw new header hash=7d8d89ac2c88aea07bad147d5737fb5a282a208ed007ecb1103b53f739045a30 height=344
2025-10-09T04:30:55Z Saw new cmpctblock header hash=7d8d89ac2c88aea07bad147d5737fb5a282a208ed007ecb1103b53f739045a30 peer=0
2025-10-09T04:30:55Z UpdateTip: new best=7d8d89ac2c88aea07bad147d5737fb5a282a208ed007ecb1103b53f739045a30 height=344 version=0x30000000 log2_work=9.430453 tx=3518 date='2025-10-09T04:30:54Z' progress=1.000000 cache=0.3MiB(974txo)
2025-10-09T04:31:01Z Saw new header hash=71ba604535637e6f8b162be92f47cdf863b8758221043c3b843fb6cba380a6de height=345
2025-10-09T04:31:01Z Saw new cmpctblock header hash=71ba604535637e6f8b162be92f47cdf863b8758221043c3b843fb6cba380a6de peer=0
2025-10-09T04:31:01Z UpdateTip: new best=71ba604535637e6f8b162be92f47cdf863b8758221043c3b843fb6cba380a6de height=345 version=0x30000000 log2_work=9.434628 tx=3528 date='2025-10-09T04:31:00Z' progress=1.000000 cache=0.3MiB(976txo)
2025-10-09T04:31:06Z Saw new header hash=2b7f2cbd6bd56400ffbd4ea9b7f960b68faf128f14604eaa2533fcf3588e930a height=346
2025-10-09T04:31:06Z Saw new cmpctblock header hash=2b7f2cbd6bd56400ffbd4ea9b7f960b68faf128f14604eaa2533fcf3588e930a peer=0
2025-10-09T04:31:07Z UpdateTip: new best=2b7f2cbd6bd56400ffbd4ea9b7f960b68faf128f14604eaa2533fcf3588e930a height=346 version=0x30000000 log2_work=9.438792 tx=3537 date='2025-10-09T04:31:05Z' progress=1.000000 cache=0.3MiB(986txo)
2025-10-09T04:31:12Z Saw new header hash=577cdc59f6b50fd0f3cb63abe0425719c0fefa9508b647f4a4695c7bb59a7e27 height=347
2025-10-09T04:31:12Z Saw new cmpctblock header hash=577cdc59f6b50fd0f3cb63abe0425719c0fefa9508b647f4a4695c7bb59a7e27 peer=0
2025-10-09T04:31:12Z UpdateTip: new best=577cdc59f6b50fd0f3cb63abe0425719c0fefa9508b647f4a4695c7bb59a7e27 height=347 version=0x30000000 log2_work=9.442943 tx=3544 date='2025-10-09T04:31:11Z' progress=1.000000 cache=0.3MiB(987txo)
2025-10-09T04:31:17Z Saw new header hash=5ff626fa4cee87e203149d0e403a7ea689865acdb5bfcac4a2b84e157c7b8424 height=348
2025-10-09T04:31:17Z Saw new cmpctblock header hash=5ff626fa4cee87e203149d0e403a7ea689865acdb5bfcac4a2b84e157c7b8424 peer=0
2025-10-09T04:31:18Z UpdateTip: new best=5ff626fa4cee87e203149d0e403a7ea689865acdb5bfcac4a2b84e157c7b8424 height=348 version=0x30000000 log2_work=9.447083 tx=3554 date='2025-10-09T04:31:16Z' progress=1.000000 cache=0.3MiB(991txo)
2025-10-09T04:31:23Z Saw new header hash=2d63464efeeab34c061537369d44242f8ef20b3854313362fe402ebeeb7c1fd9 height=349
2025-10-09T04:31:23Z Saw new cmpctblock header hash=2d63464efeeab34c061537369d44242f8ef20b3854313362fe402ebeeb7c1fd9 peer=0
2025-10-09T04:31:23Z UpdateTip: new best=2d63464efeeab34c061537369d44242f8ef20b3854313362fe402ebeeb7c1fd9 height=349 version=0x30000000 log2_work=9.451211 tx=3564 date='2025-10-09T04:31:22Z' progress=1.000000 cache=0.3MiB(998txo)
2025-10-09T04:31:28Z Saw new header hash=2e5cf5bf563ac1d66752b90cca5fc52cb215b55f8e1fd359e7058758e555cf18 height=350
2025-10-09T04:31:28Z Saw new cmpctblock header hash=2e5cf5bf563ac1d66752b90cca5fc52cb215b55f8e1fd359e7058758e555cf18 peer=0
2025-10-09T04:31:28Z UpdateTip: new best=2e5cf5bf563ac1d66752b90cca5fc52cb215b55f8e1fd359e7058758e555cf18 height=350 version=0x30000000 log2_work=9.455327 tx=3574 date='2025-10-09T04:31:27Z' progress=1.000000 cache=0.3MiB(999txo)
2025-10-09T04:31:34Z Saw new header hash=25f27d33821d3ea9b8d66673fe9ce8efc34061d6b9af23f5d06d3a1fd844579e height=351
2025-10-09T04:31:34Z Saw new cmpctblock header hash=25f27d33821d3ea9b8d66673fe9ce8efc34061d6b9af23f5d06d3a1fd844579e peer=0
2025-10-09T04:31:34Z UpdateTip: new best=25f27d33821d3ea9b8d66673fe9ce8efc34061d6b9af23f5d06d3a1fd844579e height=351 version=0x30000000 log2_work=9.459432 tx=3584 date='2025-10-09T04:31:32Z' progress=1.000000 cache=0.3MiB(999txo)
2025-10-09T04:31:39Z Saw new header hash=117cf8c9220a3c0f778d128ca470e8d2a1aea42e5da81332b4d46d4bce5ef35e height=352
2025-10-09T04:31:39Z Saw new cmpctblock header hash=117cf8c9220a3c0f778d128ca470e8d2a1aea42e5da81332b4d46d4bce5ef35e peer=0
2025-10-09T04:31:39Z UpdateTip: new best=117cf8c9220a3c0f778d128ca470e8d2a1aea42e5da81332b4d46d4bce5ef35e height=352 version=0x30000000 log2_work=9.463524 tx=3594 date='2025-10-09T04:31:38Z' progress=1.000000 cache=0.3MiB(1007txo)
2025-10-09T04:31:45Z Saw new header hash=5560fed354e055e96be6f09f0ab4625c8936b9a41fe374107bf8f7e2168a9609 height=353
2025-10-09T04:31:45Z Saw new cmpctblock header hash=5560fed354e055e96be6f09f0ab4625c8936b9a41fe374107bf8f7e2168a9609 peer=0
2025-10-09T04:31:45Z UpdateTip: new best=5560fed354e055e96be6f09f0ab4625c8936b9a41fe374107bf8f7e2168a9609 height=353 version=0x30000000 log2_work=9.467606 tx=3602 date='2025-10-09T04:31:44Z' progress=1.000000 cache=0.3MiB(1015txo)
2025-10-09T04:31:50Z Saw new header hash=10c9e21a84fa6c5f1b4da22115ad638c22b72677b69bb81d5d22c862b690312d height=354
2025-10-09T04:31:50Z Saw new cmpctblock header hash=10c9e21a84fa6c5f1b4da22115ad638c22b72677b69bb81d5d22c862b690312d peer=0
2025-10-09T04:31:51Z UpdateTip: new best=10c9e21a84fa6c5f1b4da22115ad638c22b72677b69bb81d5d22c862b690312d height=354 version=0x30000000 log2_work=9.471675 tx=3611 date='2025-10-09T04:31:49Z' progress=1.000000 cache=0.3MiB(1018txo)
2025-10-09T04:31:56Z Saw new header hash=3365a9ea9c43480b37b207893738fc6e766a9780e4b5368c2cff0d28cbc6b119 height=355
2025-10-09T04:31:56Z Saw new cmpctblock header hash=3365a9ea9c43480b37b207893738fc6e766a9780e4b5368c2cff0d28cbc6b119 peer=0
2025-10-09T04:31:56Z UpdateTip: new best=3365a9ea9c43480b37b207893738fc6e766a9780e4b5368c2cff0d28cbc6b119 height=355 version=0x30000000 log2_work=9.475733 tx=3621 date='2025-10-09T04:31:55Z' progress=1.000000 cache=0.3MiB(1023txo)
2025-10-09T04:32:01Z Saw new header hash=7f88014b511d88d0b4727e1e9d69cfd4c9dc9a9cc4e43be6fb26c95e301185f8 height=356
2025-10-09T04:32:01Z Saw new cmpctblock header hash=7f88014b511d88d0b4727e1e9d69cfd4c9dc9a9cc4e43be6fb26c95e301185f8 peer=0
2025-10-09T04:32:01Z UpdateTip: new best=7f88014b511d88d0b4727e1e9d69cfd4c9dc9a9cc4e43be6fb26c95e301185f8 height=356 version=0x30000000 log2_work=9.479780 tx=3631 date='2025-10-09T04:32:00Z' progress=1.000000 cache=0.3MiB(1027txo)
2025-10-09T04:32:07Z Saw new header hash=721e3bbb49d36b5dbdf5b8f6deec4a2e55051e52392ddb1033958d86beecd623 height=357
2025-10-09T04:32:07Z Saw new cmpctblock header hash=721e3bbb49d36b5dbdf5b8f6deec4a2e55051e52392ddb1033958d86beecd623 peer=0
2025-10-09T04:32:07Z UpdateTip: new best=721e3bbb49d36b5dbdf5b8f6deec4a2e55051e52392ddb1033958d86beecd623 height=357 version=0x30000000 log2_work=9.483816 tx=3641 date='2025-10-09T04:32:06Z' progress=1.000000 cache=0.3MiB(1028txo)
2025-10-09T04:32:12Z Saw new header hash=30eb22b4ebc6e6b922788b7ff9305adb4b13ce31e157f6695cb513fc78ffdfa4 height=358
2025-10-09T04:32:12Z Saw new cmpctblock header hash=30eb22b4ebc6e6b922788b7ff9305adb4b13ce31e157f6695cb513fc78ffdfa4 peer=0
2025-10-09T04:32:13Z UpdateTip: new best=30eb22b4ebc6e6b922788b7ff9305adb4b13ce31e157f6695cb513fc78ffdfa4 height=358 version=0x30000000 log2_work=9.487840 tx=3650 date='2025-10-09T04:32:11Z' progress=1.000000 cache=0.3MiB(1023txo)
2025-10-09T04:32:18Z Saw new header hash=22dc96ea95b33ee14822905d77380011e4c4040069e20ca3facd526ec10fa3eb height=359
2025-10-09T04:32:18Z Saw new cmpctblock header hash=22dc96ea95b33ee14822905d77380011e4c4040069e20ca3facd526ec10fa3eb peer=0
2025-10-09T04:32:18Z UpdateTip: new best=22dc96ea95b33ee14822905d77380011e4c4040069e20ca3facd526ec10fa3eb height=359 version=0x30000000 log2_work=9.491853 tx=3660 date='2025-10-09T04:32:17Z' progress=1.000000 cache=0.3MiB(1021txo)
2025-10-09T04:32:23Z Saw new header hash=4608697b667df8ebf5db84909d2f8e979d649c0af8a90d1659e83f3a96f3eb56 height=360
2025-10-09T04:32:23Z Saw new cmpctblock header hash=4608697b667df8ebf5db84909d2f8e979d649c0af8a90d1659e83f3a96f3eb56 peer=0
2025-10-09T04:32:23Z UpdateTip: new best=4608697b667df8ebf5db84909d2f8e979d649c0af8a90d1659e83f3a96f3eb56 height=360 version=0x30000000 log2_work=9.495855 tx=3668 date='2025-10-09T04:32:22Z' progress=1.000000 cache=0.3MiB(1024txo)
2025-10-09T04:32:29Z Saw new header hash=47f242dd03b06adc3a42d26aa39ff077bda34255c466246d0f26029879a8d074 height=361
2025-10-09T04:32:29Z Saw new cmpctblock header hash=47f242dd03b06adc3a42d26aa39ff077bda34255c466246d0f26029879a8d074 peer=0
2025-10-09T04:32:29Z UpdateTip: new best=47f242dd03b06adc3a42d26aa39ff077bda34255c466246d0f26029879a8d074 height=361 version=0x30000000 log2_work=9.499846 tx=3678 date='2025-10-09T04:32:28Z' progress=1.000000 cache=0.3MiB(1030txo)
2025-10-09T04:32:34Z Saw new header hash=4a571e6aa56692a684d505a2c4b10cdbdeff3cd92e7cf704f2155a6763be0d46 height=362
2025-10-09T04:32:34Z Saw new cmpctblock header hash=4a571e6aa56692a684d505a2c4b10cdbdeff3cd92e7cf704f2155a6763be0d46 peer=0
2025-10-09T04:32:34Z UpdateTip: new best=4a571e6aa56692a684d505a2c4b10cdbdeff3cd92e7cf704f2155a6763be0d46 height=362 version=0x30000000 log2_work=9.503826 tx=3688 date='2025-10-09T04:32:33Z' progress=1.000000 cache=0.3MiB(1034txo)
2025-10-09T04:32:39Z Saw new header hash=43190c4513829f896d8d7771dac2779d71c16c442f5213f6c5c012a594e76142 height=363
2025-10-09T04:32:39Z Saw new cmpctblock header hash=43190c4513829f896d8d7771dac2779d71c16c442f5213f6c5c012a594e76142 peer=0
2025-10-09T04:32:39Z UpdateTip: new best=43190c4513829f896d8d7771dac2779d71c16c442f5213f6c5c012a594e76142 height=363 version=0x30000000 log2_work=9.507795 tx=3694 date='2025-10-09T04:32:38Z' progress=1.000000 cache=0.3MiB(1040txo)
2025-10-09T04:32:45Z Saw new header hash=4eaf579e807470b9041a77f1181f5ef5ba82c9785584405b493f7812dbe2c7d9 height=364
2025-10-09T04:32:45Z Saw new cmpctblock header hash=4eaf579e807470b9041a77f1181f5ef5ba82c9785584405b493f7812dbe2c7d9 peer=0
2025-10-09T04:32:45Z UpdateTip: new best=4eaf579e807470b9041a77f1181f5ef5ba82c9785584405b493f7812dbe2c7d9 height=364 version=0x30000000 log2_work=9.511753 tx=3704 date='2025-10-09T04:32:44Z' progress=1.000000 cache=0.3MiB(1048txo)
2025-10-09T04:32:50Z Saw new header hash=5e576c81b1e93ab612c5b2c84ee4877c9a0ec147cc3f72e0846f07bcdef260b0 height=365
2025-10-09T04:32:50Z Saw new cmpctblock header hash=5e576c81b1e93ab612c5b2c84ee4877c9a0ec147cc3f72e0846f07bcdef260b0 peer=0
2025-10-09T04:32:50Z UpdateTip: new best=5e576c81b1e93ab612c5b2c84ee4877c9a0ec147cc3f72e0846f07bcdef260b0 height=365 version=0x30000000 log2_work=9.515700 tx=3712 date='2025-10-09T04:32:49Z' progress=1.000000 cache=0.3MiB(1050txo)
2025-10-09T04:32:56Z Saw new header hash=0af8ca9ef1ae59ad137f34b225ea840784b2c08dba5912d5571e47e04c4f0b65 height=366
2025-10-09T04:32:56Z Saw new cmpctblock header hash=0af8ca9ef1ae59ad137f34b225ea840784b2c08dba5912d5571e47e04c4f0b65 peer=0
2025-10-09T04:32:56Z UpdateTip: new best=0af8ca9ef1ae59ad137f34b225ea840784b2c08dba5912d5571e47e04c4f0b65 height=366 version=0x30000000 log2_work=9.519636 tx=3722 date='2025-10-09T04:32:55Z' progress=1.000000 cache=0.3MiB(1052txo)
2025-10-09T04:33:01Z Saw new header hash=00c2de4351d1038f9746bf7ba818bc6397b336332c7960a5f76d421c050e1c94 height=367
2025-10-09T04:33:01Z Saw new cmpctblock header hash=00c2de4351d1038f9746bf7ba818bc6397b336332c7960a5f76d421c050e1c94 peer=0
2025-10-09T04:33:01Z UpdateTip: new best=00c2de4351d1038f9746bf7ba818bc6397b336332c7960a5f76d421c050e1c94 height=367 version=0x30000000 log2_work=9.523562 tx=3730 date='2025-10-09T04:33:00Z' progress=1.000000 cache=0.3MiB(1059txo)
2025-10-09T04:33:06Z Saw new header hash=367a872955b46861368866c41157afca5e31e23c6c372f202663676b19f9b114 height=368
2025-10-09T04:33:06Z Saw new cmpctblock header hash=367a872955b46861368866c41157afca5e31e23c6c372f202663676b19f9b114 peer=0
2025-10-09T04:33:07Z UpdateTip: new best=367a872955b46861368866c41157afca5e31e23c6c372f202663676b19f9b114 height=368 version=0x30000000 log2_work=9.527477 tx=3740 date='2025-10-09T04:33:05Z' progress=1.000000 cache=0.3MiB(1057txo)
2025-10-09T04:33:12Z Saw new header hash=7efa17f7b1cb928ddfb55b0d04abe85cacf01b34cad4d5ee42612e15e2d03ebd height=369
2025-10-09T04:33:12Z Saw new cmpctblock header hash=7efa17f7b1cb928ddfb55b0d04abe85cacf01b34cad4d5ee42612e15e2d03ebd peer=0
2025-10-09T04:33:12Z UpdateTip: new best=7efa17f7b1cb928ddfb55b0d04abe85cacf01b34cad4d5ee42612e15e2d03ebd height=369 version=0x30000000 log2_work=9.531381 tx=3750 date='2025-10-09T04:33:11Z' progress=1.000000 cache=0.3MiB(1051txo)
2025-10-09T04:33:18Z Saw new header hash=46adc381e4b857d7febe7b422bf170177884e77dffc72f79de3c93fb74d39225 height=370
2025-10-09T04:33:18Z Saw new cmpctblock header hash=46adc381e4b857d7febe7b422bf170177884e77dffc72f79de3c93fb74d39225 peer=0
2025-10-09T04:33:18Z UpdateTip: new best=46adc381e4b857d7febe7b422bf170177884e77dffc72f79de3c93fb74d39225 height=370 version=0x30000000 log2_work=9.535275 tx=3760 date='2025-10-09T04:33:16Z' progress=1.000000 cache=0.3MiB(1054txo)
2025-10-09T04:33:23Z Saw new header hash=354268db7d410855f05974f1148d969e41b5bcf409f3ee8b21f74df4c6f1f3ae height=371
2025-10-09T04:33:23Z Saw new cmpctblock header hash=354268db7d410855f05974f1148d969e41b5bcf409f3ee8b21f74df4c6f1f3ae peer=0
2025-10-09T04:33:23Z UpdateTip: new best=354268db7d410855f05974f1148d969e41b5bcf409f3ee8b21f74df4c6f1f3ae height=371 version=0x30000000 log2_work=9.539159 tx=3770 date='2025-10-09T04:33:22Z' progress=1.000000 cache=0.3MiB(1060txo)
2025-10-09T04:33:29Z Saw new header hash=6c8624ad89cfdf5d4fb37aa37ff6069d5702bc321fb0edd202e02f8428500559 height=372
2025-10-09T04:33:29Z Saw new cmpctblock header hash=6c8624ad89cfdf5d4fb37aa37ff6069d5702bc321fb0edd202e02f8428500559 peer=0
2025-10-09T04:33:29Z UpdateTip: new best=6c8624ad89cfdf5d4fb37aa37ff6069d5702bc321fb0edd202e02f8428500559 height=372 version=0x30000000 log2_work=9.543032 tx=3780 date='2025-10-09T04:33:27Z' progress=1.000000 cache=0.3MiB(1068txo)
2025-10-09T04:33:34Z Saw new header hash=1208c26937fc9bfe4676d162889708ed2e91c49247f60b74daec6240be3bda8c height=373
2025-10-09T04:33:34Z Saw new cmpctblock header hash=1208c26937fc9bfe4676d162889708ed2e91c49247f60b74daec6240be3bda8c peer=0
2025-10-09T04:33:34Z UpdateTip: new best=1208c26937fc9bfe4676d162889708ed2e91c49247f60b74daec6240be3bda8c height=373 version=0x30000000 log2_work=9.546894 tx=3790 date='2025-10-09T04:33:33Z' progress=1.000000 cache=0.3MiB(1073txo)
2025-10-09T04:33:40Z Saw new header hash=62dd93ce22ed2ca982724fb563a43f1a5df956a7b243b788cec660ee217ca993 height=374
2025-10-09T04:33:40Z Saw new cmpctblock header hash=62dd93ce22ed2ca982724fb563a43f1a5df956a7b243b788cec660ee217ca993 peer=0
2025-10-09T04:33:40Z UpdateTip: new best=62dd93ce22ed2ca982724fb563a43f1a5df956a7b243b788cec660ee217ca993 height=374 version=0x30000000 log2_work=9.550747 tx=3800 date='2025-10-09T04:33:38Z' progress=1.000000 cache=0.3MiB(1079txo)
2025-10-09T04:33:45Z Saw new header hash=79609659b378292405230404a2ed994c9910906c6185981dda0bf915914ffeee height=375
2025-10-09T04:33:45Z Saw new cmpctblock header hash=79609659b378292405230404a2ed994c9910906c6185981dda0bf915914ffeee peer=0
2025-10-09T04:33:45Z UpdateTip: new best=79609659b378292405230404a2ed994c9910906c6185981dda0bf915914ffeee height=375 version=0x30000000 log2_work=9.554589 tx=3808 date='2025-10-09T04:33:44Z' progress=1.000000 cache=0.3MiB(1081txo)
2025-10-09T04:33:52Z Saw new header hash=6a25a1757673c63bbec6e5f2ee23a1ef70ba517fd7a208d09b51e874bc7b3f36 height=376
2025-10-09T04:33:52Z Saw new cmpctblock header hash=6a25a1757673c63bbec6e5f2ee23a1ef70ba517fd7a208d09b51e874bc7b3f36 peer=0
2025-10-09T04:33:52Z UpdateTip: new best=6a25a1757673c63bbec6e5f2ee23a1ef70ba517fd7a208d09b51e874bc7b3f36 height=376 version=0x30000000 log2_work=9.558421 tx=3816 date='2025-10-09T04:33:51Z' progress=1.000000 cache=0.3MiB(1076txo)
2025-10-09T04:33:58Z Saw new header hash=4c38e253cc9b17c9657fc30053ea5c552026568fa11cf5aaaab497ff3c7ff4cc height=377
2025-10-09T04:33:58Z Saw new cmpctblock header hash=4c38e253cc9b17c9657fc30053ea5c552026568fa11cf5aaaab497ff3c7ff4cc peer=0
2025-10-09T04:33:58Z UpdateTip: new best=4c38e253cc9b17c9657fc30053ea5c552026568fa11cf5aaaab497ff3c7ff4cc height=377 version=0x30000000 log2_work=9.562242 tx=3825 date='2025-10-09T04:33:57Z' progress=1.000000 cache=0.3MiB(1079txo)
2025-10-09T04:34:03Z Saw new header hash=39bd983f527f4870d7cbfcccf15fc7bea0d3085e01ac99b9079e8b31ccfc3880 height=378
2025-10-09T04:34:03Z Saw new cmpctblock header hash=39bd983f527f4870d7cbfcccf15fc7bea0d3085e01ac99b9079e8b31ccfc3880 peer=0
2025-10-09T04:34:04Z UpdateTip: new best=39bd983f527f4870d7cbfcccf15fc7bea0d3085e01ac99b9079e8b31ccfc3880 height=378 version=0x30000000 log2_work=9.566054 tx=3835 date='2025-10-09T04:34:02Z' progress=1.000000 cache=0.3MiB(1086txo)
2025-10-09T04:34:08Z Saw new header hash=68f118fced7d9b5c73c19ae0e7ef961d201aadc9d9f6732c79d53b2466440f78 height=379
2025-10-09T04:34:08Z Saw new cmpctblock header hash=68f118fced7d9b5c73c19ae0e7ef961d201aadc9d9f6732c79d53b2466440f78 peer=0
2025-10-09T04:34:09Z UpdateTip: new best=68f118fced7d9b5c73c19ae0e7ef961d201aadc9d9f6732c79d53b2466440f78 height=379 version=0x30000000 log2_work=9.569856 tx=3845 date='2025-10-09T04:34:07Z' progress=1.000000 cache=0.3MiB(1092txo)
2025-10-09T04:34:14Z Saw new header hash=59a161f1c205f8602172538bd44255dc49f709fa682cd49212b210478ffaf7da height=380
2025-10-09T04:34:14Z Saw new cmpctblock header hash=59a161f1c205f8602172538bd44255dc49f709fa682cd49212b210478ffaf7da peer=0
2025-10-09T04:34:14Z UpdateTip: new best=59a161f1c205f8602172538bd44255dc49f709fa682cd49212b210478ffaf7da height=380 version=0x30000000 log2_work=9.573647 tx=3855 date='2025-10-09T04:34:13Z' progress=1.000000 cache=0.3MiB(1102txo)
2025-10-09T04:34:20Z Saw new header hash=2af662ad96893d1c7f2d319ad24c9d1175410a9d52aa24d6f274e413badf85d1 height=381
2025-10-09T04:34:20Z Saw new cmpctblock header hash=2af662ad96893d1c7f2d319ad24c9d1175410a9d52aa24d6f274e413badf85d1 peer=0
2025-10-09T04:34:21Z UpdateTip: new best=2af662ad96893d1c7f2d319ad24c9d1175410a9d52aa24d6f274e413badf85d1 height=381 version=0x30000000 log2_work=9.577429 tx=3865 date='2025-10-09T04:34:19Z' progress=1.000000 cache=0.3MiB(1101txo)
2025-10-09T04:34:26Z Saw new header hash=38eacd397cbb0a9b838a35c7d38360df9751977fd31465689de9060a5126736f height=382
2025-10-09T04:34:26Z Saw new cmpctblock header hash=38eacd397cbb0a9b838a35c7d38360df9751977fd31465689de9060a5126736f peer=0
2025-10-09T04:34:26Z UpdateTip: new best=38eacd397cbb0a9b838a35c7d38360df9751977fd31465689de9060a5126736f height=382 version=0x30000000 log2_work=9.581201 tx=3873 date='2025-10-09T04:34:25Z' progress=1.000000 cache=0.3MiB(1103txo)
2025-10-09T04:34:32Z Saw new header hash=21151ca3bfd0aab6df29cf6dc0ff9d4f942711eef3354d57c718b637c288068c height=383
2025-10-09T04:34:32Z Saw new cmpctblock header hash=21151ca3bfd0aab6df29cf6dc0ff9d4f942711eef3354d57c718b637c288068c peer=0
2025-10-09T04:34:32Z UpdateTip: new best=21151ca3bfd0aab6df29cf6dc0ff9d4f942711eef3354d57c718b637c288068c height=383 version=0x30000000 log2_work=9.584963 tx=3883 date='2025-10-09T04:34:31Z' progress=1.000000 cache=0.3MiB(1104txo)
2025-10-09T04:34:38Z Saw new header hash=3bcab001897b5feea55f25661bbcdea4628ef10f043ca66c79b3ae5a5bd1acc1 height=384
2025-10-09T04:34:38Z Saw new cmpctblock header hash=3bcab001897b5feea55f25661bbcdea4628ef10f043ca66c79b3ae5a5bd1acc1 peer=0
2025-10-09T04:34:38Z UpdateTip: new best=3bcab001897b5feea55f25661bbcdea4628ef10f043ca66c79b3ae5a5bd1acc1 height=384 version=0x30000000 log2_work=9.588715 tx=3891 date='2025-10-09T04:34:36Z' progress=1.000000 cache=0.3MiB(1112txo)
2025-10-09T04:34:43Z Saw new header hash=59a57ad282eca4690b076b264f3aa96f0aa177264e3087de044334cf55efb4d6 height=385
2025-10-09T04:34:43Z Saw new cmpctblock header hash=59a57ad282eca4690b076b264f3aa96f0aa177264e3087de044334cf55efb4d6 peer=0
2025-10-09T04:34:43Z UpdateTip: new best=59a57ad282eca4690b076b264f3aa96f0aa177264e3087de044334cf55efb4d6 height=385 version=0x30000000 log2_work=9.592457 tx=3899 date='2025-10-09T04:34:42Z' progress=1.000000 cache=0.3MiB(1114txo)
2025-10-09T04:34:49Z Saw new header hash=5de079bebb6e87843ff77e0075da876fe44b1c8d937b86feeff133f7b4d1a0a1 height=386
2025-10-09T04:34:49Z Saw new cmpctblock header hash=5de079bebb6e87843ff77e0075da876fe44b1c8d937b86feeff133f7b4d1a0a1 peer=0
2025-10-09T04:34:49Z UpdateTip: new best=5de079bebb6e87843ff77e0075da876fe44b1c8d937b86feeff133f7b4d1a0a1 height=386 version=0x30000000 log2_work=9.596190 tx=3909 date='2025-10-09T04:34:48Z' progress=1.000000 cache=0.3MiB(1119txo)
2025-10-09T04:34:54Z Saw new header hash=2f1313735249cc5c1a865ad068bbce459fa1f0b8b04c345a19cf288c6a4c2f31 height=387
2025-10-09T04:34:54Z Saw new cmpctblock header hash=2f1313735249cc5c1a865ad068bbce459fa1f0b8b04c345a19cf288c6a4c2f31 peer=0
2025-10-09T04:34:55Z UpdateTip: new best=2f1313735249cc5c1a865ad068bbce459fa1f0b8b04c345a19cf288c6a4c2f31 height=387 version=0x30000000 log2_work=9.599913 tx=3919 date='2025-10-09T04:34:53Z' progress=1.000000 cache=0.3MiB(1116txo)
2025-10-09T04:35:00Z Saw new header hash=1401c60547bfdfb571babef03136543749f11e376a55173df1a533b85ab75273 height=388
2025-10-09T04:35:00Z Saw new cmpctblock header hash=1401c60547bfdfb571babef03136543749f11e376a55173df1a533b85ab75273 peer=0
2025-10-09T04:35:00Z UpdateTip: new best=1401c60547bfdfb571babef03136543749f11e376a55173df1a533b85ab75273 height=388 version=0x30000000 log2_work=9.603626 tx=3929 date='2025-10-09T04:34:59Z' progress=1.000000 cache=0.3MiB(1121txo)
2025-10-09T04:35:05Z Saw new header hash=23014db9587dd4de10056560ff7f109e84877c1cf85d43fb717e6a80f1130ddc height=389
2025-10-09T04:35:05Z Saw new cmpctblock header hash=23014db9587dd4de10056560ff7f109e84877c1cf85d43fb717e6a80f1130ddc peer=0
2025-10-09T04:35:06Z UpdateTip: new best=23014db9587dd4de10056560ff7f109e84877c1cf85d43fb717e6a80f1130ddc height=389 version=0x30000000 log2_work=9.607330 tx=3939 date='2025-10-09T04:35:04Z' progress=1.000000 cache=0.3MiB(1123txo)
2025-10-09T04:35:11Z Saw new header hash=10bb3a8a941761b1bdd6e3305fadc8a094b73dafbacf4271867c4a09cc7e8014 height=390
2025-10-09T04:35:11Z Saw new cmpctblock header hash=10bb3a8a941761b1bdd6e3305fadc8a094b73dafbacf4271867c4a09cc7e8014 peer=0
2025-10-09T04:35:11Z UpdateTip: new best=10bb3a8a941761b1bdd6e3305fadc8a094b73dafbacf4271867c4a09cc7e8014 height=390 version=0x30000000 log2_work=9.611025 tx=3949 date='2025-10-09T04:35:10Z' progress=1.000000 cache=0.3MiB(1125txo)
2025-10-09T04:35:16Z Saw new header hash=5a5b4d6d79468140b48435c307c15a27b8b97a79c5ee19e86b60054e5aa37621 height=391
2025-10-09T04:35:16Z Saw new cmpctblock header hash=5a5b4d6d79468140b48435c307c15a27b8b97a79c5ee19e86b60054e5aa37621 peer=0
2025-10-09T04:35:16Z UpdateTip: new best=5a5b4d6d79468140b48435c307c15a27b8b97a79c5ee19e86b60054e5aa37621 height=391 version=0x30000000 log2_work=9.614710 tx=3959 date='2025-10-09T04:35:15Z' progress=1.000000 cache=0.3MiB(1126txo)
2025-10-09T04:35:22Z Saw new header hash=356e8b05bafb5ba18a0f24f9be02c64de04e0031ffd9f3c23f53b8d8ad0a6e5a height=392
2025-10-09T04:35:22Z Saw new cmpctblock header hash=356e8b05bafb5ba18a0f24f9be02c64de04e0031ffd9f3c23f53b8d8ad0a6e5a peer=0
2025-10-09T04:35:22Z UpdateTip: new best=356e8b05bafb5ba18a0f24f9be02c64de04e0031ffd9f3c23f53b8d8ad0a6e5a height=392 version=0x30000000 log2_work=9.618386 tx=3969 date='2025-10-09T04:35:21Z' progress=1.000000 cache=0.3MiB(1126txo)
2025-10-09T04:35:27Z Saw new header hash=0c091c5d8a4b7f70d19b2616326471e0e6b982afc48dd193536b1e06903f74fd height=393
2025-10-09T04:35:27Z Saw new cmpctblock header hash=0c091c5d8a4b7f70d19b2616326471e0e6b982afc48dd193536b1e06903f74fd peer=0
2025-10-09T04:35:27Z UpdateTip: new best=0c091c5d8a4b7f70d19b2616326471e0e6b982afc48dd193536b1e06903f74fd height=393 version=0x30000000 log2_work=9.622052 tx=3979 date='2025-10-09T04:35:26Z' progress=1.000000 cache=0.3MiB(1127txo)
2025-10-09T04:35:33Z Saw new header hash=6c6aaf7797ae2f95e63572cbb3022a84e007317c599aa55cf1b940072fafd4d4 height=394
2025-10-09T04:35:33Z Saw new cmpctblock header hash=6c6aaf7797ae2f95e63572cbb3022a84e007317c599aa55cf1b940072fafd4d4 peer=0
2025-10-09T04:35:33Z UpdateTip: new best=6c6aaf7797ae2f95e63572cbb3022a84e007317c599aa55cf1b940072fafd4d4 height=394 version=0x30000000 log2_work=9.625709 tx=3989 date='2025-10-09T04:35:32Z' progress=1.000000 cache=0.3MiB(1136txo)
2025-10-09T04:35:38Z Saw new header hash=0d260f9006375668df952f80762d61a08e29a9f5a7dd11deb39367f3e8f5a9dc height=395
2025-10-09T04:35:38Z Saw new cmpctblock header hash=0d260f9006375668df952f80762d61a08e29a9f5a7dd11deb39367f3e8f5a9dc peer=0
2025-10-09T04:35:38Z UpdateTip: new best=0d260f9006375668df952f80762d61a08e29a9f5a7dd11deb39367f3e8f5a9dc height=395 version=0x30000000 log2_work=9.629357 tx=3999 date='2025-10-09T04:35:37Z' progress=1.000000 cache=0.3MiB(1143txo)
2025-10-09T04:35:43Z Saw new header hash=59898dc9c5fd6793864080479b26921bd03c9258d318af32639e04a0a95a7b06 height=396
2025-10-09T04:35:43Z Saw new cmpctblock header hash=59898dc9c5fd6793864080479b26921bd03c9258d318af32639e04a0a95a7b06 peer=0
2025-10-09T04:35:44Z UpdateTip: new best=59898dc9c5fd6793864080479b26921bd03c9258d318af32639e04a0a95a7b06 height=396 version=0x30000000 log2_work=9.632995 tx=4009 date='2025-10-09T04:35:42Z' progress=1.000000 cache=0.3MiB(1148txo)
2025-10-09T04:35:49Z Saw new header hash=381369dff3debc8e6ae6b2833f667ad41f31eded800e520498e7237dec9bdf9b height=397
2025-10-09T04:35:49Z Saw new cmpctblock header hash=381369dff3debc8e6ae6b2833f667ad41f31eded800e520498e7237dec9bdf9b peer=0
2025-10-09T04:35:49Z UpdateTip: new best=381369dff3debc8e6ae6b2833f667ad41f31eded800e520498e7237dec9bdf9b height=397 version=0x30000000 log2_work=9.636625 tx=4019 date='2025-10-09T04:35:48Z' progress=1.000000 cache=0.3MiB(1155txo)
2025-10-09T04:35:55Z Saw new header hash=2b0f0283ede2c3dcb6bd7fe814adebeef8a6415944638ad312e640ea73be1470 height=398
2025-10-09T04:35:55Z Saw new cmpctblock header hash=2b0f0283ede2c3dcb6bd7fe814adebeef8a6415944638ad312e640ea73be1470 peer=0
2025-10-09T04:35:55Z UpdateTip: new best=2b0f0283ede2c3dcb6bd7fe814adebeef8a6415944638ad312e640ea73be1470 height=398 version=0x30000000 log2_work=9.640245 tx=4027 date='2025-10-09T04:35:54Z' progress=1.000000 cache=0.3MiB(1154txo)
2025-10-09T04:36:00Z Saw new header hash=26aa37a814c3d37caee71bf9bff9e355aa564e9c312a00345a0c6ab4fcaacfd8 height=399
2025-10-09T04:36:00Z Saw new cmpctblock header hash=26aa37a814c3d37caee71bf9bff9e355aa564e9c312a00345a0c6ab4fcaacfd8 peer=0
2025-10-09T04:36:00Z UpdateTip: new best=26aa37a814c3d37caee71bf9bff9e355aa564e9c312a00345a0c6ab4fcaacfd8 height=399 version=0x30000000 log2_work=9.643856 tx=4037 date='2025-10-09T04:35:59Z' progress=1.000000 cache=0.3MiB(1159txo)
2025-10-09T04:36:06Z Saw new header hash=71a5dc8843fff0f38efceb1fdec038fa6c229a76fdd9926e42ef004e360bf0c0 height=400
2025-10-09T04:36:06Z Saw new cmpctblock header hash=71a5dc8843fff0f38efceb1fdec038fa6c229a76fdd9926e42ef004e360bf0c0 peer=0
2025-10-09T04:36:06Z UpdateTip: new best=71a5dc8843fff0f38efceb1fdec038fa6c229a76fdd9926e42ef004e360bf0c0 height=400 version=0x30000000 log2_work=9.647458 tx=4046 date='2025-10-09T04:36:05Z' progress=1.000000 cache=0.3MiB(1165txo)
2025-10-09T04:36:12Z Saw new header hash=71370750f7976cb7da3c6fcbf5607b64fd6d171d1dd8961eb551bccd9ec9a5ca height=401
2025-10-09T04:36:12Z Saw new cmpctblock header hash=71370750f7976cb7da3c6fcbf5607b64fd6d171d1dd8961eb551bccd9ec9a5ca peer=0
2025-10-09T04:36:12Z UpdateTip: new best=71370750f7976cb7da3c6fcbf5607b64fd6d171d1dd8961eb551bccd9ec9a5ca height=401 version=0x30000000 log2_work=9.651052 tx=4054 date='2025-10-09T04:36:11Z' progress=1.000000 cache=0.3MiB(1163txo)
2025-10-09T04:36:18Z Saw new header hash=38b9c68e14228318c184fb507bb27c9f0da5c254f2638c8728c92e7a17de1acf height=402
2025-10-09T04:36:18Z Saw new cmpctblock header hash=38b9c68e14228318c184fb507bb27c9f0da5c254f2638c8728c92e7a17de1acf peer=0
2025-10-09T04:36:18Z UpdateTip: new best=38b9c68e14228318c184fb507bb27c9f0da5c254f2638c8728c92e7a17de1acf height=402 version=0x30000000 log2_work=9.654636 tx=4064 date='2025-10-09T04:36:17Z' progress=1.000000 cache=0.3MiB(1173txo)
2025-10-09T04:36:24Z Saw new header hash=5832789b8f9687441a8e72a03847b958f239a05a3e9c2e2247db346a3c31161c height=403
2025-10-09T04:36:24Z Saw new cmpctblock header hash=5832789b8f9687441a8e72a03847b958f239a05a3e9c2e2247db346a3c31161c peer=0
2025-10-09T04:36:24Z UpdateTip: new best=5832789b8f9687441a8e72a03847b958f239a05a3e9c2e2247db346a3c31161c height=403 version=0x30000000 log2_work=9.658211 tx=4073 date='2025-10-09T04:36:22Z' progress=1.000000 cache=0.3MiB(1179txo)
2025-10-09T04:36:29Z Saw new header hash=6645eaafdec1fe9e31cee544024e8b6121c23c808f3446aa9302dbb2d9de1715 height=404
2025-10-09T04:36:29Z Saw new cmpctblock header hash=6645eaafdec1fe9e31cee544024e8b6121c23c808f3446aa9302dbb2d9de1715 peer=0
2025-10-09T04:36:29Z UpdateTip: new best=6645eaafdec1fe9e31cee544024e8b6121c23c808f3446aa9302dbb2d9de1715 height=404 version=0x30000000 log2_work=9.661778 tx=4081 date='2025-10-09T04:36:27Z' progress=1.000000 cache=0.3MiB(1180txo)
2025-10-09T04:36:34Z Saw new header hash=78e989e9765d0c614f35474d1cb5883e59278d7c2a83231b074897e612920eee height=405
2025-10-09T04:36:34Z Saw new cmpctblock header hash=78e989e9765d0c614f35474d1cb5883e59278d7c2a83231b074897e612920eee peer=0
2025-10-09T04:36:34Z UpdateTip: new best=78e989e9765d0c614f35474d1cb5883e59278d7c2a83231b074897e612920eee height=405 version=0x30000000 log2_work=9.665336 tx=4091 date='2025-10-09T04:36:33Z' progress=1.000000 cache=0.3MiB(1182txo)
2025-10-09T04:36:39Z Saw new header hash=1ce34f22b57f94292d9609dc8259ffd8093a5d477ea1d1886f8d053b3d97aef7 height=406
2025-10-09T04:36:39Z Saw new cmpctblock header hash=1ce34f22b57f94292d9609dc8259ffd8093a5d477ea1d1886f8d053b3d97aef7 peer=0
2025-10-09T04:36:40Z UpdateTip: new best=1ce34f22b57f94292d9609dc8259ffd8093a5d477ea1d1886f8d053b3d97aef7 height=406 version=0x30000000 log2_work=9.668885 tx=4101 date='2025-10-09T04:36:38Z' progress=1.000000 cache=0.3MiB(1187txo)
2025-10-09T04:36:45Z Saw new header hash=40e42fa4b3e847da0aa85e86da182adbf8f0bcc4023f93f5b92e52e194a4aa93 height=407
2025-10-09T04:36:45Z Saw new cmpctblock header hash=40e42fa4b3e847da0aa85e86da182adbf8f0bcc4023f93f5b92e52e194a4aa93 peer=0
2025-10-09T04:36:45Z UpdateTip: new best=40e42fa4b3e847da0aa85e86da182adbf8f0bcc4023f93f5b92e52e194a4aa93 height=407 version=0x30000000 log2_work=9.672425 tx=4111 date='2025-10-09T04:36:44Z' progress=1.000000 cache=0.3MiB(1194txo)
2025-10-09T04:36:51Z Saw new header hash=18bf9aeebcf26813378374f79f1946911de5457ef3a53ccba40d9a6236b8a7ed height=408
2025-10-09T04:36:51Z Saw new cmpctblock header hash=18bf9aeebcf26813378374f79f1946911de5457ef3a53ccba40d9a6236b8a7ed peer=0
2025-10-09T04:36:51Z UpdateTip: new best=18bf9aeebcf26813378374f79f1946911de5457ef3a53ccba40d9a6236b8a7ed height=408 version=0x30000000 log2_work=9.675957 tx=4120 date='2025-10-09T04:36:49Z' progress=1.000000 cache=0.3MiB(1200txo)
2025-10-09T04:36:56Z Saw new header hash=2d7d7d5df599f051aafff09bf028e867bbb36bb1b74350ec94eba5ba5886a03b height=409
2025-10-09T04:36:56Z Saw new cmpctblock header hash=2d7d7d5df599f051aafff09bf028e867bbb36bb1b74350ec94eba5ba5886a03b peer=0
2025-10-09T04:36:56Z UpdateTip: new best=2d7d7d5df599f051aafff09bf028e867bbb36bb1b74350ec94eba5ba5886a03b height=409 version=0x30000000 log2_work=9.679480 tx=4130 date='2025-10-09T04:36:55Z' progress=1.000000 cache=0.3MiB(1199txo)
2025-10-09T04:37:02Z Saw new header hash=6918ed8930f9db7bd701896d8f58611e194ff47f28e95be84805e5f68817b299 height=410
2025-10-09T04:37:02Z Saw new cmpctblock header hash=6918ed8930f9db7bd701896d8f58611e194ff47f28e95be84805e5f68817b299 peer=0
2025-10-09T04:37:02Z UpdateTip: new best=6918ed8930f9db7bd701896d8f58611e194ff47f28e95be84805e5f68817b299 height=410 version=0x30000000 log2_work=9.682995 tx=4140 date='2025-10-09T04:37:01Z' progress=1.000000 cache=0.3MiB(1204txo)
2025-10-09T04:37:07Z Saw new header hash=1c81121ee98e9f826131fd988664d1807ad745937365d35dbf10279fdfebd5fc height=411
2025-10-09T04:37:07Z Saw new cmpctblock header hash=1c81121ee98e9f826131fd988664d1807ad745937365d35dbf10279fdfebd5fc peer=0
2025-10-09T04:37:08Z UpdateTip: new best=1c81121ee98e9f826131fd988664d1807ad745937365d35dbf10279fdfebd5fc height=411 version=0x30000000 log2_work=9.686501 tx=4150 date='2025-10-09T04:37:06Z' progress=1.000000 cache=0.3MiB(1210txo)
2025-10-09T04:37:12Z Saw new header hash=1b5a3e07ea17c6483d37a87a4ddbec3c3e41ef608ceea84223e37aae45cbab81 height=412
2025-10-09T04:37:12Z Saw new cmpctblock header hash=1b5a3e07ea17c6483d37a87a4ddbec3c3e41ef608ceea84223e37aae45cbab81 peer=0
2025-10-09T04:37:13Z UpdateTip: new best=1b5a3e07ea17c6483d37a87a4ddbec3c3e41ef608ceea84223e37aae45cbab81 height=412 version=0x30000000 log2_work=9.689998 tx=4159 date='2025-10-09T04:37:11Z' progress=1.000000 cache=0.3MiB(1215txo)
2025-10-09T04:37:18Z Saw new header hash=7a380d69466a981e2e9cf0f3045d003b59d9e9360c374019cadbd22eff6afa86 height=413
2025-10-09T04:37:18Z Saw new cmpctblock header hash=7a380d69466a981e2e9cf0f3045d003b59d9e9360c374019cadbd22eff6afa86 peer=0
2025-10-09T04:37:18Z UpdateTip: new best=7a380d69466a981e2e9cf0f3045d003b59d9e9360c374019cadbd22eff6afa86 height=413 version=0x30000000 log2_work=9.693487 tx=4169 date='2025-10-09T04:37:17Z' progress=1.000000 cache=0.3MiB(1213txo)
2025-10-09T04:37:24Z Saw new header hash=74c59033c098403b4f31e0795ac468589b12274edae4119f3716ab0f625b12c4 height=414
2025-10-09T04:37:24Z Saw new cmpctblock header hash=74c59033c098403b4f31e0795ac468589b12274edae4119f3716ab0f625b12c4 peer=0
2025-10-09T04:37:24Z UpdateTip: new best=74c59033c098403b4f31e0795ac468589b12274edae4119f3716ab0f625b12c4 height=414 version=0x30000000 log2_work=9.696968 tx=4178 date='2025-10-09T04:37:23Z' progress=1.000000 cache=0.3MiB(1210txo)
2025-10-09T04:37:31Z Saw new header hash=432163d61996d95030d9e879c2c341b7cd3db20c38f83a2cb801996b0055f3ba height=415
2025-10-09T04:37:31Z Saw new cmpctblock header hash=432163d61996d95030d9e879c2c341b7cd3db20c38f83a2cb801996b0055f3ba peer=0
2025-10-09T04:37:31Z UpdateTip: new best=432163d61996d95030d9e879c2c341b7cd3db20c38f83a2cb801996b0055f3ba height=415 version=0x30000000 log2_work=9.700440 tx=4188 date='2025-10-09T04:37:29Z' progress=1.000000 cache=0.3MiB(1210txo)
2025-10-09T04:37:35Z Saw new header hash=188dd049fa8ad1de2ec6a608ba413a2d65efbbac8d6dd956280b0807bf8deaaf height=416
2025-10-09T04:37:35Z Saw new cmpctblock header hash=188dd049fa8ad1de2ec6a608ba413a2d65efbbac8d6dd956280b0807bf8deaaf peer=0
2025-10-09T04:37:35Z UpdateTip: new best=188dd049fa8ad1de2ec6a608ba413a2d65efbbac8d6dd956280b0807bf8deaaf height=416 version=0x30000000 log2_work=9.703904 tx=4197 date='2025-10-09T04:37:34Z' progress=1.000000 cache=0.3MiB(1214txo)
2025-10-09T04:37:41Z Saw new header hash=2a29e5e3485828aad9ae4c9860ed41fabafab8cec110da6969ba7ed130b29456 height=417
2025-10-09T04:37:41Z Saw new cmpctblock header hash=2a29e5e3485828aad9ae4c9860ed41fabafab8cec110da6969ba7ed130b29456 peer=0
2025-10-09T04:37:41Z UpdateTip: new best=2a29e5e3485828aad9ae4c9860ed41fabafab8cec110da6969ba7ed130b29456 height=417 version=0x30000000 log2_work=9.707359 tx=4207 date='2025-10-09T04:37:40Z' progress=1.000000 cache=0.3MiB(1219txo)
2025-10-09T04:37:47Z Saw new header hash=3b11651eff3ec64c1cd9f5bd0d01b88b23281febc3447af9608800e6dbf8f4c3 height=418
2025-10-09T04:37:47Z Saw new cmpctblock header hash=3b11651eff3ec64c1cd9f5bd0d01b88b23281febc3447af9608800e6dbf8f4c3 peer=0
2025-10-09T04:37:47Z UpdateTip: new best=3b11651eff3ec64c1cd9f5bd0d01b88b23281febc3447af9608800e6dbf8f4c3 height=418 version=0x30000000 log2_work=9.710806 tx=4217 date='2025-10-09T04:37:45Z' progress=1.000000 cache=0.3MiB(1219txo)
2025-10-09T04:37:52Z Saw new header hash=47bb51f7e493cc7095b2af3dbc2f4b436c311723f826b7671f855b810a538953 height=419
2025-10-09T04:37:52Z Saw new cmpctblock header hash=47bb51f7e493cc7095b2af3dbc2f4b436c311723f826b7671f855b810a538953 peer=0
2025-10-09T04:37:52Z UpdateTip: new best=47bb51f7e493cc7095b2af3dbc2f4b436c311723f826b7671f855b810a538953 height=419 version=0x30000000 log2_work=9.714246 tx=4224 date='2025-10-09T04:37:51Z' progress=1.000000 cache=0.3MiB(1219txo)
2025-10-09T04:37:57Z Saw new header hash=4fc686cbe2d3111e17b6242918f2d8ddceed86f48f98f59e551df26c8b13f48d height=420
2025-10-09T04:37:57Z Saw new cmpctblock header hash=4fc686cbe2d3111e17b6242918f2d8ddceed86f48f98f59e551df26c8b13f48d peer=0
2025-10-09T04:37:58Z UpdateTip: new best=4fc686cbe2d3111e17b6242918f2d8ddceed86f48f98f59e551df26c8b13f48d height=420 version=0x30000000 log2_work=9.717676 tx=4234 date='2025-10-09T04:37:56Z' progress=1.000000 cache=0.3MiB(1215txo)
2025-10-09T04:38:03Z Saw new header hash=29da9378657bf60575b5e2b50f60952b8e15b131bd34b86e71fe757bf380f759 height=421
2025-10-09T04:38:03Z Saw new cmpctblock header hash=29da9378657bf60575b5e2b50f60952b8e15b131bd34b86e71fe757bf380f759 peer=0
2025-10-09T04:38:03Z UpdateTip: new best=29da9378657bf60575b5e2b50f60952b8e15b131bd34b86e71fe757bf380f759 height=421 version=0x30000000 log2_work=9.721099 tx=4244 date='2025-10-09T04:38:02Z' progress=1.000000 cache=0.3MiB(1216txo)
2025-10-09T04:38:09Z Saw new header hash=174b1d43d1b215523240059de4b153bc625c6d5b79edd681b92534cf19a31f06 height=422
2025-10-09T04:38:09Z Saw new cmpctblock header hash=174b1d43d1b215523240059de4b153bc625c6d5b79edd681b92534cf19a31f06 peer=0
2025-10-09T04:38:09Z UpdateTip: new best=174b1d43d1b215523240059de4b153bc625c6d5b79edd681b92534cf19a31f06 height=422 version=0x30000000 log2_work=9.724514 tx=4253 date='2025-10-09T04:38:07Z' progress=1.000000 cache=0.3MiB(1218txo)
2025-10-09T04:38:14Z Saw new header hash=686a6e4515b715f83041c05dc008590124e107230f3d0df318a03cc5bc1f2624 height=423
2025-10-09T04:38:14Z Saw new cmpctblock header hash=686a6e4515b715f83041c05dc008590124e107230f3d0df318a03cc5bc1f2624 peer=0
2025-10-09T04:38:14Z UpdateTip: new best=686a6e4515b715f83041c05dc008590124e107230f3d0df318a03cc5bc1f2624 height=423 version=0x30000000 log2_work=9.727920 tx=4262 date='2025-10-09T04:38:13Z' progress=1.000000 cache=0.3MiB(1221txo)
2025-10-09T04:38:19Z Saw new header hash=63466e207fea9481cfb24e5d03e4a1d36c9a98e0544a5312ca1be2b06fb92a27 height=424
2025-10-09T04:38:19Z Saw new cmpctblock header hash=63466e207fea9481cfb24e5d03e4a1d36c9a98e0544a5312ca1be2b06fb92a27 peer=0
2025-10-09T04:38:19Z UpdateTip: new best=63466e207fea9481cfb24e5d03e4a1d36c9a98e0544a5312ca1be2b06fb92a27 height=424 version=0x30000000 log2_work=9.731319 tx=4270 date='2025-10-09T04:38:18Z' progress=1.000000 cache=0.3MiB(1228txo)
2025-10-09T04:38:25Z Saw new header hash=225b8630b6663bc3ed9109f30184bd2c1767f318cc53b90ee88bdc2141629cfa height=425
2025-10-09T04:38:25Z Saw new cmpctblock header hash=225b8630b6663bc3ed9109f30184bd2c1767f318cc53b90ee88bdc2141629cfa peer=0
2025-10-09T04:38:25Z UpdateTip: new best=225b8630b6663bc3ed9109f30184bd2c1767f318cc53b90ee88bdc2141629cfa height=425 version=0x30000000 log2_work=9.734710 tx=4280 date='2025-10-09T04:38:24Z' progress=1.000000 cache=0.3MiB(1229txo)
2025-10-09T04:38:31Z Saw new header hash=34b6f3c57dbc749559c18d793c88d6b7c5dd41cf225155b9b3ca6058b192af17 height=426
2025-10-09T04:38:31Z Saw new cmpctblock header hash=34b6f3c57dbc749559c18d793c88d6b7c5dd41cf225155b9b3ca6058b192af17 peer=0
2025-10-09T04:38:31Z UpdateTip: new best=34b6f3c57dbc749559c18d793c88d6b7c5dd41cf225155b9b3ca6058b192af17 height=426 version=0x30000000 log2_work=9.738092 tx=4289 date='2025-10-09T04:38:30Z' progress=1.000000 cache=0.3MiB(1232txo)
2025-10-09T04:38:37Z Saw new header hash=2de1c48486c40429bea1f609dfc46b7c4288e24550f7c361ac8524c37c7aab91 height=427
2025-10-09T04:38:37Z Saw new cmpctblock header hash=2de1c48486c40429bea1f609dfc46b7c4288e24550f7c361ac8524c37c7aab91 peer=0
2025-10-09T04:38:38Z UpdateTip: new best=2de1c48486c40429bea1f609dfc46b7c4288e24550f7c361ac8524c37c7aab91 height=427 version=0x30000000 log2_work=9.741467 tx=4298 date='2025-10-09T04:38:36Z' progress=1.000000 cache=0.3MiB(1234txo)
2025-10-09T04:38:42Z Saw new header hash=147293213005fef6439874b2e9153c6099422571300113db347c3e2d6237d067 height=428
2025-10-09T04:38:42Z Saw new cmpctblock header hash=147293213005fef6439874b2e9153c6099422571300113db347c3e2d6237d067 peer=0
2025-10-09T04:38:43Z UpdateTip: new best=147293213005fef6439874b2e9153c6099422571300113db347c3e2d6237d067 height=428 version=0x30000000 log2_work=9.744834 tx=4308 date='2025-10-09T04:38:41Z' progress=1.000000 cache=0.3MiB(1238txo)
2025-10-09T04:38:48Z Saw new header hash=3427dd2702bda48c3dd901a559ba5e031ad6be3133c65c8c65b733912bfa238d height=429
2025-10-09T04:38:48Z Saw new cmpctblock header hash=3427dd2702bda48c3dd901a559ba5e031ad6be3133c65c8c65b733912bfa238d peer=0
2025-10-09T04:38:48Z UpdateTip: new best=3427dd2702bda48c3dd901a559ba5e031ad6be3133c65c8c65b733912bfa238d height=429 version=0x30000000 log2_work=9.748193 tx=4318 date='2025-10-09T04:38:47Z' progress=1.000000 cache=0.3MiB(1244txo)
2025-10-09T04:38:53Z Saw new header hash=01064b0cdaeafd05e886adc85e9895d0d7c60a3c74b286361ec2cf6efa84231d height=430
2025-10-09T04:38:53Z Saw new cmpctblock header hash=01064b0cdaeafd05e886adc85e9895d0d7c60a3c74b286361ec2cf6efa84231d peer=0
2025-10-09T04:38:53Z UpdateTip: new best=01064b0cdaeafd05e886adc85e9895d0d7c60a3c74b286361ec2cf6efa84231d height=430 version=0x30000000 log2_work=9.751544 tx=4326 date='2025-10-09T04:38:52Z' progress=1.000000 cache=0.3MiB(1246txo)
2025-10-09T04:38:59Z Saw new header hash=2cf564429406c5e6b9c2d8f11e8c629f7dadcc1353fb4c47ea85566e5ee6dc42 height=431
2025-10-09T04:38:59Z Saw new cmpctblock header hash=2cf564429406c5e6b9c2d8f11e8c629f7dadcc1353fb4c47ea85566e5ee6dc42 peer=0
2025-10-09T04:38:59Z UpdateTip: new best=2cf564429406c5e6b9c2d8f11e8c629f7dadcc1353fb4c47ea85566e5ee6dc42 height=431 version=0x30000000 log2_work=9.754888 tx=4336 date='2025-10-09T04:38:58Z' progress=1.000000 cache=0.3MiB(1248txo)
2025-10-09T04:39:04Z Saw new header hash=6922e25e4f6b1ec37f573394c6681ef4057bb823e5b950589f77f3b136a691f1 height=432
2025-10-09T04:39:04Z Saw new cmpctblock header hash=6922e25e4f6b1ec37f573394c6681ef4057bb823e5b950589f77f3b136a691f1 peer=0
2025-10-09T04:39:04Z UpdateTip: new best=6922e25e4f6b1ec37f573394c6681ef4057bb823e5b950589f77f3b136a691f1 height=432 version=0x20000000 log2_work=9.758223 tx=4346 date='2025-10-09T04:39:03Z' progress=1.000000 cache=0.3MiB(1244txo)
2025-10-09T04:39:09Z Saw new header hash=42ccf33443534bda0065bbfc4c991eb66d273826bb5b3c9904b3f369bfdd759c height=433
2025-10-09T04:39:09Z Saw new cmpctblock header hash=42ccf33443534bda0065bbfc4c991eb66d273826bb5b3c9904b3f369bfdd759c peer=0
2025-10-09T04:39:10Z UpdateTip: new best=42ccf33443534bda0065bbfc4c991eb66d273826bb5b3c9904b3f369bfdd759c height=433 version=0x20000000 log2_work=9.761551 tx=4354 date='2025-10-09T04:39:08Z' progress=1.000000 cache=0.3MiB(1251txo)
2025-10-09T04:39:15Z Saw new header hash=0c8dbbc0800fc438158ec7f02d3ab78e52f24fd23bda0043faa6818a04988463 height=434
2025-10-09T04:39:15Z Saw new cmpctblock header hash=0c8dbbc0800fc438158ec7f02d3ab78e52f24fd23bda0043faa6818a04988463 peer=0
2025-10-09T04:39:15Z UpdateTip: new best=0c8dbbc0800fc438158ec7f02d3ab78e52f24fd23bda0043faa6818a04988463 height=434 version=0x20000000 log2_work=9.764872 tx=4362 date='2025-10-09T04:39:14Z' progress=1.000000 cache=0.3MiB(1254txo)
2025-10-09T04:39:20Z Saw new header hash=3f0e3fcc9f4d17c32e09049494407317aa322fdd337e31dc3ea5b0e8133e56ca height=435
2025-10-09T04:39:20Z Saw new cmpctblock header hash=3f0e3fcc9f4d17c32e09049494407317aa322fdd337e31dc3ea5b0e8133e56ca peer=0
2025-10-09T04:39:20Z UpdateTip: new best=3f0e3fcc9f4d17c32e09049494407317aa322fdd337e31dc3ea5b0e8133e56ca height=435 version=0x20000000 log2_work=9.768184 tx=4372 date='2025-10-09T04:39:19Z' progress=1.000000 cache=0.3MiB(1259txo)
2025-10-09T04:39:26Z Saw new header hash=34babeaeae6fa1042b1e6481a3c1c8316e90f5076690e3a535ccd4e055e73644 height=436
2025-10-09T04:39:26Z Saw new cmpctblock header hash=34babeaeae6fa1042b1e6481a3c1c8316e90f5076690e3a535ccd4e055e73644 peer=0
2025-10-09T04:39:26Z UpdateTip: new best=34babeaeae6fa1042b1e6481a3c1c8316e90f5076690e3a535ccd4e055e73644 height=436 version=0x20000000 log2_work=9.771489 tx=4382 date='2025-10-09T04:39:25Z' progress=1.000000 cache=0.3MiB(1267txo)
2025-10-09T04:39:31Z Saw new header hash=7aabe7e52a3d47369648377c76c83e167412d88c026a6ceb42b0bfa719da902c height=437
2025-10-09T04:39:31Z Saw new cmpctblock header hash=7aabe7e52a3d47369648377c76c83e167412d88c026a6ceb42b0bfa719da902c peer=0
2025-10-09T04:39:31Z UpdateTip: new best=7aabe7e52a3d47369648377c76c83e167412d88c026a6ceb42b0bfa719da902c height=437 version=0x20000000 log2_work=9.774787 tx=4392 date='2025-10-09T04:39:30Z' progress=1.000000 cache=0.3MiB(1275txo)
2025-10-09T04:39:36Z Saw new header hash=02e8050cff4ce9e40624ab53885e7e69b5c85f4db9da3f4137fd9b443b3d27d9 height=438
2025-10-09T04:39:36Z Saw new cmpctblock header hash=02e8050cff4ce9e40624ab53885e7e69b5c85f4db9da3f4137fd9b443b3d27d9 peer=0
2025-10-09T04:39:37Z UpdateTip: new best=02e8050cff4ce9e40624ab53885e7e69b5c85f4db9da3f4137fd9b443b3d27d9 height=438 version=0x20000000 log2_work=9.778077 tx=4401 date='2025-10-09T04:39:35Z' progress=1.000000 cache=0.3MiB(1269txo)
2025-10-09T04:39:42Z Saw new header hash=4f3fcd8ec07ea00844a50b6d29b8daf1a940fc7d0e80a9125fd6cd0c4e25f7fe height=439
2025-10-09T04:39:42Z Saw new cmpctblock header hash=4f3fcd8ec07ea00844a50b6d29b8daf1a940fc7d0e80a9125fd6cd0c4e25f7fe peer=0
2025-10-09T04:39:42Z UpdateTip: new best=4f3fcd8ec07ea00844a50b6d29b8daf1a940fc7d0e80a9125fd6cd0c4e25f7fe height=439 version=0x20000000 log2_work=9.781360 tx=4411 date='2025-10-09T04:39:41Z' progress=1.000000 cache=0.3MiB(1279txo)
2025-10-09T04:39:49Z Saw new header hash=7b41c2a5830db2b389d43d41e7394501252e311c970cf8307d6de89913a32ed6 height=440
2025-10-09T04:39:49Z Saw new cmpctblock header hash=7b41c2a5830db2b389d43d41e7394501252e311c970cf8307d6de89913a32ed6 peer=0
2025-10-09T04:39:49Z UpdateTip: new best=7b41c2a5830db2b389d43d41e7394501252e311c970cf8307d6de89913a32ed6 height=440 version=0x20000000 log2_work=9.784635 tx=4420 date='2025-10-09T04:39:47Z' progress=1.000000 cache=0.3MiB(1283txo)
2025-10-09T04:39:54Z Saw new header hash=3b39ac3aec2dccf38f0f9e37e495193a67d003e6e679835fac24056483aa7fbc height=441
2025-10-09T04:39:54Z Saw new cmpctblock header hash=3b39ac3aec2dccf38f0f9e37e495193a67d003e6e679835fac24056483aa7fbc peer=0
2025-10-09T04:39:54Z UpdateTip: new best=3b39ac3aec2dccf38f0f9e37e495193a67d003e6e679835fac24056483aa7fbc height=441 version=0x20000000 log2_work=9.787903 tx=4430 date='2025-10-09T04:39:53Z' progress=1.000000 cache=0.3MiB(1285txo)
2025-10-09T04:39:59Z Saw new header hash=22ce0fae450d52b180f7d8a01cc129bbb0449cbbc04225bc4276287cfa4d57f2 height=442
2025-10-09T04:39:59Z Saw new cmpctblock header hash=22ce0fae450d52b180f7d8a01cc129bbb0449cbbc04225bc4276287cfa4d57f2 peer=0
2025-10-09T04:39:59Z UpdateTip: new best=22ce0fae450d52b180f7d8a01cc129bbb0449cbbc04225bc4276287cfa4d57f2 height=442 version=0x20000000 log2_work=9.791163 tx=4440 date='2025-10-09T04:39:58Z' progress=1.000000 cache=0.3MiB(1292txo)
2025-10-09T04:40:05Z Saw new header hash=2a3b1349902d3788ac293cc083a8973a7f172aab8643844a5c7e1d057745dc93 height=443
2025-10-09T04:40:05Z Saw new cmpctblock header hash=2a3b1349902d3788ac293cc083a8973a7f172aab8643844a5c7e1d057745dc93 peer=0
2025-10-09T04:40:05Z UpdateTip: new best=2a3b1349902d3788ac293cc083a8973a7f172aab8643844a5c7e1d057745dc93 height=443 version=0x20000000 log2_work=9.794416 tx=4450 date='2025-10-09T04:40:04Z' progress=1.000000 cache=0.3MiB(1295txo)
2025-10-09T04:40:10Z Saw new header hash=7d722b6d3ee02d78defdca91e9fc7dd6280ab1e35905889460b5550ebac7cb71 height=444
2025-10-09T04:40:10Z Saw new cmpctblock header hash=7d722b6d3ee02d78defdca91e9fc7dd6280ab1e35905889460b5550ebac7cb71 peer=0
2025-10-09T04:40:10Z UpdateTip: new best=7d722b6d3ee02d78defdca91e9fc7dd6280ab1e35905889460b5550ebac7cb71 height=444 version=0x20000000 log2_work=9.797662 tx=4458 date='2025-10-09T04:40:09Z' progress=1.000000 cache=0.3MiB(1293txo)
2025-10-09T04:40:17Z Saw new header hash=03bb08c2187ce3dcf7b43d17f11d30917aed53eadac87d3498af27c48ef771bc height=445
2025-10-09T04:40:17Z Saw new cmpctblock header hash=03bb08c2187ce3dcf7b43d17f11d30917aed53eadac87d3498af27c48ef771bc peer=0
2025-10-09T04:40:17Z UpdateTip: new best=03bb08c2187ce3dcf7b43d17f11d30917aed53eadac87d3498af27c48ef771bc height=445 version=0x20000000 log2_work=9.800900 tx=4468 date='2025-10-09T04:40:16Z' progress=1.000000 cache=0.3MiB(1296txo)
2025-10-09T04:40:23Z Saw new header hash=534b70733e1523176a13c9147a1a9c976f2bb48ed18bc694d5a6f51fc85bebb7 height=446
2025-10-09T04:40:23Z Saw new cmpctblock header hash=534b70733e1523176a13c9147a1a9c976f2bb48ed18bc694d5a6f51fc85bebb7 peer=0
2025-10-09T04:40:23Z UpdateTip: new best=534b70733e1523176a13c9147a1a9c976f2bb48ed18bc694d5a6f51fc85bebb7 height=446 version=0x20000000 log2_work=9.804131 tx=4476 date='2025-10-09T04:40:22Z' progress=1.000000 cache=0.3MiB(1301txo)
2025-10-09T04:40:29Z Saw new header hash=065be7af7c1775c19db04aec3dda05c5ecc4d4774970d79f6638832d9035ef19 height=447
2025-10-09T04:40:29Z Saw new cmpctblock header hash=065be7af7c1775c19db04aec3dda05c5ecc4d4774970d79f6638832d9035ef19 peer=0
2025-10-09T04:40:29Z UpdateTip: new best=065be7af7c1775c19db04aec3dda05c5ecc4d4774970d79f6638832d9035ef19 height=447 version=0x20000000 log2_work=9.807355 tx=4486 date='2025-10-09T04:40:28Z' progress=1.000000 cache=0.3MiB(1309txo)
2025-10-09T04:40:34Z Saw new header hash=7278cf8f7ab608741c0e8f9b6347b086483c2439fa59ee30fb194fd607da9048 height=448
2025-10-09T04:40:34Z Saw new cmpctblock header hash=7278cf8f7ab608741c0e8f9b6347b086483c2439fa59ee30fb194fd607da9048 peer=0
2025-10-09T04:40:35Z UpdateTip: new best=7278cf8f7ab608741c0e8f9b6347b086483c2439fa59ee30fb194fd607da9048 height=448 version=0x20000000 log2_work=9.810572 tx=4496 date='2025-10-09T04:40:33Z' progress=1.000000 cache=0.3MiB(1305txo)
2025-10-09T04:40:40Z Saw new header hash=1ea93a9567b61c2582256873908739aea1e6807d3b51577594609d76b0266420 height=449
2025-10-09T04:40:40Z Saw new cmpctblock header hash=1ea93a9567b61c2582256873908739aea1e6807d3b51577594609d76b0266420 peer=0
2025-10-09T04:40:40Z UpdateTip: new best=1ea93a9567b61c2582256873908739aea1e6807d3b51577594609d76b0266420 height=449 version=0x20000000 log2_work=9.813781 tx=4504 date='2025-10-09T04:40:39Z' progress=1.000000 cache=0.3MiB(1305txo)
2025-10-09T04:40:45Z Saw new header hash=742c5be064995feb7a7666f973b24655e5fa6cbc063d4bb4e42a18703cf77450 height=450
2025-10-09T04:40:45Z Saw new cmpctblock header hash=742c5be064995feb7a7666f973b24655e5fa6cbc063d4bb4e42a18703cf77450 peer=0
2025-10-09T04:40:45Z UpdateTip: new best=742c5be064995feb7a7666f973b24655e5fa6cbc063d4bb4e42a18703cf77450 height=450 version=0x20000000 log2_work=9.816984 tx=4513 date='2025-10-09T04:40:44Z' progress=1.000000 cache=0.3MiB(1311txo)
2025-10-09T04:40:51Z Saw new header hash=71a927f88a821b93e0a8533ecc5a35ea7d3481cae835fd372f677503e7055ea9 height=451
2025-10-09T04:40:51Z Saw new cmpctblock header hash=71a927f88a821b93e0a8533ecc5a35ea7d3481cae835fd372f677503e7055ea9 peer=0
2025-10-09T04:40:51Z UpdateTip: new best=71a927f88a821b93e0a8533ecc5a35ea7d3481cae835fd372f677503e7055ea9 height=451 version=0x20000000 log2_work=9.820179 tx=4523 date='2025-10-09T04:40:50Z' progress=1.000000 cache=0.3MiB(1313txo)
2025-10-09T04:40:57Z Saw new header hash=38a4ed5fbaedffa6a756d1552684ccf76fd999c2298cb0727ca3db2c41a7fc9a height=452
2025-10-09T04:40:57Z Saw new cmpctblock header hash=38a4ed5fbaedffa6a756d1552684ccf76fd999c2298cb0727ca3db2c41a7fc9a peer=0
2025-10-09T04:40:57Z UpdateTip: new best=38a4ed5fbaedffa6a756d1552684ccf76fd999c2298cb0727ca3db2c41a7fc9a height=452 version=0x20000000 log2_work=9.823367 tx=4533 date='2025-10-09T04:40:55Z' progress=1.000000 cache=0.3MiB(1317txo)
2025-10-09T04:41:02Z Saw new header hash=6b562a3d6fe6a27b39cc5128410877b249587d58f406221c81b4da6730de214e height=453
2025-10-09T04:41:02Z Saw new cmpctblock header hash=6b562a3d6fe6a27b39cc5128410877b249587d58f406221c81b4da6730de214e peer=0
2025-10-09T04:41:02Z UpdateTip: new best=6b562a3d6fe6a27b39cc5128410877b249587d58f406221c81b4da6730de214e height=453 version=0x20000000 log2_work=9.826548 tx=4543 date='2025-10-09T04:41:01Z' progress=1.000000 cache=0.3MiB(1321txo)
2025-10-09T04:41:07Z Saw new header hash=7a47f0fc45a8fa7696665849859d6e5415c1f82a972cbbf49fbd6090867a9fe2 height=454
2025-10-09T04:41:07Z Saw new cmpctblock header hash=7a47f0fc45a8fa7696665849859d6e5415c1f82a972cbbf49fbd6090867a9fe2 peer=0
2025-10-09T04:41:08Z UpdateTip: new best=7a47f0fc45a8fa7696665849859d6e5415c1f82a972cbbf49fbd6090867a9fe2 height=454 version=0x20000000 log2_work=9.829723 tx=4552 date='2025-10-09T04:41:06Z' progress=1.000000 cache=0.3MiB(1324txo)
2025-10-09T04:41:13Z Saw new header hash=724ea01da162592f7299177e6ad1aba86463b8829b5d18d5c30754849740d919 height=455
2025-10-09T04:41:13Z Saw new cmpctblock header hash=724ea01da162592f7299177e6ad1aba86463b8829b5d18d5c30754849740d919 peer=0
2025-10-09T04:41:13Z UpdateTip: new best=724ea01da162592f7299177e6ad1aba86463b8829b5d18d5c30754849740d919 height=455 version=0x20000000 log2_work=9.832890 tx=4562 date='2025-10-09T04:41:12Z' progress=1.000000 cache=0.3MiB(1317txo)
2025-10-09T04:41:18Z Saw new header hash=067732b024d6b7fad119d8ff02e15ea26cb0d88c4cc0d919f4bac13450ba2d72 height=456
2025-10-09T04:41:18Z Saw new cmpctblock header hash=067732b024d6b7fad119d8ff02e15ea26cb0d88c4cc0d919f4bac13450ba2d72 peer=0
2025-10-09T04:41:18Z UpdateTip: new best=067732b024d6b7fad119d8ff02e15ea26cb0d88c4cc0d919f4bac13450ba2d72 height=456 version=0x20000000 log2_work=9.836050 tx=4570 date='2025-10-09T04:41:17Z' progress=1.000000 cache=0.3MiB(1317txo)
2025-10-09T04:41:24Z Saw new header hash=06b5ca7cb25a957dcfe2da35839707297c41f56882fdb99fefbfc5d53934d052 height=457
2025-10-09T04:41:24Z Saw new cmpctblock header hash=06b5ca7cb25a957dcfe2da35839707297c41f56882fdb99fefbfc5d53934d052 peer=0
2025-10-09T04:41:24Z UpdateTip: new best=06b5ca7cb25a957dcfe2da35839707297c41f56882fdb99fefbfc5d53934d052 height=457 version=0x20000000 log2_work=9.839204 tx=4579 date='2025-10-09T04:41:23Z' progress=1.000000 cache=0.3MiB(1321txo)
2025-10-09T04:41:29Z Saw new header hash=18c5b3723c8bb5172d4e30df9c004c99ead6b35622a635b78184f2eb7e78668b height=458
2025-10-09T04:41:29Z Saw new cmpctblock header hash=18c5b3723c8bb5172d4e30df9c004c99ead6b35622a635b78184f2eb7e78668b peer=0
2025-10-09T04:41:29Z UpdateTip: new best=18c5b3723c8bb5172d4e30df9c004c99ead6b35622a635b78184f2eb7e78668b height=458 version=0x20000000 log2_work=9.842350 tx=4589 date='2025-10-09T04:41:28Z' progress=1.000000 cache=0.3MiB(1327txo)
2025-10-09T04:41:34Z Saw new header hash=114a15170f2fc3736c47866294f4d96c650bf9998fe18b2dd58903cd0e4dd02e height=459
2025-10-09T04:41:34Z Saw new cmpctblock header hash=114a15170f2fc3736c47866294f4d96c650bf9998fe18b2dd58903cd0e4dd02e peer=0
2025-10-09T04:41:35Z UpdateTip: new best=114a15170f2fc3736c47866294f4d96c650bf9998fe18b2dd58903cd0e4dd02e height=459 version=0x20000000 log2_work=9.845490 tx=4598 date='2025-10-09T04:41:33Z' progress=1.000000 cache=0.3MiB(1331txo)
2025-10-09T04:41:40Z Saw new header hash=67549130d85cbbdfb79c5c2b1c09d532948944d07cc8c7fe5fcfd69129dcacf3 height=460
2025-10-09T04:41:40Z Saw new cmpctblock header hash=67549130d85cbbdfb79c5c2b1c09d532948944d07cc8c7fe5fcfd69129dcacf3 peer=0
2025-10-09T04:41:41Z UpdateTip: new best=67549130d85cbbdfb79c5c2b1c09d532948944d07cc8c7fe5fcfd69129dcacf3 height=460 version=0x20000000 log2_work=9.848623 tx=4608 date='2025-10-09T04:41:39Z' progress=1.000000 cache=0.3MiB(1333txo)
2025-10-09T04:41:45Z Saw new header hash=7a7bc03129290b07f7b83f9784121bc8a0465f28cb758d7f1555c68c18c1fa5c height=461
2025-10-09T04:41:45Z Saw new cmpctblock header hash=7a7bc03129290b07f7b83f9784121bc8a0465f28cb758d7f1555c68c18c1fa5c peer=0
2025-10-09T04:41:46Z UpdateTip: new best=7a7bc03129290b07f7b83f9784121bc8a0465f28cb758d7f1555c68c18c1fa5c height=461 version=0x20000000 log2_work=9.851749 tx=4617 date='2025-10-09T04:41:44Z' progress=1.000000 cache=0.3MiB(1334txo)
2025-10-09T04:41:51Z Saw new header hash=781a507f7d4bdb0612f9889160a863ec638f7619bdd322913e156f5b47ce4047 height=462
2025-10-09T04:41:51Z Saw new cmpctblock header hash=781a507f7d4bdb0612f9889160a863ec638f7619bdd322913e156f5b47ce4047 peer=0
2025-10-09T04:41:51Z UpdateTip: new best=781a507f7d4bdb0612f9889160a863ec638f7619bdd322913e156f5b47ce4047 height=462 version=0x20000000 log2_work=9.854868 tx=4627 date='2025-10-09T04:41:50Z' progress=1.000000 cache=0.3MiB(1336txo)
2025-10-09T04:41:55Z Saw new header hash=4ba50a92f4457e7c32267b83854ea35c46a33dacbb177f52245646beb94b22df height=463
2025-10-09T04:41:55Z Saw new cmpctblock header hash=4ba50a92f4457e7c32267b83854ea35c46a33dacbb177f52245646beb94b22df peer=0
2025-10-09T04:41:55Z UpdateTip: new best=4ba50a92f4457e7c32267b83854ea35c46a33dacbb177f52245646beb94b22df height=463 version=0x20000000 log2_work=9.857981 tx=4655 date='2025-10-09T04:41:55Z' progress=1.000000 cache=0.3MiB(1347txo)
2025-10-09T04:42:00Z Saw new header hash=371f8d089f1993511c2afefc54ed013136cb32c0c81488261846eb13add9d66f height=464
2025-10-09T04:42:00Z Saw new cmpctblock header hash=371f8d089f1993511c2afefc54ed013136cb32c0c81488261846eb13add9d66f peer=0
2025-10-09T04:42:00Z UpdateTip: new best=371f8d089f1993511c2afefc54ed013136cb32c0c81488261846eb13add9d66f height=464 version=0x20000000 log2_work=9.861087 tx=4689 date='2025-10-09T04:42:00Z' progress=1.000000 cache=0.3MiB(1363txo)
2025-10-09T04:42:05Z Saw new header hash=72542f26d9988a0ad18a39063747ddc0145a50805675dc400887bd556e98b483 height=465
2025-10-09T04:42:05Z Saw new cmpctblock header hash=72542f26d9988a0ad18a39063747ddc0145a50805675dc400887bd556e98b483 peer=0
2025-10-09T04:42:05Z UpdateTip: new best=72542f26d9988a0ad18a39063747ddc0145a50805675dc400887bd556e98b483 height=465 version=0x20000000 log2_work=9.864186 tx=4723 date='2025-10-09T04:42:05Z' progress=1.000000 cache=0.3MiB(1374txo)
2025-10-09T04:42:10Z Saw new header hash=71db4ffc1441d5ae03f9a3348d3c68fdc6fdfe1b6273b4a3f46a0907809e675e height=466
2025-10-09T04:42:10Z Saw new cmpctblock header hash=71db4ffc1441d5ae03f9a3348d3c68fdc6fdfe1b6273b4a3f46a0907809e675e peer=0
2025-10-09T04:42:10Z UpdateTip: new best=71db4ffc1441d5ae03f9a3348d3c68fdc6fdfe1b6273b4a3f46a0907809e675e height=466 version=0x20000000 log2_work=9.867279 tx=4757 date='2025-10-09T04:42:10Z' progress=1.000000 cache=0.3MiB(1384txo)
2025-10-09T04:42:15Z Saw new header hash=0d5feee1877954a5624086c160a81612dff2b1c7d0ea237c86c3c2069f4a60cb height=467
2025-10-09T04:42:15Z Saw new cmpctblock header hash=0d5feee1877954a5624086c160a81612dff2b1c7d0ea237c86c3c2069f4a60cb peer=0
2025-10-09T04:42:15Z UpdateTip: new best=0d5feee1877954a5624086c160a81612dff2b1c7d0ea237c86c3c2069f4a60cb height=467 version=0x20000000 log2_work=9.870365 tx=4791 date='2025-10-09T04:42:15Z' progress=1.000000 cache=0.3MiB(1396txo)
2025-10-09T04:42:20Z Saw new header hash=6cee12873efaf869fe75c9a51926697c4a7ac326c10c2247c63ca5558b020881 height=468
2025-10-09T04:42:20Z Saw new cmpctblock header hash=6cee12873efaf869fe75c9a51926697c4a7ac326c10c2247c63ca5558b020881 peer=0
2025-10-09T04:42:20Z UpdateTip: new best=6cee12873efaf869fe75c9a51926697c4a7ac326c10c2247c63ca5558b020881 height=468 version=0x20000000 log2_work=9.873444 tx=4826 date='2025-10-09T04:42:20Z' progress=1.000000 cache=0.3MiB(1417txo)
2025-10-09T04:42:25Z Saw new header hash=447283f1100d1905b6143440ec17d8f995bb9601982f5c5723f425b9424d43c0 height=469
2025-10-09T04:42:25Z Saw new cmpctblock header hash=447283f1100d1905b6143440ec17d8f995bb9601982f5c5723f425b9424d43c0 peer=0
2025-10-09T04:42:25Z UpdateTip: new best=447283f1100d1905b6143440ec17d8f995bb9601982f5c5723f425b9424d43c0 height=469 version=0x20000000 log2_work=9.876517 tx=4860 date='2025-10-09T04:42:25Z' progress=1.000000 cache=0.3MiB(1423txo)
2025-10-09T04:42:30Z Saw new header hash=4b8484677730f9d0a28e6ba9b4bc4603b39db6c2c66be55a7a781fbf44cfba9d height=470
2025-10-09T04:42:30Z Saw new cmpctblock header hash=4b8484677730f9d0a28e6ba9b4bc4603b39db6c2c66be55a7a781fbf44cfba9d peer=0
2025-10-09T04:42:30Z UpdateTip: new best=4b8484677730f9d0a28e6ba9b4bc4603b39db6c2c66be55a7a781fbf44cfba9d height=470 version=0x20000000 log2_work=9.879583 tx=4893 date='2025-10-09T04:42:30Z' progress=1.000000 cache=0.3MiB(1434txo)
2025-10-09T04:42:35Z Saw new header hash=239e6cb4f1647a3c956458007843d8fdc2212354fb5277ae992113fe453130ec height=471
2025-10-09T04:42:35Z Saw new cmpctblock header hash=239e6cb4f1647a3c956458007843d8fdc2212354fb5277ae992113fe453130ec peer=0
2025-10-09T04:42:35Z UpdateTip: new best=239e6cb4f1647a3c956458007843d8fdc2212354fb5277ae992113fe453130ec height=471 version=0x20000000 log2_work=9.882643 tx=4927 date='2025-10-09T04:42:35Z' progress=1.000000 cache=0.3MiB(1454txo)
2025-10-09T04:42:40Z Saw new header hash=5fa14c70a351865e5c445d3e7269ad5aa3e13e1cf5d63cb31875181da86cfe19 height=472
2025-10-09T04:42:40Z Saw new cmpctblock header hash=5fa14c70a351865e5c445d3e7269ad5aa3e13e1cf5d63cb31875181da86cfe19 peer=0
2025-10-09T04:42:40Z UpdateTip: new best=5fa14c70a351865e5c445d3e7269ad5aa3e13e1cf5d63cb31875181da86cfe19 height=472 version=0x20000000 log2_work=9.885696 tx=4961 date='2025-10-09T04:42:40Z' progress=1.000000 cache=0.3MiB(1460txo)
2025-10-09T04:42:45Z Saw new header hash=4a6458ce0b0be9c47f869d1068f374d04604041aab7f4378c4dc39ab3cbd66cd height=473
2025-10-09T04:42:45Z Saw new cmpctblock header hash=4a6458ce0b0be9c47f869d1068f374d04604041aab7f4378c4dc39ab3cbd66cd peer=0
2025-10-09T04:42:46Z UpdateTip: new best=4a6458ce0b0be9c47f869d1068f374d04604041aab7f4378c4dc39ab3cbd66cd height=473 version=0x20000000 log2_work=9.888743 tx=4996 date='2025-10-09T04:42:45Z' progress=1.000000 cache=0.3MiB(1467txo)
2025-10-09T04:42:51Z Saw new header hash=36852bdf0fb18b647ac9be0aac5f3c9c76f3d20eff4390a7cf8668e1d4576780 height=474
2025-10-09T04:42:51Z Saw new cmpctblock header hash=36852bdf0fb18b647ac9be0aac5f3c9c76f3d20eff4390a7cf8668e1d4576780 peer=0
2025-10-09T04:42:51Z UpdateTip: new best=36852bdf0fb18b647ac9be0aac5f3c9c76f3d20eff4390a7cf8668e1d4576780 height=474 version=0x20000000 log2_work=9.891784 tx=5030 date='2025-10-09T04:42:51Z' progress=1.000000 cache=0.3MiB(1469txo)
2025-10-09T04:42:56Z Saw new header hash=3c33796f77fa0171857e0474409febd2e2f777788d49d5e2cdacc0fc4c0c389a height=475
2025-10-09T04:42:56Z Saw new cmpctblock header hash=3c33796f77fa0171857e0474409febd2e2f777788d49d5e2cdacc0fc4c0c389a peer=0
2025-10-09T04:42:56Z UpdateTip: new best=3c33796f77fa0171857e0474409febd2e2f777788d49d5e2cdacc0fc4c0c389a height=475 version=0x20000000 log2_work=9.894818 tx=5064 date='2025-10-09T04:42:56Z' progress=1.000000 cache=0.3MiB(1482txo)
2025-10-09T04:43:01Z Saw new header hash=2a190d3279a795cfac31032380a2fc7d012481f3447899bfaa75a6bdf5290839 height=476
2025-10-09T04:43:01Z Saw new cmpctblock header hash=2a190d3279a795cfac31032380a2fc7d012481f3447899bfaa75a6bdf5290839 peer=0
2025-10-09T04:43:01Z UpdateTip: new best=2a190d3279a795cfac31032380a2fc7d012481f3447899bfaa75a6bdf5290839 height=476 version=0x20000000 log2_work=9.897845 tx=5097 date='2025-10-09T04:43:01Z' progress=1.000000 cache=0.3MiB(1494txo)
2025-10-09T04:43:06Z Saw new header hash=4b932eef43540553b7e32b1400f9e8de5547b0d3569560bced28fc90c7f46dc5 height=477
2025-10-09T04:43:06Z Saw new cmpctblock header hash=4b932eef43540553b7e32b1400f9e8de5547b0d3569560bced28fc90c7f46dc5 peer=0
