2025-10-26T18:27:30Z Bitcoin Core version v27.0.0 (release build)
2025-10-26T18:27:30Z Script verification uses 7 additional threads
2025-10-26T18:27:30Z Using the 'arm_shani(1way,2way)' SHA256 implementation
2025-10-26T18:27:30Z Default data directory /home/bitcoin/.bitcoin
2025-10-26T18:27:30Z Using data directory /home/bitcoin/.bitcoin/regtest
2025-10-26T18:27:30Z Config file: /home/bitcoin/.bitcoin/bitcoin.conf
2025-10-26T18:27:30Z Config file arg: [regtest] fallbackfee="0.0002"
2025-10-26T18:27:30Z Config file arg: [regtest] maxmempool="500"
2025-10-26T18:27:30Z Config file arg: [regtest] rpcallowip="0.0.0.0/0"
2025-10-26T18:27:30Z Config file arg: [regtest] rpcbind="0.0.0.0"
2025-10-26T18:27:30Z Config file arg: [regtest] rpcpassword=****
2025-10-26T18:27:30Z Config file arg: [regtest] rpcuser=****
2025-10-26T18:27:30Z Config file arg: [regtest] server="1"
2025-10-26T18:27:30Z Command-line arg: connect="node58:18444"
2025-10-26T18:27:30Z Command-line arg: connect="node60:18444"
2025-10-26T18:27:30Z Command-line arg: datadir="/home/bitcoin/.bitcoin"
2025-10-26T18:27:30Z Command-line arg: discover="1"
2025-10-26T18:27:30Z Command-line arg: dnsseed="0"
2025-10-26T18:27:30Z Command-line arg: listen="1"
2025-10-26T18:27:30Z Command-line arg: maxconnections="64"
2025-10-26T18:27:30Z Command-line arg: printtoconsole="1"
2025-10-26T18:27:30Z Command-line arg: regtest="1"
2025-10-26T18:27:30Z Command-line arg: rpcallowip="0.0.0.0/0"
2025-10-26T18:27:30Z Command-line arg: rpcbind="0.0.0.0"
2025-10-26T18:27:30Z Command-line arg: rpcpassword=****
2025-10-26T18:27:30Z Command-line arg: rpcuser=****
2025-10-26T18:27:30Z Command-line arg: server="1"
2025-10-26T18:27:30Z Command-line arg: txindex="1"
2025-10-26T18:27:30Z Command-line arg: zmqpubhashblock="tcp://0.0.0.0:28332"
2025-10-26T18:27:30Z Command-line arg: zmqpubhashtx="tcp://0.0.0.0:28333"
2025-10-26T18:27:30Z Using at most 64 automatic connections (1048576 file descriptors available)
2025-10-26T18:27:30Z Using 16 MiB out of 16 MiB requested for signature cache, able to store 524288 elements
2025-10-26T18:27:30Z Using 16 MiB out of 16 MiB requested for script execution cache, able to store 524288 elements
2025-10-26T18:27:30Z scheduler thread start
2025-10-26T18:27:30Z Binding RPC on address 0.0.0.0 port 18443
2025-10-26T18:27:30Z WARNING: the RPC server is not safe to expose to untrusted networks such as the public internet
2025-10-26T18:27:30Z Binding RPC on address 0.0.0.0 port 18443
2025-10-26T18:27:30Z Binding RPC on address 0.0.0.0 port 18443 failed.
2025-10-26T18:27:30Z Config options rpcuser and rpcpassword will soon be deprecated. Locally-run instances may remove rpcuser to use cookie-based auth, or may be replaced with rpcauth. Please see share/rpcauth for rpcauth auth generation.
2025-10-26T18:27:30Z Starting HTTP server with 4 worker threads
2025-10-26T18:27:30Z Using wallet directory /home/bitcoin/.bitcoin/regtest/wallets
2025-10-26T18:27:30Z init message: Verifying wallet(s)…
2025-10-26T18:27:30Z Using /16 prefix for IP bucketing
2025-10-26T18:27:30Z init message: Loading P2P addresses…
2025-10-26T18:27:30Z Creating peers.dat because the file was not found ("/home/bitcoin/.bitcoin/regtest/peers.dat")
2025-10-26T18:27:30Z init message: Loading banlist…
2025-10-26T18:27:30Z Recreating the banlist database
2025-10-26T18:27:30Z SetNetworkActive: true
2025-10-26T18:27:30Z /home/bitcoin/.bitcoin/regtest/fee_estimates.dat is not found. Continue anyway.
2025-10-26T18:27:30Z Script verification uses 7 additional threads
2025-10-26T18:27:30Z Cache configuration:
2025-10-26T18:27:30Z * Using 2.0 MiB for block index database
2025-10-26T18:27:30Z * Using 56.0 MiB for transaction index database
2025-10-26T18:27:30Z * Using 8.0 MiB for chain state database
2025-10-26T18:27:30Z * Using 384.0 MiB for in-memory UTXO set (plus up to 476.8 MiB of unused mempool space)
2025-10-26T18:27:30Z init message: Loading block index…
2025-10-26T18:27:30Z Validating signatures for all blocks.
2025-10-26T18:27:30Z Setting nMinimumChainWork=0000000000000000000000000000000000000000000000000000000000000000
2025-10-26T18:27:30Z Opening LevelDB in /home/bitcoin/.bitcoin/regtest/blocks/index
2025-10-26T18:27:30Z Opened LevelDB successfully
2025-10-26T18:27:30Z Using obfuscation key for /home/bitcoin/.bitcoin/regtest/blocks/index: 0000000000000000
2025-10-26T18:27:30Z LoadBlockIndexDB: last block file = 0
2025-10-26T18:27:30Z LoadBlockIndexDB: last block file info: CBlockFileInfo(blocks=0, size=0, heights=0...0, time=1970-01-01...1970-01-01)
2025-10-26T18:27:30Z Checking all blk files are present...
2025-10-26T18:27:30Z Initializing databases...
2025-10-26T18:27:30Z Initializing chainstate Chainstate [ibd] @ height -1 (null)
2025-10-26T18:27:30Z Opening LevelDB in /home/bitcoin/.bitcoin/regtest/chainstate
2025-10-26T18:27:30Z Opened LevelDB successfully
2025-10-26T18:27:30Z Wrote new obfuscate key for /home/bitcoin/.bitcoin/regtest/chainstate: e3579d324c82db1f
2025-10-26T18:27:30Z Using obfuscation key for /home/bitcoin/.bitcoin/regtest/chainstate: e3579d324c82db1f
2025-10-26T18:27:30Z Opening LevelDB in /home/bitcoin/.bitcoin/regtest/chainstate
2025-10-26T18:27:30Z Opened LevelDB successfully
2025-10-26T18:27:30Z Using obfuscation key for /home/bitcoin/.bitcoin/regtest/chainstate: e3579d324c82db1f
2025-10-26T18:27:30Z [Chainstate [ibd] @ height -1 (null)] resized coinsdb cache to 8.0 MiB
2025-10-26T18:27:30Z [Chainstate [ibd] @ height -1 (null)] resized coinstip cache to 384.0 MiB
2025-10-26T18:27:30Z init message: Verifying blocks…
2025-10-26T18:27:30Z  block index              30ms
2025-10-26T18:27:30Z Opening LevelDB in /home/bitcoin/.bitcoin/regtest/indexes/txindex
2025-10-26T18:27:30Z Opened LevelDB successfully
2025-10-26T18:27:30Z Using obfuscation key for /home/bitcoin/.bitcoin/regtest/indexes/txindex: 0000000000000000
2025-10-26T18:27:30Z Setting NODE_NETWORK on non-prune mode
2025-10-26T18:27:30Z initload thread start
2025-10-26T18:27:30Z UpdateTip: new best=0f9188f13cb7b2c71f2a335e3a4fc328bf5beb436012afca590b1a11466e2206 height=0 version=0x00000001 log2_work=1.000000 tx=1 date='2011-02-02T23:16:42Z' progress=1.000000 cache=0.3MiB(0txo)
2025-10-26T18:27:30Z Failed to open mempool file from disk. Continuing anyway.
2025-10-26T18:27:30Z initload thread exit
2025-10-26T18:27:30Z txindex thread start
2025-10-26T18:27:30Z txindex is enabled
2025-10-26T18:27:30Z txindex thread exit
2025-10-26T18:27:30Z block tree size = 1
2025-10-26T18:27:30Z nBestHeight = 0
2025-10-26T18:27:30Z torcontrol thread start
2025-10-26T18:27:30Z Bound to 127.0.0.1:18445
2025-10-26T18:27:30Z Bound to [::]:18444
2025-10-26T18:27:30Z Bound to 0.0.0.0:18444
2025-10-26T18:27:30Z init message: Starting network threads…
2025-10-26T18:27:30Z DNS seeding disabled
2025-10-26T18:27:30Z init message: Done loading
2025-10-26T18:27:30Z msghand thread start
2025-10-26T18:27:30Z net thread start
2025-10-26T18:27:30Z opencon thread start
2025-10-26T18:27:30Z addcon thread start
2025-10-26T18:27:31Z connect() to 172.19.0.43:18444 failed after wait: Connection refused (111)
2025-10-26T18:27:32Z connect() to 172.19.0.45:18444 failed after wait: Connection refused (111)
2025-10-26T18:27:33Z connect() to 172.19.0.43:18444 failed after wait: Connection refused (111)
2025-10-26T18:27:34Z connect() to 172.19.0.45:18444 failed after wait: Connection refused (111)
2025-10-26T18:27:35Z New manual v2 peer connected: version: 70016, blocks=0, peer=2
2025-10-26T18:27:37Z New manual v2 peer connected: version: 70016, blocks=0, peer=3
2025-10-26T18:27:45Z Synchronizing blockheaders, height: 3 (~100.00%)
2025-10-26T18:27:45Z Synchronizing blockheaders, height: 4 (~100.00%)
2025-10-26T18:27:45Z Leaving InitialBlockDownload (latching to false)
2025-10-26T18:27:45Z UpdateTip: new best=54dd7b95b9127fb5c763c9e6aa3317993b62dac8817e854532894eb669d74909 height=1 version=0x20000000 log2_work=2.000000 tx=2 date='2025-10-26T18:27:44Z' progress=1.000000 cache=0.3MiB(1txo)
2025-10-26T18:27:45Z UpdateTip: new best=4b2999b8dd5df5ad1a73f3a803a0dfbf35152a231d74acac4b40d3077101e518 height=2 version=0x20000000 log2_work=2.584963 tx=3 date='2025-10-26T18:27:45Z' progress=1.000000 cache=0.3MiB(2txo)
2025-10-26T18:27:45Z UpdateTip: new best=54eb30e6cf626821a5743da843bd0b5e1415306d546ba05f2dbbbb3d60c9eaa8 height=3 version=0x20000000 log2_work=3.000000 tx=4 date='2025-10-26T18:27:45Z' progress=1.000000 cache=0.3MiB(3txo)
2025-10-26T18:27:45Z UpdateTip: new best=2479922c60c6bc2075951d508d1f2f640831cb5cf50815fe52986681d7ead374 height=4 version=0x20000000 log2_work=3.321928 tx=5 date='2025-10-26T18:27:46Z' progress=1.000000 cache=0.3MiB(4txo)
2025-10-26T18:27:45Z Saw new header hash=08e9b02da3a4354f0068df339ad8907ccce3ddfcb621c52388fbd348f5fcb1c7 height=5
2025-10-26T18:27:45Z Saw new cmpctblock header hash=08e9b02da3a4354f0068df339ad8907ccce3ddfcb621c52388fbd348f5fcb1c7 peer=2
2025-10-26T18:27:45Z UpdateTip: new best=08e9b02da3a4354f0068df339ad8907ccce3ddfcb621c52388fbd348f5fcb1c7 height=5 version=0x20000000 log2_work=3.584963 tx=6 date='2025-10-26T18:27:46Z' progress=1.000000 cache=0.3MiB(5txo)
2025-10-26T18:27:45Z Saw new header hash=4a743094c74b44ced23a4f71bc3638d623dae2012bc6c919c695369410cff589 height=6
2025-10-26T18:27:45Z Saw new cmpctblock header hash=4a743094c74b44ced23a4f71bc3638d623dae2012bc6c919c695369410cff589 peer=2
2025-10-26T18:27:45Z UpdateTip: new best=4a743094c74b44ced23a4f71bc3638d623dae2012bc6c919c695369410cff589 height=6 version=0x20000000 log2_work=3.807355 tx=7 date='2025-10-26T18:27:46Z' progress=1.000000 cache=0.3MiB(6txo)
2025-10-26T18:27:45Z Saw new header hash=433d3b1f68f77350f8c1a7feda06d3be8f16134a6b366299cfbcd76cb3829d49 height=7
2025-10-26T18:27:45Z Saw new cmpctblock header hash=433d3b1f68f77350f8c1a7feda06d3be8f16134a6b366299cfbcd76cb3829d49 peer=2
2025-10-26T18:27:45Z UpdateTip: new best=433d3b1f68f77350f8c1a7feda06d3be8f16134a6b366299cfbcd76cb3829d49 height=7 version=0x20000000 log2_work=4.000000 tx=8 date='2025-10-26T18:27:46Z' progress=1.000000 cache=0.3MiB(7txo)
2025-10-26T18:27:45Z Saw new header hash=0f9fe7f198067b31423dfdc9da6f5d8f6f5da00bca8a028919d1faab548825c3 height=8
2025-10-26T18:27:45Z Saw new cmpctblock header hash=0f9fe7f198067b31423dfdc9da6f5d8f6f5da00bca8a028919d1faab548825c3 peer=2
2025-10-26T18:27:45Z UpdateTip: new best=0f9fe7f198067b31423dfdc9da6f5d8f6f5da00bca8a028919d1faab548825c3 height=8 version=0x20000000 log2_work=4.169925 tx=9 date='2025-10-26T18:27:47Z' progress=1.000000 cache=0.3MiB(8txo)
2025-10-26T18:27:45Z Saw new header hash=5642974d231a7385a8fc3f8bfc4f2562edcd00c896c6351e8c32f370c2c16350 height=9
2025-10-26T18:27:45Z Saw new cmpctblock header hash=5642974d231a7385a8fc3f8bfc4f2562edcd00c896c6351e8c32f370c2c16350 peer=2
2025-10-26T18:27:45Z UpdateTip: new best=5642974d231a7385a8fc3f8bfc4f2562edcd00c896c6351e8c32f370c2c16350 height=9 version=0x20000000 log2_work=4.321928 tx=10 date='2025-10-26T18:27:47Z' progress=1.000000 cache=0.3MiB(9txo)
2025-10-26T18:27:45Z Saw new header hash=0f77c3d35798a1c9e760fa91c0fd1c14e464b359caa4c14dee1a59713ed288ea height=10
2025-10-26T18:27:45Z Saw new cmpctblock header hash=0f77c3d35798a1c9e760fa91c0fd1c14e464b359caa4c14dee1a59713ed288ea peer=2
2025-10-26T18:27:45Z UpdateTip: new best=0f77c3d35798a1c9e760fa91c0fd1c14e464b359caa4c14dee1a59713ed288ea height=10 version=0x20000000 log2_work=4.459432 tx=11 date='2025-10-26T18:27:47Z' progress=1.000000 cache=0.3MiB(10txo)
2025-10-26T18:27:45Z Saw new header hash=5683decc5b61a07f753fc001ec0d4e599ba331ce5e7291dadb51a10f2ed10aea height=11
2025-10-26T18:27:45Z Saw new cmpctblock header hash=5683decc5b61a07f753fc001ec0d4e599ba331ce5e7291dadb51a10f2ed10aea peer=2
2025-10-26T18:27:45Z UpdateTip: new best=5683decc5b61a07f753fc001ec0d4e599ba331ce5e7291dadb51a10f2ed10aea height=11 version=0x20000000 log2_work=4.584963 tx=12 date='2025-10-26T18:27:47Z' progress=1.000000 cache=0.3MiB(11txo)
2025-10-26T18:27:45Z Saw new header hash=17abbf84d1a620aab918d964bfaf6b60cc5aa3b3f4becb9f56ae21e08b9bf5a1 height=12
2025-10-26T18:27:45Z Saw new cmpctblock header hash=17abbf84d1a620aab918d964bfaf6b60cc5aa3b3f4becb9f56ae21e08b9bf5a1 peer=2
2025-10-26T18:27:45Z UpdateTip: new best=17abbf84d1a620aab918d964bfaf6b60cc5aa3b3f4becb9f56ae21e08b9bf5a1 height=12 version=0x20000000 log2_work=4.700440 tx=13 date='2025-10-26T18:27:47Z' progress=1.000000 cache=0.3MiB(12txo)
2025-10-26T18:27:45Z Saw new header hash=412906145885827e517760c6f4a47c1c32103bffd42b8ddf5d3e36af859939dc height=13
2025-10-26T18:27:45Z Saw new cmpctblock header hash=412906145885827e517760c6f4a47c1c32103bffd42b8ddf5d3e36af859939dc peer=2
2025-10-26T18:27:45Z UpdateTip: new best=412906145885827e517760c6f4a47c1c32103bffd42b8ddf5d3e36af859939dc height=13 version=0x20000000 log2_work=4.807355 tx=14 date='2025-10-26T18:27:47Z' progress=1.000000 cache=0.3MiB(13txo)
2025-10-26T18:27:45Z Saw new header hash=29d8d0e26446450b5a61cf54bc38bde775c9834eb7a741430eacd1c3c6823b17 height=14
2025-10-26T18:27:45Z Saw new cmpctblock header hash=29d8d0e26446450b5a61cf54bc38bde775c9834eb7a741430eacd1c3c6823b17 peer=2
2025-10-26T18:27:45Z UpdateTip: new best=29d8d0e26446450b5a61cf54bc38bde775c9834eb7a741430eacd1c3c6823b17 height=14 version=0x20000000 log2_work=4.906891 tx=15 date='2025-10-26T18:27:48Z' progress=1.000000 cache=0.3MiB(14txo)
2025-10-26T18:27:45Z Saw new header hash=2ca4523df406ddcde80bdd12fe9f4ae4cd536130cdce48ed198901195b481d61 height=15
2025-10-26T18:27:45Z Saw new cmpctblock header hash=2ca4523df406ddcde80bdd12fe9f4ae4cd536130cdce48ed198901195b481d61 peer=2
2025-10-26T18:27:45Z UpdateTip: new best=2ca4523df406ddcde80bdd12fe9f4ae4cd536130cdce48ed198901195b481d61 height=15 version=0x20000000 log2_work=5.000000 tx=16 date='2025-10-26T18:27:48Z' progress=1.000000 cache=0.3MiB(15txo)
2025-10-26T18:27:45Z Saw new header hash=5f2162760b5a9b49b2573a12e884e83ce74abf6137e1a6788b2ac6f48eacdf4d height=16
2025-10-26T18:27:45Z Saw new cmpctblock header hash=5f2162760b5a9b49b2573a12e884e83ce74abf6137e1a6788b2ac6f48eacdf4d peer=2
2025-10-26T18:27:45Z UpdateTip: new best=5f2162760b5a9b49b2573a12e884e83ce74abf6137e1a6788b2ac6f48eacdf4d height=16 version=0x20000000 log2_work=5.087463 tx=17 date='2025-10-26T18:27:48Z' progress=1.000000 cache=0.3MiB(16txo)
2025-10-26T18:27:45Z Saw new header hash=7ad3ca051e28b0c73f0d63cf143885fcd2e06db410f1b9906d350997dc5ed739 height=17
2025-10-26T18:27:45Z Saw new cmpctblock header hash=7ad3ca051e28b0c73f0d63cf143885fcd2e06db410f1b9906d350997dc5ed739 peer=2
2025-10-26T18:27:45Z UpdateTip: new best=7ad3ca051e28b0c73f0d63cf143885fcd2e06db410f1b9906d350997dc5ed739 height=17 version=0x20000000 log2_work=5.169925 tx=18 date='2025-10-26T18:27:48Z' progress=1.000000 cache=0.3MiB(17txo)
2025-10-26T18:27:45Z Saw new header hash=5611b736117fbc283c3f6d4307d81c600b51f235efce51771888188d4ae61e39 height=18
2025-10-26T18:27:45Z Saw new cmpctblock header hash=5611b736117fbc283c3f6d4307d81c600b51f235efce51771888188d4ae61e39 peer=2
2025-10-26T18:27:45Z UpdateTip: new best=5611b736117fbc283c3f6d4307d81c600b51f235efce51771888188d4ae61e39 height=18 version=0x20000000 log2_work=5.247928 tx=19 date='2025-10-26T18:27:48Z' progress=1.000000 cache=0.3MiB(18txo)
2025-10-26T18:27:45Z Saw new header hash=65a41a3dd04abdc61dbc79195e58960690d0ffd63d59770a2022fec47b72b9b7 height=19
2025-10-26T18:27:45Z Saw new cmpctblock header hash=65a41a3dd04abdc61dbc79195e58960690d0ffd63d59770a2022fec47b72b9b7 peer=2
2025-10-26T18:27:45Z UpdateTip: new best=65a41a3dd04abdc61dbc79195e58960690d0ffd63d59770a2022fec47b72b9b7 height=19 version=0x20000000 log2_work=5.321928 tx=20 date='2025-10-26T18:27:48Z' progress=1.000000 cache=0.3MiB(19txo)
2025-10-26T18:27:45Z Saw new header hash=3bd1c817c570c9ac17d0357809daa044ed17fd760b845982f5e8c6c5f058ef3a height=20
2025-10-26T18:27:45Z Saw new cmpctblock header hash=3bd1c817c570c9ac17d0357809daa044ed17fd760b845982f5e8c6c5f058ef3a peer=2
2025-10-26T18:27:45Z UpdateTip: new best=3bd1c817c570c9ac17d0357809daa044ed17fd760b845982f5e8c6c5f058ef3a height=20 version=0x20000000 log2_work=5.392317 tx=21 date='2025-10-26T18:27:49Z' progress=1.000000 cache=0.3MiB(20txo)
2025-10-26T18:27:45Z Saw new header hash=438427f6e80cb98832ee21d23bdac985dd1bf58a64b5fe5285b952bba9fdd4af height=21
2025-10-26T18:27:45Z Saw new cmpctblock header hash=438427f6e80cb98832ee21d23bdac985dd1bf58a64b5fe5285b952bba9fdd4af peer=2
2025-10-26T18:27:45Z UpdateTip: new best=438427f6e80cb98832ee21d23bdac985dd1bf58a64b5fe5285b952bba9fdd4af height=21 version=0x20000000 log2_work=5.459432 tx=22 date='2025-10-26T18:27:49Z' progress=1.000000 cache=0.3MiB(21txo)
2025-10-26T18:27:45Z Saw new header hash=5adc97f469d36603f7b1f2c99cc382d8a572328afff8cbbc2136901944288dc4 height=22
2025-10-26T18:27:45Z Saw new cmpctblock header hash=5adc97f469d36603f7b1f2c99cc382d8a572328afff8cbbc2136901944288dc4 peer=2
2025-10-26T18:27:45Z UpdateTip: new best=5adc97f469d36603f7b1f2c99cc382d8a572328afff8cbbc2136901944288dc4 height=22 version=0x20000000 log2_work=5.523562 tx=23 date='2025-10-26T18:27:49Z' progress=1.000000 cache=0.3MiB(22txo)
2025-10-26T18:27:45Z Saw new header hash=185906c64db8a732650c79cba8b9cb3efd0e1a06d992265f8f314e1a2382397f height=23
2025-10-26T18:27:45Z Saw new cmpctblock header hash=185906c64db8a732650c79cba8b9cb3efd0e1a06d992265f8f314e1a2382397f peer=2
2025-10-26T18:27:45Z UpdateTip: new best=185906c64db8a732650c79cba8b9cb3efd0e1a06d992265f8f314e1a2382397f height=23 version=0x20000000 log2_work=5.584963 tx=24 date='2025-10-26T18:27:49Z' progress=1.000000 cache=0.3MiB(23txo)
2025-10-26T18:27:45Z Saw new header hash=4435186f2185b2e2fafa7daabc9dd24e421676eb167404aae5becccc6382b8ab height=24
2025-10-26T18:27:45Z Saw new cmpctblock header hash=4435186f2185b2e2fafa7daabc9dd24e421676eb167404aae5becccc6382b8ab peer=2
2025-10-26T18:27:45Z UpdateTip: new best=4435186f2185b2e2fafa7daabc9dd24e421676eb167404aae5becccc6382b8ab height=24 version=0x20000000 log2_work=5.643856 tx=25 date='2025-10-26T18:27:49Z' progress=1.000000 cache=0.3MiB(24txo)
2025-10-26T18:27:45Z Saw new header hash=133caa63062dabc4cfc2e3634d5187bc69f18a0327d76c80145389ffa4309ec3 height=25
2025-10-26T18:27:45Z Saw new cmpctblock header hash=133caa63062dabc4cfc2e3634d5187bc69f18a0327d76c80145389ffa4309ec3 peer=2
2025-10-26T18:27:45Z UpdateTip: new best=133caa63062dabc4cfc2e3634d5187bc69f18a0327d76c80145389ffa4309ec3 height=25 version=0x20000000 log2_work=5.700440 tx=26 date='2025-10-26T18:27:49Z' progress=1.000000 cache=0.3MiB(25txo)
2025-10-26T18:27:45Z Saw new header hash=69113ec58c39cda4a06cf08c1733299952117a19cd361f9b1d90d2704f30a302 height=26
2025-10-26T18:27:45Z Saw new cmpctblock header hash=69113ec58c39cda4a06cf08c1733299952117a19cd361f9b1d90d2704f30a302 peer=2
2025-10-26T18:27:45Z UpdateTip: new best=69113ec58c39cda4a06cf08c1733299952117a19cd361f9b1d90d2704f30a302 height=26 version=0x20000000 log2_work=5.754888 tx=27 date='2025-10-26T18:27:50Z' progress=1.000000 cache=0.3MiB(26txo)
2025-10-26T18:27:45Z Saw new header hash=3978e2b3cc6b269af3b0a95ee27b5aad3303774008457f6df72c0dd606357e84 height=27
2025-10-26T18:27:45Z Saw new cmpctblock header hash=3978e2b3cc6b269af3b0a95ee27b5aad3303774008457f6df72c0dd606357e84 peer=2
2025-10-26T18:27:45Z UpdateTip: new best=3978e2b3cc6b269af3b0a95ee27b5aad3303774008457f6df72c0dd606357e84 height=27 version=0x20000000 log2_work=5.807355 tx=28 date='2025-10-26T18:27:50Z' progress=1.000000 cache=0.3MiB(27txo)
2025-10-26T18:27:45Z Saw new header hash=71adf0ec0f6b49f0552c6d206852ba3d25ae308044e026b2f1de1c3ee793c867 height=28
2025-10-26T18:27:45Z Saw new cmpctblock header hash=71adf0ec0f6b49f0552c6d206852ba3d25ae308044e026b2f1de1c3ee793c867 peer=2
2025-10-26T18:27:45Z UpdateTip: new best=71adf0ec0f6b49f0552c6d206852ba3d25ae308044e026b2f1de1c3ee793c867 height=28 version=0x20000000 log2_work=5.857981 tx=29 date='2025-10-26T18:27:50Z' progress=1.000000 cache=0.3MiB(28txo)
2025-10-26T18:27:45Z Saw new header hash=65cdf89dbd5d57af0d165b89d7341b48f060b4fa150da2114d4d8b8abc472150 height=29
2025-10-26T18:27:45Z Saw new cmpctblock header hash=65cdf89dbd5d57af0d165b89d7341b48f060b4fa150da2114d4d8b8abc472150 peer=2
2025-10-26T18:27:45Z UpdateTip: new best=65cdf89dbd5d57af0d165b89d7341b48f060b4fa150da2114d4d8b8abc472150 height=29 version=0x20000000 log2_work=5.906891 tx=30 date='2025-10-26T18:27:50Z' progress=1.000000 cache=0.3MiB(29txo)
2025-10-26T18:27:45Z Saw new header hash=708a14eff1d01da870b1c8e5f6406a626e08bd9b737e52f82eb4715038ca8da0 height=30
2025-10-26T18:27:45Z Saw new cmpctblock header hash=708a14eff1d01da870b1c8e5f6406a626e08bd9b737e52f82eb4715038ca8da0 peer=2
2025-10-26T18:27:45Z UpdateTip: new best=708a14eff1d01da870b1c8e5f6406a626e08bd9b737e52f82eb4715038ca8da0 height=30 version=0x20000000 log2_work=5.954196 tx=31 date='2025-10-26T18:27:50Z' progress=1.000000 cache=0.3MiB(30txo)
2025-10-26T18:27:45Z Saw new header hash=12576bfb6d86e78b18e9d4327d1471e7c48019b9d0d11ac8694242a8a6c25a69 height=31
2025-10-26T18:27:45Z Saw new cmpctblock header hash=12576bfb6d86e78b18e9d4327d1471e7c48019b9d0d11ac8694242a8a6c25a69 peer=2
2025-10-26T18:27:45Z UpdateTip: new best=12576bfb6d86e78b18e9d4327d1471e7c48019b9d0d11ac8694242a8a6c25a69 height=31 version=0x20000000 log2_work=6.000000 tx=32 date='2025-10-26T18:27:50Z' progress=1.000000 cache=0.3MiB(31txo)
2025-10-26T18:27:45Z Saw new header hash=1bb85322d9f9e19a5a9d8a3d68fd7aed3136e9ee742f2197edae6ddd4b341ff9 height=32
2025-10-26T18:27:45Z Saw new cmpctblock header hash=1bb85322d9f9e19a5a9d8a3d68fd7aed3136e9ee742f2197edae6ddd4b341ff9 peer=2
2025-10-26T18:27:45Z UpdateTip: new best=1bb85322d9f9e19a5a9d8a3d68fd7aed3136e9ee742f2197edae6ddd4b341ff9 height=32 version=0x20000000 log2_work=6.044394 tx=33 date='2025-10-26T18:27:51Z' progress=1.000000 cache=0.3MiB(32txo)
2025-10-26T18:27:45Z Saw new header hash=276b1ef29c0e92a4c0cc46f187aa6a0bf37e9f833f9ee1cb9cda7ff71d3a9e38 height=33
2025-10-26T18:27:45Z Saw new cmpctblock header hash=276b1ef29c0e92a4c0cc46f187aa6a0bf37e9f833f9ee1cb9cda7ff71d3a9e38 peer=2
2025-10-26T18:27:45Z UpdateTip: new best=276b1ef29c0e92a4c0cc46f187aa6a0bf37e9f833f9ee1cb9cda7ff71d3a9e38 height=33 version=0x20000000 log2_work=6.087463 tx=34 date='2025-10-26T18:27:51Z' progress=1.000000 cache=0.3MiB(33txo)
2025-10-26T18:27:45Z Saw new header hash=294f0bf9b150732d88d4d01eaf074a7d735e60d81ea09a5b90a8218036fa1fff height=34
2025-10-26T18:27:45Z Saw new cmpctblock header hash=294f0bf9b150732d88d4d01eaf074a7d735e60d81ea09a5b90a8218036fa1fff peer=2
2025-10-26T18:27:45Z UpdateTip: new best=294f0bf9b150732d88d4d01eaf074a7d735e60d81ea09a5b90a8218036fa1fff height=34 version=0x20000000 log2_work=6.129283 tx=35 date='2025-10-26T18:27:51Z' progress=1.000000 cache=0.3MiB(34txo)
2025-10-26T18:27:45Z Saw new header hash=22897059f124d59e86f0f6c2a5ae1445ff2720b63aabeb375ee6dad2baaab9e4 height=35
2025-10-26T18:27:45Z Saw new cmpctblock header hash=22897059f124d59e86f0f6c2a5ae1445ff2720b63aabeb375ee6dad2baaab9e4 peer=2
2025-10-26T18:27:45Z UpdateTip: new best=22897059f124d59e86f0f6c2a5ae1445ff2720b63aabeb375ee6dad2baaab9e4 height=35 version=0x20000000 log2_work=6.169925 tx=36 date='2025-10-26T18:27:51Z' progress=1.000000 cache=0.3MiB(35txo)
2025-10-26T18:27:45Z Saw new header hash=2584293b58956d6b940af7be847b7b75034f5ee6cd492f6ab897b3a29cdfcee8 height=36
2025-10-26T18:27:45Z Saw new cmpctblock header hash=2584293b58956d6b940af7be847b7b75034f5ee6cd492f6ab897b3a29cdfcee8 peer=2
2025-10-26T18:27:45Z UpdateTip: new best=2584293b58956d6b940af7be847b7b75034f5ee6cd492f6ab897b3a29cdfcee8 height=36 version=0x20000000 log2_work=6.209453 tx=37 date='2025-10-26T18:27:51Z' progress=1.000000 cache=0.3MiB(36txo)
2025-10-26T18:27:45Z Saw new header hash=0a002ec0268a8cbd0a1b8067090879bb90dea1657990924970479698a373809b height=37
2025-10-26T18:27:45Z Saw new cmpctblock header hash=0a002ec0268a8cbd0a1b8067090879bb90dea1657990924970479698a373809b peer=2
2025-10-26T18:27:45Z UpdateTip: new best=0a002ec0268a8cbd0a1b8067090879bb90dea1657990924970479698a373809b height=37 version=0x20000000 log2_work=6.247928 tx=38 date='2025-10-26T18:27:51Z' progress=1.000000 cache=0.3MiB(37txo)
2025-10-26T18:27:45Z Saw new header hash=5a51de05727a2e523b1a37ef84a4c208a6641a672c3e29ce083cec07d1fe8040 height=38
2025-10-26T18:27:45Z Saw new cmpctblock header hash=5a51de05727a2e523b1a37ef84a4c208a6641a672c3e29ce083cec07d1fe8040 peer=2
2025-10-26T18:27:45Z UpdateTip: new best=5a51de05727a2e523b1a37ef84a4c208a6641a672c3e29ce083cec07d1fe8040 height=38 version=0x20000000 log2_work=6.285402 tx=39 date='2025-10-26T18:27:52Z' progress=1.000000 cache=0.3MiB(38txo)
2025-10-26T18:27:45Z Saw new header hash=40507f505394d5d6c28fe6a39701b4d5c1901802be1d2397ecf525ac7115a3c4 height=39
2025-10-26T18:27:45Z Saw new cmpctblock header hash=40507f505394d5d6c28fe6a39701b4d5c1901802be1d2397ecf525ac7115a3c4 peer=2
2025-10-26T18:27:45Z UpdateTip: new best=40507f505394d5d6c28fe6a39701b4d5c1901802be1d2397ecf525ac7115a3c4 height=39 version=0x20000000 log2_work=6.321928 tx=40 date='2025-10-26T18:27:52Z' progress=1.000000 cache=0.3MiB(39txo)
2025-10-26T18:27:45Z Saw new header hash=60e10a97fcccf165022e43a42f4c95cfa84a2a287f160e6813fcf3361ece1735 height=40
2025-10-26T18:27:45Z Saw new cmpctblock header hash=60e10a97fcccf165022e43a42f4c95cfa84a2a287f160e6813fcf3361ece1735 peer=2
2025-10-26T18:27:45Z UpdateTip: new best=60e10a97fcccf165022e43a42f4c95cfa84a2a287f160e6813fcf3361ece1735 height=40 version=0x20000000 log2_work=6.357552 tx=41 date='2025-10-26T18:27:52Z' progress=1.000000 cache=0.3MiB(40txo)
2025-10-26T18:27:45Z Saw new header hash=5431b14657c0d5720aeef03154bd6f764e42f4c7c15be53e948f5a4ffd782538 height=41
2025-10-26T18:27:45Z Saw new cmpctblock header hash=5431b14657c0d5720aeef03154bd6f764e42f4c7c15be53e948f5a4ffd782538 peer=2
2025-10-26T18:27:45Z UpdateTip: new best=5431b14657c0d5720aeef03154bd6f764e42f4c7c15be53e948f5a4ffd782538 height=41 version=0x20000000 log2_work=6.392317 tx=42 date='2025-10-26T18:27:52Z' progress=1.000000 cache=0.3MiB(41txo)
2025-10-26T18:27:45Z Saw new header hash=5200e03a9d4276e4e87409080a39b5c7fbd75addb8a5dda60a6f0b5700a865e6 height=42
2025-10-26T18:27:45Z Saw new cmpctblock header hash=5200e03a9d4276e4e87409080a39b5c7fbd75addb8a5dda60a6f0b5700a865e6 peer=2
2025-10-26T18:27:45Z UpdateTip: new best=5200e03a9d4276e4e87409080a39b5c7fbd75addb8a5dda60a6f0b5700a865e6 height=42 version=0x20000000 log2_work=6.426265 tx=43 date='2025-10-26T18:27:52Z' progress=1.000000 cache=0.3MiB(42txo)
2025-10-26T18:27:45Z Saw new header hash=02d90eb049a653caf2a9a78aaced2e7530acd730cf02ee565714203864d670af height=43
2025-10-26T18:27:45Z Saw new cmpctblock header hash=02d90eb049a653caf2a9a78aaced2e7530acd730cf02ee565714203864d670af peer=2
2025-10-26T18:27:45Z UpdateTip: new best=02d90eb049a653caf2a9a78aaced2e7530acd730cf02ee565714203864d670af height=43 version=0x20000000 log2_work=6.459432 tx=44 date='2025-10-26T18:27:52Z' progress=1.000000 cache=0.3MiB(43txo)
2025-10-26T18:27:45Z Saw new header hash=78c581abd24e0b548af6ab2a7fb592560cdaaaab765ae7cf8aa286fa751d25aa height=44
2025-10-26T18:27:45Z Saw new cmpctblock header hash=78c581abd24e0b548af6ab2a7fb592560cdaaaab765ae7cf8aa286fa751d25aa peer=2
2025-10-26T18:27:45Z UpdateTip: new best=78c581abd24e0b548af6ab2a7fb592560cdaaaab765ae7cf8aa286fa751d25aa height=44 version=0x20000000 log2_work=6.491853 tx=45 date='2025-10-26T18:27:53Z' progress=1.000000 cache=0.3MiB(44txo)
2025-10-26T18:27:45Z Saw new header hash=58c6ada5bd43ed863ad9bf415a0b1cb2d37a574fdee33019e5411dbad3a2ca96 height=45
2025-10-26T18:27:45Z UpdateTip: new best=58c6ada5bd43ed863ad9bf415a0b1cb2d37a574fdee33019e5411dbad3a2ca96 height=45 version=0x20000000 log2_work=6.523562 tx=46 date='2025-10-26T18:27:53Z' progress=1.000000 cache=0.3MiB(45txo)
2025-10-26T18:27:45Z Saw new header hash=5bac0b4f41d91b745c5adad48f318286069d3e14542ee02a4d96e478d2155793 height=46
2025-10-26T18:27:45Z Saw new cmpctblock header hash=5bac0b4f41d91b745c5adad48f318286069d3e14542ee02a4d96e478d2155793 peer=2
2025-10-26T18:27:45Z UpdateTip: new best=5bac0b4f41d91b745c5adad48f318286069d3e14542ee02a4d96e478d2155793 height=46 version=0x20000000 log2_work=6.554589 tx=47 date='2025-10-26T18:27:53Z' progress=1.000000 cache=0.3MiB(46txo)
2025-10-26T18:27:45Z Saw new header hash=094bec424203849b049f721f19091afcffb2baeba4e6ac3600a15b006164a890 height=47
2025-10-26T18:27:45Z Saw new cmpctblock header hash=094bec424203849b049f721f19091afcffb2baeba4e6ac3600a15b006164a890 peer=2
2025-10-26T18:27:45Z UpdateTip: new best=094bec424203849b049f721f19091afcffb2baeba4e6ac3600a15b006164a890 height=47 version=0x20000000 log2_work=6.584963 tx=48 date='2025-10-26T18:27:53Z' progress=1.000000 cache=0.3MiB(47txo)
2025-10-26T18:27:45Z Saw new header hash=01e2e265f6e88f2c9ca61d9bef030a09f974f649140a2e45b9f6f20116aca446 height=48
2025-10-26T18:27:45Z Saw new header hash=7ee0ab69c18f2b7e0e8746572eabfcea983d44598dcf4c0235394f6f2f1c7fff height=49
2025-10-26T18:27:45Z Saw new header hash=6cf0ac658d71602894e6120996e0cd139a8a9c345dd09744a9d6f5b5c075df94 height=50
2025-10-26T18:27:45Z Saw new header hash=2d6c0e714d4bbdbde0e49228f871ee896ea16ce18ee5a0504404602309736508 height=51
2025-10-26T18:27:45Z Saw new header hash=7e534e67804a7db462b34944bca9415dad93d7dfd80f877daaed9b405d1f0d23 height=52
2025-10-26T18:27:45Z Saw new header hash=4dc234028e22c803ead850fdbffdce75692457313c9cb9773732f0e9abafaae0 height=53
2025-10-26T18:27:45Z UpdateTip: new best=01e2e265f6e88f2c9ca61d9bef030a09f974f649140a2e45b9f6f20116aca446 height=48 version=0x20000000 log2_work=6.614710 tx=49 date='2025-10-26T18:27:53Z' progress=1.000000 cache=0.3MiB(48txo)
2025-10-26T18:27:45Z Saw new header hash=2c5f8c14342f7e10d79edc01ed4b19dfb97204f42b90f16aa70688fad09caaa4 height=54
2025-10-26T18:27:45Z UpdateTip: new best=7ee0ab69c18f2b7e0e8746572eabfcea983d44598dcf4c0235394f6f2f1c7fff height=49 version=0x20000000 log2_work=6.643856 tx=50 date='2025-10-26T18:27:53Z' progress=1.000000 cache=0.3MiB(49txo)
2025-10-26T18:27:45Z UpdateTip: new best=6cf0ac658d71602894e6120996e0cd139a8a9c345dd09744a9d6f5b5c075df94 height=50 version=0x20000000 log2_work=6.672425 tx=51 date='2025-10-26T18:27:54Z' progress=1.000000 cache=0.3MiB(50txo)
2025-10-26T18:27:45Z Saw new header hash=1eec87daa14ea881953c1b0b634c79b6d13fd5573e40a96432b428023c24faa4 height=55
2025-10-26T18:27:45Z Saw new header hash=0a92100c50135018263059d1d3bdc9c53a2abed704fe21db234635352fb15d51 height=56
2025-10-26T18:27:45Z UpdateTip: new best=2d6c0e714d4bbdbde0e49228f871ee896ea16ce18ee5a0504404602309736508 height=51 version=0x20000000 log2_work=6.700440 tx=52 date='2025-10-26T18:27:54Z' progress=1.000000 cache=0.3MiB(51txo)
2025-10-26T18:27:45Z UpdateTip: new best=7e534e67804a7db462b34944bca9415dad93d7dfd80f877daaed9b405d1f0d23 height=52 version=0x20000000 log2_work=6.727920 tx=53 date='2025-10-26T18:27:54Z' progress=1.000000 cache=0.3MiB(52txo)
2025-10-26T18:27:45Z UpdateTip: new best=4dc234028e22c803ead850fdbffdce75692457313c9cb9773732f0e9abafaae0 height=53 version=0x20000000 log2_work=6.754888 tx=54 date='2025-10-26T18:27:54Z' progress=1.000000 cache=0.3MiB(53txo)
2025-10-26T18:27:45Z UpdateTip: new best=2c5f8c14342f7e10d79edc01ed4b19dfb97204f42b90f16aa70688fad09caaa4 height=54 version=0x20000000 log2_work=6.781360 tx=55 date='2025-10-26T18:27:54Z' progress=1.000000 cache=0.3MiB(54txo)
2025-10-26T18:27:45Z Saw new header hash=75713af53ddaf953db5b40e4620e5d943edbd03419b3ba34ff0e1a27191c2db1 height=57
2025-10-26T18:27:45Z Saw new header hash=33edf67fd0614a2546652abb9ed5f42aa14e9348aa4547039c25d6303cab089f height=58
2025-10-26T18:27:45Z UpdateTip: new best=1eec87daa14ea881953c1b0b634c79b6d13fd5573e40a96432b428023c24faa4 height=55 version=0x20000000 log2_work=6.807355 tx=56 date='2025-10-26T18:27:54Z' progress=1.000000 cache=0.3MiB(55txo)
2025-10-26T18:27:45Z UpdateTip: new best=0a92100c50135018263059d1d3bdc9c53a2abed704fe21db234635352fb15d51 height=56 version=0x20000000 log2_work=6.832890 tx=57 date='2025-10-26T18:27:55Z' progress=1.000000 cache=0.3MiB(56txo)
2025-10-26T18:27:45Z UpdateTip: new best=75713af53ddaf953db5b40e4620e5d943edbd03419b3ba34ff0e1a27191c2db1 height=57 version=0x20000000 log2_work=6.857981 tx=58 date='2025-10-26T18:27:55Z' progress=1.000000 cache=0.3MiB(57txo)
2025-10-26T18:27:45Z UpdateTip: new best=33edf67fd0614a2546652abb9ed5f42aa14e9348aa4547039c25d6303cab089f height=58 version=0x20000000 log2_work=6.882643 tx=59 date='2025-10-26T18:27:55Z' progress=1.000000 cache=0.3MiB(58txo)
2025-10-26T18:27:45Z Saw new header hash=595ae1dce873a0287d822375cf0fda684a070cafab7aa26a5d0a8e7b60689b03 height=59
2025-10-26T18:27:45Z UpdateTip: new best=595ae1dce873a0287d822375cf0fda684a070cafab7aa26a5d0a8e7b60689b03 height=59 version=0x20000000 log2_work=6.906891 tx=60 date='2025-10-26T18:27:55Z' progress=1.000000 cache=0.3MiB(59txo)
2025-10-26T18:27:45Z Saw new header hash=360f76a49399fdc0863c79363a0ae434416b1d29832e229f8b43654597ab3687 height=60
2025-10-26T18:27:45Z Saw new cmpctblock header hash=360f76a49399fdc0863c79363a0ae434416b1d29832e229f8b43654597ab3687 peer=2
2025-10-26T18:27:45Z UpdateTip: new best=360f76a49399fdc0863c79363a0ae434416b1d29832e229f8b43654597ab3687 height=60 version=0x20000000 log2_work=6.930737 tx=61 date='2025-10-26T18:27:55Z' progress=1.000000 cache=0.3MiB(60txo)
2025-10-26T18:27:45Z Saw new header hash=73226633918e9e56337ec2f03ef47a855de9bcd1c52569d14aa21bbfe9729285 height=61
2025-10-26T18:27:45Z Saw new header hash=4897537b986b3b0b3f0c757c0f25872255c09dffcc169ca8ec7c939f829d535b height=62
2025-10-26T18:27:45Z Saw new header hash=1e5eede7a6b494e24208c6a9e7031a235926a7b6084ef9b07e63d64b978ad8e7 height=63
2025-10-26T18:27:45Z Saw new header hash=62b798c5e746d36e6c859c8931979b16806b44beed2f65736f58ec3b533e1f66 height=64
2025-10-26T18:27:45Z Saw new header hash=0d246474d0b5b6f15c1f89c64d890f924752647fbdaf6e215c77a7c049c677ee height=65
2025-10-26T18:27:45Z Saw new header hash=0ec8127345aac6b621ce5cc71223d0db796050e8b776b943528882c4a165aa5d height=66
2025-10-26T18:27:45Z Saw new header hash=6a7041507538b119d5e7d0632387681142596fed5df855361d23732bd9b7ca60 height=67
2025-10-26T18:27:45Z Saw new header hash=1362cb5a4294895d95f3524b6a5b8101432bb70cd59308a53c5250a565cc9fde height=68
2025-10-26T18:27:45Z Saw new cmpctblock header hash=1362cb5a4294895d95f3524b6a5b8101432bb70cd59308a53c5250a565cc9fde peer=2
2025-10-26T18:27:45Z Saw new header hash=085e5fc10890608ea9c9987d19cdf39607bc4726174a22fa2324f11125c1d5d7 height=69
2025-10-26T18:27:45Z Saw new cmpctblock header hash=085e5fc10890608ea9c9987d19cdf39607bc4726174a22fa2324f11125c1d5d7 peer=2
2025-10-26T18:27:45Z Saw new header hash=46aee7a09b1401bf454fa71a978088b7613879fdff96a4492b113960fed6d782 height=70
2025-10-26T18:27:45Z Saw new cmpctblock header hash=46aee7a09b1401bf454fa71a978088b7613879fdff96a4492b113960fed6d782 peer=2
2025-10-26T18:27:45Z Saw new header hash=3928d5089f3972b0a281bfa3a9ccd70a982f29c80f69e8dafe7fdf5139e1f91c height=71
2025-10-26T18:27:45Z Saw new cmpctblock header hash=3928d5089f3972b0a281bfa3a9ccd70a982f29c80f69e8dafe7fdf5139e1f91c peer=2
2025-10-26T18:27:45Z UpdateTip: new best=73226633918e9e56337ec2f03ef47a855de9bcd1c52569d14aa21bbfe9729285 height=61 version=0x20000000 log2_work=6.954196 tx=62 date='2025-10-26T18:27:55Z' progress=1.000000 cache=0.3MiB(61txo)
2025-10-26T18:27:45Z UpdateTip: new best=4897537b986b3b0b3f0c757c0f25872255c09dffcc169ca8ec7c939f829d535b height=62 version=0x20000000 log2_work=6.977280 tx=63 date='2025-10-26T18:27:56Z' progress=1.000000 cache=0.3MiB(62txo)
2025-10-26T18:27:45Z Saw new header hash=3d3a984d6bf6bac3a89c56e11355433b1b3aa445d45c31a441cd19d0600e57e7 height=72
2025-10-26T18:27:45Z Saw new cmpctblock header hash=3d3a984d6bf6bac3a89c56e11355433b1b3aa445d45c31a441cd19d0600e57e7 peer=0
2025-10-26T18:27:45Z UpdateTip: new best=1e5eede7a6b494e24208c6a9e7031a235926a7b6084ef9b07e63d64b978ad8e7 height=63 version=0x20000000 log2_work=7.000000 tx=64 date='2025-10-26T18:27:56Z' progress=1.000000 cache=0.3MiB(63txo)
2025-10-26T18:27:45Z Saw new header hash=76b173c7417fe4dd58631524d7deb804d860e24dbd2405d9c3f17868910f4f85 height=73
2025-10-26T18:27:45Z Saw new cmpctblock header hash=76b173c7417fe4dd58631524d7deb804d860e24dbd2405d9c3f17868910f4f85 peer=0
2025-10-26T18:27:45Z UpdateTip: new best=62b798c5e746d36e6c859c8931979b16806b44beed2f65736f58ec3b533e1f66 height=64 version=0x20000000 log2_work=7.022368 tx=65 date='2025-10-26T18:27:56Z' progress=1.000000 cache=0.3MiB(64txo)
2025-10-26T18:27:45Z UpdateTip: new best=0d246474d0b5b6f15c1f89c64d890f924752647fbdaf6e215c77a7c049c677ee height=65 version=0x20000000 log2_work=7.044394 tx=66 date='2025-10-26T18:27:56Z' progress=1.000000 cache=0.3MiB(65txo)
2025-10-26T18:27:45Z UpdateTip: new best=0ec8127345aac6b621ce5cc71223d0db796050e8b776b943528882c4a165aa5d height=66 version=0x20000000 log2_work=7.066089 tx=67 date='2025-10-26T18:27:56Z' progress=1.000000 cache=0.3MiB(66txo)
2025-10-26T18:27:45Z Saw new header hash=10cd910a6fc1919f19752c89552bf1e383fd82e3f39e379ec11c1ab2f04e139d height=74
2025-10-26T18:27:45Z Saw new cmpctblock header hash=10cd910a6fc1919f19752c89552bf1e383fd82e3f39e379ec11c1ab2f04e139d peer=0
2025-10-26T18:27:45Z UpdateTip: new best=6a7041507538b119d5e7d0632387681142596fed5df855361d23732bd9b7ca60 height=67 version=0x20000000 log2_work=7.087463 tx=68 date='2025-10-26T18:27:56Z' progress=1.000000 cache=0.3MiB(67txo)
2025-10-26T18:27:45Z UpdateTip: new best=1362cb5a4294895d95f3524b6a5b8101432bb70cd59308a53c5250a565cc9fde height=68 version=0x20000000 log2_work=7.108524 tx=69 date='2025-10-26T18:27:57Z' progress=1.000000 cache=0.3MiB(68txo)
2025-10-26T18:27:45Z UpdateTip: new best=085e5fc10890608ea9c9987d19cdf39607bc4726174a22fa2324f11125c1d5d7 height=69 version=0x20000000 log2_work=7.129283 tx=70 date='2025-10-26T18:27:57Z' progress=1.000000 cache=0.3MiB(69txo)
2025-10-26T18:27:45Z Saw new header hash=3531139da9b3709b8b6736cf5b5d09a86241b2e38eca4509efc607c5ac370709 height=75
2025-10-26T18:27:45Z Saw new cmpctblock header hash=3531139da9b3709b8b6736cf5b5d09a86241b2e38eca4509efc607c5ac370709 peer=0
2025-10-26T18:27:45Z UpdateTip: new best=46aee7a09b1401bf454fa71a978088b7613879fdff96a4492b113960fed6d782 height=70 version=0x20000000 log2_work=7.149747 tx=71 date='2025-10-26T18:27:57Z' progress=1.000000 cache=0.3MiB(70txo)
2025-10-26T18:27:45Z Saw new header hash=59a5efeb7b3d7fe14db928d81cc329cda22f872b36e2cbf3da1b13939a0720aa height=76
2025-10-26T18:27:45Z Saw new cmpctblock header hash=59a5efeb7b3d7fe14db928d81cc329cda22f872b36e2cbf3da1b13939a0720aa peer=0
2025-10-26T18:27:45Z UpdateTip: new best=3928d5089f3972b0a281bfa3a9ccd70a982f29c80f69e8dafe7fdf5139e1f91c height=71 version=0x20000000 log2_work=7.169925 tx=72 date='2025-10-26T18:27:57Z' progress=1.000000 cache=0.3MiB(71txo)
2025-10-26T18:27:45Z UpdateTip: new best=3d3a984d6bf6bac3a89c56e11355433b1b3aa445d45c31a441cd19d0600e57e7 height=72 version=0x20000000 log2_work=7.189825 tx=73 date='2025-10-26T18:27:57Z' progress=1.000000 cache=0.3MiB(72txo)
2025-10-26T18:27:45Z UpdateTip: new best=76b173c7417fe4dd58631524d7deb804d860e24dbd2405d9c3f17868910f4f85 height=73 version=0x20000000 log2_work=7.209453 tx=74 date='2025-10-26T18:27:57Z' progress=1.000000 cache=0.3MiB(73txo)
2025-10-26T18:27:45Z UpdateTip: new best=10cd910a6fc1919f19752c89552bf1e383fd82e3f39e379ec11c1ab2f04e139d height=74 version=0x20000000 log2_work=7.228819 tx=75 date='2025-10-26T18:27:58Z' progress=1.000000 cache=0.3MiB(74txo)
2025-10-26T18:27:45Z UpdateTip: new best=3531139da9b3709b8b6736cf5b5d09a86241b2e38eca4509efc607c5ac370709 height=75 version=0x20000000 log2_work=7.247928 tx=76 date='2025-10-26T18:27:58Z' progress=1.000000 cache=0.3MiB(75txo)
2025-10-26T18:27:45Z UpdateTip: new best=59a5efeb7b3d7fe14db928d81cc329cda22f872b36e2cbf3da1b13939a0720aa height=76 version=0x20000000 log2_work=7.266787 tx=77 date='2025-10-26T18:27:58Z' progress=1.000000 cache=0.3MiB(76txo)
2025-10-26T18:27:45Z Saw new header hash=255e30ed5e393db5c6995ea34ddc68d08e1b4e899484bef12826e3811ab34be4 height=77
2025-10-26T18:27:45Z Saw new cmpctblock header hash=255e30ed5e393db5c6995ea34ddc68d08e1b4e899484bef12826e3811ab34be4 peer=2
2025-10-26T18:27:45Z UpdateTip: new best=255e30ed5e393db5c6995ea34ddc68d08e1b4e899484bef12826e3811ab34be4 height=77 version=0x20000000 log2_work=7.285402 tx=78 date='2025-10-26T18:27:58Z' progress=1.000000 cache=0.3MiB(77txo)
2025-10-26T18:27:45Z Saw new header hash=15d798c4927588a40583849e85e91c499cae908afdb786e76ca9b43b6bb4e54e height=78
2025-10-26T18:27:45Z Saw new cmpctblock header hash=15d798c4927588a40583849e85e91c499cae908afdb786e76ca9b43b6bb4e54e peer=0
2025-10-26T18:27:45Z UpdateTip: new best=15d798c4927588a40583849e85e91c499cae908afdb786e76ca9b43b6bb4e54e height=78 version=0x20000000 log2_work=7.303781 tx=79 date='2025-10-26T18:27:58Z' progress=1.000000 cache=0.3MiB(78txo)
2025-10-26T18:27:45Z Saw new header hash=4c5df5d4f23ab0868be6b9b0fcd741c330be97c9380d55ab529717233fd403b3 height=79
2025-10-26T18:27:45Z Saw new cmpctblock header hash=4c5df5d4f23ab0868be6b9b0fcd741c330be97c9380d55ab529717233fd403b3 peer=2
2025-10-26T18:27:45Z UpdateTip: new best=4c5df5d4f23ab0868be6b9b0fcd741c330be97c9380d55ab529717233fd403b3 height=79 version=0x20000000 log2_work=7.321928 tx=80 date='2025-10-26T18:27:58Z' progress=1.000000 cache=0.3MiB(79txo)
2025-10-26T18:27:45Z Saw new header hash=40f036d4efa330e70638e70d1482dcd27b40f51988d2804163eeeb7eca625482 height=80
2025-10-26T18:27:45Z Saw new cmpctblock header hash=40f036d4efa330e70638e70d1482dcd27b40f51988d2804163eeeb7eca625482 peer=2
2025-10-26T18:27:45Z UpdateTip: new best=40f036d4efa330e70638e70d1482dcd27b40f51988d2804163eeeb7eca625482 height=80 version=0x20000000 log2_work=7.339850 tx=81 date='2025-10-26T18:27:59Z' progress=1.000000 cache=0.3MiB(80txo)
2025-10-26T18:27:45Z Saw new header hash=7037e984d25da3625cd431a19dab353a8c50f1950e2c4f675b452a280e1468d8 height=81
2025-10-26T18:27:45Z Saw new cmpctblock header hash=7037e984d25da3625cd431a19dab353a8c50f1950e2c4f675b452a280e1468d8 peer=0
2025-10-26T18:27:45Z UpdateTip: new best=7037e984d25da3625cd431a19dab353a8c50f1950e2c4f675b452a280e1468d8 height=81 version=0x20000000 log2_work=7.357552 tx=82 date='2025-10-26T18:27:59Z' progress=1.000000 cache=0.3MiB(81txo)
2025-10-26T18:27:45Z Saw new header hash=3eabd2bccaa40f10ec5732966929ac8e7cc6efd0437883fe58e82383687f6953 height=82
2025-10-26T18:27:45Z Saw new cmpctblock header hash=3eabd2bccaa40f10ec5732966929ac8e7cc6efd0437883fe58e82383687f6953 peer=2
2025-10-26T18:27:45Z UpdateTip: new best=3eabd2bccaa40f10ec5732966929ac8e7cc6efd0437883fe58e82383687f6953 height=82 version=0x20000000 log2_work=7.375039 tx=83 date='2025-10-26T18:27:59Z' progress=1.000000 cache=0.3MiB(82txo)
2025-10-26T18:27:45Z Saw new header hash=3e4d92f9f59290b27498ff2065b52e504f40144c21cdc2ffacd1bb8d1131cf0a height=83
2025-10-26T18:27:45Z Saw new cmpctblock header hash=3e4d92f9f59290b27498ff2065b52e504f40144c21cdc2ffacd1bb8d1131cf0a peer=2
2025-10-26T18:27:45Z UpdateTip: new best=3e4d92f9f59290b27498ff2065b52e504f40144c21cdc2ffacd1bb8d1131cf0a height=83 version=0x20000000 log2_work=7.392317 tx=84 date='2025-10-26T18:27:59Z' progress=1.000000 cache=0.3MiB(83txo)
2025-10-26T18:27:45Z Saw new header hash=16a60d37bbc840cf8b4b79b9de0f12c490e67461bbd6064fd08c3f34f0f1b8bc height=84
2025-10-26T18:27:45Z Saw new cmpctblock header hash=16a60d37bbc840cf8b4b79b9de0f12c490e67461bbd6064fd08c3f34f0f1b8bc peer=2
2025-10-26T18:27:45Z UpdateTip: new best=16a60d37bbc840cf8b4b79b9de0f12c490e67461bbd6064fd08c3f34f0f1b8bc height=84 version=0x20000000 log2_work=7.409391 tx=85 date='2025-10-26T18:27:59Z' progress=1.000000 cache=0.3MiB(84txo)
2025-10-26T18:27:45Z Saw new header hash=5d7c046e27e4eb496cee6de6756f8cf7038405d425bb9ae50b8cfb861af775d3 height=85
2025-10-26T18:27:45Z Saw new cmpctblock header hash=5d7c046e27e4eb496cee6de6756f8cf7038405d425bb9ae50b8cfb861af775d3 peer=0
2025-10-26T18:27:45Z UpdateTip: new best=5d7c046e27e4eb496cee6de6756f8cf7038405d425bb9ae50b8cfb861af775d3 height=85 version=0x20000000 log2_work=7.426265 tx=86 date='2025-10-26T18:27:59Z' progress=1.000000 cache=0.3MiB(85txo)
2025-10-26T18:27:45Z Saw new header hash=0162632845d2199f8208853e25060e5b07426ffddd7a2657eadd36bb1c94f635 height=86
2025-10-26T18:27:45Z Saw new cmpctblock header hash=0162632845d2199f8208853e25060e5b07426ffddd7a2657eadd36bb1c94f635 peer=2
2025-10-26T18:27:45Z UpdateTip: new best=0162632845d2199f8208853e25060e5b07426ffddd7a2657eadd36bb1c94f635 height=86 version=0x20000000 log2_work=7.442943 tx=87 date='2025-10-26T18:28:00Z' progress=1.000000 cache=0.3MiB(86txo)
2025-10-26T18:27:45Z Saw new header hash=31f31582ec905243561596386e66c0f06bb7c6c682787820a1f7e7ce8c03f3a3 height=87
2025-10-26T18:27:45Z Saw new cmpctblock header hash=31f31582ec905243561596386e66c0f06bb7c6c682787820a1f7e7ce8c03f3a3 peer=2
2025-10-26T18:27:45Z UpdateTip: new best=31f31582ec905243561596386e66c0f06bb7c6c682787820a1f7e7ce8c03f3a3 height=87 version=0x20000000 log2_work=7.459432 tx=88 date='2025-10-26T18:28:00Z' progress=1.000000 cache=0.3MiB(87txo)
2025-10-26T18:27:45Z Saw new header hash=208f4f77bed75b18f4dda99632ed6c58d71effd42916882580a9afe7689884fe height=88
2025-10-26T18:27:45Z Saw new cmpctblock header hash=208f4f77bed75b18f4dda99632ed6c58d71effd42916882580a9afe7689884fe peer=2
2025-10-26T18:27:45Z UpdateTip: new best=208f4f77bed75b18f4dda99632ed6c58d71effd42916882580a9afe7689884fe height=88 version=0x20000000 log2_work=7.475733 tx=89 date='2025-10-26T18:28:00Z' progress=1.000000 cache=0.3MiB(88txo)
2025-10-26T18:27:45Z Saw new header hash=362f5f017cf71afa02890907ddee08465e26fd01e76d0a8374e3d772a8719f50 height=89
2025-10-26T18:27:45Z Saw new cmpctblock header hash=362f5f017cf71afa02890907ddee08465e26fd01e76d0a8374e3d772a8719f50 peer=2
2025-10-26T18:27:45Z UpdateTip: new best=362f5f017cf71afa02890907ddee08465e26fd01e76d0a8374e3d772a8719f50 height=89 version=0x20000000 log2_work=7.491853 tx=90 date='2025-10-26T18:28:00Z' progress=1.000000 cache=0.3MiB(89txo)
2025-10-26T18:27:45Z Saw new header hash=501ff3f0c38c90b988fcb0dac905b27b6e0f0f362d52e4a9be7f5d7a37a59fde height=90
2025-10-26T18:27:45Z Saw new cmpctblock header hash=501ff3f0c38c90b988fcb0dac905b27b6e0f0f362d52e4a9be7f5d7a37a59fde peer=0
2025-10-26T18:27:45Z UpdateTip: new best=501ff3f0c38c90b988fcb0dac905b27b6e0f0f362d52e4a9be7f5d7a37a59fde height=90 version=0x20000000 log2_work=7.507795 tx=91 date='2025-10-26T18:28:00Z' progress=1.000000 cache=0.3MiB(90txo)
2025-10-26T18:27:45Z Saw new header hash=738171f35f3de02ccaa6da4d9ffcc673b67056b8dd3ce96d7c75c59da416b20c height=91
2025-10-26T18:27:45Z Saw new cmpctblock header hash=738171f35f3de02ccaa6da4d9ffcc673b67056b8dd3ce96d7c75c59da416b20c peer=0
2025-10-26T18:27:45Z UpdateTip: new best=738171f35f3de02ccaa6da4d9ffcc673b67056b8dd3ce96d7c75c59da416b20c height=91 version=0x20000000 log2_work=7.523562 tx=92 date='2025-10-26T18:28:00Z' progress=1.000000 cache=0.3MiB(91txo)
2025-10-26T18:27:45Z Saw new header hash=354a7e12cb720c8304e129f25c0b51ec72a47d67d87cd23cc5c6490d51612700 height=92
2025-10-26T18:27:45Z Saw new cmpctblock header hash=354a7e12cb720c8304e129f25c0b51ec72a47d67d87cd23cc5c6490d51612700 peer=0
2025-10-26T18:27:45Z UpdateTip: new best=354a7e12cb720c8304e129f25c0b51ec72a47d67d87cd23cc5c6490d51612700 height=92 version=0x20000000 log2_work=7.539159 tx=93 date='2025-10-26T18:28:01Z' progress=1.000000 cache=0.3MiB(92txo)
2025-10-26T18:27:45Z Saw new header hash=3f045e90eb99e8d2b9f69f01740a57a2bf8ac8354a479372b1c5770cffd9a31c height=93
2025-10-26T18:27:45Z Saw new cmpctblock header hash=3f045e90eb99e8d2b9f69f01740a57a2bf8ac8354a479372b1c5770cffd9a31c peer=2
2025-10-26T18:27:45Z UpdateTip: new best=3f045e90eb99e8d2b9f69f01740a57a2bf8ac8354a479372b1c5770cffd9a31c height=93 version=0x20000000 log2_work=7.554589 tx=94 date='2025-10-26T18:28:01Z' progress=1.000000 cache=0.3MiB(93txo)
2025-10-26T18:27:45Z Saw new header hash=62e15dc649d6b0cb34cd55977d022f76e6b74df2cb3683aa09e07744fb8542b8 height=94
2025-10-26T18:27:45Z Saw new cmpctblock header hash=62e15dc649d6b0cb34cd55977d022f76e6b74df2cb3683aa09e07744fb8542b8 peer=0
2025-10-26T18:27:45Z UpdateTip: new best=62e15dc649d6b0cb34cd55977d022f76e6b74df2cb3683aa09e07744fb8542b8 height=94 version=0x20000000 log2_work=7.569856 tx=95 date='2025-10-26T18:28:01Z' progress=1.000000 cache=0.3MiB(94txo)
2025-10-26T18:27:45Z Saw new header hash=76c41358aae60a02db467f3de4f96279c6c095d292020a0c452b91d9bf6ea24a height=95
2025-10-26T18:27:45Z Saw new cmpctblock header hash=76c41358aae60a02db467f3de4f96279c6c095d292020a0c452b91d9bf6ea24a peer=2
2025-10-26T18:27:45Z UpdateTip: new best=76c41358aae60a02db467f3de4f96279c6c095d292020a0c452b91d9bf6ea24a height=95 version=0x20000000 log2_work=7.584963 tx=96 date='2025-10-26T18:28:01Z' progress=1.000000 cache=0.3MiB(95txo)
2025-10-26T18:27:45Z Saw new header hash=6cac4265ac9376627c408dcef5e039428f03063cb9c286d3b3bf1549e7047911 height=96
2025-10-26T18:27:45Z Saw new cmpctblock header hash=6cac4265ac9376627c408dcef5e039428f03063cb9c286d3b3bf1549e7047911 peer=0
2025-10-26T18:27:45Z UpdateTip: new best=6cac4265ac9376627c408dcef5e039428f03063cb9c286d3b3bf1549e7047911 height=96 version=0x20000000 log2_work=7.599913 tx=97 date='2025-10-26T18:28:01Z' progress=1.000000 cache=0.3MiB(96txo)
2025-10-26T18:27:45Z Saw new header hash=6dcf4d62ad9763a32633c2e3f10884cccbebbd3478b2e84d4c14d04d9d4d374a height=97
2025-10-26T18:27:45Z Saw new cmpctblock header hash=6dcf4d62ad9763a32633c2e3f10884cccbebbd3478b2e84d4c14d04d9d4d374a peer=0
2025-10-26T18:27:45Z UpdateTip: new best=6dcf4d62ad9763a32633c2e3f10884cccbebbd3478b2e84d4c14d04d9d4d374a height=97 version=0x20000000 log2_work=7.614710 tx=98 date='2025-10-26T18:28:01Z' progress=1.000000 cache=0.3MiB(97txo)
2025-10-26T18:27:45Z Saw new header hash=4d90b44fc97a98502a5582cdacab98851f8bc195dcc6d77000f5a75c32615161 height=98
2025-10-26T18:27:45Z Saw new cmpctblock header hash=4d90b44fc97a98502a5582cdacab98851f8bc195dcc6d77000f5a75c32615161 peer=0
2025-10-26T18:27:45Z UpdateTip: new best=4d90b44fc97a98502a5582cdacab98851f8bc195dcc6d77000f5a75c32615161 height=98 version=0x20000000 log2_work=7.629357 tx=99 date='2025-10-26T18:28:02Z' progress=1.000000 cache=0.3MiB(98txo)
2025-10-26T18:27:45Z Saw new header hash=479f97efd208ef36313c9becf5cc5b521aea0c3a4371d514e99c8cab41bfefb9 height=99
2025-10-26T18:27:45Z Saw new cmpctblock header hash=479f97efd208ef36313c9becf5cc5b521aea0c3a4371d514e99c8cab41bfefb9 peer=0
2025-10-26T18:27:45Z UpdateTip: new best=479f97efd208ef36313c9becf5cc5b521aea0c3a4371d514e99c8cab41bfefb9 height=99 version=0x20000000 log2_work=7.643856 tx=100 date='2025-10-26T18:28:02Z' progress=1.000000 cache=0.3MiB(99txo)
2025-10-26T18:27:45Z Saw new header hash=63ddd989010e3a818b73beb5995bd5aa4f87884e10bff1485ea6ccf091658168 height=100
2025-10-26T18:27:45Z Saw new cmpctblock header hash=63ddd989010e3a818b73beb5995bd5aa4f87884e10bff1485ea6ccf091658168 peer=2
2025-10-26T18:27:45Z UpdateTip: new best=63ddd989010e3a818b73beb5995bd5aa4f87884e10bff1485ea6ccf091658168 height=100 version=0x20000000 log2_work=7.658211 tx=101 date='2025-10-26T18:28:02Z' progress=1.000000 cache=0.3MiB(100txo)
2025-10-26T18:27:45Z Saw new header hash=2f2182b9057788a09c395f237f49035400235019ee48a9d065b8c7df6d750967 height=101
2025-10-26T18:27:45Z Saw new cmpctblock header hash=2f2182b9057788a09c395f237f49035400235019ee48a9d065b8c7df6d750967 peer=2
2025-10-26T18:27:45Z UpdateTip: new best=2f2182b9057788a09c395f237f49035400235019ee48a9d065b8c7df6d750967 height=101 version=0x20000000 log2_work=7.672425 tx=102 date='2025-10-26T18:28:02Z' progress=1.000000 cache=0.3MiB(101txo)
2025-10-26T18:27:45Z Saw new header hash=2669e0dfdc91eb6fe4fd0365872ca441d8cba476c123b7bf61149257649be667 height=102
2025-10-26T18:27:45Z Saw new cmpctblock header hash=2669e0dfdc91eb6fe4fd0365872ca441d8cba476c123b7bf61149257649be667 peer=0
2025-10-26T18:27:45Z UpdateTip: new best=2669e0dfdc91eb6fe4fd0365872ca441d8cba476c123b7bf61149257649be667 height=102 version=0x20000000 log2_work=7.686501 tx=103 date='2025-10-26T18:28:02Z' progress=1.000000 cache=0.3MiB(102txo)
2025-10-26T18:27:45Z Saw new header hash=5b98ad151175caf9b8502ab277447debb0999e392fe3f218cd2da94d4b657f6c height=103
2025-10-26T18:27:45Z Saw new cmpctblock header hash=5b98ad151175caf9b8502ab277447debb0999e392fe3f218cd2da94d4b657f6c peer=0
2025-10-26T18:27:45Z UpdateTip: new best=5b98ad151175caf9b8502ab277447debb0999e392fe3f218cd2da94d4b657f6c height=103 version=0x20000000 log2_work=7.700440 tx=104 date='2025-10-26T18:28:02Z' progress=1.000000 cache=0.3MiB(103txo)
2025-10-26T18:27:45Z Saw new header hash=4e1a76efeb61d5f9cb310c95ee87b07055022a5024ce2ce9caed99f149dde5b6 height=104
2025-10-26T18:27:45Z Saw new cmpctblock header hash=4e1a76efeb61d5f9cb310c95ee87b07055022a5024ce2ce9caed99f149dde5b6 peer=0
2025-10-26T18:27:45Z UpdateTip: new best=4e1a76efeb61d5f9cb310c95ee87b07055022a5024ce2ce9caed99f149dde5b6 height=104 version=0x20000000 log2_work=7.714246 tx=105 date='2025-10-26T18:28:03Z' progress=1.000000 cache=0.3MiB(104txo)
2025-10-26T18:27:45Z Saw new header hash=1aaaff451f0364191e52f4aea1a1aedf4254f13f2ccbb2dde059292f39f76d9f height=105
2025-10-26T18:27:45Z Saw new cmpctblock header hash=1aaaff451f0364191e52f4aea1a1aedf4254f13f2ccbb2dde059292f39f76d9f peer=0
2025-10-26T18:27:45Z UpdateTip: new best=1aaaff451f0364191e52f4aea1a1aedf4254f13f2ccbb2dde059292f39f76d9f height=105 version=0x20000000 log2_work=7.727920 tx=106 date='2025-10-26T18:28:03Z' progress=1.000000 cache=0.3MiB(105txo)
2025-10-26T18:27:45Z Saw new header hash=70370e108f6a1965eb3d2f82b0b5bff323cab222385ccb845aef5a09058a6591 height=106
2025-10-26T18:27:45Z Saw new cmpctblock header hash=70370e108f6a1965eb3d2f82b0b5bff323cab222385ccb845aef5a09058a6591 peer=0
2025-10-26T18:27:45Z UpdateTip: new best=70370e108f6a1965eb3d2f82b0b5bff323cab222385ccb845aef5a09058a6591 height=106 version=0x20000000 log2_work=7.741467 tx=107 date='2025-10-26T18:28:03Z' progress=1.000000 cache=0.3MiB(106txo)
2025-10-26T18:27:45Z Saw new header hash=232e236f7a9dfa4df88c946a6edaedcb56aa3feae75131859d0933c1eb037360 height=107
2025-10-26T18:27:45Z Saw new cmpctblock header hash=232e236f7a9dfa4df88c946a6edaedcb56aa3feae75131859d0933c1eb037360 peer=0
2025-10-26T18:27:45Z UpdateTip: new best=232e236f7a9dfa4df88c946a6edaedcb56aa3feae75131859d0933c1eb037360 height=107 version=0x20000000 log2_work=7.754888 tx=108 date='2025-10-26T18:28:03Z' progress=1.000000 cache=0.3MiB(107txo)
2025-10-26T18:27:45Z Saw new header hash=5af3be7b046a5374bed176711d7b8a3dc85ed2eaf54e4f79648667cc16b0cf2f height=108
2025-10-26T18:27:45Z Saw new cmpctblock header hash=5af3be7b046a5374bed176711d7b8a3dc85ed2eaf54e4f79648667cc16b0cf2f peer=2
2025-10-26T18:27:45Z UpdateTip: new best=5af3be7b046a5374bed176711d7b8a3dc85ed2eaf54e4f79648667cc16b0cf2f height=108 version=0x20000000 log2_work=7.768184 tx=109 date='2025-10-26T18:28:03Z' progress=1.000000 cache=0.3MiB(108txo)
2025-10-26T18:27:45Z Saw new header hash=0474ab30fb9bafdc522c2b5405299c1ffad91c688e7cb9d278ee176944927db6 height=109
2025-10-26T18:27:45Z Saw new cmpctblock header hash=0474ab30fb9bafdc522c2b5405299c1ffad91c688e7cb9d278ee176944927db6 peer=0
2025-10-26T18:27:45Z UpdateTip: new best=0474ab30fb9bafdc522c2b5405299c1ffad91c688e7cb9d278ee176944927db6 height=109 version=0x20000000 log2_work=7.781360 tx=110 date='2025-10-26T18:28:03Z' progress=1.000000 cache=0.3MiB(109txo)
2025-10-26T18:27:45Z Saw new header hash=09980b7adaa937d80a5304216d49338bb223e434e92d607c0dfc0f80429a169e height=110
2025-10-26T18:27:45Z Saw new cmpctblock header hash=09980b7adaa937d80a5304216d49338bb223e434e92d607c0dfc0f80429a169e peer=2
2025-10-26T18:27:45Z UpdateTip: new best=09980b7adaa937d80a5304216d49338bb223e434e92d607c0dfc0f80429a169e height=110 version=0x20000000 log2_work=7.794416 tx=111 date='2025-10-26T18:28:04Z' progress=1.000000 cache=0.3MiB(110txo)
2025-10-26T18:27:45Z Saw new header hash=002793bb4b26b5a82767bdf22b38679f1829ec0b1827881fb33e4c440f9ef67f height=111
2025-10-26T18:27:45Z Saw new cmpctblock header hash=002793bb4b26b5a82767bdf22b38679f1829ec0b1827881fb33e4c440f9ef67f peer=0
2025-10-26T18:27:45Z UpdateTip: new best=002793bb4b26b5a82767bdf22b38679f1829ec0b1827881fb33e4c440f9ef67f height=111 version=0x20000000 log2_work=7.807355 tx=112 date='2025-10-26T18:28:04Z' progress=1.000000 cache=0.3MiB(111txo)
2025-10-26T18:27:45Z Saw new header hash=58ae9b1ba39a25c62fe5eedc182cfc678510b3e05495b7b262c6951b69c1b2d7 height=112
2025-10-26T18:27:45Z Saw new cmpctblock header hash=58ae9b1ba39a25c62fe5eedc182cfc678510b3e05495b7b262c6951b69c1b2d7 peer=2
2025-10-26T18:27:45Z UpdateTip: new best=58ae9b1ba39a25c62fe5eedc182cfc678510b3e05495b7b262c6951b69c1b2d7 height=112 version=0x20000000 log2_work=7.820179 tx=113 date='2025-10-26T18:28:04Z' progress=1.000000 cache=0.3MiB(112txo)
2025-10-26T18:27:45Z Saw new header hash=0e32126ccb0f3e1d665966968eeec96ab6a5937f66e23a40da0a961d052a4b11 height=113
2025-10-26T18:27:45Z Saw new cmpctblock header hash=0e32126ccb0f3e1d665966968eeec96ab6a5937f66e23a40da0a961d052a4b11 peer=2
2025-10-26T18:27:45Z UpdateTip: new best=0e32126ccb0f3e1d665966968eeec96ab6a5937f66e23a40da0a961d052a4b11 height=113 version=0x20000000 log2_work=7.832890 tx=114 date='2025-10-26T18:28:04Z' progress=1.000000 cache=0.3MiB(113txo)
2025-10-26T18:27:45Z Saw new header hash=55b058d9a8b5c35151c9f34cf1347afd029bb3e3b178bfd9f591fcc7dea3a70d height=114
2025-10-26T18:27:45Z Saw new cmpctblock header hash=55b058d9a8b5c35151c9f34cf1347afd029bb3e3b178bfd9f591fcc7dea3a70d peer=0
2025-10-26T18:27:45Z UpdateTip: new best=55b058d9a8b5c35151c9f34cf1347afd029bb3e3b178bfd9f591fcc7dea3a70d height=114 version=0x20000000 log2_work=7.845490 tx=115 date='2025-10-26T18:28:04Z' progress=1.000000 cache=0.3MiB(114txo)
2025-10-26T18:27:45Z Saw new header hash=1c7603208761334b6bb83e2c7b477b2222b0e77bbb31df03f1907bb1e94268bb height=115
2025-10-26T18:27:45Z Saw new cmpctblock header hash=1c7603208761334b6bb83e2c7b477b2222b0e77bbb31df03f1907bb1e94268bb peer=0
2025-10-26T18:27:45Z UpdateTip: new best=1c7603208761334b6bb83e2c7b477b2222b0e77bbb31df03f1907bb1e94268bb height=115 version=0x20000000 log2_work=7.857981 tx=116 date='2025-10-26T18:28:04Z' progress=1.000000 cache=0.3MiB(115txo)
2025-10-26T18:27:45Z Saw new header hash=2278c1e0963dfdd0986f308aecf46ad3bdd72d03989ba1a4a4c11c568ac8c506 height=116
2025-10-26T18:27:45Z Saw new cmpctblock header hash=2278c1e0963dfdd0986f308aecf46ad3bdd72d03989ba1a4a4c11c568ac8c506 peer=2
2025-10-26T18:27:45Z UpdateTip: new best=2278c1e0963dfdd0986f308aecf46ad3bdd72d03989ba1a4a4c11c568ac8c506 height=116 version=0x20000000 log2_work=7.870365 tx=117 date='2025-10-26T18:28:05Z' progress=1.000000 cache=0.3MiB(116txo)
2025-10-26T18:27:45Z Saw new header hash=0aa6eff6da301efacfdc3ef5609ad3486b5634ea2325bf4b679e18f3f5d7fdd7 height=117
2025-10-26T18:27:45Z Saw new cmpctblock header hash=0aa6eff6da301efacfdc3ef5609ad3486b5634ea2325bf4b679e18f3f5d7fdd7 peer=2
2025-10-26T18:27:45Z UpdateTip: new best=0aa6eff6da301efacfdc3ef5609ad3486b5634ea2325bf4b679e18f3f5d7fdd7 height=117 version=0x20000000 log2_work=7.882643 tx=118 date='2025-10-26T18:28:05Z' progress=1.000000 cache=0.3MiB(117txo)
2025-10-26T18:27:45Z Saw new header hash=36363b2029cb23296de710a2ee631eb170f59111de7be857bfda85823e1519cb height=118
2025-10-26T18:27:45Z Saw new cmpctblock header hash=36363b2029cb23296de710a2ee631eb170f59111de7be857bfda85823e1519cb peer=0
2025-10-26T18:27:45Z UpdateTip: new best=36363b2029cb23296de710a2ee631eb170f59111de7be857bfda85823e1519cb height=118 version=0x20000000 log2_work=7.894818 tx=119 date='2025-10-26T18:28:05Z' progress=1.000000 cache=0.3MiB(118txo)
2025-10-26T18:27:45Z Saw new header hash=0a0c0cd303115cb5c7463471b33a49d5199e9707603544ce39c8b297d1c000bd height=119
2025-10-26T18:27:45Z Saw new cmpctblock header hash=0a0c0cd303115cb5c7463471b33a49d5199e9707603544ce39c8b297d1c000bd peer=2
2025-10-26T18:27:45Z UpdateTip: new best=0a0c0cd303115cb5c7463471b33a49d5199e9707603544ce39c8b297d1c000bd height=119 version=0x20000000 log2_work=7.906891 tx=120 date='2025-10-26T18:28:05Z' progress=1.000000 cache=0.3MiB(119txo)
2025-10-26T18:27:45Z Saw new header hash=7d4a40a29a02aadc69a921ec5306de0473142434e99a93640652bebb11130404 height=120
2025-10-26T18:27:45Z Saw new cmpctblock header hash=7d4a40a29a02aadc69a921ec5306de0473142434e99a93640652bebb11130404 peer=0
2025-10-26T18:27:45Z UpdateTip: new best=7d4a40a29a02aadc69a921ec5306de0473142434e99a93640652bebb11130404 height=120 version=0x20000000 log2_work=7.918863 tx=121 date='2025-10-26T18:28:05Z' progress=1.000000 cache=0.3MiB(120txo)
2025-10-26T18:27:45Z Saw new header hash=46f7fdadadba0fe4655c40c5adaaf719387d83ef7190a797fa8f0c6e7f81eb11 height=121
2025-10-26T18:27:45Z Saw new cmpctblock header hash=46f7fdadadba0fe4655c40c5adaaf719387d83ef7190a797fa8f0c6e7f81eb11 peer=0
2025-10-26T18:27:45Z UpdateTip: new best=46f7fdadadba0fe4655c40c5adaaf719387d83ef7190a797fa8f0c6e7f81eb11 height=121 version=0x20000000 log2_work=7.930737 tx=122 date='2025-10-26T18:28:05Z' progress=1.000000 cache=0.3MiB(121txo)
2025-10-26T18:27:45Z Saw new header hash=61e461449842a6836a6197d2fa09d71dad0d853d93335b548efe9d45c4b4d80d height=122
2025-10-26T18:27:45Z Saw new cmpctblock header hash=61e461449842a6836a6197d2fa09d71dad0d853d93335b548efe9d45c4b4d80d peer=0
2025-10-26T18:27:45Z UpdateTip: new best=61e461449842a6836a6197d2fa09d71dad0d853d93335b548efe9d45c4b4d80d height=122 version=0x20000000 log2_work=7.942515 tx=123 date='2025-10-26T18:28:06Z' progress=1.000000 cache=0.3MiB(122txo)
2025-10-26T18:27:45Z Saw new header hash=797a4086722f179ee23ed648e66ec2c68f34fe0c5992c22b78eacc4523d9c231 height=123
2025-10-26T18:27:45Z Saw new cmpctblock header hash=797a4086722f179ee23ed648e66ec2c68f34fe0c5992c22b78eacc4523d9c231 peer=2
2025-10-26T18:27:45Z UpdateTip: new best=797a4086722f179ee23ed648e66ec2c68f34fe0c5992c22b78eacc4523d9c231 height=123 version=0x20000000 log2_work=7.954196 tx=124 date='2025-10-26T18:28:06Z' progress=1.000000 cache=0.3MiB(123txo)
2025-10-26T18:27:46Z Saw new header hash=08e4f5e54a560bf9ff01107a8911f321c2fb5c4bf88360c4d8e39938ed31074c height=124
2025-10-26T18:27:46Z Saw new cmpctblock header hash=08e4f5e54a560bf9ff01107a8911f321c2fb5c4bf88360c4d8e39938ed31074c peer=2
2025-10-26T18:27:46Z UpdateTip: new best=08e4f5e54a560bf9ff01107a8911f321c2fb5c4bf88360c4d8e39938ed31074c height=124 version=0x20000000 log2_work=7.965784 tx=125 date='2025-10-26T18:28:06Z' progress=1.000000 cache=0.3MiB(124txo)
2025-10-26T18:27:46Z Saw new header hash=7eb393abb09cef284f3495adcb7a93424a0d013e34e72513dd802b8d70f8e7a7 height=125
2025-10-26T18:27:46Z Saw new cmpctblock header hash=7eb393abb09cef284f3495adcb7a93424a0d013e34e72513dd802b8d70f8e7a7 peer=0
2025-10-26T18:27:46Z UpdateTip: new best=7eb393abb09cef284f3495adcb7a93424a0d013e34e72513dd802b8d70f8e7a7 height=125 version=0x20000000 log2_work=7.977280 tx=126 date='2025-10-26T18:28:06Z' progress=1.000000 cache=0.3MiB(125txo)
2025-10-26T18:27:46Z Saw new header hash=7040f769309b047b38037564d431bf4fb8bff319a5d7273af2abbfd2a6cea949 height=126
2025-10-26T18:27:46Z Saw new cmpctblock header hash=7040f769309b047b38037564d431bf4fb8bff319a5d7273af2abbfd2a6cea949 peer=0
2025-10-26T18:27:46Z UpdateTip: new best=7040f769309b047b38037564d431bf4fb8bff319a5d7273af2abbfd2a6cea949 height=126 version=0x20000000 log2_work=7.988685 tx=127 date='2025-10-26T18:28:06Z' progress=1.000000 cache=0.3MiB(126txo)
2025-10-26T18:27:46Z Saw new header hash=781543acd4ca921f78fcd4fa08c88768129c642e58bc865104caca0c2a4c9255 height=127
2025-10-26T18:27:46Z Saw new cmpctblock header hash=781543acd4ca921f78fcd4fa08c88768129c642e58bc865104caca0c2a4c9255 peer=2
2025-10-26T18:27:46Z UpdateTip: new best=781543acd4ca921f78fcd4fa08c88768129c642e58bc865104caca0c2a4c9255 height=127 version=0x20000000 log2_work=8.000000 tx=128 date='2025-10-26T18:28:06Z' progress=1.000000 cache=0.3MiB(127txo)
2025-10-26T18:27:46Z Saw new header hash=59069f8505da6d4fb599cfa305cb580bb90a73c245b78d44a87e2ccde2e7dc5a height=128
2025-10-26T18:27:46Z Saw new cmpctblock header hash=59069f8505da6d4fb599cfa305cb580bb90a73c245b78d44a87e2ccde2e7dc5a peer=0
2025-10-26T18:27:46Z UpdateTip: new best=59069f8505da6d4fb599cfa305cb580bb90a73c245b78d44a87e2ccde2e7dc5a height=128 version=0x20000000 log2_work=8.011227 tx=129 date='2025-10-26T18:28:07Z' progress=1.000000 cache=0.3MiB(128txo)
2025-10-26T18:27:46Z Saw new header hash=55507e3e4b6aba5ecef1f1bd450f3017b96560812e07d03f105390207fb3fa1d height=129
2025-10-26T18:27:46Z Saw new cmpctblock header hash=55507e3e4b6aba5ecef1f1bd450f3017b96560812e07d03f105390207fb3fa1d peer=0
2025-10-26T18:27:46Z UpdateTip: new best=55507e3e4b6aba5ecef1f1bd450f3017b96560812e07d03f105390207fb3fa1d height=129 version=0x20000000 log2_work=8.022368 tx=130 date='2025-10-26T18:28:07Z' progress=1.000000 cache=0.3MiB(129txo)
2025-10-26T18:27:46Z Saw new header hash=4409357786c48a0aa77cfcc59bc175f581c2713ce44e580776ae43b2211bc11b height=130
2025-10-26T18:27:46Z Saw new cmpctblock header hash=4409357786c48a0aa77cfcc59bc175f581c2713ce44e580776ae43b2211bc11b peer=0
2025-10-26T18:27:46Z UpdateTip: new best=4409357786c48a0aa77cfcc59bc175f581c2713ce44e580776ae43b2211bc11b height=130 version=0x20000000 log2_work=8.033423 tx=131 date='2025-10-26T18:28:07Z' progress=1.000000 cache=0.3MiB(130txo)
2025-10-26T18:27:46Z Saw new header hash=1439fe8131bc975a8221e4486bc103ea500df4e1f99f2ce0f805eaf78bd8de38 height=131
2025-10-26T18:27:46Z Saw new cmpctblock header hash=1439fe8131bc975a8221e4486bc103ea500df4e1f99f2ce0f805eaf78bd8de38 peer=2
2025-10-26T18:27:46Z UpdateTip: new best=1439fe8131bc975a8221e4486bc103ea500df4e1f99f2ce0f805eaf78bd8de38 height=131 version=0x20000000 log2_work=8.044394 tx=132 date='2025-10-26T18:28:07Z' progress=1.000000 cache=0.3MiB(131txo)
2025-10-26T18:27:46Z Saw new header hash=544edc3f042a2fbf913f62335afa1e4e2495aa9a02fa7fff4023c72f04fed04c height=132
2025-10-26T18:27:46Z Saw new cmpctblock header hash=544edc3f042a2fbf913f62335afa1e4e2495aa9a02fa7fff4023c72f04fed04c peer=0
2025-10-26T18:27:46Z UpdateTip: new best=544edc3f042a2fbf913f62335afa1e4e2495aa9a02fa7fff4023c72f04fed04c height=132 version=0x20000000 log2_work=8.055282 tx=133 date='2025-10-26T18:28:07Z' progress=1.000000 cache=0.3MiB(132txo)
2025-10-26T18:27:46Z Saw new header hash=31ffa1530ebed4afb6766417a65ccd3d54ce0d34d2d055dc9e75a520aeff95ba height=133
2025-10-26T18:27:46Z Saw new cmpctblock header hash=31ffa1530ebed4afb6766417a65ccd3d54ce0d34d2d055dc9e75a520aeff95ba peer=0
2025-10-26T18:27:46Z UpdateTip: new best=31ffa1530ebed4afb6766417a65ccd3d54ce0d34d2d055dc9e75a520aeff95ba height=133 version=0x20000000 log2_work=8.066089 tx=134 date='2025-10-26T18:28:07Z' progress=1.000000 cache=0.3MiB(133txo)
2025-10-26T18:27:46Z Saw new header hash=737335877a29a99dc8f4295c79fb71677153f966eff871772d85f24c07aadf9d height=134
2025-10-26T18:27:46Z Saw new cmpctblock header hash=737335877a29a99dc8f4295c79fb71677153f966eff871772d85f24c07aadf9d peer=2
2025-10-26T18:27:46Z UpdateTip: new best=737335877a29a99dc8f4295c79fb71677153f966eff871772d85f24c07aadf9d height=134 version=0x20000000 log2_work=8.076816 tx=135 date='2025-10-26T18:28:08Z' progress=1.000000 cache=0.3MiB(134txo)
2025-10-26T18:27:46Z Saw new header hash=535294f6a1fc3a4ae3a171741c94f6f22f3a4415fbdd31e63efd8479fc115857 height=135
2025-10-26T18:27:46Z Saw new cmpctblock header hash=535294f6a1fc3a4ae3a171741c94f6f22f3a4415fbdd31e63efd8479fc115857 peer=0
2025-10-26T18:27:46Z UpdateTip: new best=535294f6a1fc3a4ae3a171741c94f6f22f3a4415fbdd31e63efd8479fc115857 height=135 version=0x20000000 log2_work=8.087463 tx=136 date='2025-10-26T18:28:08Z' progress=1.000000 cache=0.3MiB(135txo)
2025-10-26T18:27:46Z Saw new header hash=7e3c81d067ec2cdb12825d020cc172c6e6696596b721e7d403a19d43ac08faf1 height=136
2025-10-26T18:27:46Z Saw new cmpctblock header hash=7e3c81d067ec2cdb12825d020cc172c6e6696596b721e7d403a19d43ac08faf1 peer=0
2025-10-26T18:27:46Z UpdateTip: new best=7e3c81d067ec2cdb12825d020cc172c6e6696596b721e7d403a19d43ac08faf1 height=136 version=0x20000000 log2_work=8.098032 tx=137 date='2025-10-26T18:28:08Z' progress=1.000000 cache=0.3MiB(136txo)
2025-10-26T18:27:46Z Saw new header hash=523c45c8a2ed9c8ffd4e650e8e11faadf0ead3b86dda9b8c57e867c6176b254d height=137
2025-10-26T18:27:46Z Saw new cmpctblock header hash=523c45c8a2ed9c8ffd4e650e8e11faadf0ead3b86dda9b8c57e867c6176b254d peer=0
2025-10-26T18:27:46Z UpdateTip: new best=523c45c8a2ed9c8ffd4e650e8e11faadf0ead3b86dda9b8c57e867c6176b254d height=137 version=0x20000000 log2_work=8.108524 tx=138 date='2025-10-26T18:28:08Z' progress=1.000000 cache=0.3MiB(137txo)
2025-10-26T18:27:46Z Saw new header hash=2d6139253ce8044dd07227fbdd26602385cf954c51e6651033edbe893fd58484 height=138
2025-10-26T18:27:46Z Saw new cmpctblock header hash=2d6139253ce8044dd07227fbdd26602385cf954c51e6651033edbe893fd58484 peer=0
2025-10-26T18:27:46Z UpdateTip: new best=2d6139253ce8044dd07227fbdd26602385cf954c51e6651033edbe893fd58484 height=138 version=0x20000000 log2_work=8.118941 tx=139 date='2025-10-26T18:28:08Z' progress=1.000000 cache=0.3MiB(138txo)
2025-10-26T18:27:46Z Saw new header hash=3ef3ebef616e973a15ddf8ecc4aae2de6455be80fd3d16ffd17495b7560efaed height=139
2025-10-26T18:27:46Z Saw new cmpctblock header hash=3ef3ebef616e973a15ddf8ecc4aae2de6455be80fd3d16ffd17495b7560efaed peer=2
2025-10-26T18:27:46Z UpdateTip: new best=3ef3ebef616e973a15ddf8ecc4aae2de6455be80fd3d16ffd17495b7560efaed height=139 version=0x20000000 log2_work=8.129283 tx=140 date='2025-10-26T18:28:08Z' progress=1.000000 cache=0.3MiB(139txo)
2025-10-26T18:27:46Z Saw new header hash=6c600f312b5b0d97cd2ab7f7a071fbeca3b2cb4741e35e75c762dded0f49c547 height=140
2025-10-26T18:27:46Z Saw new cmpctblock header hash=6c600f312b5b0d97cd2ab7f7a071fbeca3b2cb4741e35e75c762dded0f49c547 peer=0
2025-10-26T18:27:46Z UpdateTip: new best=6c600f312b5b0d97cd2ab7f7a071fbeca3b2cb4741e35e75c762dded0f49c547 height=140 version=0x20000000 log2_work=8.139551 tx=141 date='2025-10-26T18:28:09Z' progress=1.000000 cache=0.3MiB(140txo)
2025-10-26T18:27:46Z Saw new header hash=3903894f7f7e53c92b0aa19549b2d56702b84bd9ff7686160aaf3f4b848524d0 height=141
2025-10-26T18:27:46Z Saw new cmpctblock header hash=3903894f7f7e53c92b0aa19549b2d56702b84bd9ff7686160aaf3f4b848524d0 peer=2
2025-10-26T18:27:46Z UpdateTip: new best=3903894f7f7e53c92b0aa19549b2d56702b84bd9ff7686160aaf3f4b848524d0 height=141 version=0x20000000 log2_work=8.149747 tx=142 date='2025-10-26T18:28:09Z' progress=1.000000 cache=0.3MiB(141txo)
2025-10-26T18:27:46Z Saw new header hash=31f2c54513e8ab136e9c03b2d8bfeb9b2451323502e710936eec31fc19d42298 height=142
2025-10-26T18:27:46Z Saw new cmpctblock header hash=31f2c54513e8ab136e9c03b2d8bfeb9b2451323502e710936eec31fc19d42298 peer=0
2025-10-26T18:27:46Z UpdateTip: new best=31f2c54513e8ab136e9c03b2d8bfeb9b2451323502e710936eec31fc19d42298 height=142 version=0x20000000 log2_work=8.159871 tx=143 date='2025-10-26T18:28:09Z' progress=1.000000 cache=0.3MiB(142txo)
2025-10-26T18:27:46Z Saw new header hash=42467fb0f5edfcb25b214364fd74a71a6e9e4af3cde7e76788a92833f00f004d height=143
2025-10-26T18:27:46Z Saw new cmpctblock header hash=42467fb0f5edfcb25b214364fd74a71a6e9e4af3cde7e76788a92833f00f004d peer=2
2025-10-26T18:27:46Z UpdateTip: new best=42467fb0f5edfcb25b214364fd74a71a6e9e4af3cde7e76788a92833f00f004d height=143 version=0x20000000 log2_work=8.169925 tx=144 date='2025-10-26T18:28:09Z' progress=1.000000 cache=0.3MiB(143txo)
2025-10-26T18:27:46Z Saw new header hash=1377b51c92a7d930713f2ef5c988462091b20d736372b61f364362b38ca83653 height=144
2025-10-26T18:27:46Z Saw new cmpctblock header hash=1377b51c92a7d930713f2ef5c988462091b20d736372b61f364362b38ca83653 peer=0
2025-10-26T18:27:46Z UpdateTip: new best=1377b51c92a7d930713f2ef5c988462091b20d736372b61f364362b38ca83653 height=144 version=0x30000000 log2_work=8.179909 tx=145 date='2025-10-26T18:28:09Z' progress=1.000000 cache=0.3MiB(144txo)
2025-10-26T18:27:46Z Saw new header hash=2d81f6fecaf4fc2d455e465dea526a3127565bd8557cca4bce9474f9203c13d1 height=145
2025-10-26T18:27:46Z Saw new cmpctblock header hash=2d81f6fecaf4fc2d455e465dea526a3127565bd8557cca4bce9474f9203c13d1 peer=0
2025-10-26T18:27:46Z UpdateTip: new best=2d81f6fecaf4fc2d455e465dea526a3127565bd8557cca4bce9474f9203c13d1 height=145 version=0x30000000 log2_work=8.189825 tx=146 date='2025-10-26T18:28:09Z' progress=1.000000 cache=0.3MiB(145txo)
2025-10-26T18:27:46Z Saw new header hash=69f00f63eb016bf499365037ff7ce4a47083f386dd2763fd26b3667e7720722d height=146
2025-10-26T18:27:46Z Saw new cmpctblock header hash=69f00f63eb016bf499365037ff7ce4a47083f386dd2763fd26b3667e7720722d peer=0
2025-10-26T18:27:46Z UpdateTip: new best=69f00f63eb016bf499365037ff7ce4a47083f386dd2763fd26b3667e7720722d height=146 version=0x30000000 log2_work=8.199672 tx=147 date='2025-10-26T18:28:10Z' progress=1.000000 cache=0.3MiB(146txo)
2025-10-26T18:27:46Z Saw new header hash=6b7d20100b2004b13a722b29c5179163fe9aab5e85451f232384c7f695b22e4c height=147
2025-10-26T18:27:46Z Saw new cmpctblock header hash=6b7d20100b2004b13a722b29c5179163fe9aab5e85451f232384c7f695b22e4c peer=0
2025-10-26T18:27:46Z UpdateTip: new best=6b7d20100b2004b13a722b29c5179163fe9aab5e85451f232384c7f695b22e4c height=147 version=0x30000000 log2_work=8.209453 tx=148 date='2025-10-26T18:28:10Z' progress=1.000000 cache=0.3MiB(147txo)
2025-10-26T18:27:46Z Saw new header hash=30f136e834ea1369a370b379aebdaf2cb6a7525375dd0103aed45004158575e9 height=148
2025-10-26T18:27:46Z Saw new cmpctblock header hash=30f136e834ea1369a370b379aebdaf2cb6a7525375dd0103aed45004158575e9 peer=0
2025-10-26T18:27:46Z UpdateTip: new best=30f136e834ea1369a370b379aebdaf2cb6a7525375dd0103aed45004158575e9 height=148 version=0x30000000 log2_work=8.219169 tx=149 date='2025-10-26T18:28:10Z' progress=1.000000 cache=0.3MiB(148txo)
2025-10-26T18:27:46Z Saw new header hash=798844f3b2b3459a6b66b9a7f337b450bc1f1ca0894c1e937b7779bf03293421 height=149
2025-10-26T18:27:46Z Saw new cmpctblock header hash=798844f3b2b3459a6b66b9a7f337b450bc1f1ca0894c1e937b7779bf03293421 peer=0
2025-10-26T18:27:46Z UpdateTip: new best=798844f3b2b3459a6b66b9a7f337b450bc1f1ca0894c1e937b7779bf03293421 height=149 version=0x30000000 log2_work=8.228819 tx=150 date='2025-10-26T18:28:10Z' progress=1.000000 cache=0.3MiB(149txo)
2025-10-26T18:27:46Z Saw new header hash=0c8de6cc156c43adfdb031cd13e91796255af616583b89af7ec3f64b00a6511e height=150
2025-10-26T18:27:46Z Saw new cmpctblock header hash=0c8de6cc156c43adfdb031cd13e91796255af616583b89af7ec3f64b00a6511e peer=2
2025-10-26T18:27:46Z UpdateTip: new best=0c8de6cc156c43adfdb031cd13e91796255af616583b89af7ec3f64b00a6511e height=150 version=0x30000000 log2_work=8.238405 tx=151 date='2025-10-26T18:28:10Z' progress=1.000000 cache=0.3MiB(150txo)
2025-10-26T18:27:46Z Saw new header hash=649bc1fed4991589347f0b4e19f63b1ab8fb34f3181f0ccf95250c259122a1e9 height=151
2025-10-26T18:27:46Z Saw new cmpctblock header hash=649bc1fed4991589347f0b4e19f63b1ab8fb34f3181f0ccf95250c259122a1e9 peer=0
2025-10-26T18:27:46Z UpdateTip: new best=649bc1fed4991589347f0b4e19f63b1ab8fb34f3181f0ccf95250c259122a1e9 height=151 version=0x30000000 log2_work=8.247928 tx=152 date='2025-10-26T18:28:10Z' progress=1.000000 cache=0.3MiB(151txo)
2025-10-26T18:27:46Z Saw new header hash=0d7741abf6b8fe715266a6d6a022cdd3d3bd511eb000dc019d9532d3d0140922 height=152
2025-10-26T18:27:46Z Saw new cmpctblock header hash=0d7741abf6b8fe715266a6d6a022cdd3d3bd511eb000dc019d9532d3d0140922 peer=0
2025-10-26T18:27:46Z UpdateTip: new best=0d7741abf6b8fe715266a6d6a022cdd3d3bd511eb000dc019d9532d3d0140922 height=152 version=0x30000000 log2_work=8.257388 tx=153 date='2025-10-26T18:28:11Z' progress=1.000000 cache=0.3MiB(152txo)
2025-10-26T18:27:46Z Saw new header hash=5930f3f28d0e53b88ffd82f51ebd2eaca98c9f58c3e2009810c690cd99c1379e height=153
2025-10-26T18:27:46Z Saw new cmpctblock header hash=5930f3f28d0e53b88ffd82f51ebd2eaca98c9f58c3e2009810c690cd99c1379e peer=2
2025-10-26T18:27:46Z UpdateTip: new best=5930f3f28d0e53b88ffd82f51ebd2eaca98c9f58c3e2009810c690cd99c1379e height=153 version=0x30000000 log2_work=8.266787 tx=154 date='2025-10-26T18:28:11Z' progress=1.000000 cache=0.3MiB(153txo)
2025-10-26T18:27:46Z Saw new header hash=591c79010b328997a05df850cc59e9d8ee4c93fae78cf7bf36eb19ab16fc2532 height=154
2025-10-26T18:27:46Z Saw new cmpctblock header hash=591c79010b328997a05df850cc59e9d8ee4c93fae78cf7bf36eb19ab16fc2532 peer=0
2025-10-26T18:27:46Z UpdateTip: new best=591c79010b328997a05df850cc59e9d8ee4c93fae78cf7bf36eb19ab16fc2532 height=154 version=0x30000000 log2_work=8.276124 tx=155 date='2025-10-26T18:28:11Z' progress=1.000000 cache=0.3MiB(154txo)
2025-10-26T18:27:46Z Saw new header hash=0691a819f64d779e9dc0231abf3511162d4bf907a1097cb509794679fc3909a4 height=155
2025-10-26T18:27:46Z Saw new cmpctblock header hash=0691a819f64d779e9dc0231abf3511162d4bf907a1097cb509794679fc3909a4 peer=0
2025-10-26T18:27:46Z UpdateTip: new best=0691a819f64d779e9dc0231abf3511162d4bf907a1097cb509794679fc3909a4 height=155 version=0x30000000 log2_work=8.285402 tx=156 date='2025-10-26T18:28:11Z' progress=1.000000 cache=0.3MiB(155txo)
2025-10-26T18:27:46Z Saw new header hash=11f498e4b51df19c490584633bb052bce40e637fcf3ac4f5aacaeaab0ddaa26d height=156
2025-10-26T18:27:46Z Saw new cmpctblock header hash=11f498e4b51df19c490584633bb052bce40e637fcf3ac4f5aacaeaab0ddaa26d peer=2
2025-10-26T18:27:46Z UpdateTip: new best=11f498e4b51df19c490584633bb052bce40e637fcf3ac4f5aacaeaab0ddaa26d height=156 version=0x30000000 log2_work=8.294621 tx=157 date='2025-10-26T18:28:11Z' progress=1.000000 cache=0.3MiB(156txo)
2025-10-26T18:27:46Z Saw new header hash=0f733e97f2d77f4f2810df72bfa55f89649d7f4871be4100f8259faf9713e41b height=157
2025-10-26T18:27:46Z Saw new cmpctblock header hash=0f733e97f2d77f4f2810df72bfa55f89649d7f4871be4100f8259faf9713e41b peer=0
2025-10-26T18:27:46Z UpdateTip: new best=0f733e97f2d77f4f2810df72bfa55f89649d7f4871be4100f8259faf9713e41b height=157 version=0x30000000 log2_work=8.303781 tx=158 date='2025-10-26T18:28:11Z' progress=1.000000 cache=0.3MiB(157txo)
2025-10-26T18:27:46Z Saw new header hash=0ba6defd7e94b97764a1fdd6be1a04c30aa5103f9867391d1b7b8fea03006887 height=158
2025-10-26T18:27:46Z Saw new cmpctblock header hash=0ba6defd7e94b97764a1fdd6be1a04c30aa5103f9867391d1b7b8fea03006887 peer=0
2025-10-26T18:27:46Z UpdateTip: new best=0ba6defd7e94b97764a1fdd6be1a04c30aa5103f9867391d1b7b8fea03006887 height=158 version=0x30000000 log2_work=8.312883 tx=159 date='2025-10-26T18:28:12Z' progress=1.000000 cache=0.3MiB(158txo)
2025-10-26T18:27:46Z Saw new header hash=78d5f9c8892f235ac4bae78c3a381bc76cad7068a5be526e8bc960445e002bd5 height=159
2025-10-26T18:27:46Z Saw new cmpctblock header hash=78d5f9c8892f235ac4bae78c3a381bc76cad7068a5be526e8bc960445e002bd5 peer=2
2025-10-26T18:27:46Z UpdateTip: new best=78d5f9c8892f235ac4bae78c3a381bc76cad7068a5be526e8bc960445e002bd5 height=159 version=0x30000000 log2_work=8.321928 tx=160 date='2025-10-26T18:28:12Z' progress=1.000000 cache=0.3MiB(159txo)
2025-10-26T18:27:46Z Saw new header hash=5296cdf191ec968156119820ee9bcd5c7944da7d42ca772ed54f6fdd7eea4cb1 height=160
2025-10-26T18:27:46Z Saw new cmpctblock header hash=5296cdf191ec968156119820ee9bcd5c7944da7d42ca772ed54f6fdd7eea4cb1 peer=0
2025-10-26T18:27:46Z UpdateTip: new best=5296cdf191ec968156119820ee9bcd5c7944da7d42ca772ed54f6fdd7eea4cb1 height=160 version=0x30000000 log2_work=8.330917 tx=161 date='2025-10-26T18:28:12Z' progress=1.000000 cache=0.3MiB(160txo)
2025-10-26T18:27:46Z Saw new header hash=67985042ada9864110aac02252fa7ac8866ebf7f5b428228832b241d68cb3d3b height=161
2025-10-26T18:27:46Z Saw new cmpctblock header hash=67985042ada9864110aac02252fa7ac8866ebf7f5b428228832b241d68cb3d3b peer=2
2025-10-26T18:27:46Z UpdateTip: new best=67985042ada9864110aac02252fa7ac8866ebf7f5b428228832b241d68cb3d3b height=161 version=0x30000000 log2_work=8.339850 tx=162 date='2025-10-26T18:28:12Z' progress=1.000000 cache=0.3MiB(161txo)
2025-10-26T18:27:46Z Saw new header hash=0a5c2fededdcafe9f92ae1dcce10eb0e5295694a728a8a79acb8f932c1f96c65 height=162
2025-10-26T18:27:46Z Saw new cmpctblock header hash=0a5c2fededdcafe9f92ae1dcce10eb0e5295694a728a8a79acb8f932c1f96c65 peer=2
2025-10-26T18:27:46Z UpdateTip: new best=0a5c2fededdcafe9f92ae1dcce10eb0e5295694a728a8a79acb8f932c1f96c65 height=162 version=0x30000000 log2_work=8.348728 tx=163 date='2025-10-26T18:28:12Z' progress=1.000000 cache=0.3MiB(162txo)
2025-10-26T18:27:46Z Saw new header hash=3cac6e6dfd959e1c4bd4a4d7ab82aae7d7fa5c2f79d03621177698f4e33f7555 height=163
2025-10-26T18:27:46Z Saw new cmpctblock header hash=3cac6e6dfd959e1c4bd4a4d7ab82aae7d7fa5c2f79d03621177698f4e33f7555 peer=2
2025-10-26T18:27:46Z UpdateTip: new best=3cac6e6dfd959e1c4bd4a4d7ab82aae7d7fa5c2f79d03621177698f4e33f7555 height=163 version=0x30000000 log2_work=8.357552 tx=164 date='2025-10-26T18:28:12Z' progress=1.000000 cache=0.3MiB(163txo)
2025-10-26T18:27:46Z Saw new header hash=7626429d911838106515936d5c4062e13f469ce6bea5be090d7fe4f76a9ace98 height=164
2025-10-26T18:27:46Z Saw new cmpctblock header hash=7626429d911838106515936d5c4062e13f469ce6bea5be090d7fe4f76a9ace98 peer=0
2025-10-26T18:27:46Z UpdateTip: new best=7626429d911838106515936d5c4062e13f469ce6bea5be090d7fe4f76a9ace98 height=164 version=0x30000000 log2_work=8.366322 tx=165 date='2025-10-26T18:28:13Z' progress=1.000000 cache=0.3MiB(164txo)
2025-10-26T18:27:46Z Saw new header hash=047b1b2e9426e46e07579b566f946ffc35df3195b950ebbe68850cf9c1e27ab1 height=165
2025-10-26T18:27:46Z Saw new cmpctblock header hash=047b1b2e9426e46e07579b566f946ffc35df3195b950ebbe68850cf9c1e27ab1 peer=2
2025-10-26T18:27:46Z UpdateTip: new best=047b1b2e9426e46e07579b566f946ffc35df3195b950ebbe68850cf9c1e27ab1 height=165 version=0x30000000 log2_work=8.375039 tx=166 date='2025-10-26T18:28:13Z' progress=1.000000 cache=0.3MiB(165txo)
2025-10-26T18:27:46Z Saw new header hash=7d737a42c65d92d1055b8afcf4a5b09abece10833e33c3b727f8831b5fe61802 height=166
2025-10-26T18:27:46Z Saw new cmpctblock header hash=7d737a42c65d92d1055b8afcf4a5b09abece10833e33c3b727f8831b5fe61802 peer=0
2025-10-26T18:27:46Z UpdateTip: new best=7d737a42c65d92d1055b8afcf4a5b09abece10833e33c3b727f8831b5fe61802 height=166 version=0x30000000 log2_work=8.383704 tx=167 date='2025-10-26T18:28:13Z' progress=1.000000 cache=0.3MiB(166txo)
2025-10-26T18:27:46Z Saw new header hash=1108c51f560a465982ee36c939ee2243841a13fdbb26eda2cf3c4e593af12188 height=167
2025-10-26T18:27:46Z Saw new cmpctblock header hash=1108c51f560a465982ee36c939ee2243841a13fdbb26eda2cf3c4e593af12188 peer=2
2025-10-26T18:27:46Z UpdateTip: new best=1108c51f560a465982ee36c939ee2243841a13fdbb26eda2cf3c4e593af12188 height=167 version=0x30000000 log2_work=8.392317 tx=168 date='2025-10-26T18:28:13Z' progress=1.000000 cache=0.3MiB(167txo)
2025-10-26T18:27:46Z Saw new header hash=11115a0900e3e877ca8809743cd71a2fd360515135e0c4e7db70435dec53e130 height=168
2025-10-26T18:27:46Z Saw new cmpctblock header hash=11115a0900e3e877ca8809743cd71a2fd360515135e0c4e7db70435dec53e130 peer=2
2025-10-26T18:27:46Z UpdateTip: new best=11115a0900e3e877ca8809743cd71a2fd360515135e0c4e7db70435dec53e130 height=168 version=0x30000000 log2_work=8.400879 tx=169 date='2025-10-26T18:28:13Z' progress=1.000000 cache=0.3MiB(168txo)
2025-10-26T18:27:46Z Saw new header hash=2ab8d8501c97c59f00aff5b0295678a18f71397e9728515b87bb7d371be81561 height=169
2025-10-26T18:27:46Z Saw new cmpctblock header hash=2ab8d8501c97c59f00aff5b0295678a18f71397e9728515b87bb7d371be81561 peer=2
2025-10-26T18:27:46Z UpdateTip: new best=2ab8d8501c97c59f00aff5b0295678a18f71397e9728515b87bb7d371be81561 height=169 version=0x30000000 log2_work=8.409391 tx=170 date='2025-10-26T18:28:13Z' progress=1.000000 cache=0.3MiB(169txo)
2025-10-26T18:27:46Z Saw new header hash=2fcedf9591e1d44a31db6e2b2e3d694c1ac17a9273faecabb674e4efcae23518 height=170
2025-10-26T18:27:46Z Saw new cmpctblock header hash=2fcedf9591e1d44a31db6e2b2e3d694c1ac17a9273faecabb674e4efcae23518 peer=0
2025-10-26T18:27:46Z UpdateTip: new best=2fcedf9591e1d44a31db6e2b2e3d694c1ac17a9273faecabb674e4efcae23518 height=170 version=0x30000000 log2_work=8.417853 tx=171 date='2025-10-26T18:28:14Z' progress=1.000000 cache=0.3MiB(170txo)
2025-10-26T18:27:46Z Saw new header hash=0fa13d504682ff454e75e1f05f9ab4c3df4fd1afbbd994f4814f8aaf9aa192bf height=171
2025-10-26T18:27:46Z Saw new cmpctblock header hash=0fa13d504682ff454e75e1f05f9ab4c3df4fd1afbbd994f4814f8aaf9aa192bf peer=0
2025-10-26T18:27:46Z UpdateTip: new best=0fa13d504682ff454e75e1f05f9ab4c3df4fd1afbbd994f4814f8aaf9aa192bf height=171 version=0x30000000 log2_work=8.426265 tx=172 date='2025-10-26T18:28:14Z' progress=1.000000 cache=0.3MiB(171txo)
2025-10-26T18:27:46Z Saw new header hash=17e80431fef0280ff609dcdec632d8162704517199c42504c54980089ac3193e height=172
2025-10-26T18:27:46Z Saw new cmpctblock header hash=17e80431fef0280ff609dcdec632d8162704517199c42504c54980089ac3193e peer=2
2025-10-26T18:27:46Z UpdateTip: new best=17e80431fef0280ff609dcdec632d8162704517199c42504c54980089ac3193e height=172 version=0x30000000 log2_work=8.434628 tx=173 date='2025-10-26T18:28:14Z' progress=1.000000 cache=0.3MiB(172txo)
2025-10-26T18:27:46Z Saw new header hash=6d31f79327e6951e962c2c7ea7fafde66f6c2f6dbe22cb42c2c7e408d4459574 height=173
2025-10-26T18:27:46Z Saw new cmpctblock header hash=6d31f79327e6951e962c2c7ea7fafde66f6c2f6dbe22cb42c2c7e408d4459574 peer=0
2025-10-26T18:27:46Z UpdateTip: new best=6d31f79327e6951e962c2c7ea7fafde66f6c2f6dbe22cb42c2c7e408d4459574 height=173 version=0x30000000 log2_work=8.442943 tx=174 date='2025-10-26T18:28:14Z' progress=1.000000 cache=0.3MiB(173txo)
2025-10-26T18:27:46Z Saw new header hash=55fb08a44a397316d716dd9963bcdaa2258aebe91df5088b2d0a1c50fa8ed1f0 height=174
2025-10-26T18:27:46Z Saw new cmpctblock header hash=55fb08a44a397316d716dd9963bcdaa2258aebe91df5088b2d0a1c50fa8ed1f0 peer=0
2025-10-26T18:27:46Z UpdateTip: new best=55fb08a44a397316d716dd9963bcdaa2258aebe91df5088b2d0a1c50fa8ed1f0 height=174 version=0x30000000 log2_work=8.451211 tx=175 date='2025-10-26T18:28:14Z' progress=1.000000 cache=0.3MiB(174txo)
2025-10-26T18:27:46Z Saw new header hash=19147f409037bc3fc4a953d1d468b6884b53b4bae742bc638360b1ddd9d4aa5d height=175
2025-10-26T18:27:46Z Saw new cmpctblock header hash=19147f409037bc3fc4a953d1d468b6884b53b4bae742bc638360b1ddd9d4aa5d peer=2
2025-10-26T18:27:46Z UpdateTip: new best=19147f409037bc3fc4a953d1d468b6884b53b4bae742bc638360b1ddd9d4aa5d height=175 version=0x30000000 log2_work=8.459432 tx=176 date='2025-10-26T18:28:14Z' progress=1.000000 cache=0.3MiB(175txo)
2025-10-26T18:27:46Z Saw new header hash=004b62e68510c92bdc805a9f6b55fa55570802b818f220145f05527e6cc928cd height=176
2025-10-26T18:27:46Z Saw new cmpctblock header hash=004b62e68510c92bdc805a9f6b55fa55570802b818f220145f05527e6cc928cd peer=2
2025-10-26T18:27:46Z UpdateTip: new best=004b62e68510c92bdc805a9f6b55fa55570802b818f220145f05527e6cc928cd height=176 version=0x30000000 log2_work=8.467606 tx=177 date='2025-10-26T18:28:15Z' progress=1.000000 cache=0.3MiB(176txo)
2025-10-26T18:27:46Z Saw new header hash=789734a85f72868c713553b2f6e242d26518e465ebf028c54747e724bd7084da height=177
2025-10-26T18:27:46Z Saw new cmpctblock header hash=789734a85f72868c713553b2f6e242d26518e465ebf028c54747e724bd7084da peer=0
2025-10-26T18:27:46Z UpdateTip: new best=789734a85f72868c713553b2f6e242d26518e465ebf028c54747e724bd7084da height=177 version=0x30000000 log2_work=8.475733 tx=178 date='2025-10-26T18:28:15Z' progress=1.000000 cache=0.3MiB(177txo)
2025-10-26T18:27:46Z Saw new header hash=5c7d6d5bb3ecda4b47a5e743d8df46ee257358f78ebbc6cfec185aed98f6376c height=178
2025-10-26T18:27:46Z Saw new cmpctblock header hash=5c7d6d5bb3ecda4b47a5e743d8df46ee257358f78ebbc6cfec185aed98f6376c peer=0
2025-10-26T18:27:46Z UpdateTip: new best=5c7d6d5bb3ecda4b47a5e743d8df46ee257358f78ebbc6cfec185aed98f6376c height=178 version=0x30000000 log2_work=8.483816 tx=179 date='2025-10-26T18:28:15Z' progress=1.000000 cache=0.3MiB(178txo)
2025-10-26T18:27:46Z Saw new header hash=6bede2394b88b4d6dd0021c155319caac78570498c1ba758e1f8d920943e2582 height=179
2025-10-26T18:27:46Z Saw new cmpctblock header hash=6bede2394b88b4d6dd0021c155319caac78570498c1ba758e1f8d920943e2582 peer=0
2025-10-26T18:27:46Z UpdateTip: new best=6bede2394b88b4d6dd0021c155319caac78570498c1ba758e1f8d920943e2582 height=179 version=0x30000000 log2_work=8.491853 tx=180 date='2025-10-26T18:28:15Z' progress=1.000000 cache=0.3MiB(179txo)
2025-10-26T18:27:46Z Saw new header hash=22bb1f18c435f929065d781f577525652b4cfe70b3c8284450d3f42ac646dcaa height=180
2025-10-26T18:27:46Z Saw new cmpctblock header hash=22bb1f18c435f929065d781f577525652b4cfe70b3c8284450d3f42ac646dcaa peer=0
2025-10-26T18:27:46Z UpdateTip: new best=22bb1f18c435f929065d781f577525652b4cfe70b3c8284450d3f42ac646dcaa height=180 version=0x30000000 log2_work=8.499846 tx=181 date='2025-10-26T18:28:15Z' progress=1.000000 cache=0.3MiB(180txo)
2025-10-26T18:27:46Z Saw new header hash=018890426e8708a7053733c98ef1af4714c032ed4c5770101d8004d727729a52 height=181
2025-10-26T18:27:46Z Saw new cmpctblock header hash=018890426e8708a7053733c98ef1af4714c032ed4c5770101d8004d727729a52 peer=0
2025-10-26T18:27:46Z UpdateTip: new best=018890426e8708a7053733c98ef1af4714c032ed4c5770101d8004d727729a52 height=181 version=0x30000000 log2_work=8.507795 tx=182 date='2025-10-26T18:28:15Z' progress=1.000000 cache=0.3MiB(181txo)
2025-10-26T18:27:46Z Saw new header hash=7da8c98d7e7eb463651b462ae289c32b59d9e3cc63e5149344c2b335d7ac53b7 height=182
2025-10-26T18:27:46Z Saw new cmpctblock header hash=7da8c98d7e7eb463651b462ae289c32b59d9e3cc63e5149344c2b335d7ac53b7 peer=0
2025-10-26T18:27:46Z UpdateTip: new best=7da8c98d7e7eb463651b462ae289c32b59d9e3cc63e5149344c2b335d7ac53b7 height=182 version=0x30000000 log2_work=8.515700 tx=183 date='2025-10-26T18:28:16Z' progress=1.000000 cache=0.3MiB(182txo)
2025-10-26T18:27:46Z Saw new header hash=2a95a4042c9adf3089e0eb13c844e139f80019f61b5295c39dc69430217613f4 height=183
2025-10-26T18:27:46Z Saw new cmpctblock header hash=2a95a4042c9adf3089e0eb13c844e139f80019f61b5295c39dc69430217613f4 peer=2
2025-10-26T18:27:46Z UpdateTip: new best=2a95a4042c9adf3089e0eb13c844e139f80019f61b5295c39dc69430217613f4 height=183 version=0x30000000 log2_work=8.523562 tx=184 date='2025-10-26T18:28:16Z' progress=1.000000 cache=0.3MiB(183txo)
2025-10-26T18:27:46Z Saw new header hash=4d1f75c32269d2fd443297a56c873a73a168512993c91c27b64cfd07d7198c5d height=184
2025-10-26T18:27:46Z Saw new cmpctblock header hash=4d1f75c32269d2fd443297a56c873a73a168512993c91c27b64cfd07d7198c5d peer=0
2025-10-26T18:27:46Z UpdateTip: new best=4d1f75c32269d2fd443297a56c873a73a168512993c91c27b64cfd07d7198c5d height=184 version=0x30000000 log2_work=8.531381 tx=185 date='2025-10-26T18:28:16Z' progress=1.000000 cache=0.3MiB(184txo)
2025-10-26T18:27:46Z Saw new header hash=179d019c001664600a1e0c727f22f9fc5d9581c96e71872ddb99626dcb4f31c9 height=185
2025-10-26T18:27:46Z Saw new cmpctblock header hash=179d019c001664600a1e0c727f22f9fc5d9581c96e71872ddb99626dcb4f31c9 peer=0
2025-10-26T18:27:46Z UpdateTip: new best=179d019c001664600a1e0c727f22f9fc5d9581c96e71872ddb99626dcb4f31c9 height=185 version=0x30000000 log2_work=8.539159 tx=186 date='2025-10-26T18:28:16Z' progress=1.000000 cache=0.3MiB(185txo)
2025-10-26T18:27:46Z Saw new header hash=1f800f32270c5ff67e31b3ca413db02fd12efec42da9133f2eb234ace21c95e4 height=186
2025-10-26T18:27:46Z Saw new cmpctblock header hash=1f800f32270c5ff67e31b3ca413db02fd12efec42da9133f2eb234ace21c95e4 peer=0
2025-10-26T18:27:46Z UpdateTip: new best=1f800f32270c5ff67e31b3ca413db02fd12efec42da9133f2eb234ace21c95e4 height=186 version=0x30000000 log2_work=8.546894 tx=187 date='2025-10-26T18:28:16Z' progress=1.000000 cache=0.3MiB(186txo)
2025-10-26T18:27:46Z Saw new header hash=35cdd47ef9d0d656e90bf319c32f021a816d6b94c9a2d827c605a3591e3a8263 height=187
2025-10-26T18:27:46Z Saw new cmpctblock header hash=35cdd47ef9d0d656e90bf319c32f021a816d6b94c9a2d827c605a3591e3a8263 peer=2
2025-10-26T18:27:46Z UpdateTip: new best=35cdd47ef9d0d656e90bf319c32f021a816d6b94c9a2d827c605a3591e3a8263 height=187 version=0x30000000 log2_work=8.554589 tx=188 date='2025-10-26T18:28:16Z' progress=1.000000 cache=0.3MiB(187txo)
2025-10-26T18:27:46Z Saw new header hash=0b3d72386fb156868d9ea3720b7a4d9a216a3e44c8234968db98a3eb3de81a73 height=188
2025-10-26T18:27:46Z Saw new cmpctblock header hash=0b3d72386fb156868d9ea3720b7a4d9a216a3e44c8234968db98a3eb3de81a73 peer=2
2025-10-26T18:27:46Z UpdateTip: new best=0b3d72386fb156868d9ea3720b7a4d9a216a3e44c8234968db98a3eb3de81a73 height=188 version=0x30000000 log2_work=8.562242 tx=189 date='2025-10-26T18:28:17Z' progress=1.000000 cache=0.3MiB(188txo)
2025-10-26T18:27:46Z Saw new header hash=1c339e1e76eeddf869274b5f71e1a66edee6620ff16024062981f59757a8d83c height=189
2025-10-26T18:27:46Z Saw new cmpctblock header hash=1c339e1e76eeddf869274b5f71e1a66edee6620ff16024062981f59757a8d83c peer=0
2025-10-26T18:27:46Z UpdateTip: new best=1c339e1e76eeddf869274b5f71e1a66edee6620ff16024062981f59757a8d83c height=189 version=0x30000000 log2_work=8.569856 tx=190 date='2025-10-26T18:28:17Z' progress=1.000000 cache=0.3MiB(189txo)
2025-10-26T18:27:46Z Saw new header hash=0a5d00d10644f6164a39245e00c822ac01166bd40245c5c213af89a00e942890 height=190
2025-10-26T18:27:46Z Saw new cmpctblock header hash=0a5d00d10644f6164a39245e00c822ac01166bd40245c5c213af89a00e942890 peer=0
2025-10-26T18:27:46Z UpdateTip: new best=0a5d00d10644f6164a39245e00c822ac01166bd40245c5c213af89a00e942890 height=190 version=0x30000000 log2_work=8.577429 tx=191 date='2025-10-26T18:28:17Z' progress=1.000000 cache=0.3MiB(190txo)
2025-10-26T18:27:46Z Saw new header hash=217ec3e30ae05e601c50dfd1e261c3ada6d584be862f975abb968d6f20130168 height=191
2025-10-26T18:27:46Z Saw new cmpctblock header hash=217ec3e30ae05e601c50dfd1e261c3ada6d584be862f975abb968d6f20130168 peer=0
2025-10-26T18:27:46Z UpdateTip: new best=217ec3e30ae05e601c50dfd1e261c3ada6d584be862f975abb968d6f20130168 height=191 version=0x30000000 log2_work=8.584963 tx=192 date='2025-10-26T18:28:17Z' progress=1.000000 cache=0.3MiB(191txo)
2025-10-26T18:27:46Z Saw new header hash=639e102d88e7bef23a0b9cf061dc7381a7bddf9955de1806e1e50414713b798c height=192
2025-10-26T18:27:46Z Saw new cmpctblock header hash=639e102d88e7bef23a0b9cf061dc7381a7bddf9955de1806e1e50414713b798c peer=2
2025-10-26T18:27:46Z UpdateTip: new best=639e102d88e7bef23a0b9cf061dc7381a7bddf9955de1806e1e50414713b798c height=192 version=0x30000000 log2_work=8.592457 tx=193 date='2025-10-26T18:28:17Z' progress=1.000000 cache=0.3MiB(192txo)
2025-10-26T18:27:46Z Saw new header hash=5e784ab1b37db3e69dfe751fe1010421ea4d26b0f8e27c75aba1bf564fabdd7e height=193
2025-10-26T18:27:46Z Saw new cmpctblock header hash=5e784ab1b37db3e69dfe751fe1010421ea4d26b0f8e27c75aba1bf564fabdd7e peer=0
2025-10-26T18:27:46Z UpdateTip: new best=5e784ab1b37db3e69dfe751fe1010421ea4d26b0f8e27c75aba1bf564fabdd7e height=193 version=0x30000000 log2_work=8.599913 tx=194 date='2025-10-26T18:28:17Z' progress=1.000000 cache=0.3MiB(193txo)
2025-10-26T18:27:46Z Saw new header hash=3da452ce19d2c9ba03c891309a60ca6c120e2c942b3bbec2ca0678419b9c1e60 height=194
2025-10-26T18:27:46Z Saw new cmpctblock header hash=3da452ce19d2c9ba03c891309a60ca6c120e2c942b3bbec2ca0678419b9c1e60 peer=2
2025-10-26T18:27:46Z UpdateTip: new best=3da452ce19d2c9ba03c891309a60ca6c120e2c942b3bbec2ca0678419b9c1e60 height=194 version=0x30000000 log2_work=8.607330 tx=195 date='2025-10-26T18:28:18Z' progress=1.000000 cache=0.3MiB(194txo)
2025-10-26T18:27:46Z Saw new header hash=1d0e42a8108a5011aabf981d5969b9765a23ea73138b0c3ea907929aeffd23e8 height=195
2025-10-26T18:27:46Z Saw new cmpctblock header hash=1d0e42a8108a5011aabf981d5969b9765a23ea73138b0c3ea907929aeffd23e8 peer=0
2025-10-26T18:27:46Z UpdateTip: new best=1d0e42a8108a5011aabf981d5969b9765a23ea73138b0c3ea907929aeffd23e8 height=195 version=0x30000000 log2_work=8.614710 tx=196 date='2025-10-26T18:28:18Z' progress=1.000000 cache=0.3MiB(195txo)
2025-10-26T18:27:46Z Saw new header hash=741e0a6242d15d40f2a31b7485c3b4b772ba6d725657986242ff9fb162d89698 height=196
2025-10-26T18:27:46Z Saw new cmpctblock header hash=741e0a6242d15d40f2a31b7485c3b4b772ba6d725657986242ff9fb162d89698 peer=0
2025-10-26T18:27:46Z UpdateTip: new best=741e0a6242d15d40f2a31b7485c3b4b772ba6d725657986242ff9fb162d89698 height=196 version=0x30000000 log2_work=8.622052 tx=197 date='2025-10-26T18:28:18Z' progress=1.000000 cache=0.3MiB(196txo)
2025-10-26T18:27:47Z Saw new header hash=55b282becb6a8bd143ffc8da2c8ef8d68845743257442ed58b1c5098b295d879 height=197
2025-10-26T18:27:47Z Saw new cmpctblock header hash=55b282becb6a8bd143ffc8da2c8ef8d68845743257442ed58b1c5098b295d879 peer=2
2025-10-26T18:27:47Z UpdateTip: new best=55b282becb6a8bd143ffc8da2c8ef8d68845743257442ed58b1c5098b295d879 height=197 version=0x30000000 log2_work=8.629357 tx=198 date='2025-10-26T18:28:18Z' progress=1.000000 cache=0.3MiB(197txo)
2025-10-26T18:27:47Z Saw new header hash=601fa4fcac66c70aa1850ae34dd206018e2742cebf62d714088d23f91176c954 height=198
2025-10-26T18:27:47Z Saw new cmpctblock header hash=601fa4fcac66c70aa1850ae34dd206018e2742cebf62d714088d23f91176c954 peer=2
2025-10-26T18:27:47Z UpdateTip: new best=601fa4fcac66c70aa1850ae34dd206018e2742cebf62d714088d23f91176c954 height=198 version=0x30000000 log2_work=8.636625 tx=199 date='2025-10-26T18:28:18Z' progress=1.000000 cache=0.3MiB(198txo)
2025-10-26T18:27:47Z Saw new header hash=7aa1f13ec9469d8c3f824916cc87b07775b87d553371b94a7b93de488a1b9abc height=199
2025-10-26T18:27:47Z Saw new cmpctblock header hash=7aa1f13ec9469d8c3f824916cc87b07775b87d553371b94a7b93de488a1b9abc peer=0
2025-10-26T18:27:47Z UpdateTip: new best=7aa1f13ec9469d8c3f824916cc87b07775b87d553371b94a7b93de488a1b9abc height=199 version=0x30000000 log2_work=8.643856 tx=200 date='2025-10-26T18:28:18Z' progress=1.000000 cache=0.3MiB(199txo)
2025-10-26T18:27:47Z Saw new header hash=07357facb0f2b1f51ff8d2856f2b872df285e62ba3176ca98a43b837a54cd7d0 height=200
2025-10-26T18:27:47Z Saw new cmpctblock header hash=07357facb0f2b1f51ff8d2856f2b872df285e62ba3176ca98a43b837a54cd7d0 peer=0
2025-10-26T18:27:47Z UpdateTip: new best=07357facb0f2b1f51ff8d2856f2b872df285e62ba3176ca98a43b837a54cd7d0 height=200 version=0x30000000 log2_work=8.651052 tx=201 date='2025-10-26T18:28:19Z' progress=1.000000 cache=0.3MiB(200txo)
2025-10-26T18:27:47Z Saw new header hash=2035783e25631a63f97a343d1fe8e160c3fa59460eb25f10ecba33810f7d8dce height=201
2025-10-26T18:27:47Z Saw new cmpctblock header hash=2035783e25631a63f97a343d1fe8e160c3fa59460eb25f10ecba33810f7d8dce peer=0
2025-10-26T18:27:47Z UpdateTip: new best=2035783e25631a63f97a343d1fe8e160c3fa59460eb25f10ecba33810f7d8dce height=201 version=0x30000000 log2_work=8.658211 tx=202 date='2025-10-26T18:28:19Z' progress=1.000000 cache=0.3MiB(201txo)
2025-10-26T18:27:52Z Saw new header hash=752c55ec83942c8a5e8d50dbf9de12c775f895250a2f56688edde29674aad234 height=202
2025-10-26T18:27:52Z Saw new cmpctblock header hash=752c55ec83942c8a5e8d50dbf9de12c775f895250a2f56688edde29674aad234 peer=0
2025-10-26T18:27:52Z UpdateTip: new best=752c55ec83942c8a5e8d50dbf9de12c775f895250a2f56688edde29674aad234 height=202 version=0x30000000 log2_work=8.665336 tx=238 date='2025-10-26T18:28:19Z' progress=1.000000 cache=0.3MiB(272txo)
2025-10-26T18:27:57Z Saw new header hash=3accaa50af11f1c980da5ed81716409efd5d3c6399256e08e7e264c1148e75a6 height=203
2025-10-26T18:27:57Z Saw new cmpctblock header hash=3accaa50af11f1c980da5ed81716409efd5d3c6399256e08e7e264c1148e75a6 peer=0
2025-10-26T18:27:57Z UpdateTip: new best=3accaa50af11f1c980da5ed81716409efd5d3c6399256e08e7e264c1148e75a6 height=203 version=0x30000000 log2_work=8.672425 tx=279 date='2025-10-26T18:28:19Z' progress=1.000000 cache=0.3MiB(325txo)
2025-10-26T18:28:02Z Saw new header hash=15d4d09c6f4048e90ae1d263fce015feb5b5c564128f289cb9989de7bd152147 height=204
2025-10-26T18:28:02Z Saw new cmpctblock header hash=15d4d09c6f4048e90ae1d263fce015feb5b5c564128f289cb9989de7bd152147 peer=2
2025-10-26T18:28:02Z UpdateTip: new best=15d4d09c6f4048e90ae1d263fce015feb5b5c564128f289cb9989de7bd152147 height=204 version=0x30000000 log2_work=8.679480 tx=321 date='2025-10-26T18:28:19Z' progress=1.000000 cache=0.3MiB(367txo)
2025-10-26T18:28:07Z Saw new header hash=06257a44c8a6f9bba3639b98517ea309add2a7dcfcf9084b3460299eecd5fec9 height=205
2025-10-26T18:28:07Z Saw new cmpctblock header hash=06257a44c8a6f9bba3639b98517ea309add2a7dcfcf9084b3460299eecd5fec9 peer=2
2025-10-26T18:28:07Z UpdateTip: new best=06257a44c8a6f9bba3639b98517ea309add2a7dcfcf9084b3460299eecd5fec9 height=205 version=0x30000000 log2_work=8.686501 tx=362 date='2025-10-26T18:28:19Z' progress=1.000000 cache=0.3MiB(391txo)
2025-10-26T18:28:12Z Saw new header hash=0f7e5d0404a52c7c45f2f60ba6e8a57ec02bc0b9f45c977eff52bae6f47cb6e1 height=206
2025-10-26T18:28:12Z Saw new cmpctblock header hash=0f7e5d0404a52c7c45f2f60ba6e8a57ec02bc0b9f45c977eff52bae6f47cb6e1 peer=2
2025-10-26T18:28:12Z UpdateTip: new best=0f7e5d0404a52c7c45f2f60ba6e8a57ec02bc0b9f45c977eff52bae6f47cb6e1 height=206 version=0x30000000 log2_work=8.693487 tx=404 date='2025-10-26T18:28:20Z' progress=1.000000 cache=0.3MiB(415txo)
2025-10-26T18:28:17Z Saw new header hash=0a8337aa65889462b813ede20c6099b6a68212998f70bc2fe6a65aad077a73ea height=207
2025-10-26T18:28:17Z Saw new cmpctblock header hash=0a8337aa65889462b813ede20c6099b6a68212998f70bc2fe6a65aad077a73ea peer=2
2025-10-26T18:28:17Z UpdateTip: new best=0a8337aa65889462b813ede20c6099b6a68212998f70bc2fe6a65aad077a73ea height=207 version=0x30000000 log2_work=8.700440 tx=445 date='2025-10-26T18:28:20Z' progress=1.000000 cache=0.3MiB(433txo)
2025-10-26T18:28:22Z Saw new header hash=00118f3b2e9dd48dc90f8bb96807a89e87474fb76ea539eb536571340890ae4f height=208
2025-10-26T18:28:22Z Saw new cmpctblock header hash=00118f3b2e9dd48dc90f8bb96807a89e87474fb76ea539eb536571340890ae4f peer=2
2025-10-26T18:28:22Z UpdateTip: new best=00118f3b2e9dd48dc90f8bb96807a89e87474fb76ea539eb536571340890ae4f height=208 version=0x30000000 log2_work=8.707359 tx=485 date='2025-10-26T18:28:22Z' progress=1.000000 cache=0.3MiB(446txo)
2025-10-26T18:28:27Z Saw new header hash=656aebf62db49d646d81597a7212ec21895e3df2f2dbcb1db6d70bbb0d1014fd height=209
2025-10-26T18:28:27Z Saw new cmpctblock header hash=656aebf62db49d646d81597a7212ec21895e3df2f2dbcb1db6d70bbb0d1014fd peer=2
2025-10-26T18:28:27Z UpdateTip: new best=656aebf62db49d646d81597a7212ec21895e3df2f2dbcb1db6d70bbb0d1014fd height=209 version=0x30000000 log2_work=8.714246 tx=525 date='2025-10-26T18:28:27Z' progress=1.000000 cache=0.3MiB(459txo)
2025-10-26T18:28:32Z Saw new header hash=4a8b745b6fcbfa09c4e8d260e61696e5245c9d8731d5841960e611a336fa754c height=210
2025-10-26T18:28:32Z Saw new cmpctblock header hash=4a8b745b6fcbfa09c4e8d260e61696e5245c9d8731d5841960e611a336fa754c peer=0
2025-10-26T18:28:32Z UpdateTip: new best=4a8b745b6fcbfa09c4e8d260e61696e5245c9d8731d5841960e611a336fa754c height=210 version=0x30000000 log2_work=8.721099 tx=565 date='2025-10-26T18:28:32Z' progress=1.000000 cache=0.3MiB(482txo)
2025-10-26T18:28:37Z Saw new header hash=76f33e4d1a7a347435b209904523d8f5d04460475ba8dfc4d1a6d5bf2e9141df height=211
2025-10-26T18:28:37Z Saw new cmpctblock header hash=76f33e4d1a7a347435b209904523d8f5d04460475ba8dfc4d1a6d5bf2e9141df peer=2
2025-10-26T18:28:37Z UpdateTip: new best=76f33e4d1a7a347435b209904523d8f5d04460475ba8dfc4d1a6d5bf2e9141df height=211 version=0x30000000 log2_work=8.727920 tx=606 date='2025-10-26T18:28:37Z' progress=1.000000 cache=0.3MiB(495txo)
2025-10-26T18:28:43Z Saw new header hash=0db5a69cf2c5a1abcb7dc3f03becd1a27c77ac5e4ed300e89ccf6b549dabe17b height=212
2025-10-26T18:28:43Z Saw new cmpctblock header hash=0db5a69cf2c5a1abcb7dc3f03becd1a27c77ac5e4ed300e89ccf6b549dabe17b peer=0
2025-10-26T18:28:43Z UpdateTip: new best=0db5a69cf2c5a1abcb7dc3f03becd1a27c77ac5e4ed300e89ccf6b549dabe17b height=212 version=0x30000000 log2_work=8.734710 tx=647 date='2025-10-26T18:28:42Z' progress=1.000000 cache=0.3MiB(506txo)
2025-10-26T18:28:47Z Saw new header hash=3b3dcca3e3408a82f88aef87dc3fa90c8d0b0a4fc2f5e798c1339b53ba2df250 height=213
2025-10-26T18:28:47Z Saw new cmpctblock header hash=3b3dcca3e3408a82f88aef87dc3fa90c8d0b0a4fc2f5e798c1339b53ba2df250 peer=0
2025-10-26T18:28:47Z UpdateTip: new best=3b3dcca3e3408a82f88aef87dc3fa90c8d0b0a4fc2f5e798c1339b53ba2df250 height=213 version=0x30000000 log2_work=8.741467 tx=687 date='2025-10-26T18:28:47Z' progress=1.000000 cache=0.3MiB(525txo)
2025-10-26T18:28:53Z Saw new header hash=6a54b66014cca174bcd654bb736957c9611bb08d4f88eaebb730e574620bd3f7 height=214
2025-10-26T18:28:53Z Saw new cmpctblock header hash=6a54b66014cca174bcd654bb736957c9611bb08d4f88eaebb730e574620bd3f7 peer=2
2025-10-26T18:28:53Z UpdateTip: new best=6a54b66014cca174bcd654bb736957c9611bb08d4f88eaebb730e574620bd3f7 height=214 version=0x30000000 log2_work=8.748193 tx=728 date='2025-10-26T18:28:52Z' progress=1.000000 cache=0.3MiB(533txo)
2025-10-26T18:28:58Z Saw new header hash=05fd2346847ccf6b99d8c10f2aa5835d5f5c8e16934aa1eda047d1417c1beb28 height=215
2025-10-26T18:28:58Z Saw new cmpctblock header hash=05fd2346847ccf6b99d8c10f2aa5835d5f5c8e16934aa1eda047d1417c1beb28 peer=0
2025-10-26T18:28:58Z UpdateTip: new best=05fd2346847ccf6b99d8c10f2aa5835d5f5c8e16934aa1eda047d1417c1beb28 height=215 version=0x30000000 log2_work=8.754888 tx=768 date='2025-10-26T18:28:57Z' progress=1.000000 cache=0.3MiB(540txo)
2025-10-26T18:29:03Z Saw new header hash=380e1295320cafaf3720c5b4f25d47b9466775088f65cb3e68530efc55f06e23 height=216
2025-10-26T18:29:03Z Saw new cmpctblock header hash=380e1295320cafaf3720c5b4f25d47b9466775088f65cb3e68530efc55f06e23 peer=2
2025-10-26T18:29:03Z UpdateTip: new best=380e1295320cafaf3720c5b4f25d47b9466775088f65cb3e68530efc55f06e23 height=216 version=0x30000000 log2_work=8.761551 tx=807 date='2025-10-26T18:29:02Z' progress=1.000000 cache=0.3MiB(551txo)
2025-10-26T18:29:08Z Saw new header hash=113d7be06aaa79b46e6110ffd561f40432e00eb6312f33a6490033e77448554f height=217
2025-10-26T18:29:08Z Saw new cmpctblock header hash=113d7be06aaa79b46e6110ffd561f40432e00eb6312f33a6490033e77448554f peer=2
2025-10-26T18:29:08Z UpdateTip: new best=113d7be06aaa79b46e6110ffd561f40432e00eb6312f33a6490033e77448554f height=217 version=0x30000000 log2_work=8.768184 tx=838 date='2025-10-26T18:29:07Z' progress=1.000000 cache=0.3MiB(544txo)
2025-10-26T18:29:13Z Saw new header hash=650c2bee6d74625d1706c4ca181e38d8edbb769c055174e81f0bdfe868a20573 height=218
2025-10-26T18:29:13Z Saw new cmpctblock header hash=650c2bee6d74625d1706c4ca181e38d8edbb769c055174e81f0bdfe868a20573 peer=0
2025-10-26T18:29:13Z UpdateTip: new best=650c2bee6d74625d1706c4ca181e38d8edbb769c055174e81f0bdfe868a20573 height=218 version=0x30000000 log2_work=8.774787 tx=855 date='2025-10-26T18:29:13Z' progress=1.000000 cache=0.3MiB(554txo)
2025-10-26T18:29:19Z Saw new header hash=6e9f1aa47da5da202d03b4ca1c2b8a7d04bfbfaefd510865c67cbd6559fd5fcb height=219
2025-10-26T18:29:19Z Saw new cmpctblock header hash=6e9f1aa47da5da202d03b4ca1c2b8a7d04bfbfaefd510865c67cbd6559fd5fcb peer=2
2025-10-26T18:29:19Z UpdateTip: new best=6e9f1aa47da5da202d03b4ca1c2b8a7d04bfbfaefd510865c67cbd6559fd5fcb height=219 version=0x30000000 log2_work=8.781360 tx=871 date='2025-10-26T18:29:18Z' progress=1.000000 cache=0.3MiB(560txo)
2025-10-26T18:29:24Z Saw new header hash=6a8352f94b698860c58a70fd1beb0e56d5d2382e175923b02b107a7ab01a3c5c height=220
2025-10-26T18:29:24Z Saw new cmpctblock header hash=6a8352f94b698860c58a70fd1beb0e56d5d2382e175923b02b107a7ab01a3c5c peer=0
2025-10-26T18:29:24Z UpdateTip: new best=6a8352f94b698860c58a70fd1beb0e56d5d2382e175923b02b107a7ab01a3c5c height=220 version=0x30000000 log2_work=8.787903 tx=889 date='2025-10-26T18:29:23Z' progress=1.000000 cache=0.3MiB(572txo)
2025-10-26T18:29:29Z Saw new header hash=226ff937f1656d6cb5faf7c36f6aeec8fe5a8b4afe7dd694ed13b46364271451 height=221
2025-10-26T18:29:29Z Saw new cmpctblock header hash=226ff937f1656d6cb5faf7c36f6aeec8fe5a8b4afe7dd694ed13b46364271451 peer=0
2025-10-26T18:29:29Z UpdateTip: new best=226ff937f1656d6cb5faf7c36f6aeec8fe5a8b4afe7dd694ed13b46364271451 height=221 version=0x30000000 log2_work=8.794416 tx=912 date='2025-10-26T18:29:28Z' progress=1.000000 cache=0.3MiB(578txo)
2025-10-26T18:29:35Z Saw new header hash=6090fb42fca07cc26756fdc14e020ac4731c1cb0e594a704649d6af7af1b4c06 height=222
2025-10-26T18:29:35Z Saw new cmpctblock header hash=6090fb42fca07cc26756fdc14e020ac4731c1cb0e594a704649d6af7af1b4c06 peer=0
2025-10-26T18:29:35Z UpdateTip: new best=6090fb42fca07cc26756fdc14e020ac4731c1cb0e594a704649d6af7af1b4c06 height=222 version=0x30000000 log2_work=8.800900 tx=941 date='2025-10-26T18:29:34Z' progress=1.000000 cache=0.3MiB(582txo)
2025-10-26T18:29:40Z Saw new header hash=43ef3ab0df3de09453c57e92f9546cfc9c9b2d63248c0131a0edd0cb19af3b36 height=223
2025-10-26T18:29:40Z Saw new cmpctblock header hash=43ef3ab0df3de09453c57e92f9546cfc9c9b2d63248c0131a0edd0cb19af3b36 peer=0
2025-10-26T18:29:40Z UpdateTip: new best=43ef3ab0df3de09453c57e92f9546cfc9c9b2d63248c0131a0edd0cb19af3b36 height=223 version=0x30000000 log2_work=8.807355 tx=970 date='2025-10-26T18:29:39Z' progress=1.000000 cache=0.3MiB(575txo)
2025-10-26T18:29:45Z Saw new header hash=7e1b92def9e2d7f08012af32c7e2b15be9b7a1551a68a54bb63d8da1e840d0bf height=224
2025-10-26T18:29:45Z Saw new cmpctblock header hash=7e1b92def9e2d7f08012af32c7e2b15be9b7a1551a68a54bb63d8da1e840d0bf peer=0
2025-10-26T18:29:46Z UpdateTip: new best=7e1b92def9e2d7f08012af32c7e2b15be9b7a1551a68a54bb63d8da1e840d0bf height=224 version=0x30000000 log2_work=8.813781 tx=998 date='2025-10-26T18:29:44Z' progress=1.000000 cache=0.3MiB(583txo)
2025-10-26T18:29:51Z Saw new header hash=7dd34f9b83fc41939070a945c7be88cb37f25aeedaa856bcaf9699810cf3d560 height=225
2025-10-26T18:29:51Z Saw new cmpctblock header hash=7dd34f9b83fc41939070a945c7be88cb37f25aeedaa856bcaf9699810cf3d560 peer=0
2025-10-26T18:29:51Z UpdateTip: new best=7dd34f9b83fc41939070a945c7be88cb37f25aeedaa856bcaf9699810cf3d560 height=225 version=0x30000000 log2_work=8.820179 tx=1027 date='2025-10-26T18:29:49Z' progress=1.000000 cache=0.3MiB(588txo)
2025-10-26T18:29:56Z Saw new header hash=5852cd9059c3be8ecdc8dca7561401effb87adec831aaa30a4b4692121f5664f height=226
2025-10-26T18:29:56Z Saw new cmpctblock header hash=5852cd9059c3be8ecdc8dca7561401effb87adec831aaa30a4b4692121f5664f peer=0
2025-10-26T18:29:56Z UpdateTip: new best=5852cd9059c3be8ecdc8dca7561401effb87adec831aaa30a4b4692121f5664f height=226 version=0x30000000 log2_work=8.826548 tx=1058 date='2025-10-26T18:29:54Z' progress=1.000000 cache=0.3MiB(590txo)
2025-10-26T18:30:01Z Saw new header hash=5a5a6abdf2429fa23f954e2fe9c8880b1b89647de3425cd4f21cf5dd67a4120c height=227
2025-10-26T18:30:01Z Saw new cmpctblock header hash=5a5a6abdf2429fa23f954e2fe9c8880b1b89647de3425cd4f21cf5dd67a4120c peer=2
2025-10-26T18:30:01Z UpdateTip: new best=5a5a6abdf2429fa23f954e2fe9c8880b1b89647de3425cd4f21cf5dd67a4120c height=227 version=0x30000000 log2_work=8.832890 tx=1088 date='2025-10-26T18:29:59Z' progress=1.000000 cache=0.3MiB(595txo)
2025-10-26T18:30:06Z Saw new header hash=5b641c78f88dbc8c1a5e8c40238abc6ea4288cc48fea872d179ce4b4a81a204f height=228
2025-10-26T18:30:06Z Saw new cmpctblock header hash=5b641c78f88dbc8c1a5e8c40238abc6ea4288cc48fea872d179ce4b4a81a204f peer=0
2025-10-26T18:30:06Z UpdateTip: new best=5b641c78f88dbc8c1a5e8c40238abc6ea4288cc48fea872d179ce4b4a81a204f height=228 version=0x30000000 log2_work=8.839204 tx=1118 date='2025-10-26T18:30:04Z' progress=1.000000 cache=0.3MiB(593txo)
2025-10-26T18:30:11Z Saw new header hash=6f43958b45f03ab59adbd7277601fcdcc5c79d359cd5b186d4d3a2b82087689b height=229
2025-10-26T18:30:11Z Saw new cmpctblock header hash=6f43958b45f03ab59adbd7277601fcdcc5c79d359cd5b186d4d3a2b82087689b peer=2
2025-10-26T18:30:11Z UpdateTip: new best=6f43958b45f03ab59adbd7277601fcdcc5c79d359cd5b186d4d3a2b82087689b height=229 version=0x30000000 log2_work=8.845490 tx=1148 date='2025-10-26T18:30:10Z' progress=1.000000 cache=0.3MiB(606txo)
2025-10-26T18:30:16Z Saw new header hash=10c83336fd6f5ee007f3241b9ee0223d487fec2167de172d3556fad45bd0048c height=230
2025-10-26T18:30:16Z Saw new cmpctblock header hash=10c83336fd6f5ee007f3241b9ee0223d487fec2167de172d3556fad45bd0048c peer=0
2025-10-26T18:30:16Z UpdateTip: new best=10c83336fd6f5ee007f3241b9ee0223d487fec2167de172d3556fad45bd0048c height=230 version=0x30000000 log2_work=8.851749 tx=1178 date='2025-10-26T18:30:15Z' progress=1.000000 cache=0.3MiB(612txo)
2025-10-26T18:30:21Z Saw new header hash=0d541cbdd374acb601c1b7dce1cc7026f8c23c67fbbf6ca24711a957f17853db height=231
2025-10-26T18:30:21Z Saw new cmpctblock header hash=0d541cbdd374acb601c1b7dce1cc7026f8c23c67fbbf6ca24711a957f17853db peer=0
2025-10-26T18:30:21Z UpdateTip: new best=0d541cbdd374acb601c1b7dce1cc7026f8c23c67fbbf6ca24711a957f17853db height=231 version=0x30000000 log2_work=8.857981 tx=1206 date='2025-10-26T18:30:20Z' progress=1.000000 cache=0.3MiB(612txo)
2025-10-26T18:30:26Z Saw new header hash=1450acb53e4d77fe0ee6e2fa29e3be5c3bcf54c77f4f1879254929b939a43cf2 height=232
2025-10-26T18:30:26Z Saw new cmpctblock header hash=1450acb53e4d77fe0ee6e2fa29e3be5c3bcf54c77f4f1879254929b939a43cf2 peer=2
2025-10-26T18:30:26Z UpdateTip: new best=1450acb53e4d77fe0ee6e2fa29e3be5c3bcf54c77f4f1879254929b939a43cf2 height=232 version=0x30000000 log2_work=8.864186 tx=1236 date='2025-10-26T18:30:25Z' progress=1.000000 cache=0.3MiB(619txo)
2025-10-26T18:30:32Z Saw new header hash=24ee75e6e6b880a19f5840faf4e140364491f860b54535db1d9520acac3a3943 height=233
2025-10-26T18:30:32Z Saw new cmpctblock header hash=24ee75e6e6b880a19f5840faf4e140364491f860b54535db1d9520acac3a3943 peer=0
2025-10-26T18:30:32Z UpdateTip: new best=24ee75e6e6b880a19f5840faf4e140364491f860b54535db1d9520acac3a3943 height=233 version=0x30000000 log2_work=8.870365 tx=1266 date='2025-10-26T18:30:30Z' progress=1.000000 cache=0.3MiB(628txo)
2025-10-26T18:30:37Z Saw new header hash=0f030010c686ec11c11f6290c9c5b3034a90d10189ed63a3d2de0050f5cd2c19 height=234
2025-10-26T18:30:37Z Saw new cmpctblock header hash=0f030010c686ec11c11f6290c9c5b3034a90d10189ed63a3d2de0050f5cd2c19 peer=2
2025-10-26T18:30:37Z UpdateTip: new best=0f030010c686ec11c11f6290c9c5b3034a90d10189ed63a3d2de0050f5cd2c19 height=234 version=0x30000000 log2_work=8.876517 tx=1296 date='2025-10-26T18:30:35Z' progress=1.000000 cache=0.3MiB(642txo)
2025-10-26T18:30:42Z Saw new header hash=052680badee6559325ac213e9f952969a2490949af47e517d9ba1404e57eae0b height=235
2025-10-26T18:30:42Z Saw new cmpctblock header hash=052680badee6559325ac213e9f952969a2490949af47e517d9ba1404e57eae0b peer=2
2025-10-26T18:30:42Z UpdateTip: new best=052680badee6559325ac213e9f952969a2490949af47e517d9ba1404e57eae0b height=235 version=0x30000000 log2_work=8.882643 tx=1326 date='2025-10-26T18:30:40Z' progress=1.000000 cache=0.3MiB(653txo)
2025-10-26T18:30:47Z Saw new header hash=04dbd52296c3599dfde5551bdb9b551f766bcd846f336daad468d4370ca98450 height=236
2025-10-26T18:30:47Z Saw new cmpctblock header hash=04dbd52296c3599dfde5551bdb9b551f766bcd846f336daad468d4370ca98450 peer=2
2025-10-26T18:30:47Z UpdateTip: new best=04dbd52296c3599dfde5551bdb9b551f766bcd846f336daad468d4370ca98450 height=236 version=0x30000000 log2_work=8.888743 tx=1355 date='2025-10-26T18:30:45Z' progress=1.000000 cache=0.3MiB(650txo)
2025-10-26T18:30:52Z Saw new header hash=354db9697f97aace510598a95acc86927cbb12ee80c58b01a32e3b7b0cf4028b height=237
2025-10-26T18:30:52Z Saw new cmpctblock header hash=354db9697f97aace510598a95acc86927cbb12ee80c58b01a32e3b7b0cf4028b peer=2
2025-10-26T18:30:52Z UpdateTip: new best=354db9697f97aace510598a95acc86927cbb12ee80c58b01a32e3b7b0cf4028b height=237 version=0x30000000 log2_work=8.894818 tx=1385 date='2025-10-26T18:30:51Z' progress=1.000000 cache=0.3MiB(638txo)
2025-10-26T18:30:57Z Saw new header hash=0ec3bfe4f98bc20e81edac4d2ac4ec62d12bb22727b8605219eb57516c179e73 height=238
2025-10-26T18:30:57Z Saw new cmpctblock header hash=0ec3bfe4f98bc20e81edac4d2ac4ec62d12bb22727b8605219eb57516c179e73 peer=0
2025-10-26T18:30:57Z UpdateTip: new best=0ec3bfe4f98bc20e81edac4d2ac4ec62d12bb22727b8605219eb57516c179e73 height=238 version=0x30000000 log2_work=8.900867 tx=1415 date='2025-10-26T18:30:56Z' progress=1.000000 cache=0.3MiB(634txo)
2025-10-26T18:31:02Z Saw new header hash=7a1784d7c2cf31779e496fc0b85df41e4c39e57f7c52a03c08f9568db3fca27e height=239
2025-10-26T18:31:02Z Saw new cmpctblock header hash=7a1784d7c2cf31779e496fc0b85df41e4c39e57f7c52a03c08f9568db3fca27e peer=0
2025-10-26T18:31:02Z UpdateTip: new best=7a1784d7c2cf31779e496fc0b85df41e4c39e57f7c52a03c08f9568db3fca27e height=239 version=0x30000000 log2_work=8.906891 tx=1445 date='2025-10-26T18:31:01Z' progress=1.000000 cache=0.3MiB(640txo)
2025-10-26T18:31:08Z Saw new header hash=53818d3a982333fa9d64ea7fd5ef25ab62fe27876c819f5d28b792cdc901d3e8 height=240
2025-10-26T18:31:08Z Saw new cmpctblock header hash=53818d3a982333fa9d64ea7fd5ef25ab62fe27876c819f5d28b792cdc901d3e8 peer=2
2025-10-26T18:31:08Z UpdateTip: new best=53818d3a982333fa9d64ea7fd5ef25ab62fe27876c819f5d28b792cdc901d3e8 height=240 version=0x30000000 log2_work=8.912889 tx=1474 date='2025-10-26T18:31:06Z' progress=1.000000 cache=0.3MiB(640txo)
2025-10-26T18:31:13Z Saw new header hash=734136e2b984e953b8233a994d7df0d2ddfd58463b24e8d4b1f51bd96cae7082 height=241
2025-10-26T18:31:13Z Saw new cmpctblock header hash=734136e2b984e953b8233a994d7df0d2ddfd58463b24e8d4b1f51bd96cae7082 peer=2
2025-10-26T18:31:13Z UpdateTip: new best=734136e2b984e953b8233a994d7df0d2ddfd58463b24e8d4b1f51bd96cae7082 height=241 version=0x30000000 log2_work=8.918863 tx=1503 date='2025-10-26T18:31:11Z' progress=1.000000 cache=0.3MiB(650txo)
2025-10-26T18:31:18Z Saw new header hash=31d6e3830621b34a477d74edac7d6f7240c0316d0fd82ced5dfde860b4bc0188 height=242
2025-10-26T18:31:18Z Saw new cmpctblock header hash=31d6e3830621b34a477d74edac7d6f7240c0316d0fd82ced5dfde860b4bc0188 peer=2
2025-10-26T18:31:18Z UpdateTip: new best=31d6e3830621b34a477d74edac7d6f7240c0316d0fd82ced5dfde860b4bc0188 height=242 version=0x30000000 log2_work=8.924813 tx=1533 date='2025-10-26T18:31:16Z' progress=1.000000 cache=0.3MiB(646txo)
2025-10-26T18:31:23Z Saw new header hash=792ba9c9ff28895d0db01bdb87790a9e8741cd99037add8eda7fbff6a21f8bcf height=243
2025-10-26T18:31:23Z Saw new cmpctblock header hash=792ba9c9ff28895d0db01bdb87790a9e8741cd99037add8eda7fbff6a21f8bcf peer=2
2025-10-26T18:31:23Z UpdateTip: new best=792ba9c9ff28895d0db01bdb87790a9e8741cd99037add8eda7fbff6a21f8bcf height=243 version=0x30000000 log2_work=8.930737 tx=1563 date='2025-10-26T18:31:22Z' progress=1.000000 cache=0.3MiB(656txo)
2025-10-26T18:31:28Z Saw new header hash=09da7b0e326c3280153b1b1335c6dc5481be59a9043e52811355010c779f78b8 height=244
2025-10-26T18:31:28Z Saw new cmpctblock header hash=09da7b0e326c3280153b1b1335c6dc5481be59a9043e52811355010c779f78b8 peer=2
2025-10-26T18:31:28Z UpdateTip: new best=09da7b0e326c3280153b1b1335c6dc5481be59a9043e52811355010c779f78b8 height=244 version=0x30000000 log2_work=8.936638 tx=1592 date='2025-10-26T18:31:27Z' progress=1.000000 cache=0.3MiB(657txo)
2025-10-26T18:31:33Z Saw new header hash=31ae3238934da12346c53e3f17a09fffdc96cfcadc7cdf35f1f728fd117db0db height=245
2025-10-26T18:31:33Z Saw new cmpctblock header hash=31ae3238934da12346c53e3f17a09fffdc96cfcadc7cdf35f1f728fd117db0db peer=2
2025-10-26T18:31:33Z UpdateTip: new best=31ae3238934da12346c53e3f17a09fffdc96cfcadc7cdf35f1f728fd117db0db height=245 version=0x30000000 log2_work=8.942515 tx=1622 date='2025-10-26T18:31:32Z' progress=1.000000 cache=0.3MiB(668txo)
2025-10-26T18:31:39Z Saw new header hash=1d5c1cdefb4648ff2360dfcd9c03faff060db264940af7c5124aafc5029e2f8d height=246
2025-10-26T18:31:39Z Saw new cmpctblock header hash=1d5c1cdefb4648ff2360dfcd9c03faff060db264940af7c5124aafc5029e2f8d peer=0
2025-10-26T18:31:39Z UpdateTip: new best=1d5c1cdefb4648ff2360dfcd9c03faff060db264940af7c5124aafc5029e2f8d height=246 version=0x30000000 log2_work=8.948367 tx=1653 date='2025-10-26T18:31:37Z' progress=1.000000 cache=0.3MiB(677txo)
2025-10-26T18:31:44Z Saw new header hash=505bc1f01e68ce50e28c109c5545062d2bb7dcc27d54cb8e52e971dfd28f8398 height=247
2025-10-26T18:31:44Z Saw new cmpctblock header hash=505bc1f01e68ce50e28c109c5545062d2bb7dcc27d54cb8e52e971dfd28f8398 peer=2
2025-10-26T18:31:44Z UpdateTip: new best=505bc1f01e68ce50e28c109c5545062d2bb7dcc27d54cb8e52e971dfd28f8398 height=247 version=0x30000000 log2_work=8.954196 tx=1683 date='2025-10-26T18:31:42Z' progress=1.000000 cache=0.3MiB(686txo)
2025-10-26T18:31:49Z Saw new header hash=78e35e698a9fcd4fce9edd9e510e1ef7a6c59e0a61b1fcf083aac6e6985ecb01 height=248
2025-10-26T18:31:49Z Saw new cmpctblock header hash=78e35e698a9fcd4fce9edd9e510e1ef7a6c59e0a61b1fcf083aac6e6985ecb01 peer=2
2025-10-26T18:31:49Z UpdateTip: new best=78e35e698a9fcd4fce9edd9e510e1ef7a6c59e0a61b1fcf083aac6e6985ecb01 height=248 version=0x30000000 log2_work=8.960002 tx=1712 date='2025-10-26T18:31:47Z' progress=1.000000 cache=0.3MiB(707txo)
2025-10-26T18:31:54Z Saw new header hash=3c2985861b40c5c6254d8134d35f7ef0be8a0685d882f17e342358d642331628 height=249
2025-10-26T18:31:54Z Saw new cmpctblock header hash=3c2985861b40c5c6254d8134d35f7ef0be8a0685d882f17e342358d642331628 peer=2
2025-10-26T18:31:54Z UpdateTip: new best=3c2985861b40c5c6254d8134d35f7ef0be8a0685d882f17e342358d642331628 height=249 version=0x30000000 log2_work=8.965784 tx=1748 date='2025-10-26T18:31:52Z' progress=1.000000 cache=0.3MiB(703txo)
2025-10-26T18:31:59Z Saw new header hash=513cabe23fb8506fa5b8930152d0d716a7f96de533712eb96529843fd88f1d3d height=250
2025-10-26T18:31:59Z Saw new cmpctblock header hash=513cabe23fb8506fa5b8930152d0d716a7f96de533712eb96529843fd88f1d3d peer=0
2025-10-26T18:31:59Z UpdateTip: new best=513cabe23fb8506fa5b8930152d0d716a7f96de533712eb96529843fd88f1d3d height=250 version=0x30000000 log2_work=8.971544 tx=1782 date='2025-10-26T18:31:58Z' progress=1.000000 cache=0.3MiB(706txo)
2025-10-26T18:32:04Z Saw new header hash=0f7488a859a7a6d611229b108b4ce394fd10bec04a56d1db9668be3d5af74c02 height=251
2025-10-26T18:32:04Z Saw new cmpctblock header hash=0f7488a859a7a6d611229b108b4ce394fd10bec04a56d1db9668be3d5af74c02 peer=0
2025-10-26T18:32:04Z UpdateTip: new best=0f7488a859a7a6d611229b108b4ce394fd10bec04a56d1db9668be3d5af74c02 height=251 version=0x30000000 log2_work=8.977280 tx=1817 date='2025-10-26T18:32:03Z' progress=1.000000 cache=0.3MiB(710txo)
2025-10-26T18:32:09Z Saw new header hash=687fe71c9967c67d204e876ca0d0834b8a3603f625ba48c4334b576b9ed6d62b height=252
2025-10-26T18:32:09Z Saw new cmpctblock header hash=687fe71c9967c67d204e876ca0d0834b8a3603f625ba48c4334b576b9ed6d62b peer=0
2025-10-26T18:32:09Z UpdateTip: new best=687fe71c9967c67d204e876ca0d0834b8a3603f625ba48c4334b576b9ed6d62b height=252 version=0x30000000 log2_work=8.982994 tx=1852 date='2025-10-26T18:32:08Z' progress=1.000000 cache=0.3MiB(706txo)
2025-10-26T18:32:13Z Saw new header hash=576ff8b37f0440abebdaa5f8cfe65d0bb553feb7951bb9a3701e74ba484cea22 height=253
2025-10-26T18:32:13Z Saw new cmpctblock header hash=576ff8b37f0440abebdaa5f8cfe65d0bb553feb7951bb9a3701e74ba484cea22 peer=0
2025-10-26T18:32:13Z UpdateTip: new best=576ff8b37f0440abebdaa5f8cfe65d0bb553feb7951bb9a3701e74ba484cea22 height=253 version=0x30000000 log2_work=8.988685 tx=1885 date='2025-10-26T18:32:13Z' progress=1.000000 cache=0.3MiB(718txo)
2025-10-26T18:32:18Z Saw new header hash=4a9d5548ee6bada69b39c39247219d708d3e13d42c14e145723280d78165c6a3 height=254
2025-10-26T18:32:18Z Saw new cmpctblock header hash=4a9d5548ee6bada69b39c39247219d708d3e13d42c14e145723280d78165c6a3 peer=0
2025-10-26T18:32:18Z UpdateTip: new best=4a9d5548ee6bada69b39c39247219d708d3e13d42c14e145723280d78165c6a3 height=254 version=0x30000000 log2_work=8.994353 tx=1919 date='2025-10-26T18:32:18Z' progress=1.000000 cache=0.3MiB(729txo)
2025-10-26T18:32:23Z Saw new header hash=5ddc255bb64a4dd5f263cc8d0b3dca4fa43a9d180386f7e056912a00e68c0721 height=255
2025-10-26T18:32:23Z Saw new cmpctblock header hash=5ddc255bb64a4dd5f263cc8d0b3dca4fa43a9d180386f7e056912a00e68c0721 peer=0
2025-10-26T18:32:23Z UpdateTip: new best=5ddc255bb64a4dd5f263cc8d0b3dca4fa43a9d180386f7e056912a00e68c0721 height=255 version=0x30000000 log2_work=9.000000 tx=1954 date='2025-10-26T18:32:23Z' progress=1.000000 cache=0.3MiB(750txo)
2025-10-26T18:32:28Z Saw new header hash=5e66b23f7e3e9cf1f2d149cfe520d5ad4074ed582322f8a8ab352297b67da69e height=256
2025-10-26T18:32:28Z Saw new cmpctblock header hash=5e66b23f7e3e9cf1f2d149cfe520d5ad4074ed582322f8a8ab352297b67da69e peer=2
2025-10-26T18:32:28Z UpdateTip: new best=5e66b23f7e3e9cf1f2d149cfe520d5ad4074ed582322f8a8ab352297b67da69e height=256 version=0x30000000 log2_work=9.005625 tx=1992 date='2025-10-26T18:32:28Z' progress=1.000000 cache=0.3MiB(753txo)
2025-10-26T18:32:33Z Saw new header hash=24324a3f50bde26566634e0a282c1401b3487b96d832dadb10d864265e63f10d height=257
2025-10-26T18:32:33Z Saw new cmpctblock header hash=24324a3f50bde26566634e0a282c1401b3487b96d832dadb10d864265e63f10d peer=2
2025-10-26T18:32:33Z UpdateTip: new best=24324a3f50bde26566634e0a282c1401b3487b96d832dadb10d864265e63f10d height=257 version=0x30000000 log2_work=9.011227 tx=2027 date='2025-10-26T18:32:33Z' progress=1.000000 cache=0.3MiB(760txo)
2025-10-26T18:32:39Z Saw new header hash=71fe28522f5174de5b76c344d6307891e0c90cf3169d85d7de43bc2eebf2f8b7 height=258
2025-10-26T18:32:39Z Saw new cmpctblock header hash=71fe28522f5174de5b76c344d6307891e0c90cf3169d85d7de43bc2eebf2f8b7 peer=2
2025-10-26T18:32:39Z UpdateTip: new best=71fe28522f5174de5b76c344d6307891e0c90cf3169d85d7de43bc2eebf2f8b7 height=258 version=0x30000000 log2_work=9.016808 tx=2063 date='2025-10-26T18:32:38Z' progress=1.000000 cache=0.3MiB(755txo)
2025-10-26T18:32:43Z Saw new header hash=342f6f7333f77cca6de765a45930f89940bc3e01ae9009ef55754f59b4866b4f height=259
2025-10-26T18:32:43Z Saw new cmpctblock header hash=342f6f7333f77cca6de765a45930f89940bc3e01ae9009ef55754f59b4866b4f peer=2
2025-10-26T18:32:43Z UpdateTip: new best=342f6f7333f77cca6de765a45930f89940bc3e01ae9009ef55754f59b4866b4f height=259 version=0x30000000 log2_work=9.022368 tx=2098 date='2025-10-26T18:32:43Z' progress=1.000000 cache=0.3MiB(765txo)
2025-10-26T18:32:48Z Saw new header hash=0d44da1f2a32d2362991e8e27a6ec56634a54110d647fbd3c672fba62a66bcff height=260
2025-10-26T18:32:48Z Saw new cmpctblock header hash=0d44da1f2a32d2362991e8e27a6ec56634a54110d647fbd3c672fba62a66bcff peer=0
2025-10-26T18:32:48Z UpdateTip: new best=0d44da1f2a32d2362991e8e27a6ec56634a54110d647fbd3c672fba62a66bcff height=260 version=0x30000000 log2_work=9.027906 tx=2136 date='2025-10-26T18:32:48Z' progress=1.000000 cache=0.3MiB(771txo)
2025-10-26T18:32:54Z Saw new header hash=1a02a1082096f1cf81e9fa0789de8cd1261f90d479b83d076d24c3f1c5f40d3f height=261
2025-10-26T18:32:54Z Saw new cmpctblock header hash=1a02a1082096f1cf81e9fa0789de8cd1261f90d479b83d076d24c3f1c5f40d3f peer=0
2025-10-26T18:32:54Z UpdateTip: new best=1a02a1082096f1cf81e9fa0789de8cd1261f90d479b83d076d24c3f1c5f40d3f height=261 version=0x30000000 log2_work=9.033423 tx=2174 date='2025-10-26T18:32:53Z' progress=1.000000 cache=0.3MiB(768txo)
2025-10-26T18:32:59Z Saw new header hash=7e5fa48a6db542eb0cc2015e4b13e53c0af685a3e60ab381eb226126c04dc02a height=262
2025-10-26T18:32:59Z Saw new cmpctblock header hash=7e5fa48a6db542eb0cc2015e4b13e53c0af685a3e60ab381eb226126c04dc02a peer=0
2025-10-26T18:32:59Z UpdateTip: new best=7e5fa48a6db542eb0cc2015e4b13e53c0af685a3e60ab381eb226126c04dc02a height=262 version=0x30000000 log2_work=9.038919 tx=2211 date='2025-10-26T18:32:58Z' progress=1.000000 cache=0.3MiB(769txo)
2025-10-26T18:33:04Z Saw new header hash=2ddfc0d5a57365eee05dc6ca7e10051f2f6386bf5dee99c5e7e959b65a9c98f8 height=263
2025-10-26T18:33:04Z Saw new cmpctblock header hash=2ddfc0d5a57365eee05dc6ca7e10051f2f6386bf5dee99c5e7e959b65a9c98f8 peer=0
2025-10-26T18:33:04Z UpdateTip: new best=2ddfc0d5a57365eee05dc6ca7e10051f2f6386bf5dee99c5e7e959b65a9c98f8 height=263 version=0x30000000 log2_work=9.044394 tx=2249 date='2025-10-26T18:33:03Z' progress=1.000000 cache=0.3MiB(776txo)
