txid,submit_ts_utc,confirm_ts_utc,confirm_block_height
1f3c87eaaf1ad2d5c6cfb28536813803360b8ad6b1735b8782a1302443b3b08d,2025-11-01T10:48:51.565519+00:00,2025-11-01T10:49:18+00:00,162
f0f2643669517f1a200d9fc3627bdce6a27e1ac9fa4ad249ccf3f3f49002493b,2025-11-01T10:48:51.701621+00:00,2025-11-01T10:49:18+00:00,162
5ffe81cf523d0d2a8045ef39c891b32e9d2af1e355c5a15779ad74f360f7b97b,2025-11-01T10:48:51.833190+00:00,2025-11-01T10:49:18+00:00,162
4b59d2e40807cf295e6d1bc3c77301e302cff3e65e5a2f07be3c47dfa4e53a3f,2025-11-01T10:48:51.962592+00:00,2025-11-01T10:49:18+00:00,162
84ccf6365887aef639166d42b995ca5d46cb9668ff7475db23059aedc6acf00f,2025-11-01T10:48:52.092693+00:00,2025-11-01T10:49:18+00:00,162
2e0c3c6e364ac2c75fe0de7a5c6511744fd1ed909ee28d2ee76ca9190046d9e8,2025-11-01T10:48:52.232536+00:00,2025-11-01T10:49:18+00:00,163
33cb5d4a32421bebbee263c38bc9940d047cf24daead80b858fac827e407f149,2025-11-01T10:48:52.364100+00:00,2025-11-01T10:49:18+00:00,163
478890eb46407c40ea0edc373cc33108799965fb627ebd8f2b8e574360cf6d01,2025-11-01T10:48:52.504296+00:00,2025-11-01T10:49:18+00:00,163
b838e0ca74cc7a33531571bc2efe98c970501805f53118048065662f2af9fbb9,2025-11-01T10:48:52.637681+00:00,2025-11-01T10:49:18+00:00,163
e213a18b4fff937c640a6f6bd673a508b67a551ab77e1c5802f913bf337da256,2025-11-01T10:48:52.771392+00:00,2025-11-01T10:49:18+00:00,163
c192da86bd82c307164a2a9d77003ab13aee15445657d687553304a336d43775,2025-11-01T10:48:52.901013+00:00,2025-11-01T10:49:18+00:00,163
1183e28bb80a0edb73c0c9626d16e5ae1ae444c64216af3be47cf1d581a2c7f9,2025-11-01T10:48:53.028193+00:00,2025-11-01T10:49:18+00:00,163
e2a62e8abbd2f5a42113941e5246b8d1931736475264ca57ca19437bf3a98825,2025-11-01T10:48:53.156607+00:00,2025-11-01T10:49:18+00:00,163
6108ed584474fdef18928dc3a0274803a2719d7c22c3d4867fcc250ff1584706,2025-11-01T10:48:53.299630+00:00,2025-11-01T10:49:18+00:00,163
231a3ee177d84921b112e4e4891adeca346a20d8728cec622c7474853370b4c2,2025-11-01T10:48:53.426997+00:00,2025-11-01T10:49:18+00:00,163
9acf053f320b21ad41fefa361aba562b083778d702ed7e322a63fd36840215e6,2025-11-01T10:48:53.558028+00:00,2025-11-01T10:49:18+00:00,163
60c5c8b6df408b07393304b57a47f199467577d0b36da4b32dd49769368d2363,2025-11-01T10:48:53.694416+00:00,2025-11-01T10:49:18+00:00,163
1340af08a51a9e9ea44d7ee73e1dfa469fab1e90639b2cd5c1f947b28e0a5bfa,2025-11-01T10:48:53.830760+00:00,2025-11-01T10:49:18+00:00,163
f22b4be1ced7481884d6fbc563caf54ac77d0dbab8c73aa70942ccea04c3839e,2025-11-01T10:48:53.957870+00:00,2025-11-01T10:49:18+00:00,163
19863fd198cd2966240036c4669bba5850a91d3271ebd5eb7b45ef1403175b3c,2025-11-01T10:48:54.092238+00:00,2025-11-01T10:49:18+00:00,163
774e55b8947fbc7f45c9884e4b83dcb4867e44e23d89bdcd39a3129bd4992ec3,2025-11-01T10:48:54.219193+00:00,2025-11-01T10:49:18+00:00,163
e6f454f16cf4f75801458448aef0446febc9b5605172564eca05873c2c023ae7,2025-11-01T10:48:54.345740+00:00,2025-11-01T10:49:18+00:00,163
258ad5207f38c7786c60868a0454657786109e55aafa2c54f341ca5b7bdef5e0,2025-11-01T10:48:54.468565+00:00,2025-11-01T10:49:18+00:00,163
65ef9291d37137ff06d9204a136ebedd07e8c22787420a36139236caf2a7ae8e,2025-11-01T10:48:54.592023+00:00,2025-11-01T10:49:18+00:00,163
369531c918d47980fccccf290f9dd3a3e6b54fb6d450ae67ae4386e7a9d57848,2025-11-01T10:48:54.714262+00:00,2025-11-01T10:49:18+00:00,163
0d0e5905b525b2b29b91e89ffc5cef7bbe14ef72e42e6e905533def640549e31,2025-11-01T10:48:54.838608+00:00,2025-11-01T10:49:18+00:00,163
7ab23fe1b9405104973b504f68dc4659481ac033c196ab9d0581b7320bbdd1ec,2025-11-01T10:48:54.959476+00:00,2025-11-01T10:49:18+00:00,163
7d7cbad6afba1b0591bc4e5bb36de35ad283ce56cfc5a62a7301e023d22d97bb,2025-11-01T10:48:55.080073+00:00,2025-11-01T10:49:18+00:00,163
3a2cc873468f93e90caca678617d0024d6efcdb2e5b1f8e27616bb6b29998362,2025-11-01T10:48:55.205329+00:00,2025-11-01T10:49:19+00:00,164
50144a6f72bab9bcab7755ac36c68376a726877d0d45f573de5411356477a6e7,2025-11-01T10:48:55.326061+00:00,2025-11-01T10:49:19+00:00,164
9176df310f7e739170b025c3faf392f946733d8e194ab59c49ca043a8e5c8121,2025-11-01T10:48:55.449582+00:00,2025-11-01T10:49:19+00:00,164
0b72cb93661dd59355a9e267227fe2e095ebf78214c4eab13c596d22f2f55e9f,2025-11-01T10:48:55.570423+00:00,2025-11-01T10:49:19+00:00,164
65729e67d4fbdca79418054d66b67c41a569dd0487c38a233bfaa62a00443e1b,2025-11-01T10:48:55.683562+00:00,2025-11-01T10:49:19+00:00,164
46f9dc06c63e65a0f7c2c9f2eaefc0b10d24bcab15a4402a97a56826f500ac2c,2025-11-01T10:48:55.795789+00:00,2025-11-01T10:49:19+00:00,164
3ad6c49d16b5c3aab6548ca8374f1beab0f4d77a30dac0d646ed6b7f71170aba,2025-11-01T10:48:55.906278+00:00,2025-11-01T10:49:19+00:00,164
a7d25c97dfed510db39233cd4bdde26245253aee0ca8cf4c127ac2f1a75c25fd,2025-11-01T10:48:56.017207+00:00,2025-11-01T10:49:19+00:00,164
64d3c843c5773556fcde04d10a3f6d3ff9131f64e73dd411e4ba070b817c08fb,2025-11-01T10:48:56.132943+00:00,2025-11-01T10:49:19+00:00,164
6ee46c1dabd1e6bc054f7826de94adf4a2bc7bedfb38572610fd9e046a3a1273,2025-11-01T10:48:56.259928+00:00,2025-11-01T10:49:19+00:00,164
6c639812ff54c848d555acbb3a2d863b31609352960755b249ab3a2af7423d34,2025-11-01T10:48:56.379719+00:00,2025-11-01T10:49:19+00:00,164
ce8f81347b1cffc2240034da6bc2807f6ab98c698b2cb9ffbca500f86e51a837,2025-11-01T10:48:56.503746+00:00,2025-11-01T10:49:19+00:00,164
d78a8f2362fcdbb2f7037f1f27a990aed3d68d6b1b21995b3c97093b4759ff83,2025-11-01T10:48:56.628355+00:00,2025-11-01T10:49:19+00:00,164
ce15eaa18ed904c95071342d36ceb1d246e6c0f6eaa5e1b27653734166b64072,2025-11-01T10:48:56.750716+00:00,2025-11-01T10:49:19+00:00,164
026f2263d08ebe162870177a7c2bce6bbadad6d018d676ca70bb168da319edec,2025-11-01T10:48:56.876766+00:00,2025-11-01T10:49:19+00:00,164
7da9ac08d014d99b2a787497f890eea9d87b086659d1c4f46d76e1b9ee7afa50,2025-11-01T10:48:56.997152+00:00,2025-11-01T10:49:19+00:00,164
528405f92c5e2287986de34d840141a2a47f297280538056f5447e18c5926f28,2025-11-01T10:48:57.120214+00:00,2025-11-01T10:49:19+00:00,164
7968985fa0a2b98abae94d6eb6328935f7d7a018a1780f38b1b87ed7e1de4e93,2025-11-01T10:48:57.241727+00:00,2025-11-01T10:49:19+00:00,164
c42e1af5784144b0d2a741739c3f745aed4e32cc0cc1c28c4c8094af2472379a,2025-11-01T10:48:57.364342+00:00,2025-11-01T10:49:19+00:00,164
7d393b5c6ed7e1521194c9c48714a930fbfdf89dc0a8f5911b7833428b50327b,2025-11-01T10:48:57.492586+00:00,2025-11-01T10:49:19+00:00,164
aad2f9c11eba7f4dcc14be0be93b5ef9df02176a305f3c001136c9677ac5a13d,2025-11-01T10:48:57.630184+00:00,2025-11-01T10:49:19+00:00,164
bb4cf949e9954479a944159a29d1a58ec4fd3666d2cb5ef56af15bcefc0f3d80,2025-11-01T10:48:57.756647+00:00,2025-11-01T10:49:19+00:00,164
7b44600b9676107422f293dd2583fa158c7ddbcc81cae97bb3c11911a75910c3,2025-11-01T10:48:57.882177+00:00,2025-11-01T10:49:19+00:00,164
1fb35009e70a2e69c9c4e7f262f157e3ff9940429dceb02931de11de4b35553a,2025-11-01T10:48:58.008521+00:00,2025-11-01T10:49:19+00:00,164
cfeb6b6374d3470bf59ce437e24154365d43100e5346a78f8c70eaad5e1a07ac,2025-11-01T10:48:58.131924+00:00,2025-11-01T10:49:19+00:00,164
9539f76bba0de231f29668f1594226ad26f5ba95732c83ba8229fc6f41414c30,2025-11-01T10:48:58.258606+00:00,2025-11-01T10:49:19+00:00,164
6915b7349764ba0289c48f751af5675d40ef51d8de1d855264ebaac26957d466,2025-11-01T10:48:58.383844+00:00,2025-11-01T10:49:19+00:00,164
cb8daa3957e0360b78e26e197cc9da91a878c9794e48ac4865cdc89a867c890e,2025-11-01T10:48:58.504495+00:00,2025-11-01T10:49:19+00:00,164
021a4ef1a9f9fc3a4f97974e69956127fd5effd31662ed7a5cdb8013c31f7b26,2025-11-01T10:48:58.623989+00:00,2025-11-01T10:49:19+00:00,164
debd9ed616031ab358f899b998d4a50e1140c60ad81851b8998bbf49f8419b9b,2025-11-01T10:48:58.750642+00:00,2025-11-01T10:49:19+00:00,164
5d0f3e36d0b8ce94acd323b16043f4d700072b1c3747f1592b1f71d9fbfa6a96,2025-11-01T10:48:58.871885+00:00,2025-11-01T10:49:19+00:00,164
f0064fb0ec0d8b065c7854cf59a3c94154ffe6be19191b01bbf87a24a399108d,2025-11-01T10:48:58.994941+00:00,2025-11-01T10:49:19+00:00,164
90b26debde73494f6fe3535f68ebd8f403f4bba074b4f0d09441c4a99cfd5166,2025-11-01T10:48:59.117026+00:00,2025-11-01T10:49:19+00:00,164
a67ab186e99014ee79224308c6856c14bc86b520a81cf8088f1fa60d369c01a1,2025-11-01T10:48:59.236252+00:00,2025-11-01T10:49:19+00:00,164
f68e0e54359cbafbd07b984a290986cd6eba102e7b5c16c4fa47c5138e0a4052,2025-11-01T10:48:59.360241+00:00,2025-11-01T10:49:19+00:00,164
de55e4a97b9ee1aba5460a68fbbb0d008f0346962ea2c27897f869f15bb0fa31,2025-11-01T10:48:59.479905+00:00,2025-11-01T10:49:19+00:00,164
1b16d4ad1f2a5d6fc476edbc68864d7a38b60c792b694cd877effd55f2801ac8,2025-11-01T10:48:59.601010+00:00,2025-11-01T10:49:19+00:00,164
c610c732e1667c5af7f826859bff4576201f1883c9a59259d9164804ea207fee,2025-11-01T10:48:59.718106+00:00,2025-11-01T10:49:19+00:00,164
3c993fc402dc81baa81faa9f6a145d5d9bc15658baeeb9e81c3d703f80cc1edc,2025-11-01T10:48:59.843187+00:00,2025-11-01T10:49:19+00:00,164
f8a91702e658a5ab0e779d8d60b858a066c5654bd80479739ba35c478399cc73,2025-11-01T10:48:59.970209+00:00,2025-11-01T10:49:19+00:00,164
ad5fc281a5892756910a7fd6e24d1d028babb175c08b13db8c54fcea9cd5c97b,2025-11-01T10:49:00.083557+00:00,2025-11-01T10:49:19+00:00,164
6856e7de56a1cdd89dc8729e4872258e163bda1e334d5dbdd705c742ca4f63f6,2025-11-01T10:49:00.209249+00:00,2025-11-01T10:49:19+00:00,164
a6057b6fab91d493b3b83e6a24f146d9362fad14e004559efe60db6916ff4674,2025-11-01T10:49:00.338551+00:00,2025-11-01T10:49:19+00:00,164
34a4d7d1d4a8565a964dc179ecbe1322c8c6f43627c6e432adf4f3b1d6a0a5fc,2025-11-01T10:49:00.465078+00:00,2025-11-01T10:49:19+00:00,164
8a1dd8174a79e0f89c74fb607a7a26a70bbaf0c8455930a670d12a95c5a3ab6c,2025-11-01T10:49:00.584822+00:00,2025-11-01T10:49:19+00:00,164
8a0df559bbf2c3a7c1afd76a6693e3446419063e13aeed817db39e450567f019,2025-11-01T10:49:00.723491+00:00,2025-11-01T10:49:19+00:00,164
4a24d3b6d9ab7ca9b2b4a9af32fee190922b2c31a41208807f2801fe3496ea45,2025-11-01T10:49:00.837972+00:00,2025-11-01T10:49:19+00:00,164
30393d2e967444535f2363e339ba7d89111729a635eaf099ba1471516bd5a9b5,2025-11-01T10:49:00.951407+00:00,2025-11-01T10:49:19+00:00,164
97ad2a2a7d37f3b3622d17749336ea1b2ecc935198b0c8d937154559b432de45,2025-11-01T10:49:01.067575+00:00,2025-11-01T10:49:19+00:00,164
3d96aff6d06305c8f271cb65c54769aaeafb0ee3980b2ddd7e0a36dadba6cbd7,2025-11-01T10:49:01.189234+00:00,2025-11-01T10:49:19+00:00,164
5d67bfbc8369f17d836df01b3f1d774ee1afa7b46802865f9ca9690093390b63,2025-11-01T10:49:01.310715+00:00,2025-11-01T10:49:19+00:00,164
67955323e04572a94b19be2a23821a8f76145cc1f4df08d446fe39d1d14f8d79,2025-11-01T10:49:01.431932+00:00,2025-11-01T10:49:19+00:00,164
030611a2fe1b345531d93399a55274ab9923cbeefeba7c858ba501f669cc52dc,2025-11-01T10:49:01.557018+00:00,2025-11-01T10:49:19+00:00,164
3a573d5473601002174c49939331376592570b1f3d63a9ed049b75b6d994fdfb,2025-11-01T10:49:01.677924+00:00,2025-11-01T10:49:19+00:00,164
baa209ec5f80624afe748431c3918d551cf016da9bf1ab25bc527ef7a6c31443,2025-11-01T10:49:01.802549+00:00,2025-11-01T10:49:19+00:00,164
b34907b5dd77a3f78b85363b902f0a5612e64e5ba2b2da35c69b40c5feb9c057,2025-11-01T10:49:01.925762+00:00,2025-11-01T10:49:19+00:00,165
5139ea97ecc0920b10d0967e8b9a28baf76382bbd4b233d7f0427ff894b76416,2025-11-01T10:49:02.050098+00:00,2025-11-01T10:49:19+00:00,165
efc887b8bf9b0c1658646279835bc7e9f04a4f6365b0ed6df8af64f4e25f6f53,2025-11-01T10:49:02.166798+00:00,2025-11-01T10:49:19+00:00,165
0bf435f0e3e3f350d3b55126d59cfa1e51bfc79eafe571d21201fc82ae6d5f13,2025-11-01T10:49:02.289428+00:00,2025-11-01T10:49:19+00:00,165
11d3ce27b65a8ec735e6bbf220e04b8663141674a562c3d2be0f18ca70bd2f02,2025-11-01T10:49:02.409429+00:00,2025-11-01T10:49:19+00:00,165
6a4d3330f2b0f832fe59cba6c4eca864be81fe48707e82e8ee27154c4bf620c8,2025-11-01T10:49:02.532581+00:00,2025-11-01T10:49:19+00:00,165
5a82ad388c476281acfc4a8df2fafa05f9faa9d4ea9bda6d671ea571b0793ba3,2025-11-01T10:49:02.652777+00:00,2025-11-01T10:49:19+00:00,165
e997a4e93607920ff4aeb8b71af44ee42c73a6ef917b330136d31dc1a3d8c271,2025-11-01T10:49:02.773189+00:00,2025-11-01T10:49:19+00:00,165
bd609cdd6e6999ec34423b20fa5539ee147e408fc8b88b2f5491d2feedf7198c,2025-11-01T10:49:02.900349+00:00,2025-11-01T10:49:19+00:00,165
c60041140fe102c951f84b07b5ce0ef771f34eca9936fa43c1241aeccd27a0d3,2025-11-01T10:49:03.024047+00:00,2025-11-01T10:49:19+00:00,165
464b45faf16afd1ad3277e3488140632cd942ff9462d9cf2ea944ec4292f0e48,2025-11-01T10:49:03.148203+00:00,2025-11-01T10:49:19+00:00,165
5d6dece03d43d60e3106c76371bbddc7893380a9972ff3384fffff3a65166ee1,2025-11-01T10:49:03.269806+00:00,2025-11-01T10:49:19+00:00,165
ffa43929b371f01173460fe5fde9b1fc7d5b00c181b8e2d8f7e09e90a736b567,2025-11-01T10:49:03.395836+00:00,2025-11-01T10:49:19+00:00,165
7e40a6cdd36215c785e050c5d4cce35c073fcac7cce7263744fd82fd0040a7f2,2025-11-01T10:49:03.513608+00:00,2025-11-01T10:49:19+00:00,165
c012b9e68aae80951ff24c4b18b3e36b4c302b0b579dc6e863ffbf0f484cd2ad,2025-11-01T10:49:03.637127+00:00,2025-11-01T10:49:19+00:00,165
fcb2b17697b46dd4fe247a820b63c1ef43f61c813d49c676a2765cc6f3a6e39f,2025-11-01T10:49:03.762752+00:00,2025-11-01T10:49:19+00:00,165
c2d56b9b0d78d6f845d4a9a4b1223def290c4f54280ca6d0a633025878e78cee,2025-11-01T10:49:03.887262+00:00,2025-11-01T10:49:19+00:00,165
093a9cfcddf831ddd799e07293aa5eadf3e9bae36c02d68ab001cf09a58328c4,2025-11-01T10:49:04.010067+00:00,2025-11-01T10:49:19+00:00,165
2e514d6bf9b195f9fd78f16b964830efde70c84f8fee1b733f1ebf67691cce56,2025-11-01T10:49:04.140701+00:00,2025-11-01T10:49:19+00:00,165
6a48eedaefa72f644443736657249b2d1f1423efcc7cd29c520c521a61304caf,2025-11-01T10:49:04.261592+00:00,2025-11-01T10:49:19+00:00,165
1d25990516dfa18de789f05d2f8ac0920670bd245e60fda6823ae296ed63471c,2025-11-01T10:49:04.384463+00:00,2025-11-01T10:49:19+00:00,165
78993d48de909ec6f8fbd9dc16d2a584172a6553404464f5d37c299105b7f805,2025-11-01T10:49:04.509700+00:00,2025-11-01T10:49:19+00:00,165
b66386c49cd81b43f1fefe0cc8db2610a1ee4cacac1090e4ec6407691f3f296a,2025-11-01T10:49:04.631754+00:00,2025-11-01T10:49:19+00:00,165
bbdc3d0f509ebe9d303fb1e78b4ce1764fd9ed024a0ac812a6d555acfa796b20,2025-11-01T10:49:04.757124+00:00,2025-11-01T10:49:19+00:00,165
ffff7f68ace223a5333b07740f70a0620adac0258b7a95a5e91eca01c888f85e,2025-11-01T10:49:04.888606+00:00,2025-11-01T10:49:19+00:00,165
0b49744fc577fb407541d79f79f544c5409b6a8710ce12422f66f1b25dbdd992,2025-11-01T10:49:05.011264+00:00,2025-11-01T10:49:19+00:00,165
fb5ceb0d7bee9ee0af3029525d1996a1af256d25ebe8e196c3caedfbe732db2a,2025-11-01T10:49:05.134327+00:00,2025-11-01T10:49:19+00:00,165
e0cbeae38680b090785c20911daf17c836fb27cd10a42f941f521e24bda48d36,2025-11-01T10:49:05.255332+00:00,2025-11-01T10:49:19+00:00,165
b9ccdec8c954999757d2f3b5d71535424e0c3043fffdb37beba43d0c6f37c5b7,2025-11-01T10:49:05.377255+00:00,2025-11-01T10:49:19+00:00,165
76f5c8a34f1f7d72526f8df613ef1020c544dc164918888e65aedec0f9c4496e,2025-11-01T10:49:05.500476+00:00,2025-11-01T10:49:19+00:00,165
41af09719ae0dc1d622a4aad6a1004e720d5b2bacdc709a7d1713506175de1f2,2025-11-01T10:49:05.625090+00:00,2025-11-01T10:49:19+00:00,165
4f75a9f8552dae0f5efd8060a5e1904f43c4f4006cc1b109d13a6d922a0ef0ff,2025-11-01T10:49:05.837356+00:00,2025-11-01T10:49:19+00:00,165
9ce6e8523412a54a3036f414d3546ac8f49f1565394f97710b3d4cf130314ab6,2025-11-01T10:49:05.949902+00:00,2025-11-01T10:49:19+00:00,165
ba8b5f772d41663ef4723e6f3357d5b9dea30817d035bf628aee5919add233f4,2025-11-01T10:49:06.065563+00:00,2025-11-01T10:49:19+00:00,165
c8aef848cbb5c9b2b04daf232b21e210cee17d1b6cb42097de8921cc06a7ed5e,2025-11-01T10:49:06.184250+00:00,2025-11-01T10:49:19+00:00,165
2a57f6753d960fddb8256190e8fd02b9436547814b66203be02e7e241a0ceef8,2025-11-01T10:49:06.304790+00:00,2025-11-01T10:49:19+00:00,165
3a3a466ce42cf0ee394d8b22c835989a2f4570a64d5e86a72bb957ebefd66047,2025-11-01T10:49:06.430781+00:00,2025-11-01T10:49:19+00:00,165
17c9d0490c8da3bb183cf3507a44320c5af20f4161924ab412a87b9810618aa6,2025-11-01T10:49:06.620210+00:00,2025-11-01T10:49:19+00:00,165
95779d6a7cb5ddb11993d9ff6becbb29c3ec726509bf756a41c7fbdef55d2324,2025-11-01T10:49:06.731370+00:00,2025-11-01T10:49:19+00:00,165
80144821334ad2a65ca2285314c383936b34757b213756bd90f5aed9217cdd92,2025-11-01T10:49:06.847386+00:00,2025-11-01T10:49:19+00:00,165
c213a1a25cb0a88a5464a16f744e3a26a6995084f383385534157e64cf387178,2025-11-01T10:49:06.970529+00:00,2025-11-01T10:49:19+00:00,165
eba853583cfb92b8d7894a22eb446c606d01e098e5213c6e66e2d883855ed49e,2025-11-01T10:49:07.094976+00:00,2025-11-01T10:49:19+00:00,165
9e9168f2a0c7dc736e4df99b787bacd18ba92f96503a876acdf70d16c173b311,2025-11-01T10:49:07.209235+00:00,2025-11-01T10:49:19+00:00,165
0cd9260af07421674720457dda7a83b00761d4e0276ec1a413ae272c89f4f178,2025-11-01T10:49:07.325745+00:00,2025-11-01T10:49:19+00:00,165
44e439b1e9ff884c35542d1cbf631708edce8ad96ebe0f56d26ccfa2d4e56430,2025-11-01T10:49:07.446866+00:00,2025-11-01T10:49:19+00:00,165
c8e0de618623e4f61b277c8ca4bce649c431eaa38be1958eed920c5483c31942,2025-11-01T10:49:07.565015+00:00,2025-11-01T10:49:19+00:00,165
726bf8e42bfb7fe991f11af800390c0fa752105d19112f6bfd6d52f498c8bd9d,2025-11-01T10:49:07.678760+00:00,2025-11-01T10:49:19+00:00,166
ca24d50c2820142202d920cc9e4f3041c758bd27f052b88aa23e1b7c50d0f79a,2025-11-01T10:49:07.795620+00:00,2025-11-01T10:49:19+00:00,166
6d7026ab7020954bb1fce54c6aeb79ef2b52ab7182b3b5f0845cfdeb92547841,2025-11-01T10:49:07.919806+00:00,2025-11-01T10:49:19+00:00,166
e76851b547575808342355f547082fb630c740ceeb2ab7d414ecae62fb345640,2025-11-01T10:49:08.034175+00:00,2025-11-01T10:49:19+00:00,166
ead18393fb29d9f52fc10bdafa6244b1912b860b2e9287d3dcb2d3dc057895f3,2025-11-01T10:49:08.152783+00:00,2025-11-01T10:49:19+00:00,166
ac102fcce111d6398418c35df7fe15289f828eb791a5a505d93036d78d25483e,2025-11-01T10:49:08.275330+00:00,2025-11-01T10:49:19+00:00,166
1b558ec4f201de2ae2a4d3bb215283315e114184e721e402be9a915329b0d4db,2025-11-01T10:49:08.396686+00:00,2025-11-01T10:49:19+00:00,166
292e859347a83a1bd4d508c1041ad996710d999a080157d1c745400a8e0a8ab2,2025-11-01T10:49:08.516725+00:00,2025-11-01T10:49:19+00:00,166
4c7c3999fb1af10e573e318d5d809439850042e3b1278b4ac64cbf45877c2f46,2025-11-01T10:49:08.637754+00:00,2025-11-01T10:49:19+00:00,166
718e6bd736af66fbe8befb447958fde22a4d3a98e5ef22622ef0861cbbce7182,2025-11-01T10:49:08.768853+00:00,2025-11-01T10:49:19+00:00,166
ed1c9fd63d010eef785a1a16ac0afa5ffbcdc3b299f9b28dda8dc53e27d59408,2025-11-01T10:49:08.891746+00:00,2025-11-01T10:49:19+00:00,166
250b6166eb939800814763fe2802de45384f565bfabffa2771b728dd7df406e6,2025-11-01T10:49:09.017872+00:00,2025-11-01T10:49:19+00:00,166
a13056d433c8db4a02d2ec75088e09d56a57e176429d23c145440e95c5270d99,2025-11-01T10:49:09.147880+00:00,2025-11-01T10:49:19+00:00,166
72afb6285616a2cf9ef335c988854d0960b591d802f35370dc3645c67f8f949a,2025-11-01T10:49:09.267989+00:00,2025-11-01T10:49:19+00:00,166
f93a5fbcd5a19e37e3f06e897e3fc917ec0f08e4f84776da6f2c36abf211f487,2025-11-01T10:49:09.389757+00:00,2025-11-01T10:49:19+00:00,166
073da5bfd5de8b3cfd7624390645680e06f0258153d6e0058a73b6666fb99c65,2025-11-01T10:49:09.508901+00:00,2025-11-01T10:49:19+00:00,166
5073c3b13f03bf80b30b738458607d2792799a744fb43196a6fff6873aa73301,2025-11-01T10:49:09.633767+00:00,2025-11-01T10:49:19+00:00,166
3c2035313451278aed45522fd4927b095597b2a2f511a01ecdbc7760d96c9e60,2025-11-01T10:49:09.752555+00:00,2025-11-01T10:49:19+00:00,166
126473fb6fb3e28e1e8aa6e03e76302458b2e96f3700c8c90889f431c0170375,2025-11-01T10:49:09.872677+00:00,2025-11-01T10:49:19+00:00,166
418d0912f4521110008fcac4a1c9d31ea318d9a1d22d6817b235e4266868154a,2025-11-01T10:49:09.988994+00:00,2025-11-01T10:49:19+00:00,166
bc81b3fa3bb65bfd3a9fc4035ac2ba8a82521fc2ca0802a5a8b1360a716796d6,2025-11-01T10:49:10.113203+00:00,2025-11-01T10:49:19+00:00,166
8c35237e00aaf537aa219c28e3456b27e50ca0c67a2a72bb8bbd2ad876c08a8c,2025-11-01T10:49:10.240027+00:00,2025-11-01T10:49:19+00:00,166
4dac825e12e7185735968748bd512dacdfdce3b0159fc1e42558ef1263f01417,2025-11-01T10:49:10.361729+00:00,2025-11-01T10:49:19+00:00,166
95556231ce2ae56a3170af3f9350c1bb96a9b334edd5b783d5585420b362e5d4,2025-11-01T10:49:10.490160+00:00,2025-11-01T10:49:19+00:00,166
29909264535467f70a1a46c3bd43986af707f495f1c7396a7a25ebbbb879d2aa,2025-11-01T10:49:10.614727+00:00,2025-11-01T10:49:19+00:00,166
c983a150c0f33863bf2a5de0588ef2293edefc7a24f08e81b172b3c0d80dd086,2025-11-01T10:49:10.750152+00:00,2025-11-01T10:49:19+00:00,166
97a064df7299fb18b410179587331f8a832a81e1a1d0822959e8e274e3ae4c0e,2025-11-01T10:49:10.945872+00:00,2025-11-01T10:49:19+00:00,166
f6af561df6868cf7472ae9f140035c1ccca4c2793996817c7d302a5c686817ef,2025-11-01T10:49:11.061099+00:00,2025-11-01T10:49:19+00:00,166
e3e46fa62548d8ecabc9c36f849cd7b5cad79708993fe0c52f7ab3ba59843676,2025-11-01T10:49:11.176638+00:00,2025-11-01T10:49:19+00:00,166
e9f12671e711a7f0ff6a0965ca2a7774981b013f2160963c5f65cb0aa136b850,2025-11-01T10:49:11.293342+00:00,2025-11-01T10:49:19+00:00,166
fe9931cdcc46bd0d78ed910b9c74f859eece467c9460a18fcca79c975486cca6,2025-11-01T10:49:11.410940+00:00,2025-11-01T10:49:19+00:00,166
49f90d24a8aade127aebf23c51c2a24c7c1fcc73b7e198402fe32c2b7d395fc8,2025-11-01T10:49:11.533334+00:00,2025-11-01T10:49:19+00:00,166
c3dfd52015580e44d7346c227ee2c9f7e68e2177196991eece7a029d8c7f58e6,2025-11-01T10:49:11.655030+00:00,2025-11-01T10:49:19+00:00,166
dbe4f179274a0fe3be32c270430ac56ee6c918490f2fdf870278dafc48e18f08,2025-11-01T10:49:11.779460+00:00,2025-11-01T10:49:20+00:00,167
6d31192d66ef404a5da61be4a3be2f49e09c380967b6e137e54178186de15b82,2025-11-01T10:49:11.904184+00:00,2025-11-01T10:49:20+00:00,167
dfff6831aad4a9cc77e27dafdaa3e307942bae65e89c8aecc5749057674d1e12,2025-11-01T10:49:12.027916+00:00,2025-11-01T10:49:20+00:00,167
609f9913c946b64cfe3d4e0d103ebd7e1c76b01f04f53db34eca7426bb6e8370,2025-11-01T10:49:12.151817+00:00,2025-11-01T10:49:20+00:00,167
5fcae98390cfe058394f3fd55a724ae3752496a2a7ec810f2714b8571e0a880a,2025-11-01T10:49:12.281227+00:00,2025-11-01T10:49:20+00:00,167
1dfc8c5d6344e544c18ab1ca9dc0db18042fb01e88c1a19dc44416ec2f15f6e2,2025-11-01T10:49:12.393285+00:00,2025-11-01T10:49:20+00:00,167
fd57333e467ec2d50df82f57a0de472a46a65349e8b020115da8f9d621b5341d,2025-11-01T10:49:12.512652+00:00,2025-11-01T10:49:20+00:00,167
5944fff69f518963326b79ae02bf4a440f142630b04bda00716235044fd5b09c,2025-11-01T10:49:12.624045+00:00,2025-11-01T10:49:20+00:00,167
6d4c90363732a263c851caa6ac2de556aede91b73c47138add6840975097e96e,2025-11-01T10:49:12.735178+00:00,2025-11-01T10:49:20+00:00,167
2bec4f12a5f911c29e350177e64f63bd28027ebbd3390b3445b73801ea653eab,2025-11-01T10:49:12.853280+00:00,2025-11-01T10:49:20+00:00,167
ba7db8e737766b02731048ed906deba917cdf1032178d244ebe5a94a7770d30a,2025-11-01T10:49:12.969089+00:00,2025-11-01T10:49:20+00:00,167
e583436fdee0e3486b307d297e6bc0b63a890e95f338324b128553faa5595813,2025-11-01T10:49:13.084599+00:00,2025-11-01T10:49:20+00:00,167
149343d2dfa77f7f8fb394dce0a4924b2ea8a1232c9dd70106ab9c6b4bb35813,2025-11-01T10:49:13.204336+00:00,2025-11-01T10:49:20+00:00,167
34147abfd05dba6043dc60ac6d05bde1d5db854290539b4bfa3797aae3110687,2025-11-01T10:49:13.318244+00:00,2025-11-01T10:49:20+00:00,167
9fed5eebb46cea1bfa53fcc3e29f18de5168dbbe9800ed4eb5724e519e52d3e1,2025-11-01T10:49:13.430906+00:00,2025-11-01T10:49:20+00:00,167
aaabbd973090215ed7298cad0171bd1487b88faca4979aa3e191b7f40c7827d4,2025-11-01T10:49:13.542632+00:00,2025-11-01T10:49:20+00:00,167
1df307a2f1b469c9906e06ccd794ea3a0025c50e64d6c08d1f82e7c5e93c98cf,2025-11-01T10:49:13.657035+00:00,2025-11-01T10:49:20+00:00,167
e53991544fed67342f612a4820727c3f1eaf584ac16eb6f898f6af6e9a77e959,2025-11-01T10:49:13.771221+00:00,2025-11-01T10:49:20+00:00,167
be956d71e83e73028e025a6597ae5a2256246fe98fb162cf59a31063c04a2e12,2025-11-01T10:49:13.896016+00:00,2025-11-01T10:49:20+00:00,167
237d95e47f1379c7575ddb18211a3f344bc5e38ca4e78226a36c3dae2a0018f1,2025-11-01T10:49:14.016234+00:00,2025-11-01T10:49:20+00:00,167
2c780342f96c9b38cac2b60714167955f40f9b1ea4d944f0b124657f40d4b7b8,2025-11-01T10:49:14.134478+00:00,2025-11-01T10:49:20+00:00,167
453260857765fa10bbaf0e550daa6aa171474aa10f07065693d66f3a054f3610,2025-11-01T10:49:14.250397+00:00,2025-11-01T10:49:20+00:00,167
f0887311ce0e088afec14bd427c6845d5c3bf6cdfb1c521329a7876a50c40323,2025-11-01T10:49:14.363920+00:00,2025-11-01T10:49:25+00:00,168
86710fe2d57f5b3b3c00eb29ec8252c357e68861024b8339f215dbb65c58dd1e,2025-11-01T10:49:14.481633+00:00,2025-11-01T10:49:25+00:00,168
979d85ea75786cdafe55e22f23d2e7440975df6cdbbab527ff946c7ae64547c7,2025-11-01T10:49:14.608560+00:00,2025-11-01T10:49:25+00:00,168
3ef7f2075e825a58d438a01fd6e4745c370ef9a1f437d72df426ddebf91abc27,2025-11-01T10:49:14.862649+00:00,2025-11-01T10:49:25+00:00,168
1bc0fcaf8c2093da64fda6899d90df56c1a449e010245183b8f006abf4c16480,2025-11-01T10:49:14.998321+00:00,2025-11-01T10:49:25+00:00,168
865e3d56732d77e7acf60714753d149b76f30b866600cf873205bfdfeb6fa8bf,2025-11-01T10:49:15.126774+00:00,2025-11-01T10:49:25+00:00,168
53361b0918cea7fa82ab2af25f78a1f0329b7002a09dd02abc2379824a45022f,2025-11-01T10:49:15.246657+00:00,2025-11-01T10:49:25+00:00,168
a55ea0aa89b5e0eacffd52eefef47ff82796d0a4c81152ec400d311012e740fb,2025-11-01T10:49:15.361935+00:00,2025-11-01T10:49:25+00:00,168
67f691c9a59f5bb928c3f94442d39103d82ae12fb24bd3165e2228d8a4b14db1,2025-11-01T10:49:15.515374+00:00,2025-11-01T10:49:25+00:00,168
9c25e1004a1ffbbca216d54c50a576502f773c7c1928743dcff1e679f20a55d5,2025-11-01T10:49:15.667106+00:00,2025-11-01T10:49:25+00:00,168
e09025163e799dd3d8de894038b7435cbb5f59441714fcf4d73731bee5250c82,2025-11-01T10:49:15.787889+00:00,2025-11-01T10:49:25+00:00,168
603eb0a2b15474dfaa5c61375ce4e2762f60bc53426816b56f495f181d9618c2,2025-11-01T10:49:15.971623+00:00,2025-11-01T10:49:25+00:00,168
26184623d23e4089665224cf2dc168e244506055c1d88539793be089a82df1ac,2025-11-01T10:49:16.097906+00:00,2025-11-01T10:49:25+00:00,168
47bfa71007245d4e7820efaed2dadd2e081b35d1e0f9e83bd4783af42d68c757,2025-11-01T10:49:16.215490+00:00,2025-11-01T10:49:25+00:00,168
f32f6b2e2c92a017ec69c1221033aef0d11a5cd3a7719de416c24e021bb5b574,2025-11-01T10:49:16.332515+00:00,2025-11-01T10:49:25+00:00,168
b69dbc8703b43d5f878d91d0194d5a70ea2b08ebc6fa12292ca88fb573427a37,2025-11-01T10:49:16.449115+00:00,2025-11-01T10:49:25+00:00,168
4f5329fdec3b45532c6b6fba4fa58e94fb8dd0ad8b0805aea1712f5b2dad8a90,2025-11-01T10:49:16.562344+00:00,2025-11-01T10:49:25+00:00,168
635031331d6aee7d160dfd5c61cc3c62fa23a943e6bb8e7417059bbb4ccc501f,2025-11-01T10:49:16.676660+00:00,2025-11-01T10:49:25+00:00,168
7f67fedcf5d2aa1ef0fef7003db65b28e9bfc2b245293ed560cc98820a49ffc4,2025-11-01T10:49:16.794413+00:00,2025-11-01T10:49:25+00:00,168
5294746952d1e24f1d4c5b613e4f75366af09c2bedf781cd3f978046d1386723,2025-11-01T10:49:16.907350+00:00,2025-11-01T10:49:25+00:00,168
9e090a5e467d940373e71d263e63d21ace746d0aa611eba98c4f98eada54fb21,2025-11-01T10:49:17.021122+00:00,2025-11-01T10:49:25+00:00,168
05c21353e9ed512e72327be7b8d73d01a2a3b08ef2777ce33b6dd9f7727122c5,2025-11-01T10:49:17.133627+00:00,2025-11-01T10:49:25+00:00,168
84168e73dbc33c151a986b9844c595cd7e44690b4bf422616b9e88c7794db6d7,2025-11-01T10:49:17.248095+00:00,2025-11-01T10:49:25+00:00,168
18530c2413001ef283d15953fe6dd1dc6b295afdf4572d105c3cddaffa8e1c9e,2025-11-01T10:49:17.363990+00:00,2025-11-01T10:49:25+00:00,168
98330d11b45b8c4ce733cd991a02acdfbc312aa414ce99847f2860ec2c01d926,2025-11-01T10:49:17.483339+00:00,2025-11-01T10:49:25+00:00,168
56976ea9c29494014b04eb525448a9cc58ea14d3c6661cc30aa2b5b6dffbf047,2025-11-01T10:49:17.602385+00:00,2025-11-01T10:49:25+00:00,168
01d5a093e7accf1e0ef31db8ad5e22af17904cbf399bbef7812e78c06394c9a5,2025-11-01T10:49:17.725114+00:00,2025-11-01T10:49:25+00:00,168
f6147e5c1ccd41bd54b6954a5ae3f60c030ff228b0771918a69242ce44f58371,2025-11-01T10:49:17.850108+00:00,2025-11-01T10:49:25+00:00,168
910ec24f515ee1108641a77df0cbbed1e7a1433c12393023a8d7cf59c1852479,2025-11-01T10:49:17.973004+00:00,2025-11-01T10:49:25+00:00,168
dcecc99595dead9c30d2e001fdf217de0fe33149dbf06cb59250a89bb0d45d4a,2025-11-01T10:49:18.090934+00:00,2025-11-01T10:49:25+00:00,168
493fc475bd1a03beab348563bf0b676fb9da60d445876ab684a8c8d436e30b8c,2025-11-01T10:49:18.216103+00:00,2025-11-01T10:49:25+00:00,168
6068942da51111deb2bd307bd248d5cf019da88c0ece87ec2cbb95fc13d5a7cb,2025-11-01T10:49:18.345069+00:00,2025-11-01T10:49:25+00:00,168
14f31282ad7eb7821786efa599c9fb577ba1c221c9f5067e2e24ff38dc60cccd,2025-11-01T10:49:18.465318+00:00,2025-11-01T10:49:25+00:00,168
1acab499bf7a0977b7a2d7a6c134004ad4ea905c2b2684e6b94b6d33228251ed,2025-11-01T10:49:18.588690+00:00,2025-11-01T10:49:25+00:00,168
bdb2930779ce5daeb439465790e2f3643a11dee850966c89d8747572d4b828b0,2025-11-01T10:49:18.710975+00:00,2025-11-01T10:49:25+00:00,168
4f06c5ea1d50195e216cb8d24d9b817f61360090a099b4b88b33ec271e92678b,2025-11-01T10:49:18.838740+00:00,2025-11-01T10:49:25+00:00,168
0028cb122803134337f6ddced4363cd93a132f217faf854c3e8504edc8cdf389,2025-11-01T10:49:18.963087+00:00,2025-11-01T10:49:25+00:00,168
e8bc9a097fac7f403c1fb2ddba56a85676d2a01167ec8de2a74b1ac0b7e7d7e2,2025-11-01T10:49:19.085044+00:00,2025-11-01T10:49:25+00:00,168
15b79afa7a0f596c5e1a5262a887598e826bbe36331d5d07e6d4503b666c7c9b,2025-11-01T10:49:19.209514+00:00,2025-11-01T10:49:25+00:00,168
a1659f4f53708405cce5380135632f2597a6fe55d0f3fb60d666146552b2ea31,2025-11-01T10:49:19.333933+00:00,2025-11-01T10:49:25+00:00,168
b58f5e34a6ab21bc91d118b4769db924b095830caf5551751225ced81670b6d3,2025-11-01T10:49:19.458316+00:00,2025-11-01T10:49:25+00:00,168
9a8b8a81efcecad665fc6c676bc4f2b19af769bc7942177da8bd30aafcacb41d,2025-11-01T10:49:19.578878+00:00,2025-11-01T10:49:25+00:00,168
1de85c9a2c573c9cd5e070c4e0608920d926b6c60c5424afc9cbc3c565403c00,2025-11-01T10:49:19.699727+00:00,2025-11-01T10:49:25+00:00,168
55f34ee0c8e1048db26d71cf423697aa3a2fee695df2beb804448eec6ad1e810,2025-11-01T10:49:19.820958+00:00,2025-11-01T10:49:25+00:00,168
c259aad3fa22b55ff669e834870c80ee4bad58808db90c8c9f35832f91b1aec7,2025-11-01T10:49:19.940953+00:00,2025-11-01T10:49:25+00:00,168
996833d2c7bb3926c832211d507929a9137c111dfc26c7ed7cf109d8b1ddc380,2025-11-01T10:49:20.066321+00:00,2025-11-01T10:49:25+00:00,168
9f788957035c642184815481fbb694d58197ad805bab88fd40f273f13226199a,2025-11-01T10:49:20.195248+00:00,2025-11-01T10:49:25+00:00,168
20a50610e720696e72a8bfba9bc04b8b603a36790cddab093a2fdb92217b7b58,2025-11-01T10:49:20.316599+00:00,2025-11-01T10:49:25+00:00,168
8c874e937c30d90de569a6869c899cfdb0799fba9b2ff73b3150e132a10e07e5,2025-11-01T10:49:20.438145+00:00,2025-11-01T10:49:25+00:00,168
18549f97f0c9b4e304814f3817be1aa34b5c62530459b0dafcff389beaabfaad,2025-11-01T10:49:20.561425+00:00,2025-11-01T10:49:25+00:00,168
66f7be309a79773484feed361b661328c7319d9387317282a7a0518ffd35299a,2025-11-01T10:49:20.688887+00:00,2025-11-01T10:49:25+00:00,168
ce6e5dfca0203fcb9a2fa36fb03a6824f17899364b0faa4855027b20d9416ed4,2025-11-01T10:49:20.809419+00:00,2025-11-01T10:49:25+00:00,168
19044998fb93db127d282e1ff59af3aafc76ef60cc4ed654d2f8c75c3180e45c,2025-11-01T10:49:20.933617+00:00,2025-11-01T10:49:25+00:00,168
fe7969fa3089808838d2bdc5af149a02156ce1af2e8bfd974a48f4512b88c0f0,2025-11-01T10:49:21.049800+00:00,2025-11-01T10:49:25+00:00,168
d46c98a74ea925bb5838b057563fbb8b5ccc30203a136526866e9dfb44f37455,2025-11-01T10:49:21.168371+00:00,2025-11-01T10:49:25+00:00,168
55f6954a257b535a81b0b6bb07dfa3c5d80a8a00f3d45d7c3aa294bdffa9c6ce,2025-11-01T10:49:21.286467+00:00,2025-11-01T10:49:25+00:00,168
6e94127fd96fd0bb74bcbd89b0e1ae8e781e25fb1ef0ff480fd459632d62ac1a,2025-11-01T10:49:21.406042+00:00,2025-11-01T10:49:25+00:00,168
020b58a4954ba81618bcbfdf18f65014648606bdc1e2f3587310470898a31370,2025-11-01T10:49:21.525226+00:00,2025-11-01T10:49:25+00:00,168
ea80614be9400493939335d570f7fc914a134111f5b4badc756d387fb2e85422,2025-11-01T10:49:21.646366+00:00,2025-11-01T10:49:30+00:00,169
04cb49f425193aef74a1d8c6bf0ffd06db3d6ac54dcde6482608fe6956264e02,2025-11-01T10:49:21.769354+00:00,2025-11-01T10:49:30+00:00,169
1239e26e18828038213bbcdc4d7ddfc2da1f633c37a815296c1df9003a47c2ff,2025-11-01T10:49:21.888923+00:00,2025-11-01T10:49:30+00:00,169
3748e4ba317f375d8573382a5e31979c9e8f62a754b10c8fb3ce4ef40c4cdbe0,2025-11-01T10:49:22.002063+00:00,2025-11-01T10:49:30+00:00,169
56bd927d24929b8e8549e3fc2e7b48c827d35922dab12d7e471111ac42912a17,2025-11-01T10:49:22.118358+00:00,2025-11-01T10:49:30+00:00,169
048a2c99522d7a25084ba12202e9221950deb9ff956fd3d1dddbf854546629ea,2025-11-01T10:49:22.232422+00:00,2025-11-01T10:49:30+00:00,169
bcefd5571b1b024584f2ed2f0b07117fe92121d95e953942ddd2dc2c4e10add6,2025-11-01T10:49:22.349619+00:00,2025-11-01T10:49:30+00:00,169
d3cd18118f70935b2cafacbc399244985e541245e49003232d2fe2362295f8e7,2025-11-01T10:49:22.468100+00:00,2025-11-01T10:49:30+00:00,169
9715f0d8c0f57740f80b6334c278849861acc96f7991173f82a1c58144a78707,2025-11-01T10:49:22.593173+00:00,2025-11-01T10:49:30+00:00,169
ca846c4bed7b4a18ebf0520f186f6c8c0aafa29327f6cc88114c6f042fb9b007,2025-11-01T10:49:22.723993+00:00,2025-11-01T10:49:30+00:00,169
99a0e776fcc9407fb0e91661519d33828b17930e43012630ede6ce96f0c02b3d,2025-11-01T10:49:22.843030+00:00,2025-11-01T10:49:30+00:00,169
f6911b1afcc1849fcb205672248107d32f599cf240bcd28eb38b695bdd65e955,2025-11-01T10:49:22.967554+00:00,2025-11-01T10:49:30+00:00,169
2e9d9cd078c0d7db9d44c7bae1590dccd7f30597c59886a903ae3ff5ed2b5b12,2025-11-01T10:49:23.091745+00:00,2025-11-01T10:49:30+00:00,169
fcdfc6174b5920090d8a6fc2e84c8460af7c66c704abeb17a5482901ab901b33,2025-11-01T10:49:23.221146+00:00,2025-11-01T10:49:30+00:00,169
27a0df059f7d66208323b35a23366dca1f89d3e8ab5f9833940fea786e60cc0f,2025-11-01T10:49:23.345817+00:00,2025-11-01T10:49:30+00:00,169
7c74010147fcfcbefc7523cdc2ad40b6995c16a6d1f8ccf42bc17490cb0f677d,2025-11-01T10:49:23.471328+00:00,2025-11-01T10:49:30+00:00,169
ceb3b1195a7534b6144beaf47d78d04c0b3d9036f3904feea06443448624bcb5,2025-11-01T10:49:23.593060+00:00,2025-11-01T10:49:30+00:00,169
88abd08b8ba2947474a4f24fef91f044169f90d24414818fec5f4bcb8a14c351,2025-11-01T10:49:23.722241+00:00,2025-11-01T10:49:30+00:00,169
1d0c21ab639804312f3328195070188571a63ebc9255d73c442ba8bedd009a51,2025-11-01T10:49:23.842831+00:00,2025-11-01T10:49:30+00:00,169
bdb9fb46b60a1bf676269f8c25b1dc1652c34a3540e3215594c7c83b8a6a1ac4,2025-11-01T10:49:23.972443+00:00,2025-11-01T10:49:30+00:00,169
a6869accf260e948ae76f45f5ece54430f12ad2774d38cfdc131f75aa36d3382,2025-11-01T10:49:24.091904+00:00,2025-11-01T10:49:30+00:00,169
cf9e0eaf42317863f9b078c8201db28dea825abfc42dcbafdea763bdfab0107d,2025-11-01T10:49:24.213114+00:00,2025-11-01T10:49:30+00:00,169
28f1fcf5f5d4c6bb7b862feb06f06f67e710100395e49b95be5e7f94bb6b6a55,2025-11-01T10:49:24.340217+00:00,2025-11-01T10:49:30+00:00,169
12403f12771d0170a9e543e9e26e6633f6cc35b027f5ffe326da9fc4ccd11225,2025-11-01T10:49:24.458963+00:00,2025-11-01T10:49:30+00:00,169
e3be90709d7abc13c61486bcca72e4dd9941ffd293dc3829e5a6a9f31c4d7016,2025-11-01T10:49:24.580888+00:00,2025-11-01T10:49:30+00:00,169
c543923ba399508c918f1b471d825f55f8fcd993aad53970cb0fc3c2073b48bc,2025-11-01T10:49:24.703292+00:00,2025-11-01T10:49:30+00:00,169
c26e6406bd905d2c05a1d3e4f4182fb81ffa775126e905b5a2a66c36dcb1325b,2025-11-01T10:49:24.827828+00:00,2025-11-01T10:49:30+00:00,169
37ca2edea6b72de0566df462648756505d66cb2357877dc26b448ea7903eae2e,2025-11-01T10:49:24.947956+00:00,2025-11-01T10:49:30+00:00,169
678cbf1b36f29cd4a7cddced67190ef649b2866ed94f9d7f235dbab81c526538,2025-11-01T10:49:25.071030+00:00,2025-11-01T10:49:30+00:00,169
93d3c8ba4056eb0666377d5500f5776fd5f0042e30852ea545f4465fc0c6734b,2025-11-01T10:49:25.202628+00:00,2025-11-01T10:49:30+00:00,169
b4fdca4a83d9b46886401157d0876666829bb5dd5234439d11d6791ec7e431f8,2025-11-01T10:49:25.327937+00:00,2025-11-01T10:49:30+00:00,169
176ab01160cb8dc8dad36a6c35245b20423472262587677c2369ddccb20614aa,2025-11-01T10:49:25.449851+00:00,2025-11-01T10:49:30+00:00,169
078b90c020601f91a2d345a62a15d8fc13773abb5f6e3c07dae63677dbc95317,2025-11-01T10:49:25.575005+00:00,2025-11-01T10:49:30+00:00,169
efb84bf26e56519175feac45a7804ed9bf77e40fbeb7f26d0e7a611e1c37b941,2025-11-01T10:49:25.699082+00:00,2025-11-01T10:49:30+00:00,169
e8d2b033deefafb720471839e96373e78b4d14ba125b78ce40dfc001200519f9,2025-11-01T10:49:25.819471+00:00,2025-11-01T10:49:30+00:00,169
5806791fdd46aafa792316af7a6afa7e1f12db11eae8a3e805fe3cc81cf671d5,2025-11-01T10:49:26.077239+00:00,2025-11-01T10:49:36+00:00,170
f8250c2ca1c42aa8704703316fa1094e2b8f88be0743a0a3306b28dfaff68cd8,2025-11-01T10:49:26.193358+00:00,2025-11-01T10:49:36+00:00,170
26afe4166a2c7c0f9167b179e8132d0c89bca60b0500496946dde4619d37172c,2025-11-01T10:49:26.310510+00:00,2025-11-01T10:49:36+00:00,170
452e710d190af30a90d6462f5384625286086915127342b5c62c90025aff325b,2025-11-01T10:49:26.428781+00:00,2025-11-01T10:49:36+00:00,170
a9cda3824164b26e079a1419bea085ec8d4c2f9d58fa09562ba46a2c700513ad,2025-11-01T10:49:26.553459+00:00,2025-11-01T10:49:36+00:00,170
af7b29abc5304d45837258e728fb2075c1930bff183130b7fd24f5ab8a71379f,2025-11-01T10:49:26.678961+00:00,2025-11-01T10:49:36+00:00,170
1ac961c84ff34953d59f54d9eb3639fe5101969ab5263cecfd03f27cd1fb1d3a,2025-11-01T10:49:26.801929+00:00,2025-11-01T10:49:36+00:00,170
33e76da641fb83f048c28667bc19c403a745975f389c191390f4c98c873bcbdc,2025-11-01T10:49:26.923971+00:00,2025-11-01T10:49:36+00:00,170
e2f7e34edc5e32767dff07b96a4e9772f94a746a938168c8f00734700104dc9e,2025-11-01T10:49:27.045630+00:00,2025-11-01T10:49:36+00:00,170
40cd7f8c8185793f1695b16b365d93056a9474501fbdb34431a41ec863ab6631,2025-11-01T10:49:27.177255+00:00,2025-11-01T10:49:36+00:00,170
0837a7776fccbf120799e3bc376bb79e9154e362624c2f832cbc4336fa079af8,2025-11-01T10:49:27.301020+00:00,2025-11-01T10:49:36+00:00,170
b639a4c9f444f66b984ed2a10cdeb6d8a23b05f2b33fafbfffeac729b9a321aa,2025-11-01T10:49:27.427578+00:00,2025-11-01T10:49:36+00:00,170
6465e9fd84f9aa97c958b8777ec3d4af07090b717160b03609143ba2e1c129ee,2025-11-01T10:49:27.549625+00:00,2025-11-01T10:49:36+00:00,170
79b9474d2b59eb23885936cca207206e53c893b683c965c7ebdc9c3befaed277,2025-11-01T10:49:27.676110+00:00,2025-11-01T10:49:36+00:00,170
bb98ce91224af2b54e693d680807cd7765d482fa886439593cb42f586d881c60,2025-11-01T10:49:27.795988+00:00,2025-11-01T10:49:36+00:00,170
8d760805a82551d3af94f88b367b606278103f465fecdf332c10afb3a2712168,2025-11-01T10:49:27.929905+00:00,2025-11-01T10:49:36+00:00,170
ee85a072d857cb726bfba5d385e1ca760a320df83ef7253115d53c4b29b70073,2025-11-01T10:49:28.053870+00:00,2025-11-01T10:49:36+00:00,170
ee8402a25403a273b54287dfd940471adbb38fa32b82f5266f7b7e8c0bbe01db,2025-11-01T10:49:28.174907+00:00,2025-11-01T10:49:36+00:00,170
1a015255a6fb88a2653c2a3f57142b8f8cf4e093748d27528ab52d8b26d423a7,2025-11-01T10:49:28.300650+00:00,2025-11-01T10:49:36+00:00,170
976804447218a0601419f6a4f09434253a6cb27966ebabc3916df8c582c85b90,2025-11-01T10:49:28.420921+00:00,2025-11-01T10:49:36+00:00,170
01b044140ed963749fa3b0976c7c572791b4b1928713c1d55184a4e0c33a5115,2025-11-01T10:49:28.543200+00:00,2025-11-01T10:49:36+00:00,170
cd27ec1e0c03d7985f6d85072897f129cec1562fed754078e7091b8431866260,2025-11-01T10:49:28.664191+00:00,2025-11-01T10:49:36+00:00,170
6a6dbe0640335ae0e2035ee87e131f691310f05ffcf1b7807571a763f4212bdc,2025-11-01T10:49:28.787945+00:00,2025-11-01T10:49:36+00:00,170
8a6dc58786f1933d3443e14d73aefebd7972abb9be4f1bb5bdf3bd155bf6d2d6,2025-11-01T10:49:28.912848+00:00,2025-11-01T10:49:36+00:00,170
89c8b878fda7103c8399ec18705f684fc91e35230b2e045f3a741d5dbb2a9a55,2025-11-01T10:49:29.041764+00:00,2025-11-01T10:49:36+00:00,170
e8bfd2da456c25e848f08af9c093d5e899457df59ac5ead0b3e77217ff0ce177,2025-11-01T10:49:29.160369+00:00,2025-11-01T10:49:36+00:00,170
d8a703604567f07814c534d8ecaa75c176855d4443222754918c43e46470bdd1,2025-11-01T10:49:29.274330+00:00,2025-11-01T10:49:36+00:00,170
15f5e63ff24a9ab5c321f2147ccbfbe87f87c31f901031edf6bc874595f39755,2025-11-01T10:49:29.390781+00:00,2025-11-01T10:49:36+00:00,170
13852edc4435bffbf2663af6151da51eebe2639d3e34b7c8dae1a9c63c5b33d5,2025-11-01T10:49:29.522375+00:00,2025-11-01T10:49:36+00:00,170
dffa271bf82438c33f960c86d48f88d919843311520cebf17f281ee2e48a9c62,2025-11-01T10:49:29.653105+00:00,2025-11-01T10:49:36+00:00,170
13379241561406e2d71daf1ea08d8af480c84938feecec857621772c77484da7,2025-11-01T10:49:29.778207+00:00,2025-11-01T10:49:36+00:00,170
737864a2ad1697c33933d76c64f44954573577414e4b59917b97becac5de8944,2025-11-01T10:49:29.898589+00:00,2025-11-01T10:49:36+00:00,170
d785a62bb13b5cbfbf608a6307b448e39d8534e658753ab01b50f9c9d5987e7e,2025-11-01T10:49:30.024647+00:00,2025-11-01T10:49:36+00:00,170
d138b4c75eb39a4c523613880b29a4400c3e7434319181f177e9c6466c716944,2025-11-01T10:49:30.158065+00:00,2025-11-01T10:49:36+00:00,170
8ca1e837675d8411c0e53731925d3e5fb4a9c7f3113bbc9a0e53255723e1b3b9,2025-11-01T10:49:30.284988+00:00,2025-11-01T10:49:36+00:00,170
07137ac507658aa1f554aa8fa9e5e96bd6221538d2db3becd8a00d6dc43c535c,2025-11-01T10:49:30.402875+00:00,2025-11-01T10:49:36+00:00,170
8f5ef8e983228a81ad70fe11c5ea2b57cf2669805beb30f424831ac8bb83b947,2025-11-01T10:49:30.520512+00:00,2025-11-01T10:49:41+00:00,171
b5557c7ff0a74ad7b66f57000d0c0fd413dce5aac422c1a2880175e823ccd6fc,2025-11-01T10:49:30.651338+00:00,2025-11-01T10:49:41+00:00,171
c412da8112a166c7abaace5d1dc26406dd7ff2ad0cbc87c959fa76b2119357a4,2025-11-01T10:49:30.782164+00:00,2025-11-01T10:49:41+00:00,171
c4ccdd32e7af887404a1e0e4d8a4c94a0db69dd032c0a02c0a18211251de429c,2025-11-01T10:49:30.906414+00:00,2025-11-01T10:49:41+00:00,171
2fd8a22a7c10fa10a20fc526d3e72c3361fd3c2121f78cf9e65deb251fd90552,2025-11-01T10:49:31.051320+00:00,2025-11-01T10:49:41+00:00,171
381f084b851636dd24f448a5cf98e956cb731acbd7273385ae83818bc21fac5f,2025-11-01T10:49:31.169002+00:00,2025-11-01T10:49:41+00:00,171
373f4ec6ae4eedd5ea6920c2d16f3f1add1948c233e743e478e67b0ddb441b32,2025-11-01T10:49:31.286386+00:00,2025-11-01T10:49:41+00:00,171
a321a685289ef3ffed145b7b22364dd237ad636167efe6cea796846c3515375f,2025-11-01T10:49:31.403709+00:00,2025-11-01T10:49:41+00:00,171
c103a07488f8c3c0e91e7290f6b88462adbc4de461db064fb701844a209798ea,2025-11-01T10:49:31.524046+00:00,2025-11-01T10:49:41+00:00,171
319884323ef9bb5c5920bfa2e1a28d811ccd1ae0089bd04609f422705b6bc2ad,2025-11-01T10:49:31.645817+00:00,2025-11-01T10:49:41+00:00,171
3a7a4032724d4be43365b74b86b4a3a062d44cd0954e5226cf1d038f983d0a81,2025-11-01T10:49:31.771190+00:00,2025-11-01T10:49:41+00:00,171
240fb40d067fd3108366129a8a310f881317325fb6e6763d5f0d7282e2d69a6e,2025-11-01T10:49:31.892909+00:00,2025-11-01T10:49:41+00:00,171
bd5be40a8e89e25a1d43475b366d5ca217485718236249d22f8114db0445421d,2025-11-01T10:49:32.021314+00:00,2025-11-01T10:49:41+00:00,171
66772b4d7c4d0a8c9807323f7b9cc2e612047c204000bc737798b6a270263f2d,2025-11-01T10:49:32.145279+00:00,2025-11-01T10:49:41+00:00,171
eb618f650f5866cb783ea4758a76529c9c954f669b8c8401cc419fae6111c005,2025-11-01T10:49:32.264174+00:00,2025-11-01T10:49:41+00:00,171
873ccdd8bc922c7e0f863d3ce0f86eba58d128215ce9173a9cee42c1215c5b2e,2025-11-01T10:49:32.393436+00:00,2025-11-01T10:49:41+00:00,171
c5d5c5a595ab946d39bfe1a939ac28dd02c14863e4d5cb0eff7b1b14e61055ad,2025-11-01T10:49:32.517132+00:00,2025-11-01T10:49:41+00:00,171
cac9f6b3fe64a1a7304b7b76e3374861abbb6a368fdf29971481d6462f158876,2025-11-01T10:49:32.640802+00:00,2025-11-01T10:49:41+00:00,171
a4c69e6b86b8a5d363256be7c3f2a7766704ae06bd3604ac5283ff660ea5672d,2025-11-01T10:49:32.762560+00:00,2025-11-01T10:49:41+00:00,171
f718594a681cf420d385d729a01f81e5b070ba146cf133834ff2ee4d2a21dc60,2025-11-01T10:49:32.886998+00:00,2025-11-01T10:49:41+00:00,171
b8d9c51542cb7f532d12be8df4eadfb316deaefa870c846e794af08c0de59f2a,2025-11-01T10:49:33.014011+00:00,2025-11-01T10:49:41+00:00,171
f7e64fd06d3a8530a96e7d60c7bbbb59a28bdaad419b6cd52dd180e0fc5e4c08,2025-11-01T10:49:33.141594+00:00,2025-11-01T10:49:41+00:00,171
f67f11ec44db03ddb912bd48f0efe5ebfb1082cd979dc86a49a2af8f48ffe083,2025-11-01T10:49:33.268198+00:00,2025-11-01T10:49:41+00:00,171
70fd3fcf22dc2461d1cd1c42248f4686910fe5459f2759a28e6c5ce3ef9fdbac,2025-11-01T10:49:33.398639+00:00,2025-11-01T10:49:41+00:00,171
6defb9741fafe2874202e679fb398e0b13ad8a397cf25655ec121ef1dacb5e6c,2025-11-01T10:49:33.519870+00:00,2025-11-01T10:49:41+00:00,171
9297a388a220160dcfe1cb10647c299e5978076f0097e0599da663577b477341,2025-11-01T10:49:33.646120+00:00,2025-11-01T10:49:41+00:00,171
06054dc134d94ae01ee6e66edb0d394411e05075af640298c3ace94104ed06e3,2025-11-01T10:49:33.769840+00:00,2025-11-01T10:49:41+00:00,171
9e06b7a36e1afaea9ed634bccfc2a3df3a87996595d1912c4cb020d0ad66c8c6,2025-11-01T10:49:33.898666+00:00,2025-11-01T10:49:41+00:00,171
307cc987204a25d5134534f9f4adbef42af8f83408e29182d499d13c4d17db4a,2025-11-01T10:49:34.032187+00:00,2025-11-01T10:49:41+00:00,171
42952f76d01f93e461f17e83c5c33d2d7198e5140f7fa134fa06ea9ca5d79083,2025-11-01T10:49:34.158070+00:00,2025-11-01T10:49:46+00:00,172
e7aa9adb1b22c8dccda59bd6318af5cd43f2416a6fa5af09cabac0ff3be48640,2025-11-01T10:49:34.274939+00:00,2025-11-01T10:49:46+00:00,172
526187157aa9199e27270cafde2db20465b872d7849dd1bcab75f63ffe5a6e1f,2025-11-01T10:49:34.395622+00:00,2025-11-01T10:49:46+00:00,172
a1ccbb4e78b2037395c880a13e8448c3c72191b11061719f8960691c7dd3544c,2025-11-01T10:49:34.514362+00:00,2025-11-01T10:49:46+00:00,172
9a0f9c82dd0c82d43bf2d7482c37f1e6cae92b291258e6ff39d014f6bc228a8b,2025-11-01T10:49:34.634301+00:00,2025-11-01T10:49:46+00:00,172
0fda808ff108a7cb10ad40d7b3a89a8b8d864368f3b04730ada819cb0b52946b,2025-11-01T10:49:34.760022+00:00,2025-11-01T10:49:46+00:00,172
d439e218f05348f1ec33aa4b45fe5b00a80ada0af79de8a3870e5bda09444d0d,2025-11-01T10:49:34.885938+00:00,2025-11-01T10:49:46+00:00,172
1f2de883558c383519ba931b962f79644538368bcdeb6c233aa5bfd6bde158ec,2025-11-01T10:49:35.009268+00:00,2025-11-01T10:49:46+00:00,172
1a717ede83882145c974e93d00db1790035166a58eec63e413625e686f02440a,2025-11-01T10:49:35.138521+00:00,2025-11-01T10:49:46+00:00,172
2eeef41ce18af3ffe1f02b36a02b5fe7fbb966633eb95518d0d08ba78c93119c,2025-11-01T10:49:35.265953+00:00,2025-11-01T10:49:46+00:00,172
cf1c03ff4a0400c41365bd4452eea801b6534385e1076d0e935d7e7484545f50,2025-11-01T10:49:35.386328+00:00,2025-11-01T10:49:46+00:00,172
c0d8d82ef48f0ffa0d8eefc233343f1ea80bf7411235ccfb34bb7c69377ac008,2025-11-01T10:49:35.508714+00:00,2025-11-01T10:49:46+00:00,172
397d52dc16717ef9e055208271d5921cfcb0881949224c6be15350f177be26a8,2025-11-01T10:49:35.634279+00:00,2025-11-01T10:49:46+00:00,172
57e67de6ef41a93495c7273514338dcce2a4edbd0e0a3fa1e0871f20d9ab2aff,2025-11-01T10:49:35.756132+00:00,2025-11-01T10:49:46+00:00,172
f4483d9cf90b6528409a2002d5b9b859200395271a74e2ff509684ed1362f686,2025-11-01T10:49:35.881308+00:00,2025-11-01T10:49:46+00:00,172
14c42a827b70b5d3730f9ea1cb91f31b834908b6f05db8b4e2a6502b9444e969,2025-11-01T10:49:36.007111+00:00,2025-11-01T10:49:46+00:00,172
72e4baf95bd6d3082a5b2939b393ccb8dbbc9e65a70c906d15116e56c3361f2d,2025-11-01T10:49:36.151677+00:00,2025-11-01T10:49:46+00:00,172
2a357d3012bfc22f3c599dd545ea4da53c20f2ece0f71fa7ff9b9cfeef6a397c,2025-11-01T10:49:36.269953+00:00,2025-11-01T10:49:46+00:00,172
6e31de7cba4ad9a025893facc89640d9f1c9f4e136e65707acd955308efb1843,2025-11-01T10:49:36.382780+00:00,2025-11-01T10:49:46+00:00,172
30cc8669b179ec89124e68c7e6d605b4e9887730ce8c8d7a8cf47dae1bf782f0,2025-11-01T10:49:36.499471+00:00,2025-11-01T10:49:46+00:00,172
10232a18c5c937eaf52241d46f164f349aa6cb350261fb9a5bfa752b7bc675bc,2025-11-01T10:49:36.615921+00:00,2025-11-01T10:49:46+00:00,172
5f7ce5e1d2bd10c0e1309d81b759fc07f39658e93622ddf4f95344d2d4bf9655,2025-11-01T10:49:36.737022+00:00,2025-11-01T10:49:46+00:00,172
da5c0779c79358d21288e909a7167e4205eb988b7427a0c1190c5fd71554d99d,2025-11-01T10:49:36.862515+00:00,2025-11-01T10:49:46+00:00,172
c10872e1c56fb52bf316c73a0a49a53fb4b3a582ecbf6c09d3ea32d1f6a74083,2025-11-01T10:49:36.988241+00:00,2025-11-01T10:49:46+00:00,172
f9e64b49489104f1727e95c21362f53e37ffeb9af1f52205aae4ce29e32c35fe,2025-11-01T10:49:37.107042+00:00,2025-11-01T10:49:46+00:00,172
37aaca3d6c5a16914de1107f8757b6f3c711d21f073ece9762a3f5d75c466bb1,2025-11-01T10:49:37.229992+00:00,2025-11-01T10:49:46+00:00,172
bf3b572d7deb7565ace3d7cde39a146297c9ba1e8a5bcd2470642c7939c29d29,2025-11-01T10:49:37.356020+00:00,2025-11-01T10:49:46+00:00,172
18a207aaafdc45e38a9d103b97c3fdded04bb11f51245d539c87b0aa621c9a87,2025-11-01T10:49:37.478103+00:00,2025-11-01T10:49:46+00:00,172
60716980e0b05d77636365650c5fbde76030bc034b31b29f9db378396551879f,2025-11-01T10:49:37.598638+00:00,2025-11-01T10:49:46+00:00,172
bfd0c1da4773acc7dc4eda7af0f10b613a755d13e7e3b5d1bcc1557ab92c08eb,2025-11-01T10:49:37.713480+00:00,2025-11-01T10:49:46+00:00,172
0e07f9289588db348fda2095beea1fa3a562f3d7f4ec5c554e677e0b1fb96ccc,2025-11-01T10:49:37.828418+00:00,2025-11-01T10:49:46+00:00,172
67ff1cdd0a5fb1722c69f430c89283a0ae37f1b0398ea08530b61b3f78565f2b,2025-11-01T10:49:37.944779+00:00,2025-11-01T10:49:46+00:00,172
0e0509d313b99c0926fbb1ea49961706848088ff9c922727de376ebdacd24f28,2025-11-01T10:49:38.061260+00:00,2025-11-01T10:49:46+00:00,172
a9660edd21dc23f2fe505e9d248ce5362cad349323a1c3b33c753b6aac5b0ee6,2025-11-01T10:49:38.178121+00:00,2025-11-01T10:49:46+00:00,172
ad216e3b372dca0bd70117033b065a238d78cf39c5d25c7a8f39ef50545a968a,2025-11-01T10:49:38.293099+00:00,2025-11-01T10:49:46+00:00,172
c887a1038257ed840a054c5e4d1cb662598e96e0eeb0c33a0ca9116d0636f24d,2025-11-01T10:49:38.407760+00:00,2025-11-01T10:49:46+00:00,172
f416689f90d1c817b2883a08e858c3d230fd3769ef285b757e405aff399c2be2,2025-11-01T10:49:38.525952+00:00,2025-11-01T10:49:46+00:00,172
061dbe0740a7f359554f7ab3dbd9bc10ce1f8f96975e4df583d02705c037ea41,2025-11-01T10:49:38.641654+00:00,2025-11-01T10:49:46+00:00,172
70a4f10f6191644339953aa39ff3fd6d938d070e516730918c61c6525e3b3418,2025-11-01T10:49:38.760093+00:00,2025-11-01T10:49:46+00:00,172
a7db69bf04688b3f355281f81feacad91ce21acda74d4f695389923c2e87a943,2025-11-01T10:49:38.873578+00:00,2025-11-01T10:49:46+00:00,172
7313a39abef68ce487bd994e3f0d68f46195f284b6e22e6df32929c29ebeb22a,2025-11-01T10:49:38.993047+00:00,2025-11-01T10:49:46+00:00,172
8e8cc6a1d2c0f38e609ce2e066db18b0d0c95a3243179f326402ef39a9f0294f,2025-11-01T10:49:39.108885+00:00,2025-11-01T10:49:46+00:00,172
391f590520e920f6f1ac9b508509aab6341a4bafd70b2e13336b4da9e2697f44,2025-11-01T10:49:39.226042+00:00,2025-11-01T10:49:46+00:00,172
f5fbe2bcf4a9c160231885f32b59b62f1626a3aaedb3150b1417b41b5a5315d7,2025-11-01T10:49:39.346392+00:00,2025-11-01T10:49:46+00:00,172
663a8ead7b5df7d87ef92deb58fcf8437f7414e0c9574a51f71b03213a8af201,2025-11-01T10:49:39.463837+00:00,2025-11-01T10:49:46+00:00,172
043a9b57f174893461bb02af9f5b4db8e0637f387e958ade5adee26f68d4b064,2025-11-01T10:49:39.582544+00:00,2025-11-01T10:49:46+00:00,172
57341a370729915bab2e4b1b0f52772619c3f752bbf4862ce8f7ce7588662cd9,2025-11-01T10:49:39.700792+00:00,2025-11-01T10:49:46+00:00,172
c294be20f6daf9afe4b4a05feb6ade76529338d625e4c7e3a0245b679ce8ff90,2025-11-01T10:49:39.819926+00:00,2025-11-01T10:49:46+00:00,172
7d212e9730e271580faabec0040432bea3a9b6977371ea4fe27e382ea90caccc,2025-11-01T10:49:39.940260+00:00,2025-11-01T10:49:46+00:00,172
060c52ae0b234c9b95cb8ac7bcfde05e4a896715e70bc2ea7eea6081aa76aa19,2025-11-01T10:49:40.056118+00:00,2025-11-01T10:49:46+00:00,172
46a8628b64cc6646515dcad17f04839d057b163b8f0f21d20f18a4d1d8d0a508,2025-11-01T10:49:40.177836+00:00,2025-11-01T10:49:46+00:00,172
faf6b23f3c2765883e2ff4d766464242005bc4ec32abc181d53c9f01b9188355,2025-11-01T10:49:40.292456+00:00,2025-11-01T10:49:46+00:00,172
d292ff96b6ac5eb5ed6a7f0f2da4219692e03a6f4c22110b2fdc52d9aaa85157,2025-11-01T10:49:40.410383+00:00,2025-11-01T10:49:46+00:00,172
93465d246f3a5cfe378ee4fb3ea2a3958a07eeaf6ccc084053d8b39d2ea485f5,2025-11-01T10:49:40.529388+00:00,2025-11-01T10:49:46+00:00,172
af1b34f68dfb22e9504ac164ea82a7dc26611289edfbd8ac155fd1022221a307,2025-11-01T10:49:40.645018+00:00,2025-11-01T10:49:46+00:00,172
331342afd6bd3346b07b0a631ca00dbc02d352c43a9d12784e1377de867eab31,2025-11-01T10:49:40.761011+00:00,2025-11-01T10:49:46+00:00,172
129850685c5349a9370d84f4f4d4e429466c90881aab58325d0bc65bede65972,2025-11-01T10:49:40.878410+00:00,2025-11-01T10:49:46+00:00,172
4e1b1bab337f1382217132705b75e700ab01ad7de5b0070ab878545c214d50e7,2025-11-01T10:49:40.994917+00:00,2025-11-01T10:49:51+00:00,173
1029f701fd29a025005e78e46f8d7aa010c9be10236799481e694d3738f4b2d2,2025-11-01T10:49:41.112855+00:00,2025-11-01T10:49:51+00:00,173
88e6070cf43f22d3fa3f41027ceb5bdd94bceb7088df158ab0c24c7e6fc560a2,2025-11-01T10:49:41.261535+00:00,2025-11-01T10:49:51+00:00,173
c0134ed278bbc7125a5ce2f7a9d535d97535f82d97d66fc0145afce8a03ab0be,2025-11-01T10:49:41.377148+00:00,2025-11-01T10:49:51+00:00,173
77036ebcff048548e30bb11dce838e452891cc0afa75796bc164e9ebcf0713bd,2025-11-01T10:49:41.491886+00:00,2025-11-01T10:49:51+00:00,173
16cd78fbcb53fd6b2945eb9ea70ffed42372f8b63aae7b9ac627289cd3b7158a,2025-11-01T10:49:41.607116+00:00,2025-11-01T10:49:51+00:00,173
b5f0d26bff3665c85e08fc9094943e93360a0075dff4b8986fceed04d696f6df,2025-11-01T10:49:41.720222+00:00,2025-11-01T10:49:51+00:00,173
705aea52289a92d2f09b51f9b327bdaf254444d8e4ddc7180bc4d12aba3879a6,2025-11-01T10:49:41.837047+00:00,2025-11-01T10:49:51+00:00,173
9a6ae051d39d1ebdef800c9a174e98bd14e884514b4b653761bba2aa5ec0d449,2025-11-01T10:49:41.955639+00:00,2025-11-01T10:49:51+00:00,173
da882ebb2b732546db560a60cf85207cf426580b2389ad4c9a0e0bdc8afa709b,2025-11-01T10:49:42.069235+00:00,2025-11-01T10:49:51+00:00,173
aa255dc4d16feeab7bb8f3c500268d8d5eb24c9b8a9cbe10744dc56e98035553,2025-11-01T10:49:42.187869+00:00,2025-11-01T10:49:51+00:00,173
62aeb113f935f71c37ce891748d754fb78cb51fe6ceac6790b75eb6f2491558f,2025-11-01T10:49:42.306349+00:00,2025-11-01T10:49:51+00:00,173
da714936568880a3573d4a21166fec942362cbd6bdc0934fc7fa90472dd98975,2025-11-01T10:49:42.422985+00:00,2025-11-01T10:49:51+00:00,173
ebd94592a292a3f1555f4638c3d6220617d21984b9709a8ec661e18b5a4600ca,2025-11-01T10:49:42.538837+00:00,2025-11-01T10:49:51+00:00,173
c4718754a9c656a8493d1a74ba80d463eb4a7be9cd3c95489219f8e76538fc4c,2025-11-01T10:49:42.656413+00:00,2025-11-01T10:49:51+00:00,173
7b0aec745fe7561cf65c2b5d253e58682ec6cd79069e4d4b1fb4de615477cf26,2025-11-01T10:49:42.770371+00:00,2025-11-01T10:49:51+00:00,173
23b102622e2c554b68fe3200c3efcc1fb8f977585c0f9b1191c7b7bd91a700a3,2025-11-01T10:49:42.885934+00:00,2025-11-01T10:49:51+00:00,173
d809403d9c2e4cfb48183b2db77af7296635260d201de96fd3c03a06d0eb936c,2025-11-01T10:49:43.005475+00:00,2025-11-01T10:49:51+00:00,173
d5f4aa79c8887cc7490240d4ffc7ecd75b3476b9cb1710fdf673e060aa7328df,2025-11-01T10:49:43.123021+00:00,2025-11-01T10:49:51+00:00,173
1baff9561142daf3242842a541ba0ef7bba3d49ed9f0736699a5c16ebfa24013,2025-11-01T10:49:43.242028+00:00,2025-11-01T10:49:51+00:00,173
8a15e0398f3eb96128117e576027d352987d9d37ea4cee62df01a8cffd6c63b3,2025-11-01T10:49:43.355706+00:00,2025-11-01T10:49:51+00:00,173
a222652b831f5321a1c5f0a2b9ece321a54059e7612f4af08c66c5bc393efa80,2025-11-01T10:49:43.468746+00:00,2025-11-01T10:49:51+00:00,173
bfdede537d5bd2146fe141a2f346f3ff9307e47edcb4efb599a1df85b82e9e7c,2025-11-01T10:49:43.581130+00:00,2025-11-01T10:49:51+00:00,173
8addf3d126475c7cbf186cc59934ac06fdea3d910cc9d4dc0102ffb2c00562a0,2025-11-01T10:49:43.697899+00:00,2025-11-01T10:49:51+00:00,173
a90ecb9663b0f8cb22785c9179a789ed9c66702cb9defc73856a685fa75841cb,2025-11-01T10:49:43.814112+00:00,2025-11-01T10:49:51+00:00,173
2a79557fe00f98eb87abeea165c7da2bd0181ef8a7068b724591e89d716738d7,2025-11-01T10:49:43.930504+00:00,2025-11-01T10:49:51+00:00,173
cde0159a04947c8e27a8b4a624959479ceff2ff6bd05b431c4b811a5d8749bf0,2025-11-01T10:49:44.045813+00:00,2025-11-01T10:49:51+00:00,173
67983d76bd1e9cdaf8956d8a2d8586355bbea947f4f325b6eac4577cfb39eab9,2025-11-01T10:49:44.162996+00:00,2025-11-01T10:49:51+00:00,173
7857f96550066776044ec0cfed50daa845f9b44a4704e17d14244daf1b3efd34,2025-11-01T10:49:44.275826+00:00,2025-11-01T10:49:51+00:00,173
078caf573be3b3bbc000eef84cc2e3b641314255f599e0db9277cdb32f07edb0,2025-11-01T10:49:44.393476+00:00,2025-11-01T10:49:51+00:00,173
cc6b7796d2cb3341516747d8ed43cec628bb1d554f04c59d199bb90a94370e4c,2025-11-01T10:49:44.508478+00:00,2025-11-01T10:49:51+00:00,173
42f898645c3f3807a9e475be49096edff6c61ebb1736a1ebe9c10d48e13c0bb0,2025-11-01T10:49:44.623077+00:00,2025-11-01T10:49:51+00:00,173
ecd0e3997fa2e7438e1f6df5892caee24c1ddd80285fbb62d5ba61f9bad592e5,2025-11-01T10:49:44.740517+00:00,2025-11-01T10:49:51+00:00,173
2436249e9733e27c48c5701b19074224c76b4771b123bc389e4e2ad2612b396b,2025-11-01T10:49:44.859371+00:00,2025-11-01T10:49:51+00:00,173
09763d8f6740792f60cfec9c43f2e5acb5b0908145a450a48adcca3eb6504a50,2025-11-01T10:49:44.982220+00:00,2025-11-01T10:49:51+00:00,173
dad8165c4258558a9ee455587e141084eb1fa454b0635b913409be32658e7797,2025-11-01T10:49:45.095940+00:00,2025-11-01T10:49:51+00:00,173
4b3b46f90574a09aadf266b2f37db42007330aaef7894b0549f5dc6b7ee427b5,2025-11-01T10:49:45.214222+00:00,2025-11-01T10:49:51+00:00,173
c0437e5b10b120a9b3cbc828ce557285ee543401fec5468619a7db3ef81ce8cc,2025-11-01T10:49:45.337403+00:00,2025-11-01T10:49:51+00:00,173
054959bebb2a3126cbf9dc34d92fc1565ffc1de277d3c412ffba4089e2b0170d,2025-11-01T10:49:45.457055+00:00,2025-11-01T10:49:51+00:00,173
c8c3f1df907c13286898cc60336973a91ed21f6ffc72a3292b7c154cfa0ccd44,2025-11-01T10:49:45.573552+00:00,2025-11-01T10:49:51+00:00,173
94dc5d07f2a40c7878990dab255cacb5d03f4bc0e6d7b2a76615f538edb9f6e7,2025-11-01T10:49:45.693149+00:00,2025-11-01T10:49:51+00:00,173
71da15f6e81c494f2e6e8c9b6ab598195872d571954092e26b8e29a645293dda,2025-11-01T10:49:45.809334+00:00,2025-11-01T10:49:51+00:00,173
602d004426b33dcdd5b589dea5341bd9d01f2194340bb0ea1ef6228a71a07df1,2025-11-01T10:49:45.924006+00:00,2025-11-01T10:49:51+00:00,173
07ce19942d7f26863ba6bb969608c8eb7dbcdf0dc3c426853affb067cbafd3f8,2025-11-01T10:49:46.046220+00:00,2025-11-01T10:49:51+00:00,173
cff1771bac34bcd2ab758542058414009a4c535a9151ab88cd2f4b620e2d93a2,2025-11-01T10:49:46.166088+00:00,2025-11-01T10:49:51+00:00,173
fd8efb0030dfeb4a10068e3702b36f1cfe6e759624004fe760c18eb22e478dd2,2025-11-01T10:49:46.440716+00:00,2025-11-01T10:49:51+00:00,173
c733c5f96dcbe43fd562c7ffecb9e0f288f3c8eaeafef4df32d761edc44b05b8,2025-11-01T10:49:46.560903+00:00,2025-11-01T10:49:51+00:00,173
08a63e12dd919b31b0705e315552696c6923fcff42713b31e5ddb9335899e64d,2025-11-01T10:49:46.675393+00:00,2025-11-01T10:49:51+00:00,173
3b3b39850f696ae80b0aeabd3fe9ff5a040df37ad0ad6d35716fda3083e445f3,2025-11-01T10:49:46.791611+00:00,2025-11-01T10:49:56+00:00,174
97ab4530e609dc4588ae213612eb1b82d6548168eb89a9b9ce2a197330ee8b3d,2025-11-01T10:49:46.908526+00:00,2025-11-01T10:49:56+00:00,174
0f6b2333f1640b05973b25aff3ff2f111c6dcc0119acb327f7d49dfe62cd5fcb,2025-11-01T10:49:47.022139+00:00,2025-11-01T10:49:56+00:00,174
39717ea8f108aad0514005e741aec9d3c8a9578beac3aa8865abeb4001674133,2025-11-01T10:49:47.136137+00:00,2025-11-01T10:49:56+00:00,174
bcf70966bd0b97dfc8207a1f7a8a0d58db58e217adfb168e31c5fc777af12381,2025-11-01T10:49:47.248481+00:00,2025-11-01T10:49:56+00:00,174
04301fa76dc8e78f3e6083c343720de4ce27462e6714fc3d3d91ac6a22136c71,2025-11-01T10:49:47.368901+00:00,2025-11-01T10:49:56+00:00,174
cb42ebc64e901ebc4500d09ccd2418407c52665add76e9d184184659072c5696,2025-11-01T10:49:47.493669+00:00,2025-11-01T10:49:56+00:00,174
7f9b4e5dd3fb6b6a3a96b4d6049e1c0be1ea67d2cfb6cfc17430feb85610ac28,2025-11-01T10:49:47.616074+00:00,2025-11-01T10:49:56+00:00,174
63a145fa2a78544179e5d6001103f8335e0696d2be99932d79743b65a2b75c37,2025-11-01T10:49:47.740424+00:00,2025-11-01T10:49:56+00:00,174
155649677a99cb84442b33487371b9abfef321f594e671c5ed62277529ef6630,2025-11-01T10:49:47.859543+00:00,2025-11-01T10:49:56+00:00,174
300fee06e0ca322e32831849d4b3a6ab899dff4cef1dd25aaebf0bb8b3542869,2025-11-01T10:49:47.982669+00:00,2025-11-01T10:49:56+00:00,174
17f43cee1f9793240c58fbf3d877caf25f08c5c3366a7977c64b8502df2b3ba5,2025-11-01T10:49:48.107949+00:00,2025-11-01T10:49:56+00:00,174
7e34c1403659e62ee26bf2ba3fd0bb9e4c3bb3bf442ea552e77e4f1b898d7a55,2025-11-01T10:49:48.226823+00:00,2025-11-01T10:49:56+00:00,174
03ac555763c80cbb3d094afcd2004cf8f3ab20821bd20c25ab1b39a8075b8dcb,2025-11-01T10:49:48.348177+00:00,2025-11-01T10:49:56+00:00,174
18554935c67e0f7380ef2f97b4b72a502b270445af06884567bd5bb9e05abfc3,2025-11-01T10:49:48.466801+00:00,2025-11-01T10:49:56+00:00,174
dd40afe4918776cc06941d2b01a064081a097b2e0b1246e89e23a2a08b120f9b,2025-11-01T10:49:48.590665+00:00,2025-11-01T10:49:56+00:00,174
e0257de4a25afaaa639b1b94fcececfc43ed4fc7102017068e01c5a79c75cb6d,2025-11-01T10:49:48.722023+00:00,2025-11-01T10:49:56+00:00,174
d6a1b45b9f127311bb561c32b3f9c534b29c10aa1f1473b2096d7dbd0ee1cae3,2025-11-01T10:49:48.845385+00:00,2025-11-01T10:49:56+00:00,174
c02350c61ca5fe034008dacbb0d973480bacd6785d24af9fc8d7c9c9928438fb,2025-11-01T10:49:48.972743+00:00,2025-11-01T10:49:56+00:00,174
1c36168264e65fa6044ddfbea745423022fc4539e81c541b2062d0c3d053b31a,2025-11-01T10:49:49.101427+00:00,2025-11-01T10:49:56+00:00,174
02fad83549d1bdea98b60539b9139d9e5a2b7a987d50d995db9d93cb2514c38d,2025-11-01T10:49:49.229801+00:00,2025-11-01T10:49:56+00:00,174
e8f37c561b702ae22efc3641ee195aa77aa24b79c881795efbc2801f16cc2f19,2025-11-01T10:49:49.358422+00:00,2025-11-01T10:49:56+00:00,174
562787aebbfdb859afa81b07a9fb4c5729ff7946e1a6bb914a7c62a62e11aa23,2025-11-01T10:49:49.485340+00:00,2025-11-01T10:49:56+00:00,174
27a31109223c7cd048619149a7c760fb64fbb1a6bbde6623cd435e389b4618c5,2025-11-01T10:49:49.600285+00:00,2025-11-01T10:49:56+00:00,174
87a5c70f9df7b5ba55a332b7907ce1cd65e2f16148625b2cfc52ae3b813b93a0,2025-11-01T10:49:49.732267+00:00,2025-11-01T10:49:56+00:00,174
7726872a5d9b1952c1ace208edb5e97333cf28d19694ac6279a0f56e6d70f4e2,2025-11-01T10:49:49.854920+00:00,2025-11-01T10:49:56+00:00,174
22c667f24a59bed83f94251140dbde71f0469debfbd696b8b951d6f5cc8e346c,2025-11-01T10:49:49.973753+00:00,2025-11-01T10:49:56+00:00,174
65e1f1e37ad03558af1d692e94a8365c9e388fdf270a87c5752289c23c697168,2025-11-01T10:49:50.095778+00:00,2025-11-01T10:49:56+00:00,174
0d26d4deec6f76e4c0950a6e25924afa08519b13f61ba351de1e67838da519ca,2025-11-01T10:49:50.232080+00:00,2025-11-01T10:49:56+00:00,174
0d4c8d37717b26135ac76d198863129ed51f4e34b1735a81840ac1bcb08f4416,2025-11-01T10:49:50.356485+00:00,2025-11-01T10:49:56+00:00,174
79b57f6bcf16dcb300f99a501ca7299843dfd15d34f6f61e7fd1b6d2174bee71,2025-11-01T10:49:50.483222+00:00,2025-11-01T10:49:56+00:00,174
9b3ad881a543811258a91ac235307678f5ccf4ef79525064d2dfff317e04380b,2025-11-01T10:49:50.605230+00:00,2025-11-01T10:49:56+00:00,174
94280997fbcf70335793e46c8f7baac3fda2cee0f9927658242f800940f0f987,2025-11-01T10:49:50.736674+00:00,2025-11-01T10:49:56+00:00,174
a3d67385a21446f1a4528bafcdc9928e25a8ef612c180e19b16065aa21398448,2025-11-01T10:49:50.863805+00:00,2025-11-01T10:49:56+00:00,174
83f3b6d41a5ce8397e4cf51aedbc8b5649133c7a7e6bce55783a98af9c68b862,2025-11-01T10:49:50.984365+00:00,2025-11-01T10:49:56+00:00,174
dd29fb62dd18b6c3cc487696319e92abe35e5ead5f0685750c69a6d97c3474c9,2025-11-01T10:49:51.116024+00:00,2025-11-01T10:49:56+00:00,174
907caa5cd4fc3b39facc250079078ae9cb9d5727becef6de1a89b45da0467d3c,2025-11-01T10:49:51.233031+00:00,2025-11-01T10:49:56+00:00,174
ca6425642b1152c5a8654e6f977c3b3707e45a13c1a8bbfe2d29530cef569910,2025-11-01T10:49:51.443056+00:00,2025-11-01T10:49:56+00:00,174
fb2ef569b5e1cc2ef7daeb4061e1c75443fed109cf3ea1e0d2e6343f5af8b280,2025-11-01T10:49:51.556104+00:00,2025-11-01T10:49:56+00:00,174
b31f7e209f0328191411e3fc9fef7667c0c9f9bf309415718db03ecda92166f4,2025-11-01T10:49:51.676792+00:00,2025-11-01T10:49:56+00:00,174
649aa035eb96a7851c597f6ae72badd6dbce740e8fbd5bd66448512871bed5b7,2025-11-01T10:49:51.795716+00:00,2025-11-01T10:49:56+00:00,174
727179d948f16739abb659409a680d766e9f026429806596b21c4e5bc0faa593,2025-11-01T10:49:51.917708+00:00,2025-11-01T10:49:56+00:00,174
ab651e386734fa411332275c1ad7f98b5f4a406dfeb7d29fe6c03277081cfb97,2025-11-01T10:49:52.040049+00:00,2025-11-01T10:49:56+00:00,174
8f72101de141d14a00e305d2b4b5d4aa845a0ed1e3fe822a12c2eaf3cf098cd1,2025-11-01T10:49:52.152746+00:00,2025-11-01T10:49:56+00:00,174
5f3a89c67abe6ced9d5f3e03d4cb91d629bb0af6d7c698ab4c76411b4e7d91f4,2025-11-01T10:49:52.267369+00:00,2025-11-01T10:49:56+00:00,174
c968f75f179e0250492e8e7087a06742a3617d7c7ec2f47457c04bf07ca54bf3,2025-11-01T10:49:52.385935+00:00,2025-11-01T10:49:56+00:00,174
4a6d9e4dd9f4f8b5974ec2b85192f1088d5866ba9797d3bba078cbd6a085e9cd,2025-11-01T10:49:52.504206+00:00,2025-11-01T10:49:56+00:00,174
8abb5630eac4ec0c1726b6ed5bd22617147d7bd9ce1406df22f50619a438df43,2025-11-01T10:49:52.620415+00:00,2025-11-01T10:49:56+00:00,174
fd4ad809c34d0f07340f3d300b7bbe6de0247fed142f55a4dc5010b0a3104a80,2025-11-01T10:49:52.742401+00:00,2025-11-01T10:49:56+00:00,174
ecb11988912163b2d9d7fe83ce3abc695f6680753f6134f560d90ddd249547d0,2025-11-01T10:49:52.858716+00:00,2025-11-01T10:49:56+00:00,174
245f526c17ea46a90f29cb5408f6836710817ed23ffa5ef661bef860e10281e6,2025-11-01T10:49:52.982439+00:00,2025-11-01T10:49:56+00:00,174
4e5fc67f9e27bde6980ab699755604d6a535bc3eff5291780f8cc46dc67c1993,2025-11-01T10:49:53.106832+00:00,2025-11-01T10:49:56+00:00,174
8a6368b1fdc9242581915272a355a34202addf31159f3eab1f50846e405e9744,2025-11-01T10:49:53.232329+00:00,2025-11-01T10:49:56+00:00,174
838ea98bd0d3f24a076cc7865cb4c9dc1c82ca6f26149eff7406f32ddd8f763f,2025-11-01T10:49:53.357682+00:00,2025-11-01T10:49:56+00:00,174
a95f41bb0fb4345cfedb4f1177e6ddd6cb93db48e03aea1e8ec90edfcd2edf18,2025-11-01T10:49:53.484631+00:00,2025-11-01T10:49:56+00:00,174
fcf15f40da886f3bc47ff2faeb965ebe276924d272003c250e20e79ea26718b2,2025-11-01T10:49:53.604816+00:00,2025-11-01T10:49:56+00:00,174
64ee3b2c4c85e122f3a835085e5bc795c9627047fb5eba422a6498fc25a3d5c6,2025-11-01T10:49:53.729975+00:00,2025-11-01T10:49:56+00:00,174
eb9eab6ce81d178b9d111dce6bcd4be749190d40625a8a2fe5e9bcb8616fec2c,2025-11-01T10:49:53.859265+00:00,2025-11-01T10:49:56+00:00,174
c494bfdc02bb82a4d4e88060b111960a2e9e4407a22c61501ccbaaae7e365b9e,2025-11-01T10:49:53.988112+00:00,2025-11-01T10:49:56+00:00,174
da3db60e04a47f976bd9e4eec067206c53beb6bb9273e76cdf3f8182b4fed6af,2025-11-01T10:49:54.107759+00:00,2025-11-01T10:50:01+00:00,175
1419f768f063d933bdeda1c4324ba31dcd223cb23e498a8a268ed733c3b92a78,2025-11-01T10:49:54.229665+00:00,2025-11-01T10:50:01+00:00,175
5c0c04ac501bdab795797f52802b2a4fce1c65f792b773ebfb0ff142fe32e337,2025-11-01T10:49:54.354768+00:00,2025-11-01T10:50:01+00:00,175
94f7c87be041e602e746690f66660dbdf5d84545b92b11b6c5d0d8c77ca18d0a,2025-11-01T10:49:54.477086+00:00,2025-11-01T10:50:01+00:00,175
bb987349d19a3c4ab8c7ea3d2a63c3939d36cbf310c14727339d9dd9ad7acd72,2025-11-01T10:49:54.603360+00:00,2025-11-01T10:50:01+00:00,175
60512d05c0c8f43fa9a5ad7f12f8ad50266f255f6cca487e3c3d10f130fbc1ef,2025-11-01T10:49:54.724159+00:00,2025-11-01T10:50:01+00:00,175
fbdf9a4c8019aa311619be19486e7b6fee89ea6d5b103e5adb590ab9c5022719,2025-11-01T10:49:54.845204+00:00,2025-11-01T10:50:01+00:00,175
4690f7dfa1deda3cc4ed75b274f32e498667828e7073ec11d59474fff0fd82ca,2025-11-01T10:49:54.961280+00:00,2025-11-01T10:50:01+00:00,175
791ef671896e3f7e360161ce718d1208818a0e240e940ee6f7a6f799cf0822e2,2025-11-01T10:49:55.087802+00:00,2025-11-01T10:50:01+00:00,175
df37d139304b821524a7412f23f6621e212df8c5f129978e272a4857433aa45e,2025-11-01T10:49:55.213920+00:00,2025-11-01T10:50:01+00:00,175
fac9fb1f57c7dc1e4dc95b7a67810f483875d5bafac15399157d9fefc11b3fd8,2025-11-01T10:49:55.336148+00:00,2025-11-01T10:50:01+00:00,175
b85323ad158daa0e6d79513d6358844329715d0458a6a97a8be219fa3f094e08,2025-11-01T10:49:55.458841+00:00,2025-11-01T10:50:01+00:00,175
9fa107ab52fc52378caf5665569817e2e23b2934bf1cb875c5e997a5a91f69fe,2025-11-01T10:49:55.584730+00:00,2025-11-01T10:50:01+00:00,175
44a4aef6e7d2f65335f5ee9ff9947f224eb4bd36e1d3abd4bd21e9a988844057,2025-11-01T10:49:55.709309+00:00,2025-11-01T10:50:01+00:00,175
55e704040c8c04a9ac9990f1b9e31e400ab69732c200387f9b05393b105aab36,2025-11-01T10:49:55.831001+00:00,2025-11-01T10:50:01+00:00,175
9e80e4468e1549ed848f314e4ce77f0c0ac5bb7da107dd84feea8eb2fb5056e1,2025-11-01T10:49:55.953824+00:00,2025-11-01T10:50:01+00:00,175
16dd1cbd68df77bb4cd1246bb27fca8875d71e59289e381bd811e7bedc00ba2a,2025-11-01T10:49:56.078561+00:00,2025-11-01T10:50:01+00:00,175
8a247aa2fc51c217eda2b2a227a7ea86a12fbbd2553bbee54ba5b49760c9998e,2025-11-01T10:49:56.207307+00:00,2025-11-01T10:50:01+00:00,175
d1fcb4d9ba323559fec60dd591f01eb9aeeec4087021aa4c10db5e7e9e7deb4f,2025-11-01T10:49:56.330685+00:00,2025-11-01T10:50:01+00:00,175
fe5455949cdfbe321cc99a69eeb69410bc828d17aec7aef04942cc52eed7e7f8,2025-11-01T10:49:56.573808+00:00,2025-11-01T10:50:01+00:00,175
afdec4eebf4730109018e3c1a34c75a9f6554e18be99f585159787ccecb1f128,2025-11-01T10:49:56.696433+00:00,2025-11-01T10:50:01+00:00,175
fd4861cd9bab80917662f4658c87b4ad4fc56408ad65184f78a17863a2205d35,2025-11-01T10:49:56.815250+00:00,2025-11-01T10:50:01+00:00,175
a10279f2dcb9e9237e2304e90440db2f938114e71dd0f3dd57ae924c938fcfae,2025-11-01T10:49:56.931866+00:00,2025-11-01T10:50:01+00:00,175
cb6fb384e6143db9e95de94d00eabea6bd07a189fd2c458dc752eab0362752c1,2025-11-01T10:49:57.053651+00:00,2025-11-01T10:50:01+00:00,175
819b25fb632621e6ab8069d16f0885525aa9cc0acd16adda27637f5bcc58babe,2025-11-01T10:49:57.182690+00:00,2025-11-01T10:50:01+00:00,175
615e1d7b128a137cc2c27c8bdddae39a00591d1f47708303edeca5ced2775bc0,2025-11-01T10:49:57.306966+00:00,2025-11-01T10:50:01+00:00,175
b338013f4b01bf8a286283275f245ec0122a49fec5f745662e96883be15d4326,2025-11-01T10:49:57.436479+00:00,2025-11-01T10:50:01+00:00,175
2914e7fe8787e3d26287a27206503107abc6e29ef760434d6bb04befcef6c4d1,2025-11-01T10:49:57.558404+00:00,2025-11-01T10:50:01+00:00,175
8f09e6db8799187ba5ea69e185f5faf04b5e8d0b44b298e3a142481c0c7ecfb8,2025-11-01T10:49:57.684116+00:00,2025-11-01T10:50:01+00:00,175
9d9a276c61ed36502cbd1f9d7434efa304b0725ccc4d38eadd9adcb6fc9c395b,2025-11-01T10:49:57.807756+00:00,2025-11-01T10:50:01+00:00,175
e95f5269e30ed93a8b8fe2dde1522e46ecbec94cf29a8a30104b72627de1346d,2025-11-01T10:49:57.934386+00:00,2025-11-01T10:50:11+00:00,177
fb47dbc9898753c96f647e8475dc94aefccfb98812e7abb8ee78e60a41eceeeb,2025-11-01T10:49:58.060026+00:00,2025-11-01T10:50:06+00:00,176
be7d1403e3a8e42c391d2eaaf8a5bcb0fe3fbc3e10ddf8fb90f5aa959ee46303,2025-11-01T10:49:58.182484+00:00,2025-11-01T10:50:11+00:00,177
b94d4d14eee988d79ff9c44d9ec83f73e485e4f99122421e487292be81bc83fc,2025-11-01T10:49:58.309678+00:00,2025-11-01T10:50:06+00:00,176
2b80d5b43e713f4c32493d7baf574643e082821164ec968a7eb45e01c5099ff7,2025-11-01T10:49:58.433551+00:00,2025-11-01T10:50:06+00:00,176
96ad946c63574b8ad856f20592268efc82f39c7d51bf151f7d71bffb1d41ae55,2025-11-01T10:49:58.555604+00:00,2025-11-01T10:50:11+00:00,177
412652194176497d9a0d21b9c7f9a10c7668806d10c60e7af6130a44e21409ea,2025-11-01T10:49:58.682747+00:00,2025-11-01T10:50:06+00:00,176
429e82aec8cbe80ce442ce4a075e9d99cc6d6ea562b82d7c2c68e209e4735f27,2025-11-01T10:49:58.812255+00:00,2025-11-01T10:50:11+00:00,177
8d2eedfbb305cdecbeeb0196ec194d02732342643966966ac54e0a8de498d518,2025-11-01T10:49:58.931012+00:00,2025-11-01T10:50:11+00:00,177
1aeef0c3ddf6096a08d2afedda530661b31b09508173ad2a9aa8f416b8eed937,2025-11-01T10:49:59.062728+00:00,2025-11-01T10:50:11+00:00,177
4a3678ccdc81d58cf626f3d6095d289c0c8bb139b03c984ab3e670f6c384304e,2025-11-01T10:49:59.185915+00:00,2025-11-01T10:50:11+00:00,177
2e6157393129aeb6e1d02330259c691f3612b6e54c21a6eb7816a83e6ba104e5,2025-11-01T10:49:59.308791+00:00,2025-11-01T10:50:06+00:00,176
53ed40ff67f8ea711219cef33dca6e4a836d426e5e9f07dd4e7fbb01252ffae1,2025-11-01T10:49:59.436371+00:00,2025-11-01T10:50:06+00:00,176
ed4ad5cc756916013b69dae0fe682d6e3a72838af5e260ab444c601d7d1d0a77,2025-11-01T10:49:59.559064+00:00,2025-11-01T10:50:06+00:00,176
afc7cd5e29088baadad14ae2cfdbfebff189ea8c6f77936c8a931a9c34c6fb7b,2025-11-01T10:49:59.679279+00:00,2025-11-01T10:50:11+00:00,177
f192cb25048ab918f0cbf06dc25f284712758b5f79f12f0dad85eff9115681b0,2025-11-01T10:49:59.806945+00:00,2025-11-01T10:50:06+00:00,176
31bf37adeb63a503ea0f2d5920ef4c75404b5970eeeca6405617d70f13caee61,2025-11-01T10:49:59.939291+00:00,2025-11-01T10:50:11+00:00,177
51e660864ba1191e5770dd143f1323681f960a753813552eae02ad174508e3a5,2025-11-01T10:50:00.060409+00:00,2025-11-01T10:50:06+00:00,176
177447c8fe60df4a2f44fba932b3faebcf48faa9999ebd6a5280b0596da82a95,2025-11-01T10:50:00.181196+00:00,2025-11-01T10:50:06+00:00,176
957f31444dd4783280dae760ca21d5ae137372eadf1a3d39a6b1077e96f717a1,2025-11-01T10:50:00.307670+00:00,2025-11-01T10:50:06+00:00,176
6a2ca5fa703993f7a427a370b07430845711d10ba41a65c66600b83a96c65ca1,2025-11-01T10:50:00.433851+00:00,2025-11-01T10:50:06+00:00,176
5580b5ad650185955837a40f7921f626047a7591678c089f4c0e3a20a1390812,2025-11-01T10:50:00.562122+00:00,2025-11-01T10:50:06+00:00,176
5d5da74aea0de9a6d0d4de76a65fe0a9a737aba4dd226342ba8cef2be251a821,2025-11-01T10:50:00.689181+00:00,2025-11-01T10:50:11+00:00,177
0cb6b34e81c8f88be5e603024e30534ea4bfcd8407e6baa18d4d4528991667f8,2025-11-01T10:50:00.813009+00:00,2025-11-01T10:50:06+00:00,176
5b27840f38128339ccce2761b58cd46c701c6a0a92510e9483f99df2253dabea,2025-11-01T10:50:00.934792+00:00,2025-11-01T10:50:06+00:00,176
7ca024dc16ed0aa1333835cd90afc92d98cd9bae623974def545ec9c671535b7,2025-11-01T10:50:01.058508+00:00,2025-11-01T10:50:06+00:00,176
d9eb9ed6aea7c2f8ff55fe048c6ed83227d7999a9776d82ac26b47d5417e8a7a,2025-11-01T10:50:01.183036+00:00,2025-11-01T10:50:06+00:00,176
959529c61430cbd3739d973458c68f5a46f95c10715ce3896d72c9e7c39e35f2,2025-11-01T10:50:01.305715+00:00,2025-11-01T10:50:06+00:00,176
39460592e33255bb51d193685c9246d634ac06a6f5d128d200344c8acc761a20,2025-11-01T10:50:01.434235+00:00,2025-11-01T10:50:06+00:00,176
768970c203462df76b647725301930708182c30dc52a3cda1323a51cadabf7fc,2025-11-01T10:50:01.570558+00:00,2025-11-01T10:50:06+00:00,176
8fa78c9b957b99ef9d02e5ebe69bfd9a3e59254cb18feeb0815038a8f5774297,2025-11-01T10:50:01.686400+00:00,2025-11-01T10:50:06+00:00,176
b9c0458ac0c9c2028bba44e5bf0112db6d682d5cd9585c4eb40c1cf0bc1a89f8,2025-11-01T10:50:01.803273+00:00,2025-11-01T10:50:06+00:00,176
77fbf2412d112f3fdf6c3c9812c2ccbf77f0df22027eb1d1e64c581609bdd449,2025-11-01T10:50:01.930472+00:00,2025-11-01T10:50:06+00:00,176
9e172b6b3b83d70b29d7afc6f7aec0b0c91afc2982debba945157a6df2f7e345,2025-11-01T10:50:02.048401+00:00,2025-11-01T10:50:16+00:00,178
91695a003cb6421a6d555557ce7973ff85d8fd2eb2ab9dd031f4f9a17342988d,2025-11-01T10:50:02.169637+00:00,2025-11-01T10:50:06+00:00,176
be97cbd384fe3295042b6077512c829a77d487fe4a6303d2f6a4037c53570b25,2025-11-01T10:50:02.295667+00:00,2025-11-01T10:50:16+00:00,178
7058ef83efcbbf17dbdb684517f71a2c765671d1c0db9c05005259790e31ba78,2025-11-01T10:50:02.419473+00:00,2025-11-01T10:50:11+00:00,177
e8a29277cf9825fcf01bd183a3a67e0f8bd87a8d1b338b03d6429d11f2308c25,2025-11-01T10:50:02.543298+00:00,2025-11-01T10:50:16+00:00,178
487553ce64f20b5ea9c99459b8a300d9e9a30b1111de7b324415ac494f7a9dea,2025-11-01T10:50:02.667731+00:00,2025-11-01T10:50:06+00:00,176
06973d9f03b47dd0064222dc1dcf7bc928d441af98bb0b086aea32f4a9fd0c10,2025-11-01T10:50:02.791665+00:00,2025-11-01T10:50:16+00:00,178
a817b5f12e1134acdb8691a719bc799a517faed0af481efbd0353a2aea0e6097,2025-11-01T10:50:02.917803+00:00,2025-11-01T10:50:06+00:00,176
c4c4e5247668bb188d837e1f732259ff280d00968dd8ef28ac040e21aebf0f71,2025-11-01T10:50:03.041443+00:00,2025-11-01T10:50:06+00:00,176
c7bf1ce9daa76cf8d869f9794befa9a8b60193458cd348a5c2861dadfad942cd,2025-11-01T10:50:03.168787+00:00,2025-11-01T10:50:06+00:00,176
90f9e41ec18fec6f37e5016e3e8401b18c55e02b5c57236b0ba65dc8102b9e0b,2025-11-01T10:50:03.293253+00:00,2025-11-01T10:50:06+00:00,176
9c0536a933a8473bc28545ed89f0ca69bc1213c85a972b4a40de7a6ffcc6bb6d,2025-11-01T10:50:03.414510+00:00,2025-11-01T10:50:06+00:00,176
aa100bbe1a3a6804e1d920e8d6a096568d7408d1291855199e72b7b4e97266d7,2025-11-01T10:50:03.544671+00:00,2025-11-01T10:50:06+00:00,176
38b534e0b540b9f67a4e3cc48ddc716d38811e369267e70d740268f2410f3f26,2025-11-01T10:50:03.670758+00:00,2025-11-01T10:50:16+00:00,178
ee7c48155c582131ac6a7cecac5465dc21eb7d9e731882d84ed68888d7887e1f,2025-11-01T10:50:03.798902+00:00,2025-11-01T10:50:06+00:00,176
90c646655c10d22332c4fe9be9bfac8b1a2d77ab3ac7edac976f261385b5a247,2025-11-01T10:50:03.925139+00:00,2025-11-01T10:50:06+00:00,176
4d46cb4ca8901d5d970e9b7a4a50544ee8d5f9ebb6fbc7f4d3927343ab63646e,2025-11-01T10:50:04.054028+00:00,2025-11-01T10:50:11+00:00,177
058799d9fcf4eb174b223870686d3d8d6d70f3e849c6efa659452ba72753f123,2025-11-01T10:50:04.175843+00:00,2025-11-01T10:50:16+00:00,178
a52056e0e722b988c99cfe308fc87c4e525edf01a7781220e11d2b92e0b082d7,2025-11-01T10:50:04.309245+00:00,2025-11-01T10:50:06+00:00,176
32ec3f94151bd27f239a179392360e700e5b4bdaf544e43ae73391c82e0969cc,2025-11-01T10:50:04.436999+00:00,2025-11-01T10:50:06+00:00,176
c77fb360793d983b77320cf2b46fc2c7f62be14414d1b27e09cf99f79d1969f5,2025-11-01T10:50:04.563658+00:00,2025-11-01T10:50:11+00:00,177
497769dee073e216b5c43cff064039c6d8a8e846c935b3823f5aba31640acb49,2025-11-01T10:50:04.684388+00:00,2025-11-01T10:50:16+00:00,178
50c4dc54b832f58dd0bc9444b8cbe44b86b313461535d961e2a41e0f5923bafa,2025-11-01T10:50:04.812072+00:00,2025-11-01T10:50:11+00:00,177
07b2768ed20e0cfd1f5629cc4796912cb0fa73bddaa5f2701b3df3c2bc330d1f,2025-11-01T10:50:04.935378+00:00,2025-11-01T10:50:16+00:00,178
cf26d005108826062a9157be27c91fa1736fdedef6a1fff5d4c58e005c576250,2025-11-01T10:50:05.058393+00:00,2025-11-01T10:50:16+00:00,178
83534a4a65d786aea113bb90d28447032e84e2be5e0229c1703b2545383682df,2025-11-01T10:50:05.183419+00:00,2025-11-01T10:50:11+00:00,177
ff0b816df46fb09604ea2a172e07b657433e474f11e9dd3f1ead5966a5e950ff,2025-11-01T10:50:05.308305+00:00,2025-11-01T10:50:11+00:00,177
e76f0b8a8ce396b620d40f972a949925037aafb0e43bf183745301b29f1da28d,2025-11-01T10:50:05.434875+00:00,2025-11-01T10:50:11+00:00,177
0a8af0fa383bad3d56c6bb969b1ed7331e91c69541f8a75deefbfb553afa14e2,2025-11-01T10:50:05.557355+00:00,2025-11-01T10:50:11+00:00,177
7487a02c6883339057f3a93c069bfec554eb447fb1cb38a152bb7dd617aaa18f,2025-11-01T10:50:05.684446+00:00,2025-11-01T10:50:11+00:00,177
3d7b55a6fbd65f86398c6ba588cd7ca9af190262ac45e7a26b903ab231eef74c,2025-11-01T10:50:05.808105+00:00,2025-11-01T10:50:11+00:00,177
609147bf7eae5bf321c3c74549ea66673d7aa8ee10029c147b0a6c5d263cc8d8,2025-11-01T10:50:05.936000+00:00,2025-11-01T10:50:11+00:00,177
a4f1cf29cbddca7804e609fe3af565c20d01316e2350168244d629a78919f867,2025-11-01T10:50:06.054698+00:00,2025-11-01T10:50:11+00:00,177
124106fb2613b3f15a77b8f0c6aaf1dd0764184414e4898e19441ace208421f4,2025-11-01T10:50:06.180275+00:00,2025-11-01T10:50:11+00:00,177
db39285d0640bd1dcf200684b84f8e35167e15be0b84700507c724e8d8132a8b,2025-11-01T10:50:06.307936+00:00,2025-11-01T10:50:11+00:00,177
72a7f613895d2077e5345a2b73d1965fcad801d70091c5c7410dbadc8933930e,2025-11-01T10:50:06.429208+00:00,2025-11-01T10:50:16+00:00,178
f9c641e13192d1385c9585e6e3ad7dbc6fa1153cd3bc20eeccf0f9b4ae7bee78,2025-11-01T10:50:06.553723+00:00,2025-11-01T10:50:11+00:00,177
e360b6dbe5ac45449741fa3754754ba8e049461e4572d57e3c73c8da57694726,2025-11-01T10:50:06.726842+00:00,2025-11-01T10:50:11+00:00,177
6b263eeade5350ff1e6704c19e3726ce94294b35e47b89e5a87d1857fb3dc612,2025-11-01T10:50:06.844073+00:00,2025-11-01T10:50:16+00:00,178
f8f5623f5f9694b9e66d93bf0f86e412c7082b030ed6d148eeae18e0fa22a5a7,2025-11-01T10:50:06.969745+00:00,2025-11-01T10:50:11+00:00,177
c2d90c660691785a85d886e72878fae340fd7cb6560961735683e1727599f1f7,2025-11-01T10:50:07.088577+00:00,2025-11-01T10:50:11+00:00,177
4afe0bb30bbba85dac98718d32e077d41d40f01728d634d59e80068c4f7ee783,2025-11-01T10:50:07.205965+00:00,2025-11-01T10:50:11+00:00,177
30ea28c344f51cd53ec45ff064f5e430d1c57edd37672fd7dd05f14cbb54fc02,2025-11-01T10:50:07.333531+00:00,2025-11-01T10:50:11+00:00,177
f69e82d229b916f3a5779ed05914d92ec2029a41acfc4c6914d560e67997f7b7,2025-11-01T10:50:07.450162+00:00,2025-11-01T10:50:11+00:00,177
add3f40c2491c5127b8ae194ff50a8c2789ed642eacf458606d6c17b130d2ff1,2025-11-01T10:50:07.565395+00:00,2025-11-01T10:50:11+00:00,177
05eb6f94aa2df928951923dba08a489aae09336838160a0f7c85745594275767,2025-11-01T10:50:07.679577+00:00,2025-11-01T10:50:16+00:00,178
75461e5f6a079885929153943d456aed001827c1e913f672312943086dd58de1,2025-11-01T10:50:07.795088+00:00,2025-11-01T10:50:11+00:00,177
68471eadc5c8e43eee7bc8131cd9f7f4055dba3cbcbd49cc73fe8da8a477ef48,2025-11-01T10:50:07.914980+00:00,2025-11-01T10:50:16+00:00,178
26464ba4a66651b1c4cf35ca735af58df54ebee3b795a4c0dba957379709578a,2025-11-01T10:50:08.032748+00:00,2025-11-01T10:50:11+00:00,177
3da09f79904690ef4970450b14301fa137336495930898a6b6e7efb00d1ebed8,2025-11-01T10:50:08.148793+00:00,2025-11-01T10:50:11+00:00,177
053b0f99bd1aea7cc690d0a829e6e5dfd77b50147ca0d7f60850e8af3bfae9b6,2025-11-01T10:50:08.272237+00:00,2025-11-01T10:50:11+00:00,177
9af12da98ccdbd9228b19c25892e16309879bb14fc798a8bb4d49037994fc217,2025-11-01T10:50:08.398412+00:00,2025-11-01T10:50:16+00:00,178
e57063d9d4da1fdee9cafafc3ca3da17e482f04f76b2285c2ea1a00cd9110486,2025-11-01T10:50:08.516855+00:00,2025-11-01T10:50:11+00:00,177
793e49dab0dba5aed9fe9c6af10d4a236fcb259ce9b9ca2cbfeeb8f700154e7b,2025-11-01T10:50:08.638921+00:00,2025-11-01T10:50:11+00:00,177
77649df2c198f5c4ce4630f95fe3d15fa55c6f016ed484baa743859c89482ebc,2025-11-01T10:50:08.765287+00:00,2025-11-01T10:50:11+00:00,177
d59212e1333d651175dcf71cf8c9997316612c6065a5a57e5bd60121ce1af49a,2025-11-01T10:50:08.892908+00:00,2025-11-01T10:50:11+00:00,177
9a16585012d7d40530b179ed3e08ab0361f9c37409dc7c101dac655262249946,2025-11-01T10:50:09.022408+00:00,2025-11-01T10:50:11+00:00,177
f51b3c0b92b48bbde3d4e899cb5105b450fcbe185c62165609093135e597b726,2025-11-01T10:50:09.144650+00:00,2025-11-01T10:50:16+00:00,178
7b6a28dea2217ac8082a007eae27e4ae262569f2a2c122458ee78995f3c0f9e9,2025-11-01T10:50:09.265544+00:00,2025-11-01T10:50:11+00:00,177
ee22a20572e5c13b22b63cb80c22cf94a2fdf3b96e56983275080b8e05e8aaf9,2025-11-01T10:50:09.389876+00:00,2025-11-01T10:50:11+00:00,177
757a44fb2e1d6b283d3cea75313a94612f0ac1f3c5b58ad70eb7f96fc0da2440,2025-11-01T10:50:09.510531+00:00,2025-11-01T10:50:16+00:00,178
1bfbdf16cef619d73f25fc63202721a3c40485882fa1bb0e2f5aa3a30164cb45,2025-11-01T10:50:09.634377+00:00,2025-11-01T10:50:16+00:00,178
00b3bb5f0c3c8a5872fc20ac757c91cedcab854460c42fed862475617ecc0b1c,2025-11-01T10:50:09.765801+00:00,2025-11-01T10:50:16+00:00,178
49db0c2a17373a50013346b6a351059ec386299374ab5ede7df8c7878d2c0623,2025-11-01T10:50:09.885693+00:00,2025-11-01T10:50:16+00:00,178
6308801372cb0d5f59850dab88f24ee10f37b48de859382c34750c29daeb86f8,2025-11-01T10:50:10.012083+00:00,2025-11-01T10:50:16+00:00,178
e707c0e82c1ccb38b5466e56ddad1fbfb2a833ba35e7e60509d3a8c377ca2fff,2025-11-01T10:50:10.133204+00:00,2025-11-01T10:50:16+00:00,178
cbc3e4bd221f1d905b99e38ac0b901fd24fda67842597fb0ece81ee1b595e79d,2025-11-01T10:50:10.260360+00:00,2025-11-01T10:50:16+00:00,178
76f7782ebae6b3a925c425b7c4bdbf15d8a7cfca2f65f8869ef67e65795d7f45,2025-11-01T10:50:10.386163+00:00,2025-11-01T10:50:16+00:00,178
a48a5d2177cbefd31d4f06e3301f77f06dc77ae7a29ca8a2dfae2c745f5bc3a2,2025-11-01T10:50:10.509400+00:00,2025-11-01T10:50:16+00:00,178
8328a20b03c313d60471157b2ca8a59fd51881a718788d07913ceb9e3d8e1963,2025-11-01T10:50:10.635836+00:00,2025-11-01T10:50:16+00:00,178
af6f0089b5c73fa07c753d1cdb22aa1a0c6c9b446ecc313c37b9549621aa5365,2025-11-01T10:50:10.767098+00:00,2025-11-01T10:50:16+00:00,178
5a2c3ba550fcdca38e4b8b578a2ded9ee2cf17d877991d9fdd244fd84ac845ba,2025-11-01T10:50:10.896385+00:00,2025-11-01T10:50:16+00:00,178
797b2f3765afb09a3efd4b7a24702a0d6245ee7b55543596edaf24f80e3d0869,2025-11-01T10:50:11.026059+00:00,2025-11-01T10:50:16+00:00,178
834715cf986c347a12d140a67b9bf954ba8bd827feac0eccd12cc5644e8a2b8c,2025-11-01T10:50:11.151756+00:00,2025-11-01T10:50:16+00:00,178
5bb1f6005f1682e76e3b0838f7cee1cc0812a2e9cdea67b27a3ff24ceb8fb6ce,2025-11-01T10:50:11.275044+00:00,2025-11-01T10:50:16+00:00,178
21d803f9ae0dafaa579e58d5d376dace97513d39b0a7beaa4d778eb7fde30adc,2025-11-01T10:50:11.394846+00:00,2025-11-01T10:50:16+00:00,178
451d410e8e4059a3ad0281ea74a1f917674d274e44b37de3004d4b1d89a558de,2025-11-01T10:50:11.521833+00:00,2025-11-01T10:50:16+00:00,178
639ca83669e44cc421a620937e44b313c0136779dc34285560aaf229b6aabfd0,2025-11-01T10:50:11.644738+00:00,2025-11-01T10:50:16+00:00,178
b3e77fb84d782c08f863f65582705357a83d7ff6c81776bc476f8af624a0a5d0,2025-11-01T10:50:11.831985+00:00,2025-11-01T10:50:16+00:00,178
0843f2cdd6c9a48f45313e7f55e4bd70907140f8c07d572bea2ace555eda1c09,2025-11-01T10:50:11.947934+00:00,2025-11-01T10:50:16+00:00,178
b87e899cd9d2085de2d33fc590f1088a0dc1d3ee3168e09bc0123c62dd686186,2025-11-01T10:50:12.067148+00:00,2025-11-01T10:50:16+00:00,178
6876b5c27f6ded03da45ef632bf71f56159343d6c271eed9987f132ac48eb9dd,2025-11-01T10:50:12.189025+00:00,2025-11-01T10:50:16+00:00,178
81c4ce8975a54572a496208b7c31593c07917f9195b062e7f3785809cd262401,2025-11-01T10:50:12.310033+00:00,2025-11-01T10:50:16+00:00,178
5701de690a78c8158aeb840b0135c558973ca84bb1bf73c8e4ee442b7e9117ec,2025-11-01T10:50:12.439428+00:00,2025-11-01T10:50:16+00:00,178
d2fd41d5c816a3c9d17cd6ef419a80347d1fbcd632fcbad3b8a03e7b8af2d707,2025-11-01T10:50:12.552266+00:00,2025-11-01T10:50:16+00:00,178
74b5ce4a2cf0d3f9c264b35f86047d109ed6280825220b00d8fa52d39e5b5edb,2025-11-01T10:50:12.677517+00:00,2025-11-01T10:50:16+00:00,178
c723f0536e5a6a64acbca5f96f7f39d06ceb72c2f39395aab291bd11778e5c4e,2025-11-01T10:50:12.801034+00:00,2025-11-01T10:50:16+00:00,178
c2d7f6cad63393d2ed0d1ba8dede60d0c64c17b4441e567d48c3e30911929d69,2025-11-01T10:50:12.919229+00:00,2025-11-01T10:50:16+00:00,178
67d715494f66952cf1002adc787e0db7efa68c5203c19402405399c543273f29,2025-11-01T10:50:13.036772+00:00,2025-11-01T10:50:16+00:00,178
c68a07ccc0ad2c1fff73c3e57bdf6ca8bfc3473fbf3a66c3c2bce33f4be31f5d,2025-11-01T10:50:13.150626+00:00,2025-11-01T10:50:16+00:00,178
d626f04ebc3bd81c5294c1412a873bd9c9a4cfb28d3d639d46c124aedad9f250,2025-11-01T10:50:13.271054+00:00,2025-11-01T10:50:16+00:00,178
3281d44e878ae6e0bc8630e64929cd603c2d3231fbd3c1c880144db6d74a1647,2025-11-01T10:50:13.384524+00:00,2025-11-01T10:50:21+00:00,179
01ca96d61aaf4de21fff9213376e45d0c5157c703d22418b7f1a3818b1642f56,2025-11-01T10:50:13.498805+00:00,2025-11-01T10:50:21+00:00,179
439b676052d0462860d1f08cf46bed43d897c26cc712ed9e41e2a07364be6a63,2025-11-01T10:50:13.611356+00:00,2025-11-01T10:50:21+00:00,179
2d5e343524509aa5f5a22a33cddc90c477c677b0a168814b33ab2878f11f82f5,2025-11-01T10:50:13.728490+00:00,2025-11-01T10:50:21+00:00,179
6ceb3c7b6f582478303b964d440b9dd3c4a08239809e851cf4722029344db4ad,2025-11-01T10:50:13.847327+00:00,2025-11-01T10:50:21+00:00,179
00b40682f22d768b26dbe9dfa6adce14a5e3ce0f869dd7f515198e4c80871754,2025-11-01T10:50:13.961196+00:00,2025-11-01T10:50:21+00:00,179
be85106f036c2f7f9d1a14eb84a15221b141014f6b5cffb2f0148f8fa3e594a6,2025-11-01T10:50:14.080316+00:00,2025-11-01T10:50:21+00:00,179
52739dcd9865cd1b8333227707ba4dcfcd2528c775c0fc6d2a44a1b9cc13940e,2025-11-01T10:50:14.196787+00:00,2025-11-01T10:50:21+00:00,179
880fdae919cf5d64f2d3e416806f91b5542c16b4616a0bcd0acae94133b7073e,2025-11-01T10:50:14.314031+00:00,2025-11-01T10:50:21+00:00,179
94b99fdbac5d0fef9711ad9bde4dcf9853c79ed37720fe4cae798c0408156b74,2025-11-01T10:50:14.433019+00:00,2025-11-01T10:50:21+00:00,179
4b71b3959a125649dc37761c573702bf0349d0038b0080581f4630daee1acf14,2025-11-01T10:50:14.554303+00:00,2025-11-01T10:50:21+00:00,179
76ef96a3320e10cd7e6017a805b9e3c77160fc6fb5e66bf2f46b1b817a2c02a3,2025-11-01T10:50:14.681220+00:00,2025-11-01T10:50:21+00:00,179
5f15eaa3b439a884ed71a1fbff7793c7c67d4aca3eef3575c3fc4f4b36dc456f,2025-11-01T10:50:14.800408+00:00,2025-11-01T10:50:21+00:00,179
0af07883d564e3c36e64c23abf00ba32e102cfd03b838d891cc33cd1169f4106,2025-11-01T10:50:14.916982+00:00,2025-11-01T10:50:21+00:00,179
221e677d943d1833c805fb522eb7895e5028e863ac8baa30826aa292739c0aee,2025-11-01T10:50:15.035787+00:00,2025-11-01T10:50:21+00:00,179
e6ac6d449e81c7ab6a2da0b572c4ea17c99dcf7849f496901e24f9dd0a976a6e,2025-11-01T10:50:15.150146+00:00,2025-11-01T10:50:21+00:00,179
4a4e889ea74d89421fd4f9a104d5e0fc1ebf8621f97810e845831e6c9e20db57,2025-11-01T10:50:15.265967+00:00,2025-11-01T10:50:21+00:00,179
cf9ade06f5f3c3cf12fceff02ca8d89acc4203dbc78013699667b1c35dd54d5e,2025-11-01T10:50:15.383247+00:00,2025-11-01T10:50:21+00:00,179
5136dc7d6ee38cd017aa50e9c97fb770e546b6536d413a1712267078bd44bb66,2025-11-01T10:50:15.499879+00:00,2025-11-01T10:50:21+00:00,179
f7a76a811d272ba2cea10dd41b9d461aeb75773f4559d683aa6873bd3a2d4812,2025-11-01T10:50:15.616817+00:00,2025-11-01T10:50:21+00:00,179
a092bfb550a2a916943920f828f41fa89c8a86aba1095baa8027eaaa27d852b5,2025-11-01T10:50:15.737215+00:00,2025-11-01T10:50:21+00:00,179
db3e9841b31d8bf4bab0e25343743c580432111f802dd4fb527d30888677afba,2025-11-01T10:50:15.855671+00:00,2025-11-01T10:50:21+00:00,179
3b9b70e2ce8c648a7f52a907d9fd39017f0753f44f23507c1b95df57995204a8,2025-11-01T10:50:15.973139+00:00,2025-11-01T10:50:21+00:00,179
db79d56971f3474f0464cf5ae13af6d27ba0e4bfac46b565458b6ba0b45afde0,2025-11-01T10:50:16.092851+00:00,2025-11-01T10:50:21+00:00,179
f24730dca877f9c599d56a334b46371eb6913de15340a9e90b0a1adc30172306,2025-11-01T10:50:16.208983+00:00,2025-11-01T10:50:21+00:00,179
38462a5e14c5f9b3e4ab3448ddfe6bcc08584638861ec841988d2c433f38ed7b,2025-11-01T10:50:16.327945+00:00,2025-11-01T10:50:21+00:00,179
c83960aa02ffb53962a9f556231e078bf297e5231fdeed96a3565d16ed52fe5a,2025-11-01T10:50:16.445676+00:00,2025-11-01T10:50:21+00:00,179
bb7f1522ef00f543e1538fdb634e8feec7a6c0d4979cc314c96f6995f80942da,2025-11-01T10:50:16.564585+00:00,2025-11-01T10:50:21+00:00,179
9bb6745bd83f384b5826bf1e0fb18ea3f0b53ea6b28640279a629e3bdd10e5ee,2025-11-01T10:50:16.685029+00:00,2025-11-01T10:50:21+00:00,179
cb4fbccfbd0bae79c8f399b407e5bdd96aea42fd6d91a8492125c34f8f0b51ea,2025-11-01T10:50:16.916219+00:00,2025-11-01T10:50:21+00:00,179
084c66ad6e2098bb5672d1416344db337af0777f055f3d5700b8384c5c9ec310,2025-11-01T10:50:17.031309+00:00,2025-11-01T10:50:21+00:00,179
83d634a8b1bd9661245c0b1ec6b6f07b4e9b7494e4faa09499fd0249e7e2cc6e,2025-11-01T10:50:17.148687+00:00,2025-11-01T10:50:21+00:00,179
57ec690f5710d49a3a891821ba13b7b4a4488b6aa1ab35875f38911b3b10b697,2025-11-01T10:50:17.264998+00:00,2025-11-01T10:50:21+00:00,179
c5ac95c79dd9503acafe3409629f5363879f47d4f8ca24419d6edc7816413cea,2025-11-01T10:50:17.385155+00:00,2025-11-01T10:50:21+00:00,179
d121f8f1919c18940dce5b1c9bf466282332247ace5c8a12c0a6ad094c5e7809,2025-11-01T10:50:17.502785+00:00,2025-11-01T10:50:21+00:00,179
187a2817ec28d61483245edc0e0cf7ad574b45e59a44aa8b8ffe0c86d38458e4,2025-11-01T10:50:17.622155+00:00,2025-11-01T10:50:21+00:00,179
3563d9042bc4711a8e136678dbf8a7c9e92165ee133ac8632ba3a86502fe12bf,2025-11-01T10:50:17.745462+00:00,2025-11-01T10:50:21+00:00,179
eaf271a2d5fa5c0fee595600f7d657036d00469f2f7686b152fc104c765fd701,2025-11-01T10:50:17.871739+00:00,2025-11-01T10:50:21+00:00,179
2059ce756781d8c50715f2e54de01366d8d7db03c775bb8206c45194ba9c6814,2025-11-01T10:50:17.994971+00:00,2025-11-01T10:50:21+00:00,179
d783f4e64722eeb72b8e48fca11ea8001987514fc077180d700cb51541825e75,2025-11-01T10:50:18.121595+00:00,2025-11-01T10:50:21+00:00,179
09b65d6ab077706e1d0238c2fda17b74aa2bccd574132ef55864ee13f1711d37,2025-11-01T10:50:18.243941+00:00,2025-11-01T10:50:21+00:00,179
2cbea370c5ed89b5e81ee64883f6a81a47496bb37a16726d83d6ea28edbbd6fc,2025-11-01T10:50:18.370590+00:00,2025-11-01T10:50:21+00:00,179
ebe7c779efcf70eeedf5a7749812fd2cf2c63b8da155d281d6299c8bad30cf80,2025-11-01T10:50:18.498797+00:00,2025-11-01T10:50:21+00:00,179
b0fda5314355ad8ef8ee1cd9428f7b282800dcc9cbf3ff76d221eb0080ce8f1d,2025-11-01T10:50:18.622525+00:00,2025-11-01T10:50:21+00:00,179
52de4b9b1015aed2f41f9c28a960c7807e9182326b297f3bdf58fbe7e9c5a02e,2025-11-01T10:50:18.748919+00:00,2025-11-01T10:50:21+00:00,179
5528ed28759e75cde166ba0fee50ff31e8397e5a7411f606a1e47e27e9de2f43,2025-11-01T10:50:18.874536+00:00,2025-11-01T10:50:21+00:00,179
720b5408a61c96723b3d24f20bbb7f80eab59ded8267eebc7c8e6b85af60a0f7,2025-11-01T10:50:19.001201+00:00,2025-11-01T10:50:21+00:00,179
34ea992b18613f89ceba1dd50a2f2f3f54a2a69291abbbd834ab28c618b0b99e,2025-11-01T10:50:19.124005+00:00,2025-11-01T10:50:21+00:00,179
4c695601bbe63607d169394589c08a258df0aa79f53c47afbe6be3982f69e090,2025-11-01T10:50:19.255253+00:00,2025-11-01T10:50:21+00:00,179
4ded818ad8104444adf1c27f71d591fd0e47633d2428d03cd2ba11fa86397a6e,2025-11-01T10:50:19.373558+00:00,2025-11-01T10:50:26+00:00,180
25840fd29894593dd42270a75b62c2cbe6f8e8aaae58fb50ed88deaed6984bc3,2025-11-01T10:50:19.509214+00:00,2025-11-01T10:50:26+00:00,180
b632285f390cfd77c69b4a6595d585a19bea77643fd7480e5177bdafce60cfcb,2025-11-01T10:50:19.631934+00:00,2025-11-01T10:50:26+00:00,180
1fb96359160316166cc21b331e55e99bf64d0c9cd4f8e7bb95a91cc630e48a38,2025-11-01T10:50:19.752861+00:00,2025-11-01T10:50:26+00:00,180
d248c674fc9dae90e8103ef95528147ed5e0abdae2185140f2873a00860d1044,2025-11-01T10:50:19.878712+00:00,2025-11-01T10:50:26+00:00,180
4f06e20b8c85a8181d632a611b5531ab02d627344af2f3bb041526b11a77eeec,2025-11-01T10:50:20.010021+00:00,2025-11-01T10:50:26+00:00,180
70e21de36fabf3257d421159107c7a67e2629e70e120c52ecfa2c1d232cc459b,2025-11-01T10:50:20.132892+00:00,2025-11-01T10:50:26+00:00,180
b49dc6a8c7a736eee72d2efee9b40fcba5a287fa1ea4a16d2c2e6104afcc4a26,2025-11-01T10:50:20.260581+00:00,2025-11-01T10:50:26+00:00,180
8340f3b054e4351be58e948c3543debc98b08c8f8289bf75b91c4ac00e4be1f4,2025-11-01T10:50:20.386569+00:00,2025-11-01T10:50:26+00:00,180
a36a1cbbbaf034273e11fc1f261c88468454ae5e69e11392f57195b87b15293c,2025-11-01T10:50:20.514134+00:00,2025-11-01T10:50:26+00:00,180
4e251e8e6670585a6d5dccc9283395550a97f965856e867209c1a69725de0d1f,2025-11-01T10:50:20.651559+00:00,2025-11-01T10:50:26+00:00,180
e44f759d1fb45a68a2fd489a79069145ebca5bcfa9963a4383bdb8519ff211ea,2025-11-01T10:50:20.778458+00:00,2025-11-01T10:50:26+00:00,180
2d00de7948d49a6ca1a85b1888765365eb096e0f6c309118435d4496f8890c03,2025-11-01T10:50:20.903247+00:00,2025-11-01T10:50:26+00:00,180
3d57b8ae8eb137281c8157cbbc36bfecedec107ec94287c3c74b9175a806b4be,2025-11-01T10:50:21.026138+00:00,2025-11-01T10:50:26+00:00,180
1acd95a02bea0587fecb967325e9c99e0be02d1c0d879e5791df705ce379d109,2025-11-01T10:50:21.155960+00:00,2025-11-01T10:50:26+00:00,180
ec8489fcd8112195f68fd7df816e333580e3d996a855bb20192a4f1578e5237b,2025-11-01T10:50:21.281463+00:00,2025-11-01T10:50:26+00:00,180
6ba1605e1507c98ce9d8920f6f90f11b37555be8d8e3021ba8163316100a7316,2025-11-01T10:50:21.406134+00:00,2025-11-01T10:50:26+00:00,180
a419252b34fe7a942f19317145d6e45da421723017ee2b44800b5d2609adc814,2025-11-01T10:50:21.535543+00:00,2025-11-01T10:50:26+00:00,180
2246180821198ab8ad3d347cd659ed90cc4e87dda6230f4e13da87fecc516108,2025-11-01T10:50:21.657459+00:00,2025-11-01T10:50:26+00:00,180
08f6ef950a02b9d607dd35a539a4f3f7b94deef97fadf757a6b496b352d4ef45,2025-11-01T10:50:21.778843+00:00,2025-11-01T10:50:26+00:00,180
7113eaaf9620180443bd8c4f4bb9985f16a5fff23332a1d7d0b8cff2a0b0fdf3,2025-11-01T10:50:21.987325+00:00,2025-11-01T10:50:26+00:00,180
ebacceb5597321a2945ed6721c346f3bb59cac6f73fc7808fd155c4deb36729e,2025-11-01T10:50:22.106156+00:00,2025-11-01T10:50:26+00:00,180
6056cacdd7e726afae4841bc22490dc4dcede0506017bfbabd37920249a5062b,2025-11-01T10:50:22.226471+00:00,2025-11-01T10:50:26+00:00,180
a55229396eafa014b6d60df8aa40dca4f5b6623b8baac59ca8f55d9f4844e357,2025-11-01T10:50:22.345490+00:00,2025-11-01T10:50:26+00:00,180
e3a67794309b1aa5dc0ba8df9a57a2c8e0b1648b2e6bd9836a0fd11b4b86314a,2025-11-01T10:50:22.462291+00:00,2025-11-01T10:50:26+00:00,180
b84322d64522c6e39ce3b8f958d52cd1c2f317fbd18e75185abfb72ad6a401d3,2025-11-01T10:50:22.581487+00:00,2025-11-01T10:50:26+00:00,180
806f2556781cf6a8355af176d7c2f6d5004640ff4f2097c467b10e77d429bc7b,2025-11-01T10:50:22.701377+00:00,2025-11-01T10:50:26+00:00,180
33563d2395628b7b5871c1c68bac2a0e0a8e0e566ae1435a0c9d8c0e014ecd1f,2025-11-01T10:50:22.829063+00:00,2025-11-01T10:50:26+00:00,180
7f198897220128952170d5753e136806d45ceef0eda1d8f9ed667390f21e404c,2025-11-01T10:50:22.951789+00:00,2025-11-01T10:50:26+00:00,180
87a541cab02a433e964bab5848e269908f24207aa8912c56850e9a1e27d64c36,2025-11-01T10:50:23.076191+00:00,2025-11-01T10:50:26+00:00,180
95e6d5989136cb194dd1cf2da37c63d3c9f6bc44afa16449d99c837d608a91ec,2025-11-01T10:50:23.207785+00:00,2025-11-01T10:50:26+00:00,180
9db1c0a921774de168a208cc5f4728bdfbfbf419cbcf5ab3a4548ef2e8c57556,2025-11-01T10:50:23.330140+00:00,2025-11-01T10:50:26+00:00,180
0a0d3480ad29ab730a8a3cdf72d8361d259ffaf1ceb09b337d8ec9ea760411c9,2025-11-01T10:50:23.456609+00:00,2025-11-01T10:50:26+00:00,180
8ed8c47147bc8aa0d00ea4310fcf18277276063a7a05f768b8e6867f32ddc70f,2025-11-01T10:50:23.578569+00:00,2025-11-01T10:50:26+00:00,180
4a8ca322624d5490178d5126c6ff8eb5709c4730097cb47e3fda43569b998ad0,2025-11-01T10:50:23.702310+00:00,2025-11-01T10:50:26+00:00,180
7e19a4faac69670e0fc54b43a323769a42ff86d12f3f6a9c968f9535d6833698,2025-11-01T10:50:23.828445+00:00,2025-11-01T10:50:26+00:00,180
11e03e29bf6a18a5a1539915c2e2303e3f884363a62419e1ef76131e35d229d2,2025-11-01T10:50:23.954057+00:00,2025-11-01T10:50:26+00:00,180
f0599f33882498bb107647e65622fc15519c10e3dc870c2c85be49172a5ba482,2025-11-01T10:50:24.077934+00:00,2025-11-01T10:50:26+00:00,180
c3fdd665677bfc6e95211240b14ca32411c3c836f19320395498fd7e25c0824c,2025-11-01T10:50:24.203370+00:00,2025-11-01T10:50:26+00:00,180
aaad04b2d3bf8e2ef86c4cc630045a9050b05e2d58112ca0e5b234ce2729c867,2025-11-01T10:50:24.328964+00:00,2025-11-01T10:50:26+00:00,180
7e276fce9a50a85d4563b2d60229f1acc6fba798fb9976c75df97257ea1b3be8,2025-11-01T10:50:24.458496+00:00,2025-11-01T10:50:26+00:00,180
c36425d5ed7a4d612a31dc8e3074a027944031402f6fb462f511f458f0c40c5e,2025-11-01T10:50:24.580793+00:00,2025-11-01T10:50:26+00:00,180
5537f7cfff8030d58572f86d05c75b58bfea66972d204041dcf3e7fb57ecdbbc,2025-11-01T10:50:24.708971+00:00,2025-11-01T10:50:31+00:00,181
27511d2ea9efcf4e9bf2dbdf141f1cf706be9b2917ec2e93758fb51ec39d883d,2025-11-01T10:50:24.838368+00:00,2025-11-01T10:50:31+00:00,181
4ce5bd7fb455ceed2e39911b22415ae6db434f4feca600bec12c1cc03e51cb91,2025-11-01T10:50:24.963140+00:00,2025-11-01T10:50:31+00:00,181
13a1db9487388b2f122667aa70d337034b3503c59129cd2546fb5dc5d1ae982a,2025-11-01T10:50:25.081384+00:00,2025-11-01T10:50:31+00:00,181
056ea1ec252b895febb7b7342af66bf7a5b44a9c1393aa5e8a34fadfb9977a6f,2025-11-01T10:50:25.200113+00:00,2025-11-01T10:50:31+00:00,181
7c3460eff80c61328855cbc2b6e3f93121b6cba7e0ee5fcce1b39bc3ee5ce575,2025-11-01T10:50:25.317025+00:00,2025-11-01T10:50:31+00:00,181
6d54802a39186073988ac66a4412ff9095b3d6c20b7ca312e63a06723eb423ad,2025-11-01T10:50:25.435878+00:00,2025-11-01T10:50:31+00:00,181
899524c9abbe0c5b7979e434d1187dbb8afd8bba12c4e3468fe01d0531a5111f,2025-11-01T10:50:25.566555+00:00,2025-11-01T10:50:31+00:00,181
739d38bb25e4af8ee9db8e5471f1b512875871408960436fcc0da70144bac8e2,2025-11-01T10:50:25.699829+00:00,2025-11-01T10:50:31+00:00,181
118711e530a183d277b37ce31981ac7a1bc6e370be1594018235d285133a2885,2025-11-01T10:50:25.830214+00:00,2025-11-01T10:50:31+00:00,181
3a1ec85f8365f229a7b3d7f707ec973f304cf1ad2433d5b1552ed5dc67c53038,2025-11-01T10:50:25.961086+00:00,2025-11-01T10:50:31+00:00,181
b03b281b44f0ae881a85a7d2cabd0a6499f7fb06b8eb0857624f0158e0a1f6be,2025-11-01T10:50:26.088936+00:00,2025-11-01T10:50:31+00:00,181
4e9c9f8eb02c2e43ee20af4914b0e2195869617205785d3af204d056a9d63ab9,2025-11-01T10:50:26.211466+00:00,2025-11-01T10:50:31+00:00,181
fc2134fed3b7a4f70863a21691fe38ddf5518073d15296f5ed57ea23f18a0d16,2025-11-01T10:50:26.335571+00:00,2025-11-01T10:50:31+00:00,181
90ab43aede268e0e21e6f70868abb9f03fbe871badea58a8c45092f2eb0650f3,2025-11-01T10:50:26.460151+00:00,2025-11-01T10:50:31+00:00,181
22a498b88d14181977359994d4ead4227fff542e5070eef23388627c91bae53b,2025-11-01T10:50:26.583735+00:00,2025-11-01T10:50:31+00:00,181
c8058997316b5bcf3e2335f3bd1160feb4225e69cfabac4e1d29c914d681a216,2025-11-01T10:50:26.711022+00:00,2025-11-01T10:50:31+00:00,181
12deb85061e7fcddce8d8a96e1ab633be269f14ce9602de7fd569e146d8f056e,2025-11-01T10:50:26.835282+00:00,2025-11-01T10:50:31+00:00,181
b3cd67c4f4da41c9503639233c02bc9d3c73d02a0279ee96c97cb71b47950d41,2025-11-01T10:50:27.014903+00:00,2025-11-01T10:50:31+00:00,181
270a38f6d318bf8211d36ce349183fddf0005b33fb708f9885f2c331362ac325,2025-11-01T10:50:27.134062+00:00,2025-11-01T10:50:31+00:00,181
43b6e37a025efe52bd6854d34e0bc43b34d31ecbbc7f68ab1a9904466834688e,2025-11-01T10:50:27.253036+00:00,2025-11-01T10:50:31+00:00,181
9d7172eb3409434fd4a2bfcaed8c858f58fbf254f5ad013ff41479f6f7d700ef,2025-11-01T10:50:27.375431+00:00,2025-11-01T10:50:31+00:00,181
a4d4693f9a0bfa0e9f07ebcd1d1a0f03c30a4e3f75e42ef6127a2643f83c195b,2025-11-01T10:50:27.491559+00:00,2025-11-01T10:50:31+00:00,181
087da585f548f376107a39a8f9ccf9b12614fc64ed8eaabebef7ff0f3ee045e2,2025-11-01T10:50:27.609531+00:00,2025-11-01T10:50:31+00:00,181
71a6941e957546a4562122b970acc972baa11b05e8cc9828abbc3eb28ab21120,2025-11-01T10:50:27.728498+00:00,2025-11-01T10:50:31+00:00,181
2cb8f96ea8b16d7a95a8d4ad671838735723cf8322798c14d1dbd83ce754757c,2025-11-01T10:50:27.853026+00:00,2025-11-01T10:50:31+00:00,181
d040bd4e5add51cae4c7d84f1ffdb47193037cac8134a90ddf404b4c56756adc,2025-11-01T10:50:27.976990+00:00,2025-11-01T10:50:31+00:00,181
43690b86a8b577024d12e95bb995ad91762b799ce0f7cbd0b4ad46b70e11f3ea,2025-11-01T10:50:28.104387+00:00,2025-11-01T10:50:31+00:00,181
43b04bd010f43846ee5a7cd37c74ca68d2ff8a219b7114b348e47f3f911ddc2e,2025-11-01T10:50:28.230645+00:00,2025-11-01T10:50:31+00:00,181
6381302dfe2b2105895d99258abcff49ba207b95718df6261f5f2b6c97a3abab,2025-11-01T10:50:28.356203+00:00,2025-11-01T10:50:31+00:00,181
0240adb6e60e37334f0258d8d9809cba3626bcb88dbddccef3185ac89d0dbdce,2025-11-01T10:50:28.484190+00:00,2025-11-01T10:50:31+00:00,181
f658ac0abbcd457ec6e812d48a506409602270d6921b270d5afee125430032d3,2025-11-01T10:50:28.605538+00:00,2025-11-01T10:50:31+00:00,181
7598340739fc7f8cc122f8c519fe22ac6f426676d7dd11ec509880724039999e,2025-11-01T10:50:28.729715+00:00,2025-11-01T10:50:31+00:00,181
f1b730e1f238dbc02cb842c03ab1cf4ad6bebf15f0f63446d6e509a70ceb4d80,2025-11-01T10:50:28.857925+00:00,2025-11-01T10:50:36+00:00,182
a6e410b4114c0eeff66ef68011363a1f3ba6d4404cc27b8321d1778eed41fe3b,2025-11-01T10:50:28.983695+00:00,2025-11-01T10:50:36+00:00,182
c049db0b29fb044da855b15b4b619a3c9cf29dfdaadb0c1905f4f6499ca228eb,2025-11-01T10:50:29.108837+00:00,2025-11-01T10:50:36+00:00,182
a2cc0a16af927586fec9c4077efbbdfd0dd2c8255992e89136ac2c52ed3641c8,2025-11-01T10:50:29.239112+00:00,2025-11-01T10:50:36+00:00,182
7440d3e93647c3f3e37ead431660cce8947f2f3997e7fcd3dc22399004928c5b,2025-11-01T10:50:29.360691+00:00,2025-11-01T10:50:36+00:00,182
dfc970539f07d22cac6b566ea2ece9ad7cc08d7cd5d664e08515c4ba88ec69a0,2025-11-01T10:50:29.489140+00:00,2025-11-01T10:50:36+00:00,182
5d4f92ee4466e1dca890cf1011f2ffa306587beefc09ff5931091b16e0fffb4b,2025-11-01T10:50:29.620098+00:00,2025-11-01T10:50:36+00:00,182
ecb30e7ec019071fd9827998904ed521fcccd3e4259365b8fd4fea5104b23600,2025-11-01T10:50:29.746752+00:00,2025-11-01T10:50:36+00:00,182
a04bcf39ecc30ec65526b0aae88c9d84047fd41ab94300f7f58e226e0f253c9d,2025-11-01T10:50:29.876958+00:00,2025-11-01T10:50:36+00:00,182
bb4fc3bed47cd906c4f9c83492bb2ac3fc1f2034c0035e4b1d7a89b3e64fd3ba,2025-11-01T10:50:30.004518+00:00,2025-11-01T10:50:36+00:00,182
4659c515a641370eb23ea298bffcf21d769389b9d8cef79deb357b3e517de7a5,2025-11-01T10:50:30.132132+00:00,2025-11-01T10:50:36+00:00,182
605ee8a4932ff01a4cc24fbcef0271e9db4598e87395d2016a1373fbf566af81,2025-11-01T10:50:30.258071+00:00,2025-11-01T10:50:36+00:00,182
fa0b11ef7bdbd19521cd7eb24f8849ff18f742b9be4663df71f53fb4a0a34430,2025-11-01T10:50:30.382621+00:00,2025-11-01T10:50:36+00:00,182
784e4db3d9bb1bc5cc938e46797efce35f595d48090ff3881aa5aed79c65fed7,2025-11-01T10:50:30.514089+00:00,2025-11-01T10:50:36+00:00,182
e7235c46ff603de6fde315bbf644dcd0039cbdb260df2196288baceb8413e995,2025-11-01T10:50:30.644856+00:00,2025-11-01T10:50:36+00:00,182
7d63b7cf85f0f5221f903f444d52c1ae61ced3bb020715a245f6fbe187162d32,2025-11-01T10:50:30.773548+00:00,2025-11-01T10:50:36+00:00,182
71b93a6de731403855cc61921985c455d431a276f3c05d9c041aed45e40e06e1,2025-11-01T10:50:30.892586+00:00,2025-11-01T10:50:36+00:00,182
a0bdd2743481258b339ffeda1804e2570c3f565995ba72cbc3390dd989bc7bc4,2025-11-01T10:50:31.018317+00:00,2025-11-01T10:50:36+00:00,182
a50b251c66d01cd451900f647f303c897de397ca91847ec3429bec359ffba62f,2025-11-01T10:50:31.146779+00:00,2025-11-01T10:50:41+00:00,183
a1ae298f4a1583c896fd505f1cc53ab240afa6ec666312d6a6919dba1f6276ac,2025-11-01T10:50:31.271823+00:00,2025-11-01T10:50:41+00:00,183
30f3fe7a37fc98d6f8a76766806fbeb0e548fbb04a02b74395ccfa6fd385fa4f,2025-11-01T10:50:31.399183+00:00,2025-11-01T10:50:41+00:00,183
34b20d033b217630897cf563e9965b74af2c0526e6d5dfac9bd88232e63a79d6,2025-11-01T10:50:31.523262+00:00,2025-11-01T10:50:41+00:00,183
7590d55037ffd10a318bc95e8e6765f99007282d6322f68439e14514f0098cab,2025-11-01T10:50:31.651902+00:00,2025-11-01T10:50:41+00:00,183
e524bc04d99152584c7ff428db13871cf3ae4aa961fabe156708d3884f093221,2025-11-01T10:50:31.782136+00:00,2025-11-01T10:50:41+00:00,183
9bf4e41affc3d281813793d1d625d4163def191b973c43cd923bf7665b67ec40,2025-11-01T10:50:31.915590+00:00,2025-11-01T10:50:41+00:00,183
b1f53dcdbd00ec8274ce5a822a80d4a38f822728fd1daf44dc45447b2f6a8f2f,2025-11-01T10:50:32.063525+00:00,2025-11-01T10:50:41+00:00,183
74812eafa943aee8a265134aa6a4e5d7f7908a4a0acc3e533125d681844b631d,2025-11-01T10:50:32.183322+00:00,2025-11-01T10:50:41+00:00,183
1376fc2d06e9f456b7de705699e108fb66bc2d4f9bbbefac24bc914cfa8c6d11,2025-11-01T10:50:32.304387+00:00,2025-11-01T10:50:41+00:00,183
47f2bc1625e21d62e7b091298cdc48854151a9b9f175174c5fb89093f0aeb192,2025-11-01T10:50:32.427240+00:00,2025-11-01T10:50:41+00:00,183
e4bcff73cc27ea0ab2046a409bd4d0e554a3e1689cd49d54cb9643eb6f56b550,2025-11-01T10:50:32.549428+00:00,2025-11-01T10:50:41+00:00,183
2efcf304ba890f71654bcf97ba0d129f7c2e59351a37aaff6057b4f9440be17a,2025-11-01T10:50:32.675470+00:00,2025-11-01T10:50:41+00:00,183
3ac37965a37a04b8fa9da042a279336b57365732436a2c34abcd887b22b59077,2025-11-01T10:50:32.800784+00:00,2025-11-01T10:50:41+00:00,183
6410b9da39009f22a863b579a71729429739d0cfa15e391db2accbe56a6238fc,2025-11-01T10:50:32.925737+00:00,2025-11-01T10:50:41+00:00,183
9784d648764a217a7c36a0f7d77ab19183f1916f472ec95712e2864e68a9c452,2025-11-01T10:50:33.048473+00:00,2025-11-01T10:50:41+00:00,183
1c30ca5bdc5e044e72d94235f7815873a130aa28f854ba068f29c9e20f97fdbe,2025-11-01T10:50:33.179994+00:00,2025-11-01T10:50:41+00:00,183
c9ac3ebd9b7b6e0bda0f489c8cdc35065dfe31a95ce81f486bc517ae7cef869e,2025-11-01T10:50:33.304058+00:00,2025-11-01T10:50:41+00:00,183
a3fb4f0aa1de96825e0c065aec0b159f21d634d05ddf856d2b5619799ee299a7,2025-11-01T10:50:33.435079+00:00,2025-11-01T10:50:41+00:00,183
fc624f201f274305fac45c4b3d03bf91e4cf4559964ee9603dd7072d8d20c1d1,2025-11-01T10:50:33.565608+00:00,2025-11-01T10:50:41+00:00,183
b91ca0104be44191b53e83479fc6968dacd4ff24a5d3788b1e086333b7487843,2025-11-01T10:50:33.690324+00:00,2025-11-01T10:50:41+00:00,183
293b8da350608b207cc0c057fafb00aa515be18f2d7e6ec3e0056490d091ae2e,2025-11-01T10:50:33.816156+00:00,2025-11-01T10:50:41+00:00,183
13b6cc12388d9896410c693bbe5638a000fc9cca063925e3219d98ae5cd08f76,2025-11-01T10:50:33.942976+00:00,2025-11-01T10:50:41+00:00,183
0d817e111043f72927fa0bbf29f547112296c426ea9cdc9cc5d6cb87097b8185,2025-11-01T10:50:34.066958+00:00,2025-11-01T10:50:41+00:00,183
d93df2d93bbc80712960a9f56562603f373bcd9fed550c6e5ebb09b08e6fb594,2025-11-01T10:50:34.200256+00:00,2025-11-01T10:50:41+00:00,183
1a37dd923b6d04523923f0bbd756c9619d8ed28a676055205d92b40a99d0d895,2025-11-01T10:50:34.327407+00:00,2025-11-01T10:50:41+00:00,183
7926443802bf8623bfad8e179109a86572fe60824693d449f2b234599a5266cf,2025-11-01T10:50:34.447649+00:00,2025-11-01T10:50:41+00:00,183
b18f71048ec0f17bea518341498e93213362c952442b5216a2dafd6e9bc1fa97,2025-11-01T10:50:34.572687+00:00,2025-11-01T10:50:41+00:00,183
624d92cf60a5d553212db9c2217afa28159267aa03190052529fee5e0799f5f8,2025-11-01T10:50:34.695704+00:00,2025-11-01T10:50:41+00:00,183
26a9114a48f5595acd466eb24802984edd1d06dff075d074f10867e0d89ba3f1,2025-11-01T10:50:34.819742+00:00,2025-11-01T10:50:41+00:00,183
fbce54d36448d9a5bd9db24a571c6671bb554c5b7682a2168f58b73c3541484b,2025-11-01T10:50:34.947038+00:00,2025-11-01T10:50:41+00:00,183
f9f2d42e927b1588b7b76dda59e19662053aef37b939e52b0039ec3e617d8582,2025-11-01T10:50:35.081392+00:00,2025-11-01T10:50:41+00:00,183
4dff92710d00f65bbf7bfc15f58691f10caced1eef160697d1fc8d7db49a5f61,2025-11-01T10:50:35.202908+00:00,2025-11-01T10:50:41+00:00,183
312bf0c7abfba58134d267df678d9c5fd9e7220ae75aeb85545872b18cc7fba0,2025-11-01T10:50:35.329624+00:00,2025-11-01T10:50:41+00:00,183
3b023e027e6a43d47c676e8ec2026263092039732138e10ba6f08aebcfabc0e6,2025-11-01T10:50:35.456934+00:00,2025-11-01T10:50:41+00:00,183
c8b06b9981619f3ce2806b2f5a3d135bc566d9c3aa8f3e95c4d77f3a765f0af9,2025-11-01T10:50:35.580179+00:00,2025-11-01T10:50:41+00:00,183
bace42a4277461456fc6c884eb25435c16a86aaf38edac39da09d0bbd24c2ec0,2025-11-01T10:50:35.711449+00:00,2025-11-01T10:50:41+00:00,183
a0df9dbab49263b8f199db79272ea2b489b21a11165c44ddcc0720ad8715575a,2025-11-01T10:50:35.838016+00:00,2025-11-01T10:50:41+00:00,183
0244133d6919b4ad55bbf5c6881c25c0f6b62f5b9f95d09c54956f1e2e97a295,2025-11-01T10:50:35.966603+00:00,2025-11-01T10:50:41+00:00,183
b5691c3a79a080b00627340f849062bd1ad8500d9925618819d4d76a0c17af02,2025-11-01T10:50:36.094644+00:00,2025-11-01T10:50:41+00:00,183
9a025daa58ecc01102f3a925ff89f6ac297bd150f98dcba2ff9cd816fa2d5b29,2025-11-01T10:50:36.225995+00:00,2025-11-01T10:50:41+00:00,183
1160d69e843a1dad4de767e87cf5c5e302942724cdf70d235e7775c4b0c1260d,2025-11-01T10:50:36.345153+00:00,2025-11-01T10:50:41+00:00,183
81db0dec1fa43f426b259e6145c117e966d509676438bc5cdee1388a860b86eb,2025-11-01T10:50:36.462159+00:00,2025-11-01T10:50:41+00:00,183
ac91b593337c31bac11b53a972b0a9a6e2f973a430a8fd909855f033cc290f71,2025-11-01T10:50:36.587246+00:00,2025-11-01T10:50:41+00:00,183
810c3a4be4b405033f6f775cec815a0f5e9339e50db17488dd4d65f4c6b053c2,2025-11-01T10:50:36.706563+00:00,2025-11-01T10:50:41+00:00,183
2948da29034501cca22373a4d01781e1aae79cfb3cc2e2e14d5af2fe8ac610cd,2025-11-01T10:50:36.829712+00:00,2025-11-01T10:50:41+00:00,183
56fc71fedd144c133f7eb66794b27e74c1f737e23eb159f56bdfd266e0216a1d,2025-11-01T10:50:36.952450+00:00,2025-11-01T10:50:41+00:00,183
028a6fef9a563f9134d98fc5036c2358728ee8932e481aa70afb1974d863845a,2025-11-01T10:50:37.070150+00:00,2025-11-01T10:50:41+00:00,183
1d73328b3e15ca1cc5dd07d5182bee5fc701fb0c4c65cc756a43122b181be69f,2025-11-01T10:50:37.190582+00:00,2025-11-01T10:50:41+00:00,183
4d1e9546d19c8d447ab054ba8b7584c862ca1835fb39c49d13eb5d6432846198,2025-11-01T10:50:37.309629+00:00,2025-11-01T10:50:41+00:00,183
48e86b3be83afe9e2d00b072513fed50c6d65bba277f0e90f36cef89b70b6554,2025-11-01T10:50:37.430589+00:00,2025-11-01T10:50:41+00:00,183
7cd74087bff8744e6cbf1b9a44f9c868f3fb0074f2783dd55d268cc3600b645b,2025-11-01T10:50:37.545706+00:00,2025-11-01T10:50:41+00:00,183
79b65a0954ba0d51b2aa4ca8eb4fffdf6341a1e46cdfbf31ce225d4287612a54,2025-11-01T10:50:37.667054+00:00,2025-11-01T10:50:41+00:00,183
411455c381e1e113834b587c90674511636d9b234c7fdc5b18746e7e3f8d97c9,2025-11-01T10:50:37.785344+00:00,2025-11-01T10:50:41+00:00,183
d6039354e2d3332e32df71078322382574813d15e51593c81c38326f6a4ddd2d,2025-11-01T10:50:37.905201+00:00,2025-11-01T10:50:41+00:00,183
454970d4bbbb57def16883042873024a1cbf2806434d9ced6a56e58558ad5188,2025-11-01T10:50:38.024534+00:00,2025-11-01T10:50:41+00:00,183
870fc8db09b81f4e47dff8ff3087e03e52e9867441d8b63676cda1952a6aa82c,2025-11-01T10:50:38.142580+00:00,2025-11-01T10:50:41+00:00,183
a14dc01111c20e7cb3eecb99574aca593011277e159ac358c3c64951c477d5ae,2025-11-01T10:50:38.262911+00:00,2025-11-01T10:50:41+00:00,183
4418c82f1a3a66e75393461b49e1699acb3ecc7ecc82b57d22d828945a7b1a16,2025-11-01T10:50:38.382122+00:00,2025-11-01T10:50:41+00:00,183
61155471b30cc7a0ea312770c7b34dfcb93ee054b238c609f57f2a1381a28b7e,2025-11-01T10:50:38.500833+00:00,2025-11-01T10:50:41+00:00,183
b719ac23b899cbdc4a5e222ca0fcd9b319a3c21a9f2a832276f5fa107e034e10,2025-11-01T10:50:38.620576+00:00,2025-11-01T10:50:41+00:00,183
230c25b2d7efca4780c870cdb8e5ab39800437b3ac5f7df32fba0bd616a6b70d,2025-11-01T10:50:38.744171+00:00,2025-11-01T10:50:47+00:00,184
a7ac04cdcb499b7a6031579ea23b6d72ed64eceec3200ca14de2deedd80cccdb,2025-11-01T10:50:38.862495+00:00,2025-11-01T10:50:47+00:00,184
552b003f967ee2a66c15f2144e3e32db5047319afaf39557dbe33f7f19e682f6,2025-11-01T10:50:38.980000+00:00,2025-11-01T10:50:47+00:00,184
74ee445a7c002eb36df160e6ca07744e8384734a4bca075dea82fae5299556e4,2025-11-01T10:50:39.098852+00:00,2025-11-01T10:50:47+00:00,184
9cca0652b641b626088b3076bb0c85cc9fa00be6d700daf91c1f089d75ccf578,2025-11-01T10:50:39.214646+00:00,2025-11-01T10:50:47+00:00,184
fd0a648ff9374ee6b58bb2e948bb3371f79580a6f0523a389af9200aa1f3b319,2025-11-01T10:50:39.333157+00:00,2025-11-01T10:50:47+00:00,184
2d9a1fedbb935ff02abd1321719b51a3d9fe0ed92bf909df59147f900690b8d4,2025-11-01T10:50:39.451145+00:00,2025-11-01T10:50:47+00:00,184
fa601b6c03f26c0ef293905a75cf6bcdd310be2985592287080e468b39ffb2b6,2025-11-01T10:50:39.568638+00:00,2025-11-01T10:50:47+00:00,184
dcbf5792b0c85206965fc644d7b22b73c08a8f96e73706509a15349dbafe24ab,2025-11-01T10:50:39.685826+00:00,2025-11-01T10:50:47+00:00,184
b1b11e80eed17f3ebd92f7ba7dc5e6baab70ebe6e1f34a169266e64e8451ca6c,2025-11-01T10:50:39.807766+00:00,2025-11-01T10:50:47+00:00,184
dbf6502de3b1e8886ceb04ff8560474b926ce989c744d4c0e655cadffe98f014,2025-11-01T10:50:39.929443+00:00,2025-11-01T10:50:47+00:00,184
e38cb47a6f56e8fefa3fc8c0a4556f33046ce8577f1ce8d4345431a5f2a167d5,2025-11-01T10:50:40.058957+00:00,2025-11-01T10:50:47+00:00,184
d9614aacca32e1b5cce8c20330e58c2d4a9101e39b590b4ada9a25af0cf46e89,2025-11-01T10:50:40.180282+00:00,2025-11-01T10:50:47+00:00,184
57a43b49328e4f84480976031b5cea5b57ad0dea987e35a0934d8417a60aaed0,2025-11-01T10:50:40.300914+00:00,2025-11-01T10:50:47+00:00,184
4d1016ad86a92a716e32a90d1c00f69fecbfaf0fc27df95cbac710bf1b89b815,2025-11-01T10:50:40.422763+00:00,2025-11-01T10:50:47+00:00,184
cfe4201aaf73150bbfd184bbf128b05fcd0419e092b99c5d9a3dc8fa10eb52b8,2025-11-01T10:50:40.542011+00:00,2025-11-01T10:50:47+00:00,184
6d21187c0389b306812c48bbfb4268a0609813af9ad8901afc2ac81487aca8e1,2025-11-01T10:50:40.663730+00:00,2025-11-01T10:50:47+00:00,184
306bed644810ea039620f889d2555596216b5e3b2666be673ee9b14417721dae,2025-11-01T10:50:40.781344+00:00,2025-11-01T10:50:47+00:00,184
4b8a3e32dc90d0b986443b65f0552f71cd8e7e8c54097dbf752f7b9d5d70c5a4,2025-11-01T10:50:40.898177+00:00,2025-11-01T10:50:47+00:00,184
4c7dee749740d348ff8dc354f22e3b8a8d204825082ffc008d833e6c946fbd2e,2025-11-01T10:50:41.017604+00:00,2025-11-01T10:50:47+00:00,184
6458f88e5b235b51322a13f390e711fc907072c2f0e42053b222d81d888cd24a,2025-11-01T10:50:41.139019+00:00,2025-11-01T10:50:47+00:00,184
661ea7bd3c357776971fa0e4d726465dd9ffc96d42c3127367bd273ae84afc90,2025-11-01T10:50:41.258230+00:00,2025-11-01T10:50:47+00:00,184
f32bfabc629767a880deeef8566e6b3ac5af7af533fc85c7bf4fedf12e275c4d,2025-11-01T10:50:41.374211+00:00,2025-11-01T10:50:47+00:00,184
d35fdbaf8dc037ba0e166cb1275144894032efabc36d94f8a0dad4c371dc93be,2025-11-01T10:50:41.493685+00:00,2025-11-01T10:50:47+00:00,184
bb626851d35cdcf13a905d87c50af77217c1d966da47c99808d35268b36b7f22,2025-11-01T10:50:41.615642+00:00,2025-11-01T10:50:47+00:00,184
272d04bac4084c63fd3928104027503f4b2c8df8be7a82e09015064f6443a784,2025-11-01T10:50:41.745289+00:00,2025-11-01T10:50:47+00:00,184
ee69089ada4d1fd067064ccf8c76004543bbe91555bce18afe8d5c88b7ed94ca,2025-11-01T10:50:41.867801+00:00,2025-11-01T10:50:47+00:00,184
6f1b1d617ae111439e6d5144af311c3711650a367bb6a2f28b711ce5fecd64e2,2025-11-01T10:50:41.982616+00:00,2025-11-01T10:50:47+00:00,184
d7d72ae038c088779badd2e6945ac7b98a2913ec37eeb506a62596fd887c9af0,2025-11-01T10:50:42.279348+00:00,2025-11-01T10:50:47+00:00,184
ea75fbb2d94744f8af7e597529672007b513284170362e251391d115d85aece4,2025-11-01T10:50:42.396828+00:00,2025-11-01T10:50:47+00:00,184
e2c266b007405b2d919d9e867ffe772157adaa1e25fb7f0c1e9a364fec14b508,2025-11-01T10:50:42.516484+00:00,2025-11-01T10:50:52+00:00,185
c31a0bd756d899673500aca34a478bf796d3edb7c0cbdcc2e3ec1d9656167cc9,2025-11-01T10:50:42.632403+00:00,2025-11-01T10:50:52+00:00,185
fa24ea023fd00c580bf69a1a267da32126e97e4c4fb7fede64f8dbe2113c7e24,2025-11-01T10:50:42.759823+00:00,2025-11-01T10:50:52+00:00,185
a467a4e71741ec370b32f72e4d6c02108d9a42383d16088f0efaa9f19aa68d20,2025-11-01T10:50:42.877611+00:00,2025-11-01T10:50:52+00:00,185
e673530dfd59fe94cc3ca7019aa2d9850596428cf321d508781cff366e2f3d7c,2025-11-01T10:50:42.994021+00:00,2025-11-01T10:50:52+00:00,185
6da9c6ea24b5ff7f337ded5ac31925d7f723649437a3cb5d254d7f22ea97e6f1,2025-11-01T10:50:43.115490+00:00,2025-11-01T10:50:52+00:00,185
8280fc4fd5b8d7d56e620599671fca6632dd94db881f5d725e87332d0a47bdda,2025-11-01T10:50:43.345200+00:00,2025-11-01T10:50:52+00:00,185
ec65d6652fcd10a53958a6b813890398034c5198c68fb7033b0239d2cdba9014,2025-11-01T10:50:43.458729+00:00,2025-11-01T10:50:57+00:00,186
102444154d7b91ec7da70d1f7e72df4f9e92f338ec152c9a43580dcf9926ea9b,2025-11-01T10:50:43.574527+00:00,2025-11-01T10:50:52+00:00,185
c193726cdce9e1cc3bae7cfaf60e3a52ce7a070a948498a545c5b41b694c7c6a,2025-11-01T10:50:43.689030+00:00,2025-11-01T10:50:52+00:00,185
7a3f2dbc294ddccf5f55abb208044c8785057e37c1eb4b71bc887ef6f583162b,2025-11-01T10:50:43.803771+00:00,2025-11-01T10:50:57+00:00,186
97b436b4475c5c06b460aece4a6642435c25fb9d7db309860bdd3e4d6833b2db,2025-11-01T10:50:43.923492+00:00,2025-11-01T10:50:52+00:00,185
31215bd12582ff38dc044c1bed3ef132772ca2429e8ee46d5747c39e599b7bfc,2025-11-01T10:50:44.040111+00:00,2025-11-01T10:50:52+00:00,185
e7e393850ad4e467ba31834f5ce6862318a3ff0570d09478afad7b8141194cc7,2025-11-01T10:50:44.153896+00:00,2025-11-01T10:50:52+00:00,185
bdc5b9ba1ceb77a59e443de72b71bd6fb9f3aab9358b528189517de7e20ac15a,2025-11-01T10:50:44.272844+00:00,2025-11-01T10:50:57+00:00,186
909720fcd28513e0724f0fb408c610c690e47ab3ea67d1a1758bd92549d59ce5,2025-11-01T10:50:44.387122+00:00,2025-11-01T10:50:52+00:00,185
cc5b507c6b59601e2e34310cb1a1fd76380a53ef1d02c789df1c26deea3409cb,2025-11-01T10:50:44.504930+00:00,2025-11-01T10:50:52+00:00,185
815f35721178164d75ec141e15bad5afed0e1581b8d584b43d11db7a14d32e77,2025-11-01T10:50:44.620699+00:00,2025-11-01T10:50:52+00:00,185
dca59d5d56396743d146cd3f5d5cef0d4139e21ac270b15098304ddab1ce489f,2025-11-01T10:50:44.734774+00:00,2025-11-01T10:50:52+00:00,185
dc5bf9fae59b6e561be48e8eb98d63855faf843de4a2339ce6b0c9092525c312,2025-11-01T10:50:44.851345+00:00,2025-11-01T10:50:57+00:00,186
c30a875396d7bc7fcf8a23563cdcaba09737bb722b04a6181165e7860c8c77c6,2025-11-01T10:50:44.966315+00:00,2025-11-01T10:50:52+00:00,185
b8540d856fd545bee9955883974112cb4b2e1cdadf86d3b78dadb13f729389d1,2025-11-01T10:50:45.080288+00:00,2025-11-01T10:50:52+00:00,185
289e36ee29282a00f8b235902960e7e4ba40cc85007677c16cb13c64c0640fd2,2025-11-01T10:50:45.199548+00:00,2025-11-01T10:50:52+00:00,185
ba05b0a10d2331aa360be3a0cafdbdbb986047c295c2a8590620705c285fc810,2025-11-01T10:50:45.315398+00:00,2025-11-01T10:50:57+00:00,186
c05bfdbe845a32073716f4c0a38fa3e827dc2237a3a60bf235e0f3c42294a7c0,2025-11-01T10:50:45.431221+00:00,2025-11-01T10:50:52+00:00,185
491d6a0d78f7e623174e4c2557538c3d00b8d27c1b4f13be8d2f7d2de09dbb37,2025-11-01T10:50:45.545996+00:00,2025-11-01T10:50:57+00:00,186
5a0df7969dbdbe21257e953d2723365a89994a6dfac351b7de94519960cd3b26,2025-11-01T10:50:45.664295+00:00,2025-11-01T10:50:57+00:00,186
53b21a06261751c8ed512e24becd3dab5b321126b9f26835f9f3e0b9a576b87b,2025-11-01T10:50:45.783064+00:00,2025-11-01T10:50:52+00:00,185
579d5efa289523b14ddba16cc8cd8215c4f5b13af3484dc9aec291d4760b127f,2025-11-01T10:50:45.899122+00:00,2025-11-01T10:50:52+00:00,185
56de52166800d3b101636a7a9231ec6b15e2c71793bf2dc74bd2ea753bc12455,2025-11-01T10:50:46.016711+00:00,2025-11-01T10:50:57+00:00,186
e11c90787f47a627825ec6eb6fdd1cce192d4739c5c33ee1a0d0dda9317f681f,2025-11-01T10:50:46.132181+00:00,2025-11-01T10:50:52+00:00,185
5b3cf1f5b419721a0e1ff6a21a088247e0e3f1fffcbded964b771afc2adb46b9,2025-11-01T10:50:46.250988+00:00,2025-11-01T10:50:52+00:00,185
47bb82e9e7c90fa96596203e3ea8d90546fe06018e97561bd747b156c8a058f9,2025-11-01T10:50:46.371067+00:00,2025-11-01T10:50:52+00:00,185
f9509a0201732c32877cb02e1796ad502e1587a752ce8153b0785c06543b3284,2025-11-01T10:50:46.489017+00:00,2025-11-01T10:50:52+00:00,185
49b26b08ce24836e02ec6ecb9def241925df1a0001d720654d1ce0bde1dc3f1f,2025-11-01T10:50:46.611810+00:00,2025-11-01T10:50:57+00:00,186
aa21602cd689908ee3091dbbfb587663287335e3134cda56d37b970eb94fbdf1,2025-11-01T10:50:46.726680+00:00,2025-11-01T10:50:52+00:00,185
a1038e0723cb946697b26672c2d575594b92c832146fc1ebb84f7f47912051fd,2025-11-01T10:50:46.845624+00:00,2025-11-01T10:50:52+00:00,185
5ea5957a9d5bb8f7ae437db36a47ace61ece24fdaf59f7147173187813e267fa,2025-11-01T10:50:46.961813+00:00,2025-11-01T10:50:52+00:00,185
612c9f1377f1b31d3d37af32b24bda513a8f43b0f791ee5534da5defa8eefcb2,2025-11-01T10:50:47.079295+00:00,2025-11-01T10:50:52+00:00,185
9518c241037a48e7f1b977debc8fbe87257d3b9e36b8fbc4f668a1b173b3677a,2025-11-01T10:50:47.261222+00:00,2025-11-01T10:50:52+00:00,185
b32997656c0baf163c206981f252a0726c4beb1640c2f862bda917a989053a57,2025-11-01T10:50:47.374896+00:00,2025-11-01T10:50:57+00:00,186
e8c9fcf007d4c62e276f9c918afddd05fc59491431e75411a75077e4663d588a,2025-11-01T10:50:47.491773+00:00,2025-11-01T10:50:52+00:00,185
f726e754ba52d528a35afffe1560ef2c8e643035c38ba60e6ec0d08aaa4802b7,2025-11-01T10:50:47.610778+00:00,2025-11-01T10:50:52+00:00,185
52509c8cf165dd1a71e46d566717fdfb8e459afc127f1e105a7f9f4c0010bce1,2025-11-01T10:50:47.732385+00:00,2025-11-01T10:50:52+00:00,185
c25499f7114166c309c7503239fafe094acbfbd7a64417efa60cd97939a15ac8,2025-11-01T10:50:47.854040+00:00,2025-11-01T10:50:52+00:00,185
90b78983edea517ea4b8639e49b4ae6ebaa08660eedd957765d81bb424c01b88,2025-11-01T10:50:47.972441+00:00,2025-11-01T10:50:52+00:00,185
8c30d159ff7e77d68ea5d90d29c43cd5b0874ec63fb43b41831d4d2dd5d0bb02,2025-11-01T10:50:48.092931+00:00,2025-11-01T10:50:57+00:00,186
1d2659db4ca27a3ecdf4af1fc16f3b1492d35d0d0ed225840e5797d797047762,2025-11-01T10:50:48.218121+00:00,2025-11-01T10:50:52+00:00,185
6babe727cafb6cde73e28fbda49c5e0401614cbd0eeaad910181f4ecdf27503a,2025-11-01T10:50:48.341713+00:00,2025-11-01T10:50:57+00:00,186
6e49ccec308e16a27a706c6a779abcc40e74bb7544c30e55899ce522290759ec,2025-11-01T10:50:48.468274+00:00,2025-11-01T10:50:52+00:00,185
9c3d2adf1bdb70151afdc4721270b1a593becb114ec452846728e8ce124b3206,2025-11-01T10:50:48.591999+00:00,2025-11-01T10:50:57+00:00,186
2ebe191f3a2450acfd644bce72f44490cded63803702a0336b4b154dd1d666ec,2025-11-01T10:50:48.718879+00:00,2025-11-01T10:50:52+00:00,185
6a747167e65372d9bd909838339300e6697ed862c3d84c77bdc89de13ffaab04,2025-11-01T10:50:48.842994+00:00,2025-11-01T10:50:57+00:00,186
3d4c3113505f63099b41502f9e61fb60728c360d5856ad9926c6982bfb61ae53,2025-11-01T10:50:48.968939+00:00,2025-11-01T10:50:57+00:00,186
09b3cd2ec4d7bd0d7852d033b00a4d90ef40818387b40b0c1ae2af22baecb770,2025-11-01T10:50:49.098664+00:00,2025-11-01T10:50:52+00:00,185
6dba3db32c802fb410265c64316f4a7d08bae26b26d779f403939cb54cf2c422,2025-11-01T10:50:49.223805+00:00,2025-11-01T10:50:57+00:00,186
4f0c64149c3a960d94778d2657b3baebf4216250fdec9c169c80cac73107671b,2025-11-01T10:50:49.346795+00:00,2025-11-01T10:50:57+00:00,186
1fcb5b01af3a6efef57b048459c35bccbd94e9d2223d5766e6a3abed1664134a,2025-11-01T10:50:49.470325+00:00,2025-11-01T10:50:57+00:00,186
49a25035d5467a5dee6241de38da9df0915d733f6cb2a3e61906cadd6190f1ad,2025-11-01T10:50:49.600297+00:00,2025-11-01T10:50:52+00:00,185
bf4e25468e366ba1ee4d2bf182296738b40872102b657254171612e2ae45d53b,2025-11-01T10:50:49.717352+00:00,2025-11-01T10:50:57+00:00,186
38f01736ae15f3d9796b74c0d65f036830f9a09aded31cc8f92bc3e6bb4b9534,2025-11-01T10:50:49.834091+00:00,2025-11-01T10:50:57+00:00,186
c2efb8d42721b60410f94e9ae0e654463649adf19861b4c97a81aeaa3faf12df,2025-11-01T10:50:49.952439+00:00,2025-11-01T10:50:57+00:00,186
833a791b16e5c9d6808ee31b193d76c476cae3938bcff5303e387f468fa0f0a1,2025-11-01T10:50:50.068502+00:00,2025-11-01T10:50:57+00:00,186
ce59b6ca472464b4a1905153456e1eca68f0b2f7444d314178f35bdde6bf6b66,2025-11-01T10:50:50.184545+00:00,2025-11-01T10:50:57+00:00,186
345006f21fb0469349fd9fd2f72a9b792b8401ac2535e5a8f25ed25585865878,2025-11-01T10:50:50.302509+00:00,2025-11-01T10:50:57+00:00,186
8708dc4d683359489ab1674ad1d88dd659674a30a4a503d3c71128a4d55eb477,2025-11-01T10:50:50.419139+00:00,2025-11-01T10:50:57+00:00,186
46907a04a9e50202f639f4764c96984f83470163c302fd9defceebacd5b68ee2,2025-11-01T10:50:50.534601+00:00,2025-11-01T10:50:57+00:00,186
683ceedf94448a5b5c9a03e778a384202bdca83815c0417e393763c03dca576b,2025-11-01T10:50:50.652379+00:00,2025-11-01T10:50:57+00:00,186
b714017c428ed89088c73e421e5bfc4518f549df516d90b3b1bd679b2032b65e,2025-11-01T10:50:50.780997+00:00,2025-11-01T10:50:57+00:00,186
29bfbc3afc6c3b29109b3c09e9b21a648b35876176401f8ee82b79c29b4adcca,2025-11-01T10:50:50.901409+00:00,2025-11-01T10:50:57+00:00,186
6521236f6d5074807924a5923e258872f793c9cee843d6ccf36144ebb68f371b,2025-11-01T10:50:51.018373+00:00,2025-11-01T10:50:57+00:00,186
1ffd772294830fca6eb245b14caa6e4bd6ba8c5cb482b22eb75b6026c48704de,2025-11-01T10:50:51.143175+00:00,2025-11-01T10:50:57+00:00,186
87e85f2a6992db1b052fc324907018025ebc9e764cc3f4bfb6543e466ff99112,2025-11-01T10:50:51.260008+00:00,2025-11-01T10:50:57+00:00,186
9d1d7ecaceab9756dfb454d841e534124212106f792cdef4b06d33859be526fa,2025-11-01T10:50:51.381403+00:00,2025-11-01T10:50:57+00:00,186
2c195118daa5754690dab97e184f3f73078b3aafe17c120bfe68af7c526575f2,2025-11-01T10:50:51.499486+00:00,2025-11-01T10:50:57+00:00,186
f1682fd4a80c2bdc9966a28cb899b78f87fb82cbe0785fcfca99ad48681eac2f,2025-11-01T10:50:51.622554+00:00,2025-11-01T10:50:57+00:00,186
b5e5fd9643953bb2754ea26818741adbcc2ec88d33f9cc6763acb38477dd97a5,2025-11-01T10:50:51.739640+00:00,2025-11-01T10:50:57+00:00,186
2925ffaaa00cb7bc10af893d0cee8060cfbe1c50308cd08aa20e64935e1ee7d0,2025-11-01T10:50:51.861595+00:00,2025-11-01T10:50:57+00:00,186
dfa0d53a710590711ce75cb69d7a79ad75ce179c4f5cac3f9789f76e0c3ccdc3,2025-11-01T10:50:51.984019+00:00,2025-11-01T10:50:57+00:00,186
33b9fe0d1405276da7c9f074acd92caf221afb3eb1e5817aa745dffc8c965043,2025-11-01T10:50:52.104750+00:00,2025-11-01T10:50:57+00:00,186
07c341bbb2ea603c6cb36a3ff8f2fe0326a091cf01a6649a24c48300c0955181,2025-11-01T10:50:52.314807+00:00,2025-11-01T10:50:57+00:00,186
a49aaffe299fff164f532ebd7700ba45e78f1dbf5c38c0626ae23581b6b459c7,2025-11-01T10:50:52.431847+00:00,2025-11-01T10:50:57+00:00,186
448a7b7cac616ae2fa407da19e6d959ae83f54bf22f981e8c4eb07506635238d,2025-11-01T10:50:52.550639+00:00,2025-11-01T10:50:57+00:00,186
3dfd7b5d78a29fa33b37c87df6fe8df03373d2830834d8ff48db3d764e4954cf,2025-11-01T10:50:52.841445+00:00,2025-11-01T10:50:57+00:00,186
0a95200f0ed33178ad678cd9f118dcab118c9742b23a03a5d779a89e8aae1e3c,2025-11-01T10:50:52.972699+00:00,2025-11-01T10:50:57+00:00,186
e60ce93ff5ec7d89060d80a7f3e7be47533daba56d885e1370d86090d3705452,2025-11-01T10:50:53.090674+00:00,2025-11-01T10:50:57+00:00,186
54751f52f661f6daf0acac4e4b9e8b288cb98ed7fabd7f15c52bdd0b07483105,2025-11-01T10:50:53.207674+00:00,2025-11-01T10:50:57+00:00,186
364ac2d75f31fb6c3dc43944bf8cbbbd7b0082f82b6bb2ea6e1da50a4d98da7b,2025-11-01T10:50:53.324292+00:00,2025-11-01T10:50:57+00:00,186
b4f397c508b6a0227a216a432805558ebf04d0729982b1f5b7752a7b0f5f2b10,2025-11-01T10:50:53.439691+00:00,2025-11-01T10:50:57+00:00,186
64717db6f924bf206601107927a34fa5430371aa26e53b69a9ce654be644f90c,2025-11-01T10:50:53.557424+00:00,2025-11-01T10:50:57+00:00,186
4fe447a14046bcc9c71ccbcd13eb2fc7a27a89d89412a00168e99ca0198669f0,2025-11-01T10:50:53.675191+00:00,2025-11-01T10:50:57+00:00,186
1352c943547c68da7e663eeb31d4318dc5d275b8d06e8471e73bd70bf8a19f07,2025-11-01T10:50:53.792543+00:00,2025-11-01T10:50:57+00:00,186
f643acbb7d3f7c6888299e0ccb7b0aaa4dcbefa57d92ec99c7873964752335dd,2025-11-01T10:50:53.914579+00:00,2025-11-01T10:50:57+00:00,186
b3fbc8c914ae6ed3c5b0737c3a2ed009079601954d8b04a239cd094468cab9d8,2025-11-01T10:50:54.029816+00:00,2025-11-01T10:50:57+00:00,186
f26b2c6a12d4468377b9ff4a86c38b61a07cf429a9bab004b03ffe47d7271bb9,2025-11-01T10:50:54.148450+00:00,2025-11-01T10:51:02+00:00,187
bdb44f6a807cbb1d4c7785b72113199b839b4b690bf7385e4fdff86303489c85,2025-11-01T10:50:54.272247+00:00,2025-11-01T10:51:02+00:00,187
2946548f2d03a99783e3ad752261b950aba31b71e48302186078a68682e28434,2025-11-01T10:50:54.392255+00:00,2025-11-01T10:51:02+00:00,187
c5a5f6e19a8bb5d2d50f64402aa5ffbdb67ae4b6852cedd64da47df35d3da8c6,2025-11-01T10:50:54.514644+00:00,2025-11-01T10:51:02+00:00,187
de0937fb0b14ff607c788736c14cddfd57997c5094157a0eb974fbd193e43e9a,2025-11-01T10:50:54.634267+00:00,2025-11-01T10:51:02+00:00,187
1ac4ca2d30b0f134b5b628fdc01107198a7cd4aeed1e3b1747c9daea5f2ce199,2025-11-01T10:50:54.749866+00:00,2025-11-01T10:51:02+00:00,187
9ca51f143382144443065343de3afb710d5a7851ab0250ed672dbad30a55b9d7,2025-11-01T10:50:54.869525+00:00,2025-11-01T10:51:02+00:00,187
fcd9d7d4285a29dac0c4c637fe49bad8ef12797156a316324e414194fe8aa892,2025-11-01T10:50:54.992146+00:00,2025-11-01T10:51:02+00:00,187
9e2e685218daaa2fe03e12f6dc2822293e6ab921f494703b973e3ff010a47935,2025-11-01T10:50:55.106471+00:00,2025-11-01T10:51:02+00:00,187
83badafd5b76169d21b23e7762ae0552982acd53a89fbcfceeca99a3e45533d9,2025-11-01T10:50:55.225260+00:00,2025-11-01T10:51:07+00:00,188
4a687534b4bc981c0279f02c85baeed3a8132021aa6181625ca50c8ace59e8fd,2025-11-01T10:50:55.341705+00:00,2025-11-01T10:51:07+00:00,188
e344894985bf4afabd2fac588fd1d62da65dbcd914ddd7661259d527d4649569,2025-11-01T10:50:55.455517+00:00,2025-11-01T10:51:07+00:00,188
2f65f38d44756027d561bf0823d0425a31adffef29726f1ad76ddc718760a80e,2025-11-01T10:50:55.577042+00:00,2025-11-01T10:51:07+00:00,188
3f90ada432e3281fb2ff28500c226884ac34f0853af580921e5d0f286b5474b2,2025-11-01T10:50:55.693260+00:00,2025-11-01T10:51:07+00:00,188
57a61c264f86f88f6252fa68cce03c16cff81503601ecc91c9c58d8f19570d96,2025-11-01T10:50:55.812172+00:00,2025-11-01T10:51:07+00:00,188
bb8a7d1461d8d4ecf0d25ef7251e5189ac614009f40526b6a7169f5bfd47d7d1,2025-11-01T10:50:55.933492+00:00,2025-11-01T10:51:07+00:00,188
316a4d50340e0f94c1f5f5ee17790660ed4d7aea854d8444949646b34bed143f,2025-11-01T10:50:56.051802+00:00,2025-11-01T10:51:07+00:00,188
ee3c2cea5e598bd9a34ebe652db479eb65df43512b64ad86a89a2f15115f5a7d,2025-11-01T10:50:56.171620+00:00,2025-11-01T10:51:07+00:00,188
fb129c47d8e39444f86f17f0cd9322c135b4f67c80f143f7952c2b2b9b9e539e,2025-11-01T10:50:56.292531+00:00,2025-11-01T10:51:07+00:00,188
8edc6c90cd6cf5e96441de2c6d65f45cb727a773db06c2e59c35ef72e3f9f276,2025-11-01T10:50:56.414709+00:00,2025-11-01T10:51:07+00:00,188
9bd75a4fd34219d8d289c67d072847fb51c7d7f1d8daeec586a31801552f234d,2025-11-01T10:50:56.534674+00:00,2025-11-01T10:51:07+00:00,188
98cc77f0e752f3d3840177502faed658f60d50b3efbf8faa5d7f74ce71f12087,2025-11-01T10:50:56.651747+00:00,2025-11-01T10:51:07+00:00,188
491dde967e721a6167cca68ef75181b53f4d29e879843232a384fcbdc334bd1a,2025-11-01T10:50:56.768288+00:00,2025-11-01T10:51:07+00:00,188
d10a0043df837781e8e8285d3fe5bb15b8a7d9b7e8ca748c7d7077868a84ed87,2025-11-01T10:50:56.885877+00:00,2025-11-01T10:51:07+00:00,188
6c4990a773fd23e2f9b63b5414559e4bb4c12aab86fe0e9ee10a0a9423d0752b,2025-11-01T10:50:57.012284+00:00,2025-11-01T10:51:07+00:00,188
976101d44ef6fe6a1ba71473e40fe6d8958a4a08ee2209b0e921bba672e1916b,2025-11-01T10:50:57.127793+00:00,2025-11-01T10:51:07+00:00,188
e72d8b6e2384fe04aea19c0180ac7704d6926ec978d3006d80abf917b0a6ae45,2025-11-01T10:50:57.389159+00:00,2025-11-01T10:51:07+00:00,188
15b966f849fa2ce01e4b8145d019abd176b0efbaae091d177a9decd5a3208289,2025-11-01T10:50:57.503403+00:00,2025-11-01T10:51:07+00:00,188
c48c9ce8a487f54f96aad244cd171b56b0c082d1bb697eb20994820405ac338c,2025-11-01T10:50:57.620438+00:00,2025-11-01T10:51:07+00:00,188
4004fa15c6434002edcd30c242b2aaf44b1dec07465184e97936d4b228aa8142,2025-11-01T10:50:57.739140+00:00,2025-11-01T10:51:07+00:00,188
bdd7d3b2eab41d49bee4aee78b8bfa9919a00ccd238f49b4e05ea986fd87580b,2025-11-01T10:50:57.885411+00:00,2025-11-01T10:51:07+00:00,188
75b86fba467c96f8994a4feed5b08bfd7c12e975523caa677ce76aa0fa9a7225,2025-11-01T10:50:58.001293+00:00,2025-11-01T10:51:07+00:00,188
8a84bed2edcffd407177bcb5ada7dcb2af1785b6f1065ce221621b8dd0b3c200,2025-11-01T10:50:58.116773+00:00,2025-11-01T10:51:07+00:00,188
9add92d06232ebba32b3e1c46924058e02e6f02ee390b3380fa70e568154920c,2025-11-01T10:50:58.232630+00:00,2025-11-01T10:51:07+00:00,188
814c2eba1fc24f3c65335fafb24b298b6c0ec645282a8a36f62513ef89e6616d,2025-11-01T10:50:58.352763+00:00,2025-11-01T10:51:07+00:00,188
5f366d19bdd7b1fc3bceb8fb6ef63164e4f60676d38ee2b1295b74c16e97c030,2025-11-01T10:50:58.469335+00:00,2025-11-01T10:51:07+00:00,188
2391f311e7f50df02e3009386f788e82b86b89a9700d783f19ed81a8ce8053de,2025-11-01T10:50:58.585794+00:00,2025-11-01T10:51:07+00:00,188
130a96600b639ff5ad66534b85125c51c723e9a3347562509977e44a2a4f31c2,2025-11-01T10:50:58.702568+00:00,2025-11-01T10:51:07+00:00,188
f9b9d17a2100b988c295e4e5fca3c4da6c306c95a79d712b4795b206fafc18b6,2025-11-01T10:50:58.818924+00:00,2025-11-01T10:51:07+00:00,188
eb2e8ae78416039c5380d8a9d63f6dd40735c2e3c1adf6ec4e254d30e8972726,2025-11-01T10:50:58.935140+00:00,2025-11-01T10:51:07+00:00,188
7ea9b0da11fc0bc7320162db44f73462d328f7f740c67c896e892f3d95fbe463,2025-11-01T10:50:59.052925+00:00,2025-11-01T10:51:07+00:00,188
99a81ecee2fd1b0e348f12e9152f0586dfe8573c35fc4d0239250af4850a5e22,2025-11-01T10:50:59.171925+00:00,2025-11-01T10:51:07+00:00,188
27522baa2f23def96c8a6c50a86559600567356676bcb9475fce8d8d8405e0c2,2025-11-01T10:50:59.290162+00:00,2025-11-01T10:51:07+00:00,188
44eb2ace73a5cd9334c2dd3a7eac30911bffe4b7436f592778927d020509e56e,2025-11-01T10:50:59.409153+00:00,2025-11-01T10:51:07+00:00,188
3df6c6212c97d8382eb176a91836e2ba73dbc16e03eb65863068660b84f0d836,2025-11-01T10:50:59.527611+00:00,2025-11-01T10:51:07+00:00,188
e8fa64e51f8c49fc85726529d1ec8edddcbdc24489e7b73ee8c565f80ad66ea8,2025-11-01T10:50:59.645024+00:00,2025-11-01T10:51:07+00:00,188
095dc2ff055c44db5702335c6a630c564ad6187dda04a5cc3dacc575a4528c9b,2025-11-01T10:50:59.763385+00:00,2025-11-01T10:51:07+00:00,188
5ce470dded83ad80eff98f8a149849b8e1118d774c5b495b3f38a8435884c9f0,2025-11-01T10:50:59.879251+00:00,2025-11-01T10:51:07+00:00,188
294949c2885f784315ed2c058aedc8abcc0e020e2c10dddadc61dbadcd77e1e9,2025-11-01T10:50:59.997387+00:00,2025-11-01T10:51:07+00:00,188
6bd9583c19e35fdfb61c0801eb11eb726b65017f22b1cc5be50c6f97ddfac246,2025-11-01T10:51:00.112052+00:00,2025-11-01T10:51:07+00:00,188
523695cd175dfc412b23282f0c4f60606e935a1d1b4568830e8f623b32266c4b,2025-11-01T10:51:00.228985+00:00,2025-11-01T10:51:07+00:00,188
ee7d7d55cde98f1f66cd6d5c89ed7a283a5228e6c74bdd5de1277e0e50961b0e,2025-11-01T10:51:00.348601+00:00,2025-11-01T10:51:07+00:00,188
be2ca2e45835d3c6324e57667bececabc13ab7cd9dc75451672cf0e78f256ddb,2025-11-01T10:51:00.466736+00:00,2025-11-01T10:51:07+00:00,188
a53367e2452dda6b81bf6063325498814a91c5f697046968cec36d638e03b653,2025-11-01T10:51:00.582318+00:00,2025-11-01T10:51:07+00:00,188
deb7ffda7580210e0d3a8ef9b0c969b6cc8e8c18ba18dd7950b4fb9e20a149f0,2025-11-01T10:51:00.703710+00:00,2025-11-01T10:51:07+00:00,188
f88ba430a8ba9e26944d27a08eb4910ed3d17aff8e81b6482f34dd894042d6a5,2025-11-01T10:51:00.824275+00:00,2025-11-01T10:51:07+00:00,188
38c313616f2f828eac95c4a5a891c35d6190e11985db06f7b3552b103e272e3b,2025-11-01T10:51:00.947406+00:00,2025-11-01T10:51:07+00:00,188
e814912a69d866ea77a14d45a0c459a1f36213e878dda6aca331cc17281edccf,2025-11-01T10:51:01.063523+00:00,2025-11-01T10:51:07+00:00,188
bf2500276bdff90943b28bb4851820e1e4f559bab000f4dd76f1749fed515b03,2025-11-01T10:51:01.179709+00:00,2025-11-01T10:51:07+00:00,188
f8b9370f37572dd87b1a4cdc2c75f770fe3e4873e9231ada25953751f1e5667c,2025-11-01T10:51:01.296219+00:00,2025-11-01T10:51:07+00:00,188
b41011339c4a2f37a337765a5bb5977999b2d6279e409fe8c9704b03cf4d1f44,2025-11-01T10:51:01.413955+00:00,2025-11-01T10:51:07+00:00,188
338f5ded61a09d386e8fcb0c33d41131de32b5cf37360b254de100c6c0df8991,2025-11-01T10:51:01.530698+00:00,2025-11-01T10:51:07+00:00,188
060b4f3c0cb583fd27a3b792c594b57ae080c3ddf2d804cecda2976d4558a1b1,2025-11-01T10:51:01.646674+00:00,2025-11-01T10:51:07+00:00,188
98a1c5a612bfac98824c72f00cd2cb8a6085266d56c29220959bb8e43117c092,2025-11-01T10:51:01.766377+00:00,2025-11-01T10:51:07+00:00,188
00c64b494bd0c3ca6f22e0b52d961b923367d73701aaa7ebd75b956b9f76120e,2025-11-01T10:51:01.883655+00:00,2025-11-01T10:51:07+00:00,188
461ae5eb8bfe9695d5cae53e83410c782ed90ff2b3d31627f67747915e46adfa,2025-11-01T10:51:02.002218+00:00,2025-11-01T10:51:07+00:00,188
ee76eb1407b3fb6848c865046bd8ed8e729e86f3ef1f82de7e14b367f7bb3884,2025-11-01T10:51:02.119255+00:00,2025-11-01T10:51:07+00:00,188
f65d11163830a494c5f6021f174037e7ecc0c80f990a0baca74e31fde9341aa3,2025-11-01T10:51:02.238707+00:00,2025-11-01T10:51:07+00:00,188
9027bc6a06b9d8b3dd0d6485566bb3d6bc9b42f3d61726a5ede8367b6f3ecfd1,2025-11-01T10:51:02.361297+00:00,2025-11-01T10:51:07+00:00,188
fb7eb5268192d028e9dd8d0847c74506370d8ed303a4ee9e068f7dc3d537a12f,2025-11-01T10:51:02.479641+00:00,2025-11-01T10:51:07+00:00,188
928da7b1732b47aa28416a90bdf5206dadd1d0a11fb9e752ded3f196b96a1b5d,2025-11-01T10:51:02.595814+00:00,2025-11-01T10:51:07+00:00,188
4fff2700837fa9d8df3d82ccf93af4556d928aef836930ec335132c494b21ddc,2025-11-01T10:51:02.713587+00:00,2025-11-01T10:51:07+00:00,188
54438e672ee207a7362570a5d1f09885be34de16d362b622a693b0b159fb5c5a,2025-11-01T10:51:02.832277+00:00,2025-11-01T10:51:07+00:00,188
323592880331e5f1f2a69b5efc7f4bdf01f1f62c44ff370297d06fb63b268420,2025-11-01T10:51:02.952433+00:00,2025-11-01T10:51:07+00:00,188
c623d2a207b028ad49e0f7cc2639afa26599093e09bf5d4c00751b8189c2b9fb,2025-11-01T10:51:03.074818+00:00,2025-11-01T10:51:07+00:00,188
62aaab32e7c5ea87a9e4591792fe24837c9d04693db4db24d8b887c6458aa1b4,2025-11-01T10:51:03.189468+00:00,2025-11-01T10:51:07+00:00,188
5e45eccf78779548bf96d9dfe0a2e3fffdd220418c2b723e3074a26efb84c6aa,2025-11-01T10:51:03.309971+00:00,2025-11-01T10:51:07+00:00,188
fd1c519ac7ddeb25e9c8d7819245a3ce2c8d197e55f8cf54ed5e9bdff8206a54,2025-11-01T10:51:03.426781+00:00,2025-11-01T10:51:07+00:00,188
47d04de287d0af8fb59c9475688769e0d58d7db84ff76cbacf891006991c533c,2025-11-01T10:51:03.541606+00:00,2025-11-01T10:51:07+00:00,188
60a51df24888baa90703f0568ca2d7b3e1b1e81f905404e07195de8979858fa6,2025-11-01T10:51:03.658066+00:00,2025-11-01T10:51:07+00:00,188
b5f7a4c58ad36a6bd58dff7b449dd33dcfb290c412d113e425bd075eef914c3b,2025-11-01T10:51:03.778797+00:00,2025-11-01T10:51:07+00:00,188
0d098560ffe4b6d8af3687dee91849d609d5bac39d5b359eb42b4156f06028d5,2025-11-01T10:51:03.897548+00:00,2025-11-01T10:51:07+00:00,188
cd775f981a446e4fa457e1830d6d4a8685a139813ac838d3d403a84cd5d6319a,2025-11-01T10:51:04.023028+00:00,2025-11-01T10:51:07+00:00,188
0a53077624d37e8fc02c11477cc323a2b2d6635312601e5fbdf275236dd0c52e,2025-11-01T10:51:04.140208+00:00,2025-11-01T10:51:07+00:00,188
e8cddc1f5fb190bd42f4538a1bc9b1774018abda57c523b4f932d56e6b7d7929,2025-11-01T10:51:04.258843+00:00,2025-11-01T10:51:07+00:00,188
09c5e85bcc2cdc2c4256cad1c71419816d2c034db1c2246652b0dad844f51bac,2025-11-01T10:51:04.379134+00:00,2025-11-01T10:51:07+00:00,188
3a351f53edb56bdaa1f3a2088bb7d51fcc1529581b5784d73cc58474da850209,2025-11-01T10:51:04.495122+00:00,2025-11-01T10:51:07+00:00,188
b80cf829968cf5300e4c1b5857cc1efe342bac012d02e38309fdf6db36cec826,2025-11-01T10:51:04.613943+00:00,2025-11-01T10:51:07+00:00,188
f97698215e9814f9b679cfa0bf99607f94f4d7cb72f695575486797c1e663ab3,2025-11-01T10:51:04.735083+00:00,2025-11-01T10:51:17+00:00,190
b248df91fc727f73d20517a7149899e9889ee3a359c1517d94679439d2bb0074,2025-11-01T10:51:04.855971+00:00,2025-11-01T10:51:17+00:00,190
43a28d336b69b297561f983b4f91b3f7141dfad1697abb79e2d8b624d29f153f,2025-11-01T10:51:04.970187+00:00,2025-11-01T10:51:17+00:00,190
6baf79ab6c60c4aea3665fc61a4e9f37f97effe08132ca0840ee6ddea775c41c,2025-11-01T10:51:05.088275+00:00,2025-11-01T10:51:17+00:00,190
4ca44e434bd186aada81217c4a2666254aad16f21ab81033d4065425735be89a,2025-11-01T10:51:05.205759+00:00,2025-11-01T10:51:17+00:00,190
64dd8d85e7d61353c8c01a1355fb1e02c65192934c7411475ada0f161ef6ce64,2025-11-01T10:51:05.329019+00:00,2025-11-01T10:51:17+00:00,190
35da9827ea93d503a85ecc144ff4cad92827304c47016da9c2f09c197d65de23,2025-11-01T10:51:05.448320+00:00,2025-11-01T10:51:17+00:00,190
6a32c46c918d5b583c7f16e6be79949dfd8631da8ac17df8f242825654e42f19,2025-11-01T10:51:05.569826+00:00,2025-11-01T10:51:17+00:00,190
9d68d2dca54372d3df0a0c3e6dc3bed088cb9b28c22e7d5e4e0246f47e01d91c,2025-11-01T10:51:05.688297+00:00,2025-11-01T10:51:17+00:00,190
9241c302ad9bc933c8a6feb39f69d047a40f33de8ff927a5f63f39c2473c1d61,2025-11-01T10:51:05.806827+00:00,2025-11-01T10:51:17+00:00,190
697eda10e3278fc16744c0c3ef5d798dd12490c52552308c74714a7495ca3cae,2025-11-01T10:51:05.924490+00:00,2025-11-01T10:51:17+00:00,190
db71123d1da9f629be194c1b7fc79d5af710cb3dbc0415dce9be18bbb58a6478,2025-11-01T10:51:06.043633+00:00,2025-11-01T10:51:17+00:00,190
1e41522e35fec775dfb79c051d23dffbb5112adbb1cb9143d64af588c1810b7c,2025-11-01T10:51:06.161558+00:00,2025-11-01T10:51:17+00:00,190
6c4160b0b5983f8c0a6c10ceb7e5906d624a108104bc36d0d089d1b032be8ac4,2025-11-01T10:51:06.282778+00:00,2025-11-01T10:51:17+00:00,190
d85949b9593f1d07e6a979d9492ed65e912c75caa53342a5e8f28856f7dfbba7,2025-11-01T10:51:06.402527+00:00,2025-11-01T10:51:17+00:00,190
c1f4e2263c40a568438200044356d2d94a3691bff7b1a1dbdb9b3509fef0e604,2025-11-01T10:51:06.514707+00:00,2025-11-01T10:51:17+00:00,190
1a4ab7ca7052e0f25931379240d3d6399c38325bd10f4521f233b0a6df9f38df,2025-11-01T10:51:06.632472+00:00,2025-11-01T10:51:17+00:00,190
c96af91cac92a5402c552ce53b2ce9669b94deae3d8c246da4e32f13f1e483f6,2025-11-01T10:51:06.745520+00:00,2025-11-01T10:51:17+00:00,190
2f8770caa845766400ae4467abd96ed010a2c1af1e34dd12e927618aec563f03,2025-11-01T10:51:06.862797+00:00,2025-11-01T10:51:17+00:00,190
3d4359bccf31dbef23f850ed6503610eb2dd70ca7e635d5ed70e6f176a70e377,2025-11-01T10:51:06.980824+00:00,2025-11-01T10:51:17+00:00,190
07f6aa63d5b924499f9b892eba032fb267154f5d0d57abe289f71502fba170d6,2025-11-01T10:51:07.098265+00:00,2025-11-01T10:51:17+00:00,190
f4cd963ade7efc913fd4bc69db69062a1d3803940398f99ec86e85fec9e09fc9,2025-11-01T10:51:07.217993+00:00,2025-11-01T10:51:17+00:00,190
3c4e4381c7cb232016da7e573ae05e871b8bd9859c10bba6937f6e202eb2e0e6,2025-11-01T10:51:07.337747+00:00,2025-11-01T10:51:17+00:00,190
c98d7c0b62f77a654c897ad34c928b1ddba8a738519b91782f12ec24b54247cf,2025-11-01T10:51:07.749615+00:00,2025-11-01T10:51:17+00:00,190
2f1a9f7ae97808bb65d81f8ed2c11ed13d148a516d2e0d6557a9184e774cf9ff,2025-11-01T10:51:07.864041+00:00,2025-11-01T10:51:17+00:00,190
0ceeae54b341d3aa96add0556ae4e00f5d3f245a40a088afea9c44041de581f5,2025-11-01T10:51:07.980866+00:00,2025-11-01T10:51:17+00:00,190
40ed2627f754e79e188984d50c44d7e86d8c9b2af730913ba5e2ad6cc9e11acb,2025-11-01T10:51:08.096789+00:00,2025-11-01T10:51:17+00:00,190
3c035d1346a930edaf8ec2345c4dfd57fbac8b0b06e9ae88386322c246d376c7,2025-11-01T10:51:08.210320+00:00,2025-11-01T10:51:17+00:00,190
6ade3f2954220b055d62a96e78a9bee2950461dfc8ef8d67a0f1b5c8cd8cbdc1,2025-11-01T10:51:08.325265+00:00,2025-11-01T10:51:17+00:00,190
7c3e50a5383a31625b9dfcecbbc80843676764af74d79a7af86168560fe5f0a9,2025-11-01T10:51:08.441331+00:00,2025-11-01T10:51:17+00:00,190
fb1cd445f7b40826dbd9168a34df8921d2d1d96405d863ff816a163120caf23a,2025-11-01T10:51:08.557919+00:00,2025-11-01T10:51:17+00:00,190
f425bcd8f6b3c65d425deb07468d0b22a788210baeb78899a203f2142f24c7fd,2025-11-01T10:51:08.674650+00:00,2025-11-01T10:51:17+00:00,190
29bc9ffd494c62ff4557d7af40909453db57525d514f7243a8a3569db64e4d6a,2025-11-01T10:51:08.789049+00:00,2025-11-01T10:51:17+00:00,190
5a4a4439f804a52237b4d1150ad61f14fff66b15ed74eb4202fe31cdb0182696,2025-11-01T10:51:08.903992+00:00,2025-11-01T10:51:17+00:00,190
a61c106a48db525f8d47f17ac03047fe46cf3fa1fcf9a3c1e9f27c46c9f08186,2025-11-01T10:51:09.018716+00:00,2025-11-01T10:51:17+00:00,190
675b30f9cbba9f8e998661d714972469135ec3a29fc5d8913879e1f29d7382e3,2025-11-01T10:51:09.133157+00:00,2025-11-01T10:51:17+00:00,190
2b8cdad62d77921528ba8882028df1103e392208d5c43e57d959e2841cb5b1a4,2025-11-01T10:51:09.247222+00:00,2025-11-01T10:51:17+00:00,190
3ffadd12711fe3d871ae42563a967818a08802c0cbfb09b5859572123123af6b,2025-11-01T10:51:09.365257+00:00,2025-11-01T10:51:17+00:00,190
8fc4bca491cca94270e28af2881843fbc4c74b2e4469e2e3808a885303ed40c3,2025-11-01T10:51:09.483409+00:00,2025-11-01T10:51:17+00:00,190
60e2453fe9d28db7c7864e1ef28bc228da92fda8152714958ed5305bd48cd9d9,2025-11-01T10:51:09.600494+00:00,2025-11-01T10:51:17+00:00,190
a0cb209c337b6402a3b63e21478283ea6363f12b2dd7cf413290252eb6a84a5c,2025-11-01T10:51:09.721958+00:00,2025-11-01T10:51:17+00:00,190
62e72b7473a87ae854bf224958b348736ae02a36c97ccd2278d87f1a256d0ade,2025-11-01T10:51:09.837730+00:00,2025-11-01T10:51:17+00:00,190
bfd1b187a12cc3db489befb5ad73d6d8dcf0e28dc3c9323121d5987e8e06e4e4,2025-11-01T10:51:09.954125+00:00,2025-11-01T10:51:17+00:00,190
460cc74bdc97c5a2eb2cd87c2980ae204c3b25879b3b878c121a9ae7bae55ed4,2025-11-01T10:51:10.071525+00:00,2025-11-01T10:51:17+00:00,190
ccb1a50efa01c9799d5b1b1f1be454805aa1738b8096fc8ac7ad97c0212c27d7,2025-11-01T10:51:10.188410+00:00,2025-11-01T10:51:17+00:00,190
be6c84a7dbc20e23c0336de31e7ceebdf698b362edaa6c07c931521433672ffb,2025-11-01T10:51:10.307025+00:00,2025-11-01T10:51:17+00:00,190
274bc6a0719d2da26fb5f5af2569eb2982f956bc60aa6fda55b296b8682b3f85,2025-11-01T10:51:10.422203+00:00,2025-11-01T10:51:17+00:00,190
69a4fa92fa03be7d96c080b0a824b9cc96e4e82ba713af2f7992ad822f636fc3,2025-11-01T10:51:10.541185+00:00,2025-11-01T10:51:17+00:00,190
0d11fc35490cf01127e8f36e8e02375a19315854fd873d1ebe48ceb98de1db2c,2025-11-01T10:51:10.659900+00:00,2025-11-01T10:51:17+00:00,190
70dd92c0e6b6ed32b09d17e4843b3270ebdd8a787b1e7e0667d19d5c2ae2e3c6,2025-11-01T10:51:10.775228+00:00,2025-11-01T10:51:17+00:00,190
a75ed4aba3045bfc405e7fb3c7e8f1da500104cc56683a90c9ffd7e563142185,2025-11-01T10:51:10.888833+00:00,2025-11-01T10:51:17+00:00,190
639e599e74a02a1809383336feca04a988e899a1c38c9210ad8db47b264930a2,2025-11-01T10:51:11.013521+00:00,2025-11-01T10:51:17+00:00,190
8707188009c5f0ba95a5776522051cf2796df6ea7680e84eab42c2def2cabb2c,2025-11-01T10:51:11.130533+00:00,2025-11-01T10:51:17+00:00,190
2ce1c5c1ab4269cac4278886d81b185f762e16137e9628c950fd22238d5acd28,2025-11-01T10:51:11.244569+00:00,2025-11-01T10:51:17+00:00,190
2e388df556c5580f1b5bcf8f39639e6f3377467443b318076b9f11de59907c0a,2025-11-01T10:51:11.367005+00:00,2025-11-01T10:51:17+00:00,190
cba3f327a558353691fa30cbbdaaca9d6ce5f651e8f33d4f5079c6cc2a5c8cbd,2025-11-01T10:51:11.485998+00:00,2025-11-01T10:51:17+00:00,190
605c7d96fad8b9940eb7f2a574b7e155a458298ebaa3af881ee448a5d3cc912e,2025-11-01T10:51:11.602768+00:00,2025-11-01T10:51:17+00:00,190
dc1d20b2313b78a7550280b792ba51ab5eaf6b408b9a53e0e81eb861e3316635,2025-11-01T10:51:11.727634+00:00,2025-11-01T10:51:17+00:00,190
b806a9c4b81c90810c381a2ad9b56066f68c8a43ae91eb67c1d5ae1db0bc35b9,2025-11-01T10:51:11.850033+00:00,2025-11-01T10:51:17+00:00,190
882dccefe9ca25d336d70c101bebaf89263333a1e193d5b07726be7a2840a450,2025-11-01T10:51:11.969367+00:00,2025-11-01T10:51:17+00:00,190
3887bab148b2a37e446a4f7321c18b541d7dee6eccc14dee8d48978d59c53345,2025-11-01T10:51:12.085267+00:00,2025-11-01T10:51:17+00:00,190
22bd759b659a3ad9a9328528e37c19d818f92827261c30d4d47d67e872b7dbdf,2025-11-01T10:51:12.212670+00:00,2025-11-01T10:51:17+00:00,190
776898aea664756c9984f0cbaf25c9ed6e3187a5c66a25497a58c78bebe8be85,2025-11-01T10:51:12.342383+00:00,2025-11-01T10:51:17+00:00,190
ab76a3dc3b73985d352def68fdc278d3edbd24094b801985ce9c413e8cded08c,2025-11-01T10:51:12.476462+00:00,2025-11-01T10:51:17+00:00,190
0de88d4682830dde9732f99db5d371072c6dab05ed5ae2cdf14b31339480ca17,2025-11-01T10:51:12.601104+00:00,2025-11-01T10:51:17+00:00,190
89531f533d30c678c179ae0b22cb9e113b47fbdd62c05397dc522a9e6bf0703a,2025-11-01T10:51:12.722205+00:00,2025-11-01T10:51:17+00:00,190
12925e813b242bad03cdf1962ff3f0bf02b9a124590165fb59235281ca9159c1,2025-11-01T10:51:12.843223+00:00,2025-11-01T10:51:17+00:00,190
38c5ca9ea53edcf856245ca68c24dbe124ed6e3ee443aa5be15b2c9ac9c93f75,2025-11-01T10:51:12.965601+00:00,2025-11-01T10:51:17+00:00,190
262e8dba6cdbc4a307a4fed1de62a9d79ce4a08a640656850c5607e696440b7a,2025-11-01T10:51:13.095898+00:00,2025-11-01T10:51:17+00:00,190
303f3dfa4a1d1060b1570943895a17a293a400e059cc5a8ead81859e70d4e754,2025-11-01T10:51:13.227447+00:00,2025-11-01T10:51:17+00:00,190
c3c8574166a16cdc9dbb8c3c190555804f36900ed49100b197ded6c77f55edf5,2025-11-01T10:51:13.351360+00:00,2025-11-01T10:51:17+00:00,190
e0f725c3e9af927665295671f7b38c7d6e2214ffef126c1e1f01faa75ae0486d,2025-11-01T10:51:13.484637+00:00,2025-11-01T10:51:17+00:00,190
28df83e9f690f7202e25be3c104ea430684b26ef96341667526e039de43924fb,2025-11-01T10:51:13.613020+00:00,2025-11-01T10:51:17+00:00,190
4d77ddec5e97f1a9699a97454886023a614c8e231d1abcc0ec79ffa02851ecf7,2025-11-01T10:51:13.741502+00:00,2025-11-01T10:51:17+00:00,190
1fdb6635ad2ae54a1b5805a61ee52b9c82460e95bd6858adb01ea37320270383,2025-11-01T10:51:13.859263+00:00,2025-11-01T10:51:17+00:00,190
6f94cfd4ad688587aa266c985ce6d13d053bc4024a4dec206ca0301630bb462e,2025-11-01T10:51:13.979534+00:00,2025-11-01T10:51:17+00:00,190
7f6581edfae3b1ea5bb792131748f2de9e41a9e902b9d75b102ae5447f37772d,2025-11-01T10:51:14.109056+00:00,2025-11-01T10:51:17+00:00,190
ff5a5f7761b38daad5f0c106af085078ea51ff18ae3a101921aad42b330cb7c0,2025-11-01T10:51:14.230720+00:00,2025-11-01T10:51:17+00:00,190
ba01df0de55b2f6208291a2574df81552ab583595cf791e1a958460ad6db19b5,2025-11-01T10:51:14.357368+00:00,2025-11-01T10:51:17+00:00,190
caa3c4c1fdbcbd1709aee74e552b95f2885edae49ad637be35ec5668b4a71044,2025-11-01T10:51:14.490417+00:00,2025-11-01T10:51:17+00:00,190
03f8cdedb41955c647863c9edac5d2ed8c0af5b492110206fed04e121665431b,2025-11-01T10:51:14.614760+00:00,2025-11-01T10:51:17+00:00,190
3ecc16d62c9a00e4188e5ede34a191e008e4916b528fcfd0344264472b5b9814,2025-11-01T10:51:14.732645+00:00,2025-11-01T10:51:17+00:00,190
fa483f38055e7a8d9abe6c370d07cefd59940120fa93e744e8c3f3fbb7c42b4a,2025-11-01T10:51:14.861681+00:00,2025-11-01T10:51:17+00:00,190
19a63fccb846e39a5bfe150e0aa5fa5391a657dae66845399b892f854b3c589f,2025-11-01T10:51:14.983007+00:00,2025-11-01T10:51:22+00:00,191
f0280fd2ad1b07efa217c6699c56f810865d6576776071b05136caa84e51da6e,2025-11-01T10:51:15.107605+00:00,2025-11-01T10:51:22+00:00,191
6117b45bef50ac45e6074a1948ca9185d27526932b9cb9736bd07c7fdd5d9f17,2025-11-01T10:51:15.230371+00:00,2025-11-01T10:51:22+00:00,191
636e8fcfe71c6b3bda49a0ff9651cf531b6205c1565eaa5fad146dfd0b83e8df,2025-11-01T10:51:15.356993+00:00,2025-11-01T10:51:22+00:00,191
48c1bb61678baaf0e1c82afb937dac50e78b2ab477c97174c931a8e65b523ebf,2025-11-01T10:51:15.480597+00:00,2025-11-01T10:51:22+00:00,191
fcfe428e95c3e9b6e4b72eefeb31c48a6f70d86d0e0da8dbb1b64057c7944796,2025-11-01T10:51:15.606763+00:00,2025-11-01T10:51:22+00:00,191
ddb7562672eac56e5679f2a6660c8da3e20c1d8a8b103f0d2453b751b3630b29,2025-11-01T10:51:15.736874+00:00,2025-11-01T10:51:22+00:00,191
4250f0fd191532fc17dd253f7127a1d64fa0c736f05324fe6dcbfdbc424ae1a0,2025-11-01T10:51:15.861733+00:00,2025-11-01T10:51:22+00:00,191
d21a04fb5f66bb38768d4fc9850747fa86dd46b6df124869289f8c40bd2db1bd,2025-11-01T10:51:15.992392+00:00,2025-11-01T10:51:22+00:00,191
39a98bd570885057ed3a75960879b3e9cb73bae847dc30ad33dcb439f539c9c3,2025-11-01T10:51:16.120343+00:00,2025-11-01T10:51:22+00:00,191
de490689fdf5f6c6f3092de7beb49bbccfde3e1bbfaadc2fa811dc4971c573d8,2025-11-01T10:51:16.241937+00:00,2025-11-01T10:51:22+00:00,191
acc5c2a715de58e80d583e3f7c62a080c5091c74696c820aded7b05faa54abb3,2025-11-01T10:51:16.367546+00:00,2025-11-01T10:51:22+00:00,191
ebc4d9b5a083ef8c48061f0f21cebf88745230873f13dd43c2f9f1d956da8866,2025-11-01T10:51:16.495010+00:00,2025-11-01T10:51:22+00:00,191
ab2b23370dd0a2ddc0f4b45cdddaf12df6b80f46fb936ec0022c74cbbc95ba17,2025-11-01T10:51:16.636425+00:00,2025-11-01T10:51:22+00:00,191
f1d7005ecead5c9e53d62efe9098b327066d40b60fd693ee96d145d19ffa723c,2025-11-01T10:51:16.766338+00:00,2025-11-01T10:51:22+00:00,191
cfdc1b37f08e2bb9437af543f4998339dc3fa67b35b002b5e0d078eb9882627e,2025-11-01T10:51:16.888710+00:00,2025-11-01T10:51:22+00:00,191
ceaf4ae4968a45e8f5b30275cf2843599cb514701d9485888beead97f7bbbfc3,2025-11-01T10:51:17.010176+00:00,2025-11-01T10:51:22+00:00,191
047b475015c2842325489e220b1007f006d0995991b482b6415f24aa8333d861,2025-11-01T10:51:17.128606+00:00,2025-11-01T10:51:22+00:00,191
2d68cb8f9e23e97a2f735021d1c4b55086c10a25cc1d9bd004c20ae9bae4bf8b,2025-11-01T10:51:17.268507+00:00,2025-11-01T10:51:22+00:00,191
5f1461bc71bd553f302c5cfc33255302faae90e64b2c3fc025fd084d459cd754,2025-11-01T10:51:17.390216+00:00,2025-11-01T10:51:22+00:00,191
9bfee10c85e6b9645cb173e6f5b7a38e1ace0345a8cda9d4d086fad47ca5bdbc,2025-11-01T10:51:17.875318+00:00,2025-11-01T10:51:22+00:00,191
4acaa4a1389b327a72a2bdffb005d978817222107d5b329ca2120c9027f764e5,2025-11-01T10:51:18.026308+00:00,2025-11-01T10:51:22+00:00,191
e61cbfdca28a831382ce0ee119263f70a8704bdfa6892790d3c74b867b2f509c,2025-11-01T10:51:18.150876+00:00,2025-11-01T10:51:22+00:00,191
5f538ab6e6d692a3c9b0c12490c1e0783c09fe452e69d81e62a429a00ef8f06b,2025-11-01T10:51:18.284472+00:00,2025-11-01T10:51:22+00:00,191
874a8fdb9891994bbb5ba9e4cef11afba1fbd0f49504718aa8034a6d00f620ec,2025-11-01T10:51:18.405298+00:00,2025-11-01T10:51:22+00:00,191
90643fc96ee61a7817213a0547857ca866bf020a22634db6fb35f4761e59e64a,2025-11-01T10:51:18.524383+00:00,2025-11-01T10:51:22+00:00,191
b67b674428756bef47a4e93bd78a96968619bb68c32c6b7ca314ce3dfa74fc2d,2025-11-01T10:51:18.647254+00:00,2025-11-01T10:51:22+00:00,191
4dfe0929b2c13a0bc96c3ba962ec9afed994f3e8ee5214e51dce8805d30ab11b,2025-11-01T10:51:18.767630+00:00,2025-11-01T10:51:22+00:00,191
21c8670e6e6b5443e14394a6ad65ce3c0e076ac5e9f129beb6a8230bc7658695,2025-11-01T10:51:18.887687+00:00,2025-11-01T10:51:22+00:00,191
a385f3bf85b1afff757bfc478e7ca7a1daee0c6c304c8ec552ec3146ae57ca80,2025-11-01T10:51:19.008217+00:00,2025-11-01T10:51:22+00:00,191
8a21f71dd6e1fcd0eb893ecd1d1d6da3a7776285cb630734f5020dc058b45bbd,2025-11-01T10:51:19.133575+00:00,2025-11-01T10:51:22+00:00,191
f742362cdf3b58fddac0455a128385cf4eee21b2acf0ec21016bfb5efa242766,2025-11-01T10:51:19.255562+00:00,2025-11-01T10:51:22+00:00,191
413848a91748b312ac7fd565f1b80388095fc4b38cd98c6a4ddd4fbd3fb63fb7,2025-11-01T10:51:19.375882+00:00,2025-11-01T10:51:28+00:00,192
9194409e20eddedeaab28656afbddd4fde72812eeb52984dc9da34d24bc94d05,2025-11-01T10:51:19.512158+00:00,2025-11-01T10:51:28+00:00,192
6f9cc5d225e71c5ee1fb88a582661d668bb6d0aef37e5d6d32b981f5d2a66dd4,2025-11-01T10:51:19.644340+00:00,2025-11-01T10:51:28+00:00,192
d9624f45990cdc1a53a18058f0f0668aa90a2eeab533f99487926baadd572005,2025-11-01T10:51:19.764389+00:00,2025-11-01T10:51:28+00:00,192
3f862930a1b5875d044938ff6ae5d07314448a6baa3891d250a71f9626a9dead,2025-11-01T10:51:19.884071+00:00,2025-11-01T10:51:28+00:00,192
eee67de6f0daac439357e4ad0728c0283419be95b89cc0e1ded6629764dcbbd7,2025-11-01T10:51:20.002717+00:00,2025-11-01T10:51:28+00:00,192
a1863e84c70108ff8567af7cefcddc730a67e84348d8ea2584c93ac66bbf64c8,2025-11-01T10:51:20.121687+00:00,2025-11-01T10:51:28+00:00,192
a07f868cef21679af92e8d990bd6f37b9729266749b61a1a0930bd2fd3312014,2025-11-01T10:51:20.239570+00:00,2025-11-01T10:51:28+00:00,192
6084d19f22eb6b048ea0af8b1e52904d87df30b5f5b4a3c82a5cbb9706ab76a3,2025-11-01T10:51:20.359544+00:00,2025-11-01T10:51:28+00:00,192
ff59a21370452265297d9ac19d29e26194d82268985efdcf2c9588ca5ebda15a,2025-11-01T10:51:20.480797+00:00,2025-11-01T10:51:28+00:00,192
7ccbb9432bc539fefe668cb4d0d900f6ea34734742129ed3f2004a8ebc9011a7,2025-11-01T10:51:20.602326+00:00,2025-11-01T10:51:28+00:00,192
195c86576bb29201fd85f343011296dbb6b264485f85a28d044cc28ccfcbea93,2025-11-01T10:51:20.720771+00:00,2025-11-01T10:51:28+00:00,192
00793f76ccb811cc336fef884a1dbe4e99bd1db802a9ef58580c7bb5049ca787,2025-11-01T10:51:20.843107+00:00,2025-11-01T10:51:28+00:00,192
64265018bbc7dda1383b18a139f0a888e41f73dc4e8615955e0e4b0a043dae99,2025-11-01T10:51:21.004597+00:00,2025-11-01T10:51:28+00:00,192
a1f7ef0f0491ab6a14c8b8875465ff1b0af17fad619dcb4f5ab070c4bda8bac6,2025-11-01T10:51:21.123741+00:00,2025-11-01T10:51:33+00:00,193
f8885642fe3f1b37901b8e3d4a8dcfef2d4e29858329d7d37659f410929aa560,2025-11-01T10:51:21.245140+00:00,2025-11-01T10:51:33+00:00,193
9de4543dceb5eadf7c91533b58fa8992481e890b670309e5e376b04e4494ec71,2025-11-01T10:51:21.366288+00:00,2025-11-01T10:51:38+00:00,194
3a4e5457a4f2ced2c0c8fde272d007196f2bdbda38a276b707d912a627882c14,2025-11-01T10:51:21.484650+00:00,2025-11-01T10:51:33+00:00,193
5944eb9f22acd2ab4f8fa367503af75e1f9193d65f4f49228ac149b8919502d7,2025-11-01T10:51:21.601928+00:00,2025-11-01T10:51:33+00:00,193
5ee8ad68e674245f2665668366364cded2027608b5b46e7781638fc49c250270,2025-11-01T10:51:21.723025+00:00,2025-11-01T10:51:38+00:00,194
984160f6bcb94f07c8ad19c5482f8625a76719c63b4774b092823e918bada35a,2025-11-01T10:51:21.846561+00:00,2025-11-01T10:51:33+00:00,193
3bbc8451bc53f51fccc511199ab274fc5a8b76ae1bd2c473e560536f8e4d9f7e,2025-11-01T10:51:21.966161+00:00,2025-11-01T10:51:38+00:00,194
06245cdf335a7e62738dbc2de398d85cf2bfde4105f765f037e93197a48252e6,2025-11-01T10:51:22.093524+00:00,2025-11-01T10:51:33+00:00,193
1329ae8307bad98d2b364e940a4a36c1dc23ce9bfe7b6b00e9e3d9f568d1c214,2025-11-01T10:51:22.212225+00:00,2025-11-01T10:51:33+00:00,193
838222946b557b3dc30b45af7295d34960bff6eff525c412e65edf9bf8fed238,2025-11-01T10:51:22.330430+00:00,2025-11-01T10:51:33+00:00,193
84639a6370878a5c56e5d2c88f44f4487748eb486dd252f68b8fa53a5b7bfcb2,2025-11-01T10:51:22.454684+00:00,2025-11-01T10:51:33+00:00,193
29f7b773df0c67296446f5c7e3d28361a616f9582201bd2fc2270d0051cd5a20,2025-11-01T10:51:22.593301+00:00,2025-11-01T10:51:33+00:00,193
cec105e2725f7bede1c9a93178a78017bcbccce27b70800f19bd018d6b2e7a32,2025-11-01T10:51:22.714485+00:00,2025-11-01T10:51:38+00:00,194
d94b3c47ba28647e4477179b174be8744fd443547ce83b9d2fdadaee4ba57900,2025-11-01T10:51:23.041595+00:00,2025-11-01T10:51:38+00:00,194
d8e24c517e7f14097f71c32995b16069b1905ec5f58da8dc477b65ad6a2ab186,2025-11-01T10:51:23.181364+00:00,2025-11-01T10:51:38+00:00,194
f0232f958a25e5c3dabf253e84be00d63b206292e488e808a1d5f85cd48ae17b,2025-11-01T10:51:23.307273+00:00,2025-11-01T10:51:33+00:00,193
2f065cf90dc057285a2ed88d219fd2bab796958bfd56aa02e0c0fac2608914e6,2025-11-01T10:51:23.431100+00:00,2025-11-01T10:51:33+00:00,193
56fa1af892945c9a1b7c6754b45e592d89e44e8ee913d22ea61961de485fa344,2025-11-01T10:51:23.549256+00:00,2025-11-01T10:51:33+00:00,193
409b6abfcc879fd335b438f3dfda62fa70f4f4a71c1b9f3747be9324e016904a,2025-11-01T10:51:23.667145+00:00,2025-11-01T10:51:33+00:00,193
12f654170de192d9d31ced678f7c6b94e4dd695ac62e4f6a87d0ebc71f56a3f2,2025-11-01T10:51:23.796605+00:00,2025-11-01T10:51:33+00:00,193
8154a81f34c3cd023750c8f1fff35e615070d357f60764431516ffc3481da1a7,2025-11-01T10:51:23.919375+00:00,2025-11-01T10:51:38+00:00,194
fd93cb33c1be3dec5470ac4bed27664bc23110a32a544c946e635246efa7817b,2025-11-01T10:51:24.035432+00:00,2025-11-01T10:51:33+00:00,193
4aece394806201fbbbafe3ec47395f8815899318b5d362b245e773ac35251c8a,2025-11-01T10:51:24.158214+00:00,2025-11-01T10:51:33+00:00,193
cc2e5f0f426cbc78c90e79176a1029bb88150f3c7c9d00d0477da2ce6ce03baa,2025-11-01T10:51:24.278790+00:00,2025-11-01T10:51:33+00:00,193
ac57807274203a366f1d79fcd107d60a1b7f0beb65f0c9c7b7ba1c4b2633bb0e,2025-11-01T10:51:24.399386+00:00,2025-11-01T10:51:33+00:00,193
dbc62356efe8a0a337f217ec6fd3057576d8301de428caaa0e51606909b95ec3,2025-11-01T10:51:24.521322+00:00,2025-11-01T10:51:33+00:00,193
d97668909ef1be52fae87caf3c4995f00d591d5d3080189dadd867a2d745d10d,2025-11-01T10:51:24.649996+00:00,2025-11-01T10:51:38+00:00,194
e4ab14b2f0d14291bf8f703f7e78e5b2ed99f615620662768dc2d75d0bb740ce,2025-11-01T10:51:24.769304+00:00,2025-11-01T10:51:33+00:00,193
7f5505210c3bd6bb88b90ccb2ad29287ef1987964c96f7ac3c7ea65eb741d4d5,2025-11-01T10:51:24.896683+00:00,2025-11-01T10:51:33+00:00,193
985b674301a36bcd5b93616514a211500a5b227cf00f01b7bb1d0624925ac9a0,2025-11-01T10:51:25.038597+00:00,2025-11-01T10:51:33+00:00,193
67564943d1b51484c3ba9d862120ed069985ef60513171b14ac24a00afcc73c4,2025-11-01T10:51:25.157651+00:00,2025-11-01T10:51:33+00:00,193
5ac5c4bf83d3cd43ad01050023b178c473ddcad6ae92db3883c319a0c2ee73a5,2025-11-01T10:51:25.287570+00:00,2025-11-01T10:51:33+00:00,193
782fba4a27d3c6219096fa1237bfa8aa02f0bad8f74bef30e3e9e3c7cb697682,2025-11-01T10:51:25.405367+00:00,2025-11-01T10:51:33+00:00,193
1ba29b387b195ddf7e9850d40437bd91b3bd51e2f34dfdd421579d403249c534,2025-11-01T10:51:25.529409+00:00,2025-11-01T10:51:38+00:00,194
d2f32ff15afb2e8963656882ecc3507a7978a1d36fc076b9d3158688adfc8f18,2025-11-01T10:51:25.652488+00:00,2025-11-01T10:51:38+00:00,194
b6932b39e48ef7112141a4ac8b92d3ee948282d0c9d85f95cfb54206cef59544,2025-11-01T10:51:25.783541+00:00,2025-11-01T10:51:33+00:00,193
f8bd88fc1245eae2f0307f5e8d287a266d03e8db1358a7b317ef3e00676c3519,2025-11-01T10:51:25.911528+00:00,2025-11-01T10:51:38+00:00,194
20f429df893cd9e7007fc3854557eb784bd8393a8d82af4f6bae3f8ac61afa67,2025-11-01T10:51:26.031318+00:00,2025-11-01T10:51:38+00:00,194
89b97ecdefd0d4fd3a613d0c33a9e477ca570cde63addeb5c417071b177fe435,2025-11-01T10:51:26.155225+00:00,2025-11-01T10:51:38+00:00,194
b1a17bae6cd35f06c04f2c0fb85bc7b5a2e206675289588ce20ed2dc0a045bb4,2025-11-01T10:51:26.279418+00:00,2025-11-01T10:51:33+00:00,193
9110cfe69e7a6bc3cba656872e193ce65f7316a86bccfe380af715fbad1819ce,2025-11-01T10:51:26.404541+00:00,2025-11-01T10:51:38+00:00,194
6eaa9fa8a71e63f94512eb2b86face902d13dcb0657850982e413aafe9112dae,2025-11-01T10:51:26.528742+00:00,2025-11-01T10:51:33+00:00,193
6c7592a694419a83d499cad71c0337a5bb464ee0df73941de8cd57f06dcbc500,2025-11-01T10:51:26.647413+00:00,2025-11-01T10:51:33+00:00,193
13139a2855f62ec58b40921f016e71130e58c8df12998c308c95a27480cfd204,2025-11-01T10:51:26.770644+00:00,2025-11-01T10:51:33+00:00,193
693d1de1a2342bfc85bd3c01f66c078db853359eb74eb3ec74afa48a70c2c3cf,2025-11-01T10:51:26.892219+00:00,2025-11-01T10:51:33+00:00,193
98b0d4b28d883ef481f04fa99785334e1ff4132fc38058913a94e74f572717b9,2025-11-01T10:51:27.012347+00:00,2025-11-01T10:51:33+00:00,193
77f43f6b437e6b9728fa205dfffa43b7061d4970d01290aa11c11ae5338be4be,2025-11-01T10:51:27.132535+00:00,2025-11-01T10:51:33+00:00,193
3cdf70955aa9f305f96c5b3088e82202ab06c6443fe821fdd24a9b7ded1de9f4,2025-11-01T10:51:27.253352+00:00,2025-11-01T10:51:38+00:00,194
c877784bb05b2e6f83a4a11ada0ab232d93773bf3be8fcedf431e57a45a8cd39,2025-11-01T10:51:27.377880+00:00,2025-11-01T10:51:38+00:00,194
1fcbc01d43f2d02a9607bc2944e6fd3ae6fcf95f350b506b646d829bfa7039ed,2025-11-01T10:51:27.500719+00:00,2025-11-01T10:51:33+00:00,193
decc37dc4e9f5043aac715e824229eda24d7580911b34e5c69a53181d76108e4,2025-11-01T10:51:27.624531+00:00,2025-11-01T10:51:38+00:00,194
2439a9c1720068e7397dc3dcc046d6c19e01c106e377d5ad95e18981529c801c,2025-11-01T10:51:27.741316+00:00,2025-11-01T10:51:38+00:00,194
b4fbc8261f2b2d085172e5758c263c6fcff3bb5b643f5ba7208d33b003323c7a,2025-11-01T10:51:27.864537+00:00,2025-11-01T10:51:38+00:00,194
7c304644352f97f4bf0c87580e5936dd4df4086848d4ae92ada6e45eebe20e91,2025-11-01T10:51:27.999366+00:00,2025-11-01T10:51:38+00:00,194
703bd665f0316fe2cff7e7f64497033a43292b3368c6228c4111c5c5bc16526f,2025-11-01T10:51:28.331139+00:00,2025-11-01T10:51:38+00:00,194
86056f584c9a78d75adc00466d892a09d6e2d54ccb318b347df18ff616ed708f,2025-11-01T10:51:28.452550+00:00,2025-11-01T10:51:38+00:00,194
bb4dbd32b8b7c2cce7dcc412dbd1181db76001c4c2753b26fd9813b47d72f4fe,2025-11-01T10:51:28.577835+00:00,2025-11-01T10:51:38+00:00,194
166241bf56f0e9a236e9749a80d9a463c24866547ed0734410a1200b87d55367,2025-11-01T10:51:28.698563+00:00,2025-11-01T10:51:38+00:00,194
8cdfb09f725d91f54608c10369da5f089c87c4a189d53b54d314cd05337c72c0,2025-11-01T10:51:28.824308+00:00,2025-11-01T10:51:38+00:00,194
7f812786c33a2d27535186b3f2424824b97d700564fa9ebc2f30478799cb22b9,2025-11-01T10:51:28.948736+00:00,2025-11-01T10:51:38+00:00,194
daf1c1f82ccf3c7d2b8b9d4a9fc2718438b635c67ba4616decc386385810b6c4,2025-11-01T10:51:29.069177+00:00,2025-11-01T10:51:38+00:00,194
5fb248e160c745b2c05ca3318e82360793305a4e9dce41c869411e6b71c6ca44,2025-11-01T10:51:29.197118+00:00,2025-11-01T10:51:38+00:00,194
6a4a0b4a4fecd21e56158ab080e1021d8c20ae1c5f7d151f29c8114117e65e7e,2025-11-01T10:51:29.318137+00:00,2025-11-01T10:51:38+00:00,194
426238d6614aecce0c6913c4458968c094ea5a6dd329feaea9a075278bd42410,2025-11-01T10:51:29.435828+00:00,2025-11-01T10:51:38+00:00,194
8cf5dc7126b8d95c5f1e2c85bba54c82f48f00141d88e9b251dc1379279996dc,2025-11-01T10:51:29.556078+00:00,2025-11-01T10:51:38+00:00,194
358e4ec21dbd4d25dd2dbdf1da6679ec93de8008a329c5f7df4038b236a284e1,2025-11-01T10:51:29.683124+00:00,2025-11-01T10:51:38+00:00,194
451a7ee1e7e793e08d96fb8ebe8c73ce672be6e1cee133b5fd93f8197c7887d6,2025-11-01T10:51:29.803535+00:00,2025-11-01T10:51:38+00:00,194
e4601a34f16dda6cca601ae538e6ab6468f6f043ec381664decbb6cff18c158f,2025-11-01T10:51:29.928002+00:00,2025-11-01T10:51:38+00:00,194
f8b72a990fd737027f05f59cd2ea729548ddfd7eed17ad0ffaac132128da6caf,2025-11-01T10:51:30.053782+00:00,2025-11-01T10:51:38+00:00,194
7003d1e6ab8932d4d95751e44ba0135790dd00a61a88b961c904223122ef9189,2025-11-01T10:51:30.172596+00:00,2025-11-01T10:51:38+00:00,194
b7017c8cf460ea6b4820da2f002ccf507c4ba47aaab093ed63f5a2c415c72e11,2025-11-01T10:51:30.295643+00:00,2025-11-01T10:51:38+00:00,194
a30782afbd6fbc64092670c6870bdef9a3ea2c7db796b28166756d8486e392ad,2025-11-01T10:51:30.419648+00:00,2025-11-01T10:51:38+00:00,194
9bac4a7bb5aa9ebd9ad72d15e48456d30a975797de495c0d1e7a68ff2edfc098,2025-11-01T10:51:30.538732+00:00,2025-11-01T10:51:38+00:00,194
3c93da4bd9e801e409efe06008ff419521fffa3697036ae197b0b77a488ab07f,2025-11-01T10:51:30.659732+00:00,2025-11-01T10:51:38+00:00,194
c228ff6b62cee3f529727d6ad3835c43c13dfb83b63df0a43d927993bc1d0277,2025-11-01T10:51:30.777729+00:00,2025-11-01T10:51:38+00:00,194
d217a80e3e8d9023f8a1aeb4a2acdd847b323186ee754d25427d5e81341ade4b,2025-11-01T10:51:30.903434+00:00,2025-11-01T10:51:38+00:00,194
31a708dc182bd24dda4b8c4c6da2dad623810146e677bcc0d6489976e7e47338,2025-11-01T10:51:31.024476+00:00,2025-11-01T10:51:38+00:00,194
1b9c90c9c615059d127c6d6fe98e9c990fae6ed827829002dcba5484d9164e13,2025-11-01T10:51:31.150674+00:00,2025-11-01T10:51:38+00:00,194
c1d5c43d9a1e9b1d9d9f7dcd54b76a703494d9cc9217b653039c3ce66aad041d,2025-11-01T10:51:31.274707+00:00,2025-11-01T10:51:38+00:00,194
903e91b8708aedfbab6371c13f804d70e3bdcfa43c7352fe0d857c7d37f9d1de,2025-11-01T10:51:31.424127+00:00,2025-11-01T10:51:38+00:00,194
028235ed0bc14d0e24125bda0ab113cb2c909d00cc9c8e0e9d74501c5a73cc04,2025-11-01T10:51:31.543494+00:00,2025-11-01T10:51:38+00:00,194
832b65329e06bc07f59b212f46bd2e965c0d22f29c6f1fba0107a07ba9acbb67,2025-11-01T10:51:31.669684+00:00,2025-11-01T10:51:38+00:00,194
358dcd13db85ce658def99a0fd088f004a543f91df0fa08dbba23977cbaad63f,2025-11-01T10:51:31.788971+00:00,2025-11-01T10:51:38+00:00,194
dca6a8a505ff4881e8730d1edd511cbcb4e562521efd84262c543ab11069cb7d,2025-11-01T10:51:31.913552+00:00,2025-11-01T10:51:38+00:00,194
bac0ec5ed30e276d1db074cfa8206639d2f7ca747d831a7200cc99acaed3b259,2025-11-01T10:51:32.036421+00:00,2025-11-01T10:51:38+00:00,194
1ae14110714eded041cad50b45d149ac63990154b51018dcb0f7f56816221a3b,2025-11-01T10:51:32.161997+00:00,2025-11-01T10:51:38+00:00,194
a67c3cfa15e67f8f145978167e011836ff94b9cf95e2c0988033540fc3df025a,2025-11-01T10:51:32.281322+00:00,2025-11-01T10:51:38+00:00,194
27a890477816e7bcd38dde05da670890678017af835832d0e1bb1ad5c7940a9e,2025-11-01T10:51:32.412491+00:00,2025-11-01T10:51:38+00:00,194
4deb2e933ea8ad2dbb67382cf6b143426412052dc732d7ed087e0027584a9531,2025-11-01T10:51:32.530331+00:00,2025-11-01T10:51:38+00:00,194
724687bc89517fde5b6a900e1a9c0416c523754fe75fec19e42aa35148415025,2025-11-01T10:51:32.652460+00:00,2025-11-01T10:51:38+00:00,194
5ca353bcf32309a9b7053f0541c8e5bf18505b761435c725fe4a20e18d526285,2025-11-01T10:51:32.780234+00:00,2025-11-01T10:51:38+00:00,194
ca2085efdc85b30fdcce0e734be0a87fc56694d6e858da7b82b5c15f2a4a2292,2025-11-01T10:51:32.907554+00:00,2025-11-01T10:51:38+00:00,194
f32f36fa1f9b92623d216d329b582099bb30bd00c72d3f0d760bac6bf51ab4e5,2025-11-01T10:51:33.032107+00:00,2025-11-01T10:51:38+00:00,194
538f7ce643c2470d952b0a9c9b0bc5f161ee3586eb7d0a8a77433d65dc2759bd,2025-11-01T10:51:33.159412+00:00,2025-11-01T10:51:38+00:00,194
d2ffd87809fdb65b85653dbfd0898da905613456c45e21fffc9a8d1f7b4b19a2,2025-11-01T10:51:33.288096+00:00,2025-11-01T10:51:38+00:00,194
b5346b99b52d99ecbb1a38e08743c2dd24fe9d7f5918ad722e7ccd4f19a5ad24,2025-11-01T10:51:33.630766+00:00,2025-11-01T10:51:38+00:00,194
7c996ebd41ffc0deab006bfd916abb20f644c9ea4aad53b4fb48502463ab83dd,2025-11-01T10:51:33.757594+00:00,2025-11-01T10:51:44+00:00,195
e8895cee8538fb26735718e0e25807d28cd765d74c1280209742da09849c9084,2025-11-01T10:51:33.876423+00:00,2025-11-01T10:51:44+00:00,195
14f73e61354a2a850e259d718f940b8763e2832413f7919606aff24f5f31ce07,2025-11-01T10:51:33.994924+00:00,2025-11-01T10:51:44+00:00,195
358db809b654ceca868bd6c9621fb7f8eca0d151e7ddb1282f55f1abc96046ef,2025-11-01T10:51:34.115884+00:00,2025-11-01T10:51:44+00:00,195
9fe2892827bf7ab7ed572094c3ac1cb983a46abbf2bf90bb76f8753ef23974d4,2025-11-01T10:51:34.237320+00:00,2025-11-01T10:51:44+00:00,195
7a57bc8a08eea32f0f8439e925636a5a1d9da1b7e489970853c4125e70692f56,2025-11-01T10:51:34.357208+00:00,2025-11-01T10:51:44+00:00,195
c4d2242973f6329221fda0e77a5bab1b7001e23ab1c4206d5e44ad92629b04f8,2025-11-01T10:51:34.482125+00:00,2025-11-01T10:51:44+00:00,195
a56ff84a3a49b95186be52c98a54715c651b6315d126e98fe3163c40390d2002,2025-11-01T10:51:34.606004+00:00,2025-11-01T10:51:44+00:00,195
46df28e9923dc1ad312a2d083bf8e41fc1d1f3b3f551a5863bbc17ad70dfaebb,2025-11-01T10:51:34.728201+00:00,2025-11-01T10:51:44+00:00,195
1b4d5f3b475cfddfb8b4f38f8daa7c9c4d4454eeb1649f1417037ef7f478e552,2025-11-01T10:51:34.848336+00:00,2025-11-01T10:51:44+00:00,195
9ea6f03a563b236813e738d00480193fed6b500c0fa7c439fcf25cb51046407d,2025-11-01T10:51:34.967730+00:00,2025-11-01T10:51:44+00:00,195
8579d4749f0a07106dcc04038e7e1e0f57cd804bca580d0fcb495e31cbc5ad43,2025-11-01T10:51:35.094309+00:00,2025-11-01T10:51:44+00:00,195
212e45852a7a4a213f8359efa97432ea4bf61a8c5994fc13b523bff4dca43c9e,2025-11-01T10:51:35.213281+00:00,2025-11-01T10:51:44+00:00,195
9bbefa98a92122ba79c20a70c7ed06d54bbc0ffe7788ef0d1863729f017a9796,2025-11-01T10:51:35.335093+00:00,2025-11-01T10:51:44+00:00,195
d5d17afebb6ba9b8db24540643655c02435eb53c5a23762a3b072f125d3590ab,2025-11-01T10:51:35.465596+00:00,2025-11-01T10:51:44+00:00,195
63331ed54ed829b3c9bcc7390dd00ceb9b6bb53f26f6ebe05bc957868050103c,2025-11-01T10:51:35.588641+00:00,2025-11-01T10:51:44+00:00,195
31ed4f2892b1278d06023fb6a79e97131a17270c567c2c028a269c395761fe23,2025-11-01T10:51:35.708289+00:00,2025-11-01T10:51:44+00:00,195
7dde90ebeed9d6480d791da7c449829fd441121aa5452a63244bf99e0aecdd17,2025-11-01T10:51:35.837961+00:00,2025-11-01T10:51:44+00:00,195
3cbfb7f5c8064f245f94125a47293532b1a3638acc2f853b26c101a8fefc4933,2025-11-01T10:51:35.959251+00:00,2025-11-01T10:51:44+00:00,195
d8a201be03ad3f3a70a28bb19db215a6f02c667869b53088bd0e1b6870eda07b,2025-11-01T10:51:36.102872+00:00,2025-11-01T10:51:44+00:00,195
4d75cba15566b3d8f99a0e03d83a16f09cea82d853decfa113c23b04891478ec,2025-11-01T10:51:36.224936+00:00,2025-11-01T10:51:44+00:00,195
f4a68f79901286ade6009a0ae92fa3b15a03319e2da5abe0403df4f8364b40aa,2025-11-01T10:51:36.355696+00:00,2025-11-01T10:51:44+00:00,195
55af64d465d885811dec4a20bb91fa82ef7623fb7c4daadec5bfd95b642c17ef,2025-11-01T10:51:36.479062+00:00,2025-11-01T10:51:44+00:00,195
8c012dbd7ad92912f5ca6b996a77f4895cb4da7acc5fbe1c6074f0a868e1978d,2025-11-01T10:51:36.598213+00:00,2025-11-01T10:51:44+00:00,195
24e570dc923e2afebf16cea714596792b33e596b569f5f9ff2a1d914925f712e,2025-11-01T10:51:36.720838+00:00,2025-11-01T10:51:44+00:00,195
915ab71bd88119c7a451a52fede6ac72fb1bb12d22ac0b8d26a69fde1fdc1a34,2025-11-01T10:51:36.842533+00:00,2025-11-01T10:51:44+00:00,195
673795d07365420096ca0ce89caffc32f014977e92f45abd17e42b1844974591,2025-11-01T10:51:36.965115+00:00,2025-11-01T10:51:44+00:00,195
5a6625c8633df3b510c237300d31a961cc5ce0a537edf17e2c96b9c84b41e88f,2025-11-01T10:51:37.091795+00:00,2025-11-01T10:51:44+00:00,195
1184888a8badc113b5788dad41ac9fc38c34ff06ffd6ebbb3216925b2c92610f,2025-11-01T10:51:37.212356+00:00,2025-11-01T10:51:44+00:00,195
c96a6bf0e830fb50dc01f475558c5a1601a5d92bb241363ae27472c2305c188d,2025-11-01T10:51:37.338094+00:00,2025-11-01T10:51:44+00:00,195
4846436be6e2c46053426c1ee708ce9526c40674e10780d960a706f7a3898c59,2025-11-01T10:51:37.466938+00:00,2025-11-01T10:51:44+00:00,195
efaa16bb822036c51b61dcb75831584bd4527dd51c7b59f04dc286c3b8793275,2025-11-01T10:51:37.597691+00:00,2025-11-01T10:51:44+00:00,195
d4aca532a7293b7235ae64ff9ffdbedf1ea70f8956d0ea5b76d195f26e30bcb5,2025-11-01T10:51:37.720132+00:00,2025-11-01T10:51:44+00:00,195
d06daf35cf2f5d0bf445ae09a752d1981909f8bb69483e8ae09da429cc9d7097,2025-11-01T10:51:37.865829+00:00,2025-11-01T10:51:44+00:00,195
262f9a50a9e9349dc71a9caf99ef7cac68ea0f468a03a919600c34f73ec4505d,2025-11-01T10:51:37.998806+00:00,2025-11-01T10:51:44+00:00,195
48f4b747d9ab11ca49c67ab5256b29820456d580067b6dce2b7c80fd2efda962,2025-11-01T10:51:38.128048+00:00,2025-11-01T10:51:44+00:00,195
3cafcf0652c6a9ff09ff16c48704a8a14c97c2e143717006349493b1194c9630,2025-11-01T10:51:38.247526+00:00,2025-11-01T10:51:44+00:00,195
16befa8a5408aee4d30b66f79dd98fa87d5a449f9de2a49cc7b907fdf610f0de,2025-11-01T10:51:38.366819+00:00,2025-11-01T10:51:44+00:00,195
94243ced98eb01386987aef280116b5e2fbf69b4f8989235381f9cb6d960f249,2025-11-01T10:51:38.489396+00:00,2025-11-01T10:51:44+00:00,195
c7940f00d9bbc7422bf39133f05d71e262a9dca01288252d776e09447fcd7a42,2025-11-01T10:51:38.612639+00:00,2025-11-01T10:51:44+00:00,195
2e5a0429531ddb1868be9cb92d6d3fed93f78b5e54f841e4810135e1907d8c37,2025-11-01T10:51:39.007248+00:00,2025-11-01T10:51:44+00:00,195
70f11480b93f5f9d1116291bc798cc227aea472ad846f849dd00b0360535829c,2025-11-01T10:51:39.126603+00:00,2025-11-01T10:51:44+00:00,195
6c01dd4adaa3f5480223bee51b32a11dbead9b0c8e11b9354fa1e3b4960ae3d6,2025-11-01T10:51:39.247204+00:00,2025-11-01T10:51:44+00:00,195
291b5ae08301b6e5b3e94f3c604680ce9cf2119b4edb211a6755d1fa7e911c50,2025-11-01T10:51:39.362673+00:00,2025-11-01T10:51:44+00:00,195
6461b7115a042df1831e8c1b162dc0057a83e859b4dc002cb521dc93c134a372,2025-11-01T10:51:39.479013+00:00,2025-11-01T10:51:44+00:00,195
841bd67aadcabe17407aaa0b8e5f1465dbd0c6f611928941d747cc5cca6870a1,2025-11-01T10:51:39.594333+00:00,2025-11-01T10:51:44+00:00,195
04508ff02ba094a02c50942adf5e17d712034b59bf29e047b56c2e55057d0a2c,2025-11-01T10:51:39.713536+00:00,2025-11-01T10:51:44+00:00,195
75194fb410a1a3ac3b2fbc997171a4217959e089b26c8a24c78d61d1a5d45d5d,2025-11-01T10:51:39.831579+00:00,2025-11-01T10:51:44+00:00,195
9e304f6c8c93d020435d0e8b700ecda740b74db12c0f672dff5903d260977e70,2025-11-01T10:51:39.956546+00:00,2025-11-01T10:51:44+00:00,195
0d7673a12b524e383122f164b95931b71ce03ddd2b6ba6074142b7cba0c1ed6e,2025-11-01T10:51:40.075640+00:00,2025-11-01T10:51:44+00:00,195
96461dac6c661ded55321f3e9c101204aa841882183704b517e11289153dfada,2025-11-01T10:51:40.215152+00:00,2025-11-01T10:51:44+00:00,195
7a867cd0e0acf141653e1d1d5f0d569f888ee2dc9efcfc66e3cccbd095438721,2025-11-01T10:51:40.452703+00:00,2025-11-01T10:51:54+00:00,197
65257f0a1c180aa4580e93a63105ed003c7afb1021b22529a1dee21a2eb7135b,2025-11-01T10:51:40.572351+00:00,2025-11-01T10:51:54+00:00,197
e62a89fb4d30efae673a7ddf487cf754eba16f94e15567946b8f1381604488ab,2025-11-01T10:51:40.691397+00:00,2025-11-01T10:51:54+00:00,197
cd42a3cf361792b6c6e3f69385825e55ec0cc5980a2e9fa9162e581476625d32,2025-11-01T10:51:40.811336+00:00,2025-11-01T10:51:54+00:00,197
bcda2b4ae13262d3fc9dff16220bf62bbfbaf030376f38abb97c88016a8424b2,2025-11-01T10:51:40.929169+00:00,2025-11-01T10:51:54+00:00,197
7f8150f033b9bdf4725eb3618cde1df432d8b65975a4eed07c79dac284e19068,2025-11-01T10:51:41.069647+00:00,2025-11-01T10:51:54+00:00,197
ce13e23c632d36d4749f401e58e80f66f898e8fa167a7a927bfcc558fc07b065,2025-11-01T10:51:41.187878+00:00,2025-11-01T10:51:54+00:00,197
5ccd272749d9f2a04ac80aade1d262156e7591c2f9f3c8d7815e034c53b2008d,2025-11-01T10:51:41.304992+00:00,2025-11-01T10:51:54+00:00,197
7a121874abb684334c0b4ad704c783387c0f8837379ac4457d93ef739415f3eb,2025-11-01T10:51:41.423275+00:00,2025-11-01T10:51:54+00:00,197
bf6656a5f8332bff683aae107f7625d81b6976c96465ac07cd4e186896a4d4ea,2025-11-01T10:51:41.542115+00:00,2025-11-01T10:51:54+00:00,197
452951741688c9cdc76062bb4c438cc5a31f9e6ec032c47b9c3de7e62229757d,2025-11-01T10:51:41.661402+00:00,2025-11-01T10:51:54+00:00,197
596318bfc046fd4d859f7bd9bcdc6c8c55600ba5ecb2649c9febf239e45402aa,2025-11-01T10:51:41.779138+00:00,2025-11-01T10:51:54+00:00,197
0e87fa0b29a30800701af5b9ce6ff99a23891a513ad663a665807de3d45a4613,2025-11-01T10:51:41.898896+00:00,2025-11-01T10:51:54+00:00,197
01de4b5f3462094da6f0fdbf3a5981abca8c67256b7c06bedf96c2e27f5db9ec,2025-11-01T10:51:42.019786+00:00,2025-11-01T10:51:54+00:00,197
146a6e1e99f4e17fc606f7f5779c7ff46ad23d620ddc3b8647718340c10d9186,2025-11-01T10:51:42.139217+00:00,2025-11-01T10:51:54+00:00,197
fe4f7e28134e0cf0dd937f1c31ed9a0ae190c766b1ac557e23a43fe950d10c27,2025-11-01T10:51:42.263805+00:00,2025-11-01T10:51:54+00:00,197
b443e8348ba3f39620cc3999e912c24c896097822184c2d8a680230277d5ba9a,2025-11-01T10:51:42.382886+00:00,2025-11-01T10:51:54+00:00,197
5fd7f8a7e2032d4246ef05ebf1d62789d74565d9c15086a173767d311986a7db,2025-11-01T10:51:42.503892+00:00,2025-11-01T10:51:54+00:00,197
1b5d85e628457d79bbc35530e5636d7087d3c66c7a6010a35d3eb530a158f9ab,2025-11-01T10:51:42.654259+00:00,2025-11-01T10:51:54+00:00,197
65712dfc94c0c52aba166291438c5432be4cc9bba4c32634a471a29bbd606838,2025-11-01T10:51:42.775473+00:00,2025-11-01T10:51:54+00:00,197
902596abbd446cc8b95e0eec2b840c711bd9cc03cfc8f5afc970ebaaa69be11d,2025-11-01T10:51:42.896998+00:00,2025-11-01T10:51:54+00:00,197
060f1a5df38a7358a8f048100e447015143bc3de4fa06a4f563d864821931fd8,2025-11-01T10:51:43.015090+00:00,2025-11-01T10:51:54+00:00,197
293d675331be23828d6ef47c43a356a381bc56946accc14642c8bba98a4a38c6,2025-11-01T10:51:43.132141+00:00,2025-11-01T10:51:54+00:00,197
172525431d47908634be71f5c17825c5cc6c4b9832217ed8ec3874eb7e6da9f6,2025-11-01T10:51:43.254972+00:00,2025-11-01T10:51:54+00:00,197
22158463b6c0118ed611e17eaacd634440512b403d7e1d884c89c9b1443ce8b8,2025-11-01T10:51:43.374296+00:00,2025-11-01T10:51:54+00:00,197
7285ddfb2690626aa49da738415cad08be7b071d6a29b3af615891ae20dfad69,2025-11-01T10:51:43.494148+00:00,2025-11-01T10:51:54+00:00,197
0e44aa9f65fc255d3e4ed315e8d513cf57358ae17d73ee3df1892fbccb1a9da1,2025-11-01T10:51:43.610515+00:00,2025-11-01T10:51:54+00:00,197
853139e5a6e60ffb1561add9122bdbb49e7f676b8f1beb623cb3a03da59ac323,2025-11-01T10:51:43.730737+00:00,2025-11-01T10:51:54+00:00,197
267447889f13706fef6369eab6c23be4de7ff96cadb3528a514bebe2f46fb68b,2025-11-01T10:51:43.852258+00:00,2025-11-01T10:51:54+00:00,197
74c612f14837425d977d219453c3e1715b7d6a5b87f295a8ac929380803167c1,2025-11-01T10:51:44.202186+00:00,2025-11-01T10:51:54+00:00,197
a0b3af5bcba14656bf5fb01f9f5db4b5c8911185321f78a00970f466404a5dbf,2025-11-01T10:51:44.322515+00:00,2025-11-01T10:51:54+00:00,197
9da388c1e49f64027590a2044247f32dda2143cdca872c949db577a771213c7d,2025-11-01T10:51:44.481486+00:00,2025-11-01T10:51:54+00:00,197
093b6833e79fdb8245748d2bbd91d083b1174f1032710ea447b81dee742a40af,2025-11-01T10:51:44.601239+00:00,2025-11-01T10:51:54+00:00,197
d02e83ae17b39559c5c8839f149a0edaf75ecfacacce6ffb95b6bc1e3ed1d66c,2025-11-01T10:51:44.720435+00:00,2025-11-01T10:51:54+00:00,197
c2f888da0598693a87bd55ff4fab99098979387443b407262e77b6553df36b82,2025-11-01T10:51:44.839307+00:00,2025-11-01T10:51:54+00:00,197
bc5928f950f48f7c2e1f7941c036890384a71ffe15dda57bc9b09b67ad6c7d50,2025-11-01T10:51:44.960801+00:00,2025-11-01T10:51:54+00:00,197
ee6b7c16a06aaa6112dba35f622e80308184cc2fd7485c46ac6a7d1ccfbbb011,2025-11-01T10:51:45.082196+00:00,2025-11-01T10:51:54+00:00,197
5e6b2e5d0b794fdbc0e4506474321646c1537dfc0a057b288fda0ee29bdab7d9,2025-11-01T10:51:45.211011+00:00,2025-11-01T10:51:54+00:00,197
c55fcb4535ac3bc788b72c6ca33ec9693d640a7d4572e5ff1e1f2eda929f0aeb,2025-11-01T10:51:45.332428+00:00,2025-11-01T10:51:54+00:00,197
13a948cb0a9b05fd5b4d3afd60ed161a82db53544739a6a2796ca4a1d451bfa0,2025-11-01T10:51:45.449997+00:00,2025-11-01T10:51:54+00:00,197
afe4a0d53ef6289297fe24d1fccae5badfd244072c7201e7de97eff47909b903,2025-11-01T10:51:45.567555+00:00,2025-11-01T10:51:54+00:00,197
d268e6d33f0e441a9f3ef47312cdc7d898f527edac305e06f5055e67b40d18f7,2025-11-01T10:51:45.684915+00:00,2025-11-01T10:51:54+00:00,197
e4d165416f8fb6b49f5be248a5331b15625716831ed1874112d22bddfaa809f4,2025-11-01T10:51:45.808784+00:00,2025-11-01T10:51:54+00:00,197
68461a817441f8cdbe555cdfa9fbb3da45e99c65dfdfcdf02c3586c1fcb082fa,2025-11-01T10:51:45.927436+00:00,2025-11-01T10:51:54+00:00,197
c2d450617db06025f74a61e0108f5b78b622c47e30aeeb5f92f06932f4e8e0ad,2025-11-01T10:51:46.049910+00:00,2025-11-01T10:51:54+00:00,197
96f42435231764a65173920a7c3acda91960be7093710dcb583cb186f9f1b6e6,2025-11-01T10:51:46.168753+00:00,2025-11-01T10:51:54+00:00,197
90a394a5f02eab84f6e428c8eac574d1e8395924f8af6f488520b5985b3d878d,2025-11-01T10:51:46.287490+00:00,2025-11-01T10:51:54+00:00,197
844c093dc4bd6ef43efb46a28056729db5941e12b2d283f40916f3ca8eb27ea7,2025-11-01T10:51:46.406765+00:00,2025-11-01T10:51:54+00:00,197
4ad709093e90089fd4b968e4e0383fa67d58b0f635a7dc0ff5868941d6239222,2025-11-01T10:51:46.527552+00:00,2025-11-01T10:51:54+00:00,197
d150596413d511b3f8397ebbe74ae78d37fa0b6443946606a1043ce26b63a146,2025-11-01T10:51:46.647412+00:00,2025-11-01T10:51:54+00:00,197
7384e6953de5bb91314a829f7fee316be3134e0f05d4978ac427ef69d361d038,2025-11-01T10:51:46.765936+00:00,2025-11-01T10:51:54+00:00,197
62272f451d3da73145e6c1bea9942388a6a3d3828663c457fa316d1fe510a31a,2025-11-01T10:51:46.892812+00:00,2025-11-01T10:51:54+00:00,197
100d589e02942b928a90722ddc195c8d9dcf5556970fa65736abfe47ffb6b6f0,2025-11-01T10:51:47.013871+00:00,2025-11-01T10:51:54+00:00,197
2fe61c72d52cf40ef55ac2e878cce72c3c6e03f097566932c2e422d5b8e58b48,2025-11-01T10:51:47.132912+00:00,2025-11-01T10:51:54+00:00,197
22b52f000e0b123dad34e61628e4faaa038c56c5a7caf9b34639859f64bfbc41,2025-11-01T10:51:47.254236+00:00,2025-11-01T10:51:54+00:00,197
7547c964934a1adac777acb7f36408559c327afca24349c78cb380bf67e01337,2025-11-01T10:51:47.381358+00:00,2025-11-01T10:51:54+00:00,197
b7bb08dbdc5eb4fc867a3a1ea2ebd9fb9e4f693b4498b4f911f8fe07dc2b2995,2025-11-01T10:51:47.500349+00:00,2025-11-01T10:51:54+00:00,197
714f37c320cc83e108838199651cb0ccaf0be40af3d3840e6de738d6763c4631,2025-11-01T10:51:47.617648+00:00,2025-11-01T10:51:54+00:00,197
7b925d920ca353db86e8196d959c6370fcda980ed18eb07c9e33fc73e8075440,2025-11-01T10:51:47.740483+00:00,2025-11-01T10:51:54+00:00,197
ecbdedc9d20deb8a92c3f8371b07e35a3eaaac0e36f6ef55bbfde59f9326f4c7,2025-11-01T10:51:47.858485+00:00,2025-11-01T10:51:54+00:00,197
34a2550829b892150b5a12668727740ead19a238e5e0f2e9fa11541c1c3770c5,2025-11-01T10:51:47.987225+00:00,2025-11-01T10:51:54+00:00,197
a84b5c3614d6718bd0886b2e0f830f819d9d781c008d0b82669ce37dbc72f66c,2025-11-01T10:51:48.109508+00:00,2025-11-01T10:51:54+00:00,197
1cd101355db7d9e4fe70c183fd9ed337c6b610df6780ca283491efe7234160e4,2025-11-01T10:51:48.248241+00:00,2025-11-01T10:51:54+00:00,197
5469658635e06416f5c392a6b4857202f724bdd4f3e3dac5b071b098899e5dab,2025-11-01T10:51:48.366731+00:00,2025-11-01T10:51:54+00:00,197
c530d0e843d7fd761e4f38838710f26cab2e2f293ad18aeef68730899bd3b905,2025-11-01T10:51:48.485145+00:00,2025-11-01T10:51:54+00:00,197
7b4a80aa3749eb6f311829e6ca050333d74c6bbcc11fcc0481567321f78e6eed,2025-11-01T10:51:48.608356+00:00,2025-11-01T10:51:54+00:00,197
cee501b74f221ef25080067efbf2c2fac83108695edd6c9136cf8dfa316d7b61,2025-11-01T10:51:48.728317+00:00,2025-11-01T10:51:54+00:00,197
5746ea5d03186db12da8b3d50b96359911babc1db766e46218a5431ec7e5d479,2025-11-01T10:51:48.848193+00:00,2025-11-01T10:51:54+00:00,197
442c7557a00a8a650a2722bf46a215a58ac67dcd4f389729caea61287ddbc8ce,2025-11-01T10:51:48.967713+00:00,2025-11-01T10:51:54+00:00,197
0136854ea00403650069d41a5938681e3c3d5858718aa415b7f81f3ce95156ed,2025-11-01T10:51:49.087916+00:00,2025-11-01T10:51:54+00:00,197
bebad9952c0a91d0c31a79219e21b7783cc776ee07310c1676d0704fec5bb1a5,2025-11-01T10:51:49.420247+00:00,2025-11-01T10:51:54+00:00,197
ec01ee701fca2ba1b5931abcf82fa3787133e3826879cc934b6a971d93321012,2025-11-01T10:51:49.541349+00:00,2025-11-01T10:51:54+00:00,197
252ec561c3958af3fd23b76718b54a9f0736bc5e24c30ab33d61812fe3cc83ed,2025-11-01T10:51:49.668358+00:00,2025-11-01T10:51:54+00:00,197
2487f5a30c4d8e21476915f01dcac0a4db346f19d410848f1d33adc66550974d,2025-11-01T10:51:49.792800+00:00,2025-11-01T10:51:54+00:00,197
003c8af3121ae30a62858e5f773ae6df27a279ded4ce86d6841edee2e501b0c7,2025-11-01T10:51:49.922615+00:00,2025-11-01T10:51:54+00:00,197
e834ac16cd48e0eb7e8db50d0a71a730d3326a85c723f0a137d5ea8c688c2000,2025-11-01T10:51:50.044426+00:00,2025-11-01T10:51:54+00:00,197
303c4708859b41c8cbb8cd4f4bfe1ac722e3dcb70f57e245ab8b10be4a9ccbb4,2025-11-01T10:51:50.170857+00:00,2025-11-01T10:51:59+00:00,198
6610392ebd961c70af1224ad3c1a6410bb89bee7774cd1c2f2758e8931e6e35c,2025-11-01T10:51:50.296904+00:00,2025-11-01T10:51:59+00:00,198
1546452b45ff47ec6e18eec1cbb75abd29e257bb22d1ff842cf90b1c441570ee,2025-11-01T10:51:50.426425+00:00,2025-11-01T10:51:59+00:00,198
9c1c3dd3d197be78f08dc7ae9790a3b5d7c6021d685de69766efaa9c945aad43,2025-11-01T10:51:50.551908+00:00,2025-11-01T10:51:59+00:00,198
88f41b472c362e3b5dd55194c1092cf3c1b277434fefbb748e1482a6c1cd49e6,2025-11-01T10:51:50.679303+00:00,2025-11-01T10:51:59+00:00,198
eb21609714928f736d9e828fd97c34f31c8630968a260b00192ae362f782edc5,2025-11-01T10:51:50.800983+00:00,2025-11-01T10:51:59+00:00,198
b179dd25cc978e446153d890879e7272ef2c36f3064c2bd03e475f3d76c6c524,2025-11-01T10:51:50.934566+00:00,2025-11-01T10:51:59+00:00,198
a72d082fd9cbb4b229742328ce3f3bce6e44a3f228376298c0dff7061a1a7063,2025-11-01T10:51:51.059439+00:00,2025-11-01T10:51:59+00:00,198
e5056b3de169a445b7d15e74bac1f0dce5e274b0c4e68ab670721d6a42cc59c6,2025-11-01T10:51:51.176247+00:00,2025-11-01T10:51:59+00:00,198
b5a91cf60ed4cb1a148471c07d3a0d7538f3103a309fe0aa5ed11404c0fbf053,2025-11-01T10:51:51.296550+00:00,2025-11-01T10:51:59+00:00,198
ea063f3e816298ac494f3f061b68468cb5bf198a5a393dc73dc46086f8c8eacd,2025-11-01T10:51:51.416848+00:00,2025-11-01T10:51:59+00:00,198
90b79e5af2249a3b0743b538d66e5ce0842343f2272167f4f94b7abdc1c5ee1a,2025-11-01T10:51:51.546225+00:00,2025-11-01T10:51:59+00:00,198
1b9f41f08037a20bf499ea561f55cb3915087ddbb33e08993e3b92c6620ba731,2025-11-01T10:51:51.674279+00:00,2025-11-01T10:51:59+00:00,198
6f1799809c7a8187527b1cf3ad1011d380e7930a84ed2e88bb2262f2947b842e,2025-11-01T10:51:51.800088+00:00,2025-11-01T10:51:59+00:00,198
3cea5430accc4874124db1cc58934912eedda3bef33ac9eea9183891b880ee83,2025-11-01T10:51:51.934553+00:00,2025-11-01T10:51:59+00:00,198
6adfb1ec0fad864e4d483619ed74d99dad21491d5e6eb73c483b733f10aefd8f,2025-11-01T10:51:52.060333+00:00,2025-11-01T10:51:59+00:00,198
7a256968cd16c8ab403b794e1be120ef84ee5d4c0793c53a83c1d9ef5125ac7c,2025-11-01T10:51:52.184743+00:00,2025-11-01T10:51:59+00:00,198
8a4231b987ee5e3d7f6ebaae74ac992cc9874379df5d2d1e98a73260aa1a98b9,2025-11-01T10:51:52.310068+00:00,2025-11-01T10:51:59+00:00,198
ad13ee964a79e23b1cf48ab88e73c9281fd7541638375aafe83b4dc4fe80059f,2025-11-01T10:51:52.440994+00:00,2025-11-01T10:51:59+00:00,198
3508a0b53b865c9d4cc26d2fcc1bae7a6f4130c48e654fba39b7369761010ab4,2025-11-01T10:51:52.568316+00:00,2025-11-01T10:51:59+00:00,198
5fbabd7628720399b3df628cad7a96dc6556a0b0e60ec2082bf314c0e4180aed,2025-11-01T10:51:52.692736+00:00,2025-11-01T10:51:59+00:00,198
5596837d7f97ca7034917293b22159b9b7ba04622070b9b0c981ea2739452b0f,2025-11-01T10:51:52.811298+00:00,2025-11-01T10:51:59+00:00,198
a1bea27ed6d0018b20db8931b9290f1b43cd6ba3bcc674f7dfadd381be01b954,2025-11-01T10:51:52.935958+00:00,2025-11-01T10:51:59+00:00,198
f04004038e3c0799ece44fbb5be4d70b296153a5b91c3c01479c5219b132c00b,2025-11-01T10:51:53.062020+00:00,2025-11-01T10:51:59+00:00,198
a3181b8d06dd0a8ff28e446c520a45ed711dad9095050d0e016cea30eab77618,2025-11-01T10:51:53.188794+00:00,2025-11-01T10:51:59+00:00,198
bf9465fe817e7eb5dd81700f7ebc52369c6147fca1fcb2e85be508f4c6bee521,2025-11-01T10:51:53.314598+00:00,2025-11-01T10:51:59+00:00,198
4adc5eb4cb73e67f08e83a2efd896dc23a042bcf0362bd3632efce966dcdafad,2025-11-01T10:51:53.436162+00:00,2025-11-01T10:51:59+00:00,198
94e34d626c19f4916d6c992f0860411335a717c500478e3519d5d75066aea8a8,2025-11-01T10:51:53.566641+00:00,2025-11-01T10:51:59+00:00,198
4204cb58681a51ab3bc550eda06430a3c4a4a4fedb1389b69a06bf97eaadc2d7,2025-11-01T10:51:53.688008+00:00,2025-11-01T10:51:59+00:00,198
47d8d1c7a80ab463a6ae1fa3df8a96f9a782fdf0a1764db491b13de03c283956,2025-11-01T10:51:53.809529+00:00,2025-11-01T10:51:59+00:00,198
faae814ab3f0cfe0213ee88cce810b641c130a518508243b8ac82cba8a399dff,2025-11-01T10:51:53.933628+00:00,2025-11-01T10:51:59+00:00,198
92e764de1fc2a26a8a9e4089f2afb5ee1e603a80e83947953f2572f376a6de86,2025-11-01T10:51:54.061651+00:00,2025-11-01T10:51:59+00:00,198
bb6b6ddf3867a542976da712a615f43333622f75c3cf560a3ec38de3ee0b8657,2025-11-01T10:51:54.184376+00:00,2025-11-01T10:51:59+00:00,198
d73ff7c2f647308e077762a0d3c4f88786febf7883ebbb135723ae6ba18396a5,2025-11-01T10:51:54.306599+00:00,2025-11-01T10:51:59+00:00,198
cc3e29a03c51cfbc4921e52df274685034fdb5079e1aeb005103140ea8691dad,2025-11-01T10:51:54.664068+00:00,2025-11-01T10:51:59+00:00,198
502514cd3ce1516848d2c3354b9e8bed2ee9df55bacf8d6acaaf12bce8f74a05,2025-11-01T10:51:54.783102+00:00,2025-11-01T10:51:59+00:00,198
d494491502202c54a9d14fc12e86b73065e4ee445203cdfa872cebead56a0664,2025-11-01T10:51:54.901139+00:00,2025-11-01T10:51:59+00:00,198
8572bd65fef191328488482b98f89385acee00c065296925ea65577360e1bfe6,2025-11-01T10:51:55.020966+00:00,2025-11-01T10:51:59+00:00,198
a279e9a0ca8b5e116bd34b85531fe21572f54fe294f10ec0a911b7acfae4649a,2025-11-01T10:51:55.141423+00:00,2025-11-01T10:51:59+00:00,198
79d47cb0b674deb241d429a9484ee7af2c44518f7bed0998035a019bda1d4e90,2025-11-01T10:51:55.258592+00:00,2025-11-01T10:51:59+00:00,198
e73a0cd950bb767a14447a2c542507ba837006fc603a64f514a9cf84b54e226a,2025-11-01T10:51:55.373955+00:00,2025-11-01T10:51:59+00:00,198
697042187f058013f6e2430cfa3390890bfdf8e0cc278b85c594783185e7ee0a,2025-11-01T10:51:55.496499+00:00,2025-11-01T10:51:59+00:00,198
731a6846ab03d001bd8a9dcbe83d393c5edcbbb555a50d5cbd8b282b6d47ee94,2025-11-01T10:51:55.622040+00:00,2025-11-01T10:51:59+00:00,198
88e1ab35b08e6b35a3f497416ea1004aa46b4b29c2f36e85f5d21ab4b376c6fb,2025-11-01T10:51:55.744217+00:00,2025-11-01T10:51:59+00:00,198
48505096e542ac7e0a751544765cda2fbd88b3a2aad505709048e2d1b6bdfe6c,2025-11-01T10:51:55.867784+00:00,2025-11-01T10:51:59+00:00,198
aad3c7772d5e43042b297c0591cda0a6f0865a8c5acf239396aa22364edb7894,2025-11-01T10:51:55.995424+00:00,2025-11-01T10:51:59+00:00,198
46d613e5f337ca5f555f8edd1c554f283332f15fcf160c84b4d1329917511d13,2025-11-01T10:51:56.120350+00:00,2025-11-01T10:51:59+00:00,198
1c6e582f664540d920ab9f0472168c4fc319a661d74fdf255ab90d201eb02478,2025-11-01T10:51:56.244273+00:00,2025-11-01T10:51:59+00:00,198
eeb5a2b51e594259829dfd295ac537780b17a29dcf8e7be47c4115ca4675de6f,2025-11-01T10:51:56.372575+00:00,2025-11-01T10:51:59+00:00,198
39f36e74636652f1875e23cfb6c91b5b44747e9cc16192c175ec87f0489e3986,2025-11-01T10:51:56.501539+00:00,2025-11-01T10:51:59+00:00,198
9d597d1ccaba51adb3e8cc6260a56071c5e1b309ca8ffe4236164486392fee74,2025-11-01T10:51:56.624719+00:00,2025-11-01T10:51:59+00:00,198
9bdd0bfb07bd5d83e43c00c8c4dbda76548873d1ce73ace96c5c8b837c78dd53,2025-11-01T10:51:56.746148+00:00,2025-11-01T10:51:59+00:00,198
6ab79e0d6471f34a9e7c2baf082a25e80df4139d3abdd1a0a163f88b71c27f3a,2025-11-01T10:51:56.871438+00:00,2025-11-01T10:51:59+00:00,198
d146bec664e4364b31c35f5e0e8c509e5513510c41ff4413abbcd3b4b1c7f7d8,2025-11-01T10:51:56.992879+00:00,2025-11-01T10:51:59+00:00,198
6dbc9843b879f422b40633e0eac62014b36f04e9f031a74c5b8580fcb0c9376f,2025-11-01T10:51:57.117514+00:00,2025-11-01T10:51:59+00:00,198
df8c2c30fa30a1b7257ae1d91fade8ce3e78d7a39ef7b095af6aca8e6d84c4d6,2025-11-01T10:51:57.240460+00:00,2025-11-01T10:51:59+00:00,198
dbd2d0927c431f1ae9231a7b8e2c2dcf88de73fcdbcdf085119cd2e6f12ace05,2025-11-01T10:51:57.371818+00:00,2025-11-01T10:52:05+00:00,199
6e6ef8e98fc50dd397cd328b60cd6a295264e4da9ce6e2c7fc8ecf2c3cdbe113,2025-11-01T10:51:57.493217+00:00,2025-11-01T10:52:05+00:00,199
0effa7bf7826bcad34e20cee4e2d7f867daec42a980cdea210c2e5573287b88b,2025-11-01T10:51:57.618033+00:00,2025-11-01T10:52:05+00:00,199
c36037007ea90548cdd64b439c8952870577e7f9b610c0f9dc5d0e0e8afe7d7b,2025-11-01T10:51:57.742545+00:00,2025-11-01T10:52:05+00:00,199
2189f9c11436528bccf00ef6dbb7f4a20b538547d995bffa445cd9067271ff85,2025-11-01T10:51:57.867059+00:00,2025-11-01T10:52:05+00:00,199
bdf92da995e6cf1ef609935adf2a8f11d9cd36383226d31d403b425e72ce894f,2025-11-01T10:51:57.991044+00:00,2025-11-01T10:52:05+00:00,199
a95f3a3e8799e88d71d42bdeb71332ee9a03f532ca8a6085326af944eeb10ee0,2025-11-01T10:51:58.114976+00:00,2025-11-01T10:52:05+00:00,199
5e1823bd2ebc09ecaf4d368871ecf8052def97c0d253d6c8994ec140fa72175e,2025-11-01T10:51:58.236872+00:00,2025-11-01T10:52:05+00:00,199
a954fbdcc4aa178dc72c7ad2c36d0cd26f1a5c5f28d4518161a8ee1c31b14af1,2025-11-01T10:51:58.362533+00:00,2025-11-01T10:52:05+00:00,199
24f8c95213849208c2ef7d51301f5a996d2c06c9d2b7d87cefd5f92d8f882cbb,2025-11-01T10:51:58.482520+00:00,2025-11-01T10:52:05+00:00,199
ca1c98d1683dada652ff665974f6d36e4dccbf589639ebe39adb8eb3dde572e6,2025-11-01T10:51:58.605484+00:00,2025-11-01T10:52:05+00:00,199
07f5b60a2a4b61f3eedb02c36e2ebb1de4dddb8e2608290ca7daa54a3d8f5027,2025-11-01T10:51:58.728079+00:00,2025-11-01T10:52:05+00:00,199
9b689fb18d3a177099f8970904a0bf5bc729d446b83ed5d973c3a2ea5b0ba7ef,2025-11-01T10:51:58.856753+00:00,2025-11-01T10:52:05+00:00,199
16d8a88433dc0db7c9511b58015c25ac14081241d19f88c702f65c4e9a4db5e2,2025-11-01T10:51:58.978686+00:00,2025-11-01T10:52:05+00:00,199
aeba38986393e66140d92fad10ac969ec3e844b7a0651c09de19ec2942ddb66c,2025-11-01T10:51:59.100911+00:00,2025-11-01T10:52:05+00:00,199
f0d5f7f43abeb810ebdea357ef5d4a5f0f245a89fcf60c866855cd69748e78b4,2025-11-01T10:51:59.224117+00:00,2025-11-01T10:52:05+00:00,199
2224f347337ecdbb6e1ef6f2170d7ad65c304eee29b9748eca3a1ccd758c1009,2025-11-01T10:51:59.350955+00:00,2025-11-01T10:52:05+00:00,199
98b9efb50bd083f357036f2ac2f14181b7bbeefd31d1b14e4d1c4f489f0996ae,2025-11-01T10:51:59.477039+00:00,2025-11-01T10:52:05+00:00,199
f531e97c2372c418651a6f86148ab5d0a4dc15a7492e00420b8a39b53c243fc9,2025-11-01T10:51:59.612488+00:00,2025-11-01T10:52:05+00:00,199
75753480beb37c96ee94cf5f55a487b0a15e96c713694d0e25f6b5ca799a765d,2025-11-01T10:51:59.942588+00:00,2025-11-01T10:52:05+00:00,199
862ace77a4dea89906e268eba118e129bcd99408661d4a6d18d794d878c3e1f2,2025-11-01T10:52:00.059932+00:00,2025-11-01T10:52:05+00:00,199
f87593b9058f491bd651a1c59cde2b57e5656dd000f2a50fb5ccdbdeb87ba02a,2025-11-01T10:52:00.185476+00:00,2025-11-01T10:52:05+00:00,199
b72521c9c33bdb2a72df575ec54fe3d7adf3dfe41121602291c6110b1754b2b6,2025-11-01T10:52:00.304091+00:00,2025-11-01T10:52:05+00:00,199
d892a5c3258b4c358fb3a39ccff6ce4d85a1f7facbedb6690b97047ac8eacbf6,2025-11-01T10:52:00.423140+00:00,2025-11-01T10:52:05+00:00,199
12fefd9cc5eb7d0504e9961c8e0928f9433e2834296761f248aace481436d825,2025-11-01T10:52:00.547987+00:00,2025-11-01T10:52:05+00:00,199
a6d29d6f24345eb1b4532a6be20b011d6cbde5843eb5dd9c50ea6ed95503951c,2025-11-01T10:52:00.667941+00:00,2025-11-01T10:52:05+00:00,199
9f223560d6ca01764e0d412ee9d428efb0836474b1d0ec8dcebaaece895474d6,2025-11-01T10:52:00.792581+00:00,2025-11-01T10:52:05+00:00,199
ccf44f9a516e392c2305eff4a264b5a00a2e7ddc5c276ee214c9388737738d7c,2025-11-01T10:52:00.913364+00:00,2025-11-01T10:52:05+00:00,199
c8b3b33b698ff7539340039bd0914cb9d5f4d93e26ac4b6831af2cf6c3abcd62,2025-11-01T10:52:01.041336+00:00,2025-11-01T10:52:05+00:00,199
1056afe32cb615bc9854c131b072407e6820298757c556c15e21c97d7ad162cd,2025-11-01T10:52:01.160562+00:00,2025-11-01T10:52:05+00:00,199
93e70782be594f3598eb6f77c8b2e9f799a3bd5b62d104a3ad12057b5aca4461,2025-11-01T10:52:01.283039+00:00,2025-11-01T10:52:05+00:00,199
712cf3df423517b73efaeffd80be338dc6253adc141b992ca4138237a596fa22,2025-11-01T10:52:01.403473+00:00,2025-11-01T10:52:10+00:00,200
583ce61a8159703879633a9c674691751c188fd59431c8f3aba9284a83ce3a32,2025-11-01T10:52:01.524349+00:00,2025-11-01T10:52:10+00:00,200
8072200b014a98eeb55f5ac1efaf565e8128c625c3bde590ffa21452e68712d4,2025-11-01T10:52:01.642692+00:00,2025-11-01T10:52:10+00:00,200
a2b55f3b9186547d7a0e63746416c9ef2fe3305895edcd2d0ec13ead02b12922,2025-11-01T10:52:01.765004+00:00,2025-11-01T10:52:15+00:00,201
b9b5dfa8d71283d8e6bcfa5f0408528c28e6ea9f2f23dcf7b636213a8409603a,2025-11-01T10:52:01.893944+00:00,2025-11-01T10:52:15+00:00,201
1165e8fef729d36db10389319397c92a65f82883246aaef40ed055a9f592c4cf,2025-11-01T10:52:02.015896+00:00,2025-11-01T10:52:15+00:00,201
ccf109748b534de38636b70443542c29eb853523c343cc80873fe02baf67d545,2025-11-01T10:52:02.144096+00:00,2025-11-01T10:52:15+00:00,201
d01587ffd56e1cfdf4fd2f2372f0cc1e57fa8755cdcf9c429624ea4e0fd5739c,2025-11-01T10:52:02.264248+00:00,2025-11-01T10:52:15+00:00,201
8849e239c5762c1b269d73367c13423ee33949b7d833b9e6d1b7660632eb4770,2025-11-01T10:52:02.391875+00:00,2025-11-01T10:52:15+00:00,201
16f74f3f523716940a270448040070a61bd741cae6b49f2255b40362afa2f9f0,2025-11-01T10:52:02.514261+00:00,2025-11-01T10:52:15+00:00,201
f40fc0ebc5aa31b01d93446f119e5f7ce40c2ff35a46afc00dc62227e23bd544,2025-11-01T10:52:02.639013+00:00,2025-11-01T10:52:15+00:00,201
3ce527e292b80c9bb3508af9ac393b1f8975077f6938ce35db41008976342ebb,2025-11-01T10:52:02.762040+00:00,2025-11-01T10:52:15+00:00,201
ed1122485d7c30ec4cf02e115093490954b8b89a8cb6dec950d6d0a9ddf47bfc,2025-11-01T10:52:02.888618+00:00,2025-11-01T10:52:15+00:00,201
9aaeff9139be00ee08b3ed09be5b00ef6de8f7212a16d8084f05062fc7b602a5,2025-11-01T10:52:03.013942+00:00,2025-11-01T10:52:15+00:00,201
0ef8d92b4dc85c922f623b6b8ff3f9d1ae2a42dcef4fec24dd63645818e5ee05,2025-11-01T10:52:03.144045+00:00,2025-11-01T10:52:15+00:00,201
dc50f174af029696824bae6c7f84ad0278485230b62f9ca2d4d81afc4eecec99,2025-11-01T10:52:03.266782+00:00,2025-11-01T10:52:15+00:00,201
5757c3b71295680c94ceac3588fa2a601a14d3e96a7461d9e6a290c0530f379e,2025-11-01T10:52:03.397907+00:00,2025-11-01T10:52:15+00:00,201
cc84b93d9eaea6171ddcfeca766fedf38f7b80ee78661432ea0d24230dab20a8,2025-11-01T10:52:03.518566+00:00,2025-11-01T10:52:15+00:00,201
ac580fa7fe3e9f4e32657bea7d59017071927469057d1550563befe3ba991181,2025-11-01T10:52:03.643523+00:00,2025-11-01T10:52:15+00:00,201
73c3d85cfe0270e71c89fcf5fbe8d4ab736119e9a859d2241d610ae4600cd701,2025-11-01T10:52:03.769016+00:00,2025-11-01T10:52:15+00:00,201
a068c2427df318673eee771c8c08829c4e1be2d7f52c139caea02ce4136e1863,2025-11-01T10:52:03.889734+00:00,2025-11-01T10:52:15+00:00,201
08b754c2295804541f2c04243f616649d04aace6231545e0e3a269f849181965,2025-11-01T10:52:04.013017+00:00,2025-11-01T10:52:15+00:00,201
d4b123df9b8a6e10446a3f15b12abc1714f4d16b73652d3dc40ad7ebd5f18618,2025-11-01T10:52:04.138926+00:00,2025-11-01T10:52:15+00:00,201
5a04f3e4ddd4239b73743ccf8e233d35df1d02535a9cf4402658d27ed01cc7c9,2025-11-01T10:52:04.267068+00:00,2025-11-01T10:52:15+00:00,201
5a014e8d9dbb9037bbb258fbecf16b1d8e22afd8fc928f574aaa15f32dad9802,2025-11-01T10:52:04.393276+00:00,2025-11-01T10:52:15+00:00,201
c4a79cad5136d9ca281a53b80518e91f2d109a52ec0599de099ff8ef1a2c1409,2025-11-01T10:52:04.521509+00:00,2025-11-01T10:52:15+00:00,201
31f2eb7a101854e760fe21c5b2b624d760fd4c940ef1d51395f78e2b9c8b633b,2025-11-01T10:52:04.653035+00:00,2025-11-01T10:52:15+00:00,201
e600a5a3f83e3b9ab3324914e58d30712e8d5bbb9ad7990ca2202942af467cb9,2025-11-01T10:52:04.775089+00:00,2025-11-01T10:52:15+00:00,201
532eb1af26b7bf32b82e6d7d6ce147d48951eabb52cc34200873a82650c54ee1,2025-11-01T10:52:04.902149+00:00,2025-11-01T10:52:15+00:00,201
00e0490dddd17bc0047e3e6223efa09acc450f5949412a1cd29ea92b463d4059,2025-11-01T10:52:05.226513+00:00,2025-11-01T10:52:15+00:00,201
e23d2e918bd1ee023db67a3b9ebf932f895ed56ba66edaa167d32c0bd783ecec,2025-11-01T10:52:05.346387+00:00,2025-11-01T10:52:15+00:00,201
30ed03138e32f9f1c1567fc8cbd02a54b706403e5f191e19ee5f4d79362a09c2,2025-11-01T10:52:05.467898+00:00,2025-11-01T10:52:15+00:00,201
9a9b0902773eb8673a222a28a053a976a498d08b853873966bed2bef4b7df51e,2025-11-01T10:52:05.590951+00:00,2025-11-01T10:52:15+00:00,201
8b38a66d6e99b1d7557606490447594f21a8c07e07c784425efd992756d692ea,2025-11-01T10:52:05.712877+00:00,2025-11-01T10:52:15+00:00,201
adea44d38460dfd6571ea6493918193260d33d5af2096d07fa54da4627deea9e,2025-11-01T10:52:05.834607+00:00,2025-11-01T10:52:15+00:00,201
5e9d9d47c60a8a592ffe14bafed853085cb2a6fb64e7fde5bfc472ca1685948e,2025-11-01T10:52:05.959781+00:00,2025-11-01T10:52:15+00:00,201
5bd30a661df28a6df6e25bed971395c819697e085649ec2838e468ec63ed1ff8,2025-11-01T10:52:06.079870+00:00,2025-11-01T10:52:15+00:00,201
096345fc26a4ea4333df0025dbc0857f24aaae6c3c9eaff1eaec029da17054a3,2025-11-01T10:52:06.205142+00:00,2025-11-01T10:52:15+00:00,201
b16f2a481a96e43b405f3a7ab85bf144e20197dea6acf2a227037aa35409e8b3,2025-11-01T10:52:06.330561+00:00,2025-11-01T10:52:15+00:00,201
2bb16d55ae2ae5a1dff8f1ec91d268aef44205e873f37e6cf86ed2d93a800a50,2025-11-01T10:52:06.455630+00:00,2025-11-01T10:52:15+00:00,201
0a084e06f8e65fc832db5b7f10045fb678f0dd32b6fa2c09b44f9e5d8c559c35,2025-11-01T10:52:06.580451+00:00,2025-11-01T10:52:15+00:00,201
b751659f6e820251df7f466409beb0c30e6ba1c5c0e92034653547b8c02366f9,2025-11-01T10:52:06.708096+00:00,2025-11-01T10:52:15+00:00,201
a77821714ecd006d4b569ea543c9576573c4b41d557fa8abec27ae52737c54d4,2025-11-01T10:52:06.835179+00:00,2025-11-01T10:52:15+00:00,201
044ca9b7762913089da16a7341a4ba2472e638e5d9c44d03e5a8913c9c92f726,2025-11-01T10:52:06.965651+00:00,2025-11-01T10:52:15+00:00,201
c218eebcc91251ec039fa60b8ca39329eae750763648eeee27032b14aa7b146c,2025-11-01T10:52:07.090934+00:00,2025-11-01T10:52:15+00:00,201
1570948bc954d2a85de2baf584d7513c3e7f1e8dae26ead60b3503cdec8250f5,2025-11-01T10:52:07.210453+00:00,2025-11-01T10:52:15+00:00,201
1dd02029b63bb545082d08d5c01d23b7f068232ebd0d7d5356b2674caee72dec,2025-11-01T10:52:07.339601+00:00,2025-11-01T10:52:15+00:00,201
9f6870b00549bba793259b6f20c12df0ed46aedc8d9b96f8e1332259edb1ddc6,2025-11-01T10:52:07.463181+00:00,2025-11-01T10:52:15+00:00,201
9d76c34885b9d2cbd4a89bc74107aeedace16c241970ca3a22912bec36e06e2d,2025-11-01T10:52:07.581750+00:00,2025-11-01T10:52:15+00:00,201
bbe3425f9aade23d69f1c5f0044b3faf7dff327c8d61d7a9a78399182cd11434,2025-11-01T10:52:07.702286+00:00,2025-11-01T10:52:15+00:00,201
4094b921bca8b6cc268df4f9a933ee25e21c922ef0a2ebc05985dbf66d6aee08,2025-11-01T10:52:07.822169+00:00,2025-11-01T10:52:15+00:00,201
2298ef528c7478393e128b81ed8ca7317c30f3d0fd15e7b8154dc8a0ad99d55f,2025-11-01T10:52:07.942248+00:00,2025-11-01T10:52:15+00:00,201
91aef8f4ba063e16961f7205b12fd66530abeff704a5042ea9496e10f709dab2,2025-11-01T10:52:08.062507+00:00,2025-11-01T10:52:15+00:00,201
c86f56d377d8db6409d2e0b3bc5b046dc6ff0676e780bb37be02ecfef8d56450,2025-11-01T10:52:08.188615+00:00,2025-11-01T10:52:15+00:00,201
336fb8e7b82a66b20808053a5f57b5485ac9b2cf3aeb82b9d58c892923a5370d,2025-11-01T10:52:08.315536+00:00,2025-11-01T10:52:15+00:00,201
7e59977b75d4ac27f3b7ded873890d3a08ec666a70d69c7ff9da1abbcd4d7e54,2025-11-01T10:52:08.442348+00:00,2025-11-01T10:52:20+00:00,202
5708978807399d2d7822158a19ed438cbdab705af70f841f50dbf7c449c8dfe8,2025-11-01T10:52:08.565532+00:00,2025-11-01T10:52:15+00:00,201
9df34df16c6eb5568f1e1dfad2d4f69385edd9e717d9649068e7dc8230769915,2025-11-01T10:52:08.688298+00:00,2025-11-01T10:52:15+00:00,201
ffeed2b347c3e59227a09d8913ac65468a22e6f040e711de4484ef82cbcdc75b,2025-11-01T10:52:08.812137+00:00,2025-11-01T10:52:15+00:00,201
de4c1028de581359d31e1a745283699a7fcaf46ccc712d03027cc81ad840ebc5,2025-11-01T10:52:08.937067+00:00,2025-11-01T10:52:15+00:00,201
82f6e14588a2cc915501cbca9cbb31a88b0793103d8540a02c00fc4a1c231e7d,2025-11-01T10:52:09.061027+00:00,2025-11-01T10:52:20+00:00,202
3b8a1ab11cd6a90865cc4d5a5c688e9e21c8d3063a30fd4bffb575d49b97eeda,2025-11-01T10:52:09.183758+00:00,2025-11-01T10:52:15+00:00,201
96610280be8532d731ca97dd6142f38f2411590af05e0a14dfc830db976dde72,2025-11-01T10:52:09.309640+00:00,2025-11-01T10:52:20+00:00,202
e58d1605cabedcf13e74dcb6d4f396f06719c2454c26f102a1d43e5bfe3fa281,2025-11-01T10:52:09.441870+00:00,2025-11-01T10:52:15+00:00,201
2bf4f35e75b55c89191cc5820a7e35abe9b181909bbc0ad4064305d3bb534742,2025-11-01T10:52:09.566498+00:00,2025-11-01T10:52:15+00:00,201
98431502efe1db35d6cbdd7521b6dd28379f90439b78a77c9c6b86866d7e0661,2025-11-01T10:52:09.688881+00:00,2025-11-01T10:52:15+00:00,201
7e683855457f3ac890455e47c0c75de50afa3ac30bd6dc87e5722c4e80e34cd2,2025-11-01T10:52:09.825944+00:00,2025-11-01T10:52:15+00:00,201
67c9794336d094d3e31e2b6a3e84d98d5b3cf0ba984920ce562624ae2dd785f7,2025-11-01T10:52:09.949216+00:00,2025-11-01T10:52:15+00:00,201
c8b08419f62547a79f579141f4ec147ab2bace8df69c354e60b45a1d55f3e37b,2025-11-01T10:52:10.072020+00:00,2025-11-01T10:52:15+00:00,201
44a9c41bad769e539fe223c7725d4ea2fad126ebcb7208702cea3645fcd71cc3,2025-11-01T10:52:10.193047+00:00,2025-11-01T10:52:15+00:00,201
1a1733d308020491fa0b6a6ae673ce8899c800c9495668eecec257a8fa872751,2025-11-01T10:52:10.533633+00:00,2025-11-01T10:52:15+00:00,201
48505f405f7ea3a955c2547b1442f3f6e6ca777c6ce37a73778211c174d9625d,2025-11-01T10:52:10.656638+00:00,2025-11-01T10:52:15+00:00,201
007e536c8e9bbb718995ad38a5a6edd324be965bd67a502345a4d88ff9842769,2025-11-01T10:52:10.785918+00:00,2025-11-01T10:52:20+00:00,202
e917f8e0f5ee7497d8b281e8c05c01a7ed37b2ebe00dbb713f1e17b7bb2f91db,2025-11-01T10:52:10.908195+00:00,2025-11-01T10:52:15+00:00,201
bf1825594a40830c581cddc1fe20f87a5d36f903ae667d3f1326936340cef5a3,2025-11-01T10:52:11.038438+00:00,2025-11-01T10:52:15+00:00,201
0374cde0a81f01a320d601e4bba90487127cffce7685cf5f14ad650bcdc1e6ad,2025-11-01T10:52:11.160606+00:00,2025-11-01T10:52:15+00:00,201
15817263f3606feb83102addade77109dbacc83add497c6e319c1b13cf3225cb,2025-11-01T10:52:11.285094+00:00,2025-11-01T10:52:15+00:00,201
9dda831e8f5251e5f6db01c45d3686a114a908da1e7dff440b026ccd30f0c457,2025-11-01T10:52:11.408246+00:00,2025-11-01T10:52:15+00:00,201
6d7cbe93d5c439702683da5fd18b44df08ea74bde5d144ec07aefdbb7f82bdaa,2025-11-01T10:52:11.535588+00:00,2025-11-01T10:52:15+00:00,201
fa9361efad278af7279a3f406392c16410f6924d0d49d4b0392dddc2184f35b6,2025-11-01T10:52:11.662907+00:00,2025-11-01T10:52:15+00:00,201
12bdbed245efc9843976b033a7702c86d68d3cbc5db534dc7f3e42ce6050c418,2025-11-01T10:52:11.788795+00:00,2025-11-01T10:52:15+00:00,201
acaddc2b1666cb7de18d6e163c56340862debb63b21a25e3a4909577706059fd,2025-11-01T10:52:11.915561+00:00,2025-11-01T10:52:15+00:00,201
db79b00c2d0bf1b3890bb7f55e9a3c15c9d1150db8571933434e4c9310587d98,2025-11-01T10:52:12.043425+00:00,2025-11-01T10:52:20+00:00,202
e1e1438c372b02a20d5229b0479df54aa4c387662b541f56c0a47d644e101ddb,2025-11-01T10:52:12.171539+00:00,2025-11-01T10:52:15+00:00,201
10ba1c0f370b4b082d449be698a692786ed0a482df7971a1bb8a4900e2408df3,2025-11-01T10:52:12.299695+00:00,2025-11-01T10:52:20+00:00,202
019a63c8bc43ea65252e83c89c10ef805a59d533235e779dc17ebd6121006ced,2025-11-01T10:52:12.425561+00:00,2025-11-01T10:52:15+00:00,201
c8a06136f64c7e09094be7bfbd2be1de3e0dd4e2865c86e2255aed3be7401cc9,2025-11-01T10:52:12.555584+00:00,2025-11-01T10:52:15+00:00,201
9f7c222760072ab6ce1b8da02d8d1fbdeef29d02a403ba9ee00ec895d737f4de,2025-11-01T10:52:12.687040+00:00,2025-11-01T10:52:15+00:00,201
ab42c1086e8e8b632b6d7506e17046481f52e89589e4a860109793aaef6a0b16,2025-11-01T10:52:12.811647+00:00,2025-11-01T10:52:20+00:00,202
b5cbb43c8f83a05f26afa7a3e2a2bd88553f67177b201a0e090ec362da6eb15b,2025-11-01T10:52:12.934948+00:00,2025-11-01T10:52:20+00:00,202
4523fedfc09fef62e601207a6f5a82e914c99809543958a91f98c0da439998dc,2025-11-01T10:52:13.055595+00:00,2025-11-01T10:52:15+00:00,201
55d8230539c599cc0125d04cd211d475038f10ec83a4f34665defe768d0597b7,2025-11-01T10:52:13.179449+00:00,2025-11-01T10:52:15+00:00,201
bc8bb4fedb73e99e127fc9ac50bc95da0ad4c9c8639185c76b80f17bdd786289,2025-11-01T10:52:13.305870+00:00,2025-11-01T10:52:20+00:00,202
0af55a102a26bde2c109e1ee4b97c22ad1dd8c2697af4f07792e286b8cf0740a,2025-11-01T10:52:13.428331+00:00,2025-11-01T10:52:20+00:00,202
b52400dadaea7cba42fc5d92b74c6af559d45503513351d40e7386d901fd1a1d,2025-11-01T10:52:13.545703+00:00,2025-11-01T10:52:20+00:00,202
14519da0f10542bfff5bd177454d6cc00f65fb32033909978c61bf63e25c0b05,2025-11-01T10:52:13.666635+00:00,2025-11-01T10:52:20+00:00,202
7723913c69c9a0e00b1a2b21f873314a9e647eb9c868631fe675d483f5b6c1ef,2025-11-01T10:52:13.788649+00:00,2025-11-01T10:52:20+00:00,202
8cc5bfb0ebc1f993af5a588c6f8a6d7646527b0f015f7344d4558897b75d13f4,2025-11-01T10:52:13.909955+00:00,2025-11-01T10:52:20+00:00,202
d1b98db1b2b238ac0df129e22eddef524da809de947f11a55acd35b802f5ee1c,2025-11-01T10:52:14.034007+00:00,2025-11-01T10:52:20+00:00,202
96c1790f445264a009c8a2ebc18c9897ca5f96a54903e7f8b74bcfc0e6de5b0d,2025-11-01T10:52:14.155197+00:00,2025-11-01T10:52:20+00:00,202
bf0b1ed48e6d932642ac824176d8e9f510399e6af76dfa5a18d4d127d945e82a,2025-11-01T10:52:14.272672+00:00,2025-11-01T10:52:20+00:00,202
cde4fe722b02228aecfacd6601cfca896e869231d620c8177c838ff8bd6d7b32,2025-11-01T10:52:14.395588+00:00,2025-11-01T10:52:20+00:00,202
cb99797d4f4be4b2f04c85d131fd39510b7faa4df7a129650623843d0cc97541,2025-11-01T10:52:14.518308+00:00,2025-11-01T10:52:20+00:00,202
fb062116654237474e7a95908bfd765b31066e971c3b20df1c638e93e02998d5,2025-11-01T10:52:14.641714+00:00,2025-11-01T10:52:20+00:00,202
de9a59530f9d67b5b6fbe5074c25de6ead92ab6fb2c5fc4fc8daa598df1d1ec8,2025-11-01T10:52:14.760173+00:00,2025-11-01T10:52:20+00:00,202
931c8ff8bbdde5cf63e0fcf73622c31b250d2bd9b11f7ef0fffb1aed27d27035,2025-11-01T10:52:14.876683+00:00,2025-11-01T10:52:20+00:00,202
59a2d6180d797777ca9e93626b9c906b4ff59da07c871a6b7b7f824afc35c858,2025-11-01T10:52:15.002893+00:00,2025-11-01T10:52:20+00:00,202
0d0bfb12a7e967dc3db7967c0c913e7ca72986368be74f30cff07a6d4a7b092c,2025-11-01T10:52:15.127508+00:00,2025-11-01T10:52:20+00:00,202
e2412b47cea6c5399793f763968a3cf3d4f8d3f6489f6790124672daf448e0f3,2025-11-01T10:52:15.248830+00:00,2025-11-01T10:52:20+00:00,202
c0ec47215948ae3ba4d6a520fe135cc553b8bbe9cc87aff39ca46da8eb044bea,2025-11-01T10:52:15.370175+00:00,2025-11-01T10:52:20+00:00,202
d9705ded8509183bb13072e8da0140917768da0eb386704e3dccb3d1bdd8f651,2025-11-01T10:52:15.488797+00:00,2025-11-01T10:52:20+00:00,202
b7d77c5bbb11764e6b02e949d4b87e10318ba79d4c89588af1a23108aa1b9ac5,2025-11-01T10:52:15.854167+00:00,2025-11-01T10:52:20+00:00,202
507e18e5ce591357638a34542b8549c7b221c497250f31aa2c554f0cac46c544,2025-11-01T10:52:15.972447+00:00,2025-11-01T10:52:20+00:00,202
cdf49e5bae497915bc78053bed60a4cbf902baf6c2216073382ca6fee465ef32,2025-11-01T10:52:16.090494+00:00,2025-11-01T10:52:20+00:00,202
020e2a111145ad24f8015c6866b5a64dce5a759e5ecd797d11b8113e757b792b,2025-11-01T10:52:16.209462+00:00,2025-11-01T10:52:20+00:00,202
8a92fba951373f7b4dada36f7038cee2abbeb52ca17762e533f57bd9d3e8db84,2025-11-01T10:52:16.327453+00:00,2025-11-01T10:52:20+00:00,202
ba4af29035aa886e2c37558bce2fe779f9c29acc6cfb0d86b1f83165da9362d8,2025-11-01T10:52:16.450201+00:00,2025-11-01T10:52:20+00:00,202
fafe9dbd26d5fc4a6f35c301f9a21dcc901f06f1d932b2ff2b024f2e7ecf9321,2025-11-01T10:52:16.576630+00:00,2025-11-01T10:52:20+00:00,202
93cf8fac8c2b724c750d9c878bce1cdc02c76daf332700ca051b463174a6927b,2025-11-01T10:52:16.695788+00:00,2025-11-01T10:52:20+00:00,202
5f20465c92a561b3b12b2e283d5b97feb35e24a58fac086010a6535d89065bbb,2025-11-01T10:52:16.814310+00:00,2025-11-01T10:52:20+00:00,202
93380c0d0a7740d006df5902d0a5da9ae0a418ef2f5b0227c8892ed170dbdcc4,2025-11-01T10:52:16.933569+00:00,2025-11-01T10:52:20+00:00,202
0f559923ab12ab29544bf5da6b7a1bf9d5cddfc7e474cb7573104fa900284800,2025-11-01T10:52:17.052620+00:00,2025-11-01T10:52:20+00:00,202
6b1f236fd7a2343235ef2047254285c264e004436815c5e8a3915598912df4b7,2025-11-01T10:52:17.171686+00:00,2025-11-01T10:52:20+00:00,202
7dc5c7189ab6489392aae4ac25e19d4bd638c4b70781e472722fa50eaf23c96d,2025-11-01T10:52:17.289497+00:00,2025-11-01T10:52:20+00:00,202
1101e7e6b5b00f8c2b2ad2ab2051de4d6cc89dee1d5dd7242cee452b3967e326,2025-11-01T10:52:17.411772+00:00,2025-11-01T10:52:20+00:00,202
45e0a6656314092506233a5c9c696c7ef9073dc40608252c4e74194669d95a32,2025-11-01T10:52:17.533961+00:00,2025-11-01T10:52:20+00:00,202
8707c81355b62923dace8b91d75d58b91f775164f7a8010bd07a98cdba8fa97f,2025-11-01T10:52:17.655079+00:00,2025-11-01T10:52:20+00:00,202
428afc2a25443140b68b617985775178701b4fe4f828d36fbca3e8d54c0fc9ca,2025-11-01T10:52:17.780657+00:00,2025-11-01T10:52:20+00:00,202
08cb737b52ba5f7385291f62e213b7ebd27f4aebf018581324fff84c42fb5c08,2025-11-01T10:52:17.906520+00:00,2025-11-01T10:52:20+00:00,202
aa76e93dcca3b2c27990d36b04854ffb60b8156d13b069c12615639791c6353c,2025-11-01T10:52:18.031603+00:00,2025-11-01T10:52:20+00:00,202
f0b0c64ac2e499004b23240ae2e2a7fe9b643d2c894ad91c32f6d7eff7dd7b11,2025-11-01T10:52:18.157435+00:00,2025-11-01T10:52:26+00:00,203
e9983c0428938576eeb42daa8da1990adc4c098d075e7a961c63a55fecbf46c2,2025-11-01T10:52:18.283512+00:00,2025-11-01T10:52:26+00:00,203
4ddfda0bb74340488dc5f2f0a5db56f02deb7941152435f2e7d0835c80a07b3a,2025-11-01T10:52:18.407452+00:00,2025-11-01T10:52:26+00:00,203
5c242d26e1f0d094719716411e664694ff113560a8c69e2d4046f64046ae1852,2025-11-01T10:52:18.532253+00:00,2025-11-01T10:52:26+00:00,203
38b196d9d5ca9ab182b9243af9d1a5a010ca4edc3fdceed62064deb08f0bd807,2025-11-01T10:52:18.659972+00:00,2025-11-01T10:52:26+00:00,203
d40a1401a2a1df3c53b8c3bdf285487ad9b0311a6a827f01cc1080f6a49a2b9d,2025-11-01T10:52:18.782559+00:00,2025-11-01T10:52:26+00:00,203
9dffe62cface440475e245004737f645fd910cfa57a70d45dc8f72b8707bcc13,2025-11-01T10:52:18.910585+00:00,2025-11-01T10:52:26+00:00,203
f89cb44839b01b9fec1750750a2ca26acc0899c56165f19e7d6464f7a9b990a2,2025-11-01T10:52:19.039539+00:00,2025-11-01T10:52:26+00:00,203
dfc040a25d61a4d85dc5a19c456a584e147183f54a832e2765738b9c4e962449,2025-11-01T10:52:19.167173+00:00,2025-11-01T10:52:26+00:00,203
b9ee1f9b445e15e1e93c7520230ae7db0dd0ceb0ec5bb280f0c77ec5e7e120b9,2025-11-01T10:52:19.290626+00:00,2025-11-01T10:52:26+00:00,203
b391b226e4b63ab8f9084dedec79571162880dcc1a80a78906c7f38113d98a3b,2025-11-01T10:52:19.417113+00:00,2025-11-01T10:52:26+00:00,203
75afac92f72158d4fe4a2f6720fb4466650e1c326f6719127ddde24baaee9a1f,2025-11-01T10:52:19.542029+00:00,2025-11-01T10:52:26+00:00,203
1d640dd6286ae64e88af9069d8e9f6b68d6e762a86c87745170b8157fda4b8fd,2025-11-01T10:52:19.668304+00:00,2025-11-01T10:52:26+00:00,203
f4bb5fb49f7db7a00c07092290774fd6f423f54b6ce69632c96225ccb4f7542f,2025-11-01T10:52:19.795877+00:00,2025-11-01T10:52:26+00:00,203
767eb5e8c79a21083af6583cac4724a916c695bd35010a33f55008b9ab2647f5,2025-11-01T10:52:19.924865+00:00,2025-11-01T10:52:26+00:00,203
81521ab50dd424fd6ad5e6d7db943bb861174ed8121a1713d4bbfca3f9155334,2025-11-01T10:52:20.054334+00:00,2025-11-01T10:52:26+00:00,203
2f90b451762a4d18f39aaca919885613e1d048ecfc84f33017fb97a683372c43,2025-11-01T10:52:20.173494+00:00,2025-11-01T10:52:26+00:00,203
5b4f11418664475c5d36334b6befbe9d3eae519baa48c8a6a8f1b72806761eba,2025-11-01T10:52:20.299673+00:00,2025-11-01T10:52:26+00:00,203
20015e2095ece8cd25fbec9091f0cb62da785c7509a98f66329869efbf24b89c,2025-11-01T10:52:20.495382+00:00,2025-11-01T10:52:26+00:00,203
e3156f99258c0611a3038915f45da1b489620cf2fc8ccd1339179bd75af18ab8,2025-11-01T10:52:20.633852+00:00,2025-11-01T10:52:26+00:00,203
e3765dc187cc660dcca8cf0625fc0ea7aec8635db5441cffa523500f52d49148,2025-11-01T10:52:20.759013+00:00,2025-11-01T10:52:26+00:00,203
0d8f5099f30e0806c32d4f85282caad11f9a1800f3cb9e870ea0dc87f342ae93,2025-11-01T10:52:21.086188+00:00,2025-11-01T10:52:26+00:00,203
6fb3938b80a20767f36bd3d10e32fdc2cba9c28938df6804bec50b6e59042e29,2025-11-01T10:52:21.209431+00:00,2025-11-01T10:52:26+00:00,203
cfa00409bef9c1ecc553f4b04b0a77caa8c8f265965cdfc38911aafb527eed92,2025-11-01T10:52:21.337081+00:00,2025-11-01T10:52:26+00:00,203
a574a392e432a42ea111a4f89a42c1198849cff50db451dbc3350dda16d37bc0,2025-11-01T10:52:21.458941+00:00,2025-11-01T10:52:26+00:00,203
420c0c23d1364b70ffef2c0826da65aee2fb4694118f0e62f594246a3bfc7b0d,2025-11-01T10:52:21.582561+00:00,2025-11-01T10:52:26+00:00,203
83490d1fd7a16c0a260b32b52bb5bd6cf72cf04abce0377be8e4f82b3ffc8a0b,2025-11-01T10:52:21.703487+00:00,2025-11-01T10:52:26+00:00,203
665d3993e0860f4684a4ba0463aa1a76bb3245242810b0223792de479f230eb8,2025-11-01T10:52:21.828319+00:00,2025-11-01T10:52:26+00:00,203
83249c21cb503d86ad1ab9738b89fe6b3c7a1962e332ca69f6bc5f86b81e512a,2025-11-01T10:52:21.950961+00:00,2025-11-01T10:52:26+00:00,203
84dac3c0fcd432096e3c0ce8818bf621b8b0cecf2684f86f70f3d932004939ab,2025-11-01T10:52:22.078071+00:00,2025-11-01T10:52:26+00:00,203
6a645a491ccc871327d4c061a80db85481738d05fb6b3ff79e7f85815815d529,2025-11-01T10:52:22.200829+00:00,2025-11-01T10:52:26+00:00,203
3c61bdedba2e26161e870df7a45385d8712a191d36a276e21dcec93cddcfcb57,2025-11-01T10:52:22.324176+00:00,2025-11-01T10:52:26+00:00,203
cf68d84e2f3be920705c255cb9453a38b3264292bf23e25a8c0d9d0b0f70ce2e,2025-11-01T10:52:22.444555+00:00,2025-11-01T10:52:26+00:00,203
92136d8960fff5b041597b14b80336739dab081b3ffeb38b0307fb2d12c8eaef,2025-11-01T10:52:22.573059+00:00,2025-11-01T10:52:26+00:00,203
a0e205b8bffffa1be63b486709029abc454a0dd7e755517d494b4dc37fc06ae6,2025-11-01T10:52:22.697606+00:00,2025-11-01T10:52:26+00:00,203
ca49c13ea78dcd641de969d1f940f6452826b875fb58fa9762dbf1876efdc554,2025-11-01T10:52:22.818013+00:00,2025-11-01T10:52:26+00:00,203
df98eb9dc3dcd12c30f43c70ef8d0e4f99fc8cb4b725d821109db39f7fb2faa0,2025-11-01T10:52:22.938098+00:00,2025-11-01T10:52:26+00:00,203
847adc5e85fcac6298e05b810f2cc444a0e00cd37da06e8f31add8d865e4c9ce,2025-11-01T10:52:23.062721+00:00,2025-11-01T10:52:26+00:00,203
f4b370b964299d95366e6bfb750ef55191b1ef1befa64bd8ae86fdaa7769a535,2025-11-01T10:52:23.186239+00:00,2025-11-01T10:52:26+00:00,203
888a360f4cf88913c6acb075433286b9221d03835888859647269ff9a761b7be,2025-11-01T10:52:23.314069+00:00,2025-11-01T10:52:26+00:00,203
6a05c3f16d0ac049a481fd0ac603f6ce9964eb411eb12d9b7d5639db88a577a1,2025-11-01T10:52:23.440298+00:00,2025-11-01T10:52:26+00:00,203
3b5710c3c83a7c6aacdde4ffead52209a199418c8c9095c7afe5a76a77474dd0,2025-11-01T10:52:23.566315+00:00,2025-11-01T10:52:26+00:00,203
42f3c879da2513545656ebc1bf78951a344cb5cfeb3fd9325d6b98c0e62a0e67,2025-11-01T10:52:23.688039+00:00,2025-11-01T10:52:26+00:00,203
b4a32d2bb97f8340159ad24c045b8d2928f3c0b4746a0da26b4a24492d6dd3b6,2025-11-01T10:52:23.813696+00:00,2025-11-01T10:52:26+00:00,203
c9f4138833925c40cef67c65cbc8494eae6daa9b811e03b78bd58518c135100f,2025-11-01T10:52:23.943578+00:00,2025-11-01T10:52:26+00:00,203
89a891d6c5920d90e437dc729257ccd46888f52d68c6a6ba346a620d1693eb06,2025-11-01T10:52:24.073555+00:00,2025-11-01T10:52:31+00:00,204
76200c4b082607625343dd79314e86971612c7c843c159e97677119fce9db0ea,2025-11-01T10:52:24.205163+00:00,2025-11-01T10:52:31+00:00,204
415a5c4c76c25ec9e12f9699d7780cbdca08b495c03cb42f2d5831573a883c4d,2025-11-01T10:52:24.330097+00:00,2025-11-01T10:52:31+00:00,204
41de9476fcd5b2c87bb733694a23c6b2092f516b788fbb87a9da3cdcc465937d,2025-11-01T10:52:24.454275+00:00,2025-11-01T10:52:31+00:00,204
73616b8639504514fa95366c0f2f41718d0aabc071e690f7357ebfd47e01d3c3,2025-11-01T10:52:24.576648+00:00,2025-11-01T10:52:31+00:00,204
6b1d2dbfca89a14f11d080b413ecef4ee079ec7c513eb96cd737a690d96fde1a,2025-11-01T10:52:24.709113+00:00,2025-11-01T10:52:31+00:00,204
3ae2a42729d57a996670769a5ac4ab47d3732e37cb145bba0f54e8e3534961c3,2025-11-01T10:52:24.836491+00:00,2025-11-01T10:52:31+00:00,204
45b9f64a7eca6db167ab51c98fb80f1acf5521683d5278169f3c17490b4bc939,2025-11-01T10:52:24.961493+00:00,2025-11-01T10:52:31+00:00,204
16e2bf93ea4bbd864de4742a6ed2db807a8fd9b5081555ffc49443f4a276285c,2025-11-01T10:52:25.083826+00:00,2025-11-01T10:52:31+00:00,204
0c97c6a90a5d3ff16b9dc0575cff1dc2a7c7801744a5ba5529cb0b64a508bbfb,2025-11-01T10:52:25.212211+00:00,2025-11-01T10:52:31+00:00,204
9ccc6ffb6294fb6fd800f57aa3b0f9e219e8c4707ddfe14b48351dddfd2da50d,2025-11-01T10:52:25.340853+00:00,2025-11-01T10:52:31+00:00,204
551a4b8b1bf109e64af276d284fcc57d504ce01fcd9813aeb99b2dc564b7df60,2025-11-01T10:52:25.467299+00:00,2025-11-01T10:52:31+00:00,204
0fa4997aec1c97c6c4bc3a599fe1194e924ff80bbb81f7e7543c310aa3472996,2025-11-01T10:52:25.594973+00:00,2025-11-01T10:52:31+00:00,204
a41b749ce61474c76ebda8d48c2c332cebf02fe903c22055736f2d51579093e8,2025-11-01T10:52:25.726473+00:00,2025-11-01T10:52:31+00:00,204
6fbaeafde4c4c216bd1a56335f78be091b86c7491bfa877d9d219cb0e02f929c,2025-11-01T10:52:25.850146+00:00,2025-11-01T10:52:31+00:00,204
33dd365af02a1bce8c3ed6f1d96ec592bf2aba226d615da7cd769f5b0fc763ae,2025-11-01T10:52:25.973872+00:00,2025-11-01T10:52:31+00:00,204
4a03ba2739f9053b0c892db57b3324caf73816cf39198dd117b55d991b2c17b0,2025-11-01T10:52:26.296869+00:00,2025-11-01T10:52:31+00:00,204
160c234be4ad4aa0e0f0e74ce4858e9f56c53c3ab3641aba209986236a4cfc5c,2025-11-01T10:52:26.416062+00:00,2025-11-01T10:52:31+00:00,204
aa1f5f819c3219f2ae5fbd3cd3d1e77567cc71996f860a5134dfa2766eb53b19,2025-11-01T10:52:26.535459+00:00,2025-11-01T10:52:31+00:00,204
ab0a39392d7e2ff4dd16947686bb3fa621f49a263a52d7a850758cd5f5c4ccc0,2025-11-01T10:52:26.663560+00:00,2025-11-01T10:52:31+00:00,204
1f2fc88a80ae8f92e93808f5de10a6cc1d905c3258314e823876b964719ee255,2025-11-01T10:52:26.785075+00:00,2025-11-01T10:52:31+00:00,204
7a23fdb53ad3cda7218287333244c3a0ce57c1a64669b58a386c10e82e4de9ed,2025-11-01T10:52:26.911483+00:00,2025-11-01T10:52:31+00:00,204
79d83fe00b7802521cb6c8cde1e18a85e68c3aa06d0a049e9c30358e107d9e64,2025-11-01T10:52:27.033195+00:00,2025-11-01T10:52:31+00:00,204
36540f3f131c4a8bdf817bc5c41f85275911090ac34c1ad611ab0c915a82775b,2025-11-01T10:52:27.160678+00:00,2025-11-01T10:52:31+00:00,204
48e57c64194b1be20858d1b3f9e0539bfc6841fa6b0d634e0e598e7396fe651d,2025-11-01T10:52:27.281871+00:00,2025-11-01T10:52:31+00:00,204
b08b539d1dd53565f7454ee28ba9eb7a32082fe5da6784c2e86a9731cf840cbb,2025-11-01T10:52:27.407578+00:00,2025-11-01T10:52:36+00:00,205
b144de3419faca20ab5d7f08b44de0806720def7b32a081852d22c934f8b63b3,2025-11-01T10:52:27.532699+00:00,2025-11-01T10:52:36+00:00,205
b00e170db0acef76961b608b952786e8d1f63b17f81b729aceac158d75187d67,2025-11-01T10:52:27.659305+00:00,2025-11-01T10:52:36+00:00,205
69795770ce6f6e94ab6c53cca33cdd0237edb388d56db87711656c631ff331dd,2025-11-01T10:52:27.780834+00:00,2025-11-01T10:52:36+00:00,205
28ae709cb93f77e56ac170907280d6f3456e25ca41386ef66569c944b48060db,2025-11-01T10:52:27.905748+00:00,2025-11-01T10:52:36+00:00,205
78f7d6acdd80c8a59acfc064c56ad05765c0c53151e71bb9243a3d906b6b7b00,2025-11-01T10:52:28.033805+00:00,2025-11-01T10:52:36+00:00,205
12b636236812c5059a98835a5031ca8be972c27f03bd5c1d2ced6f886bd36fd1,2025-11-01T10:52:28.163926+00:00,2025-11-01T10:52:36+00:00,205
e787721b1e13896e6e49421b12c7dd3a4bfae7bda2931e6a7c110e27208433df,2025-11-01T10:52:28.287496+00:00,2025-11-01T10:52:36+00:00,205
607ee0df529201231a388c6c649f487280bae3ae20225c6b621de76fbbb71b87,2025-11-01T10:52:28.417573+00:00,2025-11-01T10:52:36+00:00,205
bacf147e41a9aee6741182d4c480437dbb8b8b1e725707dead363d407276e321,2025-11-01T10:52:28.541593+00:00,2025-11-01T10:52:36+00:00,205
c9399727725481e8201ec0f4d712626705a495e46b28058b995a185ff6abf7b1,2025-11-01T10:52:28.668683+00:00,2025-11-01T10:52:36+00:00,205
853540bad5314e444e97a5bc7d6d693d9778075d4a83f15fc39d0470de40c03c,2025-11-01T10:52:28.797610+00:00,2025-11-01T10:52:36+00:00,205
450bb65b5ab7aca040b5cd0410f00e6cd6c97601be2a7090622ece62f800fd94,2025-11-01T10:52:28.925305+00:00,2025-11-01T10:52:36+00:00,205
16beb03a17d09767c9db58491ba6e664ee8f41fd189465be9c90745a3496d4a6,2025-11-01T10:52:29.047927+00:00,2025-11-01T10:52:36+00:00,205
e5223fc4209127d4b77daa2f2629d7aee8d7e2de3908405a914176dd25ee0a59,2025-11-01T10:52:29.176906+00:00,2025-11-01T10:52:36+00:00,205
c97b3537935923465773957e92dceb3697d71bc67034f0c251a97b06d18f0056,2025-11-01T10:52:29.301454+00:00,2025-11-01T10:52:36+00:00,205
a2907963b0eacc44ed58c1ad2ad18139fc4fef25facaa6c7d70ec9e9717d1f56,2025-11-01T10:52:29.424652+00:00,2025-11-01T10:52:36+00:00,205
663c37ddbba2543129f944578fe0f0920a4e2d0ec5218c59d1cbd471bfad600f,2025-11-01T10:52:29.553819+00:00,2025-11-01T10:52:36+00:00,205
8a06c802075f66cca432522f5a33291de87441a2e39bc46053ca6da7edb3799f,2025-11-01T10:52:29.681835+00:00,2025-11-01T10:52:36+00:00,205
e5ee7d052ee104a21eaaeec9a5e9488389ea43955b535a4b265361cfc36c0fa0,2025-11-01T10:52:29.809251+00:00,2025-11-01T10:52:36+00:00,205
a106707b731c5f7a0383e7a36bde2afcce2e321223e40dbbdf6c6414d5aa6093,2025-11-01T10:52:29.936723+00:00,2025-11-01T10:52:36+00:00,205
2fb7c21ef52b0839073b6d81fcca2e5b344740583cd6e7a306ad9ab777337388,2025-11-01T10:52:30.061750+00:00,2025-11-01T10:52:36+00:00,205
5a4093d44f3da2ccb8ca83b7cbff548d8a39931b854ca6effd72d33afcbdf5e2,2025-11-01T10:52:30.184202+00:00,2025-11-01T10:52:36+00:00,205
f9be504bf688c1bd47812197baeba2a36f2e7b89bc08854317cd960ea559c6ad,2025-11-01T10:52:30.312994+00:00,2025-11-01T10:52:36+00:00,205
6a8d28677cfbca1a233ad00e2d98b46a881a2303875e578facbd51660e0409bb,2025-11-01T10:52:30.433905+00:00,2025-11-01T10:52:36+00:00,205
bb615db16ea15701bd327c97a236ab01406c04ad7601f9c8afb1cda86ea9fc54,2025-11-01T10:52:30.561533+00:00,2025-11-01T10:52:36+00:00,205
347725299edabd7e27c36a7a51cbfd6591b7cb7d56a72e36790f30e48b5de3b8,2025-11-01T10:52:30.685581+00:00,2025-11-01T10:52:36+00:00,205
7187bdde394259c1b00ce20415baf9da1f6f11d90a86056fd2394f47a8e882be,2025-11-01T10:52:30.816465+00:00,2025-11-01T10:52:36+00:00,205
1a4e245127fb6f2b4a1ae834ab69561e05f6f922dd91cbf457039bf57f126971,2025-11-01T10:52:30.944544+00:00,2025-11-01T10:52:36+00:00,205
b1bd5247984a5a4318431f9e5bbac177e8bbbd7adff274e272df194bc554df96,2025-11-01T10:52:31.069478+00:00,2025-11-01T10:52:36+00:00,205
74f4bd3e3fc2a656284c6090b12730cb89b81157a571d0bc169bde8a5b6a9ff9,2025-11-01T10:52:31.197823+00:00,2025-11-01T10:52:36+00:00,205
d905c02b5c73e6a566f811f192c3ba44306dd65b5b607cb2e86233a1d1ca6ec0,2025-11-01T10:52:31.525570+00:00,2025-11-01T10:52:36+00:00,205
27da61ac24031368437d77a764fc74b777e6ec91d99768c742516cc029674d13,2025-11-01T10:52:31.647701+00:00,2025-11-01T10:52:36+00:00,205
1a5dd924233734b39d1c768be53d8a8eff064d966da57b6254cf3f6879974910,2025-11-01T10:52:31.772980+00:00,2025-11-01T10:52:36+00:00,205
29b7d0c5f29d3b8f6de09e24bf802abcfc3cb351265309798369ddb7e4cd26f2,2025-11-01T10:52:31.895488+00:00,2025-11-01T10:52:36+00:00,205
ca7e40c5d38884654917d57fb6fe83155c5cc6908015904ce8300d597c5d201d,2025-11-01T10:52:32.020794+00:00,2025-11-01T10:52:36+00:00,205
1c1bc8f61ddaaefd1c40d4880032f61eeb62e02a14c3fa8746836fa8686c9b3b,2025-11-01T10:52:32.143476+00:00,2025-11-01T10:52:36+00:00,205
d0c85738a26609a5e070c93d1b70caa3cb555311adf345383c482cfcb93db10f,2025-11-01T10:52:32.271369+00:00,2025-11-01T10:52:36+00:00,205
3f312b8ede11705a58c6a1830a0b5f5245b8e1ce3a600c0a75f4b85ea1bab549,2025-11-01T10:52:32.398764+00:00,2025-11-01T10:52:36+00:00,205
1bd4fd8ca83ea48f2d1cae0b8bbd009e1e4291fc57578a1aa20e46d3844a8794,2025-11-01T10:52:32.523248+00:00,2025-11-01T10:52:36+00:00,205
f4229fc0e2c8bce33ce5163af29a0eeab394be5c597393cac2a0bda2271a0a0f,2025-11-01T10:52:32.648780+00:00,2025-11-01T10:52:36+00:00,205
3ee36afde7f9cbf64e18bedb117c6c9ec8cc1f778b8d6e7d73369bbc0d20a2c3,2025-11-01T10:52:32.777939+00:00,2025-11-01T10:52:36+00:00,205
bab4bcd13731cbac4b940fda3d153e9d30975fd58211c428688f6109645e440c,2025-11-01T10:52:32.904848+00:00,2025-11-01T10:52:36+00:00,205
a4c7f8d063b368ebdf48f6af891142463f3e822d71f15249b48acb0bbf4ab070,2025-11-01T10:52:33.044378+00:00,2025-11-01T10:52:36+00:00,205
2469b05c3ea7b6232513d3530ae9d0371c75b3c88ce8cceb285ecc39291873b8,2025-11-01T10:52:33.165597+00:00,2025-11-01T10:52:36+00:00,205
619ccb086a6821bba82a928508289c67d8c94aeea003d9f39e7ca8f336fae213,2025-11-01T10:52:33.290585+00:00,2025-11-01T10:52:36+00:00,205
ddc1bb72fc150408c8b460e4c9b931c20472e8fe82135d6ca86a57209b1ad1a6,2025-11-01T10:52:33.412946+00:00,2025-11-01T10:52:36+00:00,205
0aab4eaa19834c2a63e72abb6ea214edb19a4f9f73e4ad5cb183032a3a3529bf,2025-11-01T10:52:33.544839+00:00,2025-11-01T10:52:36+00:00,205
f3be8605f035011069f53766dd9157f0bd4ab488661bff601a6bef0cc419f4bb,2025-11-01T10:52:33.675294+00:00,2025-11-01T10:52:36+00:00,205
ffe8063fb4a4de38cb1dec961e64f233ffcb6dd6d10f9d8beda1c218845a69ad,2025-11-01T10:52:33.802331+00:00,2025-11-01T10:52:41+00:00,206
b1e7832268fba7fcd998f002184a48b16f7fccbb881c7b7c713a8fd56c058360,2025-11-01T10:52:33.930650+00:00,2025-11-01T10:52:41+00:00,206
c7ea94bf76ca160a9214e4b0275a2c4c4f2ca2f49719181997af4988e89ace32,2025-11-01T10:52:34.054644+00:00,2025-11-01T10:52:41+00:00,206
92d6aaec1ee696ceefffc5b344c47f7bd7995afc60a4efd8115bac5b4926318b,2025-11-01T10:52:34.181342+00:00,2025-11-01T10:52:41+00:00,206
5dbe2408435b2f23b32f667a0550d064317d6aa07d4d7d0fcc24b997694e1238,2025-11-01T10:52:34.311984+00:00,2025-11-01T10:52:41+00:00,206
df84dd56ca6af5ea911dfa3c0d78dded2bdbba4d6bc827d840ff0d913e626fd1,2025-11-01T10:52:34.439207+00:00,2025-11-01T10:52:41+00:00,206
b33733d352539cc51d1dfb18d704003b4d5455e97a59bd060898eafa514afb55,2025-11-01T10:52:34.571548+00:00,2025-11-01T10:52:41+00:00,206
d0ae19937a7daa56fc36c3a76d66a71cd89e8705756ff240b0a7e9685fe7e6c3,2025-11-01T10:52:34.693549+00:00,2025-11-01T10:52:41+00:00,206
9db1b28396fb76ddaaaf11566b2af5d11181719cf3a841a70d050a703b1c8be7,2025-11-01T10:52:34.822105+00:00,2025-11-01T10:52:41+00:00,206
47c80aa5824952e899e044fb9f384f7bd4935a02e32bf546b53a411afad7e92c,2025-11-01T10:52:34.951750+00:00,2025-11-01T10:52:41+00:00,206
10eceedb1dd203faf51c0181b53810e20d57afa131bf7c2bfda7cb50ea0ad447,2025-11-01T10:52:35.082223+00:00,2025-11-01T10:52:41+00:00,206
7a2fcb19fddf7d3d56d0c0316eff2eb102642ec17a8b5ad5ac73861bee1bf2f2,2025-11-01T10:52:35.210649+00:00,2025-11-01T10:52:41+00:00,206
95f1db73ae6282db7a7fff684c4249f36413a180b7e968883b474c9ef295638f,2025-11-01T10:52:35.333514+00:00,2025-11-01T10:52:41+00:00,206
87a333f1d4e1069e8469004fd99dab47520180c5c83a499dd1deed88ae4ddfec,2025-11-01T10:52:35.461707+00:00,2025-11-01T10:52:41+00:00,206
ff691b7363a663624cf01905af66f8dfd7882efdfd278ac93f8a1e780bd3b8d1,2025-11-01T10:52:35.590168+00:00,2025-11-01T10:52:41+00:00,206
7309e771393f04237f3f309edfb877b7ccbafb1e46c74a1f0fdfc14bee5e21f8,2025-11-01T10:52:35.721013+00:00,2025-11-01T10:52:41+00:00,206
17ebc79081a4c8d4007451ce8d97f8078ece60864015ca948113cc52c10528f4,2025-11-01T10:52:35.844792+00:00,2025-11-01T10:52:41+00:00,206
ca1c1400c7e48bd72b676a8e414d43e25f1488e6cfa25a13a07e8e50bb0d148f,2025-11-01T10:52:35.971083+00:00,2025-11-01T10:52:41+00:00,206
fb86ce4e02164fcf9d4d9a321c2dc8620fa1beeb38f600f43886e478e50265e6,2025-11-01T10:52:36.094206+00:00,2025-11-01T10:52:41+00:00,206
d8cb0a92323b91cabc6dd08277ffd58b756cb4352a4ab289d841bd1c1c68bad8,2025-11-01T10:52:36.222454+00:00,2025-11-01T10:52:41+00:00,206
33db197db19d10f74769bdbcfa6cac8594b0f20a07186ff6d4886dffb31abe64,2025-11-01T10:52:36.353625+00:00,2025-11-01T10:52:41+00:00,206
cade7473f0520f5c4ceeedb9f4496511dd23cfb6d07fe5631a343bcad8af8c31,2025-11-01T10:52:36.479912+00:00,2025-11-01T10:52:41+00:00,206
55568299d5449839587ebe807087e5000a97d3f815914ebfaac0fa9ebb959883,2025-11-01T10:52:36.809864+00:00,2025-11-01T10:52:41+00:00,206
c1b84d734b1914f8583ea5089ef4b02f234bb35ec75aa6dcfd06ff456a815dd4,2025-11-01T10:52:36.929444+00:00,2025-11-01T10:52:41+00:00,206
6fac5840bdd5d1557ab9f0fad09f0ed0eab77c5d05493322a6c498ab42fe2286,2025-11-01T10:52:37.055572+00:00,2025-11-01T10:52:41+00:00,206
7deca3bd15c717ffe9f4912f245090ee91aded6066c9e1219704856375d65310,2025-11-01T10:52:37.177564+00:00,2025-11-01T10:52:41+00:00,206
15010c0815fe127e7cadcfcbf4b57a4275285abc55ee1204b9bb017e36f93e4b,2025-11-01T10:52:37.303007+00:00,2025-11-01T10:52:41+00:00,206
71a96f37f344195e03139d44eb54640f9b72e9f383ddacf9d6d74b63181f13f2,2025-11-01T10:52:37.425505+00:00,2025-11-01T10:52:41+00:00,206
a8ec75813e927dcb654944225ccb77db793b8b0ff5ac6dfbf77b8f21bf9c0f28,2025-11-01T10:52:37.546667+00:00,2025-11-01T10:52:41+00:00,206
c23dce7893158e72b92da1d7e5cdde245ac36195fe5b66ca07c4566d8f6d9871,2025-11-01T10:52:37.669680+00:00,2025-11-01T10:52:41+00:00,206
790601748463038f8e8d2f12d99abfc6baa83ca70d78ebc0fc726a5c2fb0acaf,2025-11-01T10:52:37.791244+00:00,2025-11-01T10:52:41+00:00,206
545834bf345e9e70af7e66cad13b5e80a841d55f2613832aa0fd1b4ab901c664,2025-11-01T10:52:37.917998+00:00,2025-11-01T10:52:41+00:00,206
cf815a65f6602387e98c3a5bd2b633bb29c0b6bd7e21915078a98bace070badc,2025-11-01T10:52:38.039510+00:00,2025-11-01T10:52:41+00:00,206
bb28d6e84543d00a21492d4ceb81e9d0f1e26c1f58b7faa8bbc071be42e0a3d2,2025-11-01T10:52:38.160221+00:00,2025-11-01T10:52:41+00:00,206
a853acd390105417ed92d73b81632c705d3cfd8d22a0396a3c62a31fd3bec7a5,2025-11-01T10:52:38.282636+00:00,2025-11-01T10:52:41+00:00,206
d1a17f0e482725afb56f1a80559eebefce7e58a16b169c4fbd27d5fe32ae843f,2025-11-01T10:52:38.405462+00:00,2025-11-01T10:52:41+00:00,206
935019477c17f17de4d8c2fdafdd17ebd22380d357eaa74e966310502128d970,2025-11-01T10:52:38.531596+00:00,2025-11-01T10:52:41+00:00,206
7616c7cf7575670a76fe4a6ea54640e54c44c02a0e33a5ec3b78b0a6c50df4df,2025-11-01T10:52:38.652618+00:00,2025-11-01T10:52:41+00:00,206
e63f08564bcbdde6f6969305642aa48fcdf01d73baa490af2789af52fefbd09b,2025-11-01T10:52:38.776563+00:00,2025-11-01T10:52:41+00:00,206
009eb9e6d28da416a33a616ea1885514b7e9b4588987740d5842e0dbf69bf8c8,2025-11-01T10:52:38.899736+00:00,2025-11-01T10:52:41+00:00,206
83e1f5f5b2add2cb537620b96c51c81ce811b5225d8e853157c16169a2eebab8,2025-11-01T10:52:39.021551+00:00,2025-11-01T10:52:41+00:00,206
580b8191bd03bfdf6f4debf6ae91bae0d644a9d569019028e0eff5cc72393716,2025-11-01T10:52:39.139280+00:00,2025-11-01T10:52:41+00:00,206
22e181c4271aa045ee324de7d6f01f689960e74b859e75fe17c9a9fc5036c7f8,2025-11-01T10:52:39.265016+00:00,2025-11-01T10:52:41+00:00,206
5ce73a716ba16b83742dd9dfb6bffb70611879b26ac44a06946d648ccaa9da8e,2025-11-01T10:52:39.388745+00:00,2025-11-01T10:52:41+00:00,206
d30f45f98edcaf74f65911cd05c8ee6d9039d01ea0dd21b6aed84e119b4cf964,2025-11-01T10:52:39.507427+00:00,2025-11-01T10:52:41+00:00,206
413c5d911a09ca4f849a29e7485ecc82a8b23b331477f4d37e4a8bdb0b573c4b,2025-11-01T10:52:39.635490+00:00,2025-11-01T10:52:41+00:00,206
235b04d15894d582a137c373d9493fccd4f5e83a3df929b53b80ff96678f9429,2025-11-01T10:52:39.756001+00:00,2025-11-01T10:52:41+00:00,206
12d632a925e18eabb9db19e71ee79c4ed85f089042935524a3952d37ced6fc6c,2025-11-01T10:52:39.878585+00:00,2025-11-01T10:52:47+00:00,207
6b4d32b0dc235665329f7af42a060057c83f0a0dd182423f5c25dacf8d40c0af,2025-11-01T10:52:39.999489+00:00,2025-11-01T10:52:47+00:00,207
db8e2158218046cc7b7b3439219c9a7d669537039028b3c00daa716ee9e2bbca,2025-11-01T10:52:40.120376+00:00,2025-11-01T10:52:47+00:00,207
e0730e57d9a8647181ec832d1dcc32ed7cbc51aa75e1357659fb1023dd878bf9,2025-11-01T10:52:40.241967+00:00,2025-11-01T10:52:47+00:00,207
b4a8561e03afb438d73415ee131e9d14be8a348ef3cfc78abfab72e6267251df,2025-11-01T10:52:40.369387+00:00,2025-11-01T10:52:47+00:00,207
eaff4292393b1dca59b1e4afcdcd9978b70cc1744687320e3c9e88a0ad644581,2025-11-01T10:52:40.494965+00:00,2025-11-01T10:52:47+00:00,207
52c1e7c881883217bff4de8889a975ef505b40c1e230489b603f9fc17e90322d,2025-11-01T10:52:40.617957+00:00,2025-11-01T10:52:47+00:00,207
008bb55c29f51e9c7996f0f4a4ee9afa204be40cdfc8f3ecacd25de998158c91,2025-11-01T10:52:40.739470+00:00,2025-11-01T10:52:47+00:00,207
8e0e8292704d836f50fe76852819d689b80362dc3530a3b8a6bba209ebf704d8,2025-11-01T10:52:40.859201+00:00,2025-11-01T10:52:47+00:00,207
d717ecc99cb99b2cf972e1f24f3ebf5d7c77d4aa7e632183e9ad3dcf564e929b,2025-11-01T10:52:40.985254+00:00,2025-11-01T10:52:47+00:00,207
71deb7f4102afab382aaf1adc26c98f638ddf3a12ab935eb440db5c546908afc,2025-11-01T10:52:41.108026+00:00,2025-11-01T10:52:47+00:00,207
06299332c0807f5db9997388bffaadde16ac3192b7a8c131fd057fbb3b00d1d3,2025-11-01T10:52:41.228986+00:00,2025-11-01T10:52:47+00:00,207
c3ecc1566404fee2dbac38a2274050f936c2be2183aa4839a3d567039a7e47c0,2025-11-01T10:52:41.350636+00:00,2025-11-01T10:52:47+00:00,207
3d64cb03ccab3a0faf781677823085bbbc40a8aad8c808fb84d420bfdb40c0ae,2025-11-01T10:52:41.473212+00:00,2025-11-01T10:52:47+00:00,207
2751bad9aec3ea60962631a5b1bca9df1e8e1414ee36338ce198bb3040ec414b,2025-11-01T10:52:41.602842+00:00,2025-11-01T10:52:47+00:00,207
6abd338587d1a88af60ff237041e981b3d3c463e5efe22b7af5dd46d34b42c02,2025-11-01T10:52:41.728341+00:00,2025-11-01T10:52:47+00:00,207
8a68987245c1b48496c7b13e9b7e4efe51a1f54182be8888fbf89137cdf9b808,2025-11-01T10:52:42.051231+00:00,2025-11-01T10:52:47+00:00,207
0cb6b7453f1ffb14748fad2df325766d27c3094e3719bd35e328bd37e12aeb5d,2025-11-01T10:52:42.172562+00:00,2025-11-01T10:52:47+00:00,207
f41a2fd11c74ded047a77c485df7980c6862921da42d0a87fd0848f2fadd9ff5,2025-11-01T10:52:42.296204+00:00,2025-11-01T10:52:47+00:00,207
40503b9b584e5b04f869a95407341947113fe65b0e8ecb62549b6e16857ce5d1,2025-11-01T10:52:42.414582+00:00,2025-11-01T10:52:47+00:00,207
489eb6578421b290cf5590eb6e1803b8078eab674d6283f26bddf0a86f954702,2025-11-01T10:52:42.535385+00:00,2025-11-01T10:52:47+00:00,207
0fab4c466b454b1a4d3d41fa1d77133e34edf7940db8de20182d0bd73cc7868e,2025-11-01T10:52:42.661852+00:00,2025-11-01T10:52:47+00:00,207
0ef06eefaa1c874fbd12f5d1437aef31264634f52786ac87d942c36e673421aa,2025-11-01T10:52:42.781695+00:00,2025-11-01T10:52:47+00:00,207
4fff8c92bf98ca473e133ded19ba924fe992feff0c7ffb1181108f97e3ae0b03,2025-11-01T10:52:42.907045+00:00,2025-11-01T10:52:47+00:00,207
9683cff272db480dac5f32cff1003bdf0400c03247461b7146f4e3b7f6594ac8,2025-11-01T10:52:43.029153+00:00,2025-11-01T10:52:47+00:00,207
6e336d8d78f1a91630ea5c61b081685b00ee264679b1c2ae9d63f08aa4b4657c,2025-11-01T10:52:43.153214+00:00,2025-11-01T10:52:47+00:00,207
5a3bdb8922873c83c4fe02e552988dcd56a2402dc651a091458126a4843eebcd,2025-11-01T10:52:43.277019+00:00,2025-11-01T10:52:47+00:00,207
4010791218dc06e990a43c9b5b1418c82a8f1a458cf4286ba489c69397cc0013,2025-11-01T10:52:43.400108+00:00,2025-11-01T10:52:47+00:00,207
eb2af45f63381c74248c52c395c0cd3179b5262dbce791e0bf4d8ab5fd3a4a57,2025-11-01T10:52:43.523791+00:00,2025-11-01T10:52:47+00:00,207
e5a426685ec90a2bd14aaf0c5773ee7b675ababd140f2d37b46bab9d8bf8ab10,2025-11-01T10:52:43.645323+00:00,2025-11-01T10:52:47+00:00,207
cd0b3d28f57bc8fcdab914324765e425c74d00e620a1b187088f7865d271f6cb,2025-11-01T10:52:43.767824+00:00,2025-11-01T10:52:47+00:00,207
340633a5933354e3de2079f9c5a26e1ceb154565041a1e92e3586ac8fba980cb,2025-11-01T10:52:43.888661+00:00,2025-11-01T10:52:47+00:00,207
a65f13af82c0bb06e84ffac6a19dd62f1b0e778ad18345ff49ed6d68e15ae0de,2025-11-01T10:52:44.016104+00:00,2025-11-01T10:52:47+00:00,207
cfdb2e6db1294e709dec726575a64de2870601c0debcc55cf9a0f6db6e78763c,2025-11-01T10:52:44.137003+00:00,2025-11-01T10:52:52+00:00,208
82efed66323dcb246210fa4a147512c2596880bb77da7345e850d35a04bec142,2025-11-01T10:52:44.258319+00:00,2025-11-01T10:52:52+00:00,208
b22be89f037b726e57846a5ce0b84cd0bf10c5037f1484b056b176e4bb7f8645,2025-11-01T10:52:44.378548+00:00,2025-11-01T10:52:52+00:00,208
b8dfa1e17bb694e626e8a0355b7e87a0e8a3c53507de8c268ce52bdf05981263,2025-11-01T10:52:44.500314+00:00,2025-11-01T10:52:52+00:00,208
9befa7c09a3d444d3201a501c4c37381fb6a24afe5b21b8cef39248a1e766d1f,2025-11-01T10:52:44.622653+00:00,2025-11-01T10:52:52+00:00,208
3d69fc64b1696636774e9ff6c02feaee6cc41650d78b6eca7b061b0e9004c47d,2025-11-01T10:52:44.746894+00:00,2025-11-01T10:52:52+00:00,208
a682fdaf14802ff587e97a016240d411ed7ccdeb7c2fd49bab0350eaefd2e156,2025-11-01T10:52:44.872603+00:00,2025-11-01T10:52:52+00:00,208
406eecc2e2d0c2397a4403634baf875c17bc443b943cfb367642e57feb594843,2025-11-01T10:52:44.996522+00:00,2025-11-01T10:52:52+00:00,208
5c41b09e777241cda66874327e2f26f84c07582a82ce3b89a19af747709c1ebb,2025-11-01T10:52:45.119765+00:00,2025-11-01T10:52:52+00:00,208
ac65acab8365afd6767fddc229e33b6bab4e1f86b6f305f94f027bad2d85122e,2025-11-01T10:52:45.243241+00:00,2025-11-01T10:52:52+00:00,208
77aeda05b63dd9057e16f0b3a37ca9c557f76fbbf7b6683f44eb25d27610a93e,2025-11-01T10:52:45.371447+00:00,2025-11-01T10:52:52+00:00,208
9d5bf03ccdbbde927bd1c1a3114ba189f7a1b51647f421776c14d503cdbe231d,2025-11-01T10:52:45.490670+00:00,2025-11-01T10:52:57+00:00,209
efd27d41ac5651481fa60b3bd194cd21cd1e2ee6125145a10b8d2711bfa579b9,2025-11-01T10:52:45.610720+00:00,2025-11-01T10:52:52+00:00,208
5ce193233eaddd58e484b261f83ec667d1b29885fdf9703df3c4f98fc84d3416,2025-11-01T10:52:45.735446+00:00,2025-11-01T10:52:52+00:00,208
a0cc72eb1cd50469d4ccbe14967c613b31b55840ae432318236b9917cb7a93b2,2025-11-01T10:52:45.855760+00:00,2025-11-01T10:52:52+00:00,208
6cb787bcfb481f2561e5f30ef25478b84bc79a2d18ad3a30271294ffd12e1912,2025-11-01T10:52:45.976311+00:00,2025-11-01T10:52:57+00:00,209
84fdaf802daf5d0427514566a64ff179dc17259ed3185533d26bf52cb75ddef1,2025-11-01T10:52:46.100063+00:00,2025-11-01T10:52:52+00:00,208
06a39b3c0bc1f6575af028c58d0a08430e91bf56d4b7b067465ce8af21765c16,2025-11-01T10:52:46.223449+00:00,2025-11-01T10:52:52+00:00,208
83d54f0973abe6d4de738b0d54b2f852ffe510a32e03d10b1097ed52cbfd7f15,2025-11-01T10:52:46.343129+00:00,2025-11-01T10:52:57+00:00,209
aafb69a86a90268939896d9f4aaf23d72c5f4a162620d7adb973de9b811d834c,2025-11-01T10:52:46.473703+00:00,2025-11-01T10:52:52+00:00,208
8421df55d9ea0a9c6bf650b25f1ca022c71b4e6a11baa9484d6c61a47dbf73b1,2025-11-01T10:52:46.594370+00:00,2025-11-01T10:52:52+00:00,208
d471776be2f02319206cf0bc640681b30847dfb72b65e1f94d3455edc38ecffd,2025-11-01T10:52:46.725152+00:00,2025-11-01T10:52:57+00:00,209
6fe13a30f6132e2997aae2af8e0213381412e5e1a3eb5b71b5474fd382a4108b,2025-11-01T10:52:46.844607+00:00,2025-11-01T10:52:57+00:00,209
ff5281d124ea61d09a6bbb01c43a1fc1b39e3c2c140345e9f4bd928a3735208d,2025-11-01T10:52:46.967216+00:00,2025-11-01T10:52:57+00:00,209
51cea8005ae2a7d8cef206df79112189d342249d74d25bc1ee3aace053157d14,2025-11-01T10:52:47.294329+00:00,2025-11-01T10:52:57+00:00,209
98426a8dc2c99b312ed646652fc23440721802d744b982c6073c0e8d7b27e08d,2025-11-01T10:52:47.413962+00:00,2025-11-01T10:52:57+00:00,209
f095a193c4da537fa8d6cdf55acc6f5279c8f1ec42922db7e2326a8da059a842,2025-11-01T10:52:47.536803+00:00,2025-11-01T10:52:57+00:00,209
2fe18a3f9b21d0cca8f5befe808e2cb71008f4def39e46d37318c97b3513baac,2025-11-01T10:52:47.656875+00:00,2025-11-01T10:52:57+00:00,209
4e882475ee5003c50f9262e5d78b64afa9610434fd0d46a4a6cfaeafb8c49514,2025-11-01T10:52:47.779689+00:00,2025-11-01T10:52:57+00:00,209
a8e3dd32aa993c05a11ea6842f977350e4ef364dd4a6dca44ce4cc8c0ef7d9b9,2025-11-01T10:52:47.906756+00:00,2025-11-01T10:52:57+00:00,209
bce2a9ce714754528957278ac65770cbf4ed4e8d7c8a91963ccebf12abcf9537,2025-11-01T10:52:48.029599+00:00,2025-11-01T10:52:57+00:00,209
f6dd685fd8c478006aad1bccff397899efe7a5a482b56fd3c381729019667580,2025-11-01T10:52:48.156335+00:00,2025-11-01T10:52:57+00:00,209
8c6b9e186663e7ab048410317614ea6186762a028a5fdf87418b0d61dcc02aa0,2025-11-01T10:52:48.283287+00:00,2025-11-01T10:52:57+00:00,209
38ad0d56b2784c4e7ea9ade2934127919e5f1b1e6233d3a23f0b4f9b249ecd82,2025-11-01T10:52:48.410383+00:00,2025-11-01T10:52:57+00:00,209
55beb412af66f2de2a3ace316da417919e3035edb8665558d1d227d1d788558b,2025-11-01T10:52:48.539492+00:00,2025-11-01T10:52:57+00:00,209
0ad1cae4a4b5af8734354108de641e5cf91eac770458e5d572f32ae77a114b52,2025-11-01T10:52:48.665436+00:00,2025-11-01T10:52:57+00:00,209
afaf936850026e2eaa90de713e62e782dbc159f202c526b225803f5607766921,2025-11-01T10:52:48.792254+00:00,2025-11-01T10:52:57+00:00,209
cb41c7dcb96e7f9a793ad1200e26c61d8adeb3b581316309e92af56305ce1bff,2025-11-01T10:52:48.916950+00:00,2025-11-01T10:52:57+00:00,209
d68cbdc77f5283beb84060e89f7296047f3a8d3b454c1c2edc6baded42dd56dd,2025-11-01T10:52:49.050948+00:00,2025-11-01T10:52:57+00:00,209
ed2316a6d9e6543a396b7c3a88f19fa9e7215941b053bbe2bebbaeadafe27720,2025-11-01T10:52:49.180958+00:00,2025-11-01T10:52:57+00:00,209
7bc94f124a267b63428622a0a13e1b03c892866292c4ec0de3582753c70dffb2,2025-11-01T10:52:49.310271+00:00,2025-11-01T10:52:57+00:00,209
b7f48a04e06c618fe2f91b3c9d8aa650af03c87b99bce7546264e44b469fb214,2025-11-01T10:52:49.437788+00:00,2025-11-01T10:52:57+00:00,209
302e85e98b68922f9dd63fc2e5c9d68a4958e5a5693ea3f7cae1d49f18b51cba,2025-11-01T10:52:49.560620+00:00,2025-11-01T10:52:57+00:00,209
f98882e83857ab40eb8c5f80ee43a2fd7badb0f8911cb6879c59e6a87ecf214a,2025-11-01T10:52:49.691711+00:00,2025-11-01T10:52:57+00:00,209
8d915dc7d249c5776c316fe4796bb88a201c1a8b3d7950fc43d5583833731e83,2025-11-01T10:52:49.816472+00:00,2025-11-01T10:52:57+00:00,209
3fe12672d433f1bf0b6d56b2f146b90053df72aa3e44edd18dcf46cfd97fcab2,2025-11-01T10:52:49.947313+00:00,2025-11-01T10:52:57+00:00,209
c01b44826ecbb665e8813591a9f91cf374b62245adca25a42d917ba396b777fa,2025-11-01T10:52:50.078259+00:00,2025-11-01T10:52:57+00:00,209
39917e35962930185386d8f397308216678c5ab6c1f1218936230060e0b7ab7a,2025-11-01T10:52:50.201689+00:00,2025-11-01T10:52:57+00:00,209
eefdb5dab6c8766bf12468f14945aedc89bdd5b3e9f239de88ab661f5a3578db,2025-11-01T10:52:50.329741+00:00,2025-11-01T10:52:57+00:00,209
6ee51a1535d9b608c1db278b65a719ad30f568111c997d4cd69cda838420e553,2025-11-01T10:52:50.455608+00:00,2025-11-01T10:52:57+00:00,209
9b5fd1c619277cba620bff4f8505dd4e29596491ad394355566569d26b074207,2025-11-01T10:52:50.578727+00:00,2025-11-01T10:52:57+00:00,209
a8774cf31768eb61453450b10c0f16ebecf1b6cf90efbd47e0ab07e7b69cf701,2025-11-01T10:52:50.705375+00:00,2025-11-01T10:52:57+00:00,209
060826a55732e74f3dd226265f762265eb3844363333ee3fd7ccc32f3ee753b5,2025-11-01T10:52:50.836229+00:00,2025-11-01T10:52:57+00:00,209
f3c7d393b3651bc15d15c9309bdfb276b88800b27f804e5394dca4be5e807be2,2025-11-01T10:52:50.964286+00:00,2025-11-01T10:52:57+00:00,209
ad45931598132e0b1dae258a32af22696d8f0912c5e834c716cec7e1e00ef67a,2025-11-01T10:52:51.098267+00:00,2025-11-01T10:52:57+00:00,209
9c2bac5fb7dd2d41df5ac44cde0f392667a4ac7557066434244afe5b8f2ffdcd,2025-11-01T10:52:51.220773+00:00,2025-11-01T10:52:57+00:00,209
1e21c5d800df17ae3117508f905532a0c4ee0f416d0e73cc1816de761b63ad5c,2025-11-01T10:52:51.344572+00:00,2025-11-01T10:52:57+00:00,209
f2cd1d29bf4050f3c34545892a9b5b0f4239ff06799502b60867e16fac397f3b,2025-11-01T10:52:51.476726+00:00,2025-11-01T10:52:57+00:00,209
50480afadb2fcf4328a9a44ee29e906d7ea8894a4e3eb22488cc49089787c18d,2025-11-01T10:52:51.603381+00:00,2025-11-01T10:52:57+00:00,209
4a0035a1e6d71a3bdd1403c3339900ceff21b65c54e2d913bd0a96eca5dedb67,2025-11-01T10:52:51.726715+00:00,2025-11-01T10:52:57+00:00,209
1a3894615e0e1f05ac7d28a5b56dabd5a58d08b17f04461a3918d7dba3138050,2025-11-01T10:52:51.855436+00:00,2025-11-01T10:52:57+00:00,209
cd7631066dcad65a3b6abb663b9dd71f615e382df514e3231c6590c50408dbf8,2025-11-01T10:52:51.987455+00:00,2025-11-01T10:52:57+00:00,209
79fb14947d8bf08f5ace64e0d211bc6b9f5e55c5f44c3753e5ae1d673aa6a45b,2025-11-01T10:52:52.119826+00:00,2025-11-01T10:52:57+00:00,209
ae2c0eb086d2e68579d9c8f3d92b9aeefc2ac766e1d32a9a4393f579ff4780df,2025-11-01T10:52:52.242656+00:00,2025-11-01T10:52:57+00:00,209
60e6d97892c1a8bed60240c1b096cd9324fe3251ff839675f671ea4026bebbc7,2025-11-01T10:52:52.572167+00:00,2025-11-01T10:52:57+00:00,209
ffdc1e084c372698c9061bfb1c5a216a7cd5fbb8d24b7d1c3d24a03adaf9b050,2025-11-01T10:52:52.704620+00:00,2025-11-01T10:52:57+00:00,209
a1dc89ebc190f750ffe5d9907b4dd9243a0ccba52c1b4d3a7bc4a4f37d369c30,2025-11-01T10:52:52.835483+00:00,2025-11-01T10:52:57+00:00,209
7fea41ed9550c8b59244af0608fb062fe431dfdf9f0f31c05252a5b2b01f6000,2025-11-01T10:52:52.959601+00:00,2025-11-01T10:52:57+00:00,209
236ad9133027df4e067550270c1b7b2c295e14f173b387d09f740f5168a3892b,2025-11-01T10:52:53.092081+00:00,2025-11-01T10:52:57+00:00,209
f9241f803e4d72e11053807e70988d44375a391a2cfb7b6fb5c402b377cd1939,2025-11-01T10:52:53.217581+00:00,2025-11-01T10:52:57+00:00,209
29025deb1e5ba5216c5763d85eb3c2a54ead8afcb50dac231656d767786fc545,2025-11-01T10:52:53.344485+00:00,2025-11-01T10:52:57+00:00,209
a9b54f49c31bdc8540b5922a6f397cdd6c1b77f90c0b33c9c100f613014c22c0,2025-11-01T10:52:53.468197+00:00,2025-11-01T10:53:03+00:00,210
09692b094690d700d403133abbbec5b62da835dd6997ea6891e5ae9800cad239,2025-11-01T10:52:53.594202+00:00,2025-11-01T10:53:03+00:00,210
cd6b99df413345e128bfd84512b1ad82d8b588de80f8a1783adf17f6419ddc78,2025-11-01T10:52:53.720951+00:00,2025-11-01T10:53:03+00:00,210
b3ea4fca32267d2230a06e0074876fe3d4b8c7192cec0df3b6fb9c44c393d1c4,2025-11-01T10:52:53.851427+00:00,2025-11-01T10:53:03+00:00,210
a3d07bb9b3f291aec2d7d550539d86c68622c33ff8e35b6996c52959b7fdba33,2025-11-01T10:52:53.978640+00:00,2025-11-01T10:53:03+00:00,210
2f4916d9bdd0e69a86c48576015756d1b17bc82270ce45177533579bcc2f7410,2025-11-01T10:52:54.101677+00:00,2025-11-01T10:53:03+00:00,210
ddd0318b36da0ca1c72a97a159eaa8d0b97dae968283a3f84b4f0e9948521bb3,2025-11-01T10:52:54.227389+00:00,2025-11-01T10:53:03+00:00,210
f82b26c4ac147cafc0ce03687f3b887dc4ff774d2a55bdbc6cc60535b74a3f6b,2025-11-01T10:52:54.359605+00:00,2025-11-01T10:53:03+00:00,210
1c5aa962929b65192c568ea1e6b76dd7d6d02a604fcd9299ce4d4ff38d15a67b,2025-11-01T10:52:54.488567+00:00,2025-11-01T10:53:03+00:00,210
1b1812c677cadc86062029d4c78e3221ed679f0351107a27a449d440300fce00,2025-11-01T10:52:54.614067+00:00,2025-11-01T10:53:08+00:00,211
1d3c92c70fa75a978c46e90a84da3e26587cfd637cfebbe65fb8b7cd2f94e5df,2025-11-01T10:52:54.741803+00:00,2025-11-01T10:53:08+00:00,211
ab75d2ec579f37eaf22a20e3fe49ba26aaee6b0c5cc7550111c48e30e116e8bf,2025-11-01T10:52:54.868613+00:00,2025-11-01T10:53:08+00:00,211
9ae06bfd04b6f21660b9cee419ff6bbc4fedea4898399cfc0bda9eec7a0a2226,2025-11-01T10:52:55.001580+00:00,2025-11-01T10:53:08+00:00,211
9f996487347fc64bbebe124cc4da897aa9b2a0854e56953e657b4415b8ad1b57,2025-11-01T10:52:55.128072+00:00,2025-11-01T10:53:08+00:00,211
38d995dc03f82e94bd50b9ca4f48ad391621d5ec3eb7150f30aded2589c22f46,2025-11-01T10:52:55.257081+00:00,2025-11-01T10:53:08+00:00,211
c1f072893cb98fce85ae5c0670435be29d83a1e95b41d6296d28c063dfd2be43,2025-11-01T10:52:55.382039+00:00,2025-11-01T10:53:08+00:00,211
1aee93c8217b6b79b7c02869631bd212b4650400ae15917a2d21f95e2dc50c24,2025-11-01T10:52:55.512223+00:00,2025-11-01T10:53:08+00:00,211
1b23186876b0f607e6a9ecac71b429899f36651b6d7c74d2730db968be718e2c,2025-11-01T10:52:55.636277+00:00,2025-11-01T10:53:08+00:00,211
0967bd3fc9e5fff6b1be89cb37b0dc78346cde779a7b4b013020069e47adec7e,2025-11-01T10:52:55.758284+00:00,2025-11-01T10:53:08+00:00,211
3f67749fc233ea82b0064923ade8268965844a35c544ae5c386b01941ed7625a,2025-11-01T10:52:55.885646+00:00,2025-11-01T10:53:08+00:00,211
2225034f89188bc14749e4efd308ce23e064780a419f637886b96793e85e66fd,2025-11-01T10:52:56.015321+00:00,2025-11-01T10:53:08+00:00,211
15eceaf76e871e240b3b736486a1ee33f18fc847e50e53887d20b490fea2ea21,2025-11-01T10:52:56.143049+00:00,2025-11-01T10:53:08+00:00,211
387f817ab61562f35153300e2311ed4f893c7f44f5bdfb90a4d7f15186ef13e8,2025-11-01T10:52:56.275848+00:00,2025-11-01T10:53:08+00:00,211
160c949e1f5e2802e2b647afd4c416a4c6a39cd6c4760ed4bf57e731ecbfdf88,2025-11-01T10:52:56.404471+00:00,2025-11-01T10:53:08+00:00,211
946e7218c75d754310b26153df9dab4f9db3a74f5ffd3274c60d65445e3322ba,2025-11-01T10:52:56.537323+00:00,2025-11-01T10:53:08+00:00,211
889449ea51505362ff1ff66cf2b308de6c6e6f45c50347d7b950d3d12ebdb07b,2025-11-01T10:52:56.664159+00:00,2025-11-01T10:53:08+00:00,211
b43e2f275c8f70129dc4d2c11a2d3532a50c3375365b38a7f024ad2abd274be4,2025-11-01T10:52:56.790483+00:00,2025-11-01T10:53:08+00:00,211
61a62b66aa34e4d6c4117a78035201df8a9f9fa8f60cbb8d59819db6a57a3e8c,2025-11-01T10:52:56.917665+00:00,2025-11-01T10:53:08+00:00,211
4bf29fc2816081cf1b98f57a3956664455ec970039ae6b005f24ad6942258a73,2025-11-01T10:52:57.046401+00:00,2025-11-01T10:53:08+00:00,211
a8c824fb753e7da1b83a7acf4aea8f28ed283858c7bb5d5d1d5b1c15288b9fa9,2025-11-01T10:52:57.179206+00:00,2025-11-01T10:53:08+00:00,211
c3a032a3535f806cc444556bae97c52c0e03990a218b44f71f43070bb1eb24a5,2025-11-01T10:52:57.306219+00:00,2025-11-01T10:53:08+00:00,211
ca7b02a283d236fd1e780133e12d03808cab7635e7c347f6c2b94f9ce3c938c9,2025-11-01T10:52:57.434074+00:00,2025-11-01T10:53:08+00:00,211
ceedfbba83b0150806203fba923225c25f612eb42e4a258247427c4c708f825d,2025-11-01T10:52:57.561700+00:00,2025-11-01T10:53:08+00:00,211
d9b4b801e9a2aa96f271fc9d41b04c70dcf6fe5ddc2280f1a59dfde036a1272f,2025-11-01T10:52:57.904306+00:00,2025-11-01T10:53:08+00:00,211
5468dd73b7bf25d8c05f5c649917f03556254200ded622530de52fa7c873fa2a,2025-11-01T10:52:58.026273+00:00,2025-11-01T10:53:08+00:00,211
9010c2fb082907a5ffc55cd760c344e14f759174070b46318fd88125e0bf5c44,2025-11-01T10:52:58.158425+00:00,2025-11-01T10:53:08+00:00,211
440d99bd7257949311675beec7ed104ebac08e3c4d4d52c291b1dbf84335e341,2025-11-01T10:52:58.280411+00:00,2025-11-01T10:53:08+00:00,211
0474d6fa6fa84f4b505f047f911eff718be099c51bac3b639c0a6b6bb9eadce6,2025-11-01T10:52:58.408986+00:00,2025-11-01T10:53:08+00:00,211
9d9c5f437ee18fac2c3560bf679c43c36d6573539c2c7d07f15fd8f8de6d43f8,2025-11-01T10:52:58.532990+00:00,2025-11-01T10:53:08+00:00,211
7e9f32e02504974c3587722775fa5d37ce2a55de4fa654d07f9d461954c8bb92,2025-11-01T10:52:58.662052+00:00,2025-11-01T10:53:08+00:00,211
b3285c01e61ed8ae307d929db79489ca706931cd1a17b6a1e1d805e71b85d488,2025-11-01T10:52:58.791688+00:00,2025-11-01T10:53:08+00:00,211
527888487492dd2cf4e1fe08fc6baec01eb4da838b8c280a2edcfe6030e7d99d,2025-11-01T10:52:58.924566+00:00,2025-11-01T10:53:08+00:00,211
6ba89e0c146c2c46e9262cf95363c4ef2e04d8fa3857f8d9d03963acdb0f189b,2025-11-01T10:52:59.047623+00:00,2025-11-01T10:53:08+00:00,211
5968142e2645839edc701a1c8f3a7d8fa29f27c08c52784e860c943d8cb01335,2025-11-01T10:52:59.177694+00:00,2025-11-01T10:53:08+00:00,211
57204a65621a85ae521a92df37d6f1fb0aedde006a02f68682c815e4880b6905,2025-11-01T10:52:59.300679+00:00,2025-11-01T10:53:08+00:00,211
95db64c2d68a4f049d517179a5a6f7fdbf87f103dc970169a79ba223c3846bd0,2025-11-01T10:52:59.424504+00:00,2025-11-01T10:53:08+00:00,211
00fcc80d8608b3bf1ebf10d47a3c944c2365dd69eda44225cc0a48a7cea70abe,2025-11-01T10:52:59.552123+00:00,2025-11-01T10:53:08+00:00,211
688c5d4c97ecc0191f2dfcdfc00dca9e38f66c363d82b5db5eecb73bb068341f,2025-11-01T10:52:59.682146+00:00,2025-11-01T10:53:08+00:00,211
b6f625bb6d435efa4f67ac7322481c6c68c18248fcb934c1e436dc2c100ba5c9,2025-11-01T10:52:59.811681+00:00,2025-11-01T10:53:08+00:00,211
6fdec4fe5ab7fdf447a7c7bde46910091b208fd5ac781a2e67f5ed670d834996,2025-11-01T10:52:59.938505+00:00,2025-11-01T10:53:08+00:00,211
ae934c5f2503b797d2ac5b5f65eb56a9cf37e83cd0bdf8ac5575d1d626ccb8d4,2025-11-01T10:53:00.061588+00:00,2025-11-01T10:53:08+00:00,211
f798a6eab959966b9a88e4d308ecb73ca190c9b0cd42535a081c4a341d202c23,2025-11-01T10:53:00.190292+00:00,2025-11-01T10:53:08+00:00,211
335fa332cd8f3bced78f751b076e0a10383afde8e7af1b6d0019533946e06a0d,2025-11-01T10:53:00.319809+00:00,2025-11-01T10:53:08+00:00,211
0744251f546d17176fcf1ad304fa46dde213f0b5e58f4f92991653e47dd33792,2025-11-01T10:53:00.449064+00:00,2025-11-01T10:53:08+00:00,211
840508a712f8a737a3bd21a9ba5755ed42fb5e647371736905526caf3e6271b0,2025-11-01T10:53:00.576063+00:00,2025-11-01T10:53:08+00:00,211
ebd598338ae8ad1f21ec35049de661dbcd015cf4c9d5d02403cedc9023550821,2025-11-01T10:53:00.706814+00:00,2025-11-01T10:53:08+00:00,211
c72753eccbee180db86cb33af07a88d162dce4707119cef4f30b63ec37e5b65c,2025-11-01T10:53:00.839973+00:00,2025-11-01T10:53:08+00:00,211
89294aec7ce2372a5e5634429aefec8b38d7c37900624318ea7e3c2364972c67,2025-11-01T10:53:00.967256+00:00,2025-11-01T10:53:08+00:00,211
7d8700c50df8bd079ca2fb8ea91a35184e8fae8c5bc08282f9e5c07ce35fc29d,2025-11-01T10:53:01.088470+00:00,2025-11-01T10:53:08+00:00,211
971068badb622689872ddf643488f5396e443138357735acbe28fe830eea9f9c,2025-11-01T10:53:01.211038+00:00,2025-11-01T10:53:08+00:00,211
6c5fe4fe93887557374388b1ae7507c46a93adba04b0e1390486134d38e1ec07,2025-11-01T10:53:01.340497+00:00,2025-11-01T10:53:08+00:00,211
7da3357447c85873405c2062c38e2cdb58ec34e8b35b281abede4e568312132e,2025-11-01T10:53:01.475416+00:00,2025-11-01T10:53:08+00:00,211
d3dc42fa7bb4ccc31042803e519e7ed6fd1499b3b1f858888817c7ae02dee2ad,2025-11-01T10:53:01.600712+00:00,2025-11-01T10:53:08+00:00,211
53fa9e94e7c1dfea388cfd5505e75177ef56aaff92cd0a288e4c64b58c2bfe47,2025-11-01T10:53:01.731650+00:00,2025-11-01T10:53:08+00:00,211
0b49fcc57b3da074b354dc6af34120ffaccf27667e881e82cf474c6d9fd00ab9,2025-11-01T10:53:01.856467+00:00,2025-11-01T10:53:08+00:00,211
2a119af3bb3fd0f0c7d9899a9222769b9388a6eb806d9d73a93086985db573b1,2025-11-01T10:53:01.988410+00:00,2025-11-01T10:53:08+00:00,211
c749e4152ab6ab1c81db8b64537e8e68c26372bf1a56bfd1aff18f3a7206fd67,2025-11-01T10:53:02.118844+00:00,2025-11-01T10:53:08+00:00,211
431365d22cd995f7a255909691777dbd0948e7accde40a9b26d8e78b7a9a9d78,2025-11-01T10:53:02.245190+00:00,2025-11-01T10:53:08+00:00,211
ed14a1838ed93f030b2427ee443a5e2a9f384d394ec1cfe0ed854c873a690ce1,2025-11-01T10:53:02.374361+00:00,2025-11-01T10:53:08+00:00,211
b034a0c5ad75fc9165b685187819f086fa84c1127e024af72b2c195c81b672c2,2025-11-01T10:53:02.503741+00:00,2025-11-01T10:53:08+00:00,211
2038dda426be67ad76dd2ff0447ec0c1acff78d63b3deff551baaf0d73bd69c3,2025-11-01T10:53:02.630934+00:00,2025-11-01T10:53:08+00:00,211
9a8598c85393ea675a2ff418b0fd8961df5a285d756a78b0c56423f396b71e7a,2025-11-01T10:53:02.757860+00:00,2025-11-01T10:53:08+00:00,211
2cf930b8d2c330053df409bc180c1b9870955d0cc0be59fcca8cd390af923bd7,2025-11-01T10:53:02.884992+00:00,2025-11-01T10:53:08+00:00,211
8eadbc603908bcd147765dce68ec4acec6206bbc8c475c380c7d4a6c99157489,2025-11-01T10:53:03.224294+00:00,2025-11-01T10:53:08+00:00,211
124403ed8ebdb81783b81b0cec37a457f9e139219116d296220765936b391ce0,2025-11-01T10:53:03.347556+00:00,2025-11-01T10:53:08+00:00,211
68093f7485466bd117e4398a5bcd757bc8b7b814fcafe7b5707259000880385b,2025-11-01T10:53:03.477468+00:00,2025-11-01T10:53:08+00:00,211
66eb68945cb01d69c9bb6c2e958c4703c4391ec29e7cedfeedd0848faba7915f,2025-11-01T10:53:03.602822+00:00,2025-11-01T10:53:08+00:00,211
7ae4db13197847adaa85bf3afbc395a00c5834159f8d034ad1b3c26f80cd5831,2025-11-01T10:53:03.725925+00:00,2025-11-01T10:53:08+00:00,211
3c2bdb0584ce8a64b6b2d1f7c3d69028798855c622ba5b4c1ca91b0e85449bf2,2025-11-01T10:53:03.855981+00:00,2025-11-01T10:53:08+00:00,211
c37ac7a8625314f3a72d8efd760796973df407de3fff25d5b6d5d7be0983b8ff,2025-11-01T10:53:03.979674+00:00,2025-11-01T10:53:08+00:00,211
899ced3771b808d018022b8e89d69558a526fe4efd87c669fca59ded26ca9832,2025-11-01T10:53:04.104026+00:00,2025-11-01T10:53:08+00:00,211
fbe08fbf4335cb8d8bf89ef82ada0356829ac9794a92f0278918ff5c0ddc462a,2025-11-01T10:53:04.234748+00:00,2025-11-01T10:53:08+00:00,211
e3e66ec7bbc20aafebd71eb1d26319ea1eb66980a6d626646f6b2f0d2199959f,2025-11-01T10:53:04.361009+00:00,2025-11-01T10:53:08+00:00,211
fcd388c3689ab9b14d155360038e6e3c7e3de4fd03e15518f1fb2f1fa2a7ece5,2025-11-01T10:53:04.488792+00:00,2025-11-01T10:53:08+00:00,211
4362a2e18cc9920b8468f8d8b9a5b3d2c12fd397f9e807b53fdbba87c7c890d7,2025-11-01T10:53:04.625009+00:00,2025-11-01T10:53:08+00:00,211
c601facd6fd858b28194265b87e9219f059e8385ead8ed4ec683e56476b992c6,2025-11-01T10:53:04.752630+00:00,2025-11-01T10:53:08+00:00,211
ad0a4c160b31558be2d229aacff4374bd57aff111c0b105eb376460a72508848,2025-11-01T10:53:04.877619+00:00,2025-11-01T10:53:08+00:00,211
73b136442062534bc8c59047c95a0b8b7d2bcae963f5895eb00beb0eaa92ed74,2025-11-01T10:53:05.006369+00:00,2025-11-01T10:53:08+00:00,211
eff2ace9183b1d776a1164ea394de77a8c5464665ef90350df439cd9e2131ee4,2025-11-01T10:53:05.135753+00:00,2025-11-01T10:53:08+00:00,211
dd8dd4d2d1738ebe2c45ee11de94174d3f28f782e13a0107ac16d9597a303489,2025-11-01T10:53:05.261497+00:00,2025-11-01T10:53:08+00:00,211
0183bfb9331b12cef7cd008fa3020344bef92a0ee3fc8e38bd61761b83027934,2025-11-01T10:53:05.384804+00:00,2025-11-01T10:53:08+00:00,211
25254ac1768a672d9b701bd9fc79f31458b1691078b0e6395d5dc51e6772c28e,2025-11-01T10:53:05.510103+00:00,2025-11-01T10:53:08+00:00,211
fb5f1b22a485884f23a6c9b6d0d33daf65ab7c329cc23127d5ad564b2edb9433,2025-11-01T10:53:05.634328+00:00,2025-11-01T10:53:08+00:00,211
3f2e569e1f454999967924c3720f133446b6e8558dff485b5037f572a3dc262a,2025-11-01T10:53:05.763362+00:00,2025-11-01T10:53:08+00:00,211
a7bbd6fc3fe8f3fd2c4ec61214dd70ffaae8632c958762691e2c42a125271570,2025-11-01T10:53:05.891820+00:00,2025-11-01T10:53:08+00:00,211
84478967a8d039ca287135e0e23b73a6c9695250a7da62d29a98e99a55b34fe0,2025-11-01T10:53:06.017469+00:00,2025-11-01T10:53:13+00:00,212
8d5d1e6ff32ffc46412e21e956c927173a9d7dd8997e5820b7f3dc721860dbd5,2025-11-01T10:53:06.146560+00:00,2025-11-01T10:53:13+00:00,212
72b997c7f007feaf12587e817bee04d5f0f31e33989e4633323935936b06de9d,2025-11-01T10:53:06.274414+00:00,2025-11-01T10:53:13+00:00,212
80a160823c1112773774e9c141e044475d276e796cb98a022c7553fbc969b8f3,2025-11-01T10:53:06.399454+00:00,2025-11-01T10:53:13+00:00,212
c98f4530c5c94736e108c63d34a9a0532e2b2ddd9effede2f86765f67f84c394,2025-11-01T10:53:06.522727+00:00,2025-11-01T10:53:13+00:00,212
2afe55ce012b71d14effc195baf5437702f95e09df73422ce99a182537ee0ec1,2025-11-01T10:53:06.652251+00:00,2025-11-01T10:53:13+00:00,212
58dc6003bc1973926f85ab262dd57a967bf31b081fd3c16cc884e6d7eacc4730,2025-11-01T10:53:06.779161+00:00,2025-11-01T10:53:13+00:00,212
5be58bd18c857d7a350b29b717c5c7436d788649bc0892e23cd8d5455dd41db5,2025-11-01T10:53:06.909310+00:00,2025-11-01T10:53:13+00:00,212
7b141ca60d9c6791e1dd35feb61f369c3b9074a1970857c12c0c0fbc2d832d6d,2025-11-01T10:53:07.033195+00:00,2025-11-01T10:53:13+00:00,212
1a13f4a90e09cb47f3eb5d03abb6c3e532839ae0d7ec7ab0d18592ae7df62a54,2025-11-01T10:53:07.160698+00:00,2025-11-01T10:53:13+00:00,212
51f6cb3e91027da7fd848c8a5b079a9a474405de617e71d409051e8ac6406ce4,2025-11-01T10:53:07.290834+00:00,2025-11-01T10:53:13+00:00,212
80ccc90afdffe0d250c1e7c43f70fa1172ab11c602d8e9ac0268bf7ad8dec1bd,2025-11-01T10:53:07.417686+00:00,2025-11-01T10:53:13+00:00,212
af752eb658d47092c9d8c355b9a27f929dc5ff7250bc5ef1238e85d9ff6bd6e4,2025-11-01T10:53:07.547026+00:00,2025-11-01T10:53:13+00:00,212
b448adc97d17a4da6f4cbdc1bf4b60f7cb72a7fa38f34312f0cd0d21e67e7e9e,2025-11-01T10:53:07.674453+00:00,2025-11-01T10:53:13+00:00,212
f277b944949d417215992fa28ebd85888ec2eb82847d35bcdddf3a04fc2872a1,2025-11-01T10:53:07.801545+00:00,2025-11-01T10:53:13+00:00,212
4df9bc1f8f7efca3496167d12805d7e0c41b24b634f44f0ccedcabd50d2de589,2025-11-01T10:53:07.929080+00:00,2025-11-01T10:53:13+00:00,212
1c1b0e5be16b7a9fdf4cf670ffa777e6fdf225a0849f938ae7f78018f8cb8255,2025-11-01T10:53:08.058233+00:00,2025-11-01T10:53:13+00:00,212
38ed6b3b33f84d443678fa2e7d299b5108e18552d2e35559cd8ad2d2d259ffd6,2025-11-01T10:53:08.184404+00:00,2025-11-01T10:53:13+00:00,212
68be94746c3d230010d0ee9d65bd3883848369ef6e67f615f28d683334d54d30,2025-11-01T10:53:08.555444+00:00,2025-11-01T10:53:13+00:00,212
da6b7e0f36722da1527a8f2fc26e4ba645df2825a1c0f0e5fc2d1f4ebcbd3233,2025-11-01T10:53:08.676251+00:00,2025-11-01T10:53:13+00:00,212
2196eb88abc18d026118315d94338b9cbe9481120f401a9628a6059a935959cd,2025-11-01T10:53:08.799844+00:00,2025-11-01T10:53:13+00:00,212
da782a504091531e661ab0e558c24b9341881ff7ca37222400cb2f619b67e3e4,2025-11-01T10:53:08.920529+00:00,2025-11-01T10:53:13+00:00,212
9b5432e41c2c3b6ac5b24ca698d49d2920a3ee35f1efb6d8590b82c1574c5e3d,2025-11-01T10:53:09.040962+00:00,2025-11-01T10:53:13+00:00,212
928bf1db40d6ae328f9478e2ff10a502d6a0932b97c71d124dbedd1ae428fbb2,2025-11-01T10:53:09.163186+00:00,2025-11-01T10:53:13+00:00,212
4ac979b32e608c7aa6f27a1575d6720f3b3209d237897ca1a5001798d73da907,2025-11-01T10:53:09.285326+00:00,2025-11-01T10:53:13+00:00,212
3ec04fb0d4bf6c18e8e8da1f82371e2650cab9c1ec13bf3f3ecdcf56421c60f3,2025-11-01T10:53:09.409454+00:00,2025-11-01T10:53:13+00:00,212
a19a8be2326b217826fcdb1dc46729e62a9a223f103ec7bd0e1d35efa0f80dac,2025-11-01T10:53:09.530033+00:00,2025-11-01T10:53:13+00:00,212
829d259a33959e9159b9dce6182a3d477f2f9f0ee7823c84e3edef5998b3f84e,2025-11-01T10:53:09.652632+00:00,2025-11-01T10:53:13+00:00,212
e159522ba3c2d6dbdd6c310e59518c6d5f52862e95da30612492d61c64a4dc22,2025-11-01T10:53:09.774548+00:00,2025-11-01T10:53:13+00:00,212
467e0b19fb59c8fe719dab6a9384663289f8acb746c1d80248c0bfd667a34d90,2025-11-01T10:53:09.896198+00:00,2025-11-01T10:53:13+00:00,212
2950ef2a5489a8963cf82c3e8b794bc7f9eabaed3384a59d27f396949ca706e2,2025-11-01T10:53:10.019224+00:00,2025-11-01T10:53:18+00:00,213
b0290fef4f2388631d108b48d4c95b0f23bbe5aec86090abbe59bab6dba2d9c0,2025-11-01T10:53:10.142499+00:00,2025-11-01T10:53:18+00:00,213
992a5c6f2bd1ddc3694961c7f8f2345bef22ad9f1841889fb5a2505765fa9e9d,2025-11-01T10:53:10.277946+00:00,2025-11-01T10:53:18+00:00,213
21aff333897a3509f3dac6831d10c538d8bbce3fc5b3537e34479d90ae2e07c4,2025-11-01T10:53:10.404205+00:00,2025-11-01T10:53:18+00:00,213
37e4f0b8332782ea345a01aed3b74e2151d05e6097c480d778ec1a46ca2d959f,2025-11-01T10:53:10.528574+00:00,2025-11-01T10:53:18+00:00,213
796223fb8d3fed737f5e0e06d093b01a903a4f8bb29791c78a8dc494eff922ef,2025-11-01T10:53:10.657313+00:00,2025-11-01T10:53:18+00:00,213
b6a0f8afc88bd5bbc26b4c92cd0d3502779acf4fb590a77a62b4550d426e1ce0,2025-11-01T10:53:10.788914+00:00,2025-11-01T10:53:18+00:00,213
a29e2a5c20e3f539339ac9e98424277fad5ab989e8ac7b593a114e9bd0571bce,2025-11-01T10:53:10.913212+00:00,2025-11-01T10:53:18+00:00,213
d10c163319114989c7889072f9ee52e048be6ae888b3ba9c93e1aebbcdff31a3,2025-11-01T10:53:11.040360+00:00,2025-11-01T10:53:18+00:00,213
93529b03f3b9d13a66035c59b3a12369612ec2d49825c21af5f4015f6c2d0bc2,2025-11-01T10:53:11.167562+00:00,2025-11-01T10:53:18+00:00,213
4307f84b95dea8cd84126e4b7d13266658b8d3ccf78738159b1929d6cc2f537c,2025-11-01T10:53:11.306614+00:00,2025-11-01T10:53:18+00:00,213
249c46b9a39bbbf9b430979994686c0486c51938a4a560620d00de5ad92a3037,2025-11-01T10:53:11.430414+00:00,2025-11-01T10:53:18+00:00,213
e85b7326fb43d0edf16eb0f00bc38e26c63d3edb9247e02acedc2ef010477706,2025-11-01T10:53:11.561524+00:00,2025-11-01T10:53:18+00:00,213
1ff2cc6e948bef05c1c232842175ca534944f38ae6c6c10b725702900a973504,2025-11-01T10:53:11.685181+00:00,2025-11-01T10:53:18+00:00,213
98135493ee6afbb8c880419664bce500fee563a06b25aec41005d096c2b2588f,2025-11-01T10:53:11.817197+00:00,2025-11-01T10:53:18+00:00,213
6991553dc3aa7a504248e381a681840cb62417b9eddb7b4c09e863333546efe0,2025-11-01T10:53:11.945933+00:00,2025-11-01T10:53:18+00:00,213
aecc68e70f1f2e28d1140bfaded9ad0d0e4ebf5f5c4881a4318fe44e5a8df312,2025-11-01T10:53:12.068425+00:00,2025-11-01T10:53:18+00:00,213
52f0727214a2679a4cf14f387b9e62314acfba9871b20b54a7bd61f8083c21a0,2025-11-01T10:53:12.193218+00:00,2025-11-01T10:53:18+00:00,213
5fad37d3307c8c5b159e2f781d57e9477fafcb18083e034119f4237c15f8aa3a,2025-11-01T10:53:12.319132+00:00,2025-11-01T10:53:18+00:00,213
b47ccc8d06bf2d8770944f0dadb5380b9eb7979af5f26d7dcf0a3b50fb044d88,2025-11-01T10:53:12.443217+00:00,2025-11-01T10:53:18+00:00,213
c1c389c399099f3f180d8afd4fd4216dde92d08832736b746c6e59e050c57b1d,2025-11-01T10:53:12.577344+00:00,2025-11-01T10:53:18+00:00,213
a3d7bb06c7f606b7697856f4254285d5670b3f806979c46ad576024de158b58c,2025-11-01T10:53:12.706268+00:00,2025-11-01T10:53:18+00:00,213
6fab3131b1be712ffcb53b83d28c4fa6f2945aa9acc108e87fce7b9e2a4c8f87,2025-11-01T10:53:12.832618+00:00,2025-11-01T10:53:18+00:00,213
b44bff15e28c2aa8e07898e6f5d7ecb8ad3d938dac3215568867d82565d04f9a,2025-11-01T10:53:12.952904+00:00,2025-11-01T10:53:18+00:00,213
a9a61df0ae2d776a9827d75ac4b75428d7ff270c4d71eefd26c7cfc718265cee,2025-11-01T10:53:13.076977+00:00,2025-11-01T10:53:18+00:00,213
367516245eb7dae82b6500723ba241bc906b17a7ce7c5c26b821f5f01e2f5fc5,2025-11-01T10:53:13.200451+00:00,2025-11-01T10:53:18+00:00,213
a7b6cd0e8c8b4a71a59d95d2373007fd9545a7897c3edc999a4c7ec90934e28f,2025-11-01T10:53:13.333835+00:00,2025-11-01T10:53:18+00:00,213
fa41c787ef3366ca3360aaf3975c5f3fc32b7f803ba6763e6e5e9b5a088db219,2025-11-01T10:53:13.460546+00:00,2025-11-01T10:53:18+00:00,213
21bd895da3dc56b8cc6c117f95369d53d1e29d78790d619d22b4e2920b75c904,2025-11-01T10:53:13.784507+00:00,2025-11-01T10:53:18+00:00,213
b348a17e367bd830a9a5cb189a015e948ce230c1daa5369c719963052351ac15,2025-11-01T10:53:13.902817+00:00,2025-11-01T10:53:18+00:00,213
fe1ffd9ae31b6f60678765a8553bc7a486bdbca6a67525cd9cf6d5dd0fec6546,2025-11-01T10:53:14.020757+00:00,2025-11-01T10:53:18+00:00,213
76fe03fd8889177b9f02d1b6cf0a6840b6a20e115baf1e17692f204fbc7f79d7,2025-11-01T10:53:14.139606+00:00,2025-11-01T10:53:18+00:00,213
33aad9b939cd01d7b19e12f74712ee6312c214df9cdbf243ffc4c7ee329316ca,2025-11-01T10:53:14.259079+00:00,2025-11-01T10:53:18+00:00,213
93b9effb142584a6c05007e19674b29973f8e857a42c72686893016287aa413b,2025-11-01T10:53:14.381074+00:00,2025-11-01T10:53:18+00:00,213
0470fd4a3308a1a83e6c96811ceb32ea1be649d0d5aa15887cfb6399c7c7344f,2025-11-01T10:53:14.503318+00:00,2025-11-01T10:53:18+00:00,213
2673df3057d4a16351a1c2c12c792d7891c0955f4d6be4c21d52185e66a79481,2025-11-01T10:53:14.623062+00:00,2025-11-01T10:53:18+00:00,213
32af76f8320daaba39c4f5a85be30092d99580ed78f5dd87cbaa5b704e534ffc,2025-11-01T10:53:14.741088+00:00,2025-11-01T10:53:18+00:00,213
43752557b98663e731188c8121b6ef5da1f36c47d7a15a560280fab42d672580,2025-11-01T10:53:14.865406+00:00,2025-11-01T10:53:18+00:00,213
790a6676c6221162196601b824b599e7df06f8d3efaf68c8963d62414f48f79b,2025-11-01T10:53:14.988853+00:00,2025-11-01T10:53:18+00:00,213
d91a5142ab6715ce6727db50ad4ac5b6f5ca911419e18bcd294a823f542e7b97,2025-11-01T10:53:15.111587+00:00,2025-11-01T10:53:18+00:00,213
39c14142fed10a11e217158c2230eb77eab09fcdb4f509359c3bdfaedeb37c46,2025-11-01T10:53:15.231658+00:00,2025-11-01T10:53:18+00:00,213
f614ac56d490cbc0b482caa8443088f9cf07a7acaf1a93c6e6bab7d948ceaff1,2025-11-01T10:53:15.353822+00:00,2025-11-01T10:53:18+00:00,213
faca70d81a215fb082d8aea378009bbbb2aeacc3283dabebd47b34be695344e5,2025-11-01T10:53:15.479585+00:00,2025-11-01T10:53:18+00:00,213
a96758c7cee6c9ef7a8aaec103107e5bcbc7c718f04eede18fdab78ac28cc7b8,2025-11-01T10:53:15.600028+00:00,2025-11-01T10:53:18+00:00,213
a5bbd1b5099c26098da70bfb7b14fb5b2e2917dcecd1b9fdbb2a60bac6bfb83c,2025-11-01T10:53:15.720734+00:00,2025-11-01T10:53:18+00:00,213
a4577406eca9fa75a58bf36b1d30e220f873475e1391316017d12cdfbcb7c408,2025-11-01T10:53:15.843709+00:00,2025-11-01T10:53:18+00:00,213
ed66515decd4628d5ca44a84877bd3fe24cda75de577625dd7ad9d654eea9797,2025-11-01T10:53:15.968418+00:00,2025-11-01T10:53:18+00:00,213
4a84165ab19eb7025728dba20c4021a5f7d7663379dbac8a7c7e99fb6a8da721,2025-11-01T10:53:16.095244+00:00,2025-11-01T10:53:18+00:00,213
79411a2c2fed93c131d3615505118c69a425a8b052caddc6fa3e50bf1df22e2c,2025-11-01T10:53:16.221477+00:00,2025-11-01T10:53:18+00:00,213
68c78f3cf39d1051e6053f03c3b1beaa81d4b2480b8bfc079a3ba97e79612bed,2025-11-01T10:53:16.342335+00:00,2025-11-01T10:53:24+00:00,214
6c7b09167a0dd9dbdadd9c56368c06dfe59eac61b7ea013120e52ec30cd05d6f,2025-11-01T10:53:16.462675+00:00,2025-11-01T10:53:24+00:00,214
d1a7dabd56de9a9163da475539e482ad8960b3521fff737c6f7fa10704455b97,2025-11-01T10:53:16.587993+00:00,2025-11-01T10:53:24+00:00,214
8c5917018b7d10a5ba2c5cef6c0b9ab4806e58a90b0039395d6d26d0c65a877a,2025-11-01T10:53:16.709520+00:00,2025-11-01T10:53:24+00:00,214
86a5cd1a5fb1f3dfedb5318cff520514ada8ce1bc52c78d4a335f4efb440f5c6,2025-11-01T10:53:16.828195+00:00,2025-11-01T10:53:24+00:00,214
d94434de3b79f11653f52ec0621ae2d48260bddd63cff274b4931a63cdec0692,2025-11-01T10:53:16.952025+00:00,2025-11-01T10:53:24+00:00,214
4283a3797042f74d47bba64547d0d8d530a8ca506853ad8cecda69bd458870fc,2025-11-01T10:53:17.070974+00:00,2025-11-01T10:53:24+00:00,214
de871ce58ba60da527b1c7c39b1b617c25b824fff96b9d75d6e00ba506f158f4,2025-11-01T10:53:17.194930+00:00,2025-11-01T10:53:24+00:00,214
1da937684d53cbe6abff33b4444e48914888cc92e9fce19bb3f96faff5532fda,2025-11-01T10:53:17.317391+00:00,2025-11-01T10:53:24+00:00,214
0c1b783ca54cc37c887fe46af7df30268a8e1bc4df4e34ad0e43a7252b653a02,2025-11-01T10:53:17.440892+00:00,2025-11-01T10:53:24+00:00,214
97b12a0544b6c400bd232349786e50820d2f9b8a45cdf18e06d238f697275a40,2025-11-01T10:53:17.561888+00:00,2025-11-01T10:53:24+00:00,214
4f8ce6701ad341340fd7b6f2def9daa04c93a9a72d75afb056ece4de9d6361a3,2025-11-01T10:53:17.694309+00:00,2025-11-01T10:53:24+00:00,214
8e4cee96ee7ce61a47050265d9f08e974221c4b19983939616cb0151ced34878,2025-11-01T10:53:17.923321+00:00,2025-11-01T10:53:24+00:00,214
e953f12d607557801b67c2b07647911f754b3d0bf9bebf898a77cfc1e8f3c88a,2025-11-01T10:53:18.047537+00:00,2025-11-01T10:53:24+00:00,214
67b8efbe36e2800e543f5581f0e6b98b08f58352e968d3ea20a7d76477542858,2025-11-01T10:53:18.174159+00:00,2025-11-01T10:53:24+00:00,214
543bc30b0eb6abffdd307a4cf19212c8c5313ba6a31df4cca1cdb28e421f256b,2025-11-01T10:53:18.301062+00:00,2025-11-01T10:53:24+00:00,214
a9e86498b97db2a47c042d13cb475e67df1cad7c9df73eee2a5e43469b79d876,2025-11-01T10:53:18.429283+00:00,2025-11-01T10:53:24+00:00,214
dcec5765971f4e422588daf614c78cc5aa62cdca310b5ee67b126af327dea182,2025-11-01T10:53:18.557245+00:00,2025-11-01T10:53:24+00:00,214
1cc9428c45a67d5dcd1b3ae0219692fd8d7a2159ed3f585ac256433cffb35664,2025-11-01T10:53:18.682261+00:00,2025-11-01T10:53:24+00:00,214
338b0b8f1f28ceea49f9e896b854e04017b661667c50b24b804d4dd7d21608df,2025-11-01T10:53:19.010634+00:00,2025-11-01T10:53:24+00:00,214
d5964f8fcdccbd0801a0ede54281e2bb372cc1b41820bfed5262806c8d737c75,2025-11-01T10:53:19.133769+00:00,2025-11-01T10:53:24+00:00,214
a8432548fc5537b0dce4dd853ccbd32fe6094b9047d7fc5bcdd64c0749b7e6bd,2025-11-01T10:53:19.256077+00:00,2025-11-01T10:53:24+00:00,214
92379c65816095fbcb9901bf11c53148c6c10719373c46cbb413be453ac02827,2025-11-01T10:53:19.379149+00:00,2025-11-01T10:53:24+00:00,214
4184e0ca6ae3f359afff992ffce33a383b978206806e57b770e8d0aba241aad6,2025-11-01T10:53:19.506533+00:00,2025-11-01T10:53:24+00:00,214
58052e6db772a14465f514a3bde912add49754216c8c7a11f9a274f9311f9c7f,2025-11-01T10:53:19.632097+00:00,2025-11-01T10:53:24+00:00,214
f2fac97e5b032b6e5a573e3cc6cf320fde8a49df959a7c3b28f6ac9708d8fafa,2025-11-01T10:53:19.760933+00:00,2025-11-01T10:53:24+00:00,214
3a0c00f1770db804e7d769dbebe15ad096850bba2bf70e134fdf33848ded18aa,2025-11-01T10:53:19.889629+00:00,2025-11-01T10:53:24+00:00,214
8a806b9aa5cc8600176aaafd9c5aa250c66b9fe5da6a62dd8c884031c1dd0afe,2025-11-01T10:53:20.019447+00:00,2025-11-01T10:53:24+00:00,214
b8bb9b04ef4499de01d866cd92506d4cc1e322aa84c6a89979180a772aefe970,2025-11-01T10:53:20.146092+00:00,2025-11-01T10:53:24+00:00,214
439f4d2833b1c70ae8488baa1ce9a456ea206df88dbed01ba88b1150fd44e03e,2025-11-01T10:53:20.282271+00:00,2025-11-01T10:53:24+00:00,214
19dd2ac2a88f0c9328dfc983aac69dfd3c028e12992855709faf4d8d0459ad97,2025-11-01T10:53:20.410800+00:00,2025-11-01T10:53:24+00:00,214
5a1b14884ab931e3e39ab54d5ede4f2b78a314a846a3ade997f50ff7a6c0b702,2025-11-01T10:53:20.535038+00:00,2025-11-01T10:53:24+00:00,214
ff66dd3a6b5f7b62043af85c81c088be9575c5db4ceec7d517a9cd4ffe42d79f,2025-11-01T10:53:20.663576+00:00,2025-11-01T10:53:29+00:00,215
6d8320ca6200dc5235302623dfe0f762e5494cb5743a72f4192463e980d742af,2025-11-01T10:53:20.790453+00:00,2025-11-01T10:53:29+00:00,215
42f9b334f8e9d58064dade9e79ebfcf9d7a6b4235f00e70aa36f373393d05ae5,2025-11-01T10:53:20.915198+00:00,2025-11-01T10:53:29+00:00,215
65e589418c6a60a90c2fc3f6b7a6477d3afbecef865eef2e422bf6f6940efa6e,2025-11-01T10:53:21.044824+00:00,2025-11-01T10:53:29+00:00,215
cb03c003b0b9c0a074d1fe623f2d116a41ae040a85146e4dd8896d7ac0262b4d,2025-11-01T10:53:21.177790+00:00,2025-11-01T10:53:29+00:00,215
2d67240179c687f1ee3f2d78362077d3c7b8157c74cdcf2b7b4ece7295ddb8d2,2025-11-01T10:53:21.305532+00:00,2025-11-01T10:53:29+00:00,215
a20cbdf64614369e2036fedfbb04dc5f39c55c416cd2305ccb95bbbb63760736,2025-11-01T10:53:21.431146+00:00,2025-11-01T10:53:29+00:00,215
17f1f29102dac6a8efde6bebd29591e10dad98d51ee4650a71bc03e266d8ac53,2025-11-01T10:53:21.561277+00:00,2025-11-01T10:53:29+00:00,215
92d5f299c6f1cd1e398edacf68bc4465a1f71f3571c6a8ed4a078c0c2bcbc70d,2025-11-01T10:53:21.686533+00:00,2025-11-01T10:53:29+00:00,215
b660200be138313e7c94de076c3610c3648fd6e032940348ff86db9807f55e6e,2025-11-01T10:53:21.814887+00:00,2025-11-01T10:53:29+00:00,215
2388c726e69dca601283d6e9f1a19040b1204e2277ec60fb347d1bbd831e7ba2,2025-11-01T10:53:21.946446+00:00,2025-11-01T10:53:29+00:00,215
f3c77a44b18f93cb5c2ebe34507816ca17b3ce334c82f7bb06f4276ec52ceac5,2025-11-01T10:53:22.072194+00:00,2025-11-01T10:53:29+00:00,215
6222686385b322505f49609300b5cf9e392a4482002ea20facbd560948ac03c7,2025-11-01T10:53:22.197628+00:00,2025-11-01T10:53:29+00:00,215
8d77cfcea0da92b7fbd8121e0c0416490d00590c0d150222f4c173e0d5510233,2025-11-01T10:53:22.332390+00:00,2025-11-01T10:53:29+00:00,215
af4c7da99088119c2444b203af8242bde9e2a84cd457f883a044fe741fa0175a,2025-11-01T10:53:22.460942+00:00,2025-11-01T10:53:29+00:00,215
67a546e4b445567f0419bd4311c829c7edfb8d508ddfd75792490973d8e3507b,2025-11-01T10:53:22.588346+00:00,2025-11-01T10:53:29+00:00,215
3b0544246c4c3e1251ddf2298078b4e5ed9d0866be8da9c9f763c134365ccc5c,2025-11-01T10:53:22.713748+00:00,2025-11-01T10:53:29+00:00,215
b369354b8eb0a822e2c70b0d5821a8e92388cb6f26b894165ccd0a81408105d5,2025-11-01T10:53:22.840040+00:00,2025-11-01T10:53:29+00:00,215
674a0789efe4cf4a79000ed337073aca358931f0a23faffe26b52acd8c26f830,2025-11-01T10:53:22.964621+00:00,2025-11-01T10:53:29+00:00,215
6819ee5a0d722394905cba8073b2fafdb102c5e761d16baec02e8e2595c0ae9a,2025-11-01T10:53:23.087890+00:00,2025-11-01T10:53:29+00:00,215
ecbed4067338801a52a08eb09c5901c6b3f7c3aefcbb86b75faea2c839df213a,2025-11-01T10:53:23.209818+00:00,2025-11-01T10:53:29+00:00,215
b05d809178226ee23c8f9a61d76d04195dd93382109fa5c2c4c2950e9a9a62cb,2025-11-01T10:53:23.337560+00:00,2025-11-01T10:53:29+00:00,215
e362ea90b25f21302037af5059cc371b05a3c4aaa76a1eab7f2ec701f8c5fb87,2025-11-01T10:53:23.463062+00:00,2025-11-01T10:53:29+00:00,215
cdc994191df2335a8f6b8c3b68c740f47ef92c6d18c9a73cf90b3e808e1f2fba,2025-11-01T10:53:23.590567+00:00,2025-11-01T10:53:29+00:00,215
cc234c3a64752a7ec0ed7597de681eb4b63b38ac747823cf6ac0d4f89ddbe447,2025-11-01T10:53:23.714784+00:00,2025-11-01T10:53:29+00:00,215
dace98a32fd5ff1c937cc96539e36d460b75a64e7595a151b47862fe28d89c95,2025-11-01T10:53:23.844323+00:00,2025-11-01T10:53:29+00:00,215
9a949a045768be9a08a72f1b6b33a51be4a29af0df54a4e9790ba61a5cdd85ec,2025-11-01T10:53:23.979298+00:00,2025-11-01T10:53:29+00:00,215
e1b810dc2bc1bc9ca4ea6685d61dd3d4b200db8b4992bdf54ec5e7243e1ec6a6,2025-11-01T10:53:24.308822+00:00,2025-11-01T10:53:29+00:00,215
5216a778eb59498b87530dedcf1264d17fdf5d97e2d96a9feb9c674de8940f92,2025-11-01T10:53:24.434713+00:00,2025-11-01T10:53:29+00:00,215
cb3cbd1640ae01f9fb35e7bd2d449c1dd36a5ab571fd2d65480655737aefb228,2025-11-01T10:53:24.564650+00:00,2025-11-01T10:53:29+00:00,215
5e64c7ae552c1c0125bd992498d3a9d5008438c1346e24dc44d738009a130124,2025-11-01T10:53:24.693062+00:00,2025-11-01T10:53:34+00:00,216
1c5467d6d74338523ea2620555f17962407b11d9f0fa800287b92634c929b3f7,2025-11-01T10:53:24.819919+00:00,2025-11-01T10:53:34+00:00,216
4d8884feb229b6c83ef333f3399eb27203fc00f514482e215862b1abbdfbaaaa,2025-11-01T10:53:24.949141+00:00,2025-11-01T10:53:34+00:00,216
b33e85f7fe429e86f477b857b703c2a3d29c059be5ad59ad335bfbfe336a332c,2025-11-01T10:53:25.070875+00:00,2025-11-01T10:53:34+00:00,216
e0df0a5ee7332c662d7a497438c3003c8221a9244107850ec98e541a68590ff0,2025-11-01T10:53:25.198128+00:00,2025-11-01T10:53:34+00:00,216
d93ffbcfbbae0570c77798e38b8f88ddc925a936d666fbffb3dacdb030d0f80c,2025-11-01T10:53:25.324670+00:00,2025-11-01T10:53:34+00:00,216
04d9237e23a367155728f9f7a2228d33f51f8f729d175b1a57a3f954dc5dfbc3,2025-11-01T10:53:25.454061+00:00,2025-11-01T10:53:34+00:00,216
636456f105555e9606be9e415bdefa402515637361e4f4706ee8502c659b8471,2025-11-01T10:53:25.578044+00:00,2025-11-01T10:53:34+00:00,216
5c9ed8a156ce6778b372f5a8491f7462153f857a30747a6a82736fad63b93e4c,2025-11-01T10:53:25.708154+00:00,2025-11-01T10:53:34+00:00,216
22207fc111cd01ad66e52704d82665c1d01cce0ab511fdcfdd50f3816010a81d,2025-11-01T10:53:25.833788+00:00,2025-11-01T10:53:34+00:00,216
406b0da42ed87c198e96314dd3ad5e75a422359bdbc0784c2330f626b31623e9,2025-11-01T10:53:25.960455+00:00,2025-11-01T10:53:34+00:00,216
31b693a09d296d70c3a5834543bd24f6f5281f1434aa31d828c65c05d30ab13c,2025-11-01T10:53:26.085925+00:00,2025-11-01T10:53:34+00:00,216
743256a3ef8a53f281aa1f5b616e6af4eb635c239a0f0f962a4819f3ca61048d,2025-11-01T10:53:26.216431+00:00,2025-11-01T10:53:34+00:00,216
7df2e8ce9be95084881581ee1a0a4618fd377bfd644434a4d5b6031434859f99,2025-11-01T10:53:26.349012+00:00,2025-11-01T10:53:34+00:00,216
6a2bae66626c73ed77fcb96c3b60f8aa95f65c3ff3923e4106d06db284f110a2,2025-11-01T10:53:26.480328+00:00,2025-11-01T10:53:34+00:00,216
75e2d580e434054d0e9d27d7bfb532c9120b352faa05be0e7f989ee55d20ef9c,2025-11-01T10:53:26.607506+00:00,2025-11-01T10:53:34+00:00,216
2c54bec02c12db14baa5313cf6651c9235b7309d3b00112c33c9a9259c1682e3,2025-11-01T10:53:26.735452+00:00,2025-11-01T10:53:34+00:00,216
c4f89d3d3d8741e0a276e0dc83cf6ca810ef69af9cf1d2f622e44eddf8977260,2025-11-01T10:53:26.862927+00:00,2025-11-01T10:53:34+00:00,216
93ed221793bf7dea0db5a351b1a7adb4da08880850a8c6b5eeaa087b40709b0c,2025-11-01T10:53:26.996615+00:00,2025-11-01T10:53:34+00:00,216
741e699233d25e709f331c8274d56bb319deca02eb29aa348005d2de89f3599b,2025-11-01T10:53:27.122604+00:00,2025-11-01T10:53:34+00:00,216
881339a9de1960b409eb79ea14b80c67ff147474756f2cd3cea4910ba123e910,2025-11-01T10:53:27.252546+00:00,2025-11-01T10:53:34+00:00,216
2497ad9e95f15021f41769a531d5961e4f9f247cbc38a130610eda2e077335bd,2025-11-01T10:53:27.382633+00:00,2025-11-01T10:53:34+00:00,216
9bbcd1195162e806409e247477de0128cb3661fd239e905ea5bcca0b6bd40cbf,2025-11-01T10:53:27.509477+00:00,2025-11-01T10:53:34+00:00,216
0f29ec03f29c3af82c034b49ad0bf0706b0af6207411ee63f6cd11c006c0ae97,2025-11-01T10:53:27.634067+00:00,2025-11-01T10:53:34+00:00,216
1d37303125d428fdb079a82e86895c99b8c179751f7da9e6e3f4b989f939ed31,2025-11-01T10:53:27.766594+00:00,2025-11-01T10:53:34+00:00,216
475cf196e448e9ce45c0f4613e6db25ff86983df2e9035a4378a973f7107d997,2025-11-01T10:53:27.897969+00:00,2025-11-01T10:53:34+00:00,216
be1bdb6ee16608a08a7edb31ece565bcb9bbc7295b9ae1bf35b4be5324ecd30d,2025-11-01T10:53:28.024370+00:00,2025-11-01T10:53:34+00:00,216
3d32f47d0c116673ae14ed1e031668332e9409ca67ca34073274ac16fff7a0ea,2025-11-01T10:53:28.163466+00:00,2025-11-01T10:53:34+00:00,216
7ba994865d72170798034bae2457ee6e20f0aa32b93765b599c1a0adde5a045d,2025-11-01T10:53:28.294230+00:00,2025-11-01T10:53:34+00:00,216
64f58da855a172356743421fe6c18de1b555d0834c2d98a2dfe1362e94f9ac4d,2025-11-01T10:53:28.420212+00:00,2025-11-01T10:53:34+00:00,216
452dc09cf10dc34f4656fa483fb86512733c019289612f70f898e933ff8f7600,2025-11-01T10:53:28.553143+00:00,2025-11-01T10:53:34+00:00,216
d3347ec466051c267f1919b7b29927ee38e4ae117036b1b196599a1f20cc81f3,2025-11-01T10:53:28.681838+00:00,2025-11-01T10:53:34+00:00,216
889aa055c6502a612a63da431cb290472d88f5fc97b8555ee58f8e9e14784ea7,2025-11-01T10:53:28.810306+00:00,2025-11-01T10:53:34+00:00,216
ce8a79b5295013d4daeafc05e43c774814e4853e64dfa88ec20cd4655077c9bf,2025-11-01T10:53:28.942760+00:00,2025-11-01T10:53:34+00:00,216
d238feba8eb47ed7f53504a2e98d70b0e6759a1f5827cebc3b9cd89f20a83dde,2025-11-01T10:53:29.069518+00:00,2025-11-01T10:53:34+00:00,216
1670903f3a0e58fcd26edb7b1a26c6be0fd7159953cc61ba9bf50501c88dc4df,2025-11-01T10:53:29.204546+00:00,2025-11-01T10:53:34+00:00,216
1e91ae36c210d0d40b0703bd0e3ce84f7c71a01cff446e79e8e9b4832774c8a6,2025-11-01T10:53:29.533052+00:00,2025-11-01T10:53:34+00:00,216
076be4382da7ba08b00bb55a0613031c563b12851dc0e80ace4bdd034733dc1a,2025-11-01T10:53:29.658134+00:00,2025-11-01T10:53:34+00:00,216
e63dca672ed3e2b1b48aee1a26ba56dcd9429b5a03863910f18b227497b69bdb,2025-11-01T10:53:29.788226+00:00,2025-11-01T10:53:34+00:00,216
bf8b52b6e0b21e5136b93c4b7f588a9e0d34ba9ffa602eeea3d25d48b987eca5,2025-11-01T10:53:29.911863+00:00,2025-11-01T10:53:34+00:00,216
e5b66a58a66cafc728555f395765a063461e80a98e97046029916718f4d53a04,2025-11-01T10:53:30.041521+00:00,2025-11-01T10:53:34+00:00,216
6f18e02ff75d752105a91ae71a6677bd8a577c4ba1d72f3c71d22997234d47fc,2025-11-01T10:53:30.165699+00:00,2025-11-01T10:53:34+00:00,216
dc5f8789151e34b5bbc46731423a4e6e5dc2aed5d762fbc5c10f08e743c18bb1,2025-11-01T10:53:30.291947+00:00,2025-11-01T10:53:34+00:00,216
8084d67ea5b70f121877f986b4e864b0b4deba2b28f4903ff72f94bad81268b5,2025-11-01T10:53:30.415536+00:00,2025-11-01T10:53:34+00:00,216
16908e6a448e449e78fea574fc6ab0f2043d6bec0747fda5d917065303a3bf85,2025-11-01T10:53:30.544327+00:00,2025-11-01T10:53:34+00:00,216
388940608e50ea001ceaeccd7ab343b78aa71adff70f02e72f21bc96db9c2eba,2025-11-01T10:53:30.676220+00:00,2025-11-01T10:53:34+00:00,216
40a735bcc7699c4a129d04c13d075563d8d5ea43ab478751459451871e5144f8,2025-11-01T10:53:30.802561+00:00,2025-11-01T10:53:34+00:00,216
6ab0adafff872c3033656dadf203c9592f6c771cceb9c0a22b29f2da6bb334df,2025-11-01T10:53:30.928504+00:00,2025-11-01T10:53:34+00:00,216
a74ad2c1f5dc9330a5d2f15cac4d457fcad5bf419dc5f046f531c360e41848ba,2025-11-01T10:53:31.059161+00:00,2025-11-01T10:53:34+00:00,216
1fc5e58c4a4f90aa7aa56609f0c77f4f2092f3d5580b73680b789df65a3a1ee6,2025-11-01T10:53:31.187177+00:00,2025-11-01T10:53:34+00:00,216
3cce008e21b88cce3407e48f64f3ad98c5b91554b7e29e1ef2e87ce999dedcde,2025-11-01T10:53:31.314844+00:00,2025-11-01T10:53:34+00:00,216
14578b2d238722d5bd1321eb96c5524ae67a92a4e8b578c021b7b50cc33de439,2025-11-01T10:53:31.439997+00:00,2025-11-01T10:53:34+00:00,216
30e7afb74f3127b240f749bffadad0224b7d40a3f0fcea33c36421b29bb80559,2025-11-01T10:53:31.570919+00:00,2025-11-01T10:53:34+00:00,216
53a7db9c65470e11d4fdfb18fe0f3daad53a449fe92d3b715e7300525e97e257,2025-11-01T10:53:31.700910+00:00,2025-11-01T10:53:39+00:00,217
a58909aedbf4e58ece20cf4d114fee82ff00b28ec44a0718a0f1d0a0d04a1c66,2025-11-01T10:53:31.827661+00:00,2025-11-01T10:53:39+00:00,217
bfbe06a237bdef318178d13f6d9f0b7e597b4451865ee398cb72e0c149a4a3a7,2025-11-01T10:53:31.952237+00:00,2025-11-01T10:53:39+00:00,217
b332083ca91af34f9b104302d14c74e33efa66df0286de3a42804f4273f15427,2025-11-01T10:53:32.085099+00:00,2025-11-01T10:53:39+00:00,217
ac40db73109433f78928f2e48281e7ccb2424299c6ab5c808626ac3101ef8064,2025-11-01T10:53:32.212304+00:00,2025-11-01T10:53:39+00:00,217
c84438d980cd6c9832d87ecab14d7c7578f7cbbe1c1a951d5507565c27518ab6,2025-11-01T10:53:32.341237+00:00,2025-11-01T10:53:39+00:00,217
a786daf83115b27c9b014a641c1ceee5630dce4aa2df72aead4a6026199b4e0e,2025-11-01T10:53:32.470939+00:00,2025-11-01T10:53:39+00:00,217
d27b739854694248b0b03db490e34ff9818197fd4e953cc7d87f324adf4b1206,2025-11-01T10:53:32.603516+00:00,2025-11-01T10:53:39+00:00,217
505c9f229b21d147b1289226aecdbe228fc7f371eee22823d3c29a28c2ec68d0,2025-11-01T10:53:32.736008+00:00,2025-11-01T10:53:39+00:00,217
b0a06aeb5a6f64d924c84108d7323ad47ec2485863dd43581669dd4e2744959e,2025-11-01T10:53:32.863892+00:00,2025-11-01T10:53:39+00:00,217
448cb3bfd66ad82ac49b447f841379ac57da667253b45756dd01c6099cfc98a2,2025-11-01T10:53:32.991566+00:00,2025-11-01T10:53:39+00:00,217
26e5c6c993c3178bd6d0258fda3dc21665dc3722a1fda6120adaa0f02ffc35c1,2025-11-01T10:53:33.119908+00:00,2025-11-01T10:53:39+00:00,217
d418a13a994a9650d94fa803c034ba1bc613188f788c8263f456ae065b07a8d1,2025-11-01T10:53:33.249568+00:00,2025-11-01T10:53:39+00:00,217
9970680b11f5721e485f1aa248bfcca27dd51cda18d8a81c8b76bbe39fc333b9,2025-11-01T10:53:33.383528+00:00,2025-11-01T10:53:39+00:00,217
3c9e9c724976e86d82caa4fbd4e95fbce1294f8277a0696cd3cec859baece5b7,2025-11-01T10:53:33.507294+00:00,2025-11-01T10:53:39+00:00,217
d85607e045764dcd8aedb12dbd5d68d7de99d34540a2a99d92656e270c7c7159,2025-11-01T10:53:33.636395+00:00,2025-11-01T10:53:39+00:00,217
0c4b713d82f5c4350613ea5d8ec2dd030e0b42f256297230759f5cc78d54ba82,2025-11-01T10:53:33.764858+00:00,2025-11-01T10:53:39+00:00,217
373d9b3fc0eaa075f6d5f0e71f60c8efbf59b0b6b3bb0c2f06f886760ae7e04d,2025-11-01T10:53:33.896745+00:00,2025-11-01T10:53:39+00:00,217
b756080c76bf0e9178f041193c7929b9a4e030848bf4c0866cd75875dee020b3,2025-11-01T10:53:34.028056+00:00,2025-11-01T10:53:39+00:00,217
732165297cf9601a8f14890b06659752a6dfa7f4ea2ffe9159bff945abf5eb9a,2025-11-01T10:53:34.153112+00:00,2025-11-01T10:53:39+00:00,217
09f5796005f67f96345b42309d066df8483cad9368c49fa5a9fe481a351ad3af,2025-11-01T10:53:34.279432+00:00,2025-11-01T10:53:39+00:00,217
ffa51ff6d33c544cf815f92bef5aef8eedf568d41c44c6ae4ad99b188b2b1aca,2025-11-01T10:53:34.411695+00:00,2025-11-01T10:53:39+00:00,217
f9be0206b1eb3851f39477b04c9d48d9c7b859b5d4e4f66230bdbf9d0d1cc2fc,2025-11-01T10:53:34.540313+00:00,2025-11-01T10:53:39+00:00,217
9ab63e660269a777f2098c488125ad21456f9a95e959c76dcbf80856cad41151,2025-11-01T10:53:34.876614+00:00,2025-11-01T10:53:39+00:00,217
d2998fb890d409eb7e03936ae39ebf6e019ef3c318eecbe0b3887078afdff62c,2025-11-01T10:53:35.000532+00:00,2025-11-01T10:53:39+00:00,217
c64d41cbc94ac91c3acd6e785085c35f45befcfb19f6c3de36db01832b8f4adc,2025-11-01T10:53:35.127077+00:00,2025-11-01T10:53:39+00:00,217
62ceb0b52c6c1d302669242f937b27b320a2769d478be40075dd5f9a0bb194d2,2025-11-01T10:53:35.251526+00:00,2025-11-01T10:53:39+00:00,217
b665023cf1ef3166cf8d60475cf8136b39e3e48e40dc9e54a5144649fea0e771,2025-11-01T10:53:35.379322+00:00,2025-11-01T10:53:39+00:00,217
b3eb54e9cfc7e84400550e5c9fa30e1f687caee3b61a33547a8efc62fb642b4c,2025-11-01T10:53:35.504500+00:00,2025-11-01T10:53:39+00:00,217
538ba04296ffab897cbf8402b7a35c14b13b1f92d8a4195a17748be1e76be67d,2025-11-01T10:53:35.633815+00:00,2025-11-01T10:53:39+00:00,217
9eeb8c4656aba19cd2ead111140954dfb39ab26de76eb8931c97eb5aaf15cabd,2025-11-01T10:53:35.760142+00:00,2025-11-01T10:53:39+00:00,217
0bfb425c9a529cfc143ca7333a9e7b5de49da145112276093ead15fdcf0670be,2025-11-01T10:53:35.893642+00:00,2025-11-01T10:53:39+00:00,217
1e6360399d5d1c2d84f40cca6457a4586174dcff3568f72662111b302bae1cb5,2025-11-01T10:53:36.018497+00:00,2025-11-01T10:53:39+00:00,217
3e8c52b95716b34524ceb9103af6f75d9105e726217fcbabaeea8e6b9a4711cb,2025-11-01T10:53:36.150684+00:00,2025-11-01T10:53:39+00:00,217
d736db73abe945cdfbc9306af3c4b736df97fb80196daa6bce71d7f1d2a0b236,2025-11-01T10:53:36.281539+00:00,2025-11-01T10:53:39+00:00,217
2cfc67c0e3335607739b9df1f852b2a484c7772c06dc5ce5a2b723651f5d1b22,2025-11-01T10:53:36.409361+00:00,2025-11-01T10:53:39+00:00,217
ad041bf65cf53dbe4ed7473d8fb31b3c1f4d8076c01deda7527a4a0d6624319f,2025-11-01T10:53:36.538725+00:00,2025-11-01T10:53:45+00:00,218
f70f69f2a7d8ebb1624dc4a47f9c4de37ba7a08ce3c208c2890bcc72f7c03fce,2025-11-01T10:53:36.668217+00:00,2025-11-01T10:53:45+00:00,218
1f136e90919f1eb412af5d82e4fb3f78b07021c3331648ee9bce6d82f9a9d37e,2025-11-01T10:53:36.801009+00:00,2025-11-01T10:53:45+00:00,218
7165fbf833f78e7c7d69c61a8ceaab4eddbd27b52b404febec2f69b64ca2f1b6,2025-11-01T10:53:36.932438+00:00,2025-11-01T10:53:45+00:00,218
a3f612f35f9e1dd2afbd543976d79bc6c5f439b529552063325a294b13436747,2025-11-01T10:53:37.065836+00:00,2025-11-01T10:53:45+00:00,218
46bee02c1073b515bb0ed89a1e70382e1eec8fe6529fa8e44fb65a4206b4e76f,2025-11-01T10:53:37.186377+00:00,2025-11-01T10:53:45+00:00,218
f3bb8d6ee10fa91f54234049674aceebdc54d238fc6efc1cbe6c1fb6dc760d06,2025-11-01T10:53:37.311451+00:00,2025-11-01T10:53:45+00:00,218
67822eaf90781bac3ef42d598f1d41341822680c202a47e62da24fe5da604745,2025-11-01T10:53:37.432725+00:00,2025-11-01T10:53:50+00:00,219
94520a0bebcf9496ef2c5b98ef2ea34462216ee15d631548cedd157df56ec88e,2025-11-01T10:53:37.563286+00:00,2025-11-01T10:53:45+00:00,218
34c0886c2e32ed4271cbc6689a8a7d91013d76b596ef8251eb64d31ade46355c,2025-11-01T10:53:37.791473+00:00,2025-11-01T10:53:50+00:00,219
de98d99528b7b13bcb329ebd9afe94ce4c2f4e71432d53db6ac3067ebaaff9f7,2025-11-01T10:53:37.921216+00:00,2025-11-01T10:53:45+00:00,218
d3d32bb8032a65ebf73fcd365c32d6b894a789a6439363b5dbe6c61814c2a6ac,2025-11-01T10:53:38.048325+00:00,2025-11-01T10:53:45+00:00,218
0040743849290821501966790cb5c79fd0f00e545ac6a6382b683cc3e6d0729b,2025-11-01T10:53:38.173044+00:00,2025-11-01T10:53:45+00:00,218
7c9632ebc390635c59ff1168da438d852a7adf1f8b74dd8330d12f71edbce585,2025-11-01T10:53:38.297794+00:00,2025-11-01T10:53:45+00:00,218
84f4bc8ee4fab0527ae390bd91134d3c72a14462f743c55442235f2a6ebada65,2025-11-01T10:53:38.430998+00:00,2025-11-01T10:53:45+00:00,218
5c8f4f6f76cd3055826141183079d78c86ae06f9d670f263856461754e47e556,2025-11-01T10:53:38.558248+00:00,2025-11-01T10:53:45+00:00,218
e9b81bf40e648d3c00a8c5dc98e28ba76c4bea4bf27c7f7fd2c586b0123972de,2025-11-01T10:53:38.680957+00:00,2025-11-01T10:53:45+00:00,218
bfd3ba10057bdab167c935f04fcdebbf9478e016652ca1b6af280d5578f73cfd,2025-11-01T10:53:38.808955+00:00,2025-11-01T10:53:45+00:00,218
bbb0fe042c99f417f00f2a5890d6c93c4183ce25b2b6db27f69a435882ea409c,2025-11-01T10:53:38.932789+00:00,2025-11-01T10:53:45+00:00,218
5ff52a89d4040d71b9644ac4def084a169a965614b0cba79d0546a92852a5cb8,2025-11-01T10:53:39.059007+00:00,2025-11-01T10:53:45+00:00,218
bb3c57544c8da711e54be52962a485918d1a4695938d04960716b40ef188455c,2025-11-01T10:53:39.180106+00:00,2025-11-01T10:53:45+00:00,218
51e27412d9b4f2b67bf0ee2c15b7dc3e57a3f8b3cf7f01abdf2170ae611732fb,2025-11-01T10:53:39.307488+00:00,2025-11-01T10:53:45+00:00,218
830a88cbab376f96debe1aecfb022742759cb16ee7e8d9f2b408ddf8bfb45a21,2025-11-01T10:53:39.430420+00:00,2025-11-01T10:53:50+00:00,219
f2eb8dc5ae9e5f0b64b32eb28c83e6f5c624c73b78ed6434fa841bf1edf7b725,2025-11-01T10:53:39.550862+00:00,2025-11-01T10:53:50+00:00,219
6692923617a26e90f7e1b77660bf1609cdc688c5cdf66824690b70bec5d6b945,2025-11-01T10:53:39.671581+00:00,2025-11-01T10:53:50+00:00,219
b27dcbb6672b8a6730e632f32307a55f0e64b3aa0dc0a9f7cbe16d6186c688e1,2025-11-01T10:53:39.792721+00:00,2025-11-01T10:53:45+00:00,218
00b91f0322feba78bb3e94ca2a3ed2620bf3f6b7e1673203de9e3d8f25f7f5a6,2025-11-01T10:53:40.120812+00:00,2025-11-01T10:53:45+00:00,218
6a1c928532084399dabcb0694a37dd94abb1013545ff665f534d8f6c48297d92,2025-11-01T10:53:40.246730+00:00,2025-11-01T10:53:45+00:00,218
1154d8dc6b3e6829cb49e7a835d1fa757208386030d45302796ecbcf816566da,2025-11-01T10:53:40.375457+00:00,2025-11-01T10:53:45+00:00,218
0e2c46d69b60af7ae87d4f4238b72dc4d10b18d0087bf10f63890c92b6aee3aa,2025-11-01T10:53:40.501351+00:00,2025-11-01T10:53:45+00:00,218
71a922a3efed034ca7379698b92657924df90022ac9d5f9066d06e572d16fb48,2025-11-01T10:53:40.624309+00:00,2025-11-01T10:53:45+00:00,218
4395a9065824cef378aad91028785a4999c72cd61d8fb2a189a584d95cffa7c1,2025-11-01T10:53:40.751397+00:00,2025-11-01T10:53:45+00:00,218
c66f4e77ebd6bbbe6849c4160c173c7dbceddf59db28283c6f80dbf41f7654bb,2025-11-01T10:53:40.876710+00:00,2025-11-01T10:53:45+00:00,218
d75f601bc6037f67f4e76abddab11b4c0d907483a4886da1f5151916be5c7395,2025-11-01T10:53:41.000410+00:00,2025-11-01T10:53:45+00:00,218
3930dafef87ec0b59ac75dd78647a50e6e8858e535ee7113eb26548386d98cc6,2025-11-01T10:53:41.125215+00:00,2025-11-01T10:53:45+00:00,218
224cad2616a929bb78e1311a7a2cdbf0a27a4269a51c965185d5d8d52cd59dc6,2025-11-01T10:53:41.247546+00:00,2025-11-01T10:53:45+00:00,218
abc569e4483a6fc2d96b99b804ee21e32eafe9eeefee7b64979cee58b46cab35,2025-11-01T10:53:41.373312+00:00,2025-11-01T10:53:50+00:00,219
40661b3207e172d1e4b81dc061d69bf2227a3ecdec019355187d496c140f8ad2,2025-11-01T10:53:41.502491+00:00,2025-11-01T10:53:45+00:00,218
3a8257afeea70c696120b02d7fcf221e5d110b91768500d0d48db6aa4b756032,2025-11-01T10:53:41.627743+00:00,2025-11-01T10:53:45+00:00,218
0e13e03b80b12454bb355fa821f28614315babf7465c6592f69cffce9405b109,2025-11-01T10:53:41.752252+00:00,2025-11-01T10:53:45+00:00,218
c7ecefc03baafa85446c9f1034dcbb160b9496caee536189cf2dec3f79f011d3,2025-11-01T10:53:41.875952+00:00,2025-11-01T10:53:45+00:00,218
af76db8f734f901e0d4b60250e726e733f961adb10e74ad9ad1c7bf47805ec6a,2025-11-01T10:53:42.006071+00:00,2025-11-01T10:53:45+00:00,218
65501d1f9bf48355a20dca771020985e3b0c8eff5bad81deb585e0a494c6c3ba,2025-11-01T10:53:42.129575+00:00,2025-11-01T10:53:45+00:00,218
2d3005c652fdfe186efe17deebb369925f1d2eaa26758388a00dc5dd80625e16,2025-11-01T10:53:42.254195+00:00,2025-11-01T10:53:45+00:00,218
bc73b884580d524d7b9645be2c8d379597cf9cf1d6feb5300c0b10a65e5210c7,2025-11-01T10:53:42.379189+00:00,2025-11-01T10:53:45+00:00,218
c484d75427c960f2742fc6b7e34fd393db4ba9525c4d9b9a5872c7ca6e9863fb,2025-11-01T10:53:42.500735+00:00,2025-11-01T10:53:45+00:00,218
ab2260ab483d04d9f3893d7bcb26e6857ac99e58238ff1951fb6d21c1d985fcb,2025-11-01T10:53:42.627924+00:00,2025-11-01T10:53:45+00:00,218
71c5f78dd173daf7e8b1e407214cd639c4c702d25a045ca73df9e3b5ffbc4496,2025-11-01T10:53:42.754532+00:00,2025-11-01T10:53:50+00:00,219
afc064df0bc11e2759842d9dd2f83a349809b397c2f89753aa88b6a3b416f761,2025-11-01T10:53:42.876952+00:00,2025-11-01T10:53:50+00:00,219
10cdf63ebb431cc4297d148bf55a5d3536ada6efd2b836732621c5757cfc52ab,2025-11-01T10:53:43.002304+00:00,2025-11-01T10:53:50+00:00,219
66cc7495d962d5cf1c2c25445ac429004e383c762ebc67e25296d6d79b0a1818,2025-11-01T10:53:43.124282+00:00,2025-11-01T10:53:50+00:00,219
625251e0031d144f5a43d9b652b8f0a716723a81973cfd6f22ae97c80fb38d59,2025-11-01T10:53:43.250269+00:00,2025-11-01T10:53:50+00:00,219
fdd112142c32758b4104fc8cd0fe32bd1b91cb1e7c16644599f4f18822798ed3,2025-11-01T10:53:43.377891+00:00,2025-11-01T10:53:50+00:00,219
5bed0e39abf7a9e6a4e64acabe360e1ef91ce267d05b3994feb1348463838aec,2025-11-01T10:53:43.505590+00:00,2025-11-01T10:53:50+00:00,219
f2c45905eb7598669c633c2903b4b1786cbe57d414a52cd4bf317a6feaabfbb1,2025-11-01T10:53:43.628818+00:00,2025-11-01T10:53:50+00:00,219
262d9e4867b2bbfb29f2ae89b9143a1e8ec8c2b0da9fe1645c7e618089e55de0,2025-11-01T10:53:43.754890+00:00,2025-11-01T10:53:50+00:00,219
7fb1ece665b3d00a6ce447e1b9ae7f97b103b9d5bb9ca92787da97e6d4bf6bc2,2025-11-01T10:53:43.880141+00:00,2025-11-01T10:53:50+00:00,219
242f2263a6e6971797452ef53ab042f43dd6c95fe21e42e1ebadd9e5bc9978a8,2025-11-01T10:53:44.009331+00:00,2025-11-01T10:53:50+00:00,219
552eecefec803722b0028bc5895a2938c454dc311c9a1d0a38e6dd500fba1875,2025-11-01T10:53:44.135965+00:00,2025-11-01T10:53:50+00:00,219
0790e75ca9f16b6d6dee5403fd4aea7ceea55d5a7c0b33040490c405c2e1bdf2,2025-11-01T10:53:44.264106+00:00,2025-11-01T10:53:50+00:00,219
a26896aae0d0659fa26cc7ab25481848bdfb3b5642c1eb748c1cc9cce1817dff,2025-11-01T10:53:44.389130+00:00,2025-11-01T10:53:50+00:00,219
db93ef9da3f57850191e7c84b5c300a87f82f6b937db6fa45fc79465e1408dce,2025-11-01T10:53:44.513839+00:00,2025-11-01T10:53:50+00:00,219
f4599905cb869ff93455a1f528ed73038e26907a14f8229695fdfd304bdc8ce2,2025-11-01T10:53:44.637516+00:00,2025-11-01T10:53:50+00:00,219
d45754ef131ee4e47207b0b4d4d7cc9b51386fc2c2aee49fa0d6990dc79c4499,2025-11-01T10:53:44.758760+00:00,2025-11-01T10:53:50+00:00,219
96e26b143de87b4cea480efbd00123a175d769a3b8850e79191d997d16c802ed,2025-11-01T10:53:44.878722+00:00,2025-11-01T10:53:50+00:00,219
1b4ca82584c4a62dfb6a8d2394e085b7b41793e8325e3420998df7a004e73a01,2025-11-01T10:53:45.002267+00:00,2025-11-01T10:53:50+00:00,219
c7b1ec3a0b1b6697847b5e5d7a1048e8e0d3edae39f55f8519dd300628e961df,2025-11-01T10:53:45.363223+00:00,2025-11-01T10:53:50+00:00,219
5cb359d4352560e5396a917411e72e30254402679f6a66973a53393f8b2e3f02,2025-11-01T10:53:45.486270+00:00,2025-11-01T10:53:50+00:00,219
64eacede5c44fead9018734075ead1d5d875c0fafb176175254c83989dd5ccf7,2025-11-01T10:53:45.610259+00:00,2025-11-01T10:53:50+00:00,219
47b02d9cbfd42119e919ecbfcd654879c2090a74ce094b30a72c66522f75293f,2025-11-01T10:53:45.733824+00:00,2025-11-01T10:53:50+00:00,219
7055787028f7a48a7f5a737d11df093fd23ec712cb300984e1cf068cff00b556,2025-11-01T10:53:45.861850+00:00,2025-11-01T10:53:50+00:00,219
60f3362162de481b290145307d05928e1a7ec6937971a6e6b368e48b68dd6ec2,2025-11-01T10:53:45.981199+00:00,2025-11-01T10:53:50+00:00,219
17b96d019dccc829b113325123acc7b4cdb0633bf9c66ca78ed2ccf90eb96028,2025-11-01T10:53:46.104221+00:00,2025-11-01T10:53:50+00:00,219
e13129f3c22b15d429ce764d128a71a4a510a76f3af0cde3ed5c81209d9217b3,2025-11-01T10:53:46.225197+00:00,2025-11-01T10:53:50+00:00,219
09606ce7b7711dc763db2865ab7ed4152dbd2d139ad079cb3479254d5ef25a42,2025-11-01T10:53:46.346692+00:00,2025-11-01T10:53:50+00:00,219
cdc7cc251baf060c3f3b3dce07539acc24315285797da4e0136ae6dc838bc842,2025-11-01T10:53:46.468924+00:00,2025-11-01T10:53:50+00:00,219
69db89257829e87085f5689054177888e4900795ccf200dc84b8a1f8e4e513ca,2025-11-01T10:53:46.589683+00:00,2025-11-01T10:53:50+00:00,219
48a47bd3d982ade1458bf019285ff0387f77cb3117ae34aba0ff36b8cb5c441b,2025-11-01T10:53:46.713466+00:00,2025-11-01T10:53:50+00:00,219
d9e3ef94870f388f10b16863c7172a79b6ea88f645a11da41591ae2b42539072,2025-11-01T10:53:46.847422+00:00,2025-11-01T10:53:50+00:00,219
9e9dec617d5e78d1276cbd6667185f848d605b43dee1323e0ce4bc3ff2794234,2025-11-01T10:53:46.971763+00:00,2025-11-01T10:53:50+00:00,219
2f6b5f512c77cfcd0b08f67f473e38a217cb0c1ea34610647a49833e3a19eaca,2025-11-01T10:53:47.100608+00:00,2025-11-01T10:53:50+00:00,219
fc16bf3a9b2576e4d00efbe97060cb51fce354245556d4f5786290f341738650,2025-11-01T10:53:47.227501+00:00,2025-11-01T10:53:50+00:00,219
619f9441a1debc1d8b1286943990d94bed1b4fa20ea7360f6c1b81e99d4d166b,2025-11-01T10:53:47.358229+00:00,2025-11-01T10:53:50+00:00,219
aab673e09dd4bcbe38ba67f8c93a41031effe76416e04bc1be2c5a64399e713d,2025-11-01T10:53:47.479484+00:00,2025-11-01T10:53:50+00:00,219
62440f8447af60f8d0567dc5161f0baa23120bfdef0a89b75e2a2687d5af1ef1,2025-11-01T10:53:47.602390+00:00,2025-11-01T10:53:50+00:00,219
2f9f4328a9225faf70f22bc52275691f78ae110cbe63de02278d40fcc0e57dfd,2025-11-01T10:53:47.728844+00:00,2025-11-01T10:53:50+00:00,219
8e499571a437e7941d636870c0c96c7eedddceb43a2a7cafce6a4f37ce402669,2025-11-01T10:53:47.858869+00:00,2025-11-01T10:53:50+00:00,219
6874a908afac20ddf98ef603bb7e2c3119b67d684814838c7c1b40667b5fc7d2,2025-11-01T10:53:47.990093+00:00,2025-11-01T10:53:55+00:00,220
035ee616a29b75b24d4f6a4e8c7244fe5e7e13efdb2348f5875044b966463121,2025-11-01T10:53:48.117967+00:00,2025-11-01T10:53:55+00:00,220
667d7a935e2a47b6deb3ffd0216cdeccea9699f57ab69d1c9843d933b6163a0b,2025-11-01T10:53:48.253258+00:00,2025-11-01T10:53:55+00:00,220
102f28b556eb0c8de486e100af14539930385b2bfc7a7bf831c51d4bbc765e8b,2025-11-01T10:53:48.377829+00:00,2025-11-01T10:53:55+00:00,220
c22f367237d048bc046411cf6aed0fc51940cbc72b4ccc6e2509440f4dba0607,2025-11-01T10:53:48.505381+00:00,2025-11-01T10:53:55+00:00,220
9341e4be7950c5fee82dfbc39ae8c4a504de40c3fa93e5e40f17f739b70491d5,2025-11-01T10:53:48.638140+00:00,2025-11-01T10:53:55+00:00,220
1e264304c960b7a79c4cbf49df93f11ad5064233ea6fb54b78ff4438b26f4722,2025-11-01T10:53:48.763837+00:00,2025-11-01T10:53:55+00:00,220
bf9b530e5fa2ad9e5f209591ac58703a717d0c4572a2befa872152f6f539d335,2025-11-01T10:53:48.895828+00:00,2025-11-01T10:53:55+00:00,220
31804e4449cff317f3b39d4bc0c8b40fd3d098474acb3e1b840ceb691c29b581,2025-11-01T10:53:49.021843+00:00,2025-11-01T10:53:55+00:00,220
4152e7d213c103ccd48271bc05231592aa9c87de079644dcb2fe44a1292899c7,2025-11-01T10:53:49.155042+00:00,2025-11-01T10:53:55+00:00,220
13fa0e37ede3ec56bd7568951159e9db6f49c9d0c333638c7eed810f366f260b,2025-11-01T10:53:49.281373+00:00,2025-11-01T10:53:55+00:00,220
6b94921929421f5a56015657ed5f0edd1fb26b306c28870f9b7e176ace95491b,2025-11-01T10:53:49.409940+00:00,2025-11-01T10:53:55+00:00,220
f13d3f5a1ea7fc28c021552baee388423f11379bac12d1e62e542d93e69754c6,2025-11-01T10:53:49.537028+00:00,2025-11-01T10:53:55+00:00,220
48d5abff7c7a08b74e9364945789bc369918d9d2ca14984e2af8b81a3e63aa85,2025-11-01T10:53:49.665798+00:00,2025-11-01T10:53:55+00:00,220
051bffc699fe0322c908e6437872af89b60a55b6732447630b2b5572fc14a1ec,2025-11-01T10:53:49.796520+00:00,2025-11-01T10:53:55+00:00,220
b5ccfe98f2ab0d53d2bbd3695bfbb3cd71ba3814981f66123998a1a35ce7a829,2025-11-01T10:53:49.931089+00:00,2025-11-01T10:53:55+00:00,220
d8844335d4075cbd61f89983c7faee2a67a215196dfef73fd7242b0e92894653,2025-11-01T10:53:50.060953+00:00,2025-11-01T10:53:55+00:00,220
32c3f1faa6881af971e09531c37f57f340fdddb140318907f85283a6ed62a0c1,2025-11-01T10:53:50.186703+00:00,2025-11-01T10:53:55+00:00,220
796ae1a24c061c439bf5a758dc1cd803921d9991ac9d3b94958b11d63f5a2c48,2025-11-01T10:53:50.314389+00:00,2025-11-01T10:53:55+00:00,220
58331b3f995a1357096a71e5778ab26029b0abd496793fe155c744b20c9545d3,2025-11-01T10:53:50.642314+00:00,2025-11-01T10:53:55+00:00,220
b80d4cc45e772d30ec74e7a612e49225c338fa2f48ea22ab9a3fabb65b619fcb,2025-11-01T10:53:50.767941+00:00,2025-11-01T10:53:55+00:00,220
047173266c8c67dc0dbc9ccf3fc130b9a43192e854f85fc7837962177da43c11,2025-11-01T10:53:50.898764+00:00,2025-11-01T10:53:55+00:00,220
2a21ae7f676854e8fd75ea1340c3ab95e978cd38722649e93e6b3b64384a9d9c,2025-11-01T10:53:51.028070+00:00,2025-11-01T10:53:55+00:00,220
098631358bf664ef2fa148e21aea94fc4c870b93ee9af3b53d84faecb042ad04,2025-11-01T10:53:51.150512+00:00,2025-11-01T10:53:55+00:00,220
e48cc383c8c719589e40374697def4861b44626f0fd90bea0b3f52bf65ec225c,2025-11-01T10:53:51.277224+00:00,2025-11-01T10:53:55+00:00,220
b8b7108930be13bb8f0ce181b2d386845888f8942736539a36140bfe250e6c32,2025-11-01T10:53:51.402516+00:00,2025-11-01T10:53:55+00:00,220
80e9ffa1009e94b4f48d3a7264e174304a422d18d4521c95f80d6dc7685f172c,2025-11-01T10:53:51.529909+00:00,2025-11-01T10:53:55+00:00,220
32bcc9af7849323beb77938d7b14a44051e57fc405841e1ed1edd3e54b5a5f17,2025-11-01T10:53:51.659044+00:00,2025-11-01T10:53:55+00:00,220
d471bada46ccbe1e8675239534d04d9c7d2a8b20d3797247dbaabe8a7db53403,2025-11-01T10:53:51.786396+00:00,2025-11-01T10:53:55+00:00,220
6c4739096d9d043c73b93ec1013617eca7daa53b8422ef59ab6e89289fc20b94,2025-11-01T10:53:51.914578+00:00,2025-11-01T10:54:01+00:00,221
dd3686905b41aa25e2f38121cecc2807838c1e91aee48afc25a27c98af0dfa4a,2025-11-01T10:53:52.045408+00:00,2025-11-01T10:54:01+00:00,221
766e03ebf8fa7ae6e282fe165d00b3a8b3cf7b546010b8b1736ecafc3a0cf35b,2025-11-01T10:53:52.173329+00:00,2025-11-01T10:54:01+00:00,221
e7840a79ad4fb81fe1f6e99be3aeb82f995994441783967f2c45e764a6743acb,2025-11-01T10:53:52.299921+00:00,2025-11-01T10:54:01+00:00,221
e26fdcb422f6de4fa1fab6a66b1c2acc6d8ce25eae55882fdaed537bba9b804c,2025-11-01T10:53:52.433191+00:00,2025-11-01T10:54:01+00:00,221
7587d0e238b79a48aafb7fca315353170deab425d9a9e284be4a0896ff5ac9dc,2025-11-01T10:53:52.562805+00:00,2025-11-01T10:54:01+00:00,221
961ada91798b34fb68bb5ea457ee93f64775a3a6224e4b46d62fe11940a022c9,2025-11-01T10:53:52.690272+00:00,2025-11-01T10:54:01+00:00,221
87c550821a3c314d76539514eab6782b6c68b96de33b59de64f1cba493415e41,2025-11-01T10:53:52.818068+00:00,2025-11-01T10:54:01+00:00,221
e8f575c761fd66e9a1f24ad38bc41c35fca6f2d7b07b49fe246fbffa6d2c48a6,2025-11-01T10:53:52.943959+00:00,2025-11-01T10:54:01+00:00,221
9d8c66e58417294617c2baae3071678270fe74a0322590fb517dffde25bed872,2025-11-01T10:53:53.075211+00:00,2025-11-01T10:54:01+00:00,221
8e6e4f7788f427547d3b05caffb9b2898b6ca64ef7f570b11b4e8310ef3dea0d,2025-11-01T10:53:53.200354+00:00,2025-11-01T10:54:01+00:00,221
6d1ac36986d0df57a4e3dc899c650e9c23130e6eb1e1a7e309e3a9e32b14ee60,2025-11-01T10:53:53.323797+00:00,2025-11-01T10:54:01+00:00,221
7f99d50a3ae4979034c58c9bf5af1006dfccd93406630792fbe41fa63c673917,2025-11-01T10:53:53.451794+00:00,2025-11-01T10:54:01+00:00,221
e87e3719af26c3ae0ff048c3c0b2e41c9c0355a71c6414063f0d985da138da52,2025-11-01T10:53:53.578377+00:00,2025-11-01T10:54:01+00:00,221
574fd97a968b1f23b47db0b41b0bbb619b08a0344d39b29fcd32d26a6bb1456f,2025-11-01T10:53:53.705734+00:00,2025-11-01T10:54:01+00:00,221
5097448148023976d977e432811497b75f443cac2ffc4580c60dec93c6b8c82c,2025-11-01T10:53:53.835464+00:00,2025-11-01T10:54:01+00:00,221
027b836ee1f82411c535c4799e78b19847a212890b5524bcbe8df57615c12143,2025-11-01T10:53:53.967080+00:00,2025-11-01T10:54:01+00:00,221
42fbbec2603ff858c47b611be59df52f3537ea751b0e4435d825d5f2042dd4fc,2025-11-01T10:53:54.098652+00:00,2025-11-01T10:54:01+00:00,221
4bc30dc1032a73a0a1932b29dd2b017e575da3027f5ecaec03280aa59cef43b7,2025-11-01T10:53:54.225777+00:00,2025-11-01T10:54:01+00:00,221
565cdac30231a7791624ccb9edeaf4015424486c1a4fd690656ab12f3ff7ee3d,2025-11-01T10:53:54.357455+00:00,2025-11-01T10:54:01+00:00,221
72ec8ddb04633ba3bf6f52035524c9af0198773bc014e97cab451834d5078e5a,2025-11-01T10:53:54.489173+00:00,2025-11-01T10:54:01+00:00,221
df8f09ca42d4a9477c38f0f2cd32d37c92bb6e7931ccb338df97018073528bb2,2025-11-01T10:53:54.617031+00:00,2025-11-01T10:54:01+00:00,221
cfcaa1917563161124c251a233f8b360d1050402f4738d1ff6ec9bc89a097762,2025-11-01T10:53:54.745349+00:00,2025-11-01T10:54:01+00:00,221
d0b517d43eaf8130e3260c898cf4b18d5078b33c534b88f68b84f4524dab26b7,2025-11-01T10:53:54.878081+00:00,2025-11-01T10:54:01+00:00,221
8d655d0bff103a64b81253c041cc5cfc752c8d4bac2b200e39dbd85c7bc61c3f,2025-11-01T10:53:55.006303+00:00,2025-11-01T10:54:01+00:00,221
acb246f696842cc3c1cfed2fb212c90d24ab6be773a8e72ddb5e3e9efd94905d,2025-11-01T10:53:55.136749+00:00,2025-11-01T10:54:01+00:00,221
d8a672d215ff94adc81e045dacc8af9dbcfbd518e2e9c7b14b25d9929b6a5793,2025-11-01T10:53:55.263145+00:00,2025-11-01T10:54:01+00:00,221
ca285ab084ec802a24fb0216ab38498b00331c186381c7397554c3e5f8fcd08d,2025-11-01T10:53:55.392923+00:00,2025-11-01T10:54:06+00:00,222
4e17c1fc3b2cf94587b262554bff55ded9098397eee1df8bed2867f04dd6a37e,2025-11-01T10:53:55.522191+00:00,2025-11-01T10:54:01+00:00,221
540a8620fc3e72356d2b5c983438ecbf411c7fb95de5275023c77a86a49269fc,2025-11-01T10:53:55.650106+00:00,2025-11-01T10:54:01+00:00,221
bc445b0a8f798919f734a19d4c926f972ca1694a29cc5a5bbb1a2ae993d2b7a8,2025-11-01T10:53:55.983515+00:00,2025-11-01T10:54:01+00:00,221
1636167d8f75b2a9a19f6c7132067174accd582156a391b34860647c2aa18b61,2025-11-01T10:53:56.108255+00:00,2025-11-01T10:54:01+00:00,221
6f25bcea9dca6b1a3dbdcc74f4ca34c38b7b2e8ac9a62fd9df32a507c75a6f1f,2025-11-01T10:53:56.238019+00:00,2025-11-01T10:54:01+00:00,221
aefc10acb16707cd883634fbe2192cf015d37cfb1a3f2dff2540fe71da699436,2025-11-01T10:53:56.363996+00:00,2025-11-01T10:54:01+00:00,221
cdb6ac1662515bed5d2c6d31e9fedddf90e5f3d564a2e28ce531c1cce00c1f1d,2025-11-01T10:53:56.492136+00:00,2025-11-01T10:54:01+00:00,221
604cffce3df100ab63501b22e165c6c5269bfe7817baf33f3520fdae1d49f2b8,2025-11-01T10:53:56.617536+00:00,2025-11-01T10:54:01+00:00,221
072883a18236feb7fddc42544a6c0a2caf31eaa48998b137f1a31b28075b95dd,2025-11-01T10:53:56.746211+00:00,2025-11-01T10:54:01+00:00,221
fa659814c0f23b00bec823570a0fbf31ae035ba0c7302c69d84d51156e150e70,2025-11-01T10:53:56.872790+00:00,2025-11-01T10:54:01+00:00,221
65759a6e3dd6d0c6b2a94db56822ea43df800b8bd1c6cb838a925564114e1a9c,2025-11-01T10:53:56.999682+00:00,2025-11-01T10:54:01+00:00,221
edb1c255a331e4f99689740d2114b2bf3302859fab5a5aea59159caa40d199c1,2025-11-01T10:53:57.124879+00:00,2025-11-01T10:54:01+00:00,221
a50d67512ac44e29fcfc6b0dc52b8ace10ed45f21f987dbed978a80a50018acc,2025-11-01T10:53:57.254820+00:00,2025-11-01T10:54:01+00:00,221
e17aff78fb3664c7ee83c9ae25954cfb3074e5e94773344953ea3f45b6c7d8d1,2025-11-01T10:53:57.383141+00:00,2025-11-01T10:54:01+00:00,221
949010de43d52590c3c6d73d41a031b74c53084a235882546742079c5be168df,2025-11-01T10:53:57.514597+00:00,2025-11-01T10:54:01+00:00,221
79131ebb2801070f6a4ac92a022e379ae826afbd57c3ecaff179302e8f1d317f,2025-11-01T10:53:57.645622+00:00,2025-11-01T10:54:01+00:00,221
48b30f7f22d05e13965a0aa9a56a61787dc8f52e2081fbf0b766126909beab01,2025-11-01T10:53:57.772921+00:00,2025-11-01T10:54:01+00:00,221
7a2fe5a0256ba6ef52f452c7e492ca41c1ad053963f21e5ebb4c3346f9511520,2025-11-01T10:53:57.902867+00:00,2025-11-01T10:54:01+00:00,221
f7748dfa56d40b3fd0f0695a5455e9b39310f6a65eda8e08022c19f4ebc5bbbb,2025-11-01T10:53:58.034185+00:00,2025-11-01T10:54:01+00:00,221
64bf3194efbb8ffb6465c1c8ac676856234b9e3af96cba54a07e1a48005a9668,2025-11-01T10:53:58.166901+00:00,2025-11-01T10:54:01+00:00,221
50498847137475f82edaf34b92209bf8e474eb90611c722a53fe3622c9563cd2,2025-11-01T10:53:58.295977+00:00,2025-11-01T10:54:01+00:00,221
f492638371146bd5fb8d420e135394da6cf30d940f24d255e280027d64b81639,2025-11-01T10:53:58.427610+00:00,2025-11-01T10:54:01+00:00,221
32c4c5e0ea293820b81bd6c7e04510c913297d3c19aadd357a6e1362cecb3acc,2025-11-01T10:53:58.557498+00:00,2025-11-01T10:54:01+00:00,221
24dbaf0bae677a3922f9b3404d4606e5b070b43a0e7db4205d82d9c2594bc457,2025-11-01T10:53:58.691201+00:00,2025-11-01T10:54:01+00:00,221
d4ed3efc61f35a05d33c753dd72d3ec877324c547c960006fb51407c273b8e28,2025-11-01T10:53:58.820898+00:00,2025-11-01T10:54:06+00:00,222
dbe2e4cedaebab16cf6dcddba41b65adc51b3fcbff2f667b1fb5d77aced7d8f0,2025-11-01T10:53:58.949685+00:00,2025-11-01T10:54:06+00:00,222
672ba99431e84589109505684e6cfa6e091cea707712a8c4fb92961cd220ac8f,2025-11-01T10:53:59.074600+00:00,2025-11-01T10:54:06+00:00,222
0a73d0ba4057de7767699a470b3a2483857aa03480ee4f057a4bf24429165a92,2025-11-01T10:53:59.203844+00:00,2025-11-01T10:54:06+00:00,222
cef12cdd5eaf7dd04e8d1b185c507a0eb86a849e27d750ccf258aaa6128d8e22,2025-11-01T10:53:59.330379+00:00,2025-11-01T10:54:06+00:00,222
95b26ed13285705bdb0068b2a35f68085fd12c20f43d53f5a7021f407332013b,2025-11-01T10:53:59.463391+00:00,2025-11-01T10:54:06+00:00,222
70ff3b5e2100bbb04b8a18fdacaf7922d20af5876700b4333099bf82946d7ccb,2025-11-01T10:53:59.596416+00:00,2025-11-01T10:54:06+00:00,222
026e8abacfd7f9287f7a9514c72909e052d287dbea3051b03ad66dd73832cd5d,2025-11-01T10:53:59.728002+00:00,2025-11-01T10:54:06+00:00,222
dc146048f5e3fca0f9d7c446754f04d4d7e0590e9a2f4c635e9fa441df6ffd67,2025-11-01T10:53:59.856885+00:00,2025-11-01T10:54:06+00:00,222
90f8ec2b2fd8fa9f70254837beffb39011fa58d70a611850bd120c4f72258e01,2025-11-01T10:53:59.999118+00:00,2025-11-01T10:54:06+00:00,222
27f848a7ffdc7a6b3fbe29de850fe073d39c7390d4c71cd0f15a389f45e8b1e7,2025-11-01T10:54:00.369042+00:00,2025-11-01T10:54:06+00:00,222
545459961266380c83800a7400e00d59d0efb90c64e9675f382700449e4c3a27,2025-11-01T10:54:00.500120+00:00,2025-11-01T10:54:06+00:00,222
5837bee4b2dcb2fc5680f3cebb3527a9090a2e8aa0d0cc2a2dd12e5dbab7e0f1,2025-11-01T10:54:00.631284+00:00,2025-11-01T10:54:06+00:00,222
971a9ea30964e1c3afa23ecadbb92e617dac40e123899a5925247f9df31e1855,2025-11-01T10:54:00.762246+00:00,2025-11-01T10:54:06+00:00,222
bc934f0de6c99b704e647f5b1812fe8c1a19bc91481889365781c296c5cc4022,2025-11-01T10:54:00.890327+00:00,2025-11-01T10:54:06+00:00,222
4bec2d2fb7cbaef100e395da22879f98a4bc113d8cf76ea337e2be7834fa04ad,2025-11-01T10:54:01.232440+00:00,2025-11-01T10:54:06+00:00,222
2774711e03b580224b80ee061ed63486cc9d7da96bb070144056e2ce8ade4c0b,2025-11-01T10:54:01.357320+00:00,2025-11-01T10:54:06+00:00,222
5f3024a08c3402744a5ffc0f7fe1f77de7f0b42a75c8b21ac5c6c1650f52c677,2025-11-01T10:54:01.481943+00:00,2025-11-01T10:54:06+00:00,222
ef1489395ca2866c64378bc8e774d530aef17706a1b5fd0ee4bad5a5af8b9cc6,2025-11-01T10:54:01.605454+00:00,2025-11-01T10:54:06+00:00,222
113574dc7e8f245cd5aa81491697861b96f38b3fb1c9ac1f7301ddd05b9ef268,2025-11-01T10:54:01.729146+00:00,2025-11-01T10:54:06+00:00,222
394a8be24b0ffe6149693d66316e515ff02789d1d6bae7d3604f7444e047bd0f,2025-11-01T10:54:01.856091+00:00,2025-11-01T10:54:06+00:00,222
b83aa6ac478a4ccc73187bee9372467660f47642378d99898f814eff25666621,2025-11-01T10:54:01.983201+00:00,2025-11-01T10:54:06+00:00,222
8a835dbbc9b87df0f76c72948cd4ac282e6a77121b338d637994c679eb058bb1,2025-11-01T10:54:02.110171+00:00,2025-11-01T10:54:11+00:00,223
4820ab736be482fbd82537f32eb90c863485c59f4aab46b4d4d0e3b3682c6ca4,2025-11-01T10:54:02.233617+00:00,2025-11-01T10:54:11+00:00,223
05866e87b220ae77360704ed52ead4633a8be9014ad4d5c23596ae7c6aeecd1a,2025-11-01T10:54:02.362174+00:00,2025-11-01T10:54:11+00:00,223
9e18b102af517fde7b9f3e56f7b000d98530458df350ddf7a538cf9be7931539,2025-11-01T10:54:02.491815+00:00,2025-11-01T10:54:11+00:00,223
ea696910a014bde40bc53be3c764168578e96568f31db7d0c31bae96c61874f9,2025-11-01T10:54:02.619904+00:00,2025-11-01T10:54:11+00:00,223
2e608cbf48d3e35442426d6155acefb7a68d159a6cf3e38edd918f2ea58c184f,2025-11-01T10:54:02.748738+00:00,2025-11-01T10:54:11+00:00,223
f55f05544a6e6602166ace27eee4c690b466ec8ced2165d71cd33453dbb98255,2025-11-01T10:54:02.876142+00:00,2025-11-01T10:54:11+00:00,223
51b21f8a5ad9f39a468597ae48edaf9e50ae480dad6eed193156a825c7752d76,2025-11-01T10:54:03.005277+00:00,2025-11-01T10:54:11+00:00,223
4becd64b439792b6d25a84bf8e9bf7ff671698ca9eacc5b0f181198f63cd2a98,2025-11-01T10:54:03.134533+00:00,2025-11-01T10:54:11+00:00,223
add35b4158cd0727878a20ebd4b455ed8fbbc25e67049725459396ddb82261a5,2025-11-01T10:54:03.266850+00:00,2025-11-01T10:54:11+00:00,223
5b62e7b4ab82880fa0f7be97f6e4313a9be6514fdd1e78efda3038670adca3ba,2025-11-01T10:54:03.397817+00:00,2025-11-01T10:54:11+00:00,223
b0f8df16bcd359de4dc519f7f31bc21b99a9544d3fd58040ff28d764aeb2d486,2025-11-01T10:54:03.526195+00:00,2025-11-01T10:54:11+00:00,223
c87227ef00c693366f6017c3e27ec6f08e92f3dd203ae81ba55f302787a8bc4d,2025-11-01T10:54:03.657637+00:00,2025-11-01T10:54:11+00:00,223
29885a579c5f4d873d6ac43be64a1d567125fe2a2f1c3454a00bc1315726d03a,2025-11-01T10:54:03.789840+00:00,2025-11-01T10:54:11+00:00,223
f9eae9d9b38a4d8205b333554a42e7b4e9ce5444683d9100de5dc039b023a3c0,2025-11-01T10:54:03.919069+00:00,2025-11-01T10:54:11+00:00,223
ace9eb528a42071910f134c879284f4e887f0bb9ec7638109210ee8ba00cc423,2025-11-01T10:54:04.044953+00:00,2025-11-01T10:54:11+00:00,223
ed66c6396ea4b1a3fff71cf35e38bf25fd6d4688a10b9a5792ade6d1d64aea93,2025-11-01T10:54:04.175738+00:00,2025-11-01T10:54:11+00:00,223
8de42fc65b7ede3eaaef79bd167c8c3af839bffa4336ae6a4e328033bf924b71,2025-11-01T10:54:04.302562+00:00,2025-11-01T10:54:11+00:00,223
9fe0af2d0ecec6b0178aed6266fe3fb1a1b9ef689138dd05a66be55dfc51332e,2025-11-01T10:54:04.430135+00:00,2025-11-01T10:54:11+00:00,223
30083b04a5763467e04626904e56ed60933a847272125cc73a44c3f68b2838ee,2025-11-01T10:54:04.556933+00:00,2025-11-01T10:54:11+00:00,223
6cdf87c34dd92d501908f6214d6ea590079051c6d9475e0bf9fb17ea912fc406,2025-11-01T10:54:04.688978+00:00,2025-11-01T10:54:11+00:00,223
3147e911055aa3e1c551aef4004ea2908c6281a4589b9093a74d522707aa66c7,2025-11-01T10:54:04.817102+00:00,2025-11-01T10:54:11+00:00,223
1f0cda86d1ceceb8b59f0da0104869ee8116216f76e2cda38f4fe39f3e53a052,2025-11-01T10:54:04.946322+00:00,2025-11-01T10:54:11+00:00,223
a9f10cea7af3256c58a88e6c1911bbb853fffa5ca91e657a58e72086af07fabe,2025-11-01T10:54:05.073953+00:00,2025-11-01T10:54:11+00:00,223
5de57b0956f429d6c49d64d7420a2bde70120b98299db0f88d5d309c2c0db288,2025-11-01T10:54:05.207586+00:00,2025-11-01T10:54:11+00:00,223
be78a33ad78ec39eeaeaf73f1f63a1a136a80857730a5418c782ef4bea4ecc23,2025-11-01T10:54:05.338441+00:00,2025-11-01T10:54:11+00:00,223
4f5279da732782578b5cc98fa01188834a16516edf592d17fde248bdf59c1c3e,2025-11-01T10:54:05.470357+00:00,2025-11-01T10:54:11+00:00,223
906146e7f38b3773859f6550580c8cf42cc240889ac7a64fe0f384a530bbfa71,2025-11-01T10:54:05.601996+00:00,2025-11-01T10:54:11+00:00,223
e84c0a25290643e7459b0570e27a63ee6727660581e0ffc4df96a02c6c974478,2025-11-01T10:54:05.732323+00:00,2025-11-01T10:54:11+00:00,223
4a1794378d16d6d9e08cc0cb3f58d65db2edd3f9158edc8b018cf34d1d2c0adb,2025-11-01T10:54:05.863188+00:00,2025-11-01T10:54:11+00:00,223
9ef5438780a5dfd94f9673d937a0c4d7f03b16a418bce61060aa68d2d22ac8cb,2025-11-01T10:54:05.992524+00:00,2025-11-01T10:54:11+00:00,223
4301c3dd813579893e6ec4117be8da6b53b7af8b23949b8994c49563552c956c,2025-11-01T10:54:06.123593+00:00,2025-11-01T10:54:11+00:00,223
98b8459a3b3be2cf8098f706cba5cf36eed7c1e09d14f466c5788939ee4c05bb,2025-11-01T10:54:06.458029+00:00,2025-11-01T10:54:11+00:00,223
77a557233b503f8e89e1860795b13d0f148c89f0fadce660e479dd381ada4442,2025-11-01T10:54:06.582183+00:00,2025-11-01T10:54:11+00:00,223
a90fb5539f3cdd83e5a73646694667a48546de926920d5463e64033dd315460c,2025-11-01T10:54:06.708639+00:00,2025-11-01T10:54:11+00:00,223
97603fa027e5398ad33d7795cceae580a0d65b5659a9a306042953768c718663,2025-11-01T10:54:06.834755+00:00,2025-11-01T10:54:11+00:00,223
d2555ad3ad6d0d0729023fdab17db9db10254bd050ab170bed4ab276f9f4f4e7,2025-11-01T10:54:06.964212+00:00,2025-11-01T10:54:16+00:00,224
a399b31c05223ecc611bbc86faaf56a716baef508452320e04f7ebcb328af87a,2025-11-01T10:54:07.094501+00:00,2025-11-01T10:54:16+00:00,224
f56f0614908b8d938eaefb862e28793cd64bdb3558afeaa3ac6eec3c24e81504,2025-11-01T10:54:07.220728+00:00,2025-11-01T10:54:16+00:00,224
b0e829b116783e04486df2c66cde3a61cb6fdb9a530f086be02abf42bc07efdb,2025-11-01T10:54:07.351537+00:00,2025-11-01T10:54:16+00:00,224
6e5291e00aca5df15bdbc3857066561360220bd475a03f6d20e791b99de62a07,2025-11-01T10:54:07.484034+00:00,2025-11-01T10:54:16+00:00,224
a3c8a66b25ccc7028ac47cfd97d6a6a1ad8bb97d38f52f6fdec7f5cd8e74abb9,2025-11-01T10:54:07.612381+00:00,2025-11-01T10:54:16+00:00,224
ec40d22eeebb473c6b6c61e71e32f2dcc35141d7a8137e751b43ddd65bc87147,2025-11-01T10:54:07.737621+00:00,2025-11-01T10:54:16+00:00,224
8828e13583aa0d2182b5b5a32b9683a5fb217b5739b160439c31ee59b347271a,2025-11-01T10:54:07.863277+00:00,2025-11-01T10:54:16+00:00,224
9381e48eaf7317cc4ad0133c50827f19fa2acd67e4fddcba802a45325092094b,2025-11-01T10:54:07.989899+00:00,2025-11-01T10:54:16+00:00,224
37bb6428f07eed94da27819d98ecd117932952487379871d6b2a66270a6119f3,2025-11-01T10:54:08.119847+00:00,2025-11-01T10:54:16+00:00,224
4fa46b46b6f55f3413bfcf1960db8b9e89f09e95d8582cab74f3c9c667ff34cd,2025-11-01T10:54:08.248860+00:00,2025-11-01T10:54:16+00:00,224
a31624a65c0f288de4e54967b9dadb9f13a0c94b7a06b6b0a789348e31a27ed4,2025-11-01T10:54:08.379433+00:00,2025-11-01T10:54:16+00:00,224
9eb536f6e2847a15e29f9fb7f216442b9abc6d08361384b56fbb13dfab862ea3,2025-11-01T10:54:08.508828+00:00,2025-11-01T10:54:16+00:00,224
e54240650f51a5187e223519417309b9f74756f0b97d2be8f488e6e512c817a3,2025-11-01T10:54:08.644190+00:00,2025-11-01T10:54:16+00:00,224
3936eb7056fd0d9e1e798b9632fc37d718db71b49384a79ef850736775a56376,2025-11-01T10:54:08.775288+00:00,2025-11-01T10:54:16+00:00,224
2d85d76de3aa6153cd27c4d0ccd12cc1642535d62f38f60d0b76de2eb8068e56,2025-11-01T10:54:08.904487+00:00,2025-11-01T10:54:16+00:00,224
9c28a7cc9fa482c971027e02c60ba9a4d68072136f7bb396f6ca15eda6bce93f,2025-11-01T10:54:09.033733+00:00,2025-11-01T10:54:16+00:00,224
4e78b2e3a322579830b651e456a12555d8d5cef5debf79220ca4b6dc647bac5a,2025-11-01T10:54:09.163984+00:00,2025-11-01T10:54:16+00:00,224
b5aea06946d20518b4199feebf6021c1dce29ebcf77161637d10a813017ad5ec,2025-11-01T10:54:09.293603+00:00,2025-11-01T10:54:16+00:00,224
128cdba058bf964b47ceadd1616b9362f5fc9211b4b433738905e1675faa5b64,2025-11-01T10:54:09.422990+00:00,2025-11-01T10:54:16+00:00,224
105c9ccdce31b11d23d008f6673e275891ee896081439dd8ca923f3ef540a6b5,2025-11-01T10:54:09.553889+00:00,2025-11-01T10:54:16+00:00,224
54a5ee73f78d35039a17dd069695610d26f29b11d69ce475329fe8bb3a2c4acd,2025-11-01T10:54:09.686222+00:00,2025-11-01T10:54:16+00:00,224
3b87fb65065814ac146441cd8c24ea05196316ab0baa9a661a235990b21ddf0c,2025-11-01T10:54:09.820071+00:00,2025-11-01T10:54:16+00:00,224
01c66dbb3b002dbf1763de6924cb43cf27a16de5439c48422dd3d6cae4724db5,2025-11-01T10:54:09.952175+00:00,2025-11-01T10:54:16+00:00,224
9ed507077e4297234925b23a387fbf831525e4b27380367b064863e7b574e079,2025-11-01T10:54:10.083332+00:00,2025-11-01T10:54:16+00:00,224
9e307e3c1d924dee6866384b8b6570ef316054b2ec68b9b9182db080eb9cc3c1,2025-11-01T10:54:10.212307+00:00,2025-11-01T10:54:16+00:00,224
1027a22300c7346d6b57f98956e996fddd190406811200dacf546cfd3b9c0e1f,2025-11-01T10:54:10.348979+00:00,2025-11-01T10:54:16+00:00,224
26ad0864b57c94e52e8f84150014f9cddd3863667b05b6246da2142da683fffc,2025-11-01T10:54:10.476952+00:00,2025-11-01T10:54:16+00:00,224
59680a352b28321906f872ce854d14ef6d32109ca501598618e34efa7fb7d065,2025-11-01T10:54:10.617103+00:00,2025-11-01T10:54:16+00:00,224
789326523016358e9f8360403f80cae5d2eb865904ce19b77fda3747e2718188,2025-11-01T10:54:10.744517+00:00,2025-11-01T10:54:16+00:00,224
ec9bce0bba7d4f58c0e2d2bb5c7abc3ac79f58d9cdc0fd20b95b4190fb81f9b4,2025-11-01T10:54:10.872144+00:00,2025-11-01T10:54:16+00:00,224
87205e57378ed5b53f3c0c65eb7b39fee2cf0eb61a5affc439b70d116443b988,2025-11-01T10:54:11.001022+00:00,2025-11-01T10:54:16+00:00,224
889371ba7f787abd60680e5f85e20c6195586e8a50d5fb7b2cce47734d4566a6,2025-11-01T10:54:11.133737+00:00,2025-11-01T10:54:16+00:00,224
3eb0a2c4815edab654fab9edf3a0fb02c3001a3b3cc79ed872be31024e07f4f9,2025-11-01T10:54:11.259897+00:00,2025-11-01T10:54:16+00:00,224
f68d2870945891d32f1cc63072c98154e6dae6cb3e4248c0e45e84ce304bbba6,2025-11-01T10:54:11.391814+00:00,2025-11-01T10:54:16+00:00,224
11cf1c314103a827c6dea3946f1e4f5f134e944bd23f7a6bc6c415e1e09711d0,2025-11-01T10:54:11.720356+00:00,2025-11-01T10:54:16+00:00,224
8b7fd2a6e6db4df9988c12d2aeb52d89de322c7c00ecb6d64f5b45a3f6e0a667,2025-11-01T10:54:11.846559+00:00,2025-11-01T10:54:16+00:00,224
ae995aa443fb7b4d7a907a7cc258a25477833bbe32fbe688c716356a42f23704,2025-11-01T10:54:11.973579+00:00,2025-11-01T10:54:16+00:00,224
8bb9cb291f1992d1f62c4064f476d4b94dfa50c175b99c50a3e567ce3319fabf,2025-11-01T10:54:12.104066+00:00,2025-11-01T10:54:16+00:00,224
b92f31ce0f2b81202232a13b06399fd9e1bc9d0f336745278f7fb31f9e5d6f98,2025-11-01T10:54:12.234889+00:00,2025-11-01T10:54:16+00:00,224
e59fa110b7044770b88708a6c84d4a910684cb51ab17753e08c90c64dac67e40,2025-11-01T10:54:12.360922+00:00,2025-11-01T10:54:16+00:00,224
1414f508041df0572b93b5582b38be20268f785424ba32fb33ca78229e6c03e2,2025-11-01T10:54:12.487578+00:00,2025-11-01T10:54:16+00:00,224
f5a57c13a224c44f9343fe2e444a2e2bc56eee2fab373f3deee682d12ea6476b,2025-11-01T10:54:12.616954+00:00,2025-11-01T10:54:16+00:00,224
2766306677bb895e458ae906323b36cd36bb61a16656cfc5397822029be61222,2025-11-01T10:54:12.749685+00:00,2025-11-01T10:54:16+00:00,224
51c8ed40fc3d0470b3ff4c5c2b574ca98b0e63ab1ae8c8681ae424da37cf1c95,2025-11-01T10:54:12.886199+00:00,2025-11-01T10:54:16+00:00,224
91cdd2adeb04667360b04ae778bd62b6c60e3e26776e726a02324dcf5abd0c2f,2025-11-01T10:54:13.017609+00:00,2025-11-01T10:54:16+00:00,224
98ac78305b1bc8349f8e44d7ad0706ed69f616252cc3295b21800181a17877bf,2025-11-01T10:54:13.149080+00:00,2025-11-01T10:54:16+00:00,224
2750b66a6a57a949b8dc06c81e4dddccb3a9a912bf480aba7a0af7258a3657e0,2025-11-01T10:54:13.274816+00:00,2025-11-01T10:54:16+00:00,224
10fd07e7bdb6f8247c128eec968a950f93ed8b61b1f689db53f19ddd90119445,2025-11-01T10:54:13.405699+00:00,2025-11-01T10:54:16+00:00,224
3185f7d20d92f0a3e88a9afc3f62566ce6f148632d9eb93911e1eec0e04781ec,2025-11-01T10:54:13.534519+00:00,2025-11-01T10:54:16+00:00,224
73a28afd417620530c22bf16fc8bbe26d8c8fba500a31750975947bfa4bfdc50,2025-11-01T10:54:13.662404+00:00,2025-11-01T10:54:16+00:00,224
d2301ab0d4c3426a0213c7fafe96eeec365bba32d9ef7f82a6f7cd772832ac89,2025-11-01T10:54:13.785228+00:00,2025-11-01T10:54:21+00:00,225
118327e2d725f75571a2da8aa20644e585a3a7797dc1a3200e6622c13347332c,2025-11-01T10:54:13.909344+00:00,2025-11-01T10:54:21+00:00,225
9c35555d9303f0b793e00b56c2222c4701bc420f8ab704b36bab3953dc9ef863,2025-11-01T10:54:14.038605+00:00,2025-11-01T10:54:21+00:00,225
a871592ad183281686659fe4584ff993da91af497a2d0014ec14d25defc262a3,2025-11-01T10:54:14.165195+00:00,2025-11-01T10:54:21+00:00,225
6cca1953ddf9c583b0a6774a7b36ae549e846e0f14ebbe819e9b8adb9204bce6,2025-11-01T10:54:14.298328+00:00,2025-11-01T10:54:21+00:00,225
0cffb1beabcb09440d3a5fd259f6e6ac53dddae743ebf8eae29ef6da6aa9af9d,2025-11-01T10:54:14.418629+00:00,2025-11-01T10:54:21+00:00,225
7d74be2710018275891521cde4ad9aef84670005d3fcd76dc32ca85c5dbe79d2,2025-11-01T10:54:14.544133+00:00,2025-11-01T10:54:21+00:00,225
8a3b9a0f9f724855ea5b86581a0f03b50d61571528557f4c54098c37e832b481,2025-11-01T10:54:14.669222+00:00,2025-11-01T10:54:21+00:00,225
b0869bad1f7e1429e9ed28d2bfe29829c0de594d22e431379199d68e4b505edf,2025-11-01T10:54:14.790864+00:00,2025-11-01T10:54:21+00:00,225
4b97026418bddc28fa5ba0037313f3a85081aad605a73cb589710914079d1558,2025-11-01T10:54:14.916371+00:00,2025-11-01T10:54:21+00:00,225
35cddde9d69682b685724ab274a293a25f2ce3d06176aac890e4ac5e4a20c8a7,2025-11-01T10:54:15.036196+00:00,2025-11-01T10:54:21+00:00,225
0979e4a0e770f1b9c4b37afbaa5e117891f788507078ee533b8a6ffa491e2175,2025-11-01T10:54:15.167265+00:00,2025-11-01T10:54:21+00:00,225
a9b32b263c756c90000db8726c9ce9bcd6685ba57e27567af58ecc721991cb1d,2025-11-01T10:54:15.297152+00:00,2025-11-01T10:54:21+00:00,225
cc8e46afb212707b49a1ffb95072d7de9a3b262c0d42719c34a8bea08bf46c9a,2025-11-01T10:54:15.422443+00:00,2025-11-01T10:54:21+00:00,225
8c8739fb54cf7bb71737001c0ac356dfab69e1951a2707efe3d303d9ec97e64e,2025-11-01T10:54:15.542948+00:00,2025-11-01T10:54:21+00:00,225
52c397682d7060fe68f6b79deed7fc87d81c18c5a8589ede1ec8bd368cc055ab,2025-11-01T10:54:15.668197+00:00,2025-11-01T10:54:21+00:00,225
1e5922d8dca773f750cb168d3a8bb1dc353dbaa0b935ae0cf1d53484a39d066d,2025-11-01T10:54:15.791434+00:00,2025-11-01T10:54:21+00:00,225
ae8918df72fccf26b296a4e71b979604a923fc54909d7af8120a8047f39da7bd,2025-11-01T10:54:15.969264+00:00,2025-11-01T10:54:21+00:00,225
f185ac8465ddfb26c231c01b78a1887b4cd353b13787863b7326383ef50eba7b,2025-11-01T10:54:16.092733+00:00,2025-11-01T10:54:21+00:00,225
6d3fa4a1b3b15eba27968eb2f2007438ada3cbc1b0195390e936c3accbdb96c3,2025-11-01T10:54:16.216703+00:00,2025-11-01T10:54:21+00:00,225
7592477db5a50762e7ab0f845d1a18cc1b8f22a9e9fc465c95b3fa9553b5c0df,2025-11-01T10:54:16.343084+00:00,2025-11-01T10:54:21+00:00,225
1caa4a6965138e932263e0c5fdfd7233eec49a9f7ddbf34d00c1f4ac1b2ab98f,2025-11-01T10:54:16.472768+00:00,2025-11-01T10:54:21+00:00,225
23da41a8d0c88f74887b4498b571cb1526f18526f72d12bf20c555cbfaad1a38,2025-11-01T10:54:16.602312+00:00,2025-11-01T10:54:21+00:00,225
f7386e540e5f48e8a9875a0cb75fff9f307bdc40facd3dc713e9749c50b6ddaa,2025-11-01T10:54:16.931475+00:00,2025-11-01T10:54:21+00:00,225
fbf7b6c75826614883899bd671caf63c63b6adb031fa5d07b3d99858fb15a404,2025-11-01T10:54:17.057188+00:00,2025-11-01T10:54:21+00:00,225
39a6fe12d6968562f267d0eea8f275ecb496d643aacbbbafc0778132587484ff,2025-11-01T10:54:17.183339+00:00,2025-11-01T10:54:21+00:00,225
d6e904cfba182d617d7a59452755f1b8e87af3039ab9b0425c679d24601bd790,2025-11-01T10:54:17.303064+00:00,2025-11-01T10:54:21+00:00,225
3e4c958a4864861783bdc59c88ad853b7db632a75828c2df36eb4db715e05764,2025-11-01T10:54:17.426763+00:00,2025-11-01T10:54:21+00:00,225
5b2325012383da3d273b11a5c7dd091cacfd50c02c349e3f2a97d48525c4297a,2025-11-01T10:54:17.550409+00:00,2025-11-01T10:54:21+00:00,225
23b9c42484730cfa8d6318015d18072a5d5ea743a5cb048c8ebf60dece4d82f7,2025-11-01T10:54:17.673825+00:00,2025-11-01T10:54:21+00:00,225
bb4ea6c3ca751a9a36f135f14f5daea265f49874fa14562ddd53ea8f7d36c9ef,2025-11-01T10:54:17.800711+00:00,2025-11-01T10:54:21+00:00,225
e6b392e6b00a8ce1cb8c8ae7ff0729d22606c275d02b7b102a535378767fb337,2025-11-01T10:54:17.925205+00:00,2025-11-01T10:54:21+00:00,225
97908f1ac88cc7c1a33d5a6301102965f568a0cb74a076506d991215d930b116,2025-11-01T10:54:18.049640+00:00,2025-11-01T10:54:21+00:00,225
6e0ed4b5b1627161629d18a958afa835efdb9b90638beedf9bb90c6454e9dc92,2025-11-01T10:54:18.174208+00:00,2025-11-01T10:54:21+00:00,225
6f22ba791f8559478a99f90ce759d1914519484e8f26b6b4f95e6d52fdb72be6,2025-11-01T10:54:18.304110+00:00,2025-11-01T10:54:21+00:00,225
7f283a0bd63eb3e1a63938e180efdb71f787c6d02ac6fec6a423a3ed2136a41e,2025-11-01T10:54:18.430409+00:00,2025-11-01T10:54:27+00:00,226
dc8111df68d1f9d10d388bad05b9ba377c66f011a5b3a94ee6cef1eb6ada1b2c,2025-11-01T10:54:18.555052+00:00,2025-11-01T10:54:27+00:00,226
82331c9a8937f8a7d7e92e985a570319a482aa1463fe849ac1669f9029d4123a,2025-11-01T10:54:18.682788+00:00,2025-11-01T10:54:27+00:00,226
653d2555a0ad3f84829453c0d7366d1f2647181cef3b792cd21303f5ff6a5931,2025-11-01T10:54:18.812737+00:00,2025-11-01T10:54:27+00:00,226
e6d899f6601e7830b1ac01df6b6ccfe591fee68cbebdad4bd97fd030b81bab24,2025-11-01T10:54:18.943544+00:00,2025-11-01T10:54:27+00:00,226
5e654c9fb62cd4d149d1dd7ab97830092c161610ee09543947424eaf8a56805d,2025-11-01T10:54:19.072700+00:00,2025-11-01T10:54:27+00:00,226
9fd751f1daa148acad33007f69c6577e00c98ed8d3b203c57a0689f2eb36fa01,2025-11-01T10:54:19.199462+00:00,2025-11-01T10:54:27+00:00,226
947385a0796df313c51a08d7863b5867b9038b533135f0fbf04c47d36c0545da,2025-11-01T10:54:19.331025+00:00,2025-11-01T10:54:27+00:00,226
969b1487f872d7702e06fe3ad2caf6d57d85575aa774ca7efbc9e2d49a46abae,2025-11-01T10:54:19.464643+00:00,2025-11-01T10:54:27+00:00,226
f01b49243e8a588d6894a65702116fc95c980e168b702815df7c366a3cea8721,2025-11-01T10:54:19.597880+00:00,2025-11-01T10:54:27+00:00,226
91da313343d7ed47e180b72d0c626c126def41059af5a7a336b37959a529db6e,2025-11-01T10:54:19.722941+00:00,2025-11-01T10:54:27+00:00,226
6f25d7ac7b2338deef4975eb53698afc37dfe4c09f9a7d4efa97531a2f76baaa,2025-11-01T10:54:19.853050+00:00,2025-11-01T10:54:27+00:00,226
6bbdfacad377c9d68ff8d671bdc3fd33e9b0be8025ea3c198b3d19901816dc76,2025-11-01T10:54:19.981699+00:00,2025-11-01T10:54:27+00:00,226
4b85852d90eb02b83f2c4cf003e564a228be82f30624c1c045a3c633a3105906,2025-11-01T10:54:20.111242+00:00,2025-11-01T10:54:27+00:00,226
92517892d85653e39268a3032170d260181d38b94a9812288b867e7a5e8615d2,2025-11-01T10:54:20.240143+00:00,2025-11-01T10:54:27+00:00,226
6bd126dad5250220c2ef60c882e04a77e3a67762fa8dda590b14418994e8714a,2025-11-01T10:54:20.368781+00:00,2025-11-01T10:54:27+00:00,226
33336aac90cda712133d04aef9aab183421fdce402da519cb75a7c63e009ccb9,2025-11-01T10:54:20.497822+00:00,2025-11-01T10:54:27+00:00,226
d92868af6189fd1c844643a42a70ad308879932a398ea871a8f26a38a2f38a99,2025-11-01T10:54:20.632654+00:00,2025-11-01T10:54:27+00:00,226
315f04fcebf842bfdf23b3b11185ebb41c992b1c502914172cb741bd3c4a14ca,2025-11-01T10:54:20.764193+00:00,2025-11-01T10:54:27+00:00,226
453c76af5f8955341cc24fff239f26175c68ee0f08f4e1ee0dd38e0d067c2c02,2025-11-01T10:54:20.896395+00:00,2025-11-01T10:54:27+00:00,226
26b89319a5b36ad4b4e058ec6119dfb296f41eccb34874d98314c9d0ac7ebd8c,2025-11-01T10:54:21.029760+00:00,2025-11-01T10:54:27+00:00,226
86832c44129723d5a39502d73e6ac0efc67f5910380aafeef2184677ed2269c8,2025-11-01T10:54:21.166054+00:00,2025-11-01T10:54:27+00:00,226
499a4031389ca2e464976d0acd66f40bed5891c4baf808c9ad7583abd9640cc7,2025-11-01T10:54:21.298807+00:00,2025-11-01T10:54:27+00:00,226
149506eea12b309133dd088246b7d53bb1e8455aaa222d299753144750f02b49,2025-11-01T10:54:21.431253+00:00,2025-11-01T10:54:27+00:00,226
33f45cfcf6747859ec74cb810c3b5472557af4815f339c50eb679f03a61db59f,2025-11-01T10:54:21.562579+00:00,2025-11-01T10:54:27+00:00,226
d526754d00b5ec4f77da1ffbb27f6f452c0f03c5b575c539af1da0dfe5263fba,2025-11-01T10:54:21.691329+00:00,2025-11-01T10:54:27+00:00,226
7c8cb2af2af69eeda754faa8a4f670953d8ef3ef06899165aff18de5d50258ef,2025-11-01T10:54:21.817626+00:00,2025-11-01T10:54:27+00:00,226
2ecab4d4c01340b2177b7dc6b47fd576252d478b2e7ed86e5f34418c41cb7d08,2025-11-01T10:54:22.146877+00:00,2025-11-01T10:54:27+00:00,226
21aaf02dc89dd63eb1103c5b3751c2b18816d0387182adfbc898eda2990644cf,2025-11-01T10:54:22.271346+00:00,2025-11-01T10:54:27+00:00,226
e1555f2ac412e7aa604d364b501f29f928fb786b12a748e65dcf9df18f3019df,2025-11-01T10:54:22.398975+00:00,2025-11-01T10:54:27+00:00,226
452a0323106f9926d40b3d765bd0e9f300b0cfc9fec0530bd20b11e41f70a6fb,2025-11-01T10:54:22.524812+00:00,2025-11-01T10:54:27+00:00,226
d3d9d61487fbbb2f8a49142b67ea6948726098dc0c504dc1bb10ddd4cd110cc2,2025-11-01T10:54:22.658266+00:00,2025-11-01T10:54:32+00:00,227
fb259bed80ae1cccd5c868fc207b3d033ac5e3abea2bb8574c89205f8a1d2214,2025-11-01T10:54:22.782653+00:00,2025-11-01T10:54:32+00:00,227
c6c382936d1aa0b78ef18a56a2a98faabe0be52f7e9c66d517de34f4602befb1,2025-11-01T10:54:22.911220+00:00,2025-11-01T10:54:32+00:00,227
c6a6b082c0c4d55f4d3650dba11dc152adf5ecec47a1d110ebb20c8df8aea8d4,2025-11-01T10:54:23.038193+00:00,2025-11-01T10:54:32+00:00,227
3de82afb1cced029cf961853682379c9949c3ccaea1783629a8552c5d179d018,2025-11-01T10:54:23.169636+00:00,2025-11-01T10:54:32+00:00,227
02560ee38debd950d87d628049a29777d8509cdfc04de4764d6f269646f4a949,2025-11-01T10:54:23.296214+00:00,2025-11-01T10:54:32+00:00,227
f9c01c3bbe49051f9f4f8f892a84a138e191ba592e61c9d24f1b7ae2ecccfd45,2025-11-01T10:54:23.422380+00:00,2025-11-01T10:54:32+00:00,227
07d8c7e6b3373e2c740ffed8295e2be8cef705b20206df45216dc0fd71a6b143,2025-11-01T10:54:23.549976+00:00,2025-11-01T10:54:32+00:00,227
0770db4305ef02e5dfbe7ceff5fdeb11cfb4802639215e8e0c0e0f7e35edc64f,2025-11-01T10:54:23.679341+00:00,2025-11-01T10:54:32+00:00,227
a44bdc7ba4b794bdef59466c18c708cbc6f12bced3161e5b51d94a208db2c214,2025-11-01T10:54:23.803860+00:00,2025-11-01T10:54:32+00:00,227
e40a70c5237250b38cee736caa4f5604895080802c1c4fe72d5ae0bb0cb54f1e,2025-11-01T10:54:23.932715+00:00,2025-11-01T10:54:32+00:00,227
ceddce96cac024cd0ce82ad1728187412b907697bd4673581ce8a89feaa9d1fc,2025-11-01T10:54:24.058816+00:00,2025-11-01T10:54:32+00:00,227
fd964d1c10696fa337c2848f656e27fe02001cb75150c8434107869f55a24341,2025-11-01T10:54:24.189427+00:00,2025-11-01T10:54:32+00:00,227
29dc350b17ce7eea601d139806014fdbd2d73a1b7be7d1df2fa790f66b9633ed,2025-11-01T10:54:24.315891+00:00,2025-11-01T10:54:32+00:00,227
115a27932bd153ca95993e973746886385f0a463722d6ad15449b7fb0529025f,2025-11-01T10:54:24.445738+00:00,2025-11-01T10:54:32+00:00,227
8df45b995f13834c4ac85dc001cff100714cefe67b34dc9204379c5f3838864d,2025-11-01T10:54:24.574121+00:00,2025-11-01T10:54:32+00:00,227
c255e30f4f7f5b432406a7432c593837ff325a82dcd4051f0b7b38b78adcb790,2025-11-01T10:54:24.702620+00:00,2025-11-01T10:54:32+00:00,227
aecc706c0982ce58927638df1261240bb30817677d95b173abd25cc0020aebd0,2025-11-01T10:54:24.832540+00:00,2025-11-01T10:54:32+00:00,227
6f89a81ea382d7a61d4d3173f72add573cfec82a67c78ec7f376e1a34c43d6f1,2025-11-01T10:54:24.961164+00:00,2025-11-01T10:54:32+00:00,227
ac2a3fc79df2a7e8f8d0d93eec88b0322df2d6a44716a25a6f0497997cd9ebb1,2025-11-01T10:54:25.096355+00:00,2025-11-01T10:54:32+00:00,227
e80eca40c3328acd7c56319a3b4461f9885b73905665a0f8b118b440256159d4,2025-11-01T10:54:25.231267+00:00,2025-11-01T10:54:32+00:00,227
95c72ece523525dd8e1021278a53404f28e4e10119af9583c90211d0a7dd5c73,2025-11-01T10:54:25.359592+00:00,2025-11-01T10:54:32+00:00,227
9e80956d16e5beb61da81ea296c9df8e0fe0ca7e217736548ffd24bd47b7203a,2025-11-01T10:54:25.488397+00:00,2025-11-01T10:54:32+00:00,227
568ffbaca2ca9af641330b3c4e329a3c7c09b428d9c8183e8232e284a26336de,2025-11-01T10:54:25.614502+00:00,2025-11-01T10:54:32+00:00,227
47377034a240280a68abd6cc6f54d4b5ee5fb79002acdd7986ef32ff8213758e,2025-11-01T10:54:25.746210+00:00,2025-11-01T10:54:32+00:00,227
3bcf19f5b4e60f2907eaca93faf9745e343cdf03e1304ba14543ebef8e937d2a,2025-11-01T10:54:25.875183+00:00,2025-11-01T10:54:32+00:00,227
25d69f2318b2bb1c4bb39b9c8f95cb929f824cef6ac9f26e43824adca014fd27,2025-11-01T10:54:26.008869+00:00,2025-11-01T10:54:32+00:00,227
e3cec8c66e18d3d58b4a26881a54f01cf11a7995c566ad420c55f825bab3eb6b,2025-11-01T10:54:26.146932+00:00,2025-11-01T10:54:32+00:00,227
aef6e1fadb296b31d75effd04aabe08efda0f46eed55be87312f7583bf64d368,2025-11-01T10:54:26.275351+00:00,2025-11-01T10:54:32+00:00,227
de57a702e3ab1240e2ee2306d7ca21a681b73a6d6acbe0361850dcd82333aefe,2025-11-01T10:54:26.403249+00:00,2025-11-01T10:54:32+00:00,227
4671c0642f3ed7215c99cd6c45dd06026cd41bcb5973ff5fbe7a6b4239b959aa,2025-11-01T10:54:26.531275+00:00,2025-11-01T10:54:37+00:00,228
ac6d1236a968132d2b57a97068a626f0298731098cbdb44a395f83d7a53c976e,2025-11-01T10:54:26.661922+00:00,2025-11-01T10:54:37+00:00,228
abe4128b85f4bac43983210b99f6b6220dcee263b3a3eb7710879a8ba3bc508c,2025-11-01T10:54:26.795547+00:00,2025-11-01T10:54:37+00:00,228
a19152e30613e9f93cde9a6fbc7f020be40a1fb091960bebb53271c9b197911f,2025-11-01T10:54:26.928366+00:00,2025-11-01T10:54:37+00:00,228
511aa89373864699e5fb297711e0ab0f32e5e4495ceabcadb0e6dbdab78f5151,2025-11-01T10:54:27.063566+00:00,2025-11-01T10:54:37+00:00,228
914c257e4452d0e731e80e46940d67b408bd5dcdf1eaad29f324f308fe3ddf41,2025-11-01T10:54:27.391153+00:00,2025-11-01T10:54:37+00:00,228
2745d3af6de9a2a49648a97bc5a25e947ca53a093f025cc28aeafaf4b66c8c1e,2025-11-01T10:54:27.517987+00:00,2025-11-01T10:54:37+00:00,228
aa35af81aa903de364f8d7d21bd90bea5916bd919e8777334777b0759472a22f,2025-11-01T10:54:27.647232+00:00,2025-11-01T10:54:37+00:00,228
d9b60284b31216e75c06782215aa3709f406b55e7f261306bfa8b60a600ed3ea,2025-11-01T10:54:27.775089+00:00,2025-11-01T10:54:37+00:00,228
1664841948b3f5651a59e014a91b8d9170bbb78dba8c226d95e0eba72cc5f664,2025-11-01T10:54:27.905739+00:00,2025-11-01T10:54:37+00:00,228
bead95ef2594d4856845a919cac9b1b80ea86399e89473014f546bd92417ed09,2025-11-01T10:54:28.035226+00:00,2025-11-01T10:54:37+00:00,228
fa16a0603df98e0d895f794de27b1ee37cb0e2cbb5cc9e28a2b702844b60fb3b,2025-11-01T10:54:28.160713+00:00,2025-11-01T10:54:37+00:00,228
886b437cc2fc964399ebede85ce37dae815c7bfc7a51c9a59b47fbb3bb33986d,2025-11-01T10:54:28.290916+00:00,2025-11-01T10:54:37+00:00,228
e0b631a0fc30d2868af3358a05d3d83f356528cf635463f727e9d996938ae1f9,2025-11-01T10:54:28.420970+00:00,2025-11-01T10:54:37+00:00,228
43478a8c1fceeb91e028ae3da397170508c81caa7a4725be89d2d4fd2a848dc8,2025-11-01T10:54:28.550959+00:00,2025-11-01T10:54:37+00:00,228
24b6b115867cbac1c3bda046cf84e8809e265e836718559f92f628835682b176,2025-11-01T10:54:28.674362+00:00,2025-11-01T10:54:37+00:00,228
c449e787988cd4c84b9b27ffcafc09546bd874eb27be56843795d9b3c8f4ac19,2025-11-01T10:54:28.807095+00:00,2025-11-01T10:54:37+00:00,228
feda525bdcf818c1d9b82ea9cfa26db34a66696770295fcf7c0246150bbc0bc1,2025-11-01T10:54:28.940014+00:00,2025-11-01T10:54:37+00:00,228
bae729a2f42c20a22840296f0aa15dd7490b4636f2542676da542538ea7149c9,2025-11-01T10:54:29.074125+00:00,2025-11-01T10:54:37+00:00,228
8a2b5cc031a65b5ae9fb15852697b4d896f73f8a226ac5906e7c33134a83bb4e,2025-11-01T10:54:29.202553+00:00,2025-11-01T10:54:37+00:00,228
7a8cb9dff45f6e9d8105709e47279dbafba555589e47cc90eed35a6972b9c109,2025-11-01T10:54:29.328687+00:00,2025-11-01T10:54:37+00:00,228
3e0af907d30ffd9c124883091d0f1ae2465c4e5f9d2f570150d924717aa009e2,2025-11-01T10:54:29.456584+00:00,2025-11-01T10:54:37+00:00,228
4b14dc156124a19721437e7e8e7843b7377e8706300d499cfa9be0b3b7a725c1,2025-11-01T10:54:29.590263+00:00,2025-11-01T10:54:37+00:00,228
4025af174177f7f71a1383b792abfbc58b88703be46b30cb58d715beea713091,2025-11-01T10:54:29.723937+00:00,2025-11-01T10:54:37+00:00,228
787e698d4938682a1986544eb3dbba2598bf8c3ef093e734dd5357891bb10333,2025-11-01T10:54:29.855590+00:00,2025-11-01T10:54:37+00:00,228
d3f4fc2a7855c1649568e33f8aebc78e83aafbb2b3ffedde379d6f80bda64a6a,2025-11-01T10:54:29.989762+00:00,2025-11-01T10:54:37+00:00,228
1d9a2d1208f31d3b36c17e41a6b0ff308f7112d09e71a4786c474855dd695f57,2025-11-01T10:54:30.129008+00:00,2025-11-01T10:54:37+00:00,228
dbe370e1d19b8c8f90c117f4fd22e1bc6615dbe90163bd63139af2633bde7cc6,2025-11-01T10:54:30.261506+00:00,2025-11-01T10:54:37+00:00,228
28799105241b1126d768d116d054bb078530323e8a226931df6af39446fd96f3,2025-11-01T10:54:30.391771+00:00,2025-11-01T10:54:37+00:00,228
6e6fa2724831cef83ca79bb43dd3af8b0efe2f4add52d87f88a2a5a7242b5db5,2025-11-01T10:54:30.522773+00:00,2025-11-01T10:54:37+00:00,228
297ecd79595f77358bd6b4a618476501e2cfd96cc6143e8c2f2e7d2d7f4cede6,2025-11-01T10:54:30.659031+00:00,2025-11-01T10:54:37+00:00,228
a28bc56d6c9c33406741036b061a3b8f2e1f0244bddbd10a46e93b5cf356b9eb,2025-11-01T10:54:30.795894+00:00,2025-11-01T10:54:37+00:00,228
794e039f7c53cf1c9cff9b7589a64372fb45646739c0142964455fbc1a40ad34,2025-11-01T10:54:30.924404+00:00,2025-11-01T10:54:37+00:00,228
4940e8d93a3006d8cf8d8a79461da7bcc4653edd321d718c912bcf616ca9a581,2025-11-01T10:54:31.053949+00:00,2025-11-01T10:54:37+00:00,228
785c489254593d81e7979755a85cfbb1528344ab95385fd1fb494de0c760d542,2025-11-01T10:54:31.190295+00:00,2025-11-01T10:54:37+00:00,228
6e30be6d31a1ada8c52c228b5dd75ec6d0b92906608a1312712407c61fd0a3b7,2025-11-01T10:54:31.318570+00:00,2025-11-01T10:54:37+00:00,228
2d96cf381432c8d6e2b60739f5f836b6f373e9bfe379db55e15ca3a569c32beb,2025-11-01T10:54:31.454171+00:00,2025-11-01T10:54:37+00:00,228
b0f830cbad2a067f4f85aa06f2ef9dfb252c445fcb40878ef2feed7db85f7ced,2025-11-01T10:54:31.584491+00:00,2025-11-01T10:54:37+00:00,228
afe4e695e8041740fb7a1e4ad03846f53662856c9cbbd78a83bcf5bacfc2fa0e,2025-11-01T10:54:31.727131+00:00,2025-11-01T10:54:37+00:00,228
e9abcec08d9171e2e63a419511f9dce81fa402252b18abfa984ac641fbdf9431,2025-11-01T10:54:31.868600+00:00,2025-11-01T10:54:37+00:00,228
7e7e6bfc3f1f74d68f6876c0ab7421715c71ab2aac0927872d88034ab3aa2d73,2025-11-01T10:54:32.002039+00:00,2025-11-01T10:54:37+00:00,228
7b881bc95c254d2871dd8814853051e538b34df6503e5401d83365e66222045e,2025-11-01T10:54:32.128339+00:00,2025-11-01T10:54:37+00:00,228
1f2ad21990b101c512fd5dbd6a2ef34a640116b61deff2ac185f236212314c34,2025-11-01T10:54:32.261247+00:00,2025-11-01T10:54:37+00:00,228
404cff3799d09a9622d8edff640191d443fb3b2a7d9f8aacc39e95d83e0edafc,2025-11-01T10:54:32.393812+00:00,2025-11-01T10:54:37+00:00,228
315292e180c7a77722ee917a9943a308222ec1eba88b1b932bc10261990388c6,2025-11-01T10:54:32.728769+00:00,2025-11-01T10:54:37+00:00,228
3fe0583ba8e711d6b5e37a73a844ad2b602bdc2b375967c0f47b4b89535058aa,2025-11-01T10:54:32.859291+00:00,2025-11-01T10:54:37+00:00,228
7fde87be15af4674e6910806c04f898ccf2aa0e6de214b66ff5c381753170994,2025-11-01T10:54:32.993044+00:00,2025-11-01T10:54:37+00:00,228
994a1083c26d314ff6cf21aeab2b883fabce46b9024147ed260147edfd11da49,2025-11-01T10:54:33.121989+00:00,2025-11-01T10:54:37+00:00,228
a5044d7d05c45e86f9bfb13c9a337b9dd124bc9d5bd78561d909a526ba4faf6e,2025-11-01T10:54:33.247653+00:00,2025-11-01T10:54:37+00:00,228
6f35c3d4e3e5f13aa8318a7fab8437584b3d8716eb2c81bc4a84dc7a87a2f9e3,2025-11-01T10:54:33.376121+00:00,2025-11-01T10:54:37+00:00,228
aaf3b2f314e9b79fcbfd16b0da46e907e5e6865f3b5a12e40e07eaeda07310d4,2025-11-01T10:54:33.506055+00:00,2025-11-01T10:54:37+00:00,228
9127b7788549e361252f158636e16b5c4afbc234b53dd114771a96d71df262ed,2025-11-01T10:54:33.636952+00:00,2025-11-01T10:54:37+00:00,228
bcc411737c4e4771090b2b57dad5eb8281bbf62cfc804bf1e5121e6b6f40adcc,2025-11-01T10:54:33.764591+00:00,2025-11-01T10:54:37+00:00,228
b29013ba8981340a9951325cc1b55818f306ba78800158546761f30e3cf49858,2025-11-01T10:54:33.899049+00:00,2025-11-01T10:54:37+00:00,228
80ec824dd606b9393aebd4e49f477db67e200d59f2c21cb82f8fb139bfc9dc14,2025-11-01T10:54:34.032093+00:00,2025-11-01T10:54:37+00:00,228
8b5d426fa3fcce8ae97df7cbdf7abb23c50916701bb5341f90c74f7242314899,2025-11-01T10:54:34.165126+00:00,2025-11-01T10:54:37+00:00,228
262ee1121c4a67a5dce45476038adbc617e634d80f235f6994f9e34d3d4924cb,2025-11-01T10:54:34.296301+00:00,2025-11-01T10:54:37+00:00,228
89ec555161e4745ea807002ceade28a1fe2625b72b4007353622998c0fd8a8ed,2025-11-01T10:54:34.424920+00:00,2025-11-01T10:54:37+00:00,228
f92147aba69ed3de6f4a3b3b5b22295b01c52761c2219d0493bd5c0d9652e62a,2025-11-01T10:54:34.555476+00:00,2025-11-01T10:54:37+00:00,228
833bbbd01282efd17ef02524c32376cd7346e731271698337c14fc1df1b90558,2025-11-01T10:54:34.689545+00:00,2025-11-01T10:54:37+00:00,228
8fc874d907bbd2da6307f077eb1863c6d63a3bb77ae9226205980a09228804f9,2025-11-01T10:54:34.822697+00:00,2025-11-01T10:54:37+00:00,228
b56aef40b8e3d16c28bb0e0caa592d9c80df937fc3d9ce30a43ace15fd8cfd80,2025-11-01T10:54:34.958108+00:00,2025-11-01T10:54:37+00:00,228
74a102d432d2ee01d3997fec90eceb3489525374806a3e56942c945ac4ff9cee,2025-11-01T10:54:35.091506+00:00,2025-11-01T10:54:37+00:00,228
0328628656fb79a4997a429f53c4525d59a416bd00dabab60ba7136760e9c83d,2025-11-01T10:54:35.220522+00:00,2025-11-01T10:54:43+00:00,229
6dddc266536dcf9dd6defa53d7791b5bf9441300fb3478d32f51997b2ac89289,2025-11-01T10:54:35.351493+00:00,2025-11-01T10:54:43+00:00,229
9db698bea5759f1af9270c103d345f16140cedc1513cb55bb0e90e90aac8ddb5,2025-11-01T10:54:35.481540+00:00,2025-11-01T10:54:43+00:00,229
e86a50635f3d954afb6ce64f099868c0d818dc27cde282d7e3647c62f2a9cc5a,2025-11-01T10:54:35.621254+00:00,2025-11-01T10:54:43+00:00,229
b909044cc7f6bd39d26f97ccb64afd761ff556f8c3fa48209e390c4f1230d1a1,2025-11-01T10:54:35.758582+00:00,2025-11-01T10:54:43+00:00,229
e623b33eaab82fdf5ebbeb8f59ac67f1bfdfae02596f8aacd9be9e38e34fca6d,2025-11-01T10:54:35.891490+00:00,2025-11-01T10:54:43+00:00,229
a59ddd46306faefb24f75b8a1b742f253d5e78f73d9d268db878ba55f69cfc14,2025-11-01T10:54:36.021287+00:00,2025-11-01T10:54:43+00:00,229
61623754854ea9f6ebf75e43b4ca53bc592efb2ea47857f6278050b2d76021b2,2025-11-01T10:54:36.158432+00:00,2025-11-01T10:54:43+00:00,229
0a4889045d3f8b1946c0b85fec779d984c84d0c40ce6b167d723412db7180b02,2025-11-01T10:54:36.291441+00:00,2025-11-01T10:54:43+00:00,229
9b7a3a8888102f740ecf6d58b43632f24d4b5f49757cfbdd95eebf67878c7b1e,2025-11-01T10:54:36.419206+00:00,2025-11-01T10:54:43+00:00,229
9ff28c8295762093c22efd2b1dcb19ba13a1abd1990000e18ddc1a7a5c9fb6e9,2025-11-01T10:54:36.550084+00:00,2025-11-01T10:54:43+00:00,229
3219f888a5705804ca81d5a911b33c8a495ab5c961f6f966522379a5b71934d9,2025-11-01T10:54:36.679379+00:00,2025-11-01T10:54:43+00:00,229
f0bf89a85ea37f6566b4384cf714e2ba8fcbe4cf74d84b6616708d82591c364c,2025-11-01T10:54:36.811529+00:00,2025-11-01T10:54:43+00:00,229
41773bca57a072dffe4f4d47b4e44d50dcc8e8c95823334f1cd7b5b3e0e5c389,2025-11-01T10:54:36.948923+00:00,2025-11-01T10:54:43+00:00,229
64953d41b670e6f2ffa3b6d538a6cda823816890fa3cfa316deaa8c1b7b948cb,2025-11-01T10:54:37.082865+00:00,2025-11-01T10:54:43+00:00,229
e10529835d11bd54d7e16bde2b38ffc6fa31c161e08697a5bb4cf36e0c9cee74,2025-11-01T10:54:37.215989+00:00,2025-11-01T10:54:43+00:00,229
fd68c006544f8b7a3144ba8b38f240c3e4f1cfb4bade3186e4e40befc322c044,2025-11-01T10:54:37.346775+00:00,2025-11-01T10:54:43+00:00,229
489ba16f0578562e47df01110c47fee752c9a6b690ed9361545c2bb7934b75f1,2025-11-01T10:54:37.475157+00:00,2025-11-01T10:54:43+00:00,229
f761de3d6422d7a85d41634c86d5f5b9f14cf6cca63e49694379bdaaab38e046,2025-11-01T10:54:37.601937+00:00,2025-11-01T10:54:43+00:00,229
6224b985c62e8b206b8b7aea92d17c40a49110d11510d79b6e5bcb4015837a1c,2025-11-01T10:54:37.735204+00:00,2025-11-01T10:54:43+00:00,229
ea1ba71905b11ab72a07038bd4d374a127bf0c955a00df1a65f64da9116313be,2025-11-01T10:54:38.075142+00:00,2025-11-01T10:54:43+00:00,229
d266f6c9e31814c1f05eb052d97fcec91222764127d2c0ce1ed902263d98bb23,2025-11-01T10:54:38.199752+00:00,2025-11-01T10:54:43+00:00,229
ef87ee3c170a0279b7cb76d705ef8c940924e5edddcff976bebb504aea29a719,2025-11-01T10:54:38.323258+00:00,2025-11-01T10:54:43+00:00,229
337d37b46852391581bbe50cc9e581e63f64b9f505ea4e1a52566484997fcdd5,2025-11-01T10:54:38.454613+00:00,2025-11-01T10:54:43+00:00,229
33d735edf3c03b0196b1bf192b4807eb5a31e56ed1d503ea8fc91cd0eb701923,2025-11-01T10:54:38.579978+00:00,2025-11-01T10:54:43+00:00,229
91ef5839d7965827e479121d38f7aa9268c595c2b0283c5d188abd9d48883579,2025-11-01T10:54:38.703059+00:00,2025-11-01T10:54:43+00:00,229
0333dc69aba76bfc18e4e45ecd4c53721b063d9d1e6b3b8825787b26c18d4859,2025-11-01T10:54:38.829002+00:00,2025-11-01T10:54:43+00:00,229
f18b96650947581c137b2a7379fbd07d119f0a36ba2d3cf95000552c324b171f,2025-11-01T10:54:38.954546+00:00,2025-11-01T10:54:43+00:00,229
31d4f3a1733a499c7233f70fdb4f5e92eb3678e773123d78cf218284307497e1,2025-11-01T10:54:39.081471+00:00,2025-11-01T10:54:43+00:00,229
2816ab97957c463f72f12b1a03e21e95247c48dd33edce60d8addac76b5c3f6c,2025-11-01T10:54:39.205739+00:00,2025-11-01T10:54:43+00:00,229
94b04fc403d807185aabab49769a76da95d67b1ce348dc8c950d5f9e4e3c6776,2025-11-01T10:54:39.329346+00:00,2025-11-01T10:54:43+00:00,229
b732a771dccfa6cffe17658a533f4b505d719be23e2775a9df130b1f2c5e22ff,2025-11-01T10:54:39.450815+00:00,2025-11-01T10:54:43+00:00,229
5153aaf3268d18645c470a3f058ec37a326db0f7b0598e83575c89ef0930ba0c,2025-11-01T10:54:39.572467+00:00,2025-11-01T10:54:43+00:00,229
cd0cf7a0694280852e23a9ee977b57de9f835b7f919edbbe0e23963c531e93e1,2025-11-01T10:54:39.697314+00:00,2025-11-01T10:54:43+00:00,229
2bfeff9f28efccfe2e3f7a54e5d2d1a65f4fbeef64b59b262e66b97f8b5c0e01,2025-11-01T10:54:39.819602+00:00,2025-11-01T10:54:43+00:00,229
2ad8e6ed41d3bafa8d7831ce2fdd71a2105196036df70b43db262ef5b6e65c37,2025-11-01T10:54:39.943036+00:00,2025-11-01T10:54:43+00:00,229
9618a517ee11b402e3bef0e81d9a754e610f72a9089a3e6748d41e8edc8afb58,2025-11-01T10:54:40.068232+00:00,2025-11-01T10:54:43+00:00,229
e58eb91fa4d9406619c269c24e48742eefd38547191e6446a04d65a594b2a39f,2025-11-01T10:54:40.194644+00:00,2025-11-01T10:54:43+00:00,229
52433a4b3b81ce1b45cb6a05b56f70adbf1537be917b37c651d3f83cc4079eca,2025-11-01T10:54:40.322471+00:00,2025-11-01T10:54:48+00:00,230
b37dbb2083cf2e6c1c511e6777c8cace8ca28fda4491565a2161d5be3c431178,2025-11-01T10:54:40.448414+00:00,2025-11-01T10:54:48+00:00,230
1abcd5bdf0c2e9919244d7ab9a393966f091e76ce2282a83d6aee338bef57317,2025-11-01T10:54:40.574290+00:00,2025-11-01T10:54:48+00:00,230
45e5a2a7cea4be49c106d1d58f7ef3b0c66690e2cecc2cf2eff6aa3791ac0362,2025-11-01T10:54:40.701669+00:00,2025-11-01T10:54:48+00:00,230
2b19d002731826df9d95cbba2e1b45dbc108b2af1b7ebcad8b8a36524748fad8,2025-11-01T10:54:40.826194+00:00,2025-11-01T10:54:48+00:00,230
9dbd16fb0d1cc49389381dd83f892544c19a832e1b56d59e3cb0801ec389c1f6,2025-11-01T10:54:40.953181+00:00,2025-11-01T10:54:48+00:00,230
0b9f9c1067822ffe5aa0a51e59f55f5f2888760e746e6336825a3544c8a3205c,2025-11-01T10:54:41.079546+00:00,2025-11-01T10:54:48+00:00,230
f9e761adb3b672cbbd86b94c53de763e12294c061150142d984728952cced33a,2025-11-01T10:54:41.204957+00:00,2025-11-01T10:54:48+00:00,230
a4f0aa1c944d42a0deb2b1577d8514223fbc45b62a9313a5c16eaa493bb82d62,2025-11-01T10:54:41.328772+00:00,2025-11-01T10:54:48+00:00,230
f54d082d278cd63ae2b4a1b8872f14ee2a02a8ca4131ee5eb63b32a843bf91dd,2025-11-01T10:54:41.456302+00:00,2025-11-01T10:54:48+00:00,230
2a7f520d3add3888ac32d92ec1ed0146280c74e1c75ef79527c7595ec8be9ca7,2025-11-01T10:54:41.582682+00:00,2025-11-01T10:54:48+00:00,230
a4dac443729a885c92b3a39e202230f5f25a2e9ca312f04bdc9b7edd17960e78,2025-11-01T10:54:41.712362+00:00,2025-11-01T10:54:48+00:00,230
6b7f23e708f931fb31ef5438b2556ac074fd3c55a06a633b221c237b8f334ab1,2025-11-01T10:54:41.836085+00:00,2025-11-01T10:54:48+00:00,230
eef48a3fb7b2cef7fb59acd72042317357abb006498d35beb00d687b3b0b56eb,2025-11-01T10:54:41.962983+00:00,2025-11-01T10:54:48+00:00,230
fc9910cc735ed19fde3189cff2256d4837783d98fedfbd34f39995af9c031c1a,2025-11-01T10:54:42.089623+00:00,2025-11-01T10:54:48+00:00,230
61258e3e58be1a61a1c75cb19d874a77d75e34fa80d71c442b1b97c8545a6791,2025-11-01T10:54:42.211565+00:00,2025-11-01T10:54:48+00:00,230
767b40575b80af495d60b17202c96579e338128573397da1a1a05d7f80664f9d,2025-11-01T10:54:42.337002+00:00,2025-11-01T10:54:48+00:00,230
df691d0cc06eca89a99a97241ce1e29d0a03a7d23f0ffeb3cfdc68b3bec3a044,2025-11-01T10:54:42.470040+00:00,2025-11-01T10:54:48+00:00,230
8a7e7c7740dcac88540d43920a95e9849f80472e7b3bcdae4ba8b681a07c34d9,2025-11-01T10:54:42.595700+00:00,2025-11-01T10:54:48+00:00,230
e103072701db78afb64753ad17b1ce06fb9f44928e1eb0256a9fce1fea5cb332,2025-11-01T10:54:42.722011+00:00,2025-11-01T10:54:48+00:00,230
0314bd937fb1527d11612af17ac7f6e491e164c026a1d4b56a5c62ce7011ca0a,2025-11-01T10:54:42.849295+00:00,2025-11-01T10:54:48+00:00,230
2bf6990b6c9279351c30e350cb203806a635c8ac1cf10c743f0d64c7e888daf4,2025-11-01T10:54:42.975999+00:00,2025-11-01T10:54:48+00:00,230
a15b7b6eb777421387cb7698779fe0b48be95e602f3493a934062e4a5d45f6bd,2025-11-01T10:54:43.311988+00:00,2025-11-01T10:54:53+00:00,231
7997a04024ddb3ba8fc079708c2a07e830e8f1b346812dc59a4ef455ff7b91e0,2025-11-01T10:54:43.446582+00:00,2025-11-01T10:54:53+00:00,231
ef74d60b460889743afb69b7b70c923d76d00f5d94791ed24f1be1047e1119d2,2025-11-01T10:54:43.575501+00:00,2025-11-01T10:54:53+00:00,231
a864ce832297a92b2c75a47d453eeb11e1a868b504ae55e2f863c27917015473,2025-11-01T10:54:43.704238+00:00,2025-11-01T10:54:53+00:00,231
a9feed3e46ac08c4c2cf21216d18c64e36e42001f391c1cefceeefb6e2173cd7,2025-11-01T10:54:43.830811+00:00,2025-11-01T10:54:53+00:00,231
32f88b097dad0c66b09c6874ed10231ff2cd27b56d35db94249fa9eb7060e3f3,2025-11-01T10:54:43.965821+00:00,2025-11-01T10:54:53+00:00,231
d14c59d0af7d5d6a193290d57af45ceca91c3239adc5dcfe4e7fc4f1ab96673b,2025-11-01T10:54:44.097532+00:00,2025-11-01T10:54:53+00:00,231
e36c5c5dd8024258c601633b2b35aeddbf5d748599d09a5a16bdec9cac7cabd6,2025-11-01T10:54:44.221802+00:00,2025-11-01T10:54:53+00:00,231
d2aab2b015a811a9cab7bca371526c5e25325b487ac57afcaa5dc6ddcc06b1a3,2025-11-01T10:54:44.348665+00:00,2025-11-01T10:54:53+00:00,231
0c701e3cec1fd27e4a98738a4060fe52348a2c4958caa6399e68a3ec576329e6,2025-11-01T10:54:44.477896+00:00,2025-11-01T10:54:53+00:00,231
da24d602ab1ff98ac715338a16e53bf5dcbcee5c045a62fe5922a75a5b8605eb,2025-11-01T10:54:44.607199+00:00,2025-11-01T10:54:53+00:00,231
d56976229eb5d59e614e69b92b2d2ce1d1170e5351fd697a9630e8a19475a0a0,2025-11-01T10:54:44.733316+00:00,2025-11-01T10:54:53+00:00,231
1c6c7bbfa492479bb603b15357b633eee4bce6a22659c858a722e6255e314da5,2025-11-01T10:54:44.855937+00:00,2025-11-01T10:54:53+00:00,231
4243dabcba7cbe83586f50b37e1e9101028c5262bd2ce5106b1fb3c8f09fc937,2025-11-01T10:54:44.979561+00:00,2025-11-01T10:54:53+00:00,231
fd97bf37c427c382fa78ba3c06170d7863e7845fda2d8da4af0e5a67d819b77d,2025-11-01T10:54:45.106598+00:00,2025-11-01T10:54:53+00:00,231
ce01a0eeba7d60df1a6832aa8d35753c509b46ca5e45274be0e0c1f7f5c44ad1,2025-11-01T10:54:45.232254+00:00,2025-11-01T10:54:53+00:00,231
ac9e3309dd92390c731baa4ca3237970fb38da500d718f31cc5e4f2c684ed0fb,2025-11-01T10:54:45.358027+00:00,2025-11-01T10:54:53+00:00,231
6c3b14ceb297ed68f00d251c01eb813cac0da3d2f4de26089037068cfbb76696,2025-11-01T10:54:45.482585+00:00,2025-11-01T10:54:53+00:00,231
3b08b3f7e860e89bbef14d393ddb3d51f53ba7506363f4adb6cdd52d8a812f6f,2025-11-01T10:54:45.612856+00:00,2025-11-01T10:54:53+00:00,231
e7f8324a0220f39d103b33f5734700ab5c3956208e21c247063302b606240ff0,2025-11-01T10:54:45.740623+00:00,2025-11-01T10:54:53+00:00,231
a0adeea32a6e4177a8f59ad4ac9613c7495ccb1615f3c7460eb8bfa307008a47,2025-11-01T10:54:45.866245+00:00,2025-11-01T10:54:53+00:00,231
9eb701d79f3b8b45b7d0db6a41acafad6fb3326fe4cdb9ae0d3945aab6595ee8,2025-11-01T10:54:46.001194+00:00,2025-11-01T10:54:53+00:00,231
345dd679cfeb126f069ba45aadcf365bbd594a6a4d0a4256df278298c29b560d,2025-11-01T10:54:46.126978+00:00,2025-11-01T10:54:53+00:00,231
99a1b12737884710f9aadf6f81fa7724c0c895825ae2849ef1103a27379f9e60,2025-11-01T10:54:46.256488+00:00,2025-11-01T10:54:53+00:00,231
6fffefb2d6c7ed11b47e044846c920fd71035f717ca8cd3f04fde50d755b2266,2025-11-01T10:54:46.383400+00:00,2025-11-01T10:54:53+00:00,231
8225d3a2652566adc7009a7c40bb38bbc8e0e3dbf9f9a11382df64e7f396d02f,2025-11-01T10:54:46.512742+00:00,2025-11-01T10:54:53+00:00,231
945d8a24d8445d9c3741d76212413d0edd47dbacc3a44c413653b50a8f33f177,2025-11-01T10:54:46.644445+00:00,2025-11-01T10:54:53+00:00,231
a64323fbef85b1d519d0922160de7065edd8575332b35b7ecd44fa601156dd86,2025-11-01T10:54:46.772660+00:00,2025-11-01T10:54:53+00:00,231
1f69b0d267580757f0a0112598c5a3e6908e21ae72b7e815b6da6419162a32c1,2025-11-01T10:54:46.910821+00:00,2025-11-01T10:54:53+00:00,231
3f79501b95335436d97e860e4e292e3c0308c4736fc35922acd9bf715c9a0ed9,2025-11-01T10:54:47.034411+00:00,2025-11-01T10:54:53+00:00,231
e4b0f407b6abf1e0ca71eebcbdadbb27907e861af41e7e3a4a6505e6c9805649,2025-11-01T10:54:47.163220+00:00,2025-11-01T10:54:53+00:00,231
3093257c219c55066f3a5a3df9351a8cf1712c0b4b04d1cad0a54e1c845cfcae,2025-11-01T10:54:47.292523+00:00,2025-11-01T10:54:53+00:00,231
ce49140ab39c1f8998e27f9efaf80f9ad06fbb44d3246c199c15d43ad9adc91d,2025-11-01T10:54:47.426870+00:00,2025-11-01T10:54:53+00:00,231
9754400cd967ab89663cc9ef86b074e12b38bc33e9b8dfbcf0e276bc73dfac48,2025-11-01T10:54:47.554685+00:00,2025-11-01T10:54:53+00:00,231
83b1bf60a56ea6b2c25380e183f1c127c187c8dfe473a75ef2510d77a633ad5f,2025-11-01T10:54:47.676056+00:00,2025-11-01T10:54:53+00:00,231
b6062bd31056fd512499d9a74f0094f5b5504d53d9dd619aa762ba27cef4cc60,2025-11-01T10:54:47.800576+00:00,2025-11-01T10:54:53+00:00,231
63e697126e5ffbf30f2c2c2131a35f17cb36984c8e84e976d8516b04b1aeae9b,2025-11-01T10:54:47.929290+00:00,2025-11-01T10:54:53+00:00,231
d5841b9e9d9b2b5a8377731a298b4ff03b88cc7bad55ebfd7d27cb819d9053b8,2025-11-01T10:54:48.062664+00:00,2025-11-01T10:54:53+00:00,231
397ae07a39774640e7e8d055aadd419603faf3539ce169e3f9c6781d59285ec0,2025-11-01T10:54:48.195575+00:00,2025-11-01T10:54:53+00:00,231
1980bd7848dc95bb5f3a454bbd9a30baee354b538e066097cb4cc3284964f359,2025-11-01T10:54:48.525403+00:00,2025-11-01T10:54:53+00:00,231
e7f64dbd725ea6fd6b955d26b08c7b841fb695c7f422c52b1740ad6a9c6fef85,2025-11-01T10:54:48.653404+00:00,2025-11-01T10:54:53+00:00,231
f107a3ea6de98645aab714a830b7aa91b3077bb2b5d690fd1f31a7ab3b92a453,2025-11-01T10:54:48.781231+00:00,2025-11-01T10:54:53+00:00,231
db043b5e80b86f45db0c57dd9adb235142e0918170fc0fe26db3479f703355b4,2025-11-01T10:54:48.907267+00:00,2025-11-01T10:54:53+00:00,231
1582528f127bf4971159a159a2165be92fc6b740d38d34f540a8733b2187b488,2025-11-01T10:54:49.038315+00:00,2025-11-01T10:54:53+00:00,231
92a13542b4a8b92d4235018a7b1f1f4ba0f7186c2eedf9e718269e8a614d1df4,2025-11-01T10:54:49.168771+00:00,2025-11-01T10:54:53+00:00,231
34d6cbb8f16682850b5337a4413f65e95f0e42a79b1c7c1f214ad8f814615a2f,2025-11-01T10:54:49.299443+00:00,2025-11-01T10:54:53+00:00,231
692494fbcfd5675e2de7fdefc4987117be8847fabb3d4cc7e0b15abf5f5678f2,2025-11-01T10:54:49.430079+00:00,2025-11-01T10:54:53+00:00,231
a2c3c7b4eb2789dc7f3926326702ecdf52b8896e680226f6a62ab7ce3f65a0d8,2025-11-01T10:54:49.560601+00:00,2025-11-01T10:54:58+00:00,232
ae96e3a7fb6c0f22733b4d040aff9b26bce03bc9d585b8b4e15a8d25fab3cffb,2025-11-01T10:54:49.689140+00:00,2025-11-01T10:54:53+00:00,231
1f734dcc25a758a14aaa414dd4bdd28c0600b754f67ae456d9c29c74d1df11c6,2025-11-01T10:54:49.818413+00:00,2025-11-01T10:55:04+00:00,233
5b33b43d5399f7d69896d27833cb0e5bb9f1b497ccb99394846a20f3a7b09f58,2025-11-01T10:54:49.953422+00:00,2025-11-01T10:54:53+00:00,231
590de0347b73ce5e2ed924ea4a30250abeaf8092fe4b7b37110b96b92c238aa3,2025-11-01T10:54:50.085881+00:00,2025-11-01T10:54:53+00:00,231
77f5827a490e6ca55a8cd61e12eca76b54f3b73f7bb96e41da6fdeb436821ab2,2025-11-01T10:54:50.215805+00:00,2025-11-01T10:55:04+00:00,233
a3dc95ab523fa96dc4e3ffd47ea51ab0f9dbc8ad0f108da2bd84260d24ea2c81,2025-11-01T10:54:50.343289+00:00,2025-11-01T10:55:04+00:00,233
27b9486b5252996845d4d4923983787607b44134e92755763f43cba4061d5ac0,2025-11-01T10:54:50.474733+00:00,2025-11-01T10:55:04+00:00,233
082ce935acb57857f03736c4a0870069b51f7571b87c3d6dbd87ceb7a6bc6414,2025-11-01T10:54:50.605395+00:00,2025-11-01T10:54:53+00:00,231
825ab50aee8293ec7d806cc40c3a0730a31152461b0c56914b300b91a278aefe,2025-11-01T10:54:50.732187+00:00,2025-11-01T10:54:53+00:00,231
4b866165f420605e1118df8465d62352b639a0e7968c94fb1785e4662dda3290,2025-11-01T10:54:50.862248+00:00,2025-11-01T10:55:04+00:00,233
8d4f9265591ce143320f40d9be0c9ce66494a5b3bec05cdb3520721e4244e450,2025-11-01T10:54:51.002305+00:00,2025-11-01T10:54:53+00:00,231
a4927b2c65dcb59972c701c2d75869caf764ff7f576776bcebfb8981fbb5f9d4,2025-11-01T10:54:51.163061+00:00,2025-11-01T10:54:53+00:00,231
f325d9f042dedb24b96509f7e9a46b5eab9155b1e1360784b72aba2b822f6550,2025-11-01T10:54:51.290204+00:00,2025-11-01T10:54:53+00:00,231
d94cc67b5e1407ec9c172cc39fef0d89e651f73716457a2c84fd6efe9c874d12,2025-11-01T10:54:51.420683+00:00,2025-11-01T10:54:53+00:00,231
3bc3050668f8c780290f186e2b08d04cb9fe0de05d266d8f57ee1f9b452daf39,2025-11-01T10:54:51.546947+00:00,2025-11-01T10:55:04+00:00,233
0d8a7ff26b4e5b8f498a5c0de489e4f222243290df0425ca533b8c726cb9ff00,2025-11-01T10:54:51.674677+00:00,2025-11-01T10:55:04+00:00,233
7a1596fc84f6b44f5119c87714aace73f462fc39e5df49f89fee7f84583849c7,2025-11-01T10:54:51.808583+00:00,2025-11-01T10:55:04+00:00,233
96b4ac7956cb24786709aacfec5dfc3d5e262cbdb5e98a9b40732f15fdbb1622,2025-11-01T10:54:51.941960+00:00,2025-11-01T10:55:04+00:00,233
ff9f21e4dd93cee8a78181faaf681074dbfc933c7dd271db1db1366211f92fe5,2025-11-01T10:54:52.070816+00:00,2025-11-01T10:55:04+00:00,233
f4cfb80093585ad452c69a907b7728936021fa084bee5e0d08f13c7029776ba8,2025-11-01T10:54:52.197437+00:00,2025-11-01T10:55:04+00:00,233
69c26091dfafe1fda818dd2470424ff781133f5c488b6917d6af3b124c09d1ce,2025-11-01T10:54:52.327036+00:00,2025-11-01T10:55:04+00:00,233
282d96ecd10bd4865d2e2accf923e69a9eaa025cb25f7700195256ff3d811a85,2025-11-01T10:54:52.455168+00:00,2025-11-01T10:55:04+00:00,233
c44445a3e5cdbed784fef72103a5682dbb43323fca53f652a1fb073a3e4f1758,2025-11-01T10:54:52.581291+00:00,2025-11-01T10:55:04+00:00,233
52c23829495829182f86dbf5f1deb0ed57fc81f7f420206bb2901e2c9f850d0e,2025-11-01T10:54:52.712460+00:00,2025-11-01T10:55:04+00:00,233
c39c50a5cff9035a614e687cd1de940f62d2284a01dc9fb87ae606c88131008f,2025-11-01T10:54:52.873967+00:00,2025-11-01T10:55:04+00:00,233
e5fad83f981794ddb5a2bac54e220aecf12e76562a2a3da23e83fd69cbf41a38,2025-11-01T10:54:53.071803+00:00,2025-11-01T10:55:04+00:00,233
acd00fec03e603e60af265236847199aaa67684c91f71eb2c0ce41f2c9876886,2025-11-01T10:54:53.200180+00:00,2025-11-01T10:55:04+00:00,233
72b9cf5395ac6a248a3a0dfd44efb993a04ca8e0f1c43dfa29f1f63ae2a4c942,2025-11-01T10:54:53.335291+00:00,2025-11-01T10:55:04+00:00,233
e61c7675ff79f572770be91c58d1cbac5dab7228388bf2639b7116d72a51a2aa,2025-11-01T10:54:53.465035+00:00,2025-11-01T10:55:04+00:00,233
05986962287dd47c004ec1c6e87913651673088c3eab96abba5df05f52b91fc5,2025-11-01T10:54:53.796067+00:00,2025-11-01T10:55:04+00:00,233
e8885cc826316624338b2adc533fa6d0e6afa9777214d50fd8b7f8b7d860b2d5,2025-11-01T10:54:53.920615+00:00,2025-11-01T10:55:04+00:00,233
bb40cf263278d30e85931074b9e98e86a665b1f6b73db3f504a7829b36453d41,2025-11-01T10:54:54.048931+00:00,2025-11-01T10:55:04+00:00,233
d4c0515d568fbf59f3ca6f2b9af8e190e11e1e6485b8132c52f3e8a0d450eb2c,2025-11-01T10:54:54.173324+00:00,2025-11-01T10:55:04+00:00,233
81ccdd36cca5548f0aa3629794e73efca95e0a7bc0a669c7671edb10f8321501,2025-11-01T10:54:54.302383+00:00,2025-11-01T10:55:04+00:00,233
4a63dcb76613fbe0a998db2cd99216983ba25fcf04bf31f79f3ddee5c53cf249,2025-11-01T10:54:54.428613+00:00,2025-11-01T10:55:04+00:00,233
b67a45ddaaba51f4544b47641ee2fba57a88dfea491828f30018a0bce567f302,2025-11-01T10:54:54.557333+00:00,2025-11-01T10:55:04+00:00,233
7faa0200e47e1be998915739fa2c55fa4ccb95702d0b1023603ba6e5031806cf,2025-11-01T10:54:54.682275+00:00,2025-11-01T10:55:04+00:00,233
a9a7a3f2f0e2f5514bb9cfe340f48771980f69dfe37be7c86c25d0de29af2788,2025-11-01T10:54:54.811906+00:00,2025-11-01T10:55:04+00:00,233
93f721bcfdfac72097b2e64447f78a0a6d8b0159aa10f9b0ac3c55927454beb8,2025-11-01T10:54:54.939311+00:00,2025-11-01T10:55:04+00:00,233
c2d6100ea85cf421d01d96dba6014ca5280757182f2ce5705a2b557fda315a6e,2025-11-01T10:54:55.068570+00:00,2025-11-01T10:55:04+00:00,233
c62877612c48b8909193cb6d565d55904fa17025bac9898da415efaea2433c5b,2025-11-01T10:54:55.206730+00:00,2025-11-01T10:55:04+00:00,233
4c208e733e97ef98c0cf10dbbcff57cc89a5f930f0bac7c1aa472c14232d514c,2025-11-01T10:54:55.337722+00:00,2025-11-01T10:55:04+00:00,233
4c78591ec9d03e28b2a4450388b9776db8155704285db232436037343a2132b0,2025-11-01T10:54:55.466281+00:00,2025-11-01T10:55:04+00:00,233
2bd74e0a6675a78b18d9d3c412eff0fcf0acd56b14ac786fa397cef4fbba1311,2025-11-01T10:54:55.595562+00:00,2025-11-01T10:55:04+00:00,233
028865d621913b2762b4f2b1401ceab4ea7119e4aaf126045a3c626133fd6084,2025-11-01T10:54:55.728802+00:00,2025-11-01T10:55:04+00:00,233
8a935e4bea558ed8e6ac3395b43fb2c9d96b33713f9a132b8d095207bc1eb595,2025-11-01T10:54:55.861813+00:00,2025-11-01T10:55:04+00:00,233
6c0a8e26e10a96b61baefa245b71ee68b6e830551f482302903e09ab78d0b09a,2025-11-01T10:54:55.989893+00:00,2025-11-01T10:55:04+00:00,233
30f803a5b06b1b7d581abbf4fd345996854c47a0fde62a7d3eff317a8e1bd340,2025-11-01T10:54:56.121881+00:00,2025-11-01T10:55:04+00:00,233
20135d329613072840c1301cf50918729596199e3cb1c0efe0f48295730018fb,2025-11-01T10:54:56.248370+00:00,2025-11-01T10:55:04+00:00,233
e1fe3659c03ceabb7b37e12f2e9a72c26e483ca46a45adc9122328264b55466d,2025-11-01T10:54:56.379436+00:00,2025-11-01T10:55:04+00:00,233
2518aa5419eb8b44e962f7fa115d8ecc590af9c548689bf85cfab3fc58cf722d,2025-11-01T10:54:56.508068+00:00,2025-11-01T10:55:04+00:00,233
b7e337251d04b0bd50bac0c904a07122f6b95da9d0984d633050eb9796309dc2,2025-11-01T10:54:56.639614+00:00,2025-11-01T10:55:04+00:00,233
f584bc6c0c18fb00a3b992912dfb35660333bf7ac1b0d9c743fb9322d13d2252,2025-11-01T10:54:56.771959+00:00,2025-11-01T10:55:04+00:00,233
0581b44b5f7cd25dcf0c94ca9d0e49d0cf2fbef4d7ea55f2978c98d888e5f8a0,2025-11-01T10:54:56.900357+00:00,2025-11-01T10:55:04+00:00,233
a2b49230e41f3116aaffead4be562077d220b96800740056a0be35dcc1e22021,2025-11-01T10:54:57.032371+00:00,2025-11-01T10:55:04+00:00,233
6ceaf351319ffa81407b9e015a2210d9ce30258ee63cabf74f075cc77b27c247,2025-11-01T10:54:57.161898+00:00,2025-11-01T10:55:04+00:00,233
8e6c05028798081a7a6f9b263ddf3a22bb25368e04cbf848620fdc5096852879,2025-11-01T10:54:57.290600+00:00,2025-11-01T10:55:04+00:00,233
1cc4c9e41bdabd8660b72386d4286b0c2904a184ee905637e523d054fdfc79e7,2025-11-01T10:54:57.421281+00:00,2025-11-01T10:55:04+00:00,233
a96e9802cfce9725fef36299664f1204d81f8dea0be530d1fb9f7a6e6a054af4,2025-11-01T10:54:57.552471+00:00,2025-11-01T10:55:04+00:00,233
d725ad1de88334ad9238dab913b70bfa7dcdcdc083647a723a6e4e3e9547c377,2025-11-01T10:54:57.682822+00:00,2025-11-01T10:55:04+00:00,233
320e5a38dabe1c3a3ea7515c8807f43efb3864031bd3d21950975c13e3f80bfc,2025-11-01T10:54:57.817459+00:00,2025-11-01T10:55:04+00:00,233
095fa88516329c605a7c60a1613ec04d89ae931d39403035cb69c00c90b421cf,2025-11-01T10:54:57.949058+00:00,2025-11-01T10:55:04+00:00,233
27ac1403a0808e206ab491c9c0e44261164c3bc451863b510c5f0c8ef5c0b5c2,2025-11-01T10:54:58.076556+00:00,2025-11-01T10:55:04+00:00,233
bb9e5ca7236d96b48da254ae87cfe159c25bed1bcc125bd1c46dbd5d20f181a2,2025-11-01T10:54:58.206581+00:00,2025-11-01T10:55:04+00:00,233
46b53a3a40ff63bc63ef1a0015365fa9f18bb8c5f1a51330e7e503d8f123aa63,2025-11-01T10:54:58.333410+00:00,2025-11-01T10:55:04+00:00,233
24d64d5f8e1c4f700bfb32ccc318a467aa57611347e5701b7aa545d45b989b64,2025-11-01T10:54:58.465445+00:00,2025-11-01T10:55:04+00:00,233
74ce88adaa42c14475fc1ac46e7b8a909fe9d1fddf86ae9a005496cfe209d156,2025-11-01T10:54:58.598585+00:00,2025-11-01T10:55:04+00:00,233
c1359a7450f61203132708e9db7465f47b18349fe1a94367673f89008b6c0ba8,2025-11-01T10:54:58.731460+00:00,2025-11-01T10:55:04+00:00,233
57b853b0ed4c7adfd6fbde4ec35c99d2dc40a478ae0d86dd9b58f6e14afd8808,2025-11-01T10:54:59.080786+00:00,2025-11-01T10:55:04+00:00,233
62bff1ff9989782cd0f9d06cff4fa5510d008b48daf79bcc9f0434a089dffda8,2025-11-01T10:54:59.216433+00:00,2025-11-01T10:55:04+00:00,233
f373cc093971b27d04dcf6c8bde4f51415e191604e546776bb7a5510bfb05569,2025-11-01T10:54:59.351183+00:00,2025-11-01T10:55:04+00:00,233
6560ddb640e16722357ac9bd484632aff65eefd9a4da7dd504273e29fd262484,2025-11-01T10:54:59.478285+00:00,2025-11-01T10:55:04+00:00,233
8416fe4bc0cefc463bb360212061fd764ebe60698d9cfc7393ad33612d2c4563,2025-11-01T10:54:59.607256+00:00,2025-11-01T10:55:04+00:00,233
1ab6f4d03682148cb248f9675c0bc7a8817c720bfe6198ab94dd962e879134f4,2025-11-01T10:54:59.737059+00:00,2025-11-01T10:55:04+00:00,233
ff624f146dfe227d35324a4e2ebe8dad4d2c2d2a618f4c5d26b2687ddf256a6d,2025-11-01T10:54:59.867345+00:00,2025-11-01T10:55:04+00:00,233
5cc5bbfc845a3722183931a62b12591e76eb435d9e09fc5fd676ce4194a33897,2025-11-01T10:55:00.001508+00:00,2025-11-01T10:55:04+00:00,233
9a9fe9e672b2e777a234412e5defb68b6f96222743a834399c925c0f7e124529,2025-11-01T10:55:00.137585+00:00,2025-11-01T10:55:04+00:00,233
46bc3fa7aac47fa2c133d6840da36c5139c7953e73e090a1e1e1de09f0ae2c85,2025-11-01T10:55:00.270875+00:00,2025-11-01T10:55:04+00:00,233
bd8e7acefca7ea7739184422e4677582f7586d353cfacb6dffac64388a1d69e9,2025-11-01T10:55:00.403963+00:00,2025-11-01T10:55:04+00:00,233
135b491be822ca27d797b3b05c4413c6692ab2fcacf32b561c2bdc2a95bee1f8,2025-11-01T10:55:00.536732+00:00,2025-11-01T10:55:04+00:00,233
6d716312910b97b5569b307e189944e5fab4dbeb22b6f57bd733facf77f0d3d7,2025-11-01T10:55:00.667406+00:00,2025-11-01T10:55:04+00:00,233
e7877c2f58e4ff25789994d0830f67e80acb7816c1acf459b93621cddb169552,2025-11-01T10:55:00.796331+00:00,2025-11-01T10:55:04+00:00,233
17c70f589e60313ed2b43e0c9f8bdf59de1507b9744f0aa7122cf5670205d59c,2025-11-01T10:55:00.926456+00:00,2025-11-01T10:55:04+00:00,233
cea58364c0728ae221029b31fca28c72a61303bf2e12473c122fb1459079e82e,2025-11-01T10:55:01.056103+00:00,2025-11-01T10:55:04+00:00,233
134a66243b5b3b8ce1289563636628337b319540a16053bf1beb5a30b08b898a,2025-11-01T10:55:01.184607+00:00,2025-11-01T10:55:04+00:00,233
30cf196f42034444556bb6ff2b436f7998f63d7daf7f822e2a8d9a295721d455,2025-11-01T10:55:01.316272+00:00,2025-11-01T10:55:04+00:00,233
af94310f2519cc130ce311ede20ca7bdfa0e711c47dde3ef03cefba0e956f7c6,2025-11-01T10:55:01.442628+00:00,2025-11-01T10:55:04+00:00,233
ed5890efdf8a26e858b46a1d7c9c9846734f0fc748dc25d93124340dba96c538,2025-11-01T10:55:01.573224+00:00,2025-11-01T10:55:04+00:00,233
43893da7e6634a105c1eb25a6681adc477f86bbc8fb4912796e64dd6aa125b15,2025-11-01T10:55:01.703969+00:00,2025-11-01T10:55:09+00:00,234
8f730bdc1c1122fb8677ef162ee7f2260cfd46831652fe6109380f2166a65331,2025-11-01T10:55:01.832482+00:00,2025-11-01T10:55:09+00:00,234
406a60fedfb080e0b9655cf9c9bd5202355c4bfeefb7a16087c90268a76ddeb2,2025-11-01T10:55:01.962318+00:00,2025-11-01T10:55:09+00:00,234
b20dbdc4dc9d88cca83261320de7ccc65681e667b3ab58611482fd9da2a50f02,2025-11-01T10:55:02.085979+00:00,2025-11-01T10:55:09+00:00,234
d25a920cb000520a8f4f80f97b80598fbe678abd1a4ea40c1599464b7a5e0ee4,2025-11-01T10:55:02.217526+00:00,2025-11-01T10:55:09+00:00,234
c866a9d4d8736c1eb1cd3441925fdf643e78229c62b67b38c8a67868a701f1cb,2025-11-01T10:55:02.345315+00:00,2025-11-01T10:55:09+00:00,234
fdf29ad049d5396c307db5cbbc7bb182a17f235d4fc6bd15a58ed92d31720a69,2025-11-01T10:55:02.472997+00:00,2025-11-01T10:55:09+00:00,234
8e296e7339f93dd220f21a0234efb4b23292987e58ace8d3891e4641905f54c8,2025-11-01T10:55:02.600784+00:00,2025-11-01T10:55:09+00:00,234
2eafb316336cd6cf5ecc09e03b131836a67f12ed02d9301fb9dadf9414e9abd1,2025-11-01T10:55:02.730456+00:00,2025-11-01T10:55:09+00:00,234
64b38eb1087731a833f6c45ddefd44cf25c3a8f85095393d9858dba1c6f7c80f,2025-11-01T10:55:02.860922+00:00,2025-11-01T10:55:09+00:00,234
f63a05bf1d7e394188ca71fc057c30437f519cf84a4b523bedfe188b1996eb5e,2025-11-01T10:55:02.988154+00:00,2025-11-01T10:55:09+00:00,234
f0fad00833995b58538ced958c8c21b49e4b5b44cd52571410d3300824746fdf,2025-11-01T10:55:03.114886+00:00,2025-11-01T10:55:09+00:00,234
e9d4583c7066affc0f461221144f9f462953367771f88b233edb2343d2e875dc,2025-11-01T10:55:03.238303+00:00,2025-11-01T10:55:09+00:00,234
bd0f81f7b753bbb3deda2f0e182f682552095ace0d867c8de7b7ad2b5445a6c9,2025-11-01T10:55:03.368786+00:00,2025-11-01T10:55:09+00:00,234
6f8020ee9a78bfbcfcf59e45d3038c9eb8bc1fbe8e24bbdca3c0b590e4df7aa0,2025-11-01T10:55:03.501862+00:00,2025-11-01T10:55:09+00:00,234
83518b0c5325ea4138f0a8633373791566bda2497f9d3469429a28580c9bdcf5,2025-11-01T10:55:03.626504+00:00,2025-11-01T10:55:09+00:00,234
e9b43805c2902efaf4ccbf9757e1a484eeab329f531698874b5efbeecdb8e97d,2025-11-01T10:55:03.752442+00:00,2025-11-01T10:55:09+00:00,234
895d34a060118434d4b2c2140365fa990d29289c88d395396bf966b40e6e83ef,2025-11-01T10:55:03.878812+00:00,2025-11-01T10:55:09+00:00,234
22c220b741d80996015bd051c964d278141f09d54fb3d8c6a47fea297ba3606d,2025-11-01T10:55:04.004219+00:00,2025-11-01T10:55:09+00:00,234
3e732d2175741749886c37aeb857dc51b5ead79d372b8f8d6c802caa6ea564e3,2025-11-01T10:55:04.380538+00:00,2025-11-01T10:55:09+00:00,234
520bfbab99b4117cea7c93846d93217fe0c9452ebf62c59d24f3a30b680a59e6,2025-11-01T10:55:04.505785+00:00,2025-11-01T10:55:09+00:00,234
b53b4aa8cb0f5ae23c85aeb62f47fb2dbacb21cf393d7cefc52a9792c2910021,2025-11-01T10:55:04.632416+00:00,2025-11-01T10:55:09+00:00,234
1008b3ddd75d58ed1cd74dec26e4cdecf610a5d07cf5a955a3d82c90b32d4367,2025-11-01T10:55:04.758741+00:00,2025-11-01T10:55:09+00:00,234
ae8bdd1c4e5a2b644c05fe0607b397ffd372a09335a088181f3ddafeedc7219e,2025-11-01T10:55:04.885078+00:00,2025-11-01T10:55:09+00:00,234
c253f680032b2c353fef5a023144326a27020cb5c1865087d2e9f0a1c20de385,2025-11-01T10:55:05.012213+00:00,2025-11-01T10:55:09+00:00,234
424f9d0385f77d357bc1f02c54f41deaa68d1e7bf641565b474f3888a29d7b0e,2025-11-01T10:55:05.139416+00:00,2025-11-01T10:55:09+00:00,234
60b6c116b1c640ae04d5050657f4a4409cba6049356aab6ecc205424b391a94d,2025-11-01T10:55:05.269270+00:00,2025-11-01T10:55:09+00:00,234
f976d23c44c395783d666fbf6983701d767c09523a881a7eacdb78ce424be18f,2025-11-01T10:55:05.398224+00:00,2025-11-01T10:55:14+00:00,235
dbd2a93791337c56c1926465e59d39e654a59063e01fb869fab69baac5f23a67,2025-11-01T10:55:05.527600+00:00,2025-11-01T10:55:14+00:00,235
1277dba280024b40825c16b9d092e381d35235a3b013af3bffd5eae31be1c5be,2025-11-01T10:55:05.656705+00:00,2025-11-01T10:55:14+00:00,235
ecc2371f72c2432ebdb8a2e5baa2996bba3ed992e844e380ee16bcf69c7172eb,2025-11-01T10:55:05.778817+00:00,2025-11-01T10:55:14+00:00,235
04642b83eb13eddb4a8e7b93d6848d92bead573f1fd32cd51fad24de17c2762f,2025-11-01T10:55:05.905614+00:00,2025-11-01T10:55:14+00:00,235
8ea68d732d6a39588ea6b27a414c591116c4dc9de2d55220d4beabf4b41d99dc,2025-11-01T10:55:06.037248+00:00,2025-11-01T10:55:14+00:00,235
4561ee7b371ba54d042ee30d358f4c937a91163f600383ffd8355801262c2e9a,2025-11-01T10:55:06.165173+00:00,2025-11-01T10:55:14+00:00,235
4f08685d84450f69c952c321207a1961a8bc780856937c4faba4a5c71bb47a34,2025-11-01T10:55:06.296084+00:00,2025-11-01T10:55:14+00:00,235
5e0c8e64a3dbd682c9bb2691ca2c3f10b807d72c6c94afced16fae643c530e80,2025-11-01T10:55:06.424225+00:00,2025-11-01T10:55:14+00:00,235
2cb7a4bb704dd9fbb7988358944d03d90b5111331c1029fc890cb4c95881b5c9,2025-11-01T10:55:06.552521+00:00,2025-11-01T10:55:14+00:00,235
a3fb698863f9a088275e42e3239e8cfc36367b9c88a979fe8702d4c77b62c839,2025-11-01T10:55:06.683968+00:00,2025-11-01T10:55:14+00:00,235
ebcf3a7ae2f40835a757cee1951398cfa848fac1e12236c5addba772f28552f2,2025-11-01T10:55:06.809792+00:00,2025-11-01T10:55:14+00:00,235
9239ea08cabcb1b1d70c085916d33d11ff8e4714b30bde622e937f579077ce5b,2025-11-01T10:55:06.942243+00:00,2025-11-01T10:55:14+00:00,235
39e190feba2a17611b6eb0f3f203c48908a6d54ea06bf280b6ab4e810bf040ce,2025-11-01T10:55:07.067808+00:00,2025-11-01T10:55:14+00:00,235
4267c0713e54e4600e7bb8a688aebc8542304a1a1157e5e3144d2cae2be38713,2025-11-01T10:55:07.192286+00:00,2025-11-01T10:55:14+00:00,235
aa7e5bff959c1faada29690e2677089bab572a7ed14f33f7a1884778fc19f3db,2025-11-01T10:55:07.319630+00:00,2025-11-01T10:55:14+00:00,235
b9879f2e80c634c8c9ca439aebb4294c3d9eddbb80fac2bc1b513fac6029b889,2025-11-01T10:55:07.450301+00:00,2025-11-01T10:55:14+00:00,235
8043e2366bf2a4e6e073c9d6f44751cba1613c00feeaf11e0cca5e0b160e9410,2025-11-01T10:55:07.577088+00:00,2025-11-01T10:55:14+00:00,235
8858453dd603fcedefca081fe61419ff4e21aaf090ec548d7316c8711e2d8f91,2025-11-01T10:55:07.712563+00:00,2025-11-01T10:55:14+00:00,235
a80a9f9171ea70e0497f9a52096e24e9e1ffc84495a003e970ab7a17a4a7936c,2025-11-01T10:55:07.837383+00:00,2025-11-01T10:55:14+00:00,235
1bf667f13c2886afd2c5a63683f84ebc5164d9ddf0726d78e0ebbf5e7c969f07,2025-11-01T10:55:07.965492+00:00,2025-11-01T10:55:14+00:00,235
c65935ad226a3fe1bc2e24769c93249d570c21fee9fd728d5c4605b3530b6623,2025-11-01T10:55:08.091256+00:00,2025-11-01T10:55:14+00:00,235
a6f5c39fe9dc68378e075e75eeeeca89e8d8671374dba98cf568a803d94e2b92,2025-11-01T10:55:08.219438+00:00,2025-11-01T10:55:14+00:00,235
255ff54c1754317d42be9931d8c29facb828cbb05a0c4aae3344fd626fd2243c,2025-11-01T10:55:08.350907+00:00,2025-11-01T10:55:14+00:00,235
39a2148ce14c64557e2c7bbbc1f3ed7e21454b5c7977d19026fabfd68e3d13fa,2025-11-01T10:55:08.482769+00:00,2025-11-01T10:55:14+00:00,235
01d642c807276dc131670294f734ea2d75b4479ab2502ce98bf8d8e318b55a9b,2025-11-01T10:55:08.609178+00:00,2025-11-01T10:55:14+00:00,235
afcde7ea8f49d8d9f4273f0433dc7a20ff6f82acb7f661e11954971f9d7c3812,2025-11-01T10:55:08.737868+00:00,2025-11-01T10:55:14+00:00,235
2facb9e6bff90dbe9ae99947e535fbac6caf20395927d81ea7859d6d60935e98,2025-11-01T10:55:08.869480+00:00,2025-11-01T10:55:14+00:00,235
e70572ff2876bc93b79fe7dffde02ff9d7452419223fc871da6d6e42177d9adc,2025-11-01T10:55:08.997055+00:00,2025-11-01T10:55:14+00:00,235
47c0ae728fdfb195af089cd6bb00dfcdb829c3107990d9a6337609264438fb5b,2025-11-01T10:55:09.127481+00:00,2025-11-01T10:55:14+00:00,235
356623fc33315cfee85b860fc762a0c34db888cc7aed0f13ac497c14ef3fa6a1,2025-11-01T10:55:09.256426+00:00,2025-11-01T10:55:14+00:00,235
c007b29fd282dc057c46b14241d49a5aa90922c6c5b97fc5215500e734672125,2025-11-01T10:55:09.588905+00:00,2025-11-01T10:55:14+00:00,235
435083972fb194f98bb4a9e9ec3032222655995c96ecacd955344ca73e9f66aa,2025-11-01T10:55:09.716174+00:00,2025-11-01T10:55:14+00:00,235
923aacb813411de3187efc68cc15cb30e6dd9f250dc36beccea6f91568f1a350,2025-11-01T10:55:09.844384+00:00,2025-11-01T10:55:14+00:00,235
5edde191c926f3d8ee424680c1a72416a787797f494afd6758c7799495cd5b66,2025-11-01T10:55:09.970712+00:00,2025-11-01T10:55:14+00:00,235
d815ed5513251b5b9724b4928237ca8ec1fa5ee0020c4408b90d43d23445cda0,2025-11-01T10:55:10.102971+00:00,2025-11-01T10:55:14+00:00,235
76b190a969418452e00a0fc42f49b2cb0516e7cf5338c20209a941993bdaa1cb,2025-11-01T10:55:10.230949+00:00,2025-11-01T10:55:14+00:00,235
a5107b9b40d89709cd37556137ba2bd31336e5c02615d6b672227a0588c8e884,2025-11-01T10:55:10.360639+00:00,2025-11-01T10:55:14+00:00,235
fc9f7f93f3144ebd80bf07439c4c1e273ba541b1d073cd3cf72a0b28af1e2d00,2025-11-01T10:55:10.489323+00:00,2025-11-01T10:55:14+00:00,235
5e6faf345931739c36cedcfb6446d239cbfccf6d7b2efa5827be6392b7720631,2025-11-01T10:55:10.620142+00:00,2025-11-01T10:55:14+00:00,235
ab1966d5c99af276d4c073959e200e4152e1e0004505650302ecd4248d7ea5e0,2025-11-01T10:55:10.750984+00:00,2025-11-01T10:55:14+00:00,235
1ae70c5b4c23243c757d8251d56bd0d4e92cb2e0fa4115fa5800c0d65aa88188,2025-11-01T10:55:10.883058+00:00,2025-11-01T10:55:14+00:00,235
5836df53f01176f179e5809ef4928ca9b99ab1b390bd24a3da73a33ba0bc51d7,2025-11-01T10:55:11.014991+00:00,2025-11-01T10:55:14+00:00,235
2e841784e8b94788c621396b200da3bbfbc83a67cdbcb96f11f7dd74993d0e8b,2025-11-01T10:55:11.146202+00:00,2025-11-01T10:55:14+00:00,235
eaef4d47a619dcf2470d5aef9cbcf5839fbfad30363fe68c5b42b88af274340c,2025-11-01T10:55:11.278496+00:00,2025-11-01T10:55:14+00:00,235
9442dca61aa3bb60ddc25d7347d4f65deb3c7ea10644a58c9a58626207c3f0c5,2025-11-01T10:55:11.412771+00:00,2025-11-01T10:55:14+00:00,235
d58607feaa9db00dbee8c149c157da6e5a02a80d72cff239dad339c778d8a927,2025-11-01T10:55:11.541988+00:00,2025-11-01T10:55:14+00:00,235
62ffcc3c9da384d2ee24ca62a6e221ae674c87b28694dc17fa03ce5ce2ef5c9d,2025-11-01T10:55:11.670894+00:00,2025-11-01T10:55:14+00:00,235
1684803356fffa87a21af1054627d1259cc393e67b069045a1d262eb79c2a2cf,2025-11-01T10:55:11.802193+00:00,2025-11-01T10:55:14+00:00,235
69b24421e149bde3099d98572046b5d3302e17dee07a17d3248b81c43989f374,2025-11-01T10:55:11.930195+00:00,2025-11-01T10:55:14+00:00,235
f4cff032f96adae3150c1d64c761e7350953d2d206ba7492a0d58ac02b371ff6,2025-11-01T10:55:12.060878+00:00,2025-11-01T10:55:14+00:00,235
43f0a8568ae94d4cad92914ffe22766cd8a2a82d419686c5c2f7dd243046b414,2025-11-01T10:55:12.191409+00:00,2025-11-01T10:55:14+00:00,235
fd3aae09d37a58e9be00f6f19eef6257980631c53b8225368348fc4733d1a19e,2025-11-01T10:55:12.319010+00:00,2025-11-01T10:55:19+00:00,236
01f2be3af25b29f355abf8eab6926889f3839f43afcd19673db84fc7aedf1cad,2025-11-01T10:55:12.443592+00:00,2025-11-01T10:55:19+00:00,236
066d3a82654ae7f8153763ff7e0d9702307e3d935772ba82da83a28af8eacc86,2025-11-01T10:55:12.573176+00:00,2025-11-01T10:55:19+00:00,236
3a4a22e31277d67cd2aadd431cf412f600b6888887cff31e818c855c101460f0,2025-11-01T10:55:12.702046+00:00,2025-11-01T10:55:19+00:00,236
25513a3f56384fda3eef12256bf8644ba1210a9969ad013c98003f1a3fc31cb4,2025-11-01T10:55:12.834599+00:00,2025-11-01T10:55:19+00:00,236
144ffba2c3ff726663887c30f60a6c5264796b9b486387bdd9564805fcf169c0,2025-11-01T10:55:12.961330+00:00,2025-11-01T10:55:19+00:00,236
b1db9b42481f37adc0366d4ee3adae290a916abbc3bc60f227d7c034d59c3735,2025-11-01T10:55:13.084482+00:00,2025-11-01T10:55:19+00:00,236
6df34352a26a3923c4cae58a2f7afbb7ba9ed22204e0fa3170838c08ba26fc87,2025-11-01T10:55:13.209232+00:00,2025-11-01T10:55:19+00:00,236
94497440108388f0963fac5830e933f23762eecceb8a9d96ec4ddc379ae0fa95,2025-11-01T10:55:13.336007+00:00,2025-11-01T10:55:19+00:00,236
786c9b73d06dedcfd0633ff9fc7812dceb0077db22fae71ec765cbf41fed99d8,2025-11-01T10:55:13.465566+00:00,2025-11-01T10:55:19+00:00,236
25791b8dba1f2df5d6983135a0ed83c0d2874be0b60ad831076f0daacd2b826b,2025-11-01T10:55:13.590276+00:00,2025-11-01T10:55:19+00:00,236
b819970729570dfe069b462853da96a009be4c1cedd3fc668ddd49be4524902c,2025-11-01T10:55:13.720164+00:00,2025-11-01T10:55:19+00:00,236
e83be5bf43dd810b2d7c95a9321b97f4e1574ccdf1ee5570d7a1d447a27286a0,2025-11-01T10:55:13.843327+00:00,2025-11-01T10:55:19+00:00,236
488ec7a5992c4017f1169a6af4cd7568a84dff536467f0d3725c56f90332df25,2025-11-01T10:55:13.970595+00:00,2025-11-01T10:55:19+00:00,236
1245d40099cb5261a40f62d033e297a5ea9e9a35930d206b046501dfaa87a056,2025-11-01T10:55:14.101750+00:00,2025-11-01T10:55:19+00:00,236
89d1e65d0d8aba26ddf3d3f7514cbce7eca96ee9f21726ae8ea9608d2208fc5f,2025-11-01T10:55:14.235850+00:00,2025-11-01T10:55:19+00:00,236
3b1c637df1ce2e730d3fcd4dc7007fb1b86abe68922c2730212a76033d503dbf,2025-11-01T10:55:14.369304+00:00,2025-11-01T10:55:19+00:00,236
ed3c5c99635f384ea40d3c7a8039c5380e7c926e9bef7606c0689eda6f2c9dc0,2025-11-01T10:55:14.494848+00:00,2025-11-01T10:55:19+00:00,236
d85005e1a9249b74b279722099d472c89d69fae4d53e31d3558d69e8e82a9c57,2025-11-01T10:55:14.829939+00:00,2025-11-01T10:55:25+00:00,237
a6aef075c95d0e7cffc2e33a4221e3d872f53bae5e675055bccc4863c1bdb116,2025-11-01T10:55:14.953251+00:00,2025-11-01T10:55:25+00:00,237
49f17f5e05be3949faf4f05dbf0b7b7b8749c6f41409cbd781e8928a674d3fd7,2025-11-01T10:55:15.078231+00:00,2025-11-01T10:55:25+00:00,237
d01d008ff8bc3b0501eae440870d826d4c3978f2a16001ebf85d09aa1e79b149,2025-11-01T10:55:15.203132+00:00,2025-11-01T10:55:25+00:00,237
3d997cb8e7ca3948d0dfeecefa447a99fff55a331da8b1cc019f3a0ecf544a44,2025-11-01T10:55:15.330351+00:00,2025-11-01T10:55:25+00:00,237
1d07561317be5bafc0858259020819bbc238b52d98810bd33abf2e30059e1f54,2025-11-01T10:55:15.467186+00:00,2025-11-01T10:55:25+00:00,237
17f954cbf43f009012d2ef9a9efc20b32d3e491fcc8b1209fb74e104d1503413,2025-11-01T10:55:15.592687+00:00,2025-11-01T10:55:25+00:00,237
1184f0598d6acd193a3e6a06bc0ede448e84f03740e7e1d0b0967f156aaa78a6,2025-11-01T10:55:15.714733+00:00,2025-11-01T10:55:25+00:00,237
5e8d3cadb56a0c4c82f6ed7df82673d04e408012dc6eff9bf5fc2093e9850a6f,2025-11-01T10:55:15.839619+00:00,2025-11-01T10:55:25+00:00,237
3e0563977c6b2ea5de1310c1a4d97adb06c079bf850db485c180d608bed2a13a,2025-11-01T10:55:15.965077+00:00,2025-11-01T10:55:25+00:00,237
c173fa4ef49600c83f38b60bd6fa1e2b1c0a200fe846f79a7bcd6877a058f10e,2025-11-01T10:55:16.090636+00:00,2025-11-01T10:55:25+00:00,237
3044e06ec7bb5f9d0f8da79da62dcc6030b5e2a3921a950ea59d9e7193120e8c,2025-11-01T10:55:16.219938+00:00,2025-11-01T10:55:25+00:00,237
022f8b92b3aab8951f81da16459dce3bace6b330acf34e544650342bd2f724dd,2025-11-01T10:55:16.347222+00:00,2025-11-01T10:55:25+00:00,237
566829c11afc753036d4c4cff11a6aecf63b97ca70461e404abd4e8d8f57bce8,2025-11-01T10:55:16.469321+00:00,2025-11-01T10:55:25+00:00,237
7efacb2b86b6f46605fd38278807965cad19e298c434a29963ecaf743ed1e84f,2025-11-01T10:55:16.599059+00:00,2025-11-01T10:55:25+00:00,237
757f5871461cf8b0d9834cc056a50bcf476775a261a7b30f57983fecfe500e82,2025-11-01T10:55:16.727019+00:00,2025-11-01T10:55:25+00:00,237
5dd3457a39b536c31320d101bb20781dc701f34565da6f60f00ce52fd5833305,2025-11-01T10:55:16.851980+00:00,2025-11-01T10:55:25+00:00,237
55b39f82253729cfc08fd8496f61a8f84f33d11dd15c8dd8683c6cdc0302c11e,2025-11-01T10:55:16.977367+00:00,2025-11-01T10:55:25+00:00,237
695ab2c6ff5ad71d515d8685966e947aaee7d26f6872b4fe2343bf0e3233a186,2025-11-01T10:55:17.102845+00:00,2025-11-01T10:55:25+00:00,237
8819587654eaa33770960ca4fc225c70a99251f205adc44da51574af86fe4e5e,2025-11-01T10:55:17.226790+00:00,2025-11-01T10:55:25+00:00,237
ad6f1c5319f907165c8415b1b1f478eb13bdea8d746b1dacda88db9fb6caecf5,2025-11-01T10:55:17.354246+00:00,2025-11-01T10:55:25+00:00,237
5206b72689e4f2c1ed8fd360a103b1bef10b4a69e35ab7f5edfcce428abb7b66,2025-11-01T10:55:17.484111+00:00,2025-11-01T10:55:25+00:00,237
ec9936b68d390f8b84f855e8eb5c95c46d0e3d7163bbf26ed2523ab7cbe0a57c,2025-11-01T10:55:17.609913+00:00,2025-11-01T10:55:25+00:00,237
7b1df882f84827611fee301dbc0e012abc74d7cacae14481e69828dd8ccf8328,2025-11-01T10:55:17.737828+00:00,2025-11-01T10:55:25+00:00,237
4d340b434e40e7e2002dd7c66f57acd372a583238131d897a5891a56ef7ccfc9,2025-11-01T10:55:17.871278+00:00,2025-11-01T10:55:25+00:00,237
27df4d4022d4adfe8b6809cf44a48d7e0d434de34dfdee29ce153b182dce8cd1,2025-11-01T10:55:18.005608+00:00,2025-11-01T10:55:25+00:00,237
1640825b51c0f30e60ac894b9c232714abc74dc97a8f29b35cd9168bc9c2bf51,2025-11-01T10:55:18.136240+00:00,2025-11-01T10:55:25+00:00,237
707f2beae1124cc4397770149416eb66e86ae88bf3787e2d88e21e783e873700,2025-11-01T10:55:18.265185+00:00,2025-11-01T10:55:25+00:00,237
1244b013f2dc7398da934f8801a80d744a63a5f631df4e2a36554be380a36084,2025-11-01T10:55:18.393061+00:00,2025-11-01T10:55:25+00:00,237
90f9d9e55c0a70222b1dc9afc716df219dc0987a5f570e5bd674eb1344864d4e,2025-11-01T10:55:18.525442+00:00,2025-11-01T10:55:25+00:00,237
e5205250a562bff472e858136282fcfb69073d812f7683ab91321c1da436d558,2025-11-01T10:55:18.655504+00:00,2025-11-01T10:55:25+00:00,237
064ec258969610234883a57ccbcf0e4e1f60e89b50488fad792f4782d1772d00,2025-11-01T10:55:18.790201+00:00,2025-11-01T10:55:25+00:00,237
2adf86ff7b7ebf5f9245bc7cb7241b3f6416bbcffb67133c895f1400e58818cd,2025-11-01T10:55:18.917629+00:00,2025-11-01T10:55:25+00:00,237
7f1ede45f44226f9a9514ec30140effe2e721a90c7562db75abaf54990347cc0,2025-11-01T10:55:19.048948+00:00,2025-11-01T10:55:25+00:00,237
0897f285259b426e2fbdb5a20b1100039fd5770119d8527124ea896459ee2383,2025-11-01T10:55:19.178265+00:00,2025-11-01T10:55:25+00:00,237
6ed0f51de5c8e0af0f0ae38eab8150ff078753be67e2434fff7aef01643873e7,2025-11-01T10:55:19.312658+00:00,2025-11-01T10:55:25+00:00,237
ea70dfffc94a5ddbde890e3c4702ba000e91313f5a50fa17e85dad9d66a21c14,2025-11-01T10:55:19.443224+00:00,2025-11-01T10:55:25+00:00,237
cdbe14646ecac2e84ad7b625dac24ef0779423071fb52308469d14e3d41d9a62,2025-11-01T10:55:19.576548+00:00,2025-11-01T10:55:25+00:00,237
5a17c13aca6392f3b8d7874bee1c7a92e3cc171b6b99d4944b0069a451a9800b,2025-11-01T10:55:19.709237+00:00,2025-11-01T10:55:25+00:00,237
e7d5a95bc78b5f63400ff12f430b24722afcc99081e8c515b9482878d913783a,2025-11-01T10:55:20.043700+00:00,2025-11-01T10:55:25+00:00,237
6429f5056a59cf887fe4e6deb2306bc0e18f24ec4327f7ece04a761b7d31f2bf,2025-11-01T10:55:20.176687+00:00,2025-11-01T10:55:25+00:00,237
090b96fcf9da54dfc9860d8f09ba837330729b68f813e4299ddf23952dd7b8a7,2025-11-01T10:55:20.310917+00:00,2025-11-01T10:55:25+00:00,237
12aa64519b7d371be6695c4205383de557c383c4c0f67f05f82d40e2df33e31c,2025-11-01T10:55:20.437296+00:00,2025-11-01T10:55:25+00:00,237
06fb7ee67e8079349feb0ee2d3b2da214395e8d39213e715e522f12cabd8cde4,2025-11-01T10:55:20.563293+00:00,2025-11-01T10:55:25+00:00,237
25bdecca2a7b0c1c22e130f0e6d5a7073090d7191703c46be1149895e45436dc,2025-11-01T10:55:20.700934+00:00,2025-11-01T10:55:25+00:00,237
fe17d842fe0ea0e7bcfbdd6718fd342427e03ce49bfbb102a89d4f0b8503098c,2025-11-01T10:55:20.834368+00:00,2025-11-01T10:55:25+00:00,237
5bd9bfb23c9ee8e9abc93c05ba21db228fb6b79cdbaf0b195cb826681cb824e4,2025-11-01T10:55:20.963899+00:00,2025-11-01T10:55:25+00:00,237
2dbd7690428c133a17f4c091ef5b9077db96644576451457d3b8ba9900e67699,2025-11-01T10:55:21.096109+00:00,2025-11-01T10:55:25+00:00,237
686d28fe3e710fa0332de0d11719772725173a4c36b27cbfd13642212178072e,2025-11-01T10:55:21.224215+00:00,2025-11-01T10:55:25+00:00,237
febe0089e2b8055ca1ca90101bf6f89518a48b2c1a5cc65b4159a35d9f5aa8d2,2025-11-01T10:55:21.358119+00:00,2025-11-01T10:55:25+00:00,237
01a8baf29a0838c393045997f0ba87ba99e9efeb7a4c4a109ce14b1f83271881,2025-11-01T10:55:21.486800+00:00,2025-11-01T10:55:25+00:00,237
986875380e02d1d4fe03507288f0d035fe7637cfecff034c7b8343fb8fcb15a1,2025-11-01T10:55:21.620516+00:00,2025-11-01T10:55:25+00:00,237
4a9cddeccd0e0656cfbcedf3f53a6884262ac79934e3605ec5415de5888c6783,2025-11-01T10:55:21.751951+00:00,2025-11-01T10:55:25+00:00,237
ebb79e1cb170b02cbd9933206146353c4bc3d279eb6cb242019d914b64ad51b7,2025-11-01T10:55:21.882140+00:00,2025-11-01T10:55:25+00:00,237
e6f3c34cc6e8aeaac4c6c65644d6e662af3f97ffed95e5b2d77cdc016814990d,2025-11-01T10:55:22.014022+00:00,2025-11-01T10:55:25+00:00,237
8160536944b237e611d06dddba699ccc396f88faab54764dce504bf1a361fdba,2025-11-01T10:55:22.145040+00:00,2025-11-01T10:55:25+00:00,237
dc7fd64c213f68704441f03491ce24862db52d0d2ab2cd3d92c58ca280f0b9d4,2025-11-01T10:55:22.275900+00:00,2025-11-01T10:55:25+00:00,237
e8dd08adf76d7da8362bda8dff85234e949fbc62782a23ecc8b7fda5cecb42e3,2025-11-01T10:55:22.412346+00:00,2025-11-01T10:55:25+00:00,237
ed3c7423e7d653c3a50b28a7c8ec8da50dba3df187598f46e0e2c17f759b5ef2,2025-11-01T10:55:22.542308+00:00,2025-11-01T10:55:25+00:00,237
52bf0cc13acf3a41daf6848a8945476390c0bc45151b1866c3b2ba4afc9ce43d,2025-11-01T10:55:22.676447+00:00,2025-11-01T10:55:30+00:00,238
63b2010d466be4688d4bc8fcef716ad07ce0e481c171798477b3db44344cc8b5,2025-11-01T10:55:22.806464+00:00,2025-11-01T10:55:30+00:00,238
6e587656c3521377efc6f4f28efedfd53ca9f0aafbe672ed9cb92b2f49d0974c,2025-11-01T10:55:22.939023+00:00,2025-11-01T10:55:30+00:00,238
bb61bd428c2bdf40576b0b5b31b067c186e40415baf0bc58a30f837afb684d66,2025-11-01T10:55:23.073412+00:00,2025-11-01T10:55:30+00:00,238
07a2a42e45325bfa95169d11940a8eed886aed031be8ead21a692f60a11dc8f0,2025-11-01T10:55:23.205179+00:00,2025-11-01T10:55:30+00:00,238
72e9a10fd14587d0df27d7cc76279f789ce42a33682e1d64349907efcad63880,2025-11-01T10:55:23.336679+00:00,2025-11-01T10:55:30+00:00,238
bdbe48585f9d4ff5aa688f65fe1db4b19bf503dc07d44449270fc0ddb1e0a602,2025-11-01T10:55:23.466566+00:00,2025-11-01T10:55:30+00:00,238
f0bbfb1f8a7eb897710275cbe17fbc788e04e90494aac9e2a07f00f0fb329aa6,2025-11-01T10:55:23.592335+00:00,2025-11-01T10:55:30+00:00,238
b3271261916dd6514173be6fd8c056cbe107192651e180e0bcf531fe2300c831,2025-11-01T10:55:23.714629+00:00,2025-11-01T10:55:30+00:00,238
8b1ceed0afde1f223837b69522c8d66491d85298b5aada8902e9985ea3bb364d,2025-11-01T10:55:23.845001+00:00,2025-11-01T10:55:30+00:00,238
cbd936b83dd233b3ecc1a1da1c2c297741cd8be343dd30873d8fe1b7105c79f2,2025-11-01T10:55:23.974558+00:00,2025-11-01T10:55:30+00:00,238
29c9527de28d19ab2038209a25333e558d7fe1886ef637c461bf23907df59fab,2025-11-01T10:55:24.106562+00:00,2025-11-01T10:55:30+00:00,238
af5e2f6c8eab30eda15fdff2a8a0ae7eb48808e676df094a263fecb0f3025c33,2025-11-01T10:55:24.235736+00:00,2025-11-01T10:55:30+00:00,238
d755d3ca344f33a3c36ab5bf07b88de1c67dcaa018366d5ffa421c07af26d72f,2025-11-01T10:55:24.366889+00:00,2025-11-01T10:55:30+00:00,238
1b429490e71b6725d2ebbed0c6bbc9efd523dfb67d582e5d45141bf42e996afe,2025-11-01T10:55:24.495811+00:00,2025-11-01T10:55:30+00:00,238
ea426e593c34996e0e8066f1755f85e7988025cbf49399456838d2e7cc0d13cc,2025-11-01T10:55:24.627993+00:00,2025-11-01T10:55:35+00:00,239
85ddbd3422f834adecde02757811707200a806de75d33abee88317835c7e1859,2025-11-01T10:55:24.759340+00:00,2025-11-01T10:55:35+00:00,239
6b1f22478b294904cd0c149a57401d8231b00abb3cf11421a7698d25de3d65cf,2025-11-01T10:55:24.893610+00:00,2025-11-01T10:55:35+00:00,239
626a38b8704e91c2d14e3fe7b2e251f62b8323a05fc7d455b8c9b3222be1f307,2025-11-01T10:55:25.023915+00:00,2025-11-01T10:55:35+00:00,239
c906e2deb3367894870d4edde7869bf49b00e0320cc9a2c9d73ee1c26a0228e9,2025-11-01T10:55:25.370705+00:00,2025-11-01T10:55:35+00:00,239
b9ce972776b1f0c46f73737ee17c1ca71fffe7f8af0a99e59f9a85b175565566,2025-11-01T10:55:25.496158+00:00,2025-11-01T10:55:35+00:00,239
eb8e44e7ac3ecbe2b8ca439c22084b805f389fe042a7b80d304922f979b991db,2025-11-01T10:55:25.624286+00:00,2025-11-01T10:55:35+00:00,239
823e585753b8ca9a021477d9cb6f19a1f6b3b841845821a8e62938c42237df65,2025-11-01T10:55:25.750192+00:00,2025-11-01T10:55:35+00:00,239
e1bdb479971ecbaab69cc7c454a08f644eb5a9f52baf650066b939884b8a1add,2025-11-01T10:55:25.880183+00:00,2025-11-01T10:55:35+00:00,239
0a98e9f8646a36d0c9462c836f3ba4feacf63f057da11c9cbb1f140282d9c031,2025-11-01T10:55:26.008991+00:00,2025-11-01T10:55:35+00:00,239
56b91e3fb5b078f4e6e0a0affa719cfee69657091db10c94ce8ea47463042443,2025-11-01T10:55:26.137313+00:00,2025-11-01T10:55:35+00:00,239
a21a4a7c662cefaf15e8123b2e8408618e97eb59790f0772622d98279dbd6982,2025-11-01T10:55:26.265929+00:00,2025-11-01T10:55:35+00:00,239
0bfe26a5c661c459b903fbaef6ec4682374cad307e62c86249e95318a638f91e,2025-11-01T10:55:26.393742+00:00,2025-11-01T10:55:35+00:00,239
0ed4747deddaacea54845fcce965e0dd5ffb58ece4a0b94b00ea6d32b0c81387,2025-11-01T10:55:26.522263+00:00,2025-11-01T10:55:35+00:00,239
1f8f57caa70ed3606f5dca4d2397d34d0e6d83ac3f3dacaefcee7e4c31ac22a5,2025-11-01T10:55:26.655257+00:00,2025-11-01T10:55:35+00:00,239
c887564365baa222ef32be2f82c83163e2ea551226f86838af1eb56fe838f683,2025-11-01T10:55:26.785694+00:00,2025-11-01T10:55:35+00:00,239
26c757811ea6a445136cfd5d23b7495823ef548483523ed0174a1fd88985c7e2,2025-11-01T10:55:26.915600+00:00,2025-11-01T10:55:35+00:00,239
655749728341f9b03e683d5ec795c96f54251a86bf2b3ac78273346b33e1945d,2025-11-01T10:55:27.046867+00:00,2025-11-01T10:55:35+00:00,239
c9aad8c0af887ed4ada4198bccba7531faa17b5abeb1b54e559edd6d789e6d0a,2025-11-01T10:55:27.178688+00:00,2025-11-01T10:55:35+00:00,239
f6a763f95b817a1af27bd52c27698c7b3078114ec2e744dcbec9db400f77f08b,2025-11-01T10:55:27.311191+00:00,2025-11-01T10:55:35+00:00,239
df6dcc27b81030485d7187cb5dc54cc6f14171d518fdf5772556064160598b1a,2025-11-01T10:55:27.442961+00:00,2025-11-01T10:55:35+00:00,239
859d4b0fbcb770e8d6e6ffff0a67d19c9d48c55b982fdc1b7e4c92134e45214d,2025-11-01T10:55:27.574961+00:00,2025-11-01T10:55:35+00:00,239
a67219e6605b021d1c2cc1aafc216ae9e91611dca5b2febd1b72be533496f228,2025-11-01T10:55:27.707191+00:00,2025-11-01T10:55:35+00:00,239
72be569ef52271515440a22e12e9f99b2a9961aa31e59ff6318d7d2add0d6030,2025-11-01T10:55:27.836981+00:00,2025-11-01T10:55:35+00:00,239
7fa1ff2e4d0a26cbf080e0ee163abe3f4df868831a28563e442fcf5da2eb4189,2025-11-01T10:55:27.969289+00:00,2025-11-01T10:55:35+00:00,239
2e6ea6368a14a68640c709b98040825b4ce206cfc7d30932652260a6779627af,2025-11-01T10:55:28.100601+00:00,2025-11-01T10:55:35+00:00,239
46b74093f22f4227cc83a613123d4d2506c0ddd6db70b842719a41c024843854,2025-11-01T10:55:28.237631+00:00,2025-11-01T10:55:35+00:00,239
8c72873a540cfad7f8835d75178eebba4dc348e58d63ec94fdc9238ac18fa660,2025-11-01T10:55:28.368703+00:00,2025-11-01T10:55:40+00:00,240
285468fc239b181b48b55e94f34aa780f9ca2c6d558c6059b65c5366bd987187,2025-11-01T10:55:28.502214+00:00,2025-11-01T10:55:40+00:00,240
b6d381ebb989967306fd41612e3dd197183bc094a2da679a5f5ccb456bb82122,2025-11-01T10:55:28.633386+00:00,2025-11-01T10:55:40+00:00,240
f0b87edda51985b1b159ddf50379b34853169651d64b39bb7d94f125ad205693,2025-11-01T10:55:28.768755+00:00,2025-11-01T10:55:40+00:00,240
3d8431c85792b7eb48c96376a944760e5fd97611190fc71c4dca8930af2eaccc,2025-11-01T10:55:28.900782+00:00,2025-11-01T10:55:40+00:00,240
0b7eba18e9333eb11dc09c03bbd575f01253ae8ca521f0a1dcfa76fec64f770e,2025-11-01T10:55:29.033824+00:00,2025-11-01T10:55:40+00:00,240
f0230fdcdb820188006651499e885e0a9bbed14fabb0a4c6db4b4a2fe02c97d0,2025-11-01T10:55:29.169482+00:00,2025-11-01T10:55:40+00:00,240
9b094c045efdf5f76cc8864b3e02ace008eafe617214d2022dad6eee1a7d057e,2025-11-01T10:55:29.301345+00:00,2025-11-01T10:55:40+00:00,240
dd0a256d3ce27892c19a8f1acac4d472d980eae6f7a8ae56d9bbcbe6f3e200e4,2025-11-01T10:55:29.433642+00:00,2025-11-01T10:55:40+00:00,240
36a46c321c4178ebaacfc81c7e8fb6e8d18add648d330837270ed7f4886b3500,2025-11-01T10:55:29.560645+00:00,2025-11-01T10:55:40+00:00,240
770626ecdb5939f19b1e05d9e4c0dd55c3ab7af4c0a3c21e2f5bcc620b3fa70c,2025-11-01T10:55:29.695124+00:00,2025-11-01T10:55:40+00:00,240
a2d2dcae63b158c8e324bfd3e539a0a5d888de1b0ca14a40e7fbbff677329f66,2025-11-01T10:55:29.828287+00:00,2025-11-01T10:55:40+00:00,240
cc33e6f22c5ec7ec078a4f79c1ef697bdce3b7589114dfd153248b8a82ed9b27,2025-11-01T10:55:29.959003+00:00,2025-11-01T10:55:40+00:00,240
e4ba4b3684a932ffe734cb60034dc08ddf919edc30b724c8bf410d2806e1c5a8,2025-11-01T10:55:30.093367+00:00,2025-11-01T10:55:40+00:00,240
e43a8857d2bcd106c9310e2c137bfafc43b7add3b8641d579420f9a179efa2a1,2025-11-01T10:55:30.223969+00:00,2025-11-01T10:55:40+00:00,240
d1388718269435176410a3b271382d0478cec9da9868ed4ae9809e855e329fa9,2025-11-01T10:55:30.360211+00:00,2025-11-01T10:55:40+00:00,240
ee321ab9c1b7c2f551c2cbb6cd4d257a7b6884548f33324cb41724d3ecc5eae9,2025-11-01T10:55:30.695870+00:00,2025-11-01T10:55:40+00:00,240
366691c4ce226150f8e818a72b084a30e20aab998d0ca78e139b8b1fb3f54747,2025-11-01T10:55:30.829877+00:00,2025-11-01T10:55:40+00:00,240
5b22d217c1ceb13f0e1517b4a5dbac2d2110b2cda5f346328190c4c99657d8fd,2025-11-01T10:55:30.960777+00:00,2025-11-01T10:55:40+00:00,240
a72c161bbc8e1508b727c683da9d689d94039620e59ce3e868d443735f6469ce,2025-11-01T10:55:31.095064+00:00,2025-11-01T10:55:40+00:00,240
3531fd5a76e0e2f461894fcfa3e7f352dfe7a65881d158f2ec6fa3cfb36b1564,2025-11-01T10:55:31.229034+00:00,2025-11-01T10:55:40+00:00,240
4908c9f339e49ce0177fb3d974b08645cc700b16a23bf538dc5c981ec6c9084d,2025-11-01T10:55:31.367742+00:00,2025-11-01T10:55:40+00:00,240
29e13defd19f386b3d4287292a93edede0c5ee3344d533c0e827e5f7842aebfd,2025-11-01T10:55:31.504593+00:00,2025-11-01T10:55:40+00:00,240
900f8d7615278528722da249de1f00dd61c6f408b8c49d28aad920e037b5d86b,2025-11-01T10:55:31.639117+00:00,2025-11-01T10:55:40+00:00,240
df75d4594a7d6e8aff74cee59778cf452afe754cda1689bb25f744c121c0a89e,2025-11-01T10:55:31.769642+00:00,2025-11-01T10:55:40+00:00,240
c6bf9cbc3e68cd4b454c6001c631d75b3dff7538f74ae381696212f4bbecf29d,2025-11-01T10:55:31.901044+00:00,2025-11-01T10:55:40+00:00,240
37c1a61148c6456cf39edd7d039fe8e90cffb9792da082d3e7bd241194e08b1a,2025-11-01T10:55:32.037080+00:00,2025-11-01T10:55:40+00:00,240
10e98c2659479358513dfba995a561ff7514abb6a570b569e15a74b05053f41b,2025-11-01T10:55:32.168936+00:00,2025-11-01T10:55:40+00:00,240
47bb3605077c576c57a116108f874b40d238016d2dc86f6e64d01b37f1fa4001,2025-11-01T10:55:32.302990+00:00,2025-11-01T10:55:40+00:00,240
ea61327f7c568c4cc3edd072e16b967ab2ee0843dcd783af02c4fd68a963d662,2025-11-01T10:55:32.435394+00:00,2025-11-01T10:55:40+00:00,240
bbd67af8a86b45e54798d186f357533bd21af559eefe5b78d3eefb01eac008dd,2025-11-01T10:55:32.572992+00:00,2025-11-01T10:55:40+00:00,240
d64ecc63f2b13193791d98a474897e5d21e886956f8a5b5cc484eb794f6689e6,2025-11-01T10:55:32.707675+00:00,2025-11-01T10:55:40+00:00,240
3418114fd316db101136d1459baf7e32d6dc1b762b25913b1f30b400e332a711,2025-11-01T10:55:32.840879+00:00,2025-11-01T10:55:40+00:00,240
52ac679e92c3bfb9e92a0aa80663fa85d02f1c66f69305bd14bf7bdb20280100,2025-11-01T10:55:32.973441+00:00,2025-11-01T10:55:40+00:00,240
65eab5e2ac6f35bbc508f486301171dc91e39c7baa5c978aa5de5eda7d278eeb,2025-11-01T10:55:33.109844+00:00,2025-11-01T10:55:40+00:00,240
5dc50b5af1c007ccb99b05401f42c96727018cbef595cf2a95ba2d30c405f8a8,2025-11-01T10:55:33.237672+00:00,2025-11-01T10:55:40+00:00,240
bf08937170d88f7c6f3001e76971a82f615493059fbf442163693bb82edfabbe,2025-11-01T10:55:33.366310+00:00,2025-11-01T10:55:40+00:00,240
1d44f8c5d39ea516cc81175d44e7a5f82590094fb6f6adb2c0195e6f34d30f93,2025-11-01T10:55:33.496874+00:00,2025-11-01T10:55:40+00:00,240
b809b67c5da2015022feedffb2efb2660b36bf8f6e90f94d466959c563ff8959,2025-11-01T10:55:33.628146+00:00,2025-11-01T10:55:40+00:00,240
0c70eaa5592a8f65e825691a2e7a9e3d201d820584e014fed8c815febb6cc845,2025-11-01T10:55:33.761845+00:00,2025-11-01T10:55:40+00:00,240
7d669765a80d75983a15a49072ae815ffe2147958fab4a0bb8a02e9ae8cc7b2e,2025-11-01T10:55:33.892321+00:00,2025-11-01T10:55:46+00:00,241
f4513ef15126821f08f0556bfbe70650e7635db7562bc5ed34a372b1c5d8cac4,2025-11-01T10:55:34.022732+00:00,2025-11-01T10:55:46+00:00,241
6a7fb8b02f5721a26106991c4ea73ede97104b847fc63d15d3c4b1ce90ad83e7,2025-11-01T10:55:34.157148+00:00,2025-11-01T10:55:46+00:00,241
9e1849737b3de0ce650f8cf7a2913d22b52c3428efbdbe9edb58efc222594ac7,2025-11-01T10:55:34.292190+00:00,2025-11-01T10:55:46+00:00,241
c90a6602c14c8afb63848937be980946c112f3e99cc985a7e4413e1c3509216a,2025-11-01T10:55:34.422131+00:00,2025-11-01T10:55:46+00:00,241
df17cfe3316e81ae36157e72fe4b5ac11bb9bdfde98d1195b8d5b3d3b5b1aa02,2025-11-01T10:55:34.552665+00:00,2025-11-01T10:55:46+00:00,241
72b95cda4c1e8537a486d3aab2f87945d0d1dd75b4ad9098dfe39c77761852d9,2025-11-01T10:55:34.683461+00:00,2025-11-01T10:55:46+00:00,241
ba847d0b42257461e13a4cfa1108557096d01f5deaae20355cd5e729a2d14f2a,2025-11-01T10:55:34.812375+00:00,2025-11-01T10:55:46+00:00,241
10c29181ed15a0de65a3bdd5c6f33f0bf5df4535dd5951f4b37319df06aa3a3a,2025-11-01T10:55:34.938695+00:00,2025-11-01T10:55:46+00:00,241
2046ad3e48dad674aad15d8cf1b221ecdcfd64b5a6b380791835056716aaf944,2025-11-01T10:55:35.071492+00:00,2025-11-01T10:55:46+00:00,241
2f306cfcbc4e4a1b4853803818690f4a520f0831f7a452f4c7d95e29565f3a3a,2025-11-01T10:55:35.207786+00:00,2025-11-01T10:55:46+00:00,241
a063827b63fef0177685b87f8df0f243d7928d4c923078cbc71dde272fcc862f,2025-11-01T10:55:35.340147+00:00,2025-11-01T10:55:46+00:00,241
cec97ab5db6534c35386fd43207a73109eeaed7e6d6730877093352e1d0bb245,2025-11-01T10:55:35.472519+00:00,2025-11-01T10:55:46+00:00,241
4e0e41bfcaca8d0ad34422ebc3461783c85302fbfe371b3b23d2d7b6a35f68fe,2025-11-01T10:55:35.603293+00:00,2025-11-01T10:55:46+00:00,241
3efd16cfb1c37dbd3022fdaebd635b41aa2fb6c1c68da15e0d7fdbc27cd91cc8,2025-11-01T10:55:35.933232+00:00,2025-11-01T10:55:46+00:00,241
b784cadab7b1113c209cb05010b3dd2fa1712b509002681d9f2e9b4b5d68b2c7,2025-11-01T10:55:36.060929+00:00,2025-11-01T10:55:46+00:00,241
c3a43b12e9d8a8377c86d5376e7543b50d223f9314a2a99c6a1578cbdcf67586,2025-11-01T10:55:36.192698+00:00,2025-11-01T10:55:46+00:00,241
dccb36f7aa42e901eb4259a58170d2958c9b1d1a8e51ded1259f1d95fe76b523,2025-11-01T10:55:36.323427+00:00,2025-11-01T10:55:46+00:00,241
141c9f6c16cb32d777f6444d9f6a340c040cad463d1130f2324c31807ddb53eb,2025-11-01T10:55:36.452632+00:00,2025-11-01T10:55:46+00:00,241
5ff11fb5e8f2a7c1e7dbb356a070da66f3eb73aa9a53fe9d5d1fd1b623e73c03,2025-11-01T10:55:36.583266+00:00,2025-11-01T10:55:46+00:00,241
f0eb837708bfa79c533ea765b2727685acdf5caa2189d29adba33968f4e95d61,2025-11-01T10:55:36.712056+00:00,2025-11-01T10:55:46+00:00,241
6ea3acc2a3661759cfb01c2f9b3660acc01590c93be32444f63c9330c1b67662,2025-11-01T10:55:36.843965+00:00,2025-11-01T10:55:46+00:00,241
70645516fc14eea1dfd4b66b8e1879ba0bf1d335ab186bbe7d2fb2cf6a51f421,2025-11-01T10:55:36.972189+00:00,2025-11-01T10:55:46+00:00,241
c0375f446fce855df894781ba35731c7f667233f2e1845213150ad9f523e9906,2025-11-01T10:55:37.105807+00:00,2025-11-01T10:55:46+00:00,241
c3d8e46eec90ddbdbdd42282b66d3bca5a2c490adcf2c288cbcbea807c45ce6a,2025-11-01T10:55:37.233077+00:00,2025-11-01T10:55:46+00:00,241
6f7916b74354c8bb3c1f503ffd41ccec57b3c8d0d68626f6dca2861a4da6bdf6,2025-11-01T10:55:37.363754+00:00,2025-11-01T10:55:46+00:00,241
62ffacfe572caaebd123a814515b05d6c48305973f6ae60c3fbf71580861486d,2025-11-01T10:55:37.493922+00:00,2025-11-01T10:55:46+00:00,241
cfb37e04de22f428bb71b3b7e8de74100f21bc503a6a79bd53b2dfc6908dba30,2025-11-01T10:55:37.620709+00:00,2025-11-01T10:55:46+00:00,241
84ea9655bcded62f2a72e4a926897902b31a5d24d0bb8619bedbe230bc838802,2025-11-01T10:55:37.751983+00:00,2025-11-01T10:55:46+00:00,241
463fd7f6e1232a33543a06ef99f02be72ec9120dba6e6f742dad21bf4965c59a,2025-11-01T10:55:37.877911+00:00,2025-11-01T10:55:46+00:00,241
a571e985706357d85aa57b1cf23710b833d49d218812e20c564ffe4a2c9e2529,2025-11-01T10:55:38.011935+00:00,2025-11-01T10:55:46+00:00,241
eb9b941b978885fa2fb73a75e07ee9928f713ad89db4586e94a2b2ab59c4603a,2025-11-01T10:55:38.143021+00:00,2025-11-01T10:55:46+00:00,241
f972861d2fde7030b6920a9b3f4824d48760c2afa38a5e556029dacb624288da,2025-11-01T10:55:38.273291+00:00,2025-11-01T10:55:46+00:00,241
6e4705c377f484623c9d5a091315ac18ea43a7d172d352c2237d04fbe00ad787,2025-11-01T10:55:38.400157+00:00,2025-11-01T10:55:46+00:00,241
879295e35ae24ba47a969fee5d49010831e8adc7857758442caee16348b122ed,2025-11-01T10:55:38.533302+00:00,2025-11-01T10:55:46+00:00,241
0346f6dee60a54f9ba7a1a86f9aa2839ed92fa9831243a2e1768391b6057afcc,2025-11-01T10:55:38.665015+00:00,2025-11-01T10:55:46+00:00,241
d0a554943d91c0bfbfcb3b2c111225204f4c4d56cd099d4fe52e71f285fb15b4,2025-11-01T10:55:38.794378+00:00,2025-11-01T10:55:46+00:00,241
f19e1c9cabbb75ebd6fb68a40d38ebc813d5aabaf0dc4c62ab1589552a7b7d43,2025-11-01T10:55:38.919436+00:00,2025-11-01T10:55:46+00:00,241
afbb41035e0e1853badabdd8cd370edf86f51d2bea0f76280f0527c127623136,2025-11-01T10:55:39.041817+00:00,2025-11-01T10:55:46+00:00,241
34b836ce9f201327e30af40c786ca018e53676f0051e6b9a99a3e8a5fcb4643f,2025-11-01T10:55:39.169464+00:00,2025-11-01T10:55:46+00:00,241
faac8649e2363e7c6feada7e0c86ddcec2c06f434a9924efed7631112658c297,2025-11-01T10:55:39.295189+00:00,2025-11-01T10:55:46+00:00,241
86583d2d3543f6fdc58549a3599e50217d8cebddce9d6dab579d4ddd1964d4fc,2025-11-01T10:55:39.423529+00:00,2025-11-01T10:55:46+00:00,241
b427e3fbdd4b13e9cf237b5911e4a9ee9acb9c364873c5ba0ca04fb52ad74161,2025-11-01T10:55:39.553503+00:00,2025-11-01T10:55:46+00:00,241
d2271cfd10d603cfe49a5d6706404bd4b751bb103b06cb29b61b104a27041983,2025-11-01T10:55:39.679053+00:00,2025-11-01T10:55:46+00:00,241
5eb76dbd35e8fa1b2897155c424492797ce51bbb33c37cd398755f2947d83a42,2025-11-01T10:55:39.805790+00:00,2025-11-01T10:55:46+00:00,241
38c1d508ac2a29b75cc09aa7e19bbc415bb20dd2ad6782cfc154f17f9dc6ccc8,2025-11-01T10:55:39.933681+00:00,2025-11-01T10:55:46+00:00,241
81dbcbd2bea143bfdb2ed31c87a7d15c93e045050cb95513128885837f87092b,2025-11-01T10:55:40.064430+00:00,2025-11-01T10:55:46+00:00,241
a9832940bca54e296d4d080f7a04a9f8b8ddba30cdfc084038a9a8754499a28c,2025-11-01T10:55:40.188874+00:00,2025-11-01T10:55:46+00:00,241
f63fe2f05c91fc974ff247188130e6c90f7a498f7374ae538f07ee2ecf2b97bd,2025-11-01T10:55:40.316293+00:00,2025-11-01T10:55:46+00:00,241
a9c8656995d5200daf240ec83bb80ab346de1807eba86a5e7d7b0d48c02289e0,2025-11-01T10:55:40.444129+00:00,2025-11-01T10:55:46+00:00,241
db8f19a427fbeba84a13b887ee68e09b93fa1057b048b9535d059367216981e4,2025-11-01T10:55:40.571064+00:00,2025-11-01T10:55:46+00:00,241
eae6a5fd5d59e9f01d8ab290eef4431ff302541cd80e72236a1cccf5e179b568,2025-11-01T10:55:40.701006+00:00,2025-11-01T10:55:46+00:00,241
ec1556a16ee6019fdd6a95f9b259598ce9fcb7374fb37e1423476fa89580fc6c,2025-11-01T10:55:40.830273+00:00,2025-11-01T10:55:46+00:00,241
2fb93f13deaca2a4a2f4fca524a65325538ed6f874b111436bed83809af57cab,2025-11-01T10:55:41.164351+00:00,2025-11-01T10:55:46+00:00,241
67dd541a3bdce103cc5f988c5e97895b6d5487726b4b818e5783a1219c916a4d,2025-11-01T10:55:41.287547+00:00,2025-11-01T10:55:46+00:00,241
74eb9ec13fbf78742e8fc29d77dc160c9cf4e8645e96e65106480b8f180a50fd,2025-11-01T10:55:41.415199+00:00,2025-11-01T10:55:46+00:00,241
e96304adf742b683b08634e83fed055085768e345562eac4d2a253809a273098,2025-11-01T10:55:41.542775+00:00,2025-11-01T10:55:46+00:00,241
993feca8943a74b4022b3ad9d2414f8817aea7f8e4e4f6ee340a4d3a227b9943,2025-11-01T10:55:41.670519+00:00,2025-11-01T10:55:46+00:00,241
5cebaafc9c6660c30ddbf9f953eb9eabc0c57df0004f18a968e50d9018881fc5,2025-11-01T10:55:41.803440+00:00,2025-11-01T10:55:46+00:00,241
ecce8fc7ed68a0949023caba3388841e0af48759cbbf67a995413b42e9fa1653,2025-11-01T10:55:41.931514+00:00,2025-11-01T10:55:46+00:00,241
c13d414e32a8c1493174a7780879fa1313c5b9217a48031fffeb89e451412abf,2025-11-01T10:55:42.056256+00:00,2025-11-01T10:55:46+00:00,241
65d2b3f43414d7b3ebf0005d241c825931d1a5fdcd7321bdbc141745ecad3bab,2025-11-01T10:55:42.185352+00:00,2025-11-01T10:55:46+00:00,241
0908d57527a809d76979045d20a0ef0e761ca2d492a78e9cb4c8d8df3de12e2e,2025-11-01T10:55:42.317232+00:00,2025-11-01T10:55:46+00:00,241
a653a501acb264e5ff5753a5af5a5647b85abe946cc7c91e05a1068d5cac713f,2025-11-01T10:55:42.451618+00:00,2025-11-01T10:55:46+00:00,241
516db78f92c30651ccc9e3d3f0db4391d3435428a9bec8ad1ede4c51d49237ee,2025-11-01T10:55:42.584469+00:00,2025-11-01T10:55:46+00:00,241
002d7940b515522c602ca2137810f186e60d5090a036458f6cb6ff1cbc89af60,2025-11-01T10:55:42.708959+00:00,2025-11-01T10:55:46+00:00,241
dcbab65e869e71c39a9117d9002a2cee565a40c557ba7e3ab713e923823d3dd3,2025-11-01T10:55:42.837435+00:00,2025-11-01T10:55:46+00:00,241
bcf6ae2f4d396c05acad5ef394952dc0b8cb67cb0b77f687fb7ad7592fdab2b2,2025-11-01T10:55:42.972633+00:00,2025-11-01T10:55:46+00:00,241
8f9360d90dfeed0897835ec6611ebafca33c9e23674d070f70572551637db104,2025-11-01T10:55:43.095980+00:00,2025-11-01T10:55:46+00:00,241
11ab4f47b7eec6eeec17545501a6bc9240e2afdb18d7591270afab561ef72632,2025-11-01T10:55:43.221794+00:00,2025-11-01T10:55:46+00:00,241
2a1c8e8853e24edf0965646c3c7f960aab1ecf861ab42953edb59708e8a54162,2025-11-01T10:55:43.354343+00:00,2025-11-01T10:55:46+00:00,241
84af18af126936492075ff8ab664a23bebfe626612df88cbbdfb0b1b16892202,2025-11-01T10:55:43.480578+00:00,2025-11-01T10:55:46+00:00,241
89baf63202e217e614109fc9b4d73258cf73f4d62247b7e5ae2a4ea090114f18,2025-11-01T10:55:43.613026+00:00,2025-11-01T10:55:46+00:00,241
ac6144521aefcb965263dff8320292e5bc435d192c5509b0b5b3c5f27ccef0a2,2025-11-01T10:55:43.738897+00:00,2025-11-01T10:55:46+00:00,241
03f3d035a290e5f1d9a9208f92070e5829a10fa294aa2d73c1ba5564235bd576,2025-11-01T10:55:43.867651+00:00,2025-11-01T10:55:46+00:00,241
c56413591ec0c54545835cf01b882dc389a5e9ab3fc602e3528c2036960bed68,2025-11-01T10:55:43.994281+00:00,2025-11-01T10:55:46+00:00,241
0cc852a9194eb0d67b547e071fadcd835a4726f03c2d4bd6d4c868f48417f664,2025-11-01T10:55:44.121246+00:00,2025-11-01T10:55:46+00:00,241
8a74828c7665ad2f06d3a57f03fb49c4e4da9813ddb3c623977cbfb5e4a2e315,2025-11-01T10:55:44.253356+00:00,2025-11-01T10:55:51+00:00,242
5d7db45b3043a97560676929209130ccc476e4c189f94df683ac77ec73839137,2025-11-01T10:55:44.382032+00:00,2025-11-01T10:55:51+00:00,242
3fd569c00b45b707ff2f118ea09b9ade8fc08d49fe5f7ed73432ab2a72467b86,2025-11-01T10:55:44.504852+00:00,2025-11-01T10:55:51+00:00,242
dc1b8d811c17636e430b949397ab47edf234d28e0abbf80cd500e5ef3cd58326,2025-11-01T10:55:44.628542+00:00,2025-11-01T10:55:51+00:00,242
9dce2299e6167126a37313a330789c687f63516e6e290125f8a54b80718a65cc,2025-11-01T10:55:44.757671+00:00,2025-11-01T10:55:51+00:00,242
67e6595d81ffa2d88b5b3bcf5014791a7a8435ee51f128762e59ed2bed7031b4,2025-11-01T10:55:44.881708+00:00,2025-11-01T10:55:51+00:00,242
f0b5e0e6046ca8be49b9fd81223d04942d45366431ab6cb6840ef721bb5c2583,2025-11-01T10:55:45.009379+00:00,2025-11-01T10:55:51+00:00,242
92c9731394ba484fb3f461faf9926b2d510fff9504146dd5bdae06aac83c7028,2025-11-01T10:55:45.138518+00:00,2025-11-01T10:55:51+00:00,242
8884ce5e3fbc0c7aed0cfad20f7b20155a806b8cc4edfdb2ff46cec3aaddadaa,2025-11-01T10:55:45.263436+00:00,2025-11-01T10:55:51+00:00,242
ebf0b3f3a596755253885fc026441bd72e28e7270a77e95b77f8d7fb08a1a858,2025-11-01T10:55:45.390575+00:00,2025-11-01T10:55:51+00:00,242
057abb32b7b8c4d8f537ac19d3627f30857f6df94b444be77ba03f54e39a862a,2025-11-01T10:55:45.522756+00:00,2025-11-01T10:55:51+00:00,242
f476bc817f9870e5944cf4c04ca47f22a4a3867900340f7369f50612847d1e44,2025-11-01T10:55:45.650207+00:00,2025-11-01T10:55:51+00:00,242
971297466b7ebee1e2dfedfd6ca519347c54ab08af9894eff135a6f49ae349bd,2025-11-01T10:55:45.776230+00:00,2025-11-01T10:55:51+00:00,242
e19e48deadba8294ba4dc8e42b1decaf61f0b8a223800628d9b3cbb6f290c12c,2025-11-01T10:55:45.902317+00:00,2025-11-01T10:55:51+00:00,242
b3f6fbc413ce93251590cd7e1537a223082ac53e4b1d08240804f130dde6cba1,2025-11-01T10:55:46.031218+00:00,2025-11-01T10:55:51+00:00,242
cf3ba442b580f6517ab454ff261a492f3b1bf148f015d329c2173cc347b87fc7,2025-11-01T10:55:46.161448+00:00,2025-11-01T10:55:51+00:00,242
6ac6e5ece1cf324c0033fe127a0a6be6f5a80f4b2b7caa9ded02d9b91436b0eb,2025-11-01T10:55:46.524861+00:00,2025-11-01T10:55:51+00:00,242
71e730985022ccb94aefa84217f7967b65e023be10800e05315bce5366bf449f,2025-11-01T10:55:46.649114+00:00,2025-11-01T10:55:51+00:00,242
1807c822d71c45c8f73d9ae1bb172134f0fe08b1ba80e8dcbcc6a28f7c7feb9f,2025-11-01T10:55:46.774948+00:00,2025-11-01T10:55:51+00:00,242
64fcdd65b892d13d5badbe7e43836187de184075b2b1e57f665fef1e485a51d0,2025-11-01T10:55:46.898645+00:00,2025-11-01T10:55:51+00:00,242
26f5dde422b8cc23091413c9ba3d802b6970c50d8d93975ff9fcfe35d656fdb7,2025-11-01T10:55:47.027699+00:00,2025-11-01T10:55:51+00:00,242
c6fe26b3ec03377a8ba93cd5aa4cd67aec8b6c8a553a206a5920c4aee8ddf87c,2025-11-01T10:55:47.153542+00:00,2025-11-01T10:55:51+00:00,242
c9a1e216c8e22a8ada18f319026848b8773df673ea87d73d77876e712df46453,2025-11-01T10:55:47.281450+00:00,2025-11-01T10:55:51+00:00,242
6b236247d107a2002a202a7718ba10a7b12125dae946a6cb47f6afd72bb8694d,2025-11-01T10:55:47.404189+00:00,2025-11-01T10:55:51+00:00,242
b573e8efc40c1d997216297b80e754e880417d7e9e549da860cdfb0019acaa53,2025-11-01T10:55:47.531923+00:00,2025-11-01T10:55:51+00:00,242
cbb40c4d60b81625bdd579026e1b4d1bf8e8cad5c2b00ee8c8a42ca9038b01c8,2025-11-01T10:55:47.664042+00:00,2025-11-01T10:55:51+00:00,242
a778db6fa9a44a80ec191c25413dcf12c960f3593d2054a68ef432729bfb743a,2025-11-01T10:55:47.794228+00:00,2025-11-01T10:55:51+00:00,242
5e463bdb59a5ed2b4118d0736ba1b10b6e5a92f5e7446a18ff026d749ccd8e91,2025-11-01T10:55:47.924023+00:00,2025-11-01T10:55:51+00:00,242
809e7112e53faf7c7aecffe7e2cef98d78094984bb56cbc740971dd4187ce063,2025-11-01T10:55:48.056269+00:00,2025-11-01T10:55:51+00:00,242
7d76a608ded68bbb962777a629812d38c4ff9f93019b2ae2232a21b118a16613,2025-11-01T10:55:48.187816+00:00,2025-11-01T10:55:51+00:00,242
ed9c449aa10a0da58bcd2db09276bd94c67d4a39f480060e1c922802ca0dcc54,2025-11-01T10:55:48.315784+00:00,2025-11-01T10:55:51+00:00,242
529e5dd6a30f00b668d4b685e657ccd247cf164c48e5a3bfde5146b69b299c2d,2025-11-01T10:55:48.447291+00:00,2025-11-01T10:55:51+00:00,242
2457f685fe2c7668233ee9ce14594740010acd3bcef8a83ad8ff36aee48c8822,2025-11-01T10:55:48.579682+00:00,2025-11-01T10:55:51+00:00,242
cd3d477712de374c5f8cfa46bb9ca3850b407b2a146dba337192446794a67c4c,2025-11-01T10:55:48.718082+00:00,2025-11-01T10:55:51+00:00,242
c3536b8c881c02733e34f474df551343e79af711dab5289f8ac1e4cda33fb7eb,2025-11-01T10:55:48.842516+00:00,2025-11-01T10:55:51+00:00,242
7a024bf21980da396aeefe3e812ac29eefa905d11f34edf30e5fc6c4230d01bf,2025-11-01T10:55:48.972689+00:00,2025-11-01T10:55:56+00:00,243
c56ff3711c6bdee714235bcd5b088099fe1374a5387c752d8dcb909db9c590fb,2025-11-01T10:55:49.101319+00:00,2025-11-01T10:55:56+00:00,243
9ed0cefa12b234f5c7ed3c4f8c2d308a8c71dc536ae386a618096e75df147389,2025-11-01T10:55:49.234382+00:00,2025-11-01T10:55:56+00:00,243
60155b622881da40428da56a652e1906df99c497f81853ed59d68e23efeb9a72,2025-11-01T10:55:49.364857+00:00,2025-11-01T10:55:56+00:00,243
34c010fadb66d24f0c04ad5bd1c4fa967e183b627bc995e82fa3c19c3922c85f,2025-11-01T10:55:49.526452+00:00,2025-11-01T10:55:56+00:00,243
6d5ef530e2318f291cc1309f08bc7f89d0fd7e1cc3ac238b9bdcbc893fc53727,2025-11-01T10:55:49.654525+00:00,2025-11-01T10:56:02+00:00,244
d186283ccf6554271f8c473f37d0cb8bf073e7a375a4f91b0381b0360fd8666f,2025-11-01T10:55:49.784655+00:00,2025-11-01T10:56:02+00:00,244
08efc10733bd6ddc8d0ed080ede4ce2b2037d4abd9baf1a520cdb16705bdad90,2025-11-01T10:55:49.914974+00:00,2025-11-01T10:56:02+00:00,244
e65c26b697705d6a02ac919a8831485407d17b1a31d5e8502f59eadbb2c72a1c,2025-11-01T10:55:50.046739+00:00,2025-11-01T10:56:02+00:00,244
d94b357368c4866da479996c6f97ecb5693bce06ab34d62ed2b189eb513086e1,2025-11-01T10:55:50.177301+00:00,2025-11-01T10:56:02+00:00,244
9438080719ab9a65516e901522caaf7c6530ecdcb098f5f1cc79c904a813ea5d,2025-11-01T10:55:50.307248+00:00,2025-11-01T10:56:02+00:00,244
a699ee69e6af30189c8fb47f503fd463b9db3b96879dc912e737ff890b70f7e0,2025-11-01T10:55:50.437319+00:00,2025-11-01T10:56:02+00:00,244
419f5b5ae56ae915b96b0058fd5a72098ecb07daf1fbbc3568b7b7ffff06266b,2025-11-01T10:55:50.570132+00:00,2025-11-01T10:56:02+00:00,244
f84f629f211ff620ce751396e521792b839eb67d2a63511e1084f2e339c6b455,2025-11-01T10:55:50.700957+00:00,2025-11-01T10:56:02+00:00,244
0120132ab1324faf83bd4be7025ef046a71662bfc1b9cc2166b1bb3536023a6a,2025-11-01T10:55:50.830779+00:00,2025-11-01T10:56:02+00:00,244
48fde83dc7890793276b53868146d9a3bbd1c0b20c36803aa6b370c4b0ef4887,2025-11-01T10:55:50.962463+00:00,2025-11-01T10:56:02+00:00,244
43445c12ae1225ab48109dcf7993ccd6b7e125cd78d5223e9081a23ea1d7ba7b,2025-11-01T10:55:51.097625+00:00,2025-11-01T10:56:02+00:00,244
c2762b8e1298cc58dd78496044f3f06d78e81277cda85a04a585758188b83885,2025-11-01T10:55:51.224657+00:00,2025-11-01T10:56:02+00:00,244
92e5e62bc7b95ac98a96616fc7fe5d8fb46caebe7a5736317d7e8285d9763f5d,2025-11-01T10:55:51.355028+00:00,2025-11-01T10:56:02+00:00,244
60ab747a3a109aa430f3f5dfd427e44090b5fb9975e82f1a1607063604d5231c,2025-11-01T10:55:51.490171+00:00,2025-11-01T10:56:02+00:00,244
943254bf025dd13cc89ab91dfecb783ac66ee5380e7d5e87c338310ca7a7f42c,2025-11-01T10:55:51.822302+00:00,2025-11-01T10:56:02+00:00,244
608d6d076cca0c00f2a7c033e3dd949477bb2949c4a94a6d1b65d755a62ea131,2025-11-01T10:55:51.951257+00:00,2025-11-01T10:56:02+00:00,244
6ab2789f144e436ca2e45df7b57686d1862922a01e784e1c6fe2966bb4f6922a,2025-11-01T10:55:52.082357+00:00,2025-11-01T10:56:02+00:00,244
cbcd3be950829bd84d3fcbe4a2edaaa1921a7573683487b29aa97932f9d028e0,2025-11-01T10:55:52.211829+00:00,2025-11-01T10:56:02+00:00,244
6412f9b0053e9ea749e8b1681eb2a2cb926dcde2fbaa7feefbf230f4daafdc59,2025-11-01T10:55:52.343208+00:00,2025-11-01T10:56:02+00:00,244
8babdc02028ef242dd3ef76cf48628b5369e845bd24c873239ed7db5e3a7369e,2025-11-01T10:55:52.471144+00:00,2025-11-01T10:56:02+00:00,244
d2d4d12cbe559846f447d3ca9573a36513a60b9f7b10095173bbfae5ffb5c4e3,2025-11-01T10:55:52.600228+00:00,2025-11-01T10:56:02+00:00,244
00089e8f60d7e8c675cd87eb13571a39ae8ef14131d0de32f2cea7bebf2f3de2,2025-11-01T10:55:52.727619+00:00,2025-11-01T10:56:02+00:00,244
8f266a9d7bd6722a4f82b68c764f5f70d3a146b4927169f04d7bee1df6da9b18,2025-11-01T10:55:52.863645+00:00,2025-11-01T10:56:02+00:00,244
5bf7f0cbed81eebcea70c1d06f9d6508f4c96369d21f07d987c0a1755de758bb,2025-11-01T10:55:52.999105+00:00,2025-11-01T10:56:02+00:00,244
41ccbe48d03435d0ab73a35f8c59e081e7d1b2ac079f96cf6ad9f319a6105e9c,2025-11-01T10:55:53.131911+00:00,2025-11-01T10:56:02+00:00,244
b2fd03b4bea511c54ed2c2082bf53f23e2adffe114b31d4fd16bb7793db5e243,2025-11-01T10:55:53.263152+00:00,2025-11-01T10:56:02+00:00,244
ace059a6a8890cb951e8e8bfa903f754007278ce17f1da094a2c725dfe0d3a72,2025-11-01T10:55:53.392972+00:00,2025-11-01T10:56:02+00:00,244
10bc50887fe6640ab3dcd318526fa8a927ea9e1cda1bce935e860aa6f9ce85da,2025-11-01T10:55:53.531052+00:00,2025-11-01T10:56:02+00:00,244
543365b5faf014a2724652fcba97bd2fb2251f7a71291955ae4e7d3b6a7b29a8,2025-11-01T10:55:53.666603+00:00,2025-11-01T10:56:02+00:00,244
29b131c828df599862949c11e5c5aaf60e1cff74fe1e0651d71b1b2af5868ceb,2025-11-01T10:55:53.793719+00:00,2025-11-01T10:56:02+00:00,244
4f6513e2c1a3cacb43f1a1eb8f5a5d97e08cc09a81218732e22372abb269373b,2025-11-01T10:55:53.923315+00:00,2025-11-01T10:56:02+00:00,244
71088a51318f0520f3cc8311da8c635a0660df1be477311516b01259a7f847bc,2025-11-01T10:55:54.057511+00:00,2025-11-01T10:56:02+00:00,244
daab63906d3766891ca1d8b72013a125bf49da9e968b654fa09375dc8a46aa2c,2025-11-01T10:55:54.190609+00:00,2025-11-01T10:56:02+00:00,244
693d4ac9d715300ab9c36580ccf2d8e7534b2199297011e9fca6699fb9ad1cbb,2025-11-01T10:55:54.321856+00:00,2025-11-01T10:56:02+00:00,244
090a015c600afcf2195d618fc225e885d8804997325cace324512504c1e5f69d,2025-11-01T10:55:54.454369+00:00,2025-11-01T10:56:02+00:00,244
4fe17a81a277dcb0beee65607eca61a62bc9eb02384db2ee41c01b773734af21,2025-11-01T10:55:54.587614+00:00,2025-11-01T10:56:02+00:00,244
51085ebe8e4b79c7c55289f747f1519a497caa85ed5262beb446001dd3bd44b3,2025-11-01T10:55:54.721045+00:00,2025-11-01T10:56:02+00:00,244
789ec50cf86d57f8b0c91a5e9d65575565cc71392024975a61122e2fd7fab121,2025-11-01T10:55:54.854763+00:00,2025-11-01T10:56:02+00:00,244
1e0f8a0fbbb871ca6cd56f016a76366ac81d023695f33773198c427da64d984f,2025-11-01T10:55:54.991091+00:00,2025-11-01T10:56:02+00:00,244
1521c18a546851c2c338a77f605e1d0eb0a498f116e0eee16fcd0f23b8025481,2025-11-01T10:55:55.125438+00:00,2025-11-01T10:56:02+00:00,244
9c89e1f021206b6f3aef72cf301c6fe62018977cfb04b3f98bd7ef5142ce240b,2025-11-01T10:55:55.252814+00:00,2025-11-01T10:56:02+00:00,244
42d62a6bf586cb0f6e60ccff56e113a6005e1644b166f5f204ac53c013867c31,2025-11-01T10:55:55.387156+00:00,2025-11-01T10:56:02+00:00,244
afca558315643ae7320d1b7ce3c713efc1b12199839e11c8f8987592bb454919,2025-11-01T10:55:55.516852+00:00,2025-11-01T10:56:02+00:00,244
f6c75bdb6c67f8bf4aa354b620bca3505b340a0cf5f0536acfe159f2684db083,2025-11-01T10:55:55.648535+00:00,2025-11-01T10:56:02+00:00,244
8ee9023a271f9a6dfbf56841ac9900254eea45666d3e20fbecace64ecdada711,2025-11-01T10:55:55.776970+00:00,2025-11-01T10:56:02+00:00,244
a34ff1aa4bb5e9503f0220915be697db5498e97a52dc6b110956222fd3bf2db4,2025-11-01T10:55:55.906933+00:00,2025-11-01T10:56:02+00:00,244
b220abd2f6936a9927ef071679765d064456f704ff0c3b4c6caa704b9a56301c,2025-11-01T10:55:56.040732+00:00,2025-11-01T10:56:02+00:00,244
0dabf25e10ab2caa1fef160bcb1df8a648e61df175a57b3fb2138459b1bea782,2025-11-01T10:55:56.175101+00:00,2025-11-01T10:56:02+00:00,244
ae85398f4564f3d0d077d3857b0867403f7c813f14422f81c342b108a28409da,2025-11-01T10:55:56.304516+00:00,2025-11-01T10:56:02+00:00,244
46b1579fd1a7ced38d149af770e066648555ad5730bd8f5b4783905f47ff5695,2025-11-01T10:55:56.435233+00:00,2025-11-01T10:56:02+00:00,244
1a9d5c4a52cc3b53c50550ad5300254d40e6428eb18c40c8918c0d7bbd1cccb5,2025-11-01T10:55:56.564958+00:00,2025-11-01T10:56:02+00:00,244
fa0bc90013ffa16c5427c045dcf16276c81635e3e843bc759d0ef87abb20ce78,2025-11-01T10:55:56.697809+00:00,2025-11-01T10:56:02+00:00,244
c51daf6f0c5ef614ca5ba1a0d59a7713c5db0f94c19edfd54fc16f6bcdfc38e8,2025-11-01T10:55:57.041924+00:00,2025-11-01T10:56:07+00:00,245
4d98c9de96419ccb6a6d6cfb7dca1543144aefdf1ee070aab2d4411c89fd94f3,2025-11-01T10:55:57.173472+00:00,2025-11-01T10:56:07+00:00,245
57e365a795cd317e799441dd01e5243455ea423693d81997dc1802acfa1f798a,2025-11-01T10:55:57.303172+00:00,2025-11-01T10:56:07+00:00,245
87b5004c6235b6449d8dbfe6775610651d1680da00b79511cc240491f44b1e2a,2025-11-01T10:55:57.434767+00:00,2025-11-01T10:56:07+00:00,245
7d3f3997653ac4ea7b7dce42815b064ffeaf27b573ea089ae013054cfed28337,2025-11-01T10:55:57.566465+00:00,2025-11-01T10:56:07+00:00,245
528f1c8dd94014c4f154da2a732eed0b6f3cc012216f656cd35919fbb2739123,2025-11-01T10:55:57.706239+00:00,2025-11-01T10:56:07+00:00,245
712d09396dc17e2a789cab3459fd7094ea156e95b5db58938f7e8c6aa8ff569b,2025-11-01T10:55:57.837824+00:00,2025-11-01T10:56:07+00:00,245
3f6abaed6883c8c4157fb28e60f6c8506efd6f5e50c7e3e1fd2fb313eb781d1a,2025-11-01T10:55:57.973192+00:00,2025-11-01T10:56:07+00:00,245
b6f50111b33e36f3b475887b2f29beabbc1a33a9517966bf5939e639cedb1cb1,2025-11-01T10:55:58.102483+00:00,2025-11-01T10:56:07+00:00,245
5cb3116e6119b2343de51cd03259c1e7bfdf2df2f9b68c853f180523f4cb9d26,2025-11-01T10:55:58.235068+00:00,2025-11-01T10:56:07+00:00,245
1d56a192aa0a5c57b72c7a0d7fc82c517f2d7f4030e6bbe805f34257d5317c3b,2025-11-01T10:55:58.367482+00:00,2025-11-01T10:56:07+00:00,245
aa35cb8c9af83890c4720956a9cebcacfeeae72ebdad2086d75283b63681577e,2025-11-01T10:55:58.497795+00:00,2025-11-01T10:56:07+00:00,245
30bdccccc3061e7ad05fe84f4bec8b931fa02f06faf1a7d6df16cf527f4cdb38,2025-11-01T10:55:58.629115+00:00,2025-11-01T10:56:07+00:00,245
5540d1846313194e58124ae368f5406e01a70ffeb02df3534b1217262ffa1e29,2025-11-01T10:55:58.765529+00:00,2025-11-01T10:56:07+00:00,245
4bd623720b478a1d77dcf4805cc2d4f736361ba0ee8836ae86f9c69a7efaba6e,2025-11-01T10:55:58.897431+00:00,2025-11-01T10:56:07+00:00,245
7efd5271105f64e48d1cd715871071ad7d1e492606fc34e833953ac9e8c010e6,2025-11-01T10:55:59.028205+00:00,2025-11-01T10:56:07+00:00,245
52d6012773a01cd4d871a74492bc667f95e56aeafc3e49d4e137b35d25faaab5,2025-11-01T10:55:59.163032+00:00,2025-11-01T10:56:07+00:00,245
9305917897e23e9b9d90f04d64bb2f7ecee45c154afb519df91628af901210b2,2025-11-01T10:55:59.297697+00:00,2025-11-01T10:56:07+00:00,245
1eb9ab8737cde0d08c9f6f8b01ba736f395249956bf57ebfcdb6d2b35e772535,2025-11-01T10:55:59.431375+00:00,2025-11-01T10:56:07+00:00,245
fc7af1fbe6acf2553e6c5b8e3db57835be73f7b161c203a3e5065843b0ff4519,2025-11-01T10:55:59.569770+00:00,2025-11-01T10:56:07+00:00,245
804fc2cf292555f33fc5533869c42833d1ffd76ced4119cffe695c44d278d5bc,2025-11-01T10:55:59.706226+00:00,2025-11-01T10:56:07+00:00,245
c1e584661ace9eb6191858d4826af6576bc177a9987430d96a8f1e07408088c5,2025-11-01T10:55:59.839576+00:00,2025-11-01T10:56:07+00:00,245
da631e2ed41c76b8d6243e40e9a6ac60fba8710140cf5deed36bb36d91deb7b3,2025-11-01T10:55:59.973021+00:00,2025-11-01T10:56:07+00:00,245
bd034e9b7d6e3e5302acce63ed083b829d537679dc0aef10a676f187f962ea01,2025-11-01T10:56:00.102396+00:00,2025-11-01T10:56:07+00:00,245
03703426316fb995c49fa8ef50a1118bc9c74a40261c01c5dd82e9630239d3f5,2025-11-01T10:56:00.233494+00:00,2025-11-01T10:56:07+00:00,245
d4ee615bbe06e47960c43f6b164ea92588660c0137c9f1c9132d3f29ae9c6cb1,2025-11-01T10:56:00.367603+00:00,2025-11-01T10:56:07+00:00,245
6dc0931a0b2b97ab8ce792335b2a46016b519847f89885e2aebeb7beb7d5e086,2025-11-01T10:56:00.504028+00:00,2025-11-01T10:56:07+00:00,245
0d2417bbb7374c1f82e6177c55d8efa4c629c170eae845c52e86c6d536cabd58,2025-11-01T10:56:00.636329+00:00,2025-11-01T10:56:07+00:00,245
d4060599b66f53ac6513840366286adf8ae7d8d1afd8b15395cf09e35f7c52c4,2025-11-01T10:56:00.768721+00:00,2025-11-01T10:56:07+00:00,245
1f2dba0734063ff476135178130eb034833eeaab4838fb6daefe23e2cb12a189,2025-11-01T10:56:00.909158+00:00,2025-11-01T10:56:07+00:00,245
c667d066f1c7e361b18aed6f19d9719ef7824dfbff90df05f78061e3fe2c0171,2025-11-01T10:56:01.046446+00:00,2025-11-01T10:56:07+00:00,245
c5b56b39c891484cd6cd7bc376df27915cfebadc161d9a71129f3f3dbba30b1c,2025-11-01T10:56:01.181608+00:00,2025-11-01T10:56:07+00:00,245
2333f74f2c24fb0c393530a8d5e05fde6cbc869144007e550a56392bf54ea1d6,2025-11-01T10:56:01.313076+00:00,2025-11-01T10:56:07+00:00,245
6443ffcc6a2beee66507f24e3572aca9ca56110d740f6bf39aa01e6d8975e5b7,2025-11-01T10:56:01.447632+00:00,2025-11-01T10:56:07+00:00,245
f8c68aecaa545aca13642e3bea6c6c54c44a10d16a1352afd8465770607b10bc,2025-11-01T10:56:01.579587+00:00,2025-11-01T10:56:07+00:00,245
7d9c26a50fea46fd3f170e4bedc32ab890a802f4bd26ec4d1cf0806e4e473c22,2025-11-01T10:56:01.713117+00:00,2025-11-01T10:56:07+00:00,245
12779a6780885f886a9303c75d247921f515e678b4b336bc6eebd17f3cb9ce0c,2025-11-01T10:56:01.847592+00:00,2025-11-01T10:56:07+00:00,245
5aeb61ccd58bb9f2b9f6a6009d02264fc0af68d2a249919c8045e2d8a0aabb15,2025-11-01T10:56:01.982702+00:00,2025-11-01T10:56:07+00:00,245
b72ca38917eb5dfb4a442602721ccb5a6b63ac82568c9c66589545635c138b62,2025-11-01T10:56:02.322524+00:00,2025-11-01T10:56:07+00:00,245
850511a46ae7a4745d7182ccac48490dd878d74eccb9fde9716d5e6a41131af3,2025-11-01T10:56:02.455177+00:00,2025-11-01T10:56:07+00:00,245
9df2893a3218387000e9da8eba08af28a8667e7dbccc4f4a2af0c1008026d122,2025-11-01T10:56:02.603651+00:00,2025-11-01T10:56:07+00:00,245
b40369a5319152e720dc74685c4eb2da93c95524a47dfb38990d308324d76770,2025-11-01T10:56:02.732859+00:00,2025-11-01T10:56:07+00:00,245
ce56c78c70348b4a508d3e991645255cbc1f7d44de27cc749be9a596854adf12,2025-11-01T10:56:02.863486+00:00,2025-11-01T10:56:07+00:00,245
b08c9717376d6e9321efc4d6066b727e84e98a35eb937f662ea6b9044a2a2973,2025-11-01T10:56:02.990636+00:00,2025-11-01T10:56:07+00:00,245
d90f490b5f176a2bc7e44808ee1d134898183a5e0eab64731e17cd0a1c0cc207,2025-11-01T10:56:03.123190+00:00,2025-11-01T10:56:07+00:00,245
b34ef2a4f0d896f97256182af33ee397f13b39aed5a5779caa687be650d9f9dd,2025-11-01T10:56:03.254074+00:00,2025-11-01T10:56:07+00:00,245
c0b6682b52f7575ef9aa31956cf60402f04550ed4b990ac74cfdf057c6c66f79,2025-11-01T10:56:03.386743+00:00,2025-11-01T10:56:12+00:00,246
e2808aa454b172aa52cd79d4dd033877082fde5da36727c55230a45f1a1decbe,2025-11-01T10:56:03.516740+00:00,2025-11-01T10:56:12+00:00,246
473c2cc71ced556a9d83fda3b2662e286d5f19b38fbc34fef1e773f948d576e4,2025-11-01T10:56:03.651018+00:00,2025-11-01T10:56:12+00:00,246
e0ef615d53cc5a4a57ae27a44a01a1ce19b38fdd4eabe8b83e655c775ee83f70,2025-11-01T10:56:03.786648+00:00,2025-11-01T10:56:12+00:00,246
488027ad5267c3eb9d9edcc34857f3f5f4f54331f2891f6e29f582e5b3da03ef,2025-11-01T10:56:03.923372+00:00,2025-11-01T10:56:12+00:00,246
999ec1c368726374b192557fafb463f95c15ad91e66e051b4ec0e159555e169e,2025-11-01T10:56:04.058006+00:00,2025-11-01T10:56:12+00:00,246
c1a55d9bb762abe54fc58651e1801f697e841249154e58004478becc21cf8af5,2025-11-01T10:56:04.193242+00:00,2025-11-01T10:56:12+00:00,246
5c7e7dcc723ce206e0a24c4e5d8e54b458ae3d1e2089efbb2ab71e2a3f1096f1,2025-11-01T10:56:04.326319+00:00,2025-11-01T10:56:12+00:00,246
6a77f36c541897fdb2c559ccc3935c22a46b69c00bd5e7c174459edd6be281ed,2025-11-01T10:56:04.460753+00:00,2025-11-01T10:56:12+00:00,246
462c5148a39cadad5c9a6346377fcbf352195c0e96f567c36a8c5847f13b06fb,2025-11-01T10:56:04.595773+00:00,2025-11-01T10:56:12+00:00,246
1e3bcd6e92041b410d1df51d83e6141402ebe0402408d4925e0c3e4af306d602,2025-11-01T10:56:04.727142+00:00,2025-11-01T10:56:12+00:00,246
368c67f3ecbe277477853634ba6227c4dbde8f0b9fd0e7866673ca5d1e27c6ec,2025-11-01T10:56:04.862154+00:00,2025-11-01T10:56:12+00:00,246
f189b71955172c30a470c67ae550decf381b434d812933856b351650b55f4577,2025-11-01T10:56:04.993589+00:00,2025-11-01T10:56:12+00:00,246
7b0a60408a29c878638974ce6f6724d0ffaa452dc472b2d68931b82e05197831,2025-11-01T10:56:05.125935+00:00,2025-11-01T10:56:12+00:00,246
31e3cf6af760eb798d50f84ae52bc9ffff5a690d00ae16f6855e59ba836e3470,2025-11-01T10:56:05.258864+00:00,2025-11-01T10:56:12+00:00,246
93cf42091ca45be4399b469478075af6b642fc0c59a476f5ccbcfb2cf775a76c,2025-11-01T10:56:05.398312+00:00,2025-11-01T10:56:12+00:00,246
c3f27c325830a5ba747087bff415cb967e58ee9842bf8c53a6ae0ee12a9888e5,2025-11-01T10:56:05.527642+00:00,2025-11-01T10:56:12+00:00,246
89773c681867507e0dcd2c50ca89d904b3f756629478ca696c40908449c59c0a,2025-11-01T10:56:05.657998+00:00,2025-11-01T10:56:12+00:00,246
aeac25d7b3383b68c20fddcd5ec163bc857952646e905615227ec2ff5ea1baeb,2025-11-01T10:56:05.788652+00:00,2025-11-01T10:56:12+00:00,246
2529c6f5064ac516f7086df5cdbd3013c6b388d655b1610f4c496cea7facd9b1,2025-11-01T10:56:05.919051+00:00,2025-11-01T10:56:12+00:00,246
dffc8adb98b55c9bf04e6ae21a97fe2bcb61939e2232f99aae8108410879de37,2025-11-01T10:56:06.050367+00:00,2025-11-01T10:56:12+00:00,246
c01060e66555ae76302761495bf4eed50b7de14c10f7ad5122460f9fa643d926,2025-11-01T10:56:06.186082+00:00,2025-11-01T10:56:12+00:00,246
2b9e5a279d0998b54213623ee1d725840c3088deedec678e7bbc88c1e63c7ea5,2025-11-01T10:56:06.316817+00:00,2025-11-01T10:56:12+00:00,246
72762c5933f67d9df574d9f030977e35ddea14972348b3971484b53c202ff367,2025-11-01T10:56:06.454838+00:00,2025-11-01T10:56:12+00:00,246
b509f8faac8325b19b10657c26fa32c4ff126ce4e9bcc839757ad7d14f9ced36,2025-11-01T10:56:06.590578+00:00,2025-11-01T10:56:12+00:00,246
4aa9f82356b0ec70bb967c1048cab1e733cba010c7a9d8c83dd1ac28615f7aed,2025-11-01T10:56:06.725141+00:00,2025-11-01T10:56:12+00:00,246
fc01d4f25d54f384bdc4d28681ec024ecfc08fe34166bc8564216519e6345e6e,2025-11-01T10:56:06.859151+00:00,2025-11-01T10:56:12+00:00,246
aae1cf77020ec1bd7491a8885f20a0c83c8bc688cae6f5844e55111a18e15d0f,2025-11-01T10:56:06.995006+00:00,2025-11-01T10:56:12+00:00,246
d3a86f3e4aaa47a6743d7a9292a27c8caa29c1b247e9b028e3c2f6a25b555c15,2025-11-01T10:56:07.125381+00:00,2025-11-01T10:56:12+00:00,246
44815a9acf6affbc22ee91a5f3070e59439aed87f5c18846aa4107c7d9292264,2025-11-01T10:56:07.262170+00:00,2025-11-01T10:56:12+00:00,246
0af48630bac141ec747e427b49fc8b0be5b3f8f01eddd0529cf666d9f34d8e43,2025-11-01T10:56:07.604814+00:00,2025-11-01T10:56:12+00:00,246
caecbaf682ead0845ae551fee401377c2fefa382d73401bec8d0987b69f2e615,2025-11-01T10:56:07.735566+00:00,2025-11-01T10:56:12+00:00,246
d002bf2c55081b3b2e0103c6a8148a7f7aa88126b97439a27bf666f98547465d,2025-11-01T10:56:07.861628+00:00,2025-11-01T10:56:12+00:00,246
4c0ed3683ceb21044468535e88825480b7fff0db9b0ce1a6e18053f744ac2b59,2025-11-01T10:56:07.993152+00:00,2025-11-01T10:56:12+00:00,246
53b104f67a0ed454f7198fa8b8aed5bd63efa39798e362c923bdf45f109055e1,2025-11-01T10:56:08.121924+00:00,2025-11-01T10:56:12+00:00,246
4bb22e5f904f9f088793bb5b10a264de46af6c0586c60a8470c3840b74de6716,2025-11-01T10:56:08.251830+00:00,2025-11-01T10:56:12+00:00,246
b93ec058191e76de6d5340966723b91b0066fc2c8cbe070dd90d94da5ca09de6,2025-11-01T10:56:08.379813+00:00,2025-11-01T10:56:17+00:00,247
d6ad5cc6c3c9961c8bc8edd86c79369b7d3677bc87288e8602aadec4729d8e1b,2025-11-01T10:56:08.511181+00:00,2025-11-01T10:56:17+00:00,247
f87531c4cdc0d01da3e43f1963e64bc5e7def7de11f6704abcaadef0b0cea281,2025-11-01T10:56:08.639349+00:00,2025-11-01T10:56:17+00:00,247
6e470dbc53220ac20bc432c696581e0edd3b4e2839b3e83e1a08ba3761c3f264,2025-11-01T10:56:08.770242+00:00,2025-11-01T10:56:17+00:00,247
938bf21e9c3276be3c179adaad612507388c262b0a0ff94b4d26caa603523d20,2025-11-01T10:56:08.901915+00:00,2025-11-01T10:56:17+00:00,247
a03be0409899bef6f9f85d2c781be180834206b3474ddda93aea0b9493df7cf8,2025-11-01T10:56:09.034083+00:00,2025-11-01T10:56:17+00:00,247
203020a4788be34f967513fda78b4fa88b663867021040eb32d1cca121219fcb,2025-11-01T10:56:09.164121+00:00,2025-11-01T10:56:17+00:00,247
91e1a0a9279098a8c79b91b36a76e0eaf86b30a9195aefd05ae8779f638f774e,2025-11-01T10:56:09.304732+00:00,2025-11-01T10:56:17+00:00,247
bee67b174236c8ffbab7470e5e5784b4ae456004d700bad4fb92ea78461a6c68,2025-11-01T10:56:09.436326+00:00,2025-11-01T10:56:17+00:00,247
6dd114e6266cc7e64f3cf755c887b746a03e698bf2aea4c3b744bf5041a94ea3,2025-11-01T10:56:09.567272+00:00,2025-11-01T10:56:17+00:00,247
abfaae676fd9cf2afd3818c62df9336d3038b037a9233ab933588901c7992665,2025-11-01T10:56:09.700361+00:00,2025-11-01T10:56:17+00:00,247
31fa28003435d08b381dd5500569c49ff8f8f404bd56c8b48d7ea031844a315e,2025-11-01T10:56:09.827372+00:00,2025-11-01T10:56:17+00:00,247
2f7b7d4a26e916b454d3a2d6844f34895a21a464e533ef4d4cb0e8da516ecdbf,2025-11-01T10:56:09.966192+00:00,2025-11-01T10:56:17+00:00,247
b361ed503f1a646b411632adbbea0a0990ab3f6a81f04fc4ec3a7a3d4f6930c0,2025-11-01T10:56:10.101059+00:00,2025-11-01T10:56:17+00:00,247
8dfaf6455d4cfe1b6db5a7554225108ee1f892a209e6b47d51c88437c476fca7,2025-11-01T10:56:10.234465+00:00,2025-11-01T10:56:17+00:00,247
512e8c6f17175ef27e82c935c6cfca7ba2c8f22bfdfaded3d77151a67d899912,2025-11-01T10:56:10.367226+00:00,2025-11-01T10:56:23+00:00,248
a89508e3147a2e96e1715165f88b122dd6a8fcbd07e9f892900fe522ef08a2cc,2025-11-01T10:56:10.502761+00:00,2025-11-01T10:56:17+00:00,247
df1137df3e00fc19496273b19acd3f4e152a0247294ae46f46a1f0e3336246fa,2025-11-01T10:56:10.630669+00:00,2025-11-01T10:56:17+00:00,247
42db7e740c537ac20a5d1c94bbe58eafbdf86fef8877d7a274469a5a0df82488,2025-11-01T10:56:10.761546+00:00,2025-11-01T10:56:23+00:00,248
2ddabafb2c802ab71a3ec6d493ccb3c52d6349b5c818ebe1ce3b6c35ed54ddc9,2025-11-01T10:56:10.897642+00:00,2025-11-01T10:56:23+00:00,248
8840ae5d4892e218e343b5a1937b975c1d14de9fb9bfc5835c7b62e9d3e73746,2025-11-01T10:56:11.034891+00:00,2025-11-01T10:56:23+00:00,248
e15939fcdc59898468bafcc27a21221a82f882bc01f4b515fad3ac63381a06e5,2025-11-01T10:56:11.170312+00:00,2025-11-01T10:56:23+00:00,248
df0c3130ed4e1dd349333f9c788fa389ca0dd6d41ea65a4fed158756033333e1,2025-11-01T10:56:11.301186+00:00,2025-11-01T10:56:23+00:00,248
379639cca19cc2c76dc7ea2866fe8d85a33dbe88dc6f8b775799e5e3655e1da9,2025-11-01T10:56:11.433875+00:00,2025-11-01T10:56:23+00:00,248
c5f6018bfd6a5970a36cfc53fc15cc8d96fcfce0b9905435dd9e2892bb37e5b2,2025-11-01T10:56:11.564168+00:00,2025-11-01T10:56:23+00:00,248
69cce86cc78f7fc3d32571074de278bc1f7c00177f45af2a7a67c877af7fdd6d,2025-11-01T10:56:11.690223+00:00,2025-11-01T10:56:23+00:00,248
3f42447cc344f06a8224dfc61756e789b440f4f55eda0cd299b6c412dbcd0656,2025-11-01T10:56:11.818652+00:00,2025-11-01T10:56:23+00:00,248
0eb83f3f9c88902cc73081b24c3e68aafa26d5040a1413c073ad29c1f213fc00,2025-11-01T10:56:11.950314+00:00,2025-11-01T10:56:23+00:00,248
f47d16b5b7ac277abcf68aff26d260c2c60dcb53ca32cdce5edb90df4706e394,2025-11-01T10:56:12.085629+00:00,2025-11-01T10:56:23+00:00,248
f6b5aa60c553a75de42d28cf1cc6802a30f1de1024ee5a451c294bccb0e4eebb,2025-11-01T10:56:12.221247+00:00,2025-11-01T10:56:23+00:00,248
69885eafa1e2d5e640027aa2bc7b8069b6a7c6d6e05439dc9dbe9a00f7dc82a5,2025-11-01T10:56:12.351461+00:00,2025-11-01T10:56:23+00:00,248
d4394d743fccbe1a37493d10949df43f275778e0e4fe3d0567299717eeea0e66,2025-11-01T10:56:12.482257+00:00,2025-11-01T10:56:23+00:00,248
b04f9fc4f3b61c42bc41478ed611e3f828f4082c912321de7cd0dc96b912b210,2025-11-01T10:56:12.814652+00:00,2025-11-01T10:56:23+00:00,248
4fea833495f9df133134f7fc2d06491fefdc9825c639b90e9377da49eeed836e,2025-11-01T10:56:12.942922+00:00,2025-11-01T10:56:23+00:00,248
d99475df851299009de12e3b3049ce3ae50e7a11e724c4b690bd0d3d222392bc,2025-11-01T10:56:13.071046+00:00,2025-11-01T10:56:23+00:00,248
b70139d0c2c7e647f47f262fa4b73e7199cd9eb0ce8e7fd9dc5d8f2268155a0b,2025-11-01T10:56:13.203022+00:00,2025-11-01T10:56:23+00:00,248
16046909fde43f518d99f9cf49b4e9abc8f93fe15709efff9e192976f4e64701,2025-11-01T10:56:13.328616+00:00,2025-11-01T10:56:23+00:00,248
92874724c82cf6007055eb2ba07e98c5304a859d5a83e64a12df9a6c275f2788,2025-11-01T10:56:13.465284+00:00,2025-11-01T10:56:23+00:00,248
7ac81491042e6ce1f90ec242f4a4a005a4d404a9b9f36f91003b1c40115f2b1c,2025-11-01T10:56:13.599528+00:00,2025-11-01T10:56:23+00:00,248
e8186676b2df264268effb6412390b3e4baefb9fb1890cc86a7c57c94633bd0a,2025-11-01T10:56:13.731200+00:00,2025-11-01T10:56:23+00:00,248
82b7b968de12235502acd18bb2b89b757df13e6dc7170b386758fefa7f40e073,2025-11-01T10:56:13.859961+00:00,2025-11-01T10:56:23+00:00,248
973b706392304b33a53c1f12512d4f7c5bf6d65e9bae04baf8511dff00e5dcbc,2025-11-01T10:56:13.990067+00:00,2025-11-01T10:56:23+00:00,248
1c5010f73346204b11f16dc9e30ae96b10a784a249e81325735b9086da447300,2025-11-01T10:56:14.119165+00:00,2025-11-01T10:56:23+00:00,248
6031bdfc649f3181fb425ccec221529a183ecffaeda4b73f467233d7d3837c91,2025-11-01T10:56:14.252689+00:00,2025-11-01T10:56:23+00:00,248
391b7685e378a5273871c1e384783e3330adec04a41ddc4757ac54c181a6c6cc,2025-11-01T10:56:14.380849+00:00,2025-11-01T10:56:23+00:00,248
e44d245a163aa0c1b8a12478454f2a6e11d9a48e15cb41d042c18e93cf903593,2025-11-01T10:56:14.509933+00:00,2025-11-01T10:56:23+00:00,248
0c6d4a66356a2d122a282f8c7b317d999b94d3c3b9e23d849ab5e10c9671c964,2025-11-01T10:56:14.639107+00:00,2025-11-01T10:56:23+00:00,248
11a3e01c4027cde3f64e426e5e5477d24efb36b1a57094064b7d4ecd55890e8c,2025-11-01T10:56:14.770366+00:00,2025-11-01T10:56:23+00:00,248
7dce765a6f31053f9e14ea0e2ba1929058103a1b5bb40de498b3725bfd6def04,2025-11-01T10:56:14.897864+00:00,2025-11-01T10:56:23+00:00,248
1cbc645342ad73fe673a6d7421a6d467f85c2debf1a636e90a32a62432af7d50,2025-11-01T10:56:15.026431+00:00,2025-11-01T10:56:23+00:00,248
0e4d09ec514c4c27d6320bc466a00e0ec992161c9263d7efda47b9faa7decdcb,2025-11-01T10:56:15.156158+00:00,2025-11-01T10:56:23+00:00,248
ac638014a2a9989d9492fe4e97ed6899d2501481120b118205c4a3a5fe115d16,2025-11-01T10:56:15.291259+00:00,2025-11-01T10:56:23+00:00,248
73bf1e20363bbf276f6fd7bd32644fceb57314993ab8549f0d237699ac6e1638,2025-11-01T10:56:15.422216+00:00,2025-11-01T10:56:23+00:00,248
4be236e51e7a587e5f1f224de2f45fe36d95ca77aa57fb0f53a68c5306acb3d3,2025-11-01T10:56:15.552549+00:00,2025-11-01T10:56:23+00:00,248
b6d58f6ee2605fbc9913c41f81bcc91c4f0955126ce261e1466452421c5ef02e,2025-11-01T10:56:15.683441+00:00,2025-11-01T10:56:23+00:00,248
f2b908e31f6b7f3954e022b4be2d3043e7cc8a30b5b3c056113e7416a324e6ae,2025-11-01T10:56:15.810506+00:00,2025-11-01T10:56:23+00:00,248
c716435e8bbe1f22c173dc1589a0f2026f49eda95a6b9e2ef5e03a5dae7c1432,2025-11-01T10:56:15.938794+00:00,2025-11-01T10:56:23+00:00,248
8e72ca8e936b0b935d7ab3f5d6e447b579471cc5d52937efcba4f5b3e9163c93,2025-11-01T10:56:16.067859+00:00,2025-11-01T10:56:23+00:00,248
c4e6f26833ce2974d32caa3e36d083d9e6200d4200a0c3d89efb144184c7b236,2025-11-01T10:56:16.198323+00:00,2025-11-01T10:56:23+00:00,248
5ac02451fdc34f2b585ec244290dfbc95fc2f36a0b690e829aeb190c041811c1,2025-11-01T10:56:16.324732+00:00,2025-11-01T10:56:23+00:00,248
c27e1311f183fa84cdbd9a9c9fff1656a0027f2af101a428673b67ac59965bc8,2025-11-01T10:56:16.457044+00:00,2025-11-01T10:56:23+00:00,248
44bb40393789d6addf88398511688b7abb65f92b330a69b3f687933ee2de398f,2025-11-01T10:56:16.592520+00:00,2025-11-01T10:56:23+00:00,248
68f8883ab39c50d6f8a34aa6cae47d2b45ca33a16e3bb77cf7a19c51414747a3,2025-11-01T10:56:16.727947+00:00,2025-11-01T10:56:23+00:00,248
9cadcf5b75371e936344d909e9c13207855cc5b47f92cfaa4a07fe55088fb800,2025-11-01T10:56:16.858651+00:00,2025-11-01T10:56:23+00:00,248
4b0d56a17131c27995f56c3468829ce1d0cbd935228ed42c820faa76db3244a5,2025-11-01T10:56:16.990670+00:00,2025-11-01T10:56:23+00:00,248
0fdad09f120289d9b5aa5deaed2cab862d0deecb8ba77df268674e960f9b5f5a,2025-11-01T10:56:17.121534+00:00,2025-11-01T10:56:23+00:00,248
75ed0a518575c0671e758d9b7bff0189af35f9aac87409f121fe72eb74e1f5ad,2025-11-01T10:56:17.252999+00:00,2025-11-01T10:56:23+00:00,248
aacbcd8acb41a78e6ba350be8f4b413a06723c34c42a40327fb239da09df4a74,2025-11-01T10:56:17.384894+00:00,2025-11-01T10:56:23+00:00,248
1267f2db19abb5d346e1ebd3df22380277555852500bb98475342db35a063f46,2025-11-01T10:56:17.515239+00:00,2025-11-01T10:56:23+00:00,248
2a5a9234454b9e5d5f02d1a7872af0ab35fa2399640c5d040f7803afa5a9fd67,2025-11-01T10:56:17.643809+00:00,2025-11-01T10:56:23+00:00,248
34b533d9a93cc593f5d9140157c2881f9588232c261085eeaf3b4f50642e2b7d,2025-11-01T10:56:17.775020+00:00,2025-11-01T10:56:23+00:00,248
5fa931409a3d36d2ccc08967209d07abc7321a6c67ed465747c6b854a074e9e6,2025-11-01T10:56:18.112594+00:00,2025-11-01T10:56:23+00:00,248
d60143069972a54c06b14053fd2533ad188d2d99035d8006e2f4d6e33e6a00ee,2025-11-01T10:56:18.241583+00:00,2025-11-01T10:56:23+00:00,248
59c64875a5af2e21fce2bec16d46f9576926d9f9737062b5ef1ddddf23a8e7d8,2025-11-01T10:56:18.444173+00:00,2025-11-01T10:56:23+00:00,248
619e58e82382e2536991ba72c377f5882bba7c6b5377b355e0c33312fcfe78f9,2025-11-01T10:56:18.591909+00:00,2025-11-01T10:56:23+00:00,248
ce0b3fcbc7cc7eaf4493c5712dba2943006b10e1581b9288f8a354aaa06c477d,2025-11-01T10:56:18.726352+00:00,2025-11-01T10:56:23+00:00,248
0340263b6b730f26a3fb3da5cba543394c2f04c9fae855d37603c06c1ae1c747,2025-11-01T10:56:18.860790+00:00,2025-11-01T10:56:23+00:00,248
5a5d5d22b27c05b1278019a712dfae00cf9bbe88b0fe6a34c68bc73e61b9ba1d,2025-11-01T10:56:18.992780+00:00,2025-11-01T10:56:23+00:00,248
572614754755cd2029f081f957ce2b1ff24791f980c66e509520dd6db468b02b,2025-11-01T10:56:19.125671+00:00,2025-11-01T10:56:23+00:00,248
6261e2142389797bfec5744c4824846cc982558dc86c4f5d23e8a2e93e8cc166,2025-11-01T10:56:19.255610+00:00,2025-11-01T10:56:23+00:00,248
597ef473a13686a74046e9aa80f5f02cfcf3dbd3b77edf9b50a11bb27e05bcb5,2025-11-01T10:56:19.387403+00:00,2025-11-01T10:56:23+00:00,248
7507538fd48bb83af80f9a75a109c9c04d1a8bdab7452a914378b6aa43cec287,2025-11-01T10:56:19.519770+00:00,2025-11-01T10:56:23+00:00,248
746d7a9e218be912f9f9ad2a482b3d57e8b86209d8d3ea93e009f82502ecf6a1,2025-11-01T10:56:19.652119+00:00,2025-11-01T10:56:23+00:00,248
ea54d5ac1da0d6ad7a1f584adfd41111774c697898da3db4bc8c82c8946e5766,2025-11-01T10:56:19.784681+00:00,2025-11-01T10:56:23+00:00,248
9d5443b27f47517793c1d3e6ee4f8f1ce0846739e82b3040ef9136f8a04bf773,2025-11-01T10:56:19.915062+00:00,2025-11-01T10:56:23+00:00,248
7f89c033244827fd25972d7a6a02f43ec7c7a163847c8be09be318fe6e745ba6,2025-11-01T10:56:20.049937+00:00,2025-11-01T10:56:23+00:00,248
0f633e61631c2d822a4967a61acbf5a0b3a5d2da426613f204a924d9ecd6a453,2025-11-01T10:56:20.181460+00:00,2025-11-01T10:56:23+00:00,248
16a21fb613a37e323ac39ed0be76c0bdcdb40481fa0b6cf477b3f33027bcb99a,2025-11-01T10:56:20.322607+00:00,2025-11-01T10:56:23+00:00,248
e552065343ea1fc145079f3da692c38a7c76dc4d177b9868b84e7277d0d2b39f,2025-11-01T10:56:20.454469+00:00,2025-11-01T10:56:23+00:00,248
9c3e829beca3012b0bd642a24ddd3da817c2a9b2f48039ab50c45302f72b485d,2025-11-01T10:56:20.589819+00:00,2025-11-01T10:56:23+00:00,248
29d32ddcc87a0451452c2f597c877bb8cee479c489b252b31f2ae62cfb441941,2025-11-01T10:56:20.727770+00:00,2025-11-01T10:56:28+00:00,249
aceea30a90d551395be9a7ae47d8a42a1de8a249c2efcfa537970a1ab9049449,2025-11-01T10:56:20.860894+00:00,2025-11-01T10:56:28+00:00,249
463b1c9946194041274b4206093e25a4868410ded32fe1042b255e05372e6604,2025-11-01T10:56:20.998437+00:00,2025-11-01T10:56:28+00:00,249
d95254462e959385273edc0493d3593e4e92cc731a77b6ca9c49b731d43b3d01,2025-11-01T10:56:21.137922+00:00,2025-11-01T10:56:28+00:00,249
cb4c20d2da5312c4c364b7560aeb41fa3caf3d0c3ce04fb4017114e2b43fedab,2025-11-01T10:56:21.272403+00:00,2025-11-01T10:56:28+00:00,249
36e8f67f964500041214581cc66d54b86312db61b5025fe385d6a8d388c54453,2025-11-01T10:56:21.409584+00:00,2025-11-01T10:56:28+00:00,249
413ee963dc7c9405ebef7f1860e163489b95607152941521dcdff6554f0501cf,2025-11-01T10:56:21.540042+00:00,2025-11-01T10:56:28+00:00,249
6d2d68498f307a17f6b2b8789f09fef11db80f964d722baaffd5501eb805eea9,2025-11-01T10:56:21.674901+00:00,2025-11-01T10:56:28+00:00,249
014c98bea71294baf66e8f19cd48fff43bbecadc782d4da9b7283c81aa70cf0c,2025-11-01T10:56:21.812203+00:00,2025-11-01T10:56:28+00:00,249
0c75a15ade5c5b618d25bad6c1feb28aee1912116f568bc4475c53f34282839f,2025-11-01T10:56:21.946668+00:00,2025-11-01T10:56:28+00:00,249
165b9f8c028d38e8aa8cc5ead13e209990e101cc25ad6df9ace94924d8f6ed09,2025-11-01T10:56:22.085240+00:00,2025-11-01T10:56:28+00:00,249
d5bbda12b6612e224b77e1bb307ef02b9b050782daeda09baa3e4ed544f004d6,2025-11-01T10:56:22.218861+00:00,2025-11-01T10:56:28+00:00,249
5906d2e713292bcde9230364e9c3863826e1635c801219ca80909adfdb499c4b,2025-11-01T10:56:22.354014+00:00,2025-11-01T10:56:28+00:00,249
448781fe7d067fa7b24121547488e9505453ebd3d9d5c326382bec6357fce408,2025-11-01T10:56:22.483718+00:00,2025-11-01T10:56:28+00:00,249
a83cee2f95afaf9f49b96b7ca6ef5759da821ef6fa4363b3b8f29eaa82007a22,2025-11-01T10:56:22.617411+00:00,2025-11-01T10:56:28+00:00,249
ff24fbe911f69804240ebae225d2f3f7c23e35e53616161605edfd1193a597f7,2025-11-01T10:56:22.751044+00:00,2025-11-01T10:56:28+00:00,249
de0d100c9961f02b5cd0cde29323f8b4dd223fa4ff3717d9908fa250e5be460a,2025-11-01T10:56:22.884423+00:00,2025-11-01T10:56:28+00:00,249
fe4475dc29f0bc0d157fbbe0efacc3cd8b5965fdb80bb2ac93863af2e92e4f18,2025-11-01T10:56:23.013675+00:00,2025-11-01T10:56:28+00:00,249
417312a22b73b83ee9825c10c1136f2863a8adf90205aa8d68f5d8dfafdc0c8f,2025-11-01T10:56:23.386774+00:00,2025-11-01T10:56:28+00:00,249
82ccc98a07979241396d876d3a21496dfd7ff4f14c03f2171cb425da625de010,2025-11-01T10:56:23.514630+00:00,2025-11-01T10:56:28+00:00,249
1f6495f425bef58258157bfd1c126e9dcad81c2b5c5f330dd39733ebdac3cb83,2025-11-01T10:56:23.642112+00:00,2025-11-01T10:56:28+00:00,249
7e946b048ceb04cf4512153025ca5a20802eefd99e8ccf9494acc0b4603e46ea,2025-11-01T10:56:23.771916+00:00,2025-11-01T10:56:28+00:00,249
df1f933d2ccb25548be3f5060c28e611e51021a5c836a0ae3bb50ffd7cf8af14,2025-11-01T10:56:23.900586+00:00,2025-11-01T10:56:28+00:00,249
17ebe161d8a05a21b7fb85a29b8b5ac57e50c281a3ab0f2c1cf13ed57e3307db,2025-11-01T10:56:24.029013+00:00,2025-11-01T10:56:28+00:00,249
4fb81bf7d7c61dc79aa0328ce87503aa331b7c2c541e71ffa856317157530c37,2025-11-01T10:56:24.161341+00:00,2025-11-01T10:56:28+00:00,249
d81a3f4954c859b5a61fc125efc1a90623979dda92d0c1e53dd69ea63cc1f222,2025-11-01T10:56:24.292394+00:00,2025-11-01T10:56:28+00:00,249
3470bc54ba62064125044799920294bd668c4d6e015f325b9dc296f1feff502f,2025-11-01T10:56:24.420886+00:00,2025-11-01T10:56:28+00:00,249
b267bb8c3b97e746fa90e41364786aeceb883ec3633d769b92298a78a9f2a0cb,2025-11-01T10:56:24.549793+00:00,2025-11-01T10:56:28+00:00,249
2f9b655ff67e9da3f4b1371b11f44e3c3eec7d4e7a58a8567ad9fcdfe6e5c195,2025-11-01T10:56:24.679634+00:00,2025-11-01T10:56:28+00:00,249
0ca06d0cade9e40b11bc3a404a0ebfdfa12c5d51d66ebde4bea25c0a40c8b5fa,2025-11-01T10:56:24.813877+00:00,2025-11-01T10:56:28+00:00,249
b693f2d91ceff29b887e2f0d890620a95145e423b391faa6f5ba9e3c5383a1dc,2025-11-01T10:56:24.945401+00:00,2025-11-01T10:56:28+00:00,249
e144fd5311474fb83ec31fed064a2b1ffda1c5dfa0050d34b01f827a3826c838,2025-11-01T10:56:25.076056+00:00,2025-11-01T10:56:28+00:00,249
2d5543225a482fdc960fbb49f971d864d462f43c67f613f8cd9b41558873eb05,2025-11-01T10:56:25.212495+00:00,2025-11-01T10:56:38+00:00,251
4f4eb1ee5bde118ed783b4b5add7a5ce9e55e7bf2544122c7e520b6be4641b58,2025-11-01T10:56:25.345460+00:00,2025-11-01T10:56:38+00:00,251
b97b614ed03dd32d988de701e1110c4a247c9d8346677758305783aaa3db5d18,2025-11-01T10:56:25.481251+00:00,2025-11-01T10:56:38+00:00,251
4111a7830cc4b6653540437b0005af8e1bcbddc517be02e7e1015a517ec75db6,2025-11-01T10:56:25.616738+00:00,2025-11-01T10:56:38+00:00,251
8b3c416d4f8d734984992e6033175cec60fbe9d1bcfe2f543f9807663c92a387,2025-11-01T10:56:25.752514+00:00,2025-11-01T10:56:38+00:00,251
587bfcba74b3fdcca91eb323253d37beba6185664410e279e224af62b2e8ebca,2025-11-01T10:56:25.886688+00:00,2025-11-01T10:56:38+00:00,251
67da235f806f8d790e9ec07655daa0659cf4a059609799bbd3a1400ee1ab2841,2025-11-01T10:56:26.019610+00:00,2025-11-01T10:56:38+00:00,251
b51b078dff0e071e52847dd6a75dd42ce4c5030c0447a0977e07337df0928cb4,2025-11-01T10:56:26.148163+00:00,2025-11-01T10:56:38+00:00,251
113b5f36a86b7b81ffc4380fb7e201f6237aa5c86293336818c4020fe4d5cbf9,2025-11-01T10:56:26.283658+00:00,2025-11-01T10:56:38+00:00,251
95b5559c19d00f213f58705434044e1fceed9e9ffbcdd5a61f4c197ed5009f19,2025-11-01T10:56:26.417113+00:00,2025-11-01T10:56:38+00:00,251
f11fff1d5c0cb3178c7dae82b0677573d7952fd78db143d8a0d4b966f90e09b2,2025-11-01T10:56:26.551444+00:00,2025-11-01T10:56:38+00:00,251
290e0ded633d1f46ba3bc97468d91001bbd64e46389c9518610eb67783da13a5,2025-11-01T10:56:26.687177+00:00,2025-11-01T10:56:38+00:00,251
5836aabec8240794c703a48413788b04c74f2a690810d9337b3181d11103a6d3,2025-11-01T10:56:26.826790+00:00,2025-11-01T10:56:38+00:00,251
b349184a4d99219b3880e7098a3b729de6f00811bd5a23aa4caa6c760e72422a,2025-11-01T10:56:26.960710+00:00,2025-11-01T10:56:38+00:00,251
5074cdb28e5c53c9abb46bbf0da2237a79ab931881c062b240b8bc3c1eeba461,2025-11-01T10:56:27.090294+00:00,2025-11-01T10:56:38+00:00,251
6b6ad661e9651bbb0e90d0ad2fe28b4a0a9859b3710397dd53245f705660de3e,2025-11-01T10:56:27.222941+00:00,2025-11-01T10:56:38+00:00,251
8656be6283e1dc642ed8a515e6d2ad0c93bb53ccd615dac2b50057089fb4d510,2025-11-01T10:56:27.352191+00:00,2025-11-01T10:56:38+00:00,251
344f235cc7df72c510b66f70d5972c77992f3d4b4e1dc09cecdcbb29c2b78a08,2025-11-01T10:56:27.486837+00:00,2025-11-01T10:56:38+00:00,251
39dc6b29a3c469c75aa87b8760601308edce146b04a3b15ad61b3b3d510f223c,2025-11-01T10:56:27.618202+00:00,2025-11-01T10:56:38+00:00,251
2e1a9e8b1aae62d7990c4e731fca247d482068cd94ff58311e3e9afc877fa64e,2025-11-01T10:56:27.750988+00:00,2025-11-01T10:56:38+00:00,251
fc8707a56b2f1c92d1dde540782ac5c836349e88096ad4a0fa7bcb38c339344d,2025-11-01T10:56:27.881202+00:00,2025-11-01T10:56:38+00:00,251
fa2323925c3c44fc54bbb3b484efb910dccd9eb8208b3f1a7dfabe51ea29c8f9,2025-11-01T10:56:28.011790+00:00,2025-11-01T10:56:38+00:00,251
a00c3e89d4bf3e13890293266778b2b234118aa917f1559bbc138485d654ab8e,2025-11-01T10:56:28.141498+00:00,2025-11-01T10:56:38+00:00,251
38dba87e8298de7551554299e86b84f530fdfb755ff9cbc710fcbbd79c65a137,2025-11-01T10:56:28.280379+00:00,2025-11-01T10:56:38+00:00,251
8cba7b1d5d50535af7ecb2d7e57b9d58f3a689fceeff2832f8b82c878fddb5b7,2025-11-01T10:56:28.612358+00:00,2025-11-01T10:56:38+00:00,251
c885dc1e8c15bf420f9a4d15ab294bd1ff89c3f091d32bc505fec2d69b29ae23,2025-11-01T10:56:28.741477+00:00,2025-11-01T10:56:38+00:00,251
2830b73cd6e076c5e52c031716a23aca8dc6fe7071022f103f8582fab281e125,2025-11-01T10:56:28.923555+00:00,2025-11-01T10:56:38+00:00,251
1da34d1125fbb2d859857a86516ac97ec62b4eadda567544e3336d2d20013285,2025-11-01T10:56:29.053421+00:00,2025-11-01T10:56:38+00:00,251
780340c605716b3c646403aa2583e3c19b0964b4f901078695d460617323b1ef,2025-11-01T10:56:29.180470+00:00,2025-11-01T10:56:38+00:00,251
4839d8b3037861c2ddac914880aa17d6c0827acb5f383a3b623fe85a9e8e2ade,2025-11-01T10:56:29.313350+00:00,2025-11-01T10:56:38+00:00,251
6efcb5fbbd3a0dd776390528e7c8d003331e80b757ffd03096dee1cb86cf13fc,2025-11-01T10:56:29.444946+00:00,2025-11-01T10:56:38+00:00,251
f5cd6f948f5fb6f2214caae53acb97b9a309a488787cea214bfeb1e74e4364fe,2025-11-01T10:56:29.575373+00:00,2025-11-01T10:56:38+00:00,251
69710857de9c61b7f26ea032924a3f784a5bc7af77807bf235eb8efb1f168ab1,2025-11-01T10:56:29.705064+00:00,2025-11-01T10:56:38+00:00,251
6c1118f84b67d6190d5299d3e34bcdb0c8afd241cd99e953cf443373ad7e1fa4,2025-11-01T10:56:29.836573+00:00,2025-11-01T10:56:38+00:00,251
7fe116c22a65d9da136bd6cfd6da2aed13fdbc83997690b1525cbac8940f8f9c,2025-11-01T10:56:29.967901+00:00,2025-11-01T10:56:38+00:00,251
802499952daa4e153d34c25414acaf9fc7488023bcd6c3c5068719137705c8be,2025-11-01T10:56:30.095504+00:00,2025-11-01T10:56:38+00:00,251
413731a12c831b6e4ca8713299c1808b9cad89f2d4c951286d8d5e9cc20b61dd,2025-11-01T10:56:30.226121+00:00,2025-11-01T10:56:38+00:00,251
5d20e60018a48b8661fc6161848763cc9324675154a3e787d0f42276a67e1f7f,2025-11-01T10:56:30.355888+00:00,2025-11-01T10:56:38+00:00,251
93f05f7cc61c9fb14b7937007f670eb0b9fdd15c73ac7c9dadeb09d8db83b385,2025-11-01T10:56:30.483481+00:00,2025-11-01T10:56:38+00:00,251
7053d7ce662bbb31a56d648747a8c110a0605cb8500fd3fc0f38320696657f2e,2025-11-01T10:56:30.614584+00:00,2025-11-01T10:56:38+00:00,251
377c5ca9045e4c0b45e4ffb275cfc9c2ed9cbf74581d933247e6367d7cf76b1c,2025-11-01T10:56:30.744968+00:00,2025-11-01T10:56:38+00:00,251
aaece75fb47f82025e0ccad9cb0510b7381c7bd1fbcc0674b56db81b2852d80a,2025-11-01T10:56:30.878367+00:00,2025-11-01T10:56:38+00:00,251
578b91a80e3e9752e4b79950a3b1c3a1a82f47866e3a10958b43e4ef2d72e57b,2025-11-01T10:56:31.010058+00:00,2025-11-01T10:56:38+00:00,251
0f9a5d5c14bce1dcc6f0ccfc99b530e6ff2d701cf875ef643c0bae5c32dd7230,2025-11-01T10:56:31.147463+00:00,2025-11-01T10:56:38+00:00,251
caf7771094a3a634c87ab4b33163b20881f7b73b98f9da5ff48c787b1e774025,2025-11-01T10:56:31.280592+00:00,2025-11-01T10:56:38+00:00,251
b0b8ba67e27df2f8397ce3f9b5fcc1e55128b46280c185f811179b6dd998a374,2025-11-01T10:56:31.417041+00:00,2025-11-01T10:56:38+00:00,251
a91efdf6f0adafa719bdd65388a37fe56feb3a76ea9e0a3e64ae2e0d978b1deb,2025-11-01T10:56:31.550659+00:00,2025-11-01T10:56:38+00:00,251
fadb93ea92d8f694f8d851af209df390836dda4c2c26cc166a5f42bf70c9a89c,2025-11-01T10:56:31.682850+00:00,2025-11-01T10:56:38+00:00,251
4783883c619a7eb7d7b9ca55957ad1f89fe9ddc8648ec75b9bfb673f1c77c407,2025-11-01T10:56:31.813915+00:00,2025-11-01T10:56:38+00:00,251
cacf970305af3e9457d56aa51a71f4edaa9084ddc3a1c6ebb3f4029872113ef8,2025-11-01T10:56:31.946529+00:00,2025-11-01T10:56:38+00:00,251
6ca019f05f76c961216d642164b34715206ca33e3d7376d1465f342ffcfcd9db,2025-11-01T10:56:32.079330+00:00,2025-11-01T10:56:38+00:00,251
d75c41e68a87853dc501a0b0eeb5298cea34433363eea9892065aa7c50c8505c,2025-11-01T10:56:32.211109+00:00,2025-11-01T10:56:38+00:00,251
771498c81877f081f823d6d5b730bbab87cf7e260dcd009bb17c58c9e7ea636e,2025-11-01T10:56:32.342924+00:00,2025-11-01T10:56:38+00:00,251
2a9e533f70109c5ab890fd3dd95cab15a4fee71292a81669de1dfa4567b42be1,2025-11-01T10:56:32.473237+00:00,2025-11-01T10:56:38+00:00,251
9945c9654a05c42710ee13580c55008f67850fe5dfae0d3683cc1bd72ad57d5b,2025-11-01T10:56:32.607187+00:00,2025-11-01T10:56:38+00:00,251
a4a96481f053fb4c3a92d835f677d209b47011b0d40ae6f8dcbc0b6f91b9465c,2025-11-01T10:56:32.739106+00:00,2025-11-01T10:56:38+00:00,251
bd4b3fc66ab69290314dcabdbab693271198fbb713c75e876674d14576628f67,2025-11-01T10:56:32.870395+00:00,2025-11-01T10:56:38+00:00,251
d8ff118b7f548abfff3da9bb90f5e0be95cfc8221b5569fe00f9493261e08e01,2025-11-01T10:56:33.005767+00:00,2025-11-01T10:56:38+00:00,251
e6e5811e9fcf3139d8e1fb2cc02612a3dcb8660618531eb0c9864dbed9f93024,2025-11-01T10:56:33.144421+00:00,2025-11-01T10:56:38+00:00,251
cf6fcc25e94a3e9a2548ea3a9c31ff274627addf87a9f82b8dd0c18dd8f8cbbc,2025-11-01T10:56:33.273574+00:00,2025-11-01T10:56:38+00:00,251
8670385171487875e9847f4b8fe4d00bb45c2dfcc465ab7f9a4869076d86bd88,2025-11-01T10:56:33.408646+00:00,2025-11-01T10:56:44+00:00,252
6ba4f06831d31bbdc29de00992d88d50519b8c188296ca281ec0e9787075afe9,2025-11-01T10:56:33.543977+00:00,2025-11-01T10:56:44+00:00,252
6b5896a8338f3a82207fc66e352c9fdfc3faabc1311573e9c6235bf32fdb328a,2025-11-01T10:56:33.894248+00:00,2025-11-01T10:56:44+00:00,252
99001d22dcb2359e8fbc7b4c4b57baec6612f0bcf6590af6fd715308f8fdc5cb,2025-11-01T10:56:34.028034+00:00,2025-11-01T10:56:44+00:00,252
376e9c4ef866c1d6ce8347fc9046aa4d2d71735fa85032e3767452d22f07efec,2025-11-01T10:56:34.160741+00:00,2025-11-01T10:56:44+00:00,252
307514da8a339ca0ea9ed09d3b23738863b6e2d59e7e7606d70595e8b02884d7,2025-11-01T10:56:34.294605+00:00,2025-11-01T10:56:44+00:00,252
5c32e5a835ccf41e7d7a98d1f159922d200b8e04da8e83ccf0fe3730ebca4795,2025-11-01T10:56:34.424545+00:00,2025-11-01T10:56:44+00:00,252
9c083d250688ba8a03df3e33cf88056b782b5acbaed3ad57c0243fbbf4369a01,2025-11-01T10:56:34.556448+00:00,2025-11-01T10:56:44+00:00,252
d1a5ff999559d9c7cc1a65ceb413c5839a9c29fc9af97fcceda62f86a4eb7a86,2025-11-01T10:56:34.692167+00:00,2025-11-01T10:56:44+00:00,252
58f98eaeaad4cd4cf13b451d2a03665568d829b9d705b712fb8bee737ce3c45b,2025-11-01T10:56:34.826695+00:00,2025-11-01T10:56:44+00:00,252
fb1a5a82da3281f77c25a87277bfceecf7a0fc763a5bd641c3f0b49657793103,2025-11-01T10:56:34.958660+00:00,2025-11-01T10:56:44+00:00,252
94f68e65d6231818c67c576341b0e57b1e16b5e50c7ad0774ed2744faff12664,2025-11-01T10:56:35.090904+00:00,2025-11-01T10:56:44+00:00,252
268fce6cdc9f97df90282bb04428e2fe2230ab193de86519c6753b567d4b5845,2025-11-01T10:56:35.227026+00:00,2025-11-01T10:56:44+00:00,252
6d592a2e79e73fb2de945e20fae74d26c1b0d42a9eca4386fe8eaff95816e381,2025-11-01T10:56:35.360559+00:00,2025-11-01T10:56:44+00:00,252
ee5fabe7fbe4176525f1a72f33f00d83ba41171440dbc817cda7b2f10609ff31,2025-11-01T10:56:35.497636+00:00,2025-11-01T10:56:44+00:00,252
e8babd8343a9fe32c81fd9935cfd9a07a10f49682c28cd082cc41281ceab9105,2025-11-01T10:56:35.627675+00:00,2025-11-01T10:56:44+00:00,252
aece62d98e0d117a4e078546577e0c66979e98d24f42d645f73bc85ee0d1f669,2025-11-01T10:56:35.759189+00:00,2025-11-01T10:56:44+00:00,252
70c9447eef041fff24f695e9adba42e08ac0b31f45d00ed2cb49870905f5f195,2025-11-01T10:56:35.897492+00:00,2025-11-01T10:56:44+00:00,252
a9cb1415873b75221557dd877d4e60be35a35e15d579937904fa911b75f02ed4,2025-11-01T10:56:36.031429+00:00,2025-11-01T10:56:44+00:00,252
40b60cac9adcbff9872e86922122780fc7aa48f6deb3cdc85be404f35b38ad83,2025-11-01T10:56:36.162728+00:00,2025-11-01T10:56:44+00:00,252
ae4ab262b5523bf31f09dac2a87cf822e4058fc564c96d05171c9b2903e8013e,2025-11-01T10:56:36.301782+00:00,2025-11-01T10:56:44+00:00,252
bfba32b5e3032f2d8531291578a10546916b5c7605782f26719a9442118933ff,2025-11-01T10:56:36.436419+00:00,2025-11-01T10:56:44+00:00,252
e77ccb6f1b2efa8b32412cbe9a861fb06ae0f31e7c13815205b22fe861bf2f02,2025-11-01T10:56:36.568575+00:00,2025-11-01T10:56:44+00:00,252
0c5d3cca0f63a529d89af8f84522dc6a4e0fe9d23e9e33bded0b87c16198b5f6,2025-11-01T10:56:36.706362+00:00,2025-11-01T10:56:44+00:00,252
5e20054042d8b0246d5eb40439766a767b92c3f5d9748f98ca3aca57bc5c2f41,2025-11-01T10:56:36.840217+00:00,2025-11-01T10:56:44+00:00,252
562e851a0dbba42cf32fd5fbfcefd52feea7e10951ff66adccd3f8407a5f9dda,2025-11-01T10:56:36.974443+00:00,2025-11-01T10:56:44+00:00,252
8b70139156bb77875159cd4c5fab8daa00f1fb3719ca37777f9ab0b45f1049b4,2025-11-01T10:56:37.108359+00:00,2025-11-01T10:56:44+00:00,252
19dde089993434e155977ceef8994dbf42c618ebc6b352c4f33b44397222d1c9,2025-11-01T10:56:37.237889+00:00,2025-11-01T10:56:44+00:00,252
458670912f22a8f0aeef84e99e3e70401580bd374beaf2a8c716bca944e06bd0,2025-11-01T10:56:37.369887+00:00,2025-11-01T10:56:49+00:00,253
58e5fcf64cc318a830e31ac9dbf960636a925f2d864d8f69169c0cf66c831e42,2025-11-01T10:56:37.501504+00:00,2025-11-01T10:56:49+00:00,253
1b017a0e4e5543489d610efa79c92797933ed36db1c3f74c820fe2f6b4e5f78b,2025-11-01T10:56:37.634367+00:00,2025-11-01T10:56:49+00:00,253
2663531a8bd5cfba56c34d2bb8de922938fe114f55cb3f085c1d66576dd09698,2025-11-01T10:56:37.771642+00:00,2025-11-01T10:56:49+00:00,253
85e2dcbb446ba01f2199ad71b5397b65ee52b67c5640d6472b3cd3f53bba65bb,2025-11-01T10:56:37.904021+00:00,2025-11-01T10:56:49+00:00,253
fcd71f88b30bb9a4951100726abdbf8c3ca5b818ff6c2c1ceecff501bce9240d,2025-11-01T10:56:38.030040+00:00,2025-11-01T10:56:49+00:00,253
1d911925b5d8f76f3c2ad55e78a5c4bca6753f4dd95e0e11fd6f7fc5b0547763,2025-11-01T10:56:38.163454+00:00,2025-11-01T10:56:49+00:00,253
3f8b98060a41b2afd75c52e766a8b5000216e7388edd408168a06909a1bb73bb,2025-11-01T10:56:38.299409+00:00,2025-11-01T10:56:49+00:00,253
540076ea9881c3e4ce9fa60c6252e1edf64dae3533fe20c636ac2c6997077ac3,2025-11-01T10:56:38.431555+00:00,2025-11-01T10:56:49+00:00,253
5252233d9d8f9eda74294ddeb42b98373635a93312b9a5a3fea6a7cc1e0d6769,2025-11-01T10:56:38.566763+00:00,2025-11-01T10:56:49+00:00,253
e81fdcf207cac644ebba53ea4322c7890d5e4da00724e5eb564f41998b9cd49e,2025-11-01T10:56:38.697503+00:00,2025-11-01T10:56:49+00:00,253
d09eef5834fac9845a2d4e34fc304f20df3a95e14d59687177078c1690116de7,2025-11-01T10:56:38.835651+00:00,2025-11-01T10:56:49+00:00,253
060fadb417a39f478a16a3c2a6491b268cc736d2a9f4450e2391bae2b2518860,2025-11-01T10:56:39.189866+00:00,2025-11-01T10:56:49+00:00,253
4517b711575177b49e1dbe23bdd9c0debd87d9ca56440050bbb2163bd4dbaa75,2025-11-01T10:56:39.318830+00:00,2025-11-01T10:56:49+00:00,253
33a18129f066b16ab5fc3be298c0ebd001f87398b2ace01cf31c2f6603e3c0ea,2025-11-01T10:56:39.446405+00:00,2025-11-01T10:56:49+00:00,253
fb28faaca1322be97d7336ef6ccfcd8747a9bbf8d49ac597b49ed8eb961a3328,2025-11-01T10:56:39.614242+00:00,2025-11-01T10:56:49+00:00,253
135478cadaf2534e20f17a633cbe6a3a6e5e0c5a5b8a613c1ddd91d9e15aa667,2025-11-01T10:56:39.753947+00:00,2025-11-01T10:56:49+00:00,253
a8309a2f56535b33ec3f892ca4598e0703ecab1c4bb31855df6d0cd74f5f6c52,2025-11-01T10:56:39.888708+00:00,2025-11-01T10:56:49+00:00,253
4e92ceefb9b1024a94417ae92135779b9e2be303d8d3bb3a29f3a1dbf5b8c03d,2025-11-01T10:56:40.022410+00:00,2025-11-01T10:56:49+00:00,253
a719f0dfca536ae2cbff1c82922490e0b462fe45e0da967e9e029f74e2d7f093,2025-11-01T10:56:40.159682+00:00,2025-11-01T10:56:49+00:00,253
c676fa457a86f89b25cb90dadec8c7f2ba07b153448a8e966004081730493c3d,2025-11-01T10:56:40.291065+00:00,2025-11-01T10:56:49+00:00,253
4b903258298b210e8d51caaa7840364e8738f530f976e4a38f9801f76c533229,2025-11-01T10:56:40.420479+00:00,2025-11-01T10:56:49+00:00,253
04931a5081f81b30920cf8e7f6ffac81224efa2bfd762564c3867b1ed7a05cae,2025-11-01T10:56:40.567243+00:00,2025-11-01T10:56:49+00:00,253
a22c77d155e1406f06311f7265c4dc8ad44ff21df9a93fcf0f19e631eb081cee,2025-11-01T10:56:40.712733+00:00,2025-11-01T10:56:49+00:00,253
9d75c5c39eef28d732b57647dc99c05ce6b0484299b015863a98c6a22d4a14a2,2025-11-01T10:56:40.847255+00:00,2025-11-01T10:56:49+00:00,253
e3e3a1af88a79aa9e8e44d7a8723b0bc407ff35d75b6a4b8725415e8b26f5ea8,2025-11-01T10:56:40.986789+00:00,2025-11-01T10:56:49+00:00,253
75fa1850fbb44c154302895f627a6a817b4a87abb1e7d078863ef92d3327e0c7,2025-11-01T10:56:41.120995+00:00,2025-11-01T10:56:49+00:00,253
1677cef108c6972aaa35d476d5d455f6b4412d15c789bb85d27d502ca277257d,2025-11-01T10:56:41.253405+00:00,2025-11-01T10:56:49+00:00,253
d5c23011ba700811ce117216d2351158020c99b6d3ca535ab33de6505568f043,2025-11-01T10:56:41.385787+00:00,2025-11-01T10:56:49+00:00,253
09180e4868801bed0f4ec5ce6e2f3ec02d1c4ffe819fd2b8ad9fff90780ecf73,2025-11-01T10:56:41.534811+00:00,2025-11-01T10:56:49+00:00,253
cdfc8fa38a6b4649118d408fad1a39a0bb83c1f995efdea45b96baaf5a1a957a,2025-11-01T10:56:41.666079+00:00,2025-11-01T10:56:49+00:00,253
6973280517e1996432e9afe00c684ffed9b5db99a52526ffe5380867b1d0b23c,2025-11-01T10:56:41.797864+00:00,2025-11-01T10:56:49+00:00,253
57b399134de74a87b5f195d36978f57ee34c63fedcf85dd77d487e0981d027dd,2025-11-01T10:56:41.942358+00:00,2025-11-01T10:56:49+00:00,253
7e0a0c4e29e4990aa07da74448b189da28fbfccd181b94e72d37935cb7fabad0,2025-11-01T10:56:42.078066+00:00,2025-11-01T10:56:49+00:00,253
fdfb9695ea5f40cac74255a7b21fe436a6010f14a47cc5be9ff5640d8c3a1764,2025-11-01T10:56:42.211727+00:00,2025-11-01T10:56:49+00:00,253
bb6436a3adeebe2abd2ef8a3891bc85628714205cc214b7709201fe4bebb00a4,2025-11-01T10:56:42.366055+00:00,2025-11-01T10:56:49+00:00,253
83de11326b3cac294013ac7b99b522f4b0f82342f204607cbec0a3939b1615ca,2025-11-01T10:56:42.496735+00:00,2025-11-01T10:56:49+00:00,253
a7d63bc9d8fafe6a9857bd551f0f8f1555f08ac2518876aa416b739e769dfd50,2025-11-01T10:56:42.633149+00:00,2025-11-01T10:56:49+00:00,253
e7e987340c8c46f50e9f21eee24bd28e5b92f76897ef8a123434c27f2f9e14a2,2025-11-01T10:56:42.784982+00:00,2025-11-01T10:56:49+00:00,253
1f18363926d3935a5b0282da6b90a5374c49f67ff2ce267907339afcbcc8370c,2025-11-01T10:56:42.917154+00:00,2025-11-01T10:56:49+00:00,253
4d01b964f275b7eb6863c65133f6c334adbb684ddff722f9d36b62383bfde515,2025-11-01T10:56:43.052497+00:00,2025-11-01T10:56:49+00:00,253
d982d46636fa8d75b5b672d9c363d50bd93f36bc3b04ec62723f765a6bccbadd,2025-11-01T10:56:43.189390+00:00,2025-11-01T10:56:49+00:00,253
3ab00342320b79cda4ed80996998016eff700d1b3dd33597055543434bee1ed2,2025-11-01T10:56:43.325564+00:00,2025-11-01T10:56:49+00:00,253
8706af2d543b73bb464ceec63700c330e58763bd56b50c703aef36958b1492c4,2025-11-01T10:56:43.460159+00:00,2025-11-01T10:56:49+00:00,253
3fd3e2edc8c89d0a19e4833fe2aa0ce8a02270623ecd3d05596a78cce985a0a4,2025-11-01T10:56:43.599066+00:00,2025-11-01T10:56:49+00:00,253
91fd2c931531f4539d7340bfd0da9c5a55d994dbdfc07ef0ba36342ce4ded7bb,2025-11-01T10:56:43.739839+00:00,2025-11-01T10:56:49+00:00,253
4405b3af3caa946fb7b7281db31658b78bdd2d268ac5f4fc237494d8772afce2,2025-11-01T10:56:43.874762+00:00,2025-11-01T10:56:49+00:00,253
d7ef193d6b4a61519b0041e7b712050a138e1a1ee617d36c9fc2d6eafbfa774a,2025-11-01T10:56:44.036575+00:00,2025-11-01T10:56:49+00:00,253
774c664acb056945f47911898b9bc4bde85b0afdb3267f8f8f9fb93e1fd4fa2d,2025-11-01T10:56:44.207452+00:00,2025-11-01T10:56:54+00:00,254
e81ce16889443edfbf9971ec7f4043d8e785e86154d384131fcf0407459b9926,2025-11-01T10:56:44.362699+00:00,2025-11-01T10:56:54+00:00,254
0edd15fba2a83604a51d773d2b88379a77d269883f31ef34225dfce699a6a1c9,2025-11-01T10:56:44.517917+00:00,2025-11-01T10:56:54+00:00,254
25f84cfdb179107928dac87baf90f7c7f3f4e247b0e517398a5104a4c027c33a,2025-11-01T10:56:44.662103+00:00,2025-11-01T10:56:54+00:00,254
d2419d8890ba4b5572597c77a5fccccf6adfe1cfb8a7776a56f4dfb86258a846,2025-11-01T10:56:44.808761+00:00,2025-11-01T10:56:54+00:00,254
5a1109ce09d5bbeb5cfb9ad5a83dec09e6b42c3e217aeae2242641701061fec1,2025-11-01T10:56:44.948666+00:00,2025-11-01T10:56:54+00:00,254
f5feafb4a53ac42ff18741b08aa5b88da8d63be5b95182c9d312df4a296ce2aa,2025-11-01T10:56:45.086943+00:00,2025-11-01T10:56:54+00:00,254
c67c8b1e451d591daa48e521f58a916116758bf945bed4a16ac0a814e322e24b,2025-11-01T10:56:45.222420+00:00,2025-11-01T10:56:54+00:00,254
ee090c316317bf8b3c5eda8abfbf7bba7b8c027092888a5fb990ae2f5d499801,2025-11-01T10:56:45.366897+00:00,2025-11-01T10:56:54+00:00,254
e5f7c7192882034ff177db571aeb6818589227332ef7bc47423a9ce570db3aaa,2025-11-01T10:56:45.526182+00:00,2025-11-01T10:56:54+00:00,254
3b53d489268422d7b5e6e9dd78b046ded48106d6994b95946f97097d121f59e3,2025-11-01T10:56:45.664955+00:00,2025-11-01T10:56:54+00:00,254
0a14424cba63b0947ec83477eec5bfbb50528a89a3c22acef65a2a9fd21fc2ff,2025-11-01T10:56:45.801970+00:00,2025-11-01T10:56:54+00:00,254
57da2ec783f89b534ee60a16bd1ed151d5c3ca5d20a6f62b83ceb3ff0064f9a9,2025-11-01T10:56:45.947643+00:00,2025-11-01T10:56:54+00:00,254
8c7a31631f8d44d7cbae79bb1d47295f6805337184e56a1af0d5bf6bbd39a936,2025-11-01T10:56:46.081288+00:00,2025-11-01T10:56:54+00:00,254
d574b1cc04b8a9a5ec3549b6a4018067b83c8ea87c475fd391b528180844cc97,2025-11-01T10:56:46.224089+00:00,2025-11-01T10:56:54+00:00,254
a265a1b3ebec63d18629b31cbf42fd68e6350a9e498c224b2d0ca75cc37f0ef2,2025-11-01T10:56:46.375627+00:00,2025-11-01T10:56:54+00:00,254
e4841bdc423862407e777398810276404bbc3223f1340a3766a87bc7809af084,2025-11-01T10:56:46.514976+00:00,2025-11-01T10:56:54+00:00,254
7e9ffaf4dd8e87aecbcd95bb1b5d0d49a42d32df56b0c9bf1736d615691c63e5,2025-11-01T10:56:46.647938+00:00,2025-11-01T10:56:54+00:00,254
b7e91fcf4cec2b3990f013fbc4c91a7834845d2bd7f99c2287a50e7fc09eb701,2025-11-01T10:56:46.801955+00:00,2025-11-01T10:56:54+00:00,254
40ee97b961771f89ea44dfb755cd5b31e0cf85b4023386db6b7636d9a0ba1f5b,2025-11-01T10:56:46.937086+00:00,2025-11-01T10:56:54+00:00,254
3a514b2f8ebadc4b9a1777e26da1123bdabbb827037f72dbca1db3da489f2cb3,2025-11-01T10:56:47.078238+00:00,2025-11-01T10:56:54+00:00,254
d2be397c09816e70337106005756c0a0728295dd92cfec63faa84b8e96642ffe,2025-11-01T10:56:47.220257+00:00,2025-11-01T10:56:54+00:00,254
ef11adae1e9f722627137ae38a2722db821db8831242153232d4ae1300327e6a,2025-11-01T10:56:47.364678+00:00,2025-11-01T10:56:54+00:00,254
f055829aedb137fbe9c3d802ba40c53eb6817ed332913208b3cfa3022784fd2c,2025-11-01T10:56:47.497630+00:00,2025-11-01T10:56:54+00:00,254
dfecb1bfd2fd7199a0c956370fa015be1c232f7ada2d1360ba13f9707b65b165,2025-11-01T10:56:47.635827+00:00,2025-11-01T10:56:54+00:00,254
a29e68ff3f5e1e79db0b632f7df124018c03355e32808c45ffd785eb6547b4e3,2025-11-01T10:56:47.773844+00:00,2025-11-01T10:56:54+00:00,254
e8e4fb196ddd8e2dbf90b36b3b714d3b6ac3f178e5bbb2068dabd112e448bd42,2025-11-01T10:56:47.908935+00:00,2025-11-01T10:56:54+00:00,254
87cd108d85268e7b4ac953dc2372458d46da588ae84e47d1e4e8aaca17a15afb,2025-11-01T10:56:48.043690+00:00,2025-11-01T10:56:54+00:00,254
de14423abca4c76f312af375eb32de666ec67373cce851395e41dcf2d4550d69,2025-11-01T10:56:48.178800+00:00,2025-11-01T10:56:54+00:00,254
bbe2f4e31879b64ca0bfb034b1d6f054810563945a611fa423d41538ddacb6be,2025-11-01T10:56:48.310971+00:00,2025-11-01T10:56:54+00:00,254
3a76cb53634532194a5750b33b2d19648c48fc58ad11e5627361a91c281b7101,2025-11-01T10:56:48.452647+00:00,2025-11-01T10:56:54+00:00,254
349486b53771f2d2639ff12865a0e0045faeee6f1be1a6ce7a1e6eea9241e30e,2025-11-01T10:56:48.603650+00:00,2025-11-01T10:56:54+00:00,254
a20255c6649ec56b22730a2f4495b5aa15516dee1664e254b8bfe19d37637182,2025-11-01T10:56:48.743661+00:00,2025-11-01T10:56:54+00:00,254
92dfd921153dfeaa267152ede603dcfde131c56f44f97fae65ddda759a6dcbfc,2025-11-01T10:56:48.884362+00:00,2025-11-01T10:56:54+00:00,254
d83290ad8837e9fdc0978d4f58791e31442ed29b59a6ee366f1e454f490d7fc1,2025-11-01T10:56:49.019276+00:00,2025-11-01T10:56:54+00:00,254
db0b75712a51196daa936523f89947ebf0bb08d359f531163905255c613b89b6,2025-11-01T10:56:49.155798+00:00,2025-11-01T10:56:54+00:00,254
3b6e1d4357572f2c63a0a1a1288534aed38e15a32e495527bbd73e4698f4c4fe,2025-11-01T10:56:49.293793+00:00,2025-11-01T10:56:54+00:00,254
732bf6f6d5f06a065cd51d356d7540733bfab35c91b7fb8bc33500467fe6ed29,2025-11-01T10:56:49.605715+00:00,2025-11-01T10:56:54+00:00,254
e53f9e4581b12405f01c5557f3091426615157c7e00d1e499b8236e6e3326cad,2025-11-01T10:56:49.740972+00:00,2025-11-01T10:56:54+00:00,254
edbf57bd9f73fa59ae30c638e755d817bfc3f5a158d44594f96591d83e5d4254,2025-11-01T10:56:49.874791+00:00,2025-11-01T10:56:54+00:00,254
4b0f4ec3de7491abf8409ea6cc148a7271b7fda04847226425e7119cfdead4de,2025-11-01T10:56:50.009761+00:00,2025-11-01T10:56:54+00:00,254
67ba8899efdf6d48bc4b9f7e1058e93fe0ec0b15a46935e5796875fc48b587a6,2025-11-01T10:56:50.143083+00:00,2025-11-01T10:56:54+00:00,254
4b31d6d5337be1942ce5677d5531d55773c2a6469fb5536458e819eb55af75fc,2025-11-01T10:56:50.276601+00:00,2025-11-01T10:56:54+00:00,254
b3fb9bf7f9ad3f1b1a3f2c79620ee263943a2d3245ff5e9a20955c85bf6cfa47,2025-11-01T10:56:50.409651+00:00,2025-11-01T10:56:54+00:00,254
22f8a27248affb2fc040dd79350f09fc3a057204fd8e94a5f5a4249668b8146a,2025-11-01T10:56:50.540624+00:00,2025-11-01T10:56:59+00:00,255
2556685c5470c19111f2dedc6ed0135939bc457f2b9542cb9c22eec08a3fb720,2025-11-01T10:56:50.673842+00:00,2025-11-01T10:56:59+00:00,255
9f7490ade8c18de6a351028967c5f829738a5343564b8b31b1b7770b0086a791,2025-11-01T10:56:50.804064+00:00,2025-11-01T10:56:59+00:00,255
ec81d1134ca5ff2f1c9e9cbecd0676f552b92faf6725314a4d2d4431653ec2f0,2025-11-01T10:56:50.941961+00:00,2025-11-01T10:56:59+00:00,255
3fa2dee1356713377475d6762552dc953235828e41e14eb727af379b64c80eda,2025-11-01T10:56:51.074783+00:00,2025-11-01T10:56:59+00:00,255
dc089ca7c18de48a9ea54da8b5c0bf6b0191d153a4324b4777ca031e47da679a,2025-11-01T10:56:51.206714+00:00,2025-11-01T10:56:59+00:00,255
076e350fb271ace90da66baeca7650d5dbe4c253e90f9df9f5528fdc3ea845d3,2025-11-01T10:56:51.339657+00:00,2025-11-01T10:56:59+00:00,255
b491493e53d8c385a9ea4f691ef1fe5994511a8a0bfeff8caeec57f013a6081e,2025-11-01T10:56:51.472740+00:00,2025-11-01T10:56:59+00:00,255
e51c9a51a7b46c9d07f7890499f763d664b168326a07c675ead67c3413334df0,2025-11-01T10:56:51.604957+00:00,2025-11-01T10:56:59+00:00,255
1cb73be17ac0e311b3e6749fb3c112e9f9128c5f3c27d6e7ed19a08b0b897deb,2025-11-01T10:56:51.736559+00:00,2025-11-01T10:56:59+00:00,255
fcf706a65db91aab50dd24cb50a92026315e65b9aff1fcf536edfdc13fd845cb,2025-11-01T10:56:51.873578+00:00,2025-11-01T10:56:59+00:00,255
300043c706bd93ec4254e4ece1ab506cf5b8b66f5ae6b188682f9598c82c75a8,2025-11-01T10:56:52.013816+00:00,2025-11-01T10:56:59+00:00,255
340ffec396be9acd7120fe883b6f722e3e6d8e1f25509e5528e52dae6f8b267d,2025-11-01T10:56:52.151579+00:00,2025-11-01T10:56:59+00:00,255
76cfc618008b6c986eb1b4f6530b8a886f17a52295f6efc185fbabe1bbd10caf,2025-11-01T10:56:52.289032+00:00,2025-11-01T10:56:59+00:00,255
a215172dbdbb9f3d20d1b9e29a7865591ed64b230304bf255914ddac116d3b5c,2025-11-01T10:56:52.425391+00:00,2025-11-01T10:56:59+00:00,255
d0d7f56e9aff996399aa6b419cc2db1a53f9b84c0b0b2129ea4739d863aeeb93,2025-11-01T10:56:52.558808+00:00,2025-11-01T10:56:59+00:00,255
92955c550a73ad7d4679fb935e7b2899487e3ff490141445dc9df5ac10cb57ef,2025-11-01T10:56:52.693759+00:00,2025-11-01T10:56:59+00:00,255
258942730d0bd9035f88d4e437cb95a3b40cc98acd4e77f6a4f6d06ff7a93884,2025-11-01T10:56:52.827861+00:00,2025-11-01T10:56:59+00:00,255
1027e2dba07c3f854ea772b71db8f0f466d7064764acedbc1e948c9c3e880389,2025-11-01T10:56:52.989899+00:00,2025-11-01T10:56:59+00:00,255
59ca827607d402289cb7e9b1bbcc69d4795921cd4055266bb63de37bd782fb8c,2025-11-01T10:56:53.128833+00:00,2025-11-01T10:56:59+00:00,255
efe02dc8226ea070a0a01c343a14e1a990a94d743288ebb0a51a480766ec481c,2025-11-01T10:56:53.256637+00:00,2025-11-01T10:56:59+00:00,255
5d37c98068f040dbee6c653dedbb25abdb3dcb67f2fa5b1b5e46f2b95875e0a9,2025-11-01T10:56:53.389225+00:00,2025-11-01T10:56:59+00:00,255
00ed57b887e70292afec995fefdffeecaf45faae019bc2ef82d3a9c19a89cc35,2025-11-01T10:56:53.527405+00:00,2025-11-01T10:56:59+00:00,255
008f172ff58a3c5f6bb626c6b3225f8f5ec7b10dfa3e6bff7c3bce20f7cc890b,2025-11-01T10:56:53.660766+00:00,2025-11-01T10:56:59+00:00,255
01e7b5fc619af214ec507b5444b431e075e0ecc54e1c526ac8c1b3eb4bd20a77,2025-11-01T10:56:53.795678+00:00,2025-11-01T10:56:59+00:00,255
b547cd8fee11ba5b6c45330e28cf55cbdaad45ce1f8f280afeb1fb6a10c39655,2025-11-01T10:56:53.940039+00:00,2025-11-01T10:56:59+00:00,255
34d1e573fbcd85d5486d927c3785bb846a8f8e891232a698237508be8b833220,2025-11-01T10:56:54.074982+00:00,2025-11-01T10:56:59+00:00,255
72b053a0ad71cbdda7847bb281fe8918519130abfea3108312b3f5d1e94e005b,2025-11-01T10:56:54.205697+00:00,2025-11-01T10:56:59+00:00,255
288155f554d5b0adf8d0ed719c18fd670507de48792be65d8e2f4bed1d395dac,2025-11-01T10:56:54.349827+00:00,2025-11-01T10:56:59+00:00,255
f70ae60892f67c2f351842c2b0e3ab2b25b84908095d87dddbc79f1dc238b5da,2025-11-01T10:56:54.658691+00:00,2025-11-01T10:56:59+00:00,255
22cb5de3b3e57ae948bbfcda87423587f9c9c0e4a520df70bea3e0a427bde0f2,2025-11-01T10:56:54.798125+00:00,2025-11-01T10:56:59+00:00,255
b2162be2c675960a35f58d02abfd9ba619d405ab20f58e8b7f5fe2a5b629a140,2025-11-01T10:56:54.930313+00:00,2025-11-01T10:56:59+00:00,255
2c7a029241e94267473c08977efd05250060d015754a89ca11e3a4a160b0b3a6,2025-11-01T10:56:55.067992+00:00,2025-11-01T10:56:59+00:00,255
ec7f53299b8f7b091a0f0f2717189a31166ad619fbc64cea6b3ef3020cd5447d,2025-11-01T10:56:55.226452+00:00,2025-11-01T10:56:59+00:00,255
b39e9545eab058c17e7a4889479fd99289dbc77f30b5b20cfa22ffbb55171a26,2025-11-01T10:56:55.384775+00:00,2025-11-01T10:56:59+00:00,255
86ccf9cdcdcf3c0f42e407a5c5c19d1e939fccfa6692bfeee84b27914a3e4957,2025-11-01T10:56:55.519916+00:00,2025-11-01T10:56:59+00:00,255
51209b43c509823573db183762079e31d8ca26a054ee7063009da7ec2f1613f2,2025-11-01T10:56:55.663561+00:00,2025-11-01T10:56:59+00:00,255
48be7495600423bbb0f668875520587da534fe0d09edd42e8ace4bb7bace53b3,2025-11-01T10:56:55.795007+00:00,2025-11-01T10:57:04+00:00,256
db5ce220b26dfb361f014c0295d8405f8ce6c9f02a49659552378c6ccf52f4b8,2025-11-01T10:56:55.927725+00:00,2025-11-01T10:57:04+00:00,256
1da4cb55cacc802043205e1c0a4a7c3f3aaef913c8d189f6e2434fcf52bc6d1a,2025-11-01T10:56:56.064641+00:00,2025-11-01T10:57:04+00:00,256
1152e83c578e7d1e874e385ba79225187a436bfe2f311b65098a02caa22400b1,2025-11-01T10:56:56.202479+00:00,2025-11-01T10:57:04+00:00,256
e8b53e5d1ca0ccfcffe2eca6aa535272e3ddec64106b4ea9b5785387fb883d88,2025-11-01T10:56:56.335951+00:00,2025-11-01T10:57:04+00:00,256
9d4dd2c34bffa2925c1c761990ed08d26ba56df53c0fcd6e6ea72a88d1a0420f,2025-11-01T10:56:56.472787+00:00,2025-11-01T10:57:04+00:00,256
357343d0022516737812f346a02fcabbc0482e5fd248c4fa642a5030b14ccbf5,2025-11-01T10:56:56.606029+00:00,2025-11-01T10:57:04+00:00,256
08dd1d7e767643a5cb7a0c8b46360a96da0c8cad5821ecc9f13a8d875fa72865,2025-11-01T10:56:56.740735+00:00,2025-11-01T10:57:04+00:00,256
0d1d0ffda897bc6f27e25f8fc06389af300c59ba9c9a4dd89041d617bd35fe88,2025-11-01T10:56:56.877623+00:00,2025-11-01T10:57:04+00:00,256
de82dfccdf07ba7bc29f656dbc565d9539d1c121f60f9672746c37249fdec471,2025-11-01T10:56:57.011110+00:00,2025-11-01T10:57:04+00:00,256
bd5a63daf310fa5fb686e298bb21435d7244aa9f8411b1d5b0de0bc49b6b60df,2025-11-01T10:56:57.147784+00:00,2025-11-01T10:57:04+00:00,256
805074518ac1bc35fc1ee3424609ad1e41212a7295afb178ce9afa54b8034a20,2025-11-01T10:56:57.281537+00:00,2025-11-01T10:57:04+00:00,256
7395c61608e8d3d15da881b8f622bcb31c024ae0d53d22d73bf1c346ea012456,2025-11-01T10:56:57.414941+00:00,2025-11-01T10:57:04+00:00,256
ed2752f1e03516b9665e5e9396f1ac52b17de2440874b32e3f392f0a698fc808,2025-11-01T10:56:57.546739+00:00,2025-11-01T10:57:04+00:00,256
517fcafe153c8e60ed6d798aea7f13174b1691281c4c78d9a9545d7b15a003bd,2025-11-01T10:56:57.681022+00:00,2025-11-01T10:57:04+00:00,256
0e028c6dedf38828f3ddf5accc04c7304acb5c0d8422b15c6c8e95af72463487,2025-11-01T10:56:57.834515+00:00,2025-11-01T10:57:04+00:00,256
56e9955a5e44f6fc0bb76d140503aec5c97ac6ddcbdc954450e940f0df4b7aee,2025-11-01T10:56:57.966409+00:00,2025-11-01T10:57:04+00:00,256
19cf7dd35bc63018f5c29c07943fa6ddf17fe1aeaf736523d1130481c8dce616,2025-11-01T10:56:58.106496+00:00,2025-11-01T10:57:04+00:00,256
3764993b1cb74adad7a94d60705dcde7c41f06d7b8020faa139dcc7d9f1e16cd,2025-11-01T10:56:58.242511+00:00,2025-11-01T10:57:04+00:00,256
43da01ac5c24213e2341ed7a4db5eee3cb348b42d1a7d7915c0dfb56327bead0,2025-11-01T10:56:58.375913+00:00,2025-11-01T10:57:04+00:00,256
4cb47a372b0ca6539da7c18529060c99d8a17d1910d355de1163bf773220c303,2025-11-01T10:56:58.512579+00:00,2025-11-01T10:57:04+00:00,256
ce059171c4eac95ef21505375c42692c87667a2c7055bdf19465dc84d82d52c5,2025-11-01T10:56:58.643508+00:00,2025-11-01T10:57:04+00:00,256
28fbb22e146df0c025164b45e945bd89191ae7ca42d6c4ccd836ab60dc368d45,2025-11-01T10:56:58.782860+00:00,2025-11-01T10:57:04+00:00,256
53241f1c97b66f1ef619edefc95edf508161f44edff72157d3338fa4b38bcdd2,2025-11-01T10:56:58.914765+00:00,2025-11-01T10:57:04+00:00,256
671556cddc02c61e7f8f94b3ef7c16c89c02f5e3d1bac3e51953617768c162f2,2025-11-01T10:56:59.055124+00:00,2025-11-01T10:57:04+00:00,256
0b5c1b7e01fb41032f9acfa8896ee461f5a3acb2795727219d77158ee64b294f,2025-11-01T10:56:59.188205+00:00,2025-11-01T10:57:04+00:00,256
87b6639acecf8cae8e4f890f67559713ecd89523ecea99f7cd30af1135d0b38b,2025-11-01T10:56:59.318742+00:00,2025-11-01T10:57:04+00:00,256
168cc030afdd6d619d273dd90295b45c012c6f0f9323e83be88bfd25d8e2ad17,2025-11-01T10:56:59.456926+00:00,2025-11-01T10:57:04+00:00,256
9a730ec73f0331b833f14f04a4f3170f55a949deb372b8dc0332351c1c58a5a2,2025-11-01T10:56:59.768001+00:00,2025-11-01T10:57:09+00:00,257
0f661354fe8689c6fd6ff17c60e0bd9f72766e9bcf9977cc5bd3fac89c7b3c03,2025-11-01T10:56:59.901805+00:00,2025-11-01T10:57:09+00:00,257
293e6835cddb24f95e00b55ea26c86640294c40f62425fd715fe92677dfbd168,2025-11-01T10:57:00.060063+00:00,2025-11-01T10:57:09+00:00,257
929f9ba5503253a06cdf1a5e9782e3fd64b2efeab666976ac4b0ec6070029ce9,2025-11-01T10:57:00.195097+00:00,2025-11-01T10:57:09+00:00,257
fb29f47099df164b546327f15f38b320145f65e5abef1113ceae723bad2f53bf,2025-11-01T10:57:00.330867+00:00,2025-11-01T10:57:09+00:00,257
c964b6ea17933b44b820943929ab15938556b457ae2648863ac089490667497e,2025-11-01T10:57:00.463847+00:00,2025-11-01T10:57:09+00:00,257
5c3324c14b0ebf5c04d7966fbbc70f45a418776292b0dba91a1cfd28687db088,2025-11-01T10:57:00.600727+00:00,2025-11-01T10:57:09+00:00,257
5e6f50b4ef7bc88261f9fa983745bdc9e3c79ee12f6389e38fdc83301182240a,2025-11-01T10:57:00.757231+00:00,2025-11-01T10:57:09+00:00,257
9c7cef8d58689df376bb4bd38ea90e64028b31dbfc92435cd1e79eebff43f135,2025-11-01T10:57:00.888501+00:00,2025-11-01T10:57:09+00:00,257
86711e4182f740d92bc3f933f159d223bb2dfe787e35dc6ee4e7be8bd6d990a1,2025-11-01T10:57:01.021201+00:00,2025-11-01T10:57:09+00:00,257
369944dcf84a6caf47a01df9780bb46aa5585b3d40cb5531a0b367165a4d0e9b,2025-11-01T10:57:01.162598+00:00,2025-11-01T10:57:09+00:00,257
60e34068123b3c1edfa42230ddb05ba09e4ffbdbf4ccb37b72aa4fa73a196583,2025-11-01T10:57:01.294822+00:00,2025-11-01T10:57:09+00:00,257
6b66f0f2bc885458b2cf3d024213d37b6b8ee88949e8472a54899c54eb9de466,2025-11-01T10:57:01.427005+00:00,2025-11-01T10:57:09+00:00,257
851f4c23e364b59538ac0976533b7fc7a287697853f13fcdfa5cd2d943bea243,2025-11-01T10:57:01.560918+00:00,2025-11-01T10:57:09+00:00,257
a5f0e627b9606086834692c64100920ad3bfe4b8b5530ef2e358720cf16f469c,2025-11-01T10:57:01.721978+00:00,2025-11-01T10:57:09+00:00,257
a02eed5c8d3ceb0f04899951102e6f093864c2935dd86d3e7c4806896c549e19,2025-11-01T10:57:01.853370+00:00,2025-11-01T10:57:09+00:00,257
0d365497b1799bb6dab80d3d0c1d211e637d92c9a0f099a72cabf20b0fda79b1,2025-11-01T10:57:01.987124+00:00,2025-11-01T10:57:09+00:00,257
3cbd2c22b88482f2a3f105e104adf5fec4ec9b56fec40be0bee91ca92efa66a6,2025-11-01T10:57:02.120763+00:00,2025-11-01T10:57:09+00:00,257
c933ee2d13699452131fef53813f1114534cc61e97f353d1cb16bfcdbea72452,2025-11-01T10:57:02.257706+00:00,2025-11-01T10:57:09+00:00,257
1c04809a35887281d391ce848441716963e2a8398f6abcf8568ee5b84970bff9,2025-11-01T10:57:02.391942+00:00,2025-11-01T10:57:09+00:00,257
a9d5ec3f97390988215687949f855fb3664711c78ee7af7f35f31c5a99da8a8a,2025-11-01T10:57:02.525266+00:00,2025-11-01T10:57:09+00:00,257
2917e67d3846dac6a703f9d449e78f303052d54fdcb9926d6700b72d0cce1f14,2025-11-01T10:57:02.659564+00:00,2025-11-01T10:57:09+00:00,257
c8b674b470aa5f80abd6abf6200aa105969a2cdd25740b8823616409478f5dc6,2025-11-01T10:57:02.796725+00:00,2025-11-01T10:57:09+00:00,257
cf1a308714755ebb9f270d82102493a298ab29a74af4368aee8f8add920bcf78,2025-11-01T10:57:02.935229+00:00,2025-11-01T10:57:09+00:00,257
6a72aa7a11edfc568e834264e267805a41aef957c1848708360512183964c7c3,2025-11-01T10:57:03.071247+00:00,2025-11-01T10:57:09+00:00,257
5ce2c75352ff37253ef2cc4dd4e02c405f52008489bc4169ce719534cd106f89,2025-11-01T10:57:03.204287+00:00,2025-11-01T10:57:09+00:00,257
096f6922e9be22f858901915fd6edf10db540109a47993375eaae99452c5d607,2025-11-01T10:57:03.334055+00:00,2025-11-01T10:57:09+00:00,257
59d2ec86a0ed3485078f5db362cbcc5f64f99d44fd21cc36fec3d34cec810f5a,2025-11-01T10:57:03.471367+00:00,2025-11-01T10:57:09+00:00,257
be5e7767bf3c7cbc6e1946ad83ecbb61f9d60c8e4b152b3db5ddecdd4822579a,2025-11-01T10:57:03.607395+00:00,2025-11-01T10:57:09+00:00,257
d7f2766913ea1ed9f6c8a4d81a41494a6a19dda966aeb347cc8a7a7a699a9464,2025-11-01T10:57:03.762441+00:00,2025-11-01T10:57:09+00:00,257
daab51db294c74a92afe0d4568cea228037fd82376dc7e8159f5ecf41b7ad376,2025-11-01T10:57:03.899668+00:00,2025-11-01T10:57:09+00:00,257
1347abc89f62055bf1bbc63ba3d6e1da17e8378f49fc8e7d74bcbbdb7c8f39dc,2025-11-01T10:57:04.032892+00:00,2025-11-01T10:57:09+00:00,257
af6fb409ed82bbdc0540b63136bf9cbbe598461941fd1731cbb43b453d1336a6,2025-11-01T10:57:04.169483+00:00,2025-11-01T10:57:09+00:00,257
3e1eed73ea12e81248924b09c467dd40da4983d21b4019606ab8e23995ae4e38,2025-11-01T10:57:04.301562+00:00,2025-11-01T10:57:09+00:00,257
c0c20dd7a7aa40a57cef84e4d56e9c368087770132b0a1229ce48c2f8d281d9f,2025-11-01T10:57:04.434867+00:00,2025-11-01T10:57:09+00:00,257
f0a70c7e31de62debd8901b323d0ae6db6ead2028e3f13d8e06b58f4c4b7f592,2025-11-01T10:57:04.563894+00:00,2025-11-01T10:57:09+00:00,257
b952a0940bcc09e214d1efaadb43e64482eb80c98fc55ab18a9b831b59788e71,2025-11-01T10:57:04.796714+00:00,2025-11-01T10:57:09+00:00,257
c3782417f10bc584955dbd28ca62c9c828cb7169d3cb9dfc27d9f4e7e6e26261,2025-11-01T10:57:04.952300+00:00,2025-11-01T10:57:09+00:00,257
7b68cbbb2c044defb6404567469ab279311ef62514cee341ff91d3fbdcfd1ae4,2025-11-01T10:57:05.084003+00:00,2025-11-01T10:57:09+00:00,257
e9b0c40ef6fbddf96d99bde230d3300fb442f3d215ea2e44a70532d8f13ad772,2025-11-01T10:57:05.232553+00:00,2025-11-01T10:57:09+00:00,257
5af41d25ca94a23fea287d59068f02a68e9935391fa342cb87d330fa14fedec4,2025-11-01T10:57:05.369631+00:00,2025-11-01T10:57:09+00:00,257
cca32274cfb4be95a619cc5d2855b752d2bd9c6098a1a58f8e5cdca76729ffb5,2025-11-01T10:57:05.502389+00:00,2025-11-01T10:57:09+00:00,257
4c391cb05328f4028c4f43516f64ff5f2479f9f1928d074a2da8270a857378e5,2025-11-01T10:57:05.635916+00:00,2025-11-01T10:57:09+00:00,257
23455d4231ed215d7ea1351e87ac0eca6bae08e03253c0fd9a5c06bc34f72ed5,2025-11-01T10:57:05.767339+00:00,2025-11-01T10:57:14+00:00,258
d1ef88d193730cf0161cb8b46ed2f5cac36e914d49bcf6a9bd16dfe6c42aa5f7,2025-11-01T10:57:05.903502+00:00,2025-11-01T10:57:14+00:00,258
f3411adab74acf5c51699e176be92c6c042351f80c6ab30c265cd7b27096a316,2025-11-01T10:57:06.042827+00:00,2025-11-01T10:57:14+00:00,258
0f6d22a6c657b6e422357e5510ab4486b8528c22e9187d3df37029b81397a018,2025-11-01T10:57:06.184572+00:00,2025-11-01T10:57:14+00:00,258
926f43b31cea65dbb3b6c3c499479bd2d9117c86d6e40e4cb4f70097d467f92e,2025-11-01T10:57:06.316208+00:00,2025-11-01T10:57:14+00:00,258
fd88994862056a0611bb920ee929e545fa24eb753fc0764b82eeffd1cf9ab9bf,2025-11-01T10:57:06.450944+00:00,2025-11-01T10:57:14+00:00,258
a0c56a73bdf36b4b41c5aed90d9c750441f516e5d7d6556688c9ee8b9cf27cbb,2025-11-01T10:57:06.585039+00:00,2025-11-01T10:57:14+00:00,258
7bcf190f9175872ad5ac447fd80190740f872a1160f0edaeddd640c7afea5ed8,2025-11-01T10:57:06.716948+00:00,2025-11-01T10:57:14+00:00,258
a00625b52eed28ca06585e4915e2ffc5cba45cd5b16c0e1e55b2f05082fb410a,2025-11-01T10:57:06.848591+00:00,2025-11-01T10:57:14+00:00,258
0582d1b0dc46139a4bf089a4f23022702f6fb6ad5b971fda0b0fac66677c3371,2025-11-01T10:57:06.977719+00:00,2025-11-01T10:57:14+00:00,258
eb398f1a27370a914ff29f1b2e3c943d8996c4394b7b224aaed9f625657ca70b,2025-11-01T10:57:07.107872+00:00,2025-11-01T10:57:14+00:00,258
5ae6e7b95929a3aaa888a781602f74a616cea924e65ed51634d6542f69869cc7,2025-11-01T10:57:07.241444+00:00,2025-11-01T10:57:14+00:00,258
a1e38623d5da4171638104c60ea4e71abcea7fe78253042abdb08aa53ab256cf,2025-11-01T10:57:07.381042+00:00,2025-11-01T10:57:14+00:00,258
1d82f8055701e0238a87cf1ca8ff0decaf023e3381e06b3719e29d3243ddf675,2025-11-01T10:57:07.512090+00:00,2025-11-01T10:57:14+00:00,258
0b9c0d336ef40a74f1a5270194675570faeec7d086fbf40c969b098388c7e717,2025-11-01T10:57:07.646318+00:00,2025-11-01T10:57:14+00:00,258
7ab70b00fbcd06b076fd2caf0d31bb29400684f21f0f8a471a3cb54803e15519,2025-11-01T10:57:07.786247+00:00,2025-11-01T10:57:14+00:00,258
04297cbd4576286227a97e9392887d1646a5321aa8c4be05541fc2af6f9bb97b,2025-11-01T10:57:07.930339+00:00,2025-11-01T10:57:14+00:00,258
0e61720ac83ebaf08383ff60a950da9298c26b638ffbfc8c55022490925e1e75,2025-11-01T10:57:08.064631+00:00,2025-11-01T10:57:14+00:00,258
4febc951289549745e8c9d3d16aa8174b6907b57bdfa67f0eae39168580b01a7,2025-11-01T10:57:08.201330+00:00,2025-11-01T10:57:14+00:00,258
1642b51cc927f918c2e833068bc5ef8fd2c7e28c477d34d93200fcd4d6b8e1f2,2025-11-01T10:57:08.468782+00:00,2025-11-01T10:57:14+00:00,258
f2d356c9075e9340073205c16e9653050af2e53be9d787be940f245254680363,2025-11-01T10:57:08.617819+00:00,2025-11-01T10:57:14+00:00,258
fd09b10f54dbdbc371134990e7e9a53dba22d3112d2930937c8c42086ac00f5f,2025-11-01T10:57:08.755777+00:00,2025-11-01T10:57:14+00:00,258
95183554f8287ce0a659e0cbe98dec757ff3b9c6c7d0567af42dc6cfeb673080,2025-11-01T10:57:08.889781+00:00,2025-11-01T10:57:14+00:00,258
2c5c64d677500bfb0f41119a9f153f6e35a2b01c91863e9cbf1a86bf422e2759,2025-11-01T10:57:09.017819+00:00,2025-11-01T10:57:14+00:00,258
82608825cdea0cbc7c072ae9e5003f177aa7a84d9a60da3c433647d97e2209a3,2025-11-01T10:57:09.149502+00:00,2025-11-01T10:57:14+00:00,258
cf007962c3d65e26aa9c3bc878369737a5130680fa7b2190727ce6364adbbc07,2025-11-01T10:57:09.313695+00:00,2025-11-01T10:57:14+00:00,258
5ee8dd85be7a0b8270642563e165e19eedac1abccba089cbe0277f4c5402b651,2025-11-01T10:57:09.448427+00:00,2025-11-01T10:57:14+00:00,258
ed5649048b43dfe06136bed7ba86b4b2eb81e966d5d829d7ad58b5496fa25266,2025-11-01T10:57:09.579646+00:00,2025-11-01T10:57:14+00:00,258
207d52e6567d4a3d8be41269c855fbe99dbfd0e6cd46271a5f356c66cc4aabd3,2025-11-01T10:57:09.842375+00:00,2025-11-01T10:57:14+00:00,258
d84f26917ea4ef35d567af1f361a663722afbdc354daf6a5b7f4848cc6602be9,2025-11-01T10:57:09.972536+00:00,2025-11-01T10:57:14+00:00,258
3bf71dfa62fd8eb52017b85077220eb3262eb12dd3f26e537399c1a58aeee7a8,2025-11-01T10:57:10.105088+00:00,2025-11-01T10:57:14+00:00,258
4c128a5d3d49cabbef2fc2a3598d82021635375ba6cad5a5aeddb50f943c68fe,2025-11-01T10:57:10.237025+00:00,2025-11-01T10:57:14+00:00,258
99fce36995d316df9c898b0f116a6b8ab955028d07d69d760e18984dce2fc135,2025-11-01T10:57:10.365492+00:00,2025-11-01T10:57:14+00:00,258
65c6ab29e3803af64c16449bfd5ae7093b4d9d8cd4d17d501006a378ca0b4211,2025-11-01T10:57:10.495447+00:00,2025-11-01T10:57:14+00:00,258
ef884620f637fb026e0371c7e583c4bbe56ea1b2451bc5a528567b59b446c6aa,2025-11-01T10:57:10.626917+00:00,2025-11-01T10:57:14+00:00,258
77c40e1248bc89a1b7f1fcbb2058313ea58ee0eaed85623078485d45063f5a41,2025-11-01T10:57:10.757193+00:00,2025-11-01T10:57:14+00:00,258
60759f417d12519cbb25e5492b83f1d7c08a786c3ecf1c6af28772dfe308af6c,2025-11-01T10:57:10.889747+00:00,2025-11-01T10:57:14+00:00,258
c99d88caab50d0adf6c4804e640265b8d47ad7d893ab07b25087b1734de3f4d4,2025-11-01T10:57:11.039715+00:00,2025-11-01T10:57:14+00:00,258
90d099ecbb14946115940efd2b415fa8dab086a80f9182bfb3e24bfbd002fc29,2025-11-01T10:57:11.167269+00:00,2025-11-01T10:57:14+00:00,258
188f0f304934a205130862930c0c35183deead1d292d8fc75b3f8d81819a1a83,2025-11-01T10:57:11.295351+00:00,2025-11-01T10:57:14+00:00,258
28ae47c9ffa77526f75d874e7aa88045c10f8e3f6157a4c7cb9afd44423e7678,2025-11-01T10:57:11.426297+00:00,2025-11-01T10:57:14+00:00,258
ad5f3d92a316a531401c2527af351cad33e72ca94af1da88651dbcfffd6f2c90,2025-11-01T10:57:11.556768+00:00,2025-11-01T10:57:14+00:00,258
a475f25f83c66b5abca072ffef6bef3dfad16489f7ae35acfec1635d01ea90fa,2025-11-01T10:57:11.686443+00:00,2025-11-01T10:57:14+00:00,258
95fa9caa54d3b631674a10e8c236a106f879ddc5cf5d96f331ef3f76c7893c41,2025-11-01T10:57:11.815051+00:00,2025-11-01T10:57:14+00:00,258
1a9678b2c4aebf8c316df90ddab2340c05e661dbcd76b21b7f731987d753e497,2025-11-01T10:57:11.947728+00:00,2025-11-01T10:57:14+00:00,258
f04beba146768e34836e37ce9b45dfa137214d35df18f568d909dcb2da123e79,2025-11-01T10:57:12.074799+00:00,2025-11-01T10:57:14+00:00,258
86edfd3157e631d6ca149e2b84e03d98fdcc1993a61ec64dda718b8021369997,2025-11-01T10:57:12.205474+00:00,2025-11-01T10:57:14+00:00,258
14d9a40cb9570834739624e059d33861a3854f50cd35df85368a8204bce403d4,2025-11-01T10:57:12.338418+00:00,2025-11-01T10:57:24+00:00,260
5856e9f6b2870eb126b447f5ee0d8a86313ade83bea3f1cb3062be198a56c820,2025-11-01T10:57:12.467956+00:00,2025-11-01T10:57:24+00:00,260
6022fbc1571002335fa3e799e9d60ccb33a6ded3e5135c35b601490482b4077b,2025-11-01T10:57:12.604536+00:00,2025-11-01T10:57:24+00:00,260
5897489efea7716b36e241201f35fa593f340640be9e03c89de5c85267899f94,2025-11-01T10:57:12.743583+00:00,2025-11-01T10:57:24+00:00,260
be9034b0a4f9cbbe1ecf32f472e6d1f8a9bad5c6dc87ca896eaaa1a70e774991,2025-11-01T10:57:12.873703+00:00,2025-11-01T10:57:24+00:00,260
ade8639a36a85e75af5b35e2f0e6b8ab54c75e0293d68c4289a6605bfb1bda31,2025-11-01T10:57:13.002564+00:00,2025-11-01T10:57:24+00:00,260
f424d020cefa26a81f8f933f077c74d19d4298baa6dc3aabcbb85d4bf102bd80,2025-11-01T10:57:13.131367+00:00,2025-11-01T10:57:24+00:00,260
482df199068561a62e6c1a1dababbe6ee0705a19e738fcaf78a111a83e9079c7,2025-11-01T10:57:13.266119+00:00,2025-11-01T10:57:24+00:00,260
d056dacb37f9dc4d8c245eb7b691caceca6bb2d45550a607cd5236a18421f09d,2025-11-01T10:57:13.398123+00:00,2025-11-01T10:57:24+00:00,260
1d1d1c2407406ebaca2ce77f6671352fcf3b5d00ac1cd6943098138ab1b56855,2025-11-01T10:57:13.531762+00:00,2025-11-01T10:57:24+00:00,260
3b6737d5b5ce4819129f1d0f10365052861da9152f40c9f0824d69493d7b6293,2025-11-01T10:57:13.663346+00:00,2025-11-01T10:57:24+00:00,260
aed48e5563584025888710beaa95b13225c475b4df31cca8de5cfbc5a5bd15a1,2025-11-01T10:57:13.795971+00:00,2025-11-01T10:57:24+00:00,260
67bb41b70ec6d647bebeab10fdf24e6e9d201fd50696ffe715d128b25c118fbb,2025-11-01T10:57:13.927236+00:00,2025-11-01T10:57:24+00:00,260
8d3f81e4c01bc91c3f0c7d084013efdbb53604ecfe735d149f2045a13f1b5c53,2025-11-01T10:57:14.062020+00:00,2025-11-01T10:57:24+00:00,260
bbf2dc0b8cc6f4d79dcd21dcb20ef5000a0917609a5e8cddea46bd0f908f8a39,2025-11-01T10:57:14.192365+00:00,2025-11-01T10:57:24+00:00,260
0b88cd373546baedab7596c7221357cf129f6ad16a4852bdee471347022acd50,2025-11-01T10:57:14.322263+00:00,2025-11-01T10:57:24+00:00,260
53dd3014ef48ef9625ed2ad8baacf74cabf3e11d36367483b6de9ceddb911c3a,2025-11-01T10:57:14.467441+00:00,2025-11-01T10:57:29+00:00,261
f1c9cb23465a301c38164273341b72418ab0b780d8a1a15a273b3750ba91412a,2025-11-01T10:57:14.604173+00:00,2025-11-01T10:57:29+00:00,261
5c16ddc06d363add5f66c7b1a667817e0689105bbdac97055d294a3e82b40ba6,2025-11-01T10:57:14.893732+00:00,2025-11-01T10:57:29+00:00,261
fafccb96db89e5eb3ab76e8ccc3a40e15a7d229e928c302b03b302940abead42,2025-11-01T10:57:15.026237+00:00,2025-11-01T10:57:29+00:00,261
3cc0396d19851735be7c016ffd01d2255ad0331d6e3218b914dfadf4ae3bd644,2025-11-01T10:57:15.154257+00:00,2025-11-01T10:57:29+00:00,261
d44777ead9d752bc33296e4a396be961bda540607b0c26ccf880dfd58542cddd,2025-11-01T10:57:15.286626+00:00,2025-11-01T10:57:29+00:00,261
7a2502238b92ce5de5345bce9b953b8c76125ae8a00d15b7a1d1a8531c326c53,2025-11-01T10:57:15.419083+00:00,2025-11-01T10:57:29+00:00,261
1219e7824755f7e8e5f794714f6b28dd253ce033b527b3185683a3e49f9b6fe6,2025-11-01T10:57:15.552432+00:00,2025-11-01T10:57:29+00:00,261
6693f98a809fe3579db2c204ad79c31975817c35dabfe1967d4f80f0e423f25a,2025-11-01T10:57:15.685324+00:00,2025-11-01T10:57:29+00:00,261
17729ad1db2434d0798df4ef9b2506240bfd3a2fde6d59dc358371163f4960f1,2025-11-01T10:57:15.818973+00:00,2025-11-01T10:57:29+00:00,261
5c74bb9650f1981aad85a0a39b4082cbee4315d4367b2e2212402c2c5fc44c66,2025-11-01T10:57:15.950058+00:00,2025-11-01T10:57:29+00:00,261
5c7e67c766f9ffcee83ea5f8e82b13059c8ee16cbb779f199c7563b6eadf7a51,2025-11-01T10:57:16.080018+00:00,2025-11-01T10:57:29+00:00,261
0b0f8c40ef9e46eb7a10627826ce5a5e76dca19196cee521ad504e7f500d53ad,2025-11-01T10:57:16.210961+00:00,2025-11-01T10:57:29+00:00,261
60a61dcc1b86e801df2aedf9b66187608f2f4420459c2aa3fb66f87ce02e4afe,2025-11-01T10:57:16.342177+00:00,2025-11-01T10:57:29+00:00,261
337240d2608e018c33cf27bf67a8dc94b165968c08775efd1b2dc77d7612d6aa,2025-11-01T10:57:16.501029+00:00,2025-11-01T10:57:29+00:00,261
17049afaeecbae16d4c6e3a744c24cd7f6f67494d2e0e87598e33ae858656a1a,2025-11-01T10:57:16.632661+00:00,2025-11-01T10:57:29+00:00,261
e3407c7372478922aff75723a34ef3ed46a90104c3e87a199fa57384674c8505,2025-11-01T10:57:16.761135+00:00,2025-11-01T10:57:29+00:00,261
d7ab8d2ff9468e8d2b3649805927bc9e867b6c356daf0b3e5a82c0a057cf7013,2025-11-01T10:57:16.896138+00:00,2025-11-01T10:57:29+00:00,261
5c6fbf366ea9f8f08cdb8a0fcb915cf74eafcddd5bd726520a2ffb1a9fbeab98,2025-11-01T10:57:17.026502+00:00,2025-11-01T10:57:29+00:00,261
b59a4482b1a7bcaf6a8994302ef100e7c9a6fdecb00786e60775862fce7d93cc,2025-11-01T10:57:17.160112+00:00,2025-11-01T10:57:29+00:00,261
19632b8baac75a949b07f103609ed2b0ad9acaf9c556e84cd81e1e886730ddaa,2025-11-01T10:57:17.296543+00:00,2025-11-01T10:57:29+00:00,261
360c658d43426d5cdedf7862e391adb5f64120a5398c391286d606d38d06ff07,2025-11-01T10:57:17.426492+00:00,2025-11-01T10:57:29+00:00,261
40d777fe3fbcc34f94f6ac8262ac97e1290e08f7e22d1760e3f78aa794673254,2025-11-01T10:57:17.554952+00:00,2025-11-01T10:57:29+00:00,261
fce0eb2c594c7987883f1991539385ba2269d4dff916cadb3c3169e982d661f1,2025-11-01T10:57:17.683779+00:00,2025-11-01T10:57:29+00:00,261
959a54c786417e05e1814a5898143cc9ebbe6c0cc4bf69c74a01ff3a8d8821f7,2025-11-01T10:57:17.816098+00:00,2025-11-01T10:57:29+00:00,261
e8c015387b3fbeab2d44faa69d2aae22359022ac924fd086e8c19b2d21414a7d,2025-11-01T10:57:17.950254+00:00,2025-11-01T10:57:29+00:00,261
3d7ca1e4ff3e80665833833d794a065a8340e468224289b450d5fdb61c92c460,2025-11-01T10:57:18.083221+00:00,2025-11-01T10:57:29+00:00,261
c8ae898dbd649ffc1b73686b794de543b15d70b25ded9f0b1876db3340db9195,2025-11-01T10:57:18.216770+00:00,2025-11-01T10:57:29+00:00,261
7210c726275a776f81c6ce2712c0470fc18da12599896ac31fec5d6493eb68ff,2025-11-01T10:57:18.350609+00:00,2025-11-01T10:57:29+00:00,261
c6a2c2f2b0fdef27c4c32cc9e21aeb4d56ddc1ae388b5c1276a0f2bb9988db38,2025-11-01T10:57:18.484796+00:00,2025-11-01T10:57:29+00:00,261
ce9568693f1963058cc070a543147812529374f04067142e3bd0b769beca61b0,2025-11-01T10:57:18.621410+00:00,2025-11-01T10:57:29+00:00,261
0bf099e34ae59af581973c463706459ca362e6f1bbee554fe041f530149dfc44,2025-11-01T10:57:18.756431+00:00,2025-11-01T10:57:29+00:00,261
49ddb4b5dd100631fb9390eea52f70d95ad224b13b4093d6c74876d33f73cd97,2025-11-01T10:57:18.888909+00:00,2025-11-01T10:57:29+00:00,261
e5e16611ce4b69c9a8b8e8d8070b917434f54eb269aeb5c9e1505de7688e2b9e,2025-11-01T10:57:19.019194+00:00,2025-11-01T10:57:29+00:00,261
a9a92d77a7b2d4316f288de6fb2d7f413c2d7bd8de73b309e1fae768675a20d9,2025-11-01T10:57:19.155039+00:00,2025-11-01T10:57:29+00:00,261
70ba0c25a4d0cbb6557acefdfa31a1dd077c1e56b1a9a386631dab7178d7ce29,2025-11-01T10:57:19.288447+00:00,2025-11-01T10:57:29+00:00,261
4795fd49f5b1e47d33214e7d5bb64406c1a857c6f718e471139cd720cadd930e,2025-11-01T10:57:19.428208+00:00,2025-11-01T10:57:29+00:00,261
689d0b5e8a982c0bd8cd6fe305536296d72767d1498aa86510e95fc346914cf9,2025-11-01T10:57:19.563621+00:00,2025-11-01T10:57:29+00:00,261
fe57167ec790d5c87492f5c132d7cb58f60b9e044bdf32cec59b11a2a246a2d3,2025-11-01T10:57:19.697311+00:00,2025-11-01T10:57:29+00:00,261
ecd8defc3486a89a2e4b97bbad4e36b58cf9796616b49805ba7f38717e6c7e0a,2025-11-01T10:57:19.836019+00:00,2025-11-01T10:57:29+00:00,261
8b63c40d277da1ed0f85aba9be2174d6bb3a87e0fd2cc2257a662b5d1b073d49,2025-11-01T10:57:19.978591+00:00,2025-11-01T10:57:29+00:00,261
b40d841556c2d9c61a5489e0f35cb9a6e1d82276ea026c390065a13e6ae0c470,2025-11-01T10:57:20.117337+00:00,2025-11-01T10:57:29+00:00,261
634dd7248926449a0915da332ef070931d084e324ab650122aee9bef9aee9a43,2025-11-01T10:57:20.254203+00:00,2025-11-01T10:57:29+00:00,261
17a4e31abffd940815608c9808208be1020057613f18f12033cf26cb46f65847,2025-11-01T10:57:20.394299+00:00,2025-11-01T10:57:29+00:00,261
7061408ff35fd8f878ce19a1e194840d1bf1d34975c9446bcac610bb872975d3,2025-11-01T10:57:20.539971+00:00,2025-11-01T10:57:29+00:00,261
23cd3a6b0b514e4f1919c4885b086d6be19be4bf66a990d31042f695fcf3cb5b,2025-11-01T10:57:20.678941+00:00,2025-11-01T10:57:29+00:00,261
10a80ef92655b14eca0622068b8ba0367904946df37142cc1584d7ce3bf12ce7,2025-11-01T10:57:20.813142+00:00,2025-11-01T10:57:29+00:00,261
14395a35bb680b1903d75f3900e9db3153304a8e3ca9a795fffbd0c2fca5d755,2025-11-01T10:57:20.943178+00:00,2025-11-01T10:57:29+00:00,261
29ae6a33b158a0c9727a6fee7e83cb2ce332b336034bbcd78b5418a963c5090e,2025-11-01T10:57:21.071341+00:00,2025-11-01T10:57:29+00:00,261
911e9c316971533a7f540919d6494ff08e435f3157b16bc36777f7c70ea39a03,2025-11-01T10:57:21.206937+00:00,2025-11-01T10:57:29+00:00,261
5ccf92bd886ea63740ddfcdadfcdda3eb5adb037aad192f0c131dfb9b4578565,2025-11-01T10:57:21.338877+00:00,2025-11-01T10:57:29+00:00,261
0d770b6f892679a1463693bf43b48417c8ae2dd1ebe20c97d8c24c22e407c581,2025-11-01T10:57:21.473550+00:00,2025-11-01T10:57:29+00:00,261
19b99574833b74215ed9d358e32c7931c6d577c6d9df7b613eb13ca10802888f,2025-11-01T10:57:21.610900+00:00,2025-11-01T10:57:29+00:00,261
384bdf7143a10c5c28bb68791f91e3f029f6735148d04afb8fabaec19a0fe836,2025-11-01T10:57:21.757271+00:00,2025-11-01T10:57:29+00:00,261
f995aa48146942e8313508b3655a1fe75970811cecebe66e8037df3cc6f687b7,2025-11-01T10:57:21.890679+00:00,2025-11-01T10:57:29+00:00,261
ec3b441607ec7d5a8328452a5e62963d98aadc33690341cb26f360e201e2b34b,2025-11-01T10:57:22.025881+00:00,2025-11-01T10:57:29+00:00,261
fa2b16ead282910d2c16034d2557ee9072d16e0e958466a2e0dd78fdaac61327,2025-11-01T10:57:22.166574+00:00,2025-11-01T10:57:29+00:00,261
b6b4ae1ef60fcf8ed710528335cfd03ce2507d48664828e202a578ac7c453eb9,2025-11-01T10:57:22.302370+00:00,2025-11-01T10:57:29+00:00,261
fb16572fb055ab662fe6f6cff0ad0d0ed5f02565306f6e723fb06a868dce96f0,2025-11-01T10:57:22.436544+00:00,2025-11-01T10:57:29+00:00,261
6bdf18b3931204bec3fb0b804f1de715ebce4d337210c8b80eb923d1627642a6,2025-11-01T10:57:22.570953+00:00,2025-11-01T10:57:29+00:00,261
c2d2aa697c4e08b6b0858138a491265a9b20dbcc08022f6c23c26a5324ff375e,2025-11-01T10:57:22.707645+00:00,2025-11-01T10:57:29+00:00,261
76d772ac079f44104b43be98288b505c28ac7829703eed1771efb752c3c881c0,2025-11-01T10:57:22.847436+00:00,2025-11-01T10:57:29+00:00,261
86fe81ecbbb615f74b9fdba09b1622206cea8d148b93b3a58a7bf01c111bb2ad,2025-11-01T10:57:22.983496+00:00,2025-11-01T10:57:29+00:00,261
1940e80999fd84ce5560a7eacf58aa4aad0638c02eaf474059ad81448470abd7,2025-11-01T10:57:23.121031+00:00,2025-11-01T10:57:29+00:00,261
9fbaa842a34060ce0a34995661c52605e8861cf7a7f4db6accfc95fef7e8865e,2025-11-01T10:57:23.259905+00:00,2025-11-01T10:57:29+00:00,261
0b03e45e07765b27a00f7f0ed9a87d185a5244fe85fa2119ef6c470cfcef7690,2025-11-01T10:57:23.396451+00:00,2025-11-01T10:57:29+00:00,261
acdb61f51b5ddbbcce2807b578a5b1b2c5f9815ba9dc5d89d60917c7ac5244a6,2025-11-01T10:57:23.535555+00:00,2025-11-01T10:57:29+00:00,261
afdaefcab6ab82f26590eedd3bd93bdd8a644dfc65b0e558dd42eb95269617bb,2025-11-01T10:57:23.668985+00:00,2025-11-01T10:57:29+00:00,261
0bfa9a6795f401d2c356bd50dd55f1da1bdacba2c51c36baf4cd2a2f7d20ef72,2025-11-01T10:57:23.804440+00:00,2025-11-01T10:57:29+00:00,261
e1cbc5bb37df6d4d46bad26aa2aa5678d58b437f1bab5897e0605ed2922165ad,2025-11-01T10:57:23.938925+00:00,2025-11-01T10:57:29+00:00,261
251d567bbcd155ee777e7edb6bba681a09969e70c5f9ecba3b1b74a36ba82e97,2025-11-01T10:57:24.080644+00:00,2025-11-01T10:57:29+00:00,261
0752acddbe6b0a2fa5596dfe5313d6fcd3677b795d8030a748cb147111a1b837,2025-11-01T10:57:24.205537+00:00,2025-11-01T10:57:29+00:00,261
84d40bfcedbe1aa4c43ffb57effbff4ad2b00a5df7866b87d374c53a2af1b443,2025-11-01T10:57:24.340046+00:00,2025-11-01T10:57:29+00:00,261
204adaff085d601fe865319728c83bb4701fdf851a7093049dd7d5ed872740ba,2025-11-01T10:57:24.481378+00:00,2025-11-01T10:57:29+00:00,261
96fedf2c29545749e02c2f5a288bffac90f387b4d7eeb82b1a203dc0d377a3eb,2025-11-01T10:57:24.613673+00:00,2025-11-01T10:57:29+00:00,261
c662f30ce0deb1a1055de5eb3838fc1fc6c765e53abcc814e8677afa479d8d2b,2025-11-01T10:57:24.755707+00:00,2025-11-01T10:57:29+00:00,261
0f3ab512ad9d4bd825dc897036e6a045524f835efa838780cdcacc653a93c8b1,2025-11-01T10:57:24.885011+00:00,2025-11-01T10:57:29+00:00,261
e4736a9116cbab21407ed9c26f0c13a5cad18306911ff1d304330b464b0095dc,2025-11-01T10:57:25.015787+00:00,2025-11-01T10:57:29+00:00,261
3cb160ec92de2251ffddb64228f860ecfe22819ac5e15163e9b88cea6a2fa375,2025-11-01T10:57:25.147254+00:00,2025-11-01T10:57:29+00:00,261
bfec5e92ae85a00f58955d48f73ed7ef6e32525e7c52f893c1d5302dd10f2650,2025-11-01T10:57:25.289269+00:00,2025-11-01T10:57:29+00:00,261
ada9b0758215abc55f3de086435af4352dcfe62cf1d0fae6042a62a943fc2a77,2025-11-01T10:57:25.425167+00:00,2025-11-01T10:57:29+00:00,261
fdf6f1de152a486c7c640d797ec59f5764b19786ebfa78426d1f285663d5e28a,2025-11-01T10:57:25.558914+00:00,2025-11-01T10:57:29+00:00,261
f170a4eb75625b6a1f6e290ffb5c437161c17705e9b8f9424281dae333fbc87f,2025-11-01T10:57:25.696938+00:00,2025-11-01T10:57:29+00:00,261
6eaafa742808d921eaf2c8789fb2457100274d637d7975f1155922c2040f2d04,2025-11-01T10:57:25.830692+00:00,2025-11-01T10:57:29+00:00,261
0e95cc13bd4bfdff3e871934fff65a46ccddf4b8f7f5334c452e8d8fed7881fc,2025-11-01T10:57:25.966043+00:00,2025-11-01T10:57:29+00:00,261
d251dec264ce21da09177f14781e6d6af260afde40af135b10ef160d17d55a16,2025-11-01T10:57:26.102037+00:00,2025-11-01T10:57:29+00:00,261
fae44abfe5c4d0561a1aad93169edead534e51fa751185366252f76f7a3cb465,2025-11-01T10:57:26.234962+00:00,2025-11-01T10:57:29+00:00,261
8cb29c6b282c6e61c6249b9bea1e888d38feffbfcf34fc999b2f68ef00014959,2025-11-01T10:57:26.366566+00:00,2025-11-01T10:57:29+00:00,261
552eb73b057d00d2cbd6ba407c051d917dc09da04b6dceb6d3c3fb30bd8f93e8,2025-11-01T10:57:26.496024+00:00,2025-11-01T10:57:29+00:00,261
3cc5f655f6c1fc7cd075d813806a36a1cbbf39d0ae190e1de609399013cfaaad,2025-11-01T10:57:26.631882+00:00,2025-11-01T10:57:29+00:00,261
20d16f1cdc55498e8dff0d6fb852929ec3cdaba7929363e2cca305dac813437b,2025-11-01T10:57:26.764781+00:00,2025-11-01T10:57:29+00:00,261
1a53399bf19adf6e8c289d8a64fac33ac46c7b5d4c80a7dce44f10eab7191aa8,2025-11-01T10:57:26.900175+00:00,2025-11-01T10:57:34+00:00,262
d0353032a6594188319aeabbafea223ac06fd52b06b7cb3e89a9abd872559db5,2025-11-01T10:57:27.033816+00:00,2025-11-01T10:57:34+00:00,262
beba3987607046c5f7c078126ec6e1fdbbdc88deb091b4effaa5e16c5ef66cb3,2025-11-01T10:57:27.173221+00:00,2025-11-01T10:57:34+00:00,262
a17da1bb76df4f6da25ca2d00131e5254a21f8af491a32701c7c16be61b76aad,2025-11-01T10:57:27.313827+00:00,2025-11-01T10:57:34+00:00,262
7b21b31c0bad8e90e007d2ef8593df5c5ab40956d0f4d1464d89d1afc5fbb698,2025-11-01T10:57:27.448295+00:00,2025-11-01T10:57:34+00:00,262
cacd77534cba01b1039be413049e42ef768d4b81195354db7da9bfefb4332743,2025-11-01T10:57:27.578346+00:00,2025-11-01T10:57:34+00:00,262
daf682d59404fcf0e7686c2587ca61dc619d38242f69f5b6ce471acb5f05618d,2025-11-01T10:57:27.712880+00:00,2025-11-01T10:57:34+00:00,262
706084609bed685aa25bd3dc1ace973c197b26fd8a44c9685cdc59d87d46adaa,2025-11-01T10:57:27.847438+00:00,2025-11-01T10:57:34+00:00,262
478264044ae3acadd0129c137011bd34b4480231dc2eb313a6e464df4daa1e6e,2025-11-01T10:57:27.981492+00:00,2025-11-01T10:57:34+00:00,262
1de6e6167e9fa6bf0cf84b40a0f0600073b23d42e679e22201cfba8926d2d55a,2025-11-01T10:57:28.115234+00:00,2025-11-01T10:57:34+00:00,262
9d861a574ce800f7ca4a67260deda42c2fd1fee69059c6d75edf8804e1967b73,2025-11-01T10:57:28.247258+00:00,2025-11-01T10:57:34+00:00,262
d1b5410fca05210a0577d8c4b52be1b55718832220e57b8f02dcaa94ba0f6039,2025-11-01T10:57:28.381573+00:00,2025-11-01T10:57:34+00:00,262
b9c03d7c68bae815239fdb1ec9ee9ff4c2f68117e9125a744bed0c67575e5c7e,2025-11-01T10:57:28.514530+00:00,2025-11-01T10:57:34+00:00,262
322c63f7f53766eb05a7687f52700669cc134b0f5a4b9def2c59cc51b0666f09,2025-11-01T10:57:28.642924+00:00,2025-11-01T10:57:34+00:00,262
ac0913f8e4298e9bd4afc9c1852acb1e85b4bcd45e014add9b29034e35d0de74,2025-11-01T10:57:28.773341+00:00,2025-11-01T10:57:34+00:00,262
b52c14b13e22e7687b813cf8cc5cbe9de46dccce3734784e7fcea8d5953a70f0,2025-11-01T10:57:28.911152+00:00,2025-11-01T10:57:34+00:00,262
b42cd234fdac3dd950931673170b086820b915377ed37fb19ca2d0043cd7a8d1,2025-11-01T10:57:29.042067+00:00,2025-11-01T10:57:34+00:00,262
3f6a978a277a2293d1f896c7171d84b36cb484dca7a230b4eaa7d9262bedbdba,2025-11-01T10:57:29.176577+00:00,2025-11-01T10:57:34+00:00,262
fe0ed7cb5b40e327837b4ef3e71f39e8db2f676ed65366742b072cb97cc4433c,2025-11-01T10:57:29.313762+00:00,2025-11-01T10:57:34+00:00,262
e96bf75c4385d027730e3cdc24c94818f0046a9b3e75ef251114eb8176fae32b,2025-11-01T10:57:29.446059+00:00,2025-11-01T10:57:34+00:00,262
3c8be15345faffca81dc126ac9dcc1c3249a0f81605c61cb825b35530af6c7ef,2025-11-01T10:57:29.580321+00:00,2025-11-01T10:57:34+00:00,262
6f86e5c562c6557dbcb8b6c80651a551f660e91cb1b9bdce6b8c69b4aac47883,2025-11-01T10:57:29.718296+00:00,2025-11-01T10:57:34+00:00,262
073c183e38723ebe49f6b347f97f2cd6780832f64bc9977dd6951ffaff74c21b,2025-11-01T10:57:29.852458+00:00,2025-11-01T10:57:34+00:00,262
b47bde2c9a75f56ca1ebc6a254d01dd28e73ec6e32d1eea24a8f55299770b291,2025-11-01T10:57:30.256520+00:00,2025-11-01T10:57:34+00:00,262
8da51e9d56da1f29b6f97ac3f0ec573806ed09ffe69db1b2b24ce92834966272,2025-11-01T10:57:30.387985+00:00,2025-11-01T10:57:34+00:00,262
7f2fd6a6487b787530b750e69174a74fad54935343277719f9f75b9375f124b1,2025-11-01T10:57:30.518716+00:00,2025-11-01T10:57:34+00:00,262
1af7348cb3472aed89d56f2df17e2aebfd5f96825afe418d2046e6557ca01954,2025-11-01T10:57:30.651299+00:00,2025-11-01T10:57:34+00:00,262
3b3bf3bebdddd6b635503a03087606b3682a0193335d0e0c9a408805fff56193,2025-11-01T10:57:30.785255+00:00,2025-11-01T10:57:34+00:00,262
7c37f4a9acb62f7e2397c33e8cc09065767c7c7e99016238f55852da3df3a4e2,2025-11-01T10:57:30.918150+00:00,2025-11-01T10:57:34+00:00,262
d5b5170136656651487597eea9bf56decbcdd8060b9cf39b506f78046c9435b3,2025-11-01T10:57:31.052340+00:00,2025-11-01T10:57:34+00:00,262
3a492adbf7075fb3cac88f22b101585a8ccdfba2cd5401e7813c3041364c5bc5,2025-11-01T10:57:31.187719+00:00,2025-11-01T10:57:34+00:00,262
ad687443c79544f8d992c92c89b71edeae1535761b9b1dbac2d1c50d692bb161,2025-11-01T10:57:31.322321+00:00,2025-11-01T10:57:34+00:00,262
565cb171471a56d539e9586a8872b361681d397a92e5047a39e585fd9131634d,2025-11-01T10:57:31.459273+00:00,2025-11-01T10:57:34+00:00,262
6f3a470cf31d8c96605a264e7531680740a151dabaa9f44b8207fa0166ddc409,2025-11-01T10:57:31.593315+00:00,2025-11-01T10:57:34+00:00,262
6e0ef38cdd93e226dc983e6e58c2c741d3253d4be082bff601370b178b867689,2025-11-01T10:57:31.728096+00:00,2025-11-01T10:57:34+00:00,262
ceaf4679b89c870f5b7eec586b352bef263cc565c5534fa967b011ba08b87fd1,2025-11-01T10:57:31.862771+00:00,2025-11-01T10:57:34+00:00,262
1ceab92bf2b528abd3129266b55923d8ad744ecf869562e63a6ea0018c2b2b7a,2025-11-01T10:57:31.996637+00:00,2025-11-01T10:57:34+00:00,262
5c63272d91e5d8081412492d9f5e3cc825b594cddf0808403b1de9c1c3c74691,2025-11-01T10:57:32.129806+00:00,2025-11-01T10:57:40+00:00,263
eeec2e47daf4281a0831a491a3495315fda4aab6426a1994a02aa0d46b5787ab,2025-11-01T10:57:32.263560+00:00,2025-11-01T10:57:40+00:00,263
ed698e0fcd078a5928f208b245bae7ab5ab0ced157ffde28dd623acb470586f8,2025-11-01T10:57:32.394564+00:00,2025-11-01T10:57:40+00:00,263
2f2995c6da3dc19dcc1479d4360d9af61cdc5c9f814926cb4db93d405bfae36a,2025-11-01T10:57:32.526513+00:00,2025-11-01T10:57:40+00:00,263
f753d27dc41dc99e0004d60d3a234b9930feb937e6b790af7adbfb23c87118ff,2025-11-01T10:57:32.657914+00:00,2025-11-01T10:57:40+00:00,263
64b1ac8dcbbddc0ce117fc9c34a14bc9304ed2bd4ff90ce44ab446958b64cf57,2025-11-01T10:57:32.791280+00:00,2025-11-01T10:57:40+00:00,263
d6efa8b9aca7033b044202d8c50fab7650801a002eed725473f7b186b428b284,2025-11-01T10:57:32.922336+00:00,2025-11-01T10:57:40+00:00,263
7ce8d8a89c01372a6fe45b66d0052909804f09aaf61cd4b46ea1df977f0b5414,2025-11-01T10:57:33.058884+00:00,2025-11-01T10:57:40+00:00,263
905d2ba9d197f4dfc214d2a3c8d80e0799020e15b3f3e68b664d3212e0a0f05f,2025-11-01T10:57:33.194387+00:00,2025-11-01T10:57:40+00:00,263
441fdc107658c32e9f1b555b9b4b0a98d8008fb8b6a88fe97ac1ecfc8100eaaf,2025-11-01T10:57:33.327025+00:00,2025-11-01T10:57:40+00:00,263
a67327ff0c9e7c290c7d4e6129e1e0b117f90d86b6e75f839faed0ee6f5c2ed8,2025-11-01T10:57:33.463209+00:00,2025-11-01T10:57:40+00:00,263
d16d0a54cfeae3352016dbe750c639b4990d3dda9a8a75f222af2e97beddb7e9,2025-11-01T10:57:33.594143+00:00,2025-11-01T10:57:40+00:00,263
1bab824949991bed4a59c970de6b0ca1c65cf957b464f06f7e2bce99b64c799d,2025-11-01T10:57:33.728978+00:00,2025-11-01T10:57:40+00:00,263
90bfa5b7c4443a8d424fef3c384ede7bc042c54a1fd0423163bc3ac147c5e931,2025-11-01T10:57:33.865416+00:00,2025-11-01T10:57:40+00:00,263
18a473e55aa0bdfda34e5018569219537dc5e4811cf05383a3cfc7cceaedadaf,2025-11-01T10:57:33.999726+00:00,2025-11-01T10:57:40+00:00,263
3d40a5373ea18c752b4bd63924bc24b5ae9d27e9b12d26f4c65293331526b552,2025-11-01T10:57:34.132370+00:00,2025-11-01T10:57:40+00:00,263
5ea911caf563c279ce6b5d18712cd9024f520543a97140d682ec7a8b830d8720,2025-11-01T10:57:34.266172+00:00,2025-11-01T10:57:40+00:00,263
3863557668650ee777cb679eee1697a889fb18d0cbe839f31979a3b3a475ed9b,2025-11-01T10:57:34.400249+00:00,2025-11-01T10:57:40+00:00,263
126a6be88419b4fdf12e96a6e05fb7bd93c5499fc5234573446023df64a5aabc,2025-11-01T10:57:34.539265+00:00,2025-11-01T10:57:40+00:00,263
9daad941a1833934b7d8e5a0587bd6e08cfec622ffd84274715d8cd966eb0e03,2025-11-01T10:57:34.675265+00:00,2025-11-01T10:57:40+00:00,263
a887c1c059c83eca1cf65e67278ca717d980d5d1d0e3cd421b8ce78efd07b220,2025-11-01T10:57:34.812777+00:00,2025-11-01T10:57:40+00:00,263
2940f03d58b567d4b6378a9b05cc08f91eb5f3af9b3412f22eb6f20e7f2ad705,2025-11-01T10:57:34.949804+00:00,2025-11-01T10:57:40+00:00,263
bca8156ba446cfe5352329dd67ceed43314890c45c0f72c370c014f93aaef4f5,2025-11-01T10:57:35.128121+00:00,2025-11-01T10:57:40+00:00,263
243a4e619239e6784520556bd18b692297edc97effb23def8c6f05476bd7d217,2025-11-01T10:57:35.259095+00:00,2025-11-01T10:57:40+00:00,263
a349567d38e156ec958621715c6088b72ea68db36da5c887d3d71fd5d4d2bcb0,2025-11-01T10:57:35.391391+00:00,2025-11-01T10:57:40+00:00,263
42ec8d98812949b2ee43a1b79c069dc6acc5b6eb3cb792253c5b235bb91014e0,2025-11-01T10:57:35.522722+00:00,2025-11-01T10:57:45+00:00,264
47d0f6bc53681e7856968f528bf2593c0ad6660e79c35075b9c51cc015b7f181,2025-11-01T10:57:35.656566+00:00,2025-11-01T10:57:45+00:00,264
62dfd3db8f7c7b20ddbd6b5c62b262770eb3a2865b688fa7e9c06738f9d3927a,2025-11-01T10:57:35.791143+00:00,2025-11-01T10:57:45+00:00,264
f3ee514559ddcf7992ff635af4688b18aa9ceff271d40b43427efa4abc7bb45d,2025-11-01T10:57:35.925009+00:00,2025-11-01T10:57:45+00:00,264
e8cc6939f1091425c3be5a41e16d03b16b207a3cc2b53e5ef215e55a55f91a7f,2025-11-01T10:57:36.056550+00:00,2025-11-01T10:57:45+00:00,264
cd298a21f06ffe99d8194b813c2f2efe4b06f092aa8e0f2f5348fb1df87c44e9,2025-11-01T10:57:36.189980+00:00,2025-11-01T10:57:45+00:00,264
e3b73ee3033c6efecea4aaa1fb1bf60b58933f6f8f885e1703bdbfddf62f9f7f,2025-11-01T10:57:36.324095+00:00,2025-11-01T10:57:45+00:00,264
06b9cbe55343073e4af87683b2cb11720e315165433bb31b1fae87d7c335bcdc,2025-11-01T10:57:36.456394+00:00,2025-11-01T10:57:45+00:00,264
82cfe598b52f8418c8399e1d3af30e63cb193023c5a016466b607da6498e00c5,2025-11-01T10:57:36.589949+00:00,2025-11-01T10:57:45+00:00,264
602c4e29a78a103c157d6838e76aa58098635084ceb4ddd5603f66914c4c4d46,2025-11-01T10:57:36.724841+00:00,2025-11-01T10:57:45+00:00,264
5cd090ecc92eee904426bb4def8abee479bb7dadc3f89f3a7eb078945c747126,2025-11-01T10:57:36.859026+00:00,2025-11-01T10:57:45+00:00,264
d911d7ba036c49a8d1ce1608a271489e6334273e4fc1e2647c4c9a514c452796,2025-11-01T10:57:36.993664+00:00,2025-11-01T10:57:45+00:00,264
71cbdd3733936ec84066ee033f1306d14122d92089fc99724c71d727cd1d8f86,2025-11-01T10:57:37.133719+00:00,2025-11-01T10:57:45+00:00,264
bd69ff12945d5350cad499c7e88f8eb4a5b956fbf8ca169df80183fb7535370d,2025-11-01T10:57:37.264599+00:00,2025-11-01T10:57:45+00:00,264
27b0373cd154c6ff9b0e8c5a15ddb95e1bbf56e226c034f87ccf5d92e606e6c9,2025-11-01T10:57:37.397612+00:00,2025-11-01T10:57:45+00:00,264
3e9330616e4c14928e0978c8a820bd6bb6a6e6ad11ecde3dfdd32ee4c1e33a28,2025-11-01T10:57:37.532776+00:00,2025-11-01T10:57:45+00:00,264
32030cf3c6f05b50d22b802cf953b6dba9db7db0fde1a3a9741416d61168e83c,2025-11-01T10:57:37.666754+00:00,2025-11-01T10:57:45+00:00,264
5a51353d4f6264568650401cb72a9dc1e0cf876317dca47ceb00122988cc6f58,2025-11-01T10:57:37.796159+00:00,2025-11-01T10:57:45+00:00,264
7589f0988685435c86aee08a03b6784be241df38329a028feb261518a5b6052e,2025-11-01T10:57:37.929351+00:00,2025-11-01T10:57:45+00:00,264
5a7c839c2521c15f6d31dd75ea73981b63885bd7aeb4b8cba7687050d8843bf7,2025-11-01T10:57:38.063273+00:00,2025-11-01T10:57:45+00:00,264
f431fea47a03542b06a39370f4b756664237d8f62c5575853a8fa9b71e173e6e,2025-11-01T10:57:38.193370+00:00,2025-11-01T10:57:45+00:00,264
c205bf7471ec63d9f63dc7d4e990134fe7bcac2b8a69527d8bf32758baa8cdef,2025-11-01T10:57:38.326250+00:00,2025-11-01T10:57:45+00:00,264
fe19a038bda5572343161e4c499966150a8a9719c78cb47b1288af18b45b0c94,2025-11-01T10:57:38.458793+00:00,2025-11-01T10:57:45+00:00,264
c65b8b2309295cf5a927b3584149de0b658ad61761549e4df603058ead4b35bf,2025-11-01T10:57:38.588960+00:00,2025-11-01T10:57:45+00:00,264
766ab34abfb4698ed254b3a8df7d61301cd0af181349893dab0fd644150f6b63,2025-11-01T10:57:38.717912+00:00,2025-11-01T10:57:45+00:00,264
f62202a28db5863b07d95d5561f742f675c1d98b4b614338f8015d65f65befda,2025-11-01T10:57:38.848717+00:00,2025-11-01T10:57:45+00:00,264
2398bbc7533a04bd38e3c342e2f6e9ac6ee89273465273eeb01b92d8affb1a7b,2025-11-01T10:57:38.978952+00:00,2025-11-01T10:57:45+00:00,264
9189f9f70fd977c2cb555582dea035bb6ef908f89ee06bde0e2262e575ad1746,2025-11-01T10:57:39.110306+00:00,2025-11-01T10:57:45+00:00,264
985e81f12a4cf6de3945b87d7e051782845ad99f428f7a153f6954d8c601a764,2025-11-01T10:57:39.237475+00:00,2025-11-01T10:57:45+00:00,264
da09245c8e4d77a18760390aeafdf166e251241d70451677db940eabee8ccbd2,2025-11-01T10:57:39.367406+00:00,2025-11-01T10:57:45+00:00,264
3f745853ddc16c699061d69164f9af6e7ce71d8d804ced71425913d0264e4fc9,2025-11-01T10:57:39.497296+00:00,2025-11-01T10:57:45+00:00,264
27b054af940bcebac53e184987ce5e27e11d73b3c027dc7ff81e0c137be39127,2025-11-01T10:57:39.624070+00:00,2025-11-01T10:57:45+00:00,264
f15c40743d722a9f6627f88fc26e39f0484062af19017200db6d871e893f9510,2025-11-01T10:57:39.755519+00:00,2025-11-01T10:57:45+00:00,264
9e3a88bc215aeb317d2c1f293e93c50bfdb4afec1acd5770ab37f766ae3089b2,2025-11-01T10:57:39.887879+00:00,2025-11-01T10:57:45+00:00,264
aac6e0267358655878f8d495061125e2f684884f997199154b917ea8d1fae0d0,2025-11-01T10:57:40.019165+00:00,2025-11-01T10:57:45+00:00,264
03874e01a45f3cbf2880dd49a6fdeeff41108b17221ba37adab60c52049780a3,2025-11-01T10:57:40.149939+00:00,2025-11-01T10:57:45+00:00,264
2254dcd205cd2b0839075497c3c9719697fb3bb5a2772be09467e67b779883ff,2025-11-01T10:57:40.279349+00:00,2025-11-01T10:57:45+00:00,264
c986fda3885ffbf37ca6f933f7f9d6769839af9c17b0164a8a293141273bf0ec,2025-11-01T10:57:40.408296+00:00,2025-11-01T10:57:45+00:00,264
debaa4154ea0337a38502155c30aca14e5459fb8fdddd6da4c52b6a12a2d8753,2025-11-01T10:57:40.536377+00:00,2025-11-01T10:57:45+00:00,264
e8e4a62c765e8fc73335c93a0cb1f9cd393f67834fdcc96723f07b967878fd37,2025-11-01T10:57:40.663630+00:00,2025-11-01T10:57:45+00:00,264
ec662669d035386487477fb4d478c0fd6b07fa46d14428f95c4a9bd44e4c60c6,2025-11-01T10:57:40.795164+00:00,2025-11-01T10:57:45+00:00,264
89d650f85650fc761e2ac644a0cd73a1667932f69cb65224e95bcb162b23e153,2025-11-01T10:57:40.925535+00:00,2025-11-01T10:57:45+00:00,264
38919959d55eaf7b7b9de402b75ed76ff5f1a0ebd40c8b2ab28a1aeec05fe601,2025-11-01T10:57:41.056254+00:00,2025-11-01T10:57:45+00:00,264
4f9dad90cb50bc06d6398d88bc6ea43ef0071dc27e3c304095d6f118bb06548c,2025-11-01T10:57:41.184348+00:00,2025-11-01T10:57:45+00:00,264
0cb633491135ba89104889c7c3e52e3c93b8e2ee17bb6d80057faede1e80b942,2025-11-01T10:57:41.317716+00:00,2025-11-01T10:57:50+00:00,265
3dc26d4302b5ac7be98876adb50b6275946dd6c9ba0dc573bd542a936b35e38b,2025-11-01T10:57:41.447273+00:00,2025-11-01T10:57:50+00:00,265
a3247e5cc101b2e8d9d06ece99b0a8c0c4b29168609225f7e7c1396f0ff338ce,2025-11-01T10:57:41.573739+00:00,2025-11-01T10:57:50+00:00,265
1b6c81e64700348135565c984c343ded3422d2ac3e1ad3ee6013f152795fdb07,2025-11-01T10:57:41.706022+00:00,2025-11-01T10:57:50+00:00,265
5188283b78bc877f4f497ace7c9a35d0ed62344b727aa382def41fa861d47fa0,2025-11-01T10:57:41.837525+00:00,2025-11-01T10:57:50+00:00,265
0d6f75776b8f0262424f2f2c5e5c86041c1f5789985c9589a53a1d495caff29c,2025-11-01T10:57:41.969741+00:00,2025-11-01T10:57:50+00:00,265
bc068596952d5f0c21a53b8ee5ece906ea2ba618b105bee4c532acc44337c82a,2025-11-01T10:57:42.099583+00:00,2025-11-01T10:57:50+00:00,265
d4926822abd097ae6115cbbfe453a19caadfbd65ab4578391951075a29ed1941,2025-11-01T10:57:42.227431+00:00,2025-11-01T10:57:50+00:00,265
23d901d846c6da7bfb916ca4b32b26249499ad17cdc5d7baaccde6b343ed05ea,2025-11-01T10:57:42.354825+00:00,2025-11-01T10:57:50+00:00,265
9dd454e24d8b59f48def00b63d4436e5bd697fe25e0edd89348c9c6ef02cfb8c,2025-11-01T10:57:42.489645+00:00,2025-11-01T10:57:50+00:00,265
21ccdd850c22f2d99955f2d7a72151a515adf762fb7b90fb760304bd7e5e1ac3,2025-11-01T10:57:42.623794+00:00,2025-11-01T10:57:50+00:00,265
7d0c8d90992602e5741f3ea883a543a39828255102aa721aa41acbcf3f7c9a91,2025-11-01T10:57:42.761820+00:00,2025-11-01T10:57:50+00:00,265
d7b18f7180eee5a4cb873be568b27caed0fbfdfe53eaf57fac9b086e7f816d3a,2025-11-01T10:57:42.895320+00:00,2025-11-01T10:57:50+00:00,265
ed72aa6871b005c4410167784534de70f463f9755fc2a07336f5049dc3fbe34c,2025-11-01T10:57:43.027776+00:00,2025-11-01T10:57:50+00:00,265
ec7572c692dc605ba28af15295bc3eed459bac139dba458abec9a6f08e7c574f,2025-11-01T10:57:43.164942+00:00,2025-11-01T10:57:50+00:00,265
1e0206aaa5cfdf359d893760347cd0347835e411facd382dcebaa34226aa3fb5,2025-11-01T10:57:43.296171+00:00,2025-11-01T10:57:50+00:00,265
e5fcdc96914aec47e05cdff05a9d66aea9c1f081564ca088c1d77e9b90d91f27,2025-11-01T10:57:43.421801+00:00,2025-11-01T10:57:50+00:00,265
377144f3e00665160b1a45a92086f47bba1b86e963d5f593c02a91cc9815a25d,2025-11-01T10:57:43.556767+00:00,2025-11-01T10:57:50+00:00,265
17a8d150f2976185c392c1852b2600f9aa71fe1593a55ddbc46f9a4f62c057a1,2025-11-01T10:57:43.693169+00:00,2025-11-01T10:57:50+00:00,265
86385ef418eb1dc8acd6d3a5b597bda566f6b21319c26573dd81313ce018958b,2025-11-01T10:57:43.826266+00:00,2025-11-01T10:57:50+00:00,265
d804c18e2d39fc75ddc75027a23052431511b5d8829b19f12d49ca71bbe57dcc,2025-11-01T10:57:43.956940+00:00,2025-11-01T10:57:50+00:00,265
068119e6e1828b60d4d1652024c31259384a30a8b433b626eb492beaa8424055,2025-11-01T10:57:44.090125+00:00,2025-11-01T10:57:50+00:00,265
7edf4c2fac71e2a3c52e2dcd1d042e44f58f4bccdee27bbb9d51fbb72ed5f544,2025-11-01T10:57:44.220237+00:00,2025-11-01T10:57:50+00:00,265
485046499f6f0c2d83e6b30822a7bd97b3c05adf6b09b56b535c15935fc1d94a,2025-11-01T10:57:44.350641+00:00,2025-11-01T10:57:50+00:00,265
12b38165cbac1c48bfd6d32c9fe009161fd8fa8824e0ec3719a2bec17c390b37,2025-11-01T10:57:44.480635+00:00,2025-11-01T10:57:50+00:00,265
91fc9950db4be09aedb04f74d1d9ab83945f67eef9fd6bd7f7230d59be2fda26,2025-11-01T10:57:44.615855+00:00,2025-11-01T10:57:50+00:00,265
244a9393e0c4f67b7e93b0faabfee3aa98c90370c0576f47c7fe1924b7e7e9df,2025-11-01T10:57:44.747386+00:00,2025-11-01T10:57:50+00:00,265
03693c859609d9bc3ef6184feff67405c6ad66ea4b963881c052a083e84664b2,2025-11-01T10:57:44.875826+00:00,2025-11-01T10:57:50+00:00,265
48be191b6a4da12ba35bf3011b610489ec2f7eda7c86900f02be7ff8bc183f7b,2025-11-01T10:57:45.007960+00:00,2025-11-01T10:57:50+00:00,265
e062a32080a04f2dc0d4695ff51b560fc1a543fdaa6f66816eebd57cbd715b8a,2025-11-01T10:57:45.137274+00:00,2025-11-01T10:57:50+00:00,265
daffc8e526bc62264c5a531b45f45aeb145c36a6697db521f1f8fc176f8e55af,2025-11-01T10:57:45.333817+00:00,2025-11-01T10:57:50+00:00,265
1dbae55d664c8baf56ae5ec5b41b4bc7b89e967125d58831e5ac93e3515e3cf9,2025-11-01T10:57:45.461455+00:00,2025-11-01T10:57:50+00:00,265
8cb22c1e857a35c1f09ce11125f5d30503d7b078c7f7ac9f47d22804e99011f6,2025-11-01T10:57:45.590647+00:00,2025-11-01T10:57:50+00:00,265
8adee923d266bdf765c34adc835555f6346a0e90137815d38dd284079ec48cf4,2025-11-01T10:57:45.721937+00:00,2025-11-01T10:57:50+00:00,265
8b77f151e60ee6c4947ff775e6f6bb28654554dba138ddd91aead6dce607e765,2025-11-01T10:57:45.852025+00:00,2025-11-01T10:57:50+00:00,265
390362943c7bda833840145155d8498b3d7071653420e2bfb388aa7cbb7e1418,2025-11-01T10:57:45.985054+00:00,2025-11-01T10:57:50+00:00,265
5f5cbc94b3b791b4fc1cb2a9773f1bf893dfd0e2d04d6cd6df01cbf8d32b3a94,2025-11-01T10:57:46.117168+00:00,2025-11-01T10:57:50+00:00,265
1e6468104957215163fe77849b2a84a169955dbcb3a071979fa48c7c9f166058,2025-11-01T10:57:46.247150+00:00,2025-11-01T10:57:50+00:00,265
a1ec2b9c81ba366ae50986c3266ac33ef66b9a9448da48299a42fe28dbc6b62e,2025-11-01T10:57:46.377919+00:00,2025-11-01T10:57:50+00:00,265
13b308d7e87049125a6044b08f998a57cb8c43ca155557ab11dc9f0fc1e1f864,2025-11-01T10:57:46.509814+00:00,2025-11-01T10:57:50+00:00,265
e0dbbae4844279c5275a791e5092fbf45a6c8317b38953c40f9ec657439144dd,2025-11-01T10:57:46.640654+00:00,2025-11-01T10:57:50+00:00,265
80c9c7e54828ef83ee59a1676d92345d750da5ba3e1d60cc8c914310ad95d2db,2025-11-01T10:57:46.768741+00:00,2025-11-01T10:57:50+00:00,265
9df02b7686dac5014eb81edec42583e80b0af1afb76d9d89283b965b80cbcfd0,2025-11-01T10:57:46.897761+00:00,2025-11-01T10:57:55+00:00,266
4e39cb9ca1756e879fce83ba24d42fb6356ae761a2e7a964ba1fd530d2754bcb,2025-11-01T10:57:47.028696+00:00,2025-11-01T10:57:55+00:00,266
3cef5cefd913423bbcc24f0f547671be3e70a6fc84cc58441a05fbf405f0ff9d,2025-11-01T10:57:47.159891+00:00,2025-11-01T10:57:55+00:00,266
a366508b10c143bb8b2ff1984143c733878f3ae94930b9a38f1693e4e260d963,2025-11-01T10:57:47.288267+00:00,2025-11-01T10:57:55+00:00,266
668a44dfb791331e1fca72b860e85f5b468e915d3767fad54a1e3855ba40ad4d,2025-11-01T10:57:47.418741+00:00,2025-11-01T10:57:55+00:00,266
02da5521014e00c1b59b4ed43aa77be7cc24c71417217451a1fa509fb54b6ab1,2025-11-01T10:57:47.547336+00:00,2025-11-01T10:57:55+00:00,266
7884f0c938acb697b02a3484e2ced63c8a39e556770aec80a3f94cd16730ac06,2025-11-01T10:57:47.679399+00:00,2025-11-01T10:57:55+00:00,266
2264d5d9c167df3ee0891c83c68b14f08c47509906631b5e403e5f67dc59d8a9,2025-11-01T10:57:47.814625+00:00,2025-11-01T10:57:55+00:00,266
23eca34d0e80df6d6301319e38610d128fee911c54602531055381396f3ff133,2025-11-01T10:57:47.948164+00:00,2025-11-01T10:57:55+00:00,266
606222c01397e1c41e0f6ff8f3f99ee70b527bc3b015863dc7703371a74e9240,2025-11-01T10:57:48.084339+00:00,2025-11-01T10:57:55+00:00,266
ef779d36649f0f2ef6f47da4ef416a9eb478ff380e1c64306432501ce866c8fd,2025-11-01T10:57:48.220432+00:00,2025-11-01T10:57:55+00:00,266
b1cd6e27a3e835d75fe2f47ec9f1e809805d97f9c2bd4755eba79f3edb7bcaab,2025-11-01T10:57:48.358195+00:00,2025-11-01T10:57:55+00:00,266
426cccc95b6ff6439f92b9587bcf62281b8d825dd898c2caa0e5f533911c3924,2025-11-01T10:57:48.490801+00:00,2025-11-01T10:57:55+00:00,266
135fd64775ca184746d9f3c29bcdb56cce71e78f014c0f9a60a616c15da0639e,2025-11-01T10:57:48.628360+00:00,2025-11-01T10:57:55+00:00,266
c65f799be2697571d550865f0baecba8883c89f7b44a5ba29c9aaf76abd86599,2025-11-01T10:57:48.765306+00:00,2025-11-01T10:57:55+00:00,266
31b86c8572b79caf546bd447bc36a64b0f97b7eccf20f8e2d224cabebab22519,2025-11-01T10:57:48.901244+00:00,2025-11-01T10:57:55+00:00,266
7bf95b5909f818b23406c9ec39d5fc492e069846079c3a547b0a615eaedf017c,2025-11-01T10:57:49.034092+00:00,2025-11-01T10:57:55+00:00,266
0063f5b8f2bcef70b917dcacd048a4e497214c91f42313c4b3d8e10f68a7a266,2025-11-01T10:57:49.169220+00:00,2025-11-01T10:57:55+00:00,266
3693b339ce953779e64f5b150627031c3b0fffd5e3e9043803110a99bbadd348,2025-11-01T10:57:49.305950+00:00,2025-11-01T10:57:55+00:00,266
65e9c1d16e2f0da65982b02f78b36a3ad4a15c3fc785fa728abb3aab103a947b,2025-11-01T10:57:49.439940+00:00,2025-11-01T10:57:55+00:00,266
f89f92db075dd8882c27bc6575cd25bd74a80fdf44e73da4e2f0e79fa6cd4f15,2025-11-01T10:57:49.570280+00:00,2025-11-01T10:57:55+00:00,266
111b2fd8f3568545ea6f24d15daf052768e439fc898b0a73dc2ea6c200006de7,2025-11-01T10:57:49.706183+00:00,2025-11-01T10:57:55+00:00,266
818c90109f25a1e77474023d9e220f28398c3555e91f0fd1994b3e577f6392e2,2025-11-01T10:57:49.841245+00:00,2025-11-01T10:57:55+00:00,266
b1310dc799237130fda466d678428a8d9eeb431b83f6921badd46c67e35c1650,2025-11-01T10:57:49.975442+00:00,2025-11-01T10:57:55+00:00,266
c13bd80ecb2e218ec3c05aa7337c13f6cf5dd4475801227bfb03c2a4544f4201,2025-11-01T10:57:50.109160+00:00,2025-11-01T10:57:55+00:00,266
f2e2b0bf4f9c3073d4773c5ae1180d0b61bb45aa7646379af8ab302cd14a62dd,2025-11-01T10:57:50.246967+00:00,2025-11-01T10:57:55+00:00,266
a228a9213c7ee6d598228f574bae3ad044c2b1c68c12d08840de95698fb2d4a5,2025-11-01T10:57:50.420892+00:00,2025-11-01T10:57:55+00:00,266
505e29857e531c7069fe70a7b4d952a2f53747b372c2ba6cefbee3d6a4cdac51,2025-11-01T10:57:50.551258+00:00,2025-11-01T10:57:55+00:00,266
1c6861e09aeee3e423000dd1a03413cd831d42b71311a9c78a3dd8365ef465e4,2025-11-01T10:57:50.683662+00:00,2025-11-01T10:57:55+00:00,266
a66ba6223e4309aca2d862a5c3ff676696564c9719d65345df149381446b8618,2025-11-01T10:57:50.817276+00:00,2025-11-01T10:57:55+00:00,266
d14079703a56c4355d20f034a5e5746ab9de25adb8f3c10ba5a1ce5d9545f017,2025-11-01T10:57:50.951803+00:00,2025-11-01T10:57:55+00:00,266
aaad4fd610da5d7ccad78c403e2d322d9d40d4e455ec926569fb1ad500c0f5e9,2025-11-01T10:57:51.093692+00:00,2025-11-01T10:57:55+00:00,266
7f97e3b8ebca9d0c68c76ac8f542710d4930fa88f7a36dcf37e14204e1816b80,2025-11-01T10:57:51.223751+00:00,2025-11-01T10:57:55+00:00,266
f6e596e9a545c430d41b46873f2e46076f7a80cd7ea0f8126c218c4a0aa0415f,2025-11-01T10:57:51.355459+00:00,2025-11-01T10:57:55+00:00,266
67c8980d2c99344414961d174090287238426356126ea2ab4aaba81cc6301fd4,2025-11-01T10:57:51.490358+00:00,2025-11-01T10:57:55+00:00,266
ea7e9e6a9db8b7d1ba74272970ca047fd8b62da641b78e2869698aef393de981,2025-11-01T10:57:51.626147+00:00,2025-11-01T10:57:55+00:00,266
76cf197d1cda4551ee0ad8b20e55e0970f6956578402a3fb8849712dee10f50f,2025-11-01T10:57:51.760662+00:00,2025-11-01T10:57:55+00:00,266
0c9712ba7ced3007b11048a57d48148378d383a155a41db0eb1099ebf3f5a1bd,2025-11-01T10:57:51.895603+00:00,2025-11-01T10:57:55+00:00,266
195c43353b512d2b70a36ff44ba10a9eec032a1b6e59e033b5fee559e7334a3b,2025-11-01T10:57:52.027827+00:00,2025-11-01T10:57:55+00:00,266
830c5460e43dcfd183b7b7b598249663c4e6c823496b96b92ec7566be32d1ad4,2025-11-01T10:57:52.165835+00:00,2025-11-01T10:57:55+00:00,266
da3a01241e81562ffb8ad801f855404a42ed542ad03cbb12583318ad28465e57,2025-11-01T10:57:52.303923+00:00,2025-11-01T10:58:00+00:00,267
7ea8de213820e29c7322cb245a7f21aec3a5fc662bbdeebd5b32b21e420d3657,2025-11-01T10:57:52.446120+00:00,2025-11-01T10:58:00+00:00,267
4334a6e361c9697fe46adf3f7d6e51bb788beacc97e4e296bdb29c60e63a3626,2025-11-01T10:57:52.578675+00:00,2025-11-01T10:58:00+00:00,267
ad6cccd400854556acdbbdf832344d16e44442adaf4959828e1b62b226a1ef78,2025-11-01T10:57:52.712254+00:00,2025-11-01T10:58:00+00:00,267
eaacbb4d54a0cd63ebc86bbedff496d412dec936930c728bb9572979c61527be,2025-11-01T10:57:52.844414+00:00,2025-11-01T10:58:00+00:00,267
6ad268319c1f904f16c23657fd39cf6d4b9b735b2c5b02e9c6677d20a6cc5c79,2025-11-01T10:57:52.985040+00:00,2025-11-01T10:58:00+00:00,267
c2a526c91ef7ec2340fcae67ed00d9433855a99f2ead122e0b6cb2898dafc72c,2025-11-01T10:57:53.238717+00:00,2025-11-01T10:58:00+00:00,267
13003d7e669eb108940ad658a7ed0149507ad2232cf5daddd809e86d934e1349,2025-11-01T10:57:53.368865+00:00,2025-11-01T10:58:00+00:00,267
93d0ab3680649520196245385e9d9202a7015d9c43d5af2f80a8fb6d4654d27f,2025-11-01T10:57:53.502431+00:00,2025-11-01T10:58:00+00:00,267
0a467d834092bac78d2456d18baa1901e1097365f4444d563f0f4d18fb1b174b,2025-11-01T10:57:53.642530+00:00,2025-11-01T10:58:00+00:00,267
36d1610aef7b1bdd6152e004a6e7035a0e879f2b0450877f75148fbbea1f1dcf,2025-11-01T10:57:53.780783+00:00,2025-11-01T10:58:00+00:00,267
0971fed77cae77e1e86b8a0c845f9c80d4dbba9d91371011959f6b8627ff2799,2025-11-01T10:57:53.917369+00:00,2025-11-01T10:58:00+00:00,267
da6f2b1efb59d6dc2b2d9806e725489713e179d17234349a837eedda457ce54c,2025-11-01T10:57:54.052503+00:00,2025-11-01T10:58:00+00:00,267
b79eaa4f169d7664e1734d667d48787fe9991322668eda921b4f8bcb22f1e534,2025-11-01T10:57:54.193405+00:00,2025-11-01T10:58:00+00:00,267
c776e8e6459c64e4ad29ced6cc806d8da07246a3011c126b12204696c4af7f50,2025-11-01T10:57:54.325151+00:00,2025-11-01T10:58:00+00:00,267
baa39f43b381446c5202016d585f78727ff691417b200860970a0b525eb5c9f2,2025-11-01T10:57:54.458269+00:00,2025-11-01T10:58:00+00:00,267
cd679496247aacb082aaad2779c076df57884b1ad16936f91ef3450d9119911d,2025-11-01T10:57:54.593557+00:00,2025-11-01T10:58:00+00:00,267
9b8ade456129d5d6760937e92df86739ed2efa26884dc3a569aa8240f4562e7c,2025-11-01T10:57:54.727922+00:00,2025-11-01T10:58:00+00:00,267
27d97e983b17a454a8734f63afadcf9217ee2cd4839fa33079086ca1532f08b1,2025-11-01T10:57:54.863284+00:00,2025-11-01T10:58:00+00:00,267
7c9b08dd8c098ad999ddb418a8c1898fe747d300d7100c80a10f9b0f015767f8,2025-11-01T10:57:55.001811+00:00,2025-11-01T10:58:00+00:00,267
cf15496d514618d56e0b873245be929fa10cce8aaf2c038c6ad6c35658673efb,2025-11-01T10:57:55.139427+00:00,2025-11-01T10:58:00+00:00,267
404d5c0719f9a1266fb426661b0487ede933400505e1ba57cf87416c721e2021,2025-11-01T10:57:55.278738+00:00,2025-11-01T10:58:00+00:00,267
53a542a73426217dc5a7323b8fc14b551325728e0cad6aef2243a254c450b3b6,2025-11-01T10:57:55.497561+00:00,2025-11-01T10:58:00+00:00,267
9fe7b5c46fc0a8c635a34119fb8d1d158544e12a23e0c6dcb41793ae1f6d3d78,2025-11-01T10:57:55.628576+00:00,2025-11-01T10:58:00+00:00,267
3ddfdb77aaf47e16f6455e3af2c9d641a2adf8b2147cdb85a4dae2a1bbe9848c,2025-11-01T10:57:55.762978+00:00,2025-11-01T10:58:00+00:00,267
3059dd6357e1f8765a6b9f1e23b9958ebe6af7f60f8508ece3853dc12a9c8dd6,2025-11-01T10:57:55.903256+00:00,2025-11-01T10:58:00+00:00,267
50f92a888c8743bfc06b6678729137b09f03d885459b16ed156bf9664efa4574,2025-11-01T10:57:56.034960+00:00,2025-11-01T10:58:00+00:00,267
c8308c1bc5b11327576cbf6ecff4af234c7306e1f3e73482ba3201e4266f0b2c,2025-11-01T10:57:56.170840+00:00,2025-11-01T10:58:00+00:00,267
ed6a86ccdeb9c79ae7530df4457e41647a07ae01bcb0de46304fe9415c73a21d,2025-11-01T10:57:56.307597+00:00,2025-11-01T10:58:00+00:00,267
e625983b8f195e48d875f7402f288be504fe2b08b857320793a439d96f24111d,2025-11-01T10:57:56.441922+00:00,2025-11-01T10:58:00+00:00,267
a45db93f9f2a7697cf690ec8872c8b8908573061b156103a545395938a0808e6,2025-11-01T10:57:56.577238+00:00,2025-11-01T10:58:00+00:00,267
5e20933b87b69f57e757ddd400dbf7def952b430cceff092444ad7b1ddc745ff,2025-11-01T10:57:56.712156+00:00,2025-11-01T10:58:00+00:00,267
470129627ad05d2e8d1185e5ec592db27491e9ebaa3b0a94472a3b5c55422381,2025-11-01T10:57:56.846546+00:00,2025-11-01T10:58:00+00:00,267
eec84b0de0e351d12e47a694cce15bfbdcb918980e3b66dfe7546e8e313d7d36,2025-11-01T10:57:56.982518+00:00,2025-11-01T10:58:00+00:00,267
89f313a4acad32cd3196fc4d13330265075c3ca7303aa6040e4657266ab5b9c9,2025-11-01T10:57:57.118203+00:00,2025-11-01T10:58:00+00:00,267
69f66dd4b7d3d21a8ddf8aa33bfb24bbf74d177e3af22307e2e8344680389ade,2025-11-01T10:57:57.259840+00:00,2025-11-01T10:58:00+00:00,267
f0f3bfefe13fbbc10f33ad8246f1fa48d26ab704268093328554c807e953ef48,2025-11-01T10:57:57.395190+00:00,2025-11-01T10:58:05+00:00,268
77408493e3c1805e31e83e4dc237e9f2b0ea1e8a74a69ad39e2314ed9048a6fa,2025-11-01T10:57:57.533815+00:00,2025-11-01T10:58:05+00:00,268
d5f821cf9d5ea434c4b824fdc53aa9058304d46098d39094439a16b224b18ce1,2025-11-01T10:57:57.670819+00:00,2025-11-01T10:58:05+00:00,268
65bec376c0b6eb42a0f49ddbad218e5588f611381843d73643c22fbf2cead462,2025-11-01T10:57:57.806680+00:00,2025-11-01T10:58:05+00:00,268
e3724aff4c302fb5e1278e4e62091e4ded476c5bfeffd51413fcd65714e9b56d,2025-11-01T10:57:57.941810+00:00,2025-11-01T10:58:05+00:00,268
5f6f91697104a4486d064e4df9d6bb228862fa854f6f7e706dd80d80518e694d,2025-11-01T10:57:58.072734+00:00,2025-11-01T10:58:05+00:00,268
355fd16995c8d03ab383a7cd225111d2d14dea37ee886757d578cdc584c088c5,2025-11-01T10:57:58.206731+00:00,2025-11-01T10:58:05+00:00,268
26e9077c48e7c362f6f89cd8b8fdc2c812c13aad4596339b5a527287d23ad230,2025-11-01T10:57:58.342347+00:00,2025-11-01T10:58:05+00:00,268
9cc1a18c3dfcf712c56b87fdd45f304e4801c2a94bbc3b294629efd865edf83e,2025-11-01T10:57:58.477326+00:00,2025-11-01T10:58:05+00:00,268
6f95d2c100afa929959c31a9a0fa30561c516bd2e42916ae1c012f7abc347824,2025-11-01T10:57:58.612419+00:00,2025-11-01T10:58:05+00:00,268
065e3a773ec18c617b0ad603174d967f2a7afc03af88dee7ef8aa97822ee26a7,2025-11-01T10:57:58.748336+00:00,2025-11-01T10:58:05+00:00,268
bccc83ef2bddb19763ee23342dc1bd6e545868a20f05157753b2967c8a51735b,2025-11-01T10:57:58.883963+00:00,2025-11-01T10:58:05+00:00,268
dd30d1e4f01e470c0811284bfe55ee795cb33680ac9ac37f254306433933ce19,2025-11-01T10:57:59.023060+00:00,2025-11-01T10:58:05+00:00,268
ad0d6ec14f7287cb00bd1dd7411ccac060c54506e25bb86545a3e5753eba5337,2025-11-01T10:57:59.156170+00:00,2025-11-01T10:58:05+00:00,268
88ba57a7fd7352510189ffb29155689b5ce707d88763e3c6ed5af5523e8ff8dd,2025-11-01T10:57:59.289074+00:00,2025-11-01T10:58:05+00:00,268
425949b0e12690980e3595e491c71368d4926b8c5d36f278654b98a23e882e9e,2025-11-01T10:57:59.425007+00:00,2025-11-01T10:58:05+00:00,268
7e8af3596d8da61c5edf78abd3d7cdbb46ded4c61ce73afc0dc76721a9545311,2025-11-01T10:57:59.565336+00:00,2025-11-01T10:58:05+00:00,268
326274a3896a599cd95a2a19fb001746c9c3394965e4f94bafd1de5d19b5c6d5,2025-11-01T10:57:59.700448+00:00,2025-11-01T10:58:05+00:00,268
932855e193af2eea1e1127f6e9e9a4617fa23cb2ea70d26f077f29aa486e0f78,2025-11-01T10:57:59.852804+00:00,2025-11-01T10:58:05+00:00,268
4b5bb51437d53d9988141c624ca232414ef639a4c986c36c6577c41381bc3d5f,2025-11-01T10:57:59.991514+00:00,2025-11-01T10:58:05+00:00,268
2f0373dc24cd46833751398d697dc8e8112daae8f65e3af918d99fda8906b85c,2025-11-01T10:58:00.127183+00:00,2025-11-01T10:58:05+00:00,268
3594e1a99b40905eed76996f2dc88fd9a82ad1b12dccd832cd0ed6fc9d058c8d,2025-11-01T10:58:00.265264+00:00,2025-11-01T10:58:05+00:00,268
f92379d34d05c15b4dc4510569e91e0c2ec32a3ad9738089dab3a4a46d85f151,2025-11-01T10:58:00.405712+00:00,2025-11-01T10:58:05+00:00,268
ab8e1f8c5ab9ac2d23fb27196d574706cec5fdc24bd752881c067324132174bd,2025-11-01T10:58:00.592052+00:00,2025-11-01T10:58:05+00:00,268
4787f5fe74f8a54975b4fadf09e99032469aecfe67d0e313aa54913415c6be02,2025-11-01T10:58:00.726990+00:00,2025-11-01T10:58:05+00:00,268
7f8faf35e14c0dd8900926c4666a2f67a6fa4e69d507af161097acfb2470cbbb,2025-11-01T10:58:00.863761+00:00,2025-11-01T10:58:05+00:00,268
46bc08cffe1049d82cc1a6512762a169ba4d5786abdd16c39ba806a1cc41828a,2025-11-01T10:58:00.999218+00:00,2025-11-01T10:58:05+00:00,268
33e183c3b88ea5e395c218c7096ecdafde43d36c25ecf68eabda979d6f50d411,2025-11-01T10:58:01.132840+00:00,2025-11-01T10:58:05+00:00,268
3b9a5ea38c179cfa16b9134e4b876b5f229a460779738b84d913d96c5e79328d,2025-11-01T10:58:01.268426+00:00,2025-11-01T10:58:05+00:00,268
5eaa32b14fb4f47326d77d368ee17d3fc8a8686776efd5131e7c9dc2714f042b,2025-11-01T10:58:01.405367+00:00,2025-11-01T10:58:05+00:00,268
07c2efe1f47178c69cb28ad9950ee7d9eb91163a8a8a802a8a7c6a0314f15985,2025-11-01T10:58:01.541076+00:00,2025-11-01T10:58:05+00:00,268
d9fc9b696726a5c9ee6704f9374b0e8cfa837f387ae2537a9779dddd1dbcf514,2025-11-01T10:58:01.675592+00:00,2025-11-01T10:58:05+00:00,268
c16c29fb2837dd30b9406b44956d669636cd08ba8507fec66a91556864f52fd5,2025-11-01T10:58:01.812751+00:00,2025-11-01T10:58:05+00:00,268
0648393ae822a4b43cd473262a5559b4affad82be8ec0c31e0db30eeff1afc2a,2025-11-01T10:58:01.949772+00:00,2025-11-01T10:58:05+00:00,268
8fe3cf66b4300b210f9d6c55e5fb3a454c05648ac0b7c1ba166329e0f4a019f6,2025-11-01T10:58:02.090225+00:00,2025-11-01T10:58:05+00:00,268
8f8436d18a2b82d1d4000ee3675fce18fd209fa748ed38bf4a56913430173247,2025-11-01T10:58:02.226604+00:00,2025-11-01T10:58:05+00:00,268
714a15d3821c8401f241b1d3229885f19803463792389192de669a0c52bad2c4,2025-11-01T10:58:02.364342+00:00,2025-11-01T10:58:05+00:00,268
d4ad760df8489c70edc9a130e9a06e93b3bac29de61d6604b604e0a8fafe208e,2025-11-01T10:58:02.497060+00:00,2025-11-01T10:58:05+00:00,268
c45471b270e1091059b614dd3804ebabcb0e07062e5bdf0f818bc5be780108c9,2025-11-01T10:58:02.630377+00:00,2025-11-01T10:58:05+00:00,268
a6621eaf4c607c6ce6fe1c7bde7f8fa3077019c6859db575b05897b70d93a021,2025-11-01T10:58:02.764062+00:00,2025-11-01T10:58:10+00:00,269
340ba7d25c881af61d122cf3d5981f6d4a8d4dc2b048993537feeb710d555d3c,2025-11-01T10:58:02.896942+00:00,2025-11-01T10:58:10+00:00,269
7504582f1c6efe4f31060460b731b3b9a8d76f2e1bbc214cb402165bfdf1db75,2025-11-01T10:58:03.037914+00:00,2025-11-01T10:58:10+00:00,269
9280c0a61da9ff0a00dfee10807abf2d02dfce7b8637d5b04e379cc31383f5d9,2025-11-01T10:58:03.176865+00:00,2025-11-01T10:58:10+00:00,269
0072dbf32bd95c787803d91b651cbfe4e5361c212302973efeb40cbeaefc23cd,2025-11-01T10:58:03.316548+00:00,2025-11-01T10:58:10+00:00,269
d4e3d19be02159833ce2dd149eab6a6cfb608957ff059be25f3e781d42855fce,2025-11-01T10:58:03.452378+00:00,2025-11-01T10:58:10+00:00,269
fb9bcf63bb62a80f55d42ab2450a7072be2530cadf900dceebfd4c69bd8222e5,2025-11-01T10:58:03.588562+00:00,2025-11-01T10:58:10+00:00,269
d5a9869c11240c350f4b4744d304c8859c52a125e3d90ff56d80ead11fac883e,2025-11-01T10:58:03.726159+00:00,2025-11-01T10:58:10+00:00,269
b417ec3425e495f5500853b8546436953a98c402d345dca54c261722574a9f14,2025-11-01T10:58:03.868347+00:00,2025-11-01T10:58:10+00:00,269
a3c75f6bc52a018ead2a8795a4e330ac2fb4984b8d73cee4fb282d2e96e25ecf,2025-11-01T10:58:04.003316+00:00,2025-11-01T10:58:10+00:00,269
e5328d7478ae0b91d274201517450d3884752a2045a0624066e733422ba7c43f,2025-11-01T10:58:04.136286+00:00,2025-11-01T10:58:10+00:00,269
4ba6480476024b1e270ffcb0ce0b283ce8b60b566a2bc99870e404f1dc5ebedd,2025-11-01T10:58:04.275097+00:00,2025-11-01T10:58:10+00:00,269
1dad5aadceadcc3f366a73918aac050677f121b84d049271157995cc557a64cf,2025-11-01T10:58:04.414937+00:00,2025-11-01T10:58:10+00:00,269
bb45622c363baa64aac10ba6e43b3391b38e305ae227c0719618e5c43047869a,2025-11-01T10:58:04.551044+00:00,2025-11-01T10:58:10+00:00,269
0c95d5d072b3f2160cde5e9063b50ac97803d8f28e1548d8ea68cd14e2453964,2025-11-01T10:58:04.686563+00:00,2025-11-01T10:58:10+00:00,269
30c7efc6bf6820e51b49e5aebbac26b2d4e0f3642bd199a5909f67b0dff751a7,2025-11-01T10:58:04.822145+00:00,2025-11-01T10:58:10+00:00,269
780b07c6f7a738dd653eace6c73b7c356b90c3d098d6f2e615fe709d74850403,2025-11-01T10:58:04.954534+00:00,2025-11-01T10:58:10+00:00,269
9312b894678c3361062ed8ac70309eae66ecabdb3b63a7b61253f237812974d4,2025-11-01T10:58:05.091806+00:00,2025-11-01T10:58:10+00:00,269
323f2a807689ec702d404504ef69d144566002f1f6d2c8c622b1c116a52ba7d1,2025-11-01T10:58:05.230599+00:00,2025-11-01T10:58:10+00:00,269
f2090b142c239cc44017dc9a408ee00c310ca528a4318a66de670d30fc13896d,2025-11-01T10:58:05.371795+00:00,2025-11-01T10:58:10+00:00,269
effbd14e1c885ab9e64592fc514de7b5e8d4394126638d130eb09f606d97b610,2025-11-01T10:58:05.505010+00:00,2025-11-01T10:58:10+00:00,269
7c42754a21486b5b109590965fe5373956a5b53128022e426ab7486a4b979ce4,2025-11-01T10:58:05.702273+00:00,2025-11-01T10:58:10+00:00,269
e6fcea3e455bb190b6e2567a53acee0a51bcd6393da85b2042862b525f29a2a8,2025-11-01T10:58:05.833353+00:00,2025-11-01T10:58:10+00:00,269
40529a5435bb4b83f3bde1c6cbf27068c4d1dcbe84169670429479e432fa1bd2,2025-11-01T10:58:05.967997+00:00,2025-11-01T10:58:10+00:00,269
03fcc4475578a9bdfb630af07ad00a0225c1f9a29edb99714d8757cd31cf5b46,2025-11-01T10:58:06.103450+00:00,2025-11-01T10:58:10+00:00,269
9b3c6641dbe698fa61557344b947be81a2d34fbd5039a1d98c81da2398e56662,2025-11-01T10:58:06.237744+00:00,2025-11-01T10:58:10+00:00,269
a6e772b8480b912e9118d611a719b4c61b8c951ab2fa2aa7772bbcff0fc7c663,2025-11-01T10:58:06.372423+00:00,2025-11-01T10:58:10+00:00,269
05432bfc6eebadca1a78f8189d1fc13d49ba0a43375f145b5117a2c60f016934,2025-11-01T10:58:06.505457+00:00,2025-11-01T10:58:10+00:00,269
d062b47c7a0de60e4e9192354f3628cba82e50f8ca4fd5a96e60f72c3ba40d09,2025-11-01T10:58:06.642587+00:00,2025-11-01T10:58:10+00:00,269
42c5e3deeb7c685000f1d788b2fc4b3475c04374bd2fc728d1735c2c2086673a,2025-11-01T10:58:06.774778+00:00,2025-11-01T10:58:10+00:00,269
0ae90f6e11eb90b198b5e4f62b94767a7937ab617b304650e108bf8f64db35b9,2025-11-01T10:58:06.909150+00:00,2025-11-01T10:58:10+00:00,269
b6de581a374e0cfcad555bc955d7c3891f636daff7fc337d3244b2d247b5b81c,2025-11-01T10:58:07.043269+00:00,2025-11-01T10:58:10+00:00,269
358ea8e76e98f592098b9cc84f513fb1e06524124dfd6d15f186fe414774702a,2025-11-01T10:58:07.178824+00:00,2025-11-01T10:58:10+00:00,269
89b35dcd5ab87b1de46ef5fc7f7e5602e12bb5857270f804e7cd274a85e5be89,2025-11-01T10:58:07.305235+00:00,2025-11-01T10:58:10+00:00,269
067af670af054e741d42615d23deba7c1b4e52611dee7ba1a07c91faa911fbed,2025-11-01T10:58:07.436377+00:00,2025-11-01T10:58:10+00:00,269
f53ba2d848a58f77005562ddfe9f90dac455e8eb3161c75c37bf1cc68a63ff89,2025-11-01T10:58:07.564828+00:00,2025-11-01T10:58:10+00:00,269
0a16050f939188d7876d9b6bef14c9fb5ce358d1336092a2e1f71097b23ee307,2025-11-01T10:58:07.693661+00:00,2025-11-01T10:58:10+00:00,269
5e1b35ace33601a6e8d6e48b2abaddfe5155df426c806e28810249584db69345,2025-11-01T10:58:07.827911+00:00,2025-11-01T10:58:10+00:00,269
07b898752b3928a9d70877ea866642f9a62bcde0becaf44fd6783b65c4e3b40e,2025-11-01T10:58:07.966200+00:00,2025-11-01T10:58:10+00:00,269
ff27874370853bc15fc238de672a1c38ae24369b55caf11243d1a0f65494633c,2025-11-01T10:58:08.101500+00:00,2025-11-01T10:58:10+00:00,269
3d97dc1a567dce8d6b836b92bc9c3bfc03ebedddef5a3eabce02d3a7380409d7,2025-11-01T10:58:08.241645+00:00,2025-11-01T10:58:10+00:00,269
27096389228d5f86c9734f2ec1296cb298795c658f70ccd0a3f7f88e4b97c91b,2025-11-01T10:58:08.382612+00:00,2025-11-01T10:58:10+00:00,269
319cafde59ab2ad23112d397584e2a1a4f4dad3acbdd64dae63162ee9b8b23a5,2025-11-01T10:58:08.523224+00:00,2025-11-01T10:58:15+00:00,270
70567b8232563a816c963b4798e34993e8020172d239d3a033d5ae3ad86b8bc7,2025-11-01T10:58:08.656479+00:00,2025-11-01T10:58:15+00:00,270
a3c378a731c1c9a2ece194711a61fdfd315f010c3914d837173a1d67d7403f5f,2025-11-01T10:58:08.793085+00:00,2025-11-01T10:58:15+00:00,270
7ad3e9644425d3199591bf715dedac34d8cceec101b6d2b8a95c9aa269ae8522,2025-11-01T10:58:08.932599+00:00,2025-11-01T10:58:15+00:00,270
485367ad0f9af02dabd210152a72a09c150cb442393558e97ef85f524ac57314,2025-11-01T10:58:09.071091+00:00,2025-11-01T10:58:15+00:00,270
a01a5dad0e7f8d7f5f00cae900899d114da7b92684b9b554159f0769212af9c6,2025-11-01T10:58:09.204628+00:00,2025-11-01T10:58:15+00:00,270
17e243bb4281f5230b37f9def173597ae8a03b964734bb78a66bae26fe6be4a3,2025-11-01T10:58:09.348461+00:00,2025-11-01T10:58:15+00:00,270
9b436b800118d7d72906086eb1961541786a629078374e45ce171a427e3df317,2025-11-01T10:58:09.487397+00:00,2025-11-01T10:58:15+00:00,270
a7cdee7af12912505af7a03233ba1d4ecf6fe895ec560b5b51f4576592c4e38b,2025-11-01T10:58:09.624991+00:00,2025-11-01T10:58:15+00:00,270
fb0c4d6cc4c929b88500fb24ce07afc063b00483ae1dcabe9e03742e39cd1a8d,2025-11-01T10:58:09.761092+00:00,2025-11-01T10:58:15+00:00,270
9a12dd0207103b1811beb0d45f614a6adc6d2e7636abb83f562e1210bcb13c40,2025-11-01T10:58:09.893657+00:00,2025-11-01T10:58:15+00:00,270
1f91085b2a8a4e1773fe06dc85a5aa6c312d2482b3ed25967a4ca3c30b4f09ef,2025-11-01T10:58:10.032340+00:00,2025-11-01T10:58:15+00:00,270
e7664a50d30a7ae53adef629f4d812d8ae2a0dff2c745093e42ba30c195c676c,2025-11-01T10:58:10.163079+00:00,2025-11-01T10:58:15+00:00,270
4850954fd9f8a408fff39ba54d2c4408293e9034fab152735f09332852f1922e,2025-11-01T10:58:10.294416+00:00,2025-11-01T10:58:15+00:00,270
680a4a44cae70789d821837db0a6f539a732e170de8a40b43bcdd2067c2d7030,2025-11-01T10:58:10.433557+00:00,2025-11-01T10:58:15+00:00,270
b933e2a92902742a6f2bf47505f719707057a2661f6eda90d03c68313d31ddb6,2025-11-01T10:58:10.563935+00:00,2025-11-01T10:58:15+00:00,270
7c45613175d4f07129503053b1be385c95391ebdabbd3781dcaba3b6a88c6406,2025-11-01T10:58:10.931501+00:00,2025-11-01T10:58:15+00:00,270
58462c7c8a0430a8155190a9fe6823cf36f7dea0caac20fe3da67cfb929a31d2,2025-11-01T10:58:11.074026+00:00,2025-11-01T10:58:15+00:00,270
518987916b6484490bad3852d32a78563bc0e42b183b40121e535956420420f0,2025-11-01T10:58:11.206803+00:00,2025-11-01T10:58:15+00:00,270
98b5b5851ca47c1163d278f37509813c7a61bd8e454f671cb7fb551c6731656f,2025-11-01T10:58:11.343222+00:00,2025-11-01T10:58:15+00:00,270
649ec81d284fffb256b34c41dee72c24fd94cbed9c9d8248a3696565ee7233de,2025-11-01T10:58:11.481591+00:00,2025-11-01T10:58:15+00:00,270
178aa348294016511153bc1be2fad56712934cb66e3173a969583a52b1b75742,2025-11-01T10:58:11.620673+00:00,2025-11-01T10:58:15+00:00,270
1a35117d29e1109d310612c3b6ed64ba98129b8af4944f53e34a510833b7694a,2025-11-01T10:58:11.752475+00:00,2025-11-01T10:58:15+00:00,270
d0496e5f35be5a5bbc0dbc9246eb64314e31a98c762afd48f8418f71c8253dc1,2025-11-01T10:58:11.893430+00:00,2025-11-01T10:58:15+00:00,270
a9344a2afe958b9b3f5ce49fe0d92030710ed90a61c681c53a37c36fd02812e1,2025-11-01T10:58:12.034687+00:00,2025-11-01T10:58:15+00:00,270
47e180dbad1d0e3b7406a291e63f70f3d3101f65a0dc4db366ea488c9ceea601,2025-11-01T10:58:12.172880+00:00,2025-11-01T10:58:15+00:00,270
0db0eff38a5fafee11ec1aceedfc4294fd45dee9f79aac5dc18618454a7f4e99,2025-11-01T10:58:12.306111+00:00,2025-11-01T10:58:15+00:00,270
2c27322966a3ed99b3d95e689e4ce862ac91688d19f04e348ddff175847b7861,2025-11-01T10:58:12.444132+00:00,2025-11-01T10:58:15+00:00,270
cd5248420a06e5dc814fd593f1f8885e705f6bc6720b22eae47019c52b1ca033,2025-11-01T10:58:12.583143+00:00,2025-11-01T10:58:15+00:00,270
ce2ef5c22ef92d9b99b5dd6646255bfc3cc36dbd1f4120c8aacc4ab1e53bb399,2025-11-01T10:58:12.724202+00:00,2025-11-01T10:58:25+00:00,272
c3b3d68a5cf1c6964c8f674e6e99861ea54a6a8628b841ca15c11c45b7d279bf,2025-11-01T10:58:12.871041+00:00,2025-11-01T10:58:25+00:00,272
61b2039fdaa845ac4c9c983b4cf24ed3935940bdbbfbf7170983e4c74aed93e5,2025-11-01T10:58:13.086733+00:00,2025-11-01T10:58:25+00:00,272
9e931bd58e4eae2f04a671eb77eb520917655c6c0e988be8648c545fb072a3b8,2025-11-01T10:58:13.218793+00:00,2025-11-01T10:58:25+00:00,272
dea5c0e73f475e5a1f6c707e810a243605dd6c341fe475cbbb949a6bf4c974e6,2025-11-01T10:58:13.355899+00:00,2025-11-01T10:58:25+00:00,272
15932726d2a181f87a5ed1342d86b99361f0d2204b18d8d6e4847bc25d5b8395,2025-11-01T10:58:13.491904+00:00,2025-11-01T10:58:25+00:00,272
550e039c245ff7703d807d2de93053c747c40c8777f88068fab04da6845efe40,2025-11-01T10:58:13.624728+00:00,2025-11-01T10:58:25+00:00,272
a8b87ac9343a8e58336390857d9606e447d2a7fe974cc99b79bf0a28f0d8c55c,2025-11-01T10:58:13.762444+00:00,2025-11-01T10:58:25+00:00,272
2a9ba4d4d9f9e0bd23907d7562839763a2149593bb3fdfaf405e8fdcbecd87c3,2025-11-01T10:58:13.898950+00:00,2025-11-01T10:58:25+00:00,272
cdfa6d867dd63670c91db7a70081838770415166cf1c1e1fb7fa72b36707b046,2025-11-01T10:58:14.033147+00:00,2025-11-01T10:58:25+00:00,272
b8907e1e972e533bbe8a108aea9f4f94ac1331bbcd07de3d3f093640d6d811a7,2025-11-01T10:58:14.169858+00:00,2025-11-01T10:58:25+00:00,272
ba002631005bfc1042639fabf56d2a6497d6b187de45f5f01e8174fe2a410d38,2025-11-01T10:58:14.304938+00:00,2025-11-01T10:58:25+00:00,272
4cfb11db60185878f99fa09115a1fb1541452a9f7e661fdb7c491eae65672f43,2025-11-01T10:58:14.442925+00:00,2025-11-01T10:58:25+00:00,272
6a05d1d38ee56a1b6dabdefa28b6697d4614d2c607c5ee87c090dc34545f88f6,2025-11-01T10:58:14.579608+00:00,2025-11-01T10:58:25+00:00,272
5f5bb94a8c305378598cd123ba75fd4b37031fe53968e6d48a1c39d81d0d0863,2025-11-01T10:58:14.711792+00:00,2025-11-01T10:58:25+00:00,272
7a98c842b1d39379bec99b7a7be4ba259eadff98c45203aad9cc7deda0dbbe7d,2025-11-01T10:58:14.854588+00:00,2025-11-01T10:58:25+00:00,272
c26f5af6d414ad5e7a54ffdf1b70b2f59604d27e410e6034e9b34a329544355c,2025-11-01T10:58:14.994334+00:00,2025-11-01T10:58:25+00:00,272
ce3204ec7c109351d62ca4b11a38079b3cdbf3cf7aaa0ceabb324a8a52b87329,2025-11-01T10:58:15.133744+00:00,2025-11-01T10:58:25+00:00,272
5d201ba353dcbb34d13b7cc6c1bd802de54be2db15029bd8a541b96d2a1a4538,2025-11-01T10:58:15.272294+00:00,2025-11-01T10:58:25+00:00,272
dbe769bfe81957a61960e1cc83fe299bb28a983bab5398d5d091929e8bc2f74b,2025-11-01T10:58:15.411228+00:00,2025-11-01T10:58:25+00:00,272
a428c221d344a1357892d117fd506c4258c8804f2d709b6d9c82e99c61c3ddbc,2025-11-01T10:58:15.545113+00:00,2025-11-01T10:58:25+00:00,272
d3fc080745d02e859e016e300efe8d2e8226f8b8adabe08e4ebda3e73eab9f53,2025-11-01T10:58:15.684988+00:00,2025-11-01T10:58:25+00:00,272
01fb639110f9be47dac1208c761372bb5eaf030b2f24f7840cf29e42833eca88,2025-11-01T10:58:16.047026+00:00,2025-11-01T10:58:25+00:00,272
89721b812e59f706c3583bc747db5edebcddf88186ccb2b5a16612d5de0a8735,2025-11-01T10:58:16.181763+00:00,2025-11-01T10:58:25+00:00,272
cb7e2a4ececa36a3cf586f3f6b2c4ded2d7be2e53a609bb6f0e86675cb0d4177,2025-11-01T10:58:16.322943+00:00,2025-11-01T10:58:25+00:00,272
22955dbf945d9e5720e34b46905652ee37ea7a5a0b1e38369b79e887e504a207,2025-11-01T10:58:16.461841+00:00,2025-11-01T10:58:25+00:00,272
81798a15fd302358f700a31d5f643756b19d8644bcb78c998cf7298dac591c71,2025-11-01T10:58:16.597511+00:00,2025-11-01T10:58:25+00:00,272
590ce938712319d20105749350a8b53cd9a3578ad0d3d11fbb9bb7b6fcfac9bf,2025-11-01T10:58:16.737001+00:00,2025-11-01T10:58:25+00:00,272
acfdf1256ac2b483777db0e400a9a2856e0b7076dd0180512311f949f4a7e6f8,2025-11-01T10:58:17.131153+00:00,2025-11-01T10:58:25+00:00,272
2a9ce252b8fd5c6a8ac5cd53628ee08eb642789e51b96c0658a190955cf61939,2025-11-01T10:58:17.281625+00:00,2025-11-01T10:58:25+00:00,272
beea3bf57ee907fa7d5b538ed68e37bd9668eb5d8fd6a53a208ecb991af60695,2025-11-01T10:58:17.419930+00:00,2025-11-01T10:58:25+00:00,272
b717dc384c41fe8e7e4dafc623314cae5bcbb6037c6749c07119edcd2f4cd600,2025-11-01T10:58:17.557707+00:00,2025-11-01T10:58:25+00:00,272
57b3834b79e81d60672fa85c493c0f5abfde4fe4fb4c0edd8730d82befd27048,2025-11-01T10:58:17.700382+00:00,2025-11-01T10:58:25+00:00,272
16d321fbefabc5fd92a693d60c05cc901aabeb98b61ebc7e0fa5f6270b708154,2025-11-01T10:58:17.841935+00:00,2025-11-01T10:58:25+00:00,272
2c65e40c1026663531a0b686a7345ebcd4bf5abf3780f314602d73836d602e0a,2025-11-01T10:58:17.975154+00:00,2025-11-01T10:58:25+00:00,272
ff78dee8339ecff569fd75d3e9cf2aa6a7139b542c5b2766c3468fa42730e458,2025-11-01T10:58:18.103486+00:00,2025-11-01T10:58:25+00:00,272
988a750efbe4979e3bd76cf8da94cc927a64842500a22e073908ebb8b3b793ef,2025-11-01T10:58:18.236090+00:00,2025-11-01T10:58:25+00:00,272
40446556a15c91fd7ded8501bc4f00bbe34544ded5316c1eef560d181f066096,2025-11-01T10:58:18.369658+00:00,2025-11-01T10:58:25+00:00,272
411fb1f3fb39653e90e6c0a067bc2855f345774298069d986557a9e95011dd95,2025-11-01T10:58:18.606587+00:00,2025-11-01T10:58:25+00:00,272
d5cef5895650375b0e06d33a4c4b353cc0e96177603c91d531033855e348b126,2025-11-01T10:58:18.744266+00:00,2025-11-01T10:58:25+00:00,272
e755c6e4ebba4c1330f8cc3d1325125830db3f19ead2eb155246e303fe924a7b,2025-11-01T10:58:18.877259+00:00,2025-11-01T10:58:25+00:00,272
71987e1d3cae1c52bc51b1252e46fe912844a69d6f2284885a81d6f3ee18aadf,2025-11-01T10:58:19.007631+00:00,2025-11-01T10:58:25+00:00,272
9228688e5f552e4385c68d2930c853099189f9670553af04d7b9103a2a8f0521,2025-11-01T10:58:19.142864+00:00,2025-11-01T10:58:25+00:00,272
1e0ed41b36a4cea2b9752ff75000751d91519d532ba41aa208bf08ad4f09b140,2025-11-01T10:58:19.274966+00:00,2025-11-01T10:58:25+00:00,272
163d5d60185bf6b75f1423b142e246382661b7c55d4c85c8619cf6e0736170c1,2025-11-01T10:58:19.411867+00:00,2025-11-01T10:58:25+00:00,272
f98dfec7afc168e927c9d173e0a3a26cf4f0a3e7f6694e9d8d73baecff72cc76,2025-11-01T10:58:19.543557+00:00,2025-11-01T10:58:25+00:00,272
98f8bf9d527a000ca1501320a3a5be3c79bcc61a73a24cc14f5a43088ec00f64,2025-11-01T10:58:19.685058+00:00,2025-11-01T10:58:25+00:00,272
29456561e2e4b94470bdb6e91f245d751b1b47052ac8554a99a6198dd19a1647,2025-11-01T10:58:19.819828+00:00,2025-11-01T10:58:25+00:00,272
80c459c393cdff1037e671fb359a3260934963c35da4dac10da0e44763b46bd8,2025-11-01T10:58:19.951638+00:00,2025-11-01T10:58:25+00:00,272
7d34bd8d7b02d0eb7eaeefd0f592d72f4179e98227415e2d67f2b3e4ee35ac9c,2025-11-01T10:58:20.089866+00:00,2025-11-01T10:58:25+00:00,272
4be9c70d8a213d7bd14ac2f74491fd95e7d2dbeab5106e9bc983fa15149c0de6,2025-11-01T10:58:20.228590+00:00,2025-11-01T10:58:25+00:00,272
dff0557b3c4eec8f116a4b341ee2b05a57012a80820e608c67ac3c00046f6355,2025-11-01T10:58:20.362698+00:00,2025-11-01T10:58:30+00:00,273
0f9957c710cf4c3dbda8f2051c8934319412dd95aaa4a23fcec1e46a31d3f2dc,2025-11-01T10:58:20.500816+00:00,2025-11-01T10:58:30+00:00,273
74861255be2d42aab68385dc6191ea4401fc0bde58f15c5caaca65c3d6d2f9fc,2025-11-01T10:58:20.641100+00:00,2025-11-01T10:58:30+00:00,273
bd187529bdd3c1e734d79a9fccd1d6bbd667cf9612b1d0893f7fe0f5aef3cf49,2025-11-01T10:58:20.811521+00:00,2025-11-01T10:58:30+00:00,273
51179df5c5f02e5058ebd6a92e1c4ac4b7f389e60dd6c6ec2adf9a7b1ac6d2f3,2025-11-01T10:58:20.952415+00:00,2025-11-01T10:58:30+00:00,273
58009286a61133e588a786bad5c3b8f26facb6151b248687940528d14bccc5b0,2025-11-01T10:58:21.089976+00:00,2025-11-01T10:58:30+00:00,273
12d75819b799b76cdcda41d89ba4b397904d3b59a189cfcc91874a2da12ef9fc,2025-11-01T10:58:21.229164+00:00,2025-11-01T10:58:30+00:00,273
68fe99ce65fdd132431509eb457912c6562d4a571097118f17bdb948ef8cb725,2025-11-01T10:58:21.363329+00:00,2025-11-01T10:58:30+00:00,273
2e9a9f11d664d549f9073d60f631cc46daeda7622ab35f9f41c722eb4a8b2373,2025-11-01T10:58:21.498049+00:00,2025-11-01T10:58:30+00:00,273
0df20dd0d0fd4083c066c85e9e5ba11d3b32e3f425ff7eef9892a73709baedad,2025-11-01T10:58:21.638044+00:00,2025-11-01T10:58:30+00:00,273
9bdf47b0e3cacdb542e3a5cda0d185ba50784a15c8ceba488b4536cb762e5e9e,2025-11-01T10:58:21.790737+00:00,2025-11-01T10:58:30+00:00,273
7671e9a520dcd09145e33189b84dd10ced635bf054baea5171050e19deafff34,2025-11-01T10:58:21.944793+00:00,2025-11-01T10:58:30+00:00,273
5be764a3600502ac65b1a387ca9fe0108c1cceeae1abb71216e485e4172e2bdd,2025-11-01T10:58:22.090396+00:00,2025-11-01T10:58:30+00:00,273
136aa678445e1d2a343f44c75c898f85775e5de418dcfdd02076fbda3f02ea3f,2025-11-01T10:58:22.225017+00:00,2025-11-01T10:58:30+00:00,273
a82d469a179a7bd6f12c233177bfc24119ba2839a8bc8799d408dc72449f7a04,2025-11-01T10:58:22.360590+00:00,2025-11-01T10:58:30+00:00,273
79299d0d35bf4e74855ff82ce2e51cb6fc35be8005b2f76608df8d55fe32b414,2025-11-01T10:58:22.495863+00:00,2025-11-01T10:58:30+00:00,273
f42ba3385c1cbddea327b90f7440bf5842f52f091fc82104583ee314852dc592,2025-11-01T10:58:22.631019+00:00,2025-11-01T10:58:30+00:00,273
eaa2364d75a508399e7e90b2468bcfe67d92703563418d136d3756b1a1985799,2025-11-01T10:58:22.765441+00:00,2025-11-01T10:58:30+00:00,273
abab0ac5fcd4c9563ff6f3477536e48ffb61fe451a56cc5fabbbe10271cd534c,2025-11-01T10:58:22.897213+00:00,2025-11-01T10:58:30+00:00,273
f1d7f804c805c49aa2dee0ca4d2f15faeb72dad36a14ee083d07333105bc6ac3,2025-11-01T10:58:23.029000+00:00,2025-11-01T10:58:30+00:00,273
1dfca352ded1c2b40711376e960274f6390351dbdc0973bedca5bce9f8098663,2025-11-01T10:58:23.164452+00:00,2025-11-01T10:58:30+00:00,273
18acb0b6c339c305a682d41382a060237d693a6267899f79d0c0103964a82544,2025-11-01T10:58:23.298688+00:00,2025-11-01T10:58:30+00:00,273
a091a657444c4e657f7097c4014be84cd80655cae4400a4cd35745f3b48b3c8b,2025-11-01T10:58:23.428450+00:00,2025-11-01T10:58:30+00:00,273
914fb2d211106c27218d45caf5510f74b7df6a5ccf3954f6312a59ef66eac94f,2025-11-01T10:58:23.560823+00:00,2025-11-01T10:58:30+00:00,273
9edb3135a825ec04822266270b7784298153d5ee28abe376a40899ddd85e6a84,2025-11-01T10:58:23.697487+00:00,2025-11-01T10:58:30+00:00,273
68ff5598c0a5ec30ad51a39104a6ebec57f9fd23ebcb674f8a39b8ba6659ea73,2025-11-01T10:58:23.831965+00:00,2025-11-01T10:58:30+00:00,273
16b1f01384476d7b69820efac62fbc4f59d3276d5ba4943f9d2b340a4a30ac07,2025-11-01T10:58:23.966482+00:00,2025-11-01T10:58:30+00:00,273
f47141f0754ce5828b0e18543c9de00d45b262b006c98dbc121e15ea4dd64ff9,2025-11-01T10:58:24.097409+00:00,2025-11-01T10:58:30+00:00,273
a75e99349d982ba2dc715007aa1515124df1c1e859b701bd7dedc78ddae73de2,2025-11-01T10:58:24.230648+00:00,2025-11-01T10:58:30+00:00,273
3e64461199d8a2c237922dfdd34ba90eede8625167a80173c1df578f7ae4be52,2025-11-01T10:58:24.364583+00:00,2025-11-01T10:58:30+00:00,273
2e91f1b943e1372328969bfd963365d75795735bc92c51830009ad62efc29d9c,2025-11-01T10:58:24.497501+00:00,2025-11-01T10:58:30+00:00,273
94930eda7971847bb0278c3003875e4239cb828b9afcc796ad29fc79ac5be943,2025-11-01T10:58:24.630769+00:00,2025-11-01T10:58:30+00:00,273
afdf2c475f0cdd1be2bb739aa60f0da042d089b61b38e3eb782ea7560668663e,2025-11-01T10:58:24.760354+00:00,2025-11-01T10:58:30+00:00,273
f6f43e3519a7a5d775c3f14b0b3b63b34aaa09683a39a273dec377b71a1bc8bb,2025-11-01T10:58:24.895647+00:00,2025-11-01T10:58:30+00:00,273
50468f58d46c51e0694bc52e179bda41c42c22427ae594773cd3dcebfc568bd3,2025-11-01T10:58:25.031078+00:00,2025-11-01T10:58:30+00:00,273
c21e26f9d5fc3405068aced442d565a8c06e70d61e14f7bf7ee479a6ddf00772,2025-11-01T10:58:25.161188+00:00,2025-11-01T10:58:30+00:00,273
d62755084ea6aaa7a81462e9f282bd4c44766f88bc3867a2ba5087d9df4c36ef,2025-11-01T10:58:25.296335+00:00,2025-11-01T10:58:30+00:00,273
bc5a0defeae28d3ec99dc9379c7d6d047415050b682e0867abb3f8e851554b73,2025-11-01T10:58:25.429338+00:00,2025-11-01T10:58:30+00:00,273
8415b6804916d64540b2b0e43cafa3d4a567e834d875fab2cf2e4fc20a8179de,2025-11-01T10:58:25.563747+00:00,2025-11-01T10:58:30+00:00,273
5b3e67e4713e48ba0c1e47c04791e5c0d515f2a41efb15af6743bbd83f54a5f1,2025-11-01T10:58:25.698188+00:00,2025-11-01T10:58:30+00:00,273
49793bcc0e69ec6f505a9dd4d8c38577d8f5ccb5e0703b0cf281458be55b2ea2,2025-11-01T10:58:25.833074+00:00,2025-11-01T10:58:30+00:00,273
562fe7d9d711ea3b2164ebab08114498c6c7a2f0ef5692111e93ee7c2e40a84e,2025-11-01T10:58:26.140923+00:00,2025-11-01T10:58:30+00:00,273
0a9261e7e48511dcb8334f79894dea2e8d62e21fb31ea10393b38f413de8f093,2025-11-01T10:58:26.285428+00:00,2025-11-01T10:58:30+00:00,273
f3333e63b42c3a5571a505172fae79c6f808442c4ad82eedd22ddb3688c43eaa,2025-11-01T10:58:26.416621+00:00,2025-11-01T10:58:30+00:00,273
4bac0f551e257892a6e68f7bf4f77dec43c81c0679f4a58f4f6705679cd9206e,2025-11-01T10:58:26.547251+00:00,2025-11-01T10:58:30+00:00,273
9f570d3a7313a8c441bfb9d26d1de45122eb7a25b7903a8c1e31695c6dfd0626,2025-11-01T10:58:26.677949+00:00,2025-11-01T10:58:30+00:00,273
1d0cfcad0be41ec01dba8e392a8ee58a4fa6b5dfffbbe7f3162b43b3b8305b78,2025-11-01T10:58:26.811637+00:00,2025-11-01T10:58:30+00:00,273
8715feef9f827149fbaa1d25b8f73143bb324a05f5e4169934505b4f010421b0,2025-11-01T10:58:26.944469+00:00,2025-11-01T10:58:30+00:00,273
a44a82acec564e9d9f28e3d4f52cf89b4716fca95ced6cf5c645c90b84742e50,2025-11-01T10:58:27.077669+00:00,2025-11-01T10:58:30+00:00,273
9ed1cc58265ef72fe32f5b1d4aa2d53141d2a830368d3afdcfa19fc8e5a49ca0,2025-11-01T10:58:27.226984+00:00,2025-11-01T10:58:30+00:00,273
