submit_ts_utc,txid
2025-11-02T12:49:39.027247+00:00,8a6b60fd4cf3cfcf75fd64f7ac5908a30d9305d8526c84175487c339304e44e3
2025-11-02T12:49:39.150383+00:00,ad5a91ba4f03a3d25d6df85c7e7c7913c12fca629af2a5c5cf2f1eaeda9a0227
2025-11-02T12:49:39.275858+00:00,9df01f062c439552fcfd6ca97fe809435fc034b324f613ad35d86b3382b4572b
2025-11-02T12:49:39.398952+00:00,f15a056bfb876092c9c190f6c4c9d4365466188fdaf45382c647c5cd4b17e72b
2025-11-02T12:49:39.526374+00:00,755631e118f72c9cb0b421f49315bf677e1c7a237434ec6c82ccc3a63ef00481
2025-11-02T12:49:39.653657+00:00,d2c08af2e020ec78c975dd74b917fd44ddc56e768ca80004a5d3cd16cfcd7284
2025-11-02T12:49:39.776873+00:00,cb9124c2ed0331893a41f473a56d4e90ea1ca54a32761d6d37a63e8cbc5e9794
2025-11-02T12:49:39.907405+00:00,190109eb4ed8a36264312b3603bef0c910803d33744918e5e808abf6246533ff
2025-11-02T12:49:40.036119+00:00,bb7bbbff2c74ffbdbdc58b57d94aba871437a34a74b6c98b184129bcad9dbe89
2025-11-02T12:49:40.225038+00:00,7ffafee38cbb2d84d2fa4c7db65d45819e354689532efdccd963bf103c26e65e
2025-11-02T12:49:40.348050+00:00,150427c6943429cd23b57bfa4d0c1e564481ef5c977bdaea4e46df817cd1ed08
2025-11-02T12:49:40.476095+00:00,115e39c2d3334f832dd999d10187c23a162be2973db7a24ca1ffb803f96f3919
2025-11-02T12:49:40.596400+00:00,2be1f96e601514f7a33742b43598a143b94e770458ecc2e077fb0db47e78b48b
2025-11-02T12:49:40.720049+00:00,f51c5f1ed6321d7467bf06fce504c6e19a0180fe85c561b19f95cfc5766b4045
2025-11-02T12:49:40.847786+00:00,edc5781e1619d0a651972b73bd07c2882e75739491d00a467ae59ccb1bf7691a
2025-11-02T12:49:40.968259+00:00,116793c2051c3e2d3360b95d2f596404c9ee43db0896b89f68b832ecb16eaaa6
2025-11-02T12:49:41.088997+00:00,adc9c07afe9a76deb47fac7282eec488343bade32d6d1de69287a49e0fa1b8af
2025-11-02T12:49:41.212054+00:00,3a6901789cbfbaf24e79d88176371dac86428c3942ed856baaecf4d3ab981935
2025-11-02T12:49:41.330297+00:00,6f604cd66ff3fb470eaa28a898e8263055e910892ac7c0ac5e018879ae2c28fc
2025-11-02T12:49:41.453087+00:00,74d40c155859fd26fef02e7468b9f9b5c84b4892597948c112a0a8b884e7cdc4
2025-11-02T12:49:41.575162+00:00,34b84f7e093000d256358b888ac91dbe0f72837c41907da068feb6755e8a53d7
2025-11-02T12:49:41.700451+00:00,6607f37d767cbc76583f72f134f46a066bcaab27da967fe563f1f48981b3b574
2025-11-02T12:49:41.819849+00:00,6d3e1e05c7823d98831b0eb2df7ade01a7284e4663b18c289878e0ae4b643181
2025-11-02T12:49:41.942536+00:00,20f3d29641bd92bc0f5acf2c5498d252fc89fa7ff310d707b36015723673a7cd
2025-11-02T12:49:42.059236+00:00,3417d74e30d37ea49cf0d2e590acfedd2765de3aa88c838cd7fabeeac1fa0025
2025-11-02T12:49:42.176364+00:00,8b911f25d22317498493c610b405177ff0e0b8378eb27aff1211dbb4d765d619
2025-11-02T12:49:42.299014+00:00,3c234533fec8125c9b0a08cd6d722e4e8bdc64d23ee36e7ea2752df94db3e7da
2025-11-02T12:49:42.414071+00:00,c71ddf4f887e3b09dd8c4d1c65afdd8db65e5cfcd8587530e59d0d7d85ed7418
2025-11-02T12:49:42.529073+00:00,783e3093aa110b9413252b18c6dea56b54b8d940ffe1b50b1d57c72402707856
2025-11-02T12:49:42.653410+00:00,3c41381bad7e483cc7e3e83619065d4ac918c781cf9ee62b5089c8b2bb44da54
2025-11-02T12:49:42.777812+00:00,a305b2bdef5f6ca0321155db4557f94b1d2f55606be9ff2a967561d807a3a32f
2025-11-02T12:49:42.904977+00:00,31adb84b85417f028687728699d8f9e79bd20f83310f35d23365c5bd52263012
2025-11-02T12:49:43.017731+00:00,f78e0183a553cf8d13529921d6e7e00affdf5040c9770f3c615f90083b2f931c
2025-11-02T12:49:43.145074+00:00,bd927ad373a8a5b4cbd52f38e678447c5497da58cbb633ecd6ce06b23f1f1a61
2025-11-02T12:49:43.266223+00:00,3b41e19157ccf2ba157d59770a0c6f276b8088180590646edc392d0162e55e26
2025-11-02T12:49:43.381714+00:00,059b2daeb3f6e9a3390b9a7f6f178506fa43a500ad04d01c02782be1d04732de
2025-11-02T12:49:43.497561+00:00,f47859a24607f619a411582119cd6ef4a6b315928fb5da292e90fe888024b1a9
2025-11-02T12:49:43.610819+00:00,660e13508e40491f2bdef5f071c1919cb9cc9aafeea9c170bf6f352186b7cc74
2025-11-02T12:49:43.727250+00:00,26da1062a181b05e6fbbd29e2fddcc6a946b657192ad69689837a59549d72c4c
2025-11-02T12:49:43.841715+00:00,70d56234542e1d07e43f2735d62ac61babd04f7cc40c9d419a2d4cf39da8618c
2025-11-02T12:49:43.973493+00:00,be1137257804de4c80f765128a7bc55f49f5bba2312cb2d7602703034f8fed9f
2025-11-02T12:49:44.213626+00:00,2c6a150cdaf0fc0331d535e4fdde64630f60d9d8349481b41bb3f78293e35f8c
2025-11-02T12:49:44.349165+00:00,d26b07c4a0b306ba0d0d2ac65f50a335c24059e096c50cc9962fac5a24b0a869
2025-11-02T12:49:44.462877+00:00,8ad1516acba08b63b5d1a9f1d3a1d8d3f1e1acb7233df05f7435d51adfaa4eb1
2025-11-02T12:49:44.581898+00:00,975088fd277aca467927940833246a066bf60615365d38ba2527863280c0b092
2025-11-02T12:49:44.696234+00:00,2721ac3dc08b3ef0517d682c4cbd246d8c6fe2fd125c498b3b20688b82e321d9
2025-11-02T12:49:44.809358+00:00,4bffadb0a37dac7a5eb1e04e2fdc04a1a064b86bb06baa2f7bc3a5d3a48e5ca7
2025-11-02T12:49:44.921034+00:00,826b0ff1ee2c413ab83f749ee0f10484458957d2728259f3c0be56475530497e
2025-11-02T12:49:45.034719+00:00,e7e56efb02d0e9979daafd21a98c59718e25bb41637bebc7256f98dc9fb0a5b4
2025-11-02T12:49:45.147736+00:00,99b1cb5069d1e5e1427a65753c514085739cfb5031c9108e4954f9685e236a30
2025-11-02T12:49:45.262129+00:00,8f9d67510ce76bcade105d897fab16b94ddd19eadfdbf7d391f61b7237ea4ff2
2025-11-02T12:49:45.375138+00:00,9c980db1dc241836fe2e1410f05b14aba79136195daf738f7172f763afabd345
2025-11-02T12:49:45.493961+00:00,a327ee884f738fec26601e556b87f15b291719287ce842d8825f0efe385823f1
2025-11-02T12:49:45.607513+00:00,702c7b6015ee2eef12b325f3cb8edcebb40574fda62b38b3a78eb9deb4209c76
2025-11-02T12:49:45.724058+00:00,72cf048c9d95a1e010128edd4af958863b773af64c809bad187b4169734b5c59
2025-11-02T12:49:45.837708+00:00,88b67dcf2559aed0f6045bcb94a1ce6fb8b10d72e616a816aa7ae526d9c80b88
2025-11-02T12:49:45.951005+00:00,0a900a1db98850734114f8cc4255b506185337a31a8c84aad53f82a4a96952b9
2025-11-02T12:49:46.062516+00:00,07603e7d995bc21535f6ab204f022d45f9600881697f3d34df8369a1640fcb02
2025-11-02T12:49:46.180345+00:00,62f828b61d84df9c26e40f6cfd88bc741919b8878c7e6fcfc3870847feadc642
2025-11-02T12:49:46.294909+00:00,eaf930b56d7ea7a4095ae223ce755a1bc41c85825dc4254d681af1d54fc08314
2025-11-02T12:49:46.412341+00:00,ff06a680a8120bc1881c17ca20558232bc58650544055e77ff8a19fe4ed2d24d
2025-11-02T12:49:46.530314+00:00,40099a4459f0f598cf76765ad8d5fff52fb81d56839676b1b23d9828d2638bc2
2025-11-02T12:49:46.643387+00:00,d4608ec3aaf863f5beae71b404dd421c9e9d57fc03ec6aeafa0f15e26b7ca953
2025-11-02T12:49:46.762842+00:00,41d741caa2b67f838dd9ce2779f6939cde8457b48576a86b6abcad6535a6aa39
2025-11-02T12:49:46.877723+00:00,3953b2982a9c2e54021451704ff7d8d6248e5b5fae87ac01575a1ecb77f8a6f4
2025-11-02T12:49:46.994348+00:00,65244b8554f3051bc265c63685d1e3f6b1e10821f7c1a39c6c97c96a3188e965
2025-11-02T12:49:47.106923+00:00,2f68f01183ff0b528e71b6182d9c7c8c2bc42762406a6e86dbb4e3c6afb720c7
2025-11-02T12:49:47.238763+00:00,7bff2f8fe06a9e1d22a380014eb793500a892704761995ab770a93a2edfd5736
2025-11-02T12:49:47.358780+00:00,ddbf4763a9aed43dcc0fc4ec3d91adb476a680ab8bfafe37f031315ade7f44e3
2025-11-02T12:49:47.474978+00:00,1e1e962242cc2e0b948aa67d83e523d7fbe848f5c25996673371575755fb3672
2025-11-02T12:49:47.590902+00:00,4a855ad7b6e419475843eafd3da6b6e7412dee0ae1ce8796bb52d047d9bd033a
2025-11-02T12:49:47.705884+00:00,29ba6608af3dbe55fc7091b3c14458da78fc681aa3ba33b66c761785c228d8bb
2025-11-02T12:49:47.818238+00:00,04753a1dde6ed41ba724a0ad71886de4ed1b8af8b285916ba45eefc4afd2a262
2025-11-02T12:49:48.031551+00:00,c2958da8b13edd44f0e3a2315f61a52924c234034820451c9f6fe945e8ca3d39
2025-11-02T12:49:48.156281+00:00,7d3421c856ec80b90e94591cf5ff3836360770abf25b8f30d38d3aa1f791678a
2025-11-02T12:49:48.271108+00:00,7b8cf2ca6f2358a51ba015247c24a14c8bb7aa0b818f34bb118d1ce5c347d904
2025-11-02T12:49:48.387978+00:00,e6636fc563a2db6bc702ac6a72a70889411ec801ba470d8bc950f152c97f6479
2025-11-02T12:49:48.502529+00:00,cd7e32d14ae183d86a14d77ea548b07d6c700de3857b2925ad61abc12b0f9c3e
2025-11-02T12:49:48.615877+00:00,53f35453ef5f52d63bffbb7de63832e165a97dc91a8f891b6086f67499acfccb
2025-11-02T12:49:48.733449+00:00,2c783fab5a8a2240d6f430ab9b9424e8509478177f8b3f82ef71e6c4f5af2ec4
2025-11-02T12:49:48.854735+00:00,b022562a4efd00526919b112eecdb7293d96efa834304d36cc914fa47c14d5a1
2025-11-02T12:49:48.976126+00:00,c435d1273ea0965567eea0e636ac9676f0d91cfc9d4986d674d90674d61551e3
2025-11-02T12:49:49.100391+00:00,7170a663dbca2e17a07e8fbe03fff8221fdc1af5a6d6d07b6e0408ec500bef16
2025-11-02T12:49:49.221368+00:00,be2894afaca9a0d23c62190e14847f85c63533f281ac9301852c6af3a30fdabb
2025-11-02T12:49:49.343817+00:00,7af32ff40c2b25d23fbd26dacb5e8f7d5a5c54d100d257650049844bc53fe2ab
2025-11-02T12:49:49.464639+00:00,3b9531eb050b493e1c8abfee3f4a9de941257256578ab665a6dcc667b2ebc744
2025-11-02T12:49:49.586607+00:00,f857bc37e05017ff6329f6dcb7101e8c4604818002467d7306483e5ff4f291f3
2025-11-02T12:49:49.699997+00:00,8c7a6404b87b6d17ee0fd58fd268d456d5c9104a129018e1100c5bb4df573010
2025-11-02T12:49:49.815255+00:00,828817e1eb22d928cb8a304dbd964623f6df8d2247edab8953e44ef951b8ee22
2025-11-02T12:49:49.934201+00:00,84606fa1dc314225552581b1af890a9a2a70339ad97e593d65d13ed06892fc45
2025-11-02T12:49:50.057471+00:00,b4c484677ed15e0fd92641193383b9fac556fdd2fb835f4b1b9143d236813305
2025-11-02T12:49:50.173990+00:00,73745676b315ecf2a08a14f8363f18b1772147d31ff53b39d4acb41aa4d635d8
2025-11-02T12:49:50.287999+00:00,100ea29535a23fe4deac640c92a44d6a5c71fa0f5e968c905d1d38d864f41079
2025-11-02T12:49:50.427847+00:00,9e7e8550e4bbb23a7e87efca5fa4cf574dc66befb0465fb2cd99e6f9ce18c70c
2025-11-02T12:49:50.542022+00:00,dc63a31156c2a77f8ea91761d20d47362d0de11eff595f3c2bdd4f43ee99f13d
2025-11-02T12:49:50.660461+00:00,427fc3c4ff798cfcae3a4b49ddd0c90e80ddc5f2cce2246e4e4b8288c18e1313
2025-11-02T12:49:50.775548+00:00,1fe9718f7b9880ed84b1ac8c458876b00f3f1b87b73f36845577b59cf3adf2b3
2025-11-02T12:49:50.896273+00:00,38ac6593e50297cc06627d1488c2705ca1532e8cde4e70908f7096db3b6e6010
2025-11-02T12:49:51.021136+00:00,71c228355550f40b92ef6871075a793d10d0d0c7266bfe00f885cbd343aec6e2
2025-11-02T12:49:51.146071+00:00,f2c2a0cb955aa7c79af27345dfb53a264930a5bce423aab965e6e5ef84226bfe
2025-11-02T12:49:51.269114+00:00,9f0f8dfc6662e5263bc941687a2cd0b66d2d3045d0555795579e9b7a7b3d0a27
2025-11-02T12:49:51.392088+00:00,b929c90375aabab45b0acbedfb434959a1564dc46921c0f3e84de1d5116f2eab
2025-11-02T12:49:51.514148+00:00,9fb2bb7935eefeb8429ee835a183f0d2f5458b87f4fbb51e80ef612b2a44f2c3
2025-11-02T12:49:51.631454+00:00,24146155f9539a85ea2268d2bed607c9e3e118403d06b7af024de5ceab0e8329
2025-11-02T12:49:51.755329+00:00,116cd82ea211b277b1dc9801ab25712f2880aed6dcae5f827e67aed81a2f19ec
2025-11-02T12:49:51.877025+00:00,3472d51ff7584cdc3d5fb694461940eb47d8876278c72c3ecbc89de293a48a75
2025-11-02T12:49:51.997888+00:00,42144e6007835f7c7b84f9d326b4ad73b3b821bbfebebf80ba88ff835ea3d186
2025-11-02T12:49:52.119013+00:00,e1074d9dcfad820b434fab97c121a4acf6df9dded29bdfd61b86477830608241
2025-11-02T12:49:52.239689+00:00,32a5675df878369837b3fc9e87455040d160c3a17a5698b6d24464fcf24b4583
2025-11-02T12:49:52.361876+00:00,82bf6650b8386d9ffbecee8bf44c7ef70e1bbdff1a4b9a5b3460a2bc629e129e
2025-11-02T12:49:52.484065+00:00,f385f57f24415db964463656722ce2506de185ba23516bcb01b79ef8d03394af
2025-11-02T12:49:52.602112+00:00,4e66144e3d4cedcfa497572b247157f7b77a206d4df8d19ae0da906a02fa541e
2025-11-02T12:49:52.732277+00:00,63b37c7389e5211ee2b46067d545477b28c3ac709c91ea28e93f252d55d0504b
2025-11-02T12:49:52.857598+00:00,83bb719049c28ba1f7d5da2eb142bde9dccc640b22d4e8417eb8c3490803ccc5
2025-11-02T12:49:52.971984+00:00,732a5455a2dcffd9706e707251ff83701f1cc96b674dbefda686f3dd647330ff
2025-11-02T12:49:53.096305+00:00,e4a02fbf2058b7d8d32cc5a6536e1a0d95b12f9c52d0159e85de6b4864cf924d
2025-11-02T12:49:53.211108+00:00,8b58c36c2d5ed2950c11593b2efb78698da494d0fd695e04b73825b5e0c5f2e0
2025-11-02T12:49:53.325312+00:00,9556fc9dacc789a48975c5d8cde084ada85fabce997b6106e1d6793df15cfa40
2025-11-02T12:49:53.443871+00:00,f8355da2608db78385cec11ed67251f098256f504e7ab5a0968703a0daf7b847
2025-11-02T12:49:53.564426+00:00,bf4d9fe4af99f25f6bb37b836a200dad76170c858eed0cd57925a6e8f0d549d2
2025-11-02T12:49:53.686077+00:00,28b28f618a9e2d9a1070852caea0f7efef83907ef2f6ce7b5931a094dc079c30
2025-11-02T12:49:53.810785+00:00,3fd2f0dba90880a86ffb6ce6b4060eead898326fecf22e6cb8537c7ee902c045
2025-11-02T12:49:53.933194+00:00,e453c2762f4b2a2fd8b082be27695737f9b45d0a933e0d262813e6ab2eba3881
2025-11-02T12:49:54.059556+00:00,90719c9f45faf8759efc7e5dc7b81802fc7501a5c189c7dd6e7ef7fe14e8d446
2025-11-02T12:49:54.184941+00:00,70272352f63a6aafa2aacd7dea5c70485c57278f1d4a98375fc9ca1bae4f3fbc
2025-11-02T12:49:54.310049+00:00,07ddae3b57b705009d120a843e2cf00440f0b6e498246c7fc36e4873161ebc0d
2025-11-02T12:49:54.431825+00:00,12c2ec17f194202e88df53f7e1987453e180bc3463250bcd27da45907a11d602
2025-11-02T12:49:54.553691+00:00,9a0fb77626432619e22499b7978c2f17b45d0b4fc4bf9f6440cc214b51536c14
2025-11-02T12:49:54.676053+00:00,119f4af8e7fa9e9ed64d82e8b892e36b8b4014fb16a05ec85c1748b892d9648a
2025-11-02T12:49:54.800203+00:00,41dbc8909378ffe17047b363ad364e6e331a25aace0d1c8f66ce0acdfef61ed1
2025-11-02T12:49:54.918512+00:00,8c4c1975062623ef958c9e412beaafd08c02717302478eb5a0aa1cb8a54d7a25
2025-11-02T12:49:55.052887+00:00,b57a6255d320b99545790d68eeafdcd121f88ec8fe9cc4077190154b41130ce3
2025-11-02T12:49:55.166405+00:00,793a8b3824d066418aa5597d06d30896ab129a0afce1805a1c03122a27e67653
2025-11-02T12:49:55.284846+00:00,f77d653d1676c552a70665770b5f7cc67ae4baa756cd9b280a5f48aeb6928086
2025-11-02T12:49:55.406723+00:00,0d68093e8fb4d1918a4a4182da5bc4a813da4e1f1ebfc4045d8154c77efd2308
2025-11-02T12:49:55.535888+00:00,2503abf8045bfa302556e45319aae969edb0b73de45c16ae67aa38b5656b96e9
2025-11-02T12:49:55.658358+00:00,c9e492c0a71b581aa54e744018bc18e7bf9776175f46067338fbdf4849f74c3b
2025-11-02T12:49:55.777842+00:00,81a7ae9f3b40bec2ddebaba69701eeaba1c4480fa1b5f36b8eece2dab65db621
2025-11-02T12:49:55.896363+00:00,cf49b25bb0697aa6ebbee9eb9ce27d31f4be41de01a3d6e25ff44d63d8b5d2c7
2025-11-02T12:49:56.019000+00:00,c9cc2ea2a2a3c1f2de24c57a65acc5113546e53b01e9aaecdc33df39811c69eb
2025-11-02T12:49:56.142682+00:00,bd585438c0954e89849ec0ca184526053a721a988e1f5a17e6a4cd7b032eb5de
2025-11-02T12:49:56.266810+00:00,145b3ca572f477eccce19dfb413e9fa42302746110d3dd18639e5b4d0245dcc3
2025-11-02T12:49:56.384475+00:00,834de6477c80f2bfd6c760fd379982d5bc468a0b7c2236a9b1d994fd99834e3f
2025-11-02T12:49:56.508012+00:00,80e094aca6fec0cf902df524108bb40c716c1977e1a5925b8885ac174032143a
2025-11-02T12:49:56.629820+00:00,f0c5809d5c910615225c58b2ad5062f75919d7ad56fbfd68117393cf30887cf1
2025-11-02T12:49:56.759087+00:00,7b24dca4f7ade69ef407efd9373150f8cb03aae212b924cc6a3057c9d1dbf5ad
2025-11-02T12:49:56.878978+00:00,fda106148c33a3b1196da0013d3abb9c5c054212d744f71ed6748c381517b50e
2025-11-02T12:49:56.994560+00:00,96f10f7ba0098919535793ceb089114be087a45427dfffc1045ba57d80d0a17c
2025-11-02T12:49:57.117525+00:00,105e82ceb12d7cca62d60f3e23e03e60860cd05bd21c8de0a00f7edeb4d0b175
2025-11-02T12:49:57.238174+00:00,c5b97f074a6d74f9fe50d6f4ea1e22aa4144326279fd97e86f3d4bfd6e68e31c
2025-11-02T12:49:57.416279+00:00,349a341acf64ce572412e80b4a797edb4d7ca20af2aacdd2736bacd06e6156af
2025-11-02T12:49:57.534311+00:00,b86d90b71efb8ef37833978ee4bd1c313fafb908d542b8714d37b39eae499386
2025-11-02T12:49:57.647416+00:00,1e407fce94365b74c9114627c61aeb0c304e391ef4b107049fc386186a158ae2
2025-11-02T12:49:57.766588+00:00,474b63705370c214289f8af77c25c62638a5bad820c42e1c4215defe70bcf92f
2025-11-02T12:49:57.881922+00:00,059f7ed1e222c229e62c9b2017a4ba9e8b4d41851a9ae891017fa77a1c5be7b1
2025-11-02T12:49:58.135643+00:00,b9a1ae4bc0dda876bcf04e7556be372657f87b4df6a4c8994acbf24dc105cf8e
2025-11-02T12:49:58.252798+00:00,25dc412cd8c77bed2d532ce4e043bfd638150f1382e55cfb9515542832441e17
2025-11-02T12:49:58.372340+00:00,7e0f8a04491ea114715887f5098cc036b1540e4612ae1f54db5de0286c38174f
2025-11-02T12:49:58.490718+00:00,239efc2d6c4d647cd0141340953342a6cc6a0c527761e616e558650672521667
2025-11-02T12:49:58.612761+00:00,e43bea68e84b179772f57c66233cfe9ec6baa2f56eddc0ac78152fea91370733
2025-11-02T12:49:58.735591+00:00,9d89acdb84c2a9bb825c944688f133a469645d7bc8e4dd877c7456ff2a7e8ecf
2025-11-02T12:49:58.860458+00:00,51f9c6900bb959b8ab868ffb1c1d20c7fd4d1b7ad5e766d21d34764559c4e599
2025-11-02T12:49:58.981598+00:00,720cb6fad16e59b8377c9f8a3cd60a306ebaafef77f80e794c9a9a1480fdc5d6
2025-11-02T12:49:59.100905+00:00,43d4387f50d4d273025277a31566ad59cda4cd3f67a1e2439930df8851812a19
2025-11-02T12:49:59.234549+00:00,d566a55028d5bdf50ee23a252c83682b7f20a51ab3c9db8ddcaba05a151dc832
2025-11-02T12:49:59.351071+00:00,76b5891b15f65e5a8bce492dc0e3bab467a337a67ff65a01d9c437a38764f9fb
2025-11-02T12:49:59.470497+00:00,6989aabbfd299e2351e10cdb57aaf7b7118434fdb637605bf54860b9d7921f31
2025-11-02T12:49:59.593276+00:00,4c7f724ef56ed10bcc7b63c28ea5d79d6e65b338db25e372c8ef73eaad613663
2025-11-02T12:49:59.707286+00:00,8f0574ba4c400697c236a490b6484ca43cd879111d8000c2c665f878e9535b47
2025-11-02T12:49:59.821925+00:00,f9c5d018be00a0ee6d92ca138a31b8e79d5d0d2a5b9353ec966ab85698f48fc4
2025-11-02T12:49:59.939742+00:00,4f1138128666671c31930ab4dd84099d5e11c2dab88767a8f680eb01149a924e
2025-11-02T12:50:00.052227+00:00,50cc858142ffe7918f440f627c0cb74b37fb5e2e4c063c1f350c2099c9deb8c9
2025-11-02T12:50:00.164250+00:00,5374cf5d7ff8b2916952386c17f3485082d825e977859d6f3cf83a86969f3c88
2025-11-02T12:50:00.288702+00:00,f3d97e5020b28847ad22a4345c36131e87327498c0b181702fd971055f2470ed
2025-11-02T12:50:00.402392+00:00,6504cb370ba5f37b388ade0f3ef8c61bdb96b738eb98912f80fe5eeb8583e536
2025-11-02T12:50:00.523676+00:00,00fe8b18cf210aa34349c2703a2995d1ef82ae4659e6439d9d41aa33f11bb632
2025-11-02T12:50:00.647259+00:00,a1f70ba15167d0b0f647633df650c683020ee0fc2445e3267115fd79c1ee6a6f
2025-11-02T12:50:00.773259+00:00,964fee9a4a5bff1c7a8cd36c4d271c42fdaa266d9635f40baf3a74815686cb8f
2025-11-02T12:50:00.888725+00:00,4dbebaab78b1fe3e3f8afb016a8c0142e70d3a6c13becc3e4039ec02523fd00d
2025-11-02T12:50:01.008163+00:00,799bb15d969ffa4a78e977dac841f52bbc90669720031999b692e9739e068eaa
2025-11-02T12:50:01.126136+00:00,c4deb614d8246062cdf83788c4cedbf880cf61e764fe72b6e13269ef0122a268
2025-11-02T12:50:01.248931+00:00,d5973f9d9492462511cb8f091c2faa73f98b184341cd4ff6cd22c976c5fc45c4
2025-11-02T12:50:01.387132+00:00,1a52a60e97a55df36ef8fd95e1dbccfa2609a7be1559a7db447ad86a6d5348bb
2025-11-02T12:50:01.506588+00:00,43b807fccada1c3255efc0ddbc52cdf6225d2e048c1091fdc471460373c23c13
2025-11-02T12:50:01.626090+00:00,eb8f942eea37c7c64100777e58731132859d33b5d707fb98139fae68f8cf1f5b
2025-11-02T12:50:01.746856+00:00,1d840706ef7d514d16631d6ba980675c0489f9f03fe5f7df163f101a57e482ae
2025-11-02T12:50:01.864896+00:00,a80ba06d75d50d1f7e9f637bfac26dff0ccc604a26b8ee341ca1de4ffe997b6e
2025-11-02T12:50:01.988817+00:00,686a9ae76193adfeb1aafe88fb288ff5117a48dfeb0d5120e2f2b2db4b3e5b6b
2025-11-02T12:50:02.107126+00:00,9fd9e59cf1fe0d23be33c2dc337360c3b4b193458f86590d20560e24f8dac25d
2025-11-02T12:50:02.224039+00:00,f653c4bd2802724f19ba1722dc910fb77f4bfc305dc084bff07e803c34c81618
2025-11-02T12:50:02.343616+00:00,934d53aea012f3510ac055fb596fc54f6351cf80f3331ec9e119391b68781b8c
2025-11-02T12:50:02.460457+00:00,dec2e9cbb4404ed8353ff4969e021b2847dc0017539d3b9bbe8e9e07fc3ed588
2025-11-02T12:50:02.577652+00:00,9ed582ef6cb6bc3a983a3b5dbe629224bd11364c86eb9f9e4a61b367cd90364e
2025-11-02T12:50:02.692659+00:00,305628ea08b89830b8bf3968a14b813b61969ae06b19c9a2dbc6489a8fa5b5ff
2025-11-02T12:50:02.807722+00:00,864d1834a729ef84f0d05a9a6097f7f8a15bd13f51914c20f8fd4d2e9c869437
2025-11-02T12:50:02.924144+00:00,39225556e2fb25a3a2c54da299c2e2144d4a78bc723dbf0add75a611c844213a
2025-11-02T12:50:03.158175+00:00,acf813fffb4ec49fec45948d4a201bd23cc8ed0b0cd41b7c0a862c4275f652c4
2025-11-02T12:50:03.273120+00:00,6a1c63f45c9d90ceab9008627407644a81650b1b287b8665627efa008d092a0b
2025-11-02T12:50:03.386494+00:00,cc0418d58ff8319ce6c83b5826d2e68d1cad28eea7ccdc41d74a5e3cb1d564ee
2025-11-02T12:50:03.505705+00:00,d4900455b9b74e6d9ac527a03e7c71a5689b14541613dda70bd476c901f40f60
2025-11-02T12:50:03.618061+00:00,13adf79048486487e5743c6350492d9a6a1fc42131b4eda97060d3e5695dbf30
2025-11-02T12:50:03.731458+00:00,7be15544d23500d7680977c0eb6871b3c8436a32b5b04071a1c174d97059bf92
2025-11-02T12:50:03.845066+00:00,3ab6b47957cb8624c50a78c844fb9ebe1a3758e68ea4c3e5d801f03045ccaa08
2025-11-02T12:50:03.960465+00:00,8b89ca0cc3dd41517f68721375913439ba6dba14bf29e3854abb65db55324d63
2025-11-02T12:50:04.073773+00:00,1834e0f3b08f9383ce0c6a82fdac0b62b1277363a8de49e8bb0dd49cc30d11a4
2025-11-02T12:50:04.185395+00:00,653be175a6e0bc811897415499aa000b3389d17227ccb908e541fa743e67fb68
2025-11-02T12:50:04.299029+00:00,00761bc09ae2d6659f2a806b3d99fde60bcb529a6fe9d47eabc7573fe5e60cff
2025-11-02T12:50:04.417942+00:00,3c815b91d7c36ec91d189f4be319530df36501c0e18fdd6c8778af03c6fb9bbc
2025-11-02T12:50:04.532220+00:00,3c10e9f9e5290464eeaa10d3d817bbe39da15467ff4fa2c016aca704d74e9b42
2025-11-02T12:50:04.647252+00:00,a30148ad76b25755af0ad1666ac40dfcbcc7ae435774a1c2a3ce5e6b85cdf9da
2025-11-02T12:50:04.758964+00:00,9e1b5d56193dfe0ce9ee10a36b43c9ef31016f5e706d60ea742e123d56c8a724
2025-11-02T12:50:04.874136+00:00,16867a5083f7fd7b659b6b9042bd2d21158020a79ca462a02f5780f3f465ffeb
2025-11-02T12:50:04.994750+00:00,35ee27d7aa8895db866ea6703e035cf2dad268dc5506c4b5f6990c4d23a89e2c
2025-11-02T12:50:05.113034+00:00,a30389ddf80a18e6e4898752233ded18b3def247d5ebed05e945f6ef183b839a
2025-11-02T12:50:05.232552+00:00,47ecf8f584884e7037b0bc8ccb022488a72fd4f7c01b8d969417ddbae8598707
2025-11-02T12:50:05.350139+00:00,4a4f483cbb0bd4277aa8cdd260ce67ebd9d2826511f53dd7455d950c3e5fe780
2025-11-02T12:50:05.466248+00:00,98ccafe03be773894cd7803f5ca5a69d5a216ef14ab4289d32db171b375a6def
2025-11-02T12:50:05.586169+00:00,f582f245fd510604ba5a12292d0103e97706ec8809e2e7708d3b469330c95b5d
2025-11-02T12:50:05.699669+00:00,63a35c435939f65cd505c6fb7170a151fafe9dec660c35b8b25d3adec8eb4f66
2025-11-02T12:50:05.812717+00:00,a5b2a32894060029f1c202a1efcac9e079c6b9985446861ac221fc363e1fcc0d
2025-11-02T12:50:05.924339+00:00,0dbefdb755319ce0fc7e048a8ec8916acb68396b030fe30102b7a4310aa47431
2025-11-02T12:50:06.040425+00:00,7da801bbb40de37b924610fd30555926ed2d5a0b6089bc8608ecfabc5e61ea6f
2025-11-02T12:50:06.162958+00:00,4db69b8279120684d0677488bfdf123184d0693f1076fa50bde0e711d724654f
2025-11-02T12:50:06.276000+00:00,5f984bb76053caa4db2053d21a7149bf2e4b1cff419886e2e1c1fd3e075fa575
2025-11-02T12:50:06.390760+00:00,232d774cc8ae03da83731d0df305f3b3ad9d00269de68363cbf934c0af59b41a
2025-11-02T12:50:06.505505+00:00,26ab9ba041f77325c5d5145b910561ecd38a6fbfa159e85504c8fda141fb6d55
2025-11-02T12:50:06.620405+00:00,47a17d4fd2c98885bae856700b88484fca49ca7c571f2249b6c68ccaf5949bbd
2025-11-02T12:50:06.737234+00:00,ec9cc5881450ad1ffa746827e025afb85210d47ec17b704897d9044274264ef3
2025-11-02T12:50:06.850777+00:00,fdf52dd7db230abe59853410d2d888c31004027fab0d5a8d97bc6278901e4a91
2025-11-02T12:50:06.964673+00:00,85312450682142ec0270fcfb607912bd903a16ef9bc290389d25ee5a6ce3df30
2025-11-02T12:50:07.081648+00:00,61d65b3e3840f0f3c5314c9a879d8f42ffe3a8a883c5422a381e5b6346ed01cd
2025-11-02T12:50:07.194427+00:00,07f8a9803c928af2a2cc1c6127839ff5491fbf6ff743fcdf466760b02cf7bc5f
2025-11-02T12:50:07.311115+00:00,b49e4fa03133bcaa30d5c90aee3f761486c8a9e01f914e5ef10edfe6413071da
2025-11-02T12:50:07.443762+00:00,3c4da6044b0cd1ec6f0ecc048551054dfc467120613281896753e400982b34b2
2025-11-02T12:50:07.564998+00:00,156fe8ec09d52337fa409cb168be5baffb666750f78df31a63aae031ba64ff95
2025-11-02T12:50:07.678763+00:00,70fd1102115eb2daf68d29e656c7faacf2ac2ed55a0cd9b09b27bd1252fb58e1
2025-11-02T12:50:07.830471+00:00,c5b523c6fe2d7df57bfff4092c50880890bac971848e88d0fcaafa8b83b6b8b5
2025-11-02T12:50:07.951552+00:00,df8f413bbc002f37c54fa2e2ddacc8a992a44897130d73069700561c53fb4d14
2025-11-02T12:50:08.215233+00:00,72012232a8d35489bde1d27eed89c8b093dc075888b8a4e956b0e447daef26ef
2025-11-02T12:50:08.333643+00:00,d8e115ee72fc2f1f60ed3942e40022223d3f6b87cd352c05bd0bd74e03a0535c
2025-11-02T12:50:08.451926+00:00,9cd3357dddfa184c5882b5d8558b7af85f69cb747099deb1b847c8e44eea474e
2025-11-02T12:50:08.564747+00:00,0c6e902c881552d5e99faaf7d5f68951960c73fc96e49fe57c080ea1253d653c
2025-11-02T12:50:08.683143+00:00,4c069bb4ec962b06d1dafb5af44bedab0ccfb4390e03c5355a471d2a13604a09
2025-11-02T12:50:08.793656+00:00,ad9e3ae3bce8b784f878e65e076678e02618263c2353fbe9d8369756e96e2db5
2025-11-02T12:50:08.910138+00:00,3e808f30ad4fe6ff099f9d691ce8ef2a3e867928b1e8b0772d1e63ed1b05000e
2025-11-02T12:50:09.024417+00:00,7fbd08bb5387f791f2b0944aa6f28a3a91a0db53146882c6cd4e5c1c306d3331
2025-11-02T12:50:09.147671+00:00,8b82411929796d6021df08a8c77c23fc685ab1c667da5776e8bd74c2ab78daf8
2025-11-02T12:50:09.265784+00:00,999f407dc3e43413a90aab24f3e8690d75bf47a5f5e4da72c1b5751492cd38c4
2025-11-02T12:50:09.388155+00:00,651dfbeb8f874763073e9c4aebcc484517c81a14c842bb23f3c75180234131b7
2025-11-02T12:50:09.520146+00:00,e91f94a31340ff2c0f07161cead6ed645ffac0c7ac54388c0d89a579ff4f17ef
2025-11-02T12:50:09.632228+00:00,c2709db991c2ced972c964c46deb8fa7e99585f5710c462e49995d4007bce00b
2025-11-02T12:50:09.747883+00:00,ec853088b264d48ca8a93b7d6182c5f1546e6e030805665ed9dc6000bb0d2847
2025-11-02T12:50:09.871424+00:00,550602b3546e5540bcbcd0d4b73c20df2f42c9c000b191c27ce329948080a510
2025-11-02T12:50:09.988529+00:00,145a058a909eef9bf74ff2807a65ac99e9c717be79c32b534c479f0d49ac41b2
2025-11-02T12:50:10.114486+00:00,14ad9bad4ae2aa0b6a29cb68fc8c79283f8a20cf459df68950c4647fc64f6e8c
2025-11-02T12:50:10.232119+00:00,4d5ff873d0c6cf6c079908b2e4394f26e809a3efeec1846453af52c4b599b770
2025-11-02T12:50:10.426449+00:00,43b44616f52e46a93a22c62ac7276100c5de1411fd1ce65d6b2e3ebab510cc28
2025-11-02T12:50:10.543631+00:00,ca069087b96eef563a7bd24a71943ff0e724fb15edf39e3af28f8257779507ce
2025-11-02T12:50:10.663076+00:00,00d278bdca561b678480636e8fe2ca196d6e4eb1f2f886d06aff99dea8a6dd56
2025-11-02T12:50:10.782853+00:00,d5fdda0b2953239d3fa7adea98a1868bb9ded4c3cce105873544c36a66b49b2a
2025-11-02T12:50:10.910028+00:00,656f00dc5eccfd0022f4a0b7171bb273b64720eacc6de7ef25175f4afd2fe76d
2025-11-02T12:50:11.029171+00:00,139e5e06465dec4762e763f2c38d2f34225d1e6def66b763b3494d8387c951c1
2025-11-02T12:50:11.157094+00:00,01661b4ec7f5a1608455254b0824f6356ab99519ee893bfac1ed4393843c3c6f
2025-11-02T12:50:11.284059+00:00,a9dad1359deb66429a4c1784b69fad7f3a78a2b987db0e4f6114ae850b7ff2b4
2025-11-02T12:50:11.403793+00:00,5ecd1cd6057f9f545e83bc3ccf60f29651c014c854ebf32a03c9fc65bbfe147e
2025-11-02T12:50:11.536703+00:00,69758cf4653652a85cc484b4de2baaf4551203a670084a58b3f4a852c3155a72
2025-11-02T12:50:11.652115+00:00,a9bd69e22398ad410b66b5e39c6f7edbfc2435c6dc6bb7c906f4310bf45ff473
2025-11-02T12:50:11.773520+00:00,b5333a0f2435970f48f75bb841226fc4568a3fc7315e75134c76e336a287efd4
2025-11-02T12:50:11.891532+00:00,1a262a3e80ddc160aaec0d3c5f9bb4453e15947addd916556429be9c7ac9e640
2025-11-02T12:50:12.014515+00:00,286424b1e5c4aca2e955f1bc772e6a5048c0e410fe2fe4f8674618dfbef49706
2025-11-02T12:50:12.136530+00:00,9c01cb13a375ccadd4a212e2111af60908e5358a541c8b222868f09351dfcc7b
2025-11-02T12:50:12.259192+00:00,7ca15e3708960bdcefe1d8148a47b7c3a5fb01bbe49f29559c057d9d096ffa87
2025-11-02T12:50:12.381437+00:00,f51d40e311ee94c4ee4740d18f6310e351ff78bb882c800df7626f4dc85e5e56
2025-11-02T12:50:12.499862+00:00,fed9b12f082cb297aa9abab15e38091ec3c9f4420cb2291e42f4d77b0ef76f60
2025-11-02T12:50:12.617746+00:00,8fb8da8e0fb8df65752d877f0d82d6efcf6d4fab16f4c5646f1f5dc5e12baa0a
2025-11-02T12:50:12.739066+00:00,6b32cabd61e7c56c11eae0c08940a857b50c795912fdb28348075cfa196af364
2025-11-02T12:50:12.860745+00:00,455491cce923c1bc84528e55e2f0661eef6eb43cdb5ca1c0455d7d3ca2e14904
2025-11-02T12:50:12.983513+00:00,210ca82fbf5cfd15c2e18bb41380bab6792ebe005440e5aa51562afceaa52416
2025-11-02T12:50:13.105520+00:00,472c8d6a982126a24a6a388dc0e0485662c4e08c3a5e166390316cc5384b7a9f
2025-11-02T12:50:13.222818+00:00,69f4f3bb675dac948b18058891af2f995941ceb5a54f8de75b5758593c9d121c
2025-11-02T12:50:13.340218+00:00,d7a4881b25a4b96082f3776266a3c2d4d6235cbdbd28439e419cfb8c5db34d72
2025-11-02T12:50:13.467458+00:00,a36887b94df3930a2c8eea7af08c29110dcf7138bc776cb04dee9352eb201523
2025-11-02T12:50:13.584736+00:00,0ddf01c57f2f939f12923790f92f3926604aeeef7bee6993a34c8820d2fda4b9
2025-11-02T12:50:13.705011+00:00,57f53464da10ce042b2b469a6e6a813e89aff6cb8a351b70f212e4b3629dc517
2025-11-02T12:50:13.829845+00:00,835cebb958fee4865890d086144d50cf6182600675e13c9f8a67a2328f68e52a
2025-11-02T12:50:13.949130+00:00,68389c104df1d85d943e92dee17920e5f69c4f0ddea95533447711b78ce97fad
2025-11-02T12:50:14.081431+00:00,11824ac2067632806bf3f0441ea7acfd5bad87136404c0c22fac1766cb467c8d
2025-11-02T12:50:14.205162+00:00,8dc3b2b965087bfa12aaeb67085d56d6c6ada96611276686425cbe4b1f8b8adc
2025-11-02T12:50:14.328572+00:00,1388591010baae1e77a556ea80751f1ad6d9a5c9e983d48fa9b5e3c27f05c773
2025-11-02T12:50:14.447616+00:00,d869610f572f46b7cf79b761f353454853f91c79f9f774d471fa9f9986b45165
2025-11-02T12:50:14.573048+00:00,fef4d0f4e80f898daa71d9662a51236dd90aeeccc34440ee3269d7da4cfdb955
2025-11-02T12:50:14.697373+00:00,f0c80779e30c333c10a4042be26374cbfdd62dfe99ff54e309008c321356240f
2025-11-02T12:50:14.820250+00:00,c70189a75a55b399eda4135b2778b37120394c6337bb1bdd6f30c7a7208e97b6
2025-11-02T12:50:14.937889+00:00,5b060d392b095495bc4a82e245abf2c67c304574c31780303f22c5bb59bd7f8f
2025-11-02T12:50:15.054233+00:00,b8cef2538b04523a0317d0006130977377dda86f1f881513bb3f8e27a9869f17
2025-11-02T12:50:15.174900+00:00,0ddcd8cbd10a5c1fc6bb18fa5306a72a4cda63b1139185f01da9185688427a09
2025-11-02T12:50:15.296664+00:00,34fba1e473ddb5e17394ce272bbdcd5d4768168045ae7c8b2a6db5064a9fc285
2025-11-02T12:50:15.416679+00:00,8b45cd3a1a9741bf20377d1b423379086a5d338e925b83aeb9c272b89aaff06a
2025-11-02T12:50:15.540120+00:00,81107646c7a2d96bcfd2a091f8310f2c22a70920965899da98a5ae041bcad290
2025-11-02T12:50:15.657987+00:00,2fa4799e47fe723ffd250eb5fecb2614852be2a3d35f3d52e1096f3d60dcb493
2025-11-02T12:50:15.783039+00:00,c989bebb9006221d8e8c0a74796d1870d95f812e6362ace0e342ae424fd2b2d1
2025-11-02T12:50:15.912151+00:00,7924134547196ee8fdef5733e4ffdfc35e54e29da76cc895788825d459ff7dc7
2025-11-02T12:50:16.032979+00:00,82db2ad30eab3509bdd6031e1fd20ea5f51a6e05496c037bcff076a16a7904d8
2025-11-02T12:50:16.154421+00:00,4675efbc8d9dd2fadd461a2d64d296e76d664f05866b75436fe20c2dd5901709
2025-11-02T12:50:16.279319+00:00,4cdaa7d6b4173ebd6981f254a7e9a818449bda90f2b3f93246af294cc2311723
2025-11-02T12:50:16.396861+00:00,a67f9c5155d353c939964adad33cffc9577d91108863b1500c27784632781ce2
2025-11-02T12:50:16.514315+00:00,37386572912c70ab9055fc3262691d14277b18baa2a88bb42776cb4ce2c4bb34
2025-11-02T12:50:16.634843+00:00,e338e7f16c1d344ed44f149191fbe9faa0af127d88d03d33d531ed237664eb3f
2025-11-02T12:50:16.754214+00:00,2b9e1e43d9c09461d484fb778dabecdbe2587d091f15499ad03c4a62705635a7
2025-11-02T12:50:16.885146+00:00,20b368c94ad4f4d0e783f1c3df7f77d1dcc50e9a83a38198b19c7bd99cce5121
2025-11-02T12:50:17.006601+00:00,ccfe8d9c522437747de70df279b0fea2c74fc762a2e3a2e26eaf0a7f277977a2
2025-11-02T12:50:17.126439+00:00,95de1327ce81a0be4752cd7337f89673884b3a86828f483e01bd5d3eda09f197
2025-11-02T12:50:17.250503+00:00,9529f44437f8a967f77bae0adaf3fab626a5f6c86c4b8767a208c8f9585ab33a
2025-11-02T12:50:17.372648+00:00,2f753c5fcedb7455d72cd8758803abce1b5eb97f1e658b1683dd9240fd09340f
2025-11-02T12:50:17.502509+00:00,472954044cea757086829dd7dd86f992b46e089c0d1612fef5a83b0b2b250b4b
2025-11-02T12:50:17.707907+00:00,42a2ff6b55ee891b15c7baeae5fb8260d85e82f6a8e8e52a96e54dbe9b0cdbc1
2025-11-02T12:50:17.825419+00:00,f6d88fac002dae7cc43581b18018ab1e6ea15253dd862302db801f2ecac8b578
2025-11-02T12:50:17.945429+00:00,ebef0c499df6def42abf9b288f655831960405f5da4d1defdb50982375f9bbb6
2025-11-02T12:50:18.065560+00:00,ff66ce4a5988314fdc88a255d1f3352054ddd17225b7c2b9d98f7680b7447862
2025-11-02T12:50:18.220892+00:00,a46e47d489a5989bc67d1ba25569b044d45cf4456ab1b8933c8fceb7b2959739
2025-11-02T12:50:18.338776+00:00,42472fa8a915cffc760c9003894e3f46f1d93f7926a846ce059528284269c96a
2025-11-02T12:50:18.459582+00:00,95dd0130d67c5c06bb8ea70019f69015e9832821b0f92e5638e9c57e1e472bd8
2025-11-02T12:50:18.575659+00:00,1866041b99c070d41b4d5cbe9667687489f4a91fed9e84175768e189d39782b7
2025-11-02T12:50:18.692718+00:00,a4115dc9aa3e4dd7d260a3101ba56c3bfb6873403d429384db670dfbc58d81e9
2025-11-02T12:50:18.812147+00:00,e250c317586584191741c6d1db891a0408ffda82e2f1ae89d9c4a43a830dc9de
2025-11-02T12:50:18.927198+00:00,368928129a0a9bd6a2f78d914ffb67ab8419fc9379519697799756a8b5ab6cb2
2025-11-02T12:50:19.044367+00:00,f90ef4e628922aea8d9a34c13e9e0644a66b4d1e1e98deb36dcbd48e4eb570bc
2025-11-02T12:50:19.161258+00:00,369f197273da4838fe414bd3d0f100fa2da68a6e528e2c17b3210f6e13ac2da8
2025-11-02T12:50:19.282540+00:00,be45d4bd042ff9584e7b9e996c3ce003bea87ceebcd48e74afd54168e9143cef
2025-11-02T12:50:19.413076+00:00,8529a8ee419fcc18e372ab695c45c4d7286d3a4c16066f752d6e6b9c605e2ab2
2025-11-02T12:50:19.535351+00:00,7b984e9bc3ac02656574d63aa1235a8ae2104dcbdf628083f2dc9cb1d39500f5
2025-11-02T12:50:19.653505+00:00,fd538d8a52b7c0e324c91a9e77c40e0d5236869588a69da3fcfe967e38969c32
2025-11-02T12:50:19.776167+00:00,fcf46154b940de15411f126645bde4abb9c4dfe6ad5f2ba79750695d62137e6e
2025-11-02T12:50:19.896421+00:00,504e03bfb02bcb8a13fde89375e507fc6e9ffd2be2cde25ba578f80432fe2605
2025-11-02T12:50:20.011513+00:00,ae4a7366ffc0a576c82f2f72da6c280c9f509de5dd41776a8d8f35ca8a0405e9
2025-11-02T12:50:20.131795+00:00,513b1ed6cdc8973abf56d942e9680f459ceccdc5cf50e2cd6c03cf68ca7adb05
2025-11-02T12:50:20.246643+00:00,cb77886ecb9529e4c11083cf60c5b8fc68d9789277ca14d88a3719fb9aad40c9
2025-11-02T12:50:20.361082+00:00,2c0b7c8ee920e63421581aade51b621964ccc4e3048596d4596e4bd3f0a7ce09
2025-11-02T12:50:20.476258+00:00,d98eace9f8dbe29d6a12a5118f708e7d990b7a4bb2914c169c5b0e8a313b487f
2025-11-02T12:50:20.598519+00:00,98e82e84a0d722fb727274e66da374a9e8defcd0e7c1628bd51d8d549397d224
2025-11-02T12:50:20.716516+00:00,cbc7ca0e91723ff1a8007c5e08da9230f3316faf436a5c971ede2c3ac21dbc57
2025-11-02T12:50:20.843816+00:00,4481bb8e49801fe9e4f8494427baeb10bf8da51c8d081947533cd0dc08f646b2
2025-11-02T12:50:20.966278+00:00,7c9f0076ad48a511c8d52b3867360fafee1db6995d2d35a5c51cabed3f3b3092
2025-11-02T12:50:21.089316+00:00,a673c71bd63ed83d8a1d71cd81410c72e56b74c2d9bfe65902d8c388d23c3f34
2025-11-02T12:50:21.213997+00:00,b2f4a1795aa7763d69dcd3568f4f9406eb998c1d728df3ecbf843f287f11b9d2
2025-11-02T12:50:21.343887+00:00,c436b514160a2b971ed7214c1ff65aa07193b01b629158e7870047b8ca2f9f09
2025-11-02T12:50:21.463475+00:00,5008c9fece991fd40b654ee6e9b7c9aa355b316aae1d56d1228430b6df20ceeb
2025-11-02T12:50:21.588829+00:00,787d533d0fecbe94fd6000ed7ce8a4a9e757049d563ad8be76dbe61864999c72
2025-11-02T12:50:21.712080+00:00,71742b2db44bf25f43c050e4b41bf53c27d72df1c9f1e247ebe62d243c2d3365
2025-11-02T12:50:21.831551+00:00,2a4d79fb314500386f63c265e258af31bc6c467b65dc55b8f4878c8ce541d610
2025-11-02T12:50:21.950899+00:00,e7ca237bca6f55f8bfcb9cb9c3b782b2fe9ac5c6c58bcea77244fc82b1c85f18
2025-11-02T12:50:22.071944+00:00,fc2fb005d13762bde0b9de936d3361603fb34a675e65f0056eb9a33255c58bbe
2025-11-02T12:50:22.188895+00:00,d4f89dc477961aa06797c2f9691e79822af0a6fb135d27ed3f5cb4c516f4fc00
2025-11-02T12:50:22.316838+00:00,a1810c59b9ce8f4ebc471721a2c2e11d1d4abe99db510a36fb7ed79379a298ac
2025-11-02T12:50:22.443325+00:00,0189f31743ef3e5cf2b35c80062c80b255f5f62ec875ec5d4e9dd9440f612c46
2025-11-02T12:50:22.567071+00:00,48d96293802148015e3b4219a26a66d74341d1625b066326316c2f6b96c8bdca
2025-11-02T12:50:22.679963+00:00,c6721cc3f07dbe1bc5c839dd843c843920e972fcafd3a1fcdfad4294600e8a1c
2025-11-02T12:50:22.794409+00:00,729957b08745cc489ad92526667349484cf1bb7a3c6e1a3753a366f8510f88bc
2025-11-02T12:50:22.914493+00:00,f20f719746025fe4629c244dca7cfb6ce0239b3b59b777f4829832e5c5d276f2
2025-11-02T12:50:23.031958+00:00,18b6f608fc2ea202470602fd878aaa09a680b10d7e6e7bead2b019a6a7700abd
2025-11-02T12:50:23.153584+00:00,db341ceb2574959036db5d14669d45877cd79a5230e3c05a9c0278543682bf2e
2025-11-02T12:50:23.421122+00:00,cac02995e410dd029b0a110a031488e93bf7c3c48e6665bcfbcba43e437cae3c
2025-11-02T12:50:23.538216+00:00,c9172a8cfc9463d2925621804fb8bfff8b0b73902bb8da5bdab4cfac2950f07a
2025-11-02T12:50:23.653157+00:00,be7cc49be01e516b62f9264b6f9e00cbcbbc62c227ddfdf09f2f13b8b983007d
2025-11-02T12:50:23.771273+00:00,394882eacc39380018daa6163fe81b72a9ce0fd95ac903d379776657f0ff7293
2025-11-02T12:50:23.893789+00:00,46080c98aed83929f784b55f25fce988bdfb9f431fc32889d1189712badbfd82
2025-11-02T12:50:24.015919+00:00,60c1f457047cf219860a69326cdf20238b72cc7fccfe38a2f65ad23acd16e1ee
2025-11-02T12:50:24.136180+00:00,f5c6c1a88e76beb9e459633e1b656faa38fbe950af35b0564da332aee42c8922
2025-11-02T12:50:24.258406+00:00,b840890d218a960c5a1620bf1f2700cae4fa50df37731c8d32e88875bed4c1c3
2025-11-02T12:50:24.381747+00:00,55f55891a9304f4b8dbb7ee84db70f34525f8a7818c525cad2df96fbd81c8cc6
2025-11-02T12:50:24.500390+00:00,618dad9057e639fe6305a3c1d3a81d5f9a28b249d2119a2af1e925f12f559abd
2025-11-02T12:50:24.613845+00:00,e7aeeaa609a5083cf00d32bb4157601f24bfa368904e3e15beec214a2ebc6f6b
2025-11-02T12:50:24.731311+00:00,327789ae99d7b500c7fddf1a661476d97da0867a11041f615ab0c10d2df31605
2025-11-02T12:50:24.851124+00:00,09bd8ffb47dc1e3341628b6eb075ef65ba2fdc11d4f53d10432d6faaf2916397
2025-11-02T12:50:24.970786+00:00,1da847515822efa6002510da85be028f77cbd5511b6aa6ce4c70f9f36bb2f297
2025-11-02T12:50:25.091009+00:00,ae8a3fdba9bf3b6ab64d4c2cb48015019b994b897586611e4ddb12283562d4fb
2025-11-02T12:50:25.215370+00:00,dbbd96130a90355b9885202965be3309e9fe5e6331965eab5b524b0cc4e156d2
2025-11-02T12:50:25.349346+00:00,6aa701db3a5667e20b282ff738fb41a9acde817ac845efceee04ad38e0667619
2025-11-02T12:50:25.472989+00:00,04bc1d0be756b31d3bb3828c6cac140b11c7b14124888f9ee1e52e304be2c8c3
2025-11-02T12:50:25.597178+00:00,fa5bc793eb3fdf223d1deb60cc0560047e536c078dd5dd47d87a536c3e65980d
2025-11-02T12:50:25.721532+00:00,d4aad0c13661a6cf131c7ff420eb788a0380197678279fad08f644837ee9f34a
2025-11-02T12:50:25.847884+00:00,a673bfd6968494fea6c39f7dbe31a07efbf4bca87634945d29ba4739f53514e7
2025-11-02T12:50:25.972579+00:00,fdf4ec150ef43aa59925edd1f3122a0932f4595c3e1c890441704d555215e4b3
2025-11-02T12:50:26.097586+00:00,e94bae7caf1c4693e3a8ad8623907a8a12294a767a951e96939c1c2f93692d97
2025-11-02T12:50:26.226110+00:00,b14da28c733c70ba76f5f75fb03fe2304db51e4fc8817342467af16852ab5667
2025-11-02T12:50:26.347010+00:00,bce9b6c63f8140751cb807d13c0873c2e6ba596f0aeb0268a4f74e45a15fe809
2025-11-02T12:50:26.475981+00:00,416d41f8ab95f35e17371377bd0f06be841c04ea47a23d9ab1b73c0be740efa9
2025-11-02T12:50:26.599775+00:00,7e307c3d827b7f08f590b6625d9d5e422c30ef59ffeff793235c10b6fd6fd1d9
2025-11-02T12:50:26.726753+00:00,2fa4091f8cf6e3c3bb3b0c75179289aa6c095cfdaffc76dbf1fcd271ff2c2366
2025-11-02T12:50:26.849175+00:00,2ba43f3356f3357d1ec08556a1c0b0ab752755500fa46a272e37e1bc63161c09
2025-11-02T12:50:26.970801+00:00,08279fca3dac20f567e43f236a1dd0eeb6ce34fc2ca29544a174bba64fd5e3c8
2025-11-02T12:50:27.089754+00:00,851812d54422a1f079c38afe48136704aa41ad53a289569ef932406191a190f6
2025-11-02T12:50:27.212523+00:00,2d0a9402d3cfb1546250d7cb7e390958948183cae50d0bab9c206a84510f8654
2025-11-02T12:50:27.398923+00:00,88eb2ecc27a60aedfe8e65f9627499dfa03dd7c7f2054267e24b5640424d7bac
2025-11-02T12:50:27.518053+00:00,5a5dd4b8351aba993d9a7b6c4f688df66589f53632cb61c505a7891394bea868
2025-11-02T12:50:27.636998+00:00,cc2a70d3d1fda8834b5e9168071d4b3824c1969333450ea4e90fe5e1349692f9
2025-11-02T12:50:27.749555+00:00,c58e9098ae8356fdefa231a97845e0f0b85a063ed6c30050b27f23e477b50d75
2025-11-02T12:50:27.867440+00:00,ea150199f8522ab5e52bc78c405b49c8dcd726424c8d90f297bc2dfe2d2272ce
2025-11-02T12:50:27.982578+00:00,6d7268c7fe4aa6fc9b92e1348a4425ffd8dfbf310a96b234765bd9d1b2ce36cd
2025-11-02T12:50:28.098990+00:00,6cc98acc87bda3e62bc05686c0ccb07522653710da6389a73e00e0f096cf5bf1
2025-11-02T12:50:28.214263+00:00,41d77681854705975c7cec5b50da1a1e77ad41f43bd2d30e0d4a200d57823bd1
2025-11-02T12:50:28.386901+00:00,f9c7e7fef6bac545d81291491a1974d40e34f26dbeda8cf566e07854d37ba34c
2025-11-02T12:50:28.501159+00:00,24f8a9299dfa68f7f272f9a42001e6df8b2a4affa4a9bf5f37ce81f3f03e11f0
2025-11-02T12:50:28.615388+00:00,f132c5b7b2cebfb10c695f9d3b3b8bd8ac1dfa686940bd91dd8cbc123248ff45
2025-11-02T12:50:28.729872+00:00,166dba3e9e454dee9903fe7e50df01fdf6d3bbf590a53134c2dd485c08689001
2025-11-02T12:50:28.845852+00:00,400487f69c2fe4b08955e97788721a050f1447c74bfbbaaf31acf405f693a2ae
2025-11-02T12:50:28.961052+00:00,e3f92f4441994bdc3532b7a398a0ea2be277756e36ce9c6488ba127c576e982b
2025-11-02T12:50:29.075522+00:00,433d816a6b861c5dfb5faacc4a8fc0ab0e7bc4b9581264b62e63ab6cc083f5bd
2025-11-02T12:50:29.192373+00:00,fdf26f5a30de1c514f125bcd835cc4b553be4482e6f92e648341093627dde96e
2025-11-02T12:50:29.305400+00:00,efcdf76e1e17ed65f6e90afb38e26b396460e38cac4eb62d37f060ee17ab2f81
2025-11-02T12:50:29.420550+00:00,2822e0512e52c03ab962ac538dc8bbff3118d25c553b2668878257b397d6d727
2025-11-02T12:50:29.535158+00:00,7e613b62bb3b8c406609e155219ad02f59bb9bce4a4ef0e11ae40adeec1e1dcf
2025-11-02T12:50:29.658849+00:00,18f410e40f6c91a542ef7a302f715eb5607d112bac617ba06d0ef5e8861fe39c
2025-11-02T12:50:29.773555+00:00,f1ae1bd15e4e4e136348ec0fb20bfca8f247d1e62d97f4b4ec5b8e175023612b
2025-11-02T12:50:29.889560+00:00,c95274fe260ac950189c8f00fd91657879fe5f13addb9814175679ce5f758e92
2025-11-02T12:50:30.005834+00:00,c08584241bbf515ebf5f6d8370ccf004fef7f563aa523c6cca8c9c0254f61158
2025-11-02T12:50:30.121800+00:00,9bf45a096c5148e6338736ee1092fde127f48d3a59122528e0cfa9797bc3b7e6
2025-11-02T12:50:30.239066+00:00,9dd6ee5cde2a57c7a164797dd588fc240f84e693bf8d4e9ad5ae2c41c031026e
2025-11-02T12:50:30.359188+00:00,cc942f67fc2f69f1e214abb0731a8e757746f669fbfbee88c009cb4895816059
2025-11-02T12:50:30.476420+00:00,28b0f7797b965d855538ac5b192f43ee8a472339e09a8402f06fc68eded3c877
2025-11-02T12:50:30.593140+00:00,845659f056d5d679c171a92478f8d087c0035d4d0ce3692897ef647af2c0e03b
2025-11-02T12:50:30.707874+00:00,c4ae79cfbf5a3b31b2187f70963cb828ccc850c0e28aa445016b548ec793f92a
2025-11-02T12:50:30.826532+00:00,2b3f8f828d725a0658b629bd6bd7e6aba5c556140e09a36c2165091469fadc3b
2025-11-02T12:50:30.942217+00:00,17786ef60e96e6ad982348868a49b4fa7c98387d4694b1cd00710d8d93fce432
2025-11-02T12:50:31.057839+00:00,e2062dcaa113782d3c3c0eb7c9c055c050c9f3194ed61b074a8666037051ed1e
2025-11-02T12:50:31.177062+00:00,70ddcb486ba1912364149681aded414a0077fdc5494a38f718998d4b70a81f0c
2025-11-02T12:50:31.294102+00:00,e6ef0c661a98b975f6a1ce1d64744f4da903b1c4692bf2f50d5e0ae745c1866b
2025-11-02T12:50:31.411302+00:00,76249a0b412aaaafdcb7b94ab4043db155072980f7c79b781230e14be21fa8a1
2025-11-02T12:50:31.530240+00:00,9205a90d4b5b0f116863fbcacb6c74413f233d70fb824ce58d836aed656537e4
2025-11-02T12:50:31.648859+00:00,2eb0c66036e2292ab7620b4ef00156a8d4c9f73d5a268d9ac7e1eb4deee908f4
2025-11-02T12:50:31.764028+00:00,e15b78f0d9a368e44a0ebf1ab915b4244aa0f277461227c61e43b980868f19ff
2025-11-02T12:50:31.880993+00:00,6ede59915099b1a5cd4ad0de067584d39d627ffd78dbfe35fa624eb55d7ed887
2025-11-02T12:50:32.001917+00:00,b604c70c7edda7a2f2e201abd9ab70d67c854053bdb95f559139e6784269852e
2025-11-02T12:50:32.122843+00:00,69998493161ea7eb8661952459c10e7d77fb10a3c4e731090742e86c3ee6cede
2025-11-02T12:50:32.236301+00:00,cc7691e6b8751a147eb1f1cae309e29ea4213158f2f6a441fc250a6a7dec007b
2025-11-02T12:50:32.350127+00:00,08df1dbc17d4ffbd97bc221293ca4d445c68a2e1c292bf386e2c0c82e5e63b34
2025-11-02T12:50:32.465815+00:00,16d49acc74d056ae2d6af00cbe1dd6f9a257d9dd0d645add6dc667ea9a89797c
2025-11-02T12:50:32.581164+00:00,ebb89ca039de522de27d3deeb69057dd00c2a7815e120d5b905feb1ff428952e
2025-11-02T12:50:32.695536+00:00,3ece73b18867d32e7b5594e88a1776623d08f96d0b4f1554c3ad0d543c8d8334
2025-11-02T12:50:32.813459+00:00,b9233445b4968adf888a8a0d30a133586f9c3a9baf5a0e5a5ed4a8570c6ca4b1
2025-11-02T12:50:32.929086+00:00,3e8371fa1d508a658428fcf3bcc5f423ee8ba940f77725cef96e0df80ccdccd5
2025-11-02T12:50:33.044215+00:00,c4f14ee5b30db6b0e335ee560129212a6d58cb5e723add6b1907b02be1c22c0c
2025-11-02T12:50:33.159288+00:00,80607f0e965bc1377ab2c21a71188835a61de2a2ca68856e8c541926f64bab91
2025-11-02T12:50:33.276603+00:00,326937eb86aefaae0e1b4a82d5d033b5caff7bb1b2ddfcb4dba199a0dd6e5ad8
2025-11-02T12:50:33.435017+00:00,5f60259672f93c77b81fbe504a578e54615ed16dfefd402a30fbc8d8062823fe
2025-11-02T12:50:33.545404+00:00,40802a45a9035e3a3280ca00daac98d298f4a6e598f90bd18ac5782fc7b93a20
2025-11-02T12:50:33.659208+00:00,ab0633307ab02cd6fd751e26edc4d235db836d93b1ca55c1d3f3cfb4306b002f
2025-11-02T12:50:33.774737+00:00,bc361061bd859bb31c4cecc591b734a374fbbd471663b01279d9a56d97c77520
2025-11-02T12:50:33.888399+00:00,4e2fb4ce747d4bbdc86dd5ddc3f5ab40804059813a84b8af4bf4823a3b0c0872
2025-11-02T12:50:34.004787+00:00,36e987f9aeb0cab8d19099092a8c6686842fefe0bc080326046d1ffdb5338ac3
2025-11-02T12:50:34.117115+00:00,c3418e61b1bfd1621afdc04bba8f794e4e0e8c699ca5dae2a5280e8d1875493c
2025-11-02T12:50:34.233072+00:00,45a278d0374a55d7ad4f4601f00e414e5b32aac5c3a7fee4c97d8fa1b9b259f5
2025-11-02T12:50:34.348120+00:00,42a6507059cfda16a7b1a86004f7a5194985e4ca9e9a1c21809981a16c3b335a
2025-11-02T12:50:34.460982+00:00,db927248e8bb9f38129a052a7bc1c891803ce695d3fa78fe0dab33e284318c8d
2025-11-02T12:50:34.578026+00:00,ed2eb1d8e20242e2bd920af471b9c5ae952efb3319c2d9124336a997af4730c0
2025-11-02T12:50:34.693311+00:00,0985db5eb05010913ea2c5cab52d3142b6c68607026889f57209fa232b38e9bc
2025-11-02T12:50:34.807065+00:00,dd3ef7a112142ecf780dfe6aa9d8f4057737fed670a036ac8167480a880e085d
2025-11-02T12:50:34.925933+00:00,512682faaddd5db8d3aee433ddce72363d5f8dd40cedc0e9f9c58c079393335e
2025-11-02T12:50:35.045409+00:00,c6cb5c1f55f6d342c3a17a96754533d5d29c89c9d37054a266ce1d29847b61d3
2025-11-02T12:50:35.161933+00:00,f86792abc208d1675066f5aa242a4bde0ade725df755866a2a3c108697416394
2025-11-02T12:50:35.280283+00:00,6e18778fd81e47cf76a443413b8004687cfe3bcb3f9224aa0933bc5696dc7a23
2025-11-02T12:50:35.397079+00:00,02d06fade7e7993c199fbf9ba497f00147234aae75c2260691a5447a0c81a342
2025-11-02T12:50:35.515107+00:00,01e692db654d9e9811de7ee21bfde8aac4b85fce72561feea43e78c1c8343b6e
2025-11-02T12:50:35.628272+00:00,eda70123a2a4bcd1dfdff7db5cf1a816bfa11320e58e2f0969a25ba98e34e1d5
2025-11-02T12:50:35.744056+00:00,cd7b84afaa6ef506f49b1a6685784c3e7c1746cdcbfe07ad0868b91ef987bcd1
2025-11-02T12:50:35.862696+00:00,d1d0c6dd51f59e0b66909e0f259a99f226b0102dfc816c16f200bdbebef3db2c
2025-11-02T12:50:35.982999+00:00,1767c90a3ea8e6edbf617d661df48b0258a2095fe6be47c50b4585946b029dec
2025-11-02T12:50:36.108540+00:00,74923f6d5c2e5293bfad589cfb33c130d75c2c80dceaee1424f98a1c358a183e
2025-11-02T12:50:36.222969+00:00,d1f884b10117ee79d12fdee481bb525db212d29ff927d5ba15d047190aa3f24c
2025-11-02T12:50:36.335696+00:00,84dfa1f4e8d75546bf725a51df8e031e9b2ff0d200dc18e6a5710254c0faf185
2025-11-02T12:50:36.451377+00:00,7a9a26d7bddbb0ff52bdc323cd5976751ebba1773640c3e926b86de932d5069c
2025-11-02T12:50:36.565988+00:00,b64c734a58574ce3b97a99c8e7b3bc42b49c6b6ee104dd66bf821fb92fc00169
2025-11-02T12:50:36.684419+00:00,d7ba0b7af78252e164c0fe43b47fe5c1dc05f0648317a8322a163a1df6b5fffc
2025-11-02T12:50:36.805743+00:00,3f10baa692ddb24c9dd652b17aa9fbd18f9f35482368bc4210de7db824cf5eb5
2025-11-02T12:50:36.919934+00:00,83287ed7c601c690ae7d0f77a848bff676353ecab6e79666b71f357b2944904c
2025-11-02T12:50:37.035044+00:00,6307b0c2e1e20f3bd6f94e4f802f8530fb694e8d35b7a7d727f6d5d72612a41b
2025-11-02T12:50:37.155297+00:00,22a4784b76a7ebf48bd43c6842eee0f65835c37c8e2ee149732c1a0c7d8537fc
2025-11-02T12:50:37.275301+00:00,828cbe599d1880c53db534a431cd28341a90e336870e55fc2c2ef2a270ec4d27
2025-11-02T12:50:37.392750+00:00,701c40bf9c09e7daecd2e89bb22477a09bd8ec879facf71d5c910c39991e8898
2025-11-02T12:50:37.565611+00:00,4bb8c4ae7cfd34708b64d196264f1f8d4d2b1ed23a5bb79e32f657765779a5d8
2025-11-02T12:50:37.681092+00:00,2e7ea3c46f279a2e85b4beab9672a1cbb953322b055a7a6f76bbc36c45a63976
2025-11-02T12:50:37.947694+00:00,179d948d3907dd45d5bddee86c5a29820254f4db0ce35fc4c78e7404a50e5054
2025-11-02T12:50:38.066883+00:00,ec323a52b96e7fe0e00953d75dbf29ac08bf64f87d26c64f3b15753f63ff373c
2025-11-02T12:50:38.181500+00:00,cd1598e13931e3ea6d7dfe1764143c9a29b2338dfac375d31427ece3d947b864
2025-11-02T12:50:38.299039+00:00,8ea1121d71fda0dc3c863895df19160228f22233de72d0045689acdac8f53c53
2025-11-02T12:50:38.690735+00:00,9666157223758a49936ef458fa3d1491b38349a0e8e648561495df2a5b2cff0c
2025-11-02T12:50:38.807928+00:00,163bb22ed399a65049daeae51e548c6c2ab06100cd221dc14c2833ea188be3e0
2025-11-02T12:50:39.023806+00:00,77d9b09096ce93fc8d97568fddebd59f3da1f6d30406f96742f1c1acbedb828c
2025-11-02T12:50:39.142809+00:00,b19f41ee450dcc0f04e31838f7ba141d69335b47fae350352b3472944b6c83ea
2025-11-02T12:50:39.260585+00:00,cb659e812c29665a4d44134749a2aa1b64a6e9a766623ea4539723fe876fb2ef
2025-11-02T12:50:39.378717+00:00,3a3b99999f4d0f6955b86bfa63cd1461edd642abe30e1089e014ce84e5281002
2025-11-02T12:50:39.498985+00:00,2e9bc171e9afd7cb0de39030dd923c99fe6546ae0e9b771dfccefed08ad0debf
2025-11-02T12:50:39.631873+00:00,1e0542bd62b8d208e1f8e4050a265ff9e61b1bfa20912cc295ade5029d99f12d
2025-11-02T12:50:39.750855+00:00,d276cad4cc1b9041884e672bcfbf209de459317480d129d2a996da2a2471a750
2025-11-02T12:50:39.867986+00:00,8bf42ca83e8382a3a060d71fb82da130b1dfbd217cd2a2f8e78a0a2cecdc1cd2
2025-11-02T12:50:39.983087+00:00,ba59dbb18420a8a423884623ab0ae7d2f980a9004ebc893599be2141a2af8e72
2025-11-02T12:50:40.103039+00:00,431f6770a752a96756d86e5e43a3146b03fbc428a0c4c8219bdfac910ed96757
2025-11-02T12:50:40.228494+00:00,84d3583e19f0885ee85e6eaf5f606fa0cc2566d439ae74b38f0c3905ccb277e1
2025-11-02T12:50:40.346347+00:00,c8279d3ee506de0147adb27867c75c66939de2fb1f73fd2f6085f2e4e7984b76
2025-11-02T12:50:40.493400+00:00,1b684c472bd70a986570271ea9f71c2910a1a1f92a1a67f732adcdff75e7d79c
2025-11-02T12:50:40.609666+00:00,0fe4acb3af1e626ab9b525ef995fedfef317134117cae09083162e3a1cabf30b
2025-11-02T12:50:40.731827+00:00,497b89901c82cfa9e94f8dc921d95fbf76fcc19f36b53264eb956cc0d1252f6c
2025-11-02T12:50:40.858178+00:00,c2714f415d727b334e1d67fa6e93dded04e293bdbea70c5e40536675c9836ed3
2025-11-02T12:50:40.987088+00:00,1bdaa3422cbd40522a75ed359350e9806a1e951c16ef7e4b57cd8669553e2103
2025-11-02T12:50:41.108981+00:00,45c1e1f02c49dcf0652a3892991810d78205219490a3915203854ca0f44bd2e9
2025-11-02T12:50:41.232944+00:00,59d8e1e06d9730bb6d6c313a1ff788748d7fcb4692a4a160ff9e6252db8981b7
2025-11-02T12:50:41.354282+00:00,579d1c7278c5f0e6aa4a829eb69654b1c08b70f21422a9afee1036170d1d06d7
2025-11-02T12:50:41.479513+00:00,d101596785668c19a6ce12d91fd09e5235c97daedb710705c7e3aac319e98af5
2025-11-02T12:50:41.609905+00:00,cb45eb4176bc445facc82ba5c135da73748468384860dc35fcf125668eb96c32
2025-11-02T12:50:41.746336+00:00,4ed381f8bf3c5a268dda26199a25705b488cc5df3a41e96f60069f064126c582
2025-11-02T12:50:41.864393+00:00,b9c82e01a27f9ae9461ec3a4de10da9e28c5e226156944193a2dbc21a1bd8150
2025-11-02T12:50:41.996531+00:00,dbce70f15b156f0b63a9d256d61049f6e28c51b679dc1cf733606eee5f455869
2025-11-02T12:50:42.118365+00:00,8569cab2f476f9fa53645e410b909aa7c921da20808ad9f681645639aabd000b
2025-11-02T12:50:42.237791+00:00,287d16e0e296a80a6c9051cf7e75415341683a153e44c40d94bdaef45dfbb0aa
2025-11-02T12:50:42.352992+00:00,5f9200029eee94f6d1af934048dfb9d41b1a49fbbfdd20306948f42d80529105
2025-11-02T12:50:42.483133+00:00,1b02f1af184128c4dde9ec787f0ef1920eddaafa605d5dd1c01b12a97d215eba
2025-11-02T12:50:42.620980+00:00,ab951e9d54ea933acfcb31969ae68afbc7e4963281da7dc3b1e1ea4ea6b8e3b4
2025-11-02T12:50:42.740698+00:00,07ee9e6f5277d53db4737c6cab51e0c4d038974c698ddc2c990d6fd2089bb5aa
2025-11-02T12:50:42.864288+00:00,5c1bca153a0864af94ba077cdb04b3439b862c348170016523742d2bafd9fcc2
2025-11-02T12:50:42.985889+00:00,c100b00b015cd101aee88c1c7eff4fb7f04f7acc59017343338b9624fe5b07d7
2025-11-02T12:50:43.109985+00:00,d4e4d4b772b724db1baba55e32946269e13f398d5b3dd7abc2580b8cde6cf321
2025-11-02T12:50:43.235187+00:00,1b9cff6a0b25035f26ae191d9315efbf783cbfd0ae2657c8b7cfef081f69b826
2025-11-02T12:50:43.353762+00:00,7e304f50380e6fec3436363d12fedb8d67d29432240bb3000a1f8703e9967b85
2025-11-02T12:50:43.476616+00:00,c45e4657bf39a5bcfafd4697c345fcbca675b5f526aa2e0e476bed3936df9aa1
2025-11-02T12:50:43.595099+00:00,cd6168b459da508cc4695d26d7368e0298b91018fe32355345f4822b72c98a53
2025-11-02T12:50:43.714791+00:00,b0fcb66f79d21d902896c637f37e7e2bbffb77edc89bbe45b324df100fb5e99c
2025-11-02T12:50:43.836652+00:00,48e7c4ec48ee6dfeff5a45ff110b65bd96c13b934d6337211f6d03eed490d070
2025-11-02T12:50:43.955549+00:00,0d4758e7c57937cf2a724042cbc0ff1559cdaaa97904540b9bfa7975821812d7
2025-11-02T12:50:44.077496+00:00,1caea179d0cbff06848ce6329fde5cc10fa81c0dbee026bd54722206a1a4bfd2
2025-11-02T12:50:44.191596+00:00,7e0d9b56958960a7729c9e170dae9c1451fa1b253d8bf1cfd5d70b5d256fd4d4
2025-11-02T12:50:44.365932+00:00,e2e73fa62aa95f40a65f3911b25d8690c3f9ab53f1a9de7e81bf39eafc2b5946
2025-11-02T12:50:44.485291+00:00,3a2762d788c3ebc40ef04aa9f3c924ff74f3b41af5f0833d067d6a3dec55bcc7
2025-11-02T12:50:44.603954+00:00,96477700ce08ec39383f5fae8eab27bf5bf4102ac79655774b332d609c3fc355
2025-11-02T12:50:44.726150+00:00,ec2a9104d85586be5b3454743d52f24908c67cb5268fba3059c780f0b0a5169b
2025-11-02T12:50:44.847898+00:00,78962fa9d69e357ebfd78e491900863e0a7d1164ce80fbee93ec6de5c80017ac
2025-11-02T12:50:44.975884+00:00,6f9758ecef0e65b6218815f4f805b210e4d9985fecdcdb46d8211d12b7891ba2
2025-11-02T12:50:45.095718+00:00,a22af442a488fb5e8bf931e4a63ee83d682b3081c10b3b06ecca0d5a6e176148
2025-11-02T12:50:45.216405+00:00,560b9bdf91a2705b5640462fcfee3ce14d3a30d51ba887de44fa4454d24e2f1b
2025-11-02T12:50:45.357546+00:00,91f749ef1b545243bc900884c1f863064b9f3b724afb0219f476df3cad8a8549
2025-11-02T12:50:45.479072+00:00,6954bd70217d628d7015f3e24b20cb1741b131f196056b14c4cb8545a63353c2
2025-11-02T12:50:45.603427+00:00,364d3d8cede61cb09f7d443647f78ad06e0f62eda7831d0d5fc110a4d18ffa26
2025-11-02T12:50:45.734873+00:00,5b0bb29a61e726bd10b0670e20ab5ab74e7cb6c61467bae4aa58e8f612f5b93e
2025-11-02T12:50:45.858236+00:00,cb3dc399c52e79ece78cad4e4dc35f690572a94263ca71b8bcd09b024ed907ab
2025-11-02T12:50:45.981249+00:00,9518322a2919b103acf726a79170c2f391679a8f86c24e123e8b7cdbb90659ec
2025-11-02T12:50:46.106042+00:00,7ff3c859c9624f9ebe30d46d704f1231eae5914fceec7dffb16faec50d5fad22
2025-11-02T12:50:46.233830+00:00,f9be30a99bdcaf4a3edf512f9a94a481f2865750129f4411a3bb6f913eedb536
2025-11-02T12:50:46.355820+00:00,5549460dea0cff4559eee8f3c06843b71fc19de3f05cc04d1f3fc8ca712d10e0
2025-11-02T12:50:46.479340+00:00,b498214ae15c88a4523eea288bd48495343a5b80f1353c860f56fafb74ad3903
2025-11-02T12:50:46.595968+00:00,f3c5efd25e32ce3aa2b31ba4ea671bc749a38309c8edbab5a027ff2dd86fb151
2025-11-02T12:50:46.720191+00:00,992ad2133498e84948cf107fa229742e2bfebe3b99a56594ff983136e28cf755
2025-11-02T12:50:46.843789+00:00,780f3e139e733586762771dcee8cade7a364aeca9799ca778e18ceb5a91980ea
2025-11-02T12:50:46.966217+00:00,f8e55211cdd9f45b428ede5d95df58be91e78c71a3a8e7f5bf8d89fc2512930e
2025-11-02T12:50:47.090107+00:00,bcf5cf95e88dc923be756d49a35c1463b5f217405fbd0ea165f445dd013db6a2
2025-11-02T12:50:47.213846+00:00,8f7164dc92dde0147a0c27fe1383672d03ec879ad7ef37043b193ba5c71d4f7d
2025-11-02T12:50:47.332157+00:00,0f2d6427291e1e5b8cfa7bbc59d5a3d1d816d6821192be6abfd2b4458a260987
2025-11-02T12:50:47.455114+00:00,55d8bd1ed88f27bcfd8a9df71dc9816ae847eaebd2081ea57ed1e9e9b39d6c76
2025-11-02T12:50:47.574641+00:00,0ba43679efde9feea18a810d9c76facb379e65b1c0e5592b3514d632d120deb5
2025-11-02T12:50:47.691293+00:00,acfd1024ba4f1bd6387779049321fd0082a44d4992edc24b73ae95718e5e6172
2025-11-02T12:50:47.805621+00:00,ea6846721f66bab24f8c5d4b230b2a80b6111a534bae0629e7ea4a13deb633d8
2025-11-02T12:50:47.927243+00:00,07a9c9a3a378797c8c13c8d7b50be11d66f86d5edfa4a5098fba8d733fc6fb2a
2025-11-02T12:50:48.046368+00:00,ff5e4ff4f8e4ed9af37c62191f0ef01e1fa7fb1b755e94283864d86470817002
2025-11-02T12:50:48.166433+00:00,3f5f7d9c9814eeea500a64060b9e5aa54f3ccd60cdd3f338cb55cbe66a7db4ed
2025-11-02T12:50:48.292454+00:00,fbb09f0b10625d8b995bc2c00ecf827d3fa19399c56deeef8499d3eb8e337275
2025-11-02T12:50:48.416596+00:00,60f19ef4f854da3c6eff68b5c4362c641b1fec1dfd23239d38a7198ab97077ec
2025-11-02T12:50:48.624564+00:00,a54f4be0d8f4ecf92defd6765da51982ad3ca4057e46d0ee26dacec1a4d7f8a6
2025-11-02T12:50:48.739884+00:00,b6d9475395304f9f619c4dd896226ebfb8422b41cbc15c225d2ddf11ad3a61bb
2025-11-02T12:50:48.858054+00:00,c116399b0a06e11ae7dddc5578651a1c10ae3bbc38d1a32c24fbabeaaf2b01d5
2025-11-02T12:50:48.977766+00:00,0b29d5eaf191c48282872abe277dfc2413e989a09aa8eed962b7fe80c3fa12c7
2025-11-02T12:50:49.098548+00:00,f20ea33e49c363a740f057f3b46f08a45afbd652396d8b09e5c6890b2b96f019
2025-11-02T12:50:49.221494+00:00,2f47a389dd6aa7933a9ce9e9d1f7d623ffa88ec397a9d4ac96c1334c3a1761de
2025-11-02T12:50:49.350366+00:00,7fbf1b1a74899f3bdbbb774afc002456fe4f0103763b924c431ec2928616e5a0
2025-11-02T12:50:49.472688+00:00,5df6f85e85143c375785ffe424636642518e70555ec8c3e6d281fea3dadd5f35
2025-11-02T12:50:49.604770+00:00,a25d1e783ec57cc3ceb8b6f278473452f406e230af375772acd6c9d0a343ae5b
2025-11-02T12:50:49.716571+00:00,4d4f61dc1f7a139366d7330e3059cc965f352d399f10c31a4c76f0f2bbb46f80
2025-11-02T12:50:49.835760+00:00,0e83482adf1e54d509183835fbf0ff0db45bd29e4a44264148baa75875dfbfc3
2025-11-02T12:50:49.955309+00:00,d443da2636692228b422fb806d7e70d9ce99bd64a60e36e25d66088b004b2cfb
2025-11-02T12:50:50.075298+00:00,cd5858359f8051c5666ecf7bb04c52f1a24ed63b8143c6778e127f2708f213e0
2025-11-02T12:50:50.203900+00:00,a2350f51dbf3d2e1f449c408965cdf08708031f0da91f1f874d2ce2aaffb4141
2025-11-02T12:50:50.326191+00:00,a54086fda80e4c3f542d4ac3172116ee581f500b89a88901edbfcad78f755a89
2025-11-02T12:50:50.441548+00:00,35cf5f248fae555a78bdb8c900d2a97a5cf014839a65fa44ddcfc8112d607c80
2025-11-02T12:50:50.563674+00:00,2e7be2a96c5446253915a49138e868ebcc2970d81736cc8aed9ccc551f568ce1
2025-11-02T12:50:50.684000+00:00,27ff2ad8e5b6b4f8c77cb6295765c3985676aa6aa61de02830703536cba4948d
2025-11-02T12:50:50.810880+00:00,6a7759df893569c40612a2b3ed8d98a2ddd3e7ea40e30b9f3b47c45176cf8db5
2025-11-02T12:50:50.931639+00:00,87b5f5dd129512560e53a288e980956156a12dea42c2020bf3f82497e4fbd8ba
2025-11-02T12:50:51.053317+00:00,924f99cd5119aa9fd2d62a762e9e44e5ca97440fec4b5db555eb35306e7a53f4
2025-11-02T12:50:51.184230+00:00,63b1f6e64643df474d8239abd88c37c50bf04ab188e308c51114c2c5c4e22a44
2025-11-02T12:50:51.305374+00:00,e913a339ba4aed33dc6e3840253529154470ac759b65633a720074b74225d03f
2025-11-02T12:50:51.427275+00:00,2cb8ca15ec78a6f11aa9ae58970760313a99ae01bb35510551f714dcadadba43
2025-11-02T12:50:51.551491+00:00,ca03dc26248ec5bef271aadde7be9d6a7a5ecb7023dd05d4e1d74f68f05a0105
2025-11-02T12:50:51.684232+00:00,68c16176c52da0ee5bfad5554263ea5d7fd2e8f4781cbd6bd40d571f54f00ace
2025-11-02T12:50:51.813608+00:00,fa338e7868be7f9a041233a8a672df1ed7764628225afc2ea900d0ed1edba8fe
2025-11-02T12:50:51.937055+00:00,3500d9af3c8eee4289f2d1e2140a7179ec7bb4603b600a06324ee2559fdd0968
2025-11-02T12:50:52.065204+00:00,4b376c3f72c82a8ba510536687b5a0f710a729a6a41bfd1d9629eba8eaf0ad1c
2025-11-02T12:50:52.187123+00:00,a33d1469c3905745d9d35396af5bf6e2b87afa45ba55e6891ce331ce89933764
2025-11-02T12:50:52.310516+00:00,5d80f406eda11f71a364ba1bc80a2ccd945c008b8f9cfefc99c1cd5ddc07b8f9
2025-11-02T12:50:52.433772+00:00,9232a294c11c33b03aeec1205453bb2a819601be56e19c4c6bc7106e98d8c150
2025-11-02T12:50:52.558656+00:00,ae06b32991f0fd9a46527136e762136a9b573a90ca3b4f24ff14520a846c5f55
2025-11-02T12:50:52.681293+00:00,61a13376344ffe25fb9531626b746b13c619d6f0c43f0cea6217d651a54f0844
2025-11-02T12:50:52.807150+00:00,0b0a75f08eedc486870796a4f98a803196168c1bd986ae09c92c4c4e55e50d1e
2025-11-02T12:50:52.932719+00:00,5da589868bdf22816ed9ca1250183cf7c27474779f3075dc7d23009f2365f5de
2025-11-02T12:50:53.058944+00:00,9ec432693e06f4f42248aa931dbabd04e7b48e6e2789fc348e3ff594c6b9d5f6
2025-11-02T12:50:53.176044+00:00,86e644c186b8c8c6eea8f661d22017f355021d41fc6e8eebd29b2d4a7dfa637d
2025-11-02T12:50:53.300518+00:00,3410fdceac5faf244194dcb08b5a11bb1a51006d316d72a66f4f96ecb8acaf3c
2025-11-02T12:50:53.422411+00:00,ffbee63e88aae77fd4004b93fb3a3c946af2bd8177d84e12dcc36802b79cf247
2025-11-02T12:50:53.565638+00:00,2117d1aa86c6977e50673486ed90795ef16c4359e725d9da76ec2ff889a818fe
2025-11-02T12:50:53.681631+00:00,900f4ee2549066542bf8061343488790ff78fc531a952b0b3de0583d4c36a10f
2025-11-02T12:50:53.799612+00:00,4b7a77f63166653451db92f3375b796c748a1256dc545acfdfbec4977d23311c
2025-11-02T12:50:53.919729+00:00,15d1204951292005209cd810374fdc112d1260003a9f1663c75b9e123904e98d
2025-11-02T12:50:54.039565+00:00,0faee8b5fddcb5bfbccd891db4471edcb2e115cdef502c63423130229dff6e7b
2025-11-02T12:50:54.164648+00:00,14fd6e1e1d551384dd531d31b28914f9d78d12dc3737263cffb83f67e890d4ce
2025-11-02T12:50:54.285704+00:00,e630f9a0b21b447fbc765ded417360630862e69841f703b496e3ed5cf435bd54
2025-11-02T12:50:54.408837+00:00,a80c582b15377e6fb8c54ee55a7e85e544ac6c03c7e931f81239fd4a5cd4d073
2025-11-02T12:50:54.533045+00:00,335b25ec37f5dbdf4e727fd0d8a3aa990fca7b16f7f0f168eea9d0452c901582
2025-11-02T12:50:54.654296+00:00,b3c2536c1cde0b42a07fdfd757598a29b989ebf949b4c644be1c46b377702e79
2025-11-02T12:50:54.782936+00:00,95b31a16fb3d481d9295c84ce35a53637436f21451b4ffa821207859691e8991
2025-11-02T12:50:54.910648+00:00,423470e74919af6df1928aa305dd5de1728cf1137583c28b239e94644954c881
2025-11-02T12:50:55.030514+00:00,71aa8906a6c490d2852b4d3bb6088f88417101d52a6da1c945bd824b55cc6ef6
2025-11-02T12:50:55.158741+00:00,b784f6c3a30b5734d87bbc846c264f7bf4c8b2f865f3699ff1f23f517b86d190
2025-11-02T12:50:55.280368+00:00,7a1fdc954199496dbdae0b935253645a8b9584b0de48eff1779c15ff353780af
2025-11-02T12:50:55.402188+00:00,8bd68e06d2cac6fd5c68eda9f558882b4c8355341ade645a462baf2ad9826dea
2025-11-02T12:50:55.528098+00:00,f6af374591abceeada0b0b6e9298d66b0fe83f250f87d93a8a4640864261932e
2025-11-02T12:50:55.650674+00:00,aeac9b9e07d2a9914f349b25ac78607d77efe74c44d4f7004253131672a309b4
2025-11-02T12:50:55.775452+00:00,344ef6e118224c033f1d90d21a64a36b21cb160cec0ced8610b676692da41805
2025-11-02T12:50:55.899591+00:00,d6a8c1d2dd4d8e1016340f2eacd419957a3b0ee6bedd342218be99d9ef478dc9
2025-11-02T12:50:56.028007+00:00,98e164de7bb2b86d22763aed33913b8fed37df1c5c56c3c05815c0eb6abbcd87
2025-11-02T12:50:56.153878+00:00,b0f5e175e1f5823f87c6bcfdf0e111500e13997e9321df43116eccbadd4c41dc
2025-11-02T12:50:56.281763+00:00,b86851010ce349284bb32a29855afd9539d805beb504edaa26057c1b4d6d0b9c
2025-11-02T12:50:56.400813+00:00,6bb8778ecf847c06cd3adc4e0f7cb00b08555dadc31f9a0da9fe171cdd739ada
2025-11-02T12:50:56.522191+00:00,216aedade8b5a363c8eb0ea2e92321ca3f18e8235f07fcffb9f4466d81cad35c
2025-11-02T12:50:56.649704+00:00,c594e774ebc2a90af389288cb89c40c70cd0789e81a9970b1ad6fdd092e35e94
2025-11-02T12:50:56.768971+00:00,1ce83c984a0dadf984532b1f1745b5207e387b282abb433e6c4a7b253a4f77a5
2025-11-02T12:50:56.886825+00:00,5034fd674a25086215971ad9365e978108f92abcc57b09d8e27d7eb7ac31f44f
2025-11-02T12:50:57.009148+00:00,de2ccac4f8b85a54d25a3ee74ebd58022be36d43a359ea3c3a4f474bfc9e26d9
2025-11-02T12:50:57.132875+00:00,33fd20b7dfa5f62f88e99403dcf9511dc3ae759ab1244d6d5762444b9248b789
2025-11-02T12:50:57.251465+00:00,802ec5350d4de2163caf04fdb70c38a8fac9ebc3778813099f863f7d3f6df563
2025-11-02T12:50:57.374817+00:00,d77f68d13c79d70688ff8ff5208dc680116abb6cc70cc8e620018e4664ce67c6
2025-11-02T12:50:57.493833+00:00,713e37027566889bb938ab4c1e0e38c9e63e096e92a8c721035a5143fc688fcf
2025-11-02T12:50:57.608712+00:00,e2b0f0dc955dc8f4d02689298d905a86c5d0572bd420c60578fcc6e9eca8d50e
2025-11-02T12:50:57.723404+00:00,f12a1527f5d12c4f84c24aab0452c5589b26a11a7bd22f78bdcc3a8d9f6113f3
2025-11-02T12:50:57.840779+00:00,9aa228a28de38eaea108eb7d1e149373b8b3648d4a498cb90ce2f05f80288066
2025-11-02T12:50:57.958497+00:00,76a1e480b71d0b1b40c6628e604d62fe5396c09c900d78051218594d5db0c796
2025-11-02T12:50:58.078512+00:00,211d8c2dd7d68f7e1703c140079cb7f481e8740ef89e220e045e3c050a88d039
2025-11-02T12:50:58.200379+00:00,007514a130af2dc5aa4ae8b63fb039904f455a335313b9269de8c55ecd728077
2025-11-02T12:50:58.321773+00:00,40f475ec7684453b36fe85fc53b5c5443fc2cd5d7cf443c5c9082b6807af6d1d
2025-11-02T12:50:58.451094+00:00,705f98aabcbee13394f693fdb00df824930b2453ea102141db7031dc401246c6
2025-11-02T12:50:58.571839+00:00,b2760c9e48acce755dc4ba6a7eab163f3e1861484150872028ad20fb64d4374f
2025-11-02T12:50:58.690589+00:00,8897a144f825bedd1439f6d41c72475b71228633d76bed784635414a759a7673
2025-11-02T12:50:58.810369+00:00,753fa1e964a9826121c0f96165a1b6fa463fd1fa8b74954b68b15a3a09855f8d
2025-11-02T12:50:58.932296+00:00,e1da7ddef8e1a11dc9eaef219452433539f2ce75c70dc2d8ea93b4d8a71f4a73
2025-11-02T12:50:59.059194+00:00,9b9124a5553e57d59c9afc13528452b0e0750fb5dd0e4745cfc1d6af629d4c2f
2025-11-02T12:50:59.186501+00:00,672c3794fada2b6bfb20ea1ccf874f0776850170fd465cf91f2a40c33be3fe56
2025-11-02T12:50:59.308748+00:00,1314543aa06fcd88ef971a7f0e20f351b252c9fb3c241e67016a827b065e9f05
2025-11-02T12:50:59.435344+00:00,34a9e6bd90010fe79b3a01fe6d69f9564d5ccfb860897696b0849bb69f8afb0e
2025-11-02T12:50:59.561470+00:00,24b89accb06e434287884e166b476ef97805b60a7dd925ed5ebf0c0a0396dfe5
2025-11-02T12:50:59.677744+00:00,620df6483d83c96c7f1368c0dfb06387bce4f852f4e475cc2fbae06a31a89040
2025-11-02T12:50:59.797328+00:00,c3be6271ecfdf3a5a4cab67fe3c1b289b4eb72a2aad2e417adcfdb90990b8c8c
2025-11-02T12:50:59.914111+00:00,5255523187bb105afb40c2d277ff2e094f1f7616b935776c957230d8aec74281
2025-11-02T12:51:00.033338+00:00,86ad9a4b6300c81bb6950ef9c4ec8ade8578456a7e66eb0964e8d17412a5f244
2025-11-02T12:51:00.149568+00:00,1d8a78ad7f2e54728c8ce52a2c9938709daf7ca9d70259947e5eff6cbe8db7c5
2025-11-02T12:51:00.269127+00:00,66d882b488e556ed7811b04d684996b07794ae65653389f945c3ef13ada201d1
2025-11-02T12:51:00.391291+00:00,75a7ebfd1664acc17ec688ccaa4b73e39fdbee5c590ee951ad8b7a221878308b
2025-11-02T12:51:00.508544+00:00,197e8998ebe8dc2b242489904855091f099318f10a6ce81801e09e634dfcbf46
2025-11-02T12:51:00.630758+00:00,0deee97585bf407512151b6ef04572653f2129eb06e07e4ab699393d3fc9dec0
2025-11-02T12:51:00.756109+00:00,6354fc98e9b19ba24ffccf768355a96c30d33760879cf8876fb5d108f1b496a8
2025-11-02T12:51:00.886061+00:00,401134e8d41d9a86c588fc1d9f1e5e30ba6d17222d804c3322212c19fd7b3f63
2025-11-02T12:51:01.005179+00:00,770db118de21e4765e4d72415fc707fe0e20e5f36bc11f6ea1a47ff266e5f6cc
2025-11-02T12:51:01.124803+00:00,168bb466b6921fbdea037a91f8ac51d1def6a2def6055dcc697f77dbb3cdc56a
2025-11-02T12:51:01.247406+00:00,a6dab47dcd50ac9cae9e5673e086cb53ef7572e743c87221a8b9d4634e8f305e
2025-11-02T12:51:01.367710+00:00,40052603fe01e39762bcffcbefeb5f9b97d25e1347c0a77c6d66526bb6663462
2025-11-02T12:51:01.489993+00:00,221bbdeaca0853906dec969186757aaaac1876281f55b99b98846504f95eb4a8
2025-11-02T12:51:01.610833+00:00,86440536bd20ba4fc0ba92133ec8ae25343defeee8bf6f0e4d7532d449a33938
2025-11-02T12:51:01.739489+00:00,0dff3c9aa248f814ab0731001ca50464423c63b92418281cbcae5ac938677bca
2025-11-02T12:51:01.861998+00:00,2b89931366ff44d79cf62a31151b9f7f3830d536f8cd3f79a466bd0d228b8a6e
2025-11-02T12:51:01.985783+00:00,867a4251330b116eb20984a8b81c49042310400c3773cfea315f05c4d522e4a2
2025-11-02T12:51:02.105634+00:00,d3cd02cc53e4f862a5b112510e165f01a13061553a30c608586cd05d4826a623
2025-11-02T12:51:02.219541+00:00,b9181e041b4622419f9f61bdf89f285145adb71578046d5a73372c98d85f435c
2025-11-02T12:51:02.337294+00:00,58e6df548dc19d9eb796379641c7de4843057c999971b7f76dbb6f9a40aeb657
2025-11-02T12:51:02.459826+00:00,65ab818c971a275677ec873e7c0cbc466608f9fc19a62e308eb69b3b729a0cd5
2025-11-02T12:51:02.577252+00:00,c500cc75b887ef2ded5249da104f19fd21df6ef49168df5a0338e9373ad64b38
2025-11-02T12:51:02.695534+00:00,5dc2f02b5cb6cf2eef99c89c6621d4e51a3f92c36c204498d43122f9dd939d2d
2025-11-02T12:51:02.813744+00:00,96814380ad27550e199c583bdd22ed7edec22bd926226bb2d4568c8fad4381cb
2025-11-02T12:51:02.932204+00:00,7c7ec4226395ba71d21e18a8d6c8d85bd80379448a1793e4eb7e1eea8de46b60
2025-11-02T12:51:03.055219+00:00,1f054598575b16a56d99e9d2e441598e7a3e5649d16ed596440549b4c213352d
2025-11-02T12:51:03.177225+00:00,533e0262917f9e7df20fc3bcf987fce1f56da03f0a37ef3e41490331969d97be
2025-11-02T12:51:03.295138+00:00,fa34d25ffa27d7af1fc1aac721e405e234348462227ac3ffac78fcc800b9a6c7
2025-11-02T12:51:03.413293+00:00,475b3db804bacd3da9afe07a061fb68dd3ba11756b2ee8faa6869a2dd375fc94
2025-11-02T12:51:03.535728+00:00,18875ee2859a9dd67f35c57c5938e37b24a75b304092303784281ec37d8b9074
2025-11-02T12:51:03.796725+00:00,f1e5e41d7a78f8c6a1eca9c681535529ce67e574ee1e55c02655cd9fb20b1ea0
2025-11-02T12:51:03.910831+00:00,88bb16d5c55857402ff1af2086eb59abbef7c41ac9109688a7cfc047cee8e25f
2025-11-02T12:51:04.031699+00:00,6ea471fb0a6652a4faa562309f23828f3b9e17577a98ffe9ae7014979ffc50ab
2025-11-02T12:51:04.148874+00:00,c3eaad6857df09a276cba5150a3246cd30aa162d892e6e615026d7d0173d02fa
2025-11-02T12:51:04.263003+00:00,e2ae4e492143d08d3ae738770bba73be46ac3ee36afb5e2a69e246017c46178b
2025-11-02T12:51:04.376685+00:00,400b3c354a6fe15b65931e3e433058c18c2536452174ee67c7ffe15e8bcbe96c
2025-11-02T12:51:04.493850+00:00,b119713d0e4323b16d03e67e9e8e050d68ba4f0c477cf3790971ed2eabe315a2
2025-11-02T12:51:04.610802+00:00,990f2b487e5e348bd4fe9472d3d3331051113e2e5e1b94fd84d1e11ad8303c27
2025-11-02T12:51:04.728583+00:00,fb77cbba73229f5e70b35eb2ef1fb026aff5e29293c57355945fc5ef26bc25a3
2025-11-02T12:51:04.851399+00:00,86dbfe2efd7d5aa1dd293d4ab85fbaed625fcb29b11af831b81d96717fe4d083
2025-11-02T12:51:04.971174+00:00,11bfa761a5813107322297b2605f272ebf53e9a08ff120e20726f9cbc8a144d6
2025-11-02T12:51:05.092388+00:00,cb14aecd828451fc52d91f690691c3e80345b13997f5c2b603cf6caee65cc3c1
2025-11-02T12:51:05.206128+00:00,e0eca95d9737a7067266b147aa244f1f8c03bb7f9ab6cb981077e6a8b41dfa4d
2025-11-02T12:51:05.323325+00:00,e12b7c98a090f69349366e5079e7bb30bca93320467746134e20b99c146e86de
2025-11-02T12:51:05.443806+00:00,699aa707605421bba226bb2e7db64452d11dc4908bef361c032fbe3df7b19e5d
2025-11-02T12:51:05.563298+00:00,a7098c47ae162c5920d55db396938825800369e60203596306fddff13db26949
2025-11-02T12:51:05.682069+00:00,7a6806bafb2b39af422d0ec5e4bf78a573a00d2fb697e8ea49d6973fccf4fe10
2025-11-02T12:51:05.800258+00:00,139430e1f8a609e6ee2343e11ed373ca1e445e6b971c0832c4230b28f1396016
2025-11-02T12:51:05.915303+00:00,4116edbf8011d7f5aa21917547b5ef2b89e97599fd7af73519b56ecff92aeec8
2025-11-02T12:51:06.036843+00:00,19a6c7f2f8f70e2cdb5a5121ca3e2af5d2f42e8fb75a80ca9200c640818f3b7e
2025-11-02T12:51:06.158232+00:00,7125c7b993fd575c096e6cabdd1a99799e5839ace32568ab6978229ce55d0404
2025-11-02T12:51:06.275775+00:00,3c6491d090b7076fd51ecb3ab9e9b892d8b267935e8873158624e632bd56ec4c
2025-11-02T12:51:06.396047+00:00,1daa79e7c6b6dedea0044b476c0cf876e5aa4cab50d30218db946f183544fa7d
2025-11-02T12:51:06.509056+00:00,160b75482a317dac7e2a061912cd2464212d7c04fce68a219e937ff03e096923
2025-11-02T12:51:06.625206+00:00,47f78ee9ae01a1bc2fcbe61f4cc4bbab3e6c1ee9d882c22ad2bb26c36fd891f7
2025-11-02T12:51:06.739971+00:00,d720e5b0c5d259e1a8a4ce2b121f31cb7b3b95b07159683e48e91c4879e2c79c
2025-11-02T12:51:06.857090+00:00,5e356622ee6f8dec7488ef438fb93a1f1863b872ee3b586e6e1d60d8802df132
2025-11-02T12:51:06.971489+00:00,82c4ec6eac05f54b281798fc64004418cb49db09a44bc5cd190297d8adea21f2
2025-11-02T12:51:07.086768+00:00,72607efa4bcde1a80c27b8ea83dad195d991439ce0f47179ff12f3baed98aa64
2025-11-02T12:51:07.204417+00:00,32a1f067f70747acb3295b3f5658da45fb6b6f03cfc60a724b15d1d6f90e2742
2025-11-02T12:51:07.322710+00:00,63cca7a66804a9228c60557677201f7de832edb2b2ccde1590aa30e9460f9824
2025-11-02T12:51:07.447006+00:00,5476a4d4ac3d566dfd41cff55b8247f5c4b2f072ce81c083ea007a23633f55b5
2025-11-02T12:51:07.570697+00:00,19ade00228b468198b30ade3c3e6e1637d138832007c7524328f8ddfad065363
2025-11-02T12:51:07.685348+00:00,0ca85d1b42c4675499de67867388e038f3059c04b5bdd504d06fc42d0ad81104
2025-11-02T12:51:07.802231+00:00,d0bafe0ae62b4672245193b38f35eb84d6f6f66c5da35de67e3fca27bd739e51
2025-11-02T12:51:07.920273+00:00,c3d4affab367dff043670b0a28e34d1f33a789e6072386e6b8a85ca5a9b973a5
2025-11-02T12:51:08.035232+00:00,efe6c5dfeaf626fbf044a857621363d8b555036e333cd7acf89a15ad6082ab7f
2025-11-02T12:51:08.150398+00:00,9c9c0806b508b537b3c8d72199c32f9892272fd80893c514c3a4fcbf37d87e5e
2025-11-02T12:51:08.267078+00:00,c4d3c6e075b9106b9729ede2a1213b52870929442480ba0e247a8cd6c616487a
2025-11-02T12:51:08.382933+00:00,5ff6643bcecfcd28cf0984f33edd450fa2d43577a5e81cf84cd95e638b8dbb2e
2025-11-02T12:51:08.501443+00:00,caf44171c6b5197e49aced82c6b66a700c88e9bd18c0b585addf90f2e3b37f0f
2025-11-02T12:51:08.622538+00:00,288c4e51f22bf6f1036198a024b89f100d967ccccec06927e979d23ea38abec6
2025-11-02T12:51:08.861778+00:00,003dfc4064e07b03e1d15d38ae388458bae4afe3a021ff62c797a8e1e4976ec1
2025-11-02T12:51:08.979362+00:00,2b213f4329cea8a80e322c3e81443c732839bfa81a8f7b37855d01384585cb4a
2025-11-02T12:51:09.099380+00:00,b5923d1eaa7c1f144b32f79a948f7aa46efc7b5e544600d42430664c00edbbd4
2025-11-02T12:51:09.221066+00:00,a314842379865fe283ff0551a3273e764ec5dfa86c73ce77a96208274841b3f8
2025-11-02T12:51:09.341612+00:00,a5743b4817467487b6ccbc7440b8d8ab079d5a667e089dc97714065f14d7a4af
2025-11-02T12:51:09.470926+00:00,e161633a9b6cbaa7ad628c78d69d02e3d6881818814cb05f5fb89441bf130ae8
2025-11-02T12:51:09.587305+00:00,37693c3d603e72e4a5f245a17aec1a12ca5534ccda496fe604de4be48115d069
2025-11-02T12:51:09.706654+00:00,4a2a5aaf07665eeb5b699040c79cd88dfe99284f0edea3f06012c15163dc5ce5
2025-11-02T12:51:09.826489+00:00,78556f4da2059faee6a00fdebbdb917c978f0fd919373f6215540b834243d202
2025-11-02T12:51:09.943878+00:00,6105483addea98e09745ba192a3216fe87ec176043ba1b6b6c38ecc1a10c13e3
2025-11-02T12:51:10.063027+00:00,71aec5734f5745bac36ef055179ece63fa227c7e20d2c5a6aacb4dcef1d55524
2025-11-02T12:51:10.179078+00:00,2577ffc6635775f9a98f57cf142b26e99498589c56fac5ca9a63e84619a3b174
2025-11-02T12:51:10.298096+00:00,ccd84a4cd573caa6650d8627fc8f6518f8fad11f16cb55e0c8f4ba69de33b3c4
2025-11-02T12:51:10.416590+00:00,6afedf3e934e93c82db7a846835430605120a2f2555b094f8dd3d0fb560ef6ed
2025-11-02T12:51:10.536359+00:00,ac039368be6409367470ca8c4acb3305d333f13be8e7d4c4208c38ded8fa518b
2025-11-02T12:51:10.660821+00:00,88a4f7f7c1b65e1dea863ac2bfb9a315dc4a5cc6dd03ff105d44e6277e5bf9e5
2025-11-02T12:51:10.783081+00:00,b9becb99d89508a1b4b55e18125e31d4623d3f461228738b6e4ea2b2a2eb6e0c
2025-11-02T12:51:10.910520+00:00,3ea80a106f24d99116cacdaf097c4a1b3e5db9c365b2a8d7fa28175842f59eaa
2025-11-02T12:51:11.045002+00:00,cf94d8e47bc34f56015c3289d356ee0c1d9b2351b770296a43f5fce062d0fe72
2025-11-02T12:51:11.176438+00:00,97f5512d8569ccdcd6fbef9b9eac0ca81fdf1d9e3b1f766710d73ad6881c8bfb
2025-11-02T12:51:11.297384+00:00,11f36b89f2460672971b802f48d59d74de9b42af204e418cb389f300632e4bcd
2025-11-02T12:51:11.422826+00:00,8e2e18319d9c215c3e3e109796695c950109268c296ccfffd81bdf89a2431e3d
2025-11-02T12:51:11.544743+00:00,f10c5ac6a2de564376116fb0c609c2ddf3a6f9cc241d5d3d268bb9a8df32a9b4
2025-11-02T12:51:11.672128+00:00,fdaff84d91fd5fcf617d4f36abaee1be1049faa78d60bdfd315fb8a7d3b99c76
2025-11-02T12:51:11.811777+00:00,beeef4a6a38348a4aedab7d6e1de04dcfc70ba1f9e36e4ec0034369f834cdf07
2025-11-02T12:51:11.938607+00:00,d44e87035c0d3b1aa4e9f29a8ae25e75370ff808a8cef2b4e75a60266997dc34
2025-11-02T12:51:12.057057+00:00,59a0b09e8f0b764500506896701db539f2d1e0f5db3660cf68c8eec26f40dfa1
2025-11-02T12:51:12.180298+00:00,cd2f151ee24f02fcb4cf5cb5a79e84a167ec94add83d43d28c7e4a2484b35e4b
2025-11-02T12:51:12.306727+00:00,fb6a6cc4896a418b018f6ab4ff5f7b429fb343d2d9e41a5cedd955e03e6d354d
2025-11-02T12:51:12.433105+00:00,4faa7366653c1cb97e9c260829f27cc5089d46dfe3a42a3c4d69fe03e8e8d40d
2025-11-02T12:51:12.556648+00:00,6ce232844edd0f0c51e0b43d7051c70a24caa92d244592608670551e103c05cf
2025-11-02T12:51:12.681486+00:00,5ef4af66dd3c121b3c002ae1b2fc672fb25a151f6857885e62185ad0f048102c
2025-11-02T12:51:12.802961+00:00,c2a294a4e844500ca1f6e8aeaeb304b60d2cd35b1a11b117e41e7940ff5c50b0
2025-11-02T12:51:12.934072+00:00,69ddd053a944a04ddcdf4b733f25c39b056322239349cc367f9d7fb9454d8b36
2025-11-02T12:51:13.055227+00:00,796e72651334d26a9f70e32264c5f10dadac1ab59371732e07ad11d324144253
2025-11-02T12:51:13.179521+00:00,8abe7585baca58a28d77080dd7c92b33263c978ff71d447ef610a6b8f3bd5218
2025-11-02T12:51:13.305565+00:00,a987e59d412c952c5f0281310df7db33b3beff2277c7986455329c16aac20b45
2025-11-02T12:51:13.430952+00:00,435470edd881f8b5ec4f8386e5fdb49cff686caf37b2c61c83fedcb32ab869c2
2025-11-02T12:51:13.557301+00:00,69ad5f46e82dd960587208169fad96830b6ada13a993ebc15ae33dcc73a64d7e
2025-11-02T12:51:13.684192+00:00,487366103db265351fbd92cd5d39b8cb1c78078a19a2963449e4d9b5fcf2c6d6
2025-11-02T12:51:13.862502+00:00,f1012ce01b3eaa16fb0f5c7f4eb1b0596f8e0f454f1b22e10bb507da5b7049e6
2025-11-02T12:51:13.978933+00:00,f9c729d2b64ea5aa7c35c2f24c52d67930c4fd7c5ef853f3f6d440ed868919ad
2025-11-02T12:51:14.098990+00:00,f13ff516c97cc0060498ac55e2f2e0f21d7b40211abb0b134441898c460b229e
2025-11-02T12:51:14.218011+00:00,105dcb83b50551f5b2fb3fbdf8d25a39b935bbc0f75cf598d56adb152afc4e92
2025-11-02T12:51:14.338863+00:00,00705aa70a704e0670211560921453d18fcabcb47990ca113a50180810d6f23b
2025-11-02T12:51:14.464535+00:00,a3f15e8a4aba56cd2764f72b15bd9b08720977bb7434751c960077d49b7171e9
2025-11-02T12:51:14.587566+00:00,9474b3cf816077a4675fc0864e7cea1c27b6776634e668b88172a469a9c14baf
2025-11-02T12:51:14.707576+00:00,2f0fbc5080f870c717a346fc7534540758075de0f418b04cab6af00c7c5d8d01
2025-11-02T12:51:14.835438+00:00,ca11c97d1c40caa0cdc2ecc9f8a862dbb1ad0c291fb64b3ac3f4105d6eb9af4f
2025-11-02T12:51:14.959788+00:00,af019db65b01a6d83837cab935a056f784fd2ca2fd10fb9139b0a3fe10a655f0
2025-11-02T12:51:15.086563+00:00,a2bf9890bb80a761670780f86fcf9c8460ff573fc16b5046c4d60e2ecb0688c2
2025-11-02T12:51:15.212193+00:00,c6c379e35f80b44ee513ef7e522a775ba86e9238537b564ecc9461a9f35b8e24
2025-11-02T12:51:15.337126+00:00,fea2591d7e2920121fbc3ae1b6335745c8c1e7734a695af595ca854a735e8b06
2025-11-02T12:51:15.459014+00:00,9bafd91dd4abc6bf46343a1195a862a3cf8067ff2f9fb58903866ff3bb7c1673
2025-11-02T12:51:15.579954+00:00,805f2c0950b4524f9abf2c44af6a6541671522130a04fb8bf2b0b27df4d02042
2025-11-02T12:51:15.702630+00:00,b216753da867135491b1e425a61d8a4ef9c236233b250c7af6b4254d23b729d8
2025-11-02T12:51:15.829636+00:00,51bf1eb11c9a496efbd6e083094a436f1632391e2e9659243e285c13f9386682
2025-11-02T12:51:15.954793+00:00,1da43c85c6022daf96cf1025bea3087b42ca749cfb4060451712e54f6de20c1a
2025-11-02T12:51:16.078447+00:00,ac6c206242dcd34fe0e295098c9e55f317c7f4d6c326f4e91d33ad83207c3171
2025-11-02T12:51:16.208818+00:00,21ee9b3fa2d63a0a45adcfcb3e5430c7f066d3eb9ecc62353cb87a6bda25c83c
2025-11-02T12:51:16.326715+00:00,88324af8ae1a1207246f12795bca13ae58851de5f54d5b3cce4c61adb7e23237
2025-11-02T12:51:16.453789+00:00,32306ccb9f57eb7164744a3e9b58cb5bcaf7106ef13ec85edccd07f9547d2910
2025-11-02T12:51:16.579789+00:00,3030956533f16ee4f9a760e3876db92fb5d8e506747fa57ff55ccefa5dba5e1e
2025-11-02T12:51:16.702353+00:00,867f5674ada61f56d99a21838d19214ad6a7c551e20678dcf2ac98ffc0f27d2d
2025-11-02T12:51:16.822561+00:00,a4bc2c49a14d38d3898cd8f7a56f77e1db9ca625b77e8ff5b55fa7924dc7bba0
2025-11-02T12:51:16.946539+00:00,b8615dc21777f151904b78f9f2aa35759912febb3512fe873e23523194080a13
2025-11-02T12:51:17.069698+00:00,653ddb5a89e1656b5995d703980c256f316b6f1dc26d3beaf94ca4a7851c2ec4
2025-11-02T12:51:17.198524+00:00,e603f2fc589d43c1cf6e41c45a44265cbd9f944ec7a4c68dea86915ff56b6dce
2025-11-02T12:51:17.322733+00:00,0e52ac09841138e1602fed51624e71d3b3c970dbca989f60b9126d3236963c69
2025-11-02T12:51:17.457640+00:00,7aad21d7a2c86bd5cda5ee15b591beddc1ed527f957c798cdfa0e111b2d7b0fd
2025-11-02T12:51:17.578766+00:00,75f9965add8c95f98d2131898381e746ba3a4f428ea29dde079333153bcc07e7
2025-11-02T12:51:17.701196+00:00,4978b19463010a04b3e4d19b6f50f6f3caf48dc3b9e8d5f57b5c556cd66f7468
2025-11-02T12:51:17.818688+00:00,622e71a0dac9b9cac226a2bbcae022274f23398b1dbed8b5c4631ccc11a473b7
2025-11-02T12:51:17.940630+00:00,04ed09547d665de600cd1ebb1287f3f676da52920106d889205e6fae5e8b28e5
2025-11-02T12:51:18.060593+00:00,dd47eb683a2aa110486892f2e153af898d7914213d56dc206c6bb95b27372213
2025-11-02T12:51:18.185081+00:00,03f3f146823cd3042f26cf0c40daa1b2706afd2909d0f99544aeaadcc364ed45
2025-11-02T12:51:18.307062+00:00,8ceb390ae87dfad7662d04163ad6fe05eef9727299d1c30702283358812e3e66
2025-11-02T12:51:18.437076+00:00,6746ff740858b163226c16b3eb9bdb49382e470bf509368667e1218f38e2ed67
2025-11-02T12:51:18.556932+00:00,033fc73562eeefc200cabc67feb309eb142faa8e4be3db69db4725cacb52b7cb
2025-11-02T12:51:18.674694+00:00,562e6b8064436adc01f7b29dc097e76dd8a97bab28c117a4b7423623b70904ab
2025-11-02T12:51:18.798122+00:00,a29dd36ed50481f417d614181647e505505ae97ac5cc58daee2a98e38da1ebfa
2025-11-02T12:51:18.970586+00:00,caa789117e5667e79ab4ff547588485e0d0fbcf5f886eebc6cf01c018356aa91
2025-11-02T12:51:19.088247+00:00,a99d19d61424864e0cc4aeabc9d28ea40348a3837e18beaae9a2fd0573b23319
2025-11-02T12:51:19.205783+00:00,8e8a97d14d536793743b1ff441ff092ac896e094d037512ba08ab0b65543a94c
2025-11-02T12:51:19.326057+00:00,89629f81454cd09292d6349e04e408be46c6e8c05644133f5529d999b7ee5a05
2025-11-02T12:51:19.448160+00:00,c62cfbe6acb570e1a584d45e9582f59af8589f3db2605460dedc036872dcc12a
2025-11-02T12:51:19.570729+00:00,55d9f0c3e5d5cee37932b2a4a831ce3affad1b16ce37036cf186d97018618278
2025-11-02T12:51:19.687058+00:00,b9d4727be0cfa48eaca4c0c77642f6d7c273f2efe8d089ab99854e655a99ee59
2025-11-02T12:51:19.803740+00:00,4b235f6ab395af0e980c765d6459148ab485c7933fcb184a744b7e9d9a2c169f
2025-11-02T12:51:19.921750+00:00,52ae2fc2b23378914c0f596987259fe046d11d626da2ce9099f7b98b4c4ff9fe
2025-11-02T12:51:20.041555+00:00,975ce12c58aee8318077e8b8cd1bbac386df5ece278c92c50e7ba8b279ed1fe4
2025-11-02T12:51:20.156068+00:00,1c076c2358ac5f0ea343f09c7c51ca7977fd2d524368d5821fd8a3ba53c0d16c
2025-11-02T12:51:20.301013+00:00,4e571912f742b1ac3eb7590ca6831a486bf5cde62c04dd996621984344d46539
2025-11-02T12:51:20.417384+00:00,7cd88ce0482e6fb941089a3ef610a65e66bfe12b6878525c81bddd295a714b64
2025-11-02T12:51:20.535736+00:00,73f7ad9ccb21bdc41d576781af1b09bdd67cd0294b293ae8e56f5e1f2c4414b6
2025-11-02T12:51:20.658137+00:00,0f38b7c3a409ace6ab722f4ff6468b73a0478ee90aa478ed26d020b7e00c313e
2025-11-02T12:51:20.778546+00:00,f3ca7d32608796247568b14e5cbf1b8d1687123599e753075e06e8052fcff5cc
2025-11-02T12:51:20.904321+00:00,dfba8e133d8ab6db88d6bbdc08e777c1494f591f59bf8501aa42b44b149f762e
2025-11-02T12:51:21.020220+00:00,1d3ca7e362cc1959e4ddd23c5d6a29b0b03a44e86562bdd7413f87b15f33407a
2025-11-02T12:51:21.136775+00:00,414fd8355f8c0328f5376faa40afe3ad4dbc8c42a68dd40d2f81f7a5185e4c5e
2025-11-02T12:51:21.253751+00:00,1933884a98923182b2de70c3d344a04b83c12994881996df39bd9e93cf5ff0a8
2025-11-02T12:51:21.373221+00:00,6abaae62fe7cfeb80ea9e5cfe80956e9817c842d11290d2569eb56e8670cc617
2025-11-02T12:51:21.489721+00:00,d860f0388d4206dd5ea8ab2f8df5f8540e96cd45ee756ca86fbacfef0d67ffbf
2025-11-02T12:51:21.612591+00:00,98e07c025c324e80926c6f7232c59e7243025803d4cbcaa2e69de56b010f27ce
2025-11-02T12:51:21.729896+00:00,328f2b0631d6f62a1d6007d8605389eee062ef56f504ce4f6d83915bee2929c4
2025-11-02T12:51:21.849128+00:00,5bbe969e3b301909cb3276aab46f106030d639267f58902b5ff539dcc964df01
2025-11-02T12:51:21.972232+00:00,2ee5b109e31f25555789d36a1448308de4528652c517b150bcd5f97a2d147540
2025-11-02T12:51:22.095220+00:00,1fa7687e053c2f34b806360c7c1cc1641f2ca4fd50709076d5e33e417573b540
2025-11-02T12:51:22.222874+00:00,d87fb2d41ea257486b1017c3dd4a9c8cf19ef3ed46739a529b88f7af14c24e4e
2025-11-02T12:51:22.353284+00:00,60d8eeeb6c2dfdc1233e7bbe9a04310be363cf69091dd6718941318b827cbac8
2025-11-02T12:51:22.472797+00:00,0ce2fd03eabdd7a27e5788c9cdc5caff224aac81a215ec906c1a2e0e342fc7ed
2025-11-02T12:51:22.596570+00:00,7f43a8c21632af2747ce26880398b8fc7e97d1caee3daf9004e522cdabac124d
2025-11-02T12:51:22.715401+00:00,d67bdf718be08fd696d1fa6fe7943b9dde13b9c29c506e9c217ab84e8279b38e
2025-11-02T12:51:22.831385+00:00,28d9371cac4666eb273c1e125218f42efa82530557d796d637bcafbb97fd5ebf
2025-11-02T12:51:22.954090+00:00,7b81c2e79fcabd5061256ab8f207837236fcda7ddc30c72a4a6f4333fde64cff
2025-11-02T12:51:23.082263+00:00,afb42f93d55065a868834cd550f99f6e22fdf881d1c670f735ea1d7a60f2afe2
2025-11-02T12:51:23.200615+00:00,51f1197fcb93d2540f620f6c1bac529e0475747624f75736acb5b70653d0db38
2025-11-02T12:51:23.322469+00:00,4a6d98fa4a2005363fb830895d53920818354fb285802bf4aac1739d78935bad
2025-11-02T12:51:23.439481+00:00,81fa3577f370457c4254c818cd3628302b7f2e396a0e7f068874101cdafb9416
2025-11-02T12:51:23.570443+00:00,7be809d690e48bfa61f84189270e9f92662982474024a2a5d16dca20d4a366d5
2025-11-02T12:51:23.693344+00:00,6dc3eb07462632dafeb979d885756cd2d11f4b25cf4f077e7fab5f4802c22165
2025-11-02T12:51:23.814780+00:00,fd3bc25d088a7a143c361877c18e4550dd01e60994e55ab015784fd9d11c0297
2025-11-02T12:51:23.943389+00:00,eb8eb7470d970b2c042cb03d8691e2ff627e2a5bbfeb0f1b40a22b12c306b680
2025-11-02T12:51:24.062730+00:00,0501e94dea8dcf24789983ab92a85114aaa139685eb7d56f468e263335569385
2025-11-02T12:51:24.186638+00:00,3432e7bc55a64da7f373cf688ee703583ac8794a54b69b55608cf2e2dcf8e9c7
2025-11-02T12:51:24.308374+00:00,0229b81ebfaebef7db234f593795159d0d8bf69a925c8def0937897d79e15a8a
2025-11-02T12:51:24.426785+00:00,0306b0dee66ecbda8da6967b3451cd6ed93e506e69f33e2cbab7fbb638a4a115
2025-11-02T12:51:24.556052+00:00,7e3ebac9127d404909d197d62676515baddd4f3b11c84a37f6fa53d69f705e54
2025-11-02T12:51:24.672950+00:00,d734d8199536b741ccb324e7885f576dfe3c8a9b2b751619daf3013d2175be75
2025-11-02T12:51:24.790497+00:00,446d09b635c2d37de57aa9581ddb42f255b09c0d46cb99a17bd70a3b083307fe
2025-11-02T12:51:24.909770+00:00,528b04425b291c0fa839717f92ee5ff5f960a43366f2398058301abc0dcfa38d
2025-11-02T12:51:25.027983+00:00,6c44c75a32ef24cca3c455fe374dcf5bea4d88096c27bf13ca5b4343804db271
2025-11-02T12:51:25.157437+00:00,de9be48bdd9512221c796ce03fabe48ad220ec9cf323fb0f3c2aaae55dc7b2fd
2025-11-02T12:51:25.281628+00:00,b494c0bd936f40eea0496c14b69716343b912f66cb83b17b3bbadcdbe7994a84
2025-11-02T12:51:25.410869+00:00,c559798cdfd66c9a70588f674ee6c6302ca65461a0b7464315e51d205b682f19
2025-11-02T12:51:25.529498+00:00,79b25ce0470794c29e3302908e56cdc5805380dcdabefb1b80285b53d0966444
2025-11-02T12:51:25.655055+00:00,a291172217119c16906a0616dca7ec9e854174bd62b1808aff550761112afade
2025-11-02T12:51:25.780836+00:00,e805b63c720697ca6ca8c82f5c36787f3783a8910f4aa5372d69fb744d29a8e8
2025-11-02T12:51:25.901933+00:00,4ad291896a0fed88a9ed8a820c80087a2b7421aced360a0ae5e5e7de99ee6633
2025-11-02T12:51:26.024847+00:00,201d6d5d6e5a416fdb0872758ce7037a5f2b300579272f7ffb4d1f80b5a41088
2025-11-02T12:51:26.155927+00:00,5216075ebcdd91cf11a4b0895712f337a3f9d396ed4117e4421a834363427d84
2025-11-02T12:51:26.276419+00:00,a426f374cd062a50e839a650cd65ec1c74d07eaa0f05345b83ca769e0ac74a6f
2025-11-02T12:51:26.397936+00:00,32e5f2be4240672fdf725e651f3a415e5911f74343d148a54215b80cb3caca2e
2025-11-02T12:51:26.517264+00:00,ef356e6998fef4e189cc0d48d6b422844bbfc80d0425d6d66908d5cae08e65a7
2025-11-02T12:51:26.646022+00:00,194683916a8e722bd4e9241f136967cc370b49934ce68d83173dae8c71f2abe0
2025-11-02T12:51:26.767324+00:00,c4831f478cbc0e2bdaf2d8d41e6055671c89b712a21d5f15ab61d7bcf975f73d
2025-11-02T12:51:26.890188+00:00,6497aa821d07b3b63aa5ab518c6d1d0dce411322b8753a995d6b30933e309a0c
2025-11-02T12:51:27.009801+00:00,21a44decd3cfe51c7bcc924fe4a1f1051d99a494e9da9e8a92e65e03c76a278f
2025-11-02T12:51:27.135576+00:00,4072311afa127b92b9e31f5ae929f3741d92e3a1c2bd004d0d54403b0892e244
2025-11-02T12:51:27.256891+00:00,5acd25d5669a84bc583ad02651450add97a00c9ccaa9741acb648da8f6e68b71
2025-11-02T12:51:27.393611+00:00,40fb95967c6554f6ab03be6ebb1c44cd5452fafe7facbfe5ce26b683e4260a0c
2025-11-02T12:51:27.514148+00:00,fadcbba908bf47fef4f05ae4b8541ff0153eaabda89a4dea1ff2432251222774
2025-11-02T12:51:27.628403+00:00,75b001f69a611271dabb57316b0fcc250de147fc97495fac880734095666fb05
2025-11-02T12:51:27.744509+00:00,e24335fcf18cbd6efaf75895c732f59daec31bfd6b281e045fc604d4ff19e610
2025-11-02T12:51:27.863417+00:00,2d66f19acc8ad8cc1363c7636c2984ba0fbb81214176472392aae1461780f19c
2025-11-02T12:51:27.983028+00:00,bc0199c638d231a4d36d004e6ebf1b3403ca5bf7f32ae06e8d1d06dde7dffb6d
2025-11-02T12:51:28.098987+00:00,1a9b3500d83cbd97cde9eee92634482ea972ed6ca66fd479f029317668a20950
2025-11-02T12:51:28.217886+00:00,bd69fa445be60fb09caab93b7c413353cca149da4db3643595856cfc920c7344
2025-11-02T12:51:28.338220+00:00,100e3a3c5167207bbeb9c83e2a0defc8e6441da4ecafb28b9322e8d700aebb23
2025-11-02T12:51:28.455333+00:00,80b63ba6cc990cad1d6fffebe5912e921256215e06ae9130971a020115da9f42
2025-11-02T12:51:28.570536+00:00,848e59a48478b6e4badd3859b2bb8f0d62547525cf791e00d1f07cddd578fa89
2025-11-02T12:51:28.691853+00:00,4237e0fc1f7aecef1175f0891ed5104ef41810da95e5933e318946b434ac070a
2025-11-02T12:51:28.815065+00:00,e69ef26f9b418518f4be1680fc73f4f256336ac2412a472f90e9ad0034d1539d
2025-11-02T12:51:28.937126+00:00,7507927484c7ec1d22840f31e070e9e9d0a3171cae38633b4f2c538c916d7d6c
2025-11-02T12:51:29.131185+00:00,9f2b0af19dfe961c782ce01540de00974f2c15dd59baf98aec07f956495232c7
2025-11-02T12:51:29.249801+00:00,7de8e3983b7511e080fe20313c44308e3c33e0b68d480154bda1283aaa5ff3d6
2025-11-02T12:51:29.366314+00:00,132c16966e9749ffc22a69801a2b17400a19d126b13625ff0069a172753c4527
2025-11-02T12:51:29.494154+00:00,a626c9fbe33d8e5edbef98e25e897ba8678c90df65cb03fbdb605f520b8b426a
2025-11-02T12:51:29.608400+00:00,19e60bbf7f82500c436fee0974eb94db64218b5555b985f52b3d1f54c527d3cc
2025-11-02T12:51:29.723515+00:00,5321bc42722e3eda7eb6ceb7114aaacfd1f7c76119518e633448f2c667973798
2025-11-02T12:51:29.837532+00:00,2a4ce7c66debf065b1a93dbbfd39feda14f8b264210158805f1f90ad775ebf73
2025-11-02T12:51:29.953728+00:00,0c6b7ee60860956c8e5e60e1804c01b4ba17e73154b05353fdeb6ceb5c88b595
2025-11-02T12:51:30.069580+00:00,159d386d27586526bc00b99e65f24fe61c0361d42a619d3e04856f0d0377360a
2025-11-02T12:51:30.187370+00:00,b38bb09118dc036b6cc8a9b53e556e3202b5ed733dbab8b6a5c494cb6ad0fe42
2025-11-02T12:51:30.301912+00:00,6eb63cd5021d53920007c3c050a905d48b15ca07052dfe791d5a8fa579d90582
2025-11-02T12:51:30.417286+00:00,9034ddf05dfeb0be4c70774a10913db39db8116b534215a641527a6838b73f6b
2025-11-02T12:51:30.536513+00:00,be24c3b16d00ffe7f6dcf68a382767e9c7ede07e7593f4d3d0c45c6bdea59486
2025-11-02T12:51:30.655931+00:00,2b4cf06fa4038b97e4e5a7c2a9446293676ef2cd180a171dfc0765a68043e0bc
2025-11-02T12:51:30.772312+00:00,70be8a6f39f5ab7649dfafdd0f1d07b88825d45e45a23540eb4c29504983c31a
2025-11-02T12:51:30.890887+00:00,a2c436c6fc80b10a508343abc4b46d8d1ec1fc10f13afc319e879b010cd20363
2025-11-02T12:51:31.010903+00:00,25c959d403b1c57d72280d9fcf81daefdd46c5a201bafde532aed259cae9d55f
2025-11-02T12:51:31.124545+00:00,a03f434805cc93dadedf40c008642d7a7f701c97e4fc036f29133315e1eeb474
2025-11-02T12:51:31.239855+00:00,566af00970bcc6cfd00ab3cdd13088740bd4873a9425ad68d075107b01335945
2025-11-02T12:51:31.357601+00:00,f36b7430938d6028d4e33f77ffd295117ce526db7f6741158067c29116ea9339
2025-11-02T12:51:31.476610+00:00,34b9046bb67c00e6660d1a1308200a8d51c7cda4411b71ed7a8f1400f312ec9b
2025-11-02T12:51:31.598681+00:00,dcf509f48ea76f05c99933be300f0352a419923d8d798e0a777c963565d9a5ff
2025-11-02T12:51:31.715070+00:00,8360b8a473a56548640c52f494d6eaef61d6301272ae4dab14dd102774624676
2025-11-02T12:51:31.829907+00:00,c89774d4a537045ea66d585a288ab8cc55f67a3e932e842a14357d6d4ec9a71b
2025-11-02T12:51:31.944915+00:00,93ef786c123f0600403859be3158a0de35db984b74825bff8ba572bd17f6fdbe
2025-11-02T12:51:32.063595+00:00,f9d6b67ee71c5127f1da69ba80485857eb0433b3be4ac4a6110a37619142817b
2025-11-02T12:51:32.180396+00:00,0745a67ad3b367ad3a07f6ea50da4959c98e5df1743196be1b44f34ec78558c2
2025-11-02T12:51:32.299004+00:00,88249e3aa1c8e38561059e20b503b0a092b52c13002c09958d0fb578a7c7164a
2025-11-02T12:51:32.415838+00:00,c42a9b36c26aeea30af3f77d98f92f1781dc28792e731e119fcda102ad2ec802
2025-11-02T12:51:32.534443+00:00,78997c11b399382ba8ac9767ce9ee5fbdbfcc665abd858dda490211aa438c435
2025-11-02T12:51:32.650879+00:00,e2dec019f17e3654e1f30e353c36708d1c77e22489ad155ac7a56580b7be9f56
2025-11-02T12:51:32.766764+00:00,324997429afb17d5e10da2261f96850b44de25c9aa2b57fe1398c7648ffc969d
2025-11-02T12:51:32.887219+00:00,ba0c49acbce2b5b5e095529fefe447fc5c28591898edb4936b777df28583e3a9
2025-11-02T12:51:33.006769+00:00,ed848c96afe6a4150dd1cbbcefad7c02ae03492d44c2a82d1f9661c45118c86d
2025-11-02T12:51:33.124083+00:00,c0e63d320a3597310ee4d408e0f2fa4d4252f16367b5f353e7271303b45929c8
2025-11-02T12:51:33.241947+00:00,5902ab7653625d138eb617d3618d2e61feefd1c965837747f27974c440315115
2025-11-02T12:51:33.358757+00:00,8815edcf88f1dfe08cf262d2e1bce499836d0fd849360541c40a611a83972e11
2025-11-02T12:51:33.475897+00:00,399152b13252dfee8df0547e5efb528aef2e02f3c05bf72cd624ddd3227154bc
2025-11-02T12:51:33.595542+00:00,98edb71a29ae8f3c8270357e5298501477d055260b0c71f5bd407f871abe129f
2025-11-02T12:51:33.717720+00:00,236c81879da454fab75b72a4f5477bef1ac1efa572919131cb3c13f4d7bce3b3
2025-11-02T12:51:33.838849+00:00,a0e99e05723242f8bb5bb49287d91560feaf99794b11a5e67731e66861729a09
2025-11-02T12:51:33.957758+00:00,23b823326db5331f70d4b1bcdcff729e3693f72002bf6a5cae33aa6865f48892
2025-11-02T12:51:34.083504+00:00,bb60ecebce1472c672aa71419d29f66e16dafcbb947bd69e801da1783733fe1a
2025-11-02T12:51:34.199377+00:00,6488503bd74b0966847e697bff22fe713df0b420ca462d6fe26daba6ae6ec8ea
2025-11-02T12:51:34.312847+00:00,719c85454d12abb478cb2a75fdb3653b90a60368ea3e6b43d7db25b61337addd
2025-11-02T12:51:34.432159+00:00,9c15c20166a8f6eb7444ee8ddfcf126f629628c6162c6281dc5d3825e218dcdf
2025-11-02T12:51:34.544398+00:00,1d451e96244e9e9a855d779c054c2648dcba34316cc2d0522e5d1389a98d86cc
2025-11-02T12:51:34.662180+00:00,b7ca10481d9a019366f6fd0f758ad05e754ed2cc3ae4e757f29f7d1141ffac31
2025-11-02T12:51:34.777204+00:00,bb1cfb53fceb87709a63a9ea3d380bad22e3d94ef49804462c09c10dba844d67
2025-11-02T12:51:34.890289+00:00,f2dd8139c0334615f398499481d721cd384d42146d20917f8be7b995cc81a401
2025-11-02T12:51:35.006090+00:00,4cfd84b6e3de838285fa083c35b70cfc9f4706fa60062eb01b799805c41169e3
2025-11-02T12:51:35.123550+00:00,55f55da3969e018f3c8988c6c088846542fb3001a4e2cabe38937298caac5ac6
2025-11-02T12:51:35.238559+00:00,1a40c63facf26f755e6ccbc09efd31ccbb2ebd057874f60d1b1650cdd3b1ca68
2025-11-02T12:51:35.351812+00:00,992753c5feb6d3405bebdd77f36ed31f5f40a1a44b48160c2f33a975ea15d4f8
2025-11-02T12:51:35.468972+00:00,24bbd56fa903ef4388535de1de9ed065c060a6d125032a0cb85eaaa474eeb0c8
2025-11-02T12:51:35.588556+00:00,add833eb7199f72662a81bf9803ccf3e4168a163e5168a22e75dad89b69b7b71
2025-11-02T12:51:35.702581+00:00,81de16b078031d6299ef50f2c78fafba2d5eec68bb479094581e8e7c87f678d2
2025-11-02T12:51:35.818526+00:00,82a937b0f396d906c10dce28c30faedd8228594e245d5eca6666587327c0ea5e
2025-11-02T12:51:35.934119+00:00,c4f260960efd8499eb87b6e7a1a119f9ef9a976274b752b5175bf73e41d22f35
2025-11-02T12:51:36.050429+00:00,0604f855bf46fe3919a4c60caefa83c17c5f36249191b834ec700848b99a3d14
2025-11-02T12:51:36.167761+00:00,ed8a426794dc3fa095ef14295b8a7d4c78d0d962d389eb5a24e74e13c9c96b13
2025-11-02T12:51:36.283481+00:00,d3663268181a1d8c9fb7f4297f8753a50fbf93313ed0ceb26ddb27c69dedb39e
2025-11-02T12:51:36.398869+00:00,154a6b5887cb28c866e152088c0fbf763e479072da4ad2f1f66c71df39f77310
2025-11-02T12:51:36.515715+00:00,33426f1103976c8c599c76f9b163f51ef1aa5c287619050819e5871b59327614
2025-11-02T12:51:36.634406+00:00,4a122b5e8398dcea7c762d645aea4379e9bc5c0726caddd2cde94901a9df1024
2025-11-02T12:51:36.751314+00:00,7b1ccbcb91e95671d0042396d5553cb52ceafb0cf651385fd0463dcc10d8762d
2025-11-02T12:51:36.868513+00:00,7e45b50e0af80aeeceebf91cecb2d0841f8b6fa27dd4ad731f22448a5ea9ec01
2025-11-02T12:51:36.989016+00:00,54caf9495ebdde611e6be60d09a7f089a499446d9c57b2a5dffdf8269e6b59fb
2025-11-02T12:51:37.105056+00:00,04bd8ed054601b4be0cb77394ab06407bdfc3db6edecf1f0260bbc1bd5222eb0
2025-11-02T12:51:37.225193+00:00,1dcb51382668fd38066bb9d39aa4bcb71b4afa02a8771b2f7b111b9830148dc6
2025-11-02T12:51:37.361877+00:00,8ac9cb4e221cd50de3dfa56f21e287b60f6fbd201d13a4731e16629fd4fb0c24
2025-11-02T12:51:37.494057+00:00,b4ee67052dda9f472ef199c079c970a048c3590bdb0d5e30f607e1b36122bfa1
2025-11-02T12:51:37.608879+00:00,883ba3e3686ecb73d56ec66a67d676f478b69dd11fc2b6bd6d119f4c0a1d5b6f
2025-11-02T12:51:37.729358+00:00,491ed70a00259e5553ba5d177d6dcc6a3ce9c55fd08e45a1ffe8b4072609b838
2025-11-02T12:51:37.842888+00:00,05aa23ba295992352227a98405d222fab7c990cb02a6da315dc112b7a0927b3e
2025-11-02T12:51:37.960862+00:00,97fa8da0f0cfb24b5915e0b00d5cc78b0f708d1aabbb8ccb9ed5c5ae06e5bf45
2025-11-02T12:51:38.078289+00:00,64d2232db7af085e37402d56e27369e64577830e31345376c11c304f65053ff0
2025-11-02T12:51:38.195718+00:00,b12f731a82034ec427d30baa30375650c456b521f7a26ede9f4f6ac12035ccd0
2025-11-02T12:51:38.313625+00:00,e7d8dd8cbf32c8512d9ed4a24ac8cc5cc1ba848a7ac6fc0d7dbd6dcd6f4b75af
2025-11-02T12:51:38.435503+00:00,6d4bea5487a6328f5c07b71214dec1c16e933aaab5adc63649e0912283c3ec8d
2025-11-02T12:51:38.549850+00:00,638503acf50d5622ab8f0657aa437d242e3d71c398506e3a5cf0cc1862eb5692
2025-11-02T12:51:38.667532+00:00,e68058f6af99d33ba800737808fda3a830d94fd30ee21234e6d0f54c98738a22
2025-11-02T12:51:38.784846+00:00,4d54559015c7af74fe9fb4a2e359bde7a17fc215cd867a5c0da56113454de7b2
2025-11-02T12:51:38.902993+00:00,ab40c01551d30f324356fc3b5891239f49cc8627bfbdf61af86d06e6378476ec
2025-11-02T12:51:39.023244+00:00,0dfcfb57fbce7cd042b4b6e5ceb7f119647b8929db97f89e170b4ab511dca547
2025-11-02T12:51:39.190135+00:00,1e355dc1f956b74b28a7266bc005bafaa5a13c95997fd77d3fad8513112213dc
2025-11-02T12:51:39.305259+00:00,0a699a1ba4cdae8fa9db35e1e1f5501deeaf99915d0e86a17d1e484da84069cf
2025-11-02T12:51:39.423229+00:00,f9e1d041e5461056ab14e28c0893f9bc52fe4219b4b3f5551c916dc8797fdb5d
2025-11-02T12:51:39.556948+00:00,6f55aaa20b887ebe9577ed10acdfdb170bfc1a5279dc13b7373e731ab2cabdf3
2025-11-02T12:51:39.672649+00:00,a495ed84dfaafec0e1279b5394d30d97573165f12ee9d353fc3e33d837e60845
2025-11-02T12:51:39.788517+00:00,418a806d671f9ba5a1c72ab1634d96f0eaeb768ed884e725749ff3fcdc6419bf
2025-11-02T12:51:39.902050+00:00,5cfe907e73a55121c29bbf3daa01213d094fd4c5ea2ef8dc1f41af8f377a9b83
2025-11-02T12:51:40.019242+00:00,560284583d7699725502d5e2694f47545b13469c032599de2348a19f0cd738c2
2025-11-02T12:51:40.139287+00:00,a9d940bd5223fb384b91ed8150840efb171d5dfb24388228f63bd41ef10ca057
2025-11-02T12:51:40.260150+00:00,9b45039f9e0c1534211327a0ffb8a89803939b740049311f73edea513cea2495
2025-11-02T12:51:40.373893+00:00,96953d16cc94f435ab4cb1351a63ac00be58b353d1afe069e8fff4d72fc6b3ff
2025-11-02T12:51:40.490376+00:00,25640658f0c1605c65b531e019e394debe994a0fa77d3f60a0b3137f9361feb3
2025-11-02T12:51:40.606956+00:00,6a035d249660dd97f66ca580a249accb88a5d3dab846e3671466b4e99a83e22c
2025-11-02T12:51:40.722907+00:00,1f042aef36bbb904d0261ae5dc60c464b29f83a49bc1eded2fa93736dcb82287
2025-11-02T12:51:40.839271+00:00,ed76588246387dbcdd2bdac408a3b986613417c6e189f85afcb23c84a167f548
2025-11-02T12:51:40.954616+00:00,bf106f047b60a62588c2405c6351fa92eaa419a99defb78ecd54ec7e3fb5b8aa
2025-11-02T12:51:41.075245+00:00,a99de77dd4b48ed2a55d9c10f368177ce8fce11fc7e9131a7afd0faa02bace82
2025-11-02T12:51:41.191560+00:00,980c53267e62393de5b41e7d01e604fa9915f4cfd6bbfe97e37c4e18acce7fec
2025-11-02T12:51:41.304956+00:00,d738e6eec6de70fbe67ab46d89dd8ac28cbdd8cdefe700834bb1b6e41968422d
2025-11-02T12:51:41.421031+00:00,887a44bad1a03898e2731d4eb9128a1db81c80bfc26b0b51cf8b1af0263b2808
2025-11-02T12:51:41.534326+00:00,9c65867fa0f89889cc1ac2839b968ed006918cc9b55e63bf5e3063d284f367bc
2025-11-02T12:51:41.652823+00:00,25b99185ecefea3bfe9f028c859a4e2a7aa2e45c74c3aef41740955edb448897
2025-11-02T12:51:41.771011+00:00,7f0bcb98cafe2605842444885e1f4d93809e96e6fb1d89de3248f1fd3e0b25ef
2025-11-02T12:51:41.884277+00:00,076fcd1c7aac6cc70fa3048406b4118a804e9c6e891bba1bb6a8f86a09e90071
2025-11-02T12:51:41.997896+00:00,7353fc4221a91123b56a55379d84a663129719d3cb4d28b7c12f912173594024
2025-11-02T12:51:42.117089+00:00,d516e3841a1f769ae4b9acf2b4d7e5fe38c80e9f7985d36cabeaa8de04ec59fa
2025-11-02T12:51:42.231423+00:00,3d522d1ae51db8608f6c3795375792d3b38ba9ad894ce1b46b3cfd6c86e29636
2025-11-02T12:51:42.348795+00:00,70e40547a8629025524a7ad6a0edad0d4296866468164ea8b746de0eea41857d
2025-11-02T12:51:42.467845+00:00,13b493cbc85cda0c858ed06acaeec59a5c954587f4a866b5bf20c35706d861e7
2025-11-02T12:51:42.583988+00:00,e2b057aa078da1932acb79d4ba649d3dcae664cf439c3de36d5d30fbea37f4a5
2025-11-02T12:51:42.698902+00:00,1814a07d98b7d2bdc32735f06672c8586640eb00dcdc905c7c142b948506bcf8
2025-11-02T12:51:42.813899+00:00,0fbdfbb3ae6723d0f07b30de655d6e4f9a32f104580745826c93ecc7dacf2440
2025-11-02T12:51:42.929930+00:00,aae147169218562d1b6f20b91a5e92157a0a1e2ff629b145048191f21a900617
2025-11-02T12:51:43.047840+00:00,51b998a6b18dc4b769e1ce33b9ab6d34242ab1b1caa999035a046a06715df9c0
2025-11-02T12:51:43.171034+00:00,3bc5433162951b7e8a9c5d6475fc2ced808975aecaee25e5e80765fd2fb62da8
2025-11-02T12:51:43.289380+00:00,86062f8337ec84fa3b0e66b05b7cb6ac16fae5ff5c38de807e7378da604c4494
2025-11-02T12:51:43.408302+00:00,f3e75f451854ca4c3595d9dad956ebcdebd49511d60e24f2ff959111001072f0
2025-11-02T12:51:43.524511+00:00,2d0f5cab7e076771c2eadf2f53f0a42b7757603797037725e0f64751ab9576ad
2025-11-02T12:51:43.641446+00:00,26ce3babe5bd0c6b17249d1dca94d7dcba74ecd5ad6b16607914668843a306ab
2025-11-02T12:51:43.756971+00:00,56ddb5f017fbd20c76e1313c7b000a18e9228d14cfec9ddbc8473aaebe55a38f
2025-11-02T12:51:43.875991+00:00,1c6a556d548a4409b708a5a6366f884d1a3df7799fb2483fac563d752972eb5f
2025-11-02T12:51:43.993082+00:00,b632710b6f0ec0f9b929f7e956e767ca1181cfda549f8c39cc7c86eb37036ff8
2025-11-02T12:51:44.123122+00:00,ccbe400a8cad003a7a1d8b18a78dab0e3b18ca38ec72eb075e15d60b109ac7f2
2025-11-02T12:51:44.352220+00:00,64112b9d017cf7d4dd9bd52902fc56fd60cd153cd6d8c34a8e276b07be0b78de
2025-11-02T12:51:44.619473+00:00,347a9397fd404455aa325ad00e8da2a8053ba86ab95d7acb87a1b32bbde58b30
2025-11-02T12:51:44.737812+00:00,c2deea9604c42b69f7a9366d363d0e1d47f59f2994e894e4246c7515e28fedbf
2025-11-02T12:51:44.852446+00:00,8076935b29f7622cf9a68bdc4c20d7dad87b0477f819d9fec1c013825b9beae1
2025-11-02T12:51:44.970978+00:00,cdb293387782eba8e21769388eb3b90dd7a1a93ed4901a981a8b305289e42cb5
2025-11-02T12:51:45.084805+00:00,5e8e5826165c06cb7ebd27ffc8f8410e31afb1dfb91093495d5ffdc8020ce752
2025-11-02T12:51:45.200689+00:00,1f434f5cd785a477456fb5739e59b395a11db72557ed7c33357925516243d051
2025-11-02T12:51:45.318131+00:00,baddb920246e72297051193a066d64923ebd27f81ede8d01475f9734309e991f
2025-11-02T12:51:45.433853+00:00,2a0357ded254ecec38571be7b59aee088ee9b4cbe39e98b3afa31d2211bf11c0
2025-11-02T12:51:45.548162+00:00,0185b17b6a661edb54b08c08cd8ab802e9b7f852537912cc6b3d11be6330228a
2025-11-02T12:51:45.663665+00:00,f09a5f299807653a4f2fa127f3da3971f9417fdebb6a940e09dfc3ed47791f07
2025-11-02T12:51:45.779455+00:00,bf40a46c000f94c5e3d2211cbd420a9f8224ed7181705c94408f5719652e8207
2025-11-02T12:51:45.894099+00:00,7273990dc0b91c597fff224cc69da579993f4179d802919e0f8783bffc51713b
2025-11-02T12:51:46.008908+00:00,f3e7a319206d2812d16b86867f98bf93ab816b8bb5ea32f96e8426df4ea4e76f
2025-11-02T12:51:46.126000+00:00,0ab9319d5b2f62c6379139a7c82658b397b04c70e72a8f2ff303702b271938be
2025-11-02T12:51:46.240240+00:00,487f82c5ca958a6be26f920b85b588f230180d594e7dc9ee1e39b1d5cb2cad8e
2025-11-02T12:51:46.358703+00:00,9605c327d6ffc07b01f8c1a3bd76e11c92c0d4439b0fbe1fc6538705ee8dd9e9
2025-11-02T12:51:46.476692+00:00,1a2d9c3cf6793f83eb292bfda932962679352c2d1db47c84283d69b3a575bb06
2025-11-02T12:51:46.595618+00:00,fe01f1cf276d623343ea76ef6f73f534ede86280515f156a18dbc8d00ceeddb3
2025-11-02T12:51:46.714084+00:00,2367962cb434eb70bc1c24b76c28199ebfc3629fbc26ae8818da9e6a10737474
2025-11-02T12:51:46.828291+00:00,36307cb22d5e0a9b079dbd6b53005e281c4e5ba2d6af8eeccfab10fab51674e5
2025-11-02T12:51:46.946298+00:00,d88284fcadf177764aa889036c923230f119c8af739280152348e1fe039a4042
2025-11-02T12:51:47.062677+00:00,e775fde80a2a09aea9d5b3736c023423ea9f01cb2920b5e4f2299b5331c9a7d1
2025-11-02T12:51:47.178376+00:00,c2adba3eab25a71603fc71bb10d26000a3870acdee3730479dc157bd0a5431c3
2025-11-02T12:51:47.303584+00:00,88e4eda38190a6f9beb9eae4e618ad931a51245499d4092292f1838bbbdf17b6
2025-11-02T12:51:47.428558+00:00,de15c1f2ed5923e54d1c0d300dce704ebfcfd2e6d8edbdbc0ba37053e3907705
2025-11-02T12:51:47.560800+00:00,c711baa93d701551e074d10ebac0b2d93956c3c71f29b0f42713501a1517bd35
2025-11-02T12:51:47.680190+00:00,ceb5b20dd0534dad7f21c0143579d08b4c7540d6110ecb47dde9de9f40d1772f
2025-11-02T12:51:47.796619+00:00,953c065744a441be5da31bdba09e51ae39cc04e77abdefcb0a9ef9ea20346c30
2025-11-02T12:51:47.914924+00:00,279b0f63dc89b77ac04459c184ec5e1632c89383a9ab486fa2cb30b4fc9a0cf0
2025-11-02T12:51:48.036902+00:00,fe5b25bcc9cab25cd0f93b74e68174059f67702870802e8a64b2e6bb61e30e88
2025-11-02T12:51:48.154926+00:00,d7ce5d382a3572dcc689e8f183e897ce12eeb903c9d224e260c2dc4e694b836c
2025-11-02T12:51:48.271396+00:00,20203e542ce5163c151196915bf125b07496206f3c4318815168d3210cb46aab
2025-11-02T12:51:48.392927+00:00,248a752bfea88c42d5c8c5c28f605d7e040101007e56c4621171279c3e6e083a
2025-11-02T12:51:48.512163+00:00,57ca7fec15ccc60bd2e875ac7b9d030c60e20effd794f751ae72bf4aa89f51f0
2025-11-02T12:51:48.630252+00:00,4fc5b194e97d6d82c8a2b936faf4e858e78a19e7574dae45e9db261b9a3e6643
2025-11-02T12:51:48.750967+00:00,a02e5452db30fa375eecb86ebd8dde548ce431aae9db07b71d4f06195dc3169c
2025-11-02T12:51:48.864058+00:00,62bb22d5e7af12ee5781e74d7b08ff09933f7529d230135506c150024b5c303a
2025-11-02T12:51:48.978870+00:00,7b0b57146bca778bfcfdf00c198bda78c692610a5307a4dc7ae265ef6408cb96
2025-11-02T12:51:49.093559+00:00,54868c4bdc11494fd62b28020cd39d1a61afee624666da6480ef77355481f1ea
2025-11-02T12:51:49.214146+00:00,ad73e790bad64f53867b87c07ea5a60b030fb5639cae1dd3ae25df346bfe1fd1
2025-11-02T12:51:49.459925+00:00,9cba45775f742f02fec442cf1cf204cb4f27a9daed59f56193133c86d928086d
2025-11-02T12:51:49.590917+00:00,f66618a1b5cd76e9b349e060fcaef353615365ad195019bc044659570a57fe74
2025-11-02T12:51:49.708332+00:00,fe0705da0142ee5ccf120fd2f669f7d4f7dc6be5b04db4b8cf4807d38ef28efc
2025-11-02T12:51:49.823016+00:00,329e1c961a98bb4826f19bb5e1ec8790c3d0d28596504bb4c74e5a3f2bdd761d
2025-11-02T12:51:49.937149+00:00,4541af05c3b8d9e2c731e05d713492cda6b2f5ab3d5cd72068468a99be74b895
2025-11-02T12:51:50.051986+00:00,a0c7362af6d839aad86032d8e3e1a4a76445d06125bbed0a7495c44bec9f1da3
2025-11-02T12:51:50.168834+00:00,8ad1914735fb8c14886184e9cc73fb3a44aff089d75be07e79a7caea9b2aa843
2025-11-02T12:51:50.288334+00:00,e75501606c0623d745a5072d4639b00e62f351ed745f28b30b7eba40d009db94
2025-11-02T12:51:50.414425+00:00,ab75eea840ac5e89814ed2a04b40a1cca2ce47aa2782f8bcd0ab8dfda5155d03
2025-11-02T12:51:50.530545+00:00,2636138d90239bc46d5317d4830d81aef8ad0f949c3f1acb8437c82074aeea6a
2025-11-02T12:51:50.645385+00:00,086c9602bba0657ce5c68d3ec6744c7dc02499d500e4103f8d7d887ed13a0743
2025-11-02T12:51:50.759584+00:00,d254cca2c6a3d340446a78d9fd84c25a77d2111b071b4a0c3129e7d0818ab216
2025-11-02T12:51:50.876572+00:00,a6297874ddf2fdd6fb92abebd3d7c6c557a6dee86ce15300d0f3d7f2a0ce76c6
2025-11-02T12:51:50.991858+00:00,0860fca26ef428617fdcf0ab6a28862c2576898ee2a74c455bae2e83cc5d9060
2025-11-02T12:51:51.109883+00:00,cad68ba7d090cd261fd902dae5ff34af85c4fcc54834fec25d8ee22858b7de6c
2025-11-02T12:51:51.225066+00:00,d1580e083b59ea4180510ba4633fed565fba168a34a2b0fbe9f0573dafec34e7
2025-11-02T12:51:51.339903+00:00,2cc9618b0dc1cc0f639bb35461255f54fa683c41d4cb17b98e5efd966027a4b7
2025-11-02T12:51:51.454698+00:00,6e6f1fd20f76ae4009c70f2959ae8c09a94c0d15a3a3f2ca4561fb3d28f9c161
2025-11-02T12:51:51.571025+00:00,b761fda48a8019b2f2c7a79eba63fbb7ebd1dcba6cb8118c47e6cf7d34607457
2025-11-02T12:51:51.685676+00:00,e5b7b79c547e619a6787b848ab14c73d7348c1ba7576245e87b6e7a4b4fc49dc
2025-11-02T12:51:51.800578+00:00,da88fd3aa7a1d903fa0d4f6d402014e781d617fcab0ca88df785fca9a03fe416
2025-11-02T12:51:51.916369+00:00,365965b946286b49f7a54b5319a6c50ed9e74506208ced0109cdaf69751e5b20
2025-11-02T12:51:52.033283+00:00,388d3d31c0b091c92e2ff7bd7d3dcf2263a8f427e4498be00248f1556457e16f
2025-11-02T12:51:52.150719+00:00,497b9c99501284831e981edf82f59cee19e755f8b5a4440bb5c3fc18349f5b9d
2025-11-02T12:51:52.270111+00:00,736eec72b6a43a44a035d1e8c07c6f42e3cf7c0511afabf20ab2d51b88bd45e8
2025-11-02T12:51:52.382983+00:00,f53bb5ce424461a9090180ede2d1646b5c0f12845bed3bf0f4ce87ed117e6378
2025-11-02T12:51:52.496915+00:00,3928a19dd8bf193b727fd372cdd44c16c48cc8491d3882bfc692bab895d32cea
2025-11-02T12:51:52.612602+00:00,eef6b1d130687910c7ad7fb8021e25b058ecdc55b348f00e4e24052d44c01cbf
2025-11-02T12:51:52.730783+00:00,60f309bb89b78e8ee868539e2d18f175151c03dcc92480a2a68b5cc56c543606
2025-11-02T12:51:52.850930+00:00,f8edd2e8d1a28a4b89b8b07473cfcd28c8aa47c6357fc9ad8eafed9ad7482a2e
2025-11-02T12:51:52.969414+00:00,a9d2e998af2c91ec55598ff740f0270922de34db82c00d1bf13675500a1dd6a3
2025-11-02T12:51:53.092824+00:00,d410748bbb1376edcecb5564ae9f20c6d0e5054b539e249df084bfbddb6cbe1e
2025-11-02T12:51:53.212562+00:00,e9be20eb85315f3253f623f01c12ec59b594cc3a4cb1a0f055b5fe1ec30b8134
2025-11-02T12:51:53.327119+00:00,79421fbd3066deb163f398ac710e40cd2844a5f316ccc8c5e832d885e46b1925
2025-11-02T12:51:53.445081+00:00,bb890494b8b806f5255279fc3b3a2283f16bac8120a189b8dcd0e2d44b17c2b0
2025-11-02T12:51:53.563145+00:00,cd67568c52d381b5ce8437c821dca39cce0bb1c15569be4be22cf991e5c36992
2025-11-02T12:51:53.682227+00:00,2747f9821360a3d1a7abfd9406a76091473d6b9c713f763d684d370e543356bb
2025-11-02T12:51:53.801993+00:00,ccc396fe8c7a7888e66cbf9532f6615b5af163e23af6cd4bcb202c6bcb0fa37c
2025-11-02T12:51:53.921579+00:00,2ddf61e835fc59d56bbd01ca27151c8884fa4fecfab7cab094b802d89698cda7
2025-11-02T12:51:54.040151+00:00,ae77c77297c24e19779e514360b64fd32f63ae971218f20e485af5343c8f7845
2025-11-02T12:51:54.160822+00:00,2de666b9b92b3fdd26d5f4d5fd5eb6855b14a4b464d2fc6693c7ea31252d5f12
2025-11-02T12:51:54.282043+00:00,084e84f12f0ae1b18c54f30f626622ec1e7c678ebef86e1c33c30170907658ef
2025-11-02T12:51:54.464371+00:00,2f178943b5a8d8584c921e29515c6b01c9e957ff2f22ace452e9af93b9da7f7f
2025-11-02T12:51:54.582662+00:00,95196740439d59e5908d79c80f398426e4fe1b9526f598b5d0f5f9175665158e
2025-11-02T12:51:54.698855+00:00,6bb065e65df3b7cfd456e7e70ed037c9da37f483434633f323296a9fc846156b
2025-11-02T12:51:54.834830+00:00,c84f3934f72900c2f0096aac68cca295b42f22b0b3d6cc37cc2343d427549412
2025-11-02T12:51:54.953434+00:00,810f0614287e415add35b072adc7d15aef9918a7104fd624a87a47b135986f6e
2025-11-02T12:51:55.068302+00:00,c63bda026a0b3500203cb8808dcc1812e26590cc3ad5960ff9c77ae7295a0370
2025-11-02T12:51:55.182594+00:00,f3df7338bee01551597e9cef275409605bf895ea3fb8ae01d3c3b2fe19a931b2
2025-11-02T12:51:55.296711+00:00,1742b8462dc39e7c96b443012737de6867b45fa6a43726e21170dc2611e53f39
2025-11-02T12:51:55.417473+00:00,4cf7d76672f56835d35f38ee5c825c2f58c0d6644ff8b63aef9cb2d3b1bc6539
2025-11-02T12:51:55.537650+00:00,35b9144d666f1d3bc3ec3d390823d1cbb18de81cc1226b980e21dda9eebb56e5
2025-11-02T12:51:55.654864+00:00,ec63ebf54276052f563638ce8ef4e74380a870b0e3df67a50f038add95cfd611
2025-11-02T12:51:55.773090+00:00,8158b117aea4a2af625acb89f687cc3b1cfa924f359cada3b38c2de5a38ee9c5
2025-11-02T12:51:55.894034+00:00,8ddf9370c4adfb7c4306294e2a576bf54ce91ed39df124d38c2271fb523a3c66
2025-11-02T12:51:56.009869+00:00,f7b291986f596c1e5a01bed5eb1146b8d1d71a41b177e6d633d57dfd049a398c
2025-11-02T12:51:56.128495+00:00,4148238fd83e6fa31d7af61e645065c8cf8e0deeb812c996910047826e5b67a5
2025-11-02T12:51:56.250158+00:00,4ebc96e2815d81517c5b44dace9cc97f435cb346f7172b7948331ace36681e8c
2025-11-02T12:51:56.366536+00:00,f63ad24b79ac9187ec1a48557ac2cace72f1d49b50efaa841b026f56d1d78b1f
2025-11-02T12:51:56.485069+00:00,3ea9a858f2f6365afef97fe1d5b74f4b945dd1d1a3a9896940feb03f3d485af7
2025-11-02T12:51:56.600073+00:00,c9ebe1d19438446de1a531386d65bbb220efaffdc159acd53aa13ef14e2fbf3f
2025-11-02T12:51:56.718999+00:00,593779a1f95aa551cb9e75a07dcb6bf9d8dfafe972d06c39c5b4f2bfdd002388
2025-11-02T12:51:56.837780+00:00,7dfa5e9c03e98afa18d37b2f1228dca8c9b87182fb1e51d21b992b081c5e373e
2025-11-02T12:51:56.952210+00:00,826f08dacc29ee5a8bf2f321baaa20c74a040b4d727474b090ced365410de4c9
2025-11-02T12:51:57.069026+00:00,c53320e65cb3958968c98aeec4fbdb391fa70904dc0d09ea748431c19ae2f70c
2025-11-02T12:51:57.190392+00:00,97f0dc7571a6d0922b3764f22b82c46bb77d0ac1303301aa6ad8f74df504471a
2025-11-02T12:51:57.310146+00:00,34aafd0d4167c7c7744b0f452847cbc18fa598cf8bb15d7bee09ca86acbf6f6c
2025-11-02T12:51:57.490025+00:00,e80301f599a46d98af8b07b670291a62e69b38288a0db4b3d3e109e086182d2d
2025-11-02T12:51:57.622291+00:00,69eb9975a7c7d69dcc76f36c1c921ed521a158e4f604d58b213d5acb2aea2ab3
2025-11-02T12:51:57.737033+00:00,dd33c5d618ba348430a8d0554249fe7df2a0529b01d176ebd81309283b4335dd
2025-11-02T12:51:57.856931+00:00,e5a559e29f4e4eab60c5f332a6bb11fce7a72586db7f9943b73f0acf9c5b5f44
2025-11-02T12:51:57.980113+00:00,5bccd21806ae7defe516749df42038c012e26d85c4c4c2b0ba94b3c6a6e4883b
2025-11-02T12:51:58.096794+00:00,4377c1ded7d64c09e2da32d32001e8fc5373beed64e5561744bfcb68fb10a402
2025-11-02T12:51:58.217154+00:00,404a218af5b4cd6c8fdf1a28fe5157e6b6c2195bd36a8122027ebdc571a878e6
2025-11-02T12:51:58.337359+00:00,579b622820b2089a15c421facfa419ada0ca4f5da9d1e046506c678b44dd82fb
2025-11-02T12:51:58.459278+00:00,ee1e9260465ffeac2a1d0b5a8c8b6fe43717034a7b6da612b790fab9ea85a9b4
2025-11-02T12:51:58.582731+00:00,55865ac74665567ecbae9d548af07b209635ad29d2ecff7f135a1afd49679e74
2025-11-02T12:51:58.700714+00:00,90613b995f64203e4708bb07c11583f42d681f3f9d27109b1d69d7f45c896929
2025-11-02T12:51:58.814692+00:00,d8b92d192b9277921b7dd231c80c01f3fdb10a80c18583f36b951d82a867efc5
2025-11-02T12:51:58.958497+00:00,5f288d800e89b4ae9dfa8e313cea1dc2d59eab923c534d27eda743e9b86f1009
2025-11-02T12:51:59.086236+00:00,40a288df8602b4165db6b8e85236db11e54d447a3879b5c3fe370330589744c4
2025-11-02T12:51:59.222188+00:00,ee35514f05261dbc32033c3faba859fb0689495e9f120cc29a1f55b7d14c51d6
2025-11-02T12:51:59.343362+00:00,ce30f0a9c5b027b1bc35b613d23e02fc78186eea877943374208d862f757f2ce
2025-11-02T12:51:59.681104+00:00,96a83d4d452242631bdab262da59529708defee1dbc07b14b471ec8c77dac47d
2025-11-02T12:51:59.800597+00:00,25495f6a9ffd8b8c6488cfead0d7defdd957c838be4a7959bbb763fe26e78a54
2025-11-02T12:51:59.925707+00:00,b1f236a6a0d7d896d4a7acfd0adc5befb5ae1f073402ffd2c0f8a4f45c985190
2025-11-02T12:52:00.050502+00:00,5ceecbb0a6dbca211e6a7ef183d820f29dff634f9ea8f69e864122e506600222
2025-11-02T12:52:00.184507+00:00,b110b5dff58136839976cfd68d5f36d26fed36c03a1d6558c78847a0dd22d497
2025-11-02T12:52:00.349718+00:00,d6de58cf11fb4d692f9c1719094880dee9eeda726d295d0c1be5247219d3e7fc
2025-11-02T12:52:00.493287+00:00,ac622a05b82ebabd38279c5de3a8dcd98f42f7835bce9e9672760fd4b3868f09
2025-11-02T12:52:00.622933+00:00,cd35e6b11d95441f42b54b204f8889ea7740533d48f9f84f3bfdfec3bb294709
2025-11-02T12:52:00.747014+00:00,0ebd174758fffb7ed0de4c654af39aeb9c5a0763e5c4ec6e35c13eee7644db9a
2025-11-02T12:52:00.871211+00:00,5c67db04aa1c42b25e3c3080386168d18e53402ff329b25f3bedee4831800d99
2025-11-02T12:52:00.989285+00:00,b5d59f769866c878fa2626e7fc0a27aa08a147e2c53555b85a9a1a2085a372d6
2025-11-02T12:52:01.125636+00:00,94dfa7181ee95b070324bcac4d5d6c488b6904838321393774fbd6042108386a
2025-11-02T12:52:01.246099+00:00,e8fdc55dddc02eb42d3838f1d416da02e90f45112a1e21e2f5891c6fa2f86664
2025-11-02T12:52:01.363080+00:00,84f7717ce1eeb12c07b73282244ab52bd14636acdc2af5f50bb81be4aed4627e
2025-11-02T12:52:01.489828+00:00,6dafed44f9f727d4f18fbf19ca0264f03c3833a63cca9b48f3eb8b664e6ad0b6
2025-11-02T12:52:01.613268+00:00,99bbfc08a24b40c4b646f48c812da7170bc6fc9b94468a0c68a9021af59e4e48
2025-11-02T12:52:01.739572+00:00,2edf8a60c3727c9ffa172c9edc69cb60a499379b7eec6dd49d9798f0c4ac0332
2025-11-02T12:52:01.869597+00:00,94cd55ab23da3b9e8b14aa976965ec5db84aacbce5b884c4005226d62d481852
2025-11-02T12:52:01.993933+00:00,fc801fa6a28896d4e90a1e4221e3955af4993505dec1addb84895148b668e3b2
2025-11-02T12:52:02.130229+00:00,6311c6bc6c9d05fca6bcb03abac8ea53f9231d5788f40e03be375c9dba5f1e04
2025-11-02T12:52:02.250954+00:00,fedcd040d0dd80f233b3e4bbd9ee45fda11bb185b6644ad867095f1a78a15f5f
2025-11-02T12:52:02.373816+00:00,a65efe27803ab1b46b932ce4b85584951ce240235771ab706f1497b53560ed5f
2025-11-02T12:52:02.493265+00:00,89f2e0e52a27c87ab9a9c72942fada69d8688019b301271af69c10d9feb6e1f6
2025-11-02T12:52:02.612351+00:00,7488c2f2c198d247e3c25f4ea48648a57d148832a4ede78a33c468ad98fc3169
2025-11-02T12:52:02.737954+00:00,f7ba112c2339257c73fa883af13139c6fecdb085ec780db8755ac63e3395d276
2025-11-02T12:52:02.861498+00:00,e486a06c205de683c80851d93d991fbed3fd91128b6f639353f2a0306b778df6
2025-11-02T12:52:02.981521+00:00,4735aea2213e036f4e709babb11b83cfca2e4e265f32bde996bf880dde95904c
2025-11-02T12:52:03.131166+00:00,12a12571fa9cfd042e6921d7ca975cd88dc68c2dea2cf5d4064fee85a9f1ce55
2025-11-02T12:52:03.253560+00:00,09e9af1ab46500beb26030ee7e5dced4316707cbeeff042f55791eaa23d01ed1
2025-11-02T12:52:03.379884+00:00,0b09cb7ced6ecb1fc9563a5ebcad041642aec47506b428091aece4fdaaa13eaa
2025-11-02T12:52:03.511960+00:00,a4443b07e19f843423a63ec706b849150296ace02ecc55a646b5594e6ebfef35
2025-11-02T12:52:03.645975+00:00,f6271250c3e2262ce3a26173a2efc30f6edd17267f1820186e38400218699ac3
2025-11-02T12:52:03.766431+00:00,2b157b26eeabdf8a912a5c1456ce0d43bee8e4b99b04de8e552f1e58c288b197
2025-11-02T12:52:03.892946+00:00,94a3a62f037c36cbd7461a173206bd9bbf970d90b9e1cb1136f94ca0a5dfee62
2025-11-02T12:52:04.012500+00:00,5fcfed0220ba676a85860119c94bd059062f3175ee3ee6daed2e1ec1ce7232f7
2025-11-02T12:52:04.143614+00:00,2b2f4a3e6b91ed232853cdff1f38d21caba947291a31f60319ad210211acc641
2025-11-02T12:52:04.268536+00:00,0f52b89d2eee9924b5859e3f41dd5229838331f7b74c816b9ec79c44fa6107bb
2025-11-02T12:52:04.391028+00:00,bf294e58315aab7d46406f2a3bc06ebe4765b7cd9d459b6867fbc86d5365d9be
2025-11-02T12:52:04.951533+00:00,1391964f8c8a9354c978973d24b12e4927f4a15bf985e88bf639a796c08d9256
2025-11-02T12:52:05.087280+00:00,9665427b238bedb81abcf1c1e1627031c7e04fd5120cab4c2dc4f5e44f18f388
2025-11-02T12:52:05.210304+00:00,930c73d7933a0206d86c2a6124880644f6763e69fc2b40f1183a21d4e1d3b258
2025-11-02T12:52:05.354933+00:00,5d27a9964327748c1ab80dff37f1f4580d363b5af6e5cc50e3c6874c4c21e9f2
2025-11-02T12:52:05.480801+00:00,c08628a415434b376c74d6a7608b4b8b14678132f452cd104cb7d2d6bd3dc44e
2025-11-02T12:52:05.611804+00:00,d71820589540c4768d8d4a2eb96d2488aaa75166b4cebac2bcd551cc05d47665
2025-11-02T12:52:05.737633+00:00,a296047fad927f0b18ac20ee12e49f02f3af1578bba3b5e413d7f8fe087515fb
2025-11-02T12:52:05.860271+00:00,42218a7da24ffa5d1b0923420f8ca5508503ce3e51b8e3bb4115e159af2c6a4c
2025-11-02T12:52:05.989518+00:00,d9481ab39762dec413a98bd1e0b4e8ba8d61a671fdf93d9cd1fcf8d0b6a24025
2025-11-02T12:52:06.124022+00:00,a694d5e1adfcdfe8cee74520c1fdf739b06c33ac05645d24edb0d668bafc2287
2025-11-02T12:52:06.247571+00:00,bba981eb4093e1d8038e858e8e9391ea2cc2aaa63a60cf48f83acc3f3edffef3
2025-11-02T12:52:06.391386+00:00,8282fa81dbd945d4520bb02e47b1bdcbec41e7205de1a614eec3df5dd23f0066
2025-11-02T12:52:06.521329+00:00,7638457c5ef34423a96f596f1509eb937335f3480fcbf150e5cd86f2e508cbcd
2025-11-02T12:52:06.650196+00:00,57f2eb6901a50fea71480ea9958190bb514ea7d5b2f6544c56346e4e7ffb2904
2025-11-02T12:52:06.775638+00:00,037e50b897e7c506afe0feaa856f0307f15bee61ff0e525874a04fd5e2256981
2025-11-02T12:52:06.900560+00:00,154b523353a2bd7c9c08d9b136a2e158b7428c79148eb03fe73cfa7297f96bb9
2025-11-02T12:52:07.028447+00:00,a18a882a1a2509301702a71b24d22662c01897075efc0a629cba34027ba91946
2025-11-02T12:52:07.150424+00:00,0f544680cf245b3721ff1ea97687614db025dbf65c4df25af01c93550b51c6f0
2025-11-02T12:52:07.281544+00:00,6608c77c9d58bf313a3c66d51275660cddfb5f9bbd90275592e367adeb493bcb
2025-11-02T12:52:07.411251+00:00,5ec28b9c11202d3ba5360a04e94805a2d7bae9bad190c38ef9002d542fa5a970
2025-11-02T12:52:07.535455+00:00,b99dd7489439e8b546b020f11df2bc4bfb60951c05dac1dc600f36654373a1fc
2025-11-02T12:52:07.659033+00:00,9095f5a302139e855cf77bdf749991743edd93ffa1ceb90726377e0dab8d6e7f
2025-11-02T12:52:07.788244+00:00,e058c234e9d44d916838fb4188580f0503067dc2c111c585c713a4d3c3b75add
2025-11-02T12:52:07.916324+00:00,77e7cf497970445d52a5c19173d35989e63258bbef5e90dd7ad9fc85b7c46edc
2025-11-02T12:52:08.045523+00:00,c550c5036665099120e6d5fa1305a24d7e99f2680ce53ede413de9793971800c
2025-11-02T12:52:08.213105+00:00,a4da25829f3716b5df23d7bb2855ba06399c7154750ef170fa2d9a79d47bb51f
2025-11-02T12:52:08.345974+00:00,361707e5f11ec9b68429cb71be7ba8c23548e138ea6afe90bebb61388fc49708
2025-11-02T12:52:08.476895+00:00,7ead5f79096bec5dafde465c555ba905d04315a89bf6b20fc4a2d840c2e032d3
2025-11-02T12:52:08.600218+00:00,0d175a0876cd84ed4a93d5a8abd29bf0654a299772ee5d563174a89e4ef2ccf1
2025-11-02T12:52:08.727422+00:00,0f7359398493edcdc3f3afdc767b3c0db165b1d22406fe232e0ea588b5ecac11
2025-11-02T12:52:08.854160+00:00,ed0335b29587428986e0894ea2d5c389e0661d1bb58835ad6debb177613aa91f
2025-11-02T12:52:08.990239+00:00,8921dd6c0d18f932c664cfc9f767c2b04efa646acd2665615f40205a9a916a2f
2025-11-02T12:52:09.123436+00:00,ebd79e895f33f849af18064ae45cb7a7ada018cec6e16e785a73d6358ce7a373
2025-11-02T12:52:09.255243+00:00,089f8dff4e474add053401e4b4bbbf21cc23751cc40dfc71ac25ac1648488651
2025-11-02T12:52:09.380363+00:00,e4f48c923e0a41181699eb257cafc96f3e47ca10db297640ffb41e5cbacf1763
2025-11-02T12:52:09.510516+00:00,d4ceec6069d0eb27c0feca12f7738e65bc096c9ae0633c4792acbdcffb92483b
2025-11-02T12:52:09.639362+00:00,5e28abf35a8bb8422b44b2cac10f84daa5b9b1c2a648b175eb1db8fac2d67e56
2025-11-02T12:52:10.013144+00:00,4ba54c01f0213a72709c56b5f05fe90d7b77f0595e1a559f668744ed47d70927
2025-11-02T12:52:10.133488+00:00,6a6a840b7d76d23bea822f8c8594a2925fa5d3456b6733332b980bdb1d22efec
2025-11-02T12:52:10.275725+00:00,634eee418c2732afeb5f8d150449e0c2c4d004c13768c47fc4096645d5cc9c89
2025-11-02T12:52:10.448837+00:00,a4a539b7bafd53e861e6b3228fc93b9366336d374b3d407b0233e42fcad63ef2
2025-11-02T12:52:10.616434+00:00,f8a2624c61d27241cd9790d5d24c47b4166fe62785f76afcf90f2e6e2728f2f4
2025-11-02T12:52:10.737267+00:00,a98df2ba123b5dec1b265403c9519c5bd6ace9cd3f59980a1ff0eb4f373e1610
2025-11-02T12:52:10.860186+00:00,c82f469a592b4e661c27a5f2f0d168b561240032ca5de0f2a101a16fb6d625c2
2025-11-02T12:52:10.986455+00:00,9f6978e1e976076aed6908c5e9034bb4fa2d683f54a1db3f47616d76c5fd24f4
2025-11-02T12:52:11.112000+00:00,00f642f804c2f15ffab47c286f09b3db83fca1b2c080e0fafb6333fe30dc978e
2025-11-02T12:52:11.270778+00:00,c4a5f95c7b1f188cd419445169da6974cbb37eaba0b2ac97c91fb90f26a58dc2
2025-11-02T12:52:11.395234+00:00,6ef1170a380448cd12ce26a15bbf261025c02a3c9a165e1a94676facf03045a8
2025-11-02T12:52:11.520790+00:00,075e1c88b761e979241354f7814ee93ee0d8c2ef98c735ecf4e72218ca3e43f1
2025-11-02T12:52:11.641092+00:00,f58741916dd49314668c4cb00a8c01b81ee03f5182093bf54dd16266dd15f348
2025-11-02T12:52:11.791911+00:00,98371df9e8d9762ba29b7afdff8b204d264f65486feeb6fd01845e2215768556
2025-11-02T12:52:11.920625+00:00,6e3e43ed1b377a57da6fed7acfe817a70b5ab7b6192a206c372794d3ec830353
2025-11-02T12:52:12.043416+00:00,5557dbaede2c38a2eecd44ee4069df551980cea6074e6aeba912071207b13713
2025-11-02T12:52:12.164778+00:00,b62b0e03bcf6cc7d13c513a21786f935467d879f717f4af81b351f28e07001c1
2025-11-02T12:52:12.290633+00:00,70e6c600babf70c54d4cc29625c794533feccac4079942ceb11511a043258c94
2025-11-02T12:52:12.433891+00:00,03e9069881bbe49a5e4c65012dbf16135f7f6c7616798c3e7c7f6946d282498a
2025-11-02T12:52:12.557674+00:00,d9f3062ad7b066f5d4d3c7ce7de28a0cb0e9d3f1819296a69424d3fad57baeba
2025-11-02T12:52:12.686636+00:00,d2152c38ad6a26cbd39c5f2a4d95783f98f53db5b6786a7529ff15aec819b69b
2025-11-02T12:52:12.806835+00:00,d832f79739aadeda6abe658488dc275ffd570e60b27c5837dbb090935f845685
2025-11-02T12:52:12.946319+00:00,6aae1f8f98c86ea377b0e3f9ea45d701a9b8d333402ecc19fd7e5fb4e96c0a45
2025-11-02T12:52:13.072960+00:00,fa1b6eafdb787b570981ce015f37aea8aced3b4bb9b37711bd39e2aeb40ec5a7
2025-11-02T12:52:13.222016+00:00,62a770bd0f0f6cb5d84923082d03db0c8e2ca59650debc0e07ddac7748cfd872
2025-11-02T12:52:13.343227+00:00,c352e6eefe049014b5e6df73025bdac7be937469f0f677dd6fcca5a4dcc32509
2025-11-02T12:52:13.467228+00:00,4fe9aef32054028b307536fb5dda8f1a991a3c58623167028a37c0e042964087
2025-11-02T12:52:13.595359+00:00,9ff0e562bc7e264f88fda11c76cb995daadec75f8fcbecf613acb63a98af9033
2025-11-02T12:52:13.721391+00:00,e53958937761f60039d45f0dc3f72610cdfbf6741d06893923ff0d6ed202862a
2025-11-02T12:52:13.845484+00:00,a941543e2be2e30918afd3cc9a39255185abb8fe2455f8a5e20dbff6d2382ac0
2025-11-02T12:52:13.972311+00:00,4a46dbbc328340fa8d561ab615502fc011f60263e557f4e25fa9a7df67277bd6
2025-11-02T12:52:14.098526+00:00,5375594d9a1687a590eec7fab9e92f86089de86c4b6dabcad1fc8d25702f54e1
2025-11-02T12:52:14.220271+00:00,07d76b6e4be6ec0cbe4fbb1882bdea9a7414dbd966e20533f34c2e7d3b2e8ced
2025-11-02T12:52:14.344899+00:00,bbca4ba5ffaaa2d59d044fe76c8883301cf24cd69d5875f7b17d38b1e4c7b8d4
2025-11-02T12:52:14.476292+00:00,9098d784238b534e80f3aa907a56e121f1974e6c955052fd826a8381d4f423f1
2025-11-02T12:52:14.600341+00:00,c052cd015d295205a9d975b23d389189d9eb639dfce05db128fc1949b62d57d5
2025-11-02T12:52:14.720980+00:00,3ae38b8c3f4df17fc827b3a10a96afa4524d2d283cdefa985d1bbdbf5a2485f2
2025-11-02T12:52:14.842346+00:00,b707178e619a30ba508ec7abe2810ddbdfe1ab365a676c023d5bb0eab7290720
2025-11-02T12:52:14.968578+00:00,4133b458797c6f3709b7315040776c95b13a0bb7471dcc29d524b5feffa6ac89
2025-11-02T12:52:15.301401+00:00,779f13874cf2b79830c9ca048cb040f5712e03bf9ea90786e9f0cf40f65be393
2025-11-02T12:52:15.422565+00:00,25fce20240d9744ff8e8cfd1b4086feb36a34bb3bf2b06fa8ff855cd4124208c
2025-11-02T12:52:15.545493+00:00,3945ad7bb884681e70d035dc19c0951c75abf9b6d17a287acc57577f9dcf0533
2025-11-02T12:52:15.665274+00:00,2dc7f821633e9435d9e74160dfa11964a011fe37ba41faca8050365cd6e441c0
2025-11-02T12:52:15.789165+00:00,dbf213b20d9c2b8355748548eaba02b3da38c927c384a1461188b3fbbc84217f
2025-11-02T12:52:15.910303+00:00,5dc92e50ae801a258b6fc767c01dd4d3bbd61d7f54f159945f9d093e06688bac
2025-11-02T12:52:16.033475+00:00,f1db75a3778437afb3fe7c21b97210d16ef5ed7b3b2b4197cb27959a8ec861fb
2025-11-02T12:52:16.159777+00:00,bf842bd251f9d6d4d88d02afaca5df65dbbfb13544a8973ee14354410a3cc444
2025-11-02T12:52:16.283226+00:00,6c720cf38c020e781a35a93e384313c7d7ce4a21435cb2fe2f6edd8409b39f0c
2025-11-02T12:52:16.403220+00:00,16cdf16e10a1ba5e37580a1d474f252d0d4da2cd6de8ce1f8d8f3e24961500d1
2025-11-02T12:52:16.522823+00:00,254e4ed8a28575a5b00a06931e92b579921ea326d158b8e338235786a825fc51
2025-11-02T12:52:16.646379+00:00,3483a5a2bd37f3ea1da81c9a9928f0231599d41e82a7003ba211a368f118b315
2025-11-02T12:52:16.773144+00:00,4102341b4695fa5703c2a77bff69233bebfe2c9e596a0778a85fdee587a31017
2025-11-02T12:52:16.904296+00:00,60f94ee3dfc45d05fe63d8c85fa6df70de467e60b10f40197a56306d0cfcd8f2
2025-11-02T12:52:17.029087+00:00,85b8d042889d7032cedb35c39986dd27eaa2d6fef141ac89e182efcf487b9164
2025-11-02T12:52:17.156449+00:00,dfe16eb1594c610776d11c1b217d74c6217dc045349f9d405febf289b46ee23f
2025-11-02T12:52:17.300553+00:00,947c6210e82985d42e503812e73fb3f7d80700f23c59d30e8e512a0fa5fee282
2025-11-02T12:52:17.435389+00:00,0246dbabc534d2670ed5fe66b8375947a91273856c7312a809c4a8eb591f796f
2025-11-02T12:52:17.574858+00:00,2d3700be0e413302ef1f8b47929eb2178bb3825478b06951d9308c83c672c6f6
2025-11-02T12:52:17.714448+00:00,561fc8da514ce9364680285ebb5d10cb488ceeeb622b9527dcf1ad235d24d4d2
2025-11-02T12:52:17.837344+00:00,b11c857feebcfcd94ad2fdd50b51fb68ab920eacd94c3813013e3dc9aefb9e1a
2025-11-02T12:52:17.963336+00:00,286b89b7d547b00b1e0957f328c2f1c1c3e53366834db8adb46712e55004ccd1
2025-11-02T12:52:18.099317+00:00,1845f3cb75d606c6c6e129afd8413e2c91b64d5736dd4e49edffc6d0fb8bdecd
2025-11-02T12:52:18.240656+00:00,1ca67d46bba129e87cbc8e2ec718bf6d9029121db279cf8ba61f4fbf4005920f
2025-11-02T12:52:18.366633+00:00,dbe90d4510e3015c3d058279bfce00d1ca4a490cc575a472d6361850f59fca6e
2025-11-02T12:52:18.500583+00:00,18e0019e2e1eb8f33163317f92cf9973ccddddcd0cbf83d8734a05b65c683536
2025-11-02T12:52:18.646939+00:00,df24ea59c1a106e77d3d7a0d62a1b7e5ad55698358501726b8ed05801830ba32
2025-11-02T12:52:18.774654+00:00,b6991c90f8090196d333144d91574e7aada3b6faec1d78ad19396504c4336948
2025-11-02T12:52:18.899674+00:00,f6c326b7d41f28cba86ac79e55b452be79b12def7cd52339c552c7d6fda64952
2025-11-02T12:52:19.023098+00:00,2df5878476c108c0ff851ad685a137b80f0a7cee9256615c813c91181541e9ea
2025-11-02T12:52:19.152251+00:00,13102fadfc0ddf6830f43dcd72f25acf3e3d86a70f9e16ef912b4b29c8f1b90c
2025-11-02T12:52:19.280604+00:00,e2a70ed4c928abc926ce9263ad73a456ca3e0036a36174c9d04949cfbb461450
2025-11-02T12:52:19.409848+00:00,7ea725548374afa67698451baf7c3a45b89532a8d47b447038a1c4615f80b8b0
2025-11-02T12:52:19.550490+00:00,6e82eeaec2c0b4ddc035c226527d8b812ff1e3bd005613aebb4bd96325ddd80e
2025-11-02T12:52:19.673586+00:00,1e61e998b052503330fbc8f4c91aa3105c28d9506fbeb90ed832ab5fd7fd4e1d
2025-11-02T12:52:19.795115+00:00,71702ec178ea3e89abb82f34abe908232a278cabfef0440528ebd0a6c7dec0de
2025-11-02T12:52:19.936448+00:00,5bd7fdfc03632de95b17b794ad510e22863b9ac5d1e53bdbba25d9e7d2b7dd9d
2025-11-02T12:52:20.059710+00:00,a1be00ffb9bd21c7671641e90640bcb9594beca78f5dbe2f1fc2eb3c525654c8
2025-11-02T12:52:20.184792+00:00,ae6e3cd52bbd661663d6d8b139385f65684034bb04cfc8743e567dfedaacff61
2025-11-02T12:52:20.842022+00:00,76fe4b9efe5a7e2406e4a6dd09b8b715f99350e3525cb9c3bad59407d6359657
2025-11-02T12:52:20.986552+00:00,a5aaf5ea01f59f279030904c7e816ec9786eea865b5bffc0d85e5a44e3540eb0
2025-11-02T12:52:21.116175+00:00,6b6bcd80be4f9d0e84a55911e1ba87bb1018f68a8be8497a8b3696bcf64fa886
2025-11-02T12:52:21.240400+00:00,450f71ad39a40737ee426ccfa37e788d25f961e3dfae3f01bd20d2fe7be7bbc2
2025-11-02T12:52:21.378581+00:00,97f09f4beab313cfdf91b2a92ce17ec79db5d1163de0ec7190d569674d9b128f
2025-11-02T12:52:21.531541+00:00,21343c15501f5a12ba31e9d43a1fde82841aa7bddfec29d14390ad128a2208dd
2025-11-02T12:52:21.665053+00:00,907783a703e58dff611d5a29336fe8b17b74aac7df690f6c813a5a95355e97b0
2025-11-02T12:52:21.804588+00:00,4f8afbac92f20269648cfb32d63be320b551530ea500e894326db3c308f62102
2025-11-02T12:52:21.926960+00:00,b3ecacf4cd2c6115573a7507a54773bfbfb32c3b0f349d1cd0df634075705b9d
2025-11-02T12:52:22.059489+00:00,68b2790c211f32c72f953a18181208826fb771d05b4575c2be703a99ca5dbd5d
2025-11-02T12:52:22.181626+00:00,9fc76bdbec584dd2429eec94a5ea20dc0e72091bb9ec695d1062a20b3017103c
2025-11-02T12:52:22.302508+00:00,40cc828097398d1ecd930cdb842a6d4924b34e0a35aba6925d173cc5df2dd07f
2025-11-02T12:52:22.422414+00:00,40565be184001816c0159221daa51b0d783b91f2e8e5adb8c135be95c10eda05
2025-11-02T12:52:22.548423+00:00,43b065d0cbd01ddf00b5f1287f662d1e2ebd25de7bb0a426d6c6a1155b51b774
2025-11-02T12:52:22.696163+00:00,99fb66c00c9f6ee1d488b96d54e7c2ca5ce2089784e5051f73152e3d656a084b
2025-11-02T12:52:22.841611+00:00,1b1a5650006fd5162ed8bed73f693a0b77bf1a21564c1f6a327632d231c35497
2025-11-02T12:52:22.974484+00:00,fc10c3fe67c43d190d026af21bf4c21a40f4f57ebfb59d311ae518bae30024c7
2025-11-02T12:52:23.104453+00:00,5a0d02a8c3d43daf84738dcb175b135d392825e22e30ac95eb04ad32bc059395
2025-11-02T12:52:23.225882+00:00,241734ba86dd4de1d0f6263c35932c71e3a6b8fe9d561df630bd66abb45364cc
2025-11-02T12:52:23.346563+00:00,c8bfbda817ddcdaafb3509bdff7814d9b3af823364d257cf930aeb9fb74bdf7a
2025-11-02T12:52:23.468827+00:00,291db984ec6d81909e6e950652b9288155fdcc1d4e700975602309f559f52f6f
2025-11-02T12:52:23.599067+00:00,ac29391e49bddea4b71521fa43665bf01e400d04e24f59397c6eaec5f74b3a10
2025-11-02T12:52:23.722293+00:00,17c787a009bb1fbbacec20e674270ac3ea963c34edce67b007c75dce38117a04
2025-11-02T12:52:23.876783+00:00,0d5ed12b178b6f6a86000e7ac097fcd1b971dc73abd8427df4680752efd30132
2025-11-02T12:52:24.000409+00:00,aac73361ebb0570f57b4e9e10f758f387bd9d6b5c9c8d5f7489d595d5e215a0b
2025-11-02T12:52:24.120736+00:00,c4c06462a6fab246bcc34a97009717f0abe32cdd45cd959c751e11b29d26d315
2025-11-02T12:52:24.241485+00:00,f797bd477368d5586335e9e2da7151eef3cfde024312ddc4d59b7a24a228c06e
2025-11-02T12:52:24.369037+00:00,0535fda80d1338a187b76fd0fdc96ce82dfb0a87a1c554080640eaf26bc88977
2025-11-02T12:52:24.488501+00:00,38718333a093f9c5e4cbb9d5fda7d52b2e6c601ff4874c266431af4dacbf77a7
2025-11-02T12:52:24.612876+00:00,f5ae67ae4c858ce10a97b526c2578886c3ad157f901ef96250fc0f4accf6e7db
2025-11-02T12:52:24.736502+00:00,aa994da990ab89bc8d8c3fbc67e9639afd1e5cae96b2ce39504fc24e0e5e9961
2025-11-02T12:52:24.859870+00:00,5ac7c754cda7181341c2410296649cca9dd3284876bcbfe4a11252ce0f418549
2025-11-02T12:52:25.026686+00:00,3da824cf8fecd40a296e27f3d6ec3a262f98d7b0306de8f4d7a98dce5af75762
2025-11-02T12:52:25.174151+00:00,21c89ac74abf5dcac15ed14c9fa749b1001a8188be6340dc462056f12179812d
2025-11-02T12:52:25.303867+00:00,9f149de7a20b169ca370015786ed375c4fcf5a4a2c29cea2ae95c21aa875a03b
2025-11-02T12:52:25.425712+00:00,bd8d81a98cc4223ba76b18254b9981d084e7b1a7615d33b450ec6437fb524e17
2025-11-02T12:52:25.784161+00:00,44e62d6019eed7379d1a3c24c3ee75761f082c423ef54a7d21ec4f123d850581
2025-11-02T12:52:25.909243+00:00,975a043860925affaac2d99598b02491b6c64a9cddd808df0117ef1bac959d0c
2025-11-02T12:52:26.029869+00:00,0e24a9a4c55f5bc2c8828d301e4660f2fa1b203feef9595fffc7a5b0ab6429f7
2025-11-02T12:52:26.180959+00:00,ff0b80434bebc35e69b30c40b47ddd36c3f270d7ff034004fb23eb137dce0c07
2025-11-02T12:52:26.308634+00:00,cc274231dfea7f86ce128990493c8a55832eaf066ac5df1056293606d72dac6f
2025-11-02T12:52:26.475587+00:00,d7f841c381ce4a068e2e7fba7ffcf8891fee0eec3ed6f6049a722b85179d5c4a
2025-11-02T12:52:26.604298+00:00,169600edb488242ffd1a1053f60e2f268d202137faffe7d8df9ed065c37c18da
2025-11-02T12:52:26.731200+00:00,0194fd14ac7c6d762148a0b899cef86cd64db5a494eebf17de83142cb65fa612
2025-11-02T12:52:26.854366+00:00,4f5a4ef0a715905fb5ccf513f9a5dd7053823ecbc8d61531021ebeeb18bf096d
2025-11-02T12:52:26.979335+00:00,d6d31e840d68f727bb038b5a8ca24b59fc1a5ad612d94f7ee40ba55259178644
2025-11-02T12:52:27.105817+00:00,3c3e57f31bc3b663ebd8c92364b5a0febe9baa2111da48ee7e9d26ceb6c5e49c
2025-11-02T12:52:27.233273+00:00,5620a40384ed8b14f3e87f4d6be86603ab4551e2dce7291f35c1c6aeade8dbda
2025-11-02T12:52:27.357790+00:00,8e2eb9b9e624ab8ec4905980aa08100a8741964a3ec627bed5115da10ceea03e
2025-11-02T12:52:27.481935+00:00,07d54b2474a2599eb1e8bd57c0c9172b47d7b5c372ba7ac6cc7807ff69353b43
2025-11-02T12:52:27.609940+00:00,f7a64e025b61a40e81a67854e5c8f60b1a2176c7ae89d9851cf75ce066b8bac9
2025-11-02T12:52:27.820128+00:00,b0d8635ba590950aaee81787a810af6cb7b85ba69126a4186f251a31d428c8f8
2025-11-02T12:52:27.946809+00:00,304843ad4887aadb95689958bcb16e9735bf7bd783d9f85b41f67a2ad539e626
2025-11-02T12:52:28.123202+00:00,88cb4f8c349cb838ba9c177c90111af9e8370c06f94f302b5a31931f02a0041b
2025-11-02T12:52:28.248362+00:00,3104f8b21114ec7831f7cf79657e58c2133d297ef04bb1f902aad4aaf4e0a7d7
2025-11-02T12:52:28.374409+00:00,f1de6532de38274930421a1be3fe89546e19076a418ef84a7a4dfab8df44533b
2025-11-02T12:52:28.497347+00:00,2d471fd27dedfdde6dcf937ce162059a1b2d9feadbcb846846bb0403d7a2f05b
2025-11-02T12:52:28.620667+00:00,2308c17ab80b2027b2775f12cf4ea8baf221b6728cec433a65ee7f1abf7eca57
2025-11-02T12:52:28.749847+00:00,2cebe66c6f092115bd10e900bfaf12831ab14e773a2109db508e1e259d93cc56
2025-11-02T12:52:28.878577+00:00,b29ec357e755972f48c76880475c3833d664f30b158be35c42ee3f53e9f5e2ce
2025-11-02T12:52:28.999637+00:00,1fd6654fb25709900a66d56311d2042cecbca90c7c31da56a89d57f7868216e4
2025-11-02T12:52:29.118897+00:00,ced3157aa8e165364c05139baf9dc1ca63e91a6c490eae1356bd07fc0ef4a948
2025-11-02T12:52:29.245472+00:00,295f072fed17683f7d83096416db4f4605f0d433ead9fce4af6380d64218a593
2025-11-02T12:52:29.371895+00:00,706196e8cac30c1992c6c7ce573f9fd997d6f26e579197283e48569ee4316fec
2025-11-02T12:52:29.495292+00:00,7f19d047a55b6335c7b349e5603c7d2cbe3551a5a1d09a13f71f19e65fcd5922
2025-11-02T12:52:29.613985+00:00,12e1e599beecef3428663cf5f0ace36d7041e88f712318b30e5a19edff7ced35
2025-11-02T12:52:29.761199+00:00,04e371773a8613e29a6ae9ba89e0aea401cd804f5b2381af98b15de52e64543e
2025-11-02T12:52:29.880036+00:00,1fb6c0dc5af4ee968ed3a26dc1a361628b18dc5932bbb28836403449c6bea8bb
2025-11-02T12:52:30.002336+00:00,ce189cb952ef4f95422daa309f6be07ccae0e14772158ff2fabc8f95e73e6f50
2025-11-02T12:52:30.120751+00:00,f332763e22ee68698e6717dfe828b1ad9259feda88500e8e4f3600439a0e68e1
2025-11-02T12:52:30.251859+00:00,fa66d09383c384a2faf073e33af7ea52c8cae980493599cebb399d2f6ae2fcce
2025-11-02T12:52:30.377468+00:00,f912720715af120b6815d0aed7b64566c131586e1cb50cbc0b727aa156fa98b3
2025-11-02T12:52:30.514482+00:00,d76f21b0b244b6767bf263c88f5b97d83c1bcfbe51d84de827a97628548c4aac
2025-11-02T12:52:30.802250+00:00,122edef0b1c056487d7d86b81ba6a482db2f6ab42fdeb3b0826c3f2cdd276749
2025-11-02T12:52:31.496267+00:00,6b24d4b5a232d274fd0bad61ec15e96473c2df03567b817aeae20bb1e94a0db2
2025-11-02T12:52:31.617437+00:00,aae80cac481c9419712cfe6f6b61df81ebd2f6158b57bbbb6e9e26c43f02e998
2025-11-02T12:52:31.737238+00:00,578b33d4d3d2bf40f4070f728b1bd6c56d4e2470a1c7afac78cb8cc1b78f1678
2025-11-02T12:52:31.863167+00:00,79c64162f8c9b6beb7683ee9a55fbc069cf2d31d1f01f416fde9345e3360eed8
2025-11-02T12:52:31.996533+00:00,4245751c85bfb0921a901d189f0f5c30d30e88b0511707e6f65ebe6b35288656
2025-11-02T12:52:32.143124+00:00,b0488d4687fb70d904b7b3163c19e8e61aae35dbce676142e098925f58df955c
2025-11-02T12:52:32.335508+00:00,cc21d46f8c61c380fc78769e930a67d973fcf83a2217e86737724d7bed5a5f33
2025-11-02T12:52:32.453976+00:00,5a0aaa41e5dddc45e3dcc2dafafc3761bbc63ba33038f46549350d8ca22952b7
2025-11-02T12:52:32.597423+00:00,a334de7313afa013d42da74bb1877a0d02dfc1eed54879f89525e7a355189fe3
2025-11-02T12:52:32.727263+00:00,080966b8c2f322248b98070d93afc3b52cbd67c93281b99bef5cd2846e5e1e5f
2025-11-02T12:52:32.851631+00:00,e43eed86d3924282529ef79ba8ef879a24d64c822372ca7503048cb07c4f7fd5
2025-11-02T12:52:32.976611+00:00,ba5a546d7dc83d8cfbb34b90c84a60db2398eb374021058dd87c2cbcb2ec36bb
2025-11-02T12:52:33.098367+00:00,efd69686078ea489ebbc2fa6bec94a4e828393cea30000da3f4e2957d973b4b2
2025-11-02T12:52:33.221121+00:00,81f2ff3a7bed4949af463b3f7bd9eaced79c16100de7ec2ff846f9db3a551037
2025-11-02T12:52:33.352242+00:00,ed492be31099ee974e4822eac7e334eaec8879a0f5ca43d93067640263b978b6
2025-11-02T12:52:33.477370+00:00,858a01e2e4b01acec3764d9ca321bcfd12a9729b1f185f603a612e78f781e833
2025-11-02T12:52:33.600782+00:00,302ea2d34d9d3aa915fcda866d87b791ba9f93792c565bf4d0f06baa0f30d5eb
2025-11-02T12:52:33.720255+00:00,a518f8fe757090e8e8009cfac3602f6148394b708ed939bdf5e1c36f5b0aae21
2025-11-02T12:52:33.841004+00:00,9e43bdcda3a3dbe17fe8540b366e55db05a73c3ecec7d48e505b6b5c735650f3
2025-11-02T12:52:33.969577+00:00,6dbe737c889fdf30379510e9705d09caa501936b31f651e7698e2e21fc25f48e
2025-11-02T12:52:34.094918+00:00,e55640de0c52141aea7c00949c3331dead88a819e72f86a169ed7ee571069c28
2025-11-02T12:52:34.222296+00:00,d0376ace7cf4e31c874372eae25848e595e55ecadfa85951bff99bc585f15849
2025-11-02T12:52:34.346711+00:00,330abdd847dced04516fcacfc3f57a151f618718c6698daa5224148746931e9a
2025-11-02T12:52:34.466445+00:00,8f620cb49d079846524c1dd69314efed78287b7178316b5a8e26f0495b9226c8
2025-11-02T12:52:34.598210+00:00,bf2e585c7255280916d9994e9b1fe989825a3c63339907ed7443f83f5f2ccf7e
2025-11-02T12:52:34.730104+00:00,687dbec437a5c117ad1af7481eab848e30da5e70fdb6482f68d14428c68142ba
2025-11-02T12:52:34.861431+00:00,99bc6d99d50d84ddde9a64f8814e6cdb5dddd8ee269cecd778bea37a962bbef4
2025-11-02T12:52:34.983842+00:00,dc6353a549049ce7247a9b3757ed6187cdddd836579ce86b30b4877c51aa74fc
2025-11-02T12:52:35.105619+00:00,4064dada4af4d136a9f934f7753b81ee04235ea1b6f52806a81a8ae665e8f88b
2025-11-02T12:52:35.227949+00:00,4e82d2c47ee5e7dc8179bdc045dad0a658a1ce03664a7ca4ffddcc1ba74123e3
2025-11-02T12:52:35.369045+00:00,1f13791f6dcbfe4192a13ac2050746834750ca562e6035dca6880a95421a8124
2025-11-02T12:52:35.502374+00:00,45e7fe3cc2ac4ff4824527c07e9d99f2f2d57240ddba2da4c13826b971e0a543
2025-11-02T12:52:35.630694+00:00,16db056aec126477510fab9cc1e842df370b48425c6858f5fdd0eeb6e0e2696e
2025-11-02T12:52:35.752779+00:00,788ab78112a878d118f789c5e038e7839b66271fc3c434feb3a597e20b3c660b
2025-11-02T12:52:35.875164+00:00,76cbeed415a6b08a3e53c08e47e4b0d070b8993c21cb88438bf421fe2c8a28cb
2025-11-02T12:52:36.002006+00:00,45822b9ea685d77ef491a3f7d8635ab3777f2697db0eb6c39f727542d1f9e2c9
2025-11-02T12:52:36.143551+00:00,0e32263315056eca21d27d823523c3d0ab246c837f674ebba61ad20b2522ed45
2025-11-02T12:52:36.504419+00:00,b4aad701e9081a570ef18f9c8c259d6bd980a7c9e434821295713722da8328b7
2025-11-02T12:52:36.640495+00:00,0d333dda767c13ac03f1d13a27c8f48ec4b63677569b32c6128f09c9e879cd3e
2025-11-02T12:52:36.772135+00:00,e2ee1a6a319a53555ffb16122f838a0e38ae3cdaac3d770cd45857922e4440b3
2025-11-02T12:52:36.901464+00:00,f0ef3401bdc703f85fc54acb4f08bc06b9344ade0defaa9ef1264fdedbdcd14f
2025-11-02T12:52:37.024142+00:00,90d122ace7a992e43383d02c51a2be5fdccb2f06b90a7b93c6a1388429581b1e
2025-11-02T12:52:37.144287+00:00,0750b97aa04f99d557f2163d3fc8f7b10a20950fda2ac1f1f9b4630d93ceadd7
2025-11-02T12:52:37.277484+00:00,0fc67654ee9a2c0b6abac87083a13e1ec79a0811cc37f7a54de2e5a7f5cf2d5d
2025-11-02T12:52:37.438859+00:00,50e2fe5193f6053e0f9e068dfc0ba40525f2a75349a4a848af0abfbd644897da
2025-11-02T12:52:37.632287+00:00,6c25d55adcdcb4320402840790bc2e08d309f839b00b6462cc52be8e9e5c8f04
2025-11-02T12:52:37.753024+00:00,11c94a346e5f0d15b5a5b646b636f1dadc4c6cd62c3e5cf8566abafbf3a61916
2025-11-02T12:52:37.870576+00:00,3cd551578f3e88bdd06c2d422f8dccc2d018464b680267d07c14dd15f3375c22
2025-11-02T12:52:37.995385+00:00,3ee7f80287cf6190a4bc523ca41c001bb5b07033333fbca1e5e0de5f665f7cfd
2025-11-02T12:52:38.135111+00:00,cc676219b4d1d69d53327f5a8c1225bc287f3fc4e15c2b5c92e470a370a777cd
2025-11-02T12:52:38.258410+00:00,b38702b025297203d0c77de7be08e0731165e55345347ba9f4372095e992bf6b
2025-11-02T12:52:38.381163+00:00,3875f5dba92722c5c88e4f6f8e2e4a1ca918143cc0188c357a99e52ab3a4a2ac
2025-11-02T12:52:38.503161+00:00,c0e9873ff574dc74a5f6d2d11b339fc133ba21b45fb4bef339b64243c5c2eddf
2025-11-02T12:52:38.631213+00:00,e56a9958cb169b59eb74ddf07235cd1a391c43a67b3ba48f12e083f5c51d3313
2025-11-02T12:52:38.756177+00:00,70e61c448891c0e1e73ac10422890a9963010013773dad2e4d59aa9a483e5942
2025-11-02T12:52:38.876850+00:00,998f635ba35b5c1eda39e70ead4b6d288b999fc9f043de52b2939b5669fad963
2025-11-02T12:52:38.996211+00:00,315c6562118822021f1bf7ebe31395d237e353fc7adb2e0584f900ec3ba3d439
2025-11-02T12:52:39.117631+00:00,b9766d1f2c17695392c118160d5e8ba4f1ba6d91187559d61167208b6a5bcfdb
2025-11-02T12:52:39.242328+00:00,4172c6fcaa6276b52297974609686ac8be65293e6396315c9025927dec087a3f
2025-11-02T12:52:39.366202+00:00,28613832a7572658f0396394a19988a5efb28d396bb8f4406460d0a7ed4f7684
2025-11-02T12:52:39.487200+00:00,fdb5716926393349518c3ccf12513f683b23be249922411ff46a05c93151180d
2025-11-02T12:52:39.605572+00:00,3908c252e067b8c643c3b32f9e6b7e52e5153cc3abad0a041ecc6536c7c351d4
2025-11-02T12:52:39.725654+00:00,b7296dcd95de9297e5927a46efa9e97fe18bcfe0e657a636703b9cc631dfc0be
2025-11-02T12:52:39.907157+00:00,f388e43b47d183b2b8c8a5b2e431ed5ae92c4bfdbee24a3f6bf2ac270af057af
2025-11-02T12:52:40.035083+00:00,d462540e16ca86c37998754ab4bb8f102cfeed8d6930cc6987f39ab5f0c592c3
2025-11-02T12:52:40.153580+00:00,264f4aa462766743f42694feeca74465d5ad09096114b9a87e88e046a50abaa1
2025-11-02T12:52:40.280249+00:00,6d32009adc96d714802f6e031f2991f4c1fb84482bbb8da85aff3c50b53ab6b2
2025-11-02T12:52:40.404280+00:00,b9b80945bc40bc1413affbe5c98d4e7b8c172e423339b2c80a019bb2460a4162
2025-11-02T12:52:40.539644+00:00,625f7e2a19315b25ac59d398188a102cdbfce4f44b529139e4b495c139ee7c99
2025-11-02T12:52:40.662839+00:00,d36acf5a06fee0bcd64239beca85b7850085b05acc8f741a4f191eb34b8829a1
2025-11-02T12:52:40.791906+00:00,700b0c8341155e9eb2da3827fcc2eb2449dbcab42df0330fb1ef35e4dd12e7e7
2025-11-02T12:52:40.910935+00:00,30a833deee0a7ed431e128d9358d4b354f2dd6dcbd8878ed5310064cb182be47
2025-11-02T12:52:41.028143+00:00,9aac2be43444077baae69d62fc7335790f5cf7144d554cc93807886752f58391
2025-11-02T12:52:41.150435+00:00,1c73ca82c2ef2931ecbd144dec4b7903eb9d18f367ef46039b276f84d4341161
2025-11-02T12:52:41.277016+00:00,0e954ea96097fbaac1cc36822958fc1f63173ec96e63bef1f4de0a1c5cfa913f
2025-11-02T12:52:41.406614+00:00,74ad0c304f7f17d8a4498e8a12382102e280110786dcbe83c5ccb9bdb669f1b0
2025-11-02T12:52:41.780087+00:00,b7d8fd28818682daeabc031d7ef3389736aff4bfc7c4152d70770adcb64d3caf
2025-11-02T12:52:41.903856+00:00,499db4de8cf1338cf0443042d46a1f33522d6851c531a658120c409d95beab41
2025-11-02T12:52:42.035284+00:00,36125bf7bf57362e032cc8d485a65456d05eeb6141d296bd8bc94f340eb99acb
2025-11-02T12:52:42.164671+00:00,c71d8c49ce65836e9fc877c2989fd0868e67dbe1718eadfc64c265ad91bc3e85
2025-11-02T12:52:42.284548+00:00,4e606e8e4fa3a5ccd6f61b06b18736acdc28304c8ca9720d0734b59cec21d1cc
2025-11-02T12:52:42.402809+00:00,a4807b4fbc32bff217c30bce258805d1f80a4159dadec2f2180ba43c0a92ac32
2025-11-02T12:52:42.523199+00:00,038a3b29f5ee655564b6f2723d42f0b58cd8b37727858443687935ef6aff07fe
2025-11-02T12:52:42.652376+00:00,7fc7a21b0d42a45f53e91ccee3cd5403106fc58266f8d555582fbec894d3b4b8
2025-11-02T12:52:42.773139+00:00,6d9e0b3ba1ac987c53e5c423608d67f83f37d0572e56de7dd85e7f6a4865055b
2025-11-02T12:52:42.929347+00:00,7ff96cab13957b62dcdc429d78e7fb97dccab390729336f4b492fc224fc1f789
2025-11-02T12:52:43.057520+00:00,7e472b7f1e5483e6f737d07898bcd6f9623cf7b98bf9f810c7db2bfe70c3e3da
2025-11-02T12:52:43.180728+00:00,fdb855c8e0b618564c6d6615f0ac47291ca23ba2c16b897585f2ed38780f0750
2025-11-02T12:52:43.301340+00:00,e3afa32ed59259904f141d8612c56532e4d16b4682c068111c402e66cefbf90d
2025-11-02T12:52:43.419792+00:00,04ec35d98b72377469e7884ea2c3cabd47b791068b4a594d73fd6934c39cc14a
2025-11-02T12:52:43.539087+00:00,85eee605558a9a13ff1c316280b0240ca73382bc9099cb7d2a4452f25b0eb335
2025-11-02T12:52:43.658463+00:00,8ad274a381d0f61de894186a2d6c5a5608ed051944e4b7def34df931b036f596
2025-11-02T12:52:43.781530+00:00,0f6eebae622b14b4612321a9af95d73ddf9e0a7abece65a5c686652bdbda3d9c
2025-11-02T12:52:43.906591+00:00,250f32f5507b9ed854ef69dbc0ce05ce762aae9912e632c7344d11374f705d4d
2025-11-02T12:52:44.026042+00:00,ca9344f91845e8b1f2459cce80b16c4e0a5db634b2ceaca46b5f771a1b8395a3
2025-11-02T12:52:44.153041+00:00,4568eb107514b67ddba58fbd2106cb1e09a27d3b771506c882d29c3ebb1e23c0
2025-11-02T12:52:44.455727+00:00,1ef4d09bcea9376f02f60f7d650cf4e0b66ca184cc5cc801b695c5a0bfa7d0cf
2025-11-02T12:52:44.641101+00:00,d62e76968bf60dbfec558e730db0234a66c730d132e5ec7fa7edb21e6a32580e
2025-11-02T12:52:44.772483+00:00,c124c33053af36328a42c710f3065af80d838281f67d2094b0d845b1aa3f699e
2025-11-02T12:52:44.914957+00:00,e39bd98b6488015f14d1196cd0f805ce311429b68ad1df0a8d4769f1edd3c19b
2025-11-02T12:52:45.047684+00:00,0cfaa856234cd05046da6538ff5c0ae3721ce97e151674bf2c922ab6c119a892
2025-11-02T12:52:45.172184+00:00,ef94af92fe77466db57579f933ac3519ac8d6cf8e8d75983ecf45f98523db6ca
2025-11-02T12:52:45.309845+00:00,f5b659d48341cf4c7a4931f0030b6ba5a093d9ed910da8a9c83daa24aee22c56
2025-11-02T12:52:45.434266+00:00,35a8caa3beab0d2b0905ce4c5eab8855b0fcfb135c66d5c84c5537b061197b06
2025-11-02T12:52:45.561775+00:00,cffccff203529d99b7dbcad014963d0f50ee4da480c8c708de9c06f1c5e4f77e
2025-11-02T12:52:45.684442+00:00,48aed9e15f8af3c2323708394f738405e20d35203822e5424e5c06983a83e44c
2025-11-02T12:52:45.807202+00:00,e2b349987798b8a34641b9c8d89cf94d65c1359d4f158464e23177aeacdf5f0a
2025-11-02T12:52:46.024201+00:00,c6119f10a772b8328f3ee5f9e72f7d8ec0bd47161d5beb7c52e72903f4f123d4
2025-11-02T12:52:46.188097+00:00,baabc5fefa6c8e8d470ce6aa46d70792686372f6ded3ec8046a6d42870820fc4
2025-11-02T12:52:46.309151+00:00,2a4a509ea793d6ad97b7f6c85c839787ac6f4639cb05345cba9c16b8d88c6df8
2025-11-02T12:52:46.433596+00:00,c0826d364f2e03bc4b6d13ad3e5386486187e99ff30893fb9a2d0a40ccfc0458
2025-11-02T12:52:46.554185+00:00,830c65a5a715bd243b1f9571880f0e833e0f96875508cde58f9c5d945642f573
2025-11-02T12:52:46.684624+00:00,341250f3bd82f7e89fab85310d1362cd7bea93acb078cae3e2f948b586891c89
2025-11-02T12:52:47.090045+00:00,29f613a3338f14222c602abce7554c81e0fac2fae8f3ff00d5f588fec8277cfc
2025-11-02T12:52:47.227178+00:00,d9db81ac2e72de6c4ddc215bb57b87cc239a7de4a99bc4f83cb7b7db5a25da43
2025-11-02T12:52:47.352677+00:00,0d024a2e02e31c146cc13b83756726f430f9294f51b89e6c0ed3326b06763322
2025-11-02T12:52:47.523117+00:00,bfefebcfbb45e4d196d611643acc596a59becdff7bfebea7d48807169f765af2
2025-11-02T12:52:47.645405+00:00,836422a648568195dd464216cc9b220f13f9a7494b6d0f923906fdb7598aad59
2025-11-02T12:52:47.763575+00:00,1155b8e41705cb0bb1fab28f6c584f76422523da95884874345e0fb93f0c4cae
2025-11-02T12:52:47.882047+00:00,ef8842134a123f269d0fafad8d68e8a2187618ebf88bbc16a426d7ff9223b302
2025-11-02T12:52:48.004332+00:00,bf15da08cf22e76e1ca84f4d650c6a906338d4686eb20a7833f12327eb44f3d1
2025-11-02T12:52:48.130038+00:00,82f8227c36bc2b6937e0b2aa40dca077880f654d01183b869c404bf1396dc1cd
2025-11-02T12:52:48.251706+00:00,6afcaa502708966d4031f8d5f1df52815382c97c0fad448236fd60898f65f8f4
2025-11-02T12:52:48.370944+00:00,6ea14e6318de44a7f0fa7138da3918ac1770f164687265a6317fd0c27f9c7607
2025-11-02T12:52:48.497503+00:00,0e2f3924873ac02d9cd50296a6525b2d3b6ea51a85a8f2a7d95b43d81d164ac6
2025-11-02T12:52:48.630640+00:00,b08b68f819a5646d2a79cb1e7776e6523934e1e341771fd932ca0b1b77a9f5ae
2025-11-02T12:52:48.845362+00:00,16010716c3d116efce6ba2d9352db7fd8fa4199d03d8fc0fe0d9fb4aa9dee621
2025-11-02T12:52:48.964214+00:00,7de812e90b4e60349ca24a2574bec94402ed887e86921a960466dd54162ae6ff
2025-11-02T12:52:49.085046+00:00,d033c8308d101fe0201ce47db7f9fcc99979c4682e0af1e45fc267f41a161023
2025-11-02T12:52:49.203026+00:00,f5cac12afcf7a72c2e510762a3e452bf0425d2a6de5f1cae7a5ee23803c15d4e
2025-11-02T12:52:49.327026+00:00,cc9d82eda6d41b76b6407fad2c85dd5eb09277b74c24bd8015445693fe2aebf8
2025-11-02T12:52:49.454497+00:00,98b36d5b3481eefca837c79898af3718a415e21db3abe3a1b076ab30ad6f375f
2025-11-02T12:52:49.573279+00:00,bc586cb8b8ceffa4cc355156331fac8b7074304baab717316f5de459a42ffd37
2025-11-02T12:52:49.692205+00:00,76f36ad3f3a7e8840dfc58196050d34d0e0e144cf377962e634ad360bea40afc
2025-11-02T12:52:49.811779+00:00,cb0bdc862f4ee580ed7b409b23c2f5f8acc913ddcd1754ac374b6fb0eb1c6e57
2025-11-02T12:52:49.946256+00:00,a6ce2981c7a5c6207575a3bbf245ddc35a0188fbc4ff9fe280503f480e1194c2
2025-11-02T12:52:50.073286+00:00,75d6a15acb499ee1ae8fc3d6b255bb89edc3c49c596f6bf8d7107ab07c69ec6b
2025-11-02T12:52:50.199267+00:00,e230684dc0e39c63c78157766b791f5fa9a28f5e0f552b0d4f8cb869c06fe038
2025-11-02T12:52:50.322298+00:00,64c78ecb3f4722972ec75286548a64595f6fd4043dd1ca1bc9d27cec90406d41
2025-11-02T12:52:50.446796+00:00,29013eae6dd797f433453f0b49496b01645cd474a59b0ce26bbfedf990c9ecf1
2025-11-02T12:52:50.583032+00:00,b170fd3024c0d2a93aec3ffb278b1bf236a52a07b3d822a3f12708971465669f
2025-11-02T12:52:50.707552+00:00,aca2132d89125ffff6df6af6e34381d56e0b04f5de3e3105e72ca0eec52f7a99
2025-11-02T12:52:50.869551+00:00,7317fc477cecab8df04b31482c1144b94adee25738815273ba79173c5bce854d
2025-11-02T12:52:50.992653+00:00,273b045305631b13390501caf5f01d7ce191969c4927daed929e63b8eb5da069
2025-11-02T12:52:51.113137+00:00,8a615047faa4f6e061bc8cacf849fb0df4c99a64e1e83888ed4aa6d1da11b6a9
2025-11-02T12:52:51.236243+00:00,fc506d092f1be93081a677098d8ca223579cd8820db8616aca823b9c1c9030c7
2025-11-02T12:52:51.368508+00:00,fa1924fdfb8c14c67ee7e9a0535ce4418e35f6ef8fd4521388d027cb1a8aa8fb
2025-11-02T12:52:51.491029+00:00,bf3749653ee5bacb33db6ac8dd06a81336141b0858bb0e95506e7bd2b2d6919a
2025-11-02T12:52:51.613118+00:00,20da2274aad4ab1a17c62a33c720a801d59d6b990b2aa0a35898e5bdd8d42bd0
2025-11-02T12:52:51.829438+00:00,d2e3b20152b693553facd0c29e7e600970080f82a445bde097576608fd8ef672
2025-11-02T12:52:51.954177+00:00,93b3f2676a79ad3f4c256d0571d490dcae57e8b7040940a3c8b5995edd7d61f3
2025-11-02T12:52:52.278311+00:00,bf3f6a235edfaf8651499832e98cc560a9f57396e6f50f402d8f44cd886c813f
2025-11-02T12:52:52.397742+00:00,69525a021152131212a6011d4a7c90b4242d3df12c0442d5ec95be7ea685e9dd
2025-11-02T12:52:52.520512+00:00,1a6c44f687b9f5a6bc5519f384142ea4b52dd838bbba6e726e71e5c44d7c48c1
2025-11-02T12:52:52.644771+00:00,97928f8dbff0313efae661accf00c37b94b5182f353397ab4dc2bc8ba5990177
2025-11-02T12:52:52.771557+00:00,bb13d1468aa43d75ca6f24125596917d4e48cecc5c7212300ffd72d817897364
2025-11-02T12:52:52.893134+00:00,2bf9041e458c57a5cd050f6c4e59e18d7b7da925d03d22ea546f65b43954fb15
2025-11-02T12:52:53.019967+00:00,65847c088aead32950cf1f49871e89e696a9c67592ee93dd9b2eda4401491030
2025-11-02T12:52:53.143001+00:00,21b709e96b7cd4e88c6b6276baac265db10b765cf108e0f2523e055683960155
2025-11-02T12:52:53.264755+00:00,aeb748c3f5fa1a65449a5c44b821ebe7a3460054a1583a922f0edeeb5de08390
2025-11-02T12:52:53.389697+00:00,21049397323e3eeda69b6bf85057879a5eb1fd6a2a4be46812f127ba4564b340
2025-11-02T12:52:53.514978+00:00,f774477eeb16ff9d63e72508e3a645897de8e956835ae2ff8f283f929b816ca5
2025-11-02T12:52:53.644209+00:00,26e69f3c4ed06ea307a1dbe2837a8b208095c151e11d79061ee8b7cfe5225330
2025-11-02T12:52:53.776832+00:00,7a200260949da2dbfa8bcb141be785a2e53b6ee71bb091de987a6dbb32103e78
2025-11-02T12:52:53.909834+00:00,5d8e0859f38cc907e0d438ec66095012b9a4fca32871d07fc325ea0bd7a033ae
2025-11-02T12:52:54.038013+00:00,36e1637bc7994c4a5bdb21e4e69c828710eaf61aac45e92b34d1722e03779222
2025-11-02T12:52:54.165072+00:00,6869460c2e783aa66c627a847862cfb3afd53947c1e7f3d4eea5a0a02efb63ec
2025-11-02T12:52:54.294261+00:00,10d4bf16ac0b647bec961052e0fcf4ccbef0a668fa722d98b90caffe246c90c5
2025-11-02T12:52:54.415890+00:00,81ec31ccdf439271cba953d7cd032eab9e93b448599faae4f99a5e64edd668ab
2025-11-02T12:52:54.548367+00:00,eda03cd4e08d2258528d7a58485b571cf1cfa47118aa33035e8d8ca048999b3d
2025-11-02T12:52:54.683420+00:00,f854a7f24c2751a4c87c55454510a24b64e17f6f508b14a36ab1cb21cb8ff3f5
2025-11-02T12:52:54.814016+00:00,c0ba45b46442822e8f3129c67335d93473cc50ee70cfcb172e1033727425b642
2025-11-02T12:52:54.944747+00:00,cfbed0d3f90128e7d3dc3ae46eb26394d4dc72a03bc41f028cbe430a156574c8
2025-11-02T12:52:55.086581+00:00,f424d8e78bd8f91eca5b1e25d412945401a9cf4ac5e3a51f6c202b40447569f8
2025-11-02T12:52:55.220522+00:00,a052eccdb24c5cf1d747251287a70f744b6c97767040d9d815b7ae26545f36f4
2025-11-02T12:52:55.347055+00:00,70e945c470d9efd9d4cadaf0b5167b22fa8ed8f9fa7172c2cedc135e0f303ac2
2025-11-02T12:52:55.465851+00:00,6abbeb02feb1df9bfe3f2ae0ef3997082061a91a458af9d02c8963b6091d6f5a
2025-11-02T12:52:55.600950+00:00,22ddb685ca6d3f6e6747abccc497aedfb399209690208b826c9dfb386492a668
2025-11-02T12:52:55.731604+00:00,c5863a285476d22b68d4c050f523f88fdcffcbb7ccdebfdbd320c922497b62cf
2025-11-02T12:52:55.855062+00:00,222488d22df81e61e427af68b94cd97155ba55029b873fe427d9b747f5286a2d
2025-11-02T12:52:55.987321+00:00,e39b2c4c86725b68316f9e95c1a8ce73b02d10b5f1ef51fff343770894c7dc18
2025-11-02T12:52:56.121556+00:00,d15b49787bb507a6013cef7959bbf91ac46b92558663e7b86118794494cc7abb
2025-11-02T12:52:56.253443+00:00,b1caa63de056aa4a6bb300b6c3e51f70663cf32249d753a42a2c5d34be7768be
2025-11-02T12:52:56.384340+00:00,0bd8d990b4c303f176de5f2cd4cbf0a42cdf2b60bf56f03b6542f92d0a187486
2025-11-02T12:52:56.517848+00:00,566e2065189301f708b1b3f2461f991021e8eda43579ac395d84a8ee7dea42da
2025-11-02T12:52:56.648058+00:00,d28b6681b6482f715ab4b66615028dc07d39a95c0813099aad670ee99595a83a
2025-11-02T12:52:56.776406+00:00,20f73f6d37a909490d4156832e5929ed5557ff22c2d8cd2230ea5021ca4dee60
2025-11-02T12:52:56.903860+00:00,ac32b2fdfc7cd9381c8aa6eb0aa2dc2ad9f0c43cd4a618af1fff80602828494c
2025-11-02T12:52:57.030920+00:00,fe0ff343a7c4afe3a6b3c89abf15e03ccdb05cfbcf3d8efbc1525e8de74c9489
2025-11-02T12:52:57.157870+00:00,f3a4da05c1a75788c306e5cd6652e9226ceeb81e931e931a9a018f7a2786c9f2
2025-11-02T12:52:57.289147+00:00,bdd1dda1b424ca92eb6850cbc7120dad6eeaf76151613bc1908db25da31ebe69
2025-11-02T12:52:57.621131+00:00,820eaa18a58f04d683caaafe18c589414f095b8fb140a832a6515ced29d4088d
2025-11-02T12:52:57.747466+00:00,4a138e14fe0a946a15aca7977f60e15cc1b2947fc55f446f5a4a2dbbdc7c5dbc
2025-11-02T12:52:57.875779+00:00,fdd2c91b72ed310c925b6f425b13dfb7b3eaea0ba322e3ff41bdda817d4d07a7
2025-11-02T12:52:58.003668+00:00,4aabb66acd44c1623655abf887d8b4566ffea0d7639afbc9a5254de807a28f86
2025-11-02T12:52:58.135379+00:00,b8c384b458c4ea814119a4db89bebd79991817c20035a7dc2d7a5f1bdba9687a
2025-11-02T12:52:58.265010+00:00,93fd8ca38a76701602c6e83c2f3189ff3af947b7378775c265119e53e435f509
2025-11-02T12:52:58.390050+00:00,6d99959981bd913ee3ee0049cb258d90387526de5fd542ac26c5d8e4a1c7d256
2025-11-02T12:52:58.513557+00:00,7a7d36882ad3d17bec554b4b2d358724943e25aa39a79012fbe8836117fc1737
2025-11-02T12:52:58.633700+00:00,0c9762d8fca183c06d62dc96f69a3e2ec73b6b17019012c5e9154ba8eeeb3ef4
2025-11-02T12:52:58.763952+00:00,9cecd49e0b2f4cbe955d6d8ea168b2eddc4c3a7aa6e30ed38bce143c27f7dcd1
2025-11-02T12:52:58.891744+00:00,d49806c7fc6aaf4bbe4b40496b93f3360ea24f02c19039eaa4db45b8b0627344
2025-11-02T12:52:59.018086+00:00,3aa1cabb78c4f82b75b903b07b02a7e734b4796025aee5d068f1684a9bead3a6
2025-11-02T12:52:59.148855+00:00,fe3ce97b828f5a8e916f9b84c8d3548bfff7d71bab91461751de61be7806f402
2025-11-02T12:52:59.280858+00:00,3244b84f16670caab4a4df3d6ed6183afbc0515141d254d05479ba4a387caaeb
2025-11-02T12:52:59.409738+00:00,e72dc011cf2296bef30a6e164834d81bee0c1fd36cad9dd57d9f15b9473f9865
2025-11-02T12:52:59.532653+00:00,b9854c3e759d178531aa761b3a92655f48ea7c4e9079dfe2e79f97015be76255
2025-11-02T12:52:59.658883+00:00,35846ce0dc02d60f4b81b6ebd57c4a3ecc39681ff043f099f67a04dc1922c8ac
2025-11-02T12:52:59.782720+00:00,f110ed04194a71fd0f71f0315c7ac10db022503869ff271ee8673fbba6736864
2025-11-02T12:52:59.912732+00:00,316fbe2b0cbc3485c76df29ea87ca591350f8b4aad703832d2dfa175021b7229
2025-11-02T12:53:00.042522+00:00,179df302e9fca4d7c64330c179fc70ff09dcdae94943d380efacd0dc852dd121
2025-11-02T12:53:00.167270+00:00,7650420912a75c368be3ccb127553011793cfa7855473b7c1b22bc0ba1e8b176
2025-11-02T12:53:00.286294+00:00,c75cd870adf0e68c9eb4d81196593504a76d74c3c2302a591bfe473685a03851
2025-11-02T12:53:00.407716+00:00,58c420eaa9364a7bb5e1a9b32240160bc2519ec165a99bd8dd2d3444310ab2de
2025-11-02T12:53:00.530348+00:00,6129d014faed83efaea9d68c73cd80c5c3e15af14756da50e7ef44aadb116fcf
2025-11-02T12:53:00.666679+00:00,92e16aef07ee95c899e3d20d5503a3a65a5a615dab895168f4ea0d4ddafadfca
2025-11-02T12:53:00.790411+00:00,2d4b6335d1533e6be8104c2259a1a9584f6f39312182ee7a6145058ebc00842f
2025-11-02T12:53:00.918578+00:00,a39475d13b5a8df1dd3891e867632a07c024c95eda9dcdd51e3f9a61528e70b0
2025-11-02T12:53:01.055536+00:00,fa22895d70f697554c28e5bb5c442bb6f3f04f163448a94cdf1ae9cd5d0f0de9
2025-11-02T12:53:01.186167+00:00,fd28f6618b748eca1d770df8ced06ff293798ce5850d14d9ed98ee8d26932429
2025-11-02T12:53:01.318811+00:00,89da3f85a0721a2ae014a649b36e1be7357ba1c02e3d82069712465968181951
2025-11-02T12:53:01.445893+00:00,5f15e4cf466abb3e161fb604ca5670cd6fbd7ab24604272b7d02859ab4929efe
2025-11-02T12:53:01.581194+00:00,3f4c806dad2814e4102d6beadf7fb689b455cd66a2ac530159ab26d81cb6babf
2025-11-02T12:53:01.713200+00:00,667bf72019a261b521836c9679e9d1396bbcb062a6fd4c6f24034ee31d8b488a
2025-11-02T12:53:01.845580+00:00,6b8b154a665163c986a57add1f6951f96c7d9329708a1973619bad761627ad47
2025-11-02T12:53:01.975765+00:00,e09cf05e26939f668b4ff787f9c9e9275a81d02fcf492c3b191fcf6766e6db65
2025-11-02T12:53:02.107848+00:00,3a6bc35fab25e8103ab6934dc4633d57ca5937dce770e70e263c98ba405461e0
2025-11-02T12:53:02.229133+00:00,290e586b23a133813e3edd0b23a5688218a41a643c09824cd2a1771d4ae2585d
2025-11-02T12:53:02.353617+00:00,e7bd7a1f5dcc836177f019d8624bfb15470ee1f17b25ed0dde98379cd9d551b9
2025-11-02T12:53:02.469929+00:00,2d9c1cf82ff82ebd5a78f6c295dba14d68dfe0f118bedcc9a97df561952d021c
2025-11-02T12:53:02.592710+00:00,fc03c2e50813188ad61b1c3ac7bb0591ecf64be9db2c83dd71cacfb1e716473c
2025-11-02T12:53:02.980816+00:00,df79a440976f72b4c31c8c9bb12e8d881fb4556429aa50798d6ae28849c301c4
2025-11-02T12:53:03.097771+00:00,9d1853a8e1e4bab81afae92d7d7341f1a30126804334cc074c0ffb9ba93bd8c6
2025-11-02T12:53:03.218866+00:00,b92a105518bc880fe4b81876a4b36212abc8b2f67e4e133c84f4c999402116ca
2025-11-02T12:53:03.337379+00:00,722534b1bbf32b4fc1cf7b155300f5beca3b66f704e12c4ab65ed16be042fe65
2025-11-02T12:53:03.459095+00:00,50f18fff970d4f32c4b9882468b3bcb6ece78ad370f3e99681b47508303486f3
2025-11-02T12:53:03.585951+00:00,2fb29ba3c4595bb454f66102290c7383e01ab88f104889c2cd733945e48e7bc3
2025-11-02T12:53:03.707748+00:00,979f0ae44f54cb024566188ab9012f2c4bcc5e53272fcdbbcedffcf45dc8755f
2025-11-02T12:53:03.830935+00:00,8b9767884bb558da97c63b2ac92a9552e7b8d6e41a6f4306f02377bb1d181c29
2025-11-02T12:53:03.951568+00:00,d45f4e3e5f9ff15ce5b46af45b18d26e5dd5e27e4ad3b1c7c6537304401cc47d
2025-11-02T12:53:04.072016+00:00,f48d14befb78a092a066627f783923ccc71290f4ee598c3ffa43075e909508ec
2025-11-02T12:53:04.191026+00:00,74d1163f5c68a97d14e4aeab8d3bd1599fef6733a38345715a9b923c5c8e0618
2025-11-02T12:53:04.310002+00:00,34abdec60018788acb8eeb2ed7ca66cb048edf63a5fbd34fd990b5339a937c7d
2025-11-02T12:53:04.423694+00:00,fd5e8c1ab84cc2496207966a45748243dfe5b32759f29ca7eebb778c6696316e
2025-11-02T12:53:04.542137+00:00,a5eafa17c7a2c73b53990ee70e8b2cb138d7c53c144943258c0868f0d901d6d0
2025-11-02T12:53:04.666266+00:00,725451b98d6fb59fdb2ec18626c9624e4d3b66a14d3c79d59e1aa71885085437
2025-11-02T12:53:04.788075+00:00,c6559ef94c9e33a5d00bd444302b323d3475a2af2e537d0405f0a62aca38d38c
2025-11-02T12:53:04.904306+00:00,401f21a5973ad121bcb963c21e336bacd543e223cbe8cfd9140889ebe5a2e293
2025-11-02T12:53:05.022560+00:00,cc2deb26f43f933c62d730e4b6c2842b01ea87babdbd7da6f03afa7e046c33ed
2025-11-02T12:53:05.146005+00:00,f32d167d2bd506ed6fcbbfba56a120e586b0a8a085b9f83f1e80f01c934027d3
2025-11-02T12:53:05.266196+00:00,1f1a298996d8eb427f22cf18c28f0aaaba38f3c78d7d707fc3e7e3fe59c7502a
2025-11-02T12:53:05.393297+00:00,81d938d38676933c1bc58ed88a8ab791137d070adc9329aa5ee9c0819c8c3d18
2025-11-02T12:53:05.524432+00:00,39c148bbe93a95eac788e0f0f7db85e4e031ae1bb40d67cae67d2af36ce11efe
2025-11-02T12:53:05.654500+00:00,31f64f750e0c354ac41130f028f80db21d9aa4a591c9014824a28c2cce9a04c4
2025-11-02T12:53:05.773377+00:00,96397c3b7394dcb228d6425a832e3ca4007d5ce2e4607680485b5009a9b36fa3
2025-11-02T12:53:05.892336+00:00,25e0dc1d19e8077d5c400345779d207f3103d2e150d606198846461dfe36ce98
2025-11-02T12:53:06.015705+00:00,a7bc18ecdf1d313d6977270f7c81c7f410ee3bfc89d8a8c77d4b878f10a0c42d
2025-11-02T12:53:06.137667+00:00,055e8a92e2cf443e1e2b3e72c1215fb08a971bcf7fe9ddf2c4b4aa9a7f8737c3
2025-11-02T12:53:06.257823+00:00,f9009203eb4b9c6f7388950d852b0ad37948453ad75aba7a8d2b8a0977d04311
2025-11-02T12:53:06.376477+00:00,0540275c198586137a9d228307fef6b24bf66ce21e898cc82274d6fa26a4ba85
2025-11-02T12:53:06.496414+00:00,a551c5b1442a75b8f0ce8de795a6e78cfb6bac5cce02063b482b6088213137da
2025-11-02T12:53:06.612823+00:00,27101a2efc84ba9b24b04fc21d1cb490ff182d041e4e540e7cc0c03fbcaebbc3
2025-11-02T12:53:06.733540+00:00,e46d0bdd6ef95efe1ea7dec1dffac6141c12b48282b9ef44fac04fb97865fc1a
2025-11-02T12:53:06.857579+00:00,e355091f90ba3665bb6f27f03b758c53079d987ef2826e3e84868d1d6a1a9eaa
2025-11-02T12:53:06.984098+00:00,65087279316b715a769c348043460394015215384d3f988cbdbc31e2e78b83bf
2025-11-02T12:53:07.103579+00:00,c2347ebf4d29fcfa5046bde1eb22757a368ce7eb04665c8245387d1160d5daeb
2025-11-02T12:53:07.235329+00:00,194103bbda4d0e3937b78a058b917c6d27fb10d751a0b5e9c2c301a5d60fdd16
2025-11-02T12:53:07.361237+00:00,c4300532efb22d780241714d7651b760a69cd67b96fd8268d89d9ae886316e59
2025-11-02T12:53:07.491522+00:00,1420df194094f130357b4d17383c825ae77d71d7e2088cec52426b5daeafc419
2025-11-02T12:53:07.610000+00:00,58cd3db77686ec02fa2ad28f0ab2d203d14944ce7bb593098d69ffd1e4540d9d
2025-11-02T12:53:07.749606+00:00,1b140ca5e4a89c39ce85981c9fc9e5a47fe9e83774611b99916e2b242c966eb7
2025-11-02T12:53:07.872255+00:00,b8db2903649c54f4d8974540ddf323d1dc61b4044e42eb9297c247ee5c3009b0
2025-11-02T12:53:08.200321+00:00,a1b0830d4d4dbc6653926e3be818dc83c2e196c85ce3762720255e83b5cac6f5
2025-11-02T12:53:08.314557+00:00,21e5c4567160faf0d9af7474223cd0e46bfa9f83626f14802fe68e7477564c8b
2025-11-02T12:53:08.430027+00:00,acc221658d1929d06e4bb323da0f8cb79de825c06bc9781931f4ba8e03985f87
2025-11-02T12:53:08.549752+00:00,f44de322b280526472b22f23a849acd1a3d95ba16493f747ad57691ac6137755
2025-11-02T12:53:08.671472+00:00,f0b80eedd9a7f2f9ef177b3ef8352f0891670dfb213ef3a077c40fd929cc0645
2025-11-02T12:53:08.794036+00:00,0cce57aa0803c14b529aa671752d3a449524bd4f33a85b27a5f5a091e7d49641
2025-11-02T12:53:08.922249+00:00,5eb1afd8c5c1b7275884039d692e5ea5925d8584dbb8642b43896cad9da72028
2025-11-02T12:53:09.046229+00:00,1c8da0c6dd6c54035e3291eea7eb0435b972109e2813ff0f72bc6841a906b025
2025-11-02T12:53:09.162559+00:00,142f7f25f9a1fab4dd86490bed2a18d1c37df86c59436fe8ae50b02558bd05b6
2025-11-02T12:53:09.281774+00:00,2e99137e1c1e44447c994e50e154fdbf47a23dbf233c1fe8082a7d5731fb603b
2025-11-02T12:53:09.397035+00:00,69087bbdb3cbcfd503fd6682802e4cee0d6f0633b941d2c430b782812f55bfac
2025-11-02T12:53:09.538944+00:00,69cf67c8aa593e160154d8579439a1b22fa2e815c3dc8f0d190a4fc546603f80
2025-11-02T12:53:09.662173+00:00,84ac7e245934ace139dc4f351790ccb25499fbc4c851afaaef8fb771dc197851
2025-11-02T12:53:09.788170+00:00,43c6aa1d2785cbfd8979e96a438456e5f47bcd02397de9e773d2a56d6c430275
2025-11-02T12:53:09.913080+00:00,29444b8c703e1c96c25e262e3eafbf7ddce380499236ca0f3e189db91664a58b
2025-11-02T12:53:10.042684+00:00,8c19a3466349db3926f3670716cbae57ff9d45778197be29d05a65af6334a3b8
2025-11-02T12:53:10.162846+00:00,aba230c748c87abc454367bf650eeb370a83a876638044cfcc21757269318c33
2025-11-02T12:53:10.280622+00:00,bc4e7517bbedede8fc11d1377e9df3a1a2be928ded10cda0fabe856ab4f01ea4
2025-11-02T12:53:10.400761+00:00,5fb65d90a2557b0f98048a11f9555febb164131cbf48b3b7d8e05838372a2c48
2025-11-02T12:53:10.523840+00:00,8a1cd2f0f32c2d3c66e97abaf76a080290522bbc3aeaeef5f8bfeccacac065e0
2025-11-02T12:53:10.653090+00:00,e297d837f37003bc2a0657e84dcc8113ac67dca0f7106cee91d3e66ddfd76776
2025-11-02T12:53:10.788679+00:00,2743ed686c90271d3281ca3278b4146a3e341f678b9701b7c7dd9365523f626a
2025-11-02T12:53:10.915548+00:00,741af9d206c71b2f7a73faa2a040ca93bd6a5f848dbdab03336e992424fe5802
2025-11-02T12:53:11.049833+00:00,b97d74474c78d7cca7162d4238edf7a3f8f6bec3e0ee68f5bfd1e82a393e93ec
2025-11-02T12:53:11.179954+00:00,50dd1268043732805ede76138c762ad03a6c484b52ead6f1c5bfda8290e9c14d
2025-11-02T12:53:11.315084+00:00,19a3dbed27699b8934015d6b30e292d75cb51a7a41ca9105790107599fec3f19
2025-11-02T12:53:11.447022+00:00,396b99cf28a4cd8fbcadf6894e3285e9aa5b096631aa1fabf8b418f3f22405d1
2025-11-02T12:53:11.575127+00:00,75b8cfdba6e5f0c0f8cfb431ad8620044d002e2fc87f5432d4a7978e9c608f63
2025-11-02T12:53:11.705690+00:00,02a01fd9f1e64634f17b728c2a519dcb0239a050fcd5c47ba09063ecf04c2e97
2025-11-02T12:53:11.834165+00:00,16fe49f9f2d8010b8987e035f0e1a584e554483226972120f480c39bb906adaa
2025-11-02T12:53:11.971348+00:00,ebae9581983f0e902911fec367660d3387e675b2f9369d3da1ec7ccc597c60a5
2025-11-02T12:53:12.105438+00:00,b4512923ffbcb232a8af9fa8de8036518220e123b5b23712d6f3c6768a63df66
2025-11-02T12:53:12.237450+00:00,99b23ea1fc3e405e6b35ab61ddbeef34f1eb705e82a0a72151b559071f80cb57
2025-11-02T12:53:12.373843+00:00,0ec1c697a7fd9af54f0759672b1d3fceb5f9a3efda93d811c3c06d137cd751fb
2025-11-02T12:53:12.507374+00:00,a9f88b831e94a3ff598bdaad1ff3b27c8719a37508c55f911fec3cd25ec9d856
2025-11-02T12:53:12.635888+00:00,3edf89e45557d9a4c3fab32bc6579d88a29f80114b9c60a01452acceaaa84b5b
2025-11-02T12:53:12.766238+00:00,b9f00b338dafb3ad8a8e9fffa89fccbba8c9ede77bd4e09ed2f2bbbc12a7e60c
2025-11-02T12:53:12.908597+00:00,f73fd3bfdbd68dd5195faca58f8f0b4d71699a563c10af942bd6080aa51b043e
2025-11-02T12:53:13.030948+00:00,b478b97c3315f17760b992a107522a427cef9279ef3238c706e7bd6b4c3b3d8e
2025-11-02T12:53:13.157820+00:00,9d3a88778edb83bec79b71af2e5de21b30d4bc821cd6bf7dc4d87580212a9a88
2025-11-02T12:53:13.491427+00:00,035cd5ef69a887d2969cca0991ea0d0bf8a5ac6053ddb307749d133d4df67052
2025-11-02T12:53:13.611166+00:00,e109d5149879cce8b8e93adb3b471699e04c782c27f6c521657237d5bb801906
2025-11-02T12:53:13.735727+00:00,018bf49748d681fc069b7d8c81ba7afe7a11185f227c5778a88857b827833cce
2025-11-02T12:53:13.860904+00:00,c94aa4a1c5e1c18cf020f4f1378099b0f9bd4ed9ff682aa6c1ddc82c4ec777f4
2025-11-02T12:53:13.992125+00:00,12d848c147b6611e6bece9a1713113d91fb534eef77df909006db7894c4876dd
2025-11-02T12:53:14.120129+00:00,9eb37e80036a65e9fa34225fa76c47e4dd10b2c2e15191df810109ffe93e3e9a
2025-11-02T12:53:14.254194+00:00,45570db65679eb2903b1461be40411b5dbba1d21e98a6dd2c9445d11ab7466b8
2025-11-02T12:53:14.392478+00:00,27a3d00e776e47254601fe4467a6bc008bc2088ccf6c91c0d52f149eba0521a6
2025-11-02T12:53:14.521883+00:00,3194e354f3ede01d28914a2c582cf2e8e2555a5ff669fa2ca79f997da278aea7
2025-11-02T12:53:14.660961+00:00,6add91c750fbdd83c9a9b2a64526bfca14d7fca161c01c1b7af0a7db14d2453d
2025-11-02T12:53:14.794770+00:00,348b2ce203777a4e962c9f2a2258b8d1ba8ece1aa9ce6c3958219c95ef6f0c04
2025-11-02T12:53:14.929161+00:00,862af729ac23ab536dc1fc9a452f3c8d8a4e649a7a03f7e3cf878b15121a6eb5
2025-11-02T12:53:15.063316+00:00,7da6d01e6cfafd1bacc66d69ceb96466e0933cdf2c73e603cedce393648d6068
2025-11-02T12:53:15.187400+00:00,06696b0b326ad05b55a27a82d7f99ee505c704aef1958caa918b4ffde6775924
2025-11-02T12:53:15.326458+00:00,f1003f41eac6b06239a400d00561182b0539c3dcef840069e2ac8bedf42212ee
2025-11-02T12:53:15.454935+00:00,7dd141b46b420a1adf11fb6ea694a80ec3e0f24f5adb6e9da0ffa7d5e945fe92
2025-11-02T12:53:15.583537+00:00,5cb0801c09a6ac1996f3e50a598a0171c27a5b3452bad9820449d46edbe023da
2025-11-02T12:53:15.712428+00:00,3cadd85a6b58276382b5b4c91b5c2c522691f460d640fa8ad393c51915be69aa
2025-11-02T12:53:15.839186+00:00,86238c66a969ae1f05f04ae91e0e02bb60da4acf133420e046b6d2a71434aa8a
2025-11-02T12:53:15.971553+00:00,43adda3e9196668db5c17c8ee7f3000778241ae02c3c60cc552c1b5528c98b31
2025-11-02T12:53:16.111149+00:00,232cce1c89bc8f7d77e2a54b4d2882780ac91b5610ca3763b7a465f2481f4144
2025-11-02T12:53:16.242034+00:00,ad9e81243fa2b30ef82b4558c795db51a7cfc657d334dbc8a22d09a416c7cf4f
2025-11-02T12:53:16.368431+00:00,d5453031489874253980447620871710383bf5e17dddf5a9045f33af91afb0a5
2025-11-02T12:53:16.503010+00:00,b5fe6b1dbba60cda7c015c2caf38371db52d30908762800605ad67ec0d5516e9
2025-11-02T12:53:16.631172+00:00,582085ab19b392fb64198c4ebd0a7dfefa42e039ec9c71350e811f849979837c
2025-11-02T12:53:16.758578+00:00,2b3a324cc208f55a6c37a63a37daf11b5a7eaae32427ea90fc91d2566b4b3d72
2025-11-02T12:53:16.892791+00:00,e22aa4a86da297eb1cbab9db13268bdefb771275928f3e3172b4c2e432471d15
2025-11-02T12:53:17.034177+00:00,33aee5e6d64c663d2429bd15c9f60af4343ab18d2ab819094534bfb830d04517
2025-11-02T12:53:17.179897+00:00,52a9ff892137405003204f16316ef82ce6583b294b6763afb7d0b851d984e419
2025-11-02T12:53:17.315235+00:00,c940dfe59d2d7c45d5480f8e7d822f15ed1d9be05c1677de95bb0c11d92d7e46
2025-11-02T12:53:17.436800+00:00,c02b1b4caa8558556a9bd1ca227835a4be12caa6b53a61c1cad2b0864752860a
2025-11-02T12:53:17.574023+00:00,47d0513d35f64e25750570c7f094d789268f5538d532f27538fc41f24cc3bbd9
2025-11-02T12:53:17.701179+00:00,ac2049da6d04fde7e219d24803ae3be2d63a1f1d51a46c6e615b3e9959c4cb30
2025-11-02T12:53:17.823236+00:00,e7b033c1781e9c052029660206bad0c2e2a1bdefd0372177a9400b9fb6fc92cf
2025-11-02T12:53:17.948581+00:00,6ef9a5188b6a7c2b91847ebbec9eead96bde1b757f6d2bb52e84325e174deccc
2025-11-02T12:53:18.077349+00:00,a0382e563db832287853831c2e97d1a92db37b5b830f990974bc3a0975a0a067
2025-11-02T12:53:18.204592+00:00,e25f9b1f7f0b8b0b55fa03cdbd190543bde1ef7733366fa15043738145929420
2025-11-02T12:53:18.330403+00:00,0bd810345fc04b74df1249d71def948f08d229222376cb68d5bb1c6f4ed270db
2025-11-02T12:53:18.458269+00:00,7dbca83fd0b066cf9f460f027e7336dfa90e98058dde40d63497b6a708a213fb
2025-11-02T12:53:18.812715+00:00,f4192908646356b4fba327b2d0663365ed7fb3f1dd56c66e2d720c5631da2571
2025-11-02T12:53:18.933843+00:00,cbdecbc8439ccc39e0da738e3492ec5bf8eff0f39dba61634daf5d46ea5fe686
2025-11-02T12:53:19.060195+00:00,95a5acfc90f41d69179fec649573a95fcb9cc800baa287986c495ac1484cd9bb
2025-11-02T12:53:19.189782+00:00,a9e81ba4c0b0b8e637aa2dc9f1d1f37cf69679c50dfdb113d81ad99d07ae2750
2025-11-02T12:53:19.315084+00:00,54e0f278dfca59ebbe169186cd0ce1f6a024b282e6398f3cb4a79dc91c476f5a
2025-11-02T12:53:19.445001+00:00,87db518705cca0d2b4ed4ec08185ffee8528baf89d12b84524279a737f42c4b3
2025-11-02T12:53:19.594244+00:00,f0b0af11b0968b24957903425b777bc2f6b89cca57ea94df12ddc186e6349bda
2025-11-02T12:53:19.718029+00:00,77f266ab20bd98edaa5e4587e135361a7c131dfca01bd8c48b81d901f996dd6d
2025-11-02T12:53:19.839024+00:00,1fc8505add20079d32d9b94415eb99fcbc5e0e4eef5de3c8c0e6321ca9bb5061
2025-11-02T12:53:19.963262+00:00,341c5832d0676369db36dfacebc5c167da8e28d421537fb6ca2fd845d04a58ef
2025-11-02T12:53:20.086666+00:00,17c3c5d3790b46e66bcd2cff2c669d090e873b1ff542ab54b1e4e68439168e2c
2025-11-02T12:53:20.209053+00:00,374eacdeb0af881380f83a26ae422113206cf42a71b19c5c5cc7f73aabdc14e2
2025-11-02T12:53:20.326039+00:00,4ff6b7e68d7cc3553f42104a1f4f4ef0ef8ab6a8dd461934d18b2ce6d191fecc
2025-11-02T12:53:20.445097+00:00,7f40bccf959934a695b1be33b91c5d233d52283651c992e1a1a94f85330c5379
2025-11-02T12:53:20.573029+00:00,e375ecae2733579e9046b845adeb72e8b80487d32d07af1242e0b71cd32b576e
2025-11-02T12:53:20.701518+00:00,b1cf8f27952dc28dc15feb866db35b5046d6619812acabe5aab4a8b240fe4d29
2025-11-02T12:53:20.830043+00:00,cbcab421fb6444fdd66ab177a7995df35f7f9e8fa47dfe38885fbc9ad8f2625d
2025-11-02T12:53:20.959942+00:00,fa075537bfb6500b615bd4d74afb015ca0970a975718d1cd4277d7d0ca5c93d4
2025-11-02T12:53:21.085289+00:00,0f5ded21d2f317cbef62fd12cfc7124f2a27122cde6b0b36bfe5c2a2d7f50a3e
2025-11-02T12:53:21.218040+00:00,da53f245e118ab9cf66b0ccb7b895fb415ad236af762f2de236df6a682078e9e
2025-11-02T12:53:21.343488+00:00,52e6f41afffc3bea6de07b80f9ed5f04323177fb854b76d9082e164aac1b8df4
2025-11-02T12:53:21.642320+00:00,84996cbc6bf95706ae9a016ea8e4141532ba1dc3554e12ef16d8848a37be047d
2025-11-02T12:53:21.763498+00:00,412952f5353ac99f054a27e358339ba376e761eece920d55d5a83c25eff7be52
2025-11-02T12:53:21.891695+00:00,18f683cc8a683f181649cb1786e62a7c410b63c7088c0e239f93635460137cb2
2025-11-02T12:53:22.014933+00:00,de8ae005990aa1a657fb17191d8d89afb34092bd9107a0df70edc4ca3b09fd37
2025-11-02T12:53:22.141275+00:00,50e93a933a6676e9cd63ec200be2c01c471a8b1e745f60a0addfac00794732fd
2025-11-02T12:53:22.261533+00:00,905c499f29df5d1ad8ffa9a573151ae3125280451ba7f89259d2ae17271e2971
2025-11-02T12:53:22.385858+00:00,548a46cb0a464061f130b4a3bbf18e95c8d531c29c7ce0725aab09a50e067a56
2025-11-02T12:53:22.510056+00:00,7287f60ab399ae9b344390b0b82cd6a1e77b6400cc068821a6c51608c7b38a1c
2025-11-02T12:53:22.639802+00:00,5f03e18db664b7594e8ead78f06b6319e2ddbb4726c6fb0b5515ebcce195a599
2025-11-02T12:53:22.762678+00:00,44ae2b29933c3eb763004013ce4d514f9dff31bfbf48618f0b71d5fe5af60e54
2025-11-02T12:53:22.888114+00:00,191241a20d186bd8c69c6e78db015459ce5f53f9458ed3be0e63edf6b38e5421
2025-11-02T12:53:23.009953+00:00,d3f18ff6ded3bd51390ca7dc7cf1aaaa68a33ae7e152f5be99e76596c730e8be
2025-11-02T12:53:23.136679+00:00,b0752f72f58c6e540a15c098daf35e4cba183e47998a1c6b829bc3092203e7cc
2025-11-02T12:53:23.264144+00:00,01c00e74e466eff7fadbcf3f7b7c3cbb3208e99d86b2be0d22f45767f40b5675
2025-11-02T12:53:23.389155+00:00,9b8a6c25e2c589b74de6f86a7d84591553221daf586196100e583da2602631bb
2025-11-02T12:53:23.512132+00:00,5dfb3e5a5c1a3d6da2a553af3c92af5ae5a8d114541edf6a494a89eec20cc124
2025-11-02T12:53:23.645230+00:00,8447aa94674ec93b51c346659ba1ab377167ef12170f9036e39ffc1bea2b4d54
2025-11-02T12:53:23.773049+00:00,905eadafce6698d41b342b0e828ff2e6667bdcf76aa68cd0e3c73d39f126120d
2025-11-02T12:53:24.127498+00:00,e40b6026619fbda2015bba185ca2d3ce01470ccd29a503c0b9b9699c93e264bd
2025-11-02T12:53:24.252749+00:00,312c6927a13e097537e85f19c67801259360d2868a80cb8a123361062ff03945
2025-11-02T12:53:24.376708+00:00,cf2975ad0c7a881a4a3780db45a5daf78b98ee49dc92ca5e7b46373248c54187
2025-11-02T12:53:24.501108+00:00,0d59c9fd1c58083dad30c8021ccfc0d87c2756264a54a887e9ed982165aed102
2025-11-02T12:53:24.629329+00:00,cdb9e8be4e78a9fa18b73cbf5bd2cac1bd659491592ee08520a57376baa9505e
2025-11-02T12:53:24.759123+00:00,3f1ed3c9f3a65f0603b4fd52ce7475344b831fd0b6253b5552e48670921faba5
2025-11-02T12:53:24.885658+00:00,8a8ff95256cfd21ad207666d4c970eb89590464231462180803fd54441cd57b6
2025-11-02T12:53:25.011727+00:00,23ff01fe3814293aeb4d9ed9d8bca068f0fa0e227fc521303eca135833a9a3a9
2025-11-02T12:53:25.145302+00:00,793c83df5742127f6975efd2e46144e2f54240db0f4267f8ea880f7b27f59116
2025-11-02T12:53:25.277753+00:00,40c8e105b0781a0eed91a8275e4cc94ee0524f3c0ab5113cf52b64d6f01ce86c
2025-11-02T12:53:25.408377+00:00,bb41d8f4aaf25c8ae7403d7ed47001e7024ee3f5e43ff8d9c9619b740606da2d
2025-11-02T12:53:25.539272+00:00,f550fa09b4f48d6146a065acde9718a0a2e54c83106577452fd19fe46e870770
2025-11-02T12:53:25.764492+00:00,6605c24d06fd689f5c541f35188899157af11fdbc513dd40e737c4f196da6b4c
2025-11-02T12:53:25.883227+00:00,707102d287ec11132977e180dd11dd2dbd8509133a4fbc20eb864ab706574fd9
2025-11-02T12:53:26.005500+00:00,bfaf5433bbc9feaabd247606d607c2a06d0862396f9fe952f9ee625121c7e700
2025-11-02T12:53:26.131062+00:00,492cd25eb4fe28db0874117ee927f747393bb52b5fdb1109c73799bed6a64ce4
2025-11-02T12:53:26.259976+00:00,282a3b1374829c94d8d01689b393e591d5285f2d6615e9ead73b68f2b87eb4f9
2025-11-02T12:53:26.387409+00:00,754acde84994f4b43fcb5c1ad01482f0a8510bc7a7d898ad19efb02edc4cd72a
2025-11-02T12:53:26.512417+00:00,f3fc81e1f700e6a1f11702182a1bca096b7535373a9ac7dbca3002f8b4110fc8
2025-11-02T12:53:26.639921+00:00,3d04c3f93c212411a26aeb77044d04953f65d506fb2bc1c57c5fa3dae7f192fc
2025-11-02T12:53:26.769363+00:00,697e4de9d15e4111954b1b570b028add71b8c2a5d7cc40abcbd8f4facf3d4d4d
2025-11-02T12:53:26.902420+00:00,c9770fa8dba3f69e8873cc76bbae8c7645a9cca2d1ab48a1be7fbb7edd205974
2025-11-02T12:53:27.028658+00:00,2502b14321128585575a3a2df61fa2290c2100adf6bb66fb0822603650102dbc
2025-11-02T12:53:27.155285+00:00,32267b7b419bdf03c810094a45194d8bf30bf6010ab7a060810b3aa9d4714176
2025-11-02T12:53:27.284110+00:00,76eb96260c666a640af5e4a413e9da17dff372062f7378c3ccf061ec9e2b811f
2025-11-02T12:53:27.411551+00:00,30311792b0118a38a94cf2d41fa3c842733ab40add60545a7c3e404640999082
2025-11-02T12:53:27.560409+00:00,f1bbf80d76011afffbae0d84ed85f80befad35e351e663bf21771b6f5f260e92
2025-11-02T12:53:27.691729+00:00,694bbd9e07c9bddec1c565478e2c03f937e89fb0445e2f498f739d8993437b83
2025-11-02T12:53:27.810670+00:00,7a7961215ed4836a6e33ed1aa2f605a324c29d93355e6de37ed45bacb6d975ac
2025-11-02T12:53:27.931299+00:00,e020fd058eba6f3d48db4c2f473f7636ac663ec16cb108fed931b826e5964252
2025-11-02T12:53:28.064423+00:00,db94399989590cff0b58d1d577a16d7b62139c084a8ccade905d678e01760b02
2025-11-02T12:53:28.184041+00:00,5f3754785c281b0b0eb3842998ca214ffb80d54b57f02d8be7ef4345b61176b8
2025-11-02T12:53:28.309348+00:00,4aed8ab016753657928d260e787938487ef1abc6813e4fd5e793ecf3e62b1d09
2025-11-02T12:53:28.431968+00:00,5f8b004a2b2dc1787414a339fd5fd31b30a871a528e3dfe5a217013a3e1e142a
2025-11-02T12:53:28.552670+00:00,3f2e5430d9c1956e87ec36ef8547ace8da9a1da8de6cedb6ff8f5c3cfba2c715
2025-11-02T12:53:28.676860+00:00,223c9d7800ddc171e7063912ad8fda1939b1ca0abad3dd8ef1debaa46595940f
2025-11-02T12:53:28.799339+00:00,5bfcec888d6e63545e0f6913cff4a648a6b8f32bb7e7b384737b8d335fc21685
2025-11-02T12:53:28.923102+00:00,cc2c7ea1f3c10c60cd637c4237fcf3f2c57c3cc7ae2ef935c2f31c63099059ea
2025-11-02T12:53:29.046749+00:00,68ef8132d75f776681997dd08b6aca160674c204ae805cef8c163a3b865b3090
2025-11-02T12:53:29.376740+00:00,2a8e13b340316a905e430249d15b9b4544dbed655a3f6ece6a202bb7e88bf694
2025-11-02T12:53:29.496835+00:00,d434c19b3083519841ca463b39e706afb5af54ac137c9369ee509ec1690b4947
2025-11-02T12:53:29.615504+00:00,856803b0bacdab916ec728e23e4784b1a49c99d47a2b0469d10603b59f6d248c
2025-11-02T12:53:29.732251+00:00,6fb03aafe38d78123bdfceabf638f3499879b7eadf538381a453ec9e013ea95c
2025-11-02T12:53:29.854072+00:00,13bda8d4a74b3b5ca0fb28aa5a82cd8b1a93d658208c64c0d9cf857055ea9d77
2025-11-02T12:53:29.976407+00:00,e943d68ce0fe5a3d1c997e6b366d2f4b1fb680e73c6022d57f4eb90b7f8d9f21
2025-11-02T12:53:30.095248+00:00,f3aad065a95c30cdfce9c117630649c39f0d824fd2aa249af19b760ca8130fcb
2025-11-02T12:53:30.224480+00:00,1275597d6d6edc17213ac63bc73653a8d8443a0c1ace9e90eb2014cae79122ad
2025-11-02T12:53:30.343373+00:00,b30f2ebcd7e6e249fb6757debf10ae69b1372a9b0f4c46801cb6efa5cae622d6
2025-11-02T12:53:30.467483+00:00,6000e167cf84a0953338c64e4968339bd351995532b5790acc1e417d064df6f6
2025-11-02T12:53:30.590263+00:00,f1ac41b4caf9d7eb2e281ea78a5c9257a0fe458f927c5a74260ab60f62d4464a
2025-11-02T12:53:30.714586+00:00,dce2bd7a80612b839932ae18dd34374069dba6dd8abca012958b8e89087eb8e9
2025-11-02T12:53:30.834579+00:00,a3ce998aad1ec0bb73c5a02fbc8c6cf42a490d6abbaa5050e4fdc81c0a465b85
2025-11-02T12:53:30.954490+00:00,19510ee522ceb8b022257112a2164fa88e598cf07b2898aa12bed2f8e446f75c
2025-11-02T12:53:31.089251+00:00,00a6ca0c60893d4732b7afb1b16d8dd73410a97671aaf28abe7f97026a0f895c
2025-11-02T12:53:31.208211+00:00,a477d06de90208b72cacb25171d9e43f6f2e404d33a16de7bffb36382a5aba97
2025-11-02T12:53:31.336751+00:00,a5c1f834b1fd9a8f14f483d310326e6bcc1d5aac6654b3cd386bd6ded9254cf4
2025-11-02T12:53:31.455761+00:00,7f8e35f94eb2c20e1eac6b6f49fdf448d0e695ca8a9e987a4639a83c79cce133
2025-11-02T12:53:31.580242+00:00,f025b9aaa1d7cdeef6a079da6bd60a13536088d1d7a036ad4ad9ccaf46bcbbc8
2025-11-02T12:53:31.704819+00:00,df2b889708a94760010cf24b80a72f6b6abc7c1d54a4f0e7b2a1c88b38ef4c09
2025-11-02T12:53:31.830737+00:00,cc05272cc05c409f45e664d4e8bc0fa2d36ac7ff3b76653eb233b6e36688d4ee
2025-11-02T12:53:31.955417+00:00,b4c418004ef5bc5761317873006c8f16bccec7d0e3433e22425af303a8afa157
2025-11-02T12:53:32.083575+00:00,78b30080019bc50f3be07138d7d55456c9f93769c4a68caa278a21d74d2a70e8
2025-11-02T12:53:32.207051+00:00,cb4fc5c166bbd3b6347d8ad156fd65cfe2508c6b3e179a4be548ec7e97683223
2025-11-02T12:53:32.331401+00:00,a1b6309b85ef23bde58c94cc5b9e7ec69a3226f00565ede0c2acc3a72b138a75
2025-11-02T12:53:32.457532+00:00,5d47d956c6c8f83da9c1b753a570a755ac70b3d8c1d7dcbbe7489bcf419e51a5
2025-11-02T12:53:32.582443+00:00,93c1385e40c6345648fc8437cc7117401d100cab0e94f499a9f1e178a92a1653
2025-11-02T12:53:32.707741+00:00,5a1ca5f1d0764b98f062ec1dd0508d23a032998154ad57567c910269732253b5
2025-11-02T12:53:32.829067+00:00,686f41644c9d5623538621d7e358f903a7f429417322afb3ee941966f7c6bbaf
2025-11-02T12:53:32.948399+00:00,50d2d5e36fc858392025c69343bc91eca4f11ae81443080c58fa42ae02498dab
2025-11-02T12:53:33.065611+00:00,e8e737b796d614b5c886eaba4925c84c07b3193df26367749d7fa9626d6a6d39
2025-11-02T12:53:33.184163+00:00,3fecc1f37e90411aae1e50adf281662ab07678df9b7705d5522d16ea39a4f41f
2025-11-02T12:53:33.306030+00:00,14ddbf1351700878cfbe3bd9bb31b7c6be545296d28030aed8d4d083bf28a024
2025-11-02T12:53:33.432986+00:00,d2a686376dc9971444890f34de8dc28b54326aa46fabe7d3926a9fef34bd46ee
2025-11-02T12:53:33.555190+00:00,1982c49ad5c8f5da9649a26d383eab386ec3274f23534b089d3c88e112cd49e3
2025-11-02T12:53:33.675484+00:00,ce1c4c6d9b289a788217aebbc9d8301d60df7688d4463a3e067d9c832279d5f0
2025-11-02T12:53:33.794520+00:00,62ac85c339af1602111c80e8747916d1326d1b130492989b3e0b862a765df72e
2025-11-02T12:53:33.916659+00:00,719ce2582b4b36a281c450a4ca7bb329543b21b11a2ad4521b61ae16fc60e163
2025-11-02T12:53:34.044614+00:00,dba7ec9d91df4d70cc211127b2e3296d39f70348afc134db5918d1da01ebd3f1
2025-11-02T12:53:34.291300+00:00,dd7c496c09013cfaed2f990fd530f80e0b3b93078cf28d43cd8705fc56ab9159
2025-11-02T12:53:34.618556+00:00,bc4bed445ddccbb52792428bf14f9804498af06f201382a87087ecf997fe6f4b
2025-11-02T12:53:34.738357+00:00,2d9755c351eab94cf06d6d278a3a2abf8a458d930c5b0cdf71e6cb6c83921b92
2025-11-02T12:53:34.859813+00:00,157c3f1bb4d0dea7ceef49343e4ae52c9ab588c68374a52c88733c9ec91ddb86
2025-11-02T12:53:34.981488+00:00,4e1161f7c7efb74f355acfba30fbb7d213909afd3f6a2a663f439a016c7c3aa4
2025-11-02T12:53:35.102494+00:00,1c6b5c49b39446b6f6ba869a799382e6b81c6e8cfddbfc89cd7d4e03718a43d0
2025-11-02T12:53:35.220362+00:00,6c2f881feeea4f5cd2ac28e8b75b81c60350dfb87e6c34caf49e392792944240
2025-11-02T12:53:35.339871+00:00,03badc5bc21985a597fcaa7970508749e775a23f3da6f9097674c03c8700048c
2025-11-02T12:53:35.465220+00:00,408ecf1c6137cb44c0bedd187a1072af87bfa92edecf65683fc90d71967a9c51
2025-11-02T12:53:35.597553+00:00,9f44bb6838c61cfeb85ac61907db0d4a689ca992645d3045b2815ec8ea69777e
2025-11-02T12:53:35.731900+00:00,5c141de4578c14a4d6ba49b94e0810441d2b0573c114c0cc78717e0f6f364a01
2025-11-02T12:53:35.854465+00:00,9c502f6ccd6296555c5299a814a1490e7c0d90b4d7ffbac0ef473d5b27dffe7b
2025-11-02T12:53:35.977029+00:00,8a9d9bb16159f21747e8f39ca5856d98ca04a2a36bb832f9cdba8353bddde1c4
2025-11-02T12:53:36.097013+00:00,78ae8975f3151da53bc599a9dc39b4c09358702d6c14703b026e636b3f44c16b
2025-11-02T12:53:36.221045+00:00,9414c6ee3d35fe5ba9dd8192707e5b8d6a97db7956bd2dc6c3d10325073e4b22
2025-11-02T12:53:36.351181+00:00,880fdb5a0a44e74c8a8d45df8ee1814b21e5a6c8a3821588d0ef4c2e4073f955
2025-11-02T12:53:36.469242+00:00,73486ae9e67724d01ebf8f86f0e0936c8823747ab11f31ad9968265a0919c0cb
2025-11-02T12:53:36.591460+00:00,9783129e58cc6b4644fc476a2c49ae6572f65447ec6fc24b690622687a394aa3
2025-11-02T12:53:36.714245+00:00,b3b6ac95c1787e958abf7dac240a51cfd01a5e1d6500a58fcac1724c83ce534f
2025-11-02T12:53:36.838247+00:00,841153b08ba69e3934b8cb0ba79e4594e96e711f0a52d3fe69af35a4c5576d28
2025-11-02T12:53:36.957153+00:00,a673eef3568ac56bfc95133c4f9dd1bd2bbfe76cd50250d2278659e4617c8d7d
2025-11-02T12:53:37.081416+00:00,8afb770b5c18a81222f86605b90b6f92f09509e7e10b24cde6e52935a42097a7
2025-11-02T12:53:37.207595+00:00,e5d26ac1fd46d4d6c060ea66f75cccfe0eae2388eeae89455dc40b951b7f1de3
2025-11-02T12:53:37.327362+00:00,b014b7a68279f6609b6ca16e334a87c317fc08ce15e541e91b81177e6c11b278
2025-11-02T12:53:37.448303+00:00,7b80755136b7e133e804d981997465c6f629329bcef5c22eb69381b5467e0329
2025-11-02T12:53:37.584974+00:00,905c0e7876d4a47386930edac429adf6dadf421602c5cb7b2724bfef59a824a7
2025-11-02T12:53:37.705780+00:00,4869f21cdb40033e0c89d343d06a2ef6ecd40cb470b7b97d2e30a7b6deeb19b1
2025-11-02T12:53:37.830394+00:00,231d39b691aa4e72702fea0914b2ca2154daabcfb4ca80d7459f40ee7726d6d2
2025-11-02T12:53:37.950839+00:00,fd6880423dc36cdb96f0b48981ef8beb991444a07c94c75c0d193471a9af8d97
2025-11-02T12:53:38.073682+00:00,b5958aec6bee9eb65424b9c829203c592b0411c4cc6c2725c76a639b37403213
2025-11-02T12:53:38.196159+00:00,e77cbe6dbc7c36b1a7fff2e5e833bd3fe1114f9420cc139aa20b034b976d0dcd
2025-11-02T12:53:38.323503+00:00,86d742af9f95bc49e93287000a5aefe7134d8fe125b0e2da43cff4b86a2ce235
2025-11-02T12:53:38.444138+00:00,2653dfba87e2174dda08b3b6de81247dd9a164bd2ae9e043cff433cdb3a738cc
2025-11-02T12:53:38.563603+00:00,e840314d22862aacfa4227eddfa6d97b9bb40ca287baa595ec6af129406d446a
2025-11-02T12:53:38.689464+00:00,ccc066620697004c0afe911760528041929e23607e107bb9e84f387f2e9ba82d
2025-11-02T12:53:38.815717+00:00,90b28c49736d8238a8222893a4ff2f52ceef3d58289337cba2fdfc0f09e7f0cc
2025-11-02T12:53:38.939612+00:00,080b18e19272a037b3079dfa42fbed360aea7a2731ce0a17a013ef7e61f87427
2025-11-02T12:53:39.064393+00:00,fc7a0c006aa8cdb3cae3fe7ef6203a8c9cfeed1607766d396e554773500db56e
2025-11-02T12:53:39.200899+00:00,04424276bc0e74696133ce43a4d1636335be99a7f213132e28bfb7f918e4b5b2
2025-11-02T12:53:39.330001+00:00,ffc78d7575befacc55e5ddd25ca5761fe1d0c7770a99f683d3aa09bcdb3e874d
2025-11-02T12:53:39.450610+00:00,8caf6a0a361a2da04a53cebfa1ce31d7abaef40aa80fa2cfd86ac7c9ff6423d0
2025-11-02T12:53:39.570549+00:00,0e48b5825078b67890bdbbd212e9decde09fec6b4c599444090185ca2e8619af
2025-11-02T12:53:39.939571+00:00,b9757fca5e0c06c878fc45ba99b595661cb2b6424ad3985dcf2bf123e985b7ce
2025-11-02T12:53:40.062421+00:00,380c512c9c6fe993cf49bb64e09e89c0ddcef994d1987c812d83bdcb3f8d2a7f
2025-11-02T12:53:40.183768+00:00,827bab807651edd0aeb7dd9952f4b97fefbb1b37dd2f78e7425a41e06b0e979b
2025-11-02T12:53:40.304290+00:00,a3010d26aa7ff963effbc6067ec401982a4b66568874eaeac41c0509e8f68492
2025-11-02T12:53:40.424898+00:00,ec8e6f5802b835e9bf5410f63b0bb727ae87a86e8301020b3bd205f47403b336
2025-11-02T12:53:40.546646+00:00,a54df2baebd5a3757beeffa9867730f9f02bb7ed9856f0d4f612fa98f199973d
2025-11-02T12:53:40.668770+00:00,d2ed32a9605b557a01cd7d9ea481c1eec5092ed448b1072544164777d0399e35
2025-11-02T12:53:40.792504+00:00,7da70c96733837ce9177fee783eacf184d10e997ec5bd8ecdde63fbd49bb3d53
2025-11-02T12:53:40.917976+00:00,f124b65eb02ee5bf5e6000b7e8324c6ff8bae0fb92ea6c2778fc4834ff9a91b1
2025-11-02T12:53:41.040327+00:00,769509366db45d90b1962293c9aa306aa7c4daa3b455d2bb779e29b76d946f66
2025-11-02T12:53:41.160213+00:00,d0934abf816e37ab99bf6f586d5841b139e8c698943b7b0458c72cc721942132
2025-11-02T12:53:41.280072+00:00,170a60a61ffe327084e80f0b9645600bc2b6cc9fa52593ce3ad89be60165eec9
2025-11-02T12:53:41.400366+00:00,fd924f71919ed823780af19a48a812e61c0565e7d671b3800a5c26e226bf2e97
2025-11-02T12:53:41.520381+00:00,c112410c52cf4859870bfd29e662e482d26f829f4b513e96d67789d01527d721
2025-11-02T12:53:41.642815+00:00,75417ab120b9413c06bb659195c47d2d10081bdc45440225a64cfeeae0011687
2025-11-02T12:53:41.766382+00:00,f6527686b834dde52ca4aab30f35f850fc2054628b50771c840e7b4800237d6a
2025-11-02T12:53:41.893281+00:00,9b94236c7cd858ab766bf8aefd5fa8430989d48622a5802a1112be3166db3734
2025-11-02T12:53:42.020615+00:00,5430015122b8dab2c5eeebe7a9ed5ef2d94d22b54e28075f5c5891c376067e90
2025-11-02T12:53:42.145025+00:00,fbb9736adcf1a2e6387f3acdb4c0c49aea33918a1a1395f83617abbe229bf04c
2025-11-02T12:53:42.276241+00:00,fa77c6ad9391ca4a84cc8b5130cd66327b2662314b26e2b4e5853369827a519f
2025-11-02T12:53:42.405353+00:00,aa2226ef301af08ec8179073d6e00f209409f8a7b823d0b730756295942d9a2e
2025-11-02T12:53:42.533126+00:00,44a78ddccb5a0f8a0d43081b298d241ffded4dacea8cabbb27098a1835065279
2025-11-02T12:53:42.666202+00:00,1ae7a91755b7096d0366776a491863867b88eda0e8298794db34d97be01955f3
2025-11-02T12:53:42.795583+00:00,ab56a256e0be8a673fdeaabf4caff0e69d7033e9d8c68c14692eea14139d8221
2025-11-02T12:53:42.927725+00:00,2eb5fba1b78c1ac373c8adf42bf3483bb238e51ce2842b17f9b26f3d23d18a41
2025-11-02T12:53:43.057932+00:00,b70bbcd9dc65730ddb20cb01c89ed50a6ee0d8f5e9a6498742df94cf5f56c810
2025-11-02T12:53:43.185971+00:00,9f06294dc181d7f156ebad98c59dbbc90231e31f53ac3c6bcb360f208780abf3
2025-11-02T12:53:43.316727+00:00,053edcf201b3976ed1f7e91fcd46270c99dfb02e7ad0f3cb9c10ebb1688a49f6
2025-11-02T12:53:43.444541+00:00,3851a1799dd54b23641393cb80b2c865d3504c1c43dfa171a9cf6a35cb8e46c8
2025-11-02T12:53:43.576127+00:00,707a3c3a3655042dd3191b8134b6e91afbdee4d9cb3fea3747cd14d488104bc0
2025-11-02T12:53:43.705681+00:00,1f328332a2c040b2791cdfec4ad6d1a645b8b128648b76f0e400ae03009ab44d
2025-11-02T12:53:43.832437+00:00,eff0bd52af0ff59c6c77def262d6fb92d0e7e4b05f09bd13eb66b458a1e3e78c
2025-11-02T12:53:43.962607+00:00,79c9c4b65f7b4f88c170d38dcd922299ddffba4b0484b86ef0d83b6c8c1d3a14
2025-11-02T12:53:44.089984+00:00,1c4fa16c3f3e786250126cb1433db2afcb747f3709afbd1d68d0b13e34d8b11d
2025-11-02T12:53:44.220902+00:00,3df0f68117559fec28a1235bb8895b626443e54358f2a3ed97fd23e2d35b83cf
2025-11-02T12:53:44.338884+00:00,383c30c2345b324eb5cc17daab55acc590fbd4f50444ef21391365d21bfbfb7c
2025-11-02T12:53:44.513043+00:00,330a023f9b274fbfb3b7aa70cca4eba2c8f0f8835f7f12f89f8cb0b4cb3dc815
2025-11-02T12:53:44.640482+00:00,c6556984ba13382f245a6afe76b30d4fbf6ce4942ed76029e76c7f58d03df00d
2025-11-02T12:53:44.772111+00:00,c160369c399f85efd2aadde48b2d18f74a460517f15e2dd53977a96aa6e88041
2025-11-02T12:53:44.899831+00:00,130529fc75da4f69540d52bdbf94c3adc8e03c79cc4e1f5e86b6237047c1dffd
2025-11-02T12:53:45.234283+00:00,e318c6f05601a37a8dda17e9ef5d90af3d08b086e69951947e4b5cfec62ddfa5
2025-11-02T12:53:45.355873+00:00,d2096a4c9f788c14307023a758eeebf01e3a997e7c2b3f73f1320996d5c8dbbb
2025-11-02T12:53:45.482866+00:00,fe9c13fae4bee1aec252732dc338b5430e8d8f16646af76cc2e7b2c6ad0892e0
2025-11-02T12:53:45.606495+00:00,e60e288353378eda60f7101568d1ef6c12619b25f8fdfa72f5f6084cec3e609b
2025-11-02T12:53:45.733592+00:00,3fbf5f4f2fde49117d341a682ea1bef84a69d3775d9d37c577d8a7c547464c2a
2025-11-02T12:53:45.859927+00:00,d5f7ca5d5223523209def40770b2eb05fba78d2a61bcaa11b1a441c437d2e78a
2025-11-02T12:53:45.990888+00:00,b80fb4f5b7bb00aee900fa8dc64ba45a9fd56395741c2055848149dbc77aad8e
2025-11-02T12:53:46.122846+00:00,54c7929a7fd3a33676251e404058fc97b85e1f2eadcb473e269945f3ad3ee8b1
2025-11-02T12:53:46.249325+00:00,205d9a18db3b1957d205d388df8506a68537693602b2519e1eb1494bbc478896
2025-11-02T12:53:46.377299+00:00,30d90bc304d55754201e62f06674dd3422873f8d27e81bed341d2cb2467cc8d0
2025-11-02T12:53:46.506561+00:00,d386e654914477d2b131b980a0c8712b3b4448d57b822b006014143a9c7cc322
2025-11-02T12:53:46.640316+00:00,fb181c7672d506e4f89525cd4ef358fdad35dfb87a09d11daa76c402c323545d
2025-11-02T12:53:46.767746+00:00,2e7d5efdb54b1fa2d19513745229465083dd4c6f6c242ed14d1500d36cb2e406
2025-11-02T12:53:46.894289+00:00,13eb6ce075294e7e8005037a3b3d970caed5d80964aa845e652200afd85321fa
2025-11-02T12:53:47.027805+00:00,9c7853787201c00ca7c2de74ddde64735a21c13634eeab34969aef0bc750a706
2025-11-02T12:53:47.154668+00:00,72fa56049354ddf0ced57ba811b1ea68df31c373733835b6f4abd0d2cf559988
2025-11-02T12:53:47.278497+00:00,6ad8023b6db09fc1538a033e6ebd063b0150f5257ffdc34a7a9a2267780fb209
2025-11-02T12:53:47.517473+00:00,9879b77312f0159728a542151ba3e813870beb8f313f79a04e34eefa208a3935
2025-11-02T12:53:47.701829+00:00,eb266d2c90b22d9aab734649ab2b1c617c01475511e93665cf4e0d1c10d8166e
2025-11-02T12:53:47.829183+00:00,a566a12afcb9d49c3c3fbfb778dfd441fa8d114c15a730b05236535a14627292
2025-11-02T12:53:47.967370+00:00,5b18c5f3b6ec77d36f8faaab5d8533839afa0b6cdc2dd09405475601088d50b7
2025-11-02T12:53:48.092862+00:00,cd5b17ba6cb8d4b43f77a5095fc577444218aa6b4a05eb9a55a76bedbe2115c3
2025-11-02T12:53:48.228393+00:00,908e5cf6a3ea7c01c314a6e2c513a512ecb4709cfe08d408db645eeb5ea97ad6
2025-11-02T12:53:48.352215+00:00,6b1f993aa18c8d23c71ea84f581afce740c4aea8b2e29eed175e0dab24769731
2025-11-02T12:53:48.475941+00:00,b26654209d78bee6fb9de11d3ba0a5df7174521a70e61fed16e13c69130399a4
2025-11-02T12:53:48.603550+00:00,492999bdf327456691328c0ec62d3ac41f1e273a6dda4af5418a87113321e6a0
2025-11-02T12:53:48.732207+00:00,e8efb275ba3478d518b3900a8c45b08135e03d9df9d917d4744a1299c7aeebf8
2025-11-02T12:53:48.870166+00:00,3434b7c97f650ba8050338f02c58efc4e393692e183e14493ad073d18643b975
2025-11-02T12:53:48.994471+00:00,65821910f9cfe08fe1006d27a9154176f6e68eedbf22f51024d23bee4828b041
2025-11-02T12:53:49.126408+00:00,2b67e55211358f6b7afa27167076fde4212f03a0effa9491d6085619aa4362c4
2025-11-02T12:53:49.249252+00:00,5e0fc1b97c9ed0ab7497e92c5df5363e4bb877bfb980d111b611c7921b56eaf3
2025-11-02T12:53:49.376715+00:00,411aeea462000b7f6cf189150941b621134f2dc4cb106fe80778b8a139dcddb2
2025-11-02T12:53:49.507224+00:00,88e6f04af210134a66a4010a56d2e5e73abb1c423d45d4d4d9f4ac9d7774177a
2025-11-02T12:53:49.642325+00:00,0282dd89605474d596c4d8be6165d9fa1266040f21e1417057fc572e89b7e355
2025-11-02T12:53:49.769395+00:00,d031d404c3e7810d6920e6b0dcdf8097085ce6c1c01e8e95e3df3616b0d80b02
2025-11-02T12:53:49.901945+00:00,f3cc4f5d38c94103044b3b11739dbe2877548f786fed563a78c0a3c731271b46
2025-11-02T12:53:50.024079+00:00,6969fa437f1907afbe61c7028d86f6e5fa3567437ca8c9324933d3b4a056a6b0
2025-11-02T12:53:50.151218+00:00,d0cce42e3f01a862e2dae1e3647f922f89638d21aaea57de93135bc5f7439b10
2025-11-02T12:53:50.491321+00:00,7252bcd98812663a490fa3da88a91aa2f540debdb7d9cd89934a45ad7a71ea4a
2025-11-02T12:53:50.651592+00:00,3aa488936c5439a396a6e11cea54b8a668952db205aa25726bdffe3ee0d98bd4
2025-11-02T12:53:50.775429+00:00,1cd4a09603686be574717b28a37326938d4f6ae7af49d9275b87b4b206f974d1
2025-11-02T12:53:50.903172+00:00,e6e74e2e5c952e406de407ae02a1274212c86257252f6bfafefb944bab893636
2025-11-02T12:53:51.027136+00:00,a4f109e124fb17dfa8ef78dfb599773abd276ff61a6764b321310749820c7a6f
2025-11-02T12:53:51.156864+00:00,a8c5ba122e7b8a463781966570dce43317564c85e6b1666a654c3d6c6da68049
2025-11-02T12:53:51.284598+00:00,c95e915234509877d1f6df41f3eb73af3c57dbf54b0cb47daf7c225a68ccde78
2025-11-02T12:53:51.413157+00:00,ac507a57ba1340cfe902353b82a05d0f4aaefece2babae8644229232e5ed36ab
2025-11-02T12:53:51.534641+00:00,117110ebb32170116e0298943420b3e980fa0b68762ac286d32143afca374328
2025-11-02T12:53:51.658447+00:00,d1fd873273ba6bf6e800367e263ede4da54c8eadd4888099b48d0ad1124f0e66
2025-11-02T12:53:51.781581+00:00,74e660bbb841b1aa505538d1af97fbc390e13636cc4080771ac86fd25fb61a40
2025-11-02T12:53:51.905084+00:00,1832050136dd4a631ea923ebf2368cb77526af6d7bdc607a31c2e9b3907b9725
2025-11-02T12:53:52.031932+00:00,df0d98fc9543e882132f7b170556f06e694e1b7233fa5240afa19404237205d7
2025-11-02T12:53:52.185711+00:00,4d362f0bb06d3f9f5d2b871a77cd3048da4c810550c49470ebc2e651d905f8fd
2025-11-02T12:53:52.307241+00:00,5241eb676f73b3cb81838dd25fbae37932626744fafbf66e2f52c33b56e425ed
2025-11-02T12:53:52.426975+00:00,6ab0e4d3be2b8a39b8fffcd1094b246dcbabc469200f3ce755c525d2ca0bef9a
2025-11-02T12:53:52.547718+00:00,1dc1369454add03fe16605e4f1100bfaa0f9a566c26231760f6b0a1048a65854
2025-11-02T12:53:52.681223+00:00,42abfdb1f1973f564514ca464f67f1016d4d70538209bcbe732acf94d082ba47
2025-11-02T12:53:52.806846+00:00,1561f5f986a8285b8bfa4a1287b4a96c8a29038c36e3ad8122d17190eee1c692
2025-11-02T12:53:52.930486+00:00,c36ab3730e58162667bcb13d8f6e2dbd4318a36cf5895055a8925d994557d142
2025-11-02T12:53:53.056508+00:00,880790fcab721cc9aee354c82617343f7cfd0930a510be77620646094587a6b7
2025-11-02T12:53:53.185507+00:00,22153c919bde4d9dbb7773f160b2f3ac34caaca8e19067e3b216ae5a8fa02abd
2025-11-02T12:53:53.309193+00:00,c2c86a4d6b10e4bfea80f39311a30bdfa0293e832581925114effbefbe1c3b03
2025-11-02T12:53:53.433142+00:00,c28605deec05e370477d442ebeea84a5737ef3f271d5bb3a160fad488ab73e9e
2025-11-02T12:53:53.558809+00:00,3d9a583eb04dbe930bd73959522636817c18514bfe2d6a90ed7bd5b923293938
2025-11-02T12:53:53.693041+00:00,aedfcb6fb8e8acdf355b115a2ce362de9ce17c7db24c504d6994654ff86eec15
2025-11-02T12:53:53.821789+00:00,7e273d26e454c55fdc0fe7fecee9a3f72adb032e9acd1e73c5d58015f185ab02
2025-11-02T12:53:53.949357+00:00,b7dce687865cc57be2ef37285bab7a45336e1ca7db8e0bdd0a0b625292ce2fca
2025-11-02T12:53:54.076308+00:00,f76b324080afd6562359876c0fe59e75a9a1a67d86ce935a7bfbbdf2dcdbaad6
2025-11-02T12:53:54.204820+00:00,3c734cfdc628ff59818a720ab4808d83c3d82fccfc42e441ec10cf1de45d609d
2025-11-02T12:53:54.333349+00:00,4cd1b757666e3e6418ed254dd9872d06611df79d5814d540b4010ded742b981e
2025-11-02T12:53:54.469357+00:00,59a17cb4fa9b73f63cb0a372a425f427e0da7aaea686a7f9d6d346822940b873
2025-11-02T12:53:54.601220+00:00,ff15723e052b78eee153f6b33d566fd219619dd461daf35e1bca2568e9ee7f8e
2025-11-02T12:53:54.738940+00:00,3de4275a3798a1e060175396ead7a00d1a5352684a1131414bc3a9c97ce8a677
2025-11-02T12:53:54.878682+00:00,ed52b60553d8deebc63abed784fab296b50921aeb3ce3fc9d31d89b90b360947
2025-11-02T12:53:55.001039+00:00,318749a6e3c025044897e5d56f70b8afc1729603820b80311ff7ff8eb27ec89d
2025-11-02T12:53:55.130385+00:00,4cca4049e14b2435acd6d9ef6d82ce6df5a58939c235cbde4ecdc5688ee2e854
2025-11-02T12:53:55.257614+00:00,8c69cdd1c7c44f192648388647442968eb285afb491405721fc8ae1d40cde54f
2025-11-02T12:53:55.383374+00:00,202c5d990cba062f22944236539a0c34c8ec1053422a719f8ed2c6dcc9823a89
2025-11-02T12:53:55.731380+00:00,c540d5bbe353e4297dca7fca4477b4d991ec2d42e90b6b414781835b1d11e282
2025-11-02T12:53:55.853376+00:00,286ed88c32f1875dff67c99ebb424a10aa8240b3f74cf718d30afe363c9eb1a0
2025-11-02T12:53:55.981218+00:00,f2efff8e1e9984cef92fdda43c6ad7e4f8356d90986701f138130d09199e2456
2025-11-02T12:53:56.101810+00:00,cce6e7592edce3b3b52b5dc550c528c56a1dd8b3a1bd70fa264f26800d66075f
2025-11-02T12:53:56.228245+00:00,6617c58016ad408ff1a6fac8d6ec61ea0db3754a07b46a5dedf2ffe3589ba33d
2025-11-02T12:53:56.353952+00:00,5a372b6dd5aff6e5a553b317ab97fb1c4f17feefb3c35df46b173be7235bd3a3
2025-11-02T12:53:56.479918+00:00,d820542b453816d3f3665d4cc8c0a725dc270cd01dd8febde5c812106e17f818
2025-11-02T12:53:56.600935+00:00,34ab813921698a4eeef5662eef1c452f10a09906a03e367afcc104f30574f542
2025-11-02T12:53:56.721238+00:00,04f2a35b8eb005eaec992413ba0dd0010a39acd8289535edc73b09cfbd56eca1
2025-11-02T12:53:56.845594+00:00,72a47f5ed9277f1a5f788cb7567a860024cb6aba4071b3f0eff0648584e6e4ce
2025-11-02T12:53:56.967958+00:00,4f7b9198559c9196f0d44ad9b6630ed74466ce4d0bdda6dc5301f0b073679ad2
2025-11-02T12:53:57.093865+00:00,9c9705815ac9616c2464f79503b76fafa85518f0ebeb54073ce44f90252cef03
2025-11-02T12:53:57.218367+00:00,5c9ab24534ce46b76bcad9de9e2b29d694764f1424819ce3609983ce8e1603e5
2025-11-02T12:53:57.364241+00:00,2b91ac8e08e931d8195c988d44123444a0fc6807742828a4c61e19c4ca487d53
2025-11-02T12:53:57.493978+00:00,241916b0b58cb664d3dccd39fd51c5dd3501ff56e63b7886eef79f5f08bd7cfc
2025-11-02T12:53:57.646972+00:00,947ed8a4e11e85f51a6c12fd15f0216a76f292601c6955c930fd8caf80af1d1f
2025-11-02T12:53:57.775349+00:00,9bcbc92f5516e996ef11d627945971d26b5b574cd8b5b2035488a2af19ebc660
2025-11-02T12:53:57.900193+00:00,9008be53395053abfaf32abba5c1be3737c0e18b551d4d076265934723281575
2025-11-02T12:53:58.024898+00:00,e50e7dac545c536ed5e959c00af3fc85195a41fec8cea9a100cfb9c0d334ce02
2025-11-02T12:53:58.147258+00:00,083fa5970782fe282cd11892851c8021b925ddca0fa936c9a63da629bb873c0c
2025-11-02T12:53:58.278976+00:00,8bcff53a4df8f9ecd3803fa555aa898fdf9411402d255adaa8d9396c635195b9
2025-11-02T12:53:58.408407+00:00,02b36f4713d662e2558eb1b2efe7e56bbd3d3a3657a36ee3b0283cac014a1c21
2025-11-02T12:53:58.535339+00:00,410e97a04581d129ddd9bfec0a4d3bad5e06bca63145345448e828a2931cf98f
2025-11-02T12:53:58.664730+00:00,b3de0bd6adfbaa50eb8d9b1e43755a9651e3a3023bffda61e89b5e4e19a1858e
2025-11-02T12:53:58.790306+00:00,92d02a0d24939d270f5748200104945132f223f3b37e3a5bcec80bedc14a456e
2025-11-02T12:53:58.919517+00:00,8f7f065ce019fda17becd7bc3a5851969f57e9f75b0b09f55275eae9f9e33e17
2025-11-02T12:53:59.049321+00:00,23f0906011a2102e14e719dd64fe51ddf52add0a1befe2a0ca097c7d78c1a8c3
2025-11-02T12:53:59.176870+00:00,cc7c4e0684e7c0b5de70b1ab3a7422501783868d68c498ac349b6890c3219bb4
2025-11-02T12:53:59.304251+00:00,d53d7cd7f1cb843187fa732b168dbde8fed83595734644a161bec934cf98edd0
2025-11-02T12:53:59.435961+00:00,b69d72c5f2050300c1f396176f308e6890329eb9c9d1b97862e8b4a659304859
2025-11-02T12:53:59.562897+00:00,9d9ccfec4bcc2f5f466d97d8c38fe0764b95336920feadbef6234e04e5a79827
2025-11-02T12:53:59.699530+00:00,d64bf14dde67ec824a5dcbb8811fb4773a61687e062e1f4dc001064802967e73
2025-11-02T12:53:59.828537+00:00,d3cc9124b590bcf6053cae118208ae761ecf86a7dbe12ca08d3f5339b7b7d693
2025-11-02T12:53:59.954370+00:00,56ef4d7a40d8b3d79bd3ab167343900b45d655a3a14cb4e8950efb49256a8376
2025-11-02T12:54:00.082895+00:00,1c23bc4d29092e291d34d06e75e45d1dea9c45c48d5e6d508bc52b0ac4a300b3
2025-11-02T12:54:00.205165+00:00,767c1538519a5350cf396c216030afe9946e7aac17d00955b1c6ef11802529b8
2025-11-02T12:54:00.333246+00:00,18718f2a0f9b80733fb2fb36fd37f81db8489d524844813ac9b20e581a822870
2025-11-02T12:54:00.456914+00:00,d86b5f9753064c22412cb5ee63057f0eb97c1da61a7710cd0fd1590cafef66ab
2025-11-02T12:54:00.591753+00:00,ad7ff1fdf92470c79341b458c2a286e3b33b9afb9535a43f950e1802a3cb3664
2025-11-02T12:54:00.929114+00:00,f9b6cfc15fb42c467db46fa6da591c55dd61a8a76bb9e94504544c83143e6170
2025-11-02T12:54:01.049680+00:00,cc9dddf70fdf14c8dc523a8a98ffc3ebdfaf62209a980f2efc09aaa40bd11058
2025-11-02T12:54:01.171778+00:00,4ab3dfa92f8363bd29612059c2cc71972ae21be42ce37595b6a259f23178511e
2025-11-02T12:54:01.293963+00:00,1c51abb4182c3b05d49b363ba852bd0d1e036d6da6aaca5e3468ff02df6d7435
2025-11-02T12:54:01.411498+00:00,e86a453c108adcb1ecd85326fdd3f0521f68ffc86c202749e9aeba836f7bab72
2025-11-02T12:54:01.532451+00:00,1ebbc4482862e6a3fb82e2fd265b97af157bded58b0ba7ddf02a0443f5b0c630
2025-11-02T12:54:01.651623+00:00,7febd67f3f3746cfe58570ada528f8a49de98f75c3b3c17193c84bd1bd666de8
2025-11-02T12:54:01.768737+00:00,6080ffcbc952a3653bbb760e0088d767f2b4db86d20c6615b782fa5f9a5a8317
2025-11-02T12:54:01.897602+00:00,ca7623499e993058dcf2e3c1ca9d74d58476f88f9f078424c00d7e6ed08e122c
2025-11-02T12:54:02.016818+00:00,2bceb4cfc89df24e7162f210f50bd759af2c1a218413c1dc3363560ae0c82ed7
2025-11-02T12:54:02.140229+00:00,9718f20a88139342fb7e3e81cb3a29bdcc7ae39088f3b987edebe424ad2917c2
2025-11-02T12:54:02.292938+00:00,71ce0b353f4fb0c2529faa07200739d3a3167b3e61008df2ab80936288ffc73f
2025-11-02T12:54:02.414716+00:00,ff7de9a24fce0e3193c80f9762b1233f892fcc03bd73747303e3236e8f0b9a24
2025-11-02T12:54:02.535616+00:00,76f47361cc041ad47e67b2507f291184ab2dd4d694e8b1e317dd1c594ce98bd5
2025-11-02T12:54:02.656934+00:00,95537449771db8014c8cbc14113c9a5b17e44df9943c9f1c1abb8e4f61634670
2025-11-02T12:54:02.776940+00:00,56686681efc17b2c3490030ead8eae12cc7f75efb070ebb669105e29b0b862f8
2025-11-02T12:54:02.906165+00:00,87fda637d6068c4c67c6b770d0bfb5952c6c91515149cb7e7c0e6f752f16babb
2025-11-02T12:54:03.033148+00:00,6560c77dacd58e3ac2d8fd365595b8a540fbef60d67710d35ded3a671703a3c0
2025-11-02T12:54:03.154489+00:00,d1f82cf4324fe9fcf31bf5f6b455e7acd4e42a75cb923aea4e67f48307e77867
2025-11-02T12:54:03.276877+00:00,2829dfa09ea45da08d604a527dad234a3ccd334051d7391995ac91f05ceff8ab
2025-11-02T12:54:03.410816+00:00,764894c7af1f1d12fbd6b45aeea454016fe9af0d2e45b3b4188e78d57c58035c
2025-11-02T12:54:03.631279+00:00,141a0ca48b4f0f8af20df52b8ad0bc6afe0f4540519269e6230ef734f0bbd98e
2025-11-02T12:54:03.760006+00:00,a21ca593b3dcb36105edbc2b4c181f8de0ae6b55f7f93495ee6bff2061038c97
2025-11-02T12:54:03.885767+00:00,1a46ca0fff1002b7ba249f9b4adea9e990629fe77d28fdbdc8741bdd60e7b0ab
2025-11-02T12:54:04.010050+00:00,f62e60d752c6d290ffe79e0febc8b199237492715f88f6710254271a3af60717
2025-11-02T12:54:04.131311+00:00,4908e3d44b91fc7479c15a6302f93b1f4cfd7c1d685c4956bbb6121930dbe752
2025-11-02T12:54:04.261208+00:00,ca9c36732d89d04d8fcdf1f03fb958f6d28e76cfcb436607909ba7dbf50603aa
2025-11-02T12:54:04.388780+00:00,e177857e13175b38aa0c1edf1b11a83c10602af222dcd659bc01d8b500ac271c
2025-11-02T12:54:04.508448+00:00,ca795d102d77c5870278b0ac519c00f524922033f8894d2076957fce8450ec15
2025-11-02T12:54:04.633958+00:00,e845e4e955ff9f0634537320c5cf1eb01c7782bfb826ba7600dc46cf622e92df
2025-11-02T12:54:04.760996+00:00,5113ab451636a23b3465ef909561a4b8e33f388eec557bb70391314e07dd470c
2025-11-02T12:54:04.886280+00:00,d15eb1bed68b6b7ab21cd8f8ecfaffc80664633a9df13a22ea967596cc06e471
2025-11-02T12:54:05.009814+00:00,37418647a552af94831312d23c219036e58306dcb4de7b03899a04fff76bd569
2025-11-02T12:54:05.130982+00:00,15de7d6fa4fc600101dc1c6526624f20788c5550fb67d35b0d42b9dfa8948b13
2025-11-02T12:54:05.255920+00:00,1870c1e5591d0c02272ba8e005d3f9055b8b250ce73b45dba2eff1636de617f5
2025-11-02T12:54:05.380615+00:00,d4355a57c3cdc330c6db51ab983dda1f718b86a6de2b53d773da80dada82b055
2025-11-02T12:54:05.502405+00:00,8fe49b67f74a41b554459add2b1ada742a95bf82025cb128a45155df12c35c0c
2025-11-02T12:54:05.627553+00:00,2c21225830ef526768fe5e76214ff18b777bfff1e6f962fec5e17ceab3921f9d
2025-11-02T12:54:05.755129+00:00,c979b70d55b8adc1297f55778a36137d19e76c6336c55f9f2db9d94d3d4777b5
2025-11-02T12:54:05.905523+00:00,b54220e5eebabeba379dd84d25726cf949e27a2d48ee6fe5507851a86c84873d
2025-11-02T12:54:06.229145+00:00,eeff4a854e5f875f66fb8ba8436536652f6424a4875817d5e84e45ef183e65a0
2025-11-02T12:54:06.353001+00:00,f570c235d06e1cceee59f816137a064fb1cec7c0766ab02157f474c1a4e9c2c9
2025-11-02T12:54:06.474011+00:00,cb0b59c4479f8c51bb06ac9e2894bc6fd44775f18fdf97f51926239fa45e5e13
2025-11-02T12:54:06.592647+00:00,d4b3838af723b024535cd800a1cfba7d11fe59f3b4e2a0593cfce893582a6fac
2025-11-02T12:54:06.712460+00:00,e17e917086507c2b4cf8d9c8b764587cb3ff4637fb785e18b7b0041ca6e6dd8e
2025-11-02T12:54:06.835022+00:00,36449eb1d9782ab90ae2f01fba01ae1186f537951b90a53ea8ee3d76c51318cf
2025-11-02T12:54:06.955228+00:00,eb411f0b53bbb077d6a0b152d353fce62a60a6a659fc965a96d45be463a19666
2025-11-02T12:54:07.088664+00:00,b808a5867250f4f5bddb412a3b7c0d8ea8e70258bea0f35601146b10ac563954
2025-11-02T12:54:07.207240+00:00,1e9b6f504d0e83e65c58d148be30db8369b601be409827c3daf55687f324167a
2025-11-02T12:54:07.334258+00:00,e2647b5d10197f62452a0ef1dc12a5c74ba229dc6bcfb2451e1dd041f5f04778
2025-11-02T12:54:07.462139+00:00,353286c83fdcca5372033f56f77be5357365786f952d4b1dd84d194a5fc57eaa
2025-11-02T12:54:07.616597+00:00,67f92780da3515331d0a33ba1b3f78e88a239997d4008801f5f91eff92e13afd
2025-11-02T12:54:07.734348+00:00,8f8d0fdd1ab99370d39e6def8a73fb5488c2d881daa1e25007ca755e42f17d39
2025-11-02T12:54:07.856423+00:00,829d30441e1222c0c56a5279374512bf8df8b664709801b4a3c0f3effed29610
2025-11-02T12:54:07.978033+00:00,f57db819862cb8aeb0dc3a174ac43cdfdbefd127e34062f1e9581abd70562a3e
2025-11-02T12:54:08.107499+00:00,795a33ddf384328b9636c662e22f2e33ed135495025fd58d244b2b6ef4868888
2025-11-02T12:54:08.232992+00:00,083a1c25b0a50d1423e98d6ffc629c041341bdf3b7fb4cb23ea398b99a6abaae
2025-11-02T12:54:08.360244+00:00,f783026e3100679a3a28920adfcc530619b5f800355c7047d553160a66008a1e
2025-11-02T12:54:08.481180+00:00,9b06e8b26d98e5c4bfe0f70811bfd411b9c9cab335208c2906c571b362a6d5ab
2025-11-02T12:54:08.603297+00:00,fad3ee443e11c99be8ec95575356b5cc213906c81d66c143e449b93a64f8d7d6
2025-11-02T12:54:08.731532+00:00,aca15d640bab854e4923115eb60fb557a3825600c4640fa623ac213e48c6fef1
2025-11-02T12:54:08.862305+00:00,902dc4e125a405af6ffcc44ce53ff93461c885f144f1b916a6be3f1be392f747
2025-11-02T12:54:08.989050+00:00,b30a2588d322cd53a873fb77668bcbd0a75f5c0ae85fd5435173800d2ed772a5
2025-11-02T12:54:09.120092+00:00,a70cff0c8edcfdd3e8284e41afdc9722b81a96cdc97a551d5a607e08778ba51d
2025-11-02T12:54:09.244398+00:00,4205379b88ac5297eceab03b4acfc90fa9ce4444ff0a3e17e5651e4a29d22c6d
2025-11-02T12:54:09.367889+00:00,74d8fa1d308df01979b8c6248d33ed98ce7b67b9f80b01dd0c1c145a60090c73
2025-11-02T12:54:09.495256+00:00,de8d5e010cb68dbc0836419cd1473f222a819cf39f8eab50dbbe3b213276896e
2025-11-02T12:54:09.622841+00:00,3bbc0d424a6b8c07a1c49c5ddd06eb730f671145ff089239da8bd5fbe171505f
2025-11-02T12:54:09.743948+00:00,b2bede59ba9fd3b128f01a218f0f71f6f47ee395abc89c2b833252cb09f39e8f
2025-11-02T12:54:09.868156+00:00,f643badf13fde50bb57b7743be09a9ff40e6bea8c2bbe8fff9a2d9d4a764834a
2025-11-02T12:54:10.002413+00:00,1adfdcff4dfcee97a3f70610c7c2e20d6f003aefa8d255fcd6564740517ec2b6
2025-11-02T12:54:10.127410+00:00,1943ab1757d6de48b876817ef86abc71b4b3d85a1a5b91d694703703173365a5
2025-11-02T12:54:10.250423+00:00,945d7c71b7480f83f2a3951d04098f5027a0c9710b70c5004105827ef32842d5
2025-11-02T12:54:10.371182+00:00,ba9b12b51eb9b622e4232a9cea98d94546627a57ac4ab9354ffcc149911e03c1
2025-11-02T12:54:10.499183+00:00,cd1c49c8b42798ee60c248f98939c3f01599798dc5ab1ca406123955bde4ff55
2025-11-02T12:54:10.642699+00:00,4c418412ac0037866c3fb641dc9555d23924babc6c0316a83e178f7eeafa1ed6
2025-11-02T12:54:10.772143+00:00,b762b6f4b8b057a1c8eb714fc0b4f86bec9e829415faeb989db9d8f879d662c8
2025-11-02T12:54:10.895931+00:00,8ab06d6c6565d09fd905879783059f2f7e88de3e7999541fc81eba4869e4284c
2025-11-02T12:54:11.018136+00:00,ee4e6c1720cabea9e6118d1ab81adb5e5e1223663ed58c30b2954f37506734f2
2025-11-02T12:54:11.140393+00:00,6d7c8e29dd7dd928eed823539b5364d582b7b2863c60cd49cf54a4aba55f434f
2025-11-02T12:54:11.485338+00:00,6ccff326946ccf9883808c56663288dd455e17b1f4153e45467efff54a9da3be
2025-11-02T12:54:11.614488+00:00,ee3acb8860374d0d2b10e08ef45eebcd1af182555ffdd23027f94153981c3d77
2025-11-02T12:54:11.738228+00:00,56d5679a471470d07a6e5b668720352051d0d4d428f9ccbe246f3b348ab4cfe2
2025-11-02T12:54:11.862236+00:00,62309b9d8539ae105a2d258526061f7e9d80b43602a813bc10c81e004fb7f943
2025-11-02T12:54:11.980985+00:00,baef1a00d27d9548cbafa90c9816da9b2993348992c901c534b12e78391ed922
2025-11-02T12:54:12.104159+00:00,62c5fce07459c9f560cdce3af146362b8f2b3443b74f59043f6afa8b6277ecd1
2025-11-02T12:54:12.234554+00:00,529159383f5eaa44cb0fb80befbaf848572489084b536e53e3b344e156c285c5
2025-11-02T12:54:12.509622+00:00,dbc0a59a132940e6b0bb63e631f075b8fee9a89b09ee090271b52176a4e162d1
2025-11-02T12:54:12.646515+00:00,08170136d0b0d851b462f6b27fe2584b959ce752c6933b598dbc45cbd7ec98fa
2025-11-02T12:54:12.780263+00:00,49ea35166e48c16c3334486922271d2e6bbccd2cdfc98c06f34c7538a6cd4e7b
2025-11-02T12:54:12.930908+00:00,abad0ac35b2b268143b45c3db2789ad7821ee766be2155f06ee395f3d5037c44
2025-11-02T12:54:13.060484+00:00,1c1bb1490d4ff60d41753b912672a5c6327358a4904238384fad65272c7c43ac
2025-11-02T12:54:13.186564+00:00,d050821cbb996da8442a2a5fe6f4f015302c069d1a69fc2ebbdb08ab72cdd293
2025-11-02T12:54:13.315522+00:00,bcb2314442a269825add09de81fe2432fae7de4b42d283c4924792f1c59bedfd
2025-11-02T12:54:13.440435+00:00,0592d7f19c57a13784aaa388c1a9de9eb9e56523052afb8e928a87f68102a2fa
2025-11-02T12:54:13.565764+00:00,f04f739c688035c6d0c3f7c0472c562a77a614be8965dfd17d6b42a1d1071878
2025-11-02T12:54:13.693416+00:00,02e13028e2d412c4dfc56244e2e4170dbfe3e55d60ff245e1fb180e1e68a8aa7
2025-11-02T12:54:13.823305+00:00,4a463d4769b9ae2e0c81b825192bad0f44aa935c9b65828185e8cd1b05d74f91
2025-11-02T12:54:13.952575+00:00,6fbf01638221003c5f47a643906081d21191d744c46fb619db2d80b97543c4ac
2025-11-02T12:54:14.080421+00:00,7de0f517da2dd100ae52af0b20e57c1d1e6521991474445b1a27e2df0a33f051
2025-11-02T12:54:14.207753+00:00,16bbef4c0ed6a584ad6da0080fe730fc80cdeb52ff346fb6405d13f77b2dafa8
2025-11-02T12:54:14.335303+00:00,d86f969420097ae726a9353504c7ba6231edc609303e48118ece52bfe3a47305
2025-11-02T12:54:14.464291+00:00,0f05d99fd02193ed13a8f6d5be9f220f791ec76739a107340a887fa917229519
2025-11-02T12:54:14.599543+00:00,716d86b06a037e53b6503d22ea3a3cdba3d637ffeb1ba211a50042e4ab83f8c1
2025-11-02T12:54:14.730377+00:00,082317ea3c3b9c4cd109b2524283e89fdeef8d9acda56cb3da66b23ff0fdcae6
2025-11-02T12:54:14.861834+00:00,8edd34f3f26febd406784c7b9d7ce4e9bafe7ba399b59a1288d20fa1160fabda
2025-11-02T12:54:14.989158+00:00,9605309fe7f58369b9458fa26e37e9073026431ad614e1f7cbfcb774311cc138
2025-11-02T12:54:15.120132+00:00,b54eab357139c61d5dd71a2cda4ee83df7acb86852f83e9b9ad208e1c2c2cb54
2025-11-02T12:54:15.247724+00:00,c76de1ee552b8f65b27c00cb055df3be069766c53c2deda7e18d0d0ab0cc73d6
2025-11-02T12:54:15.370740+00:00,9bdc126c612da356b0d0c4fe80307fdc82fe3a729a8ad51fb4d9f01f702bb8d0
2025-11-02T12:54:15.507987+00:00,c9f6755df30f02157fd6b09f3f30b3664f58e628df95c40abe2bc03b0a28cc18
2025-11-02T12:54:15.638266+00:00,67709a31773e1ef8c0442222238ef308e18113381a8733b33b56a3e9897c51e8
2025-11-02T12:54:15.767364+00:00,ae26316bd49d9263b981f7016117e4e7c672c5631c297a1cb9bca839a81df9e3
2025-11-02T12:54:15.896673+00:00,05d27d0dcce5608de9a2baa215ddb691ba05932ec4e38842c4cab673799187ca
2025-11-02T12:54:16.022452+00:00,076fbd05e41a3029dccaf6b62d03dcca946301da869c270373f2b1063637fbba
2025-11-02T12:54:16.153059+00:00,d01d92908dde61387fc2d406376f222e01ccf8cdd543068bed696be3a134149b
2025-11-02T12:54:16.275328+00:00,78d8b41fd52019189d8294827016cf0bc63f9c48f350fa762398b6dd55e3b7a2
2025-11-02T12:54:16.396294+00:00,50525a5287a8f54da1027061411723f6f1d4b52a2985565790a35f62511fc67d
2025-11-02T12:54:16.746514+00:00,c2d55ba85ce4bbc2231b5b82750dd5f39fc421508f9ed63e802b669f27e497b7
2025-11-02T12:54:16.866639+00:00,3589d88382d5ad6cc72b2de3cab2ae92dedd0078ec365f37b77d1c037be6c676
2025-11-02T12:54:16.990172+00:00,65ee52edabb03f02ce71fe3c08ac11d6b8886bea377649e0b672eec0d5d1d9f2
2025-11-02T12:54:17.118703+00:00,f373c5822cbf5e926bff6a92d03e33f9c3223a61bf0a386e86cca8b6d1d1d068
2025-11-02T12:54:17.238220+00:00,f59a9eeb21d0619dd75da5173b93423e74ef7e807251c7ff3f83ac33522b806e
2025-11-02T12:54:17.364379+00:00,de9d0d293bb3bcf00785cfa075b272d08d8b2be3988f137c4c54bd651e1658f4
2025-11-02T12:54:17.519396+00:00,6ae81ddcc5a8166d3682afe24ee6d5076f5ca4b763761b09999565d71b825863
2025-11-02T12:54:17.660753+00:00,a701e559c4468db1fc110a020adb2a76eba27c1d13498b83ec30215b225322d5
2025-11-02T12:54:17.779653+00:00,febfaa5f5b79c01f591cca4edb192e1b00bc10c4f9b26c3e2fb7e69d4381d56c
2025-11-02T12:54:17.900628+00:00,790cdc7418acf1220c627e976025f20f0ae8892d86bf87ad6f4f0f81cfa09294
2025-11-02T12:54:18.024578+00:00,759093ea187e84286c723b06b5a7b2321bab0c1dd7aeb026b867988233f3c0e0
2025-11-02T12:54:18.154765+00:00,3679dedc76931a4f72b44bcf93040d5227a339a6af8c5918f1be41cddce26b8f
2025-11-02T12:54:18.276300+00:00,ee06e7a67d2db9febf6693f88b8b485975df4f09eb7e30ffbb5236aece0b4e6d
2025-11-02T12:54:18.401302+00:00,a5fdd0b8ea5d74799f8102b57353546e78fe558eb0858d35424ff1ebd3f7cac8
2025-11-02T12:54:18.528226+00:00,9fb88690d5daf36a27bf4441590fd3914df6d6101def936e0ed48a844350d823
2025-11-02T12:54:18.650685+00:00,f978ba51cf08ac5f50e44cb1a4050ae7586c0d060117bd06c35f654794f26c72
2025-11-02T12:54:18.773325+00:00,447e5950bc923e896b3699e6dc0fa15355dfe0d8cb01d9b8fda04a005ca804cd
2025-11-02T12:54:18.895138+00:00,a12f757b229d69b7be269a169b1f16c95561541dd55159b9a42a8e73bc9d8d72
2025-11-02T12:54:19.019898+00:00,5d7ba2bfaf0c79ed4880ca68898a2a7edfda5db6866b98d0d31da0ef9c6b0469
2025-11-02T12:54:19.147939+00:00,19757806578c1e70434e30f943356080b7e08d74a6231a19a98aecb50ab7bea2
2025-11-02T12:54:19.276651+00:00,a4a2c9ffee2e9be5f057980cb7c38dc55661c8093c20f5845b7469acaad7ed0d
2025-11-02T12:54:19.405315+00:00,a9fafc1f8d13378b6c5808e258a923e71bd719b42f8fb4a288fc06e0b6486ba9
2025-11-02T12:54:19.530824+00:00,12127352197737a65b995db96b1e01233d96e97e0bf16f8136676d94e16da6ad
2025-11-02T12:54:19.650623+00:00,5f132422c3fbf4d7a033a97a69a7f51b5c0841af6ea299345c1eadadc5bd4ed5
2025-11-02T12:54:19.773839+00:00,308f5efbf83e323845d8b200f4372d6f8c6f1f0ea79ffb877dea712a702f686f
2025-11-02T12:54:19.899063+00:00,1800e8b1bff97392c7bfd564f131abaf33e6771d04988bc9b9d312e59a57722b
2025-11-02T12:54:20.025433+00:00,ebd9e66d4c4895ad63b74e207618824d48e80d0c3337daad405b0fea95201f56
2025-11-02T12:54:20.149682+00:00,674ef60a1e2dfb0b0cff2e3804c0dd8d04f6d31232123154ade64136891706a4
2025-11-02T12:54:20.274945+00:00,830ed3a318d587438e735569eb10850565abd2fe90d133ad2b4732f30bc18bc2
2025-11-02T12:54:20.394160+00:00,5ab647afdcf1ea97b1fd17ceab73a9022588fcfaf36bda92ace939a9a685f5c2
2025-11-02T12:54:20.520669+00:00,25309e9e42bb086bf94803734466945ac6a7a481ee1bd55aeddb55411dba7da7
2025-11-02T12:54:20.649016+00:00,4459d01f623e224fec7137751fa5c72ba586667038bcf275404c3737be1d42f9
2025-11-02T12:54:20.789283+00:00,a9017bd6b7187270604b605746bf7da2fe25e2c1a37b0084beab0cfe2e58e459
2025-11-02T12:54:20.921822+00:00,bdfec65327cf92f06a9c7803c1201fccd336c4b629b665077e09f730b2b122c8
2025-11-02T12:54:21.041397+00:00,3f8d2848f62f7f2bd05663724196eee20cd8f6d5df303e336afb95e19157e419
2025-11-02T12:54:21.162512+00:00,b3c35a2b24777ddc294369059cc2f9511f529eb207fd890642b70bc16b68df74
2025-11-02T12:54:21.287494+00:00,0c5d8841c92878cf59ece07068dffb6d8bb51f92b7c2ee807055adedaed78c71
2025-11-02T12:54:21.415055+00:00,be2c0120a13eae2d93f3c5e8b1778d5d54db63643889c5ad1baaa6d20eb3594d
2025-11-02T12:54:21.535751+00:00,592afb90c12ef893228bc6a61f87bafddbc9c970ac059a63b10cfede66317711
2025-11-02T12:54:21.659942+00:00,6bed47fe563f25009056cfbdfec42202b46af2c9632023a549861d56c6a7c351
2025-11-02T12:54:21.992091+00:00,c4e88932e50e2a82ac4924ad6138617c6d89664119d7d91690a5a1c06770ef4f
2025-11-02T12:54:22.110831+00:00,35585c95248a899d41a5fad7b8b2dd90d91459445908971a362ffa5342acb372
2025-11-02T12:54:22.230978+00:00,b1ff96f77558adff32409e8f3c7efe0fdd5905ef196c507bcecbf6c681a927d2
2025-11-02T12:54:22.351626+00:00,0b68d4b7abe0d5728fda866365a8d470fe91032317975a4dfe5bd983fdcd0659
2025-11-02T12:54:22.472601+00:00,012aa6343250764dbba5f5e35787f139d5930ddb5416f68e4954776ebabbb834
2025-11-02T12:54:22.596103+00:00,7c8ba8b6c321c473ef5630045b6a68c3618c9ac0162b1f1fe52e40aadbd9117e
2025-11-02T12:54:22.718380+00:00,12789d4731eaaf93bba246737f47d62d50e0c49a5e328368b620fa414ef9ce0d
2025-11-02T12:54:22.843888+00:00,728ee5ffa33c50d67862b2830c833a6926cd3da14e817b7f39dbcc04e376d4b3
2025-11-02T12:54:22.982945+00:00,62f8d2129a45d045b5ae66b1baf2f00c08699cd5857e07dca7290f703d3d9fcd
2025-11-02T12:54:23.103358+00:00,4d808c6dbdfde68429f28a190d78abf09d071bd19de556195a036ae23dfdd92e
2025-11-02T12:54:23.225531+00:00,06113982d4826ac6d7acb52c7e4ae167e9dc77638c2dea01e92c88ef4573b0e6
2025-11-02T12:54:23.347915+00:00,5f6759b6c52d38e68ae415f02280555464961165c4064d5db52e9e373a9560df
2025-11-02T12:54:23.469228+00:00,4a032ab1aee2b6c2b4113562cecff481f66b0a6fe70df7e9b2692673f64a76f5
2025-11-02T12:54:23.592291+00:00,27d202a4aa1ebe2b9cc42ed49aa09083fefde1092697e389a27e5d42cc9b7bb5
2025-11-02T12:54:23.715308+00:00,f14fdc21fe1356bf6a6cc67037a7f96286ebf018db0c7e94d430ed1967825ada
2025-11-02T12:54:23.846030+00:00,4c7f46d7b09a40d10272e9bde2de4b735b6f90e84f348b7b638a72d22a09279a
2025-11-02T12:54:23.975019+00:00,954093d9f57bd9b1bf9886392b0a844f0c2af40536c3a1bdc622aeaf814603ee
2025-11-02T12:54:24.101630+00:00,efc70e3908382b3197f92387d3becb3ed3e898d46752058d46ce0863592c800f
2025-11-02T12:54:24.229798+00:00,97880bf0bdf611728d833fa68a98be340f9c52cb9c63937776a9f82d71c90e48
2025-11-02T12:54:24.363852+00:00,37d41b8b094ddb3283b862f40b530d5544be203d6c94cf6a68ae6695152565ba
2025-11-02T12:54:24.501719+00:00,bbdd1bf462ab68c392fe73002483eda6e858afbc5483610bacb76753e79fe5da
2025-11-02T12:54:24.638677+00:00,23ec0a9469ba240a6589cd2ccfdb1ed7655b1b548afc58ec501565c6720aa655
2025-11-02T12:54:24.770326+00:00,363b6104a721afad55cc1803bf334676a830fb5eb4ff3d5d8591b9cc11a40f5f
2025-11-02T12:54:24.903396+00:00,f0b837a2298d327e8f61190f5b7b695dfb89fd3474a41a37588bf81faddb7e73
2025-11-02T12:54:25.035550+00:00,2e203dc02b930819ca751854e2e6323f5fe292e5215323496f1f8eb7ca184f2a
2025-11-02T12:54:25.165398+00:00,e22cbdf1aeab04b31b8f5d0aef9b7201bae40268098645b28d00f278468e4cc8
2025-11-02T12:54:25.294806+00:00,78f84bad92d1fc3b1574e8b430828734632e4d1aee5408cc16653c94c005ce53
2025-11-02T12:54:25.424794+00:00,1d85eead1378ce40dd1d7913d1b112533ea325c1c38258ba8a180c744b7ee229
2025-11-02T12:54:25.553641+00:00,67577de32d650704fbcc0bfb7c76362fa901aad6ebf99dd02942f8fe1a822c46
2025-11-02T12:54:25.675311+00:00,c674193e362ead7a6fbb5bce808d9fa6c6f9d0b1b0214b044a64e2fff8e3dd17
2025-11-02T12:54:25.794792+00:00,4420e23813671583a54b2f27d489fcfed07dbf4c2549d808e8af9659cc93ee99
2025-11-02T12:54:25.917168+00:00,c63ebe55c906b20a0ef0dbf7096fbdf6a94efa7b62f3c4ece25dbaeee7c7cd73
2025-11-02T12:54:26.062653+00:00,90ef0868150429dc597e125b10cf795ecb829072c42c5a532d6f8a1b2bd5c70d
2025-11-02T12:54:26.189698+00:00,2401bac8ca67d26d172f5a2c7a8f526f27ef2c53be631d94765b925b81080ff5
2025-11-02T12:54:26.310733+00:00,6fadb05104f9c8fb82997d82f5bfcd3cbb88bc60328bdda26c2d4c9710f10f07
2025-11-02T12:54:26.429328+00:00,b73ec57e3a87d335f7d1de88f8d068e113d86a2bcc20e27f0b7d8b8d22214f1f
2025-11-02T12:54:26.578928+00:00,0b04ae30f4ca0b409ab89022e2b1afcb72a142303649e1330dc9116a01f49716
2025-11-02T12:54:26.701762+00:00,78d8d857888f906c4df4b5a600465eae6c6bba647a6993d1333c3ac754199b6d
2025-11-02T12:54:26.824964+00:00,e19524f1f17cf9303e05eaa34e731f8dab841dd74a578c33e42e26bef00298e8
2025-11-02T12:54:26.956311+00:00,2fde50539dbcd98e887335e1e023046f4bca749f196ee5b82a3423ae61849f54
2025-11-02T12:54:27.307612+00:00,3b6870a28f70cc51a7342fc53c0f19f6069f60f2ec88525b54ca0b84086638d4
2025-11-02T12:54:27.447401+00:00,f51e369cd46f66566f46cad819bff51ec1741f245b8424e4cc21066208cc15b8
2025-11-02T12:54:27.573232+00:00,8e6f4fd9660130e97f589fe06e7f3166301475a3cb110fa381fad1069e4953b8
2025-11-02T12:54:27.694756+00:00,c619b461c7a128cb144746183c9f4b4cda67f6bf100b2c4a34232bda7ec59669
2025-11-02T12:54:27.814611+00:00,38c437ae2c489191608e21db55d45704219d709209ef121b644ac11f6653580e
2025-11-02T12:54:27.938291+00:00,37b309fa53d62616ed07669ecb33c5de7f62003954edfa720c5bb7a688b832bd
2025-11-02T12:54:28.059395+00:00,860cab05f367ca7f734ce0e4204c6573e8d384af73ef520027d07ff1b6c966fa
2025-11-02T12:54:28.186653+00:00,82ed4433a3f7703c65f485aa5252e237676aeffd7e6035187903ce3aa69487de
2025-11-02T12:54:28.312482+00:00,c7218804da0f7e2b1206e0664950551fb587dd914f997a8cf9c89bad2b7f675a
2025-11-02T12:54:28.437607+00:00,68d21f2252a3acc04c1d4fc9f353ac8c3c10a70bfb565843d4ca0f315fc5c8b3
2025-11-02T12:54:28.673915+00:00,53a5e04000d4c868b0a75102f2046147fd7a8311d4f07bec9c5b78fa7fd449a8
2025-11-02T12:54:28.800352+00:00,ed7fd3cde010536f47c095e0c75de9bf0982db7646a280914fc41796479ecf45
2025-11-02T12:54:28.924369+00:00,9094941e1955c67673f5927b61a4d01894079a9ddea7bc325ebc7f7cdd6adffc
2025-11-02T12:54:29.052020+00:00,af31faba19db23fec610ebfc4c528139242a839a630643fcd38d9dce538d45e2
2025-11-02T12:54:29.175847+00:00,985f37154ab325696efd5eccd738054b95c1596528241f5dca32e81e1f928dae
2025-11-02T12:54:29.301589+00:00,6f5d9c7e9a758d196ac88cbd2d070a15cc267674b8885d2e838505e2181fb68c
2025-11-02T12:54:29.429505+00:00,0d9deb5212c84f6f83b5bfec0a212831346e3c3a38e09412e8fbab7bf37a2930
2025-11-02T12:54:29.557168+00:00,d7dd44f39978f49e5c3068db9c5217919ea25c6f9244333d30bbdc731c415190
2025-11-02T12:54:29.691715+00:00,cbb6164f88082183d47bf15b47293be31fd9a52fd3edd9125a130e3aede29803
2025-11-02T12:54:29.812542+00:00,14bca1684997390a33960d74f70606405329331a86c6de66b9c8af849632b675
2025-11-02T12:54:29.940832+00:00,eafa9260719fc940810da5bdfd76ea3df3e35bc88470adb56cbdde86af72808e
2025-11-02T12:54:30.071402+00:00,0f5da15841c304107583a2ddde75b413545ab931cc850d495a6cb6f2f49199d3
2025-11-02T12:54:30.200997+00:00,8a216a234819a7b3797bc853256866e0881a7b48e748d54caed5e05d3ed98109
2025-11-02T12:54:30.329986+00:00,6ff70f650943533e43d17f0199802a751cc1cd731a837479873a61c228be1e06
2025-11-02T12:54:30.469608+00:00,b5553fb1b98cb268218d36be109987d0d59bd9a969e7dba2fe0a9f4642bf33fb
2025-11-02T12:54:30.593867+00:00,adc17ca9914c07916d0a74ad0bed1a7390d435320e4ee286b26eedcc7ab44c6b
2025-11-02T12:54:30.719884+00:00,b9e7438136e625d538fadcfccc47da278c95ce069e82d0a32c5af9ffe6dabae3
2025-11-02T12:54:30.839500+00:00,825c93fccbcc5e0c95cd90f6f0ab7b78b02e4f53251073b14ca8ff4b1fa9a70c
2025-11-02T12:54:30.967412+00:00,be8d695863038b31b7dd185a64a85d0a0f110bac8ea2f052ba6a8fe9a96e12ad
2025-11-02T12:54:31.091582+00:00,3c4137ff99d1677d71ea3702bf30c5bc5da449b6dd34d03b578c5dde488863a5
2025-11-02T12:54:31.221542+00:00,7a8acdcd8d042c624a4c06ef89aef712e80adaf4f267875aa28e93cc4f5f53e6
2025-11-02T12:54:31.349464+00:00,48972d944255a08f052ac8ff12850972d3095797355c139a96da434dea1ad10a
2025-11-02T12:54:31.477453+00:00,b83b863fbb25b45ea12e4541ebf0b0b7e7076ee5fe0a1f3607c900228fd2998e
2025-11-02T12:54:31.608626+00:00,f412ef7daf4848ff40e36800e1d1cd8cc253a66cbf4ff8d12c7cee7f89b6505d
2025-11-02T12:54:31.735710+00:00,7e0e1b8fe897e0ac209f49a16988ba90d184ddbc1322aba6465e30ab85231525
2025-11-02T12:54:31.863000+00:00,a36a67467698c19e486759339cbb55a5bb5b3b2fd3c2e03b4f1f5bc479810654
2025-11-02T12:54:31.986218+00:00,e05b4aa9d0589803a4ec8b6d8bdf7b0e80e57c1ce1f39b5b14f4bbf7901eb7b1
2025-11-02T12:54:32.106625+00:00,16796860634f540c21a8aab0c87ace4deb1e570a52f10434aaf903e3621e1155
2025-11-02T12:54:32.226076+00:00,3e4f05c37e39e4cabea7e680187afd7296196db6360610539db9afb48ead0f7c
2025-11-02T12:54:32.562379+00:00,7fcc66874d38450b088218b1e5aa86f2688a011b80bbb255d6438ade4748f149
2025-11-02T12:54:32.681410+00:00,6ec108e4141037bd689a20c8f190fe62bade94f080e89c16f1655332bb49ac7d
2025-11-02T12:54:32.806311+00:00,93c9096a53037ed54cfc34e74d6132c902a79322092d8c9c60ed929982db0092
2025-11-02T12:54:32.928091+00:00,de3dd7eb2c49fdd019ffa90682f8bb526e28d7dbdc1eabba343678e698a4a31d
2025-11-02T12:54:33.051630+00:00,f4f277261a26f6983b223899fd423cafb568cb56efa44188cd2f440e09149f1a
2025-11-02T12:54:33.193305+00:00,231431ca69ba3c3f49e86316e86ad71bd3f63b096782ffaf3a271e11e71368b5
2025-11-02T12:54:33.318771+00:00,7711fb7cebf1d4f5b93a1a8f182157cc36b5b1aaae5494b3453b856596de3b3e
2025-11-02T12:54:33.448175+00:00,3af14aff42b594a3821af25743260163178fa9dabc8aef36ef0a90a4605abe80
2025-11-02T12:54:33.604710+00:00,58d163505a978aa60552c5b51862a758c08a00339c364e5bff10d3507fd05435
2025-11-02T12:54:33.728614+00:00,55c089be0091498b75f8567d63e0fed80b2ea54f8437f24a0ed893df2aee51a8
2025-11-02T12:54:33.850343+00:00,d1f3926246a6bbc2c12eabf2b21b16e1da347a9c7c2eef2424e39c2d539bc668
2025-11-02T12:54:33.977680+00:00,59d6b2bdd2f6dcc728c30a5710ac3a983f009519fb38969f92080f2544e05544
2025-11-02T12:54:34.104676+00:00,364a98f77977db0b27443d3a05a803fc40ec24f392b0b47a68ef4539634f8831
2025-11-02T12:54:34.230854+00:00,cca9ef8386aad1c4671678517a7eb18bbb697d317cc80d537355a63410278171
2025-11-02T12:54:34.355324+00:00,2a3eb32eef85563d566be913f3f77a680ea40660d9e7fe92c8f7a95251e47c52
2025-11-02T12:54:34.478274+00:00,7d6790a671152f1dadc7203d9c3e1b43643f413a80a71077482390a1daa7f187
2025-11-02T12:54:34.602530+00:00,34ae85d5f6dd05a063c3b957d2bc3575d4bc517ed89c08548aabf6f23b01b186
2025-11-02T12:54:34.725749+00:00,512b0b821e2dd664f9b33d5234d5adf2640cfe696fb519cd8f281a1c19b6a775
2025-11-02T12:54:34.846803+00:00,0bb133313187732f531ff2976cc48de761f2997db29e4d8550db03baddbfd771
2025-11-02T12:54:34.970272+00:00,d43befa5bad21d878be8e6af2a717b989f7b8902a3d6d22fecd5711baf545591
2025-11-02T12:54:35.093018+00:00,0509d64fb861757298c2fb7859e511973b710e1bd9bb5ae7efb28b6f037bb04f
2025-11-02T12:54:35.218205+00:00,5ab83351a8d6479f383e2c539c2c26620d2686d0eabb8bffdc200447674102b1
2025-11-02T12:54:35.349204+00:00,0fade07067877eb9df50b79864ca9a2f96c7bf321edbccd37d9304c64a61e6ed
2025-11-02T12:54:35.477690+00:00,1dd9725193445f0738ef280435466424208935e616dd8104d493640597edf891
2025-11-02T12:54:35.603379+00:00,9a0c9abdcae8039881d673f3d25973b35e0f3b5f8612873fe6e6981cbf0b0d03
2025-11-02T12:54:35.731849+00:00,1b613c7c8108b26d692021ddec4f8f182392c183815284378af02f451d524cb2
2025-11-02T12:54:35.854833+00:00,fc087c1567264678d76d48d5ca9b648572d67211e556089f303615460f40a4ca
2025-11-02T12:54:35.977466+00:00,c4d9f537a555834541f2ae3f3a1465460315e9b5a4ac03ba0eed0c69a93cbce2
2025-11-02T12:54:36.100027+00:00,e607f9fdec4b046ec5fc4e0c66a0785601d3d6de7ae2caadb3dbc1d94f2dcebf
2025-11-02T12:54:36.223492+00:00,8ac3d13d1c9277c4c706fbf0a1ea179811c39e52bc9fcafb886f8e0af2d42c90
2025-11-02T12:54:36.347877+00:00,dc2ecdad066009a32240bb0d2420bac58c72046bc1a5a6917fcaa950494e32a9
2025-11-02T12:54:36.476100+00:00,0a6523e90ab8c1cc99b606fae9127b16c822e446949953bbc08db4347f56b5ab
2025-11-02T12:54:36.616551+00:00,ccc8135e9a94feb7a2c9ebb3555180a84a5b4cc368300eeb2a90b69eea8aa546
2025-11-02T12:54:36.749259+00:00,d3af0912dbf9996b7759f3bb7a5634c5c5a231140c60d97e00a83b395c4ad851
2025-11-02T12:54:36.881408+00:00,619f28353a0e1a19c2a4a1c71be5dd1b2d50fddb9557c3df256d748d428ea7e1
2025-11-02T12:54:37.010502+00:00,013e9fa2fb2120f01ce1c4c70f928b44046af5f822958bd9e063779f59215b1f
2025-11-02T12:54:37.132365+00:00,10d1585e5659a744e23ab465293777929ce7c10f6b661458d49adcfcf7ff8f32
2025-11-02T12:54:37.258448+00:00,a08d961e7f569e1a048e4af9cfc46f282ed89b91ae0c8b9531f1727ae1ace6e5
2025-11-02T12:54:37.387510+00:00,4b5eb55d7926a207e95f3781299aeb4698236803d098de17916c7aaa6b3a279a
2025-11-02T12:54:37.558371+00:00,39dee6957b007f117242f59ef43adcee0bd8b0d6ab3c85f011df3728af8a0157
2025-11-02T12:54:37.884436+00:00,3fecf4e192858546973320e2b3dd62782ea39d0d27438d25da12c770c7f4d152
2025-11-02T12:54:38.012971+00:00,8d162a57201a95584df5f63cb55cedd4dbfcf478f328542e54faf4f9cc0d0420
2025-11-02T12:54:38.136698+00:00,ca8fcbaa502b115b25d004f2e0caee1632edc4307b9d7deaa86619d3fba634b3
2025-11-02T12:54:38.260474+00:00,d3408a25fb85def26613f2d4d306061c45cbcb843ca40ffd509bbccb3ec2d959
2025-11-02T12:54:38.385087+00:00,4441af1bbc0503cc668c9858938439066d2283b770f4b12123771053958d4b2b
2025-11-02T12:54:38.513357+00:00,2cf2f3c979123a2c0a6683500a1a620862116b840965a2ddd0dedd50eeaeccde
2025-11-02T12:54:38.636487+00:00,43cdebc7cc307543aa0bbb52ffae14c5d831694bf30840580c19f89d70d6bd13
2025-11-02T12:54:38.767763+00:00,b067876fb7d1e2d53ccbd3d9359bee1dd70c3a7a79cb5d935f28a0a5268c4f19
2025-11-02T12:54:38.912355+00:00,141d52f4ebf5b880bc419683044aef830d77c29ebf6df3717a3d0eed075b7b94
2025-11-02T12:54:39.035488+00:00,6b6cb59f089fbbe044e3ec7ba86038dab3af04e6ccce9bf2e3a19d16676b1d2a
2025-11-02T12:54:39.161525+00:00,573e0a92918c50590779f24ef1802606d6c43f5713c80cb240c9a12dcd98945a
2025-11-02T12:54:39.289295+00:00,170128ad42eadae8e4315c5be264ddf127aced097f0cf66b92d1025f1f731466
2025-11-02T12:54:39.418370+00:00,199b5d72d58f5610660560dab6fd76d4da4192d56965f2ab3ed1ce1c2f8c0d4b
2025-11-02T12:54:39.628163+00:00,018051354ae99c3c57b0e19ecad217df6cce9492497a14fcb88035afe518eb74
2025-11-02T12:54:40.097660+00:00,fbd5e2c2ce14dfc5b2c106ab22ec48788341fb5a83784d043a337e137b6519cc
2025-11-02T12:54:40.226239+00:00,8820c25f3ddd05300459614b411611647ec71df72a7b4231c0825469516fa1fd
2025-11-02T12:54:40.354955+00:00,7d243c23ed57b5b1fa5414dcd4415e2dde539b99e256dcbf640eba1a655b08e3
2025-11-02T12:54:40.485735+00:00,d4b1896f31c527275d1e1277df1b1d633a2f9066fef591fda17bf98f42617d45
2025-11-02T12:54:40.611662+00:00,11ebeced469c95ff8197e8f4e840af427ed9a87cb5a7030b4f12978f3c8c076b
2025-11-02T12:54:40.738726+00:00,e441528b85fa4f640b072c4343b8dc2ff06cbfadf00890cc2912a2655fb0962b
2025-11-02T12:54:40.865706+00:00,5fa02f1a5b68b33936ce518aa8df0858f4ebdba8aa57c94fb630f4e362574775
2025-11-02T12:54:40.992254+00:00,6eefa9ae3000ba847ac6075a290d95d66aff0580892618ca3cf9ff4a26dd7624
2025-11-02T12:54:41.116029+00:00,6f3c1a810516c3e798d52916df75ec898d8b2bbc557450c8f652c8a32952d6c9
2025-11-02T12:54:41.243326+00:00,192bb6b57590242cea11a15c5219c61a444b704253a5e1c1bbef554214637434
2025-11-02T12:54:41.373196+00:00,41810aee6e851e05ff394e7c9d6b9bb3cc41623086b596a19989e998ed01cde8
2025-11-02T12:54:41.506552+00:00,658b72ea9a2b3e23378f664fac839c2247075b214e11622dd312d88b74865f36
2025-11-02T12:54:41.629707+00:00,ec87348b275045038bdf26ef2fc20ad896b3a86ebdd4df275df159451ff79465
2025-11-02T12:54:41.751192+00:00,6f28227741c19dab1e5ccd866e75a7792e160baf778b03411b7b164f12326260
2025-11-02T12:54:41.873390+00:00,147770d5a678dbeb735e3ff0fc8dbb60a90d50cf119d54e48e4cb67ecadabfd5
2025-11-02T12:54:42.004868+00:00,79b18e5979be9ff78fa8af53e485e09eeb46089cbb004b174fe42aa230edb14b
2025-11-02T12:54:42.198666+00:00,98b7fd081736d4653aeb1f85f19c86d532a729306916658c245f71093ac5080c
2025-11-02T12:54:42.329384+00:00,08c41a6dcdfabbd56cad57bc421f02a674db90e98e89914f93fc586b1f3f29dc
2025-11-02T12:54:42.454748+00:00,e7da24326ac853c11f176d3eb8d6a01c63636a7d2207e31fa918379d9dfd500b
2025-11-02T12:54:42.579385+00:00,8efc48250986a3ef5f124c803608a1c81a792f83fc03db04a910520b241fe69a
2025-11-02T12:54:42.702188+00:00,0b243d635d64e3b84bb584f97f8db203de30d9235ed98d8d19289820d252fa00
2025-11-02T12:54:42.825328+00:00,bf6c9a3ad92cf7e0d85afe58f2e6a79eb29754e1bd1feb83004b32d2d8da9665
2025-11-02T12:54:43.158173+00:00,fed797e467d36ca2b82b5b5ac147b52a4f66b5c4ddbb2d13ed1356b29135283d
2025-11-02T12:54:43.282627+00:00,4b9fb1d6c4b1172a82d81a1aeb7394858713e3f160a2b42085b5751129f56a75
2025-11-02T12:54:43.409696+00:00,bcc803ef44dfc802b66ebf7a569de3c85f145c6ef3c59c5abd0c14d91fab6813
2025-11-02T12:54:43.530612+00:00,320bc381f3524a55ead0d5bc94182745b0fc313a9bb5d5634db263830f43d8a6
2025-11-02T12:54:43.653394+00:00,32aa62dff1b2fa3def2c05f7286ef79b04f35eeb0cbb1a83af4336385c4441ad
2025-11-02T12:54:43.776799+00:00,14f80dded1fcf1d0187fa830a8cf893cacb9bcd78e3f311d6eb03a94d7f2b435
2025-11-02T12:54:43.901642+00:00,1664779e3322a52e28cc3291e0679fddf21e832e6f08de10dcbe4f4dd7c43893
2025-11-02T12:54:44.028220+00:00,7b515416cc6c6ef301c46bd5b482bd4e888722c671d5b78952a7af2c84f83a3c
2025-11-02T12:54:44.147723+00:00,b52b34ae0208f9289ba84b6bbdd95ceb490a553d95afd738b50f93ac18c66eec
2025-11-02T12:54:44.281683+00:00,cf86a4e50dd87d59dc854a8b80853f263d98f9810fe70d848b5b73c613ce92b3
2025-11-02T12:54:44.535869+00:00,10b2ff6f5f5cd71d9d3f9a5c7e501bf3e64233ab973edcdf12193016c8518099
2025-11-02T12:54:44.690614+00:00,d954b93e16ffd32c0f06c06b13c1f6a0488fe0436e0f5b0a08e172d1b8651faf
2025-11-02T12:54:44.818663+00:00,f5a663276aef34ea684925a9a583ddca07a273eef7aaaddc6ecadb4d96ae5439
2025-11-02T12:54:44.949055+00:00,1af65081b3f7ecc689ab33498c8e8ccfb8aa2095c8e0022fbfeb28cdfb898eaa
2025-11-02T12:54:45.078325+00:00,f46fba8a2a0ea88dcf0dee82a16945144eed7c82c3f0c58edef16d605bc92955
2025-11-02T12:54:45.207589+00:00,c7d8627fb25d7d622ad50b2f2362dbe85742ffc6af3c3eb4b91bcf3cff8e76ce
2025-11-02T12:54:45.339727+00:00,15e4e60c0fc6dee6e5f2c2742a3a363124bbf879a9e39fbc6a468c6a623ec521
2025-11-02T12:54:45.469089+00:00,724b4ec5681591b2d3de53032f90a3d8991adee20cf3b353bb4e21bd31b9a668
2025-11-02T12:54:45.595139+00:00,2a510b5b673dd750bbb4d69e2531d927a9c4f06e94af91dbd9bbea00ece1ee9d
2025-11-02T12:54:45.714753+00:00,89119c9369690bdb02df56c4a4d46aa816b38723925280b113ca4272965adf87
2025-11-02T12:54:45.853995+00:00,75a23ebd185d7522387047599f6f11f095c4c52d17f5b111a6834ec600b8a26d
2025-11-02T12:54:45.986486+00:00,ad521cfa2a89431b46431cac2a966c4efa285af82df853edcae1506d2ffe94f1
2025-11-02T12:54:46.113718+00:00,f935f8a05b7cdaa7e479311219f0ac077192d5b8cb5ffc33c10a574312fdf2a5
2025-11-02T12:54:46.240860+00:00,e7e196e0014739dfa824a4e228153cfb47c4312b824c1f0c5e9d3eec551c6619
2025-11-02T12:54:46.372159+00:00,9b19c8f9c6f094f1de63209be8ac647aabbe0688d27e81a279da4e4db43cdff3
2025-11-02T12:54:46.495484+00:00,9434f3ead051e1aad194425d05e8967b281388eab9be5c4d84d000c625504d6e
2025-11-02T12:54:46.619217+00:00,b7924ebf4f389eeed27588be9ad17219fd6141ab875d9243482cfe7ebe328f7f
2025-11-02T12:54:46.754063+00:00,f6314494dbea77a8838a5f2363bc2efa3e5098433cfc0827ff9c5d165497a090
2025-11-02T12:54:46.876964+00:00,7ad214bc9685cf4b9407024bccbfdc5c681c501d30c37927e1569ff2ceabc5a2
2025-11-02T12:54:47.001773+00:00,eb6c4b710bed56b62a0fbbf3653add9a4e99ab6592987e8ae1a4214664655456
2025-11-02T12:54:47.128127+00:00,9aa42dbf2cb31966013bde59659eb86756a675b396362844feb901175ac7289f
2025-11-02T12:54:47.253033+00:00,ee4a4c62237090786648d4d454630a9155171562b6a4253936f818ed37053fe5
2025-11-02T12:54:47.378780+00:00,57f94a3f5369cfbea03ddccce0c867dcdd0b31d0b677cb5eb11475018729a1cf
2025-11-02T12:54:47.544920+00:00,ad6a5cb8e050e63a717d74f22ff27894daa5f59f6c801efa7a67932ae8c0a1a6
2025-11-02T12:54:47.733852+00:00,24d8af510d4a48231b96dfbf06f4131532e1a3f3bdffa0861309d1de8d90d0de
2025-11-02T12:54:47.867766+00:00,07cdfd4426cefd29691722bb91313bfcaf3aa66a414d7ba9960b10ee17b8eddf
2025-11-02T12:54:47.991773+00:00,fd24f7bf93c1e5957e44b3944af467a119784b8f279a84b511e9b705cae7c23e
2025-11-02T12:54:48.120032+00:00,b3c20bc23bba51db8f00ce3933d8dc69537ca727dc0e4773b5f17c913e9d2712
2025-11-02T12:54:48.473760+00:00,a51d28f096f353c4da6f059503184059d2e06349a6f5b36eb319b92fa6e3fbe2
2025-11-02T12:54:48.607024+00:00,0da5fe163816232dcfbdc836146e1b1e9024a1daf4f0d081c195b17d640def72
2025-11-02T12:54:48.733781+00:00,af9248f2a9234588e96a686334e69e0e1ee89f2fe81fc16d5418ffa3e708f0ca
2025-11-02T12:54:48.867402+00:00,90f3671c8d7c81bddaecfacbcbcc88aa58598ab1211f77f726350eb19f677cc6
2025-11-02T12:54:48.988702+00:00,f559abd50e7865562070d8612e85e3e4021fdfce97831965bbca5f5b958dc329
2025-11-02T12:54:49.108883+00:00,d323702c01af0946ce4996b4bdc1185bd1652ae0a4ac44bf5086d79f1c55c8dc
2025-11-02T12:54:49.229937+00:00,53fb5c74d5140f062a12128d91d85ba8f9f3be675869645202a18b53fe3ade74
2025-11-02T12:54:49.352900+00:00,e2cce025a672862e74f96a65b19502ca93fc370d199e8d4a582a97273ae1a245
2025-11-02T12:54:49.586828+00:00,4c342156a618a9de152996137d6a3d3674548f40e8d5844c7387137530c1f422
2025-11-02T12:54:49.742163+00:00,5d7b4243de12120ff22e5375ff97f441c245e2643ad83f8439575bfc56380d9e
2025-11-02T12:54:49.871108+00:00,dc7da9d781c7e75d74124d7d807144a03bc2e41137973f7d759396b5b5ecc549
2025-11-02T12:54:49.992525+00:00,143a3c9822e8dc420c5b45a46f8e49539ed5005b48db2a7ee8ca3fb10251dfe7
2025-11-02T12:54:50.244778+00:00,64bf5c1992df4f6ca1004ca7c9435d57473a78dccd91dfd4ebb0b0f41726b125
2025-11-02T12:54:50.371864+00:00,d132c7966209adfc0167ea624ff46de3168caa18454acf1d3447f9bc0df32225
2025-11-02T12:54:50.500616+00:00,22b2eef904877d6745dcea3b0d400284518b05c31bdc59e6a2f4e91b61d9bb21
2025-11-02T12:54:50.627297+00:00,bf9337c721bf8955d7f68e2d1dcf44c5905f0242047e1f518061cfc15872bfdf
2025-11-02T12:54:50.752522+00:00,3ea899617f24448039cb8487323f0c7042fec15aa391e01b8544fc8259466293
2025-11-02T12:54:50.881025+00:00,b134ef062a549163e1b5efad383331b6987033dc39599e99671893b362ce1aa4
2025-11-02T12:54:51.003781+00:00,c3bddb7e49530fdd2c40f5b44153023cc424104dc6fa65e63f8d9c7e8d16a781
2025-11-02T12:54:51.124915+00:00,538f7e42d47552180cc1f5126783515e68f7b3da9b30d82149fbd369572b6d98
2025-11-02T12:54:51.253004+00:00,f4327e1debc46191085a0287fac930eab1a9db197c7278c88a8c4b1cd219e51a
2025-11-02T12:54:51.381099+00:00,86b4b31ee4f5016f71124922ddeae0a4aed4fc169864862b1b60ac1edd89f34d
2025-11-02T12:54:51.506547+00:00,b213eff7b2b016f14e23f12b4ce6231ec87b72f7025f2bc623f4b34adc432110
2025-11-02T12:54:51.640371+00:00,54f8a3141ca480a36d1061e46fd6787069f7ff633f0eb90f450be26a186297b6
2025-11-02T12:54:51.769364+00:00,14d09b246193e9ae124e63a2d7524a07583b4e2c903bed5fffcadfeb6e32218f
2025-11-02T12:54:51.894292+00:00,b65a9f930c66899c38c93b058a6de7c199ecaf3cfeec76bc39b5995027ab2c57
2025-11-02T12:54:52.017714+00:00,cad71238b1b78d95c016ded25fb245562aa4e05cc41dd210c72c661ffa29a2bd
2025-11-02T12:54:52.146770+00:00,2af60b6210ea29ba0b1152c4c410a335bacaab30cea7d45db73419caffa85a00
2025-11-02T12:54:52.276229+00:00,b633b4303cdfcffec8508ee702624d1fb7beab7312de90496a6de64615ab962e
2025-11-02T12:54:52.408375+00:00,0dbd12089ce0846fd3e3465ac210950136229b805d02f2e4a9cafe4ff51ba15c
2025-11-02T12:54:52.533011+00:00,8b0cd13fc187909654c8bd2fbb85a8467e35e82ca2569c659be950bab7d1d3e5
2025-11-02T12:54:52.659565+00:00,57d33e9641f14940fab735a023e0ff417f4f6b15f548acd550c8ad0e7d4c3cd5
2025-11-02T12:54:52.779830+00:00,8dcffe995175e850791c9b25f93406a6cab54df2f9e51002da4d19bb6f41e2e5
2025-11-02T12:54:52.909607+00:00,087957bceac140c3f86081cf75f38a025be79ab8e58136917dba2d2df17445fc
2025-11-02T12:54:53.033108+00:00,cb231f3f24722f94e33dd18c325050aa693bb93bb4c48e1744333a09df0f953b
2025-11-02T12:54:53.158455+00:00,d92335d458e810d88cb59283cb884a88bed94fb8bf916e2fa4208c0e8440c7c6
2025-11-02T12:54:53.284413+00:00,3340413214f9acdcd976bef74559d90b549ae5b4f8c6eb57039744533c91821b
2025-11-02T12:54:53.407481+00:00,4d84c20fcf223393a8f04aea5d11deae75ed6ec189913b73245b22c6a3384280
2025-11-02T12:54:53.750628+00:00,dbe8aa56b10dab0c4bf8be2bd160e728a22c4ffeee61a96404993b1274b20e49
2025-11-02T12:54:53.877646+00:00,d45d420f5650ac1d74ae616ff44c2755e05d3cc27a5eebe90170c536b271ba9d
2025-11-02T12:54:54.000044+00:00,f7f2e3c7dadaf03bca90bb73cdd767de4d4312f3e4b1b03c3129c37a59aae0f3
2025-11-02T12:54:54.126214+00:00,2f34d6972368efc1de69e31ffda16a0be21c3323540a447faf6be7db525e4314
2025-11-02T12:54:54.248939+00:00,b093c290486116600fa498a82e6f9260ea27f06e39b66550ac49a3a2c09f58b2
2025-11-02T12:54:54.372732+00:00,7f536f80b9808a0a463cefcb7618919aeb09d1f73b0cf29598ebb52f4eb3ed4a
2025-11-02T12:54:54.501230+00:00,cbc9fa6f5c1f89718d655c24662ad837eb5279fdacd29a47881e8dd19f84b54e
2025-11-02T12:54:54.629407+00:00,0acc898724a7cfec517e15ec6cde4aa9d4aaa2b28d53d6bd135b6a45d548c685
2025-11-02T12:54:54.756853+00:00,23a61e4b84475501dacac5a60debc60cf7b95281dca223499c3479fb63543ba9
2025-11-02T12:54:54.890116+00:00,315e9f5db286cf80d84c51f915b8f718d4752c76dcb9dbe536137af34287b47e
2025-11-02T12:54:55.016276+00:00,2e4d2a13e9daf0914c2a24f4570693b1a4d8bf3b8c9614b3e53a04d6629e9cd0
2025-11-02T12:54:55.147064+00:00,6b5e0af80d9a6b75e590c475c21f0c83f05944ff67e94e2f4d48d9882ed465ff
2025-11-02T12:54:55.276031+00:00,2d4079316287d3c1785e1c6c8659cebefe384770a36650079d3b3e9746f022b7
2025-11-02T12:54:55.406045+00:00,1e8ab68e90b2427dfe45e6d2c0499b66b9ae3117285ec14f85fe1fa2a72d9bcf
2025-11-02T12:54:55.534124+00:00,43c9186865b2279fab03c61d878cd37180e219f5e6f3daf47cd0cbaecde246cb
2025-11-02T12:54:55.662038+00:00,f663ff6cddabff4ccb54a34d7daca6cf18974e9e2b1f6974ac08bf6e5e934fc9
2025-11-02T12:54:55.787738+00:00,727f084f2163cad18786a9ec7585c39684faf46cc030231e3b15fa19dae77a1e
2025-11-02T12:54:55.925177+00:00,2f92b37a097e6f3915646cad0f4ad988033b0f53c36dd3e6bfbe127624248c0c
2025-11-02T12:54:56.055649+00:00,c916173587d7b2dc98d8bb0f44d64d3af71e123b923a8b3424981129763e1959
2025-11-02T12:54:56.185418+00:00,77fb187dcd8fb9467d400a1bfa28c41ceacac9d0be0d93eb09851ea42a4ba361
2025-11-02T12:54:56.317167+00:00,86fc8b9ed4e8abc40834e0174dc328869673116ecc5b9de86c7b01348c372d8f
2025-11-02T12:54:56.447203+00:00,cb3269ebca2d0e7edada269a63d648830c5ee60cfd3a9297bd006e80fd63ec20
2025-11-02T12:54:56.570376+00:00,66a5a252f2bcaf5381c687bac1643893fff2607a6fd540dae4651ff9d7b2b8a8
2025-11-02T12:54:56.691836+00:00,3e6a9032d6b1bab2a095d2a7e1a53cd8c1e8e5115c4ccbd4ced26233e3cdb9cf
2025-11-02T12:54:56.816128+00:00,beddae1d1600af40aad84159e648dd6bcfd083967ef1fbd2b84d40f39db02757
2025-11-02T12:54:56.935871+00:00,ddae544dace0b31cdb4bb4720b6d516c20d9bf251fe102813c6d8933ee57aa46
2025-11-02T12:54:57.063266+00:00,28bdf68b9f9bbf0e3dd9feb503ae6893dea3171aea1af1977066252cf5af77b6
2025-11-02T12:54:57.194569+00:00,3d72119582ab0b27ccfd3b2681195f9a265f40c73d6dffa2e35b9e601ab46539
2025-11-02T12:54:57.323003+00:00,5e809aaa8ca5f4e61b730a58e3df5195b07442c1992ce809f68d7a99ddff6470
2025-11-02T12:54:57.490309+00:00,4f8517b6bbe89ddfb727e3e9a9a26572207730050d3b307e7958ace8a7415f47
2025-11-02T12:54:57.630326+00:00,54a9a6d3b398d0900dc13f4269ca7c40ccd81120d93fd12980d76cdf658d3c0a
2025-11-02T12:54:57.759707+00:00,b5a595f657be5c2375a8d6af6d6169c659aa2b7fa710be81a3424cc1ee23f537
2025-11-02T12:54:57.881277+00:00,117bd518dbb3a4fe46e77cafa018896935db894a42be1eeec92a1e13d81003a0
2025-11-02T12:54:58.005188+00:00,1d70d128c7d6b6b47b59f76e0751a92c7758dd859d9ab59e9f440c2153f58c8a
2025-11-02T12:54:58.126495+00:00,7c508bd746f4d2edb3ec7e988e21994d9d7f4f20d3516a84673c13b9446e8aae
2025-11-02T12:54:58.249850+00:00,b11eecaac8e14a4642359dcdcc093b632745add65a8636ac34e1e2df1e522942
2025-11-02T12:54:58.499336+00:00,64fd9caa2ee99c8c648ccc74e745f22703536e7488fb9d3b3f51b3aa36245d69
2025-11-02T12:54:58.633797+00:00,2a8a8bcee101dd37f660db532060f263e6de1fbf0a2ec3c93202f31ad3cb463e
2025-11-02T12:54:58.962328+00:00,a8ab15a83e9dda3cfc29dc68b58120738340287b6462a8486ecc2175a761f266
2025-11-02T12:54:59.178421+00:00,fb5bf1844b67fa8d70bb5452cefebea543e1c5aee4a0df10aae3d71b345a2868
2025-11-02T12:54:59.303382+00:00,e52b4959908115b83fce92c683944613accf851c01d9ec670b9633916e455148
2025-11-02T12:54:59.427196+00:00,f7d7209771e1cacce024e728dd0422106345c0ad6ce6e02f0795dd42bd6e2181
2025-11-02T12:54:59.553779+00:00,a6dbad9f8d4c889ddfb46ad2e059bb598f344be5ee39d698917886887f878e0a
2025-11-02T12:54:59.689920+00:00,1718970a63fc7b56c5e329b7be7f4671fd8da876ba51efc561f9892be2502019
2025-11-02T12:54:59.814762+00:00,b2bab2da627a38bd772909a7da57ecabcbde1454e44c551bfd48285c522f7215
2025-11-02T12:54:59.939526+00:00,7446b48aa370ee7622466a50363463d1455f565f3c21cd607fbdcc3bd0cd9df8
2025-11-02T12:55:00.062053+00:00,0b05df71e746b0271a07c80529cbc660f644e6bac972924d23c7feaca01851ac
2025-11-02T12:55:00.182346+00:00,6f2ecd4e6eb80e9afbc4d5429462727aae6b51fef946e7526cae01c1cfee18ef
2025-11-02T12:55:00.305157+00:00,6904044aebb43bc94b3bf34670102d2e7b21f98ff592425709a0cb26cd75fbbb
2025-11-02T12:55:00.428075+00:00,e6ba89eceecea47231549bc415bc21d2190d3fda4bfa3dfd73e86ca2b8103d6a
2025-11-02T12:55:00.554893+00:00,3671e3224e56732a13bdd885210067d9462dd1a73af75f9ed039bb4436412c18
2025-11-02T12:55:00.682705+00:00,b41afb55c62a46cf7da45a2cf45deabf3f375a3009b4afd190d68a576cbb6740
2025-11-02T12:55:00.815551+00:00,99aa4d0a54412cfa6fa609744194490672b483345e9943a265d950ffd37b94a7
2025-11-02T12:55:00.945185+00:00,ce5dd61a0cbe3adab72632b4562693b441e597c1243b133e2117bba889b069f6
2025-11-02T12:55:01.071526+00:00,f4e9d913feb33e540e0d557ab85eeef1ac9c643ca9fd0435acca7380eca0cdbc
2025-11-02T12:55:01.200006+00:00,735513b0266103eaecca482781510af35037c5abed83c9ebcbf65023165689a6
2025-11-02T12:55:01.332558+00:00,b3afbcbc2063ee79fd41c1002040a3fc02a549c6840eb81ba417dcf144572be1
2025-11-02T12:55:01.454249+00:00,e48f7438f2f8b25058b7cb5e11daab11aa7c6b3edaec8f42304859b19c4774e5
2025-11-02T12:55:01.577314+00:00,58b8b27d909ea634847298768005811ba6a2c86a9857ef16f828b68aa8ca04cd
2025-11-02T12:55:01.705301+00:00,c67a4c0509d91188fe4101bbeebd30b41d7651723659cd4b1ea04609781efc3e
2025-11-02T12:55:01.839253+00:00,b8db3681122b17295d410fbd3f3429b8630f6f05b764635da236110b008ba61f
2025-11-02T12:55:01.966505+00:00,30bafc7e8eee3776d8cae1392403c9b2ac75b35b4e01dfa4e84e17dee6fa717b
2025-11-02T12:55:02.091370+00:00,6820dbdb31a509c4d360bc60477c02a900b75619404a664bfe676481b05e1021
2025-11-02T12:55:02.220959+00:00,e64aeb360deab37a138ad2b4e94009a0547d5b3f0611cc8e0b09872c2a40467f
2025-11-02T12:55:02.345615+00:00,2f77db179216dbb4f5f85e9a05f032c083c8b5c1ec629adfe35c280dc69ff7a1
2025-11-02T12:55:02.475145+00:00,2a69f1c1fe94e5b2c31826e5afda3ef3e0c09a2cc6bc51930f706929d2a77576
2025-11-02T12:55:02.598578+00:00,9ac2d7bed3fc4e1d75dee89edeef3216175128f3535339b6b294ae43bdbc4b3e
2025-11-02T12:55:02.723341+00:00,5388d16ea06eece1bf458313cbab567d58c40b48b84c467e69bdfa89bf002845
2025-11-02T12:55:02.850838+00:00,2f6e49dd83d4b02531e9754dbdcf6645c03634c7e08d964e52386cb133a5873b
2025-11-02T12:55:02.972952+00:00,268fdf4b04bd2c38779d8d366ef95703f6c4cb64c94584078d6411b2a39459d3
2025-11-02T12:55:03.097840+00:00,6eb7030dde68051a26a5d25846dd5173b2cecc5a47ff44f376b8e3a04e1379ea
2025-11-02T12:55:03.222241+00:00,4e213d5b58b3ce50106c5c1a41fbdd7444658cee43d990ad51601a5dd2a55b6d
2025-11-02T12:55:03.345262+00:00,a30823bdb6b9255ead5ed126ab1fcf946b75030e17b09eb0323c317d15aade04
2025-11-02T12:55:03.478459+00:00,329750ef138eaa914f02233e72e3bf601213efdd4cfb32d9e3194d563bcd66d8
2025-11-02T12:55:03.606955+00:00,44623d87a33f4c8cd186c3c60083b62b07b62875ded340bdd848d9ebf3532aa0
2025-11-02T12:55:03.742769+00:00,2d3124dab6ae2fb91177135568ef1341fc68435f5b45ecaa05a63e5c71d7c4d3
2025-11-02T12:55:03.864464+00:00,f31749bdedeb8c1218cf49cc24121c781538d06874c3cc1486f9c6a5b22c464a
2025-11-02T12:55:04.193895+00:00,f48a08d5d0b0ec812dedf41c5561dbde697d127ea970aa87331fe6861f2d9e79
2025-11-02T12:55:04.316556+00:00,18bae0f1e0dada18cb9b90b065e1985e25c846ac5319a84583e029ab8fca2365
2025-11-02T12:55:04.437061+00:00,dccc03b4cf930bb3592991e8cf983443e98173bf0dae81a2e00b23a6d97aea01
2025-11-02T12:55:04.558113+00:00,c263bf6d8d19bc6ab76f78f2b7ad2eba99d7d651530ef5a5f2b70897c2d2c4a4
2025-11-02T12:55:04.679822+00:00,0fe7653dd4950eeb2c8a375f506c110e8621f49ceb9ef05e02812034f950dbe1
2025-11-02T12:55:04.803328+00:00,113aea9fd998751c89d82f8fd25f41061315d1a247991e12a4388b4ff47e2d65
2025-11-02T12:55:04.926650+00:00,9f84bc314450d6328e59350d9bd2f2dc90b193c6492d8e4c9ed66a0bd90fdcfb
2025-11-02T12:55:05.049999+00:00,9c481c63acac6b7fe542cdb644ca31ab66c87c9ed48743ff3609647d601fec67
2025-11-02T12:55:05.177717+00:00,97a0f07df3c2ed6395bb75c38d6fa8a6460673013c959dd57c406cbbff96b9be
2025-11-02T12:55:05.305864+00:00,5f3b58e75222177abd6ffd81e0dea9d0b8da35685574698766681ac747b0f095
2025-11-02T12:55:05.432948+00:00,2d1fcd252b7bd9fce15f238c414167a6a0ae054748ddd6eb8fe7fcfefad7f5bb
2025-11-02T12:55:05.563143+00:00,6df248c648086b5c7d73b64dc470e5befd1908c8928ff243824c65d71b3b1096
2025-11-02T12:55:05.691299+00:00,76eef5fe45ff4752856d3e49f8a562a9bc1162d6fc76099b0dd07c23a399766d
2025-11-02T12:55:05.818503+00:00,43aa7209e0816fd19a2169b0d67714b8dfdd3a54d199938e7a21b4cf87e56c2e
2025-11-02T12:55:05.940872+00:00,e4e16965a8e88805b014a05f4eb66477951a80db3e377418cec37463554ef7b1
2025-11-02T12:55:06.065442+00:00,6e9db2db6ab3f4116d25bb07906a94c8a44cf910f8545853a73da92cac365357
2025-11-02T12:55:06.187800+00:00,e0ee5f54f22b093c53000024c7b090a7ed361883e8d0019919b54d52a6198b5e
2025-11-02T12:55:06.314766+00:00,b1e6b187bd59a3650f84d25809527f92f910f1d833749b5a363250ec72f88221
2025-11-02T12:55:06.443849+00:00,4a1e641387cecb48aa154b553ce5af392126eb9b394903c1150b0dd0252dd30e
2025-11-02T12:55:06.570229+00:00,a985640a09a9fb83b92b3afa9e60c974c8048e91770631aacec22b6da9666a58
2025-11-02T12:55:06.691844+00:00,58f99461a8fa88d29c4c57bb308b087fc9c80ec3a5dcfaa73751159f8a73654a
2025-11-02T12:55:06.818367+00:00,1cd967829b67849ce905444cb97d0fed51970110892cff5765ad36598a1cf7de
2025-11-02T12:55:06.952604+00:00,32092582b1c4d975f337a33fb6bd26674f1c3e15deaae4b041b3a30c365f3e07
2025-11-02T12:55:07.081887+00:00,6054006a7566e5035ce826070af6048f1c246871cb0de85d7862fa44a3648420
2025-11-02T12:55:07.212542+00:00,32797efcf69fd9955ab6773d9e29f019a3b49b33f35a14c0b474cf89c7339578
2025-11-02T12:55:07.343225+00:00,39ddcfc0441c5627170cc3f88fd9bc339699bda9a2cc9463a76a074c684bfc9b
2025-11-02T12:55:07.469526+00:00,cf08a75d89d2cb00856bb1d34432835dd250361aee374673c0a71d8b6c2f8ac2
2025-11-02T12:55:07.598355+00:00,845b0a1899843f091ba71afeac932890915ac9331565fe7b4d94ef33a33883c5
2025-11-02T12:55:07.726367+00:00,3629e329b7a5ad721569242e85887ff9094d1ba4b821e8a8ef308aa31825eea7
2025-11-02T12:55:07.846071+00:00,4ece1003714806b6cc52261745dd8b423869e9a3915cd2f69a35c5920e4d2978
2025-11-02T12:55:07.965359+00:00,705afd142c5bd549c82caa5423936ffb6cc225aa78a9139ca0bcfa95935bbafe
2025-11-02T12:55:08.086582+00:00,59825b0b7b7cf32495ca7896a922d9e7e7aa96fa441f3bd431796c98ab2bedde
2025-11-02T12:55:08.209123+00:00,0638033a58a9dabe9bcc9dc459b18acc76627cd50f922f148df6e4bcb294c491
2025-11-02T12:55:08.336165+00:00,77a827d2a626b1794694d259ac48ee4016c2e4793744b4578b76f85b490af1b2
2025-11-02T12:55:08.462078+00:00,c1917628f193470fedb0c6447d86498a1134ec90c06d7cf50eabde382fe76e4b
2025-11-02T12:55:08.590162+00:00,2921fa853eba5d6cf2280fa0d71f6d3e389db4ad873dd5f757a8511b27ca2e12
2025-11-02T12:55:08.712411+00:00,23852f8fd40038455e4790454098db402cc024f8183dd7578237334c4bb65987
2025-11-02T12:55:08.837514+00:00,1bb03915ca22a7e371b5cdcf18f38feacca2f3b3c75730e0acf6b5fb400dc5c7
2025-11-02T12:55:08.961959+00:00,b28d3969b5b3ec62744db2b9564cebe405b7079402f08d27aaaf71f7cf9caabb
2025-11-02T12:55:09.088642+00:00,2c5a98b7406524db880c20a344ae5e847b7f1b7471c04ea5b90a3d7c5a712fef
2025-11-02T12:55:09.465385+00:00,64bd8a2416ba95dbb276f6b449b665cb7b521cfc56093d45c51efd9cb33d0908
2025-11-02T12:55:09.597352+00:00,340f95fc60eda75abee995643949be56f6545ea38c33f2c4698dc809bf1e8f05
2025-11-02T12:55:09.722185+00:00,4489524512bceaa12852d0e103a53f30d53086fedfcd01ba3d9ae006e2d17d3c
2025-11-02T12:55:09.849060+00:00,46a1d9f0c3fdb11927ab573d94f989001337a55c98ae7fe53a34d10195ea125b
2025-11-02T12:55:09.982526+00:00,6e50f241f76325300699efba98e7f8051f4e6983e0c263f59f202a199adcee8a
2025-11-02T12:55:10.107512+00:00,77228e1cdeb82af99689ebd0a74ebf7a18fd7448897eaedd952072f962b2500e
2025-11-02T12:55:10.235127+00:00,dbdc01e23f5a4731d51d64c993f326dc1efe84f33cac105cc5645db5843728be
2025-11-02T12:55:10.359051+00:00,abf7df69a0ff042502f1dde992dfcf2fab7abd18513c99469e61bb03d9966eec
2025-11-02T12:55:10.486660+00:00,77165638626966f8db24a0806d230671c01f7f69c24088b614acc719cc321dd3
2025-11-02T12:55:10.609552+00:00,e7a50ff3c1b83570d0a3d3ffd66a0ba218ae1d7e44c5c0d02c13f8cea7d8424a
2025-11-02T12:55:10.734978+00:00,97d3550f72f33c372f2a8a0f8108c41f0c4e3f8c85730699c63c12af1f47ad0e
2025-11-02T12:55:10.864642+00:00,7f361efff73372d1f1fc3fa12be21b38d1d824219d83b1a7ebef74dce4f7cf08
2025-11-02T12:55:10.996622+00:00,063341e12522b26de1ed3737669592804c0c00494c391785ae968f8c4784ec0e
2025-11-02T12:55:11.130114+00:00,60995e6a654dc3b628787be4e772b9d0f3aaa10f0146e13e68a127dcf4bec3e3
2025-11-02T12:55:11.253623+00:00,c670e2fd08e690643e3108582a3b7ea022e1eb94d914189afe7c23f8d43944d4
2025-11-02T12:55:11.378231+00:00,312a340c1937c02ac86353f49c753ca7aeb5ab9a96fca6bc2c36d8f79f3dcc6e
2025-11-02T12:55:11.499358+00:00,21f403e3183d2251d38b0f1dff81fa21e820e753430103b4bb35d055f036a59d
2025-11-02T12:55:11.624112+00:00,d86ef006723e4a5df8656e1d8e28dd0058dad780cdcb25b018ff0f0098107219
2025-11-02T12:55:11.776858+00:00,005fd0e186d4e1c715168f85b93c7b2b2f4c8a0a53b5461d8879a8ee6be54013
2025-11-02T12:55:11.909141+00:00,b880217c59c662ce336c404a3e3fe75463babb24fcbbf6d9e08e89d25a91997e
2025-11-02T12:55:12.032302+00:00,4fcca60e8ef15d51583966547eefef14db9f4c6ebd78a6a9bfc6cc07d843e1fa
2025-11-02T12:55:12.152332+00:00,dde6d4618f4f743477c0e9967e4391ebc9e8b994b641850a17299872b870d0fd
2025-11-02T12:55:12.315638+00:00,dd21b1dc54b1db93ed5dee12e96820efc7127b6b7f6bbc5dd6fc9f837a830185
2025-11-02T12:55:12.444511+00:00,9cbe723a3687a36bf0ab086343e48b379498615f7e3758adbbec456cbbaa6de1
2025-11-02T12:55:12.569461+00:00,382ea9b28a97657b7459e7200c1601e1024db211567a0f28a352b51aaef2b446
2025-11-02T12:55:12.690295+00:00,7eeab18398bf17b224f8df9e43f1dc35f09967af8a1f80b2b4677d4447d99feb
2025-11-02T12:55:12.811437+00:00,8d9a1e786080ee6f1b2ae7e3806815c364d8eabb2d87b86c69be275068f2e3c1
2025-11-02T12:55:12.953223+00:00,d93ef6df971152d6773a8f98d071dfa869815ee14a942c16668521c10b6242fe
2025-11-02T12:55:13.077567+00:00,bcc1e1576025dfa0066068ea5fc21268319fbd3e040b44ec35dd581b40037fd7
2025-11-02T12:55:13.207803+00:00,af82e94f83049f8ee29ceabc3d4e7b20380a4c62e734127af7a946dca4e35834
2025-11-02T12:55:13.331089+00:00,cf7d83108c5cff7d377c8dd65308158e9fbd44dfc89b69535a2b602a8190c328
2025-11-02T12:55:13.459123+00:00,6fe0aa1c8ac7819c0ab8d5da9fadc043d4a8c5d0a497675988074d274b403846
2025-11-02T12:55:13.584004+00:00,2ff1c36ab5c73467f56f05b3bcbe53a4c0ef8833b57b29f9320bfaaaa7221886
2025-11-02T12:55:13.707209+00:00,84e2523b63169a113667013f3ac84f9f24624f0978bb1d500e5e644e5512d1c0
2025-11-02T12:55:13.838076+00:00,3a5d6384d313cb17d9375e4881153dc33f6f9b89c969421e4cf030ce67afad85
2025-11-02T12:55:13.963328+00:00,66d14bd7253f052d63c25381e12b463ac5a8dcbeb611daa01c897dd899039bae
2025-11-02T12:55:14.090888+00:00,8a316e59a1c1fc378a296bf66183004d84d5bcd4b5f4b43daa886c0f254b5a01
2025-11-02T12:55:14.217641+00:00,59ab63833c08129bc610391d67038492331ef9cc90173e4d03943ab71e159bc3
2025-11-02T12:55:14.352087+00:00,9d15aacb306bd3705171c3f5a49485f0c0c25e019ca52e83fc14a4f54f0ffcef
2025-11-02T12:55:14.695389+00:00,4ab3399188fb2fbcb1b7fdbd0596679b2021744f6d976e4c793c2a2cf95d8b01
2025-11-02T12:55:14.816828+00:00,4c8640ce077029589e1967ba7e2d0ed5fcaadafcf56da9674821bb6a321f8083
2025-11-02T12:55:14.941726+00:00,59bf44401626ae1fa5160787cb75ccf7ba19e7b81b2c162af829bac36237d24b
2025-11-02T12:55:15.067752+00:00,b52c2c37bae8aeb81b03ed211624a31baa02829429caa39aeb147390797a3e92
2025-11-02T12:55:15.198520+00:00,b77594966a7b439b654b85b887b4da3cee21a6050089c16a681d955674e99bf0
2025-11-02T12:55:15.323222+00:00,ae233ca9465ffc45ace8764a05d569def4c2dd5107c1d1ecc7d5d43adfa4a005
2025-11-02T12:55:15.448579+00:00,47d1758754b3970c5e7c0b81d853b82c2ad21bb652f99cfa87c43337df74d79e
2025-11-02T12:55:15.574215+00:00,65658796bff4edbeb40385f6c738fd60fb8a3a349aa0e3457ffb35f309754682
2025-11-02T12:55:15.704107+00:00,1fe1d4a03ec7358419ea43ee19a7f673b51c10fe6b365200520fc5607cb212b0
2025-11-02T12:55:15.829059+00:00,600bfa4c2a35bcbb3b3930c0e8a691aa58f41606f842439efd8997834bdd3f51
2025-11-02T12:55:15.952915+00:00,de4b05626e7a7ab0fa6b9afe3dd691e9c44f497883c45102d68af1c10a85bc80
2025-11-02T12:55:16.082499+00:00,d1b15d4e074481c53e90954e4ae0ac001ded2422333ab109f5b4740c189b43e5
2025-11-02T12:55:16.204578+00:00,175d1b5a5e6d214ce2f8fa7a39af242e7b4b841e8a657cc3dcfbc251f7c3275d
2025-11-02T12:55:16.323757+00:00,0f3922cf73e661b03745d94d44c2d4a1959af06917d0aee39cf9d8ecbc99158a
2025-11-02T12:55:16.448126+00:00,ffa319ef0fd4cbae083c45add2269b853fa9abb78b8bb68659dbde155ddc19f7
2025-11-02T12:55:16.573115+00:00,97b0eb7f8352349674879ca8ecee7040ec61076a8dec7d13f44eb36d9d12a203
2025-11-02T12:55:16.696295+00:00,3ce759ecf18f9d26b047d503bb1fda63b69a82f0ef1c5d581819534feea5d1c1
2025-11-02T12:55:16.816785+00:00,2cd769eba5a5e9874760b9f68a1ce67ed228a1107220f00c43dab8cac761695c
2025-11-02T12:55:16.943061+00:00,a9040db7d4adfa857ca99f3f4144b9d7413702e4b97ae77e6d987a9d722a1577
2025-11-02T12:55:17.066404+00:00,3af2f042715b066e9405bb90adeff708e0c0b2369cc2dc9e63f5181a291538fe
2025-11-02T12:55:17.187796+00:00,448e4a41a874b2c4d7a2becddcdda4301e4d56d8bd38833e3fab9f17653f12ac
2025-11-02T12:55:17.317167+00:00,e9cd025c13a7e83ee5be5ff543b42ead7e045b67402d40d7bb379071025ec862
2025-11-02T12:55:17.443445+00:00,b9449f358955f686ac13d0ffedf0f65942f009235dcc308332aa68b01e34d4b8
2025-11-02T12:55:17.588773+00:00,0688557ff6d22ea094858bb3f35066340b698114314e85eb6005312de69618f3
2025-11-02T12:55:17.712348+00:00,d38b35f5be36f430c66fc2a34522a9124581f4153c985e1b6874f373183ea839
2025-11-02T12:55:17.830596+00:00,e7f485d311706b907215466283516110eb17d4b447375b0d08e22e710555cf90
2025-11-02T12:55:17.955250+00:00,7fd7a7fcf461c6f3e8ea668f1bfb5d73bfdd910aa101cdf8ef7fe1c2e866f529
2025-11-02T12:55:18.084337+00:00,63af4d6fa9bfb8640a5757c6e7f30ca29a30c28662233cefe8e4fb4687187376
2025-11-02T12:55:18.209749+00:00,6d0bc6a317eb694a607b474baac2988c0eab15794aa6574566eaada849b19c28
2025-11-02T12:55:18.330151+00:00,813b7d42c5deb330070b0abf30828694403393fd5ff3b159c759b6cb08339d85
2025-11-02T12:55:18.457561+00:00,941eab7a4ff0903922e34e468d17f7f93816d6187f3294b2916d6e97761bbc3d
2025-11-02T12:55:18.583154+00:00,44004528da69ffd3bf1d69803406a0b41b3f7d30619880226dbf8d2622f32713
2025-11-02T12:55:18.708050+00:00,979f9076f25ebe2a7b84436c8bef807c8324690eb2720fbf19e074a89e127ce8
2025-11-02T12:55:18.835552+00:00,92010798eef516814fd24cce185b790d6688629f5812255b2e39b5407cc47d3e
2025-11-02T12:55:18.956655+00:00,463f7a7d2cb2cc35a18a39070dbb59563e6826bea4a51b288f771bbb98253fc3
2025-11-02T12:55:19.081558+00:00,c942742b001cce50d2d753d3345b6ea139da2ad17a741071649b536f7b184ef4
2025-11-02T12:55:19.211318+00:00,595c9b5a137ad0f5cdbbdd36d8c9e4fa28b09f48beb422cf6dd7715c541f7474
2025-11-02T12:55:19.338737+00:00,1d5eb3de6680e72cd0cdc5295856034c72a7b2fd57ed48b9588f6bdf4ba372d4
2025-11-02T12:55:19.467424+00:00,1f1d959f1c3a533e48ea0ed7524ca60cf7defee1accc106cebf69a85f6cd1b32
2025-11-02T12:55:19.595127+00:00,03e1cbe11b9a2a91dc2410c1bc1b0b0ad32ed323a95728dd8c354e32ed9784ed
2025-11-02T12:55:19.930457+00:00,c3db79b9ccd5f7daa9cb14258d26a5939fd448136ff5595daea31a33487c21b2
2025-11-02T12:55:20.051506+00:00,4a9eccc31c99fbcdedd6c0297f810b6bbd6d5188ab1a3361c6b100168d549530
2025-11-02T12:55:20.177192+00:00,33377628e8560737efbfe7a2326662ed92fe3cf2af90dc74ac97955353a01719
2025-11-02T12:55:20.339815+00:00,70e91eacb2cbb408df4c8f9cb238659ffb84640133937251ad5e01d71556b637
2025-11-02T12:55:20.464025+00:00,ecf5f5a4f39cad65361369a05876a985b4788aa1b7ba0e9df29fa8d081043f00
2025-11-02T12:55:20.586851+00:00,2cf1699ff3b9135daddc2a72e9f5bcce2b9e5a0137ffb5194de7b39196ff79c4
2025-11-02T12:55:20.714810+00:00,40c4d5c975782958b832caab67fe55beef0ddd7282becb10715d5bc1fbc8041a
2025-11-02T12:55:20.844126+00:00,61ad471d93a9b7f6497b185c07186f40f8020116f1d9b273aecf751e16dfa68f
2025-11-02T12:55:20.973468+00:00,e426e84a329105d85319b675b3a0c9015f93073feb951e4dc89cbb96a2235cff
2025-11-02T12:55:21.100619+00:00,339dab7fc4927ec7c01cc6a54119270a6d5524944aabc76005a0f5928b310e33
2025-11-02T12:55:21.222757+00:00,1117161e109860d66d57a08e2c22818ea8938b7ca71efa263c3e34e70982e8cd
2025-11-02T12:55:21.344435+00:00,a0003a6308f842059f3279be68cd3eb24e81c5efb11285b4950b9abbfaf9ff1e
2025-11-02T12:55:21.469384+00:00,630ebdaa95145e83ed572d4e1f7095cda48b3b7c29f9b443e4926a3d1b923eb0
2025-11-02T12:55:21.599281+00:00,47c1e037795d437a25ac17df26ff6ec5ac46e5ea1a362a53584a3ee436fdec42
2025-11-02T12:55:21.725612+00:00,9c4567be0080991bc33ea8f6f58e7470cfd404dbc0e3a7b2ca1a8ac28bce62e0
2025-11-02T12:55:21.850186+00:00,dd6990f0922fdedf27cadb42e949adaad0f53d7a4cfea7abd0c8265c9017b450
2025-11-02T12:55:21.975501+00:00,cadad1856c848ab3bd4bb7d7e91ea29df34486275a18e5b229b57d2381c38932
2025-11-02T12:55:22.098302+00:00,6f6813fd34c3924f5ed9625a273ea609adbec1122a8b925ab5fae5b7c26e0dfe
2025-11-02T12:55:22.224474+00:00,7d8a2dd465db71ad6a98b7c40350b68b9cbf2714d83cc303cc1d6e9fe58f294d
2025-11-02T12:55:22.344495+00:00,2ed07a5ee5691c1ce94c446a020ed5f4ff999bb4e492e237503afca7e3d1bc0c
2025-11-02T12:55:22.464324+00:00,b389c18158ad9e3ca3a98d319195ff6b3991432c1e16efccba40730744c3af58
2025-11-02T12:55:22.593206+00:00,241cc938afaff5db3d117b9397ff1662d861f8783a839f4062ac8e128adf95cd
2025-11-02T12:55:22.714280+00:00,04f87cf93dba6cc73d0029ef53aebf098efcc13dbc07e66856a3e198677fb33d
2025-11-02T12:55:22.839518+00:00,7d6d66139c6fea352353561114089589c66db0d88552a2b4bd4347b6be4cff08
2025-11-02T12:55:22.963403+00:00,bb37996305563fa36c6de12ce7f99161cd5d0d285fada5c030bddc53dad00e3d
2025-11-02T12:55:23.088544+00:00,d0d2e0c8bec709f8e4cae701f460163386f377d58dd00e8b8e7bd71766edfe3a
2025-11-02T12:55:23.213098+00:00,81b3cf70f461e5892c3e26763987807dee4c89ef84c91657368735eeb5dd5909
2025-11-02T12:55:23.337371+00:00,c287c24d4efe6528fbe90a24b6a40b77336e57295b038211e45034c6d9a1a735
2025-11-02T12:55:23.463254+00:00,af93e8abd56b3e04430b271b6200dc361c567d3c63e1c2d9f062707dcb5f547d
2025-11-02T12:55:23.589036+00:00,05b844cb7a2565a75029392f7a1cddd80e6c4414a2f13c54dad7c1df0517bd44
2025-11-02T12:55:23.716429+00:00,19f26a747e57e034996dff0cfd75abecf10ee69bdecb8ce692498d1c682c6f17
2025-11-02T12:55:23.843458+00:00,0b3ed982715deb0a00f350c07e9fc598fd1d1dbc5e8f55c8621b8cad178a93c7
2025-11-02T12:55:23.970872+00:00,26abc4ee57fdd812b5beda4c0c5dc8acc99c128585cc757788cd204d27e3ab7d
2025-11-02T12:55:24.096635+00:00,5a4a63ca9bd4ec7e26dccb0dd17a771d33ecd20d1b54904e7732a728de384d62
2025-11-02T12:55:24.226163+00:00,660d2272c2c4aea2ddc18b8deec4f807622db4ffe6eba8a7aa35891ccd2953c9
2025-11-02T12:55:24.361197+00:00,9556940a88005631c652a9c17ded1bf7ade7a75c57f66bb137b5d6fd036424eb
2025-11-02T12:55:24.496598+00:00,17f98dc43b08dfcc645101305ad8b7405094236f7d9649abfa57bab8d9de5b8f
2025-11-02T12:55:24.619700+00:00,d1dac5ce3675f28385967f45f817e0c40e3dd20b17c18c8e7feb86fc0ea5e336
2025-11-02T12:55:24.745977+00:00,c8412637e50a2e041aab15116de6a72c8aeb02d2219fe5a1137992b1f0cf52b5
2025-11-02T12:55:24.869013+00:00,53ab7e498aa3fde139b96104ffbb04948eb4a3f5c28c2355777a47fe9a96008e
2025-11-02T12:55:25.199068+00:00,67d26a03d54d55d3d99db8b53c6713443690ab5b1aeed9c7ca8adbc0e8d24945
2025-11-02T12:55:25.324138+00:00,6717ad4ed157646f2c4461b8e6c413dc2cf049e5b74ef2b62cade558b6c5a391
2025-11-02T12:55:25.449359+00:00,85667bde7c6380dbaac49ec95360d2676272b014655810a7735c9059b310eca6
2025-11-02T12:55:25.576043+00:00,7eae60841490c24e93640c42b7e96c93226684754ed960da41ba6b4e7f60d2f5
2025-11-02T12:55:25.703508+00:00,4b9cf03e235c2a96937cf17807782795f04db3b429ed73fededc689dc89bd7b5
2025-11-02T12:55:25.826829+00:00,e6b3231d02443fd64c8a08f5016e6f55988a6493e445ca7950cb2b63efc8ce43
2025-11-02T12:55:25.948119+00:00,f2012d2ce62996f068721ee96c0d0619f4fdb06e2e6730e4f0836769256e7d3b
2025-11-02T12:55:26.066565+00:00,e35fb93c55c5d1f5cd936dd8789c98c3d2dd4597bec47b1d6dd84266151508f0
2025-11-02T12:55:26.205494+00:00,a0ea4cc33c75020aec19b7c543da7064ada6db6c7f8ce03eb8c660867f67ef43
2025-11-02T12:55:26.338489+00:00,55e809d3d970d6d08be9e56e2d7ca6ccfef9f353ae4c595a65534f9a18109aec
2025-11-02T12:55:26.462407+00:00,c7ae9be6840a31fec649b23016a2a58c27c55b9c669441e1c06f8a72231e5013
2025-11-02T12:55:26.594332+00:00,e9fb6f90a5b1d2e637851a28badcffe99811f72d15b90bb84b4072944493269b
2025-11-02T12:55:26.718306+00:00,b68c111c030634f56679ab115c2b76eafb5beb8260585928cee91ed7d5f3ab76
2025-11-02T12:55:26.841752+00:00,d2fdf80202e5a72e742e1d69838a61a3debc13f3da89774e0c71ae86a9677232
2025-11-02T12:55:26.969409+00:00,e7ca351f5c098b24bdbccd14648ce34e7e56ceaeb1e2ae065c7b948f9629a788
2025-11-02T12:55:27.102158+00:00,4d0516f5d6c5190adf353014ea7b05b1c6794cc9b307b79eaa39aff65479ae30
2025-11-02T12:55:27.226927+00:00,f7d735a068b93881e2e6b1ed6e970a309c67300055d5153db128226c8c0701a6
2025-11-02T12:55:27.358218+00:00,6af096323939620d5ba54cb23508cfc4093525a34e49b53c336363d86715b81e
2025-11-02T12:55:27.484686+00:00,99b3f03ca3f71e141ea4b3b214ed9750b905b25e641cebcced1aa068789b2b34
2025-11-02T12:55:27.629128+00:00,ffee1732b7477f1fa0908cad15ea4a5023e10535c053a0b38cf66a134475a728
2025-11-02T12:55:27.750466+00:00,8610820d9fc1a0664d1e0fe444cb48a2b8a5000501d306e80229074e52da4c7a
2025-11-02T12:55:27.875467+00:00,740bdfbee19ebf8fe37ab49b8ea791f5c90b3494f4e67f922acf48090c710bca
2025-11-02T12:55:28.002279+00:00,1fd6aa38e6dc7b86f2fa897bd79bdfe4c45008c139700e0a17e4f3f0796e02b8
2025-11-02T12:55:28.124825+00:00,b2c509fdf8025ff6e5471674f05dad597f025d42925a9bed4170da3f8a078132
2025-11-02T12:55:28.254193+00:00,a06e97235aa303f1f2fa3eb188ca49140f8d6cf68c44b923f35ecc0bd16e927b
2025-11-02T12:55:28.375942+00:00,2029d431ed6c38e058e8dee912fbbc54ad4f712043447dd55e07c527a13cc679
2025-11-02T12:55:28.498553+00:00,bec6f92e76c05adfefdf09962df4aebf0bf36c31507b2a40bbbdbb903150e5f7
2025-11-02T12:55:28.620871+00:00,e61bacd6a55886bedf6d8a635ad67e131fa77764b8fa4e40c248f18e75f7b43d
2025-11-02T12:55:28.744108+00:00,78d271b3564e32d8966d5c9978f86f8eeedca6a13bdaf9c02c02bb65e474a39b
2025-11-02T12:55:28.870440+00:00,c97d4c2e3afeecf9df9685552b5eb0f2bf58101145353aa973cd2df6cf0053c6
2025-11-02T12:55:28.994344+00:00,98ea38852c807d460d3c3ca9453c96900f91fd03f944f794b4319f82cfbeba82
2025-11-02T12:55:29.119524+00:00,e442ab1459c1c7ca08c8603807f5a4f93cb2ad0bfd664b051ba52cc5f21ecead
2025-11-02T12:55:29.241545+00:00,84397acbf274f7b93906916a610746c7e706b83f27ebcae5598d2a8eddf52447
2025-11-02T12:55:29.365942+00:00,b08d46283a0fecf5638b60c98d54732fab047541b2d7900f3b4d58c922b95a4d
2025-11-02T12:55:29.492053+00:00,c88dcc7045de8b827bf08de38166777f11d7644f0bf499f6f5170116c6a0aa4c
2025-11-02T12:55:29.625224+00:00,59c8f0379e266cec81879857b43bc9ddf8a7d6b2c5f0f2c8c04c5c1742d3e4c0
2025-11-02T12:55:29.748225+00:00,6151147eb6945a44bd40570d26855d2edc5aa1f5c8d1c52292c9426c99b4d41c
2025-11-02T12:55:29.871145+00:00,84a3838a683ffaebb267263c62030b92a0caa9c5b82cd089f4658db56e80ecd9
2025-11-02T12:55:29.997461+00:00,bc48ec835a09ee733dcc0fbbb22db43461468732f0cb9b9f7faa24892c1286ce
2025-11-02T12:55:30.124848+00:00,46f23698395044b62d0a4cb4c84dbf6fc5795f23b35a17405a9749a26bcc0d40
2025-11-02T12:55:30.488157+00:00,3db12a8614660b4a7cfa5f75437236e57416b820c9ab1ea77a4cb34e54399cea
2025-11-02T12:55:30.610179+00:00,884876d6552a456899e8bf088df18c6d051731d0948a4401d4b863215a9db7d5
2025-11-02T12:55:30.736141+00:00,4db838d9116c6a301170191ee890d223dba4d812e664a43a4b0f16d5a16c540d
2025-11-02T12:55:30.863196+00:00,7c11cd457e0d7eeb42226df7cde55b220b9736316607fb363f500ac4cc1e4a61
2025-11-02T12:55:30.986580+00:00,ecce56e3a4c71fb6a554ed9f773f1dbb2d85c0de1fdb748eddb7fa36791041a8
2025-11-02T12:55:31.111028+00:00,60e01d427714f5af45ed960551aa10d0e6587d19737d6cea88ef953a634a135e
2025-11-02T12:55:31.235514+00:00,6fc19f123e0c50e3e12817d8a4946177742699319f0780b424b48103e6493938
2025-11-02T12:55:31.360322+00:00,69c0b944d76d2ce1dc0b3425574356c5ee9752c4d0db1cea56edd445a051be62
2025-11-02T12:55:31.493068+00:00,71bf60558c393077e0933aae330a177983d718112a3e8af42591c37d14b1d619
2025-11-02T12:55:31.619470+00:00,a74ce3aa84403bc93aaa0a690d2e4eaff41d8002fc938e72db692b2301a1d93a
2025-11-02T12:55:31.742728+00:00,c5998abd615ca52e1342abf45f877178fefc81816d52908dfc862926fa52045b
2025-11-02T12:55:31.862711+00:00,2763c8cd5bdff763cb685daa0157031adfa9b46812f705db8af8eca8825eaa8a
2025-11-02T12:55:31.983509+00:00,cb6d7e86ee20d077fb93d4d815a9f1df8550f4649c174d73696daf2d6a8a48a6
2025-11-02T12:55:32.105609+00:00,4b13cdce5615d93b63231585b24b3a452f3beebaded68bfe3f163f9557388dce
2025-11-02T12:55:32.228518+00:00,417c16d4cc87b15f4b25e1c4286d7e4e1223035a027e32cc7fef08221bbdce8a
2025-11-02T12:55:32.350504+00:00,311ca7c4864d902243e1da0a2a2cc67f3521c9c19d944eb09ec2838b88ad73b2
2025-11-02T12:55:32.479778+00:00,b5761a6c8f946862c5ef327cefdbd240a8559afa6d5bcc8612062ad1c3e37a89
2025-11-02T12:55:32.608601+00:00,8250b77e0cb3d3dd70feb3a623a09746e35eb4e0776ca5eb7115a7e262b459cf
2025-11-02T12:55:32.731758+00:00,5cc6e62135cb4e3779ecb8ac054caaf6d7a7ac0fe469b3b8897853bd84e52612
2025-11-02T12:55:32.857624+00:00,a958a6c94987d7ecda614875e9303791a386dfc6891fa6f5257a0663d46f02c0
2025-11-02T12:55:32.979949+00:00,76f6c1eab238099081a348347f5803a5d2581b3b9669477fdaa92abec246e455
2025-11-02T12:55:33.105741+00:00,814a1d62244da813b640716694c30e264895bcc74eedbbe6284bae961ff56d68
2025-11-02T12:55:33.232698+00:00,71bcef3b1e5a3a9cb7972a55608bd1be12a702308c5626a4de63f07f85855bc7
2025-11-02T12:55:33.358358+00:00,8312b0e7897411f5ee0bc065da9a85fcbcb93147660569b9afb127f95111eb58
2025-11-02T12:55:33.480515+00:00,110e9cb170d2d4a58ce5daa539db193a2aae2d4c864518765febb47e1f178336
2025-11-02T12:55:33.642059+00:00,661e6cb794e7640d30ac97ad60fdc1cc13026e93a2fef77d93a085639d423954
2025-11-02T12:55:33.768881+00:00,b88eae9de7437cd60d45ff6d19ee53a376972c1a4cb2fa2773bfc0fac8d12e4f
2025-11-02T12:55:33.893532+00:00,22b3c81bdbc2393e42810a47e3c78c58a5c801aedcc823280b7731462c5ac6fa
2025-11-02T12:55:34.015871+00:00,90630f50d0431dfd1233b9fc77d180f9a500e8fed2700d18e2488a4f62af87c3
2025-11-02T12:55:34.140564+00:00,81deda60aeddf70668d09c7c8f51d4ba37387b66da9f0d30e8acdbad2e1b4e7a
2025-11-02T12:55:34.263657+00:00,957c210a91938f8112253cdd032deb7cad7331e8e4fa55298a8916574f1f1e8a
2025-11-02T12:55:34.388212+00:00,5b4f4eae9a1b64c19dbbbd73e73933f660ca8636b3da4f28a95bc286df3a8ac5
2025-11-02T12:55:34.511760+00:00,99ea20d6ba30b3a3b80190b148312ed2ff33b0545a0310038afead45d9b87208
2025-11-02T12:55:34.633294+00:00,c1424b182cdffbfc675991d61836bb420b512a8ef9046812d498465732b0bf3f
2025-11-02T12:55:34.757392+00:00,efa16d26d9be836f32d29f9a639d4e7ab5e0adf8abca54b6076d338655815b55
2025-11-02T12:55:34.884712+00:00,f8d80e6c6e546ecdd6c05ea78b9b43375627d5ebc84e9db8dc82196e4443b18d
2025-11-02T12:55:35.010681+00:00,4dd4a2bd50bd93a19c15c05047d1ad8e82bcd8aedd4807d91d18cf24d4fa3bf3
2025-11-02T12:55:35.136095+00:00,70174fc9afe127084deb86e58f4f24e2bf3ff71ab6369bd73d87206f9374539a
2025-11-02T12:55:35.263867+00:00,440b1e371a9cac25422feba600a1a66a6b8c27bc80acb7c033de2ca672bdc440
2025-11-02T12:55:35.387887+00:00,e4d3303f5712b2b04ad97e24e8dd8559fff568478fcea92be81bcbe3c7807b55
2025-11-02T12:55:35.517211+00:00,28e03a94697fa5f588436084f59e5d983fbb0c8a60cff3e36e95311d03f6dddb
2025-11-02T12:55:35.644360+00:00,130c7bbfbfae8080afa63fd9c917a053971deee79c20915d15d498a3b57f51f2
2025-11-02T12:55:35.776079+00:00,d3f36b64e39fc2436d3f674194a0d39d36b1c62cd07111018fede2e4c3932287
2025-11-02T12:55:35.902570+00:00,78053e54cc327b30174a95c25ec4d99595f18b1d371a66231f78d533421f2c90
2025-11-02T12:55:36.031086+00:00,8a7e0d4e485e49380478827d9c8c2ca3e9911aad36ac715493264e3a435d1660
2025-11-02T12:55:36.154090+00:00,06b930b36ff458e1eb2d25f45abf184b368cbef2301445621931017a8620f8bd
2025-11-02T12:55:36.280743+00:00,98b016ace11de36588835aa1d1b277a687dc8814ca3851e0a363d9f0d32356f0
2025-11-02T12:55:36.407906+00:00,2566795d26aa5959e50b0b43a61e355c0ff7ec5f7ac44047c60402fd5a5cc45e
2025-11-02T12:55:36.536842+00:00,46f53101874c5fa63ec7f242c70a3fcc52ba9d74f512bd50cd180cc28cf323f0
2025-11-02T12:55:36.664070+00:00,b717398e6569c6686091f9d790c6ef3f4686a21aace5126d47da8115bf47b059
2025-11-02T12:55:36.792077+00:00,72430629bc7645b49acb057d6afc00839fe15a573e374a06e7e666728c2dfe4a
2025-11-02T12:55:36.921757+00:00,d7c83299f8b039ad39aef6ac1307b3c09b231a91e222ceb715dbada1a705d550
2025-11-02T12:55:37.100790+00:00,cc74d2c5e6d3f322068a10f624639b7d7377b4b537bbef80b7854fb16d7fae4c
2025-11-02T12:55:37.251350+00:00,523cab323103fc3e9c4fab623e660348fe23c6ed71847ec738495b6881d04e5c
2025-11-02T12:55:37.552866+00:00,510ad01c96e1136a4f72414348c25a2df8e191b8e4cdc220e909657f44ff3a3d
2025-11-02T12:55:37.686442+00:00,8de913b9edb9fe430b40030ccdfe7b37e95716d3b383b3065925e5de9b4d1456
2025-11-02T12:55:37.867884+00:00,7f11d58479a478f758cff3327233f58d822dbd40b8ff402dee277997da53fb41
2025-11-02T12:55:37.996537+00:00,9c7254d95dbcef6c401561e0b0185dbe16ac074bc696939e215f8d528d24fa71
2025-11-02T12:55:38.119770+00:00,1a8089a4ada2dc4fda6315e217d0d6d2c2b80e44735d7d43533a6f0773335e5a
2025-11-02T12:55:38.244811+00:00,4036f92eb81586962d7714dcdb31763e9aca208be4fbdbc6e54fb77a74019b81
2025-11-02T12:55:38.371697+00:00,e33d108a2c7a2d05c2e669c981b3510a0c9309db0f05327fd5f22ca20f31357b
2025-11-02T12:55:38.501726+00:00,e9e34273b749295d83eaa7adf1c72b9dde887b750801a7e2e90d9f51cbe1de20
2025-11-02T12:55:38.625822+00:00,3cc976a930b59d0242e18e5c049964526b98fb453e2ff2ece4e97aa4cfcd6b75
2025-11-02T12:55:38.753841+00:00,b2df794368bbc987ec2d17981dbbd7dd4ceb739e6d56c0882bfad5d11b4d318e
2025-11-02T12:55:38.883678+00:00,9774237fd04f4eee6724f1c772a49ee2090e9bf719d321670992d4aede5511df
2025-11-02T12:55:39.010295+00:00,deafdb381c2022d4be2872ec4919beea46079e2a60ad97e41c3eb7df5f4042b5
2025-11-02T12:55:39.139129+00:00,4103e573f9ab0609acf750267619fe075b51e11111a90110b4ba1c6cb99ebfcb
2025-11-02T12:55:39.275353+00:00,f1f8d7702ba94b1bd530a42a1b1a27f6b6b9a6f0909d0b3e89689f1fb157c343
2025-11-02T12:55:39.402661+00:00,918dad2c03c7e6391c9946884748daacd50a0b517a4fc7aa7d8e326f93f42549
2025-11-02T12:55:39.535403+00:00,d54f1804a1561dd4397a722b7c4790117143595b512901a8fae4390dc0379729
2025-11-02T12:55:39.664615+00:00,9916e8c1de923ff4e47b18d1e9125e17146d67c751aef49b844bc70f93f1ab32
2025-11-02T12:55:39.793261+00:00,5b689d52f5e44aa6cdcad1fa2aa1ecb32c42b45000ea14f2c449d5bb7324ac43
2025-11-02T12:55:39.932350+00:00,21e5fbc146443c40a73f0b6b1959ec8dc4b7574bb7c296c7227128d309e3339d
2025-11-02T12:55:40.056781+00:00,78b7542dfadabc08cba54a0c68856f1d4f9cc03f4d3d90e9575e680fe1c9f698
2025-11-02T12:55:40.182944+00:00,403655f2663d5edfabc1cd2fe15933f053b79761c42a7b1811a67accbf3f14b0
2025-11-02T12:55:40.338718+00:00,486479ed24504278aea749f00a02101f03eda223dd804144a5be3fc96b53fae8
2025-11-02T12:55:40.465856+00:00,8e1fa69717542f3630df7d751057265007eeb0cd7fb7c6f295c8bb45c644eb7a
2025-11-02T12:55:40.819496+00:00,10837da6be34f50e2103f40c2e46f7d3203287dd1546f5f6413a21971777d25a
2025-11-02T12:55:40.943158+00:00,80f6cef6b779082c897b9000ceec7e837b7d8b8f4dc0fd32a3f1ff078395abbd
2025-11-02T12:55:41.069786+00:00,1113ef97631e6698acd95be8f6ca8b6c5224441d51d683ce5a73b15e4127ec49
2025-11-02T12:55:41.199846+00:00,25c50b08a9e540aef40b6d86ba68e61bb8c11f460581615c33482482b769c1f7
2025-11-02T12:55:41.324022+00:00,16994061af40245bf456742c625d57fef45f169adf50e03b30ac89786f465bd9
2025-11-02T12:55:41.443579+00:00,5aceb692e674cfca7dfa57e21ba38597715668306431f92915d764094bc5d87a
2025-11-02T12:55:41.568193+00:00,90812dbd26700b42b1c96b7d610e4cb0094609028b0829e28f848b7da09ad5cc
2025-11-02T12:55:41.692713+00:00,bd6ba04f22f0c4d5127cd59359a7254f65f966734bff44ecaadc4495a8db18f0
2025-11-02T12:55:41.822674+00:00,477458b8facdee93ed0dad19f580ff8771bbb3e8ea7f8892643a64b1963736da
2025-11-02T12:55:41.946339+00:00,885d7842b541ef505d0b5c887a2b7fd29d086498471ea88b7b8cc11cc363134f
2025-11-02T12:55:42.066782+00:00,a7916a554d3ae1945bcd6923c3f548a04012754cf0989c5c0f647cf96ad75cf5
2025-11-02T12:55:42.185089+00:00,5d0d2b7e9945f7729f72835d61149dfdbf050b431b6ce484fbb7afed2eb5a937
2025-11-02T12:55:42.310045+00:00,facdf716a06fea25d9fe91b551f5b9382ed2759c1a9d921146a2505112b85e39
2025-11-02T12:55:42.432143+00:00,3e48b4c874dec14d9894db685b64d5da18ede572b8f4d17f90c312a3c0b53edb
2025-11-02T12:55:42.555799+00:00,607be8c097a336c6750fefd5110843f126a71e3d6e0c7f75c0c91e2ac49ecfff
2025-11-02T12:55:42.684698+00:00,d8ff3a1db49ada2d70550223c26503939a5ea6681f717b69771ef31239163d14
2025-11-02T12:55:42.811826+00:00,a38541c836f9bd093d723de515a3f991029349ffdc001fbd2ea850033af857a5
2025-11-02T12:55:42.935571+00:00,cbf6d2beb4c3b5cc4f749ea3a042e123bdb1afa3dee85c2b1c90c7156c1a1d1e
2025-11-02T12:55:43.059117+00:00,ca6ba274d9755fc5a0a5743f7ca0f4ea6ce5192ac849081cac1556856c3b01f3
2025-11-02T12:55:43.182717+00:00,c396a58c9c7cd0cdd7c4d9454968a130be0ec9c5949bdee76aeb610a19f30c95
2025-11-02T12:55:43.303004+00:00,22a54aabdb8de9e164efdd73b5e7eb85e6a6ef55597b2499f07b081e26585231
2025-11-02T12:55:43.425574+00:00,0af438033aa337ade3a1bf4165c6d8bb21a37483bb83de84f01f84132753f529
2025-11-02T12:55:43.548859+00:00,cc69756fcf6b2304ac9eb8cf6774663ebb706006f19ac2bc28a545aa3167bbcd
2025-11-02T12:55:43.672078+00:00,647c277061553e2f7577685538ba350df517ca225d1d67dbf0bc0fae512814f9
2025-11-02T12:55:43.835857+00:00,b7e89aab2e01a0891b1eddac4533fa77518165a0a54b33d847ca6ae51adc40e9
2025-11-02T12:55:43.957167+00:00,7ffeb4898085ff9d90acc987163efe0600010742a1b5858195796e80a2d9bf90
2025-11-02T12:55:44.079567+00:00,7ef658123bda7bd3b35caaa252d73128735c4efac8c58d7d259ed351775f207e
2025-11-02T12:55:44.208413+00:00,2aa3c1559167d43a83fffa7ea4f537fe1ccb7069321c02a6b80bf72777071461
2025-11-02T12:55:44.452185+00:00,83e55581d5a5f45077dd14634345f5e64fe7e94371b91d39b6d86424cbf53ebb
2025-11-02T12:55:44.579505+00:00,9bad11f9ac0ef3eb3aa28bc0af4a578911ee42b94a0ff7bc635b2813eee47a62
2025-11-02T12:55:44.706089+00:00,10d8f5b886b809df4105e9012f4b6085f1eb0448db97229ba311a0f203e2e822
2025-11-02T12:55:44.833547+00:00,9411aa39ba629ab55dabcc8baf441aaa6d2cd0d38cc5e72adecaa7658dfb89e8
2025-11-02T12:55:44.961404+00:00,b8b2db21786a88f37014af0e22358d5ae476ddc47e514990c73de6d5f3ff0bad
2025-11-02T12:55:45.093254+00:00,937b66ee51b649880e060fcc512863605f75ace214997023ec5724bc7dbefd3c
2025-11-02T12:55:45.225376+00:00,0829fb64e7d4d67d3df18f01b4c88a1350855a98eb9a23f244844344ff5ce445
2025-11-02T12:55:45.352789+00:00,9e96f3cffbf8437207702ec82f2a8dc67f2af8da2a57c6804a74329ea03dbfb5
2025-11-02T12:55:45.487381+00:00,580ea0a40c16844cc67452cf73de5d40a9d95cae3c31223ce6b243e4be01c7b8
2025-11-02T12:55:45.614876+00:00,fc1b704aa9f99c073e1923dd38c5cb22ba27540cb2df088f5b0be2b768b681d4
2025-11-02T12:55:45.745708+00:00,2a0e0f73746983f2ce29a1ce4975830be3a94dfb4efa36cb728190e89286706b
2025-11-02T12:55:46.075892+00:00,515f4d3d1ac15856e54a485be5a13e69cbb133a1306679c86f5036d29974f47c
2025-11-02T12:55:46.202442+00:00,fa5494ef2bab6ebf1e5cbf03f1fdda8deb0b706176300a8bdf47dd0141eeb582
2025-11-02T12:55:46.326415+00:00,812326d0d42e39e38212630a2737d23a7842f63d8be79e43383c598410f650b7
2025-11-02T12:55:46.450309+00:00,f75394905747335a1e57f06d2fc166ff2998a52f302441eb6f235b7764263886
2025-11-02T12:55:46.573359+00:00,59b01ece2acc517992ea4588d75ed86354b089b5293b49d32bc27827cf3f5f80
2025-11-02T12:55:46.695854+00:00,10c1bec92cdb8010761bac0b788e142c4131e43ccbce8a592764ab5b4a0b122d
2025-11-02T12:55:46.818271+00:00,85c4094f7f9b238bfac2076446a423c35200dabfbd71b96fd3649eb1f4fef3f6
2025-11-02T12:55:46.948912+00:00,74b49f4525c988938d2ad07fb6b17a3404e8b512c0b6b2a84a392aad418d09f9
2025-11-02T12:55:47.181594+00:00,09b55c4cef4417bd31c583fae5b9cd0b4773b325b0e58501edb37bfcbdcd736a
2025-11-02T12:55:47.304054+00:00,e0ecca408e007019676b0569a87220955aecc618aa68ace7093588c36126d22f
2025-11-02T12:55:47.462958+00:00,2ad5d21ab8b188b9200dc3ab3ad9c35d8ef1e46bf29b4721153d031f3ae9ef79
2025-11-02T12:55:47.590495+00:00,b155d3b9ecbaa1d06193319f0252eadb4eacd5e2623751922fb32743bfea224f
2025-11-02T12:55:47.712195+00:00,27876c7fbb67d1202b9c133b890d83d4415082e0f04c8d3d1036ac835900cb26
2025-11-02T12:55:47.836606+00:00,daf53c7ad3a45eb08ad045e824eaa233b6d6a8666bfb4a350d572434b674029b
2025-11-02T12:55:47.964138+00:00,dd647a66533e2dfba402988c3c950a954ecd6ede26dbc490f21f44c1378d5259
2025-11-02T12:55:48.092079+00:00,c0110b1106789f45d3689d2cf2b82d6a10ac632acf90a30844000ff49dc0d425
2025-11-02T12:55:48.239174+00:00,8e8ca93e2c384b7887302fa4aa1e85baf3e3a1ff2074ad7aaee239370452d7ed
2025-11-02T12:55:48.360382+00:00,a1fc99ca2d6c10c07ef3c272ccd088a512a78ba7bc74edd5ced8d16f52c94948
2025-11-02T12:55:48.485740+00:00,0e0145a94a1b97edbd886eec6994226faff589fd320688a106b6d5d468b28337
2025-11-02T12:55:48.611736+00:00,a593fa7a25cb4e5ba03aba343013585fdd540b49f78149b28abd3c778306ce17
2025-11-02T12:55:48.733554+00:00,4f9f65a13c4443349399446209a84e6b8ca630cf63bae85c1e981e66b0f690dc
2025-11-02T12:55:48.862887+00:00,da0e4a531511ff0fd98fc2d313383aee6a42fbe1f68412bd840ad3ca21532d3c
2025-11-02T12:55:48.988526+00:00,09887127c417eecd3049f343a0ce2165bdc81520eeccbe3c5d52c1bf8fd7ef2b
2025-11-02T12:55:49.111653+00:00,e0c7c40dd212fbbedcb29027ef782cc714845d0df602b1e4e58a4f104d985023
2025-11-02T12:55:49.239137+00:00,267edd80916a0db1d9cd76ad456a7659af9e00bd6eb55416bfdcdd46c9da308b
2025-11-02T12:55:49.365735+00:00,a3f4ad0176e1308d2cd7f791d4459f868bc28005d90292a0555895f09264bc7f
2025-11-02T12:55:49.490676+00:00,73716411460e6da6e4748d65e252406e2a2f84d16bffa5bd0374990be2079470
2025-11-02T12:55:49.625634+00:00,506aed3530189615823e9699a3ebde2243203856fd39f429c6588502a3fe71e1
2025-11-02T12:55:49.748258+00:00,6535dbe9dbe8026a4a9c9f44aea784aaeb1ec9505ecb547bd17e790712d304f4
2025-11-02T12:55:49.872321+00:00,63e971e69a4531aec249ac2c17619202d3f8292bfa34f22b63e1deb51dff1890
2025-11-02T12:55:50.001839+00:00,774bce22b96f718c91a2fb431a0bf931dd88672629bf03c3f2dd4e9540f37761
2025-11-02T12:55:50.126363+00:00,c2336f21021254c8352fb6f08a0afb370aa1aea31b803d83a00d3d0edd792c77
2025-11-02T12:55:50.249183+00:00,e84e0618c391fe6ec49b653947446703b2aa21e17e6a2714e2355d4607fb53c4
2025-11-02T12:55:50.373087+00:00,9ba908b5ffcd1ce30575335bdbecd32e592eb7da0c81ebd8ca129cfd27b414ae
2025-11-02T12:55:50.496145+00:00,fd8d23f7f813325b77291509f2a15929e163cc21f6bfd7e6b15629e3638a9135
2025-11-02T12:55:50.625996+00:00,d7c355a161bd7359e54fd230653dabc80788ebd3af277c390b015dfe5be513ec
2025-11-02T12:55:50.753353+00:00,4d352158571a2fcbf2368975d925ce0921d0f2aff6a2e0b0887d28f24390667f
2025-11-02T12:55:50.887865+00:00,f35880238c07b1949b11f18b08f157d9d11402760de08ec9cb4c46de09dde606
2025-11-02T12:55:51.023331+00:00,aa4539053a6938895084350481b0504ef6b3f699633f6c6f92a441878e2f5d09
2025-11-02T12:55:51.357059+00:00,4c0ec49b3f5647e0e2679a33830a238756a4b6a308f87da39257c063fcf882e9
2025-11-02T12:55:51.484334+00:00,fad877438fe5e023febc09d3c1fc03821a5acd64ac1b3c7263487208aa3f89f6
2025-11-02T12:55:51.610572+00:00,72524f5ec07f6e866b3e7c7cfa37321bc8b57711ba635d383c33f576bbd871fe
2025-11-02T12:55:51.733571+00:00,0f54df0e015f8fe8c2fbab6be05d70c59ece52055e1d8687dd7129b3087b54fb
2025-11-02T12:55:51.868044+00:00,dff8550f2975f561701172fd72efa8ae9c6ddec969b1e4257510075d26e9bf9f
2025-11-02T12:55:51.993780+00:00,fa0fc8a8730f95122c6331ee7727508f1940d6121cc9e2ff0e0489a1c1619c5b
2025-11-02T12:55:52.121083+00:00,4bfa4e4938f3f8df4aca74c036819fde5e9a231e45e058406c22dba1eed239ab
2025-11-02T12:55:52.258561+00:00,182b80670337d4c161c6bc0ec2fee7bca7b9f7b1cc4bbd7271068174541e55a8
2025-11-02T12:55:52.384255+00:00,15f4910f9b0c24da030bcc8e798966c0b1ecfa3307e7761f9e54ecb1e5cef5f3
2025-11-02T12:55:52.514248+00:00,6bb2f03aa3c36a703acafbb883044f06dcbfa89baa4b736d311cc40471f299e5
2025-11-02T12:55:52.637975+00:00,4e11a1e1ce8c33b1b419fc1c8f648f3f9956e75c2c7da90a8ea0ad4ef85de7ff
2025-11-02T12:55:52.761084+00:00,db4cec0319ae5247c9cb237bc65aca711c643fdd79d913b2a575578ed40ecdec
2025-11-02T12:55:52.888970+00:00,9c7996c934c260436f471a34916d75e150bba82f8699d6a153b3351b89eb924c
2025-11-02T12:55:53.014911+00:00,9d8e41d4cdced9f456c1b1724ec777e86d2bdc58088d0ec360edc77cffa03be6
2025-11-02T12:55:53.141454+00:00,31da7249057dabf4d5c768eac1812905e8502f9d8202bebd20726c90330b021d
2025-11-02T12:55:53.267616+00:00,a3e2e183c70d60301674d626cee7966f03d69c99bb339d036279e7ae51724f26
2025-11-02T12:55:53.396641+00:00,297c9cdbb1cfdd2a45b417d2dbf01c4391b2126cd90569a433df1715347ebbe4
2025-11-02T12:55:53.522211+00:00,887b737debf942903dbc0d1806be9faf2c8882339220ee501cd914bf1ae09fc4
2025-11-02T12:55:53.648314+00:00,edd691fa446c5d28278f759a6885db95f6fe14de3a4a31a207da454b9647daf8
2025-11-02T12:55:53.774492+00:00,331f2f630a4cebc73759dfb08da495b74b7f8a9bbf82e36dfaa5ba8b3489aeb8
2025-11-02T12:55:53.899751+00:00,3b4b0cd26cf3136c6b7283b021c6473cdbe4d881d7043f58200fb1218f16030a
2025-11-02T12:55:54.021371+00:00,b693e5bc915f14a788217b5bfa6496a0b1c51274ee0dec67af3f2f49e942b700
2025-11-02T12:55:54.143951+00:00,e33f1ff81f6c8f02b8984fd19ff270205bf8039299e1ec4142b816a782cd0cae
2025-11-02T12:55:54.262410+00:00,f6c33fcacab2aa90904690456cc98b5613da4a1ea244b76c262f2e2d2313b973
2025-11-02T12:55:54.393618+00:00,4498a407d8d675c5bfa4daed2f82edaeb76b8f35bf6a488687db4680e750943c
2025-11-02T12:55:54.519431+00:00,11b44d21f5f247e527b0720c487366104b83556b489e5a3f72ace581253a2370
2025-11-02T12:55:54.649085+00:00,da78816df18b5e1c58e96effb41675c17cf916b58145a4b5e5d72ec8540392c7
2025-11-02T12:55:54.771607+00:00,f03bfe5e7f53acd350e83c31254724ac81c547eeaf9a23f6cdd1a6a7189726f3
2025-11-02T12:55:54.898754+00:00,a1622ac9c97f503be7e5878021fb7916c598335fc88e9375409b6b9aeb5b6ff2
2025-11-02T12:55:55.028509+00:00,280a128c7f35159d582bb930e39cb6df4bad1bfdaacbdcde45e0201646ed0ca2
2025-11-02T12:55:55.159098+00:00,08dfd41f24cc0d0cef5a2965d39b30366ba64d76011e2cb86cbe2e069d8f91dd
2025-11-02T12:55:55.286443+00:00,6d73fbc04e0179db36990141e339ac1451b7c7513181a557d39f040e08f06dea
2025-11-02T12:55:55.415314+00:00,7c7bf5a1cac5def389ebc79a6c15c44efe05dfee0b6fa7f8633280a6e92e56e3
2025-11-02T12:55:55.541266+00:00,36f5258dbb92d42eb81160588ecec41527f43b0a1ca3bb5f0137faf1b35cd701
2025-11-02T12:55:55.675224+00:00,96f73e2cab0d33d13ec5654a6542a09925538f9816ed197d77afa8b95ef606f7
2025-11-02T12:55:55.805242+00:00,fa15b4805df336127fb2700df6505035cff9db20ef0e17821f5d5de03f0d3440
2025-11-02T12:55:55.936615+00:00,f659fac83bff5816ea467320b20a85cbf34b0f52c8ff7f7ed91d4a0eed05f9e7
2025-11-02T12:55:56.065416+00:00,5f5287d5d1d3edbb7646594a0f20c43e8aa7fffe64811099c986a313fd28f8ad
2025-11-02T12:55:56.197614+00:00,32a4a7a9f5eb385cadda1a83cdc0cc242405b86aaebf43fc4303fcf76fff8a9f
2025-11-02T12:55:56.329162+00:00,c1b51aaa153becf0976de2907457b26b4e80faa60c6a29e46d323da2573c2004
2025-11-02T12:55:56.659725+00:00,dd0d63909ce69cf8fe01efd0a67d2dcb4dd2510e7e9c02fb0998df0a6de6e511
2025-11-02T12:55:56.784031+00:00,e29c7a4f7fd34596c70fe46619cc3929bbe15315982a8adc5d2651482d8b01c6
2025-11-02T12:55:56.910350+00:00,ad9c49b5d5f2c929e9d88d62ceb748c23d4117b97bd454be6172b841b3f72441
2025-11-02T12:55:57.039885+00:00,c201408935d5f9fdd183e547a39f8ab9b68f4df268b4c9ce7bce15e0533927f2
2025-11-02T12:55:57.163837+00:00,428620d56447338c82055c037de04231c415f62af848938f2a85f7dc3c059841
2025-11-02T12:55:57.286384+00:00,8484b80c03d39f8b23a0dc012835a53c8fae05a3c385cf04fe90de58ceb2bd2d
2025-11-02T12:55:57.422114+00:00,a23c8a29a8e6f442b45a43a54282bfbcbea5041ceeee79420a878fa5cd567e24
2025-11-02T12:55:57.567162+00:00,08f149eeeae20701d8ad5d79a1c1f865c4352b81239a1accf2dab25f4ae6e268
2025-11-02T12:55:57.704784+00:00,7b478ec40d62681a8135e61e223b0cba82f3936c48b9896c0b5ecc62c57b76f9
2025-11-02T12:55:57.847020+00:00,b53b884547c25a2366a33f59a93245b1891fe748faae7cbb213723a3c3d19d08
2025-11-02T12:55:57.971312+00:00,59f043938e0d151576501392a47c75605539d9a450474f4b41c80f9f0fcf737f
2025-11-02T12:55:58.097356+00:00,4aaff71f37973c591f78bca08c6ce21651a2d309c7c48de163eafa4d29e30dcc
2025-11-02T12:55:58.221974+00:00,45951c5b8b739f067bd313ab950522a490f2f08cf0a9b0eafab8857ca444b8b8
2025-11-02T12:55:58.346346+00:00,4a6f797a49acf958fcb47162eb6c66e7d548de8626e53cff5053e44576f12c10
2025-11-02T12:55:58.468244+00:00,c1fa22d8119070fb3a8b5caa76226ebfdd64df704dab0d9039dee0d7be308fa4
2025-11-02T12:55:58.600516+00:00,de0dfac327729371673755c2dc30f502cdb517123ad83e38b7226c6291fca01f
2025-11-02T12:55:58.724403+00:00,d200400de9ab5359403098d5a95d4aae843d018b32ec78150465242f89bda5cc
2025-11-02T12:55:58.848432+00:00,293c43426a0246f348866bcd4e6bc6a8cdb4d1fd2719996fc1f0737c5db61633
2025-11-02T12:55:58.971189+00:00,8fba27c33fa6c2b8cedbbb647f8cdb116579f48117c3d6d1c8d68e9e97fcc6e9
2025-11-02T12:55:59.096483+00:00,ed6e4cd8e7b3ebff8a6314ead0c9db26144ab18ac070ee4af482e81bed26a2a6
2025-11-02T12:55:59.219396+00:00,88bc7a006f57b7f876bad1a35f97e144cf572ff6400fed58c953e8651a6063c7
2025-11-02T12:55:59.341802+00:00,fe666db405c89aadeda78057517a871ab50229aa801009e551ab7b03b56cc869
2025-11-02T12:55:59.465377+00:00,b9637b2cecf5a72618ee259c08c2af867075f53487db5508fceb9d0001df52fb
2025-11-02T12:55:59.590138+00:00,85272ede38bcdd1f5d1b31edb6f3677686505115acc11af836308c1511648deb
2025-11-02T12:55:59.739711+00:00,019fd9c3e6312a3e9c64119f13e19ac6f0ccefbf430d75fc17f43b796e45a6a0
2025-11-02T12:55:59.867484+00:00,409876e53bd93edc56d08b485d189fa320ea1e254fdfa0eb45005a25a64a47e2
2025-11-02T12:55:59.995244+00:00,2cd574ee663192b78a226e6838a8e9cef7759b8da172387cf80a7f98a0a8d026
2025-11-02T12:56:00.121833+00:00,0783a9f4dd164acc55f7695c9528dd70c98d2b1b8b96c89f446b3fa5ffb55be7
2025-11-02T12:56:00.250004+00:00,a61831e6bd2f4cac6824c72107eeda2766f338cf65416d7bf538eeeb60caecec
2025-11-02T12:56:00.377013+00:00,44b63ad46d3942d344adeb61f757ba4e65bfda13bcf82443f3b7ec2ca829b3ca
2025-11-02T12:56:00.503821+00:00,31aaa35b7c30c24382b3c9742bff5023d909feb230cafbd86d94042c74bb99bf
2025-11-02T12:56:00.630356+00:00,8141583564c8b6c9eb650a06c018c5548c19bc7c7941e21a3f050bb905ae589a
2025-11-02T12:56:00.758069+00:00,44b752443ffe09e225cdfca58f6f12fc4c563087265041bd616917ccce545666
2025-11-02T12:56:00.884140+00:00,b8196bff6ec1cf52eeb6c7e78f602ac99672c6035b08c53d4e69606cfa50e4f0
2025-11-02T12:56:01.017795+00:00,24843639dfd4efb15aded854c9adbe3cc1b8e4363c6f10dec78711a8d8e7ee38
2025-11-02T12:56:01.151200+00:00,99625341ec65a38c475fd6f9befd437dc94b24b1d6762147f903e7dbf135bb63
2025-11-02T12:56:01.279662+00:00,09d06172d129b3575897fd736009f577bdfb267599b86c4e7854a108481c3632
2025-11-02T12:56:01.402841+00:00,9218b2770c25674a8d2caed7a44fab0833eeaec2bef0725f88db29654178971b
2025-11-02T12:56:01.531966+00:00,ed5949ae340776980f50f1d4a182af9895b6f54ff9828c89590146225093ebea
2025-11-02T12:56:01.659285+00:00,c18612b80a5080ce8ccae0c4f9de6c64f32cb7ea0debaf2ad2cd1e2437b9406f
2025-11-02T12:56:02.004115+00:00,a6d9d2928eba7e10efdfead7b28168d4f678180f9a37cf954c05ec57e8d9c72d
2025-11-02T12:56:02.133055+00:00,ba6385e82a5d88051d9ad7fbc5dd3f61296b950a268c4323c0559bc2c0ff657c
2025-11-02T12:56:02.257534+00:00,0b83a6972b3af2a50f3c3f8f0e93b06f24f816f4a3a3b9ddd4ad06687ecf1295
2025-11-02T12:56:02.383255+00:00,945624a13991389cbfc07953841a7854f5aabb6367b252edc76b68e15218ede3
2025-11-02T12:56:02.514177+00:00,863c893982b4d09114a28d2e277fb66a22640ea90f28895f962d29cb54800614
2025-11-02T12:56:02.643056+00:00,27801079519519d8cb4b080432512f9028f90f15df7f0c8cff64d060157488f3
2025-11-02T12:56:02.772443+00:00,52b3d3e09ca8e583118d3ac34b79e1391dffeb86a188f90cb52180eb45989446
2025-11-02T12:56:02.951583+00:00,904f8b2bc09002c1b1205bb16a4f476d4b9ad1093aece0d0ceed16ffeebf4d33
2025-11-02T12:56:03.087592+00:00,c42500343ef02cac2c0c161ec90c91f69a9874989dde67b71f99978ca554ee8f
2025-11-02T12:56:03.215629+00:00,a0dff96c079984e72d2678f0a786044fb4c7f1a213068c7cb89a6110a4ad5edb
2025-11-02T12:56:03.335961+00:00,8e9920cc67fbd7be0fce4864888807ba7fced2ee5c56be78beed2b6ca3328183
2025-11-02T12:56:03.464054+00:00,db96c893713b2bc99dd6ef7a3508fc76df68ea8991e5c36a5c82c91e6db8bb15
2025-11-02T12:56:03.593941+00:00,05a687b0456a748ae7fb49f5955452d76c07b7415d933f0fbf66234b088d927d
2025-11-02T12:56:03.721270+00:00,0c3171589abae60d30c5f22e4fcab8217ae3eeb46ee96da5f3ceb4e692d1b585
2025-11-02T12:56:03.847280+00:00,8783b58dcda65eefd258c67c074d5b4b2ce3449ae02de9cac9d8a77e68b86230
2025-11-02T12:56:03.971984+00:00,ad6e4ff2eb8cce59eda9f4f65a078261429e4c72141cb591bb9b9fb349f31d44
2025-11-02T12:56:04.106229+00:00,c627a847241595be4212525017cef7f04e7e3f1b0f1cda80b9fc5d2865262d64
2025-11-02T12:56:04.234025+00:00,f6113b92eca2a4aa6e5e0b35b64e0778cc12879ac467608e4fe20abcb5632a9c
2025-11-02T12:56:04.356856+00:00,2704770730ee81fe3d50e5657d9d57a7d93e3e0d8f862088450a4055f24abb46
2025-11-02T12:56:04.486290+00:00,0b9bba052ed1831deb3053c34edb4223df663504db4eacca8ca7b10e0090deaa
2025-11-02T12:56:04.613719+00:00,32e9d8345598a29f2694a949b8da6985d3989f2bdff66dc1e1877e69e3836579
2025-11-02T12:56:04.742752+00:00,847a51210b476b71517ae245d08541d4754da21a04fe3411bda6687a5d16225a
2025-11-02T12:56:04.871081+00:00,ef2dcf670ffd2354d0fc7f625de07291026e4c07405437b044c343aa60c22fd0
2025-11-02T12:56:05.002195+00:00,7011af587cb3dbdbd0a2de2441dccd9b969d8ddce39adaf9dc7be1301a6d84f1
2025-11-02T12:56:05.126625+00:00,0814f56ec4061d7264dae7aa1fc40d18d14b4a20d3497924955966959d8a895f
2025-11-02T12:56:05.253350+00:00,6c142df52f528317b183235206e5cc318be88b748610bfe96f37da9709d011e8
2025-11-02T12:56:05.380076+00:00,ef5e98b6cfdd02b0c258ab6f6d1e794b813564308b0896b457b1d8358a536d85
2025-11-02T12:56:05.505934+00:00,4b349a48aa8634195e9cff028d1ba7f5f7c41417d639a6af4231291de7f0ac55
2025-11-02T12:56:05.634739+00:00,1222c0651a6ec93d07d28979b81c85741e5a1cc21dc4b3849c415cc32299390e
2025-11-02T12:56:05.762857+00:00,cbfae427537b73ab56ce7ef72aff7c567377ae796674831ebd4dc131215d6309
2025-11-02T12:56:05.889319+00:00,7d9ded16a4dbe0f83c805b32b38b5cd5095a050b25d4b8d8773aa242b650c165
2025-11-02T12:56:06.016147+00:00,57979160c48ade64564041b5552daecb7fe11c2f80e8b4ca266722773d237d4a
2025-11-02T12:56:06.140702+00:00,17ac776b48e9f15dc4d5179bddc04a0c87d2a51c79998703bd921fe1da04edad
2025-11-02T12:56:06.263747+00:00,4d665d5db9435770467bac7e82cb62cd1c07a5ec9815732e284754a6c0b9e9c0
2025-11-02T12:56:06.388058+00:00,14a9bb0ca8de0681033aeb3a68d2b920ed8b74e8ba870b088599e991ad4451f0
2025-11-02T12:56:06.513750+00:00,3b154baf4195a20f76c4195f562f2b3d8a834ac3301f45e12e50e7d0a8676527
2025-11-02T12:56:06.641297+00:00,9a87497ef9d459290c0d10ef7d9f6a8c17f22cb110ffd2018e1cf5caf79da053
2025-11-02T12:56:06.765665+00:00,ddd1ec775a3ac0ca1190b4e109e9ec2ab5d3a69b97ee5249d29b2f44172c493b
2025-11-02T12:56:06.894723+00:00,9e5063d29804641a1427608da9a559f48a189aece5fafb720b16269b18afab2e
2025-11-02T12:56:07.301643+00:00,78980fe4cbb8069865f442c6118b707b6cef742ada969849cac505cc9a3941e6
2025-11-02T12:56:07.430805+00:00,7f672af6a2818710df91250983a18e1d9155192ed4c00a6f012ca4e74d7017b0
2025-11-02T12:56:07.559711+00:00,968475f0936057babba549ab5d4036e1787197a48520748cc143deb6832b6928
2025-11-02T12:56:07.686496+00:00,b38851866b97b00562b064c6197b415f85ca5846b7218d556943732b4c57d231
2025-11-02T12:56:07.815209+00:00,63a0e1abec3ea9e371ea0b9c6614458466228f996ed7eb5a3daf5ff5be95bb24
2025-11-02T12:56:07.938754+00:00,dfc5be67c88102f9ea7bfab1dedd839862393c81f97c442de8e143fc0934cd0f
2025-11-02T12:56:08.082039+00:00,7b429a59988424199d00a2bdf684cb62b2c0a5c44098aa5c955525857acd612e
2025-11-02T12:56:08.213954+00:00,7e3cec770f95a17044ca130ee4955b95bddc3ace7038a8806d5dfe8bb48a4ba2
2025-11-02T12:56:08.336245+00:00,c0cdd7a1d27f5be32761c485ed9fa838e45671c433b66bfb0f01d57cda8e7a2a
2025-11-02T12:56:08.456346+00:00,a66f6574021519426ac7980f69c27d5c8774cda0857bba92cdc488995255b613
2025-11-02T12:56:08.624594+00:00,5742129f3167c55c2c934f5a5f74082e83ea37fda8d00e2073f8f7e34898f858
2025-11-02T12:56:08.745614+00:00,ef81c56dbee049fd1ccc7e9895954c09f2acf509991708fa3fafc6c9efb1890a
2025-11-02T12:56:08.871349+00:00,3dec405c1f64fddef64de58316b869c323121f153d77110d4fba7c00409e67dc
2025-11-02T12:56:08.993569+00:00,d84c7e8ff1c0b42121a6449bae733ee23c614cd58dbf4d5ac067e6a71c364f08
2025-11-02T12:56:09.119758+00:00,7b232656baa3ef2bb110b5ac8e59c84744aaca7629400c6be15c181a9f8e28ba
2025-11-02T12:56:09.245150+00:00,99da0fe56e26ade0c89b922afeaa1f496bfb5bbdaf944284209032d579e6c432
2025-11-02T12:56:09.366137+00:00,fbf5db3c4241c2cc58d1d480a302876a61eedf01aaf5106539f52e4d1cbccf61
2025-11-02T12:56:09.485234+00:00,707d1fdef0d5d69e97b61e74efaac5a8ad422b51b1510a2723a121b6e6714ca7
2025-11-02T12:56:09.624367+00:00,10ad05b6cb867a48ce6a97163832eeca8df98323d88052cb28b259fe8f3de56f
2025-11-02T12:56:09.746407+00:00,0206aa5a0ce04fea0d3397c8ac379006c6524809cd44af38b49ce037b8ecd9ae
2025-11-02T12:56:09.878478+00:00,724a84989be3a4d786034bc31a9df3e17a3bb3d61d0f91ae0033c5815e9a972b
2025-11-02T12:56:10.003945+00:00,11fdfd7b7949f78bdea8128b4d65ceb7fbf95ec578a8236eb716c87055da3406
2025-11-02T12:56:10.129167+00:00,07736f73172d5aad8334dc8b5be3e5e062c7352124952c5bd6c334b47271d0bf
2025-11-02T12:56:10.250008+00:00,338e07315f149e0668348504c3d1b128ba7420f4718a64fd142c3738b881914f
2025-11-02T12:56:10.381717+00:00,bd9560b703e0ffac52bc257176277888df3d9f32315b760c652136f9cdb6436e
2025-11-02T12:56:10.504506+00:00,2e4756964e8400f75fa8bf38b2cb299cfdb9e0ac2e46a310a7e0b4c8fa6a277f
2025-11-02T12:56:10.628332+00:00,51d3b47ef3043e637c5c4c4f97b277966f95fd66dcb31f233f59e37ca4306c1f
2025-11-02T12:56:10.752530+00:00,3d81326b7c7c6358cf429ac9a8afd82afde045a09280b848b4da477cc947987d
2025-11-02T12:56:10.878404+00:00,02f0194d29a7709b4d8743e1e48b799facfcbc1bb178c52debdf656405e6390a
2025-11-02T12:56:11.005085+00:00,51719952fca3c55c8c23c82d3779550a2d6abfc7f9f800296e6ed9db5e46ecc1
2025-11-02T12:56:11.133306+00:00,bed6231fbd9accfbba786ae8a76e6e47efb17b271b65490be6e535e1b58dd6f3
2025-11-02T12:56:11.260065+00:00,213da5990f68640bf6174c4fcd9055be76f4680253aa31453b2de7f2e845e53e
2025-11-02T12:56:11.389287+00:00,eb319aea72cfb6b4f9b273e1a49b2cea2922f9afabe35afea77b4ded6ba478dd
2025-11-02T12:56:11.518826+00:00,188a767d11ddcc09aef56459c8f8814984303027f4ac89a5959be90597a279eb
2025-11-02T12:56:11.646168+00:00,c86aa60946818a56667e37bfeacbedfb48c1013ca87176fb4988dff9a71d2ceb
2025-11-02T12:56:11.776176+00:00,28d373feb86866185eb545346c85561cd9cc9dc6133dd45ae6a8f304afee3bd9
2025-11-02T12:56:11.896428+00:00,6ef5b891d88eb8d067758ba37849c2376c6e9039511b600f59126303b19c31b5
2025-11-02T12:56:12.027927+00:00,3bcc01e370ce6134a4b8a7704053671b2cf212db3a31c2f6dc423e22711a3c39
2025-11-02T12:56:12.156087+00:00,54c5ef99866070d155a8c070c4557a8c83e4c017fc367afbee21520c354eacb5
2025-11-02T12:56:12.483126+00:00,c728897df122fb44b561685ec4e74a4bfd38b08c410bddfdfe16a131dd127c90
2025-11-02T12:56:12.604839+00:00,7f414e92e6abf4ee63885c7b0b7fda71c65cade6974b69f645377ac201f6d29d
2025-11-02T12:56:12.732023+00:00,723cc66dfa95b6cd0c4ef64806385e37b4e705bac943cb587c981b7dedc7ef62
2025-11-02T12:56:12.855390+00:00,0c36dead4634326afed9abadc03ca2e433adb1ef6c254949f439900ac38abb71
2025-11-02T12:56:12.980191+00:00,9d34fa174970fdc0ceb5c479fc5a176cd9713bc01fdb09fae1ef3439fd18e1ca
2025-11-02T12:56:13.101632+00:00,ecc4d39d80538d56a1f13e85989e1042b97331ffb9d3a52f41515aeaf888aff8
2025-11-02T12:56:13.233039+00:00,fe53252aeb4fe7aa407fb6dd77580934fecbd6de6e0b612611a6bfe1df6b526d
2025-11-02T12:56:13.363676+00:00,161d202d70d16ad004cd88d2e1a5aa62ace3db0f20312a1ca9b10f14821e15aa
2025-11-02T12:56:13.496651+00:00,d5245b194bb70d9a1697f89ef13673b690554ea55590c518cb134de0424a4b63
2025-11-02T12:56:13.621721+00:00,1711ec3549c6f2d707f7c9cbb1de2157d31dcd60e74520ceccd88fe7799aa6cd
2025-11-02T12:56:13.741514+00:00,453c2a802e72fd348fdf624ab7eee4ccef7293a922b458e85f6cdfdc2fcfb9ac
2025-11-02T12:56:13.871909+00:00,4231a6cbb6438e1b596bab8658fc20f5edf2485adf1139993e24a42c580c0bfc
2025-11-02T12:56:13.994733+00:00,e4cfbb43f1549b6525d8953156a4e671ed8be2856a54f413aae46a0159609f75
2025-11-02T12:56:14.115192+00:00,a360beae66a47c55cad5496730a962cdcc95c969af702983296b99bdbea75ef0
2025-11-02T12:56:14.241399+00:00,5b631061d0b685ad988a7fd6fe424e9f52e5824db8d409abfbc11ce11c5241e9
2025-11-02T12:56:14.367235+00:00,ee23c5783228024c0d388ded111e9002e84527e3e1b2e1738a40dde115774da1
2025-11-02T12:56:14.496419+00:00,39aeff31e54e440d533aa7544bb22c75d7c90bb9554ef601caa2164021b1ddc6
2025-11-02T12:56:14.616336+00:00,c4360b117eaf9f931a1b5abc8a28f4231961b1f0eb5ba7f5e9e42dbb4859e31f
2025-11-02T12:56:14.738572+00:00,63670b40d73313f62d5435c7b1cfa793384bbe491126652d178361a6d1dcc5d3
2025-11-02T12:56:14.860796+00:00,70f0edcd92cb0110bac4b0143bfb2b8ce9d617c748287bfc6e7fca52fcddd58b
2025-11-02T12:56:14.982320+00:00,3ee7779c1652cfdd43fb11ad6e5c884314b3f5efb11b4930416a1f6b384b4ec0
2025-11-02T12:56:15.118630+00:00,12cfcf32487ecc0937af1d04b914ed66ca53b3913cd77bb56322e84956fb913d
2025-11-02T12:56:15.249607+00:00,9b77301bdf1a81d56448c88d8024c0e9aafad9e4310f52c0e5c1d7f9d001c65a
2025-11-02T12:56:15.379371+00:00,b3d9274aa607cf98ba6d2d0256c6d3f87b449d36cb86c5403563f811b9b2f653
2025-11-02T12:56:15.519053+00:00,b575dc994f92effa424d22453560773818af77e5b3d3d500277b3200151280c4
2025-11-02T12:56:15.643667+00:00,aa935fe19f05285bb634bc91914c41717245bcc7b264c3f3ec710e77678029fb
2025-11-02T12:56:15.769925+00:00,91520d1142a97a5953e11080e15f312c9b1a5469dcd6047e06cd2ae206ea4445
2025-11-02T12:56:15.893314+00:00,9c3f6eeb976cb17dc77c58a689eed872fd2aef6c553c60f7341060611b4edf70
2025-11-02T12:56:16.020873+00:00,798132fbab6de43d48757222812ed81563b5dc629f85598c926499d593d0fa5f
2025-11-02T12:56:16.141788+00:00,b09d7652258f90b73533fdf21a5e667bcfd61ecbe4e5ddb01df3d1fd7bde40c6
2025-11-02T12:56:16.265070+00:00,07465f9e9b70c08e84663b06497de99ab86163623c442cbc3cfd075cef411597
2025-11-02T12:56:16.390778+00:00,0b0266f4f14e7c655632723d5f0c986d5bbaf022f4960fec4fa168f6fbaca6c9
2025-11-02T12:56:16.521182+00:00,a476f5955a7761dec2744ba2ee6b5f93a10cf71d8ee62290822ccd2d00fd0cdc
2025-11-02T12:56:16.650413+00:00,06bda940df9bd41b9dab7d0f030d93584eb36113094a6f73dd0e9f2de58d6e2c
2025-11-02T12:56:16.779474+00:00,d3d0ddfec262161b33d5a5ef7fd6c393d815e8c55b12f2db77ad6ab1e4d92192
2025-11-02T12:56:16.903304+00:00,bdfb686b88e43a69aae29ab015256c8daee4fe9bbd4b37414334b62a95c81827
2025-11-02T12:56:17.025391+00:00,90aa1cb96a001981f74a3bba48168433b1584ce7079d5802ff01807c5d0b321f
2025-11-02T12:56:17.152227+00:00,94935b2b3b88822db3f7527d9e15558151143940695fbd762af923e4eea563fe
2025-11-02T12:56:17.273522+00:00,c9c0ab4a3d962334ba1783a9b470b8d3620eabb7bb08314618c9d0fd61ab4bfc
2025-11-02T12:56:17.401511+00:00,666a13157aede7ea1c4b9b22bb0f56f190cf280134adc5c64599713eeb6a7234
2025-11-02T12:56:17.782668+00:00,403eeab830e750e17d68a6aaf344476f9ee9d203d5e853cd1809096bee09d94f
2025-11-02T12:56:17.905661+00:00,3b2194d15c26af9b9ebb14fee4b3eee5955152fbced1ceffcd5ed0c2ba7c7a06
2025-11-02T12:56:18.029300+00:00,127e5620e7cab0a4ac95066b2d3ed07515119f359d6d466e055d902351cf9c4b
2025-11-02T12:56:18.158072+00:00,2979c8dc77df543cbc19c31d36f153263199b7069f51c579b1b5053a7cf92a79
2025-11-02T12:56:18.280026+00:00,0083265c1f32ec68e0bd6a99e8264c95000b60c495ee8bf6b68456f59938af14
2025-11-02T12:56:18.403846+00:00,5b68e2304c5484a090e4bd3e20d3d539bcfd6d5a6d99e9933fff3f85cb465dce
2025-11-02T12:56:18.554117+00:00,af7bde32a9913acc846949c81888e655bc4b718a2ee205fa12dc52ea9e428a86
2025-11-02T12:56:18.693664+00:00,71977f46cdac510d3f4a3c7b916e3c6ab643787d691e266d57f931d724d5bc2b
2025-11-02T12:56:18.822501+00:00,2b6555ecb83af43296c274b1cbebc850574726d8991a9181ffda17284119e348
2025-11-02T12:56:18.949389+00:00,82f479f2fa9cb69da75be50834e1ae31d9ff53890ec70fa580d47408b19c3673
2025-11-02T12:56:19.090156+00:00,051c6152574a88dce15754dc0ab557f54a6fdd6cd64f1624c50cd825dbeec6fd
2025-11-02T12:56:19.216874+00:00,36932a876b093e0dae7f9ee329b7de337318fae7e003f653d88cb34f67a1c6d1
2025-11-02T12:56:19.346098+00:00,56bef215cb36c7e1ccdda262ac6f2402d63d9fff346378c6650b8c021c1be589
2025-11-02T12:56:19.471835+00:00,de0b7ef85986381540db9c44711746301f85c824ef9de936d9876e0c352559ef
2025-11-02T12:56:19.593727+00:00,3a13897939db7963b7ba98cf56a6c34974b3c69b545b8960a54bc3ddf453af10
2025-11-02T12:56:19.717594+00:00,536b2c6c4ab654f874b97e1b5c12ad9a023166d2b18f4f912c14afe055fa06a2
2025-11-02T12:56:19.875125+00:00,ad1ed60916dc30745b892566d470dfaeffd07438bec6c56a257edc35a17fa073
2025-11-02T12:56:20.000639+00:00,b778053120c03da4455684ebe391f81e14ffca3a59b7d97aaea8062272ce888b
2025-11-02T12:56:20.122788+00:00,9d8a931e0584d1cfaf91f7dcccd35913df8c748663933e66c1c9a5ee893772a5
2025-11-02T12:56:20.245982+00:00,849736b18a2a675d2754a7898cf689bcfa2bcb1e4f7d78d7a5cf80bca12ef5da
2025-11-02T12:56:20.370822+00:00,9e6c2ec5257d91c82ac9f4366b0999a6df7d01de3027ac5b603cf748cf876524
2025-11-02T12:56:20.506773+00:00,f408d41a8ee96d1230d515fad091b33b215754969edd0f4c4cbd6a923cdcf886
2025-11-02T12:56:20.634674+00:00,c19bcc334bafe0a39ab7d8c1844ee9f2b191084598fcffa3b3bfbd686ab04f8a
2025-11-02T12:56:20.764245+00:00,745c52ca7f3263e18533cd1e6a03251991511102395c6ab06c8d0cb39a7151af
2025-11-02T12:56:20.890789+00:00,9689356be86ef6fcf16340dff064bea7bd7ce3f8a6f4310da6cb60cdf87eb7b5
2025-11-02T12:56:21.019337+00:00,cf801d6574ce591656784fdad3c10119725da0fd969fdef1985cffb530cddb1b
2025-11-02T12:56:21.144291+00:00,347bc56a8052c8010bdc44ce567c0a7bc2b9f4327a4524af77e52a5d943010c9
2025-11-02T12:56:21.267761+00:00,d375d5edf63dd87e6ed9326ffc2fc682bd56c764a5445f526b92e8b144a58040
2025-11-02T12:56:21.394727+00:00,af04406968220f1b18fa8e1c17e29d354f8b3be5c45eca2280fc24404beac40e
2025-11-02T12:56:21.527184+00:00,6d66c7b49c0210fb98ecf13b73e82024b367397fa4c6abf1afe7d3e6b8b189e7
2025-11-02T12:56:21.651163+00:00,201c153bf17b1e6d8fa8749e83cf62e4624009dbf52c73761ab4d709a6e7321e
2025-11-02T12:56:21.774215+00:00,1a0f211c75795a68f3f26d4b925d0038a246e41ab1f2d664dd54cc34be9cbb15
2025-11-02T12:56:21.901497+00:00,bdf8389e392c6e73977ec3d0bc61829c62805167042e2f38e07d77361a0e010b
2025-11-02T12:56:22.027374+00:00,6c9676a00561469ab367164797d7ae82e632bfe25eabcbc87e15f49a38f6a6f4
2025-11-02T12:56:22.160117+00:00,ada9c8129fba0de9514a26230f98c89a5becf5825bdb827c67978a67b9fa3bb9
2025-11-02T12:56:22.285012+00:00,942eeccbfb0bee8f833b7bb34eb2bf0f125cf89e6ebd93652860fcaf8924cc57
2025-11-02T12:56:22.417642+00:00,00a56944e9b481dffb7ef65fe5d1cf4bf65707494ccea8102daaae764ce5ae94
2025-11-02T12:56:22.542399+00:00,0c69a6a1db4b225689803cdfc7cbb2649169b2a6ce1d75933aa8c1f8bd168d04
2025-11-02T12:56:22.674376+00:00,0c731f311073efdf0a71cbb006b2b222ac4b23534439461c7633ac8034a863e7
2025-11-02T12:56:23.037062+00:00,a1f0c76209357ddf568638707471cc34bae3bd74dbc85bcc572f172c266ae40f
2025-11-02T12:56:23.159444+00:00,44dfa76fa8ee02601a518c2f195d6b252c5cb1e51738d284b11dc26390023e66
2025-11-02T12:56:23.284717+00:00,bdbf348d3c53fd5a237549cfbb9751cae373557479df54dc2c5a4247a98d3e9e
2025-11-02T12:56:23.411518+00:00,9a1df20a934d4fbf8c1e96e934a4fe2e95f8449f68e4d89dfa887ce16d90f243
2025-11-02T12:56:23.536593+00:00,6bf2af5f4187a6c97eff88b8140fd30dffba1f4191e8a5924d61405312cbd034
2025-11-02T12:56:23.659738+00:00,6dddb8034b83d2b5665c07fb604b3df6cc3790a0759923251b2cbbf60ff93e4d
2025-11-02T12:56:23.782022+00:00,cca900831cff72f1300eb0941d0f1fd23662bb5e08132a23a801848a01939a6c
2025-11-02T12:56:23.909728+00:00,96d277544282faca468b31c89b9e92c37a9acff5f380418e0cbaa45f4dc4f5a9
2025-11-02T12:56:24.035851+00:00,29826f0c954336f3223b017e7e31266bf36e938499af41e984da6be2db848a01
2025-11-02T12:56:24.163890+00:00,5a99e696c57d4001811104f5273e3bb659d59192d12e91aa144e5d2a6488744f
2025-11-02T12:56:24.287553+00:00,8a0e0da6917b5145135b7857edf8c305820e6a45fec3f1a12920832ab0119115
2025-11-02T12:56:24.410556+00:00,488fbb73a0bb8c1ea6e2c49a6103df1e726d4c507e7082a90072e0e345f0ab7a
2025-11-02T12:56:24.537948+00:00,62b259292510199ab7bfcb7c9a27a834ad4403baba9e370a840616bdf965d8bb
2025-11-02T12:56:24.670987+00:00,2d7a17e0b5ca38a5c95c294bf0c5370200a1b7f41f06120bd988b99e22ad235f
2025-11-02T12:56:24.793375+00:00,4983e37c2a4c3c9ad03cd08fec60c19dcc673f25c6e168d89ef826faca055fd1
2025-11-02T12:56:24.920085+00:00,7383320ac75cd2fab49453b29aec6f2509f62183ecf95245aad6a6d58163a2ce
2025-11-02T12:56:25.042860+00:00,3f0575251dcf6f99d09d8e2179cad43c236880378479dae26333c20377954ead
2025-11-02T12:56:25.169599+00:00,a075528877a0280be1f34c84f3ed0c483bef6826d31d899791329e0cd9e862fc
2025-11-02T12:56:25.297826+00:00,cf36e06295318b62a3e358249ad52de68ba446b719e59feb37a8abfeddec2d7b
2025-11-02T12:56:25.422277+00:00,101b4947bac49baec0efff2f34c5237046090b35e7a7d8c91c0445a8342030dc
2025-11-02T12:56:25.546669+00:00,80012ffb5bd9513d6e2d3615179ae0a8fddda0042e64e8632e9e180cb74e2e14
2025-11-02T12:56:25.672014+00:00,cba8091411d37a8efce8ef68951294a260cd42a8206240bb24edfcf5a61cc13e
2025-11-02T12:56:25.797928+00:00,bf17a58b7cb5411de182d91f17346332038790f5111ccf444154254bf97e128c
2025-11-02T12:56:25.923215+00:00,8dd56f4215faf01433c6066df1ededcb44628b702d2e46f605b20de8486371ba
2025-11-02T12:56:26.049001+00:00,ea1674b5bfbbb17901fd0dfd9c4a0b42e93ae1899345b232ce417bb14cd86893
2025-11-02T12:56:26.178438+00:00,400f4a1ad22615a23c469c23fa880189caf2e1d49dc6353e90c282cae9211932
2025-11-02T12:56:26.312259+00:00,6ba6067c5109a883d75c91cd012ee5f1196a675f599f49d7aa78bd312c20a1f7
2025-11-02T12:56:26.439845+00:00,d7d79e26b4d35723e8467a58d95ca5f3d80ad6e00c907b0e77021b95f9a96887
2025-11-02T12:56:26.567890+00:00,6f5d082e5b7bfaf764ce71190322cd6d9d59b078db4a5e778ca940e3a7604e14
2025-11-02T12:56:26.691882+00:00,f7a3d23467381dc03be956da6a8be9a25ca6fcee74ab6bd245c234680bf67a22
2025-11-02T12:56:26.820811+00:00,ca62da77928c110559fb46e2b154e3026eb5042b3551707175805c8b4437c026
2025-11-02T12:56:26.948248+00:00,d50b4a9f8dbff84e2f27f6fc4efeabd31ffc5bac7d5534bb713c5551a5e0dda5
2025-11-02T12:56:27.079514+00:00,99323b8f5c2935b0f3d019f7fab5cae69de7ef08689aeef3cb1b7efa5e2086f3
2025-11-02T12:56:27.209838+00:00,23205f568b6b74759796f1d5488a9468f315c88cdd78785d4598c0481e1c1402
2025-11-02T12:56:27.337665+00:00,fac8c224ad98fa8a39413b98ad0e6e6137208cb109cb9c67c96449e98b8cbe75
2025-11-02T12:56:27.471123+00:00,fd638a20865fe2fb3529c530a3739f696dac197caac2d1e1c4244907856ce455
2025-11-02T12:56:27.637888+00:00,793002d306a5a47d42ef8eea27d39b33509ff96fb081eb175483db72dd0d7b95
2025-11-02T12:56:27.762908+00:00,37dd9f6b2dd379b83076a7668adf43fa2045e0bbc591f9d2f5fa662c9806c255
2025-11-02T12:56:27.894561+00:00,eba48b9e399a6e532a28e196ce1666e8687d558c8d495b08af488eb63ad8f73e
2025-11-02T12:56:28.224521+00:00,58ccbb2c7b9c70b0af7d3c5fe0d33cc266a55417f4e7d1f8e4367675c6dcac6f
2025-11-02T12:56:28.350432+00:00,55f63a68e21b592eee3944e17f8cd4b134207c306e8afbb20426d2e07ea4d702
2025-11-02T12:56:28.472266+00:00,e5542d595fdb989da555dd857fb172a14ee7558277758ec3e04158723d92867f
2025-11-02T12:56:28.596074+00:00,e63fd0f2cd02fc1fdb2a1f684e37a9af3367b8b1f867323ada926463dbbe8366
2025-11-02T12:56:28.731575+00:00,e1d52c4e822bb543a654450f059bc109ace74d19d1d2fd0f62830b36af6555f3
2025-11-02T12:56:28.864033+00:00,9d712ea89c8ff7076fe407b3bcbaca790a9e39d9f5cd577b8e68427c18c26154
2025-11-02T12:56:28.995758+00:00,143556eaf23ca3b4d6faf5d6030ddc3c2e68a867953333259ef8d29b00ebc5bd
2025-11-02T12:56:29.124587+00:00,d6744fbc5cd2422f13e34e82d04b3329af4f7405bceda53e504813485bea5186
2025-11-02T12:56:29.251749+00:00,b1e98f536f68c2506fa07cf2aa95e38894e4aa888716c893d907a0aba0604728
2025-11-02T12:56:29.381855+00:00,9961bb8fd8557922f72e3a9f7465fd76ad5880477724d77a15b7c804bde39c87
2025-11-02T12:56:29.516721+00:00,68188148383186a8452fcf2fefa1e80dea2687663cd25267f8e5effc0bef69b6
2025-11-02T12:56:29.642077+00:00,d7dd1f2fa7c9155a2158e83d0913f438b22c84d444cba199747739b4fbc419b3
2025-11-02T12:56:29.778482+00:00,888f5b65975d3234122b1f730955ab49665c38438a446c7688de3677008a2487
2025-11-02T12:56:29.905599+00:00,f5b9f0a479cbf43c2a39be493b31ebdd05e120fefcba437e49944a98222b6e93
2025-11-02T12:56:30.034113+00:00,976e173ed9751dbd650852be3cb04a60e78b08ada1776c1950dbdb96fa56eb17
2025-11-02T12:56:30.167728+00:00,74b124826da048c0a0ba2bee23664ba8a7ce43348cb185dabb67ddc2736c93cd
2025-11-02T12:56:30.294457+00:00,545834f54c09b1f89baf1ffbc14a1d1c09596eff9b2a48cac9b6699898987b43
2025-11-02T12:56:30.420842+00:00,782ea60e8a2abecf02cb21a3a198c9002b208f754de04e8670a5f35d08cdc3c4
2025-11-02T12:56:30.562696+00:00,4ca2c0d2a8449ddaddf0e94499deb62105101f22090227f13de39b83c737dba6
2025-11-02T12:56:30.687369+00:00,de157f4c1d8ab935e6d51538d4a72a4cd36b94cda9047f201a7d5518b64282b0
2025-11-02T12:56:30.817148+00:00,8d1c28271dd5a04b6aa9ac5d431eb3c673a08e9db9021ed8a42c68d25bddf5f3
2025-11-02T12:56:30.942096+00:00,1be088974290a55f6f3b1287621f4f52a4c5972833a88ba2a43be9dea0857e04
2025-11-02T12:56:31.070260+00:00,d0fd5e77d283d950350b282e26c9c84e6e44d47aba8e6b381e2b832cd1860eb1
2025-11-02T12:56:31.197865+00:00,86d9285f48de7a00ab0f7b3675701eee9957bb186004f05c0c4c1b2bc92cfd57
2025-11-02T12:56:31.323930+00:00,3594236208be1dac0b1d711b661aa379d77f10ebcaa026ad4244aadd1fea9269
2025-11-02T12:56:31.458669+00:00,a0c9532295774afdece7c964f3ef9a25dfae9cde960f5afe68c684394e2c97df
2025-11-02T12:56:31.582429+00:00,35a7dec7006ea6a6b37634fd809685f59b1b386ca4727def6ef9ec9f110db3e6
2025-11-02T12:56:31.717207+00:00,bbdb21d43a16363e9d6903216cd9452d950c9cde8577741859c2657482d27ac7
2025-11-02T12:56:31.843699+00:00,d86bf8d585c0fc54d14277c26c38cd7370ff6ea56f5e5c431de5850ef8cbfbae
2025-11-02T12:56:31.969609+00:00,ef91f999f4eb6b5523282d3e774c61a37a357da3aa5431348ebc46d185c82520
2025-11-02T12:56:32.106457+00:00,9b5efbeaeed4a8d2a6c0aa2be0a8c4db1365c292344c6111c6abc2f8281d2c80
2025-11-02T12:56:32.236890+00:00,2f17873444426f5be02ccf23e8d5c4f8faa00e3298a9d24a662458df05a3d05a
2025-11-02T12:56:32.367564+00:00,2203d1a3be7872726c2a9aae7e55aa69898c27b0f56d4b04fbf445a35f9512e5
2025-11-02T12:56:32.492259+00:00,994c3c36e731457512e093f2d774755e0e911a710a50d9755736b9f430d4727a
2025-11-02T12:56:32.640010+00:00,7036780cf3a831e25f74b93606e93aef775eb06d26860ba708b789e1cb340da8
2025-11-02T12:56:32.769631+00:00,7a1f19902b82ca8bb5092f69ace33f4c5f79c467ecf93963fb58a4f80b64cad6
2025-11-02T12:56:32.895979+00:00,1675f58b52b4b429b7437189e9a92fcb64c5d56f327f792ae4007e258afad586
2025-11-02T12:56:33.025839+00:00,e677220a55a3cf5f47682e2046b48ef52a05cde6de20a67cd7e3d88ee6a29daa
2025-11-02T12:56:33.165552+00:00,4ed53196d7c7a95ffc24d18f58b74ff2d3b34e139a60aad49c6afeffc6993426
2025-11-02T12:56:33.745603+00:00,ab82f5474586532cbc3a39813ba3f12cc36ad1ef3a8e4860d8364cc40cff0b6a
2025-11-02T12:56:33.924708+00:00,4bdb298e6715a6bbb501910dfccd8a8e73974d866aadb4a24297fe0bc6973196
2025-11-02T12:56:34.066211+00:00,f56923f7c62fb1ea2f93ff906611f7da95a3a074a9417934e3fe981a59edad31
2025-11-02T12:56:34.188760+00:00,082e6eee974e57e4f8dc0f4ea31fcc172e49313469c6280de11e694bc0c76aae
2025-11-02T12:56:34.312768+00:00,df4d9cffbe04d4f237653a400a1a66a56ac4450d52dac789e6ba0f3a39a6e938
2025-11-02T12:56:34.459626+00:00,dd7b0016184bc047ac891ddb070537b49b3ddd96ad23289c9405396de9568fcd
2025-11-02T12:56:34.598464+00:00,a35ddfb19aaa5ad225d0fbb201208e1f5d2a6062612a37e7b87d92058c2c40ef
2025-11-02T12:56:34.734090+00:00,b7a64f2ac256a915affb6811f5e9d160e656bf7d968799171659ecb3a83aefee
2025-11-02T12:56:34.865685+00:00,cf4e2a169e3db12a50a1de2a0af8f0021ba35c6a3f7cf097b511cb9b46e155a2
2025-11-02T12:56:34.995070+00:00,b8bfa6760c2989ce0ce14020f98719c1ac052590549558ccb7555bac7a64263f
2025-11-02T12:56:35.129052+00:00,798a498deabbf685e62800c2e747e3989170086bab454d20d2ad717c71d88e04
2025-11-02T12:56:35.254776+00:00,13e7590d6a2d06c969fb0b773a8be4f2fb9cf91c01e846f33c007b2db8766cc2
2025-11-02T12:56:35.386186+00:00,209497037b2d2fe88df5176609098e8c6728f08a6430bbcc2b7ab2223b5567b3
2025-11-02T12:56:35.519243+00:00,d24ccd7d9533c177179a5a3c4993ffb9c362db8c56e5d8a6ce65835734988ee5
2025-11-02T12:56:35.656041+00:00,6622a124b55ff6da495c47bed4001cd35a078c0af227adbdd3704da47fe677a2
2025-11-02T12:56:35.800167+00:00,ca9429bef8d43737395fc0b08164aed066a50af9e5d9996c9235cb45b73d4fbc
2025-11-02T12:56:35.937066+00:00,9cb78407e3b3ee6faf1c41bbca5efd58039002edd75eac606c55f6281fd00ade
2025-11-02T12:56:36.074266+00:00,c61358a9b26fd41935d0dc9ddedb6a3f2bef8ead890f14d3972b284d936cd46e
2025-11-02T12:56:36.210447+00:00,ef543a230feff770913d3647afc5c32d3c0b98edb03f0da743fd08a9584e6f51
2025-11-02T12:56:36.338220+00:00,c88e462667536976f69a0407a4148d2626a2dcaedf550b32e70ceaf9e2534036
2025-11-02T12:56:36.466369+00:00,c3ce4c59f2ff3e17e2e21c838090c0b3029ff0b27d5a0bab8440aa3fca47e3c8
2025-11-02T12:56:36.611869+00:00,7f0feb19536d4326100b6f90d5795f0c9e0965cf38b0ae55fbcb058095c3ade7
2025-11-02T12:56:36.760546+00:00,f7bf105f13da9e06d78c1b4766edb40874d4e23ec5ec3f98bf75dcc4733e9251
2025-11-02T12:56:37.154716+00:00,dc3c9fedbb8e846d4b1cc3e8fbf80372aaded418e5b83358f9588adc81ff48e4
2025-11-02T12:56:37.299582+00:00,412af950f7e33ed5ea018ec99ce41290966ae61bfed67f13c2a43fef8de00a4d
2025-11-02T12:56:37.435146+00:00,358a3ae669677f22d4d8118dd1accec4b2ef9d907749aa686c54ec441ef87573
2025-11-02T12:56:37.578528+00:00,22e9dcdc02adc2d628770f218b2f55e4f642fbbae8985563ceb038296537bded
2025-11-02T12:56:37.720603+00:00,6e282ff309aca343e41d356c47f64e42aa79a1ce6dfbdc66f788ec9cd38e160a
2025-11-02T12:56:37.853994+00:00,4fbc88ce9642bfb4af553eb9197e582c27fedb6341f53ca02aad2cde2f3f3eed
2025-11-02T12:56:37.980057+00:00,13fa5e6bc8dac8a79e8f093707e91f53d16c56130184533dd9db8b6c0a45d85e
2025-11-02T12:56:38.118515+00:00,a5538a7f9ef597ca0cb3e4b43a10b93a16d1c13837e8058bebb2eea0fa037969
2025-11-02T12:56:38.252557+00:00,b7f561031a577f4b5da9ce9745ff54a2f3c196d9a23ba055928b14e80b5b13c7
2025-11-02T12:56:38.381053+00:00,17d5abea70363dab1ca43878c2d67376f8e450c935fb70b23c8df2f875d22d6d
2025-11-02T12:56:38.789589+00:00,487829c9bf798f80d7346b769de784a772fa778f74c4cc873f9bba6dcf7eb4e4
2025-11-02T12:56:38.919121+00:00,fab19997bd9a078983d0f37abfc1a0cb4ce48037a23b7dd2f4cfc61916009758
2025-11-02T12:56:39.047779+00:00,35287217b4f7d0709d5e7632962395dd964b5531f89567d31900eaa7cbaa206b
2025-11-02T12:56:39.176767+00:00,c38000982aaa60f84436a35ff1bc454d381956b20153b6747d59b5a174b5ec2d
2025-11-02T12:56:39.305519+00:00,5f23f8acec46f56504fea820ebdeb34075b31c124c7657bc862dd7bcea23da05
2025-11-02T12:56:39.430332+00:00,90bd57b0b5ea6e17e4360921c4141f99f2ef6daebc1c59715edb0b4140f73d88
2025-11-02T12:56:39.559932+00:00,3c15224a348c48abb1e048b5c5f3d232f0127b41da80fad6f25e2feb36372ddd
2025-11-02T12:56:39.692218+00:00,912ae365186b67559e5b2b4659a5c7497d3aacccf68ec31c89216bfce948959e
2025-11-02T12:56:39.870821+00:00,321f966c71561bd39f93aa5e169a04f1c448eb0d2dff5393e38837461f44654d
2025-11-02T12:56:40.025736+00:00,340d0e5ac95578f5cbe1762e27e6c32bdc2d7bf0831d38cb0859e244c586d172
2025-11-02T12:56:40.151437+00:00,db17f0c7f8cd4820c717f491dfcd8528443bef396438e9ad7a0202267cd240fd
2025-11-02T12:56:40.274793+00:00,728fed8748da1a47bc9dc70ccd361b1419dce7c1d93d4dd429636a5bf0c418be
2025-11-02T12:56:40.405361+00:00,54cfdc64c2d9ba217a0598ab018c6b9194dfcfe26fffe48f5516eb7b73770afd
2025-11-02T12:56:40.537015+00:00,2c11ce0891260c5d93b8ae630bed9247179def563f8bac9e1687c8eefb64bb3f
2025-11-02T12:56:40.678681+00:00,ef06183eeb05d6fbc4d0eb5defcbb08aaa4998d8c254d8c367f0c1ebd8e3ad67
2025-11-02T12:56:40.807698+00:00,7c8b7e93cb0a8a30677500e728836636abccceef7c221776a8eb80348d3d5469
2025-11-02T12:56:40.935935+00:00,916bd499a550795f913e281f893550ed2ff022afb5978a82a15a1ca83403c02f
2025-11-02T12:56:41.067844+00:00,06209f7eebf34ebf45c6b8b19fb5b0564098b39062b6000420d0a7ce6b4dfaab
2025-11-02T12:56:41.240436+00:00,962f9e06a8c4951167b845eb5fa2de493e762d3de7050a98a434c0f363b4181e
2025-11-02T12:56:41.371948+00:00,1addaf8c9a24f388cb48fe6d9e345c1df996db6a8e159060747fa8fa5be2ddcc
2025-11-02T12:56:41.498143+00:00,304dfdd788adbc2c77c56db83651ab4bfaa112d36c919d2828754a303d3d0d9b
2025-11-02T12:56:41.623814+00:00,6ec58c82b9d27155b3d56728d03ca2c9a6c46e291d7456bec2561871c5c65614
2025-11-02T12:56:41.750799+00:00,ff13a1251e316f989200e3f34e2ef1b621e6b22f26ed7f2fd063f77f00219995
2025-11-02T12:56:41.883684+00:00,88413611cb697bec076a8e3ad437d107044a8e132ed460b5a1b233f937e617a3
2025-11-02T12:56:42.013601+00:00,40796f4be35d181db7da230aec10adb23af668c61d3643be17a12090cec67cdf
2025-11-02T12:56:42.146948+00:00,b7622f400b1d86eec7c9c673ecaf2a024ebb6581c9ca91bd78fa5524584f3fbb
2025-11-02T12:56:42.274003+00:00,206651d04ffa01bbff1011200d1506b97ce7f8a33e8a0874122d8b6d2e6d2b0b
2025-11-02T12:56:42.404810+00:00,e27191ffbdd45b240fd86375c45932acc602ef983f62c77388ca1c45a2d0f500
2025-11-02T12:56:42.535822+00:00,53a8d8c71be208a92211ed9ccdeea759db7a714e246b08bfa404dba1c3305098
2025-11-02T12:56:42.677673+00:00,5d01bc24d4905552840a15e497e3df936be1e6a21919acf53ec4a43e9d52f7bb
2025-11-02T12:56:42.814014+00:00,98434cfc5c7d282d18230e11427569ad88b8303f49743a1ac0b505c85ff9d4f5
2025-11-02T12:56:42.944303+00:00,31bff8290b1569b80fa8065b705f8bf412d6a1f9384ee89ac5904e0224aaa0a1
2025-11-02T12:56:43.089234+00:00,4480d7b3b03d9363dc106b6df482382269243e102b6a4fdc7477d4411e79f531
2025-11-02T12:56:43.218311+00:00,1dd55398cbe9e9400431a0def2d6c27db6204f3a090e0c2e6992f0b602b50a7f
2025-11-02T12:56:43.353287+00:00,f64a9adc6dfed53f1a750827f3fde50cb38ec365e0d3eff6254429ab74a43638
2025-11-02T12:56:43.482074+00:00,65b06d42cfde16775f57b97b6f22e4302f222b5c2a0d82150d6df21eb52418a0
2025-11-02T12:56:43.617804+00:00,33757145f391769ed6bf9cc61bd0ac693260cb69ff1574c81ff8cac10f093848
2025-11-02T12:56:43.956372+00:00,159073d4c121715771b693774b565b924c1676c0538ff5493b1084e0004691bb
2025-11-02T12:56:44.085679+00:00,201070e6a01a93030ce988c6bcc875fe68dbc27f078401eb1b00c323a13229f1
2025-11-02T12:56:44.213145+00:00,82d2f56a3b8f9dce2202eab81084ce39d89381b343137dab42edeab7d78bcd5f
2025-11-02T12:56:44.360357+00:00,aa967b738e0b55b447c6fbe6162b5ffa64138a7605ea7fab22aaa941440f6d35
2025-11-02T12:56:44.493252+00:00,2ee261a4c480311eeb7caa9ea6407b657746b89385cbbb5d6581e62e52f67354
2025-11-02T12:56:44.619243+00:00,32719141a918f54acfae2abdd8884d9894676f50eb3e3502219ba12794cf80dd
2025-11-02T12:56:44.744135+00:00,46f3a1b0475f271e45776a9e62cd946624848826fbba8b84cf3da43ca03e24a6
2025-11-02T12:56:44.870343+00:00,54d47d57baf071ea14aaf65da78b5472147f2eb6a6d163d34e57e02ac6cca611
2025-11-02T12:56:44.995371+00:00,0fad57075ca9ddc54b0b675a3a88653db906313014ce7cca17518e810145c2c5
2025-11-02T12:56:45.122444+00:00,c4906303316cffb2ff05e8414b024073aa9237805b1431e3bb20f7d2b953806a
2025-11-02T12:56:45.259606+00:00,9f90fa930b82ca735f3a46bdda5f628c74d8550e76880c3a8ecf6f8b7c58ac6e
2025-11-02T12:56:45.386537+00:00,e13d695d6610b162ea9bc2685eb06a6281ab1a8eba21761c5a26e299e855bd04
2025-11-02T12:56:45.510938+00:00,c437fc125468b709b8e6652b2159c0b6b8a5dd92406f5db826b316d425dbca43
2025-11-02T12:56:45.637081+00:00,39c737af9858825e41ef57b44855117bc84ea8907bca6b37759860a17a57fc85
2025-11-02T12:56:45.767024+00:00,b4e2539df423c82a4caec70e0911778a5fb12e412a5a3048daa5f2e0b6c0cd08
2025-11-02T12:56:45.894510+00:00,30402acbb04967bd7cc7217766f3895dd2cb382bd014282c75d95e0198a369cd
2025-11-02T12:56:46.023787+00:00,da604e9c6e8430d5fb9a52e9dfb171103194bfd8b6b0180c04cd837654b5b078
2025-11-02T12:56:46.154175+00:00,532e34f01e42f75b9b1285178195a65c187fe1b273932c1c8f586473c0ff3db7
2025-11-02T12:56:46.282692+00:00,05d4e89a4193bf909a43432b893e5714d3feb547c848c290f5cac7f7b988cd68
2025-11-02T12:56:46.412747+00:00,275c86e5d321693e56499f83d7fa931d3fbd9b06fc3f06c86019d78041602a1e
2025-11-02T12:56:46.542649+00:00,f6123c62b3f94f6b42dd7fdb2389348cc75c7ec34fe6e2d33a744e56da702570
2025-11-02T12:56:46.672677+00:00,79067daeedb973f41ce34e34815300e82dc8e330a01c79e06ded49563ad93be9
2025-11-02T12:56:46.801015+00:00,6337b68a543adf314c3b031f70dae54840f97e0acd4cbc0f28b656f3c7274ca6
2025-11-02T12:56:46.927893+00:00,2c00497d9de90b042888e42f7991f30da401f67efafbb24cde174aa2a0ae59cc
2025-11-02T12:56:47.060724+00:00,595c0032b6b7a707820756c7b9717f2041d3b94af2264d3d9f9d9166a3218adf
2025-11-02T12:56:47.186952+00:00,ef7b9d3a5983b56eecb457c1b68bdcf4161f74d77f7709e5517c7f9ecb3d7443
2025-11-02T12:56:47.313140+00:00,16cd20a661510d5b08e97a3bdd5a583cd070e5bd24043e7dbc96935bf3a4ae5d
2025-11-02T12:56:47.452381+00:00,97637aa062f307cfc2d4df59cd2c6164cc4f4f8a59417a6a6738e310e8c1a6e1
2025-11-02T12:56:47.594994+00:00,63b8f687a8af57a89d32e04266dc5c325ae95c1766c3f473ed6d6583c0500a5b
2025-11-02T12:56:47.758717+00:00,58a8014d5f23e5fa5377f0477ab21f44aa47b4bb44908bb36792eab6071724a5
2025-11-02T12:56:47.886834+00:00,1c700828d8083a36176bab5e8ef12357885e63286f12731bbff4fdd9ecaafba0
2025-11-02T12:56:48.014099+00:00,55a3ac1def0cb237a5dcc61debc24481b96e292462b70770c33563d336831a74
2025-11-02T12:56:48.145168+00:00,c7a5581829d4afe294d61f3ad32e7c1b4de96b60c88760f1d57794095701fd0e
2025-11-02T12:56:48.272890+00:00,30ffc91a8f8e17d6c9cfb0d395318881d7466ca6c112f27a7868d8b13b9054be
2025-11-02T12:56:48.401668+00:00,bdba9cb8c0516f86d9f1a92c4b5a4e231e6e0811bd27471863efdc5a6f1c0d42
2025-11-02T12:56:48.525370+00:00,dcbfb2ec914b09d00492261dcfefe98349c65503d2c4322daaffcb20893eb9e2
2025-11-02T12:56:48.663719+00:00,faa1a24441069cfd7e3197b17b8d192b713a22b6fb021e72e03a53961b0aa449
2025-11-02T12:56:48.810413+00:00,050fe937e3f1ff3827cb232a245abf4ae894bad951e80986eb72696c03ecfe0c
2025-11-02T12:56:48.934103+00:00,7ae8bbeb20d4c0cf96add3438b6c95174372964e8d4c0766d15f476fdb3d1386
2025-11-02T12:56:49.104982+00:00,36fa25b299c0c4d3bea707d32a5394338528f695f21e024124e92c7a4c020a0c
2025-11-02T12:56:49.231367+00:00,99e034b3a534058963f90cac8fc0fa3856ac6d984ffd00dc6310ff152ad4a132
2025-11-02T12:56:49.359376+00:00,4f6fa0abaed6eeeb0c186cfebe75eadc1337fd7972c8e85a31758b66d1bddce4
2025-11-02T12:56:49.485010+00:00,25b28fa7f237e5e9a784b0155774334dd93f9058f2288cf0cf784b7dd8ecb49b
2025-11-02T12:56:49.611508+00:00,0345abb7a489462f91192bc62e28635d4787a179a44d6b342b4c0c8a2330ad69
2025-11-02T12:56:49.740855+00:00,12e1ed5dba0a87d28526f1e7d48291d686b01f88c2337cffdd061d6085a1696e
2025-11-02T12:56:49.869314+00:00,36afee8c902afbe1c7b4a5c00c0e0d511a6e6f606e515fdd84330acfa7869bdc
2025-11-02T12:56:49.997580+00:00,6f414bbe3f9f91767f2a5a7d5b69270d6ca7ba198577b8729601db8694f36634
2025-11-02T12:56:50.124894+00:00,e327bad131f90d95cb4919ef6b69670700e8d793d0dd6e0403b7f072693e921d
2025-11-02T12:56:50.249539+00:00,036008d269ac5cdddf28768edcf9ba30e775cb6e6ec180c589eaa11295ca23da
2025-11-02T12:56:50.375012+00:00,dc712825eee8dd4c5cb08592d903eaf13195dec152179f99c3b52611f68358d6
2025-11-02T12:56:50.516389+00:00,9253a273613d992fb77b476e96bdc014e2f3bdd00943abc1b7cdbb4908c0de45
2025-11-02T12:56:50.649183+00:00,4a0ad3456cef1d066b7348f6c625792fd1232e9aca3d599135c42bbf9476659b
2025-11-02T12:56:50.777930+00:00,d8d59a06b33e5f771f22c17dc6010db9738bca0081942b8a8979b77f0efe4d47
2025-11-02T12:56:50.906691+00:00,f439c27430106e6936e454976c8117a97ff893eaf15d63a0d140b743222eb667
2025-11-02T12:56:51.035679+00:00,3f73cfa5bc8c5869d414216acb7ed4560645de9538ad1a887f833a9ff52ae666
2025-11-02T12:56:51.162945+00:00,453314f65991c41a2063c6ab024b533c310968a79c136efc5c8923b312272f34
2025-11-02T12:56:51.298219+00:00,0e1e593a222e5b3c424da217d9de1cb6c9a53cdc1a6e3ea14b4b1cdb34dd19b8
2025-11-02T12:56:51.431312+00:00,ab10f8db81f5b6ebd61faa22d0c84e6dea897035f4c6cea6d782b057e056224e
2025-11-02T12:56:51.561010+00:00,f40a8ab1786b8dc3f829d80073808768e5abba1cc48012d48b16a776e284d2dd
2025-11-02T12:56:51.685335+00:00,05de441c62cad6207316a32907560b8b7581bd9a783cdcc6bca160288a86e305
2025-11-02T12:56:51.826221+00:00,eb1031909d4c0095785efdad122d61f614110f40ba0225685640a814d8853bbb
2025-11-02T12:56:51.952984+00:00,c3b973710704370f2f95443415bc9b860772a7da469589e4093f13426114c8ff
2025-11-02T12:56:52.084925+00:00,5b38112054f18d7e643f891b2ceac21664976ac786da3028076deffaf8edfcbd
2025-11-02T12:56:52.215857+00:00,1b0698f512d30a6e5ed88fef9af4ecbad2fe5fdb3db54e3adcefa1fb30d2f1fb
2025-11-02T12:56:52.345803+00:00,ecefc8b80466bdb5278bbe6a2c98d495770578e175b5677d49347b76d584c15b
2025-11-02T12:56:52.472393+00:00,3ec8308f2d692e19ee9f8de4fbdb592bf511eb5e60044e3d7b66d39ee09d9bfc
2025-11-02T12:56:52.604350+00:00,82a2d5f852c389bf2da40b3fe436a1576cda1ae0d17b46ffc1d1bd9baf2b37a2
2025-11-02T12:56:52.730960+00:00,7971710fc875a7391d36bc1224fcca11c905004a9eb047b4b22db104c2abdd95
2025-11-02T12:56:52.858705+00:00,714c3e6bca46758c3f24dd3c019f04d875d23ad4182c6159b8612a6697774eda
2025-11-02T12:56:52.987631+00:00,8d072ea79ec1e9b5921f9512fabd198f5388e01ca882ba9550fe7efa42d9fafd
2025-11-02T12:56:53.123059+00:00,41a9de55f1de3b91fab26a73c5dbc3b8a0f53b075f99fb0b229047341f9876c2
2025-11-02T12:56:53.251501+00:00,5bfe88586cdadadbf948f5a17b2aa398a968b800bb75fdbcd3663f555fe78c93
2025-11-02T12:56:53.380845+00:00,fb6a114b11e12cad0026f99e72a031dfce24e69581e8a6f04c714130657076b7
2025-11-02T12:56:53.513235+00:00,4108d28a41591166aae5a291b43f4939f22a0b7a8c62ab8593d02ae44dc16fb0
2025-11-02T12:56:53.638692+00:00,56dfbc4385abf4f759d705477c926b2221e5d0a06a372be76327444cfceaa55c
2025-11-02T12:56:53.767240+00:00,f95d0e908ae3fcec692aca260a3701cb2c4bb9c9c79dc6282c2557d7d5acfd26
2025-11-02T12:56:53.895383+00:00,9aa66c5f88de54c65122942b0b50f698cbb86a7ec5bf3925090c1a0f72eb3c95
2025-11-02T12:56:54.021704+00:00,84898e68b104fa6459f1219aff529546904073244f364a5371e0fc2704483515
2025-11-02T12:56:54.360411+00:00,58173892f625c0c954f6308c777e991a5d6d7c85b5272853a68d327baab79d7f
2025-11-02T12:56:54.493308+00:00,e3dcd8e083b6efa89e4f6db73a01419eed87d68ee6852a2e68da7581b1d68486
2025-11-02T12:56:54.622170+00:00,f53471ca6110d3cde7f1e4c720ac8eaf9668dc63454b6a355cbeb046dc85db2a
2025-11-02T12:56:54.750225+00:00,5326856f2b576c62d9dcf32f01258f52af9bcb7f252828f61a1fc90eaf2440b0
2025-11-02T12:56:54.880506+00:00,37f6033916c9952b4854158ad07eece1eb672a3a883935c7dacf2c59a987d9c2
2025-11-02T12:56:55.015966+00:00,c8f0481549e68d2cd4b4bb7cd7300eae16a6a6e592a134ff1740e588cc6eb266
2025-11-02T12:56:55.147070+00:00,65e93d31e0481d7b944961aa509f7b0474689101d4e3db97eadb1c3c8b64ce37
2025-11-02T12:56:55.296268+00:00,90335116d6fb86b687c44f6c4d352a5235af178e7d676db978638600adbf7fd4
2025-11-02T12:56:55.424926+00:00,ff639c7da326d78e3afea37b91163b5f81b65a19457b6b1be2bf7f686e6e5ec5
2025-11-02T12:56:55.553091+00:00,91f9f89de22cd17ea040e4fefe40f04f580e60e5a59c34c0a8e2f1186f14f82f
2025-11-02T12:56:55.686941+00:00,0dddeca58d820484f1ae1aa308dd13c6abf808f96d1a0eaec42fdf92b1a7024c
2025-11-02T12:56:55.816535+00:00,f8178f4c024eb536183574e3761c06124590f03c9649d8b3851cbc3386c44cc7
2025-11-02T12:56:55.947945+00:00,40598795355f2eadc95916cc517911be9f50af427b791ac04fc78d9306d8f771
2025-11-02T12:56:56.074451+00:00,ac67c4d31585d707f6f3451d6adad29e136a5b801bcb83b852468a677ac91996
2025-11-02T12:56:56.201888+00:00,7c70ca19af502b27093cc07ee8ae14be419d6d3553d85442e5c4b8aee895ed61
2025-11-02T12:56:56.329909+00:00,78d0b93b71d21a213c73955c57806defc76915faf7354cdfd8ca7ddb7a474b23
2025-11-02T12:56:56.459469+00:00,19e5215ca58e9de2b88f507c8515018dc18ebe5a6a4af58aae6f51978a5f3eb5
2025-11-02T12:56:56.588656+00:00,7ae55dad810bb6368a0a4e8dba13d02ff33a4f18f5c4a675b09d922d01a992a7
2025-11-02T12:56:56.717449+00:00,b479e116ae72c150f497d057ce7bd7e8fcffdd8d9ff2dcf70de5038666cd7e34
2025-11-02T12:56:56.840699+00:00,3de6a8aa3fc48064a92665a1a1f203877bfd3e1d560f12f9215a9621c5f86f76
2025-11-02T12:56:56.966188+00:00,f29775b0f458f1e05ce7737c17007b80dd18abddc5e6b510ab91da327f2f2fad
2025-11-02T12:56:57.094755+00:00,077537652b7022d90be791a7e642deca9d1e21a71c45be790cd1a48b2e012637
2025-11-02T12:56:57.219988+00:00,614260cf61244db944e7d3d4f8e2cffb16f65c920fef3995da353243a4378c12
2025-11-02T12:56:57.352423+00:00,c56761a0c4c9125957fbfa4ed27c0a149769be8e42489815816dc21a9196be7f
2025-11-02T12:56:57.493216+00:00,69eec258e556c3865fca35f03e45f367bca462398798fced58a5fe52292e5beb
2025-11-02T12:56:57.640671+00:00,1cf13429cc901f5b44a61ae7ecfb903423514670aae87998e1b22c20e66579a4
2025-11-02T12:56:57.766718+00:00,03269bc6dd5c741b0d227e2b385047a14a569d7e6f18a523a3d2e9f14ad09770
2025-11-02T12:56:57.888840+00:00,723d49c9232f841aa1781f65824994f0776495128400cfdba4b5f6f305ca3dbb
2025-11-02T12:56:58.013382+00:00,3133708911298a6f575489921ff46b0e39c87b0edf84d6595aa491fbac730e05
2025-11-02T12:56:58.141439+00:00,b3ec21aebc22c0b3cb371c977530095c835dbf756e092aff49250a4f495ebf60
2025-11-02T12:56:58.271314+00:00,e4a2875324d4b35668f7ccc78ff2ba39437ca5a906a7e655236b2b4b15ca25b3
2025-11-02T12:56:58.418274+00:00,762272bf9638ed30c4e2833e6ec1246b06b5b4bbaa1ac21cb69f1875a2f26eb1
2025-11-02T12:56:58.545724+00:00,ed5a7f71445b12eb9f09616dbc14d21b366c5d254a0f7bc107f76a33cf246b1f
2025-11-02T12:56:58.677251+00:00,6a5d4c5046e400a09a00e44b383bf0fed9fa7b1d9ebb42939296600cc93cbecc
2025-11-02T12:56:58.819758+00:00,90a8d9a66d46d7c990560c92f87fef2a84ab665d23eed40590df763d650f36b8
2025-11-02T12:56:58.949045+00:00,11fe902ddf1a379ff1d0a31d0f789cb2bed3bbb64b13cc0c0eb6fd752ffb7aac
2025-11-02T12:56:59.083764+00:00,729ecdc883ad76c853a52deaf3743db1ffb9e5017ca8c2120ee04183fff9fb21
2025-11-02T12:56:59.211761+00:00,093aa346c26d5c0724056867d47d76eb3b013e7375e19f2b91cda1d7d367922a
2025-11-02T12:56:59.339713+00:00,2078ead7eeecee1f27e8a9b442ec3fe5c353d9bc381c5d37af801a207d696b18
2025-11-02T12:56:59.711437+00:00,609246e4ab73f898946a1190d8eb35b741713aaaa15050ab1f401549f866069e
2025-11-02T12:56:59.840109+00:00,afb8ced4b96ca83ec6b37ec7af21e55af50537cc2c22fd8fcd7e733fb8b77ac5
2025-11-02T12:56:59.970249+00:00,b8907f4e6b38f700b8549002dd008d1b10b0b6bd1f725eb771f6b8e8a90fce0b
2025-11-02T12:57:00.099649+00:00,65bed8c1ace2a6d385a5c40c95b47263963eed6338582fa4303cb5719f909ef6
2025-11-02T12:57:00.226888+00:00,33e9271428528c31bd5c44f92b357bdcbebf746ccec4e3a0ff64ae3d4089b07d
2025-11-02T12:57:00.365070+00:00,d7d08e4c366edde88dd10ec8abc2afa45c673b29b8068a8cd00e877597c9fa01
2025-11-02T12:57:00.515349+00:00,2cdd134d5f092546ca6c0c21cbafe4f0abcb72dde90b321c478acb460fec2792
2025-11-02T12:57:00.647921+00:00,9c8c503090c086cda34c718f6d8358ca238a6841aed83311026f3b6910479f0b
2025-11-02T12:57:00.777728+00:00,8deeebada01ac3d32fdbfc071332e6d37e24fabde99e759911541140739686d7
2025-11-02T12:57:00.908214+00:00,8d5a79b6d2eeb501f21ad6ebc8f16860c931ee56d8a3a5c7555b52d2d0082b74
2025-11-02T12:57:01.037915+00:00,0ee26f6321cb78bf7093571cb51bb065c062a3bacd3efabd86eb3006dfad0cef
2025-11-02T12:57:01.167318+00:00,f807f488e4603a55e7fe81b30be70ca97f9995d7d8cad9f7557d819dd11c3364
2025-11-02T12:57:01.298408+00:00,e26d034b14d0df01e46d8bf56fe41af0e5065ae6c3b3e42fc2427de2e96d8b11
2025-11-02T12:57:01.433440+00:00,7fd4245e378f89be9a59a7b99fee5be712e1ca2db9e2a6a394c818b56857c11d
2025-11-02T12:57:01.561222+00:00,f3444879103ac1254f586fc7f7f7a260074ddd79e2266525328c52ec65ed58a1
2025-11-02T12:57:01.705827+00:00,bd03f36226a04d00b0e21a4b6ac5675995915e6df12d0624d528a139192ccdab
2025-11-02T12:57:01.831850+00:00,0301ab146228962ebc4e5f46615fa27f34de9648ed61b2744046b81a181eac36
2025-11-02T12:57:01.959213+00:00,edf19d75ecec0992db7eaf647ce599d48969dbfb800db582131c19138fa66748
2025-11-02T12:57:02.092091+00:00,edbdfbe63f8c331af75bea09d4772c68508d5675a1081f81210bf32534b750ac
2025-11-02T12:57:02.219085+00:00,fe52e03d9e8ad53a8d7a5132129ba0553ba857281901ffeb085b0ef0ddd384b7
2025-11-02T12:57:02.348134+00:00,17516659bb97aeeb0ee1dd5158015b55cb71157513fd68117622f6f0bf03b5f9
2025-11-02T12:57:02.473839+00:00,f2e6c00f92a95a7f9de5b4f3d9e5624b17b9804df689fce464ff187122ff10f3
2025-11-02T12:57:02.601735+00:00,6cd41d73799b3ec56fd0a3ccd7e7929782b3cef08651d59e05bba7f3df7946ac
2025-11-02T12:57:02.731789+00:00,2fefcf3b81a593ca775f7364cd40fbe25fe3916d636349e99a532a72475120b4
2025-11-02T12:57:02.858881+00:00,6353555b61bacd142e17fecafd0bbf82f1009429248ebb8e759f3c32111e296f
2025-11-02T12:57:02.991384+00:00,22683e7e4cb4835ff48febebf2f5e9c9ba9cb99fd2c8d2211b4ef1cbdf5678c0
2025-11-02T12:57:03.126745+00:00,32246acf15389365b3124ee249ed2eb9e559c988dbd64fa86da649ef2820d50f
2025-11-02T12:57:03.251832+00:00,98ad777062c6c3bbb0687565446b9f6c0f8f10ced2d2fa1c0b04dbc68feac598
2025-11-02T12:57:03.386438+00:00,8823967f5fe651b5a0d88fb98f5730a1617543d80065c7941a2b6ca1f93545ed
2025-11-02T12:57:03.518557+00:00,3906ac3ec48776a93ab81b4ad000a95facb20a9c872c3c9eff7606bfcf680029
2025-11-02T12:57:03.650182+00:00,0be8f6aaf2b45d2f8106af843056646a89c4b54e5d9cc75c84535091ed709d45
2025-11-02T12:57:03.781587+00:00,ea09948d610bae58134faa280c13704388e25903d5bfc36de67e1c383449e7ff
2025-11-02T12:57:03.908664+00:00,48043a947a14b56cfda1b333a2462c2277dea498dc3bf7b11f99f10b5db09dc6
2025-11-02T12:57:04.037108+00:00,30bf71d5c8f585d4fd02f5b80e9b7e030c7792124f2ee0956be87b831d04bf4e
2025-11-02T12:57:04.174705+00:00,62147a5a879afce498c110c40c305853e07b2a306456e821035bafe15ec17570
2025-11-02T12:57:04.306844+00:00,28ff776668e484e4e080d3b8d0751b6fa8ca7364df569332bd5e57cdbde447c1
2025-11-02T12:57:04.431312+00:00,e78e0f244436d86bf69c1607eec373b8e493859d848e73f24a856473ae4f27d0
2025-11-02T12:57:04.568518+00:00,54077dd5edafd78de2920a49f05e2a70ebb6c410f2c429ea6909b953cf8e44b2
2025-11-02T12:57:05.027549+00:00,b10c56630a5c1464907e007c441b6263de245d0d0aecd42b163545a83612b297
2025-11-02T12:57:05.155528+00:00,16a5ce5e614099ca4b1258b759c28d41263843b98f37bc0032dbd229a2df8242
2025-11-02T12:57:05.279991+00:00,23b4e206523457b499590d24826423b4f92f74d18e3dc6e23b20f01004a5fdda
2025-11-02T12:57:05.407068+00:00,ee624230696b0874b32c12080b9ba7193c7619c49e822a33f1f96c6cc0adc25b
2025-11-02T12:57:05.540537+00:00,1098c4886c1128e7dc30ff483285f4bd6b5940f99a1e9a1cdb72ee3ab05f5e61
2025-11-02T12:57:05.668432+00:00,57456df01d6e3eca60e6b56ae6eed8f55cf478eb817913fdc4ca19ddc4388016
2025-11-02T12:57:05.796500+00:00,354049e0862a7ac6abf67a89a9a43f2d1eb0360ab2b78e00882de9572a979f34
2025-11-02T12:57:05.924670+00:00,e13bffe1a625526820ca8f1faf122dd4d6fb6676c8604d2904f74a348cf1e834
2025-11-02T12:57:06.050725+00:00,e0dbd1cbf0d01a7b441eafe5dc4c20340d0d9765c7e59f527e576aca0d087ba3
2025-11-02T12:57:06.178429+00:00,96058ed177dd91ce25dfcd75a1e35c36d333a0b0f24cebb5e6f1f80338163a65
2025-11-02T12:57:06.309390+00:00,b6011d0cd3ff6b97e54fc3f4c098f49b5acdc2348799ebd12c21b861a9054899
2025-11-02T12:57:06.433483+00:00,fa20de40b5e360a47b38873b082d4180a748ace19cfddb5dbe03ddaf0e54b2c5
2025-11-02T12:57:06.556312+00:00,0a3964bbd19b54f37e79e35b480dc176472c333e5412c2449e72e0cfe4263a93
2025-11-02T12:57:06.687693+00:00,bc97c049281811703dbdf018e133c39d68ab2332e0514d882d3830a6a17371a4
2025-11-02T12:57:06.816252+00:00,df9895729dcf5d692d026044adbe136608aff365d71c20c801c5f0ee39da61d5
2025-11-02T12:57:06.946116+00:00,a1f0f09211855b4c3bef4cfce68c50ff88ce620ec32f676e2c0d73550953f8f1
2025-11-02T12:57:07.075794+00:00,30ab95c3b2008cea08b31b1c6f1dfbdb104a455042e47152d7f15613c0700aa0
2025-11-02T12:57:07.211551+00:00,512dd97093d5c02dbbb34c62dbb810d33a00ed498f0027a43540825bc2659346
2025-11-02T12:57:07.337512+00:00,21e915062027b4ad684546d6e25f2edd05c09ef9b4ae469857308a9e46cb282d
2025-11-02T12:57:07.490921+00:00,5a489ddc322eeabea0f8460f605fcdf22df8c291d2af075a0556ec63af9a7c3d
2025-11-02T12:57:07.629488+00:00,86107a0f941ea6025e26e25cf30b75eb23342a024258e4b8ee0591041068e106
2025-11-02T12:57:07.763914+00:00,62d2990a1027c10cf0142e066583d61e37ec74a5264cd16cd89f785b0d7aab56
2025-11-02T12:57:07.890611+00:00,cefa3900aa6a01bac0bb4c988309a30b3b1f68afc85963ee22564ca04a52b058
2025-11-02T12:57:08.020443+00:00,0316b2f22f4320e95711f809c45c1663f8103a895b56ad0a20c299205576e7c4
2025-11-02T12:57:08.159081+00:00,836c9b406770d6c65f56e154458105a9387c30240db8d8f2e0b01a62f90d00a1
2025-11-02T12:57:08.286427+00:00,ed0f9ce3788f685269790371ab682b08bb16ec0aaac25e3048240df20b591453
2025-11-02T12:57:08.416054+00:00,09c616c1cee00ec4c3bed861516afc88fabe77270d23af37ec00ec455363129b
2025-11-02T12:57:08.544071+00:00,c33d2d4e804e79239edf719f354a84b35c8b9a0eee5305d03fdc4d3d18f3d68b
2025-11-02T12:57:08.678258+00:00,c7793e7fbb4c50cdb6f6ccdd6450c95ec78d8bf7ec9dc151c0d330f88956d22b
2025-11-02T12:57:08.807566+00:00,c1eec3673582b136a6720752020bcc5018cff3c2cf9609d91992e839e58e4925
2025-11-02T12:57:08.937420+00:00,59af24944c1dc705217656a266c3758107b6577b600effee993727368173dfb1
2025-11-02T12:57:09.068880+00:00,dabdd4f921f98c97d7e311b69d7b8ea139495fc128cec85af01d69728fa1b86e
2025-11-02T12:57:09.196357+00:00,63a893c55f7b830c1e72a137786409db53bba3ca52094b55395466296773a112
2025-11-02T12:57:09.329150+00:00,9e23709e49bb500fdba05541bce2cf00bd2ff0c4359e7b27a4600c369cc04566
2025-11-02T12:57:09.455830+00:00,45502c78872c00750a619facb237824957dcaaf6edcad0a6c0a886b02db02813
2025-11-02T12:57:09.583989+00:00,85e546cf13da05c59e6c32a858d56f7e49b977498b9a1d521bb0d6374c9697e1
2025-11-02T12:57:09.721285+00:00,492fce39c3170be90fcd1415a924b686db9ad339c90c99db0f1cd8a641df5d75
2025-11-02T12:57:09.853415+00:00,01cf17b5f85b443714d1c2c88808de0c5f42699367109b9ffeb8a4ab644fe291
2025-11-02T12:57:10.200617+00:00,2a3f8c9c1263df1264f2cc3bc5c40c980742355c96aa0dbd8a2383b6c4802ea7
2025-11-02T12:57:10.334857+00:00,58bd080a84bf0b1c4c455acb1dc6a36b748fd2f5b1959fa262499b50a7daef44
2025-11-02T12:57:10.464905+00:00,652d8aeecd8cbbf7b025991168963708463b3642e622317cf68acaad34570540
2025-11-02T12:57:10.599426+00:00,ea9170a2b0a1ff588ead9fa925809c83eed478f9b3b76fb95ccfb0a9af591356
2025-11-02T12:57:10.733072+00:00,89dfae6567b5f8e7f8dd1cfa08832d966369ac4177729617b8713838012358e6
2025-11-02T12:57:10.869451+00:00,6fc3268a2c68e552b96c0b12b066fdaaa1b9470baefb311c4037f2c518fcdd5e
2025-11-02T12:57:11.004506+00:00,ed821c741860de746b358a556ec71b111a2b53a24f1a590eb47dd1e50ccacfec
2025-11-02T12:57:11.136448+00:00,4a5d7d8db9f77658c25d77bd48d8c5f52ad15c9038001b89150a2d2da8007ece
2025-11-02T12:57:11.263864+00:00,c1759bbc52ef65e317c6ae76ce363e2d9753fc9ba9168eccd90286b3a7e4c6b6
2025-11-02T12:57:11.395310+00:00,72a3d45a441d6cff8898c187d3a166fb59e58c790b0a6fee0c1ef953c8fd4154
2025-11-02T12:57:11.530965+00:00,592684c4051f0ab615ab63333f90433d5d6d6dca2346cc34ee1e6ea1f387ffbe
2025-11-02T12:57:11.661344+00:00,6b9232fb8b77a45ce7c5b093569fce8f5b7a343e75790a0690d4111a5119183d
2025-11-02T12:57:11.792243+00:00,f2103eeed1ed2fe376b8bb5620867e55a3d6b61f6b8ab50b355fd2dd12486f6c
2025-11-02T12:57:11.925717+00:00,374730c6d0d387fdf658ac79f61617e73df7a96f2cd352fab7ca1dcf72b3bde6
2025-11-02T12:57:12.062700+00:00,14d11065ec31bc635928fa62d0d70ff7b8ed605011fde8443949dc7cb2d623c3
2025-11-02T12:57:12.195634+00:00,243ef61e11e2f168f787024d6c3151b5fa66ae18ed1e67088aeae4c36dd5ece9
2025-11-02T12:57:12.331681+00:00,29ef18628c27d552e0d25c800340a41d74f2ec6d04796d70192b6e2a174ad426
2025-11-02T12:57:12.465991+00:00,fc59e446877882a3075e5fe6c22605e7640f2b187b273e67a49bd4ab14254cb0
2025-11-02T12:57:12.598172+00:00,9fbd7822fb35ab4e51a8f33454e72659b88bf84752ee4eadf9d951da12cc9d1f
2025-11-02T12:57:12.725098+00:00,56243efd9b0f12023f90829d24c69c6c9d76f6b9fa4d4c42ca1f950f8c718373
2025-11-02T12:57:12.860188+00:00,8c25e0157aa510b9eeddc284d6b92f15629b49f631ba9c07233fb7316e280543
2025-11-02T12:57:12.995901+00:00,fcdacc8e4ea59ada9d51b773f8fe0fdd00efb84c1712ec72411fcfd52dd73b4c
2025-11-02T12:57:13.128520+00:00,f5cbd2534b6e93a01f7495a3e5f370cdb47801f3a24a65890daf034d83406b2d
2025-11-02T12:57:13.257769+00:00,8748e3adc7dda416c50c83a61b0a3eeb987c8640721d1b987395d5e4381fe1f8
2025-11-02T12:57:13.386880+00:00,516c338dc1fe22f2b304e238580bb49b801301dc09a0fe9172e2641aa64eef52
2025-11-02T12:57:13.514099+00:00,5fba10136de7c2f44f83f1c609eadf4b78363e94d7fc180a8125bffff874992b
2025-11-02T12:57:13.644058+00:00,4196a44e66a7296af0cd816b7f7147c75602aed26f80d65010fd78838c765897
2025-11-02T12:57:13.779586+00:00,789f4e4ce3c0ce71df54e477ab3bfd57e1ca65b6d2e47c59b03639043b206a48
2025-11-02T12:57:13.915879+00:00,5ecb09183da6976b1b0726ea5ddd752f359bd5f085ca9e4a989d52118aa125cd
2025-11-02T12:57:14.043944+00:00,6cffff14ab72f418c696e160f5b5241e57de66af6c4a2aef4e61adaf778174b0
2025-11-02T12:57:14.169029+00:00,96963e5b473c73fa3b58314db71b1d31517e0ce06ceb0dba71849a055a89b0fc
2025-11-02T12:57:14.295169+00:00,f1e5e94d2f0aa1ccd2eaea33ae29687a31ac0a641b79b9671c02c56bbce1142c
2025-11-02T12:57:14.425428+00:00,0ba33cce151e5bfc1a8a364cafd4cc784657d0f17dd6150523288ad62b2ebf9b
2025-11-02T12:57:14.553567+00:00,5670a31f61c3aaf1f41c1a5fdff3d8b8644c97ea6d9f3d37baadf95fefe60ab2
2025-11-02T12:57:14.679757+00:00,342115d7894daf3efc4013c4025f4ecdcea396ba1091a9b6dba2a30355150930
2025-11-02T12:57:14.810077+00:00,2f37e06c5b35687973a23bb72fc3a4349631ee99b2b11f4b3a984d5b395ce0a8
2025-11-02T12:57:14.938993+00:00,9e98c31565e8d2ee7937225367feb4b1b63f736d4ddbb16c2487d9a0efbe7e29
2025-11-02T12:57:15.070371+00:00,d43848c3252e8229aef1a6f6b20c2e4b40fe2c770c0f7b915cc042b601efe265
2025-11-02T12:57:15.453876+00:00,2e7fb94c755bc659d6f1881c4872a4a12e3c7dbf76833786f9964a76e333357b
2025-11-02T12:57:15.583518+00:00,58c9cbdb9896e92167f81a55ddb537ec258b051650590dd083c684d556912d3a
2025-11-02T12:57:15.710177+00:00,5478284a035a29abd5e3a5bec8a067ef0a0e6c4e26d19874d1be9ca8952d7df8
2025-11-02T12:57:15.837641+00:00,ef56e4d5cb960f90ddc13003af13117774158571e5926202157e9efd941a9634
2025-11-02T12:57:15.964797+00:00,1e705e5fa5876e1ce73d020f2fe6bef05f97581239ce99307d0ac5f3b6f29e95
2025-11-02T12:57:16.091974+00:00,8fe326a1e4430206e154c6629eb70d151a769b6dfe99731b8131c720e4524927
2025-11-02T12:57:16.219222+00:00,9a0bd7e20db5b6261be266143f0dd910998badcf5e2efdab6952165f22303bf5
2025-11-02T12:57:16.347592+00:00,02ab885e44ce2af51fce9d165167bf8d6ac3c3830c1b8a7d15ca53aa9ed5aa7c
2025-11-02T12:57:16.475459+00:00,e566dc7081cf971c88e1e975609dced2c7507e4eb5cd8032919eb185379f957a
2025-11-02T12:57:16.600392+00:00,c5d0a8f8630a07c612c114468cadb4b4f0965fb02ae83d57d7ea98db758894fc
2025-11-02T12:57:16.729522+00:00,d2711412e1c75fdaedd81fb4b328ad006a1ef92aa70b8b0fff326262d89448e7
2025-11-02T12:57:16.866769+00:00,de08315f4ff26ebef7818bd2a16eac920aa2e063db6e0ce0e62d4ab1c642c859
2025-11-02T12:57:16.994632+00:00,a7d0c4323880987938b82a2878cc8eab2b1ce4b29aa7ba24598e09b2fe357f01
2025-11-02T12:57:17.122120+00:00,e532be4d1262a8c43b51cddaff862982f9bb0baa7e1a63fb6a84125340f37314
2025-11-02T12:57:17.249196+00:00,3bd6857381acf51555da6a7d9316b970fbdbc6e520cb755639a72fb0bf24f890
2025-11-02T12:57:17.401482+00:00,d32e0bbf01899765bebe594f4fa1f0e12fc240ab85e5f7a3e7d3bb6acd6d7fcc
2025-11-02T12:57:17.560955+00:00,169802c48325bc9bdedab533d2b072fc2a5e074b3a4c878c5ae52d5860902754
2025-11-02T12:57:17.709708+00:00,1d372d08dbe5281dfe8b3772ee8dc9038a98d962e258fb0669a683a061a9d058
2025-11-02T12:57:17.836807+00:00,3ac98d29284211f3d7c980b9f053906cd09bc200e9dffbaab482ec66cccf2e55
2025-11-02T12:57:17.964864+00:00,d7fc3a4f59679a03cf62e908f2f78e50dbaf44810538a9e44ecc0d39c92a8bb9
2025-11-02T12:57:18.099835+00:00,d0975e9ba5a6793c19f5a37666d585859e887f1398b8584f92a38d556d0392c8
2025-11-02T12:57:18.228976+00:00,ff6cc7a1ebcc46f37fe376eeff206699e4df6104de1a99b81c8c9ec085bcaa9e
2025-11-02T12:57:18.357249+00:00,8ebef2ec942954c82d08884ef20be99903f6d97fe2e87141d5acccef73858ed4
2025-11-02T12:57:18.494659+00:00,01316e359d033ccc370a25e7bbae81c07253871d0c2e68eb31c1eecc750605df
2025-11-02T12:57:18.628070+00:00,ba84db210d457df9a6496b89207e7ef477a9169b44f990a0077e33f1fa8229d3
2025-11-02T12:57:18.758676+00:00,65b50a7643918e1e747197c087441cbdc526bc38e8b7021bc7742969fcf187e0
2025-11-02T12:57:18.894588+00:00,cff04e5329d861948e9a1bd7538380b887af718d053b1a99af97826528bb69cb
2025-11-02T12:57:19.025547+00:00,30756386cf84b9a2af1264099500b238b25d4edc20a881e84cedd061c8acd8a3
2025-11-02T12:57:19.157835+00:00,6bcef88fad7d047b2e550537d15b563324fa1075f26c52df8357defcaf5f8250
2025-11-02T12:57:19.285787+00:00,1c4688dddf21bb8c625a4ac6c8d79a799a44eb0ef50cfbab8fd33c403d2d6717
2025-11-02T12:57:19.437085+00:00,d445bfeeb70cba53ec6e4f8770e35492f0555eef8cadebfbc849d5cf6c6e480a
2025-11-02T12:57:19.568605+00:00,c089764f34d2a24f91408ddb7740e2403c36b9cb25325f0c1cb80a2e4ae78f2f
2025-11-02T12:57:19.698407+00:00,5e2fd6d2a82fdd8b03e43f45f5a12acc6d0a591fcdb3154997234b4dd7d457f9
2025-11-02T12:57:19.847501+00:00,6ec594206457eb15abbea8a3d40adbf142c9cacb55c46e3f626aa0bc28d7f57d
2025-11-02T12:57:19.980982+00:00,c6ed8fd89233bfd8c9d3ffd448173542e218accf945e87550d1dc75e4f6d8dbb
2025-11-02T12:57:20.108525+00:00,f2a7bcc3dfafd2a75fec25a4257eab8b6a14254d311db4fb49ef5cf6cdbc257c
2025-11-02T12:57:20.237634+00:00,666764edbd79a00fdcadf771b9cec052acde5fce5e6ce3b0eff8d1c059f4a18e
2025-11-02T12:57:20.363884+00:00,1ec0bde9375692782a55b122776eac83009f05f91b70f84d453cd66bbee0cf01
2025-11-02T12:57:20.507564+00:00,790046f3b70f035318b2361cf8ddc643256d3d25cfdacfef2e6fff7ef7fe1490
2025-11-02T12:57:20.668606+00:00,9ca94087a1a2e970746009975f9698e14faee739dec28466209950b8bd4a12da
2025-11-02T12:57:20.795801+00:00,474943d353950ab270b2a327a1202a6b6aedbfde444faf90dde24bcd7906cc19
2025-11-02T12:57:20.923496+00:00,7993620d62c7dd36ee527758b1963f71e1e4bfda90b19b2dcf6a51511ea94adc
2025-11-02T12:57:21.053628+00:00,600aa0a1d0f333004345c4ecdb7ce8d0fe414023f562fd29e4475c75cbcb4ff8
2025-11-02T12:57:21.182397+00:00,c2cb257d4f6b9e9ac90eaec60bbaaa3bea9ef4b605d94148bbdc43ab47d86202
2025-11-02T12:57:21.312641+00:00,81c5ccb8dd56712f8c98d58aa55857f95b3737cafb65be009ce3f5707eb178a9
2025-11-02T12:57:21.443310+00:00,a370e81053f0ae768376a061b39cf3d7b9bd15bc1e97656524cc89e79be1b5d0
2025-11-02T12:57:21.569522+00:00,3623d1874664e4da9d5658969ac2f99bda35a487520c9df5cf0a9ae49cb712f7
2025-11-02T12:57:21.700146+00:00,cb73cccc94ffcf8707778484880524c48eaed361aeab670e680c5528540697ed
2025-11-02T12:57:21.831094+00:00,2f5e2a5b4c1d0c7515da81710c7763351a5b043b1077fb59717279cc72a3f7a9
2025-11-02T12:57:21.960998+00:00,fa351d11fed9db3f6345fc637d3725360a7416abf239d4e8398c6100156be289
2025-11-02T12:57:22.095694+00:00,5447eddc3f86fd49458d8c7788526f0231cb46a9fef9978fc6fa53ceea80a6f7
2025-11-02T12:57:22.224083+00:00,2db2ce1b9eb452067720634bf8107d4d0834086b6af1fae451de42a007da2947
2025-11-02T12:57:22.352239+00:00,cde89b61255ab058fc5ec1d9fd2b8ffb039f83ee2286c0ea3ccda95edc2112b1
2025-11-02T12:57:22.477334+00:00,69b328ec77bc1764ef97d796097839711aa9849bd9f60293c972c6e999e6ad80
2025-11-02T12:57:22.608229+00:00,b5e3333f0381c5f2e503680655e8818683bf95d1c753383fc95db196eec8492e
2025-11-02T12:57:22.740067+00:00,689c34e4bc20c98e7e6d723c137c1a711a94d9ea1a799cc04067de4a706507b7
2025-11-02T12:57:22.866198+00:00,b7b6593b8f23e6d1f3a3132be46cf4af25101402d347777ad61c61bdc8f32e29
2025-11-02T12:57:22.999468+00:00,85856a90b8b03ea800adb839ca08901209118dd60413496166bab2b72f766036
2025-11-02T12:57:23.144185+00:00,9210bf100392716f7fc82263eac42e0d41790d501cf6eec98d7526e25dbdf64c
2025-11-02T12:57:23.275908+00:00,4dcd9d79a9a7e5bcea9c02850284fdb4c1ff91cc0316b029ba2432594a247e86
2025-11-02T12:57:23.411175+00:00,d4fe78aa2eafc192d2dfdd7dad2bb3b19393730571272c58d5e5088abad4522b
2025-11-02T12:57:23.542202+00:00,53cf5222cdbef80c9bd9e57210ae43f69ea41a8401ffbde4f6d67be9f8bb2e3e
2025-11-02T12:57:23.670006+00:00,8a98b7c36e8498c478c6e45d138f0b931e662ee3c6063857a5a72d2af0b6341e
2025-11-02T12:57:23.802019+00:00,72a4bfcb24b40909b4245d8fb2a0f3e53bba22a215e6897293830b45e9a25c92
2025-11-02T12:57:23.931948+00:00,8261c30ef0728dc5329cb64536dff9d873fdb588aec24991af46aa7986c86f2a
2025-11-02T12:57:24.061384+00:00,57ce7229a953657974e23182fa9ae37dd5cd05579138b40f5ff351cc13501163
2025-11-02T12:57:24.192257+00:00,845ff8995986b54467bbf33d7eb65d0927e22c9fc45dd031115883613a130870
2025-11-02T12:57:24.322152+00:00,d48b29ec6d1e0e2124b62be96fc345a6dd544d0da9dfc619e727a642e38a089b
2025-11-02T12:57:24.446118+00:00,84c2f2753925457c68b0486b6c66e68ee46192dbd5d08206d0373067b2e27dfd
2025-11-02T12:57:24.572861+00:00,a35031f34dc40714f83cfdbb50d83f3c9a4f2b3ffadc2174a9e1401539b0aeb7
2025-11-02T12:57:24.702789+00:00,a10e428dc78fe6a1611509add9fac0b851f2f173b4f0b7989517cd4c27b6a9ab
2025-11-02T12:57:24.835482+00:00,e773ba02f480365f9fbccda827179ed23e2ee61233e440fb9e895367c4048fea
2025-11-02T12:57:24.964719+00:00,f4775b5fbcb1bd4d42258bb223c45fad87daa52de849c9bd6b9b067065c22b05
2025-11-02T12:57:25.099303+00:00,e7b874730469a4de75b7467cb5516b19d6229305625bdfae6467c1efce431a57
2025-11-02T12:57:25.227848+00:00,0b30e403b52f84f079916f249a89f2d0919aea8f369e298e9d528f8da3f02b54
2025-11-02T12:57:25.361121+00:00,83b460e003f2e68f0f2fbf84d5b2aefe7f0408f2016f0e89f8f864f2558adb0f
2025-11-02T12:57:25.489545+00:00,eeb3acdd4626b1033e43002a7b05b33941605b07e7f2d04d005e7956609fbcf4
2025-11-02T12:57:25.824977+00:00,9488ba52b96b734fbad469003623c28190db3e31d181e49fd942b46b2197089b
2025-11-02T12:57:25.957106+00:00,f0615ca0d0899d7a7227549c1f5148fac86f115e2af9dfc21963729d267ab86a
2025-11-02T12:57:26.084249+00:00,dcc2e587dae6b4a619330d55b2cf2fe0767d46bc76b1ea803a9b616ceebfbeb9
2025-11-02T12:57:26.214851+00:00,9d28dfec43491ceddf520d5cfc97f86257edcb14a532f8c53d7780d6c282fb47
2025-11-02T12:57:26.344116+00:00,40c03d6997ce0317ef68ef1b34637da63a4a73ae96a0a65fdced5cc9933b493a
2025-11-02T12:57:26.470318+00:00,95c163ca8f7a344e1481657113d8fda4f3b55a88302b0354906ccf6e9b8958c6
2025-11-02T12:57:26.597082+00:00,7c43d8b8250282280b16b6761c0f151f1190bbf9fa7143e45c608fdde19a2bd0
2025-11-02T12:57:26.727803+00:00,b6305561a00e1c4a1a35617019deda8b57e2975687ccbfc4621519d6a4bd5da6
2025-11-02T12:57:26.855324+00:00,4435f85608079a04512a85ddf762f9559d7cc86ac49c13576cfee4b1380f7cb2
2025-11-02T12:57:26.984823+00:00,8f47aa3ebd57a321fec5156bae6faf757b9aca517cc34c82a126ab950ace3b77
2025-11-02T12:57:27.112910+00:00,3f7d299798b0aa51d5c9acbffbea317d674666fafb65c1a5314d04396e77a409
2025-11-02T12:57:27.242196+00:00,3615a024ea6b14b22959070c7607382b41ec5b1fbe565fe7bcffcfc054ee3484
2025-11-02T12:57:27.380391+00:00,023855a303af7d1afd8ef49203f522c33887f8c2ed9b204ea170a82f92995196
2025-11-02T12:57:27.521815+00:00,857530539c7fe7bbe34357a0e878c16feb5fae596ddbff715ae660b645c12f87
2025-11-02T12:57:27.658213+00:00,76a3bec4b8dcee6b9eb076375c1fe92ef254e97112ea58d26ebdd741f763c26c
2025-11-02T12:57:27.790580+00:00,ab76be74d00bda557fee5c7c26333243aa90658761a0d2ed8085674cf2586749
2025-11-02T12:57:27.919005+00:00,13632e03d62e4500ff5947b912ed88a704daf137f1a3969e9bd8ecba7e6cc104
2025-11-02T12:57:28.046392+00:00,23aa99c19f4924de05930edd615e032b0e619ca84f52b80508f2f6819e4bc3c5
2025-11-02T12:57:28.177930+00:00,30f3902ba72438040a28d46b809780354d32f058b09aa2e8797fef0cd1750a4e
2025-11-02T12:57:28.304250+00:00,24c85cb150179d851f8fb167a0b6a1130f59b695f8d0b5dc90ae27a657500b43
2025-11-02T12:57:28.435794+00:00,c1ea2f1a523cecce40360f55b6af67631da3a28ab68268e30646cdb94db3c117
2025-11-02T12:57:28.564420+00:00,4e6bd179bf9cafc527e78594df9884ee9d30dd5fc5f3a5a54ea87f25ba7641b8
2025-11-02T12:57:28.697339+00:00,073912f5f83082018a21bfdc4792ba089bc07d5ade4bd81cc060f9211b0c5283
2025-11-02T12:57:28.825403+00:00,338f93cfd3efa82bfb8ae05ee045fa541aba23e8b7696f6701e08d9791f6d218
2025-11-02T12:57:28.952606+00:00,b8793d91d5323adc57a4da1d8f78b487a770115b246c81c8c38d978abc55a903
2025-11-02T12:57:29.083675+00:00,8b482cb13cee15810a7824910e81404c76a1047df88b7075b897116f7ff5d6d5
2025-11-02T12:57:29.209962+00:00,21214c598a44f7c0895a897a9adb6a67ab75a99985c0b6bdb8ad6bed675964ad
2025-11-02T12:57:29.336287+00:00,53be4e5b83a0614fa92ed33cc49e6b440a0672b205374689f9bcb0aa35c6e6ec
2025-11-02T12:57:29.463666+00:00,d6210a3cacce34f0e4d795c0f81745635d9b425aa0d4bd6b49e09769d2992f3b
2025-11-02T12:57:29.594553+00:00,307e6c074eedc91ac286beecc5a3f42051dae0515ea54b50ffb081a3ffb15724
2025-11-02T12:57:29.745927+00:00,1d18c00ce68f4b7b026eeb73fd5b61ad0092788decb55b6a71d459e411de661f
2025-11-02T12:57:29.874267+00:00,60ff5b2ec04859db5a1f099f50135d1dc28bd57c2682a6ac52c04b7bd841e944
2025-11-02T12:57:30.001278+00:00,e038bca184c8cb0c6f7fd3bdb0692a707206e3700d1b13c9c4b53f2dbc0e82b9
2025-11-02T12:57:30.128363+00:00,d490766119552b0799d6c2d08352aeed9834c709caf08f2a8de421d26dfcc7b7
2025-11-02T12:57:30.254027+00:00,99f2da0f23ebefc60cde3bfc07092d7cf2708a57269908e1cb1f35564393a3d6
2025-11-02T12:57:30.385094+00:00,ddf5468ac48d2b65790452bd793635723895a6ae20b9d74ce9ef3e2784da37bd
2025-11-02T12:57:30.557801+00:00,2ccc16d9d1d876af4288ea9c1d50371ed15f47ecccd855fc1d0cd6dbe2f3fcbe
2025-11-02T12:57:30.686569+00:00,776ec05fb9a21cd3f27a1dd17cb76beb8a9fe834241fdb7d0c05dc84732eb0da
2025-11-02T12:57:30.817180+00:00,5c07d9507ee9593c08880e307d600ec1f0c247f4ca23bea358159b973f83662d
2025-11-02T12:57:31.158395+00:00,a6ae752149e59b80206db10b925e5341168cd0fb6d52a1dccb51bf9602a12c90
2025-11-02T12:57:31.286714+00:00,3c5a8bdd19e0f9b8eb95e0590d9a7e7554c8b15ee9a0cc9a9980a884b331e54b
2025-11-02T12:57:31.416433+00:00,2d8ac7dbd4806a14bc3ecfab81c2507a184dd2579886898d1a83d8ad1fe53e6c
2025-11-02T12:57:31.542870+00:00,8d89c75648b0d402261da8f09b77bdd302f2faaef45a9be87276d1936a1b3740
2025-11-02T12:57:31.671334+00:00,0b0d213f1d0141dc729d1587317fbe8de3842becfaa224fbad46d481be6b6dbe
2025-11-02T12:57:31.799554+00:00,fa81ccee9b68f6ddada60c9b67d098306e197bc42b7824fb31ff4a281651e64a
2025-11-02T12:57:31.927954+00:00,55aa339020d2f69e9c30bebe0230632817424df839c4a81ba1a734737f1080b5
2025-11-02T12:57:32.058885+00:00,98371323530c4d16a22b70d46173d0e6e53050c039438ecfe37371dead20613f
2025-11-02T12:57:32.188664+00:00,2e5d84fccb50d91a8cfbf8c6f854b803d7a5455eff67f89c95cc6d26098f4cb7
2025-11-02T12:57:32.318132+00:00,1d818a4bb0918aa73d5f2d4a2cb05db29c3d5fa50608cd621cb0c558f9383e60
2025-11-02T12:57:32.447050+00:00,ab0ee97f0ba7d96fb8b9d312eb01df05cb1af600659c71124909facc745bc84d
2025-11-02T12:57:32.577880+00:00,9f422f862cd0b53090945a7b6ab93956efed06592123154f2572a8a12d7e5452
2025-11-02T12:57:32.703597+00:00,7ff40e0b1d8ae7edcfe23a29b90f53c16e90d64db9e489a1b1bb64633d4687dd
2025-11-02T12:57:32.832928+00:00,a11a88b5c49859749c72b3880654397752d6c4c77699061a702f2bb9ea6e8714
2025-11-02T12:57:32.962137+00:00,00920b26d15e7b86b64a84cacc6253f2d65330e0bf3e2f66f24a859cb73a61d2
2025-11-02T12:57:33.092756+00:00,1062b0458b6780615f6526b6da85a95a37e5a32933969aad02aa4d30e4cf1b0e
2025-11-02T12:57:33.222203+00:00,b2b9cab9516c7b57dc28358008d8b7ff6c55d0ea2e9069792951eef887f2786f
2025-11-02T12:57:33.360169+00:00,d94031e776f8f547e60e52923578b72e037d708cf9386d0ad5eee439b8b48f23
2025-11-02T12:57:33.508846+00:00,452c194e52ef217edf593064a5ae2cc94db615900c01c81466e2566d77b712d8
2025-11-02T12:57:33.644078+00:00,244bea3315f5d6bb42d790c588cfbaf038a864f046184d84c1de4565a4a78bdd
2025-11-02T12:57:33.775445+00:00,a7fa0a0e03f5dd94e0f0bc5211ede9ec6430e26c4083f985190bd9771e020245
2025-11-02T12:57:33.905293+00:00,4731c6985ab3c9486917aeeb7b57cf100ca6a88a1cc669469c44955988c26e96
2025-11-02T12:57:34.063273+00:00,32b6275a7d5220c23c0b126cc2fec55212861fe47216c2ae1d3e1ec656ed2214
2025-11-02T12:57:34.194886+00:00,59b46a6ac71734b817c29de26f370fda042b15c3d82f8cea22ac23e771345f6f
2025-11-02T12:57:34.324108+00:00,c1f2500768724dcfc7c285a800d76665f9cf42077e9c401b129ebf8672078059
2025-11-02T12:57:34.452909+00:00,a8045f4e8ba13afe33497de3ef0b6bdc7cbdedbe54a8625f85ed295b208e2dda
2025-11-02T12:57:34.584102+00:00,04bc69d56a661c35c4af5c9975844bc209616cb911c9ca053852ae74fd8b69f6
2025-11-02T12:57:34.713749+00:00,7616ef3efc0c0bbee7578c1aca156fc554ddbaf002ec529f6c92cb29d5e1cd89
2025-11-02T12:57:34.852334+00:00,4551e7bfccc4cf5bf94ccb47a907d9ebbb4463d0ca2b48356acf332c077c141d
2025-11-02T12:57:34.983365+00:00,a834b06470be061570b44a2d73ef615355e9b7e8ec666c4fa664cfba11121e6a
2025-11-02T12:57:35.112427+00:00,9a71e43072ad65a1ebd1869ca737de41405412d545392512e2cdf4801fa14b97
2025-11-02T12:57:35.241549+00:00,9de23962020876df23d619e44d779fcd6d7bbdbe5b406a026c25b9abcfcddf9e
2025-11-02T12:57:35.369678+00:00,b089695b2a419d17591b6ea478edae15b6c6fc7b4658824928bed6de785d8c2c
2025-11-02T12:57:35.499118+00:00,da18b0c8e0dbf1cd7677310c24d1508a797f2c1e41e67ce7da0180ceecdc2d28
2025-11-02T12:57:35.627492+00:00,b122aa5e3a06028544fbb0e704c0f3354c9d429d8be59587701a8912b9b22142
2025-11-02T12:57:35.756462+00:00,822acb78dfc90aa3c28ccf4a51972c69c0324167dd0c787a0f2b0529521099d1
2025-11-02T12:57:35.886987+00:00,5a21177f4bbc9e00d94ae987ed75fe6fdd4034b30b7762bea53b7853abcbeb33
2025-11-02T12:57:36.019124+00:00,1e80c48fc102e97f9395e8a2cdbc9a4d7fdbdd19382cd15a015ec1b765e6d2e3
2025-11-02T12:57:36.148831+00:00,0d1584e77f1d79c1e42c74b5b4d34eadf70357bb20f507bf62bdd2f2c563f2bf
2025-11-02T12:57:36.553769+00:00,4165a2a527188fb0b5eab9656e78e00e6a083c1b27e0c62c1551c98a7ef33e78
2025-11-02T12:57:36.697721+00:00,b1a70d865fb045aac42f8d0c816ef8ece02a8f6bfefcf49c2a22827cd825d58f
2025-11-02T12:57:36.827110+00:00,d7b8a13fec1ceebd76cf6dd592523f6113e07b53671e6335b482a7349c5a6699
2025-11-02T12:57:36.956786+00:00,fa37e751d3161e3c04d5c275a9f9b466cd6d8050d346e85ac3b89121d3e6952b
2025-11-02T12:57:37.085571+00:00,1398e85e5fe41c60ab0b29fc40ad6710b325e6fb956a7166bf6a4d94dd69cdd1
2025-11-02T12:57:37.212656+00:00,3fbbcc490456c0d10b8d1449e2493062be87a9c4ed3b7cd04e77834c6f77d51f
2025-11-02T12:57:37.338828+00:00,0edbed3767aeb251f48d736a0ebe477119cc7cbdd03e05165b07dd8cf05494ec
2025-11-02T12:57:37.472439+00:00,bb37f6f473840704d118957b814f6bf45bad1ed414ec39d1ab243f1c71a3a658
2025-11-02T12:57:37.628113+00:00,74f0865ec98d3f39aefcb5d1b78581c04d327cb316632d8d67d44158b24df7ae
2025-11-02T12:57:37.793890+00:00,f93434917d40d5281724156454d5d773fde4bc7d4ac2c1b2c2d4eff8c1c80396
2025-11-02T12:57:37.928801+00:00,f1f14194eb426c6758f5a4f09823166f650c98d40f92e3b0116dad2375455ffb
2025-11-02T12:57:38.058371+00:00,ef3244ab483df7d67dc3cbc91a9a5ae040b31b3adcfa753e6de06717f75590b6
2025-11-02T12:57:38.196485+00:00,4e7819e8d429c176b563bdca30de59b71c282b759a161f0766f9b3b9f4543ff0
2025-11-02T12:57:38.325102+00:00,1be3944b6e0f2a29388a7ba1a4a77fe7cfc509b77562484c3670ed3b6a671408
2025-11-02T12:57:38.459393+00:00,fdc51c7b0cf4addff111bf828a18b7ef7d5d7b4e62f851a210fb24303c7f527e
2025-11-02T12:57:38.590369+00:00,1d94cf8a2ef4ce8f725567a85deb5dc8113e94ccd3f1e667621562ffc4049d06
2025-11-02T12:57:38.720191+00:00,8ce538cb59aa3035d7b975343a88e8580cbb22da06a4b180b67513b58cf80f11
2025-11-02T12:57:38.847079+00:00,3694327372d70bb03904ddeebbfbcf7f6f0c99f5602f69612c5662ed42d12cd7
2025-11-02T12:57:38.978250+00:00,6e18802e2131c3e62ef1cee77dd36cad930aa474b4d3a675058df16a541090b2
2025-11-02T12:57:39.112512+00:00,d1c12e7a770fa1371cbdfb3f5800fb94fa84dc85dfb2eaa7cec8ef5488da51eb
2025-11-02T12:57:39.244329+00:00,8793f793aedcfc781b292f81dd6d89245bca20b997d27f1b800b4aee05c3b1f1
2025-11-02T12:57:39.371309+00:00,2f7e8c181544c756bb9f28b1f497d79e4981141e04a43cf83c314133bf52c6e8
2025-11-02T12:57:39.505110+00:00,87d97c66feab9359726755bb2a1e4a31215d3047f2f0d54472f3f99bd9e443f1
2025-11-02T12:57:39.634788+00:00,5a3a80080897693d445537a4540858d215f45be97125a030e9b29ed06c9c1469
2025-11-02T12:57:39.782226+00:00,f4a9515aee1704a12781301d5e7c3a01647090590ecbfa0a9e42842c29987cb7
2025-11-02T12:57:39.910973+00:00,89147b506e3b65b3cae30a1675302c45abf6625a6f76d5a41496feb1052eae4b
2025-11-02T12:57:40.040927+00:00,62096bea72f644cc38a68d1f3f8b2f24a46993f683389695698dfb1d17aaec7e
2025-11-02T12:57:40.172535+00:00,ae8795c686de6e61e71c801851ead8aea548a0cf0feebcd2da47d61e2eed1e7a
2025-11-02T12:57:40.309144+00:00,1ad169a2a901bacec09ec4228238a96e87fc4b54f8cb8e6c03122b33bc4e299a
2025-11-02T12:57:40.455950+00:00,321eddb6563e51f774d54a717d48f593e24750f34822f030ea3a094d76acee5e
2025-11-02T12:57:40.589650+00:00,4bc34531d48f7845d59727575881c0ccb8ab55b55f792e8f80f1f1f0e8631b4a
2025-11-02T12:57:40.722464+00:00,66f7c3b3a00bc75cba294f48761e47048eb4d34f22cec0d4281cb81de95315e8
2025-11-02T12:57:40.854987+00:00,d7069172147cdc0926d814e00a506002bf5f0f01ed9fed7dcefdbf15f79543bd
2025-11-02T12:57:40.987970+00:00,a857c2a86ea58680f1a2ae96d62202f01e652d5f0ce1a14df1cc47eb432ed86b
2025-11-02T12:57:41.119348+00:00,3f6114f3e120542e1b4f6178072f96c5314b095a86944e8fe571f6d85f1720d7
2025-11-02T12:57:41.245199+00:00,b3a20d5783226df661b65948500889a6e1905b91e39fe6fc0ad42fbd1796976a
2025-11-02T12:57:41.368390+00:00,62d6c8a6ba0c5924f4771e588e55d674230ad7de00b9a225212c509320b95009
2025-11-02T12:57:41.703288+00:00,27984782a29697c96020719f39e9c196d740752280e42c9b5f705aa2accc1954
2025-11-02T12:57:41.833337+00:00,45b875c2d301a094cfcb4b4a0912a1d19888526aff14782fd2c6dff9605191d8
2025-11-02T12:57:41.967654+00:00,f7e85e71292be157860f3fd26e809d634b9db9a9bb09b10a1203190693ad8842
2025-11-02T12:57:42.097680+00:00,6244215256eba9df530925f14a34df6cf2e3b9037b96fefe88d09e60139da4b7
2025-11-02T12:57:42.228279+00:00,248973a5c8c9f1aca3ad16d5c4c2a68c4dcd1c41466636d277f06fd33cb1bfa6
2025-11-02T12:57:42.360334+00:00,99ad6691bc03a67653c55593dc1c9271e31b78b669148746c0cccc72d4a7f265
2025-11-02T12:57:42.489328+00:00,c8de1e4174bc6808c2ca74233c87a83727d103d2b644ac5af75b91b98a46c61f
2025-11-02T12:57:42.619280+00:00,f4da37e201fa8da5170af8c9caa211b6e8cdd3737829cad03fb73d9d6a37630d
2025-11-02T12:57:42.752395+00:00,57cd0600a5696766cc3b24d0fc8d382d98a415afc3250ef8331a2bc2b19a31ec
2025-11-02T12:57:42.880507+00:00,57bb6026e963dd012bda303b5d161c81985f66a765493246a0942f85bc1696c1
2025-11-02T12:57:43.009728+00:00,ea2fd6faec95705cd195c18a042446b46f431d76e8d3e5b0e9d4f3624c7d41b0
2025-11-02T12:57:43.136843+00:00,2339acf4b586efc4cadfa75399ba024081d548d65ad9ee8acc63dca200d70b6b
2025-11-02T12:57:43.268594+00:00,3ce0f86512e5fcfc6b40f198494a942b9510c0ffc4d091e344f00b29751cafcb
2025-11-02T12:57:43.400130+00:00,f55ed14d89627be87922a5d0cead4eafcbe1dc8e7077e832b87faaf8998e2c3a
2025-11-02T12:57:43.533506+00:00,9f2f53e5eaa44236a4011f2f357db3e2ef4bbcab64926b6b8ee17340e1de1a42
2025-11-02T12:57:43.661963+00:00,a55f1bc2646d803fa4c9f284e496bd2ee30634d0ae3bdce2a1ae59ed02571c03
2025-11-02T12:57:43.790028+00:00,4ed973c86a7602fa1cd9394b21981da47a0493ca27f8337fb30079c16cda5930
2025-11-02T12:57:43.917739+00:00,aee1829e10350ed9baf0b8b0484cf6adafc2c0fd4a1341bd3f3d0113c3073aa4
2025-11-02T12:57:44.049128+00:00,ec6651b414803e55602d40a387c10d6de96c62159ac2c45efea5bc25f8d44063
2025-11-02T12:57:44.187451+00:00,995ff24ed208b89e57a34e8d2cc817f1badd8805aeded25b39a65486038852ea
2025-11-02T12:57:44.323724+00:00,a54fea53aa43b5038056d1a1f0453e7e33d0163f3ac1a6e6dc39f3d70ae5e285
2025-11-02T12:57:44.626266+00:00,064324135ec79ff0d0d3ba6cd340376a5dfe6188db8f0c46befe4b9c2edcc245
2025-11-02T12:57:44.764140+00:00,8470da24d753b04c8a776af6343d05494641274cbc2a7f5191f4e778fd04e3ff
2025-11-02T12:57:44.896474+00:00,2db8d3c4eec87e98c5af60cbd2a9c0a32467b41ffdc303ebad7943a44e0ce245
2025-11-02T12:57:45.031408+00:00,800a67d2b9018c1ff1424fda827a64c470c8d82ecb127673303713623ec8ddfa
2025-11-02T12:57:45.161025+00:00,b5ae27b11d424cc0008e132bbc3aba20501fe4b8147ad75e331e4cf8edd1b736
2025-11-02T12:57:45.291470+00:00,c31ae20a264c72d39746e9a5cbc897fb01019d544e7887ce45659b0d1e26a43d
2025-11-02T12:57:45.420949+00:00,9e238add3d6a7efac334db0c517bd62715541b4e9b73229903b131e373a32a23
2025-11-02T12:57:45.555013+00:00,147ee9c37ef7db44ae63e59b9d203f95fab17616f7e95b3db7bfdb4a2e318b17
2025-11-02T12:57:45.687951+00:00,a1acbc2051bb37947c6821d86595ef89e1a3215e5b7e017bfb6e9be215761d5f
2025-11-02T12:57:45.814762+00:00,769709fefbeb3500a56c3fcdfee7ee4c8f722c9a3e693a5c1704eb97eacb1859
2025-11-02T12:57:45.946591+00:00,a11ca19ee52b6516d5e1517857cbe0869805cb9499d983a20f5f5ed0f2201ce0
2025-11-02T12:57:46.089698+00:00,8d2186b4be2e183863916f7dd68fb9f9af58f0c17c0caa767a3f5da6ab3d529c
2025-11-02T12:57:46.217919+00:00,e63f855b792ec94416f8d5f3beb0d19ae2a333e12df6e104019a9d03312fc6ec
2025-11-02T12:57:46.348508+00:00,b0ffbc14b48e6fb3ad43ea25f174e901faf3dacf7746d109e7059ab4e6165c0d
2025-11-02T12:57:46.474535+00:00,872d4c60943b3bf240bf466946e0c9f9fd6bb5e14dba0134602a90c4749da284
2025-11-02T12:57:46.606306+00:00,fbedebc3f5d03182597335a127a00940d9077f1722808a50d9c50cc0b876499b
2025-11-02T12:57:46.840047+00:00,ad56331d641a4fc8277f12dec8e88d2da9b6540f0d099bbb0c1e32c75363fcb1
2025-11-02T12:57:46.970164+00:00,5d3d0720774a2833febac7e1b6ee14101f37a517bbff6d8c10d53d4ed4c0783f
2025-11-02T12:57:47.104777+00:00,4ad6a3bca840ed69fae79bb7eacaa17365b8a963a345f9a9db18cc77c01af5d6
2025-11-02T12:57:47.234130+00:00,7f825332fe1a8e14475629a8d04e37be66028c344ab8058428ccb40ce178ff29
2025-11-02T12:57:47.366878+00:00,13a43890d45980abe244315c372d14abca6bcdfdb7d8bccab259bc4d5d4cb419
2025-11-02T12:57:47.519339+00:00,1b6850714d2aa1004bb7e629a8da433c8c362fac1d67c2622f8364a87e7b3172
2025-11-02T12:57:47.665610+00:00,1dbaf82ab0b48c5973c61854e7a80faacc600abfb20b3525268e1ee372d8ffe4
2025-11-02T12:57:47.795034+00:00,a8c24b149fdb8b004d71c3c6a80bfb3256a6ebbfb4defb2a080de877c209810a
2025-11-02T12:57:47.924847+00:00,5bfa28c852675a96968571347c589f13466407964839ea6621a949ba5eb03d4d
2025-11-02T12:57:48.052362+00:00,16f8b7197f4f2a42f41a514cc55041477291e9938aa142725ce3f2199d8cfe14
2025-11-02T12:57:48.194171+00:00,ff764cca32827355fb99f36fceadf382eb6e9da390f0869aad80de371c0bf508
2025-11-02T12:57:48.327348+00:00,2f3e910ba3d02fac77522b1ae8d8eb686109f7d5cf21fbb1b82caa40936aa723
2025-11-02T12:57:48.455863+00:00,21a56816801f6e0e8b3d6977e293ef4b4b9781d9808d4cfaaad5e5f940651971
2025-11-02T12:57:48.590216+00:00,f9652e0e14406c4ead6766b74788a409d2af120061f1f4e8a0bdbbb403fda2f1
2025-11-02T12:57:48.722844+00:00,a4cc8fb6fe200175f7ce9925abd074d07e9aaa29369e8c98398971d81711d207
2025-11-02T12:57:48.855424+00:00,83652dadf6912d8dfd0384dff1c4be54a416eda78ebacd4dc680093c030d0c4a
2025-11-02T12:57:48.983951+00:00,4b428dd16d804e608d4b4864e72bc1af501e3ce086862bc18dab632deabd825b
2025-11-02T12:57:49.114602+00:00,7e3bd6b61792ccd943610d308f10ceb626190b65fe11cff40d0d1bbb7285750c
2025-11-02T12:57:49.244002+00:00,4807de2aa9b8560fb9db761b07f3676d700634b38a04c449f7733473ff61d9e6
2025-11-02T12:57:49.372250+00:00,c4a4f94f2479258b7ad0fb3cf97ce793f5de88efc99518bcdaa48c50a352d90e
2025-11-02T12:57:49.505848+00:00,7783bff492b8b1412efbf03972257e73555be24a596e0b7a9be93b25cc5a08a2
2025-11-02T12:57:49.635041+00:00,d8d84503dc00cc19982ad9de85c8351b2f0459a3ef2fa8ddd270c066b036cc6f
2025-11-02T12:57:49.783271+00:00,55ff41fb3310968204671d30c10f9f5742e8b8dae2fdfcf7dd2989fbc9808885
2025-11-02T12:57:49.920419+00:00,b15789789d133205352901fa136b3f354a21f522a5a7f7a1aaaba3ad93ffd158
2025-11-02T12:57:50.050031+00:00,a5e590e4176157b7ebdc4dac58a4b5b18b4c4811bff536e20096636bbf5aae14
2025-11-02T12:57:50.178546+00:00,8154b0b341e3beb7c7a4db803e2c17dfdb3f579a6344f19f852206d9819bd749
2025-11-02T12:57:50.309389+00:00,b3328da075318811d16c5989be3c01b8b0ba4377f57e3669e3b5732d3150ae8a
2025-11-02T12:57:50.451268+00:00,f326e3d6ab9af15ae6e24db8aca9033cf8f9bfcad58c0a4dd3c31d3685a58fe6
2025-11-02T12:57:50.630016+00:00,a91114ded5e9a8b473e1d4731da025da19ad407f6ef1b540d0a2fae4e88911bc
2025-11-02T12:57:50.760144+00:00,50480d0bc7817bdd8e1cabd1d18ea2ac49f642969a47a2ac2d8168025ac59847
2025-11-02T12:57:50.894222+00:00,0f293974c4f50948e739127f33b2740b50d76d4ea98d1352b547d62025397856
2025-11-02T12:57:51.024218+00:00,06244ad4f3518fc5e3fffeb7f71b755b3e181ac0ddacf26e546b1a2ab2f6b68c
2025-11-02T12:57:51.156429+00:00,766fede2f5c486b28922574e45adc532d6ef769b72f782ef97b3e477a0f4f8dd
2025-11-02T12:57:51.286478+00:00,b382cdf76091d224f03895d703ff70ac412f45708cb4bdebf34f2898128564b3
2025-11-02T12:57:51.414133+00:00,4827468daa675efff7150713fa48cc2a7cdcb2a3ff77e2cbed6e6136e984a101
2025-11-02T12:57:51.543662+00:00,aa56da4e7800dd8804418fe13829d677ee9c79ce663f5643cec7a64932702301
2025-11-02T12:57:51.672010+00:00,c98170a49465fcb6d3059964d44b1c143b6bd42f3d3fdaf863277b6a69a1e658
2025-11-02T12:57:51.804452+00:00,cba3d114f34cf03d28e2051cd3ff344ffcb6c6b9e7fd6751be1c7cff854a9f9c
2025-11-02T12:57:51.937502+00:00,6e328d44d294a49dd34bb6da3c3bdf2fbfce468071bb9e666ac0df55c3e63227
2025-11-02T12:57:52.068867+00:00,82d95687c27cb347001744ef629dd81d88453a35d71110ad7ff80ead32043103
2025-11-02T12:57:52.201078+00:00,08266d438791e96c948c000b5560a0481f83679681cdb35b355bd6ce996b8371
2025-11-02T12:57:52.332596+00:00,09a42fcbe6d851fabca8d8bcbe3f98d65723bae4cf549dfbf4ac43ee9a8c6690
2025-11-02T12:57:52.463438+00:00,7deb179f55df93249292f00888e5b1a68f04e49778bfa74e45acd591b739a7e3
2025-11-02T12:57:52.592344+00:00,43718197bd92ec0f8932f589e0c060f7074de26f5bbf625c59b0224b623cb4e0
2025-11-02T12:57:52.721241+00:00,bf55738685f8098d54a127e9ccd95a5a7d4312f06342ea80cf927f9e6a2ae0f2
2025-11-02T12:57:52.850005+00:00,ca001278715375ff59d11dafa14560d9a6863026c1a67d29ded650e67705bd50
2025-11-02T12:57:52.977908+00:00,6431d9e10fc7050c8be7381cb852d4c7eda2d7eae9d1fda237cf48265f65b72d
2025-11-02T12:57:53.115214+00:00,b649ff8c5fd7b4da8f6f2bfd083bc30459053e7690613c56ef8ee6fb19b13481
2025-11-02T12:57:53.245223+00:00,8ec18c11707cc91f432a0b2b1366b3aab5139c4ae0bada46f1ed429b4c4e2ece
2025-11-02T12:57:53.373715+00:00,0f9f938b34fb92fda9f970709d8049facee42090c04a16f2beba56e69321acb0
2025-11-02T12:57:53.505718+00:00,4d6cbb0302a85c85525f009e1e15ab081cb86c4c2ad43e7813a49b36177623a1
2025-11-02T12:57:53.633001+00:00,aaab57930639885108cd210c5b6a567449b7eeb59c6da0d606a98752bad87dae
2025-11-02T12:57:53.766405+00:00,55636f7dcb7f74eec55435fb06c674a9b05e003bd4ad667f01ef5686f2f11510
2025-11-02T12:57:53.952794+00:00,911631cea1ccba3e693f6596cf9052836cfe684647ee8b7490c4a8de433aa8c6
2025-11-02T12:57:54.086166+00:00,1c7f40c214dbf66d57a8868d8826f3cbbaf47be5e1ee37e6d0feddcd626543da
2025-11-02T12:57:54.216836+00:00,645a38cfd00c0097a57cc747db18656a17d3efdcb520d5707fba2378e88b65fc
2025-11-02T12:57:54.347604+00:00,7579809426c4eaf3c9c52fa5b9af9beefa9380697237c26bbf62b7d18d1bee03
2025-11-02T12:57:54.480830+00:00,90ccbcae3c371057e1794eded9608bbb845322647d975b3ec53f5c30d9be6ca2
2025-11-02T12:57:54.605633+00:00,3e0a38a4cb67a20f5d73c12d74d6f1d265f010c642d70b443b744ebf08b88261
2025-11-02T12:57:54.729922+00:00,ab56ff6ba588bfbbbdb25ff3ac013840da99afe2ae302e741a8f7dd057e7cc2e
2025-11-02T12:57:54.860003+00:00,bc0f885ad9603007d6ffc1a925407152914eec90161e5297254b9fc062439194
2025-11-02T12:57:54.986420+00:00,2ee576dbbd80f5e5c8860bb519feb9b95fda29a333e694ed1ea3c1a676b3eed2
2025-11-02T12:57:55.118821+00:00,ef06ff1891e6a20bd31e5d93ece609621de53ae68edc144c23d8bfd51d68a232
2025-11-02T12:57:55.245580+00:00,09dde7d5a154fe95fdefd8065268ca0c91becd421b749a2724312edb823fb5dc
2025-11-02T12:57:55.379335+00:00,5c02df5b80ac7da3248775c5cadaf13138e84d794fc0e3fd52a42a3d1c420374
2025-11-02T12:57:55.511906+00:00,7db606a545d564c140d45dc8ceb956d8247f0f6897ee73d5ceb2d06c8d8bdd57
2025-11-02T12:57:55.641835+00:00,6688c5e50afc3cb8b219a4dd55d30e0d6bcd6e713da2225f27ca1f6379c4761a
2025-11-02T12:57:55.769556+00:00,92d6b42cd1e614d51a3d370c80d7fa733ab6c200b0d947138068a6366f557242
2025-11-02T12:57:55.897989+00:00,9d771ef34b99de5e2d94319ffd9f8fd1757284760692af2007ddc10546d69447
2025-11-02T12:57:56.028045+00:00,6e89102639ee4aa1806a77eb239b38b0b75a5bc503b62c8566e694d3cb3b0ef9
2025-11-02T12:57:56.158352+00:00,38ed1f0f2bf40e5ac30fa5a76adc832ed0d8eac573ae046560ea87fa60d1c666
2025-11-02T12:57:56.287646+00:00,0051642ee84c6abac34d36dfd2c4599f8a97d857a3253959f06f9bed663c9fa6
2025-11-02T12:57:56.417969+00:00,89287a6374891e03ed26db3c723ed8bd125f88b1b394b48740b06e1b7e2a8588
2025-11-02T12:57:56.551289+00:00,ece1e3db62d9a863f69b3ce6faa8652e4edfe1d8ca7ede694a2aaedf1cea7271
2025-11-02T12:57:56.680927+00:00,692e776563d23b61477b2e3c1c7727113fa918c8cee022a671910fefb704429b
2025-11-02T12:57:57.099793+00:00,bbff203b990c1b5fe1b0742f8feaecde968b85cd1890394431aa4b2757b0b663
2025-11-02T12:57:57.228192+00:00,64c12f9c9fc03a7b629af7336acde695c22860f5efa9edfe1a24f5ff4b4fd38e
2025-11-02T12:57:57.359697+00:00,16f2de3172119cbce0fc10ffebd413b8ea520ab41ba92727d3f0ed35e58cacdd
2025-11-02T12:57:57.498552+00:00,332db57d34a17f9cb5a9c085bcd73a3d1aee5688f8333d7c1b3f916c60257597
2025-11-02T12:57:57.650755+00:00,5646831b7d652cda66c358bfdea9c0bdc423f00511c0778bd8146e976a98f08a
2025-11-02T12:57:57.778327+00:00,aaa070975cad75278bbebec934fa33c39d2a205fe47eb874d64843d73071de33
2025-11-02T12:57:57.903815+00:00,0d640a467e77cb148fb7f950dcb19742cb706fa2a39cb6b02ac466208b8b7faf
2025-11-02T12:57:58.030832+00:00,a105dba82bef4df2f70c7f74df9484c83d24be6a9557d34d9750520fc6f1e160
2025-11-02T12:57:58.164651+00:00,99c9f45c6fb8a92f08671166b03a4e218c86f5ed5f2614e47615f3ae4feba94f
2025-11-02T12:57:58.293828+00:00,e84e7243e160999cd00e0e5d7a6610a17407256cd287d9c0853ad857c5bc3866
2025-11-02T12:57:58.423409+00:00,68ba9f0f5eec68660dd6baaea286f7ded27c5e01a2888dd6e232b5dc92e8dccf
2025-11-02T12:57:58.553429+00:00,82dd2b478b2fddafb052d250360457a09d81ee2b4b3a178baa0a769dbaadb1f0
2025-11-02T12:57:58.686521+00:00,a2a4c6f7f81071c949c654d24ea4520255a6a272170222ad62b7ec7acd29c445
2025-11-02T12:57:58.817272+00:00,bbd7df61a242d4a594e11068ff414224a894bb0ac153caa2bc1f3d14d606fd32
2025-11-02T12:57:58.945758+00:00,3728b2354a1208416acec98408bfe62baeca2e8304b9f51fcd9032b94afd9bac
2025-11-02T12:57:59.075440+00:00,8326da58cf6ba7786769dbb28425cb39be581cbfc1328984bf5ef159b09cc80c
2025-11-02T12:57:59.208202+00:00,2ccf90a6c67166ad8665f773be2da18228c3aac9ce613a4c50fffb109492f7e8
2025-11-02T12:57:59.335922+00:00,8318f0a42fda4683164fd005f9383e7ad5dd3522467eaa4d5873273629ef859c
2025-11-02T12:57:59.462604+00:00,41ef07654af63e9571d699b344ae7e750201e3d5c457b88acc3e61c690105091
2025-11-02T12:57:59.592453+00:00,11a4f821974915e3b43d1d7e240a3ccd4fe72394d8ea61c913b2d15a51752b07
2025-11-02T12:57:59.739430+00:00,1e1a11d21736e5305858be595d381fa46132f310fc2d8171ddb89311a83c3264
2025-11-02T12:57:59.872539+00:00,eb4ef1ef918447d9ddc67c804263a44120db75a1a5147c0a8f31a2ffa5f24d8b
2025-11-02T12:58:00.025049+00:00,f6821cbbd8cb26569c5ac070381ca6d321e74458674a6b771421a73b9bf2a1bc
2025-11-02T12:58:00.155191+00:00,fab2bb4bff67a81c12437b4dd8ab9b58deea44214e9894ffdf12d6be1da30603
2025-11-02T12:58:00.282656+00:00,a4a060192e927d07c7d394352bb4d9b7effd25946a4ac91ec4fee86de0aabb63
2025-11-02T12:58:00.416329+00:00,6a618588a53f9c3efedcc9dc156aca84dc582f15ae34cfed26c7c76e20fc30c0
2025-11-02T12:58:00.549966+00:00,c0ad667cffd235257a352fa90f2629ef8dfd554caf961224d8393d5b4852ddf0
2025-11-02T12:58:00.683943+00:00,da078beed602a649970f653d1791a06d469ebf2a1642102c76baa79169c30110
2025-11-02T12:58:00.813477+00:00,165e47c3dc51f03412858f74ca36ca372151cdee55ebe370752148493b845eed
2025-11-02T12:58:00.943592+00:00,d338eff1f33332a565bf350c2f057de2ed65d56e22a4e3bcf5b3a91eb051735d
2025-11-02T12:58:01.073197+00:00,41ed69217655353594d84cd9a973918e29e6a48b2f6fba9b4b5fd71938e8e4bf
2025-11-02T12:58:01.204563+00:00,3941bc311866df0f698169653294ebc504513559c87c0dd4fbd2bfbdd302e163
2025-11-02T12:58:01.331383+00:00,5ab02a83a324ccf13dd482c919077bcbfeee9e0814b1126895bfd4e05b479e7d
2025-11-02T12:58:01.460456+00:00,79c591dea4e757faf9ba2f1ef8810cdbee44845596576e615c9a2e2cae312245
2025-11-02T12:58:01.596271+00:00,6cd94e546875ad0f44d15d9c93bd7e16365f2d0cf877c6ebf10ecc1f8b222671
2025-11-02T12:58:01.727791+00:00,ace5e4695cfa09742991e57b0c289d2ac8e4300978b68d35dfe57b75da8e8cd7
2025-11-02T12:58:01.857409+00:00,3c110b09ce0b55fc04d137b4dbad85fbeeb666db9b5abd4daf7dcaee0cbf57a5
2025-11-02T12:58:01.987273+00:00,48c9e2365586d1cbf8918723a3956272d0bfeb6e051e61d19afe0f908b3662cf
2025-11-02T12:58:02.126187+00:00,1c71cc9d4b8ddb2c5044fd65f4561aed522bb216f03acbcaca736581bd32d2b4
2025-11-02T12:58:02.257386+00:00,786d77789106def102c53cf97df391437e3759fa5ec50e10cb62a18f1f5be2e1
2025-11-02T12:58:02.386438+00:00,1e7c214b80a95e83436aa5f93ca3d7e05d97be32faf12b18c2ad43587f1a56aa
2025-11-02T12:58:02.515346+00:00,a6eadf59fab284729bdfcfa43759464873080b8d90b42753ee6be5de80e241f3
2025-11-02T12:58:02.647497+00:00,7cd792dabf1e1aca98babcde8329b0f1e8f344751494a6dcb866af00af2b2345
2025-11-02T12:58:02.778785+00:00,8ac2973bf4cd3dc1ccc8aa1730ad4f9f4784a8c74c10423fbd1dca5be5b349cf
2025-11-02T12:58:02.929548+00:00,8a0112a890e7aa348d87cad24a8d4562a1005eac46244915f393f081bc3fcec8
2025-11-02T12:58:03.060184+00:00,c8cd222b7a20d4f03b8f94ae0f9be56039d8096e8ae61a9d44e4185737659f59
2025-11-02T12:58:03.193810+00:00,509005b6f3cdc42940833924a1ef2096439a9cfc391181a7eeebc22aff5e6e62
2025-11-02T12:58:03.324521+00:00,ff96420031d46742bd5b01e73fed149726ac9b0d62de1e99d96ebfec4a93ae99
2025-11-02T12:58:03.451055+00:00,21d4e9f2c6664a25e533ae3f4ccd4ecc4a9dbf476fa822c3d3ceaca220b52245
2025-11-02T12:58:03.579815+00:00,9cde02b48744529b837d7933a9a0ac60996bcb46f1ca84b35793ebaedab08367
2025-11-02T12:58:03.712509+00:00,834491d2e3f78d41116506b5267db02b2f7d1215408605fed7ed2fc07ee85c2b
2025-11-02T12:58:03.846040+00:00,db0c6a9c03548ebacdca84437eb87c329a46badac7ca2396826d3b6006bfeeed
2025-11-02T12:58:03.975852+00:00,f7bff7855936210c915aa1c74494b8266ab6ba5a9e91f1637881e170d5e8dbd1
2025-11-02T12:58:04.107692+00:00,a03c387868e8489e9ef078c3cecb92b5184d761d71cccb129834f2e4a245f1b4
2025-11-02T12:58:04.240291+00:00,8878d1eca7afe57bf72c2239e46bbc9347aa97ee3ec2ceb4ffc2eae3005dc13d
2025-11-02T12:58:04.373691+00:00,6e434c474741c7937fe48d4010ad5a080de47f8be1f3beabaa5b8be88326b4f4
2025-11-02T12:58:04.502118+00:00,96a358f0b3c5aa5821ad60f11cd1dcd3ef2c8c5001e9e356d58865be3a1ebd5b
2025-11-02T12:58:04.636558+00:00,4801ba5c07f196ea3d0f5e2691b3909797f5d3d1234fc786e57ea11c6f66701f
2025-11-02T12:58:04.769016+00:00,bb1116aae1bc52a20c87c86fe8518938af401bdf5643c017019145a4bfe90ec0
2025-11-02T12:58:04.898564+00:00,79fdb8ca45de6bfb4fd3562278b4e93b7c1565a3a73a5eb4f72de5f4c1d88e8e
2025-11-02T12:58:05.031022+00:00,0d0bfb4bd275d3b4da252df8f1668b25840fb82a656e4c65f342f44a4560f33a
2025-11-02T12:58:05.160567+00:00,7a13593c06d951af540cde3a187a620e916e6de513afe6f14a4e66caf6aec201
2025-11-02T12:58:05.287573+00:00,9b688046f4a5491f6bf70a322b185e49df8b83aab7f89d6b1fc53e86e9b5d500
2025-11-02T12:58:05.413425+00:00,460e1a367735a4056bf41d60b050f516026537bb399d49ed324c9c03c44fc8c4
2025-11-02T12:58:05.549709+00:00,d46acba42450340b5593071b407649424687f0cc80784d5eb6834361cf89f390
2025-11-02T12:58:05.679260+00:00,65d9d5a3489c18a8bfa6730f6c21ddea63bf842c0c7789dca02bc6d10c12f0fa
2025-11-02T12:58:05.812055+00:00,4814b5b77c01c92cfadf452505757b35f17d1d81a3036c6e29f7b74644826467
2025-11-02T12:58:05.942227+00:00,0952d9a2703c783b46c637f95daeca4ea0a4cc41c8f1d9d58665553cfc3c79f6
2025-11-02T12:58:06.069736+00:00,7d9c7fbd838d0d46da86cc1acdafb96880d1e0d561eb20564a054b4b7675d643
2025-11-02T12:58:06.202463+00:00,1007de637f72b41fa52af73092782fca0a90d86cf644bbe2807dcf2805fe1a72
2025-11-02T12:58:06.326692+00:00,dbd41905e5b3de04d75efa4a07067eeed66ea5753e1d1b349768fc71bdc79f02
2025-11-02T12:58:06.458416+00:00,e8f8b4a715186926b727458760a543a7fa3ffd50140c7c1faf3b97b07cdfae11
2025-11-02T12:58:06.588762+00:00,3e0f9d5eb110539e82643200465b837000fe73d927b061f7eb22305762effbaf
2025-11-02T12:58:06.725044+00:00,6cb754a4ec4b31517974b25a68f6668d5630a97aad83ed494fa9f1f628b27696
2025-11-02T12:58:06.855341+00:00,ff837365284205b19b9e2c80fbefb49f90642f60c2be2ef077b8f1c76aef9a4d
2025-11-02T12:58:06.983331+00:00,9510268bb0d69889e2c77f16f3b824be7ed6029b5e0e61156f3c9735e595a478
2025-11-02T12:58:07.116334+00:00,c7fbbe72132c2195d66eca7e7c7fd5fe14f3eee9fad67b048bfa4d3bda6ed7f3
2025-11-02T12:58:07.733008+00:00,437bb1e0d26043689f774fe7c1f6156e5c00426db790685a8644ea68a3c9d682
2025-11-02T12:58:07.867899+00:00,fe8057ee101610433c3d2d2565196b28e7e31f0840cc6583047a29965e8b647b
2025-11-02T12:58:07.998209+00:00,9a38d0dbbfd911d05bd666423780b5c1c04b50d3835faa703ead8abdde36136f
2025-11-02T12:58:08.135328+00:00,5c171297c09c654732085eab995a63c4740a72a96fbbc1ab547c2a4378a97b6c
2025-11-02T12:58:08.262789+00:00,debfa4cd83e2895501e4db9825823c91fa2d15093d07c0f3b98ea3ad1d13070a
2025-11-02T12:58:08.394372+00:00,897d9c9bff85255be9f4df64afef8bb6af8b3552446347eea386fa00ae9ea5ae
2025-11-02T12:58:08.527635+00:00,aa4c91dd33f17bd993b1b9153c4d0172ffa0973263e093d7a53723aa1782c16e
2025-11-02T12:58:08.663936+00:00,300f206892e163ab36d7d8d58fe1a96340480c6d3c095c1e6a75635318751955
2025-11-02T12:58:08.798523+00:00,cdd3f4019abd113079f8bdc485775460a610837b92428dca36fc99e1f77be4b0
2025-11-02T12:58:08.943589+00:00,a611414e6419d79a990c1b101f95cff24853a50f2410fa61247c879c0b0042e4
2025-11-02T12:58:09.073513+00:00,c0f42d6a63f7b3146756bdd81e5b83a066665b0d22d6511feb0d739f91a97c24
2025-11-02T12:58:09.202550+00:00,c188bf2040d6051c83fe869de97dd4a5c7e043e16cc9f799d90de00acb5fd151
2025-11-02T12:58:09.328938+00:00,4785a2889e801b83a1c18ca50073d50d178a2aa5e76e755e4b7c3b1fa086c589
2025-11-02T12:58:09.460698+00:00,778b9e9ce22763157ffe6a492600f7f7bed89e21a5e62456bddf45f4f05897f1
2025-11-02T12:58:09.595632+00:00,9ff19ac11b2816510841aeea6b1c26fe2e55dee1c8ac08374d68ad075c1a88b5
2025-11-02T12:58:09.759674+00:00,18b4f62a0ed6c3b6313f71295c50e15ded32dc9f7d5382f57269c70b8cfc870d
2025-11-02T12:58:09.887054+00:00,e3b31936094c7a5208c99b5d7c58ef53e93a0ee9c06e724f30d429865680ee89
2025-11-02T12:58:10.016366+00:00,bdaf574a27d4dce56b5ec0a6351aaba565e01070f3666926358822a95642f085
2025-11-02T12:58:10.146892+00:00,c72052f29f16b50be9693d448ec4dafce0e0f164fe34b7d0d40af907ee08bc9b
2025-11-02T12:58:10.273950+00:00,e85094f7079aeff360b8431fa004b9b3a6806a82cb2799e36d4a18ac9fe27b24
2025-11-02T12:58:10.411313+00:00,d0a97cb8896561e3eb47637cab8852975261fd8fd0b79240de3d5e50d613e89c
2025-11-02T12:58:10.626039+00:00,2e1826db3c4c7ec36238626f56461dbda8f0f9cb13e121052954464d9e5b88d6
2025-11-02T12:58:10.756505+00:00,b60886d696027fe57b6f5bed4795cb96caf859bdb1395d2d247c548ebdd6b33e
2025-11-02T12:58:10.881492+00:00,80c67d95f174122fd568280e16232a68966e3fc1e36d1330a49deca01cf701ad
2025-11-02T12:58:11.010144+00:00,b9a9295ccb2eeb4779a04e62b3e9f358b1c492a34b1f668022755f136623f748
2025-11-02T12:58:11.143663+00:00,f359f5e59cd58464a81ae9a4b511dda4ffd471143e7081a9e748b4b660204059
2025-11-02T12:58:11.281901+00:00,820e596236d357a391ed7f43200d889276dd39bc8eec48460e790e6656911d09
2025-11-02T12:58:11.420250+00:00,44ef2593d27476caf1d9e95c180987402ed7ed61bc8b0c9f81207ab2afa36d82
2025-11-02T12:58:11.553549+00:00,030f75dfd787565b12708081947b10a9ed04cb30ae6299d3068d53248c826b0d
2025-11-02T12:58:11.684213+00:00,b6b4f3e3684c7c256198d840ee54da45a2dabc9ebc242bf8faf0c898dc555f9b
2025-11-02T12:58:11.814987+00:00,d759a374587e922047bc4bc13b359e348f8807000c5052c7f8ace386bb52c0c6
2025-11-02T12:58:11.943008+00:00,0ded4e7c41df3ad397e7e115d8fc46552b1908433df9b565192941f64d8be386
2025-11-02T12:58:12.075708+00:00,6b2c78a54d3fedab83afca469dd0f37b8b2b346d6ded659705a24eaa342cb1e3
2025-11-02T12:58:12.204031+00:00,4cf2ac44392081e7848d67cf106c42bbb871fa0b726e01fcfe07e426280d1024
2025-11-02T12:58:12.334702+00:00,7c206c0ba0c6568c7244b1924c3dc70b84419eb71b64c12df059c59785e15d5b
2025-11-02T12:58:12.695260+00:00,c7c4b6b3ce58e31a295ee8315aaf8e1a9abb85a8f52f10198c1dd2a63c31f8a7
2025-11-02T12:58:12.834486+00:00,a8da7cadc080559ee00162d8991825244f489bf659289fd7807fd8e344293dae
2025-11-02T12:58:12.968050+00:00,d84466a8a3e5e6f86e78098b454d853e68f1ded9843410c601af4c40ae994f5e
2025-11-02T12:58:13.099511+00:00,15a1098bdd47a05ea593d14666157acbce875d1500e40a6662864f4201aa188a
2025-11-02T12:58:13.232777+00:00,6a5288b223db60cd3ea4d54c8ed87b5446a58e6b51327fecc186cfa26ee8bd9e
2025-11-02T12:58:13.362399+00:00,bef33965985f43f64e5effb339f9daf351f5d79faae2752be91bcd7d738a7eb2
2025-11-02T12:58:13.491137+00:00,450a23985f782937a70aac749edd6b13e9ccc86b1c25fb890bd853f46b2edae4
2025-11-02T12:58:13.621559+00:00,437168058ba70b66e34fba9b7a90fce0ce5f980f1e62064864567d01a9873821
2025-11-02T12:58:13.751020+00:00,bfde283c1ad03bc4e8e97a2892d8a0f794490aba1db1e879f035092011717273
2025-11-02T12:58:13.882221+00:00,66dcb827ac24287490f38c0e92ee3b1fe7ac6d09113e406e82f84d35db9e602a
2025-11-02T12:58:14.035476+00:00,abe1b6f4b507be06f760c03ae3ff70b71c89a70b4a3c5903fda8395f26ce99b3
2025-11-02T12:58:14.164570+00:00,39d77a9ffe1790e5fcc214a309443d9ed490db247367df07f9106e802a5b9be9
2025-11-02T12:58:14.296342+00:00,011a8d21f40c15d6609e984d8bc4226e1a35e15dd81b5bf7f0f4b6825be889b6
2025-11-02T12:58:14.434884+00:00,c0d37c2e2b6112402e83b5a069cdee60133bb3c5f7367ee308da28e892808f27
2025-11-02T12:58:14.563492+00:00,0c5eccce753e0a6c732489094a41fc9c18afa18dfde6b40a7e2cf75b2a3b2e41
2025-11-02T12:58:14.695068+00:00,65bcee3c43692ee974ce4010f9cb2dcfe28b928e2f18dfc236bcabb8d9580886
2025-11-02T12:58:14.825823+00:00,65cacd688ac8be0d75854a68486ac11ac518fb2d0479b78dbf7da8789758db2c
2025-11-02T12:58:14.954228+00:00,4fdec66f7fc41e87caa68646c600aeeed2238ad63580960b41a8ab1ece92a033
2025-11-02T12:58:15.088628+00:00,2999f4bed01c643862f1f9a0c3d72eb98950fa56847c43c8ce113cbda04b9ef7
2025-11-02T12:58:15.217087+00:00,cdcc9fab16c842d57568ae77c327d61071d0aa786719d96203fe6f34ed52d3db
2025-11-02T12:58:15.348193+00:00,a73b90ba7f84ce2e6d3a3690a497e6e79bce3d982b4b269f1afa2b53d44bffff
2025-11-02T12:58:15.479293+00:00,e5a601ce0588bf58bdbf570159b81dc0a1210f642dc58939a037d00cece37140
2025-11-02T12:58:15.615449+00:00,6ccc8f8b84f4b851db8e237d6c86e50a2a6beb97e342c57941fc7dbcc1075ffc
2025-11-02T12:58:15.752434+00:00,fd5feacf355a8f1c3cc10a27a775c651f2275bf3ab7e7870b8b91c3ff4f1fe65
2025-11-02T12:58:15.884692+00:00,7aa9e6e3249b1928086011264b63a4f5c7f5f50f697c9f25d6bfff516952d852
2025-11-02T12:58:16.015905+00:00,5e5e725d957b63fa5783602d636e35c204fe46a96e3a0cb49b9ae1b31731bd95
2025-11-02T12:58:16.145909+00:00,33cacd6f359e1ec6078e88249d300f87cb1e301a221365c8617cdae2e20f3570
2025-11-02T12:58:16.273624+00:00,5eb6c534be310b0a197d433fe824611820c905ef89acad714a7ee5f11c4be318
2025-11-02T12:58:16.399951+00:00,81d63a800f7d560bc37dcf7e1aa1b30cff41732f0ff9d17540f57c6e0418de9a
2025-11-02T12:58:16.528482+00:00,716337c2f43878359f8fe10a122efd3e2f52819ae47062596cb915329be74716
2025-11-02T12:58:16.655053+00:00,8f8169999224eb95f23c8f310bad86373ba2d0f1255622ba780b471e5679b542
2025-11-02T12:58:16.786358+00:00,83c66ba8db43b700d6a66f391ad243a6a1e1e6573b4ee1374bcb01ff8f2696af
2025-11-02T12:58:16.915731+00:00,82f881a7c32f66e524f05391b63d24379abcab3e38ff8ea8fd5513a3fd49cb2c
2025-11-02T12:58:17.045420+00:00,7c46312e30a3c5056f222f92ce3321462735edf491bf983c6c2ee9dacb80506f
2025-11-02T12:58:17.179258+00:00,efc75a42559260a3bd97035661773e0f088c0341ebb16f5aa6d866737345a223
2025-11-02T12:58:17.309630+00:00,5cb3c7a6f431d07e9a442621b41cfb0fbeea2a45894fce60ef24e659a7a1de50
2025-11-02T12:58:17.452227+00:00,c83d6dba3fa36961b0f63cd6c2461750022fed176d93f4aa03befb0886555925
2025-11-02T12:58:17.601134+00:00,3563be2261bd606084b9bae5ab31ba1be03349b7cd5d9c52f9cadda75a3742bf
2025-11-02T12:58:17.748136+00:00,696dd96bdaf9310a0f792ecc3dace7bf8e1f85841b7cdf8d84751cd0034d0399
2025-11-02T12:58:17.879114+00:00,7e86bebac98967175f20b7b9d1e9d3936dabdbe687b9f80b139216419ef523fe
2025-11-02T12:58:18.007134+00:00,dcf34bee96823956c99db146dfe1d5efa1789a4618e30f56632669ce12bbeac2
2025-11-02T12:58:18.143657+00:00,cf7fcd51e53dc759edaaf1c1d678315f9a43afb2de4ad2bcb7c7fbe6f9a765c1
2025-11-02T12:58:18.276940+00:00,037bb76f8a44c2bf7c125bfb7966e7a17819f5ed37eacc00dcdf02c0ab51e975
2025-11-02T12:58:18.409548+00:00,cf87585c96e283ba1244a5ec16f451e9d012b85df8c29c48b85eba23baa68e55
2025-11-02T12:58:18.543644+00:00,24c0cf13f3eab13fdb50130ac991b4b9213473431e8fb62aa52b853b41419c60
2025-11-02T12:58:18.676098+00:00,a852c2533cb77cf9d86012716f2616e609fd79552a0249a305e6df1cc00e5451
2025-11-02T12:58:18.806292+00:00,1dbd4b89efc2384b159efe703e0643e00fef48b2984959bc12f340a49c618140
2025-11-02T12:58:18.935151+00:00,a2eaa127738a1267af96c69222ffe50f072b581f16622419b214313678bdc19e
2025-11-02T12:58:19.067341+00:00,3abf20002648ba9962357c6fb2dc96afbbae78f8f3aa3a2b4dfdeed3141dd333
2025-11-02T12:58:19.205674+00:00,ce92ab358630443dc3a0f0667c7ded780112f84e704df6d2b9b456f64f4ec381
2025-11-02T12:58:19.335356+00:00,637d6f9969ad77869c8e19539cd6964b920bc09a8f6ba42ae642743e0d7edede
2025-11-02T12:58:19.467617+00:00,fb2c8a669ad4e5a8f5232170cea77425917f7fa162fb9963ef84dd66f84c4975
2025-11-02T12:58:19.598887+00:00,cc4808be45351b3089d3a2c207aadf436234b0a17df06819d934f20d744284d6
2025-11-02T12:58:19.745655+00:00,97ff82e127093f2e86236edad222cdc2af238d06756fad3fe96133d963cbd283
2025-11-02T12:58:19.876487+00:00,4b9616e19d08aa026a38cc8e1b685a9c959d3f727cf497ed4a1c160631e41e83
2025-11-02T12:58:20.005853+00:00,a456a94a58c541c3cbe0dfd7d6d9b6abcae623d2aea39f5d373f64bd9c56aab0
2025-11-02T12:58:20.140712+00:00,6342369f54037845bf663fb6fd040e2ba4c781d16164c0925cb6e14ad2b3f7aa
2025-11-02T12:58:20.275166+00:00,187aa7e4c4721a31e7c8eedf4cc8ae624263cc3c669864dff312af576e27ef81
2025-11-02T12:58:20.412691+00:00,c53bd6d3796257c4c6760a12fc07668a1d26cb7cec7d3811d1b07a7c84cc4748
2025-11-02T12:58:20.542259+00:00,5f33bc807212162c97b04951563555d9514145402d6a67cd2121fefd7112cd74
2025-11-02T12:58:20.666285+00:00,e458437bd8cc11812fb5498bf1ad2eb8ed2b0350b35becacdd98b8c4f9ed499c
2025-11-02T12:58:20.796521+00:00,bf904a5cfd52f01ca3b9bfb2192cf8729a9beec465c3cefe7cb0e93e3d341f5e
2025-11-02T12:58:20.938400+00:00,4ecb4d5bfbd8b44335c7c23ecf50a8638d32b6278e19101ac012e1b80d3d759a
2025-11-02T12:58:21.065343+00:00,6d296410eca8549434899fb2c9558e3027b37da71023bc8a3a6a3bca46faa398
2025-11-02T12:58:21.198277+00:00,9838c8acc376eba731c3ffac54c815828a7d0fdb6f6b758194505468cce998e0
2025-11-02T12:58:21.331418+00:00,75ff5db7c9b299d3317726452358747f5a5315b573174779d5ab3bdd493fb5b4
2025-11-02T12:58:21.464668+00:00,371bb3f6393cbe46032ccd1b1b87902a4da792aed57a5c496916ca74cfc7059c
2025-11-02T12:58:21.593227+00:00,4b5866708c6584fd25f22033c1eda42ea6e18d3bbf153abba1f889fada6cec08
2025-11-02T12:58:21.722721+00:00,afc4b57d409f29ac1dd9890b6226f3b67bdb4c2a435cc2f296389933cb99f891
2025-11-02T12:58:21.852832+00:00,0d42765db593fd27ff2cdc33f97f746763c1dfd261770ad7a422f84727528881
2025-11-02T12:58:21.985813+00:00,b7b70e03119042f0609cfba320712ded107393cbcf187387569e64e66ab3afc9
2025-11-02T12:58:22.118231+00:00,7f69a95043b9df2f4f24fa043e0d4aa840e0275fd6b005445f840065c01c7070
2025-11-02T12:58:22.250857+00:00,deff7071470e932aaec8a04936ae73af57d137e5cf64b2fa2f93106d6a7311d1
2025-11-02T12:58:22.383079+00:00,224db11dbc1cb6091ce99b2d3748810220be806fd47dc53425ffb00725a34e36
2025-11-02T12:58:22.514531+00:00,6a87682c43b04492ad7c7aca6aeb417cff3be48d2d52e3a48acd6efb4592f7a4
2025-11-02T12:58:22.652211+00:00,3b5cd891e4f36f65672a29235fa83b78f50275928a22924ef5fd874345a62f0a
2025-11-02T12:58:23.053303+00:00,3181f4bffb986c3484fe690f51cd6117622872fea74c57070261e29d35112528
2025-11-02T12:58:23.183624+00:00,4dbc64f7054dcca8e8b8ab500c1c8f63e22032c042f4299d55986b2f8e625ee4
2025-11-02T12:58:23.314592+00:00,a50291bcba96325b8060dab2cee422b3e65ae9df8a0415ca513377b93724a84c
2025-11-02T12:58:23.441817+00:00,eb2d1b497ffe5850527e2ec1cf53ca69dc9eaa8c1c7839fe14914fc472a6c9c5
2025-11-02T12:58:23.571203+00:00,e813bffcbbfadc604cce829fc6cc4a3410a8898456788d96e3630f1707e83f87
2025-11-02T12:58:23.707768+00:00,2e90854515b61107491537c119d186b4e97decc6b978de8ea73d3856213fda07
2025-11-02T12:58:23.835505+00:00,6cfb03e2b1776ad9c29b8d98dd9733eb9073fc16dfc838d572cf683eb3393e0f
2025-11-02T12:58:23.963668+00:00,48ed8d3accaaaba02601f113915402dd3e33815b1bf8b88b0d3f418390fc83f6
2025-11-02T12:58:24.095256+00:00,b1e125cadefe9450a61d7d8deaa50e90b7415eb59ad3d07279a792c1e406b6a1
2025-11-02T12:58:24.226086+00:00,5ee30b3ca52eb3eb6d510d957cbc3e8152847d9cd31ebcb42bd710ca268c083f
2025-11-02T12:58:24.358285+00:00,1e83790d0fd0a8e4d9a5be8611136fd7b2450997f70ee1ccb2d6e7662bb93f72
2025-11-02T12:58:24.485871+00:00,bb862d740979e3379c750598b22bd0ffce4e1f2de9d044f899ed40bc95d61e6b
2025-11-02T12:58:24.621915+00:00,6d6c627bbe81c7cfe0aeb0f40f603346f1c8daaf2563005d80dfcc44ba53eb12
2025-11-02T12:58:24.760822+00:00,c58838e39d2cbaa1ed45c8d5ee287e6de775cbaba21b999b3908a4be7ff9d0f9
2025-11-02T12:58:24.886683+00:00,647b51d4da37edfdcf4e44993165aa4b36ef6191c4b4e514cf9d0737121ce6fb
2025-11-02T12:58:25.015382+00:00,31cdc4b04447baf2413198f7110fee175c191c186e666b651d68e189c0b063b2
2025-11-02T12:58:25.145751+00:00,f76fbd055dd89cfea011be607cd7b4359133fd7e16e15ebbe0367b72d4f721f0
2025-11-02T12:58:25.275834+00:00,ecb1f7bd9d6357d510a391adc0bb066e51e9eaa6cf7656f86db5af34ee458242
2025-11-02T12:58:25.410266+00:00,e3258edbaab08a0130fb0bfbdf85fdd26908410b8ac811009d2f650385275b1f
2025-11-02T12:58:25.541992+00:00,ce3eaaaba8f2d31b81c6d42fbe1cc25e8f5d9ae6e42f14b71587fb8e7d85dae5
2025-11-02T12:58:25.673436+00:00,6a854910bfcd9495ac560fc2dc6e490ce46b2b2317325756162ea683756efab3
2025-11-02T12:58:25.805826+00:00,c7da051f383cdc71775142d9a2428b0926d7ce9a5d34b45febba67259fcf5b92
2025-11-02T12:58:25.936504+00:00,1326cd2bbd6f28b9150d276d1fffe8fcfe800ed50f91b0830f41f36d54ceed85
2025-11-02T12:58:26.066086+00:00,52f8c9e4b8b831a1564794863979ed119a515e0b58c80cae090bb0e932240130
2025-11-02T12:58:26.195615+00:00,ea83488067ad61d93a7b160a3f44630d583bfeba22ff85e932a76baa14ba0c76
2025-11-02T12:58:26.323693+00:00,595cbdc7e64c0a0ca234232642eb5b34d34bed4ac8a6e600d7ae32158d6e3c58
2025-11-02T12:58:26.458776+00:00,30516ad9e0b66dfe9d7300268f2a54d8272d35f639783af2f8e62846580f2ea0
2025-11-02T12:58:26.592686+00:00,97dd0f5165bf4329c9809fa8be44e7f47a9fbeb2bc1b2e72cff3c5a133b7c6b9
2025-11-02T12:58:26.724632+00:00,21985fa3ba5fdfb69a0be0deccb9c0e9aec07c0b74d62c9312264da6212146e5
2025-11-02T12:58:26.858856+00:00,c3ab76e6cc6ed3ebfb6e14c457b2b0bbb08f4c2488ad7a325a72aaeb67d502ed
2025-11-02T12:58:26.988508+00:00,81f7ff1397f79b03be34fc203dead7d80b9d24e7e02b64d96ea738a7572bb6cf
2025-11-02T12:58:27.124684+00:00,c81891fb7d9cf966f822bf35555d7edbd34f310a0e9023e6485e258f0866aaa3
2025-11-02T12:58:27.256980+00:00,eba4666b23df169e30f61f74fee9aa6db8e62252a8c0b70bb7c31ec006567815
2025-11-02T12:58:27.393863+00:00,de5a020b16d35e9aba82fb75f69cfb99a79482e3ba78cfbeff7a1be9ec114373
2025-11-02T12:58:27.545664+00:00,30aa4609d8da57c9ce481afbfe748df11e98995fb7e76a190e67fb6cc5b1ecec
2025-11-02T12:58:27.685592+00:00,e7a859f940b5d5436e7cfb023616f88de50679f02de325f76b8e18b6bbd5aac5
2025-11-02T12:58:27.815782+00:00,7ed9d561efbd1b1d9301c569b5f39e917d509e66a2933caea9dc9cf2ff1d8a91
2025-11-02T12:58:27.946606+00:00,ee791b9c18fa3ac75d8232d9b37fd0747446f647e4e3887eae7f4a6b5f177434
2025-11-02T12:58:28.312034+00:00,bf3e9b88c769b8f8d8cabed8daaa3763f8aaa89182bf9807f5f3e6694ad382ad
2025-11-02T12:58:28.447332+00:00,bf3567efda203c81e847a891fe509a4974a008932c480ba3abcb742cd5de66e0
2025-11-02T12:58:28.579645+00:00,09bda4fb6cf523e2ac71e633a661627ede6b131b483fb67c72efe4a23bf1296d
2025-11-02T12:58:28.712930+00:00,e3f5a62ac0a6cf16117921b1bfc721db47742ab7436fe10bd045fb37e2876ce1
2025-11-02T12:58:28.843603+00:00,86298bcbab811bf9ef49836bd94d499491f50e257e18fc67f87cc391950ac7d4
2025-11-02T12:58:28.976217+00:00,b78c2b589a8f62e1dc7c59ed448008cd2ca38d9f4645eb0690d1ba1c0b7cf403
2025-11-02T12:58:29.105036+00:00,93926888a340d6348ba7a5d739f7b6c7f693e847ca506ff2bfb4de989bfbfbf8
2025-11-02T12:58:29.232485+00:00,f0049fedc141b5f278ea5a9cc3d4267f081354a5c2ab2d8cb7e41da0b3434c37
2025-11-02T12:58:29.367415+00:00,e82b0f2197d75434157e3a10ee83ee94c80176eb14a4a91ada55112584f95ee6
2025-11-02T12:58:29.502492+00:00,697d60fc895998b3c27382cff855f991d7b8091a163239ed898ef3a3780a6efa
2025-11-02T12:58:29.633186+00:00,069ad739b08cc2a7d3eb37863260ac4060ec11339e39fcc190a9ba162d94f2bd
2025-11-02T12:58:29.778885+00:00,0828a0d309ab8286e7c58821697ee5861c19707505230411f96c29d5521310df
2025-11-02T12:58:29.915664+00:00,e41bb0263a4cc0307c01825d3d4f14ffad1bada44c36ed8c720a46d34bd7adc7
2025-11-02T12:58:30.054679+00:00,a857fcf71243f4cb50bf208a767df0349bcba90cd8e83e3b045b5d1cc04c4de5
2025-11-02T12:58:30.181971+00:00,0c0f4618144594bb5f928ba2003ebbb13aa3c08e389560650505143ee7aef973
2025-11-02T12:58:30.315484+00:00,f780c11f63b15a60a004a517dc184e0b9dcc05b983f4d710ebe83b898622f17b
2025-11-02T12:58:30.456770+00:00,4e2496c0bd2417cf17edc2e20d7f70fcae5d48ca25fe39a50534dc4c44be05f2
2025-11-02T12:58:30.595030+00:00,70d832322902e99ca06c60cc37afcf4b03272bbd5bc8510d2b0d6d75d07b963a
2025-11-02T12:58:30.732575+00:00,075915b2185b1712e92dbb72be89880cdfdd4675fd449f37cb791fa3bb39fe64
2025-11-02T12:58:30.864396+00:00,aa88249e148682bb6cf3bcf16cf404af8bc422b99d02f7cfa4d0b6ffee595bd2
2025-11-02T12:58:30.995735+00:00,1b2e7d77db489055ace4d139ba921d45dcf03195c279a2308c83c752f53283a3
2025-11-02T12:58:31.131586+00:00,5a56981bc2122f2724c91e54f2e47168821be968a27f048f0dfe5731e01cc130
2025-11-02T12:58:31.263073+00:00,2254a10f9b2ae8fd1d179833f1df5c7d816a5ada8bcf6a8570e98e0de2003a4f
2025-11-02T12:58:31.393442+00:00,ec9d5f5269ef7633e1ef5f7430990430b8fb2c4c984365b51fc0a0d2cfbe7587
2025-11-02T12:58:31.524257+00:00,db7583091ecbdb083976e59973c6e94885929c8679437ed62c08ab2a80c17724
2025-11-02T12:58:31.660155+00:00,26c2feac5d2289aeb63ffc705321a50f1880454636df2cb1a21137c6a5c80407
2025-11-02T12:58:31.787873+00:00,5893945646100fbb1552ebdc2c5d74bf9e6102d0c4fcf0b37c84cd6150af514e
2025-11-02T12:58:31.921580+00:00,4164b1d448f7d3b9e74b82e0ca58efad62da77775f2a24dc679e14fbb42148e7
2025-11-02T12:58:32.056984+00:00,d221a3fd444eb11829a5e29f19b2102f2f0874f8ffd13af101ecde7c4c8a3075
2025-11-02T12:58:32.191525+00:00,4a9d87e7238f93f49d52eea355fce04a447d903ce7bdb02718ab2a6f6430d5bf
2025-11-02T12:58:32.321484+00:00,8480c7748eedc1fa2b615469a15d01336aa420fab22077b02fc5dfee501a2a90
2025-11-02T12:58:32.452910+00:00,3bce483d7af7165fe1c65a4abe4c59584fe4015867c6edc248bed90cd699321a
2025-11-02T12:58:32.581651+00:00,c19f84534842b4558e0e800915c7c030c6a89217c8a577a4924d61755e762dae
2025-11-02T12:58:32.713167+00:00,15beb91ba39407d70c10bac5997f1aafbc25039f3ca9d56c9e4a24d420445a1c
2025-11-02T12:58:32.847705+00:00,b9f6bbfecb31e4d1bd1c3413a7c95cf4894f84774153eefe036584422aa536c0
2025-11-02T12:58:32.979407+00:00,d056a68e865d157bb21cf730d1218c2f907fb26eb744ef7aedbc3f8b92cc878e
2025-11-02T12:58:33.121029+00:00,6a1a0190ebc0e631850932fd3d2c43c6f43a3bfc3cfebbfc405427e999b6b7c9
2025-11-02T12:58:33.253906+00:00,0f566f34243b34b3114dc2496e0962d15a246ebb73d15eac875356bc4eda109f
2025-11-02T12:58:33.591294+00:00,ea319bb0b5d2e3a59cb444abb78e072cebbfde4a52ad9c2853046874db0dea03
2025-11-02T12:58:33.724629+00:00,cddd3c5ed1032e84b44ae7282ba774ccc1c36552fc6791c14a5cb8bae95fe510
2025-11-02T12:58:33.857992+00:00,6e207936a5a1f894b14692efd2705dd94d7dc15bdc1df46f35415784228e68ae
2025-11-02T12:58:33.986163+00:00,ca02bf9b22ef0dfbf507ffe1437cd4112b5ce28bc2dba0ddaa8fc923e3ce93fd
2025-11-02T12:58:34.115385+00:00,ea0efa526051323f56da71d5322742da2f87600d20d35f9a2f5d37789927df52
2025-11-02T12:58:34.248997+00:00,1e77bb0f9ad8ae3ee0eddb3a1272a4d8d2fb6d64cde5b8b80188cf3106f1b2a9
2025-11-02T12:58:34.377360+00:00,d3914011685c9631ebca3c3bec48131c80904046f8a650565d02e8d2075e3d42
2025-11-02T12:58:34.506218+00:00,92736a96c9625109c8431466e3732d3d4c86e938d2240651424ffb4d4e613473
2025-11-02T12:58:34.643242+00:00,ef7972166c568dfdce1442ba5437df9fb32cb8a76c3c71df168b039acf8b6be3
2025-11-02T12:58:34.772732+00:00,1590211f956b8ff58b00a1f56652d9db58c259c7608abd81c9532098e1c71dc8
2025-11-02T12:58:34.909469+00:00,7031112e3b5f46b3f5550563fdee0278a73cffb444209f206e04dd60c46729d1
2025-11-02T12:58:35.045617+00:00,c7afb09235341a667141cde215b3aa2a689c9a95169b97a08be1bc3277384bc7
2025-11-02T12:58:35.179020+00:00,b08adfa6c309bf0f94ac5be51f2c70ab7ec1fcd8142ac926c831281941a73a2a
2025-11-02T12:58:35.306331+00:00,169f778358e365eae6b5dff37ad5a399cd33da2c6296ff6c8cc0c1fb6c55f949
2025-11-02T12:58:35.437038+00:00,5b3eeea2b63a1984376fe0c8014fff47dcaba2c8def155ab48fb91d0f8a64bfe
2025-11-02T12:58:35.567940+00:00,907d575c79db84f52d3c02b9e5403cc6a19f99071543cad49f0c9ada9aca99c1
2025-11-02T12:58:35.697537+00:00,7b98d93a6324aa75bc3c4896074bf6113dfa252e848ad0cb64c9c17bf94635e3
2025-11-02T12:58:35.828682+00:00,d89729212b8eb884c34e56651d23f69940400e6e3b32288b4377865f46329027
2025-11-02T12:58:35.961480+00:00,f7d5e7c81a1e5b94519ce56dfd1fc72bf202eb1dfda5ae8a21bf4ea6bd2a2ed2
2025-11-02T12:58:36.092679+00:00,324d7d6b3c925d4d11090c77799d56c68b4911ea3a98b0a7c8db094962fe2c7b
2025-11-02T12:58:36.233801+00:00,9e32b31c9a86a25495a42b663f9cc6ddea2d71d8030f54a559870608339622a9
2025-11-02T12:58:36.366186+00:00,017541160871656cd8a971df979947a5dc79d12e117ed9d9ddc11ae10895f0c0
2025-11-02T12:58:36.493405+00:00,84686706888937f8f092df31e1b4804a31fc0220869db56be45077d0001e5471
2025-11-02T12:58:36.626898+00:00,a56664c91cc2f46743e65db1ea59b986c1ec984ea0eeac62b76775430f335819
2025-11-02T12:58:36.757998+00:00,4cc8d8cdd4d41fdad35ae196c331b771fc0b62d14a6b145f2eac0cae88d45cc4
2025-11-02T12:58:36.892027+00:00,6b196d733188bc11133665bbba97eaab4ab423ef94b8ad8851680ec6e05a2498
2025-11-02T12:58:37.026525+00:00,4108e9405b57edc8729fc913d3da9100b0d963d75e27ebc91f80f609373d3635
2025-11-02T12:58:37.158451+00:00,818e6a9787bf090173b7044103399b146ff5bf311277514ab160c628ea4f8a1e
2025-11-02T12:58:37.297644+00:00,f6c53a613a48a82cde42cd8df8963a231fab358a3a4be9971d5031079f31f336
2025-11-02T12:58:37.438880+00:00,9013b8d05b89be3d8a2f9f7645664c1db762e7cf2386d65f4d4b4d28edd06500
2025-11-02T12:58:37.577694+00:00,11f5cc0512d8f46b4de47be935dcea8919fe63cc8fbe83814dfedeb053c51102
2025-11-02T12:58:37.713042+00:00,176198f88ccc58c3404f2291b1520895a17f9b8947f54c5af2bbeaf888f57627
2025-11-02T12:58:37.858534+00:00,007e2d52ef8eea8b3503d663b31bb4580b9f5e35660ee54c416fb9098e0af67d
2025-11-02T12:58:37.986958+00:00,165431dd76b2050f4b839d968625ac5d91a7aae117a72459cc8a47d550789254
2025-11-02T12:58:38.125872+00:00,4c7e6a9dec168e297e667edc3de289989d29bb86792842793fb2c2f369475046
2025-11-02T12:58:38.270868+00:00,888401e2e793b8f667fc9e512166be247458ccabffc4ba58970f6ad509b536f7
2025-11-02T12:58:38.405217+00:00,8e11edffabb93b6e8572f4d82683f8d11dcf586502223b626cf57bfd2bf1dbf2
2025-11-02T12:58:38.537815+00:00,a9ed45bdc6b48474eab8f9b18fcbb210da4439cbc10b6a083cee0be1259b7d6a
2025-11-02T12:58:38.894285+00:00,a37af6bd49beaf2c52b95970453ee3813921845f1c92adf60176e0ea91a75a3d
2025-11-02T12:58:39.030233+00:00,cde6986d473005db554628bc795e76dfb554d0a7f87353d1272fe50cdaa09caa
2025-11-02T12:58:39.162562+00:00,0b5fab296c1327d7c2b8706c73f84ee8886eeb353d49344ad7ffc9f39c6a52da
2025-11-02T12:58:39.294539+00:00,d224a7814c7717eeb64b2a3db2aba16362f4ef67e534b569ba7a455b178ea0be
2025-11-02T12:58:39.424363+00:00,09a393594ca5c35439c411328500b2aac71884af81864bd8c3cc539e9121c65e
2025-11-02T12:58:39.559587+00:00,db16b84089d3b8290c890183ebdee830bb304cb6ca14b91558b3bbefd03b10eb
2025-11-02T12:58:39.690262+00:00,b873548556275d7d5b58e3584c17bcfe906adfa7621872a4989300a9e40bd6d7
2025-11-02T12:58:39.831713+00:00,73e062aec0f8964365657177cb470b937f922b9b4dca0fc6cc1b16f61569c612
2025-11-02T12:58:39.962507+00:00,b06770f79c0619818a1583c90d4c673fbfe3605ca70b2144720e715249612d94
2025-11-02T12:58:40.092886+00:00,8747ad16bf2bb826823466545e8996cf25c56f5a0b4ce8ee1de6bf6a90be47ba
2025-11-02T12:58:40.221443+00:00,6337adbea31335a6ea7ac50b59decf2fe76d64cd9493ea01e5eee9fc7490482f
2025-11-02T12:58:40.357325+00:00,fc73f9173eb48aa010ebfec0fa345ad675d5c42608be3de7a2baf8fa9c0f04e0
2025-11-02T12:58:40.504604+00:00,860ac84623012acb9958868a34ad02141ba8522477cd58c7055a0e5d86d16ce7
2025-11-02T12:58:40.634149+00:00,452a80b0c86736f4558db1301b97ce1e853ea3e5f3ddacb3b69fa76bfc0ab199
2025-11-02T12:58:40.767875+00:00,3da7fed6c3ac519a3bac6a036bc6b90a1c93ed04acf5a36425faa967fc482d06
2025-11-02T12:58:40.900349+00:00,57072a24d3013149cf3b6ab0682e2db50d5d4718c91eea0b198d623af7c65ef0
2025-11-02T12:58:41.033818+00:00,39927e8b4f3046c2fd9794b4dfe049b2fd64005233a522b2c830c83b66dd8467
2025-11-02T12:58:41.165945+00:00,56a6e185be56d32f47b83b10245404c1f9f77390e159ad9f4bc0bb37351edf7b
2025-11-02T12:58:41.296965+00:00,9bfd857d59b4f3f96e0dd5b4e17c70ce15ef11b391206c39ac37f31bebdff6c0
2025-11-02T12:58:41.430087+00:00,042f6b4cca26b01d3de0f6f088c76f63fcbf83e6dfcadec645d8ac546c8aca63
2025-11-02T12:58:41.561948+00:00,ae0f180e23e1349bca7215dee696cd3acc2b10693ad2e611dfce0d57d866db59
2025-11-02T12:58:41.699866+00:00,88706cdb9b8cd1285fbc51edbfe5869665513ae4cec4c46a8a1b0a5c80e99b03
2025-11-02T12:58:41.837100+00:00,6cb0dc94e0618f9a303e9bec47cd950ce61efadccd7f5bbd374ec5f923f53698
2025-11-02T12:58:41.985655+00:00,78d3839f5c545b58a078385392a4d0679fa69678d28bf5d4f0a8188d4d4a89c7
2025-11-02T12:58:42.116219+00:00,a43a69bb8b94e670f1ff9a9137d39b89fb6c46929b650cf42fc264924e0d492c
2025-11-02T12:58:42.250749+00:00,6ecf37e44d8e95ad0d1bfa958bc1f945a17306d1df96f186d52a21fbdf858b6f
2025-11-02T12:58:42.384822+00:00,cbbd653f4b9548a23f4e4eb02ab726500a731a3d7a1eacf725c2acbd2d0a234d
2025-11-02T12:58:42.516565+00:00,957d9cebeee82c8b84b197096e541673f699ef1dfab66180142c7b96bc992786
2025-11-02T12:58:42.647616+00:00,53704c16f6d29ef39429584e5d368f915a167f229dbcb555cf7e82c1b42b5171
2025-11-02T12:58:42.779958+00:00,63d6e5079480446cd57aa0a82a01f0e4cd769d7719a4863e10e9b0d137e42930
2025-11-02T12:58:42.911370+00:00,e92fd0a787defea6cbfc3f1e968abbcf0158fd7824b94e006a73c0a726915f95
2025-11-02T12:58:43.045196+00:00,e5aaa51c7a37df34e4c9e5503d4cb9b578b34df4e89b5ec891538eb10e2b4f1e
2025-11-02T12:58:43.177316+00:00,a857b2ff826802088d3248131d05c1862cbf07c4b384c998ce8ed60b75d0b5db
2025-11-02T12:58:43.313021+00:00,061923059f01fc1891eeaa74d754ea4e3961f6d0fd35557ad9943e8216e66f71
2025-11-02T12:58:43.452648+00:00,4aa5f566722e940555c079c9707c408a39ca695c428928b162610332093a9045
2025-11-02T12:58:43.582788+00:00,689fccf42c743f5062f4bddaa56b7356dd56c9de11da6a395c97b7f7196a2d0d
2025-11-02T12:58:43.716082+00:00,74224916cac61f7e497491165a0a0edbd9f63f7bc9383afe60ae44861c645cad
2025-11-02T12:58:43.850951+00:00,b0d80786cedda77a1b7f1a96d5516982a02089952dcbceb07b064b13e34fb9ed
2025-11-02T12:58:44.190249+00:00,56ed54388b57a7703c6fc75fb6b3514a6a5276fe8982f55790b20fc16f9cb95e
2025-11-02T12:58:44.322797+00:00,0251bfc56a48203cfb4da7e064d3ce1a63d6292303c7e911af52be8c661adc17
2025-11-02T12:58:44.468947+00:00,57fa51706528caab55921d1bbcc89283e93fada231fd2dfe201432847a1669d9
2025-11-02T12:58:44.657150+00:00,deff2984d0a7654f4bfeabbe8246b0aab00181d1fb07d75ff270773440b03167
2025-11-02T12:58:44.869440+00:00,57cf2eb11ad37039958038abdcf3b36cd7b60d695706a3fdfd19735b08d86d16
2025-11-02T12:58:45.000953+00:00,33c8791a5befc8be1a42a8ee8e2294a7b8ad8096bbbc02d3f424934da0a01d57
2025-11-02T12:58:45.134175+00:00,f5a5559be69715b7e2eb6d454bbea17e93e0dcaaace860e0ade3036fef04d260
2025-11-02T12:58:45.262723+00:00,26756d45a89cca8c3639bac9451f7d21b38f8d51a7a082201ec9587188ae1290
2025-11-02T12:58:45.396708+00:00,4f5b4c53dc69779bd5814ffb0c50c8a029d40acd90d8cb10a099cd36cfe4f712
2025-11-02T12:58:45.530518+00:00,befa5265b281c5ea656a5221596bd2ddf4f524ceeecfbfeb53cc1a22fc16efca
2025-11-02T12:58:45.666832+00:00,955c39c41061ecfb70f31d29d6b86c8c508496c412399a9aa557ccbf88b8f5d7
2025-11-02T12:58:45.799514+00:00,c867077f91c783643dda663e64d2f6428fe9d6a186f6e5b7bc3d5685a60283b4
2025-11-02T12:58:45.931143+00:00,f5c3bde76feb5a1bad45c44fbf3524ec984c64e07930c8e9173ba8df4ff9555b
2025-11-02T12:58:46.066151+00:00,56ce2d991efa9290b51b3c90b469998caca5803303df9a05f93f44bfa1e0f188
2025-11-02T12:58:46.201080+00:00,eb8c60b5432fa3d8ca9585599c720d15345d7caffc0c7489380d9d08a9b9a8e3
2025-11-02T12:58:46.336678+00:00,2bfa8704ec362be70de4c2700864cd652c0a1bd5ec1bcded08bfec96a94e2f5c
2025-11-02T12:58:46.469150+00:00,6fe501a7db7aba005f6963d82db4a86f6b2c9eae10694e3e3eef34dfa149f2f4
2025-11-02T12:58:46.602739+00:00,5bf8cbcfa9d8239384c25162c1b961395630e9fc5c3b32273da9c3d6f82e0e5b
2025-11-02T12:58:46.736092+00:00,8e706a92c529af78d6874c7c62af231de25c7715d6845c1187591a3ae767a2f2
2025-11-02T12:58:46.869267+00:00,66e1d3e621247665bc3d1d28aab45e10ca01154c2925ba78f25b225165ea6cb4
2025-11-02T12:58:47.004575+00:00,39b91d9f1979d25dfef48abb63a3df9e45f41828968841c7f1bd3c9ea991faca
2025-11-02T12:58:47.137975+00:00,389cae74b2d5d880f10e77c9f1a07f5b45635ff4069cfb38b5365281bcc316aa
2025-11-02T12:58:47.269734+00:00,1fef942fc1d6423a039122ba977b9b42b1231deb981c9a1d74e9b94379247af4
2025-11-02T12:58:47.413603+00:00,eedeecaad6c8c9392508de8cafb9ce65a78e824d2bb8ce6a93b92addb63f9df7
2025-11-02T12:58:47.555683+00:00,4b3e14b5bb99f0b6218c91f442d73a81b7c81adbed98a470bf30aa5f3e0e58b3
2025-11-02T12:58:47.711362+00:00,d6172cad041ec90328391456cba52096ff1b0b68d24b1d97fbebf6de01b4c67e
2025-11-02T12:58:47.843581+00:00,9c24738e5ca9a045275260958af87a65d23c95ad675d5748cb230cf04164c734
2025-11-02T12:58:47.973865+00:00,a8092559c5d578da6affd5df898463bcdb3f8a62d8c7db3dbd3497366585fe40
2025-11-02T12:58:48.108207+00:00,22f168df35d71463ad86c387a672c93abc339dd67466fe7d1293b70f048f4fa6
2025-11-02T12:58:48.239113+00:00,60f58d49e60fc16f00d17d95d906d7837069ad60e5e703ea3d40d03ec1e9fdf3
2025-11-02T12:58:48.377507+00:00,39efbedb24625ac1606b73a639d0297f2b03010bef67dcde51b0eb46cdcfa4ff
2025-11-02T12:58:48.509514+00:00,5fef0f413a07e44a9741175d999fe888c7855ad70e22261eaed944a5f1849050
2025-11-02T12:58:48.650785+00:00,18b1e88a3e1ab3783486d7cefa75c9f6d94599cfd3671150bc560879a0ae628d
2025-11-02T12:58:48.783078+00:00,37e9f031f7f82d327f6adde8a8adc3361bcc54e501d9649423d1cf4e3fc16964
2025-11-02T12:58:48.921514+00:00,38c5cf49107a89f46d014221f516dfcd199c1c5f740ad2765bce357ca814122b
2025-11-02T12:58:49.057173+00:00,a9f503ba2a491de97322fd50f0e31de938056568bc0343e58245b214745c1c5c
2025-11-02T12:58:49.489440+00:00,15321e2857a37e8078e00a2a13d038a7bb3167db6bb1b42fc46724c526634c5d
2025-11-02T12:58:49.620656+00:00,9affd9ea63001818de9e155ae4baf41de40c844924a8d2ceff502061361c99db
2025-11-02T12:58:49.772274+00:00,8f7a7f91e4b9c6991deb42abd1db325c79d782c1d932c7d76f46433f4da0fc0c
2025-11-02T12:58:49.905133+00:00,cd07b48ca656721a2c796bac014a86981d63a6d3da06aff6709c8bf598ea94c4
2025-11-02T12:58:50.036875+00:00,49b6200dbabf29a955ee76a7b10a54b9d7290488fbfd8423dbe4173ed4485450
2025-11-02T12:58:50.166914+00:00,a7c682609c84fd3d0b0ae5a9d676befd6dca7a9aa8e6ab469d23f019f4f59491
2025-11-02T12:58:50.298030+00:00,20d222d55441ca4027aacabc8b7d191e423322bbcc41440418f6f74b53281911
2025-11-02T12:58:50.436454+00:00,ff5ef1fb5125c4641a1aa237bf5bd8272f6d1c034b97dabc95c85c44a203528c
2025-11-02T12:58:50.611753+00:00,68584f207c2d98719f8683c165cdf6bc38111cab08e6ec283c08c2fcc5f3adc6
2025-11-02T12:58:50.744602+00:00,cae0da5cd964dd475ec5366a79346bb35b89f4a9b151dce8bdd48261b1b21e7c
2025-11-02T12:58:50.881212+00:00,2a036348fafe317213453920a7b4ec01ff6e3b264367312762cc34cb152ca6c7
2025-11-02T12:58:51.011972+00:00,3de912fb091b71819edf70a16f0511ca67999f92c3ce584feeaaa4e2a9349d75
2025-11-02T12:58:51.147335+00:00,e834f4b7006178112e1620b82574df07837b1978255c2dc19d80aac9b19ca96c
2025-11-02T12:58:51.280843+00:00,beba8c76ec95ef43cd64e2a3b31c725edd7d46298bec13d8dce2556ff6369fff
2025-11-02T12:58:51.420564+00:00,e140fb85f872546e00f3a8b4bf70acfcfdc69b7f22dd12dcb58b46ab7b3ffce1
2025-11-02T12:58:51.554313+00:00,aaf5f69c855523ea4fdd86d303d39cef4686ddc4fa838fd2ad12c78b73250ffb
2025-11-02T12:58:51.719733+00:00,b613547bd1351c8737ce22755d53c18c57230b521ab16c65244697fa0dca71a3
2025-11-02T12:58:51.849348+00:00,57e131c4689fab139a71caa1ead4c33426fcbdeace9040e3bb8ea2d27094b753
2025-11-02T12:58:51.978457+00:00,7be59589ce6ec237788294776a16d3109ec6bc119b87c2f26e30d1f737040d1e
2025-11-02T12:58:52.108795+00:00,40bcc2c8784c6ba6c65015d1f5ca829d9700e64a2e025374bb7a6a08c2996332
2025-11-02T12:58:52.240014+00:00,946024f330b3ec23947129135fbe9e285a4f391b30af3d4521dba747bac8c420
2025-11-02T12:58:52.373743+00:00,37904abbd2a4d40b210546c1b08e53969a3f6c57941273cecd1874885fe1410b
2025-11-02T12:58:52.502864+00:00,c0abefb8d1b80330222cf3675fbaeec94f07b43e69ebed0b58c0bddd071c2d68
2025-11-02T12:58:52.635785+00:00,16193107c4aa1e0a08e784f1fb21d396989121f7b6bea40214d87d4fe32ca690
2025-11-02T12:58:52.767256+00:00,45821500f8f0cb343dd94cdb4278ff91ac0d683f750dac31fa14637f4f1cf44e
2025-11-02T12:58:52.900711+00:00,edfed053091bdc0a207474fb5419c2077a33b034eaafbf69f84de6f8d34aeff2
2025-11-02T12:58:53.034608+00:00,3b113d092254617eb4664969dd127b9ba9ea3a23ba7f9f88df72c4716977b752
2025-11-02T12:58:53.168555+00:00,9a9c933f4ff3e0335dd93a0a40e754602300a6a0d20f0bc710ea20e69bb79d9d
2025-11-02T12:58:53.304521+00:00,7157b30dc6eb68c50225f2a3e000bf9cd2e40943f8b4119b865e44631ce49bf5
2025-11-02T12:58:53.436102+00:00,609c295fa24ba3f7e90548760e1a0a02ce7a905f3ffb6636c5c8f00ae36d929d
2025-11-02T12:58:53.580322+00:00,e70e4a0800a6681f0400eb4bdf8ee0d2829dff7b677da8dd4ad207b73899bfc9
2025-11-02T12:58:53.734331+00:00,fbea917f9b706f93dc4cfef25aceb00219bab0b17706ec50fa27c2a8a1b962d5
2025-11-02T12:58:53.865330+00:00,31f7a6b4f18654a4b2d3d3e7d39d4f7d048eb05683c06736769099fa0280e2d4
2025-11-02T12:58:53.997036+00:00,e7f4d3d63699ea4e529fc6790b459ed6b8d5ff7dd99cd7596208f97e54737d7a
2025-11-02T12:58:54.134018+00:00,1950f345443d47708196477c4a18665c6c4af9ed4f94a39f79b76f9a3f0f5b40
2025-11-02T12:58:54.261645+00:00,3254dec9d4017868050380f898b810dd7fd6a6c0815bd9dade7f30148683d823
2025-11-02T12:58:54.393341+00:00,a89e1e68006c399468607827e59091368be004f664eb5769d28010c58ac3a73c
2025-11-02T12:58:54.730261+00:00,398e7dc934a85023bd661e3b88fff3f738dabf1588d0935d2d76576e75bbf7f8
2025-11-02T12:58:54.863562+00:00,1e7aa771822b3bf1fab6a12cf52118193ad67c3050dafb9fc8986763a9babe99
2025-11-02T12:58:54.994535+00:00,d7333f2f421dca1aa0493fa7cbb3ad97ad943a9eca085bce6b0b992d5c851ed1
2025-11-02T12:58:55.130248+00:00,15d58d4221100795165e861e83a9615040373e88e5062b4fd2918aedec9a7f8a
2025-11-02T12:58:55.259627+00:00,8ff84e94dacb01f1c54e4085cc27116800694c515a66c010129e18b519422f62
2025-11-02T12:58:55.390448+00:00,f0b8b448c5b84306a8878912ccbb89630306c8850f2eaa1d40d000ad7aa18dde
2025-11-02T12:58:55.518899+00:00,d0e70867a420f5cee54f1ce6c7a1230b4d1195aab446edb8cfd8f02ab4d886f8
2025-11-02T12:58:55.651756+00:00,46f758eaf2cc72e389ec435e8fb81ec581351cce3a7df96e5f1c6ffe8ca6d30f
2025-11-02T12:58:55.782433+00:00,1dc285d7398d5b0ccdada282885c63e3be29046797381ed5034ad0f00b7f2cb3
2025-11-02T12:58:55.915625+00:00,bc936608f9f7c2b3dddb6e4a13fbc0ca50c3eb6f3788bfa6c721c982aa53ca2c
2025-11-02T12:58:56.048390+00:00,130bd983495adebf682c6315073df2d69fb038acd674ef06142583810a08a548
2025-11-02T12:58:56.182671+00:00,c7732384149688a26993de843238630cb52938ed97fa630b7eee0f754c037a1c
2025-11-02T12:58:56.315444+00:00,3533ef493969ca4747c9a7e732f01d45ce62421e8835275c0d622bbb2a72f717
2025-11-02T12:58:56.446884+00:00,d6fcbb760b6e3ccd6813c6f458cc6747732fb076203b2e735ed5ef58c2290c5a
2025-11-02T12:58:56.582901+00:00,2e4999b24764c4ec917edbebfdbc0a0bd3b0f155d4f53e9a98edb4908d456df0
2025-11-02T12:58:56.715774+00:00,420b920d19c2844f1db9904ee55a359fedae331bc1893acee91829363313b5b5
2025-11-02T12:58:56.853745+00:00,f30044420eb2f9a565802c0d9f3df2c28365f13c1127da66521d72e760e477cf
2025-11-02T12:58:56.987795+00:00,330675cd68708b02d8ac9322a7d78e53a88f9479bc92b1b55ad8ac1c754658ad
2025-11-02T12:58:57.124047+00:00,bcb54b0ac9cf6b8f7b5cbcc11c6b48bc0bfdb2c410d7a4030f0d59592df16714
2025-11-02T12:58:57.256527+00:00,e909a28959af10a8724e5d7377a7e0c91d41f2a5e9472961b842c42eb800843b
2025-11-02T12:58:57.398547+00:00,754cf6d978619d6264871a7b43882eaf95d3174cf86d05dc0795100589cf78b0
2025-11-02T12:58:57.571246+00:00,e3f2b56e34d749d98d66268859008e5f32268d8cc8dc597b9b94b041e5aa54f6
2025-11-02T12:58:57.710144+00:00,4d9308115b80d6b88b145160d14ab4d2febd2e5c3474d00b5e57d34fbab39ad8
2025-11-02T12:58:57.840125+00:00,eb6c8091d9566c26b98cbb7d45d65bf9b270fbfb0562fb6a85721d916d231085
2025-11-02T12:58:57.970840+00:00,fb24c8a763337da794edab98466626ca42492074f34acf8497e38469a1e573a8
2025-11-02T12:58:58.105978+00:00,c19806a5e8df6b0920709ffe58dd2dbba0c844e40c78f84c5818cf81a2d09db2
2025-11-02T12:58:58.237786+00:00,a548b797b5227635c4948d5b99af936e429c634732fd0e4ae1412756ae55731f
2025-11-02T12:58:58.372897+00:00,98d8a246c7ad6c9c0bdc980a6a56a0c4776989daa5ab1604c5d2cc25c9235644
2025-11-02T12:58:58.507106+00:00,e3febf9a5c04ae093cb2412fe9ee6a2f991989d6afc9eff9fbc0bcbe4ec92bf1
2025-11-02T12:58:58.646791+00:00,d12444d3c6b17a1e9b62cdf329dafec54b6dcb7c71228b3e10184f8344446329
2025-11-02T12:58:58.774037+00:00,632b08e412e83b2a0414f15d41c30713b45c32f9ba7455a45af25790a0b7246e
2025-11-02T12:58:58.907481+00:00,a00c76b0b4184b948ecdd9020e63c68acc9bddc409804a5012e390e11b3d79e2
2025-11-02T12:58:59.041170+00:00,4c0e092366531cae6db91a5c39475e86c638003c1d814ff4d9329f43e0f1dca6
2025-11-02T12:58:59.170688+00:00,aeb1faeae6199100bc6bb9efddb151417196891129da5a315932f515cb43a84b
2025-11-02T12:58:59.300700+00:00,be1cf456a1001405fa6d8e764b9aaf9eb31e6018b7d0635aa7270b555059608a
2025-11-02T12:58:59.434695+00:00,1b5502c91dda7c72079d2c40d8c8419f9ef5b4e854964fed626282333cd44a9b
2025-11-02T12:58:59.571807+00:00,0b37fd8b9bae9b22d37394fb822bd4f17ab91d67e474e69720dac35ad7c5d202
2025-11-02T12:58:59.711396+00:00,0cbd9373d8f1b945be31ab6a368d869e92f5d1b60f4bcb9a3a33b4f33d22cc49
2025-11-02T12:59:00.048300+00:00,c3f299b0185188b3644c57929c3dfb84c2da492cd7991a6e84946d77bbb2fd9b
2025-11-02T12:59:00.179493+00:00,c11f546a553c21ef7392497a868ac759d730f8c0c45224b7d4f5e0da62b2465b
2025-11-02T12:59:00.312275+00:00,baa8bce3a41ca704c889853d305635646f34e5a31f61ccccf766561f7e93086b
2025-11-02T12:59:00.449736+00:00,bcc4ad607000267b7b163cd09cc3bf9a7fc3e13e92ebbd11fbb35ed04e07b90c
2025-11-02T12:59:00.579583+00:00,225d2a219e0602fc8e340910dc651226bfcf41d0cee40e21995e5be0d4b0914d
2025-11-02T12:59:00.714397+00:00,1ff74bc21fae40f4fd5c4f9ae8a408d54e67c49489dc6ab0ecb02e07b573f2b4
2025-11-02T12:59:00.843947+00:00,ea7d53670e023d5360550527682aa362b14645fc0c5dd4b5bdfd4f3ce3458e0e
2025-11-02T12:59:00.970671+00:00,43033b97877a69acd9c48d8a0afeb50210e5b2a6f55446436904f1e5f8e46b45
2025-11-02T12:59:01.104581+00:00,804207480f710de8ff4e9fa3cb6cd3684caa5291ded7d769298c99cb7a617a9c
2025-11-02T12:59:01.236756+00:00,bd11576800232ea8655ce93b29bc6ef077575c91b89c0523a41bd1c9465dff84
2025-11-02T12:59:01.372678+00:00,250d12a55bb25faae8d46d6c3066d21af692555443ba36f7cc583a6a497b5e3c
2025-11-02T12:59:01.504552+00:00,ec7c4fb3a4f5aa8384d1c964e35fc3c0892c34f952336f205c14fb335c0bb8bb
2025-11-02T12:59:01.631384+00:00,d8f75af87e15f1b57baf75142251dfdd1858f68297b08229d88404a05ef1c819
2025-11-02T12:59:01.762655+00:00,bf4a50d6abab9c277ea70aa83aadfd5a7d571de436113c1103c80a717e1b785d
2025-11-02T12:59:01.896219+00:00,4f5553ec95eabf2bae20f5bc0409b8fb48602275502049524240281869d57efe
2025-11-02T12:59:02.027479+00:00,793fb5720c7015abbd13a03ad15bab8ce138e08251acd04e3634fdd20e156983
2025-11-02T12:59:02.162497+00:00,82b2dd6b1f54653f2ed4d90f91169aebb25e9052000c2d4503e14c296a348ffa
2025-11-02T12:59:02.296379+00:00,ddf917012608d3130f98964c906d32e1af597778ca69cca5c436e8fc167e270a
2025-11-02T12:59:02.424889+00:00,5309108543ce8417c1ebb314e4531615d61f4ec7a5cda40e395bc7142d466b1e
2025-11-02T12:59:02.576345+00:00,406e98b14b3cfef8d12e2fc34fb14c631cb91bd04bb4a9a711ba55e05a1c325a
2025-11-02T12:59:02.709131+00:00,476486aa62083c14dff2be103c6fc10e97069738f86f496304bdfe956307220c
2025-11-02T12:59:02.843901+00:00,3c75a4dbf06154d4aea221406deed13b74027325ebb1c16f372167c5a6762331
2025-11-02T12:59:02.972952+00:00,54ef249bc14471f0be8573c9477ac3de32113f0b087f511d8b48216956499b92
2025-11-02T12:59:03.113138+00:00,ee19ceac8d30a488013c6d5108eb2a44bfa8649ed44c4430617e4a6f7962737c
2025-11-02T12:59:03.246627+00:00,154a6f2a3db52d80dcbd08874e214bfdb2828781befcc24e4b807c27d93215cc
2025-11-02T12:59:03.376253+00:00,368e234219c1f237e56100471b04747cd23f119443f6cc82d13a231b2fa8feed
2025-11-02T12:59:03.508206+00:00,8e5e17e1fa1b523c9e55f1e1aac3706ccf86be9922a6d37f844abdef257016ec
2025-11-02T12:59:03.643066+00:00,1be5147b3aaed37b598dbb826bf75cb81d6c3133a7baa1c9528b464db06eb50d
2025-11-02T12:59:03.779254+00:00,07889d5015c398e8879c75c59150e0196c2b7ce600cfed220d0912b9e7009108
2025-11-02T12:59:03.911833+00:00,05bc1f4e7bf8d98282e5bd0d05ec96b08feca4aca0250e0a9fd73a88afb84eee
2025-11-02T12:59:04.053357+00:00,8ad5c1bcfc4208a7fd23501ac12f8f8417046f3c5ef0c0ca53cefb9f1dfe4841
2025-11-02T12:59:04.181169+00:00,76daad62b3437a739e945fe22b10f398cf8b5f62b79341246192e9cc71d08971
2025-11-02T12:59:04.313976+00:00,cbcebb766e4e88625c07e1434605e0cf2298dc3ae8a0930ac9a2383c14959a58
2025-11-02T12:59:04.452735+00:00,4799646ae8b6216e5492b7838af7db42a925485616959cca731a2c3f8baa39ff
2025-11-02T12:59:04.588492+00:00,7997f1131295ae6ee8538a3e526686dbbc3b312a46d632830a01fb717f086763
2025-11-02T12:59:04.716984+00:00,330901d06de74de16b72cb0564f3b010d6d84201366cb204f42e9285e933b924
2025-11-02T12:59:04.845820+00:00,c694654f6e98ceccc7b79e3cf2d15766776b387643b89fb48c3508538ebb185f
2025-11-02T12:59:04.978053+00:00,5f95189a0b94d02adbe1a82ce66e88f383f7546094f88b403c98f9b965cf3817
2025-11-02T12:59:05.353839+00:00,e90ab40d22814e6352ae2b7ba5917991e2c4ba2da6aa95abe34c93a1a7a0932b
2025-11-02T12:59:05.482493+00:00,1bc8d1e2e11a4e945e0a754e30feabf7b27e50646ad887bb5d8c1717668a5cbc
2025-11-02T12:59:05.612520+00:00,3c8be584a15ac92442dd0d67620d60279a8db531939f45e251b1493e4c8fc85a
2025-11-02T12:59:05.742584+00:00,2a457ec73f9d0e23fbc67b56e6f20f85c4bbc8cac0cbfadaaff3db31d6e5d2eb
2025-11-02T12:59:05.876538+00:00,5bbaf56476db00348f8dd0f5db5dba29c299dea8bf718d2936fb3cf1cd8c1f60
2025-11-02T12:59:06.009201+00:00,5e7b5ead0a70ad13c32690e8b686cf14e7a4a73c58dcd00d9110f98a3f540993
2025-11-02T12:59:06.139324+00:00,234e1fe3a924e400850d941b514463868c3d42238b63d020ceed850f2d035279
2025-11-02T12:59:06.272654+00:00,0e417dd5e76e481131589d3be29f9f96d6dda216fc7c1ac143792a165cb0390a
2025-11-02T12:59:06.401969+00:00,80bfea77b2f04ec760720ff4a4a46f42b5d82faaf4b06959a5dfd58f1de621c8
2025-11-02T12:59:06.530155+00:00,12614fafad76a58fce2d0ee726c65fb52451609fd4c28a9d0235f8cb7d9a12b4
2025-11-02T12:59:06.664032+00:00,965d39795289420193bbc7305a5f623c2a24e7c29a6279ce83c7577d2c010eba
2025-11-02T12:59:06.806240+00:00,7d5438afcfa041a440319edd3a0c575a2f92740a15b2870e23345a17393b77a3
2025-11-02T12:59:06.951561+00:00,90ff09f0de1a07fecbe4d8d160f4c79f7de37cc3fc842dd81ea6e509b1eda936
2025-11-02T12:59:07.081432+00:00,d8c707a90b807dba0df179991ed91a86f3e6e6bf125f76d10465a832b41c7123
2025-11-02T12:59:07.210306+00:00,4b174f3b7c103f56981c7d79fd5f031b75d79c59e9647eb6275c1ff7c98e802a
2025-11-02T12:59:07.339910+00:00,453829215b0d9a900c351691b6af2d25a5590252e49ec903585d0d16603c7d40
2025-11-02T12:59:07.476681+00:00,d96ebd9e50dfdeadf98f92394cd7899eaa05af32b87cc7ebadd159e00e2c53ca
2025-11-02T12:59:07.624699+00:00,3779c677c8a4f6aa314a2dfe0118523d6830e17aaf1082f9ee4cca304c3e2235
2025-11-02T12:59:07.753880+00:00,53b04cff7674c54d7dbb39e74013ef10af80a0e7c7ae0d2721cec6f00bce0da3
2025-11-02T12:59:07.890355+00:00,b3ee8acd8f8071a219b17f2912907b7c75add944c91f91f0d7101fa480d44dbe
2025-11-02T12:59:08.020468+00:00,be868766807e028de3d90ff96a82e393360c78a37cafbfbf6d8e0e9539270bbf
2025-11-02T12:59:08.157056+00:00,f5f6be2777f358c93f7066ef80e3c45a09fa7426ff22d810ed5a3c9a7f8a6d07
2025-11-02T12:59:08.295685+00:00,ac9453fdd516f5ddd36ec718baab239ed6aa36a0fa40a8762a48c58377704a08
2025-11-02T12:59:08.426601+00:00,abd16eb661c5935f0cc48a5ad3345fa27a68a8fc6316caa52a020b85928fa493
2025-11-02T12:59:08.563834+00:00,f873acb491fc3e7a24dd08b89ed7293bd7407650d4f15acd5e5505c1d5de79d3
2025-11-02T12:59:08.691287+00:00,c5550d3d4afe772639d85b95e184aa89cd18bffef5fb19a9de66197b9452d9f1
2025-11-02T12:59:08.822496+00:00,e20136c9a71f9af6fa73456015febab4af755d8338fdebbb5eb6c741907c743b
2025-11-02T12:59:08.949508+00:00,27b7609e9093661d240a3d967ccbd3a8e405b48c4ba14b5b7a934e85b2436f09
2025-11-02T12:59:09.079129+00:00,5d61e28b4bf278eb01e6515b8b9a401ddfc1f7d8f66073c95318103a704c9d86
2025-11-02T12:59:09.215109+00:00,b3aa7ad460440227b8cf5c3b1d8239478fee6337b5c28e7996a655584b79c456
2025-11-02T12:59:09.345583+00:00,78fc6480ef0f0fd2e43cd63aab990c5263e8374f715eea5c98603096e5c72319
2025-11-02T12:59:09.488911+00:00,450e142e21354a342760b1bdc08553f7200c4626fef944481b0db2fb1c4d78bc
2025-11-02T12:59:09.626675+00:00,c4372b2bf5fad76a443addbd7dc000b12d0b065f64302fc983aa2c7183f74ed9
2025-11-02T12:59:09.754104+00:00,53c5c7d008f719e7f608a7a3ce75bc0e8c266d9b6b649743007bc9aa45aa6e71
2025-11-02T12:59:09.884874+00:00,9058a3d76260b7ff0dc5923bdd6c84d594d0759e3dc4ea96294c19b9731faff6
2025-11-02T12:59:10.018778+00:00,17c40a51259ef452a32daff89762c62a80a36e72ea25b296d7527e5ef983bab5
2025-11-02T12:59:10.155190+00:00,bfe11a77e67815a237c357ea292d3f3acde563ef5a568a3073c00a55d6e9ae04
2025-11-02T12:59:10.286267+00:00,7d3c77934e95f2dee547986887afe5853db326036a4ef07f9aaf5fc7eeaac8b1
2025-11-02T12:59:10.450628+00:00,6a865055a92cf7988315cbcd20165d1603f1efe73171f5dec1bbdddfca9cf0df
2025-11-02T12:59:10.578860+00:00,8756fda8b8dd693d561086ce54ff927c617e7a36cf2cec2c28077caa35827a5c
2025-11-02T12:59:10.708124+00:00,8099bc3c97cae6683e71584a15e9f47814410a79b8f9a7a6337ffdf4dd1f6bbc
2025-11-02T12:59:10.836444+00:00,7ad657bbe6dca67d6beeef55ff9d467dd72b6761f7fd39fd5cb905801f0446b7
2025-11-02T12:59:10.968629+00:00,28db4c917f088d24d379d9e448e96f015d1a7646dacaeb4b485a574a84d52574
2025-11-02T12:59:11.106928+00:00,e4ae53ef4ec2b573d4f876a0dab91f2d5c4e3094a21ddfb7854ee64847a55e5f
2025-11-02T12:59:11.241017+00:00,5fa7a53354542aefa65f356465b4277beb81f23243cf4a59d01f7163162fb2b0
2025-11-02T12:59:11.375067+00:00,48741f754ad03d1952cf9d8edd85e897b439ec3bae32b078c53812ec39138ea9
2025-11-02T12:59:11.507394+00:00,e0377d83434e7dfd3339974933d3516ca71c937e2132032d70d56e9396bba4bc
2025-11-02T12:59:11.638837+00:00,8f89cf336f0df78bae080e3431cf7f41adcd6a5d08a60c5816e45eebfc1b005a
2025-11-02T12:59:11.771258+00:00,7c4947f9defb16501723aa0a801a88764202de43a4b44cfe172d06079d86a4e6
2025-11-02T12:59:11.911528+00:00,d1e31868ce90a0dd5d0b9d405002f76e8de5636235f2bc747e0dbfe009283b69
2025-11-02T12:59:12.044731+00:00,483beb96706be3963af8143de2bcaeba45c7204dbd9f6eb412c93d0d79a03022
2025-11-02T12:59:12.175778+00:00,615a06ec234b0f39b25a845341c798f2b0f5d312ac5bd5363afc00c636e68b5a
2025-11-02T12:59:12.308220+00:00,7efca842d77586c53db42f20d414430f33c961fa62e984cb65aebfcf29aecfb5
2025-11-02T12:59:12.435290+00:00,fda09b3bc7adebd2a18bafe27d6677215de1c501fe425c29f87c825b5e2dcad4
2025-11-02T12:59:12.568467+00:00,88a6dfbb232e3e66a9e220e6ebaef1ce3f400b4470baaf1d0e643461c81b3e22
2025-11-02T12:59:12.703013+00:00,64245c19f4ab360dbf93c223c734b2abbf4d2d64c01d446172517ed37f972ac0
2025-11-02T12:59:12.836344+00:00,6c58a3f0a8a5e080855da1fea172179b906466aca3c98c7fffae3bed01cfd077
2025-11-02T12:59:12.979800+00:00,b211565ee4f1e4dc56bf8d8aeb9d1ced5dad93fceea4a16d1f587f51a69f50d5
2025-11-02T12:59:13.120800+00:00,7cdfa8e788756413af96e9f78946575446df8d2cb1f7ccdbde8f7d0dc04c0e98
2025-11-02T12:59:13.253749+00:00,2ef3e5baf15008277679efe8ba26bea5e58ea45770d90352431821810926c668
2025-11-02T12:59:13.387850+00:00,0a55113de735d32feb2bec4832e1d2121bc1d687a2d183a03be1d9ec1075886b
2025-11-02T12:59:13.520708+00:00,801692d90e0b16b8d6bd92b4ca0931375df41dd6ffa4df87a80989175d67b5be
2025-11-02T12:59:13.652735+00:00,6035b149d6d029c2157277dce2be9ca724454e65062ffc92e9eabe9c6272c81c
2025-11-02T12:59:13.786998+00:00,f001d7f65ec563d9a87994694518649caf00b02dbc120d3359aea1e4361dbf77
2025-11-02T12:59:13.924053+00:00,b162ed5baffa6714efaad3b597ef04f8040edc1407d536bd7c7e01838f218860
2025-11-02T12:59:14.057939+00:00,108820b7498222e6b0cb689deb0dbc814b95be50b7ab55b0de9aa0f908168cb7
2025-11-02T12:59:14.194683+00:00,e445fd0dd2127a9ccc20e5b2cf460b2e68e8ac70322206fb99c97c5154b8f93c
2025-11-02T12:59:14.328012+00:00,8841489b2b14d102733ed69c637119f95cb8fe879afb660394f285490d9e82d1
2025-11-02T12:59:14.465334+00:00,8ee6ecb3b0a0b7651d0614c82989f80379b545a9d04068859f6e8b00ea56bd83
2025-11-02T12:59:14.596853+00:00,ccb4c4951bcb07723fd4a851dd87868bb1071d53ef76a8f6b971d3312590d8dc
2025-11-02T12:59:14.732004+00:00,d77f40e48dab8307fd5308ab1b379b1aa6d3ac29e520fe3b37a5df2b6d11110f
2025-11-02T12:59:14.865809+00:00,fdee521fd6c99fba34370e3d26b5451c1e333794a8c36025c9c919157d80be01
2025-11-02T12:59:14.996824+00:00,49e78cc716e5bab9b563029045e468be3397548287bbdb6bce5689b343363ade
2025-11-02T12:59:15.136003+00:00,ac10ecef34f87057cc79576376c788d1bfa8e1d22bd6c734b5ed2536da232557
2025-11-02T12:59:15.273532+00:00,46368301335e82031e9a4c9c1f724a000ca11958c8ce3df3481d44b9bc7f06d3
2025-11-02T12:59:15.406521+00:00,beb8978d7485bea6a674c952b6bf2cf9ece971c965655a60f8ea582f35aea274
2025-11-02T12:59:15.743314+00:00,fa89fd139be47f1508e0ee18336b12a6d7514e8ef89ecadc8e3a8614af7dceab
2025-11-02T12:59:15.875447+00:00,61992468ac9a18d8fcb6de7bfcc863a215838c3b0a6b0b94cda1094424288c69
2025-11-02T12:59:16.007257+00:00,c6e80dc717c987508fc9b84523574d68d34378342ee8f7e694d51331f43a7c68
2025-11-02T12:59:16.138682+00:00,726ce16cab3c929ff303c9423ce37b679e4e555ca3734f7f6306ad69b9a8d389
2025-11-02T12:59:16.268888+00:00,99bf702395fc0981350974c921d4ba010534d089b0cbb6c006a48f423b972cf7
2025-11-02T12:59:16.400663+00:00,8fb93e3bdfb7ce8ebac2e75da0faf4579133af17e5b1c11d9951d36765dd4882
2025-11-02T12:59:16.534431+00:00,82e3bc925131af41a97a2aaf8e775716e275a8adca3700b2ec0369002f944d55
2025-11-02T12:59:16.667555+00:00,180630817711a0a40f136dfe4307a9aaaf757c7f5241a0ece29d5de5906554f2
2025-11-02T12:59:16.802849+00:00,54f1fce80ca0c56839fff923534fecb3ead23d61836ec1e45916c0ed776146ab
2025-11-02T12:59:16.936042+00:00,909b2e96e5cf51782e438e404e358e61349f605f2adb448870332c02b0d01f93
2025-11-02T12:59:17.070126+00:00,c82418fd74dd9e02dab22a9f475d1ff05e6a37b63e9f0487dd3e26268fa14d94
2025-11-02T12:59:17.202829+00:00,ef4a82a8a450aec5b1523500c015d4087e159bdd25d7eb6ba0563a3513a21d3e
2025-11-02T12:59:17.334762+00:00,5307a459270f9ac66b2493e8f30ae12778a5aea5a8d3272449ffa36caa4a6ff1
2025-11-02T12:59:17.487453+00:00,60649b43de0e73f679520c2ba69ad5739344d45d2ed3df59cae4979fba319d48
2025-11-02T12:59:17.634984+00:00,49c5322cb35338c1298d2bd3e1d7cbd70f163ec4b17e4ba4652853417cadf648
2025-11-02T12:59:17.768476+00:00,3f848c99d3cf4bd6f679c2af9b782c2de69a2b4522545fd95a44fca2c4a77ef6
2025-11-02T12:59:17.903962+00:00,ce7ed8cdc735346b94c981afa7bd1f677fe466bcf15ca8d57ecd946bebad2db0
2025-11-02T12:59:18.044702+00:00,91ab9376436ba81f4085e1974dfdd3c2eb43a8177b2dfb3a8c3f6b75ce3ac48b
2025-11-02T12:59:18.178439+00:00,e99a262274eb420497e264ca9f27a112db9c75b6ded2ed72428ff175c80b6c0f
2025-11-02T12:59:18.314887+00:00,64c549fefe5864b01cac45fa8b4c388ec5cf5edbfc50b83143969b4ca8a4f2bd
2025-11-02T12:59:18.451123+00:00,d19274c992a8f8f8a1edd98b099c551da2f37d17c3f84f98614790c63d8bd723
2025-11-02T12:59:18.586434+00:00,6fbad4570230e5378c743b960420860c968da3f9abb74bb7041ba5bbe388ddff
2025-11-02T12:59:18.715275+00:00,ba9d0e59e0e0e3bc5e0fdfbd3691ed929e1523205f6143461a6ec440c99452b0
2025-11-02T12:59:18.847746+00:00,f4d6025d84320fee2822f14f9654bf53fbb94ed437efe48eee04fd2dcdf1ccc7
2025-11-02T12:59:18.979354+00:00,3fff3a97515a0a09001cabe76f1f9af9c7c2b8b5fafd33a84249f58bf61e6642
2025-11-02T12:59:19.116668+00:00,fff54d9ad736d9c1fe9d0b90a6906989794d4f156b00f622beba10feed039511
2025-11-02T12:59:19.247425+00:00,97ba007f476229126a55ec2758e7e74bbbb0d415ffbe057044910c9a09344dfe
2025-11-02T12:59:19.384528+00:00,dd075d7350846adb085eae55d4fd63f5e1647af1e500dfdde09293badd660879
2025-11-02T12:59:19.517123+00:00,841e0401047afbaaf321745b2090a857a794d89ecadd5d16b0bdd30f11d7dac7
2025-11-02T12:59:19.658925+00:00,e0b7e455cdf67e1fdc1ec439ef392cf448a0c2fbee9ee792bb6408eb7d6d12ef
2025-11-02T12:59:19.796279+00:00,51bcf1a56c9cd6c6b852682cb69645cf36710af12a7fa040de71aeac08246dc4
2025-11-02T12:59:19.928587+00:00,c827a34728944b1e5bfc17fe21379e99a558fb528bebf559c944af4de26ab58e
2025-11-02T12:59:20.064757+00:00,ca9e7d6b018e6199d33db824ecdd6404f458d659dbbb6f64f95f0e9cbae925f6
2025-11-02T12:59:20.197284+00:00,732d7545c9c3751aaf96a352a85b4808bba0dde29cf9661470a27f1cbe83d6fc
2025-11-02T12:59:20.323834+00:00,a1051acbd024251b22729a649f6fc345e438c6791c341ff70874840920e07800
2025-11-02T12:59:20.495468+00:00,a499000b96712839f41d1ec1230f859fd9f65aa7ac69fb6a455541efdcd329f5
2025-11-02T12:59:20.629428+00:00,1e376979af75daf96aade1268360e04a95b0c74bb66b2de4dca64c4e6812a4f5
2025-11-02T12:59:20.969208+00:00,123f2f9d0901a0429b73c72c82b6b267c53ead2fd4b0e16b25205a6b3833940c
2025-11-02T12:59:21.100661+00:00,568d3298414eac4d6da8ac090cef519ebe8b091c831166d3ba21073b45986233
2025-11-02T12:59:21.232430+00:00,593cc0fc29fc8db5b8910ca2c861d0f5e200651475b191aa8409e557e6d546c3
2025-11-02T12:59:21.368608+00:00,701b1b2274660ebd3916310ae951eca7275b38ee57e581143360acfdf96b5a70
2025-11-02T12:59:21.498004+00:00,9be7672871568ea24625dee41fcb7dc2b38caf2947072b1e24929eabc940d0da
2025-11-02T12:59:21.632248+00:00,6f593bfb3fb8738b456be0ab9af15f8363c4d9919edf5dda367895c07c7648f9
2025-11-02T12:59:21.761545+00:00,3de23f6154ff8e336328a01a2b2e2a8933c8906522297b3dea1d2c4db0f3ed5c
2025-11-02T12:59:21.891235+00:00,b77b4fd0fb883b93821f4228162abe76c2755be9b1bd3167ca9149c5236260c6
2025-11-02T12:59:22.023392+00:00,64c7153528e16953b196a30134daf5bb987f922cb1d0dac2e64a2788b80eaada
2025-11-02T12:59:22.156808+00:00,c67110d3e528e6bd8fdbe35fee486dd4df6ee084c84b9a49335bf32d6fe779eb
2025-11-02T12:59:22.284025+00:00,e418e23d15285a841fa98c624bf0ce9fc1e5c53b29d9768dfd42718bdbc0adbb
2025-11-02T12:59:22.440740+00:00,0a9898e91281db4e38ea1ef516397df8db514b5f61a2b325a7bd270a836425d5
2025-11-02T12:59:22.574619+00:00,75cfcdc61bc87f9ba188c247f091a3e5bebb6ee1cd744b966645f66651a86ae1
2025-11-02T12:59:22.706708+00:00,8d44d79317c0961888f503b2a11613b15b7b50a4b8a2daa9fd06f5d5cd734eb5
2025-11-02T12:59:22.838325+00:00,55bf630ca6b0bedd23d16029e3124dce39a8db66fca0a6a5c1fdd80a2411bdc7
2025-11-02T12:59:22.968390+00:00,ba36d9657e3a75aa19e071352707902069de12c248be6198fb282684178866f8
2025-11-02T12:59:23.106274+00:00,45f1250662511bfc919811a4986b80df252992de3148621e394dbdafd7bc90a9
2025-11-02T12:59:23.237779+00:00,9e53991431652bf68c87cf108a141b8ed472d77e01b2894cbd9c82bb3336694d
2025-11-02T12:59:23.374769+00:00,449d042ee456e79d0ea2ebcef0ee30effc10ba0f82e0fe52f00af003658c1c35
2025-11-02T12:59:23.509452+00:00,5ff405d88471f68317af3cd89748a6d234badc6eb08adc0125cc9f9e5c39c262
2025-11-02T12:59:23.643418+00:00,df59be19ba87a880f42664502efe187d0507783f80a17e18f295233557f90182
2025-11-02T12:59:23.778918+00:00,fd604e3599cf8d9e46d80060ddeeaf03e30bc34f3478b02a22fdcb0edbad89b2
2025-11-02T12:59:23.915383+00:00,9c042e9021339a0e3a8879ca6ac2149336cb32b37cebc82caf8d026ffb740520
2025-11-02T12:59:24.046244+00:00,95b06d0d587a2ed53cc5340a274ca2a0fe915181224ca1c7cfb99f15d33fa5ba
2025-11-02T12:59:24.178090+00:00,2d388e05a1c01ed8c772fb02db2333ee3c103d3b1fe86033aeb7014a45b2c83f
2025-11-02T12:59:24.311402+00:00,3a3a58c540b91a7d33543bb1a7f5098a299e420276762605edcde117ceaebde2
2025-11-02T12:59:24.447273+00:00,59ad00eed9508a2035eb4bcd77f5a1339f2d6da5197f02e169e924b8d5c814e0
2025-11-02T12:59:24.585703+00:00,31b8084a5dd2ea09954b763285a01ca76e3f64ca1aed70cee10a84da34a65351
2025-11-02T12:59:24.716660+00:00,24c847c56bb964bf2d4ebe0cc9a281581132fb3701650404fedf578d31ef62d9
2025-11-02T12:59:24.857634+00:00,799e905472bcbee48501c975f67fe8d64ddaa42c99792995849a8f8e3588431e
2025-11-02T12:59:24.997929+00:00,c74ba734ce0e88be0394859b602c370086bd6135416090a80da7750c86d2111b
2025-11-02T12:59:25.138433+00:00,9d956b9df29a65c37488015bf22c921b73e71db4636aef796a79182c1b5fe024
2025-11-02T12:59:25.272777+00:00,dc86bc37fdb1cb2246196d2d15f66e443fb35c5ffbf210ad51305110fcbb54ef
2025-11-02T12:59:25.411620+00:00,bf704da06c1f91d064ee6dd27d832bb953e379ec27a8df22d3c9e93582e88296
2025-11-02T12:59:25.548703+00:00,7fd0dc859cff75ef837a1f28ad36c2c090dfcf44dc5d4c257fe59e8f5e242303
2025-11-02T12:59:25.678847+00:00,5013c386a21372fe6dff5a1aa4ce76aaaff9747389229a73c8672d1764b128ae
2025-11-02T12:59:25.815828+00:00,b1e1ef61200161858a7da46a4687faeb6ccd53dcfb507fecce5bd32f86fde269
2025-11-02T12:59:25.951810+00:00,397a1d4fd6f64707217bf0bfe56d6b7e87f836af870bda6bd56d9b7a6ee12f0b
2025-11-02T12:59:26.375715+00:00,517d9aad99f087b455407a5147890f6c3486acbd7fd80b65a14e07e13189fc6b
2025-11-02T12:59:26.505889+00:00,5d6ee6ef06f693da3d9a7c0064bfbce78b01f768e86bfb6eecdebc4a3f52bb3e
2025-11-02T12:59:26.635527+00:00,7329489a7398a700206c14ef9e0571f8adb18fa8c76f879e3ff31c23b607c618
2025-11-02T12:59:26.768588+00:00,c2cf0f84929ee0244fbdef80a4d963895b1b105ee1b729e517a3506082a658e8
2025-11-02T12:59:26.895492+00:00,4c951501b29c6f736c0fccad063688e0c0f795f638c71dd38ff00e1c10f1c967
2025-11-02T12:59:27.027310+00:00,64cf73e59e3d4b6db76d8b40234b0838407b2ead754a154310f829504f9f2489
2025-11-02T12:59:27.157058+00:00,a151244a72b5b556548536f5cb4410d096f3335bc3ca47ac4cee34cae29b4479
2025-11-02T12:59:27.287660+00:00,f7e76d135b42c1a72e4a7cc8174956bf2cc635fb5bc58f3e610f844de7f6fdb3
2025-11-02T12:59:27.431147+00:00,1ba98f4e491f5792c2d0a6cb62e6d4f90a7826c340d08a344cb904db76906c62
2025-11-02T12:59:27.570863+00:00,6fc3fc41c2dea9d3dac63e2bfc8189870b84ef4c02785efa191c6ac75244987f
2025-11-02T12:59:27.706073+00:00,521d33c953abc54fcba41e067212d78585e1a208e80cbeeb410228e9253fd4c9
2025-11-02T12:59:27.836493+00:00,00a8d577b27adb2e5b970152d6025443663f01587b3115aca218cf2d30b18082
2025-11-02T12:59:27.968812+00:00,face15c4cb163770156beb6282d07b046b50b0b66f360fd9a623a844537a2d86
2025-11-02T12:59:28.106230+00:00,fa15f2f0e12c845df78f2084e202e5232f8eed086634a9f1a2825f2ded8eeda2
2025-11-02T12:59:28.242987+00:00,9eced23d821184bed8214cfa81c74590a56a9fbcea9d673661fdb2e77d56917d
2025-11-02T12:59:28.375759+00:00,f05da0c337dcfa3b0e6cd2d15dde5dde401225b69b0fe60af9e6eca326d5f682
2025-11-02T12:59:28.503996+00:00,d2dce67739dd07f17171db5cee986e052cef1ca54cdb4cc8434c8b7732a39549
2025-11-02T12:59:28.643249+00:00,cf35260bb997e3fb04f1fe36dd8d625acc56607ca8a30468c000ce966af974bc
2025-11-02T12:59:28.777649+00:00,02f9083b078a749d30c6a98f9ab34950674d64653361d4f0b210fba881de66cf
2025-11-02T12:59:28.913107+00:00,2e226b594253312bfdb94730a8affcd502ab580ffa81dc5fdb6455714bf5a82b
2025-11-02T12:59:29.042966+00:00,67aa54fcae297c2f9aaf459573a098988f899d32de91486866a003d66b426fea
2025-11-02T12:59:29.177235+00:00,dfb07cee0d09101c3e2a9b4603f97cfbbb396a0e26ebfebd1a6ad8e889e65fa2
2025-11-02T12:59:29.312306+00:00,5cdb471c0b5887cb1e9301ae7e3b5fbf44cf3ad5b67cfb6016cf833f32d40d2f
2025-11-02T12:59:29.445041+00:00,41abede0ebc82378c5c47292c0ae933d9929ac39f4f5f4fb9eb6102a7a0df5b6
2025-11-02T12:59:29.577522+00:00,512649567c9dcf75a2932a5d1d5b1cf1f0f2a6d7020a0c15232a683a1e3347c0
2025-11-02T12:59:29.714071+00:00,09e0a3c3c65985ad0fe5de58ebf04f9aea1cc4a2377abdfc05bea85ff0facbd0
2025-11-02T12:59:29.846422+00:00,7fe3587b30891087b8e300c5e25418f40e7227e4691df33c1c635d7d7398df9b
2025-11-02T12:59:29.976452+00:00,5aa841ab14088aefe4bdf73e809fe76b293a4c025bf72924562b40367406adcb
2025-11-02T12:59:30.110919+00:00,750c2119bc445480d01a38f439cead50d7d12745de213d6f1c071460180c4994
2025-11-02T12:59:30.244299+00:00,691e4b17b4af41614a04cd2e3bc0e63f1bf98b88c9025b63f36c0797ab1c6384
2025-11-02T12:59:30.384174+00:00,8345ee952094fd72c2a82d2cedd57fc218193855e83557f25258c4f9b78980e2
2025-11-02T12:59:30.557314+00:00,6d6e33545408c950dda50cfd025aa2af3510bc279f25e987bd482ad35b12a071
2025-11-02T12:59:30.689717+00:00,483588f26685f61b9d5f48a1f7d22170de0d2b25389be5f27e0a2239acbf1b82
2025-11-02T12:59:30.818471+00:00,a4070baf202f6fa0f27f3e31eef4f145c65aaa6da9620be1ba268033d3a77d51
2025-11-02T12:59:30.952404+00:00,ec3aec850dbbf91d82164df390eabe16bc62c88c2579198b191632546a325a80
2025-11-02T12:59:31.090999+00:00,f05ddb4efd65950fbb25b9ff54a09661e27ce9666aec938abcd5c551f9497ee7
2025-11-02T12:59:31.227421+00:00,e6716072f28cb14fe7fee0456f27cff06aaa04021a42be6b68bb344e0eadef53
2025-11-02T12:59:31.359340+00:00,45956a4f4cecb1ebd3c21bec0108bef4e1104d52c6b501aa5834d06a0b25af9a
2025-11-02T12:59:31.489911+00:00,1ac75a6ff36efb77c845de9aaf488b04f98d83d100a10ab95999bf6364bbc958
2025-11-02T12:59:31.623753+00:00,6f8a021bf583d09248ff62d335252f408539c7077fb8f590f3e4ad06b799cd10
2025-11-02T12:59:31.751953+00:00,6383ec5c06f09160cbc906016cccd126e5b9e9c6c31d3fbffacc96b6e972c26c
2025-11-02T12:59:31.885299+00:00,bd1231e0015521ca1caf60d04b1f745a43c81effe0d9e8f82c077706ca295707
2025-11-02T12:59:32.019600+00:00,15b87a2b53d85c9beb2cab79c5a1bb830dab44571063411d9e09089e1535dc09
2025-11-02T12:59:32.150226+00:00,1e5cfa46c7e4508818e852fcd309589b7d62a1d8a72bcdd6f4a176ec83fcb0bb
2025-11-02T12:59:32.278830+00:00,d33cc8d48b41221f787a1119787727855ba65a554eaebfe9b2fee3b8cee04bd2
2025-11-02T12:59:32.407489+00:00,91515a5c09757972e97215c7f4ceea925c8cc5765102eb88e6e6814bdb871ff8
2025-11-02T12:59:32.539702+00:00,a0419c2c6dc24aaca795d8e78be238e72bf7f8589f7b75af2189cf9455161a51
2025-11-02T12:59:32.668513+00:00,9ee7ae33b36eb7234dd0008857d2417880bfe9f15d657298e5e11e25990090d8
2025-11-02T12:59:32.800372+00:00,bfdc14b3de8ca30a54cde88f1d1fa3a4278aef6448575831626a0ac3addb35a7
2025-11-02T12:59:32.938607+00:00,565b8534144a417b3edb5918451c2f3a81076e6cb4780fe378d217219bcea1c3
2025-11-02T12:59:33.066010+00:00,67f8077c2c788712103994242c570f77d356c4d0d5fc16368546ad82c53c16df
2025-11-02T12:59:33.196776+00:00,710bf7091afc4a56e3f423d45188e4b7f06f3bef9efe0e4f521a0718af2cdc62
2025-11-02T12:59:33.327273+00:00,37c72e759c85d6ca0f21b5960d58b726e186fe3a6fc2fccbf87ebd7910e6bfda
2025-11-02T12:59:33.456845+00:00,4a408688e5d9c69159e8b9c9dd91bf74bb57bffa6b54bb4e8785d7c3ebf98022
2025-11-02T12:59:33.587279+00:00,a4baed5b10483ef7b224efadfe67199530faa33ff5fbc4fb4dca582bc2a5795d
2025-11-02T12:59:33.718184+00:00,cee4ea4c8fa61c1a517f283172cea58dce887fa6c3a04c4abf24511c5740cbad
2025-11-02T12:59:33.845827+00:00,ad47ea1aa61722b1c185d42f3ecba0021bb53064d874fe49be28de87515006c5
2025-11-02T12:59:33.979464+00:00,95e8f717bb03de1a4f32f7edb790ce9f40a2cb054e9c6b994a225e374df8eff5
2025-11-02T12:59:34.114843+00:00,c46f1c751723c8e847206c8c2ef7fda56cea416da00c475f729a87871e3559e1
2025-11-02T12:59:34.246699+00:00,9d62ebd8960ac91e034226675a250783d05a57d0d4364e69686ce6c844209fda
2025-11-02T12:59:34.379270+00:00,3af7b156e416a7351710a438015599d5090c82749b0578176d358202d57406ec
2025-11-02T12:59:34.514471+00:00,aade10730e1617d319b0e0d399124b6f9868a66e8bd0bd62789c5ff9f74ea010
2025-11-02T12:59:34.648556+00:00,24e002421485f37bc3fae8063d112a9ef4b33568b649a58128fc2dd2578946c5
2025-11-02T12:59:34.777845+00:00,cc0bef46af7110b7fc88ecd33a0c2e9263ce386f67d43873c33c1c4bfc5d75f3
2025-11-02T12:59:34.906883+00:00,4ea1232a8c2ce656428ddc1676f68a6b81ef631f5b24839fa23becd3bd265574
2025-11-02T12:59:35.039286+00:00,bb9ca4076a7db9040af7a684e0537d2a7d44579251f081452e58e981911e9328
2025-11-02T12:59:35.173554+00:00,8138835b9cd1ae5a6178bbeef1b94552f8e1c8ebbed1cd301f6e042ece6dfbd7
2025-11-02T12:59:35.310060+00:00,38e2e76563ff45c31b05867aafabb5958a31a10ceff5fab59fb86e0dddc5c707
2025-11-02T12:59:35.438987+00:00,70b75abd42126168ea7f5307a42856a1e02f7dadb3a03c002d60c859e2bd0353
2025-11-02T12:59:35.573330+00:00,2699090ac0912657f214403c3649233023ebaef83346cc1d1b6ac5955968fa00
2025-11-02T12:59:35.706928+00:00,c424c320a31c71609f4476f6d3d5de6818ad1414f4ad82790cf4a104139f86d4
2025-11-02T12:59:35.846935+00:00,9aab04ab577e4b10121e86d4820bdcf68e4dfd5884cdaee341dea5263e827057
2025-11-02T12:59:35.982990+00:00,0fa684b79354785af8c74b7458432ecc67fcf1b7e5d0d7ae7b3c0cfb36e8ce3a
2025-11-02T12:59:36.115906+00:00,2c05a6058e1617305a4ff38a1cde5d5a43eaa5c6cc024399e9326542cb8755ee
2025-11-02T12:59:36.245372+00:00,8c974974f3fa3ad4d322b6199b0167a0232793703d986c9dcace4263b8c35637
2025-11-02T12:59:36.614159+00:00,95bc88dd48ae7a520b272c4fa3717818f95f00fd25a9a9dd9de54600160ae4ef
2025-11-02T12:59:36.743497+00:00,de89ef8ad023b3adf213667341bd7c3906226d8d5d6cb714ae805c7d02f1c849
2025-11-02T12:59:36.897317+00:00,8e6308422188e4aa40ead73dd3b48d415b1d735a75fcfb229661a9cabb08deb0
2025-11-02T12:59:37.029242+00:00,dc6ec99ca343c6f649c29f9adaba0ba8f65e5f7fc6dada4f42b514d24e19788c
2025-11-02T12:59:37.160195+00:00,30f38a0ff1698906b4506cae37cd414ed782e20ac84bcdd3b049d8fe6d3a0834
2025-11-02T12:59:37.292231+00:00,0096ccbf9c52e2b772bdf71c63d36b020abee652e5a84d790d363b279c70ec74
2025-11-02T12:59:37.429464+00:00,0912b2db7100b2b9935d190791221c9344de5f508c805dfde993c317906c0ec8
2025-11-02T12:59:37.563187+00:00,1c5252d0af8c5397a011df353a19727db0b0ec2b43fd28e29f303fa66d717ed1
2025-11-02T12:59:37.707786+00:00,1fa98eed7745bdd814319918451f51024fc73ec827afa59c3aa5ab8b668d7e33
2025-11-02T12:59:37.838409+00:00,6b41d444b982fd6a68660003cc8adc67d5a2b6e6b014f62ada4cbd3f7680d4f0
2025-11-02T12:59:37.968752+00:00,2a2c78843c08e8f358ce9e92f5e442ad7ef0ad0f2c079dbc751099f8796012e7
2025-11-02T12:59:38.103459+00:00,0fa224f605797a10a201a90ccc7cfacf146d933b7115e8445d15bf291932797f
2025-11-02T12:59:38.236314+00:00,dce6669f55d25f9344ad2c11cc0f562d7fcfb2a6eb3eebd430ed3e8f08453609
2025-11-02T12:59:38.389654+00:00,8c278b33bdaf16d76b075e4fcd28fec4db9a17a1d31f209dcb3cee2afe5a0357
2025-11-02T12:59:38.523416+00:00,5b17c90dbd1f08ace04a9a37a48612ece5346d4baa935f1bfb8ab4d5b913bf0f
2025-11-02T12:59:38.654720+00:00,d1bf41416d55674cfd39d4500a0bd69d783dc569b291c29077d67305934922e7
2025-11-02T12:59:38.795433+00:00,21a9e78837e5b48ea65e045cc414c5eece789c54e2facc9040b18b77c4b3d1dc
2025-11-02T12:59:39.208610+00:00,e2ec95609b89c160dace03f8eaf1449304cb5562b70d93e71a2f075be619b5b0
2025-11-02T12:59:39.339630+00:00,cf352986c5a80cf98cbaa94b2f8e6cae6788636d24fece8648c530af583e2926
2025-11-02T12:59:39.473036+00:00,ff3920617a003429917e2f121b7a24efa1e17a0f3ba66f636a94f5eed71f89f9
2025-11-02T12:59:39.611588+00:00,0dffe9feaefe387ea8da7e0efe83a77fce5247e6d6bdc3ddc0240bd012be02df
2025-11-02T12:59:39.759192+00:00,636652ce5ca5e7157dbf0c56ea9b5fb7106710a8064c048c7fea00bae62b21b5
2025-11-02T12:59:39.894971+00:00,270b58ebd1cd9d878beebd93c4eeb9e3b704b3e30597aec5f3f3c249d52873d4
2025-11-02T12:59:40.031297+00:00,466385a5cf032dc6cc91ed81e89c57e2270073306bc8be438f7be5b37b638acc
2025-11-02T12:59:40.168461+00:00,0b13a4b05dcacb75f7f94fbf0564b61beb173980e4ad72e2eae90ecf85b7492c
2025-11-02T12:59:40.302424+00:00,116622f1b886760db526bcfdb90cc0a019c8bfac755b65f0004205a87732d6a5
2025-11-02T12:59:40.443552+00:00,692305207e09340fcf743e3f6447112160b03cbe0a86e7abe1cbeb3ab69848ed
2025-11-02T12:59:40.575856+00:00,92f817afc275a53e28716dd9cf62aa60a2d77c08228ca7c647956a160a1e6e3c
2025-11-02T12:59:40.712614+00:00,488e5d95933d45050c8bd9ca3d8674e7453a34218012b911daa23a9821d39717
2025-11-02T12:59:40.852069+00:00,07a8c596622e62dc12a0fad4bfaf6f2161f82474ce8da56c0a93d4650443db9d
2025-11-02T12:59:40.984381+00:00,310d60d931050bac30bbdef92b9e7cbe051cf59444b77f120bced251267318be
2025-11-02T12:59:41.124249+00:00,fb3947ad8b0cedc6b4651b3a8f625a916f96e6fb59b9983661aa7a71663a9810
2025-11-02T12:59:41.258425+00:00,a89c44eb77bbfcb773aec01e53b214cba026ca241da9947ba54b3f9744a175a8
2025-11-02T12:59:41.393965+00:00,742fcb8db1d2d1ade5790cfc8ffa18c5400cb95694ee8fe54359a0b83bacfcec
2025-11-02T12:59:41.526427+00:00,68926ac776b736767b4f284f0cc2629c5d425f22aac2c8e65f030e958aaf86db
2025-11-02T12:59:41.662316+00:00,cb7c0a4e2783f429331065ab9e804faf19d60def828dfe3a5668a29d25cdbc47
2025-11-02T12:59:41.800579+00:00,388e03fb79934f6d05d56e7f27498de6e952c852b599386266ccbfc57939f875
2025-11-02T12:59:41.937743+00:00,7270aa845cce15dad296fac9f60ae36de3b1e4548006a598973d5a55d08a947f
2025-11-02T12:59:42.073635+00:00,3289ed39fa2e4d19dbc1798a0533d31c188348089ed088d3ea66d49cc5ec9d07
2025-11-02T12:59:42.201354+00:00,56aecc82b26a2f9a32cf85f82ae6e40d5c6b8a7c29f3ea280bb585100c2b5d4b
2025-11-02T12:59:42.335209+00:00,ef82653d1f46ad921b70c55be77c077ccc33c26aea99e8cacd3fd25fcf26b7d2
2025-11-02T12:59:42.463773+00:00,42b136eb807d29e6c23f4de4fa6b8b008a0c3c0f9c61bf2a38086d63c10eaabb
2025-11-02T12:59:42.595943+00:00,bb64bdfe94316f93ef4df2fa76e84bebe64fca54411448b53ad1630192389835
2025-11-02T12:59:42.729677+00:00,2ccbc211bd1c5f0a55f61ce11ae934f8ba1d595ecb94cb31ccae002b0d15b0ab
2025-11-02T12:59:42.863815+00:00,964006bc28d0f3b65d775a6e3f99730d8c6937ed2ee790f54ec19f9bf682eb81
2025-11-02T12:59:42.990825+00:00,18811ed0cc5a1cc3ab6c73a39cd452c5e83940118fec317c9fa7893c20124c75
2025-11-02T12:59:43.129476+00:00,efa9e5f4b2e21592830a6fc7740b1c6369d0a70247236cc884e01df9a3cc2de7
2025-11-02T12:59:43.263901+00:00,c517130d688290d9e1e71e2f12daaf30153128b4236207f36d76a7cda3a5a8ae
2025-11-02T12:59:43.397839+00:00,4a3ce4ce7860393a8ec0e4df5a2502b6c9371e620d517c9ac562fe195393be12
2025-11-02T12:59:43.536385+00:00,09b497552060e48c86e04e2d9975f7353cc953e2a96f208aefa03026da48462d
2025-11-02T12:59:43.675245+00:00,7cfb2cd96addf2d2d19ee22bc83760c44dcaad3e56dfd723580326c0377031c7
2025-11-02T12:59:43.811938+00:00,ffcc9146464b499bc96472b6a5c9dab44bb94a43c3ecfa6b7282b233507a1810
2025-11-02T12:59:43.949755+00:00,d9c1a21e7276db0d0729bab2213450ec81b37e5ba1d4494e69b7ec6ac46ba1b7
2025-11-02T12:59:44.083094+00:00,95e8dfc3a064e1292905e995e5cff20dad23d4926765266d2dc9c7a13a73a0f7
2025-11-02T12:59:44.214208+00:00,5db75bda95eb78a39704278a1d3d2296222278c6c0b383d66a5a4c571315ed6c
2025-11-02T12:59:44.347940+00:00,2724a1e67cb946091a6baf2b709835d967f5e68fe92c09e80be60b3210e5deab
2025-11-02T12:59:44.487370+00:00,92770ac54b5801e87681f6160ea762678fa8262daacb2fb345e3603f891affd2
2025-11-02T12:59:44.728432+00:00,f3686159cbac3481e9ae3b2302e7935d05769f3fce8ae31e20988611d451f0c9
2025-11-02T12:59:44.862571+00:00,c0597cc503d53dccd1eeb2c308b28dfc832540d733bb88fbe21ca1dab957a7fc
2025-11-02T12:59:44.999964+00:00,e3d59bc805eebaa6a82fe9b9fbe9df35b5267d931f5c4b96899182cecab05673
2025-11-02T12:59:45.135090+00:00,7b1e51d9a52e9accd9e7db7d1763bae12ea4e0031e24157ff8a0412bb4f7ef71
2025-11-02T12:59:45.271769+00:00,2297240f686f3580a85c8444adf71ba806623b072daff10787c432ff9396a7cc
2025-11-02T12:59:45.410300+00:00,d9298ec2b6ada4c2c5919faa5b151ab83fddf2b145984c42efcd0035fc9f649d
2025-11-02T12:59:45.548551+00:00,aa4568b4bb397bc6d8638a91d0fb0c63d753967b5ef3cf5a7be6e1bbce939921
2025-11-02T12:59:45.682327+00:00,cb7e9598a7afb12861ef24c2af104e21f54f6849c2e2cc04d4a9359d08c9604b
2025-11-02T12:59:45.822795+00:00,aab7c645bd95bb0e8cb5297b53713e904eeec7874040693a520bb011dbda1651
2025-11-02T12:59:45.957484+00:00,8c14b32340ec1596e84fa7c674ac11561eb8e1d065f79715a52152c756997c6a
2025-11-02T12:59:46.084075+00:00,659649dc4c3b81456b92270bb3e70df8873476538e639ccc896ad4381d1a5b44
2025-11-02T12:59:46.216300+00:00,ee758a6725b9046a1acd370b8ddf7e97e1b181a5e46ecc7460a2e20ddd4cc747
2025-11-02T12:59:46.351250+00:00,59ee753256112fc3cdeb0325349517b570e8555bbd1db5c1196317867ed59d96
2025-11-02T12:59:46.486503+00:00,6678eede55f8cb194c5022338d87499e55ab33883cc438668cfb21095f2f01f6
2025-11-02T12:59:46.628596+00:00,ba87095791c1c0ec8b267de84e24e1b0ca6fcea0c6125a5439fc4baa822d2665
2025-11-02T12:59:46.986894+00:00,f8cba85c523ae35ea4a3b5f03e733197ab7411d0f010a467762eddfe994549bd
2025-11-02T12:59:47.122036+00:00,67a1fd555f2d159be0fb8532b264a099930f6171381e749d09f764a2906fe7ec
2025-11-02T12:59:47.250644+00:00,0929ed6633b808daa41edd047c1172a28cae62f9aca8ffca88ff9617d6f47b58
2025-11-02T12:59:47.387420+00:00,b1a8f44b84073f02de9fef1959e49a292a1ca797c4b28bdfe45a9717a76431bc
2025-11-02T12:59:47.530191+00:00,4ad21a402d041f4d50647378f85213ed86d0e7bd3815b33bfdcea0b520a3d54f
2025-11-02T12:59:47.734474+00:00,ea4340145902f9c559fc82f8d87b27b80ed97e569ef52c20e9b516810720b277
2025-11-02T12:59:47.872963+00:00,0fb17afe0dec834e25c68d01d8d862bd0b8393e278fbe9c63f007ebb32a691da
2025-11-02T12:59:48.012437+00:00,4d28fcc5ddd347e8928434aec4d4d1656b3e7965fed4e795c9d4e98b3e51801a
2025-11-02T12:59:48.151424+00:00,c0a6785ea42defa11f57062f41c11eff51132a67c91c01a32f133979deb0f92d
2025-11-02T12:59:48.282924+00:00,1b25765a363734fbb6687928fd5f15241721302adbdc99649d7e453dc4191aff
2025-11-02T12:59:48.420565+00:00,82c5ef0dcf009b2bbad66962ed91a38426ecde76e475d791c889017ae5909595
2025-11-02T12:59:48.556275+00:00,794f1c252be41dd2b39f0b4a53ebe66561e24e128aa6cc0b0cae695e95f20c15
2025-11-02T12:59:48.690273+00:00,85509abe6e6477fcaae9dbd070318b86f1cdf24026b73c4e289bbdfb11b97641
2025-11-02T12:59:48.821493+00:00,93f62da38fe5dcc6499a371740afc461236857bf288f3613631d526d175d9ffa
2025-11-02T12:59:48.953886+00:00,7a7ca1f552ddfbf80745e8715c808b7ea69aed4fceda71ec06b165927eb17340
2025-11-02T12:59:49.086313+00:00,9f9503f9c9a37690aa15af86463168dfa2f8e44197e79d5f49d3a9fa2e1399aa
2025-11-02T12:59:49.221725+00:00,a374273b29ae1a96d3945e637528698a7fc1eff26dd6755f439ab0fe6d9038b2
2025-11-02T12:59:49.356976+00:00,bd5685812954c0f596c99b5b7bedb84cf01dda3e644aafa857ba295a861697a7
2025-11-02T12:59:49.489600+00:00,2c912c2fdc96d104a64fd1c57fee69b5c9e895e459df7064e133ca0486c68cc8
2025-11-02T12:59:49.625239+00:00,954d8ad785e7696b17dab8007bb75eae1489411986179df474a0187eafe05df4
2025-11-02T12:59:49.780677+00:00,6638b05c8c2d16d1ead52a06366a1a155a8e555760de762a6d8532646f888ad5
2025-11-02T12:59:49.911958+00:00,5dcfd9ccf5c55819536ea1f674e62c9e5f662377632f74bbd01369fe9c306f78
2025-11-02T12:59:50.047384+00:00,bd21854482540fdc8589cab2b516c90944b49e1fabb2b653a6742b1d767ef597
2025-11-02T12:59:50.182174+00:00,87d6a52de4048c2646994c05703ee9ec006cd56d6ca2802655e4a62fb03340c7
2025-11-02T12:59:50.320580+00:00,1f9274d44217f1db1c8ad25ad19c10b503a08a9a23960eda631c35cbdc1073aa
2025-11-02T12:59:50.456112+00:00,d6b856aacafcf5350a03d4aafe90cd46214536118d6453e06273947a3f51ffda
2025-11-02T12:59:50.591893+00:00,54db35220b38db5bbb458117bddc3846496f7c91c1c71b2971d8ee8185365ef2
2025-11-02T12:59:50.722068+00:00,7b12bd87ee41b00e799d8703a74e34aa42f1658ad8abe266d887ced6eb826835
2025-11-02T12:59:50.860304+00:00,158ea859c26e958fd4d5172561ad833b553f03cf5335afb4984c83ff773d08a0
2025-11-02T12:59:50.999401+00:00,c1019dda79bd2ea858d8555d7f7369d51070080666413ee87c70ebd723f202b1
2025-11-02T12:59:51.133293+00:00,27daa6b7778f8e5781e29ad6f0b31185a89e5847c5c9fdaccb7ef75bce44cfe5
2025-11-02T12:59:51.268485+00:00,7aecdfef88d703870491a8478031ea4dcce37d22f6b09df0a617e15c4f0f8b59
2025-11-02T12:59:51.409110+00:00,f879c374d53af8f3ca000126bb32e048f4f8ccac9ad6dc2ef581bbab11da98d7
2025-11-02T12:59:51.540282+00:00,952fc47c528a42f3ecc37ca250b2cff421e6d5d7f11f80796f6bd625402b688c
2025-11-02T12:59:51.673965+00:00,a2a59ba82ed7da69aee76a3188a80944a2c4810cdd3160b28ab23a4a74133f78
2025-11-02T12:59:51.807665+00:00,59ad1923f571c96fd9c7b4794fc9c406246b6e4392c1be97987a97d2ba3f76fc
2025-11-02T12:59:51.944696+00:00,930cf7beb01552483a869cbae850f481bde1c3c9a4b958d2eaa25efed2f8ef6f
2025-11-02T12:59:52.325707+00:00,d428849bd64d7fb88faacceb76d0a9aa3821ddd0246431d2a4d6a92e076d3cd4
2025-11-02T12:59:52.455242+00:00,8232be0e387d1e5453e0548422fc92a8c4f3948b9bb276874d630455fb8a5817
2025-11-02T12:59:52.586165+00:00,3baa5d75c16b140c98b6402041efa1cd6096b7d36781a448fae98f1fc39538f6
2025-11-02T12:59:52.718344+00:00,e5e0f503cccb641d53b9f1f37f37192eb830c92f9a318c54788c9df3455a38ac
2025-11-02T12:59:52.849544+00:00,f05f83b35dc7f9e75ec417ee33f09483450d11c1798c4e1b759c23861a534491
2025-11-02T12:59:52.978730+00:00,fdd55141603b7c285f856f4cfd47cce38bdf7dbb7139a476e155da09a37936da
2025-11-02T12:59:53.124742+00:00,fa14f7f7813e201cf698dd392c1427b1e0811ecd9d8ad536591d4ebc27e97fcb
2025-11-02T12:59:53.257638+00:00,8d738f2088c2363af1b730f39760775879b2b9223f84d31df68eb40feba4bfbf
2025-11-02T12:59:53.389641+00:00,4329a89661f2bbe1c2750cab2149b197fe699c6d623ddf483d46c73222c4500f
2025-11-02T12:59:53.523058+00:00,e370d50c08955c69ab45f01cd7f3552c3f292f501702c623f9479dffec52026c
2025-11-02T12:59:53.657653+00:00,24e99c9cc2b065a8fa252a4d718fb8f8709a642657de46224a218651f3872965
2025-11-02T12:59:53.791431+00:00,e46c7519d1dea47f82c4e69e0db0bb836dbc3457b34045f165e82bc2fa25b87b
2025-11-02T12:59:53.924299+00:00,ba2c5a215ba3de884589d190ebc8ae3d9f2a4f349ab8e6b0fb57d41e5cae5b6d
2025-11-02T12:59:54.057479+00:00,a6825b0822ab378df4464c3dfa3fb73c4387c0654dae63146c84150955ec4504
2025-11-02T12:59:54.192032+00:00,5559083b30099010df59791a6d843ec550c2e9707cb1f4a829131ef69c2d4e59
2025-11-02T12:59:54.324604+00:00,69fdd0f91d229dccb7bfaa6f6c986bf7e352c4a792a1e2b0d44ef11fbd16b5ae
2025-11-02T12:59:54.459162+00:00,acc80afc6ae48d29ec5525d858835ac96b8f50aa74b86d4e3b16c07423e16a7f
2025-11-02T12:59:54.592530+00:00,3cfc5040a50438ae79d547f7d72b882a68be934e0ee8944c9f4c70b3609b83ff
2025-11-02T12:59:54.726075+00:00,2962e47aca274bb33eefb5dc82fa662b5b51738fbc2e37714b624e0518688c02
2025-11-02T12:59:54.859628+00:00,3fea64e2d82497221313e4be695a00051f93649ab492594bac381ee3a948ce4d
2025-11-02T12:59:55.000830+00:00,ea504fe71018c882aac7d0fe017410f70f507f9abd83c312b0f3b3c618d2ffa1
2025-11-02T12:59:55.136870+00:00,d9678dacd29a0dedae1decccd1e64bd91c02206ff2f78c854ae2a586cc23272d
2025-11-02T12:59:55.271308+00:00,96157c0643602f6a75c12b1cda4339e0bcdc37d7472a907798a46dcd46945c1f
2025-11-02T12:59:55.412651+00:00,2ba74f242bb63291533a373e84619792dae7d93440061681fa104757afd6971c
2025-11-02T12:59:55.541399+00:00,864138c9ebaea7d523abb71a4a59b83344fabe96179e5a9f310ee63d5e6d960f
2025-11-02T12:59:55.676764+00:00,38cde891c4849a81fad63b0e47ab91b880834a6295192aaeb3b9114c4c5d5830
2025-11-02T12:59:55.813828+00:00,07f4c6193c832eaf681697d60b11c8a4bd57f2ebea0c0e11ec4bb3ba98af0248
2025-11-02T12:59:55.944787+00:00,4a276a1a9e5d41b05f9a8d1292d4adf93fc8f3961f5379a904a1060f0b13f02c
2025-11-02T12:59:56.085128+00:00,5a1332a2dc695a23371d1af35f2b1927eaecd63562acc090d1d6f2aa0ec85ffd
2025-11-02T12:59:56.221732+00:00,3c8388f138d942132494067f1cf4c77fb3ab0cf65db681627e5451b2351e0d8a
2025-11-02T12:59:56.365038+00:00,588908cdba120eac1c6a365d0daa9ae6a2b8ba1094d3d290186110cf28da108a
2025-11-02T12:59:56.500406+00:00,ae322927f1c19eab7af70e0afb926c68634330427693e16e1953690afb031006
2025-11-02T12:59:56.635922+00:00,2a35b09585d22e12dc17c8a361978a72f1639b3db8514d22891a147e4d982955
2025-11-02T12:59:56.773473+00:00,05d92eeb3233895b5abf8705e80b2efb079dc7d58f774220fb4a736384518bd4
2025-11-02T12:59:56.910317+00:00,4267d8b833e231eafd01ec3e6ea35290480e7e3f9d27ea27750c69798387dc54
2025-11-02T12:59:57.041650+00:00,3ec488043822d21dbfdcb4466f25bba5ad16d0a9753701640876026572b37c3a
2025-11-02T12:59:57.181431+00:00,37ffd866da51b9ebd6a0247c06f9652830fb71627c63d6bc0203129cb1e290b4
2025-11-02T12:59:57.616271+00:00,36a096e9a081be3cca8f1975992f32131a45f24f46adcff458392f215a65401b
2025-11-02T12:59:57.764944+00:00,ba90406bbd0ff908b2b694f192a2a7f6e5321379370e914ae3ecd58d95ca3364
2025-11-02T12:59:57.892140+00:00,cdc056ce0e4a46400ac1660368fab6a45ccb809f698499ab031fc7325a233c52
2025-11-02T12:59:58.022521+00:00,5c719bfb219727850b3c4694318ab4eb8f9561d1fe2328069a999c28eb3918f5
2025-11-02T12:59:58.158861+00:00,9a709e856313a1b02f14b9b5ce1f90f1b0ec60b12e7d0127d545fd290397ff18
2025-11-02T12:59:58.296222+00:00,12b90fd1ae5be40e9f2df6af9093e7e086449d9318c0ba42755ac6e1843e3565
2025-11-02T12:59:58.435654+00:00,d2f5cac07e085f3f89d7302246f3540c1c564601cec0a3180cb6f6316f65c3f8
2025-11-02T12:59:58.571048+00:00,cd884c80c0878968218811cf7df7be6e11b4bcea2fb7f5a1f961f7cb34e2f5f3
2025-11-02T12:59:58.717838+00:00,2611a54e3818a6b34f2196bf1ccb77c0cad5d08f558cc7b78f26cfb800a483a2
2025-11-02T12:59:58.846654+00:00,dc5d15c8cdf59d555eaa8c01b8f9a1bfb036ed2ad69c6896d6ecc6dfa3d8100b
2025-11-02T12:59:58.983921+00:00,03c7859dddf71ba82e4b07c9470d211645a022555ce718b21585430e3c00b94b
2025-11-02T12:59:59.119694+00:00,874733a7925e52e8a0c673db43c35354ee69e2d31ce97c45fd68cd5f2758fe42
2025-11-02T12:59:59.259901+00:00,a90b2c891c914c6cdb56b8d316e33eb41faaa12072d2ea3c1e7af62167a04025
2025-11-02T12:59:59.388549+00:00,548fcb5956396318e41f29fdfaf7356fb9679c8f149c18a4a21e68d29dfc4f8a
2025-11-02T12:59:59.522950+00:00,808eddfc63a4621a91d61d546bbe7d6f813c8de985b498d3e08d8f76a7d3df74
2025-11-02T12:59:59.657037+00:00,44c11b9d0f5c0c9b0c8b8ed6432edc96b877a88b5031843e31e7caf0ed217d41
2025-11-02T12:59:59.810413+00:00,4e08039f2fea4d0936eff1a59a6a2153ea49491ce7d9e38c061b83a8b94f1466
2025-11-02T12:59:59.946895+00:00,a86c985466b576461edce9f15a62f307cc0961ee6044788d09c0c768ec7cc579
2025-11-02T13:00:00.081711+00:00,61af03d6d5bc9ef94fbd4e65732e99324e93cc940787acdafb462f1015514fce
2025-11-02T13:00:00.211440+00:00,290d41b7a5c3ed881b6915bd55f5b9b9aa4870e99f5f2f1afe5697f9c2bfd413
2025-11-02T13:00:00.347611+00:00,4958bbee23e317017202857e3d2fb2e26cbc40046bb020ff826f4c0390372802
2025-11-02T13:00:00.484315+00:00,e835ba28d33872a89dc51acdec2be3e1d322c114c6609f2cbeb6919e9530d3c1
2025-11-02T13:00:00.636491+00:00,6a42f2db719118bac34602390bc2e26382011e2c780d83a3539ff099f98fc539
2025-11-02T13:00:00.778244+00:00,943d93d7a59b402992d0b568ada492ad91a5c28179ac0468760140dc414a60ed
2025-11-02T13:00:00.912801+00:00,d56a981248c8f611caebb96b8de8ea4bdb148627336fca88710bfe1e1a928225
2025-11-02T13:00:01.045842+00:00,44b6abe65f44a878080b3674184e04c099d5780efcbc8dc584ce36564a84fe8a
2025-11-02T13:00:01.182081+00:00,10b36abbc724236cf89e3f27668941faa9c66cb83d468f9963bd26b4868a5c88
2025-11-02T13:00:01.316919+00:00,ab239683171368fbfd0f8c38d275a76c67928e0ad40c2be8eb7ec02169501c92
2025-11-02T13:00:01.449496+00:00,09cdfbae0bfd7a444c5f46199d6a0abeae8008bf166e48b1a01c702ec75195ae
2025-11-02T13:00:01.587228+00:00,67a0626e5d1adca06bc61a0e6bcb1e81bff53f2e3cd16a13d81797c95e931492
2025-11-02T13:00:01.721186+00:00,eb102e3e02fc97889e1782f5d8ec5129d0586e916b797621f5196ad7034bd423
2025-11-02T13:00:01.856652+00:00,ae30b4481d822706ffc1615bbd3b4fbb7af8c118c0777cc6bf7428db552853fc
2025-11-02T13:00:01.986950+00:00,9ffde0e1fb2cdfd1bb740c64d5443de82418c12f53e8a8d5d81b970d5062e8e6
2025-11-02T13:00:02.121537+00:00,1616ea8e1f42fa0b3f534c786d3ea309571b001c398581eb7419554d31532bae
2025-11-02T13:00:02.259470+00:00,495ce6572cbeb541b0e05f8c64a1540bf6ca6f9091027cf916f6a1e4b87aa935
2025-11-02T13:00:02.393707+00:00,cc8f280336e9a0e3b0a8e03b508e32fe853b5b3c02bd518a3ef6990fa38da6a2
2025-11-02T13:00:02.745433+00:00,296de4a3c836cbbef72a4efe80e2cf1a420af575cfaedd6408d00f5974dcf836
2025-11-02T13:00:02.881916+00:00,4b9846cca5b5922ffd7ddc38cfe8538725c8233a01cf1c582c7d304fb623657e
2025-11-02T13:00:03.011601+00:00,3dcfd0f6056fb78387bec3d3ba6305fca7c8e6b23e0d04a61e979231ebf6e317
2025-11-02T13:00:03.143960+00:00,d0aa0d28ee123e3715d945a8f755e90122e570bff8fb06840af60920e89461d3
2025-11-02T13:00:03.276241+00:00,37a67fbff81d9e3efa5b5e977ea5a419965e135f4e2ece88c88a56666e2d7951
2025-11-02T13:00:03.409253+00:00,49fd2f710a8f05e9290ac96210470568ecb1a51d84189a48cdac772c6fc857f2
2025-11-02T13:00:03.544650+00:00,ec2cf3c394957e5cfff044291c356aedc7378d49822cdb240b79930327c197ea
2025-11-02T13:00:03.680780+00:00,d944abd1f2d59a53bee51236c2f5579fc50d6233ff7eb9df645ce27dd36ba3f5
2025-11-02T13:00:03.811334+00:00,d264e6b93c38ea02fc8bd644c3cefb627537cb3a0d13e461c42bd9c2fc8ef888
2025-11-02T13:00:03.946602+00:00,6afc0317073ff2523c14e61b2dc534fc594532d3badb188600a61d334ac86e9d
2025-11-02T13:00:04.085765+00:00,f32b6945beaea2980da43853a76cc9b642bfda884ef4fe67941452a53a071ac7
2025-11-02T13:00:04.221160+00:00,ea81ad1b9474f07e5c49cd2791002cc749b30c0431758284b39f5aeb6d6ea862
2025-11-02T13:00:04.354628+00:00,29c483490588dd0b7f2af6a6930d2c0421355b91ebd22813bf205fd4a317e557
2025-11-02T13:00:04.490715+00:00,7767013dbba634086e96cb2a1f0d8aa69e2de532d2bd8f7fdb5867b3c9687c33
2025-11-02T13:00:04.622145+00:00,e1ebf1a59204f29c55e5e8b00c806f781593227ad409f3bc5b931f689705524f
2025-11-02T13:00:04.758757+00:00,327a1e04bb46462b117250a4dda624602e74e49877ac8b1776fe8a8b13511303
2025-11-02T13:00:04.889241+00:00,e75d25f1e4f55ca5187b4a3adab340a893522c7f65079ba7eba175bd67bc2af2
2025-11-02T13:00:05.022696+00:00,38debcc2317be09033e84cc0e914c0180e6288933b45b3e0b99f004127ddedb1
2025-11-02T13:00:05.160924+00:00,16971a0b84084aaef272d66e640130e502eb0778260d3f45cca294ab6454d880
2025-11-02T13:00:05.300176+00:00,e4dea2d6c38c425de6945fa58042decbadecb3b68aec73fcc6695100add919b8
2025-11-02T13:00:05.432230+00:00,be4497dbc30d4061da992c2f3d85686580a98163870dc52720c51ba2c96ed4be
2025-11-02T13:00:05.565736+00:00,ed02d8221e301fbd0d55387412f0b22b02ae6674096d11ed294b52960e2939bf
2025-11-02T13:00:05.694579+00:00,21a39f3539fe074da9b6b83860abc27fe43182e844111371e7207a55daf7dffe
2025-11-02T13:00:05.833417+00:00,ff9c6667e6e4d66f9588d94e4c17d18f33f761eb2424564760d7e13b47540350
2025-11-02T13:00:05.972452+00:00,ae29cf226abd31fad16d764039d0335764b1bb02f0c1eef8c7c3551afbfa3150
2025-11-02T13:00:06.107643+00:00,942ea5454b573f36abd8c419f3f949d45e820fba00e65766462b23189a3ba140
2025-11-02T13:00:06.238903+00:00,f1385fe7288f2f3344932cd19d8fc21d5557a929a683602dd17ad8586dc297ca
2025-11-02T13:00:06.368902+00:00,7a1a74dccb0112196e88197fb44c4d2b15383fcbc5436379e328d4b11bf3562a
2025-11-02T13:00:06.498017+00:00,6e677a4c14c3dfe5f7abcc339140e9893591598dc137e93cd67bbc8a322f30ae
2025-11-02T13:00:06.635689+00:00,38ec44e0b77e996c0ce0d927242a8bf9996c1f708e3733abfbc4795b9e55876d
2025-11-02T13:00:06.778633+00:00,61a8ff236c1eda0bda81debb9e08d6e11e5d11af4006938fed046b02272d177d
2025-11-02T13:00:06.922349+00:00,feeea083302b2af76cac1b193cc70856f42d0f7419efa4bddbe26c312329c58e
2025-11-02T13:00:07.051703+00:00,1fb532e81f304321b9066b594750df5efc1356a4ff42c25ee6d336bc498a4bc4
2025-11-02T13:00:07.187137+00:00,a16d14e46ff957c70b0ec0e3ca68948f55b7c94336eb1c1e2725f040e4fcc94b
2025-11-02T13:00:07.323668+00:00,e7036c190f86472a5221c6b28c7b8d414e6bd3ea4cbd62248623df0ce36c07ea
2025-11-02T13:00:07.462917+00:00,01c09ab352f34ee4883cb4b6a99015483f4f285bf4cf7a2f8fe3afb463b04e8a
2025-11-02T13:00:07.620204+00:00,56b2385a4eaea6084f1ef4b76042b8044a337cbd8b2b59e04d72deff238ba263
2025-11-02T13:00:07.844986+00:00,03d24447aaf1216c3b41789cf55359a350d925a98839aa950dc0f880fadbbfff
2025-11-02T13:00:07.978496+00:00,d2f0fcc71871fbc37b598ec7dad8b646d61d297ea9d0b96993253779274d7ad4
2025-11-02T13:00:08.117438+00:00,d6c1f6e2fa968acdaa2a761d5ddecaf9aa58bbf8dac4d298b074cdab79832c9a
2025-11-02T13:00:08.248727+00:00,f87bb34496dbb18eded36f8b81c8c0e99380e8abe8c9bcf75426ff7d3060c6cc
2025-11-02T13:00:08.392560+00:00,09c9619b780c25f5a23ebd8d4373256bcc87d2bda10bf316b44c24f9fc5ccd38
2025-11-02T13:00:08.524205+00:00,af09ad2e2f327c691cd4d095fc0503140edbd491f48c7aea783f6c8b4db6fc14
2025-11-02T13:00:08.663464+00:00,28e4ad3167ba5707cbc8487aecd1bf372870f54e96329c4f5ebfc32860bc03a3
2025-11-02T13:00:08.796165+00:00,5536f202d7eadf1677b03760b7c568d32848a77a4250512db8bc6eacf3e5fe91
2025-11-02T13:00:08.927143+00:00,c77321fa6a4fd319fbda8af435f8c89a1952989f13e6c265edac0b60726f417c
2025-11-02T13:00:09.062068+00:00,e60284611676077551479e7f8cdc36a48481237a4387b97d35b582ad6e2e456c
2025-11-02T13:00:09.205551+00:00,556faf3786c8a76edda398ef517bc4740eee62da65e55ba300ae35b89bd8dfd3
2025-11-02T13:00:09.340423+00:00,996fb05b67d87bd5efe9df3c3f0429b35f2577dc759b7a6dddae5e75cce466da
2025-11-02T13:00:09.480672+00:00,02235eda21c1ca1504e9aa3cd89869f70d6982d5aeec2f651f702f995b0e9794
2025-11-02T13:00:09.615332+00:00,10494dc693586bf233a8d12d10978af917ff3a1c88ec2ba892aa49c63ade946b
2025-11-02T13:00:09.763458+00:00,c61c2069ff3cdd1ef7f33d3d2916ce11b24e5252d19cb06b315f9c1ae5aa2d3f
2025-11-02T13:00:09.896191+00:00,ba42d06647e914970fca96dc71e7129443909d03f3e4693c7797582f6018523d
2025-11-02T13:00:10.028548+00:00,f1898561bbbbee8838ab2ff4edf1941f38088d2b78aea6bb95892dac5d23e71d
2025-11-02T13:00:10.165325+00:00,54e88f52f1b7bbec29bce43d0f792d43bbdc1ce8e25c156239074148f0975090
2025-11-02T13:00:10.298381+00:00,87a6e5e98386b6927826c072ea0d0f6b9e2124503ef191c524d2ea31e5a8f98b
2025-11-02T13:00:10.469719+00:00,20662bcaa2fbe31d075deb67528a028343a47be97f179d100858bf5b40924082
2025-11-02T13:00:10.606813+00:00,0d9fa3cc9e8ec68716ec9718141bdc8f7cd56a8d879dc7b197961f1439ba7b5f
2025-11-02T13:00:10.747214+00:00,f892287194007059915272f94d5797b05bd8474843c97d5dbc41ecf7026e6920
2025-11-02T13:00:10.885664+00:00,c9fe44968eb462237f75cbaa5f3cc316c5f688de202be50a4fe300d5b8c0722b
2025-11-02T13:00:11.020222+00:00,a6bc2d25c344a0cae302605801407839a31b46a15025c9e524c0d04d03a6d42c
2025-11-02T13:00:11.154450+00:00,67ee84d71604412c88f55b67234ac3b6bf9819aabbe546c424b0284409e737aa
2025-11-02T13:00:11.291894+00:00,2180953b9b5b346bf029c25117d7d354bfc065532d12ebed3e87a3ef61dfca8a
2025-11-02T13:00:11.426917+00:00,21770de97b3414c0ae3b012b38361008d115a67fd724c4e918f4770d3abf55a5
2025-11-02T13:00:11.559757+00:00,c6650842907f3617bd85f2e349fd927b21b564f293b3d94bdcbb646d39770d0b
2025-11-02T13:00:11.688747+00:00,e7a460340f12406e1f4f8cb069be17c0414b97990da55e6067faddd45da2e620
2025-11-02T13:00:11.822135+00:00,804f556626c207fac2f14979cf3e0bc70cb69c1fd28a63e995c1eed517e353ea
2025-11-02T13:00:11.958652+00:00,ecf1e88f39b6e7b43c3a02765cd26ee64a3397e024c280bae6ecbcaf822b04d6
2025-11-02T13:00:12.090623+00:00,1436406a3e304efe5546cfdac51b64778ece7be0f906abcefd6cb949326f1179
2025-11-02T13:00:12.221653+00:00,2eec1fdab739e0f44b4cf7d24035d71133669573372633c6c43821886001f13a
2025-11-02T13:00:12.356250+00:00,e68c52ec41f53b7bfec3274edb037a95577efb94d01ae46f04b46de0d8a4a254
2025-11-02T13:00:12.490141+00:00,5e524d908ea569068c07a1702971de9035a1b34c184351515628f880db2a2f0a
2025-11-02T13:00:12.625034+00:00,c99d79a51cd5b203ffd876a9051a77a76f1e6f5da721be12042a745bf9ccd151
2025-11-02T13:00:12.760934+00:00,89bac340401f6f7282a9b2d696bab7dbffd83c5fa210baeae73074087ba99350
2025-11-02T13:00:12.899699+00:00,6becaa6d43277a0a5e0094319a195f64fe33fcb852a420f8a2a1969c6aa72a92
2025-11-02T13:00:13.033592+00:00,41659c019ffbc1272332a795d200c5d1924c43b761f7a816d1cd2d49d6dbe717
2025-11-02T13:00:13.166592+00:00,43c4c79b696eeb91e81c19cc87b9bce39e7c1fed3a1428dad0719813858a8e54
2025-11-02T13:00:13.307353+00:00,e299a95c48de872d698898c3a54842e6125e85763b68007a9dd7fd3349206446
2025-11-02T13:00:13.442866+00:00,3931f2576b04391329cae9f675d2097733afb274deb714f951c0d5cb527932de
2025-11-02T13:00:13.579435+00:00,7aa8e0d66c2088ca1f8f218992c8e4997154f50ea0462abc95f083c855acbc2d
2025-11-02T13:00:13.718440+00:00,18534eb6edef17f28218c905bcf471145538235734bca86827bab0dea622dab1
2025-11-02T13:00:13.856450+00:00,edec191503f3f0a9448dac5b72f4e89c3753d5947283628b1732e99ef5928c09
2025-11-02T13:00:14.009603+00:00,bdf60480f8679b0a9f64c0c3574b6d93f46faf1e789e1b3837755d07f520fe82
2025-11-02T13:00:14.142037+00:00,6963b033e6e408fdbf3556ad4aca1a318c9e8f22e83e633efe02a58afe3945d0
2025-11-02T13:00:14.280833+00:00,30fefd0e567ee0311401226238ca4d39623761bb6844d6fcfeadd7f93a98d285
2025-11-02T13:00:14.414579+00:00,ee2f226615d03e5ef00712388e9e0cd1ff259bb54b8ced5e1e28ff3045827178
2025-11-02T13:00:14.550752+00:00,6b9cace4449e7e16e0d6f1d48e1d7fd14602b8aaaeb723525cdb0b987c6f0bf0
2025-11-02T13:00:14.683719+00:00,176ad2ce119e1a393024c56010cf2bac0731ac9752ec72cd47ad8ded6a6d02a2
2025-11-02T13:00:14.818763+00:00,ca62a17b101b76122e40bb94e90a27a7bdef6062414f679a5b0bfc83760e3173
2025-11-02T13:00:14.956467+00:00,5a7e251856bda582f6958dfeeab8e1db2ec1489093232989c2bcd6e5224b0d1b
2025-11-02T13:00:15.089631+00:00,1bee4a64d4e5f7f853784618125ab184e7fa32c09df54ad7b831be903341fffa
2025-11-02T13:00:15.226323+00:00,59201fb1d82c3a197d691a603d9bf4d9c07535f653f7aec9cb90d13b34de4f2e
2025-11-02T13:00:15.360174+00:00,ce3afb25ca9191a4b38fc6cfc5c103a7502fa85bda951b2555e690db0307a9df
2025-11-02T13:00:15.494868+00:00,2e8ca93f2aecbff39ff8fdcc147e3d6790df4beb77c180a83d8f958ed50a1690
2025-11-02T13:00:15.630739+00:00,e63108cbd206ef569ca5953ec44bc6bea707bcfb82548a995e4800a87e45be69
2025-11-02T13:00:15.772950+00:00,d66024a1f74382cc6d38cc1b381ac2060c9856e05adbcbdc325df1270ca0a557
2025-11-02T13:00:15.907904+00:00,a6ff3e6f60af26b430b437b84d6c9d2f158fa252d513772ea3eb6372a9aa651a
2025-11-02T13:00:16.044688+00:00,636499592bffaa79a209bf8ee098ff54078930c681666861e1b2e2419ec1ab49
2025-11-02T13:00:16.180855+00:00,f9645a57d4dcc3edb8472f5d81500a388b5cc1541aa1deac8fc02557b60fc55d
2025-11-02T13:00:16.313668+00:00,f5f50cbc189af2e6c5271fba2f642c37cb0216f8fed9fbc5d91587b8169ecaaf
2025-11-02T13:00:16.454947+00:00,135383fe50075a24008dbf03b3535c93211a53621e9493da5159ba67f880b1da
2025-11-02T13:00:16.588953+00:00,f9e19a688511af6b59a0932488d62440388f5cd8dcdce46ee2c27535ecb6b4da
2025-11-02T13:00:16.728060+00:00,c0f0702cb97591613157b7a093bbabc39ab7d6997787191d671f7f89d37b545d
2025-11-02T13:00:16.863504+00:00,34752b164c8b904eb1b7b5dc728a3d4a578364689f646eca6523c6f284771973
2025-11-02T13:00:16.995531+00:00,5459151aa009e4ddb8c4d7fb9c87b588d8a6d73caeba98ee741fdaa877ba2665
2025-11-02T13:00:17.135808+00:00,916725315630c485f026f5a35cb3c0013b7b3d95bad4567e248771ff8a2143f0
2025-11-02T13:00:17.268882+00:00,c4a35b403b825e795200aefbbc22287f0b7c81b1add82b2ae0fdb48f0a048308
2025-11-02T13:00:17.407057+00:00,a3a699a6cd1e4e8500c179919062feabb0b1600b328247bb21b1a733dd43bf95
2025-11-02T13:00:17.577370+00:00,a6b7c7b36a9060cf23accf9cb620d35068cba68bd298ded2821530ca168459d4
2025-11-02T13:00:17.720337+00:00,3940746b1980bc08f435b211c3a396a9293bbf81a5ec99ed71b1d073a4fe2c44
2025-11-02T13:00:17.852105+00:00,674953e421839d5b9b62ca802ad29da1a8b47e57f5ef3364ca54945d361089e2
2025-11-02T13:00:18.211652+00:00,4eac330bf932cd35f0702ef99a658efa5bde76bcf1a8d2656ef46e1420b3decd
2025-11-02T13:00:18.344316+00:00,758a9264e04109d49c728a725e8380111260e80ccf965ec0bd1530120f5f87aa
2025-11-02T13:00:18.480856+00:00,d2d4440acc69eaba02e22aee70e90cb79e447f916d4aea7f6768add31aa23676
2025-11-02T13:00:18.614821+00:00,0f60bbfa8fcda0cb8c1f87786d8a810545ec8b85881a03a95f05aa3dd6895a50
2025-11-02T13:00:18.744970+00:00,f34cee2d0c45689997d8dd5e62dedeb7728c0d8e6a090ffedd78e44063d70aa7
2025-11-02T13:00:18.876736+00:00,c5ff45a6e9f5d91dd6309467581d66ad40e33d0375caf95cfa9072af7b6716ec
2025-11-02T13:00:19.010575+00:00,9d00c2d9fa4af513c3022ca8a4998c0316518c12ee7039cc1488c6c49583b736
2025-11-02T13:00:19.148980+00:00,f9225e2c6fe321ddc21bc5bfa7ba13926ad586d7bfaf197997c2ba6077649692
2025-11-02T13:00:19.284651+00:00,cdc164249a0467f6c6f8d0ecdef451b949f2924900fdb126e967b9018274b741
2025-11-02T13:00:19.418045+00:00,949b8676eeccc623e9095628ffacc846968b136c8db9b55ca97c7f036e2007e7
2025-11-02T13:00:19.556914+00:00,2f2d9d1d66d476debfde8a84804845095826837383f92515f6fed4145ed8538b
2025-11-02T13:00:19.691521+00:00,c66292ce2006146276297ae0f6de64b000e36596ebf2d756b3bf33e560f5f6b7
2025-11-02T13:00:19.831538+00:00,b5aaa41802fe1a15004ca8e828f6964d9517f751bcb91169b45ac20a6e28442b
2025-11-02T13:00:19.967465+00:00,c9149fd5b1419b366a0d9c1b95df20f81853dd59e864310c7efa252b928c2cea
2025-11-02T13:00:20.104689+00:00,11165efc9096cbce45b01ca8982944594f7573cfc1bc485f20a28ace6f4a9228
2025-11-02T13:00:20.239350+00:00,d6fd7f6e989e0fbc6f41ffd44a5bcd02f27fc021966fe497d2500e4577d58217
2025-11-02T13:00:20.376881+00:00,c7b24773e81df8ea2b0bf3750e8f01216139d8ea0e973743dd651a2154c7b15b
2025-11-02T13:00:20.546176+00:00,2a5b017036a91fd5b8586248f4c638ea42618d79b58de4f53a59930dac7a481b
2025-11-02T13:00:20.680277+00:00,979fa59e027b3c7ee4c3845f6e6c48e1bb26b92191384aa3137a4994e05baef1
2025-11-02T13:00:20.816895+00:00,d9b49c326eaaabcd2454f347497ecdf2b687d8c7f203f0dca38b0a248c08ff54
2025-11-02T13:00:20.950476+00:00,f45e2b788fd1bc89a7b7bf0dcd65ec1ed0555674838a8bc0d6fc21f3d01777fb
2025-11-02T13:00:21.087936+00:00,1eecda261703e52c9a97f8674b1c53cbca818c3d29886d312c4b0ca0033b4a81
2025-11-02T13:00:21.231007+00:00,83a3a7c7939fccd20e1612483106398ad0e15c632a297098b449766a60ca761a
2025-11-02T13:00:21.366972+00:00,551572911b4816dddf184f48937351027ba1fc1cad5f4f2e7b9d6f25820852e6
2025-11-02T13:00:21.505514+00:00,106afc0d6c1ce32cff0de4ba1abd441ac84c2ab2c59ec545c11cc06c975106fc
2025-11-02T13:00:21.638056+00:00,1b3f0425a2fd0c9990094cee05307b2e18b8c439930f695e3eebac890358edd2
2025-11-02T13:00:21.771655+00:00,e6e35c855b4654d6aab388dd72e75917cc854e8243ff0d545d246dee0dcb7db4
2025-11-02T13:00:21.909227+00:00,675cb203d2aee6e13dba0e8e66e6178cd4ce6bcc26eaf2a9f0d18ca1d693d98d
2025-11-02T13:00:22.048403+00:00,18b1e0a4fa8bb401e98a338722030cbdb0dff62b96d08fdc865c82c46c8b4588
2025-11-02T13:00:22.186996+00:00,79b4e03280533b60b8abecd79966ea5b1de5dc36a122d36d0d2c986a6f295aee
2025-11-02T13:00:22.323638+00:00,1ab00fd93b70f64f06a0e07801bfcb46863d05c2765e26d238aea081bea224f0
2025-11-02T13:00:22.463238+00:00,a0198182e0e3011267f615674586f0efc6cfcabc8f874224a95b949bd5cc0f69
2025-11-02T13:00:22.599647+00:00,ce65a4e93e05d89dd0192ac3b793becaf05989dd0ba8bacce83daeecfbdfb892
2025-11-02T13:00:22.735228+00:00,21157f448ad6b1ee8700a52e24d2554cc8346844eccc8faa5d96d79de5692f21
2025-11-02T13:00:22.872754+00:00,e0327b1c324d350f6ac2894026d14f93fb84f11f1923f3d2e9c0ef064680c594
2025-11-02T13:00:22.999050+00:00,7a4d302eb64ca3aa2f3297b9ea2cb60ba1f67ab7bb9aeb3cbea9dfbc1d8ddf4c
2025-11-02T13:00:23.136815+00:00,792f6661ec838f2dd9118014a75f26a3dd9dd5239d4a918a12cbc92d5961a241
2025-11-02T13:00:23.626340+00:00,625fdb06f60f1ae7ce8a2959a1919b4f3985bb4b8cd2cc338a828b6af02b111c
2025-11-02T13:00:23.778179+00:00,6c62e46cbf5af8e52453b99c30113d28bdf4d4270f011d96b09f1aa79b41bb00
2025-11-02T13:00:23.909397+00:00,18a9542a71840d6cb46ccb0b82bd29066323c0d8aca9e6de303aa778f028bd16
2025-11-02T13:00:24.042274+00:00,8da9dc0b2b7b0f3a12cdf262a9b2b1a5ed4a22ace2bfa38b092a48579b9826ac
2025-11-02T13:00:24.175447+00:00,802a83c3d9e07c1cedfc446070dd1b00bf4fcaf254ac55541b5741c1819a5edc
2025-11-02T13:00:24.305589+00:00,5a191079dbea6c383df517c7af39d1bff4d91cedea14c30dac104d181a59eeab
2025-11-02T13:00:24.442696+00:00,dc601522154bbd44eca017943b654e9e535399b39f27a62c3bc73e26bdc59865
2025-11-02T13:00:24.582048+00:00,679b932e16c3896851c56bfd6fcc5d38a09ffd362c6c2d596b6a7a395f3b1e21
2025-11-02T13:00:24.716365+00:00,cefed21704c30da001c8d48bc6a4dd30cffd86f0182c362a43b34d960baec8b7
2025-11-02T13:00:24.852043+00:00,e22f8a6ec360dca5e627de9e2c43441a4ce22b91b5793f9b0a7220faeb5eca81
2025-11-02T13:00:24.984968+00:00,6c3a67a6c48385782359a9805161ae68f69ead90564eab5f4dd09d33a28fc337
2025-11-02T13:00:25.117456+00:00,c43faa5bfbebcca806f2011a08e792965113758377cd7a8e5f3b71e75d9f817d
2025-11-02T13:00:25.251957+00:00,33d805928a02eae84dcb31a676a21eae57aa1608eef6ff76533c0d4381710f9f
2025-11-02T13:00:25.387203+00:00,c5e00e2d6a73a22b3233d91a1db8e0aebf13122cbd5046e3e18f43db584cd503
2025-11-02T13:00:25.524007+00:00,21ad9b182fad55b3f36cd5e08703b3ccb03acab25615797194bc00a615cefdf3
2025-11-02T13:00:25.663774+00:00,7faca8e02285a77b1fa1cb680d493eaf65869e08f80f400b6b00241710e7acec
2025-11-02T13:00:25.797599+00:00,04d1a18636cd63e74c876cd829bd795816c6b778016e4c71d273efe95dd5a06b
2025-11-02T13:00:25.931788+00:00,06e2c9011207d713c2f7819ba0db90a8e0cd59d53e1d054345a9a63e0ab52f82
2025-11-02T13:00:26.066425+00:00,cf0a589f54e16f574aedca192a2dd4593358c3882fffa74bc3f521ed514113e7
2025-11-02T13:00:26.201026+00:00,084d0d6eed2cc86311c4af5869dce73812fd33c8b4bb219903bed4dab3f181df
2025-11-02T13:00:26.334244+00:00,b0b61a1993673be330168d517048f8fa5074558b7a5cd8273e62e6e58f873e81
2025-11-02T13:00:26.468862+00:00,05c25cced29f3b96deb705588f9b4100339f3a028a4d3aac50d7e402321cf3b8
2025-11-02T13:00:26.603532+00:00,c91f733f42dd79916b957aa77535d107c9cb5398f8be170c0669623fa988b830
2025-11-02T13:00:26.740939+00:00,1e226686fd8c108d2b4d4acb03e2e4935657ec92040f6fa8d06f5884a8f7d8e3
2025-11-02T13:00:26.878193+00:00,927cd75bf409e0b830afce15b1c1033b58d0a51babb59f94d73d2aaa78072624
2025-11-02T13:00:27.009223+00:00,6342e1ab786c45f6939030de81dd79ed255198349c6e01ddbfd1271677835720
2025-11-02T13:00:27.146609+00:00,f17383f81a3f19116a42eee546a9e711efa839bb7ca32e1ba59f71ec2bc74011
2025-11-02T13:00:27.281683+00:00,ba38a7a90e3597f1b8a43c6cdf99817756d47ba52285d068b8df4fe6c4d65e23
2025-11-02T13:00:27.424356+00:00,3cc6c2afff527855dd5c53d24d364a349c6dc1f2054ba72b154e4063b43ff527
2025-11-02T13:00:27.590865+00:00,5ea77ee3eb8fea8f52dfafceee66140808e29d0b4514ec3b8355fac4fb62c518
2025-11-02T13:00:27.734890+00:00,e1321b3762b77abf01d143b3ac480835b8d9b12f78b4e4497561f23e0fe35f5d
2025-11-02T13:00:27.867834+00:00,a21325ed55d721bb119229b205520b3ad8083babb6e38052b4267c3f7b678ffd
2025-11-02T13:00:27.999679+00:00,c00c40e5365bba810ef557e0cd8275f35473f50f3cc2c8db5efcc035bf2ece47
2025-11-02T13:00:28.142893+00:00,b1e7b7888034ccdbd52a11cf06ae36a158c004f3f506816b51e306c1500ffd27
2025-11-02T13:00:28.273100+00:00,71ff861b3681711cd09c9d831d2f2c59f76b7ce2786cc87625f9b254fe59fd81
2025-11-02T13:00:28.408455+00:00,1078fafdc45d7e898f879ffc544011d2dce5e694941dbf8197970110376862e4
2025-11-02T13:00:28.763116+00:00,def11098949b85299a802faa366e384e7a251d684d191d00764a35a6724b5132
2025-11-02T13:00:28.897950+00:00,51b0a19f916db1e1b00abc9be526516c1bd388a0f0b53ccbe91a0827b3cdc3ee
2025-11-02T13:00:29.028831+00:00,c626a6ca75bd06cd40f9d8ccee0c4cf362b94631e066da827b8f70c00790ddb5
2025-11-02T13:00:29.160219+00:00,1279133d1271d683dab876fbc80596d468440c92e9df7a60d29a71fc4288bb56
2025-11-02T13:00:29.296590+00:00,f3b4696a44d33957dc123e83b0c80dbdefb21a838d00706acf40300b36653df5
2025-11-02T13:00:29.428961+00:00,09f865094994d082a6c5d589454b05e4fda6a1f147e8c8425dffcb71d3fafa11
2025-11-02T13:00:29.569394+00:00,0eea7fb8d89be6222e418634068e0a8b7defb05d9670c45d71c353ee74ca6451
2025-11-02T13:00:29.704289+00:00,8ade8c16e64fc402d48100e402df7ca758b8d016f13b9931090cfec40e1c7229
2025-11-02T13:00:29.913198+00:00,916eff2a8a9ed05090f25161291e1386f2e3d513403f31dd26b84fc8e4438fe4
2025-11-02T13:00:30.052319+00:00,560526f63f60e80acbdb02f1a874cceec77e0b40f8d63d446e8097227ded8720
2025-11-02T13:00:30.190780+00:00,9628f9c23e9f78bdaccb58ac0d16dc9ebe726b0622384d4679836665664159ca
2025-11-02T13:00:30.323505+00:00,aa7020e7b5b97073992895dbb943185ab735fa5f71f0ae16ba2f86be19c3a476
2025-11-02T13:00:30.462591+00:00,ec55cd1f7215d67e3f52304abe0a0d38664a292a840d6aa9721b80e503f23328
2025-11-02T13:00:30.605154+00:00,39036c394b7731e4466b4c63b0e0bb4884159a1a5bdf3ceb716e27eb072536da
2025-11-02T13:00:30.738380+00:00,0bc2a3c66d9810bc1f7c0fc43ce150d35f04e720b525467ee74f9f6947709d3d
2025-11-02T13:00:30.867286+00:00,3dc26c841bd9c71803dfaada01bd3c6cf486194b0cf6513ee7adf1d7ac7adaa3
2025-11-02T13:00:31.000611+00:00,9141d30323b84b729debf8c222334fc299af2ef82545474f58a4d1452eb6804d
2025-11-02T13:00:31.130213+00:00,d299fcf2f221be27482eea2201a046395c8771288a139c6c95754fcc8236ef52
2025-11-02T13:00:31.258620+00:00,6a12f6aa1c20d9df1fe74917a8acf2bd3bfe84be8032f3921f1b45dfcf321394
2025-11-02T13:00:31.390343+00:00,340763a0897bfb71b0e17fb375e201eac0d336cc5c2d612491242f17bc6b4c09
2025-11-02T13:00:31.522487+00:00,9338d294577e0fd0a4af52682e4a078c1a7164b7a4102d77b6660cc6ade79599
2025-11-02T13:00:31.655741+00:00,4708c405d65eb22c41f25c9c8757c493cdd4769e6beefa46a2fc089653d87acb
2025-11-02T13:00:31.788589+00:00,1a87b007134a172ff93a080aa797def7d075ffdc0a2f46978f53c3c5d0ab1f0a
2025-11-02T13:00:31.918100+00:00,a6b0e4c95c4ad9f998c20fd6937fb3a48db872b313278aa8ca3a5619368c65fe
2025-11-02T13:00:32.046667+00:00,695ee5eeebb6440be7a93c377ba80472bba1c953311b9b3c5f430eabd1be5be1
2025-11-02T13:00:32.182751+00:00,dbcec30d3f9a21fb2a74de28489f511081e02d519f32300b24899f87587cdd1f
2025-11-02T13:00:32.316432+00:00,3c3e260010d7c9e4624e117181bbb8cc9d4b9bd971df9d2bd15e4cae07648840
2025-11-02T13:00:32.443969+00:00,536f4767b987892cae8a37272d6001e62df087cb70f7ca52ec94e86085d45f90
2025-11-02T13:00:32.572746+00:00,22748c4aaa545ae5fd27e2973d6d3f64f48f579acd51aa929b8a7dd8b8a3a01d
2025-11-02T13:00:32.704208+00:00,1705df6056bae78d48e20a740a5be080789efee1ba80bc3d1ae056407a93bdb6
2025-11-02T13:00:32.833798+00:00,a919888927d97115df797714cfc662e12e14411ef8f4d5e5a575f60dccd9577b
2025-11-02T13:00:32.968896+00:00,89283514577ff02a30ce7116e53a6d61bab808de51c9723e842cb8d030fc8588
2025-11-02T13:00:33.105145+00:00,ecdf085692bed8d7277c294576feddcf4545e3779eb4c7cf6a590c77117a28ff
2025-11-02T13:00:33.248453+00:00,84ad075700945a08e11281caf9a55e5b02f0a7cf29ecdf12bbb84e15fc2d59b8
2025-11-02T13:00:33.382061+00:00,4f95bfb64a7e695695277eb6d9f1c3b31961a5920855ad2f71de91e458392e27
2025-11-02T13:00:33.514443+00:00,de148b80f7271834972a55f1d54d083dd3f02f2b9fc5466bd5925f8148a4701a
2025-11-02T13:00:33.648733+00:00,4d057d33e329482fe6821f7524ff146d13283979929f20188b4ea970e7647595
2025-11-02T13:00:33.988968+00:00,5123c82b6f187a7569f2b59c0f59b15793fe704d76b2b7ebdb8f2d2b670ed644
2025-11-02T13:00:34.124298+00:00,cbe405d2bed448878cc5fe24e81b9bff6716e0576cf92c7b62aad289e5dcf95a
2025-11-02T13:00:34.260370+00:00,a571fe2dec4e935d2540ce140b1ea7bad5b5bd450de77ede1ba503df701b693c
2025-11-02T13:00:34.395151+00:00,fabb7fc5a53f086804fc213fd322c4b9e9dc4a0408325b4cbefbceba10489762
2025-11-02T13:00:34.528421+00:00,b04b9c801b1e566323b5900ba82772d287e9a3060b3b3090be8d5d424b28d2f3
2025-11-02T13:00:34.665001+00:00,6cec3462963390ccd12dcdfe0aaa92ed9bb36008714c929597d6faab1acd3d3f
2025-11-02T13:00:34.811185+00:00,f4670dba7ed9245e4b426b522f3d9c6c4b67e1ee337e508fb2bca92c04173d15
2025-11-02T13:00:34.948293+00:00,c3f68b17726de6ff205872219f0fbeb344891f3edd75e517315d007f535b9255
2025-11-02T13:00:35.082468+00:00,d2fea5ee0397bfa3b51378c08367a43c75cda9ae217896aea5f6e37ed7674961
2025-11-02T13:00:35.220531+00:00,a852ff969699a36f14452f22cf1a14c41991948113a80200f123378c17e9783d
2025-11-02T13:00:35.356774+00:00,7b42a81427df30e91d1a019c86330eee07f73f3ad65993835f0feec1d5b74b11
2025-11-02T13:00:35.488471+00:00,7eb12f4106bec609b4edecd72f124ae580eb29803526352967bd3c4026e893ad
2025-11-02T13:00:35.620695+00:00,a18f1bf4a24777eed99f93cca19e788d3ac877f86b9264e6fbe6083e30182801
2025-11-02T13:00:35.754989+00:00,7e3d70cfad07200b1e24827fb1c7a6972b1a3039ea8916bca3ba88bf4301e236
2025-11-02T13:00:35.889029+00:00,94bc18056e3724e651af65894ebf28cb467afb0627edde441c0518516399ad3e
2025-11-02T13:00:36.023617+00:00,208848bb705d018f17b8866c7c1db96e1d38722edf2ecc4ad2e79678e8dc3707
2025-11-02T13:00:36.163075+00:00,f7843a99f6ae22dcf785c8c699d524f41a87297137bb8e388967b48dfc38ffd7
2025-11-02T13:00:36.300286+00:00,f84e87043a09d8f36e4824e8c67f5076adca654b85f8b3b35fce89ac18ca9af6
2025-11-02T13:00:36.431264+00:00,e6517718e0569c7c73ee875a199b72f30b375007a1130725ccbbc38d696f2b34
2025-11-02T13:00:36.572250+00:00,54d13873458793d893aa3a23526bff263c9697d6abf2523a9859bf7e2a0b9fbb
2025-11-02T13:00:36.705949+00:00,2cfbb5c413e4ad9fe3c249f979d81c4834f28b1b213efa263e63fdfeb100c2cb
2025-11-02T13:00:36.840738+00:00,ef8342bd901bad28a5980c9747bab7a181d58dd1c8d91b5a42d4904eac4749fa
2025-11-02T13:00:37.006016+00:00,6b8dc07b961e6cdec4594ed921d1c8686adfc88d63fa65162cb4074c4b166c44
2025-11-02T13:00:37.148877+00:00,30e83d047fecfc3f81e209128808dcf7eac8d3e08d94fc97b7e1e026d43d0d95
2025-11-02T13:00:37.282491+00:00,27a6c0fdbae0b0ec97cd3b477f568bf292239c5f474b5620cf48879f294cb842
2025-11-02T13:00:37.425741+00:00,c714cf7feb9ac49e7990e1c2ae6184b25dd1e395885d78587310b82c6d5d0072
2025-11-02T13:00:37.602353+00:00,8e7b7929da2cf624899b92a9f3868beeb3865dc216db15272a9385ac39a0004c
2025-11-02T13:00:37.769337+00:00,df9a0354b4320348f1080b9ab09f03699f928ae5eed118cadfe655a4cca0e74c
2025-11-02T13:00:37.900984+00:00,dc0adf2e911054cef9bbea2dde11e467aa02ad6adf2a8d358401efaf08fc180d
2025-11-02T13:00:38.047779+00:00,d852fc13d2d9c45091af0eb280ae49d3a760e6e7b10fb3f93a82f5419e494232
2025-11-02T13:00:38.185049+00:00,250f38f811d4f45a84bfa91314bfa4aeb78ecd1b98415bafa906e20672fc593b
2025-11-02T13:00:38.317603+00:00,b59fbbc6019dbdc936a7fcb6d6ea55f2360e1fd3a30a6aed2352d5ab9ebe0293
2025-11-02T13:00:38.467263+00:00,b9a74dd0635775e405b497bcc1a1042be950ae6c04756f44c4aa43214d13083f
2025-11-02T13:00:38.599672+00:00,9e6fe6bb9e599a6946d7e8f9eba274fcb5d85d5e3108a2d0dcd384637357af11
2025-11-02T13:00:38.740119+00:00,78be2c42911e237bfa2fc37308168f780d3e67a3888a458a6b1448945f5fdf70
2025-11-02T13:00:38.874342+00:00,6bb9ccf169e451f2e111193210eac4e382f9eecfa7f9c3e4019d030ad16a3e3e
2025-11-02T13:00:39.013375+00:00,6b691580c514acc01fcd70498c53eccd3f26983cbcf262380a676dba3359e2d5
2025-11-02T13:00:39.155635+00:00,a10b6e0a46a0423da99b4b7ab7877d7783885183e34bbaef258d608321cb5d91
2025-11-02T13:00:39.291459+00:00,22ecff5f44f5e278debc4d910126902f4de3aa95315b1a0c5bf372b2e8f05874
2025-11-02T13:00:39.425009+00:00,1182b33c60b68b027305822613f857965e27c88af842f1f3dbd09474f753dacc
2025-11-02T13:00:39.558241+00:00,656deed04f5860aa83624c2c81a4ed08fd6e6f405679f03fa56c5f044e8181b2
2025-11-02T13:00:39.690284+00:00,74ae0670307913c1ce6b2121087df26af52157f3350e11d74e1c6244973f214b
2025-11-02T13:00:39.903782+00:00,e104bc9e74e7774cd0f0ee4272146ce71ece3ffaf42caeeceb570a093771aee5
2025-11-02T13:00:40.038945+00:00,81e0d3b2eb349f50ad2ada0e3e57db12c60202537855e77b5f0cc92c7f4cb2a0
2025-11-02T13:00:40.173765+00:00,db5f0c7c746cb88192b47694f6751763c148d2deec342d4cde38d8e366bd9fca
2025-11-02T13:00:40.305712+00:00,c327a6a2c86af53c0bcdbafe9830050483eafd731a8d758c81dac92091d14986
2025-11-02T13:00:40.441890+00:00,67b81c99a0e1780841c1abc313af0c38f5e26e0fee21794a6497c905825914d3
2025-11-02T13:00:40.591151+00:00,6b44d30dfe40061cfe91e9e30a25832a5b021d5f29dbc6759c5a9d8262332e4f
2025-11-02T13:00:40.739367+00:00,613b15b7b51429f1e404293b8e90db549e4ac917068cb7a9d0b2719b21c502da
2025-11-02T13:00:40.879118+00:00,30c6278d68569c85db2bcb9c0340b469da37c5e67dee81dcd38602de669175fc
2025-11-02T13:00:41.014563+00:00,ec74c8323fd7fd9df0eecf5a8598931690f739bc22d63b5558b6de787b800ea9
2025-11-02T13:00:41.148520+00:00,e159e79005ead10a0ff7e5f0dca964a8d84cf5b3b085a012c25560b67b04a972
2025-11-02T13:00:41.281282+00:00,e36cd665651b205d8cc86f90c0e2d81abab886830fc33ea212d17c93b53d590d
2025-11-02T13:00:41.419276+00:00,66ffcc2463e3f761dc349d36de18398e1f1d5aace995b9ebc779e7b8e59da95e
2025-11-02T13:00:41.551467+00:00,b33aa1c1d557cca7d3e7970f2b0bbecb41b66bff59803e9d5de38535002db28d
2025-11-02T13:00:41.688905+00:00,d64db4c37df5a6df46fe71e2eaafd90b93872159ab842b01379ef2f927c5aee1
2025-11-02T13:00:41.824345+00:00,7c9556a4a7e18fd305fe571767590121d735aebfafd57ed9de1001bae1ef20b3
2025-11-02T13:00:41.960405+00:00,edd232127891f8dd16ccdb9f1b5f7936842ceb90537ee842cfa4b9e34894a52a
2025-11-02T13:00:42.096919+00:00,b83ddd1b6a1e42862925b79ff9038e613a0ded140baaf8a8ac51492d20253737
2025-11-02T13:00:42.238370+00:00,d3b1c5b35769d955b7aead9958f1e6ac90635399f0c984769e2e3a2f406d3663
2025-11-02T13:00:42.370974+00:00,e9c76819bb93efbad99ae7995557b25ba81f23cb72f7510075cd2cb19fbe8c7e
2025-11-02T13:00:42.504813+00:00,da627e9cf67bfbc2a92377cbc29df4d855f51b77df1b7a933d5c146ea55a3816
2025-11-02T13:00:42.643003+00:00,c5f2c9d701b4f27889cdf946c938cff34a985049ddef77de792d88c540271ded
2025-11-02T13:00:42.776793+00:00,af07fd50f804b43831480f0e2aa894e5c69a434924c00b9d9aac7b312bc25a78
2025-11-02T13:00:42.908275+00:00,880627bfa08a00887c436a8d4cb5e07858800b1a0c733fbf67225eeb4eecd0be
2025-11-02T13:00:43.046172+00:00,63499daa65c587c0b092c397c44646dedc5200a98a39f9676176ac134fd0343a
2025-11-02T13:00:43.186435+00:00,17e29f6253d99d5cee08e608e86b518160aa2cbb8f1019a402878050c6798fb2
2025-11-02T13:00:43.319693+00:00,d9ead4dd50271ff75ccfa8c2b8c8be24ea6295c3f4d285a4cf5f1462cbc96252
2025-11-02T13:00:43.454777+00:00,d2383462fb0fe7887bd0082e461362ce319f2d08e14902f0b3acdc005a4cec28
2025-11-02T13:00:43.590387+00:00,fc5b1efac9a574ab62e2d2106b0efd0cb3beb55f40a9f5602505638155b05f47
2025-11-02T13:00:43.726210+00:00,ce2eaaec8d70cdcd889c8235f361a19d38cd7b2f74d9111a3fa4b0bb60eadb2b
2025-11-02T13:00:43.857707+00:00,4111ee87ace54959708d00df2953c5689ebd14f9ed3c40555fb43bd977a31bda
2025-11-02T13:00:43.988828+00:00,9e7a8b546a776e2d987680666fd188c68d3f705e3a0a0e1107e60bb8b8c705f5
2025-11-02T13:00:44.447017+00:00,94057b28bee5ea537d9a503215504cf55e6b12a2ef9685d2f3bd096d2ad3189c
2025-11-02T13:00:44.778091+00:00,dafbd7b52794ea8078b3f1eb48d3ed47e0b54c4bbb8064210ec959d132503a73
2025-11-02T13:00:44.920921+00:00,a86ce4c4f836552ed7d5129a7cac54656faec642c4c8413d248e62fa3ad952e8
2025-11-02T13:00:45.056092+00:00,12c501459aa9d1411f8fdbbdf6d89a2a67b86108291af87c16cf5cf867c71f66
2025-11-02T13:00:45.189682+00:00,20d0a50d9bd3b47753d1e02b9c7a6d5a53740da479adf46e4573e8798924c41b
2025-11-02T13:00:45.323665+00:00,2b038c268322aa05db18832a0934e6abb8f70717b7ae553602f4b6114c41891d
2025-11-02T13:00:45.459169+00:00,38c00ad6484c707864fd764ed99b9968095e8f9cf3e349fc9bee5c1ead22f147
2025-11-02T13:00:45.591691+00:00,9f2e47ae7fac9b5a988b9598f36cfbf8595b491998d7d230fefd0053d56ee0a0
2025-11-02T13:00:45.733234+00:00,ad8084010ed40da031e9e7e110c0d4b362f56cbe76f293187fc8fa425ce79607
2025-11-02T13:00:45.865536+00:00,c02c05d04dbbc60c2fb2156464065bb5766f2f407be4d110b291fbd7e4cecea1
2025-11-02T13:00:46.008064+00:00,03a1760e5623ae283d4100ebcd9045c3fd03de7274a2475754f4f8ff3fb2053e
2025-11-02T13:00:46.141774+00:00,d7bc5a436a5d28bcddeaeeef7e93557df437de8c2c5d9a987a0228b0408855a1
2025-11-02T13:00:46.271170+00:00,5ed7b4dbdd387eda4893819c759490bfe4c7fbb2557c2a4831c1b6e900f7c133
2025-11-02T13:00:46.404573+00:00,03c4de16a12accd4a1c1902b056ed3103ce6a5511b5347beedc53be65c839dd2
2025-11-02T13:00:46.538058+00:00,f56ad0b7541107633635ffc0e2e9da3c64ea6991539c20b5ffa18f0730b5be32
2025-11-02T13:00:46.672401+00:00,02d707aac626f4ea98219489e694c9ef4b3e42cd66997e8140125280f1b2cda7
2025-11-02T13:00:46.808899+00:00,755b5b851ab86238745a7c09a167b7e47361fb20c6471d46e0c1ba6f3c7228d8
2025-11-02T13:00:46.944345+00:00,3d113e7e0f284400ccbcf407ee09758b270140cf9f66e74534d5521cef227895
2025-11-02T13:00:47.076618+00:00,d9050053c488517c2150684860f47f57fd74f6bff6f47d82fd464f299afb2acf
2025-11-02T13:00:47.210938+00:00,043a32cc559433d8336faeb504164111856243fd0cc3f5640e6b579188e34f70
2025-11-02T13:00:47.344290+00:00,1356ce09aa2ebc7650cbf039483e50364018a31482097b24d149a5fa9e03c076
2025-11-02T13:00:47.518789+00:00,11b47dbe8116692d1c00e5fb09699e05a54a94ece854d021a11c0484d5343838
2025-11-02T13:00:47.660436+00:00,147fb6b824b65af59513b8e5bdd7c60a3154c58bbc5b9bd25610e27dcb6e01f0
2025-11-02T13:00:47.793890+00:00,cc8da5659e26a4f7255b3d1a3ff9554fe0ce6cf52cafe224dc27ca9a6bfe34b0
2025-11-02T13:00:47.927901+00:00,3e201799a2d692a2690984573f47d37f48386afdc86401d0a229f47e398ab798
2025-11-02T13:00:48.061209+00:00,670db70491af88edd7bf98dc08a2c7e92bd518804afd84a9786e1fa731e193e7
2025-11-02T13:00:48.205848+00:00,55a6899703dc0d7babaae40e6fc75df6d4435f564c2deee914cd5c2db81d7456
2025-11-02T13:00:48.341621+00:00,fef0368e6083007f7e9bdb1e3410ac7fab7b8629d814dd6d26b7c41c4efe7e1a
2025-11-02T13:00:48.474121+00:00,a51c85bf843fbac01b3307e4ea7bef38a32b965afb6517a8b56da0b247917ea1
2025-11-02T13:00:48.613115+00:00,5535000c11c1ea15475d7ccb7ccc0363a5aef0e288ae5b536035abd798f4e2f1
2025-11-02T13:00:48.782756+00:00,112a44938b5040d2dd44f71484a9abe4577a43e2c36a9e73b6b4f0bf65f05d5a
2025-11-02T13:00:48.914021+00:00,5c8adffa3a1824da65925e4ef4d67ee2575b29049cc9c5ac32bc57ba04ab3d6b
2025-11-02T13:00:49.048625+00:00,5c98f90fd7de21374acebf886336cfa92178168998435d06a3fdffc5941e91d5
2025-11-02T13:00:49.185104+00:00,74c5b5748de00de12664bc7a1189bda30a0b485ec5a95f0f9e807aa538ebc020
2025-11-02T13:00:49.319326+00:00,0cd1e12cd19d31b8d4dcee4637001834e86892355eae01516ab5047e6adf203d
2025-11-02T13:00:49.665057+00:00,6abc9992743f94608393b7fd48cf368f144a6bb89b66061dd90f979c73fd42df
2025-11-02T13:00:49.805359+00:00,43509a2fbe05c7cd4fe7aa49718c9fe93ec85fca956e8aed4ee8245a34f5d6c4
2025-11-02T13:00:49.941540+00:00,ead9dca0a7adfb7891a2e6be0c991f0c67e263e043979230ff64c62380a981f6
2025-11-02T13:00:50.082521+00:00,a1b78aea74df87c9224a2c66854f06ac97e0efefff7f96b563cfc64cb511d721
2025-11-02T13:00:50.230802+00:00,34cc7374d33df345159c3cf8e0081fa3e232ca49f88a07b897ab807bc9551af0
2025-11-02T13:00:50.368925+00:00,7766d0f6c2b3955ab0ce8628091842ccf6e8b127e660dcd8be4b573f34df0b16
2025-11-02T13:00:50.516181+00:00,0e6db37f8c2e140a8e009c4f1dc19106f22b8e2405cfa4df186c6c081a3fbbc6
2025-11-02T13:00:50.704296+00:00,606e7e24624c6b73e8e98dda76b767c651c1f0a88ff296096c8afdb3572c923c
2025-11-02T13:00:50.839260+00:00,7e101b156cd12602111f3bc14960623856fc7af93a0dd7f7c03569e67513125b
2025-11-02T13:00:50.994213+00:00,79dcbc3fb071a94acd508f105f001c1cbdad3939d996030d17f8a039bc9f6c26
2025-11-02T13:00:51.130830+00:00,9ff1a169a52f84b77751d89a82ba582d3050d464f5869cbae20afca8553507ea
2025-11-02T13:00:51.271030+00:00,f1db6f500bfde14f8bac75ee846fcaf2520e6cb5bb62ab979151fc697fa3c7ba
2025-11-02T13:00:51.413070+00:00,e19fc806f316dae6306e9ed27f5518bfe8252c382980f90ffb799074626a10f2
2025-11-02T13:00:51.556653+00:00,792421c8bcf300aa2b2aaac340f13149f410db48bf6506b709e4a0d4cc29cebb
2025-11-02T13:00:51.696074+00:00,057bb871e2c6ccb835dd3a3075b87757ff90298f2371ce317d66529490bf21ba
2025-11-02T13:00:51.837077+00:00,3db8ca5ecbc2fcd921fbf5ae58acbc72aa0fc378b78883831737963d723992fb
2025-11-02T13:00:51.977096+00:00,c547001e18a3e22e767906d11a1293b8341a73a373247079e23cefc8aaaf30c9
2025-11-02T13:00:52.114195+00:00,50795fd98c3a0dede5f673f0cdc136497541e674267d78c535d3af8d85f86e6b
2025-11-02T13:00:52.251118+00:00,1c1d2df5686346744488030630e6db416d22d10b8d6e3083f9f4c19dda1c0c30
2025-11-02T13:00:52.387007+00:00,a7359df6f165e8845af0c6f24b4d967e6b08a67fdc9dc1ec2cf726eee11b2f64
2025-11-02T13:00:52.527056+00:00,40fe7b6a423e14b3ddfdc8feaf3460fbaace5a76052caad58028b34f8adb3582
2025-11-02T13:00:52.664474+00:00,c0cf3f413afb3d390c75edf536a320b9cf94d160a6a7fdd3c65368b84be931a2
2025-11-02T13:00:52.806729+00:00,9028997a00a0ca6332a363455d8ad8f4c7cae1032caabf3ddeaf45c4702545b6
2025-11-02T13:00:52.944752+00:00,5b57fad52b9512f61f0654ce59937070c5b7e76eb8d029fe1087e90ae25e9258
2025-11-02T13:00:53.080965+00:00,880b75333318b4da32907cde11daa007ab049f2d3b4c5e0cc57fea30d6fb0c68
2025-11-02T13:00:53.219902+00:00,f996919011e0b73b4b5f1ed2e904a7d0935ede0e2e54f0f7081ab5421fcaad30
2025-11-02T13:00:53.364811+00:00,e3a609edf80ef8e215de278cd0759986f781cb2de4f88a716aa560ccf6394fbd
2025-11-02T13:00:53.507393+00:00,1fd7208c942514a72273506dc2b6d4d63ce642b416cda71269a6f87579318d01
2025-11-02T13:00:53.647498+00:00,0953709613a95e1ee18fd9593641a0b90ff097ed8c0a15420ff81d98efa9e4fb
2025-11-02T13:00:53.794813+00:00,9793d5cf1e2553a6a55fb777397ab8067bd06e1bbc216620b62c6ce7911b53c8
2025-11-02T13:00:53.933342+00:00,c232d44345adba5d7cd16f48b62b1993a79ab11ad89072280291a06d207b57e6
2025-11-02T13:00:54.074341+00:00,da3ee4a3a8b59e33fd2802c060aec30cb7893e090010015f1abf71d3c16d103a
2025-11-02T13:00:54.217406+00:00,5cb581b1a9a0973da340d20b09ad8a0cc4ad08d47e69cdd6ca89a2a4ad7de4af
2025-11-02T13:00:54.359010+00:00,50b8ee6ed6a56db51ca0787149390d46c654e208097d06ef0a0350efab3df750
2025-11-02T13:00:54.503692+00:00,7784e3dd7272042aaf9ad011a23bade926b81434970e183d212323fc30865996
2025-11-02T13:00:54.646596+00:00,8f9d652fb6657cd42492ff1e1f87d7c4bc98a82ed2598d83a3c2da72d2e9f25c
2025-11-02T13:00:54.785420+00:00,4627a2fc1370e813c2ea581017844b73ec01a83cf887afab2ba1c40a50b2bc2d
2025-11-02T13:00:54.919235+00:00,5022d25bf44417ad9aca87cd010185dbd52cd914eeae55185a2bd359172b3c60
2025-11-02T13:00:55.054301+00:00,d24377aab92b7593bd8447d89f332c74ff906161ec5e1cfbcc9e2b7fdf516b48
2025-11-02T13:00:55.190736+00:00,69a5d5a81802b4532e21dbb966fed3020b7f36274b3e991bd1dc9b4ea8020c28
2025-11-02T13:00:55.328563+00:00,fe1934d03e225071432e423528d92a24d868d0feb47132593d2576af2c5fa27a
2025-11-02T13:00:55.467729+00:00,168bd7c8d90d266facc8e732b385b396a85f65b531586f4381f425c7f3d59639
2025-11-02T13:00:55.604107+00:00,4492c0f3bc5cfa480e0df3999e300381a8ac8dafa9e2355e3dcbadb562b7d060
2025-11-02T13:00:55.739623+00:00,907a3e2fd4165b092746c12f00c4e49296f60562f24b61f13aab5d76da793d46
2025-11-02T13:00:55.877201+00:00,e63ab8c9f2aea41fd634f0714e346c65b52742a733fc8d70cba3229bcc60eafb
2025-11-02T13:00:56.018561+00:00,1a752c7e7b26c7637fadacc831c8fd4159763c72b7d5bb3fcbc78cd1bfc2bab9
2025-11-02T13:00:56.152347+00:00,70cf020ff345cf8eb8a4ddaf2b2684743c8603de78662bdc1a900976ba4d984d
2025-11-02T13:00:56.287868+00:00,0dd038d6a9e7a18ad71ff8766fc05a220129583bf7730bc9a186fcd858f32460
2025-11-02T13:00:56.433485+00:00,30d9a35cc36e0da2b45e433ff98518f78bd83b7a6b2ecec728d9d4da2cb306f8
2025-11-02T13:00:56.571709+00:00,1f0f989ddb081205a165b572aa52a0c46a692b01bb988e8b521dc4847bab0d5b
2025-11-02T13:00:56.707617+00:00,53f912d97041f394dde3e6fcc77ad82db315d56255ace30f86ff165510825dbc
2025-11-02T13:00:56.848955+00:00,e74b6ba0f904df564e49ae482b845eb367ef5e2c512488275dcacb8da80291ea
2025-11-02T13:00:56.987791+00:00,e2804d3f0ab459a79f21e34442fc552a9377069173b9cf4023b7d86ed41cb7c7
2025-11-02T13:00:57.125488+00:00,9b86d0999bfd48ded0c4c2bd117c08c9c545ced088cef82f5ab5916fb88e8363
2025-11-02T13:00:57.263196+00:00,c653222c6c3e6f5f24a8b8d257e34360755dbf344c8c8309b0d650e096fa27e0
2025-11-02T13:00:57.402816+00:00,46372ce3b4741e1e6680b32a40f87ac10d83814a1738e33e069c249a7d675239
2025-11-02T13:00:57.549770+00:00,83142fbfec2ceba4ba3e09fd3e6bbfbf802843446bd43f69cd62b5c2672e0dfd
2025-11-02T13:00:57.711675+00:00,07384b286dfbbf54695ee4d836bf7ee4ad789e617af61c04e3b3c0c0976e6484
2025-11-02T13:00:57.852417+00:00,c586bd9400c2bf82dba24e95aba0632e385d67db264c3623d617d51414656121
2025-11-02T13:00:57.987718+00:00,6648bef2694b34a87d210ee5285b1c552eb87e5a72e6e54deffc91a4f93f906b
2025-11-02T13:00:58.126871+00:00,21998de14a1a5cf3ec3dddad02028b5c20a5e08ca591f8409b24073441fcdfb6
2025-11-02T13:00:58.264584+00:00,c2797931c23e1d4b5b99e7e127c764166a880ec57e4586fa9633d3db73e796ff
2025-11-02T13:00:58.402752+00:00,1ad3d8ace3245ee6b5e67d09cc9fd67c7b6cec6768ff7166016626e91c82c4c3
2025-11-02T13:00:58.543461+00:00,2b7e0a7a09af3ec5973f658ca8698f224e74722500c6a0d6ebb48eda5a802637
2025-11-02T13:00:58.687205+00:00,a69d0b93112e94a80bce3a2dcb2aba99176f51c919953a0a3e0a708aac8173f0
2025-11-02T13:00:58.824797+00:00,6d4f7bbab1f63690d5ecd355c290b46bb060d5f097cb9bc7be7d11896a81bb71
2025-11-02T13:00:58.964880+00:00,425676b550c7397b26f9fef806b1d8d17b8bd06805b962a16a4b9b172e46d3f8
2025-11-02T13:00:59.106160+00:00,0b3fb4111e434805df5339c41d943e224e2fb861f4f87d2fde5566fea12025b1
2025-11-02T13:00:59.248698+00:00,09cff91a092a0f1e53068b24ad8bb913af3c2311fea00de6e6329f4e15827689
2025-11-02T13:00:59.392591+00:00,015fdf53ed07f75af4913bb06b0e132cc790edf10a18b77abb20550937cd83b5
2025-11-02T13:00:59.530445+00:00,4cdfd593a15eb0687e27b24b4b38a341f53049997c1e27d31e054cf07c8a1162
2025-11-02T13:00:59.668508+00:00,ac2743eff09022fd4420b3e39a327c94122c909bdacd8517ecb672a2813cf2ff
2025-11-02T13:00:59.817916+00:00,3af9d0e09954e2298e0e7b44f8b9a18613690c77d39624d32040fa3b102295f5
2025-11-02T13:00:59.953695+00:00,503601beea01e7edeecc008d123de7ad38cba78443b08ee6e953c8418eb75085
2025-11-02T13:01:00.088924+00:00,1e402b6375129f8ef984a53c50f0f788e8eb9ebf1d9fa109bcf381437da95370
2025-11-02T13:01:00.226215+00:00,fc9460eb19ec843a46c464e8f7e0225949dc54db79510489ffe377bc9221287f
2025-11-02T13:01:00.368301+00:00,042353d60247d842b1508b6e86c6aaf688670b4e3b0d5b57c21a5bec941ed572
2025-11-02T13:01:00.545760+00:00,6ba5d6fc79b7ee31abe223211c4f8bd13895d11b8540fd622370318529f01bdf
2025-11-02T13:01:00.682600+00:00,6db5ef35d2505bf933aaae3ebe6d83bcaa11fdabe0b345fa65ce4491946dff5a
2025-11-02T13:01:00.820066+00:00,36184effe7dc4f185fac97a405a2585e3602b8d235af52361bb8c557b6d0d1bd
2025-11-02T13:01:00.956408+00:00,b5daf4f79c066cb7a607d6e6f6666ea1ca564dbef95e705db8e7ecb18e8c7a43
2025-11-02T13:01:01.099766+00:00,b093877fd5f2217367a41ad7a10bed0527f87373bee3d40c12ac4458ad94985f
2025-11-02T13:01:01.236339+00:00,6da2bc7ef03decc3f0987265f1b339a27c226c9c6866fd16a6705b1aff60c2b3
2025-11-02T13:01:01.376408+00:00,85c91d2b243e661e9784197ad59a456f1bff591bdab36dac1ceeb05320f0a908
2025-11-02T13:01:01.521632+00:00,329c2899c7bf398e057a19c3273e12bea0233589e0c40b0646e5777a48659254
2025-11-02T13:01:01.656533+00:00,818f0b3fc4e0dbe6a94f31f73b7021fd24bdab04d340f813d5786800d5302a0c
2025-11-02T13:01:01.793720+00:00,bf4544330c4629f845adf7def59409beac36de8f4f4fed14061ffdc6de896a08
2025-11-02T13:01:01.930312+00:00,a7aee83662263001f717aa01e7f9653504c2f2257210fdfbaded0cb72df5d6db
2025-11-02T13:01:02.066671+00:00,6ea66378acf3e15a44c137ca7025321e1319e255cb02c4085b33f5bf03637125
2025-11-02T13:01:02.203290+00:00,0f70cbd7967b2cf570b16815816e29abee343631a0a000354bb5108a0e3de6db
2025-11-02T13:01:02.342181+00:00,08a18495631e8f9feb3116e21fde256e7de423f2650d5cbd8488bb4c112d16e7
2025-11-02T13:01:02.478376+00:00,e0fe4da34f6d4b570f1b800bd65cc9f62864879b90283afa325ad7696b8a0e7c
2025-11-02T13:01:02.609085+00:00,bf4305d5aab096cd26e4fd7b714d63998f8a726d8d6ce843d71f10f21627f487
2025-11-02T13:01:02.746659+00:00,662af1ae9e0de265ae6e21920373c417f59076f7522b99b258f8065c5b200754
2025-11-02T13:01:02.881762+00:00,4842d214d5c99c6a876f30877d1c2e71684f9371cfb34549125138b9c5cb8e78
2025-11-02T13:01:03.019537+00:00,54ea896ed7b96545934a2343116cafca9e20b19912278d31a79ff5ac6cabb3bc
2025-11-02T13:01:03.167880+00:00,a7ddd446785468cb4951b36ec58bc2b5157ca97b5bc567f3ffd972437c261fce
2025-11-02T13:01:03.303240+00:00,ae2fe0b0729bbcf6625b0fa6f24b31395b319df356308e2714a6af921f7edb46
2025-11-02T13:01:03.443082+00:00,bc0263a126169be52d51d49eb894932a07da70e1b5edb4a1cef5e60d3ad93c15
2025-11-02T13:01:03.585955+00:00,e8eb796c4fd06669b911f5ffdf9f1119001891bf8c3eefe60eade8ac8b975dd5
2025-11-02T13:01:03.719552+00:00,ad7b0a1a9d4cef933ea08cd1453bbbf5a076f4a8da0ab64aea292a09c59902e2
2025-11-02T13:01:03.859698+00:00,a08948a302a6a247622bdf6652abd6a2903c36365dd230d5ac7e0f9cb1868bf9
2025-11-02T13:01:03.996099+00:00,962a0108f8a8308a85581bce607288e1e0a5b3420725d2dfdffeb32961ab466f
2025-11-02T13:01:04.131467+00:00,7b335dad5bbb71c90f0cb3ae09f37325469844a68f23c0f01fa435a3672f837e
2025-11-02T13:01:04.265422+00:00,90301e7b39974704def3084b0674e550f3404bc6948e72bf0fa419cb36ac9160
2025-11-02T13:01:04.398909+00:00,c8ec1ed2178a42c4e835610a9204e4af5c3ebc3c6c9ddc209ac54c8544de3ef1
2025-11-02T13:01:04.538152+00:00,369c2cbc76b3b81840f460dcf7d724545607d910f18315957fe96e838112e1cf
2025-11-02T13:01:04.667356+00:00,c0d198bd36ff4e3ec7e2090296ab92a5a4831e1aa39d151c58ba6ec6d2127077
2025-11-02T13:01:04.813939+00:00,85e6b42cd38478a4a05d330eb94ad330891c558d4427fef3b15ae1b576cd9562
2025-11-02T13:01:05.158408+00:00,1f00a76cfe5ad2c0053d5edf0a79f4d9be809e44393d8532371e60ca282c1292
2025-11-02T13:01:05.295113+00:00,d85e026afd0b1cf1a745a0b555f4888f785892ab4417cc80beda2d000927a784
2025-11-02T13:01:05.431394+00:00,9d7751310f511caaa5a08f435190b113c6e82dabd9c059683d983dd3f686080f
2025-11-02T13:01:05.568888+00:00,08209609a46b5c28c94e7e59dc972528854c092e2332aa6ccb3cfd2272e461c2
2025-11-02T13:01:05.703872+00:00,873d5d5ffa174c68ff6a9a5813a720cae8eb5999914af9d189ab2eca837ff1de
2025-11-02T13:01:05.843056+00:00,978683ea99907dd49cf67a57202787a1ed1b2d26dbfb73b53f3d0f4f1c3f7ad9
2025-11-02T13:01:05.980444+00:00,1162503813e2d233475a5d01220e1881e62e1d2c8b221c94fcbd61fe513db532
2025-11-02T13:01:06.117492+00:00,ee9acc0243719765cfd0d7e04b852026450d85aa30a4e6c3a7bdbeafb93918b8
2025-11-02T13:01:06.254554+00:00,ccba5ac0cb181ca0a9edf726d14f3ee6e5972628ab53cc2d2a87955141787e15
2025-11-02T13:01:06.387291+00:00,acfce6b5e7f5db46d0cbba41f9a0b50376af76244fb4f6fdf22220ce450062de
2025-11-02T13:01:06.525627+00:00,453a7b6fb0c73471723671a37387388cf101079bd8aabfb8283d2a22d6bdd5d0
2025-11-02T13:01:06.658072+00:00,e85ea5917cc72601e8d87a0c44ed95805e8b37e69e30bf79b716f346ebfc1b61
2025-11-02T13:01:06.794366+00:00,077a3d34c6cceeff3a893d3ef71064f67999696c655c56b3fbca722628e43543
2025-11-02T13:01:06.934877+00:00,d7743eb61519d3623fe34cd0587f33d12044027fdf502d4f40d0f7e4471a3117
2025-11-02T13:01:07.072665+00:00,faa6bdaca4def7562a7324784e11dd426412a9ba1915bacfa843d0167f3af5f4
2025-11-02T13:01:07.205670+00:00,d812ae955665212000f7c9089eb8eafd99c0a2d95800d3123de2f0aaf4c5d137
2025-11-02T13:01:07.340177+00:00,4a1de652cc81fd2ed39e30b826bbbaf2b43309fd6d2e5b3d2492b216288ab081
2025-11-02T13:01:07.481602+00:00,35a175eb0b38826889ef6604d52689da6619ec3819334e323b68470a3c67bc33
2025-11-02T13:01:07.625694+00:00,d26219b7536ec46ac0f8d9373bfc918551036a4f9f67d05626dd746066e0de16
2025-11-02T13:01:07.785390+00:00,550121f304ebaaaa7c356f4dc07a50e6c37c6b4a91918bf7ca155dfd15ff6bf1
2025-11-02T13:01:07.922926+00:00,9e1ad636f08900746a4d0f37df4f787da849ad340a2d2554f70f8c53b8df6d83
2025-11-02T13:01:08.076096+00:00,ebbdb3f35a2f12d91821debf4796fffb662231a7aabe56d30d19ea762e549fa7
2025-11-02T13:01:08.213021+00:00,b77bdb62dee37bbbbf2ebbdd21902284a75d32f6255c0ad99071805adfdbf4e4
2025-11-02T13:01:08.355156+00:00,0b262664503e1a35765c9c173e7ddfaf19df245d8dab4120aafb403da5204a8f
2025-11-02T13:01:08.497304+00:00,7f866166ff1fc1397781b0f791ef5d9f9b4b74954623eb7fa98b33df48676164
2025-11-02T13:01:08.638803+00:00,7e1dcd2fadb1666731e42fb1049917aa0d50ed9db05190eb25f381859d29f7cf
2025-11-02T13:01:08.772592+00:00,d9a5b42ba1d524032eccb14709c6db914d8337d72b582013bc2b05c4de933fa9
2025-11-02T13:01:08.914974+00:00,a545ae591a7cc24fcaa617eb988c2d85acf147f0ac3e0d9ca5e824fbe6f28ab3
2025-11-02T13:01:09.056194+00:00,74e09d31fe475e339b3e90774164150ba140f7d568297d137c094d8cc521d954
2025-11-02T13:01:09.200367+00:00,84f630615503ef23ec831d6172b28eb0083afce8864df895e2c0e2a5c05c66c1
2025-11-02T13:01:09.333320+00:00,47b653750e743aabcc244806cc4854c147a23dd8e65f3d81f6d7ea5b5ab72c58
2025-11-02T13:01:09.474924+00:00,0305d060d8055b6069d15116e33ed8bdfb4123d3d3ae7ddf1c018e157b7699e2
2025-11-02T13:01:09.616134+00:00,1d6f3db06ea1b81751ed5cc75a6482f372b6a01fcf50408569671978727700d2
2025-11-02T13:01:09.768333+00:00,e2cf3b40fa58c6d9c9e4d0d65542e084e77be4e0d9fa11d36dddedaea8e4287b
2025-11-02T13:01:09.910428+00:00,cadbaa09c7c7046c35cab7c472d73be690fab06f378e4c5431f87fab7e48e984
2025-11-02T13:01:10.043765+00:00,7412b5ec31a00834037d11ca2a98dd01e3ef19dc98a458e7a446dd82acba9bd8
2025-11-02T13:01:10.428919+00:00,da5e1235b6950b56db84190e6765f1402c4b4d4732f1a70b5e364aab0752975e
2025-11-02T13:01:10.621271+00:00,d8d54b80d6a3fc8e56ca9f853c538474f137752c29b4b71d6681695a40004489
2025-11-02T13:01:10.760335+00:00,b46977390ed1d2cfb42774dcb394bd3ae07f5081a8d20a2c028017871d877ce4
2025-11-02T13:01:10.895963+00:00,d084f54003e117a6f17f0d165b9cb96e1685bb3e32bcadf0ecbdcaadcbc55fa8
2025-11-02T13:01:11.038370+00:00,7f247bb1db1fff2ffee77bb431a6cd9f5deecec832734e99f9fa2abe38a71684
2025-11-02T13:01:11.175292+00:00,9104ae8e4d5d04eea5272fb97defbccc6f5ca0e9da38e2a10385b2598867c32b
2025-11-02T13:01:11.315119+00:00,26122672abd0978887b43d2938029977ce09ee0c8b48f9854978c5745dceb786
2025-11-02T13:01:11.454699+00:00,74cd85debdcbe6985ef2634f7db5816900cd1bde7164391c67cee00f0f96c197
2025-11-02T13:01:11.593854+00:00,4939706c258ac95c144c3b576f6adf1c54b74e0c8d327f0076e62ade8add7ad9
2025-11-02T13:01:11.728350+00:00,69df86c734c723ec6198f95834602cbee77a3e15d603c94e413b54146103bae6
2025-11-02T13:01:11.863081+00:00,e24b96f78c651623c6241435287862ed1a52df25bbbd86019c82d3e6d5242af8
2025-11-02T13:01:12.000943+00:00,dc0785cf8f21e8d414d612f1abfc4d29897260602c5046b5aa67bd7ace5d661e
2025-11-02T13:01:12.135315+00:00,8f83435589650cec15c45af06cd287dcc619d83f61c49820a2dd37c2fab812e5
2025-11-02T13:01:12.270482+00:00,237d42c16e4d6ce1bbdac0c4baf9063e0de677317038147884f02cc7438df706
2025-11-02T13:01:12.407872+00:00,213c7b435956a051f98e518e822b9494bbfefabc6025d3c942be1d247e468a5d
2025-11-02T13:01:12.542297+00:00,c574896a2da32a61ce42dcfe7fceb2b1d90b75ff1aa5544adf290ff009b27e9a
2025-11-02T13:01:12.679105+00:00,897322625ee3d07c99005291caa94b44502dec50d40d51346f8fd5304791ec78
2025-11-02T13:01:12.817786+00:00,6853aafaf93f84655243d65bb1325f674953b7914493c35a7ed0a0ac51e18179
2025-11-02T13:01:12.961661+00:00,8b020426abd91d8c7df3d753431d5d244c1c488041c3a74e99455f176401b49b
2025-11-02T13:01:13.101893+00:00,e1b7bfda4c0b5daf587419bd308659a9418a4f6724e94342fbcc7bac4fe4b3c3
2025-11-02T13:01:13.238576+00:00,d4bd6563fbc9b3d368952aee9520898910ad485bf63735085054874e04034a7c
2025-11-02T13:01:13.377402+00:00,85518b045afbcd72a53926fcffde4df93fb2bb8ebef84670ed623c77f9cec537
2025-11-02T13:01:13.517852+00:00,1122289b2386fa95503d700706e13a9d0592fc9cdbac8f073d5788724d002a21
2025-11-02T13:01:13.662761+00:00,46f67fd726b63b03726821cb1c60a9ccdda34af508b79edf25bc963a123b1c29
2025-11-02T13:01:13.805132+00:00,3d2216aaff12e92b3f4688c539c0e436d959d6643d539dfecb733800ca4fc35c
2025-11-02T13:01:13.941436+00:00,4e5563c4f95478a784f1ec6e54ff383996a6149fbd9e6854ef596b5fbf226aa6
2025-11-02T13:01:14.078993+00:00,280774cf5ad7e923df104d843311dabd0adb1800df64dbe7823669b403053531
2025-11-02T13:01:14.218514+00:00,ef18a546e67e42edb31b3b6a829997c2d231bd6f21f19b822678d8d368dcc504
2025-11-02T13:01:14.362769+00:00,c92b8e1a388090015b82406b84ff76c18afed029025206daaf2d0e6604a6c0a7
2025-11-02T13:01:14.500697+00:00,1cb25a5bb0608e07a437c016bbf85ebbdf2c4b599357d0c2bd1fcb27a12b6589
2025-11-02T13:01:14.642625+00:00,3234da767fae097f3ccb397f428d27b60b492f6b625739e3e082baf585c5ff67
2025-11-02T13:01:14.781673+00:00,32b363260a7854b95b221d73b986166bb1dae5a3b4db7a52e060ed706815db65
2025-11-02T13:01:14.920882+00:00,48a2d8358716429dcfd60e8f725ef4035a90975d83872a5ec5ea9fd0ab9a3c7e
2025-11-02T13:01:15.059798+00:00,23ddddfea640907e1b7a2aa99ada02ba9b6f88c9a4e252c507ed06b863cf5be7
2025-11-02T13:01:15.192293+00:00,f99d61f61699370a9b9910b351488a532feb70e0d9779c7c8c28206ec374197e
2025-11-02T13:01:15.330826+00:00,d6fec06bd0b34731469d2df8132e05fae890edcd21fc823e1749f129b374b6d3
2025-11-02T13:01:15.684878+00:00,193cd6f142dcc00b4afe2c4532c14bda37b33b9b806043b1e69b7937bda7dc88
2025-11-02T13:01:15.821054+00:00,36b82ead2f21c2df4a590009857276a3a2ca3a0728fca062897f1a5e93a55d98
2025-11-02T13:01:15.956651+00:00,0f81af1de5f60f9dcc8cf158b973e97fc410e4c5aa3055b10926bd8da2c322d1
2025-11-02T13:01:16.090665+00:00,7afb1dee598672fdf7091975c0b1c20ffeb389aca7bf3ff19ec86e1ae903529a
2025-11-02T13:01:16.220984+00:00,630dcfaa8004e979047ef7fd9fd20639f76562f443a5e185cedebbd698113b6d
2025-11-02T13:01:16.358839+00:00,c6f821e81212ad160460be2c8d5f7b77cedd447696220b11c8491b2f0054d5c8
2025-11-02T13:01:16.496072+00:00,d383d3af47e1119238d775d157e658de9c27c9fa9789396fd6300d9c1615a622
2025-11-02T13:01:16.635342+00:00,cca59b2d6bd02f751a20617e5f3baf16cb7fbcffa7a69aa274191ee197887dfd
2025-11-02T13:01:16.775619+00:00,81de80dd6957cb651a7e192ee784bea3c64c96ca078a75f1ffaa10f16b975729
2025-11-02T13:01:16.913526+00:00,8f0ca24d8078c46a16321fe6e687068882c0753aba29ca043fd7ff30222531bf
2025-11-02T13:01:17.054591+00:00,4f03cece1b2b1b5b362d59e4b033a7c465cf4ffef7cb850ae6ab3aac15c53489
2025-11-02T13:01:17.199035+00:00,223fd04f495a0768410a4a233155b8634b03b8c18b9874d17cb8de309c70a9f4
2025-11-02T13:01:17.337912+00:00,39b13dc4cb381118deda255635e1ad34366456cac90e50035143376887e69fa9
2025-11-02T13:01:17.482559+00:00,72f9d5d04bdb7365cc339c7d356df0add3017b4f40d5d0a9a65b2c3174c046ee
2025-11-02T13:01:17.631582+00:00,75e4aeea50303df08cf01ac458857abbe4c8a59947896e9eb7c9579d2c59ca2d
2025-11-02T13:01:17.776003+00:00,18538861bf6c26c9c7aa2586c7da201c93a0c9f331a39d857ccb996a328e4641
2025-11-02T13:01:17.909738+00:00,2c581bd0f4d308a28963c6755d5df55bdf4d989b35aaaf4da75f50754316ad96
2025-11-02T13:01:18.048648+00:00,2fbaf07ca7eff41f795cc1de595b36ee8ccc09133b7207b0d9a7c6f4e743bd69
2025-11-02T13:01:18.186990+00:00,34f23c488bb02706fe69e717d5da11e9d5b1e618fe73c799345ece36a77eb5a7
2025-11-02T13:01:18.322127+00:00,9089827083b32315314e5e7277613bd79feaec0f2a5bcf8abdeb9a90fbee890d
2025-11-02T13:01:18.460058+00:00,87ed7a53af44474af2d42ac4d15ce076784a0762671e91cd524c85a197692aa4
2025-11-02T13:01:18.601735+00:00,ac882917e61ab5d21725fdbb8e36a1687221103ab2804010bdea9d911bdaaf0a
2025-11-02T13:01:18.746220+00:00,38b7f9e820cf0714f196e57690154a372e44e47a0b5873d2e3091a2fc5e6c4fe
2025-11-02T13:01:18.878192+00:00,0234334e540bd74855915ae9a186cc3e89049ce1255d457924d062e6f4e709be
2025-11-02T13:01:19.023888+00:00,267e14571029579130ecf5693e980fa9cb2d8992db97c139e1aa2df2606ad48f
2025-11-02T13:01:19.163113+00:00,7c2526a703523ee3105ea2bce5eef89280ba6d4b0544c334b645e168c5d3b271
2025-11-02T13:01:19.300041+00:00,0a5d4d09cbd64b71b0fff0f48efb295d42ca08af31102259b2f8e5025c9b1f69
2025-11-02T13:01:19.437433+00:00,6c46550f2de06fadc1192b3573bb1a51c6a521957329f8cd24665b772bf852bc
2025-11-02T13:01:19.580234+00:00,fe0ebbe906bb1177855e1538aef281595019317cd0c9ca9997ab353ce4154fbe
2025-11-02T13:01:19.718961+00:00,aaaae432ff53fef23286588ae67c0d89953c0df61df48601f6228d5c3c3c761c
2025-11-02T13:01:19.878450+00:00,ea6e95b16c7dbbb7ca3aa735f7141fc2921c9e33d1df8e3af6c46345d4b33920
2025-11-02T13:01:20.014752+00:00,7b80e30fe75343dabaf1926a1bce0e31df898c16b5e14a853bd715cf5b258767
2025-11-02T13:01:20.155471+00:00,2fd7f46e06be79a026da586f02a0d713397985c3ead8c120f3cdd9467e3ea831
2025-11-02T13:01:20.298739+00:00,a38772c8b380d6d72115390b22d39b0034d91336b3106834a41e0d98c389cc16
2025-11-02T13:01:20.439336+00:00,7fc90914769f58817dba799b66f996b36f10fe0e30e2c6d0cc9812d5bad65efd
2025-11-02T13:01:20.616854+00:00,e3e421e132def90e7fd08ae9244de872da2dda9d10747edee4e7436db8c67a6b
2025-11-02T13:01:20.984069+00:00,a79916be72fabca6b1e5eb922cf0d0de7544e2ee5b2886706667e92fa295e075
2025-11-02T13:01:21.125456+00:00,a3d4395babfa28ef6aab640de4d4c43e347522b352cd5351a7b583eb36b35d2e
2025-11-02T13:01:21.262622+00:00,5ed03e5def17083dd5b3d6d5fb0882a7f0b81eb2fd7444d0558da77d5ef68202
2025-11-02T13:01:21.399144+00:00,9734becc39e2b72c018f745d0f9cd747068803ff44d873b50e61e0a9a625a7c4
2025-11-02T13:01:21.538611+00:00,122aaede375855f26984609adb005ed76b4359816d93ae8a42cd08f54888a599
2025-11-02T13:01:21.681030+00:00,a5db6b15019259012b64045c85c4756475dcd944a465be4d578cc5e92580c21c
2025-11-02T13:01:21.822426+00:00,242afd5398a45cd2d4eea4c30e2fe714ae75fb0c5ed3b4e0a832a1512c902a18
2025-11-02T13:01:21.958426+00:00,6d4e51f1c54d4e16d26a21180eba3d54280c49df50a53b74bfa04ef63b1c2e18
2025-11-02T13:01:22.094753+00:00,d339bd836503edde301118d8215b284bb04412d75368b4e1d19b684199cf9564
2025-11-02T13:01:22.231361+00:00,e45e07f7ac5bed3ea4945af045c30f14c98bcc49e74e6adb8a2036d86945fa05
2025-11-02T13:01:22.366286+00:00,a96797bcfc5d1c17f6911ccf2aee2ee067f1d797d4113a4ae75bc67ce465eae5
2025-11-02T13:01:22.501912+00:00,78867223d9f196a9d604635d1a3822a6d07852f924a7d70f58b7a94c68ecf60e
2025-11-02T13:01:22.641744+00:00,9d90371dc354134176e3e40ce0a7a58e7879844acb39df535b42bf727c8142a6
2025-11-02T13:01:22.782705+00:00,9dc0b906b0db5232048defbb63d2f6c5f52f51b2501668893ede669b752a321d
2025-11-02T13:01:22.917864+00:00,fd8d9e174c50ddf322b58201e051a016010ba778ba1136e734c3911bb1ccc633
2025-11-02T13:01:23.051929+00:00,29a835b2d98ade54127e5f9ae41ed8aa69180798e89bb446201468715ad54e7f
2025-11-02T13:01:23.186745+00:00,7833444872dbfcec84368776e300a235fc02502900b8ada08ed302deb91c0bd9
2025-11-02T13:01:23.326290+00:00,441fa82decc0108cf2f66fceeaee1f3c14bfb86bfb3371079146451df0b80397
2025-11-02T13:01:23.469477+00:00,fa2c1ed74298a796c7aa11430a884b4fcc67203c725a0ea76098140fbe579cd8
2025-11-02T13:01:23.610755+00:00,1b976dbf56de5e3b38629d0e24a0847552fc3635151878e107d111f3b8419498
2025-11-02T13:01:23.754885+00:00,5a7251bd80ef25d2a834241a482f9e667a45379c56e5592f72698547b4b0a985
2025-11-02T13:01:23.898777+00:00,9a7c3b5679466718bbf8c27fbaddb6aaa1a90c6ed3986ee391d9f06558c78630
2025-11-02T13:01:24.038883+00:00,b82278f30f485766adbd4ee708155a842672ffd2043d6ef66379e914ebf88021
2025-11-02T13:01:24.176283+00:00,a998a33b9f81dcbaad91bbb7f969cd89464ee75e6aaf688446cbb9a80dfcea1b
2025-11-02T13:01:24.312278+00:00,3b75f2047d36a7dcd8688f1b97ad35aee0b9b1bbf945a304503e86a0218ace68
2025-11-02T13:01:24.445577+00:00,78e015c8ced8c6826985dd7b7f9fd13d24987bb1676cb351bd157350b42d26ca
2025-11-02T13:01:24.586363+00:00,d601b4e058ff4c8725b8e68b67a029ab3cfebaaf270437307ca06da5902f3a28
2025-11-02T13:01:24.726608+00:00,e1339be9b551491d6658f048b80d5a41dacceed141578e64067875f7cd60815f
2025-11-02T13:01:24.867746+00:00,ec474c83fcba234bc01ddde8868b38942d85c91569463149b49b061fba9e7fbd
2025-11-02T13:01:25.007352+00:00,ead584eab3289a63e3010dba83c7ce947210fdad3dbf04487244772e64706486
2025-11-02T13:01:25.150018+00:00,77204c7816fb6f3378845de20b73272bd037125bc7a616d0f194f7d9725be209
2025-11-02T13:01:25.295904+00:00,2c1f63f5de9c7ae5b7a50d4ff911e4d27171191c95b828dd2566853124c26e36
2025-11-02T13:01:25.436482+00:00,2c13f87c0fca33959aa127bd037890b7d631c0df03595a126ac02eaafb21444d
2025-11-02T13:01:25.575632+00:00,f8e23562f9cdaa908c505a25cc8953073682b6a363016a404fe9b04461aab140
2025-11-02T13:01:25.717223+00:00,5e25fa6f12453c6338ecc4dac58e517889b1002cf4ef34bd9bb5e04be4c932a2
2025-11-02T13:01:25.857257+00:00,f57d967371a5e5f937ae3ca39fd3fd85b4b9c8acdccde27a776207993a5c4821
2025-11-02T13:01:25.995764+00:00,519dea32a8a0fc60b77ca40a08a67c652bec94081122701252c172f938ac34a2
2025-11-02T13:01:26.132171+00:00,2f532259f4ce5403a4282b6955723e6ab535fdbf96b9dd0339d0cfb57009b7f6
2025-11-02T13:01:26.268223+00:00,3a7eb6d541dab36bacb718b4ff3b44f89ab5a1e5ea4c8699474660a5e0f82fe5
2025-11-02T13:01:26.407563+00:00,724fbcc37b689706d7e8f0fbed63b676bfe6c820d0735bd86b5c3f8835d51de8
2025-11-02T13:01:26.544985+00:00,10a1273bf5989bb787b5d08ce113f186f75d27243d7fab4806ac4c3644e79de7
2025-11-02T13:01:26.681255+00:00,b14e4cdd9b531fb18ed3b3c6dcb0f3500b1064e7a6a386eae71adacd32bd94ec
2025-11-02T13:01:26.830968+00:00,44ac3391623b984c6d27ec33eafdcf42afaad172cd2661998c66a07859ffd159
2025-11-02T13:01:26.969776+00:00,80947aa07b86c65754d4662d4ef164f2f55450b167b86d26cf87be609950a4f2
2025-11-02T13:01:27.114474+00:00,6b811f26b4a2cd91fe279978765c6195c0a1ac551aa5d99cd2a3fa046720f736
2025-11-02T13:01:27.252742+00:00,b006bf58d4fbb1639e0d8893145edc0eb42ab68ab1f2a66b89c8f5ce122d827e
2025-11-02T13:01:27.392178+00:00,b97cffb0d3a3b0a55a50c5371d8a96b2f1233bc2025d67b7192b0a9693b0ca92
2025-11-02T13:01:27.534686+00:00,138b6a4d9b4aa3b1d0efbd7598ee37cde385cdb4c617b6994a57135589c0345a
2025-11-02T13:01:27.728196+00:00,063366b96b16b0ad8bfdf722bd55b15ee33d8df8f24d13e422ed69a1f6b5a2f9
2025-11-02T13:01:27.875630+00:00,357e1bf57b4bcefcff8a437bfdb44386f65b9acc0e9480d226bf624e3aae8b91
2025-11-02T13:01:28.012494+00:00,4366eeacfeebb1fdb5528e5d3b6603dae2643b36e8563de0da7f0dc447dcfb21
2025-11-02T13:01:28.153434+00:00,dc4ac4fa2c994437ab406f039dfda48a50609a60336c05e7f20d89037b50d846
2025-11-02T13:01:28.296294+00:00,324ac1949ea4164be4f388eefa2be2a9d90643ec330490ee0d405b7e9d64229e
2025-11-02T13:01:28.435658+00:00,5aabb78fdef817d24819b8a4dadfcc0df23f86780db6db9678d1a5cac08b3632
2025-11-02T13:01:28.574021+00:00,dbab8f0b6d6a11a7e31e654266f54933d933cb732b66755e6bcad5315cdc3396
2025-11-02T13:01:28.725482+00:00,51e0db78a356b0632295499b88deb41d6a773f9feb50efa1aebd76e37cf6ae29
2025-11-02T13:01:28.861956+00:00,70afd48e61fca499e061e316657fb57ee1fd783dd58b8fad80d1a78fa43b14f0
2025-11-02T13:01:29.000383+00:00,8836e4dc670fe09699808a92dbffd7500faf95214ca2cc04d07a327a1b0da63c
2025-11-02T13:01:29.135289+00:00,dd377ad43a387e2521bd3d30c20ef3c118e02e0b9da42ec4f29fda827385b37b
2025-11-02T13:01:29.279678+00:00,f15fc44a274565f57ec7699a5466ab6bfcc41ea22c722143c9eff738b34d44e7
2025-11-02T13:01:29.414642+00:00,5434e2740832863c5812996139af65b084cbefa16123eacb5b53f3d3f434f1e2
2025-11-02T13:01:29.552914+00:00,33e8a1c5fc5c604b4bfd2363cc5012728adf1aa51952c65abdc95b6359788ef0
2025-11-02T13:01:29.693959+00:00,63cf2431748eeef6eaa024d253f563a230472c5d087fb091e6de4c09013f7ada
2025-11-02T13:01:29.879096+00:00,4c38ee00854c00613f75683f821cf4599db9ae959c19401c1cd070121cee0eec
2025-11-02T13:01:30.014068+00:00,77b6fe43b23ab1a426fd56132c6f988fe03e2c80a99ff20ba1a42b7217968b01
2025-11-02T13:01:30.154773+00:00,a016ff9b56050e6fcf6ce72371c32515aedac8b9a01f936b5e6fb79f8315eb5b
2025-11-02T13:01:30.292176+00:00,26ffc09854567529895e79439bd40d48c194117585a5c9048c95ea24193e95dd
2025-11-02T13:01:30.428376+00:00,a431b97b64cb160def82d431aa5acd9c4b1e6603663e6455c193e1ad9158946a
2025-11-02T13:01:30.610838+00:00,4eea68e9c751c7e1896008b1f1573900cd911ed405d2abc604ade6a0dda7d3cb
2025-11-02T13:01:30.749032+00:00,b9ae33fda44aedc7670c1905778e257dc601cdada381aa1df6ceca60ab1b6f1f
2025-11-02T13:01:30.902603+00:00,7208555ce7561c6e1040c3aafda11b2212a12d554bd52adab22e1061d91ffd2d
2025-11-02T13:01:31.378477+00:00,06d38e036e6ee97e2a4aef0e82e57ef11b3059ece18072bc76fdfb656299b758
2025-11-02T13:01:31.512899+00:00,9dc0421bfce774a4e0e75701cd35262e1e9bb2fc762ddb7ce238576a0e308ab8
2025-11-02T13:01:31.655864+00:00,4e2f0c7b20dfa3bb06f1c734c6c22e134c888986473ce28ccd68d8a85017bde5
2025-11-02T13:01:31.791329+00:00,72e3621a2136b3dfc60d4f72167a2474ca57fb266afd2f85a5490e64366e2064
2025-11-02T13:01:31.926094+00:00,6ee2351ea806f3dde3fcde404734f26a0379d03eb99eba1b79c5579776d9ca63
2025-11-02T13:01:32.067937+00:00,754f14a8273a5a3d83907a284a3df902bc372d0d13392bab9056120e9bcf41ed
2025-11-02T13:01:32.207736+00:00,1e684ffecd5056a90a75f1e46b89255f8809368757c406205e70c7a325395a1e
2025-11-02T13:01:32.346477+00:00,1139f6b5907c8694edae6e98c722a693db04de89eb823aea2e0d7ffafc1671f5
2025-11-02T13:01:32.482306+00:00,309256f6a66b655b61c97e87652086a1f13908b814aef0ab1e8e8e43dc1c7d22
2025-11-02T13:01:32.619605+00:00,9aa71325f408f209bc6c9165781c81a08688f4fd456b751e8665c8f4c73e6465
2025-11-02T13:01:32.762325+00:00,5edb0a086c3fe470f7228cedf97f438a08ea1df98639b0263e1c856d7427b1eb
2025-11-02T13:01:32.900773+00:00,d24b350938456390129f6a67fe74bb376fe1809bf591a8baa2546e11e0629544
2025-11-02T13:01:33.040414+00:00,d6db823a6ab81e39e88a381a16bdc712f11fbab2754019becbb81ce38979f896
2025-11-02T13:01:33.177437+00:00,1264bd3145ced10fe6a84d5e7e0d04eaebf7f8cdd2e76f5e903ff557cdbddec6
2025-11-02T13:01:33.317141+00:00,428ef311fe67b49cddfbeed7908f40217c3424709bc62db6259ee0567fa38bc7
2025-11-02T13:01:33.459228+00:00,436dafc0bbf04c6be4c0bbf096e6b386edb73d49cfe79a82c4e30c9e569cf745
2025-11-02T13:01:33.601152+00:00,3679395a9b211abf511104d9f600b61759d146e6fcebb63afad8811b0e7a8b36
2025-11-02T13:01:33.738459+00:00,8da34d5afec92854ee3a3ad9e0dfb16418b675b6feca41b01f4cd975321a59e1
2025-11-02T13:01:33.877088+00:00,2796d952878e20e8442a90fa38de7084799d1500b4ba36984bf6c59ff53e512b
2025-11-02T13:01:34.017117+00:00,df55135fab9ab773d928186d35f2e9fc8053dc3dde26cb9d0f912ca795519d43
2025-11-02T13:01:34.160761+00:00,7b94035ebdac6baeaa0ff3e9739362090bd0fb1bad24bc6edd597dffbf3aa05c
2025-11-02T13:01:34.300291+00:00,bc78311abe44c59a3f9357627b3c488d0aadd8fdce7ce35c1780e550cb58c5fc
2025-11-02T13:01:34.446825+00:00,844573a7a1b2dbcf9f1b286861f41c6db8255d8c865d7d95444b0a44630110eb
2025-11-02T13:01:34.588937+00:00,5b2f55df139b88e353d01c5512de5689570f976972346f865268cd60917776f7
2025-11-02T13:01:34.727778+00:00,eb3795d780a262814b5426b8bb36c551c8dffe0e3508ce58b5930197171d0fc6
2025-11-02T13:01:34.867558+00:00,1afa68f96ff5629e36e988409fa993b48c8b1d248d7e7e2f9dd6b2e2f7e22758
2025-11-02T13:01:35.006420+00:00,3853cfdb99cf6773d09e14cbc86c742c5bfa893e4b3f4053893b643d170c57bc
2025-11-02T13:01:35.144683+00:00,fcaa07ee337fc95e64568e7a5d11c7d26ab2bb864c025580a458da142d3bf7af
2025-11-02T13:01:35.294441+00:00,26da0fe3b576130a54a096b66aa7abdd96dc0789e6b5cc819c4b019eed380231
2025-11-02T13:01:35.438134+00:00,0f33d2b7567ff206aad7414e4c3932a80629cca822fd6402dc82774a579448cf
2025-11-02T13:01:35.576490+00:00,bef414578c00520d92b8f3a1eafcfa464ae42d461072e775ca1b1996f6f7be00
2025-11-02T13:01:35.723229+00:00,fe0a5d41ad976abdac399c37820006ec0d72e585d5696653e79f2e5d0c5b6644
2025-11-02T13:01:35.863354+00:00,4dbc78986265bdef555c041d573645b4c7b1402cf62222fbab95b5c686c42f5e
2025-11-02T13:01:36.004076+00:00,7ef0539ec1281c60e7857e4875bf644bd0a68f23e1833b312aba2b7921c16ba8
2025-11-02T13:01:36.144647+00:00,a6fe56057354e4dcdcebdff1062df452a9d756a40d8ffb7be8bb408a65bc6285
2025-11-02T13:01:36.288825+00:00,702156b8115598e83fee65c21e2240a677f2915dfa6ded750c961efa7d1f6aac
2025-11-02T13:01:36.425699+00:00,8037484f476b1d03baaa49b3fd16920a3e4ea1e2e545480a784846872620c472
2025-11-02T13:01:36.566359+00:00,13b5db1a742f8606375b6e72f744472f9e09b9f6c137e2fadc8cfac341b2e465
2025-11-02T13:01:36.701278+00:00,fc448e12e68ef1cc9b0a1d2ffdb23433582c21b4a30704325650e4f0bf26dc17
2025-11-02T13:01:36.838711+00:00,d44e9f14069f2e72e8fddaf6d6252dc04f34a55e4f1f421ce2190ca3a82d03e6
2025-11-02T13:01:36.975376+00:00,d0d951eb4a9e6c52c57e1797fe0ceb5f2f42b9302de5a505f4c707b59d1ccb44
2025-11-02T13:01:37.113114+00:00,254e58aa802583ad45d7d014628b9fb7b8571b7990b8aeb78d6d9eed69526652
2025-11-02T13:01:37.249837+00:00,c684c61906f705d00b929a8d593f17a1897a249cb3f99a7cb9542701cc4eab24
2025-11-02T13:01:37.385788+00:00,657c41ad5cba83617fc160b56c2c862ad0aee652c10648538bd0c0756f036404
2025-11-02T13:01:37.530490+00:00,851700e0871ed00d5af98b23fb6f60200c61b0fd2576d19dc8e190af6caf6d7b
2025-11-02T13:01:37.692777+00:00,fc2b4f1970d8055aefed3ea4807de4c7a63a86c7a29245fea9b2ff3ba71f1da1
2025-11-02T13:01:37.827494+00:00,4820ac576fc87dd57521572ac9e864ce332372c7210ae9a5674119aa797c9cf7
2025-11-02T13:01:37.963996+00:00,ba025742307a1d1a3b3a142bd9f5064b7dd962352985fc110ee0d4e35079a87d
2025-11-02T13:01:38.116426+00:00,4ec881b3f490a30697f491ce4b14900259d5202f7c733e4351ce0781f073d000
2025-11-02T13:01:38.250693+00:00,dcc7ef84a517e1e1220ce9035ed1a71acb09749b946825ccd2bb83dcaf950312
2025-11-02T13:01:38.393424+00:00,a2b98c661bb6703d59296e6d8ab77b5602bed89bbaf76e977294eb8ce3eb0181
2025-11-02T13:01:38.537547+00:00,c478c2c40ffca799ee5fdca7612e1070fd4eefc25d22a8bf13116508062e0f6d
2025-11-02T13:01:38.675628+00:00,0f6d5c485aabb45b3a5e6c161e46b355631b60bced19fa3d8d6a4d1269a336e0
2025-11-02T13:01:38.812777+00:00,4cb0d2a7a8abaef383bb3b5119e46f1309ed7cf4cc5528b67484db84cbdb178c
2025-11-02T13:01:38.953652+00:00,c6ff8face986c533403305ec9ae97d06e70c99c6648f88d63dd936f334dcb2fa
2025-11-02T13:01:39.094888+00:00,44a879dbb8f9e40a845cfb4106a2d86f8b40bffa12aef11901cab602bf036fe9
2025-11-02T13:01:39.233698+00:00,66d6c5e8a795764539bd3525558abbfd73c61589d624d70d54e7bdc37164ee2c
2025-11-02T13:01:39.372856+00:00,0d38968b92cae4e3a8e4ad27f63bc3eaea0e744a5888f099c7af53681baf13e7
2025-11-02T13:01:39.511433+00:00,c0e2a802a012f0590774e51aa0a3d7999632cd5c655fcf20f777204b5244e8eb
2025-11-02T13:01:39.648972+00:00,c54c388f6b10ff6bca7ed9c9ddb64a4adde1dfe5a85a2cad420d9b9ee819c130
2025-11-02T13:01:39.807639+00:00,dd28c63d839bf0444d79c8e941d982a89cfabd5965de87b8991a74e1d5b31d0b
2025-11-02T13:01:39.948151+00:00,38a6047a03941e3a131b648748461095bb8cc02aa7fd205000b2d71e8747ad05
2025-11-02T13:01:40.088124+00:00,ae284243159adc05e63b20d0d14fe3f6dd5205d66612566d08a185efbb711487
2025-11-02T13:01:40.228311+00:00,9556b50eeb82359b18c075a043feff8622753c38925cae380f1350570e35eb3a
2025-11-02T13:01:40.373050+00:00,521171552da8b5c08b4a1a17916f0723d8af66d6b02701bf6102ac0d7218e0fd
2025-11-02T13:01:40.515531+00:00,9f78ddf8244d7a1a466ad49c9d1fa67b0fd27fe7fa2fe2f2e734abebbf3daecf
2025-11-02T13:01:40.658778+00:00,c5495ee0203c3fea117cfb79d7f81ea733cfc09874d0c05c5c054191a868e818
2025-11-02T13:01:40.797119+00:00,350ca7364050fb16a7c2da0e01ce935e8819d590c54e23dbc4ff495323a72241
2025-11-02T13:01:40.942535+00:00,3c8795f6d062d338b83e46de6ae25d93c13538e163d3f95f98079b386069edd7
2025-11-02T13:01:41.095505+00:00,3be29bcc957e1459a0ffa756384b85857d1f73b2fe613c6b372ef02ab27f7505
2025-11-02T13:01:41.237895+00:00,0107c27aa387bc56d3f33e954a4801f0f00955168c775f74f57b7eed307feab2
2025-11-02T13:01:41.377342+00:00,6d3d1e2e8b3fd6a5c6c896ed232e2e8c0a82ba4cee4596fdf10f5d872d45d4ce
2025-11-02T13:01:41.727122+00:00,949d22bec6d58ee84da1ca34c8f8cc02c6f19649ea405d73224b8acb73c0fe04
2025-11-02T13:01:41.869664+00:00,3f781e754c9f1c1fbba677a3a546c1cda365094fd288c75d1a0e4b248bda9169
2025-11-02T13:01:42.005999+00:00,9f887a3cf099d1d73c7fe0f762b038943f4675209733e8fb7b5352bb4dffdcc8
2025-11-02T13:01:42.147026+00:00,1a61c7b509b98b59be046547f28cba2ff9cdfcd8fbe036b82e0cacb9c0aa5d00
2025-11-02T13:01:42.285280+00:00,f5c37ed8cce509036e42c8210e466d0344793a3745ea4792ae727a63dbf831ef
2025-11-02T13:01:42.422235+00:00,7b81688f9fe20373d73375cb577f5d7406aa4fb2b8488458b6bbace780fc4043
2025-11-02T13:01:42.562450+00:00,115fcb87d76621bf1abd42b6e7b0d22d573cbbb83fcdb630750066e1a5f52233
2025-11-02T13:01:42.700751+00:00,0f8886e9bde5a190132ff5b63d708fc6b6c817e88e39651fa853c49dfc2682f9
2025-11-02T13:01:42.838970+00:00,ce94f9cd5b5ad062ea533a1a4cf2c5eb10715df3fd1b2c36219211e903ec754f
2025-11-02T13:01:42.976417+00:00,abbaeae85e36bb5ca39f627e00ffc5e92dbf239331f528e39406095c0b36c051
2025-11-02T13:01:43.120946+00:00,5857c94d252ad969c6df2b06d7a1ac4758ef2dc1638e71fd9543e24b2f7cf967
2025-11-02T13:01:43.258518+00:00,26e801731e0bd9a3462ba26ba84122fb84d1adb1600ce338ce08fdfdce0590bc
2025-11-02T13:01:43.400939+00:00,eaab47c0512740b632e8f8b224f26ef7e7f67e80df5abba500c81dc66207686b
2025-11-02T13:01:43.543047+00:00,eca0f2d81f9c2cdb94478969a4463a365dc1b80af0dd7886c656b3d4b02b3687
2025-11-02T13:01:43.688610+00:00,0fea8a7d4482595f6e527024c9207ddc8bf1f4477494fcf27a054270b44053e2
2025-11-02T13:01:43.829169+00:00,fe918a517deb5a1db64b4ceca0a73cbfcf3a80b585ebe11de31e51d4861a1508
2025-11-02T13:01:43.967493+00:00,8e8f383b3128867b17280819f55ef96141fc9fb355d614bdccb90a89ea1df37b
2025-11-02T13:01:44.106088+00:00,7e29522bf01286ca4ea8698bb329efcf45af3560cf9fd8055641ba28f7844bf4
2025-11-02T13:01:44.250650+00:00,0b75172efeb5f36c269455abd2c786d8f1953e381928947239f8ecdc83537bce
2025-11-02T13:01:44.391468+00:00,13760a480afc815586e69cb55456d08562cb8832b470967967d84ccc68c75342
2025-11-02T13:01:44.540558+00:00,2ca6811d0b365d38286af3c7d33fd685f8f5be8bb39287995a9fda48b199bb73
2025-11-02T13:01:44.684640+00:00,d3da8bb7da445502f5c58f6c0a71b88629f8363d67fad8cb4cf634c960e8bd22
2025-11-02T13:01:44.960125+00:00,9749b2fb371bd1fcbfd5ad84ba1a840e6ba5db817afddbb42762f6ab73311342
2025-11-02T13:01:45.104841+00:00,2bac900b2101e701413df22fba417c41e18f535595abc774830ab34816a9b297
2025-11-02T13:01:45.255021+00:00,f2335142c69dab5673b963d37fee60c28ea5b10d65b0ce46d46439ac5291f07a
2025-11-02T13:01:45.395920+00:00,ba1ac69b85db1923b52010c91e0384131409898d8dc2f3fa7232a9bea3f00e2c
2025-11-02T13:01:45.532616+00:00,61950ab81a51c37b03b75c86d8097efa171c71d5bccdef0eebbf6ebb34e0e81c
2025-11-02T13:01:45.673211+00:00,47fc3a73485abccc5d4421f84478076297a473ef8284c5f58f5c3d23a9f35808
2025-11-02T13:01:45.814568+00:00,7bbe10a62819a534d42e347bcd565f989af640b419047071d4fb60765a53c1d5
2025-11-02T13:01:45.956234+00:00,891d30cace3572ced8267343aeb46117c1cbc46c0791597f383420197b7e8808
2025-11-02T13:01:46.097798+00:00,c7b9dc3986f755281e2bd4b1ebb1fbe8feba5481097f7e9d39e4374deb7d7528
2025-11-02T13:01:46.240230+00:00,7a349ebbf498b4a482dc95c9620fb1e6734ca1ef3ef5fad90d771c29b4cbb6bf
2025-11-02T13:01:46.380573+00:00,acd5ae8a46733ce2aedec72c14df5c36f7ea45c371009ec55d9687c990ae32d2
2025-11-02T13:01:46.521639+00:00,33a64ba8c8dddb6c4eadd716b7eb341b2deb91670af39446c419b3254af98393
2025-11-02T13:01:46.666143+00:00,13dbd1f9786d0c80277e9ca71d1aadf5cd238f9a08ba57194936ae28cf718544
2025-11-02T13:01:47.097977+00:00,18d5864bf36e73e43abbd9cd6f86c1c1d06b14b326b4105cf07918715c5c6721
2025-11-02T13:01:47.239317+00:00,27555ba21198db87b5fe588c48fe0406481b0c06e041509a8ae823aac0b045ec
2025-11-02T13:01:47.378017+00:00,1228128e54349554735696ed325f4ba9818509269283f3d0a604b07c21e2e186
2025-11-02T13:01:47.537312+00:00,801982a4469b65589b335b83126776af590bfd84ba308304b6fe0837e5849b5f
2025-11-02T13:01:47.682694+00:00,4a295b71561dd564d56b4cbeeb176aef57e887ef0736880a3c29bb167625bb9f
2025-11-02T13:01:47.829198+00:00,ee7349ea0efc23fba12afb176b2586027b70fe0d9ffd8be29e49b32e056b45b3
2025-11-02T13:01:47.971480+00:00,6dcf34eee0e8158422f0fbeebe61933122f62e733fee4ce3d669e508792393ea
2025-11-02T13:01:48.110384+00:00,79876557b2758cee79f648a5161420a02a84aacc15a8b042bd2346401979f16d
2025-11-02T13:01:48.255377+00:00,c43f6d4a693c17288a528b557a315c6b3f1b0ecd2c5ce068a802736ca3616799
2025-11-02T13:01:48.394100+00:00,47207fa68985a518567267c441502764182b7a25f3588f8a170e2a2b2098ca00
2025-11-02T13:01:48.528399+00:00,5dbc50a20560dab436b0f705116de6d9cf38e1bc9ba8f08accc693cdf11e989f
2025-11-02T13:01:48.668208+00:00,08a139849ed743716ed3d1aa9214470e50bc8c1cf0c1e072c128b6ea68b954b7
2025-11-02T13:01:48.816664+00:00,db83ff821940fa2c76243bac93bdae2d8739aa9ebf143c0fa77b113b4c1b6627
2025-11-02T13:01:48.958324+00:00,3c731870199e6be0e5f43f35242037f654f6b75a2aa480d9e7721142e69d3a21
2025-11-02T13:01:49.099196+00:00,704c5b835ec533d91862befaae754e95aba71e0df9757be2da60eaaa81cb9d5e
2025-11-02T13:01:49.249852+00:00,b1c67003a6b992d6c8c395c5ace8d28b37bf92a136426afa38687be19c463099
2025-11-02T13:01:49.393095+00:00,14b50e5701dc1c15766fa17ded40c03f08c6ccbed045fe4ed2b26d09e0e42371
2025-11-02T13:01:49.539434+00:00,1eab9655870e188d0d6757f712f5f42fd95e7305bbff69c8b21993b220c934ec
2025-11-02T13:01:49.678805+00:00,6a206a4148840a44a9f6b3438a9cfbe226c62f9e6f571cee114f49dcbcf4d3e5
2025-11-02T13:01:49.820163+00:00,7afd308908a0e42c32fc8820cb26b9d128c822a7cebbc198e3cb2372ce2acf80
2025-11-02T13:01:49.983965+00:00,c4916a0ca382f43b4821046854e451e8f72a068e6bc5d1983a2d4c867607b9e4
2025-11-02T13:01:50.116511+00:00,d0bf5cb88e55d840b0f75d7d919518fbc1cdc495d65de8d8c75af8822a68a6ab
2025-11-02T13:01:50.256433+00:00,89771fbb00e5b56fbbe6bf6f06d0dced169ba4bf3b2ee46effc7ff7481bd22c0
2025-11-02T13:01:50.400611+00:00,6fa4d0a5329e36e573db6ddbe6bec702c02c0905af33ecdcb17dc98fec8c56a1
2025-11-02T13:01:50.544898+00:00,4642d1c88f536585ee44d0a705cb3f786ab211974f22b9140d78e5f547d8d67f
2025-11-02T13:01:50.697072+00:00,c8fdfed9771c8b88f4cbeada9475255e1fcd81e7f8ba6dfb6b20d8ed36d6131b
2025-11-02T13:01:50.840344+00:00,47a136824c34c8e6f1159fbd28772a866e1fab13306128c1736dd2aaadb286d1
2025-11-02T13:01:50.978192+00:00,e5806e9d9106a11d7bc84a75254e68a6fc940d749e64efb26cf1fe360bb0d1b9
2025-11-02T13:01:51.118205+00:00,6822cb21dbe182e593b0ad573ad3632acb9e649befb183dd934f2f0fefa69785
2025-11-02T13:01:51.261887+00:00,326b3533a0858679f790ffbec7caa144e916ca8b1f7c55ff392ae628a802ce92
2025-11-02T13:01:51.401927+00:00,8e4a1d9ed533bb96efeb57a7eb5093c23ebb0c3e16e7f0cfd2eba9e5305dc82a
2025-11-02T13:01:51.544467+00:00,cda90976f6020057d703a8fafca5f95d82d2acf0afe97b0243c2558103d2c514
2025-11-02T13:01:51.683486+00:00,b85dd3d8fc88adbfde1aaf2ea2d0a477378af0df3d36c9baddf74a5c9f46dbce
2025-11-02T13:01:51.827123+00:00,f868cbbfc0126213f495acdc7cf27a8e44c80551e41a6c96293c7e41405d79e2
2025-11-02T13:01:51.971468+00:00,bcac120786387125c7a5e06c60a5c78a05ec1b5db54bcff06618d19e256ada42
2025-11-02T13:01:52.327559+00:00,ba385e3f415c2ab9a490e01eca1f0a1af37aef3d6358d9f8f7172d5476f19e21
2025-11-02T13:01:52.471180+00:00,138c0ec23c36dec5cf382526ed272d7e3c2b9c5a5109f32d68ab3208d338f0ba
2025-11-02T13:01:52.614148+00:00,da0b50ad01752a8172f790d21625257392ecd6bd15f94cceda37f8283f096055
2025-11-02T13:01:52.749897+00:00,235fda2dcf6a5cc1712a3d14ad01a4867de3b738fe52cb008787f5dee7c3361f
2025-11-02T13:01:52.891363+00:00,d868b8317f4e1dbe8b2b48c7f10bf528b883b9fbe60706dffae1d8734423ed79
2025-11-02T13:01:53.033844+00:00,2ff84f8d760bb393bad16bd10bc3ec1521a7e00263d060cf89d6e289079cdb81
2025-11-02T13:01:53.171164+00:00,dc23438bb344e44c43c5dd11e46f47e378dd86620769720e1c7bffc652446dd0
2025-11-02T13:01:53.313654+00:00,3fed4cb455e55130b186faad053cd77dd1ce2e645767c7bfed31f52cf6116483
2025-11-02T13:01:53.459023+00:00,1722db2969f498f6e6c49de40c10bcb916071a51fab421326790e988fee40f36
2025-11-02T13:01:53.596636+00:00,5bc5748e8807936e9fbe072abba59055d0e9a40082f098a8e5364be602d60939
2025-11-02T13:01:53.734998+00:00,8b71b865659f74a32e7d8720ccda27e973f6957bbc873f111ede801adc656820
2025-11-02T13:01:53.877089+00:00,31c4eb117ece118d3f3be8f1dfc8f08461092f429a472ae198c86a6e76940aa8
2025-11-02T13:01:54.025837+00:00,65000853dcd5cba2253214ba6d01d2d2452fbbede6a42e7fbe2707473003cd30
2025-11-02T13:01:54.166629+00:00,49715f93be00e125121629a7bae4264d26827815585069cb67cb69ca486cbab3
2025-11-02T13:01:54.312542+00:00,a0e6c14bb535f32925cf7cd91267e44a4d4c1adfcd8ca2f77fa2929de8f5f7f7
2025-11-02T13:01:54.460431+00:00,9e8017f788f09dabf13d8423c2c7a047f9a3001f34d497f794f4bc2193ed5138
2025-11-02T13:01:54.597266+00:00,97147e268a4d1dd96d47a3548a01c540203c3d9e1b9a523658761b02256c42a1
2025-11-02T13:01:54.737977+00:00,91cb375d769283e5931a51ac94fd07ad4fc8aca7e435e34d8457f82269045b02
2025-11-02T13:01:54.882500+00:00,28ed6199b8638a4ffb8dc8a186a29e649ed8a4a3bec4f1a01766f2847b8a6ee1
2025-11-02T13:01:55.024929+00:00,9096dfd249f843b846517f9e055fd1c519046ed586448760bc7598210552ac02
2025-11-02T13:01:55.162724+00:00,b1274bc6521749c4f71c018a5a80b9d6cbfc484d0a6618b0cdc32c8bb686ba2c
2025-11-02T13:01:55.301080+00:00,a5d69b16200f29a16de67c8d7b37625853c033201d8e02fe269b00545cd9b630
2025-11-02T13:01:55.441829+00:00,4364d6fab614dd09780e04b52d5fbcdaeb34994f2f4233dc8ff5bd378b57f842
2025-11-02T13:01:55.579398+00:00,955e82370587a9eb21da3ec5de3c047879b2ea4576f038d255e4a7df16a791aa
2025-11-02T13:01:55.716890+00:00,950eeadc93133dee9e481e6b2e6e2214339189d0974af3c142039d49ff403c2b
2025-11-02T13:01:55.859500+00:00,36f0a0f672db586bb3e4e7d5ce7a300a38dc3bdbbe2ee2f9feb8d6ac8f6347ba
2025-11-02T13:01:56.006382+00:00,3e73b48423680a82115f6cbb80b394510e9d0217c608676538c1d8357dd60d79
2025-11-02T13:01:56.151781+00:00,27c4697874ee09fd3fe75a03b0b708fae7f929dfa7341b1c29ddaca7dc6c3ea7
2025-11-02T13:01:56.293839+00:00,2fe22671fb84ce377442e160c05c57e81b1b92abdb332fae36fc3c40d9797155
2025-11-02T13:01:56.432962+00:00,b56588d990d5e9357a01512f48c60e2f30ec070c45cb706a3af5fb9baa9f49d2
2025-11-02T13:01:56.572873+00:00,a44b5e8f698c664248e92eeb8344d23dc46bafc6d190b7b33cd4e94bdbadea88
2025-11-02T13:01:56.711632+00:00,ff6a24bf279f17b7da48e87f3982a5c5372d735116f8777cf24ecf2f7bc4c564
2025-11-02T13:01:56.855211+00:00,cb89465ae14237fa2cc2b8cbe12bf031ddf3b1d3d030bfba6ebf2e04fd30579e
2025-11-02T13:01:57.009625+00:00,62661e30ca74c329b477d7aee9b194a40132d03124fa8d354ab3492b98e6de80
2025-11-02T13:01:57.148814+00:00,bc0b31f02b8b1f1a8dfcb9ea95bb6f0c652e8e9b03bf3afd0a7e9a51057ec0ab
2025-11-02T13:01:57.285375+00:00,ffa9364ed01d139d331cbaa05d8cf343fdeee8e6d921ca40930baffeafe41362
2025-11-02T13:01:57.471169+00:00,9f35b211f18f6eae496d9196aa76c4583f5b73caf90f788a9e27bf8b30cd7db7
2025-11-02T13:01:57.625884+00:00,d1446486464a6d6885c9586d163d6ae9939d3344767bbe3e968a6a35c5cf1ec8
2025-11-02T13:01:57.786239+00:00,7278a25988d134f364d08a12e3de9fe7957e1f2e6d4d31cab765b5af457bddfc
2025-11-02T13:01:57.960014+00:00,f480cbb546901fc74545468b75b60efda2dac9cb5fbd1c822a96c093880b939c
2025-11-02T13:01:58.105164+00:00,fcd96b779b1f2a65a488ce0f13fc82ae02a2d1f0be32681dd98ba2487a311bb2
2025-11-02T13:01:58.243405+00:00,be8a62bcc6e5f1b9d508a665145ff257fe1215da772f466d57016a05b7048d8d
2025-11-02T13:01:58.379423+00:00,2e09f0a6e473cc4f79e5f8ffa1c24085b6275ea24b407da2a056261b20012ff6
2025-11-02T13:01:58.515586+00:00,67f3c024d635da6e4527cec600091f91f3ae662e89ff679780a07d23b1f564f7
2025-11-02T13:01:58.653253+00:00,4732fe0434d9f3cb7e382f4142a65a30f31602155a8b02936a54a93c85df385e
2025-11-02T13:01:58.793302+00:00,12ece348e362264f0679efa3444c5b373747b96e53f1a895933c32539916515a
2025-11-02T13:01:58.931496+00:00,ba6afd369b25791f17ee3c06f9a26f7f6d2644bcab88e9b5944940727b73a936
2025-11-02T13:01:59.072074+00:00,dae47f78b3a261128f1ff18b15c5e9febe0bbc348430886eb70f8d1dd7045f0b
2025-11-02T13:01:59.218095+00:00,2221880035477cfce6beccd78a3d7e24ddf6a4aeebe953fc440dcdf8a2faab51
2025-11-02T13:01:59.360253+00:00,74d13d7aa8ba4a24f063cc80107346b4136f36b9241da661632032d7e57485f0
2025-11-02T13:01:59.499966+00:00,5f72a7d1528cbd90a7b66e52ec6fcb86b6001fbedba769e86479d988b1086109
2025-11-02T13:01:59.643632+00:00,4a494d91ffdb01deadd7d1af59939bd404128f5d997211b6679bdf5ca699d64e
2025-11-02T13:01:59.782275+00:00,e2d7f36ac011437e294a4be80a63749f2e08a0afb17ee35a9f18c6ba1e3c291b
2025-11-02T13:01:59.930493+00:00,52d3a1cfba5b43f76ee52fb3d4e8e11a483b74f0ebcc96adc958d8c61e3bdaba
2025-11-02T13:02:00.072336+00:00,34f7d5f52efb9a6067054ace1ffd5b818814f937d02474e968c7cd828e12030f
2025-11-02T13:02:00.213081+00:00,19c82e92aa483a1a1b0e39025447edc2f0103552a87a52c4e7fc4a358cf4a52a
2025-11-02T13:02:00.353874+00:00,c67370584c86b0931d80a205c05874ae79c0d3573d33556483fa024fbb497a27
2025-11-02T13:02:00.499157+00:00,3239a93cf1da61d0333878ab8cf5d8cbccaf3494563babaf5d2e13bcfcc8287e
2025-11-02T13:02:00.634140+00:00,f475b7d620fffc14e6ada0f14de212b60156482bbe6194f90354f7ac79184bc8
2025-11-02T13:02:00.772790+00:00,c6225e841c5b8df3858754ef54e3b3e47654e9b2fd03d4c639f7952fd0ddc70f
2025-11-02T13:02:00.914227+00:00,53a0c487b0aa0ea1951290066961bef60249870c25dbe67771761aa3e403b9ff
2025-11-02T13:02:01.050022+00:00,a274bc48f6af6026b2e5dbb569612efc781bd631831f88c6a9a9afc660065cc8
2025-11-02T13:02:01.193627+00:00,5e36fa502ebe97dbedb1f2fffe8feb735f6592df0cbe14c2d3e116b896bfc013
2025-11-02T13:02:01.344754+00:00,e2df20daebec0865e6e0800fbfafdc053303bb6259d28a8a15e35c7d479c55b4
2025-11-02T13:02:01.490753+00:00,6e91156ca803eadac7d64768e16574ac64f34a0a2c6ffa800d8a8a4d0eb18aef
2025-11-02T13:02:01.626899+00:00,eccad72ff248633444d8e4c67310ed61d82e033595a69844104049a4dae12af4
2025-11-02T13:02:01.765407+00:00,7e4c9580e307eec683140eeb19698f31889e7e3863f2e7b1e114b95b2cf256b2
2025-11-02T13:02:01.904002+00:00,a68e2bba3d5e99a570e9148270b15046103dad40e7e43b607b348527dbc93f4d
2025-11-02T13:02:02.043630+00:00,c7b5e1f647dd665a08ba915b5e2698c9c5b8f14d68b04171bd8990969695cd61
2025-11-02T13:02:02.181955+00:00,d712f27a0b4dc7aa3acb2791da7a04037971a4425cd994ecbbff7cea9f4c70fc
2025-11-02T13:02:02.325735+00:00,7b6dbc64f017338f8eb68196d5f6eb331b1639b6a29536b12a7761092dc50df8
2025-11-02T13:02:02.674004+00:00,b676de3b384b9ed8e43a503bb817e15dcd81e79215c43c7f2695673e444a2027
2025-11-02T13:02:02.812861+00:00,26a49f169f0326d0d51dae875fb3370ea1942f09f07b3928258c5032f94aea6a
2025-11-02T13:02:02.947875+00:00,1a51359bd6c04bb8d331729691294341cef6f09c71b47615fa7d5446ac673fb6
2025-11-02T13:02:03.091338+00:00,b0bd6164f7bbe09caa88de2f8fee1ff6b7846ca5a32b0007368ad6d827195605
2025-11-02T13:02:03.231734+00:00,d0b7628fd920d23b5f4f7da801c3596fd9cec51d7a64c97aa69f16cfd5c23737
2025-11-02T13:02:03.369249+00:00,d8390f6d79139c835ad35e8d9d70b41637b7dd2e4f791aab185698bee57eff95
2025-11-02T13:02:03.514898+00:00,3281836ca4939500d2efc5c299a8a65e4797bdb69b1683ebeff8756702ce8648
2025-11-02T13:02:03.652309+00:00,06c311db5ccb57a0e73f19c69e6dd125d57c8e2046a3fd44f017032663ebec6f
2025-11-02T13:02:03.788956+00:00,f04eea0f808c055939734099d3f55d7d297fbab0fa1096fd1eb335c760962262
2025-11-02T13:02:03.922987+00:00,c2f8c746e4cf882f4d7d585384267339c73c917b043c5e76557754552fab2e6c
2025-11-02T13:02:04.059783+00:00,4719f60db60027003f3441714f89b6dc2a7372d439c28233cf154d49e3c7539c
2025-11-02T13:02:04.197764+00:00,4f4850b7e8f4fc23a550df2da4f9bc80257747c5f46f14047c2af9a108b68e48
2025-11-02T13:02:04.340087+00:00,c24fe7a211b82489dab77d16bce25bc46b981e578cd2f78f6636cfa639321e03
2025-11-02T13:02:04.475505+00:00,053b83c03ac8b61be3aaf1314130449fb0680105c5738ebdac0c171846a9a761
2025-11-02T13:02:04.615637+00:00,cacde9e1fa424c105ea07fc7125a6629946fc152fa2fd246b34cc02caf6f263f
2025-11-02T13:02:04.754078+00:00,95e43a56f010ef1976f9009f033ad0b8fb07d225fbcdb82d50383a9bf8b5d102
2025-11-02T13:02:04.898541+00:00,975e054c7862e60cb2b557f3cbd75b3263f9c69a4f27a2a88fc3a4d9750b8507
2025-11-02T13:02:05.038473+00:00,c3538c97ffddb22a81cd9cc29df303565f8b97ef6978af7f3ea56ba3d05617de
2025-11-02T13:02:05.177069+00:00,4250fba0c35749eb6ccbadd9282d0f121bb1809873737fda79e767994db5cac8
2025-11-02T13:02:05.319168+00:00,bc9df72494f08afab070e29d44f6901edd8f614f199b0bd779aa7ba27039de71
2025-11-02T13:02:05.464801+00:00,5ec7141f3deba9f7d73b30805df692b816a71401c5500970c4c0383cd41d6b28
2025-11-02T13:02:05.603953+00:00,e173054bd95087566c1e2a708f9e1079952acbf7b50f6c111c87ec64868a170b
2025-11-02T13:02:05.742488+00:00,8f49ddb92764fbdce79dfa546770dab668a218f2371244343d1c54b2f6b3f125
2025-11-02T13:02:05.882776+00:00,47fa94d0a9a8a0224044fe94003bff29710c028ad1a076bad7fd5488094383af
2025-11-02T13:02:06.024398+00:00,0728325313077ce456a95446c0977e47ba520aed6db4c7e4ec64d076b68dd5c8
2025-11-02T13:02:06.169398+00:00,8ca2157b65611cea7df420e74d5df0a228514eb7f40978dbfae14c72964364c6
2025-11-02T13:02:06.310238+00:00,857857675bfb5d4f5c535d5f8a34ba5834aa3c9a3a59d0f9f85814041a4ca902
2025-11-02T13:02:06.454947+00:00,d5ecb2da0f5bd9687aa5b65fcf92c26b4d934cb091eab3d219fc8d0c17afea22
2025-11-02T13:02:06.597030+00:00,4d450f8f5a4f8531f5e1a39644ddaccaf25a1e008ca38bedc008b19664cd1d8c
2025-11-02T13:02:06.734606+00:00,f880fc805002d1321bc931268fce83955916353de212f9df536d3e44fff9f318
2025-11-02T13:02:06.878556+00:00,469c2fc4b62fcfe9a2a40ea58c697ea09b268217180a868f7f72dd0183daffe1
2025-11-02T13:02:07.020179+00:00,9f1edd4524b7d23c3e7df20b55ba9afeafbaf0abe116fc4b26067eb68d4f2b52
2025-11-02T13:02:07.156545+00:00,b4f2f2a3ee580cc63f11a4684d82642e7c5cc122a8575e2771d4cd5b4aae7f28
2025-11-02T13:02:07.293490+00:00,f43dc7ebf7cee36ed57986a5a14ae1fb69af5db9bc609458a72d2b7de498b431
2025-11-02T13:02:07.437074+00:00,bcc73962d423fefa7e34624402f989ba20792797acdb734ef874fc625ed4c285
2025-11-02T13:02:07.587764+00:00,617dc3bfbae59dde08cac8287f530205fa234a2d7ff4c1ac0f223a3fe99840ab
2025-11-02T13:02:07.745926+00:00,01344431fbce944b47dde508a6d43a7db24df8f202d0374860555496c543e237
2025-11-02T13:02:07.882959+00:00,5ebef166b65d43a949b4f85681de279dc6648166614691ed94ded361f7fbc3b2
2025-11-02T13:02:08.022724+00:00,57bdf22b15a0f8673007353095b626a1e0ea35f386e804a8c017d10701e9e9e5
2025-11-02T13:02:08.174535+00:00,7bb821bd4208822fa79b4c09b7e8aae2f319575699b0ebc7a85367c31c3e638f
2025-11-02T13:02:08.317272+00:00,949b9443e0199a8861bd594a7bb86782167db97705b3688737444c8045348295
2025-11-02T13:02:08.462474+00:00,62de6cad3799bf4bfa9b34b058b2cfc20d8c069dae03031dd49eee9c92c4c4c4
2025-11-02T13:02:08.601102+00:00,dba361559010cade09ab95ee19af00d05f1cb8e3467ef1dfc107e43c40c9a8c5
2025-11-02T13:02:08.742430+00:00,632064fffc2ea2f3feff22e7fdfaf75ba899f0087e2262f6944a484fad0295df
2025-11-02T13:02:08.876720+00:00,71fa0c81ce7abb5f013b8b08e14b76f658de5dd62b34fefe76c98fbce34efe31
2025-11-02T13:02:09.022188+00:00,c5aab1d0dfc4d5174827cd024b07f41f221cf6fc9d2db722294fb94e5e30d60e
2025-11-02T13:02:09.162410+00:00,36534c34923c87dad97b555ac8853edbc3c0b2c793eef05ee8dcc4f9c67bc099
2025-11-02T13:02:09.305810+00:00,56b9ee87aef0cab52f9ee0845cf20f2de7642bc11089026ce57ce6ead57e4f2e
2025-11-02T13:02:09.441684+00:00,8ab07188138861d255b1c8ed1b7b06b5db6376b24398941469c80c35c374d1a8
2025-11-02T13:02:09.585341+00:00,006be11520bb47309f419bc10f449a2b489129c4d777a505f614d7ef6df0945a
2025-11-02T13:02:09.727828+00:00,457f9a2ac32b3551ed332aad3b3578f1619a4bbb2af4ead7d266afca9c6ccfec
2025-11-02T13:02:09.870203+00:00,f90338e5109d78c07f45b5666eabe576ad04e63b2d639a7b1870db9ba09194d2
2025-11-02T13:02:10.008929+00:00,de1ebdeb048ef7a86d5116b7850c2530d4cc9bc71ed0032d744a6c6cdccd3846
2025-11-02T13:02:10.148326+00:00,4108545fa4d8d91c2a658dff9961504fd426b0a876a1cba01d706134916ad049
2025-11-02T13:02:10.289372+00:00,4ca7cd93c1c47985137e40534801c4af768091605f114681656e61a680179da7
2025-11-02T13:02:10.426607+00:00,7523b32c1f5973a7b3fcdd21b2d2bdd3a4cc1457ec7e9a8216ede139afdf6ccf
2025-11-02T13:02:10.623129+00:00,cccce37505b17bfe4165ba96c4fbc87a7168e713f64ff39d3ce90a692ec50971
2025-11-02T13:02:10.773566+00:00,76a5e9d50eb658d32c85aed30694b2e7fe67f02340a583b11a4810c4bfffd6d2
2025-11-02T13:02:10.914901+00:00,505545c0ab0cf9fa8b3e49a5a3c5ed7c8a7a1a42088c9fb701b25bdd3c9889b1
2025-11-02T13:02:11.056766+00:00,6b397588f3e8fa18cbd7d5e5ae846901e0a1d404619a6b2a465aa546ea3645e3
2025-11-02T13:02:11.192980+00:00,fd0e4581352e69f9ec09e60c5c63dccd25ead3ffba1abb110d749c61a3d76b7f
2025-11-02T13:02:11.336745+00:00,1ea016607795f65ac19d2a645ada6880ffb4b17801512e68d5188ed3e2ad544c
2025-11-02T13:02:11.478648+00:00,0610d26ff7dcd8ff74ac2d045acdb31df9a8220327e37e15310235334b2d2711
2025-11-02T13:02:11.628791+00:00,9dba7caabdff80bf63a20864fde833d16ec4eba10af0f713c53cc466778450dd
2025-11-02T13:02:11.775080+00:00,d2f1a9d42af1c015b6fc6748a42816c5363513d0e59b15ab7076132840389f8f
2025-11-02T13:02:11.917697+00:00,50415a718e7057d4af5f354ebf315b94c189a3ebdfb73a2f8713179ba870b39b
2025-11-02T13:02:12.072967+00:00,5796ca462a484c7f98238ca16400eefbb3541f5bb7967cdc8e29981f99b4c212
2025-11-02T13:02:12.210052+00:00,ed20585d649912a26bf87827d333063517f689486bd0a5c98c2ebad690dc8af1
2025-11-02T13:02:12.351470+00:00,5626a3e533e83297f90a839f6b2a1c03354f6ff20273bdd52ca9bf7f03018898
2025-11-02T13:02:12.495161+00:00,e1cf06b4cad7fa41df30a6b9e4dc4d1b9a9170a85b5274d441527c40052be099
2025-11-02T13:02:12.631825+00:00,82f185dc810d4f6fe67483a466f84e9cde591e569aaf8a367bb13805a2c64695
2025-11-02T13:02:13.003759+00:00,2f1cd3f900b6cba448a64d9c204b9ff413c3b727e12d9777138ff6f25ed42c95
2025-11-02T13:02:13.142181+00:00,221d5ae5fb4a5f71a04651b2d9c5b7e7b491c7af4b62acd254a59018bba9fe00
2025-11-02T13:02:13.285084+00:00,753a1661e852f9f0e2d22915cd4ee52b740a3a5606ea378198e481e87cf0f0e6
2025-11-02T13:02:13.426429+00:00,77feaabfabc5abc1ab51632db885bd77fbab2b0a34fbec6e02140be76bc6526d
2025-11-02T13:02:13.564367+00:00,03562f0ba687adb68a0f37cab5585bc45eac2b4c80df20ef85938ee9ecfa873a
2025-11-02T13:02:13.703954+00:00,7e20ea4816c65947808cb407a7aa03d69df00e9bc7b9a7fb7dabbc5c68712a7a
2025-11-02T13:02:13.842316+00:00,84faf074bc3128fa9fadca965641044b3eea68f0d413807f723cfa2f699ea5ed
2025-11-02T13:02:13.982756+00:00,173bd0986b63ccaba205e3b015582d379ed9cc3ede067cfcde677618da22a03a
2025-11-02T13:02:14.127622+00:00,ae74ba2283512831148c4fd31ec3fbed073576b57d7d4cccb2880be1e3dcc886
2025-11-02T13:02:14.273140+00:00,e78323bd1309b2e3bf65faf5122188a8241a9acf9b3db350fbd1a5dd24162d80
2025-11-02T13:02:14.416764+00:00,357e4dc726b746535ad3b3a0a6a8597f28a14991ee52ad1844bd48f9e8305b73
2025-11-02T13:02:14.554432+00:00,1c4fce19402712ce0d57d4bf4b3cdb3278669ab6f3621582adbbc5a5c39c3164
2025-11-02T13:02:14.699774+00:00,f86bd4e64e54888bdd3c698e3c0076535e41fc365318a9b88b84042fc6aa923a
2025-11-02T13:02:14.843124+00:00,1a8c484e834d3ef41410f8fde05cc52514d30017d6cebe7fc44004e8762da539
2025-11-02T13:02:14.990400+00:00,a98116acc41518ffdb28828641214c562af99f5472e77b35731ea9d4f34051a2
2025-11-02T13:02:15.135115+00:00,0902504ace48af2a5f96a1bd32a5e9d5b8578d638652837ae1d98e696e84351b
2025-11-02T13:02:15.275745+00:00,7a1eab9bed7a6d1b8c57596f5f34704695887b2f9a653848d8337ace5c5d99bc
2025-11-02T13:02:15.419346+00:00,7f7d59c78133728689d17630efc9a6b4070b6981687e98b30114c8a1c67bc991
2025-11-02T13:02:15.562364+00:00,cba4f359c02295a92b56ec96347ee8c332f8797ab10a22a2a25ec7c718019f9e
2025-11-02T13:02:15.703129+00:00,4a451aafc7b2e627b6c6075daedbee48876a9f4d1c6c1cef147a6db779aab308
2025-11-02T13:02:15.840063+00:00,293b75b6c68ca6f789a9777792af2d4f69fffb540a2f8851db77efdaf93ee4a1
2025-11-02T13:02:15.978644+00:00,86683d6799520a79e4f2a8b7074a02b43d1dd795c2fe17ca6298e26e6f4150d6
2025-11-02T13:02:16.118918+00:00,3faa11be7dba4734ed263b730a8eb5a133af2eef7774db06a4f2d45da02a8c79
2025-11-02T13:02:16.263431+00:00,74dca68fd63bec091c12bce736b7063a16a588533da51f732af3c8d60a446955
2025-11-02T13:02:16.407941+00:00,956c3d83cd14518fa212fb50aad892a5de3f4dd87f0b4f49376ef30028b07d91
2025-11-02T13:02:16.542561+00:00,95b090151203ca9c1740b3c288cc4468e548d629749f782d5fe0c5df3c095e19
2025-11-02T13:02:16.681738+00:00,d875b849ba3d8eaacebe1a0a5c9d783a782a62a9e2f4de9eb9769b3f124f51ed
2025-11-02T13:02:16.818130+00:00,b6903e82692609116d3743e5d40feaa62137dbcdb2724cbedd566636ae16b395
2025-11-02T13:02:16.954189+00:00,b009718193f2f7325d6ef44b7e23ec366dce87561d11700ec7bdf880966bcdb5
2025-11-02T13:02:17.091342+00:00,3593e9e1a77a5d13cc143f0b1808226945be1f258727a3b1c882a9d16b1b94e0
2025-11-02T13:02:17.234448+00:00,cf06e684d810e7af91e422f92c3a2e84a7f44c7223e44dff7379662abfc27d93
2025-11-02T13:02:17.373399+00:00,b3b8074ce71a87d7e91950b54e0ee0364d0fae31573c79064afe2c240b27871c
2025-11-02T13:02:17.522697+00:00,3184db6e5eae426516e3b7ff4352a0027aa530483ae1596c1166538eb457626a
2025-11-02T13:02:17.682143+00:00,814786cfbbf53a069ff529699aad46bb1d20ea2be2dc837b4210d851d6d49d0e
2025-11-02T13:02:17.831839+00:00,122f76f790caf753ec397a9f369ea26045e2d33a722f9295bcab7738fef0f26b
2025-11-02T13:02:17.970966+00:00,93f431ca60e0587826e366fbec414272726d746bb043d84cc94626d83dcfcbe1
2025-11-02T13:02:18.341569+00:00,9e940931f4f1b86bfc915988c4c7c4f9bafffe5578149637aeade54ad9728a0e
2025-11-02T13:02:18.479287+00:00,8089c788f8aa67382c2e1b23a048c06e040b92ea8fb8efd4db3f2b4be89dd35b
2025-11-02T13:02:18.617182+00:00,05fa25b4bd270bd9bc71557cf5697c9d241449eda4019dfc5fd19977671f9737
2025-11-02T13:02:18.762668+00:00,9bde2f6336a0f19a99cd63e8f579faf9a85cb2d19b77ec7f99c390b84788b3d2
2025-11-02T13:02:18.899559+00:00,966ae359308faf4ef2db7a767b49d4a5075ab3802d0cac1dd4d1d78735d6ad5f
2025-11-02T13:02:19.042016+00:00,8d6044c318f5b73b099517ac6ae14f864eea20656a1d27f297a9435521109b6d
2025-11-02T13:02:19.185382+00:00,457bea34ff09cbbed4d21b46e9ca01a71ba56388128257c93ef4d26890718002
2025-11-02T13:02:19.322570+00:00,1b4cae15e01cfa6eea9a330ce4643a82abfd5786e168c19f73d3d920ccb93a0c
2025-11-02T13:02:19.466455+00:00,667ebc7b23db982989748322acab5088b516e8833b41fd960b5c2c903aad379d
2025-11-02T13:02:19.605403+00:00,d25215e92b742af7b1fd3f2112a090ec01ea892371bb9d71f91e9d788f8d4f67
2025-11-02T13:02:19.750129+00:00,b1f7e3ba55e7aa32a87574773052e5ce71a71c2045f70976c9c5789b090e1166
2025-11-02T13:02:19.917816+00:00,be92a05ad5a6542831021ca6062a3e5a8b81d487c5bd01fdc21c06b2392a7b27
2025-11-02T13:02:20.059649+00:00,16246a76d0f40e534c64aab45628e31dfed12956618e55393aed7e03a50e0a41
2025-11-02T13:02:20.195409+00:00,2efe307bbcbf477eca98cf7e3cef24ead24d9f7bde1c9aad0b1f1403ce34a992
2025-11-02T13:02:20.332994+00:00,761a210e455498c91c9f37e6868cf701226d94cc9557fdbebcc99c91b5dfb159
2025-11-02T13:02:20.469565+00:00,de9c9930e0c2598e660a6540f1fae41edf0f5f5e7a31790387f8de9024e2f715
2025-11-02T13:02:20.647450+00:00,e9773600db3d200cb17e7056e3b45d876b2e945f786b2ebbcd6cc2f823563552
2025-11-02T13:02:20.791492+00:00,1990ea5fc8f3a3d4d9de88ae012ebdcef9845d4294435e94950547798d52612e
2025-11-02T13:02:20.931655+00:00,0cbab39b821b4f5b367ecdbac92ff8d317d165adb1b5f37700ea6c00c0a3397d
2025-11-02T13:02:21.066791+00:00,02b04bdc3cb3718ec375e7fd1beac830c95a32665b648ea8f00736d45311f26a
2025-11-02T13:02:21.202735+00:00,ceeab736f358e877d36f057ea3c418d5e818c844380569535df36f65f10bcf2f
2025-11-02T13:02:21.347693+00:00,da86a615b25a50cab80033d6e8b0c89e432bba3f2719ef707bcddfe930a2cde5
2025-11-02T13:02:21.481565+00:00,362abd5bb1bfc66a74fc5eccfb5a6d7a4395976e96d02d237fa5597e98391e87
2025-11-02T13:02:21.617644+00:00,76fb70ce8f0fb3ce29723f01b31ab6eeb9bffd658d609e79942356d01d53f54f
2025-11-02T13:02:21.754329+00:00,4986a8d3573fe3f21acc453374cfdc7257050b01cd5648f855382df7d17c4ac1
2025-11-02T13:02:21.897955+00:00,d5f006ffecd6f813ed47898accabf897db5ed4ca05c92d8fd24f641225662315
2025-11-02T13:02:22.036414+00:00,fec1026abcd69c2ff0f840dbfc178cbeed635cceee503fc5cc27c917dc12c9fe
2025-11-02T13:02:22.172187+00:00,3abd12434f64d99b8dd896713c982f7acc6d1dbdb1b32fcd53d61d72b22c797b
2025-11-02T13:02:22.304684+00:00,477127b956b36c095ac088a493dbf062d2c0ce78714eb8f2b3e57168c31e0a72
2025-11-02T13:02:22.444872+00:00,c193915e80c9447e67f64e7927b8bf4909560c712106f6024c8ef3f3aef9fb84
2025-11-02T13:02:22.578350+00:00,b3d039c2af9806aa5e0ecf9924015241ddfaf30ad848212793e4745d1a403d00
2025-11-02T13:02:22.748525+00:00,851915bebd14b18f29f8da1a425135a34f16676a629886e47c2f6a6c524889c5
2025-11-02T13:02:22.884322+00:00,709864ad0f0a6a3701c0e4d41565f30a2d8c211db44ec0a72a0aa8a2925a12ad
2025-11-02T13:02:23.020757+00:00,ba79b74a8e3e45379b9cd9d7191aad4dab2519a4602d5e6fed1e2cb3fea096c0
2025-11-02T13:02:23.163059+00:00,9148e6258df8d85037091c7906dda800b86d252cae6993296c081a85d7903937
2025-11-02T13:02:23.303176+00:00,af98dbf9f3467ed9536823af9d714139ca879656d995943efa52186e6f0f8eca
2025-11-02T13:02:23.682295+00:00,5c7dd749e6a3a99a771fdfc975603f0a5ca8cd26f8ffd9d0c075caae1f6165fa
2025-11-02T13:02:23.819333+00:00,ac7aac39d13df6c5ecebbb979e6202c8d1578ae820258faee76bd63378905cb1
2025-11-02T13:02:23.956273+00:00,0dea2e571e7d6100bfad9b280270fdca52b81ce065cb73f90d2568c3a1fff862
2025-11-02T13:02:24.092432+00:00,9dd99ce28710e7e199b879073512570f0141b97fe504125d671057d1c58516fb
2025-11-02T13:02:24.227047+00:00,369d929611c14374e763fad6e8ec1ecd87008423b1cfda9addbe049eda55c12f
2025-11-02T13:02:24.361864+00:00,540eaa15055934edcabb98f50cb1c44f7a0e3df846c3178fa9c281f891c2dbbc
2025-11-02T13:02:24.493649+00:00,05c765b3496bd4902b8b0fde00977b553adbf51b793a30355b1775c762be4894
2025-11-02T13:02:24.631101+00:00,051de953f625b8ec1f4fcac0853a37ca36474aa83b681d816ec2704fd087f4ec
2025-11-02T13:02:24.767484+00:00,d380a2bf7feceff032520c137aca2daf48ad77f3d43cbdb555316cda448ef6fc
2025-11-02T13:02:24.902834+00:00,e9753d4cf66e29abec5aa2c984cd3accd0cb2bde195b8d8dec4f5430b3156cbf
2025-11-02T13:02:25.040021+00:00,b96dff984e05e4179b361ed45b069cb96d35375e46cce07ac1ab2bfd6827e344
2025-11-02T13:02:25.176158+00:00,83a0961fe25afad09408f23930b347861479724233539c6e413adfa54a64271c
2025-11-02T13:02:25.314775+00:00,efffaf263f3ab44d86df7103ab135f32f2e7e4213ba16706daae95d391aefcde
2025-11-02T13:02:25.453843+00:00,f07a28f1916a52066b80d0ec20383edbbd63a383289cd42b8c047b2b084049e7
2025-11-02T13:02:25.595897+00:00,037016e165178107e129f1bcd3f7ab5c99f889df86c7605826d75bc9febb5019
2025-11-02T13:02:25.728355+00:00,704df77abf4c6d0dc21355f15c0122f711bf4636619f5617fea1911b62f84c23
2025-11-02T13:02:25.868638+00:00,20f79ce874c57eb41daccf0bbaabafbdbfd71cbeb4c1ba2b1759086c08ddf387
2025-11-02T13:02:26.005580+00:00,a5a2de714a2e7551a7516ba3a48f7efd202471a674be7633c115667a25f867ea
2025-11-02T13:02:26.142460+00:00,a3734bb7a797adfea8456a73dba563ebda3417c0af40d281a6bba4fa5c79b32e
2025-11-02T13:02:26.282945+00:00,b847d8c82510b531843811db23270530d16b7a31056272cebd68644d79c355bb
2025-11-02T13:02:26.420120+00:00,5996556cb76732b4c7bfbd2997488c1b82f66d7323b7235958e02082bca6aae6
2025-11-02T13:02:26.555618+00:00,ae62e203595d0a4d0caf1bc8b70d3936c158d789768d6bafaae864086e36f3ca
2025-11-02T13:02:26.692751+00:00,1c27ca76789ceef0ad12d0525f59a37e68d88567512a3874cd044c8f74938313
2025-11-02T13:02:26.833106+00:00,f998014907f34d6eccc2e1dd8f788c2edee2f3caeac534a0bd6420beb0663202
2025-11-02T13:02:26.966919+00:00,bec4bfc05c9270c5e922d7b887f1ffb093152e01fccebc29a551e332154b78c2
2025-11-02T13:02:27.111401+00:00,f7dba12228346fbdc2026c27aa67c066c73827857718e8bce92e42af3a2fae99
2025-11-02T13:02:27.247432+00:00,c455e205bf15530573de8dd94c5c5ea014a14f88a9a4ee9991a5bbf38d01abee
2025-11-02T13:02:27.379316+00:00,eebea18fd0fbbe1eb2053ae192cbc70c19dd3217efa2ff6bfb1c26241ff3eabe
2025-11-02T13:02:27.529022+00:00,bc2a788defeec6e559917e816f0d41c305a0a3783c218b62e212085c748ba8b5
2025-11-02T13:02:27.701866+00:00,b58e0cc2e2b51c81d597e616c196b7bc10468330added6a48b08ce5481254c08
2025-11-02T13:02:27.854648+00:00,bb44d49c85dc61c7ede95cc7d77f6aba218a9143b466248c64b7e9f6a24b7ab1
2025-11-02T13:02:27.996124+00:00,ed012efe57411512973e55ede6f5d9c3e1a5b7cc0fefa884ac0c9f2ef8c2e3fd
2025-11-02T13:02:28.144468+00:00,a9578abb202340bb38839fb5ae05ecee91601b25ce2aa518d761a04875208318
2025-11-02T13:02:28.282237+00:00,87ba88cd16f9d72ce8a4f5810fc9c9979827a3d85b1e9981ef3e2909f9ef849b
2025-11-02T13:02:28.420627+00:00,da45c1b6fa1e50a82970631575bd092fe6369f15e732034645125ce4ebeea035
2025-11-02T13:02:28.555875+00:00,7f4a89fca99341c15e40e83d45a722dc3123b755f0227ea78d8f258e79c77f61
2025-11-02T13:02:28.705550+00:00,0dd697d4c28360d9f782becb0cf6d4f29143f12b1ccecff217470c4928302c6e
2025-11-02T13:02:28.853843+00:00,1f738349a7ed6908a5461342cd7b637df4c06323aae304b963f06d6bde254bc5
2025-11-02T13:02:28.990977+00:00,ce785768d656bd40f7fba0f6820ceba5215586198d7ab1cff82b5ed24c3b9e1f
2025-11-02T13:02:29.125164+00:00,486943e30b5975bb6142374f637a0925d09217f76ff48b26908e95cac9cc6cc1
2025-11-02T13:02:29.261722+00:00,5c5e70bcc1ef0daa1a4754b41324e686ffbb2bdbade3d3effc4ce6656b5b8658
2025-11-02T13:02:29.399348+00:00,7090ac146fe21b2a7dff868c3eda278c42f55c2f8592cb19d556a6731238f733
2025-11-02T13:02:29.541626+00:00,f10a8b8fa653349e19aa6f1b8bd4c7fc9c5ecaa1916dba757c2d6f5b59769582
2025-11-02T13:02:29.679720+00:00,513851039a5cd65e2e4c912f7731487f6bc0a2f0758e29f59d3813c584cee1f8
2025-11-02T13:02:29.816415+00:00,708469c4155964166cbb5ab59d91e7ced7e5430406584f43af356d0041c01d42
2025-11-02T13:02:29.974385+00:00,90f7d8780b2efcfa819cf465070a9dc3716b1629233bee05fa9fa2ddf59cd469
2025-11-02T13:02:30.112972+00:00,7b0766ccd2ff2b224a63ae9af41be9e6eea961224ab1640da9259e8994ddce91
2025-11-02T13:02:30.252081+00:00,06040205682ec31505911c5d10aa1cb6ff6ed1c9c97c1b7d009d18f670a634a5
2025-11-02T13:02:30.389989+00:00,681f9f5a1ca35e5477a0cd6b039d8f03c500f622fc591ea645d871264f31b400
2025-11-02T13:02:30.535906+00:00,e67de953bf568c43e29c6b1136b9c2345feeb051ebc0f0e4901a9ee78b3b82e0
2025-11-02T13:02:30.693741+00:00,c7c04fb6447f5dd7b049e1276713464ad26f50e4210819c79a1e5304bb3ebbba
2025-11-02T13:02:30.835792+00:00,9e9a63c359773e637bbd92df1eb880215b54d8e5e7d70f36e7d240cd09f99cb4
2025-11-02T13:02:30.975487+00:00,da799ab44513c4c5d9272ce795d8667b58021ea39f53362328b1a2bcde68a192
2025-11-02T13:02:31.113128+00:00,9a537ecfc99707370a9d5e4165cc2d4050bd23a8d6909f0b1e48f7579ec54c29
2025-11-02T13:02:31.252909+00:00,e46782dbfb7e84774e35f651413dff3bf135581a3d56241d80eee842b59f529d
2025-11-02T13:02:31.389312+00:00,ebc1c42d4220c3d68abf25838489d4475e70f6009bbade1096853badf868bd79
2025-11-02T13:02:31.532166+00:00,a4b81354e4d64de798d43418bc4794148bf0d5fec6a1131f2db210b7522aad7b
2025-11-02T13:02:31.674184+00:00,b909bcadf216cfce4fec0c3fbe2f4dc64b06b8a46f0f7eb972d16ca5b620cf69
2025-11-02T13:02:31.814256+00:00,136f9eb02f1157eec107652a040c73760837501c987b22468842998b3158e20a
2025-11-02T13:02:31.954667+00:00,7f4fef8239ec5281ed5728599a41a8fd01913b0ecf1a6e4a347d9bec69cc0ce0
2025-11-02T13:02:32.093701+00:00,973491f9deb446633c7d48ddbd94cbc407857e6fdf5c790cd1848cbc7a4296b4
2025-11-02T13:02:32.240790+00:00,f41ce988b7ee3053364842175b2cfc278ff1f0b2b0863b771afadd969a743c0f
2025-11-02T13:02:32.375327+00:00,ba656ca3bb06d4747ccfdf1c77497b5724d32276c0ce04e9fb39214a6de13b22
2025-11-02T13:02:32.511674+00:00,8f3f75ff4d6f602b32a8bc4a981cb1eb58a5bb6203fdef6e89d1fb6f326bf894
2025-11-02T13:02:32.652607+00:00,702233dd906c548bd89916a80d8e4d66be1d7b8d34d84927a0d2f16e68911fa2
2025-11-02T13:02:32.791452+00:00,a3fb92f7ce603259451cdf0ee6ef0486b8cc6cb8b3beca551f2188fc321d2474
2025-11-02T13:02:32.933399+00:00,b2566cebcae7d145b6634e9dda868143daa9e6aec6f7dd648844de57cadac9ed
2025-11-02T13:02:33.069894+00:00,6e0085e0b4749f431c2381a8a4e6a21e0897bfcb8ecb3fbe8c0be000abc87649
2025-11-02T13:02:33.217872+00:00,f30bc0eb85e3a9c2b62f7552ae512387e7f3c244fe9e96f8bca54c9ad5d2c2e5
2025-11-02T13:02:33.361853+00:00,24661a7c6c2975fa4ca6aa01394e225029c4b90692dc13344b708a41b50c9488
2025-11-02T13:02:33.503742+00:00,3b1052ab43022b8aa71307cac99c2ca617c570ba44c7033f98b1c4479e04e3d6
2025-11-02T13:02:33.644446+00:00,40c3938a08d0c74c53c54bcc3024322954a190b6f7ee326b454ab48dec3d1e69
2025-11-02T13:02:34.044618+00:00,6b9c8728b74314944d6a7b24f64f996176dd5cf19a27aea270dd9b9e559c9c15
2025-11-02T13:02:34.184319+00:00,f5341f3fcf1d7c4217ccb20cfe5bec32284f3e6886eb9d211d3c57faa0b021f5
2025-11-02T13:02:34.320864+00:00,a327bc3e0d3aae8ff611f7774181fc056e1aa125939adad5bfb01ac23e9d06cb
2025-11-02T13:02:34.456874+00:00,e12f55f0eabdedb8ea4bea0436da7f8d27ac9763158d61f8f163164cd93b498b
2025-11-02T13:02:34.593090+00:00,46919828669c00b0cd5f0706afa900349c50fb275751358a6ff9b428206e79ef
2025-11-02T13:02:34.731608+00:00,18cf48aa74784dcc2a8e4fafb09862f4515547be1c1ec4e804cc1c6a8c7c5f79
2025-11-02T13:02:34.871494+00:00,859b9ce1e5e9be628adc364090b72204b8620ec241e38aa80b3275e416ada601
2025-11-02T13:02:35.007285+00:00,3daab7697cfb2bfb06b0dfa62951eea81a934d8df81b5519fe36eca66eb6d0e4
2025-11-02T13:02:35.142452+00:00,744d63d33e7c134bbffb2a0662a7da8df0c3fb63ab20fd9f1aa2e0468834deae
2025-11-02T13:02:35.281015+00:00,37ae2925bb746228994d75a9fd99c0a9e13f84cdb49474b516e9b8affcfa842f
2025-11-02T13:02:35.417685+00:00,1a98a29fd11f2fa9751fd290c9f26f926e74eb89a5084a32f0cdaa022db76ad0
2025-11-02T13:02:35.556163+00:00,1c67840e4cce8e5bdcdf8d8118a0440a794e227611204aa4538095d96e171920
2025-11-02T13:02:35.698511+00:00,0e3d427b23bc8ce411850a8444aa81ca802bfbbfc67b5388ca4a7b36ee103a8c
2025-11-02T13:02:35.847669+00:00,cf240b45ad21de37cee84e8ebf6493993139554e7fadfb7feb95437c7c3871c0
2025-11-02T13:02:35.988833+00:00,bb761ef59bde538d8dc94faff1afd265b3664e2c9b99556c4ca2f8b7eda2c06c
2025-11-02T13:02:36.128326+00:00,fe11a166a7f399c7a06c2c7111ebfd6119ccfac33ea85354bf2cc126197fbedd
2025-11-02T13:02:36.265051+00:00,78ac1d195177e6d1b86f68f01a4005b911c9609b2885aafdb0582c9cc9902296
2025-11-02T13:02:36.401457+00:00,a6b1dfc9748eba511bb7805f2a040a48b27b3f683dcd30ce0ba5bfa60a6dd4db
2025-11-02T13:02:36.543470+00:00,9ea1e475bd9982201386726d2a8339590833d7d1fa3ef7afae61f8e365d09e23
2025-11-02T13:02:36.683049+00:00,cc7af930ab9e541063842c9b7fbcefbf440f3ab7e0404e0d60329b9d9c4c77d7
2025-11-02T13:02:36.821554+00:00,5b47c19734036bad7b78924236c368e6b282fa01b18196875317422ff373bd72
2025-11-02T13:02:36.962683+00:00,ef7f8e7e21215463a90745eff6cf74fa028574338ca592f60fa76a2b018cfc0d
2025-11-02T13:02:37.106045+00:00,cb9b2016d3fbf83f9731a08f190fe2c2cd2edb5e3d4bd64eb30b8fc5fb43060f
2025-11-02T13:02:37.243010+00:00,e0bef276d2cc2122265476efdc141f38dca78f922b4ba3e2804a2d8b5e0ef329
2025-11-02T13:02:37.385608+00:00,40f74052d0e46e1b6d02d913a3e7c3dcde528bf73e1d215a8afefd4eb383e24f
2025-11-02T13:02:37.531555+00:00,d8f6ad81ec37e15081c4703f34674b3827eb415d17244fdc40e94ec2334f20c0
2025-11-02T13:02:37.683029+00:00,2270b304a68599008b05d6020daa5f50e2b3aac7e959f53b625d6fbcea21a6c7
2025-11-02T13:02:37.829229+00:00,7b14d96440ee230121d6e94c071e27fc25b4c18845c0f9813f3b5967dc171483
2025-11-02T13:02:37.970124+00:00,7d1396c33f288a9ec2131a2768a4e59efa6eb3ec9ade6a69761a5692d2a293c7
2025-11-02T13:02:38.120150+00:00,a4ceee06b418a8e9a3de28c737e2175c628623b33df9d8abfc8a6317b675314d
2025-11-02T13:02:38.261559+00:00,aaefcf44fcffd9ea7d7843cb85c54026d36c6492b1e8d2cda2afac66b959d74b
2025-11-02T13:02:38.409783+00:00,4e05bebb7501c19d282de7a9700f51e2eefb04d39283b1eaf1b704a25fb6ee84
2025-11-02T13:02:38.555380+00:00,a74c804e7d713a9d5bc6fb42a0b6289d6f05b75d015285a46e79adc401953b74
2025-11-02T13:02:38.693194+00:00,6ad30f82c82860748f42d2dba641c6677f7ea8cc94b8fd6a0c851505d8acd63b
2025-11-02T13:02:38.837576+00:00,4200d8799a6d8f84ed9241a45899933cfe59591d6855eac0755e4b653f6c3ac5
2025-11-02T13:02:38.981458+00:00,7ebc1afa50021214a05e1bef25c5f47a6cef878b7b122a524e59d9109dbbd8cf
2025-11-02T13:02:39.332272+00:00,fc3c985ebccfd7c6e90d75f20d79936691268d368bb39b428a6a89b112c88d65
2025-11-02T13:02:39.470796+00:00,d83ebf25c3b6d79765427cb667a0158fff76fc463f6ca30cc8244de461214366
2025-11-02T13:02:39.611378+00:00,ef584edfe6fcedbe4f5ae9a8ea1b06fcdf7415af552e6ad166167a105c80ddfe
2025-11-02T13:02:39.753682+00:00,057c0fb7cc8648e22b9979d955c024d530f306dc1eb47ddb54115d9d34ff40e8
2025-11-02T13:02:39.933592+00:00,e64e6440dcfcdd79a714c4e05feb6d939c4494a42bc02671a24a9c4e9a9c6e08
2025-11-02T13:02:40.074133+00:00,613c2637505a13132d68379dde86c96de6ce0bd8302f823e66c64a3848ec255a
2025-11-02T13:02:40.212565+00:00,c860482714ac6b8cf64499b18141fd1474b1065fa50ee7bda79a7bd24eac9cae
2025-11-02T13:02:40.360368+00:00,d9b2878827bdc31cce6a3f4def4cfb8481a599b4f97cc6893c12594b523407a5
2025-11-02T13:02:40.515450+00:00,836c6ff92bb09d84e92c9da1816b8a97a89a426816510d0de4b135c6d2386ab5
2025-11-02T13:02:40.684088+00:00,085fc7a17504f3d418320ed51b8b33f10846b7ce003cd2347011ed7adb3d1d52
2025-11-02T13:02:40.842487+00:00,58b43979bd65240889e185ce99d2c502030ce1b5e8a60e78c71bcb5cf672d031
2025-11-02T13:02:40.986598+00:00,1377b70d248feb36a519d84815f9f53133ad171005d596dac1f0815b722a240b
2025-11-02T13:02:41.129941+00:00,686a5b19051bda74868dd941b4bf992a867502209d74aed7035b28a502cbcaa1
2025-11-02T13:02:41.271243+00:00,92ddc8fb90329b79467c7514c257f2effbf49423e4da6197afd697efb0ca0706
2025-11-02T13:02:41.417648+00:00,6b7261920dd8781f8637060c61eb7ff0f0ab8f4a1e7570da6974bb1eb9f7e21e
2025-11-02T13:02:41.560344+00:00,e7df32a4410e05f660f07ddf130838f43219e781df978f6a86c7dc32af5cde8e
2025-11-02T13:02:41.701114+00:00,7765c0f4fc5909993cc6ea8a550d1518541f18015cfdcdce8600d563622001bf
2025-11-02T13:02:41.837301+00:00,42d911aac86c73d63147f943dae90c17361e019531e82a13173da6c25e94c616
2025-11-02T13:02:41.980127+00:00,f74e964b1bf2e0039d86873668fd40061597f363d769ae61a60ea9158dbaf132
2025-11-02T13:02:42.119601+00:00,9be77533b2b89d627bcfbc81d07f5929d0d51e64fbd7f7c3a67604b61670dd47
2025-11-02T13:02:42.262367+00:00,3decfe3e00026fd65df2e94d05a11436aa97fdb5f3e428a87f9f528148aa5523
2025-11-02T13:02:42.411370+00:00,ba80561099780a7d68ba8e6bfebf61cd9761d8b92ae5d11adbb0d62f9fad1df6
2025-11-02T13:02:42.554011+00:00,c209ff0cc441a43f5ddae7bb49ba6efefb56aad28efbcc3be71f4e297c45efa2
2025-11-02T13:02:42.695604+00:00,81bcef964b58bcdf3c9eff0273e264cce5ddd14b8844b41d5a347bc6a75cba82
2025-11-02T13:02:42.845410+00:00,d232ac70efaf007180c94f9e30f5ad9e9326e3751b2328e113b454d37af05b99
2025-11-02T13:02:42.982731+00:00,a553a6cf11e5edf28e31292418c48031adad97d1a69e9d431eff0ca260903c90
2025-11-02T13:02:43.125362+00:00,7109ee8169d8afc824ae64987132742b58a611bc30d887f5aba9c40080dc6009
2025-11-02T13:02:43.270554+00:00,bee3ffca318baae9ba791a6b8423693c3bc7d4e5cecc6126e7c887913ef90c34
2025-11-02T13:02:43.412922+00:00,210ab74ddabc89c487d575b11649ac4670d3864afe2ab017b16eb1fdb9aff31c
2025-11-02T13:02:43.553828+00:00,8c4778143b721680adc3dccedc368e845538f2442dbb676119f119cf5ba19d5e
2025-11-02T13:02:43.690474+00:00,4f6d666ae76e2805a6bb5666448a4483e414686809e4bbe16f615da2558e64a7
2025-11-02T13:02:43.830017+00:00,9e8f43aba3a8f67218d3704e602d6cd059bf37641ab7ef639a80e3d2560c9cd7
2025-11-02T13:02:43.971405+00:00,a0bec150437bb19472746e22dc3b0a6cf9fb3f15ebc3eb757d5b3abd091d1e85
2025-11-02T13:02:44.116503+00:00,45a7bd3c3861998a464d2e087a0eb548e8880430d84d0239afeae5361ed75949
2025-11-02T13:02:44.255081+00:00,83fca86f14f86f060d388b290607348bb95c44acd0469b21e178d4a93c9edd22
2025-11-02T13:02:44.715388+00:00,f6028f329706a723d0fb75fcb3b2eb91dc3e43e4f5bef5bbd8526e7e6b979af1
2025-11-02T13:02:44.865299+00:00,b90666663831aa95fa43765ac7ba3f007717762841136d7ee2172876d592a932
2025-11-02T13:02:45.010257+00:00,c3ef8d6743990b6fd3825a4fac59cb14ed458800ff4dba8e78c539626311cf0e
2025-11-02T13:02:45.151775+00:00,cdb748119b56e16363558e26319ec2aa5d9883b9636850cd24ae66053b8155ea
2025-11-02T13:02:45.291335+00:00,dc27174443e095d326abb362bec4d247446eb64559067cf2554015c8c47d95f4
2025-11-02T13:02:45.430891+00:00,5994579b36cea3f83ccc5a6a746479ba13a57847ff7b4eb0532779cea4090811
2025-11-02T13:02:45.570632+00:00,b5e819690f7cd68205f2100fe58b7f115e9c2b4b96b5c3f260b467524651fbfe
2025-11-02T13:02:45.713232+00:00,5812a1296983906cd67d26a264a29ffde0dd05a20513e93cc2d424bf4a56aaca
2025-11-02T13:02:45.853038+00:00,6b092262a578fd80b6995cd74ec8d63da9342e2f83549c7e8761159937ba0006
2025-11-02T13:02:45.993144+00:00,9201ab7aaa9f46f6f51ca24759a09bbc63b5d7cc3f45a2805ed173db73265e37
2025-11-02T13:02:46.128566+00:00,84dbfcb24985df3e624642c36c9481f18326597417ca4887985548fe8a4146d5
2025-11-02T13:02:46.275119+00:00,4e3d1794315f6f6396ced70632511276ca67e8e7ee75142777bfed12d936c16d
2025-11-02T13:02:46.418946+00:00,bfdfa6fb2ad7380ab320a97eb84f969040b0513df6cdd6781a67ce1f77406919
2025-11-02T13:02:46.561031+00:00,69cc461764ff68de2ccb34ce33b5d12fe78f266fdcbeb3b9236842fe347d1346
2025-11-02T13:02:46.705178+00:00,f2f236545305227ce19c27a4c5894430a9de2e5630ebb0f98ecbc9b9edccad8b
2025-11-02T13:02:46.857697+00:00,469092967bc122a15257bdd494687d2aa62aa52c16ff99aeb009d34ed68c9350
2025-11-02T13:02:46.998127+00:00,0c06ebdb76342ffa6fef623eb47ffcbf5fa6a990574aabdd30e912b6b0cd23c2
2025-11-02T13:02:47.144898+00:00,fd5adf842a6108fb69908ca7ac10b0f60aa5fb6d8a2555e17a4d8b97e462ac49
2025-11-02T13:02:47.283894+00:00,540244cbb4637776fe4882fea6ddca78f44f596f7eeb16791d39940e1949d2b6
2025-11-02T13:02:47.431225+00:00,7b2bf5fd62d17e12e9d4ff2aca49ae18ef11a7abad65cf2a093f5d944ecbeaf2
2025-11-02T13:02:47.610032+00:00,94bbf0c175ee0f3b138bc8537fcd3ae9709346575d622830d2b5577f9f88684b
2025-11-02T13:02:47.769085+00:00,ba6292eb3e3c6766ae7019e8c75429d8056f204aab70a1b4e78d7847df02258b
2025-11-02T13:02:47.914631+00:00,8622f382ef1e690a943e0d374e0caa353bcb9abe40ac3e607baea377ca58416d
2025-11-02T13:02:48.055761+00:00,930c599256cebdedc1799947965c933341c6ea46e1799aaf6c04e5b89c05820d
2025-11-02T13:02:48.200787+00:00,ecfb9df2061daa4f7d67c96cddf44b313e59e8e2fb157c8ac6dbd8b0c9a15854
2025-11-02T13:02:48.344529+00:00,35fadce50766553e92b181a05ea01b3573b9e5e8d58de5d99defb71767ca54ce
2025-11-02T13:02:48.487751+00:00,4f8ede6bff71745f235f737909ca3906f51259a52edd34735ba807c80cebc5bf
2025-11-02T13:02:48.626734+00:00,548d3b2966f2c81e74b23f69544868154677d49e893b2f711283487a852c66ec
2025-11-02T13:02:48.768023+00:00,2369b87b7f37f726e81e21e3dd535662527948f7867522b5d6bbc2b496bac829
2025-11-02T13:02:48.928429+00:00,0089ce2853d0d7c32a7116cdb4ef6394a40024b4e6633b0f86874ff33d38d551
2025-11-02T13:02:49.072771+00:00,7db7436e9a7525ca188e2b89d6e60345d9d1e1d32af5ff96c4cc1ac75cb75bb8
2025-11-02T13:02:49.216794+00:00,4ac5ea5d313b31210f2dc321aa674f2c1463466dddadb4ac6e117fd276ae4b1b
2025-11-02T13:02:49.360375+00:00,5c1ddf76f87889386d21b17469c2ce7f74118b3b98c41b2666b206b5dcda7d4c
2025-11-02T13:02:49.501599+00:00,8adc49e2cd7e1beebf602b0f790b56eb0fd5849e0312aa2068cf99642b0bb833
2025-11-02T13:02:49.849775+00:00,2f9ebaa9a782baed1666bd2b4869bee8014d7417c5b86cef9e75ac1d1401731c
2025-11-02T13:02:50.009610+00:00,52f5fcba769d74ceebfe61530c2c37f8ffcf300963b58749411f527decd3ebc5
2025-11-02T13:02:50.150354+00:00,78579956e3d0e1696f8695b564351004dd2f11bf80007ba39de2fdc592186208
2025-11-02T13:02:50.293333+00:00,aa212ca3d946777f3a4697fdb3e07eeb8436e03c76aec8863b8b96213d9f27e6
2025-11-02T13:02:50.432114+00:00,99c1a21a914f2a19051d1ef7877a650c85e62058ad816c80cf243e074a6f2b61
2025-11-02T13:02:50.583634+00:00,713b5d3136761192ed3a3f457cc97b244aaa7462d976f7fec68bfa93615e943a
2025-11-02T13:02:50.729739+00:00,19c0077b182b26905981a1bd0f11e2b7afc6c9c7981d56e3645af6e2c63c95a5
2025-11-02T13:02:50.921452+00:00,9fce4e7b5e67f40877bc732452733cc73c541a701a008950e23f38ea578f697f
2025-11-02T13:02:51.067704+00:00,397dc97a1a9ba4eb060b244e8c5ed04b328f12c44fe5cad0f6d1e66b8349aca2
2025-11-02T13:02:51.208609+00:00,8f3809640593bd6d2667f09275304b043796eb8a98a9bb1fd09fd01432352c82
2025-11-02T13:02:51.352230+00:00,cda6e932257885acd2520b4c23f9b538520816578bcb6fcc2a24b4401ccc5bb5
2025-11-02T13:02:51.496554+00:00,593327f1df9e727ac324145bb5c3d41d86fd45ea2be8ea3a187f08a20d0b1d70
2025-11-02T13:02:51.647297+00:00,1affde129717773bb1bfa39484b448ff0c06f1d86b9157584c3f2e49607ddd69
2025-11-02T13:02:51.784915+00:00,f61ab69d09c9c6aa88a8a8be2ccd32b0c96e677b8abcbd77b3ae6fbd05f4538a
2025-11-02T13:02:51.926756+00:00,01ba76d5701474ef1778c5969a1273a5831a37d2de684bc7b95cfaef27db6e25
2025-11-02T13:02:52.069885+00:00,7c78ae200c4d504a0be09fad968a797bf4e7a7d9a042259aaad562f1aac3ef16
2025-11-02T13:02:52.215331+00:00,fdf5e224f67e29d5321f25560556f7a101fdbc8ffc3d666c9b103b8b9b9dba81
2025-11-02T13:02:52.357233+00:00,b94d13e04cdecefcf44a5c60fe18a67c2b31b99f0e5bd883b3af20e72b60a987
2025-11-02T13:02:52.494677+00:00,f42738c14ff408b4ceefceec4e352d9d8108624d1089259056d8c5f2c1d74dbc
2025-11-02T13:02:52.637704+00:00,080dd4d9b3d59bd59a916ad502d8f66b1375367ff8c1a0eb40f5ddba4643e9ab
2025-11-02T13:02:52.773932+00:00,8c33cb4ff30b48883a49a25c4ebcd3cac16b3c40243417ddbe8f9735e1e3a362
2025-11-02T13:02:52.935063+00:00,6d54cf604631074b30897e77b9ffa5f716b7013d5c8479c4acf548f56924f7aa
2025-11-02T13:02:53.084032+00:00,b47def587ccb665103f0d67ac4546bb550fd3904af5aa8b8fa9caa36cef05068
2025-11-02T13:02:53.225969+00:00,f210d4fe4cefc17700ebf941ab24e13b8c983c4bdc76dc9ed8d84cd6ea4012d9
2025-11-02T13:02:53.377775+00:00,758067c9a71b4a63cfd9bc116e33ec25c5ac13c6d400ab95913e6f2e52b3f0cf
2025-11-02T13:02:53.525719+00:00,2e63ef8354dec104e68e82a39e886a23178f43ae07ab61c2ab3295796b2c0a63
2025-11-02T13:02:53.665532+00:00,b7583d9e9825c105e968136e05729293ac2ce2215702cdd3ee537a3c95876564
2025-11-02T13:02:53.808334+00:00,0aedb51030d6816d67e92c8251a884a20528cbea563df4818fc98ec719b96566
2025-11-02T13:02:53.955662+00:00,8de4fc432a8d327f392a9732a01d17967588de7fb563a2107bbb25f2e3fd4b06
2025-11-02T13:02:54.100212+00:00,49fcb7df2331716044c0a1adee22fa8381e87bde91e04229bcc9ce7d81b82eac
2025-11-02T13:02:54.239814+00:00,244293b741f6032511e477a2f17bc76d2915d1ef6b44627aa01ed98fc8637b54
2025-11-02T13:02:54.388641+00:00,137c34dbc370462680160dbf37572626430a92581d77e9c683eb88b951b2886f
2025-11-02T13:02:54.528230+00:00,098afac0e6981617b5b65bd61f42184077a491b0756850310093b67c4780987f
2025-11-02T13:02:54.664944+00:00,ea02807bcefe1c1c490abed55f3af7efde208f4d68ac81443e903e0d84dbb895
2025-11-02T13:02:54.817808+00:00,f8690bb00e64236037aed89a17ca651812c31498c9adcfe14fcf157d656836c8
2025-11-02T13:02:55.165565+00:00,7ded2491c5844e83cd525b045c554d5d28de25ddcdb03fcd95ae3ee65fccf3e4
2025-11-02T13:02:55.304210+00:00,0c588f295f88bb0ad473f92b3fd0f89ac33570497f6350ae840ac81c2b167871
2025-11-02T13:02:55.442430+00:00,cc8ecaf4e227f1acb06f1e2141e3263dbd4acf7545b1148df82fe0add4c22a08
2025-11-02T13:02:55.583567+00:00,77f54f46b8c0603ff7c975d285d7500bc650ca6df97b15bbb178b97ed8d50c01
2025-11-02T13:02:55.723929+00:00,04580f449f4ddbbace63cf27ce080e772ed6410ff309ee99ca7365533e0615b5
2025-11-02T13:02:55.863008+00:00,cf868794bace99b17297ccdd2024334ca811ccbb0800eb85ce8649b446285107
2025-11-02T13:02:56.005906+00:00,f8e0efff7037438b5af6d018e8d42d3ba927d633385380fff323d68476c24f9f
2025-11-02T13:02:56.140809+00:00,eb0e158e521f266a6813acfd04cc314495a963b434e12ea55cf148f50d029b75
2025-11-02T13:02:56.273955+00:00,929d1ea2ae963154b58c16ce26abb82925039ca1241f83427934f70fc6abadb1
2025-11-02T13:02:56.410636+00:00,c8ee1662af9ec05a3cf31361af7552aba955c039a50e88e2f6abf2f69793b4c8
2025-11-02T13:02:56.548086+00:00,2dca2ab9d78b38f47e3e0e2e4a4ce1d28cc645c024bb46cafae9b9976094d581
2025-11-02T13:02:56.688392+00:00,dbbf5b9961afddb3be02f95b896af51e9b994b42b18d836190e2a335f46e3956
2025-11-02T13:02:56.829686+00:00,a2d6b0038b316811d7282df68d50dccf9664553770687303d653185d817729ba
2025-11-02T13:02:56.970766+00:00,efbbe8260726bb33195ce363259813a07554071179f778e178b2878902f51d0f
2025-11-02T13:02:57.114936+00:00,ccbd0e78edb278576994d6a29fb9874515fa278342b0163bcae19489f8333215
2025-11-02T13:02:57.255409+00:00,e92e2f207297373c51705bed72ac19e779e687c226e8314728a01e0a51dc3080
2025-11-02T13:02:57.397706+00:00,3e69408774be7996b5ee5a00989f9904f745fe6a96ed39d5b21e2aa710fe52dc
2025-11-02T13:02:57.547710+00:00,4f1bc74ed669d368c8ee55fa0ec527ab67e49eeb5a2fc66e35d64191c7c52f41
2025-11-02T13:02:57.717833+00:00,2b2a1437d7ae7dd0c7bd8100401186668d45923fbd1a30e0c7c3fe9378bbbcc5
2025-11-02T13:02:57.856888+00:00,af57534aa40d7703912c9247e14e427ce619cf42338ba8eb78e5ca3214e9d60c
2025-11-02T13:02:57.998768+00:00,8c354d7479ece8734634c57d0deed3ee8626ac6ab41aca8c1fe46390a49fdfb3
2025-11-02T13:02:58.140903+00:00,01759f4dc3b54f51909fde3712503db7e4408a339cdde3dffe875a94b3a64f33
2025-11-02T13:02:58.278635+00:00,71c8de0f7f57e8ef90b70d811fe6817263a69c3e93ee0c993a1888a8d20f7116
2025-11-02T13:02:58.415777+00:00,e233f254ae839aa7e96d4ce0d2a14471e9e9076a5b98de3230b70e4e50494fb9
2025-11-02T13:02:58.549638+00:00,d0135ddc692337e2ad40c76cd0b5c620e491e4b5b9c608e2358c6db0fa91b5e8
2025-11-02T13:02:58.685270+00:00,a344e71f7bd8eebf0e7fac1dc543769b2b2cfe7d352194726ce5b9cbdd4ba59d
2025-11-02T13:02:58.823152+00:00,1d0b6d815e199f71bea4852b11de67ade6dca78db084689427642fdf74689e9f
2025-11-02T13:02:58.963721+00:00,16400f10e2c7d5ecd96aabd6ecc32eaf4dd2117c4f0eed31670ef2f791a4d2e0
2025-11-02T13:02:59.105083+00:00,2bf724e4765f78977d01f4d2af667e1227f21a7029433392c6dacdf64e95ed05
2025-11-02T13:02:59.244048+00:00,26b3a2407c712546b8a4efe569655983520f0099744b0ff9a76f36ebd6d30cac
2025-11-02T13:02:59.392033+00:00,b2aa1fd624b03d97671624753ca1118fc65ef7b7aad0650c4e9e057dd54f9dec
2025-11-02T13:02:59.529516+00:00,ed8dc755b861a4aa1ff9fdec640c646f646d780a9cc1614f0eb5ef8a60fef0f6
2025-11-02T13:02:59.669190+00:00,53c5b133f3739ee9398e2a8e4521df09bf304ee3468ef1876a6b611b41d0e709
2025-11-02T13:02:59.816122+00:00,3fa12baa193c6c7758294ec0403fbcd97b3d3f76964218b9a183ed4f4dc27382
2025-11-02T13:02:59.956600+00:00,efefee78e2d332ec7d267366d05eadb64bb4f87662e13b8e7f1a9759fab94a94
2025-11-02T13:03:00.097339+00:00,956dafe0af35eac18a02d46f3086b86a32c8475fae9c61a4bb78dd2ad0cf3c08
2025-11-02T13:03:00.483715+00:00,3243fa22773a1c6dd7fc722d8ccb8d9a70d1812b1b445a67afd3a1fd3bf79d16
2025-11-02T13:03:00.637135+00:00,02ba298768c328bb752294a30e8bb6431c38d47bb8431e68bd9741b23e5973c4
2025-11-02T13:03:00.780778+00:00,6cf9acf213457b9ebfc6a398cd77976310af870e2d184bfc88eb62ced930cfa4
2025-11-02T13:03:00.927831+00:00,fcb31109be57fb903321a633003b91f9b35e3a7c82abe9989cf40b8b2e4d46f9
2025-11-02T13:03:01.076893+00:00,44ae57059bc29b3f46d14ec0aadee7d5fea436f95a8287729ef6588e8ca329fb
2025-11-02T13:03:01.216539+00:00,029d265662d63e012ccfc693e74ffcfbfd83e9e2618c031c6070de0dc060d625
2025-11-02T13:03:01.359735+00:00,9ba94f92c4cf256cb094a008a8a8aecef41fce71a55e599ff1a8751c90723b03
2025-11-02T13:03:01.501560+00:00,c17cc97e880eecad29efcc6fe439230fcad3a24bedfa2b2dde3d0ca63d700092
2025-11-02T13:03:01.639632+00:00,3378ce6da20542ee420dae0647687e47721b240ee35984e431522e4c4f26d14d
2025-11-02T13:03:01.782698+00:00,c7b4f7c0661f41fc923776838c9b3c3bf99c57ace01a1b5a77f839bfed22b40b
2025-11-02T13:03:01.920757+00:00,4da5a2f55abdebe3efd373ce167fdf97b51810d887bf59c346b48f4e577a14db
2025-11-02T13:03:02.059150+00:00,f973b8dd10094a97640f8e1214d6e6c5e853dda1505fff29694373d914562dda
2025-11-02T13:03:02.200579+00:00,8b12dbb2081fc856a3e971cb80cc3770a62ae5fc2a8e908e852b7791af7f1ee0
2025-11-02T13:03:02.338926+00:00,b9e0ce720d1ac1343cbd245fcb5434d065ba8b0f8f5a397495fd1158db3a5d15
2025-11-02T13:03:02.478421+00:00,49f6dd5a1e97dfd60720f7ae3e2b9f4760b4e424b6efbf207d89ba6460131b60
2025-11-02T13:03:02.616863+00:00,a92fbbee4371740186509a09cf9305675ec355620408365a3c79924043841e48
2025-11-02T13:03:02.757011+00:00,735e34f0dce4c5f040a2cea6294da19724ab5c2ade3fc9ac32fec250494129be
2025-11-02T13:03:02.895899+00:00,2f60f92858b04879d3663c1631c1d31337449196db33be11b2890a3b497f6bc7
2025-11-02T13:03:03.040101+00:00,315fd402b56c1dbde0423435f9030de892538a553c6b728934397d27da046ec0
2025-11-02T13:03:03.182438+00:00,0473ba844d9fea8375c06cbe5b111e2b8bfbe0794bbd736b1afd71e92325cbec
2025-11-02T13:03:03.322405+00:00,06742e3e299d117fd1ec2fad6b79ec24a5e08e62d685986093d619e3ceb58a1c
2025-11-02T13:03:03.470127+00:00,44bf9f4fe8c41a45c3d45dac9960eeafc50996e3edacf6583f9a7b6516494b06
2025-11-02T13:03:03.614918+00:00,408097e04093ee6f45a8d8afa257feb9cae3e731e10292c32948807c624bb11e
2025-11-02T13:03:03.754454+00:00,0fe862b8131056460de509667ac443ddceb38e48a7a2a85574906fb0a1d0f221
2025-11-02T13:03:03.894642+00:00,3379349eee775d1d12210f57f0ad961ab7f745a3b49d3c6873cb0c5085454eed
2025-11-02T13:03:04.038661+00:00,e58d26a2e15b6e92e88e4a58c6b1a55d6cf0d6517512f40ddb132e61f156d87f
2025-11-02T13:03:04.181393+00:00,6f1043807e6e4dc60daba1c2efcbcf22406b0dae1eef5cd37e176454ce32f7a4
2025-11-02T13:03:04.322620+00:00,c7bca0e485e53334fa008675b6282968853e02074b585c7284bc4309ea09ab9c
2025-11-02T13:03:04.465332+00:00,d7a5613c8195eaa8c22e29840d7b932a781b9f90dc548682dca53c77677abebc
2025-11-02T13:03:04.608528+00:00,987c6cfd59f0504c280c25c30da7539048ced87c19e380c42eaad6647db0a6ef
2025-11-02T13:03:04.752796+00:00,03fad0ea21a1f02d761e0267a6d6d6fe6ab77df2970c0c95b1181fadcb61544e
2025-11-02T13:03:04.891285+00:00,41badc2f10e2571b9f00bfa3b263b749f69c5e98f1527735f8824bcef814b30d
2025-11-02T13:03:05.032303+00:00,f52cbe034ef7bda10a16048731d72729d4cbec9791d7d82e62d786a40a55f2ed
2025-11-02T13:03:05.173011+00:00,c9433eb4b9e4e7040eca7622202fc7a53b428e09174264e395c00bbb078f258c
2025-11-02T13:03:05.311584+00:00,32b2f9ee3c383b8dee4ec9ec21de375f37174e35e3fef20b1b14ea44815c3f12
2025-11-02T13:03:05.690893+00:00,a64273c65f5e9520400dc75c3c5e1c4fed13c9dc8d765d5639c2eaafa0d0dfd9
2025-11-02T13:03:05.830523+00:00,1b841f21b4b2456f630071b2a52171cc857cb803e5b5409f03ca674a0b1e84f8
2025-11-02T13:03:05.972146+00:00,e09a1b4c53ebef77ec69ab6eefd352f20152b56ba2b5c6b564558ed4845f863d
2025-11-02T13:03:06.116561+00:00,2d77a0d5046a2e31d67cac8039a05bc727e0b3bf2371cdb03d387a5fd01358fb
2025-11-02T13:03:06.259974+00:00,94959fd9c60142fe4484302a5ad5cc053b267222cb74762ed2252e3c93ac8e96
2025-11-02T13:03:06.398568+00:00,0743985a849da8d323cd930a3c0c43239d3335b5a57377efde4198d0aa4fd6f4
2025-11-02T13:03:06.542426+00:00,bb2d92c4e6ae0890ec13891fa44db3ecf7621d23c0ac8ee6bff3fb6a52f92836
2025-11-02T13:03:06.679613+00:00,57affb62af36c015c0a8442cf9e2ae415c9ace5f8415eefec1e6dc15329beb51
2025-11-02T13:03:06.822945+00:00,e6d46d1fadea8c1911d33febda90a0c54c1ebdd481ad1de68a189b2f35756dac
2025-11-02T13:03:06.970114+00:00,594c9b2dff17552f2184a02b5e79bee4fd5dd3a9c0a1121bf6379ea8bf6ff080
2025-11-02T13:03:07.110155+00:00,caeda2abdc030072c02b67d3af5b63c4106859a66799dc9c6714303eca433d98
2025-11-02T13:03:07.255347+00:00,3d97270b8952b0ebee75b915626d3555ac3dceca8dc2e59a2b0d129baa690b41
2025-11-02T13:03:07.394986+00:00,cc181d9d12759360ec9f60f573df3a4ff8be32fea98c674b15b64ecfb586c5d7
2025-11-02T13:03:07.541911+00:00,f2e2a9c206a7f1cba9b218d5fffd9bb6af66cb92fdf47bc7358a83be3f31ec15
2025-11-02T13:03:07.706350+00:00,698669e327b13748af8bc65d19b63495df1fcdff2ebb6d6c681a553dc0af63ba
2025-11-02T13:03:07.869693+00:00,0977dc5b782004cd7c30be80f3327fcba191c8d3097868764b60e3019ede9e0a
2025-11-02T13:03:08.006632+00:00,c43c7e3c2a5657cdcde6b19dfba68427519a152d5cfb92735ae80e94c3b023c5
2025-11-02T13:03:08.155402+00:00,5b3086c342494ec18d5389ddbef2ac2ba926201af36878edf0d9a771a712e667
2025-11-02T13:03:08.296893+00:00,419ed3db8787b5ece45bdce3f78eefe740245738c1dff7f23218c504a4baf4e0
2025-11-02T13:03:08.437559+00:00,b3a48c79538e38c9414b1d6003af521cb48537a3bfc36ceef4eb84f1197f0eca
2025-11-02T13:03:08.577708+00:00,b30ed2530b9f819ee9cd8e13cf925e62c09a87b69dae66dc395e71b23ee906cf
2025-11-02T13:03:08.724854+00:00,3ab86c355a20d935c0008f52643a6d3b47b0db980a8eeff50fd52ba0936772ff
2025-11-02T13:03:08.865626+00:00,6733c96ff0f34c9cd4d33a2b0db697e957cfe6b9ed5fb84f7dc3653728e124f1
2025-11-02T13:03:09.010343+00:00,8937c65ea621ce2e7f19a296e9d256e79d462437ebeb29db5e457f684f0f0869
2025-11-02T13:03:09.152465+00:00,ab01cca04c9626a4c282baea82ded93c2cbd6ff5a9e568046bcd0e83fdf6c7fa
2025-11-02T13:03:09.298650+00:00,597ea3b04916f94690ca020ce003feb70fbff3778c6459489de501fa35e07867
2025-11-02T13:03:09.441307+00:00,1354f6f8200486308f84f1b127339de9e8633a930efa9b231931ae6e7da80e6c
2025-11-02T13:03:09.589026+00:00,aebe90121d56c5ebd11a2775dc08eda020c93cb4c88cb3a810479d286690a2ca
2025-11-02T13:03:09.731802+00:00,765fad2da2cc1cd4c9824605276a895e529735fc9d8ec3f940723e9c75b65947
2025-11-02T13:03:09.896814+00:00,363b1bf1ef17ab957b07fc9b6fb2f4e46b51bc0e2e2b99702c0c0d0a5ee44e36
2025-11-02T13:03:10.036937+00:00,1810c00ebb5cfd303dd5044f37bc87a141845d17b1eb5602bdf6e6037014fdf5
2025-11-02T13:03:10.176793+00:00,b8ca3d57c0941f9b0ccfa44c081ec1ba20e6f327418e29e9adf5c908b38765ec
2025-11-02T13:03:10.320329+00:00,f3858f78f925a7d28753f3a03001c97328f89e08556075e4b6fc3144bdad512f
2025-11-02T13:03:10.459343+00:00,7abf296387722811499c211fa627ced030947c95892ed738fbc4ae68243e7fc2
2025-11-02T13:03:10.613344+00:00,e9486f78471b33a602774b7d334b9deaf4fa880916f322322f06e2123c4e5825
2025-11-02T13:03:10.965881+00:00,1d5282418c30526b830c5f086001bbc4d83628b03a5b411605108a54bb82eb15
2025-11-02T13:03:11.107855+00:00,3dce1531c2bdea2abf59da4bd5296291687cc53cc6b79e79cf9834248dc3c897
2025-11-02T13:03:11.244513+00:00,396f430c7d9b07e6599e7f72517903103de39d4d2a3f5520c4fbf5afd6a24065
2025-11-02T13:03:11.385288+00:00,b89b6b45f97b74d2a2f52cc6a0346b8f30342cf21d43f0136a258ab77f46198f
2025-11-02T13:03:11.526737+00:00,855d52caa67329ba5ce096ae0f180741ffcdaa028c14d72e78781c350fb042be
2025-11-02T13:03:11.672396+00:00,67cfe789b24994f57631074c4e747263b9a49a22d6b20ffad436671147b19309
2025-11-02T13:03:11.815302+00:00,b6a0de404137d8a783cde85f1f42e785213095d5f58a67dc0bfecea1028b720b
2025-11-02T13:03:11.960090+00:00,1fd52153495a0a659b6e0265cf41d7e78d6122aaf5b91039891f1817ce22e65c
2025-11-02T13:03:12.102887+00:00,2a7d4e8a17c9c06c3fb43a5f565deb3a015d00da461047decbc8774f518d9bee
2025-11-02T13:03:12.251856+00:00,d4b1265a14ec924ff360543829c1613e19d19b5e31cd7779c6117c8c42aa66d8
2025-11-02T13:03:12.393668+00:00,dd288b9bf27db308c61c24403d0fa63e68b378a45b3826d3e25ec9831755f90e
2025-11-02T13:03:12.533847+00:00,56bfa4bd61b42d2681c23fef3950219d53166540d996c6daf4946ba111861e89
2025-11-02T13:03:12.676940+00:00,9fda0131e1bbbe5c62d46c5fe80d1c692c021c33fd3e5a2708740e304b4d5432
2025-11-02T13:03:12.816872+00:00,f50ec9a15c6d2630bfdb380db4f9f34b59561d395286c1207551c2012bcac05a
2025-11-02T13:03:12.971920+00:00,282a85180baaefa4e582cb17c120fe575484578a35e704376805735b1fc33336
2025-11-02T13:03:13.116403+00:00,7b4c1befc71fecd8a71108526bf4329a4e4762230dc4f4bf7ec3f2762a00c163
2025-11-02T13:03:13.264373+00:00,c74c112489f07914a3c27e5f6f6c39b1c1cbc1bb3c0e54fef582f4fa432a84f3
2025-11-02T13:03:13.406298+00:00,be3a3f11c31be3e497edad10f2ef4600240cfc49c53a117c24b74779c82b84e9
2025-11-02T13:03:13.548687+00:00,1c3ce25dcc8116f3c19f841df1332804909b57ec23be2a270628e65ca66458b6
2025-11-02T13:03:13.689342+00:00,783a9769b6e2825580a7afe93a90dc2d87d99f06bd2fe0fac5e07478b7544b24
2025-11-02T13:03:13.855412+00:00,643436a1a4d5ca944bccc542ceeeadb5ee3d47e8890142ee80d30103f70f30cc
2025-11-02T13:03:14.007508+00:00,ad1d6c536ca5e104203ad0abe07eeab7f13e2b022150c0aae2247648839c9a80
2025-11-02T13:03:14.153839+00:00,9b222089c2b60ac16a378c903b8452173307c6309a902d69311179b0b3ee74d7
2025-11-02T13:03:14.297492+00:00,445aafe89ce8f2887df13d6dc95294c809b89444431182d216841f151f4ada2c
2025-11-02T13:03:14.445564+00:00,6f7cb67356e7675a5432010e515624a3db59526fc74fbb1822485a37bf1a3247
2025-11-02T13:03:14.588969+00:00,94f2b04f37947cd3285cd31b8b8f0ea757835f1e13eb22e05dee2b56af1958e5
2025-11-02T13:03:14.734757+00:00,168cf8ab6e73ee6af8b35279fbe8faca781652b5fa8125ef8daf449ca0777999
2025-11-02T13:03:14.878832+00:00,5696a080b33304150a1004f3d562528d2940cf93d1111870f5109213f682b1f8
2025-11-02T13:03:15.028796+00:00,d57a5ebeb8b3abfb60e6a08304966aea996916a7b4794f33e901ef19c7e15b56
2025-11-02T13:03:15.169981+00:00,10efd6efe0c357961c034806ef23e92f6f373f37a15cc89ca6aeb58d1b3994c4
2025-11-02T13:03:15.318634+00:00,b478bd064822366edcb8a7cdddd8f6bbd583258e448c1e45f241626fdcd4721a
2025-11-02T13:03:15.464781+00:00,ac1d947c35bf2edea0dbb740a90e0461bfc8c75c2e1edc9379412ac5113efd7c
2025-11-02T13:03:15.609817+00:00,c8ed30b120579e74d6117b52356ce7ea92fe8fa7b269c31e5b4a0894b3739c84
2025-11-02T13:03:15.751359+00:00,71ab50a9a469d74f2cc37de781fcf416e7b15c9ad1b40528956810d6b1ecb375
2025-11-02T13:03:15.900177+00:00,a1a291292c2f3cb73aab214a04f1e5cd51ff0ca1a9a33105319e0fa6a4940f77
2025-11-02T13:03:16.257305+00:00,bf5c0b21f7f0913bc7e6385e20f519e5f20396fd0b692252da02df126287e47f
2025-11-02T13:03:16.397149+00:00,ae0d37c6b83c96365b13870233d066b12d1c4d8cab39a3b7a0a9df92d75b77be
2025-11-02T13:03:16.542175+00:00,ebe17ee047f05b102252ed85f047df9fbeab6a880bdeb61caf5867014431bfab
2025-11-02T13:03:16.688926+00:00,a74e36028ccc3ee58fd93f53e71fba638dfd3b687b6dd35dcd24a3acc307bae6
2025-11-02T13:03:16.836125+00:00,1be70581ab407af473a880f16b7fe560c6ee98143f986d37387223885ed0f671
2025-11-02T13:03:16.981555+00:00,f9ced63a4ff5977152c840fc8126a98b675559c1e52f9a41198d4cb99db30a14
2025-11-02T13:03:17.122707+00:00,75c132a4f8a62417c241f92539023d7404b222b2e3fac325c2cbf1178d470e7f
2025-11-02T13:03:17.261603+00:00,9206b24d574e542291b3fe1516cd0ee0a3e0da104321f448e60612f120a1ef45
2025-11-02T13:03:17.407448+00:00,bee7fd6b17e9b67fa29865ead355b7ea8f073cf97fc8de80de18662a99ec4cd3
2025-11-02T13:03:17.578152+00:00,29dd7cd600bcb8d9b05d5f5c5e1052709860761d289c773eab2279d68ec74c69
2025-11-02T13:03:17.748714+00:00,c288f15675ae1bfc9837896514c0dc4d1e025df603cefb9b24301768dd7f9d13
2025-11-02T13:03:17.891446+00:00,f9d7e7f380b9a1df0b708115c0c15b6fd4bcf0b373247babdb126ade913afd34
2025-11-02T13:03:18.030805+00:00,612e3a378c6918334de94bbf7251a9f527affcdd09648f1485a9c8717984a827
2025-11-02T13:03:18.180624+00:00,7f5e543434d15bb68686ac7ea315a42a3a2f401afa831d06e1537bf1651a11c3
2025-11-02T13:03:18.326181+00:00,27f9cf776e54e32a5ec05b85759e7e62d83225abc3bff003ff61d6a222d89d81
2025-11-02T13:03:18.466574+00:00,6671b730a5fb5907713112d3f1b91a7f8c3cac9cebc36db4b1d5218e2875a56b
2025-11-02T13:03:18.610607+00:00,cc3d18cc8e6f244c1576a0770b3e0cc62f28eaa7308d1dd338ae13814c513587
2025-11-02T13:03:18.758229+00:00,15c90cc85e073c469e6eaf8c57aa136d3ae7b8f7b5a17f6124458ed62b0867d7
2025-11-02T13:03:18.914123+00:00,3bc65134930a389f5f051a6ecf2a0f6aeb33161964b7167907f61fc977148d24
2025-11-02T13:03:19.061597+00:00,7797fb270f96d8268380c71238ddab46a600f61fec26818de25a7db98dc0b601
2025-11-02T13:03:19.203048+00:00,3436a25787febd505cc5890100819aa4c8b22468e1b99bdc177283e8b1afdbfa
2025-11-02T13:03:19.341997+00:00,99f822963e3fc0a3f8da9f1a74a3a00aa04b038d2feebf8115f5064451e459ef
2025-11-02T13:03:19.484953+00:00,e03e9390c150e3d93864dfbe727a6981e883e5f98f715eb3158174c287856118
2025-11-02T13:03:19.621591+00:00,a7f9538f22df2279f95bd8f3fc8a554f8f288c3bdf438c3f0b36c4086dff49fc
2025-11-02T13:03:19.761443+00:00,6dfebf2ab33c9339792ba9319c8371281c8152c69e6b6872fe449bb643168026
2025-11-02T13:03:19.924268+00:00,81071210ba2a77ac0bfbffbe781f657182a856b1664b42d71192d403b489b5dc
2025-11-02T13:03:20.080918+00:00,20960cc04cdd54bd7d8d25dcdcde50f45affa29153167f0b4575e4c03145b944
2025-11-02T13:03:20.232721+00:00,7a11e01126a72f1d694c1e88efd82a3982b827ef912fc37993d04e614e569c61
2025-11-02T13:03:20.384657+00:00,17e9e44566fc9f005e39f2eb2d053dc504005ce7fed47feef392a6c2510afdef
2025-11-02T13:03:20.530495+00:00,73fd86b1b727ebeba093e162b9631bcb44244e282e1af3f582b6d148be8bd6d4
2025-11-02T13:03:20.688379+00:00,2f9173d1fd4d6a6f5c061f173f7dcc74bc6a18678d51053234af39b0c79ca38c
2025-11-02T13:03:20.888081+00:00,1d91afa7b7f71fb0694157100e60287f365f42d6a8f59af9f6fe381ac6c6be34
2025-11-02T13:03:21.028940+00:00,577eac3a12ccd9f4b3cce077d28aad4fb385f647e0668a5d5b82b206371f4ff0
2025-11-02T13:03:21.170933+00:00,3c9c3708691547f04e644fb13c3a70eac9fa092a6adfc4386672788960189c17
2025-11-02T13:03:21.527535+00:00,90dfa9c334d77fd40e946b5b9db86a66c926be82092ebe6899916eab893b4a11
2025-11-02T13:03:21.678270+00:00,1f5b0594eb706786eb5247ac0d8fae32db7bbba2978c053c82e4fbc659cee29f
2025-11-02T13:03:21.820929+00:00,282ddacd757341f7190b685d5324098c1f3a826b316a0fd623b73235e3fd0c3b
2025-11-02T13:03:21.962099+00:00,b75b9f41b49323f7a95615b7e09177aaf91e25322abebd45be2cefb7e983990f
2025-11-02T13:03:22.099867+00:00,16475ccdd34a439964c810ea1448fbf4244b2fbef687e556780ed8311b69f182
2025-11-02T13:03:22.242213+00:00,31b392b0472e6ceb74898936c95e3d7a77c10d83e3113e0b1be6ecff206368eb
2025-11-02T13:03:22.384595+00:00,6e078a68010fbef72932015d8a6892f0f98845a8c0082d0e155e2cd309e50499
2025-11-02T13:03:22.524775+00:00,385ea0a546bac0442b436b66a951649758b6ad68056f93ccaf8006bd8a89c47b
2025-11-02T13:03:22.681268+00:00,6658ecb2146ba4dcffe9054cd2e74af1ff18c517f1f6782ba4a29f836c8a792a
2025-11-02T13:03:22.824614+00:00,4e57315cda73145193dc2db0658f4e20f9a82b75c98c1d2484ab3b67b6d2b9bb
2025-11-02T13:03:22.964644+00:00,ccde7027884108ff52b7c8a37cc328716e6e1ee2d06a431c81add5333e14f569
2025-11-02T13:03:23.110518+00:00,4123008a9656e815b07d4e2f9354060674df817a0550ef2c08d35745239029a1
2025-11-02T13:03:23.253042+00:00,d66c718482714ca7a2edef9bc4280d89c7f8c0c10c91e8b9a38f57e8d078ca31
2025-11-02T13:03:23.394672+00:00,9bb5342d5307400b674318e0e258226231f631bcd378494ea2ac0252ae7478c5
2025-11-02T13:03:23.535273+00:00,9b3ef8bbe754e67ab426f0bca7b5ff40659fffdb58e4f2db8b43e17be7b224e4
2025-11-02T13:03:23.680545+00:00,b0850455c6041c087fc30492cb590214d07056c1aef10d5a8c11604416332978
2025-11-02T13:03:23.820465+00:00,c6c5ff9cbccb6094ed7cd5dd64635eab85c4b8c49250d87165d21cdc0180fa45
2025-11-02T13:03:23.960116+00:00,346b1ece46373f4cad3c3a68b871e3fd7e8fa150c7e58f8285fde24f10ee4ed4
2025-11-02T13:03:24.100301+00:00,bd65de81771eab48ae4c440d184a730516ee39bb513201cbc7e0c639038cfc90
2025-11-02T13:03:24.246055+00:00,417410365b4759a9523fe45f2269147ab180ad754791146530561535693fa38a
2025-11-02T13:03:24.384947+00:00,10510ff74653d780ada9e3b76d252ee100feecd8cfbb31b46825d8005f4fb292
2025-11-02T13:03:24.532127+00:00,da0a2db37470503c70871c7d95fa211ead0e169b6b4b8d96f4226b0d0794023e
2025-11-02T13:03:24.678219+00:00,3a86cf16c2567fd86de8304eb5c5a5140101e0c68d700dd134cf8bd40fc12621
2025-11-02T13:03:24.819430+00:00,e8d6bac20f7e99175b6bbcffa121755f4dec8222adc7d6f692c25545dabe8eba
2025-11-02T13:03:24.962275+00:00,bcc53775cc623b5d5d124205b4c72c466a1abf016ae3a2d51947eb9cbb8c13a1
2025-11-02T13:03:25.104844+00:00,4f5779c109e81bada1b334c7c9f600ee5d6bd5a4a430b582b9650fa642acb85a
2025-11-02T13:03:25.250506+00:00,b86f84380668bbc2633c318e08d78187dcce7098f0445d6a6aee63c12dbc7aa8
2025-11-02T13:03:25.403534+00:00,d8fa9087714bd5956f6dec7f9d1b799f45d84c013e9d098ed575791f8c87a7c8
2025-11-02T13:03:25.549983+00:00,fdc930c76f4ff3021b5757e15191feee3036fecc671c141971cad19e7a48aa48
2025-11-02T13:03:25.688479+00:00,bf2bc8c6a46b1981cfbab5686fb2b3a01040e16b49094b93afd7328e55e522cc
2025-11-02T13:03:25.830809+00:00,78a80c9d62b11e2623c3bc60b4b82c61962b8bee35a514ed12723922b8f1a69f
2025-11-02T13:03:25.981073+00:00,6339458a9c1faec2d2e074d3a3b4cc1ea924eabc1d6cb5c4ba42059a41695501
2025-11-02T13:03:26.126873+00:00,f11ba818822394a2f25bcd24877100f969e7bd83a0d33e4a70b59d3c9df8dcdd
2025-11-02T13:03:26.272180+00:00,3c3b33eda920c298bc7ca7bf35124bf01c53d196f6ffb2ef5e597f2c27dbe6cf
2025-11-02T13:03:26.411775+00:00,aec36899514d51bc7e7a13f14c84a5e1e6cdc9cc59bf8861947b4d67d0d57629
2025-11-02T13:03:26.798204+00:00,231d0812246ef78259190beb1990aef04d474b055a0ebe76e75524b7ef022e17
2025-11-02T13:03:26.943275+00:00,3eb1b51bf6476f3fb4556ad6bf6fb58138c3dd046baf7f6df740405efb4cdee1
2025-11-02T13:03:27.093570+00:00,846c2fbcb78bc0415040a2c88ebb31ed85735858ecb2583d5d5d92636a765c25
2025-11-02T13:03:27.241413+00:00,035e14b333d009c5be1a524af201e635f8c9a17f5fa4a59281f6bd82a2f19d30
2025-11-02T13:03:27.381502+00:00,a794a8139cc9895102041862f4d3636cdf362151f69631379eca506d6a83a9f6
2025-11-02T13:03:27.542367+00:00,52681033b5d2011b171d753759ef5beb8d6b27c3c9ecf6e5c3b507264ae3f29e
2025-11-02T13:03:27.710713+00:00,1463b5b63c740919b1329d1c2e3471848ba426df69db8b6518b6366d45750b5f
2025-11-02T13:03:27.939407+00:00,07aecd604141508d2ec23a68fc2642db1cbb951f19d0dfa8741f475a026433b0
2025-11-02T13:03:28.091484+00:00,0ee29ddbd899219fa95430d75181ee822d2f2170cb8f61a1853c0f36aa9bf90c
2025-11-02T13:03:28.236848+00:00,a795c855c8ffb78582212eba00a8b5334245045284c0660d5f1ddf314b90ef37
2025-11-02T13:03:28.382735+00:00,388dd6b7e1151219c6b61a36cd24a6eb4c2690b92c2141f8a003d26640d4ce5d
2025-11-02T13:03:28.522414+00:00,ebbd9490f1a9c429b25319658306b992ca5152ef4918f952f4d006ae9f514fe3
2025-11-02T13:03:28.672383+00:00,d12f570504ed7270cd8a56f019ca634f675cda39f4e3cf8d7dbca426ce53003f
2025-11-02T13:03:28.815472+00:00,600b4ffb3c21f45820550f35a75fe613a20a1ad51ad458558c6e61064071cce2
2025-11-02T13:03:28.959723+00:00,6ecc4c0a013abb07f6f2df6ac7b878d4ba7e083560c4b2dfcd114e87f5f61297
2025-11-02T13:03:29.100092+00:00,31c085873bc5b00c3b4902ca07db3c7d5f39923357e0d02770d97d33d1c8a499
2025-11-02T13:03:29.241693+00:00,a38d9121002e6da3e00733553aa4ab1ab42ae71de5e4e7dd6dd8ad0702bc8af5
2025-11-02T13:03:29.386332+00:00,39d9aac1fc16162a375a229ccf40cd8c01b85151ebb938cb709356a3d42d343a
2025-11-02T13:03:29.527131+00:00,1d88e76c8eca888d94888babcb44a9c5916ac088a4f4d5bff7d837b4e0a62dae
2025-11-02T13:03:29.666576+00:00,91d779f41c73c83b0975278159600fc996ee3d143b1417995ad972d31e8ef13f
2025-11-02T13:03:29.805156+00:00,b17f795a72b82093fbad7a0575a23a464b2683b43add8fd82a95e0961f5ff88c
2025-11-02T13:03:29.950880+00:00,a90350af0c6fb7b0cf02109781e0d60040b9c5956c677078e9ae2734fab51bf7
2025-11-02T13:03:30.088263+00:00,223a2249ca05480960ca4bc9e7d71fb7f0b5874c1de6b5adf164b53ae312cdbf
2025-11-02T13:03:30.229544+00:00,a5813ce9c5e02830c8d371866de7a609577ef7841610d796f5be8816596024ee
2025-11-02T13:03:30.375983+00:00,6518ec046955636ae8cc0291c5b38a251c996b50669ac0c584a330313e38ee9d
2025-11-02T13:03:30.522818+00:00,14c9a3398b5335d53e091ab8ee9f43d8e1a78930d4032a97ad7d92075fe86fec
2025-11-02T13:03:30.671497+00:00,961b7c8d25517f1144641880adbccaf806ef194f3be9a6016c9c1754aaa5f044
2025-11-02T13:03:30.834547+00:00,fb947fadaf5d7c78fac4a5ac70726ce60012210c03124b87a26333add40c1cda
2025-11-02T13:03:30.973406+00:00,c60df93379249f4e27d20938272db97a070bd1de5fabdcd003508874147cb10e
2025-11-02T13:03:31.113361+00:00,a206790c3374831673412073e8fd797b9c12355dd8cd6e059f4960024cc0ab8d
2025-11-02T13:03:31.263354+00:00,5d25c185566e376ef1bb87d156c0e43b0c3a68d88439c7ca18c56ebb422e9f81
2025-11-02T13:03:31.402141+00:00,e4b627ad56ae4a47e51f7ba32854c7fa346d75bf166f712a7e0d04f072e6eae8
2025-11-02T13:03:31.540342+00:00,5e15f340e71e159834d35d211384a5bf8d84a933f792fc87bd13fedf2342aebf
2025-11-02T13:03:31.679937+00:00,de9fd7d2bfb8f6e0716438cfa3ebb98135c018edbcdfcb8b30824fae7200e49b
2025-11-02T13:03:32.031646+00:00,0d888f9c51cd657e1d20e68f9fc2e8a8194bef0319cfb253285a19ca673ac9cb
2025-11-02T13:03:32.177848+00:00,ffc84a5c274a4960eb1d7c39deba71373fddac96ffa58df33698e91cece0a02d
2025-11-02T13:03:32.327339+00:00,20b8a0c43832253277c9e72df55c539c91d0ce928021bef761ae7b0ea17d69d7
2025-11-02T13:03:32.470360+00:00,a5b3ab93e9d09be332b4e718c601b7663484c90d0d55516ffb11906bbbda1333
2025-11-02T13:03:32.611117+00:00,88a41e411f65e8855e4f3992ecdcf96bbf9a85bd374fe2bbe69601af1d71ac39
2025-11-02T13:03:32.755893+00:00,ff7b3263495abea13ca2fc6b43226ec8c6cf95beb191fce6f2c27f11e2829c5f
2025-11-02T13:03:32.900203+00:00,95bcc6cce0b045db740f0ecf075708f1c61357fcd9a90b48c68fddcd24e64777
2025-11-02T13:03:33.039280+00:00,b6fe0db072ec99181581844cd564f93caed0ca1f16bf193f3a827b0c6f9980f2
2025-11-02T13:03:33.184481+00:00,a85aaee142fb93934a6aa65b85c101bd8979d3e84dd72d7ffafff61185bf933b
2025-11-02T13:03:33.326129+00:00,26bd46a29e4a37127493957f49194a1e3839d27f5a680c5bdcd1bfde53ec9d75
2025-11-02T13:03:33.474836+00:00,7ceee85669fda895c3274fdff522bc0ad26a784016d2d396fe2065d84cdde7c8
2025-11-02T13:03:33.614714+00:00,755ea2712398e30153ae5d09681ad635c1b50905a9ec3cb30dcc7d7f8b81b584
2025-11-02T13:03:33.757873+00:00,49c499f918951906e10a37b586a4f7d8456f305d8630f315335997901fd1885f
2025-11-02T13:03:33.900743+00:00,f70ad1157f3baebbce1a2297bea846a7fe52127afc7f3912dbb42c47c0218df9
2025-11-02T13:03:34.038469+00:00,725e28de071ea7af2953601bde7d67e3283f51785cdee52dbc1895e8a2a24383
2025-11-02T13:03:34.175160+00:00,bd12d0de9e01e1e17a60db4e2561442b63c24144b4fc8f242ebd005d2df30c54
2025-11-02T13:03:34.317611+00:00,c901310912d17b0bcd89846ee18e26930c800c70277f19ccd5684b26dc341b06
2025-11-02T13:03:34.464694+00:00,f7c506570c88548c6a0b96e4bc90719760e7bdea6c8b119f440284d71487cc15
2025-11-02T13:03:34.604655+00:00,7ee3fdf55ee8527f10d07b823bd7e13ac906fa2997e0b9766da44fa9ee4c6c13
2025-11-02T13:03:34.749292+00:00,8a85d2ac69cf0220858ed3b2641ba184dd4e0fb1e2c547b80dffae0374be44a8
2025-11-02T13:03:34.893265+00:00,86bc589ca214c1bb132acd744965423741004948d602651e606b368eac99b2f8
2025-11-02T13:03:35.041282+00:00,1f9c25ca35e1ad0f1e16b4384fafee5a15dd416152fd0c81e33d4d3e5e09630c
2025-11-02T13:03:35.179115+00:00,eb45da4a2327bffb17812e22f91b20f3185621b721db588a43da527b5bf0213e
2025-11-02T13:03:35.322397+00:00,6fcecd88ce6d0ef2823ee0715e99f1772137ef1ab425f2816003cd14d03901b0
2025-11-02T13:03:35.468499+00:00,6909c74496196a45adc290d2bf713755330e0a9df81ee2035cdbcfe068bbe08e
2025-11-02T13:03:35.616538+00:00,6f794bf2b001387b4745d2035fc2041d72403605e4eb2914f5a63be097996850
2025-11-02T13:03:35.762228+00:00,ca73b466638b156e983fce44db3cee5fa9dddb994f8edaa6ac76bb1a44b7f910
2025-11-02T13:03:35.910479+00:00,be6d10fc66ff82337f504121ecb9c8907a85cfb6c2e92c5c93970eab374ef123
2025-11-02T13:03:36.056621+00:00,1ff340d6040bf1fcca1f9e1c77f5a684b121a2bf4095a80a58ee539d0fa8e144
2025-11-02T13:03:36.202387+00:00,1755a45ed05dc27f737af7fa8026e61c9b282257e1012bcc4fe8cade50af33c5
2025-11-02T13:03:36.347573+00:00,1c19ac9adcab67827375b3154c986dc047e7a130abc4d65f52185eb2bbdc5d31
2025-11-02T13:03:36.486346+00:00,9fab1247fe196850811df383a548d5258e5952fb8b90d59cf186af6ff9afb2ed
2025-11-02T13:03:36.630171+00:00,04eeebec9ed50025f3d6f95c318605a7cf1639d36220ed2ed792f0feb2f710ae
2025-11-02T13:03:36.771278+00:00,8ff477e8c3531d0b31656dcbf5b0ab16884a4958e48c2c430e476be709ee8619
2025-11-02T13:03:36.912280+00:00,f14e10ee7439b63d980f535014c529e83ba31658e45ec654f8b524607a45eb06
2025-11-02T13:03:37.366445+00:00,cb022aa143c389be38b986531b6090b71e67dcc2b8dfd0e51a5db419f3c39b23
2025-11-02T13:03:37.518951+00:00,3b12a0119a0c4735f74395c261c0cc7a8a73b1924619a41d4c5ff6b49e3599b6
2025-11-02T13:03:37.669650+00:00,a98f8a11b9dd016c274333377d72f33b9755fb4a7a6804a06d08dc5cab2277eb
2025-11-02T13:03:37.838821+00:00,3056203a2fff04512d4daed9faaa3e13db7bc67b04a4a453de8897c049f99c69
2025-11-02T13:03:37.979372+00:00,8f4d6612d161adc718151dd720f9971e482b5ecaed38d55c897df6d35566b0ca
2025-11-02T13:03:38.124158+00:00,2684fb62155472f8c0043c5b1f350e8834548ca2f383ea76f741a46cb36e25f4
2025-11-02T13:03:38.269085+00:00,6e7c83e3cda16aabd588091f04492aff3d459ceffc158f85150e91b785f0535e
2025-11-02T13:03:38.409599+00:00,0768a98c1935bc6f555dd332bd81a74c720ac280d55bf544bbc4fc22d4d00e67
2025-11-02T13:03:38.552857+00:00,307d729af380f361f34e10c10b48082899b914d70169dad34692eed609500306
2025-11-02T13:03:38.711384+00:00,b8da4ff967f554e512e3100d1e46d631ce07ef28a3f68c9d5f88a096f1794d81
2025-11-02T13:03:38.853813+00:00,d9243e79fe45fe905136929ac8a28a51fab608be72ef2c33993c76db5035796b
2025-11-02T13:03:38.997053+00:00,d179f7026b226be8f248f36d93f1da3f53ec6c1d4eb164be9d7e13b130d94f0b
2025-11-02T13:03:39.134475+00:00,1277994c2410bfb66ee320863ee4f59a8d904f5792e6ed766391a96efb2a025e
2025-11-02T13:03:39.275858+00:00,173cf46b4bb3c06f6f5fdcc6e17a8ddc2dc455abf5e3d3080d6e5413adfa160e
2025-11-02T13:03:39.415086+00:00,6cd0e0105570addbc19a7c50d0ee4adab8b849520025f55f91ade8e595eefeeb
2025-11-02T13:03:39.555060+00:00,87be2789434b49c31e42d55f99aa4d2b3f71c70c9b2ec6740db01e81d0a285b7
2025-11-02T13:03:39.700835+00:00,6e121636bccb7d84b542efcec57f4f3eff46a28b239f7f7c6495d1effc6ee631
2025-11-02T13:03:39.871054+00:00,b3bd9c4eece6815d08a8484128f62929574ec7a42a39cc56c2a39570e715bb9b
2025-11-02T13:03:40.014192+00:00,7e28c3a0999b5cb8fded460628d56c4736ac36f1b8b4f93125d1bf1a4b0a6d6b
2025-11-02T13:03:40.159447+00:00,598626a8cae48458b18e0ffaf34674cd5c56d7439f9d19d5242b3a094117c24a
2025-11-02T13:03:40.312489+00:00,755a5414b24303f0f546db7d866c03189ed66053d73ee6818ee1d38893617821
2025-11-02T13:03:40.470873+00:00,fb83ad59bb225797a58df6705a173756c4ee164c131338b8e3f08303ad34b634
2025-11-02T13:03:40.651828+00:00,1f3b007fbf59b574eff807db1fce06cc0ef82f61c0c4a83979db09314ff6fc31
2025-11-02T13:03:40.798806+00:00,5b193515398f837b4dd9a537c0b24e9cf4fd853a35e5959c44bbc72059c32e15
2025-11-02T13:03:40.956420+00:00,6c04fc7409e09ac63b5f4a52d2881b52125b5dc7a8fe24cbc1f994cbdeef202f
2025-11-02T13:03:41.103777+00:00,c58ef213c9da4989963baad4dc920a810b91263c114dd37496cf27cf4977806c
2025-11-02T13:03:41.251826+00:00,2d8a7854822c3f93a6d83acd08538dd850900fb6b41f94d01c1cdacc1092c8a2
2025-11-02T13:03:41.397685+00:00,e8444c3e1892b5d7cc48dca9d6d273719391fe79c98e8b17aa01bbeb136461f1
2025-11-02T13:03:41.542609+00:00,75ceb3334641feb3e21f00026a56634c4f7ae5552c29d11770bf92e62ec9f41d
2025-11-02T13:03:41.685878+00:00,939b14ac14e0417497aa99a067be60052bc2b12a01fb988dc8cdb99cc3d52de6
2025-11-02T13:03:41.827703+00:00,5254f60905b185da469e20e258ca7ea5cf1d20f168b10bcf4cb83415b5acfea5
2025-11-02T13:03:41.969647+00:00,b65c9d790daac74d46f8b25f37a74c9e0d771b1720ee46b5ca6c461eb05e5544
2025-11-02T13:03:42.113755+00:00,17723f90c73aab39941131cd1f52c3cb5575d9f080902a80cbb6e5ddc0bcfb34
2025-11-02T13:03:42.257755+00:00,2c17b7fde81ac621007f49d6261fe9a069efd35a0271ddbe788aaf8bd7bf0a62
2025-11-02T13:03:42.608605+00:00,08576a85b606724b3927078e36ad14027da8980a69a3f80cc6462ae6a608ed62
2025-11-02T13:03:42.752445+00:00,baa5545f1ef75ea541d62e6bfaeb9059ebe9517bd1675f20ac53ada12d143655
2025-11-02T13:03:42.894388+00:00,b95a1ef87a9d6a0470aebabd9dbe156f4451cea44cd6b2c952e46e8d7200563c
2025-11-02T13:03:43.040494+00:00,94c8daa443edd669383f2ac95fa44864ff38a3461bfe12ceceb6fe3a1a3c27c3
2025-11-02T13:03:43.182633+00:00,46f2b193ba7c937f7d182101816addb362b9181193bd97f59db5229892eeb91a
2025-11-02T13:03:43.323247+00:00,2eb55981142e71339e58f00587b4cd5bb63cf2411689d3cf3cbfdb8a8139fe7e
2025-11-02T13:03:43.474052+00:00,dbb348652f333575f32d7a62808cb9104403dbf348602dee6d87623943206bf5
2025-11-02T13:03:43.618398+00:00,2ad564d12ead5d02ba4552bc9fac0a1f79b0d9fbd20763963101f13c4673e6e8
2025-11-02T13:03:43.762556+00:00,6127c9ac8646b572ddb4f288d55249c09251f4d29e998f8216f978958e3b3f13
2025-11-02T13:03:43.909751+00:00,a227b5df659fd730aaf3894fa70af124eb97d76f508f4452c2ae5d6f5c9550c9
2025-11-02T13:03:44.057457+00:00,fa27186bfe9ce6d0fa67412fee3deb430340cfa07ddf2ede07e74b525c90eabc
2025-11-02T13:03:44.201030+00:00,095cf7857cd1450f6d6af20fb74f5f0bfadb364ca6fdc8c370459a92f1efca38
2025-11-02T13:03:44.344944+00:00,d698e0e1a3b947b62847a75e1a903356e33ec7172fa87f0e2d3fc3173d325e7b
2025-11-02T13:03:44.486931+00:00,760d5a0016257df04361e2274b4851b86f9f3d9ee7a5e9beb0af7e35a52345db
2025-11-02T13:03:44.642513+00:00,f883de000ee8e30a4c0141da6573a1eace656a34d39c0f14cad42c6ff896df13
2025-11-02T13:03:44.974584+00:00,8b1d8ab58b3e70feb9584adec93ec6d34796fcfc8da6845f5346c0f7d50094ce
2025-11-02T13:03:45.118309+00:00,cde872873b1142f2032fa8e8307ffeb0fd54d45ddbad4f65c4223b6677f70c46
2025-11-02T13:03:45.265468+00:00,4d84da1a4cb1d522350e9a88114140377a5d04e82821270f06d8b9dacfdacd39
2025-11-02T13:03:45.410295+00:00,2b28d6e285d74962744856740cebf4b3502650318afba1ae89d9bc3172c792dc
2025-11-02T13:03:45.555526+00:00,53fa4a8ecd3703d56c717f6c165d47055f7f32f77cbf145ed264b1beac4840fb
2025-11-02T13:03:45.704867+00:00,64356e41b0819821a109c89e41d0d074b0945721bfdde81c615c9432abd7b233
2025-11-02T13:03:45.851673+00:00,b8e87abb72d36f3d132cc09e655f1b77bdd23ca4455fb74595bd54ed22f02e97
2025-11-02T13:03:45.997374+00:00,785b1a5bd03a646d88ad7ea3643f9adc275506e94ff0a1e233bbe358a0604550
2025-11-02T13:03:46.143821+00:00,9d23c0ac534e0362a259fa0918632f04555d52bb83c9a2472a32b8020ebd7a43
2025-11-02T13:03:46.290433+00:00,caeaa31653b9982ad343dc657db5605bfc6b9de85b87e798bcc0a22e8a3bbb22
2025-11-02T13:03:46.428335+00:00,f756f350c72fe85ac569d9483a614408d0cdba03e3fe6d66225891301aa5c81f
2025-11-02T13:03:46.576796+00:00,e292e4a6d698759337c5604f23b75aa0e6c5f439b97dd3fb19bc98055615c1fb
2025-11-02T13:03:46.718976+00:00,bd080a269edaa1a96d4e37ec1e550238203f750d4ec427cb5bf3af77cab8ea2f
2025-11-02T13:03:46.867113+00:00,a058ffa4ccf03efbe456cbc8ab41c72c007fbeaabd7279326f93a1b42bed2631
2025-11-02T13:03:47.019817+00:00,8cb953515bf27d42abe8fadcda006075bfc2a8dc4fe1356732da0715a0589257
2025-11-02T13:03:47.168412+00:00,ec20acf66f55eebbbb629ba57460c49ded4467796b110541a0461add4f6293ff
2025-11-02T13:03:47.309258+00:00,da24a028fb55c3d6e123af9ec4e8818fd70a10ec5cf63104c963dcec14a6aad3
2025-11-02T13:03:47.459287+00:00,846a442da954e3071357faa43c3d8404d27d7317b8ff0a687cf3c8978a833a11
2025-11-02T13:03:47.644964+00:00,371df0a7bb497a5790846b1a11784152331ca3bb4d6237f20bef8839c98cd7ad
2025-11-02T13:03:48.055791+00:00,59ff462ea1a593cbdd3723d454d29ef75797c4d85385e3f0b2fa1dac1917382c
2025-11-02T13:03:48.208479+00:00,ab8ff2ec4dfc5720914da4d2561c97d8026ba81e6cc10d77d1d0c89f59f2bf2a
2025-11-02T13:03:48.355646+00:00,3cf90aa5db84b75ee506409edffb769045ba542fe009f8579ce7abfdeea37b46
2025-11-02T13:03:48.500421+00:00,a015297f0d8dcf1d30854ae63448bf3f94e9888d521543c737b8c1ef53439043
2025-11-02T13:03:48.646763+00:00,54684665da441c49580f47dd53019bb9e2cdeb451d0fa863da0532ebd8d54cc0
2025-11-02T13:03:48.789700+00:00,7c36ebda914a2ced537533692a0254f79c7c2c8f721758d45bc3c20ce5b6b5f5
2025-11-02T13:03:48.943100+00:00,40c6665bbc809ebb4ad465739bfa03082f9241479e2b34b8e5769a346d925330
2025-11-02T13:03:49.085022+00:00,5e81456b691340ef8e1fbeb834e1bb15c752abf2ce1cd983d4304807398af8a3
2025-11-02T13:03:49.225113+00:00,e7eea4a71377fb1796a04d05cae4aec93b88c99530e624a53382326ae3880d73
2025-11-02T13:03:49.370018+00:00,cc811bf6f2d697bdb71c089d7f5415591ab942bf9f620826d37ec16c138c31ac
2025-11-02T13:03:49.509128+00:00,d5bcf7b9707c956f67dc12965cf6306685f76fe6aae22ee5b052320b2a9c7e2a
2025-11-02T13:03:49.649970+00:00,10eb2c8bb0443e42d9fdd496e4d1f3c4b7fe35a73a7a9f8a1330ff700b2e2dcb
2025-11-02T13:03:49.797198+00:00,028c41877dbceab134484ad08c83ca534503457879a81ac9538981911d537857
2025-11-02T13:03:49.945125+00:00,3ebc9b4feafdf0b9bd4de4d1a18f7aa3850194abc26fa5e9fcded288e4983118
2025-11-02T13:03:50.103492+00:00,86e549b41f774b25d7472ffdee89f8c50c82a2afac83c6f79aee385972cec0b2
2025-11-02T13:03:50.248225+00:00,8f5a135eac2d75f812f6f6df055d31933115205ef53d11710415cd1177630938
2025-11-02T13:03:50.396839+00:00,0bd7089c640d0afd373491132e673a544e74d07760e21eb0634189a2759377f3
2025-11-02T13:03:50.551520+00:00,00748f7fc60723bebc78e2f419dc299548ec4b4361f46d02a684c6d08b6953be
2025-11-02T13:03:50.696825+00:00,07c619c5612c6a8d93712d0fcdd89f27ab4ebdd585e79c02865a3f5f303f630d
2025-11-02T13:03:50.892756+00:00,a064b06d891c749a4739064bcd2d84e49341a86d0700ba5e842d2c0b60b1b103
2025-11-02T13:03:51.035180+00:00,d2697c387716ac34c5a2414631c92661fa94d704c686e546a0067075600f87c3
2025-11-02T13:03:51.181711+00:00,b6a65fbff36ea1257b985380ff4c88821089acb5de6abf71d4bfabbeabf34084
2025-11-02T13:03:51.325568+00:00,7a35a8fee94268efce45b91881f901bc4b23d720a41202a00b22c5482a2e2f02
2025-11-02T13:03:51.470383+00:00,f9b01968eae2bfe80d8ecda3560574549b1c6ce07519da33785bc1412f177c93
2025-11-02T13:03:51.618668+00:00,e12899740a8ff4a62f9b1ecfda6bd883ee85ac537898b6e9e9ca4f6c9676c5c8
2025-11-02T13:03:51.764018+00:00,64448cc3ca89d5e97e48e01ec2c406a7fbf81eac8185dc2e081a13d1a08ff6fa
2025-11-02T13:03:51.904602+00:00,0470cc19dd28dc42896aa1d7d573dde9f26f42f89631f59ad1658f45e9758cc2
2025-11-02T13:03:52.050084+00:00,e3d5fdc74d192bfce6bf73e61abae5e68e9fa8e36b433b85e210a36c4506e611
2025-11-02T13:03:52.196557+00:00,afb944ba0a3a65fae1e8cbda28ea170e49d83800bca03e9b31db204a32451f65
2025-11-02T13:03:52.345523+00:00,939e90630e2aa9991fcfb3ead7579c52ce7dc8e8164b9b87e66a5c86f8511ee9
2025-11-02T13:03:52.493146+00:00,dbdb0e6e06ffefc216f02983bfc96bcfda0bfae92c2b629e5d8fc78bf0184345
2025-11-02T13:03:52.635383+00:00,ee1fb58958ae4b64db3abd76129c4fef639f33b9c0bd98439b80c39feb664dbe
2025-11-02T13:03:52.783726+00:00,c386088634a7d1d809987c1ac28aefb69c341fcdc2f278dd49e63280b64ddda3
2025-11-02T13:03:52.926939+00:00,184fdd8e1013bf2954383cc9a2dd16da57b821b4f4594ca0988f99d153d35db2
2025-11-02T13:03:53.282518+00:00,165f03acb67f29abadeb4da5fa7c069f5a0f65545a0493783c62558d08157a0e
2025-11-02T13:03:53.428450+00:00,1e22f0723ecdf351d25e7fa7205be46004cd588b2d07223c25cc1b21b24ee147
2025-11-02T13:03:53.571289+00:00,2debe8d6ca5155eab7164b8ba6d5f1914d50e7da0454572169691d3b51f4269a
2025-11-02T13:03:53.716361+00:00,7d4074bfb17934b99be5da2e29d4d36e3a3e1cd74cc2746974288e4cce815d5a
2025-11-02T13:03:53.862153+00:00,118f4fc73fdd38d6b14debbe1a6812114a97fb4bb5340b7fb512cadd82b901ac
2025-11-02T13:03:54.008512+00:00,ec598c0f553fdc771f165e69a5d0cc31248f83a052c03f6de46e81cc1d6314c0
2025-11-02T13:03:54.149220+00:00,3153b839be88f9f21ed9672228431259ab176a13e98e2dd389cc860f73536307
2025-11-02T13:03:54.300010+00:00,81dcf2675108b875a977d598666ea4c6226c9d94d9ed5313f3c73ddb960fbebe
2025-11-02T13:03:54.450185+00:00,9cc12c1df636d746208cd6f34efbec7975c41e3f9b87c14420d0469acc666936
2025-11-02T13:03:54.597718+00:00,72e7bf44736d9bc1ee6ecdda4b0d610dc9606b3a48b9e429aef5b781609656cf
2025-11-02T13:03:54.745175+00:00,985456ae45180a7c6049336f1d221039713a9a1055a7c6556a87df7a053f2fd2
2025-11-02T13:03:54.893228+00:00,fd7ec43a403e76c5c29760b5fed1e8eeabdf1e94c7df0c3a35745ed85fc20b6e
2025-11-02T13:03:55.041345+00:00,2817030d015775b913f2c62e2e1bb852422d258f0c83b9acdbab4d11b130dbbe
2025-11-02T13:03:55.186566+00:00,640ac063d21542229dc480c409c096f72dfbe3c04f8c96c9280e64f1fcbb4cac
2025-11-02T13:03:55.336321+00:00,640f949d7818f0019dec4a389f4d4dc2650491d5f246ef5e45b13586c700ded0
2025-11-02T13:03:55.481996+00:00,3569759c0bd004be99fe6a007161b08dbfdd5948058e62b90941612f1ff7fda4
2025-11-02T13:03:55.623516+00:00,4b0abd7646136faa3ad0fe0c36b81455b12fa8929c6efa9475410d45b2dffd7d
2025-11-02T13:03:55.766322+00:00,48ea29c270fb1e74f7fa4d96eafa3b3dd6d5f699e02eca08c7ad17f984541e54
2025-11-02T13:03:55.949134+00:00,6c1342e479eebc09f1bc062a93a14d5b8ba3184f7f9dd2b1e14ecfaff26a96b2
2025-11-02T13:03:56.112630+00:00,3c69c136bc41be40fccda03a661727376101b57ef58cc2995c9fd705208e416e
2025-11-02T13:03:56.270009+00:00,dc7f2100aec7b054760a119aa5a8b5bb91a7718a97ced9cdf14b2fc45d9bc363
2025-11-02T13:03:56.429459+00:00,114f385f6baf07e43d071968989c247bc3d88fa84a27cf6e644dc82320119f3f
2025-11-02T13:03:56.589569+00:00,d2df3188ede075a149806a209bc536766e798a31f32c4c3b92e57c3275264bd9
2025-11-02T13:03:56.743574+00:00,11c577a7b24cc8b154f27052bf2cf27f09ca4bfea6ee0704eb7b5ae828291a21
2025-11-02T13:03:56.899476+00:00,7b736a4ba34885b01f93f6331c46540011b674dea44f89f9daadef52b5fc7930
2025-11-02T13:03:57.068148+00:00,53a7a7ca1e74a8f097b1b81ba4cf8eb95b197486f6ffeec5cf7726e9e00eea40
2025-11-02T13:03:57.236280+00:00,7a5708654712529d51b6c2bd3ebece6ee76c30575213a7834b25f572650bba15
2025-11-02T13:03:57.392521+00:00,df4afc936ff6e0ad9f7ad3575887d79fd1fbda1527267458fdbd34d887628cb5
2025-11-02T13:03:57.568976+00:00,0f5dcbfc2a3d46b96edb672242be562df5c3ef4d7e067a76b9fadc8fff560843
2025-11-02T13:03:57.724222+00:00,7bd61b44404a9957157c7b910ffb9da251f3d4c9aeda1f050d9549ce13abc327
2025-11-02T13:03:57.887404+00:00,ef1cb15639dace13c133f7ce915ddfedecc54f4f034465eac44451cf35aa52b8
2025-11-02T13:03:58.047357+00:00,790575edf507e5f05d66f6fc31a2076b761899172b14c8554594a5a4146ff979
2025-11-02T13:03:58.230318+00:00,4a46cba9e8997aa435dd7c943ffc7cf6273767543d42755d61da554056333cea
2025-11-02T13:03:58.525571+00:00,30bc0b1e0d69d6caa6b292d7df06fd2c10ebd31ccc67651f7bfa9cb7ffdf1e03
2025-11-02T13:03:58.684613+00:00,028276695601855cc5573d2b530ff4febd2b3934d03828e81be3d4635c67489b
2025-11-02T13:03:58.870410+00:00,15087666cff5e77121a01cda1103111e27c968aa3d0485fcbbc9f1c04de4842b
2025-11-02T13:03:59.031802+00:00,b4048542ca105ff49001f711bb12849252de25fbcf290171a165008e9927a80d
2025-11-02T13:03:59.190739+00:00,c7f27835bb3b7c4f09858de4c5962e50924a6509507fcccfe697d836b5ab3ef0
2025-11-02T13:03:59.351704+00:00,d79ce33d82161192d8d93c162e956883014444468075415fdcf474f08d2cfdb1
2025-11-02T13:03:59.507328+00:00,2f8f65bc747f878b005701fb0f72574ccc4c962fa7db924fc4f06d98e394e4ee
2025-11-02T13:03:59.662491+00:00,a5f13854b0969faa1bb5c1eae45d0972ec468a79761fe383ab63a3fc2fef3142
2025-11-02T13:03:59.812045+00:00,0044089b76645e520d7bdb338d1eff45bd0ba5a4aaebf9313f0aa522c77e94df
2025-11-02T13:03:59.971383+00:00,13dc6d23df1bb490949ea143d7437f6f99c5b3eedf613eef35d24abdac5041a3
2025-11-02T13:04:00.156874+00:00,6d0d5d5870a6fe4a7ed144b69e0ff26abf317912f7570b2726f025a7fd7a0b7f
2025-11-02T13:04:00.311066+00:00,72d75d3ed818c31f1a7f5e7377963086748bbb67b32d6030035d91b2f05263bf
2025-11-02T13:04:00.470746+00:00,ecdae8364162617413e8ce591f60096ea76481fe5690d269e8aa33a7d535e050
2025-11-02T13:04:00.626152+00:00,22a8835f32097da76353db8e691086cd47e1632d7182c9eb01b95dd43da273c7
2025-11-02T13:04:00.798535+00:00,d0f2a1c3535030f393ca4ecef01fc2b9dd367f039f91d980eec59b4f243339e3
2025-11-02T13:04:01.003178+00:00,e467e538582182064436c6f0c595c3c76cc406d04c95a582837b6ae20577cc97
2025-11-02T13:04:01.168309+00:00,8848fb0600ceb127b9ef2148f0d2126a6314b66e6d72dc86b9f48c31e4eb9958
2025-11-02T13:04:01.355241+00:00,8e2b2b40175ca5edc3ec5823abac337a3f977ed5df18018144e7803b3c166332
2025-11-02T13:04:01.516444+00:00,8d6cc5184f6d0ddfc6b747f85652cd05a53189582760a54a389dbde1ce22420f
2025-11-02T13:04:01.670454+00:00,9f3978c4defbce6e9ebc0681a61653e21fe3700f88e7157d4576c51221bb7f31
2025-11-02T13:04:01.825495+00:00,d61935fcf11d0abfb75993d67b2b78158059f22614bf4bb2d44f92baa50ddc11
2025-11-02T13:04:02.019371+00:00,ecbe15c9ab909c139fd6f6bf4511e0eb4c53dd4c3036fefea38b769b2c544f69
2025-11-02T13:04:02.177245+00:00,7c013a7b60486b3aefa33e46e54af62c645f03c858fec10b3989723f9100756b
2025-11-02T13:04:02.332086+00:00,ee57e7bc165836c918f1d322841370d72583e8af79ce655f8f3e49a23596f559
2025-11-02T13:04:02.488116+00:00,8e1fc45a22dedc03b1be6af314719c38b90cf4cc28f29303b4af0f8246e543dd
2025-11-02T13:04:02.649172+00:00,5465ccefca27b26ff83068aba0335474cefce461c608419872824fe4b9c1d6f5
2025-11-02T13:04:02.807028+00:00,3653b3ba829a3f38f25b8a565c78bacfdd1f8ca88f5a99da2e8b3cd91a97b500
2025-11-02T13:04:02.963472+00:00,ff037c8560c57f4192ec2288bf098b8d5f3b4aa8038c96f78a19271cb9466ba0
2025-11-02T13:04:03.123415+00:00,a5a20fe0e664d469ff38e61b697ee596aedcb0e48ed83dd9811b655b45d873fd
2025-11-02T13:04:03.290015+00:00,6dd7be1f1ee1e0a89ba258cddd959bf842442012d23570dc30ddb3d3b700862f
2025-11-02T13:04:03.534101+00:00,9cafa8fda6ecc4676bdc71f8812956cda55d67f07e82aa255808e905f63ccf7a
2025-11-02T13:04:03.688051+00:00,3d3283f1823b4ba3136d11ed3f628130a8900e1a9197611e8592d3997d9b0935
2025-11-02T13:04:03.856913+00:00,45a882425b0721f46d3664f9f83452ebf2d802a4984da427583f04c39af42f26
2025-11-02T13:04:04.016450+00:00,029b77c14d15aab0fe2cd054471c5bdd2e19bd37783c8edb4083a75196cb88d9
2025-11-02T13:04:04.178001+00:00,b1f6ea9150547d9176f5d0c136d5e26383e53382db2c2f2bd80572d435e7cb15
2025-11-02T13:04:04.341599+00:00,653d8d5c402cdb021cd5a726be5767988c0e201dbfc9461cf0d46194bb0cf09e
2025-11-02T13:04:04.500592+00:00,f0195d88330e626650ede90ef05e650e4b29cc6d49ff3e13b66d3225f419729a
2025-11-02T13:04:04.659500+00:00,ad422ae454b04844ec1ddea95786fd957925fefc8fb8ba00485a2fb02b8e73c9
2025-11-02T13:04:04.813280+00:00,bae1d7d9ce08c67b378356212ca5b7966bbd8450b33bc2ae666be876c6d09e98
2025-11-02T13:04:04.966192+00:00,58f8d2c543fe50bbb9c5aebfc15dfb9a9dc276815e6b9c40f9a209dab6f33c93
2025-11-02T13:04:05.133051+00:00,9e5b763637df314e353999bc1111f7a1def0a71f62b7dad42482d6d19fee9b56
2025-11-02T13:04:05.283915+00:00,b19123cdb42ea905dc75d8c860a86960b1f53ee5587442bfa69d50563d3746c6
2025-11-02T13:04:05.439112+00:00,2a53f411d9731bd9e54ade5141ebedfc3af296b21df75ef0500b1593af5a09ba
2025-11-02T13:04:05.627213+00:00,f31d11c3ed17879a50e7cfdb1c42404421f94dd20fc3cf3828cdad8ebc1b6bc3
2025-11-02T13:04:05.783508+00:00,a127a274976c29629e951c50db68d319376d0fbf459a52240aedfd06e9965566
2025-11-02T13:04:05.962616+00:00,32a97be1473f484c708c696bda4743733e8f29dc51a54373d9aab9278ebe03f0
2025-11-02T13:04:06.126705+00:00,286e01aca6613931ff2137a3043153d484a6291a3403c146e3d35267c54131f9
2025-11-02T13:04:06.289646+00:00,0012c25596ce47d0b6d9f54446d4d66dc5fa7ba632e54c785e1b86e0607b9878
2025-11-02T13:04:06.443955+00:00,693f52e01b82b8e1f60e43eeb95160c0ff367adc758b8c1691a55bde1bf39e63
2025-11-02T13:04:06.593444+00:00,5db085cf701b940a4a8ca3feba8312caf3f0f372690e5012c85c2a3915246af7
2025-11-02T13:04:06.760476+00:00,4eef06203be70e1c0de01ba232732c99666fb051229a658f0fa371a6888be62f
2025-11-02T13:04:06.916620+00:00,e0d9026e52daf2d1e40989e9008c2df0c98480380ce07fe9a90fb44d518ddbbc
2025-11-02T13:04:07.068030+00:00,92f84d5f103be67986c0da21b277af492a7b9a4f942d9401fcdd48388dfe25e8
2025-11-02T13:04:07.231122+00:00,760d5c18d929bb7b0e6df426184eafe51c602920380e86d11788a788b3feffda
2025-11-02T13:04:07.399580+00:00,e865ce21ed8a9a972a819565d4b111071e0c8351220a4aac01feb1380f6f0d90
2025-11-02T13:04:07.558557+00:00,b0ea0e778d74eecae4744c6703c9ee5790164c5db7679c56846381e50df4209d
2025-11-02T13:04:07.775203+00:00,e7cf36f50ff793356cd62d6b696105eb26ecdef915de9bb7e01a601c4589e0b7
2025-11-02T13:04:07.953119+00:00,c044380263d4a408e7328a02e855aaf937caa3c79c11b74cce4a4886d80bc93a
2025-11-02T13:04:08.129689+00:00,1c2a1878f05204356dea8b90b3fd8ec4a236da96c440488266142325d496e1b0
2025-11-02T13:04:08.289681+00:00,109e09c179e2734ec4c6e381151900511dc8f32a3f0b73625cf907d00a927ad2
2025-11-02T13:04:08.502749+00:00,a9494703d634f7d65cc604c85b708e5775b0ac366e0f2481da24e5c4653003f8
2025-11-02T13:04:08.844583+00:00,74878c42d7434e72259b54704abb46b6a8bdea98471394a6f054e58cd15954b1
2025-11-02T13:04:09.023074+00:00,109af7b0eca24643ce11ed1a36c649ffce16f5f6f13fe7e43fdeb16cf2bb7ca5
2025-11-02T13:04:09.209192+00:00,91c83656f37bee1215811bafcadf58e0a0bd452a532252ecf644c4f55ccb96eb
2025-11-02T13:04:09.408379+00:00,a3ee89dea9212ccca864be9b2613f1c3fdf9befb86ad529985f2511dfae045fb
2025-11-02T13:04:09.564463+00:00,f0c0e4af0abd439689e65c559c6f68f626e732a8fd825d8fe97755ae6eb0b088
2025-11-02T13:04:09.714283+00:00,fe4f656097a0cf2a4d2622a35fcf06d3d1ff18f8663cf336deb18832c974494d
2025-11-02T13:04:09.890178+00:00,5cef84b713aa6653e2982e48056ced4e8e4649d22c9a221c93b1af656ab94379
2025-11-02T13:04:10.060648+00:00,425f676973a4db544b578e9861f5df256a4e5592e03644eae0409175ed2490f5
2025-11-02T13:04:10.222988+00:00,15ccd3389cfb0ee8167054dbe8e1eece4d2298367fd52d46049e228d8e62dc05
2025-11-02T13:04:10.411236+00:00,63718a89e7edb49923cc78d6cfb767cd9e5ecad4dcf2d714351ae0a3973a4ace
2025-11-02T13:04:10.566611+00:00,0acde20ed8ae024bb6904b1616bbfe58504723c26d166d023a77118498b1b56e
2025-11-02T13:04:10.715793+00:00,b4d5509b697c0955544e6dae1a36cdf600e2fd7f7e8d43bfdacd301fdc3444df
2025-11-02T13:04:10.870697+00:00,1894a51d5403ed71278df9aedd72916e3475cf5c1ea01497aca61c0ddc20b92b
2025-11-02T13:04:11.045440+00:00,9e93b117e8dfe289320da925c75a4bc0b02ed47c7605771248774a74c5dd33f2
2025-11-02T13:04:11.237193+00:00,f8d64981359d8527f6be4992e3744782e189cdbcc0306c10b20bfb90256ebad2
2025-11-02T13:04:11.414224+00:00,837bce7c50dd1bbaec9a55765e8029fced0bd1dd9fb09ce6caff38591b5c967b
2025-11-02T13:04:11.575487+00:00,37499f80dd487141fb451e376903c395c6a79d031bb47e1b93a47c163212fa5c
2025-11-02T13:04:11.746807+00:00,ea1aa238cba98379387b5efdeb0adcde17904b348e024782c47c153593fc0efb
2025-11-02T13:04:11.898006+00:00,0da3b88f7011caa919ebce449b0007b4aeffcffc33e8d36f1cb19c15960873c1
2025-11-02T13:04:12.048874+00:00,c94664924800df567157d8ed22462f58d1a7ee8abeb805696c6aaedc60ea01e4
2025-11-02T13:04:12.202743+00:00,6bf2237ad3fd8c938d37a644efd5228b0d278437b58a70367595dbbdf8620816
2025-11-02T13:04:12.360641+00:00,b5133856b4caa4f9da8c304cbfe43543244f071679a8659ae39c6e58ca087f0b
2025-11-02T13:04:12.518221+00:00,6af6205d0ccf53ee1ea663c8e13eed50ac032e85e40b838a144b823e60f90e49
2025-11-02T13:04:12.673446+00:00,5040536d54a1fab4279d30ffe0156d224e4f81a6e38aee8f31144e2a7b922ed1
2025-11-02T13:04:12.838393+00:00,9ab642a15b7d9a1f07b9d378d4662d0875d35860b480b7649054b0ec87deb45b
2025-11-02T13:04:13.017953+00:00,e2a12def79793fbc5dc1a976f87f7cb3456ee79d4a440eb3319c67144b6a88f2
2025-11-02T13:04:13.189421+00:00,eb2ace89b8eb719357f88f766c997e440217ba6a3a84afbba1510ce45c971bff
2025-11-02T13:04:13.397128+00:00,a3b39bb5ab03ef904230d31507447bc4bd2e075ebb8c73b727740e6759c53178
2025-11-02T13:04:13.556602+00:00,268c11ebaf650c2601ec85477cd27cadd40a4d3dfd00df87dd1efb593b6b3a3d
2025-11-02T13:04:13.843729+00:00,528f9375cd423e6dbe43c9b7de9a49b19d9c9664f75c1f5e8561176fbc53b247
2025-11-02T13:04:14.004141+00:00,89ab026431fd3d4eb2a48a39ff311fee75bdaa3be73ba09763f7b8800fbd32df
2025-11-02T13:04:14.194310+00:00,f4dccd14363fd7efd5e1eaa090d272592ea8e096929527bc8ba69be8ae98f08d
2025-11-02T13:04:14.373584+00:00,da4e1759f3e3d4ca4fadc25dd805c852b5df44624ac0da8a01f860efef18b129
2025-11-02T13:04:14.531999+00:00,c416d3676e672e1481be44aa0753eb233a6d2aa06318a5555a30f23a04888b20
2025-11-02T13:04:14.688042+00:00,0cf049c2997648d07dde3428c52767e1bbfa5a1f396948235a277dc9bff017ec
2025-11-02T13:04:14.840159+00:00,010ad76f940c6b0ed2c5e8b829755268a6c961716b4790c4c02f9aac1962bd9e
2025-11-02T13:04:14.992568+00:00,713cc20c054adb0d771b578c6992eb41f08ca119c8f972af3d08ea074ff7a797
2025-11-02T13:04:15.153377+00:00,9a2478d51cf4244c53f84c034c582aeeb1392fcdcd3d6a571be7afe2b0d3f025
2025-11-02T13:04:15.308311+00:00,2e05b1deb17962c032c3023cdbebc21df321f4a0e1abf171cee046f0b5a71d70
2025-11-02T13:04:15.473919+00:00,396a64169967b781f469414b6f50ae152b338286e58c7a786aa18afec8f75208
2025-11-02T13:04:15.629373+00:00,ae213bc89d27df0c5144a22cc576d972de4de390a42e0737535dceb3f98e94dd
2025-11-02T13:04:15.800365+00:00,95bdba1d3424803ef2884dc4b41e3a09a92ecde107d10cdbef492d95c23f7c81
2025-11-02T13:04:15.953828+00:00,c20c988907d24e2496998b6107ce1dacf93197daa9d40f35fa0974a720b7bcae
2025-11-02T13:04:16.106559+00:00,7594f6aac99d404eef274a3b31a8d0e84bf853e99610a3710993ff6981ae2c0c
2025-11-02T13:04:16.303251+00:00,c611e0fd892993fe242c98e0397c562d744f446cdfade7c90c49b29709c7877d
2025-11-02T13:04:16.460498+00:00,abcec99f86f63742033bce5ebefd16bc8bdf4eb554e086702e7f67787eb92634
2025-11-02T13:04:16.609628+00:00,eb2a410d5b2858ec3818df385853a45742a504019a08cb7a08d030dd19c028bb
2025-11-02T13:04:16.770391+00:00,38dbf1a13451b42d2ac31f5e2fd96cb1796e55f0a2dd11600f9a422681167b7c
2025-11-02T13:04:16.926669+00:00,c7528a0c3be8fdfe3333c4bc6c4653ef10c8ea6d600be5b6ea513ea72c981e4e
2025-11-02T13:04:17.094197+00:00,044bf6eff521ced387bc4889430e7fc774755507d00823dbba1629d16e3f60a3
2025-11-02T13:04:17.278682+00:00,d3abe7f6934649d5b516ef93ccc059d1010e851a287ccdfedf14b8c915a4bd77
2025-11-02T13:04:17.436088+00:00,c9bec78825077be034d8051211d19e85275b01d98f71f3d2841735dd3d3c98ab
2025-11-02T13:04:17.584562+00:00,dacc67f294f56e20b195f0680af03e667d95b9c2ee435a56a92c7c14de71ec67
2025-11-02T13:04:17.747699+00:00,a709f5bf29781d6d53344eca61cd4ea3ec695d4fb80e454cfd829feb39ecb3c1
2025-11-02T13:04:17.946695+00:00,6af326c613ce3c7afaaac89b5b73a04eee77be8fb7b38be4626e156741466043
2025-11-02T13:04:18.104397+00:00,e6ecfe25be5848fe9c37fe73a94aac9aa96232a1f1c65be25cc4c5ce924b298a
2025-11-02T13:04:18.297627+00:00,c6e36fc32831735a728fcd3253439cd595b61352fc27ef4effc9237f41c03020
2025-11-02T13:04:18.456778+00:00,1aecc0652dfb5b8fa03e92bf840bb8d9fd50fdfba1493d7427e090f27c20a2ea
2025-11-02T13:04:18.616329+00:00,f0ff5399fb1d6f260163cb947a611c9be30c13aa445337c70a755a39c8566bf5
2025-11-02T13:04:18.949851+00:00,836298b12cceeed02555f0c1ce23d7a48b3d7d19d38f50b0592edfbb33d1dda9
2025-11-02T13:04:19.135634+00:00,51ed97f34c6af492182132297fb7365f55fbecd1ff52bb096360386c0b42970e
2025-11-02T13:04:19.303667+00:00,f28ed4834a6d2eeb2c1159091a37d5433df63361fb8785269c92cb274152dcda
2025-11-02T13:04:19.475295+00:00,939e1e27d372228ff1e7d663b55a51db1b8b4b5491be8c350953e28e15a2819f
2025-11-02T13:04:19.639647+00:00,4f5b10459c46850c54ab5c4c2012f115a0b6134008b04ca13be6c09ef2e05eb4
2025-11-02T13:04:19.792640+00:00,296188db8f9606ee9d19699b85f6831e4e2fa21c3bf33a277d5e6f2de5377305
2025-11-02T13:04:19.949923+00:00,7caee51b4085de959730df1163e6a4fe22ded4552cc5ab962b75a3ebfda27e90
2025-11-02T13:04:20.126681+00:00,38a3606724cfe57a167d16d671cf552a3f08a8908a8dcc4f2a761c5dd06d4a4f
2025-11-02T13:04:20.304909+00:00,36ca72c886251d80b0ae33fa0a8fafe1c5c7581e38658f9a646f9cf1746f3bd2
2025-11-02T13:04:20.466837+00:00,5183294d392762b565093a53acd25a8871042e0a5960ec3bfeef9727b64b2f07
2025-11-02T13:04:20.621193+00:00,06424a709448c5680e6467c6c7f88518adfeba26edc6c2543a7303846c564e9a
2025-11-02T13:04:20.780853+00:00,6fea78c98d21dbae7b0454df6085910edf472bba79e08df4b67bdfdf25d49798
2025-11-02T13:04:20.970689+00:00,d1bed3895e28c358fa5311118fbb458b4c79c5428d03f9866302c4f566168660
2025-11-02T13:04:21.132527+00:00,8ba40ffccdb54c8b8e53b51a0639d5442a350340f37df9de56e2b9b9c2806746
2025-11-02T13:04:21.288872+00:00,b751b52485bc1e7454412f577780c2ac6e326b6197cce0f1d97cc05e05f51dcf
2025-11-02T13:04:21.444597+00:00,3488dbbe6acaf13b14e609c86ac17bd8a6815dfb55e9ab0d9543253d47f17d31
2025-11-02T13:04:21.599317+00:00,e18f891e35e94277591f0523b39a7a9a51a0e974aeb23e3ca1b04021fc6419eb
2025-11-02T13:04:21.754383+00:00,169928d871e4dd7d7aa568d67e540c3188eb7550dc87bd3bfb6bdb9de4ef93a7
2025-11-02T13:04:21.920535+00:00,ca235cbd2a9f909adb31f1adfc1c6c8df381620c7a25fe4b1aeb9edfc7918dc0
2025-11-02T13:04:22.077638+00:00,74e926f52d29fd70e1c68f66c2cd864d3e1632153ec8fd6eddcfcb793d66c0b3
2025-11-02T13:04:22.237170+00:00,28de002ca685a739762aff3a94f8613777c380c0ed42813c1ee552db4b781426
2025-11-02T13:04:22.397020+00:00,f06c69e6c7a2939e5681f7fa2a38c14ddccaee8c7fefd598ed92806d1d1d9a76
2025-11-02T13:04:22.552358+00:00,9b22aea722f473816af6da37eecd95f795d5c22826156259a97a4f280f166c7f
2025-11-02T13:04:22.702001+00:00,8a4932170782d0f53760d162a6a0a46f80b40d560c69edfc8d8a22377f869338
2025-11-02T13:04:22.868781+00:00,b4e99f97c151c7badb5ea082bdaa231635eec281641f60f4a5cc5b891194af6a
2025-11-02T13:04:23.027561+00:00,5f87f835f2ce7fe042685b9025cb14e3947c987b5d78d7332fc1cea886209834
2025-11-02T13:04:23.197169+00:00,89249b9ebaf1f1aa67739bffb2775a6b9511db0108598dcb644ca0cfdbeb7b46
2025-11-02T13:04:23.354671+00:00,6abda03521730aec7d0194fdb18d7170bda51f6b3dc1625ebad205b5bce56510
2025-11-02T13:04:23.512448+00:00,46c9d5caea04758d4e7194a9cfd303b36075ca8d3b40386d13aaf122ea3f0fdd
2025-11-02T13:04:23.663887+00:00,8f521326ca5697f68ac788b26e741049fe59a2a287aa5a3065ccfb95670340c6
2025-11-02T13:04:24.052233+00:00,06d90210e2e7d8a48b24bef3541892ad9b66a850b0ff182248bab9f32da8239c
2025-11-02T13:04:24.206082+00:00,b159347de90c1c3e731ef071f410b81181caa80f273a92050c5a95ea117d30ae
2025-11-02T13:04:24.392620+00:00,10da49f52998184bcc7d7efbe8e61200ec6a1cf66bf75834364c06d768c7b861
2025-11-02T13:04:24.590733+00:00,f0176bba627e79670d37395615fec3b4f1629bff79f9af9ffec030e09bcadf71
2025-11-02T13:04:24.757753+00:00,445de0bd414d7597ebd656d18b97a7bf3b052cc390129c3776b2c3f7b850fb38
2025-11-02T13:04:24.915275+00:00,3cbd22857b99bc356f56e22f0ce499c9f3c81ab4314fbfdece186d0d68a3fdb2
2025-11-02T13:04:25.069798+00:00,68aaa367d3c58da13acc376b93d01cde93da9dc82e5c73f296960b636febcdcf
2025-11-02T13:04:25.229246+00:00,6ec08b25966ff37f3c080749a4a54478c427bd492390b346e7b51e2b32d27e02
2025-11-02T13:04:25.386872+00:00,6bbb0f1064474af4cbc852404745ce264d2d7cf573c91f32271cc43bcdb9a46c
2025-11-02T13:04:25.536749+00:00,aeeedacbded591b632e83ff28fa5e9eefe2542e4be0c78f22364c3ebc064abe2
2025-11-02T13:04:25.695509+00:00,72c52f4a40949fe76bc8866021ce1cbbd90e674e17e53a1926b1f4a53995fabf
2025-11-02T13:04:25.854300+00:00,56473c38700ba1c8ca5140d04d393f4142e6d73455c7ca680980eabdd5385063
2025-11-02T13:04:26.058054+00:00,a6bc85febedb789e22dad26d4e84fdda074bfa44146197881c3e7c0a9b3fd483
2025-11-02T13:04:26.216103+00:00,f2fd61e754e7fc2d19d4aa1b716a16167574aef60a20951275b5aff380cb5954
2025-11-02T13:04:26.373823+00:00,9f3d925e249182d0d9cde0ff8a14f199b196cea442e35d61f300c12f7a6bcc3c
2025-11-02T13:04:26.529979+00:00,029540565ede020bd2fd1f562ffa57938b891e3aaf21dec04cfbff399529aa30
2025-11-02T13:04:26.685773+00:00,88d205b9429231f9f506f7dbb6de2d11279f9380b8f7d27b1156f70c9594aefe
2025-11-02T13:04:26.845998+00:00,334a8c9a57f37836fdb588d94758224fee3b95490142d9b6dd0a312fddad4633
2025-11-02T13:04:26.993974+00:00,ecd475e3b6f25dd1809c140eec495e98142f63a288d71909b493aa02098f3fbd
2025-11-02T13:04:27.176398+00:00,e8c44113eebb080b4cce057ce6c730c73f604cb6ef4a6e29cf3e0a5d7bd73305
2025-11-02T13:04:27.403857+00:00,0b39ce48b74c162d6584284eb37875a2e4e93f94b074d5cba45557a5507d8a80
2025-11-02T13:04:27.557128+00:00,ebed9316226e170b1f8789e92c45edc5950ea3fab2ffc9adba6c9079e3085c3d
2025-11-02T13:04:27.705732+00:00,61af39619d5a428c43abf21085c1cef7a9aceaa41a1edc1391ebd29de9ca9bf9
2025-11-02T13:04:27.862587+00:00,0f7465128337de63fd39aab7f1992888a05a57b6fe2185501cfe09660bd84d38
2025-11-02T13:04:28.009865+00:00,bb11a0f06be9f3e4ab6a7af16e481d9da92e0037710a10f73b40a1cf290cc50a
2025-11-02T13:04:28.216729+00:00,3eb77ed9c45e2643350adf92c2e9f7bca2a141cd24a7e1df115fbc1cdf909af0
2025-11-02T13:04:28.370262+00:00,c6b9c7c7034bac5872222b0bf1fad486a26f485ab0e770823979768fd3abb799
2025-11-02T13:04:28.516870+00:00,012c928c0eec82ebfbc694fa7fc489ea434033d2b889034c737ffead51321966
2025-11-02T13:04:28.668904+00:00,7860b2786ba8706b6694215c0cbfb303514d4b8c65924cd07f87b839c8d394d2
2025-11-02T13:04:28.837565+00:00,f2af80cfdbba289ffb675a682bdc8eb758aa8d5d70d8cad92a3ee44f03194067
2025-11-02T13:04:29.373241+00:00,fbfc2542e3ead08f4fc12e99507f987351998070309e21684bf3c941457ef19c
2025-11-02T13:04:29.522194+00:00,4ac9a7823f28e95499373982baa5dbefa9cbd7b1815a4e3bbf58c67bf1f456f2
2025-11-02T13:04:29.686269+00:00,ecbdfd2d0b3439132e6c759995d44de55eeccf8f0e6428b8401e4f8b0906a19c
2025-11-02T13:04:29.930037+00:00,d634d5ce33638b65daa15c0a04ec503226c8cbd484ca866548d46345fe354220
2025-11-02T13:04:30.120888+00:00,ffce5ed77f6e06e73568e041747003ecbf123c453c54815b0152142d6e9b54a3
2025-11-02T13:04:30.272875+00:00,3cf07c34012856a055fb8adf0fc279da97bee823af50e698ed990436d5deb1f1
2025-11-02T13:04:30.430653+00:00,a83f37724c35798492c924efdf63d8a826213ebed9f5d6d2e58899838e5566e2
2025-11-02T13:04:30.580916+00:00,221de51087aa2a3302eab82fcfd95b953a46922ee55ef70e00a12c7d709d4166
2025-11-02T13:04:30.763505+00:00,b7e886a17af2cb549dd8aec017202f74555229799ae2330d30f1b32e4712a09a
2025-11-02T13:04:30.976866+00:00,30971cbb92357cec07aabe1895ec6b6ec574e0a64f2faa8cec3ed8a2fcdab8f0
2025-11-02T13:04:31.124768+00:00,b115214cb1ed5c32d944e675f336e1562af71cabf77dc7fcbb69884a6489361b
2025-11-02T13:04:31.272494+00:00,6afd28bcfe8963fe4c101c18b4ef479ac394b9d93645273910683362cd019341
2025-11-02T13:04:31.424139+00:00,f65c0a03be58771c3ab9a881844f56c67abea08fdc808c74caadccf41b5e5c05
2025-11-02T13:04:31.575392+00:00,a5c1d5ccd74fcb0b7fc78f032b71f0ce78351197ca03874d2cef1f32f636dcce
2025-11-02T13:04:31.723574+00:00,02b10bbee10f871127136cc094f31473dcea2a1956c5defb63fa04bcffbefe57
2025-11-02T13:04:31.873477+00:00,1b44d21ad7e81ac3469145a5de5694fc1c95aecef8b48c2567e01bfc2c122f27
2025-11-02T13:04:32.018565+00:00,0d71cae0f8b44a8c15eb47985fe859718e328f935c7e260a3a9f397576e01214
2025-11-02T13:04:32.167279+00:00,405573bee0c36cd90df35eb8df8f6499b0b417a50483414adbaac823ede452cb
2025-11-02T13:04:32.314112+00:00,d59e239bb35f807680b40a0bfa36bc1c2c4a331785a59a69f303543100128be5
2025-11-02T13:04:32.476778+00:00,21c4cc0d7815a96cbeb906611886920254cf020659014564c8699539bd2ea825
2025-11-02T13:04:32.625210+00:00,beb797fba440a49852f356d949b6a68134277f32102356da6a967168a962bf1a
2025-11-02T13:04:32.770878+00:00,329e5a712ce0be5dc3d44b07d908f81e8e2e4c2e09b2351db6b92795b1ae9286
2025-11-02T13:04:32.933087+00:00,1324005cf4df47ac521957e2e24aecfce861070c17fcbd7bea86442cc5ab4b13
2025-11-02T13:04:33.081897+00:00,2e84369c56e17a606a2490ed64f3f0a6caa40fdbb03a1751b0814e89bd91b22d
2025-11-02T13:04:33.231852+00:00,bd0165fd22df3c0edc4676d73575ea93ee7d80d241c9e6df7c0f6a75c8cdee98
2025-11-02T13:04:33.383544+00:00,281a6b794545198523cfd90d9ab5f391d6a28295045e7055dc600701142348bd
2025-11-02T13:04:33.532711+00:00,d27a29aceaf34ce0c38bc8a5808dda398a7cba1d495b24a919b5428fb81e2379
2025-11-02T13:04:33.684159+00:00,c38ce640d0e5ff898d784c3e7819164d0a16f2ab2e3c37c730eb3529c3b5c422
2025-11-02T13:04:33.828731+00:00,a90d5b2f533a020b5c0c19382a4e4d69a43ede0c00149623d2d86e94c86290cb
2025-11-02T13:04:33.975947+00:00,49d0ab375e6bde9140a4d680434eb2ed5f994edaabcb8d05037af18a53d08862
2025-11-02T13:04:34.178245+00:00,67fcf3d2af37fcffaaa1fbb89768cdcb0e0bb360edf94c20f2c566ebdbae6123
2025-11-02T13:04:34.326039+00:00,c82377752f19d75b77ba53b31537e94aa8fab373ce3da4b9dd9fc1ea9a874cc6
2025-11-02T13:04:34.474988+00:00,7866ae288b6d484643b7a99adb3fb7a37be5af7b6090f7dfc13d3c3a170eb620
2025-11-02T13:04:34.625220+00:00,43486cc7d91ee35908802b4dc8fea2ffec18d1a8aa48e3bbdecc534b17f2d0d4
2025-11-02T13:04:34.800465+00:00,2ad9d26bb83be33f7ef85c00b0d568301e214bc7a95a7ad000894b969bbfa2a3
2025-11-02T13:04:34.944439+00:00,117ed432ff2eca5db529cff98b2a1de292e1a28f67156bf940d778461536738b
2025-11-02T13:04:35.095481+00:00,b2fda7822e8725d5f74cbbb235cefb61e499439bf4a77f7c79ba54b0ed6fcc77
2025-11-02T13:04:35.244757+00:00,399182ea0a673a88eb6257930e27861842d207df93773b7998da0e203a1cce14
2025-11-02T13:04:35.392309+00:00,398153ec5db690108127219977ee0535f3779e334f5cea2ea5e8cd608ab154e3
2025-11-02T13:04:35.539806+00:00,d27fe2be119bc9cf3929d0d682430a1c109bea3746a750eb267cf2e27829fa48
2025-11-02T13:04:35.690379+00:00,e12b0b5cbaecce2ee678d4c7f1984f50480ace2e0ba27eb70e229ccfa6646752
2025-11-02T13:04:35.835793+00:00,081355eaa103c64a4fbfe853898c0d098cb63d054733ae98c9f58c0c021b25ef
2025-11-02T13:04:35.990863+00:00,0d59abb509864cc87190fc5e87d1423162fe0ad4f2830d82c8c837f52ced81b5
2025-11-02T13:04:36.137273+00:00,bf33459292ae768d4e4bd0986ce499dde81e3ba91bfd551b564e5a73c2e7c8c5
2025-11-02T13:04:36.285400+00:00,4d2b3ba7f5f67f113aa48b404c0b810f384eca3e0feed92a7ca46ebe993fc5ce
2025-11-02T13:04:36.427921+00:00,63285f29a0a32de4c81927ca3cc290ba787bbdf99a0d0b2d8b8f8dc60dc35a4c
2025-11-02T13:04:36.577658+00:00,5276356b07f5af59d642b8d80842d35008fc181f82487025c3b574357743f0f7
2025-11-02T13:04:36.730102+00:00,d03a12cc9afc453fa42c700405193c9316b1fe6bea2b5b1ee131ff43d87f942f
2025-11-02T13:04:36.890964+00:00,79f5e5b22807b63835721f5008abf1adece9d28b263dc43c829da85d6b37a24e
2025-11-02T13:04:37.044121+00:00,46a1fb52ce9f4a92395c6c2a5f712077ecc88724e9a5d431761a6ff3a47c2ca4
2025-11-02T13:04:37.192206+00:00,f1f195a45eebbfbbe23e4406dce56238568a793345b9f9e47781716c2f5d8c51
2025-11-02T13:04:37.352759+00:00,bae43d1fd9ee11ca05f162cdeff0fac273eeed91e149684e1df050ce7d062b7c
2025-11-02T13:04:37.499142+00:00,c7ba6edf36aabc5ba939ba583dff9a3876810921bda67cb9708bd0fa767cf97f
2025-11-02T13:04:37.649021+00:00,eccf4602fab7a80ac46e6aed420dc5cabdb7aa489619974c20cea3812fcd9d43
2025-11-02T13:04:37.818976+00:00,c11b08f8edac00776d7078607b3791c3c08131b9001b612e3aa1e16157316747
2025-11-02T13:04:37.962902+00:00,0b1f89d8db494985fe2355a42d9cc6c5395fb33c8558d9550f11dd3797c6307a
2025-11-02T13:04:38.113883+00:00,a8d9153204c498c047e49434e72c0be5037cdd4382c91891578d31c324cb6a96
2025-11-02T13:04:38.271567+00:00,abbb504ce99f57a1ade573975f456cc8e3aa56509c298bac5fc796617db23065
2025-11-02T13:04:38.438265+00:00,beab9d867cc96582347fcc0e8bb70f331c10fb10c9d70f809d37efe751c5d097
2025-11-02T13:04:38.588834+00:00,317467097c9bed76bc0c2ccbd90b8da37bdd7406435c7f19e253e232cd0c66a7
2025-11-02T13:04:38.755595+00:00,0dca25749aa8781f9b6950ed6fec2287aaa98804491185e7723e541771ac5638
2025-11-02T13:04:38.917659+00:00,5c5c4b4692da49b3c73b22843efd139cb21b9d9e92202ac06ac9e0d66598332a
2025-11-02T13:04:39.067614+00:00,38b92db9efcc62b53c9a419a283789fe17e3c39403a3bdb798649e7d79f7132c
2025-11-02T13:04:39.650861+00:00,01722155ccc99a44d3469dcbcf05109e169dad44277ea279d6b16dba971b0378
2025-11-02T13:04:39.800723+00:00,1ac3b7ed82b43273af5d610afdc91268db563ce08e17228ce148fbd4bab5f7d6
2025-11-02T13:04:39.982940+00:00,6dab609839b2f50006ad81fefcc6a00fd3bae29cabc762dacd3bcdcec284d8b7
2025-11-02T13:04:40.135159+00:00,5940b49e31da1bc45f757eaa8b687815b639efd552d2eef417e7f2b5ab21bcc0
2025-11-02T13:04:40.282038+00:00,97071dc4d6c1ba7cdf56ad99666134d1931c8b85cb0fa1d6f0a640e45e1c43fa
2025-11-02T13:04:40.428769+00:00,cb768a11dae69f073b5c1b3adfd174fd0bf73becd45d65f3a0263a112cb7d3df
2025-11-02T13:04:40.581509+00:00,d665115f21518339d64b34841ef46e887451c7cf1f144173b28ec3c83fcf3f1f
2025-11-02T13:04:40.787376+00:00,80db1153abf468541526a6d93e4514c867713e0e02acb087bb1e097690e31255
2025-11-02T13:04:40.949447+00:00,c63c73557c5a32b72564ee3865f26bb192fa390cffc2a55f8fb0b3a82875d17c
2025-11-02T13:04:41.106175+00:00,fbcd790b3a8edfe361ba85c49e86f473a454f08273779748d303f4a88748d005
2025-11-02T13:04:41.256843+00:00,3156501bc9dff9a3fd14d709adcf6fa6304f52b14b67146dc92c5831d7705661
2025-11-02T13:04:41.410883+00:00,3fc3ff90abdcce7a156c030842735df5e28059e7ed6f9b4e2ceb24af65d8ee43
2025-11-02T13:04:41.556944+00:00,8cb65617bb53ad674cb07e75183a41338f881e6a483e248519194effb52c8e0c
2025-11-02T13:04:41.705459+00:00,d8e13a50c3517b6b41d4f43fb96fad5aa4ba21320d77465709b8be005b581576
2025-11-02T13:04:41.855019+00:00,e4ee6459970af307e858141e7844cd4d59127d469e0c6328f556db539503d2ca
2025-11-02T13:04:42.003589+00:00,fdc679dfbd5201503476afc555437c38add2141da5b9306cd7ccba850382057c
2025-11-02T13:04:42.156968+00:00,0f879fba7761cf54dc861868bc1fdf3daf3c9e760d8ce50560a25d91b7bcfd5d
2025-11-02T13:04:42.307802+00:00,aa03f9b48515bce934be0e047b28486bce62faba97a0ad18be50f97c49e85a9b
2025-11-02T13:04:42.573504+00:00,242f3eb1f69251247486f89a1ffba76070c9421566a4ffcd4fb3778ab0dc7728
2025-11-02T13:04:42.727092+00:00,b54913c91d3afc13d3fd8fe15fb6a373775a64081a4ecf9fceebb4f7aa48bb5f
2025-11-02T13:04:42.877949+00:00,6eaefd43041d90e5f1c2c60e480d594bcefb594313d17c3b08518b0127e69fea
2025-11-02T13:04:43.031832+00:00,0079e8387af085b10baa53e70466137119da02ca5e49a8111a74138576cd10ed
2025-11-02T13:04:43.207837+00:00,679f76afac99e0b0f9da2b7a48b946ae3b1ba9488876d52ee413ce640cab8040
2025-11-02T13:04:43.356249+00:00,85ff80ad2b6f96290a392ea4efe847bb8b85288542f87df043c9e7b9d2b79e31
2025-11-02T13:04:43.502125+00:00,066c620d1384c809c718408cfcaec6b9fec281f992f571d507a37075451b813a
2025-11-02T13:04:43.648035+00:00,3b6bcfe6c644d10b355791198cf696b655b96c15aa1fb38f3b72cdad6e3926e0
2025-11-02T13:04:43.795803+00:00,c1068af09bf9c873b993ed41519561baad207342fb2f82360475166396044158
2025-11-02T13:04:43.946945+00:00,69a1fe1fea828c83c61d6a53a32aa74116b300081b330d95eaedf420c875ab9e
2025-11-02T13:04:44.099442+00:00,7f9bf8b0aacd2f791d306c1c6167d5d7d0d245a9967f42ff7602a25ae7e1c7e0
2025-11-02T13:04:44.279550+00:00,9a70ea93b1b403cb755b1eb793a68b70899f4c8598a694a9a7dac5a139af0723
2025-11-02T13:04:44.433494+00:00,9b166d63610407a2d7c21990ecc6f207ec02bc7875c4f3e790483dcf1a80c4cb
2025-11-02T13:04:44.580446+00:00,8a1ee8980062020f7be1ec53839a84368bcc46804bcf4df9ba82a0a9ac937fb1
2025-11-02T13:04:44.764616+00:00,10f3dd15b9c0a9b2e1f0b5b939910b067369fa30c8e151da651e269707d09563
2025-11-02T13:04:44.931841+00:00,ffafab167d5f6559f25e3efba748ca2f5aeb37f37d25d6c6ecf4a4b85a496491
2025-11-02T13:04:45.210127+00:00,52ea820bfaea612758760a44a4d3c5cae4c5a140f18ebd8a9958adb5e8c7d457
2025-11-02T13:04:45.355835+00:00,f2c5ef587f3a3875ffb10bf805eac3b01f167e2749c9a573c8962ddebedc6946
2025-11-02T13:04:45.503162+00:00,ec65d6f457f4b592c240b4742599cefbbe687d9c6d7e5d1fab96ae7e1a49698f
2025-11-02T13:04:45.652596+00:00,bdacb3611c7ce3a1658ae0a0d17472ff7e9243d01c55a81af7ea4e6b382ddb49
2025-11-02T13:04:45.849646+00:00,cce3e154a67e6aeb6ff0e8777b29313626e295617a0105d18c51787353a2bf52
2025-11-02T13:04:45.998087+00:00,a01d6b15058b5ba121f029048fcd1d356864b5d945681abd507d31d492730506
2025-11-02T13:04:46.146795+00:00,4b324168824d525c4429e757b349d44c3006e7f3f4d4bab1a6d5a745c38705ab
2025-11-02T13:04:46.290679+00:00,8ad58dd3e96bbe274d421d0f2f4b04bde90db44337a18210276fa0713c74ca8c
2025-11-02T13:04:46.440275+00:00,0baa14503f6060903dc6d15bdb6fc29f22d35a2e70a1a1679d1b9a049495ea66
2025-11-02T13:04:46.588969+00:00,2924354497987c85244b49a6e7f7b65a613647aa57a2f8452c95579aa0cfe412
2025-11-02T13:04:46.732232+00:00,f318e0fd9bacdd5d7189d1fe174b628a6addaa6597d62b603ffd6911b31b2442
2025-11-02T13:04:46.877641+00:00,7b97e34ad2193ee8f01317f0140c0ec06257902697e46981850b2b09204caa01
2025-11-02T13:04:47.020959+00:00,6b25ebb486ed15423e09171c6e50de2c19c66d0403494011e1534fcc26026bdf
2025-11-02T13:04:47.166583+00:00,a1661bb47d4e8ecaaadcba90c7c36769ec8e1c29027bfd76be4cb7d081f89923
2025-11-02T13:04:47.307424+00:00,b1715bf8b5c0642bce22c4ec21606fb84bd75b6c80cba566d59db2a91d4b219c
2025-11-02T13:04:47.459267+00:00,fcf5b8cfd28e9bde4cfee3d5e73886c1002b8010f16e3cb203174fbba8e49f58
2025-11-02T13:04:47.612443+00:00,0dfcf9f0711ad5b5bab238da4528727496a41f3ac2e8ef41e81a49218a500cb4
2025-11-02T13:04:47.810036+00:00,9b410013a12cc6f62ff3cf567a5a5098c251620ea8e4c2f2fb334119433bdfaa
2025-11-02T13:04:47.954224+00:00,a528963e3c436e43c97796efd67ff75018969b8c888e30c4b87e530dee3889f3
2025-11-02T13:04:48.107892+00:00,9da4d693950c471fe7f1db8dd8f84126aefb752edc56f5126800a84591133244
2025-11-02T13:04:48.261491+00:00,b481061bf39ae2b1e707336a388e9330c117b76bf2a59304d8c59d2821270cdc
2025-11-02T13:04:48.412695+00:00,272326f6e6e9560e5bb3840e75946ed0fca740cbf26bdb4d372b240febcdcf13
2025-11-02T13:04:48.570362+00:00,72dc0ce390d5c8d5573946ac97e06f85210f0053aa91e8a4e3df844ea5f06403
2025-11-02T13:04:48.718926+00:00,8484b978c114a497c71526bb96c5202b02acbbf35162badbeb67949bff0b8c3d
2025-11-02T13:04:48.867703+00:00,159bed088f50dc7a24f7e933b8f897b652290cac6dc8f697c6abbd82ba8fa6e3
2025-11-02T13:04:49.020384+00:00,4bd4564cd1d9d80d070537fa1251d87fa0915df46c04f56ee47aead57367c6a4
2025-11-02T13:04:49.166132+00:00,c43e00a7082d933bc335673dc1d1e21b35191dab68d873509b27b537b71f02bb
2025-11-02T13:04:49.401823+00:00,c34856562dffa2db79a4f56c46459bdd2282d3c26005e62751f2c3d1f4ec6724
2025-11-02T13:04:49.547003+00:00,a3f455d7edec10cbec555a50d7bf81f5e64e67cb94d2ca051d13a21243af17cf
2025-11-02T13:04:49.692252+00:00,b161cc28a63a60f6d9b6d775167b29f6017f13e9ebed119bb16d2611ca0a20fa
2025-11-02T13:04:49.839708+00:00,0710df145ae9994b1b30ca8aa875c3a0999529438544483355144cb2874f8d8c
2025-11-02T13:04:50.011809+00:00,4aaf7580c52c95eac342bf33b076bac961e9f815856993b7f50cd2bb14026e19
2025-11-02T13:04:50.161824+00:00,3ca601550a0fb66caf6ea5a56805c7f5eeff1834a99c6b0d66224255d98f0f8d
2025-11-02T13:04:50.308803+00:00,6cff17c27aea90ae67c6b666a734bb7dca450bc50ce357e186de860d1ddb035d
2025-11-02T13:04:50.458832+00:00,22ed8a3209c2ac69fd83f2582e0fcc68014bc25898ae0014045a66f5b070613f
2025-11-02T13:04:50.611262+00:00,fc137c7c140b35f8d8002f0de608ca3943767f7ef2086004ae847354efa7f194
2025-11-02T13:04:50.759959+00:00,d0dad4960e467be9632b9e25df30eeb854f90bca042e7d835bda363dc4edf9ed
2025-11-02T13:04:50.897754+00:00,186a772118d813f4529082fea94ddda910688300424d2b2f9f52c29cd96ea2ba
2025-11-02T13:04:51.044842+00:00,614d5d8eb36e475ac33441d062ddd420bbef5e2828f4a81a765b1b13cb152e0b
2025-11-02T13:04:51.187782+00:00,14ea8bc7caf8d9f5933e46c7f6f1325685b2732d8e6972014d3e464bc9c36629
2025-11-02T13:04:51.341767+00:00,c29cc6171b8e56e1574026a16d34ab285a9c96a99930b37fec10bf600f678cf1
2025-11-02T13:04:51.488777+00:00,ab87af4a01324c96662e8a3098e8a7f8dfa9bedad779be1f0f340da76f690f7e
2025-11-02T13:04:51.640496+00:00,cf475579206e95c0b6f51ec4a09730c5b74c5a854e93106bf812315c102ed4d8
2025-11-02T13:04:51.792358+00:00,f08ff7a7dee99f9180277829c29997ac28e8eaf84d2fc0c1effaccec8ca16111
2025-11-02T13:04:51.937312+00:00,68e5fc84baa4b385eada96736e30325fcef29e9bb74397c8df8e2adc3f41671b
2025-11-02T13:04:52.081849+00:00,3a7754b001adc76383966a98b06e81a76dd999d8e40fcd9bdcd4dd2438ad3ae7
2025-11-02T13:04:52.228188+00:00,ea09fee79d09c42b0371b11b7222a3a0e99c0c9754932ff9cd012e589532e2e9
2025-11-02T13:04:52.376207+00:00,294ec8de51523008bcaf89c3965cde27643021ec6f39d3da2bfddc09e3d98e03
2025-11-02T13:04:52.515668+00:00,c12fa2255e2ab6b7be1c99f4b5e91189e0593fe1c5bb1593fb7b004e81a2d17b
2025-11-02T13:04:52.661716+00:00,0b40f5742d23ebce2686618561d6d396e6c2310b42ab67b49ee6a5e0892bf0c2
2025-11-02T13:04:52.804448+00:00,d805acd5eab94cc704657756f258d8e6fe3ce125df4ef14d7db5672e748885ff
2025-11-02T13:04:52.945018+00:00,aa98e5a3615875a898fbbf99981b23a0a53b6274a9bcc387957a8604d7e36cd4
2025-11-02T13:04:53.098319+00:00,e4f6dfd3a02ed0d282e93265c692b548e3fee431ac281a103aeba33d50ceb794
2025-11-02T13:04:53.240975+00:00,798d44a85232794b8bcdfcdb98e386fee74e935a46d3cf3715a5b972bb7dded1
2025-11-02T13:04:53.380095+00:00,92bc3021960aba3ab2da757180ad3e2920e52693d47c130592ff861fd74a2ffe
2025-11-02T13:04:53.520395+00:00,e835df2cfc9565e1240d1d7a912bbcfe11e1308aa1d53145f6ba564207aad2f2
2025-11-02T13:04:53.667766+00:00,6cd72036244286a67d45c1327883dfd65949a936a5cecbdd1c5722e491b5c015
2025-11-02T13:04:53.812817+00:00,bbe1423618f2f5f459899df193a0f1548a9335080f1fa8482b45928579c3c17b
2025-11-02T13:04:53.963485+00:00,2a860389101991c98b9243f629ae08a8bc1ee78d319e5ff308a7d14b801b6eb1
2025-11-02T13:04:54.112631+00:00,5a0c6c3048deeeb92e377902a6d6dee4882d74cb23dcf25e605a95be96183c73
2025-11-02T13:04:54.263695+00:00,0c236c499064e091633625d4a41f6eaeca73cc76a970d338b700aa14fea3c69c
2025-11-02T13:04:54.516755+00:00,ccaf02fc43bf0b23f69279787195247f9f927911a6dd3e70da8ca6f866d70b47
2025-11-02T13:04:54.659781+00:00,cad74120d22308e2bfe4d70daaa8dbbb0601a863658d02a09fcdb7919d15e326
2025-11-02T13:04:54.803126+00:00,bc33ffc0bf55a5647077c04a8c667bd1859a6e355f96f21a30e7b963c5f6fe8a
2025-11-02T13:04:54.954918+00:00,183c7af6cebb3ca63b95cbf7699e13a4c86e063e03f704e1517540e8a1be6739
2025-11-02T13:04:55.107491+00:00,cf69ccbd6a86a5cec1a6acb7c68e360360aa44edb9135077e46234f801dccdad
2025-11-02T13:04:55.252634+00:00,45422afed9a5007e3381688ec921e4cdb2f6e6c90d7d620b8cad0d73f723eb40
2025-11-02T13:04:55.401319+00:00,b65e67bae07289886c38674e4cb04177100063710a7de2b1b18b0cfe46fbac06
2025-11-02T13:04:55.549435+00:00,9d4217d0f5663f000426f9fe77ae65bb954f09ed19061f1a8c49107dd83799f7
2025-11-02T13:04:55.694359+00:00,1111cdf44a1edfdce696996d9dede9973b42e06f249c56786e296547d494e6ea
2025-11-02T13:04:55.843777+00:00,340b0667506418f1cff8a1c5fb4cf597b8691f46bf7c1f25dc0ea85df12da14d
2025-11-02T13:04:55.994777+00:00,5e36375d8ee3645499f4d35a49a4e91c790b224f57c07e8ac9c4c3b791ace589
2025-11-02T13:04:56.151425+00:00,79f94ce4160376d7ac5467cbded45b211c157c51da30fc1f9d12665f8afda4a9
2025-11-02T13:04:56.298859+00:00,c921842560544dcc66cf1c1c2459afa60e7fd9c48cb581bbecb42bdcbd77f39d
2025-11-02T13:04:56.445136+00:00,fed823bf21a1cde2b93ef1e3ca5b91ab3876931a30ebec5ef005be227972cf27
2025-11-02T13:04:56.589271+00:00,1198ad0fa845737d160aace2c8288e7a61747a5d78e39c9fc37898a535669aa6
2025-11-02T13:04:56.740712+00:00,3ea34f28ebda6ce3eca04f39bc669444574e56fe37a71ad7b229974af1878962
2025-11-02T13:04:56.887070+00:00,3d69d5d6fe8c227d5d39db3fdd06653afe887d6a76544716574133446a936867
2025-11-02T13:04:57.035746+00:00,f33192032c227a1e448b1b2fda1721219c92e70ff62c36fd60d0f4bd8d121b9f
2025-11-02T13:04:57.189320+00:00,98860609732fe7d456e50ae3e0977f81a7b9721fd03fe4265be4bcfaf512421b
2025-11-02T13:04:57.333702+00:00,939c82cb8288815f3f55c6b2780627ec35ec76d45ccb80db6b3203a4bd0af7ad
2025-11-02T13:04:57.479603+00:00,31bc230532a55674f05132a24c365104cf91ce6177a7490d9b3b30ea32210a69
2025-11-02T13:04:57.637610+00:00,00956a8bb0cbcf3104ba2eb1da30517328d545d331a316c38cc4d123b5679702
2025-11-02T13:04:57.825699+00:00,de37c935abde5b37ca01b7d7877d5da6914c61426c9b6a9caee9471a88db3dbd
2025-11-02T13:04:57.967586+00:00,1afbc64235c5183f6128e11bc3fe5aabdfd9a5a26638a2b522a2668e4a6aa564
2025-11-02T13:04:58.122320+00:00,bc3688ee84f863a641763d084260be24c4e39af4d098d55036bae409f0fad52e
2025-11-02T13:04:58.265574+00:00,a4a80fea635355db2926152e98a979b8245e7629903ee423a15011b9277ef8a9
2025-11-02T13:04:58.413737+00:00,a0a83325f91241856eabd2e79befc73c06f965fb47c9fe43dbf562209b690de2
2025-11-02T13:04:58.559765+00:00,3d5078d67e26236bde87a6b042b721d064df612c4d278895063ca6a1fbc322c5
2025-11-02T13:04:58.705545+00:00,1293e3319730dbcec7d948bf826482ffeeaa40a2263c1f893fd44d19fe7b98c7
2025-11-02T13:04:58.862042+00:00,62c45a57e7e690b41273e33c3c2e47571842c7d2dc60397bf058d9c227428f0b
2025-11-02T13:04:59.010476+00:00,64dc59eeccd93cbd58ad1a2ffa1de392c128c521c5f077de995a9518934a24a5
2025-11-02T13:04:59.163810+00:00,f0bf9d29c1200b60df15342ea8ab2358cd4e193a6fa207b1382061553ae6d3a7
2025-11-02T13:04:59.314759+00:00,dc99c49ee2c5e81da3b9791044aef81113a7d16f24633efca6a7ca234f09052c
2025-11-02T13:04:59.499186+00:00,25452929a2760c5dd8046662f8992c034adda8b5f6c1342191dca0149c4dff22
2025-11-02T13:04:59.648209+00:00,03c025aa6491fa191891c57a43c83d2c7646e158009f91359dbeeb72ad85d2b1
2025-11-02T13:04:59.795722+00:00,1be25890a31eeec6575462d05cfed7afdb43d6a2104fa670374bde4471311118
2025-11-02T13:04:59.961982+00:00,311d58860b370b5aee57f5e66174cbacda70e26204da3be1db8c805861520e16
2025-11-02T13:05:00.103849+00:00,a310f27dac41b4407941de1141677eef5fc14c90bb7f691416267b42bbc9b6fe
2025-11-02T13:05:00.249346+00:00,2b236c307ce8e4d1b842fda015593498e0f3c5e01207855074903e478c314808
2025-11-02T13:05:00.399307+00:00,290450ec58251ea8ebe225f3509a9213b993bdb9d781f361296d097d1547f0b4
2025-11-02T13:05:00.549565+00:00,1839632aec21840921a56211960252a6dc291894598fa95f0d2ac65d25c95eb0
2025-11-02T13:05:00.742149+00:00,01f95ff7aa90ed667010838ec82d3adfc4511283ba62ab559f916a36fa29077b
2025-11-02T13:05:00.889626+00:00,1bab863c628e9e24a3236858e792acb10e6acac0b3833181c2d4191ddf5a744b
2025-11-02T13:05:01.039385+00:00,658de6f3614d67ca4cda17ec5c3f35b6dbf741fb62937c7c466457900b7869eb
2025-11-02T13:05:01.195074+00:00,4f31694c57086c938afeb368ff6d0d7e2fdd94b8448fcefa6aa1509837d68d84
2025-11-02T13:05:01.338402+00:00,203ff26cd3a0fe9f37e07c06ce9bb28b959f8fdedb1f27977383b2a0909acf90
2025-11-02T13:05:01.488988+00:00,803a98906590acf02b3437ffbabd926909b8abcc503b0765ff43feb8a317c77e
2025-11-02T13:05:01.633145+00:00,229cb3de676b9818c08862d2f8c3b8d556f2cb9a9bf51f663c4facc666c20e2f
2025-11-02T13:05:01.777122+00:00,6e4944e1426686114554f78e42d62fa37d173e720a31bfdb33c503ef6a94c59a
2025-11-02T13:05:01.932815+00:00,5928e9a7e51e5926ad2028e0fd6f53265cdaa3ac5ccd6d7ff4e79f7a2da778c7
2025-11-02T13:05:02.078656+00:00,aed201cc3f8847f8b6b650514edad45aca440db687d0272fa7c4c4456782dda0
2025-11-02T13:05:02.222451+00:00,96327267f7c060110cd9870e46ba82a45fd052f37ab3c897f187b54073cf6b56
2025-11-02T13:05:02.370288+00:00,b133ed23bd17ee8dd8034903a309ea2db966f4466952ba5d8dcc99dab4ef2032
2025-11-02T13:05:02.517570+00:00,c2b2e5235aba18892b95f776e2bb823eb181271513d6a31609190f2b0bb7e1ed
2025-11-02T13:05:02.662052+00:00,95291bda0f9de9cc34925e5d3f049ac3011d620a99dbbff22b17699610770bf6
2025-11-02T13:05:02.820211+00:00,4eb003c0253ef98b1efecbe5ce745584a55c6f176cc84c989ebd3b5ccab8c170
2025-11-02T13:05:02.962703+00:00,ed55406133bb83a7e277a6a887c0370aea9d08c3a22be1e77ff0a691f9ef8946
2025-11-02T13:05:03.113364+00:00,d2db9ee749db8dca5fff1c807b0efec0416f2601f19285714063dff878876624
2025-11-02T13:05:03.263407+00:00,c8da1c88dea086ff957eb844cf4e8524c860e326d073c1a95e569ee4bca445f0
2025-11-02T13:05:03.416027+00:00,08277143c30bdf0f7a6f47b50db0f84f2129de20b440bfb2a5eba734d107d6ca
2025-11-02T13:05:03.572894+00:00,0704dfe0abfc2d6ffa48f0d41652262f662cf91fb6933577a1fc5b31046ae509
2025-11-02T13:05:03.727078+00:00,2395766c676ce2ddfab91f5122a60ce95acd6165f029a2af66b488199a5ac71c
2025-11-02T13:05:03.873620+00:00,ad84ff272788ede42e1b25807569ad7e4caa18dec8c10f36295bb6fe15b5028f
2025-11-02T13:05:04.015131+00:00,225c13524df455e31d5525d1be3261dd509dbd5feac52f06d1ed75e77b565984
2025-11-02T13:05:04.160804+00:00,53af0cad8c891ba75b4583f2b7d71ced1f905084290b16039a2aa62824a1e045
2025-11-02T13:05:04.316738+00:00,1bb2aee505272e9178207393f7df9dfca1ed1795f870312cb46cafab01bd91b9
2025-11-02T13:05:04.464202+00:00,e5ca51fc05c1568671d829bb829c777d2542a9dc3295043626aa39cfa68f4661
2025-11-02T13:05:04.690607+00:00,f6c7fa7b1e022d714e1ce146c3ec60801745efff807414637869a10eadd286d3
2025-11-02T13:05:04.838518+00:00,b07cb0300cc11fc8f81baa64e772fda70ce437be00e914fcd67e9b77e487c4b8
2025-11-02T13:05:04.980195+00:00,68e1827354b3702f4a447fcb2354372088ff33dcee5a5ae1b0a0f3d439fa7969
2025-11-02T13:05:05.132564+00:00,83e5825a6bdb862957987899e24adf8c42c2b53e4abc22f22d30eb5314d68684
2025-11-02T13:05:05.277485+00:00,cc84704e2798b5b9b7abac1398d8a08c1e7ad7810b9926ffc140a0a0bd641b18
2025-11-02T13:05:05.423153+00:00,81506b82867ae7f296211e2e9b1a34ea07b09867336a3c1eaa4f71d471ef12a0
2025-11-02T13:05:05.566651+00:00,b28b76d6f9cc2f3a6c75d712277dc34e9d8cc64291803e856aaacfc18ab4e88b
2025-11-02T13:05:05.715729+00:00,8f454c67672cae4eb2bbd7db1e256d745827db055aeb08221ad5034dc39d93c4
2025-11-02T13:05:05.859460+00:00,7398437484881d3134c6610ebf8c666ccf55453aa99dd1a23b5cca064819d9ed
2025-11-02T13:05:06.004048+00:00,2cbcab999f05cffdac8a5314c6f072877e9c97d195e6df68fc257c9a51c1b235
2025-11-02T13:05:06.158376+00:00,314b31b773e99c4846e9f6b9cfb111998d014bed5a01909b00a6c355cbea5d58
2025-11-02T13:05:06.303627+00:00,61e358b4d8ceb047c8d4c7da8ec676b12bf1c9e4f075652abebd225184b868a2
2025-11-02T13:05:06.450304+00:00,28b6e6ab8daa6551444ac60414419ecbc44348eb80a9aac88968c69100f8d2ff
2025-11-02T13:05:06.595360+00:00,ef8be26b1d3f178917d1d7888dcdaa9a99a154fd8b117c15776026e11bb44747
2025-11-02T13:05:06.743619+00:00,d9c3be72129ca20affcb906549796307bed5d9279280b281d2ca7f5844c1bc59
2025-11-02T13:05:06.887474+00:00,127732803f2910a2be42657b7dae3b2b237909997d5af7434e8637f68a9866e7
2025-11-02T13:05:07.031798+00:00,9411eed39cb1fcb1281adf2fe52b7732730882abbf3ee707047a5f091faceea3
2025-11-02T13:05:07.175281+00:00,72ef3411a1314f0f904a0c4f1738a1a1996b0ab4289e33cb8d4fa0c394a05af5
2025-11-02T13:05:07.328145+00:00,1539449230f4f6e8a5579bff93c163f9aa9f180010af551f1f1983c440546ae9
2025-11-02T13:05:07.472780+00:00,5e0fd8d07c14815a4add2d3d40b1e69819799e83b24ffe99a56233ccf89461f8
2025-11-02T13:05:07.626004+00:00,1d2f24790b6ccb36e36700599d1c37c814eea9d4157260ef44a53e85ef8a45f4
2025-11-02T13:05:07.779874+00:00,34736c9da8d617145cc5d07fc2e545109b11965198472ed742542a30183d012b
2025-11-02T13:05:07.927730+00:00,9b4201838c3c04100486d5eaff71341a26181b2c5f8373c7227ad8b4b30e4bd2
2025-11-02T13:05:08.068145+00:00,03d5dedbd01111976cfa88a7af0fd7138cf4e26736362cfd91ced78c48ab6c4b
2025-11-02T13:05:08.214770+00:00,d10aee73618f126e27e4d37dd86d8b274455fda005111f08a97da1be48640f8e
2025-11-02T13:05:08.362528+00:00,f91c865fe2d060e210ee36f6567b50275499303baa63bbd811cf91a9cc104c1f
2025-11-02T13:05:08.505141+00:00,ff297cd8e5c9fa85cc15265835e1f484cacd23b5fcbf185490d458e38863d240
2025-11-02T13:05:08.656150+00:00,b0209c57ef54b1f6cd1fe35c68a837d11d6b412615564eefc82088ecff44c8e1
2025-11-02T13:05:08.810629+00:00,02db74def79287a56b7f992d6cd48bd4c991758c715f7bab78ea24eb723ab2ce
2025-11-02T13:05:08.953927+00:00,362a2f227b3f1dfaa7f872812e95f0170fd82063276bcbf891f810206758ecae
2025-11-02T13:05:09.096208+00:00,4884f1cef2c4d6e9b307e3b42cb5612629c792df541eca50c266eb80f91c88fc
2025-11-02T13:05:09.244314+00:00,58161ebdd50cda44b98b8d1257b5cb0f3eddf769725af8f51a4576aebbe20978
2025-11-02T13:05:09.392181+00:00,5549225bf90be32779b48f9a1dc22d29bfa656ab71f1af7a66358c680e4b4a04
2025-11-02T13:05:09.536108+00:00,3dd872fabb49f26abc80a6db856bface0f74216c1ac60ec11525471411849759
2025-11-02T13:05:09.758909+00:00,08b38b3e397586540e87b8a39d476b68b63b5b520dd56c7d7509faec2de99e3c
2025-11-02T13:05:09.920223+00:00,f6e000392d70b934f78f7a73475a66e632ead1eb3ce595771387d463b10d21f6
2025-11-02T13:05:10.064567+00:00,0629c08d4a2ee027a5ab6b69b417d5e8c7fb9aa3975c956947228dbfd4fe0e5a
2025-11-02T13:05:10.214002+00:00,e7220134f847934c304d388f402a15ec001e788aeb410b8462673af792eec48f
2025-11-02T13:05:10.359588+00:00,5ef5cf09d8288b271ab318c6d3a605ab9dd359db93eea0b7e1ec5114a62094ad
2025-11-02T13:05:10.503968+00:00,8569c0399f4b38791b98dc6aef2694e8bb96ed66e107c158ebdeafbdf4e53b10
2025-11-02T13:05:10.688198+00:00,0c23c97ad339cd622df9d420a9efa6b2a0af76cf95a311b298684bb196bfabec
2025-11-02T13:05:10.835171+00:00,fffbe984ed5e8d7f90d87933d874d4a21bca687c6bf63be11d3de5ec0edc580b
2025-11-02T13:05:10.983901+00:00,07e269c281c0e3744227e83011b7079b694537ce61b9e2bd6beac560bc6cdd24
2025-11-02T13:05:11.129153+00:00,e121c0ae8e391db34a16d73a53e1ee29f86dd2b2c81c7c60d88daf7205216ea9
2025-11-02T13:05:11.284086+00:00,a3c11b90c1e1ffa19c889c0fccd762bb1209d99f9a743f356f257fb5189859ba
2025-11-02T13:05:11.427056+00:00,f1eba3ff42bf5e4264a68431157790043ca9e773cc6f7790caf1f6b7dc998b65
2025-11-02T13:05:11.574883+00:00,85cb97f9d566e6bf76b2d1c71e43709f1529c1559d2962a5d89aefd523a4f5c3
2025-11-02T13:05:11.723966+00:00,ccebf8b59b2549dc19f1b55e46844ef2c21f0564556a7e689c0d3ab0b0fa6610
2025-11-02T13:05:11.872702+00:00,25ff06dd4f68de7ce81dc005e0cfcbf8dc14226f81190ef0082690fcc11024ae
2025-11-02T13:05:12.017959+00:00,7336f8b86f7a2269a741aee9813a3fee3df84c261256a8cbe4878ed9260e2eff
2025-11-02T13:05:12.162896+00:00,a38e4f6348607b8841ef4071f69497bd0d56ae03619439e5579d61306170e265
2025-11-02T13:05:12.309598+00:00,cbee25790b7bb0362f2fdc8dc42915e9f86194a0ee7a944004f00bdb76400db7
2025-11-02T13:05:12.459955+00:00,9e6aada0cab0d2baa981a71f04bd61d88ad53871d4e12265591488a4644f5e33
2025-11-02T13:05:12.607148+00:00,d04f6b9c0c740e7ffa10aed223193c154d155bcae96e9517cd2fc653e26814f3
2025-11-02T13:05:12.747277+00:00,495e3c997a55239b2c9997db85bd77d6f2a07d57424650adc9ce43bf7bef702f
2025-11-02T13:05:12.898384+00:00,49940889de59769ce620a17838c74c504e45758864dee58824d701b1155eea1e
2025-11-02T13:05:13.053634+00:00,68d920d25fb253875b2353fc9743934d6fb71f5959298d34edf27b61cba01dc7
2025-11-02T13:05:13.197242+00:00,ccd2936e414288d9e5efaf62f6e6e733ea3fa5a4e4905912cca1eadb32ae0162
2025-11-02T13:05:13.338497+00:00,e778601ab9d7267fc346146662bcc425914da84fcd6c770f07730d08d012f3f9
2025-11-02T13:05:13.483883+00:00,46d66ba1d7feb5fa4f809c8c8a3283ca4e5e4bf05c78df00b88b72cf65fe73ef
2025-11-02T13:05:13.625939+00:00,533f44d0df7360df6533e83874b472284002ea28a95249c40d3164a4eabb58cf
2025-11-02T13:05:13.779833+00:00,3df9151f1fb20cccda4e9088918b0023d77f77a64353cc059dc867896445e419
2025-11-02T13:05:13.930504+00:00,fd8633e4efd86517c021b6fdada783a7f84bed8e2e1f31f68e6e474d6972d1cd
2025-11-02T13:05:14.074672+00:00,017a11d95a060d5a92311cc68abbc1cfb32f250afee26ec0595de7d0c6edb823
2025-11-02T13:05:14.218863+00:00,547b2534a2e61379e36e8971716e1d8c4c4f0070203b1e455aa008423572ac10
2025-11-02T13:05:14.372680+00:00,4ed04918cbdde7997a2dc9d1af43077956999836673aad91d37122296c0793e5
2025-11-02T13:05:14.520623+00:00,6a608aea7bcc9435e075830390f76014eee3b99f1b70af1bfafe1101e6fe29e6
2025-11-02T13:05:14.673582+00:00,1e09a8373702c66da030aaa38d49f83a86c6a9b9c30114e74f77cfbad7fd98c5
2025-11-02T13:05:14.897984+00:00,75bc8b96b418ec489f56d92de9b9e33633889582acaf598a3002dd4b1538dc09
2025-11-02T13:05:15.043597+00:00,bc47f49b964e8bd6cdaa0ceda4920b32aa7823d08ec4d29334eb819555cd51ec
2025-11-02T13:05:15.191102+00:00,ac068bdeaeb428756fcf9f15baddf8213a743e808f69f4d753c486ebdaf55a59
2025-11-02T13:05:15.334717+00:00,93604f976cf6c90165279a6c1e1d57e409034129263c7d78becc62bd25d85bf7
2025-11-02T13:05:15.478934+00:00,e2f47324abd9eb6d36a3781e1814b11ec1f6f43742c725b886d5248858dfa433
2025-11-02T13:05:15.627516+00:00,f7b9c2ebd861009e69be4e7ebc620aa0067b2916620af3453f70c4aa4c54aaa9
2025-11-02T13:05:15.778154+00:00,28b8c926574f695e00e829080609d8176491360a7642d489f4fe77c3254c708a
2025-11-02T13:05:15.926675+00:00,69ec27b6a48548ed963970911afaa95d420faf32071a0e288f175e0185edfd07
2025-11-02T13:05:16.074735+00:00,29d57f8d92939cb2b4dc3d43fad2d67d6ecb68ee431c5aeed15fce37b7ec8c07
2025-11-02T13:05:16.220669+00:00,fd82292cb961db6e3a6dacd5dc8ad406fd504322f2f3627d69aa243965cc36ea
2025-11-02T13:05:16.370901+00:00,43ea12a126df3edb1beef5a66916304c953dad41585284a181e5254a12902da1
2025-11-02T13:05:16.513732+00:00,40df5c694378f186f5f24080c21016a3103e5637b483c1b081982053a94edb54
2025-11-02T13:05:16.665001+00:00,64b0c50742964006c2456204914735d1e8a8256103ca024558cfb453a3f6a1c5
2025-11-02T13:05:16.815355+00:00,72e2c65ce7fbc5c6f0b4a9f974932080b89c898b3166df1090e83a6bbf1b8f0a
2025-11-02T13:05:16.963663+00:00,c025a9e6913c8447cd5c29acefc4f0d943ac38131a1cb64a903c7a0f8a37d677
2025-11-02T13:05:17.111082+00:00,0223eb95237a1f6956cc433d96e31baf4437076b9dd8c1dcaa0e5c3b0606ce6b
2025-11-02T13:05:17.257680+00:00,3059103aa0126c8784e8b72b48032f626fc7bf49a4b6e4374bd9c259ce487b66
2025-11-02T13:05:17.410259+00:00,9e1220e849ecaf8ad7eca03df4e8557079a95d22c576427eba5b04486919f6d7
2025-11-02T13:05:17.577589+00:00,e9e04ddaf76b339b91e6c282d64bd996c85afaf68d72d595b7ca9373c67373cd
2025-11-02T13:05:17.733481+00:00,c73b296c459265bbbb01977ee056c7dc292717074a26d7d0f0e3db94c10ecef5
2025-11-02T13:05:17.889614+00:00,bc95b2d8080b83c3af9b30a4abf8491861c95e3d770b55db19054c579fc8211d
2025-11-02T13:05:18.035535+00:00,398ef49883f8f2c666b29682c5a583adade5c11afe4fb31262445ddc4074d8b5
2025-11-02T13:05:18.196595+00:00,9323ab16c50ff3e9695b193dfd9c1caa5715dc32b6ab1cba1f07c4f55ca33ca7
2025-11-02T13:05:18.347855+00:00,6021cad1a46fb08c18faec51557f8fd99ddbbda23c358155c272c7c1dbaf568c
2025-11-02T13:05:18.496786+00:00,4a344397608c55a589b7e060c445e53ce2c9568e924ab32f160c53fb5b11f13f
2025-11-02T13:05:18.645478+00:00,5360b3cee8261ac3b9b255378d533fb6df575c172a5db55d5f61430a7f087b36
2025-11-02T13:05:18.787541+00:00,5cb46031b2a7e5fbec3447c096ae09f3fa584d6c90fa6d0d78aaaec27c62e56e
2025-11-02T13:05:18.925408+00:00,8c22dfb96efdf494745a62d6e39759268c6bd86a6a20d25daec74760ccdb084b
2025-11-02T13:05:19.072292+00:00,d1cead7a17866af63f3b8d19e5012f1b7181f1d4b3f7f9c34423dfee350ab9cf
2025-11-02T13:05:19.214680+00:00,5553b013a4ae3cd3b3bc21f5f514024fef131a6a82499056f5364574bf4da839
2025-11-02T13:05:19.360715+00:00,a3df3370b11072e61d0c4870c4bdb2619ec60d6c99bd1f3a466911ebfc71a11b
2025-11-02T13:05:19.505245+00:00,ab3ff359046b4aaafc3b27e3a318a2ae555d3bc6b7973cff4f005fed720d110f
2025-11-02T13:05:19.654199+00:00,13b07422f5e908b81e3bcc632f70935bb612c8dca2f9cffbf090e23fd82c59a5
2025-11-02T13:05:19.806493+00:00,1404742479a4760240d7d3b3e49787f188eb83e96751333914f3c74e33fe67b8
2025-11-02T13:05:19.978363+00:00,4ea6609850813b807a1898be7655ab96c38c4a21d5f13f3ca228afa83f79cf94
2025-11-02T13:05:20.126885+00:00,7c82a4423c18a00ee9bfdb0f02e335b701a7a8e069cd84fcfc6811428d66dd6e
2025-11-02T13:05:20.269446+00:00,063a120a662e80560b50c156d47c505c5696c4f8f979d2b6c1f3e560ac482510
2025-11-02T13:05:20.412392+00:00,26b49fe71c487ac998053c6414b0eb1c13c1f53e0c6ca3bd24982caa6049ad34
2025-11-02T13:05:20.560260+00:00,552d0e333e8ad4781cc08c67379b04cf365439a842376f63c93ae8dd13155c0c
2025-11-02T13:05:20.718577+00:00,941fd5d415061c2b828980027878f7a39a1c91fd307b314606abca0c20cb8eef
2025-11-02T13:05:20.868988+00:00,cdb036c10391f04deed555f1f5c41615e1536646221e156defde837166dc1b02
2025-11-02T13:05:21.012368+00:00,69b1607cb5586df7a193fbbeb51c4c0144cfe4d5caffbd317013eae71a6c1a20
2025-11-02T13:05:21.167622+00:00,cbab7204edb2114721cd8676d57ce7cf5a257232efafab0cce60354e8461078b
2025-11-02T13:05:21.317510+00:00,58815c21f25c71089d31dd08246d752c8f9c6d9b0cfdc66de38f378abc0f9484
2025-11-02T13:05:21.466007+00:00,6689902e6a19e167f465e9b908d73725d8c6b5d24918099c397af1bcee4f89f1
2025-11-02T13:05:21.618564+00:00,ce371f545887aa1cb9571e02fa121e17bdd2f4fbf6bf17b70593e7557e9be2ee
2025-11-02T13:05:21.770167+00:00,17dff46d1e7da63d91dd46ba303be4e93aa2d862bf96881356e595ccdcb8100c
2025-11-02T13:05:21.916276+00:00,df20322c248d5b64c1aae4b39d6bd78186cafa359d6b3092bffd5c9e5e739a6c
2025-11-02T13:05:22.059874+00:00,eacdf304b72503bfa8dd2aab58db591a36772e4c6e741392dca6f15096a1e4d3
2025-11-02T13:05:22.204333+00:00,f21d30c5d17cda60513f19177a47469ac04b390b432630ac5a98e4dae8e024f3
2025-11-02T13:05:22.351762+00:00,e9327dd3f4b7b7df9ff6c3bd5316b31d2634f1afca1588ddbd4fc6752953c255
2025-11-02T13:05:22.492537+00:00,52099d79b3a566e0c1085c749205d858060c749e0e3be68b81e2212030e0490d
2025-11-02T13:05:22.639754+00:00,aabff9e7fe9b3006b77c6dbf69772330e12c94a0b69960317a0dd50aeec9bcde
2025-11-02T13:05:22.777984+00:00,0ac0b9c86811dedaccc76d35455a5b6245b5891e5ad5e027350ab639613aea66
2025-11-02T13:05:22.931152+00:00,8e3242198913dc3c34b45db223bf1628c219058c552ac1f202c2f34c1f7e2604
2025-11-02T13:05:23.078333+00:00,70bc5f48c2571fc3dc9533e2dee4ec47ade5b8d5cb2fb17588981683b5a59355
2025-11-02T13:05:23.222615+00:00,a27b954489785f3b77fdec92a1454f6a01f98807e1cf3d5dee86e6f3f8440096
2025-11-02T13:05:23.373355+00:00,eb7e474dbb9168dc10de1f0bd5a07af976606ebeba3dd1db5eb1f0f456cc08c9
2025-11-02T13:05:23.519514+00:00,c0bd773fd7c94f2ff3647082ed6d04b32d08bbe0c631a735635f7e1bba67feb3
2025-11-02T13:05:23.668514+00:00,af605b8294a09a15c7f1f30a8edb9c1a40fda269c25877a8004143edfba02a92
2025-11-02T13:05:23.810551+00:00,ae10bd32ad49405f946ddcbd59008c8ea3b61d8b548a8a819d9ecc820f8fb283
2025-11-02T13:05:23.954823+00:00,a69ec4641234900453c110a2bbef43fa76d2ef65fcec23b6f0c83415630006e1
2025-11-02T13:05:24.104281+00:00,60fdbe9fbc00d45f2263302074cf015b0cb8b4f5d8207f36647c3731ec893b46
2025-11-02T13:05:24.252853+00:00,af7ba8b3dea47cc39e393a8c75212983bba47840bc5c604988c39a615e795447
2025-11-02T13:05:24.439951+00:00,75030e7feea3e0e6f48ed63d5fc8fbd754a57b8f8046da0291b9c85734e9616c
2025-11-02T13:05:24.586281+00:00,81684b38a91ab1b40cbb8ed0e42285f7c8f18cd265005680f29822ed98038b15
2025-11-02T13:05:24.736048+00:00,cf3af8d15ff568e21b9dce553561d721ff559f0b65633b1c74688049d3f60ce4
2025-11-02T13:05:24.880242+00:00,1344f7bec209705e7403b4a73e9406832f04f4ff2ea08e4c837dc8900e5fd171
2025-11-02T13:05:25.164949+00:00,200df91a8bdc7c6fbc8af911dbb1fcb19ac3c44c8405b662d3164b13028a6e48
2025-11-02T13:05:25.309933+00:00,0fe0b161a1716fd181c2e1caf4fc75c8eadf9f7f789eda3cb1fca7fb445f1c46
2025-11-02T13:05:25.454018+00:00,80f9b2f0d5177db913d3ae9e71660453df56faa37023b5220e8458753b29b36d
2025-11-02T13:05:25.604352+00:00,788e214b8b635c66de8727a8a49d6cea196c35111b9aced1a67dfd03271cd9e4
2025-11-02T13:05:25.748972+00:00,4df6513ffe5b4bf0e3e671bcedf2dc0a1550b13203a0b613576c887624ac55d5
2025-11-02T13:05:25.898439+00:00,bceff0e29c7ceb90cae8f61fce8e042e1d1563bd37e67c190503ae7a671a90cf
2025-11-02T13:05:26.042887+00:00,31c8600e3ea89ce2432a879a44325399b41c34cd7ac361ec0e61839347a10015
2025-11-02T13:05:26.191046+00:00,b5f905e6b34dbe0d485e9e177b77d26435f25c9cb9e6a27896f02d71edfca12f
2025-11-02T13:05:26.340739+00:00,7ba161a0b122d1fd76bbcc64c41a71bfeca491fad4f2b12b49e235d1e9b5f92d
2025-11-02T13:05:26.491242+00:00,2edd9648ac6f40e764c1399e588e49c3f7dc9eee6d51633d9b0ea3e5cfb258ea
2025-11-02T13:05:26.638213+00:00,593f78e1684711481421af74137ee9475d95116920aced6d89f03e71626010a4
2025-11-02T13:05:26.781998+00:00,1d5b1b32b7fd0ee2ac18eef6697820eae5921254cf4dc14d94497f0125de6546
2025-11-02T13:05:26.930484+00:00,b1d8965fda02be41d6c62d561ccef9398b2e9d8dd750d7d186bf718920f8081a
2025-11-02T13:05:27.075380+00:00,b10a3b3ccf7e942fd1d29327673befd482db3714a3cc277412516cdc642260db
2025-11-02T13:05:27.235459+00:00,5098b41836daf6eaeef62b2110a9320b07b23703f0f7c0ed701d78d962296257
2025-11-02T13:05:27.388070+00:00,5466296dc67c1110ac2d8e6e8c644dd94c87f35cd723cfad7dc1164c6eebfe3e
2025-11-02T13:05:27.546078+00:00,f3f4ffa7f6ad8c408658f3220b1865cafcc11644896181c46c552fcf36b6b9ed
2025-11-02T13:05:27.799238+00:00,6fa12ee16b0051365d7d8e8e924c33780a953ea98d052b9c8e75a3ffe4d5b76d
2025-11-02T13:05:27.981318+00:00,e4db915555bf9a0f3910c9ab3799790648e69bd129392e216ac352d49531ff84
2025-11-02T13:05:28.139189+00:00,267c19520b1051639d9ea7f43f3cd3158e131c28ded5a92f4b27e012f39e231d
2025-11-02T13:05:28.291164+00:00,eb163a83d2c9b4564078457e3124ef219069a7d8602525ec4c505abdd4a66eaa
2025-11-02T13:05:28.446159+00:00,bb07639af3e578f6d7034865b49a385e94e9270efaf11097be1bde82d427a49d
2025-11-02T13:05:28.596053+00:00,6c87dddc4e2196e258f874767f129df101640a57c38048d79294e608feda9689
2025-11-02T13:05:28.742757+00:00,404542b5c8359e5965eafb205378f056a09ff12449852368061433d8bdddbbfc
2025-11-02T13:05:28.903546+00:00,4151436f9cecb74bab2d2c2bcca0e69548793d1485a2a56f6bd6af0b38659b51
2025-11-02T13:05:29.307169+00:00,b732858e04ea71df5583f2d6b590684d714aeecadaadcc7a764fc086500fe6ff
2025-11-02T13:05:29.555575+00:00,b171086e080a3564c3cd512f5c66b5953ba4e54a7c2b77a9fc1ce516e9484a24
2025-11-02T13:05:29.701072+00:00,ccc316684106291aab64c42e1b5da0b2d35f25a02673159b86c4fa202b670e8f
2025-11-02T13:05:29.851424+00:00,766b36b1679da92fc4507fab84f3fa67437d1ff0572b0f2a0f612c1915b974ee
2025-11-02T13:05:30.001331+00:00,a3f648a41e05621dfd27eb51298af15d44c220b30229eef828d7ea4f0dfe51bc
2025-11-02T13:05:30.658472+00:00,5341826a95e1fa560c0801009ff6bed8b7f766003f1163acd459c6a20d7c5740
2025-11-02T13:05:30.804143+00:00,1bce411f7730fd8182b93a92b6a9ef9ae7eecb1cb9fd4ceb0a778e7c7b8f7709
2025-11-02T13:05:30.950557+00:00,bfc5c5b5f92ef117e701be8992b0cd377982ce6992518bdde769d0a6cfc4ff84
2025-11-02T13:05:31.106942+00:00,51b0f4e680b32271f8baa7dc880d4fb3af85a33387bc880ca3b4eaf415b63278
2025-11-02T13:05:31.280275+00:00,2c28ee43a1918050d1762abb65ca99e05234ceb655d24d7b6c66f1ba8a876e79
2025-11-02T13:05:31.427299+00:00,e483fc9bf3b92775fbbf7e93bfa253e94e15658051ef994c63e2626e515cf9df
2025-11-02T13:05:31.572405+00:00,2bf039699986f4f577ddb9770b75fdcec6d90d25402fd093d964abe936f7d8f0
2025-11-02T13:05:31.716872+00:00,22a8302e89f5cf4dfee992ec9f811fdd83c66f9f8b799160fc26e817eeb38560
2025-11-02T13:05:31.861830+00:00,9dfbc115fe70d539df62a74f605d079441da792d42bfcc727b7f7d77a82bb988
2025-11-02T13:05:32.014606+00:00,f8420129e74e4d3b59d2582b8fb01b49ab9c9810283369c70efb2f53b9551401
2025-11-02T13:05:32.161805+00:00,ec477892fe94a0e52707126d4bbddb6f37bf4aa49e0ce8ecf3f3a83f6a5130f6
2025-11-02T13:05:32.315733+00:00,36c5ba7e9565f5e63d1c7929f385c2296b887fc0bbd998ca02fdddfcbe8987b9
2025-11-02T13:05:32.461250+00:00,bd2bea2a2a5ae12424e442be6a72a8a882571eda9bbdd352f56eb19579c81a5b
2025-11-02T13:05:32.604110+00:00,2f08738d8ee15bfd8dd38ea7fdb1bf44ece31b824df6a721ffc03c04975b01a4
2025-11-02T13:05:32.750410+00:00,66c4a8b83aa5f3c666fbdbdf4ddd687a4780cf296e0c48ff6293687982aebf33
2025-11-02T13:05:32.901207+00:00,592980648dcdfa4e9712a0c4aa70122096cb7e9e00953ba3b76ec2ac45b56dc7
2025-11-02T13:05:33.048172+00:00,1ec9412838a9139ad37bcf180024372c805f561e7bc28671e96e9864b400ae5a
2025-11-02T13:05:33.203822+00:00,30e55f4b39ba02478df5debeeb65de3883f457dc7e262359bd0257476058b81c
2025-11-02T13:05:33.355188+00:00,f675d7534b0d8bfeb32bb8a0d187d7a56d8fa195c01103a7da6fd967e229c442
2025-11-02T13:05:33.506743+00:00,749c8755e387e69f9d31112bf9fb209a6725dbd5f764b92b7886f2c4be45c32d
2025-11-02T13:05:33.666752+00:00,0c465d861c6c0fba703e1f4cd29513050aca646c8303b0c950ecc0e533755dcd
2025-11-02T13:05:33.816278+00:00,ac9fa0bc6ef293f92ddeb9dc228d95fa4711f645d62f7e542c9cc7f3e05e1437
2025-11-02T13:05:33.960100+00:00,541b30721f6f40af6f99dcb9688046b3fc42e9e0c345392bf3f9be7dcb855d86
2025-11-02T13:05:34.102309+00:00,fc26a88f1fa4cd623f317195ec35faae5c558a040c90b8d477984dba59de33cd
2025-11-02T13:05:34.248662+00:00,6c738054f3216311d9b2e18428cb7232a708b0328a61bed18a660cdfd5751ffc
2025-11-02T13:05:34.395567+00:00,393eceb4cf94e871846e2af204740aa9696b0c67f610c68178bb2642606b9100
2025-11-02T13:05:34.539718+00:00,cba03534c93e6c24d1fe90bcde4e9d9113354857a1cf67f31ec42ce628a78d7f
2025-11-02T13:05:34.690770+00:00,7ddf87ee1b0ed8d1ca5e55ea9d082f0fd8dd040cbfcbd95a87e3867675ac7183
2025-11-02T13:05:34.836715+00:00,cde763b9150920a9cb857a4df8edc52a1d7957ec64b10ddfd40b1eb50ef5120c
2025-11-02T13:05:34.991256+00:00,dcfd6447365db7c8c2b9248309b21c7650ad59346440101214b897f224cf3cfc
2025-11-02T13:05:35.147285+00:00,1ede12e80de6f2339492d7008f9601313625eed88d7f878a4b5a433d69bf9306
2025-11-02T13:05:35.411239+00:00,191e3e1e81be10ee40acb960823110fbdfe25583c2ef4901dcd27b010b6dfdef
2025-11-02T13:05:35.563768+00:00,036f52c2e8902643e9a1348e88ab178eb2d6453619deec223b9d6551edc2bb8b
2025-11-02T13:05:35.705286+00:00,a04d658192f03bfb1ea6f10efbe948307ed8320fbf4c8f0e2539ca2fe2fd2de7
2025-11-02T13:05:35.848072+00:00,94b5dcb8064dfe52b83c2574fcc84d2ea1a69563d23572dd39a2bb067c925406
2025-11-02T13:05:35.990279+00:00,3f5552d5a791b70afcf88f877be78932d0206c3be3a0c5d9361843bd9fad73c1
2025-11-02T13:05:36.135845+00:00,3b2f03fc7a0b2b7a515aeb832f77ff920d951a7aeb56f6b97f1a8bc6365cae40
2025-11-02T13:05:36.278793+00:00,6c171d6b4c01b97e9eda150cfaf27c0be5f429e789a1566a3a1c94d1cdcbe47e
2025-11-02T13:05:36.423104+00:00,1a89ef040ab44461373bbd4ac12a75647b2f72e6e81682a3e7b052a3bd1b546c
2025-11-02T13:05:36.571536+00:00,a94b3b5d43130d33b9be23a4e1844fded2f92b1457203249481e571224a7ff0f
2025-11-02T13:05:36.715807+00:00,f52debb33757f06918b34fe9698b89d6fe8e624e0cf607ccff9ae990e4ae97df
2025-11-02T13:05:36.862545+00:00,68260248148cf8288a62672c1f2ed811743903a2e0cef9429195b1ee5a51d83e
2025-11-02T13:05:37.008543+00:00,0619f803dad5a7100bc7002e98fca7954c1a64a31829b8ee24258dcb6e7e3b82
2025-11-02T13:05:37.175703+00:00,4b9dcc08730cfd1e125049a1492b4789943c4aea8e23aeafb0b89591818673d8
2025-11-02T13:05:37.321109+00:00,1382c6ed57406daad2c4303941e7efcc0fe59ec1f4c0cc5896043334456d3d1d
2025-11-02T13:05:37.468381+00:00,51c0ce9b36500f7782378876a9aa7dd5e4cc8e697e8b2af4b415da3b5d7631d1
2025-11-02T13:05:37.642412+00:00,86f356d6837cdc16b30fe673d57e635915a7ca4703808d77b3df277c515c2bd4
2025-11-02T13:05:37.828631+00:00,569dbcaed672b5960985a89848c4682d92a43fa31c892f704aeaee4a1d6255df
2025-11-02T13:05:38.006234+00:00,9ec2a879ed35de8865c2b815a1fb94315a8b3cc57dd2d4724a57602d1debaa84
2025-11-02T13:05:38.167315+00:00,e5853d2dc80255365ed22681233d418837b67d9511188dac8f03bc557698748e
2025-11-02T13:05:38.314699+00:00,fb8f98798432693033ce93e5de844296aa85a3602a1f875eca7a6333608c5662
2025-11-02T13:05:38.464551+00:00,69e678191bf382b17bb495f2b65434f3d09e980ec218c14605f11c282ce3fac1
2025-11-02T13:05:38.612139+00:00,26668c1fae1f126572b4e9065359d6d2841e3e30008dce1b57394ed4c689466d
2025-11-02T13:05:38.755058+00:00,0e383bdf5da826154bd5bcbcda27e5c87139812063a0c1715789feb0207e378d
2025-11-02T13:05:38.917618+00:00,7f866149e65cf7d2dcb1aebeb968872e19093925481f1a06612b056ba04467f9
2025-11-02T13:05:39.075209+00:00,0d9a45a155e61cde74d3313a79052e58ffe0c19b0276a17b17c7c3aed9209d95
2025-11-02T13:05:39.217845+00:00,714175016f4117a24887d0767a286586578887c6c6a491947019eec45aefde1e
2025-11-02T13:05:39.363815+00:00,df843b652be83b37b46739aaac7ab6abc07fbc3fb5fa4cac443eff37519a7379
2025-11-02T13:05:39.508298+00:00,330ed6b9c5ac0d76821ce0cedb9be70d2e044217c23a4510980765a4bdcf6f63
2025-11-02T13:05:39.662087+00:00,27b10d71497277c017c2ae4de576a66e19a59d7b1c720b5275d6af0dfc5a89e0
2025-11-02T13:05:39.807764+00:00,1e476dd13466b8a7799ec7a8c185ab3449d83b0dfd9189edad6ad3368683a20d
2025-11-02T13:05:39.959446+00:00,85cd3be9675ef6cfbf16bfa1eb921cca60e52ff86c79c9ebecdc56229d9175b5
2025-11-02T13:05:40.118486+00:00,91bed834b41a3c59ec4356a064155f6038bf79def54c435473e9568fe8224f6d
2025-11-02T13:05:40.261956+00:00,822ef325eddcfa7ac1018a2da1bb4bd0b094c0b20107da58c44b6d30911f9382
2025-11-02T13:05:40.569226+00:00,6f7caace155da131f6f16ce56fca6c44632e5821eea09afb5408ebac8d76ebfd
2025-11-02T13:05:40.736182+00:00,0e9a90713feac67e33bc4528315e970d4e29c66c5f5ba6b0ff5e90c98d19e54f
2025-11-02T13:05:40.884932+00:00,f0c9e448affb473609b5c8c4506900e29c25c453d0f23a4a3c0015ffcecf6b89
2025-11-02T13:05:41.029975+00:00,bc16238cd9a04da2663f4c1c82eb0951bc84e2d8bf4c068835c6f9937152b645
2025-11-02T13:05:41.178818+00:00,7b961cdfc60b18ddc6453ace6f29ceedeb87c2862747dd7d6fd6a4b9ca9cd256
2025-11-02T13:05:41.325641+00:00,101f30e8995fda2062db169230787c54ccff9fda80f0b07e7440e8adadf5935e
2025-11-02T13:05:41.472652+00:00,a98fa0a14208ef9eddb3a2abdaba0b69229a7888db0ebe59b5569d40777656b3
2025-11-02T13:05:41.619608+00:00,7404aaec33455947f2cbaccd850a91dae025173702506f86c96635fbb22eafbd
2025-11-02T13:05:41.772271+00:00,635c137e05edec012b2716e97d3132317bcf6a75b7119311b499ea91df674c64
2025-11-02T13:05:41.918132+00:00,b1e67ee3de743dc9416de95bf50866c42a0a53a1a9b485bada3e50867631d3b6
2025-11-02T13:05:42.066077+00:00,95569c921c4261f31f0abe31db8d2faaa9c7f46b9e7f89ece72826171a56b714
2025-11-02T13:05:42.210483+00:00,b9653b64876b7580e39fdf4471c45f1b9728044add0a9fcc8d235fa9ff98bdf2
2025-11-02T13:05:42.359375+00:00,ff7daecfef4b788ec49f879e2ba627558736121884119e9539ff81e8b1c1a159
2025-11-02T13:05:42.505130+00:00,0e3700ff096b1b5b3e215bd43545e3b054f245d06c36092a2950df31a1e763f3
2025-11-02T13:05:42.654833+00:00,7c8cbc8230e72bff549284fe95126f99c4e242e858d6ee9377364cd0a20685a1
2025-11-02T13:05:42.796363+00:00,7a4c07726594aaff5280e49ec28c49ed07e2640ee9348fd2ff06e39d06242d2d
2025-11-02T13:05:42.937923+00:00,afb6e0aa04dee0374221753beec57c718bc0878fe5ba6447ea2ac828f35f29af
2025-11-02T13:05:43.085758+00:00,fd6bff08f5d6c24ac8d9e5517d162ed06d71923f71659d932074292427312ddf
2025-11-02T13:05:43.241126+00:00,d6b1f96c3bf159f1faa14599bc960bc6775e1efc9c2d5a380f96eeb18e1b973b
2025-11-02T13:05:43.387814+00:00,1f592544ab8ce2f43f9c824e2277a7591d253618956af89687bb1a59ec9b9ce6
2025-11-02T13:05:43.548212+00:00,0a87a09cd56734d8bb8edc1c43b6b10d2c9782dfc203447e8f16fd9f3cf5d13c
2025-11-02T13:05:43.694143+00:00,8a2dc564183820f2c7c2f5a7ba4323fcbe212a7219f7b7f7db1a1b7ea40bf01c
2025-11-02T13:05:43.843743+00:00,8f8f66da35b914e78a99d1e247104599011908489b667789d8eb8048b0db7a6e
2025-11-02T13:05:43.987708+00:00,e40ffd8f62fa5f116e43c2334b55ad0867e41a501169ee97e03f97d4d2b89a92
2025-11-02T13:05:44.133763+00:00,43c6d9f18804b0d6e12ada641ac39e833357829b4d3d3b161bf60729c91dd998
2025-11-02T13:05:44.279305+00:00,d127b415bb4ad9ba6d3e93d938a26010b0ebe91011982c5b3dac2fe8d0202dd3
2025-11-02T13:05:44.426118+00:00,feed40a43a148d8eb63e5f19bc86d3fc3e7ac50b10d3e82b697344a198eb80aa
2025-11-02T13:05:44.573223+00:00,616644497330691fcaa92b4a0663542d8841f98afd3da5a0dd83df037c79a2d0
2025-11-02T13:05:44.718372+00:00,c8e8f9dadf9c93ef62a70df768988c9fc337be286f77f14390d092070613444a
2025-11-02T13:05:45.035318+00:00,78f9024ae70439b77bc0c82f5108d677913a9bd1291c9526300c137b541a8da0
2025-11-02T13:05:45.192138+00:00,d704170ea83f50975d016bf85fa68cd4e017ab80229704bb24eb84c1d0b8cf79
2025-11-02T13:05:45.342849+00:00,f70a44fceee8c532af2fc1af89a74e0682e37ed5ffdd1243982575e45bcb9a5f
2025-11-02T13:05:45.581602+00:00,9966ba9f12aa812a690807fa2f7201d5416871f73287de47353a944ae8c8779b
2025-11-02T13:05:45.730271+00:00,5ea55bf8ea0976a3967e43248aa0875c09e25dd2c91651016cc549dc2293584b
2025-11-02T13:05:45.876592+00:00,3ce6bba325f1ba2d77f52bb3843d7c2eabb8bf0a9f6e1ab52e095af3013d2b64
2025-11-02T13:05:46.021070+00:00,9feda439c1b127dabd6e588d901a00bbf1395d236a857ccb47592fa5327133ae
2025-11-02T13:05:46.164839+00:00,5d34e037243303545361e100c0dd8dffca07d0c3db42c16e865b5f94d28732f4
2025-11-02T13:05:46.309974+00:00,08bbb7b0d030a08c8b6c04fed10394e54f6a6fdfcbddb564e0d457db39bb1a21
2025-11-02T13:05:46.455159+00:00,3f4e28bb927b0e35c26122c89a9c0ac0fe6ded7f117d3f61ba09836638b7bf98
2025-11-02T13:05:46.597846+00:00,859ef3034b1e69b8d2c97d02eec23d8f187d437ffbca849ec7c1e3b44ef71b8d
2025-11-02T13:05:46.742117+00:00,074c191a333b0053bc878c77f764dbded400c28c11cf6eb41932b784fe8d1064
2025-11-02T13:05:46.884003+00:00,eeef09cbc54e2461a14142c0dcdbbb1c0456bc8eec41c44b67e8d4a5b3162362
2025-11-02T13:05:47.027863+00:00,3b8645f618f3441141b5b7f290f0f72896cbae7133680df11e4cd4009fba777a
2025-11-02T13:05:47.171641+00:00,07830ad096b72ae6bfeb9147c7ebe00b35cd2293eb86ac3336883aa205039d30
2025-11-02T13:05:47.314926+00:00,4e532e436bc0a88cb349cf96dab5d32f5a014ef4ea553292de22581f65a3854e
2025-11-02T13:05:47.459285+00:00,1f810f6e014cf5efde4bb6929ac64add5af2c6705af81ad299667546d6005634
2025-11-02T13:05:47.622922+00:00,bfbba7a5ae579048a3c1b4a39cf4290b1bfa42a1f7eea1d8d1c99d0f4ce37a90
2025-11-02T13:05:47.802192+00:00,fa98d4738d392ab3888b86938f8c0b635f10e0fd4da272b113f54535f5a92203
2025-11-02T13:05:48.034521+00:00,0e79934da80532d3f19e67615903aae716d7ba623bb7ce07073fae4bdd16aab7
2025-11-02T13:05:48.221824+00:00,52b41248890dccffdffd1603e805a06349684d7ffc34867fe3cf71f3cfffe0a4
