2025-10-21T21:48:10Z Warning: reindex=1 is set in the configuration file, which will significantly slow down startup. Consider removing or commenting out this option for better performance, unless there is currently a condition which makes rebuilding the indexes necessary
2025-10-21T21:48:10Z Bitcoin Core version v27.0.0 (release build)
2025-10-21T21:48:10Z Script verification uses 7 additional threads
2025-10-21T21:48:10Z Using the 'arm_shani(1way,2way)' SHA256 implementation
2025-10-21T21:48:10Z Default data directory /home/bitcoin/.bitcoin
2025-10-21T21:48:10Z Using data directory /home/bitcoin/.bitcoin/regtest
2025-10-21T21:48:10Z Config file: /home/bitcoin/.bitcoin/bitcoin.conf
2025-10-21T21:48:10Z Config file arg: [regtest] fallbackfee="0.0002"
2025-10-21T21:48:10Z Config file arg: [regtest] maxmempool="500"
2025-10-21T21:48:10Z Config file arg: [regtest] reindex="1"
2025-10-21T21:48:10Z Config file arg: [regtest] rpcallowip="0.0.0.0/0"
2025-10-21T21:48:10Z Config file arg: [regtest] rpcbind="0.0.0.0"
2025-10-21T21:48:10Z Config file arg: [regtest] rpcpassword=****
2025-10-21T21:48:10Z Config file arg: [regtest] rpcuser=****
2025-10-21T21:48:10Z Config file arg: [regtest] server="1"
2025-10-21T21:48:10Z Command-line arg: connect="node26:18444"
2025-10-21T21:48:10Z Command-line arg: connect="node28:18444"
2025-10-21T21:48:10Z Command-line arg: datadir="/home/bitcoin/.bitcoin"
2025-10-21T21:48:10Z Command-line arg: discover="1"
2025-10-21T21:48:10Z Command-line arg: dnsseed="0"
2025-10-21T21:48:10Z Command-line arg: listen="1"
2025-10-21T21:48:10Z Command-line arg: maxconnections="64"
2025-10-21T21:48:10Z Command-line arg: printtoconsole="1"
2025-10-21T21:48:10Z Command-line arg: regtest="1"
2025-10-21T21:48:10Z Command-line arg: rpcallowip="0.0.0.0/0"
2025-10-21T21:48:10Z Command-line arg: rpcbind="0.0.0.0"
2025-10-21T21:48:10Z Command-line arg: rpcpassword=****
2025-10-21T21:48:10Z Command-line arg: rpcuser=****
2025-10-21T21:48:10Z Command-line arg: server="1"
2025-10-21T21:48:10Z Command-line arg: txindex="1"
2025-10-21T21:48:10Z Command-line arg: zmqpubhashblock="tcp://0.0.0.0:28332"
2025-10-21T21:48:10Z Command-line arg: zmqpubhashtx="tcp://0.0.0.0:28333"
2025-10-21T21:48:10Z Using at most 64 automatic connections (1048576 file descriptors available)
2025-10-21T21:48:10Z Using 16 MiB out of 16 MiB requested for signature cache, able to store 524288 elements
2025-10-21T21:48:10Z Using 16 MiB out of 16 MiB requested for script execution cache, able to store 524288 elements
2025-10-21T21:48:10Z scheduler thread start
2025-10-21T21:48:10Z Binding RPC on address 0.0.0.0 port 18443
2025-10-21T21:48:10Z WARNING: the RPC server is not safe to expose to untrusted networks such as the public internet
2025-10-21T21:48:10Z Binding RPC on address 0.0.0.0 port 18443
2025-10-21T21:48:10Z Binding RPC on address 0.0.0.0 port 18443 failed.
2025-10-21T21:48:10Z Config options rpcuser and rpcpassword will soon be deprecated. Locally-run instances may remove rpcuser to use cookie-based auth, or may be replaced with rpcauth. Please see share/rpcauth for rpcauth auth generation.
2025-10-21T21:48:10Z Starting HTTP server with 4 worker threads
2025-10-21T21:48:10Z Using wallet directory /home/bitcoin/.bitcoin/regtest/wallets
2025-10-21T21:48:10Z init message: Verifying wallet(s)…
2025-10-21T21:48:10Z Using /16 prefix for IP bucketing
2025-10-21T21:48:10Z init message: Loading P2P addresses…
2025-10-21T21:48:10Z Creating peers.dat because the file was not found ("/home/bitcoin/.bitcoin/regtest/peers.dat")
2025-10-21T21:48:10Z init message: Loading banlist…
2025-10-21T21:48:10Z Recreating the banlist database
2025-10-21T21:48:10Z SetNetworkActive: true
2025-10-21T21:48:10Z /home/bitcoin/.bitcoin/regtest/fee_estimates.dat is not found. Continue anyway.
2025-10-21T21:48:10Z Script verification uses 7 additional threads
2025-10-21T21:48:10Z Cache configuration:
2025-10-21T21:48:10Z * Using 2.0 MiB for block index database
2025-10-21T21:48:10Z * Using 56.0 MiB for transaction index database
2025-10-21T21:48:10Z * Using 8.0 MiB for chain state database
2025-10-21T21:48:10Z * Using 384.0 MiB for in-memory UTXO set (plus up to 476.8 MiB of unused mempool space)
2025-10-21T21:48:10Z init message: Loading block index…
2025-10-21T21:48:10Z Validating signatures for all blocks.
2025-10-21T21:48:10Z Setting nMinimumChainWork=0000000000000000000000000000000000000000000000000000000000000000
2025-10-21T21:48:10Z Wiping LevelDB in /home/bitcoin/.bitcoin/regtest/blocks/index
2025-10-21T21:48:10Z Opening LevelDB in /home/bitcoin/.bitcoin/regtest/blocks/index
2025-10-21T21:48:10Z Opened LevelDB successfully
2025-10-21T21:48:10Z Using obfuscation key for /home/bitcoin/.bitcoin/regtest/blocks/index: 0000000000000000
2025-10-21T21:48:10Z Initializing databases...
2025-10-21T21:48:10Z Initializing chainstate Chainstate [ibd] @ height -1 (null)
2025-10-21T21:48:10Z Wiping LevelDB in /home/bitcoin/.bitcoin/regtest/chainstate
2025-10-21T21:48:10Z Opening LevelDB in /home/bitcoin/.bitcoin/regtest/chainstate
2025-10-21T21:48:10Z Opened LevelDB successfully
2025-10-21T21:48:10Z Wrote new obfuscate key for /home/bitcoin/.bitcoin/regtest/chainstate: c7ce207cfdeca041
2025-10-21T21:48:10Z Using obfuscation key for /home/bitcoin/.bitcoin/regtest/chainstate: c7ce207cfdeca041
2025-10-21T21:48:10Z Opening LevelDB in /home/bitcoin/.bitcoin/regtest/chainstate
2025-10-21T21:48:10Z Opened LevelDB successfully
2025-10-21T21:48:10Z Using obfuscation key for /home/bitcoin/.bitcoin/regtest/chainstate: c7ce207cfdeca041
2025-10-21T21:48:10Z [Chainstate [ibd] @ height -1 (null)] resized coinsdb cache to 8.0 MiB
2025-10-21T21:48:10Z [Chainstate [ibd] @ height -1 (null)] resized coinstip cache to 384.0 MiB
2025-10-21T21:48:10Z init message: Verifying blocks…
2025-10-21T21:48:10Z  block index              46ms
2025-10-21T21:48:10Z Wiping LevelDB in /home/bitcoin/.bitcoin/regtest/indexes/txindex
2025-10-21T21:48:10Z Opening LevelDB in /home/bitcoin/.bitcoin/regtest/indexes/txindex
2025-10-21T21:48:10Z Opened LevelDB successfully
2025-10-21T21:48:10Z Using obfuscation key for /home/bitcoin/.bitcoin/regtest/indexes/txindex: 0000000000000000
2025-10-21T21:48:10Z Setting NODE_NETWORK on non-prune mode
2025-10-21T21:48:10Z initload thread start
2025-10-21T21:48:10Z Reindexing finished
2025-10-21T21:48:10Z UpdateTip: new best=0f9188f13cb7b2c71f2a335e3a4fc328bf5beb436012afca590b1a11466e2206 height=0 version=0x00000001 log2_work=1.000000 tx=1 date='2011-02-02T23:16:42Z' progress=1.000000 cache=0.3MiB(0txo)
2025-10-21T21:48:10Z Failed to open mempool file from disk. Continuing anyway.
2025-10-21T21:48:10Z initload thread exit
2025-10-21T21:48:10Z txindex thread start
2025-10-21T21:48:10Z txindex is enabled
2025-10-21T21:48:10Z txindex thread exit
2025-10-21T21:48:10Z block tree size = 1
2025-10-21T21:48:10Z nBestHeight = 0
2025-10-21T21:48:10Z Bound to 127.0.0.1:18445
2025-10-21T21:48:10Z Bound to [::]:18444
2025-10-21T21:48:10Z Bound to 0.0.0.0:18444
2025-10-21T21:48:10Z init message: Starting network threads…
2025-10-21T21:48:10Z DNS seeding disabled
2025-10-21T21:48:10Z opencon thread start
2025-10-21T21:48:10Z init message: Done loading
2025-10-21T21:48:10Z addcon thread start
2025-10-21T21:48:10Z msghand thread start
2025-10-21T21:48:10Z net thread start
2025-10-21T21:48:10Z torcontrol thread start
2025-10-21T21:48:10Z New manual v2 peer connected: version: 70016, blocks=0, peer=0
2025-10-21T21:48:10Z New manual v2 peer connected: version: 70016, blocks=0, peer=1
2025-10-21T21:48:17Z Synchronizing blockheaders, height: 5 (~100.00%)
2025-10-21T21:48:17Z Leaving InitialBlockDownload (latching to false)
2025-10-21T21:48:17Z UpdateTip: new best=1ff79a002b696373009eb1c3eb75d7c47dd5a80a3a472711c2c782fc00c9ce95 height=1 version=0x20000000 log2_work=2.000000 tx=2 date='2025-10-21T21:48:17Z' progress=1.000000 cache=0.3MiB(1txo)
2025-10-21T21:48:17Z Saw new header hash=2e7aa2871eb554a86a295a471bb3f4663251076c028a0828a594689abbd30c76 height=6
2025-10-21T21:48:17Z UpdateTip: new best=28244d417e34abfda22806a7a21f0363bf4afafc9ee7f408ed9cd306ebd87138 height=2 version=0x20000000 log2_work=2.584963 tx=3 date='2025-10-21T21:48:18Z' progress=1.000000 cache=0.3MiB(2txo)
2025-10-21T21:48:17Z UpdateTip: new best=456b36fbed23347681cdec041e97dbdf19096f643e72b4c08291e40689a3347a height=3 version=0x20000000 log2_work=3.000000 tx=4 date='2025-10-21T21:48:18Z' progress=1.000000 cache=0.3MiB(3txo)
2025-10-21T21:48:17Z UpdateTip: new best=0983d42c616cdac25145a49835a46eb4ba579b94100f98fa421cd2f493314d90 height=4 version=0x20000000 log2_work=3.321928 tx=5 date='2025-10-21T21:48:19Z' progress=1.000000 cache=0.3MiB(4txo)
2025-10-21T21:48:17Z UpdateTip: new best=1229a0c77adad5aacb1f8fa3c446d49448e29880d6f540cd1419f713b888b8d4 height=5 version=0x20000000 log2_work=3.584963 tx=6 date='2025-10-21T21:48:19Z' progress=1.000000 cache=0.3MiB(5txo)
2025-10-21T21:48:17Z UpdateTip: new best=2e7aa2871eb554a86a295a471bb3f4663251076c028a0828a594689abbd30c76 height=6 version=0x20000000 log2_work=3.807355 tx=7 date='2025-10-21T21:48:19Z' progress=1.000000 cache=0.3MiB(6txo)
2025-10-21T21:48:17Z Saw new header hash=2398a5d63eb9838989d76b2830355d62aac637038942785c6641a9f3b776e57b height=7
2025-10-21T21:48:17Z UpdateTip: new best=2398a5d63eb9838989d76b2830355d62aac637038942785c6641a9f3b776e57b height=7 version=0x20000000 log2_work=4.000000 tx=8 date='2025-10-21T21:48:19Z' progress=1.000000 cache=0.3MiB(7txo)
2025-10-21T21:48:17Z Saw new header hash=233ddcc0d0dcd1b3c4e29cfee1248c8476ec79497cb15df3292d4e9cebde0124 height=8
2025-10-21T21:48:17Z UpdateTip: new best=233ddcc0d0dcd1b3c4e29cfee1248c8476ec79497cb15df3292d4e9cebde0124 height=8 version=0x20000000 log2_work=4.169925 tx=9 date='2025-10-21T21:48:20Z' progress=1.000000 cache=0.3MiB(8txo)
2025-10-21T21:48:17Z Saw new header hash=44f556ba4ce3e6bd0ae48375c77038d87df71c90b6c07f86a787cfbe9f4273f7 height=9
2025-10-21T21:48:17Z UpdateTip: new best=44f556ba4ce3e6bd0ae48375c77038d87df71c90b6c07f86a787cfbe9f4273f7 height=9 version=0x20000000 log2_work=4.321928 tx=10 date='2025-10-21T21:48:20Z' progress=1.000000 cache=0.3MiB(9txo)
2025-10-21T21:48:17Z Saw new header hash=6e4d0fd7279ee81c71084e42e34fa5da11e7f9cc220efaeb4d7b60ccf44ef3ae height=10
2025-10-21T21:48:17Z Saw new cmpctblock header hash=6e4d0fd7279ee81c71084e42e34fa5da11e7f9cc220efaeb4d7b60ccf44ef3ae peer=3
2025-10-21T21:48:17Z UpdateTip: new best=6e4d0fd7279ee81c71084e42e34fa5da11e7f9cc220efaeb4d7b60ccf44ef3ae height=10 version=0x20000000 log2_work=4.459432 tx=11 date='2025-10-21T21:48:20Z' progress=1.000000 cache=0.3MiB(10txo)
2025-10-21T21:48:17Z Saw new header hash=37712bbc55be6f405cbca736ac013e0bfe8aaef14b978bef564eb4e040095b0a height=11
2025-10-21T21:48:17Z Saw new cmpctblock header hash=37712bbc55be6f405cbca736ac013e0bfe8aaef14b978bef564eb4e040095b0a peer=0
2025-10-21T21:48:17Z UpdateTip: new best=37712bbc55be6f405cbca736ac013e0bfe8aaef14b978bef564eb4e040095b0a height=11 version=0x20000000 log2_work=4.584963 tx=12 date='2025-10-21T21:48:20Z' progress=1.000000 cache=0.3MiB(11txo)
2025-10-21T21:48:17Z Saw new header hash=7f5be8bb93f98b3a85025818a7235baebbfeaf109eb053bbb759a5044fe6991c height=12
2025-10-21T21:48:17Z Saw new cmpctblock header hash=7f5be8bb93f98b3a85025818a7235baebbfeaf109eb053bbb759a5044fe6991c peer=0
2025-10-21T21:48:17Z UpdateTip: new best=7f5be8bb93f98b3a85025818a7235baebbfeaf109eb053bbb759a5044fe6991c height=12 version=0x20000000 log2_work=4.700440 tx=13 date='2025-10-21T21:48:20Z' progress=1.000000 cache=0.3MiB(12txo)
2025-10-21T21:48:17Z Saw new header hash=4fa8eab852728254c195840866653e764bfca4ff87b60562793844c4e43e6acb height=13
2025-10-21T21:48:17Z Saw new cmpctblock header hash=4fa8eab852728254c195840866653e764bfca4ff87b60562793844c4e43e6acb peer=0
2025-10-21T21:48:17Z UpdateTip: new best=4fa8eab852728254c195840866653e764bfca4ff87b60562793844c4e43e6acb height=13 version=0x20000000 log2_work=4.807355 tx=14 date='2025-10-21T21:48:20Z' progress=1.000000 cache=0.3MiB(13txo)
2025-10-21T21:48:17Z Saw new header hash=5f1fb6aa94895ef9820e0fc31cdbf02f4af8e25607c85e4fe6dea141004eae60 height=14
2025-10-21T21:48:17Z Saw new cmpctblock header hash=5f1fb6aa94895ef9820e0fc31cdbf02f4af8e25607c85e4fe6dea141004eae60 peer=0
2025-10-21T21:48:17Z UpdateTip: new best=5f1fb6aa94895ef9820e0fc31cdbf02f4af8e25607c85e4fe6dea141004eae60 height=14 version=0x20000000 log2_work=4.906891 tx=15 date='2025-10-21T21:48:21Z' progress=1.000000 cache=0.3MiB(14txo)
2025-10-21T21:48:17Z Saw new header hash=5b8dc911473323f2a99aba620b342f1e1818b3cd1342568af1deb04bfb7abf06 height=15
2025-10-21T21:48:17Z Saw new cmpctblock header hash=5b8dc911473323f2a99aba620b342f1e1818b3cd1342568af1deb04bfb7abf06 peer=0
2025-10-21T21:48:17Z UpdateTip: new best=5b8dc911473323f2a99aba620b342f1e1818b3cd1342568af1deb04bfb7abf06 height=15 version=0x20000000 log2_work=5.000000 tx=16 date='2025-10-21T21:48:21Z' progress=1.000000 cache=0.3MiB(15txo)
2025-10-21T21:48:17Z Saw new header hash=757955a3a32d20c909d6bcbc78e628f3a85bef7d8f1a2150e5ae7cdbeda03e08 height=16
2025-10-21T21:48:17Z Saw new cmpctblock header hash=757955a3a32d20c909d6bcbc78e628f3a85bef7d8f1a2150e5ae7cdbeda03e08 peer=0
2025-10-21T21:48:17Z UpdateTip: new best=757955a3a32d20c909d6bcbc78e628f3a85bef7d8f1a2150e5ae7cdbeda03e08 height=16 version=0x20000000 log2_work=5.087463 tx=17 date='2025-10-21T21:48:21Z' progress=1.000000 cache=0.3MiB(16txo)
2025-10-21T21:48:17Z Saw new header hash=5c7de52db16e4389b0bd58c40ff2ab976cb827048a1b8a7a04597986974b6b2b height=17
2025-10-21T21:48:17Z Saw new cmpctblock header hash=5c7de52db16e4389b0bd58c40ff2ab976cb827048a1b8a7a04597986974b6b2b peer=3
2025-10-21T21:48:17Z UpdateTip: new best=5c7de52db16e4389b0bd58c40ff2ab976cb827048a1b8a7a04597986974b6b2b height=17 version=0x20000000 log2_work=5.169925 tx=18 date='2025-10-21T21:48:21Z' progress=1.000000 cache=0.3MiB(17txo)
2025-10-21T21:48:17Z Saw new header hash=060135e283590c2ef561f350a37116284124685687272bdd0413ce5b8f64ee9d height=18
2025-10-21T21:48:17Z Saw new cmpctblock header hash=060135e283590c2ef561f350a37116284124685687272bdd0413ce5b8f64ee9d peer=3
2025-10-21T21:48:17Z UpdateTip: new best=060135e283590c2ef561f350a37116284124685687272bdd0413ce5b8f64ee9d height=18 version=0x20000000 log2_work=5.247928 tx=19 date='2025-10-21T21:48:21Z' progress=1.000000 cache=0.3MiB(18txo)
2025-10-21T21:48:17Z Saw new header hash=30ce3697b1abddb38223341e911890877d5bd3c6db0ed16b5299bc9cb8389f49 height=19
2025-10-21T21:48:17Z Saw new cmpctblock header hash=30ce3697b1abddb38223341e911890877d5bd3c6db0ed16b5299bc9cb8389f49 peer=3
2025-10-21T21:48:17Z UpdateTip: new best=30ce3697b1abddb38223341e911890877d5bd3c6db0ed16b5299bc9cb8389f49 height=19 version=0x20000000 log2_work=5.321928 tx=20 date='2025-10-21T21:48:21Z' progress=1.000000 cache=0.3MiB(19txo)
2025-10-21T21:48:17Z Saw new header hash=7839ea55f94ad080742fc320fdae3228ed1109a699a606a40d8ff8def6a47a75 height=20
2025-10-21T21:48:17Z Saw new cmpctblock header hash=7839ea55f94ad080742fc320fdae3228ed1109a699a606a40d8ff8def6a47a75 peer=0
2025-10-21T21:48:17Z UpdateTip: new best=7839ea55f94ad080742fc320fdae3228ed1109a699a606a40d8ff8def6a47a75 height=20 version=0x20000000 log2_work=5.392317 tx=21 date='2025-10-21T21:48:22Z' progress=1.000000 cache=0.3MiB(20txo)
2025-10-21T21:48:17Z Saw new header hash=23eb240be8c0ddf18ec6bc629bc9cd17426f1fa85ffa58f8aed8534404cb6590 height=21
2025-10-21T21:48:17Z Saw new cmpctblock header hash=23eb240be8c0ddf18ec6bc629bc9cd17426f1fa85ffa58f8aed8534404cb6590 peer=3
2025-10-21T21:48:17Z UpdateTip: new best=23eb240be8c0ddf18ec6bc629bc9cd17426f1fa85ffa58f8aed8534404cb6590 height=21 version=0x20000000 log2_work=5.459432 tx=22 date='2025-10-21T21:48:22Z' progress=1.000000 cache=0.3MiB(21txo)
2025-10-21T21:48:17Z Saw new header hash=3fd93c16d298ca9bd4604a430d4d0afe684f169fc7ac97ddfbcbd70a14ab31e7 height=22
2025-10-21T21:48:17Z Saw new cmpctblock header hash=3fd93c16d298ca9bd4604a430d4d0afe684f169fc7ac97ddfbcbd70a14ab31e7 peer=3
2025-10-21T21:48:17Z UpdateTip: new best=3fd93c16d298ca9bd4604a430d4d0afe684f169fc7ac97ddfbcbd70a14ab31e7 height=22 version=0x20000000 log2_work=5.523562 tx=23 date='2025-10-21T21:48:22Z' progress=1.000000 cache=0.3MiB(22txo)
2025-10-21T21:48:17Z Saw new header hash=068c4b8afef12653cb5e4fd5f4e509a297e3f6d0bd3b01c3438851e903a61723 height=23
2025-10-21T21:48:17Z Saw new cmpctblock header hash=068c4b8afef12653cb5e4fd5f4e509a297e3f6d0bd3b01c3438851e903a61723 peer=0
2025-10-21T21:48:17Z UpdateTip: new best=068c4b8afef12653cb5e4fd5f4e509a297e3f6d0bd3b01c3438851e903a61723 height=23 version=0x20000000 log2_work=5.584963 tx=24 date='2025-10-21T21:48:22Z' progress=1.000000 cache=0.3MiB(23txo)
2025-10-21T21:48:17Z Saw new header hash=1c60f0bf8bcec05bbad928907e429c76d29936db9b7c12a2023111e07355139d height=24
2025-10-21T21:48:17Z Saw new cmpctblock header hash=1c60f0bf8bcec05bbad928907e429c76d29936db9b7c12a2023111e07355139d peer=3
2025-10-21T21:48:17Z UpdateTip: new best=1c60f0bf8bcec05bbad928907e429c76d29936db9b7c12a2023111e07355139d height=24 version=0x20000000 log2_work=5.643856 tx=25 date='2025-10-21T21:48:22Z' progress=1.000000 cache=0.3MiB(24txo)
2025-10-21T21:48:17Z Saw new header hash=07a563f187ca42454e623efa758f5a8f9aaa8adeac5c5542a508a2b05f646860 height=25
2025-10-21T21:48:17Z Saw new cmpctblock header hash=07a563f187ca42454e623efa758f5a8f9aaa8adeac5c5542a508a2b05f646860 peer=0
2025-10-21T21:48:17Z UpdateTip: new best=07a563f187ca42454e623efa758f5a8f9aaa8adeac5c5542a508a2b05f646860 height=25 version=0x20000000 log2_work=5.700440 tx=26 date='2025-10-21T21:48:22Z' progress=1.000000 cache=0.3MiB(25txo)
2025-10-21T21:48:17Z Saw new header hash=1e6e63c09220c826a84067a0d110a2d8c656d5d9ebd8d3eec7bf8f1c3455f510 height=26
2025-10-21T21:48:17Z Saw new cmpctblock header hash=1e6e63c09220c826a84067a0d110a2d8c656d5d9ebd8d3eec7bf8f1c3455f510 peer=3
2025-10-21T21:48:17Z UpdateTip: new best=1e6e63c09220c826a84067a0d110a2d8c656d5d9ebd8d3eec7bf8f1c3455f510 height=26 version=0x20000000 log2_work=5.754888 tx=27 date='2025-10-21T21:48:23Z' progress=1.000000 cache=0.3MiB(26txo)
2025-10-21T21:48:17Z Saw new header hash=00effc625c45ffc0202647599c104714ad21fec8c89bba3645e4679c13991839 height=27
2025-10-21T21:48:17Z Saw new cmpctblock header hash=00effc625c45ffc0202647599c104714ad21fec8c89bba3645e4679c13991839 peer=3
2025-10-21T21:48:17Z UpdateTip: new best=00effc625c45ffc0202647599c104714ad21fec8c89bba3645e4679c13991839 height=27 version=0x20000000 log2_work=5.807355 tx=28 date='2025-10-21T21:48:23Z' progress=1.000000 cache=0.3MiB(27txo)
2025-10-21T21:48:17Z Saw new header hash=7a518aef18160bcb1699d8cd3576a529f5a942cdbdd4b4d9c393567296ca179d height=28
2025-10-21T21:48:17Z Saw new cmpctblock header hash=7a518aef18160bcb1699d8cd3576a529f5a942cdbdd4b4d9c393567296ca179d peer=3
2025-10-21T21:48:17Z UpdateTip: new best=7a518aef18160bcb1699d8cd3576a529f5a942cdbdd4b4d9c393567296ca179d height=28 version=0x20000000 log2_work=5.857981 tx=29 date='2025-10-21T21:48:23Z' progress=1.000000 cache=0.3MiB(28txo)
2025-10-21T21:48:17Z Saw new header hash=256ae7b913e69f78e23b9c25f93113056b095a66b8e306b8775ad0be8aec3974 height=29
2025-10-21T21:48:17Z Saw new cmpctblock header hash=256ae7b913e69f78e23b9c25f93113056b095a66b8e306b8775ad0be8aec3974 peer=3
2025-10-21T21:48:17Z UpdateTip: new best=256ae7b913e69f78e23b9c25f93113056b095a66b8e306b8775ad0be8aec3974 height=29 version=0x20000000 log2_work=5.906891 tx=30 date='2025-10-21T21:48:23Z' progress=1.000000 cache=0.3MiB(29txo)
2025-10-21T21:48:17Z Saw new header hash=5accb719577dd0d99ffce6c9e2c9464e1a14c80ef3538a0faaeeb01f137cb267 height=30
2025-10-21T21:48:17Z Saw new cmpctblock header hash=5accb719577dd0d99ffce6c9e2c9464e1a14c80ef3538a0faaeeb01f137cb267 peer=3
2025-10-21T21:48:17Z UpdateTip: new best=5accb719577dd0d99ffce6c9e2c9464e1a14c80ef3538a0faaeeb01f137cb267 height=30 version=0x20000000 log2_work=5.954196 tx=31 date='2025-10-21T21:48:23Z' progress=1.000000 cache=0.3MiB(30txo)
2025-10-21T21:48:17Z Saw new header hash=01702a404db09859ac77a5afa67038d68c0433a3d6a6cc2ba6975b09353f90f9 height=31
2025-10-21T21:48:17Z Saw new cmpctblock header hash=01702a404db09859ac77a5afa67038d68c0433a3d6a6cc2ba6975b09353f90f9 peer=3
2025-10-21T21:48:17Z UpdateTip: new best=01702a404db09859ac77a5afa67038d68c0433a3d6a6cc2ba6975b09353f90f9 height=31 version=0x20000000 log2_work=6.000000 tx=32 date='2025-10-21T21:48:23Z' progress=1.000000 cache=0.3MiB(31txo)
2025-10-21T21:48:17Z Saw new header hash=45cf4f90c1716e90d2feea1efb7ce1c95002c4810d8f3bde15c954d76dd5cb86 height=32
2025-10-21T21:48:17Z Saw new cmpctblock header hash=45cf4f90c1716e90d2feea1efb7ce1c95002c4810d8f3bde15c954d76dd5cb86 peer=3
2025-10-21T21:48:17Z UpdateTip: new best=45cf4f90c1716e90d2feea1efb7ce1c95002c4810d8f3bde15c954d76dd5cb86 height=32 version=0x20000000 log2_work=6.044394 tx=33 date='2025-10-21T21:48:24Z' progress=1.000000 cache=0.3MiB(32txo)
2025-10-21T21:48:17Z Saw new header hash=0bdebb6e57853b29fcc664d9830cb6dbe696aa227fd7f3f5f527f67e64af2219 height=33
2025-10-21T21:48:17Z Saw new cmpctblock header hash=0bdebb6e57853b29fcc664d9830cb6dbe696aa227fd7f3f5f527f67e64af2219 peer=0
2025-10-21T21:48:17Z UpdateTip: new best=0bdebb6e57853b29fcc664d9830cb6dbe696aa227fd7f3f5f527f67e64af2219 height=33 version=0x20000000 log2_work=6.087463 tx=34 date='2025-10-21T21:48:24Z' progress=1.000000 cache=0.3MiB(33txo)
2025-10-21T21:48:17Z Saw new header hash=11ce5ce8f1e3203ad91450ae126712d981e54f74dccca050ec039d3a517bf48e height=34
2025-10-21T21:48:17Z Saw new cmpctblock header hash=11ce5ce8f1e3203ad91450ae126712d981e54f74dccca050ec039d3a517bf48e peer=3
2025-10-21T21:48:17Z UpdateTip: new best=11ce5ce8f1e3203ad91450ae126712d981e54f74dccca050ec039d3a517bf48e height=34 version=0x20000000 log2_work=6.129283 tx=35 date='2025-10-21T21:48:24Z' progress=1.000000 cache=0.3MiB(34txo)
2025-10-21T21:48:17Z Saw new header hash=5f35061c9b89debf6c8d7ed67416b10db9928a53e6eddcf4115258225ef6c691 height=35
2025-10-21T21:48:17Z Saw new cmpctblock header hash=5f35061c9b89debf6c8d7ed67416b10db9928a53e6eddcf4115258225ef6c691 peer=0
2025-10-21T21:48:17Z UpdateTip: new best=5f35061c9b89debf6c8d7ed67416b10db9928a53e6eddcf4115258225ef6c691 height=35 version=0x20000000 log2_work=6.169925 tx=36 date='2025-10-21T21:48:24Z' progress=1.000000 cache=0.3MiB(35txo)
2025-10-21T21:48:17Z Saw new header hash=34d5694b6556349982cbbad5be5ad74fc1b3a7acab978ae719f4bccc7cbd2526 height=36
2025-10-21T21:48:17Z Saw new cmpctblock header hash=34d5694b6556349982cbbad5be5ad74fc1b3a7acab978ae719f4bccc7cbd2526 peer=0
2025-10-21T21:48:17Z UpdateTip: new best=34d5694b6556349982cbbad5be5ad74fc1b3a7acab978ae719f4bccc7cbd2526 height=36 version=0x20000000 log2_work=6.209453 tx=37 date='2025-10-21T21:48:24Z' progress=1.000000 cache=0.3MiB(36txo)
2025-10-21T21:48:17Z Saw new header hash=57f41942f76b286d7011ff1bd349224b53f665a7adc43b6f9dd3d24c7104a141 height=37
2025-10-21T21:48:17Z Saw new cmpctblock header hash=57f41942f76b286d7011ff1bd349224b53f665a7adc43b6f9dd3d24c7104a141 peer=3
2025-10-21T21:48:17Z UpdateTip: new best=57f41942f76b286d7011ff1bd349224b53f665a7adc43b6f9dd3d24c7104a141 height=37 version=0x20000000 log2_work=6.247928 tx=38 date='2025-10-21T21:48:24Z' progress=1.000000 cache=0.3MiB(37txo)
2025-10-21T21:48:17Z Saw new header hash=7dd05d68f6c4821cef0a4473c2c1964bd893793dcead4bfcd03a26c0f95999aa height=38
2025-10-21T21:48:17Z Saw new cmpctblock header hash=7dd05d68f6c4821cef0a4473c2c1964bd893793dcead4bfcd03a26c0f95999aa peer=3
2025-10-21T21:48:17Z UpdateTip: new best=7dd05d68f6c4821cef0a4473c2c1964bd893793dcead4bfcd03a26c0f95999aa height=38 version=0x20000000 log2_work=6.285402 tx=39 date='2025-10-21T21:48:25Z' progress=1.000000 cache=0.3MiB(38txo)
2025-10-21T21:48:17Z Saw new header hash=408e375c2be4a24b570de14cbf7d93dada4d3156312cc3cc57a14fd6133cb5e0 height=39
2025-10-21T21:48:17Z Saw new cmpctblock header hash=408e375c2be4a24b570de14cbf7d93dada4d3156312cc3cc57a14fd6133cb5e0 peer=0
2025-10-21T21:48:17Z UpdateTip: new best=408e375c2be4a24b570de14cbf7d93dada4d3156312cc3cc57a14fd6133cb5e0 height=39 version=0x20000000 log2_work=6.321928 tx=40 date='2025-10-21T21:48:25Z' progress=1.000000 cache=0.3MiB(39txo)
2025-10-21T21:48:17Z Saw new header hash=2c62d2babd55d857317f86b245ab6dc42c6786deabe762efc2114b9ee298676a height=40
2025-10-21T21:48:17Z Saw new cmpctblock header hash=2c62d2babd55d857317f86b245ab6dc42c6786deabe762efc2114b9ee298676a peer=0
2025-10-21T21:48:17Z UpdateTip: new best=2c62d2babd55d857317f86b245ab6dc42c6786deabe762efc2114b9ee298676a height=40 version=0x20000000 log2_work=6.357552 tx=41 date='2025-10-21T21:48:25Z' progress=1.000000 cache=0.3MiB(40txo)
2025-10-21T21:48:17Z Saw new header hash=708ecbeb648e223320feaa877f9b0f65b39ee8cc6f45a141356ccf8953600f96 height=41
2025-10-21T21:48:17Z Saw new cmpctblock header hash=708ecbeb648e223320feaa877f9b0f65b39ee8cc6f45a141356ccf8953600f96 peer=0
2025-10-21T21:48:17Z UpdateTip: new best=708ecbeb648e223320feaa877f9b0f65b39ee8cc6f45a141356ccf8953600f96 height=41 version=0x20000000 log2_work=6.392317 tx=42 date='2025-10-21T21:48:25Z' progress=1.000000 cache=0.3MiB(41txo)
2025-10-21T21:48:17Z Saw new header hash=33a8a471cc723e4d4243d3c570daac94ee333faa3e0a99600d29dd42b4ee5049 height=42
2025-10-21T21:48:17Z Saw new cmpctblock header hash=33a8a471cc723e4d4243d3c570daac94ee333faa3e0a99600d29dd42b4ee5049 peer=3
2025-10-21T21:48:17Z UpdateTip: new best=33a8a471cc723e4d4243d3c570daac94ee333faa3e0a99600d29dd42b4ee5049 height=42 version=0x20000000 log2_work=6.426265 tx=43 date='2025-10-21T21:48:25Z' progress=1.000000 cache=0.3MiB(42txo)
2025-10-21T21:48:17Z Saw new header hash=1cef3c0abef3249d80a018e03b3bad8c357f46e7c47aa5d118da95bbd69ea4b3 height=43
2025-10-21T21:48:17Z Saw new cmpctblock header hash=1cef3c0abef3249d80a018e03b3bad8c357f46e7c47aa5d118da95bbd69ea4b3 peer=0
2025-10-21T21:48:17Z UpdateTip: new best=1cef3c0abef3249d80a018e03b3bad8c357f46e7c47aa5d118da95bbd69ea4b3 height=43 version=0x20000000 log2_work=6.459432 tx=44 date='2025-10-21T21:48:25Z' progress=1.000000 cache=0.3MiB(43txo)
2025-10-21T21:48:17Z Saw new header hash=6dccdad89e2e1aa719b36a3b8864bac66574f4f8336110164715859f0f58ef07 height=44
2025-10-21T21:48:17Z Saw new cmpctblock header hash=6dccdad89e2e1aa719b36a3b8864bac66574f4f8336110164715859f0f58ef07 peer=0
2025-10-21T21:48:17Z UpdateTip: new best=6dccdad89e2e1aa719b36a3b8864bac66574f4f8336110164715859f0f58ef07 height=44 version=0x20000000 log2_work=6.491853 tx=45 date='2025-10-21T21:48:26Z' progress=1.000000 cache=0.3MiB(44txo)
2025-10-21T21:48:17Z Saw new header hash=7d8f874ce2462d303e407593981f3964aa31d295df87c658786abc3c4de7e5d7 height=45
2025-10-21T21:48:17Z Saw new cmpctblock header hash=7d8f874ce2462d303e407593981f3964aa31d295df87c658786abc3c4de7e5d7 peer=0
2025-10-21T21:48:17Z UpdateTip: new best=7d8f874ce2462d303e407593981f3964aa31d295df87c658786abc3c4de7e5d7 height=45 version=0x20000000 log2_work=6.523562 tx=46 date='2025-10-21T21:48:26Z' progress=1.000000 cache=0.3MiB(45txo)
2025-10-21T21:48:17Z Saw new header hash=230d9f6f9c231c4971ce1dedb2e6c0281d84bdc672c50259d6fbb3497273c7f5 height=46
2025-10-21T21:48:17Z Saw new cmpctblock header hash=230d9f6f9c231c4971ce1dedb2e6c0281d84bdc672c50259d6fbb3497273c7f5 peer=3
2025-10-21T21:48:17Z UpdateTip: new best=230d9f6f9c231c4971ce1dedb2e6c0281d84bdc672c50259d6fbb3497273c7f5 height=46 version=0x20000000 log2_work=6.554589 tx=47 date='2025-10-21T21:48:26Z' progress=1.000000 cache=0.3MiB(46txo)
2025-10-21T21:48:17Z Saw new header hash=4d0a95edd9ff7cc41ca0454810ba1a6faf527178e6041af37e89f0fb4ab24918 height=47
2025-10-21T21:48:17Z Saw new cmpctblock header hash=4d0a95edd9ff7cc41ca0454810ba1a6faf527178e6041af37e89f0fb4ab24918 peer=0
2025-10-21T21:48:17Z UpdateTip: new best=4d0a95edd9ff7cc41ca0454810ba1a6faf527178e6041af37e89f0fb4ab24918 height=47 version=0x20000000 log2_work=6.584963 tx=48 date='2025-10-21T21:48:26Z' progress=1.000000 cache=0.3MiB(47txo)
2025-10-21T21:48:17Z Saw new header hash=143e99bb6b658d6fbb713fda34c965086221f66c07e7afee5f63dc53e5328459 height=48
2025-10-21T21:48:17Z Saw new cmpctblock header hash=143e99bb6b658d6fbb713fda34c965086221f66c07e7afee5f63dc53e5328459 peer=0
2025-10-21T21:48:17Z UpdateTip: new best=143e99bb6b658d6fbb713fda34c965086221f66c07e7afee5f63dc53e5328459 height=48 version=0x20000000 log2_work=6.614710 tx=49 date='2025-10-21T21:48:26Z' progress=1.000000 cache=0.3MiB(48txo)
2025-10-21T21:48:17Z Saw new header hash=26f17c2840998bd97a08a9d21d6f2fa221f4702bf7e52529072fa658cd2c0edf height=49
2025-10-21T21:48:17Z Saw new cmpctblock header hash=26f17c2840998bd97a08a9d21d6f2fa221f4702bf7e52529072fa658cd2c0edf peer=3
2025-10-21T21:48:17Z UpdateTip: new best=26f17c2840998bd97a08a9d21d6f2fa221f4702bf7e52529072fa658cd2c0edf height=49 version=0x20000000 log2_work=6.643856 tx=50 date='2025-10-21T21:48:26Z' progress=1.000000 cache=0.3MiB(49txo)
2025-10-21T21:48:17Z Saw new header hash=336a621fc8bf8f25af99aea4699e9cb69d0af8e55ee0d2fc1bc23dc052536c74 height=50
2025-10-21T21:48:17Z Saw new cmpctblock header hash=336a621fc8bf8f25af99aea4699e9cb69d0af8e55ee0d2fc1bc23dc052536c74 peer=3
2025-10-21T21:48:17Z UpdateTip: new best=336a621fc8bf8f25af99aea4699e9cb69d0af8e55ee0d2fc1bc23dc052536c74 height=50 version=0x20000000 log2_work=6.672425 tx=51 date='2025-10-21T21:48:27Z' progress=1.000000 cache=0.3MiB(50txo)
2025-10-21T21:48:17Z Saw new header hash=15922caff3534082ec47ee6dc5d86a2a73901132166c48c1f6c8cbfef4d1ca80 height=51
2025-10-21T21:48:17Z Saw new cmpctblock header hash=15922caff3534082ec47ee6dc5d86a2a73901132166c48c1f6c8cbfef4d1ca80 peer=0
2025-10-21T21:48:17Z UpdateTip: new best=15922caff3534082ec47ee6dc5d86a2a73901132166c48c1f6c8cbfef4d1ca80 height=51 version=0x20000000 log2_work=6.700440 tx=52 date='2025-10-21T21:48:27Z' progress=1.000000 cache=0.3MiB(51txo)
2025-10-21T21:48:17Z Saw new header hash=48c987a93591ca687bb32534d7bc25b487d49718076fb2a8a0e200de6c39de0f height=52
2025-10-21T21:48:17Z Saw new cmpctblock header hash=48c987a93591ca687bb32534d7bc25b487d49718076fb2a8a0e200de6c39de0f peer=3
2025-10-21T21:48:17Z UpdateTip: new best=48c987a93591ca687bb32534d7bc25b487d49718076fb2a8a0e200de6c39de0f height=52 version=0x20000000 log2_work=6.727920 tx=53 date='2025-10-21T21:48:27Z' progress=1.000000 cache=0.3MiB(52txo)
2025-10-21T21:48:17Z Saw new header hash=6af3c9ceb758d99bf216492bff1c99e11b1d5e00501c8793164adb045b775e8d height=53
2025-10-21T21:48:17Z Saw new cmpctblock header hash=6af3c9ceb758d99bf216492bff1c99e11b1d5e00501c8793164adb045b775e8d peer=3
2025-10-21T21:48:17Z UpdateTip: new best=6af3c9ceb758d99bf216492bff1c99e11b1d5e00501c8793164adb045b775e8d height=53 version=0x20000000 log2_work=6.754888 tx=54 date='2025-10-21T21:48:27Z' progress=1.000000 cache=0.3MiB(53txo)
2025-10-21T21:48:17Z Saw new header hash=00f8642f67f411734dbc302fc29b0f1111cc7509a111be8c1505b668ff0c9bde height=54
2025-10-21T21:48:17Z Saw new cmpctblock header hash=00f8642f67f411734dbc302fc29b0f1111cc7509a111be8c1505b668ff0c9bde peer=3
2025-10-21T21:48:17Z UpdateTip: new best=00f8642f67f411734dbc302fc29b0f1111cc7509a111be8c1505b668ff0c9bde height=54 version=0x20000000 log2_work=6.781360 tx=55 date='2025-10-21T21:48:27Z' progress=1.000000 cache=0.3MiB(54txo)
2025-10-21T21:48:17Z Saw new header hash=3200a94ebde339bb0580f7130e721a834eb087c7249151abf521a2353dd050d0 height=55
2025-10-21T21:48:17Z Saw new cmpctblock header hash=3200a94ebde339bb0580f7130e721a834eb087c7249151abf521a2353dd050d0 peer=3
2025-10-21T21:48:17Z UpdateTip: new best=3200a94ebde339bb0580f7130e721a834eb087c7249151abf521a2353dd050d0 height=55 version=0x20000000 log2_work=6.807355 tx=56 date='2025-10-21T21:48:27Z' progress=1.000000 cache=0.3MiB(55txo)
2025-10-21T21:48:17Z Saw new header hash=15c5cd004ee3c3dc450ada91651d38fe33d9febfd03c33b4b1e8b639e2f8c85d height=56
2025-10-21T21:48:17Z Saw new cmpctblock header hash=15c5cd004ee3c3dc450ada91651d38fe33d9febfd03c33b4b1e8b639e2f8c85d peer=0
2025-10-21T21:48:17Z UpdateTip: new best=15c5cd004ee3c3dc450ada91651d38fe33d9febfd03c33b4b1e8b639e2f8c85d height=56 version=0x20000000 log2_work=6.832890 tx=57 date='2025-10-21T21:48:28Z' progress=1.000000 cache=0.3MiB(56txo)
2025-10-21T21:48:17Z Saw new header hash=3ebc04535bb86ec0abdb851fbbd8e61e21a6e62dceb5293df011b401953e7141 height=57
2025-10-21T21:48:17Z Saw new cmpctblock header hash=3ebc04535bb86ec0abdb851fbbd8e61e21a6e62dceb5293df011b401953e7141 peer=3
2025-10-21T21:48:17Z UpdateTip: new best=3ebc04535bb86ec0abdb851fbbd8e61e21a6e62dceb5293df011b401953e7141 height=57 version=0x20000000 log2_work=6.857981 tx=58 date='2025-10-21T21:48:28Z' progress=1.000000 cache=0.3MiB(57txo)
2025-10-21T21:48:17Z Saw new header hash=65e9d2ef90542c2b545db32443b7d7e8481bfc33ffc9094b4c9ab530dfeef002 height=58
2025-10-21T21:48:17Z Saw new cmpctblock header hash=65e9d2ef90542c2b545db32443b7d7e8481bfc33ffc9094b4c9ab530dfeef002 peer=3
2025-10-21T21:48:17Z UpdateTip: new best=65e9d2ef90542c2b545db32443b7d7e8481bfc33ffc9094b4c9ab530dfeef002 height=58 version=0x20000000 log2_work=6.882643 tx=59 date='2025-10-21T21:48:28Z' progress=1.000000 cache=0.3MiB(58txo)
2025-10-21T21:48:17Z Saw new header hash=5ec399f91f33eeb3a421c21738b3cd9f5b6dc9dac683a53eabe8ea9ff4bb6cb4 height=59
2025-10-21T21:48:17Z Saw new cmpctblock header hash=5ec399f91f33eeb3a421c21738b3cd9f5b6dc9dac683a53eabe8ea9ff4bb6cb4 peer=0
2025-10-21T21:48:17Z UpdateTip: new best=5ec399f91f33eeb3a421c21738b3cd9f5b6dc9dac683a53eabe8ea9ff4bb6cb4 height=59 version=0x20000000 log2_work=6.906891 tx=60 date='2025-10-21T21:48:28Z' progress=1.000000 cache=0.3MiB(59txo)
2025-10-21T21:48:17Z Saw new header hash=560e865db79c5284add2dadf9a5537440820263b04697a603164d2fd6d124bee height=60
2025-10-21T21:48:17Z Saw new cmpctblock header hash=560e865db79c5284add2dadf9a5537440820263b04697a603164d2fd6d124bee peer=3
2025-10-21T21:48:17Z UpdateTip: new best=560e865db79c5284add2dadf9a5537440820263b04697a603164d2fd6d124bee height=60 version=0x20000000 log2_work=6.930737 tx=61 date='2025-10-21T21:48:28Z' progress=1.000000 cache=0.3MiB(60txo)
2025-10-21T21:48:17Z Saw new header hash=65d264c28b259662243aa6956b4badcbf48e116e1bd89db376e9824d8000a263 height=61
2025-10-21T21:48:17Z Saw new cmpctblock header hash=65d264c28b259662243aa6956b4badcbf48e116e1bd89db376e9824d8000a263 peer=0
2025-10-21T21:48:17Z UpdateTip: new best=65d264c28b259662243aa6956b4badcbf48e116e1bd89db376e9824d8000a263 height=61 version=0x20000000 log2_work=6.954196 tx=62 date='2025-10-21T21:48:28Z' progress=1.000000 cache=0.3MiB(61txo)
2025-10-21T21:48:17Z Saw new header hash=25a24b95e47970f6c9ce5221bf66d4a241fe86a2279bd51384ee2a972dd1f3b2 height=62
2025-10-21T21:48:17Z Saw new cmpctblock header hash=25a24b95e47970f6c9ce5221bf66d4a241fe86a2279bd51384ee2a972dd1f3b2 peer=3
2025-10-21T21:48:17Z UpdateTip: new best=25a24b95e47970f6c9ce5221bf66d4a241fe86a2279bd51384ee2a972dd1f3b2 height=62 version=0x20000000 log2_work=6.977280 tx=63 date='2025-10-21T21:48:29Z' progress=1.000000 cache=0.3MiB(62txo)
2025-10-21T21:48:17Z Saw new header hash=3d705f1fc96c1e1ca14e0d9e938bb3ad14f61ec222b3bf1026dce5139ce47b87 height=63
2025-10-21T21:48:17Z Saw new cmpctblock header hash=3d705f1fc96c1e1ca14e0d9e938bb3ad14f61ec222b3bf1026dce5139ce47b87 peer=3
2025-10-21T21:48:17Z UpdateTip: new best=3d705f1fc96c1e1ca14e0d9e938bb3ad14f61ec222b3bf1026dce5139ce47b87 height=63 version=0x20000000 log2_work=7.000000 tx=64 date='2025-10-21T21:48:29Z' progress=1.000000 cache=0.3MiB(63txo)
2025-10-21T21:48:17Z Saw new header hash=5e02c00f514994607a8f2a1b23cf25ac4c77d9f360c27d3e0f9381b97eadd3bc height=64
2025-10-21T21:48:17Z Saw new cmpctblock header hash=5e02c00f514994607a8f2a1b23cf25ac4c77d9f360c27d3e0f9381b97eadd3bc peer=0
2025-10-21T21:48:17Z UpdateTip: new best=5e02c00f514994607a8f2a1b23cf25ac4c77d9f360c27d3e0f9381b97eadd3bc height=64 version=0x20000000 log2_work=7.022368 tx=65 date='2025-10-21T21:48:29Z' progress=1.000000 cache=0.3MiB(64txo)
2025-10-21T21:48:17Z Saw new header hash=6c2682e9b76ccd59c11468a67968c7764e5abc087ecbe0be2ec6110f7a065338 height=65
2025-10-21T21:48:17Z Saw new cmpctblock header hash=6c2682e9b76ccd59c11468a67968c7764e5abc087ecbe0be2ec6110f7a065338 peer=3
2025-10-21T21:48:17Z UpdateTip: new best=6c2682e9b76ccd59c11468a67968c7764e5abc087ecbe0be2ec6110f7a065338 height=65 version=0x20000000 log2_work=7.044394 tx=66 date='2025-10-21T21:48:29Z' progress=1.000000 cache=0.3MiB(65txo)
2025-10-21T21:48:17Z Saw new header hash=2eb8a0c0fe4836895bd96ed1689e75525cd476777d263997b87a1d7fa577c3b3 height=66
2025-10-21T21:48:17Z Saw new cmpctblock header hash=2eb8a0c0fe4836895bd96ed1689e75525cd476777d263997b87a1d7fa577c3b3 peer=0
2025-10-21T21:48:17Z UpdateTip: new best=2eb8a0c0fe4836895bd96ed1689e75525cd476777d263997b87a1d7fa577c3b3 height=66 version=0x20000000 log2_work=7.066089 tx=67 date='2025-10-21T21:48:29Z' progress=1.000000 cache=0.3MiB(66txo)
2025-10-21T21:48:17Z Saw new header hash=0836c21fe689e4edb562c38fde00220508c10715ceb1c999ab15466f69b8009a height=67
2025-10-21T21:48:17Z Saw new cmpctblock header hash=0836c21fe689e4edb562c38fde00220508c10715ceb1c999ab15466f69b8009a peer=3
2025-10-21T21:48:17Z UpdateTip: new best=0836c21fe689e4edb562c38fde00220508c10715ceb1c999ab15466f69b8009a height=67 version=0x20000000 log2_work=7.087463 tx=68 date='2025-10-21T21:48:29Z' progress=1.000000 cache=0.3MiB(67txo)
2025-10-21T21:48:17Z Saw new header hash=63fc661ff92990e18c88e300fecd58a6712a3b0ad95268d1f3e04882bb8075f5 height=68
2025-10-21T21:48:17Z Saw new cmpctblock header hash=63fc661ff92990e18c88e300fecd58a6712a3b0ad95268d1f3e04882bb8075f5 peer=0
2025-10-21T21:48:17Z UpdateTip: new best=63fc661ff92990e18c88e300fecd58a6712a3b0ad95268d1f3e04882bb8075f5 height=68 version=0x20000000 log2_work=7.108524 tx=69 date='2025-10-21T21:48:30Z' progress=1.000000 cache=0.3MiB(68txo)
2025-10-21T21:48:17Z Saw new header hash=6efd696e47d6a9613d3511aa71f10fb5e23b985e70207924763c1d8f922b6f76 height=69
2025-10-21T21:48:17Z Saw new cmpctblock header hash=6efd696e47d6a9613d3511aa71f10fb5e23b985e70207924763c1d8f922b6f76 peer=3
2025-10-21T21:48:17Z UpdateTip: new best=6efd696e47d6a9613d3511aa71f10fb5e23b985e70207924763c1d8f922b6f76 height=69 version=0x20000000 log2_work=7.129283 tx=70 date='2025-10-21T21:48:30Z' progress=1.000000 cache=0.3MiB(69txo)
2025-10-21T21:48:17Z Saw new header hash=67d520c7e7ce37c430fb49018e686d65f87e667b8d0eae66b1784ea6567d350a height=70
2025-10-21T21:48:17Z Saw new cmpctblock header hash=67d520c7e7ce37c430fb49018e686d65f87e667b8d0eae66b1784ea6567d350a peer=3
2025-10-21T21:48:17Z UpdateTip: new best=67d520c7e7ce37c430fb49018e686d65f87e667b8d0eae66b1784ea6567d350a height=70 version=0x20000000 log2_work=7.149747 tx=71 date='2025-10-21T21:48:30Z' progress=1.000000 cache=0.3MiB(70txo)
2025-10-21T21:48:17Z Saw new header hash=08b7be954ffc6a46b7c9a2f621954e97b565e0bde896cfac89be811668e1f33c height=71
2025-10-21T21:48:17Z Saw new cmpctblock header hash=08b7be954ffc6a46b7c9a2f621954e97b565e0bde896cfac89be811668e1f33c peer=3
2025-10-21T21:48:17Z UpdateTip: new best=08b7be954ffc6a46b7c9a2f621954e97b565e0bde896cfac89be811668e1f33c height=71 version=0x20000000 log2_work=7.169925 tx=72 date='2025-10-21T21:48:30Z' progress=1.000000 cache=0.3MiB(71txo)
2025-10-21T21:48:17Z Saw new header hash=71280423409dc48f6987e9a863fdd7b6167fd99d56955d3d095c41a47d6b22be height=72
2025-10-21T21:48:17Z Saw new cmpctblock header hash=71280423409dc48f6987e9a863fdd7b6167fd99d56955d3d095c41a47d6b22be peer=3
2025-10-21T21:48:17Z UpdateTip: new best=71280423409dc48f6987e9a863fdd7b6167fd99d56955d3d095c41a47d6b22be height=72 version=0x20000000 log2_work=7.189825 tx=73 date='2025-10-21T21:48:30Z' progress=1.000000 cache=0.3MiB(72txo)
2025-10-21T21:48:17Z Saw new header hash=395551a85bbac4d507e3774c026fac570df9cf69ef5747449fb2c0e896cd08a5 height=73
2025-10-21T21:48:17Z Saw new cmpctblock header hash=395551a85bbac4d507e3774c026fac570df9cf69ef5747449fb2c0e896cd08a5 peer=0
2025-10-21T21:48:17Z UpdateTip: new best=395551a85bbac4d507e3774c026fac570df9cf69ef5747449fb2c0e896cd08a5 height=73 version=0x20000000 log2_work=7.209453 tx=74 date='2025-10-21T21:48:30Z' progress=1.000000 cache=0.3MiB(73txo)
2025-10-21T21:48:17Z Saw new header hash=23b94cc17f409c569d24e2cf2171d596f5f5ec5f85871a62100dcd2b109b31be height=74
2025-10-21T21:48:17Z Saw new cmpctblock header hash=23b94cc17f409c569d24e2cf2171d596f5f5ec5f85871a62100dcd2b109b31be peer=3
2025-10-21T21:48:17Z UpdateTip: new best=23b94cc17f409c569d24e2cf2171d596f5f5ec5f85871a62100dcd2b109b31be height=74 version=0x20000000 log2_work=7.228819 tx=75 date='2025-10-21T21:48:31Z' progress=1.000000 cache=0.3MiB(74txo)
2025-10-21T21:48:17Z Saw new header hash=4f9d6ffa0c600dc8669d3882a434b3594cd97816341cd9d9e2ce75877ae6112b height=75
2025-10-21T21:48:17Z Saw new cmpctblock header hash=4f9d6ffa0c600dc8669d3882a434b3594cd97816341cd9d9e2ce75877ae6112b peer=3
2025-10-21T21:48:17Z UpdateTip: new best=4f9d6ffa0c600dc8669d3882a434b3594cd97816341cd9d9e2ce75877ae6112b height=75 version=0x20000000 log2_work=7.247928 tx=76 date='2025-10-21T21:48:31Z' progress=1.000000 cache=0.3MiB(75txo)
2025-10-21T21:48:17Z Saw new header hash=6e3a0489ea3cbc30df156152cca090cc09cdabdb3154fc8ebfe06039849a3693 height=76
2025-10-21T21:48:17Z Saw new cmpctblock header hash=6e3a0489ea3cbc30df156152cca090cc09cdabdb3154fc8ebfe06039849a3693 peer=0
2025-10-21T21:48:17Z UpdateTip: new best=6e3a0489ea3cbc30df156152cca090cc09cdabdb3154fc8ebfe06039849a3693 height=76 version=0x20000000 log2_work=7.266787 tx=77 date='2025-10-21T21:48:31Z' progress=1.000000 cache=0.3MiB(76txo)
2025-10-21T21:48:17Z Saw new header hash=6dceb87be115d1282aab0064b081cf2e09219a42c6d087954e27c42614644508 height=77
2025-10-21T21:48:17Z Saw new cmpctblock header hash=6dceb87be115d1282aab0064b081cf2e09219a42c6d087954e27c42614644508 peer=0
2025-10-21T21:48:17Z UpdateTip: new best=6dceb87be115d1282aab0064b081cf2e09219a42c6d087954e27c42614644508 height=77 version=0x20000000 log2_work=7.285402 tx=78 date='2025-10-21T21:48:31Z' progress=1.000000 cache=0.3MiB(77txo)
2025-10-21T21:48:17Z Saw new header hash=77ed16b4b9cf9343981dccb9e8e0f0e852e791b06df4f13ac0a646202a4f7c13 height=78
2025-10-21T21:48:17Z Saw new cmpctblock header hash=77ed16b4b9cf9343981dccb9e8e0f0e852e791b06df4f13ac0a646202a4f7c13 peer=0
2025-10-21T21:48:17Z UpdateTip: new best=77ed16b4b9cf9343981dccb9e8e0f0e852e791b06df4f13ac0a646202a4f7c13 height=78 version=0x20000000 log2_work=7.303781 tx=79 date='2025-10-21T21:48:31Z' progress=1.000000 cache=0.3MiB(78txo)
2025-10-21T21:48:17Z Saw new header hash=7098a3f083ec5c04b67e5914a2937634149297ae1ad1d01891f2368923890c60 height=79
2025-10-21T21:48:17Z Saw new cmpctblock header hash=7098a3f083ec5c04b67e5914a2937634149297ae1ad1d01891f2368923890c60 peer=0
2025-10-21T21:48:17Z UpdateTip: new best=7098a3f083ec5c04b67e5914a2937634149297ae1ad1d01891f2368923890c60 height=79 version=0x20000000 log2_work=7.321928 tx=80 date='2025-10-21T21:48:31Z' progress=1.000000 cache=0.3MiB(79txo)
2025-10-21T21:48:17Z Saw new header hash=1bb51be485323b996ac86d74e907c443fb5418e032679b9ae871630f197c06b5 height=80
2025-10-21T21:48:17Z Saw new cmpctblock header hash=1bb51be485323b996ac86d74e907c443fb5418e032679b9ae871630f197c06b5 peer=3
2025-10-21T21:48:17Z UpdateTip: new best=1bb51be485323b996ac86d74e907c443fb5418e032679b9ae871630f197c06b5 height=80 version=0x20000000 log2_work=7.339850 tx=81 date='2025-10-21T21:48:32Z' progress=1.000000 cache=0.3MiB(80txo)
2025-10-21T21:48:17Z Saw new header hash=4c9c60356284d384a5ef0fcbc876777909df3c4e086c4ebba7e33702f763b264 height=81
2025-10-21T21:48:17Z Saw new cmpctblock header hash=4c9c60356284d384a5ef0fcbc876777909df3c4e086c4ebba7e33702f763b264 peer=3
2025-10-21T21:48:17Z UpdateTip: new best=4c9c60356284d384a5ef0fcbc876777909df3c4e086c4ebba7e33702f763b264 height=81 version=0x20000000 log2_work=7.357552 tx=82 date='2025-10-21T21:48:32Z' progress=1.000000 cache=0.3MiB(81txo)
2025-10-21T21:48:17Z Saw new header hash=22f6cb928f07ec6fc569d5f60ca449cf39ba18953862de2a7f1280aa0d17e8f0 height=82
2025-10-21T21:48:17Z Saw new cmpctblock header hash=22f6cb928f07ec6fc569d5f60ca449cf39ba18953862de2a7f1280aa0d17e8f0 peer=3
2025-10-21T21:48:17Z UpdateTip: new best=22f6cb928f07ec6fc569d5f60ca449cf39ba18953862de2a7f1280aa0d17e8f0 height=82 version=0x20000000 log2_work=7.375039 tx=83 date='2025-10-21T21:48:32Z' progress=1.000000 cache=0.3MiB(82txo)
2025-10-21T21:48:17Z Saw new header hash=2d8a92b0af21bb6f0526125932ea5210a6270d5feb8b08a92680af54da5a4d2e height=83
2025-10-21T21:48:17Z Saw new cmpctblock header hash=2d8a92b0af21bb6f0526125932ea5210a6270d5feb8b08a92680af54da5a4d2e peer=0
2025-10-21T21:48:17Z UpdateTip: new best=2d8a92b0af21bb6f0526125932ea5210a6270d5feb8b08a92680af54da5a4d2e height=83 version=0x20000000 log2_work=7.392317 tx=84 date='2025-10-21T21:48:32Z' progress=1.000000 cache=0.3MiB(83txo)
2025-10-21T21:48:17Z Saw new header hash=0e69dadd8d56e1346893a626360f2611faa531aa8f30bdf7e787b933868f1aea height=84
2025-10-21T21:48:17Z Saw new cmpctblock header hash=0e69dadd8d56e1346893a626360f2611faa531aa8f30bdf7e787b933868f1aea peer=3
2025-10-21T21:48:17Z UpdateTip: new best=0e69dadd8d56e1346893a626360f2611faa531aa8f30bdf7e787b933868f1aea height=84 version=0x20000000 log2_work=7.409391 tx=85 date='2025-10-21T21:48:32Z' progress=1.000000 cache=0.3MiB(84txo)
2025-10-21T21:48:17Z Saw new header hash=303337b6189a4ca7436058c24b02097aae2449a764d9d8aae8050ce46545af89 height=85
2025-10-21T21:48:17Z Saw new cmpctblock header hash=303337b6189a4ca7436058c24b02097aae2449a764d9d8aae8050ce46545af89 peer=0
2025-10-21T21:48:17Z UpdateTip: new best=303337b6189a4ca7436058c24b02097aae2449a764d9d8aae8050ce46545af89 height=85 version=0x20000000 log2_work=7.426265 tx=86 date='2025-10-21T21:48:32Z' progress=1.000000 cache=0.3MiB(85txo)
2025-10-21T21:48:17Z Saw new header hash=294c3c5d0aa182aca037f280882c92cd69a5ac0e04c2100aa09c7204721c1711 height=86
2025-10-21T21:48:17Z Saw new cmpctblock header hash=294c3c5d0aa182aca037f280882c92cd69a5ac0e04c2100aa09c7204721c1711 peer=3
2025-10-21T21:48:17Z UpdateTip: new best=294c3c5d0aa182aca037f280882c92cd69a5ac0e04c2100aa09c7204721c1711 height=86 version=0x20000000 log2_work=7.442943 tx=87 date='2025-10-21T21:48:33Z' progress=1.000000 cache=0.3MiB(86txo)
2025-10-21T21:48:17Z Saw new header hash=2e53ca25dea3d90b2cf708a2d4583c3c95b27721c5d1d696d03a7351b42b79d5 height=87
2025-10-21T21:48:17Z Saw new cmpctblock header hash=2e53ca25dea3d90b2cf708a2d4583c3c95b27721c5d1d696d03a7351b42b79d5 peer=3
2025-10-21T21:48:17Z UpdateTip: new best=2e53ca25dea3d90b2cf708a2d4583c3c95b27721c5d1d696d03a7351b42b79d5 height=87 version=0x20000000 log2_work=7.459432 tx=88 date='2025-10-21T21:48:33Z' progress=1.000000 cache=0.3MiB(87txo)
2025-10-21T21:48:17Z Saw new header hash=47ef7e5d452f1b253b5cb017d009ff54b29e829d1a9feae5c51a5fdcbb2a1956 height=88
2025-10-21T21:48:17Z Saw new cmpctblock header hash=47ef7e5d452f1b253b5cb017d009ff54b29e829d1a9feae5c51a5fdcbb2a1956 peer=3
2025-10-21T21:48:17Z UpdateTip: new best=47ef7e5d452f1b253b5cb017d009ff54b29e829d1a9feae5c51a5fdcbb2a1956 height=88 version=0x20000000 log2_work=7.475733 tx=89 date='2025-10-21T21:48:33Z' progress=1.000000 cache=0.3MiB(88txo)
2025-10-21T21:48:17Z Saw new header hash=46a4b5303dde6d9d968513f473a7d37085f2a753201fe5d94702b541160e0267 height=89
2025-10-21T21:48:17Z Saw new cmpctblock header hash=46a4b5303dde6d9d968513f473a7d37085f2a753201fe5d94702b541160e0267 peer=3
2025-10-21T21:48:17Z UpdateTip: new best=46a4b5303dde6d9d968513f473a7d37085f2a753201fe5d94702b541160e0267 height=89 version=0x20000000 log2_work=7.491853 tx=90 date='2025-10-21T21:48:33Z' progress=1.000000 cache=0.3MiB(89txo)
2025-10-21T21:48:17Z Saw new header hash=090cb4c1526322e25083e394a1d9e8e08fab13a79c68be469abf5dc568bc3aab height=90
2025-10-21T21:48:17Z Saw new cmpctblock header hash=090cb4c1526322e25083e394a1d9e8e08fab13a79c68be469abf5dc568bc3aab peer=3
2025-10-21T21:48:17Z UpdateTip: new best=090cb4c1526322e25083e394a1d9e8e08fab13a79c68be469abf5dc568bc3aab height=90 version=0x20000000 log2_work=7.507795 tx=91 date='2025-10-21T21:48:33Z' progress=1.000000 cache=0.3MiB(90txo)
2025-10-21T21:48:17Z Saw new header hash=527e6c728f6f35f9f4c508b9a19e9300d0a7424d485f1b9ef5c24848830c94ed height=91
2025-10-21T21:48:17Z Saw new cmpctblock header hash=527e6c728f6f35f9f4c508b9a19e9300d0a7424d485f1b9ef5c24848830c94ed peer=3
2025-10-21T21:48:17Z UpdateTip: new best=527e6c728f6f35f9f4c508b9a19e9300d0a7424d485f1b9ef5c24848830c94ed height=91 version=0x20000000 log2_work=7.523562 tx=92 date='2025-10-21T21:48:33Z' progress=1.000000 cache=0.3MiB(91txo)
2025-10-21T21:48:17Z Saw new header hash=0231fa49cc54d5f45dcd5de2824d20d9e23466d1bab414fc9da043bad799ae7a height=92
2025-10-21T21:48:17Z Saw new cmpctblock header hash=0231fa49cc54d5f45dcd5de2824d20d9e23466d1bab414fc9da043bad799ae7a peer=0
2025-10-21T21:48:17Z UpdateTip: new best=0231fa49cc54d5f45dcd5de2824d20d9e23466d1bab414fc9da043bad799ae7a height=92 version=0x20000000 log2_work=7.539159 tx=93 date='2025-10-21T21:48:34Z' progress=1.000000 cache=0.3MiB(92txo)
2025-10-21T21:48:17Z Saw new header hash=6f798456b623e03f5f1d31e10c71b90b4b606e37ee65f209affcd24e2baa31f1 height=93
2025-10-21T21:48:17Z Saw new cmpctblock header hash=6f798456b623e03f5f1d31e10c71b90b4b606e37ee65f209affcd24e2baa31f1 peer=0
2025-10-21T21:48:17Z UpdateTip: new best=6f798456b623e03f5f1d31e10c71b90b4b606e37ee65f209affcd24e2baa31f1 height=93 version=0x20000000 log2_work=7.554589 tx=94 date='2025-10-21T21:48:34Z' progress=1.000000 cache=0.3MiB(93txo)
2025-10-21T21:48:17Z Saw new header hash=2532d178a01385258bdf6937494286c0855b16bb53af88ec2bc57690270b7bbc height=94
2025-10-21T21:48:17Z Saw new cmpctblock header hash=2532d178a01385258bdf6937494286c0855b16bb53af88ec2bc57690270b7bbc peer=0
2025-10-21T21:48:17Z UpdateTip: new best=2532d178a01385258bdf6937494286c0855b16bb53af88ec2bc57690270b7bbc height=94 version=0x20000000 log2_work=7.569856 tx=95 date='2025-10-21T21:48:34Z' progress=1.000000 cache=0.3MiB(94txo)
2025-10-21T21:48:17Z Saw new header hash=1a77a008ba90657215c5fe00b594566a4ccea727cdad24dacd53030966edc841 height=95
2025-10-21T21:48:17Z Saw new cmpctblock header hash=1a77a008ba90657215c5fe00b594566a4ccea727cdad24dacd53030966edc841 peer=0
2025-10-21T21:48:17Z UpdateTip: new best=1a77a008ba90657215c5fe00b594566a4ccea727cdad24dacd53030966edc841 height=95 version=0x20000000 log2_work=7.584963 tx=96 date='2025-10-21T21:48:34Z' progress=1.000000 cache=0.3MiB(95txo)
2025-10-21T21:48:17Z Saw new header hash=7373c9f31a609ecc2e708e603173d5c21ba9b9ab7f61fe4e24cc5ecdaf418aee height=96
2025-10-21T21:48:17Z Saw new cmpctblock header hash=7373c9f31a609ecc2e708e603173d5c21ba9b9ab7f61fe4e24cc5ecdaf418aee peer=3
2025-10-21T21:48:17Z UpdateTip: new best=7373c9f31a609ecc2e708e603173d5c21ba9b9ab7f61fe4e24cc5ecdaf418aee height=96 version=0x20000000 log2_work=7.599913 tx=97 date='2025-10-21T21:48:34Z' progress=1.000000 cache=0.3MiB(96txo)
2025-10-21T21:48:17Z Saw new header hash=5ea797328deb512a95e503b9aadea6be91c9b5271bb5c481feab555a1dc39a4c height=97
2025-10-21T21:48:17Z Saw new cmpctblock header hash=5ea797328deb512a95e503b9aadea6be91c9b5271bb5c481feab555a1dc39a4c peer=3
2025-10-21T21:48:17Z UpdateTip: new best=5ea797328deb512a95e503b9aadea6be91c9b5271bb5c481feab555a1dc39a4c height=97 version=0x20000000 log2_work=7.614710 tx=98 date='2025-10-21T21:48:34Z' progress=1.000000 cache=0.3MiB(97txo)
2025-10-21T21:48:17Z Saw new header hash=645f43a232fcaf5f9d455f6ae218bfbf028b29a2d8b3198632e785998ad9b84d height=98
2025-10-21T21:48:17Z Saw new cmpctblock header hash=645f43a232fcaf5f9d455f6ae218bfbf028b29a2d8b3198632e785998ad9b84d peer=0
2025-10-21T21:48:17Z UpdateTip: new best=645f43a232fcaf5f9d455f6ae218bfbf028b29a2d8b3198632e785998ad9b84d height=98 version=0x20000000 log2_work=7.629357 tx=99 date='2025-10-21T21:48:35Z' progress=1.000000 cache=0.3MiB(98txo)
2025-10-21T21:48:17Z Saw new header hash=599b38f40b10008bf34f183e02bcd4c62b3673e8950891deba98abb7fb3ceca4 height=99
2025-10-21T21:48:17Z Saw new cmpctblock header hash=599b38f40b10008bf34f183e02bcd4c62b3673e8950891deba98abb7fb3ceca4 peer=3
2025-10-21T21:48:17Z UpdateTip: new best=599b38f40b10008bf34f183e02bcd4c62b3673e8950891deba98abb7fb3ceca4 height=99 version=0x20000000 log2_work=7.643856 tx=100 date='2025-10-21T21:48:35Z' progress=1.000000 cache=0.3MiB(99txo)
2025-10-21T21:48:17Z Saw new header hash=0a9101dd47f18d5c64b6e9fb846cd9a4ace6a29bb38d3d0b109b96c0f2667500 height=100
2025-10-21T21:48:17Z Saw new cmpctblock header hash=0a9101dd47f18d5c64b6e9fb846cd9a4ace6a29bb38d3d0b109b96c0f2667500 peer=3
2025-10-21T21:48:17Z UpdateTip: new best=0a9101dd47f18d5c64b6e9fb846cd9a4ace6a29bb38d3d0b109b96c0f2667500 height=100 version=0x20000000 log2_work=7.658211 tx=101 date='2025-10-21T21:48:35Z' progress=1.000000 cache=0.3MiB(100txo)
2025-10-21T21:48:17Z Saw new header hash=13bf4b6716f02ba0558780d8ad5c105ca51c3d118366b13798546b6b632ef532 height=101
2025-10-21T21:48:17Z Saw new cmpctblock header hash=13bf4b6716f02ba0558780d8ad5c105ca51c3d118366b13798546b6b632ef532 peer=0
2025-10-21T21:48:17Z UpdateTip: new best=13bf4b6716f02ba0558780d8ad5c105ca51c3d118366b13798546b6b632ef532 height=101 version=0x20000000 log2_work=7.672425 tx=102 date='2025-10-21T21:48:35Z' progress=1.000000 cache=0.3MiB(101txo)
2025-10-21T21:48:20Z Saw new header hash=5d39237f4953144a609293221c602c3a065628cf94db08fe9672263d6f6b9cc0 height=102
2025-10-21T21:48:20Z Saw new cmpctblock header hash=5d39237f4953144a609293221c602c3a065628cf94db08fe9672263d6f6b9cc0 peer=3
2025-10-21T21:48:20Z UpdateTip: new best=5d39237f4953144a609293221c602c3a065628cf94db08fe9672263d6f6b9cc0 height=102 version=0x20000000 log2_work=7.686501 tx=128 date='2025-10-21T21:48:35Z' progress=1.000000 cache=0.3MiB(109txo)
2025-10-21T21:48:30Z Saw new header hash=14e47b7c55f48e58900f8cba55c572724bc354b6b1568137533b690c8f012f35 height=103
2025-10-21T21:48:30Z Saw new cmpctblock header hash=14e47b7c55f48e58900f8cba55c572724bc354b6b1568137533b690c8f012f35 peer=0
2025-10-21T21:48:30Z UpdateTip: new best=14e47b7c55f48e58900f8cba55c572724bc354b6b1568137533b690c8f012f35 height=103 version=0x20000000 log2_work=7.700440 tx=164 date='2025-10-21T21:48:35Z' progress=1.000000 cache=0.3MiB(114txo)
2025-10-21T21:48:36Z Saw new header hash=751e643c15ae6b9a339ddfe8bab8cc65413e5883b30fca6617408e532099674e height=104
2025-10-21T21:48:36Z Saw new cmpctblock header hash=751e643c15ae6b9a339ddfe8bab8cc65413e5883b30fca6617408e532099674e peer=0
2025-10-21T21:48:36Z UpdateTip: new best=751e643c15ae6b9a339ddfe8bab8cc65413e5883b30fca6617408e532099674e height=104 version=0x20000000 log2_work=7.714246 tx=197 date='2025-10-21T21:48:36Z' progress=1.000000 cache=0.3MiB(117txo)
2025-10-21T21:48:43Z Saw new header hash=27f8a772a53d20eda88d62c4e37193a980e0d3ff2e98df223f1beaf2eafcbb23 height=105
2025-10-21T21:48:43Z Saw new cmpctblock header hash=27f8a772a53d20eda88d62c4e37193a980e0d3ff2e98df223f1beaf2eafcbb23 peer=0
2025-10-21T21:48:43Z UpdateTip: new best=27f8a772a53d20eda88d62c4e37193a980e0d3ff2e98df223f1beaf2eafcbb23 height=105 version=0x20000000 log2_work=7.727920 tx=231 date='2025-10-21T21:48:43Z' progress=1.000000 cache=0.3MiB(120txo)
2025-10-21T21:48:51Z Saw new header hash=361638e19eafc89b57c044292b220e9668720f3b866cb0d4fcd76d40472edbf0 height=106
2025-10-21T21:48:51Z Saw new cmpctblock header hash=361638e19eafc89b57c044292b220e9668720f3b866cb0d4fcd76d40472edbf0 peer=3
2025-10-21T21:48:51Z UpdateTip: new best=361638e19eafc89b57c044292b220e9668720f3b866cb0d4fcd76d40472edbf0 height=106 version=0x20000000 log2_work=7.741467 tx=272 date='2025-10-21T21:48:50Z' progress=1.000000 cache=0.3MiB(123txo)
2025-10-21T21:48:56Z Saw new header hash=44c7a7e7da31210293398c1f6d104323103153bfc374500c4626a69d5ab00e95 height=107
2025-10-21T21:48:56Z Saw new cmpctblock header hash=44c7a7e7da31210293398c1f6d104323103153bfc374500c4626a69d5ab00e95 peer=0
2025-10-21T21:48:56Z UpdateTip: new best=44c7a7e7da31210293398c1f6d104323103153bfc374500c4626a69d5ab00e95 height=107 version=0x20000000 log2_work=7.754888 tx=309 date='2025-10-21T21:48:56Z' progress=1.000000 cache=0.3MiB(128txo)
2025-10-21T21:49:01Z Saw new header hash=106400a77be9c398a15e090a62e521bb74cc308f18d44b73b8592c17feb81055 height=108
2025-10-21T21:49:01Z Saw new cmpctblock header hash=106400a77be9c398a15e090a62e521bb74cc308f18d44b73b8592c17feb81055 peer=0
2025-10-21T21:49:01Z UpdateTip: new best=106400a77be9c398a15e090a62e521bb74cc308f18d44b73b8592c17feb81055 height=108 version=0x20000000 log2_work=7.768184 tx=348 date='2025-10-21T21:49:01Z' progress=1.000000 cache=0.3MiB(138txo)
2025-10-21T21:49:06Z Saw new header hash=37b1b6475eadbe2411d156e95c7d50381b5c55da339e2e3c8b17627216b97aa1 height=109
2025-10-21T21:49:06Z Saw new cmpctblock header hash=37b1b6475eadbe2411d156e95c7d50381b5c55da339e2e3c8b17627216b97aa1 peer=0
2025-10-21T21:49:06Z UpdateTip: new best=37b1b6475eadbe2411d156e95c7d50381b5c55da339e2e3c8b17627216b97aa1 height=109 version=0x20000000 log2_work=7.781360 tx=385 date='2025-10-21T21:49:06Z' progress=1.000000 cache=0.3MiB(140txo)
2025-10-21T21:49:11Z Saw new header hash=22a527a11d75d8f1a4ddb0ddf7953b8595ba9f8ac034b97975b109635b39fe75 height=110
2025-10-21T21:49:11Z Saw new cmpctblock header hash=22a527a11d75d8f1a4ddb0ddf7953b8595ba9f8ac034b97975b109635b39fe75 peer=0
2025-10-21T21:49:11Z UpdateTip: new best=22a527a11d75d8f1a4ddb0ddf7953b8595ba9f8ac034b97975b109635b39fe75 height=110 version=0x20000000 log2_work=7.794416 tx=423 date='2025-10-21T21:49:11Z' progress=1.000000 cache=0.3MiB(142txo)
2025-10-21T21:49:16Z Saw new header hash=4c6d533f6c32ad435de29fe7e7898a9953b91d10f73c25f36d8a265dc799e315 height=111
2025-10-21T21:49:16Z Saw new cmpctblock header hash=4c6d533f6c32ad435de29fe7e7898a9953b91d10f73c25f36d8a265dc799e315 peer=3
2025-10-21T21:49:16Z UpdateTip: new best=4c6d533f6c32ad435de29fe7e7898a9953b91d10f73c25f36d8a265dc799e315 height=111 version=0x20000000 log2_work=7.807355 tx=467 date='2025-10-21T21:49:16Z' progress=1.000000 cache=0.3MiB(142txo)
2025-10-21T21:49:22Z Saw new header hash=24f6d168357f8e203164ff2e3f42c7a29b83d15a20715a08b435c8041212b60a height=112
2025-10-21T21:49:22Z Saw new cmpctblock header hash=24f6d168357f8e203164ff2e3f42c7a29b83d15a20715a08b435c8041212b60a peer=0
2025-10-21T21:49:22Z UpdateTip: new best=24f6d168357f8e203164ff2e3f42c7a29b83d15a20715a08b435c8041212b60a height=112 version=0x20000000 log2_work=7.820179 tx=504 date='2025-10-21T21:49:21Z' progress=1.000000 cache=0.3MiB(153txo)
2025-10-21T21:49:27Z Saw new header hash=5c575d7bb53fa13c666d1fee0dbf3356904fe2d3231360839cfba075baab18d0 height=113
2025-10-21T21:49:27Z Saw new cmpctblock header hash=5c575d7bb53fa13c666d1fee0dbf3356904fe2d3231360839cfba075baab18d0 peer=0
2025-10-21T21:49:27Z UpdateTip: new best=5c575d7bb53fa13c666d1fee0dbf3356904fe2d3231360839cfba075baab18d0 height=113 version=0x20000000 log2_work=7.832890 tx=543 date='2025-10-21T21:49:26Z' progress=1.000000 cache=0.3MiB(153txo)
2025-10-21T21:49:32Z Saw new header hash=7a61ae306ddb79c134bf2a0f11610b4a608ce4afd6564203b392c03705b11bd2 height=114
2025-10-21T21:49:32Z Saw new cmpctblock header hash=7a61ae306ddb79c134bf2a0f11610b4a608ce4afd6564203b392c03705b11bd2 peer=0
2025-10-21T21:49:32Z UpdateTip: new best=7a61ae306ddb79c134bf2a0f11610b4a608ce4afd6564203b392c03705b11bd2 height=114 version=0x20000000 log2_work=7.845490 tx=585 date='2025-10-21T21:49:32Z' progress=1.000000 cache=0.3MiB(157txo)
2025-10-21T21:49:37Z Saw new header hash=0e2d4f23a374469015516079fc944b78986cb7e4b9862d28b965093c12d6bbf5 height=115
2025-10-21T21:49:37Z Saw new cmpctblock header hash=0e2d4f23a374469015516079fc944b78986cb7e4b9862d28b965093c12d6bbf5 peer=0
2025-10-21T21:49:37Z UpdateTip: new best=0e2d4f23a374469015516079fc944b78986cb7e4b9862d28b965093c12d6bbf5 height=115 version=0x20000000 log2_work=7.857981 tx=628 date='2025-10-21T21:49:37Z' progress=1.000000 cache=0.3MiB(158txo)
2025-10-21T21:49:42Z Saw new header hash=0549dc4c5b4d539f2e5908bad7dc0ae418ab960541c5fa1229d3c8d0b80d96de height=116
2025-10-21T21:49:42Z Saw new cmpctblock header hash=0549dc4c5b4d539f2e5908bad7dc0ae418ab960541c5fa1229d3c8d0b80d96de peer=3
2025-10-21T21:49:42Z UpdateTip: new best=0549dc4c5b4d539f2e5908bad7dc0ae418ab960541c5fa1229d3c8d0b80d96de height=116 version=0x20000000 log2_work=7.870365 tx=671 date='2025-10-21T21:49:42Z' progress=1.000000 cache=0.3MiB(164txo)
2025-10-21T21:49:47Z Saw new header hash=733a43a3460012cd57b71ac5f43d00b72a6653348f23e3e6f2e5b11f4ec6e1e4 height=117
2025-10-21T21:49:47Z Saw new cmpctblock header hash=733a43a3460012cd57b71ac5f43d00b72a6653348f23e3e6f2e5b11f4ec6e1e4 peer=3
2025-10-21T21:49:47Z UpdateTip: new best=733a43a3460012cd57b71ac5f43d00b72a6653348f23e3e6f2e5b11f4ec6e1e4 height=117 version=0x20000000 log2_work=7.882643 tx=715 date='2025-10-21T21:49:47Z' progress=1.000000 cache=0.3MiB(172txo)
2025-10-21T21:49:52Z Saw new header hash=1537f31b3362ce61e0ba6c94ec7547f8321e9c419caa0fa2472a877be283ca46 height=118
2025-10-21T21:49:52Z Saw new cmpctblock header hash=1537f31b3362ce61e0ba6c94ec7547f8321e9c419caa0fa2472a877be283ca46 peer=3
2025-10-21T21:49:52Z UpdateTip: new best=1537f31b3362ce61e0ba6c94ec7547f8321e9c419caa0fa2472a877be283ca46 height=118 version=0x20000000 log2_work=7.894818 tx=749 date='2025-10-21T21:49:52Z' progress=1.000000 cache=0.3MiB(167txo)
2025-10-21T21:49:57Z Saw new header hash=0e20762520e6ed755095eda0720596b7f05a19bd7f706ba3f8c850121cdd3612 height=119
2025-10-21T21:49:57Z Saw new cmpctblock header hash=0e20762520e6ed755095eda0720596b7f05a19bd7f706ba3f8c850121cdd3612 peer=3
2025-10-21T21:49:57Z UpdateTip: new best=0e20762520e6ed755095eda0720596b7f05a19bd7f706ba3f8c850121cdd3612 height=119 version=0x20000000 log2_work=7.906891 tx=790 date='2025-10-21T21:49:57Z' progress=1.000000 cache=0.3MiB(171txo)
2025-10-21T21:50:02Z Saw new header hash=00bf7f257343c15ed0d4e283b61f1e64d14c3614a2597bb821e3e389905d3247 height=120
2025-10-21T21:50:02Z Saw new cmpctblock header hash=00bf7f257343c15ed0d4e283b61f1e64d14c3614a2597bb821e3e389905d3247 peer=3
2025-10-21T21:50:02Z UpdateTip: new best=00bf7f257343c15ed0d4e283b61f1e64d14c3614a2597bb821e3e389905d3247 height=120 version=0x20000000 log2_work=7.918863 tx=832 date='2025-10-21T21:50:02Z' progress=1.000000 cache=0.3MiB(177txo)
2025-10-21T21:50:07Z Saw new header hash=1677a49e5d197e84dc5c71ce4b9381ba220e4d877ee94c1b55fdf64b0e160fe0 height=121
2025-10-21T21:50:07Z Saw new cmpctblock header hash=1677a49e5d197e84dc5c71ce4b9381ba220e4d877ee94c1b55fdf64b0e160fe0 peer=3
2025-10-21T21:50:07Z UpdateTip: new best=1677a49e5d197e84dc5c71ce4b9381ba220e4d877ee94c1b55fdf64b0e160fe0 height=121 version=0x20000000 log2_work=7.930737 tx=874 date='2025-10-21T21:50:07Z' progress=1.000000 cache=0.3MiB(180txo)
2025-10-21T21:50:12Z Saw new header hash=3983f7c1bb14983409c72ae1079e2824a1472a23e6aa0571a0a5d3d847f6d122 height=122
2025-10-21T21:50:12Z Saw new cmpctblock header hash=3983f7c1bb14983409c72ae1079e2824a1472a23e6aa0571a0a5d3d847f6d122 peer=3
2025-10-21T21:50:12Z UpdateTip: new best=3983f7c1bb14983409c72ae1079e2824a1472a23e6aa0571a0a5d3d847f6d122 height=122 version=0x20000000 log2_work=7.942515 tx=917 date='2025-10-21T21:50:12Z' progress=1.000000 cache=0.3MiB(187txo)
2025-10-21T21:50:17Z Saw new header hash=4eaa0e37d0d23cf352f879c5756c752bdb8270091001ab4d80fc0627f9f0b101 height=123
2025-10-21T21:50:17Z Saw new cmpctblock header hash=4eaa0e37d0d23cf352f879c5756c752bdb8270091001ab4d80fc0627f9f0b101 peer=0
2025-10-21T21:50:17Z UpdateTip: new best=4eaa0e37d0d23cf352f879c5756c752bdb8270091001ab4d80fc0627f9f0b101 height=123 version=0x20000000 log2_work=7.954196 tx=960 date='2025-10-21T21:50:17Z' progress=1.000000 cache=0.3MiB(186txo)
2025-10-21T21:50:22Z Saw new header hash=46d1c5d4ce29ae8244694c852075269a90dfdcd5bb90cbe47e5dc7babdc5ffac height=124
2025-10-21T21:50:22Z Saw new cmpctblock header hash=46d1c5d4ce29ae8244694c852075269a90dfdcd5bb90cbe47e5dc7babdc5ffac peer=0
2025-10-21T21:50:22Z UpdateTip: new best=46d1c5d4ce29ae8244694c852075269a90dfdcd5bb90cbe47e5dc7babdc5ffac height=124 version=0x20000000 log2_work=7.965784 tx=1002 date='2025-10-21T21:50:22Z' progress=1.000000 cache=0.3MiB(187txo)
2025-10-21T21:50:27Z Saw new header hash=534bd7fa8813e441cc08912edc00274d2d84605826ba1a41fb8fbfcefb61b04e height=125
2025-10-21T21:50:27Z Saw new cmpctblock header hash=534bd7fa8813e441cc08912edc00274d2d84605826ba1a41fb8fbfcefb61b04e peer=3
2025-10-21T21:50:27Z UpdateTip: new best=534bd7fa8813e441cc08912edc00274d2d84605826ba1a41fb8fbfcefb61b04e height=125 version=0x20000000 log2_work=7.977280 tx=1043 date='2025-10-21T21:50:27Z' progress=1.000000 cache=0.3MiB(189txo)
2025-10-21T21:50:32Z Saw new header hash=19666b5b5b541a5719e4d00a67e1b0d77171e014e314fc02647614a24fa390f3 height=126
2025-10-21T21:50:32Z Saw new cmpctblock header hash=19666b5b5b541a5719e4d00a67e1b0d77171e014e314fc02647614a24fa390f3 peer=0
2025-10-21T21:50:32Z UpdateTip: new best=19666b5b5b541a5719e4d00a67e1b0d77171e014e314fc02647614a24fa390f3 height=126 version=0x20000000 log2_work=7.988685 tx=1085 date='2025-10-21T21:50:32Z' progress=1.000000 cache=0.3MiB(195txo)
2025-10-21T21:50:38Z Saw new header hash=117024796ae0c76dfab6f318215ce820bcd1ab4da9d733f1fb940635ce6093a7 height=127
2025-10-21T21:50:38Z Saw new cmpctblock header hash=117024796ae0c76dfab6f318215ce820bcd1ab4da9d733f1fb940635ce6093a7 peer=0
2025-10-21T21:50:38Z UpdateTip: new best=117024796ae0c76dfab6f318215ce820bcd1ab4da9d733f1fb940635ce6093a7 height=127 version=0x20000000 log2_work=8.000000 tx=1126 date='2025-10-21T21:50:37Z' progress=1.000000 cache=0.3MiB(199txo)
2025-10-21T21:50:43Z Saw new header hash=6f87a0c4f08fdc75bbafee2103758c2f77f30e66e87da5cb17380ee0ef9966f5 height=128
2025-10-21T21:50:43Z Saw new cmpctblock header hash=6f87a0c4f08fdc75bbafee2103758c2f77f30e66e87da5cb17380ee0ef9966f5 peer=3
2025-10-21T21:50:43Z UpdateTip: new best=6f87a0c4f08fdc75bbafee2103758c2f77f30e66e87da5cb17380ee0ef9966f5 height=128 version=0x20000000 log2_work=8.011227 tx=1169 date='2025-10-21T21:50:43Z' progress=1.000000 cache=0.3MiB(196txo)
2025-10-21T21:50:48Z Saw new header hash=5b4799c1bf51e2e748b0183f06793f43ee2ac49dbd59e0738845c32768172e94 height=129
2025-10-21T21:50:48Z Saw new cmpctblock header hash=5b4799c1bf51e2e748b0183f06793f43ee2ac49dbd59e0738845c32768172e94 peer=0
2025-10-21T21:50:48Z UpdateTip: new best=5b4799c1bf51e2e748b0183f06793f43ee2ac49dbd59e0738845c32768172e94 height=129 version=0x20000000 log2_work=8.022368 tx=1211 date='2025-10-21T21:50:48Z' progress=1.000000 cache=0.3MiB(198txo)
2025-10-21T21:50:53Z Saw new header hash=641cc4877744c77dbe0b37aac7e78afd23cc5bfb7d092599bd4c2490911d3573 height=130
2025-10-21T21:50:53Z Saw new cmpctblock header hash=641cc4877744c77dbe0b37aac7e78afd23cc5bfb7d092599bd4c2490911d3573 peer=0
2025-10-21T21:50:53Z UpdateTip: new best=641cc4877744c77dbe0b37aac7e78afd23cc5bfb7d092599bd4c2490911d3573 height=130 version=0x20000000 log2_work=8.033423 tx=1253 date='2025-10-21T21:50:53Z' progress=1.000000 cache=0.3MiB(208txo)
2025-10-21T21:50:58Z Saw new header hash=2265d77bca3a480fb575a2c286b856308b9f0a4e608c1cef010a1b418e539a04 height=131
2025-10-21T21:50:58Z Saw new cmpctblock header hash=2265d77bca3a480fb575a2c286b856308b9f0a4e608c1cef010a1b418e539a04 peer=0
2025-10-21T21:50:58Z UpdateTip: new best=2265d77bca3a480fb575a2c286b856308b9f0a4e608c1cef010a1b418e539a04 height=131 version=0x20000000 log2_work=8.044394 tx=1295 date='2025-10-21T21:50:58Z' progress=1.000000 cache=0.3MiB(205txo)
2025-10-21T21:51:03Z Saw new header hash=1b71a84e5167113f554790bcd5a8d669a9172b376b7e7dd9d00679fc52ba54e3 height=132
2025-10-21T21:51:03Z Saw new cmpctblock header hash=1b71a84e5167113f554790bcd5a8d669a9172b376b7e7dd9d00679fc52ba54e3 peer=3
2025-10-21T21:51:03Z UpdateTip: new best=1b71a84e5167113f554790bcd5a8d669a9172b376b7e7dd9d00679fc52ba54e3 height=132 version=0x20000000 log2_work=8.055282 tx=1337 date='2025-10-21T21:51:03Z' progress=1.000000 cache=0.3MiB(211txo)
2025-10-21T21:51:08Z Saw new header hash=46f8f3b9ba91cfa98b431096b9e979cea743c9eb72c3e9221ef362b1c91ee1d7 height=133
2025-10-21T21:51:08Z Saw new cmpctblock header hash=46f8f3b9ba91cfa98b431096b9e979cea743c9eb72c3e9221ef362b1c91ee1d7 peer=3
2025-10-21T21:51:08Z UpdateTip: new best=46f8f3b9ba91cfa98b431096b9e979cea743c9eb72c3e9221ef362b1c91ee1d7 height=133 version=0x20000000 log2_work=8.066089 tx=1378 date='2025-10-21T21:51:08Z' progress=1.000000 cache=0.3MiB(218txo)
2025-10-21T21:51:13Z Saw new header hash=0884d6dd16959180db67936edf3a98e204ef36eae31c1f7d7846c367237304d5 height=134
2025-10-21T21:51:13Z Saw new cmpctblock header hash=0884d6dd16959180db67936edf3a98e204ef36eae31c1f7d7846c367237304d5 peer=0
2025-10-21T21:51:13Z UpdateTip: new best=0884d6dd16959180db67936edf3a98e204ef36eae31c1f7d7846c367237304d5 height=134 version=0x20000000 log2_work=8.076816 tx=1421 date='2025-10-21T21:51:13Z' progress=1.000000 cache=0.3MiB(222txo)
2025-10-21T21:51:18Z Saw new header hash=0496d3ca21a7e23bdc1a72117cf0ccdee937d7e23320c09b0e288dc4c57b5185 height=135
2025-10-21T21:51:18Z Saw new cmpctblock header hash=0496d3ca21a7e23bdc1a72117cf0ccdee937d7e23320c09b0e288dc4c57b5185 peer=0
2025-10-21T21:51:18Z UpdateTip: new best=0496d3ca21a7e23bdc1a72117cf0ccdee937d7e23320c09b0e288dc4c57b5185 height=135 version=0x20000000 log2_work=8.087463 tx=1464 date='2025-10-21T21:51:18Z' progress=1.000000 cache=0.3MiB(223txo)
2025-10-21T21:51:23Z Saw new header hash=19281b7ce2add8e2474c00fda18f3bdea2c5738e49d1cefcb1a53d5ebe0627f6 height=136
2025-10-21T21:51:23Z Saw new cmpctblock header hash=19281b7ce2add8e2474c00fda18f3bdea2c5738e49d1cefcb1a53d5ebe0627f6 peer=0
2025-10-21T21:51:23Z UpdateTip: new best=19281b7ce2add8e2474c00fda18f3bdea2c5738e49d1cefcb1a53d5ebe0627f6 height=136 version=0x20000000 log2_work=8.098032 tx=1505 date='2025-10-21T21:51:23Z' progress=1.000000 cache=0.3MiB(231txo)
2025-10-21T21:51:28Z Saw new header hash=32b6c6678b87932cfbb7be66c1f5bf8427481bbab222b455c8d72d6d5fa9fe38 height=137
2025-10-21T21:51:28Z Saw new cmpctblock header hash=32b6c6678b87932cfbb7be66c1f5bf8427481bbab222b455c8d72d6d5fa9fe38 peer=3
2025-10-21T21:51:28Z UpdateTip: new best=32b6c6678b87932cfbb7be66c1f5bf8427481bbab222b455c8d72d6d5fa9fe38 height=137 version=0x20000000 log2_work=8.108524 tx=1545 date='2025-10-21T21:51:28Z' progress=1.000000 cache=0.3MiB(239txo)
2025-10-21T21:51:33Z Saw new header hash=35256d6f22ef4ddc951bbd9e9284c74c2ef1e09b6622e3d7b322129aeda4814e height=138
2025-10-21T21:51:33Z Saw new cmpctblock header hash=35256d6f22ef4ddc951bbd9e9284c74c2ef1e09b6622e3d7b322129aeda4814e peer=3
2025-10-21T21:51:33Z UpdateTip: new best=35256d6f22ef4ddc951bbd9e9284c74c2ef1e09b6622e3d7b322129aeda4814e height=138 version=0x20000000 log2_work=8.118941 tx=1587 date='2025-10-21T21:51:33Z' progress=1.000000 cache=0.3MiB(235txo)
2025-10-21T21:51:38Z Saw new header hash=3c0d9d20a14d529ccf5248fbb79d8b12ec99b0bae250c2929784f767846faa30 height=139
2025-10-21T21:51:38Z Saw new cmpctblock header hash=3c0d9d20a14d529ccf5248fbb79d8b12ec99b0bae250c2929784f767846faa30 peer=0
2025-10-21T21:51:38Z UpdateTip: new best=3c0d9d20a14d529ccf5248fbb79d8b12ec99b0bae250c2929784f767846faa30 height=139 version=0x20000000 log2_work=8.129283 tx=1628 date='2025-10-21T21:51:38Z' progress=1.000000 cache=0.3MiB(244txo)
2025-10-21T21:51:44Z Saw new header hash=7f36fad13861b2a56a95dfda194dcffaaa707dc797ff4cdedcf9983ae91cde27 height=140
2025-10-21T21:51:44Z Saw new cmpctblock header hash=7f36fad13861b2a56a95dfda194dcffaaa707dc797ff4cdedcf9983ae91cde27 peer=0
2025-10-21T21:51:44Z UpdateTip: new best=7f36fad13861b2a56a95dfda194dcffaaa707dc797ff4cdedcf9983ae91cde27 height=140 version=0x20000000 log2_work=8.139551 tx=1670 date='2025-10-21T21:51:44Z' progress=1.000000 cache=0.3MiB(245txo)
2025-10-21T21:51:49Z Saw new header hash=315a2ce1cb9108d1841d37f986ffc76d9f8f00eff98d74dccfe11f92168aef62 height=141
2025-10-21T21:51:49Z Saw new cmpctblock header hash=315a2ce1cb9108d1841d37f986ffc76d9f8f00eff98d74dccfe11f92168aef62 peer=0
2025-10-21T21:51:49Z UpdateTip: new best=315a2ce1cb9108d1841d37f986ffc76d9f8f00eff98d74dccfe11f92168aef62 height=141 version=0x20000000 log2_work=8.149747 tx=1712 date='2025-10-21T21:51:49Z' progress=1.000000 cache=0.3MiB(249txo)
2025-10-21T21:51:54Z Saw new header hash=667d6908a4287b1d0d0c9516378e99e5f10ecbcc8d11b8a308f30992678e7e56 height=142
2025-10-21T21:51:54Z Saw new cmpctblock header hash=667d6908a4287b1d0d0c9516378e99e5f10ecbcc8d11b8a308f30992678e7e56 peer=0
2025-10-21T21:51:54Z UpdateTip: new best=667d6908a4287b1d0d0c9516378e99e5f10ecbcc8d11b8a308f30992678e7e56 height=142 version=0x20000000 log2_work=8.159871 tx=1753 date='2025-10-21T21:51:54Z' progress=1.000000 cache=0.3MiB(265txo)
2025-10-21T21:51:59Z Saw new header hash=121b84aae64df4dff2092f75b1070ef75e5dee6fcf2fcc79057d7d9b26e353d6 height=143
2025-10-21T21:51:59Z Saw new cmpctblock header hash=121b84aae64df4dff2092f75b1070ef75e5dee6fcf2fcc79057d7d9b26e353d6 peer=0
2025-10-21T21:51:59Z UpdateTip: new best=121b84aae64df4dff2092f75b1070ef75e5dee6fcf2fcc79057d7d9b26e353d6 height=143 version=0x20000000 log2_work=8.169925 tx=1793 date='2025-10-21T21:51:59Z' progress=1.000000 cache=0.3MiB(274txo)
2025-10-21T21:52:04Z Saw new header hash=2d961c1db32b0cdb500d2aa5bf6a6e5a7d6dae92f7f1a6715b382b2a0c581740 height=144
2025-10-21T21:52:04Z Saw new cmpctblock header hash=2d961c1db32b0cdb500d2aa5bf6a6e5a7d6dae92f7f1a6715b382b2a0c581740 peer=0
2025-10-21T21:52:04Z UpdateTip: new best=2d961c1db32b0cdb500d2aa5bf6a6e5a7d6dae92f7f1a6715b382b2a0c581740 height=144 version=0x30000000 log2_work=8.179909 tx=1834 date='2025-10-21T21:52:04Z' progress=1.000000 cache=0.3MiB(278txo)
2025-10-21T21:52:09Z Saw new header hash=35a0e25bd7a5dd9a6657a28c86d725285072a5f9daa4cb5ad45c180d847c2eb3 height=145
2025-10-21T21:52:09Z Saw new cmpctblock header hash=35a0e25bd7a5dd9a6657a28c86d725285072a5f9daa4cb5ad45c180d847c2eb3 peer=3
2025-10-21T21:52:09Z UpdateTip: new best=35a0e25bd7a5dd9a6657a28c86d725285072a5f9daa4cb5ad45c180d847c2eb3 height=145 version=0x30000000 log2_work=8.189825 tx=1875 date='2025-10-21T21:52:09Z' progress=1.000000 cache=0.3MiB(279txo)
2025-10-21T21:52:14Z Saw new header hash=70d6a5909a6b015ec31a58e6155b3ae4e035e99b9d95cfcefafb684096b53674 height=146
2025-10-21T21:52:14Z Saw new cmpctblock header hash=70d6a5909a6b015ec31a58e6155b3ae4e035e99b9d95cfcefafb684096b53674 peer=3
2025-10-21T21:52:14Z UpdateTip: new best=70d6a5909a6b015ec31a58e6155b3ae4e035e99b9d95cfcefafb684096b53674 height=146 version=0x30000000 log2_work=8.199672 tx=1916 date='2025-10-21T21:52:14Z' progress=1.000000 cache=0.3MiB(273txo)
2025-10-21T21:52:19Z Saw new header hash=380f86fc2d45398c46f05bb9fe1ce2e67d52b7b525a8388b701fbf9ef253d39a height=147
2025-10-21T21:52:19Z Saw new cmpctblock header hash=380f86fc2d45398c46f05bb9fe1ce2e67d52b7b525a8388b701fbf9ef253d39a peer=3
2025-10-21T21:52:19Z UpdateTip: new best=380f86fc2d45398c46f05bb9fe1ce2e67d52b7b525a8388b701fbf9ef253d39a height=147 version=0x30000000 log2_work=8.209453 tx=1958 date='2025-10-21T21:52:19Z' progress=1.000000 cache=0.3MiB(281txo)
2025-10-21T21:52:24Z Saw new header hash=51530f7c99076ba998575757fc97dbb30fdec672b94697b24ae1a2b31a9fdd33 height=148
2025-10-21T21:52:24Z Saw new cmpctblock header hash=51530f7c99076ba998575757fc97dbb30fdec672b94697b24ae1a2b31a9fdd33 peer=3
2025-10-21T21:52:24Z UpdateTip: new best=51530f7c99076ba998575757fc97dbb30fdec672b94697b24ae1a2b31a9fdd33 height=148 version=0x30000000 log2_work=8.219169 tx=1999 date='2025-10-21T21:52:24Z' progress=1.000000 cache=0.3MiB(282txo)
2025-10-21T21:52:29Z Saw new header hash=2faf121c25cb4eaf83eccd9a457b566f5c94cf72c800dfc5c1e87e12de5a6cad height=149
2025-10-21T21:52:29Z Saw new cmpctblock header hash=2faf121c25cb4eaf83eccd9a457b566f5c94cf72c800dfc5c1e87e12de5a6cad peer=0
2025-10-21T21:52:29Z UpdateTip: new best=2faf121c25cb4eaf83eccd9a457b566f5c94cf72c800dfc5c1e87e12de5a6cad height=149 version=0x30000000 log2_work=8.228819 tx=2040 date='2025-10-21T21:52:29Z' progress=1.000000 cache=0.3MiB(292txo)
2025-10-21T21:52:34Z Saw new header hash=0567d261ac06c8b6571e81d9b3293b79b933d10ace68c9f45d3d20eac94784df height=150
2025-10-21T21:52:34Z Saw new cmpctblock header hash=0567d261ac06c8b6571e81d9b3293b79b933d10ace68c9f45d3d20eac94784df peer=3
2025-10-21T21:52:34Z UpdateTip: new best=0567d261ac06c8b6571e81d9b3293b79b933d10ace68c9f45d3d20eac94784df height=150 version=0x30000000 log2_work=8.238405 tx=2080 date='2025-10-21T21:52:34Z' progress=1.000000 cache=0.3MiB(298txo)
2025-10-21T21:52:39Z Saw new header hash=66e52c7130db3096008af61ebf11c999708b62cc78044bb85380a95eef5243c2 height=151
2025-10-21T21:52:39Z Saw new cmpctblock header hash=66e52c7130db3096008af61ebf11c999708b62cc78044bb85380a95eef5243c2 peer=3
2025-10-21T21:52:39Z UpdateTip: new best=66e52c7130db3096008af61ebf11c999708b62cc78044bb85380a95eef5243c2 height=151 version=0x30000000 log2_work=8.247928 tx=2121 date='2025-10-21T21:52:39Z' progress=1.000000 cache=0.3MiB(308txo)
2025-10-21T21:52:44Z Saw new header hash=151d515410047c26492863c97803770ef9308aabab9061205cebddef4ce5bb09 height=152
2025-10-21T21:52:44Z Saw new cmpctblock header hash=151d515410047c26492863c97803770ef9308aabab9061205cebddef4ce5bb09 peer=3
2025-10-21T21:52:44Z UpdateTip: new best=151d515410047c26492863c97803770ef9308aabab9061205cebddef4ce5bb09 height=152 version=0x30000000 log2_work=8.257388 tx=2161 date='2025-10-21T21:52:44Z' progress=1.000000 cache=0.3MiB(318txo)
2025-10-21T21:52:49Z Saw new header hash=53c6d821ed79657ed75a6958d2b2a2c62ce14d784ed55d0fdd5831b0652c75e9 height=153
2025-10-21T21:52:49Z Saw new cmpctblock header hash=53c6d821ed79657ed75a6958d2b2a2c62ce14d784ed55d0fdd5831b0652c75e9 peer=0
2025-10-21T21:52:49Z UpdateTip: new best=53c6d821ed79657ed75a6958d2b2a2c62ce14d784ed55d0fdd5831b0652c75e9 height=153 version=0x30000000 log2_work=8.266787 tx=2202 date='2025-10-21T21:52:49Z' progress=1.000000 cache=0.3MiB(308txo)
2025-10-21T21:52:54Z Saw new header hash=08714a13a924f012f664a6450e493bdeee55ee22f7ee75df6f5ddaaf6368043e height=154
2025-10-21T21:52:54Z Saw new cmpctblock header hash=08714a13a924f012f664a6450e493bdeee55ee22f7ee75df6f5ddaaf6368043e peer=3
2025-10-21T21:52:54Z UpdateTip: new best=08714a13a924f012f664a6450e493bdeee55ee22f7ee75df6f5ddaaf6368043e height=154 version=0x30000000 log2_work=8.276124 tx=2243 date='2025-10-21T21:52:54Z' progress=1.000000 cache=0.3MiB(304txo)
2025-10-21T21:53:00Z Saw new header hash=3e27ad2eeb9c8aec508bd997ad2569a276f6cb0eb5c730a6e3dd4fbd70f47639 height=155
2025-10-21T21:53:00Z Saw new cmpctblock header hash=3e27ad2eeb9c8aec508bd997ad2569a276f6cb0eb5c730a6e3dd4fbd70f47639 peer=0
2025-10-21T21:53:00Z UpdateTip: new best=3e27ad2eeb9c8aec508bd997ad2569a276f6cb0eb5c730a6e3dd4fbd70f47639 height=155 version=0x30000000 log2_work=8.285402 tx=2284 date='2025-10-21T21:53:00Z' progress=1.000000 cache=0.3MiB(314txo)
2025-10-21T21:53:05Z Saw new header hash=42c854018be1fa8460f99779bfafedcc292077b6b5aea402816fc6127dfa7c81 height=156
2025-10-21T21:53:05Z Saw new cmpctblock header hash=42c854018be1fa8460f99779bfafedcc292077b6b5aea402816fc6127dfa7c81 peer=0
2025-10-21T21:53:05Z UpdateTip: new best=42c854018be1fa8460f99779bfafedcc292077b6b5aea402816fc6127dfa7c81 height=156 version=0x30000000 log2_work=8.294621 tx=2324 date='2025-10-21T21:53:05Z' progress=1.000000 cache=0.3MiB(325txo)
2025-10-21T21:53:10Z Saw new header hash=205d906fb9ea0daab9d205bbf596f4869238e8cce09d168c30849761cbc7de4f height=157
2025-10-21T21:53:10Z Saw new cmpctblock header hash=205d906fb9ea0daab9d205bbf596f4869238e8cce09d168c30849761cbc7de4f peer=3
2025-10-21T21:53:10Z UpdateTip: new best=205d906fb9ea0daab9d205bbf596f4869238e8cce09d168c30849761cbc7de4f height=157 version=0x30000000 log2_work=8.303781 tx=2365 date='2025-10-21T21:53:10Z' progress=1.000000 cache=0.3MiB(337txo)
2025-10-21T21:53:15Z Saw new header hash=4c2fa9ff987923e195d896269333205d361702c9b70e58eef4078f0b1aeaa3ba height=158
2025-10-21T21:53:15Z Saw new cmpctblock header hash=4c2fa9ff987923e195d896269333205d361702c9b70e58eef4078f0b1aeaa3ba peer=0
2025-10-21T21:53:15Z UpdateTip: new best=4c2fa9ff987923e195d896269333205d361702c9b70e58eef4078f0b1aeaa3ba height=158 version=0x30000000 log2_work=8.312883 tx=2407 date='2025-10-21T21:53:15Z' progress=1.000000 cache=0.3MiB(345txo)
2025-10-21T21:53:21Z Saw new header hash=71321d56cde2640bf492e21eff0b32383f21b0a096915d69f7daaa5c58392737 height=159
2025-10-21T21:53:21Z Saw new cmpctblock header hash=71321d56cde2640bf492e21eff0b32383f21b0a096915d69f7daaa5c58392737 peer=3
2025-10-21T21:53:21Z UpdateTip: new best=71321d56cde2640bf492e21eff0b32383f21b0a096915d69f7daaa5c58392737 height=159 version=0x30000000 log2_work=8.321928 tx=2442 date='2025-10-21T21:53:20Z' progress=1.000000 cache=0.3MiB(356txo)
2025-10-21T21:53:28Z Saw new header hash=59115cb57a08ddff60bfb55969273e8d555e7557391e6347d8d709c44346b188 height=160
2025-10-21T21:53:28Z Saw new cmpctblock header hash=59115cb57a08ddff60bfb55969273e8d555e7557391e6347d8d709c44346b188 peer=0
2025-10-21T21:53:28Z UpdateTip: new best=59115cb57a08ddff60bfb55969273e8d555e7557391e6347d8d709c44346b188 height=160 version=0x30000000 log2_work=8.330917 tx=2451 date='2025-10-21T21:53:26Z' progress=1.000000 cache=0.3MiB(362txo)
2025-10-21T21:53:33Z tor: Thread interrupt
2025-10-21T21:53:33Z addcon thread exit
2025-10-21T21:53:33Z opencon thread exit
2025-10-21T21:53:33Z torcontrol thread exit
2025-10-21T21:53:33Z Shutdown: In progress...
2025-10-21T21:53:34Z net thread exit
2025-10-21T21:53:34Z msghand thread exit
2025-10-21T21:53:34Z scheduler thread exit
2025-10-21T21:53:34Z Writing 0 unbroadcast transactions to disk.
2025-10-21T21:53:34Z Dumped mempool: 0.000s to copy, 0.001s to dump
2025-10-21T21:53:34Z Flushed fee estimates to fee_estimates.dat.
2025-10-21T21:53:34Z Shutdown: done
2025-10-21T21:58:40Z Warning: reindex=1 is set in the configuration file, which will significantly slow down startup. Consider removing or commenting out this option for better performance, unless there is currently a condition which makes rebuilding the indexes necessary
2025-10-21T21:58:40Z Bitcoin Core version v27.0.0 (release build)
2025-10-21T21:58:40Z Script verification uses 7 additional threads
2025-10-21T21:58:40Z Using the 'arm_shani(1way,2way)' SHA256 implementation
2025-10-21T21:58:40Z Default data directory /home/bitcoin/.bitcoin
2025-10-21T21:58:40Z Using data directory /home/bitcoin/.bitcoin/regtest
2025-10-21T21:58:40Z Config file: /home/bitcoin/.bitcoin/bitcoin.conf
2025-10-21T21:58:40Z Config file arg: [regtest] fallbackfee="0.0002"
2025-10-21T21:58:40Z Config file arg: [regtest] maxmempool="500"
2025-10-21T21:58:40Z Config file arg: [regtest] reindex="1"
2025-10-21T21:58:40Z Config file arg: [regtest] rpcallowip="0.0.0.0/0"
2025-10-21T21:58:40Z Config file arg: [regtest] rpcbind="0.0.0.0"
2025-10-21T21:58:40Z Config file arg: [regtest] rpcpassword=****
2025-10-21T21:58:40Z Config file arg: [regtest] rpcuser=****
2025-10-21T21:58:40Z Config file arg: [regtest] server="1"
2025-10-21T21:58:40Z Command-line arg: connect="node26:18444"
2025-10-21T21:58:40Z Command-line arg: connect="node28:18444"
2025-10-21T21:58:40Z Command-line arg: datadir="/home/bitcoin/.bitcoin"
2025-10-21T21:58:40Z Command-line arg: discover="1"
2025-10-21T21:58:40Z Command-line arg: dnsseed="0"
2025-10-21T21:58:40Z Command-line arg: listen="1"
2025-10-21T21:58:40Z Command-line arg: maxconnections="64"
2025-10-21T21:58:40Z Command-line arg: printtoconsole="1"
2025-10-21T21:58:40Z Command-line arg: regtest="1"
2025-10-21T21:58:40Z Command-line arg: rpcallowip="0.0.0.0/0"
2025-10-21T21:58:40Z Command-line arg: rpcbind="0.0.0.0"
2025-10-21T21:58:40Z Command-line arg: rpcpassword=****
2025-10-21T21:58:40Z Command-line arg: rpcuser=****
2025-10-21T21:58:40Z Command-line arg: server="1"
2025-10-21T21:58:40Z Command-line arg: txindex="1"
2025-10-21T21:58:40Z Command-line arg: zmqpubhashblock="tcp://0.0.0.0:28332"
2025-10-21T21:58:40Z Command-line arg: zmqpubhashtx="tcp://0.0.0.0:28333"
2025-10-21T21:58:40Z Using at most 64 automatic connections (1048576 file descriptors available)
2025-10-21T21:58:40Z Using 16 MiB out of 16 MiB requested for signature cache, able to store 524288 elements
2025-10-21T21:58:40Z Using 16 MiB out of 16 MiB requested for script execution cache, able to store 524288 elements
2025-10-21T21:58:40Z scheduler thread start
2025-10-21T21:58:40Z Binding RPC on address 0.0.0.0 port 18443
2025-10-21T21:58:40Z WARNING: the RPC server is not safe to expose to untrusted networks such as the public internet
2025-10-21T21:58:40Z Binding RPC on address 0.0.0.0 port 18443
2025-10-21T21:58:40Z Binding RPC on address 0.0.0.0 port 18443 failed.
2025-10-21T21:58:40Z Config options rpcuser and rpcpassword will soon be deprecated. Locally-run instances may remove rpcuser to use cookie-based auth, or may be replaced with rpcauth. Please see share/rpcauth for rpcauth auth generation.
2025-10-21T21:58:40Z Starting HTTP server with 4 worker threads
2025-10-21T21:58:40Z Using wallet directory /home/bitcoin/.bitcoin/regtest/wallets
2025-10-21T21:58:40Z init message: Verifying wallet(s)…
2025-10-21T21:58:40Z Using /16 prefix for IP bucketing
2025-10-21T21:58:40Z init message: Loading P2P addresses…
2025-10-21T21:58:40Z Loaded 0 addresses from peers.dat  0ms
2025-10-21T21:58:40Z init message: Loading banlist…
2025-10-21T21:58:40Z SetNetworkActive: true
2025-10-21T21:58:40Z Script verification uses 7 additional threads
2025-10-21T21:58:40Z Cache configuration:
2025-10-21T21:58:40Z * Using 2.0 MiB for block index database
2025-10-21T21:58:40Z * Using 56.0 MiB for transaction index database
2025-10-21T21:58:40Z * Using 8.0 MiB for chain state database
2025-10-21T21:58:40Z * Using 384.0 MiB for in-memory UTXO set (plus up to 476.8 MiB of unused mempool space)
2025-10-21T21:58:40Z init message: Loading block index…
2025-10-21T21:58:40Z Validating signatures for all blocks.
2025-10-21T21:58:40Z Setting nMinimumChainWork=0000000000000000000000000000000000000000000000000000000000000000
2025-10-21T21:58:40Z Wiping LevelDB in /home/bitcoin/.bitcoin/regtest/blocks/index
2025-10-21T21:58:40Z Opening LevelDB in /home/bitcoin/.bitcoin/regtest/blocks/index
2025-10-21T21:58:40Z Opened LevelDB successfully
2025-10-21T21:58:40Z Using obfuscation key for /home/bitcoin/.bitcoin/regtest/blocks/index: 0000000000000000
2025-10-21T21:58:40Z Initializing databases...
2025-10-21T21:58:40Z Initializing chainstate Chainstate [ibd] @ height -1 (null)
2025-10-21T21:58:40Z Wiping LevelDB in /home/bitcoin/.bitcoin/regtest/chainstate
2025-10-21T21:58:40Z Opening LevelDB in /home/bitcoin/.bitcoin/regtest/chainstate
2025-10-21T21:58:40Z Opened LevelDB successfully
2025-10-21T21:58:40Z Wrote new obfuscate key for /home/bitcoin/.bitcoin/regtest/chainstate: 7e6f8a6097fee05b
2025-10-21T21:58:40Z Using obfuscation key for /home/bitcoin/.bitcoin/regtest/chainstate: 7e6f8a6097fee05b
2025-10-21T21:58:40Z Opening LevelDB in /home/bitcoin/.bitcoin/regtest/chainstate
2025-10-21T21:58:40Z Opened LevelDB successfully
2025-10-21T21:58:40Z Using obfuscation key for /home/bitcoin/.bitcoin/regtest/chainstate: 7e6f8a6097fee05b
2025-10-21T21:58:40Z [Chainstate [ibd] @ height -1 (null)] resized coinsdb cache to 8.0 MiB
2025-10-21T21:58:40Z [Chainstate [ibd] @ height -1 (null)] resized coinstip cache to 384.0 MiB
2025-10-21T21:58:40Z init message: Verifying blocks…
2025-10-21T21:58:40Z  block index              10ms
2025-10-21T21:58:40Z Wiping LevelDB in /home/bitcoin/.bitcoin/regtest/indexes/txindex
2025-10-21T21:58:40Z Opening LevelDB in /home/bitcoin/.bitcoin/regtest/indexes/txindex
2025-10-21T21:58:40Z Opened LevelDB successfully
2025-10-21T21:58:40Z Using obfuscation key for /home/bitcoin/.bitcoin/regtest/indexes/txindex: 0000000000000000
2025-10-21T21:58:40Z Setting NODE_NETWORK on non-prune mode
2025-10-21T21:58:40Z initload thread start
2025-10-21T21:58:40Z Reindexing block file blk00000.dat...
2025-10-21T21:58:40Z UpdateTip: new best=0f9188f13cb7b2c71f2a335e3a4fc328bf5beb436012afca590b1a11466e2206 height=0 version=0x00000001 log2_work=1.000000 tx=1 date='2011-02-02T23:16:42Z' progress=1.000000 cache=0.3MiB(0txo)
2025-10-21T21:58:40Z block tree size = 6
2025-10-21T21:58:40Z nBestHeight = 0
2025-10-21T21:58:40Z torcontrol thread start
2025-10-21T21:58:40Z Bound to 127.0.0.1:18445
2025-10-21T21:58:40Z Bound to [::]:18444
2025-10-21T21:58:40Z Bound to 0.0.0.0:18444
2025-10-21T21:58:40Z init message: Starting network threads…
2025-10-21T21:58:40Z DNS seeding disabled
2025-10-21T21:58:40Z net thread start
2025-10-21T21:58:40Z opencon thread start
2025-10-21T21:58:40Z addcon thread start
2025-10-21T21:58:40Z msghand thread start
2025-10-21T21:58:40Z init message: Done loading
2025-10-21T21:58:40Z Loaded 161 blocks from external file in 40ms
2025-10-21T21:58:40Z Reindexing finished
2025-10-21T21:58:40Z UpdateTip: new best=1ff79a002b696373009eb1c3eb75d7c47dd5a80a3a472711c2c782fc00c9ce95 height=1 version=0x20000000 log2_work=2.000000 tx=2 date='2025-10-21T21:48:17Z' progress=1.000000 cache=0.3MiB(1txo)
2025-10-21T21:58:40Z UpdateTip: new best=28244d417e34abfda22806a7a21f0363bf4afafc9ee7f408ed9cd306ebd87138 height=2 version=0x20000000 log2_work=2.584963 tx=3 date='2025-10-21T21:48:18Z' progress=1.000000 cache=0.3MiB(2txo)
2025-10-21T21:58:40Z UpdateTip: new best=456b36fbed23347681cdec041e97dbdf19096f643e72b4c08291e40689a3347a height=3 version=0x20000000 log2_work=3.000000 tx=4 date='2025-10-21T21:48:18Z' progress=1.000000 cache=0.3MiB(3txo)
2025-10-21T21:58:40Z UpdateTip: new best=0983d42c616cdac25145a49835a46eb4ba579b94100f98fa421cd2f493314d90 height=4 version=0x20000000 log2_work=3.321928 tx=5 date='2025-10-21T21:48:19Z' progress=1.000000 cache=0.3MiB(4txo)
2025-10-21T21:58:40Z UpdateTip: new best=1229a0c77adad5aacb1f8fa3c446d49448e29880d6f540cd1419f713b888b8d4 height=5 version=0x20000000 log2_work=3.584963 tx=6 date='2025-10-21T21:48:19Z' progress=1.000000 cache=0.3MiB(5txo)
2025-10-21T21:58:40Z UpdateTip: new best=2e7aa2871eb554a86a295a471bb3f4663251076c028a0828a594689abbd30c76 height=6 version=0x20000000 log2_work=3.807355 tx=7 date='2025-10-21T21:48:19Z' progress=1.000000 cache=0.3MiB(6txo)
2025-10-21T21:58:40Z UpdateTip: new best=2398a5d63eb9838989d76b2830355d62aac637038942785c6641a9f3b776e57b height=7 version=0x20000000 log2_work=4.000000 tx=8 date='2025-10-21T21:48:19Z' progress=1.000000 cache=0.3MiB(7txo)
2025-10-21T21:58:40Z UpdateTip: new best=233ddcc0d0dcd1b3c4e29cfee1248c8476ec79497cb15df3292d4e9cebde0124 height=8 version=0x20000000 log2_work=4.169925 tx=9 date='2025-10-21T21:48:20Z' progress=1.000000 cache=0.3MiB(8txo)
2025-10-21T21:58:40Z UpdateTip: new best=44f556ba4ce3e6bd0ae48375c77038d87df71c90b6c07f86a787cfbe9f4273f7 height=9 version=0x20000000 log2_work=4.321928 tx=10 date='2025-10-21T21:48:20Z' progress=1.000000 cache=0.3MiB(9txo)
2025-10-21T21:58:40Z UpdateTip: new best=6e4d0fd7279ee81c71084e42e34fa5da11e7f9cc220efaeb4d7b60ccf44ef3ae height=10 version=0x20000000 log2_work=4.459432 tx=11 date='2025-10-21T21:48:20Z' progress=1.000000 cache=0.3MiB(10txo)
2025-10-21T21:58:40Z UpdateTip: new best=37712bbc55be6f405cbca736ac013e0bfe8aaef14b978bef564eb4e040095b0a height=11 version=0x20000000 log2_work=4.584963 tx=12 date='2025-10-21T21:48:20Z' progress=1.000000 cache=0.3MiB(11txo)
2025-10-21T21:58:40Z UpdateTip: new best=7f5be8bb93f98b3a85025818a7235baebbfeaf109eb053bbb759a5044fe6991c height=12 version=0x20000000 log2_work=4.700440 tx=13 date='2025-10-21T21:48:20Z' progress=1.000000 cache=0.3MiB(12txo)
2025-10-21T21:58:40Z UpdateTip: new best=4fa8eab852728254c195840866653e764bfca4ff87b60562793844c4e43e6acb height=13 version=0x20000000 log2_work=4.807355 tx=14 date='2025-10-21T21:48:20Z' progress=1.000000 cache=0.3MiB(13txo)
2025-10-21T21:58:40Z UpdateTip: new best=5f1fb6aa94895ef9820e0fc31cdbf02f4af8e25607c85e4fe6dea141004eae60 height=14 version=0x20000000 log2_work=4.906891 tx=15 date='2025-10-21T21:48:21Z' progress=1.000000 cache=0.3MiB(14txo)
2025-10-21T21:58:40Z UpdateTip: new best=5b8dc911473323f2a99aba620b342f1e1818b3cd1342568af1deb04bfb7abf06 height=15 version=0x20000000 log2_work=5.000000 tx=16 date='2025-10-21T21:48:21Z' progress=1.000000 cache=0.3MiB(15txo)
2025-10-21T21:58:40Z UpdateTip: new best=757955a3a32d20c909d6bcbc78e628f3a85bef7d8f1a2150e5ae7cdbeda03e08 height=16 version=0x20000000 log2_work=5.087463 tx=17 date='2025-10-21T21:48:21Z' progress=1.000000 cache=0.3MiB(16txo)
2025-10-21T21:58:40Z UpdateTip: new best=5c7de52db16e4389b0bd58c40ff2ab976cb827048a1b8a7a04597986974b6b2b height=17 version=0x20000000 log2_work=5.169925 tx=18 date='2025-10-21T21:48:21Z' progress=1.000000 cache=0.3MiB(17txo)
2025-10-21T21:58:40Z UpdateTip: new best=060135e283590c2ef561f350a37116284124685687272bdd0413ce5b8f64ee9d height=18 version=0x20000000 log2_work=5.247928 tx=19 date='2025-10-21T21:48:21Z' progress=1.000000 cache=0.3MiB(18txo)
2025-10-21T21:58:40Z UpdateTip: new best=30ce3697b1abddb38223341e911890877d5bd3c6db0ed16b5299bc9cb8389f49 height=19 version=0x20000000 log2_work=5.321928 tx=20 date='2025-10-21T21:48:21Z' progress=1.000000 cache=0.3MiB(19txo)
2025-10-21T21:58:40Z UpdateTip: new best=7839ea55f94ad080742fc320fdae3228ed1109a699a606a40d8ff8def6a47a75 height=20 version=0x20000000 log2_work=5.392317 tx=21 date='2025-10-21T21:48:22Z' progress=1.000000 cache=0.3MiB(20txo)
2025-10-21T21:58:40Z UpdateTip: new best=23eb240be8c0ddf18ec6bc629bc9cd17426f1fa85ffa58f8aed8534404cb6590 height=21 version=0x20000000 log2_work=5.459432 tx=22 date='2025-10-21T21:48:22Z' progress=1.000000 cache=0.3MiB(21txo)
2025-10-21T21:58:40Z UpdateTip: new best=3fd93c16d298ca9bd4604a430d4d0afe684f169fc7ac97ddfbcbd70a14ab31e7 height=22 version=0x20000000 log2_work=5.523562 tx=23 date='2025-10-21T21:48:22Z' progress=1.000000 cache=0.3MiB(22txo)
2025-10-21T21:58:40Z UpdateTip: new best=068c4b8afef12653cb5e4fd5f4e509a297e3f6d0bd3b01c3438851e903a61723 height=23 version=0x20000000 log2_work=5.584963 tx=24 date='2025-10-21T21:48:22Z' progress=1.000000 cache=0.3MiB(23txo)
2025-10-21T21:58:40Z UpdateTip: new best=1c60f0bf8bcec05bbad928907e429c76d29936db9b7c12a2023111e07355139d height=24 version=0x20000000 log2_work=5.643856 tx=25 date='2025-10-21T21:48:22Z' progress=1.000000 cache=0.3MiB(24txo)
2025-10-21T21:58:40Z UpdateTip: new best=07a563f187ca42454e623efa758f5a8f9aaa8adeac5c5542a508a2b05f646860 height=25 version=0x20000000 log2_work=5.700440 tx=26 date='2025-10-21T21:48:22Z' progress=1.000000 cache=0.3MiB(25txo)
2025-10-21T21:58:40Z UpdateTip: new best=1e6e63c09220c826a84067a0d110a2d8c656d5d9ebd8d3eec7bf8f1c3455f510 height=26 version=0x20000000 log2_work=5.754888 tx=27 date='2025-10-21T21:48:23Z' progress=1.000000 cache=0.3MiB(26txo)
2025-10-21T21:58:40Z UpdateTip: new best=00effc625c45ffc0202647599c104714ad21fec8c89bba3645e4679c13991839 height=27 version=0x20000000 log2_work=5.807355 tx=28 date='2025-10-21T21:48:23Z' progress=1.000000 cache=0.3MiB(27txo)
2025-10-21T21:58:40Z UpdateTip: new best=7a518aef18160bcb1699d8cd3576a529f5a942cdbdd4b4d9c393567296ca179d height=28 version=0x20000000 log2_work=5.857981 tx=29 date='2025-10-21T21:48:23Z' progress=1.000000 cache=0.3MiB(28txo)
2025-10-21T21:58:40Z UpdateTip: new best=256ae7b913e69f78e23b9c25f93113056b095a66b8e306b8775ad0be8aec3974 height=29 version=0x20000000 log2_work=5.906891 tx=30 date='2025-10-21T21:48:23Z' progress=1.000000 cache=0.3MiB(29txo)
2025-10-21T21:58:40Z UpdateTip: new best=5accb719577dd0d99ffce6c9e2c9464e1a14c80ef3538a0faaeeb01f137cb267 height=30 version=0x20000000 log2_work=5.954196 tx=31 date='2025-10-21T21:48:23Z' progress=1.000000 cache=0.3MiB(30txo)
2025-10-21T21:58:40Z UpdateTip: new best=01702a404db09859ac77a5afa67038d68c0433a3d6a6cc2ba6975b09353f90f9 height=31 version=0x20000000 log2_work=6.000000 tx=32 date='2025-10-21T21:48:23Z' progress=1.000000 cache=0.3MiB(31txo)
2025-10-21T21:58:40Z UpdateTip: new best=45cf4f90c1716e90d2feea1efb7ce1c95002c4810d8f3bde15c954d76dd5cb86 height=32 version=0x20000000 log2_work=6.044394 tx=33 date='2025-10-21T21:48:24Z' progress=1.000000 cache=0.3MiB(32txo)
2025-10-21T21:58:40Z UpdateTip: new best=0bdebb6e57853b29fcc664d9830cb6dbe696aa227fd7f3f5f527f67e64af2219 height=33 version=0x20000000 log2_work=6.087463 tx=34 date='2025-10-21T21:48:24Z' progress=1.000000 cache=0.3MiB(33txo)
2025-10-21T21:58:40Z UpdateTip: new best=11ce5ce8f1e3203ad91450ae126712d981e54f74dccca050ec039d3a517bf48e height=34 version=0x20000000 log2_work=6.129283 tx=35 date='2025-10-21T21:48:24Z' progress=1.000000 cache=0.3MiB(34txo)
2025-10-21T21:58:40Z UpdateTip: new best=5f35061c9b89debf6c8d7ed67416b10db9928a53e6eddcf4115258225ef6c691 height=35 version=0x20000000 log2_work=6.169925 tx=36 date='2025-10-21T21:48:24Z' progress=1.000000 cache=0.3MiB(35txo)
2025-10-21T21:58:40Z UpdateTip: new best=34d5694b6556349982cbbad5be5ad74fc1b3a7acab978ae719f4bccc7cbd2526 height=36 version=0x20000000 log2_work=6.209453 tx=37 date='2025-10-21T21:48:24Z' progress=1.000000 cache=0.3MiB(36txo)
2025-10-21T21:58:40Z UpdateTip: new best=57f41942f76b286d7011ff1bd349224b53f665a7adc43b6f9dd3d24c7104a141 height=37 version=0x20000000 log2_work=6.247928 tx=38 date='2025-10-21T21:48:24Z' progress=1.000000 cache=0.3MiB(37txo)
2025-10-21T21:58:40Z UpdateTip: new best=7dd05d68f6c4821cef0a4473c2c1964bd893793dcead4bfcd03a26c0f95999aa height=38 version=0x20000000 log2_work=6.285402 tx=39 date='2025-10-21T21:48:25Z' progress=1.000000 cache=0.3MiB(38txo)
2025-10-21T21:58:40Z UpdateTip: new best=408e375c2be4a24b570de14cbf7d93dada4d3156312cc3cc57a14fd6133cb5e0 height=39 version=0x20000000 log2_work=6.321928 tx=40 date='2025-10-21T21:48:25Z' progress=1.000000 cache=0.3MiB(39txo)
2025-10-21T21:58:40Z UpdateTip: new best=2c62d2babd55d857317f86b245ab6dc42c6786deabe762efc2114b9ee298676a height=40 version=0x20000000 log2_work=6.357552 tx=41 date='2025-10-21T21:48:25Z' progress=1.000000 cache=0.3MiB(40txo)
2025-10-21T21:58:40Z UpdateTip: new best=708ecbeb648e223320feaa877f9b0f65b39ee8cc6f45a141356ccf8953600f96 height=41 version=0x20000000 log2_work=6.392317 tx=42 date='2025-10-21T21:48:25Z' progress=1.000000 cache=0.3MiB(41txo)
2025-10-21T21:58:40Z UpdateTip: new best=33a8a471cc723e4d4243d3c570daac94ee333faa3e0a99600d29dd42b4ee5049 height=42 version=0x20000000 log2_work=6.426265 tx=43 date='2025-10-21T21:48:25Z' progress=1.000000 cache=0.3MiB(42txo)
2025-10-21T21:58:40Z UpdateTip: new best=1cef3c0abef3249d80a018e03b3bad8c357f46e7c47aa5d118da95bbd69ea4b3 height=43 version=0x20000000 log2_work=6.459432 tx=44 date='2025-10-21T21:48:25Z' progress=1.000000 cache=0.3MiB(43txo)
2025-10-21T21:58:40Z UpdateTip: new best=6dccdad89e2e1aa719b36a3b8864bac66574f4f8336110164715859f0f58ef07 height=44 version=0x20000000 log2_work=6.491853 tx=45 date='2025-10-21T21:48:26Z' progress=1.000000 cache=0.3MiB(44txo)
2025-10-21T21:58:40Z UpdateTip: new best=7d8f874ce2462d303e407593981f3964aa31d295df87c658786abc3c4de7e5d7 height=45 version=0x20000000 log2_work=6.523562 tx=46 date='2025-10-21T21:48:26Z' progress=1.000000 cache=0.3MiB(45txo)
2025-10-21T21:58:40Z UpdateTip: new best=230d9f6f9c231c4971ce1dedb2e6c0281d84bdc672c50259d6fbb3497273c7f5 height=46 version=0x20000000 log2_work=6.554589 tx=47 date='2025-10-21T21:48:26Z' progress=1.000000 cache=0.3MiB(46txo)
2025-10-21T21:58:40Z UpdateTip: new best=4d0a95edd9ff7cc41ca0454810ba1a6faf527178e6041af37e89f0fb4ab24918 height=47 version=0x20000000 log2_work=6.584963 tx=48 date='2025-10-21T21:48:26Z' progress=1.000000 cache=0.3MiB(47txo)
2025-10-21T21:58:40Z UpdateTip: new best=143e99bb6b658d6fbb713fda34c965086221f66c07e7afee5f63dc53e5328459 height=48 version=0x20000000 log2_work=6.614710 tx=49 date='2025-10-21T21:48:26Z' progress=1.000000 cache=0.3MiB(48txo)
2025-10-21T21:58:40Z UpdateTip: new best=26f17c2840998bd97a08a9d21d6f2fa221f4702bf7e52529072fa658cd2c0edf height=49 version=0x20000000 log2_work=6.643856 tx=50 date='2025-10-21T21:48:26Z' progress=1.000000 cache=0.3MiB(49txo)
2025-10-21T21:58:40Z UpdateTip: new best=336a621fc8bf8f25af99aea4699e9cb69d0af8e55ee0d2fc1bc23dc052536c74 height=50 version=0x20000000 log2_work=6.672425 tx=51 date='2025-10-21T21:48:27Z' progress=1.000000 cache=0.3MiB(50txo)
2025-10-21T21:58:40Z UpdateTip: new best=15922caff3534082ec47ee6dc5d86a2a73901132166c48c1f6c8cbfef4d1ca80 height=51 version=0x20000000 log2_work=6.700440 tx=52 date='2025-10-21T21:48:27Z' progress=1.000000 cache=0.3MiB(51txo)
2025-10-21T21:58:40Z UpdateTip: new best=48c987a93591ca687bb32534d7bc25b487d49718076fb2a8a0e200de6c39de0f height=52 version=0x20000000 log2_work=6.727920 tx=53 date='2025-10-21T21:48:27Z' progress=1.000000 cache=0.3MiB(52txo)
2025-10-21T21:58:40Z UpdateTip: new best=6af3c9ceb758d99bf216492bff1c99e11b1d5e00501c8793164adb045b775e8d height=53 version=0x20000000 log2_work=6.754888 tx=54 date='2025-10-21T21:48:27Z' progress=1.000000 cache=0.3MiB(53txo)
2025-10-21T21:58:40Z UpdateTip: new best=00f8642f67f411734dbc302fc29b0f1111cc7509a111be8c1505b668ff0c9bde height=54 version=0x20000000 log2_work=6.781360 tx=55 date='2025-10-21T21:48:27Z' progress=1.000000 cache=0.3MiB(54txo)
2025-10-21T21:58:40Z UpdateTip: new best=3200a94ebde339bb0580f7130e721a834eb087c7249151abf521a2353dd050d0 height=55 version=0x20000000 log2_work=6.807355 tx=56 date='2025-10-21T21:48:27Z' progress=1.000000 cache=0.3MiB(55txo)
2025-10-21T21:58:40Z UpdateTip: new best=15c5cd004ee3c3dc450ada91651d38fe33d9febfd03c33b4b1e8b639e2f8c85d height=56 version=0x20000000 log2_work=6.832890 tx=57 date='2025-10-21T21:48:28Z' progress=1.000000 cache=0.3MiB(56txo)
2025-10-21T21:58:40Z UpdateTip: new best=3ebc04535bb86ec0abdb851fbbd8e61e21a6e62dceb5293df011b401953e7141 height=57 version=0x20000000 log2_work=6.857981 tx=58 date='2025-10-21T21:48:28Z' progress=1.000000 cache=0.3MiB(57txo)
2025-10-21T21:58:40Z UpdateTip: new best=65e9d2ef90542c2b545db32443b7d7e8481bfc33ffc9094b4c9ab530dfeef002 height=58 version=0x20000000 log2_work=6.882643 tx=59 date='2025-10-21T21:48:28Z' progress=1.000000 cache=0.3MiB(58txo)
2025-10-21T21:58:40Z UpdateTip: new best=5ec399f91f33eeb3a421c21738b3cd9f5b6dc9dac683a53eabe8ea9ff4bb6cb4 height=59 version=0x20000000 log2_work=6.906891 tx=60 date='2025-10-21T21:48:28Z' progress=1.000000 cache=0.3MiB(59txo)
2025-10-21T21:58:40Z UpdateTip: new best=560e865db79c5284add2dadf9a5537440820263b04697a603164d2fd6d124bee height=60 version=0x20000000 log2_work=6.930737 tx=61 date='2025-10-21T21:48:28Z' progress=1.000000 cache=0.3MiB(60txo)
2025-10-21T21:58:40Z UpdateTip: new best=65d264c28b259662243aa6956b4badcbf48e116e1bd89db376e9824d8000a263 height=61 version=0x20000000 log2_work=6.954196 tx=62 date='2025-10-21T21:48:28Z' progress=1.000000 cache=0.3MiB(61txo)
2025-10-21T21:58:40Z UpdateTip: new best=25a24b95e47970f6c9ce5221bf66d4a241fe86a2279bd51384ee2a972dd1f3b2 height=62 version=0x20000000 log2_work=6.977280 tx=63 date='2025-10-21T21:48:29Z' progress=1.000000 cache=0.3MiB(62txo)
2025-10-21T21:58:40Z UpdateTip: new best=3d705f1fc96c1e1ca14e0d9e938bb3ad14f61ec222b3bf1026dce5139ce47b87 height=63 version=0x20000000 log2_work=7.000000 tx=64 date='2025-10-21T21:48:29Z' progress=1.000000 cache=0.3MiB(63txo)
2025-10-21T21:58:40Z UpdateTip: new best=5e02c00f514994607a8f2a1b23cf25ac4c77d9f360c27d3e0f9381b97eadd3bc height=64 version=0x20000000 log2_work=7.022368 tx=65 date='2025-10-21T21:48:29Z' progress=1.000000 cache=0.3MiB(64txo)
2025-10-21T21:58:40Z UpdateTip: new best=6c2682e9b76ccd59c11468a67968c7764e5abc087ecbe0be2ec6110f7a065338 height=65 version=0x20000000 log2_work=7.044394 tx=66 date='2025-10-21T21:48:29Z' progress=1.000000 cache=0.3MiB(65txo)
2025-10-21T21:58:41Z UpdateTip: new best=2eb8a0c0fe4836895bd96ed1689e75525cd476777d263997b87a1d7fa577c3b3 height=66 version=0x20000000 log2_work=7.066089 tx=67 date='2025-10-21T21:48:29Z' progress=1.000000 cache=0.3MiB(66txo)
2025-10-21T21:58:41Z UpdateTip: new best=0836c21fe689e4edb562c38fde00220508c10715ceb1c999ab15466f69b8009a height=67 version=0x20000000 log2_work=7.087463 tx=68 date='2025-10-21T21:48:29Z' progress=1.000000 cache=0.3MiB(67txo)
2025-10-21T21:58:41Z UpdateTip: new best=63fc661ff92990e18c88e300fecd58a6712a3b0ad95268d1f3e04882bb8075f5 height=68 version=0x20000000 log2_work=7.108524 tx=69 date='2025-10-21T21:48:30Z' progress=1.000000 cache=0.3MiB(68txo)
2025-10-21T21:58:41Z UpdateTip: new best=6efd696e47d6a9613d3511aa71f10fb5e23b985e70207924763c1d8f922b6f76 height=69 version=0x20000000 log2_work=7.129283 tx=70 date='2025-10-21T21:48:30Z' progress=1.000000 cache=0.3MiB(69txo)
2025-10-21T21:58:41Z UpdateTip: new best=67d520c7e7ce37c430fb49018e686d65f87e667b8d0eae66b1784ea6567d350a height=70 version=0x20000000 log2_work=7.149747 tx=71 date='2025-10-21T21:48:30Z' progress=1.000000 cache=0.3MiB(70txo)
2025-10-21T21:58:41Z UpdateTip: new best=08b7be954ffc6a46b7c9a2f621954e97b565e0bde896cfac89be811668e1f33c height=71 version=0x20000000 log2_work=7.169925 tx=72 date='2025-10-21T21:48:30Z' progress=1.000000 cache=0.3MiB(71txo)
2025-10-21T21:58:41Z UpdateTip: new best=71280423409dc48f6987e9a863fdd7b6167fd99d56955d3d095c41a47d6b22be height=72 version=0x20000000 log2_work=7.189825 tx=73 date='2025-10-21T21:48:30Z' progress=1.000000 cache=0.3MiB(72txo)
2025-10-21T21:58:41Z UpdateTip: new best=395551a85bbac4d507e3774c026fac570df9cf69ef5747449fb2c0e896cd08a5 height=73 version=0x20000000 log2_work=7.209453 tx=74 date='2025-10-21T21:48:30Z' progress=1.000000 cache=0.3MiB(73txo)
2025-10-21T21:58:41Z UpdateTip: new best=23b94cc17f409c569d24e2cf2171d596f5f5ec5f85871a62100dcd2b109b31be height=74 version=0x20000000 log2_work=7.228819 tx=75 date='2025-10-21T21:48:31Z' progress=1.000000 cache=0.3MiB(74txo)
2025-10-21T21:58:41Z UpdateTip: new best=4f9d6ffa0c600dc8669d3882a434b3594cd97816341cd9d9e2ce75877ae6112b height=75 version=0x20000000 log2_work=7.247928 tx=76 date='2025-10-21T21:48:31Z' progress=1.000000 cache=0.3MiB(75txo)
2025-10-21T21:58:41Z UpdateTip: new best=6e3a0489ea3cbc30df156152cca090cc09cdabdb3154fc8ebfe06039849a3693 height=76 version=0x20000000 log2_work=7.266787 tx=77 date='2025-10-21T21:48:31Z' progress=1.000000 cache=0.3MiB(76txo)
2025-10-21T21:58:41Z UpdateTip: new best=6dceb87be115d1282aab0064b081cf2e09219a42c6d087954e27c42614644508 height=77 version=0x20000000 log2_work=7.285402 tx=78 date='2025-10-21T21:48:31Z' progress=1.000000 cache=0.3MiB(77txo)
2025-10-21T21:58:41Z UpdateTip: new best=77ed16b4b9cf9343981dccb9e8e0f0e852e791b06df4f13ac0a646202a4f7c13 height=78 version=0x20000000 log2_work=7.303781 tx=79 date='2025-10-21T21:48:31Z' progress=1.000000 cache=0.3MiB(78txo)
2025-10-21T21:58:41Z UpdateTip: new best=7098a3f083ec5c04b67e5914a2937634149297ae1ad1d01891f2368923890c60 height=79 version=0x20000000 log2_work=7.321928 tx=80 date='2025-10-21T21:48:31Z' progress=1.000000 cache=0.3MiB(79txo)
2025-10-21T21:58:41Z UpdateTip: new best=1bb51be485323b996ac86d74e907c443fb5418e032679b9ae871630f197c06b5 height=80 version=0x20000000 log2_work=7.339850 tx=81 date='2025-10-21T21:48:32Z' progress=1.000000 cache=0.3MiB(80txo)
2025-10-21T21:58:41Z UpdateTip: new best=4c9c60356284d384a5ef0fcbc876777909df3c4e086c4ebba7e33702f763b264 height=81 version=0x20000000 log2_work=7.357552 tx=82 date='2025-10-21T21:48:32Z' progress=1.000000 cache=0.3MiB(81txo)
2025-10-21T21:58:41Z UpdateTip: new best=22f6cb928f07ec6fc569d5f60ca449cf39ba18953862de2a7f1280aa0d17e8f0 height=82 version=0x20000000 log2_work=7.375039 tx=83 date='2025-10-21T21:48:32Z' progress=1.000000 cache=0.3MiB(82txo)
2025-10-21T21:58:41Z UpdateTip: new best=2d8a92b0af21bb6f0526125932ea5210a6270d5feb8b08a92680af54da5a4d2e height=83 version=0x20000000 log2_work=7.392317 tx=84 date='2025-10-21T21:48:32Z' progress=1.000000 cache=0.3MiB(83txo)
2025-10-21T21:58:41Z UpdateTip: new best=0e69dadd8d56e1346893a626360f2611faa531aa8f30bdf7e787b933868f1aea height=84 version=0x20000000 log2_work=7.409391 tx=85 date='2025-10-21T21:48:32Z' progress=1.000000 cache=0.3MiB(84txo)
2025-10-21T21:58:41Z UpdateTip: new best=303337b6189a4ca7436058c24b02097aae2449a764d9d8aae8050ce46545af89 height=85 version=0x20000000 log2_work=7.426265 tx=86 date='2025-10-21T21:48:32Z' progress=1.000000 cache=0.3MiB(85txo)
2025-10-21T21:58:41Z UpdateTip: new best=294c3c5d0aa182aca037f280882c92cd69a5ac0e04c2100aa09c7204721c1711 height=86 version=0x20000000 log2_work=7.442943 tx=87 date='2025-10-21T21:48:33Z' progress=1.000000 cache=0.3MiB(86txo)
2025-10-21T21:58:41Z UpdateTip: new best=2e53ca25dea3d90b2cf708a2d4583c3c95b27721c5d1d696d03a7351b42b79d5 height=87 version=0x20000000 log2_work=7.459432 tx=88 date='2025-10-21T21:48:33Z' progress=1.000000 cache=0.3MiB(87txo)
2025-10-21T21:58:41Z UpdateTip: new best=47ef7e5d452f1b253b5cb017d009ff54b29e829d1a9feae5c51a5fdcbb2a1956 height=88 version=0x20000000 log2_work=7.475733 tx=89 date='2025-10-21T21:48:33Z' progress=1.000000 cache=0.3MiB(88txo)
2025-10-21T21:58:41Z UpdateTip: new best=46a4b5303dde6d9d968513f473a7d37085f2a753201fe5d94702b541160e0267 height=89 version=0x20000000 log2_work=7.491853 tx=90 date='2025-10-21T21:48:33Z' progress=1.000000 cache=0.3MiB(89txo)
2025-10-21T21:58:41Z UpdateTip: new best=090cb4c1526322e25083e394a1d9e8e08fab13a79c68be469abf5dc568bc3aab height=90 version=0x20000000 log2_work=7.507795 tx=91 date='2025-10-21T21:48:33Z' progress=1.000000 cache=0.3MiB(90txo)
2025-10-21T21:58:41Z UpdateTip: new best=527e6c728f6f35f9f4c508b9a19e9300d0a7424d485f1b9ef5c24848830c94ed height=91 version=0x20000000 log2_work=7.523562 tx=92 date='2025-10-21T21:48:33Z' progress=1.000000 cache=0.3MiB(91txo)
2025-10-21T21:58:41Z UpdateTip: new best=0231fa49cc54d5f45dcd5de2824d20d9e23466d1bab414fc9da043bad799ae7a height=92 version=0x20000000 log2_work=7.539159 tx=93 date='2025-10-21T21:48:34Z' progress=1.000000 cache=0.3MiB(92txo)
2025-10-21T21:58:41Z UpdateTip: new best=6f798456b623e03f5f1d31e10c71b90b4b606e37ee65f209affcd24e2baa31f1 height=93 version=0x20000000 log2_work=7.554589 tx=94 date='2025-10-21T21:48:34Z' progress=1.000000 cache=0.3MiB(93txo)
2025-10-21T21:58:41Z UpdateTip: new best=2532d178a01385258bdf6937494286c0855b16bb53af88ec2bc57690270b7bbc height=94 version=0x20000000 log2_work=7.569856 tx=95 date='2025-10-21T21:48:34Z' progress=1.000000 cache=0.3MiB(94txo)
2025-10-21T21:58:41Z UpdateTip: new best=1a77a008ba90657215c5fe00b594566a4ccea727cdad24dacd53030966edc841 height=95 version=0x20000000 log2_work=7.584963 tx=96 date='2025-10-21T21:48:34Z' progress=1.000000 cache=0.3MiB(95txo)
2025-10-21T21:58:41Z UpdateTip: new best=7373c9f31a609ecc2e708e603173d5c21ba9b9ab7f61fe4e24cc5ecdaf418aee height=96 version=0x20000000 log2_work=7.599913 tx=97 date='2025-10-21T21:48:34Z' progress=1.000000 cache=0.3MiB(96txo)
2025-10-21T21:58:41Z UpdateTip: new best=5ea797328deb512a95e503b9aadea6be91c9b5271bb5c481feab555a1dc39a4c height=97 version=0x20000000 log2_work=7.614710 tx=98 date='2025-10-21T21:48:34Z' progress=1.000000 cache=0.3MiB(97txo)
2025-10-21T21:58:41Z UpdateTip: new best=645f43a232fcaf5f9d455f6ae218bfbf028b29a2d8b3198632e785998ad9b84d height=98 version=0x20000000 log2_work=7.629357 tx=99 date='2025-10-21T21:48:35Z' progress=1.000000 cache=0.3MiB(98txo)
2025-10-21T21:58:41Z UpdateTip: new best=599b38f40b10008bf34f183e02bcd4c62b3673e8950891deba98abb7fb3ceca4 height=99 version=0x20000000 log2_work=7.643856 tx=100 date='2025-10-21T21:48:35Z' progress=1.000000 cache=0.3MiB(99txo)
2025-10-21T21:58:41Z UpdateTip: new best=0a9101dd47f18d5c64b6e9fb846cd9a4ace6a29bb38d3d0b109b96c0f2667500 height=100 version=0x20000000 log2_work=7.658211 tx=101 date='2025-10-21T21:48:35Z' progress=1.000000 cache=0.3MiB(100txo)
2025-10-21T21:58:41Z UpdateTip: new best=13bf4b6716f02ba0558780d8ad5c105ca51c3d118366b13798546b6b632ef532 height=101 version=0x20000000 log2_work=7.672425 tx=102 date='2025-10-21T21:48:35Z' progress=1.000000 cache=0.3MiB(101txo)
2025-10-21T21:58:41Z UpdateTip: new best=5d39237f4953144a609293221c602c3a065628cf94db08fe9672263d6f6b9cc0 height=102 version=0x20000000 log2_work=7.686501 tx=128 date='2025-10-21T21:48:35Z' progress=1.000000 cache=0.3MiB(109txo)
2025-10-21T21:58:41Z UpdateTip: new best=14e47b7c55f48e58900f8cba55c572724bc354b6b1568137533b690c8f012f35 height=103 version=0x20000000 log2_work=7.700440 tx=164 date='2025-10-21T21:48:35Z' progress=1.000000 cache=0.3MiB(114txo)
2025-10-21T21:58:41Z UpdateTip: new best=751e643c15ae6b9a339ddfe8bab8cc65413e5883b30fca6617408e532099674e height=104 version=0x20000000 log2_work=7.714246 tx=197 date='2025-10-21T21:48:36Z' progress=1.000000 cache=0.3MiB(117txo)
2025-10-21T21:58:41Z UpdateTip: new best=27f8a772a53d20eda88d62c4e37193a980e0d3ff2e98df223f1beaf2eafcbb23 height=105 version=0x20000000 log2_work=7.727920 tx=231 date='2025-10-21T21:48:43Z' progress=1.000000 cache=0.3MiB(120txo)
2025-10-21T21:58:41Z UpdateTip: new best=361638e19eafc89b57c044292b220e9668720f3b866cb0d4fcd76d40472edbf0 height=106 version=0x20000000 log2_work=7.741467 tx=272 date='2025-10-21T21:48:50Z' progress=1.000000 cache=0.3MiB(123txo)
2025-10-21T21:58:41Z UpdateTip: new best=44c7a7e7da31210293398c1f6d104323103153bfc374500c4626a69d5ab00e95 height=107 version=0x20000000 log2_work=7.754888 tx=309 date='2025-10-21T21:48:56Z' progress=1.000000 cache=0.3MiB(128txo)
2025-10-21T21:58:41Z UpdateTip: new best=106400a77be9c398a15e090a62e521bb74cc308f18d44b73b8592c17feb81055 height=108 version=0x20000000 log2_work=7.768184 tx=348 date='2025-10-21T21:49:01Z' progress=1.000000 cache=0.3MiB(138txo)
2025-10-21T21:58:41Z UpdateTip: new best=37b1b6475eadbe2411d156e95c7d50381b5c55da339e2e3c8b17627216b97aa1 height=109 version=0x20000000 log2_work=7.781360 tx=385 date='2025-10-21T21:49:06Z' progress=1.000000 cache=0.3MiB(140txo)
2025-10-21T21:58:41Z UpdateTip: new best=22a527a11d75d8f1a4ddb0ddf7953b8595ba9f8ac034b97975b109635b39fe75 height=110 version=0x20000000 log2_work=7.794416 tx=423 date='2025-10-21T21:49:11Z' progress=1.000000 cache=0.3MiB(142txo)
2025-10-21T21:58:41Z UpdateTip: new best=4c6d533f6c32ad435de29fe7e7898a9953b91d10f73c25f36d8a265dc799e315 height=111 version=0x20000000 log2_work=7.807355 tx=467 date='2025-10-21T21:49:16Z' progress=1.000000 cache=0.3MiB(142txo)
2025-10-21T21:58:41Z UpdateTip: new best=24f6d168357f8e203164ff2e3f42c7a29b83d15a20715a08b435c8041212b60a height=112 version=0x20000000 log2_work=7.820179 tx=504 date='2025-10-21T21:49:21Z' progress=1.000000 cache=0.3MiB(153txo)
2025-10-21T21:58:41Z UpdateTip: new best=5c575d7bb53fa13c666d1fee0dbf3356904fe2d3231360839cfba075baab18d0 height=113 version=0x20000000 log2_work=7.832890 tx=543 date='2025-10-21T21:49:26Z' progress=1.000000 cache=0.3MiB(153txo)
2025-10-21T21:58:41Z UpdateTip: new best=7a61ae306ddb79c134bf2a0f11610b4a608ce4afd6564203b392c03705b11bd2 height=114 version=0x20000000 log2_work=7.845490 tx=585 date='2025-10-21T21:49:32Z' progress=1.000000 cache=0.3MiB(157txo)
2025-10-21T21:58:41Z UpdateTip: new best=0e2d4f23a374469015516079fc944b78986cb7e4b9862d28b965093c12d6bbf5 height=115 version=0x20000000 log2_work=7.857981 tx=628 date='2025-10-21T21:49:37Z' progress=1.000000 cache=0.3MiB(158txo)
2025-10-21T21:58:41Z UpdateTip: new best=0549dc4c5b4d539f2e5908bad7dc0ae418ab960541c5fa1229d3c8d0b80d96de height=116 version=0x20000000 log2_work=7.870365 tx=671 date='2025-10-21T21:49:42Z' progress=1.000000 cache=0.3MiB(164txo)
2025-10-21T21:58:41Z UpdateTip: new best=733a43a3460012cd57b71ac5f43d00b72a6653348f23e3e6f2e5b11f4ec6e1e4 height=117 version=0x20000000 log2_work=7.882643 tx=715 date='2025-10-21T21:49:47Z' progress=1.000000 cache=0.3MiB(172txo)
2025-10-21T21:58:41Z UpdateTip: new best=1537f31b3362ce61e0ba6c94ec7547f8321e9c419caa0fa2472a877be283ca46 height=118 version=0x20000000 log2_work=7.894818 tx=749 date='2025-10-21T21:49:52Z' progress=1.000000 cache=0.3MiB(167txo)
2025-10-21T21:58:41Z UpdateTip: new best=0e20762520e6ed755095eda0720596b7f05a19bd7f706ba3f8c850121cdd3612 height=119 version=0x20000000 log2_work=7.906891 tx=790 date='2025-10-21T21:49:57Z' progress=1.000000 cache=0.3MiB(171txo)
2025-10-21T21:58:41Z UpdateTip: new best=00bf7f257343c15ed0d4e283b61f1e64d14c3614a2597bb821e3e389905d3247 height=120 version=0x20000000 log2_work=7.918863 tx=832 date='2025-10-21T21:50:02Z' progress=1.000000 cache=0.3MiB(177txo)
2025-10-21T21:58:41Z UpdateTip: new best=1677a49e5d197e84dc5c71ce4b9381ba220e4d877ee94c1b55fdf64b0e160fe0 height=121 version=0x20000000 log2_work=7.930737 tx=874 date='2025-10-21T21:50:07Z' progress=1.000000 cache=0.3MiB(180txo)
2025-10-21T21:58:41Z UpdateTip: new best=3983f7c1bb14983409c72ae1079e2824a1472a23e6aa0571a0a5d3d847f6d122 height=122 version=0x20000000 log2_work=7.942515 tx=917 date='2025-10-21T21:50:12Z' progress=1.000000 cache=0.3MiB(187txo)
2025-10-21T21:58:41Z UpdateTip: new best=4eaa0e37d0d23cf352f879c5756c752bdb8270091001ab4d80fc0627f9f0b101 height=123 version=0x20000000 log2_work=7.954196 tx=960 date='2025-10-21T21:50:17Z' progress=1.000000 cache=0.3MiB(186txo)
2025-10-21T21:58:41Z UpdateTip: new best=46d1c5d4ce29ae8244694c852075269a90dfdcd5bb90cbe47e5dc7babdc5ffac height=124 version=0x20000000 log2_work=7.965784 tx=1002 date='2025-10-21T21:50:22Z' progress=1.000000 cache=0.3MiB(187txo)
2025-10-21T21:58:41Z UpdateTip: new best=534bd7fa8813e441cc08912edc00274d2d84605826ba1a41fb8fbfcefb61b04e height=125 version=0x20000000 log2_work=7.977280 tx=1043 date='2025-10-21T21:50:27Z' progress=1.000000 cache=0.3MiB(189txo)
2025-10-21T21:58:41Z UpdateTip: new best=19666b5b5b541a5719e4d00a67e1b0d77171e014e314fc02647614a24fa390f3 height=126 version=0x20000000 log2_work=7.988685 tx=1085 date='2025-10-21T21:50:32Z' progress=1.000000 cache=0.3MiB(195txo)
2025-10-21T21:58:41Z UpdateTip: new best=117024796ae0c76dfab6f318215ce820bcd1ab4da9d733f1fb940635ce6093a7 height=127 version=0x20000000 log2_work=8.000000 tx=1126 date='2025-10-21T21:50:37Z' progress=1.000000 cache=0.3MiB(199txo)
2025-10-21T21:58:41Z UpdateTip: new best=6f87a0c4f08fdc75bbafee2103758c2f77f30e66e87da5cb17380ee0ef9966f5 height=128 version=0x20000000 log2_work=8.011227 tx=1169 date='2025-10-21T21:50:43Z' progress=1.000000 cache=0.3MiB(196txo)
2025-10-21T21:58:41Z UpdateTip: new best=5b4799c1bf51e2e748b0183f06793f43ee2ac49dbd59e0738845c32768172e94 height=129 version=0x20000000 log2_work=8.022368 tx=1211 date='2025-10-21T21:50:48Z' progress=1.000000 cache=0.3MiB(198txo)
2025-10-21T21:58:41Z UpdateTip: new best=641cc4877744c77dbe0b37aac7e78afd23cc5bfb7d092599bd4c2490911d3573 height=130 version=0x20000000 log2_work=8.033423 tx=1253 date='2025-10-21T21:50:53Z' progress=1.000000 cache=0.3MiB(208txo)
2025-10-21T21:58:41Z UpdateTip: new best=2265d77bca3a480fb575a2c286b856308b9f0a4e608c1cef010a1b418e539a04 height=131 version=0x20000000 log2_work=8.044394 tx=1295 date='2025-10-21T21:50:58Z' progress=1.000000 cache=0.3MiB(205txo)
2025-10-21T21:58:41Z UpdateTip: new best=1b71a84e5167113f554790bcd5a8d669a9172b376b7e7dd9d00679fc52ba54e3 height=132 version=0x20000000 log2_work=8.055282 tx=1337 date='2025-10-21T21:51:03Z' progress=1.000000 cache=0.3MiB(211txo)
2025-10-21T21:58:41Z UpdateTip: new best=46f8f3b9ba91cfa98b431096b9e979cea743c9eb72c3e9221ef362b1c91ee1d7 height=133 version=0x20000000 log2_work=8.066089 tx=1378 date='2025-10-21T21:51:08Z' progress=1.000000 cache=0.3MiB(218txo)
2025-10-21T21:58:41Z UpdateTip: new best=0884d6dd16959180db67936edf3a98e204ef36eae31c1f7d7846c367237304d5 height=134 version=0x20000000 log2_work=8.076816 tx=1421 date='2025-10-21T21:51:13Z' progress=1.000000 cache=0.3MiB(222txo)
2025-10-21T21:58:41Z UpdateTip: new best=0496d3ca21a7e23bdc1a72117cf0ccdee937d7e23320c09b0e288dc4c57b5185 height=135 version=0x20000000 log2_work=8.087463 tx=1464 date='2025-10-21T21:51:18Z' progress=1.000000 cache=0.3MiB(223txo)
2025-10-21T21:58:41Z UpdateTip: new best=19281b7ce2add8e2474c00fda18f3bdea2c5738e49d1cefcb1a53d5ebe0627f6 height=136 version=0x20000000 log2_work=8.098032 tx=1505 date='2025-10-21T21:51:23Z' progress=1.000000 cache=0.3MiB(231txo)
2025-10-21T21:58:41Z UpdateTip: new best=32b6c6678b87932cfbb7be66c1f5bf8427481bbab222b455c8d72d6d5fa9fe38 height=137 version=0x20000000 log2_work=8.108524 tx=1545 date='2025-10-21T21:51:28Z' progress=1.000000 cache=0.3MiB(239txo)
2025-10-21T21:58:41Z New manual v2 peer connected: version: 70016, blocks=160, peer=0
2025-10-21T21:58:41Z UpdateTip: new best=35256d6f22ef4ddc951bbd9e9284c74c2ef1e09b6622e3d7b322129aeda4814e height=138 version=0x20000000 log2_work=8.118941 tx=1587 date='2025-10-21T21:51:33Z' progress=1.000000 cache=0.3MiB(235txo)
2025-10-21T21:58:41Z UpdateTip: new best=3c0d9d20a14d529ccf5248fbb79d8b12ec99b0bae250c2929784f767846faa30 height=139 version=0x20000000 log2_work=8.129283 tx=1628 date='2025-10-21T21:51:38Z' progress=1.000000 cache=0.3MiB(244txo)
2025-10-21T21:58:41Z UpdateTip: new best=7f36fad13861b2a56a95dfda194dcffaaa707dc797ff4cdedcf9983ae91cde27 height=140 version=0x20000000 log2_work=8.139551 tx=1670 date='2025-10-21T21:51:44Z' progress=1.000000 cache=0.3MiB(245txo)
2025-10-21T21:58:41Z UpdateTip: new best=315a2ce1cb9108d1841d37f986ffc76d9f8f00eff98d74dccfe11f92168aef62 height=141 version=0x20000000 log2_work=8.149747 tx=1712 date='2025-10-21T21:51:49Z' progress=1.000000 cache=0.3MiB(249txo)
2025-10-21T21:58:41Z UpdateTip: new best=667d6908a4287b1d0d0c9516378e99e5f10ecbcc8d11b8a308f30992678e7e56 height=142 version=0x20000000 log2_work=8.159871 tx=1753 date='2025-10-21T21:51:54Z' progress=1.000000 cache=0.3MiB(265txo)
2025-10-21T21:58:41Z UpdateTip: new best=121b84aae64df4dff2092f75b1070ef75e5dee6fcf2fcc79057d7d9b26e353d6 height=143 version=0x20000000 log2_work=8.169925 tx=1793 date='2025-10-21T21:51:59Z' progress=1.000000 cache=0.3MiB(274txo)
2025-10-21T21:58:41Z UpdateTip: new best=2d961c1db32b0cdb500d2aa5bf6a6e5a7d6dae92f7f1a6715b382b2a0c581740 height=144 version=0x30000000 log2_work=8.179909 tx=1834 date='2025-10-21T21:52:04Z' progress=1.000000 cache=0.3MiB(278txo)
2025-10-21T21:58:41Z UpdateTip: new best=35a0e25bd7a5dd9a6657a28c86d725285072a5f9daa4cb5ad45c180d847c2eb3 height=145 version=0x30000000 log2_work=8.189825 tx=1875 date='2025-10-21T21:52:09Z' progress=1.000000 cache=0.3MiB(279txo)
2025-10-21T21:58:41Z UpdateTip: new best=70d6a5909a6b015ec31a58e6155b3ae4e035e99b9d95cfcefafb684096b53674 height=146 version=0x30000000 log2_work=8.199672 tx=1916 date='2025-10-21T21:52:14Z' progress=1.000000 cache=0.3MiB(273txo)
2025-10-21T21:58:41Z UpdateTip: new best=380f86fc2d45398c46f05bb9fe1ce2e67d52b7b525a8388b701fbf9ef253d39a height=147 version=0x30000000 log2_work=8.209453 tx=1958 date='2025-10-21T21:52:19Z' progress=1.000000 cache=0.3MiB(281txo)
2025-10-21T21:58:41Z UpdateTip: new best=51530f7c99076ba998575757fc97dbb30fdec672b94697b24ae1a2b31a9fdd33 height=148 version=0x30000000 log2_work=8.219169 tx=1999 date='2025-10-21T21:52:24Z' progress=1.000000 cache=0.3MiB(282txo)
2025-10-21T21:58:41Z UpdateTip: new best=2faf121c25cb4eaf83eccd9a457b566f5c94cf72c800dfc5c1e87e12de5a6cad height=149 version=0x30000000 log2_work=8.228819 tx=2040 date='2025-10-21T21:52:29Z' progress=1.000000 cache=0.3MiB(292txo)
2025-10-21T21:58:41Z UpdateTip: new best=0567d261ac06c8b6571e81d9b3293b79b933d10ace68c9f45d3d20eac94784df height=150 version=0x30000000 log2_work=8.238405 tx=2080 date='2025-10-21T21:52:34Z' progress=1.000000 cache=0.3MiB(298txo)
2025-10-21T21:58:41Z UpdateTip: new best=66e52c7130db3096008af61ebf11c999708b62cc78044bb85380a95eef5243c2 height=151 version=0x30000000 log2_work=8.247928 tx=2121 date='2025-10-21T21:52:39Z' progress=1.000000 cache=0.3MiB(308txo)
2025-10-21T21:58:41Z UpdateTip: new best=151d515410047c26492863c97803770ef9308aabab9061205cebddef4ce5bb09 height=152 version=0x30000000 log2_work=8.257388 tx=2161 date='2025-10-21T21:52:44Z' progress=1.000000 cache=0.3MiB(318txo)
2025-10-21T21:58:41Z UpdateTip: new best=53c6d821ed79657ed75a6958d2b2a2c62ce14d784ed55d0fdd5831b0652c75e9 height=153 version=0x30000000 log2_work=8.266787 tx=2202 date='2025-10-21T21:52:49Z' progress=1.000000 cache=0.3MiB(308txo)
2025-10-21T21:58:41Z UpdateTip: new best=08714a13a924f012f664a6450e493bdeee55ee22f7ee75df6f5ddaaf6368043e height=154 version=0x30000000 log2_work=8.276124 tx=2243 date='2025-10-21T21:52:54Z' progress=1.000000 cache=0.3MiB(304txo)
2025-10-21T21:58:41Z UpdateTip: new best=3e27ad2eeb9c8aec508bd997ad2569a276f6cb0eb5c730a6e3dd4fbd70f47639 height=155 version=0x30000000 log2_work=8.285402 tx=2284 date='2025-10-21T21:53:00Z' progress=1.000000 cache=0.3MiB(314txo)
2025-10-21T21:58:41Z UpdateTip: new best=42c854018be1fa8460f99779bfafedcc292077b6b5aea402816fc6127dfa7c81 height=156 version=0x30000000 log2_work=8.294621 tx=2324 date='2025-10-21T21:53:05Z' progress=1.000000 cache=0.3MiB(325txo)
2025-10-21T21:58:41Z UpdateTip: new best=205d906fb9ea0daab9d205bbf596f4869238e8cce09d168c30849761cbc7de4f height=157 version=0x30000000 log2_work=8.303781 tx=2365 date='2025-10-21T21:53:10Z' progress=1.000000 cache=0.3MiB(337txo)
2025-10-21T21:58:41Z UpdateTip: new best=4c2fa9ff987923e195d896269333205d361702c9b70e58eef4078f0b1aeaa3ba height=158 version=0x30000000 log2_work=8.312883 tx=2407 date='2025-10-21T21:53:15Z' progress=1.000000 cache=0.3MiB(345txo)
2025-10-21T21:58:41Z UpdateTip: new best=71321d56cde2640bf492e21eff0b32383f21b0a096915d69f7daaa5c58392737 height=159 version=0x30000000 log2_work=8.321928 tx=2442 date='2025-10-21T21:53:20Z' progress=1.000000 cache=0.3MiB(356txo)
2025-10-21T21:58:41Z UpdateTip: new best=59115cb57a08ddff60bfb55969273e8d555e7557391e6347d8d709c44346b188 height=160 version=0x30000000 log2_work=8.330917 tx=2451 date='2025-10-21T21:53:26Z' progress=1.000000 cache=0.3MiB(362txo)
2025-10-21T21:58:41Z Loading 0 mempool transactions from disk...
2025-10-21T21:58:41Z Imported mempool transactions from disk: 0 succeeded, 0 failed, 0 expired, 0 already there, 0 waiting for initial broadcast
2025-10-21T21:58:41Z initload thread exit
2025-10-21T21:58:41Z txindex thread start
2025-10-21T21:58:41Z txindex is enabled at height 158
2025-10-21T21:58:41Z txindex thread exit
2025-10-21T21:58:41Z Leaving InitialBlockDownload (latching to false)
2025-10-21T21:58:43Z New manual v2 peer connected: version: 70016, blocks=149, peer=2
2025-10-21T22:00:45Z Saw new header hash=5104faae434533cc21b9fbb54d111f910a919ccbda8016a27fe55fde21e26700 height=161
2025-10-21T22:00:45Z Saw new header hash=09a57f4bb9427ee1993c8b36c588b95729e4342951ebf9df52e8a066a07c0320 height=162
2025-10-21T22:00:45Z Saw new header hash=2c76868735370df84a8d02157c6cb0b5c9b87c186995f237e3ef125202d6f958 height=163
2025-10-21T22:00:45Z Saw new header hash=6db9713fe9a24db020b7e8d24865e0b94e332a0e0d9ff13d610a4fd86d4406d7 height=164
2025-10-21T22:00:45Z Saw new header hash=3154a5013ec69a82a1f60d517e8ae3e9bc7b89ede70f5b09e4157b2334daf35c height=165
2025-10-21T22:00:45Z Saw new header hash=0e20ffcebbb49a38cf57d72d77a5a4380c2de9930c80afeab5be7e1efff20052 height=166
2025-10-21T22:00:45Z Saw new header hash=2972c35c4e7e6587fbfa529de9e5acb62fba579491a09459d3c9f2befeda85ff height=167
2025-10-21T22:00:45Z Saw new header hash=160ccf4a1af12f6a13be86280999dc69797c4c39f8f753087b7dcd4ca175a00b height=168
2025-10-21T22:00:45Z Saw new header hash=0db994d3c453261be3f881e1343a752c2a5df2515e43b783ea99687b2241c87b height=169
2025-10-21T22:00:45Z Saw new header hash=238f302db1d23ba900475c514e733df0cd1290e2f22c7a3da89d413799999b58 height=170
2025-10-21T22:00:45Z Saw new header hash=39471d58c43a5cc0c0e92ad750215979b7bedac3d878768f08dcbfee89400b24 height=171
2025-10-21T22:00:45Z Saw new header hash=14a8cc75d3dfe2ee00a97020e357d58e7aeb39ac34aa9e2749c8b65230687e79 height=172
2025-10-21T22:00:45Z Saw new header hash=63a0fea84ba8c0f150ad40ca9d29373390f1deff58a37162c05979e34d5fbe52 height=173
2025-10-21T22:00:45Z Saw new header hash=34ffc5436c34e8eb8ff95f25008b5ad0c51299cf42de7ac197a0d42563e15656 height=174
2025-10-21T22:00:45Z Saw new header hash=0546b52bfb5dede8b26eb90cbee9da146b123848d30ec32e121aad5b3663e0bd height=175
2025-10-21T22:00:45Z Saw new header hash=6908b54f0e24b2b842acf54630688dcb6006b2acd7f5eeee0027ca44f2a3305f height=176
2025-10-21T22:00:45Z Saw new header hash=1d4540f531f65d42da99b384fe086e75807df4fc05b90004e7925283d6f58980 height=177
2025-10-21T22:00:45Z Saw new header hash=26151d339e0a65d8c9d9e2583a5747c63570d14e820fb77d93def12326bea94a height=178
2025-10-21T22:00:45Z Saw new header hash=6fec90add8acd50f905db532b06fd194f515fa7e4356c40db8379125728069f1 height=179
2025-10-21T22:00:45Z Saw new header hash=1003c5e74ed01c4c4d16517440ad5961eba081bd0c886b8ccfb81a170f363778 height=180
2025-10-21T22:00:45Z Saw new header hash=275943bb853e74fd06655a482998cad909dcbfa0c038ab3478e9b0c454e17dab height=181
2025-10-21T22:00:45Z Saw new header hash=7e6d8dda483ae58a7c7e16ce4d8a5654ce2506cdce96dd8de7bf200c6c85d6b7 height=182
2025-10-21T22:00:45Z Saw new header hash=029296fdaa8f8e9b26ed243c059edaad7219093f260697a1bb2cbf437d78558d height=183
2025-10-21T22:00:45Z Saw new header hash=3303725bea8a18aed83b8bf7dc57957931bad6623eecbd32b8a2115257afcb1c height=184
2025-10-21T22:00:45Z Saw new header hash=009f8740a5938b2f9d3d1046efd385e9a31c8138818ef475944dc15792950a7d height=185
2025-10-21T22:00:45Z Saw new header hash=162a4c0398d73834eac74c27caf7b0fad851c6617feabf957ef5ffb39168c4af height=186
2025-10-21T22:00:45Z Saw new header hash=2a7eb14697c226ee5d8698fa18f71e6d23d3c6735495207aae7941e645a0d82d height=187
2025-10-21T22:00:45Z Saw new header hash=2b901993efa4164ed149bdc03cd7b5241d47ebce18e099d3a80974041e71ef86 height=188
2025-10-21T22:00:45Z Saw new header hash=1ae923df3fc5d289727ed8e9502e0930d653f55c7b976de0e520d6912082bf3c height=189
2025-10-21T22:00:45Z Saw new header hash=191c694d5b3fc80ce6ec5bf8a794af1231836bffa549719b522a2cecdfb2f170 height=190
2025-10-21T22:00:45Z Saw new header hash=67bdb7903bc4078a1f40b463358cfdb230cb8a05df9ebed8430242fc65570871 height=191
2025-10-21T22:00:45Z Saw new header hash=00850d196253cf87a0b239b548e0c3115b93a361a21e02da83b089a40466f83d height=192
2025-10-21T22:00:45Z Saw new header hash=0a965ffd53e1256dffdbc60232231e70f077fcc3e12903be2a3454a987dfe88b height=193
2025-10-21T22:00:45Z Saw new header hash=790f4886825315b8783b1882dead217385f87b9794c8c69c506ee57692cff6ee height=194
2025-10-21T22:00:45Z Saw new header hash=08bfa427e278bb319b660de04555115a4e311a7b6c44528667721a59ecd83c77 height=195
2025-10-21T22:00:45Z Saw new header hash=039120288c69dc5a24949622a2cd7a284e86c3bc93e7e0610af31fc1cbe1319c height=196
2025-10-21T22:00:45Z Saw new header hash=1eaf4ac5dd1d9313bd1555868a5db06c0bab75d765e510d2f96e7acd6f3c12c2 height=197
2025-10-21T22:00:45Z Saw new header hash=55d93449523872a854f58ab691a03b33d7bb0a263c9a9bfcea23273c90c95ac3 height=198
2025-10-21T22:00:45Z Saw new header hash=43b64e11d420ce1996d999023c796fc2f92c7f212d07657754675b57834d0ac2 height=199
2025-10-21T22:00:45Z Saw new header hash=58947800fd93aa35a5926629d2ba9128aeedbc1f897b9b3a347ab72d7ba8517c height=200
2025-10-21T22:00:45Z Saw new header hash=5c77ebe9a87844b2a7c488a82be506066eb8791e2e05c4f1a74975ee991d5331 height=201
2025-10-21T22:00:45Z Saw new header hash=1d1f82a67c7e4a137786ca54e0507ea55f7b47c7c478be38faa1b905a18e87d3 height=202
2025-10-21T22:00:45Z Saw new header hash=43ef07fdc8f2a3259f872c5f24035b92af0956ea29d9db6779aebfef6bdea836 height=203
2025-10-21T22:00:45Z Saw new header hash=1f8765104f0df24396d901b3f734cec6dd34fc66f149f7a0c3946bbbc5c249f2 height=204
2025-10-21T22:00:45Z Saw new header hash=0d780c28e7a5e7032dde79005ae4f67182bc65d0bbf1f6dfd56bc765111e36c5 height=205
2025-10-21T22:00:45Z Saw new header hash=49c2c91cbdf06ef6adb9ccbef9ad3a721ae2d17a0bb769047f0cdc99ac4f8bf0 height=206
2025-10-21T22:00:45Z Saw new header hash=256f1aa01f89f597bddbee23cb1a842361f61afbce9cc4e04f260f0d25f9d805 height=207
2025-10-21T22:00:45Z Saw new header hash=09d59f7ad9a05645d1075a6fb7e27a5230bd08ec51470bdb81c09c29f72f75b8 height=208
2025-10-21T22:00:45Z Saw new header hash=1e44f2434f96919b37a9e38b9d097703d760d8b1d1b22c2573ee9ce4606e226c height=209
2025-10-21T22:00:45Z Saw new header hash=527f91b0c7e291acfaaaba97fa3e38a1bf11304c1540f4394ce999690a639432 height=210
2025-10-21T22:00:45Z Saw new header hash=338bc17af29444226d83748265b58ba6f8ea1f3938292023127ab70c3d7573f0 height=211
2025-10-21T22:00:45Z Saw new header hash=5c7d1987364c01057f62f8258ae9a4670a42251a43d930c7fa8f985bb656c0a2 height=212
2025-10-21T22:00:45Z Saw new header hash=51efd86e981ce96a7b86638222bb977b02efcf17fc3f7ec70293724ad76e8441 height=213
2025-10-21T22:00:45Z Saw new header hash=57422a81473cfdc540415ab26616d7fdb901b89eddbe9e24c5d0acaaaccd089e height=214
2025-10-21T22:00:45Z Saw new header hash=4e79f756a0a027b7a25eb9a4342319df8a2cc44a57b70aae858c541f466c7611 height=215
2025-10-21T22:00:45Z Saw new header hash=5d04070f349730258ae02a88e441167694ffba8799522fc93f3304ee84dd3065 height=216
2025-10-21T22:00:45Z Saw new header hash=55733e2067471a965426c73f7339a5393730fa6b20c816fb3f92312de032d7c4 height=217
2025-10-21T22:00:45Z Saw new header hash=6b5298b473c8a232214a4c7b6f6639c82844d2946e9d6191a5df040404145caa height=218
2025-10-21T22:00:45Z Saw new header hash=644d92461bfb5b10a401acb24a962fdadfce8868a7a4b95ac8314d39e9510900 height=219
2025-10-21T22:00:45Z Saw new header hash=20b9e0d31e702a887b433f579a67c8971c8b5fdafea798d09a15b12079714689 height=220
2025-10-21T22:00:45Z Saw new header hash=2efb7fd9bbbb6a0fbabdf66369e5c444c1b7073be01d2c1557c6cf9b50f0de8b height=221
2025-10-21T22:00:45Z Saw new header hash=7e5b34ea5223d817b33c4cffb31500f898f401b9ea86b09bf026ef5d0bc99b71 height=222
2025-10-21T22:00:45Z Saw new header hash=7af321be2263200fe25e707418ece828b6ce3a8b6220478a1d5c1a33bc4392ba height=223
2025-10-21T22:00:45Z Saw new header hash=50489d41525c1cf4004dd94c0bb240655cf78521e38619c1551b3bb7aadf047d height=224
2025-10-21T22:00:45Z Saw new header hash=0d50f61a6077a4e1b81cc94958f61aabdddd5a0a01f839de6fd441449ec86a67 height=225
2025-10-21T22:00:45Z Saw new header hash=16ce1923c8f26dd43ced71d1939bac7ae286de92392388b6951ab56c06d52930 height=226
2025-10-21T22:00:45Z Saw new header hash=053cf2a093993b93b5b3583c35a2f328095379055371f2c29b68dcc8cc530949 height=227
2025-10-21T22:00:45Z Saw new header hash=4a73f80caa67e68197548fb092bb1390bccf82580336216bd52cb28290e16988 height=228
2025-10-21T22:00:45Z Saw new header hash=52d820206b1a942a179ffdf50eed0027542b32844756d07963b80c29e8dcd308 height=229
2025-10-21T22:00:45Z Saw new header hash=61338045d2ef16f09435c303fa3126b6595f9550afa41444d4e1ffca071c55a5 height=230
2025-10-21T22:00:45Z Saw new header hash=2b90c8e126369ca6128a1ad9aec25c2f96c9068ead822051cffff592c2fec795 height=231
2025-10-21T22:00:45Z Saw new header hash=4dafb03f6a83887082b1eb39175d963efe07649823213656af942c36722a8c01 height=232
2025-10-21T22:00:45Z Saw new header hash=33505aea55c97bcdd76b083c5a91b7e41c9ef824e21dc8ac330d6f75e3b4f5ab height=233
2025-10-21T22:00:45Z Saw new header hash=45c24d98a4ca6d4e7c803bc9a08567a1bf25aec4a4a1a21ec9fe1cb3c81a4214 height=234
2025-10-21T22:00:45Z Saw new header hash=3c44ba682fc9637fc479195425beb44e6a837c8ec8a58392e1e9257947fbcb31 height=235
2025-10-21T22:00:45Z Saw new header hash=4a7fe6ba490e12b453f8351296675106cc896cacc2c5c10fedeb9159c216b14b height=236
2025-10-21T22:00:45Z Saw new header hash=0258623700402b5f512b565e5ba2e609ea5981385408bec7a080b8fde22fa375 height=237
2025-10-21T22:00:45Z Saw new header hash=0f8540c8b0f5d9e93401d8f45c903dc1557eabbeda3bd4b394c11656a0d025ea height=238
2025-10-21T22:00:45Z Saw new header hash=05d4caafa7e89e7c13421291a1f34e6b33692737496a7fcf1e422eb8d22058c8 height=239
2025-10-21T22:00:45Z UpdateTip: new best=5104faae434533cc21b9fbb54d111f910a919ccbda8016a27fe55fde21e26700 height=161 version=0x30000000 log2_work=8.339850 tx=2462 date='2025-10-21T21:53:31Z' progress=1.000000 cache=0.3MiB(368txo)
2025-10-21T22:00:45Z UpdateTip: new best=09a57f4bb9427ee1993c8b36c588b95729e4342951ebf9df52e8a066a07c0320 height=162 version=0x30000000 log2_work=8.348728 tx=2471 date='2025-10-21T21:53:37Z' progress=1.000000 cache=0.3MiB(370txo)
2025-10-21T22:00:45Z UpdateTip: new best=2c76868735370df84a8d02157c6cb0b5c9b87c186995f237e3ef125202d6f958 height=163 version=0x30000000 log2_work=8.357552 tx=2482 date='2025-10-21T21:53:43Z' progress=1.000000 cache=0.3MiB(373txo)
2025-10-21T22:00:45Z UpdateTip: new best=6db9713fe9a24db020b7e8d24865e0b94e332a0e0d9ff13d610a4fd86d4406d7 height=164 version=0x30000000 log2_work=8.366322 tx=2492 date='2025-10-21T21:53:48Z' progress=1.000000 cache=0.3MiB(379txo)
2025-10-21T22:00:45Z UpdateTip: new best=3154a5013ec69a82a1f60d517e8ae3e9bc7b89ede70f5b09e4157b2334daf35c height=165 version=0x30000000 log2_work=8.375039 tx=2502 date='2025-10-21T21:53:53Z' progress=1.000000 cache=0.3MiB(381txo)
2025-10-21T22:00:45Z UpdateTip: new best=0e20ffcebbb49a38cf57d72d77a5a4380c2de9930c80afeab5be7e1efff20052 height=166 version=0x30000000 log2_work=8.383704 tx=2512 date='2025-10-21T21:53:59Z' progress=1.000000 cache=0.3MiB(385txo)
2025-10-21T22:00:45Z UpdateTip: new best=2972c35c4e7e6587fbfa529de9e5acb62fba579491a09459d3c9f2befeda85ff height=167 version=0x30000000 log2_work=8.392317 tx=2521 date='2025-10-21T21:54:04Z' progress=1.000000 cache=0.3MiB(391txo)
2025-10-21T22:00:45Z UpdateTip: new best=160ccf4a1af12f6a13be86280999dc69797c4c39f8f753087b7dcd4ca175a00b height=168 version=0x30000000 log2_work=8.400879 tx=2531 date='2025-10-21T21:54:10Z' progress=1.000000 cache=0.3MiB(391txo)
2025-10-21T22:00:45Z UpdateTip: new best=0db994d3c453261be3f881e1343a752c2a5df2515e43b783ea99687b2241c87b height=169 version=0x30000000 log2_work=8.409391 tx=2541 date='2025-10-21T21:54:15Z' progress=1.000000 cache=0.3MiB(391txo)
2025-10-21T22:00:45Z UpdateTip: new best=238f302db1d23ba900475c514e733df0cd1290e2f22c7a3da89d413799999b58 height=170 version=0x30000000 log2_work=8.417853 tx=2552 date='2025-10-21T21:54:21Z' progress=1.000000 cache=0.3MiB(397txo)
2025-10-21T22:00:45Z UpdateTip: new best=39471d58c43a5cc0c0e92ad750215979b7bedac3d878768f08dcbfee89400b24 height=171 version=0x30000000 log2_work=8.426265 tx=2561 date='2025-10-21T21:54:26Z' progress=1.000000 cache=0.3MiB(396txo)
2025-10-21T22:00:45Z UpdateTip: new best=14a8cc75d3dfe2ee00a97020e357d58e7aeb39ac34aa9e2749c8b65230687e79 height=172 version=0x30000000 log2_work=8.434628 tx=2571 date='2025-10-21T21:54:32Z' progress=1.000000 cache=0.3MiB(396txo)
2025-10-21T22:00:45Z UpdateTip: new best=63a0fea84ba8c0f150ad40ca9d29373390f1deff58a37162c05979e34d5fbe52 height=173 version=0x30000000 log2_work=8.442943 tx=2581 date='2025-10-21T21:54:37Z' progress=1.000000 cache=0.3MiB(402txo)
2025-10-21T22:00:45Z UpdateTip: new best=34ffc5436c34e8eb8ff95f25008b5ad0c51299cf42de7ac197a0d42563e15656 height=174 version=0x30000000 log2_work=8.451211 tx=2592 date='2025-10-21T21:54:43Z' progress=1.000000 cache=0.3MiB(408txo)
2025-10-21T22:00:45Z UpdateTip: new best=0546b52bfb5dede8b26eb90cbee9da146b123848d30ec32e121aad5b3663e0bd height=175 version=0x30000000 log2_work=8.459432 tx=2603 date='2025-10-21T21:54:48Z' progress=1.000000 cache=0.3MiB(408txo)
2025-10-21T22:00:45Z UpdateTip: new best=6908b54f0e24b2b842acf54630688dcb6006b2acd7f5eeee0027ca44f2a3305f height=176 version=0x30000000 log2_work=8.467606 tx=2614 date='2025-10-21T21:54:54Z' progress=1.000000 cache=0.3MiB(409txo)
2025-10-21T22:00:45Z UpdateTip: new best=1d4540f531f65d42da99b384fe086e75807df4fc05b90004e7925283d6f58980 height=177 version=0x30000000 log2_work=8.475733 tx=2623 date='2025-10-21T21:55:00Z' progress=1.000000 cache=0.3MiB(402txo)
2025-10-21T22:00:45Z UpdateTip: new best=26151d339e0a65d8c9d9e2583a5747c63570d14e820fb77d93def12326bea94a height=178 version=0x30000000 log2_work=8.483816 tx=2633 date='2025-10-21T21:55:05Z' progress=1.000000 cache=0.3MiB(400txo)
2025-10-21T22:00:45Z UpdateTip: new best=6fec90add8acd50f905db532b06fd194f515fa7e4356c40db8379125728069f1 height=179 version=0x30000000 log2_work=8.491853 tx=2642 date='2025-10-21T21:55:11Z' progress=1.000000 cache=0.3MiB(399txo)
2025-10-21T22:00:45Z UpdateTip: new best=1003c5e74ed01c4c4d16517440ad5961eba081bd0c886b8ccfb81a170f363778 height=180 version=0x30000000 log2_work=8.499846 tx=2653 date='2025-10-21T21:55:17Z' progress=1.000000 cache=0.3MiB(404txo)
2025-10-21T22:00:45Z UpdateTip: new best=275943bb853e74fd06655a482998cad909dcbfa0c038ab3478e9b0c454e17dab height=181 version=0x30000000 log2_work=8.507795 tx=2662 date='2025-10-21T21:55:23Z' progress=1.000000 cache=0.3MiB(412txo)
2025-10-21T22:00:45Z UpdateTip: new best=7e6d8dda483ae58a7c7e16ce4d8a5654ce2506cdce96dd8de7bf200c6c85d6b7 height=182 version=0x30000000 log2_work=8.515700 tx=2672 date='2025-10-21T21:55:28Z' progress=1.000000 cache=0.3MiB(417txo)
2025-10-21T22:00:45Z UpdateTip: new best=029296fdaa8f8e9b26ed243c059edaad7219093f260697a1bb2cbf437d78558d height=183 version=0x30000000 log2_work=8.523562 tx=2682 date='2025-10-21T21:55:34Z' progress=1.000000 cache=0.3MiB(416txo)
2025-10-21T22:00:45Z UpdateTip: new best=3303725bea8a18aed83b8bf7dc57957931bad6623eecbd32b8a2115257afcb1c height=184 version=0x30000000 log2_work=8.531381 tx=2692 date='2025-10-21T21:55:41Z' progress=1.000000 cache=0.3MiB(420txo)
2025-10-21T22:00:45Z UpdateTip: new best=009f8740a5938b2f9d3d1046efd385e9a31c8138818ef475944dc15792950a7d height=185 version=0x30000000 log2_work=8.539159 tx=2702 date='2025-10-21T21:55:46Z' progress=1.000000 cache=0.3MiB(425txo)
2025-10-21T22:00:45Z UpdateTip: new best=162a4c0398d73834eac74c27caf7b0fad851c6617feabf957ef5ffb39168c4af height=186 version=0x30000000 log2_work=8.546894 tx=2712 date='2025-10-21T21:55:51Z' progress=1.000000 cache=0.3MiB(425txo)
2025-10-21T22:00:45Z UpdateTip: new best=2a7eb14697c226ee5d8698fa18f71e6d23d3c6735495207aae7941e645a0d82d height=187 version=0x30000000 log2_work=8.554589 tx=2721 date='2025-10-21T21:55:57Z' progress=1.000000 cache=0.3MiB(420txo)
2025-10-21T22:00:45Z UpdateTip: new best=2b901993efa4164ed149bdc03cd7b5241d47ebce18e099d3a80974041e71ef86 height=188 version=0x30000000 log2_work=8.562242 tx=2732 date='2025-10-21T21:56:03Z' progress=1.000000 cache=0.3MiB(424txo)
2025-10-21T22:00:45Z UpdateTip: new best=1ae923df3fc5d289727ed8e9502e0930d653f55c7b976de0e520d6912082bf3c height=189 version=0x30000000 log2_work=8.569856 tx=2741 date='2025-10-21T21:56:08Z' progress=1.000000 cache=0.3MiB(423txo)
2025-10-21T22:00:45Z UpdateTip: new best=191c694d5b3fc80ce6ec5bf8a794af1231836bffa549719b522a2cecdfb2f170 height=190 version=0x30000000 log2_work=8.577429 tx=2752 date='2025-10-21T21:56:14Z' progress=1.000000 cache=0.3MiB(421txo)
2025-10-21T22:00:45Z UpdateTip: new best=67bdb7903bc4078a1f40b463358cfdb230cb8a05df9ebed8430242fc65570871 height=191 version=0x30000000 log2_work=8.584963 tx=2763 date='2025-10-21T21:56:19Z' progress=1.000000 cache=0.3MiB(425txo)
2025-10-21T22:00:45Z UpdateTip: new best=00850d196253cf87a0b239b548e0c3115b93a361a21e02da83b089a40466f83d height=192 version=0x30000000 log2_work=8.592457 tx=2769 date='2025-10-21T21:56:25Z' progress=1.000000 cache=0.3MiB(430txo)
2025-10-21T22:00:45Z UpdateTip: new best=0a965ffd53e1256dffdbc60232231e70f077fcc3e12903be2a3454a987dfe88b height=193 version=0x30000000 log2_work=8.599913 tx=2779 date='2025-10-21T21:56:30Z' progress=1.000000 cache=0.3MiB(432txo)
2025-10-21T22:00:45Z UpdateTip: new best=790f4886825315b8783b1882dead217385f87b9794c8c69c506ee57692cff6ee height=194 version=0x30000000 log2_work=8.607330 tx=2789 date='2025-10-21T21:56:36Z' progress=1.000000 cache=0.3MiB(433txo)
2025-10-21T22:00:45Z UpdateTip: new best=08bfa427e278bb319b660de04555115a4e311a7b6c44528667721a59ecd83c77 height=195 version=0x30000000 log2_work=8.614710 tx=2799 date='2025-10-21T21:56:41Z' progress=1.000000 cache=0.3MiB(443txo)
2025-10-21T22:00:45Z UpdateTip: new best=039120288c69dc5a24949622a2cd7a284e86c3bc93e7e0610af31fc1cbe1319c height=196 version=0x30000000 log2_work=8.622052 tx=2810 date='2025-10-21T21:56:47Z' progress=1.000000 cache=0.3MiB(449txo)
2025-10-21T22:00:45Z UpdateTip: new best=1eaf4ac5dd1d9313bd1555868a5db06c0bab75d765e510d2f96e7acd6f3c12c2 height=197 version=0x30000000 log2_work=8.629357 tx=2820 date='2025-10-21T21:56:52Z' progress=1.000000 cache=0.3MiB(455txo)
2025-10-21T22:00:45Z UpdateTip: new best=55d93449523872a854f58ab691a03b33d7bb0a263c9a9bfcea23273c90c95ac3 height=198 version=0x30000000 log2_work=8.636625 tx=2829 date='2025-10-21T21:56:58Z' progress=1.000000 cache=0.3MiB(454txo)
2025-10-21T22:00:45Z UpdateTip: new best=43b64e11d420ce1996d999023c796fc2f92c7f212d07657754675b57834d0ac2 height=199 version=0x30000000 log2_work=8.643856 tx=2839 date='2025-10-21T21:57:03Z' progress=1.000000 cache=0.3MiB(465txo)
2025-10-21T22:00:45Z UpdateTip: new best=58947800fd93aa35a5926629d2ba9128aeedbc1f897b9b3a347ab72d7ba8517c height=200 version=0x30000000 log2_work=8.651052 tx=2849 date='2025-10-21T21:57:08Z' progress=1.000000 cache=0.3MiB(468txo)
2025-10-21T22:00:45Z UpdateTip: new best=5c77ebe9a87844b2a7c488a82be506066eb8791e2e05c4f1a74975ee991d5331 height=201 version=0x30000000 log2_work=8.658211 tx=2859 date='2025-10-21T21:57:14Z' progress=1.000000 cache=0.3MiB(473txo)
2025-10-21T22:00:45Z UpdateTip: new best=1d1f82a67c7e4a137786ca54e0507ea55f7b47c7c478be38faa1b905a18e87d3 height=202 version=0x30000000 log2_work=8.665336 tx=2870 date='2025-10-21T21:57:19Z' progress=1.000000 cache=0.3MiB(477txo)
2025-10-21T22:00:45Z UpdateTip: new best=43ef07fdc8f2a3259f872c5f24035b92af0956ea29d9db6779aebfef6bdea836 height=203 version=0x30000000 log2_work=8.672425 tx=2880 date='2025-10-21T21:57:25Z' progress=1.000000 cache=0.3MiB(480txo)
2025-10-21T22:00:45Z UpdateTip: new best=1f8765104f0df24396d901b3f734cec6dd34fc66f149f7a0c3946bbbc5c249f2 height=204 version=0x30000000 log2_work=8.679480 tx=2890 date='2025-10-21T21:57:30Z' progress=1.000000 cache=0.3MiB(485txo)
2025-10-21T22:00:45Z UpdateTip: new best=0d780c28e7a5e7032dde79005ae4f67182bc65d0bbf1f6dfd56bc765111e36c5 height=205 version=0x30000000 log2_work=8.686501 tx=2900 date='2025-10-21T21:57:35Z' progress=1.000000 cache=0.3MiB(489txo)
2025-10-21T22:00:45Z UpdateTip: new best=49c2c91cbdf06ef6adb9ccbef9ad3a721ae2d17a0bb769047f0cdc99ac4f8bf0 height=206 version=0x30000000 log2_work=8.693487 tx=2910 date='2025-10-21T21:57:41Z' progress=1.000000 cache=0.3MiB(492txo)
2025-10-21T22:00:45Z UpdateTip: new best=256f1aa01f89f597bddbee23cb1a842361f61afbce9cc4e04f260f0d25f9d805 height=207 version=0x30000000 log2_work=8.700440 tx=2920 date='2025-10-21T21:57:46Z' progress=1.000000 cache=0.3MiB(494txo)
2025-10-21T22:00:45Z UpdateTip: new best=09d59f7ad9a05645d1075a6fb7e27a5230bd08ec51470bdb81c09c29f72f75b8 height=208 version=0x30000000 log2_work=8.707359 tx=2929 date='2025-10-21T21:57:52Z' progress=1.000000 cache=0.3MiB(499txo)
2025-10-21T22:00:45Z UpdateTip: new best=1e44f2434f96919b37a9e38b9d097703d760d8b1d1b22c2573ee9ce4606e226c height=209 version=0x30000000 log2_work=8.714246 tx=2939 date='2025-10-21T21:57:57Z' progress=1.000000 cache=0.3MiB(503txo)
2025-10-21T22:00:45Z UpdateTip: new best=527f91b0c7e291acfaaaba97fa3e38a1bf11304c1540f4394ce999690a639432 height=210 version=0x30000000 log2_work=8.721099 tx=2947 date='2025-10-21T21:58:03Z' progress=1.000000 cache=0.3MiB(504txo)
2025-10-21T22:00:45Z UpdateTip: new best=338bc17af29444226d83748265b58ba6f8ea1f3938292023127ab70c3d7573f0 height=211 version=0x30000000 log2_work=8.727920 tx=2957 date='2025-10-21T21:58:08Z' progress=1.000000 cache=0.3MiB(508txo)
2025-10-21T22:00:45Z UpdateTip: new best=5c7d1987364c01057f62f8258ae9a4670a42251a43d930c7fa8f985bb656c0a2 height=212 version=0x30000000 log2_work=8.734710 tx=2968 date='2025-10-21T21:58:14Z' progress=1.000000 cache=0.3MiB(509txo)
2025-10-21T22:00:45Z UpdateTip: new best=51efd86e981ce96a7b86638222bb977b02efcf17fc3f7ec70293724ad76e8441 height=213 version=0x30000000 log2_work=8.741467 tx=2979 date='2025-10-21T21:58:19Z' progress=1.000000 cache=0.3MiB(513txo)
2025-10-21T22:00:45Z UpdateTip: new best=57422a81473cfdc540415ab26616d7fdb901b89eddbe9e24c5d0acaaaccd089e height=214 version=0x30000000 log2_work=8.748193 tx=2989 date='2025-10-21T21:58:25Z' progress=1.000000 cache=0.3MiB(520txo)
2025-10-21T22:00:45Z UpdateTip: new best=4e79f756a0a027b7a25eb9a4342319df8a2cc44a57b70aae858c541f466c7611 height=215 version=0x30000000 log2_work=8.754888 tx=2997 date='2025-10-21T21:58:30Z' progress=1.000000 cache=0.3MiB(521txo)
2025-10-21T22:00:45Z UpdateTip: new best=5d04070f349730258ae02a88e441167694ffba8799522fc93f3304ee84dd3065 height=216 version=0x30000000 log2_work=8.761551 tx=3004 date='2025-10-21T21:58:36Z' progress=1.000000 cache=0.3MiB(520txo)
2025-10-21T22:00:45Z UpdateTip: new best=55733e2067471a965426c73f7339a5393730fa6b20c816fb3f92312de032d7c4 height=217 version=0x30000000 log2_work=8.768184 tx=3015 date='2025-10-21T21:58:41Z' progress=1.000000 cache=0.3MiB(527txo)
2025-10-21T22:00:45Z UpdateTip: new best=6b5298b473c8a232214a4c7b6f6639c82844d2946e9d6191a5df040404145caa height=218 version=0x30000000 log2_work=8.774787 tx=3025 date='2025-10-21T21:58:47Z' progress=1.000000 cache=0.3MiB(536txo)
2025-10-21T22:00:45Z UpdateTip: new best=644d92461bfb5b10a401acb24a962fdadfce8868a7a4b95ac8314d39e9510900 height=219 version=0x30000000 log2_work=8.781360 tx=3036 date='2025-10-21T21:58:53Z' progress=1.000000 cache=0.3MiB(545txo)
2025-10-21T22:00:45Z UpdateTip: new best=20b9e0d31e702a887b433f579a67c8971c8b5fdafea798d09a15b12079714689 height=220 version=0x30000000 log2_work=8.787903 tx=3045 date='2025-10-21T21:58:58Z' progress=1.000000 cache=0.3MiB(545txo)
2025-10-21T22:00:45Z UpdateTip: new best=2efb7fd9bbbb6a0fbabdf66369e5c444c1b7073be01d2c1557c6cf9b50f0de8b height=221 version=0x30000000 log2_work=8.794416 tx=3055 date='2025-10-21T21:59:04Z' progress=1.000000 cache=0.3MiB(546txo)
2025-10-21T22:00:45Z UpdateTip: new best=7e5b34ea5223d817b33c4cffb31500f898f401b9ea86b09bf026ef5d0bc99b71 height=222 version=0x30000000 log2_work=8.800900 tx=3064 date='2025-10-21T21:59:09Z' progress=1.000000 cache=0.3MiB(549txo)
2025-10-21T22:00:45Z UpdateTip: new best=7af321be2263200fe25e707418ece828b6ce3a8b6220478a1d5c1a33bc4392ba height=223 version=0x30000000 log2_work=8.807355 tx=3073 date='2025-10-21T21:59:15Z' progress=1.000000 cache=0.3MiB(551txo)
2025-10-21T22:00:45Z UpdateTip: new best=50489d41525c1cf4004dd94c0bb240655cf78521e38619c1551b3bb7aadf047d height=224 version=0x30000000 log2_work=8.813781 tx=3083 date='2025-10-21T21:59:20Z' progress=1.000000 cache=0.3MiB(548txo)
2025-10-21T22:00:45Z UpdateTip: new best=0d50f61a6077a4e1b81cc94958f61aabdddd5a0a01f839de6fd441449ec86a67 height=225 version=0x30000000 log2_work=8.820179 tx=3093 date='2025-10-21T21:59:26Z' progress=1.000000 cache=0.3MiB(547txo)
2025-10-21T22:00:45Z UpdateTip: new best=16ce1923c8f26dd43ced71d1939bac7ae286de92392388b6951ab56c06d52930 height=226 version=0x30000000 log2_work=8.826548 tx=3103 date='2025-10-21T21:59:31Z' progress=1.000000 cache=0.3MiB(548txo)
2025-10-21T22:00:45Z UpdateTip: new best=053cf2a093993b93b5b3583c35a2f328095379055371f2c29b68dcc8cc530949 height=227 version=0x30000000 log2_work=8.832890 tx=3113 date='2025-10-21T21:59:36Z' progress=1.000000 cache=0.3MiB(549txo)
2025-10-21T22:00:45Z UpdateTip: new best=4a73f80caa67e68197548fb092bb1390bccf82580336216bd52cb28290e16988 height=228 version=0x30000000 log2_work=8.839204 tx=3119 date='2025-10-21T21:59:41Z' progress=1.000000 cache=0.3MiB(551txo)
2025-10-21T22:00:45Z UpdateTip: new best=52d820206b1a942a179ffdf50eed0027542b32844756d07963b80c29e8dcd308 height=229 version=0x30000000 log2_work=8.845490 tx=3129 date='2025-10-21T21:59:47Z' progress=1.000000 cache=0.3MiB(559txo)
2025-10-21T22:00:45Z UpdateTip: new best=61338045d2ef16f09435c303fa3126b6595f9550afa41444d4e1ffca071c55a5 height=230 version=0x30000000 log2_work=8.851749 tx=3138 date='2025-10-21T21:59:52Z' progress=1.000000 cache=0.3MiB(565txo)
2025-10-21T22:00:45Z UpdateTip: new best=2b90c8e126369ca6128a1ad9aec25c2f96c9068ead822051cffff592c2fec795 height=231 version=0x30000000 log2_work=8.857981 tx=3149 date='2025-10-21T21:59:58Z' progress=1.000000 cache=0.3MiB(575txo)
2025-10-21T22:00:45Z UpdateTip: new best=4dafb03f6a83887082b1eb39175d963efe07649823213656af942c36722a8c01 height=232 version=0x30000000 log2_work=8.864186 tx=3159 date='2025-10-21T22:00:03Z' progress=1.000000 cache=0.3MiB(580txo)
2025-10-21T22:00:45Z UpdateTip: new best=33505aea55c97bcdd76b083c5a91b7e41c9ef824e21dc8ac330d6f75e3b4f5ab height=233 version=0x30000000 log2_work=8.870365 tx=3169 date='2025-10-21T22:00:09Z' progress=1.000000 cache=0.3MiB(583txo)
2025-10-21T22:00:45Z UpdateTip: new best=45c24d98a4ca6d4e7c803bc9a08567a1bf25aec4a4a1a21ec9fe1cb3c81a4214 height=234 version=0x30000000 log2_work=8.876517 tx=3178 date='2025-10-21T22:00:15Z' progress=1.000000 cache=0.3MiB(587txo)
2025-10-21T22:00:45Z UpdateTip: new best=3c44ba682fc9637fc479195425beb44e6a837c8ec8a58392e1e9257947fbcb31 height=235 version=0x30000000 log2_work=8.882643 tx=3188 date='2025-10-21T22:00:21Z' progress=1.000000 cache=0.3MiB(591txo)
2025-10-21T22:00:45Z UpdateTip: new best=4a7fe6ba490e12b453f8351296675106cc896cacc2c5c10fedeb9159c216b14b height=236 version=0x30000000 log2_work=8.888743 tx=3198 date='2025-10-21T22:00:26Z' progress=1.000000 cache=0.3MiB(593txo)
2025-10-21T22:00:45Z UpdateTip: new best=0258623700402b5f512b565e5ba2e609ea5981385408bec7a080b8fde22fa375 height=237 version=0x30000000 log2_work=8.894818 tx=3207 date='2025-10-21T22:00:32Z' progress=1.000000 cache=0.3MiB(599txo)
2025-10-21T22:00:45Z UpdateTip: new best=0f8540c8b0f5d9e93401d8f45c903dc1557eabbeda3bd4b394c11656a0d025ea height=238 version=0x30000000 log2_work=8.900867 tx=3217 date='2025-10-21T22:00:38Z' progress=1.000000 cache=0.3MiB(604txo)
2025-10-21T22:00:45Z UpdateTip: new best=05d4caafa7e89e7c13421291a1f34e6b33692737496a7fcf1e422eb8d22058c8 height=239 version=0x30000000 log2_work=8.906891 tx=3225 date='2025-10-21T22:00:43Z' progress=1.000000 cache=0.3MiB(608txo)
2025-10-21T22:00:52Z Saw new header hash=3c0fdc9185c52037dc74a1b0aa49c29f8e4650c0510d39becda06bbe4695128e height=240
2025-10-21T22:00:52Z Saw new cmpctblock header hash=3c0fdc9185c52037dc74a1b0aa49c29f8e4650c0510d39becda06bbe4695128e peer=2
2025-10-21T22:00:52Z UpdateTip: new best=3c0fdc9185c52037dc74a1b0aa49c29f8e4650c0510d39becda06bbe4695128e height=240 version=0x30000000 log2_work=8.912889 tx=3236 date='2025-10-21T22:00:50Z' progress=1.000000 cache=0.3MiB(610txo)
2025-10-21T22:00:58Z Saw new header hash=14b0c7c99b58d15bfd073bcbb9fff2d090675fae99d9fcee0ae9c4fb33e1024e height=241
2025-10-21T22:00:58Z Saw new cmpctblock header hash=14b0c7c99b58d15bfd073bcbb9fff2d090675fae99d9fcee0ae9c4fb33e1024e peer=2
2025-10-21T22:00:58Z UpdateTip: new best=14b0c7c99b58d15bfd073bcbb9fff2d090675fae99d9fcee0ae9c4fb33e1024e height=241 version=0x30000000 log2_work=8.918863 tx=3245 date='2025-10-21T22:00:55Z' progress=1.000000 cache=0.3MiB(608txo)
2025-10-21T22:01:03Z Saw new header hash=00b808380cf77164cb2cf5dd2444e2ca6ee64fe399c66ec9a2c62554c8184707 height=242
2025-10-21T22:01:03Z Saw new cmpctblock header hash=00b808380cf77164cb2cf5dd2444e2ca6ee64fe399c66ec9a2c62554c8184707 peer=2
2025-10-21T22:01:03Z UpdateTip: new best=00b808380cf77164cb2cf5dd2444e2ca6ee64fe399c66ec9a2c62554c8184707 height=242 version=0x30000000 log2_work=8.924813 tx=3255 date='2025-10-21T22:01:01Z' progress=1.000000 cache=0.3MiB(613txo)
2025-10-21T22:01:08Z Saw new header hash=5239b78f6b036e07a4c94689efadf1e3815fad0b113d258c5b27d689da42f720 height=243
2025-10-21T22:01:08Z Saw new cmpctblock header hash=5239b78f6b036e07a4c94689efadf1e3815fad0b113d258c5b27d689da42f720 peer=2
2025-10-21T22:01:08Z UpdateTip: new best=5239b78f6b036e07a4c94689efadf1e3815fad0b113d258c5b27d689da42f720 height=243 version=0x30000000 log2_work=8.930737 tx=3265 date='2025-10-21T22:01:06Z' progress=1.000000 cache=0.3MiB(619txo)
2025-10-21T22:01:14Z Saw new header hash=78b131660e30fdc5eadf38a18f83623c7d213d0f881cd136ece971fd2081c57b height=244
2025-10-21T22:01:14Z Saw new cmpctblock header hash=78b131660e30fdc5eadf38a18f83623c7d213d0f881cd136ece971fd2081c57b peer=2
2025-10-21T22:01:14Z UpdateTip: new best=78b131660e30fdc5eadf38a18f83623c7d213d0f881cd136ece971fd2081c57b height=244 version=0x30000000 log2_work=8.936638 tx=3274 date='2025-10-21T22:01:12Z' progress=1.000000 cache=0.3MiB(625txo)
2025-10-21T22:01:20Z Saw new header hash=1f35e620fe8b69951f90323388bd29deeeda40ece12158820ae2970862cb870c height=245
2025-10-21T22:01:20Z Saw new cmpctblock header hash=1f35e620fe8b69951f90323388bd29deeeda40ece12158820ae2970862cb870c peer=2
2025-10-21T22:01:20Z UpdateTip: new best=1f35e620fe8b69951f90323388bd29deeeda40ece12158820ae2970862cb870c height=245 version=0x30000000 log2_work=8.942515 tx=3283 date='2025-10-21T22:01:18Z' progress=1.000000 cache=0.3MiB(633txo)
2025-10-21T22:01:26Z Saw new header hash=5667282f511ddf2f815a05f17a942d9ecdcd058588901c73e4c016c7b1ba66ae height=246
2025-10-21T22:01:26Z Saw new cmpctblock header hash=5667282f511ddf2f815a05f17a942d9ecdcd058588901c73e4c016c7b1ba66ae peer=2
2025-10-21T22:01:26Z UpdateTip: new best=5667282f511ddf2f815a05f17a942d9ecdcd058588901c73e4c016c7b1ba66ae height=246 version=0x30000000 log2_work=8.948367 tx=3291 date='2025-10-21T22:01:24Z' progress=1.000000 cache=0.3MiB(633txo)
2025-10-21T22:01:31Z Saw new header hash=587aa705921ca91c16baec1a8c0a754fd9ec7219912a8235d696d873e9a9ec86 height=247
2025-10-21T22:01:31Z Saw new cmpctblock header hash=587aa705921ca91c16baec1a8c0a754fd9ec7219912a8235d696d873e9a9ec86 peer=2
2025-10-21T22:01:31Z UpdateTip: new best=587aa705921ca91c16baec1a8c0a754fd9ec7219912a8235d696d873e9a9ec86 height=247 version=0x30000000 log2_work=8.954196 tx=3301 date='2025-10-21T22:01:29Z' progress=1.000000 cache=0.3MiB(629txo)
2025-10-21T22:01:37Z Saw new header hash=647e146401418d967ff1234262b9f7a127c483f748e57d3574b1394a32c33c27 height=248
2025-10-21T22:01:37Z Saw new cmpctblock header hash=647e146401418d967ff1234262b9f7a127c483f748e57d3574b1394a32c33c27 peer=2
2025-10-21T22:01:37Z UpdateTip: new best=647e146401418d967ff1234262b9f7a127c483f748e57d3574b1394a32c33c27 height=248 version=0x30000000 log2_work=8.960002 tx=3311 date='2025-10-21T22:01:35Z' progress=1.000000 cache=0.3MiB(636txo)
2025-10-21T22:01:42Z Saw new header hash=7f252de3c1aafcb0911a1c247008bb61b54a51a006b5e5a4eaa10deead85b09f height=249
2025-10-21T22:01:42Z Saw new cmpctblock header hash=7f252de3c1aafcb0911a1c247008bb61b54a51a006b5e5a4eaa10deead85b09f peer=2
2025-10-21T22:01:42Z UpdateTip: new best=7f252de3c1aafcb0911a1c247008bb61b54a51a006b5e5a4eaa10deead85b09f height=249 version=0x30000000 log2_work=8.965784 tx=3321 date='2025-10-21T22:01:40Z' progress=1.000000 cache=0.3MiB(642txo)
2025-10-21T22:01:48Z Saw new header hash=2d0379603a47b0de0731fb7b554a387a7d5c40a8adb8c0a5a0f6d753dfce84c6 height=250
2025-10-21T22:01:48Z Saw new cmpctblock header hash=2d0379603a47b0de0731fb7b554a387a7d5c40a8adb8c0a5a0f6d753dfce84c6 peer=2
2025-10-21T22:01:48Z UpdateTip: new best=2d0379603a47b0de0731fb7b554a387a7d5c40a8adb8c0a5a0f6d753dfce84c6 height=250 version=0x30000000 log2_work=8.971544 tx=3331 date='2025-10-21T22:01:46Z' progress=1.000000 cache=0.3MiB(653txo)
2025-10-21T22:01:53Z Saw new header hash=4f50afadf063bfb64d3023e81db8701f0bb4f24deabd324febb69d0f1473543d height=251
2025-10-21T22:01:53Z Saw new cmpctblock header hash=4f50afadf063bfb64d3023e81db8701f0bb4f24deabd324febb69d0f1473543d peer=2
2025-10-21T22:01:53Z UpdateTip: new best=4f50afadf063bfb64d3023e81db8701f0bb4f24deabd324febb69d0f1473543d height=251 version=0x30000000 log2_work=8.977280 tx=3341 date='2025-10-21T22:01:51Z' progress=1.000000 cache=0.3MiB(653txo)
2025-10-21T22:01:59Z Saw new header hash=62d152cf484969baddceac1950efe996f90824aafb4f8029283d77547621b821 height=252
2025-10-21T22:01:59Z Saw new cmpctblock header hash=62d152cf484969baddceac1950efe996f90824aafb4f8029283d77547621b821 peer=2
2025-10-21T22:01:59Z UpdateTip: new best=62d152cf484969baddceac1950efe996f90824aafb4f8029283d77547621b821 height=252 version=0x30000000 log2_work=8.982994 tx=3351 date='2025-10-21T22:01:56Z' progress=1.000000 cache=0.3MiB(655txo)
2025-10-21T22:02:04Z Saw new header hash=2c4d2ab7f8c995399a7b3f3e5c84307496062b02527b7a7d2a4dcd50f99cb4d1 height=253
2025-10-21T22:02:04Z Saw new cmpctblock header hash=2c4d2ab7f8c995399a7b3f3e5c84307496062b02527b7a7d2a4dcd50f99cb4d1 peer=2
2025-10-21T22:02:04Z UpdateTip: new best=2c4d2ab7f8c995399a7b3f3e5c84307496062b02527b7a7d2a4dcd50f99cb4d1 height=253 version=0x30000000 log2_work=8.988685 tx=3360 date='2025-10-21T22:02:02Z' progress=1.000000 cache=0.3MiB(662txo)
2025-10-21T22:02:10Z Saw new header hash=585263af800d74e92cf6204142758c545a76e8be4227ca6201513fb536ed55f3 height=254
2025-10-21T22:02:10Z Saw new cmpctblock header hash=585263af800d74e92cf6204142758c545a76e8be4227ca6201513fb536ed55f3 peer=2
2025-10-21T22:02:10Z UpdateTip: new best=585263af800d74e92cf6204142758c545a76e8be4227ca6201513fb536ed55f3 height=254 version=0x30000000 log2_work=8.994353 tx=3370 date='2025-10-21T22:02:07Z' progress=1.000000 cache=0.3MiB(669txo)
2025-10-21T22:02:15Z Saw new header hash=03fce809923b8dd6a769c3c0dceee4bdfef01d3cbf948d319d2496640f0acd47 height=255
2025-10-21T22:02:15Z Saw new cmpctblock header hash=03fce809923b8dd6a769c3c0dceee4bdfef01d3cbf948d319d2496640f0acd47 peer=2
2025-10-21T22:02:15Z UpdateTip: new best=03fce809923b8dd6a769c3c0dceee4bdfef01d3cbf948d319d2496640f0acd47 height=255 version=0x30000000 log2_work=9.000000 tx=3380 date='2025-10-21T22:02:13Z' progress=1.000000 cache=0.3MiB(675txo)
2025-10-21T22:02:20Z Saw new header hash=6b23d79bb656e9e1983a8186fcdd015c32bd7215a992f2fe385fe835fc5c30a9 height=256
2025-10-21T22:02:20Z Saw new cmpctblock header hash=6b23d79bb656e9e1983a8186fcdd015c32bd7215a992f2fe385fe835fc5c30a9 peer=2
2025-10-21T22:02:20Z UpdateTip: new best=6b23d79bb656e9e1983a8186fcdd015c32bd7215a992f2fe385fe835fc5c30a9 height=256 version=0x30000000 log2_work=9.005625 tx=3390 date='2025-10-21T22:02:18Z' progress=1.000000 cache=0.3MiB(677txo)
2025-10-21T22:02:26Z Saw new header hash=103d935bb966afd5b7d3c51b75817355a4b6a4150fad3690989af0641cf4164d height=257
2025-10-21T22:02:26Z Saw new cmpctblock header hash=103d935bb966afd5b7d3c51b75817355a4b6a4150fad3690989af0641cf4164d peer=2
2025-10-21T22:02:26Z UpdateTip: new best=103d935bb966afd5b7d3c51b75817355a4b6a4150fad3690989af0641cf4164d height=257 version=0x30000000 log2_work=9.011227 tx=3400 date='2025-10-21T22:02:24Z' progress=1.000000 cache=0.3MiB(680txo)
2025-10-21T22:02:31Z Saw new header hash=702b7553d1848788fc573bdc121a756a9507280ef6105b17c81eb4ac966ed7a5 height=258
2025-10-21T22:02:31Z Saw new cmpctblock header hash=702b7553d1848788fc573bdc121a756a9507280ef6105b17c81eb4ac966ed7a5 peer=2
2025-10-21T22:02:31Z UpdateTip: new best=702b7553d1848788fc573bdc121a756a9507280ef6105b17c81eb4ac966ed7a5 height=258 version=0x30000000 log2_work=9.016808 tx=3408 date='2025-10-21T22:02:29Z' progress=1.000000 cache=0.3MiB(682txo)
2025-10-21T22:02:36Z Saw new header hash=401eb45a2fa15579400fd11557064746841f68c7f11d662e07d0d939546d6c21 height=259
2025-10-21T22:02:36Z Saw new cmpctblock header hash=401eb45a2fa15579400fd11557064746841f68c7f11d662e07d0d939546d6c21 peer=2
2025-10-21T22:02:36Z UpdateTip: new best=401eb45a2fa15579400fd11557064746841f68c7f11d662e07d0d939546d6c21 height=259 version=0x30000000 log2_work=9.022368 tx=3418 date='2025-10-21T22:02:34Z' progress=1.000000 cache=0.3MiB(681txo)
2025-10-21T22:02:41Z Saw new header hash=764a2266f8bd646039ce3a270c23b92c5946a9fac3629386545634e03509c5b9 height=260
2025-10-21T22:02:41Z Saw new cmpctblock header hash=764a2266f8bd646039ce3a270c23b92c5946a9fac3629386545634e03509c5b9 peer=2
2025-10-21T22:02:41Z UpdateTip: new best=764a2266f8bd646039ce3a270c23b92c5946a9fac3629386545634e03509c5b9 height=260 version=0x30000000 log2_work=9.027906 tx=3428 date='2025-10-21T22:02:39Z' progress=1.000000 cache=0.3MiB(683txo)
2025-10-21T22:02:47Z Saw new header hash=2a6dc8424e3f3f6196d670be945e01778a8e59426487fe65b7a34e1e7fe299f1 height=261
2025-10-21T22:02:47Z Saw new cmpctblock header hash=2a6dc8424e3f3f6196d670be945e01778a8e59426487fe65b7a34e1e7fe299f1 peer=2
2025-10-21T22:02:47Z UpdateTip: new best=2a6dc8424e3f3f6196d670be945e01778a8e59426487fe65b7a34e1e7fe299f1 height=261 version=0x30000000 log2_work=9.033423 tx=3437 date='2025-10-21T22:02:45Z' progress=1.000000 cache=0.3MiB(687txo)
2025-10-21T22:02:52Z Saw new header hash=273d616a737d4051a7ec6b733181b2e000e075a9d6cee7b713896fcb4ec2b2cd height=262
2025-10-21T22:02:52Z Saw new cmpctblock header hash=273d616a737d4051a7ec6b733181b2e000e075a9d6cee7b713896fcb4ec2b2cd peer=2
2025-10-21T22:02:52Z UpdateTip: new best=273d616a737d4051a7ec6b733181b2e000e075a9d6cee7b713896fcb4ec2b2cd height=262 version=0x30000000 log2_work=9.038919 tx=3446 date='2025-10-21T22:02:50Z' progress=1.000000 cache=0.3MiB(683txo)
2025-10-21T22:02:58Z Saw new header hash=298d55793801633f2829cc754126dce7fd71a6fbc952344a40561db708f0c86c height=263
2025-10-21T22:02:58Z Saw new cmpctblock header hash=298d55793801633f2829cc754126dce7fd71a6fbc952344a40561db708f0c86c peer=2
2025-10-21T22:02:58Z UpdateTip: new best=298d55793801633f2829cc754126dce7fd71a6fbc952344a40561db708f0c86c height=263 version=0x30000000 log2_work=9.044394 tx=3453 date='2025-10-21T22:02:56Z' progress=1.000000 cache=0.3MiB(685txo)
2025-10-21T22:03:04Z Saw new header hash=579061fdda6611d6e988fff1aaa7f5b06309aef86e61463cfea0bb1fd93554af height=264
2025-10-21T22:03:04Z Saw new cmpctblock header hash=579061fdda6611d6e988fff1aaa7f5b06309aef86e61463cfea0bb1fd93554af peer=2
2025-10-21T22:03:04Z UpdateTip: new best=579061fdda6611d6e988fff1aaa7f5b06309aef86e61463cfea0bb1fd93554af height=264 version=0x30000000 log2_work=9.049849 tx=3462 date='2025-10-21T22:03:01Z' progress=1.000000 cache=0.3MiB(681txo)
2025-10-21T22:03:09Z Saw new header hash=07bfd9cc6c655fc5f486457d419ea1b51a3f89ce25d867941c30349a744c3994 height=265
2025-10-21T22:03:09Z Saw new cmpctblock header hash=07bfd9cc6c655fc5f486457d419ea1b51a3f89ce25d867941c30349a744c3994 peer=2
2025-10-21T22:03:09Z UpdateTip: new best=07bfd9cc6c655fc5f486457d419ea1b51a3f89ce25d867941c30349a744c3994 height=265 version=0x30000000 log2_work=9.055282 tx=3470 date='2025-10-21T22:03:07Z' progress=1.000000 cache=0.3MiB(687txo)
2025-10-21T22:03:15Z Saw new header hash=4ac2de2a1d753eba095c012390abeab8c6a46c696e4640a3a1ddf5bc55ae5386 height=266
2025-10-21T22:03:15Z Saw new cmpctblock header hash=4ac2de2a1d753eba095c012390abeab8c6a46c696e4640a3a1ddf5bc55ae5386 peer=2
2025-10-21T22:03:15Z UpdateTip: new best=4ac2de2a1d753eba095c012390abeab8c6a46c696e4640a3a1ddf5bc55ae5386 height=266 version=0x30000000 log2_work=9.060696 tx=3480 date='2025-10-21T22:03:13Z' progress=1.000000 cache=0.3MiB(695txo)
2025-10-21T22:03:21Z Saw new header hash=680ea470ac6b4ddc1bc65ffaebaa0d3b73e6b952ec4b30db10ff3205b93a5999 height=267
2025-10-21T22:03:21Z Saw new cmpctblock header hash=680ea470ac6b4ddc1bc65ffaebaa0d3b73e6b952ec4b30db10ff3205b93a5999 peer=2
2025-10-21T22:03:21Z UpdateTip: new best=680ea470ac6b4ddc1bc65ffaebaa0d3b73e6b952ec4b30db10ff3205b93a5999 height=267 version=0x30000000 log2_work=9.066089 tx=3490 date='2025-10-21T22:03:18Z' progress=1.000000 cache=0.3MiB(697txo)
2025-10-21T22:03:26Z Saw new header hash=57419fb5caded9e1e03e8844c17472fc8b0c41760e0fc4ba83d3900cb803abfb height=268
2025-10-21T22:03:26Z Saw new cmpctblock header hash=57419fb5caded9e1e03e8844c17472fc8b0c41760e0fc4ba83d3900cb803abfb peer=2
2025-10-21T22:03:26Z UpdateTip: new best=57419fb5caded9e1e03e8844c17472fc8b0c41760e0fc4ba83d3900cb803abfb height=268 version=0x30000000 log2_work=9.071462 tx=3498 date='2025-10-21T22:03:24Z' progress=1.000000 cache=0.3MiB(689txo)
2025-10-21T22:03:31Z Saw new header hash=2d0daa7adf1c39ccdab3548836881744dc28904a94af39ae2581a61b6bd08966 height=269
2025-10-21T22:03:31Z Saw new cmpctblock header hash=2d0daa7adf1c39ccdab3548836881744dc28904a94af39ae2581a61b6bd08966 peer=2
2025-10-21T22:03:31Z UpdateTip: new best=2d0daa7adf1c39ccdab3548836881744dc28904a94af39ae2581a61b6bd08966 height=269 version=0x30000000 log2_work=9.076816 tx=3508 date='2025-10-21T22:03:29Z' progress=1.000000 cache=0.3MiB(685txo)
2025-10-21T22:03:37Z Saw new header hash=3bcc1dc2a5b067791411cfde6f6d9848f379a0bc52429a89965111b632705cae height=270
2025-10-21T22:03:37Z Saw new cmpctblock header hash=3bcc1dc2a5b067791411cfde6f6d9848f379a0bc52429a89965111b632705cae peer=2
2025-10-21T22:03:37Z UpdateTip: new best=3bcc1dc2a5b067791411cfde6f6d9848f379a0bc52429a89965111b632705cae height=270 version=0x30000000 log2_work=9.082149 tx=3518 date='2025-10-21T22:03:34Z' progress=1.000000 cache=0.3MiB(691txo)
2025-10-21T22:03:43Z Saw new header hash=5788caa7255f2e55493c921fcf6fdbba13663d7a40b789ca1afa68770ab38e9a height=271
2025-10-21T22:03:43Z Saw new cmpctblock header hash=5788caa7255f2e55493c921fcf6fdbba13663d7a40b789ca1afa68770ab38e9a peer=2
2025-10-21T22:03:43Z UpdateTip: new best=5788caa7255f2e55493c921fcf6fdbba13663d7a40b789ca1afa68770ab38e9a height=271 version=0x30000000 log2_work=9.087463 tx=3528 date='2025-10-21T22:03:41Z' progress=1.000000 cache=0.3MiB(694txo)
2025-10-21T22:03:49Z Saw new header hash=495860f080e85dba7c2ad5a959557cd79c0296f195ec8f187984191a9dc9b487 height=272
2025-10-21T22:03:49Z Saw new cmpctblock header hash=495860f080e85dba7c2ad5a959557cd79c0296f195ec8f187984191a9dc9b487 peer=2
2025-10-21T22:03:49Z UpdateTip: new best=495860f080e85dba7c2ad5a959557cd79c0296f195ec8f187984191a9dc9b487 height=272 version=0x30000000 log2_work=9.092757 tx=3538 date='2025-10-21T22:03:46Z' progress=1.000000 cache=0.3MiB(701txo)
2025-10-21T22:03:54Z Saw new header hash=47faf9b8507eefa607a3e2d44907475a8e996c9b03918c0cae1f113bb9ae56a6 height=273
2025-10-21T22:03:54Z Saw new cmpctblock header hash=47faf9b8507eefa607a3e2d44907475a8e996c9b03918c0cae1f113bb9ae56a6 peer=2
2025-10-21T22:03:54Z UpdateTip: new best=47faf9b8507eefa607a3e2d44907475a8e996c9b03918c0cae1f113bb9ae56a6 height=273 version=0x30000000 log2_work=9.098032 tx=3548 date='2025-10-21T22:03:52Z' progress=1.000000 cache=0.3MiB(707txo)
2025-10-21T22:04:00Z Saw new header hash=7cea20a214a0c584443301e24e83ae76ed1cb21c25d6b5c8acebfaf1fca2cb17 height=274
2025-10-21T22:04:00Z Saw new cmpctblock header hash=7cea20a214a0c584443301e24e83ae76ed1cb21c25d6b5c8acebfaf1fca2cb17 peer=2
2025-10-21T22:04:00Z UpdateTip: new best=7cea20a214a0c584443301e24e83ae76ed1cb21c25d6b5c8acebfaf1fca2cb17 height=274 version=0x30000000 log2_work=9.103288 tx=3557 date='2025-10-21T22:03:58Z' progress=1.000000 cache=0.3MiB(705txo)
2025-10-21T22:04:05Z Saw new header hash=5649cdecbd0b7e825a6685ab328a87b3ec3bda1e3a30eccbba4b0e880a9a9b25 height=275
2025-10-21T22:04:05Z Saw new cmpctblock header hash=5649cdecbd0b7e825a6685ab328a87b3ec3bda1e3a30eccbba4b0e880a9a9b25 peer=2
2025-10-21T22:04:05Z UpdateTip: new best=5649cdecbd0b7e825a6685ab328a87b3ec3bda1e3a30eccbba4b0e880a9a9b25 height=275 version=0x30000000 log2_work=9.108524 tx=3567 date='2025-10-21T22:04:03Z' progress=1.000000 cache=0.3MiB(708txo)
2025-10-21T22:04:11Z Saw new header hash=3e7601a4657fb3ae8e1a2d352ebb121cc297330e30ddc7d25aa80dd0956c45f4 height=276
2025-10-21T22:04:11Z Saw new cmpctblock header hash=3e7601a4657fb3ae8e1a2d352ebb121cc297330e30ddc7d25aa80dd0956c45f4 peer=2
2025-10-21T22:04:11Z UpdateTip: new best=3e7601a4657fb3ae8e1a2d352ebb121cc297330e30ddc7d25aa80dd0956c45f4 height=276 version=0x30000000 log2_work=9.113742 tx=3577 date='2025-10-21T22:04:09Z' progress=1.000000 cache=0.3MiB(713txo)
2025-10-21T22:04:17Z Saw new header hash=53d556ae8a333d7c8ec9d026ca9e59804110637353e7df5d783b5e8622dfc163 height=277
2025-10-21T22:04:17Z Saw new cmpctblock header hash=53d556ae8a333d7c8ec9d026ca9e59804110637353e7df5d783b5e8622dfc163 peer=2
2025-10-21T22:04:17Z UpdateTip: new best=53d556ae8a333d7c8ec9d026ca9e59804110637353e7df5d783b5e8622dfc163 height=277 version=0x30000000 log2_work=9.118941 tx=3586 date='2025-10-21T22:04:14Z' progress=1.000000 cache=0.3MiB(715txo)
2025-10-21T22:04:22Z Saw new header hash=68b773870279b01a2201b11b7576b39c992a09823d01b439e16e9f3082a6daa7 height=278
2025-10-21T22:04:22Z Saw new cmpctblock header hash=68b773870279b01a2201b11b7576b39c992a09823d01b439e16e9f3082a6daa7 peer=2
2025-10-21T22:04:22Z UpdateTip: new best=68b773870279b01a2201b11b7576b39c992a09823d01b439e16e9f3082a6daa7 height=278 version=0x30000000 log2_work=9.124121 tx=3596 date='2025-10-21T22:04:20Z' progress=1.000000 cache=0.3MiB(719txo)
2025-10-21T22:04:27Z Saw new header hash=0d714ea2bf8ebb4863e41c359e6986537a82f2ba498befc6ad3ac364cb1829cc height=279
2025-10-21T22:04:27Z Saw new cmpctblock header hash=0d714ea2bf8ebb4863e41c359e6986537a82f2ba498befc6ad3ac364cb1829cc peer=2
2025-10-21T22:04:27Z UpdateTip: new best=0d714ea2bf8ebb4863e41c359e6986537a82f2ba498befc6ad3ac364cb1829cc height=279 version=0x30000000 log2_work=9.129283 tx=3606 date='2025-10-21T22:04:25Z' progress=1.000000 cache=0.3MiB(722txo)
2025-10-21T22:04:33Z Saw new header hash=52b6c42f872b02a602df4c27ec0fa4f2109e2edb3125416d5a2c4ab50c32ea14 height=280
2025-10-21T22:04:33Z Saw new cmpctblock header hash=52b6c42f872b02a602df4c27ec0fa4f2109e2edb3125416d5a2c4ab50c32ea14 peer=2
2025-10-21T22:04:33Z UpdateTip: new best=52b6c42f872b02a602df4c27ec0fa4f2109e2edb3125416d5a2c4ab50c32ea14 height=280 version=0x30000000 log2_work=9.134426 tx=3616 date='2025-10-21T22:04:31Z' progress=1.000000 cache=0.3MiB(722txo)
2025-10-21T22:04:38Z Saw new header hash=0791d297090167007b346ae85b3b5664c42f919df30f4a34b29e40f878c1a2ec height=281
2025-10-21T22:04:38Z Saw new cmpctblock header hash=0791d297090167007b346ae85b3b5664c42f919df30f4a34b29e40f878c1a2ec peer=2
2025-10-21T22:04:38Z UpdateTip: new best=0791d297090167007b346ae85b3b5664c42f919df30f4a34b29e40f878c1a2ec height=281 version=0x30000000 log2_work=9.139551 tx=3626 date='2025-10-21T22:04:36Z' progress=1.000000 cache=0.3MiB(720txo)
2025-10-21T22:04:44Z Saw new header hash=0972e08038f44fe685052abe5e8f64b9f5bfd95e544bd58b42f30a870d1afb37 height=282
2025-10-21T22:04:44Z Saw new cmpctblock header hash=0972e08038f44fe685052abe5e8f64b9f5bfd95e544bd58b42f30a870d1afb37 peer=2
2025-10-21T22:04:44Z UpdateTip: new best=0972e08038f44fe685052abe5e8f64b9f5bfd95e544bd58b42f30a870d1afb37 height=282 version=0x30000000 log2_work=9.144658 tx=3635 date='2025-10-21T22:04:42Z' progress=1.000000 cache=0.3MiB(719txo)
2025-10-21T22:04:49Z Saw new header hash=28a5d8727c866ac26448dc6a7dffdd3c2f0d6a7043e9a9fcb0ac219760d23287 height=283
2025-10-21T22:04:49Z Saw new cmpctblock header hash=28a5d8727c866ac26448dc6a7dffdd3c2f0d6a7043e9a9fcb0ac219760d23287 peer=2
2025-10-21T22:04:49Z UpdateTip: new best=28a5d8727c866ac26448dc6a7dffdd3c2f0d6a7043e9a9fcb0ac219760d23287 height=283 version=0x30000000 log2_work=9.149747 tx=3645 date='2025-10-21T22:04:47Z' progress=1.000000 cache=0.3MiB(730txo)
2025-10-21T22:04:56Z Saw new header hash=216752d634a78866a65738467e86cf79296a98e7f7064e07a093efbd4e9cd48b height=284
2025-10-21T22:04:56Z Saw new cmpctblock header hash=216752d634a78866a65738467e86cf79296a98e7f7064e07a093efbd4e9cd48b peer=2
2025-10-21T22:04:56Z UpdateTip: new best=216752d634a78866a65738467e86cf79296a98e7f7064e07a093efbd4e9cd48b height=284 version=0x30000000 log2_work=9.154818 tx=3651 date='2025-10-21T22:04:53Z' progress=1.000000 cache=0.3MiB(730txo)
2025-10-21T22:05:00Z Saw new header hash=03b813f906478395363bdc0212678600573de746855dd3d8f2629ea33197336b height=285
2025-10-21T22:05:00Z Saw new cmpctblock header hash=03b813f906478395363bdc0212678600573de746855dd3d8f2629ea33197336b peer=2
2025-10-21T22:05:00Z UpdateTip: new best=03b813f906478395363bdc0212678600573de746855dd3d8f2629ea33197336b height=285 version=0x30000000 log2_work=9.159871 tx=3661 date='2025-10-21T22:04:58Z' progress=1.000000 cache=0.3MiB(729txo)
2025-10-21T22:05:06Z Saw new header hash=6a9f002a4150a7cbad5c90b55fc2a056852c4fc986fd3cdee1bd70e6faeccdea height=286
2025-10-21T22:05:06Z Saw new cmpctblock header hash=6a9f002a4150a7cbad5c90b55fc2a056852c4fc986fd3cdee1bd70e6faeccdea peer=2
2025-10-21T22:05:06Z UpdateTip: new best=6a9f002a4150a7cbad5c90b55fc2a056852c4fc986fd3cdee1bd70e6faeccdea height=286 version=0x30000000 log2_work=9.164907 tx=3671 date='2025-10-21T22:05:03Z' progress=1.000000 cache=0.3MiB(731txo)
2025-10-21T22:05:11Z Saw new header hash=3f22bd55dc6f66b07be6e11bb92ce2ffa49260ecfd0ce61bad7c159233bb47d0 height=287
2025-10-21T22:05:11Z Saw new cmpctblock header hash=3f22bd55dc6f66b07be6e11bb92ce2ffa49260ecfd0ce61bad7c159233bb47d0 peer=2
2025-10-21T22:05:11Z UpdateTip: new best=3f22bd55dc6f66b07be6e11bb92ce2ffa49260ecfd0ce61bad7c159233bb47d0 height=287 version=0x30000000 log2_work=9.169925 tx=3679 date='2025-10-21T22:05:09Z' progress=1.000000 cache=0.3MiB(732txo)
2025-10-21T22:05:16Z Saw new header hash=434a11f4658b8a295a8a828ddbbfc60d5874e739e85ce42faf4dc484eadb76b9 height=288
2025-10-21T22:05:16Z Saw new cmpctblock header hash=434a11f4658b8a295a8a828ddbbfc60d5874e739e85ce42faf4dc484eadb76b9 peer=2
2025-10-21T22:05:16Z UpdateTip: new best=434a11f4658b8a295a8a828ddbbfc60d5874e739e85ce42faf4dc484eadb76b9 height=288 version=0x30000000 log2_work=9.174926 tx=3689 date='2025-10-21T22:05:14Z' progress=1.000000 cache=0.3MiB(742txo)
2025-10-21T22:05:22Z Saw new header hash=4324aa544d17eef403e7da49f1fffbcfa72299b38d1d757d4559521384ab4fe4 height=289
2025-10-21T22:05:22Z Saw new cmpctblock header hash=4324aa544d17eef403e7da49f1fffbcfa72299b38d1d757d4559521384ab4fe4 peer=2
2025-10-21T22:05:22Z UpdateTip: new best=4324aa544d17eef403e7da49f1fffbcfa72299b38d1d757d4559521384ab4fe4 height=289 version=0x30000000 log2_work=9.179909 tx=3699 date='2025-10-21T22:05:19Z' progress=1.000000 cache=0.3MiB(751txo)
2025-10-21T22:05:27Z Saw new header hash=6fe869be0993c9b83b60231413c4a866f84816e3e0466645b13e111cf8224364 height=290
2025-10-21T22:05:27Z Saw new cmpctblock header hash=6fe869be0993c9b83b60231413c4a866f84816e3e0466645b13e111cf8224364 peer=2
2025-10-21T22:05:27Z UpdateTip: new best=6fe869be0993c9b83b60231413c4a866f84816e3e0466645b13e111cf8224364 height=290 version=0x30000000 log2_work=9.184875 tx=3709 date='2025-10-21T22:05:25Z' progress=1.000000 cache=0.3MiB(754txo)
2025-10-21T22:05:33Z Saw new header hash=7ffd0701594c38026b3474e63b1f01bf0c05d33a27993f37efdb651083cbad9b height=291
2025-10-21T22:05:33Z Saw new cmpctblock header hash=7ffd0701594c38026b3474e63b1f01bf0c05d33a27993f37efdb651083cbad9b peer=2
2025-10-21T22:05:33Z UpdateTip: new best=7ffd0701594c38026b3474e63b1f01bf0c05d33a27993f37efdb651083cbad9b height=291 version=0x30000000 log2_work=9.189825 tx=3719 date='2025-10-21T22:05:30Z' progress=1.000000 cache=0.3MiB(756txo)
2025-10-21T22:05:38Z Saw new header hash=6391851e87e5d260b66cec595aab70c3f8c3f00a48d5bbe06ebb67bf7eb8d41f height=292
2025-10-21T22:05:38Z Saw new cmpctblock header hash=6391851e87e5d260b66cec595aab70c3f8c3f00a48d5bbe06ebb67bf7eb8d41f peer=2
2025-10-21T22:05:38Z UpdateTip: new best=6391851e87e5d260b66cec595aab70c3f8c3f00a48d5bbe06ebb67bf7eb8d41f height=292 version=0x30000000 log2_work=9.194757 tx=3727 date='2025-10-21T22:05:36Z' progress=1.000000 cache=0.3MiB(763txo)
2025-10-21T22:05:43Z Saw new header hash=3b625feb8e0543d8803b4a9d2ba84686fd9441a89a099def170368be8dbcd22c height=293
2025-10-21T22:05:43Z Saw new cmpctblock header hash=3b625feb8e0543d8803b4a9d2ba84686fd9441a89a099def170368be8dbcd22c peer=2
2025-10-21T22:05:43Z UpdateTip: new best=3b625feb8e0543d8803b4a9d2ba84686fd9441a89a099def170368be8dbcd22c height=293 version=0x30000000 log2_work=9.199672 tx=3735 date='2025-10-21T22:05:41Z' progress=1.000000 cache=0.3MiB(767txo)
2025-10-21T22:05:49Z Saw new header hash=443b0f07e3170abcb7e5e1bd3dae9344cecc09c295ab1a5f5ff583e845caefb7 height=294
2025-10-21T22:05:49Z Saw new cmpctblock header hash=443b0f07e3170abcb7e5e1bd3dae9344cecc09c295ab1a5f5ff583e845caefb7 peer=2
2025-10-21T22:05:49Z UpdateTip: new best=443b0f07e3170abcb7e5e1bd3dae9344cecc09c295ab1a5f5ff583e845caefb7 height=294 version=0x30000000 log2_work=9.204571 tx=3743 date='2025-10-21T22:05:46Z' progress=1.000000 cache=0.3MiB(766txo)
2025-10-21T22:05:54Z Saw new header hash=46d1c438541a4241818dc09f82e5306dd8ee4b5fc907f1a114fce57db77b84f7 height=295
2025-10-21T22:05:54Z Saw new cmpctblock header hash=46d1c438541a4241818dc09f82e5306dd8ee4b5fc907f1a114fce57db77b84f7 peer=2
2025-10-21T22:05:54Z UpdateTip: new best=46d1c438541a4241818dc09f82e5306dd8ee4b5fc907f1a114fce57db77b84f7 height=295 version=0x30000000 log2_work=9.209453 tx=3752 date='2025-10-21T22:05:52Z' progress=1.000000 cache=0.3MiB(771txo)
2025-10-21T22:06:00Z Saw new header hash=4af9d068763be405e9b853ac66dc61ad50139bc414d444264864bb1dcfb27181 height=296
2025-10-21T22:06:00Z Saw new cmpctblock header hash=4af9d068763be405e9b853ac66dc61ad50139bc414d444264864bb1dcfb27181 peer=2
2025-10-21T22:06:00Z UpdateTip: new best=4af9d068763be405e9b853ac66dc61ad50139bc414d444264864bb1dcfb27181 height=296 version=0x30000000 log2_work=9.214319 tx=3762 date='2025-10-21T22:05:58Z' progress=1.000000 cache=0.3MiB(773txo)
2025-10-21T22:06:05Z Saw new header hash=3c883fcb08923ec9160900363bbbb36ef4b56a3d25f7f8fece993bb49e6a0b97 height=297
2025-10-21T22:06:05Z Saw new cmpctblock header hash=3c883fcb08923ec9160900363bbbb36ef4b56a3d25f7f8fece993bb49e6a0b97 peer=2
2025-10-21T22:06:05Z UpdateTip: new best=3c883fcb08923ec9160900363bbbb36ef4b56a3d25f7f8fece993bb49e6a0b97 height=297 version=0x30000000 log2_work=9.219169 tx=3770 date='2025-10-21T22:06:03Z' progress=1.000000 cache=0.3MiB(778txo)
2025-10-21T22:06:11Z Saw new header hash=2f864e773ecb712b141f52893ae95aa88b2a4075178a9ead3537c26725fe19b4 height=298
2025-10-21T22:06:11Z Saw new cmpctblock header hash=2f864e773ecb712b141f52893ae95aa88b2a4075178a9ead3537c26725fe19b4 peer=2
2025-10-21T22:06:11Z UpdateTip: new best=2f864e773ecb712b141f52893ae95aa88b2a4075178a9ead3537c26725fe19b4 height=298 version=0x30000000 log2_work=9.224002 tx=3780 date='2025-10-21T22:06:09Z' progress=1.000000 cache=0.3MiB(784txo)
2025-10-21T22:06:16Z Saw new header hash=660e8f047c9e2afbe7475c84df9d6551e6e353fad2b859e1f0c7a0d6fb07e85c height=299
2025-10-21T22:06:16Z Saw new cmpctblock header hash=660e8f047c9e2afbe7475c84df9d6551e6e353fad2b859e1f0c7a0d6fb07e85c peer=2
2025-10-21T22:06:16Z UpdateTip: new best=660e8f047c9e2afbe7475c84df9d6551e6e353fad2b859e1f0c7a0d6fb07e85c height=299 version=0x30000000 log2_work=9.228819 tx=3790 date='2025-10-21T22:06:14Z' progress=1.000000 cache=0.3MiB(791txo)
2025-10-21T22:06:22Z Saw new header hash=2aee062e665f3120407e7f4f7599f4d3b5a99a49827411c7830ce2217cdf8e5b height=300
2025-10-21T22:06:22Z Saw new cmpctblock header hash=2aee062e665f3120407e7f4f7599f4d3b5a99a49827411c7830ce2217cdf8e5b peer=2
2025-10-21T22:06:22Z UpdateTip: new best=2aee062e665f3120407e7f4f7599f4d3b5a99a49827411c7830ce2217cdf8e5b height=300 version=0x30000000 log2_work=9.233620 tx=3800 date='2025-10-21T22:06:20Z' progress=1.000000 cache=0.3MiB(792txo)
2025-10-21T22:06:27Z Saw new header hash=521f92d77a506e9949066c66ea17727aa770672e977f7a22d364e880180b46a6 height=301
2025-10-21T22:06:27Z Saw new cmpctblock header hash=521f92d77a506e9949066c66ea17727aa770672e977f7a22d364e880180b46a6 peer=2
2025-10-21T22:06:27Z UpdateTip: new best=521f92d77a506e9949066c66ea17727aa770672e977f7a22d364e880180b46a6 height=301 version=0x30000000 log2_work=9.238405 tx=3809 date='2025-10-21T22:06:25Z' progress=1.000000 cache=0.3MiB(800txo)
2025-10-21T22:06:33Z Saw new header hash=7873f608ee8d2bea57c03310b6b0627cf83c300cc50299e91799daa80f4b50f3 height=302
2025-10-21T22:06:33Z Saw new cmpctblock header hash=7873f608ee8d2bea57c03310b6b0627cf83c300cc50299e91799daa80f4b50f3 peer=2
2025-10-21T22:06:33Z UpdateTip: new best=7873f608ee8d2bea57c03310b6b0627cf83c300cc50299e91799daa80f4b50f3 height=302 version=0x30000000 log2_work=9.243174 tx=3818 date='2025-10-21T22:06:31Z' progress=1.000000 cache=0.3MiB(804txo)
2025-10-21T22:06:39Z Saw new header hash=6bcb9333b2bb5377176ec7ab29b9862a390e1d50e5921da3cc4511bbe12fdb0a height=303
2025-10-21T22:06:39Z Saw new cmpctblock header hash=6bcb9333b2bb5377176ec7ab29b9862a390e1d50e5921da3cc4511bbe12fdb0a peer=2
2025-10-21T22:06:39Z UpdateTip: new best=6bcb9333b2bb5377176ec7ab29b9862a390e1d50e5921da3cc4511bbe12fdb0a height=303 version=0x30000000 log2_work=9.247928 tx=3828 date='2025-10-21T22:06:37Z' progress=1.000000 cache=0.3MiB(811txo)
2025-10-21T22:06:44Z Saw new header hash=045ac5dfaa05f089d2fde23e5e336d9bcd901afe1fee6b6b3633e94ab459c0af height=304
2025-10-21T22:06:44Z Saw new cmpctblock header hash=045ac5dfaa05f089d2fde23e5e336d9bcd901afe1fee6b6b3633e94ab459c0af peer=2
2025-10-21T22:06:44Z UpdateTip: new best=045ac5dfaa05f089d2fde23e5e336d9bcd901afe1fee6b6b3633e94ab459c0af height=304 version=0x30000000 log2_work=9.252665 tx=3835 date='2025-10-21T22:06:42Z' progress=1.000000 cache=0.3MiB(815txo)
2025-10-21T22:06:50Z Saw new header hash=6106d592d7390f5e17ba74ab8e0313326f58bd5f443dd0ef05924b3f3c880815 height=305
2025-10-21T22:06:50Z Saw new cmpctblock header hash=6106d592d7390f5e17ba74ab8e0313326f58bd5f443dd0ef05924b3f3c880815 peer=2
2025-10-21T22:06:50Z UpdateTip: new best=6106d592d7390f5e17ba74ab8e0313326f58bd5f443dd0ef05924b3f3c880815 height=305 version=0x30000000 log2_work=9.257388 tx=3845 date='2025-10-21T22:06:48Z' progress=1.000000 cache=0.3MiB(817txo)
2025-10-21T22:06:56Z Saw new header hash=74411b70b768f0f22ea6ac3507311f97aefee27a325203d75bb6f7425601471a height=306
2025-10-21T22:06:56Z Saw new cmpctblock header hash=74411b70b768f0f22ea6ac3507311f97aefee27a325203d75bb6f7425601471a peer=2
2025-10-21T22:06:56Z UpdateTip: new best=74411b70b768f0f22ea6ac3507311f97aefee27a325203d75bb6f7425601471a height=306 version=0x30000000 log2_work=9.262095 tx=3855 date='2025-10-21T22:06:53Z' progress=1.000000 cache=0.3MiB(825txo)
2025-10-21T22:07:02Z Saw new header hash=5bfefa0f2ad0d419212e5bba9a06c23a4c0ab473dcb89361379af662e7e247f9 height=307
2025-10-21T22:07:02Z Saw new cmpctblock header hash=5bfefa0f2ad0d419212e5bba9a06c23a4c0ab473dcb89361379af662e7e247f9 peer=2
2025-10-21T22:07:02Z UpdateTip: new best=5bfefa0f2ad0d419212e5bba9a06c23a4c0ab473dcb89361379af662e7e247f9 height=307 version=0x30000000 log2_work=9.266787 tx=3864 date='2025-10-21T22:06:59Z' progress=1.000000 cache=0.3MiB(829txo)
2025-10-21T22:07:07Z Saw new header hash=41d6a0b125de2df4d621ac8ededebfa10628326630c8b01b1fa77974972b29c6 height=308
2025-10-21T22:07:07Z Saw new cmpctblock header hash=41d6a0b125de2df4d621ac8ededebfa10628326630c8b01b1fa77974972b29c6 peer=2
2025-10-21T22:07:07Z UpdateTip: new best=41d6a0b125de2df4d621ac8ededebfa10628326630c8b01b1fa77974972b29c6 height=308 version=0x30000000 log2_work=9.271463 tx=3874 date='2025-10-21T22:07:05Z' progress=1.000000 cache=0.3MiB(832txo)
2025-10-21T22:07:12Z Saw new header hash=6c9b2e7498f1b5ccb3e38767c79f93d081497a61b142189284610fd5fa8303b2 height=309
2025-10-21T22:07:12Z Saw new cmpctblock header hash=6c9b2e7498f1b5ccb3e38767c79f93d081497a61b142189284610fd5fa8303b2 peer=2
2025-10-21T22:07:12Z UpdateTip: new best=6c9b2e7498f1b5ccb3e38767c79f93d081497a61b142189284610fd5fa8303b2 height=309 version=0x30000000 log2_work=9.276124 tx=3884 date='2025-10-21T22:07:10Z' progress=1.000000 cache=0.3MiB(837txo)
2025-10-21T22:07:18Z Saw new header hash=1c2c1068deeecdf66386b1417c5c257a2accdd494d1c998577d65c7fc7dec5f9 height=310
2025-10-21T22:07:18Z Saw new cmpctblock header hash=1c2c1068deeecdf66386b1417c5c257a2accdd494d1c998577d65c7fc7dec5f9 peer=2
2025-10-21T22:07:18Z UpdateTip: new best=1c2c1068deeecdf66386b1417c5c257a2accdd494d1c998577d65c7fc7dec5f9 height=310 version=0x30000000 log2_work=9.280771 tx=3894 date='2025-10-21T22:07:16Z' progress=1.000000 cache=0.3MiB(844txo)
2025-10-21T22:07:24Z Saw new header hash=13184c8bc3c209a08bcef6dd54afba897e2319b32bd7322dd7ebd81222fae97d height=311
2025-10-21T22:07:24Z Saw new cmpctblock header hash=13184c8bc3c209a08bcef6dd54afba897e2319b32bd7322dd7ebd81222fae97d peer=2
2025-10-21T22:07:24Z UpdateTip: new best=13184c8bc3c209a08bcef6dd54afba897e2319b32bd7322dd7ebd81222fae97d height=311 version=0x30000000 log2_work=9.285402 tx=3905 date='2025-10-21T22:07:21Z' progress=1.000000 cache=0.3MiB(845txo)
2025-10-21T22:07:29Z Saw new header hash=63265e267e6493bf196bb146c8a1dce2019252802aa2451db307dcd1e225d2d9 height=312
2025-10-21T22:07:29Z Saw new cmpctblock header hash=63265e267e6493bf196bb146c8a1dce2019252802aa2451db307dcd1e225d2d9 peer=2
2025-10-21T22:07:29Z UpdateTip: new best=63265e267e6493bf196bb146c8a1dce2019252802aa2451db307dcd1e225d2d9 height=312 version=0x30000000 log2_work=9.290019 tx=3914 date='2025-10-21T22:07:27Z' progress=1.000000 cache=0.3MiB(847txo)
2025-10-21T22:07:35Z Saw new header hash=0b1123619dd79da7c77b4d9e11eee0a589c534b52d04ce9a702d5ca8b902ce19 height=313
2025-10-21T22:07:35Z Saw new cmpctblock header hash=0b1123619dd79da7c77b4d9e11eee0a589c534b52d04ce9a702d5ca8b902ce19 peer=2
2025-10-21T22:07:35Z UpdateTip: new best=0b1123619dd79da7c77b4d9e11eee0a589c534b52d04ce9a702d5ca8b902ce19 height=313 version=0x30000000 log2_work=9.294621 tx=3924 date='2025-10-21T22:07:33Z' progress=1.000000 cache=0.3MiB(852txo)
2025-10-21T22:07:41Z Saw new header hash=1e763abb458434a123540af190238fce8b920328e57363d2793a2094f4354f0e height=314
2025-10-21T22:07:41Z Saw new cmpctblock header hash=1e763abb458434a123540af190238fce8b920328e57363d2793a2094f4354f0e peer=2
2025-10-21T22:07:41Z UpdateTip: new best=1e763abb458434a123540af190238fce8b920328e57363d2793a2094f4354f0e height=314 version=0x30000000 log2_work=9.299208 tx=3932 date='2025-10-21T22:07:39Z' progress=1.000000 cache=0.3MiB(857txo)
2025-10-21T22:07:47Z Saw new header hash=1c9b6183108975fc41b2ac617a1e9f82f3e0be19fe607f9670bd64c35f8245b2 height=315
2025-10-21T22:07:47Z Saw new cmpctblock header hash=1c9b6183108975fc41b2ac617a1e9f82f3e0be19fe607f9670bd64c35f8245b2 peer=2
2025-10-21T22:07:47Z UpdateTip: new best=1c9b6183108975fc41b2ac617a1e9f82f3e0be19fe607f9670bd64c35f8245b2 height=315 version=0x30000000 log2_work=9.303781 tx=3942 date='2025-10-21T22:07:45Z' progress=1.000000 cache=0.3MiB(864txo)
2025-10-21T22:07:52Z Saw new header hash=4b0436bfa14efb6787a32e501705cea46a6241073d92336c23947a7af4beb71c height=316
2025-10-21T22:07:52Z Saw new cmpctblock header hash=4b0436bfa14efb6787a32e501705cea46a6241073d92336c23947a7af4beb71c peer=2
2025-10-21T22:07:52Z UpdateTip: new best=4b0436bfa14efb6787a32e501705cea46a6241073d92336c23947a7af4beb71c height=316 version=0x30000000 log2_work=9.308339 tx=3952 date='2025-10-21T22:07:50Z' progress=1.000000 cache=0.3MiB(872txo)
2025-10-21T22:07:58Z Saw new header hash=55211a12272444b4697a925d0980f2cc26c4fb2d96fc29ac7d9a24df6396f4ab height=317
2025-10-21T22:07:58Z Saw new cmpctblock header hash=55211a12272444b4697a925d0980f2cc26c4fb2d96fc29ac7d9a24df6396f4ab peer=2
2025-10-21T22:07:58Z UpdateTip: new best=55211a12272444b4697a925d0980f2cc26c4fb2d96fc29ac7d9a24df6396f4ab height=317 version=0x30000000 log2_work=9.312883 tx=3962 date='2025-10-21T22:07:56Z' progress=1.000000 cache=0.3MiB(875txo)
2025-10-21T22:08:04Z Saw new header hash=62fd45c656dbfd27649200c4af4c1eb8c5f82a52ddbf3b070cb17c59f84a802b height=318
2025-10-21T22:08:04Z Saw new cmpctblock header hash=62fd45c656dbfd27649200c4af4c1eb8c5f82a52ddbf3b070cb17c59f84a802b peer=2
2025-10-21T22:08:04Z UpdateTip: new best=62fd45c656dbfd27649200c4af4c1eb8c5f82a52ddbf3b070cb17c59f84a802b height=318 version=0x30000000 log2_work=9.317413 tx=3972 date='2025-10-21T22:08:01Z' progress=1.000000 cache=0.3MiB(881txo)
2025-10-21T22:08:09Z Saw new header hash=595ab2a4b606631083a4c0f7154119e8659bb3773b842792f10bc1b6d7be62c1 height=319
2025-10-21T22:08:09Z Saw new cmpctblock header hash=595ab2a4b606631083a4c0f7154119e8659bb3773b842792f10bc1b6d7be62c1 peer=2
2025-10-21T22:08:09Z UpdateTip: new best=595ab2a4b606631083a4c0f7154119e8659bb3773b842792f10bc1b6d7be62c1 height=319 version=0x30000000 log2_work=9.321928 tx=3981 date='2025-10-21T22:08:07Z' progress=1.000000 cache=0.3MiB(886txo)
2025-10-21T22:08:14Z Saw new header hash=73e1079e580906c39403ccedd079a27067df31550d3d97d3e17b17363b684102 height=320
2025-10-21T22:08:14Z Saw new cmpctblock header hash=73e1079e580906c39403ccedd079a27067df31550d3d97d3e17b17363b684102 peer=2
2025-10-21T22:08:14Z UpdateTip: new best=73e1079e580906c39403ccedd079a27067df31550d3d97d3e17b17363b684102 height=320 version=0x30000000 log2_work=9.326429 tx=3991 date='2025-10-21T22:08:12Z' progress=1.000000 cache=0.3MiB(887txo)
2025-10-21T22:08:20Z Saw new header hash=75059e635ce4b751ea2de9372445fd25aef6fe55e1d9d42c3c37ff80fea08266 height=321
2025-10-21T22:08:20Z Saw new cmpctblock header hash=75059e635ce4b751ea2de9372445fd25aef6fe55e1d9d42c3c37ff80fea08266 peer=2
2025-10-21T22:08:20Z UpdateTip: new best=75059e635ce4b751ea2de9372445fd25aef6fe55e1d9d42c3c37ff80fea08266 height=321 version=0x30000000 log2_work=9.330917 tx=4001 date='2025-10-21T22:08:17Z' progress=1.000000 cache=0.3MiB(890txo)
2025-10-21T22:08:25Z Saw new header hash=6eee382f40d0ac3654ad22b46d7265a2e535057bbd41d1c5122c6e217bda613f height=322
2025-10-21T22:08:25Z Saw new cmpctblock header hash=6eee382f40d0ac3654ad22b46d7265a2e535057bbd41d1c5122c6e217bda613f peer=2
2025-10-21T22:08:25Z UpdateTip: new best=6eee382f40d0ac3654ad22b46d7265a2e535057bbd41d1c5122c6e217bda613f height=322 version=0x30000000 log2_work=9.335390 tx=4011 date='2025-10-21T22:08:23Z' progress=1.000000 cache=0.3MiB(897txo)
2025-10-21T22:08:31Z Saw new header hash=28e619e2f3001fa4be1861f381d6bb985301e51d182ccbd866f6cc84474e9c94 height=323
2025-10-21T22:08:31Z Saw new cmpctblock header hash=28e619e2f3001fa4be1861f381d6bb985301e51d182ccbd866f6cc84474e9c94 peer=2
2025-10-21T22:08:31Z UpdateTip: new best=28e619e2f3001fa4be1861f381d6bb985301e51d182ccbd866f6cc84474e9c94 height=323 version=0x30000000 log2_work=9.339850 tx=4018 date='2025-10-21T22:08:28Z' progress=1.000000 cache=0.3MiB(898txo)
2025-10-21T22:08:36Z Saw new header hash=023e414e987bcac39f060f3e001db2bfadb9306a8a1e236bebdd0ad987881396 height=324
2025-10-21T22:08:36Z Saw new cmpctblock header hash=023e414e987bcac39f060f3e001db2bfadb9306a8a1e236bebdd0ad987881396 peer=2
2025-10-21T22:08:36Z UpdateTip: new best=023e414e987bcac39f060f3e001db2bfadb9306a8a1e236bebdd0ad987881396 height=324 version=0x30000000 log2_work=9.344296 tx=4028 date='2025-10-21T22:08:34Z' progress=1.000000 cache=0.3MiB(902txo)
2025-10-21T22:08:42Z Saw new header hash=4aa8130e5357609b4479e67d45be07fd911a1b99a50ac9184bcbb6cd21568fad height=325
2025-10-21T22:08:42Z Saw new cmpctblock header hash=4aa8130e5357609b4479e67d45be07fd911a1b99a50ac9184bcbb6cd21568fad peer=2
2025-10-21T22:08:42Z UpdateTip: new best=4aa8130e5357609b4479e67d45be07fd911a1b99a50ac9184bcbb6cd21568fad height=325 version=0x30000000 log2_work=9.348728 tx=4037 date='2025-10-21T22:08:39Z' progress=1.000000 cache=0.3MiB(905txo)
2025-10-21T22:08:49Z Saw new header hash=17ee3c4528a15238f54e41ee67ad4794c881e7e82659e1e9c065f5506bdaa490 height=326
2025-10-21T22:08:49Z Saw new cmpctblock header hash=17ee3c4528a15238f54e41ee67ad4794c881e7e82659e1e9c065f5506bdaa490 peer=2
2025-10-21T22:08:49Z UpdateTip: new best=17ee3c4528a15238f54e41ee67ad4794c881e7e82659e1e9c065f5506bdaa490 height=326 version=0x30000000 log2_work=9.353147 tx=4047 date='2025-10-21T22:08:46Z' progress=1.000000 cache=0.3MiB(908txo)
2025-10-21T22:08:54Z Saw new header hash=2529113dd0bd2b4a69b3deb3d1e1f4a099d4956137aeb00b8d002b5821a69731 height=327
2025-10-21T22:08:54Z Saw new cmpctblock header hash=2529113dd0bd2b4a69b3deb3d1e1f4a099d4956137aeb00b8d002b5821a69731 peer=2
2025-10-21T22:08:54Z UpdateTip: new best=2529113dd0bd2b4a69b3deb3d1e1f4a099d4956137aeb00b8d002b5821a69731 height=327 version=0x30000000 log2_work=9.357552 tx=4057 date='2025-10-21T22:08:51Z' progress=1.000000 cache=0.3MiB(915txo)
2025-10-21T22:08:59Z Saw new header hash=0e29f9baff0f99ec3677eaba925f5e75394a2e91ff50ef2df84ee61f1d85fb9c height=328
2025-10-21T22:08:59Z Saw new cmpctblock header hash=0e29f9baff0f99ec3677eaba925f5e75394a2e91ff50ef2df84ee61f1d85fb9c peer=2
2025-10-21T22:08:59Z UpdateTip: new best=0e29f9baff0f99ec3677eaba925f5e75394a2e91ff50ef2df84ee61f1d85fb9c height=328 version=0x30000000 log2_work=9.361944 tx=4067 date='2025-10-21T22:08:57Z' progress=1.000000 cache=0.3MiB(910txo)
2025-10-21T22:09:05Z Saw new header hash=3f61ae126b8c8082dbd49747ce54653cd0dbea100ad8cb04255c6d176b88dc4d height=329
2025-10-21T22:09:05Z Saw new cmpctblock header hash=3f61ae126b8c8082dbd49747ce54653cd0dbea100ad8cb04255c6d176b88dc4d peer=2
2025-10-21T22:09:05Z UpdateTip: new best=3f61ae126b8c8082dbd49747ce54653cd0dbea100ad8cb04255c6d176b88dc4d height=329 version=0x30000000 log2_work=9.366322 tx=4077 date='2025-10-21T22:09:02Z' progress=1.000000 cache=0.3MiB(914txo)
2025-10-21T22:09:11Z Saw new header hash=15e1ada543cdac7e46e394310df3c1035a72fa49f7d8ed5aac96b0785592b9f9 height=330
2025-10-21T22:09:11Z Saw new cmpctblock header hash=15e1ada543cdac7e46e394310df3c1035a72fa49f7d8ed5aac96b0785592b9f9 peer=2
2025-10-21T22:09:11Z UpdateTip: new best=15e1ada543cdac7e46e394310df3c1035a72fa49f7d8ed5aac96b0785592b9f9 height=330 version=0x30000000 log2_work=9.370687 tx=4086 date='2025-10-21T22:09:09Z' progress=1.000000 cache=0.3MiB(919txo)
2025-10-21T22:09:17Z Saw new header hash=281fe0c6ff75acacf3a152539ffe141a4a913eaf7153272178123080509add14 height=331
2025-10-21T22:09:17Z Saw new cmpctblock header hash=281fe0c6ff75acacf3a152539ffe141a4a913eaf7153272178123080509add14 peer=2
2025-10-21T22:09:17Z UpdateTip: new best=281fe0c6ff75acacf3a152539ffe141a4a913eaf7153272178123080509add14 height=331 version=0x30000000 log2_work=9.375039 tx=4095 date='2025-10-21T22:09:15Z' progress=1.000000 cache=0.3MiB(919txo)
2025-10-21T22:09:23Z Saw new header hash=66dd60328d286fb5c5dea67aae84dd91ce72e56bcdeb157704a3e25451dc1c49 height=332
2025-10-21T22:09:23Z Saw new cmpctblock header hash=66dd60328d286fb5c5dea67aae84dd91ce72e56bcdeb157704a3e25451dc1c49 peer=2
2025-10-21T22:09:23Z UpdateTip: new best=66dd60328d286fb5c5dea67aae84dd91ce72e56bcdeb157704a3e25451dc1c49 height=332 version=0x30000000 log2_work=9.379378 tx=4103 date='2025-10-21T22:09:21Z' progress=1.000000 cache=0.3MiB(925txo)
2025-10-21T22:09:28Z Saw new header hash=03fe229b964d64ec78203b57825ef00613e7faf69b24522e0fa0c02a9e3943d2 height=333
2025-10-21T22:09:28Z Saw new cmpctblock header hash=03fe229b964d64ec78203b57825ef00613e7faf69b24522e0fa0c02a9e3943d2 peer=2
2025-10-21T22:09:28Z UpdateTip: new best=03fe229b964d64ec78203b57825ef00613e7faf69b24522e0fa0c02a9e3943d2 height=333 version=0x30000000 log2_work=9.383704 tx=4113 date='2025-10-21T22:09:26Z' progress=1.000000 cache=0.3MiB(933txo)
2025-10-21T22:09:33Z Saw new header hash=17053722176b99fc0721ea150860c397bea60f66931aa8af0498bca9a0b91fea height=334
2025-10-21T22:09:33Z Saw new cmpctblock header hash=17053722176b99fc0721ea150860c397bea60f66931aa8af0498bca9a0b91fea peer=2
2025-10-21T22:09:33Z UpdateTip: new best=17053722176b99fc0721ea150860c397bea60f66931aa8af0498bca9a0b91fea height=334 version=0x30000000 log2_work=9.388017 tx=4123 date='2025-10-21T22:09:31Z' progress=1.000000 cache=0.3MiB(937txo)
2025-10-21T22:09:38Z Saw new header hash=441b7ebc7c95e5fb1546298dd6f77b6115fe9826af4dfd8277ad7aa8e4b0cb16 height=335
2025-10-21T22:09:38Z Saw new cmpctblock header hash=441b7ebc7c95e5fb1546298dd6f77b6115fe9826af4dfd8277ad7aa8e4b0cb16 peer=2
2025-10-21T22:09:38Z UpdateTip: new best=441b7ebc7c95e5fb1546298dd6f77b6115fe9826af4dfd8277ad7aa8e4b0cb16 height=335 version=0x30000000 log2_work=9.392317 tx=4131 date='2025-10-21T22:09:36Z' progress=1.000000 cache=0.3MiB(933txo)
2025-10-21T22:09:44Z Saw new header hash=1acd47195abb618127ce166a99cc865dfabd1d3ad35ee1d73d6a5a1a90564fc5 height=336
2025-10-21T22:09:44Z Saw new cmpctblock header hash=1acd47195abb618127ce166a99cc865dfabd1d3ad35ee1d73d6a5a1a90564fc5 peer=2
2025-10-21T22:09:44Z UpdateTip: new best=1acd47195abb618127ce166a99cc865dfabd1d3ad35ee1d73d6a5a1a90564fc5 height=336 version=0x30000000 log2_work=9.396605 tx=4141 date='2025-10-21T22:09:42Z' progress=1.000000 cache=0.3MiB(931txo)
2025-10-21T22:09:49Z Saw new header hash=6e68d18008b92cf3903aa8ad33e761ec6a1bfce40ca7ffbc5963d6d33c9ada37 height=337
2025-10-21T22:09:49Z Saw new cmpctblock header hash=6e68d18008b92cf3903aa8ad33e761ec6a1bfce40ca7ffbc5963d6d33c9ada37 peer=2
2025-10-21T22:09:49Z UpdateTip: new best=6e68d18008b92cf3903aa8ad33e761ec6a1bfce40ca7ffbc5963d6d33c9ada37 height=337 version=0x30000000 log2_work=9.400879 tx=4151 date='2025-10-21T22:09:47Z' progress=1.000000 cache=0.3MiB(936txo)
2025-10-21T22:09:55Z Saw new header hash=39153cce87cd2d07df191bc46604b16f45c45fda368322ef2e084da1094cbaa0 height=338
2025-10-21T22:09:55Z Saw new cmpctblock header hash=39153cce87cd2d07df191bc46604b16f45c45fda368322ef2e084da1094cbaa0 peer=2
2025-10-21T22:09:55Z UpdateTip: new best=39153cce87cd2d07df191bc46604b16f45c45fda368322ef2e084da1094cbaa0 height=338 version=0x30000000 log2_work=9.405141 tx=4161 date='2025-10-21T22:09:53Z' progress=1.000000 cache=0.3MiB(943txo)
2025-10-21T22:10:00Z Saw new header hash=69716f9b986c3a4cd2b98768bf4092ccc0222bcf4cfda25a515d45c51b5cdd58 height=339
2025-10-21T22:10:00Z Saw new cmpctblock header hash=69716f9b986c3a4cd2b98768bf4092ccc0222bcf4cfda25a515d45c51b5cdd58 peer=2
2025-10-21T22:10:00Z UpdateTip: new best=69716f9b986c3a4cd2b98768bf4092ccc0222bcf4cfda25a515d45c51b5cdd58 height=339 version=0x30000000 log2_work=9.409391 tx=4170 date='2025-10-21T22:09:58Z' progress=1.000000 cache=0.3MiB(936txo)
2025-10-21T22:10:05Z Saw new header hash=3bd2c4635343cc9433b4e23144b38369ca1e98cac0f5352189c0fb75d3e34f33 height=340
2025-10-21T22:10:05Z Saw new cmpctblock header hash=3bd2c4635343cc9433b4e23144b38369ca1e98cac0f5352189c0fb75d3e34f33 peer=2
2025-10-21T22:10:06Z UpdateTip: new best=3bd2c4635343cc9433b4e23144b38369ca1e98cac0f5352189c0fb75d3e34f33 height=340 version=0x30000000 log2_work=9.413628 tx=4180 date='2025-10-21T22:10:03Z' progress=1.000000 cache=0.3MiB(940txo)
2025-10-21T22:10:11Z Saw new header hash=5363994be5e1fc17ba377c39d096b06798ca508221db52d41325f8fdcc8a1c44 height=341
2025-10-21T22:10:11Z Saw new cmpctblock header hash=5363994be5e1fc17ba377c39d096b06798ca508221db52d41325f8fdcc8a1c44 peer=2
2025-10-21T22:10:11Z UpdateTip: new best=5363994be5e1fc17ba377c39d096b06798ca508221db52d41325f8fdcc8a1c44 height=341 version=0x30000000 log2_work=9.417853 tx=4190 date='2025-10-21T22:10:09Z' progress=1.000000 cache=0.3MiB(939txo)
2025-10-21T22:10:16Z Saw new header hash=1e91800396da6e996975e8864967a2c1125a14eabfccfaf79a244ddcb2b8bcc9 height=342
2025-10-21T22:10:16Z Saw new cmpctblock header hash=1e91800396da6e996975e8864967a2c1125a14eabfccfaf79a244ddcb2b8bcc9 peer=2
2025-10-21T22:10:16Z UpdateTip: new best=1e91800396da6e996975e8864967a2c1125a14eabfccfaf79a244ddcb2b8bcc9 height=342 version=0x30000000 log2_work=9.422065 tx=4198 date='2025-10-21T22:10:14Z' progress=1.000000 cache=0.3MiB(943txo)
2025-10-21T22:10:22Z Saw new header hash=223069ebb55b12b8b2cdd0e9f93bc0f38d7e5267ca9e7c5d1271f09addac6a12 height=343
2025-10-21T22:10:22Z Saw new cmpctblock header hash=223069ebb55b12b8b2cdd0e9f93bc0f38d7e5267ca9e7c5d1271f09addac6a12 peer=2
2025-10-21T22:10:22Z UpdateTip: new best=223069ebb55b12b8b2cdd0e9f93bc0f38d7e5267ca9e7c5d1271f09addac6a12 height=343 version=0x30000000 log2_work=9.426265 tx=4208 date='2025-10-21T22:10:19Z' progress=1.000000 cache=0.3MiB(952txo)
2025-10-21T22:10:27Z Saw new header hash=04b523af68e6f98c03ccffe3b47d2c03167798fb16db476d2d90d6e17454ddcd height=344
2025-10-21T22:10:27Z Saw new cmpctblock header hash=04b523af68e6f98c03ccffe3b47d2c03167798fb16db476d2d90d6e17454ddcd peer=2
2025-10-21T22:10:27Z UpdateTip: new best=04b523af68e6f98c03ccffe3b47d2c03167798fb16db476d2d90d6e17454ddcd height=344 version=0x30000000 log2_work=9.430453 tx=4218 date='2025-10-21T22:10:25Z' progress=1.000000 cache=0.3MiB(950txo)
2025-10-21T22:10:33Z Saw new header hash=01f64230da41ad5be7ebe019a8fdf3efdb7e892c087ee644fd9156c47b6cf5ee height=345
2025-10-21T22:10:33Z Saw new cmpctblock header hash=01f64230da41ad5be7ebe019a8fdf3efdb7e892c087ee644fd9156c47b6cf5ee peer=2
2025-10-21T22:10:33Z UpdateTip: new best=01f64230da41ad5be7ebe019a8fdf3efdb7e892c087ee644fd9156c47b6cf5ee height=345 version=0x30000000 log2_work=9.434628 tx=4228 date='2025-10-21T22:10:31Z' progress=1.000000 cache=0.3MiB(951txo)
2025-10-21T22:10:38Z Saw new header hash=123460643278e7ed07228b2a2648c6fd12ba0a52e90b4b7e585b0192bfda2d12 height=346
2025-10-21T22:10:38Z Saw new cmpctblock header hash=123460643278e7ed07228b2a2648c6fd12ba0a52e90b4b7e585b0192bfda2d12 peer=2
2025-10-21T22:10:38Z UpdateTip: new best=123460643278e7ed07228b2a2648c6fd12ba0a52e90b4b7e585b0192bfda2d12 height=346 version=0x30000000 log2_work=9.438792 tx=4238 date='2025-10-21T22:10:36Z' progress=1.000000 cache=0.3MiB(955txo)
2025-10-21T22:10:43Z Saw new header hash=2f77b794aca99644a4a13f13ca05469b3d6f2b39e0e64f6a569f4defa12847ba height=347
2025-10-21T22:10:43Z Saw new cmpctblock header hash=2f77b794aca99644a4a13f13ca05469b3d6f2b39e0e64f6a569f4defa12847ba peer=2
2025-10-21T22:10:43Z UpdateTip: new best=2f77b794aca99644a4a13f13ca05469b3d6f2b39e0e64f6a569f4defa12847ba height=347 version=0x30000000 log2_work=9.442943 tx=4247 date='2025-10-21T22:10:41Z' progress=1.000000 cache=0.3MiB(959txo)
2025-10-21T22:10:49Z Saw new header hash=7ef83c5e4f8819b2de49777fd6413b2cb5fe0c8c02456aff753b97b55d4ff7bf height=348
2025-10-21T22:10:49Z Saw new cmpctblock header hash=7ef83c5e4f8819b2de49777fd6413b2cb5fe0c8c02456aff753b97b55d4ff7bf peer=2
2025-10-21T22:10:49Z UpdateTip: new best=7ef83c5e4f8819b2de49777fd6413b2cb5fe0c8c02456aff753b97b55d4ff7bf height=348 version=0x30000000 log2_work=9.447083 tx=4253 date='2025-10-21T22:10:47Z' progress=1.000000 cache=0.3MiB(963txo)
2025-10-21T22:10:54Z Saw new header hash=6b8b73b47f9abe0bccd6518af5466e211ec9b1385b835fa1d3b2b3c7143e54d4 height=349
2025-10-21T22:10:54Z Saw new cmpctblock header hash=6b8b73b47f9abe0bccd6518af5466e211ec9b1385b835fa1d3b2b3c7143e54d4 peer=2
2025-10-21T22:10:54Z UpdateTip: new best=6b8b73b47f9abe0bccd6518af5466e211ec9b1385b835fa1d3b2b3c7143e54d4 height=349 version=0x30000000 log2_work=9.451211 tx=4263 date='2025-10-21T22:10:52Z' progress=1.000000 cache=0.3MiB(970txo)
2025-10-21T22:11:00Z Saw new header hash=20a98b4fe150690293f9132dda023ff528c16a776923de609b577d01f9165a87 height=350
2025-10-21T22:11:00Z Saw new cmpctblock header hash=20a98b4fe150690293f9132dda023ff528c16a776923de609b577d01f9165a87 peer=2
2025-10-21T22:11:00Z UpdateTip: new best=20a98b4fe150690293f9132dda023ff528c16a776923de609b577d01f9165a87 height=350 version=0x30000000 log2_work=9.455327 tx=4273 date='2025-10-21T22:10:57Z' progress=1.000000 cache=0.3MiB(975txo)
2025-10-21T22:11:05Z Saw new header hash=5d1b4ee8130aaba000bd83d33f200a9bc576c739efacc90797f04b3baadcc4f9 height=351
2025-10-21T22:11:05Z Saw new cmpctblock header hash=5d1b4ee8130aaba000bd83d33f200a9bc576c739efacc90797f04b3baadcc4f9 peer=2
2025-10-21T22:11:05Z UpdateTip: new best=5d1b4ee8130aaba000bd83d33f200a9bc576c739efacc90797f04b3baadcc4f9 height=351 version=0x30000000 log2_work=9.459432 tx=4282 date='2025-10-21T22:11:03Z' progress=1.000000 cache=0.3MiB(977txo)
2025-10-21T22:11:10Z Saw new header hash=2e0484b745512919fe0b64fe9c52c7929c251b0b558c66066694089990f1eb45 height=352
2025-10-21T22:11:10Z Saw new cmpctblock header hash=2e0484b745512919fe0b64fe9c52c7929c251b0b558c66066694089990f1eb45 peer=2
2025-10-21T22:11:10Z UpdateTip: new best=2e0484b745512919fe0b64fe9c52c7929c251b0b558c66066694089990f1eb45 height=352 version=0x30000000 log2_work=9.463524 tx=4292 date='2025-10-21T22:11:08Z' progress=1.000000 cache=0.3MiB(977txo)
2025-10-21T22:11:16Z Saw new header hash=4a873f218c44bb315c670930bc9286a3cf9e7393f958775632373c74a2bd4ff5 height=353
2025-10-21T22:11:16Z Saw new cmpctblock header hash=4a873f218c44bb315c670930bc9286a3cf9e7393f958775632373c74a2bd4ff5 peer=2
2025-10-21T22:11:16Z UpdateTip: new best=4a873f218c44bb315c670930bc9286a3cf9e7393f958775632373c74a2bd4ff5 height=353 version=0x30000000 log2_work=9.467606 tx=4302 date='2025-10-21T22:11:14Z' progress=1.000000 cache=0.3MiB(976txo)
2025-10-21T22:11:21Z Saw new header hash=3ee9b9372b730cc8656af300052ade0c1e73c66c4bae1056a1aceb951bda1e6d height=354
2025-10-21T22:11:21Z Saw new cmpctblock header hash=3ee9b9372b730cc8656af300052ade0c1e73c66c4bae1056a1aceb951bda1e6d peer=2
2025-10-21T22:11:21Z UpdateTip: new best=3ee9b9372b730cc8656af300052ade0c1e73c66c4bae1056a1aceb951bda1e6d height=354 version=0x30000000 log2_work=9.471675 tx=4311 date='2025-10-21T22:11:19Z' progress=1.000000 cache=0.3MiB(981txo)
2025-10-21T22:11:26Z Saw new header hash=584f12e223ae669f7cecc04baa7dd6c6d9dcb34d5268a84081bdbac1f793e3d2 height=355
2025-10-21T22:11:26Z Saw new cmpctblock header hash=584f12e223ae669f7cecc04baa7dd6c6d9dcb34d5268a84081bdbac1f793e3d2 peer=2
2025-10-21T22:11:26Z UpdateTip: new best=584f12e223ae669f7cecc04baa7dd6c6d9dcb34d5268a84081bdbac1f793e3d2 height=355 version=0x30000000 log2_work=9.475733 tx=4319 date='2025-10-21T22:11:24Z' progress=1.000000 cache=0.3MiB(982txo)
2025-10-21T22:11:32Z Saw new header hash=1b4a4f883fe13bc9d50620a4566f11dcd1abb13b2d33614ed36181d0f30d54b4 height=356
2025-10-21T22:11:32Z Saw new cmpctblock header hash=1b4a4f883fe13bc9d50620a4566f11dcd1abb13b2d33614ed36181d0f30d54b4 peer=2
2025-10-21T22:11:32Z UpdateTip: new best=1b4a4f883fe13bc9d50620a4566f11dcd1abb13b2d33614ed36181d0f30d54b4 height=356 version=0x30000000 log2_work=9.479780 tx=4327 date='2025-10-21T22:11:30Z' progress=1.000000 cache=0.3MiB(978txo)
2025-10-21T22:11:38Z Saw new header hash=664b1a0f308c8370dc99e418a8872fc7aed2251cad2631eaf36d51b58da240a3 height=357
2025-10-21T22:11:38Z Saw new cmpctblock header hash=664b1a0f308c8370dc99e418a8872fc7aed2251cad2631eaf36d51b58da240a3 peer=2
2025-10-21T22:11:38Z UpdateTip: new best=664b1a0f308c8370dc99e418a8872fc7aed2251cad2631eaf36d51b58da240a3 height=357 version=0x30000000 log2_work=9.483816 tx=4337 date='2025-10-21T22:11:36Z' progress=1.000000 cache=0.3MiB(982txo)
2025-10-21T22:11:44Z Saw new header hash=04f1053771fc96a5385fc8a7fcfa6b315df11882caacdeb07f822b30bbefd608 height=358
2025-10-21T22:11:44Z Saw new cmpctblock header hash=04f1053771fc96a5385fc8a7fcfa6b315df11882caacdeb07f822b30bbefd608 peer=2
2025-10-21T22:11:44Z UpdateTip: new best=04f1053771fc96a5385fc8a7fcfa6b315df11882caacdeb07f822b30bbefd608 height=358 version=0x30000000 log2_work=9.487840 tx=4347 date='2025-10-21T22:11:42Z' progress=1.000000 cache=0.3MiB(986txo)
2025-10-21T22:11:50Z Saw new header hash=38be91388ca29a0a7f8899020ef98ecf78e63fef6ab1caf4b0e4ec095caa401a height=359
2025-10-21T22:11:50Z Saw new cmpctblock header hash=38be91388ca29a0a7f8899020ef98ecf78e63fef6ab1caf4b0e4ec095caa401a peer=2
2025-10-21T22:11:50Z UpdateTip: new best=38be91388ca29a0a7f8899020ef98ecf78e63fef6ab1caf4b0e4ec095caa401a height=359 version=0x30000000 log2_work=9.491853 tx=4357 date='2025-10-21T22:11:48Z' progress=1.000000 cache=0.3MiB(990txo)
2025-10-21T22:11:55Z Saw new header hash=117d6068e47b2bcc5a94369996081411f28b03b4b744d057a65278e2b7229445 height=360
2025-10-21T22:11:55Z Saw new cmpctblock header hash=117d6068e47b2bcc5a94369996081411f28b03b4b744d057a65278e2b7229445 peer=2
2025-10-21T22:11:55Z UpdateTip: new best=117d6068e47b2bcc5a94369996081411f28b03b4b744d057a65278e2b7229445 height=360 version=0x30000000 log2_work=9.495855 tx=4366 date='2025-10-21T22:11:53Z' progress=1.000000 cache=0.3MiB(993txo)
2025-10-21T22:12:00Z Saw new header hash=71d9c12c4a63ff7ca9cf1011fecf2847a2be88b46a10eb8c31334b62649696d1 height=361
2025-10-21T22:12:00Z Saw new cmpctblock header hash=71d9c12c4a63ff7ca9cf1011fecf2847a2be88b46a10eb8c31334b62649696d1 peer=2
2025-10-21T22:12:00Z UpdateTip: new best=71d9c12c4a63ff7ca9cf1011fecf2847a2be88b46a10eb8c31334b62649696d1 height=361 version=0x30000000 log2_work=9.499846 tx=4376 date='2025-10-21T22:11:58Z' progress=1.000000 cache=0.3MiB(998txo)
2025-10-21T22:12:06Z Saw new header hash=6c4a7b3b1c15b43a8c127630a6e70f0a3b8b417a82e71a442b7a7d955bda66c9 height=362
2025-10-21T22:12:06Z Saw new cmpctblock header hash=6c4a7b3b1c15b43a8c127630a6e70f0a3b8b417a82e71a442b7a7d955bda66c9 peer=2
2025-10-21T22:12:06Z UpdateTip: new best=6c4a7b3b1c15b43a8c127630a6e70f0a3b8b417a82e71a442b7a7d955bda66c9 height=362 version=0x30000000 log2_work=9.503826 tx=4386 date='2025-10-21T22:12:04Z' progress=1.000000 cache=0.3MiB(1002txo)
2025-10-21T22:12:11Z Saw new header hash=666293eea662112b1bb282228288aa4043ef104b1b586484b4e61ba8dbdf5a2c height=363
2025-10-21T22:12:11Z Saw new cmpctblock header hash=666293eea662112b1bb282228288aa4043ef104b1b586484b4e61ba8dbdf5a2c peer=2
2025-10-21T22:12:11Z UpdateTip: new best=666293eea662112b1bb282228288aa4043ef104b1b586484b4e61ba8dbdf5a2c height=363 version=0x30000000 log2_work=9.507795 tx=4396 date='2025-10-21T22:12:09Z' progress=1.000000 cache=0.3MiB(1004txo)
2025-10-21T22:12:17Z Saw new header hash=3fe8663adb9e6302dab033981857dd86b3d1771dec594075015f09ab992ccf50 height=364
2025-10-21T22:12:17Z Saw new cmpctblock header hash=3fe8663adb9e6302dab033981857dd86b3d1771dec594075015f09ab992ccf50 peer=2
2025-10-21T22:12:17Z UpdateTip: new best=3fe8663adb9e6302dab033981857dd86b3d1771dec594075015f09ab992ccf50 height=364 version=0x30000000 log2_work=9.511753 tx=4406 date='2025-10-21T22:12:14Z' progress=1.000000 cache=0.3MiB(1009txo)
2025-10-21T22:12:22Z Saw new header hash=34d3db7a91cb1e154dbadc61c5f60fa137ab46618840d7ea46d6d890f174f66e height=365
2025-10-21T22:12:22Z Saw new cmpctblock header hash=34d3db7a91cb1e154dbadc61c5f60fa137ab46618840d7ea46d6d890f174f66e peer=2
2025-10-21T22:12:22Z UpdateTip: new best=34d3db7a91cb1e154dbadc61c5f60fa137ab46618840d7ea46d6d890f174f66e height=365 version=0x30000000 log2_work=9.515700 tx=4414 date='2025-10-21T22:12:20Z' progress=1.000000 cache=0.3MiB(1007txo)
2025-10-21T22:12:28Z Saw new header hash=146be364fcfcfeb5780479a153f2118542f9aae353bda018ee4f476514e91666 height=366
2025-10-21T22:12:28Z Saw new cmpctblock header hash=146be364fcfcfeb5780479a153f2118542f9aae353bda018ee4f476514e91666 peer=2
2025-10-21T22:12:28Z UpdateTip: new best=146be364fcfcfeb5780479a153f2118542f9aae353bda018ee4f476514e91666 height=366 version=0x30000000 log2_work=9.519636 tx=4424 date='2025-10-21T22:12:25Z' progress=1.000000 cache=0.3MiB(1012txo)
2025-10-21T22:12:33Z Saw new header hash=3073b3daa99afd26e59b55b73803085860e9f4b102825b9e2e9bbe7634645ff6 height=367
2025-10-21T22:12:33Z Saw new cmpctblock header hash=3073b3daa99afd26e59b55b73803085860e9f4b102825b9e2e9bbe7634645ff6 peer=2
2025-10-21T22:12:33Z UpdateTip: new best=3073b3daa99afd26e59b55b73803085860e9f4b102825b9e2e9bbe7634645ff6 height=367 version=0x30000000 log2_work=9.523562 tx=4434 date='2025-10-21T22:12:31Z' progress=1.000000 cache=0.3MiB(1012txo)
2025-10-21T22:12:38Z Saw new header hash=41bccb810cfdc91e885a2d6668bb8e1cecc0589651c4ccff943caf7184ab68a5 height=368
2025-10-21T22:12:38Z Saw new cmpctblock header hash=41bccb810cfdc91e885a2d6668bb8e1cecc0589651c4ccff943caf7184ab68a5 peer=2
2025-10-21T22:12:38Z UpdateTip: new best=41bccb810cfdc91e885a2d6668bb8e1cecc0589651c4ccff943caf7184ab68a5 height=368 version=0x30000000 log2_work=9.527477 tx=4444 date='2025-10-21T22:12:36Z' progress=1.000000 cache=0.3MiB(1013txo)
2025-10-21T22:12:44Z Saw new header hash=76d70fb502641e79f191ddd7a90a7c7a3d044879a52f4fdbf7b558a84309bf14 height=369
2025-10-21T22:12:44Z Saw new cmpctblock header hash=76d70fb502641e79f191ddd7a90a7c7a3d044879a52f4fdbf7b558a84309bf14 peer=2
2025-10-21T22:12:44Z UpdateTip: new best=76d70fb502641e79f191ddd7a90a7c7a3d044879a52f4fdbf7b558a84309bf14 height=369 version=0x30000000 log2_work=9.531381 tx=4454 date='2025-10-21T22:12:42Z' progress=1.000000 cache=0.3MiB(1019txo)
2025-10-21T22:12:49Z Saw new header hash=18d2038588ba430e9ffa31cd77be7cd88b6e1a7f7bc8a75c4bb0aa100ac18bff height=370
2025-10-21T22:12:49Z Saw new cmpctblock header hash=18d2038588ba430e9ffa31cd77be7cd88b6e1a7f7bc8a75c4bb0aa100ac18bff peer=2
2025-10-21T22:12:49Z UpdateTip: new best=18d2038588ba430e9ffa31cd77be7cd88b6e1a7f7bc8a75c4bb0aa100ac18bff height=370 version=0x30000000 log2_work=9.535275 tx=4462 date='2025-10-21T22:12:47Z' progress=1.000000 cache=0.3MiB(1025txo)
2025-10-21T22:12:55Z Saw new header hash=0e457712904ba25c2bd135704b96b25f3885a08103a5f90b7f954e4664b4fe9e height=371
2025-10-21T22:12:55Z Saw new cmpctblock header hash=0e457712904ba25c2bd135704b96b25f3885a08103a5f90b7f954e4664b4fe9e peer=2
2025-10-21T22:12:55Z UpdateTip: new best=0e457712904ba25c2bd135704b96b25f3885a08103a5f90b7f954e4664b4fe9e height=371 version=0x30000000 log2_work=9.539159 tx=4472 date='2025-10-21T22:12:53Z' progress=1.000000 cache=0.3MiB(1028txo)
2025-10-21T22:13:01Z Saw new header hash=267adb0ff455384e6660e6f91bf8a79669c8a70b74b9c4fb9ab01f89be468fbf height=372
2025-10-21T22:13:01Z Saw new cmpctblock header hash=267adb0ff455384e6660e6f91bf8a79669c8a70b74b9c4fb9ab01f89be468fbf peer=2
2025-10-21T22:13:01Z UpdateTip: new best=267adb0ff455384e6660e6f91bf8a79669c8a70b74b9c4fb9ab01f89be468fbf height=372 version=0x30000000 log2_work=9.543032 tx=4481 date='2025-10-21T22:12:59Z' progress=1.000000 cache=0.3MiB(1032txo)
2025-10-21T22:13:06Z Saw new header hash=710faf6e29be3fc91e3acd39dac67710e145e657006d61c94691cb70271035f6 height=373
2025-10-21T22:13:06Z Saw new cmpctblock header hash=710faf6e29be3fc91e3acd39dac67710e145e657006d61c94691cb70271035f6 peer=2
2025-10-21T22:13:06Z UpdateTip: new best=710faf6e29be3fc91e3acd39dac67710e145e657006d61c94691cb70271035f6 height=373 version=0x30000000 log2_work=9.546894 tx=4491 date='2025-10-21T22:13:04Z' progress=1.000000 cache=0.3MiB(1038txo)
2025-10-21T22:13:12Z Saw new header hash=577921d724a0d323dcb9c18354e16c1f353284f62da557b501b95a2658eb5880 height=374
2025-10-21T22:13:12Z Saw new cmpctblock header hash=577921d724a0d323dcb9c18354e16c1f353284f62da557b501b95a2658eb5880 peer=2
2025-10-21T22:13:12Z UpdateTip: new best=577921d724a0d323dcb9c18354e16c1f353284f62da557b501b95a2658eb5880 height=374 version=0x30000000 log2_work=9.550747 tx=4499 date='2025-10-21T22:13:10Z' progress=1.000000 cache=0.3MiB(1042txo)
2025-10-21T22:13:17Z Saw new header hash=0022d59fc0703152c9049bdbdb38a40abcd508328f8d5c4d5fe680b21408beb8 height=375
2025-10-21T22:13:17Z Saw new cmpctblock header hash=0022d59fc0703152c9049bdbdb38a40abcd508328f8d5c4d5fe680b21408beb8 peer=2
2025-10-21T22:13:17Z UpdateTip: new best=0022d59fc0703152c9049bdbdb38a40abcd508328f8d5c4d5fe680b21408beb8 height=375 version=0x30000000 log2_work=9.554589 tx=4507 date='2025-10-21T22:13:15Z' progress=1.000000 cache=0.3MiB(1049txo)
2025-10-21T22:13:22Z Saw new header hash=3907ff23f366ca630ee42a2c94a8400d1854eb2988de78eae4c6eaba8d98a616 height=376
2025-10-21T22:13:22Z Saw new cmpctblock header hash=3907ff23f366ca630ee42a2c94a8400d1854eb2988de78eae4c6eaba8d98a616 peer=2
2025-10-21T22:13:22Z UpdateTip: new best=3907ff23f366ca630ee42a2c94a8400d1854eb2988de78eae4c6eaba8d98a616 height=376 version=0x30000000 log2_work=9.558421 tx=4517 date='2025-10-21T22:13:20Z' progress=1.000000 cache=0.3MiB(1051txo)
2025-10-21T22:13:28Z Saw new header hash=7c9b269fc3c56915be4563f9cfca204953aef37b179d8de08e0c3a6781b9e53b height=377
2025-10-21T22:13:28Z Saw new cmpctblock header hash=7c9b269fc3c56915be4563f9cfca204953aef37b179d8de08e0c3a6781b9e53b peer=2
2025-10-21T22:13:28Z UpdateTip: new best=7c9b269fc3c56915be4563f9cfca204953aef37b179d8de08e0c3a6781b9e53b height=377 version=0x30000000 log2_work=9.562242 tx=4525 date='2025-10-21T22:13:26Z' progress=1.000000 cache=0.3MiB(1055txo)
2025-10-21T22:13:34Z Saw new header hash=75abb9ffab04311f85cd0787874cd9ec77d84b23402b8023ffa4aaa3f290aa6c height=378
2025-10-21T22:13:34Z Saw new cmpctblock header hash=75abb9ffab04311f85cd0787874cd9ec77d84b23402b8023ffa4aaa3f290aa6c peer=2
2025-10-21T22:13:34Z UpdateTip: new best=75abb9ffab04311f85cd0787874cd9ec77d84b23402b8023ffa4aaa3f290aa6c height=378 version=0x30000000 log2_work=9.566054 tx=4533 date='2025-10-21T22:13:31Z' progress=1.000000 cache=0.3MiB(1055txo)
2025-10-21T22:13:39Z Saw new header hash=7693e78032b91f2d02f6c67cec2428c42e0fce51d42d86bcda15fa55ad2eb0ad height=379
2025-10-21T22:13:39Z Saw new cmpctblock header hash=7693e78032b91f2d02f6c67cec2428c42e0fce51d42d86bcda15fa55ad2eb0ad peer=2
2025-10-21T22:13:39Z UpdateTip: new best=7693e78032b91f2d02f6c67cec2428c42e0fce51d42d86bcda15fa55ad2eb0ad height=379 version=0x30000000 log2_work=9.569856 tx=4542 date='2025-10-21T22:13:37Z' progress=1.000000 cache=0.3MiB(1063txo)
2025-10-21T22:13:44Z Saw new header hash=162f13ad7feb76742734093051c466542b626002b3bb2979a30ccad37614ee15 height=380
2025-10-21T22:13:44Z Saw new cmpctblock header hash=162f13ad7feb76742734093051c466542b626002b3bb2979a30ccad37614ee15 peer=2
2025-10-21T22:13:44Z UpdateTip: new best=162f13ad7feb76742734093051c466542b626002b3bb2979a30ccad37614ee15 height=380 version=0x30000000 log2_work=9.573647 tx=4552 date='2025-10-21T22:13:42Z' progress=1.000000 cache=0.3MiB(1072txo)
2025-10-21T22:13:50Z Saw new header hash=5ee4b26ca2535a7ee5f86e2c13f3958fb39f8cf360e4de212147c03b13e80608 height=381
2025-10-21T22:13:50Z Saw new cmpctblock header hash=5ee4b26ca2535a7ee5f86e2c13f3958fb39f8cf360e4de212147c03b13e80608 peer=2
2025-10-21T22:13:50Z UpdateTip: new best=5ee4b26ca2535a7ee5f86e2c13f3958fb39f8cf360e4de212147c03b13e80608 height=381 version=0x30000000 log2_work=9.577429 tx=4562 date='2025-10-21T22:13:48Z' progress=1.000000 cache=0.3MiB(1077txo)
2025-10-21T22:13:55Z Saw new header hash=0b6d399f86aa6d8bf9ef1e996b7017a1f9905486f31697e659d1f5080ed1c797 height=382
2025-10-21T22:13:55Z Saw new cmpctblock header hash=0b6d399f86aa6d8bf9ef1e996b7017a1f9905486f31697e659d1f5080ed1c797 peer=2
2025-10-21T22:13:55Z UpdateTip: new best=0b6d399f86aa6d8bf9ef1e996b7017a1f9905486f31697e659d1f5080ed1c797 height=382 version=0x30000000 log2_work=9.581201 tx=4570 date='2025-10-21T22:13:53Z' progress=1.000000 cache=0.3MiB(1079txo)
2025-10-21T22:14:01Z Saw new header hash=2bb764fa9b23dd5b96cc0ab4484e1268eaf6ecb133a06f675b5e666ad4b9c257 height=383
2025-10-21T22:14:01Z Saw new cmpctblock header hash=2bb764fa9b23dd5b96cc0ab4484e1268eaf6ecb133a06f675b5e666ad4b9c257 peer=2
2025-10-21T22:14:01Z UpdateTip: new best=2bb764fa9b23dd5b96cc0ab4484e1268eaf6ecb133a06f675b5e666ad4b9c257 height=383 version=0x30000000 log2_work=9.584963 tx=4580 date='2025-10-21T22:13:58Z' progress=1.000000 cache=0.3MiB(1080txo)
2025-10-21T22:14:06Z Saw new header hash=61d253cd46ee61d530a50a2a1f3b1a119ca77a16df2904b7b59173d03a6193f4 height=384
2025-10-21T22:14:06Z Saw new cmpctblock header hash=61d253cd46ee61d530a50a2a1f3b1a119ca77a16df2904b7b59173d03a6193f4 peer=2
2025-10-21T22:14:06Z UpdateTip: new best=61d253cd46ee61d530a50a2a1f3b1a119ca77a16df2904b7b59173d03a6193f4 height=384 version=0x30000000 log2_work=9.588715 tx=4590 date='2025-10-21T22:14:04Z' progress=1.000000 cache=0.3MiB(1080txo)
2025-10-21T22:14:12Z Saw new header hash=3f70dd41053004949682f74017ff85aaebe02374e010ef7e1acfc93e9a615e0f height=385
2025-10-21T22:14:12Z Saw new cmpctblock header hash=3f70dd41053004949682f74017ff85aaebe02374e010ef7e1acfc93e9a615e0f peer=2
2025-10-21T22:14:12Z UpdateTip: new best=3f70dd41053004949682f74017ff85aaebe02374e010ef7e1acfc93e9a615e0f height=385 version=0x30000000 log2_work=9.592457 tx=4600 date='2025-10-21T22:14:09Z' progress=1.000000 cache=0.3MiB(1080txo)
2025-10-21T22:14:17Z Saw new header hash=3ef2bf419d3a489751df886e207b8af2fc43a078e4116debd7f9a96726c08252 height=386
2025-10-21T22:14:17Z Saw new cmpctblock header hash=3ef2bf419d3a489751df886e207b8af2fc43a078e4116debd7f9a96726c08252 peer=2
2025-10-21T22:14:17Z UpdateTip: new best=3ef2bf419d3a489751df886e207b8af2fc43a078e4116debd7f9a96726c08252 height=386 version=0x30000000 log2_work=9.596190 tx=4610 date='2025-10-21T22:14:15Z' progress=1.000000 cache=0.3MiB(1084txo)
2025-10-21T22:14:22Z Saw new header hash=7b3e3a3886e9ac477cf499aff3c23dc4955e0eb7d7151679268ad2d9a49859dc height=387
2025-10-21T22:14:22Z Saw new cmpctblock header hash=7b3e3a3886e9ac477cf499aff3c23dc4955e0eb7d7151679268ad2d9a49859dc peer=2
2025-10-21T22:14:22Z UpdateTip: new best=7b3e3a3886e9ac477cf499aff3c23dc4955e0eb7d7151679268ad2d9a49859dc height=387 version=0x30000000 log2_work=9.599913 tx=4619 date='2025-10-21T22:14:20Z' progress=1.000000 cache=0.3MiB(1092txo)
2025-10-21T22:14:27Z Saw new header hash=2d04f4c190ff7b417acbc7fbab7788dfd509b8e38c2c7408cf9c3ca739ed98b1 height=388
2025-10-21T22:14:27Z Saw new cmpctblock header hash=2d04f4c190ff7b417acbc7fbab7788dfd509b8e38c2c7408cf9c3ca739ed98b1 peer=2
2025-10-21T22:14:27Z UpdateTip: new best=2d04f4c190ff7b417acbc7fbab7788dfd509b8e38c2c7408cf9c3ca739ed98b1 height=388 version=0x30000000 log2_work=9.603626 tx=4627 date='2025-10-21T22:14:25Z' progress=1.000000 cache=0.3MiB(1100txo)
2025-10-21T22:14:33Z Saw new header hash=4555144ad818e54305ef502d6323e3e1a44376180434ccd3f6e5f28660d50891 height=389
2025-10-21T22:14:33Z Saw new cmpctblock header hash=4555144ad818e54305ef502d6323e3e1a44376180434ccd3f6e5f28660d50891 peer=2
2025-10-21T22:14:33Z UpdateTip: new best=4555144ad818e54305ef502d6323e3e1a44376180434ccd3f6e5f28660d50891 height=389 version=0x30000000 log2_work=9.607330 tx=4637 date='2025-10-21T22:14:31Z' progress=1.000000 cache=0.3MiB(1104txo)
2025-10-21T22:14:39Z Saw new header hash=53b1a4e1cd76252845d26aa6832c93e5a06cc46dfd5924774b1aeab1a3a4d062 height=390
2025-10-21T22:14:39Z Saw new cmpctblock header hash=53b1a4e1cd76252845d26aa6832c93e5a06cc46dfd5924774b1aeab1a3a4d062 peer=2
2025-10-21T22:14:39Z UpdateTip: new best=53b1a4e1cd76252845d26aa6832c93e5a06cc46dfd5924774b1aeab1a3a4d062 height=390 version=0x30000000 log2_work=9.611025 tx=4647 date='2025-10-21T22:14:36Z' progress=1.000000 cache=0.3MiB(1109txo)
2025-10-21T22:14:44Z Saw new header hash=4dbbf8b42ba59587e9435f493772d6b81d15a99bfb63ccd8f5eb0a42219bfd9c height=391
2025-10-21T22:14:44Z Saw new cmpctblock header hash=4dbbf8b42ba59587e9435f493772d6b81d15a99bfb63ccd8f5eb0a42219bfd9c peer=2
2025-10-21T22:14:44Z UpdateTip: new best=4dbbf8b42ba59587e9435f493772d6b81d15a99bfb63ccd8f5eb0a42219bfd9c height=391 version=0x30000000 log2_work=9.614710 tx=4657 date='2025-10-21T22:14:42Z' progress=1.000000 cache=0.3MiB(1114txo)
2025-10-21T22:14:49Z Saw new header hash=76250bc597bb3382e3d94593198791dd32ddf7ec63da6203af67e1214fbf6eca height=392
2025-10-21T22:14:49Z Saw new cmpctblock header hash=76250bc597bb3382e3d94593198791dd32ddf7ec63da6203af67e1214fbf6eca peer=2
2025-10-21T22:14:49Z UpdateTip: new best=76250bc597bb3382e3d94593198791dd32ddf7ec63da6203af67e1214fbf6eca height=392 version=0x30000000 log2_work=9.618386 tx=4667 date='2025-10-21T22:14:47Z' progress=1.000000 cache=0.3MiB(1120txo)
2025-10-21T22:14:55Z Saw new header hash=366aa6c3a42b024854c7b001867b39b113e6b4b683447b050210d504a557a7cb height=393
2025-10-21T22:14:55Z Saw new cmpctblock header hash=366aa6c3a42b024854c7b001867b39b113e6b4b683447b050210d504a557a7cb peer=2
2025-10-21T22:14:55Z UpdateTip: new best=366aa6c3a42b024854c7b001867b39b113e6b4b683447b050210d504a557a7cb height=393 version=0x30000000 log2_work=9.622052 tx=4675 date='2025-10-21T22:14:52Z' progress=1.000000 cache=0.3MiB(1123txo)
2025-10-21T22:15:00Z Saw new header hash=67ec2210e85053ea3c6609220f2787f573e784e6b2d2628a599845014f7310b2 height=394
2025-10-21T22:15:00Z Saw new cmpctblock header hash=67ec2210e85053ea3c6609220f2787f573e784e6b2d2628a599845014f7310b2 peer=2
2025-10-21T22:15:00Z UpdateTip: new best=67ec2210e85053ea3c6609220f2787f573e784e6b2d2628a599845014f7310b2 height=394 version=0x30000000 log2_work=9.625709 tx=4685 date='2025-10-21T22:14:58Z' progress=1.000000 cache=0.3MiB(1118txo)
2025-10-21T22:15:05Z Saw new header hash=08bd9e2d803b345a7aee9cbcaba302b3841f6a52d88d09f880b93fde21d68bf3 height=395
2025-10-21T22:15:05Z Saw new cmpctblock header hash=08bd9e2d803b345a7aee9cbcaba302b3841f6a52d88d09f880b93fde21d68bf3 peer=2
2025-10-21T22:15:05Z UpdateTip: new best=08bd9e2d803b345a7aee9cbcaba302b3841f6a52d88d09f880b93fde21d68bf3 height=395 version=0x30000000 log2_work=9.629357 tx=4695 date='2025-10-21T22:15:03Z' progress=1.000000 cache=0.3MiB(1125txo)
2025-10-21T22:15:11Z Saw new header hash=51acd9ad10d13e8b82404800057517f54df090d9b375a26e452ad1b12d05d20c height=396
2025-10-21T22:15:11Z Saw new cmpctblock header hash=51acd9ad10d13e8b82404800057517f54df090d9b375a26e452ad1b12d05d20c peer=2
2025-10-21T22:15:11Z UpdateTip: new best=51acd9ad10d13e8b82404800057517f54df090d9b375a26e452ad1b12d05d20c height=396 version=0x30000000 log2_work=9.632995 tx=4705 date='2025-10-21T22:15:08Z' progress=1.000000 cache=0.3MiB(1124txo)
2025-10-21T22:15:16Z Saw new header hash=1a049328939ecc67f4b6db4231fcea3ab6eb3887de3b78c2d6d22341f0f5e239 height=397
2025-10-21T22:15:16Z Saw new cmpctblock header hash=1a049328939ecc67f4b6db4231fcea3ab6eb3887de3b78c2d6d22341f0f5e239 peer=2
2025-10-21T22:15:16Z UpdateTip: new best=1a049328939ecc67f4b6db4231fcea3ab6eb3887de3b78c2d6d22341f0f5e239 height=397 version=0x30000000 log2_work=9.636625 tx=4715 date='2025-10-21T22:15:14Z' progress=1.000000 cache=0.3MiB(1127txo)
2025-10-21T22:15:21Z Saw new header hash=71aadaa1d8cb06aca5e325e070813a4b76eba53ff226089359a05333cdeb9647 height=398
2025-10-21T22:15:21Z Saw new cmpctblock header hash=71aadaa1d8cb06aca5e325e070813a4b76eba53ff226089359a05333cdeb9647 peer=2
2025-10-21T22:15:21Z UpdateTip: new best=71aadaa1d8cb06aca5e325e070813a4b76eba53ff226089359a05333cdeb9647 height=398 version=0x30000000 log2_work=9.640245 tx=4723 date='2025-10-21T22:15:19Z' progress=1.000000 cache=0.3MiB(1127txo)
2025-10-21T22:15:27Z Saw new header hash=7aef93dd77811819ca1642762231473dcf645993794c3548a3dd47caa726f178 height=399
2025-10-21T22:15:27Z Saw new cmpctblock header hash=7aef93dd77811819ca1642762231473dcf645993794c3548a3dd47caa726f178 peer=2
2025-10-21T22:15:27Z UpdateTip: new best=7aef93dd77811819ca1642762231473dcf645993794c3548a3dd47caa726f178 height=399 version=0x30000000 log2_work=9.643856 tx=4733 date='2025-10-21T22:15:25Z' progress=1.000000 cache=0.3MiB(1133txo)
2025-10-21T22:15:34Z Saw new header hash=1811e6f2d4298e8160baae8345831d8b5db2012841d08ba03c42dc9f4cbd691e height=400
2025-10-21T22:15:34Z Saw new cmpctblock header hash=1811e6f2d4298e8160baae8345831d8b5db2012841d08ba03c42dc9f4cbd691e peer=2
2025-10-21T22:15:34Z UpdateTip: new best=1811e6f2d4298e8160baae8345831d8b5db2012841d08ba03c42dc9f4cbd691e height=400 version=0x30000000 log2_work=9.647458 tx=4743 date='2025-10-21T22:15:32Z' progress=1.000000 cache=0.3MiB(1136txo)
2025-10-21T22:15:39Z Saw new header hash=79d0851d5be51ef3ca976603503179693592a3c71a52bdc8a84f2f5cfa9c11e2 height=401
2025-10-21T22:15:39Z Saw new cmpctblock header hash=79d0851d5be51ef3ca976603503179693592a3c71a52bdc8a84f2f5cfa9c11e2 peer=2
2025-10-21T22:15:39Z UpdateTip: new best=79d0851d5be51ef3ca976603503179693592a3c71a52bdc8a84f2f5cfa9c11e2 height=401 version=0x30000000 log2_work=9.651052 tx=4753 date='2025-10-21T22:15:37Z' progress=1.000000 cache=0.3MiB(1143txo)
2025-10-21T22:15:45Z Saw new header hash=1da2aa4dea8266b6a05a8d0c7b186000fcf193c32dc148085458641dcd3e73cc height=402
2025-10-21T22:15:45Z Saw new cmpctblock header hash=1da2aa4dea8266b6a05a8d0c7b186000fcf193c32dc148085458641dcd3e73cc peer=2
2025-10-21T22:15:45Z UpdateTip: new best=1da2aa4dea8266b6a05a8d0c7b186000fcf193c32dc148085458641dcd3e73cc height=402 version=0x30000000 log2_work=9.654636 tx=4763 date='2025-10-21T22:15:43Z' progress=1.000000 cache=0.3MiB(1144txo)
2025-10-21T22:15:51Z Saw new header hash=109d4e049db9b48b9ae651af7f0be14dc0b7297f64e9de457fcde33c1c42a454 height=403
2025-10-21T22:15:51Z Saw new cmpctblock header hash=109d4e049db9b48b9ae651af7f0be14dc0b7297f64e9de457fcde33c1c42a454 peer=2
2025-10-21T22:15:51Z UpdateTip: new best=109d4e049db9b48b9ae651af7f0be14dc0b7297f64e9de457fcde33c1c42a454 height=403 version=0x30000000 log2_work=9.658211 tx=4773 date='2025-10-21T22:15:49Z' progress=1.000000 cache=0.3MiB(1138txo)
2025-10-21T22:15:56Z Saw new header hash=14e71f4affa3aeda90abc4cee9ef6b56e0ce0281990b7948c6de8c3b7ada8e70 height=404
2025-10-21T22:15:56Z Saw new cmpctblock header hash=14e71f4affa3aeda90abc4cee9ef6b56e0ce0281990b7948c6de8c3b7ada8e70 peer=2
2025-10-21T22:15:56Z UpdateTip: new best=14e71f4affa3aeda90abc4cee9ef6b56e0ce0281990b7948c6de8c3b7ada8e70 height=404 version=0x30000000 log2_work=9.661778 tx=4781 date='2025-10-21T22:15:54Z' progress=1.000000 cache=0.3MiB(1143txo)
2025-10-21T22:16:02Z Saw new header hash=707168ac4c79e84aa6629b6f667195d16f3c721ea631be59d7cf73c79d690aa3 height=405
2025-10-21T22:16:02Z Saw new cmpctblock header hash=707168ac4c79e84aa6629b6f667195d16f3c721ea631be59d7cf73c79d690aa3 peer=2
2025-10-21T22:16:02Z UpdateTip: new best=707168ac4c79e84aa6629b6f667195d16f3c721ea631be59d7cf73c79d690aa3 height=405 version=0x30000000 log2_work=9.665336 tx=4791 date='2025-10-21T22:16:00Z' progress=1.000000 cache=0.3MiB(1152txo)
2025-10-21T22:16:08Z Saw new header hash=5e4f79360ba826a32614d395aeaf5f8930ba414fa23439a13f904fdcf2a27a06 height=406
2025-10-21T22:16:08Z Saw new cmpctblock header hash=5e4f79360ba826a32614d395aeaf5f8930ba414fa23439a13f904fdcf2a27a06 peer=2
2025-10-21T22:16:08Z UpdateTip: new best=5e4f79360ba826a32614d395aeaf5f8930ba414fa23439a13f904fdcf2a27a06 height=406 version=0x30000000 log2_work=9.668885 tx=4799 date='2025-10-21T22:16:05Z' progress=1.000000 cache=0.3MiB(1155txo)
2025-10-21T22:16:13Z Saw new header hash=79292af00da879a501933f951189dc157affab54a8dacd65e6dc4ee0ea832022 height=407
2025-10-21T22:16:13Z Saw new cmpctblock header hash=79292af00da879a501933f951189dc157affab54a8dacd65e6dc4ee0ea832022 peer=2
2025-10-21T22:16:13Z UpdateTip: new best=79292af00da879a501933f951189dc157affab54a8dacd65e6dc4ee0ea832022 height=407 version=0x30000000 log2_work=9.672425 tx=4809 date='2025-10-21T22:16:11Z' progress=1.000000 cache=0.3MiB(1159txo)
2025-10-21T22:16:19Z Saw new header hash=0457c832cd5722f3445e60a61d0b35643d12b1ba81e4a2f8eb752b93f14c59fe height=408
2025-10-21T22:16:19Z Saw new cmpctblock header hash=0457c832cd5722f3445e60a61d0b35643d12b1ba81e4a2f8eb752b93f14c59fe peer=2
2025-10-21T22:16:19Z UpdateTip: new best=0457c832cd5722f3445e60a61d0b35643d12b1ba81e4a2f8eb752b93f14c59fe height=408 version=0x30000000 log2_work=9.675957 tx=4819 date='2025-10-21T22:16:17Z' progress=1.000000 cache=0.3MiB(1162txo)
2025-10-21T22:16:24Z Saw new header hash=3a2d0ee6a8638d293896b6bd407a6b994efc6f0edaa7080ff3f7495ef51285e2 height=409
2025-10-21T22:16:24Z Saw new cmpctblock header hash=3a2d0ee6a8638d293896b6bd407a6b994efc6f0edaa7080ff3f7495ef51285e2 peer=2
2025-10-21T22:16:24Z UpdateTip: new best=3a2d0ee6a8638d293896b6bd407a6b994efc6f0edaa7080ff3f7495ef51285e2 height=409 version=0x30000000 log2_work=9.679480 tx=4829 date='2025-10-21T22:16:22Z' progress=1.000000 cache=0.3MiB(1164txo)
2025-10-21T22:16:30Z Saw new header hash=3daa441b21b2e664a7a18478d81cbf56f0225a55fba02e3a7aaaa2c5b97624cb height=410
2025-10-21T22:16:30Z Saw new cmpctblock header hash=3daa441b21b2e664a7a18478d81cbf56f0225a55fba02e3a7aaaa2c5b97624cb peer=2
2025-10-21T22:16:30Z UpdateTip: new best=3daa441b21b2e664a7a18478d81cbf56f0225a55fba02e3a7aaaa2c5b97624cb height=410 version=0x30000000 log2_work=9.682995 tx=4838 date='2025-10-21T22:16:28Z' progress=1.000000 cache=0.3MiB(1167txo)
2025-10-21T22:16:35Z Saw new header hash=48469038480c329c17f77876c3e44cbda104807d67b6428beb2de15ceffd79cf height=411
2025-10-21T22:16:35Z Saw new cmpctblock header hash=48469038480c329c17f77876c3e44cbda104807d67b6428beb2de15ceffd79cf peer=2
2025-10-21T22:16:35Z UpdateTip: new best=48469038480c329c17f77876c3e44cbda104807d67b6428beb2de15ceffd79cf height=411 version=0x30000000 log2_work=9.686501 tx=4848 date='2025-10-21T22:16:33Z' progress=1.000000 cache=0.3MiB(1174txo)
2025-10-21T22:16:41Z Saw new header hash=00bd5cb1aac7a9995894bc2fd43dd191fbe64caf03dc62b74d4ff42b965326a7 height=412
2025-10-21T22:16:41Z Saw new cmpctblock header hash=00bd5cb1aac7a9995894bc2fd43dd191fbe64caf03dc62b74d4ff42b965326a7 peer=2
2025-10-21T22:16:41Z UpdateTip: new best=00bd5cb1aac7a9995894bc2fd43dd191fbe64caf03dc62b74d4ff42b965326a7 height=412 version=0x30000000 log2_work=9.689998 tx=4858 date='2025-10-21T22:16:39Z' progress=1.000000 cache=0.3MiB(1181txo)
2025-10-21T22:16:46Z Saw new header hash=321ee249bb90a81899cdf9c8bbe354a37de19cb2d38d2412887b91b7ee71327c height=413
2025-10-21T22:16:46Z Saw new cmpctblock header hash=321ee249bb90a81899cdf9c8bbe354a37de19cb2d38d2412887b91b7ee71327c peer=2
2025-10-21T22:16:46Z UpdateTip: new best=321ee249bb90a81899cdf9c8bbe354a37de19cb2d38d2412887b91b7ee71327c height=413 version=0x30000000 log2_work=9.693487 tx=4868 date='2025-10-21T22:16:44Z' progress=1.000000 cache=0.3MiB(1185txo)
2025-10-21T22:16:51Z Saw new header hash=66515410f310157435db5b0700aa99e51e1b389ae788a130e4ba86b08368060d height=414
2025-10-21T22:16:51Z Saw new cmpctblock header hash=66515410f310157435db5b0700aa99e51e1b389ae788a130e4ba86b08368060d peer=2
2025-10-21T22:16:51Z UpdateTip: new best=66515410f310157435db5b0700aa99e51e1b389ae788a130e4ba86b08368060d height=414 version=0x30000000 log2_work=9.696968 tx=4877 date='2025-10-21T22:16:49Z' progress=1.000000 cache=0.3MiB(1184txo)
2025-10-21T22:16:57Z Saw new header hash=3bfc9183b38617a33e51ff29a7235652c1363fffa7436cba43d251f00eace20e height=415
2025-10-21T22:16:57Z Saw new cmpctblock header hash=3bfc9183b38617a33e51ff29a7235652c1363fffa7436cba43d251f00eace20e peer=2
2025-10-21T22:16:57Z UpdateTip: new best=3bfc9183b38617a33e51ff29a7235652c1363fffa7436cba43d251f00eace20e height=415 version=0x30000000 log2_work=9.700440 tx=4887 date='2025-10-21T22:16:55Z' progress=1.000000 cache=0.3MiB(1188txo)
2025-10-21T22:17:02Z Saw new header hash=02906a3778ab2289855c5c2c9f647bd9174c42c4ac9c372af619fe3e732eb380 height=416
2025-10-21T22:17:02Z Saw new cmpctblock header hash=02906a3778ab2289855c5c2c9f647bd9174c42c4ac9c372af619fe3e732eb380 peer=2
2025-10-21T22:17:02Z UpdateTip: new best=02906a3778ab2289855c5c2c9f647bd9174c42c4ac9c372af619fe3e732eb380 height=416 version=0x30000000 log2_work=9.703904 tx=4896 date='2025-10-21T22:17:00Z' progress=1.000000 cache=0.3MiB(1191txo)
2025-10-21T22:17:08Z Saw new header hash=4b762303c956832ed30b94a985304a9efafa10179061f4f5e618e56581ce1bc3 height=417
2025-10-21T22:17:08Z Saw new cmpctblock header hash=4b762303c956832ed30b94a985304a9efafa10179061f4f5e618e56581ce1bc3 peer=2
2025-10-21T22:17:08Z UpdateTip: new best=4b762303c956832ed30b94a985304a9efafa10179061f4f5e618e56581ce1bc3 height=417 version=0x30000000 log2_work=9.707359 tx=4906 date='2025-10-21T22:17:06Z' progress=1.000000 cache=0.3MiB(1200txo)
2025-10-21T22:17:13Z Saw new header hash=3ae2a7d580780aca753073a825ce1280f0db9383d81bf4ccf06faeab84b3e3d4 height=418
2025-10-21T22:17:13Z Saw new cmpctblock header hash=3ae2a7d580780aca753073a825ce1280f0db9383d81bf4ccf06faeab84b3e3d4 peer=2
2025-10-21T22:17:13Z UpdateTip: new best=3ae2a7d580780aca753073a825ce1280f0db9383d81bf4ccf06faeab84b3e3d4 height=418 version=0x30000000 log2_work=9.710806 tx=4914 date='2025-10-21T22:17:11Z' progress=1.000000 cache=0.3MiB(1201txo)
2025-10-21T22:17:20Z Saw new header hash=6ae0123a2f478e0288feff4559389f6cff72a39736cfbd18dee75c2cab423872 height=419
2025-10-21T22:17:20Z Saw new cmpctblock header hash=6ae0123a2f478e0288feff4559389f6cff72a39736cfbd18dee75c2cab423872 peer=2
2025-10-21T22:17:20Z UpdateTip: new best=6ae0123a2f478e0288feff4559389f6cff72a39736cfbd18dee75c2cab423872 height=419 version=0x30000000 log2_work=9.714246 tx=4924 date='2025-10-21T22:17:18Z' progress=1.000000 cache=0.3MiB(1211txo)
2025-10-21T22:17:26Z Saw new header hash=73cf9a4fb65264f55fdc1272da684512cd85d30e6b8399e955b5b513c64aac2a height=420
2025-10-21T22:17:26Z Saw new cmpctblock header hash=73cf9a4fb65264f55fdc1272da684512cd85d30e6b8399e955b5b513c64aac2a peer=2
2025-10-21T22:17:26Z UpdateTip: new best=73cf9a4fb65264f55fdc1272da684512cd85d30e6b8399e955b5b513c64aac2a height=420 version=0x30000000 log2_work=9.717676 tx=4934 date='2025-10-21T22:17:24Z' progress=1.000000 cache=0.3MiB(1216txo)
2025-10-21T22:17:31Z Saw new header hash=77ba8ad98c2d9301d0b17535912567165654532f3d8ab77c27a2a63dec2d2935 height=421
2025-10-21T22:17:31Z Saw new cmpctblock header hash=77ba8ad98c2d9301d0b17535912567165654532f3d8ab77c27a2a63dec2d2935 peer=2
2025-10-21T22:17:31Z UpdateTip: new best=77ba8ad98c2d9301d0b17535912567165654532f3d8ab77c27a2a63dec2d2935 height=421 version=0x30000000 log2_work=9.721099 tx=4942 date='2025-10-21T22:17:29Z' progress=1.000000 cache=0.3MiB(1216txo)
2025-10-21T22:17:37Z Saw new header hash=63804df16546c2deba2f5d4b2c6dab16893939c2c661e3179b4eb6e776263f48 height=422
2025-10-21T22:17:37Z Saw new cmpctblock header hash=63804df16546c2deba2f5d4b2c6dab16893939c2c661e3179b4eb6e776263f48 peer=2
2025-10-21T22:17:37Z UpdateTip: new best=63804df16546c2deba2f5d4b2c6dab16893939c2c661e3179b4eb6e776263f48 height=422 version=0x30000000 log2_work=9.724514 tx=4952 date='2025-10-21T22:17:34Z' progress=1.000000 cache=0.3MiB(1218txo)
2025-10-21T22:17:42Z Saw new header hash=1be553eaaac70e4f0e4122cd54adfccf0d70ab73ad7b2ce5250b7823c8e24e9a height=423
2025-10-21T22:17:42Z Saw new cmpctblock header hash=1be553eaaac70e4f0e4122cd54adfccf0d70ab73ad7b2ce5250b7823c8e24e9a peer=2
2025-10-21T22:17:42Z UpdateTip: new best=1be553eaaac70e4f0e4122cd54adfccf0d70ab73ad7b2ce5250b7823c8e24e9a height=423 version=0x30000000 log2_work=9.727920 tx=4960 date='2025-10-21T22:17:40Z' progress=1.000000 cache=0.3MiB(1222txo)
2025-10-21T22:17:47Z Saw new header hash=70e56332ef619f0e0b75d80ca8b6a8f41b6547afbcbd68ef4010314793e0326e height=424
2025-10-21T22:17:47Z Saw new cmpctblock header hash=70e56332ef619f0e0b75d80ca8b6a8f41b6547afbcbd68ef4010314793e0326e peer=2
2025-10-21T22:17:47Z UpdateTip: new best=70e56332ef619f0e0b75d80ca8b6a8f41b6547afbcbd68ef4010314793e0326e height=424 version=0x30000000 log2_work=9.731319 tx=4968 date='2025-10-21T22:17:45Z' progress=1.000000 cache=0.3MiB(1225txo)
2025-10-21T22:17:53Z Saw new header hash=6e71c4099036d703d9718718504cc219598295d0c3ace7ad73370e755c983cf9 height=425
2025-10-21T22:17:53Z Saw new cmpctblock header hash=6e71c4099036d703d9718718504cc219598295d0c3ace7ad73370e755c983cf9 peer=2
2025-10-21T22:17:53Z UpdateTip: new best=6e71c4099036d703d9718718504cc219598295d0c3ace7ad73370e755c983cf9 height=425 version=0x30000000 log2_work=9.734710 tx=4976 date='2025-10-21T22:17:50Z' progress=1.000000 cache=0.3MiB(1226txo)
2025-10-21T22:17:58Z Saw new header hash=1124450ef5d719138987f6ec5d83fbae36334e9d2de17c115d78cb786adec426 height=426
2025-10-21T22:17:58Z Saw new cmpctblock header hash=1124450ef5d719138987f6ec5d83fbae36334e9d2de17c115d78cb786adec426 peer=2
2025-10-21T22:17:58Z UpdateTip: new best=1124450ef5d719138987f6ec5d83fbae36334e9d2de17c115d78cb786adec426 height=426 version=0x30000000 log2_work=9.738092 tx=4984 date='2025-10-21T22:17:56Z' progress=1.000000 cache=0.3MiB(1231txo)
2025-10-21T22:18:03Z Saw new header hash=0a6938015258861641218ac879d4b14c6e38e4928375141c4c9a5bd7662a5945 height=427
2025-10-21T22:18:03Z Saw new cmpctblock header hash=0a6938015258861641218ac879d4b14c6e38e4928375141c4c9a5bd7662a5945 peer=2
2025-10-21T22:18:03Z UpdateTip: new best=0a6938015258861641218ac879d4b14c6e38e4928375141c4c9a5bd7662a5945 height=427 version=0x30000000 log2_work=9.741467 tx=4992 date='2025-10-21T22:18:01Z' progress=1.000000 cache=0.3MiB(1236txo)
2025-10-21T22:18:09Z Saw new header hash=7069acd60079f3f31f19bcfe941196865a780e30d877fe4a5082449cb10203a2 height=428
2025-10-21T22:18:09Z Saw new cmpctblock header hash=7069acd60079f3f31f19bcfe941196865a780e30d877fe4a5082449cb10203a2 peer=2
2025-10-21T22:18:09Z UpdateTip: new best=7069acd60079f3f31f19bcfe941196865a780e30d877fe4a5082449cb10203a2 height=428 version=0x30000000 log2_work=9.744834 tx=5002 date='2025-10-21T22:18:07Z' progress=1.000000 cache=0.3MiB(1243txo)
2025-10-21T22:18:14Z Saw new header hash=4c67d7094a4df4134f5fae03a4c574133c21a7817a8532dbc982ccb015481c06 height=429
2025-10-21T22:18:14Z Saw new cmpctblock header hash=4c67d7094a4df4134f5fae03a4c574133c21a7817a8532dbc982ccb015481c06 peer=2
2025-10-21T22:18:14Z UpdateTip: new best=4c67d7094a4df4134f5fae03a4c574133c21a7817a8532dbc982ccb015481c06 height=429 version=0x30000000 log2_work=9.748193 tx=5010 date='2025-10-21T22:18:12Z' progress=1.000000 cache=0.3MiB(1243txo)
2025-10-21T22:18:19Z Saw new header hash=3dd14b93abc3e99dc88d9f83cce0f3f9838e88069309386188866a81b88c17c7 height=430
2025-10-21T22:18:19Z Saw new cmpctblock header hash=3dd14b93abc3e99dc88d9f83cce0f3f9838e88069309386188866a81b88c17c7 peer=2
2025-10-21T22:18:19Z UpdateTip: new best=3dd14b93abc3e99dc88d9f83cce0f3f9838e88069309386188866a81b88c17c7 height=430 version=0x30000000 log2_work=9.751544 tx=5020 date='2025-10-21T22:18:17Z' progress=1.000000 cache=0.3MiB(1251txo)
2025-10-21T22:18:25Z Saw new header hash=67d96de2770a72f381618fd56a7c141008c0a4ba99cdd74b414b99dff51575fc height=431
2025-10-21T22:18:25Z Saw new cmpctblock header hash=67d96de2770a72f381618fd56a7c141008c0a4ba99cdd74b414b99dff51575fc peer=2
2025-10-21T22:18:25Z UpdateTip: new best=67d96de2770a72f381618fd56a7c141008c0a4ba99cdd74b414b99dff51575fc height=431 version=0x30000000 log2_work=9.754888 tx=5029 date='2025-10-21T22:18:23Z' progress=1.000000 cache=0.3MiB(1252txo)
2025-10-21T22:18:31Z Saw new header hash=4c4f3c215b1beb6d884933790d3d92396a6bdea30660509a3021c9c376b5d6f0 height=432
2025-10-21T22:18:31Z Saw new cmpctblock header hash=4c4f3c215b1beb6d884933790d3d92396a6bdea30660509a3021c9c376b5d6f0 peer=2
2025-10-21T22:18:31Z UpdateTip: new best=4c4f3c215b1beb6d884933790d3d92396a6bdea30660509a3021c9c376b5d6f0 height=432 version=0x20000000 log2_work=9.758223 tx=5039 date='2025-10-21T22:18:29Z' progress=1.000000 cache=0.3MiB(1254txo)
2025-10-21T22:18:36Z Saw new header hash=44be2fc55656967b99cf893bd4313caf30bbd8460021281e09ffdd1a5b08b4c5 height=433
2025-10-21T22:18:36Z Saw new cmpctblock header hash=44be2fc55656967b99cf893bd4313caf30bbd8460021281e09ffdd1a5b08b4c5 peer=2
2025-10-21T22:18:36Z UpdateTip: new best=44be2fc55656967b99cf893bd4313caf30bbd8460021281e09ffdd1a5b08b4c5 height=433 version=0x20000000 log2_work=9.761551 tx=5047 date='2025-10-21T22:18:34Z' progress=1.000000 cache=0.3MiB(1259txo)
2025-10-21T22:18:42Z Saw new header hash=72e857722f7cb202ddab21cdca2fb691653573e6ea8ab56b9d9b3c3bd97e4b9a height=434
2025-10-21T22:18:42Z Saw new cmpctblock header hash=72e857722f7cb202ddab21cdca2fb691653573e6ea8ab56b9d9b3c3bd97e4b9a peer=2
2025-10-21T22:18:42Z UpdateTip: new best=72e857722f7cb202ddab21cdca2fb691653573e6ea8ab56b9d9b3c3bd97e4b9a height=434 version=0x20000000 log2_work=9.764872 tx=5057 date='2025-10-21T22:18:40Z' progress=1.000000 cache=0.3MiB(1258txo)
2025-10-21T22:18:48Z Saw new header hash=1f61affd2c50afcd6753868d2ec3cfeb6dbb6ad6b06e813a2d9d72ac1ede84ec height=435
2025-10-21T22:18:48Z Saw new cmpctblock header hash=1f61affd2c50afcd6753868d2ec3cfeb6dbb6ad6b06e813a2d9d72ac1ede84ec peer=2
2025-10-21T22:18:48Z UpdateTip: new best=1f61affd2c50afcd6753868d2ec3cfeb6dbb6ad6b06e813a2d9d72ac1ede84ec height=435 version=0x20000000 log2_work=9.768184 tx=5067 date='2025-10-21T22:18:46Z' progress=1.000000 cache=0.3MiB(1262txo)
2025-10-21T22:18:53Z Saw new header hash=450270e71f4393dc711bffb14c2f7af770845b2fc50ccf8089e053d37bc86eb3 height=436
2025-10-21T22:18:53Z Saw new cmpctblock header hash=450270e71f4393dc711bffb14c2f7af770845b2fc50ccf8089e053d37bc86eb3 peer=2
2025-10-21T22:18:53Z UpdateTip: new best=450270e71f4393dc711bffb14c2f7af770845b2fc50ccf8089e053d37bc86eb3 height=436 version=0x20000000 log2_work=9.771489 tx=5077 date='2025-10-21T22:18:51Z' progress=1.000000 cache=0.3MiB(1269txo)
2025-10-21T22:18:58Z Saw new header hash=55bd5e980b56d30adb1808a3e61d5275f783f7f4d9e9311d57d0bf1cee1fb6dc height=437
2025-10-21T22:18:58Z Saw new cmpctblock header hash=55bd5e980b56d30adb1808a3e61d5275f783f7f4d9e9311d57d0bf1cee1fb6dc peer=2
2025-10-21T22:18:58Z UpdateTip: new best=55bd5e980b56d30adb1808a3e61d5275f783f7f4d9e9311d57d0bf1cee1fb6dc height=437 version=0x20000000 log2_work=9.774787 tx=5086 date='2025-10-21T22:18:56Z' progress=1.000000 cache=0.3MiB(1277txo)
2025-10-21T22:19:04Z Saw new header hash=322b1af0827e8037886ffe1d62d321c18501cdca8d032bc58a869624c069e395 height=438
2025-10-21T22:19:04Z Saw new cmpctblock header hash=322b1af0827e8037886ffe1d62d321c18501cdca8d032bc58a869624c069e395 peer=2
2025-10-21T22:19:04Z UpdateTip: new best=322b1af0827e8037886ffe1d62d321c18501cdca8d032bc58a869624c069e395 height=438 version=0x20000000 log2_work=9.778077 tx=5096 date='2025-10-21T22:19:02Z' progress=1.000000 cache=0.3MiB(1284txo)
2025-10-21T22:19:09Z Saw new header hash=2f023a37c11512ad61932ab1986df62723678b799008afd2d839695132577a53 height=439
2025-10-21T22:19:09Z Saw new cmpctblock header hash=2f023a37c11512ad61932ab1986df62723678b799008afd2d839695132577a53 peer=2
2025-10-21T22:19:09Z UpdateTip: new best=2f023a37c11512ad61932ab1986df62723678b799008afd2d839695132577a53 height=439 version=0x20000000 log2_work=9.781360 tx=5104 date='2025-10-21T22:19:07Z' progress=1.000000 cache=0.3MiB(1290txo)
2025-10-21T22:19:14Z Saw new header hash=5a5d944fe381d654a768b70b46231b57f89a31287b154ba8ae7bc5ff7edd7155 height=440
2025-10-21T22:19:14Z Saw new cmpctblock header hash=5a5d944fe381d654a768b70b46231b57f89a31287b154ba8ae7bc5ff7edd7155 peer=2
2025-10-21T22:19:14Z UpdateTip: new best=5a5d944fe381d654a768b70b46231b57f89a31287b154ba8ae7bc5ff7edd7155 height=440 version=0x20000000 log2_work=9.784635 tx=5112 date='2025-10-21T22:19:12Z' progress=1.000000 cache=0.3MiB(1292txo)
2025-10-21T22:19:20Z Saw new header hash=3de98f3e6266d5905677ef243b286c9df743c808bdc022055cd788ee82b64a89 height=441
2025-10-21T22:19:20Z Saw new cmpctblock header hash=3de98f3e6266d5905677ef243b286c9df743c808bdc022055cd788ee82b64a89 peer=2
2025-10-21T22:19:20Z UpdateTip: new best=3de98f3e6266d5905677ef243b286c9df743c808bdc022055cd788ee82b64a89 height=441 version=0x20000000 log2_work=9.787903 tx=5122 date='2025-10-21T22:19:18Z' progress=1.000000 cache=0.3MiB(1298txo)
2025-10-21T22:19:25Z Saw new header hash=6b97db42e2b7a94be0ba4f49f6ebbe255cc75b83324c4738966d89a3713d785d height=442
2025-10-21T22:19:25Z Saw new cmpctblock header hash=6b97db42e2b7a94be0ba4f49f6ebbe255cc75b83324c4738966d89a3713d785d peer=2
2025-10-21T22:19:25Z UpdateTip: new best=6b97db42e2b7a94be0ba4f49f6ebbe255cc75b83324c4738966d89a3713d785d height=442 version=0x20000000 log2_work=9.791163 tx=5132 date='2025-10-21T22:19:23Z' progress=1.000000 cache=0.3MiB(1306txo)
2025-10-21T22:19:31Z Saw new header hash=4186add19b9371679053b0e8aa7778963f8a649c6b5f12bb9ec36df498157d47 height=443
2025-10-21T22:19:31Z Saw new cmpctblock header hash=4186add19b9371679053b0e8aa7778963f8a649c6b5f12bb9ec36df498157d47 peer=2
2025-10-21T22:19:31Z UpdateTip: new best=4186add19b9371679053b0e8aa7778963f8a649c6b5f12bb9ec36df498157d47 height=443 version=0x20000000 log2_work=9.794416 tx=5142 date='2025-10-21T22:19:29Z' progress=1.000000 cache=0.3MiB(1311txo)
2025-10-21T22:19:37Z Saw new header hash=68a403cd7a47e2e8743db1eadba75b793088b924f260519aec1f8e7dae4109c8 height=444
2025-10-21T22:19:37Z Saw new cmpctblock header hash=68a403cd7a47e2e8743db1eadba75b793088b924f260519aec1f8e7dae4109c8 peer=2
2025-10-21T22:19:37Z UpdateTip: new best=68a403cd7a47e2e8743db1eadba75b793088b924f260519aec1f8e7dae4109c8 height=444 version=0x20000000 log2_work=9.797662 tx=5152 date='2025-10-21T22:19:34Z' progress=1.000000 cache=0.3MiB(1315txo)
2025-10-21T22:19:42Z Saw new header hash=19e05c86a5d6e076cd50de16eb420a33723ee6a2c21e36923a8c1a4a648b72c4 height=445
2025-10-21T22:19:42Z Saw new cmpctblock header hash=19e05c86a5d6e076cd50de16eb420a33723ee6a2c21e36923a8c1a4a648b72c4 peer=2
2025-10-21T22:19:42Z UpdateTip: new best=19e05c86a5d6e076cd50de16eb420a33723ee6a2c21e36923a8c1a4a648b72c4 height=445 version=0x20000000 log2_work=9.800900 tx=5160 date='2025-10-21T22:19:40Z' progress=1.000000 cache=0.3MiB(1318txo)
2025-10-21T22:19:48Z Saw new header hash=3c1c59f5ccae0d303aab07c69fb4aaa3ea4a29d18e9b09173b53f0de63b36c80 height=446
2025-10-21T22:19:48Z Saw new cmpctblock header hash=3c1c59f5ccae0d303aab07c69fb4aaa3ea4a29d18e9b09173b53f0de63b36c80 peer=2
2025-10-21T22:19:48Z UpdateTip: new best=3c1c59f5ccae0d303aab07c69fb4aaa3ea4a29d18e9b09173b53f0de63b36c80 height=446 version=0x20000000 log2_work=9.804131 tx=5170 date='2025-10-21T22:19:45Z' progress=1.000000 cache=0.3MiB(1318txo)
2025-10-21T22:19:53Z Saw new header hash=4cc19b784350fde9f7c60d8ea8114c31bde5ab2115e4f2f560892ca9b6e1f8d0 height=447
2025-10-21T22:19:53Z Saw new cmpctblock header hash=4cc19b784350fde9f7c60d8ea8114c31bde5ab2115e4f2f560892ca9b6e1f8d0 peer=2
2025-10-21T22:19:53Z UpdateTip: new best=4cc19b784350fde9f7c60d8ea8114c31bde5ab2115e4f2f560892ca9b6e1f8d0 height=447 version=0x20000000 log2_work=9.807355 tx=5180 date='2025-10-21T22:19:51Z' progress=1.000000 cache=0.3MiB(1327txo)
2025-10-21T22:20:00Z Saw new header hash=2ae4635bd22d9b661b8641d4f50e959f5a87aeab20215766230932c91fe10f9a height=448
2025-10-21T22:20:00Z Saw new cmpctblock header hash=2ae4635bd22d9b661b8641d4f50e959f5a87aeab20215766230932c91fe10f9a peer=2
2025-10-21T22:20:00Z UpdateTip: new best=2ae4635bd22d9b661b8641d4f50e959f5a87aeab20215766230932c91fe10f9a height=448 version=0x20000000 log2_work=9.810572 tx=5190 date='2025-10-21T22:19:58Z' progress=1.000000 cache=0.3MiB(1333txo)
2025-10-21T22:20:05Z Saw new header hash=359e91ab64714c18db73bd37ac0e7355e8e0523ea51d582376c8629301054a67 height=449
2025-10-21T22:20:05Z Saw new cmpctblock header hash=359e91ab64714c18db73bd37ac0e7355e8e0523ea51d582376c8629301054a67 peer=2
2025-10-21T22:20:05Z UpdateTip: new best=359e91ab64714c18db73bd37ac0e7355e8e0523ea51d582376c8629301054a67 height=449 version=0x20000000 log2_work=9.813781 tx=5200 date='2025-10-21T22:20:03Z' progress=1.000000 cache=0.3MiB(1337txo)
2025-10-21T22:20:11Z Saw new header hash=2293ab92519b4c9a8147de18be1d97e16634e9eb70408271f7fc722deb8041ea height=450
2025-10-21T22:20:11Z Saw new cmpctblock header hash=2293ab92519b4c9a8147de18be1d97e16634e9eb70408271f7fc722deb8041ea peer=2
2025-10-21T22:20:11Z UpdateTip: new best=2293ab92519b4c9a8147de18be1d97e16634e9eb70408271f7fc722deb8041ea height=450 version=0x20000000 log2_work=9.816984 tx=5210 date='2025-10-21T22:20:09Z' progress=1.000000 cache=0.3MiB(1346txo)
2025-10-21T22:20:16Z Saw new header hash=46c7d848fe8fb95a370fcf798c3ae19a0079177d0d5e4da611ac65accd697693 height=451
2025-10-21T22:20:16Z Saw new cmpctblock header hash=46c7d848fe8fb95a370fcf798c3ae19a0079177d0d5e4da611ac65accd697693 peer=2
2025-10-21T22:20:16Z UpdateTip: new best=46c7d848fe8fb95a370fcf798c3ae19a0079177d0d5e4da611ac65accd697693 height=451 version=0x20000000 log2_work=9.820179 tx=5220 date='2025-10-21T22:20:14Z' progress=1.000000 cache=0.3MiB(1345txo)
2025-10-21T22:20:22Z Saw new header hash=32a4a0f161e6b55ef98f254912b8199902529bd6540a49df3fe378a67dd7e166 height=452
2025-10-21T22:20:22Z Saw new cmpctblock header hash=32a4a0f161e6b55ef98f254912b8199902529bd6540a49df3fe378a67dd7e166 peer=2
2025-10-21T22:20:22Z UpdateTip: new best=32a4a0f161e6b55ef98f254912b8199902529bd6540a49df3fe378a67dd7e166 height=452 version=0x20000000 log2_work=9.823367 tx=5230 date='2025-10-21T22:20:20Z' progress=1.000000 cache=0.3MiB(1349txo)
2025-10-21T22:20:27Z Saw new header hash=7edec68c4f203d101196e1d09fc7152843bb6425cd1ffbc2bb205b4fea4c4543 height=453
2025-10-21T22:20:27Z Saw new cmpctblock header hash=7edec68c4f203d101196e1d09fc7152843bb6425cd1ffbc2bb205b4fea4c4543 peer=2
2025-10-21T22:20:27Z UpdateTip: new best=7edec68c4f203d101196e1d09fc7152843bb6425cd1ffbc2bb205b4fea4c4543 height=453 version=0x20000000 log2_work=9.826548 tx=5238 date='2025-10-21T22:20:25Z' progress=1.000000 cache=0.3MiB(1347txo)
2025-10-21T22:20:32Z Saw new header hash=1637ce96dea4a7ed95e8a21296ff7e443d7b1ad23441613838949931fee591f2 height=454
2025-10-21T22:20:32Z Saw new cmpctblock header hash=1637ce96dea4a7ed95e8a21296ff7e443d7b1ad23441613838949931fee591f2 peer=2
2025-10-21T22:20:32Z UpdateTip: new best=1637ce96dea4a7ed95e8a21296ff7e443d7b1ad23441613838949931fee591f2 height=454 version=0x20000000 log2_work=9.829723 tx=5246 date='2025-10-21T22:20:30Z' progress=1.000000 cache=0.3MiB(1353txo)
2025-10-21T22:20:38Z Saw new header hash=7d8fbb2ab215175eab8eaccae3409f9d306f7b2953f68865f4d0bf457324fd85 height=455
2025-10-21T22:20:38Z Saw new cmpctblock header hash=7d8fbb2ab215175eab8eaccae3409f9d306f7b2953f68865f4d0bf457324fd85 peer=2
2025-10-21T22:20:38Z UpdateTip: new best=7d8fbb2ab215175eab8eaccae3409f9d306f7b2953f68865f4d0bf457324fd85 height=455 version=0x20000000 log2_work=9.832890 tx=5254 date='2025-10-21T22:20:36Z' progress=1.000000 cache=0.3MiB(1359txo)
2025-10-21T22:20:43Z Saw new header hash=2eb887858bd364a15a90d42e5a3de99bbd0d495a0331a6db422350148978326f height=456
2025-10-21T22:20:43Z Saw new cmpctblock header hash=2eb887858bd364a15a90d42e5a3de99bbd0d495a0331a6db422350148978326f peer=2
2025-10-21T22:20:43Z UpdateTip: new best=2eb887858bd364a15a90d42e5a3de99bbd0d495a0331a6db422350148978326f height=456 version=0x20000000 log2_work=9.836050 tx=5264 date='2025-10-21T22:20:41Z' progress=1.000000 cache=0.3MiB(1364txo)
2025-10-21T22:20:48Z Saw new header hash=406fb494eb29251a95a6f183349caa538f086a8ea9ecaa49079423fdef46a9ce height=457
2025-10-21T22:20:48Z Saw new cmpctblock header hash=406fb494eb29251a95a6f183349caa538f086a8ea9ecaa49079423fdef46a9ce peer=2
2025-10-21T22:20:48Z UpdateTip: new best=406fb494eb29251a95a6f183349caa538f086a8ea9ecaa49079423fdef46a9ce height=457 version=0x20000000 log2_work=9.839204 tx=5274 date='2025-10-21T22:20:46Z' progress=1.000000 cache=0.3MiB(1362txo)
2025-10-21T22:20:54Z Saw new header hash=3ac7ed2cfd67424cea91cf005c8a207ad0f077935eaeedf37bec1f7acfa26be8 height=458
2025-10-21T22:20:54Z Saw new cmpctblock header hash=3ac7ed2cfd67424cea91cf005c8a207ad0f077935eaeedf37bec1f7acfa26be8 peer=2
2025-10-21T22:20:54Z UpdateTip: new best=3ac7ed2cfd67424cea91cf005c8a207ad0f077935eaeedf37bec1f7acfa26be8 height=458 version=0x20000000 log2_work=9.842350 tx=5284 date='2025-10-21T22:20:52Z' progress=1.000000 cache=0.3MiB(1358txo)
2025-10-21T22:20:59Z Saw new header hash=2993c0bec27d4b00e011ff7037370db3ad0ff71a1c2a6573f1934f91c9179712 height=459
2025-10-21T22:20:59Z Saw new cmpctblock header hash=2993c0bec27d4b00e011ff7037370db3ad0ff71a1c2a6573f1934f91c9179712 peer=2
2025-10-21T22:20:59Z UpdateTip: new best=2993c0bec27d4b00e011ff7037370db3ad0ff71a1c2a6573f1934f91c9179712 height=459 version=0x20000000 log2_work=9.845490 tx=5294 date='2025-10-21T22:20:57Z' progress=1.000000 cache=0.3MiB(1364txo)
2025-10-21T22:21:05Z Saw new header hash=55d05ef6a50401ea13374992c10a1718aa54a5631ed42a0c868152bfbef800f3 height=460
2025-10-21T22:21:05Z Saw new cmpctblock header hash=55d05ef6a50401ea13374992c10a1718aa54a5631ed42a0c868152bfbef800f3 peer=2
2025-10-21T22:21:05Z UpdateTip: new best=55d05ef6a50401ea13374992c10a1718aa54a5631ed42a0c868152bfbef800f3 height=460 version=0x20000000 log2_work=9.848623 tx=5304 date='2025-10-21T22:21:03Z' progress=1.000000 cache=0.3MiB(1364txo)
2025-10-21T22:21:10Z Saw new header hash=5643503c8c8bf950c25b0171fe22c3d891ed45deeb51f1a2922c468db0a59c62 height=461
2025-10-21T22:21:10Z Saw new cmpctblock header hash=5643503c8c8bf950c25b0171fe22c3d891ed45deeb51f1a2922c468db0a59c62 peer=2
2025-10-21T22:21:10Z UpdateTip: new best=5643503c8c8bf950c25b0171fe22c3d891ed45deeb51f1a2922c468db0a59c62 height=461 version=0x20000000 log2_work=9.851749 tx=5312 date='2025-10-21T22:21:08Z' progress=1.000000 cache=0.3MiB(1373txo)
2025-10-21T22:21:15Z Saw new header hash=153780d9f8f0a433e3b25ada56b6d42e06df5b68d74552ab442daad867d3af07 height=462
2025-10-21T22:21:15Z Saw new cmpctblock header hash=153780d9f8f0a433e3b25ada56b6d42e06df5b68d74552ab442daad867d3af07 peer=2
2025-10-21T22:21:15Z UpdateTip: new best=153780d9f8f0a433e3b25ada56b6d42e06df5b68d74552ab442daad867d3af07 height=462 version=0x20000000 log2_work=9.854868 tx=5322 date='2025-10-21T22:21:13Z' progress=1.000000 cache=0.3MiB(1380txo)
2025-10-21T22:21:21Z Saw new header hash=68de019ad46f6f1b53b6956fa674477bd57d3a28103db94ca0d4bff612fb8cb7 height=463
2025-10-21T22:21:21Z Saw new cmpctblock header hash=68de019ad46f6f1b53b6956fa674477bd57d3a28103db94ca0d4bff612fb8cb7 peer=2
2025-10-21T22:21:21Z UpdateTip: new best=68de019ad46f6f1b53b6956fa674477bd57d3a28103db94ca0d4bff612fb8cb7 height=463 version=0x20000000 log2_work=9.857981 tx=5331 date='2025-10-21T22:21:19Z' progress=1.000000 cache=0.3MiB(1377txo)
2025-10-21T22:21:27Z Saw new header hash=2bd9b588f519d7943d24939dadcc0f9a8ae50102c1230b63f1af26eccd4d88d2 height=464
2025-10-21T22:21:27Z Saw new cmpctblock header hash=2bd9b588f519d7943d24939dadcc0f9a8ae50102c1230b63f1af26eccd4d88d2 peer=2
2025-10-21T22:21:27Z UpdateTip: new best=2bd9b588f519d7943d24939dadcc0f9a8ae50102c1230b63f1af26eccd4d88d2 height=464 version=0x20000000 log2_work=9.861087 tx=5341 date='2025-10-21T22:21:24Z' progress=1.000000 cache=0.3MiB(1377txo)
2025-10-21T22:21:32Z Saw new header hash=340ba44f9e1bcabf8a1dd72776d3db100d1ca5997983316a028a193f0c896787 height=465
2025-10-21T22:21:32Z Saw new cmpctblock header hash=340ba44f9e1bcabf8a1dd72776d3db100d1ca5997983316a028a193f0c896787 peer=2
2025-10-21T22:21:32Z UpdateTip: new best=340ba44f9e1bcabf8a1dd72776d3db100d1ca5997983316a028a193f0c896787 height=465 version=0x20000000 log2_work=9.864186 tx=5348 date='2025-10-21T22:21:30Z' progress=1.000000 cache=0.3MiB(1384txo)
2025-10-21T22:21:37Z Saw new header hash=117d6d4f05af1e21b00cdb2004b6d1ba049963256bd45312c90a9548db8d5ff7 height=466
2025-10-21T22:21:37Z Saw new cmpctblock header hash=117d6d4f05af1e21b00cdb2004b6d1ba049963256bd45312c90a9548db8d5ff7 peer=2
2025-10-21T22:21:37Z UpdateTip: new best=117d6d4f05af1e21b00cdb2004b6d1ba049963256bd45312c90a9548db8d5ff7 height=466 version=0x20000000 log2_work=9.867279 tx=5355 date='2025-10-21T22:21:35Z' progress=1.000000 cache=0.3MiB(1377txo)
2025-10-21T22:21:42Z Saw new header hash=4c91d2430ae8c7dba865b1c93c51f187f610ace026462a666f7466649848a7ef height=467
2025-10-21T22:21:42Z Saw new cmpctblock header hash=4c91d2430ae8c7dba865b1c93c51f187f610ace026462a666f7466649848a7ef peer=2
2025-10-21T22:21:42Z UpdateTip: new best=4c91d2430ae8c7dba865b1c93c51f187f610ace026462a666f7466649848a7ef height=467 version=0x20000000 log2_work=9.870365 tx=5363 date='2025-10-21T22:21:40Z' progress=1.000000 cache=0.3MiB(1378txo)
2025-10-21T22:21:48Z Saw new header hash=45520cb6bfc08c4517f9288216b0bc80adc8f413a032f9f1b905220710cda471 height=468
2025-10-21T22:21:48Z Saw new cmpctblock header hash=45520cb6bfc08c4517f9288216b0bc80adc8f413a032f9f1b905220710cda471 peer=2
2025-10-21T22:21:48Z UpdateTip: new best=45520cb6bfc08c4517f9288216b0bc80adc8f413a032f9f1b905220710cda471 height=468 version=0x20000000 log2_work=9.873444 tx=5373 date='2025-10-21T22:21:46Z' progress=1.000000 cache=0.3MiB(1379txo)
2025-10-21T22:21:54Z Saw new header hash=47fd3b4320e5453c01c3226785eb655fc2fa4cef8bd42cd70a4ccdf0d0c90c36 height=469
2025-10-21T22:21:54Z Saw new cmpctblock header hash=47fd3b4320e5453c01c3226785eb655fc2fa4cef8bd42cd70a4ccdf0d0c90c36 peer=2
2025-10-21T22:21:54Z UpdateTip: new best=47fd3b4320e5453c01c3226785eb655fc2fa4cef8bd42cd70a4ccdf0d0c90c36 height=469 version=0x20000000 log2_work=9.876517 tx=5383 date='2025-10-21T22:21:51Z' progress=1.000000 cache=0.3MiB(1386txo)
2025-10-21T22:21:59Z Saw new header hash=7628b2e33fa9c07b73ff64fd524352fbf303bf4be1f2e8c8e212b365f710c1c7 height=470
2025-10-21T22:21:59Z Saw new cmpctblock header hash=7628b2e33fa9c07b73ff64fd524352fbf303bf4be1f2e8c8e212b365f710c1c7 peer=2
2025-10-21T22:21:59Z UpdateTip: new best=7628b2e33fa9c07b73ff64fd524352fbf303bf4be1f2e8c8e212b365f710c1c7 height=470 version=0x20000000 log2_work=9.879583 tx=5392 date='2025-10-21T22:21:57Z' progress=1.000000 cache=0.3MiB(1390txo)
2025-10-21T22:22:04Z Saw new header hash=766735dbf413c279abd3231ab07fb6301f457d63f510a10c1f1f2cdf75c13847 height=471
2025-10-21T22:22:04Z Saw new cmpctblock header hash=766735dbf413c279abd3231ab07fb6301f457d63f510a10c1f1f2cdf75c13847 peer=2
2025-10-21T22:22:04Z UpdateTip: new best=766735dbf413c279abd3231ab07fb6301f457d63f510a10c1f1f2cdf75c13847 height=471 version=0x20000000 log2_work=9.882643 tx=5401 date='2025-10-21T22:22:02Z' progress=1.000000 cache=0.3MiB(1395txo)
2025-10-21T22:22:09Z Saw new header hash=64fb1f6c4ed35522ad375e3758bdbe1cb534a7dd307f800d6074c367a4330c97 height=472
2025-10-21T22:22:09Z Saw new cmpctblock header hash=64fb1f6c4ed35522ad375e3758bdbe1cb534a7dd307f800d6074c367a4330c97 peer=2
2025-10-21T22:22:09Z UpdateTip: new best=64fb1f6c4ed35522ad375e3758bdbe1cb534a7dd307f800d6074c367a4330c97 height=472 version=0x20000000 log2_work=9.885696 tx=5411 date='2025-10-21T22:22:07Z' progress=1.000000 cache=0.3MiB(1404txo)
2025-10-21T22:22:15Z Saw new header hash=3d1a4691890055bb4f5d284fe42bf18bd7b971020bd01bb6f5167536eeb4f1c4 height=473
2025-10-21T22:22:15Z Saw new cmpctblock header hash=3d1a4691890055bb4f5d284fe42bf18bd7b971020bd01bb6f5167536eeb4f1c4 peer=2
2025-10-21T22:22:15Z UpdateTip: new best=3d1a4691890055bb4f5d284fe42bf18bd7b971020bd01bb6f5167536eeb4f1c4 height=473 version=0x20000000 log2_work=9.888743 tx=5421 date='2025-10-21T22:22:13Z' progress=1.000000 cache=0.3MiB(1407txo)
2025-10-21T22:22:20Z Saw new header hash=2b20f8d8951229f07891dc87a0cd10a98483ad0dbc6e6689e822253778035326 height=474
2025-10-21T22:22:20Z Saw new cmpctblock header hash=2b20f8d8951229f07891dc87a0cd10a98483ad0dbc6e6689e822253778035326 peer=2
2025-10-21T22:22:20Z UpdateTip: new best=2b20f8d8951229f07891dc87a0cd10a98483ad0dbc6e6689e822253778035326 height=474 version=0x20000000 log2_work=9.891784 tx=5431 date='2025-10-21T22:22:18Z' progress=1.000000 cache=0.3MiB(1416txo)
2025-10-21T22:22:26Z Saw new header hash=49feae2642ed433e47f6a8c7e804133f8bc9c0c849b97e66ab59115ef5a8cd51 height=475
2025-10-21T22:22:26Z Saw new cmpctblock header hash=49feae2642ed433e47f6a8c7e804133f8bc9c0c849b97e66ab59115ef5a8cd51 peer=2
2025-10-21T22:22:26Z UpdateTip: new best=49feae2642ed433e47f6a8c7e804133f8bc9c0c849b97e66ab59115ef5a8cd51 height=475 version=0x20000000 log2_work=9.894818 tx=5439 date='2025-10-21T22:22:24Z' progress=1.000000 cache=0.3MiB(1419txo)
2025-10-21T22:22:31Z Saw new header hash=32e5e800c847cc39a5404aefe17a814e79ef6d43fb3ef6ae7e1520ce8dc8da2b height=476
2025-10-21T22:22:31Z Saw new cmpctblock header hash=32e5e800c847cc39a5404aefe17a814e79ef6d43fb3ef6ae7e1520ce8dc8da2b peer=2
2025-10-21T22:22:31Z UpdateTip: new best=32e5e800c847cc39a5404aefe17a814e79ef6d43fb3ef6ae7e1520ce8dc8da2b height=476 version=0x20000000 log2_work=9.897845 tx=5448 date='2025-10-21T22:22:29Z' progress=1.000000 cache=0.3MiB(1422txo)
2025-10-21T22:22:36Z Saw new header hash=1f8a77c4018df9fb6e33faca7a62ca9299b8651f40313f962c3db6612cd3b0fd height=477
2025-10-21T22:22:36Z Saw new cmpctblock header hash=1f8a77c4018df9fb6e33faca7a62ca9299b8651f40313f962c3db6612cd3b0fd peer=2
2025-10-21T22:22:36Z UpdateTip: new best=1f8a77c4018df9fb6e33faca7a62ca9299b8651f40313f962c3db6612cd3b0fd height=477 version=0x20000000 log2_work=9.900867 tx=5456 date='2025-10-21T22:22:34Z' progress=1.000000 cache=0.3MiB(1425txo)
2025-10-21T22:22:42Z Saw new header hash=2d8d01e219a37b16d1ab869c9079ec88f1878526d2bef3b2fd9749fd12b221c9 height=478
2025-10-21T22:22:42Z Saw new cmpctblock header hash=2d8d01e219a37b16d1ab869c9079ec88f1878526d2bef3b2fd9749fd12b221c9 peer=2
2025-10-21T22:22:42Z UpdateTip: new best=2d8d01e219a37b16d1ab869c9079ec88f1878526d2bef3b2fd9749fd12b221c9 height=478 version=0x20000000 log2_work=9.903882 tx=5465 date='2025-10-21T22:22:40Z' progress=1.000000 cache=0.3MiB(1424txo)
2025-10-21T22:22:48Z Saw new header hash=66f29a47a2f9ce0ae593dde04f6a65b967f3bdd1f621d43e1a86b0e08ec6b230 height=479
2025-10-21T22:22:48Z Saw new cmpctblock header hash=66f29a47a2f9ce0ae593dde04f6a65b967f3bdd1f621d43e1a86b0e08ec6b230 peer=2
2025-10-21T22:22:48Z UpdateTip: new best=66f29a47a2f9ce0ae593dde04f6a65b967f3bdd1f621d43e1a86b0e08ec6b230 height=479 version=0x20000000 log2_work=9.906891 tx=5475 date='2025-10-21T22:22:46Z' progress=1.000000 cache=0.3MiB(1431txo)
2025-10-21T22:22:53Z Saw new header hash=26e09dd7a3e772a645e8de2addc04bfd9116f7757b3e0e7e791686e10419782b height=480
2025-10-21T22:22:53Z Saw new cmpctblock header hash=26e09dd7a3e772a645e8de2addc04bfd9116f7757b3e0e7e791686e10419782b peer=2
2025-10-21T22:22:53Z UpdateTip: new best=26e09dd7a3e772a645e8de2addc04bfd9116f7757b3e0e7e791686e10419782b height=480 version=0x20000000 log2_work=9.909893 tx=5485 date='2025-10-21T22:22:51Z' progress=1.000000 cache=0.3MiB(1437txo)
2025-10-21T22:22:58Z Saw new header hash=3d4c66eb799d5f47fb7b4d4a84f26b9124f1c49bb4cf53157e5f2af641194c4b height=481
2025-10-21T22:22:58Z Saw new cmpctblock header hash=3d4c66eb799d5f47fb7b4d4a84f26b9124f1c49bb4cf53157e5f2af641194c4b peer=2
2025-10-21T22:22:58Z UpdateTip: new best=3d4c66eb799d5f47fb7b4d4a84f26b9124f1c49bb4cf53157e5f2af641194c4b height=481 version=0x20000000 log2_work=9.912889 tx=5495 date='2025-10-21T22:22:56Z' progress=1.000000 cache=0.3MiB(1446txo)
2025-10-21T22:23:04Z Saw new header hash=3bb3d8b8a483d5b32c100e2d3da89645babf47d131acef5f01da05c6d0849720 height=482
2025-10-21T22:23:04Z Saw new cmpctblock header hash=3bb3d8b8a483d5b32c100e2d3da89645babf47d131acef5f01da05c6d0849720 peer=2
2025-10-21T22:23:04Z UpdateTip: new best=3bb3d8b8a483d5b32c100e2d3da89645babf47d131acef5f01da05c6d0849720 height=482 version=0x20000000 log2_work=9.915879 tx=5503 date='2025-10-21T22:23:02Z' progress=1.000000 cache=0.3MiB(1444txo)
2025-10-21T22:23:09Z Saw new header hash=497d0b20091215063718324c4fff1ec4a73bb1b6867790905f6dc626edc5be4e height=483
2025-10-21T22:23:09Z Saw new cmpctblock header hash=497d0b20091215063718324c4fff1ec4a73bb1b6867790905f6dc626edc5be4e peer=2
2025-10-21T22:23:09Z UpdateTip: new best=497d0b20091215063718324c4fff1ec4a73bb1b6867790905f6dc626edc5be4e height=483 version=0x20000000 log2_work=9.918863 tx=5513 date='2025-10-21T22:23:07Z' progress=1.000000 cache=0.3MiB(1449txo)
2025-10-21T22:23:15Z Saw new header hash=5462244040b08a00e965bc5f0b9b11ea2a491aac4c58764040229ee929327f95 height=484
2025-10-21T22:23:15Z Saw new cmpctblock header hash=5462244040b08a00e965bc5f0b9b11ea2a491aac4c58764040229ee929327f95 peer=2
2025-10-21T22:23:15Z UpdateTip: new best=5462244040b08a00e965bc5f0b9b11ea2a491aac4c58764040229ee929327f95 height=484 version=0x20000000 log2_work=9.921841 tx=5523 date='2025-10-21T22:23:13Z' progress=1.000000 cache=0.3MiB(1451txo)
2025-10-21T22:23:20Z Saw new header hash=091f97bb93e42ae4ca369723cd873aa7f0631045ffdc6fd3b240c2c9d1e71948 height=485
2025-10-21T22:23:20Z Saw new cmpctblock header hash=091f97bb93e42ae4ca369723cd873aa7f0631045ffdc6fd3b240c2c9d1e71948 peer=2
2025-10-21T22:23:20Z UpdateTip: new best=091f97bb93e42ae4ca369723cd873aa7f0631045ffdc6fd3b240c2c9d1e71948 height=485 version=0x20000000 log2_work=9.924813 tx=5532 date='2025-10-21T22:23:18Z' progress=1.000000 cache=0.3MiB(1452txo)
2025-10-21T22:23:26Z Saw new header hash=2cad96dd67c724fe7104d0468397d8f65c102057610ec1892e8a1ac91cf8d280 height=486
2025-10-21T22:23:26Z Saw new cmpctblock header hash=2cad96dd67c724fe7104d0468397d8f65c102057610ec1892e8a1ac91cf8d280 peer=2
2025-10-21T22:23:26Z UpdateTip: new best=2cad96dd67c724fe7104d0468397d8f65c102057610ec1892e8a1ac91cf8d280 height=486 version=0x20000000 log2_work=9.927778 tx=5542 date='2025-10-21T22:23:24Z' progress=1.000000 cache=0.3MiB(1451txo)
2025-10-21T22:23:31Z Saw new header hash=5fb557c9f584a3a245761c31c18223336b113f8c57201cd09af6787a30339905 height=487
2025-10-21T22:23:31Z Saw new cmpctblock header hash=5fb557c9f584a3a245761c31c18223336b113f8c57201cd09af6787a30339905 peer=2
2025-10-21T22:23:31Z UpdateTip: new best=5fb557c9f584a3a245761c31c18223336b113f8c57201cd09af6787a30339905 height=487 version=0x20000000 log2_work=9.930737 tx=5552 date='2025-10-21T22:23:29Z' progress=1.000000 cache=0.3MiB(1458txo)
2025-10-21T22:23:37Z Saw new header hash=09e065f863df341842c2d18359acbd53b5247d1973eb96613502aa19b2bc8bf7 height=488
2025-10-21T22:23:37Z Saw new cmpctblock header hash=09e065f863df341842c2d18359acbd53b5247d1973eb96613502aa19b2bc8bf7 peer=2
2025-10-21T22:23:37Z UpdateTip: new best=09e065f863df341842c2d18359acbd53b5247d1973eb96613502aa19b2bc8bf7 height=488 version=0x20000000 log2_work=9.933691 tx=5559 date='2025-10-21T22:23:35Z' progress=1.000000 cache=0.3MiB(1463txo)
2025-10-21T22:23:42Z Saw new header hash=648ad14a061938bb4d63ff20c6556d81a6c88d046aadf5d942e0c3b2ccd18131 height=489
2025-10-21T22:23:42Z Saw new cmpctblock header hash=648ad14a061938bb4d63ff20c6556d81a6c88d046aadf5d942e0c3b2ccd18131 peer=2
2025-10-21T22:23:42Z UpdateTip: new best=648ad14a061938bb4d63ff20c6556d81a6c88d046aadf5d942e0c3b2ccd18131 height=489 version=0x20000000 log2_work=9.936638 tx=5567 date='2025-10-21T22:23:40Z' progress=1.000000 cache=0.3MiB(1464txo)
2025-10-21T22:23:49Z Saw new header hash=6071b26f6c994ad78cb369d4c04a98eac2c0d0fde6da87b1640507dc95dc709d height=490
2025-10-21T22:23:49Z Saw new cmpctblock header hash=6071b26f6c994ad78cb369d4c04a98eac2c0d0fde6da87b1640507dc95dc709d peer=2
2025-10-21T22:23:49Z UpdateTip: new best=6071b26f6c994ad78cb369d4c04a98eac2c0d0fde6da87b1640507dc95dc709d height=490 version=0x20000000 log2_work=9.939579 tx=5576 date='2025-10-21T22:23:47Z' progress=1.000000 cache=0.3MiB(1467txo)
2025-10-21T22:23:54Z Saw new header hash=1135057b2ff03d2ff1aea4212af1d5a753ea09742adddba2ed1fb993e4ee032d height=491
2025-10-21T22:23:54Z Saw new cmpctblock header hash=1135057b2ff03d2ff1aea4212af1d5a753ea09742adddba2ed1fb993e4ee032d peer=2
2025-10-21T22:23:54Z UpdateTip: new best=1135057b2ff03d2ff1aea4212af1d5a753ea09742adddba2ed1fb993e4ee032d height=491 version=0x20000000 log2_work=9.942515 tx=5586 date='2025-10-21T22:23:52Z' progress=1.000000 cache=0.3MiB(1473txo)
2025-10-21T22:24:00Z Saw new header hash=370a8c9fd195a075b3673e8d2def40827ad0cb8f1944a729029fa7070ef3418b height=492
2025-10-21T22:24:00Z Saw new cmpctblock header hash=370a8c9fd195a075b3673e8d2def40827ad0cb8f1944a729029fa7070ef3418b peer=2
2025-10-21T22:24:00Z UpdateTip: new best=370a8c9fd195a075b3673e8d2def40827ad0cb8f1944a729029fa7070ef3418b height=492 version=0x20000000 log2_work=9.945444 tx=5593 date='2025-10-21T22:23:58Z' progress=1.000000 cache=0.3MiB(1473txo)
2025-10-21T22:24:06Z Saw new header hash=7e15e2529e31252189dcaa22507a4967ad77ae62c8ad2d56c676f4dd349d1622 height=493
2025-10-21T22:24:06Z Saw new cmpctblock header hash=7e15e2529e31252189dcaa22507a4967ad77ae62c8ad2d56c676f4dd349d1622 peer=2
2025-10-21T22:24:06Z UpdateTip: new best=7e15e2529e31252189dcaa22507a4967ad77ae62c8ad2d56c676f4dd349d1622 height=493 version=0x20000000 log2_work=9.948367 tx=5601 date='2025-10-21T22:24:03Z' progress=1.000000 cache=0.3MiB(1478txo)
2025-10-21T22:24:11Z Saw new header hash=2141eaa7c806fca420f13b1c50fbd75a2427aca448dfa2f1a1c0ae3e7fcdf277 height=494
2025-10-21T22:24:11Z Saw new cmpctblock header hash=2141eaa7c806fca420f13b1c50fbd75a2427aca448dfa2f1a1c0ae3e7fcdf277 peer=2
2025-10-21T22:24:11Z UpdateTip: new best=2141eaa7c806fca420f13b1c50fbd75a2427aca448dfa2f1a1c0ae3e7fcdf277 height=494 version=0x20000000 log2_work=9.951285 tx=5611 date='2025-10-21T22:24:09Z' progress=1.000000 cache=0.3MiB(1487txo)
2025-10-21T22:24:17Z Saw new header hash=38eb9aed37512baad30b83dbec63f59b102a8cca3d0775613dd9ea1f5b7e8432 height=495
2025-10-21T22:24:17Z Saw new cmpctblock header hash=38eb9aed37512baad30b83dbec63f59b102a8cca3d0775613dd9ea1f5b7e8432 peer=2
2025-10-21T22:24:17Z UpdateTip: new best=38eb9aed37512baad30b83dbec63f59b102a8cca3d0775613dd9ea1f5b7e8432 height=495 version=0x20000000 log2_work=9.954196 tx=5620 date='2025-10-21T22:24:14Z' progress=1.000000 cache=0.3MiB(1489txo)
2025-10-21T22:24:22Z Saw new header hash=455b50c0aabf8b83cb543bfefac797e1f0f6bef29737c8d8d9acfc6bb8de21c0 height=496
2025-10-21T22:24:22Z Saw new cmpctblock header hash=455b50c0aabf8b83cb543bfefac797e1f0f6bef29737c8d8d9acfc6bb8de21c0 peer=2
2025-10-21T22:24:22Z UpdateTip: new best=455b50c0aabf8b83cb543bfefac797e1f0f6bef29737c8d8d9acfc6bb8de21c0 height=496 version=0x20000000 log2_work=9.957102 tx=5630 date='2025-10-21T22:24:20Z' progress=1.000000 cache=0.3MiB(1495txo)
2025-10-21T22:24:28Z Saw new header hash=68feda0415e725edbaf48d2c17f69efbde0e483b64e31c6329f1bfd0fc2d5c05 height=497
2025-10-21T22:24:28Z Saw new cmpctblock header hash=68feda0415e725edbaf48d2c17f69efbde0e483b64e31c6329f1bfd0fc2d5c05 peer=2
2025-10-21T22:24:28Z UpdateTip: new best=68feda0415e725edbaf48d2c17f69efbde0e483b64e31c6329f1bfd0fc2d5c05 height=497 version=0x20000000 log2_work=9.960002 tx=5640 date='2025-10-21T22:24:26Z' progress=1.000000 cache=0.3MiB(1500txo)
2025-10-21T22:24:33Z Saw new header hash=16ac810d8f8d33e9e3824e66692269c51995ac29903ca30c9040c0dbfa93dc07 height=498
2025-10-21T22:24:33Z Saw new cmpctblock header hash=16ac810d8f8d33e9e3824e66692269c51995ac29903ca30c9040c0dbfa93dc07 peer=2
2025-10-21T22:24:33Z UpdateTip: new best=16ac810d8f8d33e9e3824e66692269c51995ac29903ca30c9040c0dbfa93dc07 height=498 version=0x20000000 log2_work=9.962896 tx=5648 date='2025-10-21T22:24:31Z' progress=1.000000 cache=0.3MiB(1502txo)
2025-10-21T22:24:38Z Saw new header hash=2ccc31e0a8896051229100e5d5e212910a10a8dfbb707b77653ffee385172ddb height=499
2025-10-21T22:24:38Z Saw new cmpctblock header hash=2ccc31e0a8896051229100e5d5e212910a10a8dfbb707b77653ffee385172ddb peer=2
2025-10-21T22:24:38Z UpdateTip: new best=2ccc31e0a8896051229100e5d5e212910a10a8dfbb707b77653ffee385172ddb height=499 version=0x20000000 log2_work=9.965784 tx=5657 date='2025-10-21T22:24:36Z' progress=1.000000 cache=0.3MiB(1506txo)
2025-10-21T22:24:44Z Saw new header hash=451f02eadb9dd9c98fd1b5142ba9d8bc66a90ec2a3d192a16ec849df3193ff95 height=500
2025-10-21T22:24:44Z Saw new cmpctblock header hash=451f02eadb9dd9c98fd1b5142ba9d8bc66a90ec2a3d192a16ec849df3193ff95 peer=2
2025-10-21T22:24:44Z UpdateTip: new best=451f02eadb9dd9c98fd1b5142ba9d8bc66a90ec2a3d192a16ec849df3193ff95 height=500 version=0x20000000 log2_work=9.968667 tx=5667 date='2025-10-21T22:24:42Z' progress=1.000000 cache=0.3MiB(1507txo)
2025-10-21T22:24:49Z Saw new header hash=59ac970bc2943163e439fda081869806f09ac3157155067f4435cc775515737a height=501
2025-10-21T22:24:49Z Saw new cmpctblock header hash=59ac970bc2943163e439fda081869806f09ac3157155067f4435cc775515737a peer=2
2025-10-21T22:24:49Z UpdateTip: new best=59ac970bc2943163e439fda081869806f09ac3157155067f4435cc775515737a height=501 version=0x20000000 log2_work=9.971544 tx=5676 date='2025-10-21T22:24:47Z' progress=1.000000 cache=0.3MiB(1517txo)
2025-10-21T22:24:55Z Saw new header hash=283f184bb85ce90f5aa531f4ae472c2b9c58aca9585001e68f48b0e151c35b68 height=502
2025-10-21T22:24:55Z Saw new cmpctblock header hash=283f184bb85ce90f5aa531f4ae472c2b9c58aca9585001e68f48b0e151c35b68 peer=2
2025-10-21T22:24:55Z UpdateTip: new best=283f184bb85ce90f5aa531f4ae472c2b9c58aca9585001e68f48b0e151c35b68 height=502 version=0x20000000 log2_work=9.974415 tx=5684 date='2025-10-21T22:24:53Z' progress=1.000000 cache=0.3MiB(1521txo)
2025-10-21T22:25:01Z Saw new header hash=38ae8a9680d8d526c25f0f4b0968bc26d79c4d0284a49b47434ed31d858fa07f height=503
2025-10-21T22:25:01Z Saw new cmpctblock header hash=38ae8a9680d8d526c25f0f4b0968bc26d79c4d0284a49b47434ed31d858fa07f peer=2
2025-10-21T22:25:01Z UpdateTip: new best=38ae8a9680d8d526c25f0f4b0968bc26d79c4d0284a49b47434ed31d858fa07f height=503 version=0x20000000 log2_work=9.977280 tx=5694 date='2025-10-21T22:24:59Z' progress=1.000000 cache=0.3MiB(1526txo)
2025-10-21T22:25:06Z Saw new header hash=32fed36302902f4bf27dd521cf5f58237fb68fb5f24edf8c678682e68531f243 height=504
2025-10-21T22:25:06Z Saw new cmpctblock header hash=32fed36302902f4bf27dd521cf5f58237fb68fb5f24edf8c678682e68531f243 peer=2
2025-10-21T22:25:06Z UpdateTip: new best=32fed36302902f4bf27dd521cf5f58237fb68fb5f24edf8c678682e68531f243 height=504 version=0x20000000 log2_work=9.980140 tx=5704 date='2025-10-21T22:25:04Z' progress=1.000000 cache=0.3MiB(1532txo)
2025-10-21T22:25:12Z Saw new header hash=56ffbc3dffc61570593bf4f6b27a2daec0e84089ee83278ef425b106b212ac04 height=505
2025-10-21T22:25:12Z Saw new cmpctblock header hash=56ffbc3dffc61570593bf4f6b27a2daec0e84089ee83278ef425b106b212ac04 peer=2
2025-10-21T22:25:12Z UpdateTip: new best=56ffbc3dffc61570593bf4f6b27a2daec0e84089ee83278ef425b106b212ac04 height=505 version=0x20000000 log2_work=9.982994 tx=5714 date='2025-10-21T22:25:10Z' progress=1.000000 cache=0.3MiB(1538txo)
2025-10-21T22:25:17Z Saw new header hash=29070a43eff5c74a4de68aabd4ca1a0f7e7579dfaf9c684751234473fdcd79dd height=506
2025-10-21T22:25:17Z Saw new cmpctblock header hash=29070a43eff5c74a4de68aabd4ca1a0f7e7579dfaf9c684751234473fdcd79dd peer=2
2025-10-21T22:25:17Z UpdateTip: new best=29070a43eff5c74a4de68aabd4ca1a0f7e7579dfaf9c684751234473fdcd79dd height=506 version=0x20000000 log2_work=9.985842 tx=5724 date='2025-10-21T22:25:15Z' progress=1.000000 cache=0.3MiB(1539txo)
2025-10-21T22:25:23Z Saw new header hash=3f1305c5398ec237a6aa041c3880988c17734902ac198ab4e91c5954907516cc height=507
2025-10-21T22:25:23Z Saw new cmpctblock header hash=3f1305c5398ec237a6aa041c3880988c17734902ac198ab4e91c5954907516cc peer=2
2025-10-21T22:25:23Z UpdateTip: new best=3f1305c5398ec237a6aa041c3880988c17734902ac198ab4e91c5954907516cc height=507 version=0x20000000 log2_work=9.988685 tx=5734 date='2025-10-21T22:25:21Z' progress=1.000000 cache=0.3MiB(1542txo)
2025-10-21T22:25:29Z Saw new header hash=714685da03be7a468d128a1359788ed8ef811784233ed045c970e2841a3cc791 height=508
2025-10-21T22:25:29Z Saw new cmpctblock header hash=714685da03be7a468d128a1359788ed8ef811784233ed045c970e2841a3cc791 peer=2
2025-10-21T22:25:29Z UpdateTip: new best=714685da03be7a468d128a1359788ed8ef811784233ed045c970e2841a3cc791 height=508 version=0x20000000 log2_work=9.991522 tx=5742 date='2025-10-21T22:25:26Z' progress=1.000000 cache=0.3MiB(1547txo)
2025-10-21T22:25:34Z Saw new header hash=072be53752a1582aff0389176c55db87ad271eb953716866786698a038443506 height=509
2025-10-21T22:25:34Z Saw new cmpctblock header hash=072be53752a1582aff0389176c55db87ad271eb953716866786698a038443506 peer=2
2025-10-21T22:25:34Z UpdateTip: new best=072be53752a1582aff0389176c55db87ad271eb953716866786698a038443506 height=509 version=0x20000000 log2_work=9.994353 tx=5750 date='2025-10-21T22:25:32Z' progress=1.000000 cache=0.3MiB(1548txo)
2025-10-21T22:25:40Z Saw new header hash=19076406b552e16696b013ebf0231ef965e1054833b6163fd36ee1ee303b25c2 height=510
2025-10-21T22:25:40Z Saw new cmpctblock header hash=19076406b552e16696b013ebf0231ef965e1054833b6163fd36ee1ee303b25c2 peer=2
2025-10-21T22:25:40Z UpdateTip: new best=19076406b552e16696b013ebf0231ef965e1054833b6163fd36ee1ee303b25c2 height=510 version=0x20000000 log2_work=9.997179 tx=5760 date='2025-10-21T22:25:38Z' progress=1.000000 cache=0.3MiB(1556txo)
2025-10-21T22:25:46Z Saw new header hash=6cd0e0460d632b6f0e2d707036bff9bd1663389fad495787e63b795b13f2e09e height=511
2025-10-21T22:25:46Z Saw new cmpctblock header hash=6cd0e0460d632b6f0e2d707036bff9bd1663389fad495787e63b795b13f2e09e peer=2
2025-10-21T22:25:46Z UpdateTip: new best=6cd0e0460d632b6f0e2d707036bff9bd1663389fad495787e63b795b13f2e09e height=511 version=0x20000000 log2_work=10.000000 tx=5770 date='2025-10-21T22:25:44Z' progress=1.000000 cache=0.3MiB(1566txo)
2025-10-21T22:25:51Z Saw new header hash=48659fc839aef82384357a1ea6e9f7df8179e9d0b210d8fe1307cd2d62d976bc height=512
2025-10-21T22:25:51Z Saw new cmpctblock header hash=48659fc839aef82384357a1ea6e9f7df8179e9d0b210d8fe1307cd2d62d976bc peer=2
2025-10-21T22:25:51Z UpdateTip: new best=48659fc839aef82384357a1ea6e9f7df8179e9d0b210d8fe1307cd2d62d976bc height=512 version=0x20000000 log2_work=10.002815 tx=5780 date='2025-10-21T22:25:49Z' progress=1.000000 cache=0.3MiB(1571txo)
2025-10-21T22:25:57Z Saw new header hash=310570ec1759933aa4aeee7e3f069f2c03a41913918dcee63db02f0b0f3a38a9 height=513
2025-10-21T22:25:57Z Saw new cmpctblock header hash=310570ec1759933aa4aeee7e3f069f2c03a41913918dcee63db02f0b0f3a38a9 peer=2
2025-10-21T22:25:57Z UpdateTip: new best=310570ec1759933aa4aeee7e3f069f2c03a41913918dcee63db02f0b0f3a38a9 height=513 version=0x20000000 log2_work=10.005625 tx=5790 date='2025-10-21T22:25:55Z' progress=1.000000 cache=0.3MiB(1578txo)
2025-10-21T22:26:03Z Saw new header hash=2ecfbd8ac0f0bc7e1cc6cf419f5dac2c8f46fbea531f10995ea5f942c1d08680 height=514
2025-10-21T22:26:03Z Saw new cmpctblock header hash=2ecfbd8ac0f0bc7e1cc6cf419f5dac2c8f46fbea531f10995ea5f942c1d08680 peer=2
2025-10-21T22:26:03Z UpdateTip: new best=2ecfbd8ac0f0bc7e1cc6cf419f5dac2c8f46fbea531f10995ea5f942c1d08680 height=514 version=0x20000000 log2_work=10.008429 tx=5798 date='2025-10-21T22:26:00Z' progress=1.000000 cache=0.3MiB(1579txo)
2025-10-21T22:26:08Z Saw new header hash=5b07b8b94d3f64abf67b35bb20a9ace3d03cb6ab155e0fe227bcb6417e31ce33 height=515
2025-10-21T22:26:08Z Saw new cmpctblock header hash=5b07b8b94d3f64abf67b35bb20a9ace3d03cb6ab155e0fe227bcb6417e31ce33 peer=2
2025-10-21T22:26:08Z UpdateTip: new best=5b07b8b94d3f64abf67b35bb20a9ace3d03cb6ab155e0fe227bcb6417e31ce33 height=515 version=0x20000000 log2_work=10.011227 tx=5808 date='2025-10-21T22:26:06Z' progress=1.000000 cache=0.3MiB(1582txo)
2025-10-21T22:26:14Z Saw new header hash=2b271587294126581e5354b8e888ae918f35211552b88a833c009f5f0080428a height=516
2025-10-21T22:26:14Z Saw new cmpctblock header hash=2b271587294126581e5354b8e888ae918f35211552b88a833c009f5f0080428a peer=2
2025-10-21T22:26:14Z UpdateTip: new best=2b271587294126581e5354b8e888ae918f35211552b88a833c009f5f0080428a height=516 version=0x20000000 log2_work=10.014020 tx=5818 date='2025-10-21T22:26:12Z' progress=1.000000 cache=0.3MiB(1587txo)
2025-10-21T22:26:19Z Saw new header hash=6554b90dfc9561bc026e88ed22c343723cb806ce327a52bb4cab2d916cb2badd height=517
2025-10-21T22:26:19Z Saw new cmpctblock header hash=6554b90dfc9561bc026e88ed22c343723cb806ce327a52bb4cab2d916cb2badd peer=2
2025-10-21T22:26:19Z UpdateTip: new best=6554b90dfc9561bc026e88ed22c343723cb806ce327a52bb4cab2d916cb2badd height=517 version=0x20000000 log2_work=10.016808 tx=5827 date='2025-10-21T22:26:17Z' progress=1.000000 cache=0.3MiB(1590txo)
2025-10-21T22:26:25Z Saw new header hash=273ab9345c8ddd2320a99102c2b83521664e274fc1d18eab3681584fec2ffecc height=518
2025-10-21T22:26:25Z Saw new cmpctblock header hash=273ab9345c8ddd2320a99102c2b83521664e274fc1d18eab3681584fec2ffecc peer=2
2025-10-21T22:26:25Z UpdateTip: new best=273ab9345c8ddd2320a99102c2b83521664e274fc1d18eab3681584fec2ffecc height=518 version=0x20000000 log2_work=10.019591 tx=5836 date='2025-10-21T22:26:23Z' progress=1.000000 cache=0.3MiB(1592txo)
2025-10-21T22:26:31Z Saw new header hash=3a2073d3c84c8014a39fed54a620eac78a35e7146b6317494dc55fd08e4cd81c height=519
2025-10-21T22:26:31Z Saw new cmpctblock header hash=3a2073d3c84c8014a39fed54a620eac78a35e7146b6317494dc55fd08e4cd81c peer=2
2025-10-21T22:26:31Z UpdateTip: new best=3a2073d3c84c8014a39fed54a620eac78a35e7146b6317494dc55fd08e4cd81c height=519 version=0x20000000 log2_work=10.022368 tx=5846 date='2025-10-21T22:26:29Z' progress=1.000000 cache=0.3MiB(1599txo)
2025-10-21T22:26:36Z Saw new header hash=34d70888d71f6c24765bb372ebd67e26d56db47904230917733830b3fd9eda0d height=520
2025-10-21T22:26:36Z Saw new cmpctblock header hash=34d70888d71f6c24765bb372ebd67e26d56db47904230917733830b3fd9eda0d peer=2
2025-10-21T22:26:36Z UpdateTip: new best=34d70888d71f6c24765bb372ebd67e26d56db47904230917733830b3fd9eda0d height=520 version=0x20000000 log2_work=10.025140 tx=5856 date='2025-10-21T22:26:34Z' progress=1.000000 cache=0.3MiB(1604txo)
2025-10-21T22:26:42Z Saw new header hash=02cd880a3c87635d827de4916a262274104bdeca0e8ae6c3717e4a31db1c9733 height=521
2025-10-21T22:26:42Z Saw new cmpctblock header hash=02cd880a3c87635d827de4916a262274104bdeca0e8ae6c3717e4a31db1c9733 peer=2
2025-10-21T22:26:42Z UpdateTip: new best=02cd880a3c87635d827de4916a262274104bdeca0e8ae6c3717e4a31db1c9733 height=521 version=0x20000000 log2_work=10.027906 tx=5866 date='2025-10-21T22:26:40Z' progress=1.000000 cache=0.3MiB(1609txo)
2025-10-21T22:26:47Z Saw new header hash=6f954f2812a409c3f1b6cdd4fa8da3a8c28a3c0e1b03006b0c7bc227cedb01bd height=522
2025-10-21T22:26:47Z Saw new cmpctblock header hash=6f954f2812a409c3f1b6cdd4fa8da3a8c28a3c0e1b03006b0c7bc227cedb01bd peer=2
2025-10-21T22:26:47Z UpdateTip: new best=6f954f2812a409c3f1b6cdd4fa8da3a8c28a3c0e1b03006b0c7bc227cedb01bd height=522 version=0x20000000 log2_work=10.030667 tx=5875 date='2025-10-21T22:26:45Z' progress=1.000000 cache=0.3MiB(1616txo)
2025-10-21T22:26:53Z Saw new header hash=6d7d554789e0b2eddb909a4e450f742d82193b02ec014c1dce269a15722aceab height=523
2025-10-21T22:26:53Z Saw new cmpctblock header hash=6d7d554789e0b2eddb909a4e450f742d82193b02ec014c1dce269a15722aceab peer=2
2025-10-21T22:26:53Z UpdateTip: new best=6d7d554789e0b2eddb909a4e450f742d82193b02ec014c1dce269a15722aceab height=523 version=0x20000000 log2_work=10.033423 tx=5883 date='2025-10-21T22:26:51Z' progress=1.000000 cache=0.3MiB(1617txo)
2025-10-21T22:26:58Z Saw new header hash=11b44a2d28bac42b6bf402fa66a22c3ae3f6577fc6e4c48530a9f3091e570a30 height=524
2025-10-21T22:26:58Z Saw new cmpctblock header hash=11b44a2d28bac42b6bf402fa66a22c3ae3f6577fc6e4c48530a9f3091e570a30 peer=2
2025-10-21T22:26:58Z UpdateTip: new best=11b44a2d28bac42b6bf402fa66a22c3ae3f6577fc6e4c48530a9f3091e570a30 height=524 version=0x20000000 log2_work=10.036174 tx=5891 date='2025-10-21T22:26:56Z' progress=1.000000 cache=0.3MiB(1622txo)
2025-10-21T22:27:03Z Saw new header hash=46a9ca2668580800f174b76e340ab0eac62733ad5073849a2efe35b4a43ce473 height=525
2025-10-21T22:27:03Z Saw new cmpctblock header hash=46a9ca2668580800f174b76e340ab0eac62733ad5073849a2efe35b4a43ce473 peer=2
2025-10-21T22:27:03Z UpdateTip: new best=46a9ca2668580800f174b76e340ab0eac62733ad5073849a2efe35b4a43ce473 height=525 version=0x20000000 log2_work=10.038919 tx=5898 date='2025-10-21T22:27:01Z' progress=1.000000 cache=0.3MiB(1624txo)
2025-10-21T22:27:09Z Saw new header hash=686a5f02dbd3bc42c38907961917edc580db1300bcfd1bdf416bfc24b055ba03 height=526
2025-10-21T22:27:09Z Saw new cmpctblock header hash=686a5f02dbd3bc42c38907961917edc580db1300bcfd1bdf416bfc24b055ba03 peer=2
2025-10-21T22:27:09Z UpdateTip: new best=686a5f02dbd3bc42c38907961917edc580db1300bcfd1bdf416bfc24b055ba03 height=526 version=0x20000000 log2_work=10.041659 tx=5906 date='2025-10-21T22:27:07Z' progress=1.000000 cache=0.3MiB(1627txo)
2025-10-21T22:27:14Z Saw new header hash=03355a34cf73d300f9f89760767441531599506fcd9ff0b87bc76d03a660d42c height=527
2025-10-21T22:27:14Z Saw new cmpctblock header hash=03355a34cf73d300f9f89760767441531599506fcd9ff0b87bc76d03a660d42c peer=2
2025-10-21T22:27:14Z UpdateTip: new best=03355a34cf73d300f9f89760767441531599506fcd9ff0b87bc76d03a660d42c height=527 version=0x20000000 log2_work=10.044394 tx=5916 date='2025-10-21T22:27:12Z' progress=1.000000 cache=0.3MiB(1635txo)
2025-10-21T22:27:20Z Saw new header hash=44f21fe3da429486958282517493f9f5155f10473bd32ce27db0a61ab1b97aa7 height=528
2025-10-21T22:27:20Z Saw new cmpctblock header hash=44f21fe3da429486958282517493f9f5155f10473bd32ce27db0a61ab1b97aa7 peer=2
2025-10-21T22:27:20Z UpdateTip: new best=44f21fe3da429486958282517493f9f5155f10473bd32ce27db0a61ab1b97aa7 height=528 version=0x20000000 log2_work=10.047124 tx=5925 date='2025-10-21T22:27:18Z' progress=1.000000 cache=0.3MiB(1643txo)
2025-10-21T22:27:25Z Saw new header hash=6c4672af7aeb232a719f7f60437c224e80e56245aba9f6005e7015d4f82a6052 height=529
2025-10-21T22:27:25Z Saw new cmpctblock header hash=6c4672af7aeb232a719f7f60437c224e80e56245aba9f6005e7015d4f82a6052 peer=2
2025-10-21T22:27:25Z UpdateTip: new best=6c4672af7aeb232a719f7f60437c224e80e56245aba9f6005e7015d4f82a6052 height=529 version=0x20000000 log2_work=10.049849 tx=5934 date='2025-10-21T22:27:23Z' progress=1.000000 cache=0.3MiB(1647txo)
2025-10-21T22:27:30Z Saw new header hash=35293c761bc2f47118fedc5bfe0c3445fe83f0a4968ec10fff2bc2e9dc79ebe3 height=530
2025-10-21T22:27:30Z Saw new cmpctblock header hash=35293c761bc2f47118fedc5bfe0c3445fe83f0a4968ec10fff2bc2e9dc79ebe3 peer=2
2025-10-21T22:27:30Z UpdateTip: new best=35293c761bc2f47118fedc5bfe0c3445fe83f0a4968ec10fff2bc2e9dc79ebe3 height=530 version=0x20000000 log2_work=10.052568 tx=5942 date='2025-10-21T22:27:28Z' progress=1.000000 cache=0.3MiB(1648txo)
2025-10-21T22:27:36Z Saw new header hash=47e8382a907645b3c7e8f03c853407405fc14c49b89681a903d11fe3c8a3c8b3 height=531
2025-10-21T22:27:36Z Saw new cmpctblock header hash=47e8382a907645b3c7e8f03c853407405fc14c49b89681a903d11fe3c8a3c8b3 peer=2
2025-10-21T22:27:36Z UpdateTip: new best=47e8382a907645b3c7e8f03c853407405fc14c49b89681a903d11fe3c8a3c8b3 height=531 version=0x20000000 log2_work=10.055282 tx=5951 date='2025-10-21T22:27:34Z' progress=1.000000 cache=0.3MiB(1651txo)
2025-10-21T22:27:41Z Saw new header hash=0c1ca574822cf09e608d0cbcc9c50ce13cdd62ef9c1413587db27826e94cca37 height=532
2025-10-21T22:27:41Z Saw new cmpctblock header hash=0c1ca574822cf09e608d0cbcc9c50ce13cdd62ef9c1413587db27826e94cca37 peer=2
2025-10-21T22:27:41Z UpdateTip: new best=0c1ca574822cf09e608d0cbcc9c50ce13cdd62ef9c1413587db27826e94cca37 height=532 version=0x20000000 log2_work=10.057992 tx=5960 date='2025-10-21T22:27:39Z' progress=1.000000 cache=0.3MiB(1648txo)
2025-10-21T22:27:46Z Saw new header hash=7b6a641cbe56473109ac7a6bb97c1a3da03e8ab54d786ead6163aa5b1de727b2 height=533
2025-10-21T22:27:46Z Saw new cmpctblock header hash=7b6a641cbe56473109ac7a6bb97c1a3da03e8ab54d786ead6163aa5b1de727b2 peer=2
2025-10-21T22:27:46Z UpdateTip: new best=7b6a641cbe56473109ac7a6bb97c1a3da03e8ab54d786ead6163aa5b1de727b2 height=533 version=0x20000000 log2_work=10.060696 tx=5969 date='2025-10-21T22:27:44Z' progress=1.000000 cache=0.3MiB(1654txo)
2025-10-21T22:27:52Z Saw new header hash=4e7499c7e1ef4b431cb95adbfc065b4c354bb19197cf89114c43d70e680098e8 height=534
2025-10-21T22:27:52Z Saw new cmpctblock header hash=4e7499c7e1ef4b431cb95adbfc065b4c354bb19197cf89114c43d70e680098e8 peer=2
2025-10-21T22:27:52Z UpdateTip: new best=4e7499c7e1ef4b431cb95adbfc065b4c354bb19197cf89114c43d70e680098e8 height=534 version=0x20000000 log2_work=10.063395 tx=5979 date='2025-10-21T22:27:50Z' progress=1.000000 cache=0.3MiB(1647txo)
2025-10-21T22:27:57Z Saw new header hash=167733a28d0982f756379c8d84690c145bf48f8fdbb0bc546ad2062e38f15796 height=535
2025-10-21T22:27:57Z Saw new cmpctblock header hash=167733a28d0982f756379c8d84690c145bf48f8fdbb0bc546ad2062e38f15796 peer=2
2025-10-21T22:27:57Z UpdateTip: new best=167733a28d0982f756379c8d84690c145bf48f8fdbb0bc546ad2062e38f15796 height=535 version=0x20000000 log2_work=10.066089 tx=5988 date='2025-10-21T22:27:55Z' progress=1.000000 cache=0.3MiB(1648txo)
2025-10-21T22:28:03Z Saw new header hash=6b4bd4da7587159b46bfd79742c4312d8790c176e642e254d46caee33db37b7c height=536
2025-10-21T22:28:03Z Saw new cmpctblock header hash=6b4bd4da7587159b46bfd79742c4312d8790c176e642e254d46caee33db37b7c peer=2
2025-10-21T22:28:03Z UpdateTip: new best=6b4bd4da7587159b46bfd79742c4312d8790c176e642e254d46caee33db37b7c height=536 version=0x20000000 log2_work=10.068778 tx=5998 date='2025-10-21T22:28:01Z' progress=1.000000 cache=0.3MiB(1650txo)
2025-10-21T22:28:09Z Saw new header hash=7a31cb840269a61f86b8bf8f8a07cf65bfb27d7ba611b47774deaf18b7bdbbfe height=537
2025-10-21T22:28:09Z Saw new cmpctblock header hash=7a31cb840269a61f86b8bf8f8a07cf65bfb27d7ba611b47774deaf18b7bdbbfe peer=2
2025-10-21T22:28:09Z UpdateTip: new best=7a31cb840269a61f86b8bf8f8a07cf65bfb27d7ba611b47774deaf18b7bdbbfe height=537 version=0x20000000 log2_work=10.071462 tx=6008 date='2025-10-21T22:28:07Z' progress=1.000000 cache=0.3MiB(1660txo)
2025-10-21T22:28:15Z Saw new header hash=3f9c8b5a389ea7db2ab9b71c5392dd4028f222eef2cb773d248663a927d0335b height=538
2025-10-21T22:28:15Z Saw new cmpctblock header hash=3f9c8b5a389ea7db2ab9b71c5392dd4028f222eef2cb773d248663a927d0335b peer=2
2025-10-21T22:28:15Z UpdateTip: new best=3f9c8b5a389ea7db2ab9b71c5392dd4028f222eef2cb773d248663a927d0335b height=538 version=0x20000000 log2_work=10.074141 tx=6018 date='2025-10-21T22:28:13Z' progress=1.000000 cache=0.3MiB(1663txo)
2025-10-21T22:28:20Z Saw new header hash=6df56d1ab7bfa8554a6a3a38db748294407a2d9b67682af8fa6097e284af3946 height=539
2025-10-21T22:28:20Z Saw new cmpctblock header hash=6df56d1ab7bfa8554a6a3a38db748294407a2d9b67682af8fa6097e284af3946 peer=2
2025-10-21T22:28:20Z UpdateTip: new best=6df56d1ab7bfa8554a6a3a38db748294407a2d9b67682af8fa6097e284af3946 height=539 version=0x20000000 log2_work=10.076816 tx=6027 date='2025-10-21T22:28:18Z' progress=1.000000 cache=0.3MiB(1670txo)
2025-10-21T22:28:26Z Saw new header hash=3e432db48e317bb5e4f04c81fd035822f022c25172e33e49bc507d45710e53c4 height=540
2025-10-21T22:28:26Z Saw new cmpctblock header hash=3e432db48e317bb5e4f04c81fd035822f022c25172e33e49bc507d45710e53c4 peer=2
2025-10-21T22:28:26Z UpdateTip: new best=3e432db48e317bb5e4f04c81fd035822f022c25172e33e49bc507d45710e53c4 height=540 version=0x20000000 log2_work=10.079485 tx=6037 date='2025-10-21T22:28:24Z' progress=1.000000 cache=0.3MiB(1668txo)
2025-10-21T22:28:31Z Saw new header hash=4bae24d9796dd5292f6cc938630f0089daac95b51c5f0b23cd0cb66e4f96d3a5 height=541
2025-10-21T22:28:31Z Saw new cmpctblock header hash=4bae24d9796dd5292f6cc938630f0089daac95b51c5f0b23cd0cb66e4f96d3a5 peer=2
2025-10-21T22:28:31Z UpdateTip: new best=4bae24d9796dd5292f6cc938630f0089daac95b51c5f0b23cd0cb66e4f96d3a5 height=541 version=0x20000000 log2_work=10.082149 tx=6046 date='2025-10-21T22:28:29Z' progress=1.000000 cache=0.3MiB(1674txo)
2025-10-21T22:28:36Z Saw new header hash=0b69c96d8c3fdf3c926dce49d518f997cdcd323c829b96d77715d43d56cea41c height=542
2025-10-21T22:28:36Z Saw new cmpctblock header hash=0b69c96d8c3fdf3c926dce49d518f997cdcd323c829b96d77715d43d56cea41c peer=2
2025-10-21T22:28:36Z UpdateTip: new best=0b69c96d8c3fdf3c926dce49d518f997cdcd323c829b96d77715d43d56cea41c height=542 version=0x20000000 log2_work=10.084808 tx=6055 date='2025-10-21T22:28:34Z' progress=1.000000 cache=0.3MiB(1675txo)
2025-10-21T22:28:42Z Saw new header hash=193cc5804adafc1d9df52aeba96684585a5dcf489e9fdc9be9ec614d665d2be8 height=543
2025-10-21T22:28:42Z Saw new cmpctblock header hash=193cc5804adafc1d9df52aeba96684585a5dcf489e9fdc9be9ec614d665d2be8 peer=2
2025-10-21T22:28:42Z UpdateTip: new best=193cc5804adafc1d9df52aeba96684585a5dcf489e9fdc9be9ec614d665d2be8 height=543 version=0x20000000 log2_work=10.087463 tx=6065 date='2025-10-21T22:28:40Z' progress=1.000000 cache=0.3MiB(1681txo)
2025-10-21T22:28:47Z Saw new header hash=61b856276538895b62a85c2471104d4ec2a75708449004bcaeac1842cead1d17 height=544
2025-10-21T22:28:47Z Saw new cmpctblock header hash=61b856276538895b62a85c2471104d4ec2a75708449004bcaeac1842cead1d17 peer=2
2025-10-21T22:28:47Z UpdateTip: new best=61b856276538895b62a85c2471104d4ec2a75708449004bcaeac1842cead1d17 height=544 version=0x20000000 log2_work=10.090112 tx=6077 date='2025-10-21T22:28:45Z' progress=1.000000 cache=0.3MiB(1683txo)
2025-10-21T22:28:52Z Saw new header hash=6576d87cbc78dd106ec0e730e35f3afb313007b2c0a8211cb413a1c749c45147 height=545
2025-10-21T22:28:52Z Saw new cmpctblock header hash=6576d87cbc78dd106ec0e730e35f3afb313007b2c0a8211cb413a1c749c45147 peer=2
2025-10-21T22:28:52Z UpdateTip: new best=6576d87cbc78dd106ec0e730e35f3afb313007b2c0a8211cb413a1c749c45147 height=545 version=0x20000000 log2_work=10.092757 tx=6107 date='2025-10-21T22:28:50Z' progress=1.000000 cache=0.3MiB(1684txo)
2025-10-21T22:28:57Z Saw new header hash=0607f0265d44a3a60b8e0dcefd2880a4ddf4ec4388f760253a93a0c82edaba49 height=546
2025-10-21T22:28:57Z Saw new cmpctblock header hash=0607f0265d44a3a60b8e0dcefd2880a4ddf4ec4388f760253a93a0c82edaba49 peer=2
2025-10-21T22:28:57Z UpdateTip: new best=0607f0265d44a3a60b8e0dcefd2880a4ddf4ec4388f760253a93a0c82edaba49 height=546 version=0x20000000 log2_work=10.095397 tx=6135 date='2025-10-21T22:28:55Z' progress=1.000000 cache=0.3MiB(1699txo)
2025-10-21T22:29:00Z Saw new header hash=7bab95998345727d50bed5618c34fbae6b5f24733256b2331ed5d3142d3be9ce height=547
2025-10-21T22:29:00Z Saw new cmpctblock header hash=7bab95998345727d50bed5618c34fbae6b5f24733256b2331ed5d3142d3be9ce peer=2
2025-10-21T22:29:00Z UpdateTip: new best=7bab95998345727d50bed5618c34fbae6b5f24733256b2331ed5d3142d3be9ce height=547 version=0x20000000 log2_work=10.098032 tx=6164 date='2025-10-21T22:29:00Z' progress=1.000000 cache=0.3MiB(1715txo)
2025-10-21T22:29:05Z Saw new header hash=123d5ca91bb1bd7320ca655e4e3bb948db4a3d5aa5b943557e64471e58d300df height=548
2025-10-21T22:29:05Z Saw new cmpctblock header hash=123d5ca91bb1bd7320ca655e4e3bb948db4a3d5aa5b943557e64471e58d300df peer=2
2025-10-21T22:29:05Z UpdateTip: new best=123d5ca91bb1bd7320ca655e4e3bb948db4a3d5aa5b943557e64471e58d300df height=548 version=0x20000000 log2_work=10.100662 tx=6196 date='2025-10-21T22:29:05Z' progress=1.000000 cache=0.3MiB(1734txo)
2025-10-21T22:29:11Z Saw new header hash=6ad5769cfe85e06dc1bdb385815f2c4627514af0c533e83e331609926dd865c3 height=549
2025-10-21T22:29:11Z Saw new cmpctblock header hash=6ad5769cfe85e06dc1bdb385815f2c4627514af0c533e83e331609926dd865c3 peer=2
2025-10-21T22:29:11Z UpdateTip: new best=6ad5769cfe85e06dc1bdb385815f2c4627514af0c533e83e331609926dd865c3 height=549 version=0x20000000 log2_work=10.103288 tx=6227 date='2025-10-21T22:29:10Z' progress=1.000000 cache=0.3MiB(1753txo)
2025-10-21T22:29:16Z Saw new header hash=7b129ebb24fb1a244a8e5b6510789714b96bfe195185654e9ea0dfbe8e215a01 height=550
2025-10-21T22:29:16Z Saw new cmpctblock header hash=7b129ebb24fb1a244a8e5b6510789714b96bfe195185654e9ea0dfbe8e215a01 peer=2
2025-10-21T22:29:16Z UpdateTip: new best=7b129ebb24fb1a244a8e5b6510789714b96bfe195185654e9ea0dfbe8e215a01 height=550 version=0x20000000 log2_work=10.105909 tx=6260 date='2025-10-21T22:29:16Z' progress=1.000000 cache=0.3MiB(1763txo)
2025-10-21T22:29:21Z Saw new header hash=5697d2fd0e8f138a33e082ab034e1b127bc84771b60b7db3c741533dca769441 height=551
2025-10-21T22:29:21Z Saw new cmpctblock header hash=5697d2fd0e8f138a33e082ab034e1b127bc84771b60b7db3c741533dca769441 peer=2
2025-10-21T22:29:21Z UpdateTip: new best=5697d2fd0e8f138a33e082ab034e1b127bc84771b60b7db3c741533dca769441 height=551 version=0x20000000 log2_work=10.108524 tx=6292 date='2025-10-21T22:29:21Z' progress=1.000000 cache=0.3MiB(1773txo)
2025-10-21T22:29:26Z Saw new header hash=087df027a5272e6585af05e020041db910d86073f7ed2f11402cf22428ba9dec height=552
2025-10-21T22:29:26Z Saw new cmpctblock header hash=087df027a5272e6585af05e020041db910d86073f7ed2f11402cf22428ba9dec peer=2
2025-10-21T22:29:26Z UpdateTip: new best=087df027a5272e6585af05e020041db910d86073f7ed2f11402cf22428ba9dec height=552 version=0x20000000 log2_work=10.111136 tx=6325 date='2025-10-21T22:29:26Z' progress=1.000000 cache=0.3MiB(1789txo)
2025-10-21T22:29:31Z Saw new header hash=23edc54efa22874038a3fc1a111353406a054cee6412fe3d9d4402e01f9591a7 height=553
2025-10-21T22:29:31Z Saw new cmpctblock header hash=23edc54efa22874038a3fc1a111353406a054cee6412fe3d9d4402e01f9591a7 peer=2
2025-10-21T22:29:31Z UpdateTip: new best=23edc54efa22874038a3fc1a111353406a054cee6412fe3d9d4402e01f9591a7 height=553 version=0x20000000 log2_work=10.113742 tx=6357 date='2025-10-21T22:29:31Z' progress=1.000000 cache=0.3MiB(1789txo)
2025-10-21T22:29:36Z Saw new header hash=68b3c52187403f8fd7bb48723dfb2dfdd3082b2aa0db52b8875994d7bc3eece0 height=554
2025-10-21T22:29:36Z Saw new cmpctblock header hash=68b3c52187403f8fd7bb48723dfb2dfdd3082b2aa0db52b8875994d7bc3eece0 peer=2
2025-10-21T22:29:36Z UpdateTip: new best=68b3c52187403f8fd7bb48723dfb2dfdd3082b2aa0db52b8875994d7bc3eece0 height=554 version=0x20000000 log2_work=10.116344 tx=6389 date='2025-10-21T22:29:36Z' progress=1.000000 cache=0.3MiB(1806txo)
2025-10-21T22:29:41Z Saw new header hash=585e055b5710288a5b6df4777080b1c102f78134a2f103f31edda4bc119806d4 height=555
2025-10-21T22:29:41Z Saw new cmpctblock header hash=585e055b5710288a5b6df4777080b1c102f78134a2f103f31edda4bc119806d4 peer=2
2025-10-21T22:29:41Z UpdateTip: new best=585e055b5710288a5b6df4777080b1c102f78134a2f103f31edda4bc119806d4 height=555 version=0x20000000 log2_work=10.118941 tx=6421 date='2025-10-21T22:29:41Z' progress=1.000000 cache=0.3MiB(1820txo)
2025-10-21T22:29:46Z Saw new header hash=484555dd56af66fb5790e3b0cdb130158fd10530eabf91bfc59c0eff3556b180 height=556
2025-10-21T22:29:46Z Saw new cmpctblock header hash=484555dd56af66fb5790e3b0cdb130158fd10530eabf91bfc59c0eff3556b180 peer=2
2025-10-21T22:29:46Z UpdateTip: new best=484555dd56af66fb5790e3b0cdb130158fd10530eabf91bfc59c0eff3556b180 height=556 version=0x20000000 log2_work=10.121534 tx=6451 date='2025-10-21T22:29:46Z' progress=1.000000 cache=0.3MiB(1814txo)
2025-10-21T22:29:51Z Saw new header hash=787a072d6e4972b7eacde87442f320d6f06add683dfefa335a0e019f45c584f9 height=557
2025-10-21T22:29:51Z Saw new cmpctblock header hash=787a072d6e4972b7eacde87442f320d6f06add683dfefa335a0e019f45c584f9 peer=2
2025-10-21T22:29:51Z UpdateTip: new best=787a072d6e4972b7eacde87442f320d6f06add683dfefa335a0e019f45c584f9 height=557 version=0x20000000 log2_work=10.124121 tx=6483 date='2025-10-21T22:29:51Z' progress=1.000000 cache=0.3MiB(1813txo)
2025-10-21T22:29:56Z Saw new header hash=747ce8dd67356d9bcc575eb7e4c049de36d30df33aefd5b5bbb5e38a920fab06 height=558
2025-10-21T22:29:56Z Saw new cmpctblock header hash=747ce8dd67356d9bcc575eb7e4c049de36d30df33aefd5b5bbb5e38a920fab06 peer=2
2025-10-21T22:29:56Z UpdateTip: new best=747ce8dd67356d9bcc575eb7e4c049de36d30df33aefd5b5bbb5e38a920fab06 height=558 version=0x20000000 log2_work=10.126704 tx=6515 date='2025-10-21T22:29:56Z' progress=1.000000 cache=0.3MiB(1827txo)
2025-10-21T22:30:01Z Saw new header hash=38ce01bc4df968a2ca0ab84462fe435bc7f57fad1605473c41f0a44f90e9f4fb height=559
2025-10-21T22:30:01Z Saw new cmpctblock header hash=38ce01bc4df968a2ca0ab84462fe435bc7f57fad1605473c41f0a44f90e9f4fb peer=2
2025-10-21T22:30:01Z UpdateTip: new best=38ce01bc4df968a2ca0ab84462fe435bc7f57fad1605473c41f0a44f90e9f4fb height=559 version=0x20000000 log2_work=10.129283 tx=6546 date='2025-10-21T22:30:01Z' progress=1.000000 cache=0.3MiB(1829txo)
2025-10-21T22:30:06Z Saw new header hash=6aa5da2dedb805e4e1f8bf5eb7e3b15db2d4bda71a845bcb6e2d9a73a9c7877c height=560
2025-10-21T22:30:06Z Saw new cmpctblock header hash=6aa5da2dedb805e4e1f8bf5eb7e3b15db2d4bda71a845bcb6e2d9a73a9c7877c peer=2
2025-10-21T22:30:06Z UpdateTip: new best=6aa5da2dedb805e4e1f8bf5eb7e3b15db2d4bda71a845bcb6e2d9a73a9c7877c height=560 version=0x20000000 log2_work=10.131857 tx=6578 date='2025-10-21T22:30:06Z' progress=1.000000 cache=0.3MiB(1845txo)
2025-10-21T22:30:12Z Saw new header hash=07bc4d048afbe8cae2ed6745963355fb323bc7a138f314fcf636c97b0a664418 height=561
2025-10-21T22:30:12Z Saw new cmpctblock header hash=07bc4d048afbe8cae2ed6745963355fb323bc7a138f314fcf636c97b0a664418 peer=2
2025-10-21T22:30:12Z UpdateTip: new best=07bc4d048afbe8cae2ed6745963355fb323bc7a138f314fcf636c97b0a664418 height=561 version=0x20000000 log2_work=10.134426 tx=6610 date='2025-10-21T22:30:11Z' progress=1.000000 cache=0.3MiB(1852txo)
2025-10-21T22:30:17Z Saw new header hash=3ea7af5ddb3a8045d2be59853ed7682a1d7612547a7f2459194eb4f8c8757524 height=562
2025-10-21T22:30:17Z Saw new cmpctblock header hash=3ea7af5ddb3a8045d2be59853ed7682a1d7612547a7f2459194eb4f8c8757524 peer=2
2025-10-21T22:30:17Z UpdateTip: new best=3ea7af5ddb3a8045d2be59853ed7682a1d7612547a7f2459194eb4f8c8757524 height=562 version=0x20000000 log2_work=10.136991 tx=6642 date='2025-10-21T22:30:17Z' progress=1.000000 cache=0.3MiB(1849txo)
2025-10-21T22:30:22Z Saw new header hash=248717f02d7b7e2206bf4dde2a17040055b586ceb2eae84fdec37fb84c0c8f5a height=563
2025-10-21T22:30:22Z Saw new cmpctblock header hash=248717f02d7b7e2206bf4dde2a17040055b586ceb2eae84fdec37fb84c0c8f5a peer=2
2025-10-21T22:30:22Z UpdateTip: new best=248717f02d7b7e2206bf4dde2a17040055b586ceb2eae84fdec37fb84c0c8f5a height=563 version=0x20000000 log2_work=10.139551 tx=6672 date='2025-10-21T22:30:22Z' progress=1.000000 cache=0.3MiB(1860txo)
2025-10-21T22:30:27Z Saw new header hash=46fdddd072d5f08fa83355e1ca4adab3683e5be9085928cc364c6a482a2333ae height=564
2025-10-21T22:30:27Z Saw new cmpctblock header hash=46fdddd072d5f08fa83355e1ca4adab3683e5be9085928cc364c6a482a2333ae peer=2
2025-10-21T22:30:27Z UpdateTip: new best=46fdddd072d5f08fa83355e1ca4adab3683e5be9085928cc364c6a482a2333ae height=564 version=0x20000000 log2_work=10.142107 tx=6702 date='2025-10-21T22:30:27Z' progress=1.000000 cache=0.3MiB(1875txo)
2025-10-21T22:30:32Z Saw new header hash=77df6a672434667a00831a819755dce281399209e6633f1f8aae0b7039bf8377 height=565
2025-10-21T22:30:32Z Saw new cmpctblock header hash=77df6a672434667a00831a819755dce281399209e6633f1f8aae0b7039bf8377 peer=2
2025-10-21T22:30:32Z UpdateTip: new best=77df6a672434667a00831a819755dce281399209e6633f1f8aae0b7039bf8377 height=565 version=0x20000000 log2_work=10.144658 tx=6734 date='2025-10-21T22:30:32Z' progress=1.000000 cache=0.3MiB(1884txo)
2025-10-21T22:30:37Z Saw new header hash=0fcf89240f040c61ad07adf7fe3b0d9bffca84c16da394140eaab182f43b63b5 height=566
2025-10-21T22:30:37Z Saw new cmpctblock header hash=0fcf89240f040c61ad07adf7fe3b0d9bffca84c16da394140eaab182f43b63b5 peer=2
2025-10-21T22:30:37Z UpdateTip: new best=0fcf89240f040c61ad07adf7fe3b0d9bffca84c16da394140eaab182f43b63b5 height=566 version=0x20000000 log2_work=10.147205 tx=6766 date='2025-10-21T22:30:37Z' progress=1.000000 cache=0.3MiB(1892txo)
2025-10-21T22:30:42Z Saw new header hash=128ba9199090df5c52a8dd73f9a0496d11615f266e3ba3c5ac01d56f65474f06 height=567
2025-10-21T22:30:42Z Saw new cmpctblock header hash=128ba9199090df5c52a8dd73f9a0496d11615f266e3ba3c5ac01d56f65474f06 peer=2
2025-10-21T22:30:42Z UpdateTip: new best=128ba9199090df5c52a8dd73f9a0496d11615f266e3ba3c5ac01d56f65474f06 height=567 version=0x20000000 log2_work=10.149747 tx=6796 date='2025-10-21T22:30:42Z' progress=1.000000 cache=0.3MiB(1894txo)
2025-10-21T22:30:47Z Saw new header hash=1659772e71ddbeb15143592e80059615e50a01dc5d43bdfa2ab20b01a2c8d909 height=568
2025-10-21T22:30:47Z Saw new cmpctblock header hash=1659772e71ddbeb15143592e80059615e50a01dc5d43bdfa2ab20b01a2c8d909 peer=2
2025-10-21T22:30:47Z UpdateTip: new best=1659772e71ddbeb15143592e80059615e50a01dc5d43bdfa2ab20b01a2c8d909 height=568 version=0x20000000 log2_work=10.152285 tx=6827 date='2025-10-21T22:30:47Z' progress=1.000000 cache=0.3MiB(1896txo)
2025-10-21T22:30:52Z Saw new header hash=1d6855ad36031c949dab93f05ffcb97b01cfc6b4520211313eb8fa260d62695a height=569
2025-10-21T22:30:52Z Saw new cmpctblock header hash=1d6855ad36031c949dab93f05ffcb97b01cfc6b4520211313eb8fa260d62695a peer=2
2025-10-21T22:30:52Z UpdateTip: new best=1d6855ad36031c949dab93f05ffcb97b01cfc6b4520211313eb8fa260d62695a height=569 version=0x20000000 log2_work=10.154818 tx=6858 date='2025-10-21T22:30:52Z' progress=1.000000 cache=0.3MiB(1913txo)
2025-10-21T22:30:57Z Saw new header hash=1efbe219e8e7ce0280d9ea0586b6b83d1057381db0941a88831d2eba51bbff59 height=570
2025-10-21T22:30:57Z Saw new cmpctblock header hash=1efbe219e8e7ce0280d9ea0586b6b83d1057381db0941a88831d2eba51bbff59 peer=2
2025-10-21T22:30:57Z UpdateTip: new best=1efbe219e8e7ce0280d9ea0586b6b83d1057381db0941a88831d2eba51bbff59 height=570 version=0x20000000 log2_work=10.157347 tx=6887 date='2025-10-21T22:30:57Z' progress=1.000000 cache=0.3MiB(1915txo)
2025-10-21T22:31:02Z Saw new header hash=276f9f2980f332225db82e3b128268becee5f33a48068269f99281afbb3c518d height=571
2025-10-21T22:31:02Z Saw new cmpctblock header hash=276f9f2980f332225db82e3b128268becee5f33a48068269f99281afbb3c518d peer=2
2025-10-21T22:31:02Z UpdateTip: new best=276f9f2980f332225db82e3b128268becee5f33a48068269f99281afbb3c518d height=571 version=0x20000000 log2_work=10.159871 tx=6919 date='2025-10-21T22:31:02Z' progress=1.000000 cache=0.3MiB(1926txo)
2025-10-21T22:31:08Z Saw new header hash=14cdf6bb54deeaad2d7e7db5d806340afbe18ffd477addf854ec10d9e3f8610c height=572
2025-10-21T22:31:08Z Saw new cmpctblock header hash=14cdf6bb54deeaad2d7e7db5d806340afbe18ffd477addf854ec10d9e3f8610c peer=2
2025-10-21T22:31:08Z UpdateTip: new best=14cdf6bb54deeaad2d7e7db5d806340afbe18ffd477addf854ec10d9e3f8610c height=572 version=0x20000000 log2_work=10.162391 tx=6950 date='2025-10-21T22:31:07Z' progress=1.000000 cache=0.3MiB(1920txo)
2025-10-21T22:31:13Z Saw new header hash=6f4311c820ec15a30a4da3b66798d1654281a5538528e1118b62b61adbd9de59 height=573
2025-10-21T22:31:13Z Saw new cmpctblock header hash=6f4311c820ec15a30a4da3b66798d1654281a5538528e1118b62b61adbd9de59 peer=2
2025-10-21T22:31:13Z UpdateTip: new best=6f4311c820ec15a30a4da3b66798d1654281a5538528e1118b62b61adbd9de59 height=573 version=0x20000000 log2_work=10.164907 tx=6981 date='2025-10-21T22:31:13Z' progress=1.000000 cache=0.3MiB(1923txo)
2025-10-21T22:31:18Z Saw new header hash=74ee90942ef0b4dbc15a883a46eacef4b1a9be48148ef0eb9435519023aaef44 height=574
2025-10-21T22:31:18Z Saw new cmpctblock header hash=74ee90942ef0b4dbc15a883a46eacef4b1a9be48148ef0eb9435519023aaef44 peer=2
2025-10-21T22:31:18Z UpdateTip: new best=74ee90942ef0b4dbc15a883a46eacef4b1a9be48148ef0eb9435519023aaef44 height=574 version=0x20000000 log2_work=10.167418 tx=7013 date='2025-10-21T22:31:18Z' progress=1.000000 cache=0.3MiB(1933txo)
2025-10-21T22:31:23Z Saw new header hash=425a5d7079f45a446569262cf1f6bf5dfb9f922051c4cf21e36858889e14cf0c height=575
2025-10-21T22:31:23Z Saw new cmpctblock header hash=425a5d7079f45a446569262cf1f6bf5dfb9f922051c4cf21e36858889e14cf0c peer=2
2025-10-21T22:31:23Z UpdateTip: new best=425a5d7079f45a446569262cf1f6bf5dfb9f922051c4cf21e36858889e14cf0c height=575 version=0x20000000 log2_work=10.169925 tx=7044 date='2025-10-21T22:31:23Z' progress=1.000000 cache=0.3MiB(1937txo)
2025-10-21T22:31:28Z Saw new header hash=7f3f972eef6022a1d00d8a64de21ba780421006582e4801903cb106fc118d932 height=576
2025-10-21T22:31:28Z Saw new cmpctblock header hash=7f3f972eef6022a1d00d8a64de21ba780421006582e4801903cb106fc118d932 peer=2
2025-10-21T22:31:28Z UpdateTip: new best=7f3f972eef6022a1d00d8a64de21ba780421006582e4801903cb106fc118d932 height=576 version=0x20000000 log2_work=10.172428 tx=7075 date='2025-10-21T22:31:28Z' progress=1.000000 cache=0.3MiB(1946txo)
2025-10-21T22:31:33Z Saw new header hash=562f6c527b1521df6f262c721afe66d14262fee3edf55eb3cdc7af278bc93254 height=577
2025-10-21T22:31:33Z Saw new cmpctblock header hash=562f6c527b1521df6f262c721afe66d14262fee3edf55eb3cdc7af278bc93254 peer=2
2025-10-21T22:31:33Z UpdateTip: new best=562f6c527b1521df6f262c721afe66d14262fee3edf55eb3cdc7af278bc93254 height=577 version=0x20000000 log2_work=10.174926 tx=7105 date='2025-10-21T22:31:33Z' progress=1.000000 cache=0.3MiB(1966txo)
